Status,Trace,Trace Length,Estimated Value
SUCCESS,Trace 1,24,9.0
SUCCESS,Trace 1,47,40.0
SUCCESS,Trace 1,7,4.0
SUCCESS,Trace 1,9,6.0
SUCCESS,Trace 1,20,18.0
SUCCESS,Trace 1,20,13.0
SUCCESS,Trace 1,17,7.0
SUCCESS,Trace 1,8,6.0
SUCCESS,Trace 1,20,17.0
SUCCESS,Trace 1,62,53.0
SUCCESS,Trace 1,62,41.0
SUCCESS,Trace 1,62,55.0
SUCCESS,Trace 1,45,31.0
SUCCESS,Trace 1,13,0.0
SUCCESS,Trace 1,62,45.0
SUCCESS,Trace 1,26,19.0
FAIL,Trace 1,62,61.0
FAIL,Trace 1,62,61.0
SUCCESS,Trace 1,11,0.0
SUCCESS,Trace 1,62,44.0
SUCCESS,Trace 1,22,13.0
SUCCESS,Trace 1,62,44.0
SUCCESS,Trace 1,23,20.0
SUCCESS,Trace 1,62,46.0
SUCCESS,Trace 1,62,60.0
SUCCESS,Trace 1,7,0.0
SUCCESS,Trace 1,60,45.0
SUCCESS,Trace 1,62,36.0
SUCCESS,Trace 1,11,4.0
SUCCESS,Trace 1,62,59.0
SUCCESS,Trace 1,62,56.0
SUCCESS,Trace 1,62,43.0
SUCCESS,Trace 1,62,53.0
SUCCESS,Trace 1,5,0.0
SUCCESS,Trace 1,32,1.0
SUCCESS,Trace 1,21,17.0
SUCCESS,Trace 1,62,49.0
SUCCESS,Trace 1,62,54.0
SUCCESS,Trace 1,62,45.0
SUCCESS,Trace 1,54,53.0
SUCCESS,Trace 1,62,45.0
SUCCESS,Trace 1,62,47.0
SUCCESS,Trace 1,62,55.0
SUCCESS,Trace 1,44,34.0
SUCCESS,Trace 1,62,38.0
SUCCESS,Trace 1,43,39.0
SUCCESS,Trace 1,62,58.0
SUCCESS,Trace 1,33,28.0
SUCCESS,Trace 1,9,3.0
SUCCESS,Trace 1,38,32.0
SUCCESS,Trace 1,13,10.0
SUCCESS,Trace 1,21,18.0
SUCCESS,Trace 1,24,10.0
SUCCESS,Trace 1,62,56.0
SUCCESS,Trace 1,9,8.0
SUCCESS,Trace 1,59,46.0
SUCCESS,Trace 1,62,59.0
FAIL,Trace 1,62,61.0
FAIL,Trace 1,62,61.0
SUCCESS,Trace 1,19,0.0
SUCCESS,Trace 1,6,4.0
SUCCESS,Trace 1,21,12.0
SUCCESS,Trace 1,62,24.0
SUCCESS,Trace 1,62,60.0
SUCCESS,Trace 1,62,45.0
SUCCESS,Trace 1,11,0.0
SUCCESS,Trace 1,9,7.0
SUCCESS,Trace 1,26,17.0
FAIL,Trace 1,62,61.0
SUCCESS,Trace 1,62,60.0
SUCCESS,Trace 1,12,8.0
SUCCESS,Trace 1,62,53.0
SUCCESS,Trace 1,15,13.0
SUCCESS,Trace 1,62,54.0
SUCCESS,Trace 1,62,44.0
SUCCESS,Trace 1,62,55.0
SUCCESS,Trace 1,35,19.0
SUCCESS,Trace 1,52,39.0
SUCCESS,Trace 1,5,0.0
SUCCESS,Trace 1,62,44.0
SUCCESS,Trace 1,62,28.0
FAIL,Trace 1,62,61.0
SUCCESS,Trace 1,9,0.0
SUCCESS,Trace 1,62,48.0
SUCCESS,Trace 1,62,53.0
SUCCESS,Trace 1,62,57.0
SUCCESS,Trace 1,15,0.0
SUCCESS,Trace 1,5,3.0
SUCCESS,Trace 1,4,2.0
SUCCESS,Trace 1,50,44.0
SUCCESS,Trace 1,14,10.0
SUCCESS,Trace 1,5,1.0
SUCCESS,Trace 1,62,59.0
SUCCESS,Trace 1,5,0.0
SUCCESS,Trace 1,51,48.0
SUCCESS,Trace 1,62,45.0
SUCCESS,Trace 1,13,10.0
SUCCESS,Trace 1,23,21.0
SUCCESS,Trace 1,45,38.0
SUCCESS,Trace 1,11,2.0
SUCCESS,Trace 1,9,5.0
FAIL,Trace 1,62,61.0
SUCCESS,Trace 1,37,28.0
SUCCESS,Trace 1,7,4.0
SUCCESS,Trace 1,18,7.0
SUCCESS,Trace 1,42,34.0
SUCCESS,Trace 1,62,51.0
SUCCESS,Trace 1,53,45.0
SUCCESS,Trace 1,11,9.0
SUCCESS,Trace 1,38,0.0
SUCCESS,Trace 1,62,57.0
SUCCESS,Trace 1,62,59.0
SUCCESS,Trace 1,23,15.0
SUCCESS,Trace 1,9,7.0
SUCCESS,Trace 1,29,17.0
SUCCESS,Trace 1,62,56.0
SUCCESS,Trace 1,6,4.0
SUCCESS,Trace 1,62,52.0
SUCCESS,Trace 1,41,34.0
SUCCESS,Trace 1,62,52.0
SUCCESS,Trace 1,26,24.0
SUCCESS,Trace 1,34,33.0
FAIL,Trace 1,62,61.0
SUCCESS,Trace 1,30,20.0
SUCCESS,Trace 1,62,50.0
SUCCESS,Trace 1,35,32.0
SUCCESS,Trace 1,24,1.0
SUCCESS,Trace 1,62,54.0
SUCCESS,Trace 1,62,49.0
SUCCESS,Trace 1,59,58.0
SUCCESS,Trace 1,62,41.0
SUCCESS,Trace 1,26,12.0
SUCCESS,Trace 1,62,56.0
SUCCESS,Trace 1,10,9.0
SUCCESS,Trace 1,12,2.0
SUCCESS,Trace 1,62,55.0
SUCCESS,Trace 1,20,17.0
SUCCESS,Trace 1,36,32.0
SUCCESS,Trace 1,62,57.0
SUCCESS,Trace 1,62,41.0
SUCCESS,Trace 1,62,59.0
SUCCESS,Trace 1,48,39.0
SUCCESS,Trace 1,50,40.0
SUCCESS,Trace 1,20,19.0
FAIL,Trace 1,62,61.0
SUCCESS,Trace 1,44,38.0
SUCCESS,Trace 1,62,48.0
SUCCESS,Trace 1,58,50.0
FAIL,Trace 1,62,61.0
SUCCESS,Trace 1,9,7.0
SUCCESS,Trace 1,62,50.0
SUCCESS,Trace 1,62,56.0
SUCCESS,Trace 1,17,3.0
SUCCESS,Trace 1,44,28.0
SUCCESS,Trace 1,62,48.0
SUCCESS,Trace 1,62,44.0
SUCCESS,Trace 1,62,54.0
SUCCESS,Trace 1,33,32.0
SUCCESS,Trace 1,62,47.0
SUCCESS,Trace 1,62,53.0
SUCCESS,Trace 1,5,3.0
SUCCESS,Trace 1,62,47.0
SUCCESS,Trace 1,62,55.0
SUCCESS,Trace 1,16,14.0
SUCCESS,Trace 1,62,58.0
SUCCESS,Trace 1,33,30.0
SUCCESS,Trace 1,53,41.0
SUCCESS,Trace 1,15,5.0
SUCCESS,Trace 1,60,29.0
SUCCESS,Trace 1,62,60.0
SUCCESS,Trace 1,62,53.0
SUCCESS,Trace 1,12,11.0
SUCCESS,Trace 1,23,5.0
SUCCESS,Trace 1,15,4.0
SUCCESS,Trace 1,20,13.0
SUCCESS,Trace 1,12,4.0
SUCCESS,Trace 1,33,18.0
SUCCESS,Trace 1,34,22.0
SUCCESS,Trace 1,62,59.0
SUCCESS,Trace 1,33,30.0
SUCCESS,Trace 1,10,0.0
SUCCESS,Trace 1,62,57.0
SUCCESS,Trace 1,62,53.0
SUCCESS,Trace 1,62,0.0
SUCCESS,Trace 1,11,8.0
SUCCESS,Trace 1,62,53.0
SUCCESS,Trace 1,62,37.0
SUCCESS,Trace 1,10,3.0
SUCCESS,Trace 1,17,8.0
SUCCESS,Trace 1,62,60.0
SUCCESS,Trace 1,62,59.0
SUCCESS,Trace 1,62,60.0
SUCCESS,Trace 1,54,22.0
SUCCESS,Trace 1,9,7.0
SUCCESS,Trace 1,62,60.0
SUCCESS,Trace 1,62,46.0
SUCCESS,Trace 1,41,38.0
SUCCESS,Trace 1,62,55.0
SUCCESS,Trace 1,40,22.0
SUCCESS,Trace 1,62,49.0
SUCCESS,Trace 1,22,3.0
SUCCESS,Trace 1,62,59.0
SUCCESS,Trace 1,62,57.0
FAIL,Trace 1,62,61.0
SUCCESS,Trace 1,17,12.0
SUCCESS,Trace 1,62,57.0
FAIL,Trace 1,62,61.0
SUCCESS,Trace 1,19,9.0
SUCCESS,Trace 1,62,54.0
SUCCESS,Trace 1,62,60.0
SUCCESS,Trace 1,35,31.0
SUCCESS,Trace 1,57,37.0
SUCCESS,Trace 1,62,55.0
SUCCESS,Trace 1,26,16.0
SUCCESS,Trace 1,62,53.0
SUCCESS,Trace 1,8,7.0
SUCCESS,Trace 1,28,24.0
SUCCESS,Trace 1,62,56.0
SUCCESS,Trace 1,62,46.0
SUCCESS,Trace 1,24,14.0
SUCCESS,Trace 1,61,48.0
SUCCESS,Trace 1,32,23.0
SUCCESS,Trace 1,19,12.0
SUCCESS,Trace 1,15,0.0
SUCCESS,Trace 1,49,41.0
SUCCESS,Trace 1,47,31.0
SUCCESS,Trace 1,39,0.0
SUCCESS,Trace 1,62,54.0
SUCCESS,Trace 1,62,54.0
SUCCESS,Trace 1,62,45.0
SUCCESS,Trace 1,62,57.0
SUCCESS,Trace 1,26,23.0
SUCCESS,Trace 1,11,9.0
SUCCESS,Trace 1,15,0.0
SUCCESS,Trace 1,41,38.0
SUCCESS,Trace 1,16,13.0
SUCCESS,Trace 1,36,29.0
SUCCESS,Trace 1,62,60.0
SUCCESS,Trace 1,11,8.0
SUCCESS,Trace 1,34,13.0
SUCCESS,Trace 1,20,17.0
SUCCESS,Trace 1,35,27.0
SUCCESS,Trace 1,7,2.0
SUCCESS,Trace 1,62,42.0
SUCCESS,Trace 1,62,44.0
SUCCESS,Trace 1,13,10.0
SUCCESS,Trace 1,26,18.0
SUCCESS,Trace 1,52,50.0
SUCCESS,Trace 1,15,14.0
SUCCESS,Trace 1,16,14.0
SUCCESS,Trace 1,8,6.0
SUCCESS,Trace 1,10,1.0
SUCCESS,Trace 1,53,49.0
SUCCESS,Trace 1,62,45.0
SUCCESS,Trace 1,62,48.0
SUCCESS,Trace 1,16,5.0
SUCCESS,Trace 1,17,9.0
SUCCESS,Trace 1,32,20.0
SUCCESS,Trace 1,53,18.0
SUCCESS,Trace 1,62,59.0
SUCCESS,Trace 1,62,60.0
SUCCESS,Trace 1,10,0.0
SUCCESS,Trace 1,30,29.0
SUCCESS,Trace 1,62,59.0
SUCCESS,Trace 1,15,5.0
SUCCESS,Trace 1,14,1.0
SUCCESS,Trace 1,50,33.0
SUCCESS,Trace 1,62,60.0
SUCCESS,Trace 1,7,4.0
SUCCESS,Trace 1,62,35.0
SUCCESS,Trace 1,62,39.0
SUCCESS,Trace 1,11,9.0
SUCCESS,Trace 1,16,14.0
SUCCESS,Trace 1,10,9.0
SUCCESS,Trace 1,9,6.0
SUCCESS,Trace 1,62,49.0
SUCCESS,Trace 1,22,21.0
SUCCESS,Trace 1,62,36.0
SUCCESS,Trace 1,16,0.0
SUCCESS,Trace 1,62,57.0
SUCCESS,Trace 1,62,40.0
SUCCESS,Trace 1,5,0.0
SUCCESS,Trace 1,16,2.0
SUCCESS,Trace 1,11,9.0
SUCCESS,Trace 1,42,41.0
SUCCESS,Trace 1,25,21.0
SUCCESS,Trace 1,62,45.0
FAIL,Trace 1,62,61.0
SUCCESS,Trace 1,31,29.0
SUCCESS,Trace 1,8,5.0
SUCCESS,Trace 1,62,44.0
SUCCESS,Trace 1,6,2.0
SUCCESS,Trace 1,14,13.0
SUCCESS,Trace 1,62,51.0
SUCCESS,Trace 1,59,58.0
SUCCESS,Trace 1,46,25.0
SUCCESS,Trace 1,50,38.0
SUCCESS,Trace 1,10,0.0
FAIL,Trace 1,62,61.0
SUCCESS,Trace 1,62,59.0
SUCCESS,Trace 1,62,60.0
SUCCESS,Trace 1,9,0.0
SUCCESS,Trace 1,62,40.0
SUCCESS,Trace 1,62,50.0
SUCCESS,Trace 1,62,54.0
FAIL,Trace 1,62,61.0
SUCCESS,Trace 1,19,15.0
SUCCESS,Trace 1,48,43.0
SUCCESS,Trace 1,14,12.0
SUCCESS,Trace 1,10,0.0
SUCCESS,Trace 1,14,0.0
SUCCESS,Trace 1,24,6.0
FAIL,Trace 1,62,61.0
SUCCESS,Trace 1,62,59.0
SUCCESS,Trace 1,62,59.0
SUCCESS,Trace 1,10,6.0
SUCCESS,Trace 1,10,0.0
SUCCESS,Trace 1,11,8.0
SUCCESS,Trace 1,62,44.0
SUCCESS,Trace 1,62,53.0
SUCCESS,Trace 1,62,50.0
SUCCESS,Trace 1,62,50.0
SUCCESS,Trace 1,7,0.0
SUCCESS,Trace 1,55,35.0
SUCCESS,Trace 1,46,31.0
SUCCESS,Trace 1,16,5.0
SUCCESS,Trace 1,7,0.0
SUCCESS,Trace 1,11,10.0
SUCCESS,Trace 1,62,58.0
FAIL,Trace 1,62,61.0
SUCCESS,Trace 1,25,22.0
SUCCESS,Trace 1,46,18.0
SUCCESS,Trace 1,20,12.0
SUCCESS,Trace 1,62,48.0
SUCCESS,Trace 1,62,48.0
SUCCESS,Trace 1,62,48.0
SUCCESS,Trace 1,62,57.0
SUCCESS,Trace 1,8,6.0
SUCCESS,Trace 1,16,14.0
SUCCESS,Trace 1,62,59.0
SUCCESS,Trace 1,62,54.0
SUCCESS,Trace 1,6,0.0
SUCCESS,Trace 1,62,53.0
SUCCESS,Trace 1,15,0.0
SUCCESS,Trace 1,24,13.0
SUCCESS,Trace 1,32,17.0
SUCCESS,Trace 1,62,46.0
SUCCESS,Trace 1,61,58.0
SUCCESS,Trace 1,62,49.0
SUCCESS,Trace 1,62,60.0
SUCCESS,Trace 1,62,41.0
SUCCESS,Trace 1,18,4.0
SUCCESS,Trace 1,11,0.0
SUCCESS,Trace 1,62,60.0
SUCCESS,Trace 1,9,0.0
FAIL,Trace 1,62,61.0
SUCCESS,Trace 1,41,39.0
SUCCESS,Trace 1,62,50.0
SUCCESS,Trace 1,62,45.0
SUCCESS,Trace 1,30,13.0
SUCCESS,Trace 1,62,47.0
SUCCESS,Trace 1,14,13.0
SUCCESS,Trace 1,9,3.0
FAIL,Trace 1,62,61.0
SUCCESS,Trace 1,31,28.0
SUCCESS,Trace 1,41,37.0
SUCCESS,Trace 1,62,58.0
SUCCESS,Trace 1,62,59.0
SUCCESS,Trace 1,24,10.0
SUCCESS,Trace 1,62,53.0
SUCCESS,Trace 1,62,58.0
SUCCESS,Trace 1,62,51.0
SUCCESS,Trace 1,20,10.0
SUCCESS,Trace 1,62,48.0
SUCCESS,Trace 1,35,31.0
SUCCESS,Trace 1,37,10.0
SUCCESS,Trace 1,26,24.0
SUCCESS,Trace 1,48,47.0
SUCCESS,Trace 1,33,2.0
SUCCESS,Trace 1,24,2.0
SUCCESS,Trace 1,62,59.0
SUCCESS,Trace 1,17,9.0
SUCCESS,Trace 1,62,59.0
SUCCESS,Trace 1,14,12.0
SUCCESS,Trace 1,62,60.0
SUCCESS,Trace 1,7,5.0
SUCCESS,Trace 1,62,50.0
SUCCESS,Trace 1,62,45.0
SUCCESS,Trace 1,46,31.0
SUCCESS,Trace 1,19,0.0
SUCCESS,Trace 1,23,2.0
SUCCESS,Trace 1,62,60.0
SUCCESS,Trace 1,20,13.0
SUCCESS,Trace 1,62,59.0
SUCCESS,Trace 1,52,48.0
SUCCESS,Trace 1,62,60.0
SUCCESS,Trace 1,62,53.0
SUCCESS,Trace 1,62,59.0
SUCCESS,Trace 1,11,0.0
SUCCESS,Trace 1,12,0.0
SUCCESS,Trace 1,62,40.0
SUCCESS,Trace 1,62,60.0
SUCCESS,Trace 1,62,55.0
SUCCESS,Trace 1,62,58.0
SUCCESS,Trace 1,62,59.0
SUCCESS,Trace 1,62,48.0
SUCCESS,Trace 1,12,9.0
SUCCESS,Trace 1,62,49.0
SUCCESS,Trace 1,62,59.0
SUCCESS,Trace 1,22,20.0
SUCCESS,Trace 1,62,46.0
SUCCESS,Trace 1,42,29.0
FAIL,Trace 1,62,61.0
SUCCESS,Trace 1,62,60.0
SUCCESS,Trace 1,8,2.0
SUCCESS,Trace 1,24,17.0
FAIL,Trace 1,62,61.0
SUCCESS,Trace 1,33,20.0
SUCCESS,Trace 1,18,10.0
SUCCESS,Trace 1,62,41.0
SUCCESS,Trace 1,62,51.0
SUCCESS,Trace 1,62,59.0
SUCCESS,Trace 1,31,24.0
SUCCESS,Trace 1,62,54.0
SUCCESS,Trace 1,30,19.0
SUCCESS,Trace 1,9,0.0
SUCCESS,Trace 1,13,2.0
SUCCESS,Trace 1,62,55.0
FAIL,Trace 1,62,61.0
SUCCESS,Trace 1,17,16.0
SUCCESS,Trace 1,20,0.0
SUCCESS,Trace 1,20,19.0
SUCCESS,Trace 1,14,12.0
SUCCESS,Trace 1,12,2.0
SUCCESS,Trace 1,23,0.0
SUCCESS,Trace 1,20,13.0
SUCCESS,Trace 1,62,50.0
SUCCESS,Trace 1,8,6.0
SUCCESS,Trace 1,62,60.0
SUCCESS,Trace 1,16,14.0
SUCCESS,Trace 1,22,4.0
SUCCESS,Trace 1,23,22.0
SUCCESS,Trace 1,62,42.0
SUCCESS,Trace 1,14,0.0
SUCCESS,Trace 1,54,37.0
SUCCESS,Trace 1,12,10.0
SUCCESS,Trace 1,62,49.0
SUCCESS,Trace 1,62,58.0
SUCCESS,Trace 1,18,16.0
SUCCESS,Trace 1,62,59.0
SUCCESS,Trace 1,62,46.0
SUCCESS,Trace 1,5,0.0
SUCCESS,Trace 1,62,38.0
SUCCESS,Trace 1,62,55.0
SUCCESS,Trace 1,62,60.0
SUCCESS,Trace 1,62,53.0
SUCCESS,Trace 1,13,0.0
SUCCESS,Trace 1,62,59.0
SUCCESS,Trace 1,62,48.0
SUCCESS,Trace 1,17,6.0
SUCCESS,Trace 1,62,43.0
SUCCESS,Trace 1,44,30.0
SUCCESS,Trace 1,13,12.0
SUCCESS,Trace 1,41,38.0
SUCCESS,Trace 1,8,7.0
SUCCESS,Trace 1,41,27.0
SUCCESS,Trace 1,58,19.0
SUCCESS,Trace 1,62,60.0
SUCCESS,Trace 1,34,6.0
SUCCESS,Trace 1,13,11.0
SUCCESS,Trace 1,13,11.0
SUCCESS,Trace 1,25,17.0
SUCCESS,Trace 1,16,8.0
SUCCESS,Trace 1,15,11.0
SUCCESS,Trace 1,62,36.0
SUCCESS,Trace 1,62,57.0
SUCCESS,Trace 1,62,59.0
SUCCESS,Trace 1,62,60.0
SUCCESS,Trace 1,62,60.0
SUCCESS,Trace 1,62,52.0
SUCCESS,Trace 1,36,15.0
SUCCESS,Trace 1,62,49.0
SUCCESS,Trace 1,62,60.0
SUCCESS,Trace 1,37,10.0
SUCCESS,Trace 1,26,24.0
SUCCESS,Trace 1,62,54.0
SUCCESS,Trace 1,13,4.0
SUCCESS,Trace 1,16,8.0
SUCCESS,Trace 1,8,0.0
SUCCESS,Trace 1,16,14.0
SUCCESS,Trace 1,19,2.0
SUCCESS,Trace 1,11,10.0
SUCCESS,Trace 1,62,58.0
SUCCESS,Trace 1,15,0.0
FAIL,Trace 1,62,61.0
SUCCESS,Trace 1,21,16.0
SUCCESS,Trace 1,17,5.0
SUCCESS,Trace 1,8,2.0
SUCCESS,Trace 1,62,51.0
SUCCESS,Trace 1,48,35.0
SUCCESS,Trace 1,62,56.0
SUCCESS,Trace 1,33,25.0
SUCCESS,Trace 1,25,6.0
SUCCESS,Trace 1,62,50.0
SUCCESS,Trace 1,13,11.0
SUCCESS,Trace 1,5,1.0
SUCCESS,Trace 1,62,60.0
SUCCESS,Trace 1,32,25.0
SUCCESS,Trace 1,40,26.0
SUCCESS,Trace 1,62,43.0
SUCCESS,Trace 1,35,28.0
SUCCESS,Trace 1,18,17.0
SUCCESS,Trace 1,62,47.0
SUCCESS,Trace 1,62,49.0
SUCCESS,Trace 1,9,2.0
SUCCESS,Trace 1,13,6.0
SUCCESS,Trace 1,43,31.0
SUCCESS,Trace 1,5,2.0
SUCCESS,Trace 1,17,3.0
SUCCESS,Trace 1,28,26.0
SUCCESS,Trace 1,62,60.0
SUCCESS,Trace 1,32,24.0
SUCCESS,Trace 1,62,45.0
SUCCESS,Trace 1,62,54.0
SUCCESS,Trace 1,62,55.0
SUCCESS,Trace 1,40,38.0
SUCCESS,Trace 1,62,53.0
SUCCESS,Trace 1,41,30.0
SUCCESS,Trace 1,62,56.0
SUCCESS,Trace 1,24,13.0
FAIL,Trace 1,62,61.0
SUCCESS,Trace 1,11,4.0
SUCCESS,Trace 1,26,8.0
SUCCESS,Trace 1,62,54.0
SUCCESS,Trace 1,31,8.0
SUCCESS,Trace 1,62,44.0
SUCCESS,Trace 1,62,60.0
SUCCESS,Trace 1,62,57.0
SUCCESS,Trace 1,62,46.0
SUCCESS,Trace 1,29,27.0
SUCCESS,Trace 1,62,54.0
SUCCESS,Trace 1,4,2.0
SUCCESS,Trace 1,8,6.0
SUCCESS,Trace 1,45,31.0
SUCCESS,Trace 1,50,30.0
SUCCESS,Trace 1,62,22.0
SUCCESS,Trace 1,28,19.0
SUCCESS,Trace 1,25,16.0
SUCCESS,Trace 1,62,43.0
SUCCESS,Trace 1,15,7.0
SUCCESS,Trace 1,62,55.0
FAIL,Trace 1,62,61.0
SUCCESS,Trace 1,10,7.0
SUCCESS,Trace 1,62,59.0
SUCCESS,Trace 1,14,8.0
SUCCESS,Trace 1,7,3.0
SUCCESS,Trace 1,9,5.0
SUCCESS,Trace 1,62,53.0
SUCCESS,Trace 1,62,60.0
SUCCESS,Trace 1,62,60.0
FAIL,Trace 1,62,61.0
SUCCESS,Trace 1,62,60.0
SUCCESS,Trace 1,30,27.0
SUCCESS,Trace 1,43,31.0
SUCCESS,Trace 1,30,28.0
SUCCESS,Trace 1,62,59.0
SUCCESS,Trace 1,62,55.0
SUCCESS,Trace 1,11,8.0
SUCCESS,Trace 1,25,10.0
SUCCESS,Trace 1,62,29.0
SUCCESS,Trace 1,62,54.0
SUCCESS,Trace 1,62,53.0
SUCCESS,Trace 1,62,47.0
SUCCESS,Trace 1,24,19.0
SUCCESS,Trace 1,11,3.0
SUCCESS,Trace 1,55,41.0
SUCCESS,Trace 1,62,60.0
SUCCESS,Trace 1,62,44.0
SUCCESS,Trace 1,10,7.0
SUCCESS,Trace 1,9,0.0
SUCCESS,Trace 1,10,7.0
FAIL,Trace 1,62,61.0
SUCCESS,Trace 1,60,47.0
SUCCESS,Trace 1,62,55.0
SUCCESS,Trace 1,51,49.0
SUCCESS,Trace 1,11,9.0
SUCCESS,Trace 1,9,8.0
SUCCESS,Trace 1,8,0.0
SUCCESS,Trace 1,62,59.0
SUCCESS,Trace 1,62,60.0
SUCCESS,Trace 1,8,6.0
SUCCESS,Trace 1,62,59.0
SUCCESS,Trace 1,35,8.0
FAIL,Trace 1,62,61.0
SUCCESS,Trace 1,29,20.0
SUCCESS,Trace 1,62,48.0
SUCCESS,Trace 1,62,27.0
SUCCESS,Trace 1,47,42.0
SUCCESS,Trace 1,15,14.0
SUCCESS,Trace 1,20,0.0
SUCCESS,Trace 1,62,27.0
SUCCESS,Trace 1,8,4.0
SUCCESS,Trace 1,12,2.0
SUCCESS,Trace 1,54,36.0
SUCCESS,Trace 1,32,8.0
SUCCESS,Trace 1,62,57.0
SUCCESS,Trace 1,13,0.0
SUCCESS,Trace 1,62,54.0
SUCCESS,Trace 1,31,27.0
SUCCESS,Trace 1,48,22.0
SUCCESS,Trace 1,14,5.0
SUCCESS,Trace 1,37,21.0
SUCCESS,Trace 1,12,3.0
SUCCESS,Trace 1,13,11.0
SUCCESS,Trace 1,14,0.0
SUCCESS,Trace 1,28,19.0
SUCCESS,Trace 1,17,10.0
SUCCESS,Trace 1,28,25.0
FAIL,Trace 1,62,61.0
SUCCESS,Trace 1,62,54.0
SUCCESS,Trace 1,18,10.0
SUCCESS,Trace 1,15,14.0
SUCCESS,Trace 1,62,53.0
SUCCESS,Trace 1,11,9.0
SUCCESS,Trace 1,62,54.0
SUCCESS,Trace 1,62,49.0
SUCCESS,Trace 1,35,31.0
SUCCESS,Trace 1,21,19.0
SUCCESS,Trace 1,50,29.0
SUCCESS,Trace 1,11,5.0
SUCCESS,Trace 1,62,53.0
SUCCESS,Trace 1,62,42.0
SUCCESS,Trace 1,62,58.0
SUCCESS,Trace 1,62,58.0
SUCCESS,Trace 1,14,0.0
SUCCESS,Trace 1,11,0.0
SUCCESS,Trace 1,32,13.0
SUCCESS,Trace 1,48,42.0
SUCCESS,Trace 1,62,58.0
SUCCESS,Trace 1,62,59.0
SUCCESS,Trace 1,23,20.0
SUCCESS,Trace 1,62,59.0
SUCCESS,Trace 1,62,60.0
SUCCESS,Trace 1,14,7.0
SUCCESS,Trace 1,34,22.0
SUCCESS,Trace 1,62,59.0
SUCCESS,Trace 1,62,53.0
SUCCESS,Trace 1,62,57.0
SUCCESS,Trace 1,15,5.0
SUCCESS,Trace 1,16,0.0
SUCCESS,Trace 1,62,60.0
SUCCESS,Trace 1,25,0.0
SUCCESS,Trace 1,11,3.0
SUCCESS,Trace 1,19,10.0
SUCCESS,Trace 1,26,20.0
SUCCESS,Trace 1,62,44.0
SUCCESS,Trace 1,62,60.0
SUCCESS,Trace 1,62,57.0
SUCCESS,Trace 1,62,59.0
SUCCESS,Trace 1,30,28.0
SUCCESS,Trace 1,62,37.0
SUCCESS,Trace 1,62,49.0
SUCCESS,Trace 1,62,38.0
SUCCESS,Trace 1,57,36.0
SUCCESS,Trace 1,24,10.0
SUCCESS,Trace 1,54,49.0
SUCCESS,Trace 1,14,0.0
SUCCESS,Trace 1,37,18.0
SUCCESS,Trace 1,62,59.0
SUCCESS,Trace 1,38,21.0
SUCCESS,Trace 1,28,18.0
SUCCESS,Trace 1,11,7.0
SUCCESS,Trace 1,62,59.0
SUCCESS,Trace 1,62,60.0
SUCCESS,Trace 1,27,24.0
SUCCESS,Trace 1,62,60.0
SUCCESS,Trace 1,16,15.0
SUCCESS,Trace 1,37,30.0
SUCCESS,Trace 1,62,47.0
SUCCESS,Trace 1,13,11.0
SUCCESS,Trace 1,57,55.0
SUCCESS,Trace 1,9,3.0
SUCCESS,Trace 1,62,53.0
SUCCESS,Trace 1,8,3.0
SUCCESS,Trace 1,62,50.0
SUCCESS,Trace 1,12,7.0
SUCCESS,Trace 1,9,8.0
SUCCESS,Trace 1,62,54.0
SUCCESS,Trace 1,39,27.0
SUCCESS,Trace 1,62,59.0
SUCCESS,Trace 1,20,12.0
SUCCESS,Trace 1,9,6.0
SUCCESS,Trace 1,62,51.0
SUCCESS,Trace 1,40,24.0
FAIL,Trace 1,62,61.0
SUCCESS,Trace 1,16,13.0
SUCCESS,Trace 1,62,53.0
SUCCESS,Trace 1,24,17.0
SUCCESS,Trace 1,35,3.0
SUCCESS,Trace 1,62,60.0
SUCCESS,Trace 1,21,7.0
SUCCESS,Trace 1,18,0.0
SUCCESS,Trace 1,62,56.0
SUCCESS,Trace 1,34,0.0
SUCCESS,Trace 1,62,60.0
SUCCESS,Trace 1,62,60.0
SUCCESS,Trace 1,26,16.0
SUCCESS,Trace 1,50,21.0
SUCCESS,Trace 1,56,50.0
SUCCESS,Trace 1,62,53.0
SUCCESS,Trace 1,62,59.0
SUCCESS,Trace 1,59,31.0
SUCCESS,Trace 1,33,19.0
SUCCESS,Trace 1,39,37.0
SUCCESS,Trace 1,62,57.0
SUCCESS,Trace 1,31,17.0
SUCCESS,Trace 1,44,42.0
SUCCESS,Trace 1,32,25.0
SUCCESS,Trace 1,21,20.0
SUCCESS,Trace 1,25,23.0
SUCCESS,Trace 1,42,34.0
SUCCESS,Trace 1,8,0.0
SUCCESS,Trace 1,62,55.0
SUCCESS,Trace 1,14,0.0
SUCCESS,Trace 1,62,49.0
SUCCESS,Trace 1,28,15.0
SUCCESS,Trace 1,21,19.0
SUCCESS,Trace 1,29,26.0
SUCCESS,Trace 1,62,52.0
SUCCESS,Trace 1,15,12.0
SUCCESS,Trace 1,10,7.0
SUCCESS,Trace 1,15,4.0
SUCCESS,Trace 1,16,13.0
SUCCESS,Trace 1,16,14.0
SUCCESS,Trace 1,62,47.0
FAIL,Trace 1,62,61.0
SUCCESS,Trace 1,62,58.0
SUCCESS,Trace 1,62,60.0
SUCCESS,Trace 1,62,44.0
SUCCESS,Trace 1,24,16.0
SUCCESS,Trace 1,37,36.0
SUCCESS,Trace 1,41,39.0
SUCCESS,Trace 1,62,56.0
SUCCESS,Trace 1,12,10.0
SUCCESS,Trace 1,62,60.0
SUCCESS,Trace 1,25,22.0
SUCCESS,Trace 1,62,57.0
SUCCESS,Trace 1,52,31.0
SUCCESS,Trace 1,7,2.0
SUCCESS,Trace 1,52,38.0
SUCCESS,Trace 1,8,0.0
SUCCESS,Trace 1,36,32.0
SUCCESS,Trace 1,10,3.0
SUCCESS,Trace 1,56,31.0
SUCCESS,Trace 1,62,59.0
SUCCESS,Trace 1,30,21.0
SUCCESS,Trace 1,28,9.0
SUCCESS,Trace 1,62,59.0
SUCCESS,Trace 1,11,2.0
SUCCESS,Trace 1,14,0.0
SUCCESS,Trace 1,5,3.0
SUCCESS,Trace 1,48,46.0
FAIL,Trace 1,62,61.0
SUCCESS,Trace 1,12,9.0
SUCCESS,Trace 1,45,42.0
SUCCESS,Trace 1,62,47.0
SUCCESS,Trace 1,39,32.0
SUCCESS,Trace 1,62,60.0
SUCCESS,Trace 1,62,43.0
SUCCESS,Trace 1,62,49.0
SUCCESS,Trace 1,62,58.0
SUCCESS,Trace 1,62,48.0
SUCCESS,Trace 1,14,0.0
SUCCESS,Trace 1,20,15.0
SUCCESS,Trace 1,62,59.0
SUCCESS,Trace 1,11,0.0
SUCCESS,Trace 1,35,18.0
SUCCESS,Trace 1,62,58.0
SUCCESS,Trace 1,14,11.0
SUCCESS,Trace 1,62,48.0
SUCCESS,Trace 1,62,56.0
SUCCESS,Trace 1,12,11.0
FAIL,Trace 1,62,61.0
SUCCESS,Trace 1,62,52.0
SUCCESS,Trace 1,44,29.0
SUCCESS,Trace 1,13,2.0
SUCCESS,Trace 1,7,0.0
SUCCESS,Trace 1,50,34.0
SUCCESS,Trace 1,25,17.0
SUCCESS,Trace 1,33,26.0
SUCCESS,Trace 1,11,2.0
SUCCESS,Trace 1,13,0.0
SUCCESS,Trace 1,28,4.0
SUCCESS,Trace 1,62,59.0
SUCCESS,Trace 1,52,41.0
SUCCESS,Trace 1,6,4.0
SUCCESS,Trace 1,49,48.0
SUCCESS,Trace 1,18,16.0
SUCCESS,Trace 1,41,38.0
FAIL,Trace 1,62,61.0
SUCCESS,Trace 1,62,50.0
FAIL,Trace 1,62,61.0
SUCCESS,Trace 1,5,2.0
SUCCESS,Trace 1,62,55.0
SUCCESS,Trace 1,62,59.0
SUCCESS,Trace 1,25,12.0
SUCCESS,Trace 1,56,47.0
SUCCESS,Trace 1,62,60.0
SUCCESS,Trace 1,48,28.0
FAIL,Trace 1,62,61.0
SUCCESS,Trace 1,19,2.0
SUCCESS,Trace 1,19,17.0
SUCCESS,Trace 1,62,60.0
SUCCESS,Trace 1,21,20.0
SUCCESS,Trace 1,11,8.0
SUCCESS,Trace 1,62,55.0
SUCCESS,Trace 1,62,46.0
SUCCESS,Trace 1,47,33.0
SUCCESS,Trace 1,62,52.0
SUCCESS,Trace 1,62,29.0
SUCCESS,Trace 1,62,41.0
SUCCESS,Trace 1,52,42.0
SUCCESS,Trace 1,62,51.0
SUCCESS,Trace 1,15,11.0
SUCCESS,Trace 1,62,54.0
SUCCESS,Trace 1,28,25.0
SUCCESS,Trace 1,20,10.0
SUCCESS,Trace 1,40,27.0
SUCCESS,Trace 1,19,17.0
SUCCESS,Trace 1,8,7.0
SUCCESS,Trace 1,62,53.0
FAIL,Trace 1,62,61.0
SUCCESS,Trace 1,29,21.0
SUCCESS,Trace 1,12,11.0
SUCCESS,Trace 1,9,8.0
SUCCESS,Trace 1,28,21.0
SUCCESS,Trace 1,62,59.0
SUCCESS,Trace 1,62,58.0
SUCCESS,Trace 1,46,44.0
SUCCESS,Trace 1,62,55.0
SUCCESS,Trace 1,50,40.0
SUCCESS,Trace 1,23,11.0
SUCCESS,Trace 1,10,0.0
SUCCESS,Trace 1,38,34.0
FAIL,Trace 1,62,61.0
SUCCESS,Trace 1,62,50.0
SUCCESS,Trace 1,62,46.0
SUCCESS,Trace 1,32,19.0
SUCCESS,Trace 1,37,35.0
SUCCESS,Trace 1,62,58.0
SUCCESS,Trace 1,10,4.0
SUCCESS,Trace 1,44,23.0
SUCCESS,Trace 1,62,25.0
SUCCESS,Trace 1,17,15.0
SUCCESS,Trace 1,28,27.0
SUCCESS,Trace 1,62,59.0
SUCCESS,Trace 1,62,51.0
SUCCESS,Trace 1,62,50.0
FAIL,Trace 1,62,61.0
SUCCESS,Trace 1,16,6.0
SUCCESS,Trace 1,62,40.0
SUCCESS,Trace 1,9,2.0
SUCCESS,Trace 1,62,51.0
SUCCESS,Trace 1,62,60.0
SUCCESS,Trace 1,62,10.0
SUCCESS,Trace 1,62,59.0
SUCCESS,Trace 1,15,2.0
SUCCESS,Trace 1,62,45.0
SUCCESS,Trace 1,12,0.0
SUCCESS,Trace 1,42,40.0
SUCCESS,Trace 1,62,55.0
SUCCESS,Trace 1,42,24.0
SUCCESS,Trace 1,44,42.0
SUCCESS,Trace 1,12,9.0
SUCCESS,Trace 1,7,0.0
SUCCESS,Trace 1,28,19.0
SUCCESS,Trace 1,62,49.0
SUCCESS,Trace 1,19,18.0
SUCCESS,Trace 1,19,12.0
SUCCESS,Trace 1,8,0.0
SUCCESS,Trace 1,62,32.0
SUCCESS,Trace 1,62,44.0
SUCCESS,Trace 1,62,57.0
SUCCESS,Trace 1,43,38.0
SUCCESS,Trace 1,62,60.0
SUCCESS,Trace 1,62,54.0
FAIL,Trace 1,62,61.0
SUCCESS,Trace 1,24,14.0
SUCCESS,Trace 1,59,47.0
SUCCESS,Trace 1,62,42.0
SUCCESS,Trace 1,26,24.0
SUCCESS,Trace 1,34,20.0
SUCCESS,Trace 1,23,21.0
SUCCESS,Trace 1,42,23.0
SUCCESS,Trace 1,62,58.0
SUCCESS,Trace 1,28,21.0
SUCCESS,Trace 1,62,38.0
SUCCESS,Trace 1,16,0.0
SUCCESS,Trace 1,62,43.0
FAIL,Trace 1,62,61.0
SUCCESS,Trace 1,33,23.0
SUCCESS,Trace 1,40,37.0
FAIL,Trace 1,62,61.0
SUCCESS,Trace 1,32,17.0
SUCCESS,Trace 1,62,58.0
SUCCESS,Trace 1,62,36.0
SUCCESS,Trace 1,62,60.0
SUCCESS,Trace 1,48,27.0
SUCCESS,Trace 1,62,22.0
SUCCESS,Trace 1,18,17.0
SUCCESS,Trace 1,60,55.0
FAIL,Trace 1,62,61.0
SUCCESS,Trace 1,12,4.0
SUCCESS,Trace 1,62,50.0
SUCCESS,Trace 1,16,3.0
SUCCESS,Trace 1,12,8.0
SUCCESS,Trace 1,62,60.0
SUCCESS,Trace 1,8,7.0
SUCCESS,Trace 1,28,20.0
SUCCESS,Trace 1,62,51.0
SUCCESS,Trace 1,56,47.0
SUCCESS,Trace 1,13,11.0
SUCCESS,Trace 1,17,0.0
SUCCESS,Trace 1,35,33.0
SUCCESS,Trace 1,12,11.0
SUCCESS,Trace 1,17,11.0
SUCCESS,Trace 1,62,57.0
FAIL,Trace 1,62,61.0
SUCCESS,Trace 1,30,0.0
SUCCESS,Trace 1,15,11.0
SUCCESS,Trace 1,30,15.0
SUCCESS,Trace 1,10,8.0
SUCCESS,Trace 1,15,8.0
SUCCESS,Trace 1,62,58.0
SUCCESS,Trace 1,62,55.0
SUCCESS,Trace 1,62,59.0
SUCCESS,Trace 1,62,48.0
SUCCESS,Trace 1,62,28.0
SUCCESS,Trace 1,62,53.0
SUCCESS,Trace 1,62,17.0
SUCCESS,Trace 1,62,53.0
SUCCESS,Trace 1,19,7.0
SUCCESS,Trace 1,14,0.0
SUCCESS,Trace 1,16,5.0
FAIL,Trace 1,62,61.0
SUCCESS,Trace 1,26,23.0
FAIL,Trace 1,62,61.0
SUCCESS,Trace 1,5,2.0
SUCCESS,Trace 1,28,27.0
SUCCESS,Trace 1,31,19.0
SUCCESS,Trace 1,50,39.0
SUCCESS,Trace 1,62,58.0
SUCCESS,Trace 1,62,60.0
SUCCESS,Trace 1,62,37.0
FAIL,Trace 1,62,61.0
SUCCESS,Trace 1,10,6.0
SUCCESS,Trace 1,62,53.0
SUCCESS,Trace 1,5,2.0
SUCCESS,Trace 1,13,11.0
SUCCESS,Trace 1,62,60.0
SUCCESS,Trace 1,62,56.0
SUCCESS,Trace 1,62,58.0
SUCCESS,Trace 1,62,42.0
FAIL,Trace 1,62,61.0
SUCCESS,Trace 1,17,0.0
SUCCESS,Trace 1,60,47.0
SUCCESS,Trace 1,62,54.0
SUCCESS,Trace 1,62,49.0
SUCCESS,Trace 1,24,12.0
SUCCESS,Trace 1,9,8.0
SUCCESS,Trace 1,13,12.0
SUCCESS,Trace 1,19,16.0
SUCCESS,Trace 1,13,12.0
SUCCESS,Trace 1,62,59.0
SUCCESS,Trace 1,62,57.0
SUCCESS,Trace 1,8,7.0
SUCCESS,Trace 1,16,0.0
SUCCESS,Trace 1,62,55.0
SUCCESS,Trace 1,24,16.0
SUCCESS,Trace 1,62,53.0
SUCCESS,Trace 1,62,20.0
SUCCESS,Trace 1,62,60.0
SUCCESS,Trace 1,11,0.0
SUCCESS,Trace 1,35,10.0
SUCCESS,Trace 1,13,2.0
SUCCESS,Trace 1,62,60.0
SUCCESS,Trace 1,12,0.0
SUCCESS,Trace 1,50,38.0
SUCCESS,Trace 1,25,12.0
SUCCESS,Trace 1,7,0.0
SUCCESS,Trace 1,62,29.0
SUCCESS,Trace 1,10,4.0
SUCCESS,Trace 1,9,1.0
SUCCESS,Trace 1,11,3.0
SUCCESS,Trace 1,62,54.0
SUCCESS,Trace 1,11,0.0
SUCCESS,Trace 1,21,15.0
SUCCESS,Trace 1,61,42.0
SUCCESS,Trace 1,62,44.0
SUCCESS,Trace 1,52,31.0
