Status,Trace,Trace Length,Estimated Value
SUCCESS,Trace 1,24,25.65920157546162
SUCCESS,Trace 1,47,23.39130428707262
SUCCESS,Trace 1,7,22.540000197623552
SUCCESS,Trace 1,9,21.999907579995497
SUCCESS,Trace 1,20,23.210436406837392
SUCCESS,Trace 1,20,26.843780038389706
SUCCESS,Trace 1,17,22.806381500406335
SUCCESS,Trace 1,8,27.84288190393946
SUCCESS,Trace 1,20,21.105173480928944
SUCCESS,Trace 1,62,20.996037625705355
SUCCESS,Trace 1,62,21.241939148508827
SUCCESS,Trace 1,62,22.131363064496174
SUCCESS,Trace 1,45,21.808140428894518
SUCCESS,Trace 1,13,28.325963219006855
SUCCESS,Trace 1,62,22.963063658118557
SUCCESS,Trace 1,26,23.40955198812083
SUCCESS,Trace 1,62,22.13117591670302
SUCCESS,Trace 1,62,22.79931631244597
SUCCESS,Trace 1,11,27.284997472407564
SUCCESS,Trace 1,62,22.553414571439873
SUCCESS,Trace 1,22,23.569912666764303
SUCCESS,Trace 1,62,22.143575269390812
SUCCESS,Trace 1,23,21.997741808191748
SUCCESS,Trace 1,62,25.012430887556526
SUCCESS,Trace 1,62,24.01660902222081
SUCCESS,Trace 1,7,26.37946601188101
SUCCESS,Trace 1,60,23.393874783152533
SUCCESS,Trace 1,62,25.31709905429315
SUCCESS,Trace 1,11,25.90407599447509
SUCCESS,Trace 1,62,23.291091655034954
SUCCESS,Trace 1,62,24.497618355984677
SUCCESS,Trace 1,62,22.225545768102286
SUCCESS,Trace 1,62,22.704914297363956
SUCCESS,Trace 1,5,25.859603467179063
SUCCESS,Trace 1,32,23.258009312651378
SUCCESS,Trace 1,21,25.677915246877955
SUCCESS,Trace 1,62,22.225545686205745
SUCCESS,Trace 1,62,21.979644229893182
SUCCESS,Trace 1,62,22.88125522973672
SUCCESS,Trace 1,54,21.946782323549378
SUCCESS,Trace 1,62,22.225545813914334
SUCCESS,Trace 1,62,21.065789306591594
SUCCESS,Trace 1,62,21.710733024236745
SUCCESS,Trace 1,44,25.893982953674236
SUCCESS,Trace 1,62,22.225545766692097
SUCCESS,Trace 1,43,21.075239531640527
SUCCESS,Trace 1,62,22.868852494263653
SUCCESS,Trace 1,33,21.281197051621533
SUCCESS,Trace 1,9,22.443524370002333
SUCCESS,Trace 1,38,21.695946785524363
SUCCESS,Trace 1,13,21.749859022509465
SUCCESS,Trace 1,21,21.337914721395283
SUCCESS,Trace 1,24,24.937317357576617
SUCCESS,Trace 1,62,22.14357861829346
SUCCESS,Trace 1,9,22.09478810429573
SUCCESS,Trace 1,59,22.55890863006558
SUCCESS,Trace 1,62,22.55341468278644
SUCCESS,Trace 1,62,21.405686355027996
SUCCESS,Trace 1,62,22.049395842630354
SUCCESS,Trace 1,19,28.234114734180068
SUCCESS,Trace 1,6,24.683340975153133
SUCCESS,Trace 1,21,25.427939459783566
SUCCESS,Trace 1,62,22.952244799969932
SUCCESS,Trace 1,62,20.983634958868105
SUCCESS,Trace 1,62,24.671915805796562
SUCCESS,Trace 1,11,27.823806709667174
SUCCESS,Trace 1,9,28.655213909999915
SUCCESS,Trace 1,26,26.384064307491453
SUCCESS,Trace 1,62,21.323878530596122
SUCCESS,Trace 1,62,21.639344743894842
SUCCESS,Trace 1,12,20.93078314590612
SUCCESS,Trace 1,62,22.14357861352696
SUCCESS,Trace 1,15,21.857429332838763
SUCCESS,Trace 1,62,21.81570642935846
SUCCESS,Trace 1,62,22.961797150478244
SUCCESS,Trace 1,62,21.229508275994576
SUCCESS,Trace 1,35,24.347033305166132
SUCCESS,Trace 1,52,21.7301365739802
SUCCESS,Trace 1,5,22.862442155196167
SUCCESS,Trace 1,62,21.651775269013378
SUCCESS,Trace 1,62,22.061611403088758
SUCCESS,Trace 1,62,23.362267994489827
SUCCESS,Trace 1,9,25.664841393972065
SUCCESS,Trace 1,62,22.881283514325137
SUCCESS,Trace 1,62,22.061583488687692
SUCCESS,Trace 1,62,21.313112412304744
SUCCESS,Trace 1,15,27.017225878579275
SUCCESS,Trace 1,5,21.594444807299
SUCCESS,Trace 1,4,28.084951823037667
SUCCESS,Trace 1,50,24.591838392592123
SUCCESS,Trace 1,14,24.06153859491739
SUCCESS,Trace 1,5,25.000000486976425
SUCCESS,Trace 1,62,21.241939272950372
SUCCESS,Trace 1,5,24.898781299666265
SUCCESS,Trace 1,51,20.471165878067694
SUCCESS,Trace 1,62,23.291119532563275
SUCCESS,Trace 1,13,21.963191379772223
SUCCESS,Trace 1,23,21.543195018790957
SUCCESS,Trace 1,45,22.685767401683677
SUCCESS,Trace 1,11,27.427219745687978
SUCCESS,Trace 1,9,26.200198983477776
SUCCESS,Trace 1,62,20.832103197691872
SUCCESS,Trace 1,37,25.417535510158682
SUCCESS,Trace 1,7,22.96666683997925
SUCCESS,Trace 1,18,25.29411758400534
SUCCESS,Trace 1,42,21.803665718916665
SUCCESS,Trace 1,62,21.56977602475486
SUCCESS,Trace 1,53,21.927489852744706
SUCCESS,Trace 1,11,26.074491657937678
SUCCESS,Trace 1,38,22.528602486286637
SUCCESS,Trace 1,62,21.55898939558677
SUCCESS,Trace 1,62,21.487840873209624
SUCCESS,Trace 1,23,27.765774534845058
SUCCESS,Trace 1,9,25.12500704636745
SUCCESS,Trace 1,29,24.985774737585803
SUCCESS,Trace 1,62,21.39344266064242
SUCCESS,Trace 1,6,23.289953338219334
SUCCESS,Trace 1,62,23.045218012698648
SUCCESS,Trace 1,41,21.239856470448647
SUCCESS,Trace 1,62,22.788522332555427
SUCCESS,Trace 1,26,23.239931884656393
SUCCESS,Trace 1,34,23.604554389462326
SUCCESS,Trace 1,62,21.569804402648426
SUCCESS,Trace 1,30,23.41207918196373
SUCCESS,Trace 1,62,22.143578621513832
SUCCESS,Trace 1,35,21.499949886363137
SUCCESS,Trace 1,24,22.869491155212906
SUCCESS,Trace 1,62,23.537021328818714
SUCCESS,Trace 1,62,21.897676847688885
SUCCESS,Trace 1,59,22.64201756181388
SUCCESS,Trace 1,62,22.295297525574767
SUCCESS,Trace 1,26,24.51026036559254
SUCCESS,Trace 1,62,21.241939367467694
SUCCESS,Trace 1,10,24.084263775083755
SUCCESS,Trace 1,12,27.804276610770884
SUCCESS,Trace 1,62,21.405873687763826
SUCCESS,Trace 1,20,22.684120645966466
SUCCESS,Trace 1,36,23.576262895231057
SUCCESS,Trace 1,62,21.97964047116613
SUCCESS,Trace 1,62,23.850822085150668
SUCCESS,Trace 1,62,23.863468238536775
SUCCESS,Trace 1,48,23.298152218193657
SUCCESS,Trace 1,50,24.1816355459301
SUCCESS,Trace 1,20,22.934646857412236
SUCCESS,Trace 1,62,22.131148049088775
SUCCESS,Trace 1,44,23.669765268288412
SUCCESS,Trace 1,62,23.04521796474939
SUCCESS,Trace 1,58,21.315861536646896
SUCCESS,Trace 1,62,21.159972011065875
SUCCESS,Trace 1,9,24.371099370376676
SUCCESS,Trace 1,62,21.651775318032197
SUCCESS,Trace 1,62,22.213115145304517
SUCCESS,Trace 1,17,27.574365961223602
SUCCESS,Trace 1,44,26.276787775658565
SUCCESS,Trace 1,62,21.07800482350485
SUCCESS,Trace 1,62,24.192758993838687
SUCCESS,Trace 1,62,22.225542081229584
SUCCESS,Trace 1,33,21.117446571588516
SUCCESS,Trace 1,62,22.471447349784697
SUCCESS,Trace 1,62,23.9468567747031
SUCCESS,Trace 1,5,25.859603467179063
SUCCESS,Trace 1,62,20.66816840490096
SUCCESS,Trace 1,62,23.20915225060361
SUCCESS,Trace 1,16,28.896113793055218
SUCCESS,Trace 1,62,20.668165582535465
SUCCESS,Trace 1,33,23.157552759929473
SUCCESS,Trace 1,53,23.173085888792002
SUCCESS,Trace 1,15,26.78571417430596
SUCCESS,Trace 1,60,22.680911307033238
SUCCESS,Trace 1,62,22.061611417575733
SUCCESS,Trace 1,62,23.36084606499786
SUCCESS,Trace 1,12,22.63184731656855
SUCCESS,Trace 1,23,26.62083800463072
SUCCESS,Trace 1,15,26.785714233142535
SUCCESS,Trace 1,20,27.118439237537682
SUCCESS,Trace 1,12,26.65926444488981
SUCCESS,Trace 1,33,26.416248061055416
SUCCESS,Trace 1,34,23.061872347031144
SUCCESS,Trace 1,62,20.903276359878202
SUCCESS,Trace 1,33,21.461196672006423
SUCCESS,Trace 1,10,26.422953129575223
SUCCESS,Trace 1,62,21.721311051101576
SUCCESS,Trace 1,62,21.241727341996377
SUCCESS,Trace 1,62,21.24193922331013
SUCCESS,Trace 1,11,25.37485808081301
SUCCESS,Trace 1,62,21.32390643174795
SUCCESS,Trace 1,62,21.405873593950993
SUCCESS,Trace 1,10,24.76101215760213
SUCCESS,Trace 1,17,25.90557203292598
SUCCESS,Trace 1,62,20.81988770815662
SUCCESS,Trace 1,62,21.32390645478182
SUCCESS,Trace 1,62,21.159971919562178
SUCCESS,Trace 1,54,24.075479975046427
SUCCESS,Trace 1,9,26.09664280976493
SUCCESS,Trace 1,62,21.241727367487883
SUCCESS,Trace 1,62,22.14215715602341
SUCCESS,Trace 1,41,22.213957371934047
SUCCESS,Trace 1,62,21.97964410126726
SUCCESS,Trace 1,40,23.937401753745554
SUCCESS,Trace 1,62,21.487840785074372
SUCCESS,Trace 1,22,26.960387426821026
SUCCESS,Trace 1,62,21.078004846720866
SUCCESS,Trace 1,62,20.832103164742637
SUCCESS,Trace 1,62,20.340299879918334
SUCCESS,Trace 1,17,26.340610357877583
SUCCESS,Trace 1,62,21.158550595768002
SUCCESS,Trace 1,62,20.50423430614784
SUCCESS,Trace 1,19,24.79881296693995
SUCCESS,Trace 1,62,21.32390652371129
SUCCESS,Trace 1,62,20.832103145293488
SUCCESS,Trace 1,35,21.94053625761986
SUCCESS,Trace 1,57,23.085714272998622
SUCCESS,Trace 1,62,20.83210311963252
SUCCESS,Trace 1,26,23.349925925147474
SUCCESS,Trace 1,62,21.979644101027358
SUCCESS,Trace 1,8,25.251862151282175
SUCCESS,Trace 1,28,23.494131894794105
SUCCESS,Trace 1,62,22.061607627881134
SUCCESS,Trace 1,62,22.131363009201063
SUCCESS,Trace 1,24,24.545910644238713
SUCCESS,Trace 1,61,21.493252149483837
SUCCESS,Trace 1,32,24.17669006276704
SUCCESS,Trace 1,19,22.51717948858336
SUCCESS,Trace 1,15,26.15463580404009
SUCCESS,Trace 1,49,22.296691690058214
SUCCESS,Trace 1,47,23.686050160515503
SUCCESS,Trace 1,39,24.079661805633055
SUCCESS,Trace 1,62,21.15997207508601
SUCCESS,Trace 1,62,22.88128031758311
SUCCESS,Trace 1,62,22.553411316001466
SUCCESS,Trace 1,62,22.29529757693613
SUCCESS,Trace 1,26,24.053112159596544
SUCCESS,Trace 1,11,22.855835833276437
SUCCESS,Trace 1,15,28.185836236605045
SUCCESS,Trace 1,41,21.685655817290105
SUCCESS,Trace 1,16,23.903886487937534
SUCCESS,Trace 1,36,22.28566563496672
SUCCESS,Trace 1,62,21.978222216107987
SUCCESS,Trace 1,11,24.780001733870318
SUCCESS,Trace 1,34,22.763216071831316
SUCCESS,Trace 1,20,24.25043661315646
SUCCESS,Trace 1,35,22.48679028769302
SUCCESS,Trace 1,7,28.31669548679024
SUCCESS,Trace 1,62,21.897676922427905
SUCCESS,Trace 1,62,22.799316349635
SUCCESS,Trace 1,13,23.06319122469155
SUCCESS,Trace 1,26,25.261132002332104
SUCCESS,Trace 1,52,22.063505328357877
SUCCESS,Trace 1,15,28.261193207332067
SUCCESS,Trace 1,16,24.717219139552853
SUCCESS,Trace 1,8,24.537575469308138
SUCCESS,Trace 1,10,25.867314406878172
SUCCESS,Trace 1,53,23.172824624007703
SUCCESS,Trace 1,62,21.815709679031354
SUCCESS,Trace 1,62,22.881283464556653
SUCCESS,Trace 1,16,26.682678982408085
SUCCESS,Trace 1,17,28.751959459282943
SUCCESS,Trace 1,32,23.856511121086378
SUCCESS,Trace 1,53,21.364903971775867
SUCCESS,Trace 1,62,20.995850353066395
SUCCESS,Trace 1,62,22.061611420164525
SUCCESS,Trace 1,10,26.983330491608474
SUCCESS,Trace 1,30,24.853734312386347
SUCCESS,Trace 1,62,20.985243564659896
SUCCESS,Trace 1,15,27.474090843168266
SUCCESS,Trace 1,14,26.544998249684664
SUCCESS,Trace 1,50,22.198980323797223
SUCCESS,Trace 1,62,20.504233939243164
SUCCESS,Trace 1,7,22.42622251766844
SUCCESS,Trace 1,62,22.389455605856316
SUCCESS,Trace 1,62,23.1845342757972
SUCCESS,Trace 1,11,23.94789628001562
SUCCESS,Trace 1,16,22.7171194805868
SUCCESS,Trace 1,10,22.333157989713882
SUCCESS,Trace 1,9,26.398724689419964
SUCCESS,Trace 1,62,22.307512639192765
SUCCESS,Trace 1,22,21.35991868518648
SUCCESS,Trace 1,62,22.44658534906807
SUCCESS,Trace 1,16,25.23888943857462
SUCCESS,Trace 1,62,20.504234346527326
SUCCESS,Trace 1,62,24.823875207361233
SUCCESS,Trace 1,5,22.862442155196167
SUCCESS,Trace 1,16,26.333338353157316
SUCCESS,Trace 1,11,24.508670949900257
SUCCESS,Trace 1,42,21.95189191073906
SUCCESS,Trace 1,25,20.58126226300365
SUCCESS,Trace 1,62,22.551993111311745
SUCCESS,Trace 1,62,21.979640976327364
SUCCESS,Trace 1,31,23.86660982440747
SUCCESS,Trace 1,8,25.000000340594948
SUCCESS,Trace 1,62,22.06161135138577
SUCCESS,Trace 1,6,24.16730302542825
SUCCESS,Trace 1,14,22.36600747475257
SUCCESS,Trace 1,62,21.323906498360838
SUCCESS,Trace 1,59,21.440660131388697
SUCCESS,Trace 1,46,24.182524225912857
SUCCESS,Trace 1,50,21.01112553996873
SUCCESS,Trace 1,10,29.360189821250067
SUCCESS,Trace 1,62,21.5698076467045
SUCCESS,Trace 1,62,22.143578486411123
SUCCESS,Trace 1,62,22.06160751166323
SUCCESS,Trace 1,9,27.48894595431765
SUCCESS,Trace 1,62,23.362288480701913
SUCCESS,Trace 1,62,22.704730939418464
SUCCESS,Trace 1,62,22.879861596434463
SUCCESS,Trace 1,62,21.979456964086314
SUCCESS,Trace 1,19,22.55546628050011
SUCCESS,Trace 1,48,22.979299913741613
SUCCESS,Trace 1,14,23.90448380595989
SUCCESS,Trace 1,10,25.026686821977552
SUCCESS,Trace 1,14,24.826934849327685
SUCCESS,Trace 1,24,26.3708477330438
SUCCESS,Trace 1,62,22.13136309483012
SUCCESS,Trace 1,62,23.86488637803851
SUCCESS,Trace 1,62,21.39486775037837
SUCCESS,Trace 1,10,25.87221761000258
SUCCESS,Trace 1,10,28.693522877163357
SUCCESS,Trace 1,11,22.575826557928956
SUCCESS,Trace 1,62,22.470025985250327
SUCCESS,Trace 1,62,21.722948405807543
SUCCESS,Trace 1,62,21.487841015361944
SUCCESS,Trace 1,62,21.487840869497855
SUCCESS,Trace 1,7,27.240274944432368
SUCCESS,Trace 1,55,22.36654474132014
SUCCESS,Trace 1,46,22.685489249127496
SUCCESS,Trace 1,16,27.288560940732427
SUCCESS,Trace 1,7,23.509122183295954
SUCCESS,Trace 1,11,28.118985533714294
SUCCESS,Trace 1,62,22.389480244437486
SUCCESS,Trace 1,62,20.914070332636598
SUCCESS,Trace 1,25,23.289595558410568
SUCCESS,Trace 1,46,22.284427420027278
SUCCESS,Trace 1,20,26.047455526844942
SUCCESS,Trace 1,62,21.89767692152697
SUCCESS,Trace 1,62,22.612160043347572
SUCCESS,Trace 1,62,21.240517779694823
SUCCESS,Trace 1,62,20.668168791492338
SUCCESS,Trace 1,8,27.861689840044296
SUCCESS,Trace 1,16,24.069453329132916
SUCCESS,Trace 1,62,21.651775338524146
SUCCESS,Trace 1,62,22.14357434629275
SUCCESS,Trace 1,6,27.00635111923636
SUCCESS,Trace 1,62,22.96325070833185
SUCCESS,Trace 1,15,28.44386208970906
SUCCESS,Trace 1,24,24.82500022737396
SUCCESS,Trace 1,32,24.6806403815933
SUCCESS,Trace 1,62,23.688739706904133
SUCCESS,Trace 1,61,21.66666538060616
SUCCESS,Trace 1,62,22.460653381884132
SUCCESS,Trace 1,62,20.832103106188175
SUCCESS,Trace 1,62,22.47144747863326
SUCCESS,Trace 1,18,27.413209888442807
SUCCESS,Trace 1,11,25.827637095835648
SUCCESS,Trace 1,62,21.733742137770367
SUCCESS,Trace 1,9,24.25395188163084
SUCCESS,Trace 1,62,20.66816873237735
SUCCESS,Trace 1,41,24.56875110643042
SUCCESS,Trace 1,62,22.471444166828046
SUCCESS,Trace 1,62,20.996037539823096
SUCCESS,Trace 1,30,25.406411800542518
SUCCESS,Trace 1,62,23.70093094232252
SUCCESS,Trace 1,14,27.685637657458965
SUCCESS,Trace 1,9,26.819789018182206
SUCCESS,Trace 1,62,21.48784082443988
SUCCESS,Trace 1,31,21.058609735871364
SUCCESS,Trace 1,41,22.774999977326466
SUCCESS,Trace 1,62,22.061611445686765
SUCCESS,Trace 1,62,22.061611404097913
SUCCESS,Trace 1,24,23.086882129868656
SUCCESS,Trace 1,62,21.65177522335433
SUCCESS,Trace 1,62,21.979644274306345
SUCCESS,Trace 1,62,21.487840883847888
SUCCESS,Trace 1,20,22.89451625271884
SUCCESS,Trace 1,62,21.70891252886837
SUCCESS,Trace 1,35,21.698723221480524
SUCCESS,Trace 1,37,27.679452788563633
SUCCESS,Trace 1,26,21.23993171706168
SUCCESS,Trace 1,48,21.31400613074607
SUCCESS,Trace 1,33,23.368746423605707
SUCCESS,Trace 1,24,25.806882924367656
SUCCESS,Trace 1,62,20.832103183134013
SUCCESS,Trace 1,17,28.126761850794775
SUCCESS,Trace 1,62,21.24191457122218
SUCCESS,Trace 1,14,22.0583352968095
SUCCESS,Trace 1,62,20.983822095583715
SUCCESS,Trace 1,7,26.60026521284226
SUCCESS,Trace 1,62,24.42625791151217
SUCCESS,Trace 1,62,23.946857308957604
SUCCESS,Trace 1,46,22.89081565612007
SUCCESS,Trace 1,19,21.95333651966376
SUCCESS,Trace 1,23,26.716214496742612
SUCCESS,Trace 1,62,22.295081992385544
SUCCESS,Trace 1,20,26.14542286011696
SUCCESS,Trace 1,62,21.159971971226796
SUCCESS,Trace 1,52,20.74117423828467
SUCCESS,Trace 1,62,21.96742869204578
SUCCESS,Trace 1,62,21.078004798174966
SUCCESS,Trace 1,62,21.159972059835624
SUCCESS,Trace 1,11,26.999977395981727
SUCCESS,Trace 1,12,22.818028168244794
SUCCESS,Trace 1,62,22.624563119970315
SUCCESS,Trace 1,62,20.422267157889742
SUCCESS,Trace 1,62,21.241939155891856
SUCCESS,Trace 1,62,21.24193936367201
SUCCESS,Trace 1,62,21.48784057567185
SUCCESS,Trace 1,62,22.307513050923383
SUCCESS,Trace 1,12,25.25849046290621
SUCCESS,Trace 1,62,22.22554264985434
SUCCESS,Trace 1,62,21.569808086324375
SUCCESS,Trace 1,22,27.17483596107558
SUCCESS,Trace 1,62,21.48784087954665
SUCCESS,Trace 1,42,25.829971834214444
SUCCESS,Trace 1,62,21.733742502869152
SUCCESS,Trace 1,62,22.7993162991123
SUCCESS,Trace 1,8,27.861690006330587
SUCCESS,Trace 1,24,24.1738393493572
SUCCESS,Trace 1,62,20.50423430614784
SUCCESS,Trace 1,33,24.68479026056217
SUCCESS,Trace 1,18,25.295985828958308
SUCCESS,Trace 1,62,22.307322110408247
SUCCESS,Trace 1,62,22.717349166158076
SUCCESS,Trace 1,62,21.897676977868407
SUCCESS,Trace 1,31,21.699943161803464
SUCCESS,Trace 1,62,21.487840873123314
SUCCESS,Trace 1,30,25.44137984074896
SUCCESS,Trace 1,9,25.350107920169684
SUCCESS,Trace 1,13,26.931559851229178
SUCCESS,Trace 1,62,22.389480285176642
SUCCESS,Trace 1,62,22.87048945661451
SUCCESS,Trace 1,17,25.047393441200256
SUCCESS,Trace 1,20,25.4342880661373
SUCCESS,Trace 1,20,21.884744418294805
SUCCESS,Trace 1,14,22.442945902136735
SUCCESS,Trace 1,12,25.86266452360545
SUCCESS,Trace 1,23,27.098275097933683
SUCCESS,Trace 1,20,27.185219916695754
SUCCESS,Trace 1,62,21.651775291832354
SUCCESS,Trace 1,8,24.948155848930437
SUCCESS,Trace 1,62,21.15997156549088
SUCCESS,Trace 1,16,21.903886334077587
SUCCESS,Trace 1,22,27.380978118558545
SUCCESS,Trace 1,23,24.480909163301643
SUCCESS,Trace 1,62,24.01639347970832
SUCCESS,Trace 1,14,28.430900442839466
SUCCESS,Trace 1,54,23.61225636110169
SUCCESS,Trace 1,12,24.450169435409546
SUCCESS,Trace 1,62,22.06161135538729
SUCCESS,Trace 1,62,24.59016403601701
SUCCESS,Trace 1,18,21.868134969662876
SUCCESS,Trace 1,62,20.832103144880698
SUCCESS,Trace 1,62,22.717161289514618
SUCCESS,Trace 1,5,22.862442138985365
SUCCESS,Trace 1,62,21.475409833566886
SUCCESS,Trace 1,62,21.55901400755314
SUCCESS,Trace 1,62,20.58620158151017
SUCCESS,Trace 1,62,22.378686191557424
SUCCESS,Trace 1,13,26.36482448122824
SUCCESS,Trace 1,62,21.323906446980114
SUCCESS,Trace 1,62,21.487840915845204
SUCCESS,Trace 1,17,25.859259347413378
SUCCESS,Trace 1,62,21.65177540738617
SUCCESS,Trace 1,44,26.279075055954056
SUCCESS,Trace 1,13,26.347071131070454
SUCCESS,Trace 1,41,20.77495742277974
SUCCESS,Trace 1,8,28.557163647242955
SUCCESS,Trace 1,41,23.72375746128396
SUCCESS,Trace 1,58,22.542368867845134
SUCCESS,Trace 1,62,21.8852743031101
SUCCESS,Trace 1,34,23.471115228100953
SUCCESS,Trace 1,13,25.800070098911466
SUCCESS,Trace 1,13,22.999867331754107
SUCCESS,Trace 1,25,24.94785726352705
SUCCESS,Trace 1,16,23.237219800062416
SUCCESS,Trace 1,15,21.748385451816198
SUCCESS,Trace 1,62,20.996037669812694
SUCCESS,Trace 1,62,22.389480176343987
SUCCESS,Trace 1,62,21.73373876801076
SUCCESS,Trace 1,62,22.225517509759634
SUCCESS,Trace 1,62,21.159971958667473
SUCCESS,Trace 1,62,22.061611325749222
SUCCESS,Trace 1,36,24.14290642819521
SUCCESS,Trace 1,62,22.881283656801365
SUCCESS,Trace 1,62,21.815709738631913
SUCCESS,Trace 1,37,22.29997593409506
SUCCESS,Trace 1,26,21.430331960618375
SUCCESS,Trace 1,62,22.14357855842314
SUCCESS,Trace 1,13,24.646377985729426
SUCCESS,Trace 1,16,24.717202777048065
SUCCESS,Trace 1,8,27.085955692647588
SUCCESS,Trace 1,16,27.07747024835819
SUCCESS,Trace 1,19,27.936104106410003
SUCCESS,Trace 1,11,23.07582664489746
SUCCESS,Trace 1,62,22.307513009684428
SUCCESS,Trace 1,15,26.632139902618572
SUCCESS,Trace 1,62,21.80491568612271
SUCCESS,Trace 1,21,22.727340379315013
SUCCESS,Trace 1,17,26.564196990213873
SUCCESS,Trace 1,8,23.714286048994804
SUCCESS,Trace 1,62,23.291119598920044
SUCCESS,Trace 1,48,22.66635215205861
SUCCESS,Trace 1,62,20.668168794653504
SUCCESS,Trace 1,33,23.157758269025845
SUCCESS,Trace 1,25,27.717960091685015
SUCCESS,Trace 1,62,23.209152179594625
SUCCESS,Trace 1,13,25.33018413361999
SUCCESS,Trace 1,5,24.898781248686518
SUCCESS,Trace 1,62,22.0616113419945
SUCCESS,Trace 1,32,22.2450040706772
SUCCESS,Trace 1,40,22.947901937854255
SUCCESS,Trace 1,62,23.373086350104895
SUCCESS,Trace 1,35,21.956441163530933
SUCCESS,Trace 1,18,22.291193814838635
SUCCESS,Trace 1,62,23.70095548152833
SUCCESS,Trace 1,62,22.0616112853334
SUCCESS,Trace 1,9,24.547328619008574
SUCCESS,Trace 1,13,25.379311225039487
SUCCESS,Trace 1,43,22.64281657118342
SUCCESS,Trace 1,5,22.750000199408788
SUCCESS,Trace 1,17,29.327606826258275
SUCCESS,Trace 1,28,21.51022448474835
SUCCESS,Trace 1,62,23.291119695055862
SUCCESS,Trace 1,32,21.276048070808454
SUCCESS,Trace 1,62,23.94682944929017
SUCCESS,Trace 1,62,21.815709754284782
SUCCESS,Trace 1,62,22.223880416203333
SUCCESS,Trace 1,40,23.661541000931972
SUCCESS,Trace 1,62,22.460649193737986
SUCCESS,Trace 1,41,25.37499439534729
SUCCESS,Trace 1,62,21.0657893201537
SUCCESS,Trace 1,24,22.608698744236598
SUCCESS,Trace 1,62,21.241939341435668
SUCCESS,Trace 1,11,24.35587849565764
SUCCESS,Trace 1,26,25.17321496143649
SUCCESS,Trace 1,62,21.73374250097158
SUCCESS,Trace 1,31,27.99999239014993
SUCCESS,Trace 1,62,22.963250793634803
SUCCESS,Trace 1,62,20.996037649672722
SUCCESS,Trace 1,62,21.241939178105135
SUCCESS,Trace 1,62,22.4714473999693
SUCCESS,Trace 1,29,21.991367736786998
SUCCESS,Trace 1,62,21.73374213955838
SUCCESS,Trace 1,4,28.084951823037667
SUCCESS,Trace 1,8,25.881155613100425
SUCCESS,Trace 1,45,22.8593225835153
SUCCESS,Trace 1,50,21.841843151665447
SUCCESS,Trace 1,62,24.19275466476811
SUCCESS,Trace 1,28,23.361418124198135
SUCCESS,Trace 1,25,28.476737763206525
SUCCESS,Trace 1,62,21.241939217419112
SUCCESS,Trace 1,15,25.732081680962914
SUCCESS,Trace 1,62,22.881283535668313
SUCCESS,Trace 1,62,21.569808076639646
SUCCESS,Trace 1,10,25.64965092540664
SUCCESS,Trace 1,62,22.950823462266033
SUCCESS,Trace 1,14,28.32149873090581
SUCCESS,Trace 1,7,24.93252089261109
SUCCESS,Trace 1,9,26.194074619971616
SUCCESS,Trace 1,62,21.47538517319817
SUCCESS,Trace 1,62,22.71734912508256
SUCCESS,Trace 1,62,21.241939247626284
SUCCESS,Trace 1,62,24.192543811485415
SUCCESS,Trace 1,62,21.078004862787477
SUCCESS,Trace 1,30,25.15439308904667
SUCCESS,Trace 1,43,23.596523795528917
SUCCESS,Trace 1,30,21.43994118366733
SUCCESS,Trace 1,62,20.586201528968694
SUCCESS,Trace 1,62,22.38948024757486
SUCCESS,Trace 1,11,24.07580357737217
SUCCESS,Trace 1,25,20.981595786349487
SUCCESS,Trace 1,62,24.999996250378516
SUCCESS,Trace 1,62,23.04521483773619
SUCCESS,Trace 1,62,21.48784091959443
SUCCESS,Trace 1,62,24.192758472284396
SUCCESS,Trace 1,24,23.163044762964006
SUCCESS,Trace 1,11,26.925315629231413
SUCCESS,Trace 1,55,22.611103045206157
SUCCESS,Trace 1,62,20.750136008522567
SUCCESS,Trace 1,62,21.89748973206749
SUCCESS,Trace 1,10,26.738365556872242
SUCCESS,Trace 1,9,27.021018101939745
SUCCESS,Trace 1,10,25.714192853447155
SUCCESS,Trace 1,62,21.32390639821037
SUCCESS,Trace 1,60,26.6026832241126
SUCCESS,Trace 1,62,21.897676973937465
SUCCESS,Trace 1,51,20.519934158318666
SUCCESS,Trace 1,11,27.56452886077276
SUCCESS,Trace 1,9,24.594864696264267
SUCCESS,Trace 1,8,25.75998780993029
SUCCESS,Trace 1,62,21.886882924064818
SUCCESS,Trace 1,62,22.940216570777256
SUCCESS,Trace 1,8,26.371655896721936
SUCCESS,Trace 1,62,22.389480193861388
SUCCESS,Trace 1,35,22.017058707006658
SUCCESS,Trace 1,62,22.050817169126915
SUCCESS,Trace 1,29,26.960719451155708
SUCCESS,Trace 1,62,21.487816239442928
SUCCESS,Trace 1,62,20.996037497100552
SUCCESS,Trace 1,47,21.21735449495892
SUCCESS,Trace 1,15,26.39695418732507
SUCCESS,Trace 1,20,24.78938432190206
SUCCESS,Trace 1,62,22.060189897032988
SUCCESS,Trace 1,8,27.60595677098752
SUCCESS,Trace 1,12,24.636297873630994
SUCCESS,Trace 1,54,22.757889670776446
SUCCESS,Trace 1,32,27.083926013525474
SUCCESS,Trace 1,62,22.8704895242305
SUCCESS,Trace 1,13,26.483405572820036
SUCCESS,Trace 1,62,21.323906481572134
SUCCESS,Trace 1,31,23.591667599244676
SUCCESS,Trace 1,48,23.53026955933623
SUCCESS,Trace 1,14,26.53846715373909
SUCCESS,Trace 1,37,21.627391712769292
SUCCESS,Trace 1,12,25.288377392874395
SUCCESS,Trace 1,13,22.829193050443518
SUCCESS,Trace 1,14,28.324159251283472
SUCCESS,Trace 1,28,27.601526016018692
SUCCESS,Trace 1,17,26.85232940996072
SUCCESS,Trace 1,28,22.44438136598369
SUCCESS,Trace 1,62,21.323906476380394
SUCCESS,Trace 1,62,22.30751294820844
SUCCESS,Trace 1,18,25.647016210115773
SUCCESS,Trace 1,15,27.214313319751195
SUCCESS,Trace 1,62,21.241939156573363
SUCCESS,Trace 1,11,24.175837554658564
SUCCESS,Trace 1,62,20.914070370142984
SUCCESS,Trace 1,62,21.815709696633487
SUCCESS,Trace 1,35,23.810344653478452
SUCCESS,Trace 1,21,21.787914950772965
SUCCESS,Trace 1,50,27.209014538855993
SUCCESS,Trace 1,11,24.616485562179346
SUCCESS,Trace 1,62,22.143578658485552
SUCCESS,Trace 1,62,21.81428834161669
SUCCESS,Trace 1,62,20.832103195713515
SUCCESS,Trace 1,62,21.241939180073185
SUCCESS,Trace 1,14,27.42465869207082
SUCCESS,Trace 1,11,27.991175889968872
SUCCESS,Trace 1,32,23.514530823065122
SUCCESS,Trace 1,48,22.650959804481772
SUCCESS,Trace 1,62,21.076371497890715
SUCCESS,Trace 1,62,20.504234330975198
SUCCESS,Trace 1,23,22.42004921601335
SUCCESS,Trace 1,62,20.91243389193476
SUCCESS,Trace 1,62,20.739154763275444
SUCCESS,Trace 1,14,22.691985236145058
SUCCESS,Trace 1,34,21.499361694622497
SUCCESS,Trace 1,62,21.559013534351028
SUCCESS,Trace 1,62,21.07800479241569
SUCCESS,Trace 1,62,21.147756537891063
SUCCESS,Trace 1,15,27.012820284677385
SUCCESS,Trace 1,16,24.101186134486817
SUCCESS,Trace 1,62,21.65175069183835
SUCCESS,Trace 1,25,26.248828221673335
SUCCESS,Trace 1,11,24.455173574820293
SUCCESS,Trace 1,19,24.946122699876227
SUCCESS,Trace 1,26,22.63993237299396
SUCCESS,Trace 1,62,23.373086182983414
SUCCESS,Trace 1,62,22.797679807312893
SUCCESS,Trace 1,62,21.15997191260858
SUCCESS,Trace 1,62,22.305904345546054
SUCCESS,Trace 1,30,20.896492921800835
SUCCESS,Trace 1,62,24.27469403054459
SUCCESS,Trace 1,62,22.63538194621062
SUCCESS,Trace 1,62,22.30750932448231
SUCCESS,Trace 1,57,23.03393121592481
SUCCESS,Trace 1,24,25.353738915440402
SUCCESS,Trace 1,54,21.886792253739554
SUCCESS,Trace 1,14,23.380794223439352
SUCCESS,Trace 1,37,26.622686101226336
SUCCESS,Trace 1,62,20.422267129057857
SUCCESS,Trace 1,38,23.510814837546455
SUCCESS,Trace 1,28,25.14635867347036
SUCCESS,Trace 1,11,26.925485118613484
SUCCESS,Trace 1,62,21.733742473468876
SUCCESS,Trace 1,62,20.586201542425158
SUCCESS,Trace 1,27,20.906088283275913
SUCCESS,Trace 1,62,22.635381951052818
SUCCESS,Trace 1,16,25.96578276157379
SUCCESS,Trace 1,37,23.460975603267663
SUCCESS,Trace 1,62,23.77049173134197
SUCCESS,Trace 1,13,22.56317468481271
SUCCESS,Trace 1,57,23.334969501787196
SUCCESS,Trace 1,9,22.94520451639355
SUCCESS,Trace 1,62,22.388058752371986
SUCCESS,Trace 1,8,26.88278134427792
SUCCESS,Trace 1,62,22.71592765639312
SUCCESS,Trace 1,12,22.068184730568515
SUCCESS,Trace 1,9,23.25062334537506
SUCCESS,Trace 1,62,21.88546144815914
SUCCESS,Trace 1,39,21.804746881289876
SUCCESS,Trace 1,62,20.586201539204406
SUCCESS,Trace 1,20,24.00283531403932
SUCCESS,Trace 1,9,27.905213334312283
SUCCESS,Trace 1,62,21.733742431420893
SUCCESS,Trace 1,40,23.753254629995947
SUCCESS,Trace 1,62,20.914070410806623
SUCCESS,Trace 1,16,23.905553202237048
SUCCESS,Trace 1,62,23.020571919231738
SUCCESS,Trace 1,24,22.42370183065342
SUCCESS,Trace 1,35,22.44724200790434
SUCCESS,Trace 1,62,20.668168794907245
SUCCESS,Trace 1,21,25.481853354109713
SUCCESS,Trace 1,18,25.63281163709663
SUCCESS,Trace 1,62,21.322460062354477
SUCCESS,Trace 1,34,23.181825044288423
SUCCESS,Trace 1,62,22.797707623021125
SUCCESS,Trace 1,62,21.651774768315562
SUCCESS,Trace 1,26,25.32717902038475
SUCCESS,Trace 1,50,22.469353000752264
SUCCESS,Trace 1,56,21.440997447782184
SUCCESS,Trace 1,62,22.553414155456245
SUCCESS,Trace 1,62,20.50423435493895
SUCCESS,Trace 1,59,24.589480209603533
SUCCESS,Trace 1,33,24.40640222573111
SUCCESS,Trace 1,39,22.414691834453542
SUCCESS,Trace 1,62,21.40587370402849
SUCCESS,Trace 1,31,22.091883474826542
SUCCESS,Trace 1,44,20.324425498240164
SUCCESS,Trace 1,32,21.66962237304841
SUCCESS,Trace 1,21,24.799919724464417
SUCCESS,Trace 1,25,22.157747214970396
SUCCESS,Trace 1,42,21.96971451418538
SUCCESS,Trace 1,8,25.72642993395875
SUCCESS,Trace 1,62,23.690161555001836
SUCCESS,Trace 1,14,29.223087934347298
SUCCESS,Trace 1,62,21.979644271794847
SUCCESS,Trace 1,28,21.14204039606027
SUCCESS,Trace 1,21,21.54874989914998
SUCCESS,Trace 1,29,21.079950514455156
SUCCESS,Trace 1,62,22.47144740526265
SUCCESS,Trace 1,15,23.030044734101022
SUCCESS,Trace 1,10,25.515249834533886
SUCCESS,Trace 1,15,29.237743676802612
SUCCESS,Trace 1,16,23.263365140452617
SUCCESS,Trace 1,16,25.3781057451335
SUCCESS,Trace 1,62,21.897676811234795
SUCCESS,Trace 1,62,21.159972050150888
SUCCESS,Trace 1,62,21.65177510403543
SUCCESS,Trace 1,62,21.79248468260698
SUCCESS,Trace 1,62,22.38948022717829
SUCCESS,Trace 1,24,25.840927768199773
SUCCESS,Trace 1,37,22.459952665699852
SUCCESS,Trace 1,41,21.49998621099321
SUCCESS,Trace 1,62,21.733742546057506
SUCCESS,Trace 1,12,27.161195637714783
SUCCESS,Trace 1,62,20.6573747264616
SUCCESS,Trace 1,25,22.98992899534964
SUCCESS,Trace 1,62,21.159972062049093
SUCCESS,Trace 1,52,22.847815889831686
SUCCESS,Trace 1,7,24.166667007022692
SUCCESS,Trace 1,52,24.54435162714327
SUCCESS,Trace 1,8,25.75998780993029
SUCCESS,Trace 1,36,21.457094032375004
SUCCESS,Trace 1,10,24.75619039795437
SUCCESS,Trace 1,56,25.112535924309114
SUCCESS,Trace 1,62,21.89767680294675
SUCCESS,Trace 1,30,21.06890671037073
SUCCESS,Trace 1,28,25.868211163780742
SUCCESS,Trace 1,62,20.586201544621446
SUCCESS,Trace 1,11,25.784995865160987
SUCCESS,Trace 1,14,28.4040888878058
SUCCESS,Trace 1,5,27.060288354265946
SUCCESS,Trace 1,48,22.6803191465327
SUCCESS,Trace 1,62,21.733742541954165
SUCCESS,Trace 1,12,26.622724979193002
SUCCESS,Trace 1,45,21.267233883702374
SUCCESS,Trace 1,62,21.07800486011282
SUCCESS,Trace 1,39,21.53792679080903
SUCCESS,Trace 1,62,22.307513056919998
SUCCESS,Trace 1,62,22.71734892868962
SUCCESS,Trace 1,62,21.651775377521002
SUCCESS,Trace 1,62,22.446800865410854
SUCCESS,Trace 1,62,22.060189877733237
SUCCESS,Trace 1,14,25.689398829753582
SUCCESS,Trace 1,20,24.516349288813785
SUCCESS,Trace 1,62,22.63538194982863
SUCCESS,Trace 1,11,27.313608978189666
SUCCESS,Trace 1,35,22.486706215872395
SUCCESS,Trace 1,62,21.323906380661118
SUCCESS,Trace 1,14,26.98026258171271
SUCCESS,Trace 1,62,23.209152379853123
SUCCESS,Trace 1,62,21.48784087357267
SUCCESS,Trace 1,12,23.050793626091696
SUCCESS,Trace 1,62,21.569807842129567
SUCCESS,Trace 1,62,21.569808169077334
SUCCESS,Trace 1,44,23.50807091951796
SUCCESS,Trace 1,13,26.20744247997166
SUCCESS,Trace 1,7,26.600265202210807
SUCCESS,Trace 1,50,23.673469371811734
SUCCESS,Trace 1,25,25.38508091021905
SUCCESS,Trace 1,33,23.603704880006795
SUCCESS,Trace 1,11,25.030823335911055
SUCCESS,Trace 1,13,27.50708329511818
SUCCESS,Trace 1,28,23.339695272856673
SUCCESS,Trace 1,62,20.340299905277185
SUCCESS,Trace 1,52,22.807311898287125
SUCCESS,Trace 1,6,25.683912436115122
SUCCESS,Trace 1,49,22.320368016759556
SUCCESS,Trace 1,18,23.444605667290215
SUCCESS,Trace 1,41,23.088957402150427
SUCCESS,Trace 1,62,21.814284559156075
SUCCESS,Trace 1,62,22.44658527403883
SUCCESS,Trace 1,62,21.405849026851968
SUCCESS,Trace 1,5,24.898781241281686
SUCCESS,Trace 1,62,21.73210601582653
SUCCESS,Trace 1,62,21.65177529943913
SUCCESS,Trace 1,25,24.382158054807235
SUCCESS,Trace 1,56,23.839814398960858
SUCCESS,Trace 1,62,21.32371924583461
SUCCESS,Trace 1,48,22.55251429302645
SUCCESS,Trace 1,62,20.50423430614784
SUCCESS,Trace 1,19,24.141556019093393
SUCCESS,Trace 1,19,27.724486724206898
SUCCESS,Trace 1,62,21.48784084760243
SUCCESS,Trace 1,21,20.94751462340355
SUCCESS,Trace 1,11,23.175884755900917
SUCCESS,Trace 1,62,21.159971981728344
SUCCESS,Trace 1,62,23.522957341485117
SUCCESS,Trace 1,47,21.525248341447842
SUCCESS,Trace 1,62,22.951340051988158
SUCCESS,Trace 1,62,22.633744909469126
SUCCESS,Trace 1,62,23.700951884227504
SUCCESS,Trace 1,52,21.756877255140093
SUCCESS,Trace 1,62,22.225545759674237
SUCCESS,Trace 1,15,24.839288827061633
SUCCESS,Trace 1,62,23.37123422890428
SUCCESS,Trace 1,28,22.35401093940261
SUCCESS,Trace 1,20,27.011266787712458
SUCCESS,Trace 1,40,23.442145234065684
SUCCESS,Trace 1,19,28.111294197884483
SUCCESS,Trace 1,8,27.23504134586879
SUCCESS,Trace 1,62,22.213330397060766
SUCCESS,Trace 1,62,20.50423430614784
SUCCESS,Trace 1,29,24.62419940354751
SUCCESS,Trace 1,12,26.068992614746094
SUCCESS,Trace 1,9,22.09478810429573
SUCCESS,Trace 1,28,20.96289973500409
SUCCESS,Trace 1,62,20.914070420512722
SUCCESS,Trace 1,62,21.79106381494036
SUCCESS,Trace 1,46,22.951108514632274
SUCCESS,Trace 1,62,23.034423885405808
SUCCESS,Trace 1,50,22.158698784104708
SUCCESS,Trace 1,23,24.979879024449122
SUCCESS,Trace 1,10,25.751441717147827
SUCCESS,Trace 1,38,24.22134722050066
SUCCESS,Trace 1,62,22.63538184713145
SUCCESS,Trace 1,62,22.54262067137304
SUCCESS,Trace 1,62,23.68873971716048
SUCCESS,Trace 1,32,23.102093548262836
SUCCESS,Trace 1,37,21.765508165548553
SUCCESS,Trace 1,62,21.07800479680896
SUCCESS,Trace 1,10,23.885818284528522
SUCCESS,Trace 1,44,23.902328112714887
SUCCESS,Trace 1,62,20.996037636977103
SUCCESS,Trace 1,17,21.922393529507538
SUCCESS,Trace 1,28,20.407344191162675
SUCCESS,Trace 1,62,20.914070370974045
SUCCESS,Trace 1,62,22.705133573829777
SUCCESS,Trace 1,62,21.404449016435734
SUCCESS,Trace 1,62,23.373062141606066
SUCCESS,Trace 1,16,25.78628679246472
SUCCESS,Trace 1,62,22.541012010211094
SUCCESS,Trace 1,9,24.22123193970432
SUCCESS,Trace 1,62,21.80330699196061
SUCCESS,Trace 1,62,20.914070397493255
SUCCESS,Trace 1,62,22.141754325450556
SUCCESS,Trace 1,62,20.914070381427695
SUCCESS,Trace 1,15,27.07434006175048
SUCCESS,Trace 1,62,21.733742496042275
SUCCESS,Trace 1,12,26.16764987458806
SUCCESS,Trace 1,42,21.101464929812668
SUCCESS,Trace 1,62,22.717349152633993
SUCCESS,Trace 1,42,22.91693321286947
SUCCESS,Trace 1,44,22.59976850846515
SUCCESS,Trace 1,12,22.367427728031544
SUCCESS,Trace 1,7,26.542476254999144
SUCCESS,Trace 1,28,23.10927014567324
SUCCESS,Trace 1,62,22.29671866634356
SUCCESS,Trace 1,19,21.764349606302048
SUCCESS,Trace 1,19,23.656119208787484
SUCCESS,Trace 1,8,25.208587943909617
SUCCESS,Trace 1,62,27.46065334863999
SUCCESS,Trace 1,62,22.717349080219375
SUCCESS,Trace 1,62,21.05478020528163
SUCCESS,Trace 1,43,24.752267272884325
SUCCESS,Trace 1,62,22.061611354810758
SUCCESS,Trace 1,62,22.553414646260013
SUCCESS,Trace 1,62,20.750135906407092
SUCCESS,Trace 1,24,24.35478535706427
SUCCESS,Trace 1,59,21.74136477559042
SUCCESS,Trace 1,62,23.114757822273173
SUCCESS,Trace 1,26,25.03993171706168
SUCCESS,Trace 1,34,23.82316422885003
SUCCESS,Trace 1,23,21.411284199140447
SUCCESS,Trace 1,42,24.725575108239564
SUCCESS,Trace 1,62,21.48784079968294
SUCCESS,Trace 1,28,26.990793922148615
SUCCESS,Trace 1,62,23.020359597680812
SUCCESS,Trace 1,16,26.452436987139958
SUCCESS,Trace 1,62,23.455054018040123
SUCCESS,Trace 1,62,21.569804793498555
SUCCESS,Trace 1,33,25.002709421310296
SUCCESS,Trace 1,40,22.01431526574027
SUCCESS,Trace 1,62,21.733530623013856
SUCCESS,Trace 1,32,25.689605722209027
SUCCESS,Trace 1,62,22.553414060020312
SUCCESS,Trace 1,62,22.061611396583633
SUCCESS,Trace 1,62,22.05997485250155
SUCCESS,Trace 1,48,25.31914914867049
SUCCESS,Trace 1,62,21.382864200470312
SUCCESS,Trace 1,18,25.103429135154276
SUCCESS,Trace 1,60,22.220310004818227
SUCCESS,Trace 1,62,21.81570975506892
SUCCESS,Trace 1,12,28.112882384112506
SUCCESS,Trace 1,62,21.81570944794103
SUCCESS,Trace 1,16,25.389008621729143
SUCCESS,Trace 1,12,23.541078261098292
SUCCESS,Trace 1,62,21.3239063848767
SUCCESS,Trace 1,8,23.4330849136625
SUCCESS,Trace 1,28,24.28734423256502
SUCCESS,Trace 1,62,22.047762653809354
SUCCESS,Trace 1,56,21.9369032199897
SUCCESS,Trace 1,13,27.764957181385086
SUCCESS,Trace 1,17,26.635121703147888
SUCCESS,Trace 1,35,21.134067485740744
SUCCESS,Trace 1,12,24.636297767812554
SUCCESS,Trace 1,17,26.53448359090893
SUCCESS,Trace 1,62,21.159971992354432
SUCCESS,Trace 1,62,20.914070410806623
SUCCESS,Trace 1,30,25.17585708424319
SUCCESS,Trace 1,15,28.185836282634366
SUCCESS,Trace 1,30,23.54482383641644
SUCCESS,Trace 1,10,26.86603510614359
SUCCESS,Trace 1,15,28.565111777087054
SUCCESS,Trace 1,62,23.523144671543506
SUCCESS,Trace 1,62,21.89767699039619
SUCCESS,Trace 1,62,21.886882791667155
SUCCESS,Trace 1,62,23.29111953963555
SUCCESS,Trace 1,62,24.180542961986575
SUCCESS,Trace 1,62,21.815709692914748
SUCCESS,Trace 1,62,21.569808042356055
SUCCESS,Trace 1,62,22.29529744333293
SUCCESS,Trace 1,19,24.444444663588325
SUCCESS,Trace 1,14,29.17910887644841
SUCCESS,Trace 1,16,26.87819382365898
SUCCESS,Trace 1,62,20.903276341860412
SUCCESS,Trace 1,26,22.03253519717118
SUCCESS,Trace 1,62,21.07797317817563
SUCCESS,Trace 1,5,24.1297946278062
SUCCESS,Trace 1,28,24.03519610563914
SUCCESS,Trace 1,31,27.372885466829793
SUCCESS,Trace 1,50,22.812363714928427
SUCCESS,Trace 1,62,21.393658252490276
SUCCESS,Trace 1,62,21.733742059600342
SUCCESS,Trace 1,62,23.37287126756071
SUCCESS,Trace 1,62,21.241939263265643
SUCCESS,Trace 1,10,25.87221761000258
SUCCESS,Trace 1,62,23.348440285983113
SUCCESS,Trace 1,5,23.75000009556191
SUCCESS,Trace 1,13,21.995858134598475
SUCCESS,Trace 1,62,20.50423436839542
SUCCESS,Trace 1,62,22.471447427947524
SUCCESS,Trace 1,62,21.651775351125117
SUCCESS,Trace 1,62,23.37305892531399
SUCCESS,Trace 1,62,20.750135906407092
SUCCESS,Trace 1,17,28.744472712278366
SUCCESS,Trace 1,60,23.999999746331735
SUCCESS,Trace 1,62,21.078004769632148
SUCCESS,Trace 1,62,22.635381777145408
SUCCESS,Trace 1,24,23.432621480665038
SUCCESS,Trace 1,9,25.717951357364655
SUCCESS,Trace 1,13,23.396524389584858
SUCCESS,Trace 1,19,23.931016424998486
SUCCESS,Trace 1,13,26.130168338616688
SUCCESS,Trace 1,62,21.97964413986912
SUCCESS,Trace 1,62,21.874667356430102
SUCCESS,Trace 1,8,22.003035715648107
SUCCESS,Trace 1,16,28.376452763875324
SUCCESS,Trace 1,62,21.159971997758653
SUCCESS,Trace 1,24,23.274771888034426
SUCCESS,Trace 1,62,21.15997193273407
SUCCESS,Trace 1,62,23.841690099883063
SUCCESS,Trace 1,62,20.914070358408242
SUCCESS,Trace 1,11,26.60032941731825
SUCCESS,Trace 1,35,21.647008508010337
SUCCESS,Trace 1,13,26.169962861669486
SUCCESS,Trace 1,62,20.422267157889742
SUCCESS,Trace 1,12,24.456477823487106
SUCCESS,Trace 1,50,24.079863042981618
SUCCESS,Trace 1,25,26.667992788694292
SUCCESS,Trace 1,7,28.206989257736442
SUCCESS,Trace 1,62,22.06161134159205
SUCCESS,Trace 1,10,24.248552645450975
SUCCESS,Trace 1,9,25.750054090597175
SUCCESS,Trace 1,11,25.075803788714186
SUCCESS,Trace 1,62,22.471447432428107
SUCCESS,Trace 1,11,23.39518417788248
SUCCESS,Trace 1,21,25.25000031865968
SUCCESS,Trace 1,61,22.570914665182606
SUCCESS,Trace 1,62,21.241939285539555
SUCCESS,Trace 1,52,22.524473466788248
