{
  "variables": {},
  "activations": [
    {
      "id": "$setup_constants",
      "execute": "$setup_constants",
      "after": "0",
      "priority": 0,
      "additionalGuards": null,
      "activationKind": null,
      "fixedVariables": null,
      "probabilisticVariables": null,
      "activating": null,
      "activatingOnlyWhenExecuted": true,
      "updating": null,
      "withPredicate": null
    },
    {
      "id": "$initialise_machine",
      "execute": "$initialise_machine",
      "after": "0",
      "priority": 0,
      "additionalGuards": null,
      "activationKind": null,
      "fixedVariables": {
        "Crash": "FALSE",
        "VehiclesAy": "{(EgoVehicle↦0.0),(Vehicles2↦0.0),(Vehicles3↦0.0),(Vehicles4↦0.0),(Vehicles5↦0.0)}",
        "Reward": "0.0",
        "VehiclesAx": "{(EgoVehicle↦0.0),(Vehicles2↦0.0),(Vehicles3↦0.0),(Vehicles4↦0.0),(Vehicles5↦0.0)}",
        "VehiclesVx": "{(EgoVehicle↦25.0),(Vehicles2↦-3.3167633414268494),(Vehicles3↦-1.9874951243400574),(Vehicles4↦-1.348741501569748),(Vehicles5↦-2.031160891056061)}",
        "VehiclesY": "{(EgoVehicle↦0.0),(Vehicles2↦0.0),(Vehicles3↦8.000000238418579),(Vehicles4↦8.000000238418579),(Vehicles5↦8.000000238418579)}",
        "VehiclesVy": "{(EgoVehicle↦0.0),(Vehicles2↦0.0),(Vehicles3↦0.0),(Vehicles4↦0.0),(Vehicles5↦0.0)}",
        "VehiclesX": "{(EgoVehicle↦150.23430585861206),(Vehicles2↦22.033430635929108),(Vehicles3↦44.480547308921814),(Vehicles4↦67.55561828613281),(Vehicles5↦91.10339879989624)}"
      },
      "probabilisticVariables": null,
      "activating": [
        "LANE_RIGHT_2"
      ],
      "activatingOnlyWhenExecuted": true,
      "updating": null,
      "withPredicate": null
    },
    {
      "id": "LANE_RIGHT_2",
      "execute": "LANE_RIGHT",
      "after": "1000",
      "priority": 0,
      "additionalGuards": null,
      "activationKind": null,
      "fixedVariables": {
        "Crash": "FALSE",
        "VehiclesAy": "{(EgoVehicle↦1.0796338319778442),(Vehicles2↦-1.0796338319778442),(Vehicles3↦-3.230154514312744),(Vehicles4↦-1.0796338319778442),(Vehicles5↦-1.0796338319778442)}",
        "Reward": "0.8327113850086175",
        "VehiclesAx": "{(EgoVehicle↦-0.023322105407714844),(Vehicles2↦-0.3691837191581726),(Vehicles3↦-4.599829614162445),(Vehicles4↦-5.154172331094742),(Vehicles5↦-0.8820989727973938)}",
        "VehiclesVx": "{(EgoVehicle↦24.976677894592285),(Vehicles2↦-3.685947060585022),(Vehicles3↦-6.587324738502502),(Vehicles4↦-6.50291383266449),(Vehicles5↦-2.9132598638534546)}",
        "VehiclesY": "{(EgoVehicle↦3.6599650382995605),(Vehicles2↦-3.6599650382995605),(Vehicles3↦1.1151300966739655),(Vehicles4↦4.34003484249115),(Vehicles5↦4.34003484249115)}",
        "VehiclesVy": "{(EgoVehicle↦1.0796338319778442),(Vehicles2↦-1.0796338319778442),(Vehicles3↦-3.230154514312744),(Vehicles4↦-1.0796338319778442),(Vehicles5↦-1.0796338319778442)}",
        "VehiclesX": "{(EgoVehicle↦174.91456270217896),(Vehicles2↦18.85858327150345),(Vehicles3↦40.06178081035614),(Vehicles4↦64.17818665504456),(Vehicles5↦88.98248076438904)}"
      },
      "probabilisticVariables": null,
      "activating": [
        "LANE_RIGHT_3"
      ],
      "activatingOnlyWhenExecuted": true,
      "updating": null,
      "withPredicate": null
    },
    {
      "id": "LANE_RIGHT_3",
      "execute": "LANE_RIGHT",
      "after": "1000",
      "priority": 0,
      "additionalGuards": null,
      "activationKind": null,
      "fixedVariables": {
        "Crash": "FALSE",
        "VehiclesAy": "{(EgoVehicle↦0.037668049335479736),(Vehicles2↦-0.037668049335479736),(Vehicles3↦1.9584332406520844),(Vehicles4↦-0.037668049335479736),(Vehicles5↦-2.196935713291168)}",
        "Reward": "0.8660005399738949",
        "VehiclesAx": "{(EgoVehicle↦-0.0016570091247558594),(Vehicles2↦-0.20035922527313232),(Vehicles3↦1.2901890277862549),(Vehicles4↦-1.2259209156036377),(Vehicles5↦-0.49165576696395874)}",
        "VehiclesVx": "{(EgoVehicle↦24.97502088546753),(Vehicles2↦-3.8863062858581543),(Vehicles3↦-5.297135710716248),(Vehicles4↦-7.728834748268127),(Vehicles5↦-3.4049156308174133)}",
        "VehiclesY": "{(EgoVehicle↦7.648639440536499),(Vehicles2↦-7.648639440536499),(Vehicles3↦-3.5955920219421387),(Vehicles4↦0.35136057436466217),(Vehicles5↦0.35136057436466217)}",
        "VehiclesVy": "{(EgoVehicle↦1.117301881313324),(Vehicles2↦-1.117301881313324),(Vehicles3↦-1.2717212736606598),(Vehicles4↦-1.117301881313324),(Vehicles5↦-1.117301881313324)}",
        "VehiclesX": "{(EgoVehicle↦199.53547716140747),(Vehicles2↦15.436941385269165),(Vehicles3↦34.44657921791077),(Vehicles4↦57.369786500930786),(Vehicles5↦86.20564341545105)}"
      },
      "probabilisticVariables": null,
      "activating": [
        "FASTER_4"
      ],
      "activatingOnlyWhenExecuted": true,
      "updating": null,
      "withPredicate": null
    },
    {
      "id": "FASTER_4",
      "execute": "FASTER",
      "after": "1000",
      "priority": 0,
      "additionalGuards": null,
      "activationKind": null,
      "fixedVariables": {
        "Crash": "FALSE",
        "VehiclesAy": "{(EgoVehicle↦-1.0893604787997901),(Vehicles2↦1.0893604787997901),(Vehicles3↦1.2341847596690059),(Vehicles4↦1.0893604787997901),(Vehicles5↦-1.1452432838268578)}",
        "Reward": "0.9824413461860831",
        "VehiclesAx": "{(EgoVehicle↦4.3665289878845215),(Vehicles2↦-4.469298720359802),(Vehicles3↦-3.7162476778030396),(Vehicles4↦-4.399970173835754),(Vehicles5↦-4.654373228549957)}",
        "VehiclesVx": "{(EgoVehicle↦29.34154987335205),(Vehicles2↦-8.355605006217957),(Vehicles3↦-9.013383388519287),(Vehicles4↦-12.128804922103882),(Vehicles5↦-8.05928885936737)}",
        "VehiclesY": "{(EgoVehicle↦7.99330472946167),(Vehicles2↦-7.99330472946167),(Vehicles3↦-3.9900405406951904),(Vehicles4↦0.006695416057482362),(Vehicles5↦0.006695416057482362)}",
        "VehiclesVy": "{(EgoVehicle↦0.02794140251353383),(Vehicles2↦-0.02794140251353383),(Vehicles3↦-0.03753651399165392),(Vehicles4↦-0.02794140251353383),(Vehicles5↦-0.02794140251353383)}",
        "VehiclesX": "{(EgoVehicle↦200.0),(Vehicles2↦9.087815135717392),(Vehicles3↦27.028968930244446),(Vehicles4↦47.165390849113464),(Vehicles5↦80.25766611099243)}"
      },
      "probabilisticVariables": null,
      "activating": [
        "LANE_RIGHT_5"
      ],
      "activatingOnlyWhenExecuted": true,
      "updating": null,
      "withPredicate": null
    },
    {
      "id": "LANE_RIGHT_5",
      "execute": "LANE_RIGHT",
      "after": "1000",
      "priority": 0,
      "additionalGuards": null,
      "activationKind": null,
      "fixedVariables": {
        "Crash": "FALSE",
        "VehiclesAy": "{(EgoVehicle↦-0.027845542535942513),(Vehicles2↦0.027845542535942513),(Vehicles3↦0.03687553318741266),(Vehicles4↦0.027845542535942513),(Vehicles5↦-0.028037262491125148)}",
        "Reward": "0.9976877960071264",
        "VehiclesAx": "{(EgoVehicle↦0.571742057800293),(Vehicles2↦-0.6212657690048218),(Vehicles3↦-0.28137028217315674),(Vehicles4↦-0.25693297386169434),(Vehicles5↦-0.7452923059463501)}",
        "VehiclesVx": "{(EgoVehicle↦29.913291931152344),(Vehicles2↦-8.976870775222778),(Vehicles3↦-9.294753670692444),(Vehicles4↦-12.385737895965576),(Vehicles5↦-8.80458116531372)}",
        "VehiclesY": "{(EgoVehicle↦8.000002384185791),(Vehicles2↦-8.000002384185791),(Vehicles3↦-3.999810576438904),(Vehicles4↦-2.2135311610327335E-06),(Vehicles5↦-2.2135311610327335E-06)}",
        "VehiclesVy": "{(EgoVehicle↦9.585997759131715E-05),(Vehicles2↦-9.585997759131715E-05),(Vehicles3↦-0.0006609808042412624),(Vehicles4↦-9.585997759131715E-05),(Vehicles5↦-9.585997759131715E-05)}",
        "VehiclesX": "{(EgoVehicle↦200.0),(Vehicles2↦0.39392439648509026),(Vehicles3↦17.838889360427856),(Vehicles4↦34.83303487300873),(Vehicles5↦71.80672287940979)}"
      },
      "probabilisticVariables": null,
      "activating": [
        "IDLE_6"
      ],
      "activatingOnlyWhenExecuted": true,
      "updating": null,
      "withPredicate": null
    },
    {
      "id": "IDLE_6",
      "execute": "IDLE",
      "after": "1000",
      "priority": 0,
      "additionalGuards": null,
      "activationKind": null,
      "fixedVariables": {
        "Crash": "FALSE",
        "VehiclesAy": "{(EgoVehicle↦-0.00010207551952134963),(Vehicles2↦6.947122074052459E-05),(Vehicles3↦0.0006671963461712949),(Vehicles4↦0.00010207551952134963),(Vehicles5↦-8.964443566128466E-05)}",
        "Reward": "0.9996955122319133",
        "VehiclesAx": "{(EgoVehicle↦0.07529020309448242),(Vehicles2↦-0.32238781452178955),(Vehicles3↦0.2218949794769287),(Vehicles4↦0.3323352336883545),(Vehicles5↦-0.1821887493133545)}",
        "VehiclesVx": "{(EgoVehicle↦29.988582134246826),(Vehicles2↦-9.299258589744568),(Vehicles3↦-9.072858691215515),(Vehicles4↦-12.053402662277222),(Vehicles5↦-8.986769914627075)}",
        "VehiclesY": "{(EgoVehicle↦8.000001668930054),(Vehicles2↦-3.9999908208847046),(Vehicles3↦-8.000001668930054),(Vehicles4↦-1.8936242440759088E-06),(Vehicles5↦-1.8936242440759088E-06)}",
        "VehiclesVy": "{(EgoVehicle↦-6.2155419300324866E-06),(Vehicles2↦-2.638875685079256E-05),(Vehicles3↦6.2155419300324866E-06),(Vehicles4↦6.2155419300324866E-06),(Vehicles5↦6.2155419300324866E-06)}",
        "VehiclesX": "{(EgoVehicle↦200.0),(Vehicles2↦8.543981611728668),(Vehicles3↦-8.63441750407219),(Vehicles4↦22.56661057472229),(Vehicles5↦62.91380524635315)}"
      },
      "probabilisticVariables": null,
      "activating": [
        "LANE_RIGHT_7"
      ],
      "activatingOnlyWhenExecuted": true,
      "updating": null,
      "withPredicate": null
    },
    {
      "id": "LANE_RIGHT_7",
      "execute": "LANE_RIGHT",
      "after": "1000",
      "priority": 0,
      "additionalGuards": null,
      "activationKind": null,
      "fixedVariables": {
        "Crash": "FALSE",
        "VehiclesAy": "{(EgoVehicle↦6.092985973538134E-06),(Vehicles2↦2.4632141446545575E-05),(Vehicles3↦-6.092985973538134E-06),(Vehicles4↦-6.092985973538134E-06),(Vehicles5↦6.338097886526839E-06)}",
        "Reward": "0.9999599028453572",
        "VehiclesAx": "{(EgoVehicle↦0.009913444519042969),(Vehicles2↦-0.062378644943237305),(Vehicles3↦-2.5884050130844116),(Vehicles4↦2.9894107580184937),(Vehicles5↦-4.19863224029541)}",
        "VehiclesVx": "{(EgoVehicle↦29.99849557876587),(Vehicles2↦-9.361637234687805),(Vehicles3↦-11.661263704299927),(Vehicles4↦-9.063991904258728),(Vehicles5↦-13.185402154922485)}",
        "VehiclesY": "{(EgoVehicle↦8.000000238418579),(Vehicles2↦-3.9999994039535522),(Vehicles3↦-2.8643444949238983E-08),(Vehicles4↦-2.8643444949238983E-08),(Vehicles5↦-4.0000001192092896)}",
        "VehiclesVy": "{(EgoVehicle↦-1.2255595649435236E-07),(Vehicles2↦-1.7566154042469861E-06),(Vehicles3↦1.2255595649435236E-07),(Vehicles4↦1.2255595649435236E-07),(Vehicles5↦1.2255595649435236E-07)}",
        "VehiclesX": "{(EgoVehicle↦200.0),(Vehicles2↦-0.7746708113700151),(Vehicles3↦10.671068727970123),(Vehicles4↦53.892236948013306),(Vehicles5↦78.37105989456177)}"
      },
      "probabilisticVariables": null,
      "activating": [
        "SLOWER_8"
      ],
      "activatingOnlyWhenExecuted": true,
      "updating": null,
      "withPredicate": null
    },
    {
      "id": "SLOWER_8",
      "execute": "SLOWER",
      "after": "1000",
      "priority": 0,
      "additionalGuards": null,
      "activationKind": null,
      "fixedVariables": {
        "Crash": "TRUE",
        "VehiclesAy": "{(EgoVehicle↦1.1860915805073091E-07),(Vehicles2↦1.7605622026906076E-06),(Vehicles3↦-2.2796967868998763E-07),(Vehicles4↦-1.1860915805073091E-07),(Vehicles5↦1.265027549379738E-07)}",
        "Reward": "0.06666666666666665",
        "VehiclesAx": "{(EgoVehicle↦-13.05063247680664),(Vehicles2↦4.291422367095947),(Vehicles3↦15.232928097248077),(Vehicles4↦13.006819784641266),(Vehicles5↦13.124323380179703)}",
        "VehiclesVx": "{(EgoVehicle↦16.94786310195923),(Vehicles2↦-5.070214867591858),(Vehicles3↦3.5716643929481506),(Vehicles4↦3.942827880382538),(Vehicles5↦-0.061078774742782116)}",
        "VehiclesY": "{(EgoVehicle↦8.000000238418579),(Vehicles2↦-1.0893153046254156E-10),(Vehicles3↦-4.0000001192092896),(Vehicles4↦3.426885442081584E-10),(Vehicles5↦-4.0000001192092896)}",
        "VehiclesVy": "{(EgoVehicle↦-3.9467984436214465E-09),(Vehicles2↦3.9467984436214465E-09),(Vehicles3↦-1.0541372219563527E-07),(Vehicles4↦3.9467984436214465E-09),(Vehicles5↦3.9467984436214465E-09)}",
        "VehiclesX": "{(EgoVehicle↦200.0),(Vehicles2↦5.000000074505806),(Vehicles3↦-5.202839523553848),(Vehicles4↦49.78612661361694),(Vehicles5↦70.1867401599884)}"
      },
      "probabilisticVariables": null,
      "activating": null,
      "activatingOnlyWhenExecuted": true,
      "updating": null,
      "withPredicate": null
    }
  ],
  "listeners": [],
  "metadata": {
    "fileType": "Timed_Trace",
    "formatVersion": 3,
    "savedAt": "2023-08-15T11:29:26.151625Z",
    "creator": "Simulation: MONTE_CARLO_SIMULATION; MAX_STEPS_BEFORE_PROPERTY : 0, EXECUTIONS : 1000, ENDING_TIME : 60000",
    "proB2KernelVersion": "4.12.2",
    "proBCliVersion": "1.12.2-final",
    "modelName": "HighwayEnvironment"
  }
}