{
  "variables": {},
  "activations": [
    {
      "id": "$setup_constants",
      "execute": "$setup_constants",
      "after": "0",
      "priority": 0,
      "additionalGuards": null,
      "activationKind": null,
      "fixedVariables": null,
      "probabilisticVariables": null,
      "activating": null,
      "activatingOnlyWhenExecuted": true,
      "updating": null,
      "withPredicate": null
    },
    {
      "id": "$initialise_machine",
      "execute": "$initialise_machine",
      "after": "0",
      "priority": 0,
      "additionalGuards": null,
      "activationKind": null,
      "fixedVariables": {
        "Crash": "FALSE",
        "VehiclesAy": "{(EgoVehicle↦0.0),(Vehicles2↦0.0),(Vehicles3↦0.0),(Vehicles4↦0.0),(Vehicles5↦0.0)}",
        "Reward": "0.0",
        "VehiclesAx": "{(EgoVehicle↦0.0),(Vehicles2↦0.0),(Vehicles3↦0.0),(Vehicles4↦0.0),(Vehicles5↦0.0)}",
        "VehiclesVx": "{(EgoVehicle↦25.0),(Vehicles2↦-3.078923523426056),(Vehicles3↦-1.783692091703415),(Vehicles4↦-2.7401533722877502),(Vehicles5↦-3.360111713409424)}",
        "VehiclesY": "{(EgoVehicle↦0.0),(Vehicles2↦8.000000238418579),(Vehicles3↦4.0000001192092896),(Vehicles4↦4.0000001192092896),(Vehicles5↦0.0)}",
        "VehiclesVy": "{(EgoVehicle↦0.0),(Vehicles2↦0.0),(Vehicles3↦0.0),(Vehicles4↦0.0),(Vehicles5↦0.0)}",
        "VehiclesX": "{(EgoVehicle↦153.3694624900818),(Vehicles2↦21.0996150970459),(Vehicles3↦45.480358600616455),(Vehicles4↦69.68424320220947),(Vehicles5↦92.03633666038513)}"
      },
      "probabilisticVariables": null,
      "activating": [
        "LANE_RIGHT_2"
      ],
      "activatingOnlyWhenExecuted": true,
      "updating": null,
      "withPredicate": null
    },
    {
      "id": "LANE_RIGHT_2",
      "execute": "LANE_RIGHT",
      "after": "1000",
      "priority": 0,
      "additionalGuards": null,
      "activationKind": null,
      "fixedVariables": {
        "Crash": "FALSE",
        "VehiclesAy": "{(EgoVehicle↦1.0796338319778442),(Vehicles2↦-1.0796338319778442),(Vehicles3↦-7.4816566705703735),(Vehicles4↦-1.0796338319778442),(Vehicles5↦-1.0796338319778442)}",
        "Reward": "0.8327113850086175",
        "VehiclesAx": "{(EgoVehicle↦-0.023322105407714844),(Vehicles2↦-0.38763225078582764),(Vehicles3↦-6.554926186800003),(Vehicles4↦-1.8752038478851318),(Vehicles5↦-0.4202014207839966)}",
        "VehiclesVx": "{(EgoVehicle↦24.976677894592285),(Vehicles2↦-3.4665557742118835),(Vehicles3↦-8.338618278503418),(Vehicles4↦-4.615357220172882),(Vehicles5↦-3.7803131341934204)}",
        "VehiclesY": "{(EgoVehicle↦3.6599650382995605),(Vehicles2↦4.34003484249115),(Vehicles3↦-0.5782621800899506),(Vehicles4↦0.3400348797440529),(Vehicles5↦-3.6599650382995605)}",
        "VehiclesVy": "{(EgoVehicle↦1.0796338319778442),(Vehicles2↦-1.0796338319778442),(Vehicles3↦-7.4816566705703735),(Vehicles4↦-1.0796338319778442),(Vehicles5↦-1.0796338319778442)}",
        "VehiclesX": "{(EgoVehicle↦178.04970741271973),(Vehicles2↦18.181374669075012),(Vehicles3↦41.530641913414),(Vehicles4↦66.3550078868866),(Vehicles5↦88.81326913833618)}"
      },
      "probabilisticVariables": null,
      "activating": [
        "FASTER_3"
      ],
      "activatingOnlyWhenExecuted": true,
      "updating": null,
      "withPredicate": null
    },
    {
      "id": "FASTER_3",
      "execute": "FASTER",
      "after": "1000",
      "priority": 0,
      "additionalGuards": null,
      "activationKind": null,
      "fixedVariables": {
        "Crash": "FALSE",
        "VehiclesAy": "{(EgoVehicle↦-1.0525126825086772),(Vehicles2↦1.0525126825086772),(Vehicles3↦6.694100424647331),(Vehicles4↦1.0525126825086772),(Vehicles5↦-1.1067549814470112)}",
        "Reward": "0.9491080333766447",
        "VehiclesAx": "{(EgoVehicle↦4.364874362945557),(Vehicles2↦-4.732799232006073),(Vehicles3↦-3.061598539352417),(Vehicles4↦-5.109194219112396),(Vehicles5↦-4.734182357788086)}",
        "VehiclesVx": "{(EgoVehicle↦29.341552257537842),(Vehicles2↦-8.199355006217957),(Vehicles3↦-11.400216817855835),(Vehicles4↦-9.724551439285278),(Vehicles5↦-8.514495491981506)}",
        "VehiclesY": "{(EgoVehicle↦3.993496298789978),(Vehicles2↦4.006503582000732),(Vehicles3↦-3.7229572534561157),(Vehicles4↦0.006503580836579204),(Vehicles5↦-3.993496298789978)}",
        "VehiclesVy": "{(EgoVehicle↦0.027121149469166994),(Vehicles2↦-0.027121149469166994),(Vehicles3↦-0.7875562459230423),(Vehicles4↦-0.027121149469166994),(Vehicles5↦-0.027121149469166994)}",
        "VehiclesX": "{(EgoVehicle↦200.0),(Vehicles2↦12.143728137016296),(Vehicles3↦31.34112060070038),(Vehicles4↦58.974844217300415),(Vehicles5↦82.4642539024353)}"
      },
      "probabilisticVariables": null,
      "activating": [
        "LANE_LEFT_4"
      ],
      "activatingOnlyWhenExecuted": true,
      "updating": null,
      "withPredicate": null
    },
    {
      "id": "LANE_LEFT_4",
      "execute": "LANE_LEFT",
      "after": "1000",
      "priority": 0,
      "additionalGuards": null,
      "activationKind": null,
      "fixedVariables": {
        "Crash": "FALSE",
        "VehiclesAy": "{(EgoVehicle↦-1.0451158066280186),(Vehicles2↦1.0451158066280186),(Vehicles3↦1.7490152269601822),(Vehicles4↦1.0451158066280186),(Vehicles5↦0.9908735076896846)}",
        "Reward": "0.9305590768575441",
        "VehiclesAx": "{(EgoVehicle↦0.5544137954711914),(Vehicles2↦-0.8091270923614502),(Vehicles3↦0.24570703506469727),(Vehicles4↦-0.8515727519989014),(Vehicles5↦-0.8492749929428101)}",
        "VehiclesVx": "{(EgoVehicle↦29.895966053009033),(Vehicles2↦-9.008482098579407),(Vehicles3↦-11.154509782791138),(Vehicles4↦-10.57612419128418),(Vehicles5↦-9.363770484924316)}",
        "VehiclesY": "{(EgoVehicle↦0.2919608876109123),(Vehicles2↦7.708039283752441),(Vehicles3↦-0.2721013203263283),(Vehicles4↦3.708039164543152),(Vehicles5↦-0.2919608876109123)}",
        "VehiclesVy": "{(EgoVehicle↦-1.0179946571588516),(Vehicles2↦1.0179946571588516),(Vehicles3↦0.9614589810371399),(Vehicles4↦1.0179946571588516),(Vehicles5↦1.0179946571588516)}",
        "VehiclesX": "{(EgoVehicle↦200.0),(Vehicles2↦3.798738121986389),(Vehicles3↦20.260605216026306),(Vehicles4↦49.07329082489014),(Vehicles5↦73.79093170166016)}"
      },
      "probabilisticVariables": null,
      "activating": [
        "SLOWER_5"
      ],
      "activatingOnlyWhenExecuted": true,
      "updating": null,
      "withPredicate": null
    },
    {
      "id": "SLOWER_5",
      "execute": "SLOWER",
      "after": "1000",
      "priority": 0,
      "additionalGuards": null,
      "activationKind": null,
      "fixedVariables": {
        "Crash": "FALSE",
        "VehiclesAy": "{(EgoVehicle↦0.9946395247243345),(Vehicles2↦-0.9946395247243345),(Vehicles3↦-0.942028007702902),(Vehicles4↦-0.9946395247243345),(Vehicles5↦1.0413497895933688)}",
        "Reward": "0.8172535276975704",
        "VehiclesAx": "{(EgoVehicle↦-4.248957633972168),(Vehicles2↦4.084371328353882),(Vehicles3↦4.732586741447449),(Vehicles4↦4.15250301361084),(Vehicles5↦4.013811945915222)}",
        "VehiclesVx": "{(EgoVehicle↦25.647008419036865),(Vehicles2↦-4.924110770225525),(Vehicles3↦-6.421923041343689),(Vehicles4↦-6.42362117767334),(Vehicles5↦-5.349958539009094)}",
        "VehiclesY": "{(EgoVehicle↦0.006921475287526846),(Vehicles2↦7.993078708648682),(Vehicles3↦-0.005553185474127531),(Vehicles4↦3.993078589439392),(Vehicles5↦-0.006921475287526846)}",
        "VehiclesVy": "{(EgoVehicle↦-0.023355132434517145),(Vehicles2↦0.023355132434517145),(Vehicles3↦0.019430973334237933),(Vehicles4↦0.023355132434517145),(Vehicles5↦0.023355132434517145)}",
        "VehiclesX": "{(EgoVehicle↦200.0),(Vehicles2↦-2.9427748173475266),(Vehicles3↦11.658486723899841),(Vehicles4↦40.786734223365784),(Vehicles5↦66.66784882545471)}"
      },
      "probabilisticVariables": null,
      "activating": [
        "SLOWER_6"
      ],
      "activatingOnlyWhenExecuted": true,
      "updating": null,
      "withPredicate": null
    },
    {
      "id": "SLOWER_6",
      "execute": "SLOWER",
      "after": "1000",
      "priority": 0,
      "additionalGuards": null,
      "activationKind": null,
      "fixedVariables": {
        "Crash": "FALSE",
        "VehiclesAy": "{(EgoVehicle↦0.022453658530139364),(Vehicles2↦-0.022453658530139364),(Vehicles3↦-0.018790893373079598),(Vehicles4↦-0.022453658530139364),(Vehicles5↦0.024256606338894926)}",
        "Reward": "0.6864970720182338",
        "VehiclesAx": "{(EgoVehicle↦-4.903368949890137),(Vehicles2↦4.801648268476129),(Vehicles3↦5.179567337036133),(Vehicles4↦4.864358454942703),(Vehicles5↦4.665426686406136)}",
        "VehiclesVx": "{(EgoVehicle↦20.74363946914673),(Vehicles2↦-0.12246250174939632),(Vehicles3↦-1.2423557043075562),(Vehicles4↦-1.5592627227306366),(Vehicles5↦-0.6845318526029587)}",
        "VehiclesY": "{(EgoVehicle↦0.0003116696752840653),(Vehicles2↦7.999688386917114),(Vehicles3↦-0.0002208953010267578),(Vehicles4↦3.9996882677078247),(Vehicles5↦-0.0003116696752840653)}",
        "VehiclesVy": "{(EgoVehicle↦-0.0009014739043777809),(Vehicles2↦0.0009014739043777809),(Vehicles3↦0.0006400799611583352),(Vehicles4↦0.0009014739043777809),(Vehicles5↦0.0009014739043777809)}",
        "VehiclesX": "{(EgoVehicle↦200.0),(Vehicles2↦-5.206632241606712),(Vehicles3↦8.065856248140335),(Vehicles4↦37.06009387969971),(Vehicles5↦63.92890214920044)}"
      },
      "probabilisticVariables": null,
      "activating": [
        "FASTER_7"
      ],
      "activatingOnlyWhenExecuted": true,
      "updating": null,
      "withPredicate": null
    },
    {
      "id": "FASTER_7",
      "execute": "FASTER",
      "after": "1000",
      "priority": 0,
      "additionalGuards": null,
      "activationKind": null,
      "fixedVariables": {
        "Crash": "TRUE",
        "VehiclesAy": "{(EgoVehicle↦0.0008579649966122815),(Vehicles2↦-0.0008749920880291029),(Vehicles3↦-0.0005965710533928359),(Vehicles4↦-0.0008579649966122815),(Vehicles5↦0.0009449828121432802)}",
        "Reward": "0.11838644576562814",
        "VehiclesAx": "{(EgoVehicle↦3.695852756500244),(Vehicles2↦-4.637310514226556),(Vehicles3↦-2.6369869709014893),(Vehicles4↦-3.848077803850174),(Vehicles5↦-3.368268683552742)}",
        "VehiclesVx": "{(EgoVehicle↦24.439492225646973),(Vehicles2↦-4.759773015975952),(Vehicles3↦-3.8793426752090454),(Vehicles4↦-5.4073405265808105),(Vehicles5↦-4.052800536155701)}",
        "VehiclesY": "{(EgoVehicle↦1.3258333183330251E-05),(Vehicles2↦-7.4717811457958305E-06),(Vehicles3↦7.99998664855957),(Vehicles4↦3.9999868869781494),(Vehicles5↦-1.3258333183330251E-05)}",
        "VehiclesVy": "{(EgoVehicle↦-4.3508907765499316E-05),(Vehicles2↦2.6481816348677967E-05),(Vehicles3↦4.3508907765499316E-05),(Vehicles4↦4.3508907765499316E-05),(Vehicles5↦4.3508907765499316E-05)}",
        "VehiclesX": "{(EgoVehicle↦200.0),(Vehicles2↦5.000001937150955),(Vehicles3↦-7.323506474494934),(Vehicles4↦33.47640931606293),(Vehicles5↦61.42394542694092)}"
      },
      "probabilisticVariables": null,
      "activating": null,
      "activatingOnlyWhenExecuted": true,
      "updating": null,
      "withPredicate": null
    }
  ],
  "listeners": [],
  "metadata": {
    "fileType": "Timed_Trace",
    "formatVersion": 3,
    "savedAt": "2023-08-15T11:29:43.859720Z",
    "creator": "Simulation: MONTE_CARLO_SIMULATION; MAX_STEPS_BEFORE_PROPERTY : 0, EXECUTIONS : 1000, ENDING_TIME : 60000",
    "proB2KernelVersion": "4.12.2",
    "proBCliVersion": "1.12.2-final",
    "modelName": "HighwayEnvironment"
  }
}