{
  "variables": {},
  "activations": [
    {
      "id": "$setup_constants",
      "execute": "$setup_constants",
      "after": "0",
      "priority": 0,
      "additionalGuards": null,
      "activationKind": null,
      "fixedVariables": null,
      "probabilisticVariables": null,
      "activating": null,
      "activatingOnlyWhenExecuted": true,
      "updating": null,
      "withPredicate": null
    },
    {
      "id": "$initialise_machine",
      "execute": "$initialise_machine",
      "after": "0",
      "priority": 0,
      "additionalGuards": null,
      "activationKind": null,
      "fixedVariables": {
        "Crash": "FALSE",
        "VehiclesAy": "{(EgoVehicle↦0.0),(Vehicles2↦0.0),(Vehicles3↦0.0),(Vehicles4↦0.0),(Vehicles5↦0.0)}",
        "Reward": "0.0",
        "VehiclesAx": "{(EgoVehicle↦0.0),(Vehicles2↦0.0),(Vehicles3↦0.0),(Vehicles4↦0.0),(Vehicles5↦0.0)}",
        "VehiclesVx": "{(EgoVehicle↦25.0),(Vehicles2↦-2.7248412370681763),(Vehicles3↦-1.9594566524028778),(Vehicles4↦-1.595519781112671),(Vehicles5↦-3.6864835023880005)}",
        "VehiclesY": "{(EgoVehicle↦4.0000001192092896),(Vehicles2↦4.0000001192092896),(Vehicles3↦4.0000001192092896),(Vehicles4↦0.0),(Vehicles5↦0.0)}",
        "VehiclesVy": "{(EgoVehicle↦0.0),(Vehicles2↦0.0),(Vehicles3↦0.0),(Vehicles4↦0.0),(Vehicles5↦0.0)}",
        "VehiclesX": "{(EgoVehicle↦152.84647941589355),(Vehicles2↦22.689932584762573),(Vehicles3↦45.98710238933563),(Vehicles4↦72.2410798072815),(Vehicles5↦95.29770612716675)}"
      },
      "probabilisticVariables": null,
      "activating": [
        "FASTER_2"
      ],
      "activatingOnlyWhenExecuted": true,
      "updating": null,
      "withPredicate": null
    },
    {
      "id": "FASTER_2",
      "execute": "FASTER",
      "after": "1000",
      "priority": 0,
      "additionalGuards": null,
      "activationKind": null,
      "fixedVariables": {
        "Crash": "FALSE",
        "VehiclesAy": "{(EgoVehicle↦0.0),(Vehicles2↦0.0),(Vehicles3↦0.0),(Vehicles4↦-3.240605592727661),(Vehicles5↦0.0)}",
        "Reward": "0.9491083676268861",
        "VehiclesAx": "{(EgoVehicle↦4.341564178466797),(Vehicles2↦-8.532983660697937),(Vehicles3↦-4.494618326425552),(Vehicles4↦-10.460304021835327),(Vehicles5↦-5.048975348472595)}",
        "VehiclesVx": "{(EgoVehicle↦29.341564178466797),(Vehicles2↦-11.257824897766113),(Vehicles3↦-6.45407497882843),(Vehicles4↦-12.055823802947998),(Vehicles5↦-8.735458850860596)}",
        "VehiclesY": "{(EgoVehicle↦4.0000001192092896),(Vehicles2↦4.0000001192092896),(Vehicles3↦4.0000001192092896),(Vehicles4↦-2.7323750853538513),(Vehicles5↦0.0)}",
        "VehiclesVy": "{(EgoVehicle↦0.0),(Vehicles2↦0.0),(Vehicles3↦0.0),(Vehicles4↦-3.240605592727661),(Vehicles5↦0.0)}",
        "VehiclesX": "{(EgoVehicle↦180.2415370941162),(Vehicles2↦15.437237918376923),(Vehicles3↦41.60282909870148),(Vehicles4↦65.52119851112366),(Vehicles5↦88.9534056186676)}"
      },
      "probabilisticVariables": null,
      "activating": [
        "FASTER_3"
      ],
      "activatingOnlyWhenExecuted": true,
      "updating": null,
      "withPredicate": null
    },
    {
      "id": "FASTER_3",
      "execute": "FASTER",
      "after": "1000",
      "priority": 0,
      "additionalGuards": null,
      "activationKind": null,
      "fixedVariables": {
        "Crash": "FALSE",
        "VehiclesAy": "{(EgoVehicle↦0.0),(Vehicles2↦0.0),(Vehicles3↦0.0),(Vehicles4↦2.9497892409563065),(Vehicles5↦0.0)}",
        "Reward": "0.964354462677889",
        "VehiclesAx": "{(EgoVehicle↦0.5717277526855469),(Vehicles2↦-1.2647593021392822),(Vehicles3↦-1.047149896621704),(Vehicles4↦-1.220991611480713),(Vehicles5↦-1.053323745727539)}",
        "VehiclesVx": "{(EgoVehicle↦29.913291931152344),(Vehicles2↦-12.522584199905396),(Vehicles3↦-7.501224875450134),(Vehicles4↦-13.276815414428711),(Vehicles5↦-9.788782596588135)}",
        "VehiclesY": "{(EgoVehicle↦4.0000001192092896),(Vehicles2↦4.0000001192092896),(Vehicles3↦4.0000001192092896),(Vehicles4↦-3.8915562629699707),(Vehicles5↦0.0)}",
        "VehiclesVy": "{(EgoVehicle↦0.0),(Vehicles2↦0.0),(Vehicles3↦0.0),(Vehicles4↦-0.2908163517713547),(Vehicles5↦0.0)}",
        "VehiclesX": "{(EgoVehicle↦200.0),(Vehicles2↦3.4792818129062653),(Vehicles3↦34.61219072341919),(Vehicles4↦53.04780602455139),(Vehicles5↦79.654061794281)}"
      },
      "probabilisticVariables": null,
      "activating": [
        "SLOWER_4"
      ],
      "activatingOnlyWhenExecuted": true,
      "updating": null,
      "withPredicate": null
    },
    {
      "id": "SLOWER_4",
      "execute": "SLOWER",
      "after": "1000",
      "priority": 0,
      "additionalGuards": null,
      "activationKind": null,
      "fixedVariables": {
        "Crash": "FALSE",
        "VehiclesAy": "{(EgoVehicle↦0.0),(Vehicles2↦0.0),(Vehicles3↦0.0),(Vehicles4↦0.2644366677850485),(Vehicles5↦0.0)}",
        "Reward": "0.8505871446050444",
        "VehiclesAx": "{(EgoVehicle↦-4.2662739753723145),(Vehicles2↦4.363582730293274),(Vehicles3↦4.050769209861755),(Vehicles4↦3.2540929317474365),(Vehicles5↦3.964759111404419)}",
        "VehiclesVx": "{(EgoVehicle↦25.64701795578003),(Vehicles2↦-8.159001469612122),(Vehicles3↦-3.450455665588379),(Vehicles4↦-10.022722482681274),(Vehicles5↦-5.824023485183716)}",
        "VehiclesY": "{(EgoVehicle↦4.0000001192092896),(Vehicles2↦4.0000001192092896),(Vehicles3↦4.0000001192092896),(Vehicles4↦-3.989975094795227),(Vehicles5↦0.0)}",
        "VehiclesVy": "{(EgoVehicle↦0.0),(Vehicles2↦0.0),(Vehicles3↦0.0),(Vehicles4↦-0.02637968398630619),(Vehicles5↦0.0)}",
        "VehiclesX": "{(EgoVehicle↦200.0),(Vehicles2↦-6.682994961738586),(Vehicles3↦29.36440110206604),(Vehicles4↦41.70631766319275),(Vehicles5↦72.09520936012268)}"
      },
      "probabilisticVariables": null,
      "activating": [
        "SLOWER_5"
      ],
      "activatingOnlyWhenExecuted": true,
      "updating": null,
      "withPredicate": null
    },
    {
      "id": "SLOWER_5",
      "execute": "SLOWER",
      "after": "1000",
      "priority": 0,
      "additionalGuards": null,
      "activationKind": null,
      "fixedVariables": {
        "Crash": "FALSE",
        "VehiclesAy": "{(EgoVehicle↦0.0),(Vehicles2↦0.0),(Vehicles3↦-0.0026270549278706312),(Vehicles4↦0.02637968398630619),(Vehicles5↦0.0)}",
        "Reward": "0.7198304058739153",
        "VehiclesAx": "{(EgoVehicle↦-4.903378486633301),(Vehicles2↦9.445941299200058),(Vehicles3↦-2.408391237258911),(Vehicles4↦8.850036188960075),(Vehicles5↦-1.5333771705627441)}",
        "VehiclesVx": "{(EgoVehicle↦20.74363946914673),(Vehicles2↦1.2869398295879364),(Vehicles3↦-5.85884690284729),(Vehicles4↦-1.172686293721199),(Vehicles5↦-7.35740065574646)}",
        "VehiclesY": "{(EgoVehicle↦4.0000001192092896),(Vehicles2↦4.0000001192092896),(Vehicles3↦-3.998990535736084),(Vehicles4↦0.0),(Vehicles5↦-4.0000001192092896)}",
        "VehiclesVy": "{(EgoVehicle↦0.0),(Vehicles2↦0.0),(Vehicles3↦-0.0026270549278706312),(Vehicles4↦0.0),(Vehicles5↦0.0)}",
        "VehiclesX": "{(EgoVehicle↦200.0),(Vehicles2↦28.553536534309387),(Vehicles3↦34.06580090522766),(Vehicles4↦68.86438727378845),(Vehicles5↦69.42012310028076)}"
      },
      "probabilisticVariables": null,
      "activating": [
        "LANE_RIGHT_6"
      ],
      "activatingOnlyWhenExecuted": true,
      "updating": null,
      "withPredicate": null
    },
    {
      "id": "LANE_RIGHT_6",
      "execute": "LANE_RIGHT",
      "after": "1000",
      "priority": 0,
      "additionalGuards": null,
      "activationKind": null,
      "fixedVariables": {
        "Crash": "FALSE",
        "VehiclesAy": "{(EgoVehicle↦1.159033626317978),(Vehicles2↦-1.159311980009079),(Vehicles3↦-1.1564065713901073),(Vehicles4↦-1.159033626317978),(Vehicles5↦-1.159033626317978)}",
        "Reward": "0.7350527937050897",
        "VehiclesAx": "{(EgoVehicle↦-0.6791591644287109),(Vehicles2↦-6.862169951200485),(Vehicles3↦7.6589445769786835),(Vehicles4↦-4.819465205073357),(Vehicles5↦6.697617173194885)}",
        "VehiclesVx": "{(EgoVehicle↦20.064480304718018),(Vehicles2↦-5.575230121612549),(Vehicles3↦1.8000976741313934),(Vehicles4↦-5.992151498794556),(Vehicles5↦-0.6597834825515747)}",
        "VehiclesY": "{(EgoVehicle↦7.598444223403931),(Vehicles2↦-7.598336935043335),(Vehicles3↦0.40155597031116486),(Vehicles4↦-7.598444223403931),(Vehicles5↦-3.598444104194641)}",
        "VehiclesVy": "{(EgoVehicle↦1.159033626317978),(Vehicles2↦-1.159311980009079),(Vehicles3↦-1.159033626317978),(Vehicles4↦-1.159033626317978),(Vehicles5↦-1.159033626317978)}",
        "VehiclesX": "{(EgoVehicle↦200.0),(Vehicles2↦28.753146529197693),(Vehicles3↦30.503326654434204),(Vehicles4↦63.058602809906006),(Vehicles5↦68.36127042770386)}"
      },
      "probabilisticVariables": null,
      "activating": [
        "LANE_RIGHT_7"
      ],
      "activatingOnlyWhenExecuted": true,
      "updating": null,
      "withPredicate": null
    },
    {
      "id": "LANE_RIGHT_7",
      "execute": "LANE_RIGHT",
      "after": "1000",
      "priority": 0,
      "additionalGuards": null,
      "activationKind": null,
      "fixedVariables": {
        "Crash": "FALSE",
        "VehiclesAy": "{(EgoVehicle↦-1.0864289524033666),(Vehicles2↦3.0766576528549194),(Vehicles3↦1.0864289524033666),(Vehicles4↦1.0864289524033666),(Vehicles5↦-1.2316383002325892)}",
        "Reward": "0.7336737108707366",
        "VehiclesAx": "{(EgoVehicle↦-0.05171537399291992),(Vehicles2↦0.3726625442504883),(Vehicles3↦-0.023576170206069946),(Vehicles4↦0.7874792814254761),(Vehicles5↦-0.11352524161338806)}",
        "VehiclesVx": "{(EgoVehicle↦20.012764930725098),(Vehicles2↦-5.2025675773620605),(Vehicles3↦1.7765215039253235),(Vehicles4↦-5.20467221736908),(Vehicles5↦-0.7733087241649628)}",
        "VehiclesY": "{(EgoVehicle↦7.9749977588653564),(Vehicles2↦-4.7208205461502075),(Vehicles3↦0.025002320297062397),(Vehicles4↦-7.9749977588653564),(Vehicles5↦-3.974997639656067)}",
        "VehiclesVy": "{(EgoVehicle↦0.07260467391461134),(Vehicles2↦1.9173456728458405),(Vehicles3↦-0.07260467391461134),(Vehicles4↦-0.07260467391461134),(Vehicles5↦-0.07260467391461134)}",
        "VehiclesX": "{(EgoVehicle↦200.0),(Vehicles2↦22.628051042556763),(Vehicles3↦32.28485882282257),(Vehicles4↦57.38069415092468),(Vehicles5↦67.65117645263672)}"
      },
      "probabilisticVariables": null,
      "activating": [
        "IDLE_8"
      ],
      "activatingOnlyWhenExecuted": true,
      "updating": null,
      "withPredicate": null
    },
    {
      "id": "IDLE_8",
      "execute": "IDLE",
      "after": "1000",
      "priority": 0,
      "additionalGuards": null,
      "activationKind": null,
      "fixedVariables": {
        "Crash": "FALSE",
        "VehiclesAy": "{(EgoVehicle↦-0.06808779056882486),(Vehicles2↦-1.7252755351364613),(Vehicles3↦0.06808779056882486),(Vehicles4↦0.06808779056882486),(Vehicles5↦-0.07712155726039782)}",
        "Reward": "0.7333786056031819",
        "VehiclesAx": "{(EgoVehicle↦-0.011067390441894531),(Vehicles2↦1.547110676765442),(Vehicles3↦-0.002270936965942383),(Vehicles4↦0.6973719596862793),(Vehicles5↦-0.10497808456420898)}",
        "VehiclesVx": "{(EgoVehicle↦20.001697540283203),(Vehicles2↦-3.6554569005966187),(Vehicles3↦1.774250566959381),(Vehicles4↦-4.5073002576828),(Vehicles5↦-0.8782868087291718)}",
        "VehiclesY": "{(EgoVehicle↦7.998444557189941),(Vehicles2↦-4.07040274143219),(Vehicles3↦0.0015551928081549704),(Vehicles4↦-7.998444557189941),(Vehicles5↦-3.9984447956085205)}",
        "VehiclesVy": "{(EgoVehicle↦0.004516883345786482),(Vehicles2↦0.1920701377093792),(Vehicles3↦-0.004516883345786482),(Vehicles4↦-0.004516883345786482),(Vehicles5↦-0.004516883345786482)}",
        "VehiclesX": "{(EgoVehicle↦200.0),(Vehicles2↦18.13584566116333),(Vehicles3↦34.05916094779968),(Vehicles4↦52.462875843048096),(Vehicles5↦66.83309674263)}"
      },
      "probabilisticVariables": null,
      "activating": [
        "SLOWER_9"
      ],
      "activatingOnlyWhenExecuted": true,
      "updating": null,
      "withPredicate": null
    },
    {
      "id": "SLOWER_9",
      "execute": "SLOWER",
      "after": "1000",
      "priority": 0,
      "additionalGuards": null,
      "activationKind": null,
      "fixedVariables": {
        "Crash": "FALSE",
        "VehiclesAy": "{(EgoVehicle↦-0.004235850210534409),(Vehicles2↦-0.1752973662223667),(Vehicles3↦0.004235850210534409),(Vehicles4↦0.004235850210534409),(Vehicles5↦-0.0047979164810385555)}",
        "Reward": "0.733339296852063",
        "VehiclesAx": "{(EgoVehicle↦-0.0014734268188476562),(Vehicles2↦1.023695170879364),(Vehicles3↦0.009778141975402832),(Vehicles4↦0.5960851907730103),(Vehicles5↦-0.06174147129058838)}",
        "VehiclesVx": "{(EgoVehicle↦20.000224113464355),(Vehicles2↦-2.6317617297172546),(Vehicles3↦1.784028708934784),(Vehicles4↦-3.91121506690979),(Vehicles5↦-0.9400282800197601)}",
        "VehiclesY": "{(EgoVehicle↦7.999902963638306),(Vehicles2↦-4.006046533584595),(Vehicles3↦9.675995897850953E-05),(Vehicles4↦-7.999902963638306),(Vehicles5↦-3.9999032020568848)}",
        "VehiclesVy": "{(EgoVehicle↦0.0002810331352520734),(Vehicles2↦0.016772771487012506),(Vehicles3↦-0.0002810331352520734),(Vehicles4↦-0.0002810331352520734),(Vehicles5↦-0.0002810331352520734)}",
        "VehiclesX": "{(EgoVehicle↦200.0),(Vehicles2↦14.92002010345459),(Vehicles3↦35.83681583404541),(Vehicles4↦48.20232689380646),(Vehicles5↦65.9265398979187)}"
      },
      "probabilisticVariables": null,
      "activating": [
        "SLOWER_10"
      ],
      "activatingOnlyWhenExecuted": true,
      "updating": null,
      "withPredicate": null
    },
    {
      "id": "SLOWER_10",
      "execute": "SLOWER",
      "after": "1000",
      "priority": 0,
      "additionalGuards": null,
      "activationKind": null,
      "fixedVariables": {
        "Crash": "FALSE",
        "VehiclesAy": "{(EgoVehicle↦-0.0002635473447298864),(Vehicles2↦-0.015438514528796077),(Vehicles3↦0.0002635473447298864),(Vehicles4↦0.0002635473447298864),(Vehicles5↦-0.0002985189257742604)}",
        "Reward": "0.733334118659402",
        "VehiclesAx": "{(EgoVehicle↦-0.00019550323486328125),(Vehicles2↦0.691504031419754),(Vehicles3↦0.010838359594345093),(Vehicles4↦0.4954013228416443),(Vehicles5↦-0.03497563302516937)}",
        "VehiclesVx": "{(EgoVehicle↦20.000028610229492),(Vehicles2↦-1.9402576982975006),(Vehicles3↦1.794867068529129),(Vehicles4↦-3.4158137440681458),(Vehicles5↦-0.9750039130449295)}",
        "VehiclesY": "{(EgoVehicle↦7.999993801116943),(Vehicles2↦-4.000475764274597),(Vehicles3↦6.020360615366371E-06),(Vehicles4↦-7.999993801116943),(Vehicles5↦-3.9999940395355225)}",
        "VehiclesVy": "{(EgoVehicle↦1.7485790522187017E-05),(Vehicles2↦0.0013342569582164288),(Vehicles3↦-1.7485790522187017E-05),(Vehicles4↦-1.7485790522187017E-05),(Vehicles5↦-1.7485790522187017E-05)}",
        "VehiclesX": "{(EgoVehicle↦200.0),(Vehicles2↦12.588077783584595),(Vehicles3↦37.62544393539429),(Vehicles4↦44.49671506881714),(Vehicles5↦64.97175097465515)}"
      },
      "probabilisticVariables": null,
      "activating": [
        "SLOWER_11"
      ],
      "activatingOnlyWhenExecuted": true,
      "updating": null,
      "withPredicate": null
    },
    {
      "id": "SLOWER_11",
      "execute": "SLOWER",
      "after": "1000",
      "priority": 0,
      "additionalGuards": null,
      "activationKind": null,
      "fixedVariables": {
        "Crash": "FALSE",
        "VehiclesAy": "{(EgoVehicle↦-1.6397827238279206E-05),(Vehicles2↦-0.0012344236165517941),(Vehicles3↦1.6397827238279206E-05),(Vehicles4↦1.6397827238279206E-05),(Vehicles5↦-1.8573753806094828E-05)}",
        "Reward": "0.7333334367507841",
        "VehiclesAx": "{(EgoVehicle↦-2.384185791015625E-05),(Vehicles2↦0.44216588139533997),(Vehicles3↦0.005501359701156616),(Vehicles4↦0.41143059730529785),(Vehicles5↦-0.034107863903045654)}",
        "VehiclesVx": "{(EgoVehicle↦20.000004768371582),(Vehicles2↦-1.4980918169021606),(Vehicles3↦1.8003684282302856),(Vehicles4↦-3.004383146762848),(Vehicles5↦-1.0091117769479752)}",
        "VehiclesY": "{(EgoVehicle↦7.999999523162842),(Vehicles2↦-4.000035524368286),(Vehicles3↦3.7458582369254145E-07),(Vehicles4↦-7.999999523162842),(Vehicles5↦-3.999999761581421)}",
        "VehiclesVy": "{(EgoVehicle↦1.0879632839078113E-06),(Vehicles2↦9.983334166463464E-05),(Vehicles3↦-1.0879632839078113E-06),(Vehicles4↦-1.0879632839078113E-06),(Vehicles5↦-1.0879632839078113E-06)}",
        "VehiclesX": "{(EgoVehicle↦200.0),(Vehicles2↦10.841460525989532),(Vehicles3↦39.42305147647858),(Vehicles4↦41.251519322395325),(Vehicles5↦63.98354768753052)}"
      },
      "probabilisticVariables": null,
      "activating": [
        "SLOWER_12"
      ],
      "activatingOnlyWhenExecuted": true,
      "updating": null,
      "withPredicate": null
    },
    {
      "id": "SLOWER_12",
      "execute": "SLOWER",
      "after": "1000",
      "priority": 0,
      "additionalGuards": null,
      "activationKind": null,
      "fixedVariables": {
        "Crash": "FALSE",
        "VehiclesAy": "{(EgoVehicle↦-1.0202703393247248E-06),(Vehicles2↦-9.264416632959183E-05),(Vehicles3↦1.020270348206509E-06),(Vehicles4↦1.020270348206509E-06),(Vehicles5↦-1.1556562196091136E-06)}",
        "Reward": "0.7333333469520924",
        "VehiclesAx": "{(EgoVehicle↦-4.76837158203125E-06),(Vehicles2↦0.26691585779190063),(Vehicles3↦-4.4618308544158936),(Vehicles4↦4.80338528752327),(Vehicles5↦-0.0415501743555069)}",
        "VehiclesVx": "{(EgoVehicle↦20.0),(Vehicles2↦-1.23117595911026),(Vehicles3↦-2.661462426185608),(Vehicles4↦1.7990021407604218),(Vehicles5↦-1.050661951303482)}",
        "VehiclesY": "{(EgoVehicle↦8.000000238418579),(Vehicles2↦-4.00000262260437),(Vehicles3↦-8.000000238418579),(Vehicles4↦2.330668191774521E-08),(Vehicles5↦-4.0000001192092896)}",
        "VehiclesVy": "{(EgoVehicle↦6.76929445830865E-08),(Vehicles2↦7.189175335042819E-06),(Vehicles3↦-6.76929357013023E-08),(Vehicles4↦-6.76929357013023E-08),(Vehicles5↦-6.76929357013023E-08)}",
        "VehiclesX": "{(EgoVehicle↦200.0),(Vehicles2↦9.461583942174911),(Vehicles3↦38.38924765586853),(Vehicles4↦41.22340977191925),(Vehicles5↦62.95848488807678)}"
      },
      "probabilisticVariables": null,
      "activating": [
        "FASTER_13"
      ],
      "activatingOnlyWhenExecuted": true,
      "updating": null,
      "withPredicate": null
    },
    {
      "id": "FASTER_13",
      "execute": "FASTER",
      "after": "1000",
      "priority": 0,
      "additionalGuards": null,
      "activationKind": null,
      "fixedVariables": {
        "Crash": "FALSE",
        "VehiclesAy": "{(EgoVehicle↦-6.438009236831022E-08),(Vehicles2↦-6.6821186095467056E-06),(Vehicles3↦6.438008348652602E-08),(Vehicles4↦6.438008348652602E-08),(Vehicles5↦-7.100578791607859E-08)}",
        "Reward": "0.8491083694203029",
        "VehiclesAx": "{(EgoVehicle↦4.341564178466797),(Vehicles2↦-4.192139208316803),(Vehicles3↦-4.054538607597351),(Vehicles4↦-4.349047094583511),(Vehicles5↦-4.390801638364792)}",
        "VehiclesVx": "{(EgoVehicle↦24.341564178466797),(Vehicles2↦-5.423315167427063),(Vehicles3↦-6.716001033782959),(Vehicles4↦-2.5500449538230896),(Vehicles5↦-5.441463589668274)}",
        "VehiclesY": "{(EgoVehicle↦8.000000238418579),(Vehicles2↦-4.0000001192092896),(Vehicles3↦-8.000000238418579),(Vehicles4↦1.0002052519553217E-09),(Vehicles5↦-4.0000001192092896)}",
        "VehiclesVy": "{(EgoVehicle↦3.312852214776285E-09),(Vehicles2↦5.070567254961134E-07),(Vehicles3↦-3.312852214776285E-09),(Vehicles4↦-3.312852214776285E-09),(Vehicles5↦-3.312852214776285E-09)}",
        "VehiclesX": "{(EgoVehicle↦200.0),(Vehicles2↦5.902646481990814),(Vehicles3↦33.45155417919159),(Vehicles4↦40.624791383743286),(Vehicles5↦59.493595361709595)}"
      },
      "probabilisticVariables": null,
      "activating": [
        "LANE_RIGHT_14"
      ],
      "activatingOnlyWhenExecuted": true,
      "updating": null,
      "withPredicate": null
    },
    {
      "id": "LANE_RIGHT_14",
      "execute": "LANE_RIGHT",
      "after": "1000",
      "priority": 0,
      "additionalGuards": null,
      "activationKind": null,
      "fixedVariables": {
        "Crash": "FALSE",
        "VehiclesAy": "{(EgoVehicle↦-3.205187226740236E-09),(Vehicles2↦-4.716958379447078E-07),(Vehicles3↦3.205187226740236E-09),(Vehicles4↦3.205187226740236E-09),(Vehicles5↦-3.4205172028123343E-09)}",
        "Reward": "0.8643544629140592",
        "VehiclesAx": "{(EgoVehicle↦0.5717277526855469),(Vehicles2↦-0.49871981143951416),(Vehicles3↦-0.33002138137817383),(Vehicles4↦-0.5839002132415771),(Vehicles5↦-0.6260597705841064)}",
        "VehiclesVx": "{(EgoVehicle↦24.913291931152344),(Vehicles2↦-5.922034978866577),(Vehicles3↦-7.046022415161133),(Vehicles4↦-3.1339451670646667),(Vehicles5↦-6.06752336025238)}",
        "VehiclesY": "{(EgoVehicle↦8.000000238418579),(Vehicles2↦-4.0000001192092896),(Vehicles3↦-8.000000238418579),(Vehicles4↦3.232347722814666E-11),(Vehicles5↦-4.0000001192092896)}",
        "VehiclesVy": "{(EgoVehicle↦1.0766498803604918E-10),(Vehicles2↦3.536088755140554E-08),(Vehicles3↦-1.0766498803604918E-10),(Vehicles4↦-1.0766498803604918E-10),(Vehicles5↦-1.0766498803604918E-10)}",
        "VehiclesX": "{(EgoVehicle↦200.0),(Vehicles2↦0.19797340501099825),(Vehicles3↦26.520085334777832),(Vehicles4↦37.7547949552536),(Vehicles5↦53.715282678604126)}"
      },
      "probabilisticVariables": null,
      "activating": [
        "LANE_RIGHT_15"
      ],
      "activatingOnlyWhenExecuted": true,
      "updating": null,
      "withPredicate": null
    },
    {
      "id": "LANE_RIGHT_15",
      "execute": "LANE_RIGHT",
      "after": "1000",
      "priority": 0,
      "additionalGuards": null,
      "activationKind": null,
      "fixedVariables": {
        "Crash": "FALSE",
        "VehiclesAy": "{(EgoVehicle↦-1.042899100411887E-10),(Vehicles2↦-3.2912321756839447E-08),(Vehicles3↦1.042810282569917E-10),(Vehicles4↦1.042810282569917E-10),(Vehicles5↦-1.1104894781510666E-10)}",
        "Reward": "0.8663621789296978",
        "VehiclesAx": "{(EgoVehicle↦0.07529020309448242),(Vehicles2↦-0.050997138023376465),(Vehicles3↦0.12973427772521973),(Vehicles4↦-0.09075731039047241),(Vehicles5↦-0.13179123401641846)}",
        "VehiclesVx": "{(EgoVehicle↦24.988582134246826),(Vehicles2↦-5.973032116889954),(Vehicles3↦-6.916288137435913),(Vehicles4↦-3.224702477455139),(Vehicles5↦-6.199314594268799)}",
        "VehiclesY": "{(EgoVehicle↦8.000000238418579),(Vehicles2↦-4.0000001192092896),(Vehicles3↦-8.000000238418579),(Vehicles4↦1.0151879337172431E-12),(Vehicles5↦-4.0000001192092896)}",
        "VehiclesVy": "{(EgoVehicle↦3.375077994860476E-12),(Vehicles2↦2.4485657945660932E-09),(Vehicles3↦-3.383959779057477E-12),(Vehicles4↦-3.383959779057477E-12),(Vehicles5↦-3.383959779057477E-12)}",
        "VehiclesX": "{(EgoVehicle↦200.0),(Vehicles2↦-5.752821639180183),(Vehicles3↦19.517220556735992),(Vehicles4↦34.57334339618683),(Vehicles5↦47.58373498916626)}"
      },
      "probabilisticVariables": null,
      "activating": [
        "SLOWER_16"
      ],
      "activatingOnlyWhenExecuted": true,
      "updating": null,
      "withPredicate": null
    },
    {
      "id": "SLOWER_16",
      "execute": "SLOWER",
      "after": "1000",
      "priority": 0,
      "additionalGuards": null,
      "activationKind": null,
      "fixedVariables": {
        "Crash": "FALSE",
        "VehiclesAy": "{(EgoVehicle↦-3.232969447708456E-12),(Vehicles2↦-2.2793855691816134E-09),(Vehicles3↦3.241851231905457E-12),(Vehicles4↦3.241851231905457E-12),(Vehicles5↦-3.526068326209497E-12)}",
        "Reward": "0.7508515352225665",
        "VehiclesAx": "{(EgoVehicle↦-4.331650733947754),(Vehicles2↦4.3254102766513824),(Vehicles3↦4.501238316297531),(Vehicles4↦4.3140023201704025),(Vehicles5↦4.279195219278336)}",
        "VehiclesVx": "{(EgoVehicle↦20.656931400299072),(Vehicles2↦-1.6476218402385712),(Vehicles3↦-2.415049821138382),(Vehicles4↦1.0892998427152634),(Vehicles5↦-1.9201193749904633)}",
        "VehiclesY": "{(EgoVehicle↦8.000000238418579),(Vehicles2↦-4.0000001192092896),(Vehicles3↦-8.000000238418579),(Vehicles4↦4.796163466380676E-14),(Vehicles5↦-4.0000001192092896)}",
        "VehiclesVy": "{(EgoVehicle↦1.4210854715202004E-13),(Vehicles2↦1.6918022538447985E-10),(Vehicles3↦-1.4210854715202004E-13),(Vehicles4↦-1.4210854715202004E-13),(Vehicles5↦-1.4210854715202004E-13)}",
        "VehiclesX": "{(EgoVehicle↦200.0),(Vehicles2↦-9.336885809898376),(Vehicles3↦15.061260759830475),(Vehicles4↦33.731311559677124),(Vehicles5↦43.75183880329132)}"
      },
      "probabilisticVariables": null,
      "activating": [
        "FASTER_17"
      ],
      "activatingOnlyWhenExecuted": true,
      "updating": null,
      "withPredicate": null
    },
    {
      "id": "FASTER_17",
      "execute": "FASTER",
      "after": "1000",
      "priority": 0,
      "additionalGuards": null,
      "activationKind": null,
      "fixedVariables": {
        "Crash": "FALSE",
        "VehiclesAy": "{(EgoVehicle↦-1.2434497875801753E-13),(Vehicles2↦-1.6919798895287386E-10),(Vehicles3↦1.2434497875801753E-13),(Vehicles4↦1.2434497875801753E-13),(Vehicles5↦-1.5987211554602254E-13)}",
        "Reward": "0.8514152913324642",
        "VehiclesAx": "{(EgoVehicle↦3.7711429595947266),(Vehicles2↦-4.402172118425369),(Vehicles3↦-0.2857990562915802),(Vehicles4↦-6.81037537753582),(Vehicles5↦-3.1030775606632233)}",
        "VehiclesVx": "{(EgoVehicle↦24.4280743598938),(Vehicles2↦-6.04979395866394),(Vehicles3↦-2.700848877429962),(Vehicles4↦-5.721075534820557),(Vehicles5↦-5.0231969356536865)}",
        "VehiclesY": "{(EgoVehicle↦8.000000238418579),(Vehicles2↦-8.000000238418579),(Vehicles3↦2.6645352591003757E-15),(Vehicles4↦-4.0000001192092896),(Vehicles5↦-8.000000238418579)}",
        "VehiclesVy": "{(EgoVehicle↦1.7763568394002505E-14),(Vehicles2↦-1.7763568394002505E-14),(Vehicles3↦-1.7763568394002505E-14),(Vehicles4↦-1.7763568394002505E-14),(Vehicles5↦-1.7763568394002505E-14)}",
        "VehiclesX": "{(EgoVehicle↦200.0),(Vehicles2↦10.622747987508774),(Vehicles3↦32.73271024227142),(Vehicles4↦39.73721265792847),(Vehicles5↦64.23171758651733)}"
      },
      "probabilisticVariables": null,
      "activating": [
        "LANE_RIGHT_18"
      ],
      "activatingOnlyWhenExecuted": true,
      "updating": null,
      "withPredicate": null
    },
    {
      "id": "LANE_RIGHT_18",
      "execute": "LANE_RIGHT",
      "after": "1000",
      "priority": 0,
      "additionalGuards": null,
      "activationKind": null,
      "fixedVariables": {
        "Crash": "FALSE",
        "VehiclesAy": "{(EgoVehicle↦-1.7763568394002505E-14),(Vehicles2↦1.7763568394002505E-14),(Vehicles3↦1.7763568394002505E-14),(Vehicles4↦1.7763568394002505E-14),(Vehicles5↦-1.7763568394002505E-14)}",
        "Reward": "0.8646582551000227",
        "VehiclesAx": "{(EgoVehicle↦0.4966092109680176),(Vehicles2↦-0.38564443588256836),(Vehicles3↦-0.5164119601249695),(Vehicles4↦-0.49941539764404297),(Vehicles5↦-0.48544347286224365)}",
        "VehiclesVx": "{(EgoVehicle↦24.924683570861816),(Vehicles2↦-6.435438394546509),(Vehicles3↦-3.2172608375549316),(Vehicles4↦-6.2204909324646),(Vehicles5↦-5.50864040851593)}",
        "VehiclesY": "{(EgoVehicle↦8.000000238418579),(Vehicles2↦-8.000000238418579),(Vehicles3↦0.0),(Vehicles4↦-4.0000001192092896),(Vehicles5↦-8.000000238418579)}",
        "VehiclesVy": "{(EgoVehicle↦0.0),(Vehicles2↦0.0),(Vehicles3↦0.0),(Vehicles4↦0.0),(Vehicles5↦0.0)}",
        "VehiclesX": "{(EgoVehicle↦200.0),(Vehicles2↦4.345100000500679),(Vehicles3↦29.750025272369385),(Vehicles4↦33.73901844024658),(Vehicles5↦58.93890857696533)}"
      },
      "probabilisticVariables": null,
      "activating": [
        "SLOWER_19"
      ],
      "activatingOnlyWhenExecuted": true,
      "updating": null,
      "withPredicate": null
    },
    {
      "id": "SLOWER_19",
      "execute": "SLOWER",
      "after": "1000",
      "priority": 0,
      "additionalGuards": null,
      "activationKind": null,
      "fixedVariables": {
        "Crash": "FALSE",
        "VehiclesAy": "{(EgoVehicle↦0.0),(Vehicles2↦0.0),(Vehicles3↦0.0),(Vehicles4↦0.0),(Vehicles5↦0.0)}",
        "Reward": "0.7506271501914982",
        "VehiclesAx": "{(EgoVehicle↦-4.276165962219238),(Vehicles2↦4.36893105506897),(Vehicles3↦4.2559558898210526),(Vehicles4↦4.295545667409897),(Vehicles5↦4.290204346179962)}",
        "VehiclesVx": "{(EgoVehicle↦20.648517608642578),(Vehicles2↦-2.066507339477539),(Vehicles3↦1.038695052266121),(Vehicles4↦-1.9249452650547028),(Vehicles5↦-1.218436062335968)}",
        "VehiclesY": "{(EgoVehicle↦8.000000238418579),(Vehicles2↦-8.000000238418579),(Vehicles3↦0.0),(Vehicles4↦-4.0000001192092896),(Vehicles5↦-8.000000238418579)}",
        "VehiclesVy": "{(EgoVehicle↦0.0),(Vehicles2↦0.0),(Vehicles3↦0.0),(Vehicles4↦0.0),(Vehicles5↦0.0)}",
        "VehiclesX": "{(EgoVehicle↦200.0),(Vehicles2↦0.30696738976985216),(Vehicles3↦28.883686661720276),(Vehicles4↦29.883769154548645),(Vehicles5↦55.794572830200195)}"
      },
      "probabilisticVariables": null,
      "activating": [
        "FASTER_20"
      ],
      "activatingOnlyWhenExecuted": true,
      "updating": null,
      "withPredicate": null
    },
    {
      "id": "FASTER_20",
      "execute": "FASTER",
      "after": "1000",
      "priority": 0,
      "additionalGuards": null,
      "activationKind": null,
      "fixedVariables": {
        "Crash": "FALSE",
        "VehiclesAy": "{(EgoVehicle↦0.0),(Vehicles2↦0.0),(Vehicles3↦0.0),(Vehicles4↦0.0),(Vehicles5↦0.0)}",
        "Reward": "0.8513857426863977",
        "VehiclesAx": "{(EgoVehicle↦3.7784481048583984),(Vehicles2↦-3.6985963582992554),(Vehicles3↦-6.707520559430122),(Vehicles4↦-0.8351723849773407),(Vehicles5↦-3.760969042778015)}",
        "VehiclesVx": "{(EgoVehicle↦24.426965713500977),(Vehicles2↦-5.765103697776794),(Vehicles3↦-5.6688255071640015),(Vehicles4↦-2.7601176500320435),(Vehicles5↦-4.979405105113983)}",
        "VehiclesY": "{(EgoVehicle↦8.000000238418579),(Vehicles2↦-8.000000238418579),(Vehicles3↦-4.0000001192092896),(Vehicles4↦0.0),(Vehicles5↦-8.000000238418579)}",
        "VehiclesVy": "{(EgoVehicle↦0.0),(Vehicles2↦0.0),(Vehicles3↦0.0),(Vehicles4↦0.0),(Vehicles5↦0.0)}",
        "VehiclesX": "{(EgoVehicle↦200.0),(Vehicles2↦-3.811143711209297),(Vehicles3↦25.887292623519897),(Vehicles4↦27.82982587814331),(Vehicles5↦52.49847173690796)}"
      },
      "probabilisticVariables": null,
      "activating": [
        "LANE_RIGHT_21"
      ],
      "activatingOnlyWhenExecuted": true,
      "updating": null,
      "withPredicate": null
    },
    {
      "id": "LANE_RIGHT_21",
      "execute": "LANE_RIGHT",
      "after": "1000",
      "priority": 0,
      "additionalGuards": null,
      "activationKind": null,
      "fixedVariables": {
        "Crash": "FALSE",
        "VehiclesAy": "{(EgoVehicle↦0.0),(Vehicles2↦0.0),(Vehicles3↦0.0),(Vehicles4↦0.0),(Vehicles5↦0.0)}",
        "Reward": "0.8646543639202937",
        "VehiclesAx": "{(EgoVehicle↦0.4975724220275879),(Vehicles2↦-0.4270988702774048),(Vehicles3↦-0.45399725437164307),(Vehicles4↦-0.5179256200790405),(Vehicles5↦-0.4775848984718323)}",
        "VehiclesVx": "{(EgoVehicle↦24.924538135528564),(Vehicles2↦-6.192202568054199),(Vehicles3↦-6.1228227615356445),(Vehicles4↦-3.278043270111084),(Vehicles5↦-5.456990003585815)}",
        "VehiclesY": "{(EgoVehicle↦8.000000238418579),(Vehicles2↦-8.000000238418579),(Vehicles3↦-4.0000001192092896),(Vehicles4↦0.0),(Vehicles5↦-8.000000238418579)}",
        "VehiclesVy": "{(EgoVehicle↦0.0),(Vehicles2↦0.0),(Vehicles3↦0.0),(Vehicles4↦0.0),(Vehicles5↦0.0)}",
        "VehiclesX": "{(EgoVehicle↦200.0),(Vehicles2↦-9.821904450654984),(Vehicles3↦19.96089220046997),(Vehicles4↦24.787069857120514),(Vehicles5↦47.25241661071777)}"
      },
      "probabilisticVariables": null,
      "activating": [
        "LANE_RIGHT_22"
      ],
      "activatingOnlyWhenExecuted": true,
      "updating": null,
      "withPredicate": null
    },
    {
      "id": "LANE_RIGHT_22",
      "execute": "LANE_RIGHT",
      "after": "1000",
      "priority": 0,
      "additionalGuards": null,
      "activationKind": null,
      "fixedVariables": {
        "Crash": "FALSE",
        "VehiclesAy": "{(EgoVehicle↦0.0),(Vehicles2↦0.0),(Vehicles3↦0.0),(Vehicles4↦0.0),(Vehicles5↦0.0)}",
        "Reward": "0.8664016720663213",
        "VehiclesAx": "{(EgoVehicle↦0.06552457809448242),(Vehicles2↦0.05193650722503662),(Vehicles3↦2.759028673171997),(Vehicles4↦-2.223048210144043),(Vehicles5↦-0.32322466373443604)}",
        "VehiclesVx": "{(EgoVehicle↦24.990062713623047),(Vehicles2↦-6.140266060829163),(Vehicles3↦-3.3637940883636475),(Vehicles4↦-5.501091480255127),(Vehicles5↦-5.7802146673202515)}",
        "VehiclesY": "{(EgoVehicle↦8.000000238418579),(Vehicles2↦-4.0000001192092896),(Vehicles3↦0.0),(Vehicles4↦-8.000000238418579),(Vehicles5↦-4.0000001192092896)}",
        "VehiclesVy": "{(EgoVehicle↦0.0),(Vehicles2↦0.0),(Vehicles3↦0.0),(Vehicles4↦0.0),(Vehicles5↦0.0)}",
        "VehiclesX": "{(EgoVehicle↦200.0),(Vehicles2↦13.820931315422058),(Vehicles3↦21.464775502681732),(Vehicles4↦41.76777005195618),(Vehicles5↦77.82979011535645)}"
      },
      "probabilisticVariables": null,
      "activating": [
        "SLOWER_23"
      ],
      "activatingOnlyWhenExecuted": true,
      "updating": null,
      "withPredicate": null
    },
    {
      "id": "SLOWER_23",
      "execute": "SLOWER",
      "after": "1000",
      "priority": 0,
      "additionalGuards": null,
      "activationKind": null,
      "fixedVariables": {
        "Crash": "FALSE",
        "VehiclesAy": "{(EgoVehicle↦0.0),(Vehicles2↦0.0),(Vehicles3↦0.0),(Vehicles4↦0.0),(Vehicles5↦0.0)}",
        "Reward": "0.750856735964838",
        "VehiclesAx": "{(EgoVehicle↦-4.332935810089111),(Vehicles2↦4.382602572441101),(Vehicles3↦4.312911480665207),(Vehicles4↦4.354953393340111),(Vehicles5↦4.460008591413498)}",
        "VehiclesVx": "{(EgoVehicle↦20.657126903533936),(Vehicles2↦-1.7576634883880615),(Vehicles3↦0.9491173923015594),(Vehicles4↦-1.1461380869150162),(Vehicles5↦-1.3202060759067535)}",
        "VehiclesY": "{(EgoVehicle↦8.000000238418579),(Vehicles2↦-4.0000001192092896),(Vehicles3↦0.0),(Vehicles4↦-8.000000238418579),(Vehicles5↦-4.0000001192092896)}",
        "VehiclesVy": "{(EgoVehicle↦0.0),(Vehicles2↦0.0),(Vehicles3↦0.0),(Vehicles4↦0.0),(Vehicles5↦0.0)}",
        "VehiclesX": "{(EgoVehicle↦200.0),(Vehicles2↦10.090789943933487),(Vehicles3↦20.48325538635254),(Vehicles4↦38.66576552391052),(Vehicles5↦74.49271082878113)}"
      },
      "probabilisticVariables": null,
      "activating": [
        "IDLE_24"
      ],
      "activatingOnlyWhenExecuted": true,
      "updating": null,
      "withPredicate": null
    },
    {
      "id": "IDLE_24",
      "execute": "IDLE",
      "after": "1000",
      "priority": 0,
      "additionalGuards": null,
      "activationKind": null,
      "fixedVariables": {
        "Crash": "FALSE",
        "VehiclesAy": "{(EgoVehicle↦0.0),(Vehicles2↦0.0),(Vehicles3↦0.0),(Vehicles4↦0.0),(Vehicles5↦0.0)}",
        "Reward": "0.7356409419103217",
        "VehiclesAx": "{(EgoVehicle↦-0.5705904960632324),(Vehicles2↦0.6201233714818954),(Vehicles3↦0.550825446844101),(Vehicles4↦0.5926521867513657),(Vehicles5↦0.6755571067333221)}",
        "VehiclesVx": "{(EgoVehicle↦20.086536407470703),(Vehicles2↦-1.137540116906166),(Vehicles3↦1.4999428391456604),(Vehicles4↦-0.5534859001636505),(Vehicles5↦-0.6446489691734314)}",
        "VehiclesY": "{(EgoVehicle↦8.000000238418579),(Vehicles2↦-4.0000001192092896),(Vehicles3↦0.0),(Vehicles4↦-8.000000238418579),(Vehicles5↦-4.0000001192092896)}",
        "VehiclesVy": "{(EgoVehicle↦0.0),(Vehicles2↦0.0),(Vehicles3↦0.0),(Vehicles4↦0.0),(Vehicles5↦0.0)}",
        "VehiclesX": "{(EgoVehicle↦200.0),(Vehicles2↦8.6677685379982),(Vehicles3↦21.739216148853302),(Vehicles4↦37.843236327171326),(Vehicles5↦73.5308051109314)}"
      },
      "probabilisticVariables": null,
      "activating": [
        "IDLE_25"
      ],
      "activatingOnlyWhenExecuted": true,
      "updating": null,
      "withPredicate": null
    },
    {
      "id": "IDLE_25",
      "execute": "IDLE",
      "after": "1000",
      "priority": 0,
      "additionalGuards": null,
      "activationKind": null,
      "fixedVariables": {
        "Crash": "FALSE",
        "VehiclesAy": "{(EgoVehicle↦0.0),(Vehicles2↦0.0),(Vehicles3↦0.0),(Vehicles4↦0.0),(Vehicles5↦0.0)}",
        "Reward": "0.7336372159442948",
        "VehiclesAx": "{(EgoVehicle↦-0.07513999938964844),(Vehicles2↦0.12360244989395142),(Vehicles3↦0.05566984415054321),(Vehicles4↦0.09691208600997925),(Vehicles5↦0.16311578452587128)}",
        "VehiclesVx": "{(EgoVehicle↦20.011396408081055),(Vehicles2↦-1.0139376670122147),(Vehicles3↦1.5556126832962036),(Vehicles4↦-0.45657381415367126),(Vehicles5↦-0.4815331846475601)}",
        "VehiclesY": "{(EgoVehicle↦8.000000238418579),(Vehicles2↦-4.0000001192092896),(Vehicles3↦0.0),(Vehicles4↦-8.000000238418579),(Vehicles5↦-4.0000001192092896)}",
        "VehiclesVy": "{(EgoVehicle↦0.0),(Vehicles2↦0.0),(Vehicles3↦0.0),(Vehicles4↦0.0),(Vehicles5↦0.0)}",
        "VehiclesX": "{(EgoVehicle↦200.0),(Vehicles2↦7.5911737978458405),(Vehicles3↦23.272797465324402),(Vehicles4↦37.339943647384644),(Vehicles5↦72.96398282051086)}"
      },
      "probabilisticVariables": null,
      "activating": [
        "IDLE_26"
      ],
      "activatingOnlyWhenExecuted": true,
      "updating": null,
      "withPredicate": null
    },
    {
      "id": "IDLE_26",
      "execute": "IDLE",
      "after": "1000",
      "priority": 0,
      "additionalGuards": null,
      "activationKind": null,
      "fixedVariables": {
        "Crash": "FALSE",
        "VehiclesAy": "{(EgoVehicle↦0.0),(Vehicles2↦0.0),(Vehicles3↦0.0),(Vehicles4↦0.0),(Vehicles5↦0.0)}",
        "Reward": "0.7333733507965051",
        "VehiclesAx": "{(EgoVehicle↦-0.00989675521850586),(Vehicles2↦0.056837424635887146),(Vehicles3↦-0.009247511625289917),(Vehicles4↦0.031205303966999054),(Vehicles5↦0.08480623364448547)}",
        "VehiclesVx": "{(EgoVehicle↦20.00149965286255),(Vehicles2↦-0.9571002423763275),(Vehicles3↦1.5463651716709137),(Vehicles4↦-0.4253685101866722),(Vehicles5↦-0.39672695100307465)}",
        "VehiclesY": "{(EgoVehicle↦8.000000238418579),(Vehicles2↦-4.0000001192092896),(Vehicles3↦0.0),(Vehicles4↦-8.000000238418579),(Vehicles5↦-4.0000001192092896)}",
        "VehiclesVy": "{(EgoVehicle↦0.0),(Vehicles2↦0.0),(Vehicles3↦0.0),(Vehicles4↦0.0),(Vehicles5↦0.0)}",
        "VehiclesX": "{(EgoVehicle↦200.0),(Vehicles2↦6.601603329181671),(Vehicles3↦24.826183915138245),(Vehicles4↦36.89739406108856),(Vehicles5↦72.518789768219)}"
      },
      "probabilisticVariables": null,
      "activating": [
        "IDLE_27"
      ],
      "activatingOnlyWhenExecuted": true,
      "updating": null,
      "withPredicate": null
    },
    {
      "id": "IDLE_27",
      "execute": "IDLE",
      "after": "1000",
      "priority": 0,
      "additionalGuards": null,
      "activationKind": null,
      "fixedVariables": {
        "Crash": "FALSE",
        "VehiclesAy": "{(EgoVehicle↦0.0),(Vehicles2↦0.0),(Vehicles3↦0.0),(Vehicles4↦0.0),(Vehicles5↦0.0)}",
        "Reward": "0.7333386031227223",
        "VehiclesAx": "{(EgoVehicle↦-0.0013017654418945312),(Vehicles2↦0.04654400050640106),(Vehicles3↦-0.017487257719039917),(Vehicles4↦0.022073574364185333),(Vehicles5↦0.06607294082641602)}",
        "VehiclesVx": "{(EgoVehicle↦20.000197887420654),(Vehicles2↦-0.9105562418699265),(Vehicles3↦1.5288779139518738),(Vehicles4↦-0.4032949358224869),(Vehicles5↦-0.33065401017665863)}",
        "VehiclesY": "{(EgoVehicle↦8.000000238418579),(Vehicles2↦-4.0000001192092896),(Vehicles3↦0.0),(Vehicles4↦-8.000000238418579),(Vehicles5↦-4.0000001192092896)}",
        "VehiclesVy": "{(EgoVehicle↦0.0),(Vehicles2↦0.0),(Vehicles3↦0.0),(Vehicles4↦0.0),(Vehicles5↦0.0)}",
        "VehiclesX": "{(EgoVehicle↦200.0),(Vehicles2↦5.6634571403265),(Vehicles3↦26.365724205970764),(Vehicles4↦36.4810973405838),(Vehicles5↦72.14940786361694)}"
      },
      "probabilisticVariables": null,
      "activating": [
        "IDLE_28"
      ],
      "activatingOnlyWhenExecuted": true,
      "updating": null,
      "withPredicate": null
    },
    {
      "id": "IDLE_28",
      "execute": "IDLE",
      "after": "1000",
      "priority": 0,
      "additionalGuards": null,
      "activationKind": null,
      "fixedVariables": {
        "Crash": "FALSE",
        "VehiclesAy": "{(EgoVehicle↦0.0),(Vehicles2↦0.0),(Vehicles3↦0.0),(Vehicles4↦0.0),(Vehicles5↦0.0)}",
        "Reward": "0.7333340272973681",
        "VehiclesAx": "{(EgoVehicle↦-0.000171661376953125),(Vehicles2↦0.04367150366306305),(Vehicles3↦-0.018245726823806763),(Vehicles4↦0.02038080245256424),(Vehicles5↦0.05695542320609093)}",
        "VehiclesVx": "{(EgoVehicle↦20.0000262260437),(Vehicles2↦-0.8668847382068634),(Vehicles3↦1.510632187128067),(Vehicles4↦-0.38291413336992264),(Vehicles5↦-0.2736985869705677)}",
        "VehiclesY": "{(EgoVehicle↦8.000000238418579),(Vehicles2↦-4.0000001192092896),(Vehicles3↦0.0),(Vehicles4↦-8.000000238418579),(Vehicles5↦-4.0000001192092896)}",
        "VehiclesVy": "{(EgoVehicle↦0.0),(Vehicles2↦0.0),(Vehicles3↦0.0),(Vehicles4↦0.0),(Vehicles5↦0.0)}",
        "VehiclesX": "{(EgoVehicle↦200.0),(Vehicles2↦4.770534485578537),(Vehicles3↦27.88729965686798),(Vehicles4↦36.08602583408356),(Vehicles5↦71.84212803840637)}"
      },
      "probabilisticVariables": null,
      "activating": [
        "IDLE_29"
      ],
      "activatingOnlyWhenExecuted": true,
      "updating": null,
      "withPredicate": null
    },
    {
      "id": "IDLE_29",
      "execute": "IDLE",
      "after": "1000",
      "priority": 0,
      "additionalGuards": null,
      "activationKind": null,
      "fixedVariables": {
        "Crash": "FALSE",
        "VehiclesAy": "{(EgoVehicle↦0.0),(Vehicles2↦0.0),(Vehicles3↦0.0),(Vehicles4↦0.0),(Vehicles5↦0.0)}",
        "Reward": "0.7333334247195437",
        "VehiclesAx": "{(EgoVehicle↦-2.384185791015625E-05),(Vehicles2↦0.04181072115898132),(Vehicles3↦-0.01800447702407837),(Vehicles4↦0.0196794793009758),(Vehicles5↦0.05041088908910751)}",
        "VehiclesVx": "{(EgoVehicle↦20.00000238418579),(Vehicles2↦-0.8250740170478821),(Vehicles3↦1.4926277101039886),(Vehicles4↦-0.36323465406894684),(Vehicles5↦-0.2232876978814602)}",
        "VehiclesY": "{(EgoVehicle↦8.000000238418579),(Vehicles2↦-4.0000001192092896),(Vehicles3↦0.0),(Vehicles4↦-8.000000238418579),(Vehicles5↦-4.0000001192092896)}",
        "VehiclesVy": "{(EgoVehicle↦0.0),(Vehicles2↦0.0),(Vehicles3↦0.0),(Vehicles4↦0.0),(Vehicles5↦0.0)}",
        "VehiclesX": "{(EgoVehicle↦200.0),(Vehicles2↦3.9205122739076614),(Vehicles3↦29.39070165157318),(Vehicles4↦35.711029171943665),(Vehicles5↦71.58905863761902)}"
      },
      "probabilisticVariables": null,
      "activating": [
        "SLOWER_30"
      ],
      "activatingOnlyWhenExecuted": true,
      "updating": null,
      "withPredicate": null
    },
    {
      "id": "SLOWER_30",
      "execute": "SLOWER",
      "after": "1000",
      "priority": 0,
      "additionalGuards": null,
      "activationKind": null,
      "fixedVariables": {
        "Crash": "FALSE",
        "VehiclesAy": "{(EgoVehicle↦0.0),(Vehicles2↦0.0),(Vehicles3↦0.0),(Vehicles4↦0.0),(Vehicles5↦0.0)}",
        "Reward": "0.7333333453677314",
        "VehiclesAx": "{(EgoVehicle↦-2.384185791015625E-06),(Vehicles2↦0.04013851284980774),(Vehicles3↦-0.017618387937545776),(Vehicles4↦0.019131191074848175),(Vehicles5↦0.04518039524555206)}",
        "VehiclesVx": "{(EgoVehicle↦20.0),(Vehicles2↦-0.7849355041980743),(Vehicles3↦1.4750093221664429),(Vehicles4↦-0.34410346299409866),(Vehicles5↦-0.17810730263590813)}",
        "VehiclesY": "{(EgoVehicle↦8.000000238418579),(Vehicles2↦-4.0000001192092896),(Vehicles3↦0.0),(Vehicles4↦-8.000000238418579),(Vehicles5↦-4.0000001192092896)}",
        "VehiclesVy": "{(EgoVehicle↦0.0),(Vehicles2↦0.0),(Vehicles3↦0.0),(Vehicles4↦0.0),(Vehicles5↦0.0)}",
        "VehiclesX": "{(EgoVehicle↦200.0),(Vehicles2↦3.111623413860798),(Vehicles3↦30.876249074935913),(Vehicles4↦35.3554904460907),(Vehicles5↦71.38422131538391)}"
      },
      "probabilisticVariables": null,
      "activating": [
        "SLOWER_31"
      ],
      "activatingOnlyWhenExecuted": true,
      "updating": null,
      "withPredicate": null
    },
    {
      "id": "SLOWER_31",
      "execute": "SLOWER",
      "after": "1000",
      "priority": 0,
      "additionalGuards": null,
      "activationKind": null,
      "fixedVariables": {
        "Crash": "FALSE",
        "VehiclesAy": "{(EgoVehicle↦0.0),(Vehicles2↦0.0),(Vehicles3↦0.0),(Vehicles4↦0.0),(Vehicles5↦0.0)}",
        "Reward": "0.73333333491811",
        "VehiclesAx": "{(EgoVehicle↦0.0),(Vehicles2↦0.03855302929878235),(Vehicles3↦-0.017202049493789673),(Vehicles4↦0.018629617989063263),(Vehicles5↦0.04086194559931755)}",
        "VehiclesVx": "{(EgoVehicle↦20.0),(Vehicles2↦-0.746382474899292),(Vehicles3↦1.4578072726726532),(Vehicles4↦-0.3254738450050354),(Vehicles5↦-0.13724535703659058)}",
        "VehiclesY": "{(EgoVehicle↦8.000000238418579),(Vehicles2↦-4.0000001192092896),(Vehicles3↦0.0),(Vehicles4↦-8.000000238418579),(Vehicles5↦-4.0000001192092896)}",
        "VehiclesVy": "{(EgoVehicle↦0.0),(Vehicles2↦0.0),(Vehicles3↦0.0),(Vehicles4↦0.0),(Vehicles5↦0.0)}",
        "VehiclesX": "{(EgoVehicle↦200.0),(Vehicles2↦2.3422330617904663),(Vehicles3↦32.34434127807617),(Vehicles4↦35.01887619495392),(Vehicles5↦71.22277021408081)}"
      },
      "probabilisticVariables": null,
      "activating": [
        "FASTER_32"
      ],
      "activatingOnlyWhenExecuted": true,
      "updating": null,
      "withPredicate": null
    },
    {
      "id": "FASTER_32",
      "execute": "FASTER",
      "after": "1000",
      "priority": 0,
      "additionalGuards": null,
      "activationKind": null,
      "fixedVariables": {
        "Crash": "FALSE",
        "VehiclesAy": "{(EgoVehicle↦0.0),(Vehicles2↦0.0),(Vehicles3↦0.0),(Vehicles4↦0.0),(Vehicles5↦0.0)}",
        "Reward": "0.8491083678355812",
        "VehiclesAx": "{(EgoVehicle↦4.341564178466797),(Vehicles2↦-4.304522275924683),(Vehicles3↦-4.3583352863788605),(Vehicles4↦-4.323402941226959),(Vehicles5↦-4.304330050945282)}",
        "VehiclesVx": "{(EgoVehicle↦24.341564178466797),(Vehicles2↦-5.050904750823975),(Vehicles3↦-2.9005280137062073),(Vehicles4↦-4.648876786231995),(Vehicles5↦-4.441575407981873)}",
        "VehiclesY": "{(EgoVehicle↦8.000000238418579),(Vehicles2↦-4.0000001192092896),(Vehicles3↦0.0),(Vehicles4↦-8.000000238418579),(Vehicles5↦-4.0000001192092896)}",
        "VehiclesVy": "{(EgoVehicle↦0.0),(Vehicles2↦0.0),(Vehicles3↦0.0),(Vehicles4↦0.0),(Vehicles5↦0.0)}",
        "VehiclesX": "{(EgoVehicle↦200.0),(Vehicles2↦-0.7842765189707279),(Vehicles3↦31.400343775749207),(Vehicles4↦32.30563998222351),(Vehicles5↦68.70562434196472)}"
      },
      "probabilisticVariables": null,
      "activating": [
        "SLOWER_33"
      ],
      "activatingOnlyWhenExecuted": true,
      "updating": null,
      "withPredicate": null
    },
    {
      "id": "SLOWER_33",
      "execute": "SLOWER",
      "after": "1000",
      "priority": 0,
      "additionalGuards": null,
      "activationKind": null,
      "fixedVariables": {
        "Crash": "FALSE",
        "VehiclesAy": "{(EgoVehicle↦0.0),(Vehicles2↦0.0),(Vehicles3↦0.0),(Vehicles4↦0.0),(Vehicles5↦0.0)}",
        "Reward": "0.7485794284118187",
        "VehiclesAx": "{(EgoVehicle↦-3.76983642578125),(Vehicles2↦3.8054347783327103),(Vehicles3↦2.0392078161239624),(Vehicles4↦5.501852929592133),(Vehicles5↦3.803979605436325)}",
        "VehiclesVx": "{(EgoVehicle↦20.571727752685547),(Vehicles2↦-1.2454699724912643),(Vehicles3↦-0.8613201975822449),(Vehicles4↦0.8529761433601379),(Vehicles5↦-0.6375958025455475)}",
        "VehiclesY": "{(EgoVehicle↦8.000000238418579),(Vehicles2↦-4.0000001192092896),(Vehicles3↦-8.000000238418579),(Vehicles4↦0.0),(Vehicles5↦-4.0000001192092896)}",
        "VehiclesVy": "{(EgoVehicle↦0.0),(Vehicles2↦0.0),(Vehicles3↦0.0),(Vehicles4↦0.0),(Vehicles5↦0.0)}",
        "VehiclesX": "{(EgoVehicle↦200.0),(Vehicles2↦-3.741166368126869),(Vehicles3↦29.74354922771454),(Vehicles4↦30.572912096977234),(Vehicles5↦66.35760068893433)}"
      },
      "probabilisticVariables": null,
      "activating": [
        "FASTER_34"
      ],
      "activatingOnlyWhenExecuted": true,
      "updating": null,
      "withPredicate": null
    },
    {
      "id": "FASTER_34",
      "execute": "FASTER",
      "after": "1000",
      "priority": 0,
      "additionalGuards": null,
      "activationKind": null,
      "fixedVariables": {
        "Crash": "FALSE",
        "VehiclesAy": "{(EgoVehicle↦0.0),(Vehicles2↦0.0),(Vehicles3↦0.0),(Vehicles4↦0.0),(Vehicles5↦0.0)}",
        "Reward": "0.8511160838512134",
        "VehiclesAx": "{(EgoVehicle↦3.8451242446899414),(Vehicles2↦-3.810899332165718),(Vehicles3↦-3.8278156518936157),(Vehicles4↦-3.8610059022903442),(Vehicles5↦-3.8136400282382965)}",
        "VehiclesVx": "{(EgoVehicle↦24.41685199737549),(Vehicles2↦-5.056369304656982),(Vehicles3↦-4.689135849475861),(Vehicles4↦-3.0080297589302063),(Vehicles5↦-4.451235830783844)}",
        "VehiclesY": "{(EgoVehicle↦8.000000238418579),(Vehicles2↦-4.0000001192092896),(Vehicles3↦-8.000000238418579),(Vehicles4↦0.0),(Vehicles5↦-4.0000001192092896)}",
        "VehiclesVy": "{(EgoVehicle↦0.0),(Vehicles2↦0.0),(Vehicles3↦0.0),(Vehicles4↦0.0),(Vehicles5↦0.0)}",
        "VehiclesX": "{(EgoVehicle↦200.0),(Vehicles2↦-7.094035297632217),(Vehicles3↦26.767989993095398),(Vehicles4↦29.29830253124237),(Vehicles5↦63.61159682273865)}"
      },
      "probabilisticVariables": null,
      "activating": [
        "FASTER_35"
      ],
      "activatingOnlyWhenExecuted": true,
      "updating": null,
      "withPredicate": null
    },
    {
      "id": "FASTER_35",
      "execute": "FASTER",
      "after": "1000",
      "priority": 0,
      "additionalGuards": null,
      "activationKind": null,
      "fixedVariables": {
        "Crash": "FALSE",
        "VehiclesAy": "{(EgoVehicle↦0.0),(Vehicles2↦0.0),(Vehicles3↦0.0),(Vehicles4↦0.0),(Vehicles5↦0.0)}",
        "Reward": "0.9803938875853451",
        "VehiclesAx": "{(EgoVehicle↦4.847919940948486),(Vehicles2↦-4.4637638330459595),(Vehicles3↦-3.1822362542152405),(Vehicles4↦-6.2619516253471375),(Vehicles5↦-4.7471848130226135)}",
        "VehiclesVx": "{(EgoVehicle↦29.264771938323975),(Vehicles2↦-9.520133137702942),(Vehicles3↦-7.871372103691101),(Vehicles4↦-9.269981384277344),(Vehicles5↦-9.198420643806458)}",
        "VehiclesY": "{(EgoVehicle↦8.000000238418579),(Vehicles2↦-8.000000238418579),(Vehicles3↦0.0),(Vehicles4↦-4.0000001192092896),(Vehicles5↦-8.000000238418579)}",
        "VehiclesVy": "{(EgoVehicle↦0.0),(Vehicles2↦0.0),(Vehicles3↦0.0),(Vehicles4↦0.0),(Vehicles5↦0.0)}",
        "VehiclesX": "{(EgoVehicle↦200.0),(Vehicles2↦19.411255419254303),(Vehicles3↦23.609669506549835),(Vehicles4↦56.49780631065369),(Vehicles5↦88.61111402511597)}"
      },
      "probabilisticVariables": null,
      "activating": [
        "SLOWER_36"
      ],
      "activatingOnlyWhenExecuted": true,
      "updating": null,
      "withPredicate": null
    },
    {
      "id": "SLOWER_36",
      "execute": "SLOWER",
      "after": "1000",
      "priority": 0,
      "additionalGuards": null,
      "activationKind": null,
      "fixedVariables": {
        "Crash": "FALSE",
        "VehiclesAy": "{(EgoVehicle↦0.0),(Vehicles2↦0.0),(Vehicles3↦0.0),(Vehicles4↦0.0),(Vehicles5↦0.0)}",
        "Reward": "0.8816430908205667",
        "VehiclesAx": "{(EgoVehicle↦-3.703155517578125),(Vehicles2↦3.7197083234786987),(Vehicles3↦3.688192367553711),(Vehicles4↦3.730301856994629),(Vehicles5↦3.716402053833008)}",
        "VehiclesVx": "{(EgoVehicle↦25.56161642074585),(Vehicles2↦-5.800424814224243),(Vehicles3↦-4.18317973613739),(Vehicles4↦-5.539679527282715),(Vehicles5↦-5.48201858997345)}",
        "VehiclesY": "{(EgoVehicle↦8.000000238418579),(Vehicles2↦-8.000000238418579),(Vehicles3↦0.0),(Vehicles4↦-4.0000001192092896),(Vehicles5↦-8.000000238418579)}",
        "VehiclesVy": "{(EgoVehicle↦0.0),(Vehicles2↦0.0),(Vehicles3↦0.0),(Vehicles4↦0.0),(Vehicles5↦0.0)}",
        "VehiclesX": "{(EgoVehicle↦200.0),(Vehicles2↦11.940649896860123),(Vehicles3↦17.775152623653412),(Vehicles4↦49.281713366508484),(Vehicles5↦81.46087527275085)}"
      },
      "probabilisticVariables": null,
      "activating": [
        "SLOWER_37"
      ],
      "activatingOnlyWhenExecuted": true,
      "updating": null,
      "withPredicate": null
    },
    {
      "id": "SLOWER_37",
      "execute": "SLOWER",
      "after": "1000",
      "priority": 0,
      "additionalGuards": null,
      "activationKind": null,
      "fixedVariables": {
        "Crash": "FALSE",
        "VehiclesAy": "{(EgoVehicle↦0.0),(Vehicles2↦0.0),(Vehicles3↦0.0),(Vehicles4↦0.0),(Vehicles5↦0.0)}",
        "Reward": "0.7528638363769197",
        "VehiclesAx": "{(EgoVehicle↦-4.829223155975342),(Vehicles2↦4.845427051186562),(Vehicles3↦4.814727008342743),(Vehicles4↦4.85458217561245),(Vehicles5↦4.842398092150688)}",
        "VehiclesVx": "{(EgoVehicle↦20.732393264770508),(Vehicles2↦-0.9549977630376816),(Vehicles3↦0.6315472722053528),(Vehicles4↦-0.6850973516702652),(Vehicles5↦-0.6396204978227615)}",
        "VehiclesY": "{(EgoVehicle↦8.000000238418579),(Vehicles2↦-8.000000238418579),(Vehicles3↦0.0),(Vehicles4↦-4.0000001192092896),(Vehicles5↦-8.000000238418579)}",
        "VehiclesVy": "{(EgoVehicle↦0.0),(Vehicles2↦0.0),(Vehicles3↦0.0),(Vehicles4↦0.0),(Vehicles5↦0.0)}",
        "VehiclesX": "{(EgoVehicle↦200.0),(Vehicles2↦8.810816705226898),(Vehicles3↦16.25021994113922),(Vehicles4↦46.41639590263367),(Vehicles5↦78.64821553230286)}"
      },
      "probabilisticVariables": null,
      "activating": [
        "IDLE_38"
      ],
      "activatingOnlyWhenExecuted": true,
      "updating": null,
      "withPredicate": null
    },
    {
      "id": "IDLE_38",
      "execute": "IDLE",
      "after": "1000",
      "priority": 0,
      "additionalGuards": null,
      "activationKind": null,
      "fixedVariables": {
        "Crash": "FALSE",
        "VehiclesAy": "{(EgoVehicle↦0.0),(Vehicles2↦0.0),(Vehicles3↦0.0),(Vehicles4↦0.0),(Vehicles5↦0.0)}",
        "Reward": "0.735905251429608",
        "VehiclesAx": "{(EgoVehicle↦-0.6359457969665527),(Vehicles2↦0.651820246130228),(Vehicles3↦0.6219220161437988),(Vehicles4↦0.6597212911583483),(Vehicles5↦0.6490294559625909)}",
        "VehiclesVx": "{(EgoVehicle↦20.096447467803955),(Vehicles2↦-0.30317751690745354),(Vehicles3↦1.2534692883491516),(Vehicles4↦-0.025376060511916876),(Vehicles5↦0.009408958139829338)}",
        "VehiclesY": "{(EgoVehicle↦8.000000238418579),(Vehicles2↦-8.000000238418579),(Vehicles3↦0.0),(Vehicles4↦-4.0000001192092896),(Vehicles5↦-8.000000238418579)}",
        "VehiclesVy": "{(EgoVehicle↦0.0),(Vehicles2↦0.0),(Vehicles3↦0.0),(Vehicles4↦0.0),(Vehicles5↦0.0)}",
        "VehiclesX": "{(EgoVehicle↦200.0),(Vehicles2↦8.213020116090775),(Vehicles3↦17.226944863796234),(Vehicles4↦46.091753244400024),(Vehicles5↦78.36466431617737)}"
      },
      "probabilisticVariables": null,
      "activating": [
        "IDLE_39"
      ],
      "activatingOnlyWhenExecuted": true,
      "updating": null,
      "withPredicate": null
    },
    {
      "id": "IDLE_39",
      "execute": "IDLE",
      "after": "1000",
      "priority": 0,
      "additionalGuards": null,
      "activationKind": null,
      "fixedVariables": {
        "Crash": "FALSE",
        "VehiclesAy": "{(EgoVehicle↦0.0),(Vehicles2↦0.0),(Vehicles3↦0.0),(Vehicles4↦0.0),(Vehicles5↦0.0)}",
        "Reward": "0.733672022136135",
        "VehiclesAx": "{(EgoVehicle↦-0.08374691009521484),(Vehicles2↦0.09930262342095375),(Vehicles3↦0.07019355893135071),(Vehicles4↦0.10610598837956786),(Vehicles5↦0.09671595704276115)}",
        "VehiclesVx": "{(EgoVehicle↦20.01270055770874),(Vehicles2↦-0.2038748934864998),(Vehicles3↦1.3236628472805023),(Vehicles4↦0.08072992786765099),(Vehicles5↦0.10612491518259048)}",
        "VehiclesY": "{(EgoVehicle↦8.000000238418579),(Vehicles2↦-8.000000238418579),(Vehicles3↦0.0),(Vehicles4↦-4.0000001192092896),(Vehicles5↦-8.000000238418579)}",
        "VehiclesVy": "{(EgoVehicle↦0.0),(Vehicles2↦0.0),(Vehicles3↦0.0),(Vehicles4↦0.0),(Vehicles5↦0.0)}",
        "VehiclesX": "{(EgoVehicle↦200.0),(Vehicles2↦7.962288707494736),(Vehicles3↦18.521155416965485),(Vehicles4↦46.12162709236145),(Vehicles5↦78.42546701431274)}"
      },
      "probabilisticVariables": null,
      "activating": [
        "IDLE_40"
      ],
      "activatingOnlyWhenExecuted": true,
      "updating": null,
      "withPredicate": null
    },
    {
      "id": "IDLE_40",
      "execute": "IDLE",
      "after": "1000",
      "priority": 0,
      "additionalGuards": null,
      "activationKind": null,
      "fixedVariables": {
        "Crash": "FALSE",
        "VehiclesAy": "{(EgoVehicle↦0.0),(Vehicles2↦0.0),(Vehicles3↦0.0),(Vehicles4↦0.0),(Vehicles5↦0.0)}",
        "Reward": "0.7333779343279409",
        "VehiclesAx": "{(EgoVehicle↦-0.011026859283447266),(Vehicles2↦0.02628117799758911),(Vehicles3↦-0.0020512938499450684),(Vehicles4↦0.03212061710655689),(Vehicles5↦0.023869331926107407)}",
        "VehiclesVx": "{(EgoVehicle↦20.001673698425293),(Vehicles2↦-0.17759371548891068),(Vehicles3↦1.3216115534305573),(Vehicles4↦0.11285054497420788),(Vehicles5↦0.1299942471086979)}",
        "VehiclesY": "{(EgoVehicle↦8.000000238418579),(Vehicles2↦-8.000000238418579),(Vehicles3↦0.0),(Vehicles4↦-4.0000001192092896),(Vehicles5↦-8.000000238418579)}",
        "VehiclesVy": "{(EgoVehicle↦0.0),(Vehicles2↦0.0),(Vehicles3↦0.0),(Vehicles4↦0.0),(Vehicles5↦0.0)}",
        "VehiclesX": "{(EgoVehicle↦200.0),(Vehicles2↦7.77062326669693),(Vehicles3↦19.84563171863556),(Vehicles4↦46.216973662376404),(Vehicles5↦78.54282259941101)}"
      },
      "probabilisticVariables": null,
      "activating": [
        "IDLE_41"
      ],
      "activatingOnlyWhenExecuted": true,
      "updating": null,
      "withPredicate": null
    },
    {
      "id": "IDLE_41",
      "execute": "IDLE",
      "after": "1000",
      "priority": 0,
      "additionalGuards": null,
      "activationKind": null,
      "fixedVariables": {
        "Crash": "FALSE",
        "VehiclesAy": "{(EgoVehicle↦0.0),(Vehicles2↦0.0),(Vehicles3↦0.0),(Vehicles4↦0.0),(Vehicles5↦0.0)}",
        "Reward": "0.7333392067153394",
        "VehiclesAx": "{(EgoVehicle↦-0.0014543533325195312),(Vehicles2↦0.01641334965825081),(Vehicles3↦-0.011154860258102417),(Vehicles4↦0.021403860300779343),(Vehicles5↦0.014150990173220634)}",
        "VehiclesVx": "{(EgoVehicle↦20.000219345092773),(Vehicles2↦-0.16118036583065987),(Vehicles3↦1.3104566931724548),(Vehicles4↦0.13425440527498722),(Vehicles5↦0.14414523728191853)}",
        "VehiclesY": "{(EgoVehicle↦8.000000238418579),(Vehicles2↦-8.000000238418579),(Vehicles3↦0.0),(Vehicles4↦-4.0000001192092896),(Vehicles5↦-8.000000238418579)}",
        "VehiclesVy": "{(EgoVehicle↦0.0),(Vehicles2↦0.0),(Vehicles3↦0.0),(Vehicles4↦0.0),(Vehicles5↦0.0)}",
        "VehiclesX": "{(EgoVehicle↦200.0),(Vehicles2↦7.599838078022003),(Vehicles3↦21.162964403629303),(Vehicles4↦46.33869528770447),(Vehicles5↦78.67870926856995)}"
      },
      "probabilisticVariables": null,
      "activating": [
        "IDLE_42"
      ],
      "activatingOnlyWhenExecuted": true,
      "updating": null,
      "withPredicate": null
    },
    {
      "id": "IDLE_42",
      "execute": "IDLE",
      "after": "1000",
      "priority": 0,
      "additionalGuards": null,
      "activationKind": null,
      "fixedVariables": {
        "Crash": "FALSE",
        "VehiclesAy": "{(EgoVehicle↦0.0),(Vehicles2↦0.0),(Vehicles3↦0.0),(Vehicles4↦0.0),(Vehicles5↦0.0)}",
        "Reward": "0.7333341067828156",
        "VehiclesAx": "{(EgoVehicle↦-0.00019073486328125),(Vehicles2↦0.014871107414364815),(Vehicles3↦-0.011944621801376343),(Vehicles4↦0.019112275913357735),(Vehicles5↦0.012736385688185692)}",
        "VehiclesVx": "{(EgoVehicle↦20.000028610229492),(Vehicles2↦-0.14630925841629505),(Vehicles3↦1.2985120713710785),(Vehicles4↦0.15336668118834496),(Vehicles5↦0.15688162297010422)}",
        "VehiclesY": "{(EgoVehicle↦8.000000238418579),(Vehicles2↦-8.000000238418579),(Vehicles3↦0.0),(Vehicles4↦-4.0000001192092896),(Vehicles5↦-8.000000238418579)}",
        "VehiclesVy": "{(EgoVehicle↦0.0),(Vehicles2↦0.0),(Vehicles3↦0.0),(Vehicles4↦0.0),(Vehicles5↦0.0)}",
        "VehiclesX": "{(EgoVehicle↦200.0),(Vehicles2↦7.444656640291214),(Vehicles3↦22.468633949756622),(Vehicles4↦46.4807003736496),(Vehicles5↦78.82798910140991)}"
      },
      "probabilisticVariables": null,
      "activating": [
        "IDLE_43"
      ],
      "activatingOnlyWhenExecuted": true,
      "updating": null,
      "withPredicate": null
    },
    {
      "id": "IDLE_43",
      "execute": "IDLE",
      "after": "1000",
      "priority": 0,
      "additionalGuards": null,
      "activationKind": null,
      "fixedVariables": {
        "Crash": "FALSE",
        "VehiclesAy": "{(EgoVehicle↦0.0),(Vehicles2↦0.0),(Vehicles3↦0.0),(Vehicles4↦0.0),(Vehicles5↦0.0)}",
        "Reward": "0.7333334351867631",
        "VehiclesAx": "{(EgoVehicle↦-2.384185791015625E-05),(Vehicles2↦0.01443350687623024),(Vehicles3↦-0.011642277240753174),(Vehicles4↦0.018011871725320816),(Vehicles5↦0.01240760087966919)}",
        "VehiclesVx": "{(EgoVehicle↦20.000004768371582),(Vehicles2↦-0.1318757515400648),(Vehicles3↦1.2868697941303253),(Vehicles4↦0.17137855291366577),(Vehicles5↦0.1692892238497734)}",
        "VehiclesY": "{(EgoVehicle↦8.000000238418579),(Vehicles2↦-8.000000238418579),(Vehicles3↦0.0),(Vehicles4↦-4.0000001192092896),(Vehicles5↦-8.000000238418579)}",
        "VehiclesVy": "{(EgoVehicle↦0.0),(Vehicles2↦0.0),(Vehicles3↦0.0),(Vehicles4↦0.0),(Vehicles5↦0.0)}",
        "VehiclesX": "{(EgoVehicle↦200.0),(Vehicles2↦7.3041461408138275),(Vehicles3↦23.762455582618713),(Vehicles4↦46.64134681224823),(Vehicles5↦78.98985147476196)}"
      },
      "probabilisticVariables": null,
      "activating": [
        "FASTER_44"
      ],
      "activatingOnlyWhenExecuted": true,
      "updating": null,
      "withPredicate": null
    },
    {
      "id": "FASTER_44",
      "execute": "FASTER",
      "after": "1000",
      "priority": 0,
      "additionalGuards": null,
      "activationKind": null,
      "fixedVariables": {
        "Crash": "FALSE",
        "VehiclesAy": "{(EgoVehicle↦0.0),(Vehicles2↦0.0),(Vehicles3↦0.0),(Vehicles4↦0.0),(Vehicles5↦0.0)}",
        "Reward": "0.8491083810396836",
        "VehiclesAx": "{(EgoVehicle↦4.341559410095215),(Vehicles2↦-4.327414752915502),(Vehicles3↦-4.352762848138809),(Vehicles4↦-4.324423670768738),(Vehicles5↦-4.329348020255566)}",
        "VehiclesVx": "{(EgoVehicle↦24.341564178466797),(Vehicles2↦-4.459290504455566),(Vehicles3↦-3.065893054008484),(Vehicles4↦-4.153045117855072),(Vehicles5↦-4.160058796405792)}",
        "VehiclesY": "{(EgoVehicle↦8.000000238418579),(Vehicles2↦-8.000000238418579),(Vehicles3↦0.0),(Vehicles4↦-4.0000001192092896),(Vehicles5↦-8.000000238418579)}",
        "VehiclesVy": "{(EgoVehicle↦0.0),(Vehicles2↦0.0),(Vehicles3↦0.0),(Vehicles4↦0.0),(Vehicles5↦0.0)}",
        "VehiclesX": "{(EgoVehicle↦200.0),(Vehicles2↦4.782889410853386),(Vehicles3↦22.649747133255005),(Vehicles4↦44.4245845079422),(Vehicles5↦76.76898241043091)}"
      },
      "probabilisticVariables": null,
      "activating": [
        "SLOWER_45"
      ],
      "activatingOnlyWhenExecuted": true,
      "updating": null,
      "withPredicate": null
    },
    {
      "id": "SLOWER_45",
      "execute": "SLOWER",
      "after": "1000",
      "priority": 0,
      "additionalGuards": null,
      "activationKind": null,
      "fixedVariables": {
        "Crash": "FALSE",
        "VehiclesAy": "{(EgoVehicle↦0.0),(Vehicles2↦0.0),(Vehicles3↦0.0),(Vehicles4↦0.0),(Vehicles5↦0.0)}",
        "Reward": "0.7485794301506304",
        "VehiclesAx": "{(EgoVehicle↦-3.76983642578125),(Vehicles2↦3.783726394176483),(Vehicles3↦3.7590935826301575),(Vehicles4↦3.7861966341733932),(Vehicles5↦3.7818720936775208)}",
        "VehiclesVx": "{(EgoVehicle↦20.571727752685547),(Vehicles2↦-0.6755641102790833),(Vehicles3↦0.6932005286216736),(Vehicles4↦-0.36684848368167877),(Vehicles5↦-0.3781867027282715)}",
        "VehiclesY": "{(EgoVehicle↦8.000000238418579),(Vehicles2↦-8.000000238418579),(Vehicles3↦0.0),(Vehicles4↦-4.0000001192092896),(Vehicles5↦-8.000000238418579)}",
        "VehiclesVy": "{(EgoVehicle↦0.0),(Vehicles2↦0.0),(Vehicles3↦0.0),(Vehicles4↦0.0),(Vehicles5↦0.0)}",
        "VehiclesX": "{(EgoVehicle↦200.0),(Vehicles2↦2.4088382720947266),(Vehicles3↦21.659183502197266),(Vehicles4↦42.357805371284485),(Vehicles5↦74.69341158866882)}"
      },
      "probabilisticVariables": null,
      "activating": [
        "IDLE_46"
      ],
      "activatingOnlyWhenExecuted": true,
      "updating": null,
      "withPredicate": null
    },
    {
      "id": "IDLE_46",
      "execute": "IDLE",
      "after": "1000",
      "priority": 0,
      "additionalGuards": null,
      "activationKind": null,
      "fixedVariables": {
        "Crash": "FALSE",
        "VehiclesAy": "{(EgoVehicle↦0.0),(Vehicles2↦0.0),(Vehicles3↦0.0),(Vehicles4↦0.0),(Vehicles5↦0.0)}",
        "Reward": "0.73534104978664",
        "VehiclesAx": "{(EgoVehicle↦-0.49643754959106445),(Vehicles2↦0.5100829526782036),(Vehicles3↦0.4861524701118469),(Vehicles4↦0.5120902881026268),(Vehicles5↦0.5082955211400986)}",
        "VehiclesVx": "{(EgoVehicle↦20.075290203094482),(Vehicles2↦-0.16548115760087967),(Vehicles3↦1.1793529987335205),(Vehicles4↦0.14524180442094803),(Vehicles5↦0.1301088184118271)}",
        "VehiclesY": "{(EgoVehicle↦8.000000238418579),(Vehicles2↦-8.000000238418579),(Vehicles3↦0.0),(Vehicles4↦-4.0000001192092896),(Vehicles5↦-8.000000238418579)}",
        "VehiclesVy": "{(EgoVehicle↦0.0),(Vehicles2↦0.0),(Vehicles3↦0.0),(Vehicles4↦0.0),(Vehicles5↦0.0)}",
        "VehiclesX": "{(EgoVehicle↦200.0),(Vehicles2↦2.0126162096858025),(Vehicles3↦22.62209802865982),(Vehicles4↦42.27113723754883),(Vehicles5↦74.59384799003601)}"
      },
      "probabilisticVariables": null,
      "activating": [
        "FASTER_47"
      ],
      "activatingOnlyWhenExecuted": true,
      "updating": null,
      "withPredicate": null
    },
    {
      "id": "FASTER_47",
      "execute": "FASTER",
      "after": "1000",
      "priority": 0,
      "additionalGuards": null,
      "activationKind": null,
      "fixedVariables": {
        "Crash": "FALSE",
        "VehiclesAy": "{(EgoVehicle↦0.0),(Vehicles2↦0.0),(Vehicles3↦0.0),(Vehicles4↦0.0),(Vehicles5↦0.0)}",
        "Reward": "0.849372758270943",
        "VehiclesAx": "{(EgoVehicle↦4.276187419891357),(Vehicles2↦-4.262785725295544),(Vehicles3↦-4.286026954650879),(Vehicles4↦-4.2611898854374886),(Vehicles5↦-4.264516159892082)}",
        "VehiclesVx": "{(EgoVehicle↦24.35147762298584),(Vehicles2↦-4.428266882896423),(Vehicles3↦-3.1066739559173584),(Vehicles4↦-4.1159480810165405),(Vehicles5↦-4.134407341480255)}",
        "VehiclesY": "{(EgoVehicle↦8.000000238418579),(Vehicles2↦-8.000000238418579),(Vehicles3↦0.0),(Vehicles4↦-4.0000001192092896),(Vehicles5↦-8.000000238418579)}",
        "VehiclesVy": "{(EgoVehicle↦0.0),(Vehicles2↦0.0),(Vehicles3↦0.0),(Vehicles4↦0.0),(Vehicles5↦0.0)}",
        "VehiclesX": "{(EgoVehicle↦200.0),(Vehicles2↦-0.5064819008111954),(Vehicles3↦21.438483893871307),(Vehicles4↦40.06343185901642),(Vehicles5↦72.36964702606201)}"
      },
      "probabilisticVariables": null,
      "activating": [
        "SLOWER_48"
      ],
      "activatingOnlyWhenExecuted": true,
      "updating": null,
      "withPredicate": null
    },
    {
      "id": "SLOWER_48",
      "execute": "SLOWER",
      "after": "1000",
      "priority": 0,
      "additionalGuards": null,
      "activationKind": null,
      "fixedVariables": {
        "Crash": "FALSE",
        "VehiclesAy": "{(EgoVehicle↦0.0),(Vehicles2↦0.0),(Vehicles3↦0.0),(Vehicles4↦0.0),(Vehicles5↦0.0)}",
        "Reward": "0.7486142452592737",
        "VehiclesAx": "{(EgoVehicle↦-3.7784433364868164),(Vehicles2↦3.7916138768196106),(Vehicles3↦3.769048750400543),(Vehicles4↦3.79284355789423),(Vehicles5↦3.7899314239621162)}",
        "VehiclesVx": "{(EgoVehicle↦20.573034286499023),(Vehicles2↦-0.6366530060768127),(Vehicles3↦0.6623747944831848),(Vehicles4↦-0.32310452312231064),(Vehicles5↦-0.3444759175181389)}",
        "VehiclesY": "{(EgoVehicle↦8.000000238418579),(Vehicles2↦-8.000000238418579),(Vehicles3↦0.0),(Vehicles4↦-4.0000001192092896),(Vehicles5↦-8.000000238418579)}",
        "VehiclesVy": "{(EgoVehicle↦0.0),(Vehicles2↦0.0),(Vehicles3↦0.0),(Vehicles4↦0.0),(Vehicles5↦0.0)}",
        "VehiclesX": "{(EgoVehicle↦200.0),(Vehicles2↦-2.8450505807995796),(Vehicles3↦20.41242867708206),(Vehicles4↦38.037702441215515),(Vehicles5↦70.32425999641418)}"
      },
      "probabilisticVariables": null,
      "activating": [
        "IDLE_49"
      ],
      "activatingOnlyWhenExecuted": true,
      "updating": null,
      "withPredicate": null
    },
    {
      "id": "IDLE_49",
      "execute": "IDLE",
      "after": "1000",
      "priority": 0,
      "additionalGuards": null,
      "activationKind": null,
      "fixedVariables": {
        "Crash": "FALSE",
        "VehiclesAy": "{(EgoVehicle↦0.0),(Vehicles2↦0.0),(Vehicles3↦0.0),(Vehicles4↦0.0),(Vehicles5↦0.0)}",
        "Reward": "0.735345634492305",
        "VehiclesAx": "{(EgoVehicle↦-0.4975724220275879),(Vehicles2↦0.5105147324502468),(Vehicles3↦0.48861198127269745),(Vehicles4↦0.5114183574914932),(Vehicles5↦0.50887331366539)}",
        "VehiclesVx": "{(EgoVehicle↦20.075461864471436),(Vehicles2↦-0.12613827362656593),(Vehicles3↦1.1509867757558823),(Vehicles4↦0.1883138343691826),(Vehicles5↦0.16439739614725113)}",
        "VehiclesY": "{(EgoVehicle↦8.000000238418579),(Vehicles2↦-8.000000238418579),(Vehicles3↦0.0),(Vehicles4↦-4.0000001192092896),(Vehicles5↦-8.000000238418579)}",
        "VehiclesVy": "{(EgoVehicle↦0.0),(Vehicles2↦0.0),(Vehicles3↦0.0),(Vehicles4↦0.0),(Vehicles5↦0.0)}",
        "VehiclesX": "{(EgoVehicle↦200.0),(Vehicles2↦-3.202018514275551),(Vehicles3↦21.345674991607666),(Vehicles4↦37.99466788768768),(Vehicles5↦70.25880813598633)}"
      },
      "probabilisticVariables": null,
      "activating": [
        "IDLE_50"
      ],
      "activatingOnlyWhenExecuted": true,
      "updating": null,
      "withPredicate": null
    },
    {
      "id": "IDLE_50",
      "execute": "IDLE",
      "after": "1000",
      "priority": 0,
      "additionalGuards": null,
      "activationKind": null,
      "fixedVariables": {
        "Crash": "FALSE",
        "VehiclesAy": "{(EgoVehicle↦0.0),(Vehicles2↦0.0),(Vehicles3↦0.0),(Vehicles4↦0.0),(Vehicles5↦0.0)}",
        "Reward": "0.7335983277246382",
        "VehiclesAx": "{(EgoVehicle↦-0.06552457809448242),(Vehicles2↦0.0782438600435853),(Vehicles3↦0.05698971450328827),(Vehicles4↦0.07885696366429329),(Vehicles5↦0.07663710042834282)}",
        "VehiclesVx": "{(EgoVehicle↦20.009937286376953),(Vehicles2↦-0.04789441358298063),(Vehicles3↦1.2079764902591705),(Vehicles4↦0.2671707980334759),(Vehicles5↦0.24103449657559395)}",
        "VehiclesY": "{(EgoVehicle↦8.000000238418579),(Vehicles2↦-8.000000238418579),(Vehicles3↦0.0),(Vehicles4↦-4.0000001192092896),(Vehicles5↦-8.000000238418579)}",
        "VehiclesVy": "{(EgoVehicle↦0.0),(Vehicles2↦0.0),(Vehicles3↦0.0),(Vehicles4↦0.0),(Vehicles5↦0.0)}",
        "VehiclesX": "{(EgoVehicle↦200.0),(Vehicles2↦-3.2869044691324234),(Vehicles3↦22.52936065196991),(Vehicles4↦38.22450339794159),(Vehicles5↦70.4638123512268)}"
      },
      "probabilisticVariables": null,
      "activating": [
        "FASTER_51"
      ],
      "activatingOnlyWhenExecuted": true,
      "updating": null,
      "withPredicate": null
    },
    {
      "id": "FASTER_51",
      "execute": "FASTER",
      "after": "1000",
      "priority": 0,
      "additionalGuards": null,
      "activationKind": null,
      "fixedVariables": {
        "Crash": "FALSE",
        "VehiclesAy": "{(EgoVehicle↦0.0),(Vehicles2↦0.0),(Vehicles3↦0.0),(Vehicles4↦0.0),(Vehicles5↦0.0)}",
        "Reward": "0.8491432640076342",
        "VehiclesAx": "{(EgoVehicle↦4.332935810089111),(Vehicles2↦-4.320431952364743),(Vehicles3↦-4.341051429510117),(Vehicles4↦-4.320077728480101),(Vehicles5↦-4.32200925424695)}",
        "VehiclesVx": "{(EgoVehicle↦24.342873096466064),(Vehicles2↦-4.368326365947723),(Vehicles3↦-3.133074939250946),(Vehicles4↦-4.052906930446625),(Vehicles5↦-4.080974757671356)}",
        "VehiclesY": "{(EgoVehicle↦8.000000238418579),(Vehicles2↦-8.000000238418579),(Vehicles3↦0.0),(Vehicles4↦-4.0000001192092896),(Vehicles5↦-8.000000238418579)}",
        "VehiclesVy": "{(EgoVehicle↦0.0),(Vehicles2↦0.0),(Vehicles3↦0.0),(Vehicles4↦0.0),(Vehicles5↦0.0)}",
        "VehiclesX": "{(EgoVehicle↦200.0),(Vehicles2↦-5.720081925392151),(Vehicles3↦21.3437557220459),(Vehicles4↦36.10655069351196),(Vehicles5↦68.3189332485199)}"
      },
      "probabilisticVariables": null,
      "activating": [
        "SLOWER_52"
      ],
      "activatingOnlyWhenExecuted": true,
      "updating": null,
      "withPredicate": null
    },
    {
      "id": "SLOWER_52",
      "execute": "SLOWER",
      "after": "1000",
      "priority": 0,
      "additionalGuards": null,
      "activationKind": null,
      "fixedVariables": {
        "Crash": "FALSE",
        "VehiclesAy": "{(EgoVehicle↦0.0),(Vehicles2↦0.0),(Vehicles3↦0.0),(Vehicles4↦0.0),(Vehicles5↦0.0)}",
        "Reward": "0.7485840237925006",
        "VehiclesAx": "{(EgoVehicle↦-3.7709712982177734),(Vehicles2↦3.7832636013627052),(Vehicles3↦3.7632642686367035),(Vehicles4↦3.7833869084715843),(Vehicles5↦3.7817111052572727)}",
        "VehiclesVx": "{(EgoVehicle↦20.57190179824829),(Vehicles2↦-0.5850627645850182),(Vehicles3↦0.6301893293857574),(Vehicles4↦-0.26952002197504044),(Vehicles5↦-0.2992636524140835)}",
        "VehiclesY": "{(EgoVehicle↦8.000000238418579),(Vehicles2↦-8.000000238418579),(Vehicles3↦0.0),(Vehicles4↦-4.0000001192092896),(Vehicles5↦-8.000000238418579)}",
        "VehiclesVy": "{(EgoVehicle↦0.0),(Vehicles2↦0.0),(Vehicles3↦0.0),(Vehicles4↦0.0),(Vehicles5↦0.0)}",
        "VehiclesX": "{(EgoVehicle↦200.0),(Vehicles2↦-8.00318494439125),(Vehicles3↦20.287854969501495),(Vehicles4↦34.13893282413483),(Vehicles5↦66.32255911827087)}"
      },
      "probabilisticVariables": null,
      "activating": [
        "IDLE_53"
      ],
      "activatingOnlyWhenExecuted": true,
      "updating": null,
      "withPredicate": null
    },
    {
      "id": "IDLE_53",
      "execute": "IDLE",
      "after": "1000",
      "priority": 0,
      "additionalGuards": null,
      "activationKind": null,
      "fixedVariables": {
        "Crash": "FALSE",
        "VehiclesAy": "{(EgoVehicle↦0.0),(Vehicles2↦0.0),(Vehicles3↦0.0),(Vehicles4↦0.0),(Vehicles5↦0.0)}",
        "Reward": "0.7353416547106723",
        "VehiclesAx": "{(EgoVehicle↦-0.49659013748168945),(Vehicles2↦0.5086743365973234),(Vehicles3↦0.4892810434103012),(Vehicles4↦0.5085919611155987),(Vehicles5↦0.5071431584656239)}",
        "VehiclesVx": "{(EgoVehicle↦20.0753116607666),(Vehicles2↦-0.07638842798769474),(Vehicles3↦1.1194703727960587),(Vehicles4↦0.23907193914055824),(Vehicles5↦0.20787950605154037)}",
        "VehiclesY": "{(EgoVehicle↦8.000000238418579),(Vehicles2↦-8.000000238418579),(Vehicles3↦0.0),(Vehicles4↦-4.0000001192092896),(Vehicles5↦-8.000000238418579)}",
        "VehiclesVy": "{(EgoVehicle↦0.0),(Vehicles2↦0.0),(Vehicles3↦0.0),(Vehicles4↦0.0),(Vehicles5↦0.0)}",
        "VehiclesX": "{(EgoVehicle↦200.0),(Vehicles2↦-8.30945000052452),(Vehicles3↦21.189038455486298),(Vehicles4↦34.14819538593292),(Vehicles5↦66.30147695541382)}"
      },
      "probabilisticVariables": null,
      "activating": [
        "IDLE_54"
      ],
      "activatingOnlyWhenExecuted": true,
      "updating": null,
      "withPredicate": null
    },
    {
      "id": "IDLE_54",
      "execute": "IDLE",
      "after": "1000",
      "priority": 0,
      "additionalGuards": null,
      "activationKind": null,
      "fixedVariables": {
        "Crash": "FALSE",
        "VehiclesAy": "{(EgoVehicle↦0.0),(Vehicles2↦0.0),(Vehicles3↦0.0),(Vehicles4↦0.0),(Vehicles5↦0.0)}",
        "Reward": "0.7335978036381681",
        "VehiclesAx": "{(EgoVehicle↦-0.06539344787597656),(Vehicles2↦0.07727825766778551),(Vehicles3↦0.05847632884979248),(Vehicles4↦0.07701246067881584),(Vehicles5↦0.07576517760753632)}",
        "VehiclesVx": "{(EgoVehicle↦20.009918212890625),(Vehicles2↦0.0008898296800907701),(Vehicles3↦1.1779467016458511),(Vehicles4↦0.3160843998193741),(Vehicles5↦0.2836446836590767)}",
        "VehiclesY": "{(EgoVehicle↦8.000000238418579),(Vehicles2↦-8.000000238418579),(Vehicles3↦0.0),(Vehicles4↦-4.0000001192092896),(Vehicles5↦-8.000000238418579)}",
        "VehiclesVy": "{(EgoVehicle↦0.0),(Vehicles2↦0.0),(Vehicles3↦0.0),(Vehicles4↦0.0),(Vehicles5↦0.0)}",
        "VehiclesX": "{(EgoVehicle↦200.0),(Vehicles2↦-8.344993740320206),(Vehicles3↦22.341786324977875),(Vehicles4↦34.42801833152771),(Vehicles5↦66.54959321022034)}"
      },
      "probabilisticVariables": null,
      "activating": [
        "FASTER_55"
      ],
      "activatingOnlyWhenExecuted": true,
      "updating": null,
      "withPredicate": null
    },
    {
      "id": "FASTER_55",
      "execute": "FASTER",
      "after": "1000",
      "priority": 0,
      "additionalGuards": null,
      "activationKind": null,
      "fixedVariables": {
        "Crash": "FALSE",
        "VehiclesAy": "{(EgoVehicle↦0.0),(Vehicles2↦0.0),(Vehicles3↦0.0),(Vehicles4↦0.0),(Vehicles5↦0.0)}",
        "Reward": "0.8491431949921319",
        "VehiclesAx": "{(EgoVehicle↦4.332952499389648),(Vehicles2↦-3.1624337354151066),(Vehicles3↦-5.1835570484399796),(Vehicles4↦-4.355202689766884),(Vehicles5↦-4.134963937103748)}",
        "VehiclesVx": "{(EgoVehicle↦24.342870712280273),(Vehicles2↦-3.161543905735016),(Vehicles3↦-4.005610346794128),(Vehicles4↦-4.03911828994751),(Vehicles5↦-3.8513192534446716)}",
        "VehiclesY": "{(EgoVehicle↦8.000000238418579),(Vehicles2↦0.0),(Vehicles3↦-4.0000001192092896),(Vehicles4↦-8.000000238418579),(Vehicles5↦-4.0000001192092896)}",
        "VehiclesVy": "{(EgoVehicle↦0.0),(Vehicles2↦0.0),(Vehicles3↦0.0),(Vehicles4↦0.0),(Vehicles5↦0.0)}",
        "VehiclesX": "{(EgoVehicle↦200.0),(Vehicles2↦21.126775443553925),(Vehicles3↦32.35832452774048),(Vehicles4↦64.447021484375),(Vehicles5↦96.66186571121216)}"
      },
      "probabilisticVariables": null,
      "activating": [
        "LANE_RIGHT_56"
      ],
      "activatingOnlyWhenExecuted": true,
      "updating": null,
      "withPredicate": null
    },
    {
      "id": "LANE_RIGHT_56",
      "execute": "LANE_RIGHT",
      "after": "1000",
      "priority": 0,
      "additionalGuards": null,
      "activationKind": null,
      "fixedVariables": {
        "Crash": "FALSE",
        "VehiclesAy": "{(EgoVehicle↦0.0),(Vehicles2↦0.0),(Vehicles3↦0.0),(Vehicles4↦0.0),(Vehicles5↦0.0)}",
        "Reward": "0.8643590489975921",
        "VehiclesAx": "{(EgoVehicle↦0.5705928802490234),(Vehicles2↦-0.5767637491226196),(Vehicles3↦-0.559675395488739),(Vehicles4↦-0.5605846643447876),(Vehicles5↦-0.5634856224060059)}",
        "VehiclesVx": "{(EgoVehicle↦24.913463592529297),(Vehicles2↦-3.7383076548576355),(Vehicles3↦-4.565285742282867),(Vehicles4↦-4.599702954292297),(Vehicles5↦-4.4148048758506775)}",
        "VehiclesY": "{(EgoVehicle↦8.000000238418579),(Vehicles2↦0.0),(Vehicles3↦-4.0000001192092896),(Vehicles4↦-8.000000238418579),(Vehicles5↦-4.0000001192092896)}",
        "VehiclesVy": "{(EgoVehicle↦0.0),(Vehicles2↦0.0),(Vehicles3↦0.0),(Vehicles4↦0.0),(Vehicles5↦0.0)}",
        "VehiclesX": "{(EgoVehicle↦200.0),(Vehicles2↦17.647962272167206),(Vehicles3↦28.04233431816101),(Vehicles4↦60.09714603424072),(Vehicles5↦92.49862432479858)}"
      },
      "probabilisticVariables": null,
      "activating": [
        "LANE_RIGHT_57"
      ],
      "activatingOnlyWhenExecuted": true,
      "updating": null,
      "withPredicate": null
    },
    {
      "id": "LANE_RIGHT_57",
      "execute": "LANE_RIGHT",
      "after": "1000",
      "priority": 0,
      "additionalGuards": null,
      "activationKind": null,
      "fixedVariables": {
        "Crash": "FALSE",
        "VehiclesAy": "{(EgoVehicle↦0.0),(Vehicles2↦0.0),(Vehicles3↦0.0),(Vehicles4↦0.0),(Vehicles5↦0.0)}",
        "Reward": "0.8663627828583934",
        "VehiclesAx": "{(EgoVehicle↦0.07513999938964844),(Vehicles2↦-0.08095026016235352),(Vehicles3↦-0.06453931331634521),(Vehicles4↦-0.06530731916427612),(Vehicles5↦-0.06813108921051025)}",
        "VehiclesVx": "{(EgoVehicle↦24.988603591918945),(Vehicles2↦-3.819257915019989),(Vehicles3↦-4.629825055599213),(Vehicles4↦-4.6650102734565735),(Vehicles5↦-4.482935965061188)}",
        "VehiclesY": "{(EgoVehicle↦8.000000238418579),(Vehicles2↦0.0),(Vehicles3↦-4.0000001192092896),(Vehicles4↦-8.000000238418579),(Vehicles5↦-4.0000001192092896)}",
        "VehiclesVy": "{(EgoVehicle↦0.0),(Vehicles2↦0.0),(Vehicles3↦0.0),(Vehicles4↦0.0),(Vehicles5↦0.0)}",
        "VehiclesX": "{(EgoVehicle↦200.0),(Vehicles2↦13.865849375724792),(Vehicles3↦23.439860343933105),(Vehicles4↦55.4599404335022),(Vehicles5↦88.04517984390259)}"
      },
      "probabilisticVariables": null,
      "activating": [
        "SLOWER_58"
      ],
      "activatingOnlyWhenExecuted": true,
      "updating": null,
      "withPredicate": null
    },
    {
      "id": "SLOWER_58",
      "execute": "SLOWER",
      "after": "1000",
      "priority": 0,
      "additionalGuards": null,
      "activationKind": null,
      "fixedVariables": {
        "Crash": "FALSE",
        "VehiclesAy": "{(EgoVehicle↦0.0),(Vehicles2↦0.0),(Vehicles3↦0.0),(Vehicles4↦0.0),(Vehicles5↦0.0)}",
        "Reward": "0.7508516147522712",
        "VehiclesAx": "{(EgoVehicle↦-4.331667423248291),(Vehicles2↦4.326206855475903),(Vehicles3↦4.341970011591911),(Vehicles4↦4.3413276970386505),(Vehicles5↦4.338577603921294)}",
        "VehiclesVx": "{(EgoVehicle↦20.656936168670654),(Vehicles2↦0.5069489404559135),(Vehicles3↦-0.28785504400730133),(Vehicles4↦-0.323682576417923),(Vehicles5↦-0.14435836113989353)}",
        "VehiclesY": "{(EgoVehicle↦8.000000238418579),(Vehicles2↦0.0),(Vehicles3↦-4.0000001192092896),(Vehicles4↦-8.000000238418579),(Vehicles5↦-4.0000001192092896)}",
        "VehiclesVy": "{(EgoVehicle↦0.0),(Vehicles2↦0.0),(Vehicles3↦0.0),(Vehicles4↦0.0),(Vehicles5↦0.0)}",
        "VehiclesX": "{(EgoVehicle↦200.0),(Vehicles2↦12.433982640504837),(Vehicles3↦21.20378315448761),(Vehicles4↦53.18840742111206),(Vehicles5↦85.95461845397949)}"
      },
      "probabilisticVariables": null,
      "activating": [
        "LANE_RIGHT_59"
      ],
      "activatingOnlyWhenExecuted": true,
      "updating": null,
      "withPredicate": null
    },
    {
      "id": "LANE_RIGHT_59",
      "execute": "LANE_RIGHT",
      "after": "1000",
      "priority": 0,
      "additionalGuards": null,
      "activationKind": null,
      "fixedVariables": {
        "Crash": "FALSE",
        "VehiclesAy": "{(EgoVehicle↦0.0),(Vehicles2↦0.0),(Vehicles3↦0.0),(Vehicles4↦0.0),(Vehicles5↦0.0)}",
        "Reward": "0.7356402675119589",
        "VehiclesAx": "{(EgoVehicle↦-0.5704259872436523),(Vehicles2↦0.5653012171387672),(Vehicles3↦0.5804436095058918),(Vehicles4↦0.5799129046499729),(Vehicles5↦0.5772341880947351)}",
        "VehiclesVx": "{(EgoVehicle↦20.086510181427002),(Vehicles2↦1.0722501575946808),(Vehicles3↦0.29258856549859047),(Vehicles4↦0.25623032823204994),(Vehicles5↦0.4328758269548416)}",
        "VehiclesY": "{(EgoVehicle↦8.000000238418579),(Vehicles2↦0.0),(Vehicles3↦-4.0000001192092896),(Vehicles4↦-8.000000238418579),(Vehicles5↦-4.0000001192092896)}",
        "VehiclesVy": "{(EgoVehicle↦0.0),(Vehicles2↦0.0),(Vehicles3↦0.0),(Vehicles4↦0.0),(Vehicles5↦0.0)}",
        "VehiclesX": "{(EgoVehicle↦200.0),(Vehicles2↦13.253535330295563),(Vehicles3↦21.23463749885559),(Vehicles4↦53.183215856552124),(Vehicles5↦86.12766861915588)}"
      },
      "probabilisticVariables": null,
      "activating": [
        "LANE_RIGHT_60"
      ],
      "activatingOnlyWhenExecuted": true,
      "updating": null,
      "withPredicate": null
    },
    {
      "id": "LANE_RIGHT_60",
      "execute": "LANE_RIGHT",
      "after": "1000",
      "priority": 0,
      "additionalGuards": null,
      "activationKind": null,
      "fixedVariables": {
        "Crash": "FALSE",
        "VehiclesAy": "{(EgoVehicle↦0.0),(Vehicles2↦0.0),(Vehicles3↦0.0),(Vehicles4↦0.0),(Vehicles5↦0.0)}",
        "Reward": "0.7336371271346338",
        "VehiclesAx": "{(EgoVehicle↦-0.0751185417175293),(Vehicles2↦0.07032029330730438),(Vehicles3↦0.0848681665956974),(Vehicles4↦0.08443674072623253),(Vehicles5↦0.08182629942893982)}",
        "VehiclesVx": "{(EgoVehicle↦20.011391639709473),(Vehicles2↦1.1425704509019852),(Vehicles3↦0.3774567320942879),(Vehicles4↦0.34066706895828247),(Vehicles5↦0.5147021263837814)}",
        "VehiclesY": "{(EgoVehicle↦8.000000238418579),(Vehicles2↦0.0),(Vehicles3↦-4.0000001192092896),(Vehicles4↦-8.000000238418579),(Vehicles5↦-4.0000001192092896)}",
        "VehiclesVy": "{(EgoVehicle↦0.0),(Vehicles2↦0.0),(Vehicles3↦0.0),(Vehicles4↦0.0),(Vehicles5↦0.0)}",
        "VehiclesX": "{(EgoVehicle↦200.0),(Vehicles2↦14.365281164646149),(Vehicles3↦21.57258540391922),(Vehicles4↦53.48462462425232),(Vehicles5↦86.60467863082886)}"
      },
      "probabilisticVariables": null,
      "activating": [
        "LANE_RIGHT_61"
      ],
      "activatingOnlyWhenExecuted": true,
      "updating": null,
      "withPredicate": null
    },
    {
      "id": "LANE_RIGHT_61",
      "execute": "LANE_RIGHT",
      "after": "1000",
      "priority": 0,
      "additionalGuards": null,
      "activationKind": null,
      "fixedVariables": {
        "Crash": "FALSE",
        "VehiclesAy": "{(EgoVehicle↦0.0),(Vehicles2↦0.0),(Vehicles3↦0.0),(Vehicles4↦0.0),(Vehicles5↦0.0)}",
        "Reward": "0.7333733391014059",
        "VehiclesAx": "{(EgoVehicle↦-0.009891986846923828),(Vehicles2↦0.005410909652709961),(Vehicles3↦0.019388794898986816),(Vehicles4↦0.01904565840959549),(Vehicles5↦0.016500651836395264)}",
        "VehiclesVx": "{(EgoVehicle↦20.00149965286255),(Vehicles2↦1.1479813605546951),(Vehicles3↦0.3968455269932747),(Vehicles4↦0.35971272736787796),(Vehicles5↦0.5312027782201767)}",
        "VehiclesY": "{(EgoVehicle↦8.000000238418579),(Vehicles2↦0.0),(Vehicles3↦-4.0000001192092896),(Vehicles4↦-8.000000238418579),(Vehicles5↦-4.0000001192092896)}",
        "VehiclesVy": "{(EgoVehicle↦0.0),(Vehicles2↦0.0),(Vehicles3↦0.0),(Vehicles4↦0.0),(Vehicles5↦0.0)}",
        "VehiclesX": "{(EgoVehicle↦200.0),(Vehicles2↦15.511490404605865),(Vehicles3↦21.959318220615387),(Vehicles4↦53.834426403045654),(Vehicles5↦87.12748885154724)}"
      },
      "probabilisticVariables": null,
      "activating": null,
      "activatingOnlyWhenExecuted": true,
      "updating": null,
      "withPredicate": null
    }
  ],
  "listeners": [],
  "metadata": {
    "fileType": "Timed_Trace",
    "formatVersion": 3,
    "savedAt": "2023-08-15T11:29:24.012742Z",
    "creator": "Simulation: MONTE_CARLO_SIMULATION; MAX_STEPS_BEFORE_PROPERTY : 0, EXECUTIONS : 1000, ENDING_TIME : 60000",
    "proB2KernelVersion": "4.12.2",
    "proBCliVersion": "1.12.2-final",
    "modelName": "HighwayEnvironment"
  }
}