{
  "variables": {},
  "activations": [
    {
      "id": "$setup_constants",
      "execute": "$setup_constants",
      "after": "0",
      "priority": 0,
      "additionalGuards": null,
      "activationKind": null,
      "fixedVariables": null,
      "probabilisticVariables": null,
      "activating": null,
      "activatingOnlyWhenExecuted": true,
      "updating": null,
      "withPredicate": null
    },
    {
      "id": "$initialise_machine",
      "execute": "$initialise_machine",
      "after": "0",
      "priority": 0,
      "additionalGuards": null,
      "activationKind": null,
      "fixedVariables": {
        "Crash": "FALSE",
        "VehiclesAy": "{(EgoVehicle↦0.0),(Vehicles2↦0.0),(Vehicles3↦0.0),(Vehicles4↦0.0),(Vehicles5↦0.0)}",
        "Reward": "0.0",
        "VehiclesAx": "{(EgoVehicle↦0.0),(Vehicles2↦0.0),(Vehicles3↦0.0),(Vehicles4↦0.0),(Vehicles5↦0.0)}",
        "VehiclesVx": "{(EgoVehicle↦25.0),(Vehicles2↦-3.9674779772758484),(Vehicles3↦-1.7937031388282776),(Vehicles4↦-3.83990615606308),(Vehicles5↦-1.2286674231290817)}",
        "VehiclesY": "{(EgoVehicle↦8.000000238418579),(Vehicles2↦-8.000000238418579),(Vehicles3↦-8.000000238418579),(Vehicles4↦-8.000000238418579),(Vehicles5↦-4.0000001192092896)}",
        "VehiclesVy": "{(EgoVehicle↦0.0),(Vehicles2↦0.0),(Vehicles3↦0.0),(Vehicles4↦0.0),(Vehicles5↦0.0)}",
        "VehiclesX": "{(EgoVehicle↦151.92559957504272),(Vehicles2↦21.379727125167847),(Vehicles3↦46.86500430107117),(Vehicles4↦68.90687942504883),(Vehicles5↦93.86102557182312)}"
      },
      "probabilisticVariables": null,
      "activating": [
        "FASTER_2"
      ],
      "activatingOnlyWhenExecuted": true,
      "updating": null,
      "withPredicate": null
    },
    {
      "id": "FASTER_2",
      "execute": "FASTER",
      "after": "1000",
      "priority": 0,
      "additionalGuards": null,
      "activationKind": null,
      "fixedVariables": {
        "Crash": "FALSE",
        "VehiclesAy": "{(EgoVehicle↦0.0),(Vehicles2↦-1.5089480578899384),(Vehicles3↦4.890867173671722),(Vehicles4↦0.0),(Vehicles5↦0.0)}",
        "Reward": "0.9824417009602194",
        "VehiclesAx": "{(EgoVehicle↦4.341564178466797),(Vehicles2↦-8.575688898563385),(Vehicles3↦-11.013834178447723),(Vehicles4↦-4.704420864582062),(Vehicles5↦-6.406609490513802)}",
        "VehiclesVx": "{(EgoVehicle↦29.341564178466797),(Vehicles2↦-12.543166875839233),(Vehicles3↦-12.807537317276001),(Vehicles4↦-8.544327020645142),(Vehicles5↦-7.635276913642883)}",
        "VehiclesY": "{(EgoVehicle↦8.000000238418579),(Vehicles2↦-6.932514667510986),(Vehicles3↦-6.021438360214233),(Vehicles4↦-8.000000238418579),(Vehicles5↦-4.0000001192092896)}",
        "VehiclesVy": "{(EgoVehicle↦0.0),(Vehicles2↦-1.5089480578899384),(Vehicles3↦4.890867173671722),(Vehicles4↦0.0),(Vehicles5↦0.0)}",
        "VehiclesX": "{(EgoVehicle↦179.32065725326538),(Vehicles2↦12.959018349647522),(Vehicles3↦40.007391571998596),(Vehicles4↦62.508708238601685),(Vehicles5↦89.25817608833313)}"
      },
      "probabilisticVariables": null,
      "activating": [
        "LANE_RIGHT_3"
      ],
      "activatingOnlyWhenExecuted": true,
      "updating": null,
      "withPredicate": null
    },
    {
      "id": "LANE_RIGHT_3",
      "execute": "LANE_RIGHT",
      "after": "1000",
      "priority": 0,
      "additionalGuards": null,
      "activationKind": null,
      "fixedVariables": {
        "Crash": "FALSE",
        "VehiclesAy": "{(EgoVehicle↦0.0),(Vehicles2↦1.1998764425516129),(Vehicles3↦-4.397983998060226),(Vehicles4↦0.0),(Vehicles5↦0.0)}",
        "Reward": "0.9976877960112223",
        "VehiclesAx": "{(EgoVehicle↦0.5717277526855469),(Vehicles2↦-0.9356772899627686),(Vehicles3↦0.5186903476715088),(Vehicles4↦-0.7666283845901489),(Vehicles5↦-1.4414876699447632)}",
        "VehiclesVx": "{(EgoVehicle↦29.913291931152344),(Vehicles2↦-13.478844165802002),(Vehicles3↦-12.288846969604492),(Vehicles4↦-9.31095540523529),(Vehicles5↦-9.076764583587646)}",
        "VehiclesY": "{(EgoVehicle↦8.000000238418579),(Vehicles2↦-7.8872058391571045),(Vehicles3↦-4.176149010658264),(Vehicles4↦-8.000000238418579),(Vehicles5↦-4.0000001192092896)}",
        "VehiclesVy": "{(EgoVehicle↦0.0),(Vehicles2↦-0.3090716153383255),(Vehicles3↦0.49288317561149597),(Vehicles4↦0.0),(Vehicles5↦0.0)}",
        "VehiclesX": "{(EgoVehicle↦200.0),(Vehicles2↦-0.6288585718721151),(Vehicles3↦27.263009548187256),(Vehicles4↦53.56147289276123),(Vehicles5↦80.90417981147766)}"
      },
      "probabilisticVariables": null,
      "activating": [
        "IDLE_4"
      ],
      "activatingOnlyWhenExecuted": true,
      "updating": null,
      "withPredicate": null
    },
    {
      "id": "IDLE_4",
      "execute": "IDLE",
      "after": "1000",
      "priority": 0,
      "additionalGuards": null,
      "activationKind": null,
      "fixedVariables": {
        "Crash": "FALSE",
        "VehiclesAy": "{(EgoVehicle↦0.0),(Vehicles2↦0.3467356925830245),(Vehicles3↦-0.49288317561149597),(Vehicles4↦0.0),(Vehicles5↦0.0)}",
        "Reward": "0.9996955122319305",
        "VehiclesAx": "{(EgoVehicle↦0.07529020309448242),(Vehicles2↦2.0323121547698975),(Vehicles3↦2.7964651584625244),(Vehicles4↦-0.2262890338897705),(Vehicles5↦-0.2857649326324463)}",
        "VehiclesVx": "{(EgoVehicle↦29.988582134246826),(Vehicles2↦-11.446532011032104),(Vehicles3↦-9.492381811141968),(Vehicles4↦-9.537244439125061),(Vehicles5↦-9.362529516220093)}",
        "VehiclesY": "{(EgoVehicle↦8.000000238418579),(Vehicles2↦-4.013269901275635),(Vehicles3↦-8.000000238418579),(Vehicles4↦-4.0000001192092896),(Vehicles5↦0.0)}",
        "VehiclesVy": "{(EgoVehicle↦0.0),(Vehicles2↦0.037664077244699),(Vehicles3↦0.0),(Vehicles4↦0.0),(Vehicles5↦0.0)}",
        "VehiclesX": "{(EgoVehicle↦200.0),(Vehicles2↦15.33440351486206),(Vehicles3↦44.16146278381348),(Vehicles4↦71.6059148311615),(Vehicles5↦95.67305445671082)}"
      },
      "probabilisticVariables": null,
      "activating": [
        "FASTER_5"
      ],
      "activatingOnlyWhenExecuted": true,
      "updating": null,
      "withPredicate": null
    },
    {
      "id": "FASTER_5",
      "execute": "FASTER",
      "after": "1000",
      "priority": 0,
      "additionalGuards": null,
      "activationKind": null,
      "fixedVariables": {
        "Crash": "FALSE",
        "VehiclesAy": "{(EgoVehicle↦0.0),(Vehicles2↦-0.0350056093884632),(Vehicles3↦0.0),(Vehicles4↦0.0),(Vehicles5↦0.0)}",
        "Reward": "0.9999599028453572",
        "VehiclesAx": "{(EgoVehicle↦0.009913444519042969),(Vehicles2↦0.5690455436706543),(Vehicles3↦-0.06821870803833008),(Vehicles4↦-0.15814900398254395),(Vehicles5↦-0.5116504430770874)}",
        "VehiclesVx": "{(EgoVehicle↦29.99849557876587),(Vehicles2↦-10.87748646736145),(Vehicles3↦-9.560600519180298),(Vehicles4↦-9.695393443107605),(Vehicles5↦-9.87417995929718)}",
        "VehiclesY": "{(EgoVehicle↦8.000000238418579),(Vehicles2↦-4.000928163528442),(Vehicles3↦-8.000000238418579),(Vehicles4↦-4.0000001192092896),(Vehicles5↦0.0)}",
        "VehiclesVy": "{(EgoVehicle↦0.0),(Vehicles2↦0.002658467856235802),(Vehicles3↦0.0),(Vehicles4↦0.0),(Vehicles5↦0.0)}",
        "VehiclesX": "{(EgoVehicle↦200.0),(Vehicles2↦4.135550186038017),(Vehicles3↦34.637510776519775),(Vehicles4↦61.99067831039429),(Vehicles5↦86.09261512756348)}"
      },
      "probabilisticVariables": null,
      "activating": [
        "LANE_RIGHT_6"
      ],
      "activatingOnlyWhenExecuted": true,
      "updating": null,
      "withPredicate": null
    },
    {
      "id": "LANE_RIGHT_6",
      "execute": "LANE_RIGHT",
      "after": "1000",
      "priority": 0,
      "additionalGuards": null,
      "activationKind": null,
      "fixedVariables": {
        "Crash": "FALSE",
        "VehiclesAy": "{(EgoVehicle↦0.0),(Vehicles2↦-0.002480006169207627),(Vehicles3↦0.0),(Vehicles4↦0.0),(Vehicles5↦0.0)}",
        "Reward": "0.9999947197162612",
        "VehiclesAx": "{(EgoVehicle↦0.0013065338134765625),(Vehicles2↦0.36104321479797363),(Vehicles3↦-0.0331878662109375),(Vehicles4↦-0.0274658203125),(Vehicles5↦-0.38064658641815186)}",
        "VehiclesVx": "{(EgoVehicle↦29.999802112579346),(Vehicles2↦-10.516443252563477),(Vehicles3↦-9.593788385391235),(Vehicles4↦-9.722859263420105),(Vehicles5↦-10.254826545715332)}",
        "VehiclesY": "{(EgoVehicle↦8.000000238418579),(Vehicles2↦-4.000061988830566),(Vehicles3↦-8.000000238418579),(Vehicles4↦-4.0000001192092896),(Vehicles5↦0.0)}",
        "VehiclesVy": "{(EgoVehicle↦0.0),(Vehicles2↦0.00017846168702817522),(Vehicles3↦0.0),(Vehicles4↦0.0),(Vehicles5↦0.0)}",
        "VehiclesX": "{(EgoVehicle↦200.0),(Vehicles2↦-6.584262847900391),(Vehicles3↦25.061893463134766),(Vehicles4↦52.27726697921753),(Vehicles5↦76.05791687965393)}"
      },
      "probabilisticVariables": null,
      "activating": [
        "IDLE_7"
      ],
      "activatingOnlyWhenExecuted": true,
      "updating": null,
      "withPredicate": null
    },
    {
      "id": "IDLE_7",
      "execute": "IDLE",
      "after": "1000",
      "priority": 0,
      "additionalGuards": null,
      "activationKind": null,
      "fixedVariables": {
        "Crash": "FALSE",
        "VehiclesAy": "{(EgoVehicle↦0.0),(Vehicles2↦-0.00017846168702817522),(Vehicles3↦0.0),(Vehicles4↦0.0),(Vehicles5↦0.0)}",
        "Reward": "0.9999993046539931",
        "VehiclesAx": "{(EgoVehicle↦0.000171661376953125),(Vehicles2↦0.9052944183349609),(Vehicles3↦-0.09315907955169678),(Vehicles4↦-0.8260077238082886),(Vehicles5↦1.8659263849258423)}",
        "VehiclesVx": "{(EgoVehicle↦29.9999737739563),(Vehicles2↦-9.611148834228516),(Vehicles3↦-9.686947464942932),(Vehicles4↦-10.548866987228394),(Vehicles5↦-8.38890016078949)}",
        "VehiclesY": "{(EgoVehicle↦8.000000238418579),(Vehicles2↦-8.000000238418579),(Vehicles3↦-4.0000001192092896),(Vehicles4↦0.0),(Vehicles5↦-4.0000001192092896)}",
        "VehiclesVy": "{(EgoVehicle↦0.0),(Vehicles2↦0.0),(Vehicles3↦0.0),(Vehicles4↦0.0),(Vehicles5↦0.0)}",
        "VehiclesX": "{(EgoVehicle↦200.0),(Vehicles2↦15.46027660369873),(Vehicles3↦42.565351724624634),(Vehicles4↦65.67968130111694),(Vehicles5↦97.64910936355591)}"
      },
      "probabilisticVariables": null,
      "activating": [
        "LANE_RIGHT_8"
      ],
      "activatingOnlyWhenExecuted": true,
      "updating": null,
      "withPredicate": null
    },
    {
      "id": "LANE_RIGHT_8",
      "execute": "LANE_RIGHT",
      "after": "1000",
      "priority": 0,
      "additionalGuards": null,
      "activationKind": null,
      "fixedVariables": {
        "Crash": "FALSE",
        "VehiclesAy": "{(EgoVehicle↦0.0),(Vehicles2↦0.0),(Vehicles3↦0.0),(Vehicles4↦0.0),(Vehicles5↦0.0)}",
        "Reward": "0.9999999084318016",
        "VehiclesAx": "{(EgoVehicle↦2.384185791015625E-05),(Vehicles2↦-0.009108781814575195),(Vehicles3↦0.06572842597961426),(Vehicles4↦-0.23107528686523438),(Vehicles5↦-0.020249485969543457)}",
        "VehiclesVx": "{(EgoVehicle↦29.99999761581421),(Vehicles2↦-9.62025761604309),(Vehicles3↦-9.621219038963318),(Vehicles4↦-10.779942274093628),(Vehicles5↦-8.409149646759033)}",
        "VehiclesY": "{(EgoVehicle↦8.000000238418579),(Vehicles2↦-8.000000238418579),(Vehicles3↦-4.0000001192092896),(Vehicles4↦0.0),(Vehicles5↦-4.0000001192092896)}",
        "VehiclesVy": "{(EgoVehicle↦0.0),(Vehicles2↦0.0),(Vehicles3↦0.0),(Vehicles4↦0.0),(Vehicles5↦0.0)}",
        "VehiclesX": "{(EgoVehicle↦200.0),(Vehicles2↦5.845014005899429),(Vehicles3↦32.903191447257996),(Vehicles4↦55.03401160240173),(Vehicles5↦89.25136923789978)}"
      },
      "probabilisticVariables": null,
      "activating": [
        "LANE_RIGHT_9"
      ],
      "activatingOnlyWhenExecuted": true,
      "updating": null,
      "withPredicate": null
    },
    {
      "id": "LANE_RIGHT_9",
      "execute": "LANE_RIGHT",
      "after": "1000",
      "priority": 0,
      "additionalGuards": null,
      "activationKind": null,
      "fixedVariables": {
        "Crash": "FALSE",
        "VehiclesAy": "{(EgoVehicle↦0.0),(Vehicles2↦0.0),(Vehicles3↦0.0),(Vehicles4↦0.0),(Vehicles5↦0.0)}",
        "Reward": "0.9999999879416365",
        "VehiclesAx": "{(EgoVehicle↦2.384185791015625E-06),(Vehicles2↦-0.004741549491882324),(Vehicles3↦0.07753193378448486),(Vehicles4↦-0.18211960792541504),(Vehicles5↦-0.013210773468017578)}",
        "VehiclesVx": "{(EgoVehicle↦30.0),(Vehicles2↦-9.624999165534973),(Vehicles3↦-9.543687105178833),(Vehicles4↦-10.962061882019043),(Vehicles5↦-8.42236042022705)}",
        "VehiclesY": "{(EgoVehicle↦8.000000238418579),(Vehicles2↦-8.000000238418579),(Vehicles3↦-4.0000001192092896),(Vehicles4↦0.0),(Vehicles5↦-4.0000001192092896)}",
        "VehiclesVy": "{(EgoVehicle↦0.0),(Vehicles2↦0.0),(Vehicles3↦0.0),(Vehicles4↦0.0),(Vehicles5↦0.0)}",
        "VehiclesX": "{(EgoVehicle↦200.0),(Vehicles2↦-3.7773851305246353),(Vehicles3↦23.312515020370483),(Vehicles4↦44.17771100997925),(Vehicles5↦80.83652257919312)}"
      },
      "probabilisticVariables": null,
      "activating": [
        "IDLE_10"
      ],
      "activatingOnlyWhenExecuted": true,
      "updating": null,
      "withPredicate": null
    },
    {
      "id": "IDLE_10",
      "execute": "IDLE",
      "after": "1000",
      "priority": 0,
      "additionalGuards": null,
      "activationKind": null,
      "fixedVariables": {
        "Crash": "FALSE",
        "VehiclesAy": "{(EgoVehicle↦0.0),(Vehicles2↦0.0),(Vehicles3↦0.0),(Vehicles4↦0.0),(Vehicles5↦0.0)}",
        "Reward": "0.9999999984120672",
        "VehiclesAx": "{(EgoVehicle↦0.0),(Vehicles2↦0.16099631786346436),(Vehicles3↦-1.5603387355804443),(Vehicles4↦2.5304442644119263),(Vehicles5↦-3.8486015796661377)}",
        "VehiclesVx": "{(EgoVehicle↦30.0),(Vehicles2↦-9.464002847671509),(Vehicles3↦-11.104025840759277),(Vehicles4↦-8.431617617607117),(Vehicles5↦-12.270961999893188)}",
        "VehiclesY": "{(EgoVehicle↦8.000000238418579),(Vehicles2↦-4.0000001192092896),(Vehicles3↦0.0),(Vehicles4↦-4.0000001192092896),(Vehicles5↦0.0)}",
        "VehiclesVy": "{(EgoVehicle↦0.0),(Vehicles2↦0.0),(Vehicles3↦0.0),(Vehicles4↦0.0),(Vehicles5↦0.0)}",
        "VehiclesX": "{(EgoVehicle↦200.0),(Vehicles2↦13.800778985023499),(Vehicles3↦33.15591812133789),(Vehicles4↦72.4102258682251),(Vehicles5↦86.01113557815552)}"
      },
      "probabilisticVariables": null,
      "activating": [
        "SLOWER_11"
      ],
      "activatingOnlyWhenExecuted": true,
      "updating": null,
      "withPredicate": null
    },
    {
      "id": "SLOWER_11",
      "execute": "SLOWER",
      "after": "1000",
      "priority": 0,
      "additionalGuards": null,
      "activationKind": null,
      "fixedVariables": {
        "Crash": "FALSE",
        "VehiclesAy": "{(EgoVehicle↦0.0),(Vehicles2↦0.0),(Vehicles3↦0.0),(Vehicles4↦0.0),(Vehicles5↦0.0)}",
        "Reward": "0.8842249654973365",
        "VehiclesAx": "{(EgoVehicle↦-4.341564178466797),(Vehicles2↦4.418448805809021),(Vehicles3↦4.233763217926025),(Vehicles4↦4.334574341773987),(Vehicles5↦4.507275819778442)}",
        "VehiclesVx": "{(EgoVehicle↦25.658435821533203),(Vehicles2↦-5.045554041862488),(Vehicles3↦-6.870262622833252),(Vehicles4↦-4.09704327583313),(Vehicles5↦-7.763686180114746)}",
        "VehiclesY": "{(EgoVehicle↦8.000000238418579),(Vehicles2↦-4.0000001192092896),(Vehicles3↦0.0),(Vehicles4↦-4.0000001192092896),(Vehicles5↦0.0)}",
        "VehiclesVy": "{(EgoVehicle↦0.0),(Vehicles2↦0.0),(Vehicles3↦0.0),(Vehicles4↦0.0),(Vehicles5↦0.0)}",
        "VehiclesX": "{(EgoVehicle↦200.0),(Vehicles2↦6.762935966253281),(Vehicles3↦24.40129667520523),(Vehicles4↦66.37073755264282),(Vehicles5↦76.20241641998291)}"
      },
      "probabilisticVariables": null,
      "activating": [
        "SLOWER_12"
      ],
      "activatingOnlyWhenExecuted": true,
      "updating": null,
      "withPredicate": null
    },
    {
      "id": "SLOWER_12",
      "execute": "SLOWER",
      "after": "1000",
      "priority": 0,
      "additionalGuards": null,
      "activationKind": null,
      "fixedVariables": {
        "Crash": "FALSE",
        "VehiclesAy": "{(EgoVehicle↦0.0),(Vehicles2↦0.0),(Vehicles3↦0.0),(Vehicles4↦0.0),(Vehicles5↦0.0)}",
        "Reward": "0.7532038363343544",
        "VehiclesAx": "{(EgoVehicle↦-4.913291931152344),(Vehicles2↦4.98507131356746),(Vehicles3↦4.835103154182434),(Vehicles4↦4.907635375857353),(Vehicles5↦5.067732334136963)}",
        "VehiclesVx": "{(EgoVehicle↦20.74514389038086),(Vehicles2↦-0.06048272829502821),(Vehicles3↦-2.035159468650818),(Vehicles4↦0.8105921000242233),(Vehicles5↦-2.695953845977783)}",
        "VehiclesY": "{(EgoVehicle↦8.000000238418579),(Vehicles2↦-4.0000001192092896),(Vehicles3↦0.0),(Vehicles4↦-4.0000001192092896),(Vehicles5↦0.0)}",
        "VehiclesVy": "{(EgoVehicle↦0.0),(Vehicles2↦0.0),(Vehicles3↦0.0),(Vehicles4↦0.0),(Vehicles5↦0.0)}",
        "VehiclesX": "{(EgoVehicle↦200.0),(Vehicles2↦4.457011446356773),(Vehicles3↦20.20801156759262),(Vehicles4↦64.98181223869324),(Vehicles5↦71.21186852455139)}"
      },
      "probabilisticVariables": null,
      "activating": [
        "IDLE_13"
      ],
      "activatingOnlyWhenExecuted": true,
      "updating": null,
      "withPredicate": null
    },
    {
      "id": "IDLE_13",
      "execute": "IDLE",
      "after": "1000",
      "priority": 0,
      "additionalGuards": null,
      "activationKind": null,
      "fixedVariables": {
        "Crash": "FALSE",
        "VehiclesAy": "{(EgoVehicle↦0.0),(Vehicles2↦0.0),(Vehicles3↦0.0),(Vehicles4↦0.0),(Vehicles5↦0.0)}",
        "Reward": "0.7359500250865542",
        "VehiclesAx": "{(EgoVehicle↦-0.6470179557800293),(Vehicles2↦0.712844911031425),(Vehicles3↦0.5945798754692078),(Vehicles4↦0.6421727687120438),(Vehicles5↦0.7904233038425446)}",
        "VehiclesVx": "{(EgoVehicle↦20.09812593460083),(Vehicles2↦0.6523621827363968),(Vehicles3↦-1.44057959318161),(Vehicles4↦1.452764868736267),(Vehicles5↦-1.9055305421352386)}",
        "VehiclesY": "{(EgoVehicle↦8.000000238418579),(Vehicles2↦-4.0000001192092896),(Vehicles3↦0.0),(Vehicles4↦-4.0000001192092896),(Vehicles5↦0.0)}",
        "VehiclesVy": "{(EgoVehicle↦0.0),(Vehicles2↦0.0),(Vehicles3↦0.0),(Vehicles4↦0.0),(Vehicles5↦0.0)}",
        "VehiclesX": "{(EgoVehicle↦200.0),(Vehicles2↦4.7802794724702835),(Vehicles3↦18.506895005702972),(Vehicles4↦66.14734530448914),(Vehicles5↦68.93106698989868)}"
      },
      "probabilisticVariables": null,
      "activating": [
        "IDLE_14"
      ],
      "activatingOnlyWhenExecuted": true,
      "updating": null,
      "withPredicate": null
    },
    {
      "id": "IDLE_14",
      "execute": "IDLE",
      "after": "1000",
      "priority": 0,
      "additionalGuards": null,
      "activationKind": null,
      "fixedVariables": {
        "Crash": "FALSE",
        "VehiclesAy": "{(EgoVehicle↦0.0),(Vehicles2↦0.0),(Vehicles3↦0.0),(Vehicles4↦0.0),(Vehicles5↦0.0)}",
        "Reward": "0.7336779182555682",
        "VehiclesAx": "{(EgoVehicle↦-0.08520364761352539),(Vehicles2↦0.14500565826892853),(Vehicles3↦0.05500078201293945),(Vehicles4↦-3.140047937631607),(Vehicles5↦3.439173996448517)}",
        "VehiclesVx": "{(EgoVehicle↦20.012922286987305),(Vehicles2↦0.7973678410053253),(Vehicles3↦-1.3855788111686707),(Vehicles4↦-1.68728306889534),(Vehicles5↦1.5336434543132782)}",
        "VehiclesY": "{(EgoVehicle↦8.000000238418579),(Vehicles2↦-4.0000001192092896),(Vehicles3↦0.0),(Vehicles4↦0.0),(Vehicles5↦-4.0000001192092896)}",
        "VehiclesVy": "{(EgoVehicle↦0.0),(Vehicles2↦0.0),(Vehicles3↦0.0),(Vehicles4↦0.0),(Vehicles5↦0.0)}",
        "VehiclesX": "{(EgoVehicle↦200.0),(Vehicles2↦5.5040393024683),(Vehicles3↦17.099593579769135),(Vehicles4↦67.12655425071716),(Vehicles5↦67.64535307884216)}"
      },
      "probabilisticVariables": null,
      "activating": [
        "FASTER_15"
      ],
      "activatingOnlyWhenExecuted": true,
      "updating": null,
      "withPredicate": null
    },
    {
      "id": "FASTER_15",
      "execute": "FASTER",
      "after": "1000",
      "priority": 0,
      "additionalGuards": null,
      "activationKind": null,
      "fixedVariables": {
        "Crash": "FALSE",
        "VehiclesAy": "{(EgoVehicle↦0.0),(Vehicles2↦0.0),(Vehicles3↦0.0),(Vehicles4↦0.0),(Vehicles5↦0.0)}",
        "Reward": "0.849153745065205",
        "VehiclesAx": "{(EgoVehicle↦4.330344200134277),(Vehicles2↦-4.276257306337357),(Vehicles3↦-4.34160977602005),(Vehicles4↦-4.20683428645134),(Vehicles5↦-4.3343134224414825)}",
        "VehiclesVx": "{(EgoVehicle↦24.343266487121582),(Vehicles2↦-3.4788894653320312),(Vehicles3↦-5.727188587188721),(Vehicles4↦-5.89411735534668),(Vehicles5↦-2.8006699681282043)}",
        "VehiclesY": "{(EgoVehicle↦8.000000238418579),(Vehicles2↦-4.0000001192092896),(Vehicles3↦0.0),(Vehicles4↦0.0),(Vehicles5↦-4.0000001192092896)}",
        "VehiclesVy": "{(EgoVehicle↦0.0),(Vehicles2↦0.0),(Vehicles3↦0.0),(Vehicles4↦0.0),(Vehicles5↦0.0)}",
        "VehiclesX": "{(EgoVehicle↦200.0),(Vehicles2↦3.934609144926071),(Vehicles3↦13.319247961044312),(Vehicles4↦63.10053467750549),(Vehicles5↦66.78851246833801)}"
      },
      "probabilisticVariables": null,
      "activating": [
        "SLOWER_16"
      ],
      "activatingOnlyWhenExecuted": true,
      "updating": null,
      "withPredicate": null
    },
    {
      "id": "SLOWER_16",
      "execute": "SLOWER",
      "after": "1000",
      "priority": 0,
      "additionalGuards": null,
      "activationKind": null,
      "fixedVariables": {
        "Crash": "FALSE",
        "VehiclesAy": "{(EgoVehicle↦0.0),(Vehicles2↦0.0),(Vehicles3↦0.0),(Vehicles4↦0.0),(Vehicles5↦0.0)}",
        "Reward": "0.7485854040140737",
        "VehiclesAx": "{(EgoVehicle↦-3.7713146209716797),(Vehicles2↦3.8200045377016068),(Vehicles3↦3.7758931517601013),(Vehicles4↦3.8861414790153503),(Vehicles5↦3.754503056406975)}",
        "VehiclesVx": "{(EgoVehicle↦20.571951866149902),(Vehicles2↦0.3411150723695755),(Vehicles3↦-1.9512954354286194),(Vehicles4↦-2.0079758763313293),(Vehicles5↦0.9538330882787704)}",
        "VehiclesY": "{(EgoVehicle↦8.000000238418579),(Vehicles2↦-4.0000001192092896),(Vehicles3↦0.0),(Vehicles4↦0.0),(Vehicles5↦-4.0000001192092896)}",
        "VehiclesVy": "{(EgoVehicle↦0.0),(Vehicles2↦0.0),(Vehicles3↦0.0),(Vehicles4↦0.0),(Vehicles5↦0.0)}",
        "VehiclesX": "{(EgoVehicle↦200.0),(Vehicles2↦2.5561343878507614),(Vehicles3↦9.673219174146652),(Vehicles4↦59.33348536491394),(Vehicles5↦66.06585383415222)}"
      },
      "probabilisticVariables": null,
      "activating": [
        "SLOWER_17"
      ],
      "activatingOnlyWhenExecuted": true,
      "updating": null,
      "withPredicate": null
    },
    {
      "id": "SLOWER_17",
      "execute": "SLOWER",
      "after": "1000",
      "priority": 0,
      "additionalGuards": null,
      "activationKind": null,
      "fixedVariables": {
        "Crash": "FALSE",
        "VehiclesAy": "{(EgoVehicle↦0.0),(Vehicles2↦0.0),(Vehicles3↦0.0),(Vehicles4↦0.0),(Vehicles5↦0.0)}",
        "Reward": "0.7353418364682457",
        "VehiclesAx": "{(EgoVehicle↦-0.49663305282592773),(Vehicles2↦0.5353260785341263),(Vehicles3↦0.5142132937908173),(Vehicles4↦0.6035988032817841),(Vehicles5↦0.42537279427051544)}",
        "VehiclesVx": "{(EgoVehicle↦20.075318813323975),(Vehicles2↦0.8764411509037018),(Vehicles3↦-1.4370821416378021),(Vehicles4↦-1.4043770730495453),(Vehicles5↦1.3792058825492859)}",
        "VehiclesY": "{(EgoVehicle↦8.000000238418579),(Vehicles2↦-4.0000001192092896),(Vehicles3↦0.0),(Vehicles4↦0.0),(Vehicles5↦-4.0000001192092896)}",
        "VehiclesVy": "{(EgoVehicle↦0.0),(Vehicles2↦0.0),(Vehicles3↦0.0),(Vehicles4↦0.0),(Vehicles5↦0.0)}",
        "VehiclesX": "{(EgoVehicle↦200.0),(Vehicles2↦3.187756985425949),(Vehicles3↦8.001995086669922),(Vehicles4↦57.64286518096924),(Vehicles5↦67.26745963096619)}"
      },
      "probabilisticVariables": null,
      "activating": [
        "SLOWER_18"
      ],
      "activatingOnlyWhenExecuted": true,
      "updating": null,
      "withPredicate": null
    },
    {
      "id": "SLOWER_18",
      "execute": "SLOWER",
      "after": "1000",
      "priority": 0,
      "additionalGuards": null,
      "activationKind": null,
      "fixedVariables": {
        "Crash": "FALSE",
        "VehiclesAy": "{(EgoVehicle↦0.0),(Vehicles2↦0.0),(Vehicles3↦0.0),(Vehicles4↦0.0),(Vehicles5↦0.0)}",
        "Reward": "0.7335978275733218",
        "VehiclesAx": "{(EgoVehicle↦-0.06540060043334961),(Vehicles2↦0.09121350944042206),(Vehicles3↦0.09341180324554443),(Vehicles4↦0.16525685787200928),(Vehicles5↦-0.017201900482177734)}",
        "VehiclesVx": "{(EgoVehicle↦20.009918212890625),(Vehicles2↦0.9676546603441238),(Vehicles3↦-1.3436703383922577),(Vehicles4↦-1.239120215177536),(Vehicles5↦1.3620039820671082)}",
        "VehiclesY": "{(EgoVehicle↦8.000000238418579),(Vehicles2↦-4.0000001192092896),(Vehicles3↦0.0),(Vehicles4↦0.0),(Vehicles5↦-4.0000001192092896)}",
        "VehiclesVy": "{(EgoVehicle↦0.0),(Vehicles2↦0.0),(Vehicles3↦0.0),(Vehicles4↦0.0),(Vehicles5↦0.0)}",
        "VehiclesX": "{(EgoVehicle↦200.0),(Vehicles2↦4.1115544736385345),(Vehicles3↦6.611456722021103),(Vehicles4↦56.31505250930786),(Vehicles5↦68.64959001541138)}"
      },
      "probabilisticVariables": null,
      "activating": [
        "SLOWER_19"
      ],
      "activatingOnlyWhenExecuted": true,
      "updating": null,
      "withPredicate": null
    },
    {
      "id": "SLOWER_19",
      "execute": "SLOWER",
      "after": "1000",
      "priority": 0,
      "additionalGuards": null,
      "activationKind": null,
      "fixedVariables": {
        "Crash": "FALSE",
        "VehiclesAy": "{(EgoVehicle↦0.0),(Vehicles2↦0.0),(Vehicles3↦0.0),(Vehicles4↦0.0),(Vehicles5↦0.0)}",
        "Reward": "0.7333681638505335",
        "VehiclesAx": "{(EgoVehicle↦-0.008611679077148438),(Vehicles2↦0.024180114269256592),(Vehicles3↦0.04479601979255676),(Vehicles4↦0.10204382240772247),(Vehicles5↦-0.06773591041564941)}",
        "VehiclesVx": "{(EgoVehicle↦20.001306533813477),(Vehicles2↦0.9918347746133804),(Vehicles3↦-1.298874318599701),(Vehicles4↦-1.1370763927698135),(Vehicles5↦1.2942680716514587)}",
        "VehiclesY": "{(EgoVehicle↦8.000000238418579),(Vehicles2↦-4.0000001192092896),(Vehicles3↦0.0),(Vehicles4↦0.0),(Vehicles5↦-4.0000001192092896)}",
        "VehiclesVy": "{(EgoVehicle↦0.0),(Vehicles2↦0.0),(Vehicles3↦0.0),(Vehicles4↦0.0),(Vehicles5↦0.0)}",
        "VehiclesX": "{(EgoVehicle↦200.0),(Vehicles2↦5.0908733159303665),(Vehicles3↦5.286439508199692),(Vehicles4↦55.11854290962219),(Vehicles5↦69.98504996299744)}"
      },
      "probabilisticVariables": null,
      "activating": [
        "SLOWER_20"
      ],
      "activatingOnlyWhenExecuted": true,
      "updating": null,
      "withPredicate": null
    },
    {
      "id": "SLOWER_20",
      "execute": "SLOWER",
      "after": "1000",
      "priority": 0,
      "additionalGuards": null,
      "activationKind": null,
      "fixedVariables": {
        "Crash": "TRUE",
        "VehiclesAy": "{(EgoVehicle↦0.0),(Vehicles2↦0.0),(Vehicles3↦0.0),(Vehicles4↦0.0),(Vehicles5↦0.0)}",
        "Reward": "0.06666666666666665",
        "VehiclesAx": "{(EgoVehicle↦-9.761009216308594),(Vehicles2↦-1.648133397102356),(Vehicles3↦12.0601686835289),(Vehicles4↦9.848626032471657),(Vehicles5↦9.694664776325226)}",
        "VehiclesVx": "{(EgoVehicle↦10.240297317504883),(Vehicles2↦-0.6562986224889755),(Vehicles3↦10.7612943649292),(Vehicles4↦8.711549639701843),(Vehicles5↦10.988932847976685)}",
        "VehiclesY": "{(EgoVehicle↦8.000000238418579),(Vehicles2↦0.0),(Vehicles3↦-4.0000001192092896),(Vehicles4↦0.0),(Vehicles5↦-4.0000001192092896)}",
        "VehiclesVy": "{(EgoVehicle↦0.0),(Vehicles2↦0.0),(Vehicles3↦0.0),(Vehicles4↦0.0),(Vehicles5↦0.0)}",
        "VehiclesX": "{(EgoVehicle↦200.0),(Vehicles2↦5.000000074505806),(Vehicles3↦8.75561311841011),(Vehicles4↦56.68601989746094),(Vehicles5↦73.92103672027588)}"
      },
      "probabilisticVariables": null,
      "activating": null,
      "activatingOnlyWhenExecuted": true,
      "updating": null,
      "withPredicate": null
    }
  ],
  "listeners": [],
  "metadata": {
    "fileType": "Timed_Trace",
    "formatVersion": 3,
    "savedAt": "2023-08-15T11:29:43.771864Z",
    "creator": "Simulation: MONTE_CARLO_SIMULATION; MAX_STEPS_BEFORE_PROPERTY : 0, EXECUTIONS : 1000, ENDING_TIME : 60000",
    "proB2KernelVersion": "4.12.2",
    "proBCliVersion": "1.12.2-final",
    "modelName": "HighwayEnvironment"
  }
}