{
  "variables": {},
  "activations": [
    {
      "id": "$setup_constants",
      "execute": "$setup_constants",
      "after": "0",
      "priority": 0,
      "additionalGuards": null,
      "activationKind": null,
      "fixedVariables": null,
      "probabilisticVariables": null,
      "activating": null,
      "activatingOnlyWhenExecuted": true,
      "updating": null,
      "withPredicate": null
    },
    {
      "id": "$initialise_machine",
      "execute": "$initialise_machine",
      "after": "0",
      "priority": 0,
      "additionalGuards": null,
      "activationKind": null,
      "fixedVariables": {
        "Crash": "FALSE",
        "VehiclesAy": "{(EgoVehicle↦0.0),(Vehicles2↦0.0),(Vehicles3↦0.0),(Vehicles4↦0.0),(Vehicles5↦0.0)}",
        "Reward": "0.0",
        "VehiclesAx": "{(EgoVehicle↦0.0),(Vehicles2↦0.0),(Vehicles3↦0.0),(Vehicles4↦0.0),(Vehicles5↦0.0)}",
        "VehiclesVx": "{(EgoVehicle↦25.0),(Vehicles2↦-3.9187338948249817),(Vehicles3↦-1.0805203020572662),(Vehicles4↦-1.7670388519763947),(Vehicles5↦-1.7308145761489868)}",
        "VehiclesY": "{(EgoVehicle↦4.0000001192092896),(Vehicles2↦0.0),(Vehicles3↦-4.0000001192092896),(Vehicles4↦4.0000001192092896),(Vehicles5↦-4.0000001192092896)}",
        "VehiclesVy": "{(EgoVehicle↦0.0),(Vehicles2↦0.0),(Vehicles3↦0.0),(Vehicles4↦0.0),(Vehicles5↦0.0)}",
        "VehiclesX": "{(EgoVehicle↦154.49063777923584),(Vehicles2↦21.042120456695557),(Vehicles3↦46.223753690719604),(Vehicles4↦71.04438543319702),(Vehicles5↦96.08315229415894)}"
      },
      "probabilisticVariables": null,
      "activating": [
        "LANE_RIGHT_2"
      ],
      "activatingOnlyWhenExecuted": true,
      "updating": null,
      "withPredicate": null
    },
    {
      "id": "LANE_RIGHT_2",
      "execute": "LANE_RIGHT",
      "after": "1000",
      "priority": 0,
      "additionalGuards": null,
      "activationKind": null,
      "fixedVariables": {
        "Crash": "FALSE",
        "VehiclesAy": "{(EgoVehicle↦1.0796338319778442),(Vehicles2↦-1.0796338319778442),(Vehicles3↦-1.0796338319778442),(Vehicles4↦-1.0796338319778442),(Vehicles5↦-1.0796338319778442)}",
        "Reward": "0.8660447183419508",
        "VehiclesAx": "{(EgoVehicle↦-0.023322105407714844),(Vehicles2↦-0.4861679673194885),(Vehicles3↦-2.0452748239040375),(Vehicles4↦-0.14717623591423035),(Vehicles5↦-1.440359354019165)}",
        "VehiclesVx": "{(EgoVehicle↦24.976677894592285),(Vehicles2↦-4.40490186214447),(Vehicles3↦-3.1257951259613037),(Vehicles4↦-1.914215087890625),(Vehicles5↦-3.171173930168152)}",
        "VehiclesY": "{(EgoVehicle↦7.6599647998809814),(Vehicles2↦-3.6599650382995605),(Vehicles3↦-7.6599647998809814),(Vehicles4↦0.3400348797440529),(Vehicles5↦-7.6599647998809814)}",
        "VehiclesVy": "{(EgoVehicle↦1.0796338319778442),(Vehicles2↦-1.0796338319778442),(Vehicles3↦-1.0796338319778442),(Vehicles4↦-1.0796338319778442),(Vehicles5↦-1.0796338319778442)}",
        "VehiclesX": "{(EgoVehicle↦179.17088270187378),(Vehicles2↦17.239543795585632),(Vehicles3↦44.51205134391785),(Vehicles4↦69.52916383743286),(Vehicles5↦94.09423470497131)}"
      },
      "probabilisticVariables": null,
      "activating": [
        "FASTER_3"
      ],
      "activatingOnlyWhenExecuted": true,
      "updating": null,
      "withPredicate": null
    },
    {
      "id": "FASTER_3",
      "execute": "FASTER",
      "after": "1000",
      "priority": 0,
      "additionalGuards": null,
      "activationKind": null,
      "fixedVariables": {
        "Crash": "FALSE",
        "VehiclesAy": "{(EgoVehicle↦-1.0525126825086772),(Vehicles2↦1.0525126825086772),(Vehicles3↦1.0525126825086772),(Vehicles4↦1.0525126825086772),(Vehicles5↦-1.1067549814470112)}",
        "Reward": "0.9824413667099782",
        "VehiclesAx": "{(EgoVehicle↦4.364874362945557),(Vehicles2↦-4.778581857681274),(Vehicles3↦-5.498554706573486),(Vehicles4↦-4.506492614746094),(Vehicles5↦-5.788130164146423)}",
        "VehiclesVx": "{(EgoVehicle↦29.341552257537842),(Vehicles2↦-9.183483719825745),(Vehicles3↦-8.62434983253479),(Vehicles4↦-6.420707702636719),(Vehicles5↦-8.959304094314575)}",
        "VehiclesY": "{(EgoVehicle↦7.993496417999268),(Vehicles2↦-3.993496298789978),(Vehicles3↦-7.993496417999268),(Vehicles4↦0.006503580836579204),(Vehicles5↦-7.993496417999268)}",
        "VehiclesVy": "{(EgoVehicle↦0.027121149469166994),(Vehicles2↦-0.027121149469166994),(Vehicles3↦-0.027121149469166994),(Vehicles4↦-0.027121149469166994),(Vehicles5↦-0.027121149469166994)}",
        "VehiclesX": "{(EgoVehicle↦200.0),(Vehicles2↦10.243599861860275),(Vehicles3↦38.47721219062805),(Vehicles4↦65.14002084732056),(Vehicles5↦87.91918754577637)}"
      },
      "probabilisticVariables": null,
      "activating": [
        "FASTER_4"
      ],
      "activatingOnlyWhenExecuted": true,
      "updating": null,
      "withPredicate": null
    },
    {
      "id": "FASTER_4",
      "execute": "FASTER",
      "after": "1000",
      "priority": 0,
      "additionalGuards": null,
      "activationKind": null,
      "fixedVariables": {
        "Crash": "FALSE",
        "VehiclesAy": "{(EgoVehicle↦-0.027026898560507107),(Vehicles2↦0.027026898560507107),(Vehicles3↦0.027026898560507107),(Vehicles4↦0.027026898560507107),(Vehicles5↦-0.02721540037782688)}",
        "Reward": "0.9976877960072628",
        "VehiclesAx": "{(EgoVehicle↦0.571739673614502),(Vehicles2↦-0.8542197942733765),(Vehicles3↦-1.3447773456573486),(Vehicles4↦-1.7398643493652344),(Vehicles5↦-1.6387557983398438)}",
        "VehiclesVx": "{(EgoVehicle↦29.913291931152344),(Vehicles2↦-10.037703514099121),(Vehicles3↦-9.969127178192139),(Vehicles4↦-8.160572052001953),(Vehicles5↦-10.598059892654419)}",
        "VehiclesY": "{(EgoVehicle↦8.000001668930054),(Vehicles2↦-4.000001907348633),(Vehicles3↦-8.000001668930054),(Vehicles4↦-1.8026956354333379E-06),(Vehicles5↦-8.000001668930054)}",
        "VehiclesVy": "{(EgoVehicle↦9.42509086598875E-05),(Vehicles2↦-9.42509086598875E-05),(Vehicles3↦-9.42509086598875E-05),(Vehicles4↦-9.42509086598875E-05),(Vehicles5↦-9.42509086598875E-05)}",
        "VehiclesX": "{(EgoVehicle↦200.0),(Vehicles2↦0.617303466424346),(Vehicles3↦29.208147525787354),(Vehicles4↦57.85256624221802),(Vehicles5↦78.18664908409119)}"
      },
      "probabilisticVariables": null,
      "activating": [
        "LANE_RIGHT_5"
      ],
      "activatingOnlyWhenExecuted": true,
      "updating": null,
      "withPredicate": null
    },
    {
      "id": "LANE_RIGHT_5",
      "execute": "LANE_RIGHT",
      "after": "1000",
      "priority": 0,
      "additionalGuards": null,
      "activationKind": null,
      "fixedVariables": {
        "Crash": "FALSE",
        "VehiclesAy": "{(EgoVehicle↦-0.00010026566940268822),(Vehicles2↦0.00010026566940268822),(Vehicles3↦0.00010026566940268822),(Vehicles4↦0.00010026566940268822),(Vehicles5↦-8.823614791708678E-05)}",
        "Reward": "0.9996955122319143",
        "VehiclesAx": "{(EgoVehicle↦0.07529020309448242),(Vehicles2↦-0.2089083194732666),(Vehicles3↦-0.6592118740081787),(Vehicles4↦-0.5821305513381958),(Vehicles5↦-0.9197115898132324)}",
        "VehiclesVx": "{(EgoVehicle↦29.988582134246826),(Vehicles2↦-10.246611833572388),(Vehicles3↦-10.628339052200317),(Vehicles4↦-8.742702603340149),(Vehicles5↦-11.517771482467651)}",
        "VehiclesY": "{(EgoVehicle↦8.000001668930054),(Vehicles2↦-4.000001907348633),(Vehicles3↦-8.000001668930054),(Vehicles4↦-1.8340517158321745E-06),(Vehicles5↦-8.000001668930054)}",
        "VehiclesVy": "{(EgoVehicle↦-6.014760742800718E-06),(Vehicles2↦6.014760742800718E-06),(Vehicles3↦6.014760742800718E-06),(Vehicles4↦6.014760742800718E-06),(Vehicles5↦6.014760742800718E-06)}",
        "VehiclesX": "{(EgoVehicle↦200.0),(Vehicles2↦-9.515894949436188),(Vehicles3↦18.95461529493332),(Vehicles4↦49.4162917137146),(Vehicles5↦67.19381213188171)}"
      },
      "probabilisticVariables": null,
      "activating": [
        "SLOWER_6"
      ],
      "activatingOnlyWhenExecuted": true,
      "updating": null,
      "withPredicate": null
    },
    {
      "id": "SLOWER_6",
      "execute": "SLOWER",
      "after": "1000",
      "priority": 0,
      "additionalGuards": null,
      "activationKind": null,
      "fixedVariables": {
        "Crash": "FALSE",
        "VehiclesAy": "{(EgoVehicle↦5.845306585428034E-06),(Vehicles2↦-5.845306585428034E-06),(Vehicles3↦-5.845306585428034E-06),(Vehicles4↦-5.845306585428034E-06),(Vehicles5↦6.1842149001734015E-06)}",
        "Reward": "0.8841848685518042",
        "VehiclesAx": "{(EgoVehicle↦-4.331650733947754),(Vehicles2↦3.6495429277420044),(Vehicles3↦5.987507700920105),(Vehicles4↦2.687804102897644),(Vehicles5↦2.071179151535034)}",
        "VehiclesVx": "{(EgoVehicle↦25.656931400299072),(Vehicles2↦-6.597068905830383),(Vehicles3↦-4.640831351280212),(Vehicles4↦-6.054898500442505),(Vehicles5↦-9.446592330932617)}",
        "VehiclesY": "{(EgoVehicle↦8.000000238418579),(Vehicles2↦-8.000000238418579),(Vehicles3↦-5.102453926042472E-08),(Vehicles4↦-8.000000238418579),(Vehicles5↦-4.0000001192092896)}",
        "VehiclesVy": "{(EgoVehicle↦-1.6945415737268377E-07),(Vehicles2↦1.6945415737268377E-07),(Vehicles3↦1.6945415737268377E-07),(Vehicles4↦1.6945415737268377E-07),(Vehicles5↦1.6945415737268377E-07)}",
        "VehiclesX": "{(EgoVehicle↦200.0),(Vehicles2↦10.555911809206009),(Vehicles3↦42.956531047821045),(Vehicles4↦58.55209827423096),(Vehicles5↦67.78735518455505)}"
      },
      "probabilisticVariables": null,
      "activating": [
        "LANE_RIGHT_7"
      ],
      "activatingOnlyWhenExecuted": true,
      "updating": null,
      "withPredicate": null
    },
    {
      "id": "LANE_RIGHT_7",
      "execute": "LANE_RIGHT",
      "after": "1000",
      "priority": 0,
      "additionalGuards": null,
      "activationKind": null,
      "fixedVariables": {
        "Crash": "FALSE",
        "VehiclesAy": "{(EgoVehicle↦1.6422480264566275E-07),(Vehicles2↦-1.6422481152744695E-07),(Vehicles3↦-1.6422481152744695E-07),(Vehicles4↦-1.6422481152744695E-07),(Vehicles5↦1.746835032179206E-07)}",
        "Reward": "0.8689735903717054",
        "VehiclesAx": "{(EgoVehicle↦-0.5704212188720703),(Vehicles2↦0.6166517734527588),(Vehicles3↦0.4731014370918274),(Vehicles4↦1.3203045725822449),(Vehicles5↦0.5837172269821167)}",
        "VehiclesVx": "{(EgoVehicle↦25.086510181427002),(Vehicles2↦-5.9804171323776245),(Vehicles3↦-4.167729914188385),(Vehicles4↦-4.73459392786026),(Vehicles5↦-8.8628751039505)}",
        "VehiclesY": "{(EgoVehicle↦8.000000238418579),(Vehicles2↦-8.000000238418579),(Vehicles3↦-1.5696350885718857E-09),(Vehicles4↦-8.000000238418579),(Vehicles5↦-4.0000001192092896)}",
        "VehiclesVy": "{(EgoVehicle↦-5.229354727021018E-09),(Vehicles2↦5.229345845236821E-09),(Vehicles3↦5.229345845236821E-09),(Vehicles4↦5.229345845236821E-09),(Vehicles5↦5.229345845236821E-09)}",
        "VehiclesX": "{(EgoVehicle↦200.0),(Vehicles2↦4.274331778287888),(Vehicles3↦38.58426511287689),(Vehicles4↦53.138577938079834),(Vehicles5↦58.634018898010254)}"
      },
      "probabilisticVariables": null,
      "activating": [
        "IDLE_8"
      ],
      "activatingOnlyWhenExecuted": true,
      "updating": null,
      "withPredicate": null
    },
    {
      "id": "IDLE_8",
      "execute": "IDLE",
      "after": "1000",
      "priority": 0,
      "additionalGuards": null,
      "activationKind": null,
      "fixedVariables": {
        "Crash": "FALSE",
        "VehiclesAy": "{(EgoVehicle↦5.066196351322105E-09),(Vehicles2↦-5.066187469537908E-09),(Vehicles3↦-5.066187469537908E-09),(Vehicles4↦-5.066187469537908E-09),(Vehicles5↦5.392504220935734E-09)}",
        "Reward": "0.8669704590887294",
        "VehiclesAx": "{(EgoVehicle↦-0.0751185417175293),(Vehicles2↦0.26620566844940186),(Vehicles3↦0.042466819286346436),(Vehicles4↦0.5405828356742859),(Vehicles5↦0.3138446807861328)}",
        "VehiclesVx": "{(EgoVehicle↦25.011391639709473),(Vehicles2↦-5.714211463928223),(Vehicles3↦-4.125263094902039),(Vehicles4↦-4.194011092185974),(Vehicles5↦-8.549030423164368)}",
        "VehiclesY": "{(EgoVehicle↦8.000000238418579),(Vehicles2↦-8.000000238418579),(Vehicles3↦-4.89475127096739E-11),(Vehicles4↦-8.000000238418579),(Vehicles5↦-4.0000001192092896)}",
        "VehiclesVy": "{(EgoVehicle↦-1.63158375698913E-10),(Vehicles2↦1.63158375698913E-10),(Vehicles3↦1.63158375698913E-10),(Vehicles4↦1.63158375698913E-10),(Vehicles5↦1.63158375698913E-10)}",
        "VehiclesX": "{(EgoVehicle↦200.0),(Vehicles2↦-1.594693772494793),(Vehicles3↦34.44141447544098),(Vehicles4↦48.650458455085754),(Vehicles5↦49.89737868309021)}"
      },
      "probabilisticVariables": null,
      "activating": [
        "IDLE_9"
      ],
      "activatingOnlyWhenExecuted": true,
      "updating": null,
      "withPredicate": null
    },
    {
      "id": "IDLE_9",
      "execute": "IDLE",
      "after": "1000",
      "priority": 0,
      "additionalGuards": null,
      "activationKind": null,
      "fixedVariables": {
        "Crash": "FALSE",
        "VehiclesAy": "{(EgoVehicle↦1.5806023156983429E-10),(Vehicles2↦-1.5806023156983429E-10),(Vehicles3↦-1.5806023156983429E-10),(Vehicles4↦-1.5806023156983429E-10),(Vehicles5↦1.6825651982799172E-10)}",
        "Reward": "0.8667066722531113",
        "VehiclesAx": "{(EgoVehicle↦-0.009891986846923828),(Vehicles2↦0.24386942386627197),(Vehicles3↦0.008372366428375244),(Vehicles4↦-4.029043912887573),(Vehicles5↦4.637237787246704)}",
        "VehiclesVx": "{(EgoVehicle↦25.00149965286255),(Vehicles2↦-5.470342040061951),(Vehicles3↦-4.116890728473663),(Vehicles4↦-8.223055005073547),(Vehicles5↦-3.9117926359176636)}",
        "VehiclesY": "{(EgoVehicle↦8.000000238418579),(Vehicles2↦-8.000000238418579),(Vehicles3↦-1.5281109710940655E-12),(Vehicles4↦-4.0000001192092896),(Vehicles5↦-8.000000238418579)}",
        "VehiclesVy": "{(EgoVehicle↦-5.098144129078719E-12),(Vehicles2↦5.098144129078719E-12),(Vehicles3↦5.098144129078719E-12),(Vehicles4↦5.098144129078719E-12),(Vehicles5↦5.098144129078719E-12)}",
        "VehiclesX": "{(EgoVehicle↦200.0),(Vehicles2↦-7.210774719715118),(Vehicles3↦30.319353938102722),(Vehicles4↦41.477808356285095),(Vehicles5↦44.58313286304474)}"
      },
      "probabilisticVariables": null,
      "activating": [
        "SLOWER_10"
      ],
      "activatingOnlyWhenExecuted": true,
      "updating": null,
      "withPredicate": null
    },
    {
      "id": "SLOWER_10",
      "execute": "SLOWER",
      "after": "1000",
      "priority": 0,
      "additionalGuards": null,
      "activationKind": null,
      "fixedVariables": {
        "Crash": "FALSE",
        "VehiclesAy": "{(EgoVehicle↦4.902744876744691E-12),(Vehicles2↦-4.902744876744691E-12),(Vehicles3↦-4.902744876744691E-12),(Vehicles4↦-4.902744876744691E-12),(Vehicles5↦6.319180538838509E-06)}",
        "Reward": "0.7508969005984892",
        "VehiclesAx": "{(EgoVehicle↦-4.342865943908691),(Vehicles2↦5.7089718617498875),(Vehicles3↦0.5560967326164246),(Vehicles4↦8.803436942398548),(Vehicles5↦2.126844823360443)}",
        "VehiclesVx": "{(EgoVehicle↦20.658633708953857),(Vehicles2↦0.23862982168793678),(Vehicles3↦-3.5607939958572388),(Vehicles4↦0.5803819373250008),(Vehicles5↦-1.7849478125572205)}",
        "VehiclesY": "{(EgoVehicle↦8.000000238418579),(Vehicles2↦-7.327471962526033E-14),(Vehicles3↦-4.0000001192092896),(Vehicles4↦-8.000000238418579),(Vehicles5↦-4.0000022649765015)}",
        "VehiclesVy": "{(EgoVehicle↦-1.9539925233402755E-13),(Vehicles2↦1.9539925233402755E-13),(Vehicles3↦1.9539925233402755E-13),(Vehicles4↦1.9539925233402755E-13),(Vehicles5↦6.31917544069438E-06)}",
        "VehiclesX": "{(EgoVehicle↦200.0),(Vehicles2↦28.60260009765625),(Vehicles3↦35.779768228530884),(Vehicles4↦43.13446879386902),(Vehicles5↦81.84763789176941)}"
      },
      "probabilisticVariables": null,
      "activating": [
        "SLOWER_11"
      ],
      "activatingOnlyWhenExecuted": true,
      "updating": null,
      "withPredicate": null
    },
    {
      "id": "SLOWER_11",
      "execute": "SLOWER",
      "after": "1000",
      "priority": 0,
      "additionalGuards": null,
      "activationKind": null,
      "fixedVariables": {
        "Crash": "FALSE",
        "VehiclesAy": "{(EgoVehicle↦1.7763568394002505E-13),(Vehicles2↦-1.7763568394002505E-13),(Vehicles3↦-1.7763568394002505E-13),(Vehicles4↦-1.7763568394002505E-13),(Vehicles5↦6.758987609600808E-06)}",
        "Reward": "0.7356462310801852",
        "VehiclesAx": "{(EgoVehicle↦-0.5718994140625),(Vehicles2↦0.5901249311864376),(Vehicles3↦0.8620822429656982),(Vehicles4↦0.6460956111550331),(Vehicles5↦0.7259099185466766)}",
        "VehiclesVx": "{(EgoVehicle↦20.086734294891357),(Vehicles2↦0.8287547528743744),(Vehicles3↦-2.6987117528915405),(Vehicles4↦1.2264775484800339),(Vehicles5↦-1.0590378940105438)}",
        "VehiclesY": "{(EgoVehicle↦8.000000238418579),(Vehicles2↦-3.9968028886505635E-15),(Vehicles3↦-4.0000001192092896),(Vehicles4↦-8.000000238418579),(Vehicles5↦-4.0000001192092896)}",
        "VehiclesVy": "{(EgoVehicle↦-1.7763568394002505E-14),(Vehicles2↦1.7763568394002505E-14),(Vehicles3↦1.7763568394002505E-14),(Vehicles4↦1.7763568394002505E-14),(Vehicles5↦4.3981216890642827E-07)}",
        "VehiclesX": "{(EgoVehicle↦200.0),(Vehicles2↦29.16378378868103),(Vehicles3↦32.65351057052612),(Vehicles4↦44.06459927558899),(Vehicles5↦80.44513463973999)}"
      },
      "probabilisticVariables": null,
      "activating": [
        "SLOWER_12"
      ],
      "activatingOnlyWhenExecuted": true,
      "updating": null,
      "withPredicate": null
    },
    {
      "id": "SLOWER_12",
      "execute": "SLOWER",
      "after": "1000",
      "priority": 0,
      "additionalGuards": null,
      "activationKind": null,
      "fixedVariables": {
        "Crash": "FALSE",
        "VehiclesAy": "{(EgoVehicle↦1.7763568394002505E-14),(Vehicles2↦-1.7763568394002505E-14),(Vehicles3↦-1.7763568394002505E-14),(Vehicles4↦-1.7763568394002505E-14),(Vehicles5↦4.700136102542274E-07)}",
        "Reward": "0.7336379124604907",
        "VehiclesAx": "{(EgoVehicle↦-0.07531166076660156),(Vehicles2↦0.09479112923145294),(Vehicles3↦0.32606035470962524),(Vehicles4↦0.10493509471416473),(Vehicles5↦0.17718829214572906)}",
        "VehiclesVx": "{(EgoVehicle↦20.011422634124756),(Vehicles2↦0.9235458821058273),(Vehicles3↦-2.3726513981819153),(Vehicles4↦1.3314126431941986),(Vehicles5↦-0.8818496018648148)}",
        "VehiclesY": "{(EgoVehicle↦8.000000238418579),(Vehicles2↦-1.3322676295501878E-15),(Vehicles3↦-4.0000001192092896),(Vehicles4↦-8.000000238418579),(Vehicles5↦-4.0000001192092896)}",
        "VehiclesVy": "{(EgoVehicle↦0.0),(Vehicles2↦0.0),(Vehicles3↦0.0),(Vehicles4↦0.0),(Vehicles5↦3.020144134779912E-08)}",
        "VehiclesX": "{(EgoVehicle↦200.0),(Vehicles2↦30.041885375976562),(Vehicles3↦30.09987473487854),(Vehicles4↦45.34715116024017),(Vehicles5↦79.47153449058533)}"
      },
      "probabilisticVariables": null,
      "activating": [
        "SLOWER_13"
      ],
      "activatingOnlyWhenExecuted": true,
      "updating": null,
      "withPredicate": null
    },
    {
      "id": "SLOWER_13",
      "execute": "SLOWER",
      "after": "1000",
      "priority": 0,
      "additionalGuards": null,
      "activationKind": null,
      "fixedVariables": {
        "Crash": "FALSE",
        "VehiclesAy": "{(EgoVehicle↦0.0),(Vehicles2↦0.0),(Vehicles3↦0.0),(Vehicles4↦0.0),(Vehicles5↦3.225650857530127E-08)}",
        "Reward": "0.7333734425188027",
        "VehiclesAx": "{(EgoVehicle↦-0.009918212890625),(Vehicles2↦-3.074370250105858),(Vehicles3↦3.3247457444667816),(Vehicles4↦0.013662129640579224),(Vehicles5↦0.0813572108745575)}",
        "VehiclesVx": "{(EgoVehicle↦20.00150442123413),(Vehicles2↦-2.1508243680000305),(Vehicles3↦0.9520943462848663),(Vehicles4↦1.3450747728347778),(Vehicles5↦-0.8004923909902573)}",
        "VehiclesY": "{(EgoVehicle↦8.000000238418579),(Vehicles2↦-4.0000001192092896),(Vehicles3↦-1.3322676295501878E-15),(Vehicles4↦-8.000000238418579),(Vehicles5↦-4.0000001192092896)}",
        "VehiclesVy": "{(EgoVehicle↦0.0),(Vehicles2↦0.0),(Vehicles3↦0.0),(Vehicles4↦0.0),(Vehicles5↦2.0550672275021498E-09)}",
        "VehiclesX": "{(EgoVehicle↦200.0),(Vehicles2↦27.820399403572083),(Vehicles3↦30.978471040725708),(Vehicles4↦46.68707251548767),(Vehicles5↦78.62555384635925)}"
      },
      "probabilisticVariables": null,
      "activating": [
        "IDLE_14"
      ],
      "activatingOnlyWhenExecuted": true,
      "updating": null,
      "withPredicate": null
    },
    {
      "id": "IDLE_14",
      "execute": "IDLE",
      "after": "1000",
      "priority": 0,
      "additionalGuards": null,
      "activationKind": null,
      "fixedVariables": {
        "Crash": "FALSE",
        "VehiclesAy": "{(EgoVehicle↦0.0),(Vehicles2↦0.0),(Vehicles3↦0.0),(Vehicles4↦0.0),(Vehicles5↦2.1939960959116434E-09)}",
        "Reward": "0.7333386152013787",
        "VehiclesAx": "{(EgoVehicle↦-0.0013065338134765625),(Vehicles2↦0.17932742834091187),(Vehicles3↦0.018127113580703735),(Vehicles4↦-0.009651780128479004),(Vehicles5↦0.055066198110580444)}",
        "VehiclesVx": "{(EgoVehicle↦20.000197887420654),(Vehicles2↦-1.9714969396591187),(Vehicles3↦0.9702214598655701),(Vehicles4↦1.3354229927062988),(Vehicles5↦-0.7454261928796768)}",
        "VehiclesY": "{(EgoVehicle↦8.000000238418579),(Vehicles2↦-4.0000001192092896),(Vehicles3↦-1.3322676295501878E-15),(Vehicles4↦-8.000000238418579),(Vehicles5↦-4.0000001192092896)}",
        "VehiclesVy": "{(EgoVehicle↦0.0),(Vehicles2↦0.0),(Vehicles3↦0.0),(Vehicles4↦0.0),(Vehicles5↦1.389288684094936E-10)}",
        "VehiclesX": "{(EgoVehicle↦200.0),(Vehicles2↦25.74397623538971),(Vehicles3↦31.938180327415466),(Vehicles4↦48.02934527397156),(Vehicles5↦77.84834504127502)}"
      },
      "probabilisticVariables": null,
      "activating": [
        "SLOWER_15"
      ],
      "activatingOnlyWhenExecuted": true,
      "updating": null,
      "withPredicate": null
    },
    {
      "id": "SLOWER_15",
      "execute": "SLOWER",
      "after": "1000",
      "priority": 0,
      "additionalGuards": null,
      "activationKind": null,
      "fixedVariables": {
        "Crash": "FALSE",
        "VehiclesAy": "{(EgoVehicle↦0.0),(Vehicles2↦0.0),(Vehicles3↦0.0),(Vehicles4↦0.0),(Vehicles5↦1.389288684094936E-10)}",
        "Reward": "0.733334028887973",
        "VehiclesAx": "{(EgoVehicle↦-0.000171661376953125),(Vehicles2↦2.454840950667858),(Vehicles3↦-2.791406661272049),(Vehicles4↦-0.350397452712059),(Vehicles5↦2.061956599354744)}",
        "VehiclesVx": "{(EgoVehicle↦20.0000262260437),(Vehicles2↦0.48334401100873947),(Vehicles3↦-1.8211852014064789),(Vehicles4↦0.9850255399942398),(Vehicles5↦1.3165304064750671)}",
        "VehiclesY": "{(EgoVehicle↦8.000000238418579),(Vehicles2↦-8.000000238418579),(Vehicles3↦-4.0000001192092896),(Vehicles4↦-1.3322676295501878E-15),(Vehicles5↦-8.000000238418579)}",
        "VehiclesVy": "{(EgoVehicle↦0.0),(Vehicles2↦0.0),(Vehicles3↦0.0),(Vehicles4↦0.0),(Vehicles5↦0.0)}",
        "VehiclesX": "{(EgoVehicle↦200.0),(Vehicles2↦-9.772004932165146),(Vehicles3↦23.834624886512756),(Vehicles4↦32.914531230926514),(Vehicles5↦49.35770034790039)}"
      },
      "probabilisticVariables": null,
      "activating": [
        "FASTER_16"
      ],
      "activatingOnlyWhenExecuted": true,
      "updating": null,
      "withPredicate": null
    },
    {
      "id": "FASTER_16",
      "execute": "FASTER",
      "after": "1000",
      "priority": 0,
      "additionalGuards": null,
      "activationKind": null,
      "fixedVariables": {
        "Crash": "FALSE",
        "VehiclesAy": "{(EgoVehicle↦0.0),(Vehicles2↦0.0),(Vehicles3↦0.0),(Vehicles4↦0.0),(Vehicles5↦6.217248937900877E-13)}",
        "Reward": "0.8491084592225588",
        "VehiclesAx": "{(EgoVehicle↦4.341540336608887),(Vehicles2↦-6.518220715224743),(Vehicles3↦-1.5229742228984833),(Vehicles4↦-4.033341780304909),(Vehicles5↦-6.322579085826874)}",
        "VehiclesVx": "{(EgoVehicle↦24.341566562652588),(Vehicles2↦-6.034876704216003),(Vehicles3↦-3.344159424304962),(Vehicles4↦-3.048316240310669),(Vehicles5↦-5.006048679351807)}",
        "VehiclesY": "{(EgoVehicle↦8.000000238418579),(Vehicles2↦-4.0000001192092896),(Vehicles3↦-1.3322676295501878E-15),(Vehicles4↦-8.000000238418579),(Vehicles5↦-4.0000001192092896)}",
        "VehiclesVy": "{(EgoVehicle↦0.0),(Vehicles2↦0.0),(Vehicles3↦0.0),(Vehicles4↦0.0),(Vehicles5↦6.217248937900877E-13)}",
        "VehiclesX": "{(EgoVehicle↦200.0),(Vehicles2↦19.671112298965454),(Vehicles3↦31.509631872177124),(Vehicles4↦48.2700914144516),(Vehicles5↦74.03944730758667)}"
      },
      "probabilisticVariables": null,
      "activating": [
        "IDLE_17"
      ],
      "activatingOnlyWhenExecuted": true,
      "updating": null,
      "withPredicate": null
    },
    {
      "id": "IDLE_17",
      "execute": "IDLE",
      "after": "1000",
      "priority": 0,
      "additionalGuards": null,
      "activationKind": null,
      "fixedVariables": {
        "Crash": "FALSE",
        "VehiclesAy": "{(EgoVehicle↦0.0),(Vehicles2↦0.0),(Vehicles3↦0.0),(Vehicles4↦0.0),(Vehicles5↦6.572520305780927E-13)}",
        "Reward": "0.8643544747398706",
        "VehiclesAx": "{(EgoVehicle↦0.5717253684997559),(Vehicles2↦-0.46149730682373047),(Vehicles3↦-0.5615919828414917),(Vehicles4↦-0.597011148929596),(Vehicles5↦-0.5381780862808228)}",
        "VehiclesVx": "{(EgoVehicle↦24.913291931152344),(Vehicles2↦-6.496374011039734),(Vehicles3↦-3.905751407146454),(Vehicles4↦-3.645327389240265),(Vehicles5↦-5.544226765632629)}",
        "VehiclesY": "{(EgoVehicle↦8.000000238418579),(Vehicles2↦-4.0000001192092896),(Vehicles3↦-1.3322676295501878E-15),(Vehicles4↦-8.000000238418579),(Vehicles5↦-4.0000001192092896)}",
        "VehiclesVy": "{(EgoVehicle↦0.0),(Vehicles2↦0.0),(Vehicles3↦0.0),(Vehicles4↦0.0),(Vehicles5↦3.552713678800501E-14)}",
        "VehiclesX": "{(EgoVehicle↦200.0),(Vehicles2↦13.366177678108215),(Vehicles3↦27.854302525520325),(Vehicles4↦44.896358251571655),(Vehicles5↦68.73165369033813)}"
      },
      "probabilisticVariables": null,
      "activating": [
        "SLOWER_18"
      ],
      "activatingOnlyWhenExecuted": true,
      "updating": null,
      "withPredicate": null
    },
    {
      "id": "SLOWER_18",
      "execute": "SLOWER",
      "after": "1000",
      "priority": 0,
      "additionalGuards": null,
      "activationKind": null,
      "fixedVariables": {
        "Crash": "FALSE",
        "VehiclesAy": "{(EgoVehicle↦0.0),(Vehicles2↦0.0),(Vehicles3↦0.0),(Vehicles4↦0.0),(Vehicles5↦3.552713678800501E-14)}",
        "Reward": "0.7505871461934536",
        "VehiclesAx": "{(EgoVehicle↦-4.2662739753723145),(Vehicles2↦4.362575262784958),(Vehicles3↦4.274303987622261),(Vehicles4↦4.240330941975117),(Vehicles5↦4.297393932938576)}",
        "VehiclesVx": "{(EgoVehicle↦20.64701795578003),(Vehicles2↦-2.133798748254776),(Vehicles3↦0.3685525804758072),(Vehicles4↦0.5950035527348518),(Vehicles5↦-1.2468328326940536)}",
        "VehiclesY": "{(EgoVehicle↦8.000000238418579),(Vehicles2↦-4.0000001192092896),(Vehicles3↦-1.3322676295501878E-15),(Vehicles4↦-8.000000238418579),(Vehicles5↦-4.0000001192092896)}",
        "VehiclesVy": "{(EgoVehicle↦0.0),(Vehicles2↦0.0),(Vehicles3↦0.0),(Vehicles4↦0.0),(Vehicles5↦0.0)}",
        "VehiclesX": "{(EgoVehicle↦200.0),(Vehicles2↦9.262840449810028),(Vehicles3↦26.30545198917389),(Vehicles4↦43.59419643878937),(Vehicles5↦65.5535638332367)}"
      },
      "probabilisticVariables": null,
      "activating": [
        "IDLE_19"
      ],
      "activatingOnlyWhenExecuted": true,
      "updating": null,
      "withPredicate": null
    },
    {
      "id": "IDLE_19",
      "execute": "IDLE",
      "after": "1000",
      "priority": 0,
      "additionalGuards": null,
      "activationKind": null,
      "fixedVariables": {
        "Crash": "FALSE",
        "VehiclesAy": "{(EgoVehicle↦0.0),(Vehicles2↦0.0),(Vehicles3↦0.0),(Vehicles4↦0.0),(Vehicles5↦0.0)}",
        "Reward": "0.7356054403766414",
        "VehiclesAx": "{(EgoVehicle↦-0.5618143081665039),(Vehicles2↦0.647028237581253),(Vehicles3↦0.5678804963827133),(Vehicles4↦0.5359866842627525),(Vehicles5↦0.5912512540817261)}",
        "VehiclesVx": "{(EgoVehicle↦20.085203647613525),(Vehicles2↦-1.486770510673523),(Vehicles3↦0.9364330768585205),(Vehicles4↦1.1309902369976044),(Vehicles5↦-0.6555815786123276)}",
        "VehiclesY": "{(EgoVehicle↦8.000000238418579),(Vehicles2↦-4.0000001192092896),(Vehicles3↦-1.3322676295501878E-15),(Vehicles4↦-8.000000238418579),(Vehicles5↦-4.0000001192092896)}",
        "VehiclesVy": "{(EgoVehicle↦0.0),(Vehicles2↦0.0),(Vehicles3↦0.0),(Vehicles4↦0.0),(Vehicles5↦0.0)}",
        "VehiclesX": "{(EgoVehicle↦200.0),(Vehicles2↦7.473849505186081),(Vehicles3↦26.986512541770935),(Vehicles4↦44.48876678943634),(Vehicles5↦64.62854743003845)}"
      },
      "probabilisticVariables": null,
      "activating": [
        "FASTER_20"
      ],
      "activatingOnlyWhenExecuted": true,
      "updating": null,
      "withPredicate": null
    },
    {
      "id": "FASTER_20",
      "execute": "FASTER",
      "after": "1000",
      "priority": 0,
      "additionalGuards": null,
      "activationKind": null,
      "fixedVariables": {
        "Crash": "FALSE",
        "VehiclesAy": "{(EgoVehicle↦0.0),(Vehicles2↦0.0),(Vehicles3↦0.0),(Vehicles4↦0.0),(Vehicles5↦0.0)}",
        "Reward": "0.8494075751387621",
        "VehiclesAx": "{(EgoVehicle↦4.267580509185791),(Vehicles2↦-4.191291928291321),(Vehicles3↦-4.263328313827515),(Vehicles4↦-4.292835146188736),(Vehicles5↦-4.239406064152718)}",
        "VehiclesVx": "{(EgoVehicle↦24.352784156799316),(Vehicles2↦-5.678062438964844),(Vehicles3↦-3.326895236968994),(Vehicles4↦-3.1618449091911316),(Vehicles5↦-4.894987642765045)}",
        "VehiclesY": "{(EgoVehicle↦8.000000238418579),(Vehicles2↦-4.0000001192092896),(Vehicles3↦-1.3322676295501878E-15),(Vehicles4↦-8.000000238418579),(Vehicles5↦-4.0000001192092896)}",
        "VehiclesVy": "{(EgoVehicle↦0.0),(Vehicles2↦0.0),(Vehicles3↦0.0),(Vehicles4↦0.0),(Vehicles5↦0.0)}",
        "VehiclesX": "{(EgoVehicle↦200.0),(Vehicles2↦3.6639880388975143),(Vehicles3↦25.570538640022278),(Vehicles4↦43.25534999370575),(Vehicles5↦61.63008213043213)}"
      },
      "probabilisticVariables": null,
      "activating": [
        "SLOWER_21"
      ],
      "activatingOnlyWhenExecuted": true,
      "updating": null,
      "withPredicate": null
    },
    {
      "id": "SLOWER_21",
      "execute": "SLOWER",
      "after": "1000",
      "priority": 0,
      "additionalGuards": null,
      "activationKind": null,
      "fixedVariables": {
        "Crash": "FALSE",
        "VehiclesAy": "{(EgoVehicle↦0.0),(Vehicles2↦0.0),(Vehicles3↦0.0),(Vehicles4↦0.0),(Vehicles5↦0.0)}",
        "Reward": "0.7486188301965996",
        "VehiclesAx": "{(EgoVehicle↦-3.77957820892334),(Vehicles2↦3.848579376935959),(Vehicles3↦3.7821589782834053),(Vehicles4↦3.7551631778478622),(Vehicles5↦3.8067248463630676)}",
        "VehiclesVx": "{(EgoVehicle↦20.573205947875977),(Vehicles2↦-1.8294830620288849),(Vehicles3↦0.45526374131441116),(Vehicles4↦0.5933182686567307),(Vehicles5↦-1.0882627964019775)}",
        "VehiclesY": "{(EgoVehicle↦8.000000238418579),(Vehicles2↦-4.0000001192092896),(Vehicles3↦-1.3322676295501878E-15),(Vehicles4↦-8.000000238418579),(Vehicles5↦-4.0000001192092896)}",
        "VehiclesVy": "{(EgoVehicle↦0.0),(Vehicles2↦0.0),(Vehicles3↦0.0),(Vehicles4↦0.0),(Vehicles5↦0.0)}",
        "VehiclesX": "{(EgoVehicle↦200.0),(Vehicles2↦0.09909135987982154),(Vehicles3↦24.329839646816254),(Vehicles4↦42.16870069503784),(Vehicles5↦58.83106589317322)}"
      },
      "probabilisticVariables": null,
      "activating": [
        "IDLE_22"
      ],
      "activatingOnlyWhenExecuted": true,
      "updating": null,
      "withPredicate": null
    },
    {
      "id": "IDLE_22",
      "execute": "IDLE",
      "after": "1000",
      "priority": 0,
      "additionalGuards": null,
      "activationKind": null,
      "fixedVariables": {
        "Crash": "FALSE",
        "VehiclesAy": "{(EgoVehicle↦0.0),(Vehicles2↦0.0),(Vehicles3↦0.0),(Vehicles4↦0.0),(Vehicles5↦0.0)}",
        "Reward": "0.7353462382700598",
        "VehiclesAx": "{(EgoVehicle↦-0.4977226257324219),(Vehicles2↦0.5606873333454132),(Vehicles3↦0.4987699165940285),(Vehicles4↦0.4743055999279022),(Vehicles5↦0.5239775776863098)}",
        "VehiclesVx": "{(EgoVehicle↦20.075483322143555),(Vehicles2↦-1.2687957286834717),(Vehicles3↦0.9540336579084396),(Vehicles4↦1.0676238685846329),(Vehicles5↦-0.5642852187156677)}",
        "VehiclesY": "{(EgoVehicle↦8.000000238418579),(Vehicles2↦-4.0000001192092896),(Vehicles3↦-1.3322676295501878E-15),(Vehicles4↦-8.000000238418579),(Vehicles5↦-4.0000001192092896)}",
        "VehiclesVy": "{(EgoVehicle↦0.0),(Vehicles2↦0.0),(Vehicles3↦0.0),(Vehicles4↦0.0),(Vehicles5↦0.0)}",
        "VehiclesX": "{(EgoVehicle↦200.0),(Vehicles2↦-1.4301921240985394),(Vehicles3↦25.0602126121521),(Vehicles4↦43.02714169025421),(Vehicles5↦58.02794098854065)}"
      },
      "probabilisticVariables": null,
      "activating": [
        "FASTER_23"
      ],
      "activatingOnlyWhenExecuted": true,
      "updating": null,
      "withPredicate": null
    },
    {
      "id": "FASTER_23",
      "execute": "FASTER",
      "after": "1000",
      "priority": 0,
      "additionalGuards": null,
      "activationKind": null,
      "fixedVariables": {
        "Crash": "FALSE",
        "VehiclesAy": "{(EgoVehicle↦0.0),(Vehicles2↦0.0),(Vehicles3↦0.0),(Vehicles4↦0.0),(Vehicles5↦0.0)}",
        "Reward": "0.8493734415280189",
        "VehiclesAx": "{(EgoVehicle↦4.276020526885986),(Vehicles2↦-4.218127727508545),(Vehicles3↦-4.276376888155937),(Vehicles4↦-4.298347309231758),(Vehicles5↦-4.250575602054596)}",
        "VehiclesVx": "{(EgoVehicle↦24.35150384902954),(Vehicles2↦-5.486923456192017),(Vehicles3↦-3.3223432302474976),(Vehicles4↦-3.2307234406471252),(Vehicles5↦-4.814860820770264)}",
        "VehiclesY": "{(EgoVehicle↦8.000000238418579),(Vehicles2↦-4.0000001192092896),(Vehicles3↦-1.3322676295501878E-15),(Vehicles4↦-8.000000238418579),(Vehicles5↦-4.0000001192092896)}",
        "VehiclesVy": "{(EgoVehicle↦0.0),(Vehicles2↦0.0),(Vehicles3↦0.0),(Vehicles4↦0.0),(Vehicles5↦0.0)}",
        "VehiclesX": "{(EgoVehicle↦200.0),(Vehicles2↦-5.034361779689789),(Vehicles3↦23.655307292938232),(Vehicles4↦41.726839542388916),(Vehicles5↦55.11499643325806)}"
      },
      "probabilisticVariables": null,
      "activating": [
        "SLOWER_24"
      ],
      "activatingOnlyWhenExecuted": true,
      "updating": null,
      "withPredicate": null
    },
    {
      "id": "SLOWER_24",
      "execute": "SLOWER",
      "after": "1000",
      "priority": 0,
      "additionalGuards": null,
      "activationKind": null,
      "fixedVariables": {
        "Crash": "FALSE",
        "VehiclesAy": "{(EgoVehicle↦0.0),(Vehicles2↦0.0),(Vehicles3↦0.0),(Vehicles4↦0.0),(Vehicles5↦0.0)}",
        "Reward": "0.748614335235514",
        "VehiclesAx": "{(EgoVehicle↦-3.7784671783447266),(Vehicles2↦3.8320381939411163),(Vehicles3↦3.776826597750187),(Vehicles4↦3.7572796270251274),(Vehicles5↦3.803151920437813)}",
        "VehiclesVx": "{(EgoVehicle↦20.573036670684814),(Vehicles2↦-1.6548852622509003),(Vehicles3↦0.45448336750268936),(Vehicles4↦0.5265561863780022),(Vehicles5↦-1.0117089003324509)}",
        "VehiclesY": "{(EgoVehicle↦8.000000238418579),(Vehicles2↦-4.0000001192092896),(Vehicles3↦-1.3322676295501878E-15),(Vehicles4↦-8.000000238418579),(Vehicles5↦-4.0000001192092896)}",
        "VehiclesVy": "{(EgoVehicle↦0.0),(Vehicles2↦0.0),(Vehicles3↦0.0),(Vehicles4↦0.0),(Vehicles5↦0.0)}",
        "VehiclesX": "{(EgoVehicle↦200.0),(Vehicles2↦-8.415112644433975),(Vehicles3↦22.41683006286621),(Vehicles4↦40.57197570800781),(Vehicles5↦52.39449143409729)}"
      },
      "probabilisticVariables": null,
      "activating": [
        "IDLE_25"
      ],
      "activatingOnlyWhenExecuted": true,
      "updating": null,
      "withPredicate": null
    },
    {
      "id": "IDLE_25",
      "execute": "IDLE",
      "after": "1000",
      "priority": 0,
      "additionalGuards": null,
      "activationKind": null,
      "fixedVariables": {
        "Crash": "FALSE",
        "VehiclesAy": "{(EgoVehicle↦0.0),(Vehicles2↦0.0),(Vehicles3↦0.0),(Vehicles4↦0.0),(Vehicles5↦0.0)}",
        "Reward": "0.735345646341028",
        "VehiclesAx": "{(EgoVehicle↦-0.4975748062133789),(Vehicles2↦0.5474215745925903),(Vehicles3↦0.4947660490870476),(Vehicles4↦0.47755416482686996),(Vehicles5↦0.5215376988053322)}",
        "VehiclesVx": "{(EgoVehicle↦20.075461864471436),(Vehicles2↦-1.10746368765831),(Vehicles3↦0.9492494165897369),(Vehicles4↦1.0041103512048721),(Vehicles5↦-0.4901712015271187)}",
        "VehiclesY": "{(EgoVehicle↦8.000000238418579),(Vehicles2↦-4.0000001192092896),(Vehicles3↦-1.3322676295501878E-15),(Vehicles4↦-8.000000238418579),(Vehicles5↦-4.0000001192092896)}",
        "VehiclesVy": "{(EgoVehicle↦0.0),(Vehicles2↦0.0),(Vehicles3↦0.0),(Vehicles4↦0.0),(Vehicles5↦0.0)}",
        "VehiclesX": "{(EgoVehicle↦200.0),(Vehicles2↦-9.77528989315033),(Vehicles3↦23.14477115869522),(Vehicles4↦41.364920139312744),(Vehicles5↦51.66691541671753)}"
      },
      "probabilisticVariables": null,
      "activating": [
        "IDLE_26"
      ],
      "activatingOnlyWhenExecuted": true,
      "updating": null,
      "withPredicate": null
    },
    {
      "id": "IDLE_26",
      "execute": "IDLE",
      "after": "1000",
      "priority": 0,
      "additionalGuards": null,
      "activationKind": null,
      "fixedVariables": {
        "Crash": "FALSE",
        "VehiclesAy": "{(EgoVehicle↦0.0),(Vehicles2↦0.0),(Vehicles3↦0.0),(Vehicles4↦0.0),(Vehicles5↦0.0)}",
        "Reward": "0.7335983292849639",
        "VehiclesAx": "{(EgoVehicle↦-0.06552457809448242),(Vehicles2↦2.1183647215366364),(Vehicles3↦0.10153725743293762),(Vehicles4↦-1.4054908603429794),(Vehicles5↦1.4886092022061348)}",
        "VehiclesVx": "{(EgoVehicle↦20.009937286376953),(Vehicles2↦1.0109010338783264),(Vehicles3↦1.0507866740226746),(Vehicles4↦-0.4013805091381073),(Vehicles5↦0.9984380006790161)}",
        "VehiclesY": "{(EgoVehicle↦8.000000238418579),(Vehicles2↦-1.3322676295501878E-15),(Vehicles3↦-8.000000238418579),(Vehicles4↦-4.0000001192092896),(Vehicles5↦-3.9968028886505635E-15)}",
        "VehiclesVy": "{(EgoVehicle↦0.0),(Vehicles2↦0.0),(Vehicles3↦0.0),(Vehicles4↦0.0),(Vehicles5↦0.0)}",
        "VehiclesX": "{(EgoVehicle↦200.0),(Vehicles2↦24.12869930267334),(Vehicles3↦42.39754378795624),(Vehicles4↦51.22225284576416),(Vehicles5↦96.96922302246094)}"
      },
      "probabilisticVariables": null,
      "activating": [
        "LANE_RIGHT_27"
      ],
      "activatingOnlyWhenExecuted": true,
      "updating": null,
      "withPredicate": null
    },
    {
      "id": "LANE_RIGHT_27",
      "execute": "LANE_RIGHT",
      "after": "1000",
      "priority": 0,
      "additionalGuards": null,
      "activationKind": null,
      "fixedVariables": {
        "Crash": "FALSE",
        "VehiclesAy": "{(EgoVehicle↦0.0),(Vehicles2↦0.0),(Vehicles3↦0.0),(Vehicles4↦0.0),(Vehicles5↦0.0)}",
        "Reward": "0.7333682299195563",
        "VehiclesAx": "{(EgoVehicle↦-0.008628368377685547),(Vehicles2↦0.003793761134147644),(Vehicles3↦-0.009048879146575928),(Vehicles4↦0.031223483383655548),(Vehicles5↦-0.015952065587043762)}",
        "VehiclesVx": "{(EgoVehicle↦20.001308917999268),(Vehicles2↦1.014694795012474),(Vehicles3↦1.0417377948760986),(Vehicles4↦-0.37015702575445175),(Vehicles5↦0.9824859350919724)}",
        "VehiclesY": "{(EgoVehicle↦8.000000238418579),(Vehicles2↦-1.3322676295501878E-15),(Vehicles3↦-8.000000238418579),(Vehicles4↦-4.0000001192092896),(Vehicles5↦-3.9968028886505635E-15)}",
        "VehiclesVy": "{(EgoVehicle↦0.0),(Vehicles2↦0.0),(Vehicles3↦0.0),(Vehicles4↦0.0),(Vehicles5↦0.0)}",
        "VehiclesX": "{(EgoVehicle↦200.0),(Vehicles2↦25.142499804496765),(Vehicles3↦43.445926904678345),(Vehicles4↦50.834721326828),(Vehicles5↦97.96251654624939)}"
      },
      "probabilisticVariables": null,
      "activating": [
        "FASTER_28"
      ],
      "activatingOnlyWhenExecuted": true,
      "updating": null,
      "withPredicate": null
    },
    {
      "id": "FASTER_28",
      "execute": "FASTER",
      "after": "1000",
      "priority": 0,
      "additionalGuards": null,
      "activationKind": null,
      "fixedVariables": {
        "Crash": "FALSE",
        "VehiclesAy": "{(EgoVehicle↦0.0),(Vehicles2↦0.0),(Vehicles3↦0.0),(Vehicles4↦0.0),(Vehicles5↦0.0)}",
        "Reward": "0.849112963062109",
        "VehiclesAx": "{(EgoVehicle↦4.340426921844482),(Vehicles2↦-4.346129223704338),(Vehicles3↦-4.356946349143982),(Vehicles4↦-4.31848231703043),(Vehicles5↦-4.364128336310387)}",
        "VehiclesVx": "{(EgoVehicle↦24.34173583984375),(Vehicles2↦-3.331434428691864),(Vehicles3↦-3.3152085542678833),(Vehicles4↦-4.688639342784882),(Vehicles5↦-3.3816424012184143)}",
        "VehiclesY": "{(EgoVehicle↦8.000000238418579),(Vehicles2↦-1.3322676295501878E-15),(Vehicles3↦-8.000000238418579),(Vehicles4↦-4.0000001192092896),(Vehicles5↦-3.9968028886505635E-15)}",
        "VehiclesVy": "{(EgoVehicle↦0.0),(Vehicles2↦0.0),(Vehicles3↦0.0),(Vehicles4↦0.0),(Vehicles5↦0.0)}",
        "VehiclesX": "{(EgoVehicle↦200.0),(Vehicles2↦23.760545253753662),(Vehicles3↦42.08652973175049),(Vehicles4↦48.07896018028259),(Vehicles5↦96.54101729393005)}"
      },
      "probabilisticVariables": null,
      "activating": [
        "LANE_RIGHT_29"
      ],
      "activatingOnlyWhenExecuted": true,
      "updating": null,
      "withPredicate": null
    },
    {
      "id": "LANE_RIGHT_29",
      "execute": "LANE_RIGHT",
      "after": "1000",
      "priority": 0,
      "additionalGuards": null,
      "activationKind": null,
      "fixedVariables": {
        "Crash": "FALSE",
        "VehiclesAy": "{(EgoVehicle↦0.0),(Vehicles2↦0.0),(Vehicles3↦0.0),(Vehicles4↦0.0),(Vehicles5↦0.0)}",
        "Reward": "0.864355067838083",
        "VehiclesAx": "{(EgoVehicle↦0.5715799331665039),(Vehicles2↦-0.5780568718910217),(Vehicles3↦-0.5869564414024353),(Vehicles4↦-0.5502620339393616),(Vehicles5↦-0.5943581461906433)}",
        "VehiclesVx": "{(EgoVehicle↦24.913315773010254),(Vehicles2↦-3.9094913005828857),(Vehicles3↦-3.9021649956703186),(Vehicles4↦-5.238901376724243),(Vehicles5↦-3.9760005474090576)}",
        "VehiclesY": "{(EgoVehicle↦8.000000238418579),(Vehicles2↦-1.3322676295501878E-15),(Vehicles3↦-8.000000238418579),(Vehicles4↦-4.0000001192092896),(Vehicles5↦-3.9968028886505635E-15)}",
        "VehiclesVy": "{(EgoVehicle↦0.0),(Vehicles2↦0.0),(Vehicles3↦0.0),(Vehicles4↦0.0),(Vehicles5↦0.0)}",
        "VehiclesX": "{(EgoVehicle↦200.0),(Vehicles2↦20.111261308193207),(Vehicles3↦38.449764251708984),(Vehicles4↦43.08358132839203),(Vehicles5↦92.83487200737)}"
      },
      "probabilisticVariables": null,
      "activating": [
        "LANE_RIGHT_30"
      ],
      "activatingOnlyWhenExecuted": true,
      "updating": null,
      "withPredicate": null
    },
    {
      "id": "LANE_RIGHT_30",
      "execute": "LANE_RIGHT",
      "after": "1000",
      "priority": 0,
      "additionalGuards": null,
      "activationKind": null,
      "fixedVariables": {
        "Crash": "FALSE",
        "VehiclesAy": "{(EgoVehicle↦0.0),(Vehicles2↦0.0),(Vehicles3↦0.0),(Vehicles4↦0.0),(Vehicles5↦0.0)}",
        "Reward": "0.8663622585904746",
        "VehiclesAx": "{(EgoVehicle↦0.07526874542236328),(Vehicles2↦-0.08243709802627563),(Vehicles3↦-0.08952885866165161),(Vehicles4↦-0.05455970764160156),(Vehicles5↦-0.09709298610687256)}",
        "VehiclesVx": "{(EgoVehicle↦24.988584518432617),(Vehicles2↦-3.9919283986091614),(Vehicles3↦-3.99169385433197),(Vehicles4↦-5.293461084365845),(Vehicles5↦-4.07309353351593)}",
        "VehiclesY": "{(EgoVehicle↦8.000000238418579),(Vehicles2↦-1.3322676295501878E-15),(Vehicles3↦-8.000000238418579),(Vehicles4↦-4.0000001192092896),(Vehicles5↦-3.9968028886505635E-15)}",
        "VehiclesVy": "{(EgoVehicle↦0.0),(Vehicles2↦0.0),(Vehicles3↦0.0),(Vehicles4↦0.0),(Vehicles5↦0.0)}",
        "VehiclesX": "{(EgoVehicle↦200.0),(Vehicles2↦16.15743190050125),(Vehicles3↦34.500283002853394),(Vehicles4↦37.811487913131714),(Vehicles5↦88.8085424900055)}"
      },
      "probabilisticVariables": null,
      "activating": [
        "IDLE_31"
      ],
      "activatingOnlyWhenExecuted": true,
      "updating": null,
      "withPredicate": null
    },
    {
      "id": "IDLE_31",
      "execute": "IDLE",
      "after": "1000",
      "priority": 0,
      "additionalGuards": null,
      "activationKind": null,
      "fixedVariables": {
        "Crash": "FALSE",
        "VehiclesAy": "{(EgoVehicle↦0.0),(Vehicles2↦0.0),(Vehicles3↦0.0),(Vehicles4↦0.0),(Vehicles5↦0.0)}",
        "Reward": "0.8666265800064274",
        "VehiclesAx": "{(EgoVehicle↦0.009911060333251953),(Vehicles2↦-0.017687082290649414),(Vehicles3↦-0.02307891845703125),(Vehicles4↦0.010210275650024414),(Vehicles5↦-0.030751526355743408)}",
        "VehiclesVx": "{(EgoVehicle↦24.99849557876587),(Vehicles2↦-4.009615480899811),(Vehicles3↦-4.0147727727890015),(Vehicles4↦-5.28325080871582),(Vehicles5↦-4.103845059871674)}",
        "VehiclesY": "{(EgoVehicle↦8.000000238418579),(Vehicles2↦-1.3322676295501878E-15),(Vehicles3↦-8.000000238418579),(Vehicles4↦-4.0000001192092896),(Vehicles5↦-3.9968028886505635E-15)}",
        "VehiclesVy": "{(EgoVehicle↦0.0),(Vehicles2↦0.0),(Vehicles3↦0.0),(Vehicles4↦0.0),(Vehicles5↦0.0)}",
        "VehiclesX": "{(EgoVehicle↦200.0),(Vehicles2↦12.156970798969269),(Vehicles3↦30.4977685213089),(Vehicles4↦32.520654797554016),(Vehicles5↦84.72156524658203)}"
      },
      "probabilisticVariables": null,
      "activating": [
        "LANE_LEFT_32"
      ],
      "activatingOnlyWhenExecuted": true,
      "updating": null,
      "withPredicate": null
    },
    {
      "id": "LANE_LEFT_32",
      "execute": "LANE_LEFT",
      "after": "1000",
      "priority": 0,
      "additionalGuards": null,
      "activationKind": null,
      "fixedVariables": {
        "Crash": "FALSE",
        "VehiclesAy": "{(EgoVehicle↦-1.0796057432889938),(Vehicles2↦1.0796057432889938),(Vehicles3↦1.0796057432889938),(Vehicles4↦1.0796057432889938),(Vehicles5↦1.0796057432889938)}",
        "Reward": "0.8327061335374939",
        "VehiclesAx": "{(EgoVehicle↦-0.02201557159423828),(Vehicles2↦0.013712644577026367),(Vehicles3↦0.009912848472595215),(Vehicles4↦0.04157304763793945),(Vehicles5↦0.002181828022003174)}",
        "VehiclesVx": "{(EgoVehicle↦24.97648000717163),(Vehicles2↦-3.9959028363227844),(Vehicles3↦-4.004859924316406),(Vehicles4↦-5.241677761077881),(Vehicles5↦-4.10166323184967)}",
        "VehiclesY": "{(EgoVehicle↦4.340023756027222),(Vehicles2↦3.6599761247634888),(Vehicles3↦-4.340023756027222),(Vehicles4↦-0.34002386033535004),(Vehicles5↦3.6599761247634888)}",
        "VehiclesVy": "{(EgoVehicle↦-1.0796057432889938),(Vehicles2↦1.0796057432889938),(Vehicles3↦1.0796057432889938),(Vehicles4↦1.0796057432889938),(Vehicles5↦1.0796057432889938)}",
        "VehiclesX": "{(EgoVehicle↦200.0),(Vehicles2↦8.463118970394135),(Vehicles3↦26.797115802764893),(Vehicles4↦27.564316987991333),(Vehicles5↦80.92874884605408)}"
      },
      "probabilisticVariables": null,
      "activating": [
        "IDLE_33"
      ],
      "activatingOnlyWhenExecuted": true,
      "updating": null,
      "withPredicate": null
    },
    {
      "id": "IDLE_33",
      "execute": "IDLE",
      "after": "1000",
      "priority": 0,
      "additionalGuards": null,
      "activationKind": null,
      "fixedVariables": {
        "Crash": "FALSE",
        "VehiclesAy": "{(EgoVehicle↦1.0414928873069584),(Vehicles2↦-1.0414928873069584),(Vehicles3↦-1.0414928873069584),(Vehicles4↦-1.0414928873069584),(Vehicles5↦1.1177185992710292)}",
        "Reward": "0.8333318634535168",
        "VehiclesAx": "{(EgoVehicle↦0.02346515655517578),(Vehicles2↦-0.03222227096557617),(Vehicles3↦-1.241273283958435),(Vehicles4↦1.2022793292999268),(Vehicles5↦-0.04228025674819946)}",
        "VehiclesVx": "{(EgoVehicle↦24.999945163726807),(Vehicles2↦-4.028125107288361),(Vehicles3↦-5.246133208274841),(Vehicles4↦-4.039398431777954),(Vehicles5↦-4.14394348859787)}",
        "VehiclesY": "{(EgoVehicle↦4.011500000953674),(Vehicles2↦3.988499879837036),(Vehicles3↦-0.0115001171361655),(Vehicles4↦-4.011500000953674),(Vehicles5↦3.988499879837036)}",
        "VehiclesVy": "{(EgoVehicle↦-0.0381128559820354),(Vehicles2↦0.0381128559820354),(Vehicles3↦0.0381128559820354),(Vehicles4↦0.0381128559820354),(Vehicles5↦0.0381128559820354)}",
        "VehiclesX": "{(EgoVehicle↦200.0),(Vehicles2↦4.44403775036335),(Vehicles3↦22.31057584285736),(Vehicles4↦22.768037021160126),(Vehicles5↦76.7997682094574)}"
      },
      "probabilisticVariables": null,
      "activating": [
        "FASTER_34"
      ],
      "activatingOnlyWhenExecuted": true,
      "updating": null,
      "withPredicate": null
    },
    {
      "id": "FASTER_34",
      "execute": "FASTER",
      "after": "1000",
      "priority": 0,
      "additionalGuards": null,
      "activationKind": null,
      "fixedVariables": {
        "Crash": "FALSE",
        "VehiclesAy": "{(EgoVehicle↦0.03727283045009244),(Vehicles2↦-0.03727283045009244),(Vehicles3↦-0.03727283045009244),(Vehicles4↦-0.03727283045009244),(Vehicles5↦0.038952881513978355)}",
        "Reward": "0.9491082757619965",
        "VehiclesAx": "{(EgoVehicle↦4.341614246368408),(Vehicles2↦-4.350755512714386),(Vehicles3↦-4.323133230209351),(Vehicles4↦-4.351692199707031),(Vehicles5↦-4.359402358531952)}",
        "VehiclesVx": "{(EgoVehicle↦29.341559410095215),(Vehicles2↦-8.378880620002747),(Vehicles3↦-9.569266438484192),(Vehicles4↦-8.391090631484985),(Vehicles5↦-8.503345847129822)}",
        "VehiclesY": "{(EgoVehicle↦4.000196814537048),(Vehicles2↦3.999803066253662),(Vehicles3↦-0.0001969255245057866),(Vehicles4↦-4.000196814537048),(Vehicles5↦3.999803066253662)}",
        "VehiclesVy": "{(EgoVehicle↦-0.0008400255319429561),(Vehicles2↦0.0008400255319429561),(Vehicles3↦0.0008400255319429561),(Vehicles4↦0.0008400255319429561),(Vehicles5↦0.0008400255319429561)}",
        "VehiclesX": "{(EgoVehicle↦200.0),(Vehicles2↦-1.9828146323561668),(Vehicles3↦14.676779508590698),(Vehicles4↦16.329431533813477),(Vehicles5↦70.25352716445923)}"
      },
      "probabilisticVariables": null,
      "activating": [
        "LANE_LEFT_35"
      ],
      "activatingOnlyWhenExecuted": true,
      "updating": null,
      "withPredicate": null
    },
    {
      "id": "LANE_LEFT_35",
      "execute": "LANE_LEFT",
      "after": "1000",
      "priority": 0,
      "additionalGuards": null,
      "activationKind": null,
      "fixedVariables": {
        "Crash": "FALSE",
        "VehiclesAy": "{(EgoVehicle↦-1.0172453796985792),(Vehicles2↦1.0172453796985792),(Vehicles3↦1.0172453796985792),(Vehicles4↦1.0172453796985792),(Vehicles5↦1.0189254307624651)}",
        "Reward": "0.9305589823624564",
        "VehiclesAx": "{(EgoVehicle↦0.5544018745422363),(Vehicles2↦-1.726812720298767),(Vehicles3↦0.6146585941314697),(Vehicles4↦-0.6834119558334351),(Vehicles5↦-1.247885823249817)}",
        "VehiclesVx": "{(EgoVehicle↦29.89596128463745),(Vehicles2↦-10.105693340301514),(Vehicles3↦-8.954607844352722),(Vehicles4↦-9.07450258731842),(Vehicles5↦-9.751231670379639)}",
        "VehiclesY": "{(EgoVehicle↦0.29195668548345566),(Vehicles2↦3.7080434560775757),(Vehicles3↦-0.29195668548345566),(Vehicles4↦7.708043575286865),(Vehicles5↦3.7080434560775757)}",
        "VehiclesVy": "{(EgoVehicle↦-1.0180854052305222),(Vehicles2↦1.0180854052305222),(Vehicles3↦1.0180854052305222),(Vehicles4↦1.0180854052305222),(Vehicles5↦1.0180854052305222)}",
        "VehiclesX": "{(EgoVehicle↦200.0),(Vehicles2↦5.080195516347885),(Vehicles3↦7.900071889162064),(Vehicles4↦61.70884966850281),(Vehicles5↦77.34790444374084)}"
      },
      "probabilisticVariables": null,
      "activating": [
        "LANE_LEFT_36"
      ],
      "activatingOnlyWhenExecuted": true,
      "updating": null,
      "withPredicate": null
    },
    {
      "id": "LANE_LEFT_36",
      "execute": "LANE_LEFT",
      "after": "1000",
      "priority": 0,
      "additionalGuards": null,
      "activationKind": null,
      "fixedVariables": {
        "Crash": "TRUE",
        "VehiclesAy": "{(EgoVehicle↦0.9047295898199081),(Vehicles2↦-0.9047295898199081),(Vehicles3↦-0.9047295898199081),(Vehicles4↦-0.9047295898199081),(Vehicles5↦1.1314412206411362)}",
        "Reward": "0.0",
        "VehiclesAx": "{(EgoVehicle↦-14.556111097335815),(Vehicles2↦14.573597311973572),(Vehicles3↦4.334997534751892),(Vehicles4↦14.540385603904724),(Vehicles5↦14.569292962551117)}",
        "VehiclesVx": "{(EgoVehicle↦15.339850187301636),(Vehicles2↦4.467903971672058),(Vehicles3↦-4.61961030960083),(Vehicles4↦5.465883016586304),(Vehicles5↦4.818061292171478)}",
        "VehiclesY": "{(EgoVehicle↦-0.03811509255319834),(Vehicles2↦4.03811502456665),(Vehicles3↦0.025721280835568905),(Vehicles4↦8.038114786148071),(Vehicles5↦4.03811502456665)}",
        "VehiclesVy": "{(EgoVehicle↦-0.11335581541061401),(Vehicles2↦0.11335581541061401),(Vehicles3↦0.11335581541061401),(Vehicles4↦0.11335581541061401),(Vehicles5↦0.11335581541061401)}",
        "VehiclesX": "{(EgoVehicle↦200.0),(Vehicles2↦0.8395067416131496),(Vehicles3↦5.007321015000343),(Vehicles4↦58.48594903945923),(Vehicles5↦73.45995306968689)}"
      },
      "probabilisticVariables": null,
      "activating": null,
      "activatingOnlyWhenExecuted": true,
      "updating": null,
      "withPredicate": null
    }
  ],
  "listeners": [],
  "metadata": {
    "fileType": "Timed_Trace",
    "formatVersion": 3,
    "savedAt": "2023-08-15T11:29:42.066395Z",
    "creator": "Simulation: MONTE_CARLO_SIMULATION; MAX_STEPS_BEFORE_PROPERTY : 0, EXECUTIONS : 1000, ENDING_TIME : 60000",
    "proB2KernelVersion": "4.12.2",
    "proBCliVersion": "1.12.2-final",
    "modelName": "HighwayEnvironment"
  }
}