{
  "variables": {},
  "activations": [
    {
      "id": "$setup_constants",
      "execute": "$setup_constants",
      "after": "0",
      "priority": 0,
      "additionalGuards": null,
      "activationKind": null,
      "fixedVariables": null,
      "probabilisticVariables": null,
      "activating": null,
      "activatingOnlyWhenExecuted": true,
      "updating": null,
      "withPredicate": null
    },
    {
      "id": "$initialise_machine",
      "execute": "$initialise_machine",
      "after": "0",
      "priority": 0,
      "additionalGuards": null,
      "activationKind": null,
      "fixedVariables": {
        "Crash": "FALSE",
        "VehiclesAy": "{(EgoVehicle↦0.0),(Vehicles2↦0.0),(Vehicles3↦0.0),(Vehicles4↦0.0),(Vehicles5↦0.0)}",
        "Reward": "0.0",
        "VehiclesAx": "{(EgoVehicle↦0.0),(Vehicles2↦0.0),(Vehicles3↦0.0),(Vehicles4↦0.0),(Vehicles5↦0.0)}",
        "VehiclesVx": "{(EgoVehicle↦25.0),(Vehicles2↦-1.5946491062641144),(Vehicles3↦-3.945564329624176),(Vehicles4↦-3.097785711288452),(Vehicles5↦-2.2950035333633423)}",
        "VehiclesY": "{(EgoVehicle↦8.000000238418579),(Vehicles2↦0.0),(Vehicles3↦-4.0000001192092896),(Vehicles4↦0.0),(Vehicles5↦0.0)}",
        "VehiclesVy": "{(EgoVehicle↦0.0),(Vehicles2↦0.0),(Vehicles3↦0.0),(Vehicles4↦0.0),(Vehicles5↦0.0)}",
        "VehiclesX": "{(EgoVehicle↦156.0064673423767),(Vehicles2↦24.155502021312714),(Vehicles3↦44.9619859457016),(Vehicles4↦69.36538815498352),(Vehicles5↦95.5274224281311)}"
      },
      "probabilisticVariables": null,
      "activating": [
        "FASTER_2"
      ],
      "activatingOnlyWhenExecuted": true,
      "updating": null,
      "withPredicate": null
    },
    {
      "id": "FASTER_2",
      "execute": "FASTER",
      "after": "1000",
      "priority": 0,
      "additionalGuards": null,
      "activationKind": null,
      "fixedVariables": {
        "Crash": "FALSE",
        "VehiclesAy": "{(EgoVehicle↦0.0),(Vehicles2↦0.0),(Vehicles3↦0.0),(Vehicles4↦0.0),(Vehicles5↦0.0)}",
        "Reward": "0.9824417009602194",
        "VehiclesAx": "{(EgoVehicle↦4.341564178466797),(Vehicles2↦-7.4078188836574554),(Vehicles3↦-4.897226393222809),(Vehicles4↦-7.952671051025391),(Vehicles5↦-4.730113744735718)}",
        "VehiclesVx": "{(EgoVehicle↦29.341564178466797),(Vehicles2↦-9.00246798992157),(Vehicles3↦-8.842790722846985),(Vehicles4↦-11.050456762313843),(Vehicles5↦-7.02511727809906)}",
        "VehiclesY": "{(EgoVehicle↦8.000000238418579),(Vehicles2↦0.0),(Vehicles3↦-4.0000001192092896),(Vehicles4↦0.0),(Vehicles5↦0.0)}",
        "VehiclesVy": "{(EgoVehicle↦0.0),(Vehicles2↦0.0),(Vehicles3↦0.0),(Vehicles4↦0.0),(Vehicles5↦0.0)}",
        "VehiclesX": "{(EgoVehicle↦183.40152502059937),(Vehicles2↦18.82411390542984),(Vehicles3↦38.513344526290894),(Vehicles4↦61.971259117126465),(Vehicles5↦90.73641896247864)}"
      },
      "probabilisticVariables": null,
      "activating": [
        "LANE_LEFT_3"
      ],
      "activatingOnlyWhenExecuted": true,
      "updating": null,
      "withPredicate": null
    },
    {
      "id": "LANE_LEFT_3",
      "execute": "LANE_LEFT",
      "after": "1000",
      "priority": 0,
      "additionalGuards": null,
      "activationKind": null,
      "fixedVariables": {
        "Crash": "FALSE",
        "VehiclesAy": "{(EgoVehicle↦-1.0180838406085968),(Vehicles2↦1.0180838406085968),(Vehicles3↦-2.303651124238968),(Vehicles4↦1.0180838406085968),(Vehicles5↦1.0180838406085968)}",
        "Reward": "0.9638923291747313",
        "VehiclesAx": "{(EgoVehicle↦0.5543971061706543),(Vehicles2↦-2.264816164970398),(Vehicles3↦-1.4877384901046753),(Vehicles4↦-1.2635326385498047),(Vehicles5↦-1.2044739723205566)}",
        "VehiclesVx": "{(EgoVehicle↦29.89596128463745),(Vehicles2↦-11.267284154891968),(Vehicles3↦-10.33052921295166),(Vehicles4↦-12.313989400863647),(Vehicles5↦-8.229591250419617)}",
        "VehiclesY": "{(EgoVehicle↦4.291957139968872),(Vehicles2↦3.7080427408218384),(Vehicles3↦-3.0993740558624268),(Vehicles4↦3.7080427408218384),(Vehicles5↦3.7080427408218384)}",
        "VehiclesVy": "{(EgoVehicle↦-1.0180838406085968),(Vehicles2↦1.0180838406085968),(Vehicles3↦-2.303651124238968),(Vehicles4↦1.0180838406085968),(Vehicles5↦1.0180838406085968)}",
        "VehiclesX": "{(EgoVehicle↦200.0),(Vehicles2↦9.015481173992157),(Vehicles3↦28.993526101112366),(Vehicles4↦50.51496624946594),(Vehicles5↦83.3766520023346)}"
      },
      "probabilisticVariables": null,
      "activating": [
        "LANE_LEFT_4"
      ],
      "activatingOnlyWhenExecuted": true,
      "updating": null,
      "withPredicate": null
    },
    {
      "id": "LANE_LEFT_4",
      "execute": "LANE_LEFT",
      "after": "1000",
      "priority": 0,
      "additionalGuards": null,
      "activationKind": null,
      "fixedVariables": {
        "Crash": "FALSE",
        "VehiclesAy": "{(EgoVehicle↦-0.02582058310508728),(Vehicles2↦0.02582058310508728),(Vehicles3↦3.1244704127311707),(Vehicles4↦0.02582058310508728),(Vehicles5↦2.061988264322281)}",
        "Reward": "0.9325441869617631",
        "VehiclesAx": "{(EgoVehicle↦0.07444620132446289),(Vehicles2↦-0.9526932239532471),(Vehicles3↦0.19158601760864258),(Vehicles4↦-0.10288238525390625),(Vehicles5↦-0.40031492710113525)}",
        "VehiclesVx": "{(EgoVehicle↦29.970407485961914),(Vehicles2↦-12.219977378845215),(Vehicles3↦-10.138943195343018),(Vehicles4↦-12.416871786117554),(Vehicles5↦-8.629906177520752)}",
        "VehiclesY": "{(EgoVehicle↦0.29939083009958267),(Vehicles2↦7.70060920715332),(Vehicles3↦-0.22227443754673004),(Vehicles4↦7.70060920715332),(Vehicles5↦7.70060920715332)}",
        "VehiclesVy": "{(EgoVehicle↦-1.043904423713684),(Vehicles2↦1.043904423713684),(Vehicles3↦0.8208192884922028),(Vehicles4↦1.043904423713684),(Vehicles5↦1.043904423713684)}",
        "VehiclesX": "{(EgoVehicle↦200.0),(Vehicles2↦-2.3928681388497353),(Vehicles3↦19.150803983211517),(Vehicles4↦38.41890096664429),(Vehicles5↦75.25981664657593)}"
      },
      "probabilisticVariables": null,
      "activating": [
        "SLOWER_5"
      ],
      "activatingOnlyWhenExecuted": true,
      "updating": null,
      "withPredicate": null
    },
    {
      "id": "SLOWER_5",
      "execute": "SLOWER",
      "after": "1000",
      "priority": 0,
      "additionalGuards": null,
      "activationKind": null,
      "fixedVariables": {
        "Crash": "FALSE",
        "VehiclesAy": "{(EgoVehicle↦1.020018602721393),(Vehicles2↦-1.0341683129081503),(Vehicles3↦-4.035756140947342),(Vehicles4↦-1.020018602721393),(Vehicles5↦1.068364274688065)}",
        "Reward": "0.8175179053921279",
        "VehiclesAx": "{(EgoVehicle↦-4.313485622406006),(Vehicles2↦6.37363076210022),(Vehicles3↦1.9953572750091553),(Vehicles4↦7.922668159008026),(Vehicles5↦3.7911996245384216)}",
        "VehiclesVx": "{(EgoVehicle↦25.656921863555908),(Vehicles2↦-5.846346616744995),(Vehicles3↦-8.143585920333862),(Vehicles4↦-4.494203627109528),(Vehicles5↦-4.83870655298233)}",
        "VehiclesY": "{(EgoVehicle↦0.007078020600602031),(Vehicles2↦-0.0021852662321180105),(Vehicles3↦5.167878985404968),(Vehicles4↦7.992922067642212),(Vehicles5↦3.9927284717559814)}",
        "VehiclesVy": "{(EgoVehicle↦-0.023885820992290974),(Vehicles2↦0.009736110805533826),(Vehicles3↦-3.214936852455139),(Vehicles4↦0.023885820992290974),(Vehicles5↦0.02445985097438097)}",
        "VehiclesX": "{(EgoVehicle↦200.0),(Vehicles2↦11.378417164087296),(Vehicles3↦28.03906500339508),(Vehicles4↦68.92485022544861),(Vehicles5↦85.02927422523499)}"
      },
      "probabilisticVariables": null,
      "activating": [
        "LANE_RIGHT_6"
      ],
      "activatingOnlyWhenExecuted": true,
      "updating": null,
      "withPredicate": null
    },
    {
      "id": "LANE_RIGHT_6",
      "execute": "LANE_RIGHT",
      "after": "1000",
      "priority": 0,
      "additionalGuards": null,
      "activationKind": null,
      "fixedVariables": {
        "Crash": "FALSE",
        "VehiclesAy": "{(EgoVehicle↦1.1149116652086377),(Vehicles2↦-1.1016613891115412),(Vehicles3↦1.8738535046577454),(Vehicles4↦-1.1149116652086377),(Vehicles5↦-1.066533881239593)}",
        "Reward": "0.8350073001852171",
        "VehiclesAx": "{(EgoVehicle↦-0.5941486358642578),(Vehicles2↦0.5762773752212524),(Vehicles3↦1.7059481143951416),(Vehicles4↦0.49188852310180664),(Vehicles5↦0.7977285981178284)}",
        "VehiclesVx": "{(EgoVehicle↦25.06277322769165),(Vehicles2↦-5.270069241523743),(Vehicles3↦-6.437637805938721),(Vehicles4↦-4.002315104007721),(Vehicles5↦-4.040977954864502)}",
        "VehiclesY": "{(EgoVehicle↦3.6554031372070312),(Vehicles2↦-3.6550920009613037),(Vehicles3↦0.43259820342063904),(Vehicles4↦4.344597101211548),(Vehicles5↦0.34458623081445694)}",
        "VehiclesVy": "{(EgoVehicle↦1.0910258442163467),(Vehicles2↦-1.0919252783060074),(Vehicles3↦-1.3410833477973938),(Vehicles4↦-1.0910258442163467),(Vehicles5↦-1.090993732213974)}",
        "VehiclesX": "{(EgoVehicle↦200.0),(Vehicles2↦6.1516184359788895),(Vehicles3↦21.119676530361176),(Vehicles4↦65.0128424167633),(Vehicles5↦80.91400861740112)}"
      },
      "probabilisticVariables": null,
      "activating": [
        "FASTER_7"
      ],
      "activatingOnlyWhenExecuted": true,
      "updating": null,
      "withPredicate": null
    },
    {
      "id": "FASTER_7",
      "execute": "FASTER",
      "after": "1000",
      "priority": 0,
      "additionalGuards": null,
      "activationKind": null,
      "fixedVariables": {
        "Crash": "FALSE",
        "VehiclesAy": "{(EgoVehicle↦-1.0634539928287268),(Vehicles2↦1.0642961668781936),(Vehicles3↦1.2959824269637465),(Vehicles4↦1.0634539928287268),(Vehicles5↦-1.118563807103783)}",
        "Reward": "0.9494118147312487",
        "VehiclesAx": "{(EgoVehicle↦4.290170669555664),(Vehicles2↦-4.299673438072205),(Vehicles3↦-3.7416839599609375),(Vehicles4↦-4.35329407453537),(Vehicles5↦-4.223142862319946)}",
        "VehiclesVx": "{(EgoVehicle↦29.352943897247314),(Vehicles2↦-9.569742679595947),(Vehicles3↦-10.179321765899658),(Vehicles4↦-8.35560917854309),(Vehicles5↦-8.264120817184448)}",
        "VehiclesY": "{(EgoVehicle↦3.9933797121047974),(Vehicles2↦-3.993359684944153),(Vehicles3↦0.01273526530712843),(Vehicles4↦4.006620526313782),(Vehicles5↦0.006619808496907353)}",
        "VehiclesVy": "{(EgoVehicle↦0.027571851387619972),(Vehicles2↦-0.02762911142781377),(Vehicles3↦-0.04510092083364725),(Vehicles4↦-0.027571851387619972),(Vehicles5↦-0.027570074889808893)}",
        "VehiclesX": "{(EgoVehicle↦200.0),(Vehicles2↦-1.4964094385504723),(Vehicles3↦12.547993659973145),(Vehicles4↦58.609557151794434),(Vehicles5↦74.53373074531555)}"
      },
      "probabilisticVariables": null,
      "activating": [
        "LANE_RIGHT_8"
      ],
      "activatingOnlyWhenExecuted": true,
      "updating": null,
      "withPredicate": null
    },
    {
      "id": "LANE_RIGHT_8",
      "execute": "LANE_RIGHT",
      "after": "1000",
      "priority": 0,
      "additionalGuards": null,
      "activationKind": null,
      "fixedVariables": {
        "Crash": "FALSE",
        "VehiclesAy": "{(EgoVehicle↦0.9908202942460775),(Vehicles2↦-0.9919341909699142),(Vehicles3↦-0.9732912248000503),(Vehicles4↦-0.9908202197402716),(Vehicles5↦-1.0459622205235064)}",
        "Reward": "0.9972654112741566",
        "VehiclesAx": "{(EgoVehicle↦0.5445098876953125),(Vehicles2↦-0.8072912693023682),(Vehicles3↦1.235852837562561),(Vehicles4↦-0.4503065347671509),(Vehicles5↦-2.9211294651031494)}",
        "VehiclesVx": "{(EgoVehicle↦29.897453784942627),(Vehicles2↦-10.377033948898315),(Vehicles3↦-8.943468928337097),(Vehicles4↦-8.805915713310242),(Vehicles5↦-11.185250282287598)}",
        "VehiclesY": "{(EgoVehicle↦7.7079620361328125),(Vehicles2↦-3.707555651664734),(Vehicles3↦0.292038157582283),(Vehicles4↦-3.707961916923523),(Vehicles5↦-7.7079620361328125)}",
        "VehiclesVy": "{(EgoVehicle↦1.0183921456336975),(Vehicles2↦-1.019563302397728),(Vehicles3↦-1.0183921456336975),(Vehicles4↦-1.0183920711278915),(Vehicles5↦-1.0183921456336975)}",
        "VehiclesX": "{(EgoVehicle↦200.0),(Vehicles2↦2.4918943643569946),(Vehicles3↦50.20722150802612),(Vehicles4↦66.24563336372375),(Vehicles5↦76.76687240600586)}"
      },
      "probabilisticVariables": null,
      "activating": [
        "FASTER_9"
      ],
      "activatingOnlyWhenExecuted": true,
      "updating": null,
      "withPredicate": null
    },
    {
      "id": "FASTER_9",
      "execute": "FASTER",
      "after": "1000",
      "priority": 0,
      "additionalGuards": null,
      "activationKind": null,
      "fixedVariables": {
        "Crash": "FALSE",
        "VehiclesAy": "{(EgoVehicle↦-1.0029819677583873),(Vehicles2↦1.0040772275533527),(Vehicles3↦1.0029819677583873),(Vehicles4↦1.0029818990733474),(Vehicles5↦-1.0338023235090077)}",
        "Reward": "0.999700674874",
        "VehiclesAx": "{(EgoVehicle↦0.09132146835327148),(Vehicles2↦0.12724876403808594),(Vehicles3↦-0.12531816959381104),(Vehicles4↦-0.11599838733673096),(Vehicles5↦0.11959195137023926)}",
        "VehiclesVx": "{(EgoVehicle↦29.9887752532959),(Vehicles2↦-10.24978518486023),(Vehicles3↦-9.068787097930908),(Vehicles4↦-8.921914100646973),(Vehicles5↦-11.065658330917358)}",
        "VehiclesY": "{(EgoVehicle↦7.996654272079468),(Vehicles2↦-3.996627688407898),(Vehicles3↦0.003346021519973874),(Vehicles4↦-3.9966541528701782),(Vehicles5↦-7.996654272079468)}",
        "VehiclesVy": "{(EgoVehicle↦0.015410177875310183),(Vehicles2↦-0.015486074844375253),(Vehicles3↦-0.015410177875310183),(Vehicles4↦-0.015410172054544091),(Vehicles5↦-0.015410177875310183)}",
        "VehiclesX": "{(EgoVehicle↦200.0),(Vehicles2↦-7.845216244459152),(Vehicles3↦41.19422733783722),(Vehicles4↦57.37573504447937),(Vehicles5↦65.61428308486938)}"
      },
      "probabilisticVariables": null,
      "activating": [
        "SLOWER_10"
      ],
      "activatingOnlyWhenExecuted": true,
      "updating": null,
      "withPredicate": null
    },
    {
      "id": "SLOWER_10",
      "execute": "SLOWER",
      "after": "1000",
      "priority": 0,
      "additionalGuards": null,
      "activationKind": null,
      "fixedVariables": {
        "Crash": "FALSE",
        "VehiclesAy": "{(EgoVehicle↦-0.015370746468761354),(Vehicles2↦0.015446643437826424),(Vehicles3↦0.015370746768894605),(Vehicles4↦0.015370740647995262),(Vehicles5↦-0.015449609281859011)}",
        "Reward": "0.8841855623090704",
        "VehiclesAx": "{(EgoVehicle↦-4.331817626953125),(Vehicles2↦5.482750236988068),(Vehicles3↦4.443133175373077),(Vehicles4↦2.356191873550415),(Vehicles5↦5.95650851726532)}",
        "VehiclesVx": "{(EgoVehicle↦25.656957626342773),(Vehicles2↦-4.767034947872162),(Vehicles3↦-4.625653922557831),(Vehicles4↦-6.565722227096558),(Vehicles5↦-5.109149813652039)}",
        "VehiclesY": "{(EgoVehicle↦7.999995946884155),(Vehicles2↦3.712158900270879E-06),(Vehicles3↦-3.9999961853027344),(Vehicles4↦-7.999995946884155),(Vehicles5↦-7.999995946884155)}",
        "VehiclesVy": "{(EgoVehicle↦3.943140654882882E-05),(Vehicles2↦-3.943140654882882E-05),(Vehicles3↦-3.943110641557723E-05),(Vehicles4↦-3.943140654882882E-05),(Vehicles5↦-3.943140654882882E-05)}",
        "VehiclesX": "{(EgoVehicle↦200.0),(Vehicles2↦34.502917528152466),(Vehicles3↦50.8297860622406),(Vehicles4↦57.008641958236694),(Vehicles5↦108.40110778808594)}"
      },
      "probabilisticVariables": null,
      "activating": [
        "SLOWER_11"
      ],
      "activatingOnlyWhenExecuted": true,
      "updating": null,
      "withPredicate": null
    },
    {
      "id": "SLOWER_11",
      "execute": "SLOWER",
      "after": "1000",
      "priority": 0,
      "additionalGuards": null,
      "activationKind": null,
      "fixedVariables": {
        "Crash": "FALSE",
        "VehiclesAy": "{(EgoVehicle↦-4.0382191102139586E-05),(Vehicles2↦4.0382191102139586E-05),(Vehicles3↦4.0381907524533744E-05),(Vehicles4↦4.0382191102139586E-05),(Vehicles5↦-3.848062199551805E-05)}",
        "Reward": "0.75319864743724",
        "VehiclesAx": "{(EgoVehicle↦-4.912009239196777),(Vehicles2↦4.883283507078886),(Vehicles3↦4.8724046908319),(Vehicles4↦5.045721083879471),(Vehicles5↦4.816686064004898)}",
        "VehiclesVx": "{(EgoVehicle↦20.744948387145996),(Vehicles2↦0.11624855920672417),(Vehicles3↦0.24675076827406883),(Vehicles4↦-1.5200011432170868),(Vehicles5↦-0.2924637496471405)}",
        "VehiclesY": "{(EgoVehicle↦8.000000238418579),(Vehicles2↦-3.4156762751536007E-07),(Vehicles3↦-4.000000476837158),(Vehicles4↦-8.000000238418579),(Vehicles5↦-8.000000238418579)}",
        "VehiclesVy": "{(EgoVehicle↦-9.507845533107684E-07),(Vehicles2↦9.507845533107684E-07),(Vehicles3↦9.508011089565116E-07),(Vehicles4↦9.507845533107684E-07),(Vehicles5↦9.507845533107684E-07)}",
        "VehiclesX": "{(EgoVehicle↦200.0),(Vehicles2↦32.434096932411194),(Vehicles3↦48.8982230424881),(Vehicles4↦53.20858955383301),(Vehicles5↦105.96219301223755)}"
      },
      "probabilisticVariables": null,
      "activating": [
        "FASTER_12"
      ],
      "activatingOnlyWhenExecuted": true,
      "updating": null,
      "withPredicate": null
    },
    {
      "id": "FASTER_12",
      "execute": "FASTER",
      "after": "1000",
      "priority": 0,
      "additionalGuards": null,
      "activationKind": null,
      "fixedVariables": {
        "Crash": "FALSE",
        "VehiclesAy": "{(EgoVehicle↦9.016812008155739E-07),(Vehicles2↦-9.016812008155739E-07),(Vehicles3↦-9.016968327557606E-07),(Vehicles4↦-9.016812008155739E-07),(Vehicles5↦9.998879058059629E-07)}",
        "Reward": "0.851724376068553",
        "VehiclesAx": "{(EgoVehicle↦3.6947154998779297),(Vehicles2↦-3.723141085356474),(Vehicles3↦-3.7356544099748135),(Vehicles4↦-3.587818890810013),(Vehicles5↦-3.7743626534938812)}",
        "VehiclesVx": "{(EgoVehicle↦24.439663887023926),(Vehicles2↦-3.6068925261497498),(Vehicles3↦-3.4889036417007446),(Vehicles4↦-5.1078200340271),(Vehicles5↦-4.066826403141022)}",
        "VehiclesY": "{(EgoVehicle↦8.000000238418579),(Vehicles2↦-1.486584721988038E-08),(Vehicles3↦-4.0000001192092896),(Vehicles4↦-8.000000238418579),(Vehicles5↦-8.000000238418579)}",
        "VehiclesVy": "{(EgoVehicle↦-4.9103352495194486E-08),(Vehicles2↦4.9103352495194486E-08),(Vehicles3↦4.9104276200750974E-08),(Vehicles4↦4.9103352495194486E-08),(Vehicles5↦4.9103352495194486E-08)}",
        "VehiclesX": "{(EgoVehicle↦200.0),(Vehicles2↦30.50074577331543),(Vehicles3↦47.090426087379456),(Vehicles4↦49.695003032684326),(Vehicles5↦103.59852313995361)}"
      },
      "probabilisticVariables": null,
      "activating": [
        "SLOWER_13"
      ],
      "activatingOnlyWhenExecuted": true,
      "updating": null,
      "withPredicate": null
    },
    {
      "id": "SLOWER_13",
      "execute": "SLOWER",
      "after": "1000",
      "priority": 0,
      "additionalGuards": null,
      "activationKind": null,
      "fixedVariables": {
        "Crash": "FALSE",
        "VehiclesAy": "{(EgoVehicle↦4.702778610976566E-08),(Vehicles2↦-4.702778610976566E-08),(Vehicles3↦-4.702865652461696E-08),(Vehicles4↦-4.702778610976566E-08),(Vehicles5↦5.1178918880623314E-08)}",
        "Reward": "0.7489239233231565",
        "VehiclesAx": "{(EgoVehicle↦-3.8550162315368652),(Vehicles2↦3.826649487018585),(Vehicles3↦3.8138921186327934),(Vehicles4↦3.941202536225319),(Vehicles5↦3.787973504513502)}",
        "VehiclesVx": "{(EgoVehicle↦20.58464765548706),(Vehicles2↦0.21975696086883545),(Vehicles3↦0.3249884769320488),(Vehicles4↦-1.1666174978017807),(Vehicles5↦-0.2788528986275196)}",
        "VehiclesY": "{(EgoVehicle↦8.000000238418579),(Vehicles2↦-7.17195636212864E-10),(Vehicles3↦-4.0000001192092896),(Vehicles4↦-8.000000238418579),(Vehicles5↦-8.000000238418579)}",
        "VehiclesVy": "{(EgoVehicle↦-2.0755663854288287E-09),(Vehicles2↦2.0755663854288287E-09),(Vehicles3↦2.0756196761340107E-09),(Vehicles4↦2.0755663854288287E-09),(Vehicles5↦2.0755663854288287E-09)}",
        "VehiclesX": "{(EgoVehicle↦200.0),(Vehicles2↦29.009154438972473),(Vehicles3↦45.711711049079895),(Vehicles4↦46.74976170063019),(Vehicles5↦101.63064002990723)}"
      },
      "probabilisticVariables": null,
      "activating": [
        "SLOWER_14"
      ],
      "activatingOnlyWhenExecuted": true,
      "updating": null,
      "withPredicate": null
    },
    {
      "id": "SLOWER_14",
      "execute": "SLOWER",
      "after": "1000",
      "priority": 0,
      "additionalGuards": null,
      "activationKind": null,
      "fixedVariables": {
        "Crash": "FALSE",
        "VehiclesAy": "{(EgoVehicle↦1.9480417279282847E-09),(Vehicles2↦-1.9480417279282847E-09),(Vehicles3↦-1.9480950186334667E-09),(Vehicles4↦-1.9480417279282847E-09),(Vehicles5↦2.2030910429293726E-09)}",
        "Reward": "0.7353864151426928",
        "VehiclesAx": "{(EgoVehicle↦-0.507657527923584),(Vehicles2↦0.4794737696647644),(Vehicles3↦-0.9137828648090363),(Vehicles4↦1.9585780799388885),(Vehicles5↦0.45085448771715164)}",
        "VehiclesVx": "{(EgoVehicle↦20.076990127563477),(Vehicles2↦0.6992307305335999),(Vehicles3↦-0.5887943878769875),(Vehicles4↦0.7919605821371078),(Vehicles5↦0.17200158908963203)}",
        "VehiclesY": "{(EgoVehicle↦8.000000238418579),(Vehicles2↦-4.3943515493083396E-11),(Vehicles3↦-8.000000238418579),(Vehicles4↦-4.0000001192092896),(Vehicles5↦-8.000000238418579)}",
        "VehiclesVy": "{(EgoVehicle↦-1.2752465750054398E-10),(Vehicles2↦1.2752465750054398E-10),(Vehicles3↦1.2752465750054398E-10),(Vehicles4↦1.2752465750054398E-10),(Vehicles5↦1.2752465750054398E-10)}",
        "VehiclesX": "{(EgoVehicle↦200.0),(Vehicles2↦29.497668147087097),(Vehicles3↦45.8923876285553),(Vehicles4↦46.30042314529419),(Vehicles5↦101.60837173461914)}"
      },
      "probabilisticVariables": null,
      "activating": [
        "SLOWER_15"
      ],
      "activatingOnlyWhenExecuted": true,
      "updating": null,
      "withPredicate": null
    },
    {
      "id": "SLOWER_15",
      "execute": "SLOWER",
      "after": "1000",
      "priority": 0,
      "additionalGuards": null,
      "activationKind": null,
      "fixedVariables": {
        "Crash": "FALSE",
        "VehiclesAy": "{(EgoVehicle↦1.1961098778101587E-10),(Vehicles2↦-1.1960210599681886E-10),(Vehicles3↦-1.1960210599681886E-10),(Vehicles4↦-1.1960210599681886E-10),(Vehicles5↦1.354472090042691E-10)}",
        "Reward": "0.7336036980160473",
        "VehiclesAx": "{(EgoVehicle↦-0.06685256958007812),(Vehicles2↦0.03911159932613373),(Vehicles3↦0.12454818934202194),(Vehicles4↦0.027072876691818237),(Vehicles5↦0.01856289803981781)}",
        "VehiclesVx": "{(EgoVehicle↦20.0101375579834),(Vehicles2↦0.7383423298597336),(Vehicles3↦-0.4642461985349655),(Vehicles4↦0.8190334588289261),(Vehicles5↦0.19056448712944984)}",
        "VehiclesY": "{(EgoVehicle↦8.000000238418579),(Vehicles2↦-2.729816372948335E-12),(Vehicles3↦-8.000000238418579),(Vehicles4↦-4.0000001192092896),(Vehicles5↦-8.000000238418579)}",
        "VehiclesVy": "{(EgoVehicle↦-7.913669719528116E-12),(Vehicles2↦7.922551503725117E-12),(Vehicles3↦7.922551503725117E-12),(Vehicles4↦7.922551503725117E-12),(Vehicles5↦7.922551503725117E-12)}",
        "VehiclesX": "{(EgoVehicle↦200.0),(Vehicles2↦30.222633481025696),(Vehicles3↦45.36443054676056),(Vehicles4↦47.11326360702515),(Vehicles5↦101.79731845855713)}"
      },
      "probabilisticVariables": null,
      "activating": [
        "SLOWER_16"
      ],
      "activatingOnlyWhenExecuted": true,
      "updating": null,
      "withPredicate": null
    },
    {
      "id": "SLOWER_16",
      "execute": "SLOWER",
      "after": "1000",
      "priority": 0,
      "additionalGuards": null,
      "activationKind": null,
      "fixedVariables": {
        "Crash": "FALSE",
        "VehiclesAy": "{(EgoVehicle↦7.416289804496046E-12),(Vehicles2↦-7.425171588693047E-12),(Vehicles3↦-7.425171588693047E-12),(Vehicles4↦-7.425171588693047E-12),(Vehicles5↦8.419931418757187E-12)}",
        "Reward": "0.73336893691295",
        "VehiclesAx": "{(EgoVehicle↦-0.008802413940429688),(Vehicles2↦-0.01822054386138916),(Vehicles3↦0.05671840161085129),(Vehicles4↦-0.02966947853565216),(Vehicles5↦-0.03221804276108742)}",
        "VehiclesVx": "{(EgoVehicle↦20.00133514404297),(Vehicles2↦0.7201217859983444),(Vehicles3↦-0.4075277969241142),(Vehicles4↦0.7893639802932739),(Vehicles5↦0.15834644436836243)}",
        "VehiclesY": "{(EgoVehicle↦8.000000238418579),(Vehicles2↦-1.7053025658242404E-13),(Vehicles3↦-8.000000238418579),(Vehicles4↦-4.0000001192092896),(Vehicles5↦-8.000000238418579)}",
        "VehiclesVy": "{(EgoVehicle↦-4.973799150320701E-13),(Vehicles2↦4.973799150320701E-13),(Vehicles3↦4.973799150320701E-13),(Vehicles4↦4.973799150320701E-13),(Vehicles5↦4.973799150320701E-13)}",
        "VehiclesX": "{(EgoVehicle↦200.0),(Vehicles2↦30.954957008361816),(Vehicles3↦44.92489993572235),(Vehicles4↦47.921645641326904),(Vehicles5↦101.9757866859436)}"
      },
      "probabilisticVariables": null,
      "activating": [
        "SLOWER_17"
      ],
      "activatingOnlyWhenExecuted": true,
      "updating": null,
      "withPredicate": null
    },
    {
      "id": "SLOWER_17",
      "execute": "SLOWER",
      "after": "1000",
      "priority": 0,
      "additionalGuards": null,
      "activationKind": null,
      "fixedVariables": {
        "Crash": "FALSE",
        "VehiclesAy": "{(EgoVehicle↦4.707345624410664E-13),(Vehicles2↦-4.618527782440651E-13),(Vehicles3↦-4.618527782440651E-13),(Vehicles4↦-4.618527782440651E-13),(Vehicles5↦5.329070518200751E-13)}",
        "Reward": "0.7333380218705668",
        "VehiclesAx": "{(EgoVehicle↦-0.0011587142944335938),(Vehicles2↦-0.024909228086471558),(Vehicles3↦0.041349828243255615),(Vehicles4↦-0.03566130995750427),(Vehicles5↦-0.03350382670760155)}",
        "VehiclesVx": "{(EgoVehicle↦20.000176429748535),(Vehicles2↦0.6952125579118729),(Vehicles3↦-0.3661779686808586),(Vehicles4↦0.7537026703357697),(Vehicles5↦0.12484261766076088)}",
        "VehiclesY": "{(EgoVehicle↦8.000000238418579),(Vehicles2↦-1.199040866595169E-14),(Vehicles3↦-8.000000238418579),(Vehicles4↦-4.0000001192092896),(Vehicles5↦-8.000000238418579)}",
        "VehiclesVy": "{(EgoVehicle↦-2.6645352591003757E-14),(Vehicles2↦3.552713678800501E-14),(Vehicles3↦3.552713678800501E-14),(Vehicles4↦3.552713678800501E-14),(Vehicles5↦3.552713678800501E-14)}",
        "VehiclesX": "{(EgoVehicle↦200.0),(Vehicles2↦31.66520595550537),(Vehicles3↦44.53463554382324),(Vehicles4↦48.69677424430847),(Vehicles5↦102.12042331695557)}"
      },
      "probabilisticVariables": null,
      "activating": [
        "SLOWER_18"
      ],
      "activatingOnlyWhenExecuted": true,
      "updating": null,
      "withPredicate": null
    },
    {
      "id": "SLOWER_18",
      "execute": "SLOWER",
      "after": "1000",
      "priority": 0,
      "additionalGuards": null,
      "activationKind": null,
      "fixedVariables": {
        "Crash": "FALSE",
        "VehiclesAy": "{(EgoVehicle↦2.6645352591003757E-14),(Vehicles2↦-3.552713678800501E-14),(Vehicles3↦-3.552713678800501E-14),(Vehicles4↦-3.552713678800501E-14),(Vehicles5↦3.552713678800501E-14)}",
        "Reward": "0.7333339507538743",
        "VehiclesAx": "{(EgoVehicle↦-0.000152587890625),(Vehicles2↦-0.02477206289768219),(Vehicles3↦0.034213513135910034),(Vehicles4↦-0.0347311794757843),(Vehicles5↦-0.028839288279414177)}",
        "VehiclesVx": "{(EgoVehicle↦20.00002384185791),(Vehicles2↦0.6704404950141907),(Vehicles3↦-0.3319644555449486),(Vehicles4↦0.7189714908599854),(Vehicles5↦0.0960033293813467)}",
        "VehiclesY": "{(EgoVehicle↦8.000000238418579),(Vehicles2↦0.0),(Vehicles3↦-8.000000238418579),(Vehicles4↦-4.0000001192092896),(Vehicles5↦-8.000000238418579)}",
        "VehiclesVy": "{(EgoVehicle↦0.0),(Vehicles2↦0.0),(Vehicles3↦0.0),(Vehicles4↦0.0),(Vehicles5↦0.0)}",
        "VehiclesX": "{(EgoVehicle↦200.0),(Vehicles2↦32.35043287277222),(Vehicles3↦44.18260157108307),(Vehicles4↦49.43644404411316),(Vehicles5↦102.23332643508911)}"
      },
      "probabilisticVariables": null,
      "activating": [
        "SLOWER_19"
      ],
      "activatingOnlyWhenExecuted": true,
      "updating": null,
      "withPredicate": null
    },
    {
      "id": "SLOWER_19",
      "execute": "SLOWER",
      "after": "1000",
      "priority": 0,
      "additionalGuards": null,
      "activationKind": null,
      "fixedVariables": {
        "Crash": "FALSE",
        "VehiclesAy": "{(EgoVehicle↦0.0),(Vehicles2↦0.0),(Vehicles3↦0.0),(Vehicles4↦0.0),(Vehicles5↦0.0)}",
        "Reward": "0.733333414639742",
        "VehiclesAx": "{(EgoVehicle↦-2.1457672119140625E-05),(Vehicles2↦-0.023623555898666382),(Vehicles3↦0.029204655438661575),(Vehicles4↦-0.03270924091339111),(Vehicles5↦-0.02384789753705263)}",
        "VehiclesVx": "{(EgoVehicle↦20.00000238418579),(Vehicles2↦0.6468169391155243),(Vehicles3↦-0.302759800106287),(Vehicles4↦0.6862622499465942),(Vehicles5↦0.07215543184429407)}",
        "VehiclesY": "{(EgoVehicle↦8.000000238418579),(Vehicles2↦0.0),(Vehicles3↦-8.000000238418579),(Vehicles4↦-4.0000001192092896),(Vehicles5↦-8.000000238418579)}",
        "VehiclesVy": "{(EgoVehicle↦0.0),(Vehicles2↦0.0),(Vehicles3↦0.0),(Vehicles4↦0.0),(Vehicles5↦0.0)}",
        "VehiclesX": "{(EgoVehicle↦200.0),(Vehicles2↦33.01132023334503),(Vehicles3↦43.86267066001892),(Vehicles4↦50.14215707778931),(Vehicles5↦102.31940746307373)}"
      },
      "probabilisticVariables": null,
      "activating": [
        "SLOWER_20"
      ],
      "activatingOnlyWhenExecuted": true,
      "updating": null,
      "withPredicate": null
    },
    {
      "id": "SLOWER_20",
      "execute": "SLOWER",
      "after": "1000",
      "priority": 0,
      "additionalGuards": null,
      "activationKind": null,
      "fixedVariables": {
        "Crash": "FALSE",
        "VehiclesAy": "{(EgoVehicle↦0.0),(Vehicles2↦0.0),(Vehicles3↦0.0),(Vehicles4↦0.0),(Vehicles5↦0.0)}",
        "Reward": "0.7333333440403501",
        "VehiclesAx": "{(EgoVehicle↦-2.384185791015625E-06),(Vehicles2↦-0.022267811000347137),(Vehicles3↦0.025308094918727875),(Vehicles4↦-0.03041975200176239),(Vehicles5↦-0.01920292153954506)}",
        "VehiclesVx": "{(EgoVehicle↦20.0),(Vehicles2↦0.6245491281151772),(Vehicles3↦-0.27745170518755913),(Vehicles4↦0.6558424979448318),(Vehicles5↦0.05295251030474901)}",
        "VehiclesY": "{(EgoVehicle↦8.000000238418579),(Vehicles2↦0.0),(Vehicles3↦-8.000000238418579),(Vehicles4↦-4.0000001192092896),(Vehicles5↦-8.000000238418579)}",
        "VehiclesVy": "{(EgoVehicle↦0.0),(Vehicles2↦0.0),(Vehicles3↦0.0),(Vehicles4↦0.0),(Vehicles5↦0.0)}",
        "VehiclesX": "{(EgoVehicle↦200.0),(Vehicles2↦33.6491197347641),(Vehicles3↦43.57030987739563),(Vehicles4↦50.81605911254883),(Vehicles5↦102.38351821899414)}"
      },
      "probabilisticVariables": null,
      "activating": [
        "FASTER_21"
      ],
      "activatingOnlyWhenExecuted": true,
      "updating": null,
      "withPredicate": null
    },
    {
      "id": "FASTER_21",
      "execute": "FASTER",
      "after": "1000",
      "priority": 0,
      "additionalGuards": null,
      "activationKind": null,
      "fixedVariables": {
        "Crash": "FALSE",
        "VehiclesAy": "{(EgoVehicle↦0.0),(Vehicles2↦0.0),(Vehicles3↦0.0),(Vehicles4↦0.0),(Vehicles5↦0.0)}",
        "Reward": "0.8491083690368636",
        "VehiclesAx": "{(EgoVehicle↦4.341564178466797),(Vehicles2↦-4.362405277788639),(Vehicles3↦-4.319335985928774),(Vehicles4↦-4.369585290551186),(Vehicles5↦-4.3565160455182195)}",
        "VehiclesVx": "{(EgoVehicle↦24.341564178466797),(Vehicles2↦-3.737856149673462),(Vehicles3↦-4.596787691116333),(Vehicles4↦-3.7137427926063538),(Vehicles5↦-4.3035635352134705)}",
        "VehiclesY": "{(EgoVehicle↦8.000000238418579),(Vehicles2↦0.0),(Vehicles3↦-8.000000238418579),(Vehicles4↦-4.0000001192092896),(Vehicles5↦-8.000000238418579)}",
        "VehiclesVy": "{(EgoVehicle↦0.0),(Vehicles2↦0.0),(Vehicles3↦0.0),(Vehicles4↦0.0),(Vehicles5↦0.0)}",
        "VehiclesX": "{(EgoVehicle↦200.0),(Vehicles2↦31.870153546333313),(Vehicles3↦40.90690612792969),(Vehicles4↦49.06543791294098),(Vehicles5↦100.0351071357727)}"
      },
      "probabilisticVariables": null,
      "activating": [
        "SLOWER_22"
      ],
      "activatingOnlyWhenExecuted": true,
      "updating": null,
      "withPredicate": null
    },
    {
      "id": "SLOWER_22",
      "execute": "SLOWER",
      "after": "1000",
      "priority": 0,
      "additionalGuards": null,
      "activationKind": null,
      "fixedVariables": {
        "Crash": "FALSE",
        "VehiclesAy": "{(EgoVehicle↦0.0),(Vehicles2↦0.0),(Vehicles3↦0.0),(Vehicles4↦0.0),(Vehicles5↦0.0)}",
        "Reward": "0.7485794285700123",
        "VehiclesAx": "{(EgoVehicle↦-3.76983642578125),(Vehicles2↦3.7504485121462494),(Vehicles3↦3.7896323949098587),(Vehicles4↦3.7442564172670245),(Vehicles5↦3.7587587907910347)}",
        "VehiclesVx": "{(EgoVehicle↦20.571727752685547),(Vehicles2↦0.0125923624727875),(Vehicles3↦-0.8071552962064743),(Vehicles4↦0.030513624660670757),(Vehicles5↦-0.5448047444224358)}",
        "VehiclesY": "{(EgoVehicle↦8.000000238418579),(Vehicles2↦-1.3322676295501878E-15),(Vehicles3↦-8.000000238418579),(Vehicles4↦-4.0000001192092896),(Vehicles5↦-8.000000238418579)}",
        "VehiclesVy": "{(EgoVehicle↦0.0),(Vehicles2↦0.0),(Vehicles3↦0.0),(Vehicles4↦0.0),(Vehicles5↦0.0)}",
        "VehiclesX": "{(EgoVehicle↦200.0),(Vehicles2↦30.204090476036072),(Vehicles3↦38.39786946773529),(Vehicles4↦47.42093086242676),(Vehicles5↦97.8064775466919)}"
      },
      "probabilisticVariables": null,
      "activating": [
        "SLOWER_23"
      ],
      "activatingOnlyWhenExecuted": true,
      "updating": null,
      "withPredicate": null
    },
    {
      "id": "SLOWER_23",
      "execute": "SLOWER",
      "after": "1000",
      "priority": 0,
      "additionalGuards": null,
      "activationKind": null,
      "fixedVariables": {
        "Crash": "FALSE",
        "VehiclesAy": "{(EgoVehicle↦0.0),(Vehicles2↦0.0),(Vehicles3↦0.0),(Vehicles4↦0.0),(Vehicles5↦0.0)}",
        "Reward": "0.7353410495784928",
        "VehiclesAx": "{(EgoVehicle↦-0.49643754959106445),(Vehicles2↦0.47851064591668546),(Vehicles3↦0.5143324844539165),(Vehicles4↦0.4733038367703557),(Vehicles5↦0.48888404853641987)}",
        "VehiclesVx": "{(EgoVehicle↦20.075290203094482),(Vehicles2↦0.49110300838947296),(Vehicles3↦-0.29282281175255775),(Vehicles4↦0.5038174614310265),(Vehicles5↦-0.05592069588601589)}",
        "VehiclesY": "{(EgoVehicle↦8.000000238418579),(Vehicles2↦0.0),(Vehicles3↦-8.000000238418579),(Vehicles4↦-4.0000001192092896),(Vehicles5↦-8.000000238418579)}",
        "VehiclesVy": "{(EgoVehicle↦0.0),(Vehicles2↦0.0),(Vehicles3↦0.0),(Vehicles4↦0.0),(Vehicles5↦0.0)}",
        "VehiclesX": "{(EgoVehicle↦200.0),(Vehicles2↦30.48325777053833),(Vehicles3↦37.87187039852142),(Vehicles4↦47.71586060523987),(Vehicles5↦97.53224849700928)}"
      },
      "probabilisticVariables": null,
      "activating": [
        "SLOWER_24"
      ],
      "activatingOnlyWhenExecuted": true,
      "updating": null,
      "withPredicate": null
    },
    {
      "id": "SLOWER_24",
      "execute": "SLOWER",
      "after": "1000",
      "priority": 0,
      "additionalGuards": null,
      "activationKind": null,
      "fixedVariables": {
        "Crash": "FALSE",
        "VehiclesAy": "{(EgoVehicle↦0.0),(Vehicles2↦0.0),(Vehicles3↦0.0),(Vehicles4↦0.0),(Vehicles5↦0.0)}",
        "Reward": "0.7335977239499799",
        "VehiclesAx": "{(EgoVehicle↦-0.06537437438964844),(Vehicles2↦0.0488903746008873),(Vehicles3↦0.08179213851690292),(Vehicles4↦0.04464887082576752),(Vehicles5↦0.06100381608121097)}",
        "VehiclesVx": "{(EgoVehicle↦20.009915828704834),(Vehicles2↦0.5399933829903603),(Vehicles3↦-0.21103067323565483),(Vehicles4↦0.548466332256794),(Vehicles5↦0.005083120195195079)}",
        "VehiclesY": "{(EgoVehicle↦8.000000238418579),(Vehicles2↦0.0),(Vehicles3↦-8.000000238418579),(Vehicles4↦-4.0000001192092896),(Vehicles5↦-8.000000238418579)}",
        "VehiclesVy": "{(EgoVehicle↦0.0),(Vehicles2↦0.0),(Vehicles3↦0.0),(Vehicles4↦0.0),(Vehicles5↦0.0)}",
        "VehiclesX": "{(EgoVehicle↦200.0),(Vehicles2↦31.003719568252563),(Vehicles3↦37.62178421020508),(Vehicles4↦48.247262835502625),(Vehicles5↦97.5104033946991)}"
      },
      "probabilisticVariables": null,
      "activating": [
        "SLOWER_25"
      ],
      "activatingOnlyWhenExecuted": true,
      "updating": null,
      "withPredicate": null
    },
    {
      "id": "SLOWER_25",
      "execute": "SLOWER",
      "after": "1000",
      "priority": 0,
      "additionalGuards": null,
      "activationKind": null,
      "fixedVariables": {
        "Crash": "FALSE",
        "VehiclesAy": "{(EgoVehicle↦0.0),(Vehicles2↦0.0),(Vehicles3↦0.0),(Vehicles4↦0.0),(Vehicles5↦0.0)}",
        "Reward": "0.7333681502046612",
        "VehiclesAx": "{(EgoVehicle↦-0.008609294891357422),(Vehicles2↦-0.006458833813667297),(Vehicles3↦0.023898594081401825),(Vehicles4↦-0.009768046438694),(Vehicles5↦0.007101497612893581)}",
        "VehiclesVx": "{(EgoVehicle↦20.001306533813477),(Vehicles2↦0.533534549176693),(Vehicles3↦-0.187132079154253),(Vehicles4↦0.5386982858181),(Vehicles5↦0.01218461780808866)}",
        "VehiclesY": "{(EgoVehicle↦8.000000238418579),(Vehicles2↦0.0),(Vehicles3↦-8.000000238418579),(Vehicles4↦-4.0000001192092896),(Vehicles5↦-8.000000238418579)}",
        "VehiclesVy": "{(EgoVehicle↦0.0),(Vehicles2↦0.0),(Vehicles3↦0.0),(Vehicles4↦0.0),(Vehicles5↦0.0)}",
        "VehiclesX": "{(EgoVehicle↦200.0),(Vehicles2↦31.542322039604187),(Vehicles3↦37.42169737815857),(Vehicles4↦48.792943358421326),(Vehicles5↦97.51941561698914)}"
      },
      "probabilisticVariables": null,
      "activating": [
        "SLOWER_26"
      ],
      "activatingOnlyWhenExecuted": true,
      "updating": null,
      "withPredicate": null
    },
    {
      "id": "SLOWER_26",
      "execute": "SLOWER",
      "after": "1000",
      "priority": 0,
      "additionalGuards": null,
      "activationKind": null,
      "fixedVariables": {
        "Crash": "FALSE",
        "VehiclesAy": "{(EgoVehicle↦0.0),(Vehicles2↦0.0),(Vehicles3↦0.0),(Vehicles4↦0.0),(Vehicles5↦0.0)}",
        "Reward": "0.7333379182711214",
        "VehiclesAx": "{(EgoVehicle↦-0.0011348724365234375),(Vehicles2↦-0.012555494904518127),(Vehicles3↦0.015577487647533417),(Vehicles4↦-0.014976151287555695),(Vehicles5↦0.0021851377096027136)}",
        "VehiclesVx": "{(EgoVehicle↦20.000171661376953),(Vehicles2↦0.5209790542721748),(Vehicles3↦-0.1715545915067196),(Vehicles4↦0.5237221345305443),(Vehicles5↦0.014369755517691374)}",
        "VehiclesY": "{(EgoVehicle↦8.000000238418579),(Vehicles2↦0.0),(Vehicles3↦-8.000000238418579),(Vehicles4↦-4.0000001192092896),(Vehicles5↦-8.000000238418579)}",
        "VehiclesVy": "{(EgoVehicle↦0.0),(Vehicles2↦0.0),(Vehicles3↦0.0),(Vehicles4↦0.0),(Vehicles5↦0.0)}",
        "VehiclesX": "{(EgoVehicle↦200.0),(Vehicles2↦32.07089602947235),(Vehicles3↦37.241023778915405),(Vehicles4↦49.325644969940186),(Vehicles5↦97.53245711326599)}"
      },
      "probabilisticVariables": null,
      "activating": [
        "SLOWER_27"
      ],
      "activatingOnlyWhenExecuted": true,
      "updating": null,
      "withPredicate": null
    },
    {
      "id": "SLOWER_27",
      "execute": "SLOWER",
      "after": "1000",
      "priority": 0,
      "additionalGuards": null,
      "activationKind": null,
      "fixedVariables": {
        "Crash": "FALSE",
        "VehiclesAy": "{(EgoVehicle↦0.0),(Vehicles2↦0.0),(Vehicles3↦0.0),(Vehicles4↦0.0),(Vehicles5↦0.0)}",
        "Reward": "0.733333937111149",
        "VehiclesAx": "{(EgoVehicle↦-0.00015020370483398438),(Vehicles2↦-0.012206993997097015),(Vehicles3↦0.013974811881780624),(Vehicles4↦-0.013790428638458252),(Vehicles5↦0.0034726120065897703)}",
        "VehiclesVx": "{(EgoVehicle↦20.00002145767212),(Vehicles2↦0.5087720602750778),(Vehicles3↦-0.15757977962493896),(Vehicles4↦0.509931705892086),(Vehicles5↦0.017842367524281144)}",
        "VehiclesY": "{(EgoVehicle↦8.000000238418579),(Vehicles2↦0.0),(Vehicles3↦-8.000000238418579),(Vehicles4↦-4.0000001192092896),(Vehicles5↦-8.000000238418579)}",
        "VehiclesVy": "{(EgoVehicle↦0.0),(Vehicles2↦0.0),(Vehicles3↦0.0),(Vehicles4↦0.0),(Vehicles5↦0.0)}",
        "VehiclesX": "{(EgoVehicle↦200.0),(Vehicles2↦32.58691132068634),(Vehicles3↦37.07512319087982),(Vehicles4↦49.84370470046997),(Vehicles5↦97.54806756973267)}"
      },
      "probabilisticVariables": null,
      "activating": [
        "SLOWER_28"
      ],
      "activatingOnlyWhenExecuted": true,
      "updating": null,
      "withPredicate": null
    },
    {
      "id": "SLOWER_28",
      "execute": "SLOWER",
      "after": "1000",
      "priority": 0,
      "additionalGuards": null,
      "activationKind": null,
      "fixedVariables": {
        "Crash": "FALSE",
        "VehiclesAy": "{(EgoVehicle↦0.0),(Vehicles2↦0.0),(Vehicles3↦0.0),(Vehicles4↦0.0),(Vehicles5↦0.0)}",
        "Reward": "0.7333334128431691",
        "VehiclesAx": "{(EgoVehicle↦-1.9073486328125E-05),(Vehicles2↦-0.01105528324842453),(Vehicles3↦0.013409173116087914),(Vehicles4↦-0.011858008801937103),(Vehicles5↦0.005346083780750632)}",
        "VehiclesVx": "{(EgoVehicle↦20.00000238418579),(Vehicles2↦0.4977167770266533),(Vehicles3↦-0.14417060650885105),(Vehicles4↦0.4980736970901489),(Vehicles5↦0.023188451305031776)}",
        "VehiclesY": "{(EgoVehicle↦8.000000238418579),(Vehicles2↦0.0),(Vehicles3↦-8.000000238418579),(Vehicles4↦-4.0000001192092896),(Vehicles5↦-8.000000238418579)}",
        "VehiclesVy": "{(EgoVehicle↦0.0),(Vehicles2↦0.0),(Vehicles3↦0.0),(Vehicles4↦0.0),(Vehicles5↦0.0)}",
        "VehiclesX": "{(EgoVehicle↦200.0),(Vehicles2↦33.091163635253906),(Vehicles3↦36.922940611839294),(Vehicles4↦50.348734855651855),(Vehicles5↦97.56789803504944)}"
      },
      "probabilisticVariables": null,
      "activating": [
        "SLOWER_29"
      ],
      "activatingOnlyWhenExecuted": true,
      "updating": null,
      "withPredicate": null
    },
    {
      "id": "SLOWER_29",
      "execute": "SLOWER",
      "after": "1000",
      "priority": 0,
      "additionalGuards": null,
      "activationKind": null,
      "fixedVariables": {
        "Crash": "FALSE",
        "VehiclesAy": "{(EgoVehicle↦0.0),(Vehicles2↦0.0),(Vehicles3↦0.0),(Vehicles4↦0.0),(Vehicles5↦0.0)}",
        "Reward": "0.7333333438037645",
        "VehiclesAx": "{(EgoVehicle↦-2.384185791015625E-06),(Vehicles2↦-0.0098467618227005),(Vehicles3↦0.013100700452923775),(Vehicles4↦-0.009928643703460693),(Vehicles5↦0.007082384545356035)}",
        "VehiclesVx": "{(EgoVehicle↦20.0),(Vehicles2↦0.4878700152039528),(Vehicles3↦-0.13106990605592728),(Vehicles4↦0.48814505338668823),(Vehicles5↦0.03027083585038781)}",
        "VehiclesY": "{(EgoVehicle↦8.000000238418579),(Vehicles2↦0.0),(Vehicles3↦-8.000000238418579),(Vehicles4↦-4.0000001192092896),(Vehicles5↦-8.000000238418579)}",
        "VehiclesVy": "{(EgoVehicle↦0.0),(Vehicles2↦0.0),(Vehicles3↦0.0),(Vehicles4↦0.0),(Vehicles5↦0.0)}",
        "VehiclesX": "{(EgoVehicle↦200.0),(Vehicles2↦33.584848046302795),(Vehicles3↦36.78402900695801),(Vehicles4↦50.842684507369995),(Vehicles5↦97.59379029273987)}"
      },
      "probabilisticVariables": null,
      "activating": [
        "SLOWER_30"
      ],
      "activatingOnlyWhenExecuted": true,
      "updating": null,
      "withPredicate": null
    },
    {
      "id": "SLOWER_30",
      "execute": "SLOWER",
      "after": "1000",
      "priority": 0,
      "additionalGuards": null,
      "activationKind": null,
      "fixedVariables": {
        "Crash": "FALSE",
        "VehiclesAy": "{(EgoVehicle↦0.0),(Vehicles2↦0.0),(Vehicles3↦0.0),(Vehicles4↦0.0),(Vehicles5↦0.0)}",
        "Reward": "0.7333333347121554",
        "VehiclesAx": "{(EgoVehicle↦0.0),(Vehicles2↦-0.008682049810886383),(Vehicles3↦0.012920387089252472),(Vehicles4↦-0.008104369044303894),(Vehicles5↦0.008603185415267944)}",
        "VehiclesVx": "{(EgoVehicle↦20.0),(Vehicles2↦0.4791879653930664),(Vehicles3↦-0.1181495189666748),(Vehicles4↦0.48004068434238434),(Vehicles5↦0.038874021265655756)}",
        "VehiclesY": "{(EgoVehicle↦8.000000238418579),(Vehicles2↦0.0),(Vehicles3↦-8.000000238418579),(Vehicles4↦-4.0000001192092896),(Vehicles5↦-8.000000238418579)}",
        "VehiclesVy": "{(EgoVehicle↦0.0),(Vehicles2↦0.0),(Vehicles3↦0.0),(Vehicles4↦0.0),(Vehicles5↦0.0)}",
        "VehiclesX": "{(EgoVehicle↦200.0),(Vehicles2↦34.06915366649628),(Vehicles3↦36.658138036727905),(Vehicles4↦51.32744908332825),(Vehicles5↦97.62738943099976)}"
      },
      "probabilisticVariables": null,
      "activating": [
        "SLOWER_31"
      ],
      "activatingOnlyWhenExecuted": true,
      "updating": null,
      "withPredicate": null
    },
    {
      "id": "SLOWER_31",
      "execute": "SLOWER",
      "after": "1000",
      "priority": 0,
      "additionalGuards": null,
      "activationKind": null,
      "fixedVariables": {
        "Crash": "FALSE",
        "VehiclesAy": "{(EgoVehicle↦0.0),(Vehicles2↦0.0),(Vehicles3↦0.0),(Vehicles4↦0.0),(Vehicles5↦0.0)}",
        "Reward": "0.7333333335149067",
        "VehiclesAx": "{(EgoVehicle↦0.0),(Vehicles2↦-0.007575899362564087),(Vehicles3↦0.012829406186938286),(Vehicles4↦-0.006399825215339661),(Vehicles5↦0.009915030095726252)}",
        "VehiclesVx": "{(EgoVehicle↦20.0),(Vehicles2↦0.4716120660305023),(Vehicles3↦-0.10532011277973652),(Vehicles4↦0.4736408591270447),(Vehicles5↦0.04878905136138201)}",
        "VehiclesY": "{(EgoVehicle↦8.000000238418579),(Vehicles2↦0.0),(Vehicles3↦-8.000000238418579),(Vehicles4↦-4.0000001192092896),(Vehicles5↦-8.000000238418579)}",
        "VehiclesVy": "{(EgoVehicle↦0.0),(Vehicles2↦0.0),(Vehicles3↦0.0),(Vehicles4↦0.0),(Vehicles5↦0.0)}",
        "VehiclesX": "{(EgoVehicle↦200.0),(Vehicles2↦34.54522490501404),(Vehicles3↦36.545124650001526),(Vehicles4↦51.80479884147644),(Vehicles5↦97.67013192176819)}"
      },
      "probabilisticVariables": null,
      "activating": [
        "SLOWER_32"
      ],
      "activatingOnlyWhenExecuted": true,
      "updating": null,
      "withPredicate": null
    },
    {
      "id": "SLOWER_32",
      "execute": "SLOWER",
      "after": "1000",
      "priority": 0,
      "additionalGuards": null,
      "activationKind": null,
      "fixedVariables": {
        "Crash": "FALSE",
        "VehiclesAy": "{(EgoVehicle↦0.0),(Vehicles2↦0.0),(Vehicles3↦0.0),(Vehicles4↦0.0),(Vehicles5↦0.0)}",
        "Reward": "0.7333333333572442",
        "VehiclesAx": "{(EgoVehicle↦0.0),(Vehicles2↦-0.006530843675136566),(Vehicles3↦0.01280464231967926),(Vehicles4↦-0.004816651344299316),(Vehicles5↦0.011035259813070297)}",
        "VehiclesVx": "{(EgoVehicle↦20.0),(Vehicles2↦0.46508122235536575),(Vehicles3↦-0.09251547046005726),(Vehicles4↦0.46882420778274536),(Vehicles5↦0.059824311174452305)}",
        "VehiclesY": "{(EgoVehicle↦8.000000238418579),(Vehicles2↦0.0),(Vehicles3↦-8.000000238418579),(Vehicles4↦-4.0000001192092896),(Vehicles5↦-8.000000238418579)}",
        "VehiclesVy": "{(EgoVehicle↦0.0),(Vehicles2↦0.0),(Vehicles3↦0.0),(Vehicles4↦0.0),(Vehicles5↦0.0)}",
        "VehiclesX": "{(EgoVehicle↦200.0),(Vehicles2↦35.01414358615875),(Vehicles3↦36.444926261901855),(Vehicles4↦52.27639079093933),(Vehicles5↦97.72325158119202)}"
      },
      "probabilisticVariables": null,
      "activating": [
        "SLOWER_33"
      ],
      "activatingOnlyWhenExecuted": true,
      "updating": null,
      "withPredicate": null
    },
    {
      "id": "SLOWER_33",
      "execute": "SLOWER",
      "after": "1000",
      "priority": 0,
      "additionalGuards": null,
      "activationKind": null,
      "fixedVariables": {
        "Crash": "FALSE",
        "VehiclesAy": "{(EgoVehicle↦0.0),(Vehicles2↦0.0),(Vehicles3↦0.0),(Vehicles4↦0.0),(Vehicles5↦0.0)}",
        "Reward": "0.7333333333364821",
        "VehiclesAx": "{(EgoVehicle↦0.0),(Vehicles2↦-0.005547367036342621),(Vehicles3↦0.01282818615436554),(Vehicles4↦-0.0033531710505485535),(Vehicles5↦0.011982051655650139)}",
        "VehiclesVx": "{(EgoVehicle↦20.0),(Vehicles2↦0.45953385531902313),(Vehicles3↦-0.07968728430569172),(Vehicles4↦0.4654710367321968),(Vehicles5↦0.07180636283010244)}",
        "VehiclesY": "{(EgoVehicle↦8.000000238418579),(Vehicles2↦0.0),(Vehicles3↦-8.000000238418579),(Vehicles4↦-4.0000001192092896),(Vehicles5↦-8.000000238418579)}",
        "VehiclesVy": "{(EgoVehicle↦0.0),(Vehicles2↦0.0),(Vehicles3↦0.0),(Vehicles4↦0.0),(Vehicles5↦0.0)}",
        "VehiclesX": "{(EgoVehicle↦200.0),(Vehicles2↦35.47692894935608),(Vehicles3↦36.35753691196442),(Vehicles4↦52.743762731552124),(Vehicles5↦97.78780341148376)}"
      },
      "probabilisticVariables": null,
      "activating": [
        "SLOWER_34"
      ],
      "activatingOnlyWhenExecuted": true,
      "updating": null,
      "withPredicate": null
    },
    {
      "id": "SLOWER_34",
      "execute": "SLOWER",
      "after": "1000",
      "priority": 0,
      "additionalGuards": null,
      "activationKind": null,
      "fixedVariables": {
        "Crash": "FALSE",
        "VehiclesAy": "{(EgoVehicle↦0.0),(Vehicles2↦0.0),(Vehicles3↦0.0),(Vehicles4↦0.0),(Vehicles5↦0.0)}",
        "Reward": "0.7333333333337481",
        "VehiclesAx": "{(EgoVehicle↦0.0),(Vehicles2↦-0.004624873399734497),(Vehicles3↦0.012885578908026218),(Vehicles4↦-0.002006217837333679),(Vehicles5↦0.012772888876497746)}",
        "VehiclesVx": "{(EgoVehicle↦20.0),(Vehicles2↦0.45490898191928864),(Vehicles3↦-0.0668017053976655),(Vehicles4↦0.46346481889486313),(Vehicles5↦0.08457925170660019)}",
        "VehiclesY": "{(EgoVehicle↦8.000000238418579),(Vehicles2↦0.0),(Vehicles3↦-8.000000238418579),(Vehicles4↦-4.0000001192092896),(Vehicles5↦-8.000000238418579)}",
        "VehiclesVy": "{(EgoVehicle↦0.0),(Vehicles2↦0.0),(Vehicles3↦0.0),(Vehicles4↦0.0),(Vehicles5↦0.0)}",
        "VehiclesX": "{(EgoVehicle↦200.0),(Vehicles2↦35.9345406293869),(Vehicles3↦36.28299832344055),(Vehicles4↦53.208327293395996),(Vehicles5↦97.86465764045715)}"
      },
      "probabilisticVariables": null,
      "activating": [
        "SLOWER_35"
      ],
      "activatingOnlyWhenExecuted": true,
      "updating": null,
      "withPredicate": null
    },
    {
      "id": "SLOWER_35",
      "execute": "SLOWER",
      "after": "1000",
      "priority": 0,
      "additionalGuards": null,
      "activationKind": null,
      "fixedVariables": {
        "Crash": "FALSE",
        "VehiclesAy": "{(EgoVehicle↦0.0),(Vehicles2↦0.0),(Vehicles3↦0.0),(Vehicles4↦0.0),(Vehicles5↦0.0)}",
        "Reward": "0.733333333333388",
        "VehiclesAx": "{(EgoVehicle↦0.0),(Vehicles2↦-0.5087456200271845),(Vehicles3↦0.5179482186213136),(Vehicles4↦-0.0007717311382293701),(Vehicles5↦0.013424260541796684)}",
        "VehiclesVx": "{(EgoVehicle↦20.0),(Vehicles2↦-0.05383663810789585),(Vehicles3↦0.45114651322364807),(Vehicles4↦0.46269308775663376),(Vehicles5↦0.09800351224839687)}",
        "VehiclesY": "{(EgoVehicle↦8.000000238418579),(Vehicles2↦-8.000000238418579),(Vehicles3↦0.0),(Vehicles4↦-4.0000001192092896),(Vehicles5↦-8.000000238418579)}",
        "VehiclesVy": "{(EgoVehicle↦0.0),(Vehicles2↦0.0),(Vehicles3↦0.0),(Vehicles4↦0.0),(Vehicles5↦0.0)}",
        "VehiclesX": "{(EgoVehicle↦200.0),(Vehicles2↦36.221376061439514),(Vehicles3↦36.38787865638733),(Vehicles4↦53.67138981819153),(Vehicles5↦97.95455932617188)}"
      },
      "probabilisticVariables": null,
      "activating": [
        "LANE_LEFT_36"
      ],
      "activatingOnlyWhenExecuted": true,
      "updating": null,
      "withPredicate": null
    },
    {
      "id": "LANE_LEFT_36",
      "execute": "LANE_LEFT",
      "after": "1000",
      "priority": 0,
      "additionalGuards": null,
      "activationKind": null,
      "fixedVariables": {
        "Crash": "FALSE",
        "VehiclesAy": "{(EgoVehicle↦-1.1458635330200195),(Vehicles2↦1.1458635330200195),(Vehicles3↦1.1458635330200195),(Vehicles4↦1.1458635330200195),(Vehicles5↦1.1458635330200195)}",
        "Reward": "0.7000000000000001",
        "VehiclesAx": "{(EgoVehicle↦-0.0328516960144043),(Vehicles2↦0.04590925062075257),(Vehicles3↦0.029893331229686737),(Vehicles4↦0.03320727497339249),(Vehicles5↦0.04680352285504341)}",
        "VehiclesVx": "{(EgoVehicle↦19.967148303985596),(Vehicles2↦-0.007927387487143278),(Vehicles3↦0.4810398444533348),(Vehicles4↦0.49590036273002625),(Vehicles5↦0.14480703510344028)}",
        "VehiclesY": "{(EgoVehicle↦4.396300435066223),(Vehicles2↦-4.396300435066223),(Vehicles3↦3.6036994457244873),(Vehicles4↦-0.39630044996738434),(Vehicles5↦-4.396300435066223)}",
        "VehiclesVy": "{(EgoVehicle↦-1.1458635330200195),(Vehicles2↦1.1458635330200195),(Vehicles3↦1.1458635330200195),(Vehicles4↦1.1458635330200195),(Vehicles5↦1.1458635330200195)}",
        "VehiclesX": "{(EgoVehicle↦200.0),(Vehicles2↦36.559346318244934),(Vehicles3↦37.2243732213974),(Vehicles4↦54.520732164382935),(Vehicles5↦98.44470024108887)}"
      },
      "probabilisticVariables": null,
      "activating": [
        "LANE_RIGHT_37"
      ],
      "activatingOnlyWhenExecuted": true,
      "updating": null,
      "withPredicate": null
    },
    {
      "id": "LANE_RIGHT_37",
      "execute": "LANE_RIGHT",
      "after": "1000",
      "priority": 0,
      "additionalGuards": null,
      "activationKind": null,
      "fixedVariables": {
        "Crash": "FALSE",
        "VehiclesAy": "{(EgoVehicle↦2.2204431146383286),(Vehicles2↦-2.2204431146383286),(Vehicles3↦-2.2204431146383286),(Vehicles4↦-2.2204431146383286),(Vehicles5↦0.07128395140171051)}",
        "Reward": "0.7333333333333334",
        "VehiclesAx": "{(EgoVehicle↦0.003962516784667969),(Vehicles2↦0.009191227436531335),(Vehicles3↦-0.0061749666929244995),(Vehicles4↦-0.0025832653045654297),(Vehicles5↦0.010405518114566803)}",
        "VehiclesVx": "{(EgoVehicle↦19.971110820770264),(Vehicles2↦0.001263839949388057),(Vehicles3↦0.4748648777604103),(Vehicles4↦0.4933170974254608),(Vehicles5↦0.1552125532180071)}",
        "VehiclesY": "{(EgoVehicle↦7.628213882446289),(Vehicles2↦-7.628213882446289),(Vehicles3↦0.3717864453792572),(Vehicles4↦-3.628213405609131),(Vehicles5↦-7.628213882446289)}",
        "VehiclesVy": "{(EgoVehicle↦1.074579581618309),(Vehicles2↦-1.074579581618309),(Vehicles3↦-1.074579581618309),(Vehicles4↦-1.074579581618309),(Vehicles5↦-1.074579581618309)}",
        "VehiclesX": "{(EgoVehicle↦200.0),(Vehicles2↦36.83322370052338),(Vehicles3↦37.98102140426636),(Vehicles4↦55.29365539550781),(Vehicles5↦98.87177348136902)}"
      },
      "probabilisticVariables": null,
      "activating": [
        "SLOWER_38"
      ],
      "activatingOnlyWhenExecuted": true,
      "updating": null,
      "withPredicate": null
    },
    {
      "id": "SLOWER_38",
      "execute": "SLOWER",
      "after": "1000",
      "priority": 0,
      "additionalGuards": null,
      "activationKind": null,
      "fixedVariables": {
        "Crash": "FALSE",
        "VehiclesAy": "{(EgoVehicle↦-1.0072025284171104),(Vehicles2↦1.0072025284171104),(Vehicles3↦1.0072025284171104),(Vehicles4↦1.0072025284171104),(Vehicles5↦-1.1419566348195076)}",
        "Reward": "0.7333333333333334",
        "VehiclesAx": "{(EgoVehicle↦0.028775930404663086),(Vehicles2↦-0.015524642367381603),(Vehicles3↦-0.03029514104127884),(Vehicles4↦-0.026467256247997284),(Vehicles5↦-0.014086524024605751)}",
        "VehiclesVx": "{(EgoVehicle↦19.999886751174927),(Vehicles2↦-0.014260802417993546),(Vehicles3↦0.44456973671913147),(Vehicles4↦0.46684984117746353),(Vehicles5↦0.14112602919340134)}",
        "VehiclesY": "{(EgoVehicle↦7.976800918579102),(Vehicles2↦-7.976800918579102),(Vehicles3↦0.023198737297207117),(Vehicles4↦-3.9768011569976807),(Vehicles5↦-7.976800918579102)}",
        "VehiclesVy": "{(EgoVehicle↦0.06737705320119858),(Vehicles2↦-0.06737705320119858),(Vehicles3↦-0.06737705320119858),(Vehicles4↦-0.06737705320119858),(Vehicles5↦-0.06737705320119858)}",
        "VehiclesX": "{(EgoVehicle↦200.0),(Vehicles2↦36.81554198265076),(Vehicles3↦38.4309858083725),(Vehicles4↦55.76358437538147),(Vehicles5↦99.0086019039154)}"
      },
      "probabilisticVariables": null,
      "activating": [
        "LANE_LEFT_39"
      ],
      "activatingOnlyWhenExecuted": true,
      "updating": null,
      "withPredicate": null
    },
    {
      "id": "LANE_LEFT_39",
      "execute": "LANE_LEFT",
      "after": "1000",
      "priority": 0,
      "additionalGuards": null,
      "activationKind": null,
      "fixedVariables": {
        "Crash": "FALSE",
        "VehiclesAy": "{(EgoVehicle↦-1.209077499806881),(Vehicles2↦1.209077499806881),(Vehicles3↦1.209077499806881),(Vehicles4↦1.209077499806881),(Vehicles5↦1.0743233934044838)}",
        "Reward": "0.7000000000000001",
        "VehiclesAx": "{(EgoVehicle↦-0.03250002861022949),(Vehicles2↦0.04584179259836674),(Vehicles3↦0.03161989152431488),(Vehicles4↦0.035645924508571625),(Vehicles5↦0.047423895448446274)}",
        "VehiclesVx": "{(EgoVehicle↦19.967386722564697),(Vehicles2↦0.03158099018037319),(Vehicles3↦0.47618962824344635),(Vehicles4↦0.5024957656860352),(Vehicles5↦0.1885499246418476)}",
        "VehiclesY": "{(EgoVehicle↦4.394868850708008),(Vehicles2↦-4.394868850708008),(Vehicles3↦3.6051310300827026),(Vehicles4↦-0.39486899971961975),(Vehicles5↦-4.394868850708008)}",
        "VehiclesVy": "{(EgoVehicle↦-1.1417004466056824),(Vehicles2↦1.1417004466056824),(Vehicles3↦1.1417004466056824),(Vehicles4↦1.1417004466056824),(Vehicles5↦1.1417004466056824)}",
        "VehiclesX": "{(EgoVehicle↦200.0),(Vehicles2↦37.18825578689575),(Vehicles3↦39.25679922103882),(Vehicles4↦56.61327838897705),(Vehicles5↦99.53733086585999)}"
      },
      "probabilisticVariables": null,
      "activating": [
        "FASTER_40"
      ],
      "activatingOnlyWhenExecuted": true,
      "updating": null,
      "withPredicate": null
    },
    {
      "id": "FASTER_40",
      "execute": "FASTER",
      "after": "1000",
      "priority": 0,
      "additionalGuards": null,
      "activationKind": null,
      "fixedVariables": {
        "Crash": "FALSE",
        "VehiclesAy": "{(EgoVehicle↦1.0853954683989286),(Vehicles2↦-1.0853954683989286),(Vehicles3↦-1.0853954683989286),(Vehicles4↦-1.0853954683989286),(Vehicles5↦1.198005424812436)}",
        "Reward": "0.8157732977549274",
        "VehiclesAx": "{(EgoVehicle↦4.374113082885742),(Vehicles2↦-4.360688393935561),(Vehicles3↦-4.37440313398838),(Vehicles4↦-4.370213449001312),(Vehicles5↦-4.359028209000826)}",
        "VehiclesVx": "{(EgoVehicle↦24.34149980545044),(Vehicles2↦-4.329107403755188),(Vehicles3↦-3.898213505744934),(Vehicles4↦-3.867717683315277),(Vehicles5↦-4.170478284358978)}",
        "VehiclesY": "{(EgoVehicle↦4.017002105712891),(Vehicles2↦-4.017002105712891),(Vehicles3↦3.98299777507782),(Vehicles4↦-0.017002126201987267),(Vehicles5↦-4.017002105712891)}",
        "VehiclesVy": "{(EgoVehicle↦-0.05630497820675373),(Vehicles2↦0.05630497820675373),(Vehicles3↦0.05630497820675373),(Vehicles4↦0.05630497820675373),(Vehicles5↦0.05630497820675373)}",
        "VehiclesX": "{(EgoVehicle↦200.0),(Vehicles2↦34.80280339717865),(Vehicles3↦37.31043338775635),(Vehicles4↦54.69487905502319),(Vehicles5↦97.30950593948364)}"
      },
      "probabilisticVariables": null,
      "activating": [
        "LANE_RIGHT_41"
      ],
      "activatingOnlyWhenExecuted": true,
      "updating": null,
      "withPredicate": null
    },
    {
      "id": "LANE_RIGHT_41",
      "execute": "LANE_RIGHT",
      "after": "1000",
      "priority": 0,
      "additionalGuards": null,
      "activationKind": null,
      "fixedVariables": {
        "Crash": "FALSE",
        "VehiclesAy": "{(EgoVehicle↦1.121648522093892),(Vehicles2↦-1.121648522093892),(Vehicles3↦-1.121648522093892),(Vehicles4↦-1.121648522093892),(Vehicles5↦-1.0090385656803846)}",
        "Reward": "0.8637467676854321",
        "VehiclesAx": "{(EgoVehicle↦0.549004077911377),(Vehicles2↦-0.5355110764503479),(Vehicles3↦-0.5487543344497681),(Vehicles4↦-0.5444318056106567),(Vehicles5↦-0.5338257551193237)}",
        "VehiclesVx": "{(EgoVehicle↦24.890503883361816),(Vehicles2↦-4.864618480205536),(Vehicles3↦-4.446967840194702),(Vehicles4↦-4.412149488925934),(Vehicles5↦-4.704304039478302)}",
        "VehiclesY": "{(EgoVehicle↦7.665380001068115),(Vehicles2↦-7.665380001068115),(Vehicles3↦0.3346198797225952),(Vehicles4↦-3.6653802394866943),(Vehicles5↦-7.665380001068115)}",
        "VehiclesVy": "{(EgoVehicle↦1.0653435438871384),(Vehicles2↦-1.0653435438871384),(Vehicles3↦-1.0653435438871384),(Vehicles4↦-1.0653435438871384),(Vehicles5↦-1.0653435438871384)}",
        "VehiclesX": "{(EgoVehicle↦200.0),(Vehicles2↦30.48686385154724),(Vehicles3↦33.42005014419556),(Vehicles4↦50.8367121219635),(Vehicles5↦93.15286874771118)}"
      },
      "probabilisticVariables": null,
      "activating": [
        "IDLE_42"
      ],
      "activatingOnlyWhenExecuted": true,
      "updating": null,
      "withPredicate": null
    },
    {
      "id": "IDLE_42",
      "execute": "IDLE",
      "after": "1000",
      "priority": 0,
      "additionalGuards": null,
      "activationKind": null,
      "fixedVariables": {
        "Crash": "FALSE",
        "VehiclesAy": "{(EgoVehicle↦-1.0278870607726276),(Vehicles2↦1.0278870607726276),(Vehicles3↦1.0278870607726276),(Vehicles4↦1.0278870607726276),(Vehicles5↦-1.1028000270016491)}",
        "Reward": "0.8663614302959702",
        "VehiclesAx": "{(EgoVehicle↦0.09804964065551758),(Vehicles2↦-0.08449792861938477),(Vehicles3↦-0.09730249643325806),(Vehicles4↦-0.09287506341934204),(Vehicles5↦-0.08283138275146484)}",
        "VehiclesVx": "{(EgoVehicle↦24.988553524017334),(Vehicles2↦-4.949116408824921),(Vehicles3↦-4.54427033662796),(Vehicles4↦-4.505024552345276),(Vehicles5↦-4.787135422229767)}",
        "VehiclesY": "{(EgoVehicle↦7.988702058792114),(Vehicles2↦-7.988702058792114),(Vehicles3↦0.01129802386276424),(Vehicles4↦-3.9887019395828247),(Vehicles5↦-7.988702058792114)}",
        "VehiclesVy": "{(EgoVehicle↦0.037456483114510775),(Vehicles2↦-0.037456483114510775),(Vehicles3↦-0.037456483114510775),(Vehicles4↦-0.037456483114510775),(Vehicles5↦-0.037456483114510775)}",
        "VehiclesX": "{(EgoVehicle↦200.0),(Vehicles2↦25.566941499710083),(Vehicles3↦28.912624716758728),(Vehicles4↦46.36586904525757),(Vehicles5↦88.39393258094788)}"
      },
      "probabilisticVariables": null,
      "activating": [
        "IDLE_43"
      ],
      "activatingOnlyWhenExecuted": true,
      "updating": null,
      "withPredicate": null
    },
    {
      "id": "IDLE_43",
      "execute": "IDLE",
      "after": "1000",
      "priority": 0,
      "additionalGuards": null,
      "activationKind": null,
      "fixedVariables": {
        "Crash": "FALSE",
        "VehiclesAy": "{(EgoVehicle↦-0.03626893325417768),(Vehicles2↦0.03626893325417768),(Vehicles3↦0.03626893325417768),(Vehicles4↦0.03626893325417768),(Vehicles5↦-0.03864403297484387)}",
        "Reward": "0.8666265687598319",
        "VehiclesAx": "{(EgoVehicle↦0.009942054748535156),(Vehicles2↦0.0036519765853881836),(Vehicles3↦-0.008741617202758789),(Vehicles4↦-0.004234015941619873),(Vehicles5↦0.005265474319458008)}",
        "VehiclesVx": "{(EgoVehicle↦24.99849557876587),(Vehicles2↦-4.9454644322395325),(Vehicles3↦-4.553011953830719),(Vehicles4↦-4.509258568286896),(Vehicles5↦-4.781869947910309)}",
        "VehiclesY": "{(EgoVehicle↦7.999643325805664),(Vehicles2↦-7.999643325805664),(Vehicles3↦0.00035651602229336277),(Vehicles4↦-3.999643564224243),(Vehicles5↦-7.999643325805664)}",
        "VehiclesVy": "{(EgoVehicle↦0.0011875498603330925),(Vehicles2↦-0.0011875498603330925),(Vehicles3↦-0.0011875498603330925),(Vehicles4↦-0.0011875498603330925),(Vehicles5↦-0.0011875498603330925)}",
        "VehiclesX": "{(EgoVehicle↦200.0),(Vehicles2↦20.617768168449402),(Vehicles3↦24.363307654857635),(Vehicles4↦41.85759425163269),(Vehicles5↦83.60738754272461)}"
      },
      "probabilisticVariables": null,
      "activating": [
        "SLOWER_44"
      ],
      "activatingOnlyWhenExecuted": true,
      "updating": null,
      "withPredicate": null
    },
    {
      "id": "SLOWER_44",
      "execute": "SLOWER",
      "after": "1000",
      "priority": 0,
      "additionalGuards": null,
      "activationKind": null,
      "fixedVariables": {
        "Crash": "FALSE",
        "VehiclesAy": "{(EgoVehicle↦-0.0011392322585379588),(Vehicles2↦0.0011392322585379588),(Vehicles3↦0.0011392322585379588),(Vehicles4↦0.0011392322585379588),(Vehicles5↦-0.0012358674621282262)}",
        "Reward": "0.750886352087868",
        "VehiclesAx": "{(EgoVehicle↦-4.34025764465332),(Vehicles2↦4.353880695998669),(Vehicles3↦4.341873154044151),(Vehicles4↦4.346438888460398),(Vehicles5↦4.355414398014545)}",
        "VehiclesVx": "{(EgoVehicle↦20.65823793411255),(Vehicles2↦-0.5915837362408638),(Vehicles3↦-0.2111387997865677),(Vehicles4↦-0.16281967982649803),(Vehicles5↦-0.4264555498957634)}",
        "VehiclesY": "{(EgoVehicle↦7.999983072280884),(Vehicles2↦-7.999983072280884),(Vehicles3↦1.670148094490287E-05),(Vehicles4↦-3.999983310699463),(Vehicles5↦-7.999983072280884)}",
        "VehiclesVy": "{(EgoVehicle↦4.831760179513367E-05),(Vehicles2↦-4.831760179513367E-05),(Vehicles3↦-4.831760179513367E-05),(Vehicles4↦-4.831760179513367E-05),(Vehicles5↦-4.831760179513367E-05)}",
        "VehiclesX": "{(EgoVehicle↦200.0),(Vehicles2↦18.072092533111572),(Vehicles3↦22.205251455307007),(Vehicles4↦39.745113253593445),(Vehicles5↦81.22592568397522)}"
      },
      "probabilisticVariables": null,
      "activating": [
        "SLOWER_45"
      ],
      "activatingOnlyWhenExecuted": true,
      "updating": null,
      "withPredicate": null
    },
    {
      "id": "SLOWER_45",
      "execute": "SLOWER",
      "after": "1000",
      "priority": 0,
      "additionalGuards": null,
      "activationKind": null,
      "fixedVariables": {
        "Crash": "FALSE",
        "VehiclesAy": "{(EgoVehicle↦-4.535383737902521E-05),(Vehicles2↦4.535383737902521E-05),(Vehicles3↦4.535383737902521E-05),(Vehicles4↦4.535383737902521E-05),(Vehicles5↦-5.128136621124213E-05)}",
        "Reward": "0.7356448419760984",
        "VehiclesAx": "{(EgoVehicle↦-0.5715560913085938),(Vehicles2↦0.5851919238921255),(Vehicles3↦0.5735478550195694),(Vehicles4↦0.5781526304781437),(Vehicles5↦0.5866250023245811)}",
        "VehiclesVx": "{(EgoVehicle↦20.086681842803955),(Vehicles2↦-0.006391812348738313),(Vehicles3↦0.3624090552330017),(Vehicles4↦0.41533295065164566),(Vehicles5↦0.16016945242881775)}",
        "VehiclesY": "{(EgoVehicle↦7.9999988079071045),(Vehicles2↦-7.9999988079071045),(Vehicles3↦1.0213923360424815E-06),(Vehicles4↦-3.9999990463256836),(Vehicles5↦-7.9999988079071045)}",
        "VehiclesVy": "{(EgoVehicle↦2.963764416108461E-06),(Vehicles2↦-2.963764416108461E-06),(Vehicles3↦-2.963764416108461E-06),(Vehicles4↦-2.963764416108461E-06),(Vehicles5↦-2.963764416108461E-06)}",
        "VehiclesX": "{(EgoVehicle↦200.0),(Vehicles2↦17.80126690864563),(Vehicles3↦22.310185432434082),(Vehicles4↦39.90020453929901),(Vehicles5↦81.12081289291382)}"
      },
      "probabilisticVariables": null,
      "activating": [
        "SLOWER_46"
      ],
      "activatingOnlyWhenExecuted": true,
      "updating": null,
      "withPredicate": null
    },
    {
      "id": "SLOWER_46",
      "execute": "SLOWER",
      "after": "1000",
      "priority": 0,
      "additionalGuards": null,
      "activationKind": null,
      "fixedVariables": {
        "Crash": "FALSE",
        "VehiclesAy": "{(EgoVehicle↦-2.779592502832884E-06),(Vehicles2↦2.779592502832884E-06),(Vehicles3↦2.779592502832884E-06),(Vehicles4↦2.779592502832884E-06),(Vehicles5↦-3.147936329384038E-06)}",
        "Reward": "0.7336377295332044",
        "VehiclesAx": "{(EgoVehicle↦-0.07526636123657227),(Vehicles2↦0.08889943012036383),(Vehicles3↦0.07759902626276016),(Vehicles4↦0.08222587406635284),(Vehicles5↦0.09021652862429619)}",
        "VehiclesVx": "{(EgoVehicle↦20.011415481567383),(Vehicles2↦0.08250761777162552),(Vehicles3↦0.44000808149576187),(Vehicles4↦0.4975588247179985),(Vehicles5↦0.25038598105311394)}",
        "VehiclesY": "{(EgoVehicle↦8.000000238418579),(Vehicles2↦-8.000000238418579),(Vehicles3↦6.34184438297325E-08),(Vehicles4↦-3.999999761581421),(Vehicles5↦-8.000000238418579)}",
        "VehiclesVy": "{(EgoVehicle↦1.8417191327557703E-07),(Vehicles2↦-1.8417191327557703E-07),(Vehicles3↦-1.8417191327557703E-07),(Vehicles4↦-1.8417191327557703E-07),(Vehicles5↦-1.8417191327557703E-07)}",
        "VehiclesX": "{(EgoVehicle↦200.0),(Vehicles2↦17.841850221157074),(Vehicles3↦22.715023159980774),(Vehicles4↦40.35981595516205),(Vehicles5↦81.32849335670471)}"
      },
      "probabilisticVariables": null,
      "activating": [
        "SLOWER_47"
      ],
      "activatingOnlyWhenExecuted": true,
      "updating": null,
      "withPredicate": null
    },
    {
      "id": "SLOWER_47",
      "execute": "SLOWER",
      "after": "1000",
      "priority": 0,
      "additionalGuards": null,
      "activationKind": null,
      "fixedVariables": {
        "Crash": "FALSE",
        "VehiclesAy": "{(EgoVehicle↦-1.7271466035140293E-07),(Vehicles2↦1.7271465146961873E-07),(Vehicles3↦1.7271465146961873E-07),(Vehicles4↦1.7271465146961873E-07),(Vehicles5↦-1.9562917508153532E-07)}",
        "Reward": "0.7333734184296127",
        "VehiclesAx": "{(EgoVehicle↦-0.009913444519042969),(Vehicles2↦0.02352687530219555),(Vehicles3↦0.01255236566066742),(Vehicles4↦0.017186403274536133),(Vehicles5↦0.02471698448061943)}",
        "VehiclesVx": "{(EgoVehicle↦20.00150203704834),(Vehicles2↦0.10603449307382107),(Vehicles3↦0.4525604471564293),(Vehicles4↦0.5147452279925346),(Vehicles5↦0.27510296553373337)}",
        "VehiclesY": "{(EgoVehicle↦8.000000238418579),(Vehicles2↦-8.000000238418579),(Vehicles3↦3.944801818533961E-09),(Vehicles4↦-4.0000001192092896),(Vehicles5↦-8.000000238418579)}",
        "VehiclesVy": "{(EgoVehicle↦1.14572529241741E-08),(Vehicles2↦-1.1457261805958296E-08),(Vehicles3↦-1.1457261805958296E-08),(Vehicles4↦-1.1457261805958296E-08),(Vehicles5↦-1.1457261805958296E-08)}",
        "VehiclesX": "{(EgoVehicle↦200.0),(Vehicles2↦17.93527454137802),(Vehicles3↦23.16153198480606),(Vehicles4↦40.86572825908661),(Vehicles5↦81.5902829170227)}"
      },
      "probabilisticVariables": null,
      "activating": [
        "SLOWER_48"
      ],
      "activatingOnlyWhenExecuted": true,
      "updating": null,
      "withPredicate": null
    },
    {
      "id": "SLOWER_48",
      "execute": "SLOWER",
      "after": "1000",
      "priority": 0,
      "additionalGuards": null,
      "activationKind": null,
      "fixedVariables": {
        "Crash": "FALSE",
        "VehiclesAy": "{(EgoVehicle↦-1.0744400924522779E-08),(Vehicles2↦1.0744400924522779E-08),(Vehicles3↦1.0744400924522779E-08),(Vehicles4↦1.0744400924522779E-08),(Vehicles5↦-1.2170122687393814E-08)}",
        "Reward": "0.7333386120291396",
        "VehiclesAx": "{(EgoVehicle↦-0.0013041496276855469),(Vehicles2↦0.014888523146510124),(Vehicles3↦0.004223734140396118),(Vehicles4↦0.008852332830429077),(Vehicles5↦0.015944261103868484)}",
        "VehiclesVx": "{(EgoVehicle↦20.000197887420654),(Vehicles2↦0.12092301622033119),(Vehicles3↦0.4567841812968254),(Vehicles4↦0.5235975608229637),(Vehicles5↦0.29104722663760185)}",
        "VehiclesY": "{(EgoVehicle↦8.000000238418579),(Vehicles2↦-8.000000238418579),(Vehicles3↦2.454356717862538E-10),(Vehicles4↦-4.0000001192092896),(Vehicles5↦-8.000000238418579)}",
        "VehiclesVy": "{(EgoVehicle↦7.128519996513205E-10),(Vehicles2↦-7.128608814355175E-10),(Vehicles3↦-7.128608814355175E-10),(Vehicles4↦-7.128608814355175E-10),(Vehicles5↦-7.128608814355175E-10)}",
        "VehiclesX": "{(EgoVehicle↦200.0),(Vehicles2↦18.0474653840065),(Vehicles3↦23.61595779657364),(Vehicles4↦41.38419330120087),(Vehicles5↦81.8719744682312)}"
      },
      "probabilisticVariables": null,
      "activating": [
        "SLOWER_49"
      ],
      "activatingOnlyWhenExecuted": true,
      "updating": null,
      "withPredicate": null
    },
    {
      "id": "SLOWER_49",
      "execute": "SLOWER",
      "after": "1000",
      "priority": 0,
      "additionalGuards": null,
      "activationKind": null,
      "fixedVariables": {
        "Crash": "FALSE",
        "VehiclesAy": "{(EgoVehicle↦-6.684963693714963E-10),(Vehicles2↦6.685052511556933E-10),(Vehicles3↦6.685052511556933E-10),(Vehicles4↦6.685052511556933E-10),(Vehicles5↦-7.572165117153418E-10)}",
        "Reward": "0.7333340284702298",
        "VehiclesAx": "{(EgoVehicle↦-0.000171661376953125),(Vehicles2↦0.01370944082736969),(Vehicles3↦0.0033399462699890137),(Vehicles4↦0.007951892912387848),(Vehicles5↦0.014626439660787582)}",
        "VehiclesVx": "{(EgoVehicle↦20.0000262260437),(Vehicles2↦0.13463245704770088),(Vehicles3↦0.4601241275668144),(Vehicles4↦0.5315494537353516),(Vehicles5↦0.30567366629838943)}",
        "VehiclesY": "{(EgoVehicle↦8.000000238418579),(Vehicles2↦-8.000000238418579),(Vehicles3↦1.5270451569904253E-11),(Vehicles4↦-4.0000001192092896),(Vehicles5↦-8.000000238418579)}",
        "VehiclesVy": "{(EgoVehicle↦4.4355630279824254E-11),(Vehicles2↦-4.4355630279824254E-11),(Vehicles3↦-4.4355630279824254E-11),(Vehicles4↦-4.4355630279824254E-11),(Vehicles5↦-4.4355630279824254E-11)}",
        "VehiclesX": "{(EgoVehicle↦200.0),(Vehicles2↦18.173901736736298),(Vehicles3↦24.07408505678177),(Vehicles4↦41.91098213195801),(Vehicles5↦82.16891288757324)}"
      },
      "probabilisticVariables": null,
      "activating": [
        "SLOWER_50"
      ],
      "activatingOnlyWhenExecuted": true,
      "updating": null,
      "withPredicate": null
    },
    {
      "id": "SLOWER_50",
      "execute": "SLOWER",
      "after": "1000",
      "priority": 0,
      "additionalGuards": null,
      "activationKind": null,
      "fixedVariables": {
        "Crash": "FALSE",
        "VehiclesAy": "{(EgoVehicle↦-4.1584513610359863E-11),(Vehicles2↦4.1584513610359863E-11),(Vehicles3↦4.1584513610359863E-11),(Vehicles4↦4.1584513610359863E-11),(Vehicles5↦-4.7126746949288645E-11)}",
        "Reward": "0.7333334248739946",
        "VehiclesAx": "{(EgoVehicle↦-2.384185791015625E-05),(Vehicles2↦0.013501420617103577),(Vehicles3↦0.0034140050411224365),(Vehicles4↦0.007999949157238007),(Vehicles5↦0.01427769660949707)}",
        "VehiclesVx": "{(EgoVehicle↦20.00000238418579),(Vehicles2↦0.14813387766480446),(Vehicles3↦0.46353813260793686),(Vehicles4↦0.5395494028925896),(Vehicles5↦0.3199513629078865)}",
        "VehiclesY": "{(EgoVehicle↦8.000000238418579),(Vehicles2↦-8.000000238418579),(Vehicles3↦9.512390874988341E-13),(Vehicles4↦-4.0000001192092896),(Vehicles5↦-8.000000238418579)}",
        "VehiclesVy": "{(EgoVehicle↦2.7711166694643907E-12),(Vehicles2↦-2.7711166694643907E-12),(Vehicles3↦-2.7711166694643907E-12),(Vehicles4↦-2.7711166694643907E-12),(Vehicles5↦-2.7711166694643907E-12)}",
        "VehiclesX": "{(EgoVehicle↦200.0),(Vehicles2↦18.313942849636078),(Vehicles3↦24.535562098026276),(Vehicles4↦42.44571924209595),(Vehicles5↦82.48031735420227)}"
      },
      "probabilisticVariables": null,
      "activating": [
        "SLOWER_51"
      ],
      "activatingOnlyWhenExecuted": true,
      "updating": null,
      "withPredicate": null
    },
    {
      "id": "SLOWER_51",
      "execute": "SLOWER",
      "after": "1000",
      "priority": 0,
      "additionalGuards": null,
      "activationKind": null,
      "fixedVariables": {
        "Crash": "FALSE",
        "VehiclesAy": "{(EgoVehicle↦-2.5934809855243657E-12),(Vehicles2↦2.602362769721367E-12),(Vehicles3↦2.602362769721367E-12),(Vehicles4↦2.602362769721367E-12),(Vehicles5↦-2.9398705692074145E-12)}",
        "Reward": "0.7333333453880706",
        "VehiclesAx": "{(EgoVehicle↦-2.384185791015625E-06),(Vehicles2↦0.013410747051239014),(Vehicles3↦0.0035933777689933777),(Vehicles4↦0.008145160973072052),(Vehicles5↦0.01404639333486557)}",
        "VehiclesVx": "{(EgoVehicle↦20.0),(Vehicles2↦0.16154462471604347),(Vehicles3↦0.46713151037693024),(Vehicles4↦0.5476945638656616),(Vehicles5↦0.3339977562427521)}",
        "VehiclesY": "{(EgoVehicle↦8.000000238418579),(Vehicles2↦-8.000000238418579),(Vehicles3↦5.861977570020827E-14),(Vehicles4↦-4.0000001192092896),(Vehicles5↦-8.000000238418579)}",
        "VehiclesVy": "{(EgoVehicle↦1.7763568394002505E-13),(Vehicles2↦-1.687538997430238E-13),(Vehicles3↦-1.687538997430238E-13),(Vehicles4↦-1.687538997430238E-13),(Vehicles5↦-1.687538997430238E-13)}",
        "VehiclesX": "{(EgoVehicle↦200.0),(Vehicles2↦18.46744865179062),(Vehicles3↦25.000521540641785),(Vehicles4↦42.98851490020752),(Vehicles5↦82.80590772628784)}"
      },
      "probabilisticVariables": null,
      "activating": [
        "SLOWER_52"
      ],
      "activatingOnlyWhenExecuted": true,
      "updating": null,
      "withPredicate": null
    },
    {
      "id": "SLOWER_52",
      "execute": "SLOWER",
      "after": "1000",
      "priority": 0,
      "additionalGuards": null,
      "activationKind": null,
      "fixedVariables": {
        "Crash": "FALSE",
        "VehiclesAy": "{(EgoVehicle↦-1.5987211554602254E-13),(Vehicles2↦1.509903313490213E-13),(Vehicles3↦1.509903313490213E-13),(Vehicles4↦1.509903313490213E-13),(Vehicles5↦-1.865174681370263E-13)}",
        "Reward": "0.7333333349207884",
        "VehiclesAx": "{(EgoVehicle↦0.0),(Vehicles2↦0.013325754553079605),(Vehicles3↦0.0037673860788345337),(Vehicles4↦0.008278340101242065),(Vehicles5↦0.013822279870510101)}",
        "VehiclesVx": "{(EgoVehicle↦20.0),(Vehicles2↦0.17487037926912308),(Vehicles3↦0.47089889645576477),(Vehicles4↦0.5559729039669037),(Vehicles5↦0.3478200361132622)}",
        "VehiclesY": "{(EgoVehicle↦8.000000238418579),(Vehicles2↦-8.000000238418579),(Vehicles3↦2.6645352591003757E-15),(Vehicles4↦-4.0000001192092896),(Vehicles5↦-8.000000238418579)}",
        "VehiclesVy": "{(EgoVehicle↦1.7763568394002505E-14),(Vehicles2↦-1.7763568394002505E-14),(Vehicles3↦-1.7763568394002505E-14),(Vehicles4↦-1.7763568394002505E-14),(Vehicles5↦-1.7763568394002505E-14)}",
        "VehiclesX": "{(EgoVehicle↦200.0),(Vehicles2↦18.634329736232758),(Vehicles3↦25.4691481590271),(Vehicles4↦43.539512157440186),(Vehicles5↦83.14545154571533)}"
      },
      "probabilisticVariables": null,
      "activating": [
        "SLOWER_53"
      ],
      "activatingOnlyWhenExecuted": true,
      "updating": null,
      "withPredicate": null
    },
    {
      "id": "SLOWER_53",
      "execute": "SLOWER",
      "after": "1000",
      "priority": 0,
      "additionalGuards": null,
      "activationKind": null,
      "fixedVariables": {
        "Crash": "FALSE",
        "VehiclesAy": "{(EgoVehicle↦-1.7763568394002505E-14),(Vehicles2↦1.7763568394002505E-14),(Vehicles3↦1.7763568394002505E-14),(Vehicles4↦1.7763568394002505E-14),(Vehicles5↦-1.7763568394002505E-14)}",
        "Reward": "0.7333333335423808",
        "VehiclesAx": "{(EgoVehicle↦0.0),(Vehicles2↦0.013232454657554626),(Vehicles3↦0.003923065960407257),(Vehicles4↦0.008387342095375061),(Vehicles5↦0.013592801988124847)}",
        "VehiclesVx": "{(EgoVehicle↦20.0),(Vehicles2↦0.1881028339266777),(Vehicles3↦0.474821962416172),(Vehicles4↦0.5643602460622787),(Vehicles5↦0.361412838101387)}",
        "VehiclesY": "{(EgoVehicle↦8.000000238418579),(Vehicles2↦-8.000000238418579),(Vehicles3↦2.6645352591003757E-15),(Vehicles4↦-4.0000001192092896),(Vehicles5↦-8.000000238418579)}",
        "VehiclesVy": "{(EgoVehicle↦0.0),(Vehicles2↦0.0),(Vehicles3↦0.0),(Vehicles4↦0.0),(Vehicles5↦0.0)}",
        "VehiclesX": "{(EgoVehicle↦200.0),(Vehicles2↦18.81450116634369),(Vehicles3↦25.941604375839233),(Vehicles4↦44.098830223083496),(Vehicles5↦83.49872827529907)}"
      },
      "probabilisticVariables": null,
      "activating": [
        "SLOWER_54"
      ],
      "activatingOnlyWhenExecuted": true,
      "updating": null,
      "withPredicate": null
    },
    {
      "id": "SLOWER_54",
      "execute": "SLOWER",
      "after": "1000",
      "priority": 0,
      "additionalGuards": null,
      "activationKind": null,
      "fixedVariables": {
        "Crash": "FALSE",
        "VehiclesAy": "{(EgoVehicle↦0.0),(Vehicles2↦0.0),(Vehicles3↦0.0),(Vehicles4↦0.0),(Vehicles5↦0.0)}",
        "Reward": "0.7333333333608621",
        "VehiclesAx": "{(EgoVehicle↦0.0),(Vehicles2↦0.013129767030477524),(Vehicles3↦0.004060007631778717),(Vehicles4↦0.008472912013530731),(Vehicles5↦0.013357773423194885)}",
        "VehiclesVx": "{(EgoVehicle↦20.0),(Vehicles2↦0.20123260095715523),(Vehicles3↦0.47888197004795074),(Vehicles4↦0.5728331580758095),(Vehicles5↦0.3747706115245819)}",
        "VehiclesY": "{(EgoVehicle↦8.000000238418579),(Vehicles2↦-8.000000238418579),(Vehicles3↦2.6645352591003757E-15),(Vehicles4↦-4.0000001192092896),(Vehicles5↦-8.000000238418579)}",
        "VehiclesVy": "{(EgoVehicle↦0.0),(Vehicles2↦0.0),(Vehicles3↦0.0),(Vehicles4↦0.0),(Vehicles5↦0.0)}",
        "VehiclesX": "{(EgoVehicle↦200.0),(Vehicles2↦19.007864594459534),(Vehicles3↦26.418039202690125),(Vehicles4↦44.66657638549805),(Vehicles5↦83.86549949645996)}"
      },
      "probabilisticVariables": null,
      "activating": [
        "SLOWER_55"
      ],
      "activatingOnlyWhenExecuted": true,
      "updating": null,
      "withPredicate": null
    },
    {
      "id": "SLOWER_55",
      "execute": "SLOWER",
      "after": "1000",
      "priority": 0,
      "additionalGuards": null,
      "activationKind": null,
      "fixedVariables": {
        "Crash": "FALSE",
        "VehiclesAy": "{(EgoVehicle↦0.0),(Vehicles2↦0.0),(Vehicles3↦0.0),(Vehicles4↦0.0),(Vehicles5↦0.0)}",
        "Reward": "0.7333333333369585",
        "VehiclesAx": "{(EgoVehicle↦0.0),(Vehicles2↦0.013018343597650528),(Vehicles3↦0.004179514944553375),(Vehicles4↦0.008537210524082184),(Vehicles5↦0.013118460774421692)}",
        "VehiclesVx": "{(EgoVehicle↦20.0),(Vehicles2↦0.21425094455480576),(Vehicles3↦0.4830614849925041),(Vehicles4↦0.5813703685998917),(Vehicles5↦0.3878890722990036)}",
        "VehiclesY": "{(EgoVehicle↦8.000000238418579),(Vehicles2↦-8.000000238418579),(Vehicles3↦2.6645352591003757E-15),(Vehicles4↦-4.0000001192092896),(Vehicles5↦-8.000000238418579)}",
        "VehiclesVy": "{(EgoVehicle↦0.0),(Vehicles2↦0.0),(Vehicles3↦0.0),(Vehicles4↦0.0),(Vehicles5↦0.0)}",
        "VehiclesX": "{(EgoVehicle↦200.0),(Vehicles2↦19.214314222335815),(Vehicles3↦26.89858376979828),(Vehicles4↦45.24281919002533),(Vehicles5↦84.24553871154785)}"
      },
      "probabilisticVariables": null,
      "activating": [
        "SLOWER_56"
      ],
      "activatingOnlyWhenExecuted": true,
      "updating": null,
      "withPredicate": null
    },
    {
      "id": "SLOWER_56",
      "execute": "SLOWER",
      "after": "1000",
      "priority": 0,
      "additionalGuards": null,
      "activationKind": null,
      "fixedVariables": {
        "Crash": "FALSE",
        "VehiclesAy": "{(EgoVehicle↦0.0),(Vehicles2↦0.0),(Vehicles3↦0.0),(Vehicles4↦0.0),(Vehicles5↦0.0)}",
        "Reward": "0.7333333333338108",
        "VehiclesAx": "{(EgoVehicle↦0.0),(Vehicles2↦0.012898929417133331),(Vehicles3↦0.004283040761947632),(Vehicles4↦0.008582323789596558),(Vehicles5↦0.012876354157924652)}",
        "VehiclesVx": "{(EgoVehicle↦20.0),(Vehicles2↦0.2271498739719391),(Vehicles3↦0.48734452575445175),(Vehicles4↦0.5899526923894882),(Vehicles5↦0.40076542645692825)}",
        "VehiclesY": "{(EgoVehicle↦8.000000238418579),(Vehicles2↦-8.000000238418579),(Vehicles3↦2.6645352591003757E-15),(Vehicles4↦-4.0000001192092896),(Vehicles5↦-8.000000238418579)}",
        "VehiclesVy": "{(EgoVehicle↦0.0),(Vehicles2↦0.0),(Vehicles3↦0.0),(Vehicles4↦0.0),(Vehicles5↦0.0)}",
        "VehiclesX": "{(EgoVehicle↦200.0),(Vehicles2↦19.433733820915222),(Vehicles3↦27.38335132598877),(Vehicles4↦45.82761824131012),(Vehicles5↦84.63859558105469)}"
      },
      "probabilisticVariables": null,
      "activating": [
        "SLOWER_57"
      ],
      "activatingOnlyWhenExecuted": true,
      "updating": null,
      "withPredicate": null
    },
    {
      "id": "SLOWER_57",
      "execute": "SLOWER",
      "after": "1000",
      "priority": 0,
      "additionalGuards": null,
      "activationKind": null,
      "fixedVariables": {
        "Crash": "FALSE",
        "VehiclesAy": "{(EgoVehicle↦0.0),(Vehicles2↦0.0),(Vehicles3↦0.0),(Vehicles4↦0.0),(Vehicles5↦0.0)}",
        "Reward": "0.7333333333333961",
        "VehiclesAx": "{(EgoVehicle↦0.0),(Vehicles2↦0.012772344052791595),(Vehicles3↦0.0043718889355659485),(Vehicles4↦0.008610337972640991),(Vehicles5↦0.01263253390789032)}",
        "VehiclesVx": "{(EgoVehicle↦20.0),(Vehicles2↦0.23992221802473068),(Vehicles3↦0.4917164146900177),(Vehicles4↦0.5985630303621292),(Vehicles5↦0.4133979603648186)}",
        "VehiclesY": "{(EgoVehicle↦8.000000238418579),(Vehicles2↦-8.000000238418579),(Vehicles3↦2.6645352591003757E-15),(Vehicles4↦-4.0000001192092896),(Vehicles5↦-8.000000238418579)}",
        "VehiclesVy": "{(EgoVehicle↦0.0),(Vehicles2↦0.0),(Vehicles3↦0.0),(Vehicles4↦0.0),(Vehicles5↦0.0)}",
        "VehiclesX": "{(EgoVehicle↦200.0),(Vehicles2↦19.666004180908203),(Vehicles3↦27.872440218925476),(Vehicles4↦46.42101526260376),(Vehicles5↦85.04443764686584)}"
      },
      "probabilisticVariables": null,
      "activating": [
        "SLOWER_58"
      ],
      "activatingOnlyWhenExecuted": true,
      "updating": null,
      "withPredicate": null
    },
    {
      "id": "SLOWER_58",
      "execute": "SLOWER",
      "after": "1000",
      "priority": 0,
      "additionalGuards": null,
      "activationKind": null,
      "fixedVariables": {
        "Crash": "FALSE",
        "VehiclesAy": "{(EgoVehicle↦0.0),(Vehicles2↦0.0),(Vehicles3↦0.0),(Vehicles4↦0.0),(Vehicles5↦0.0)}",
        "Reward": "0.7333333333333415",
        "VehiclesAx": "{(EgoVehicle↦0.0),(Vehicles2↦0.01263938844203949),(Vehicles3↦0.004447326064109802),(Vehicles4↦0.008622966706752777),(Vehicles5↦0.012388043105602264)}",
        "VehiclesVx": "{(EgoVehicle↦20.0),(Vehicles2↦0.25256160646677017),(Vehicles3↦0.4961637407541275),(Vehicles4↦0.607185997068882),(Vehicles5↦0.42578600347042084)}",
        "VehiclesY": "{(EgoVehicle↦8.000000238418579),(Vehicles2↦-8.000000238418579),(Vehicles3↦2.6645352591003757E-15),(Vehicles4↦-4.0000001192092896),(Vehicles5↦-8.000000238418579)}",
        "VehiclesVy": "{(EgoVehicle↦0.0),(Vehicles2↦0.0),(Vehicles3↦0.0),(Vehicles4↦0.0),(Vehicles5↦0.0)}",
        "VehiclesX": "{(EgoVehicle↦200.0),(Vehicles2↦19.910992681980133),(Vehicles3↦28.365927934646606),(Vehicles4↦47.023025155067444),(Vehicles5↦85.46280860900879)}"
      },
      "probabilisticVariables": null,
      "activating": [
        "SLOWER_59"
      ],
      "activatingOnlyWhenExecuted": true,
      "updating": null,
      "withPredicate": null
    },
    {
      "id": "SLOWER_59",
      "execute": "SLOWER",
      "after": "1000",
      "priority": 0,
      "additionalGuards": null,
      "activationKind": null,
      "fixedVariables": {
        "Crash": "FALSE",
        "VehiclesAy": "{(EgoVehicle↦0.0),(Vehicles2↦0.0),(Vehicles3↦0.0),(Vehicles4↦0.0),(Vehicles5↦0.0)}",
        "Reward": "0.7333333333333344",
        "VehiclesAx": "{(EgoVehicle↦0.0),(Vehicles2↦0.01250075176358223),(Vehicles3↦0.004510506987571716),(Vehicles4↦0.008621960878372192),(Vehicles5↦0.012143775820732117)}",
        "VehiclesVx": "{(EgoVehicle↦20.0),(Vehicles2↦0.2650623582303524),(Vehicles3↦0.5006742477416992),(Vehicles4↦0.6158079579472542),(Vehicles5↦0.43792977929115295)}",
        "VehiclesY": "{(EgoVehicle↦8.000000238418579),(Vehicles2↦-8.000000238418579),(Vehicles3↦2.6645352591003757E-15),(Vehicles4↦-4.0000001192092896),(Vehicles5↦-8.000000238418579)}",
        "VehiclesVy": "{(EgoVehicle↦0.0),(Vehicles2↦0.0),(Vehicles3↦0.0),(Vehicles4↦0.0),(Vehicles5↦0.0)}",
        "VehiclesX": "{(EgoVehicle↦200.0),(Vehicles2↦20.168565213680267),(Vehicles3↦28.86389195919037),(Vehicles4↦47.633662819862366),(Vehicles5↦85.89347004890442)}"
      },
      "probabilisticVariables": null,
      "activating": [
        "SLOWER_60"
      ],
      "activatingOnlyWhenExecuted": true,
      "updating": null,
      "withPredicate": null
    },
    {
      "id": "SLOWER_60",
      "execute": "SLOWER",
      "after": "1000",
      "priority": 0,
      "additionalGuards": null,
      "activationKind": null,
      "fixedVariables": {
        "Crash": "FALSE",
        "VehiclesAy": "{(EgoVehicle↦0.0),(Vehicles2↦0.0),(Vehicles3↦0.0),(Vehicles4↦0.0),(Vehicles5↦0.0)}",
        "Reward": "0.7333333333333334",
        "VehiclesAx": "{(EgoVehicle↦0.0),(Vehicles2↦0.012357179075479507),(Vehicles3↦0.004562512040138245),(Vehicles4↦0.008608773350715637),(Vehicles5↦0.011900477111339569)}",
        "VehiclesVx": "{(EgoVehicle↦20.0),(Vehicles2↦0.2774195373058319),(Vehicles3↦0.5052367597818375),(Vehicles4↦0.6244167312979698),(Vehicles5↦0.4498302564024925)}",
        "VehiclesY": "{(EgoVehicle↦8.000000238418579),(Vehicles2↦-8.000000238418579),(Vehicles3↦2.6645352591003757E-15),(Vehicles4↦-4.0000001192092896),(Vehicles5↦-8.000000238418579)}",
        "VehiclesVy": "{(EgoVehicle↦0.0),(Vehicles2↦0.0),(Vehicles3↦0.0),(Vehicles4↦0.0),(Vehicles5↦0.0)}",
        "VehiclesX": "{(EgoVehicle↦200.0),(Vehicles2↦20.438583195209503),(Vehicles3↦29.3663889169693),(Vehicles4↦48.25291335582733),(Vehicles5↦86.33618354797363)}"
      },
      "probabilisticVariables": null,
      "activating": [
        "SLOWER_61"
      ],
      "activatingOnlyWhenExecuted": true,
      "updating": null,
      "withPredicate": null
    },
    {
      "id": "SLOWER_61",
      "execute": "SLOWER",
      "after": "1000",
      "priority": 0,
      "additionalGuards": null,
      "activationKind": null,
      "fixedVariables": {
        "Crash": "FALSE",
        "VehiclesAy": "{(EgoVehicle↦0.0),(Vehicles2↦0.0),(Vehicles3↦0.0),(Vehicles4↦0.0),(Vehicles5↦0.0)}",
        "Reward": "0.7333333333333334",
        "VehiclesAx": "{(EgoVehicle↦0.0),(Vehicles2↦0.01220928505063057),(Vehicles3↦0.004604309797286987),(Vehicles4↦0.008584745228290558),(Vehicles5↦0.011658705770969391)}",
        "VehiclesVx": "{(EgoVehicle↦20.0),(Vehicles2↦0.2896288223564625),(Vehicles3↦0.5098410695791245),(Vehicles4↦0.6330014765262604),(Vehicles5↦0.4614889621734619)}",
        "VehiclesY": "{(EgoVehicle↦8.000000238418579),(Vehicles2↦-8.000000238418579),(Vehicles3↦2.6645352591003757E-15),(Vehicles4↦-4.0000001192092896),(Vehicles5↦-8.000000238418579)}",
        "VehiclesVy": "{(EgoVehicle↦0.0),(Vehicles2↦0.0),(Vehicles3↦0.0),(Vehicles4↦0.0),(Vehicles5↦0.0)}",
        "VehiclesX": "{(EgoVehicle↦200.0),(Vehicles2↦20.720897614955902),(Vehicles3↦29.87346351146698),(Vehicles4↦48.880767822265625),(Vehicles5↦86.7906928062439)}"
      },
      "probabilisticVariables": null,
      "activating": null,
      "activatingOnlyWhenExecuted": true,
      "updating": null,
      "withPredicate": null
    }
  ],
  "listeners": [],
  "metadata": {
    "fileType": "Timed_Trace",
    "formatVersion": 3,
    "savedAt": "2023-08-15T11:29:52.303052Z",
    "creator": "Simulation: MONTE_CARLO_SIMULATION; MAX_STEPS_BEFORE_PROPERTY : 0, EXECUTIONS : 1000, ENDING_TIME : 60000",
    "proB2KernelVersion": "4.12.2",
    "proBCliVersion": "1.12.2-final",
    "modelName": "HighwayEnvironment"
  }
}