{
  "variables": {},
  "activations": [
    {
      "id": "$setup_constants",
      "execute": "$setup_constants",
      "after": "0",
      "priority": 0,
      "additionalGuards": null,
      "activationKind": null,
      "fixedVariables": null,
      "probabilisticVariables": null,
      "activating": null,
      "activatingOnlyWhenExecuted": true,
      "updating": null,
      "withPredicate": null
    },
    {
      "id": "$initialise_machine",
      "execute": "$initialise_machine",
      "after": "0",
      "priority": 0,
      "additionalGuards": null,
      "activationKind": null,
      "fixedVariables": {
        "Crash": "FALSE",
        "VehiclesAy": "{(EgoVehicle↦0.0),(Vehicles2↦0.0),(Vehicles3↦0.0),(Vehicles4↦0.0),(Vehicles5↦0.0)}",
        "Reward": "0.0",
        "VehiclesAx": "{(EgoVehicle↦0.0),(Vehicles2↦0.0),(Vehicles3↦0.0),(Vehicles4↦0.0),(Vehicles5↦0.0)}",
        "VehiclesVx": "{(EgoVehicle↦25.0),(Vehicles2↦-1.0265464335680008),(Vehicles3↦-1.4459466934204102),(Vehicles4↦-2.1977950632572174),(Vehicles5↦-3.99219810962677)}",
        "VehiclesY": "{(EgoVehicle↦8.000000238418579),(Vehicles2↦-4.0000001192092896),(Vehicles3↦0.0),(Vehicles4↦-4.0000001192092896),(Vehicles5↦0.0)}",
        "VehiclesVy": "{(EgoVehicle↦0.0),(Vehicles2↦0.0),(Vehicles3↦0.0),(Vehicles4↦0.0),(Vehicles5↦0.0)}",
        "VehiclesX": "{(EgoVehicle↦148.97171258926392),(Vehicles2↦25.972366333007812),(Vehicles3↦51.8170952796936),(Vehicles4↦74.79029893875122),(Vehicles5↦95.91284394264221)}"
      },
      "probabilisticVariables": null,
      "activating": [
        "FASTER_2"
      ],
      "activatingOnlyWhenExecuted": true,
      "updating": null,
      "withPredicate": null
    },
    {
      "id": "FASTER_2",
      "execute": "FASTER",
      "after": "1000",
      "priority": 0,
      "additionalGuards": null,
      "activationKind": null,
      "fixedVariables": {
        "Crash": "FALSE",
        "VehiclesAy": "{(EgoVehicle↦0.0),(Vehicles2↦0.0),(Vehicles3↦0.0),(Vehicles4↦-5.2609968185424805),(Vehicles5↦0.0)}",
        "Reward": "0.9824417009602194",
        "VehiclesAx": "{(EgoVehicle↦4.341564178466797),(Vehicles2↦-6.792648360133171),(Vehicles3↦-7.4417078495025635),(Vehicles4↦-7.054201811552048),(Vehicles5↦-5.709730386734009)}",
        "VehiclesVx": "{(EgoVehicle↦29.341564178466797),(Vehicles2↦-7.819194793701172),(Vehicles3↦-8.887654542922974),(Vehicles4↦-9.251996874809265),(Vehicles5↦-9.701928496360779)}",
        "VehiclesY": "{(EgoVehicle↦8.000000238418579),(Vehicles2↦-4.0000001192092896),(Vehicles3↦0.0),(Vehicles4↦-5.960491061210632),(Vehicles5↦0.0)}",
        "VehiclesVy": "{(EgoVehicle↦0.0),(Vehicles2↦0.0),(Vehicles3↦0.0),(Vehicles4↦-5.2609968185424805),(Vehicles5↦0.0)}",
        "VehiclesX": "{(EgoVehicle↦176.36678218841553),(Vehicles2↦21.468721330165863),(Vehicles3↦46.51541709899902),(Vehicles4↦69.03746128082275),(Vehicles5↦88.85841369628906)}"
      },
      "probabilisticVariables": null,
      "activating": [
        "LANE_RIGHT_3"
      ],
      "activatingOnlyWhenExecuted": true,
      "updating": null,
      "withPredicate": null
    },
    {
      "id": "LANE_RIGHT_3",
      "execute": "LANE_RIGHT",
      "after": "1000",
      "priority": 0,
      "additionalGuards": null,
      "activationKind": null,
      "fixedVariables": {
        "Crash": "FALSE",
        "VehiclesAy": "{(EgoVehicle↦0.0),(Vehicles2↦0.0),(Vehicles3↦0.0),(Vehicles4↦4.881343953311443),(Vehicles5↦0.0)}",
        "Reward": "0.9976877960112223",
        "VehiclesAx": "{(EgoVehicle↦0.5717277526855469),(Vehicles2↦-0.8201420307159424),(Vehicles3↦-1.9397878646850586),(Vehicles4↦0.17374396324157715),(Vehicles5↦-1.0466092824935913)}",
        "VehiclesVx": "{(EgoVehicle↦29.913291931152344),(Vehicles2↦-8.639336824417114),(Vehicles3↦-10.827442407608032),(Vehicles4↦-9.078252911567688),(Vehicles5↦-10.74853777885437)}",
        "VehiclesY": "{(EgoVehicle↦8.000000238418579),(Vehicles2↦-4.0000001192092896),(Vehicles3↦0.0),(Vehicles4↦-7.871917247772217),(Vehicles5↦0.0)}",
        "VehiclesVy": "{(EgoVehicle↦0.0),(Vehicles2↦0.0),(Vehicles3↦0.0),(Vehicles4↦-0.37965286523103714),(Vehicles5↦0.0)}",
        "VehiclesX": "{(EgoVehicle↦200.0),(Vehicles2↦12.96205222606659),(Vehicles3↦36.68346405029297),(Vehicles4↦59.91520285606384),(Vehicles5↦78.61345410346985)}"
      },
      "probabilisticVariables": null,
      "activating": [
        "SLOWER_4"
      ],
      "activatingOnlyWhenExecuted": true,
      "updating": null,
      "withPredicate": null
    },
    {
      "id": "SLOWER_4",
      "execute": "SLOWER",
      "after": "1000",
      "priority": 0,
      "additionalGuards": null,
      "activationKind": null,
      "fixedVariables": {
        "Crash": "FALSE",
        "VehiclesAy": "{(EgoVehicle↦0.0),(Vehicles2↦0.0),(Vehicles3↦0.0),(Vehicles4↦0.35836977884173393),(Vehicles5↦0.0)}",
        "Reward": "0.8839204779383776",
        "VehiclesAx": "{(EgoVehicle↦-4.2662739753723145),(Vehicles2↦4.64937299489975),(Vehicles3↦3.6226826906204224),(Vehicles4↦4.485175013542175),(Vehicles5↦4.089815616607666)}",
        "VehiclesVx": "{(EgoVehicle↦25.64701795578003),(Vehicles2↦-3.9899638295173645),(Vehicles3↦-7.20475971698761),(Vehicles4↦-4.593077898025513),(Vehicles5↦-6.658722162246704)}",
        "VehiclesY": "{(EgoVehicle↦8.000000238418579),(Vehicles2↦-4.0000001192092896),(Vehicles3↦0.0),(Vehicles4↦-7.992853403091431),(Vehicles5↦0.0)}",
        "VehiclesVy": "{(EgoVehicle↦0.0),(Vehicles2↦0.0),(Vehicles3↦0.0),(Vehicles4↦-0.021283086389303207),(Vehicles5↦0.0)}",
        "VehiclesX": "{(EgoVehicle↦200.0),(Vehicles2↦6.853323429822922),(Vehicles3↦27.91283130645752),(Vehicles4↦53.294456005096436),(Vehicles5↦70.14002799987793)}"
      },
      "probabilisticVariables": null,
      "activating": [
        "SLOWER_5"
      ],
      "activatingOnlyWhenExecuted": true,
      "updating": null,
      "withPredicate": null
    },
    {
      "id": "SLOWER_5",
      "execute": "SLOWER",
      "after": "1000",
      "priority": 0,
      "additionalGuards": null,
      "activationKind": null,
      "fixedVariables": {
        "Crash": "FALSE",
        "VehiclesAy": "{(EgoVehicle↦0.0),(Vehicles2↦0.0),(Vehicles3↦0.0),(Vehicles4↦0.02011304401094094),(Vehicles5↦0.0)}",
        "Reward": "0.7531637392072487",
        "VehiclesAx": "{(EgoVehicle↦-4.903378486633301),(Vehicles2↦5.054084807634354),(Vehicles3↦4.615666568279266),(Vehicles4↦4.979058355093002),(Vehicles5↦4.805874973535538)}",
        "VehiclesVx": "{(EgoVehicle↦20.74363946914673),(Vehicles2↦1.0641209781169891),(Vehicles3↦-2.5890931487083435),(Vehicles4↦0.3859804570674896),(Vehicles5↦-1.8528471887111664)}",
        "VehiclesY": "{(EgoVehicle↦8.000000238418579),(Vehicles2↦-4.0000001192092896),(Vehicles3↦0.0),(Vehicles4↦-7.999607563018799),(Vehicles5↦0.0)}",
        "VehiclesVy": "{(EgoVehicle↦0.0),(Vehicles2↦0.0),(Vehicles3↦0.0),(Vehicles4↦-0.0011700423783622682),(Vehicles5↦0.0)}",
        "VehiclesX": "{(EgoVehicle↦200.0),(Vehicles2↦5.642091855406761),(Vehicles3↦23.27815741300583),(Vehicles4↦51.444584131240845),(Vehicles5↦66.14115834236145)}"
      },
      "probabilisticVariables": null,
      "activating": [
        "IDLE_6"
      ],
      "activatingOnlyWhenExecuted": true,
      "updating": null,
      "withPredicate": null
    },
    {
      "id": "IDLE_6",
      "execute": "IDLE",
      "after": "1000",
      "priority": 0,
      "additionalGuards": null,
      "activationKind": null,
      "fixedVariables": {
        "Crash": "FALSE",
        "VehiclesAy": "{(EgoVehicle↦0.0),(Vehicles2↦0.0),(Vehicles3↦0.0),(Vehicles4↦0.0011060048473154893),(Vehicles5↦0.0)}",
        "Reward": "0.7359447448064415",
        "VehiclesAx": "{(EgoVehicle↦-0.6457114219665527),(Vehicles2↦0.6742364168167114),(Vehicles3↦0.545000284910202),(Vehicles4↦0.6492014974355698),(Vehicles5↦0.6147776544094086)}",
        "VehiclesVx": "{(EgoVehicle↦20.097928047180176),(Vehicles2↦1.7383573949337006),(Vehicles3↦-2.0440928637981415),(Vehicles4↦1.0351819545030594),(Vehicles5↦-1.2380695343017578)}",
        "VehiclesY": "{(EgoVehicle↦8.000000238418579),(Vehicles2↦-4.0000001192092896),(Vehicles3↦0.0),(Vehicles4↦-7.99997878074646),(Vehicles5↦0.0)}",
        "VehiclesVy": "{(EgoVehicle↦0.0),(Vehicles2↦0.0),(Vehicles3↦0.0),(Vehicles4↦-6.40375310467789E-05),(Vehicles5↦0.0)}",
        "VehiclesX": "{(EgoVehicle↦200.0),(Vehicles2↦7.080457359552383),(Vehicles3↦20.994102954864502),(Vehicles4↦52.19210386276245),(Vehicles5↦64.6277368068695)}"
      },
      "probabilisticVariables": null,
      "activating": [
        "IDLE_7"
      ],
      "activatingOnlyWhenExecuted": true,
      "updating": null,
      "withPredicate": null
    },
    {
      "id": "IDLE_7",
      "execute": "IDLE",
      "after": "1000",
      "priority": 0,
      "additionalGuards": null,
      "activationKind": null,
      "fixedVariables": {
        "Crash": "FALSE",
        "VehiclesAy": "{(EgoVehicle↦0.0),(Vehicles2↦0.0),(Vehicles3↦0.0),(Vehicles4↦6.052647876231276E-05),(Vehicles5↦0.0)}",
        "Reward": "0.733677222910039",
        "VehiclesAx": "{(EgoVehicle↦-0.08503198623657227),(Vehicles2↦0.05549877882003784),(Vehicles3↦0.08817210793495178),(Vehicles4↦0.05389869213104248),(Vehicles5↦0.09801432490348816)}",
        "VehiclesVx": "{(EgoVehicle↦20.012896060943604),(Vehicles2↦1.7938561737537384),(Vehicles3↦-1.9559207558631897),(Vehicles4↦1.0890806466341019),(Vehicles5↦-1.1400552093982697)}",
        "VehiclesY": "{(EgoVehicle↦8.000000238418579),(Vehicles2↦-4.0000001192092896),(Vehicles3↦0.0),(Vehicles4↦-7.9999988079071045),(Vehicles5↦0.0)}",
        "VehiclesVy": "{(EgoVehicle↦0.0),(Vehicles2↦0.0),(Vehicles3↦0.0),(Vehicles4↦-3.511052284466132E-06),(Vehicles5↦0.0)}",
        "VehiclesX": "{(EgoVehicle↦200.0),(Vehicles2↦8.856899291276932),(Vehicles3↦18.992093205451965),(Vehicles4↦53.26353311538696),(Vehicles5↦63.43910098075867)}"
      },
      "probabilisticVariables": null,
      "activating": [
        "IDLE_8"
      ],
      "activatingOnlyWhenExecuted": true,
      "updating": null,
      "withPredicate": null
    },
    {
      "id": "IDLE_8",
      "execute": "IDLE",
      "after": "1000",
      "priority": 0,
      "additionalGuards": null,
      "activationKind": null,
      "fixedVariables": {
        "Crash": "FALSE",
        "VehiclesAy": "{(EgoVehicle↦0.0),(Vehicles2↦0.0),(Vehicles3↦0.0),(Vehicles4↦3.3176581482052825E-06),(Vehicles5↦0.0)}",
        "Reward": "0.7333786192035169",
        "VehiclesAx": "{(EgoVehicle↦-0.01119852066040039),(Vehicles2↦-0.04347264766693115),(Vehicles3↦0.07163107395172119),(Vehicles4↦-0.03489069640636444),(Vehicles5↦0.04935324192047119)}",
        "VehiclesVx": "{(EgoVehicle↦20.001697540283203),(Vehicles2↦1.7503835260868073),(Vehicles3↦-1.8842896819114685),(Vehicles4↦1.0541899502277374),(Vehicles5↦-1.0907019674777985)}",
        "VehiclesY": "{(EgoVehicle↦8.000000238418579),(Vehicles2↦-4.0000001192092896),(Vehicles3↦0.0),(Vehicles4↦-8.000000238418579),(Vehicles5↦0.0)}",
        "VehiclesVy": "{(EgoVehicle↦0.0),(Vehicles2↦0.0),(Vehicles3↦0.0),(Vehicles4↦-1.9339413626084934E-07),(Vehicles5↦0.0)}",
        "VehiclesX": "{(EgoVehicle↦200.0),(Vehicles2↦10.63627302646637),(Vehicles3↦17.06324815750122),(Vehicles4↦54.34105396270752),(Vehicles5↦62.31905817985535)}"
      },
      "probabilisticVariables": null,
      "activating": [
        "IDLE_9"
      ],
      "activatingOnlyWhenExecuted": true,
      "updating": null,
      "withPredicate": null
    },
    {
      "id": "IDLE_9",
      "execute": "IDLE",
      "after": "1000",
      "priority": 0,
      "additionalGuards": null,
      "activationKind": null,
      "fixedVariables": {
        "Crash": "FALSE",
        "VehiclesAy": "{(EgoVehicle↦0.0),(Vehicles2↦0.0),(Vehicles3↦0.0),(Vehicles4↦1.8268047519143238E-07),(Vehicles5↦0.0)}",
        "Reward": "0.7333392969047156",
        "VehiclesAx": "{(EgoVehicle↦-0.0014734268188476562),(Vehicles2↦-0.06270661950111389),(Vehicles3↦0.09155809879302979),(Vehicles4↦-0.04971414804458618),(Vehicles5↦0.05218774080276489)}",
        "VehiclesVx": "{(EgoVehicle↦20.000224113464355),(Vehicles2↦1.6876769065856934),(Vehicles3↦-1.7927315831184387),(Vehicles4↦1.0044758021831512),(Vehicles5↦-1.0385142266750336)}",
        "VehiclesY": "{(EgoVehicle↦8.000000238418579),(Vehicles2↦-4.0000001192092896),(Vehicles3↦0.0),(Vehicles4↦-8.000000238418579),(Vehicles5↦0.0)}",
        "VehiclesVy": "{(EgoVehicle↦0.0),(Vehicles2↦0.0),(Vehicles3↦0.0),(Vehicles4↦-1.0713661069416958E-08),(Vehicles5↦0.0)}",
        "VehiclesX": "{(EgoVehicle↦200.0),(Vehicles2↦12.362199276685715),(Vehicles3↦15.21422415971756),(Vehicles4↦55.37574887275696),(Vehicles5↦61.24882102012634)}"
      },
      "probabilisticVariables": null,
      "activating": [
        "IDLE_10"
      ],
      "activatingOnlyWhenExecuted": true,
      "updating": null,
      "withPredicate": null
    },
    {
      "id": "IDLE_10",
      "execute": "IDLE",
      "after": "1000",
      "priority": 0,
      "additionalGuards": null,
      "activationKind": null,
      "fixedVariables": {
        "Crash": "FALSE",
        "VehiclesAy": "{(EgoVehicle↦0.0),(Vehicles2↦0.0),(Vehicles3↦0.0),(Vehicles4↦1.0116574244989351E-08),(Vehicles5↦0.0)}",
        "Reward": "0.7333341186596058",
        "VehiclesAx": "{(EgoVehicle↦-0.00019550323486328125),(Vehicles2↦-3.377153128385544),(Vehicles3↦3.4137441217899323),(Vehicles4↦-0.05136854946613312),(Vehicles5↦0.05572110414505005)}",
        "VehiclesVx": "{(EgoVehicle↦20.000028610229492),(Vehicles2↦-1.6894762217998505),(Vehicles3↦1.6210125386714935),(Vehicles4↦0.9531072527170181),(Vehicles5↦-0.9827931225299835)}",
        "VehiclesY": "{(EgoVehicle↦8.000000238418579),(Vehicles2↦0.0),(Vehicles3↦-4.0000001192092896),(Vehicles4↦-8.000000238418579),(Vehicles5↦0.0)}",
        "VehiclesVy": "{(EgoVehicle↦0.0),(Vehicles2↦0.0),(Vehicles3↦0.0),(Vehicles4↦-5.970868244276062E-10),(Vehicles5↦0.0)}",
        "VehiclesX": "{(EgoVehicle↦200.0),(Vehicles2↦13.462260365486145),(Vehicles3↦14.023306965827942),(Vehicles4↦56.3596248626709),(Vehicles5↦60.23245453834534)}"
      },
      "probabilisticVariables": null,
      "activating": [
        "SLOWER_11"
      ],
      "activatingOnlyWhenExecuted": true,
      "updating": null,
      "withPredicate": null
    },
    {
      "id": "SLOWER_11",
      "execute": "SLOWER",
      "after": "1000",
      "priority": 0,
      "additionalGuards": null,
      "activationKind": null,
      "fixedVariables": {
        "Crash": "FALSE",
        "VehiclesAy": "{(EgoVehicle↦0.0),(Vehicles2↦0.0),(Vehicles3↦0.0),(Vehicles4↦5.636024980049115E-10),(Vehicles5↦0.0)}",
        "Reward": "0.7333334367507849",
        "VehiclesAx": "{(EgoVehicle↦-2.384185791015625E-05),(Vehicles2↦0.10614871978759766),(Vehicles3↦-0.06678760051727295),(Vehicles4↦-0.04976004362106323),(Vehicles5↦0.055937767028808594)}",
        "VehiclesVx": "{(EgoVehicle↦20.000004768371582),(Vehicles2↦-1.5833275020122528),(Vehicles3↦1.5542249381542206),(Vehicles4↦0.9033472090959549),(Vehicles5↦-0.9268553555011749)}",
        "VehiclesY": "{(EgoVehicle↦8.000000238418579),(Vehicles2↦0.0),(Vehicles3↦-4.0000001192092896),(Vehicles4↦-8.000000238418579),(Vehicles5↦0.0)}",
        "VehiclesVy": "{(EgoVehicle↦0.0),(Vehicles2↦0.0),(Vehicles3↦0.0),(Vehicles4↦-3.348432642269472E-11),(Vehicles5↦0.0)}",
        "VehiclesX": "{(EgoVehicle↦200.0),(Vehicles2↦11.815277487039566),(Vehicles3↦15.617550909519196),(Vehicles4↦57.292640209198),(Vehicles5↦59.272122383117676)}"
      },
      "probabilisticVariables": null,
      "activating": [
        "LANE_LEFT_12"
      ],
      "activatingOnlyWhenExecuted": true,
      "updating": null,
      "withPredicate": null
    },
    {
      "id": "LANE_LEFT_12",
      "execute": "LANE_LEFT",
      "after": "1000",
      "priority": 0,
      "additionalGuards": null,
      "activationKind": null,
      "fixedVariables": {
        "Crash": "FALSE",
        "VehiclesAy": "{(EgoVehicle↦-1.1458636075258255),(Vehicles2↦1.1458636075258255),(Vehicles3↦1.1458636075258255),(Vehicles4↦1.1458636075593098),(Vehicles5↦1.1458636075258255)}",
        "Reward": "0.7000000000000001",
        "VehiclesAx": "{(EgoVehicle↦-0.03285646438598633),(Vehicles2↦0.1363810896873474),(Vehicles3↦-0.032924264669418335),(Vehicles4↦-0.014240369200706482),(Vehicles5↦0.0868140161037445)}",
        "VehiclesVx": "{(EgoVehicle↦19.967148303985596),(Vehicles2↦-1.4469464123249054),(Vehicles3↦1.5213006734848022),(Vehicles4↦0.8891068398952484),(Vehicles5↦-0.8400413393974304)}",
        "VehiclesY": "{(EgoVehicle↦4.396300435066223),(Vehicles2↦3.6036994457244873),(Vehicles3↦-0.3963004946708679),(Vehicles4↦-4.396300435066223),(Vehicles5↦3.6036994457244873)}",
        "VehiclesVy": "{(EgoVehicle↦-1.1458636075258255),(Vehicles2↦1.1458636075258255),(Vehicles3↦1.1458636075258255),(Vehicles4↦1.1458636075258255),(Vehicles5↦1.1458636075258255)}",
        "VehiclesX": "{(EgoVehicle↦200.0),(Vehicles2↦10.660313069820404),(Vehicles3↦17.531956732273102),(Vehicles4↦58.563512563705444),(Vehicles5↦58.753663301467896)}"
      },
      "probabilisticVariables": null,
      "activating": [
        "FASTER_13"
      ],
      "activatingOnlyWhenExecuted": true,
      "updating": null,
      "withPredicate": null
    },
    {
      "id": "FASTER_13",
      "execute": "FASTER",
      "after": "1000",
      "priority": 0,
      "additionalGuards": null,
      "activationKind": null,
      "fixedVariables": {
        "Crash": "FALSE",
        "VehiclesAy": "{(EgoVehicle↦1.0893554287031293),(Vehicles2↦-1.0893554287031293),(Vehicles3↦-1.0893554287031293),(Vehicles4↦-1.0893554287031293),(Vehicles5↦1.2023717863485217)}",
        "Reward": "0.815773286991795",
        "VehiclesAx": "{(EgoVehicle↦4.374349117279053),(Vehicles2↦-4.276407212018967),(Vehicles3↦-4.438736438751221),(Vehicles4↦-6.0525839030742645),(Vehicles5↦-2.689260244369507)}",
        "VehiclesVx": "{(EgoVehicle↦24.34149742126465),(Vehicles2↦-5.723353624343872),(Vehicles3↦-2.9174357652664185),(Vehicles4↦-5.163477063179016),(Vehicles5↦-3.5293015837669373)}",
        "VehiclesY": "{(EgoVehicle↦4.017063617706299),(Vehicles2↦3.9829366207122803),(Vehicles3↦-0.01706347055733204),(Vehicles4↦3.9829366207122803),(Vehicles5↦-4.017063617706299)}",
        "VehiclesVy": "{(EgoVehicle↦-0.05650817882269621),(Vehicles2↦0.05650817882269621),(Vehicles3↦0.05650817882269621),(Vehicles4↦0.05650817882269621),(Vehicles5↦0.05650817882269621)}",
        "VehiclesX": "{(EgoVehicle↦200.0),(Vehicles2↦6.830466538667679),(Vehicles3↦16.60478711128235),(Vehicles4↦55.511653423309326),(Vehicles5↦57.01214671134949)}"
      },
      "probabilisticVariables": null,
      "activating": [
        "LANE_LEFT_14"
      ],
      "activatingOnlyWhenExecuted": true,
      "updating": null,
      "withPredicate": null
    },
    {
      "id": "LANE_LEFT_14",
      "execute": "LANE_LEFT",
      "after": "1000",
      "priority": 0,
      "additionalGuards": null,
      "activationKind": null,
      "fixedVariables": {
        "Crash": "FALSE",
        "VehiclesAy": "{(EgoVehicle↦-1.0124587314203382),(Vehicles2↦1.0124587314203382),(Vehicles3↦1.0124587314203382),(Vehicles4↦1.0124587314203382),(Vehicles5↦1.1254750890657306)}",
        "Reward": "0.7970759586604838",
        "VehiclesAx": "{(EgoVehicle↦0.548851490020752),(Vehicles2↦-0.4578286409378052),(Vehicles3↦-0.6116512417793274),(Vehicles4↦-0.5013644695281982),(Vehicles5↦-0.5897656083106995)}",
        "VehiclesVx": "{(EgoVehicle↦24.8903489112854),(Vehicles2↦-6.181182265281677),(Vehicles3↦-3.529087007045746),(Vehicles4↦-5.664841532707214),(Vehicles5↦-4.119067192077637)}",
        "VehiclesY": "{(EgoVehicle↦0.3357038050889969),(Vehicles2↦7.664296388626099),(Vehicles3↦3.664296269416809),(Vehicles4↦7.664296388626099),(Vehicles5↦-0.3357038050889969)}",
        "VehiclesVy": "{(EgoVehicle↦-1.0689669102430344),(Vehicles2↦1.0689669102430344),(Vehicles3↦1.0689669102430344),(Vehicles4↦1.0689669102430344),(Vehicles5↦1.0689669102430344)}",
        "VehiclesX": "{(EgoVehicle↦200.0),(Vehicles2↦1.1576046235859394),(Vehicles3↦13.675601780414581),(Vehicles4↦50.38095712661743),(Vehicles5↦53.47973108291626)}"
      },
      "probabilisticVariables": null,
      "activating": [
        "FASTER_15"
      ],
      "activatingOnlyWhenExecuted": true,
      "updating": null,
      "withPredicate": null
    },
    {
      "id": "FASTER_15",
      "execute": "FASTER",
      "after": "1000",
      "priority": 0,
      "additionalGuards": null,
      "activationKind": null,
      "fixedVariables": {
        "Crash": "FALSE",
        "VehiclesAy": "{(EgoVehicle↦1.042277356609702),(Vehicles2↦-1.042277356609702),(Vehicles3↦-1.042277356609702),(Vehicles4↦-1.042277356609702),(Vehicles5↦1.0956564638763666)}",
        "Reward": "0.9154702227339423",
        "VehiclesAx": "{(EgoVehicle↦4.439785480499268),(Vehicles2↦-4.3560463190078735),(Vehicles3↦-4.500817358493805),(Vehicles4↦-4.395732283592224),(Vehicles5↦-4.477545619010925)}",
        "VehiclesVx": "{(EgoVehicle↦29.330134391784668),(Vehicles2↦-10.53722858428955),(Vehicles3↦-8.02990436553955),(Vehicles4↦-10.060573816299438),(Vehicles5↦-8.596612811088562)}",
        "VehiclesY": "{(EgoVehicle↦0.0063914896454662085),(Vehicles2↦7.993608713150024),(Vehicles3↦3.993608593940735),(Vehicles4↦7.993608713150024),(Vehicles5↦-0.0063914896454662085)}",
        "VehiclesVy": "{(EgoVehicle↦-0.026689553633332253),(Vehicles2↦0.026689553633332253),(Vehicles3↦0.026689553633332253),(Vehicles4↦0.026689553633332253),(Vehicles5↦0.026689553633332253)}",
        "VehiclesX": "{(EgoVehicle↦200.0),(Vehicles2↦-7.445382326841354),(Vehicles3↦7.666071504354477),(Vehicles4↦42.278122901916504),(Vehicles5↦46.88943028450012)}"
      },
      "probabilisticVariables": null,
      "activating": [
        "FASTER_16"
      ],
      "activatingOnlyWhenExecuted": true,
      "updating": null,
      "withPredicate": null
    },
    {
      "id": "FASTER_16",
      "execute": "FASTER",
      "after": "1000",
      "priority": 0,
      "additionalGuards": null,
      "activationKind": null,
      "fixedVariables": {
        "Crash": "FALSE",
        "VehiclesAy": "{(EgoVehicle↦0.02659874795426731),(Vehicles2↦-0.02659874795426731),(Vehicles3↦-0.02659874795426731),(Vehicles4↦-0.02659874795426731),(Vehicles5↦0.026780359312397195)}",
        "Reward": "0.9309810321903327",
        "VehiclesAx": "{(EgoVehicle↦0.5816555023193359),(Vehicles2↦1.8666118383407593),(Vehicles3↦-2.5715243816375732),(Vehicles4↦0.8476740121841431),(Vehicles5↦-1.1463475227355957)}",
        "VehiclesVx": "{(EgoVehicle↦29.911789894104004),(Vehicles2↦-8.670616745948792),(Vehicles3↦-10.601428747177124),(Vehicles4↦-9.212899804115295),(Vehicles5↦-9.742960333824158)}",
        "VehiclesY": "{(EgoVehicle↦-2.328890616354329E-06),(Vehicles2↦4.0000022649765015),(Vehicles3↦8.000002384185791),(Vehicles4↦2.328890616354329E-06),(Vehicles5↦4.0000022649765015)}",
        "VehiclesVy": "{(EgoVehicle↦-9.080567906494252E-05),(Vehicles2↦9.080567906494252E-05),(Vehicles3↦9.080567906494252E-05),(Vehicles4↦9.080567906494252E-05),(Vehicles5↦9.080567906494252E-05)}",
        "VehiclesX": "{(EgoVehicle↦200.0),(Vehicles2↦-0.7085011340677738),(Vehicles3↦31.913241744041443),(Vehicles4↦37.95783519744873),(Vehicles5↦69.59785223007202)}"
      },
      "probabilisticVariables": null,
      "activating": [
        "FASTER_17"
      ],
      "activatingOnlyWhenExecuted": true,
      "updating": null,
      "withPredicate": null
    },
    {
      "id": "FASTER_17",
      "execute": "FASTER",
      "after": "1000",
      "priority": 0,
      "additionalGuards": null,
      "activationKind": null,
      "fixedVariables": {
        "Crash": "FALSE",
        "VehiclesAy": "{(EgoVehicle↦9.675312753643084E-05),(Vehicles2↦-9.675312753643084E-05),(Vehicles3↦-9.675312753643084E-05),(Vehicles4↦-9.675312753643084E-05),(Vehicles5↦8.485823059345421E-05)}",
        "Reward": "0.9330235652820486",
        "VehiclesAx": "{(EgoVehicle↦0.07659435272216797),(Vehicles2↦-0.1334613561630249),(Vehicles3↦-0.03878951072692871),(Vehicles4↦-0.10813772678375244),(Vehicles5↦-0.04190623760223389)}",
        "VehiclesVx": "{(EgoVehicle↦29.988384246826172),(Vehicles2↦-8.804078102111816),(Vehicles3↦-10.640218257904053),(Vehicles4↦-9.321037530899048),(Vehicles5↦-9.784866571426392)}",
        "VehiclesY": "{(EgoVehicle↦-1.8109402617483283E-06),(Vehicles2↦4.000001907348633),(Vehicles3↦8.000001668930054),(Vehicles4↦1.8109402617483283E-06),(Vehicles5↦4.000001907348633)}",
        "VehiclesVy": "{(EgoVehicle↦5.947448471488315E-06),(Vehicles2↦-5.947448471488315E-06),(Vehicles3↦-5.947448471488315E-06),(Vehicles4↦-5.947448471488315E-06),(Vehicles5↦-5.947448471488315E-06)}",
        "VehiclesX": "{(EgoVehicle↦200.0),(Vehicles2↦-9.444302320480347),(Vehicles3↦21.284909546375275),(Vehicles4↦28.68981957435608),(Vehicles5↦59.826940298080444)}"
      },
      "probabilisticVariables": null,
      "activating": [
        "SLOWER_18"
      ],
      "activatingOnlyWhenExecuted": true,
      "updating": null,
      "withPredicate": null
    },
    {
      "id": "SLOWER_18",
      "execute": "SLOWER",
      "after": "1000",
      "priority": 0,
      "additionalGuards": null,
      "activationKind": null,
      "fixedVariables": {
        "Crash": "FALSE",
        "VehiclesAy": "{(EgoVehicle↦-5.780644336539353E-06),(Vehicles2↦5.780644336539353E-06),(Vehicles3↦5.780644336539353E-06),(Vehicles4↦5.780644336539353E-06),(Vehicles5↦-6.114252606437276E-06)}",
        "Reward": "0.8175175065392019",
        "VehiclesAx": "{(EgoVehicle↦-4.33147668838501),(Vehicles2↦2.5304287672042847),(Vehicles3↦5.622152090072632),(Vehicles4↦3.8975274562835693),(Vehicles5↦4.3023353815078735)}",
        "VehiclesVx": "{(EgoVehicle↦25.656907558441162),(Vehicles2↦-6.273649334907532),(Vehicles3↦-5.018066167831421),(Vehicles4↦-5.4235100746154785),(Vehicles5↦-5.482531189918518)}",
        "VehiclesY": "{(EgoVehicle↦-5.0210987367904636E-08),(Vehicles2↦8.000000238418579),(Vehicles3↦5.0210992696975154E-08),(Vehicles4↦4.0000001192092896),(Vehicles5↦8.000000238418579)}",
        "VehiclesVy": "{(EgoVehicle↦1.668041349489613E-07),(Vehicles2↦-1.668041349489613E-07),(Vehicles3↦-1.668041349489613E-07),(Vehicles4↦-1.668041349489613E-07),(Vehicles5↦-1.668041349489613E-07)}",
        "VehiclesX": "{(EgoVehicle↦200.0),(Vehicles2↦13.048431277275085),(Vehicles3↦21.746636927127838),(Vehicles4↦52.443867921829224),(Vehicles5↦82.2361707687378)}"
      },
      "probabilisticVariables": null,
      "activating": [
        "FASTER_19"
      ],
      "activatingOnlyWhenExecuted": true,
      "updating": null,
      "withPredicate": null
    },
    {
      "id": "FASTER_19",
      "execute": "FASTER",
      "after": "1000",
      "priority": 0,
      "additionalGuards": null,
      "activationKind": null,
      "fixedVariables": {
        "Crash": "FALSE",
        "VehiclesAy": "{(EgoVehicle↦-1.6323578932997407E-07),(Vehicles2↦1.6323578932997407E-07),(Vehicles3↦1.6323578932997407E-07),(Vehicles4↦1.6323578932997407E-07),(Vehicles5↦-1.7037248056794851E-07)}",
        "Reward": "0.9180818664304025",
        "VehiclesAx": "{(EgoVehicle↦3.7711620330810547),(Vehicles2↦-3.7385159730911255),(Vehicles3↦-3.79669725894928),(Vehicles4↦-3.7451404333114624),(Vehicles5↦-3.770260214805603)}",
        "VehiclesVx": "{(EgoVehicle↦29.428069591522217),(Vehicles2↦-10.012165307998657),(Vehicles3↦-8.8147634267807),(Vehicles4↦-9.168650507926941),(Vehicles5↦-9.252791404724121)}",
        "VehiclesY": "{(EgoVehicle↦-8.337450729811735E-10),(Vehicles2↦8.000000238418579),(Vehicles3↦8.337464052488031E-10),(Vehicles4↦4.0000001192092896),(Vehicles5↦8.000000238418579)}",
        "VehiclesVy": "{(EgoVehicle↦3.568345618987223E-09),(Vehicles2↦-3.568345618987223E-09),(Vehicles3↦-3.568345618987223E-09),(Vehicles4↦-3.568345618987223E-09),(Vehicles5↦-3.568345618987223E-09)}",
        "VehiclesX": "{(EgoVehicle↦200.0),(Vehicles2↦4.707630351185799),(Vehicles3↦14.637726545333862),(Vehicles4↦44.95064616203308),(Vehicles5↦74.673593044281)}"
      },
      "probabilisticVariables": null,
      "activating": [
        "SLOWER_20"
      ],
      "activatingOnlyWhenExecuted": true,
      "updating": null,
      "withPredicate": null
    },
    {
      "id": "SLOWER_20",
      "execute": "SLOWER",
      "after": "1000",
      "priority": 0,
      "additionalGuards": null,
      "activationKind": null,
      "fixedVariables": {
        "Crash": "FALSE",
        "VehiclesAy": "{(EgoVehicle↦-3.539977200262001E-09),(Vehicles2↦3.539977200262001E-09),(Vehicles3↦3.539977200262001E-09),(Vehicles4↦3.539977200262001E-09),(Vehicles5↦-3.596714037712445E-09)}",
        "Reward": "0.8155498754147033",
        "VehiclesAx": "{(EgoVehicle↦-3.8449501991271973),(Vehicles2↦3.875402808189392),(Vehicles3↦3.8223078846931458),(Vehicles4↦3.8678526878356934),(Vehicles5↦3.8459813594818115)}",
        "VehiclesVx": "{(EgoVehicle↦25.58311939239502),(Vehicles2↦-6.136762499809265),(Vehicles3↦-4.992455542087555),(Vehicles4↦-5.300797820091248),(Vehicles5↦-5.40681004524231)}",
        "VehiclesY": "{(EgoVehicle↦-7.065015239504646E-12),(Vehicles2↦8.000000238418579),(Vehicles3↦7.066347507134196E-12),(Vehicles4↦4.0000001192092896),(Vehicles5↦8.000000238418579)}",
        "VehiclesVy": "{(EgoVehicle↦2.8368418725222E-11),(Vehicles2↦-2.8368418725222E-11),(Vehicles3↦-2.8368418725222E-11),(Vehicles4↦-2.8368418725222E-11),(Vehicles5↦-2.8368418725222E-11)}",
        "VehiclesX": "{(EgoVehicle↦200.0),(Vehicles2↦-3.1710878014564514),(Vehicles3↦7.934778928756714),(Vehicles4↦37.912482023239136),(Vehicles5↦67.54230856895447)}"
      },
      "probabilisticVariables": null,
      "activating": [
        "SLOWER_21"
      ],
      "activatingOnlyWhenExecuted": true,
      "updating": null,
      "withPredicate": null
    },
    {
      "id": "SLOWER_21",
      "execute": "SLOWER",
      "after": "1000",
      "priority": 0,
      "additionalGuards": null,
      "activationKind": null,
      "fixedVariables": {
        "Crash": "FALSE",
        "VehiclesAy": "{(EgoVehicle↦-2.7693403126249905E-11),(Vehicles2↦2.7684521342052903E-11),(Vehicles3↦2.7684521342052903E-11),(Vehicles4↦2.7684521342052903E-11),(Vehicles5↦-2.9052316108391096E-11)}",
        "Reward": "0.6862726859256673",
        "VehiclesAx": "{(EgoVehicle↦-4.847893714904785),(Vehicles2↦5.972357150167227),(Vehicles3↦3.73207226395607),(Vehicles4↦4.868246056139469),(Vehicles5↦4.849070198833942)}",
        "VehiclesVx": "{(EgoVehicle↦20.735225677490234),(Vehicles2↦-0.16440534964203835),(Vehicles3↦-1.260383278131485),(Vehicles4↦-0.4325517639517784),(Vehicles5↦-0.5577398464083672)}",
        "VehiclesY": "{(EgoVehicle↦-2.3314683517128287E-13),(Vehicles2↦2.3447910280083306E-13),(Vehicles3↦8.000000238418579),(Vehicles4↦4.0000001192092896),(Vehicles5↦8.000000238418579)}",
        "VehiclesVy": "{(EgoVehicle↦6.750155989720952E-13),(Vehicles2↦-6.838973831690964E-13),(Vehicles3↦-6.838973831690964E-13),(Vehicles4↦-6.838973831690964E-13),(Vehicles5↦-6.838973831690964E-13)}",
        "VehiclesX": "{(EgoVehicle↦200.0),(Vehicles2↦5.60854971408844),(Vehicles3↦-6.6219232976436615),(Vehicles4↦35.294392704963684),(Vehicles5↦64.81033563613892)}"
      },
      "probabilisticVariables": null,
      "activating": [
        "LANE_RIGHT_22"
      ],
      "activatingOnlyWhenExecuted": true,
      "updating": null,
      "withPredicate": null
    },
    {
      "id": "LANE_RIGHT_22",
      "execute": "LANE_RIGHT",
      "after": "1000",
      "priority": 0,
      "additionalGuards": null,
      "activationKind": null,
      "fixedVariables": {
        "Crash": "FALSE",
        "VehiclesAy": "{(EgoVehicle↦1.1588874459259912),(Vehicles2↦-1.1588874459259824),(Vehicles3↦-1.1588874459259824),(Vehicles4↦-1.1588874459259824),(Vehicles5↦-1.1588874459273502)}",
        "Reward": "0.7016900874441306",
        "VehiclesAx": "{(EgoVehicle↦-0.671846866607666),(Vehicles2↦0.654690396040678),(Vehicles3↦0.6985625997185707),(Vehicles4↦0.6900903768837452),(Vehicles5↦0.6731805112212896)}",
        "VehiclesVx": "{(EgoVehicle↦20.06337881088257),(Vehicles2↦0.4902850463986397),(Vehicles3↦-0.5618206784129143),(Vehicles4↦0.2575386129319668),(Vehicles5↦0.11544066481292248)}",
        "VehiclesY": "{(EgoVehicle↦3.5985027551651),(Vehicles2↦-3.5985027551651),(Vehicles3↦4.40149712562561),(Vehicles4↦0.40149731934070587),(Vehicles5↦4.40149712562561)}",
        "VehiclesVy": "{(EgoVehicle↦1.1588874459266663),(Vehicles2↦-1.1588874459266663),(Vehicles3↦-1.1588874459266663),(Vehicles4↦-1.1588874459266663),(Vehicles5↦-1.1588874459266663)}",
        "VehiclesX": "{(EgoVehicle↦200.0),(Vehicles2↦6.1646535992622375),(Vehicles3↦-7.143904268741608),(Vehicles4↦35.596874356269836),(Vehicles5↦64.98069763183594)}"
      },
      "probabilisticVariables": null,
      "activating": [
        "LANE_RIGHT_23"
      ],
      "activatingOnlyWhenExecuted": true,
      "updating": null,
      "withPredicate": null
    },
    {
      "id": "LANE_RIGHT_23",
      "execute": "LANE_RIGHT",
      "after": "1000",
      "priority": 0,
      "additionalGuards": null,
      "activationKind": null,
      "fixedVariables": {
        "Crash": "FALSE",
        "VehiclesAy": "{(EgoVehicle↦0.06079360842704773),(Vehicles2↦-0.06079360842704773),(Vehicles3↦-0.06079360842704773),(Vehicles4↦-0.06079360842704773),(Vehicles5↦-2.3785685002803802)}",
        "Reward": "0.7333333333333334",
        "VehiclesAx": "{(EgoVehicle↦-0.0878298282623291),(Vehicles2↦0.073237344622612),(Vehicles3↦-3.5019393637776375),(Vehicles4↦0.10431258007884026),(Vehicles5↦0.08933101780712605)}",
        "VehiclesVx": "{(EgoVehicle↦19.97554898262024),(Vehicles2↦0.5635223910212517),(Vehicles3↦-4.063760042190552),(Vehicles4↦0.36185119301080704),(Vehicles5↦0.20477168262004852)}",
        "VehiclesY": "{(EgoVehicle↦7.5782225131988525),(Vehicles2↦-7.5782225131988525),(Vehicles3↦0.42177723348140717),(Vehicles4↦-3.5782227516174316),(Vehicles5↦0.42177723348140717)}",
        "VehiclesVy": "{(EgoVehicle↦1.219681054353714),(Vehicles2↦-1.219681054353714),(Vehicles3↦-1.219681054353714),(Vehicles4↦-1.219681054353714),(Vehicles5↦-1.219681054353714)}",
        "VehiclesX": "{(EgoVehicle↦200.0),(Vehicles2↦7.136331498622894),(Vehicles3↦-7.931128144264221),(Vehicles4↦36.34856343269348),(Vehicles5↦65.5841588973999)}"
      },
      "probabilisticVariables": null,
      "activating": [
        "SLOWER_24"
      ],
      "activatingOnlyWhenExecuted": true,
      "updating": null,
      "withPredicate": null
    },
    {
      "id": "SLOWER_24",
      "execute": "SLOWER",
      "after": "1000",
      "priority": 0,
      "additionalGuards": null,
      "activationKind": null,
      "fixedVariables": {
        "Crash": "FALSE",
        "VehiclesAy": "{(EgoVehicle↦-1.1433002538979053),(Vehicles2↦1.1433002538979053),(Vehicles3↦1.1433002538979053),(Vehicles4↦1.1433002538979053),(Vehicles5↦-1.2960618548095226)}",
        "Reward": "0.7333742177424155",
        "VehiclesAx": "{(EgoVehicle↦0.02598404884338379),(Vehicles2↦-0.03814626485109329),(Vehicles3↦4.414627440273762),(Vehicles4↦-0.18138665705919266),(Vehicles5↦0.012578554451465607)}",
        "VehiclesVx": "{(EgoVehicle↦20.001533031463623),(Vehicles2↦0.5253761261701584),(Vehicles3↦0.35086739808321),(Vehicles4↦0.18046453595161438),(Vehicles5↦0.21735023707151413)}",
        "VehiclesY": "{(EgoVehicle↦7.973701000213623),(Vehicles2↦-7.973701000213623),(Vehicles3↦-3.9737008810043335),(Vehicles4↦0.026299173943698406),(Vehicles5↦-7.973701000213623)}",
        "VehiclesVy": "{(EgoVehicle↦0.07638080045580864),(Vehicles2↦-0.07638080045580864),(Vehicles3↦-0.07638080045580864),(Vehicles4↦-0.07638080045580864),(Vehicles5↦-0.07638080045580864)}",
        "VehiclesX": "{(EgoVehicle↦200.0),(Vehicles2↦7.669691741466522),(Vehicles3↦36.691415309906006),(Vehicles4↦65.76447486877441),(Vehicles5↦76.61820650100708)}"
      },
      "probabilisticVariables": null,
      "activating": [
        "FASTER_25"
      ],
      "activatingOnlyWhenExecuted": true,
      "updating": null,
      "withPredicate": null
    },
    {
      "id": "FASTER_25",
      "execute": "FASTER",
      "after": "1000",
      "priority": 0,
      "additionalGuards": null,
      "activationKind": null,
      "fixedVariables": {
        "Crash": "FALSE",
        "VehiclesAy": "{(EgoVehicle↦-0.07264265004778281),(Vehicles2↦0.07264265004778281),(Vehicles3↦0.07264265004778281),(Vehicles4↦0.07264265004778281),(Vehicles5↦-0.08011895086383447)}",
        "Reward": "0.8491142560645812",
        "VehiclesAx": "{(EgoVehicle↦4.340250492095947),(Vehicles2↦-4.350124225020409),(Vehicles3↦-4.326507039368153),(Vehicles4↦-4.3383921682834625),(Vehicles5↦-4.302424900233746)}",
        "VehiclesVx": "{(EgoVehicle↦24.34178352355957),(Vehicles2↦-3.8247480988502502),(Vehicles3↦-3.9756396412849426),(Vehicles4↦-4.157927632331848),(Vehicles5↦-4.0850746631622314)}",
        "VehiclesY": "{(EgoVehicle↦7.998871564865112),(Vehicles2↦-7.998871564865112),(Vehicles3↦-3.9988714456558228),(Vehicles4↦0.0011286147928331047),(Vehicles5↦-7.998871564865112)}",
        "VehiclesVy": "{(EgoVehicle↦0.003738150408025831),(Vehicles2↦-0.003738150408025831),(Vehicles3↦-0.003738150408025831),(Vehicles4↦-0.003738150408025831),(Vehicles5↦-0.003738150408025831)}",
        "VehiclesX": "{(EgoVehicle↦200.0),(Vehicles2↦5.796561762690544),(Vehicles3↦34.653493762016296),(Vehicles4↦63.55128884315491),(Vehicles5↦74.45647120475769)}"
      },
      "probabilisticVariables": null,
      "activating": [
        "IDLE_26"
      ],
      "activatingOnlyWhenExecuted": true,
      "updating": null,
      "withPredicate": null
    },
    {
      "id": "IDLE_26",
      "execute": "IDLE",
      "after": "1000",
      "priority": 0,
      "additionalGuards": null,
      "activationKind": null,
      "fixedVariables": {
        "Crash": "FALSE",
        "VehiclesAy": "{(EgoVehicle↦-0.0036166664995107567),(Vehicles2↦0.0036166664995107567),(Vehicles3↦0.0036166664995107567),(Vehicles4↦0.0036166664995107567),(Vehicles5↦-0.0038596343165409053)}",
        "Reward": "0.8643552391100755",
        "VehiclesAx": "{(EgoVehicle↦0.5715370178222656),(Vehicles2↦-0.5792680382728577),(Vehicles3↦-0.558864176273346),(Vehicles4↦-0.5694922804832458),(Vehicles5↦-0.5356571078300476)}",
        "VehiclesVx": "{(EgoVehicle↦24.913320541381836),(Vehicles2↦-4.404016137123108),(Vehicles3↦-4.534503817558289),(Vehicles4↦-4.727419912815094),(Vehicles5↦-4.620731770992279)}",
        "VehiclesY": "{(EgoVehicle↦7.999963760375977),(Vehicles2↦-7.999963760375977),(Vehicles3↦-3.999963641166687),(Vehicles4↦3.6472667488851584E-05),(Vehicles5↦-7.999963760375977)}",
        "VehiclesVy": "{(EgoVehicle↦0.00012148390851507429),(Vehicles2↦-0.00012148390851507429),(Vehicles3↦-0.00012148390851507429),(Vehicles4↦-0.00012148390851507429),(Vehicles5↦-0.00012148390851507429)}",
        "VehiclesX": "{(EgoVehicle↦200.0),(Vehicles2↦1.6532624140381813),(Vehicles3↦30.367708206176758),(Vehicles4↦59.078872203826904),(Vehicles5↦70.07060050964355)}"
      },
      "probabilisticVariables": null,
      "activating": [
        "FASTER_27"
      ],
      "activatingOnlyWhenExecuted": true,
      "updating": null,
      "withPredicate": null
    },
    {
      "id": "FASTER_27",
      "execute": "FASTER",
      "after": "1000",
      "priority": 0,
      "additionalGuards": null,
      "activationKind": null,
      "fixedVariables": {
        "Crash": "FALSE",
        "VehiclesAy": "{(EgoVehicle↦-0.00011884125683536695),(Vehicles2↦0.00011884125683536695),(Vehicles3↦0.00011884125683536695),(Vehicles4↦0.00011884125683536695),(Vehicles5↦-0.00012412656019478163)}",
        "Reward": "0.982137315439401",
        "VehiclesAx": "{(EgoVehicle↦4.416828155517578),(Vehicles2↦-4.4225674867630005),(Vehicles3↦-4.405072331428528),(Vehicles4↦-4.414596259593964),(Vehicles5↦-4.382771551609039)}",
        "VehiclesVx": "{(EgoVehicle↦29.330148696899414),(Vehicles2↦-8.826583623886108),(Vehicles3↦-8.939576148986816),(Vehicles4↦-9.142016172409058),(Vehicles5↦-9.003503322601318)}",
        "VehiclesY": "{(EgoVehicle↦7.999999523162842),(Vehicles2↦-7.999999523162842),(Vehicles3↦-3.9999994039535522),(Vehicles4↦6.177915565785952E-07),(Vehicles5↦-7.999999523162842)}",
        "VehiclesVy": "{(EgoVehicle↦2.642651679707342E-06),(Vehicles2↦-2.642651679707342E-06),(Vehicles3↦-2.642651679707342E-06),(Vehicles4↦-2.642651679707342E-06),(Vehicles5↦-2.642651679707342E-06)}",
        "VehiclesX": "{(EgoVehicle↦200.0),(Vehicles2↦-5.189784616231918),(Vehicles3↦23.401392996311188),(Vehicles4↦51.91574692726135),(Vehicles5↦63.02705407142639)}"
      },
      "probabilisticVariables": null,
      "activating": [
        "LANE_RIGHT_28"
      ],
      "activatingOnlyWhenExecuted": true,
      "updating": null,
      "withPredicate": null
    },
    {
      "id": "LANE_RIGHT_28",
      "execute": "LANE_RIGHT",
      "after": "1000",
      "priority": 0,
      "additionalGuards": null,
      "activationKind": null,
      "fixedVariables": {
        "Crash": "FALSE",
        "VehiclesAy": "{(EgoVehicle↦-2.637506959501934E-06),(Vehicles2↦2.63750695062015E-06),(Vehicles3↦2.63750695062015E-06),(Vehicles4↦2.63750695062015E-06),(Vehicles5↦-2.647796408794534E-06)}",
        "Reward": "0.9976477123212385",
        "VehiclesAx": "{(EgoVehicle↦0.5816411972045898),(Vehicles2↦-0.6836652755737305),(Vehicles3↦-0.781661868095398),(Vehicles4↦-0.41077911853790283),(Vehicles5↦-0.3919637203216553)}",
        "VehiclesVx": "{(EgoVehicle↦29.911789894104004),(Vehicles2↦-9.510248899459839),(Vehicles3↦-9.721238017082214),(Vehicles4↦-9.55279529094696),(Vehicles5↦-9.395467042922974)}",
        "VehiclesY": "{(EgoVehicle↦8.000000238418579),(Vehicles2↦-4.0000001192092896),(Vehicles3↦-1.3344565452655388E-09),(Vehicles4↦-8.000000238418579),(Vehicles5↦-4.0000001192092896)}",
        "VehiclesVy": "{(EgoVehicle↦5.144720205407793E-09),(Vehicles2↦-5.14472908719199E-09),(Vehicles3↦-5.14472908719199E-09),(Vehicles4↦-5.14472908719199E-09),(Vehicles5↦-5.14472908719199E-09)}",
        "VehiclesX": "{(EgoVehicle↦200.0),(Vehicles2↦14.145396649837494),(Vehicles3↦42.453816533088684),(Vehicles4↦53.71575355529785),(Vehicles5↦74.86422061920166)}"
      },
      "probabilisticVariables": null,
      "activating": [
        "SLOWER_29"
      ],
      "activatingOnlyWhenExecuted": true,
      "updating": null,
      "withPredicate": null
    },
    {
      "id": "SLOWER_29",
      "execute": "SLOWER",
      "after": "1000",
      "priority": 0,
      "additionalGuards": null,
      "activationKind": null,
      "fixedVariables": {
        "Crash": "FALSE",
        "VehiclesAy": "{(EgoVehicle↦-5.845670614235132E-09),(Vehicles2↦5.845679496019329E-09),(Vehicles3↦5.845679496019329E-09),(Vehicles4↦5.845679496019329E-09),(Vehicles5↦-4.4437786783646516E-09)}",
        "Reward": "0.8839151994277626",
        "VehiclesAx": "{(EgoVehicle↦-4.264969825744629),(Vehicles2↦4.275259375572205),(Vehicles3↦4.267573356628418),(Vehicles4↦4.295716285705566),(Vehicles5↦4.268198609352112)}",
        "VehiclesVx": "{(EgoVehicle↦25.646820068359375),(Vehicles2↦-5.234989523887634),(Vehicles3↦-5.453664660453796),(Vehicles4↦-5.257079005241394),(Vehicles5↦-5.127268433570862)}",
        "VehiclesY": "{(EgoVehicle↦8.000000238418579),(Vehicles2↦-4.0000001192092896),(Vehicles3↦-2.2847324032682081E-10),(Vehicles4↦-8.000000238418579),(Vehicles5↦-4.0000001192092896)}",
        "VehiclesVy": "{(EgoVehicle↦-7.009504088273388E-10),(Vehicles2↦7.009504088273388E-10),(Vehicles3↦7.009504088273388E-10),(Vehicles4↦7.009504088273388E-10),(Vehicles5↦7.009504088273388E-10)}",
        "VehiclesX": "{(EgoVehicle↦200.0),(Vehicles2↦6.992121040821075),(Vehicles3↦35.086414217948914),(Vehicles4↦46.52819037437439),(Vehicles5↦67.82282590866089)}"
      },
      "probabilisticVariables": null,
      "activating": [
        "SLOWER_30"
      ],
      "activatingOnlyWhenExecuted": true,
      "updating": null,
      "withPredicate": null
    },
    {
      "id": "SLOWER_30",
      "execute": "SLOWER",
      "after": "1000",
      "priority": 0,
      "additionalGuards": null,
      "activationKind": null,
      "fixedVariables": {
        "Crash": "FALSE",
        "VehiclesAy": "{(EgoVehicle↦6.674660824046441E-10),(Vehicles2↦-6.674660824046441E-10),(Vehicles3↦-6.674660824046441E-10),(Vehicles4↦-6.674660824046441E-10),(Vehicles5↦7.344347352500336E-10)}",
        "Reward": "0.7531630440947397",
        "VehiclesAx": "{(EgoVehicle↦-4.903206825256348),(Vehicles2↦4.912912733852863),(Vehicles3↦4.905992150306702),(Vehicles4↦4.932450987398624),(Vehicles5↦4.906735699623823)}",
        "VehiclesVx": "{(EgoVehicle↦20.743613243103027),(Vehicles2↦-0.32207679003477097),(Vehicles3↦-0.5476725101470947),(Vehicles4↦-0.3246280178427696),(Vehicles5↦-0.22053273394703865)}",
        "VehiclesY": "{(EgoVehicle↦8.000000238418579),(Vehicles2↦-4.0000001192092896),(Vehicles3↦-1.1608047856270787E-11),(Vehicles4↦-8.000000238418579),(Vehicles5↦-4.0000001192092896)}",
        "VehiclesVy": "{(EgoVehicle↦-3.348432642269472E-11),(Vehicles2↦3.348432642269472E-11),(Vehicles3↦3.348432642269472E-11),(Vehicles4↦3.348432642269472E-11),(Vehicles5↦3.348432642269472E-11)}",
        "VehiclesX": "{(EgoVehicle↦200.0),(Vehicles2↦4.465954378247261),(Vehicles3↦32.338747382164),(Vehicles4↦43.98782253265381),(Vehicles5↦65.40184020996094)}"
      },
      "probabilisticVariables": null,
      "activating": [
        "FASTER_31"
      ],
      "activatingOnlyWhenExecuted": true,
      "updating": null,
      "withPredicate": null
    },
    {
      "id": "FASTER_31",
      "execute": "FASTER",
      "after": "1000",
      "priority": 0,
      "additionalGuards": null,
      "activationKind": null,
      "fixedVariables": {
        "Crash": "FALSE",
        "VehiclesAy": "{(EgoVehicle↦3.185007813044649E-11),(Vehicles2↦-3.185007813044649E-11),(Vehicles3↦-3.185007813044649E-11),(Vehicles4↦-3.185007813044649E-11),(Vehicles5↦3.511857471494295E-11)}",
        "Reward": "0.8517196875625445",
        "VehiclesAx": "{(EgoVehicle↦3.6958742141723633),(Vehicles2↦-3.6866693571209908),(Vehicles3↦-3.69290828704834),(Vehicles4↦-3.6680376902222633),(Vehicles5↦-3.692061882466078)}",
        "VehiclesVx": "{(EgoVehicle↦24.43948745727539),(Vehicles2↦-4.008746147155762),(Vehicles3↦-4.240580797195435),(Vehicles4↦-3.992665708065033),(Vehicles5↦-3.9125946164131165)}",
        "VehiclesY": "{(EgoVehicle↦8.000000238418579),(Vehicles2↦-4.0000001192092896),(Vehicles3↦-4.902744876744691E-13),(Vehicles4↦-8.000000238418579),(Vehicles5↦-4.0000001192092896)}",
        "VehiclesVy": "{(EgoVehicle↦-1.6342482922482304E-12),(Vehicles2↦1.6342482922482304E-12),(Vehicles3↦1.6342482922482304E-12),(Vehicles4↦1.6342482922482304E-12),(Vehicles5↦1.6342482922482304E-12)}",
        "VehiclesX": "{(EgoVehicle↦200.0),(Vehicles2↦2.108735218644142),(Vehicles3↦29.753383994102478),(Vehicles4↦41.63557589054108),(Vehicles5↦63.14395070075989)}"
      },
      "probabilisticVariables": null,
      "activating": [
        "SLOWER_32"
      ],
      "activatingOnlyWhenExecuted": true,
      "updating": null,
      "withPredicate": null
    },
    {
      "id": "SLOWER_32",
      "execute": "SLOWER",
      "after": "1000",
      "priority": 0,
      "additionalGuards": null,
      "activationKind": null,
      "fixedVariables": {
        "Crash": "FALSE",
        "VehiclesAy": "{(EgoVehicle↦1.5631940186722204E-12),(Vehicles2↦-1.5631940186722204E-12),(Vehicles3↦-1.5631940186722204E-12),(Vehicles4↦-1.5631940186722204E-12),(Vehicles5↦1.7053025658242404E-12)}",
        "Reward": "0.7489233059067274",
        "VehiclesAx": "{(EgoVehicle↦-3.8548636436462402),(Vehicles2↦3.863636991009116),(Vehicles3↦3.85800514370203),(Vehicles4↦3.8813783694058657),(Vehicles5↦3.8589407550171018)}",
        "VehiclesVx": "{(EgoVehicle↦20.58462381362915),(Vehicles2↦-0.14510915614664555),(Vehicles3↦-0.3825756534934044),(Vehicles4↦-0.11128733865916729),(Vehicles5↦-0.05365386139601469)}",
        "VehiclesY": "{(EgoVehicle↦8.000000238418579),(Vehicles2↦-4.0000001192092896),(Vehicles3↦-2.2648549702353193E-14),(Vehicles4↦-8.000000238418579),(Vehicles5↦-4.0000001192092896)}",
        "VehiclesVy": "{(EgoVehicle↦-7.105427357601002E-14),(Vehicles2↦7.105427357601002E-14),(Vehicles3↦7.105427357601002E-14),(Vehicles4↦7.105427357601002E-14),(Vehicles5↦7.105427357601002E-14)}",
        "VehiclesX": "{(EgoVehicle↦200.0),(Vehicles2↦0.2300997031852603),(Vehicles3↦27.64061689376831),(Vehicles4↦39.78018760681152),(Vehicles5↦61.35953664779663)}"
      },
      "probabilisticVariables": null,
      "activating": [
        "FASTER_33"
      ],
      "activatingOnlyWhenExecuted": true,
      "updating": null,
      "withPredicate": null
    },
    {
      "id": "FASTER_33",
      "execute": "FASTER",
      "after": "1000",
      "priority": 0,
      "additionalGuards": null,
      "activationKind": null,
      "fixedVariables": {
        "Crash": "FALSE",
        "VehiclesAy": "{(EgoVehicle↦5.3290705182007514E-14),(Vehicles2↦-5.3290705182007514E-14),(Vehicles3↦-5.3290705182007514E-14),(Vehicles4↦-5.3290705182007514E-14),(Vehicles5↦8.881784197001252E-14)}",
        "Reward": "0.8511613681303783",
        "VehiclesAx": "{(EgoVehicle↦3.833928108215332),(Vehicles2↦-3.8255257811397314),(Vehicles3↦-3.830616809427738),(Vehicles4↦-3.808655934408307),(Vehicles5↦-3.82960454095155)}",
        "VehiclesVx": "{(EgoVehicle↦24.418551921844482),(Vehicles2↦-3.970634937286377),(Vehicles3↦-4.213192462921143),(Vehicles4↦-3.9199432730674744),(Vehicles5↦-3.8832584023475647)}",
        "VehiclesY": "{(EgoVehicle↦8.000000238418579),(Vehicles2↦-4.0000001192092896),(Vehicles3↦-1.3322676295501878E-15),(Vehicles4↦-8.000000238418579),(Vehicles5↦-4.0000001192092896)}",
        "VehiclesVy": "{(EgoVehicle↦-1.7763568394002505E-14),(Vehicles2↦1.7763568394002505E-14),(Vehicles3↦1.7763568394002505E-14),(Vehicles4↦1.7763568394002505E-14),(Vehicles5↦1.7763568394002505E-14)}",
        "VehiclesX": "{(EgoVehicle↦200.0),(Vehicles2↦-2.026640996336937),(Vehicles3↦25.14433264732361),(Vehicles4↦37.5640869140625),(Vehicles5↦59.19257402420044)}"
      },
      "probabilisticVariables": null,
      "activating": [
        "SLOWER_34"
      ],
      "activatingOnlyWhenExecuted": true,
      "updating": null,
      "withPredicate": null
    },
    {
      "id": "SLOWER_34",
      "execute": "SLOWER",
      "after": "1000",
      "priority": 0,
      "additionalGuards": null,
      "activationKind": null,
      "fixedVariables": {
        "Crash": "FALSE",
        "VehiclesAy": "{(EgoVehicle↦1.7763568394002505E-14),(Vehicles2↦-1.7763568394002505E-14),(Vehicles3↦-1.7763568394002505E-14),(Vehicles4↦-1.7763568394002505E-14),(Vehicles5↦1.7763568394002505E-14)}",
        "Reward": "0.7488497823601046",
        "VehiclesAx": "{(EgoVehicle↦-3.836684226989746),(Vehicles2↦3.844768013805151),(Vehicles3↦3.8401593267917633),(Vehicles4↦3.860788168385625),(Vehicles5↦3.841236592270434)}",
        "VehiclesVx": "{(EgoVehicle↦20.581867694854736),(Vehicles2↦-0.12586692348122597),(Vehicles3↦-0.3730331361293793),(Vehicles4↦-0.05915510468184948),(Vehicles5↦-0.042021810077130795)}",
        "VehiclesY": "{(EgoVehicle↦8.000000238418579),(Vehicles2↦-4.0000001192092896),(Vehicles3↦0.0),(Vehicles4↦-8.000000238418579),(Vehicles5↦-4.0000001192092896)}",
        "VehiclesVy": "{(EgoVehicle↦0.0),(Vehicles2↦0.0),(Vehicles3↦0.0),(Vehicles4↦0.0),(Vehicles5↦0.0)}",
        "VehiclesX": "{(EgoVehicle↦200.0),(Vehicles2↦-3.8774780929088593),(Vehicles3↦23.04905652999878),(Vehicles4↦35.770416259765625),(Vehicles5↦57.42765665054321)}"
      },
      "probabilisticVariables": null,
      "activating": [
        "SLOWER_35"
      ],
      "activatingOnlyWhenExecuted": true,
      "updating": null,
      "withPredicate": null
    },
    {
      "id": "SLOWER_35",
      "execute": "SLOWER",
      "after": "1000",
      "priority": 0,
      "additionalGuards": null,
      "activationKind": null,
      "fixedVariables": {
        "Crash": "FALSE",
        "VehiclesAy": "{(EgoVehicle↦0.0),(Vehicles2↦0.0),(Vehicles3↦0.0),(Vehicles4↦0.0),(Vehicles5↦0.0)}",
        "Reward": "0.73537665172369",
        "VehiclesAx": "{(EgoVehicle↦-0.5052423477172852),(Vehicles2↦0.5130535177886486),(Vehicles3↦0.5088751763105392),(Vehicles4↦0.5282471608370543),(Vehicles5↦0.5100068217143416)}",
        "VehiclesVx": "{(EgoVehicle↦20.07662534713745),(Vehicles2↦0.38718659430742264),(Vehicles3↦0.13584204018115997),(Vehicles4↦0.4690920561552048),(Vehicles5↦0.46798501163721085)}",
        "VehiclesY": "{(EgoVehicle↦8.000000238418579),(Vehicles2↦-4.0000001192092896),(Vehicles3↦0.0),(Vehicles4↦-8.000000238418579),(Vehicles5↦-4.0000001192092896)}",
        "VehiclesVy": "{(EgoVehicle↦0.0),(Vehicles2↦0.0),(Vehicles3↦0.0),(Vehicles4↦0.0),(Vehicles5↦0.0)}",
        "VehiclesX": "{(EgoVehicle↦200.0),(Vehicles2↦-3.7214793264865875),(Vehicles3↦22.956185042858124),(Vehicles4↦35.99926829338074),(Vehicles5↦57.666248083114624)}"
      },
      "probabilisticVariables": null,
      "activating": [
        "IDLE_36"
      ],
      "activatingOnlyWhenExecuted": true,
      "updating": null,
      "withPredicate": null
    },
    {
      "id": "IDLE_36",
      "execute": "IDLE",
      "after": "1000",
      "priority": 0,
      "additionalGuards": null,
      "activationKind": null,
      "fixedVariables": {
        "Crash": "FALSE",
        "VehiclesAy": "{(EgoVehicle↦0.0),(Vehicles2↦0.0),(Vehicles3↦0.0),(Vehicles4↦0.0),(Vehicles5↦0.0)}",
        "Reward": "0.7336024122983185",
        "VehiclesAx": "{(EgoVehicle↦-0.06653547286987305),(Vehicles2↦0.07411271333694458),(Vehicles3↦0.07031824439764023),(Vehicles4↦0.08850429207086563),(Vehicles5↦0.07149472832679749)}",
        "VehiclesVx": "{(EgoVehicle↦20.010089874267578),(Vehicles2↦0.4612993076443672),(Vehicles3↦0.2061602845788002),(Vehicles4↦0.5575963482260704),(Vehicles5↦0.5394797399640083)}",
        "VehiclesY": "{(EgoVehicle↦8.000000238418579),(Vehicles2↦-4.0000001192092896),(Vehicles3↦0.0),(Vehicles4↦-8.000000238418579),(Vehicles5↦-4.0000001192092896)}",
        "VehiclesVy": "{(EgoVehicle↦0.0),(Vehicles2↦0.0),(Vehicles3↦0.0),(Vehicles4↦0.0),(Vehicles5↦0.0)}",
        "VehiclesX": "{(EgoVehicle↦200.0),(Vehicles2↦-3.294539824128151),(Vehicles3↦23.130233585834503),(Vehicles4↦36.513933539390564),(Vehicles5↦58.17290544509888)}"
      },
      "probabilisticVariables": null,
      "activating": [
        "IDLE_37"
      ],
      "activatingOnlyWhenExecuted": true,
      "updating": null,
      "withPredicate": null
    },
    {
      "id": "IDLE_37",
      "execute": "IDLE",
      "after": "1000",
      "priority": 0,
      "additionalGuards": null,
      "activationKind": null,
      "fixedVariables": {
        "Crash": "FALSE",
        "VehiclesAy": "{(EgoVehicle↦0.0),(Vehicles2↦0.0),(Vehicles3↦0.0),(Vehicles4↦0.0),(Vehicles5↦0.0)}",
        "Reward": "0.7333687676003273",
        "VehiclesAx": "{(EgoVehicle↦-0.008761882781982422),(Vehicles2↦0.016142725944519043),(Vehicles3↦0.012690611183643341),(Vehicles4↦0.029757395386695862),(Vehicles5↦0.013903304934501648)}",
        "VehiclesVx": "{(EgoVehicle↦20.001327991485596),(Vehicles2↦0.47744203358888626),(Vehicles3↦0.21885089576244354),(Vehicles4↦0.5873537436127663),(Vehicles5↦0.55338304489851)}",
        "VehiclesY": "{(EgoVehicle↦8.000000238418579),(Vehicles2↦-4.0000001192092896),(Vehicles3↦0.0),(Vehicles4↦-8.000000238418579),(Vehicles5↦-4.0000001192092896)}",
        "VehiclesVy": "{(EgoVehicle↦0.0),(Vehicles2↦0.0),(Vehicles3↦0.0),(Vehicles4↦0.0),(Vehicles5↦0.0)}",
        "VehiclesX": "{(EgoVehicle↦200.0),(Vehicles2↦-2.8254402801394463),(Vehicles3↦23.342788219451904),(Vehicles4↦37.08483874797821),(Vehicles5↦58.71925950050354)}"
      },
      "probabilisticVariables": null,
      "activating": [
        "SLOWER_38"
      ],
      "activatingOnlyWhenExecuted": true,
      "updating": null,
      "withPredicate": null
    },
    {
      "id": "SLOWER_38",
      "execute": "SLOWER",
      "after": "1000",
      "priority": 0,
      "additionalGuards": null,
      "activationKind": null,
      "fixedVariables": {
        "Crash": "FALSE",
        "VehiclesAy": "{(EgoVehicle↦0.0),(Vehicles2↦0.0),(Vehicles3↦0.0),(Vehicles4↦0.0),(Vehicles5↦0.0)}",
        "Reward": "0.7333379995742543",
        "VehiclesAx": "{(EgoVehicle↦-0.0011539459228515625),(Vehicles2↦0.008367300033569336),(Vehicles3↦0.005220398306846619),(Vehicles4↦0.021230541169643402),(Vehicles5↦0.0064615532755851746)}",
        "VehiclesVx": "{(EgoVehicle↦20.000174045562744),(Vehicles2↦0.4858093336224556),(Vehicles3↦0.22407129406929016),(Vehicles4↦0.6085842847824097),(Vehicles5↦0.5598445981740952)}",
        "VehiclesY": "{(EgoVehicle↦8.000000238418579),(Vehicles2↦-4.0000001192092896),(Vehicles3↦0.0),(Vehicles4↦-8.000000238418579),(Vehicles5↦-4.0000001192092896)}",
        "VehiclesVy": "{(EgoVehicle↦0.0),(Vehicles2↦0.0),(Vehicles3↦0.0),(Vehicles4↦0.0),(Vehicles5↦0.0)}",
        "VehiclesX": "{(EgoVehicle↦200.0),(Vehicles2↦-2.3444639518857002),(Vehicles3↦23.563891649246216),(Vehicles4↦37.6809298992157),(Vehicles5↦59.27538871765137)}"
      },
      "probabilisticVariables": null,
      "activating": [
        "SLOWER_39"
      ],
      "activatingOnlyWhenExecuted": true,
      "updating": null,
      "withPredicate": null
    },
    {
      "id": "SLOWER_39",
      "execute": "SLOWER",
      "after": "1000",
      "priority": 0,
      "additionalGuards": null,
      "activationKind": null,
      "fixedVariables": {
        "Crash": "FALSE",
        "VehiclesAy": "{(EgoVehicle↦0.0),(Vehicles2↦0.0),(Vehicles3↦0.0),(Vehicles4↦0.0),(Vehicles5↦0.0)}",
        "Reward": "0.7333339478177344",
        "VehiclesAx": "{(EgoVehicle↦-0.00015020370483398438),(Vehicles2↦0.007223933935165405),(Vehicles3↦0.004348978400230408),(Vehicles4↦0.019361600279808044),(Vehicles5↦0.005611740052700043)}",
        "VehiclesVx": "{(EgoVehicle↦20.00002384185791),(Vehicles2↦0.493033267557621),(Vehicles3↦0.22842027246952057),(Vehicles4↦0.6279458850622177),(Vehicles5↦0.5654563382267952)}",
        "VehiclesY": "{(EgoVehicle↦8.000000238418579),(Vehicles2↦-4.0000001192092896),(Vehicles3↦0.0),(Vehicles4↦-8.000000238418579),(Vehicles5↦-4.0000001192092896)}",
        "VehiclesVy": "{(EgoVehicle↦0.0),(Vehicles2↦0.0),(Vehicles3↦0.0),(Vehicles4↦0.0),(Vehicles5↦0.0)}",
        "VehiclesX": "{(EgoVehicle↦200.0),(Vehicles2↦-1.8557315692305565),(Vehicles3↦23.78971427679062),(Vehicles4↦38.29734921455383),(Vehicles5↦59.83749032020569)}"
      },
      "probabilisticVariables": null,
      "activating": [
        "SLOWER_40"
      ],
      "activatingOnlyWhenExecuted": true,
      "updating": null,
      "withPredicate": null
    },
    {
      "id": "SLOWER_40",
      "execute": "SLOWER",
      "after": "1000",
      "priority": 0,
      "additionalGuards": null,
      "activationKind": null,
      "fixedVariables": {
        "Crash": "FALSE",
        "VehiclesAy": "{(EgoVehicle↦0.0),(Vehicles2↦0.0),(Vehicles3↦0.0),(Vehicles4↦0.0),(Vehicles5↦0.0)}",
        "Reward": "0.73333341425309",
        "VehiclesAx": "{(EgoVehicle↦-2.1457672119140625E-05),(Vehicles2↦0.00697307288646698),(Vehicles3↦0.004340261220932007),(Vehicles4↦0.018410906195640564),(Vehicles5↦0.005618482828140259)}",
        "VehiclesVx": "{(EgoVehicle↦20.00000238418579),(Vehicles2↦0.500006340444088),(Vehicles3↦0.23276053369045258),(Vehicles4↦0.6463567912578583),(Vehicles5↦0.5710748210549355)}",
        "VehiclesY": "{(EgoVehicle↦8.000000238418579),(Vehicles2↦-4.0000001192092896),(Vehicles3↦0.0),(Vehicles4↦-8.000000238418579),(Vehicles5↦-4.0000001192092896)}",
        "VehiclesVy": "{(EgoVehicle↦0.0),(Vehicles2↦0.0),(Vehicles3↦0.0),(Vehicles4↦0.0),(Vehicles5↦0.0)}",
        "VehiclesX": "{(EgoVehicle↦200.0),(Vehicles2↦-1.3598973862826824),(Vehicles3↦24.019864201545715),(Vehicles4↦38.93272578716278),(Vehicles5↦60.40518879890442)}"
      },
      "probabilisticVariables": null,
      "activating": [
        "IDLE_41"
      ],
      "activatingOnlyWhenExecuted": true,
      "updating": null,
      "withPredicate": null
    },
    {
      "id": "IDLE_41",
      "execute": "IDLE",
      "after": "1000",
      "priority": 0,
      "additionalGuards": null,
      "activationKind": null,
      "fixedVariables": {
        "Crash": "FALSE",
        "VehiclesAy": "{(EgoVehicle↦0.0),(Vehicles2↦0.0),(Vehicles3↦0.0),(Vehicles4↦0.0),(Vehicles5↦0.0)}",
        "Reward": "0.7333333439894331",
        "VehiclesAx": "{(EgoVehicle↦-2.384185791015625E-06),(Vehicles2↦0.0068561360239982605),(Vehicles3↦0.004438813775777817),(Vehicles4↦0.017619729042053223),(Vehicles5↦0.005727075040340424)}",
        "VehiclesVx": "{(EgoVehicle↦20.0),(Vehicles2↦0.5068624764680862),(Vehicles3↦0.2371993474662304),(Vehicles4↦0.6639765202999115),(Vehicles5↦0.5768018960952759)}",
        "VehiclesY": "{(EgoVehicle↦8.000000238418579),(Vehicles2↦-4.0000001192092896),(Vehicles3↦0.0),(Vehicles4↦-8.000000238418579),(Vehicles5↦-4.0000001192092896)}",
        "VehiclesVy": "{(EgoVehicle↦0.0),(Vehicles2↦0.0),(Vehicles3↦0.0),(Vehicles4↦0.0),(Vehicles5↦0.0)}",
        "VehiclesX": "{(EgoVehicle↦200.0),(Vehicles2↦-0.8571409620344639),(Vehicles3↦24.254392087459564),(Vehicles4↦39.58619236946106),(Vehicles5↦60.978543758392334)}"
      },
      "probabilisticVariables": null,
      "activating": [
        "FASTER_42"
      ],
      "activatingOnlyWhenExecuted": true,
      "updating": null,
      "withPredicate": null
    },
    {
      "id": "FASTER_42",
      "execute": "FASTER",
      "after": "1000",
      "priority": 0,
      "additionalGuards": null,
      "activationKind": null,
      "fixedVariables": {
        "Crash": "FALSE",
        "VehiclesAy": "{(EgoVehicle↦0.0),(Vehicles2↦0.0),(Vehicles3↦0.0),(Vehicles4↦0.0),(Vehicles5↦0.0)}",
        "Reward": "0.8491083690301585",
        "VehiclesAx": "{(EgoVehicle↦4.341564178466797),(Vehicles2↦-4.334792867302895),(Vehicles3↦-4.337018709629774),(Vehicles4↦-4.324678033590317),(Vehicles5↦-4.335725009441376)}",
        "VehiclesVx": "{(EgoVehicle↦24.341564178466797),(Vehicles2↦-3.8279303908348083),(Vehicles3↦-4.099819362163544),(Vehicles4↦-3.6607015132904053),(Vehicles5↦-3.7589231133461)}",
        "VehiclesY": "{(EgoVehicle↦8.000000238418579),(Vehicles2↦-4.0000001192092896),(Vehicles3↦0.0),(Vehicles4↦-8.000000238418579),(Vehicles5↦-4.0000001192092896)}",
        "VehiclesVy": "{(EgoVehicle↦0.0),(Vehicles2↦0.0),(Vehicles3↦0.0),(Vehicles4↦0.0),(Vehicles5↦0.0)}",
        "VehiclesX": "{(EgoVehicle↦200.0),(Vehicles2↦-2.7426257729530334),(Vehicles3↦22.098340094089508),(Vehicles4↦37.86191642284393),(Vehicles5↦59.16261076927185)}"
      },
      "probabilisticVariables": null,
      "activating": [
        "SLOWER_43"
      ],
      "activatingOnlyWhenExecuted": true,
      "updating": null,
      "withPredicate": null
    },
    {
      "id": "SLOWER_43",
      "execute": "SLOWER",
      "after": "1000",
      "priority": 0,
      "additionalGuards": null,
      "activationKind": null,
      "fixedVariables": {
        "Crash": "FALSE",
        "VehiclesAy": "{(EgoVehicle↦0.0),(Vehicles2↦0.0),(Vehicles3↦0.0),(Vehicles4↦0.0),(Vehicles5↦0.0)}",
        "Reward": "0.7485794285691293",
        "VehiclesAx": "{(EgoVehicle↦-3.76983642578125),(Vehicles2↦3.7765374034643173),(Vehicles3↦3.774481527507305),(Vehicles4↦3.7860280741006136),(Vehicles5↦3.775775959948078)}",
        "VehiclesVx": "{(EgoVehicle↦20.571727752685547),(Vehicles2↦-0.05139298737049103),(Vehicles3↦-0.32533783465623856),(Vehicles4↦0.12532656081020832),(Vehicles5↦0.016852846601977944)}",
        "VehiclesY": "{(EgoVehicle↦8.000000238418579),(Vehicles2↦-4.0000001192092896),(Vehicles3↦0.0),(Vehicles4↦-8.000000238418579),(Vehicles5↦-4.0000001192092896)}",
        "VehiclesVy": "{(EgoVehicle↦0.0),(Vehicles2↦0.0),(Vehicles3↦0.0),(Vehicles4↦0.0),(Vehicles5↦0.0)}",
        "VehiclesX": "{(EgoVehicle↦200.0),(Vehicles2↦-4.488207399845123),(Vehicles3↦20.08003294467926),(Vehicles4↦36.28740906715393),(Vehicles5↦57.48571753501892)}"
      },
      "probabilisticVariables": null,
      "activating": [
        "SLOWER_44"
      ],
      "activatingOnlyWhenExecuted": true,
      "updating": null,
      "withPredicate": null
    },
    {
      "id": "SLOWER_44",
      "execute": "SLOWER",
      "after": "1000",
      "priority": 0,
      "additionalGuards": null,
      "activationKind": null,
      "fixedVariables": {
        "Crash": "FALSE",
        "VehiclesAy": "{(EgoVehicle↦0.0),(Vehicles2↦0.0),(Vehicles3↦0.0),(Vehicles4↦0.0),(Vehicles5↦0.0)}",
        "Reward": "0.7353410495783764",
        "VehiclesAx": "{(EgoVehicle↦-0.49643754959106445),(Vehicles2↦0.503084734082222),(Vehicles3↦0.501179713755846),(Vehicles4↦0.5119762104004622),(Vehicles5↦0.502471694489941)}",
        "VehiclesVx": "{(EgoVehicle↦20.075290203094482),(Vehicles2↦0.45169174671173096),(Vehicles3↦0.17584187909960747),(Vehicles4↦0.6373027712106705),(Vehicles5↦0.519324541091919)}",
        "VehiclesY": "{(EgoVehicle↦8.000000238418579),(Vehicles2↦-4.0000001192092896),(Vehicles3↦0.0),(Vehicles4↦-8.000000238418579),(Vehicles5↦-4.0000001192092896)}",
        "VehiclesVy": "{(EgoVehicle↦0.0),(Vehicles2↦0.0),(Vehicles3↦0.0),(Vehicles4↦0.0),(Vehicles5↦0.0)}",
        "VehiclesX": "{(EgoVehicle↦200.0),(Vehicles2↦-4.263073205947876),(Vehicles3↦20.030449330806732),(Vehicles4↦36.69286668300629),(Vehicles5↦57.77884125709534)}"
      },
      "probabilisticVariables": null,
      "activating": [
        "SLOWER_45"
      ],
      "activatingOnlyWhenExecuted": true,
      "updating": null,
      "withPredicate": null
    },
    {
      "id": "SLOWER_45",
      "execute": "SLOWER",
      "after": "1000",
      "priority": 0,
      "additionalGuards": null,
      "activationKind": null,
      "fixedVariables": {
        "Crash": "FALSE",
        "VehiclesAy": "{(EgoVehicle↦0.0),(Vehicles2↦0.0),(Vehicles3↦0.0),(Vehicles4↦0.0),(Vehicles5↦0.0)}",
        "Reward": "0.7335977239499646",
        "VehiclesAx": "{(EgoVehicle↦-0.06537437438964844),(Vehicles2↦0.07197398692369461),(Vehicles3↦0.07020246237516403),(Vehicles4↦0.08029013872146606),(Vehicles5↦0.07148869335651398)}",
        "VehiclesVx": "{(EgoVehicle↦20.009915828704834),(Vehicles2↦0.5236657336354256),(Vehicles3↦0.2460443414747715),(Vehicles4↦0.7175929099321365),(Vehicles5↦0.5908132344484329)}",
        "VehiclesY": "{(EgoVehicle↦8.000000238418579),(Vehicles2↦-4.0000001192092896),(Vehicles3↦0.0),(Vehicles4↦-8.000000238418579),(Vehicles5↦-4.0000001192092896)}",
        "VehiclesVy": "{(EgoVehicle↦0.0),(Vehicles2↦0.0),(Vehicles3↦0.0),(Vehicles4↦0.0),(Vehicles5↦0.0)}",
        "VehiclesX": "{(EgoVehicle↦200.0),(Vehicles2↦-3.7726737558841705),(Vehicles3↦20.244280993938446),(Vehicles4↦37.372249364852905),(Vehicles5↦58.33667516708374)}"
      },
      "probabilisticVariables": null,
      "activating": [
        "SLOWER_46"
      ],
      "activatingOnlyWhenExecuted": true,
      "updating": null,
      "withPredicate": null
    },
    {
      "id": "SLOWER_46",
      "execute": "SLOWER",
      "after": "1000",
      "priority": 0,
      "additionalGuards": null,
      "activationKind": null,
      "fixedVariables": {
        "Crash": "FALSE",
        "VehiclesAy": "{(EgoVehicle↦0.0),(Vehicles2↦0.0),(Vehicles3↦0.0),(Vehicles4↦0.0),(Vehicles5↦0.0)}",
        "Reward": "0.7333681502046593",
        "VehiclesAx": "{(EgoVehicle↦-0.008609294891357422),(Vehicles2↦0.015170536935329437),(Vehicles3↦0.01351717859506607),(Vehicles4↦0.022934898734092712),(Vehicles5↦0.014794915914535522)}",
        "VehiclesVx": "{(EgoVehicle↦20.001306533813477),(Vehicles2↦0.538836270570755),(Vehicles3↦0.25956152006983757),(Vehicles4↦0.7405278086662292),(Vehicles5↦0.6056081503629684)}",
        "VehiclesY": "{(EgoVehicle↦8.000000238418579),(Vehicles2↦-4.0000001192092896),(Vehicles3↦0.0),(Vehicles4↦-8.000000238418579),(Vehicles5↦-4.0000001192092896)}",
        "VehiclesVy": "{(EgoVehicle↦0.0),(Vehicles2↦0.0),(Vehicles3↦0.0),(Vehicles4↦0.0),(Vehicles5↦0.0)}",
        "VehiclesX": "{(EgoVehicle↦200.0),(Vehicles2↦-3.2416317611932755),(Vehicles3↦20.49703150987625),(Vehicles4↦38.10036778450012),(Vehicles5↦58.93470644950867)}"
      },
      "probabilisticVariables": null,
      "activating": [
        "IDLE_47"
      ],
      "activatingOnlyWhenExecuted": true,
      "updating": null,
      "withPredicate": null
    },
    {
      "id": "IDLE_47",
      "execute": "IDLE",
      "after": "1000",
      "priority": 0,
      "additionalGuards": null,
      "activationKind": null,
      "fixedVariables": {
        "Crash": "FALSE",
        "VehiclesAy": "{(EgoVehicle↦0.0),(Vehicles2↦0.0),(Vehicles3↦0.0),(Vehicles4↦0.0),(Vehicles5↦0.0)}",
        "Reward": "0.7333379182711212",
        "VehiclesAx": "{(EgoVehicle↦-0.0011348724365234375),(Vehicles2↦0.007664673030376434),(Vehicles3↦0.006115548312664032),(Vehicles4↦0.014900192618370056),(Vehicles5↦0.007382407784461975)}",
        "VehiclesVx": "{(EgoVehicle↦20.000171661376953),(Vehicles2↦0.5465009436011314),(Vehicles3↦0.2656770683825016),(Vehicles4↦0.7554280012845993),(Vehicles5↦0.6129905581474304)}",
        "VehiclesY": "{(EgoVehicle↦8.000000238418579),(Vehicles2↦-4.0000001192092896),(Vehicles3↦0.0),(Vehicles4↦-8.000000238418579),(Vehicles5↦-4.0000001192092896)}",
        "VehiclesVy": "{(EgoVehicle↦0.0),(Vehicles2↦0.0),(Vehicles3↦0.0),(Vehicles4↦0.0),(Vehicles5↦0.0)}",
        "VehiclesX": "{(EgoVehicle↦200.0),(Vehicles2↦-2.6995552703738213),(Vehicles3↦20.759205520153046),(Vehicles4↦38.847070932388306),(Vehicles5↦59.5434308052063)}"
      },
      "probabilisticVariables": null,
      "activating": [
        "IDLE_48"
      ],
      "activatingOnlyWhenExecuted": true,
      "updating": null,
      "withPredicate": null
    },
    {
      "id": "IDLE_48",
      "execute": "IDLE",
      "after": "1000",
      "priority": 0,
      "additionalGuards": null,
      "activationKind": null,
      "fixedVariables": {
        "Crash": "FALSE",
        "VehiclesAy": "{(EgoVehicle↦0.0),(Vehicles2↦0.0),(Vehicles3↦0.0),(Vehicles4↦0.0),(Vehicles5↦0.0)}",
        "Reward": "0.733333937111149",
        "VehiclesAx": "{(EgoVehicle↦-0.00015020370483398438),(Vehicles2↦0.006655529141426086),(Vehicles3↦0.005198344588279724),(Vehicles4↦0.013384446501731873),(Vehicles5↦0.006452351808547974)}",
        "VehiclesVx": "{(EgoVehicle↦20.00002145767212),(Vehicles2↦0.5531564727425575),(Vehicles3↦0.2708754129707813),(Vehicles4↦0.7688124477863312),(Vehicles5↦0.6194429099559784)}",
        "VehiclesY": "{(EgoVehicle↦8.000000238418579),(Vehicles2↦-4.0000001192092896),(Vehicles3↦0.0),(Vehicles4↦-8.000000238418579),(Vehicles5↦-4.0000001192092896)}",
        "VehiclesVy": "{(EgoVehicle↦0.0),(Vehicles2↦0.0),(Vehicles3↦0.0),(Vehicles4↦0.0),(Vehicles5↦0.0)}",
        "VehiclesX": "{(EgoVehicle↦200.0),(Vehicles2↦-2.150367759168148),(Vehicles3↦21.026979386806488),(Vehicles4↦39.60791826248169),(Vehicles5↦60.159021615982056)}"
      },
      "probabilisticVariables": null,
      "activating": [
        "IDLE_49"
      ],
      "activatingOnlyWhenExecuted": true,
      "updating": null,
      "withPredicate": null
    },
    {
      "id": "IDLE_49",
      "execute": "IDLE",
      "after": "1000",
      "priority": 0,
      "additionalGuards": null,
      "activationKind": null,
      "fixedVariables": {
        "Crash": "FALSE",
        "VehiclesAy": "{(EgoVehicle↦0.0),(Vehicles2↦0.0),(Vehicles3↦0.0),(Vehicles4↦0.0),(Vehicles5↦0.0)}",
        "Reward": "0.7333334128431691",
        "VehiclesAx": "{(EgoVehicle↦-1.9073486328125E-05),(Vehicles2↦0.006505958735942841),(Vehicles3↦0.005129575729370117),(Vehicles4↦0.01274995505809784),(Vehicles5↦0.006369054317474365)}",
        "VehiclesVx": "{(EgoVehicle↦20.00000238418579),(Vehicles2↦0.5596624314785004),(Vehicles3↦0.27600498870015144),(Vehicles4↦0.781562402844429),(Vehicles5↦0.6258119642734528)}",
        "VehiclesY": "{(EgoVehicle↦8.000000238418579),(Vehicles2↦-4.0000001192092896),(Vehicles3↦0.0),(Vehicles4↦-8.000000238418579),(Vehicles5↦-4.0000001192092896)}",
        "VehiclesVy": "{(EgoVehicle↦0.0),(Vehicles2↦0.0),(Vehicles3↦0.0),(Vehicles4↦0.0),(Vehicles5↦0.0)}",
        "VehiclesX": "{(EgoVehicle↦200.0),(Vehicles2↦-1.5946045517921448),(Vehicles3↦21.299904584884644),(Vehicles4↦40.38187265396118),(Vehicles5↦60.78101396560669)}"
      },
      "probabilisticVariables": null,
      "activating": [
        "IDLE_50"
      ],
      "activatingOnlyWhenExecuted": true,
      "updating": null,
      "withPredicate": null
    },
    {
      "id": "IDLE_50",
      "execute": "IDLE",
      "after": "1000",
      "priority": 0,
      "additionalGuards": null,
      "activationKind": null,
      "fixedVariables": {
        "Crash": "FALSE",
        "VehiclesAy": "{(EgoVehicle↦0.0),(Vehicles2↦0.0),(Vehicles3↦0.0),(Vehicles4↦0.0),(Vehicles5↦0.0)}",
        "Reward": "0.7333333438037645",
        "VehiclesAx": "{(EgoVehicle↦-2.384185791015625E-06),(Vehicles2↦0.0064726173877716064),(Vehicles3↦0.0051672570407390594),(Vehicles4↦0.012252777814865112),(Vehicles5↦0.006390810012817383)}",
        "VehiclesVx": "{(EgoVehicle↦20.0),(Vehicles2↦0.566135048866272),(Vehicles3↦0.2811722457408905),(Vehicles4↦0.7938151806592941),(Vehicles5↦0.6322027742862701)}",
        "VehiclesY": "{(EgoVehicle↦8.000000238418579),(Vehicles2↦-4.0000001192092896),(Vehicles3↦0.0),(Vehicles4↦-8.000000238418579),(Vehicles5↦-4.0000001192092896)}",
        "VehiclesVy": "{(EgoVehicle↦0.0),(Vehicles2↦0.0),(Vehicles3↦0.0),(Vehicles4↦0.0),(Vehicles5↦0.0)}",
        "VehiclesX": "{(EgoVehicle↦200.0),(Vehicles2↦-1.0323514230549335),(Vehicles3↦21.577972173690796),(Vehicles4↦41.168373823165894),(Vehicles5↦61.40937805175781)}"
      },
      "probabilisticVariables": null,
      "activating": [
        "IDLE_51"
      ],
      "activatingOnlyWhenExecuted": true,
      "updating": null,
      "withPredicate": null
    },
    {
      "id": "IDLE_51",
      "execute": "IDLE",
      "after": "1000",
      "priority": 0,
      "additionalGuards": null,
      "activationKind": null,
      "fixedVariables": {
        "Crash": "FALSE",
        "VehiclesAy": "{(EgoVehicle↦0.0),(Vehicles2↦0.0),(Vehicles3↦0.0),(Vehicles4↦0.0),(Vehicles5↦0.0)}",
        "Reward": "0.7333333347121554",
        "VehiclesAx": "{(EgoVehicle↦0.0),(Vehicles2↦0.006457120180130005),(Vehicles3↦0.005213897675275803),(Vehicles4↦0.011793747544288635),(Vehicles5↦0.00642038881778717)}",
        "VehiclesVx": "{(EgoVehicle↦20.0),(Vehicles2↦0.572592169046402),(Vehicles3↦0.2863861434161663),(Vehicles4↦0.8056089282035828),(Vehicles5↦0.6386231631040573)}",
        "VehiclesY": "{(EgoVehicle↦8.000000238418579),(Vehicles2↦-4.0000001192092896),(Vehicles3↦0.0),(Vehicles4↦-8.000000238418579),(Vehicles5↦-4.0000001192092896)}",
        "VehiclesVy": "{(EgoVehicle↦0.0),(Vehicles2↦0.0),(Vehicles3↦0.0),(Vehicles4↦0.0),(Vehicles5↦0.0)}",
        "VehiclesX": "{(EgoVehicle↦200.0),(Vehicles2↦-0.46363254077732563),(Vehicles3↦21.861226856708527),(Vehicles4↦41.96694195270538),(Vehicles5↦62.04414963722229)}"
      },
      "probabilisticVariables": null,
      "activating": [
        "IDLE_52"
      ],
      "activatingOnlyWhenExecuted": true,
      "updating": null,
      "withPredicate": null
    },
    {
      "id": "IDLE_52",
      "execute": "IDLE",
      "after": "1000",
      "priority": 0,
      "additionalGuards": null,
      "activationKind": null,
      "fixedVariables": {
        "Crash": "FALSE",
        "VehiclesAy": "{(EgoVehicle↦0.0),(Vehicles2↦0.0),(Vehicles3↦0.0),(Vehicles4↦0.0),(Vehicles5↦0.0)}",
        "Reward": "0.7333333335149067",
        "VehiclesAx": "{(EgoVehicle↦0.0),(Vehicles2↦0.006445720791816711),(Vehicles3↦0.005256831645965576),(Vehicles4↦0.011358559131622314),(Vehicles5↦0.006445348262786865)}",
        "VehiclesVx": "{(EgoVehicle↦20.0),(Vehicles2↦0.5790378898382187),(Vehicles3↦0.2916429750621319),(Vehicles4↦0.8169674873352051),(Vehicles5↦0.6450685113668442)}",
        "VehiclesY": "{(EgoVehicle↦8.000000238418579),(Vehicles2↦-4.0000001192092896),(Vehicles3↦0.0),(Vehicles4↦-8.000000238418579),(Vehicles5↦-4.0000001192092896)}",
        "VehiclesVy": "{(EgoVehicle↦0.0),(Vehicles2↦0.0),(Vehicles3↦0.0),(Vehicles4↦0.0),(Vehicles5↦0.0)}",
        "VehiclesX": "{(EgoVehicle↦200.0),(Vehicles2↦0.11153875384479761),(Vehicles3↦22.149713337421417),(Vehicles4↦42.7771270275116),(Vehicles5↦62.685346603393555)}"
      },
      "probabilisticVariables": null,
      "activating": [
        "FASTER_53"
      ],
      "activatingOnlyWhenExecuted": true,
      "updating": null,
      "withPredicate": null
    },
    {
      "id": "FASTER_53",
      "execute": "FASTER",
      "after": "1000",
      "priority": 0,
      "additionalGuards": null,
      "activationKind": null,
      "fixedVariables": {
        "Crash": "FALSE",
        "VehiclesAy": "{(EgoVehicle↦0.0),(Vehicles2↦0.0),(Vehicles3↦0.0),(Vehicles4↦0.0),(Vehicles5↦0.0)}",
        "Reward": "0.8491083676507971",
        "VehiclesAx": "{(EgoVehicle↦4.341564178466797),(Vehicles2↦-4.33512769639492),(Vehicles3↦-4.3362693302333355),(Vehicles4↦-4.33061957359314),(Vehicles5↦-4.335099384188652)}",
        "VehiclesVx": "{(EgoVehicle↦24.341564178466797),(Vehicles2↦-3.7560898065567017),(Vehicles3↦-4.044626355171204),(Vehicles4↦-3.5136520862579346),(Vehicles5↦-3.690030872821808)}",
        "VehiclesY": "{(EgoVehicle↦8.000000238418579),(Vehicles2↦-4.0000001192092896),(Vehicles3↦0.0),(Vehicles4↦-8.000000238418579),(Vehicles5↦-4.0000001192092896)}",
        "VehiclesVy": "{(EgoVehicle↦0.0),(Vehicles2↦0.0),(Vehicles3↦0.0),(Vehicles4↦0.0),(Vehicles5↦0.0)}",
        "VehiclesX": "{(EgoVehicle↦200.0),(Vehicles2↦-1.701909862458706),(Vehicles3↦20.048409700393677),(Vehicles4↦41.203442215919495),(Vehicles5↦60.93793511390686)}"
      },
      "probabilisticVariables": null,
      "activating": [
        "SLOWER_54"
      ],
      "activatingOnlyWhenExecuted": true,
      "updating": null,
      "withPredicate": null
    },
    {
      "id": "SLOWER_54",
      "execute": "SLOWER",
      "after": "1000",
      "priority": 0,
      "additionalGuards": null,
      "activationKind": null,
      "fixedVariables": {
        "Crash": "FALSE",
        "VehiclesAy": "{(EgoVehicle↦0.0),(Vehicles2↦0.0),(Vehicles3↦0.0),(Vehicles4↦0.0),(Vehicles5↦0.0)}",
        "Reward": "0.7485794283874849",
        "VehiclesAx": "{(EgoVehicle↦-3.76983642578125),(Vehicles2↦3.7762628914788365),(Vehicles3↦3.775162473320961),(Vehicles4↦3.7803846783936024),(Vehicles5↦3.776313029229641)}",
        "VehiclesVx": "{(EgoVehicle↦20.571727752685547),(Vehicles2↦0.020173084922134876),(Vehicles3↦-0.2694638818502426),(Vehicles4↦0.2667325921356678),(Vehicles5↦0.0862821564078331)}",
        "VehiclesY": "{(EgoVehicle↦8.000000238418579),(Vehicles2↦-4.0000001192092896),(Vehicles3↦0.0),(Vehicles4↦-8.000000238418579),(Vehicles5↦-4.0000001192092896)}",
        "VehiclesVy": "{(EgoVehicle↦0.0),(Vehicles2↦0.0),(Vehicles3↦0.0),(Vehicles4↦0.0),(Vehicles5↦0.0)}",
        "VehiclesX": "{(EgoVehicle↦200.0),(Vehicles2↦-3.375765308737755),(Vehicles3↦18.085573613643646),(Vehicles4↦39.7737056016922),(Vehicles5↦59.330159425735474)}"
      },
      "probabilisticVariables": null,
      "activating": [
        "SLOWER_55"
      ],
      "activatingOnlyWhenExecuted": true,
      "updating": null,
      "withPredicate": null
    },
    {
      "id": "SLOWER_55",
      "execute": "SLOWER",
      "after": "1000",
      "priority": 0,
      "additionalGuards": null,
      "activationKind": null,
      "fixedVariables": {
        "Crash": "FALSE",
        "VehiclesAy": "{(EgoVehicle↦0.0),(Vehicles2↦0.0),(Vehicles3↦0.0),(Vehicles4↦0.0),(Vehicles5↦0.0)}",
        "Reward": "0.7353410495544561",
        "VehiclesAx": "{(EgoVehicle↦-0.49643754959106445),(Vehicles2↦0.5028588650748134),(Vehicles3↦0.5017939396202564),(Vehicles4↦0.5066120438277721),(Vehicles5↦0.5029249936342239)}",
        "VehiclesVx": "{(EgoVehicle↦20.075290203094482),(Vehicles2↦0.5230319499969482),(Vehicles3↦0.2323300577700138),(Vehicles4↦0.7733446359634399),(Vehicles5↦0.589207150042057)}",
        "VehiclesY": "{(EgoVehicle↦8.000000238418579),(Vehicles2↦-4.0000001192092896),(Vehicles3↦0.0),(Vehicles4↦-8.000000238418579),(Vehicles5↦-4.0000001192092896)}",
        "VehiclesVy": "{(EgoVehicle↦0.0),(Vehicles2↦0.0),(Vehicles3↦0.0),(Vehicles4↦0.0),(Vehicles5↦0.0)}",
        "VehiclesX": "{(EgoVehicle↦200.0),(Vehicles2↦-3.079158626496792),(Vehicles3↦18.092115223407745),(Vehicles4↦40.31839966773987),(Vehicles5↦59.692901372909546)}"
      },
      "probabilisticVariables": null,
      "activating": [
        "SLOWER_56"
      ],
      "activatingOnlyWhenExecuted": true,
      "updating": null,
      "withPredicate": null
    },
    {
      "id": "SLOWER_56",
      "execute": "SLOWER",
      "after": "1000",
      "priority": 0,
      "additionalGuards": null,
      "activationKind": null,
      "fixedVariables": {
        "Crash": "FALSE",
        "VehiclesAy": "{(EgoVehicle↦0.0),(Vehicles2↦0.0),(Vehicles3↦0.0),(Vehicles4↦0.0),(Vehicles5↦0.0)}",
        "Reward": "0.7335977239468146",
        "VehiclesAx": "{(EgoVehicle↦-0.06537437438964844),(Vehicles2↦0.07178653031587601),(Vehicles3↦0.07075231522321701),(Vehicles4↦0.07518820464611053),(Vehicles5↦0.07186349481344223)}",
        "VehiclesVx": "{(EgoVehicle↦20.009915828704834),(Vehicles2↦0.5948184803128242),(Vehicles3↦0.3030823729932308),(Vehicles4↦0.8485328406095505),(Vehicles5↦0.6610706448554993)}",
        "VehiclesY": "{(EgoVehicle↦8.000000238418579),(Vehicles2↦-4.0000001192092896),(Vehicles3↦0.0),(Vehicles4↦-8.000000238418579),(Vehicles5↦-4.0000001192092896)}",
        "VehiclesVy": "{(EgoVehicle↦0.0),(Vehicles2↦0.0),(Vehicles3↦0.0),(Vehicles4↦0.0),(Vehicles5↦0.0)}",
        "VehiclesX": "{(EgoVehicle↦200.0),(Vehicles2↦-2.517496794462204),(Vehicles3↦18.362659215927124),(Vehicles4↦41.13176465034485),(Vehicles5↦60.32077074050903)}"
      },
      "probabilisticVariables": null,
      "activating": [
        "FASTER_57"
      ],
      "activatingOnlyWhenExecuted": true,
      "updating": null,
      "withPredicate": null
    },
    {
      "id": "FASTER_57",
      "execute": "FASTER",
      "after": "1000",
      "priority": 0,
      "additionalGuards": null,
      "activationKind": null,
      "fixedVariables": {
        "Crash": "FALSE",
        "VehiclesAy": "{(EgoVehicle↦0.0),(Vehicles2↦0.0),(Vehicles3↦0.0),(Vehicles4↦0.0),(Vehicles5↦0.0)}",
        "Reward": "0.8491431844977972",
        "VehiclesAx": "{(EgoVehicle↦4.332952499389648),(Vehicles2↦-4.3265508487820625),(Vehicles3↦-4.327558781951666),(Vehicles4↦-4.323484227061272),(Vehicles5↦-4.326467514038086)}",
        "VehiclesVx": "{(EgoVehicle↦24.342868328094482),(Vehicles2↦-3.7317323684692383),(Vehicles3↦-4.024476408958435),(Vehicles4↦-3.474951386451721),(Vehicles5↦-3.6653968691825867)}",
        "VehiclesY": "{(EgoVehicle↦8.000000238418579),(Vehicles2↦-4.0000001192092896),(Vehicles3↦0.0),(Vehicles4↦-8.000000238418579),(Vehicles5↦-4.0000001192092896)}",
        "VehiclesVy": "{(EgoVehicle↦0.0),(Vehicles2↦0.0),(Vehicles3↦0.0),(Vehicles4↦0.0),(Vehicles5↦0.0)}",
        "VehiclesX": "{(EgoVehicle↦200.0),(Vehicles2↦-4.310428723692894),(Vehicles3↦16.277585923671722),(Vehicles4↦39.5937979221344),(Vehicles5↦58.59411954879761)}"
      },
      "probabilisticVariables": null,
      "activating": [
        "SLOWER_58"
      ],
      "activatingOnlyWhenExecuted": true,
      "updating": null,
      "withPredicate": null
    },
    {
      "id": "SLOWER_58",
      "execute": "SLOWER",
      "after": "1000",
      "priority": 0,
      "additionalGuards": null,
      "activationKind": null,
      "fixedVariables": {
        "Crash": "FALSE",
        "VehiclesAy": "{(EgoVehicle↦0.0),(Vehicles2↦0.0),(Vehicles3↦0.0),(Vehicles4↦0.0),(Vehicles5↦0.0)}",
        "Reward": "0.7485840133220693",
        "VehiclesAx": "{(EgoVehicle↦-3.7709689140319824),(Vehicles2↦3.777364222332835),(Vehicles3↦3.7763788737356663),(Vehicles4↦3.7801115587353706),(Vehicles5↦3.7774500157684088)}",
        "VehiclesVx": "{(EgoVehicle↦20.5718994140625),(Vehicles2↦0.045631853863596916),(Vehicles3↦-0.24809753522276878),(Vehicles4↦0.30516017228364944),(Vehicles5↦0.1120531465858221)}",
        "VehiclesY": "{(EgoVehicle↦8.000000238418579),(Vehicles2↦-4.0000001192092896),(Vehicles3↦0.0),(Vehicles4↦-8.000000238418579),(Vehicles5↦-4.0000001192092896)}",
        "VehiclesVy": "{(EgoVehicle↦0.0),(Vehicles2↦0.0),(Vehicles3↦0.0),(Vehicles4↦0.0),(Vehicles5↦0.0)}",
        "VehiclesX": "{(EgoVehicle↦200.0),(Vehicles2↦-5.9593141078948975),(Vehicles3↦14.33556079864502),(Vehicles4↦38.2028192281723),(Vehicles5↦57.01160430908203)}"
      },
      "probabilisticVariables": null,
      "activating": [
        "SLOWER_59"
      ],
      "activatingOnlyWhenExecuted": true,
      "updating": null,
      "withPredicate": null
    },
    {
      "id": "SLOWER_59",
      "execute": "SLOWER",
      "after": "1000",
      "priority": 0,
      "additionalGuards": null,
      "activationKind": null,
      "fixedVariables": {
        "Crash": "FALSE",
        "VehiclesAy": "{(EgoVehicle↦0.0),(Vehicles2↦0.0),(Vehicles3↦0.0),(Vehicles4↦0.0),(Vehicles5↦0.0)}",
        "Reward": "0.73534165333185",
        "VehiclesAx": "{(EgoVehicle↦-0.49658775329589844),(Vehicles2↦0.5029746983200312),(Vehicles3↦0.5020084604620934),(Vehicles4↦0.5054180696606636),(Vehicles5↦0.503059783950448)}",
        "VehiclesVx": "{(EgoVehicle↦20.0753116607666),(Vehicles2↦0.5486065521836281),(Vehicles3↦0.25391092523932457),(Vehicles4↦0.810578241944313),(Vehicles5↦0.6151129305362701)}",
        "VehiclesY": "{(EgoVehicle↦8.000000238418579),(Vehicles2↦-4.0000001192092896),(Vehicles3↦0.0),(Vehicles4↦-8.000000238418579),(Vehicles5↦-4.0000001192092896)}",
        "VehiclesVy": "{(EgoVehicle↦0.0),(Vehicles2↦0.0),(Vehicles3↦0.0),(Vehicles4↦0.0),(Vehicles5↦0.0)}",
        "VehiclesX": "{(EgoVehicle↦200.0),(Vehicles2↦-5.637179687619209),(Vehicles3↦14.363577961921692),(Vehicles4↦38.785481452941895),(Vehicles5↦57.40019679069519)}"
      },
      "probabilisticVariables": null,
      "activating": [
        "SLOWER_60"
      ],
      "activatingOnlyWhenExecuted": true,
      "updating": null,
      "withPredicate": null
    },
    {
      "id": "SLOWER_60",
      "execute": "SLOWER",
      "after": "1000",
      "priority": 0,
      "additionalGuards": null,
      "activationKind": null,
      "fixedVariables": {
        "Crash": "FALSE",
        "VehiclesAy": "{(EgoVehicle↦0.0),(Vehicles2↦0.0),(Vehicles3↦0.0),(Vehicles4↦0.0),(Vehicles5↦0.0)}",
        "Reward": "0.7335978034565948",
        "VehiclesAx": "{(EgoVehicle↦-0.06539344787597656),(Vehicles2↦0.0717705488204956),(Vehicles3↦0.07082046940922737),(Vehicles4↦0.07392458617687225),(Vehicles5↦0.07185198366641998)}",
        "VehiclesVx": "{(EgoVehicle↦20.009918212890625),(Vehicles2↦0.6203771010041237),(Vehicles3↦0.32473139464855194),(Vehicles4↦0.8845028281211853),(Vehicles5↦0.6869649142026901)}",
        "VehiclesY": "{(EgoVehicle↦8.000000238418579),(Vehicles2↦-4.0000001192092896),(Vehicles3↦0.0),(Vehicles4↦-8.000000238418579),(Vehicles5↦-4.0000001192092896)}",
        "VehiclesVy": "{(EgoVehicle↦0.0),(Vehicles2↦0.0),(Vehicles3↦0.0),(Vehicles4↦0.0),(Vehicles5↦0.0)}",
        "VehiclesX": "{(EgoVehicle↦200.0),(Vehicles2↦-5.049946531653404),(Vehicles3↦14.655734598636627),(Vehicles4↦39.63557183742523),(Vehicles5↦58.05397033691406)}"
      },
      "probabilisticVariables": null,
      "activating": [
        "SLOWER_61"
      ],
      "activatingOnlyWhenExecuted": true,
      "updating": null,
      "withPredicate": null
    },
    {
      "id": "SLOWER_61",
      "execute": "SLOWER",
      "after": "1000",
      "priority": 0,
      "additionalGuards": null,
      "activationKind": null,
      "fixedVariables": {
        "Crash": "FALSE",
        "VehiclesAy": "{(EgoVehicle↦0.0),(Vehicles2↦0.0),(Vehicles3↦0.0),(Vehicles4↦0.0),(Vehicles5↦0.0)}",
        "Reward": "0.7333681606746681",
        "VehiclesAx": "{(EgoVehicle↦-0.008611679077148438),(Vehicles2↦0.01497667282819748),(Vehicles3↦0.014040172100067139),(Vehicles4↦0.016855299472808838),(Vehicles5↦0.015052109956741333)}",
        "VehiclesVx": "{(EgoVehicle↦20.001306533813477),(Vehicles2↦0.6353537738323212),(Vehicles3↦0.3387715667486191),(Vehicles4↦0.9013581275939941),(Vehicles5↦0.7020170241594315)}",
        "VehiclesY": "{(EgoVehicle↦8.000000238418579),(Vehicles2↦-4.0000001192092896),(Vehicles3↦0.0),(Vehicles4↦-8.000000238418579),(Vehicles5↦-4.0000001192092896)}",
        "VehiclesVy": "{(EgoVehicle↦0.0),(Vehicles2↦0.0),(Vehicles3↦0.0),(Vehicles4↦0.0),(Vehicles5↦0.0)}",
        "VehiclesX": "{(EgoVehicle↦200.0),(Vehicles2↦-4.422271624207497),(Vehicles3↦14.987388253211975),(Vehicles4↦40.52814543247223),(Vehicles5↦58.748263120651245)}"
      },
      "probabilisticVariables": null,
      "activating": null,
      "activatingOnlyWhenExecuted": true,
      "updating": null,
      "withPredicate": null
    }
  ],
  "listeners": [],
  "metadata": {
    "fileType": "Timed_Trace",
    "formatVersion": 3,
    "savedAt": "2023-08-15T11:29:12.857332Z",
    "creator": "Simulation: MONTE_CARLO_SIMULATION; MAX_STEPS_BEFORE_PROPERTY : 0, EXECUTIONS : 1000, ENDING_TIME : 60000",
    "proB2KernelVersion": "4.12.2",
    "proBCliVersion": "1.12.2-final",
    "modelName": "HighwayEnvironment"
  }
}