{
  "variables": {},
  "activations": [
    {
      "id": "$setup_constants",
      "execute": "$setup_constants",
      "after": "0",
      "priority": 0,
      "additionalGuards": null,
      "activationKind": null,
      "fixedVariables": null,
      "probabilisticVariables": null,
      "activating": null,
      "activatingOnlyWhenExecuted": true,
      "updating": null,
      "withPredicate": null
    },
    {
      "id": "$initialise_machine",
      "execute": "$initialise_machine",
      "after": "0",
      "priority": 0,
      "additionalGuards": null,
      "activationKind": null,
      "fixedVariables": {
        "Crash": "FALSE",
        "VehiclesAy": "{(EgoVehicle↦0.0),(Vehicles2↦0.0),(Vehicles3↦0.0),(Vehicles4↦0.0),(Vehicles5↦0.0)}",
        "Reward": "0.0",
        "VehiclesAx": "{(EgoVehicle↦0.0),(Vehicles2↦0.0),(Vehicles3↦0.0),(Vehicles4↦0.0),(Vehicles5↦0.0)}",
        "VehiclesVx": "{(EgoVehicle↦25.0),(Vehicles2↦-2.8500977158546448),(Vehicles3↦-1.549733728170395),(Vehicles4↦-3.583689332008362),(Vehicles5↦-2.628539800643921)}",
        "VehiclesY": "{(EgoVehicle↦0.0),(Vehicles2↦0.0),(Vehicles3↦4.0000001192092896),(Vehicles4↦8.000000238418579),(Vehicles5↦4.0000001192092896)}",
        "VehiclesVy": "{(EgoVehicle↦0.0),(Vehicles2↦0.0),(Vehicles3↦0.0),(Vehicles4↦0.0),(Vehicles5↦0.0)}",
        "VehiclesX": "{(EgoVehicle↦155.45268058776855),(Vehicles2↦25.184884667396545),(Vehicles3↦49.89121854305267),(Vehicles4↦72.21587896347046),(Vehicles5↦94.4901704788208)}"
      },
      "probabilisticVariables": null,
      "activating": [
        "LANE_RIGHT_2"
      ],
      "activatingOnlyWhenExecuted": true,
      "updating": null,
      "withPredicate": null
    },
    {
      "id": "LANE_RIGHT_2",
      "execute": "LANE_RIGHT",
      "after": "1000",
      "priority": 0,
      "additionalGuards": null,
      "activationKind": null,
      "fixedVariables": {
        "Crash": "FALSE",
        "VehiclesAy": "{(EgoVehicle↦1.0796338319778442),(Vehicles2↦-1.0796338319778442),(Vehicles3↦-1.0796338319778442),(Vehicles4↦-1.0796338319778442),(Vehicles5↦-1.0796338319778442)}",
        "Reward": "0.8327113850086175",
        "VehiclesAx": "{(EgoVehicle↦-0.023322105407714844),(Vehicles2↦-0.3849703073501587),(Vehicles3↦-2.343156188726425),(Vehicles4↦-1.9066405296325684),(Vehicles5↦-0.6038948893547058)}",
        "VehiclesVx": "{(EgoVehicle↦24.976677894592285),(Vehicles2↦-3.2350680232048035),(Vehicles3↦-3.89288991689682),(Vehicles4↦-5.49032986164093),(Vehicles5↦-3.2324346899986267)}",
        "VehiclesY": "{(EgoVehicle↦3.6599650382995605),(Vehicles2↦-3.6599650382995605),(Vehicles3↦0.3400348797440529),(Vehicles4↦4.34003484249115),(Vehicles5↦0.3400348797440529)}",
        "VehiclesVy": "{(EgoVehicle↦1.0796338319778442),(Vehicles2↦-1.0796338319778442),(Vehicles3↦-1.0796338319778442),(Vehicles4↦-1.0796338319778442),(Vehicles5↦-1.0796338319778442)}",
        "VehiclesX": "{(EgoVehicle↦180.13293743133545),(Vehicles2↦22.472748160362244),(Vehicles3↦47.51129746437073),(Vehicles4↦68.07157397270203),(Vehicles5↦92.0695960521698)}"
      },
      "probabilisticVariables": null,
      "activating": [
        "LANE_RIGHT_3"
      ],
      "activatingOnlyWhenExecuted": true,
      "updating": null,
      "withPredicate": null
    },
    {
      "id": "LANE_RIGHT_3",
      "execute": "LANE_RIGHT",
      "after": "1000",
      "priority": 0,
      "additionalGuards": null,
      "activationKind": null,
      "fixedVariables": {
        "Crash": "FALSE",
        "VehiclesAy": "{(EgoVehicle↦0.037668049335479736),(Vehicles2↦-0.037668049335479736),(Vehicles3↦-0.037668049335479736),(Vehicles4↦-0.037668049335479736),(Vehicles5↦-2.196935713291168)}",
        "Reward": "0.8660005399738949",
        "VehiclesAx": "{(EgoVehicle↦-0.0016570091247558594),(Vehicles2↦-0.24215668439865112),(Vehicles3↦-1.0106629133224487),(Vehicles4↦-1.122751235961914),(Vehicles5↦-0.6747174263000488)}",
        "VehiclesVx": "{(EgoVehicle↦24.97502088546753),(Vehicles2↦-3.4772247076034546),(Vehicles3↦-4.903552830219269),(Vehicles4↦-6.613081097602844),(Vehicles5↦-3.9071521162986755)}",
        "VehiclesY": "{(EgoVehicle↦7.648639440536499),(Vehicles2↦-7.648639440536499),(Vehicles3↦-3.6486393213272095),(Vehicles4↦0.35136057436466217),(Vehicles5↦-3.6486393213272095)}",
        "VehiclesVy": "{(EgoVehicle↦1.117301881313324),(Vehicles2↦-1.117301881313324),(Vehicles3↦-1.117301881313324),(Vehicles4↦-1.117301881313324),(Vehicles5↦-1.117301881313324)}",
        "VehiclesX": "{(EgoVehicle↦200.0),(Vehicles2↦19.487038254737854),(Vehicles3↦43.50949227809906),(Vehicles4↦62.45001554489136),(Vehicles5↦88.8861358165741)}"
      },
      "probabilisticVariables": null,
      "activating": [
        "LANE_RIGHT_4"
      ],
      "activatingOnlyWhenExecuted": true,
      "updating": null,
      "withPredicate": null
    },
    {
      "id": "LANE_RIGHT_4",
      "execute": "LANE_RIGHT",
      "after": "1000",
      "priority": 0,
      "additionalGuards": null,
      "activationKind": null,
      "fixedVariables": {
        "Crash": "FALSE",
        "VehiclesAy": "{(EgoVehicle↦-1.078004245646298),(Vehicles2↦1.078004245646298),(Vehicles3↦1.078004245646298),(Vehicles4↦1.078004245646298),(Vehicles5↦-1.15659951698035)}",
        "Reward": "0.8666658430372319",
        "VehiclesAx": "{(EgoVehicle↦0.0249481201171875),(Vehicles2↦-0.17684251070022583),(Vehicles3↦-0.5067238211631775),(Vehicles4↦-0.7228231430053711),(Vehicles5↦-0.3972017765045166)}",
        "VehiclesVx": "{(EgoVehicle↦24.999969005584717),(Vehicles2↦-3.6540672183036804),(Vehicles3↦-5.410276651382446),(Vehicles4↦-7.335904240608215),(Vehicles5↦-4.304353892803192)}",
        "VehiclesY": "{(EgoVehicle↦7.988144159317017),(Vehicles2↦-7.988144159317017),(Vehicles3↦-3.9881443977355957),(Vehicles4↦0.011855648830533028),(Vehicles5↦-3.9881443977355957)}",
        "VehiclesVy": "{(EgoVehicle↦0.03929763566702604),(Vehicles2↦-0.03929763566702604),(Vehicles3↦-0.03929763566702604),(Vehicles4↦-0.03929763566702604),(Vehicles5↦-0.03929763566702604)}",
        "VehiclesX": "{(EgoVehicle↦200.0),(Vehicles2↦15.92230498790741),(Vehicles3↦38.363489508628845),(Vehicles4↦55.50649166107178),(Vehicles5↦84.79259610176086)}"
      },
      "probabilisticVariables": null,
      "activating": [
        "FASTER_5"
      ],
      "activatingOnlyWhenExecuted": true,
      "updating": null,
      "withPredicate": null
    },
    {
      "id": "FASTER_5",
      "execute": "FASTER",
      "after": "1000",
      "priority": 0,
      "additionalGuards": null,
      "activationKind": null,
      "fixedVariables": {
        "Crash": "FALSE",
        "VehiclesAy": "{(EgoVehicle↦-0.03843195576337166),(Vehicles2↦0.03843195576337166),(Vehicles3↦0.03843195576337166),(Vehicles4↦0.03843195576337166),(Vehicles5↦-0.040163315570680425)}",
        "Reward": "0.9824417006196778",
        "VehiclesAx": "{(EgoVehicle↦4.34159517288208),(Vehicles2↦-4.436825811862946),(Vehicles3↦-4.5576417446136475),(Vehicles4↦-4.720332026481628),(Vehicles5↦-4.555326402187347)}",
        "VehiclesVx": "{(EgoVehicle↦29.341564178466797),(Vehicles2↦-8.090893030166626),(Vehicles3↦-9.967918395996094),(Vehicles4↦-12.056236267089844),(Vehicles5↦-8.85968029499054)}",
        "VehiclesY": "{(EgoVehicle↦7.999797105789185),(Vehicles2↦-7.999797105789185),(Vehicles3↦-3.999796986579895),(Vehicles4↦0.00020291954569984227),(Vehicles5↦-3.999796986579895)}",
        "VehiclesVy": "{(EgoVehicle↦0.0008656799036543816),(Vehicles2↦-0.0008656799036543816),(Vehicles3↦-0.0008656799036543816),(Vehicles4↦-0.0008656799036543816),(Vehicles5↦-0.0008656799036543816)}",
        "VehiclesX": "{(EgoVehicle↦200.0),(Vehicles2↦9.83157828450203),(Vehicles3↦30.456602573394775),(Vehicles4↦45.603007078170776),(Vehicles5↦77.99816131591797)}"
      },
      "probabilisticVariables": null,
      "activating": [
        "LANE_RIGHT_6"
      ],
      "activatingOnlyWhenExecuted": true,
      "updating": null,
      "withPredicate": null
    },
    {
      "id": "LANE_RIGHT_6",
      "execute": "LANE_RIGHT",
      "after": "1000",
      "priority": 0,
      "additionalGuards": null,
      "activationKind": null,
      "fixedVariables": {
        "Crash": "FALSE",
        "VehiclesAy": "{(EgoVehicle↦-0.0008638641622837895),(Vehicles2↦0.0008638641622837895),(Vehicles3↦0.0008638641622837895),(Vehicles4↦0.0008638641622837895),(Vehicles5↦-0.0008674956450249738)}",
        "Reward": "0.9976877960112208",
        "VehiclesAx": "{(EgoVehicle↦0.5717277526855469),(Vehicles2↦-0.6326085329055786),(Vehicles3↦-0.6456232070922852),(Vehicles4↦-0.7347691059112549),(Vehicles5↦-0.696723461151123)}",
        "VehiclesVx": "{(EgoVehicle↦29.913291931152344),(Vehicles2↦-8.723501563072205),(Vehicles3↦-10.613541603088379),(Vehicles4↦-12.791005373001099),(Vehicles5↦-9.556403756141663)}",
        "VehiclesY": "{(EgoVehicle↦8.000000238418579),(Vehicles2↦-8.000000238418579),(Vehicles3↦-4.000000476837158),(Vehicles4↦-3.99845617948813E-07),(Vehicles5↦-4.000000476837158)}",
        "VehiclesVy": "{(EgoVehicle↦1.81574137059215E-06),(Vehicles2↦-1.81574137059215E-06),(Vehicles3↦-1.81574137059215E-06),(Vehicles4↦-1.81574137059215E-06),(Vehicles5↦-1.81574137059215E-06)}",
        "VehiclesX": "{(EgoVehicle↦200.0),(Vehicles2↦1.3988268561661243),(Vehicles3↦20.13554275035858),(Vehicles4↦33.15235376358032),(Vehicles5↦68.76870393753052)}"
      },
      "probabilisticVariables": null,
      "activating": [
        "IDLE_7"
      ],
      "activatingOnlyWhenExecuted": true,
      "updating": null,
      "withPredicate": null
    },
    {
      "id": "IDLE_7",
      "execute": "IDLE",
      "after": "1000",
      "priority": 0,
      "additionalGuards": null,
      "activationKind": null,
      "fixedVariables": {
        "Crash": "FALSE",
        "VehiclesAy": "{(EgoVehicle↦-2.0258549326968023E-06),(Vehicles2↦2.0258549326968023E-06),(Vehicles3↦2.0258549326968023E-06),(Vehicles4↦2.0258549326968023E-06),(Vehicles5↦-1.6056278084874975E-06)}",
        "Reward": "0.9996955122319305",
        "VehiclesAx": "{(EgoVehicle↦0.07529020309448242),(Vehicles2↦-0.11537551879882812),(Vehicles3↦-0.07476806640625),(Vehicles4↦-0.09976863861083984),(Vehicles5↦-0.1749664545059204)}",
        "VehiclesVx": "{(EgoVehicle↦29.988582134246826),(Vehicles2↦-8.838877081871033),(Vehicles3↦-10.688309669494629),(Vehicles4↦-12.890774011611938),(Vehicles5↦-9.731370210647583)}",
        "VehiclesY": "{(EgoVehicle↦8.000000238418579),(Vehicles2↦-8.000000238418579),(Vehicles3↦-4.0000001192092896),(Vehicles4↦-6.248317596657671E-08),(Vehicles5↦-4.0000001192092896)}",
        "VehiclesVy": "{(EgoVehicle↦-2.1011356210465237E-07),(Vehicles2↦2.1011356210465237E-07),(Vehicles3↦2.1011356210465237E-07),(Vehicles4↦2.1011356210465237E-07),(Vehicles5↦2.1011356210465237E-07)}",
        "VehiclesX": "{(EgoVehicle↦200.0),(Vehicles2↦-7.383517175912857),(Vehicles3↦9.47670191526413),(Vehicles4↦20.30138075351715),(Vehicles5↦59.13094878196716)}"
      },
      "probabilisticVariables": null,
      "activating": [
        "IDLE_8"
      ],
      "activatingOnlyWhenExecuted": true,
      "updating": null,
      "withPredicate": null
    },
    {
      "id": "IDLE_8",
      "execute": "IDLE",
      "after": "1000",
      "priority": 0,
      "additionalGuards": null,
      "activationKind": null,
      "fixedVariables": {
        "Crash": "FALSE",
        "VehiclesAy": "{(EgoVehicle↦2.0636601760770645E-07),(Vehicles2↦-2.0636601760770645E-07),(Vehicles3↦-2.0636601760770645E-07),(Vehicles4↦-2.0636601760770645E-07),(Vehicles5↦2.138611066015983E-07)}",
        "Reward": "0.9999599028453572",
        "VehiclesAx": "{(EgoVehicle↦0.009913444519042969),(Vehicles2↦-1.8262392282485962),(Vehicles3↦-2.1512138843536377),(Vehicles4↦3.075871467590332),(Vehicles5↦-2.3353350162506104)}",
        "VehiclesVx": "{(EgoVehicle↦29.99849557876587),(Vehicles2↦-10.665116310119629),(Vehicles3↦-12.839523553848267),(Vehicles4↦-9.814902544021606),(Vehicles5↦-12.066705226898193)}",
        "VehiclesY": "{(EgoVehicle↦8.000000238418579),(Vehicles2↦-4.0000001192092896),(Vehicles3↦-8.543072915756511E-10),(Vehicles4↦-4.0000001192092896),(Vehicles5↦-8.543072915756511E-10)}",
        "VehiclesVy": "{(EgoVehicle↦-3.74754449694592E-09),(Vehicles2↦3.74754449694592E-09),(Vehicles3↦3.74754449694592E-09),(Vehicles4↦3.74754449694592E-09),(Vehicles5↦3.74754449694592E-09)}",
        "VehiclesX": "{(EgoVehicle↦200.0),(Vehicles2↦-1.2054880149662495),(Vehicles3↦7.424362748861313),(Vehicles4↦49.35575723648071),(Vehicles5↦52.75734066963196)}"
      },
      "probabilisticVariables": null,
      "activating": [
        "SLOWER_9"
      ],
      "activatingOnlyWhenExecuted": true,
      "updating": null,
      "withPredicate": null
    },
    {
      "id": "SLOWER_9",
      "execute": "SLOWER",
      "after": "1000",
      "priority": 0,
      "additionalGuards": null,
      "activationKind": null,
      "fixedVariables": {
        "Crash": "TRUE",
        "VehiclesAy": "{(EgoVehicle↦3.1967317681846907E-09),(Vehicles2↦-3.1967317681846907E-09),(Vehicles3↦4.738786216802993),(Vehicles4↦-3.1967317681846907E-09),(Vehicles5↦4.29835722570715E-09)}",
        "Reward": "0.06666666666666665",
        "VehiclesAx": "{(EgoVehicle↦-18.393572568893433),(Vehicles2↦6.096366047859192),(Vehicles3↦16.257701218128204),(Vehicles4↦18.412616848945618),(Vehicles5↦18.610978722572327)}",
        "VehiclesVx": "{(EgoVehicle↦11.604923009872437),(Vehicles2↦-4.568750262260437),(Vehicles3↦3.4181776642799377),(Vehicles4↦8.597714304924011),(Vehicles5↦6.544273495674133)}",
        "VehiclesY": "{(EgoVehicle↦9.0),(Vehicles2↦-2.0000000596046448),(Vehicles3↦-2.980287551879883),(Vehicles4↦-4.9999998807907104),(Vehicles5↦-1.0000000298023224)}",
        "VehiclesVy": "{(EgoVehicle↦-5.508127287612297E-10),(Vehicles2↦5.508127287612297E-10),(Vehicles3↦4.738786220550537),(Vehicles4↦5.508127287612297E-10),(Vehicles5↦5.508127287612297E-10)}",
        "VehiclesX": "{(EgoVehicle↦200.0),(Vehicles2↦-1.5854252502322197),(Vehicles3↦-5.534268170595169),(Vehicles4↦46.88694477081299),(Vehicles5↦48.12186062335968)}"
      },
      "probabilisticVariables": null,
      "activating": null,
      "activatingOnlyWhenExecuted": true,
      "updating": null,
      "withPredicate": null
    }
  ],
  "listeners": [],
  "metadata": {
    "fileType": "Timed_Trace",
    "formatVersion": 3,
    "savedAt": "2023-08-15T11:29:37.231187Z",
    "creator": "Simulation: MONTE_CARLO_SIMULATION; MAX_STEPS_BEFORE_PROPERTY : 0, EXECUTIONS : 1000, ENDING_TIME : 60000",
    "proB2KernelVersion": "4.12.2",
    "proBCliVersion": "1.12.2-final",
    "modelName": "HighwayEnvironment"
  }
}