{
  "variables": {},
  "activations": [
    {
      "id": "$setup_constants",
      "execute": "$setup_constants",
      "after": "0",
      "priority": 0,
      "additionalGuards": null,
      "activationKind": null,
      "fixedVariables": null,
      "probabilisticVariables": null,
      "activating": null,
      "activatingOnlyWhenExecuted": true,
      "updating": null,
      "withPredicate": null
    },
    {
      "id": "$initialise_machine",
      "execute": "$initialise_machine",
      "after": "0",
      "priority": 0,
      "additionalGuards": null,
      "activationKind": null,
      "fixedVariables": {
        "Crash": "FALSE",
        "VehiclesAy": "{(EgoVehicle↦0.0),(Vehicles2↦0.0),(Vehicles3↦0.0),(Vehicles4↦0.0),(Vehicles5↦0.0)}",
        "Reward": "0.0",
        "VehiclesAx": "{(EgoVehicle↦0.0),(Vehicles2↦0.0),(Vehicles3↦0.0),(Vehicles4↦0.0),(Vehicles5↦0.0)}",
        "VehiclesVx": "{(EgoVehicle↦25.0),(Vehicles2↦-3.804958462715149),(Vehicles3↦-2.6516956090927124),(Vehicles4↦-2.2132281959056854),(Vehicles5↦-1.6558267176151276)}",
        "VehiclesY": "{(EgoVehicle↦8.000000238418579),(Vehicles2↦0.0),(Vehicles3↦-8.000000238418579),(Vehicles4↦0.0),(Vehicles5↦-8.000000238418579)}",
        "VehiclesVy": "{(EgoVehicle↦0.0),(Vehicles2↦0.0),(Vehicles3↦0.0),(Vehicles4↦0.0),(Vehicles5↦0.0)}",
        "VehiclesX": "{(EgoVehicle↦148.83607625961304),(Vehicles2↦24.415473639965057),(Vehicles3↦47.380536794662476),(Vehicles4↦71.57442569732666),(Vehicles5↦94.08853650093079)}"
      },
      "probabilisticVariables": null,
      "activating": [
        "FASTER_2"
      ],
      "activatingOnlyWhenExecuted": true,
      "updating": null,
      "withPredicate": null
    },
    {
      "id": "FASTER_2",
      "execute": "FASTER",
      "after": "1000",
      "priority": 0,
      "additionalGuards": null,
      "activationKind": null,
      "fixedVariables": {
        "Crash": "FALSE",
        "VehiclesAy": "{(EgoVehicle↦0.0),(Vehicles2↦1.3810910284519196),(Vehicles3↦5.235427021980286),(Vehicles4↦0.0),(Vehicles5↦0.0)}",
        "Reward": "0.9824417009602194",
        "VehiclesAx": "{(EgoVehicle↦4.341564178466797),(Vehicles2↦-5.725480914115906),(Vehicles3↦-6.9363051652908325),(Vehicles4↦-4.609868079423904),(Vehicles5↦-7.481105178594589)}",
        "VehiclesVx": "{(EgoVehicle↦29.341564178466797),(Vehicles2↦-9.530439376831055),(Vehicles3↦-9.588000774383545),(Vehicles4↦-6.82309627532959),(Vehicles5↦-9.136931896209717)}",
        "VehiclesY": "{(EgoVehicle↦8.000000238418579),(Vehicles2↦-1.1600576341152191),(Vehicles3↦-6.032697916030884),(Vehicles4↦0.0),(Vehicles5↦-8.000000238418579)}",
        "VehiclesVy": "{(EgoVehicle↦0.0),(Vehicles2↦1.3810910284519196),(Vehicles3↦5.235427021980286),(Vehicles4↦0.0),(Vehicles5↦0.0)}",
        "VehiclesX": "{(EgoVehicle↦176.2311339378357),(Vehicles2↦17.49526411294937),(Vehicles3↦41.27525985240936),(Vehicles4↦66.86053276062012),(Vehicles5↦88.70988488197327)}"
      },
      "probabilisticVariables": null,
      "activating": [
        "LANE_LEFT_3"
      ],
      "activatingOnlyWhenExecuted": true,
      "updating": null,
      "withPredicate": null
    },
    {
      "id": "LANE_LEFT_3",
      "execute": "LANE_LEFT",
      "after": "1000",
      "priority": 0,
      "additionalGuards": null,
      "activationKind": null,
      "fixedVariables": {
        "Crash": "FALSE",
        "VehiclesAy": "{(EgoVehicle↦-1.0180838406085968),(Vehicles2↦-0.07445484399795532),(Vehicles3↦-3.8279929757118225),(Vehicles4↦1.0180838406085968),(Vehicles5↦1.0180838406085968)}",
        "Reward": "0.9638923291747313",
        "VehiclesAx": "{(EgoVehicle↦0.5543971061706543),(Vehicles2↦-0.9274101257324219),(Vehicles3↦-0.07712602615356445),(Vehicles4↦-0.7906895875930786),(Vehicles5↦-2.84293532371521)}",
        "VehiclesVx": "{(EgoVehicle↦29.89596128463745),(Vehicles2↦-10.457849502563477),(Vehicles3↦-9.66512680053711),(Vehicles4↦-7.6137858629226685),(Vehicles5↦-11.979867219924927)}",
        "VehiclesY": "{(EgoVehicle↦4.291957139968872),(Vehicles2↦3.606952428817749),(Vehicles3↦-0.42533116042613983),(Vehicles4↦3.7080427408218384),(Vehicles5↦-4.291957139968872)}",
        "VehiclesVy": "{(EgoVehicle↦-1.0180838406085968),(Vehicles2↦1.3066361844539642),(Vehicles3↦1.4074340462684631),(Vehicles4↦1.0180838406085968),(Vehicles5↦1.0180838406085968)}",
        "VehiclesX": "{(EgoVehicle↦200.0),(Vehicles2↦7.7385976910591125),(Vehicles3↦31.992319226264954),(Vehicles4↦59.90321636199951),(Vehicles5↦78.55647206306458)}"
      },
      "probabilisticVariables": null,
      "activating": [
        "LANE_LEFT_4"
      ],
      "activatingOnlyWhenExecuted": true,
      "updating": null,
      "withPredicate": null
    },
    {
      "id": "LANE_LEFT_4",
      "execute": "LANE_LEFT",
      "after": "1000",
      "priority": 0,
      "additionalGuards": null,
      "activationKind": null,
      "fixedVariables": {
        "Crash": "FALSE",
        "VehiclesAy": "{(EgoVehicle↦-0.02582058310508728),(Vehicles2↦-0.24341382086277008),(Vehicles3↦-0.33997707068920135),(Vehicles4↦0.02582058310508728),(Vehicles5↦2.061988264322281)}",
        "Reward": "0.9325441869617631",
        "VehiclesAx": "{(EgoVehicle↦0.07444620132446289),(Vehicles2↦-0.1907062530517578),(Vehicles3↦0.0022858381271362305),(Vehicles4↦-0.2480548620223999),(Vehicles5↦-1.609281301498413)}",
        "VehiclesVx": "{(EgoVehicle↦29.970407485961914),(Vehicles2↦-10.648555755615234),(Vehicles3↦-9.662840962409973),(Vehicles4↦-7.861840724945068),(Vehicles5↦-13.58914852142334)}",
        "VehiclesY": "{(EgoVehicle↦0.29939083009958267),(Vehicles2↦7.693856477737427),(Vehicles3↦3.692558526992798),(Vehicles4↦7.70060920715332),(Vehicles5↦-0.29939083009958267)}",
        "VehiclesVy": "{(EgoVehicle↦-1.043904423713684),(Vehicles2↦1.0632223635911942),(Vehicles3↦1.0674569755792618),(Vehicles4↦1.043904423713684),(Vehicles5↦1.043904423713684)}",
        "VehiclesX": "{(EgoVehicle↦200.0),(Vehicles2↦-2.519730105996132),(Vehicles3↦22.623756527900696),(Vehicles4↦52.474820613861084),(Vehicles5↦66.16865992546082)}"
      },
      "probabilisticVariables": null,
      "activating": [
        "FASTER_5"
      ],
      "activatingOnlyWhenExecuted": true,
      "updating": null,
      "withPredicate": null
    },
    {
      "id": "FASTER_5",
      "execute": "FASTER",
      "after": "1000",
      "priority": 0,
      "additionalGuards": null,
      "activationKind": null,
      "fixedVariables": {
        "Crash": "FALSE",
        "VehiclesAy": "{(EgoVehicle↦1.0281434608623385),(Vehicles2↦-1.0460472654085606),(Vehicles3↦-1.0516960127279162),(Vehicles4↦-1.0281434608623385),(Vehicles5↦1.0596653865650296)}",
        "Reward": "0.9332931257696225",
        "VehiclesAx": "{(EgoVehicle↦0.028085708618164062),(Vehicles2↦0.9868210554122925),(Vehicles3↦1.6484397649765015),(Vehicles4↦-6.699873208999634),(Vehicles5↦3.993215560913086)}",
        "VehiclesVx": "{(EgoVehicle↦29.998493194580078),(Vehicles2↦-9.661734700202942),(Vehicles3↦-8.014401197433472),(Vehicles4↦-14.561713933944702),(Vehicles5↦-9.595932960510254)}",
        "VehiclesY": "{(EgoVehicle↦0.00342058134265244),(Vehicles2↦3.9960962533950806),(Vehicles3↦7.996579170227051),(Vehicles4↦-0.00342058134265244),(Vehicles5↦3.99657940864563)}",
        "VehiclesVy": "{(EgoVehicle↦-0.01576096285134554),(Vehicles2↦0.01717509818263352),(Vehicles3↦0.01576096285134554),(Vehicles4↦0.01576096285134554),(Vehicles5↦0.01576096285134554)}",
        "VehiclesX": "{(EgoVehicle↦200.0),(Vehicles2↦12.95420229434967),(Vehicles3↦44.53912973403931),(Vehicles4↦52.139437198638916),(Vehicles5↦83.71101021766663)}"
      },
      "probabilisticVariables": null,
      "activating": [
        "FASTER_6"
      ],
      "activatingOnlyWhenExecuted": true,
      "updating": null,
      "withPredicate": null
    },
    {
      "id": "FASTER_6",
      "execute": "FASTER",
      "after": "1000",
      "priority": 0,
      "additionalGuards": null,
      "activationKind": null,
      "fixedVariables": {
        "Crash": "FALSE",
        "VehiclesAy": "{(EgoVehicle↦0.015807288755240734),(Vehicles2↦-0.01713668391403189),(Vehicles3↦-0.015807288755240734),(Vehicles4↦-0.015807288755240734),(Vehicles5↦0.015714636947450344)}",
        "Reward": "0.9333280530486405",
        "VehiclesAx": "{(EgoVehicle↦0.0013089179992675781),(Vehicles2↦0.006374716758728027),(Vehicles3↦-0.09240567684173584),(Vehicles4↦-0.48716306686401367),(Vehicles5↦-5.659997463226318)}",
        "VehiclesVx": "{(EgoVehicle↦29.999802112579346),(Vehicles2↦-9.655359983444214),(Vehicles3↦-8.106806874275208),(Vehicles4↦-15.048877000808716),(Vehicles5↦-15.255930423736572)}",
        "VehiclesY": "{(EgoVehicle↦-3.030072184628807E-05),(Vehicles2↦4.0000011920928955),(Vehicles3↦8.000030279159546),(Vehicles4↦3.030072184628807E-05),(Vehicles5↦3.030072184628807E-05)}",
        "VehiclesVy": "{(EgoVehicle↦4.632590389519464E-05),(Vehicles2↦3.8414268601627555E-05),(Vehicles3↦-4.632590389519464E-05),(Vehicles4↦-4.632590389519464E-05),(Vehicles5↦-4.632590389519464E-05)}",
        "VehiclesX": "{(EgoVehicle↦200.0),(Vehicles2↦3.295961394906044),(Vehicles3↦36.48543953895569),(Vehicles4↦37.350547313690186),(Vehicles5↦71.8500018119812)}"
      },
      "probabilisticVariables": null,
      "activating": [
        "SLOWER_7"
      ],
      "activatingOnlyWhenExecuted": true,
      "updating": null,
      "withPredicate": null
    },
    {
      "id": "SLOWER_7",
      "execute": "SLOWER",
      "after": "1000",
      "priority": 0,
      "additionalGuards": null,
      "activationKind": null,
      "fixedVariables": {
        "Crash": "FALSE",
        "VehiclesAy": "{(EgoVehicle↦-4.030147465527989E-05),(Vehicles2↦-3.9361987091979245E-05),(Vehicles3↦4.030147465527989E-05),(Vehicles4↦4.030147465527989E-05),(Vehicles5↦-5.2350333135109395E-05)}",
        "Reward": "0.8175576036937549",
        "VehiclesAx": "{(EgoVehicle↦-4.341392517089844),(Vehicles2↦4.339088201522827),(Vehicles3↦-2.737712264060974),(Vehicles4↦11.213622093200684),(Vehicles5↦4.919778108596802)}",
        "VehiclesVx": "{(EgoVehicle↦25.658409595489502),(Vehicles2↦-5.316271781921387),(Vehicles3↦-10.844519138336182),(Vehicles4↦-3.8352549076080322),(Vehicles5↦-10.33615231513977)}",
        "VehiclesY": "{(EgoVehicle↦-1.911675894916698E-06),(Vehicles2↦4.0000001192092896),(Vehicles3↦1.911675894916698E-06),(Vehicles4↦8.000001668930054),(Vehicles5↦1.911675894916698E-06)}",
        "VehiclesVy": "{(EgoVehicle↦6.0244292399147525E-06),(Vehicles2↦-9.4771849035169E-07),(Vehicles3↦-6.0244292399147525E-06),(Vehicles4↦-6.0244292399147525E-06),(Vehicles5↦-6.0244292399147525E-06)}",
        "VehiclesX": "{(EgoVehicle↦200.0),(Vehicles2↦-3.9648395031690598),(Vehicles3↦24.618029594421387),(Vehicles4↦30.74434995651245),(Vehicles5↦59.216612577438354)}"
      },
      "probabilisticVariables": null,
      "activating": [
        "SLOWER_8"
      ],
      "activatingOnlyWhenExecuted": true,
      "updating": null,
      "withPredicate": null
    },
    {
      "id": "SLOWER_8",
      "execute": "SLOWER",
      "after": "1000",
      "priority": 0,
      "additionalGuards": null,
      "activationKind": null,
      "fixedVariables": {
        "Crash": "FALSE",
        "VehiclesAy": "{(EgoVehicle↦-5.752831171434991E-06),(Vehicles2↦9.804228362497724E-07),(Vehicles3↦5.752831171434991E-06),(Vehicles4↦5.752831171434991E-06),(Vehicles5↦-6.296027308394514E-06)}",
        "Reward": "0.6865370781270262",
        "VehiclesAx": "{(EgoVehicle↦-4.913268089294434),(Vehicles2↦4.9066124856472015),(Vehicles3↦5.025796294212341),(Vehicles4↦4.856209382414818),(Vehicles5↦5.500529408454895)}",
        "VehiclesVx": "{(EgoVehicle↦20.74514150619507),(Vehicles2↦-0.4096592962741852),(Vehicles3↦-5.81872284412384),(Vehicles4↦1.0209544748067856),(Vehicles5↦-4.8356229066848755)}",
        "VehiclesY": "{(EgoVehicle↦-9.410505441564965E-08),(Vehicles2↦4.0000001192092896),(Vehicles3↦9.410505441564965E-08),(Vehicles4↦8.000000238418579),(Vehicles5↦9.410505441564965E-08)}",
        "VehiclesVy": "{(EgoVehicle↦2.715980684797614E-07),(Vehicles2↦3.2704345898082465E-08),(Vehicles3↦-2.715980684797614E-07),(Vehicles4↦-2.715980684797614E-07),(Vehicles5↦-2.715980684797614E-07)}",
        "VehiclesX": "{(EgoVehicle↦200.0),(Vehicles2↦-6.573112308979034),(Vehicles3↦16.512714326381683),(Vehicles4↦29.595959186553955),(Vehicles5↦51.827675104141235)}"
      },
      "probabilisticVariables": null,
      "activating": [
        "SLOWER_9"
      ],
      "activatingOnlyWhenExecuted": true,
      "updating": null,
      "withPredicate": null
    },
    {
      "id": "SLOWER_9",
      "execute": "SLOWER",
      "after": "1000",
      "priority": 0,
      "additionalGuards": null,
      "activationKind": null,
      "fixedVariables": {
        "Crash": "FALSE",
        "VehiclesAy": "{(EgoVehicle↦-2.5491690536227907E-07),(Vehicles2↦-3.1129836486343265E-08),(Vehicles3↦2.5491689648049487E-07),(Vehicles4↦2.5491689648049487E-07),(Vehicles5↦-2.88279240479028E-07)}",
        "Reward": "0.6692833463651503",
        "VehiclesAx": "{(EgoVehicle↦-0.6470155715942383),(Vehicles2↦0.63862644135952),(Vehicles3↦0.921466052532196),(Vehicles4↦0.5970636755228043),(Vehicles5↦1.1924296617507935)}",
        "VehiclesVx": "{(EgoVehicle↦20.09812593460083),(Vehicles2↦0.22896714508533478),(Vehicles3↦-4.897256791591644),(Vehicles4↦1.6180181503295898),(Vehicles5↦-3.643193244934082)}",
        "VehiclesY": "{(EgoVehicle↦-5.749607456806416E-09),(Vehicles2↦4.0000001192092896),(Vehicles3↦5.749606124538786E-09),(Vehicles4↦8.000000238418579),(Vehicles5↦5.749606124538786E-09)}",
        "VehiclesVy": "{(EgoVehicle↦1.6681163117482356E-08),(Vehicles2↦1.5745094117392E-09),(Vehicles3↦-1.6681171999266553E-08),(Vehicles4↦-1.6681171999266553E-08),(Vehicles5↦-1.6681171999266553E-08)}",
        "VehiclesX": "{(EgoVehicle↦200.0),(Vehicles2↦-6.6291168332099915),(Vehicles3↦11.1508809030056),(Vehicles4↦30.95346689224243),(Vehicles5↦47.571682929992676)}"
      },
      "probabilisticVariables": null,
      "activating": [
        "SLOWER_10"
      ],
      "activatingOnlyWhenExecuted": true,
      "updating": null,
      "withPredicate": null
    },
    {
      "id": "SLOWER_10",
      "execute": "SLOWER",
      "after": "1000",
      "priority": 0,
      "additionalGuards": null,
      "activationKind": null,
      "fixedVariables": {
        "Crash": "FALSE",
        "VehiclesAy": "{(EgoVehicle↦-1.5644712192397492E-08),(Vehicles2↦-1.5147172405249876E-09),(Vehicles3↦1.564472107418169E-08),(Vehicles4↦1.564472107418169E-08),(Vehicles5↦-1.7717622924351417E-08)}",
        "Reward": "0.6670112500014463",
        "VehiclesAx": "{(EgoVehicle↦-0.08520364761352539),(Vehicles2↦0.07621875032782555),(Vehicles3↦0.4497182369232178),(Vehicles4↦0.03869980573654175),(Vehicles5↦0.5672925710678101)}",
        "VehiclesVx": "{(EgoVehicle↦20.012922286987305),(Vehicles2↦0.3051858954131603),(Vehicles3↦-4.4475385546684265),(Vehicles4↦1.6567179560661316),(Vehicles5↦-3.075900673866272)}",
        "VehiclesY": "{(EgoVehicle↦-3.5689984301257027E-10),(Vehicles2↦4.0000001192092896),(Vehicles3↦3.569011752801998E-10),(Vehicles4↦8.000000238418579),(Vehicles5↦3.569011752801998E-10)}",
        "VehiclesVy": "{(EgoVehicle↦1.0364509250848641E-09),(Vehicles2↦5.979217121421243E-11),(Vehicles3↦-1.0364509250848641E-09),(Vehicles4↦-1.0364509250848641E-09),(Vehicles5↦-1.0364509250848641E-09)}",
        "VehiclesX": "{(EgoVehicle↦200.0),(Vehicles2↦-6.356716901063919),(Vehicles3↦6.441652774810791),(Vehicles4↦32.59971737861633),(Vehicles5↦44.17375326156616)}"
      },
      "probabilisticVariables": null,
      "activating": [
        "SLOWER_11"
      ],
      "activatingOnlyWhenExecuted": true,
      "updating": null,
      "withPredicate": null
    },
    {
      "id": "SLOWER_11",
      "execute": "SLOWER",
      "after": "1000",
      "priority": 0,
      "additionalGuards": null,
      "activationKind": null,
      "fixedVariables": {
        "Crash": "TRUE",
        "VehiclesAy": "{(EgoVehicle↦-8.617284663614555E-10),(Vehicles2↦-1.6862067298006878E-10),(Vehicles3↦8.617284663614555E-10),(Vehicles4↦8.617284663614555E-10),(Vehicles5↦-1.2111733838082728E-09)}",
        "Reward": "0.0",
        "VehiclesAx": "{(EgoVehicle↦-9.769982099533081),(Vehicles2↦9.760828632861376),(Vehicles3↦2.2551409900188446),(Vehicles4↦9.724657833576202),(Vehicles5↦10.184287428855896)}",
        "VehiclesVx": "{(EgoVehicle↦10.242940187454224),(Vehicles2↦10.066014528274536),(Vehicles3↦-2.192397564649582),(Vehicles4↦11.381375789642334),(Vehicles5↦7.108386754989624)}",
        "VehiclesY": "{(EgoVehicle↦2.644284791131213E-11),(Vehicles2↦4.0000001192092896),(Vehicles3↦-3.856914787547794E-12),(Vehicles4↦8.000000238418579),(Vehicles5↦-2.644284791131213E-11)}",
        "VehiclesVy": "{(EgoVehicle↦1.7472245872340864E-10),(Vehicles2↦-1.0882850176585634E-10),(Vehicles3↦-1.7472245872340864E-10),(Vehicles4↦-1.7472245872340864E-10),(Vehicles5↦-1.7472245872340864E-10)}",
        "VehiclesX": "{(EgoVehicle↦200.0),(Vehicles2↦-2.604173496365547),(Vehicles3↦5.000000074505806),(Vehicles4↦37.68928945064545),(Vehicles5↦44.71991956233978)}"
      },
      "probabilisticVariables": null,
      "activating": null,
      "activatingOnlyWhenExecuted": true,
      "updating": null,
      "withPredicate": null
    }
  ],
  "listeners": [],
  "metadata": {
    "fileType": "Timed_Trace",
    "formatVersion": 3,
    "savedAt": "2023-08-15T11:29:39.250619Z",
    "creator": "Simulation: MONTE_CARLO_SIMULATION; MAX_STEPS_BEFORE_PROPERTY : 0, EXECUTIONS : 1000, ENDING_TIME : 60000",
    "proB2KernelVersion": "4.12.2",
    "proBCliVersion": "1.12.2-final",
    "modelName": "HighwayEnvironment"
  }
}