{
  "variables": {},
  "activations": [
    {
      "id": "$setup_constants",
      "execute": "$setup_constants",
      "after": "0",
      "priority": 0,
      "additionalGuards": null,
      "activationKind": null,
      "fixedVariables": null,
      "probabilisticVariables": null,
      "activating": null,
      "activatingOnlyWhenExecuted": true,
      "updating": null,
      "withPredicate": null
    },
    {
      "id": "$initialise_machine",
      "execute": "$initialise_machine",
      "after": "0",
      "priority": 0,
      "additionalGuards": null,
      "activationKind": null,
      "fixedVariables": {
        "Crash": "FALSE",
        "VehiclesAy": "{(EgoVehicle↦0.0),(Vehicles2↦0.0),(Vehicles3↦0.0),(Vehicles4↦0.0),(Vehicles5↦0.0)}",
        "Reward": "0.0",
        "VehiclesAx": "{(EgoVehicle↦0.0),(Vehicles2↦0.0),(Vehicles3↦0.0),(Vehicles4↦0.0),(Vehicles5↦0.0)}",
        "VehiclesVx": "{(EgoVehicle↦25.0),(Vehicles2↦-1.074385941028595),(Vehicles3↦-3.303106129169464),(Vehicles4↦-3.2806527614593506),(Vehicles5↦-3.1102627515792847)}",
        "VehiclesY": "{(EgoVehicle↦4.0000001192092896),(Vehicles2↦0.0),(Vehicles3↦-4.0000001192092896),(Vehicles4↦4.0000001192092896),(Vehicles5↦-4.0000001192092896)}",
        "VehiclesVy": "{(EgoVehicle↦0.0),(Vehicles2↦0.0),(Vehicles3↦0.0),(Vehicles4↦0.0),(Vehicles5↦0.0)}",
        "VehiclesX": "{(EgoVehicle↦152.10106372833252),(Vehicles2↦23.22712391614914),(Vehicles3↦44.60335671901703),(Vehicles4↦67.6683783531189),(Vehicles5↦89.63105082511902)}"
      },
      "probabilisticVariables": null,
      "activating": [
        "LANE_RIGHT_2"
      ],
      "activatingOnlyWhenExecuted": true,
      "updating": null,
      "withPredicate": null
    },
    {
      "id": "LANE_RIGHT_2",
      "execute": "LANE_RIGHT",
      "after": "1000",
      "priority": 0,
      "additionalGuards": null,
      "activationKind": null,
      "fixedVariables": {
        "Crash": "FALSE",
        "VehiclesAy": "{(EgoVehicle↦1.0796338319778442),(Vehicles2↦-1.0796338319778442),(Vehicles3↦-1.0796338319778442),(Vehicles4↦-1.0796338319778442),(Vehicles5↦-1.0796338319778442)}",
        "Reward": "0.8660447183419508",
        "VehiclesAx": "{(EgoVehicle↦-0.023322105407714844),(Vehicles2↦-0.28036147356033325),(Vehicles3↦-2.361227571964264),(Vehicles4↦-0.13472497463226318),(Vehicles5↦-5.571407675743103)}",
        "VehiclesVx": "{(EgoVehicle↦24.976677894592285),(Vehicles2↦-1.3547474145889282),(Vehicles3↦-5.664333701133728),(Vehicles4↦-3.4153777360916138),(Vehicles5↦-8.681670427322388)}",
        "VehiclesY": "{(EgoVehicle↦7.6599647998809814),(Vehicles2↦-3.6599650382995605),(Vehicles3↦-7.6599647998809814),(Vehicles4↦0.3400348797440529),(Vehicles5↦-7.6599647998809814)}",
        "VehiclesVy": "{(EgoVehicle↦1.0796338319778442),(Vehicles2↦-1.0796338319778442),(Vehicles3↦-1.0796338319778442),(Vehicles4↦-1.0796338319778442),(Vehicles5↦-1.0796338319778442)}",
        "VehiclesX": "{(EgoVehicle↦176.78130865097046),(Vehicles2↦22.340160608291626),(Vehicles3↦40.63182175159454),(Vehicles4↦64.6390438079834),(Vehicles5↦84.4541847705841)}"
      },
      "probabilisticVariables": null,
      "activating": [
        "FASTER_3"
      ],
      "activatingOnlyWhenExecuted": true,
      "updating": null,
      "withPredicate": null
    },
    {
      "id": "FASTER_3",
      "execute": "FASTER",
      "after": "1000",
      "priority": 0,
      "additionalGuards": null,
      "activationKind": null,
      "fixedVariables": {
        "Crash": "FALSE",
        "VehiclesAy": "{(EgoVehicle↦-1.0525126825086772),(Vehicles2↦1.0525126825086772),(Vehicles3↦1.0525126825086772),(Vehicles4↦1.0525126825086772),(Vehicles5↦-1.1067549814470112)}",
        "Reward": "0.9824413667099782",
        "VehiclesAx": "{(EgoVehicle↦4.364874362945557),(Vehicles2↦-5.399095416069031),(Vehicles3↦-6.348845362663269),(Vehicles4↦-4.469404816627502),(Vehicles5↦-6.18971586227417)}",
        "VehiclesVx": "{(EgoVehicle↦29.341552257537842),(Vehicles2↦-6.753842830657959),(Vehicles3↦-12.013179063796997),(Vehicles4↦-7.884782552719116),(Vehicles5↦-14.871386289596558)}",
        "VehiclesY": "{(EgoVehicle↦7.993496417999268),(Vehicles2↦-3.993496298789978),(Vehicles3↦-7.993496417999268),(Vehicles4↦0.006503580836579204),(Vehicles5↦-7.993496417999268)}",
        "VehiclesVy": "{(EgoVehicle↦0.027121149469166994),(Vehicles2↦-0.027121149469166994),(Vehicles3↦-0.027121149469166994),(Vehicles4↦-0.027121149469166994),(Vehicles5↦-0.027121149469166994)}",
        "VehiclesX": "{(EgoVehicle↦200.0),(Vehicles2↦18.295851349830627),(Vehicles3↦31.721237301826477),(Vehicles4↦58.7637722492218),(Vehicles5↦72.11728692054749)}"
      },
      "probabilisticVariables": null,
      "activating": [
        "LANE_RIGHT_4"
      ],
      "activatingOnlyWhenExecuted": true,
      "updating": null,
      "withPredicate": null
    },
    {
      "id": "LANE_RIGHT_4",
      "execute": "LANE_RIGHT",
      "after": "1000",
      "priority": 0,
      "additionalGuards": null,
      "activationKind": null,
      "fixedVariables": {
        "Crash": "FALSE",
        "VehiclesAy": "{(EgoVehicle↦-0.027026898560507107),(Vehicles2↦0.027026898560507107),(Vehicles3↦0.027026898560507107),(Vehicles4↦0.027026898560507107),(Vehicles5↦-0.02721540037782688)}",
        "Reward": "0.9976877960072628",
        "VehiclesAx": "{(EgoVehicle↦0.571739673614502),(Vehicles2↦-1.4212185144424438),(Vehicles3↦-1.4973092079162598),(Vehicles4↦-0.6413763761520386),(Vehicles5↦1.0214054584503174)}",
        "VehiclesVx": "{(EgoVehicle↦29.913291931152344),(Vehicles2↦-8.175061345100403),(Vehicles3↦-13.510488271713257),(Vehicles4↦-8.526158928871155),(Vehicles5↦-13.84998083114624)}",
        "VehiclesY": "{(EgoVehicle↦8.000001668930054),(Vehicles2↦-4.000001907348633),(Vehicles3↦-8.000001668930054),(Vehicles4↦-1.8026956354333379E-06),(Vehicles5↦-8.000001668930054)}",
        "VehiclesVy": "{(EgoVehicle↦9.42509086598875E-05),(Vehicles2↦-9.42509086598875E-05),(Vehicles3↦-9.42509086598875E-05),(Vehicles4↦-9.42509086598875E-05),(Vehicles5↦-9.42509086598875E-05)}",
        "VehiclesX": "{(EgoVehicle↦200.0),(Vehicles2↦10.838998854160309),(Vehicles3↦18.932899832725525),(Vehicles4↦50.533515214920044),(Vehicles5↦57.61699676513672)}"
      },
      "probabilisticVariables": null,
      "activating": [
        "SLOWER_5"
      ],
      "activatingOnlyWhenExecuted": true,
      "updating": null,
      "withPredicate": null
    },
    {
      "id": "SLOWER_5",
      "execute": "SLOWER",
      "after": "1000",
      "priority": 0,
      "additionalGuards": null,
      "activationKind": null,
      "fixedVariables": {
        "Crash": "FALSE",
        "VehiclesAy": "{(EgoVehicle↦-0.00010049247919141635),(Vehicles2↦0.00010049247919141635),(Vehicles3↦0.00010049247919141635),(Vehicles4↦0.00010049247919141635),(Vehicles5↦-8.800933812835865E-05)}",
        "Reward": "0.8839204779383575",
        "VehiclesAx": "{(EgoVehicle↦-4.2662739753723145),(Vehicles2↦3.8384130597114563),(Vehicles3↦4.0963804721832275),(Vehicles4↦4.218923449516296),(Vehicles5↦5.275743007659912)}",
        "VehiclesVx": "{(EgoVehicle↦25.64701795578003),(Vehicles2↦-4.3366482853889465),(Vehicles3↦-9.41410779953003),(Vehicles4↦-4.307235479354858),(Vehicles5↦-8.574237823486328)}",
        "VehiclesY": "{(EgoVehicle↦8.000002384185791),(Vehicles2↦-4.000001907348633),(Vehicles3↦-8.000002384185791),(Vehicles4↦-2.062599264718301E-06),(Vehicles5↦-8.000002384185791)}",
        "VehiclesVy": "{(EgoVehicle↦-6.2415705315288506E-06),(Vehicles2↦6.2415705315288506E-06),(Vehicles3↦6.2415705315288506E-06),(Vehicles4↦6.2415705315288506E-06),(Vehicles5↦6.2415705315288506E-06)}",
        "VehiclesX": "{(EgoVehicle↦200.0),(Vehicles2↦4.823647066950798),(Vehicles3↦7.670468837022781),(Vehicles4↦44.3405419588089),(Vehicles5↦46.56710624694824)}"
      },
      "probabilisticVariables": null,
      "activating": [
        "LANE_RIGHT_6"
      ],
      "activatingOnlyWhenExecuted": true,
      "updating": null,
      "withPredicate": null
    },
    {
      "id": "LANE_RIGHT_6",
      "execute": "LANE_RIGHT",
      "after": "1000",
      "priority": 0,
      "additionalGuards": null,
      "activationKind": null,
      "fixedVariables": {
        "Crash": "FALSE",
        "VehiclesAy": "{(EgoVehicle↦5.998655652206253E-06),(Vehicles2↦-5.998655652206253E-06),(Vehicles3↦-5.998655652206253E-06),(Vehicles4↦-5.998655652206253E-06),(Vehicles5↦6.484485410851448E-06)}",
        "Reward": "0.8689387735008015",
        "VehiclesAx": "{(EgoVehicle↦-0.5618143081665039),(Vehicles2↦0.34064650535583496),(Vehicles3↦0.7009243965148926),(Vehicles4↦-3.1514614820480347),(Vehicles5↦4.795561730861664)}",
        "VehiclesVx": "{(EgoVehicle↦25.085203647613525),(Vehicles2↦-3.9960017800331116),(Vehicles3↦-8.713183403015137),(Vehicles4↦-7.458696961402893),(Vehicles5↦-3.7786760926246643)}",
        "VehiclesY": "{(EgoVehicle↦8.000000238418579),(Vehicles2↦-4.0000001192092896),(Vehicles3↦-8.000000238418579),(Vehicles4↦-8.000000238418579),(Vehicles5↦-7.3710008763328E-08)}",
        "VehiclesVy": "{(EgoVehicle↦-2.429148793225977E-07),(Vehicles2↦2.429148793225977E-07),(Vehicles3↦2.429148793225977E-07),(Vehicles4↦2.429148793225977E-07),(Vehicles5↦2.429148793225977E-07)}",
        "VehiclesX": "{(EgoVehicle↦200.0),(Vehicles2↦0.6970119196921587),(Vehicles3↦-1.3921973295509815),(Vehicles4↦38.55409622192383),(Vehicles5↦40.32904803752899)}"
      },
      "probabilisticVariables": null,
      "activating": [
        "IDLE_7"
      ],
      "activatingOnlyWhenExecuted": true,
      "updating": null,
      "withPredicate": null
    },
    {
      "id": "IDLE_7",
      "execute": "IDLE",
      "after": "1000",
      "priority": 0,
      "additionalGuards": null,
      "activationKind": null,
      "fixedVariables": {
        "Crash": "FALSE",
        "VehiclesAy": "{(EgoVehicle↦2.3511913305185317E-07),(Vehicles2↦-2.3511912417006897E-07),(Vehicles3↦-2.3511912417006897E-07),(Vehicles4↦-2.3511912417006897E-07),(Vehicles5↦2.507106344751264E-07)}",
        "Reward": "0.866965874150997",
        "VehiclesAx": "{(EgoVehicle↦-0.07398366928100586),(Vehicles2↦-0.04224270582199097),(Vehicles3↦0.3127872943878174),(Vehicles4↦0.3357362747192383),(Vehicles5↦0.049634575843811035)}",
        "VehiclesVx": "{(EgoVehicle↦25.01121997833252),(Vehicles2↦-4.0382444858551025),(Vehicles3↦-8.40039610862732),(Vehicles4↦-7.122960686683655),(Vehicles5↦-3.7290415167808533)}",
        "VehiclesY": "{(EgoVehicle↦8.000000238418579),(Vehicles2↦-4.0000001192092896),(Vehicles3↦-8.000000238418579),(Vehicles4↦-8.000000238418579),(Vehicles5↦-2.3421944383983373E-09)}",
        "VehiclesVy": "{(EgoVehicle↦-7.79574627074453E-09),(Vehicles2↦7.795755152528727E-09),(Vehicles3↦7.795755152528727E-09),(Vehicles4↦7.795755152528727E-09),(Vehicles5↦7.795755152528727E-09)}",
        "VehiclesX": "{(EgoVehicle↦200.0),(Vehicles2↦-3.3105019479990005),(Vehicles3↦-9.972000867128372),(Vehicles4↦31.258195638656616),(Vehicles5↦36.58088743686676)}"
      },
      "probabilisticVariables": null,
      "activating": [
        "IDLE_8"
      ],
      "activatingOnlyWhenExecuted": true,
      "updating": null,
      "withPredicate": null
    },
    {
      "id": "IDLE_8",
      "execute": "IDLE",
      "after": "1000",
      "priority": 0,
      "additionalGuards": null,
      "activationKind": null,
      "fixedVariables": {
        "Crash": "FALSE",
        "VehiclesAy": "{(EgoVehicle↦7.55127516072207E-09),(Vehicles2↦-7.551292924290465E-09),(Vehicles3↦-7.551292924290465E-09),(Vehicles4↦-7.551292924290465E-09),(Vehicles5↦1.84943612424604E-06)}",
        "Reward": "0.8667060684753026",
        "VehiclesAx": "{(EgoVehicle↦-0.009741783142089844),(Vehicles2↦-0.05310088396072388),(Vehicles3↦1.3919192552566528),(Vehicles4↦3.384954333305359),(Vehicles5↦-1.1235031485557556)}",
        "VehiclesVx": "{(EgoVehicle↦25.00147819519043),(Vehicles2↦-4.091345369815826),(Vehicles3↦-7.0084768533706665),(Vehicles4↦-3.738006353378296),(Vehicles5↦-4.852544665336609)}",
        "VehiclesY": "{(EgoVehicle↦8.000000238418579),(Vehicles2↦-4.0000001192092896),(Vehicles3↦-8.000000238418579),(Vehicles4↦-7.335332341540379E-11),(Vehicles5↦-4.000000476837158)}",
        "VehiclesVy": "{(EgoVehicle↦-2.4447111002245947E-10),(Vehicles2↦2.4446222823826247E-10),(Vehicles3↦2.4446222823826247E-10),(Vehicles4↦2.4446222823826247E-10),(Vehicles5↦1.8416403690935113E-06)}",
        "VehiclesX": "{(EgoVehicle↦200.0),(Vehicles2↦-7.3714666068553925),(Vehicles3↦24.19087141752243),(Vehicles4↦32.84938335418701),(Vehicles5↦60.19265651702881)}"
      },
      "probabilisticVariables": null,
      "activating": [
        "SLOWER_9"
      ],
      "activatingOnlyWhenExecuted": true,
      "updating": null,
      "withPredicate": null
    },
    {
      "id": "SLOWER_9",
      "execute": "SLOWER",
      "after": "1000",
      "priority": 0,
      "additionalGuards": null,
      "activationKind": null,
      "fixedVariables": {
        "Crash": "FALSE",
        "VehiclesAy": "{(EgoVehicle↦2.3454127529021207E-10),(Vehicles2↦-2.3453239350601507E-10),(Vehicles3↦-2.3453239350601507E-10),(Vehicles4↦-2.3453239350601507E-10),(Vehicles5↦1.9535867679110197E-06)}",
        "Reward": "0.7508968210886544",
        "VehiclesAx": "{(EgoVehicle↦-4.342846870422363),(Vehicles2↦4.306971784681082),(Vehicles3↦4.378697872161865),(Vehicles4↦4.32773232460022),(Vehicles5↦4.486611559987068)}",
        "VehiclesVx": "{(EgoVehicle↦20.658631324768066),(Vehicles2↦0.21562641486525536),(Vehicles3↦-2.6297789812088013),(Vehicles4↦0.5897259712219238),(Vehicles5↦-0.3659331053495407)}",
        "VehiclesY": "{(EgoVehicle↦8.000000238418579),(Vehicles2↦-4.0000001192092896),(Vehicles3↦-8.000000238418579),(Vehicles4↦-3.433253681350834E-12),(Vehicles5↦-4.0000001192092896)}",
        "VehiclesVy": "{(EgoVehicle↦-9.9298347322474E-12),(Vehicles2↦9.9298347322474E-12),(Vehicles3↦9.9298347322474E-12),(Vehicles4↦9.9298347322474E-12),(Vehicles5↦1.1194639881750845E-07)}",
        "VehiclesX": "{(EgoVehicle↦200.0),(Vehicles2↦-9.082881361246109),(Vehicles3↦19.5955753326416),(Vehicles4↦31.50087296962738),(Vehicles5↦57.797592878341675)}"
      },
      "probabilisticVariables": null,
      "activating": [
        "FASTER_10"
      ],
      "activatingOnlyWhenExecuted": true,
      "updating": null,
      "withPredicate": null
    },
    {
      "id": "FASTER_10",
      "execute": "FASTER",
      "after": "1000",
      "priority": 0,
      "additionalGuards": null,
      "activationKind": null,
      "fixedVariables": {
        "Crash": "FALSE",
        "VehiclesAy": "{(EgoVehicle↦9.450218385609332E-12),(Vehicles2↦-9.450218385609332E-12),(Vehicles3↦-9.450218385609332E-12),(Vehicles4↦6.702656207835389E-09),(Vehicles5↦1.1194687843385509E-07)}",
        "Reward": "0.851421254903307",
        "VehiclesAx": "{(EgoVehicle↦3.769664764404297),(Vehicles2↦-6.59892862662673),(Vehicles3↦-0.5629736185073853),(Vehicles4↦-4.623871743679047),(Vehicles5↦-6.644531562924385)}",
        "VehiclesVx": "{(EgoVehicle↦24.428296089172363),(Vehicles2↦-6.383302211761475),(Vehicles3↦-3.1927525997161865),(Vehicles4↦-4.034145772457123),(Vehicles5↦-7.010464668273926)}",
        "VehiclesY": "{(EgoVehicle↦8.000000238418579),(Vehicles2↦-8.000000238418579),(Vehicles3↦-1.438849039914203E-13),(Vehicles4↦-4.0000001192092896),(Vehicles5↦-8.000000238418579)}",
        "VehiclesVy": "{(EgoVehicle↦-4.796163466380676E-13),(Vehicles2↦4.796163466380676E-13),(Vehicles3↦4.796163466380676E-13),(Vehicles4↦6.7125860425676365E-09),(Vehicles5↦4.796163466380676E-13)}",
        "VehiclesX": "{(EgoVehicle↦200.0),(Vehicles2↦14.893031120300293),(Vehicles3↦30.0057590007782),(Vehicles4↦55.395328998565674),(Vehicles5↦67.02957153320312)}"
      },
      "probabilisticVariables": null,
      "activating": [
        "LANE_RIGHT_11"
      ],
      "activatingOnlyWhenExecuted": true,
      "updating": null,
      "withPredicate": null
    },
    {
      "id": "LANE_RIGHT_11",
      "execute": "LANE_RIGHT",
      "after": "1000",
      "priority": 0,
      "additionalGuards": null,
      "activationKind": null,
      "fixedVariables": {
        "Crash": "FALSE",
        "VehiclesAy": "{(EgoVehicle↦4.618527782440651E-13),(Vehicles2↦-4.618527782440651E-13),(Vehicles3↦-4.618527782440651E-13),(Vehicles4↦-6.314042622079796E-09),(Vehicles5↦4.973799150320701E-13)}",
        "Reward": "0.8646590404262242",
        "VehiclesAx": "{(EgoVehicle↦0.49641847610473633),(Vehicles2↦-0.47635674476623535),(Vehicles3↦-0.507744550704956),(Vehicles4↦-0.42189091444015503),(Vehicles5↦-0.21253585815429688)}",
        "VehiclesVx": "{(EgoVehicle↦24.9247145652771),(Vehicles2↦-6.85965895652771),(Vehicles3↦-3.7004971504211426),(Vehicles4↦-4.456036686897278),(Vehicles5↦-7.223000526428223)}",
        "VehiclesY": "{(EgoVehicle↦8.000000238418579),(Vehicles2↦-8.000000238418579),(Vehicles3↦-1.3322676295501878E-15),(Vehicles4↦-4.0000001192092896),(Vehicles5↦-8.000000238418579)}",
        "VehiclesVy": "{(EgoVehicle↦-1.7763568394002505E-14),(Vehicles2↦1.7763568394002505E-14),(Vehicles3↦1.7763568394002505E-14),(Vehicles4↦3.985434204878402E-10),(Vehicles5↦1.7763568394002505E-14)}",
        "VehiclesX": "{(EgoVehicle↦200.0),(Vehicles2↦8.243077248334885),(Vehicles3↦26.53452754020691),(Vehicles4↦51.11885070800781),(Vehicles5↦59.860122203826904)}"
      },
      "probabilisticVariables": null,
      "activating": [
        "SLOWER_12"
      ],
      "activatingOnlyWhenExecuted": true,
      "updating": null,
      "withPredicate": null
    },
    {
      "id": "SLOWER_12",
      "execute": "SLOWER",
      "after": "1000",
      "priority": 0,
      "additionalGuards": null,
      "activationKind": null,
      "fixedVariables": {
        "Crash": "FALSE",
        "VehiclesAy": "{(EgoVehicle↦1.7763568394002505E-14),(Vehicles2↦-1.7763568394002505E-14),(Vehicles3↦-1.7763568394002505E-14),(Vehicles4↦-3.750599830709689E-10),(Vehicles5↦1.7763568394002505E-14)}",
        "Reward": "0.7506272536089403",
        "VehiclesAx": "{(EgoVehicle↦-4.2761921882629395),(Vehicles2↦4.309086501598358),(Vehicles3↦4.265829585492611),(Vehicles4↦4.333248659968376),(Vehicles5↦4.538593292236328)}",
        "VehiclesVx": "{(EgoVehicle↦20.64852237701416),(Vehicles2↦-2.550572454929352),(Vehicles3↦0.5653324350714684),(Vehicles4↦-0.12278802692890167),(Vehicles5↦-2.6844072341918945)}",
        "VehiclesY": "{(EgoVehicle↦8.000000238418579),(Vehicles2↦-8.000000238418579),(Vehicles3↦0.0),(Vehicles4↦-4.0000001192092896),(Vehicles5↦-8.000000238418579)}",
        "VehiclesVy": "{(EgoVehicle↦0.0),(Vehicles2↦0.0),(Vehicles3↦0.0),(Vehicles4↦2.348343741687131E-11),(Vehicles5↦0.0)}",
        "VehiclesX": "{(EgoVehicle↦200.0),(Vehicles2↦3.7544209510087967),(Vehicles3↦25.18882155418396),(Vehicles4↦49.045759439468384),(Vehicles5↦55.10311722755432)}"
      },
      "probabilisticVariables": null,
      "activating": [
        "LANE_RIGHT_13"
      ],
      "activatingOnlyWhenExecuted": true,
      "updating": null,
      "withPredicate": null
    },
    {
      "id": "LANE_RIGHT_13",
      "execute": "LANE_RIGHT",
      "after": "1000",
      "priority": 0,
      "additionalGuards": null,
      "activationKind": null,
      "fixedVariables": {
        "Crash": "FALSE",
        "VehiclesAy": "{(EgoVehicle↦0.0),(Vehicles2↦0.0),(Vehicles3↦0.0),(Vehicles4↦-2.2097879082139116E-11),(Vehicles5↦0.0)}",
        "Reward": "0.7356107220116025",
        "VehiclesAx": "{(EgoVehicle↦-0.5631208419799805),(Vehicles2↦0.6101801991462708),(Vehicles3↦0.5533908680081367),(Vehicles4↦0.6085159257054329),(Vehicles5↦0.7985059916973114)}",
        "VehiclesVx": "{(EgoVehicle↦20.08540153503418),(Vehicles2↦-1.940392255783081),(Vehicles3↦1.118723303079605),(Vehicles4↦0.4857278987765312),(Vehicles5↦-1.8859012424945831)}",
        "VehiclesY": "{(EgoVehicle↦8.000000238418579),(Vehicles2↦-8.000000238418579),(Vehicles3↦0.0),(Vehicles4↦-4.0000001192092896),(Vehicles5↦-8.000000238418579)}",
        "VehiclesVy": "{(EgoVehicle↦0.0),(Vehicles2↦0.0),(Vehicles3↦0.0),(Vehicles4↦1.3855583347321954E-12),(Vehicles5↦0.0)}",
        "VehiclesX": "{(EgoVehicle↦200.0),(Vehicles2↦1.532242726534605),(Vehicles3↦26.06087028980255),(Vehicles4↦49.25254285335541),(Vehicles5↦52.825748920440674)}"
      },
      "probabilisticVariables": null,
      "activating": [
        "LANE_RIGHT_14"
      ],
      "activatingOnlyWhenExecuted": true,
      "updating": null,
      "withPredicate": null
    },
    {
      "id": "LANE_RIGHT_14",
      "execute": "LANE_RIGHT",
      "after": "1000",
      "priority": 0,
      "additionalGuards": null,
      "activationKind": null,
      "fixedVariables": {
        "Crash": "FALSE",
        "VehiclesAy": "{(EgoVehicle↦0.0),(Vehicles2↦0.0),(Vehicles3↦0.0),(Vehicles4↦-1.2967404927621828E-12),(Vehicles5↦0.0)}",
        "Reward": "0.7336332363691548",
        "VehiclesAx": "{(EgoVehicle↦-0.07415533065795898),(Vehicles2↦0.13333216309547424),(Vehicles3↦0.06484821438789368),(Vehicles4↦0.11148635298013687),(Vehicles5↦0.28192058205604553)}",
        "VehiclesVx": "{(EgoVehicle↦20.01124620437622),(Vehicles2↦-1.8070600926876068),(Vehicles3↦1.1835715174674988),(Vehicles4↦0.5972142517566681),(Vehicles5↦-1.6039806604385376)}",
        "VehiclesY": "{(EgoVehicle↦8.000000238418579),(Vehicles2↦-8.000000238418579),(Vehicles3↦0.0),(Vehicles4↦-4.0000001192092896),(Vehicles5↦-8.000000238418579)}",
        "VehiclesVy": "{(EgoVehicle↦0.0),(Vehicles2↦0.0),(Vehicles3↦0.0),(Vehicles4↦8.881784197001252E-14),(Vehicles5↦0.0)}",
        "VehiclesX": "{(EgoVehicle↦200.0),(Vehicles2↦-0.3444189205765724),(Vehicles3↦27.216753363609314),(Vehicles4↦49.79465305805206),(Vehicles5↦51.066017150878906)}"
      },
      "probabilisticVariables": null,
      "activating": [
        "LANE_RIGHT_15"
      ],
      "activatingOnlyWhenExecuted": true,
      "updating": null,
      "withPredicate": null
    },
    {
      "id": "LANE_RIGHT_15",
      "execute": "LANE_RIGHT",
      "after": "1000",
      "priority": 0,
      "additionalGuards": null,
      "activationKind": null,
      "fixedVariables": {
        "Crash": "FALSE",
        "VehiclesAy": "{(EgoVehicle↦0.0),(Vehicles2↦0.0),(Vehicles3↦0.0),(Vehicles4↦-8.881784197001252E-14),(Vehicles5↦0.0)}",
        "Reward": "0.7333728267372276",
        "VehiclesAx": "{(EgoVehicle↦-0.009765625),(Vehicles2↦0.07790908217430115),(Vehicles3↦0.0007452070713043213),(Vehicles4↦-2.009328007698059),(Vehicles5↦2.2424879670143127)}",
        "VehiclesVx": "{(EgoVehicle↦20.00148057937622),(Vehicles2↦-1.7291510105133057),(Vehicles3↦1.184316724538803),(Vehicles4↦-1.412113755941391),(Vehicles5↦0.6385073065757751)}",
        "VehiclesY": "{(EgoVehicle↦8.000000238418579),(Vehicles2↦-8.000000238418579),(Vehicles3↦0.0),(Vehicles4↦-8.000000238418579),(Vehicles5↦-4.0000001192092896)}",
        "VehiclesVy": "{(EgoVehicle↦0.0),(Vehicles2↦0.0),(Vehicles3↦0.0),(Vehicles4↦0.0),(Vehicles5↦0.0)}",
        "VehiclesX": "{(EgoVehicle↦200.0),(Vehicles2↦-2.119421400129795),(Vehicles3↦28.40208411216736),(Vehicles4↦49.54220652580261),(Vehicles5↦50.41026473045349)}"
      },
      "probabilisticVariables": null,
      "activating": [
        "LANE_RIGHT_16"
      ],
      "activatingOnlyWhenExecuted": true,
      "updating": null,
      "withPredicate": null
    },
    {
      "id": "LANE_RIGHT_16",
      "execute": "LANE_RIGHT",
      "after": "1000",
      "priority": 0,
      "additionalGuards": null,
      "activationKind": null,
      "fixedVariables": {
        "Crash": "FALSE",
        "VehiclesAy": "{(EgoVehicle↦0.0),(Vehicles2↦0.0),(Vehicles3↦0.0),(Vehicles4↦0.0),(Vehicles5↦0.0)}",
        "Reward": "0.7333385341108009",
        "VehiclesAx": "{(EgoVehicle↦-0.0012850761413574219),(Vehicles2↦0.07526576519012451),(Vehicles3↦-0.007530897855758667),(Vehicles4↦0.1607443392276764),(Vehicles5↦0.028470084071159363)}",
        "VehiclesVx": "{(EgoVehicle↦20.000195503234863),(Vehicles2↦-1.6538852453231812),(Vehicles3↦1.1767858266830444),(Vehicles4↦-1.2513694167137146),(Vehicles5↦0.6669773906469345)}",
        "VehiclesY": "{(EgoVehicle↦8.000000238418579),(Vehicles2↦-8.000000238418579),(Vehicles3↦0.0),(Vehicles4↦-8.000000238418579),(Vehicles5↦-4.0000001192092896)}",
        "VehiclesVy": "{(EgoVehicle↦0.0),(Vehicles2↦0.0),(Vehicles3↦0.0),(Vehicles4↦0.0),(Vehicles5↦0.0)}",
        "VehiclesX": "{(EgoVehicle↦200.0),(Vehicles2↦-3.818623349070549),(Vehicles3↦29.58357036113739),(Vehicles4↦48.19626808166504),(Vehicles5↦51.0606586933136)}"
      },
      "probabilisticVariables": null,
      "activating": [
        "LANE_RIGHT_17"
      ],
      "activatingOnlyWhenExecuted": true,
      "updating": null,
      "withPredicate": null
    },
    {
      "id": "LANE_RIGHT_17",
      "execute": "LANE_RIGHT",
      "after": "1000",
      "priority": 0,
      "additionalGuards": null,
      "activationKind": null,
      "fixedVariables": {
        "Crash": "FALSE",
        "VehiclesAy": "{(EgoVehicle↦0.0),(Vehicles2↦0.0),(Vehicles3↦0.0),(Vehicles4↦0.0),(Vehicles5↦0.0)}",
        "Reward": "0.7333340182093785",
        "VehiclesAx": "{(EgoVehicle↦-0.00016927719116210938),(Vehicles2↦0.07733166217803955),(Vehicles3↦-0.008495450019836426),(Vehicles4↦0.14021120965480804),(Vehicles5↦0.02398259937763214)}",
        "VehiclesVx": "{(EgoVehicle↦20.0000262260437),(Vehicles2↦-1.5765535831451416),(Vehicles3↦1.168290376663208),(Vehicles4↦-1.1111582070589066),(Vehicles5↦0.6909599900245667)}",
        "VehiclesY": "{(EgoVehicle↦8.000000238418579),(Vehicles2↦-8.000000238418579),(Vehicles3↦0.0),(Vehicles4↦-8.000000238418579),(Vehicles5↦-4.0000001192092896)}",
        "VehiclesVy": "{(EgoVehicle↦0.0),(Vehicles2↦0.0),(Vehicles3↦0.0),(Vehicles4↦0.0),(Vehicles5↦0.0)}",
        "VehiclesX": "{(EgoVehicle↦200.0),(Vehicles2↦-5.441713705658913),(Vehicles3↦30.75697422027588),(Vehicles4↦47.002434730529785),(Vehicles5↦51.73749327659607)}"
      },
      "probabilisticVariables": null,
      "activating": [
        "IDLE_18"
      ],
      "activatingOnlyWhenExecuted": true,
      "updating": null,
      "withPredicate": null
    },
    {
      "id": "IDLE_18",
      "execute": "IDLE",
      "after": "1000",
      "priority": 0,
      "additionalGuards": null,
      "activationKind": null,
      "fixedVariables": {
        "Crash": "FALSE",
        "VehiclesAy": "{(EgoVehicle↦0.0),(Vehicles2↦0.0),(Vehicles3↦0.0),(Vehicles4↦0.0),(Vehicles5↦0.0)}",
        "Reward": "0.7333334235227714",
        "VehiclesAx": "{(EgoVehicle↦-2.384185791015625E-05),(Vehicles2↦0.07831037044525146),(Vehicles3↦-0.008520185947418213),(Vehicles4↦0.12365393340587616),(Vehicles5↦0.021139010787010193)}",
        "VehiclesVx": "{(EgoVehicle↦20.00000238418579),(Vehicles2↦-1.4982432126998901),(Vehicles3↦1.1597701907157898),(Vehicles4↦-0.9875042736530304),(Vehicles5↦0.7120990008115768)}",
        "VehiclesY": "{(EgoVehicle↦8.000000238418579),(Vehicles2↦-8.000000238418579),(Vehicles3↦0.0),(Vehicles4↦-8.000000238418579),(Vehicles5↦-4.0000001192092896)}",
        "VehiclesVy": "{(EgoVehicle↦0.0),(Vehicles2↦0.0),(Vehicles3↦0.0),(Vehicles4↦0.0),(Vehicles5↦0.0)}",
        "VehiclesX": "{(EgoVehicle↦200.0),(Vehicles2↦-6.986962258815765),(Vehicles3↦31.92184865474701),(Vehicles4↦45.941945910453796),(Vehicles5↦52.43710279464722)}"
      },
      "probabilisticVariables": null,
      "activating": [
        "IDLE_19"
      ],
      "activatingOnlyWhenExecuted": true,
      "updating": null,
      "withPredicate": null
    },
    {
      "id": "IDLE_19",
      "execute": "IDLE",
      "after": "1000",
      "priority": 0,
      "additionalGuards": null,
      "activationKind": null,
      "fixedVariables": {
        "Crash": "FALSE",
        "VehiclesAy": "{(EgoVehicle↦0.0),(Vehicles2↦0.0),(Vehicles3↦0.0),(Vehicles4↦0.0),(Vehicles5↦0.0)}",
        "Reward": "0.7333333452101317",
        "VehiclesAx": "{(EgoVehicle↦-2.384185791015625E-06),(Vehicles2↦0.07791712880134583),(Vehicles3↦-0.008432939648628235),(Vehicles4↦0.10983891785144806),(Vehicles5↦0.018910318613052368)}",
        "VehiclesVx": "{(EgoVehicle↦20.0),(Vehicles2↦-1.4203260838985443),(Vehicles3↦1.1513372510671616),(Vehicles4↦-0.8776653558015823),(Vehicles5↦0.7310093194246292)}",
        "VehiclesY": "{(EgoVehicle↦8.000000238418579),(Vehicles2↦-8.000000238418579),(Vehicles3↦0.0),(Vehicles4↦-8.000000238418579),(Vehicles5↦-4.0000001192092896)}",
        "VehiclesVy": "{(EgoVehicle↦0.0),(Vehicles2↦0.0),(Vehicles3↦0.0),(Vehicles4↦0.0),(Vehicles5↦0.0)}",
        "VehiclesX": "{(EgoVehicle↦200.0),(Vehicles2↦-8.453960716724396),(Vehicles3↦33.07823836803436),(Vehicles4↦44.99938488006592),(Vehicles5↦53.15693020820618)}"
      },
      "probabilisticVariables": null,
      "activating": [
        "IDLE_20"
      ],
      "activatingOnlyWhenExecuted": true,
      "updating": null,
      "withPredicate": null
    },
    {
      "id": "IDLE_20",
      "execute": "IDLE",
      "after": "1000",
      "priority": 0,
      "additionalGuards": null,
      "activationKind": null,
      "fixedVariables": {
        "Crash": "FALSE",
        "VehiclesAy": "{(EgoVehicle↦0.0),(Vehicles2↦0.0),(Vehicles3↦0.0),(Vehicles4↦0.0),(Vehicles5↦0.0)}",
        "Reward": "0.7333333348973562",
        "VehiclesAx": "{(EgoVehicle↦0.0),(Vehicles2↦0.07650196552276611),(Vehicles3↦-0.008335411548614502),(Vehicles4↦0.09823143482208252),(Vehicles5↦0.017065778374671936)}",
        "VehiclesVx": "{(EgoVehicle↦20.0),(Vehicles2↦-1.3438241183757782),(Vehicles3↦1.143001839518547),(Vehicles4↦-0.7794339209794998),(Vehicles5↦0.7480750977993011)}",
        "VehiclesY": "{(EgoVehicle↦8.000000238418579),(Vehicles2↦-8.000000238418579),(Vehicles3↦0.0),(Vehicles4↦-8.000000238418579),(Vehicles5↦-4.0000001192092896)}",
        "VehiclesVy": "{(EgoVehicle↦0.0),(Vehicles2↦0.0),(Vehicles3↦0.0),(Vehicles4↦0.0),(Vehicles5↦0.0)}",
        "VehiclesX": "{(EgoVehicle↦200.0),(Vehicles2↦-9.84354093670845),(Vehicles3↦34.2262327671051),(Vehicles4↦44.16186511516571),(Vehicles5↦53.894901275634766)}"
      },
      "probabilisticVariables": null,
      "activating": [
        "FASTER_21"
      ],
      "activatingOnlyWhenExecuted": true,
      "updating": null,
      "withPredicate": null
    },
    {
      "id": "FASTER_21",
      "execute": "FASTER",
      "after": "1000",
      "priority": 0,
      "additionalGuards": null,
      "activationKind": null,
      "fixedVariables": {
        "Crash": "FALSE",
        "VehiclesAy": "{(EgoVehicle↦0.0),(Vehicles2↦0.0),(Vehicles3↦0.0),(Vehicles4↦0.0),(Vehicles5↦0.0)}",
        "Reward": "0.8491083678328479",
        "VehiclesAx": "{(EgoVehicle↦4.341564178466797),(Vehicles2↦-1.8629740178585052),(Vehicles3↦-6.175573989748955),(Vehicles4↦-2.79854379594326),(Vehicles5↦-5.07947102189064)}",
        "VehiclesVx": "{(EgoVehicle↦24.341564178466797),(Vehicles2↦-3.2067981362342834),(Vehicles3↦-5.032572150230408),(Vehicles4↦-3.57797771692276),(Vehicles5↦-4.331395924091339)}",
        "VehiclesY": "{(EgoVehicle↦8.000000238418579),(Vehicles2↦0.0),(Vehicles3↦-8.000000238418579),(Vehicles4↦-4.0000001192092896),(Vehicles5↦-8.000000238418579)}",
        "VehiclesVy": "{(EgoVehicle↦0.0),(Vehicles2↦0.0),(Vehicles3↦0.0),(Vehicles4↦0.0),(Vehicles5↦0.0)}",
        "VehiclesX": "{(EgoVehicle↦200.0),(Vehicles2↦32.97087252140045),(Vehicles3↦41.023460030555725),(Vehicles4↦52.25422978401184),(Vehicles5↦95.36148309707642)}"
      },
      "probabilisticVariables": null,
      "activating": [
        "SLOWER_22"
      ],
      "activatingOnlyWhenExecuted": true,
      "updating": null,
      "withPredicate": null
    },
    {
      "id": "SLOWER_22",
      "execute": "SLOWER",
      "after": "1000",
      "priority": 0,
      "additionalGuards": null,
      "activationKind": null,
      "fixedVariables": {
        "Crash": "FALSE",
        "VehiclesAy": "{(EgoVehicle↦0.0),(Vehicles2↦0.0),(Vehicles3↦0.0),(Vehicles4↦0.0),(Vehicles5↦0.0)}",
        "Reward": "0.7485794284114586",
        "VehiclesAx": "{(EgoVehicle↦-3.76983642578125),(Vehicles2↦3.761701323091984),(Vehicles3↦3.849920704960823),(Vehicles4↦3.784023802727461),(Vehicles5↦3.8152658194303513)}",
        "VehiclesVx": "{(EgoVehicle↦20.571727752685547),(Vehicles2↦0.5549031868577003),(Vehicles3↦-1.1826514452695847),(Vehicles4↦0.20604608580470085),(Vehicles5↦-0.5161301046609879)}",
        "VehiclesY": "{(EgoVehicle↦8.000000238418579),(Vehicles2↦0.0),(Vehicles3↦-8.000000238418579),(Vehicles4↦-4.0000001192092896),(Vehicles5↦-8.000000238418579)}",
        "VehiclesVy": "{(EgoVehicle↦0.0),(Vehicles2↦0.0),(Vehicles3↦0.0),(Vehicles4↦0.0),(Vehicles5↦0.0)}",
        "VehiclesX": "{(EgoVehicle↦200.0),(Vehicles2↦31.840473413467407),(Vehicles3↦38.10320198535919),(Vehicles4↦50.76168775558472),(Vehicles5↦93.12829971313477)}"
      },
      "probabilisticVariables": null,
      "activating": [
        "SLOWER_23"
      ],
      "activatingOnlyWhenExecuted": true,
      "updating": null,
      "withPredicate": null
    },
    {
      "id": "SLOWER_23",
      "execute": "SLOWER",
      "after": "1000",
      "priority": 0,
      "additionalGuards": null,
      "activationKind": null,
      "fixedVariables": {
        "Crash": "FALSE",
        "VehiclesAy": "{(EgoVehicle↦0.0),(Vehicles2↦0.0),(Vehicles3↦0.0),(Vehicles4↦0.0),(Vehicles5↦0.0)}",
        "Reward": "0.7353410495576133",
        "VehiclesAx": "{(EgoVehicle↦-0.49643754959106445),(Vehicles2↦0.4884134605526924),(Vehicles3↦0.5693747848272324),(Vehicles4↦0.5094976909458637),(Vehicles5↦0.5375237856060266)}",
        "VehiclesVx": "{(EgoVehicle↦20.075290203094482),(Vehicles2↦1.0433166474103928),(Vehicles3↦-0.6132766604423523),(Vehicles4↦0.7155437767505646),(Vehicles5↦0.021393680945038795)}",
        "VehiclesY": "{(EgoVehicle↦8.000000238418579),(Vehicles2↦0.0),(Vehicles3↦-8.000000238418579),(Vehicles4↦-4.0000001192092896),(Vehicles5↦-8.000000238418579)}",
        "VehiclesVy": "{(EgoVehicle↦0.0),(Vehicles2↦0.0),(Vehicles3↦0.0),(Vehicles4↦0.0),(Vehicles5↦0.0)}",
        "VehiclesX": "{(EgoVehicle↦200.0),(Vehicles2↦32.666024565696716),(Vehicles3↦37.224119901657104),(Vehicles4↦51.24690532684326),(Vehicles5↦92.90278553962708)}"
      },
      "probabilisticVariables": null,
      "activating": [
        "SLOWER_24"
      ],
      "activatingOnlyWhenExecuted": true,
      "updating": null,
      "withPredicate": null
    },
    {
      "id": "SLOWER_24",
      "execute": "SLOWER",
      "after": "1000",
      "priority": 0,
      "additionalGuards": null,
      "activationKind": null,
      "fixedVariables": {
        "Crash": "FALSE",
        "VehiclesAy": "{(EgoVehicle↦0.0),(Vehicles2↦0.0),(Vehicles3↦0.0),(Vehicles4↦0.0),(Vehicles5↦0.0)}",
        "Reward": "0.7335977239472302",
        "VehiclesAx": "{(EgoVehicle↦-0.06537437438964844),(Vehicles2↦0.05746372044086456),(Vehicles3↦0.13213157653808594),(Vehicles4↦0.07746502757072449),(Vehicles5↦0.10273061692714691)}",
        "VehiclesVx": "{(EgoVehicle↦20.009915828704834),(Vehicles2↦1.1007803678512573),(Vehicles3↦-0.48114508390426636),(Vehicles4↦0.7930088043212891),(Vehicles5↦0.12412429787218571)}",
        "VehiclesY": "{(EgoVehicle↦8.000000238418579),(Vehicles2↦0.0),(Vehicles3↦-8.000000238418579),(Vehicles4↦-4.0000001192092896),(Vehicles5↦-8.000000238418579)}",
        "VehiclesVy": "{(EgoVehicle↦0.0),(Vehicles2↦0.0),(Vehicles3↦0.0),(Vehicles4↦0.0),(Vehicles5↦0.0)}",
        "VehiclesX": "{(EgoVehicle↦200.0),(Vehicles2↦33.742231130599976),(Vehicles3↦36.67407035827637),(Vehicles4↦52.00342535972595),(Vehicles5↦92.97546744346619)}"
      },
      "probabilisticVariables": null,
      "activating": [
        "SLOWER_25"
      ],
      "activatingOnlyWhenExecuted": true,
      "updating": null,
      "withPredicate": null
    },
    {
      "id": "SLOWER_25",
      "execute": "SLOWER",
      "after": "1000",
      "priority": 0,
      "additionalGuards": null,
      "activationKind": null,
      "fixedVariables": {
        "Crash": "FALSE",
        "VehiclesAy": "{(EgoVehicle↦0.0),(Vehicles2↦0.0),(Vehicles3↦0.0),(Vehicles4↦0.0),(Vehicles5↦0.0)}",
        "Reward": "0.7333681502042991",
        "VehiclesAx": "{(EgoVehicle↦-0.008609294891357422),(Vehicles2↦0.000820457935333252),(Vehicles3↦0.06998356431722641),(Vehicles4↦0.01986958086490631),(Vehicles5↦0.04273821599781513)}",
        "VehiclesVx": "{(EgoVehicle↦20.001306533813477),(Vehicles2↦1.1016008257865906),(Vehicles3↦-0.41116151958703995),(Vehicles4↦0.8128783851861954),(Vehicles5↦0.16686251387000084)}",
        "VehiclesY": "{(EgoVehicle↦8.000000238418579),(Vehicles2↦0.0),(Vehicles3↦-8.000000238418579),(Vehicles4↦-4.0000001192092896),(Vehicles5↦-8.000000238418579)}",
        "VehiclesVy": "{(EgoVehicle↦0.0),(Vehicles2↦0.0),(Vehicles3↦0.0),(Vehicles4↦0.0),(Vehicles5↦0.0)}",
        "VehiclesX": "{(EgoVehicle↦200.0),(Vehicles2↦34.84463393688202),(Vehicles3↦36.2226277589798),(Vehicles4↦52.80574560165405),(Vehicles5↦93.1182324886322)}"
      },
      "probabilisticVariables": null,
      "activating": [
        "SLOWER_26"
      ],
      "activatingOnlyWhenExecuted": true,
      "updating": null,
      "withPredicate": null
    },
    {
      "id": "SLOWER_26",
      "execute": "SLOWER",
      "after": "1000",
      "priority": 0,
      "additionalGuards": null,
      "activationKind": null,
      "fixedVariables": {
        "Crash": "FALSE",
        "VehiclesAy": "{(EgoVehicle↦0.0),(Vehicles2↦0.0),(Vehicles3↦0.0),(Vehicles4↦0.0),(Vehicles5↦0.0)}",
        "Reward": "0.7333379182710736",
        "VehiclesAx": "{(EgoVehicle↦-0.0011348724365234375),(Vehicles2↦-1.4549778401851654),(Vehicles3↦1.5062378719449043),(Vehicles4↦0.011683627963066101),(Vehicles5↦0.03244912251830101)}",
        "VehiclesVx": "{(EgoVehicle↦20.000171661376953),(Vehicles2↦-0.35337701439857483),(Vehicles3↦1.0950763523578644),(Vehicles4↦0.8245620131492615),(Vehicles5↦0.19931163638830185)}",
        "VehiclesY": "{(EgoVehicle↦8.000000238418579),(Vehicles2↦-8.000000238418579),(Vehicles3↦0.0),(Vehicles4↦-4.0000001192092896),(Vehicles5↦-8.000000238418579)}",
        "VehiclesVy": "{(EgoVehicle↦0.0),(Vehicles2↦0.0),(Vehicles3↦0.0),(Vehicles4↦0.0),(Vehicles5↦0.0)}",
        "VehiclesX": "{(EgoVehicle↦200.0),(Vehicles2↦35.835105180740356),(Vehicles3↦35.943788290023804),(Vehicles4↦53.62352132797241),(Vehicles5↦93.29845309257507)}"
      },
      "probabilisticVariables": null,
      "activating": [
        "LANE_LEFT_27"
      ],
      "activatingOnlyWhenExecuted": true,
      "updating": null,
      "withPredicate": null
    },
    {
      "id": "LANE_LEFT_27",
      "execute": "LANE_LEFT",
      "after": "1000",
      "priority": 0,
      "additionalGuards": null,
      "activationKind": null,
      "fixedVariables": {
        "Crash": "FALSE",
        "VehiclesAy": "{(EgoVehicle↦-1.1458666622638702),(Vehicles2↦1.1458666622638702),(Vehicles3↦1.1458666622638702),(Vehicles4↦1.1458666622638702),(Vehicles5↦1.1458666622638702)}",
        "Reward": "0.7000000000000001",
        "VehiclesAx": "{(EgoVehicle↦-0.03300070762634277),(Vehicles2↦0.08547792211174965),(Vehicles3↦0.025481581687927246),(Vehicles4↦0.04294395446777344),(Vehicles5↦0.06184663623571396)}",
        "VehiclesVx": "{(EgoVehicle↦19.96717095375061),(Vehicles2↦-0.2678990922868252),(Vehicles3↦1.1205579340457916),(Vehicles4↦0.8675059676170349),(Vehicles5↦0.2611582726240158)}",
        "VehiclesY": "{(EgoVehicle↦4.396301865577698),(Vehicles2↦-4.396301865577698),(Vehicles3↦3.6036983728408813),(Vehicles4↦-0.3963017016649246),(Vehicles5↦-4.396301865577698)}",
        "VehiclesVy": "{(EgoVehicle↦-1.1458666622638702),(Vehicles2↦1.1458666622638702),(Vehicles3↦1.1458666622638702),(Vehicles4↦1.1458666622638702),(Vehicles5↦1.1458666622638702)}",
        "VehiclesX": "{(EgoVehicle↦200.0),(Vehicles2↦35.88970601558685),(Vehicles3↦37.42251694202423),(Vehicles4↦54.83878254890442),(Vehicles5↦93.89616250991821)}"
      },
      "probabilisticVariables": null,
      "activating": [
        "LANE_RIGHT_28"
      ],
      "activatingOnlyWhenExecuted": true,
      "updating": null,
      "withPredicate": null
    },
    {
      "id": "LANE_RIGHT_28",
      "execute": "LANE_RIGHT",
      "after": "1000",
      "priority": 0,
      "additionalGuards": null,
      "activationKind": null,
      "fixedVariables": {
        "Crash": "FALSE",
        "VehiclesAy": "{(EgoVehicle↦2.220446467399597),(Vehicles2↦-2.220446467399597),(Vehicles3↦-2.220446467399597),(Vehicles4↦-2.220446467399597),(Vehicles5↦0.07128685712814331)}",
        "Reward": "0.7333333333333334",
        "VehiclesAx": "{(EgoVehicle↦0.003943443298339844),(Vehicles2↦0.04482083022594452),(Vehicles3↦-0.011317357420921326),(Vehicles4↦0.0054807960987091064),(Vehicles5↦0.022719688713550568)}",
        "VehiclesVx": "{(EgoVehicle↦19.97111439704895),(Vehicles2↦-0.22307826206088066),(Vehicles3↦1.1092405766248703),(Vehicles4↦0.872986763715744),(Vehicles5↦0.2838779613375664)}",
        "VehiclesY": "{(EgoVehicle↦7.628213167190552),(Vehicles2↦-7.628213167190552),(Vehicles3↦0.37178653478622437),(Vehicles4↦-3.628213405609131),(Vehicles5↦-7.628213167190552)}",
        "VehiclesVy": "{(EgoVehicle↦1.074579805135727),(Vehicles2↦-1.074579805135727),(Vehicles3↦-1.074579805135727),(Vehicles4↦-1.074579805135727),(Vehicles5↦-1.074579805135727)}",
        "VehiclesX": "{(EgoVehicle↦200.0),(Vehicles2↦35.91815233230591),(Vehicles3↦38.816672563552856),(Vehicles4↦55.98665475845337),(Vehicles5↦94.44471001625061)}"
      },
      "probabilisticVariables": null,
      "activating": [
        "SLOWER_29"
      ],
      "activatingOnlyWhenExecuted": true,
      "updating": null,
      "withPredicate": null
    },
    {
      "id": "SLOWER_29",
      "execute": "SLOWER",
      "after": "1000",
      "priority": 0,
      "additionalGuards": null,
      "activationKind": null,
      "fixedVariables": {
        "Crash": "FALSE",
        "VehiclesAy": "{(EgoVehicle↦-1.0072027379646897),(Vehicles2↦1.0072027379646897),(Vehicles3↦1.0072027379646897),(Vehicles4↦1.0072027379646897),(Vehicles5↦-1.1419568723067641)}",
        "Reward": "0.7333333333333334",
        "VehiclesAx": "{(EgoVehicle↦0.028772354125976562),(Vehicles2↦0.016672275960445404),(Vehicles3↦-0.035992711782455444),(Vehicles4↦-0.01978844404220581),(Vehicles5↦-0.004046782851219177)}",
        "VehiclesVx": "{(EgoVehicle↦19.999886751174927),(Vehicles2↦-0.20640598610043526),(Vehicles3↦1.0732478648424149),(Vehicles4↦0.8531983196735382),(Vehicles5↦0.2798311784863472)}",
        "VehiclesY": "{(EgoVehicle↦7.976800918579102),(Vehicles2↦-7.976800918579102),(Vehicles3↦0.023198742885142565),(Vehicles4↦-3.9768011569976807),(Vehicles5↦-7.976800918579102)}",
        "VehiclesVy": "{(EgoVehicle↦0.0673770671710372),(Vehicles2↦-0.0673770671710372),(Vehicles3↦-0.0673770671710372),(Vehicles4↦-0.0673770671710372),(Vehicles5↦-0.0673770671710372)}",
        "VehiclesX": "{(EgoVehicle↦200.0),(Vehicles2↦35.68926751613617),(Vehicles3↦39.8987740278244),(Vehicles4↦56.83903098106384),(Vehicles5↦94.71438527107239)}"
      },
      "probabilisticVariables": null,
      "activating": [
        "LANE_LEFT_30"
      ],
      "activatingOnlyWhenExecuted": true,
      "updating": null,
      "withPredicate": null
    },
    {
      "id": "LANE_LEFT_30",
      "execute": "LANE_LEFT",
      "after": "1000",
      "priority": 0,
      "additionalGuards": null,
      "activationKind": null,
      "fixedVariables": {
        "Crash": "FALSE",
        "VehiclesAy": "{(EgoVehicle↦-1.2090775882825255),(Vehicles2↦1.2090775882825255),(Vehicles3↦1.2090775882825255),(Vehicles4↦1.2090775882825255),(Vehicles5↦1.0743234539404511)}",
        "Reward": "0.7000000000000001",
        "VehiclesAx": "{(EgoVehicle↦-0.03250002861022949),(Vehicles2↦0.07496222853660583),(Vehicles3↦0.025441795587539673),(Vehicles4↦0.04111245274543762),(Vehicles5↦0.055498071014881134)}",
        "VehiclesVx": "{(EgoVehicle↦19.967386722564697),(Vehicles2↦-0.13144375756382942),(Vehicles3↦1.0986896604299545),(Vehicles4↦0.8943107724189758),(Vehicles5↦0.33532924950122833)}",
        "VehiclesY": "{(EgoVehicle↦4.394868850708008),(Vehicles2↦-4.394868850708008),(Vehicles3↦3.6051310300827026),(Vehicles4↦-0.39486899971961975),(Vehicles5↦-4.394868850708008)}",
        "VehiclesVy": "{(EgoVehicle↦-1.1417005211114883),(Vehicles2↦1.1417005211114883),(Vehicles3↦1.1417005211114883),(Vehicles4↦1.1417005211114883),(Vehicles5↦1.1417005211114883)}",
        "VehiclesX": "{(EgoVehicle↦200.0),(Vehicles2↦35.88171899318695),(Vehicles3↦41.35083258152008),(Vehicles4↦58.07734727859497),(Vehicles5↦95.38519382476807)}"
      },
      "probabilisticVariables": null,
      "activating": [
        "LANE_RIGHT_31"
      ],
      "activatingOnlyWhenExecuted": true,
      "updating": null,
      "withPredicate": null
    },
    {
      "id": "LANE_RIGHT_31",
      "execute": "LANE_RIGHT",
      "after": "1000",
      "priority": 0,
      "additionalGuards": null,
      "activationKind": null,
      "fixedVariables": {
        "Crash": "FALSE",
        "VehiclesAy": "{(EgoVehicle↦2.2165366262197495),(Vehicles2↦-2.2165366262197495),(Vehicles3↦-2.2165366262197495),(Vehicles4↦-2.2165366262197495),(Vehicles5↦0.06686441600322723)}",
        "Reward": "0.7333333333333334",
        "VehiclesAx": "{(EgoVehicle↦0.0037109851837158203),(Vehicles2↦0.036057597026228905),(Vehicles3↦-0.010601356625556946),(Vehicles4↦0.004587620496749878),(Vehicles5↦0.01773819327354431)}",
        "VehiclesVx": "{(EgoVehicle↦19.971097707748413),(Vehicles2↦-0.09538616053760052),(Vehicles3↦1.0880883038043976),(Vehicles4↦0.8988983929157257),(Vehicles5↦0.35306744277477264)}",
        "VehiclesY": "{(EgoVehicle↦7.628125190734863),(Vehicles2↦-7.628125190734863),(Vehicles3↦0.3718746677041054),(Vehicles4↦-3.6281254291534424),(Vehicles5↦-7.628125190734863)}",
        "VehiclesVy": "{(EgoVehicle↦1.074836105108261),(Vehicles2↦-1.074836105108261),(Vehicles3↦-1.074836105108261),(Vehicles4↦-1.074836105108261),(Vehicles5↦-1.074836105108261)}",
        "VehiclesX": "{(EgoVehicle↦200.0),(Vehicles2↦36.04343235492706),(Vehicles3↦42.723798751831055),(Vehicles4↦59.252047538757324),(Vehicles5↦96.00626826286316)}"
      },
      "probabilisticVariables": null,
      "activating": [
        "SLOWER_32"
      ],
      "activatingOnlyWhenExecuted": true,
      "updating": null,
      "withPredicate": null
    },
    {
      "id": "SLOWER_32",
      "execute": "SLOWER",
      "after": "1000",
      "priority": 0,
      "additionalGuards": null,
      "activationKind": null,
      "fixedVariables": {
        "Crash": "FALSE",
        "VehiclesAy": "{(EgoVehicle↦-1.0074431216344237),(Vehicles2↦1.0074431216344237),(Vehicles3↦1.0074431216344237),(Vehicles4↦1.0074431216344237),(Vehicles5↦-1.1422290885820985)}",
        "Reward": "0.7333333333333334",
        "VehiclesAx": "{(EgoVehicle↦0.028789043426513672),(Vehicles2↦0.008537806570529938),(Vehicles3↦-0.03550492227077484),(Vehicles4↦-0.02075307071208954),(Vehicles5↦-0.008732974529266357)}",
        "VehiclesVx": "{(EgoVehicle↦19.999886751174927),(Vehicles2↦-0.08684835396707058),(Vehicles3↦1.0525833815336227),(Vehicles4↦0.8781453222036362),(Vehicles5↦0.3443344682455063)}",
        "VehiclesY": "{(EgoVehicle↦7.97679591178894),(Vehicles2↦-7.97679591178894),(Vehicles3↦0.023204221855849028),(Vehicles4↦-3.976795792579651),(Vehicles5↦-7.97679591178894)}",
        "VehiclesVy": "{(EgoVehicle↦0.06739298347383738),(Vehicles2↦-0.06739298347383738),(Vehicles3↦-0.06739298347383738),(Vehicles4↦-0.06739298347383738),(Vehicles5↦-0.06739298347383738)}",
        "VehiclesX": "{(EgoVehicle↦200.0),(Vehicles2↦35.93891263008118),(Vehicles3↦43.784937262535095),(Vehicles4↦60.12992858886719),(Vehicles5↦96.34321331977844)}"
      },
      "probabilisticVariables": null,
      "activating": [
        "FASTER_33"
      ],
      "activatingOnlyWhenExecuted": true,
      "updating": null,
      "withPredicate": null
    },
    {
      "id": "FASTER_33",
      "execute": "FASTER",
      "after": "1000",
      "priority": 0,
      "additionalGuards": null,
      "activationKind": null,
      "fixedVariables": {
        "Crash": "FALSE",
        "VehiclesAy": "{(EgoVehicle↦-0.06409461464500055),(Vehicles2↦0.06409461464500055),(Vehicles3↦0.06409461464500055),(Vehicles4↦0.06409461464500055),(Vehicles5↦-0.0706913523026742)}",
        "Reward": "0.8491083616708247",
        "VehiclesAx": "{(EgoVehicle↦4.34167742729187),(Vehicles2↦-4.306571567431092),(Vehicles3↦-4.34821180999279),(Vehicles4↦-4.3338593095541),(Vehicles5↦-4.322878047823906)}",
        "VehiclesVx": "{(EgoVehicle↦24.341564178466797),(Vehicles2↦-4.393419921398163),(Vehicles3↦-3.2956284284591675),(Vehicles4↦-3.455713987350464),(Vehicles5↦-3.9785435795783997)}",
        "VehiclesY": "{(EgoVehicle↦7.999003887176514),(Vehicles2↦-7.999003887176514),(Vehicles3↦0.0009958341834135354),(Vehicles4↦-3.9990041255950928),(Vehicles5↦-7.999003887176514)}",
        "VehiclesVy": "{(EgoVehicle↦0.0032983688288368285),(Vehicles2↦-0.0032983688288368285),(Vehicles3↦-0.0032983688288368285),(Vehicles4↦-0.0032983688288368285),(Vehicles5↦-0.0032983688288368285)}",
        "VehiclesX": "{(EgoVehicle↦200.0),(Vehicles2↦33.47111940383911),(Vehicles3↦42.4397349357605),(Vehicles4↦58.61606001853943),(Vehicles5↦94.3000078201294)}"
      },
      "probabilisticVariables": null,
      "activating": [
        "FASTER_34"
      ],
      "activatingOnlyWhenExecuted": true,
      "updating": null,
      "withPredicate": null
    },
    {
      "id": "FASTER_34",
      "execute": "FASTER",
      "after": "1000",
      "priority": 0,
      "additionalGuards": null,
      "activationKind": null,
      "fixedVariables": {
        "Crash": "FALSE",
        "VehiclesAy": "{(EgoVehicle↦-0.0032238689846053603),(Vehicles2↦0.0032238689846053603),(Vehicles3↦0.0032238689846053603),(Vehicles4↦0.0032238689846053603),(Vehicles5↦-0.0033728686730682966)}",
        "Reward": "0.9801294969693268",
        "VehiclesAx": "{(EgoVehicle↦4.913291931152344),(Vehicles2↦-4.880214631557465),(Vehicles3↦-4.919641017913818),(Vehicles4↦-4.905654788017273),(Vehicles5↦-4.895631968975067)}",
        "VehiclesVx": "{(EgoVehicle↦29.25485610961914),(Vehicles2↦-9.273634552955627),(Vehicles3↦-8.215269446372986),(Vehicles4↦-8.361368775367737),(Vehicles5↦-8.874175548553467)}",
        "VehiclesY": "{(EgoVehicle↦7.9999823570251465),(Vehicles2↦-7.9999823570251465),(Vehicles3↦1.7502127320767613E-05),(Vehicles4↦-3.9999825954437256),(Vehicles5↦-7.9999823570251465)}",
        "VehiclesVy": "{(EgoVehicle↦7.449984423146816E-05),(Vehicles2↦-7.449984423146816E-05),(Vehicles3↦-7.449984423146816E-05),(Vehicles4↦-7.449984423146816E-05),(Vehicles5↦-7.449984423146816E-05)}",
        "VehiclesX": "{(EgoVehicle↦200.0),(Vehicles2↦26.380625367164612),(Vehicles3↦36.43108904361725),(Vehicles4↦52.45295166969299),(Vehicles5↦87.61815428733826)}"
      },
      "probabilisticVariables": null,
      "activating": [
        "SLOWER_35"
      ],
      "activatingOnlyWhenExecuted": true,
      "updating": null,
      "withPredicate": null
    },
    {
      "id": "SLOWER_35",
      "execute": "SLOWER",
      "after": "1000",
      "priority": 0,
      "additionalGuards": null,
      "activationKind": null,
      "fixedVariables": {
        "Crash": "FALSE",
        "VehiclesAy": "{(EgoVehicle↦-7.386672038478537E-05),(Vehicles2↦7.38667203137311E-05),(Vehicles3↦7.38667203137311E-05),(Vehicles4↦7.38667203137311E-05),(Vehicles5↦-7.513296814920523E-05)}",
        "Reward": "0.8816082739496545",
        "VehiclesAx": "{(EgoVehicle↦-3.6945462226867676),(Vehicles2↦3.725767135620117),(Vehicles3↦3.6883896589279175),(Vehicles4↦3.702036440372467),(Vehicles5↦3.711172342300415)}",
        "VehiclesVx": "{(EgoVehicle↦25.560309886932373),(Vehicles2↦-5.54786741733551),(Vehicles3↦-4.526879787445068),(Vehicles4↦-4.65933233499527),(Vehicles5↦-5.163003206253052)}",
        "VehiclesY": "{(EgoVehicle↦7.999999523162842),(Vehicles2↦-7.999999523162842),(Vehicles3↦1.6077394349167662E-07),(Vehicles4↦-3.999999761581421),(Vehicles5↦-7.999999523162842)}",
        "VehiclesVy": "{(EgoVehicle↦6.331238466827926E-07),(Vehicles2↦-6.331239177370662E-07),(Vehicles3↦-6.331239177370662E-07),(Vehicles4↦-6.331239177370662E-07),(Vehicles5↦-6.331239177370662E-07)}",
        "VehiclesX": "{(EgoVehicle↦200.0),(Vehicles2↦19.15775090456009),(Vehicles3↦30.25147020816803),(Vehicles4↦46.13271951675415),(Vehicles5↦80.78883290290833)}"
      },
      "probabilisticVariables": null,
      "activating": [
        "LANE_RIGHT_36"
      ],
      "activatingOnlyWhenExecuted": true,
      "updating": null,
      "withPredicate": null
    },
    {
      "id": "LANE_RIGHT_36",
      "execute": "LANE_RIGHT",
      "after": "1000",
      "priority": 0,
      "additionalGuards": null,
      "activationKind": null,
      "fixedVariables": {
        "Crash": "FALSE",
        "VehiclesAy": "{(EgoVehicle↦-6.217015702247863E-07),(Vehicles2↦6.217016412790599E-07),(Vehicles3↦6.217016412790599E-07),(Vehicles4↦6.217016412790599E-07),(Vehicles5↦-6.445461941950725E-07)}",
        "Reward": "0.8686342857327393",
        "VehiclesAx": "{(EgoVehicle↦-0.4865241050720215),(Vehicles2↦0.5160415172576904),(Vehicles3↦0.48056483268737793),(Vehicles4↦0.4938960075378418),(Vehicles5↦0.5022090673446655)}",
        "VehiclesVx": "{(EgoVehicle↦25.07378578186035),(Vehicles2↦-5.03182590007782),(Vehicles3↦-4.04631495475769),(Vehicles4↦-4.165436327457428),(Vehicles5↦-4.660794138908386)}",
        "VehiclesY": "{(EgoVehicle↦8.000000238418579),(Vehicles2↦-8.000000238418579),(Vehicles3↦3.299619244501173E-09),(Vehicles4↦-4.0000001192092896),(Vehicles5↦-8.000000238418579)}",
        "VehiclesVy": "{(EgoVehicle↦1.1422276458006309E-08),(Vehicles2↦-1.1422276458006309E-08),(Vehicles3↦-1.1422276458006309E-08),(Vehicles4↦-1.1422276458006309E-08),(Vehicles5↦-1.1422276458006309E-08)}",
        "VehiclesX": "{(EgoVehicle↦200.0),(Vehicles2↦13.890215754508972),(Vehicles3↦25.99058747291565),(Vehicles4↦41.744738817214966),(Vehicles5↦75.90057253837585)}"
      },
      "probabilisticVariables": null,
      "activating": [
        "SLOWER_37"
      ],
      "activatingOnlyWhenExecuted": true,
      "updating": null,
      "withPredicate": null
    },
    {
      "id": "SLOWER_37",
      "execute": "SLOWER",
      "after": "1000",
      "priority": 0,
      "additionalGuards": null,
      "activationKind": null,
      "fixedVariables": {
        "Crash": "FALSE",
        "VehiclesAy": "{(EgoVehicle↦-1.0998633115377743E-08),(Vehicles2↦1.0998633115377743E-08),(Vehicles3↦1.0998633115377743E-08),(Vehicles4↦1.0998633115377743E-08),(Vehicles5↦-1.1845919800634874E-08)}",
        "Reward": "0.7511507427028025",
        "VehiclesAx": "{(EgoVehicle↦-4.405632019042969),(Vehicles2↦4.433580189943314),(Vehicles3↦4.399874173104763),(Vehicles4↦4.412909001111984),(Vehicles5↦4.4204580038785934)}",
        "VehiclesVx": "{(EgoVehicle↦20.668153762817383),(Vehicles2↦-0.5982457101345062),(Vehicles3↦0.3535592183470726),(Vehicles4↦0.24747267365455627),(Vehicles5↦-0.24033613502979279)}",
        "VehiclesY": "{(EgoVehicle↦8.000000238418579),(Vehicles2↦-8.000000238418579),(Vehicles3↦1.4625900490727872E-10),(Vehicles4↦-4.0000001192092896),(Vehicles5↦-8.000000238418579)}",
        "VehiclesVy": "{(EgoVehicle↦4.2364334262856573E-10),(Vehicles2↦-4.2364334262856573E-10),(Vehicles3↦-4.2364334262856573E-10),(Vehicles4↦-4.2364334262856573E-10),(Vehicles5↦-4.2364334262856573E-10)}",
        "VehiclesX": "{(EgoVehicle↦200.0),(Vehicles2↦11.300095170736313),(Vehicles3↦24.37235862016678),(Vehicles4↦40.012624859809875),(Vehicles5↦73.67618083953857)}"
      },
      "probabilisticVariables": null,
      "activating": [
        "SLOWER_38"
      ],
      "activatingOnlyWhenExecuted": true,
      "updating": null,
      "withPredicate": null
    },
    {
      "id": "SLOWER_38",
      "execute": "SLOWER",
      "after": "1000",
      "priority": 0,
      "additionalGuards": null,
      "activationKind": null,
      "fixedVariables": {
        "Crash": "FALSE",
        "VehiclesAy": "{(EgoVehicle↦-3.977262963417161E-10),(Vehicles2↦3.977262963417161E-10),(Vehicles3↦3.977262963417161E-10),(Vehicles4↦3.977262963417161E-10),(Vehicles5↦-4.495603889154154E-10)}",
        "Reward": "0.7356796588470083",
        "VehiclesAx": "{(EgoVehicle↦-0.5801653861999512),(Vehicles2↦0.6066652346635237),(Vehicles3↦0.5746117606759071),(Vehicles4↦0.5873670428991318),(Vehicles5↦0.594203807413578)}",
        "VehiclesVx": "{(EgoVehicle↦20.08798837661743),(Vehicles2↦0.008419524529017508),(Vehicles3↦0.9281709790229797),(Vehicles4↦0.834839716553688),(Vehicles5↦0.35386767238378525)}",
        "VehiclesY": "{(EgoVehicle↦8.000000238418579),(Vehicles2↦-8.000000238418579),(Vehicles3↦8.93418672376356E-12),(Vehicles4↦-4.0000001192092896),(Vehicles5↦-8.000000238418579)}",
        "VehiclesVy": "{(EgoVehicle↦2.5917046286849654E-11),(Vehicles2↦-2.5917046286849654E-11),(Vehicles3↦-2.5917046286849654E-11),(Vehicles4↦-2.5917046286849654E-11),(Vehicles5↦-2.5917046286849654E-11)}",
        "VehiclesX": "{(EgoVehicle↦200.0),(Vehicles2↦11.03261411190033),(Vehicles3↦25.043734908103943),(Vehicles4↦40.583038330078125),(Vehicles5↦73.7615704536438)}"
      },
      "probabilisticVariables": null,
      "activating": [
        "SLOWER_39"
      ],
      "activatingOnlyWhenExecuted": true,
      "updating": null,
      "withPredicate": null
    },
    {
      "id": "SLOWER_39",
      "execute": "SLOWER",
      "after": "1000",
      "priority": 0,
      "additionalGuards": null,
      "activationKind": null,
      "fixedVariables": {
        "Crash": "FALSE",
        "VehiclesAy": "{(EgoVehicle↦-2.431832513138943E-11),(Vehicles2↦2.4309443347192428E-11),(Vehicles3↦2.4309443347192428E-11),(Vehicles4↦2.4309443347192428E-11),(Vehicles5↦-2.752464922650688E-11)}",
        "Reward": "0.7336423144709365",
        "VehiclesAx": "{(EgoVehicle↦-0.0764012336730957),(Vehicles2↦0.10156108473893255),(Vehicles3↦0.07105477154254913),(Vehicles4↦0.08354417979717255),(Vehicles5↦0.08971679955720901)}",
        "VehiclesVx": "{(EgoVehicle↦20.011587142944336),(Vehicles2↦0.10998060926795006),(Vehicles3↦0.9992257505655289),(Vehicles4↦0.9183838963508606),(Vehicles5↦0.44358447194099426)}",
        "VehiclesY": "{(EgoVehicle↦8.000000238418579),(Vehicles2↦-8.000000238418579),(Vehicles3↦5.542233338928781E-13),(Vehicles4↦-4.0000001192092896),(Vehicles5↦-8.000000238418579)}",
        "VehiclesVy": "{(EgoVehicle↦1.5987211554602254E-12),(Vehicles2↦-1.6076029396572267E-12),(Vehicles3↦-1.6076029396572267E-12),(Vehicles4↦-1.6076029396572267E-12),(Vehicles5↦-1.6076029396572267E-12)}",
        "VehiclesX": "{(EgoVehicle↦200.0),(Vehicles2↦11.093348264694214),(Vehicles3↦26.01189613342285),(Vehicles4↦41.462886333465576),(Vehicles5↦74.16296601295471)}"
      },
      "probabilisticVariables": null,
      "activating": [
        "SLOWER_40"
      ],
      "activatingOnlyWhenExecuted": true,
      "updating": null,
      "withPredicate": null
    },
    {
      "id": "SLOWER_40",
      "execute": "SLOWER",
      "after": "1000",
      "priority": 0,
      "additionalGuards": null,
      "activationKind": null,
      "fixedVariables": {
        "Crash": "FALSE",
        "VehiclesAy": "{(EgoVehicle↦-1.4921397450962104E-12),(Vehicles2↦1.5099033134902129E-12),(Vehicles3↦1.5099033134902129E-12),(Vehicles4↦1.5099033134902129E-12),(Vehicles5↦-1.7053025658242404E-12)}",
        "Reward": "0.7333740222074211",
        "VehiclesAx": "{(EgoVehicle↦-0.010061264038085938),(Vehicles2↦0.03398096188902855),(Vehicles3↦0.004926398396492004),(Vehicles4↦0.01716136932373047),(Vehicles5↦0.022713765501976013)}",
        "VehiclesVx": "{(EgoVehicle↦20.00152587890625),(Vehicles2↦0.1439615711569786),(Vehicles3↦1.0041521489620209),(Vehicles4↦0.9355452656745911),(Vehicles5↦0.4662982374429703)}",
        "VehiclesY": "{(EgoVehicle↦8.000000238418579),(Vehicles2↦-8.000000238418579),(Vehicles3↦3.4638958368304884E-14),(Vehicles4↦-4.0000001192092896),(Vehicles5↦-8.000000238418579)}",
        "VehiclesVy": "{(EgoVehicle↦1.0658141036401503E-13),(Vehicles2↦-9.769962616701378E-14),(Vehicles3↦-9.769962616701378E-14),(Vehicles4↦-9.769962616701378E-14),(Vehicles5↦-9.769962616701378E-14)}",
        "VehiclesX": "{(EgoVehicle↦200.0),(Vehicles2↦11.218542605638504),(Vehicles3↦27.014601230621338),(Vehicles4↦42.38966107368469),(Vehicles5↦74.61721301078796)}"
      },
      "probabilisticVariables": null,
      "activating": [
        "SLOWER_41"
      ],
      "activatingOnlyWhenExecuted": true,
      "updating": null,
      "withPredicate": null
    },
    {
      "id": "SLOWER_41",
      "execute": "SLOWER",
      "after": "1000",
      "priority": 0,
      "additionalGuards": null,
      "activationKind": null,
      "fixedVariables": {
        "Crash": "FALSE",
        "VehiclesAy": "{(EgoVehicle↦-1.0658141036401503E-13),(Vehicles2↦9.769962616701378E-14),(Vehicles3↦9.769962616701378E-14),(Vehicles4↦9.769962616701378E-14),(Vehicles5↦-9.769962616701378E-14)}",
        "Reward": "0.7333386915389745",
        "VehiclesAx": "{(EgoVehicle↦-0.0013256072998046875),(Vehicles2↦0.02409307286143303),(Vehicles3↦-0.003596097230911255),(Vehicles4↦0.008393749594688416),(Vehicles5↦0.013366490602493286)}",
        "VehiclesVx": "{(EgoVehicle↦20.000200271606445),(Vehicles2↦0.16805464401841164),(Vehicles3↦1.0005560517311096),(Vehicles4↦0.9439390152692795),(Vehicles5↦0.47966472804546356)}",
        "VehiclesY": "{(EgoVehicle↦8.000000238418579),(Vehicles2↦-8.000000238418579),(Vehicles3↦2.6645352591003757E-15),(Vehicles4↦-4.0000001192092896),(Vehicles5↦-8.000000238418579)}",
        "VehiclesVy": "{(EgoVehicle↦0.0),(Vehicles2↦0.0),(Vehicles3↦0.0),(Vehicles4↦0.0),(Vehicles5↦0.0)}",
        "VehiclesX": "{(EgoVehicle↦200.0),(Vehicles2↦11.372431367635727),(Vehicles3↦28.017500042915344),(Vehicles4↦43.32876801490784),(Vehicles5↦75.08910894393921)}"
      },
      "probabilisticVariables": null,
      "activating": [
        "FASTER_42"
      ],
      "activatingOnlyWhenExecuted": true,
      "updating": null,
      "withPredicate": null
    },
    {
      "id": "FASTER_42",
      "execute": "FASTER",
      "after": "1000",
      "priority": 0,
      "additionalGuards": null,
      "activationKind": null,
      "fixedVariables": {
        "Crash": "FALSE",
        "VehiclesAy": "{(EgoVehicle↦0.0),(Vehicles2↦0.0),(Vehicles3↦0.0),(Vehicles4↦0.0),(Vehicles5↦0.0)}",
        "Reward": "0.8491090732342134",
        "VehiclesAx": "{(EgoVehicle↦4.341390132904053),(Vehicles2↦-4.319692496210337),(Vehicles3↦-4.346094727516174),(Vehicles4↦-4.334342405200005),(Vehicles5↦-4.329911693930626)}",
        "VehiclesVx": "{(EgoVehicle↦24.341590404510498),(Vehicles2↦-4.151637852191925),(Vehicles3↦-3.3455386757850647),(Vehicles4↦-3.390403389930725),(Vehicles5↦-3.8502469658851624)}",
        "VehiclesY": "{(EgoVehicle↦8.000000238418579),(Vehicles2↦-8.000000238418579),(Vehicles3↦0.0),(Vehicles4↦-4.0000001192092896),(Vehicles5↦-8.000000238418579)}",
        "VehiclesVy": "{(EgoVehicle↦0.0),(Vehicles2↦0.0),(Vehicles3↦0.0),(Vehicles4↦0.0),(Vehicles5↦0.0)}",
        "VehiclesX": "{(EgoVehicle↦200.0),(Vehicles2↦9.15428176522255),(Vehicles3↦26.62118971347809),(Vehicles4↦41.88056290149689),(Vehicles5↦73.17844033241272)}"
      },
      "probabilisticVariables": null,
      "activating": [
        "SLOWER_43"
      ],
      "activatingOnlyWhenExecuted": true,
      "updating": null,
      "withPredicate": null
    },
    {
      "id": "SLOWER_43",
      "execute": "SLOWER",
      "after": "1000",
      "priority": 0,
      "additionalGuards": null,
      "activationKind": null,
      "fixedVariables": {
        "Crash": "FALSE",
        "VehiclesAy": "{(EgoVehicle↦0.0),(Vehicles2↦0.0),(Vehicles3↦0.0),(Vehicles4↦0.0),(Vehicles5↦0.0)}",
        "Reward": "0.7485795213038196",
        "VehiclesAx": "{(EgoVehicle↦-3.769857883453369),(Vehicles2↦3.79055704921484),(Vehicles3↦3.765369765460491),(Vehicles4↦3.776891343295574),(Vehicles5↦3.780814125202596)}",
        "VehiclesVx": "{(EgoVehicle↦20.57173252105713),(Vehicles2↦-0.3610808029770851),(Vehicles3↦0.4198310896754265),(Vehicles4↦0.3864879533648491),(Vehicles5↦-0.06943284068256617)}",
        "VehiclesY": "{(EgoVehicle↦8.000000238418579),(Vehicles2↦-8.000000238418579),(Vehicles3↦0.0),(Vehicles4↦-4.0000001192092896),(Vehicles5↦-8.000000238418579)}",
        "VehiclesVy": "{(EgoVehicle↦0.0),(Vehicles2↦0.0),(Vehicles3↦0.0),(Vehicles4↦0.0),(Vehicles5↦0.0)}",
        "VehiclesX": "{(EgoVehicle↦200.0),(Vehicles2↦7.0906758308410645),(Vehicles3↦25.353515148162842),(Vehicles4↦40.572649240493774),(Vehicles5↦71.41229510307312)}"
      },
      "probabilisticVariables": null,
      "activating": [
        "LANE_RIGHT_44"
      ],
      "activatingOnlyWhenExecuted": true,
      "updating": null,
      "withPredicate": null
    },
    {
      "id": "LANE_RIGHT_44",
      "execute": "LANE_RIGHT",
      "after": "1000",
      "priority": 0,
      "additionalGuards": null,
      "activationKind": null,
      "fixedVariables": {
        "Crash": "FALSE",
        "VehiclesAy": "{(EgoVehicle↦0.0),(Vehicles2↦0.0),(Vehicles3↦0.0),(Vehicles4↦0.0),(Vehicles5↦0.0)}",
        "Reward": "0.7353410617903521",
        "VehiclesAx": "{(EgoVehicle↦-0.4964423179626465),(Vehicles2↦0.5162096954882145),(Vehicles3↦0.4921719804406166),(Vehicles4↦0.503467433154583),(Vehicles5↦0.5069151753559709)}",
        "VehiclesVx": "{(EgoVehicle↦20.075290203094482),(Vehicles2↦0.15512889251112938),(Vehicles3↦0.9120030701160431),(Vehicles4↦0.8899553865194321),(Vehicles5↦0.4374823346734047)}",
        "VehiclesY": "{(EgoVehicle↦8.000000238418579),(Vehicles2↦-8.000000238418579),(Vehicles3↦0.0),(Vehicles4↦-4.0000001192092896),(Vehicles5↦-8.000000238418579)}",
        "VehiclesVy": "{(EgoVehicle↦0.0),(Vehicles2↦0.0),(Vehicles3↦0.0),(Vehicles4↦0.0),(Vehicles5↦0.0)}",
        "VehiclesX": "{(EgoVehicle↦200.0),(Vehicles2↦7.011440396308899),(Vehicles3↦26.045486330986023),(Vehicles4↦41.23581349849701),(Vehicles5↦71.62095308303833)}"
      },
      "probabilisticVariables": null,
      "activating": [
        "LANE_RIGHT_45"
      ],
      "activatingOnlyWhenExecuted": true,
      "updating": null,
      "withPredicate": null
    },
    {
      "id": "LANE_RIGHT_45",
      "execute": "LANE_RIGHT",
      "after": "1000",
      "priority": 0,
      "additionalGuards": null,
      "activationKind": null,
      "fixedVariables": {
        "Crash": "FALSE",
        "VehiclesAy": "{(EgoVehicle↦0.0),(Vehicles2↦0.0),(Vehicles3↦0.0),(Vehicles4↦0.0),(Vehicles5↦0.0)}",
        "Reward": "0.733597725558126",
        "VehiclesAx": "{(EgoVehicle↦-0.06537437438964844),(Vehicles2↦0.08427221328020096),(Vehicles3↦0.06132371723651886),(Vehicles4↦0.07239721715450287),(Vehicles5↦0.07539987564086914)}",
        "VehiclesVx": "{(EgoVehicle↦20.009915828704834),(Vehicles2↦0.23940110579133034),(Vehicles3↦0.973326787352562),(Vehicles4↦0.9623526036739349),(Vehicles5↦0.5128822103142738)}",
        "VehiclesY": "{(EgoVehicle↦8.000000238418579),(Vehicles2↦-8.000000238418579),(Vehicles3↦0.0),(Vehicles4↦-4.0000001192092896),(Vehicles5↦-8.000000238418579)}",
        "VehiclesVy": "{(EgoVehicle↦0.0),(Vehicles2↦0.0),(Vehicles3↦0.0),(Vehicles4↦0.0),(Vehicles5↦0.0)}",
        "VehiclesX": "{(EgoVehicle↦200.0),(Vehicles2↦7.210260629653931),(Vehicles3↦26.991915702819824),(Vehicles4↦42.16464161872864),(Vehicles5↦72.0985472202301)}"
      },
      "probabilisticVariables": null,
      "activating": [
        "FASTER_46"
      ],
      "activatingOnlyWhenExecuted": true,
      "updating": null,
      "withPredicate": null
    },
    {
      "id": "FASTER_46",
      "execute": "FASTER",
      "after": "1000",
      "priority": 0,
      "additionalGuards": null,
      "activationKind": null,
      "fixedVariables": {
        "Crash": "FALSE",
        "VehiclesAy": "{(EgoVehicle↦0.0),(Vehicles2↦0.0),(Vehicles3↦0.0),(Vehicles4↦0.0),(Vehicles5↦0.0)}",
        "Reward": "0.8491431847099865",
        "VehiclesAx": "{(EgoVehicle↦4.332952499389648),(Vehicles2↦-4.314872268587351),(Vehicles3↦-4.336787089705467),(Vehicles4↦-4.325932115316391),(Vehicles5↦-4.323346354067326)}",
        "VehiclesVx": "{(EgoVehicle↦24.342868328094482),(Vehicles2↦-4.0754711627960205),(Vehicles3↦-3.3634603023529053),(Vehicles4↦-3.363579511642456),(Vehicles5↦-3.8104641437530518)}",
        "VehiclesY": "{(EgoVehicle↦8.000000238418579),(Vehicles2↦-8.000000238418579),(Vehicles3↦0.0),(Vehicles4↦-4.0000001192092896),(Vehicles5↦-8.000000238418579)}",
        "VehiclesVy": "{(EgoVehicle↦0.0),(Vehicles2↦0.0),(Vehicles3↦0.0),(Vehicles4↦0.0),(Vehicles5↦0.0)}",
        "VehiclesX": "{(EgoVehicle↦200.0),(Vehicles2↦5.06664514541626),(Vehicles3↦25.573378801345825),(Vehicles4↦40.73949158191681),(Vehicles5↦70.22498846054077)}"
      },
      "probabilisticVariables": null,
      "activating": [
        "SLOWER_47"
      ],
      "activatingOnlyWhenExecuted": true,
      "updating": null,
      "withPredicate": null
    },
    {
      "id": "SLOWER_47",
      "execute": "SLOWER",
      "after": "1000",
      "priority": 0,
      "additionalGuards": null,
      "activationKind": null,
      "fixedVariables": {
        "Crash": "FALSE",
        "VehiclesAy": "{(EgoVehicle↦0.0),(Vehicles2↦0.0),(Vehicles3↦0.0),(Vehicles4↦0.0),(Vehicles5↦0.0)}",
        "Reward": "0.748584013350012",
        "VehiclesAx": "{(EgoVehicle↦-3.7709689140319824),(Vehicles2↦3.788288179785013),(Vehicles3↦3.7673552706837654),(Vehicles4↦3.7779945507645607),(Vehicles5↦3.7801895453594625)}",
        "VehiclesVx": "{(EgoVehicle↦20.5718994140625),(Vehicles2↦-0.2871829830110073),(Vehicles3↦0.40389496833086014),(Vehicles4↦0.41441503912210464),(Vehicles5↦-0.030274598393589258)}",
        "VehiclesY": "{(EgoVehicle↦8.000000238418579),(Vehicles2↦-8.000000238418579),(Vehicles3↦0.0),(Vehicles4↦-4.0000001192092896),(Vehicles5↦-8.000000238418579)}",
        "VehiclesVy": "{(EgoVehicle↦0.0),(Vehicles2↦0.0),(Vehicles3↦0.0),(Vehicles4↦0.0),(Vehicles5↦0.0)}",
        "VehiclesX": "{(EgoVehicle↦200.0),(Vehicles2↦3.078448958694935),(Vehicles3↦24.28874373435974),(Vehicles4↦39.45901095867157),(Vehicles5↦68.4985339641571)}"
      },
      "probabilisticVariables": null,
      "activating": [
        "LANE_RIGHT_48"
      ],
      "activatingOnlyWhenExecuted": true,
      "updating": null,
      "withPredicate": null
    },
    {
      "id": "LANE_RIGHT_48",
      "execute": "LANE_RIGHT",
      "after": "1000",
      "priority": 0,
      "additionalGuards": null,
      "activationKind": null,
      "fixedVariables": {
        "Crash": "FALSE",
        "VehiclesAy": "{(EgoVehicle↦0.0),(Vehicles2↦0.0),(Vehicles3↦0.0),(Vehicles4↦0.0),(Vehicles5↦0.0)}",
        "Reward": "0.7353416533355297",
        "VehiclesAx": "{(EgoVehicle↦-0.49658775329589844),(Vehicles2↦0.5131913721561432),(Vehicles3↦0.49319323152303696),(Vehicles4↦0.5036186054348946),(Vehicles5↦0.5054478184320033)}",
        "VehiclesVx": "{(EgoVehicle↦20.0753116607666),(Vehicles2↦0.22600838914513588),(Vehicles3↦0.8970881998538971),(Vehicles4↦0.9180336445569992),(Vehicles5↦0.475173220038414)}",
        "VehiclesY": "{(EgoVehicle↦8.000000238418579),(Vehicles2↦-8.000000238418579),(Vehicles3↦0.0),(Vehicles4↦-4.0000001192092896),(Vehicles5↦-8.000000238418579)}",
        "VehiclesVy": "{(EgoVehicle↦0.0),(Vehicles2↦0.0),(Vehicles3↦0.0),(Vehicles4↦0.0),(Vehicles5↦0.0)}",
        "VehiclesX": "{(EgoVehicle↦200.0),(Vehicles2↦3.0719099566340446),(Vehicles3↦24.965211749076843),(Vehicles4↦40.15018343925476),(Vehicles5↦68.74577403068542)}"
      },
      "probabilisticVariables": null,
      "activating": [
        "FASTER_49"
      ],
      "activatingOnlyWhenExecuted": true,
      "updating": null,
      "withPredicate": null
    },
    {
      "id": "FASTER_49",
      "execute": "FASTER",
      "after": "1000",
      "priority": 0,
      "additionalGuards": null,
      "activationKind": null,
      "fixedVariables": {
        "Crash": "FALSE",
        "VehiclesAy": "{(EgoVehicle↦0.0),(Vehicles2↦0.0),(Vehicles3↦0.0),(Vehicles4↦0.0),(Vehicles5↦0.0)}",
        "Reward": "0.8493728377506322",
        "VehiclesAx": "{(EgoVehicle↦4.27617073059082),(Vehicles2↦-4.2602393962442875),(Vehicles3↦-4.279347509145737),(Vehicles4↦-4.269134029746056),(Vehicles5↦-4.267647489905357)}",
        "VehiclesVx": "{(EgoVehicle↦24.351482391357422),(Vehicles2↦-4.034231007099152),(Vehicles3↦-3.3822593092918396),(Vehicles4↦-3.3511003851890564),(Vehicles5↦-3.7924742698669434)}",
        "VehiclesY": "{(EgoVehicle↦8.000000238418579),(Vehicles2↦-8.000000238418579),(Vehicles3↦0.0),(Vehicles4↦-4.0000001192092896),(Vehicles5↦-8.000000238418579)}",
        "VehiclesVy": "{(EgoVehicle↦0.0),(Vehicles2↦0.0),(Vehicles3↦0.0),(Vehicles4↦0.0),(Vehicles5↦0.0)}",
        "VehiclesX": "{(EgoVehicle↦200.0),(Vehicles2↦0.9453562088310719),(Vehicles3↦23.5020250082016),(Vehicles4↦38.712045550346375),(Vehicles5↦66.86539649963379)}"
      },
      "probabilisticVariables": null,
      "activating": [
        "FASTER_50"
      ],
      "activatingOnlyWhenExecuted": true,
      "updating": null,
      "withPredicate": null
    },
    {
      "id": "FASTER_50",
      "execute": "FASTER",
      "after": "1000",
      "priority": 0,
      "additionalGuards": null,
      "activationKind": null,
      "fixedVariables": {
        "Crash": "FALSE",
        "VehiclesAy": "{(EgoVehicle↦0.0),(Vehicles2↦0.0),(Vehicles3↦0.0),(Vehicles4↦0.0),(Vehicles5↦0.0)}",
        "Reward": "0.9801643243128405",
        "VehiclesAx": "{(EgoVehicle↦4.904680252075195),(Vehicles2↦-4.889384210109711),(Vehicles3↦-4.907642304897308),(Vehicles4↦-4.897639453411102),(Vehicles5↦-4.8964738845825195)}",
        "VehiclesVx": "{(EgoVehicle↦29.256162643432617),(Vehicles2↦-8.923615217208862),(Vehicles3↦-8.289901614189148),(Vehicles4↦-8.248739838600159),(Vehicles5↦-8.688948154449463)}",
        "VehiclesY": "{(EgoVehicle↦8.000000238418579),(Vehicles2↦-8.000000238418579),(Vehicles3↦0.0),(Vehicles4↦-4.0000001192092896),(Vehicles5↦-8.000000238418579)}",
        "VehiclesVy": "{(EgoVehicle↦0.0),(Vehicles2↦0.0),(Vehicles3↦0.0),(Vehicles4↦0.0),(Vehicles5↦0.0)}",
        "VehiclesX": "{(EgoVehicle↦200.0),(Vehicles2↦-5.788417160511017),(Vehicles3↦17.412853240966797),(Vehicles4↦32.65804946422577),(Vehicles5↦60.37052273750305)}"
      },
      "probabilisticVariables": null,
      "activating": [
        "SLOWER_51"
      ],
      "activatingOnlyWhenExecuted": true,
      "updating": null,
      "withPredicate": null
    },
    {
      "id": "SLOWER_51",
      "execute": "SLOWER",
      "after": "1000",
      "priority": 0,
      "additionalGuards": null,
      "activationKind": null,
      "fixedVariables": {
        "Crash": "FALSE",
        "VehiclesAy": "{(EgoVehicle↦0.0),(Vehicles2↦0.0),(Vehicles3↦0.0),(Vehicles4↦0.0),(Vehicles5↦0.0)}",
        "Reward": "0.8816128602661628",
        "VehiclesAx": "{(EgoVehicle↦-3.695681095123291),(Vehicles2↦4.326645731925964),(Vehicles3↦3.7438878417015076),(Vehicles4↦3.263382911682129),(Vehicles5↦4.378556311130524)}",
        "VehiclesVx": "{(EgoVehicle↦25.560481548309326),(Vehicles2↦-4.596969485282898),(Vehicles3↦-4.54601377248764),(Vehicles4↦-4.98535692691803),(Vehicles5↦-4.310391843318939)}",
        "VehiclesY": "{(EgoVehicle↦8.000000238418579),(Vehicles2↦0.0),(Vehicles3↦-4.0000001192092896),(Vehicles4↦-8.000000238418579),(Vehicles5↦-4.0000001192092896)}",
        "VehiclesVy": "{(EgoVehicle↦0.0),(Vehicles2↦0.0),(Vehicles3↦0.0),(Vehicles4↦0.0),(Vehicles5↦0.0)}",
        "VehiclesX": "{(EgoVehicle↦200.0),(Vehicles2↦11.160589754581451),(Vehicles3↦26.450884342193604),(Vehicles4↦53.72351408004761),(Vehicles5↦118.11310052871704)}"
      },
      "probabilisticVariables": null,
      "activating": [
        "SLOWER_52"
      ],
      "activatingOnlyWhenExecuted": true,
      "updating": null,
      "withPredicate": null
    },
    {
      "id": "SLOWER_52",
      "execute": "SLOWER",
      "after": "1000",
      "priority": 0,
      "additionalGuards": null,
      "activationKind": null,
      "fixedVariables": {
        "Crash": "FALSE",
        "VehiclesAy": "{(EgoVehicle↦0.0),(Vehicles2↦0.0),(Vehicles3↦0.0),(Vehicles4↦0.0),(Vehicles5↦0.0)}",
        "Reward": "0.7528598553985618",
        "VehiclesAx": "{(EgoVehicle↦-4.828236103057861),(Vehicles2↦4.825702421367168),(Vehicles3↦4.835288040339947),(Vehicles4↦4.8358723893761635),(Vehicles5↦4.836625047028065)}",
        "VehiclesVx": "{(EgoVehicle↦20.732245445251465),(Vehicles2↦0.22873293608427048),(Vehicles3↦0.28927426785230637),(Vehicles4↦-0.1494845375418663),(Vehicles5↦0.5262332037091255)}",
        "VehiclesY": "{(EgoVehicle↦8.000000238418579),(Vehicles2↦0.0),(Vehicles3↦-4.0000001192092896),(Vehicles4↦-8.000000238418579),(Vehicles5↦-4.0000001192092896)}",
        "VehiclesVy": "{(EgoVehicle↦0.0),(Vehicles2↦0.0),(Vehicles3↦0.0),(Vehicles4↦0.0),(Vehicles5↦0.0)}",
        "VehiclesX": "{(EgoVehicle↦200.0),(Vehicles2↦9.226128458976746),(Vehicles3↦24.57122951745987),(Vehicles4↦51.40477418899536),(Vehicles5↦116.46958589553833)}"
      },
      "probabilisticVariables": null,
      "activating": [
        "SLOWER_53"
      ],
      "activatingOnlyWhenExecuted": true,
      "updating": null,
      "withPredicate": null
    },
    {
      "id": "SLOWER_53",
      "execute": "SLOWER",
      "after": "1000",
      "priority": 0,
      "additionalGuards": null,
      "activationKind": null,
      "fixedVariables": {
        "Crash": "FALSE",
        "VehiclesAy": "{(EgoVehicle↦0.0),(Vehicles2↦0.0),(Vehicles3↦0.0),(Vehicles4↦0.0),(Vehicles5↦0.0)}",
        "Reward": "0.7359047271855444",
        "VehiclesAx": "{(EgoVehicle↦-0.6358170509338379),(Vehicles2↦0.6334922835230827),(Vehicles3↦0.6428708508610725),(Vehicles4↦0.6431922316551208),(Vehicles5↦0.6442883238196373)}",
        "VehiclesVx": "{(EgoVehicle↦20.096428394317627),(Vehicles2↦0.8622252196073532),(Vehicles3↦0.9321451187133789),(Vehicles4↦0.49370769411325455),(Vehicles5↦1.1705215275287628)}",
        "VehiclesY": "{(EgoVehicle↦8.000000238418579),(Vehicles2↦0.0),(Vehicles3↦-4.0000001192092896),(Vehicles4↦-8.000000238418579),(Vehicles5↦-4.0000001192092896)}",
        "VehiclesVy": "{(EgoVehicle↦0.0),(Vehicles2↦0.0),(Vehicles3↦0.0),(Vehicles4↦0.0),(Vehicles5↦0.0)}",
        "VehiclesX": "{(EgoVehicle↦200.0),(Vehicles2↦9.80466902256012),(Vehicles3↦25.21407902240753),(Vehicles4↦51.60900950431824),(Vehicles5↦117.3499584197998)}"
      },
      "probabilisticVariables": null,
      "activating": [
        "SLOWER_54"
      ],
      "activatingOnlyWhenExecuted": true,
      "updating": null,
      "withPredicate": null
    },
    {
      "id": "SLOWER_54",
      "execute": "SLOWER",
      "after": "1000",
      "priority": 0,
      "additionalGuards": null,
      "activationKind": null,
      "fixedVariables": {
        "Crash": "FALSE",
        "VehiclesAy": "{(EgoVehicle↦0.0),(Vehicles2↦0.0),(Vehicles3↦0.0),(Vehicles4↦0.0),(Vehicles5↦0.0)}",
        "Reward": "0.7336719530998796",
        "VehiclesAx": "{(EgoVehicle↦-0.08373022079467773),(Vehicles2↦0.0816114991903305),(Vehicles3↦0.09078420698642731),(Vehicles4↦0.09085975587368011),(Vehicles5↦-0.4939163476228714)}",
        "VehiclesVx": "{(EgoVehicle↦20.01269817352295),(Vehicles2↦0.9438367187976837),(Vehicles3↦1.0229293256998062),(Vehicles4↦0.5845674499869347),(Vehicles5↦0.6766051799058914)}",
        "VehiclesY": "{(EgoVehicle↦8.000000238418579),(Vehicles2↦0.0),(Vehicles3↦-4.0000001192092896),(Vehicles4↦-8.000000238418579),(Vehicles5↦-8.000000238418579)}",
        "VehiclesVy": "{(EgoVehicle↦0.0),(Vehicles2↦0.0),(Vehicles3↦0.0),(Vehicles4↦0.0),(Vehicles5↦0.0)}",
        "VehiclesX": "{(EgoVehicle↦200.0),(Vehicles2↦10.712220519781113),(Vehicles3↦26.195234060287476),(Vehicles4↦52.1517813205719),(Vehicles5↦118.09089183807373)}"
      },
      "probabilisticVariables": null,
      "activating": [
        "SLOWER_55"
      ],
      "activatingOnlyWhenExecuted": true,
      "updating": null,
      "withPredicate": null
    },
    {
      "id": "SLOWER_55",
      "execute": "SLOWER",
      "after": "1000",
      "priority": 0,
      "additionalGuards": null,
      "activationKind": null,
      "fixedVariables": {
        "Crash": "FALSE",
        "VehiclesAy": "{(EgoVehicle↦0.0),(Vehicles2↦0.0),(Vehicles3↦0.0),(Vehicles4↦0.0),(Vehicles5↦0.0)}",
        "Reward": "0.7333779252367468",
        "VehiclesAx": "{(EgoVehicle↦-0.011026859283447266),(Vehicles2↦0.00911325216293335),(Vehicles3↦0.018080994486808777),(Vehicles4↦0.01792706549167633),(Vehicles5↦0.015191435813903809)}",
        "VehiclesVx": "{(EgoVehicle↦20.001671314239502),(Vehicles2↦0.9529499709606171),(Vehicles3↦1.041010320186615),(Vehicles4↦0.602494515478611),(Vehicles5↦0.6917966157197952)}",
        "VehiclesY": "{(EgoVehicle↦8.000000238418579),(Vehicles2↦0.0),(Vehicles3↦-4.0000001192092896),(Vehicles4↦-8.000000238418579),(Vehicles5↦-8.000000238418579)}",
        "VehiclesVy": "{(EgoVehicle↦0.0),(Vehicles2↦0.0),(Vehicles3↦0.0),(Vehicles4↦0.0),(Vehicles5↦0.0)}",
        "VehiclesX": "{(EgoVehicle↦200.0),(Vehicles2↦11.661358177661896),(Vehicles3↦27.227070927619934),(Vehicles4↦52.745211124420166),(Vehicles5↦118.77524852752686)}"
      },
      "probabilisticVariables": null,
      "activating": [
        "SLOWER_56"
      ],
      "activatingOnlyWhenExecuted": true,
      "updating": null,
      "withPredicate": null
    },
    {
      "id": "SLOWER_56",
      "execute": "SLOWER",
      "after": "1000",
      "priority": 0,
      "additionalGuards": null,
      "activationKind": null,
      "fixedVariables": {
        "Crash": "FALSE",
        "VehiclesAy": "{(EgoVehicle↦0.0),(Vehicles2↦0.0),(Vehicles3↦0.0),(Vehicles4↦0.0),(Vehicles5↦0.0)}",
        "Reward": "0.733339205518145",
        "VehiclesAx": "{(EgoVehicle↦-0.0014519691467285156),(Vehicles2↦-0.00025920569896698),(Vehicles3↦0.00850476324558258),(Vehicles4↦0.008136481046676636),(Vehicles5↦0.005551278591156006)}",
        "VehiclesVx": "{(EgoVehicle↦20.000219345092773),(Vehicles2↦0.9526907652616501),(Vehicles3↦1.0495150834321976),(Vehicles4↦0.6106309965252876),(Vehicles5↦0.6973478943109512)}",
        "VehiclesY": "{(EgoVehicle↦8.000000238418579),(Vehicles2↦0.0),(Vehicles3↦-4.0000001192092896),(Vehicles4↦-8.000000238418579),(Vehicles5↦-8.000000238418579)}",
        "VehiclesVy": "{(EgoVehicle↦0.0),(Vehicles2↦0.0),(Vehicles3↦0.0),(Vehicles4↦0.0),(Vehicles5↦0.0)}",
        "VehiclesX": "{(EgoVehicle↦200.0),(Vehicles2↦12.614409625530243),(Vehicles3↦28.27170193195343),(Vehicles4↦53.35119366645813),(Vehicles5↦119.46948766708374)}"
      },
      "probabilisticVariables": null,
      "activating": [
        "SLOWER_57"
      ],
      "activatingOnlyWhenExecuted": true,
      "updating": null,
      "withPredicate": null
    },
    {
      "id": "SLOWER_57",
      "execute": "SLOWER",
      "after": "1000",
      "priority": 0,
      "additionalGuards": null,
      "activationKind": null,
      "fixedVariables": {
        "Crash": "FALSE",
        "VehiclesAy": "{(EgoVehicle↦0.0),(Vehicles2↦0.0),(Vehicles3↦0.0),(Vehicles4↦0.0),(Vehicles5↦0.0)}",
        "Reward": "0.7333341066251604",
        "VehiclesAx": "{(EgoVehicle↦-0.00019073486328125),(Vehicles2↦-0.0013215839862823486),(Vehicles3↦0.007239729166030884),(Vehicles4↦0.006671473383903503),(Vehicles5↦0.004225820302963257)}",
        "VehiclesVx": "{(EgoVehicle↦20.000028610229492),(Vehicles2↦0.9513691812753677),(Vehicles3↦1.0567548125982285),(Vehicles4↦0.6173024699091911),(Vehicles5↦0.7015737146139145)}",
        "VehiclesY": "{(EgoVehicle↦8.000000238418579),(Vehicles2↦0.0),(Vehicles3↦-4.0000001192092896),(Vehicles4↦-8.000000238418579),(Vehicles5↦-8.000000238418579)}",
        "VehiclesVy": "{(EgoVehicle↦0.0),(Vehicles2↦0.0),(Vehicles3↦0.0),(Vehicles4↦0.0),(Vehicles5↦0.0)}",
        "VehiclesX": "{(EgoVehicle↦200.0),(Vehicles2↦13.566584885120392),(Vehicles3↦29.324141144752502),(Vehicles4↦53.964537382125854),(Vehicles5↦120.16855478286743)}"
      },
      "probabilisticVariables": null,
      "activating": [
        "SLOWER_58"
      ],
      "activatingOnlyWhenExecuted": true,
      "updating": null,
      "withPredicate": null
    },
    {
      "id": "SLOWER_58",
      "execute": "SLOWER",
      "after": "1000",
      "priority": 0,
      "additionalGuards": null,
      "activationKind": null,
      "fixedVariables": {
        "Crash": "FALSE",
        "VehiclesAy": "{(EgoVehicle↦0.0),(Vehicles2↦0.0),(Vehicles3↦0.0),(Vehicles4↦0.0),(Vehicles5↦0.0)}",
        "Reward": "0.7333334351660019",
        "VehiclesAx": "{(EgoVehicle↦-2.384185791015625E-05),(Vehicles2↦-0.0012928247451782227),(Vehicles3↦0.007067173719406128),(Vehicles4↦0.006312541663646698),(Vehicles5↦0.00399664044380188)}",
        "VehiclesVx": "{(EgoVehicle↦20.000004768371582),(Vehicles2↦0.9500763565301895),(Vehicles3↦1.0638219863176346),(Vehicles4↦0.6236150115728378),(Vehicles5↦0.7055703550577164)}",
        "VehiclesY": "{(EgoVehicle↦8.000000238418579),(Vehicles2↦0.0),(Vehicles3↦-4.0000001192092896),(Vehicles4↦-8.000000238418579),(Vehicles5↦-8.000000238418579)}",
        "VehiclesVy": "{(EgoVehicle↦0.0),(Vehicles2↦0.0),(Vehicles3↦0.0),(Vehicles4↦0.0),(Vehicles5↦0.0)}",
        "VehiclesX": "{(EgoVehicle↦200.0),(Vehicles2↦14.517425000667572),(Vehicles3↦30.383729934692383),(Vehicles4↦54.584383964538574),(Vehicles5↦120.87174654006958)}"
      },
      "probabilisticVariables": null,
      "activating": [
        "SLOWER_59"
      ],
      "activatingOnlyWhenExecuted": true,
      "updating": null,
      "withPredicate": null
    },
    {
      "id": "SLOWER_59",
      "execute": "SLOWER",
      "after": "1000",
      "priority": 0,
      "additionalGuards": null,
      "activationKind": null,
      "fixedVariables": {
        "Crash": "FALSE",
        "VehiclesAy": "{(EgoVehicle↦0.0),(Vehicles2↦0.0),(Vehicles3↦0.0),(Vehicles4↦0.0),(Vehicles5↦0.0)}",
        "Reward": "0.7333333467433967",
        "VehiclesAx": "{(EgoVehicle↦-4.76837158203125E-06),(Vehicles2↦-0.0011236220598220825),(Vehicles3↦0.007036551833152771),(Vehicles4↦0.006108283996582031),(Vehicles5↦0.003913193941116333)}",
        "VehiclesVx": "{(EgoVehicle↦20.0),(Vehicles2↦0.9489527344703674),(Vehicles3↦1.0708585381507874),(Vehicles4↦0.6297232955694199),(Vehicles5↦0.7094835489988327)}",
        "VehiclesY": "{(EgoVehicle↦8.000000238418579),(Vehicles2↦0.0),(Vehicles3↦-4.0000001192092896),(Vehicles4↦-8.000000238418579),(Vehicles5↦-8.000000238418579)}",
        "VehiclesVy": "{(EgoVehicle↦0.0),(Vehicles2↦0.0),(Vehicles3↦0.0),(Vehicles4↦0.0),(Vehicles5↦0.0)}",
        "VehiclesX": "{(EgoVehicle↦200.0),(Vehicles2↦15.46703726053238),(Vehicles3↦31.450366973876953),(Vehicles4↦55.21045923233032),(Vehicles5↦121.57888412475586)}"
      },
      "probabilisticVariables": null,
      "activating": [
        "SLOWER_60"
      ],
      "activatingOnlyWhenExecuted": true,
      "updating": null,
      "withPredicate": null
    },
    {
      "id": "SLOWER_60",
      "execute": "SLOWER",
      "after": "1000",
      "priority": 0,
      "additionalGuards": null,
      "activationKind": null,
      "fixedVariables": {
        "Crash": "FALSE",
        "VehiclesAy": "{(EgoVehicle↦0.0),(Vehicles2↦0.0),(Vehicles3↦0.0),(Vehicles4↦0.0),(Vehicles5↦0.0)}",
        "Reward": "0.7333333350992676",
        "VehiclesAx": "{(EgoVehicle↦0.0),(Vehicles2↦-0.0009392201900482178),(Vehicles3↦0.0070226192474365234),(Vehicles4↦0.005932748317718506),(Vehicles5↦0.003850087523460388)}",
        "VehiclesVx": "{(EgoVehicle↦20.0),(Vehicles2↦0.9480135142803192),(Vehicles3↦1.0778811573982239),(Vehicles4↦0.6356560438871384),(Vehicles5↦0.7133336365222931)}",
        "VehiclesY": "{(EgoVehicle↦8.000000238418579),(Vehicles2↦0.0),(Vehicles3↦-4.0000001192092896),(Vehicles4↦-8.000000238418579),(Vehicles5↦-8.000000238418579)}",
        "VehiclesVy": "{(EgoVehicle↦0.0),(Vehicles2↦0.0),(Vehicles3↦0.0),(Vehicles4↦0.0),(Vehicles5↦0.0)}",
        "VehiclesX": "{(EgoVehicle↦200.0),(Vehicles2↦16.41559898853302),(Vehicles3↦32.52403438091278),(Vehicles4↦55.84256649017334),(Vehicles5↦122.2899079322815)}"
      },
      "probabilisticVariables": null,
      "activating": [
        "SLOWER_61"
      ],
      "activatingOnlyWhenExecuted": true,
      "updating": null,
      "withPredicate": null
    },
    {
      "id": "SLOWER_61",
      "execute": "SLOWER",
      "after": "1000",
      "priority": 0,
      "additionalGuards": null,
      "activationKind": null,
      "fixedVariables": {
        "Crash": "FALSE",
        "VehiclesAy": "{(EgoVehicle↦0.0),(Vehicles2↦0.0),(Vehicles3↦0.0),(Vehicles4↦0.0),(Vehicles5↦0.0)}",
        "Reward": "0.7333333335658844",
        "VehiclesAx": "{(EgoVehicle↦0.0),(Vehicles2↦-0.000756382942199707),(Vehicles3↦0.007008835673332214),(Vehicles4↦0.005768761038780212),(Vehicles5↦0.0037907809019088745)}",
        "VehiclesVx": "{(EgoVehicle↦20.0),(Vehicles2↦0.9472571313381195),(Vehicles3↦1.084889993071556),(Vehicles4↦0.6414248049259186),(Vehicles5↦0.717124417424202)}",
        "VehiclesY": "{(EgoVehicle↦8.000000238418579),(Vehicles2↦0.0),(Vehicles3↦-4.0000001192092896),(Vehicles4↦-8.000000238418579),(Vehicles5↦-8.000000238418579)}",
        "VehiclesVy": "{(EgoVehicle↦0.0),(Vehicles2↦0.0),(Vehicles3↦0.0),(Vehicles4↦0.0),(Vehicles5↦0.0)}",
        "VehiclesX": "{(EgoVehicle↦200.0),(Vehicles2↦17.363296449184418),(Vehicles3↦33.60472023487091),(Vehicles4↦56.48054480552673),(Vehicles5↦123.00477027893066)}"
      },
      "probabilisticVariables": null,
      "activating": null,
      "activatingOnlyWhenExecuted": true,
      "updating": null,
      "withPredicate": null
    }
  ],
  "listeners": [],
  "metadata": {
    "fileType": "Timed_Trace",
    "formatVersion": 3,
    "savedAt": "2023-08-15T11:29:29.964649Z",
    "creator": "Simulation: MONTE_CARLO_SIMULATION; MAX_STEPS_BEFORE_PROPERTY : 0, EXECUTIONS : 1000, ENDING_TIME : 60000",
    "proB2KernelVersion": "4.12.2",
    "proBCliVersion": "1.12.2-final",
    "modelName": "HighwayEnvironment"
  }
}