{
  "variables": {},
  "activations": [
    {
      "id": "$setup_constants",
      "execute": "$setup_constants",
      "after": "0",
      "priority": 0,
      "additionalGuards": null,
      "activationKind": null,
      "fixedVariables": null,
      "probabilisticVariables": null,
      "activating": null,
      "activatingOnlyWhenExecuted": true,
      "updating": null,
      "withPredicate": null
    },
    {
      "id": "$initialise_machine",
      "execute": "$initialise_machine",
      "after": "0",
      "priority": 0,
      "additionalGuards": null,
      "activationKind": null,
      "fixedVariables": {
        "Crash": "FALSE",
        "VehiclesAy": "{(EgoVehicle↦0.0),(Vehicles2↦0.0),(Vehicles3↦0.0),(Vehicles4↦0.0),(Vehicles5↦0.0)}",
        "Reward": "0.0",
        "VehiclesAx": "{(EgoVehicle↦0.0),(Vehicles2↦0.0),(Vehicles3↦0.0),(Vehicles4↦0.0),(Vehicles5↦0.0)}",
        "VehiclesVx": "{(EgoVehicle↦25.0),(Vehicles2↦-1.4754556119441986),(Vehicles3↦-3.4359553456306458),(Vehicles4↦-3.4036102890968323),(Vehicles5↦-2.6982104778289795)}",
        "VehiclesY": "{(EgoVehicle↦4.0000001192092896),(Vehicles2↦0.0),(Vehicles3↦4.0000001192092896),(Vehicles4↦4.0000001192092896),(Vehicles5↦0.0)}",
        "VehiclesVy": "{(EgoVehicle↦0.0),(Vehicles2↦0.0),(Vehicles3↦0.0),(Vehicles4↦0.0),(Vehicles5↦0.0)}",
        "VehiclesX": "{(EgoVehicle↦149.9335765838623),(Vehicles2↦23.924128711223602),(Vehicles3↦48.73441159725189),(Vehicles4↦72.35107421875),(Vehicles5↦96.34844064712524)}"
      },
      "probabilisticVariables": null,
      "activating": [
        "FASTER_2"
      ],
      "activatingOnlyWhenExecuted": true,
      "updating": null,
      "withPredicate": null
    },
    {
      "id": "FASTER_2",
      "execute": "FASTER",
      "after": "1000",
      "priority": 0,
      "additionalGuards": null,
      "activationKind": null,
      "fixedVariables": {
        "Crash": "FALSE",
        "VehiclesAy": "{(EgoVehicle↦0.0),(Vehicles2↦-3.4257230162620544),(Vehicles3↦0.0),(Vehicles4↦0.0),(Vehicles5↦0.0)}",
        "Reward": "0.9491083676268861",
        "VehiclesAx": "{(EgoVehicle↦4.341564178466797),(Vehicles2↦-5.7028718292713165),(Vehicles3↦-9.206382930278778),(Vehicles4↦-6.65198415517807),(Vehicles5↦-4.6931058168411255)}",
        "VehiclesVx": "{(EgoVehicle↦29.341564178466797),(Vehicles2↦-7.178327441215515),(Vehicles3↦-12.642338275909424),(Vehicles4↦-10.055594444274902),(Vehicles5↦-7.391316294670105)}",
        "VehiclesY": "{(EgoVehicle↦4.0000001192092896),(Vehicles2↦-2.7933892607688904),(Vehicles3↦4.0000001192092896),(Vehicles4↦4.0000001192092896),(Vehicles5↦0.0)}",
        "VehiclesVy": "{(EgoVehicle↦0.0),(Vehicles2↦-3.4257230162620544),(Vehicles3↦0.0),(Vehicles4↦0.0),(Vehicles5↦0.0)}",
        "VehiclesX": "{(EgoVehicle↦177.32863426208496),(Vehicles2↦19.26596909761429),(Vehicles3↦40.6303346157074),(Vehicles4↦65.61110019683838),(Vehicles5↦91.10336899757385)}"
      },
      "probabilisticVariables": null,
      "activating": [
        "LANE_RIGHT_3"
      ],
      "activatingOnlyWhenExecuted": true,
      "updating": null,
      "withPredicate": null
    },
    {
      "id": "LANE_RIGHT_3",
      "execute": "LANE_RIGHT",
      "after": "1000",
      "priority": 0,
      "additionalGuards": null,
      "activationKind": null,
      "fixedVariables": {
        "Crash": "FALSE",
        "VehiclesAy": "{(EgoVehicle↦1.0180838406085968),(Vehicles2↦2.2233127057552338),(Vehicles3↦-1.0180838406085968),(Vehicles4↦-7.5609290599823),(Vehicles5↦-1.0180838406085968)}",
        "Reward": "0.9972256625080647",
        "VehiclesAx": "{(EgoVehicle↦0.5543971061706543),(Vehicles2↦-0.049487948417663574),(Vehicles3↦-2.1754562854766846),(Vehicles4↦-3.7313079833984375),(Vehicles5↦-0.7848882675170898)}",
        "VehiclesVx": "{(EgoVehicle↦29.89596128463745),(Vehicles2↦-7.227815389633179),(Vehicles3↦-14.817794561386108),(Vehicles4↦-13.78690242767334),(Vehicles5↦-8.176204562187195)}",
        "VehiclesY": "{(EgoVehicle↦7.708042860031128),(Vehicles2↦-7.648429870605469),(Vehicles3↦0.29195715487003326),(Vehicles4↦-0.6725549250841141),(Vehicles5↦-3.7080427408218384)}",
        "VehiclesVy": "{(EgoVehicle↦1.0180838406085968),(Vehicles2↦-1.2024103105068207),(Vehicles3↦-1.0180838406085968),(Vehicles4↦-7.5609290599823),(Vehicles5↦-1.0180838406085968)}",
        "VehiclesX": "{(EgoVehicle↦200.0),(Vehicles2↦12.377837300300598),(Vehicles3↦27.181553840637207),(Vehicles4↦54.57727909088135),(Vehicles5↦83.57720375061035)}"
      },
      "probabilisticVariables": null,
      "activating": [
        "SLOWER_4"
      ],
      "activatingOnlyWhenExecuted": true,
      "updating": null,
      "withPredicate": null
    },
    {
      "id": "SLOWER_4",
      "execute": "SLOWER",
      "after": "1000",
      "priority": 0,
      "additionalGuards": null,
      "activationKind": null,
      "fixedVariables": {
        "Crash": "FALSE",
        "VehiclesAy": "{(EgoVehicle↦-0.9947352111339569),(Vehicles2↦1.170741249807179),(Vehicles3↦-0.26828452944755554),(Vehicles4↦6.781783327460289),(Vehicles5↦-1.0414324700832367)}",
        "Reward": "0.8839201945221165",
        "VehiclesAx": "{(EgoVehicle↦-4.248952865600586),(Vehicles2↦4.382473528385162),(Vehicles3↦3.4796130657196045),(Vehicles4↦4.918264746665955),(Vehicles5↦4.09803181886673)}",
        "VehiclesVx": "{(EgoVehicle↦25.647008419036865),(Vehicles2↦-2.8453418612480164),(Vehicles3↦-11.338181495666504),(Vehicles4↦-8.868637681007385),(Vehicles5↦-4.078172743320465)}",
        "VehiclesY": "{(EgoVehicle↦7.9930808544158936),(Vehicles2↦-7.990403652191162),(Vehicles3↦-3.50470232963562),(Vehicles4↦-3.715196371078491),(Vehicles5↦-3.993080735206604)}",
        "VehiclesVy": "{(EgoVehicle↦0.023348629474639893),(Vehicles2↦-0.031669060699641705),(Vehicles3↦-1.2863683700561523),(Vehicles4↦-0.7791457325220108),(Vehicles5↦-0.023348629474639893)}",
        "VehiclesX": "{(EgoVehicle↦200.0),(Vehicles2↦7.549382001161575),(Vehicles3↦13.77408504486084),(Vehicles4↦43.68341267108917),(Vehicles5↦77.67468094825745)}"
      },
      "probabilisticVariables": null,
      "activating": [
        "IDLE_5"
      ],
      "activatingOnlyWhenExecuted": true,
      "updating": null,
      "withPredicate": null
    },
    {
      "id": "IDLE_5",
      "execute": "IDLE",
      "after": "1000",
      "priority": 0,
      "additionalGuards": null,
      "activationKind": null,
      "fixedVariables": {
        "Crash": "FALSE",
        "VehiclesAy": "{(EgoVehicle↦-0.022658348170807585),(Vehicles2↦-0.1084514195099473),(Vehicles3↦1.2853094257297926),(Vehicles4↦0.7132746372371912),(Vehicles5↦-0.0240389107784722)}",
        "Reward": "0.8689387732475375",
        "VehiclesAx": "{(EgoVehicle↦-0.5618047714233398),(Vehicles2↦-7.802949249744415),(Vehicles3↦9.123431891202927),(Vehicles4↦0.8309412002563477),(Vehicles5↦-7.19790905714035)}",
        "VehiclesVx": "{(EgoVehicle↦25.085203647613525),(Vehicles2↦-10.648291110992432),(Vehicles3↦-2.2147496044635773),(Vehicles4↦-8.037696480751038),(Vehicles5↦-11.276081800460815)}",
        "VehiclesY": "{(EgoVehicle↦7.999793529510498),(Vehicles2↦-3.94624400138855),(Vehicles3↦-7.9996747970581055),(Vehicles4↦-3.9760243892669678),(Vehicles5↦0.00020670971571234986)}",
        "VehiclesVy": "{(EgoVehicle↦0.0006902813038323075),(Vehicles2↦-0.140120480209589),(Vehicles3↦-0.0010589443263597786),(Vehicles4↦-0.0658710952848196),(Vehicles5↦-0.0006902813038323075)}",
        "VehiclesX": "{(EgoVehicle↦200.0),(Vehicles2↦2.787794917821884),(Vehicles3↦5.045202374458313),(Vehicles4↦35.22213399410248),(Vehicles5↦72.05637693405151)}"
      },
      "probabilisticVariables": null,
      "activating": [
        "IDLE_6"
      ],
      "activatingOnlyWhenExecuted": true,
      "updating": null,
      "withPredicate": null
    },
    {
      "id": "IDLE_6",
      "execute": "IDLE",
      "after": "1000",
      "priority": 0,
      "additionalGuards": null,
      "activationKind": null,
      "fixedVariables": {
        "Crash": "FALSE",
        "VehiclesAy": "{(EgoVehicle↦-0.0006688754433525901),(Vehicles2↦0.14008285829731904),(Vehicles3↦-0.014048566517885774),(Vehicles4↦0.06041483080480248),(Vehicles5↦-0.0007116871643120248)}",
        "Reward": "0.8669658741507528",
        "VehiclesAx": "{(EgoVehicle↦-0.07398366928100586),(Vehicles2↦8.541070073843002),(Vehicles3↦-7.990339249372482),(Vehicles4↦0.4451638460159302),(Vehicles5↦0.5052876472473145)}",
        "VehiclesVx": "{(EgoVehicle↦25.01121997833252),(Vehicles2↦-2.1072210371494293),(Vehicles3↦-10.20508885383606),(Vehicles4↦-7.592532634735107),(Vehicles5↦-10.770794153213501)}",
        "VehiclesY": "{(EgoVehicle↦7.999993801116943),(Vehicles2↦-7.999988079071045),(Vehicles3↦-3.9942541122436523),(Vehicles4↦-3.9980274438858032),(Vehicles5↦6.420202225854155E-06)}",
        "VehiclesVy": "{(EgoVehicle↦2.1405860479717376E-05),(Vehicles2↦-3.762191226996947E-05),(Vehicles3↦-0.015107510844245553),(Vehicles4↦-0.005456264480017126),(Vehicles5↦-2.1405860479717376E-05)}",
        "VehiclesX": "{(EgoVehicle↦200.0),(Vehicles2↦2.8867296874523163),(Vehicles3↦-7.686697691679001),(Vehicles4↦27.370429039001465),(Vehicles5↦60.982853174209595)}"
      },
      "probabilisticVariables": null,
      "activating": [
        "IDLE_7"
      ],
      "activatingOnlyWhenExecuted": true,
      "updating": null,
      "withPredicate": null
    },
    {
      "id": "IDLE_7",
      "execute": "IDLE",
      "after": "1000",
      "priority": 0,
      "additionalGuards": null,
      "activationKind": null,
      "fixedVariables": {
        "Crash": "FALSE",
        "VehiclesAy": "{(EgoVehicle↦-2.0737610100241E-05),(Vehicles2↦3.624277695735145E-05),(Vehicles3↦0.014670957170892507),(Vehicles4↦0.005455596229637649),(Vehicles5↦-2.2074110859193752E-05)}",
        "Reward": "0.8667060684753025",
        "VehiclesAx": "{(EgoVehicle↦-0.009741783142089844),(Vehicles2↦0.02389073371887207),(Vehicles3↦2.998829483985901),(Vehicles4↦-2.665964365005493),(Vehicles5↦7.1132394671440125)}",
        "VehiclesVx": "{(EgoVehicle↦25.00147819519043),(Vehicles2↦-2.0833303034305573),(Vehicles3↦-7.206259369850159),(Vehicles4↦-10.2584969997406),(Vehicles5↦-3.6575546860694885)}",
        "VehiclesY": "{(EgoVehicle↦7.999999523162842),(Vehicles2↦-7.999999523162842),(Vehicles3↦-3.999843120574951),(Vehicles4↦2.0046869764200892E-07),(Vehicles5↦-3.999999761581421)}",
        "VehiclesVy": "{(EgoVehicle↦6.682503794763761E-07),(Vehicles2↦-1.3791353126180184E-06),(Vehicles3↦-0.0004365536733530462),(Vehicles4↦-6.682503794763761E-07),(Vehicles5↦-6.682503794763761E-07)}",
        "VehiclesX": "{(EgoVehicle↦200.0),(Vehicles2↦0.7916748523712158),(Vehicles3↦19.935691356658936),(Vehicles4↦50.41700601577759),(Vehicles5↦66.62107706069946)}"
      },
      "probabilisticVariables": null,
      "activating": [
        "LANE_RIGHT_8"
      ],
      "activatingOnlyWhenExecuted": true,
      "updating": null,
      "withPredicate": null
    },
    {
      "id": "LANE_RIGHT_8",
      "execute": "LANE_RIGHT",
      "after": "1000",
      "priority": 0,
      "additionalGuards": null,
      "activationKind": null,
      "fixedVariables": {
        "Crash": "FALSE",
        "VehiclesAy": "{(EgoVehicle↦-6.473703706433298E-07),(Vehicles2↦1.327130574324542E-06),(Vehicles3↦0.00040285392742589465),(Vehicles4↦6.473703706433298E-07),(Vehicles5↦-6.891303883094224E-07)}",
        "Reward": "0.8666718553822074",
        "VehiclesAx": "{(EgoVehicle↦-0.0012826919555664062),(Vehicles2↦0.004588514566421509),(Vehicles3↦0.3426474332809448),(Vehicles4↦0.49065709114074707),(Vehicles5↦-0.03605186939239502)}",
        "VehiclesVx": "{(EgoVehicle↦25.000195503234863),(Vehicles2↦-2.0787417888641357),(Vehicles3↦-6.863611936569214),(Vehicles4↦-9.767839908599854),(Vehicles5↦-3.6936065554618835)}",
        "VehiclesY": "{(EgoVehicle↦8.000000238418579),(Vehicles2↦-8.000000238418579),(Vehicles3↦-3.9999879598617554),(Vehicles4↦6.263978669096559E-09),(Vehicles5↦-4.0000001192092896)}",
        "VehiclesVy": "{(EgoVehicle↦2.0880008833046304E-08),(Vehicles2↦-5.2004738293476294E-08),(Vehicles3↦-3.3699745927151525E-05),(Vehicles4↦-2.0880008833046304E-08),(Vehicles5↦-2.0880008833046304E-08)}",
        "VehiclesX": "{(EgoVehicle↦200.0),(Vehicles2↦-1.2889827601611614),(Vehicles3↦12.870220839977264),(Vehicles4↦40.35806059837341),(Vehicles5↦62.94841766357422)}"
      },
      "probabilisticVariables": null,
      "activating": [
        "LANE_RIGHT_9"
      ],
      "activatingOnlyWhenExecuted": true,
      "updating": null,
      "withPredicate": null
    },
    {
      "id": "LANE_RIGHT_9",
      "execute": "LANE_RIGHT",
      "after": "1000",
      "priority": 0,
      "additionalGuards": null,
      "activationKind": null,
      "fixedVariables": {
        "Crash": "FALSE",
        "VehiclesAy": "{(EgoVehicle↦-2.0227517438797804E-08),(Vehicles2↦4.998961244950806E-08),(Vehicles3↦3.118172969607258E-05),(Vehicles4↦2.0227517438797804E-08),(Vehicles5↦-2.1532500227294804E-08)}",
        "Reward": "0.8666673499543099",
        "VehiclesAx": "{(EgoVehicle↦-0.00016927719116210938),(Vehicles2↦-0.0027854740619659424),(Vehicles3↦0.29496610164642334),(Vehicles4↦0.4378032684326172),(Vehicles5↦-0.028094947338104248)}",
        "VehiclesVx": "{(EgoVehicle↦25.0000262260437),(Vehicles2↦-2.0815272629261017),(Vehicles3↦-6.5686458349227905),(Vehicles4↦-9.330036640167236),(Vehicles5↦-3.721701502799988)}",
        "VehiclesY": "{(EgoVehicle↦8.000000238418579),(Vehicles2↦-8.000000238418579),(Vehicles3↦-3.9999990463256836),(Vehicles4↦1.9574741827455E-10),(Vehicles5↦-4.0000001192092896)}",
        "VehiclesVy": "{(EgoVehicle↦6.524913942485E-10),(Vehicles2↦-2.015125843968235E-09),(Vehicles3↦-2.5180162310789456E-06),(Vehicles4↦-6.524913942485E-10),(Vehicles5↦-6.524913942485E-10)}",
        "VehiclesX": "{(EgoVehicle↦200.0),(Vehicles2↦-3.3684328198432922),(Vehicles3↦6.128416210412979),(Vehicles4↦30.770280957221985),(Vehicles5↦59.243011474609375)}"
      },
      "probabilisticVariables": null,
      "activating": [
        "IDLE_10"
      ],
      "activatingOnlyWhenExecuted": true,
      "updating": null,
      "withPredicate": null
    },
    {
      "id": "IDLE_10",
      "execute": "IDLE",
      "after": "1000",
      "priority": 0,
      "additionalGuards": null,
      "activationKind": null,
      "fixedVariables": {
        "Crash": "FALSE",
        "VehiclesAy": "{(EgoVehicle↦-6.320988177321851E-10),(Vehicles2↦-1.8088814890404592E-07),(Vehicles3↦2.5179361529126254E-06),(Vehicles4↦6.320988177321851E-10),(Vehicles5↦-6.728839707648149E-10)}",
        "Reward": "0.8666667566469325",
        "VehiclesAx": "{(EgoVehicle↦-2.384185791015625E-05),(Vehicles2↦-4.23794612288475),(Vehicles3↦4.480397701263428),(Vehicles4↦0.3735464811325073),(Vehicles5↦-0.022221803665161133)}",
        "VehiclesVx": "{(EgoVehicle↦25.00000238418579),(Vehicles2↦-6.319473385810852),(Vehicles3↦-2.088248133659363),(Vehicles4↦-8.956490159034729),(Vehicles5↦-3.743923306465149)}",
        "VehiclesY": "{(EgoVehicle↦8.000000238418579),(Vehicles2↦-3.999999761581421),(Vehicles3↦-8.000000238418579),(Vehicles4↦6.117772954894463E-12),(Vehicles5↦-4.0000001192092896)}",
        "VehiclesVy": "{(EgoVehicle↦2.0392576516314875E-11),(Vehicles2↦-1.8290327474801416E-07),(Vehicles3↦-8.007816632016329E-11),(Vehicles4↦-2.0392576516314875E-11),(Vehicles5↦-2.0392576516314875E-11)}",
        "VehiclesX": "{(EgoVehicle↦200.0),(Vehicles2↦-0.3370931837707758),(Vehicles3↦-5.452407896518707),(Vehicles4↦21.59486562013626),(Vehicles5↦55.51203489303589)}"
      },
      "probabilisticVariables": null,
      "activating": [
        "SLOWER_11"
      ],
      "activatingOnlyWhenExecuted": true,
      "updating": null,
      "withPredicate": null
    },
    {
      "id": "SLOWER_11",
      "execute": "SLOWER",
      "after": "1000",
      "priority": 0,
      "additionalGuards": null,
      "activationKind": null,
      "fixedVariables": {
        "Crash": "FALSE",
        "VehiclesAy": "{(EgoVehicle↦-1.957545237019076E-11),(Vehicles2↦1.69948073391879E-07),(Vehicles3↦7.66231522675298E-11),(Vehicles4↦1.956657058599376E-11),(Vehicles5↦-2.1218582446635992E-11)}",
        "Reward": "0.7508916442223669",
        "VehiclesAx": "{(EgoVehicle↦-4.341566562652588),(Vehicles2↦4.514598846435547),(Vehicles3↦4.33239609003067),(Vehicles4↦4.642833173274994),(Vehicles5↦3.2271650806069374)}",
        "VehiclesVx": "{(EgoVehicle↦20.658435821533203),(Vehicles2↦-1.8048745393753052),(Vehicles3↦2.2441479563713074),(Vehicles4↦-4.313656985759735),(Vehicles5↦-0.5167582258582115)}",
        "VehiclesY": "{(EgoVehicle↦8.000000238418579),(Vehicles2↦-4.0000001192092896),(Vehicles3↦-8.000000238418579),(Vehicles4↦2.851052727237402E-13),(Vehicles5↦-4.0000001192092896)}",
        "VehiclesVy": "{(EgoVehicle↦8.171241461241152E-13),(Vehicles2↦-1.2955201356135149E-08),(Vehicles3↦-3.455014052633487E-12),(Vehicles4↦-8.260059303211165E-13),(Vehicles5↦-8.260059303211165E-13)}",
        "VehiclesX": "{(EgoVehicle↦200.0),(Vehicles2↦-4.177592322230339),(Vehicles3↦-5.149104073643684),(Vehicles4↦15.16088992357254),(Vehicles5↦53.90268564224243)}"
      },
      "probabilisticVariables": null,
      "activating": [
        "SLOWER_12"
      ],
      "activatingOnlyWhenExecuted": true,
      "updating": null,
      "withPredicate": null
    },
    {
      "id": "SLOWER_12",
      "execute": "SLOWER",
      "after": "1000",
      "priority": 0,
      "additionalGuards": null,
      "activationKind": null,
      "fixedVariables": {
        "Crash": "FALSE",
        "VehiclesAy": "{(EgoVehicle↦-7.815970093361102E-13),(Vehicles2↦1.2955041484019603E-08),(Vehicles3↦-9.042810944492885E-10),(Vehicles4↦7.815970093361102E-13),(Vehicles5↦-8.704148513061227E-13)}",
        "Reward": "0.7356455388825065",
        "VehiclesAx": "{(EgoVehicle↦-0.5717277526855469),(Vehicles2↦4.60992693901062),(Vehicles3↦-3.4876100718975067),(Vehicles4↦0.9423130750656128),(Vehicles5↦-0.3164250776171684)}",
        "VehiclesVx": "{(EgoVehicle↦20.086708068847656),(Vehicles2↦2.805052399635315),(Vehicles3↦-1.2434621155261993),(Vehicles4↦-3.3713439106941223),(Vehicles5↦-0.8331833034753799)}",
        "VehiclesY": "{(EgoVehicle↦8.000000238418579),(Vehicles2↦-8.000000238418579),(Vehicles3↦-4.0000001192092896),(Vehicles4↦1.865174681370263E-14),(Vehicles5↦-4.0000001192092896)}",
        "VehiclesVy": "{(EgoVehicle↦3.552713678800501E-14),(Vehicles2↦-1.5987211554602254E-13),(Vehicles3↦-9.07736108501922E-10),(Vehicles4↦-4.440892098500626E-14),(Vehicles5↦-4.440892098500626E-14)}",
        "VehiclesX": "{(EgoVehicle↦200.0),(Vehicles2↦-2.59377583861351),(Vehicles3↦-5.662514641880989),(Vehicles4↦11.300690472126007),(Vehicles5↦53.28800678253174)}"
      },
      "probabilisticVariables": null,
      "activating": [
        "IDLE_13"
      ],
      "activatingOnlyWhenExecuted": true,
      "updating": null,
      "withPredicate": null
    },
    {
      "id": "IDLE_13",
      "execute": "IDLE",
      "after": "1000",
      "priority": 0,
      "additionalGuards": null,
      "activationKind": null,
      "fixedVariables": {
        "Crash": "FALSE",
        "VehiclesAy": "{(EgoVehicle↦-3.552713678800501E-14),(Vehicles2↦1.4210854715202004E-13),(Vehicles3↦8.43769498715119E-10),(Vehicles4↦4.440892098500626E-14),(Vehicles5↦-4.440892098500626E-14)}",
        "Reward": "0.7336378213068869",
        "VehiclesAx": "{(EgoVehicle↦-0.07529020309448242),(Vehicles2↦0.06326824426651001),(Vehicles3↦0.009537860751152039),(Vehicles4↦0.5065956711769104),(Vehicles5↦-0.315299928188324)}",
        "VehiclesVx": "{(EgoVehicle↦20.011417865753174),(Vehicles2↦2.868320643901825),(Vehicles3↦-1.2339242547750473),(Vehicles4↦-2.864748239517212),(Vehicles5↦-1.148483231663704)}",
        "VehiclesY": "{(EgoVehicle↦8.000000238418579),(Vehicles2↦-8.000000238418579),(Vehicles3↦-4.0000001192092896),(Vehicles4↦2.6645352591003757E-15),(Vehicles5↦-4.0000001192092896)}",
        "VehiclesVy": "{(EgoVehicle↦0.0),(Vehicles2↦-1.7763568394002505E-14),(Vehicles3↦-6.396660978680302E-11),(Vehicles4↦0.0),(Vehicles5↦0.0)}",
        "VehiclesX": "{(EgoVehicle↦200.0),(Vehicles2↦0.2480849390849471),(Vehicles3↦-6.8895019590854645),(Vehicles4↦8.143021911382675),(Vehicles5↦52.31413245201111)}"
      },
      "probabilisticVariables": null,
      "activating": [
        "IDLE_14"
      ],
      "activatingOnlyWhenExecuted": true,
      "updating": null,
      "withPredicate": null
    },
    {
      "id": "IDLE_14",
      "execute": "IDLE",
      "after": "1000",
      "priority": 0,
      "additionalGuards": null,
      "activationKind": null,
      "fixedVariables": {
        "Crash": "FALSE",
        "VehiclesAy": "{(EgoVehicle↦0.0),(Vehicles2↦1.7763568394002505E-14),(Vehicles3↦6.396660978680302E-11),(Vehicles4↦-4.547473508864641E-12),(Vehicles5↦0.0)}",
        "Reward": "0.7333734305150359",
        "VehiclesAx": "{(EgoVehicle↦-0.009913444519042969),(Vehicles2↦-0.0030240416526794434),(Vehicles3↦-1.2163523584604263),(Vehicles4↦1.5767699480056763),(Vehicles5↦-0.14460332691669464)}",
        "VehiclesVx": "{(EgoVehicle↦20.00150442123413),(Vehicles2↦2.8652966022491455),(Vehicles3↦-2.4502766132354736),(Vehicles4↦-1.2879782915115356),(Vehicles5↦-1.2930865585803986)}",
        "VehiclesY": "{(EgoVehicle↦8.000000238418579),(Vehicles2↦-8.000000238418579),(Vehicles3↦0.0),(Vehicles4↦-4.0000001192092896),(Vehicles5↦-4.0000001192092896)}",
        "VehiclesVy": "{(EgoVehicle↦0.0),(Vehicles2↦0.0),(Vehicles3↦0.0),(Vehicles4↦-4.547473508864641E-12),(Vehicles5↦0.0)}",
        "VehiclesX": "{(EgoVehicle↦200.0),(Vehicles2↦3.116764687001705),(Vehicles3↦5.449668318033218),(Vehicles4↦-8.144694566726685),(Vehicles5↦51.096224784851074)}"
      },
      "probabilisticVariables": null,
      "activating": [
        "SLOWER_15"
      ],
      "activatingOnlyWhenExecuted": true,
      "updating": null,
      "withPredicate": null
    },
    {
      "id": "SLOWER_15",
      "execute": "SLOWER",
      "after": "1000",
      "priority": 0,
      "additionalGuards": null,
      "activationKind": null,
      "fixedVariables": {
        "Crash": "TRUE",
        "VehiclesAy": "{(EgoVehicle↦0.0),(Vehicles2↦-3.2862601528904634E-13),(Vehicles3↦0.0),(Vehicles4↦4.529709940470639E-12),(Vehicles5↦0.0)}",
        "Reward": "0.06666666666666665",
        "VehiclesAx": "{(EgoVehicle↦-11.809093952178955),(Vehicles2↦7.610582113265991),(Vehicles3↦1.4771746098995209),(Vehicles4↦15.948687195777893),(Vehicles5↦11.775532513856888)}",
        "VehiclesVx": "{(EgoVehicle↦8.192410469055176),(Vehicles2↦10.475878715515137),(Vehicles3↦-0.9731020033359528),(Vehicles4↦14.660708904266357),(Vehicles5↦10.48244595527649)}",
        "VehiclesY": "{(EgoVehicle↦8.000000238418579),(Vehicles2↦-4.0000001192092896),(Vehicles3↦0.0),(Vehicles4↦-8.000000238418579),(Vehicles5↦-4.0000001192092896)}",
        "VehiclesVy": "{(EgoVehicle↦0.0),(Vehicles2↦-3.2862601528904634E-13),(Vehicles3↦0.0),(Vehicles4↦-1.7763568394002505E-14),(Vehicles5↦0.0)}",
        "VehiclesX": "{(EgoVehicle↦200.0),(Vehicles2↦-4.538354650139809),(Vehicles3↦5.000000074505806),(Vehicles4↦10.890765488147736),(Vehicles5↦54.69701886177063)}"
      },
      "probabilisticVariables": null,
      "activating": null,
      "activatingOnlyWhenExecuted": true,
      "updating": null,
      "withPredicate": null
    }
  ],
  "listeners": [],
  "metadata": {
    "fileType": "Timed_Trace",
    "formatVersion": 3,
    "savedAt": "2023-08-15T11:29:44.169735Z",
    "creator": "Simulation: MONTE_CARLO_SIMULATION; MAX_STEPS_BEFORE_PROPERTY : 0, EXECUTIONS : 1000, ENDING_TIME : 60000",
    "proB2KernelVersion": "4.12.2",
    "proBCliVersion": "1.12.2-final",
    "modelName": "HighwayEnvironment"
  }
}