{
  "variables": {},
  "activations": [
    {
      "id": "$setup_constants",
      "execute": "$setup_constants",
      "after": "0",
      "priority": 0,
      "additionalGuards": null,
      "activationKind": null,
      "fixedVariables": null,
      "probabilisticVariables": null,
      "activating": null,
      "activatingOnlyWhenExecuted": true,
      "updating": null,
      "withPredicate": null
    },
    {
      "id": "$initialise_machine",
      "execute": "$initialise_machine",
      "after": "0",
      "priority": 0,
      "additionalGuards": null,
      "activationKind": null,
      "fixedVariables": {
        "Crash": "FALSE",
        "VehiclesAy": "{(EgoVehicle↦0.0),(Vehicles2↦0.0),(Vehicles3↦0.0),(Vehicles4↦0.0),(Vehicles5↦0.0)}",
        "Reward": "0.0",
        "VehiclesAx": "{(EgoVehicle↦0.0),(Vehicles2↦0.0),(Vehicles3↦0.0),(Vehicles4↦0.0),(Vehicles5↦0.0)}",
        "VehiclesVx": "{(EgoVehicle↦25.0),(Vehicles2↦-3.866318166255951),(Vehicles3↦-3.4392142295837402),(Vehicles4↦-1.12593412399292),(Vehicles5↦-3.0542737245559692)}",
        "VehiclesY": "{(EgoVehicle↦0.0),(Vehicles2↦4.0000001192092896),(Vehicles3↦0.0),(Vehicles4↦4.0000001192092896),(Vehicles5↦8.000000238418579)}",
        "VehiclesVy": "{(EgoVehicle↦0.0),(Vehicles2↦0.0),(Vehicles3↦0.0),(Vehicles4↦0.0),(Vehicles5↦0.0)}",
        "VehiclesX": "{(EgoVehicle↦153.20976972579956),(Vehicles2↦23.55472892522812),(Vehicles3↦47.331008315086365),(Vehicles4↦74.2277979850769),(Vehicles5↦95.76913118362427)}"
      },
      "probabilisticVariables": null,
      "activating": [
        "LANE_RIGHT_2"
      ],
      "activatingOnlyWhenExecuted": true,
      "updating": null,
      "withPredicate": null
    },
    {
      "id": "LANE_RIGHT_2",
      "execute": "LANE_RIGHT",
      "after": "1000",
      "priority": 0,
      "additionalGuards": null,
      "activationKind": null,
      "fixedVariables": {
        "Crash": "FALSE",
        "VehiclesAy": "{(EgoVehicle↦1.0796338319778442),(Vehicles2↦0.9143869578838348),(Vehicles3↦-1.0796338319778442),(Vehicles4↦-1.0796338319778442),(Vehicles5↦-1.0796338319778442)}",
        "Reward": "0.8327113850086175",
        "VehiclesAx": "{(EgoVehicle↦-0.023322105407714844),(Vehicles2↦-1.0898292064666748),(Vehicles3↦-0.5385860800743103),(Vehicles4↦-0.6658990681171417),(Vehicles5↦-2.4941599369049072)}",
        "VehiclesVx": "{(EgoVehicle↦24.976677894592285),(Vehicles2↦-4.956147372722626),(Vehicles3↦-3.9778003096580505),(Vehicles4↦-1.7918331921100616),(Vehicles5↦-5.5484336614608765)}",
        "VehiclesY": "{(EgoVehicle↦3.6599650382995605),(Vehicles2↦3.6409027576446533),(Vehicles3↦-3.6599650382995605),(Vehicles4↦0.3400348797440529),(Vehicles5↦4.34003484249115)}",
        "VehiclesVy": "{(EgoVehicle↦1.0796338319778442),(Vehicles2↦0.9143869578838348),(Vehicles3↦-1.0796338319778442),(Vehicles4↦-1.0796338319778442),(Vehicles5↦-1.0796338319778442)}",
        "VehiclesX": "{(EgoVehicle↦177.8900146484375),(Vehicles2↦19.160573184490204),(Vehicles3↦43.94758939743042),(Vehicles4↦73.15285205841064),(Vehicles5↦91.98670387268066)}"
      },
      "probabilisticVariables": null,
      "activating": [
        "FASTER_3"
      ],
      "activatingOnlyWhenExecuted": true,
      "updating": null,
      "withPredicate": null
    },
    {
      "id": "FASTER_3",
      "execute": "FASTER",
      "after": "1000",
      "priority": 0,
      "additionalGuards": null,
      "activationKind": null,
      "fixedVariables": {
        "Crash": "FALSE",
        "VehiclesAy": "{(EgoVehicle↦-1.0525126825086772),(Vehicles2↦-0.8135167229920626),(Vehicles3↦1.0525126825086772),(Vehicles4↦1.0525126825086772),(Vehicles5↦-1.1067549814470112)}",
        "Reward": "0.9491080333766447",
        "VehiclesAx": "{(EgoVehicle↦4.364874362945557),(Vehicles2↦-4.702381193637848),(Vehicles3↦-4.631089270114899),(Vehicles4↦-5.10833665728569),(Vehicles5↦-6.0958534479141235)}",
        "VehiclesVx": "{(EgoVehicle↦29.341552257537842),(Vehicles2↦-9.658528566360474),(Vehicles3↦-8.60888957977295),(Vehicles4↦-6.900169849395752),(Vehicles5↦-11.644287109375)}",
        "VehiclesY": "{(EgoVehicle↦3.993496298789978),(Vehicles2↦3.961956739425659),(Vehicles3↦-3.993496298789978),(Vehicles4↦0.006503580836579204),(Vehicles5↦4.006503582000732)}",
        "VehiclesVy": "{(EgoVehicle↦0.027121149469166994),(Vehicles2↦0.10087023489177227),(Vehicles3↦-0.027121149469166994),(Vehicles4↦-0.027121149469166994),(Vehicles5↦-0.027121149469166994)}",
        "VehiclesX": "{(EgoVehicle↦200.0),(Vehicles2↦11.69363260269165),(Vehicles3↦37.43913769721985),(Vehicles4↦68.65360736846924),(Vehicles5↦83.25705528259277)}"
      },
      "probabilisticVariables": null,
      "activating": [
        "FASTER_4"
      ],
      "activatingOnlyWhenExecuted": true,
      "updating": null,
      "withPredicate": null
    },
    {
      "id": "FASTER_4",
      "execute": "FASTER",
      "after": "1000",
      "priority": 0,
      "additionalGuards": null,
      "activationKind": null,
      "fixedVariables": {
        "Crash": "FALSE",
        "VehiclesAy": "{(EgoVehicle↦-0.027026898560507107),(Vehicles2↦-0.09259250946342945),(Vehicles3↦0.027026898560507107),(Vehicles4↦0.027026898560507107),(Vehicles5↦-0.02721540037782688)}",
        "Reward": "0.9643544626739294",
        "VehiclesAx": "{(EgoVehicle↦0.571739673614502),(Vehicles2↦-0.9567427635192871),(Vehicles3↦-0.7672208547592163),(Vehicles4↦-1.078590750694275),(Vehicles5↦-1.5609145164489746)}",
        "VehiclesVx": "{(EgoVehicle↦29.913291931152344),(Vehicles2↦-10.61527132987976),(Vehicles3↦-9.376110434532166),(Vehicles4↦-7.978760600090027),(Vehicles5↦-13.205201625823975)}",
        "VehiclesY": "{(EgoVehicle↦4.000001907348633),(Vehicles2↦3.997061848640442),(Vehicles3↦-4.000001907348633),(Vehicles4↦-1.8026956354333379E-06),(Vehicles5↦3.9999983310699463)}",
        "VehiclesVy": "{(EgoVehicle↦9.42509086598875E-05),(Vehicles2↦0.00827772542834282),(Vehicles3↦-9.42509086598875E-05),(Vehicles4↦-9.42509086598875E-05),(Vehicles5↦-9.42509086598875E-05)}",
        "VehiclesX": "{(EgoVehicle↦200.0),(Vehicles2↦1.5618213452398777),(Vehicles3↦28.431454300880432),(Vehicles4↦61.20666265487671),(Vehicles5↦70.8552896976471)}"
      },
      "probabilisticVariables": null,
      "activating": [
        "LANE_LEFT_5"
      ],
      "activatingOnlyWhenExecuted": true,
      "updating": null,
      "withPredicate": null
    },
    {
      "id": "LANE_LEFT_5",
      "execute": "LANE_LEFT",
      "after": "1000",
      "priority": 0,
      "additionalGuards": null,
      "activationKind": null,
      "fixedVariables": {
        "Crash": "FALSE",
        "VehiclesAy": "{(EgoVehicle↦-1.0288824151666631),(Vehicles2↦-5.623414348810911),(Vehicles3↦1.0288824151666631),(Vehicles4↦1.0288824151666631),(Vehicles5↦1.0286939133493433)}",
        "Reward": "0.9325581256724588",
        "VehiclesAx": "{(EgoVehicle↦0.057637691497802734),(Vehicles2↦-1.5952420234680176),(Vehicles3↦-0.18720686435699463),(Vehicles4↦-0.3012430667877197),(Vehicles5↦-0.5736637115478516)}",
        "VehiclesVx": "{(EgoVehicle↦29.970929622650146),(Vehicles2↦-12.210513353347778),(Vehicles3↦-9.56331729888916),(Vehicles4↦-8.280003666877747),(Vehicles5↦-13.778865337371826)}",
        "VehiclesY": "{(EgoVehicle↦0.2961560860276222),(Vehicles2↦6.8086395263671875),(Vehicles3↦-0.2961560860276222),(Vehicles4↦3.703843832015991),(Vehicles5↦7.703843593597412)}",
        "VehiclesVy": "{(EgoVehicle↦-1.0287881642580032),(Vehicles2↦-5.615136623382568),(Vehicles3↦1.0287881642580032),(Vehicles4↦1.0287881642580032),(Vehicles5↦1.0287881642580032)}",
        "VehiclesX": "{(EgoVehicle↦200.0),(Vehicles2↦-9.062780439853668),(Vehicles3↦19.23387199640274),(Vehicles4↦53.35133075714111),(Vehicles5↦57.64875411987305)}"
      },
      "probabilisticVariables": null,
      "activating": [
        "SLOWER_6"
      ],
      "activatingOnlyWhenExecuted": true,
      "updating": null,
      "withPredicate": null
    },
    {
      "id": "SLOWER_6",
      "execute": "SLOWER",
      "after": "1000",
      "priority": 0,
      "additionalGuards": null,
      "activationKind": null,
      "fixedVariables": {
        "Crash": "FALSE",
        "VehiclesAy": "{(EgoVehicle↦1.0049270070157945),(Vehicles2↦5.638997780624777),(Vehicles3↦-1.0049270070157945),(Vehicles4↦-1.0049270070157945),(Vehicles5↦1.052649321500212)}",
        "Reward": "0.8175179060041042",
        "VehiclesAx": "{(EgoVehicle↦-4.314007759094238),(Vehicles2↦6.889028549194336),(Vehicles3↦-0.10370969772338867),(Vehicles4↦4.201149940490723),(Vehicles5↦4.369562268257141)}",
        "VehiclesVx": "{(EgoVehicle↦25.656921863555908),(Vehicles2↦-5.321484804153442),(Vehicles3↦-9.667026996612549),(Vehicles4↦-4.078853726387024),(Vehicles5↦-9.409303069114685)}",
        "VehiclesY": "{(EgoVehicle↦0.00707889162003994),(Vehicles2↦-0.00707889162003994),(Vehicles3↦7.992921352386475),(Vehicles4↦3.992921233177185),(Vehicles5↦7.992921352386475)}",
        "VehiclesVy": "{(EgoVehicle↦-0.02386115724220872),(Vehicles2↦0.02386115724220872),(Vehicles3↦0.02386115724220872),(Vehicles4↦0.02386115724220872),(Vehicles5↦0.02386115724220872)}",
        "VehiclesX": "{(EgoVehicle↦200.0),(Vehicles2↦12.012379616498947),(Vehicles3↦46.143391728401184),(Vehicles4↦47.39398658275604),(Vehicles5↦85.032719373703)}"
      },
      "probabilisticVariables": null,
      "activating": [
        "LANE_RIGHT_7"
      ],
      "activatingOnlyWhenExecuted": true,
      "updating": null,
      "withPredicate": null
    },
    {
      "id": "LANE_RIGHT_7",
      "execute": "LANE_RIGHT",
      "after": "1000",
      "priority": 0,
      "additionalGuards": null,
      "activationKind": null,
      "fixedVariables": {
        "Crash": "FALSE",
        "VehiclesAy": "{(EgoVehicle↦1.114885511342436),(Vehicles2↦-1.114885511342436),(Vehicles3↦-1.114885511342436),(Vehicles4↦-1.114885511342436),(Vehicles5↦-1.0671631968580186)}",
        "Reward": "0.8350073019146554",
        "VehiclesAx": "{(EgoVehicle↦-0.5941486358642578),(Vehicles2↦0.5641469359397888),(Vehicles3↦0.5993223190307617),(Vehicles4↦0.5385276675224304),(Vehicles5↦1.0153758525848389)}",
        "VehiclesVx": "{(EgoVehicle↦25.06277322769165),(Vehicles2↦-4.757337868213654),(Vehicles3↦-9.067704677581787),(Vehicles4↦-3.5403260588645935),(Vehicles5↦-8.393927216529846)}",
        "VehiclesY": "{(EgoVehicle↦3.6554034948349),(Vehicles2↦-3.6554034948349),(Vehicles3↦4.3445963859558105),(Vehicles4↦0.3445965573191643),(Vehicles5↦4.3445963859558105)}",
        "VehiclesVy": "{(EgoVehicle↦1.0910243541002274),(Vehicles2↦-1.0910243541002274),(Vehicles3↦-1.0910243541002274),(Vehicles4↦-1.0910243541002274),(Vehicles5↦-1.0910243541002274)}",
        "VehiclesX": "{(EgoVehicle↦200.0),(Vehicles2↦7.303471118211746),(Vehicles3↦37.09263503551483),(Vehicles4↦43.9176082611084),(Vehicles5↦76.4202356338501)}"
      },
      "probabilisticVariables": null,
      "activating": [
        "LANE_RIGHT_8"
      ],
      "activatingOnlyWhenExecuted": true,
      "updating": null,
      "withPredicate": null
    },
    {
      "id": "LANE_RIGHT_8",
      "execute": "LANE_RIGHT",
      "after": "1000",
      "priority": 0,
      "additionalGuards": null,
      "activationKind": null,
      "fixedVariables": {
        "Crash": "FALSE",
        "VehiclesAy": "{(EgoVehicle↦0.028454139828681946),(Vehicles2↦-0.028454139828681946),(Vehicles3↦-0.028454139828681946),(Vehicles4↦-0.028454139828681946),(Vehicles5↦-2.2105028480291367)}",
        "Reward": "0.8663020381794443",
        "VehiclesAx": "{(EgoVehicle↦-0.076446533203125),(Vehicles2↦0.0745248794555664),(Vehicles3↦0.21152377128601074),(Vehicles4↦0.03872215747833252),(Vehicles5↦0.46871960163116455)}",
        "VehiclesVx": "{(EgoVehicle↦24.986326694488525),(Vehicles2↦-4.682812988758087),(Vehicles3↦-8.856180906295776),(Vehicles4↦-3.501603901386261),(Vehicles5↦-7.925207614898682)}",
        "VehiclesY": "{(EgoVehicle↦7.647831916809082),(Vehicles2↦-7.647831916809082),(Vehicles3↦0.352168008685112),(Vehicles4↦-3.647832155227661),(Vehicles5↦0.352168008685112)}",
        "VehiclesVy": "{(EgoVehicle↦1.1194784939289093),(Vehicles2↦-1.1194784939289093),(Vehicles3↦-1.1194784939289093),(Vehicles4↦-1.1194784939289093),(Vehicles5↦-1.1194784939289093)}",
        "VehiclesX": "{(EgoVehicle↦200.0),(Vehicles2↦2.9401974752545357),(Vehicles3↦28.467702865600586),(Vehicles4↦40.75832962989807),(Vehicles5↦68.58316659927368)}"
      },
      "probabilisticVariables": null,
      "activating": [
        "SLOWER_9"
      ],
      "activatingOnlyWhenExecuted": true,
      "updating": null,
      "withPredicate": null
    },
    {
      "id": "SLOWER_9",
      "execute": "SLOWER",
      "after": "1000",
      "priority": 0,
      "additionalGuards": null,
      "activationKind": null,
      "fixedVariables": {
        "Crash": "FALSE",
        "VehiclesAy": "{(EgoVehicle↦-1.0690033761784434),(Vehicles2↦1.0690033761784434),(Vehicles3↦1.0690033761784434),(Vehicles4↦1.0690033761784434),(Vehicles5↦-1.1699536116793752)}",
        "Reward": "0.7509299937200828",
        "VehiclesAx": "{(EgoVehicle↦-4.326450824737549),(Vehicles2↦4.341679848730564),(Vehicles3↦4.534640610218048),(Vehicles4↦4.287822395563126),(Vehicles5↦4.671378135681152)}",
        "VehiclesVx": "{(EgoVehicle↦20.659875869750977),(Vehicles2↦-0.34113314002752304),(Vehicles3↦-4.321540296077728),(Vehicles4↦0.7862184941768646),(Vehicles5↦-3.2538294792175293)}",
        "VehiclesY": "{(EgoVehicle↦7.982529401779175),(Vehicles2↦-7.982529401779175),(Vehicles3↦0.01747053349390626),(Vehicles4↦-3.982529640197754),(Vehicles5↦0.01747053349390626)}",
        "VehiclesVy": "{(EgoVehicle↦0.05047511775046587),(Vehicles2↦-0.05047511775046587),(Vehicles3↦-0.05047511775046587),(Vehicles4↦-0.05047511775046587),(Vehicles5↦-0.05047511775046587)}",
        "VehiclesX": "{(EgoVehicle↦200.0),(Vehicles2↦0.6418641190975904),(Vehicles3↦22.070181369781494),(Vehicles4↦39.62116539478302),(Vehicles5↦63.17940354347229)}"
      },
      "probabilisticVariables": null,
      "activating": [
        "SLOWER_10"
      ],
      "activatingOnlyWhenExecuted": true,
      "updating": null,
      "withPredicate": null
    },
    {
      "id": "SLOWER_10",
      "execute": "SLOWER",
      "after": "1000",
      "priority": 0,
      "additionalGuards": null,
      "activationKind": null,
      "fixedVariables": {
        "Crash": "FALSE",
        "VehiclesAy": "{(EgoVehicle↦-0.047372381668537855),(Vehicles2↦0.047372381668537855),(Vehicles3↦0.047372381668537855),(Vehicles4↦0.047372381668537855),(Vehicles5↦-0.053577853832393885)}",
        "Reward": "0.7356507991572722",
        "VehiclesAx": "{(EgoVehicle↦-0.572969913482666),(Vehicles2↦0.5977077782154083),(Vehicles3↦0.8142927289009094),(Vehicles4↦0.526273250579834),(Vehicles5↦0.8674725890159607)}",
        "VehiclesVx": "{(EgoVehicle↦20.08690595626831),(Vehicles2↦0.2565746381878853),(Vehicles3↦-3.507247567176819),(Vehicles4↦1.3124917447566986),(Vehicles5↦-2.3863568902015686)}",
        "VehiclesY": "{(EgoVehicle↦7.998930931091309),(Vehicles2↦-7.998930931091309),(Vehicles3↦0.0010693013027776033),(Vehicles4↦-3.998930811882019),(Vehicles5↦0.0010693013027776033)}",
        "VehiclesVy": "{(EgoVehicle↦0.0031027360819280148),(Vehicles2↦-0.0031027360819280148),(Vehicles3↦-0.0031027360819280148),(Vehicles4↦-0.0031027360819280148),(Vehicles5↦-0.0031027360819280148)}",
        "VehiclesX": "{(EgoVehicle↦200.0),(Vehicles2↦0.6261630449444056),(Vehicles3↦18.159814178943634),(Vehicles4↦40.705522894859314),(Vehicles5↦60.363370180130005)}"
      },
      "probabilisticVariables": null,
      "activating": [
        "SLOWER_11"
      ],
      "activatingOnlyWhenExecuted": true,
      "updating": null,
      "withPredicate": null
    },
    {
      "id": "SLOWER_11",
      "execute": "SLOWER",
      "after": "1000",
      "priority": 0,
      "additionalGuards": null,
      "activationKind": null,
      "fixedVariables": {
        "Crash": "FALSE",
        "VehiclesAy": "{(EgoVehicle↦-0.002909925187850604),(Vehicles2↦0.002909925187850604),(Vehicles3↦0.002909925187850604),(Vehicles4↦0.002909925187850604),(Vehicles5↦-0.0032955469760054257)}",
        "Reward": "0.7336385148347072",
        "VehiclesAx": "{(EgoVehicle↦-0.07546186447143555),(Vehicles2↦0.10478612035512924),(Vehicles3↦0.32365232706069946),(Vehicles4↦0.019445866346359253),(Vehicles5↦0.3237004578113556)}",
        "VehiclesVx": "{(EgoVehicle↦20.011444091796875),(Vehicles2↦0.3613607585430145),(Vehicles3↦-3.1835952401161194),(Vehicles4↦1.3319376111030579),(Vehicles5↦-2.062656432390213)}",
        "VehiclesY": "{(EgoVehicle↦7.99993371963501),(Vehicles2↦-7.99993371963501),(Vehicles3↦6.639325147261843E-05),(Vehicles4↦-3.99993360042572),(Vehicles5↦6.639325147261843E-05)}",
        "VehiclesVy": "{(EgoVehicle↦0.00019281089407741092),(Vehicles2↦-0.00019281089407741092),(Vehicles3↦-0.00019281089407741092),(Vehicles4↦-0.00019281089407741092),(Vehicles5↦-0.00019281089407741092)}",
        "VehiclesX": "{(EgoVehicle↦200.0),(Vehicles2↦0.9358707815408707),(Vehicles3↦14.793682098388672),(Vehicles4↦42.037948966026306),(Vehicles5↦58.12138319015503)}"
      },
      "probabilisticVariables": null,
      "activating": [
        "SLOWER_12"
      ],
      "activatingOnlyWhenExecuted": true,
      "updating": null,
      "withPredicate": null
    },
    {
      "id": "SLOWER_12",
      "execute": "SLOWER",
      "after": "1000",
      "priority": 0,
      "additionalGuards": null,
      "activationKind": null,
      "fixedVariables": {
        "Crash": "FALSE",
        "VehiclesAy": "{(EgoVehicle↦-0.00018081620737575577),(Vehicles2↦0.00018081620737575577),(Vehicles3↦0.00018081620737575577),(Vehicles4↦0.00018081620737575577),(Vehicles5↦-0.00020480558077906608)}",
        "Reward": "0.7333735218469682",
        "VehiclesAx": "{(EgoVehicle↦-0.009937286376953125),(Vehicles2↦0.040909796953201294),(Vehicles3↦0.24930357933044434),(Vehicles4↦-0.054080039262771606),(Vehicles5↦0.21874472498893738)}",
        "VehiclesVx": "{(EgoVehicle↦20.001506805419922),(Vehicles2↦0.4022705554962158),(Vehicles3↦-2.934291660785675),(Vehicles4↦1.2778575718402863),(Vehicles5↦-1.8439117074012756)}",
        "VehiclesY": "{(EgoVehicle↦7.999995946884155),(Vehicles2↦-7.999995946884155),(Vehicles3↦4.129840363020776E-06),(Vehicles4↦-3.9999958276748657),(Vehicles5↦4.129840363020776E-06)}",
        "VehiclesVy": "{(EgoVehicle↦1.1994686701655155E-05),(Vehicles2↦-1.1994686701655155E-05),(Vehicles3↦-1.1994686701655155E-05),(Vehicles4↦-1.1994686701655155E-05),(Vehicles5↦-1.1994686701655155E-05)}",
        "VehiclesX": "{(EgoVehicle↦200.0),(Vehicles2↦1.315050944685936),(Vehicles3↦11.712438613176346),(Vehicles4↦43.35032105445862),(Vehicles5↦56.15059733390808)}"
      },
      "probabilisticVariables": null,
      "activating": [
        "SLOWER_13"
      ],
      "activatingOnlyWhenExecuted": true,
      "updating": null,
      "withPredicate": null
    },
    {
      "id": "SLOWER_13",
      "execute": "SLOWER",
      "after": "1000",
      "priority": 0,
      "additionalGuards": null,
      "activationKind": null,
      "fixedVariables": {
        "Crash": "FALSE",
        "VehiclesAy": "{(EgoVehicle↦-1.1248395068719219E-05),(Vehicles2↦1.1248395068719219E-05),(Vehicles3↦1.1248395068719219E-05),(Vehicles4↦1.1248395068719219E-05),(Vehicles5↦-1.2740978334591091E-05)}",
        "Reward": "0.7333386256478983",
        "VehiclesAx": "{(EgoVehicle↦-0.0013089179992675781),(Vehicles2↦0.03230348229408264),(Vehicles3↦0.22370249032974243),(Vehicles4↦-0.06857842206954956),(Vehicles5↦0.1778043806552887)}",
        "VehiclesVx": "{(EgoVehicle↦20.000197887420654),(Vehicles2↦0.43457403779029846),(Vehicles3↦-2.7105891704559326),(Vehicles4↦1.2092791497707367),(Vehicles5↦-1.666107326745987)}",
        "VehiclesY": "{(EgoVehicle↦7.999999523162842),(Vehicles2↦-7.999999523162842),(Vehicles3↦2.5694880889659544E-07),(Vehicles4↦-3.999999761581421),(Vehicles5↦2.5694880889659544E-07)}",
        "VehiclesVy": "{(EgoVehicle↦7.462916329359359E-07),(Vehicles2↦-7.462916329359359E-07),(Vehicles3↦-7.462916329359359E-07),(Vehicles4↦-7.462916329359359E-07),(Vehicles5↦-7.462916329359359E-07)}",
        "VehiclesX": "{(EgoVehicle↦200.0),(Vehicles2↦1.7304811626672745),(Vehicles3↦8.869367837905884),(Vehicles4↦44.60132718086243),(Vehicles5↦54.38032150268555)}"
      },
      "probabilisticVariables": null,
      "activating": [
        "SLOWER_14"
      ],
      "activatingOnlyWhenExecuted": true,
      "updating": null,
      "withPredicate": null
    },
    {
      "id": "SLOWER_14",
      "execute": "SLOWER",
      "after": "1000",
      "priority": 0,
      "additionalGuards": null,
      "activationKind": null,
      "fixedVariables": {
        "Crash": "FALSE",
        "VehiclesAy": "{(EgoVehicle↦-6.998575940997398E-07),(Vehicles2↦6.998575940997398E-07),(Vehicles3↦6.998575940997398E-07),(Vehicles4↦6.998575940997398E-07),(Vehicles5↦-7.92725671772132E-07)}",
        "Reward": "0.7333340302636464",
        "VehiclesAx": "{(EgoVehicle↦-0.000171661376953125),(Vehicles2↦0.030373074114322662),(Vehicles3↦0.20240247249603271),(Vehicles4↦-0.07343560457229614),(Vehicles5↦0.1507064700126648)}",
        "VehiclesVx": "{(EgoVehicle↦20.0000262260437),(Vehicles2↦0.4649471119046211),(Vehicles3↦-2.5081866979599),(Vehicles4↦1.1358435451984406),(Vehicles5↦-1.5154008567333221)}",
        "VehiclesY": "{(EgoVehicle↦8.000000238418579),(Vehicles2↦-8.000000238418579),(Vehicles3↦1.5987246193560622E-08),(Vehicles4↦-4.0000001192092896),(Vehicles5↦1.5987246193560622E-08)}",
        "VehiclesVy": "{(EgoVehicle↦4.643403883619612E-08),(Vehicles2↦-4.643403883619612E-08),(Vehicles3↦-4.643403883619612E-08),(Vehicles4↦-4.643403883619612E-08),(Vehicles5↦-4.643403883619612E-08)}",
        "VehiclesX": "{(EgoVehicle↦200.0),(Vehicles2↦2.177312970161438),(Vehicles3↦6.241419538855553),(Vehicles4↦45.78147530555725),(Vehicles5↦52.77637243270874)}"
      },
      "probabilisticVariables": null,
      "activating": [
        "SLOWER_15"
      ],
      "activatingOnlyWhenExecuted": true,
      "updating": null,
      "withPredicate": null
    },
    {
      "id": "SLOWER_15",
      "execute": "SLOWER",
      "after": "1000",
      "priority": 0,
      "additionalGuards": null,
      "activationKind": null,
      "fixedVariables": {
        "Crash": "TRUE",
        "VehiclesAy": "{(EgoVehicle↦-4.0818726176894415E-08),(Vehicles2↦4.081871729511022E-08),(Vehicles3↦4.081871729511022E-08),(Vehicles4↦4.081871729511022E-08),(Vehicles5↦-5.204936037728203E-08)}",
        "Reward": "0.06666666666666665",
        "VehiclesAx": "{(EgoVehicle↦-7.200021743774414),(Vehicles2↦7.229073755443096),(Vehicles3↦0.9743094444274902),(Vehicles4↦7.124557942152023),(Vehicles5↦7.329839915037155)}",
        "VehiclesVx": "{(EgoVehicle↦12.800004482269287),(Vehicles2↦7.694020867347717),(Vehicles3↦-1.5338772535324097),(Vehicles4↦8.260401487350464),(Vehicles5↦5.814439058303833)}",
        "VehiclesY": "{(EgoVehicle↦8.000000238418579),(Vehicles2↦-8.000000238418579),(Vehicles3↦4.249187668392551E-10),(Vehicles4↦-4.0000001192092896),(Vehicles5↦1.4358381150714195E-10)}",
        "VehiclesVy": "{(EgoVehicle↦5.615312659301708E-09),(Vehicles2↦-5.615321541085905E-09),(Vehicles3↦-5.615321541085905E-09),(Vehicles4↦-5.615321541085905E-09),(Vehicles5↦-5.615321541085905E-09)}",
        "VehiclesX": "{(EgoVehicle↦200.0),(Vehicles2↦4.005828872323036),(Vehicles3↦5.000000074505806),(Vehicles4↦48.23906719684601),(Vehicles5↦52.66622304916382)}"
      },
      "probabilisticVariables": null,
      "activating": null,
      "activatingOnlyWhenExecuted": true,
      "updating": null,
      "withPredicate": null
    }
  ],
  "listeners": [],
  "metadata": {
    "fileType": "Timed_Trace",
    "formatVersion": 3,
    "savedAt": "2023-08-15T11:29:34.162435Z",
    "creator": "Simulation: MONTE_CARLO_SIMULATION; MAX_STEPS_BEFORE_PROPERTY : 0, EXECUTIONS : 1000, ENDING_TIME : 60000",
    "proB2KernelVersion": "4.12.2",
    "proBCliVersion": "1.12.2-final",
    "modelName": "HighwayEnvironment"
  }
}