{
  "variables": {},
  "activations": [
    {
      "id": "$setup_constants",
      "execute": "$setup_constants",
      "after": "0",
      "priority": 0,
      "additionalGuards": null,
      "activationKind": null,
      "fixedVariables": null,
      "probabilisticVariables": null,
      "activating": null,
      "activatingOnlyWhenExecuted": true,
      "updating": null,
      "withPredicate": null
    },
    {
      "id": "$initialise_machine",
      "execute": "$initialise_machine",
      "after": "0",
      "priority": 0,
      "additionalGuards": null,
      "activationKind": null,
      "fixedVariables": {
        "Crash": "FALSE",
        "VehiclesAy": "{(EgoVehicle↦0.0),(Vehicles2↦0.0),(Vehicles3↦0.0),(Vehicles4↦0.0),(Vehicles5↦0.0)}",
        "Reward": "0.0",
        "VehiclesAx": "{(EgoVehicle↦0.0),(Vehicles2↦0.0),(Vehicles3↦0.0),(Vehicles4↦0.0),(Vehicles5↦0.0)}",
        "VehiclesVx": "{(EgoVehicle↦25.0),(Vehicles2↦-3.8087835907936096),(Vehicles3↦-2.988814115524292),(Vehicles4↦-3.4793442487716675),(Vehicles5↦-1.731913983821869)}",
        "VehiclesY": "{(EgoVehicle↦4.0000001192092896),(Vehicles2↦-4.0000001192092896),(Vehicles3↦0.0),(Vehicles4↦-4.0000001192092896),(Vehicles5↦0.0)}",
        "VehiclesVy": "{(EgoVehicle↦0.0),(Vehicles2↦0.0),(Vehicles3↦0.0),(Vehicles4↦0.0),(Vehicles5↦0.0)}",
        "VehiclesX": "{(EgoVehicle↦151.51995420455933),(Vehicles2↦22.614194452762604),(Vehicles3↦48.296189308166504),(Vehicles4↦71.66589498519897),(Vehicles5↦95.36882638931274)}"
      },
      "probabilisticVariables": null,
      "activating": [
        "LANE_RIGHT_2"
      ],
      "activatingOnlyWhenExecuted": true,
      "updating": null,
      "withPredicate": null
    },
    {
      "id": "LANE_RIGHT_2",
      "execute": "LANE_RIGHT",
      "after": "1000",
      "priority": 0,
      "additionalGuards": null,
      "activationKind": null,
      "fixedVariables": {
        "Crash": "FALSE",
        "VehiclesAy": "{(EgoVehicle↦1.0796338319778442),(Vehicles2↦-1.0796338319778442),(Vehicles3↦-1.0796338319778442),(Vehicles4↦-1.0796338319778442),(Vehicles5↦-1.0796338319778442)}",
        "Reward": "0.8660447183419508",
        "VehiclesAx": "{(EgoVehicle↦-0.023322105407714844),(Vehicles2↦-1.5344873070716858),(Vehicles3↦-1.4698192477226257),(Vehicles4↦-1.4840489625930786),(Vehicles5↦-0.5078157782554626)}",
        "VehiclesVx": "{(EgoVehicle↦24.976677894592285),(Vehicles2↦-5.343270897865295),(Vehicles3↦-4.458633363246918),(Vehicles4↦-4.963393211364746),(Vehicles5↦-2.2397297620773315)}",
        "VehiclesY": "{(EgoVehicle↦7.6599647998809814),(Vehicles2↦-7.6599647998809814),(Vehicles3↦-3.6599650382995605),(Vehicles4↦-7.6599647998809814),(Vehicles5↦-3.6599650382995605)}",
        "VehiclesVy": "{(EgoVehicle↦1.0796338319778442),(Vehicles2↦-1.0796338319778442),(Vehicles3↦-1.0796338319778442),(Vehicles4↦-1.0796338319778442),(Vehicles5↦-1.0796338319778442)}",
        "VehiclesX": "{(EgoVehicle↦176.20019912719727),(Vehicles2↦18.407221138477325),(Vehicles3↦44.92022693157196),(Vehicles4↦67.82867908477783),(Vehicles5↦93.79004836082458)}"
      },
      "probabilisticVariables": null,
      "activating": [
        "FASTER_3"
      ],
      "activatingOnlyWhenExecuted": true,
      "updating": null,
      "withPredicate": null
    },
    {
      "id": "FASTER_3",
      "execute": "FASTER",
      "after": "1000",
      "priority": 0,
      "additionalGuards": null,
      "activationKind": null,
      "fixedVariables": {
        "Crash": "FALSE",
        "VehiclesAy": "{(EgoVehicle↦-1.0525126825086772),(Vehicles2↦1.0525126825086772),(Vehicles3↦1.0525126825086772),(Vehicles4↦1.0525126825086772),(Vehicles5↦-1.1067549814470112)}",
        "Reward": "0.9824413667099782",
        "VehiclesAx": "{(EgoVehicle↦4.364874362945557),(Vehicles2↦-5.138100981712341),(Vehicles3↦-5.034968554973602),(Vehicles4↦-5.164742469787598),(Vehicles5↦-5.1216959953308105)}",
        "VehiclesVx": "{(EgoVehicle↦29.341552257537842),(Vehicles2↦-10.481371879577637),(Vehicles3↦-9.49360191822052),(Vehicles4↦-10.128135681152344),(Vehicles5↦-7.361425757408142)}",
        "VehiclesY": "{(EgoVehicle↦7.993496417999268),(Vehicles2↦-7.993496417999268),(Vehicles3↦-3.993496298789978),(Vehicles4↦-7.993496417999268),(Vehicles5↦-3.993496298789978)}",
        "VehiclesVy": "{(EgoVehicle↦0.027121149469166994),(Vehicles2↦-0.027121149469166994),(Vehicles3↦-0.027121149469166994),(Vehicles4↦-0.027121149469166994),(Vehicles5↦-0.027121149469166994)}",
        "VehiclesX": "{(EgoVehicle↦200.0),(Vehicles2↦10.300471633672714),(Vehicles3↦37.74184286594391),(Vehicles4↦60.090845823287964),(Vehicles5↦88.80866169929504)}"
      },
      "probabilisticVariables": null,
      "activating": [
        "IDLE_4"
      ],
      "activatingOnlyWhenExecuted": true,
      "updating": null,
      "withPredicate": null
    },
    {
      "id": "IDLE_4",
      "execute": "IDLE",
      "after": "1000",
      "priority": 0,
      "additionalGuards": null,
      "activationKind": null,
      "fixedVariables": {
        "Crash": "FALSE",
        "VehiclesAy": "{(EgoVehicle↦-0.027026898560507107),(Vehicles2↦0.027026898560507107),(Vehicles3↦0.027026898560507107),(Vehicles4↦0.027026898560507107),(Vehicles5↦-0.02721540037782688)}",
        "Reward": "0.9976877960072628",
        "VehiclesAx": "{(EgoVehicle↦0.571739673614502),(Vehicles2↦-0.9868526458740234),(Vehicles3↦-0.9010487794876099),(Vehicles4↦-1.0184097290039062),(Vehicles5↦-0.9936678409576416)}",
        "VehiclesVx": "{(EgoVehicle↦29.913291931152344),(Vehicles2↦-11.46822452545166),(Vehicles3↦-10.39465069770813),(Vehicles4↦-11.14654541015625),(Vehicles5↦-8.355093598365784)}",
        "VehiclesY": "{(EgoVehicle↦8.000001668930054),(Vehicles2↦-8.000001668930054),(Vehicles3↦-4.000001907348633),(Vehicles4↦-8.000001668930054),(Vehicles5↦-4.000001907348633)}",
        "VehiclesVy": "{(EgoVehicle↦9.42509086598875E-05),(Vehicles2↦-9.42509086598875E-05),(Vehicles3↦-9.42509086598875E-05),(Vehicles4↦-9.42509086598875E-05),(Vehicles5↦-9.42509086598875E-05)}",
        "VehiclesX": "{(EgoVehicle↦200.0),(Vehicles2↦-0.6822289898991585),(Vehicles3↦27.781277894973755),(Vehicles4↦49.44929480552673),(Vehicles5↦80.93774318695068)}"
      },
      "probabilisticVariables": null,
      "activating": [
        "IDLE_5"
      ],
      "activatingOnlyWhenExecuted": true,
      "updating": null,
      "withPredicate": null
    },
    {
      "id": "IDLE_5",
      "execute": "IDLE",
      "after": "1000",
      "priority": 0,
      "additionalGuards": null,
      "activationKind": null,
      "fixedVariables": {
        "Crash": "FALSE",
        "VehiclesAy": "{(EgoVehicle↦-0.00010026566940268822),(Vehicles2↦0.00010026566940268822),(Vehicles3↦0.00010026566940268822),(Vehicles4↦0.00010026566940268822),(Vehicles5↦-8.823614791708678E-05)}",
        "Reward": "0.9996955122319143",
        "VehiclesAx": "{(EgoVehicle↦0.07529020309448242),(Vehicles2↦0.862274169921875),(Vehicles3↦-1.088794469833374),(Vehicles4↦2.5227028131484985),(Vehicles5↦-3.0287200212478638)}",
        "VehiclesVx": "{(EgoVehicle↦29.988582134246826),(Vehicles2↦-10.605950355529785),(Vehicles3↦-11.483445167541504),(Vehicles4↦-8.623842597007751),(Vehicles5↦-11.383813619613647)}",
        "VehiclesY": "{(EgoVehicle↦8.000001668930054),(Vehicles2↦-4.000001907348633),(Vehicles3↦-8.000001668930054),(Vehicles4↦-4.000001907348633),(Vehicles5↦-8.000001668930054)}",
        "VehiclesVy": "{(EgoVehicle↦-6.014760742800718E-06),(Vehicles2↦6.014760742800718E-06),(Vehicles3↦6.014760742800718E-06),(Vehicles4↦6.014760742800718E-06),(Vehicles5↦6.014760742800718E-06)}",
        "VehiclesX": "{(EgoVehicle↦200.0),(Vehicles2↦17.279057204723358),(Vehicles3↦38.145485520362854),(Vehicles4↦72.4513053894043),(Vehicles5↦88.85694146156311)}"
      },
      "probabilisticVariables": null,
      "activating": [
        "FASTER_6"
      ],
      "activatingOnlyWhenExecuted": true,
      "updating": null,
      "withPredicate": null
    },
    {
      "id": "FASTER_6",
      "execute": "FASTER",
      "after": "1000",
      "priority": 0,
      "additionalGuards": null,
      "activationKind": null,
      "fixedVariables": {
        "Crash": "FALSE",
        "VehiclesAy": "{(EgoVehicle↦5.895750891937723E-06),(Vehicles2↦-5.895750891937723E-06),(Vehicles3↦-5.895750891937723E-06),(Vehicles4↦-5.895750891937723E-06),(Vehicles5↦6.133770593663712E-06)}",
        "Reward": "0.9999599028453572",
        "VehiclesAx": "{(EgoVehicle↦0.009913444519042969),(Vehicles2↦-0.03389239311218262),(Vehicles3↦-0.16126036643981934),(Vehicles4↦-0.09247779846191406),(Vehicles5↦-0.15242457389831543)}",
        "VehiclesVx": "{(EgoVehicle↦29.99849557876587),(Vehicles2↦-10.639842748641968),(Vehicles3↦-11.644705533981323),(Vehicles4↦-8.716320395469666),(Vehicles5↦-11.536238193511963)}",
        "VehiclesY": "{(EgoVehicle↦8.000000238418579),(Vehicles2↦-4.0000001192092896),(Vehicles3↦-8.000000238418579),(Vehicles4↦-4.0000001192092896),(Vehicles5↦-8.000000238418579)}",
        "VehiclesVy": "{(EgoVehicle↦-1.1900985086299443E-07),(Vehicles2↦1.1900985086299443E-07),(Vehicles3↦1.1900985086299443E-07),(Vehicles4↦1.1900985086299443E-07),(Vehicles5↦1.1900985086299443E-07)}",
        "VehiclesX": "{(EgoVehicle↦200.0),(Vehicles2↦6.651430577039719),(Vehicles3↦26.58914625644684),(Vehicles4↦63.783079385757446),(Vehicles5↦77.4010956287384)}"
      },
      "probabilisticVariables": null,
      "activating": [
        "FASTER_7"
      ],
      "activatingOnlyWhenExecuted": true,
      "updating": null,
      "withPredicate": null
    },
    {
      "id": "FASTER_7",
      "execute": "FASTER",
      "after": "1000",
      "priority": 0,
      "additionalGuards": null,
      "activationKind": null,
      "fixedVariables": {
        "Crash": "FALSE",
        "VehiclesAy": "{(EgoVehicle↦1.1884043971122082E-07),(Vehicles2↦-1.1884043971122082E-07),(Vehicles3↦-1.1884043971122082E-07),(Vehicles4↦-1.1884043971122082E-07),(Vehicles5↦1.1917926201476803E-07)}",
        "Reward": "0.9999947197162612",
        "VehiclesAx": "{(EgoVehicle↦0.0013065338134765625),(Vehicles2↦0.03691673278808594),(Vehicles3↦-0.08281230926513672),(Vehicles4↦-0.03298342227935791),(Vehicles5↦-0.05041837692260742)}",
        "VehiclesVx": "{(EgoVehicle↦29.999802112579346),(Vehicles2↦-10.602926015853882),(Vehicles3↦-11.72751784324646),(Vehicles4↦-8.749303817749023),(Vehicles5↦-11.58665657043457)}",
        "VehiclesY": "{(EgoVehicle↦8.000000238418579),(Vehicles2↦-4.0000001192092896),(Vehicles3↦-8.000000238418579),(Vehicles4↦-4.0000001192092896),(Vehicles5↦-8.000000238418579)}",
        "VehiclesVy": "{(EgoVehicle↦-1.6941115177360189E-10),(Vehicles2↦1.6941115177360189E-10),(Vehicles3↦1.6941115177360189E-10),(Vehicles4↦1.6941115177360189E-10),(Vehicles5↦1.6941115177360189E-10)}",
        "VehiclesX": "{(EgoVehicle↦200.0),(Vehicles2↦-3.9773792028427124),(Vehicles3↦14.906671643257141),(Vehicles4↦55.050814151763916),(Vehicles5↦65.83887934684753)}"
      },
      "probabilisticVariables": null,
      "activating": [
        "IDLE_8"
      ],
      "activatingOnlyWhenExecuted": true,
      "updating": null,
      "withPredicate": null
    },
    {
      "id": "IDLE_8",
      "execute": "IDLE",
      "after": "1000",
      "priority": 0,
      "additionalGuards": null,
      "activationKind": null,
      "fixedVariables": {
        "Crash": "FALSE",
        "VehiclesAy": "{(EgoVehicle↦1.9985790800092218E-10),(Vehicles2↦-1.9986678978511918E-10),(Vehicles3↦-1.9986678978511918E-10),(Vehicles4↦-1.9986678978511918E-10),(Vehicles5↦1.389555137620846E-10)}",
        "Reward": "0.9999993046539931",
        "VehiclesAx": "{(EgoVehicle↦0.000171661376953125),(Vehicles2↦-1.1608147621154785),(Vehicles3↦2.9670119285583496),(Vehicles4↦-2.8331708908081055),(Vehicles5↦2.703562378883362)}",
        "VehiclesVx": "{(EgoVehicle↦29.9999737739563),(Vehicles2↦-11.76374077796936),(Vehicles3↦-8.76050591468811),(Vehicles4↦-11.582474708557129),(Vehicles5↦-8.883094191551208)}",
        "VehiclesY": "{(EgoVehicle↦8.000000238418579),(Vehicles2↦-8.000000238418579),(Vehicles3↦-4.0000001192092896),(Vehicles4↦-8.000000238418579),(Vehicles5↦8.960832076354563E-12)}",
        "VehiclesVy": "{(EgoVehicle↦3.044675622732029E-11),(Vehicles2↦-3.0455638011517294E-11),(Vehicles3↦-3.0455638011517294E-11),(Vehicles4↦-3.0455638011517294E-11),(Vehicles5↦-3.0455638011517294E-11)}",
        "VehiclesX": "{(EgoVehicle↦200.0),(Vehicles2↦3.161725774407387),(Vehicles3↦46.296095848083496),(Vehicles4↦54.250770807266235),(Vehicles5↦89.00871872901917)}"
      },
      "probabilisticVariables": null,
      "activating": [
        "IDLE_9"
      ],
      "activatingOnlyWhenExecuted": true,
      "updating": null,
      "withPredicate": null
    },
    {
      "id": "IDLE_9",
      "execute": "IDLE",
      "after": "1000",
      "priority": 0,
      "additionalGuards": null,
      "activationKind": null,
      "fixedVariables": {
        "Crash": "FALSE",
        "VehiclesAy": "{(EgoVehicle↦-2.991384917550022E-11),(Vehicles2↦2.993161274389422E-11),(Vehicles3↦2.993161274389422E-11),(Vehicles4↦2.993161274389422E-11),(Vehicles5↦-3.097966327914037E-11)}",
        "Reward": "0.9999999084318016",
        "VehiclesAx": "{(EgoVehicle↦2.384185791015625E-05),(Vehicles2↦-0.006344318389892578),(Vehicles3↦-0.004912018775939941),(Vehicles4↦0.03279566764831543),(Vehicles5↦0.01691877841949463)}",
        "VehiclesVx": "{(EgoVehicle↦29.99999761581421),(Vehicles2↦-11.770085096359253),(Vehicles3↦-8.76541793346405),(Vehicles4↦-11.549679040908813),(Vehicles5↦-8.866175413131714)}",
        "VehiclesY": "{(EgoVehicle↦8.000000238418579),(Vehicles2↦-8.000000238418579),(Vehicles3↦-4.0000001192092896),(Vehicles4↦-8.000000238418579),(Vehicles5↦1.1723955140041653E-13)}",
        "VehiclesVy": "{(EgoVehicle↦5.329070518200751E-13),(Vehicles2↦-5.240252676230739E-13),(Vehicles3↦-5.240252676230739E-13),(Vehicles4↦-5.240252676230739E-13),(Vehicles5↦-5.240252676230739E-13)}",
        "VehiclesX": "{(EgoVehicle↦200.0),(Vehicles2↦-8.606453239917755),(Vehicles3↦37.53346800804138),(Vehicles4↦42.6798552274704),(Vehicles5↦80.13312816619873)}"
      },
      "probabilisticVariables": null,
      "activating": [
        "IDLE_10"
      ],
      "activatingOnlyWhenExecuted": true,
      "updating": null,
      "withPredicate": null
    },
    {
      "id": "IDLE_10",
      "execute": "IDLE",
      "after": "1000",
      "priority": 0,
      "additionalGuards": null,
      "activationKind": null,
      "fixedVariables": {
        "Crash": "FALSE",
        "VehiclesAy": "{(EgoVehicle↦-5.329070518200751E-13),(Vehicles2↦5.240252676230739E-13),(Vehicles3↦5.240252676230739E-13),(Vehicles4↦5.240252676230739E-13),(Vehicles5↦-5.240252676230739E-13)}",
        "Reward": "0.9999999879416365",
        "VehiclesAx": "{(EgoVehicle↦2.384185791015625E-06),(Vehicles2↦2.999551296234131),(Vehicles3↦-2.7380985021591187),(Vehicles4↦2.6931679248809814),(Vehicles5↦-2.1685791015625)}",
        "VehiclesVx": "{(EgoVehicle↦30.0),(Vehicles2↦-8.770533800125122),(Vehicles3↦-11.503516435623169),(Vehicles4↦-8.856511116027832),(Vehicles5↦-11.034754514694214)}",
        "VehiclesY": "{(EgoVehicle↦8.000000238418579),(Vehicles2↦-4.0000001192092896),(Vehicles3↦-8.000000238418579),(Vehicles4↦-1.3322676295501878E-15),(Vehicles5↦-8.000000238418579)}",
        "VehiclesVy": "{(EgoVehicle↦0.0),(Vehicles2↦0.0),(Vehicles3↦0.0),(Vehicles4↦0.0),(Vehicles5↦0.0)}",
        "VehiclesX": "{(EgoVehicle↦200.0),(Vehicles2↦28.766152262687683),(Vehicles3↦31.147995591163635),(Vehicles4↦71.27126455307007),(Vehicles5↦79.77871894836426)}"
      },
      "probabilisticVariables": null,
      "activating": [
        "LANE_RIGHT_11"
      ],
      "activatingOnlyWhenExecuted": true,
      "updating": null,
      "withPredicate": null
    },
    {
      "id": "LANE_RIGHT_11",
      "execute": "LANE_RIGHT",
      "after": "1000",
      "priority": 0,
      "additionalGuards": null,
      "activationKind": null,
      "fixedVariables": {
        "Crash": "FALSE",
        "VehiclesAy": "{(EgoVehicle↦0.0),(Vehicles2↦0.0),(Vehicles3↦0.0),(Vehicles4↦0.0),(Vehicles5↦0.0)}",
        "Reward": "0.9999999984120672",
        "VehiclesAx": "{(EgoVehicle↦0.0),(Vehicles2↦-2.68221378326416),(Vehicles3↦2.725318670272827),(Vehicles4↦0.005133152008056641),(Vehicles5↦0.01331329345703125)}",
        "VehiclesVx": "{(EgoVehicle↦30.0),(Vehicles2↦-11.452747583389282),(Vehicles3↦-8.778197765350342),(Vehicles4↦-8.851377964019775),(Vehicles5↦-11.021441221237183)}",
        "VehiclesY": "{(EgoVehicle↦8.000000238418579),(Vehicles2↦-8.000000238418579),(Vehicles3↦-4.0000001192092896),(Vehicles4↦-1.3322676295501878E-15),(Vehicles5↦-8.000000238418579)}",
        "VehiclesVy": "{(EgoVehicle↦0.0),(Vehicles2↦0.0),(Vehicles3↦0.0),(Vehicles4↦0.0),(Vehicles5↦0.0)}",
        "VehiclesX": "{(EgoVehicle↦200.0),(Vehicles2↦19.66465413570404),(Vehicles3↦19.99279260635376),(Vehicles4↦62.41709589958191),(Vehicles5↦68.7493085861206)}"
      },
      "probabilisticVariables": null,
      "activating": [
        "LANE_RIGHT_12"
      ],
      "activatingOnlyWhenExecuted": true,
      "updating": null,
      "withPredicate": null
    },
    {
      "id": "LANE_RIGHT_12",
      "execute": "LANE_RIGHT",
      "after": "1000",
      "priority": 0,
      "additionalGuards": null,
      "activationKind": null,
      "fixedVariables": {
        "Crash": "FALSE",
        "VehiclesAy": "{(EgoVehicle↦0.0),(Vehicles2↦0.0),(Vehicles3↦0.0),(Vehicles4↦0.0),(Vehicles5↦0.0)}",
        "Reward": "0.9999999997908896",
        "VehiclesAx": "{(EgoVehicle↦0.0),(Vehicles2↦0.05061626434326172),(Vehicles3↦-0.010674595832824707),(Vehicles4↦0.0021135807037353516),(Vehicles5↦0.012863874435424805)}",
        "VehiclesVx": "{(EgoVehicle↦30.0),(Vehicles2↦-11.40213131904602),(Vehicles3↦-8.788872361183167),(Vehicles4↦-8.84926438331604),(Vehicles5↦-11.008577346801758)}",
        "VehiclesY": "{(EgoVehicle↦8.000000238418579),(Vehicles2↦-8.000000238418579),(Vehicles3↦-4.0000001192092896),(Vehicles4↦-1.3322676295501878E-15),(Vehicles5↦-8.000000238418579)}",
        "VehiclesVy": "{(EgoVehicle↦0.0),(Vehicles2↦0.0),(Vehicles3↦0.0),(Vehicles4↦0.0),(Vehicles5↦0.0)}",
        "VehiclesX": "{(EgoVehicle↦200.0),(Vehicles2↦8.2322858273983),(Vehicles3↦11.21056079864502),(Vehicles4↦53.566765785217285),(Vehicles5↦57.73305892944336)}"
      },
      "probabilisticVariables": null,
      "activating": [
        "IDLE_13"
      ],
      "activatingOnlyWhenExecuted": true,
      "updating": null,
      "withPredicate": null
    },
    {
      "id": "IDLE_13",
      "execute": "IDLE",
      "after": "1000",
      "priority": 0,
      "additionalGuards": null,
      "activationKind": null,
      "fixedVariables": {
        "Crash": "FALSE",
        "VehiclesAy": "{(EgoVehicle↦0.0),(Vehicles2↦0.0),(Vehicles3↦0.0),(Vehicles4↦0.0),(Vehicles5↦0.0)}",
        "Reward": "0.9999999999724629",
        "VehiclesAx": "{(EgoVehicle↦0.0),(Vehicles2↦2.5996118783950806),(Vehicles3↦-2.565144896507263),(Vehicles4↦-5.7816505432128906E-05),(Vehicles5↦0.012506246566772461)}",
        "VehiclesVx": "{(EgoVehicle↦30.0),(Vehicles2↦-8.80251944065094),(Vehicles3↦-11.35401725769043),(Vehicles4↦-8.849322199821472),(Vehicles5↦-10.996071100234985)}",
        "VehiclesY": "{(EgoVehicle↦8.000000238418579),(Vehicles2↦-4.0000001192092896),(Vehicles3↦-8.000000238418579),(Vehicles4↦-1.3322676295501878E-15),(Vehicles5↦-8.000000238418579)}",
        "VehiclesVy": "{(EgoVehicle↦0.0),(Vehicles2↦0.0),(Vehicles3↦0.0),(Vehicles4↦0.0),(Vehicles5↦0.0)}",
        "VehiclesX": "{(EgoVehicle↦200.0),(Vehicles2↦2.416475862264633),(Vehicles3↦-3.150346875190735),(Vehicles4↦44.71762776374817),(Vehicles5↦46.729475259780884)}"
      },
      "probabilisticVariables": null,
      "activating": [
        "IDLE_14"
      ],
      "activatingOnlyWhenExecuted": true,
      "updating": null,
      "withPredicate": null
    },
    {
      "id": "IDLE_14",
      "execute": "IDLE",
      "after": "1000",
      "priority": 0,
      "additionalGuards": null,
      "activationKind": null,
      "fixedVariables": {
        "Crash": "FALSE",
        "VehiclesAy": "{(EgoVehicle↦0.0),(Vehicles2↦0.0),(Vehicles3↦0.0),(Vehicles4↦0.0),(Vehicles5↦-1.7763568394002505E-14)}",
        "Reward": "0.9999999999963737",
        "VehiclesAx": "{(EgoVehicle↦0.0),(Vehicles2↦-0.016835331916809082),(Vehicles3↦0.3715181350708008),(Vehicles4↦-0.001736283302307129),(Vehicles5↦1.8000179529190063)}",
        "VehiclesVx": "{(EgoVehicle↦30.0),(Vehicles2↦-8.819354772567749),(Vehicles3↦-10.982499122619629),(Vehicles4↦-8.85105848312378),(Vehicles5↦-9.196053147315979)}",
        "VehiclesY": "{(EgoVehicle↦8.000000238418579),(Vehicles2↦-4.0000001192092896),(Vehicles3↦-8.000000238418579),(Vehicles4↦-1.3322676295501878E-15),(Vehicles5↦-4.0000001192092896)}",
        "VehiclesVy": "{(EgoVehicle↦0.0),(Vehicles2↦0.0),(Vehicles3↦0.0),(Vehicles4↦0.0),(Vehicles5↦-1.7763568394002505E-14)}",
        "VehiclesX": "{(EgoVehicle↦200.0),(Vehicles2↦-6.392516940832138),(Vehicles3↦35.73867082595825),(Vehicles4↦35.86772978305817),(Vehicles5↦72.96754717826843)}"
      },
      "probabilisticVariables": null,
      "activating": [
        "SLOWER_15"
      ],
      "activatingOnlyWhenExecuted": true,
      "updating": null,
      "withPredicate": null
    },
    {
      "id": "SLOWER_15",
      "execute": "SLOWER",
      "after": "1000",
      "priority": 0,
      "additionalGuards": null,
      "activationKind": null,
      "fixedVariables": {
        "Crash": "FALSE",
        "VehiclesAy": "{(EgoVehicle↦0.0),(Vehicles2↦0.0),(Vehicles3↦0.0),(Vehicles4↦0.0),(Vehicles5↦-3.552713678800501E-14)}",
        "Reward": "0.8842249657059696",
        "VehiclesAx": "{(EgoVehicle↦-4.341564178466797),(Vehicles2↦2.194759249687195),(Vehicles3↦6.469889879226685),(Vehicles4↦3.9499247074127197),(Vehicles5↦2.7707356214523315)}",
        "VehiclesVx": "{(EgoVehicle↦25.658435821533203),(Vehicles2↦-6.624595522880554),(Vehicles3↦-4.512609243392944),(Vehicles4↦-4.90113377571106),(Vehicles5↦-6.4253175258636475)}",
        "VehiclesY": "{(EgoVehicle↦8.000000238418579),(Vehicles2↦-8.000000238418579),(Vehicles3↦-1.3322676295501878E-15),(Vehicles4↦-4.0000001192092896),(Vehicles5↦-8.000000238418579)}",
        "VehiclesVy": "{(EgoVehicle↦0.0),(Vehicles2↦0.0),(Vehicles3↦0.0),(Vehicles4↦0.0),(Vehicles5↦-1.7763568394002505E-14)}",
        "VehiclesX": "{(EgoVehicle↦200.0),(Vehicles2↦27.157500386238098),(Vehicles3↦29.41058874130249),(Vehicles4↦66.1483108997345),(Vehicles5↦88.51826786994934)}"
      },
      "probabilisticVariables": null,
      "activating": [
        "SLOWER_16"
      ],
      "activatingOnlyWhenExecuted": true,
      "updating": null,
      "withPredicate": null
    },
    {
      "id": "SLOWER_16",
      "execute": "SLOWER",
      "after": "1000",
      "priority": 0,
      "additionalGuards": null,
      "activationKind": null,
      "fixedVariables": {
        "Crash": "FALSE",
        "VehiclesAy": "{(EgoVehicle↦0.0),(Vehicles2↦0.0),(Vehicles3↦0.0),(Vehicles4↦0.0),(Vehicles5↦-1.7763568394002505E-14)}",
        "Reward": "0.7532038363618287",
        "VehiclesAx": "{(EgoVehicle↦-4.913291931152344),(Vehicles2↦4.933229386806488),(Vehicles3↦4.9090006947517395),(Vehicles4↦4.863413209095597),(Vehicles5↦4.9710893630981445)}",
        "VehiclesVx": "{(EgoVehicle↦20.74514389038086),(Vehicles2↦-1.6913661360740662),(Vehicles3↦0.39639145135879517),(Vehicles4↦-0.0377205666154623),(Vehicles5↦-1.454228162765503)}",
        "VehiclesY": "{(EgoVehicle↦8.000000238418579),(Vehicles2↦-8.000000238418579),(Vehicles3↦-1.3322676295501878E-15),(Vehicles4↦-4.0000001192092896),(Vehicles5↦-8.000000238418579)}",
        "VehiclesVy": "{(EgoVehicle↦0.0),(Vehicles2↦0.0),(Vehicles3↦0.0),(Vehicles4↦0.0),(Vehicles5↦0.0)}",
        "VehiclesX": "{(EgoVehicle↦200.0),(Vehicles2↦23.251041769981384),(Vehicles3↦27.606812119483948),(Vehicles4↦63.93780708312988),(Vehicles5↦84.82597470283508)}"
      },
      "probabilisticVariables": null,
      "activating": [
        "FASTER_17"
      ],
      "activatingOnlyWhenExecuted": true,
      "updating": null,
      "withPredicate": null
    },
    {
      "id": "FASTER_17",
      "execute": "FASTER",
      "after": "1000",
      "priority": 0,
      "additionalGuards": null,
      "activationKind": null,
      "fixedVariables": {
        "Crash": "FALSE",
        "VehiclesAy": "{(EgoVehicle↦0.0),(Vehicles2↦0.0),(Vehicles3↦0.0),(Vehicles4↦0.0),(Vehicles5↦0.0)}",
        "Reward": "0.851725059383725",
        "VehiclesAx": "{(EgoVehicle↦3.6945462226867676),(Vehicles2↦-3.671029508113861),(Vehicles3↦-3.6998695135116577),(Vehicles4↦-3.7445952836424112),(Vehicles5↦-3.6321085691452026)}",
        "VehiclesVx": "{(EgoVehicle↦24.439690113067627),(Vehicles2↦-5.362395644187927),(Vehicles3↦-3.3034780621528625),(Vehicles4↦-3.7823158502578735),(Vehicles5↦-5.086336731910706)}",
        "VehiclesY": "{(EgoVehicle↦8.000000238418579),(Vehicles2↦-8.000000238418579),(Vehicles3↦-1.3322676295501878E-15),(Vehicles4↦-4.0000001192092896),(Vehicles5↦-8.000000238418579)}",
        "VehiclesVy": "{(EgoVehicle↦0.0),(Vehicles2↦0.0),(Vehicles3↦0.0),(Vehicles4↦0.0),(Vehicles5↦0.0)}",
        "VehiclesX": "{(EgoVehicle↦200.0),(Vehicles2↦19.530683755874634),(Vehicles3↦25.96302330493927),(Vehicles4↦61.84185743331909),(Vehicles5↦81.35839104652405)}"
      },
      "probabilisticVariables": null,
      "activating": [
        "LANE_RIGHT_18"
      ],
      "activatingOnlyWhenExecuted": true,
      "updating": null,
      "withPredicate": null
    },
    {
      "id": "LANE_RIGHT_18",
      "execute": "LANE_RIGHT",
      "after": "1000",
      "priority": 0,
      "additionalGuards": null,
      "activationKind": null,
      "fixedVariables": {
        "Crash": "FALSE",
        "VehiclesAy": "{(EgoVehicle↦0.0),(Vehicles2↦0.0),(Vehicles3↦0.0),(Vehicles4↦0.0),(Vehicles5↦0.0)}",
        "Reward": "0.8646990476006003",
        "VehiclesAx": "{(EgoVehicle↦0.4865241050720215),(Vehicles2↦-0.4599475860595703),(Vehicles3↦-0.492764413356781),(Vehicles4↦-0.5347862839698792),(Vehicles5↦-0.4231691360473633)}",
        "VehiclesVx": "{(EgoVehicle↦24.92621421813965),(Vehicles2↦-5.822343230247498),(Vehicles3↦-3.7962424755096436),(Vehicles4↦-4.317102134227753),(Vehicles5↦-5.509505867958069)}",
        "VehiclesY": "{(EgoVehicle↦8.000000238418579),(Vehicles2↦-8.000000238418579),(Vehicles3↦-1.3322676295501878E-15),(Vehicles4↦-4.0000001192092896),(Vehicles5↦-8.000000238418579)}",
        "VehiclesVy": "{(EgoVehicle↦0.0),(Vehicles2↦0.0),(Vehicles3↦0.0),(Vehicles4↦0.0),(Vehicles5↦0.0)}",
        "VehiclesX": "{(EgoVehicle↦200.0),(Vehicles2↦13.910305500030518),(Vehicles3↦22.388722002506256),(Vehicles4↦57.77164101600647),(Vehicles5↦76.02903842926025)}"
      },
      "probabilisticVariables": null,
      "activating": [
        "SLOWER_19"
      ],
      "activatingOnlyWhenExecuted": true,
      "updating": null,
      "withPredicate": null
    },
    {
      "id": "SLOWER_19",
      "execute": "SLOWER",
      "after": "1000",
      "priority": 0,
      "additionalGuards": null,
      "activationKind": null,
      "fixedVariables": {
        "Crash": "FALSE",
        "VehiclesAy": "{(EgoVehicle↦0.0),(Vehicles2↦0.0),(Vehicles3↦0.0),(Vehicles4↦0.0),(Vehicles5↦0.0)}",
        "Reward": "0.7506325220434261",
        "VehiclesAx": "{(EgoVehicle↦-4.277493953704834),(Vehicles2↦4.306430220603943),(Vehicles3↦4.270438961684704),(Vehicles4↦4.232170647010207),(Vehicles5↦4.33942012488842)}",
        "VehiclesVx": "{(EgoVehicle↦20.648720264434814),(Vehicles2↦-1.5159130096435547),(Vehicles3↦0.47419648617506027),(Vehicles4↦-0.08493148721754551),(Vehicles5↦-1.1700857430696487)}",
        "VehiclesY": "{(EgoVehicle↦8.000000238418579),(Vehicles2↦-8.000000238418579),(Vehicles3↦-1.3322676295501878E-15),(Vehicles4↦-4.0000001192092896),(Vehicles5↦-8.000000238418579)}",
        "VehiclesVy": "{(EgoVehicle↦0.0),(Vehicles2↦0.0),(Vehicles3↦0.0),(Vehicles4↦0.0),(Vehicles5↦0.0)}",
        "VehiclesX": "{(EgoVehicle↦200.0),(Vehicles2↦10.459093749523163),(Vehicles3↦20.949436724185944),(Vehicles4↦55.79586625099182),(Vehicles5↦72.90419936180115)}"
      },
      "probabilisticVariables": null,
      "activating": [
        "LANE_RIGHT_20"
      ],
      "activatingOnlyWhenExecuted": true,
      "updating": null,
      "withPredicate": null
    },
    {
      "id": "LANE_RIGHT_20",
      "execute": "LANE_RIGHT",
      "after": "1000",
      "priority": 0,
      "additionalGuards": null,
      "activationKind": null,
      "fixedVariables": {
        "Crash": "FALSE",
        "VehiclesAy": "{(EgoVehicle↦0.0),(Vehicles2↦0.0),(Vehicles3↦0.0),(Vehicles4↦0.0),(Vehicles5↦0.0)}",
        "Reward": "0.7356114157972139",
        "VehiclesAx": "{(EgoVehicle↦-0.5632925033569336),(Vehicles2↦0.5938883870840073),(Vehicles3↦0.5555093660950661),(Vehicles4↦0.5215232167392969),(Vehicles5↦0.6225197017192841)}",
        "VehiclesVx": "{(EgoVehicle↦20.08542776107788),(Vehicles2↦-0.9220246225595474),(Vehicles3↦1.0297058522701263),(Vehicles4↦0.4365917295217514),(Vehicles5↦-0.5475660413503647)}",
        "VehiclesY": "{(EgoVehicle↦8.000000238418579),(Vehicles2↦-8.000000238418579),(Vehicles3↦-1.3322676295501878E-15),(Vehicles4↦-4.0000001192092896),(Vehicles5↦-8.000000238418579)}",
        "VehiclesVy": "{(EgoVehicle↦0.0),(Vehicles2↦0.0),(Vehicles3↦0.0),(Vehicles4↦0.0),(Vehicles5↦0.0)}",
        "VehiclesX": "{(EgoVehicle↦200.0),(Vehicles2↦9.26605761051178),(Vehicles3↦21.731320023536682),(Vehicles4↦56.00466728210449),(Vehicles5↦72.0687985420227)}"
      },
      "probabilisticVariables": null,
      "activating": [
        "LANE_RIGHT_21"
      ],
      "activatingOnlyWhenExecuted": true,
      "updating": null,
      "withPredicate": null
    },
    {
      "id": "LANE_RIGHT_21",
      "execute": "LANE_RIGHT",
      "after": "1000",
      "priority": 0,
      "additionalGuards": null,
      "activationKind": null,
      "fixedVariables": {
        "Crash": "FALSE",
        "VehiclesAy": "{(EgoVehicle↦0.0),(Vehicles2↦0.0),(Vehicles3↦0.0),(Vehicles4↦0.0),(Vehicles5↦0.0)}",
        "Reward": "0.7336333277318691",
        "VehiclesAx": "{(EgoVehicle↦-0.07417678833007812),(Vehicles2↦0.10583780705928802),(Vehicles3↦0.06575345993041992),(Vehicles4↦0.03625098615884781),(Vehicles5↦0.13016246259212494)}",
        "VehiclesVx": "{(EgoVehicle↦20.011250972747803),(Vehicles2↦-0.8161868155002594),(Vehicles3↦1.0954593122005463),(Vehicles4↦0.4728427156805992),(Vehicles5↦-0.41740357875823975)}",
        "VehiclesY": "{(EgoVehicle↦8.000000238418579),(Vehicles2↦-8.000000238418579),(Vehicles3↦-1.3322676295501878E-15),(Vehicles4↦-4.0000001192092896),(Vehicles5↦-8.000000238418579)}",
        "VehiclesVy": "{(EgoVehicle↦0.0),(Vehicles2↦0.0),(Vehicles3↦0.0),(Vehicles4↦0.0),(Vehicles5↦0.0)}",
        "VehiclesX": "{(EgoVehicle↦200.0),(Vehicles2↦8.397553116083145),(Vehicles3↦22.798624634742737),(Vehicles4↦56.46669864654541),(Vehicles5↦71.58481478691101)}"
      },
      "probabilisticVariables": null,
      "activating": [
        "FASTER_22"
      ],
      "activatingOnlyWhenExecuted": true,
      "updating": null,
      "withPredicate": null
    },
    {
      "id": "FASTER_22",
      "execute": "FASTER",
      "after": "1000",
      "priority": 0,
      "additionalGuards": null,
      "activationKind": null,
      "fixedVariables": {
        "Crash": "FALSE",
        "VehiclesAy": "{(EgoVehicle↦0.0),(Vehicles2↦0.0),(Vehicles3↦0.0),(Vehicles4↦0.0),(Vehicles5↦0.0)}",
        "Reward": "0.8491478730620843",
        "VehiclesAx": "{(EgoVehicle↦4.331793785095215),(Vehicles2↦-4.299551099538803),(Vehicles3↦-4.340783804655075),(Vehicles4↦-4.365797303617001),(Vehicles5↦-4.279176294803619)}",
        "VehiclesVx": "{(EgoVehicle↦24.343044757843018),(Vehicles2↦-5.1157379150390625),(Vehicles3↦-3.245324492454529),(Vehicles4↦-3.8929545879364014),(Vehicles5↦-4.696579873561859)}",
        "VehiclesY": "{(EgoVehicle↦8.000000238418579),(Vehicles2↦-8.000000238418579),(Vehicles3↦-1.3322676295501878E-15),(Vehicles4↦-4.0000001192092896),(Vehicles5↦-8.000000238418579)}",
        "VehiclesVy": "{(EgoVehicle↦0.0),(Vehicles2↦0.0),(Vehicles3↦0.0),(Vehicles4↦0.0),(Vehicles5↦0.0)}",
        "VehiclesX": "{(EgoVehicle↦200.0),(Vehicles2↦5.204560607671738),(Vehicles3↦21.500857174396515),(Vehicles4↦54.53595519065857),(Vehicles5↦68.79905462265015)}"
      },
      "probabilisticVariables": null,
      "activating": [
        "SLOWER_23"
      ],
      "activatingOnlyWhenExecuted": true,
      "updating": null,
      "withPredicate": null
    },
    {
      "id": "SLOWER_23",
      "execute": "SLOWER",
      "after": "1000",
      "priority": 0,
      "additionalGuards": null,
      "activationKind": null,
      "fixedVariables": {
        "Crash": "FALSE",
        "VehiclesAy": "{(EgoVehicle↦0.0),(Vehicles2↦0.0),(Vehicles3↦0.0),(Vehicles4↦0.0),(Vehicles5↦0.0)}",
        "Reward": "0.7485846307461729",
        "VehiclesAx": "{(EgoVehicle↦-3.7711215019226074),(Vehicles2↦3.8035880029201508),(Vehicles3↦3.761644847691059),(Vehicles4↦3.741010446101427),(Vehicles5↦3.8204792141914368)}",
        "VehiclesVx": "{(EgoVehicle↦20.57192325592041),(Vehicles2↦-1.3121499121189117),(Vehicles3↦0.5163203552365303),(Vehicles4↦-0.1519441418349743),(Vehicles5↦-0.8761006593704224)}",
        "VehiclesY": "{(EgoVehicle↦8.000000238418579),(Vehicles2↦-8.000000238418579),(Vehicles3↦-1.3322676295501878E-15),(Vehicles4↦-4.0000001192092896),(Vehicles5↦-8.000000238418579)}",
        "VehiclesVy": "{(EgoVehicle↦0.0),(Vehicles2↦0.0),(Vehicles3↦0.0),(Vehicles4↦0.0),(Vehicles5↦0.0)}",
        "VehiclesX": "{(EgoVehicle↦200.0),(Vehicles2↦2.18217596411705),(Vehicles3↦20.332151651382446),(Vehicles4↦52.711021900177),(Vehicles5↦66.2028431892395)}"
      },
      "probabilisticVariables": null,
      "activating": [
        "LANE_RIGHT_24"
      ],
      "activatingOnlyWhenExecuted": true,
      "updating": null,
      "withPredicate": null
    },
    {
      "id": "LANE_RIGHT_24",
      "execute": "LANE_RIGHT",
      "after": "1000",
      "priority": 0,
      "additionalGuards": null,
      "activationKind": null,
      "fixedVariables": {
        "Crash": "FALSE",
        "VehiclesAy": "{(EgoVehicle↦0.0),(Vehicles2↦0.0),(Vehicles3↦0.0),(Vehicles4↦0.0),(Vehicles5↦0.0)}",
        "Reward": "0.7353417346387278",
        "VehiclesAx": "{(EgoVehicle↦-0.4966092109680176),(Vehicles2↦0.5290272831916809),(Vehicles3↦0.48671532422304153),(Vehicles4↦0.47028155997395515),(Vehicles5↦0.542910173535347)}",
        "VehiclesVx": "{(EgoVehicle↦20.075314044952393),(Vehicles2↦-0.7831226289272308),(Vehicles3↦1.0030356794595718),(Vehicles4↦0.31833741813898087),(Vehicles5↦-0.3331904858350754)}",
        "VehiclesY": "{(EgoVehicle↦8.000000238418579),(Vehicles2↦-8.000000238418579),(Vehicles3↦-1.3322676295501878E-15),(Vehicles4↦-4.0000001192092896),(Vehicles5↦-8.000000238418579)}",
        "VehiclesVy": "{(EgoVehicle↦0.0),(Vehicles2↦0.0),(Vehicles3↦0.0),(Vehicles4↦0.0),(Vehicles5↦0.0)}",
        "VehiclesX": "{(EgoVehicle↦200.0),(Vehicles2↦1.1569645255804062),(Vehicles3↦21.11850380897522),(Vehicles4↦52.822208404541016),(Vehicles5↦65.61945676803589)}"
      },
      "probabilisticVariables": null,
      "activating": [
        "LANE_RIGHT_25"
      ],
      "activatingOnlyWhenExecuted": true,
      "updating": null,
      "withPredicate": null
    },
    {
      "id": "LANE_RIGHT_25",
      "execute": "LANE_RIGHT",
      "after": "1000",
      "priority": 0,
      "additionalGuards": null,
      "activationKind": null,
      "fixedVariables": {
        "Crash": "FALSE",
        "VehiclesAy": "{(EgoVehicle↦0.0),(Vehicles2↦0.0),(Vehicles3↦0.0),(Vehicles4↦0.0),(Vehicles5↦0.0)}",
        "Reward": "0.7335978141636734",
        "VehiclesAx": "{(EgoVehicle↦-0.06539583206176758),(Vehicles2↦0.09757138788700104),(Vehicles3↦0.0551556795835495),(Vehicles4↦0.042704641819000244),(Vehicles5↦0.10888075456023216)}",
        "VehiclesVx": "{(EgoVehicle↦20.009918212890625),(Vehicles2↦-0.6855512410402298),(Vehicles3↦1.0581913590431213),(Vehicles4↦0.3610420599579811),(Vehicles5↦-0.22430973127484322)}",
        "VehiclesY": "{(EgoVehicle↦8.000000238418579),(Vehicles2↦-8.000000238418579),(Vehicles3↦-1.3322676295501878E-15),(Vehicles4↦-4.0000001192092896),(Vehicles5↦-8.000000238418579)}",
        "VehiclesVy": "{(EgoVehicle↦0.0),(Vehicles2↦0.0),(Vehicles3↦0.0),(Vehicles4↦0.0),(Vehicles5↦0.0)}",
        "VehiclesX": "{(EgoVehicle↦200.0),(Vehicles2↦0.422814441844821),(Vehicles3↦22.153544425964355),(Vehicles4↦53.16725969314575),(Vehicles5↦65.33995270729065)}"
      },
      "probabilisticVariables": null,
      "activating": [
        "FASTER_26"
      ],
      "activatingOnlyWhenExecuted": true,
      "updating": null,
      "withPredicate": null
    },
    {
      "id": "FASTER_26",
      "execute": "FASTER",
      "after": "1000",
      "priority": 0,
      "additionalGuards": null,
      "activationKind": null,
      "fixedVariables": {
        "Crash": "FALSE",
        "VehiclesAy": "{(EgoVehicle↦0.0),(Vehicles2↦0.0),(Vehicles3↦0.0),(Vehicles4↦0.0),(Vehicles5↦1.7763568394002505E-14)}",
        "Reward": "0.8491431963782067",
        "VehiclesAx": "{(EgoVehicle↦4.332952499389648),(Vehicles2↦-4.301164671778679),(Vehicles3↦-4.3434759974479675),(Vehicles4↦-4.3521857634186745),(Vehicles5↦-4.292049538344145)}",
        "VehiclesVx": "{(EgoVehicle↦24.342870712280273),(Vehicles2↦-4.986715912818909),(Vehicles3↦-3.285284638404846),(Vehicles4↦-3.9911437034606934),(Vehicles5↦-4.516359269618988)}",
        "VehiclesY": "{(EgoVehicle↦8.000000238418579),(Vehicles2↦-8.000000238418579),(Vehicles3↦-1.3322676295501878E-15),(Vehicles4↦-4.0000001192092896),(Vehicles5↦-8.000000238418579)}",
        "VehiclesVy": "{(EgoVehicle↦0.0),(Vehicles2↦0.0),(Vehicles3↦0.0),(Vehicles4↦0.0),(Vehicles5↦1.7763568394002505E-14)}",
        "VehiclesX": "{(EgoVehicle↦200.0),(Vehicles2↦-2.6402972638607025),(Vehicles3↦20.817235112190247),(Vehicles4↦51.1300265789032),(Vehicles5↦62.74188756942749)}"
      },
      "probabilisticVariables": null,
      "activating": [
        "SLOWER_27"
      ],
      "activatingOnlyWhenExecuted": true,
      "updating": null,
      "withPredicate": null
    },
    {
      "id": "SLOWER_27",
      "execute": "SLOWER",
      "after": "1000",
      "priority": 0,
      "additionalGuards": null,
      "activationKind": null,
      "fixedVariables": {
        "Crash": "FALSE",
        "VehiclesAy": "{(EgoVehicle↦0.0),(Vehicles2↦0.0),(Vehicles3↦0.0),(Vehicles4↦0.0),(Vehicles5↦1.7763568394002505E-14)}",
        "Reward": "0.7485840148865677",
        "VehiclesAx": "{(EgoVehicle↦-3.7709712982177734),(Vehicles2↦3.8022655248641968),(Vehicles3↦3.7602246925234795),(Vehicles4↦3.7550012953579426),(Vehicles5↦3.80950927734375)}",
        "VehiclesVx": "{(EgoVehicle↦20.5718994140625),(Vehicles2↦-1.184450387954712),(Vehicles3↦0.47494005411863327),(Vehicles4↦-0.23614240810275078),(Vehicles5↦-0.706849992275238)}",
        "VehiclesY": "{(EgoVehicle↦8.000000238418579),(Vehicles2↦-8.000000238418579),(Vehicles3↦-1.3322676295501878E-15),(Vehicles4↦-4.0000001192092896),(Vehicles5↦-8.000000238418579)}",
        "VehiclesVy": "{(EgoVehicle↦0.0),(Vehicles2↦0.0),(Vehicles3↦0.0),(Vehicles4↦0.0),(Vehicles5↦0.0)}",
        "VehiclesX": "{(EgoVehicle↦200.0),(Vehicles2↦-5.534163862466812),(Vehicles3↦19.60795670747757),(Vehicles4↦49.21253323554993),(Vehicles5↦60.32141447067261)}"
      },
      "probabilisticVariables": null,
      "activating": [
        "LANE_RIGHT_28"
      ],
      "activatingOnlyWhenExecuted": true,
      "updating": null,
      "withPredicate": null
    },
    {
      "id": "LANE_RIGHT_28",
      "execute": "LANE_RIGHT",
      "after": "1000",
      "priority": 0,
      "additionalGuards": null,
      "activationKind": null,
      "fixedVariables": {
        "Crash": "FALSE",
        "VehiclesAy": "{(EgoVehicle↦0.0),(Vehicles2↦0.0),(Vehicles3↦0.0),(Vehicles4↦0.0),(Vehicles5↦0.0)}",
        "Reward": "0.7353416535378745",
        "VehiclesAx": "{(EgoVehicle↦-0.49658775329589844),(Vehicles2↦0.52731953561306),(Vehicles3↦0.48568207770586014),(Vehicles4↦0.4836833104491234),(Vehicles5↦0.5329634994268417)}",
        "VehiclesVx": "{(EgoVehicle↦20.0753116607666),(Vehicles2↦-0.6571308523416519),(Vehicles3↦0.9606221318244934),(Vehicles4↦0.2475409023463726),(Vehicles5↦-0.1738864928483963)}",
        "VehiclesY": "{(EgoVehicle↦8.000000238418579),(Vehicles2↦-8.000000238418579),(Vehicles3↦-1.3322676295501878E-15),(Vehicles4↦-4.0000001192092896),(Vehicles5↦-8.000000238418579)}",
        "VehiclesVy": "{(EgoVehicle↦0.0),(Vehicles2↦0.0),(Vehicles3↦0.0),(Vehicles4↦0.0),(Vehicles5↦0.0)}",
        "VehiclesX": "{(EgoVehicle↦200.0),(Vehicles2↦-6.4323268830776215),(Vehicles3↦20.35249173641205),(Vehicles4↦49.24493730068207),(Vehicles5↦59.90322828292847)}"
      },
      "probabilisticVariables": null,
      "activating": [
        "FASTER_29"
      ],
      "activatingOnlyWhenExecuted": true,
      "updating": null,
      "withPredicate": null
    },
    {
      "id": "FASTER_29",
      "execute": "FASTER",
      "after": "1000",
      "priority": 0,
      "additionalGuards": null,
      "activationKind": null,
      "fixedVariables": {
        "Crash": "FALSE",
        "VehiclesAy": "{(EgoVehicle↦0.0),(Vehicles2↦0.0),(Vehicles3↦0.0),(Vehicles4↦0.0),(Vehicles5↦0.0)}",
        "Reward": "0.8493728377772785",
        "VehiclesAx": "{(EgoVehicle↦4.27617073059082),(Vehicles2↦-4.2460571974515915),(Vehicles3↦-4.287182092666626),(Vehicles4↦-4.286219906061888),(Vehicles5↦-4.241784438490868)}",
        "VehiclesVx": "{(EgoVehicle↦24.351482391357422),(Vehicles2↦-4.903188049793243),(Vehicles3↦-3.3265599608421326),(Vehicles4↦-4.038679003715515),(Vehicles5↦-4.415670931339264)}",
        "VehiclesY": "{(EgoVehicle↦8.000000238418579),(Vehicles2↦-8.000000238418579),(Vehicles3↦-1.3322676295501878E-15),(Vehicles4↦-4.0000001192092896),(Vehicles5↦-8.000000238418579)}",
        "VehiclesVy": "{(EgoVehicle↦0.0),(Vehicles2↦0.0),(Vehicles3↦0.0),(Vehicles4↦0.0),(Vehicles5↦0.0)}",
        "VehiclesX": "{(EgoVehicle↦200.0),(Vehicles2↦-9.43634808063507),(Vehicles3↦18.949729204177856),(Vehicles4↦47.129252552986145),(Vehicles5↦57.38425850868225)}"
      },
      "probabilisticVariables": null,
      "activating": [
        "SLOWER_30"
      ],
      "activatingOnlyWhenExecuted": true,
      "updating": null,
      "withPredicate": null
    },
    {
      "id": "SLOWER_30",
      "execute": "SLOWER",
      "after": "1000",
      "priority": 0,
      "additionalGuards": null,
      "activationKind": null,
      "fixedVariables": {
        "Crash": "FALSE",
        "VehiclesAy": "{(EgoVehicle↦0.0),(Vehicles2↦0.0),(Vehicles3↦0.0),(Vehicles4↦0.0),(Vehicles5↦0.0)}",
        "Reward": "0.7486142557292438",
        "VehiclesAx": "{(EgoVehicle↦-3.7784481048583984),(Vehicles2↦5.344008319079876),(Vehicles3↦3.058921657502651),(Vehicles4↦3.434005491435528),(Vehicles5↦4.644264169037342)}",
        "VehiclesVx": "{(EgoVehicle↦20.573034286499023),(Vehicles2↦0.44082026928663254),(Vehicles3↦-0.26763830333948135),(Vehicles4↦-0.6046735122799873),(Vehicles5↦0.22859323769807816)}",
        "VehiclesY": "{(EgoVehicle↦8.000000238418579),(Vehicles2↦-1.3322676295501878E-15),(Vehicles3↦-4.0000001192092896),(Vehicles4↦-8.000000238418579),(Vehicles5↦-1.3322676295501878E-15)}",
        "VehiclesVy": "{(EgoVehicle↦0.0),(Vehicles2↦0.0),(Vehicles3↦0.0),(Vehicles4↦0.0),(Vehicles5↦0.0)}",
        "VehiclesX": "{(EgoVehicle↦200.0),(Vehicles2↦17.703157663345337),(Vehicles3↦45.17182111740112),(Vehicles4↦55.06616234779358),(Vehicles5↦95.41499614715576)}"
      },
      "probabilisticVariables": null,
      "activating": [
        "SLOWER_31"
      ],
      "activatingOnlyWhenExecuted": true,
      "updating": null,
      "withPredicate": null
    },
    {
      "id": "SLOWER_31",
      "execute": "SLOWER",
      "after": "1000",
      "priority": 0,
      "additionalGuards": null,
      "activationKind": null,
      "fixedVariables": {
        "Crash": "FALSE",
        "VehiclesAy": "{(EgoVehicle↦0.0),(Vehicles2↦0.0),(Vehicles3↦0.0),(Vehicles4↦0.0),(Vehicles5↦0.0)}",
        "Reward": "0.7353456358710663",
        "VehiclesAx": "{(EgoVehicle↦-0.4975724220275879),(Vehicles2↦0.48650186508893967),(Vehicles3↦0.49260323867201805),(Vehicles4↦0.528427055105567),(Vehicles5↦0.4845466837286949)}",
        "VehiclesVx": "{(EgoVehicle↦20.075461864471436),(Vehicles2↦0.9273221343755722),(Vehicles3↦0.2249649353325367),(Vehicles4↦-0.07624645717442036),(Vehicles5↦0.7131399214267731)}",
        "VehiclesY": "{(EgoVehicle↦8.000000238418579),(Vehicles2↦-1.3322676295501878E-15),(Vehicles3↦-4.0000001192092896),(Vehicles4↦-8.000000238418579),(Vehicles5↦-1.3322676295501878E-15)}",
        "VehiclesVy": "{(EgoVehicle↦0.0),(Vehicles2↦0.0),(Vehicles3↦0.0),(Vehicles4↦0.0),(Vehicles5↦0.0)}",
        "VehiclesX": "{(EgoVehicle↦200.0),(Vehicles2↦18.41403841972351),(Vehicles3↦45.17649710178375),(Vehicles4↦54.748451709747314),(Vehicles5↦95.91277241706848)}"
      },
      "probabilisticVariables": null,
      "activating": [
        "LANE_LEFT_32"
      ],
      "activatingOnlyWhenExecuted": true,
      "updating": null,
      "withPredicate": null
    },
    {
      "id": "LANE_LEFT_32",
      "execute": "LANE_LEFT",
      "after": "1000",
      "priority": 0,
      "additionalGuards": null,
      "activationKind": null,
      "fixedVariables": {
        "Crash": "FALSE",
        "VehiclesAy": "{(EgoVehicle↦-1.147223636507988),(Vehicles2↦1.147223636507988),(Vehicles3↦1.147223636507988),(Vehicles4↦1.147223636507988),(Vehicles5↦1.147223636507988)}",
        "Reward": "0.7000000000000001",
        "VehiclesAx": "{(EgoVehicle↦-0.09843826293945312),(Vehicles2↦0.08740752935409546),(Vehicles3↦0.0956990011036396),(Vehicles4↦0.12771824840456247),(Vehicles5↦0.0866556167602539)}",
        "VehiclesVx": "{(EgoVehicle↦19.977023601531982),(Vehicles2↦1.0147296637296677),(Vehicles3↦0.3206639364361763),(Vehicles4↦0.05147179123014212),(Vehicles5↦0.799795538187027)}",
        "VehiclesY": "{(EgoVehicle↦4.396840453147888),(Vehicles2↦3.603159785270691),(Vehicles3↦-0.39684033393859863),(Vehicles4↦-4.396840453147888),(Vehicles5↦3.603159785270691)}",
        "VehiclesVy": "{(EgoVehicle↦-1.147223636507988),(Vehicles2↦1.147223636507988),(Vehicles3↦1.147223636507988),(Vehicles4↦1.147223636507988),(Vehicles5↦1.147223636507988)}",
        "VehiclesX": "{(EgoVehicle↦200.0),(Vehicles2↦19.75848227739334),(Vehicles3↦45.82173526287079),(Vehicles4↦55.105578899383545),(Vehicles5↦97.04263806343079)}"
      },
      "probabilisticVariables": null,
      "activating": [
        "FASTER_33"
      ],
      "activatingOnlyWhenExecuted": true,
      "updating": null,
      "withPredicate": null
    },
    {
      "id": "FASTER_33",
      "execute": "FASTER",
      "after": "1000",
      "priority": 0,
      "additionalGuards": null,
      "activationKind": null,
      "fixedVariables": {
        "Crash": "FALSE",
        "VehiclesAy": "{(EgoVehicle↦1.090647685341537),(Vehicles2↦-1.090647685341537),(Vehicles3↦-1.090647685341537),(Vehicles4↦-1.090647685341537),(Vehicles5↦1.203799587674439)}",
        "Reward": "0.8158081774992088",
        "VehiclesAx": "{(EgoVehicle↦4.365782737731934),(Vehicles2↦-4.3767299503088),(Vehicles3↦-4.366489835083485),(Vehicles4↦-4.337965450249612),(Vehicles5↦-4.376378208398819)}",
        "VehiclesVx": "{(EgoVehicle↦24.342806339263916),(Vehicles2↦-3.362000286579132),(Vehicles3↦-4.045825898647308),(Vehicles4↦-4.28649365901947),(Vehicles5↦-3.576582670211792)}",
        "VehiclesY": "{(EgoVehicle↦4.017084360122681),(Vehicles2↦3.9829158782958984),(Vehicles3↦-0.017084271647036076),(Vehicles4↦-4.017084360122681),(Vehicles5↦3.9829158782958984)}",
        "VehiclesVy": "{(EgoVehicle↦-0.05657595116645098),(Vehicles2↦0.05657595116645098),(Vehicles3↦0.05657595116645098),(Vehicles4↦0.05657595116645098),(Vehicles5↦0.05657595116645098)}",
        "VehiclesX": "{(EgoVehicle↦200.0),(Vehicles2↦18.350939452648163),(Vehicles3↦43.72407793998718),(Vehicles4↦52.7504026889801),(Vehicles5↦95.42021751403809)}"
      },
      "probabilisticVariables": null,
      "activating": [
        "FASTER_34"
      ],
      "activatingOnlyWhenExecuted": true,
      "updating": null,
      "withPredicate": null
    },
    {
      "id": "FASTER_34",
      "execute": "FASTER",
      "after": "1000",
      "priority": 0,
      "additionalGuards": null,
      "activationKind": null,
      "fixedVariables": {
        "Crash": "FALSE",
        "VehiclesAy": "{(EgoVehicle↦0.05529744244995527),(Vehicles2↦-0.05529744244995527),(Vehicles3↦-0.05529744244995527),(Vehicles4↦-0.05529744244995527),(Vehicles5↦0.057854459882946685)}",
        "Reward": "0.9468007583044398",
        "VehiclesAx": "{(EgoVehicle↦4.912221431732178),(Vehicles2↦-4.923045337200165),(Vehicles3↦-4.911087453365326),(Vehicles4↦-4.885766506195068),(Vehicles5↦-4.921688437461853)}",
        "VehiclesVx": "{(EgoVehicle↦29.255027770996094),(Vehicles2↦-8.285045623779297),(Vehicles3↦-8.956913352012634),(Vehicles4↦-9.172260165214539),(Vehicles5↦-8.498271107673645)}",
        "VehiclesY": "{(EgoVehicle↦4.0003005266189575),(Vehicles2↦3.9996997117996216),(Vehicles3↦-0.0003003859528689645),(Vehicles4↦-4.0003005266189575),(Vehicles5↦3.9996997117996216)}",
        "VehiclesVy": "{(EgoVehicle↦-0.0012785087164957076),(Vehicles2↦0.0012785087164957076),(Vehicles3↦0.0012785087164957076),(Vehicles4↦0.0012785087164957076),(Vehicles5↦0.0012785087164957076)}",
        "VehiclesX": "{(EgoVehicle↦200.0),(Vehicles2↦12.274707853794098),(Vehicles3↦36.96867525577545),(Vehicles4↦45.764708518981934),(Vehicles5↦89.12987112998962)}"
      },
      "probabilisticVariables": null,
      "activating": [
        "FASTER_35"
      ],
      "activatingOnlyWhenExecuted": true,
      "updating": null,
      "withPredicate": null
    },
    {
      "id": "FASTER_35",
      "execute": "FASTER",
      "after": "1000",
      "priority": 0,
      "additionalGuards": null,
      "activationKind": null,
      "fixedVariables": {
        "Crash": "FALSE",
        "VehiclesAy": "{(EgoVehicle↦0.0012755553478882575),(Vehicles2↦-0.0012755553478882575),(Vehicles3↦-0.0012755553478882575),(Vehicles4↦-0.0012755553478882575),(Vehicles5↦0.0012814620851031577)}",
        "Reward": "0.9640505800668611",
        "VehiclesAx": "{(EgoVehicle↦0.6468701362609863),(Vehicles2↦-0.6575334072113037),(Vehicles3↦-0.6440752744674683),(Vehicles4↦-0.621684193611145),(Vehicles5↦-0.6552654504776001)}",
        "VehiclesVx": "{(EgoVehicle↦29.90189790725708),(Vehicles2↦-8.9425790309906),(Vehicles3↦-9.600988626480103),(Vehicles4↦-9.793944358825684),(Vehicles5↦-9.153536558151245)}",
        "VehiclesY": "{(EgoVehicle↦3.9999994039535522),(Vehicles2↦4.000000476837158),(Vehicles3↦5.110427707677445E-07),(Vehicles4↦-3.9999994039535522),(Vehicles5↦4.000000476837158)}",
        "VehiclesVy": "{(EgoVehicle↦-2.953368607450102E-06),(Vehicles2↦2.953368607450102E-06),(Vehicles3↦2.953368607450102E-06),(Vehicles4↦2.953368607450102E-06),(Vehicles5↦2.953368607450102E-06)}",
        "VehiclesX": "{(EgoVehicle↦200.0),(Vehicles2↦3.6285314708948135),(Vehicles3↦27.65590250492096),(Vehicles4↦36.24577224254608),(Vehicles5↦80.27130365371704)}"
      },
      "probabilisticVariables": null,
      "activating": [
        "LANE_LEFT_36"
      ],
      "activatingOnlyWhenExecuted": true,
      "updating": null,
      "withPredicate": null
    },
    {
      "id": "LANE_LEFT_36",
      "execute": "LANE_LEFT",
      "after": "1000",
      "priority": 0,
      "additionalGuards": null,
      "activationKind": null,
      "fixedVariables": {
        "Crash": "FALSE",
        "VehiclesAy": "{(EgoVehicle↦-1.0285681009708014),(Vehicles2↦1.0285681009708014),(Vehicles3↦1.0285681009708014),(Vehicles4↦1.0285681009708014),(Vehicles5↦1.0285740077080163)}",
        "Reward": "0.9325182833571013",
        "VehiclesAx": "{(EgoVehicle↦0.06753683090209961),(Vehicles2↦-0.078011155128479),(Vehicles3↦-0.06325960159301758),(Vehicles4↦-0.04354357719421387),(Vehicles5↦-0.07492542266845703)}",
        "VehiclesVx": "{(EgoVehicle↦29.96943473815918),(Vehicles2↦-9.02059018611908),(Vehicles3↦-9.66424822807312),(Vehicles4↦-9.837487936019897),(Vehicles5↦-9.228461980819702)}",
        "VehiclesY": "{(EgoVehicle↦0.2960711270570755),(Vehicles2↦7.703928709030151),(Vehicles3↦3.7039289474487305),(Vehicles4↦-0.2960711270570755),(Vehicles5↦7.703928709030151)}",
        "VehiclesVy": "{(EgoVehicle↦-1.0285710543394089),(Vehicles2↦1.0285710543394089),(Vehicles3↦1.0285710543394089),(Vehicles4↦1.0285710543394089),(Vehicles5↦1.0285710543394089)}",
        "VehiclesX": "{(EgoVehicle↦200.0),(Vehicles2↦-5.088148266077042),(Vehicles3↦18.28661859035492),(Vehicles4↦26.69162154197693),(Vehicles5↦71.34484052658081)}"
      },
      "probabilisticVariables": null,
      "activating": [
        "SLOWER_37"
      ],
      "activatingOnlyWhenExecuted": true,
      "updating": null,
      "withPredicate": null
    },
    {
      "id": "SLOWER_37",
      "execute": "SLOWER",
      "after": "1000",
      "priority": 0,
      "additionalGuards": null,
      "activationKind": null,
      "fixedVariables": {
        "Crash": "FALSE",
        "VehiclesAy": "{(EgoVehicle↦1.0047202510759234),(Vehicles2↦-1.0047202510759234),(Vehicles3↦-1.0047202510759234),(Vehicles4↦-1.0047202510759234),(Vehicles5↦1.0524218576028943)}",
        "Reward": "0.817512636469159",
        "VehiclesAx": "{(EgoVehicle↦-4.312710762023926),(Vehicles2↦3.6746567487716675),(Vehicles3↦4.162355065345764),(Vehicles4↦4.915302395820618),(Vehicles5↦3.915267586708069)}",
        "VehiclesVx": "{(EgoVehicle↦25.656723976135254),(Vehicles2↦-5.345933437347412),(Vehicles3↦-5.501893162727356),(Vehicles4↦-4.92218554019928),(Vehicles5↦-5.313194394111633)}",
        "VehiclesY": "{(EgoVehicle↦0.007075668079778552),(Vehicles2↦3.992924451828003),(Vehicles3↦-0.007075668079778552),(Vehicles4↦7.992924213409424),(Vehicles5↦3.992924451828003)}",
        "VehiclesVy": "{(EgoVehicle↦-0.02385080326348543),(Vehicles2↦0.02385080326348543),(Vehicles3↦0.02385080326348543),(Vehicles4↦0.02385080326348543),(Vehicles5↦0.02385080326348543)}",
        "VehiclesX": "{(EgoVehicle↦200.0),(Vehicles2↦10.99848821759224),(Vehicles3↦19.237349927425385),(Vehicles4↦64.48770761489868),(Vehicles5↦72.08471894264221)}"
      },
      "probabilisticVariables": null,
      "activating": [
        "LANE_LEFT_38"
      ],
      "activatingOnlyWhenExecuted": true,
      "updating": null,
      "withPredicate": null
    },
    {
      "id": "LANE_LEFT_38",
      "execute": "LANE_LEFT",
      "after": "1000",
      "priority": 0,
      "additionalGuards": null,
      "activationKind": null,
      "fixedVariables": {
        "Crash": "FALSE",
        "VehiclesAy": "{(EgoVehicle↦0.023143856233218685),(Vehicles2↦-0.023143856233218685),(Vehicles3↦-0.023143856233218685),(Vehicles4↦-0.023143856233218685),(Vehicles5↦0.02455775029375218)}",
        "Reward": "0.8023062294753766",
        "VehiclesAx": "{(EgoVehicle↦-0.5702400207519531),(Vehicles2↦0.5770167708396912),(Vehicles3↦0.5920809507369995),(Vehicles4↦0.5646985769271851),(Vehicles5↦0.5898526310920715)}",
        "VehiclesVx": "{(EgoVehicle↦25.0864839553833),(Vehicles2↦-4.768916666507721),(Vehicles3↦-4.9098122119903564),(Vehicles4↦-4.357486963272095),(Vehicles5↦-4.723341763019562)}",
        "VehiclesY": "{(EgoVehicle↦0.00021173407731112093),(Vehicles2↦3.9997884035110474),(Vehicles3↦-0.00021173407731112093),(Vehicles4↦7.999788522720337),(Vehicles5↦3.9997884035110474)}",
        "VehiclesVy": "{(EgoVehicle↦-0.0007069470302667469),(Vehicles2↦0.0007069470302667469),(Vehicles3↦0.0007069470302667469),(Vehicles4↦0.0007069470302667469),(Vehicles5↦0.0007069470302667469)}",
        "VehiclesX": "{(EgoVehicle↦200.0),(Vehicles2↦5.969752371311188),(Vehicles3↦14.058847725391388),(Vehicles4↦59.87781286239624),(Vehicles5↦67.09397435188293)}"
      },
      "probabilisticVariables": null,
      "activating": [
        "LANE_LEFT_39"
      ],
      "activatingOnlyWhenExecuted": true,
      "updating": null,
      "withPredicate": null
    },
    {
      "id": "LANE_LEFT_39",
      "execute": "LANE_LEFT",
      "after": "1000",
      "priority": 0,
      "additionalGuards": null,
      "activationKind": null,
      "fixedVariables": {
        "Crash": "FALSE",
        "VehiclesAy": "{(EgoVehicle↦0.0006850161844340619),(Vehicles2↦-0.0006850161844340619),(Vehicles3↦-0.0006850161844340619),(Vehicles4↦-0.0006850161844340619),(Vehicles5↦0.0007288778760994319)}",
        "Reward": "0.8003037010355959",
        "VehiclesAx": "{(EgoVehicle↦-0.07509469985961914),(Vehicles2↦0.08290410041809082),(Vehicles3↦0.09595721960067749),(Vehicles4↦0.07039010524749756),(Vehicles5↦0.09436309337615967)}",
        "VehiclesVx": "{(EgoVehicle↦25.01138925552368),(Vehicles2↦-4.68601256608963),(Vehicles3↦-4.813854992389679),(Vehicles4↦-4.287096858024597),(Vehicles5↦-4.628978669643402)}",
        "VehiclesY": "{(EgoVehicle↦6.577800149898394E-06),(Vehicles2↦3.999993324279785),(Vehicles3↦-6.577800149898394E-06),(Vehicles4↦7.999993085861206),(Vehicles5↦3.999993324279785)}",
        "VehiclesVy": "{(EgoVehicle↦-2.193084583268501E-05),(Vehicles2↦2.193084583268501E-05),(Vehicles3↦2.193084583268501E-05),(Vehicles4↦2.193084583268501E-05),(Vehicles5↦2.193084583268501E-05)}",
        "VehiclesX": "{(EgoVehicle↦200.0),(Vehicles2↦1.2453089468181133),(Vehicles3↦9.198883920907974),(Vehicles4↦55.55980205535889),(Vehicles5↦62.41979002952576)}"
      },
      "probabilisticVariables": null,
      "activating": [
        "LANE_LEFT_40"
      ],
      "activatingOnlyWhenExecuted": true,
      "updating": null,
      "withPredicate": null
    },
    {
      "id": "LANE_LEFT_40",
      "execute": "LANE_LEFT",
      "after": "1000",
      "priority": 0,
      "additionalGuards": null,
      "activationKind": null,
      "fixedVariables": {
        "Crash": "TRUE",
        "VehiclesAy": "{(EgoVehicle↦2.124617232368564E-05),(Vehicles2↦-2.124617232368564E-05),(Vehicles3↦-2.124617232368564E-05),(Vehicles4↦-2.124617232368564E-05),(Vehicles5↦2.2615519341684376E-05)}",
        "Reward": "0.13337332688537953",
        "VehiclesAx": "{(EgoVehicle↦-0.009889602661132812),(Vehicles2↦0.01860201358795166),(Vehicles3↦0.02983272075653076),(Vehicles4↦0.0059667229652404785),(Vehicles5↦0.02879887819290161)}",
        "VehiclesVx": "{(EgoVehicle↦25.00149965286255),(Vehicles2↦-4.6674105525016785),(Vehicles3↦-4.784022271633148),(Vehicles4↦-4.281130135059357),(Vehicles5↦-4.6001797914505005)}",
        "VehiclesY": "{(EgoVehicle↦2.2186813453117793E-07),(Vehicles2↦3.999999761581421),(Vehicles3↦-2.3834020623780816E-07),(Vehicles4↦7.999999523162842),(Vehicles5↦3.999999761581421)}",
        "VehiclesVy": "{(EgoVehicle↦-6.846735089993672E-07),(Vehicles2↦6.846735089993672E-07),(Vehicles3↦6.846735089993672E-07),(Vehicles4↦6.846735089993672E-07),(Vehicles5↦6.846735089993672E-07)}",
        "VehiclesX": "{(EgoVehicle↦200.0),(Vehicles2↦-3.1310968101024628),(Vehicles3↦5.000000074505806),(Vehicles4↦51.57727003097534),(Vehicles5↦58.10459852218628)}"
      },
      "probabilisticVariables": null,
      "activating": null,
      "activatingOnlyWhenExecuted": true,
      "updating": null,
      "withPredicate": null
    }
  ],
  "listeners": [],
  "metadata": {
    "fileType": "Timed_Trace",
    "formatVersion": 3,
    "savedAt": "2023-08-15T11:29:36.165622Z",
    "creator": "Simulation: MONTE_CARLO_SIMULATION; MAX_STEPS_BEFORE_PROPERTY : 0, EXECUTIONS : 1000, ENDING_TIME : 60000",
    "proB2KernelVersion": "4.12.2",
    "proBCliVersion": "1.12.2-final",
    "modelName": "HighwayEnvironment"
  }
}