{
  "variables": {},
  "activations": [
    {
      "id": "$setup_constants",
      "execute": "$setup_constants",
      "after": "0",
      "priority": 0,
      "additionalGuards": null,
      "activationKind": null,
      "fixedVariables": null,
      "probabilisticVariables": null,
      "activating": null,
      "activatingOnlyWhenExecuted": true,
      "updating": null,
      "withPredicate": null
    },
    {
      "id": "$initialise_machine",
      "execute": "$initialise_machine",
      "after": "0",
      "priority": 0,
      "additionalGuards": null,
      "activationKind": null,
      "fixedVariables": {
        "Crash": "FALSE",
        "VehiclesAy": "{(EgoVehicle↦0.0),(Vehicles2↦0.0),(Vehicles3↦0.0),(Vehicles4↦0.0),(Vehicles5↦0.0)}",
        "Reward": "0.0",
        "VehiclesAx": "{(EgoVehicle↦0.0),(Vehicles2↦0.0),(Vehicles3↦0.0),(Vehicles4↦0.0),(Vehicles5↦0.0)}",
        "VehiclesVx": "{(EgoVehicle↦25.0),(Vehicles2↦-3.4487390518188477),(Vehicles3↦-2.805226445198059),(Vehicles4↦-3.3729076385498047),(Vehicles5↦-1.5917709469795227)}",
        "VehiclesY": "{(EgoVehicle↦4.0000001192092896),(Vehicles2↦-4.0000001192092896),(Vehicles3↦-4.0000001192092896),(Vehicles4↦0.0),(Vehicles5↦4.0000001192092896)}",
        "VehiclesVy": "{(EgoVehicle↦0.0),(Vehicles2↦0.0),(Vehicles3↦0.0),(Vehicles4↦0.0),(Vehicles5↦0.0)}",
        "VehiclesX": "{(EgoVehicle↦150.3226399421692),(Vehicles2↦24.721340835094452),(Vehicles3↦48.80649447441101),(Vehicles4↦72.24535346031189),(Vehicles5↦98.19222092628479)}"
      },
      "probabilisticVariables": null,
      "activating": [
        "LANE_RIGHT_2"
      ],
      "activatingOnlyWhenExecuted": true,
      "updating": null,
      "withPredicate": null
    },
    {
      "id": "LANE_RIGHT_2",
      "execute": "LANE_RIGHT",
      "after": "1000",
      "priority": 0,
      "additionalGuards": null,
      "activationKind": null,
      "fixedVariables": {
        "Crash": "FALSE",
        "VehiclesAy": "{(EgoVehicle↦1.0796338319778442),(Vehicles2↦-1.0796338319778442),(Vehicles3↦-1.0796338319778442),(Vehicles4↦-1.0796338319778442),(Vehicles5↦-1.0796338319778442)}",
        "Reward": "0.8660447183419508",
        "VehiclesAx": "{(EgoVehicle↦-0.023322105407714844),(Vehicles2↦-4.003933072090149),(Vehicles3↦-0.38465768098831177),(Vehicles4↦-1.2250840663909912),(Vehicles5↦-0.42544350028038025)}",
        "VehiclesVx": "{(EgoVehicle↦24.976677894592285),(Vehicles2↦-7.452672123908997),(Vehicles3↦-3.189884126186371),(Vehicles4↦-4.597991704940796),(Vehicles5↦-2.017214447259903)}",
        "VehiclesY": "{(EgoVehicle↦7.6599647998809814),(Vehicles2↦-7.6599647998809814),(Vehicles3↦-7.6599647998809814),(Vehicles4↦-3.6599650382995605),(Vehicles5↦0.3400348797440529)}",
        "VehiclesVy": "{(EgoVehicle↦1.0796338319778442),(Vehicles2↦-1.0796338319778442),(Vehicles3↦-1.0796338319778442),(Vehicles4↦-1.0796338319778442),(Vehicles5↦-1.0796338319778442)}",
        "VehiclesX": "{(EgoVehicle↦175.00288486480713),(Vehicles2↦19.509270787239075),(Vehicles3↦46.14095091819763),(Vehicles4↦68.6447262763977),(Vehicles5↦96.84023857116699)}"
      },
      "probabilisticVariables": null,
      "activating": [
        "IDLE_3"
      ],
      "activatingOnlyWhenExecuted": true,
      "updating": null,
      "withPredicate": null
    },
    {
      "id": "IDLE_3",
      "execute": "IDLE",
      "after": "1000",
      "priority": 0,
      "additionalGuards": null,
      "activationKind": null,
      "fixedVariables": {
        "Crash": "FALSE",
        "VehiclesAy": "{(EgoVehicle↦-1.041519611608237),(Vehicles2↦4.263418912887573),(Vehicles3↦1.041519611608237),(Vehicles4↦1.041519611608237),(Vehicles5↦-1.1177480523474514)}",
        "Reward": "0.8666658918962077",
        "VehiclesAx": "{(EgoVehicle↦0.023293495178222656),(Vehicles2↦-0.8826208114624023),(Vehicles3↦-0.2649402618408203),(Vehicles4↦-0.8832752704620361),(Vehicles5↦-0.6107382476329803)}",
        "VehiclesVx": "{(EgoVehicle↦24.999971389770508),(Vehicles2↦-8.335292935371399),(Vehicles3↦-3.454824388027191),(Vehicles4↦-5.481266975402832),(Vehicles5↦-2.6279526948928833)}",
        "VehiclesY": "{(EgoVehicle↦7.988499641418457),(Vehicles2↦-5.173429727554321),(Vehicles3↦-7.988499641418457),(Vehicles4↦-3.9884995222091675),(Vehicles5↦0.01150053832679987)}",
        "VehiclesVy": "{(EgoVehicle↦0.03811422036960721),(Vehicles2↦3.183785080909729),(Vehicles3↦-0.03811422036960721),(Vehicles4↦-0.03811422036960721),(Vehicles5↦-0.03811422036960721)}",
        "VehiclesX": "{(EgoVehicle↦199.9991774559021),(Vehicles2↦11.244138330221176),(Vehicles3↦42.82468855381012),(Vehicles4↦63.66080641746521),(Vehicles5↦94.539475440979)}"
      },
      "probabilisticVariables": null,
      "activating": [
        "FASTER_4"
      ],
      "activatingOnlyWhenExecuted": true,
      "updating": null,
      "withPredicate": null
    },
    {
      "id": "FASTER_4",
      "execute": "FASTER",
      "after": "1000",
      "priority": 0,
      "additionalGuards": null,
      "activationKind": null,
      "fixedVariables": {
        "Crash": "FALSE",
        "VehiclesAy": "{(EgoVehicle↦-0.03727416326000821),(Vehicles2↦-2.915044594556093),(Vehicles3↦0.03727416326000821),(Vehicles4↦0.03727416326000821),(Vehicles5↦-0.03895427747920621)}",
        "Reward": "0.9824417006395386",
        "VehiclesAx": "{(EgoVehicle↦4.341592788696289),(Vehicles2↦-3.2784372568130493),(Vehicles3↦-4.484955966472626),(Vehicles4↦-4.926348924636841),(Vehicles5↦-4.674769639968872)}",
        "VehiclesVx": "{(EgoVehicle↦29.341564178466797),(Vehicles2↦-11.613730192184448),(Vehicles3↦-7.939780354499817),(Vehicles4↦-10.407615900039673),(Vehicles5↦-7.302722334861755)}",
        "VehiclesY": "{(EgoVehicle↦7.999802827835083),(Vehicles2↦-4.096483826637268),(Vehicles3↦-7.999802827835083),(Vehicles4↦-3.999803066253662),(Vehicles5↦0.0001969330114661716)}",
        "VehiclesVy": "{(EgoVehicle↦0.0008400571095990017),(Vehicles2↦0.2687404863536358),(Vehicles3↦-0.0008400571095990017),(Vehicles4↦-0.0008400571095990017),(Vehicles5↦-0.0008400571095990017)}",
        "VehiclesX": "{(EgoVehicle↦200.0),(Vehicles2↦1.1041458696126938),(Vehicles3↦36.91151142120361),(Vehicles4↦55.53054213523865),(Vehicles5↦89.36923742294312)}"
      },
      "probabilisticVariables": null,
      "activating": [
        "IDLE_5"
      ],
      "activatingOnlyWhenExecuted": true,
      "updating": null,
      "withPredicate": null
    },
    {
      "id": "IDLE_5",
      "execute": "IDLE",
      "after": "1000",
      "priority": 0,
      "additionalGuards": null,
      "activationKind": null,
      "fixedVariables": {
        "Crash": "FALSE",
        "VehiclesAy": "{(EgoVehicle↦-0.0008382901080494776),(Vehicles2↦-0.2687422533551853),(Vehicles3↦0.0008382901080494776),(Vehicles4↦0.0008382901080494776),(Vehicles5↦-0.0008418241111485258)}",
        "Reward": "0.9976877960112208",
        "VehiclesAx": "{(EgoVehicle↦0.5717277526855469),(Vehicles2↦3.015791177749634),(Vehicles3↦-3.415948748588562),(Vehicles4↦2.3252564668655396),(Vehicles5↦-4.547727704048157)}",
        "VehiclesVx": "{(EgoVehicle↦29.913291931152344),(Vehicles2↦-8.597939014434814),(Vehicles3↦-11.355729103088379),(Vehicles4↦-8.082359433174133),(Vehicles5↦-11.850450038909912)}",
        "VehiclesY": "{(EgoVehicle↦8.000000238418579),(Vehicles2↦-8.000000238418579),(Vehicles3↦-4.000000476837158),(Vehicles4↦-3.865747828513122E-07),(Vehicles5↦-4.000000476837158)}",
        "VehiclesVy": "{(EgoVehicle↦1.7670015495241387E-06),(Vehicles2↦-1.7670015495241387E-06),(Vehicles3↦-1.7670015495241387E-06),(Vehicles4↦-1.7670015495241387E-06),(Vehicles5↦-1.7670015495241387E-06)}",
        "VehiclesX": "{(EgoVehicle↦200.0),(Vehicles2↦28.618410229682922),(Vehicles3↦44.643524289131165),(Vehicles4↦81.6611647605896),(Vehicles5↦97.31243848800659)}"
      },
      "probabilisticVariables": null,
      "activating": [
        "LANE_RIGHT_6"
      ],
      "activatingOnlyWhenExecuted": true,
      "updating": null,
      "withPredicate": null
    },
    {
      "id": "LANE_RIGHT_6",
      "execute": "LANE_RIGHT",
      "after": "1000",
      "priority": 0,
      "additionalGuards": null,
      "activationKind": null,
      "fixedVariables": {
        "Crash": "FALSE",
        "VehiclesAy": "{(EgoVehicle↦-1.9708200049706193E-06),(Vehicles2↦1.9708200049706193E-06),(Vehicles3↦1.9708200049706193E-06),(Vehicles4↦1.9708200049706193E-06),(Vehicles5↦-1.563183094077658E-06)}",
        "Reward": "0.9996955122319305",
        "VehiclesAx": "{(EgoVehicle↦0.07529020309448242),(Vehicles2↦-0.12949049472808838),(Vehicles3↦-0.31565070152282715),(Vehicles4↦-0.22267699241638184),(Vehicles5↦-0.2276003360748291)}",
        "VehiclesVx": "{(EgoVehicle↦29.988582134246826),(Vehicles2↦-8.727429509162903),(Vehicles3↦-11.671379804611206),(Vehicles4↦-8.305036425590515),(Vehicles5↦-12.078050374984741)}",
        "VehiclesY": "{(EgoVehicle↦8.000000238418579),(Vehicles2↦-8.000000238418579),(Vehicles3↦-4.0000001192092896),(Vehicles4↦-6.061723389905183E-08),(Vehicles5↦-4.0000001192092896)}",
        "VehiclesVy": "{(EgoVehicle↦-2.0381845544648058E-07),(Vehicles2↦2.0381845544648058E-07),(Vehicles3↦2.0381845544648058E-07),(Vehicles4↦2.0381845544648058E-07),(Vehicles5↦2.0381845544648058E-07)}",
        "VehiclesX": "{(EgoVehicle↦200.0),(Vehicles2↦19.955337047576904),(Vehicles3↦33.14153552055359),(Vehicles4↦73.47513437271118),(Vehicles5↦85.35004258155823)}"
      },
      "probabilisticVariables": null,
      "activating": [
        "LANE_RIGHT_7"
      ],
      "activatingOnlyWhenExecuted": true,
      "updating": null,
      "withPredicate": null
    },
    {
      "id": "LANE_RIGHT_7",
      "execute": "LANE_RIGHT",
      "after": "1000",
      "priority": 0,
      "additionalGuards": null,
      "activationKind": null,
      "fixedVariables": {
        "Crash": "FALSE",
        "VehiclesAy": "{(EgoVehicle↦2.001816135077661E-07),(Vehicles2↦-2.001816135077661E-07),(Vehicles3↦-2.001816135077661E-07),(Vehicles4↦-2.001816135077661E-07),(Vehicles5↦2.0745529738519508E-07)}",
        "Reward": "0.9999599028453572",
        "VehiclesAx": "{(EgoVehicle↦0.009913444519042969),(Vehicles2↦-0.045485496520996094),(Vehicles3↦-0.16364574432373047),(Vehicles4↦-0.12515544891357422),(Vehicles5↦-0.07487893104553223)}",
        "VehiclesVx": "{(EgoVehicle↦29.99849557876587),(Vehicles2↦-8.772915005683899),(Vehicles3↦-11.835025548934937),(Vehicles4↦-8.43019187450409),(Vehicles5↦-12.152929306030273)}",
        "VehiclesY": "{(EgoVehicle↦8.000000238418579),(Vehicles2↦-8.000000238418579),(Vehicles3↦-4.0000001192092896),(Vehicles4↦-8.2916473687078E-10),(Vehicles5↦-4.0000001192092896)}",
        "VehiclesVy": "{(EgoVehicle↦-3.6368419387144968E-09),(Vehicles2↦3.6368419387144968E-09),(Vehicles3↦3.6368419387144968E-09),(Vehicles4↦3.6368419387144968E-09),(Vehicles5↦3.6368419387144968E-09)}",
        "VehiclesX": "{(EgoVehicle↦200.0),(Vehicles2↦11.207088083028793),(Vehicles3↦21.3977187871933),(Vehicles4↦65.11629223823547),(Vehicles5↦73.23559522628784)}"
      },
      "probabilisticVariables": null,
      "activating": [
        "LANE_RIGHT_8"
      ],
      "activatingOnlyWhenExecuted": true,
      "updating": null,
      "withPredicate": null
    },
    {
      "id": "LANE_RIGHT_8",
      "execute": "LANE_RIGHT",
      "after": "1000",
      "priority": 0,
      "additionalGuards": null,
      "activationKind": null,
      "fixedVariables": {
        "Crash": "FALSE",
        "VehiclesAy": "{(EgoVehicle↦3.637232737219165E-09),(Vehicles2↦-3.637223855434968E-09),(Vehicles3↦-3.637223855434968E-09),(Vehicles4↦-3.637223855434968E-09),(Vehicles5↦3.6364600219940257E-09)}",
        "Reward": "0.9999947197162612",
        "VehiclesAx": "{(EgoVehicle↦0.0013065338134765625),(Vehicles2↦-0.025911331176757812),(Vehicles3↦-0.09932398796081543),(Vehicles4↦-0.09164690971374512),(Vehicles5↦-0.01891613006591797)}",
        "VehiclesVx": "{(EgoVehicle↦29.999802112579346),(Vehicles2↦-8.798826336860657),(Vehicles3↦-11.934349536895752),(Vehicles4↦-8.521838784217834),(Vehicles5↦-12.171845436096191)}",
        "VehiclesY": "{(EgoVehicle↦8.000000238418579),(Vehicles2↦-8.000000238418579),(Vehicles3↦-4.0000001192092896),(Vehicles4↦4.020783705982467E-12),(Vehicles5↦-4.0000001192092896)}",
        "VehiclesVy": "{(EgoVehicle↦3.907985046680551E-13),(Vehicles2↦-3.8191672047105385E-13),(Vehicles3↦-3.8191672047105385E-13),(Vehicles4↦-3.8191672047105385E-13),(Vehicles5↦-3.8191672047105385E-13)}",
        "VehiclesX": "{(EgoVehicle↦200.0),(Vehicles2↦2.422945573925972),(Vehicles3↦9.519203007221222),(Vehicles4↦56.64750933647156),(Vehicles5↦61.072057485580444)}"
      },
      "probabilisticVariables": null,
      "activating": [
        "IDLE_9"
      ],
      "activatingOnlyWhenExecuted": true,
      "updating": null,
      "withPredicate": null
    },
    {
      "id": "IDLE_9",
      "execute": "IDLE",
      "after": "1000",
      "priority": 0,
      "additionalGuards": null,
      "activationKind": null,
      "fixedVariables": {
        "Crash": "FALSE",
        "VehiclesAy": "{(EgoVehicle↦6.217248937900877E-13),(Vehicles2↦-6.306066779870889E-13),(Vehicles3↦-6.306066779870889E-13),(Vehicles4↦-6.306066779870889E-13),(Vehicles5↦-3.2323402166370396)}",
        "Reward": "0.9999993046539931",
        "VehiclesAx": "{(EgoVehicle↦0.000171661376953125),(Vehicles2↦-3.28127920627594),(Vehicles3↦2.681376338005066),(Vehicles4↦-0.07216691970825195),(Vehicles5↦-0.2799510955810547)}",
        "VehiclesVx": "{(EgoVehicle↦29.9999737739563),(Vehicles2↦-12.080105543136597),(Vehicles3↦-9.252973198890686),(Vehicles4↦-8.594005703926086),(Vehicles5↦-12.451796531677246)}",
        "VehiclesY": "{(EgoVehicle↦8.000000238418579),(Vehicles2↦-4.0000001192092896),(Vehicles3↦-8.000000238418579),(Vehicles4↦2.9043434324194095E-13),(Vehicles5↦-6.821785926818848)}",
        "VehiclesVy": "{(EgoVehicle↦1.0125233984581428E-12),(Vehicles2↦-1.0125233984581428E-12),(Vehicles3↦-1.0125233984581428E-12),(Vehicles4↦-1.0125233984581428E-12),(Vehicles5↦-3.2323402166366577)}",
        "VehiclesX": "{(EgoVehicle↦200.0),(Vehicles2↦-2.4531718343496323),(Vehicles3↦-6.383603811264038),(Vehicles4↦48.09556603431702),(Vehicles5↦48.5007107257843)}"
      },
      "probabilisticVariables": null,
      "activating": [
        "IDLE_10"
      ],
      "activatingOnlyWhenExecuted": true,
      "updating": null,
      "withPredicate": null
    },
    {
      "id": "IDLE_10",
      "execute": "IDLE",
      "after": "1000",
      "priority": 0,
      "additionalGuards": null,
      "activationKind": null,
      "fixedVariables": {
        "Crash": "FALSE",
        "VehiclesAy": "{(EgoVehicle↦-9.947598300641403E-13),(Vehicles2↦-0.253098495303572),(Vehicles3↦9.947598300641403E-13),(Vehicles4↦9.947598300641403E-13),(Vehicles5↦-3.2323402166366755)}",
        "Reward": "0.9999999084318016",
        "VehiclesAx": "{(EgoVehicle↦2.384185791015625E-05),(Vehicles2↦0.4187750816345215),(Vehicles3↦0.5993127822875977),(Vehicles4↦-3.199954628944397),(Vehicles5↦3.283909559249878)}",
        "VehiclesVx": "{(EgoVehicle↦29.99999761581421),(Vehicles2↦-11.661330461502075),(Vehicles3↦-8.653660416603088),(Vehicles4↦-11.793960332870483),(Vehicles5↦-9.167886972427368)}",
        "VehiclesY": "{(EgoVehicle↦8.000000238418579),(Vehicles2↦-7.9101948738098145),(Vehicles3↦2.6645352591003757E-15),(Vehicles4↦-4.0000001192092896),(Vehicles5↦-8.000000238418579)}",
        "VehiclesVy": "{(EgoVehicle↦1.7763568394002505E-14),(Vehicles2↦-0.2530984953045845),(Vehicles3↦-1.7763568394002505E-14),(Vehicles4↦-1.7763568394002505E-14),(Vehicles5↦-1.7763568394002505E-14)}",
        "VehiclesX": "{(EgoVehicle↦200.0),(Vehicles2↦36.49622201919556),(Vehicles3↦39.47691321372986),(Vehicles4↦82.3436439037323),(Vehicles5↦83.58443975448608)}"
      },
      "probabilisticVariables": null,
      "activating": [
        "LANE_RIGHT_11"
      ],
      "activatingOnlyWhenExecuted": true,
      "updating": null,
      "withPredicate": null
    },
    {
      "id": "LANE_RIGHT_11",
      "execute": "LANE_RIGHT",
      "after": "1000",
      "priority": 0,
      "additionalGuards": null,
      "activationKind": null,
      "fixedVariables": {
        "Crash": "FALSE",
        "VehiclesAy": "{(EgoVehicle↦-1.7763568394002505E-14),(Vehicles2↦0.23467046790756285),(Vehicles3↦1.7763568394002505E-14),(Vehicles4↦1.7763568394002505E-14),(Vehicles5↦-1.7763568394002505E-14)}",
        "Reward": "0.9999999879416365",
        "VehiclesAx": "{(EgoVehicle↦2.384185791015625E-06),(Vehicles2↦0.41326165199279785),(Vehicles3↦-0.05187332630157471),(Vehicles4↦0.059877634048461914),(Vehicles5↦-0.02102077007293701)}",
        "VehiclesVx": "{(EgoVehicle↦30.0),(Vehicles2↦-11.248068809509277),(Vehicles3↦-8.705533742904663),(Vehicles4↦-11.734082698822021),(Vehicles5↦-9.188907742500305)}",
        "VehiclesY": "{(EgoVehicle↦8.000000238418579),(Vehicles2↦-7.993509292602539),(Vehicles3↦0.0),(Vehicles4↦-4.0000001192092896),(Vehicles5↦-8.000000238418579)}",
        "VehiclesVy": "{(EgoVehicle↦0.0),(Vehicles2↦-0.01842802739702165),(Vehicles3↦0.0),(Vehicles4↦0.0),(Vehicles5↦0.0)}",
        "VehiclesX": "{(EgoVehicle↦200.0),(Vehicles2↦25.009146332740784),(Vehicles3↦30.802029371261597),(Vehicles4↦70.57194113731384),(Vehicles5↦74.40769672393799)}"
      },
      "probabilisticVariables": null,
      "activating": [
        "SLOWER_12"
      ],
      "activatingOnlyWhenExecuted": true,
      "updating": null,
      "withPredicate": null
    },
    {
      "id": "SLOWER_12",
      "execute": "SLOWER",
      "after": "1000",
      "priority": 0,
      "additionalGuards": null,
      "activationKind": null,
      "fixedVariables": {
        "Crash": "FALSE",
        "VehiclesAy": "{(EgoVehicle↦0.0),(Vehicles2↦0.017137348477263004),(Vehicles3↦0.0),(Vehicles4↦0.0),(Vehicles5↦0.0)}",
        "Reward": "0.8842249641185145",
        "VehiclesAx": "{(EgoVehicle↦-4.341564178466797),(Vehicles2↦4.661626815795898),(Vehicles3↦4.294328689575195),(Vehicles4↦4.419143795967102),(Vehicles5↦4.325219392776489)}",
        "VehiclesVx": "{(EgoVehicle↦25.658435821533203),(Vehicles2↦-6.586441993713379),(Vehicles3↦-4.411205053329468),(Vehicles4↦-7.314938902854919),(Vehicles5↦-4.863688349723816)}",
        "VehiclesY": "{(EgoVehicle↦8.000000238418579),(Vehicles2↦-7.9995481967926025),(Vehicles3↦0.0),(Vehicles4↦-4.0000001192092896),(Vehicles5↦-8.000000238418579)}",
        "VehiclesVy": "{(EgoVehicle↦0.0),(Vehicles2↦-0.0012906789197586477),(Vehicles3↦0.0),(Vehicles4↦0.0),(Vehicles5↦0.0)}",
        "VehiclesX": "{(EgoVehicle↦200.0),(Vehicles2↦16.29061996936798),(Vehicles3↦24.47238266468048),(Vehicles4↦61.26281023025513),(Vehicles5↦67.60700345039368)}"
      },
      "probabilisticVariables": null,
      "activating": [
        "SLOWER_13"
      ],
      "activatingOnlyWhenExecuted": true,
      "updating": null,
      "withPredicate": null
    },
    {
      "id": "SLOWER_13",
      "execute": "SLOWER",
      "after": "1000",
      "priority": 0,
      "additionalGuards": null,
      "activationKind": null,
      "fixedVariables": {
        "Crash": "FALSE",
        "VehiclesAy": "{(EgoVehicle↦0.0),(Vehicles2↦0.001202984467454371),(Vehicles3↦0.0),(Vehicles4↦0.0),(Vehicles5↦0.0)}",
        "Reward": "0.753203836152781",
        "VehiclesAx": "{(EgoVehicle↦-4.913291931152344),(Vehicles2↦5.1626089215278625),(Vehicles3↦4.868792332708836),(Vehicles4↦5.002031177282333),(Vehicles5↦4.900240181013942)}",
        "VehiclesVx": "{(EgoVehicle↦20.74514389038086),(Vehicles2↦-1.4238330721855164),(Vehicles3↦0.45758727937936783),(Vehicles4↦-2.312907725572586),(Vehicles5↦0.03655183129012585)}",
        "VehiclesY": "{(EgoVehicle↦8.000000238418579),(Vehicles2↦-7.999969482421875),(Vehicles3↦0.0),(Vehicles4↦-4.0000001192092896),(Vehicles5↦-8.000000238418579)}",
        "VehiclesVy": "{(EgoVehicle↦0.0),(Vehicles2↦-8.769445230427664E-05),(Vehicles3↦0.0),(Vehicles4↦0.0),(Vehicles5↦0.0)}",
        "VehiclesX": "{(EgoVehicle↦200.0),(Vehicles2↦12.519271671772003),(Vehicles3↦22.753670811653137),(Vehicles4↦56.693172454833984),(Vehicles5↦65.44833183288574)}"
      },
      "probabilisticVariables": null,
      "activating": [
        "LANE_RIGHT_14"
      ],
      "activatingOnlyWhenExecuted": true,
      "updating": null,
      "withPredicate": null
    },
    {
      "id": "LANE_RIGHT_14",
      "execute": "LANE_RIGHT",
      "after": "1000",
      "priority": 0,
      "additionalGuards": null,
      "activationKind": null,
      "fixedVariables": {
        "Crash": "FALSE",
        "VehiclesAy": "{(EgoVehicle↦0.0),(Vehicles2↦8.187687171812286E-05),(Vehicles3↦0.0),(Vehicles4↦0.0),(Vehicles5↦0.0)}",
        "Reward": "0.7359500250626433",
        "VehiclesAx": "{(EgoVehicle↦-0.6470179557800293),(Vehicles2↦0.8429782837629318),(Vehicles3↦0.6042317673563957),(Vehicles4↦0.7415026426315308),(Vehicles5↦0.6363936979323626)}",
        "VehiclesVx": "{(EgoVehicle↦20.09812593460083),(Vehicles2↦-0.5808547884225845),(Vehicles3↦1.0618190467357635),(Vehicles4↦-1.5714050829410553),(Vehicles5↦0.6729455292224884)}",
        "VehiclesY": "{(EgoVehicle↦8.000000238418579),(Vehicles2↦-7.999998092651367),(Vehicles3↦0.0),(Vehicles4↦-4.0000001192092896),(Vehicles5↦-8.000000238418579)}",
        "VehiclesVy": "{(EgoVehicle↦0.0),(Vehicles2↦-5.817580586153781E-06),(Vehicles3↦0.0),(Vehicles4↦0.0),(Vehicles5↦0.0)}",
        "VehiclesX": "{(EgoVehicle↦200.0),(Vehicles2↦11.534429341554642),(Vehicles3↦23.550964891910553),(Vehicles4↦54.77471351623535),(Vehicles5↦65.8374011516571)}"
      },
      "probabilisticVariables": null,
      "activating": [
        "LANE_RIGHT_15"
      ],
      "activatingOnlyWhenExecuted": true,
      "updating": null,
      "withPredicate": null
    },
    {
      "id": "LANE_RIGHT_15",
      "execute": "LANE_RIGHT",
      "after": "1000",
      "priority": 0,
      "additionalGuards": null,
      "activationKind": null,
      "fixedVariables": {
        "Crash": "FALSE",
        "VehiclesAy": "{(EgoVehicle↦0.0),(Vehicles2↦5.4389191461723385E-06),(Vehicles3↦0.0),(Vehicles4↦0.0),(Vehicles5↦0.0)}",
        "Reward": "0.7336779182524195",
        "VehiclesAx": "{(EgoVehicle↦-0.08520364761352539),(Vehicles2↦0.2413010597229004),(Vehicles3↦0.04367120563983917),(Vehicles4↦0.18135622143745422),(Vehicles5↦0.07646121084690094)}",
        "VehiclesVx": "{(EgoVehicle↦20.012922286987305),(Vehicles2↦-0.33955372869968414),(Vehicles3↦1.1054902523756027),(Vehicles4↦-1.390048861503601),(Vehicles5↦0.7494067400693893)}",
        "VehiclesY": "{(EgoVehicle↦8.000000238418579),(Vehicles2↦-7.999999523162842),(Vehicles3↦0.0),(Vehicles4↦-4.0000001192092896),(Vehicles5↦-8.000000238418579)}",
        "VehiclesVy": "{(EgoVehicle↦0.0),(Vehicles2↦-3.7866143998144253E-07),(Vehicles3↦0.0),(Vehicles4↦0.0),(Vehicles5↦0.0)}",
        "VehiclesX": "{(EgoVehicle↦200.0),(Vehicles2↦11.065757274627686),(Vehicles3↦24.643082916736603),(Vehicles4↦53.28876972198486),(Vehicles5↦66.5537178516388)}"
      },
      "probabilisticVariables": null,
      "activating": [
        "LANE_RIGHT_16"
      ],
      "activatingOnlyWhenExecuted": true,
      "updating": null,
      "withPredicate": null
    },
    {
      "id": "LANE_RIGHT_16",
      "execute": "LANE_RIGHT",
      "after": "1000",
      "priority": 0,
      "additionalGuards": null,
      "activationKind": null,
      "fixedVariables": {
        "Crash": "FALSE",
        "VehiclesAy": "{(EgoVehicle↦0.0),(Vehicles2↦3.5438999290704487E-07),(Vehicles3↦0.0),(Vehicles4↦0.0),(Vehicles5↦0.0)}",
        "Reward": "0.7333787107712376",
        "VehiclesAx": "{(EgoVehicle↦-0.011219978332519531),(Vehicles2↦0.1375316083431244),(Vehicles3↦-0.029196366667747498),(Vehicles4↦0.10619774460792542),(Vehicles5↦0.004004389047622681)}",
        "VehiclesVx": "{(EgoVehicle↦20.001702308654785),(Vehicles2↦-0.20202212035655975),(Vehicles3↦1.0762938857078552),(Vehicles4↦-1.2838511168956757),(Vehicles5↦0.753411129117012)}",
        "VehiclesY": "{(EgoVehicle↦8.000000238418579),(Vehicles2↦-8.000000238418579),(Vehicles3↦0.0),(Vehicles4↦-4.0000001192092896),(Vehicles5↦-8.000000238418579)}",
        "VehiclesVy": "{(EgoVehicle↦0.0),(Vehicles2↦-2.4271447074397656E-08),(Vehicles3↦0.0),(Vehicles4↦0.0),(Vehicles5↦0.0)}",
        "VehiclesX": "{(EgoVehicle↦200.0),(Vehicles2↦10.784970968961716),(Vehicles3↦25.738507509231567),(Vehicles4↦51.94308161735535),(Vehicles5↦67.30631589889526)}"
      },
      "probabilisticVariables": null,
      "activating": [
        "LANE_RIGHT_17"
      ],
      "activatingOnlyWhenExecuted": true,
      "updating": null,
      "withPredicate": null
    },
    {
      "id": "LANE_RIGHT_17",
      "execute": "LANE_RIGHT",
      "after": "1000",
      "priority": 0,
      "additionalGuards": null,
      "activationKind": null,
      "fixedVariables": {
        "Crash": "FALSE",
        "VehiclesAy": "{(EgoVehicle↦0.0),(Vehicles2↦2.273512933470556E-08),(Vehicles3↦0.0),(Vehicles4↦0.0),(Vehicles5↦0.0)}",
        "Reward": "0.7333393089630161",
        "VehiclesAx": "{(EgoVehicle↦-0.0014781951904296875),(Vehicles2↦0.1053779199719429),(Vehicles3↦-0.03779485821723938),(Vehicles4↦0.09344689548015594),(Vehicles5↦-0.004449710249900818)}",
        "VehiclesVx": "{(EgoVehicle↦20.000224113464355),(Vehicles2↦-0.09664420038461685),(Vehicles3↦1.0384990274906158),(Vehicles4↦-1.1904042214155197),(Vehicles5↦0.7489614188671112)}",
        "VehiclesY": "{(EgoVehicle↦8.000000238418579),(Vehicles2↦-8.000000238418579),(Vehicles3↦0.0),(Vehicles4↦-4.0000001192092896),(Vehicles5↦-8.000000238418579)}",
        "VehiclesVy": "{(EgoVehicle↦0.0),(Vehicles2↦-1.5363177396920946E-09),(Vehicles3↦0.0),(Vehicles4↦0.0),(Vehicles5↦0.0)}",
        "VehiclesX": "{(EgoVehicle↦200.0),(Vehicles2↦10.626877844333649),(Vehicles3↦26.79981291294098),(Vehicles4↦50.69712996482849),(Vehicles5↦68.05807948112488)}"
      },
      "probabilisticVariables": null,
      "activating": [
        "LANE_RIGHT_18"
      ],
      "activatingOnlyWhenExecuted": true,
      "updating": null,
      "withPredicate": null
    },
    {
      "id": "LANE_RIGHT_18",
      "execute": "LANE_RIGHT",
      "after": "1000",
      "priority": 0,
      "additionalGuards": null,
      "activationKind": null,
      "fixedVariables": {
        "Crash": "FALSE",
        "VehiclesAy": "{(EgoVehicle↦0.0),(Vehicles2↦1.440083607917586E-09),(Vehicles3↦0.0),(Vehicles4↦0.0),(Vehicles5↦0.0)}",
        "Reward": "0.7333341202475303",
        "VehiclesAx": "{(EgoVehicle↦-0.00019550323486328125),(Vehicles2↦0.08703567553311586),(Vehicles3↦-0.037835389375686646),(Vehicles4↦0.08807770907878876),(Vehicles5↦-0.004613324999809265)}",
        "VehiclesVx": "{(EgoVehicle↦20.000028610229492),(Vehicles2↦-0.009608524851500988),(Vehicles3↦1.0006636381149292),(Vehicles4↦-1.102326512336731),(Vehicles5↦0.7443480938673019)}",
        "VehiclesY": "{(EgoVehicle↦8.000000238418579),(Vehicles2↦-8.000000238418579),(Vehicles3↦0.0),(Vehicles4↦-4.0000001192092896),(Vehicles5↦-8.000000238418579)}",
        "VehiclesVy": "{(EgoVehicle↦0.0),(Vehicles2↦-9.623413177450857E-11),(Vehicles3↦0.0),(Vehicles4↦0.0),(Vehicles5↦0.0)}",
        "VehiclesX": "{(EgoVehicle↦200.0),(Vehicles2↦10.566268861293793),(Vehicles3↦27.823102474212646),(Vehicles4↦49.54233765602112),(Vehicles5↦68.80514025688171)}"
      },
      "probabilisticVariables": null,
      "activating": [
        "LANE_RIGHT_19"
      ],
      "activatingOnlyWhenExecuted": true,
      "updating": null,
      "withPredicate": null
    },
    {
      "id": "LANE_RIGHT_19",
      "execute": "LANE_RIGHT",
      "after": "1000",
      "priority": 0,
      "additionalGuards": null,
      "activationKind": null,
      "fixedVariables": {
        "Crash": "FALSE",
        "VehiclesAy": "{(EgoVehicle↦0.0),(Vehicles2↦9.026557279412373E-11),(Vehicles3↦0.0),(Vehicles4↦0.0),(Vehicles5↦0.0)}",
        "Reward": "0.7333334369598942",
        "VehiclesAx": "{(EgoVehicle↦-2.384185791015625E-05),(Vehicles2↦0.07369129452854395),(Vehicles3↦-0.03664642572402954),(Vehicles4↦0.0832744687795639),(Vehicles5↦-0.003789961338043213)}",
        "VehiclesVx": "{(EgoVehicle↦20.000004768371582),(Vehicles2↦0.06408276967704296),(Vehicles3↦0.9640172123908997),(Vehicles4↦-1.019052043557167),(Vehicles5↦0.7405581325292587)}",
        "VehiclesY": "{(EgoVehicle↦8.000000238418579),(Vehicles2↦-8.000000238418579),(Vehicles3↦0.0),(Vehicles4↦-4.0000001192092896),(Vehicles5↦-8.000000238418579)}",
        "VehiclesVy": "{(EgoVehicle↦0.0),(Vehicles2↦-5.9685589803848416E-12),(Vehicles3↦0.0),(Vehicles4↦0.0),(Vehicles5↦0.0)}",
        "VehiclesX": "{(EgoVehicle↦200.0),(Vehicles2↦10.587068647146225),(Vehicles3↦28.808999061584473),(Vehicles4↦48.47370982170105),(Vehicles5↦69.54789757728577)}"
      },
      "probabilisticVariables": null,
      "activating": [
        "FASTER_20"
      ],
      "activatingOnlyWhenExecuted": true,
      "updating": null,
      "withPredicate": null
    },
    {
      "id": "FASTER_20",
      "execute": "FASTER",
      "after": "1000",
      "priority": 0,
      "additionalGuards": null,
      "activationKind": null,
      "fixedVariables": {
        "Crash": "FALSE",
        "VehiclesAy": "{(EgoVehicle↦0.0),(Vehicles2↦5.595524044110789E-12),(Vehicles3↦0.0),(Vehicles4↦0.0),(Vehicles5↦0.0)}",
        "Reward": "0.8491083812731822",
        "VehiclesAx": "{(EgoVehicle↦4.341559410095215),(Vehicles2↦-4.278234271332622),(Vehicles3↦-4.376767575740814),(Vehicles4↦-4.263141378760338),(Vehicles5↦-4.344485029578209)}",
        "VehiclesVx": "{(EgoVehicle↦24.341564178466797),(Vehicles2↦-4.214151501655579),(Vehicles3↦-3.4127503633499146),(Vehicles4↦-5.282193422317505),(Vehicles5↦-3.60392689704895)}",
        "VehiclesY": "{(EgoVehicle↦8.000000238418579),(Vehicles2↦-8.000000238418579),(Vehicles3↦0.0),(Vehicles4↦-4.0000001192092896),(Vehicles5↦-8.000000238418579)}",
        "VehiclesVy": "{(EgoVehicle↦0.0),(Vehicles2↦-3.730349362740526E-13),(Vehicles3↦0.0),(Vehicles4↦0.0),(Vehicles5↦0.0)}",
        "VehiclesX": "{(EgoVehicle↦200.0),(Vehicles2↦8.28215628862381),(Vehicles3↦27.36375331878662),(Vehicles4↦45.09135186672211),(Vehicles5↦67.89215803146362)}"
      },
      "probabilisticVariables": null,
      "activating": [
        "SLOWER_21"
      ],
      "activatingOnlyWhenExecuted": true,
      "updating": null,
      "withPredicate": null
    },
    {
      "id": "SLOWER_21",
      "execute": "SLOWER",
      "after": "1000",
      "priority": 0,
      "additionalGuards": null,
      "activationKind": null,
      "fixedVariables": {
        "Crash": "FALSE",
        "VehiclesAy": "{(EgoVehicle↦0.0),(Vehicles2↦3.4638958368304884E-13),(Vehicles3↦0.0),(Vehicles4↦0.0),(Vehicles5↦0.0)}",
        "Reward": "0.7485794301813793",
        "VehiclesAx": "{(EgoVehicle↦-3.76983642578125),(Vehicles2↦3.8249142840504646),(Vehicles3↦3.7361809611320496),(Vehicles4↦3.8434505462646484),(Vehicles5↦3.7677166797220707)}",
        "VehiclesVx": "{(EgoVehicle↦20.571727752685547),(Vehicles2↦-0.389237217605114),(Vehicles3↦0.323430597782135),(Vehicles4↦-1.4387428760528564),(Vehicles5↦0.1637897826731205)}",
        "VehiclesY": "{(EgoVehicle↦8.000000238418579),(Vehicles2↦-8.000000238418579),(Vehicles3↦0.0),(Vehicles4↦-4.0000001192092896),(Vehicles5↦-8.000000238418579)}",
        "VehiclesVy": "{(EgoVehicle↦0.0),(Vehicles2↦-2.6645352591003757E-14),(Vehicles3↦0.0),(Vehicles4↦0.0),(Vehicles5↦0.0)}",
        "VehiclesX": "{(EgoVehicle↦200.0),(Vehicles2↦6.170289590954781),(Vehicles3↦26.017075777053833),(Vehicles4↦41.91864728927612),(Vehicles5↦66.36698842048645)}"
      },
      "probabilisticVariables": null,
      "activating": [
        "LANE_RIGHT_22"
      ],
      "activatingOnlyWhenExecuted": true,
      "updating": null,
      "withPredicate": null
    },
    {
      "id": "LANE_RIGHT_22",
      "execute": "LANE_RIGHT",
      "after": "1000",
      "priority": 0,
      "additionalGuards": null,
      "activationKind": null,
      "fixedVariables": {
        "Crash": "FALSE",
        "VehiclesAy": "{(EgoVehicle↦0.0),(Vehicles2↦2.6645352591003757E-14),(Vehicles3↦0.0),(Vehicles4↦0.0),(Vehicles5↦0.0)}",
        "Reward": "0.735341049790689",
        "VehiclesAx": "{(EgoVehicle↦-0.49643754959106445),(Vehicles2↦0.5448355060070753),(Vehicles3↦0.4644010215997696),(Vehicles4↦0.5654089897871017),(Vehicles5↦0.4950515739619732)}",
        "VehiclesVx": "{(EgoVehicle↦20.075290203094482),(Vehicles2↦0.15559828840196133),(Vehicles3↦0.7878316193819046),(Vehicles4↦-0.8733338862657547),(Vehicles5↦0.6588413566350937)}",
        "VehiclesY": "{(EgoVehicle↦8.000000238418579),(Vehicles2↦-8.000000238418579),(Vehicles3↦0.0),(Vehicles4↦-4.0000001192092896),(Vehicles5↦-8.000000238418579)}",
        "VehiclesVy": "{(EgoVehicle↦0.0),(Vehicles2↦0.0),(Vehicles3↦0.0),(Vehicles4↦0.0),(Vehicles5↦0.0)}",
        "VehiclesX": "{(EgoVehicle↦200.0),(Vehicles2↦6.074758246541023),(Vehicles3↦26.60142481327057),(Vehicles4↦40.78172147274017),(Vehicles5↦66.80403351783752)}"
      },
      "probabilisticVariables": null,
      "activating": [
        "LANE_RIGHT_23"
      ],
      "activatingOnlyWhenExecuted": true,
      "updating": null,
      "withPredicate": null
    },
    {
      "id": "LANE_RIGHT_23",
      "execute": "LANE_RIGHT",
      "after": "1000",
      "priority": 0,
      "additionalGuards": null,
      "activationKind": null,
      "fixedVariables": {
        "Crash": "FALSE",
        "VehiclesAy": "{(EgoVehicle↦0.0),(Vehicles2↦0.0),(Vehicles3↦0.0),(Vehicles4↦0.0),(Vehicles5↦0.0)}",
        "Reward": "0.7335977239779234",
        "VehiclesAx": "{(EgoVehicle↦-0.06537437438964844),(Vehicles2↦0.10827668942511082),(Vehicles3↦0.03499530255794525),(Vehicles4↦0.12992925941944122),(Vehicles5↦0.06465159356594086)}",
        "VehiclesVx": "{(EgoVehicle↦20.009915828704834),(Vehicles2↦0.26387497782707214),(Vehicles3↦0.8228269219398499),(Vehicles4↦-0.7434046268463135),(Vehicles5↦0.7234929502010345)}",
        "VehiclesY": "{(EgoVehicle↦8.000000238418579),(Vehicles2↦-8.000000238418579),(Vehicles3↦0.0),(Vehicles4↦-4.0000001192092896),(Vehicles5↦-8.000000238418579)}",
        "VehiclesVy": "{(EgoVehicle↦0.0),(Vehicles2↦0.0),(Vehicles3↦0.0),(Vehicles4↦0.0),(Vehicles5↦0.0)}",
        "VehiclesX": "{(EgoVehicle↦200.0),(Vehicles2↦6.28398135304451),(Vehicles3↦27.413034439086914),(Vehicles4↦39.97061550617218),(Vehicles5↦67.49860048294067)}"
      },
      "probabilisticVariables": null,
      "activating": [
        "LANE_RIGHT_24"
      ],
      "activatingOnlyWhenExecuted": true,
      "updating": null,
      "withPredicate": null
    },
    {
      "id": "LANE_RIGHT_24",
      "execute": "LANE_RIGHT",
      "after": "1000",
      "priority": 0,
      "additionalGuards": null,
      "activationKind": null,
      "fixedVariables": {
        "Crash": "FALSE",
        "VehiclesAy": "{(EgoVehicle↦0.0),(Vehicles2↦0.0),(Vehicles3↦0.0),(Vehicles4↦0.0),(Vehicles5↦0.0)}",
        "Reward": "0.733368150208341",
        "VehiclesAx": "{(EgoVehicle↦-0.008609294891357422),(Vehicles2↦0.046933796256780624),(Vehicles3↦-0.020089149475097656),(Vehicles4↦0.0690130889415741),(Vehicles5↦0.008489638566970825)}",
        "VehiclesVx": "{(EgoVehicle↦20.001306533813477),(Vehicles2↦0.31080877408385277),(Vehicles3↦0.8027377724647522),(Vehicles4↦-0.6743915379047394),(Vehicles5↦0.7319825887680054)}",
        "VehiclesY": "{(EgoVehicle↦8.000000238418579),(Vehicles2↦-8.000000238418579),(Vehicles3↦0.0),(Vehicles4↦-4.0000001192092896),(Vehicles5↦-8.000000238418579)}",
        "VehiclesVy": "{(EgoVehicle↦0.0),(Vehicles2↦0.0),(Vehicles3↦0.0),(Vehicles4↦0.0),(Vehicles5↦0.0)}",
        "VehiclesX": "{(EgoVehicle↦200.0),(Vehicles2↦6.568270176649094),(Vehicles3↦28.2289981842041),(Vehicles4↦39.256441593170166),(Vehicles5↦68.22674870491028)}"
      },
      "probabilisticVariables": null,
      "activating": [
        "LANE_RIGHT_25"
      ],
      "activatingOnlyWhenExecuted": true,
      "updating": null,
      "withPredicate": null
    },
    {
      "id": "LANE_RIGHT_25",
      "execute": "LANE_RIGHT",
      "after": "1000",
      "priority": 0,
      "additionalGuards": null,
      "activationKind": null,
      "fixedVariables": {
        "Crash": "FALSE",
        "VehiclesAy": "{(EgoVehicle↦0.0),(Vehicles2↦0.0),(Vehicles3↦0.0),(Vehicles4↦0.0),(Vehicles5↦0.0)}",
        "Reward": "0.733337918271606",
        "VehiclesAx": "{(EgoVehicle↦-0.0011348724365234375),(Vehicles2↦0.035600606352090836),(Vehicles3↦-0.0258781760931015),(Vehicles4↦0.057662688195705414),(Vehicles5↦0.0015620142221450806)}",
        "VehiclesVx": "{(EgoVehicle↦20.000171661376953),(Vehicles2↦0.3464093804359436),(Vehicles3↦0.7768595963716507),(Vehicles4↦-0.616728849709034),(Vehicles5↦0.7335446029901505)}",
        "VehiclesY": "{(EgoVehicle↦8.000000238418579),(Vehicles2↦-8.000000238418579),(Vehicles3↦0.0),(Vehicles4↦-4.0000001192092896),(Vehicles5↦-8.000000238418579)}",
        "VehiclesVy": "{(EgoVehicle↦0.0),(Vehicles2↦0.0),(Vehicles3↦0.0),(Vehicles4↦0.0),(Vehicles5↦0.0)}",
        "VehiclesX": "{(EgoVehicle↦200.0),(Vehicles2↦6.89377561211586),(Vehicles3↦29.02142107486725),(Vehicles4↦38.60558569431305),(Vehicles5↦68.95948648452759)}"
      },
      "probabilisticVariables": null,
      "activating": [
        "SLOWER_26"
      ],
      "activatingOnlyWhenExecuted": true,
      "updating": null,
      "withPredicate": null
    },
    {
      "id": "SLOWER_26",
      "execute": "SLOWER",
      "after": "1000",
      "priority": 0,
      "additionalGuards": null,
      "activationKind": null,
      "fixedVariables": {
        "Crash": "FALSE",
        "VehiclesAy": "{(EgoVehicle↦0.0),(Vehicles2↦0.0),(Vehicles3↦0.0),(Vehicles4↦0.0),(Vehicles5↦0.0)}",
        "Reward": "0.7333339371112128",
        "VehiclesAx": "{(EgoVehicle↦-0.00015020370483398438),(Vehicles2↦0.031331367790699005),(Vehicles3↦-0.025185570120811462),(Vehicles4↦0.05307596176862717),(Vehicles5↦0.0010736286640167236)}",
        "VehiclesVx": "{(EgoVehicle↦20.00002145767212),(Vehicles2↦0.3777407482266426),(Vehicles3↦0.7516740262508392),(Vehicles4↦-0.5636528879404068),(Vehicles5↦0.7346182316541672)}",
        "VehiclesY": "{(EgoVehicle↦8.000000238418579),(Vehicles2↦-8.000000238418579),(Vehicles3↦0.0),(Vehicles4↦-4.0000001192092896),(Vehicles5↦-8.000000238418579)}",
        "VehiclesVy": "{(EgoVehicle↦0.0),(Vehicles2↦0.0),(Vehicles3↦0.0),(Vehicles4↦0.0),(Vehicles5↦0.0)}",
        "VehiclesX": "{(EgoVehicle↦200.0),(Vehicles2↦7.252983003854752),(Vehicles3↦29.788094758987427),(Vehicles4↦38.01038861274719),(Vehicles5↦69.69344019889832)}"
      },
      "probabilisticVariables": null,
      "activating": [
        "SLOWER_27"
      ],
      "activatingOnlyWhenExecuted": true,
      "updating": null,
      "withPredicate": null
    },
    {
      "id": "SLOWER_27",
      "execute": "SLOWER",
      "after": "1000",
      "priority": 0,
      "additionalGuards": null,
      "activationKind": null,
      "fixedVariables": {
        "Crash": "FALSE",
        "VehiclesAy": "{(EgoVehicle↦0.0),(Vehicles2↦0.0),(Vehicles3↦0.0),(Vehicles4↦0.0),(Vehicles5↦0.0)}",
        "Reward": "0.7333334128431775",
        "VehiclesAx": "{(EgoVehicle↦-1.9073486328125E-05),(Vehicles2↦0.028380118310451508),(Vehicles3↦-0.02365998923778534),(Vehicles4↦0.04960615187883377),(Vehicles5↦0.0013919174671173096)}",
        "VehiclesVx": "{(EgoVehicle↦20.00000238418579),(Vehicles2↦0.4061208665370941),(Vehicles3↦0.7280140370130539),(Vehicles4↦-0.514046736061573),(Vehicles5↦0.7360101491212845)}",
        "VehiclesY": "{(EgoVehicle↦8.000000238418579),(Vehicles2↦-8.000000238418579),(Vehicles3↦0.0),(Vehicles4↦-4.0000001192092896),(Vehicles5↦-8.000000238418579)}",
        "VehiclesVy": "{(EgoVehicle↦0.0),(Vehicles2↦0.0),(Vehicles3↦0.0),(Vehicles4↦0.0),(Vehicles5↦0.0)}",
        "VehiclesX": "{(EgoVehicle↦200.0),(Vehicles2↦7.642287760972977),(Vehicles3↦30.53017556667328),(Vehicles4↦37.46683895587921),(Vehicles5↦70.42858600616455)}"
      },
      "probabilisticVariables": null,
      "activating": [
        "SLOWER_28"
      ],
      "activatingOnlyWhenExecuted": true,
      "updating": null,
      "withPredicate": null
    },
    {
      "id": "SLOWER_28",
      "execute": "SLOWER",
      "after": "1000",
      "priority": 0,
      "additionalGuards": null,
      "activationKind": null,
      "fixedVariables": {
        "Crash": "FALSE",
        "VehiclesAy": "{(EgoVehicle↦0.0),(Vehicles2↦0.0),(Vehicles3↦0.0),(Vehicles4↦0.0),(Vehicles5↦0.0)}",
        "Reward": "0.7333333438037655",
        "VehiclesAx": "{(EgoVehicle↦-2.384185791015625E-06),(Vehicles2↦0.02592075616121292),(Vehicles3↦-0.02205371856689453),(Vehicles4↦0.04649687558412552),(Vehicles5↦0.0017784535884857178)}",
        "VehiclesVx": "{(EgoVehicle↦20.0),(Vehicles2↦0.43204162269830704),(Vehicles3↦0.7059603184461594),(Vehicles4↦-0.4675498604774475),(Vehicles5↦0.7377886027097702)}",
        "VehiclesY": "{(EgoVehicle↦8.000000238418579),(Vehicles2↦-8.000000238418579),(Vehicles3↦0.0),(Vehicles4↦-4.0000001192092896),(Vehicles5↦-8.000000238418579)}",
        "VehiclesVy": "{(EgoVehicle↦0.0),(Vehicles2↦0.0),(Vehicles3↦0.0),(Vehicles4↦0.0),(Vehicles5↦0.0)}",
        "VehiclesX": "{(EgoVehicle↦200.0),(Vehicles2↦8.058959245681763),(Vehicles3↦31.249243021011353),(Vehicles4↦36.97162866592407),(Vehicles5↦71.16527557373047)}"
      },
      "probabilisticVariables": null,
      "activating": [
        "SLOWER_29"
      ],
      "activatingOnlyWhenExecuted": true,
      "updating": null,
      "withPredicate": null
    },
    {
      "id": "SLOWER_29",
      "execute": "SLOWER",
      "after": "1000",
      "priority": 0,
      "additionalGuards": null,
      "activationKind": null,
      "fixedVariables": {
        "Crash": "FALSE",
        "VehiclesAy": "{(EgoVehicle↦0.0),(Vehicles2↦0.0),(Vehicles3↦0.0),(Vehicles4↦0.0),(Vehicles5↦0.0)}",
        "Reward": "0.7333333347121557",
        "VehiclesAx": "{(EgoVehicle↦0.0),(Vehicles2↦0.023790597915649414),(Vehicles3↦-0.020472854375839233),(Vehicles4↦0.04363439977169037),(Vehicles5↦0.002138689160346985)}",
        "VehiclesVx": "{(EgoVehicle↦20.0),(Vehicles2↦0.45583222061395645),(Vehicles3↦0.6854874640703201),(Vehicles4↦-0.42391546070575714),(Vehicles5↦0.7399272918701172)}",
        "VehiclesY": "{(EgoVehicle↦8.000000238418579),(Vehicles2↦-8.000000238418579),(Vehicles3↦0.0),(Vehicles4↦-4.0000001192092896),(Vehicles5↦-8.000000238418579)}",
        "VehiclesVy": "{(EgoVehicle↦0.0),(Vehicles2↦0.0),(Vehicles3↦0.0),(Vehicles4↦0.0),(Vehicles5↦0.0)}",
        "VehiclesX": "{(EgoVehicle↦200.0),(Vehicles2↦8.500676602125168),(Vehicles3↦31.94688856601715),(Vehicles4↦36.521753668785095),(Vehicles5↦71.90389633178711)}"
      },
      "probabilisticVariables": null,
      "activating": [
        "SLOWER_30"
      ],
      "activatingOnlyWhenExecuted": true,
      "updating": null,
      "withPredicate": null
    },
    {
      "id": "SLOWER_30",
      "execute": "SLOWER",
      "after": "1000",
      "priority": 0,
      "additionalGuards": null,
      "activationKind": null,
      "fixedVariables": {
        "Crash": "FALSE",
        "VehiclesAy": "{(EgoVehicle↦0.0),(Vehicles2↦0.0),(Vehicles3↦0.0),(Vehicles4↦0.0),(Vehicles5↦0.0)}",
        "Reward": "0.7333333335149067",
        "VehiclesAx": "{(EgoVehicle↦0.0),(Vehicles2↦0.021925605833530426),(Vehicles3↦-0.018937066197395325),(Vehicles4↦0.040989555418491364),(Vehicles5↦0.0024628639221191406)}",
        "VehiclesVx": "{(EgoVehicle↦20.0),(Vehicles2↦0.4777578264474869),(Vehicles3↦0.6665503978729248),(Vehicles4↦-0.3829259052872658),(Vehicles5↦0.7423901557922363)}",
        "VehiclesY": "{(EgoVehicle↦8.000000238418579),(Vehicles2↦-8.000000238418579),(Vehicles3↦0.0),(Vehicles4↦-4.0000001192092896),(Vehicles5↦-8.000000238418579)}",
        "VehiclesVy": "{(EgoVehicle↦0.0),(Vehicles2↦0.0),(Vehicles3↦0.0),(Vehicles4↦0.0),(Vehicles5↦0.0)}",
        "VehiclesX": "{(EgoVehicle↦200.0),(Vehicles2↦8.965418487787247),(Vehicles3↦32.62467980384827),(Vehicles4↦36.11443638801575),(Vehicles5↦72.64478206634521)}"
      },
      "probabilisticVariables": null,
      "activating": [
        "SLOWER_31"
      ],
      "activatingOnlyWhenExecuted": true,
      "updating": null,
      "withPredicate": null
    },
    {
      "id": "SLOWER_31",
      "execute": "SLOWER",
      "after": "1000",
      "priority": 0,
      "additionalGuards": null,
      "activationKind": null,
      "fixedVariables": {
        "Crash": "FALSE",
        "VehiclesAy": "{(EgoVehicle↦0.0),(Vehicles2↦0.0),(Vehicles3↦0.0),(Vehicles4↦0.0),(Vehicles5↦0.0)}",
        "Reward": "0.7333333333572442",
        "VehiclesAx": "{(EgoVehicle↦0.0),(Vehicles2↦0.02028331160545349),(Vehicles3↦-0.01745365560054779),(Vehicles4↦0.03854483366012573),(Vehicles5↦0.002752244472503662)}",
        "VehiclesVx": "{(EgoVehicle↦20.0),(Vehicles2↦0.49804113805294037),(Vehicles3↦0.649096742272377),(Vehicles4↦-0.34438107162714005),(Vehicles5↦0.74514240026474)}",
        "VehiclesY": "{(EgoVehicle↦8.000000238418579),(Vehicles2↦-8.000000238418579),(Vehicles3↦0.0),(Vehicles4↦-4.0000001192092896),(Vehicles5↦-8.000000238418579)}",
        "VehiclesVy": "{(EgoVehicle↦0.0),(Vehicles2↦0.0),(Vehicles3↦0.0),(Vehicles4↦0.0),(Vehicles5↦0.0)}",
        "VehiclesX": "{(EgoVehicle↦200.0),(Vehicles2↦9.45141315460205),(Vehicles3↦33.28413367271423),(Vehicles4↦35.747116804122925),(Vehicles5↦73.38825464248657)}"
      },
      "probabilisticVariables": null,
      "activating": [
        "SLOWER_32"
      ],
      "activatingOnlyWhenExecuted": true,
      "updating": null,
      "withPredicate": null
    },
    {
      "id": "SLOWER_32",
      "execute": "SLOWER",
      "after": "1000",
      "priority": 0,
      "additionalGuards": null,
      "activationKind": null,
      "fixedVariables": {
        "Crash": "FALSE",
        "VehiclesAy": "{(EgoVehicle↦0.0),(Vehicles2↦0.0),(Vehicles3↦0.0),(Vehicles4↦0.0),(Vehicles5↦0.0)}",
        "Reward": "0.7333333333364821",
        "VehiclesAx": "{(EgoVehicle↦0.0),(Vehicles2↦0.01883033663034439),(Vehicles3↦-0.01602672040462494),(Vehicles4↦0.036284830421209335),(Vehicles5↦0.0030093640089035034)}",
        "VehiclesVx": "{(EgoVehicle↦20.0),(Vehicles2↦0.5168714746832848),(Vehicles3↦0.6330700218677521),(Vehicles4↦-0.3080962412059307),(Vehicles5↦0.7481517642736435)}",
        "VehiclesY": "{(EgoVehicle↦8.000000238418579),(Vehicles2↦-8.000000238418579),(Vehicles3↦0.0),(Vehicles4↦-4.0000001192092896),(Vehicles5↦-8.000000238418579)}",
        "VehiclesVy": "{(EgoVehicle↦0.0),(Vehicles2↦0.0),(Vehicles3↦0.0),(Vehicles4↦0.0),(Vehicles5↦0.0)}",
        "VehiclesX": "{(EgoVehicle↦200.0),(Vehicles2↦9.957095980644226),(Vehicles3↦33.92670750617981),(Vehicles4↦35.41742265224457),(Vehicles5↦74.1345763206482)}"
      },
      "probabilisticVariables": null,
      "activating": [
        "SLOWER_33"
      ],
      "activatingOnlyWhenExecuted": true,
      "updating": null,
      "withPredicate": null
    },
    {
      "id": "SLOWER_33",
      "execute": "SLOWER",
      "after": "1000",
      "priority": 0,
      "additionalGuards": null,
      "activationKind": null,
      "fixedVariables": {
        "Crash": "FALSE",
        "VehiclesAy": "{(EgoVehicle↦0.0),(Vehicles2↦0.0),(Vehicles3↦0.0),(Vehicles4↦0.0),(Vehicles5↦0.0)}",
        "Reward": "0.7333333333337481",
        "VehiclesAx": "{(EgoVehicle↦0.0),(Vehicles2↦0.017539821565151215),(Vehicles3↦-0.014659687876701355),(Vehicles4↦0.03419533371925354),(Vehicles5↦0.003236904740333557)}",
        "VehiclesVx": "{(EgoVehicle↦20.0),(Vehicles2↦0.534411296248436),(Vehicles3↦0.6184103339910507),(Vehicles4↦-0.27390090748667717),(Vehicles5↦0.751388669013977)}",
        "VehiclesY": "{(EgoVehicle↦8.000000238418579),(Vehicles2↦-8.000000238418579),(Vehicles3↦0.0),(Vehicles4↦-4.0000001192092896),(Vehicles5↦-8.000000238418579)}",
        "VehiclesVy": "{(EgoVehicle↦0.0),(Vehicles2↦0.0),(Vehicles3↦0.0),(Vehicles4↦0.0),(Vehicles5↦0.0)}",
        "VehiclesX": "{(EgoVehicle↦200.0),(Vehicles2↦10.481080412864685),(Vehicles3↦34.553804993629456),(Vehicles4↦35.12316644191742),(Vehicles5↦74.88400936126709)}"
      },
      "probabilisticVariables": null,
      "activating": [
        "SLOWER_34"
      ],
      "activatingOnlyWhenExecuted": true,
      "updating": null,
      "withPredicate": null
    },
    {
      "id": "SLOWER_34",
      "execute": "SLOWER",
      "after": "1000",
      "priority": 0,
      "additionalGuards": null,
      "activationKind": null,
      "fixedVariables": {
        "Crash": "FALSE",
        "VehiclesAy": "{(EgoVehicle↦0.0),(Vehicles2↦0.0),(Vehicles3↦0.0),(Vehicles4↦0.0),(Vehicles5↦0.0)}",
        "Reward": "0.733333333333388",
        "VehiclesAx": "{(EgoVehicle↦0.0),(Vehicles2↦0.016389302909374237),(Vehicles3↦-0.8600480854511261),(Vehicles4↦0.8789565972983837),(Vehicles5↦0.0034371018409729004)}",
        "VehiclesVx": "{(EgoVehicle↦20.0),(Vehicles2↦0.5508005991578102),(Vehicles3↦-0.24163775146007538),(Vehicles4↦0.6050556898117065),(Vehicles5↦0.75482577085495)}",
        "VehiclesY": "{(EgoVehicle↦8.000000238418579),(Vehicles2↦-8.000000238418579),(Vehicles3↦-4.0000001192092896),(Vehicles4↦0.0),(Vehicles5↦-8.000000238418579)}",
        "VehiclesVy": "{(EgoVehicle↦0.0),(Vehicles2↦0.0),(Vehicles3↦0.0),(Vehicles4↦0.0),(Vehicles5↦0.0)}",
        "VehiclesX": "{(EgoVehicle↦200.0),(Vehicles2↦11.022134870290756),(Vehicles3↦34.86231863498688),(Vehicles4↦35.166773200035095),(Vehicles5↦75.6367564201355)}"
      },
      "probabilisticVariables": null,
      "activating": [
        "FASTER_35"
      ],
      "activatingOnlyWhenExecuted": true,
      "updating": null,
      "withPredicate": null
    },
    {
      "id": "FASTER_35",
      "execute": "FASTER",
      "after": "1000",
      "priority": 0,
      "additionalGuards": null,
      "activationKind": null,
      "fixedVariables": {
        "Crash": "FALSE",
        "VehiclesAy": "{(EgoVehicle↦0.0),(Vehicles2↦0.0),(Vehicles3↦0.0),(Vehicles4↦0.0),(Vehicles5↦0.0)}",
        "Reward": "0.8491083676268932",
        "VehiclesAx": "{(EgoVehicle↦4.341564178466797),(Vehicles2↦-4.326203800737858),(Vehicles3↦-4.311087802052498),(Vehicles4↦-4.353676736354828),(Vehicles5↦-4.337951242923737)}",
        "VehiclesVx": "{(EgoVehicle↦24.341564178466797),(Vehicles2↦-3.7754032015800476),(Vehicles3↦-4.552725553512573),(Vehicles4↦-3.7486210465431213),(Vehicles5↦-3.5831254720687866)}",
        "VehiclesY": "{(EgoVehicle↦8.000000238418579),(Vehicles2↦-8.000000238418579),(Vehicles3↦-4.0000001192092896),(Vehicles4↦0.0),(Vehicles5↦-8.000000238418579)}",
        "VehiclesVy": "{(EgoVehicle↦0.0),(Vehicles2↦0.0),(Vehicles3↦0.0),(Vehicles4↦0.0),(Vehicles5↦0.0)}",
        "VehiclesX": "{(EgoVehicle↦200.0),(Vehicles2↦9.18409526348114),(Vehicles3↦32.2379469871521),(Vehicles4↦33.37182402610779),(Vehicles5↦73.99795055389404)}"
      },
      "probabilisticVariables": null,
      "activating": [
        "LANE_RIGHT_36"
      ],
      "activatingOnlyWhenExecuted": true,
      "updating": null,
      "withPredicate": null
    },
    {
      "id": "LANE_RIGHT_36",
      "execute": "LANE_RIGHT",
      "after": "1000",
      "priority": 0,
      "additionalGuards": null,
      "activationKind": null,
      "fixedVariables": {
        "Crash": "FALSE",
        "VehiclesAy": "{(EgoVehicle↦0.0),(Vehicles2↦0.0),(Vehicles3↦0.0),(Vehicles4↦0.0),(Vehicles5↦0.0)}",
        "Reward": "0.86435446267789",
        "VehiclesAx": "{(EgoVehicle↦0.5717277526855469),(Vehicles2↦-0.5572918057441711),(Vehicles3↦-0.542905330657959),(Vehicles4↦-0.5826637148857117),(Vehicles5↦-0.567963719367981)}",
        "VehiclesVx": "{(EgoVehicle↦24.913291931152344),(Vehicles2↦-4.332695007324219),(Vehicles3↦-5.095630884170532),(Vehicles4↦-4.331284761428833),(Vehicles5↦-4.151089191436768)}",
        "VehiclesY": "{(EgoVehicle↦8.000000238418579),(Vehicles2↦-8.000000238418579),(Vehicles3↦-4.0000001192092896),(Vehicles4↦0.0),(Vehicles5↦-8.000000238418579)}",
        "VehiclesVy": "{(EgoVehicle↦0.0),(Vehicles2↦0.0),(Vehicles3↦0.0),(Vehicles4↦0.0),(Vehicles5↦0.0)}",
        "VehiclesX": "{(EgoVehicle↦200.0),(Vehicles2↦5.099137872457504),(Vehicles3↦27.381479740142822),(Vehicles4↦29.30333912372589),(Vehicles5↦70.1009213924408)}"
      },
      "probabilisticVariables": null,
      "activating": [
        "LANE_RIGHT_37"
      ],
      "activatingOnlyWhenExecuted": true,
      "updating": null,
      "withPredicate": null
    },
    {
      "id": "LANE_RIGHT_37",
      "execute": "LANE_RIGHT",
      "after": "1000",
      "priority": 0,
      "additionalGuards": null,
      "activationKind": null,
      "fixedVariables": {
        "Crash": "FALSE",
        "VehiclesAy": "{(EgoVehicle↦0.0),(Vehicles2↦0.0),(Vehicles3↦0.0),(Vehicles4↦0.0),(Vehicles5↦0.0)}",
        "Reward": "0.8663621788985973",
        "VehiclesAx": "{(EgoVehicle↦0.07529020309448242),(Vehicles2↦-0.06168365478515625),(Vehicles3↦-0.0479966402053833),(Vehicles4↦-0.0851103663444519),(Vehicles5↦-0.0713929533958435)}",
        "VehiclesVx": "{(EgoVehicle↦24.988582134246826),(Vehicles2↦-4.394378662109375),(Vehicles3↦-5.1436275243759155),(Vehicles4↦-4.416395127773285),(Vehicles5↦-4.222482144832611)}",
        "VehiclesY": "{(EgoVehicle↦8.000000238418579),(Vehicles2↦-8.000000238418579),(Vehicles3↦-4.0000001192092896),(Vehicles4↦0.0),(Vehicles5↦-8.000000238418579)}",
        "VehiclesVy": "{(EgoVehicle↦0.0),(Vehicles2↦0.0),(Vehicles3↦0.0),(Vehicles4↦0.0),(Vehicles5↦0.0)}",
        "VehiclesX": "{(EgoVehicle↦200.0),(Vehicles2↦0.7304143160581589),(Vehicles3↦22.255347669124603),(Vehicles4↦24.926504492759705),(Vehicles5↦65.90985059738159)}"
      },
      "probabilisticVariables": null,
      "activating": [
        "LANE_RIGHT_38"
      ],
      "activatingOnlyWhenExecuted": true,
      "updating": null,
      "withPredicate": null
    },
    {
      "id": "LANE_RIGHT_38",
      "execute": "LANE_RIGHT",
      "after": "1000",
      "priority": 0,
      "additionalGuards": null,
      "activationKind": null,
      "fixedVariables": {
        "Crash": "FALSE",
        "VehiclesAy": "{(EgoVehicle↦0.0),(Vehicles2↦0.0),(Vehicles3↦0.0),(Vehicles4↦0.0),(Vehicles5↦0.0)}",
        "Reward": "0.8666265695120238",
        "VehiclesAx": "{(EgoVehicle↦0.009913444519042969),(Vehicles2↦0.0029411911964416504),(Vehicles3↦0.015962719917297363),(Vehicles4↦-0.018684864044189453),(Vehicles5↦-0.00590592622756958)}",
        "VehiclesVx": "{(EgoVehicle↦24.99849557876587),(Vehicles2↦-4.391437470912933),(Vehicles3↦-5.127664804458618),(Vehicles4↦-4.435079991817474),(Vehicles5↦-4.228388071060181)}",
        "VehiclesY": "{(EgoVehicle↦8.000000238418579),(Vehicles2↦-8.000000238418579),(Vehicles3↦-4.0000001192092896),(Vehicles4↦0.0),(Vehicles5↦-8.000000238418579)}",
        "VehiclesVy": "{(EgoVehicle↦0.0),(Vehicles2↦0.0),(Vehicles3↦0.0),(Vehicles4↦0.0),(Vehicles5↦0.0)}",
        "VehiclesX": "{(EgoVehicle↦200.0),(Vehicles2↦-3.6642342805862427),(Vehicles3↦17.116710543632507),(Vehicles4↦20.501050353050232),(Vehicles5↦61.683493852615356)}"
      },
      "probabilisticVariables": null,
      "activating": [
        "LANE_RIGHT_39"
      ],
      "activatingOnlyWhenExecuted": true,
      "updating": null,
      "withPredicate": null
    },
    {
      "id": "LANE_RIGHT_39",
      "execute": "LANE_RIGHT",
      "after": "1000",
      "priority": 0,
      "additionalGuards": null,
      "activationKind": null,
      "fixedVariables": {
        "Crash": "FALSE",
        "VehiclesAy": "{(EgoVehicle↦0.0),(Vehicles2↦0.0),(Vehicles3↦0.0),(Vehicles4↦0.0),(Vehicles5↦0.0)}",
        "Reward": "0.8666613863829277",
        "VehiclesAx": "{(EgoVehicle↦0.0013065338134765625),(Vehicles2↦0.010871589183807373),(Vehicles3↦0.02326071262359619),(Vehicles4↦-0.009087324142456055),(Vehicles5↦0.002798736095428467)}",
        "VehiclesVx": "{(EgoVehicle↦24.999802112579346),(Vehicles2↦-4.380565881729126),(Vehicles3↦-5.104404091835022),(Vehicles4↦-4.44416731595993),(Vehicles5↦-4.225589334964752)}",
        "VehiclesY": "{(EgoVehicle↦8.000000238418579),(Vehicles2↦-8.000000238418579),(Vehicles3↦-4.0000001192092896),(Vehicles4↦0.0),(Vehicles5↦-8.000000238418579)}",
        "VehiclesVy": "{(EgoVehicle↦0.0),(Vehicles2↦0.0),(Vehicles3↦0.0),(Vehicles4↦0.0),(Vehicles5↦0.0)}",
        "VehiclesX": "{(EgoVehicle↦200.0),(Vehicles2↦-8.051469922065735),(Vehicles3↦11.99825331568718),(Vehicles4↦16.062061488628387),(Vehicles5↦57.456016540527344)}"
      },
      "probabilisticVariables": null,
      "activating": [
        "LANE_RIGHT_40"
      ],
      "activatingOnlyWhenExecuted": true,
      "updating": null,
      "withPredicate": null
    },
    {
      "id": "LANE_RIGHT_40",
      "execute": "LANE_RIGHT",
      "after": "1000",
      "priority": 0,
      "additionalGuards": null,
      "activationKind": null,
      "fixedVariables": {
        "Crash": "FALSE",
        "VehiclesAy": "{(EgoVehicle↦0.0),(Vehicles2↦0.0),(Vehicles3↦0.0),(Vehicles4↦0.0),(Vehicles5↦0.0)}",
        "Reward": "0.8666659713206598",
        "VehiclesAx": "{(EgoVehicle↦0.000171661376953125),(Vehicles2↦-0.7006573677062988),(Vehicles3↦0.6532108783721924),(Vehicles4↦0.222589373588562),(Vehicles5↦-0.6075528264045715)}",
        "VehiclesVx": "{(EgoVehicle↦24.9999737739563),(Vehicles2↦-5.081223249435425),(Vehicles3↦-4.45119321346283),(Vehicles4↦-4.221577942371368),(Vehicles5↦-4.833142161369324)}",
        "VehiclesY": "{(EgoVehicle↦8.000000238418579),(Vehicles2↦-4.0000001192092896),(Vehicles3↦0.0),(Vehicles4↦-8.000000238418579),(Vehicles5↦-4.0000001192092896)}",
        "VehiclesVy": "{(EgoVehicle↦0.0),(Vehicles2↦0.0),(Vehicles3↦0.0),(Vehicles4↦0.0),(Vehicles5↦0.0)}",
        "VehiclesX": "{(EgoVehicle↦200.0),(Vehicles2↦6.9031886756420135),(Vehicles3↦11.614985018968582),(Vehicles4↦53.23200225830078),(Vehicles5↦68.98345947265625)}"
      },
      "probabilisticVariables": null,
      "activating": [
        "SLOWER_41"
      ],
      "activatingOnlyWhenExecuted": true,
      "updating": null,
      "withPredicate": null
    },
    {
      "id": "SLOWER_41",
      "execute": "SLOWER",
      "after": "1000",
      "priority": 0,
      "additionalGuards": null,
      "activationKind": null,
      "fixedVariables": {
        "Crash": "FALSE",
        "VehiclesAy": "{(EgoVehicle↦0.0),(Vehicles2↦0.0),(Vehicles3↦0.0),(Vehicles4↦0.0),(Vehicles5↦0.0)}",
        "Reward": "0.7508915408049154",
        "VehiclesAx": "{(EgoVehicle↦-4.341540336608887),(Vehicles2↦4.363769814372063),(Vehicles3↦4.33555593714118),(Vehicles4↦4.345789961516857),(Vehicles5↦4.354689083993435)}",
        "VehiclesVx": "{(EgoVehicle↦20.658433437347412),(Vehicles2↦-0.7174534350633621),(Vehicles3↦-0.11563727632164955),(Vehicles4↦0.12421201914548874),(Vehicles5↦-0.4784530773758888)}",
        "VehiclesY": "{(EgoVehicle↦8.000000238418579),(Vehicles2↦-4.0000001192092896),(Vehicles3↦0.0),(Vehicles4↦-8.000000238418579),(Vehicles5↦-4.0000001192092896)}",
        "VehiclesVy": "{(EgoVehicle↦0.0),(Vehicles2↦0.0),(Vehicles3↦0.0),(Vehicles4↦0.0),(Vehicles5↦0.0)}",
        "VehiclesX": "{(EgoVehicle↦200.0),(Vehicles2↦4.225992783904076),(Vehicles3↦9.556379914283752),(Vehicles4↦51.40717029571533),(Vehicles5↦66.55067205429077)}"
      },
      "probabilisticVariables": null,
      "activating": [
        "SLOWER_42"
      ],
      "activatingOnlyWhenExecuted": true,
      "updating": null,
      "withPredicate": null
    },
    {
      "id": "SLOWER_42",
      "execute": "SLOWER",
      "after": "1000",
      "priority": 0,
      "additionalGuards": null,
      "activationKind": null,
      "fixedVariables": {
        "Crash": "FALSE",
        "VehiclesAy": "{(EgoVehicle↦0.0),(Vehicles2↦0.0),(Vehicles3↦0.0),(Vehicles4↦0.0),(Vehicles5↦0.0)}",
        "Reward": "0.7356455252637474",
        "VehiclesAx": "{(EgoVehicle↦-0.5717253684997559),(Vehicles2↦0.5929129663854837),(Vehicles3↦0.5665523745119572),(Vehicles4↦0.5760264024138451),(Vehicles5↦0.5843229684978724)}",
        "VehiclesVx": "{(EgoVehicle↦20.086708068847656),(Vehicles2↦-0.12454046867787838),(Vehicles3↦0.4509150981903076),(Vehicles4↦0.7002384215593338),(Vehicles5↦0.10586989112198353)}",
        "VehiclesY": "{(EgoVehicle↦8.000000238418579),(Vehicles2↦-4.0000001192092896),(Vehicles3↦0.0),(Vehicles4↦-8.000000238418579),(Vehicles5↦-4.0000001192092896)}",
        "VehiclesVy": "{(EgoVehicle↦0.0),(Vehicles2↦0.0),(Vehicles3↦0.0),(Vehicles4↦0.0),(Vehicles5↦0.0)}",
        "VehiclesX": "{(EgoVehicle↦200.0),(Vehicles2↦3.832492232322693),(Vehicles3↦9.754008054733276),(Vehicles4↦51.84849500656128),(Vehicles5↦66.39269590377808)}"
      },
      "probabilisticVariables": null,
      "activating": [
        "SLOWER_43"
      ],
      "activatingOnlyWhenExecuted": true,
      "updating": null,
      "withPredicate": null
    },
    {
      "id": "SLOWER_43",
      "execute": "SLOWER",
      "after": "1000",
      "priority": 0,
      "additionalGuards": null,
      "activationKind": null,
      "fixedVariables": {
        "Crash": "FALSE",
        "VehiclesAy": "{(EgoVehicle↦0.0),(Vehicles2↦0.0),(Vehicles3↦0.0),(Vehicles4↦0.0),(Vehicles5↦0.0)}",
        "Reward": "0.7336378195134703",
        "VehiclesAx": "{(EgoVehicle↦-0.07529020309448242),(Vehicles2↦0.09551142808049917),(Vehicles3↦0.07087294012308121),(Vehicles4↦0.07963016629219055),(Vehicles5↦0.08739517070353031)}",
        "VehiclesVx": "{(EgoVehicle↦20.011417865753174),(Vehicles2↦-0.029029040597379208),(Vehicles3↦0.5217880383133888),(Vehicles4↦0.7798685878515244),(Vehicles5↦0.19326506182551384)}",
        "VehiclesY": "{(EgoVehicle↦8.000000238418579),(Vehicles2↦-4.0000001192092896),(Vehicles3↦0.0),(Vehicles4↦-8.000000238418579),(Vehicles5↦-4.0000001192092896)}",
        "VehiclesVy": "{(EgoVehicle↦0.0),(Vehicles2↦0.0),(Vehicles3↦0.0),(Vehicles4↦0.0),(Vehicles5↦0.0)}",
        "VehiclesX": "{(EgoVehicle↦200.0),(Vehicles2↦3.757648542523384),(Vehicles3↦10.244632512331009),(Vehicles4↦52.591997385025024),(Vehicles5↦66.54497981071472)}"
      },
      "probabilisticVariables": null,
      "activating": [
        "SLOWER_44"
      ],
      "activatingOnlyWhenExecuted": true,
      "updating": null,
      "withPredicate": null
    },
    {
      "id": "SLOWER_44",
      "execute": "SLOWER",
      "after": "1000",
      "priority": 0,
      "additionalGuards": null,
      "activationKind": null,
      "fixedVariables": {
        "Crash": "FALSE",
        "VehiclesAy": "{(EgoVehicle↦0.0),(Vehicles2↦0.0),(Vehicles3↦0.0),(Vehicles4↦0.0),(Vehicles5↦0.0)}",
        "Reward": "0.7333734302788657",
        "VehiclesAx": "{(EgoVehicle↦-0.009913444519042969),(Vehicles2↦0.029242763230286073),(Vehicles3↦0.0062032416462898254),(Vehicles4↦0.01428559422492981),(Vehicles5↦0.021582432091236115)}",
        "VehiclesVx": "{(EgoVehicle↦20.00150442123413),(Vehicles2↦0.00021372263290686533),(Vehicles3↦0.5279912799596786),(Vehicles4↦0.7941541820764542),(Vehicles5↦0.21484749391674995)}",
        "VehiclesY": "{(EgoVehicle↦8.000000238418579),(Vehicles2↦-4.0000001192092896),(Vehicles3↦0.0),(Vehicles4↦-8.000000238418579),(Vehicles5↦-4.0000001192092896)}",
        "VehiclesVy": "{(EgoVehicle↦0.0),(Vehicles2↦0.0),(Vehicles3↦0.0),(Vehicles4↦0.0),(Vehicles5↦0.0)}",
        "VehiclesX": "{(EgoVehicle↦200.0),(Vehicles2↦3.741889074444771),(Vehicles3↦10.770350694656372),(Vehicles4↦53.379082679748535),(Vehicles5↦66.74841046333313)}"
      },
      "probabilisticVariables": null,
      "activating": [
        "IDLE_45"
      ],
      "activatingOnlyWhenExecuted": true,
      "updating": null,
      "withPredicate": null
    },
    {
      "id": "IDLE_45",
      "execute": "IDLE",
      "after": "1000",
      "priority": 0,
      "additionalGuards": null,
      "activationKind": null,
      "fixedVariables": {
        "Crash": "FALSE",
        "VehiclesAy": "{(EgoVehicle↦0.0),(Vehicles2↦0.0),(Vehicles3↦0.0),(Vehicles4↦0.0),(Vehicles5↦0.0)}",
        "Reward": "0.7333386135895351",
        "VehiclesAx": "{(EgoVehicle↦-0.0013065338134765625),(Vehicles2↦0.019804725488938857),(Vehicles3↦-0.001751035451889038),(Vehicles4↦0.005696713924407959),(Vehicles5↦0.012582037597894669)}",
        "VehiclesVx": "{(EgoVehicle↦20.000197887420654),(Vehicles2↦0.020018448121845722),(Vehicles3↦0.5262402445077896),(Vehicles4↦0.7998508960008621),(Vehicles5↦0.22742953151464462)}",
        "VehiclesY": "{(EgoVehicle↦8.000000238418579),(Vehicles2↦-4.0000001192092896),(Vehicles3↦0.0),(Vehicles4↦-8.000000238418579),(Vehicles5↦-4.0000001192092896)}",
        "VehiclesVy": "{(EgoVehicle↦0.0),(Vehicles2↦0.0),(Vehicles3↦0.0),(Vehicles4↦0.0),(Vehicles5↦0.0)}",
        "VehiclesX": "{(EgoVehicle↦200.0),(Vehicles2↦3.7502866238355637),(Vehicles3↦11.297789216041565),(Vehicles4↦54.175710678100586),(Vehicles5↦66.96851849555969)}"
      },
      "probabilisticVariables": null,
      "activating": [
        "IDLE_46"
      ],
      "activatingOnlyWhenExecuted": true,
      "updating": null,
      "withPredicate": null
    },
    {
      "id": "IDLE_46",
      "execute": "IDLE",
      "after": "1000",
      "priority": 0,
      "additionalGuards": null,
      "activationKind": null,
      "fixedVariables": {
        "Crash": "FALSE",
        "VehiclesAy": "{(EgoVehicle↦0.0),(Vehicles2↦0.0),(Vehicles3↦0.0),(Vehicles4↦0.0),(Vehicles5↦0.0)}",
        "Reward": "0.7333340286757138",
        "VehiclesAx": "{(EgoVehicle↦-0.000171661376953125),(Vehicles2↦0.017902227118611336),(Vehicles3↦-0.002277567982673645),(Vehicles4↦0.004574581980705261),(Vehicles5↦0.011098571121692657)}",
        "VehiclesVx": "{(EgoVehicle↦20.0000262260437),(Vehicles2↦0.03792067524045706),(Vehicles3↦0.523962676525116),(Vehicles4↦0.8044254779815674),(Vehicles5↦0.23852810263633728)}",
        "VehiclesY": "{(EgoVehicle↦8.000000238418579),(Vehicles2↦-4.0000001192092896),(Vehicles3↦0.0),(Vehicles4↦-8.000000238418579),(Vehicles5↦-4.0000001192092896)}",
        "VehiclesVy": "{(EgoVehicle↦0.0),(Vehicles2↦0.0),(Vehicles3↦0.0),(Vehicles4↦0.0),(Vehicles5↦0.0)}",
        "VehiclesX": "{(EgoVehicle↦200.0),(Vehicles2↦3.7775512784719467),(Vehicles3↦11.823097616434097),(Vehicles4↦54.9774169921875),(Vehicles5↦67.20044016838074)}"
      },
      "probabilisticVariables": null,
      "activating": [
        "IDLE_47"
      ],
      "activatingOnlyWhenExecuted": true,
      "updating": null,
      "withPredicate": null
    },
    {
      "id": "IDLE_47",
      "execute": "IDLE",
      "after": "1000",
      "priority": 0,
      "additionalGuards": null,
      "activationKind": null,
      "fixedVariables": {
        "Crash": "FALSE",
        "VehiclesAy": "{(EgoVehicle↦0.0),(Vehicles2↦0.0),(Vehicles3↦0.0),(Vehicles4↦0.0),(Vehicles5↦0.0)}",
        "Reward": "0.7333334249010542",
        "VehiclesAx": "{(EgoVehicle↦-2.384185791015625E-05),(Vehicles2↦0.017039813101291656),(Vehicles3↦-0.0018647313117980957),(Vehicles4↦0.00442899763584137),(Vehicles5↦0.010636486113071442)}",
        "VehiclesVx": "{(EgoVehicle↦20.00000238418579),(Vehicles2↦0.054960488341748714),(Vehicles3↦0.5220979452133179),(Vehicles4↦0.8088544756174088),(Vehicles5↦0.24916458874940872)}",
        "VehiclesY": "{(EgoVehicle↦8.000000238418579),(Vehicles2↦-4.0000001192092896),(Vehicles3↦0.0),(Vehicles4↦-8.000000238418579),(Vehicles5↦-4.0000001192092896)}",
        "VehiclesVy": "{(EgoVehicle↦0.0),(Vehicles2↦0.0),(Vehicles3↦0.0),(Vehicles4↦0.0),(Vehicles5↦0.0)}",
        "VehiclesX": "{(EgoVehicle↦200.0),(Vehicles2↦3.822346404194832),(Vehicles3↦12.34627515077591),(Vehicles4↦55.78361749649048),(Vehicles5↦67.44325160980225)}"
      },
      "probabilisticVariables": null,
      "activating": [
        "IDLE_48"
      ],
      "activatingOnlyWhenExecuted": true,
      "updating": null,
      "withPredicate": null
    },
    {
      "id": "IDLE_48",
      "execute": "IDLE",
      "after": "1000",
      "priority": 0,
      "additionalGuards": null,
      "activationKind": null,
      "fixedVariables": {
        "Crash": "FALSE",
        "VehiclesAy": "{(EgoVehicle↦0.0),(Vehicles2↦0.0),(Vehicles3↦0.0),(Vehicles4↦0.0),(Vehicles5↦0.0)}",
        "Reward": "0.733333345391634",
        "VehiclesAx": "{(EgoVehicle↦-2.384185791015625E-06),(Vehicles2↦0.01635846681892872),(Vehicles3↦-0.001364871859550476),(Vehicles4↦0.0044061243534088135),(Vehicles5↦0.01033678650856018)}",
        "VehiclesVx": "{(EgoVehicle↦20.0),(Vehicles2↦0.07131895516067743),(Vehicles3↦0.5207330733537674),(Vehicles4↦0.8132605999708176),(Vehicles5↦0.2595013752579689)}",
        "VehiclesY": "{(EgoVehicle↦8.000000238418579),(Vehicles2↦-4.0000001192092896),(Vehicles3↦0.0),(Vehicles4↦-8.000000238418579),(Vehicles5↦-4.0000001192092896)}",
        "VehiclesVy": "{(EgoVehicle↦0.0),(Vehicles2↦0.0),(Vehicles3↦0.0),(Vehicles4↦0.0),(Vehicles5↦0.0)}",
        "VehiclesX": "{(EgoVehicle↦200.0),(Vehicles2↦3.883901610970497),(Vehicles3↦12.867787480354309),(Vehicles4↦56.59424066543579),(Vehicles5↦67.69657135009766)}"
      },
      "probabilisticVariables": null,
      "activating": [
        "IDLE_49"
      ],
      "activatingOnlyWhenExecuted": true,
      "updating": null,
      "withPredicate": null
    },
    {
      "id": "IDLE_49",
      "execute": "IDLE",
      "after": "1000",
      "priority": 0,
      "additionalGuards": null,
      "activationKind": null,
      "fixedVariables": {
        "Crash": "FALSE",
        "VehiclesAy": "{(EgoVehicle↦0.0),(Vehicles2↦0.0),(Vehicles3↦0.0),(Vehicles4↦0.0),(Vehicles5↦0.0)}",
        "Reward": "0.7333333349212577",
        "VehiclesAx": "{(EgoVehicle↦0.0),(Vehicles2↦0.015741712413728237),(Vehicles3↦0.1938679814338684),(Vehicles4↦-0.29341552406549454),(Vehicles5↦0.5581532046198845)}",
        "VehiclesVx": "{(EgoVehicle↦20.0),(Vehicles2↦0.08706066757440567),(Vehicles3↦0.7146010547876358),(Vehicles4↦0.519845075905323),(Vehicles5↦0.8176545798778534)}",
        "VehiclesY": "{(EgoVehicle↦8.000000238418579),(Vehicles2↦-4.0000001192092896),(Vehicles3↦-8.000000238418579),(Vehicles4↦0.0),(Vehicles5↦-8.000000238418579)}",
        "VehiclesVy": "{(EgoVehicle↦0.0),(Vehicles2↦0.0),(Vehicles3↦0.0),(Vehicles4↦0.0),(Vehicles5↦0.0)}",
        "VehiclesX": "{(EgoVehicle↦200.0),(Vehicles2↦3.961564600467682),(Vehicles3↦-9.358277916908264),(Vehicles4↦13.388128578662872),(Vehicles5↦57.40925669670105)}"
      },
      "probabilisticVariables": null,
      "activating": [
        "SLOWER_50"
      ],
      "activatingOnlyWhenExecuted": true,
      "updating": null,
      "withPredicate": null
    },
    {
      "id": "SLOWER_50",
      "execute": "SLOWER",
      "after": "1000",
      "priority": 0,
      "additionalGuards": null,
      "activationKind": null,
      "fixedVariables": {
        "Crash": "FALSE",
        "VehiclesAy": "{(EgoVehicle↦0.0),(Vehicles2↦0.0),(Vehicles3↦0.0),(Vehicles4↦0.0),(Vehicles5↦0.0)}",
        "Reward": "0.7333333335424427",
        "VehiclesAx": "{(EgoVehicle↦0.0),(Vehicles2↦0.015171105042099953),(Vehicles3↦0.007654502987861633),(Vehicles4↦-0.0004466250538825989),(Vehicles5↦0.0043786317110061646)}",
        "VehiclesVx": "{(EgoVehicle↦20.0),(Vehicles2↦0.10223177261650562),(Vehicles3↦0.7222555577754974),(Vehicles4↦0.5193984508514404),(Vehicles5↦0.8220332115888596)}",
        "VehiclesY": "{(EgoVehicle↦8.000000238418579),(Vehicles2↦-4.0000001192092896),(Vehicles3↦-8.000000238418579),(Vehicles4↦0.0),(Vehicles5↦-8.000000238418579)}",
        "VehiclesVy": "{(EgoVehicle↦0.0),(Vehicles2↦0.0),(Vehicles3↦0.0),(Vehicles4↦0.0),(Vehicles5↦0.0)}",
        "VehiclesX": "{(EgoVehicle↦200.0),(Vehicles2↦4.054737836122513),(Vehicles3↦-8.640594780445099),(Vehicles4↦13.907760381698608),(Vehicles5↦58.228665590286255)}"
      },
      "probabilisticVariables": null,
      "activating": [
        "SLOWER_51"
      ],
      "activatingOnlyWhenExecuted": true,
      "updating": null,
      "withPredicate": null
    },
    {
      "id": "SLOWER_51",
      "execute": "SLOWER",
      "after": "1000",
      "priority": 0,
      "additionalGuards": null,
      "activationKind": null,
      "fixedVariables": {
        "Crash": "FALSE",
        "VehiclesAy": "{(EgoVehicle↦0.0),(Vehicles2↦0.0),(Vehicles3↦0.0),(Vehicles4↦0.0),(Vehicles5↦0.0)}",
        "Reward": "0.7333333333608704",
        "VehiclesAx": "{(EgoVehicle↦0.0),(Vehicles2↦0.014641331508755684),(Vehicles3↦0.007407963275909424),(Vehicles4↦-4.038214683532715E-05),(Vehicles5↦0.00435851514339447)}",
        "VehiclesVx": "{(EgoVehicle↦20.0),(Vehicles2↦0.1168731041252613),(Vehicles3↦0.7296635210514069),(Vehicles4↦0.5193580687046051),(Vehicles5↦0.826391726732254)}",
        "VehiclesY": "{(EgoVehicle↦8.000000238418579),(Vehicles2↦-4.0000001192092896),(Vehicles3↦-8.000000238418579),(Vehicles4↦0.0),(Vehicles5↦-8.000000238418579)}",
        "VehiclesVy": "{(EgoVehicle↦0.0),(Vehicles2↦0.0),(Vehicles3↦0.0),(Vehicles4↦0.0),(Vehicles5↦0.0)}",
        "VehiclesX": "{(EgoVehicle↦200.0),(Vehicles2↦4.162866994738579),(Vehicles3↦-7.915356755256653),(Vehicles4↦14.4271120429039),(Vehicles5↦59.052443504333496)}"
      },
      "probabilisticVariables": null,
      "activating": [
        "FASTER_52"
      ],
      "activatingOnlyWhenExecuted": true,
      "updating": null,
      "withPredicate": null
    },
    {
      "id": "FASTER_52",
      "execute": "FASTER",
      "after": "1000",
      "priority": 0,
      "additionalGuards": null,
      "activationKind": null,
      "fixedVariables": {
        "Crash": "FALSE",
        "VehiclesAy": "{(EgoVehicle↦0.0),(Vehicles2↦0.0),(Vehicles3↦0.0),(Vehicles4↦0.0),(Vehicles5↦0.0)}",
        "Reward": "0.8491083676305125",
        "VehiclesAx": "{(EgoVehicle↦4.341564178466797),(Vehicles2↦-4.327414650470018),(Vehicles3↦-4.334385544061661),(Vehicles4↦-4.3412308394908905),(Vehicles5↦-4.337229877710342)}",
        "VehiclesVx": "{(EgoVehicle↦24.341564178466797),(Vehicles2↦-4.210541546344757),(Vehicles3↦-3.604722023010254),(Vehicles4↦-3.8218727707862854),(Vehicles5↦-3.5108381509780884)}",
        "VehiclesY": "{(EgoVehicle↦8.000000238418579),(Vehicles2↦-4.0000001192092896),(Vehicles3↦-8.000000238418579),(Vehicles4↦0.0),(Vehicles5↦-8.000000238418579)}",
        "VehiclesVy": "{(EgoVehicle↦0.0),(Vehicles2↦0.0),(Vehicles3↦0.0),(Vehicles4↦0.0),(Vehicles5↦0.0)}",
        "VehiclesX": "{(EgoVehicle↦200.0),(Vehicles2↦1.8903758376836777),(Vehicles3↦-9.577865898609161),(Vehicles4↦12.551513314247131),(Vehicles5↦57.48550891876221)}"
      },
      "probabilisticVariables": null,
      "activating": [
        "SLOWER_53"
      ],
      "activatingOnlyWhenExecuted": true,
      "updating": null,
      "withPredicate": null
    },
    {
      "id": "SLOWER_53",
      "execute": "SLOWER",
      "after": "1000",
      "priority": 0,
      "additionalGuards": null,
      "activationKind": null,
      "fixedVariables": {
        "Crash": "FALSE",
        "VehiclesAy": "{(EgoVehicle↦0.0),(Vehicles2↦0.0),(Vehicles3↦0.0),(Vehicles4↦0.0),(Vehicles5↦0.0)}",
        "Reward": "0.7485794283848136",
        "VehiclesAx": "{(EgoVehicle↦-3.76983642578125),(Vehicles2↦3.7835264205932617),(Vehicles3↦3.5533593455329537),(Vehicles4↦4.085175488144159),(Vehicles5↦3.246983215212822)}",
        "VehiclesVx": "{(EgoVehicle↦20.571727752685547),(Vehicles2↦-0.42701512575149536),(Vehicles3↦-0.05136267747730017),(Vehicles4↦0.2633027173578739),(Vehicles5↦-0.2638549357652664)}",
        "VehiclesY": "{(EgoVehicle↦8.000000238418579),(Vehicles2↦-4.0000001192092896),(Vehicles3↦0.0),(Vehicles4↦-8.000000238418579),(Vehicles5↦-4.0000001192092896)}",
        "VehiclesVy": "{(EgoVehicle↦0.0),(Vehicles2↦0.0),(Vehicles3↦0.0),(Vehicles4↦0.0),(Vehicles5↦0.0)}",
        "VehiclesX": "{(EgoVehicle↦200.0),(Vehicles2↦-0.23499138187617064),(Vehicles3↦10.809546709060669),(Vehicles4↦56.056058406829834),(Vehicles5↦64.45522904396057)}"
      },
      "probabilisticVariables": null,
      "activating": [
        "SLOWER_54"
      ],
      "activatingOnlyWhenExecuted": true,
      "updating": null,
      "withPredicate": null
    },
    {
      "id": "SLOWER_54",
      "execute": "SLOWER",
      "after": "1000",
      "priority": 0,
      "additionalGuards": null,
      "activationKind": null,
      "fixedVariables": {
        "Crash": "FALSE",
        "VehiclesAy": "{(EgoVehicle↦0.0),(Vehicles2↦0.0),(Vehicles3↦0.0),(Vehicles4↦0.0),(Vehicles5↦0.0)}",
        "Reward": "0.7353410495541044",
        "VehiclesAx": "{(EgoVehicle↦-0.49643754959106445),(Vehicles2↦0.509704640135169),(Vehicles3↦0.49742744769901037),(Vehicles4↦0.5007128976285458),(Vehicles5↦0.5055949091911316)}",
        "VehiclesVx": "{(EgoVehicle↦20.075290203094482),(Vehicles2↦0.08268951438367367),(Vehicles3↦0.4460647702217102),(Vehicles4↦0.7640156149864197),(Vehicles5↦0.24173997342586517)}",
        "VehiclesY": "{(EgoVehicle↦8.000000238418579),(Vehicles2↦-4.0000001192092896),(Vehicles3↦0.0),(Vehicles4↦-8.000000238418579),(Vehicles5↦-4.0000001192092896)}",
        "VehiclesVy": "{(EgoVehicle↦0.0),(Vehicles2↦0.0),(Vehicles3↦0.0),(Vehicles4↦0.0),(Vehicles5↦0.0)}",
        "VehiclesX": "{(EgoVehicle↦200.0),(Vehicles2↦-0.38280244916677475),(Vehicles3↦11.03242039680481),(Vehicles4↦56.59493803977966),(Vehicles5↦64.468914270401)}"
      },
      "probabilisticVariables": null,
      "activating": [
        "IDLE_55"
      ],
      "activatingOnlyWhenExecuted": true,
      "updating": null,
      "withPredicate": null
    },
    {
      "id": "IDLE_55",
      "execute": "IDLE",
      "after": "1000",
      "priority": 0,
      "additionalGuards": null,
      "activationKind": null,
      "fixedVariables": {
        "Crash": "FALSE",
        "VehiclesAy": "{(EgoVehicle↦0.0),(Vehicles2↦0.0),(Vehicles3↦0.0),(Vehicles4↦0.0),(Vehicles5↦0.0)}",
        "Reward": "0.7335977239467683",
        "VehiclesAx": "{(EgoVehicle↦-0.06537437438964844),(Vehicles2↦0.07817101664841175),(Vehicles3↦0.3010513633489609),(Vehicles4↦-0.2513015642762184),(Vehicles5↦0.5816564708948135)}",
        "VehiclesVx": "{(EgoVehicle↦20.009915828704834),(Vehicles2↦0.16086053103208542),(Vehicles3↦0.7471161335706711),(Vehicles4↦0.5127140507102013),(Vehicles5↦0.8233964443206787)}",
        "VehiclesY": "{(EgoVehicle↦8.000000238418579),(Vehicles2↦-4.0000001192092896),(Vehicles3↦-8.000000238418579),(Vehicles4↦0.0),(Vehicles5↦-8.000000238418579)}",
        "VehiclesVy": "{(EgoVehicle↦0.0),(Vehicles2↦0.0),(Vehicles3↦0.0),(Vehicles4↦0.0),(Vehicles5↦0.0)}",
        "VehiclesX": "{(EgoVehicle↦200.0),(Vehicles2↦-0.25887442752718925),(Vehicles3↦-9.937476366758347),(Vehicles4↦11.515037715435028),(Vehicles5↦57.395970821380615)}"
      },
      "probabilisticVariables": null,
      "activating": [
        "SLOWER_56"
      ],
      "activatingOnlyWhenExecuted": true,
      "updating": null,
      "withPredicate": null
    },
    {
      "id": "SLOWER_56",
      "execute": "SLOWER",
      "after": "1000",
      "priority": 0,
      "additionalGuards": null,
      "activationKind": null,
      "fixedVariables": {
        "Crash": "FALSE",
        "VehiclesAy": "{(EgoVehicle↦0.0),(Vehicles2↦0.0),(Vehicles3↦0.0),(Vehicles4↦0.0),(Vehicles5↦0.0)}",
        "Reward": "0.7333681502042383",
        "VehiclesAx": "{(EgoVehicle↦-0.008609294891357422),(Vehicles2↦0.020783543586730957),(Vehicles3↦0.011028572916984558),(Vehicles4↦0.009714588522911072),(Vehicles5↦-0.04177309572696686)}",
        "VehiclesVx": "{(EgoVehicle↦20.001306533813477),(Vehicles2↦0.18164407461881638),(Vehicles3↦0.7581447064876556),(Vehicles4↦0.5224286392331123),(Vehicles5↦0.7816233485937119)}",
        "VehiclesY": "{(EgoVehicle↦8.000000238418579),(Vehicles2↦-4.0000001192092896),(Vehicles3↦-8.000000238418579),(Vehicles4↦0.0),(Vehicles5↦-8.000000238418579)}",
        "VehiclesVy": "{(EgoVehicle↦0.0),(Vehicles2↦0.0),(Vehicles3↦0.0),(Vehicles4↦0.0),(Vehicles5↦0.0)}",
        "VehiclesX": "{(EgoVehicle↦200.0),(Vehicles2↦-0.08823355892673135),(Vehicles3↦-9.184104204177856),(Vehicles4↦12.032481282949448),(Vehicles5↦58.20598602294922)}"
      },
      "probabilisticVariables": null,
      "activating": [
        "SLOWER_57"
      ],
      "activatingOnlyWhenExecuted": true,
      "updating": null,
      "withPredicate": null
    },
    {
      "id": "SLOWER_57",
      "execute": "SLOWER",
      "after": "1000",
      "priority": 0,
      "additionalGuards": null,
      "activationKind": null,
      "fixedVariables": {
        "Crash": "FALSE",
        "VehiclesAy": "{(EgoVehicle↦0.0),(Vehicles2↦0.0),(Vehicles3↦0.0),(Vehicles4↦0.0),(Vehicles5↦0.0)}",
        "Reward": "0.7333379182710656",
        "VehiclesAx": "{(EgoVehicle↦-0.0011348724365234375),(Vehicles2↦-0.0007126666605472565),(Vehicles3↦-0.00336281955242157),(Vehicles4↦0.0026695430278778076),(Vehicles5↦-0.06026372313499451)}",
        "VehiclesVx": "{(EgoVehicle↦20.000171661376953),(Vehicles2↦0.18093140795826912),(Vehicles3↦0.7547818869352341),(Vehicles4↦0.5250981822609901),(Vehicles5↦0.7213596254587173)}",
        "VehiclesY": "{(EgoVehicle↦8.000000238418579),(Vehicles2↦-4.0000001192092896),(Vehicles3↦-8.000000238418579),(Vehicles4↦0.0),(Vehicles5↦-8.000000238418579)}",
        "VehiclesVy": "{(EgoVehicle↦0.0),(Vehicles2↦0.0),(Vehicles3↦0.0),(Vehicles4↦0.0),(Vehicles5↦0.0)}",
        "VehiclesX": "{(EgoVehicle↦200.0),(Vehicles2↦0.09524898487143219),(Vehicles3↦-8.42660516500473),(Vehicles4↦12.562048435211182),(Vehicles5↦58.96369814872742)}"
      },
      "probabilisticVariables": null,
      "activating": [
        "SLOWER_58"
      ],
      "activatingOnlyWhenExecuted": true,
      "updating": null,
      "withPredicate": null
    },
    {
      "id": "SLOWER_58",
      "execute": "SLOWER",
      "after": "1000",
      "priority": 0,
      "additionalGuards": null,
      "activationKind": null,
      "fixedVariables": {
        "Crash": "FALSE",
        "VehiclesAy": "{(EgoVehicle↦0.0),(Vehicles2↦0.0),(Vehicles3↦0.0),(Vehicles4↦0.0),(Vehicles5↦0.0)}",
        "Reward": "0.7333339371111417",
        "VehiclesAx": "{(EgoVehicle↦-0.00015020370483398438),(Vehicles2↦0.03184119239449501),(Vehicles3↦-0.00998273491859436),(Vehicles4↦-0.08092373609542847),(Vehicles5↦-0.0569596141576767)}",
        "VehiclesVx": "{(EgoVehicle↦20.00002145767212),(Vehicles2↦0.21277260035276413),(Vehicles3↦0.7447991520166397),(Vehicles4↦0.4441744461655617),(Vehicles5↦0.6644000113010406)}",
        "VehiclesY": "{(EgoVehicle↦8.000000238418579),(Vehicles2↦-4.0000001192092896),(Vehicles3↦-8.000000238418579),(Vehicles4↦0.0),(Vehicles5↦-8.000000238418579)}",
        "VehiclesVy": "{(EgoVehicle↦0.0),(Vehicles2↦0.0),(Vehicles3↦0.0),(Vehicles4↦0.0),(Vehicles5↦0.0)}",
        "VehiclesX": "{(EgoVehicle↦200.0),(Vehicles2↦0.28441925533115864),(Vehicles3↦-7.675424218177795),(Vehicles4↦13.058039546012878),(Vehicles5↦59.66169834136963)}"
      },
      "probabilisticVariables": null,
      "activating": [
        "SLOWER_59"
      ],
      "activatingOnlyWhenExecuted": true,
      "updating": null,
      "withPredicate": null
    },
    {
      "id": "SLOWER_59",
      "execute": "SLOWER",
      "after": "1000",
      "priority": 0,
      "additionalGuards": null,
      "activationKind": null,
      "fixedVariables": {
        "Crash": "FALSE",
        "VehiclesAy": "{(EgoVehicle↦0.0),(Vehicles2↦0.0),(Vehicles3↦0.0),(Vehicles4↦0.0),(Vehicles5↦0.0)}",
        "Reward": "0.7333334128431681",
        "VehiclesAx": "{(EgoVehicle↦-1.9073486328125E-05),(Vehicles2↦0.06758062168955803),(Vehicles3↦-0.013759881258010864),(Vehicles4↦-0.09144045412540436),(Vehicles5↦-0.048730745911598206)}",
        "VehiclesVx": "{(EgoVehicle↦20.00000238418579),(Vehicles2↦0.28035322204232216),(Vehicles3↦0.7310392707586288),(Vehicles4↦0.3527339920401573),(Vehicles5↦0.6156692653894424)}",
        "VehiclesY": "{(EgoVehicle↦8.000000238418579),(Vehicles2↦-4.0000001192092896),(Vehicles3↦-8.000000238418579),(Vehicles4↦0.0),(Vehicles5↦-8.000000238418579)}",
        "VehiclesVy": "{(EgoVehicle↦0.0),(Vehicles2↦0.0),(Vehicles3↦0.0),(Vehicles4↦0.0),(Vehicles5↦0.0)}",
        "VehiclesX": "{(EgoVehicle↦200.0),(Vehicles2↦0.5227224435657263),(Vehicles3↦-6.935907155275345),(Vehicles4↦13.464732468128204),(Vehicles5↦60.30590534210205)}"
      },
      "probabilisticVariables": null,
      "activating": [
        "SLOWER_60"
      ],
      "activatingOnlyWhenExecuted": true,
      "updating": null,
      "withPredicate": null
    },
    {
      "id": "SLOWER_60",
      "execute": "SLOWER",
      "after": "1000",
      "priority": 0,
      "additionalGuards": null,
      "activationKind": null,
      "fixedVariables": {
        "Crash": "FALSE",
        "VehiclesAy": "{(EgoVehicle↦0.0),(Vehicles2↦0.0),(Vehicles3↦0.0),(Vehicles4↦0.0),(Vehicles5↦0.0)}",
        "Reward": "0.7333333438037642",
        "VehiclesAx": "{(EgoVehicle↦-2.384185791015625E-06),(Vehicles2↦0.07668407633900642),(Vehicles3↦-0.015804916620254517),(Vehicles4↦-0.07266303524374962),(Vehicles5↦-0.04034955054521561)}",
        "VehiclesVx": "{(EgoVehicle↦20.0),(Vehicles2↦0.3570372983813286),(Vehicles3↦0.7152343541383743),(Vehicles4↦0.2800709567964077),(Vehicles5↦0.5753197148442268)}",
        "VehiclesY": "{(EgoVehicle↦8.000000238418579),(Vehicles2↦-4.0000001192092896),(Vehicles3↦-8.000000238418579),(Vehicles4↦0.0),(Vehicles5↦-8.000000238418579)}",
        "VehiclesVy": "{(EgoVehicle↦0.0),(Vehicles2↦0.0),(Vehicles3↦0.0),(Vehicles4↦0.0),(Vehicles5↦0.0)}",
        "VehiclesX": "{(EgoVehicle↦200.0),(Vehicles2↦0.8336443454027176),(Vehicles3↦-6.21107816696167),(Vehicles4↦13.78653347492218),(Vehicles5↦60.90480089187622)}"
      },
      "probabilisticVariables": null,
      "activating": [
        "SLOWER_61"
      ],
      "activatingOnlyWhenExecuted": true,
      "updating": null,
      "withPredicate": null
    },
    {
      "id": "SLOWER_61",
      "execute": "SLOWER",
      "after": "1000",
      "priority": 0,
      "additionalGuards": null,
      "activationKind": null,
      "fixedVariables": {
        "Crash": "FALSE",
        "VehiclesAy": "{(EgoVehicle↦0.0),(Vehicles2↦0.0),(Vehicles3↦0.0),(Vehicles4↦0.0),(Vehicles5↦0.0)}",
        "Reward": "0.7333333347121554",
        "VehiclesAx": "{(EgoVehicle↦0.0),(Vehicles2↦0.07399290800094604),(Vehicles3↦-0.016737058758735657),(Vehicles4↦-0.04956252872943878),(Vehicles5↦-0.033107101917266846)}",
        "VehiclesVx": "{(EgoVehicle↦20.0),(Vehicles2↦0.4310302063822746),(Vehicles3↦0.6984972953796387),(Vehicles4↦0.23050842806696892),(Vehicles5↦0.54221261292696)}",
        "VehiclesY": "{(EgoVehicle↦8.000000238418579),(Vehicles2↦-4.0000001192092896),(Vehicles3↦-8.000000238418579),(Vehicles4↦0.0),(Vehicles5↦-8.000000238418579)}",
        "VehiclesVy": "{(EgoVehicle↦0.0),(Vehicles2↦0.0),(Vehicles3↦0.0),(Vehicles4↦0.0),(Vehicles5↦0.0)}",
        "VehiclesX": "{(EgoVehicle↦200.0),(Vehicles2↦1.2207393534481525),(Vehicles3↦-5.502496659755707),(Vehicles4↦14.045020937919617),(Vehicles5↦61.46635413169861)}"
      },
      "probabilisticVariables": null,
      "activating": null,
      "activatingOnlyWhenExecuted": true,
      "updating": null,
      "withPredicate": null
    }
  ],
  "listeners": [],
  "metadata": {
    "fileType": "Timed_Trace",
    "formatVersion": 3,
    "savedAt": "2023-08-15T11:29:14.363962Z",
    "creator": "Simulation: MONTE_CARLO_SIMULATION; MAX_STEPS_BEFORE_PROPERTY : 0, EXECUTIONS : 1000, ENDING_TIME : 60000",
    "proB2KernelVersion": "4.12.2",
    "proBCliVersion": "1.12.2-final",
    "modelName": "HighwayEnvironment"
  }
}