{
  "variables": {},
  "activations": [
    {
      "id": "$setup_constants",
      "execute": "$setup_constants",
      "after": "0",
      "priority": 0,
      "additionalGuards": null,
      "activationKind": null,
      "fixedVariables": null,
      "probabilisticVariables": null,
      "activating": null,
      "activatingOnlyWhenExecuted": true,
      "updating": null,
      "withPredicate": null
    },
    {
      "id": "$initialise_machine",
      "execute": "$initialise_machine",
      "after": "0",
      "priority": 0,
      "additionalGuards": null,
      "activationKind": null,
      "fixedVariables": {
        "Crash": "FALSE",
        "VehiclesAy": "{(EgoVehicle↦0.0),(Vehicles2↦0.0),(Vehicles3↦0.0),(Vehicles4↦0.0),(Vehicles5↦0.0)}",
        "Reward": "0.0",
        "VehiclesAx": "{(EgoVehicle↦0.0),(Vehicles2↦0.0),(Vehicles3↦0.0),(Vehicles4↦0.0),(Vehicles5↦0.0)}",
        "VehiclesVx": "{(EgoVehicle↦25.0),(Vehicles2↦-2.594158947467804),(Vehicles3↦-2.6622208952903748),(Vehicles4↦-3.819814622402191),(Vehicles5↦-2.353726625442505)}",
        "VehiclesY": "{(EgoVehicle↦0.0),(Vehicles2↦8.000000238418579),(Vehicles3↦4.0000001192092896),(Vehicles4↦0.0),(Vehicles5↦4.0000001192092896)}",
        "VehiclesVy": "{(EgoVehicle↦0.0),(Vehicles2↦0.0),(Vehicles3↦0.0),(Vehicles4↦0.0),(Vehicles5↦0.0)}",
        "VehiclesX": "{(EgoVehicle↦154.62361574172974),(Vehicles2↦24.24883544445038),(Vehicles3↦49.21622574329376),(Vehicles4↦73.50587844848633),(Vehicles5↦95.76162099838257)}"
      },
      "probabilisticVariables": null,
      "activating": [
        "LANE_RIGHT_2"
      ],
      "activatingOnlyWhenExecuted": true,
      "updating": null,
      "withPredicate": null
    },
    {
      "id": "LANE_RIGHT_2",
      "execute": "LANE_RIGHT",
      "after": "1000",
      "priority": 0,
      "additionalGuards": null,
      "activationKind": null,
      "fixedVariables": {
        "Crash": "FALSE",
        "VehiclesAy": "{(EgoVehicle↦1.0796338319778442),(Vehicles2↦-1.0796338319778442),(Vehicles3↦-1.0796338319778442),(Vehicles4↦-1.0796338319778442),(Vehicles5↦-1.0796338319778442)}",
        "Reward": "0.8327113850086175",
        "VehiclesAx": "{(EgoVehicle↦-0.023322105407714844),(Vehicles2↦-0.44131219387054443),(Vehicles3↦-1.7042255401611328),(Vehicles4↦-0.7709145545959473),(Vehicles5↦-0.38557082414627075)}",
        "VehiclesVx": "{(EgoVehicle↦24.976677894592285),(Vehicles2↦-3.0354711413383484),(Vehicles3↦-4.366446435451508),(Vehicles4↦-4.590729176998138),(Vehicles5↦-2.7392974495887756)}",
        "VehiclesY": "{(EgoVehicle↦3.6599650382995605),(Vehicles2↦4.34003484249115),(Vehicles3↦0.3400348797440529),(Vehicles4↦-3.6599650382995605),(Vehicles5↦0.3400348797440529)}",
        "VehiclesVy": "{(EgoVehicle↦1.0796338319778442),(Vehicles2↦-1.0796338319778442),(Vehicles3↦-1.0796338319778442),(Vehicles4↦-1.0796338319778442),(Vehicles5↦-1.0796338319778442)}",
        "VehiclesX": "{(EgoVehicle↦179.30386066436768),(Vehicles2↦21.77814692258835),(Vehicles3↦46.04363441467285),(Vehicles4↦69.66371536254883),(Vehicles5↦93.54758262634277)}"
      },
      "probabilisticVariables": null,
      "activating": [
        "FASTER_3"
      ],
      "activatingOnlyWhenExecuted": true,
      "updating": null,
      "withPredicate": null
    },
    {
      "id": "FASTER_3",
      "execute": "FASTER",
      "after": "1000",
      "priority": 0,
      "additionalGuards": null,
      "activationKind": null,
      "fixedVariables": {
        "Crash": "FALSE",
        "VehiclesAy": "{(EgoVehicle↦-1.0525126825086772),(Vehicles2↦1.0525126825086772),(Vehicles3↦1.0525126825086772),(Vehicles4↦1.0525126825086772),(Vehicles5↦-1.1067549814470112)}",
        "Reward": "0.9491080333766447",
        "VehiclesAx": "{(EgoVehicle↦4.364874362945557),(Vehicles2↦-4.695097506046295),(Vehicles3↦-5.020369589328766),(Vehicles4↦-4.881300628185272),(Vehicles5↦-4.6164509654045105)}",
        "VehiclesVx": "{(EgoVehicle↦29.341552257537842),(Vehicles2↦-7.7305686473846436),(Vehicles3↦-9.386816024780273),(Vehicles4↦-9.47202980518341),(Vehicles5↦-7.355748414993286)}",
        "VehiclesY": "{(EgoVehicle↦3.993496298789978),(Vehicles2↦4.006503582000732),(Vehicles3↦0.006503580836579204),(Vehicles4↦-3.993496298789978),(Vehicles5↦0.006503580836579204)}",
        "VehiclesVy": "{(EgoVehicle↦0.027121149469166994),(Vehicles2↦-0.027121149469166994),(Vehicles3↦-0.027121149469166994),(Vehicles4↦-0.027121149469166994),(Vehicles5↦-0.027121149469166994)}",
        "VehiclesX": "{(EgoVehicle↦200.0),(Vehicles2↦16.18582159280777),(Vehicles3↦38.951706886291504),(Vehicles4↦62.43317723274231),(Vehicles5↦88.28371167182922)}"
      },
      "probabilisticVariables": null,
      "activating": [
        "FASTER_4"
      ],
      "activatingOnlyWhenExecuted": true,
      "updating": null,
      "withPredicate": null
    },
    {
      "id": "FASTER_4",
      "execute": "FASTER",
      "after": "1000",
      "priority": 0,
      "additionalGuards": null,
      "activationKind": null,
      "fixedVariables": {
        "Crash": "FALSE",
        "VehiclesAy": "{(EgoVehicle↦-0.027026898560507107),(Vehicles2↦0.027026898560507107),(Vehicles3↦0.027026898560507107),(Vehicles4↦0.027026898560507107),(Vehicles5↦-0.02721540037782688)}",
        "Reward": "0.9643544626739294",
        "VehiclesAx": "{(EgoVehicle↦0.571739673614502),(Vehicles2↦-0.7940953969955444),(Vehicles3↦-0.8119297027587891),(Vehicles4↦-0.9040206670761108),(Vehicles5↦-0.7328087091445923)}",
        "VehiclesVx": "{(EgoVehicle↦29.913291931152344),(Vehicles2↦-8.524664044380188),(Vehicles3↦-10.198745727539062),(Vehicles4↦-10.376050472259521),(Vehicles5↦-8.088557124137878)}",
        "VehiclesY": "{(EgoVehicle↦4.000001907348633),(Vehicles2↦3.9999983310699463),(Vehicles3↦-1.8026956354333379E-06),(Vehicles4↦-4.000001907348633),(Vehicles5↦-1.8026956354333379E-06)}",
        "VehiclesVy": "{(EgoVehicle↦9.42509086598875E-05),(Vehicles2↦-9.42509086598875E-05),(Vehicles3↦-9.42509086598875E-05),(Vehicles4↦-9.42509086598875E-05),(Vehicles5↦-9.42509086598875E-05)}",
        "VehiclesX": "{(EgoVehicle↦200.0),(Vehicles2↦8.043748885393143),(Vehicles3↦29.132133722305298),(Vehicles4↦52.501559257507324),(Vehicles5↦80.54263591766357)}"
      },
      "probabilisticVariables": null,
      "activating": [
        "LANE_LEFT_5"
      ],
      "activatingOnlyWhenExecuted": true,
      "updating": null,
      "withPredicate": null
    },
    {
      "id": "LANE_LEFT_5",
      "execute": "LANE_LEFT",
      "after": "1000",
      "priority": 0,
      "additionalGuards": null,
      "activationKind": null,
      "fixedVariables": {
        "Crash": "FALSE",
        "VehiclesAy": "{(EgoVehicle↦-1.0288824151666631),(Vehicles2↦1.0288824151666631),(Vehicles3↦1.0288824151666631),(Vehicles4↦1.0288824151666631),(Vehicles5↦1.0286939133493433)}",
        "Reward": "0.9325581256724588",
        "VehiclesAx": "{(EgoVehicle↦0.057637691497802734),(Vehicles2↦-0.20623445510864258),(Vehicles3↦-0.11006593704223633),(Vehicles4↦-0.27903199195861816),(Vehicles5↦-0.16454577445983887)}",
        "VehiclesVx": "{(EgoVehicle↦29.970929622650146),(Vehicles2↦-8.73089849948883),(Vehicles3↦-10.308811664581299),(Vehicles4↦-10.65508246421814),(Vehicles5↦-8.253102898597717)}",
        "VehiclesY": "{(EgoVehicle↦0.2961560860276222),(Vehicles2↦7.703843593597412),(Vehicles3↦3.703843832015991),(Vehicles4↦-0.2961560860276222),(Vehicles5↦3.703843832015991)}",
        "VehiclesVy": "{(EgoVehicle↦-1.0287881642580032),(Vehicles2↦1.0287881642580032),(Vehicles3↦1.0287881642580032),(Vehicles4↦1.0287881642580032),(Vehicles5↦1.0287881642580032)}",
        "VehiclesX": "{(EgoVehicle↦200.0),(Vehicles2↦-0.3096211003139615),(Vehicles3↦19.137969613075256),(Vehicles4↦42.26565062999725),(Vehicles5↦72.64347672462463)}"
      },
      "probabilisticVariables": null,
      "activating": [
        "FASTER_6"
      ],
      "activatingOnlyWhenExecuted": true,
      "updating": null,
      "withPredicate": null
    },
    {
      "id": "FASTER_6",
      "execute": "FASTER",
      "after": "1000",
      "priority": 0,
      "additionalGuards": null,
      "activationKind": null,
      "fixedVariables": {
        "Crash": "FALSE",
        "VehiclesAy": "{(EgoVehicle↦1.0129708657041192),(Vehicles2↦-1.0129708657041192),(Vehicles3↦-1.0129708657041192),(Vehicles4↦-1.0129708657041192),(Vehicles5↦1.0446054628118873)}",
        "Reward": "0.9332931249789148",
        "VehiclesAx": "{(EgoVehicle↦0.02756357192993164),(Vehicles2↦-1.5703898668289185),(Vehicles3↦1.4503908157348633),(Vehicles4↦-0.18147945404052734),(Vehicles5↦-0.10131716728210449)}",
        "VehiclesVx": "{(EgoVehicle↦29.998493194580078),(Vehicles2↦-10.301288366317749),(Vehicles3↦-8.858420848846436),(Vehicles4↦-10.836561918258667),(Vehicles5↦-8.354420065879822)}",
        "VehiclesY": "{(EgoVehicle↦0.0034530748380348086),(Vehicles2↦3.9965468645095825),(Vehicles3↦7.996546983718872),(Vehicles4↦-0.0034530748380348086),(Vehicles5↦3.9965468645095825)}",
        "VehiclesVy": "{(EgoVehicle↦-0.01581729855388403),(Vehicles2↦0.01581729855388403),(Vehicles3↦0.01581729855388403),(Vehicles4↦0.01581729855388403),(Vehicles5↦0.01581729855388403)}",
        "VehiclesX": "{(EgoVehicle↦200.0),(Vehicles2↦8.818279206752777),(Vehicles3↦-9.103967249393463),(Vehicles4↦31.524452567100525),(Vehicles5↦64.33846354484558)}"
      },
      "probabilisticVariables": null,
      "activating": [
        "SLOWER_7"
      ],
      "activatingOnlyWhenExecuted": true,
      "updating": null,
      "withPredicate": null
    },
    {
      "id": "SLOWER_7",
      "execute": "SLOWER",
      "after": "1000",
      "priority": 0,
      "additionalGuards": null,
      "activationKind": null,
      "fixedVariables": {
        "Crash": "FALSE",
        "VehiclesAy": "{(EgoVehicle↦0.015771545367897488),(Vehicles2↦-0.015771545367897488),(Vehicles3↦-0.015771545367897488),(Vehicles4↦-0.015771545367897488),(Vehicles5↦0.01586305173987057)}",
        "Reward": "0.8175530187549537",
        "VehiclesAx": "{(EgoVehicle↦-4.340255260467529),(Vehicles2↦4.414030909538269),(Vehicles3↦2.2506076097488403),(Vehicles4↦6.769198775291443),(Vehicles5↦2.6739776134490967)}",
        "VehiclesVx": "{(EgoVehicle↦25.65823793411255),(Vehicles2↦-5.88725745677948),(Vehicles3↦-6.607813239097595),(Vehicles4↦-4.067363142967224),(Vehicles5↦-5.680442452430725)}",
        "VehiclesY": "{(EgoVehicle↦5.506963930201891E-06),(Vehicles2↦3.999994397163391),(Vehicles3↦-5.506963930201891E-06),(Vehicles4↦3.999994397163391),(Vehicles5↦7.999994516372681)}",
        "VehiclesVy": "{(EgoVehicle↦-4.575318598654121E-05),(Vehicles2↦4.575318598654121E-05),(Vehicles3↦4.575318598654121E-05),(Vehicles4↦4.575318598654121E-05),(Vehicles5↦4.575318598654121E-05)}",
        "VehiclesX": "{(EgoVehicle↦200.0),(Vehicles2↦0.9389705955982208),(Vehicles3↦23.03493171930313),(Vehicles4↦58.355820178985596),(Vehicles5↦74.29866194725037)}"
      },
      "probabilisticVariables": null,
      "activating": [
        "LANE_LEFT_8"
      ],
      "activatingOnlyWhenExecuted": true,
      "updating": null,
      "withPredicate": null
    },
    {
      "id": "LANE_LEFT_8",
      "execute": "LANE_LEFT",
      "after": "1000",
      "priority": 0,
      "additionalGuards": null,
      "activationKind": null,
      "fixedVariables": {
        "Crash": "FALSE",
        "VehiclesAy": "{(EgoVehicle↦4.6609532091679284E-05),(Vehicles2↦-4.660953202062501E-05),(Vehicles3↦-4.660953202062501E-05),(Vehicles4↦-4.660953202062501E-05),(Vehicles5↦4.489683995245741E-05)}",
        "Reward": "0.8023115086427706",
        "VehiclesAx": "{(EgoVehicle↦-0.5715560913085938),(Vehicles2↦0.6594288349151611),(Vehicles3↦0.48789918422698975),(Vehicles4↦0.5312001705169678),(Vehicles5↦0.6226062774658203)}",
        "VehiclesVx": "{(EgoVehicle↦25.086681842803955),(Vehicles2↦-5.227828621864319),(Vehicles3↦-6.1199140548706055),(Vehicles4↦-3.5361629724502563),(Vehicles5↦-5.057836174964905)}",
        "VehiclesY": "{(EgoVehicle↦-2.9306357873792876E-07),(Vehicles2↦4.0000001192092896),(Vehicles3↦2.9306357873792876E-07),(Vehicles4↦4.0000001192092896),(Vehicles5↦8.000000238418579)}",
        "VehiclesVy": "{(EgoVehicle↦8.563461051380727E-07),(Vehicles2↦-8.563460340837992E-07),(Vehicles3↦-8.563460340837992E-07),(Vehicles4↦-8.563460340837992E-07),(Vehicles5↦-8.563460340837992E-07)}",
        "VehiclesX": "{(EgoVehicle↦200.0),(Vehicles2↦-4.5983437448740005),(Vehicles3↦16.70713871717453),(Vehicles4↦54.58681583404541),(Vehicles5↦68.95214915275574)}"
      },
      "probabilisticVariables": null,
      "activating": [
        "LANE_LEFT_9"
      ],
      "activatingOnlyWhenExecuted": true,
      "updating": null,
      "withPredicate": null
    },
    {
      "id": "LANE_LEFT_9",
      "execute": "LANE_LEFT",
      "after": "1000",
      "priority": 0,
      "additionalGuards": null,
      "activationKind": null,
      "fixedVariables": {
        "Crash": "FALSE",
        "VehiclesAy": "{(EgoVehicle↦-8.198395917702328E-07),(Vehicles2↦8.198395295977434E-07),(Vehicles3↦8.198395295977434E-07),(Vehicles4↦8.198395295977434E-07),(Vehicles5↦-8.928525385698549E-07)}",
        "Reward": "0.8003043961998711",
        "VehiclesAx": "{(EgoVehicle↦-0.07526636123657227),(Vehicles2↦0.16495048999786377),(Vehicles3↦0.010890364646911621),(Vehicles4↦0.042961835861206055),(Vehicles5↦0.14094144105911255)}",
        "VehiclesVx": "{(EgoVehicle↦25.011415481567383),(Vehicles2↦-5.062878131866455),(Vehicles3↦-6.109023690223694),(Vehicles4↦-3.4932011365890503),(Vehicles5↦-4.916894733905792)}",
        "VehiclesY": "{(EgoVehicle↦-1.1102104569005178E-08),(Vehicles2↦4.0000001192092896),(Vehicles3↦1.1102103236737548E-08),(Vehicles4↦4.0000001192092896),(Vehicles5↦8.000000238418579)}",
        "VehiclesVy": "{(EgoVehicle↦3.6506513367839943E-08),(Vehicles2↦-3.6506504486055746E-08),(Vehicles3↦-3.6506504486055746E-08),(Vehicles4↦-3.6506504486055746E-08),(Vehicles5↦-3.6506504486055746E-08)}",
        "VehiclesX": "{(EgoVehicle↦200.0),(Vehicles2↦-9.74862203001976),(Vehicles3↦10.601696372032166),(Vehicles4↦51.07874870300293),(Vehicles5↦63.96147012710571)}"
      },
      "probabilisticVariables": null,
      "activating": [
        "LANE_LEFT_10"
      ],
      "activatingOnlyWhenExecuted": true,
      "updating": null,
      "withPredicate": null
    },
    {
      "id": "LANE_LEFT_10",
      "execute": "LANE_LEFT",
      "after": "1000",
      "priority": 0,
      "additionalGuards": null,
      "activationKind": null,
      "fixedVariables": {
        "Crash": "TRUE",
        "VehiclesAy": "{(EgoVehicle↦-3.532539594175432E-08),(Vehicles2↦3.5325387059970126E-08),(Vehicles3↦3.5325387059970126E-08),(Vehicles4↦3.5325387059970126E-08),(Vehicles5↦-3.768762191214137E-08)}",
        "Reward": "0.1333734184296127",
        "VehiclesAx": "{(EgoVehicle↦-0.009913444519042969),(Vehicles2↦-1.0864627361297607),(Vehicles3↦2.5984886288642883),(Vehicles4↦-1.3443470001220703),(Vehicles5↦-1.872352659702301)}",
        "VehiclesVx": "{(EgoVehicle↦25.00150203704834),(Vehicles2↦-6.149340867996216),(Vehicles3↦-3.5105350613594055),(Vehicles4↦-4.837548136711121),(Vehicles5↦-6.789247393608093)}",
        "VehiclesY": "{(EgoVehicle↦-3.796003511524759E-10),(Vehicles2↦4.042446377638953E-10),(Vehicles3↦4.0000001192092896),(Vehicles4↦8.000000238418579),(Vehicles5↦3.796003511524759E-10)}",
        "VehiclesVy": "{(EgoVehicle↦1.1811174260856205E-09),(Vehicles2↦-1.1811174260856205E-09),(Vehicles3↦-1.1811174260856205E-09),(Vehicles4↦-1.1811174260856205E-09),(Vehicles5↦-1.1811174260856205E-09)}",
        "VehiclesX": "{(EgoVehicle↦200.0),(Vehicles2↦5.000000074505806),(Vehicles3↦47.84126877784729),(Vehicles4↦59.33926701545715),(Vehicles5↦66.67259335517883)}"
      },
      "probabilisticVariables": null,
      "activating": null,
      "activatingOnlyWhenExecuted": true,
      "updating": null,
      "withPredicate": null
    }
  ],
  "listeners": [],
  "metadata": {
    "fileType": "Timed_Trace",
    "formatVersion": 3,
    "savedAt": "2023-08-15T11:29:31.369513Z",
    "creator": "Simulation: MONTE_CARLO_SIMULATION; MAX_STEPS_BEFORE_PROPERTY : 0, EXECUTIONS : 1000, ENDING_TIME : 60000",
    "proB2KernelVersion": "4.12.2",
    "proBCliVersion": "1.12.2-final",
    "modelName": "HighwayEnvironment"
  }
}