{
  "variables": {},
  "activations": [
    {
      "id": "$setup_constants",
      "execute": "$setup_constants",
      "after": "0",
      "priority": 0,
      "additionalGuards": null,
      "activationKind": null,
      "fixedVariables": null,
      "probabilisticVariables": null,
      "activating": null,
      "activatingOnlyWhenExecuted": true,
      "updating": null,
      "withPredicate": null
    },
    {
      "id": "$initialise_machine",
      "execute": "$initialise_machine",
      "after": "0",
      "priority": 0,
      "additionalGuards": null,
      "activationKind": null,
      "fixedVariables": {
        "Crash": "FALSE",
        "VehiclesAy": "{(EgoVehicle↦0.0),(Vehicles2↦0.0),(Vehicles3↦0.0),(Vehicles4↦0.0),(Vehicles5↦0.0)}",
        "Reward": "0.0",
        "VehiclesAx": "{(EgoVehicle↦0.0),(Vehicles2↦0.0),(Vehicles3↦0.0),(Vehicles4↦0.0),(Vehicles5↦0.0)}",
        "VehiclesVx": "{(EgoVehicle↦25.0),(Vehicles2↦-3.898005187511444),(Vehicles3↦-1.165877804160118),(Vehicles4↦-1.6219954192638397),(Vehicles5↦-1.1248206347227097)}",
        "VehiclesY": "{(EgoVehicle↦0.0),(Vehicles2↦0.0),(Vehicles3↦4.0000001192092896),(Vehicles4↦8.000000238418579),(Vehicles5↦8.000000238418579)}",
        "VehiclesVy": "{(EgoVehicle↦0.0),(Vehicles2↦0.0),(Vehicles3↦0.0),(Vehicles4↦0.0),(Vehicles5↦0.0)}",
        "VehiclesX": "{(EgoVehicle↦150.2440094947815),(Vehicles2↦20.939640700817108),(Vehicles3↦44.53367292881012),(Vehicles4↦71.14371657371521),(Vehicles5↦96.55460119247437)}"
      },
      "probabilisticVariables": null,
      "activating": [
        "LANE_RIGHT_2"
      ],
      "activatingOnlyWhenExecuted": true,
      "updating": null,
      "withPredicate": null
    },
    {
      "id": "LANE_RIGHT_2",
      "execute": "LANE_RIGHT",
      "after": "1000",
      "priority": 0,
      "additionalGuards": null,
      "activationKind": null,
      "fixedVariables": {
        "Crash": "FALSE",
        "VehiclesAy": "{(EgoVehicle↦1.0796338319778442),(Vehicles2↦-1.0796338319778442),(Vehicles3↦-1.0796338319778442),(Vehicles4↦-1.0796338319778442),(Vehicles5↦-1.0796338319778442)}",
        "Reward": "0.8327113850086175",
        "VehiclesAx": "{(EgoVehicle↦-0.023322105407714844),(Vehicles2↦-0.10737746953964233),(Vehicles3↦-1.207876279950142),(Vehicles4↦-4.910779148340225),(Vehicles5↦-3.136342838406563)}",
        "VehiclesVx": "{(EgoVehicle↦24.976677894592285),(Vehicles2↦-4.005382657051086),(Vehicles3↦-2.37375408411026),(Vehicles4↦-6.532774567604065),(Vehicles5↦-4.2611634731292725)}",
        "VehiclesY": "{(EgoVehicle↦3.6599650382995605),(Vehicles2↦-3.6599650382995605),(Vehicles3↦0.3400348797440529),(Vehicles4↦4.34003484249115),(Vehicles5↦4.34003484249115)}",
        "VehiclesVy": "{(EgoVehicle↦1.0796338319778442),(Vehicles2↦-1.0796338319778442),(Vehicles3↦-1.0796338319778442),(Vehicles4↦-1.0796338319778442),(Vehicles5↦-1.0796338319778442)}",
        "VehiclesX": "{(EgoVehicle↦174.92425441741943),(Vehicles2↦17.304925620555878),(Vehicles3↦43.13308596611023),(Vehicles4↦67.56628155708313),(Vehicles5↦94.35052871704102)}"
      },
      "probabilisticVariables": null,
      "activating": [
        "LANE_RIGHT_3"
      ],
      "activatingOnlyWhenExecuted": true,
      "updating": null,
      "withPredicate": null
    },
    {
      "id": "LANE_RIGHT_3",
      "execute": "LANE_RIGHT",
      "after": "1000",
      "priority": 0,
      "additionalGuards": null,
      "activationKind": null,
      "fixedVariables": {
        "Crash": "FALSE",
        "VehiclesAy": "{(EgoVehicle↦0.037668049335479736),(Vehicles2↦-0.037668049335479736),(Vehicles3↦-0.037668049335479736),(Vehicles4↦-0.037668049335479736),(Vehicles5↦-2.196935713291168)}",
        "Reward": "0.8660005399738949",
        "VehiclesAx": "{(EgoVehicle↦-0.0016570091247558594),(Vehicles2↦-0.08496403694152832),(Vehicles3↦-0.7056376338005066),(Vehicles4↦-1.7899560928344727),(Vehicles5↦-1.6726845502853394)}",
        "VehiclesVx": "{(EgoVehicle↦24.97502088546753),(Vehicles2↦-4.090346693992615),(Vehicles3↦-3.0793917179107666),(Vehicles4↦-8.322730660438538),(Vehicles5↦-5.933848023414612)}",
        "VehiclesY": "{(EgoVehicle↦7.648639440536499),(Vehicles2↦-7.648639440536499),(Vehicles3↦-3.6486393213272095),(Vehicles4↦0.35136057436466217),(Vehicles5↦0.35136057436466217)}",
        "VehiclesVy": "{(EgoVehicle↦1.117301881313324),(Vehicles2↦-1.117301881313324),(Vehicles3↦-1.117301881313324),(Vehicles4↦-1.117301881313324),(Vehicles5↦-1.117301881313324)}",
        "VehiclesX": "{(EgoVehicle↦199.54516887664795),(Vehicles2↦13.617761433124542),(Vehicles3↦40.80560505390167),(Vehicles4↦60.53416728973389),(Vehicles5↦89.68465924263)}"
      },
      "probabilisticVariables": null,
      "activating": [
        "FASTER_4"
      ],
      "activatingOnlyWhenExecuted": true,
      "updating": null,
      "withPredicate": null
    },
    {
      "id": "FASTER_4",
      "execute": "FASTER",
      "after": "1000",
      "priority": 0,
      "additionalGuards": null,
      "activationKind": null,
      "fixedVariables": {
        "Crash": "FALSE",
        "VehiclesAy": "{(EgoVehicle↦-1.0893604787997901),(Vehicles2↦1.0893604787997901),(Vehicles3↦1.0893604787997901),(Vehicles4↦1.0893604787997901),(Vehicles5↦-1.1452432838268578)}",
        "Reward": "0.9824413461860831",
        "VehiclesAx": "{(EgoVehicle↦4.3665289878845215),(Vehicles2↦-4.423447251319885),(Vehicles3↦-4.833146929740906),(Vehicles4↦-5.034211277961731),(Vehicles5↦-5.199468731880188)}",
        "VehiclesVx": "{(EgoVehicle↦29.34154987335205),(Vehicles2↦-8.5137939453125),(Vehicles3↦-7.912538647651672),(Vehicles4↦-13.356941938400269),(Vehicles5↦-11.1333167552948)}",
        "VehiclesY": "{(EgoVehicle↦7.99330472946167),(Vehicles2↦-7.99330472946167),(Vehicles3↦-3.9933046102523804),(Vehicles4↦0.006695416057482362),(Vehicles5↦0.006695416057482362)}",
        "VehiclesVy": "{(EgoVehicle↦0.02794140251353383),(Vehicles2↦-0.02794140251353383),(Vehicles3↦-0.02794140251353383),(Vehicles4↦-0.02794140251353383),(Vehicles5↦-0.02794140251353383)}",
        "VehiclesX": "{(EgoVehicle↦200.0),(Vehicles2↦7.086701691150665),(Vehicles3↦35.1099818944931),(Vehicles4↦49.47308897972107),(Vehicles5↦80.95310926437378)}"
      },
      "probabilisticVariables": null,
      "activating": [
        "LANE_RIGHT_5"
      ],
      "activatingOnlyWhenExecuted": true,
      "updating": null,
      "withPredicate": null
    },
    {
      "id": "LANE_RIGHT_5",
      "execute": "LANE_RIGHT",
      "after": "1000",
      "priority": 0,
      "additionalGuards": null,
      "activationKind": null,
      "fixedVariables": {
        "Crash": "FALSE",
        "VehiclesAy": "{(EgoVehicle↦-0.027845542535942513),(Vehicles2↦0.027845542535942513),(Vehicles3↦0.027845542535942513),(Vehicles4↦0.027845542535942513),(Vehicles5↦-0.028037262491125148)}",
        "Reward": "0.9976877960071264",
        "VehiclesAx": "{(EgoVehicle↦0.571742057800293),(Vehicles2↦-0.714067816734314),(Vehicles3↦-0.96976637840271),(Vehicles4↦-0.743558406829834),(Vehicles5↦-0.9360229969024658)}",
        "VehiclesVx": "{(EgoVehicle↦29.913291931152344),(Vehicles2↦-9.227861762046814),(Vehicles3↦-8.882305026054382),(Vehicles4↦-14.100500345230103),(Vehicles5↦-12.069339752197266)}",
        "VehiclesY": "{(EgoVehicle↦8.000002384185791),(Vehicles2↦-8.000002384185791),(Vehicles3↦-4.0000022649765015),(Vehicles4↦-2.2135311610327335E-06),(Vehicles5↦-2.2135311610327335E-06)}",
        "VehiclesVy": "{(EgoVehicle↦9.585997759131715E-05),(Vehicles2↦-9.585997759131715E-05),(Vehicles3↦-9.585997759131715E-05),(Vehicles4↦-9.585997759131715E-05),(Vehicles5↦-9.585997759131715E-05)}",
        "VehiclesX": "{(EgoVehicle↦200.0),(Vehicles2↦-1.7587784677743912),(Vehicles3↦26.731720566749573),(Vehicles4↦35.70471405982971),(Vehicles5↦69.33050155639648)}"
      },
      "probabilisticVariables": null,
      "activating": [
        "IDLE_6"
      ],
      "activatingOnlyWhenExecuted": true,
      "updating": null,
      "withPredicate": null
    },
    {
      "id": "IDLE_6",
      "execute": "IDLE",
      "after": "1000",
      "priority": 0,
      "additionalGuards": null,
      "activationKind": null,
      "fixedVariables": {
        "Crash": "FALSE",
        "VehiclesAy": "{(EgoVehicle↦-0.00010207551952134963),(Vehicles2↦0.00010207551952134963),(Vehicles3↦0.00010207551952134963),(Vehicles4↦0.00010207551952134963),(Vehicles5↦-0.22748027822672157)}",
        "Reward": "0.9996955122319133",
        "VehiclesAx": "{(EgoVehicle↦0.07529020309448242),(Vehicles2↦0.7451844215393066),(Vehicles3↦-5.211331248283386),(Vehicles4↦1.8666636943817139),(Vehicles5↦1.597822904586792)}",
        "VehiclesVx": "{(EgoVehicle↦29.988582134246826),(Vehicles2↦-8.482677340507507),(Vehicles3↦-14.093636274337769),(Vehicles4↦-12.233836650848389),(Vehicles5↦-10.471516847610474)}",
        "VehiclesY": "{(EgoVehicle↦8.000001668930054),(Vehicles2↦-4.000001907348633),(Vehicles3↦-1.8936242440759088E-06),(Vehicles4↦-1.8936242440759088E-06),(Vehicles5↦-7.920912265777588)}",
        "VehiclesVy": "{(EgoVehicle↦-6.2155419300324866E-06),(Vehicles2↦6.2155419300324866E-06),(Vehicles3↦6.2155419300324866E-06),(Vehicles4↦6.2155419300324866E-06),(Vehicles5↦-0.22738441824913025)}",
        "VehiclesX": "{(EgoVehicle↦200.0),(Vehicles2↦17.931845784187317),(Vehicles3↦21.58106416463852),(Vehicles4↦57.16733932495117),(Vehicles5↦83.21990966796875)}"
      },
      "probabilisticVariables": null,
      "activating": [
        "SLOWER_7"
      ],
      "activatingOnlyWhenExecuted": true,
      "updating": null,
      "withPredicate": null
    },
    {
      "id": "SLOWER_7",
      "execute": "SLOWER",
      "after": "1000",
      "priority": 0,
      "additionalGuards": null,
      "activationKind": null,
      "fixedVariables": {
        "Crash": "FALSE",
        "VehiclesAy": "{(EgoVehicle↦6.0409127300431464E-06),(Vehicles2↦-6.0409127300431464E-06),(Vehicles3↦-6.0409127300431464E-06),(Vehicles4↦-6.0409127300431464E-06),(Vehicles5↦-0.24226770270615816)}",
        "Reward": "0.8841848685518042",
        "VehiclesAx": "{(EgoVehicle↦-4.331650733947754),(Vehicles2↦-1.0624957084655762),(Vehicles3↦10.386331379413605),(Vehicles4↦4.402281641960144),(Vehicles5↦4.359285235404968)}",
        "VehiclesVx": "{(EgoVehicle↦25.656931400299072),(Vehicles2↦-9.545173048973083),(Vehicles3↦-3.707304894924164),(Vehicles4↦-7.831555008888245),(Vehicles5↦-6.112231612205505)}",
        "VehiclesY": "{(EgoVehicle↦8.000000238418579),(Vehicles2↦-5.2572847408782764E-08),(Vehicles3↦-4.0000001192092896),(Vehicles4↦-5.2572847408782764E-08),(Vehicles5↦-7.994826078414917)}",
        "VehiclesVy": "{(EgoVehicle↦-1.7462919998934012E-07),(Vehicles2↦1.7462919998934012E-07),(Vehicles3↦1.7462919998934012E-07),(Vehicles4↦1.7462919998934012E-07),(Vehicles5↦-0.014883284457027912)}",
        "VehiclesX": "{(EgoVehicle↦200.0),(Vehicles2↦9.95616763830185),(Vehicles3↦12.033210694789886),(Vehicles4↦47.34195172786713),(Vehicles5↦75.1505970954895)}"
      },
      "probabilisticVariables": null,
      "activating": [
        "LANE_LEFT_8"
      ],
      "activatingOnlyWhenExecuted": true,
      "updating": null,
      "withPredicate": null
    },
    {
      "id": "LANE_LEFT_8",
      "execute": "LANE_LEFT",
      "after": "1000",
      "priority": 0,
      "additionalGuards": null,
      "activationKind": null,
      "fixedVariables": {
        "Crash": "FALSE",
        "VehiclesAy": "{(EgoVehicle↦-1.0917230439310188),(Vehicles2↦1.0917230439310188),(Vehicles3↦1.0917230439310188),(Vehicles4↦1.0917230439310188),(Vehicles5↦1.07586822938174)}",
        "Reward": "0.8350064904598166",
        "VehiclesAx": "{(EgoVehicle↦-0.5941891670227051),(Vehicles2↦0.878671407699585),(Vehicles3↦0.8631542325019836),(Vehicles4↦0.7517653703689575),(Vehicles5↦0.6116235256195068)}",
        "VehiclesVx": "{(EgoVehicle↦25.062742233276367),(Vehicles2↦-8.666501641273499),(Vehicles3↦-2.84415066242218),(Vehicles4↦-7.079789638519287),(Vehicles5↦-5.5006080865859985)}",
        "VehiclesY": "{(EgoVehicle↦4.3448052406311035),(Vehicles2↦3.6551949977874756),(Vehicles3↦-0.3448050990700722),(Vehicles4↦3.6551949977874756),(Vehicles5↦-4.344467282295227)}",
        "VehiclesVy": "{(EgoVehicle↦-1.0917232185602188),(Vehicles2↦1.0917232185602188),(Vehicles3↦1.0917232185602188),(Vehicles4↦1.0917232185602188),(Vehicles5↦1.090751513838768)}",
        "VehiclesX": "{(EgoVehicle↦200.0),(Vehicles2↦1.1497478000819683),(Vehicles3↦9.073211252689362),(Vehicles4↦40.1971161365509),(Vehicles5↦69.67430710792542)}"
      },
      "probabilisticVariables": null,
      "activating": [
        "IDLE_9"
      ],
      "activatingOnlyWhenExecuted": true,
      "updating": null,
      "withPredicate": null
    },
    {
      "id": "IDLE_9",
      "execute": "IDLE",
      "after": "1000",
      "priority": 0,
      "additionalGuards": null,
      "activationKind": null,
      "fixedVariables": {
        "Crash": "FALSE",
        "VehiclesAy": "{(EgoVehicle↦1.0530165070667863),(Vehicles2↦-1.0530165070667863),(Vehicles3↦-1.0530165070667863),(Vehicles4↦-1.0530165070667863),(Vehicles5↦1.1293948884122074)}",
        "Reward": "0.833636327073819",
        "VehiclesAx": "{(EgoVehicle↦-0.05137920379638672),(Vehicles2↦6.028309464454651),(Vehicles3↦-5.459142327308655),(Vehicles4↦0.24948537349700928),(Vehicles5↦0.06435096263885498)}",
        "VehiclesVx": "{(EgoVehicle↦25.01136302947998),(Vehicles2↦-2.6381921768188477),(Vehicles3↦-8.303292989730835),(Vehicles4↦-6.830304265022278),(Vehicles5↦-5.4362571239471436)}",
        "VehiclesY": "{(EgoVehicle↦4.011683464050293),(Vehicles2↦-0.011683627730235457),(Vehicles3↦3.9883164167404175),(Vehicles4↦3.9883164167404175),(Vehicles5↦-4.011661648750305)}",
        "VehiclesVy": "{(EgoVehicle↦-0.03870671149343252),(Vehicles2↦0.03870671149343252),(Vehicles3↦0.03870671149343252),(Vehicles4↦0.03870671149343252),(Vehicles5↦0.03864337457343936)}",
        "VehiclesX": "{(EgoVehicle↦200.0),(Vehicles2↦6.319630146026611),(Vehicles3↦-7.371570914983749),(Vehicles4↦33.2161545753479),(Vehicles5↦64.20060396194458)}"
      },
      "probabilisticVariables": null,
      "activating": [
        "SLOWER_10"
      ],
      "activatingOnlyWhenExecuted": true,
      "updating": null,
      "withPredicate": null
    },
    {
      "id": "SLOWER_10",
      "execute": "SLOWER",
      "after": "1000",
      "priority": 0,
      "additionalGuards": null,
      "activationKind": null,
      "fixedVariables": {
        "Crash": "FALSE",
        "VehiclesAy": "{(EgoVehicle↦0.03711303521413356),(Vehicles2↦-0.03711303521413356),(Vehicles3↦-0.03711303521413356),(Vehicles4↦-0.037117158353794366),(Vehicles5↦0.04023705085273832)}",
        "Reward": "0.717598302987108",
        "VehiclesAx": "{(EgoVehicle↦-4.3514275550842285),(Vehicles2↦4.432374536991119),(Vehicles3↦6.034365743398666),(Vehicles4↦5.756171643733978),(Vehicles5↦4.252530708909035)}",
        "VehiclesVx": "{(EgoVehicle↦20.659935474395752),(Vehicles2↦1.7941823601722717),(Vehicles3↦-2.2689272463321686),(Vehicles4↦-1.0741326212882996),(Vehicles5↦-1.1837264150381088)}",
        "VehiclesY": "{(EgoVehicle↦4.000550866127014),(Vehicles2↦-0.0005509692127816379),(Vehicles3↦3.9994490146636963),(Vehicles4↦-4.0005494356155396),(Vehicles5↦3.9994490146636963)}",
        "VehiclesVy": "{(EgoVehicle↦-0.0015936762792989612),(Vehicles2↦0.0015936762792989612),(Vehicles3↦0.0015936762792989612),(Vehicles4↦0.0015895531396381557),(Vehicles5↦0.0015936762792989612)}",
        "VehiclesX": "{(EgoVehicle↦200.0),(Vehicles2↦6.118975207209587),(Vehicles3↦28.87018620967865),(Vehicles4↦61.169248819351196),(Vehicles5↦75.1939058303833)}"
      },
      "probabilisticVariables": null,
      "activating": [
        "FASTER_11"
      ],
      "activatingOnlyWhenExecuted": true,
      "updating": null,
      "withPredicate": null
    },
    {
      "id": "FASTER_11",
      "execute": "FASTER",
      "after": "1000",
      "priority": 0,
      "additionalGuards": null,
      "activationKind": null,
      "fixedVariables": {
        "Crash": "FALSE",
        "VehiclesAy": "{(EgoVehicle↦0.0015165853255894035),(Vehicles2↦-0.0015165853255894035),(Vehicles3↦-0.0015165853255894035),(Vehicles4↦-0.0015127303140616277),(Vehicles5↦0.0016707672330085188)}",
        "Reward": "0.8180925065044621",
        "VehiclesAx": "{(EgoVehicle↦3.7685346603393555),(Vehicles2↦-3.734937161207199),(Vehicles3↦-3.5634146630764008),(Vehicles4↦-3.7590381503105164),(Vehicles5↦-3.6207199841737747)}",
        "VehiclesVx": "{(EgoVehicle↦24.428470134735107),(Vehicles2↦-1.9407548010349274),(Vehicles3↦-5.832341909408569),(Vehicles4↦-4.833170771598816),(Vehicles5↦-4.8044463992118835)}",
        "VehiclesY": "{(EgoVehicle↦4.000023365020752),(Vehicles2↦-2.3299377062357962E-05),(Vehicles3↦3.999976873397827),(Vehicles4↦-4.000023365020752),(Vehicles5↦3.999976873397827)}",
        "VehiclesVy": "{(EgoVehicle↦-7.709095370955765E-05),(Vehicles2↦7.709095370955765E-05),(Vehicles3↦7.709095370955765E-05),(Vehicles4↦7.682282557652798E-05),(Vehicles5↦7.709095370955765E-05)}",
        "VehiclesX": "{(EgoVehicle↦200.0),(Vehicles2↦5.8506641536951065),(Vehicles3↦24.605192244052887),(Vehicles4↦58.02003741264343),(Vehicles5↦71.99246883392334)}"
      },
      "probabilisticVariables": null,
      "activating": [
        "LANE_LEFT_12"
      ],
      "activatingOnlyWhenExecuted": true,
      "updating": null,
      "withPredicate": null
    },
    {
      "id": "LANE_LEFT_12",
      "execute": "LANE_LEFT",
      "after": "1000",
      "priority": 0,
      "additionalGuards": null,
      "activationKind": null,
      "fixedVariables": {
        "Crash": "FALSE",
        "VehiclesAy": "{(EgoVehicle↦-1.068746321107028),(Vehicles2↦1.068746321107028),(Vehicles3↦1.068746321107028),(Vehicles4↦1.068746589235161),(Vehicles5↦1.0689005030144472)}",
        "Reward": "0.7973815853759283",
        "VehiclesAx": "{(EgoVehicle↦0.4733395576477051),(Vehicles2↦-0.4705411195755005),(Vehicles3↦-0.28181254863739014),(Vehicles4↦-0.4645198583602905),(Vehicles5↦-0.34964829683303833)}",
        "VehiclesVx": "{(EgoVehicle↦24.901809692382812),(Vehicles2↦-2.411295920610428),(Vehicles3↦-6.1141544580459595),(Vehicles4↦-5.2976906299591064),(Vehicles5↦-5.154094696044922)}",
        "VehiclesY": "{(EgoVehicle↦0.3358103781938553),(Vehicles2↦3.6641896963119507),(Vehicles3↦7.66418981552124),(Vehicles4↦-0.3358103781938553),(Vehicles5↦7.66418981552124)}",
        "VehiclesVy": "{(EgoVehicle↦-1.0688234120607376),(Vehicles2↦1.0688234120607376),(Vehicles3↦1.0688234120607376),(Vehicles4↦1.0688234120607376),(Vehicles5↦1.0688234120607376)}",
        "VehiclesX": "{(EgoVehicle↦200.0),(Vehicles2↦3.964470326900482),(Vehicles3↦18.902216851711273),(Vehicles4↦53.241896629333496),(Vehicles5↦67.29071140289307)}"
      },
      "probabilisticVariables": null,
      "activating": [
        "FASTER_13"
      ],
      "activatingOnlyWhenExecuted": true,
      "updating": null,
      "withPredicate": null
    },
    {
      "id": "FASTER_13",
      "execute": "FASTER",
      "after": "1000",
      "priority": 0,
      "additionalGuards": null,
      "activationKind": null,
      "fixedVariables": {
        "Crash": "FALSE",
        "VehiclesAy": "{(EgoVehicle↦1.0421104519627988),(Vehicles2↦-1.0421104519627988),(Vehicles3↦-1.0421104519627988),(Vehicles4↦-1.0421104519627988),(Vehicles5↦1.0955363721586764)}",
        "Reward": "0.9155104106649911",
        "VehiclesAx": "{(EgoVehicle↦4.429831504821777),(Vehicles2↦-4.4474779069423676),(Vehicles3↦-4.255655407905579),(Vehicles4↦-4.421408176422119),(Vehicles5↦-4.325960278511047)}",
        "VehiclesVx": "{(EgoVehicle↦29.33164119720459),(Vehicles2↦-6.858773827552795),(Vehicles3↦-10.369809865951538),(Vehicles4↦-9.719098806381226),(Vehicles5↦-9.48005497455597)}",
        "VehiclesY": "{(EgoVehicle↦0.006398441037163138),(Vehicles2↦3.993601441383362),(Vehicles3↦7.993601560592651),(Vehicles4↦-0.006398440338671207),(Vehicles5↦7.993601560592651)}",
        "VehiclesVy": "{(EgoVehicle↦-0.026712960097938776),(Vehicles2↦0.026712960097938776),(Vehicles3↦0.026712960097938776),(Vehicles4↦0.026712960097938776),(Vehicles5↦0.026712960097938776)}",
        "VehiclesX": "{(EgoVehicle↦200.0),(Vehicles2↦-0.9029338136315346),(Vehicles3↦10.408803075551987),(Vehicles4↦45.49722075462341),(Vehicles5↦59.729212522506714)}"
      },
      "probabilisticVariables": null,
      "activating": [
        "FASTER_14"
      ],
      "activatingOnlyWhenExecuted": true,
      "updating": null,
      "withPredicate": null
    },
    {
      "id": "FASTER_14",
      "execute": "FASTER",
      "after": "1000",
      "priority": 0,
      "additionalGuards": null,
      "activationKind": null,
      "fixedVariables": {
        "Crash": "FALSE",
        "VehiclesAy": "{(EgoVehicle↦0.02662176410012762),(Vehicles2↦-0.02662176410012762),(Vehicles3↦-0.02662176410012762),(Vehicles4↦-0.026621764172887197),(Vehicles5↦0.02680415609574993)}",
        "Reward": "0.930986324500771",
        "VehiclesAx": "{(EgoVehicle↦0.5803465843200684),(Vehicles2↦-3.9353638887405396),(Vehicles3↦2.899077534675598),(Vehicles4↦-0.5721664428710938),(Vehicles5↦-0.4925912618637085)}",
        "VehiclesVx": "{(EgoVehicle↦29.911987781524658),(Vehicles2↦-10.794137716293335),(Vehicles3↦-7.47073233127594),(Vehicles4↦-10.29126524925232),(Vehicles5↦-9.972646236419678)}",
        "VehiclesY": "{(EgoVehicle↦-2.24222867473145E-06),(Vehicles2↦8.000002384185791),(Vehicles3↦4.0000022649765015),(Vehicles4↦2.2422542542699375E-06),(Vehicles5↦8.000002384185791)}",
        "VehiclesVy": "{(EgoVehicle↦-9.11959978111554E-05),(Vehicles2↦9.11959978111554E-05),(Vehicles3↦9.11959978111554E-05),(Vehicles4↦9.119592505157925E-05),(Vehicles5↦9.11959978111554E-05)}",
        "VehiclesX": "{(EgoVehicle↦200.0),(Vehicles2↦-0.21731960587203503),(Vehicles3↦-8.093582838773727),(Vehicles4↦35.46124994754791),(Vehicles5↦49.9652624130249)}"
      },
      "probabilisticVariables": null,
      "activating": [
        "IDLE_15"
      ],
      "activatingOnlyWhenExecuted": true,
      "updating": null,
      "withPredicate": null
    },
    {
      "id": "IDLE_15",
      "execute": "IDLE",
      "after": "1000",
      "priority": 0,
      "additionalGuards": null,
      "activationKind": null,
      "fixedVariables": {
        "Crash": "FALSE",
        "VehiclesAy": "{(EgoVehicle↦9.71440954344871E-05),(Vehicles2↦-9.714409998196061E-05),(Vehicles3↦-9.71440954344871E-05),(Vehicles4↦-9.714402267491096E-05),(Vehicles5↦8.524790018782369E-05)}",
        "Reward": "0.9330242622118222",
        "VehiclesAx": "{(EgoVehicle↦0.07642269134521484),(Vehicles2↦0.43448925018310547),(Vehicles3↦-2.5036537647247314),(Vehicles4↦-0.3747212886810303),(Vehicles5↦-0.09479284286499023)}",
        "VehiclesVx": "{(EgoVehicle↦29.988410472869873),(Vehicles2↦-10.35964846611023),(Vehicles3↦-9.974386096000671),(Vehicles4↦-10.66598653793335),(Vehicles5↦-10.067439079284668)}",
        "VehiclesY": "{(EgoVehicle↦-1.811548884234071E-06),(Vehicles2↦1.8115505895366368E-06),(Vehicles3↦8.000001668930054),(Vehicles4↦4.000001907348633),(Vehicles5↦1.811548884234071E-06)}",
        "VehiclesVy": "{(EgoVehicle↦5.948097623331705E-06),(Vehicles2↦-5.948102170805214E-06),(Vehicles3↦-5.948097623331705E-06),(Vehicles4↦-5.948097623331705E-06),(Vehicles5↦-5.948097623331705E-06)}",
        "VehiclesX": "{(EgoVehicle↦200.0),(Vehicles2↦25.131049752235413),(Vehicles3↦39.98126983642578),(Vehicles4↦94.53094601631165),(Vehicles5↦103.90787124633789)}"
      },
      "probabilisticVariables": null,
      "activating": [
        "LANE_RIGHT_16"
      ],
      "activatingOnlyWhenExecuted": true,
      "updating": null,
      "withPredicate": null
    },
    {
      "id": "LANE_RIGHT_16",
      "execute": "LANE_RIGHT",
      "after": "1000",
      "priority": 0,
      "additionalGuards": null,
      "activationKind": null,
      "fixedVariables": {
        "Crash": "FALSE",
        "VehiclesAy": "{(EgoVehicle↦1.0301637028146615),(Vehicles2↦-1.030163702810114),(Vehicles3↦-1.0301637028146615),(Vehicles4↦-1.0301637028146615),(Vehicles5↦-1.0301755990099082)}",
        "Reward": "0.9661541363189564",
        "VehiclesAx": "{(EgoVehicle↦-0.00762939453125),(Vehicles2↦0.015599727630615234),(Vehicles3↦0.071677565574646),(Vehicles4↦0.09429335594177246),(Vehicles5↦0.0027573108673095703)}",
        "VehiclesVx": "{(EgoVehicle↦29.980781078338623),(Vehicles2↦-10.344048738479614),(Vehicles3↦-9.902708530426025),(Vehicles4↦-10.571693181991577),(Vehicles5↦-10.064681768417358)}",
        "VehiclesY": "{(EgoVehicle↦3.703298807144165),(Vehicles2↦-3.703298807144165),(Vehicles3↦4.296701073646545),(Vehicles4↦0.296701155602932),(Vehicles5↦-3.703298807144165)}",
        "VehiclesVy": "{(EgoVehicle↦1.0301696509122849),(Vehicles2↦-1.0301696509122849),(Vehicles3↦-1.0301696509122849),(Vehicles4↦-1.0301696509122849),(Vehicles5↦-1.0301696509122849)}",
        "VehiclesX": "{(EgoVehicle↦200.0),(Vehicles2↦15.045574307441711),(Vehicles3↦30.304250121116638),(Vehicles4↦84.17205214500427),(Vehicles5↦94.10920143127441)}"
      },
      "probabilisticVariables": null,
      "activating": [
        "LANE_RIGHT_17"
      ],
      "activatingOnlyWhenExecuted": true,
      "updating": null,
      "withPredicate": null
    },
    {
      "id": "LANE_RIGHT_17",
      "execute": "LANE_RIGHT",
      "after": "1000",
      "priority": 0,
      "additionalGuards": null,
      "activationKind": null,
      "fixedVariables": {
        "Crash": "FALSE",
        "VehiclesAy": "{(EgoVehicle↦0.015765130519866943),(Vehicles2↦-0.015765130519866943),(Vehicles3↦-0.015765130519866943),(Vehicles4↦-0.015765130519866943),(Vehicles5↦-2.0761044323444366)}",
        "Reward": "0.9995082760027683",
        "VehiclesAx": "{(EgoVehicle↦0.0007796287536621094),(Vehicles2↦0.007176399230957031),(Vehicles3↦0.0545656681060791),(Vehicles4↦0.07002472877502441),(Vehicles5↦-0.002537965774536133)}",
        "VehiclesVx": "{(EgoVehicle↦29.981560707092285),(Vehicles2↦-10.336872339248657),(Vehicles3↦-9.848142862319946),(Vehicles4↦-10.501668453216553),(Vehicles5↦-10.067219734191895)}",
        "VehiclesY": "{(EgoVehicle↦7.699869632720947),(Vehicles2↦-7.699869632720947),(Vehicles3↦0.30013029277324677),(Vehicles4↦-3.6998698711395264),(Vehicles5↦-7.699869632720947)}",
        "VehiclesVy": "{(EgoVehicle↦1.0459347814321518),(Vehicles2↦-1.0459347814321518),(Vehicles3↦-1.0459347814321518),(Vehicles4↦-1.0459347814321518),(Vehicles5↦-1.0459347814321518)}",
        "VehiclesX": "{(EgoVehicle↦200.0),(Vehicles2↦5.004606768488884),(Vehicles3↦20.724208652973175),(Vehicles4↦73.92968535423279),(Vehicles5↦84.34348106384277)}"
      },
      "probabilisticVariables": null,
      "activating": [
        "SLOWER_18"
      ],
      "activatingOnlyWhenExecuted": true,
      "updating": null,
      "withPredicate": null
    },
    {
      "id": "SLOWER_18",
      "execute": "SLOWER",
      "after": "1000",
      "priority": 0,
      "additionalGuards": null,
      "activationKind": null,
      "fixedVariables": {
        "Crash": "FALSE",
        "VehiclesAy": "{(EgoVehicle↦-1.02196607273072),(Vehicles2↦1.02196607273072),(Vehicles3↦1.02196607273072),(Vehicles4↦1.02196607273072),(Vehicles5↦-1.0699034901335835)}",
        "Reward": "0.8842239613564774",
        "VehiclesAx": "{(EgoVehicle↦-4.323163032531738),(Vehicles2↦4.331154227256775),(Vehicles3↦4.371336102485657),(Vehicles4↦4.381788969039917),(Vehicles5↦4.3241482973098755)}",
        "VehiclesVx": "{(EgoVehicle↦25.658397674560547),(Vehicles2↦-6.005718111991882),(Vehicles3↦-5.4768067598342896),(Vehicles4↦-6.119879484176636),(Vehicles5↦-5.743071436882019)}",
        "VehiclesY": "{(EgoVehicle↦7.992896318435669),(Vehicles2↦-7.992896318435669),(Vehicles3↦0.0071036433801054955),(Vehicles4↦-3.9928961992263794),(Vehicles5↦-7.992896318435669)}",
        "VehiclesVy": "{(EgoVehicle↦0.02396870870143175),(Vehicles2↦-0.02396870870143175),(Vehicles3↦-0.02396870870143175),(Vehicles4↦-0.02396870870143175),(Vehicles5↦-0.02396870870143175)}",
        "VehiclesX": "{(EgoVehicle↦200.0),(Vehicles2↦-2.9495129361748695),(Vehicles3↦13.275417685508728),(Vehicles4↦65.8318817615509),(Vehicles5↦76.65600776672363)}"
      },
      "probabilisticVariables": null,
      "activating": [
        "IDLE_19"
      ],
      "activatingOnlyWhenExecuted": true,
      "updating": null,
      "withPredicate": null
    },
    {
      "id": "IDLE_19",
      "execute": "IDLE",
      "after": "1000",
      "priority": 0,
      "additionalGuards": null,
      "activationKind": null,
      "fixedVariables": {
        "Crash": "FALSE",
        "VehiclesAy": "{(EgoVehicle↦-0.023260229572770186),(Vehicles2↦0.023260229572770186),(Vehicles3↦0.023260229572770186),(Vehicles4↦0.023260229572770186),(Vehicles5↦-0.024677187830093317)}",
        "Reward": "0.8689787774421228",
        "VehiclesAx": "{(EgoVehicle↦-0.5716943740844727),(Vehicles2↦1.1428219079971313),(Vehicles3↦0.050847530364990234),(Vehicles4↦0.620877742767334),(Vehicles5↦0.575101375579834)}",
        "VehiclesVx": "{(EgoVehicle↦25.086703300476074),(Vehicles2↦-4.862896203994751),(Vehicles3↦-5.425959229469299),(Vehicles4↦-5.499001741409302),(Vehicles5↦-5.167970061302185)}",
        "VehiclesY": "{(EgoVehicle↦7.9997878074646),(Vehicles2↦0.00021216109598753974),(Vehicles3↦-7.9997878074646),(Vehicles4↦-3.99978768825531),(Vehicles5↦-7.9997878074646)}",
        "VehiclesVy": "{(EgoVehicle↦0.0007084791286615655),(Vehicles2↦-0.0007084791286615655),(Vehicles3↦-0.0007084791286615655),(Vehicles4↦-0.0007084791286615655),(Vehicles5↦-0.0007084791286615655)}",
        "VehiclesX": "{(EgoVehicle↦200.0),(Vehicles2↦8.131308108568192),(Vehicles3↦-8.636635541915894),(Vehicles4↦60.04772186279297),(Vehicles5↦71.22949957847595)}"
      },
      "probabilisticVariables": null,
      "activating": [
        "SLOWER_20"
      ],
      "activatingOnlyWhenExecuted": true,
      "updating": null,
      "withPredicate": null
    },
    {
      "id": "SLOWER_20",
      "execute": "SLOWER",
      "after": "1000",
      "priority": 0,
      "additionalGuards": null,
      "activationKind": null,
      "fixedVariables": {
        "Crash": "FALSE",
        "VehiclesAy": "{(EgoVehicle↦-0.0006799054290240747),(Vehicles2↦0.0006799054290240747),(Vehicles3↦0.0006799054290240747),(Vehicles4↦0.0006799054290240747),(Vehicles5↦-0.0007370528282990563)}",
        "Reward": "0.7511961079007826",
        "VehiclesAx": "{(EgoVehicle↦-4.416849613189697),(Vehicles2↦4.454079605638981),(Vehicles3↦4.385591372847557),(Vehicles4↦4.753417298197746),(Vehicles5↦5.672650374472141)}",
        "VehiclesVx": "{(EgoVehicle↦20.669853687286377),(Vehicles2↦-0.4088165983557701),(Vehicles3↦-1.0403678566217422),(Vehicles4↦-0.7455844432115555),(Vehicles5↦0.5046803131699562)}",
        "VehiclesY": "{(EgoVehicle↦7.999990224838257),(Vehicles2↦9.876914646156365E-06),(Vehicles3↦-3.9999901056289673),(Vehicles4↦-7.999990224838257),(Vehicles5↦9.876914646156365E-06)}",
        "VehiclesVy": "{(EgoVehicle↦2.857369963749079E-05),(Vehicles2↦-2.857369963749079E-05),(Vehicles3↦-2.857369963749079E-05),(Vehicles4↦-2.857369963749079E-05),(Vehicles5↦-2.857369963749079E-05)}",
        "VehiclesX": "{(EgoVehicle↦200.0),(Vehicles2↦5.720263347029686),(Vehicles3↦57.00255036354065),(Vehicles4↦68.5001790523529),(Vehicles5↦76.17816925048828)}"
      },
      "probabilisticVariables": null,
      "activating": [
        "LANE_RIGHT_21"
      ],
      "activatingOnlyWhenExecuted": true,
      "updating": null,
      "withPredicate": null
    },
    {
      "id": "LANE_RIGHT_21",
      "execute": "LANE_RIGHT",
      "after": "1000",
      "priority": 0,
      "additionalGuards": null,
      "activationKind": null,
      "fixedVariables": {
        "Crash": "FALSE",
        "VehiclesAy": "{(EgoVehicle↦-2.6821597032267164E-05),(Vehicles2↦2.6821597032267164E-05),(Vehicles3↦2.6821597032267164E-05),(Vehicles4↦2.6821597032267164E-05),(Vehicles5↦-3.0325802242714417E-05)}",
        "Reward": "0.7356856328649166",
        "VehiclesAx": "{(EgoVehicle↦-0.5816435813903809),(Vehicles2↦0.6146674603223801),(Vehicles3↦0.6175679713487625),(Vehicles4↦0.5890431255102158),(Vehicles5↦0.5471662804484367)}",
        "VehiclesVx": "{(EgoVehicle↦20.088210105895996),(Vehicles2↦0.20585086196660995),(Vehicles3↦-0.42279988527297974),(Vehicles4↦-0.15654131770133972),(Vehicles5↦1.051846593618393)}",
        "VehiclesY": "{(EgoVehicle↦7.999999523162842),(Vehicles2↦6.038313102862958E-07),(Vehicles3↦-3.9999994039535522),(Vehicles4↦-7.999999523162842),(Vehicles5↦6.038313102862958E-07)}",
        "VehiclesVy": "{(EgoVehicle↦1.7521026052236266E-06),(Vehicles2↦-1.7521026052236266E-06),(Vehicles3↦-1.7521026052236266E-06),(Vehicles4↦-1.7521026052236266E-06),(Vehicles5↦-1.7521026052236266E-06)}",
        "VehiclesX": "{(EgoVehicle↦200.0),(Vehicles2↦5.645833909511566),(Vehicles3↦56.29783868789673),(Vehicles4↦68.07827949523926),(Vehicles5↦76.98974609375)}"
      },
      "probabilisticVariables": null,
      "activating": [
        "LANE_RIGHT_22"
      ],
      "activatingOnlyWhenExecuted": true,
      "updating": null,
      "withPredicate": null
    },
    {
      "id": "LANE_RIGHT_22",
      "execute": "LANE_RIGHT",
      "after": "1000",
      "priority": 0,
      "additionalGuards": null,
      "activationKind": null,
      "fixedVariables": {
        "Crash": "FALSE",
        "VehiclesAy": "{(EgoVehicle↦-1.6432272786914837E-06),(Vehicles2↦1.6432272786914837E-06),(Vehicles3↦1.6432272786914837E-06),(Vehicles4↦1.6432272786914837E-06),(Vehicles5↦-1.8609779317557695E-06)}",
        "Reward": "0.7336431011728836",
        "VehiclesAx": "{(EgoVehicle↦-0.07659435272216797),(Vehicles2↦0.10605115443468094),(Vehicles3↦0.10783802717924118),(Vehicles4↦0.0856197951361537),(Vehicles5↦0.04436403512954712)}",
        "VehiclesVx": "{(EgoVehicle↦20.011615753173828),(Vehicles2↦0.3119020164012909),(Vehicles3↦-0.31496185809373856),(Vehicles4↦-0.07092152256518602),(Vehicles5↦1.09621062874794)}",
        "VehiclesY": "{(EgoVehicle↦8.000000238418579),(Vehicles2↦3.749062127411662E-08),(Vehicles3↦-4.0000001192092896),(Vehicles4↦-8.000000238418579),(Vehicles5↦3.749062127411662E-08)}",
        "VehiclesVy": "{(EgoVehicle↦1.0887532653214294E-07),(Vehicles2↦-1.0887532653214294E-07),(Vehicles3↦-1.0887532653214294E-07),(Vehicles4↦-1.0887532653214294E-07),(Vehicles5↦-1.0887532653214294E-07)}",
        "VehiclesX": "{(EgoVehicle↦200.0),(Vehicles2↦5.905984714627266),(Vehicles3↦55.93012571334839),(Vehicles4↦67.96748042106628),(Vehicles5↦78.07077765464783)}"
      },
      "probabilisticVariables": null,
      "activating": [
        "LANE_RIGHT_23"
      ],
      "activatingOnlyWhenExecuted": true,
      "updating": null,
      "withPredicate": null
    },
    {
      "id": "LANE_RIGHT_23",
      "execute": "LANE_RIGHT",
      "after": "1000",
      "priority": 0,
      "additionalGuards": null,
      "activationKind": null,
      "fixedVariables": {
        "Crash": "FALSE",
        "VehiclesAy": "{(EgoVehicle↦-1.0210225553919372E-07),(Vehicles2↦1.0210224665740952E-07),(Vehicles3↦1.0210224665740952E-07),(Vehicles4↦1.0210224665740952E-07),(Vehicles5↦-1.1564840640687635E-07)}",
        "Reward": "0.7333741258060313",
        "VehiclesAx": "{(EgoVehicle↦-0.010085105895996094),(Vehicles2↦0.036496855318546295),(Vehicles3↦0.03755612298846245),(Vehicles4↦0.020517166703939438),(Vehicles5↦-0.019886493682861328)}",
        "VehiclesVx": "{(EgoVehicle↦20.001530647277832),(Vehicles2↦0.3483988717198372),(Vehicles3↦-0.2774057351052761),(Vehicles4↦-0.050404355861246586),(Vehicles5↦1.0763241350650787)}",
        "VehiclesY": "{(EgoVehicle↦8.000000238418579),(Vehicles2↦2.332009252370426E-09),(Vehicles3↦-4.0000001192092896),(Vehicles4↦-8.000000238418579),(Vehicles5↦2.332009252370426E-09)}",
        "VehiclesVy": "{(EgoVehicle↦6.773070992949215E-09),(Vehicles2↦-6.773079874733412E-09),(Vehicles3↦-6.773079874733412E-09),(Vehicles4↦-6.773079874733412E-09),(Vehicles5↦-6.773079874733412E-09)}",
        "VehiclesX": "{(EgoVehicle↦200.0),(Vehicles2↦6.234240159392357),(Vehicles3↦55.631983280181885),(Vehicles4↦67.90619492530823),(Vehicles5↦79.16038036346436)}"
      },
      "probabilisticVariables": null,
      "activating": [
        "LANE_RIGHT_24"
      ],
      "activatingOnlyWhenExecuted": true,
      "updating": null,
      "withPredicate": null
    },
    {
      "id": "LANE_RIGHT_24",
      "execute": "LANE_RIGHT",
      "after": "1000",
      "priority": 0,
      "additionalGuards": null,
      "activationKind": null,
      "fixedVariables": {
        "Crash": "FALSE",
        "VehiclesAy": "{(EgoVehicle↦-6.3516658599382936E-09),(Vehicles2↦6.3516747417224906E-09),(Vehicles3↦6.3516747417224906E-09),(Vehicles4↦6.3516747417224906E-09),(Vehicles5↦-7.1944850077443334E-09)}",
        "Reward": "0.7333387051815898",
        "VehiclesAx": "{(EgoVehicle↦-0.0013303756713867188),(Vehicles2↦0.025125592947006226),(Vehicles3↦0.025734584778547287),(Vehicles4↦0.01296567963436246),(Vehicles5↦-0.026399865746498108)}",
        "VehiclesVx": "{(EgoVehicle↦20.000200271606445),(Vehicles2↦0.3735244646668434),(Vehicles3↦-0.2516711503267288),(Vehicles4↦-0.03743867622688413),(Vehicles5↦1.0499242693185806)}",
        "VehiclesY": "{(EgoVehicle↦8.000000238418579),(Vehicles2↦1.4509193846379276E-10),(Vehicles3↦-4.0000001192092896),(Vehicles4↦-8.000000238418579),(Vehicles5↦1.4509193846379276E-10)}",
        "VehiclesVy": "{(EgoVehicle↦4.214051330109214E-10),(Vehicles2↦-4.214051330109214E-10),(Vehicles3↦-4.214051330109214E-10),(Vehicles4↦-4.214051330109214E-10),(Vehicles5↦-4.214051330109214E-10)}",
        "VehiclesX": "{(EgoVehicle↦200.0),(Vehicles2↦6.593084335327148),(Vehicles3↦55.365294218063354),(Vehicles4↦67.86108613014221),(Vehicles5↦80.22616505622864)}"
      },
      "probabilisticVariables": null,
      "activating": [
        "LANE_RIGHT_25"
      ],
      "activatingOnlyWhenExecuted": true,
      "updating": null,
      "withPredicate": null
    },
    {
      "id": "LANE_RIGHT_25",
      "execute": "LANE_RIGHT",
      "after": "1000",
      "priority": 0,
      "additionalGuards": null,
      "activationKind": null,
      "fixedVariables": {
        "Crash": "FALSE",
        "VehiclesAy": "{(EgoVehicle↦-3.951861060613737E-10),(Vehicles2↦3.951861060613737E-10),(Vehicles3↦3.951861060613737E-10),(Vehicles4↦3.951861060613737E-10),(Vehicles5↦-4.476241599604691E-10)}",
        "Reward": "0.733334040737219",
        "VehiclesAx": "{(EgoVehicle↦-0.00017404556274414062),(Vehicles2↦0.02172093838453293),(Vehicles3↦0.02207985147833824),(Vehicles4↦0.012838903348892927),(Vehicles5↦-0.02534233033657074)}",
        "VehiclesVx": "{(EgoVehicle↦20.0000262260437),(Vehicles2↦0.39524540305137634),(Vehicles3↦-0.22959129884839058),(Vehicles4↦-0.0245997728779912),(Vehicles5↦1.0245819389820099)}",
        "VehiclesY": "{(EgoVehicle↦8.000000238418579),(Vehicles2↦9.027445457832073E-12),(Vehicles3↦-4.0000001192092896),(Vehicles4↦-8.000000238418579),(Vehicles5↦9.027445457832073E-12)}",
        "VehiclesVy": "{(EgoVehicle↦2.6219026949547697E-11),(Vehicles2↦-2.6219026949547697E-11),(Vehicles3↦-2.6219026949547697E-11),(Vehicles4↦-2.6219026949547697E-11),(Vehicles5↦-2.6219026949547697E-11)}",
        "VehiclesX": "{(EgoVehicle↦200.0),(Vehicles2↦6.9754913449287415),(Vehicles3↦55.12266159057617),(Vehicles4↦67.82873868942261),(Vehicles5↦81.26580715179443)}"
      },
      "probabilisticVariables": null,
      "activating": [
        "LANE_RIGHT_26"
      ],
      "activatingOnlyWhenExecuted": true,
      "updating": null,
      "withPredicate": null
    },
    {
      "id": "LANE_RIGHT_26",
      "execute": "LANE_RIGHT",
      "after": "1000",
      "priority": 0,
      "additionalGuards": null,
      "activationKind": null,
      "fixedVariables": {
        "Crash": "FALSE",
        "VehiclesAy": "{(EgoVehicle↦-2.460254222569347E-11),(Vehicles2↦2.460254222569347E-11),(Vehicles3↦2.460254222569347E-11),(Vehicles4↦2.460254222569347E-11),(Vehicles5↦-2.7835511673401925E-11)}",
        "Reward": "0.7333334264894006",
        "VehiclesAx": "{(EgoVehicle↦-2.384185791015625E-05),(Vehicles2↦0.01962222158908844),(Vehicles3↦0.019875653088092804),(Vehicles4↦0.01355095417238772),(Vehicles5↦-0.023334473371505737)}",
        "VehiclesVx": "{(EgoVehicle↦20.00000238418579),(Vehicles2↦0.4148676246404648),(Vehicles3↦-0.20971564576029778),(Vehicles4↦-0.01104881870560348),(Vehicles5↦1.0012474656105042)}",
        "VehiclesY": "{(EgoVehicle↦8.000000238418579),(Vehicles2↦5.622169396701793E-13),(Vehicles3↦-4.0000001192092896),(Vehicles4↦-8.000000238418579),(Vehicles5↦5.622169396701793E-13)}",
        "VehiclesVy": "{(EgoVehicle↦1.616484723854228E-12),(Vehicles2↦-1.616484723854228E-12),(Vehicles3↦-1.616484723854228E-12),(Vehicles4↦-1.616484723854228E-12),(Vehicles5↦-1.616484723854228E-12)}",
        "VehiclesX": "{(EgoVehicle↦200.0),(Vehicles2↦7.378733903169632),(Vehicles3↦54.9011766910553),(Vehicles4↦67.80949831008911),(Vehicles5↦82.28088617324829)}"
      },
      "probabilisticVariables": null,
      "activating": [
        "LANE_RIGHT_27"
      ],
      "activatingOnlyWhenExecuted": true,
      "updating": null,
      "withPredicate": null
    },
    {
      "id": "LANE_RIGHT_27",
      "execute": "LANE_RIGHT",
      "after": "1000",
      "priority": 0,
      "additionalGuards": null,
      "activationKind": null,
      "fixedVariables": {
        "Crash": "FALSE",
        "VehiclesAy": "{(EgoVehicle↦-1.5099033134902129E-12),(Vehicles2↦1.5187850976872141E-12),(Vehicles3↦1.5187850976872141E-12),(Vehicles4↦1.5187850976872141E-12),(Vehicles5↦-1.7141843500212417E-12)}",
        "Reward": "0.733333345600799",
        "VehiclesAx": "{(EgoVehicle↦-2.384185791015625E-06),(Vehicles2↦0.017913393676280975),(Vehicles3↦0.0181657075881958),(Vehicles4↦0.014248753723222762),(Vehicles5↦-0.021260008215904236)}",
        "VehiclesVx": "{(EgoVehicle↦20.0),(Vehicles2↦0.43278101831674576),(Vehicles3↦-0.19154993817210197),(Vehicles4↦0.003199935017619282),(Vehicles5↦0.9799874573945999)}",
        "VehiclesY": "{(EgoVehicle↦8.000000238418579),(Vehicles2↦3.4638958368304884E-14),(Vehicles3↦-4.0000001192092896),(Vehicles4↦-8.000000238418579),(Vehicles5↦3.4638958368304884E-14)}",
        "VehiclesVy": "{(EgoVehicle↦1.0658141036401503E-13),(Vehicles2↦-9.769962616701378E-14),(Vehicles3↦-9.769962616701378E-14),(Vehicles4↦-9.769962616701378E-14),(Vehicles5↦-9.769962616701378E-14)}",
        "VehiclesX": "{(EgoVehicle↦200.0),(Vehicles2↦7.800892740488052),(Vehicles3↦54.698848724365234),(Vehicles4↦67.80409812927246),(Vehicles5↦83.27346444129944)}"
      },
      "probabilisticVariables": null,
      "activating": [
        "LANE_RIGHT_28"
      ],
      "activatingOnlyWhenExecuted": true,
      "updating": null,
      "withPredicate": null
    },
    {
      "id": "LANE_RIGHT_28",
      "execute": "LANE_RIGHT",
      "after": "1000",
      "priority": 0,
      "additionalGuards": null,
      "activationKind": null,
      "fixedVariables": {
        "Crash": "FALSE",
        "VehiclesAy": "{(EgoVehicle↦-8.881784197001252E-14),(Vehicles2↦7.993605777301127E-14),(Vehicles3↦7.993605777301127E-14),(Vehicles4↦7.993605777301127E-14),(Vehicles5↦-1.1546319456101628E-13)}",
        "Reward": "0.733333334948802",
        "VehiclesAx": "{(EgoVehicle↦0.0),(Vehicles2↦0.016441792249679565),(Vehicles3↦0.016767792403697968),(Vehicles4↦0.014833197637926787),(Vehicles5↦-0.019244849681854248)}",
        "VehiclesVx": "{(EgoVehicle↦20.0),(Vehicles2↦0.4492228105664253),(Vehicles3↦-0.174782145768404),(Vehicles4↦0.01803313265554607),(Vehicles5↦0.9607426077127457)}",
        "VehiclesY": "{(EgoVehicle↦8.000000238418579),(Vehicles2↦2.6645352591003757E-15),(Vehicles3↦-4.0000001192092896),(Vehicles4↦-8.000000238418579),(Vehicles5↦2.6645352591003757E-15)}",
        "VehiclesVy": "{(EgoVehicle↦1.7763568394002505E-14),(Vehicles2↦-1.7763568394002505E-14),(Vehicles3↦-1.7763568394002505E-14),(Vehicles4↦-1.7763568394002505E-14),(Vehicles5↦-1.7763568394002505E-14)}",
        "VehiclesX": "{(EgoVehicle↦200.0),(Vehicles2↦8.240360021591187),(Vehicles3↦54.51410412788391),(Vehicles4↦67.81318783760071),(Vehicles5↦84.24559831619263)}"
      },
      "probabilisticVariables": null,
      "activating": [
        "LANE_RIGHT_29"
      ],
      "activatingOnlyWhenExecuted": true,
      "updating": null,
      "withPredicate": null
    },
    {
      "id": "LANE_RIGHT_29",
      "execute": "LANE_RIGHT",
      "after": "1000",
      "priority": 0,
      "additionalGuards": null,
      "activationKind": null,
      "fixedVariables": {
        "Crash": "FALSE",
        "VehiclesAy": "{(EgoVehicle↦-1.7763568394002505E-14),(Vehicles2↦1.7763568394002505E-14),(Vehicles3↦1.7763568394002505E-14),(Vehicles4↦1.7763568394002505E-14),(Vehicles5↦-1.7763568394002505E-14)}",
        "Reward": "0.7333333335460699",
        "VehiclesAx": "{(EgoVehicle↦0.0),(Vehicles2↦0.015160664916038513),(Vehicles3↦0.015613287687301636),(Vehicles4↦0.015303503023460507),(Vehicles5↦-0.017312467098236084)}",
        "VehiclesVx": "{(EgoVehicle↦20.0),(Vehicles2↦0.46438347548246384),(Vehicles3↦-0.15916885808110237),(Vehicles4↦0.03333663567900658),(Vehicles5↦0.9434301406145096)}",
        "VehiclesY": "{(EgoVehicle↦8.000000238418579),(Vehicles2↦0.0),(Vehicles3↦-4.0000001192092896),(Vehicles4↦-8.000000238418579),(Vehicles5↦0.0)}",
        "VehiclesVy": "{(EgoVehicle↦0.0),(Vehicles2↦0.0),(Vehicles3↦0.0),(Vehicles4↦0.0),(Vehicles5↦0.0)}",
        "VehiclesX": "{(EgoVehicle↦200.0),(Vehicles2↦8.69574323296547),(Vehicles3↦54.34565544128418),(Vehicles4↦67.83730983734131),(Vehicles5↦85.1992666721344)}"
      },
      "probabilisticVariables": null,
      "activating": [
        "LANE_RIGHT_30"
      ],
      "activatingOnlyWhenExecuted": true,
      "updating": null,
      "withPredicate": null
    },
    {
      "id": "LANE_RIGHT_30",
      "execute": "LANE_RIGHT",
      "after": "1000",
      "priority": 0,
      "additionalGuards": null,
      "activationKind": null,
      "fixedVariables": {
        "Crash": "FALSE",
        "VehiclesAy": "{(EgoVehicle↦0.0),(Vehicles2↦0.0),(Vehicles3↦0.0),(Vehicles4↦0.0),(Vehicles5↦0.0)}",
        "Reward": "0.733333333361348",
        "VehiclesAx": "{(EgoVehicle↦0.0),(Vehicles2↦0.014041773974895477),(Vehicles3↦0.014657331630587578),(Vehicles4↦0.015670862048864365),(Vehicles5↦-0.015471428632736206)}",
        "VehiclesVx": "{(EgoVehicle↦20.0),(Vehicles2↦0.4784252494573593),(Vehicles3↦-0.1445115264505148),(Vehicles4↦0.04900749772787094),(Vehicles5↦0.9279587119817734)}",
        "VehiclesY": "{(EgoVehicle↦8.000000238418579),(Vehicles2↦0.0),(Vehicles3↦-4.0000001192092896),(Vehicles4↦-8.000000238418579),(Vehicles5↦0.0)}",
        "VehiclesVy": "{(EgoVehicle↦0.0),(Vehicles2↦0.0),(Vehicles3↦0.0),(Vehicles4↦0.0),(Vehicles5↦0.0)}",
        "VehiclesX": "{(EgoVehicle↦200.0),(Vehicles2↦9.165826439857483),(Vehicles3↦54.19241786003113),(Vehicles4↦67.87688732147217),(Vehicles5↦86.13636493682861)}"
      },
      "probabilisticVariables": null,
      "activating": [
        "FASTER_31"
      ],
      "activatingOnlyWhenExecuted": true,
      "updating": null,
      "withPredicate": null
    },
    {
      "id": "FASTER_31",
      "execute": "FASTER",
      "after": "1000",
      "priority": 0,
      "additionalGuards": null,
      "activationKind": null,
      "fixedVariables": {
        "Crash": "FALSE",
        "VehiclesAy": "{(EgoVehicle↦0.0),(Vehicles2↦0.0),(Vehicles3↦0.0),(Vehicles4↦0.0),(Vehicles5↦0.0)}",
        "Reward": "0.8491083676305754",
        "VehiclesAx": "{(EgoVehicle↦4.341564178466797),(Vehicles2↦-4.328501150012016),(Vehicles3↦-4.327698880806565),(Vehicles4↦-4.325616620481014),(Vehicles5↦-4.355290457606316)}",
        "VehiclesVx": "{(EgoVehicle↦24.341564178466797),(Vehicles2↦-3.850075900554657),(Vehicles3↦-4.47221040725708),(Vehicles4↦-4.276609122753143),(Vehicles5↦-3.4273317456245422)}",
        "VehiclesY": "{(EgoVehicle↦8.000000238418579),(Vehicles2↦0.0),(Vehicles3↦-4.0000001192092896),(Vehicles4↦-8.000000238418579),(Vehicles5↦0.0)}",
        "VehiclesVy": "{(EgoVehicle↦0.0),(Vehicles2↦0.0),(Vehicles3↦0.0),(Vehicles4↦0.0),(Vehicles5↦0.0)}",
        "VehiclesX": "{(EgoVehicle↦200.0),(Vehicles2↦7.25448876619339),(Vehicles3↦51.658445596694946),(Vehicles4↦65.53719639778137),(Vehicles5↦84.66363549232483)}"
      },
      "probabilisticVariables": null,
      "activating": [
        "LANE_LEFT_32"
      ],
      "activatingOnlyWhenExecuted": true,
      "updating": null,
      "withPredicate": null
    },
    {
      "id": "LANE_LEFT_32",
      "execute": "LANE_LEFT",
      "after": "1000",
      "priority": 0,
      "additionalGuards": null,
      "activationKind": null,
      "fixedVariables": {
        "Crash": "FALSE",
        "VehiclesAy": "{(EgoVehicle↦-1.0671518743038177),(Vehicles2↦1.0671518743038177),(Vehicles3↦1.0671518743038177),(Vehicles4↦1.0671518743038177),(Vehicles5↦1.0671518743038177)}",
        "Reward": "0.8304113686528235",
        "VehiclesAx": "{(EgoVehicle↦0.548861026763916),(Vehicles2↦-0.5366581678390503),(Vehicles3↦-0.5356544256210327),(Vehicles4↦-0.5327194929122925),(Vehicles5↦-0.5609428882598877)}",
        "VehiclesVx": "{(EgoVehicle↦24.890425205230713),(Vehicles2↦-4.386734068393707),(Vehicles3↦-5.007864832878113),(Vehicles4↦-4.809328615665436),(Vehicles5↦-3.98827463388443)}",
        "VehiclesY": "{(EgoVehicle↦4.335160732269287),(Vehicles2↦3.6648391485214233),(Vehicles3↦-0.33516083657741547),(Vehicles4↦-4.335160732269287),(Vehicles5↦3.6648391485214233)}",
        "VehiclesVy": "{(EgoVehicle↦-1.0671518743038177),(Vehicles2↦1.0671518743038177),(Vehicles3↦1.0671518743038177),(Vehicles4↦1.0671518743038177),(Vehicles5↦1.0671518743038177)}",
        "VehiclesX": "{(EgoVehicle↦200.0),(Vehicles2↦3.4200474619865417),(Vehicles3↦47.20225632190704),(Vehicles4↦61.27771735191345),(Vehicles5↦81.24203085899353)}"
      },
      "probabilisticVariables": null,
      "activating": [
        "FASTER_33"
      ],
      "activatingOnlyWhenExecuted": true,
      "updating": null,
      "withPredicate": null
    },
    {
      "id": "FASTER_33",
      "execute": "FASTER",
      "after": "1000",
      "priority": 0,
      "additionalGuards": null,
      "activationKind": null,
      "fixedVariables": {
        "Crash": "FALSE",
        "VehiclesAy": "{(EgoVehicle↦1.040501322131604),(Vehicles2↦-1.040501322131604),(Vehicles3↦-1.040501322131604),(Vehicles4↦-1.040501322131604),(Vehicles5↦1.0938024264760315)}",
        "Reward": "0.9488035569819228",
        "VehiclesAx": "{(EgoVehicle↦4.439709186553955),(Vehicles2↦-4.42825585603714),(Vehicles3↦-4.42704439163208),(Vehicles4↦-4.423438012599945),(Vehicles5↦-4.4502416253089905)}",
        "VehiclesVx": "{(EgoVehicle↦29.330134391784668),(Vehicles2↦-8.814989924430847),(Vehicles3↦-9.434909224510193),(Vehicles4↦-9.23276662826538),(Vehicles5↦-8.43851625919342)}",
        "VehiclesY": "{(EgoVehicle↦4.006382346153259),(Vehicles2↦3.993617534637451),(Vehicles3↦-0.006382393883541226),(Vehicles4↦-4.006382346153259),(Vehicles5↦3.993617534637451)}",
        "VehiclesVy": "{(EgoVehicle↦-0.026650552172213793),(Vehicles2↦0.026650552172213793),(Vehicles3↦0.026650552172213793),(Vehicles4↦0.026650552172213793),(Vehicles5↦0.026650552172213793)}",
        "VehiclesX": "{(EgoVehicle↦200.0),(Vehicles2↦-3.417864814400673),(Vehicles3↦39.7436797618866),(Vehicles4↦54.01907563209534),(Vehicles5↦74.79360699653625)}"
      },
      "probabilisticVariables": null,
      "activating": [
        "LANE_LEFT_34"
      ],
      "activatingOnlyWhenExecuted": true,
      "updating": null,
      "withPredicate": null
    },
    {
      "id": "LANE_LEFT_34",
      "execute": "LANE_LEFT",
      "after": "1000",
      "priority": 0,
      "additionalGuards": null,
      "activationKind": null,
      "fixedVariables": {
        "Crash": "FALSE",
        "VehiclesAy": "{(EgoVehicle↦-0.9913029777817428),(Vehicles2↦0.9913029777817428),(Vehicles3↦0.9913029777817428),(Vehicles4↦0.9913029777817428),(Vehicles5↦1.0446040821261704)}",
        "Reward": "0.9305189937971751",
        "VehiclesAx": "{(EgoVehicle↦0.5643272399902344),(Vehicles2↦-1.172037124633789),(Vehicles3↦-0.34585297107696533),(Vehicles4↦0.22083282470703125),(Vehicles5↦-1.4387482404708862)}",
        "VehiclesVx": "{(EgoVehicle↦29.894461631774902),(Vehicles2↦-9.987027049064636),(Vehicles3↦-9.780762195587158),(Vehicles4↦-9.01193380355835),(Vehicles5↦-9.877264499664307)}",
        "VehiclesY": "{(EgoVehicle↦0.29186850786209106),(Vehicles2↦3.708131432533264),(Vehicles3↦-0.29186850786209106),(Vehicles4↦7.708131551742554),(Vehicles5↦3.708131432533264)}",
        "VehiclesVy": "{(EgoVehicle↦-1.0179535299539566),(Vehicles2↦1.0179535299539566),(Vehicles3↦1.0179535299539566),(Vehicles4↦1.0179535299539566),(Vehicles5↦1.0179535299539566)}",
        "VehiclesX": "{(EgoVehicle↦200.0),(Vehicles2↦30.274569988250732),(Vehicles3↦44.75371837615967),(Vehicles4↦66.31222367286682),(Vehicles5↦89.4157350063324)}"
      },
      "probabilisticVariables": null,
      "activating": [
        "FASTER_35"
      ],
      "activatingOnlyWhenExecuted": true,
      "updating": null,
      "withPredicate": null
    },
    {
      "id": "FASTER_35",
      "execute": "FASTER",
      "after": "1000",
      "priority": 0,
      "additionalGuards": null,
      "activationKind": null,
      "fixedVariables": {
        "Crash": "FALSE",
        "VehiclesAy": "{(EgoVehicle↦1.00255953730084),(Vehicles2↦-1.00255953730084),(Vehicles3↦-1.00255953730084),(Vehicles4↦-1.00255953730084),(Vehicles5↦1.0333475226070732)}",
        "Reward": "0.9330234599184944",
        "VehiclesAx": "{(EgoVehicle↦0.0939178466796875),(Vehicles2↦-0.08208334445953369),(Vehicles3↦-0.07757306098937988),(Vehicles4↦-0.10165929794311523),(Vehicles5↦-0.08568048477172852)}",
        "VehiclesVx": "{(EgoVehicle↦29.98837947845459),(Vehicles2↦-10.06911039352417),(Vehicles3↦-9.858335256576538),(Vehicles4↦-9.113593101501465),(Vehicles5↦-9.962944984436035)}",
        "VehiclesY": "{(EgoVehicle↦0.0033417942468076944),(Vehicles2↦3.9966580867767334),(Vehicles3↦-0.0033417942468076944),(Vehicles4↦7.996657848358154),(Vehicles5↦3.9966580867767334)}",
        "VehiclesVy": "{(EgoVehicle↦-0.015393992653116584),(Vehicles2↦0.015393992653116584),(Vehicles3↦0.015393992653116584),(Vehicles4↦0.015393992653116584),(Vehicles5↦0.015393992653116584)}",
        "VehiclesX": "{(EgoVehicle↦200.0),(Vehicles2↦20.23542821407318),(Vehicles3↦34.92262065410614),(Vehicles4↦57.240211963653564),(Vehicles5↦79.4848620891571)}"
      },
      "probabilisticVariables": null,
      "activating": [
        "LANE_LEFT_36"
      ],
      "activatingOnlyWhenExecuted": true,
      "updating": null,
      "withPredicate": null
    },
    {
      "id": "LANE_LEFT_36",
      "execute": "LANE_LEFT",
      "after": "1000",
      "priority": 0,
      "additionalGuards": null,
      "activationKind": null,
      "fixedVariables": {
        "Crash": "FALSE",
        "VehiclesAy": "{(EgoVehicle↦0.0154388797318461),(Vehicles2↦-0.0154388797318461),(Vehicles3↦-0.0154388797318461),(Vehicles4↦-0.0154388797318461),(Vehicles5↦0.015349105574387067)}",
        "Reward": "0.9332925408317884",
        "VehiclesAx": "{(EgoVehicle↦0.010089874267578125),(Vehicles2↦0.0014317035675048828),(Vehicles3↦0.006219744682312012),(Vehicles4↦-0.016582012176513672),(Vehicles5↦-0.001558065414428711)}",
        "VehiclesVx": "{(EgoVehicle↦29.998469352722168),(Vehicles2↦-10.067678689956665),(Vehicles3↦-9.852115511894226),(Vehicles4↦-9.130175113677979),(Vehicles5↦-9.964503049850464)}",
        "VehiclesY": "{(EgoVehicle↦-2.9487922802218236E-05),(Vehicles2↦4.000029444694519),(Vehicles3↦2.9487922802218236E-05),(Vehicles4↦8.000029563903809),(Vehicles5↦4.000029444694519)}",
        "VehiclesVy": "{(EgoVehicle↦4.488707872951636E-05),(Vehicles2↦-4.488707872951636E-05),(Vehicles3↦-4.488707872951636E-05),(Vehicles4↦-4.488707872951636E-05),(Vehicles5↦-4.488707872951636E-05)}",
        "VehiclesX": "{(EgoVehicle↦200.0),(Vehicles2↦10.16538143157959),(Vehicles3↦25.06524622440338),(Vehicles4↦48.118358850479126),(Vehicles5↦69.51974034309387)}"
      },
      "probabilisticVariables": null,
      "activating": [
        "SLOWER_37"
      ],
      "activatingOnlyWhenExecuted": true,
      "updating": null,
      "withPredicate": null
    },
    {
      "id": "SLOWER_37",
      "execute": "SLOWER",
      "after": "1000",
      "priority": 0,
      "additionalGuards": null,
      "activationKind": null,
      "fixedVariables": {
        "Crash": "FALSE",
        "VehiclesAy": "{(EgoVehicle↦-3.901235686498694E-05),(Vehicles2↦3.901235686498694E-05),(Vehicles3↦3.901235686498694E-05),(Vehicles4↦3.901235686498694E-05),(Vehicles5↦-5.076180059404578E-05)}",
        "Reward": "0.8175529271878252",
        "VehiclesAx": "{(EgoVehicle↦-4.34023380279541),(Vehicles2↦4.3514978885650635),(Vehicles3↦4.356471300125122),(Vehicles4↦4.334900975227356),(Vehicles5↦4.349019527435303)}",
        "VehiclesVx": "{(EgoVehicle↦25.658235549926758),(Vehicles2↦-5.716180801391602),(Vehicles3↦-5.495644211769104),(Vehicles4↦-4.795274138450623),(Vehicles5↦-5.615483522415161)}",
        "VehiclesY": "{(EgoVehicle↦-1.8643290218278707E-06),(Vehicles2↦4.000001907348633),(Vehicles3↦1.8643290218278707E-06),(Vehicles4↦8.000001668930054),(Vehicles5↦4.000001907348633)}",
        "VehiclesVy": "{(EgoVehicle↦5.87472186452942E-06),(Vehicles2↦-5.87472186452942E-06),(Vehicles3↦-5.87472186452942E-06),(Vehicles4↦-5.87472186452942E-06),(Vehicles5↦-5.87472186452942E-06)}",
        "VehiclesX": "{(EgoVehicle↦200.0),(Vehicles2↦2.49655619263649),(Vehicles3↦17.613960802555084),(Vehicles4↦41.38029217720032),(Vehicles5↦61.95306181907654)}"
      },
      "probabilisticVariables": null,
      "activating": [
        "LANE_LEFT_38"
      ],
      "activatingOnlyWhenExecuted": true,
      "updating": null,
      "withPredicate": null
    },
    {
      "id": "LANE_LEFT_38",
      "execute": "LANE_LEFT",
      "after": "1000",
      "priority": 0,
      "additionalGuards": null,
      "activationKind": null,
      "fixedVariables": {
        "Crash": "FALSE",
        "VehiclesAy": "{(EgoVehicle↦-5.667273974552245E-06),(Vehicles2↦5.667273974552245E-06),(Vehicles3↦5.667273974552245E-06),(Vehicles4↦5.667273974552245E-06),(Vehicles5↦-6.0821697545065945E-06)}",
        "Reward": "0.8023114965844073",
        "VehiclesAx": "{(EgoVehicle↦-0.5715537071228027),(Vehicles2↦0.5825972557067871),(Vehicles3↦0.5876806378364563),(Vehicles4↦0.5672851204872131),(Vehicles5↦0.5805480480194092)}",
        "VehiclesVx": "{(EgoVehicle↦25.086681842803955),(Vehicles2↦-5.1335835456848145),(Vehicles3↦-4.907963573932648),(Vehicles4↦-4.227989017963409),(Vehicles5↦-5.034935474395752)}",
        "VehiclesY": "{(EgoVehicle↦-6.268273367027177E-08),(Vehicles2↦4.0000001192092896),(Vehicles3↦6.268273367027177E-08),(Vehicles4↦8.000000238418579),(Vehicles5↦4.0000001192092896)}",
        "VehiclesVy": "{(EgoVehicle↦2.0744788997717478E-07),(Vehicles2↦-2.0744788997717478E-07),(Vehicles3↦-2.0744788997717478E-07),(Vehicles4↦-2.0744788997717478E-07),(Vehicles5↦-2.0744788997717478E-07)}",
        "VehiclesX": "{(EgoVehicle↦200.0),(Vehicles2↦-2.899888902902603),(Vehicles3↦12.4400794506073),(Vehicles4↦36.89852952957153),(Vehicles5↦56.6564679145813)}"
      },
      "probabilisticVariables": null,
      "activating": [
        "LANE_LEFT_39"
      ],
      "activatingOnlyWhenExecuted": true,
      "updating": null,
      "withPredicate": null
    },
    {
      "id": "LANE_LEFT_39",
      "execute": "LANE_LEFT",
      "after": "1000",
      "priority": 0,
      "additionalGuards": null,
      "activationKind": null,
      "fixedVariables": {
        "Crash": "FALSE",
        "VehiclesAy": "{(EgoVehicle↦-2.0086275753783411E-07),(Vehicles2↦2.008627664196183E-07),(Vehicles3↦2.008627664196183E-07),(Vehicles4↦2.008627664196183E-07),(Vehicles5↦-2.1403301353473125E-07)}",
        "Reward": "0.8003043946119384",
        "VehiclesAx": "{(EgoVehicle↦-0.07526636123657227),(Vehicles2↦0.3168761730194092),(Vehicles3↦-0.1394936442375183),(Vehicles4↦0.07197737693786621),(Vehicles5↦0.08443564176559448)}",
        "VehiclesVx": "{(EgoVehicle↦25.011415481567383),(Vehicles2↦-4.816707372665405),(Vehicles3↦-5.047457218170166),(Vehicles4↦-4.156011641025543),(Vehicles5↦-4.9504998326301575)}",
        "VehiclesY": "{(EgoVehicle↦-1.9774035742159413E-09),(Vehicles2↦1.9774022419483117E-09),(Vehicles3↦4.0000001192092896),(Vehicles4↦8.000000238418579),(Vehicles5↦4.0000001192092896)}",
        "VehiclesVy": "{(EgoVehicle↦6.5851324393406685E-09),(Vehicles2↦-6.5851235575564715E-09),(Vehicles3↦-6.5851235575564715E-09),(Vehicles4↦-6.5851235575564715E-09),(Vehicles5↦-6.5851235575564715E-09)}",
        "VehiclesX": "{(EgoVehicle↦200.0),(Vehicles2↦7.580044865608215),(Vehicles3↦-7.987593859434128),(Vehicles4↦32.71067142486572),(Vehicles5↦51.666706800460815)}"
      },
      "probabilisticVariables": null,
      "activating": [
        "LANE_RIGHT_40"
      ],
      "activatingOnlyWhenExecuted": true,
      "updating": null,
      "withPredicate": null
    },
    {
      "id": "LANE_RIGHT_40",
      "execute": "LANE_RIGHT",
      "after": "1000",
      "priority": 0,
      "additionalGuards": null,
      "activationKind": null,
      "fixedVariables": {
        "Crash": "FALSE",
        "VehiclesAy": "{(EgoVehicle↦1.0798469119977838),(Vehicles2↦-1.0798469119977927),(Vehicles3↦-1.0798469119977927),(Vehicles4↦-1.0798469119977927),(Vehicles5↦-1.0798469251680398)}",
        "Reward": "0.8327512616616352",
        "VehiclesAx": "{(EgoVehicle↦-0.03324270248413086),(Vehicles2↦0.04907071590423584),(Vehicles3↦0.9222960472106934),(Vehicles4↦-0.7519346475601196),(Vehicles5↦0.4049435257911682)}",
        "VehiclesVx": "{(EgoVehicle↦24.978172779083252),(Vehicles2↦-4.767636656761169),(Vehicles3↦-4.125161170959473),(Vehicles4↦-4.907946288585663),(Vehicles5↦-4.545556306838989)}",
        "VehiclesY": "{(EgoVehicle↦3.659881353378296),(Vehicles2↦-3.659881353378296),(Vehicles3↦4.3401185274124146),(Vehicles4↦0.34011854231357574),(Vehicles5↦-3.659881353378296)}",
        "VehiclesVy": "{(EgoVehicle↦1.0798469185829163),(Vehicles2↦-1.0798469185829163),(Vehicles3↦-1.0798469185829163),(Vehicles4↦-1.0798469185829163),(Vehicles5↦-1.0798469185829163)}",
        "VehiclesX": "{(EgoVehicle↦200.0),(Vehicles2↦3.0947964638471603),(Vehicles3↦28.878748416900635),(Vehicles4↦47.04503417015076),(Vehicles5↦68.6402678489685)}"
      },
      "probabilisticVariables": null,
      "activating": [
        "LANE_RIGHT_41"
      ],
      "activatingOnlyWhenExecuted": true,
      "updating": null,
      "withPredicate": null
    },
    {
      "id": "LANE_RIGHT_41",
      "execute": "LANE_RIGHT",
      "after": "1000",
      "priority": 0,
      "additionalGuards": null,
      "activationKind": null,
      "fixedVariables": {
        "Crash": "FALSE",
        "VehiclesAy": "{(EgoVehicle↦0.03749333322048187),(Vehicles2↦-0.03749333322048187),(Vehicles3↦-0.03749333322048187),(Vehicles4↦-0.03749333322048187),(Vehicles5↦-2.1971871703863144)}",
        "Reward": "0.8660057782245226",
        "VehiclesAx": "{(EgoVehicle↦-0.002956390380859375),(Vehicles2↦0.018601715564727783),(Vehicles3↦0.0013825297355651855),(Vehicles4↦0.012378096580505371),(Vehicles5↦0.0192105770111084)}",
        "VehiclesVx": "{(EgoVehicle↦24.975216388702393),(Vehicles2↦-4.749034941196442),(Vehicles3↦-4.1237786412239075),(Vehicles4↦-4.8955681920051575),(Vehicles5↦-4.526345729827881)}",
        "VehiclesY": "{(EgoVehicle↦7.648625135421753),(Vehicles2↦-7.648625135421753),(Vehicles3↦0.3513747453689575),(Vehicles4↦-3.648625373840332),(Vehicles5↦-7.648625135421753)}",
        "VehiclesVy": "{(EgoVehicle↦1.1173402518033981),(Vehicles2↦-1.1173402518033981),(Vehicles3↦-1.1173402518033981),(Vehicles4↦-1.1173402518033981),(Vehicles5↦-1.1173402518033981)}",
        "VehiclesX": "{(EgoVehicle↦200.0),(Vehicles2↦-1.3100946322083473),(Vehicles3↦25.109368562698364),(Vehicles4↦42.49732196331024),(Vehicles5↦64.45773243904114)}"
      },
      "probabilisticVariables": null,
      "activating": [
        "SLOWER_42"
      ],
      "activatingOnlyWhenExecuted": true,
      "updating": null,
      "withPredicate": null
    },
    {
      "id": "SLOWER_42",
      "execute": "SLOWER",
      "after": "1000",
      "priority": 0,
      "additionalGuards": null,
      "activationKind": null,
      "fixedVariables": {
        "Crash": "FALSE",
        "VehiclesAy": "{(EgoVehicle↦-1.0669816052541137),(Vehicles2↦1.0669816052541137),(Vehicles3↦1.0669816052541137),(Vehicles4↦1.0669816052541137),(Vehicles5↦-1.1676988983526826)}",
        "Reward": "0.7508906907295937",
        "VehiclesAx": "{(EgoVehicle↦-4.316816329956055),(Vehicles2↦4.332262501120567),(Vehicles3↦4.315988160669804),(Vehicles4↦4.326322823762894),(Vehicles5↦4.332506842911243)}",
        "VehiclesVx": "{(EgoVehicle↦20.658400058746338),(Vehicles2↦-0.41677244007587433),(Vehicles3↦0.19220951944589615),(Vehicles4↦-0.5692453682422638),(Vehicles5↦-0.19383888691663742)}",
        "VehiclesY": "{(EgoVehicle↦7.982570171356201),(Vehicles2↦-7.982570171356201),(Vehicles3↦0.017429822590202093),(Vehicles4↦-3.9825700521469116),(Vehicles5↦-7.982570171356201)}",
        "VehiclesVy": "{(EgoVehicle↦0.05035864654928446),(Vehicles2↦-0.05035864654928446),(Vehicles3↦-0.05035864654928446),(Vehicles4↦-0.05035864654928446),(Vehicles5↦-0.05035864654928446)}",
        "VehiclesX": "{(EgoVehicle↦200.0),(Vehicles2↦-3.6788184195756912),(Vehicles3↦23.35931658744812),(Vehicles4↦39.97966647148132),(Vehicles5↦62.311822175979614)}"
      },
      "probabilisticVariables": null,
      "activating": [
        "LANE_RIGHT_43"
      ],
      "activatingOnlyWhenExecuted": true,
      "updating": null,
      "withPredicate": null
    },
    {
      "id": "LANE_RIGHT_43",
      "execute": "LANE_RIGHT",
      "after": "1000",
      "priority": 0,
      "additionalGuards": null,
      "activationKind": null,
      "fixedVariables": {
        "Crash": "FALSE",
        "VehiclesAy": "{(EgoVehicle↦-0.04726304701762274),(Vehicles2↦0.04726304701762274),(Vehicles3↦0.04726304701762274),(Vehicles4↦0.04726304701762274),(Vehicles5↦-0.05345424608094618)}",
        "Reward": "0.7356456225013823",
        "VehiclesAx": "{(EgoVehicle↦-0.5716896057128906),(Vehicles2↦0.5869233049452305),(Vehicles3↦0.5715388432145119),(Vehicles4↦0.5812574713490903),(Vehicles5↦0.5868430435657501)}",
        "VehiclesVx": "{(EgoVehicle↦20.086710453033447),(Vehicles2↦0.17015086486935616),(Vehicles3↦0.763748362660408),(Vehicles4↦0.012012103106826544),(Vehicles5↦0.3930041566491127)}",
        "VehiclesY": "{(EgoVehicle↦7.9989330768585205),(Vehicles2↦-7.9989330768585205),(Vehicles3↦0.0010668392933439463),(Vehicles4↦-3.9989333152770996),(Vehicles5↦-7.9989330768585205)}",
        "VehiclesVy": "{(EgoVehicle↦0.003095599531661719),(Vehicles2↦-0.003095599531661719),(Vehicles3↦-0.003095599531661719),(Vehicles4↦-0.003095599531661719),(Vehicles5↦-0.003095599531661719)}",
        "VehiclesX": "{(EgoVehicle↦200.0),(Vehicles2↦-3.7741195410490036),(Vehicles3↦23.866775631904602),(Vehicles4↦39.72960412502289),(Vehicles5↦62.43944764137268)}"
      },
      "probabilisticVariables": null,
      "activating": [
        "FASTER_44"
      ],
      "activatingOnlyWhenExecuted": true,
      "updating": null,
      "withPredicate": null
    },
    {
      "id": "FASTER_44",
      "execute": "FASTER",
      "after": "1000",
      "priority": 0,
      "additionalGuards": null,
      "activationKind": null,
      "fixedVariables": {
        "Crash": "FALSE",
        "VehiclesAy": "{(EgoVehicle↦-0.0029442367758747423),(Vehicles2↦0.0029442367758747423),(Vehicles3↦0.0029442367758747423),(Vehicles4↦0.0029442367758747423),(Vehicles5↦-0.003246962287448696)}",
        "Reward": "0.8494128674370863",
        "VehiclesAx": "{(EgoVehicle↦4.266271591186523),(Vehicles2↦-4.2512633092701435),(Vehicles3↦-4.2658112198114395),(Vehicles4↦-4.2566656856797636),(Vehicles5↦-4.251632429659367)}",
        "VehiclesVx": "{(EgoVehicle↦24.35298204421997),(Vehicles2↦-4.081112444400787),(Vehicles3↦-3.5020628571510315),(Vehicles4↦-4.244653582572937),(Vehicles5↦-3.858628273010254)}",
        "VehiclesY": "{(EgoVehicle↦7.999954462051392),(Vehicles2↦-7.999954462051392),(Vehicles3↦4.570575947582256E-05),(Vehicles4↦-3.999954342842102),(Vehicles5↦-7.999954462051392)}",
        "VehiclesVy": "{(EgoVehicle↦0.00015136275578697678),(Vehicles2↦-0.00015136275578697678),(Vehicles3↦-0.00015136275578697678),(Vehicles4↦-0.00015136275578697678),(Vehicles5↦-0.00015136275578697678)}",
        "VehiclesX": "{(EgoVehicle↦200.0),(Vehicles2↦-5.951473116874695),(Vehicles3↦22.277134656906128),(Vehicles4↦37.39193081855774),(Vehicles5↦60.48482060432434)}"
      },
      "probabilisticVariables": null,
      "activating": [
        "SLOWER_45"
      ],
      "activatingOnlyWhenExecuted": true,
      "updating": null,
      "withPredicate": null
    },
    {
      "id": "SLOWER_45",
      "execute": "SLOWER",
      "after": "1000",
      "priority": 0,
      "additionalGuards": null,
      "activationKind": null,
      "fixedVariables": {
        "Crash": "FALSE",
        "VehiclesAy": "{(EgoVehicle↦-0.00014498168241061649),(Vehicles2↦0.00014498168241061649),(Vehicles3↦0.00014498168241061649),(Vehicles4↦0.00014498168241061649),(Vehicles5↦-0.00015774382916333707)}",
        "Reward": "0.7486195271263996",
        "VehiclesAx": "{(EgoVehicle↦-3.779749870300293),(Vehicles2↦3.7945247255265713),(Vehicles3↦3.7807623483240604),(Vehicles4↦3.789374865591526),(Vehicles5↦3.7938992166891694)}",
        "VehiclesVx": "{(EgoVehicle↦20.573232173919678),(Vehicles2↦-0.2865877188742161),(Vehicles3↦0.27869949117302895),(Vehicles4↦-0.455278716981411),(Vehicles5↦-0.0647290563210845)}",
        "VehiclesY": "{(EgoVehicle↦7.999998092651367),(Vehicles2↦-7.999998092651367),(Vehicles3↦2.204570989761123E-06),(Vehicles4↦-3.9999979734420776),(Vehicles5↦-7.999998092651367)}",
        "VehiclesVy": "{(EgoVehicle↦6.381073376360291E-06),(Vehicles2↦-6.381073376360291E-06),(Vehicles3↦-6.381073376360291E-06),(Vehicles4↦-6.381073376360291E-06),(Vehicles5↦-6.381073376360291E-06)}",
        "VehiclesX": "{(EgoVehicle↦200.0),(Vehicles2↦-7.941524684429169),(Vehicles3↦20.860567688941956),(Vehicles4↦35.23625731468201),(Vehicles5↦58.71702432632446)}"
      },
      "probabilisticVariables": null,
      "activating": [
        "LANE_RIGHT_46"
      ],
      "activatingOnlyWhenExecuted": true,
      "updating": null,
      "withPredicate": null
    },
    {
      "id": "LANE_RIGHT_46",
      "execute": "LANE_RIGHT",
      "after": "1000",
      "priority": 0,
      "additionalGuards": null,
      "activationKind": null,
      "fixedVariables": {
        "Crash": "FALSE",
        "VehiclesAy": "{(EgoVehicle↦-5.98896832570972E-06),(Vehicles2↦5.98896832570972E-06),(Vehicles3↦5.98896832570972E-06),(Vehicles4↦5.98896832570972E-06),(Vehicles5↦-6.773178427010862E-06)}",
        "Reward": "0.7353463300468269",
        "VehiclesAx": "{(EgoVehicle↦-0.497744083404541),(Vehicles2↦0.5122782476246357),(Vehicles3↦0.4992525838315487),(Vehicles4↦0.5073710437864065),(Vehicles5↦0.5114249279722571)}",
        "VehiclesVx": "{(EgoVehicle↦20.075488090515137),(Vehicles2↦0.22569052875041962),(Vehicles3↦0.7779520750045776),(Vehicles4↦0.05209232680499554),(Vehicles5↦0.44669587165117264)}",
        "VehiclesY": "{(EgoVehicle↦7.999999523162842),(Vehicles2↦-7.999999523162842),(Vehicles3↦1.3511313667891045E-07),(Vehicles4↦-3.999999761581421),(Vehicles5↦-7.999999523162842)}",
        "VehiclesVy": "{(EgoVehicle↦3.921050506505708E-07),(Vehicles2↦-3.921050506505708E-07),(Vehicles3↦-3.921050506505708E-07),(Vehicles4↦-3.921050506505708E-07),(Vehicles5↦-3.921050506505708E-07)}",
        "VehiclesX": "{(EgoVehicle↦200.0),(Vehicles2↦-7.947693765163422),(Vehicles3↦21.414417028427124),(Vehicles4↦35.0594162940979),(Vehicles5↦58.932387828826904)}"
      },
      "probabilisticVariables": null,
      "activating": [
        "LANE_RIGHT_47"
      ],
      "activatingOnlyWhenExecuted": true,
      "updating": null,
      "withPredicate": null
    },
    {
      "id": "LANE_RIGHT_47",
      "execute": "LANE_RIGHT",
      "after": "1000",
      "priority": 0,
      "additionalGuards": null,
      "activationKind": null,
      "fixedVariables": {
        "Crash": "FALSE",
        "VehiclesAy": "{(EgoVehicle↦-3.677352822251123E-07),(Vehicles2↦3.677352822251123E-07),(Vehicles3↦3.677352822251123E-07),(Vehicles4↦3.677352822251123E-07),(Vehicles5↦-4.1647481907602923E-07)}",
        "Reward": "0.7335984193202955",
        "VehiclesAx": "{(EgoVehicle↦-0.06554841995239258),(Vehicles2↦0.07983362302184105),(Vehicles3↦0.06749816238880157),(Vehicles4↦0.07515856996178627),(Vehicles5↦0.07877856492996216)}",
        "VehiclesVx": "{(EgoVehicle↦20.009939670562744),(Vehicles2↦0.30552415177226067),(Vehicles3↦0.8454502373933792),(Vehicles4↦0.1272508967667818),(Vehicles5↦0.5254744365811348)}",
        "VehiclesY": "{(EgoVehicle↦8.000000238418579),(Vehicles2↦-8.000000238418579),(Vehicles3↦8.391439543231627E-09),(Vehicles4↦-4.0000001192092896),(Vehicles5↦-8.000000238418579)}",
        "VehiclesVy": "{(EgoVehicle↦2.436976842545846E-08),(Vehicles2↦-2.436976842545846E-08),(Vehicles3↦-2.436976842545846E-08),(Vehicles4↦-2.436976842545846E-08),(Vehicles5↦-2.436976842545846E-08)}",
        "VehiclesX": "{(EgoVehicle↦200.0),(Vehicles2↦-7.680109143257141),(Vehicles3↦22.229276597499847),(Vehicles4↦35.151514410972595),(Vehicles5↦59.420573711395264)}"
      },
      "probabilisticVariables": null,
      "activating": [
        "LANE_RIGHT_48"
      ],
      "activatingOnlyWhenExecuted": true,
      "updating": null,
      "withPredicate": null
    },
    {
      "id": "LANE_RIGHT_48",
      "execute": "LANE_RIGHT",
      "after": "1000",
      "priority": 0,
      "additionalGuards": null,
      "activationKind": null,
      "fixedVariables": {
        "Crash": "FALSE",
        "VehiclesAy": "{(EgoVehicle↦-2.285370115373553E-08),(Vehicles2↦2.285370115373553E-08),(Vehicles3↦2.285370115373553E-08),(Vehicles4↦2.285370115373553E-08),(Vehicles5↦-2.5885835697181392E-08)}",
        "Reward": "0.7333682417760609",
        "VehiclesAx": "{(EgoVehicle↦-0.008630752563476562),(Vehicles2↦0.02266841009259224),(Vehicles3↦0.010979175567626953),(Vehicles4↦0.018215468153357506),(Vehicles5↦0.021434873342514038)}",
        "VehiclesVx": "{(EgoVehicle↦20.001308917999268),(Vehicles2↦0.3281925618648529),(Vehicles3↦0.8564294129610062),(Vehicles4↦0.1454663649201393),(Vehicles5↦0.5469093099236488)}",
        "VehiclesY": "{(EgoVehicle↦8.000000238418579),(Vehicles2↦-8.000000238418579),(Vehicles3↦5.219904508635409E-10),(Vehicles4↦-4.0000001192092896),(Vehicles5↦-8.000000238418579)}",
        "VehiclesVy": "{(EgoVehicle↦1.5160672717229318E-09),(Vehicles2↦-1.5160672717229318E-09),(Vehicles3↦-1.5160672717229318E-09),(Vehicles4↦-1.5160672717229318E-09),(Vehicles5↦-1.5160672717229318E-09)}",
        "VehiclesX": "{(EgoVehicle↦200.0),(Vehicles2↦-7.364188879728317),(Vehicles3↦23.08039665222168),(Vehicles4↦35.28736233711243),(Vehicles5↦59.95596647262573)}"
      },
      "probabilisticVariables": null,
      "activating": [
        "FASTER_49"
      ],
      "activatingOnlyWhenExecuted": true,
      "updating": null,
      "withPredicate": null
    },
    {
      "id": "FASTER_49",
      "execute": "FASTER",
      "after": "1000",
      "priority": 0,
      "additionalGuards": null,
      "activationKind": null,
      "fixedVariables": {
        "Crash": "FALSE",
        "VehiclesAy": "{(EgoVehicle↦-1.4418688465411833E-09),(Vehicles2↦1.4418688465411833E-09),(Vehicles3↦1.4418688465411833E-09),(Vehicles4↦1.4418688465411833E-09),(Vehicles5↦-1.5902656969046802E-09)}",
        "Reward": "0.8491129646234593",
        "VehiclesAx": "{(EgoVehicle↦4.340426921844482),(Vehicles2↦-4.326643198728561),(Vehicles3↦-4.337727800011635),(Vehicles4↦-4.330883659422398),(Vehicles5↦-4.328033961355686)}",
        "VehiclesVx": "{(EgoVehicle↦24.34173583984375),(Vehicles2↦-3.9984506368637085),(Vehicles3↦-3.4812983870506287),(Vehicles4↦-4.185417294502258),(Vehicles5↦-3.7811246514320374)}",
        "VehiclesY": "{(EgoVehicle↦8.000000238418579),(Vehicles2↦-8.000000238418579),(Vehicles3↦2.240074792325686E-11),(Vehicles4↦-4.0000001192092896),(Vehicles5↦-8.000000238418579)}",
        "VehiclesVy": "{(EgoVehicle↦7.419842518174846E-11),(Vehicles2↦-7.419842518174846E-11),(Vehicles3↦-7.419842518174846E-11),(Vehicles4↦-7.419842518174846E-11),(Vehicles5↦-7.419842518174846E-11)}",
        "VehiclesX": "{(EgoVehicle↦200.0),(Vehicles2↦-9.424896538257599),(Vehicles3↦21.54344469308853),(Vehicles4↦33.042216300964355),(Vehicles5↦58.113425970077515)}"
      },
      "probabilisticVariables": null,
      "activating": [
        "SLOWER_50"
      ],
      "activatingOnlyWhenExecuted": true,
      "updating": null,
      "withPredicate": null
    },
    {
      "id": "SLOWER_50",
      "execute": "SLOWER",
      "after": "1000",
      "priority": 0,
      "additionalGuards": null,
      "activationKind": null,
      "fixedVariables": {
        "Crash": "FALSE",
        "VehiclesAy": "{(EgoVehicle↦-7.107203714440402E-11),(Vehicles2↦7.107203714440402E-11),(Vehicles3↦7.107203714440402E-11),(Vehicles4↦7.107203714440402E-11),(Vehicles5↦-7.73248132190929E-11)}",
        "Reward": "0.74858003375014",
        "VehiclesAx": "{(EgoVehicle↦-3.769984245300293),(Vehicles2↦4.290147963911295),(Vehicles3↦3.075357973575592),(Vehicles4↦4.1862776895141),(Vehicles5↦4.099483378231525)}",
        "VehiclesVx": "{(EgoVehicle↦20.571751594543457),(Vehicles2↦0.29169732704758644),(Vehicles3↦-0.4059404134750366),(Vehicles4↦0.0008603950118413195),(Vehicles5↦0.31835872679948807)}",
        "VehiclesY": "{(EgoVehicle↦8.000000238418579),(Vehicles2↦1.0791367799356522E-12),(Vehicles3↦-4.0000001192092896),(Vehicles4↦-8.000000238418579),(Vehicles5↦1.0791367799356522E-12)}",
        "VehiclesVy": "{(EgoVehicle↦3.126388037344441E-12),(Vehicles2↦-3.126388037344441E-12),(Vehicles3↦-3.126388037344441E-12),(Vehicles4↦-3.126388037344441E-12),(Vehicles5↦-3.126388037344441E-12)}",
        "VehiclesX": "{(EgoVehicle↦200.0),(Vehicles2↦20.143073797225952),(Vehicles3↦30.94034492969513),(Vehicles4↦56.41688108444214),(Vehicles5↦86.35578155517578)}"
      },
      "probabilisticVariables": null,
      "activating": [
        "LANE_RIGHT_51"
      ],
      "activatingOnlyWhenExecuted": true,
      "updating": null,
      "withPredicate": null
    },
    {
      "id": "LANE_RIGHT_51",
      "execute": "LANE_RIGHT",
      "after": "1000",
      "priority": 0,
      "additionalGuards": null,
      "activationKind": null,
      "fixedVariables": {
        "Crash": "FALSE",
        "VehiclesAy": "{(EgoVehicle↦-2.9487523534044158E-12),(Vehicles2↦2.9398705692074145E-12),(Vehicles3↦2.9398705692074145E-12),(Vehicles4↦2.9398705692074145E-12),(Vehicles5↦-3.312905505481467E-12)}",
        "Reward": "0.7353411292729951",
        "VehiclesAx": "{(EgoVehicle↦-0.4964590072631836),(Vehicles2↦0.4997437261044979),(Vehicles3↦0.5058900453150272),(Vehicles4↦0.5080829913640628),(Vehicles5↦0.5041243508458138)}",
        "VehiclesVx": "{(EgoVehicle↦20.075292587280273),(Vehicles2↦0.7914410531520844),(Vehicles3↦0.09994963183999062),(Vehicles4↦0.5089433863759041),(Vehicles5↦0.8224830776453018)}",
        "VehiclesY": "{(EgoVehicle↦8.000000238418579),(Vehicles2↦6.661338147750939E-14),(Vehicles3↦-4.0000001192092896),(Vehicles4↦-8.000000238418579),(Vehicles5↦6.661338147750939E-14)}",
        "VehiclesVy": "{(EgoVehicle↦1.7763568394002505E-13),(Vehicles2↦-1.865174681370263E-13),(Vehicles3↦-1.865174681370263E-13),(Vehicles4↦-1.865174681370263E-13),(Vehicles5↦-1.865174681370263E-13)}",
        "VehiclesX": "{(EgoVehicle↦200.0),(Vehicles2↦20.709939301013947),(Vehicles3↦30.812057852745056),(Vehicles4↦56.696295738220215),(Vehicles5↦86.95110082626343)}"
      },
      "probabilisticVariables": null,
      "activating": [
        "SLOWER_52"
      ],
      "activatingOnlyWhenExecuted": true,
      "updating": null,
      "withPredicate": null
    },
    {
      "id": "SLOWER_52",
      "execute": "SLOWER",
      "after": "1000",
      "priority": 0,
      "additionalGuards": null,
      "activationKind": null,
      "fixedVariables": {
        "Crash": "FALSE",
        "VehiclesAy": "{(EgoVehicle↦-1.5987211554602254E-13),(Vehicles2↦1.687538997430238E-13),(Vehicles3↦1.687538997430238E-13),(Vehicles4↦1.687538997430238E-13),(Vehicles5↦-2.042810365310288E-13)}",
        "Reward": "0.7335977344447291",
        "VehiclesAx": "{(EgoVehicle↦-0.06537675857543945),(Vehicles2↦0.0689021497964859),(Vehicles3↦0.07473906502127647),(Vehicles4↦0.07664084434509277),(Vehicles5↦0.07279947400093079)}",
        "VehiclesVx": "{(EgoVehicle↦20.009915828704834),(Vehicles2↦0.8603432029485703),(Vehicles3↦0.1746886968612671),(Vehicles4↦0.5855842307209969),(Vehicles5↦0.8952825516462326)}",
        "VehiclesY": "{(EgoVehicle↦8.000000238418579),(Vehicles2↦5.329070518200751E-15),(Vehicles3↦-4.0000001192092896),(Vehicles4↦-8.000000238418579),(Vehicles5↦2.6645352591003757E-15)}",
        "VehiclesVy": "{(EgoVehicle↦1.7763568394002505E-14),(Vehicles2↦-1.7763568394002505E-14),(Vehicles3↦-1.7763568394002505E-14),(Vehicles4↦-1.7763568394002505E-14),(Vehicles5↦-1.7763568394002505E-14)}",
        "VehiclesX": "{(EgoVehicle↦200.0),(Vehicles2↦21.538838744163513),(Vehicles3↦30.95182478427887),(Vehicles4↦57.24583864212036),(Vehicles5↦87.81263828277588)}"
      },
      "probabilisticVariables": null,
      "activating": [
        "SLOWER_53"
      ],
      "activatingOnlyWhenExecuted": true,
      "updating": null,
      "withPredicate": null
    },
    {
      "id": "SLOWER_53",
      "execute": "SLOWER",
      "after": "1000",
      "priority": 0,
      "additionalGuards": null,
      "activationKind": null,
      "fixedVariables": {
        "Crash": "FALSE",
        "VehiclesAy": "{(EgoVehicle↦-1.7763568394002505E-14),(Vehicles2↦1.7763568394002505E-14),(Vehicles3↦1.7763568394002505E-14),(Vehicles4↦1.7763568394002505E-14),(Vehicles5↦-1.7763568394002505E-14)}",
        "Reward": "0.7333681515866858",
        "VehiclesAx": "{(EgoVehicle↦-0.008609294891357422),(Vehicles2↦0.012343153357505798),(Vehicles3↦0.017894413322210312),(Vehicles4↦0.01952722668647766),(Vehicles5↦0.01579880714416504)}",
        "VehiclesVx": "{(EgoVehicle↦20.001306533813477),(Vehicles2↦0.872686356306076),(Vehicles3↦0.1925831101834774),(Vehicles4↦0.6051114574074745),(Vehicles5↦0.9110813587903976)}",
        "VehiclesY": "{(EgoVehicle↦8.000000238418579),(Vehicles2↦0.0),(Vehicles3↦-4.0000001192092896),(Vehicles4↦-8.000000238418579),(Vehicles5↦0.0)}",
        "VehiclesVy": "{(EgoVehicle↦0.0),(Vehicles2↦0.0),(Vehicles3↦0.0),(Vehicles4↦0.0),(Vehicles5↦0.0)}",
        "VehiclesX": "{(EgoVehicle↦200.0),(Vehicles2↦22.405409812927246),(Vehicles3↦31.13498091697693),(Vehicles4↦57.84056782722473),(Vehicles5↦88.71556520462036)}"
      },
      "probabilisticVariables": null,
      "activating": [
        "SLOWER_54"
      ],
      "activatingOnlyWhenExecuted": true,
      "updating": null,
      "withPredicate": null
    },
    {
      "id": "SLOWER_54",
      "execute": "SLOWER",
      "after": "1000",
      "priority": 0,
      "additionalGuards": null,
      "activationKind": null,
      "fixedVariables": {
        "Crash": "FALSE",
        "VehiclesAy": "{(EgoVehicle↦0.0),(Vehicles2↦0.0),(Vehicles3↦0.0),(Vehicles4↦0.0),(Vehicles5↦0.0)}",
        "Reward": "0.7333379184531164",
        "VehiclesAx": "{(EgoVehicle↦-0.0011348724365234375),(Vehicles2↦0.005047991871833801),(Vehicles3↦0.010335687547922134),(Vehicles4↦0.011720061302185059),(Vehicles5↦0.008100420236587524)}",
        "VehiclesVx": "{(EgoVehicle↦20.000171661376953),(Vehicles2↦0.8777343481779099),(Vehicles3↦0.20291879773139954),(Vehicles4↦0.6168315187096596),(Vehicles5↦0.9191817790269852)}",
        "VehiclesY": "{(EgoVehicle↦8.000000238418579),(Vehicles2↦0.0),(Vehicles3↦-4.0000001192092896),(Vehicles4↦-8.000000238418579),(Vehicles5↦0.0)}",
        "VehiclesVy": "{(EgoVehicle↦0.0),(Vehicles2↦0.0),(Vehicles3↦0.0),(Vehicles4↦0.0),(Vehicles5↦0.0)}",
        "VehiclesX": "{(EgoVehicle↦200.0),(Vehicles2↦23.280273377895355),(Vehicles3↦31.331878900527954),(Vehicles4↦58.45056176185608),(Vehicles5↦89.63007926940918)}"
      },
      "probabilisticVariables": null,
      "activating": [
        "SLOWER_55"
      ],
      "activatingOnlyWhenExecuted": true,
      "updating": null,
      "withPredicate": null
    },
    {
      "id": "SLOWER_55",
      "execute": "SLOWER",
      "after": "1000",
      "priority": 0,
      "additionalGuards": null,
      "activationKind": null,
      "fixedVariables": {
        "Crash": "FALSE",
        "VehiclesAy": "{(EgoVehicle↦0.0),(Vehicles2↦0.0),(Vehicles3↦0.0),(Vehicles4↦0.0),(Vehicles5↦0.0)}",
        "Reward": "0.7333339371351154",
        "VehiclesAx": "{(EgoVehicle↦-0.00015020370483398438),(Vehicles2↦-0.45708946883678436),(Vehicles3↦0.6790336966514587),(Vehicles4↦-0.40465014055371284),(Vehicles5↦-0.2919328212738037)}",
        "VehiclesVx": "{(EgoVehicle↦20.00002145767212),(Vehicles2↦0.4206448793411255),(Vehicles3↦0.8819524943828583),(Vehicles4↦0.21218137815594673),(Vehicles5↦0.6272489577531815)}",
        "VehiclesY": "{(EgoVehicle↦8.000000238418579),(Vehicles2↦-8.000000238418579),(Vehicles3↦0.0),(Vehicles4↦-4.0000001192092896),(Vehicles5↦-8.000000238418579)}",
        "VehiclesVy": "{(EgoVehicle↦0.0),(Vehicles2↦0.0),(Vehicles3↦0.0),(Vehicles4↦0.0),(Vehicles5↦0.0)}",
        "VehiclesX": "{(EgoVehicle↦200.0),(Vehicles2↦-9.741266816854477),(Vehicles3↦24.159707129001617),(Vehicles4↦31.538531184196472),(Vehicles5↦59.071606397628784)}"
      },
      "probabilisticVariables": null,
      "activating": [
        "FASTER_56"
      ],
      "activatingOnlyWhenExecuted": true,
      "updating": null,
      "withPredicate": null
    },
    {
      "id": "FASTER_56",
      "execute": "FASTER",
      "after": "1000",
      "priority": 0,
      "additionalGuards": null,
      "activationKind": null,
      "fixedVariables": {
        "Crash": "FALSE",
        "VehiclesAy": "{(EgoVehicle↦0.0),(Vehicles2↦0.0),(Vehicles3↦0.0),(Vehicles4↦0.0),(Vehicles5↦0.0)}",
        "Reward": "0.8491084471398781",
        "VehiclesAx": "{(EgoVehicle↦4.341545104980469),(Vehicles2↦-3.8760367035865784),(Vehicles3↦-5.002295225858688),(Vehicles4↦-3.916513789445162),(Vehicles5↦-4.036160185933113)}",
        "VehiclesVx": "{(EgoVehicle↦24.341566562652588),(Vehicles2↦-3.455391824245453),(Vehicles3↦-4.12034273147583),(Vehicles4↦-3.704332411289215),(Vehicles5↦-3.4089112281799316)}",
        "VehiclesY": "{(EgoVehicle↦8.000000238418579),(Vehicles2↦0.0),(Vehicles3↦-4.0000001192092896),(Vehicles4↦-8.000000238418579),(Vehicles5↦0.0)}",
        "VehiclesVy": "{(EgoVehicle↦0.0),(Vehicles2↦0.0),(Vehicles3↦0.0),(Vehicles4↦0.0),(Vehicles5↦0.0)}",
        "VehiclesX": "{(EgoVehicle↦200.0),(Vehicles2↦22.64827787876129),(Vehicles3↦29.359278082847595),(Vehicles4↦57.30781555175781),(Vehicles5↦89.08572793006897)}"
      },
      "probabilisticVariables": null,
      "activating": [
        "LANE_RIGHT_57"
      ],
      "activatingOnlyWhenExecuted": true,
      "updating": null,
      "withPredicate": null
    },
    {
      "id": "LANE_RIGHT_57",
      "execute": "LANE_RIGHT",
      "after": "1000",
      "priority": 0,
      "additionalGuards": null,
      "activationKind": null,
      "fixedVariables": {
        "Crash": "FALSE",
        "VehiclesAy": "{(EgoVehicle↦0.0),(Vehicles2↦0.0),(Vehicles3↦0.0),(Vehicles4↦0.0),(Vehicles5↦0.0)}",
        "Reward": "0.8643544731487357",
        "VehiclesAx": "{(EgoVehicle↦0.5717253684997559),(Vehicles2↦-0.567416250705719),(Vehicles3↦-0.5628037452697754),(Vehicles4↦-0.5620566010475159),(Vehicles5↦-0.5653733015060425)}",
        "VehiclesVx": "{(EgoVehicle↦24.913291931152344),(Vehicles2↦-4.022808074951172),(Vehicles3↦-4.6831464767456055),(Vehicles4↦-4.266389012336731),(Vehicles5↦-3.974284529685974)}",
        "VehiclesY": "{(EgoVehicle↦8.000000238418579),(Vehicles2↦0.0),(Vehicles3↦-4.0000001192092896),(Vehicles4↦-8.000000238418579),(Vehicles5↦0.0)}",
        "VehiclesVy": "{(EgoVehicle↦0.0),(Vehicles2↦0.0),(Vehicles3↦0.0),(Vehicles4↦0.0),(Vehicles5↦0.0)}",
        "VehiclesX": "{(EgoVehicle↦200.0),(Vehicles2↦18.879204988479614),(Vehicles3↦24.927115440368652),(Vehicles4↦53.29197645187378),(Vehicles5↦85.36397814750671)}"
      },
      "probabilisticVariables": null,
      "activating": [
        "SLOWER_58"
      ],
      "activatingOnlyWhenExecuted": true,
      "updating": null,
      "withPredicate": null
    },
    {
      "id": "SLOWER_58",
      "execute": "SLOWER",
      "after": "1000",
      "priority": 0,
      "additionalGuards": null,
      "activationKind": null,
      "fixedVariables": {
        "Crash": "FALSE",
        "VehiclesAy": "{(EgoVehicle↦0.0),(Vehicles2↦0.0),(Vehicles3↦0.0),(Vehicles4↦0.0),(Vehicles5↦0.0)}",
        "Reward": "0.7505871459839213",
        "VehiclesAx": "{(EgoVehicle↦-4.2662739753723145),(Vehicles2↦4.270674921572208),(Vehicles3↦4.275096356868744),(Vehicles4↦4.275662038126029),(Vehicles5↦4.272439293563366)}",
        "VehiclesVx": "{(EgoVehicle↦20.64701795578003),(Vehicles2↦0.24786684662103653),(Vehicles3↦-0.4080501198768616),(Vehicles4↦0.009273025789298117),(Vehicles5↦0.2981547638773918)}",
        "VehiclesY": "{(EgoVehicle↦8.000000238418579),(Vehicles2↦0.0),(Vehicles3↦-4.0000001192092896),(Vehicles4↦-8.000000238418579),(Vehicles5↦0.0)}",
        "VehiclesVy": "{(EgoVehicle↦0.0),(Vehicles2↦0.0),(Vehicles3↦0.0),(Vehicles4↦0.0),(Vehicles5↦0.0)}",
        "VehiclesX": "{(EgoVehicle↦200.0),(Vehicles2↦17.211678624153137),(Vehicles3↦22.601033747196198),(Vehicles4↦51.382893323898315),(Vehicles5↦83.7457001209259)}"
      },
      "probabilisticVariables": null,
      "activating": [
        "LANE_RIGHT_59"
      ],
      "activatingOnlyWhenExecuted": true,
      "updating": null,
      "withPredicate": null
    },
    {
      "id": "LANE_RIGHT_59",
      "execute": "LANE_RIGHT",
      "after": "1000",
      "priority": 0,
      "additionalGuards": null,
      "activationKind": null,
      "fixedVariables": {
        "Crash": "FALSE",
        "VehiclesAy": "{(EgoVehicle↦0.0),(Vehicles2↦0.0),(Vehicles3↦0.0),(Vehicles4↦0.0),(Vehicles5↦0.0)}",
        "Reward": "0.7356054403490487",
        "VehiclesAx": "{(EgoVehicle↦-0.5618143081665039),(Vehicles2↦0.5662869289517403),(Vehicles3↦0.5705318413674831),(Vehicles4↦0.5709303956246004),(Vehicles5↦0.5677978321909904)}",
        "VehiclesVx": "{(EgoVehicle↦20.085203647613525),(Vehicles2↦0.8141537755727768),(Vehicles3↦0.16248172149062157),(Vehicles4↦0.5802034214138985),(Vehicles5↦0.8659525960683823)}",
        "VehiclesY": "{(EgoVehicle↦8.000000238418579),(Vehicles2↦0.0),(Vehicles3↦-4.0000001192092896),(Vehicles4↦-8.000000238418579),(Vehicles5↦0.0)}",
        "VehiclesVy": "{(EgoVehicle↦0.0),(Vehicles2↦0.0),(Vehicles3↦0.0),(Vehicles4↦0.0),(Vehicles5↦0.0)}",
        "VehiclesX": "{(EgoVehicle↦200.0),(Vehicles2↦17.77125895023346),(Vehicles3↦22.506408393383026),(Vehicles4↦51.70576572418213),(Vehicles5↦84.35619473457336)}"
      },
      "probabilisticVariables": null,
      "activating": [
        "LANE_RIGHT_60"
      ],
      "activatingOnlyWhenExecuted": true,
      "updating": null,
      "withPredicate": null
    },
    {
      "id": "LANE_RIGHT_60",
      "execute": "LANE_RIGHT",
      "after": "1000",
      "priority": 0,
      "additionalGuards": null,
      "activationKind": null,
      "fixedVariables": {
        "Crash": "FALSE",
        "VehiclesAy": "{(EgoVehicle↦0.0),(Vehicles2↦0.0),(Vehicles3↦0.0),(Vehicles4↦0.0),(Vehicles5↦0.0)}",
        "Reward": "0.7336325408415756",
        "VehiclesAx": "{(EgoVehicle↦-0.07398366928100586),(Vehicles2↦0.07851377129554749),(Vehicles3↦0.08259555324912071),(Vehicles4↦0.08283954113721848),(Vehicles5↦0.07979422807693481)}",
        "VehiclesVx": "{(EgoVehicle↦20.01121997833252),(Vehicles2↦0.8926675468683243),(Vehicles3↦0.24507727473974228),(Vehicles4↦0.6630429625511169),(Vehicles5↦0.9457468241453171)}",
        "VehiclesY": "{(EgoVehicle↦8.000000238418579),(Vehicles2↦0.0),(Vehicles3↦-4.0000001192092896),(Vehicles4↦-8.000000238418579),(Vehicles5↦0.0)}",
        "VehiclesVy": "{(EgoVehicle↦0.0),(Vehicles2↦0.0),(Vehicles3↦0.0),(Vehicles4↦0.0),(Vehicles5↦0.0)}",
        "VehiclesX": "{(EgoVehicle↦200.0),(Vehicles2↦18.628033995628357),(Vehicles3↦22.713157534599304),(Vehicles4↦52.330344915390015),(Vehicles5↦85.26529669761658)}"
      },
      "probabilisticVariables": null,
      "activating": [
        "LANE_RIGHT_61"
      ],
      "activatingOnlyWhenExecuted": true,
      "updating": null,
      "withPredicate": null
    },
    {
      "id": "LANE_RIGHT_61",
      "execute": "LANE_RIGHT",
      "after": "1000",
      "priority": 0,
      "additionalGuards": null,
      "activationKind": null,
      "fixedVariables": {
        "Crash": "FALSE",
        "VehiclesAy": "{(EgoVehicle↦0.0),(Vehicles2↦0.0),(Vehicles3↦0.0),(Vehicles4↦0.0),(Vehicles5↦0.0)}",
        "Reward": "0.7333727351451182",
        "VehiclesAx": "{(EgoVehicle↦-0.009741783142089844),(Vehicles2↦0.014315545558929443),(Vehicles3↦0.018246658146381378),(Vehicles4↦0.01834787428379059),(Vehicles5↦0.015386641025543213)}",
        "VehiclesVx": "{(EgoVehicle↦20.00147819519043),(Vehicles2↦0.9069830924272537),(Vehicles3↦0.26332393288612366),(Vehicles4↦0.6813908368349075),(Vehicles5↦0.9611334651708603)}",
        "VehiclesY": "{(EgoVehicle↦8.000000238418579),(Vehicles2↦0.0),(Vehicles3↦-4.0000001192092896),(Vehicles4↦-8.000000238418579),(Vehicles5↦0.0)}",
        "VehiclesVy": "{(EgoVehicle↦0.0),(Vehicles2↦0.0),(Vehicles3↦0.0),(Vehicles4↦0.0),(Vehicles5↦0.0)}",
        "VehiclesX": "{(EgoVehicle↦200.0),(Vehicles2↦19.527903199195862),(Vehicles3↦22.96701967716217),(Vehicles4↦53.00222039222717),(Vehicles5↦86.21869087219238)}"
      },
      "probabilisticVariables": null,
      "activating": null,
      "activatingOnlyWhenExecuted": true,
      "updating": null,
      "withPredicate": null
    }
  ],
  "listeners": [],
  "metadata": {
    "fileType": "Timed_Trace",
    "formatVersion": 3,
    "savedAt": "2023-08-15T11:29:47.456527Z",
    "creator": "Simulation: MONTE_CARLO_SIMULATION; MAX_STEPS_BEFORE_PROPERTY : 0, EXECUTIONS : 1000, ENDING_TIME : 60000",
    "proB2KernelVersion": "4.12.2",
    "proBCliVersion": "1.12.2-final",
    "modelName": "HighwayEnvironment"
  }
}