{
  "variables": {},
  "activations": [
    {
      "id": "$setup_constants",
      "execute": "$setup_constants",
      "after": "0",
      "priority": 0,
      "additionalGuards": null,
      "activationKind": null,
      "fixedVariables": null,
      "probabilisticVariables": null,
      "activating": null,
      "activatingOnlyWhenExecuted": true,
      "updating": null,
      "withPredicate": null
    },
    {
      "id": "$initialise_machine",
      "execute": "$initialise_machine",
      "after": "0",
      "priority": 0,
      "additionalGuards": null,
      "activationKind": null,
      "fixedVariables": {
        "Crash": "FALSE",
        "VehiclesAy": "{(EgoVehicle↦0.0),(Vehicles2↦0.0),(Vehicles3↦0.0),(Vehicles4↦0.0),(Vehicles5↦0.0)}",
        "Reward": "0.0",
        "VehiclesAx": "{(EgoVehicle↦0.0),(Vehicles2↦0.0),(Vehicles3↦0.0),(Vehicles4↦0.0),(Vehicles5↦0.0)}",
        "VehiclesVx": "{(EgoVehicle↦25.0),(Vehicles2↦-3.397308588027954),(Vehicles3↦-3.0308958888053894),(Vehicles4↦-3.5291990637779236),(Vehicles5↦-2.812056243419647)}",
        "VehiclesY": "{(EgoVehicle↦8.000000238418579),(Vehicles2↦0.0),(Vehicles3↦0.0),(Vehicles4↦-8.000000238418579),(Vehicles5↦-8.000000238418579)}",
        "VehiclesVy": "{(EgoVehicle↦0.0),(Vehicles2↦0.0),(Vehicles3↦0.0),(Vehicles4↦0.0),(Vehicles5↦0.0)}",
        "VehiclesX": "{(EgoVehicle↦149.00527000427246),(Vehicles2↦23.809602856636047),(Vehicles3↦46.748849749565125),(Vehicles4↦69.48379874229431),(Vehicles5↦95.26705741882324)}"
      },
      "probabilisticVariables": null,
      "activating": [
        "LANE_RIGHT_2"
      ],
      "activatingOnlyWhenExecuted": true,
      "updating": null,
      "withPredicate": null
    },
    {
      "id": "LANE_RIGHT_2",
      "execute": "LANE_RIGHT",
      "after": "1000",
      "priority": 0,
      "additionalGuards": null,
      "activationKind": null,
      "fixedVariables": {
        "Crash": "FALSE",
        "VehiclesAy": "{(EgoVehicle↦0.0),(Vehicles2↦0.0),(Vehicles3↦0.0),(Vehicles4↦4.967635273933411),(Vehicles5↦0.0)}",
        "Reward": "0.8666666666666667",
        "VehiclesAx": "{(EgoVehicle↦0.0),(Vehicles2↦-4.452219009399414),(Vehicles3↦-0.9209764003753662),(Vehicles4↦-4.825504124164581),(Vehicles5↦-1.2748733162879944)}",
        "VehiclesVx": "{(EgoVehicle↦25.0),(Vehicles2↦-7.849527597427368),(Vehicles3↦-3.9518722891807556),(Vehicles4↦-8.354703187942505),(Vehicles5↦-4.086929559707642)}",
        "VehiclesY": "{(EgoVehicle↦8.000000238418579),(Vehicles2↦0.0),(Vehicles3↦0.0),(Vehicles4↦-5.96928083896637),(Vehicles5↦-8.000000238418579)}",
        "VehiclesVy": "{(EgoVehicle↦0.0),(Vehicles2↦0.0),(Vehicles3↦0.0),(Vehicles4↦4.967635273933411),(Vehicles5↦0.0)}",
        "VehiclesX": "{(EgoVehicle↦174.00527000427246),(Vehicles2↦18.219956755638123),(Vehicles3↦43.32283139228821),(Vehicles4↦63.66372108459473),(Vehicles5↦91.85518026351929)}"
      },
      "probabilisticVariables": null,
      "activating": [
        "LANE_LEFT_3"
      ],
      "activatingOnlyWhenExecuted": true,
      "updating": null,
      "withPredicate": null
    },
    {
      "id": "LANE_LEFT_3",
      "execute": "LANE_LEFT",
      "after": "1000",
      "priority": 0,
      "additionalGuards": null,
      "activationKind": null,
      "fixedVariables": {
        "Crash": "FALSE",
        "VehiclesAy": "{(EgoVehicle↦-1.0796338319778442),(Vehicles2↦-0.16241490840911865),(Vehicles3↦1.0796338319778442),(Vehicles4↦-3.439253121614456),(Vehicles5↦1.0796338319778442)}",
        "Reward": "0.8327113850086175",
        "VehiclesAx": "{(EgoVehicle↦-0.023322105407714844),(Vehicles2↦-0.4525870084762573),(Vehicles3↦0.09092241525650024),(Vehicles4↦1.36996328830719),(Vehicles5↦-0.5245634913444519)}",
        "VehiclesVx": "{(EgoVehicle↦24.976677894592285),(Vehicles2↦-8.302114605903625),(Vehicles3↦-3.8609498739242554),(Vehicles4↦-6.984739899635315),(Vehicles5↦-4.6114930510520935)}",
        "VehiclesY": "{(EgoVehicle↦4.34003484249115),(Vehicles2↦0.1149989515542984),(Vehicles3↦3.6599650382995605),(Vehicles4↦-0.5001606792211533),(Vehicles5↦-4.34003484249115)}",
        "VehiclesVy": "{(EgoVehicle↦-1.0796338319778442),(Vehicles2↦-0.16241490840911865),(Vehicles3↦1.0796338319778442),(Vehicles4↦1.5283821523189545),(Vehicles5↦1.0796338319778442)}",
        "VehiclesX": "{(EgoVehicle↦198.6855149269104),(Vehicles2↦9.799590706825256),(Vehicles3↦39.724746346473694),(Vehicles4↦56.468164920806885),(Vehicles5↦87.83380389213562)}"
      },
      "probabilisticVariables": null,
      "activating": [
        "LANE_LEFT_4"
      ],
      "activatingOnlyWhenExecuted": true,
      "updating": null,
      "withPredicate": null
    },
    {
      "id": "LANE_LEFT_4",
      "execute": "LANE_LEFT",
      "after": "1000",
      "priority": 0,
      "additionalGuards": null,
      "activationKind": null,
      "fixedVariables": {
        "Crash": "TRUE",
        "VehiclesAy": "{(EgoVehicle↦-1.2598438560962677),(Vehicles2↦-0.8689425140619278),(Vehicles3↦1.2598438560962677),(Vehicles4↦0.8447887003421783),(Vehicles5↦3.419111520051956)}",
        "Reward": "0.0",
        "VehiclesAx": "{(EgoVehicle↦-9.148638248443604),(Vehicles2↦2.8038573265075684),(Vehicles3↦9.154042601585388),(Vehicles4↦9.634810388088226),(Vehicles5↦8.90710711479187)}",
        "VehiclesVx": "{(EgoVehicle↦15.828039646148682),(Vehicles2↦-5.498257279396057),(Vehicles3↦5.293092727661133),(Vehicles4↦2.6500704884529114),(Vehicles5↦4.295614063739777)}",
        "VehiclesY": "{(EgoVehicle↦-0.8793170750141144),(Vehicles2↦1.7902488112449646),(Vehicles3↦8.879317045211792),(Vehicles4↦4.8673882484436035),(Vehicles5↦0.8793170750141144)}",
        "VehiclesVy": "{(EgoVehicle↦-2.339477688074112),(Vehicles2↦-1.0313574224710464),(Vehicles3↦2.339477688074112),(Vehicles4↦2.373170852661133),(Vehicles5↦2.339477688074112)}",
        "VehiclesX": "{(EgoVehicle↦200.0),(Vehicles2↦2.2680290043354034),(Vehicles3↦37.54186034202576),(Vehicles4↦51.368218660354614),(Vehicles5↦84.78213548660278)}"
      },
      "probabilisticVariables": null,
      "activating": null,
      "activatingOnlyWhenExecuted": true,
      "updating": null,
      "withPredicate": null
    }
  ],
  "listeners": [],
  "metadata": {
    "fileType": "Timed_Trace",
    "formatVersion": 3,
    "savedAt": "2023-08-15T11:29:35.792568Z",
    "creator": "Simulation: MONTE_CARLO_SIMULATION; MAX_STEPS_BEFORE_PROPERTY : 0, EXECUTIONS : 1000, ENDING_TIME : 60000",
    "proB2KernelVersion": "4.12.2",
    "proBCliVersion": "1.12.2-final",
    "modelName": "HighwayEnvironment"
  }
}