{
  "variables": {},
  "activations": [
    {
      "id": "$setup_constants",
      "execute": "$setup_constants",
      "after": "0",
      "priority": 0,
      "additionalGuards": null,
      "activationKind": null,
      "fixedVariables": null,
      "probabilisticVariables": null,
      "activating": null,
      "activatingOnlyWhenExecuted": true,
      "updating": null,
      "withPredicate": null
    },
    {
      "id": "$initialise_machine",
      "execute": "$initialise_machine",
      "after": "0",
      "priority": 0,
      "additionalGuards": null,
      "activationKind": null,
      "fixedVariables": {
        "Crash": "FALSE",
        "VehiclesAy": "{(EgoVehicle↦0.0),(Vehicles2↦0.0),(Vehicles3↦0.0),(Vehicles4↦0.0),(Vehicles5↦0.0)}",
        "Reward": "0.0",
        "VehiclesAx": "{(EgoVehicle↦0.0),(Vehicles2↦0.0),(Vehicles3↦0.0),(Vehicles4↦0.0),(Vehicles5↦0.0)}",
        "VehiclesVx": "{(EgoVehicle↦25.0),(Vehicles2↦-1.037895455956459),(Vehicles3↦-3.648669719696045),(Vehicles4↦-3.39025616645813),(Vehicles5↦-3.345939517021179)}",
        "VehiclesY": "{(EgoVehicle↦8.000000238418579),(Vehicles2↦-8.000000238418579),(Vehicles3↦-4.0000001192092896),(Vehicles4↦-4.0000001192092896),(Vehicles5↦0.0)}",
        "VehiclesVy": "{(EgoVehicle↦0.0),(Vehicles2↦0.0),(Vehicles3↦0.0),(Vehicles4↦0.0),(Vehicles5↦0.0)}",
        "VehiclesX": "{(EgoVehicle↦153.54727506637573),(Vehicles2↦25.051262974739075),(Vehicles3↦48.854151368141174),(Vehicles4↦72.94619679450989),(Vehicles5↦94.37709450721741)}"
      },
      "probabilisticVariables": null,
      "activating": [
        "FASTER_2"
      ],
      "activatingOnlyWhenExecuted": true,
      "updating": null,
      "withPredicate": null
    },
    {
      "id": "FASTER_2",
      "execute": "FASTER",
      "after": "1000",
      "priority": 0,
      "additionalGuards": null,
      "activationKind": null,
      "fixedVariables": {
        "Crash": "FALSE",
        "VehiclesAy": "{(EgoVehicle↦0.0),(Vehicles2↦0.0),(Vehicles3↦0.0),(Vehicles4↦0.0),(Vehicles5↦0.0)}",
        "Reward": "0.9824417009602194",
        "VehiclesAx": "{(EgoVehicle↦4.341564178466797),(Vehicles2↦-4.7575487941503525),(Vehicles3↦-8.819037675857544),(Vehicles4↦-5.882062911987305),(Vehicles5↦-5.724384784698486)}",
        "VehiclesVx": "{(EgoVehicle↦29.341564178466797),(Vehicles2↦-5.7954442501068115),(Vehicles3↦-12.467707395553589),(Vehicles4↦-9.272319078445435),(Vehicles5↦-9.070324301719666)}",
        "VehiclesY": "{(EgoVehicle↦8.000000238418579),(Vehicles2↦-8.000000238418579),(Vehicles3↦-4.0000001192092896),(Vehicles4↦-4.0000001192092896),(Vehicles5↦0.0)}",
        "VehiclesVy": "{(EgoVehicle↦0.0),(Vehicles2↦0.0),(Vehicles3↦0.0),(Vehicles4↦0.0),(Vehicles5↦0.0)}",
        "VehiclesX": "{(EgoVehicle↦180.9423327445984),(Vehicles2↦21.444088220596313),(Vehicles3↦40.62550961971283),(Vehicles4↦66.4457619190216),(Vehicles5↦87.98344135284424)}"
      },
      "probabilisticVariables": null,
      "activating": [
        "FASTER_3"
      ],
      "activatingOnlyWhenExecuted": true,
      "updating": null,
      "withPredicate": null
    },
    {
      "id": "FASTER_3",
      "execute": "FASTER",
      "after": "1000",
      "priority": 0,
      "additionalGuards": null,
      "activationKind": null,
      "fixedVariables": {
        "Crash": "FALSE",
        "VehiclesAy": "{(EgoVehicle↦0.0),(Vehicles2↦0.0),(Vehicles3↦0.0),(Vehicles4↦0.0),(Vehicles5↦0.0)}",
        "Reward": "0.9976877960112223",
        "VehiclesAx": "{(EgoVehicle↦0.5717277526855469),(Vehicles2↦-0.8941608667373657),(Vehicles3↦-1.6601264476776123),(Vehicles4↦-1.27693772315979),(Vehicles5↦-1.1630040407180786)}",
        "VehiclesVx": "{(EgoVehicle↦29.913291931152344),(Vehicles2↦-6.689605116844177),(Vehicles3↦-14.127833843231201),(Vehicles4↦-10.549256801605225),(Vehicles5↦-10.233328342437744)}",
        "VehiclesY": "{(EgoVehicle↦8.000000238418579),(Vehicles2↦-8.000000238418579),(Vehicles3↦-4.0000001192092896),(Vehicles4↦-4.0000001192092896),(Vehicles5↦0.0)}",
        "VehiclesVy": "{(EgoVehicle↦0.0),(Vehicles2↦0.0),(Vehicles3↦0.0),(Vehicles4↦0.0),(Vehicles5↦0.0)}",
        "VehiclesX": "{(EgoVehicle↦200.0),(Vehicles2↦15.197443962097168),(Vehicles3↦27.280202507972717),(Vehicles4↦56.533271074295044),(Vehicles5↦78.3238410949707)}"
      },
      "probabilisticVariables": null,
      "activating": [
        "IDLE_4"
      ],
      "activatingOnlyWhenExecuted": true,
      "updating": null,
      "withPredicate": null
    },
    {
      "id": "IDLE_4",
      "execute": "IDLE",
      "after": "1000",
      "priority": 0,
      "additionalGuards": null,
      "activationKind": null,
      "fixedVariables": {
        "Crash": "FALSE",
        "VehiclesAy": "{(EgoVehicle↦0.0),(Vehicles2↦0.0),(Vehicles3↦0.0),(Vehicles4↦0.0),(Vehicles5↦0.0)}",
        "Reward": "0.9996955122319305",
        "VehiclesAx": "{(EgoVehicle↦0.07529020309448242),(Vehicles2↦-0.32463669776916504),(Vehicles3↦-0.2006363868713379),(Vehicles4↦-0.39553046226501465),(Vehicles5↦-0.342334508895874)}",
        "VehiclesVx": "{(EgoVehicle↦29.988582134246826),(Vehicles2↦-7.014241814613342),(Vehicles3↦-14.328470230102539),(Vehicles4↦-10.94478726387024),(Vehicles5↦-10.575662851333618)}",
        "VehiclesY": "{(EgoVehicle↦8.000000238418579),(Vehicles2↦-8.000000238418579),(Vehicles3↦-4.0000001192092896),(Vehicles4↦-4.0000001192092896),(Vehicles5↦0.0)}",
        "VehiclesVy": "{(EgoVehicle↦0.0),(Vehicles2↦0.0),(Vehicles3↦0.0),(Vehicles4↦0.0),(Vehicles5↦0.0)}",
        "VehiclesX": "{(EgoVehicle↦200.0),(Vehicles2↦8.361699432134628),(Vehicles3↦13.018633425235748),(Vehicles4↦45.793160796165466),(Vehicles5↦67.92517900466919)}"
      },
      "probabilisticVariables": null,
      "activating": [
        "IDLE_5"
      ],
      "activatingOnlyWhenExecuted": true,
      "updating": null,
      "withPredicate": null
    },
    {
      "id": "IDLE_5",
      "execute": "IDLE",
      "after": "1000",
      "priority": 0,
      "additionalGuards": null,
      "activationKind": null,
      "fixedVariables": {
        "Crash": "FALSE",
        "VehiclesAy": "{(EgoVehicle↦0.0),(Vehicles2↦0.0),(Vehicles3↦0.0),(Vehicles4↦0.0),(Vehicles5↦0.0)}",
        "Reward": "0.9999599028453572",
        "VehiclesAx": "{(EgoVehicle↦0.009913444519042969),(Vehicles2↦-7.109885811805725),(Vehicles3↦7.10510790348053),(Vehicles4↦-0.13318657875061035),(Vehicles5↦-0.12446761131286621)}",
        "VehiclesVx": "{(EgoVehicle↦29.99849557876587),(Vehicles2↦-14.124127626419067),(Vehicles3↦-7.223362326622009),(Vehicles4↦-11.07797384262085),(Vehicles5↦-10.700130462646484)}",
        "VehiclesY": "{(EgoVehicle↦8.000000238418579),(Vehicles2↦-4.0000001192092896),(Vehicles3↦-8.000000238418579),(Vehicles4↦-4.0000001192092896),(Vehicles5↦0.0)}",
        "VehiclesVy": "{(EgoVehicle↦0.0),(Vehicles2↦0.0),(Vehicles3↦0.0),(Vehicles4↦0.0),(Vehicles5↦0.0)}",
        "VehiclesX": "{(EgoVehicle↦200.0),(Vehicles2↦-1.2451624497771263),(Vehicles3↦1.2590871192514896),(Vehicles4↦34.782397747039795),(Vehicles5↦57.289934158325195)}"
      },
      "probabilisticVariables": null,
      "activating": [
        "IDLE_6"
      ],
      "activatingOnlyWhenExecuted": true,
      "updating": null,
      "withPredicate": null
    },
    {
      "id": "IDLE_6",
      "execute": "IDLE",
      "after": "1000",
      "priority": 0,
      "additionalGuards": null,
      "activationKind": null,
      "fixedVariables": {
        "Crash": "FALSE",
        "VehiclesAy": "{(EgoVehicle↦0.0),(Vehicles2↦0.0),(Vehicles3↦0.0),(Vehicles4↦0.0),(Vehicles5↦0.0)}",
        "Reward": "0.9999947197162612",
        "VehiclesAx": "{(EgoVehicle↦0.0013065338134765625),(Vehicles2↦6.7327189445495605),(Vehicles3↦-3.8746052980422974),(Vehicles4↦0.3370797634124756),(Vehicles5↦1.2522488832473755)}",
        "VehiclesVx": "{(EgoVehicle↦29.999802112579346),(Vehicles2↦-7.391408681869507),(Vehicles3↦-11.097967624664307),(Vehicles4↦-10.740894079208374),(Vehicles5↦-9.447881579399109)}",
        "VehiclesY": "{(EgoVehicle↦8.000000238418579),(Vehicles2↦-8.000000238418579),(Vehicles3↦-4.0000001192092896),(Vehicles4↦0.0),(Vehicles5↦-4.0000001192092896)}",
        "VehiclesVy": "{(EgoVehicle↦0.0),(Vehicles2↦0.0),(Vehicles3↦0.0),(Vehicles4↦0.0),(Vehicles5↦0.0)}",
        "VehiclesX": "{(EgoVehicle↦200.0),(Vehicles2↦-6.033723428845406),(Vehicles3↦23.690271377563477),(Vehicles4↦46.56919836997986),(Vehicles5↦78.50254774093628)}"
      },
      "probabilisticVariables": null,
      "activating": [
        "IDLE_7"
      ],
      "activatingOnlyWhenExecuted": true,
      "updating": null,
      "withPredicate": null
    },
    {
      "id": "IDLE_7",
      "execute": "IDLE",
      "after": "1000",
      "priority": 0,
      "additionalGuards": null,
      "activationKind": null,
      "fixedVariables": {
        "Crash": "FALSE",
        "VehiclesAy": "{(EgoVehicle↦0.0),(Vehicles2↦0.0),(Vehicles3↦0.0),(Vehicles4↦0.0),(Vehicles5↦0.0)}",
        "Reward": "0.9999993046539931",
        "VehiclesAx": "{(EgoVehicle↦0.000171661376953125),(Vehicles2↦-3.6704111099243164),(Vehicles3↦0.35423874855041504),(Vehicles4↦1.2399578094482422),(Vehicles5↦-0.19642770290374756)}",
        "VehiclesVx": "{(EgoVehicle↦29.9999737739563),(Vehicles2↦-11.061819791793823),(Vehicles3↦-10.743728876113892),(Vehicles4↦-9.500936269760132),(Vehicles5↦-9.644309282302856)}",
        "VehiclesY": "{(EgoVehicle↦8.000000238418579),(Vehicles2↦-4.0000001192092896),(Vehicles3↦0.0),(Vehicles4↦-4.0000001192092896),(Vehicles5↦0.0)}",
        "VehiclesVy": "{(EgoVehicle↦0.0),(Vehicles2↦0.0),(Vehicles3↦0.0),(Vehicles4↦0.0),(Vehicles5↦0.0)}",
        "VehiclesX": "{(EgoVehicle↦200.0),(Vehicles2↦12.603673338890076),(Vehicles3↦35.825175046920776),(Vehicles4↦69.03051733970642),(Vehicles5↦94.3382203578949)}"
      },
      "probabilisticVariables": null,
      "activating": [
        "SLOWER_8"
      ],
      "activatingOnlyWhenExecuted": true,
      "updating": null,
      "withPredicate": null
    },
    {
      "id": "SLOWER_8",
      "execute": "SLOWER",
      "after": "1000",
      "priority": 0,
      "additionalGuards": null,
      "activationKind": null,
      "fixedVariables": {
        "Crash": "FALSE",
        "VehiclesAy": "{(EgoVehicle↦0.0),(Vehicles2↦0.0),(Vehicles3↦0.0),(Vehicles4↦0.0),(Vehicles5↦0.0)}",
        "Reward": "0.8842248741382489",
        "VehiclesAx": "{(EgoVehicle↦-4.341540336608887),(Vehicles2↦4.405198097229004),(Vehicles3↦4.355965256690979),(Vehicles4↦4.31648313999176),(Vehicles5↦4.207339286804199)}",
        "VehiclesVx": "{(EgoVehicle↦25.658433437347412),(Vehicles2↦-6.656621694564819),(Vehicles3↦-6.387763619422913),(Vehicles4↦-5.184453129768372),(Vehicles5↦-5.436969995498657)}",
        "VehiclesY": "{(EgoVehicle↦8.000000238418579),(Vehicles2↦-4.0000001192092896),(Vehicles3↦0.0),(Vehicles4↦-4.0000001192092896),(Vehicles5↦0.0)}",
        "VehiclesVy": "{(EgoVehicle↦0.0),(Vehicles2↦0.0),(Vehicles3↦0.0),(Vehicles4↦0.0),(Vehicles5↦0.0)}",
        "VehiclesX": "{(EgoVehicle↦200.0),(Vehicles2↦3.9609335362911224),(Vehicles3↦27.481403946876526),(Vehicles4↦61.912959814071655),(Vehicles5↦87.03312277793884)}"
      },
      "probabilisticVariables": null,
      "activating": [
        "SLOWER_9"
      ],
      "activatingOnlyWhenExecuted": true,
      "updating": null,
      "withPredicate": null
    },
    {
      "id": "SLOWER_9",
      "execute": "SLOWER",
      "after": "1000",
      "priority": 0,
      "additionalGuards": null,
      "activationKind": null,
      "fixedVariables": {
        "Crash": "FALSE",
        "VehiclesAy": "{(EgoVehicle↦0.0),(Vehicles2↦0.0),(Vehicles3↦0.0),(Vehicles4↦0.0),(Vehicles5↦0.0)}",
        "Reward": "0.7532038243035281",
        "VehiclesAx": "{(EgoVehicle↦-4.913289546966553),(Vehicles2↦4.98870849609375),(Vehicles3↦4.934592843055725),(Vehicles4↦4.903969280421734),(Vehicles5↦2.436503767967224)}",
        "VehiclesVx": "{(EgoVehicle↦20.74514389038086),(Vehicles2↦-1.6679131984710693),(Vehicles3↦-1.4531707763671875),(Vehicles4↦-0.2804838493466377),(Vehicles5↦-3.000466227531433)}",
        "VehiclesY": "{(EgoVehicle↦8.000000238418579),(Vehicles2↦-4.0000001192092896),(Vehicles3↦0.0),(Vehicles4↦-4.0000001192092896),(Vehicles5↦-8.000000238418579)}",
        "VehiclesVy": "{(EgoVehicle↦0.0),(Vehicles2↦0.0),(Vehicles3↦0.0),(Vehicles4↦0.0),(Vehicles5↦0.0)}",
        "VehiclesX": "{(EgoVehicle↦200.0),(Vehicles2↦0.04441901692189276),(Vehicles3↦23.81232976913452),(Vehicles4↦59.43431854248047),(Vehicles5↦82.82304406166077)}"
      },
      "probabilisticVariables": null,
      "activating": [
        "FASTER_10"
      ],
      "activatingOnlyWhenExecuted": true,
      "updating": null,
      "withPredicate": null
    },
    {
      "id": "FASTER_10",
      "execute": "FASTER",
      "after": "1000",
      "priority": 0,
      "additionalGuards": null,
      "activationKind": null,
      "fixedVariables": {
        "Crash": "FALSE",
        "VehiclesAy": "{(EgoVehicle↦0.0),(Vehicles2↦0.0),(Vehicles3↦0.0),(Vehicles4↦0.0),(Vehicles5↦0.0)}",
        "Reward": "0.8517250577958007",
        "VehiclesAx": "{(EgoVehicle↦3.6945462226867676),(Vehicles2↦-3.616001009941101),(Vehicles3↦-3.6715394258499146),(Vehicles4↦-3.6950762197375298),(Vehicles5↦-3.583047389984131)}",
        "VehiclesVx": "{(EgoVehicle↦24.439690113067627),(Vehicles2↦-5.28391420841217),(Vehicles3↦-5.124710202217102),(Vehicles4↦-3.9755600690841675),(Vehicles5↦-6.583513617515564)}",
        "VehiclesY": "{(EgoVehicle↦8.000000238418579),(Vehicles2↦-4.0000001192092896),(Vehicles3↦0.0),(Vehicles4↦-4.0000001192092896),(Vehicles5↦-8.000000238418579)}",
        "VehiclesVy": "{(EgoVehicle↦0.0),(Vehicles2↦0.0),(Vehicles3↦0.0),(Vehicles4↦0.0),(Vehicles5↦0.0)}",
        "VehiclesX": "{(EgoVehicle↦200.0),(Vehicles2↦-3.6302264779806137),(Vehicles3↦20.330224931240082),(Vehicles4↦57.11497664451599),(Vehicles5↦77.82887816429138)}"
      },
      "probabilisticVariables": null,
      "activating": [
        "SLOWER_11"
      ],
      "activatingOnlyWhenExecuted": true,
      "updating": null,
      "withPredicate": null
    },
    {
      "id": "SLOWER_11",
      "execute": "SLOWER",
      "after": "1000",
      "priority": 0,
      "additionalGuards": null,
      "activationKind": null,
      "fixedVariables": {
        "Crash": "FALSE",
        "VehiclesAy": "{(EgoVehicle↦0.0),(Vehicles2↦0.0),(Vehicles3↦0.0),(Vehicles4↦0.0),(Vehicles5↦0.0)}",
        "Reward": "0.7489240130979381",
        "VehiclesAx": "{(EgoVehicle↦-3.8550400733947754),(Vehicles2↦3.9321045577526093),(Vehicles3↦3.877270668745041),(Vehicles4↦3.8593309186398983),(Vehicles5↦3.9658761024475098)}",
        "VehiclesVx": "{(EgoVehicle↦20.58465003967285),(Vehicles2↦-1.3518096506595612),(Vehicles3↦-1.2474395334720612),(Vehicles4↦-0.11622915044426918),(Vehicles5↦-2.617637515068054)}",
        "VehiclesY": "{(EgoVehicle↦8.000000238418579),(Vehicles2↦-4.0000001192092896),(Vehicles3↦0.0),(Vehicles4↦-4.0000001192092896),(Vehicles5↦-8.000000238418579)}",
        "VehiclesVy": "{(EgoVehicle↦0.0),(Vehicles2↦0.0),(Vehicles3↦0.0),(Vehicles4↦0.0),(Vehicles5↦0.0)}",
        "VehiclesX": "{(EgoVehicle↦200.0),(Vehicles2↦-6.7564137279987335),(Vehicles3↦17.341192066669464),(Vehicles4↦55.26752471923828),(Vehicles5↦73.41660857200623)}"
      },
      "probabilisticVariables": null,
      "activating": [
        "FASTER_12"
      ],
      "activatingOnlyWhenExecuted": true,
      "updating": null,
      "withPredicate": null
    },
    {
      "id": "FASTER_12",
      "execute": "FASTER",
      "after": "1000",
      "priority": 0,
      "additionalGuards": null,
      "activationKind": null,
      "fixedVariables": {
        "Crash": "FALSE",
        "VehiclesAy": "{(EgoVehicle↦0.0),(Vehicles2↦0.0),(Vehicles3↦0.0),(Vehicles4↦0.0),(Vehicles5↦0.0)}",
        "Reward": "0.8511614612584392",
        "VehiclesAx": "{(EgoVehicle↦3.833904266357422),(Vehicles2↦-3.7091194093227386),(Vehicles3↦-2.6958276331424713),(Vehicles4↦-6.228952910751104),(Vehicles5↦-1.9222691655158997)}",
        "VehiclesVx": "{(EgoVehicle↦24.418554306030273),(Vehicles2↦-5.0609290599823),(Vehicles3↦-3.9432671666145325),(Vehicles4↦-6.3451820611953735),(Vehicles5↦-4.539906680583954)}",
        "VehiclesY": "{(EgoVehicle↦8.000000238418579),(Vehicles2↦0.0),(Vehicles3↦-4.0000001192092896),(Vehicles4↦-8.000000238418579),(Vehicles5↦0.0)}",
        "VehiclesVy": "{(EgoVehicle↦0.0),(Vehicles2↦0.0),(Vehicles3↦0.0),(Vehicles4↦0.0),(Vehicles5↦0.0)}",
        "VehiclesX": "{(EgoVehicle↦200.0),(Vehicles2↦13.98707628250122),(Vehicles3↦53.03888916969299),(Vehicles4↦68.72696280479431),(Vehicles5↦76.44129395484924)}"
      },
      "probabilisticVariables": null,
      "activating": [
        "LANE_RIGHT_13"
      ],
      "activatingOnlyWhenExecuted": true,
      "updating": null,
      "withPredicate": null
    },
    {
      "id": "LANE_RIGHT_13",
      "execute": "LANE_RIGHT",
      "after": "1000",
      "priority": 0,
      "additionalGuards": null,
      "activationKind": null,
      "fixedVariables": {
        "Crash": "FALSE",
        "VehiclesAy": "{(EgoVehicle↦0.0),(Vehicles2↦0.0),(Vehicles3↦0.0),(Vehicles4↦0.0),(Vehicles5↦0.0)}",
        "Reward": "0.8646248289174351",
        "VehiclesAx": "{(EgoVehicle↦0.5048775672912598),(Vehicles2↦-0.4865652322769165),(Vehicles3↦-0.49669593572616577),(Vehicles4↦-0.4048258066177368),(Vehicles5↦-0.557885468006134)}",
        "VehiclesVx": "{(EgoVehicle↦24.923431873321533),(Vehicles2↦-5.547494292259216),(Vehicles3↦-4.439963102340698),(Vehicles4↦-6.75000786781311),(Vehicles5↦-5.097792148590088)}",
        "VehiclesY": "{(EgoVehicle↦8.000000238418579),(Vehicles2↦0.0),(Vehicles3↦-4.0000001192092896),(Vehicles4↦-8.000000238418579),(Vehicles5↦0.0)}",
        "VehiclesVy": "{(EgoVehicle↦0.0),(Vehicles2↦0.0),(Vehicles3↦0.0),(Vehicles4↦0.0),(Vehicles5↦0.0)}",
        "VehiclesX": "{(EgoVehicle↦200.0),(Vehicles2↦8.655120432376862),(Vehicles3↦48.82030487060547),(Vehicles4↦62.1438205242157),(Vehicles5↦71.60085439682007)}"
      },
      "probabilisticVariables": null,
      "activating": [
        "LANE_LEFT_14"
      ],
      "activatingOnlyWhenExecuted": true,
      "updating": null,
      "withPredicate": null
    },
    {
      "id": "LANE_LEFT_14",
      "execute": "LANE_LEFT",
      "after": "1000",
      "priority": 0,
      "additionalGuards": null,
      "activationKind": null,
      "fixedVariables": {
        "Crash": "FALSE",
        "VehiclesAy": "{(EgoVehicle↦-1.0782013833522797),(Vehicles2↦1.0782013833522797),(Vehicles3↦1.0782013833522797),(Vehicles4↦1.0782013833522797),(Vehicles5↦1.0782013833522797)}",
        "Reward": "0.8324439004951613",
        "VehiclesAx": "{(EgoVehicle↦0.0432133674621582),(Vehicles2↦-0.0269162654876709),(Vehicles3↦-0.034419894218444824),(Vehicles4↦0.04986405372619629),(Vehicles5↦-0.08665263652801514)}",
        "VehiclesVx": "{(EgoVehicle↦24.96664524078369),(Vehicles2↦-5.574410557746887),(Vehicles3↦-4.474382996559143),(Vehicles4↦-6.700143814086914),(Vehicles5↦-5.184444785118103)}",
        "VehiclesY": "{(EgoVehicle↦4.339473009109497),(Vehicles2↦3.6605268716812134),(Vehicles3↦-0.3394729569554329),(Vehicles4↦-4.339473009109497),(Vehicles5↦3.6605268716812134)}",
        "VehiclesVy": "{(EgoVehicle↦-1.0782013833522797),(Vehicles2↦1.0782013833522797),(Vehicles3↦1.0782013833522797),(Vehicles4↦1.0782013833522797),(Vehicles5↦1.0782013833522797)}",
        "VehiclesX": "{(EgoVehicle↦200.0),(Vehicles2↦3.3980894833803177),(Vehicles3↦44.667622447013855),(Vehicles4↦55.71540594100952),(Vehicles5↦66.76875948905945)}"
      },
      "probabilisticVariables": null,
      "activating": [
        "FASTER_15"
      ],
      "activatingOnlyWhenExecuted": true,
      "updating": null,
      "withPredicate": null
    },
    {
      "id": "FASTER_15",
      "execute": "FASTER",
      "after": "1000",
      "priority": 0,
      "additionalGuards": null,
      "activationKind": null,
      "fixedVariables": {
        "Crash": "FALSE",
        "VehiclesAy": "{(EgoVehicle↦1.0511347465217113),(Vehicles2↦-1.0511347465217113),(Vehicles3↦-1.0511347465217113),(Vehicles4↦-1.0511347465217113),(Vehicles5↦1.105268020182848)}",
        "Reward": "0.9490726261134532",
        "VehiclesAx": "{(EgoVehicle↦4.373579025268555),(Vehicles2↦-4.3590247631073),(Vehicles3↦-4.364549517631531),(Vehicles4↦-4.287474155426025),(Vehicles5↦-4.408511519432068)}",
        "VehiclesVx": "{(EgoVehicle↦29.340224266052246),(Vehicles2↦-9.933435320854187),(Vehicles3↦-8.838932514190674),(Vehicles4↦-10.98761796951294),(Vehicles5↦-9.592956304550171)}",
        "VehiclesY": "{(EgoVehicle↦4.006489634513855),(Vehicles2↦3.993510603904724),(Vehicles3↦-0.006489522289484739),(Vehicles4↦-4.006489634513855),(Vehicles5↦3.993510603904724)}",
        "VehiclesVy": "{(EgoVehicle↦-0.027066636830568314),(Vehicles2↦0.027066636830568314),(Vehicles3↦0.027066636830568314),(Vehicles4↦0.027066636830568314),(Vehicles5↦0.027066636830568314)}",
        "VehiclesX": "{(EgoVehicle↦200.0),(Vehicles2↦-4.589807242155075),(Vehicles3↦37.777405977249146),(Vehicles4↦46.63081467151642),(Vehicles5↦59.15026068687439)}"
      },
      "probabilisticVariables": null,
      "activating": [
        "LANE_LEFT_16"
      ],
      "activatingOnlyWhenExecuted": true,
      "updating": null,
      "withPredicate": null
    },
    {
      "id": "LANE_LEFT_16",
      "execute": "LANE_LEFT",
      "after": "1000",
      "priority": 0,
      "additionalGuards": null,
      "activationKind": null,
      "fixedVariables": {
        "Crash": "FALSE",
        "VehiclesAy": "{(EgoVehicle↦-0.9910809807479382),(Vehicles2↦0.9910809807479382),(Vehicles3↦0.9910809807479382),(Vehicles4↦0.9910809807479382),(Vehicles5↦1.0452142544090748)}",
        "Reward": "0.9305542723977563",
        "VehiclesAx": "{(EgoVehicle↦0.5555605888366699),(Vehicles2↦0.5479967594146729),(Vehicles3↦-2.6247799396514893),(Vehicles4↦0.8117830753326416),(Vehicles5↦-0.9969282150268555)}",
        "VehiclesVx": "{(EgoVehicle↦29.895784854888916),(Vehicles2↦-9.385438561439514),(Vehicles3↦-11.463712453842163),(Vehicles4↦-10.175834894180298),(Vehicles5↦-10.589884519577026)}",
        "VehiclesY": "{(EgoVehicle↦0.2919435426592827),(Vehicles2↦3.708056330680847),(Vehicles3↦-0.2919435426592827),(Vehicles4↦7.708056449890137),(Vehicles5↦-0.2919435426592827)}",
        "VehiclesVy": "{(EgoVehicle↦-1.0181476175785065),(Vehicles2↦1.0181476175785065),(Vehicles3↦1.0181476175785065),(Vehicles4↦1.0181476175785065),(Vehicles5↦1.0181476175785065)}",
        "VehiclesX": "{(EgoVehicle↦200.0),(Vehicles2↦28.907757997512817),(Vehicles3↦35.641151666641235),(Vehicles4↦49.51145946979523),(Vehicles5↦93.881356716156)}"
      },
      "probabilisticVariables": null,
      "activating": [
        "LANE_RIGHT_17"
      ],
      "activatingOnlyWhenExecuted": true,
      "updating": null,
      "withPredicate": null
    },
    {
      "id": "LANE_RIGHT_17",
      "execute": "LANE_RIGHT",
      "after": "1000",
      "priority": 0,
      "additionalGuards": null,
      "activationKind": null,
      "fixedVariables": {
        "Crash": "FALSE",
        "VehiclesAy": "{(EgoVehicle↦2.031872719526291),(Vehicles2↦-2.031872719526291),(Vehicles3↦-2.031872719526291),(Vehicles4↦-2.031872719526291),(Vehicles5↦0.004422515630722046)}",
        "Reward": "0.9659045317352417",
        "VehiclesAx": "{(EgoVehicle↦0.07563591003417969),(Vehicles2↦-0.06665825843811035),(Vehicles3↦-0.002301931381225586),(Vehicles4↦-0.09610176086425781),(Vehicles5↦-0.035468339920043945)}",
        "VehiclesVx": "{(EgoVehicle↦29.971420764923096),(Vehicles2↦-9.452096819877625),(Vehicles3↦-11.466014385223389),(Vehicles4↦-10.271936655044556),(Vehicles5↦-10.62535285949707)}",
        "VehiclesY": "{(EgoVehicle↦3.707064986228943),(Vehicles2↦0.2929350212216377),(Vehicles3↦-3.707064986228943),(Vehicles4↦4.292934894561768),(Vehicles5↦-3.707064986228943)}",
        "VehiclesVy": "{(EgoVehicle↦1.0137251019477844),(Vehicles2↦-1.0137251019477844),(Vehicles3↦-1.0137251019477844),(Vehicles4↦-1.0137251019477844),(Vehicles5↦-1.0137251019477844)}",
        "VehiclesX": "{(EgoVehicle↦200.0),(Vehicles2↦19.70827877521515),(Vehicles3↦24.3896022439003),(Vehicles4↦39.509278535842896),(Vehicles5↦83.49019885063171)}"
      },
      "probabilisticVariables": null,
      "activating": [
        "IDLE_18"
      ],
      "activatingOnlyWhenExecuted": true,
      "updating": null,
      "withPredicate": null
    },
    {
      "id": "IDLE_18",
      "execute": "IDLE",
      "after": "1000",
      "priority": 0,
      "additionalGuards": null,
      "activationKind": null,
      "fixedVariables": {
        "Crash": "FALSE",
        "VehiclesAy": "{(EgoVehicle↦-0.9978510695509613),(Vehicles2↦0.9978510695509613),(Vehicles3↦0.9978510695509613),(Vehicles4↦0.9978510695509613),(Vehicles5↦-1.0295991343446076)}",
        "Reward": "0.9666263766519875",
        "VehiclesAx": "{(EgoVehicle↦0.02706766128540039),(Vehicles2↦-0.01822531223297119),(Vehicles3↦0.040678977966308594),(Vehicles4↦-0.04137396812438965),(Vehicles5↦0.009561777114868164)}",
        "VehiclesVx": "{(EgoVehicle↦29.998488426208496),(Vehicles2↦-9.470322132110596),(Vehicles3↦-11.42533540725708),(Vehicles4↦-10.313310623168945),(Vehicles5↦-10.615791082382202)}",
        "VehiclesY": "{(EgoVehicle↦3.996514320373535),(Vehicles2↦0.003485624911263585),(Vehicles3↦-3.996514320373535),(Vehicles4↦4.003485560417175),(Vehicles5↦-3.996514320373535)}",
        "VehiclesVy": "{(EgoVehicle↦0.015874032396823168),(Vehicles2↦-0.015874032396823168),(Vehicles3↦-0.015874032396823168),(Vehicles4↦-0.015874032396823168),(Vehicles5↦-0.015874032396823168)}",
        "VehiclesX": "{(EgoVehicle↦200.0),(Vehicles2↦10.239812731742859),(Vehicles3↦12.93119341135025),(Vehicles4↦29.21123504638672),(Vehicles5↦72.85984754562378)}"
      },
      "probabilisticVariables": null,
      "activating": [
        "SLOWER_19"
      ],
      "activatingOnlyWhenExecuted": true,
      "updating": null,
      "withPredicate": null
    },
    {
      "id": "SLOWER_19",
      "execute": "SLOWER",
      "after": "1000",
      "priority": 0,
      "additionalGuards": null,
      "activationKind": null,
      "fixedVariables": {
        "Crash": "TRUE",
        "VehiclesAy": "{(EgoVehicle↦-0.015727503578091273),(Vehicles2↦0.015727503578091273),(Vehicles3↦0.015727503578091273),(Vehicles4↦0.015727503578091273),(Vehicles5↦-0.016020561215555063)}",
        "Reward": "0.054396943048759784",
        "VehiclesAx": "{(EgoVehicle↦-9.208602905273438),(Vehicles2↦7.316301614046097),(Vehicles3↦7.063555121421814),(Vehicles4↦9.199827089905739),(Vehicles5↦9.242134690284729)}",
        "VehiclesVx": "{(EgoVehicle↦20.78988552093506),(Vehicles2↦-2.154020518064499),(Vehicles3↦-4.361780285835266),(Vehicles4↦-1.1134835332632065),(Vehicles5↦-1.3736563920974731)}",
        "VehiclesY": "{(EgoVehicle↦4.000005125999451),(Vehicles2↦-4.000005125999451),(Vehicles3↦-5.152837388777698E-06),(Vehicles4↦3.9999947547912598),(Vehicles5↦-4.000005125999451)}",
        "VehiclesVy": "{(EgoVehicle↦0.00014652881873189472),(Vehicles2↦-0.00014652881873189472),(Vehicles3↦-0.00014652881873189472),(Vehicles4↦-0.00014652881873189472),(Vehicles5↦-0.00014652881873189472)}",
        "VehiclesX": "{(EgoVehicle↦200.0),(Vehicles2↦4.842007160186768),(Vehicles3↦5.000007152557373),(Vehicles4↦22.204677760601044),(Vehicles5↦65.56838154792786)}"
      },
      "probabilisticVariables": null,
      "activating": null,
      "activatingOnlyWhenExecuted": true,
      "updating": null,
      "withPredicate": null
    }
  ],
  "listeners": [],
  "metadata": {
    "fileType": "Timed_Trace",
    "formatVersion": 3,
    "savedAt": "2023-08-15T11:29:15.267562Z",
    "creator": "Simulation: MONTE_CARLO_SIMULATION; MAX_STEPS_BEFORE_PROPERTY : 0, EXECUTIONS : 1000, ENDING_TIME : 60000",
    "proB2KernelVersion": "4.12.2",
    "proBCliVersion": "1.12.2-final",
    "modelName": "HighwayEnvironment"
  }
}