{
  "variables": {},
  "activations": [
    {
      "id": "$setup_constants",
      "execute": "$setup_constants",
      "after": "0",
      "priority": 0,
      "additionalGuards": null,
      "activationKind": null,
      "fixedVariables": null,
      "probabilisticVariables": null,
      "activating": null,
      "activatingOnlyWhenExecuted": true,
      "updating": null,
      "withPredicate": null
    },
    {
      "id": "$initialise_machine",
      "execute": "$initialise_machine",
      "after": "0",
      "priority": 0,
      "additionalGuards": null,
      "activationKind": null,
      "fixedVariables": {
        "Crash": "FALSE",
        "VehiclesAy": "{(EgoVehicle↦0.0),(Vehicles2↦0.0),(Vehicles3↦0.0),(Vehicles4↦0.0),(Vehicles5↦0.0)}",
        "Reward": "0.0",
        "VehiclesAx": "{(EgoVehicle↦0.0),(Vehicles2↦0.0),(Vehicles3↦0.0),(Vehicles4↦0.0),(Vehicles5↦0.0)}",
        "VehiclesVx": "{(EgoVehicle↦25.0),(Vehicles2↦-3.204282224178314),(Vehicles3↦-3.0785128474235535),(Vehicles4↦-3.883821964263916),(Vehicles5↦-2.9518890380859375)}",
        "VehiclesY": "{(EgoVehicle↦8.000000238418579),(Vehicles2↦0.0),(Vehicles3↦-4.0000001192092896),(Vehicles4↦0.0),(Vehicles5↦-4.0000001192092896)}",
        "VehiclesVy": "{(EgoVehicle↦0.0),(Vehicles2↦0.0),(Vehicles3↦0.0),(Vehicles4↦0.0),(Vehicles5↦0.0)}",
        "VehiclesX": "{(EgoVehicle↦150.69444179534912),(Vehicles2↦21.67774736881256),(Vehicles3↦44.637614488601685),(Vehicles4↦67.18562841415405),(Vehicles5↦91.38466119766235)}"
      },
      "probabilisticVariables": null,
      "activating": [
        "LANE_LEFT_2"
      ],
      "activatingOnlyWhenExecuted": true,
      "updating": null,
      "withPredicate": null
    },
    {
      "id": "LANE_LEFT_2",
      "execute": "LANE_LEFT",
      "after": "1000",
      "priority": 0,
      "additionalGuards": null,
      "activationKind": null,
      "fixedVariables": {
        "Crash": "FALSE",
        "VehiclesAy": "{(EgoVehicle↦-1.0796338319778442),(Vehicles2↦1.0796338319778442),(Vehicles3↦-5.5073463916778564),(Vehicles4↦1.0796338319778442),(Vehicles5↦1.0796338319778442)}",
        "Reward": "0.8327113850086175",
        "VehiclesAx": "{(EgoVehicle↦-0.023322105407714844),(Vehicles2↦-1.9785258173942566),(Vehicles3↦-2.8641119599342346),(Vehicles4↦-0.6138992309570312),(Vehicles5↦-0.7493433356285095)}",
        "VehiclesVx": "{(EgoVehicle↦24.976677894592285),(Vehicles2↦-5.182808041572571),(Vehicles3↦-5.942624807357788),(Vehicles4↦-4.497721195220947),(Vehicles5↦-3.701232373714447)}",
        "VehiclesY": "{(EgoVehicle↦4.34003484249115),(Vehicles2↦3.6599650382995605),(Vehicles3↦-1.1729426980018616),(Vehicles4↦3.6599650382995605),(Vehicles5↦-0.3400348797440529)}",
        "VehiclesVy": "{(EgoVehicle↦-1.0796338319778442),(Vehicles2↦1.0796338319778442),(Vehicles3↦-5.5073463916778564),(Vehicles4↦1.0796338319778442),(Vehicles5↦1.0796338319778442)}",
        "VehiclesX": "{(EgoVehicle↦175.37468671798706),(Vehicles2↦17.837513983249664),(Vehicles3↦40.95537066459656),(Vehicles4↦63.3405327796936),(Vehicles5↦88.4120225906372)}"
      },
      "probabilisticVariables": null,
      "activating": [
        "FASTER_3"
      ],
      "activatingOnlyWhenExecuted": true,
      "updating": null,
      "withPredicate": null
    },
    {
      "id": "FASTER_3",
      "execute": "FASTER",
      "after": "1000",
      "priority": 0,
      "additionalGuards": null,
      "activationKind": null,
      "fixedVariables": {
        "Crash": "FALSE",
        "VehiclesAy": "{(EgoVehicle↦1.0525126825086772),(Vehicles2↦-1.0525126825086772),(Vehicles3↦4.850443080067635),(Vehicles4↦-1.0525126825086772),(Vehicles5↦1.1067549814470112)}",
        "Reward": "0.9491080333766447",
        "VehiclesAx": "{(EgoVehicle↦4.364874362945557),(Vehicles2↦-5.1804715394973755),(Vehicles3↦-3.5306376218795776),(Vehicles4↦-4.7533780336380005),(Vehicles5↦-4.834712445735931)}",
        "VehiclesVx": "{(EgoVehicle↦29.341552257537842),(Vehicles2↦-10.363279581069946),(Vehicles3↦-9.473262429237366),(Vehicles4↦-9.251099228858948),(Vehicles5↦-8.535944819450378)}",
        "VehiclesY": "{(EgoVehicle↦4.006503582000732),(Vehicles2↦3.993496298789978),(Vehicles3↦-3.7706083059310913),(Vehicles4↦3.993496298789978),(Vehicles5↦-0.006503580836579204)}",
        "VehiclesVy": "{(EgoVehicle↦-0.027121149469166994),(Vehicles2↦0.027121149469166994),(Vehicles3↦-0.6569033116102219),(Vehicles4↦0.027121149469166994),(Vehicles5↦0.027121149469166994)}",
        "VehiclesX": "{(EgoVehicle↦200.0),(Vehicles2↦9.860184043645859),(Vehicles3↦33.114275336265564),(Vehicles4↦56.25808238983154),(Vehicles5↦82.09019303321838)}"
      },
      "probabilisticVariables": null,
      "activating": [
        "LANE_LEFT_4"
      ],
      "activatingOnlyWhenExecuted": true,
      "updating": null,
      "withPredicate": null
    },
    {
      "id": "LANE_LEFT_4",
      "execute": "LANE_LEFT",
      "after": "1000",
      "priority": 0,
      "additionalGuards": null,
      "activationKind": null,
      "fixedVariables": {
        "Crash": "FALSE",
        "VehiclesAy": "{(EgoVehicle↦-0.9910520236007869),(Vehicles2↦-5.658309899736196),(Vehicles3↦1.6323552280664444),(Vehicles4↦0.9910520236007869),(Vehicles5↦1.045294322539121)}",
        "Reward": "0.930558914769911",
        "VehiclesAx": "{(EgoVehicle↦0.5544066429138184),(Vehicles2↦-2.135763168334961),(Vehicles3↦-0.2892357110977173),(Vehicles4↦-0.8002907037734985),(Vehicles5↦-0.8491629362106323)}",
        "VehiclesVx": "{(EgoVehicle↦29.89595890045166),(Vehicles2↦-12.499042749404907),(Vehicles3↦-9.762498140335083),(Vehicles4↦-10.051389932632446),(Vehicles5↦-9.38510775566101)}",
        "VehiclesY": "{(EgoVehicle↦0.2919534221291542),(Vehicles2↦6.795343637466431),(Vehicles3↦-0.2773166745901108),(Vehicles4↦7.7080464363098145),(Vehicles5↦3.7080466747283936)}",
        "VehiclesVy": "{(EgoVehicle↦-1.018173173069954),(Vehicles2↦-5.631188750267029),(Vehicles3↦0.9754519164562225),(Vehicles4↦1.018173173069954),(Vehicles5↦1.018173173069954)}",
        "VehiclesX": "{(EgoVehicle↦200.0),(Vehicles2↦-0.8156430907547474),(Vehicles3↦23.7276092171669),(Vehicles4↦46.86630666255951),(Vehicles5↦73.39204549789429)}"
      },
      "probabilisticVariables": null,
      "activating": [
        "LANE_LEFT_5"
      ],
      "activatingOnlyWhenExecuted": true,
      "updating": null,
      "withPredicate": null
    },
    {
      "id": "LANE_LEFT_5",
      "execute": "LANE_LEFT",
      "after": "1000",
      "priority": 0,
      "additionalGuards": null,
      "activationKind": null,
      "fixedVariables": {
        "Crash": "FALSE",
        "VehiclesAy": "{(EgoVehicle↦1.0027710814028978),(Vehicles2↦5.643992548575625),(Vehicles3↦-0.9600498247891665),(Vehicles4↦-1.0027710814028978),(Vehicles5↦1.03357526473701)}",
        "Reward": "0.9330287400920335",
        "VehiclesAx": "{(EgoVehicle↦0.09261846542358398),(Vehicles2↦2.8077948093414307),(Vehicles3↦-0.5426084995269775),(Vehicles4↦0.3836125135421753),(Vehicles5↦1.4376115798950195)}",
        "VehiclesVx": "{(EgoVehicle↦29.988577365875244),(Vehicles2↦-9.691247940063477),(Vehicles3↦-10.30510663986206),(Vehicles4↦-9.667777419090271),(Vehicles5↦-7.947496175765991)}",
        "VehiclesY": "{(EgoVehicle↦0.0033439096296206117),(Vehicles2↦-0.002456287737004459),(Vehicles3↦7.99665641784668),(Vehicles4↦3.9966559410095215),(Vehicles5↦-0.0033439096296206117)}",
        "VehiclesVy": "{(EgoVehicle↦-0.015402091667056084),(Vehicles2↦0.012803798308596015),(Vehicles3↦0.015402091667056084),(Vehicles4↦0.015402091667056084),(Vehicles5↦0.015402091667056084)}",
        "VehiclesX": "{(EgoVehicle↦200.0),(Vehicles2↦13.979989290237427),(Vehicles3↦36.689114570617676),(Vehicles4↦63.868290185928345),(Vehicles5↦92.34697222709656)}"
      },
      "probabilisticVariables": null,
      "activating": [
        "LANE_RIGHT_6"
      ],
      "activatingOnlyWhenExecuted": true,
      "updating": null,
      "withPredicate": null
    },
    {
      "id": "LANE_RIGHT_6",
      "execute": "LANE_RIGHT",
      "after": "1000",
      "priority": 0,
      "additionalGuards": null,
      "activationKind": null,
      "fixedVariables": {
        "Crash": "FALSE",
        "VehiclesAy": "{(EgoVehicle↦1.0456214379519224),(Vehicles2↦-1.043178787222132),(Vehicles3↦-1.0456214379519224),(Vehicles4↦-1.0456214379519224),(Vehicles5↦-1.0148172546178102)}",
        "Reward": "0.9661546947095513",
        "VehiclesAx": "{(EgoVehicle↦-0.007777214050292969),(Vehicles2↦0.11813580989837646),(Vehicles3↦-0.10144710540771484),(Vehicles4↦-0.11754095554351807),(Vehicles5↦-0.034168362617492676)}",
        "VehiclesVx": "{(EgoVehicle↦29.98080015182495),(Vehicles2↦-9.5731121301651),(Vehicles3↦-10.406553745269775),(Vehicles4↦-9.785318374633789),(Vehicles5↦-7.981664538383484)}",
        "VehiclesY": "{(EgoVehicle↦3.7032673358917236),(Vehicles2↦-3.703214406967163),(Vehicles3↦4.296732544898987),(Vehicles4↦0.2967325821518898),(Vehicles5↦-3.7032673358917236)}",
        "VehiclesVy": "{(EgoVehicle↦1.0302193462848663),(Vehicles2↦-1.030374988913536),(Vehicles3↦-1.0302193462848663),(Vehicles4↦-1.0302193462848663),(Vehicles5↦-1.0302193462848663)}",
        "VehiclesX": "{(EgoVehicle↦200.0),(Vehicles2↦4.606751725077629),(Vehicles3↦26.607710123062134),(Vehicles4↦54.4169545173645),(Vehicles5↦84.65222716331482)}"
      },
      "probabilisticVariables": null,
      "activating": [
        "LANE_RIGHT_7"
      ],
      "activatingOnlyWhenExecuted": true,
      "updating": null,
      "withPredicate": null
    },
    {
      "id": "LANE_RIGHT_7",
      "execute": "LANE_RIGHT",
      "after": "1000",
      "priority": 0,
      "additionalGuards": null,
      "activationKind": null,
      "fixedVariables": {
        "Crash": "FALSE",
        "VehiclesAy": "{(EgoVehicle↦0.015720948576927185),(Vehicles2↦-0.015574544668197632),(Vehicles3↦-0.015720948576927185),(Vehicles4↦-0.015720948576927185),(Vehicles5↦-2.07615964114666)}",
        "Reward": "0.9995083503876069",
        "VehiclesAx": "{(EgoVehicle↦0.000762939453125),(Vehicles2↦0.07784724235534668),(Vehicles3↦-0.07728099822998047),(Vehicles4↦-0.0849616527557373),(Vehicles5↦-0.03210783004760742)}",
        "VehiclesVx": "{(EgoVehicle↦29.981563091278076),(Vehicles2↦-9.495264887809753),(Vehicles3↦-10.483834743499756),(Vehicles4↦-9.870280027389526),(Vehicles5↦-8.013772368431091)}",
        "VehiclesY": "{(EgoVehicle↦7.699868202209473),(Vehicles2↦-7.699864625930786),(Vehicles3↦0.3001318797469139),(Vehicles4↦-3.699868083000183),(Vehicles5↦-7.699868202209473)}",
        "VehiclesVy": "{(EgoVehicle↦1.0459402948617935),(Vehicles2↦-1.0459495335817337),(Vehicles3↦-1.0459402948617935),(Vehicles4↦-1.0459402948617935),(Vehicles5↦-1.0459402948617935)}",
        "VehiclesX": "{(EgoVehicle↦200.0),(Vehicles2↦-4.633069038391113),(Vehicles3↦16.468384861946106),(Vehicles4↦44.89525854587555),(Vehicles5↦76.95730924606323)}"
      },
      "probabilisticVariables": null,
      "activating": [
        "SLOWER_8"
      ],
      "activatingOnlyWhenExecuted": true,
      "updating": null,
      "withPredicate": null
    },
    {
      "id": "SLOWER_8",
      "execute": "SLOWER",
      "after": "1000",
      "priority": 0,
      "additionalGuards": null,
      "activationKind": null,
      "fixedVariables": {
        "Crash": "FALSE",
        "VehiclesAy": "{(EgoVehicle↦-1.0219714627601206),(Vehicles2↦1.0219807014800608),(Vehicles3↦1.0219714627601206),(Vehicles4↦1.0219714627601206),(Vehicles5↦-1.0699091269634664)}",
        "Reward": "0.8842239718202455",
        "VehiclesAx": "{(EgoVehicle↦-4.323163032531738),(Vehicles2↦3.279435634613037),(Vehicles3↦4.879258871078491),(Vehicles4↦6.154325306415558),(Vehicles5↦1.278301477432251)}",
        "VehiclesVx": "{(EgoVehicle↦25.658400058746338),(Vehicles2↦-6.215829253196716),(Vehicles3↦-5.604575872421265),(Vehicles4↦-3.7159547209739685),(Vehicles5↦-6.73547089099884)}",
        "VehiclesY": "{(EgoVehicle↦7.992896318435669),(Vehicles2↦0.0071036797016859055),(Vehicles3↦-3.9928961992263794),(Vehicles4↦-7.992896318435669),(Vehicles5↦0.0071036797016859055)}",
        "VehiclesVy": "{(EgoVehicle↦0.023968832101672888),(Vehicles2↦-0.023968832101672888),(Vehicles3↦-0.023968832101672888),(Vehicles4↦-0.023968832101672888),(Vehicles5↦-0.023968832101672888)}",
        "VehiclesX": "{(EgoVehicle↦200.0),(Vehicles2↦8.340661227703094),(Vehicles3↦37.379834055900574),(Vehicles4↦71.31261229515076),(Vehicles5↦81.37645125389099)}"
      },
      "probabilisticVariables": null,
      "activating": [
        "LANE_LEFT_9"
      ],
      "activatingOnlyWhenExecuted": true,
      "updating": null,
      "withPredicate": null
    },
    {
      "id": "LANE_LEFT_9",
      "execute": "LANE_LEFT",
      "after": "1000",
      "priority": 0,
      "additionalGuards": null,
      "activationKind": null,
      "fixedVariables": {
        "Crash": "FALSE",
        "VehiclesAy": "{(EgoVehicle↦-1.1150188161991537),(Vehicles2↦1.1150188161991537),(Vehicles3↦1.1150188161991537),(Vehicles4↦1.1150188161991537),(Vehicles5↦1.0670811519958079)}",
        "Reward": "0.8350124658126724",
        "VehiclesAx": "{(EgoVehicle↦-0.5954337120056152),(Vehicles2↦0.5548322200775146),(Vehicles3↦0.5557554960250854),(Vehicles4↦0.5733668804168701),(Vehicles5↦0.5837875604629517)}",
        "VehiclesVx": "{(EgoVehicle↦25.062966346740723),(Vehicles2↦-5.660997033119202),(Vehicles3↦-5.048820376396179),(Vehicles4↦-3.1425878405570984),(Vehicles5↦-6.151683330535889)}",
        "VehiclesY": "{(EgoVehicle↦4.3446067571640015),(Vehicles2↦3.655393123626709),(Vehicles3↦-0.3446068614721298),(Vehicles4↦-4.3446067571640015),(Vehicles5↦3.655393123626709)}",
        "VehiclesVy": "{(EgoVehicle↦-1.0910499840974808),(Vehicles2↦1.0910499840974808),(Vehicles3↦1.0910499840974808),(Vehicles4↦1.0910499840974808),(Vehicles5↦1.0910499840974808)}",
        "VehiclesX": "{(EgoVehicle↦200.0),(Vehicles2↦2.7356598526239395),(Vehicles3↦32.38626718521118),(Vehicles4↦68.21568012237549),(Vehicles5↦75.2619206905365)}"
      },
      "probabilisticVariables": null,
      "activating": [
        "FASTER_10"
      ],
      "activatingOnlyWhenExecuted": true,
      "updating": null,
      "withPredicate": null
    },
    {
      "id": "FASTER_10",
      "execute": "FASTER",
      "after": "1000",
      "priority": 0,
      "additionalGuards": null,
      "activationKind": null,
      "fixedVariables": {
        "Crash": "FALSE",
        "VehiclesAy": "{(EgoVehicle↦1.0634771478362381),(Vehicles2↦-1.0634771478362381),(Vehicles3↦-1.0634771478362381),(Vehicles4↦-1.0634771478362381),(Vehicles5↦1.1186228203587234)}",
        "Reward": "0.9494124979945223",
        "VehiclesAx": "{(EgoVehicle↦4.290001392364502),(Vehicles2↦-4.32017982006073),(Vehicles3↦-4.31757390499115),(Vehicles4↦-4.310373961925507),(Vehicles5↦-4.276378154754639)}",
        "VehiclesVx": "{(EgoVehicle↦29.352967739105225),(Vehicles2↦-9.981176853179932),(Vehicles3↦-9.366394281387329),(Vehicles4↦-7.452961802482605),(Vehicles5↦-10.428061485290527)}",
        "VehiclesY": "{(EgoVehicle↦4.006620526313782),(Vehicles2↦3.9933793544769287),(Vehicles3↦-0.0066206613555550575),(Vehicles4↦-4.006620526313782),(Vehicles5↦3.9933793544769287)}",
        "VehiclesVy": "{(EgoVehicle↦-0.027572836261242628),(Vehicles2↦0.027572836261242628),(Vehicles3↦0.027572836261242628),(Vehicles4↦0.027572836261242628),(Vehicles5↦0.027572836261242628)}",
        "VehiclesX": "{(EgoVehicle↦200.0),(Vehicles2↦-5.311564356088638),(Vehicles3↦24.952177703380585),(Vehicles4↦62.69140839576721),(Vehicles5↦66.74060225486755)}"
      },
      "probabilisticVariables": null,
      "activating": [
        "LANE_LEFT_11"
      ],
      "activatingOnlyWhenExecuted": true,
      "updating": null,
      "withPredicate": null
    },
    {
      "id": "LANE_LEFT_11",
      "execute": "LANE_LEFT",
      "after": "1000",
      "priority": 0,
      "additionalGuards": null,
      "activationKind": null,
      "fixedVariables": {
        "Crash": "FALSE",
        "VehiclesAy": "{(EgoVehicle↦-0.9908198309130967),(Vehicles2↦0.9908198309130967),(Vehicles3↦0.9908198309130967),(Vehicles4↦0.9908198309130967),(Vehicles5↦1.045965503435582)}",
        "Reward": "0.9305988341925194",
        "VehiclesAx": "{(EgoVehicle↦0.5444884300231934),(Vehicles2↦0.051168203353881836),(Vehicles3↦1.349341869354248),(Vehicles4↦-3.4889107942581177),(Vehicles5↦0.13872027397155762)}",
        "VehiclesVx": "{(EgoVehicle↦29.897456169128418),(Vehicles2↦-9.93000864982605),(Vehicles3↦-8.017052412033081),(Vehicles4↦-10.941872596740723),(Vehicles5↦-10.28934121131897)}",
        "VehiclesY": "{(EgoVehicle↦0.29203835874795914),(Vehicles2↦3.7079615592956543),(Vehicles3↦-0.29203835874795914),(Vehicles4↦7.707961320877075),(Vehicles5↦3.7079615592956543)}",
        "VehiclesVy": "{(EgoVehicle↦-1.0183926671743393),(Vehicles2↦1.0183926671743393),(Vehicles3↦1.0183926671743393),(Vehicles4↦1.0183926671743393),(Vehicles5↦1.0183926671743393)}",
        "VehiclesX": "{(EgoVehicle↦200.0),(Vehicles2↦15.54926186800003),(Vehicles3↦55.202263593673706),(Vehicles4↦56.29539489746094),(Vehicles5↦84.40614938735962)}"
      },
      "probabilisticVariables": null,
      "activating": [
        "SLOWER_12"
      ],
      "activatingOnlyWhenExecuted": true,
      "updating": null,
      "withPredicate": null
    },
    {
      "id": "SLOWER_12",
      "execute": "SLOWER",
      "after": "1000",
      "priority": 0,
      "additionalGuards": null,
      "activationKind": null,
      "fixedVariables": {
        "Crash": "FALSE",
        "VehiclesAy": "{(EgoVehicle↦0.9950403356924653),(Vehicles2↦-0.9950403356924653),(Vehicles3↦-0.9950403356924653),(Vehicles4↦-0.9950403356924653),(Vehicles5↦1.0417449986562133)}",
        "Reward": "0.8172588078424302",
        "VehiclesAx": "{(EgoVehicle↦-4.250249862670898),(Vehicles2↦4.237179160118103),(Vehicles3↦1.367526650428772),(Vehicles4↦7.155709266662598),(Vehicles5↦4.302234053611755)}",
        "VehiclesVx": "{(EgoVehicle↦25.64720630645752),(Vehicles2↦-5.692829489707947),(Vehicles3↦-6.649525761604309),(Vehicles4↦-3.786163330078125),(Vehicles5↦-5.987107157707214)}",
        "VehiclesY": "{(EgoVehicle↦0.0069203597959131),(Vehicles2↦3.993079662322998),(Vehicles3↦7.993079423904419),(Vehicles4↦-0.0069203597959131),(Vehicles5↦3.993079662322998)}",
        "VehiclesVy": "{(EgoVehicle↦-0.02335233148187399),(Vehicles2↦0.02335233148187399),(Vehicles3↦0.02335233148187399),(Vehicles4↦0.02335233148187399),(Vehicles5↦0.02335233148187399)}",
        "VehiclesX": "{(EgoVehicle↦200.0),(Vehicles2↦7.953208684921265),(Vehicles3↦47.70922064781189),(Vehicles4↦49.517059326171875),(Vehicles5↦76.47733092308044)}"
      },
      "probabilisticVariables": null,
      "activating": [
        "FASTER_13"
      ],
      "activatingOnlyWhenExecuted": true,
      "updating": null,
      "withPredicate": null
    },
    {
      "id": "FASTER_13",
      "execute": "FASTER",
      "after": "1000",
      "priority": 0,
      "additionalGuards": null,
      "activationKind": null,
      "fixedVariables": {
        "Crash": "FALSE",
        "VehiclesAy": "{(EgoVehicle↦0.022878464951645583),(Vehicles2↦-0.022878464951645583),(Vehicles3↦-0.022878464951645583),(Vehicles4↦-0.022878464951645583),(Vehicles5↦0.023826198012102395)}",
        "Reward": "0.9180478363444134",
        "VehiclesAx": "{(EgoVehicle↦3.779587745666504),(Vehicles2↦-3.788190484046936),(Vehicles3↦-3.7299948930740356),(Vehicles4↦-3.7990105152130127),(Vehicles5↦-3.7299031019210815)}",
        "VehiclesVx": "{(EgoVehicle↦29.426794052124023),(Vehicles2↦-9.481019973754883),(Vehicles3↦-10.379520654678345),(Vehicles4↦-7.585173845291138),(Vehicles5↦-9.717010259628296)}",
        "VehiclesY": "{(EgoVehicle↦0.000109533553768415),(Vehicles2↦3.9998903274536133),(Vehicles3↦7.9998908042907715),(Vehicles4↦-0.000109533553768415),(Vehicles5↦3.9998903274536133)}",
        "VehiclesVy": "{(EgoVehicle↦-0.0004738665302284062),(Vehicles2↦0.0004738665302284062),(Vehicles3↦0.0004738665302284062),(Vehicles4↦0.0004738665302284062),(Vehicles5↦0.0004738665302284062)}",
        "VehiclesX": "{(EgoVehicle↦200.0),(Vehicles2↦0.1715829479508102),(Vehicles3↦38.99401128292084),(Vehicles4↦43.63809525966644),(Vehicles5↦68.42527985572815)}"
      },
      "probabilisticVariables": null,
      "activating": [
        "FASTER_14"
      ],
      "activatingOnlyWhenExecuted": true,
      "updating": null,
      "withPredicate": null
    },
    {
      "id": "FASTER_14",
      "execute": "FASTER",
      "after": "1000",
      "priority": 0,
      "additionalGuards": null,
      "activationKind": null,
      "fixedVariables": {
        "Crash": "FALSE",
        "VehiclesAy": "{(EgoVehicle↦0.0004733015188662648),(Vehicles2↦-0.0004733015188662648),(Vehicles3↦-0.0004733015188662648),(Vehicles4↦-0.0004733015188662648),(Vehicles5↦0.00047443154159054757)}",
        "Reward": "0.9313204283934581",
        "VehiclesAx": "{(EgoVehicle↦0.4977226257324219),(Vehicles2↦-0.5029255151748657),(Vehicles3↦-0.4433882236480713),(Vehicles4↦-0.5173712968826294),(Vehicles5↦-0.45110464096069336)}",
        "VehiclesVx": "{(EgoVehicle↦29.924516677856445),(Vehicles2↦-9.983945488929749),(Vehicles3↦-10.822908878326416),(Vehicles4↦-8.102545142173767),(Vehicles5↦-10.16811490058899)}",
        "VehiclesY": "{(EgoVehicle↦-3.4260065717717225E-07),(Vehicles2↦4.000000476837158),(Vehicles3↦8.000000238418579),(Vehicles4↦3.4260065717717225E-07),(Vehicles5↦4.000000476837158)}",
        "VehiclesVy": "{(EgoVehicle↦-5.650113621413766E-07),(Vehicles2↦5.650113621413766E-07),(Vehicles3↦5.650113621413766E-07),(Vehicles4↦5.650113621413766E-07),(Vehicles5↦5.650113621413766E-07)}",
        "VehiclesX": "{(EgoVehicle↦200.0),(Vehicles2↦-9.586329758167267),(Vehicles3↦28.361359238624573),(Vehicles4↦35.770511627197266),(Vehicles5↦58.452606201171875)}"
      },
      "probabilisticVariables": null,
      "activating": [
        "SLOWER_15"
      ],
      "activatingOnlyWhenExecuted": true,
      "updating": null,
      "withPredicate": null
    },
    {
      "id": "SLOWER_15",
      "execute": "SLOWER",
      "after": "1000",
      "priority": 0,
      "additionalGuards": null,
      "activationKind": null,
      "fixedVariables": {
        "Crash": "FALSE",
        "VehiclesAy": "{(EgoVehicle↦6.991624168506405E-07),(Vehicles2↦-6.991624168506405E-07),(Vehicles3↦-6.991624168506405E-07),(Vehicles4↦-6.991624168506405E-07),(Vehicles5↦4.308603074321127E-07)}",
        "Reward": "0.8172932251382332",
        "VehiclesAx": "{(EgoVehicle↦-4.276020526885986),(Vehicles2↦3.4941834211349487),(Vehicles3↦6.976415514945984),(Vehicles4↦2.253749966621399),(Vehicles5↦4.145284295082092)}",
        "VehiclesVx": "{(EgoVehicle↦25.64849615097046),(Vehicles2↦-6.4897620677948),(Vehicles3↦-3.846493363380432),(Vehicles4↦-5.848795175552368),(Vehicles5↦-6.022830605506897)}",
        "VehiclesY": "{(EgoVehicle↦-4.348509285989621E-08),(Vehicles2↦8.000000238418579),(Vehicles3↦4.3485090195360954E-08),(Vehicles4↦4.0000001192092896),(Vehicles5↦8.000000238418579)}",
        "VehiclesVy": "{(EgoVehicle↦1.3415105470926392E-07),(Vehicles2↦-1.3415105470926392E-07),(Vehicles3↦-1.3415105470926392E-07),(Vehicles4↦-1.3415105470926392E-07),(Vehicles5↦-1.3415105470926392E-07)}",
        "VehiclesX": "{(EgoVehicle↦200.0),(Vehicles2↦19.920045137405396),(Vehicles3↦30.018910765647888),(Vehicles4↦50.66097974777222),(Vehicles5↦75.11981129646301)}"
      },
      "probabilisticVariables": null,
      "activating": [
        "IDLE_16"
      ],
      "activatingOnlyWhenExecuted": true,
      "updating": null,
      "withPredicate": null
    },
    {
      "id": "IDLE_16",
      "execute": "IDLE",
      "after": "1000",
      "priority": 0,
      "additionalGuards": null,
      "activationKind": null,
      "fixedVariables": {
        "Crash": "FALSE",
        "VehiclesAy": "{(EgoVehicle↦-1.2916240521576583E-07),(Vehicles2↦1.2916240521576583E-07),(Vehicles3↦1.2916240521576583E-07),(Vehicles4↦1.2916240521576583E-07),(Vehicles5↦-1.39139704202762E-07)}",
        "Reward": "0.8022772971375453",
        "VehiclesAx": "{(EgoVehicle↦-0.5630970001220703),(Vehicles2↦0.6216400861740112),(Vehicles3↦0.5427610874176025),(Vehicles4↦0.6031185388565063),(Vehicles5↦0.6325423717498779)}",
        "VehiclesVx": "{(EgoVehicle↦25.08539915084839),(Vehicles2↦-5.868121981620789),(Vehicles3↦-3.3037322759628296),(Vehicles4↦-5.245676636695862),(Vehicles5↦-5.390288233757019)}",
        "VehiclesY": "{(EgoVehicle↦-1.510832792206429E-09),(Vehicles2↦8.000000238418579),(Vehicles3↦1.5108314599387995E-09),(Vehicles4↦4.0000001192092896),(Vehicles5↦8.000000238418579)}",
        "VehiclesVy": "{(EgoVehicle↦4.988649493498087E-09),(Vehicles2↦-4.988649493498087E-09),(Vehicles3↦-4.988649493498087E-09),(Vehicles4↦-4.988649493498087E-09),(Vehicles5↦-4.988649493498087E-09)}",
        "VehiclesX": "{(EgoVehicle↦200.0),(Vehicles2↦13.764268159866333),(Vehicles3↦26.474949717521667),(Vehicles4↦45.13908624649048),(Vehicles5↦69.43554878234863)}"
      },
      "probabilisticVariables": null,
      "activating": [
        "FASTER_17"
      ],
      "activatingOnlyWhenExecuted": true,
      "updating": null,
      "withPredicate": null
    },
    {
      "id": "FASTER_17",
      "execute": "FASTER",
      "after": "1000",
      "priority": 0,
      "additionalGuards": null,
      "activationKind": null,
      "fixedVariables": {
        "Crash": "FALSE",
        "VehiclesAy": "{(EgoVehicle↦-4.877716008877542E-09),(Vehicles2↦4.877716008877542E-09),(Vehicles3↦4.877716008877542E-09),(Vehicles4↦4.877716008877542E-09),(Vehicles5↦-5.099582978118633E-09)}",
        "Reward": "0.9160749252746286",
        "VehiclesAx": "{(EgoVehicle↦4.267411231994629),(Vehicles2↦-4.2084187269210815),(Vehicles3↦-4.2881375551223755),(Vehicles4↦-4.230486750602722),(Vehicles5↦-4.200059771537781)}",
        "VehiclesVx": "{(EgoVehicle↦29.352810382843018),(Vehicles2↦-10.07654070854187),(Vehicles3↦-7.591869831085205),(Vehicles4↦-9.476163387298584),(Vehicles5↦-9.5903480052948)}",
        "VehiclesY": "{(EgoVehicle↦-2.6057822566372124E-11),(Vehicles2↦8.000000238418579),(Vehicles3↦2.6056490298742574E-11),(Vehicles4↦4.0000001192092896),(Vehicles5↦8.000000238418579)}",
        "VehiclesVy": "{(EgoVehicle↦1.1093348462054564E-10),(Vehicles2↦-1.1093348462054564E-10),(Vehicles3↦-1.1093348462054564E-10),(Vehicles4↦-1.1093348462054564E-10),(Vehicles5↦-1.1093348462054564E-10)}",
        "VehiclesX": "{(EgoVehicle↦200.0),(Vehicles2↦5.56558296084404),(Vehicles3↦20.808805525302887),(Vehicles4↦37.554264068603516),(Vehicles5↦61.71822547912598)}"
      },
      "probabilisticVariables": null,
      "activating": [
        "SLOWER_18"
      ],
      "activatingOnlyWhenExecuted": true,
      "updating": null,
      "withPredicate": null
    },
    {
      "id": "SLOWER_18",
      "execute": "SLOWER",
      "after": "1000",
      "priority": 0,
      "additionalGuards": null,
      "activationKind": null,
      "fixedVariables": {
        "Crash": "FALSE",
        "VehiclesAy": "{(EgoVehicle↦-1.1000977906405751E-10),(Vehicles2↦1.1000977906405751E-10),(Vehicles3↦1.1000977906405751E-10),(Vehicles4↦1.1000977906405751E-10),(Vehicles5↦-1.1185719017703377E-10)}",
        "Reward": "0.8152855868674408",
        "VehiclesAx": "{(EgoVehicle↦-3.77960205078125),(Vehicles2↦3.8383662700653076),(Vehicles3↦3.7584739923477173),(Vehicles4↦3.8136762380599976),(Vehicles5↦3.8445615768432617)}",
        "VehiclesVx": "{(EgoVehicle↦25.573208332061768),(Vehicles2↦-6.2381744384765625),(Vehicles3↦-3.833395838737488),(Vehicles4↦-5.662487149238586),(Vehicles5↦-5.745786428451538)}",
        "VehiclesY": "{(EgoVehicle↦-2.3581137043038325E-13),(Vehicles2↦8.000000238418579),(Vehicles3↦2.3714363805993344E-13),(Vehicles4↦4.0000001192092896),(Vehicles5↦8.000000238418579)}",
        "VehiclesVy": "{(EgoVehicle↦9.237055564881302E-13),(Vehicles2↦-9.237055564881302E-13),(Vehicles3↦-9.237055564881302E-13),(Vehicles4↦-9.237055564881302E-13),(Vehicles5↦-9.237055564881302E-13)}",
        "VehiclesX": "{(EgoVehicle↦200.0),(Vehicles2↦-2.4023622274398804),(Vehicles3↦15.293566882610321),(Vehicles4↦30.176997184753418),(Vehicles5↦54.23911213874817)}"
      },
      "probabilisticVariables": null,
      "activating": [
        "SLOWER_19"
      ],
      "activatingOnlyWhenExecuted": true,
      "updating": null,
      "withPredicate": null
    },
    {
      "id": "SLOWER_19",
      "execute": "SLOWER",
      "after": "1000",
      "priority": 0,
      "additionalGuards": null,
      "activationKind": null,
      "fixedVariables": {
        "Crash": "FALSE",
        "VehiclesAy": "{(EgoVehicle↦-8.881784197001252E-13),(Vehicles2↦8.970602038971265E-13),(Vehicles3↦8.970602038971265E-13),(Vehicles4↦8.970602038971265E-13),(Vehicles5↦-9.50350909079134E-13)}",
        "Reward": "0.6862378824955752",
        "VehiclesAx": "{(EgoVehicle↦-4.839286804199219),(Vehicles2↦4.897363781929016),(Vehicles3↦4.817763864994049),(Vehicles4↦4.870784357190132),(Vehicles5↦4.90174263715744)}",
        "VehiclesVx": "{(EgoVehicle↦20.73392152786255),(Vehicles2↦-1.3408106565475464),(Vehicles3↦0.9843680262565613),(Vehicles4↦-0.7917027920484543),(Vehicles5↦-0.8440437912940979)}",
        "VehiclesY": "{(EgoVehicle↦-9.325873406851315E-15),(Vehicles2↦8.000000238418579),(Vehicles3↦7.993605777301127E-15),(Vehicles4↦4.0000001192092896),(Vehicles5↦8.000000238418579)}",
        "VehiclesVy": "{(EgoVehicle↦3.552713678800501E-14),(Vehicles2↦-2.6645352591003757E-14),(Vehicles3↦-2.6645352591003757E-14),(Vehicles4↦-2.6645352591003757E-14),(Vehicles5↦-2.6645352591003757E-14)}",
        "VehiclesX": "{(EgoVehicle↦200.0),(Vehicles2↦-5.947600677609444),(Vehicles3↦14.121228456497192),(Vehicles4↦27.196940779685974),(Vehicles5↦51.18814706802368)}"
      },
      "probabilisticVariables": null,
      "activating": [
        "FASTER_20"
      ],
      "activatingOnlyWhenExecuted": true,
      "updating": null,
      "withPredicate": null
    },
    {
      "id": "FASTER_20",
      "execute": "FASTER",
      "after": "1000",
      "priority": 0,
      "additionalGuards": null,
      "activationKind": null,
      "fixedVariables": {
        "Crash": "FALSE",
        "VehiclesAy": "{(EgoVehicle↦-3.552713678800501E-14),(Vehicles2↦2.6645352591003757E-14),(Vehicles3↦2.6645352591003757E-14),(Vehicles4↦2.6645352591003757E-14),(Vehicles5↦-2.6645352591003757E-14)}",
        "Reward": "0.78501898041094",
        "VehiclesAx": "{(EgoVehicle↦3.7042903900146484),(Vehicles2↦-3.647224009037018),(Vehicles3↦-3.7262097001075745),(Vehicles4↦-3.6751139909029007),(Vehicles5↦-3.64435613155365)}",
        "VehiclesVx": "{(EgoVehicle↦24.438211917877197),(Vehicles2↦-4.988034665584564),(Vehicles3↦-2.741841673851013),(Vehicles4↦-4.466816782951355),(Vehicles5↦-4.488399922847748)}",
        "VehiclesY": "{(EgoVehicle↦-1.3322676295501878E-15),(Vehicles2↦8.000000238418579),(Vehicles3↦2.6645352591003757E-15),(Vehicles4↦4.0000001192092896),(Vehicles5↦8.000000238418579)}",
        "VehiclesVy": "{(EgoVehicle↦0.0),(Vehicles2↦0.0),(Vehicles3↦0.0),(Vehicles4↦0.0),(Vehicles5↦0.0)}",
        "VehiclesX": "{(EgoVehicle↦200.0),(Vehicles2↦-9.30899903178215),(Vehicles3↦13.053356111049652),(Vehicles4↦24.373579025268555),(Vehicles5↦48.324769735336304)}"
      },
      "probabilisticVariables": null,
      "activating": [
        "SLOWER_21"
      ],
      "activatingOnlyWhenExecuted": true,
      "updating": null,
      "withPredicate": null
    },
    {
      "id": "SLOWER_21",
      "execute": "SLOWER",
      "after": "1000",
      "priority": 0,
      "additionalGuards": null,
      "activationKind": null,
      "fixedVariables": {
        "Crash": "FALSE",
        "VehiclesAy": "{(EgoVehicle↦0.0),(Vehicles2↦0.0),(Vehicles3↦0.0),(Vehicles4↦0.0),(Vehicles5↦0.0)}",
        "Reward": "0.6822521565424556",
        "VehiclesAx": "{(EgoVehicle↦-3.853754997253418),(Vehicles2↦6.077646315097809),(Vehicles3↦2.1558867394924164),(Vehicles4↦3.8896409422159195),(Vehicles5↦4.294221252202988)}",
        "VehiclesVx": "{(EgoVehicle↦20.58445692062378),(Vehicles2↦1.0896116495132446),(Vehicles3↦-0.5859549343585968),(Vehicles4↦-0.5771758407354355),(Vehicles5↦-0.19417867064476013)}",
        "VehiclesY": "{(EgoVehicle↦0.0),(Vehicles2↦0.0),(Vehicles3↦4.0000001192092896),(Vehicles4↦8.000000238418579),(Vehicles5↦4.0000001192092896)}",
        "VehiclesVy": "{(EgoVehicle↦0.0),(Vehicles2↦0.0),(Vehicles3↦0.0),(Vehicles4↦0.0),(Vehicles5↦0.0)}",
        "VehiclesX": "{(EgoVehicle↦200.0),(Vehicles2↦12.428580969572067),(Vehicles3↦22.04371988773346),(Vehicles4↦45.98551094532013),(Vehicles5↦87.78654932975769)}"
      },
      "probabilisticVariables": null,
      "activating": [
        "LANE_RIGHT_22"
      ],
      "activatingOnlyWhenExecuted": true,
      "updating": null,
      "withPredicate": null
    },
    {
      "id": "LANE_RIGHT_22",
      "execute": "LANE_RIGHT",
      "after": "1000",
      "priority": 0,
      "additionalGuards": null,
      "activationKind": null,
      "fixedVariables": {
        "Crash": "FALSE",
        "VehiclesAy": "{(EgoVehicle↦1.1562572419643402),(Vehicles2↦-1.1562572419643402),(Vehicles3↦-1.1562572419643402),(Vehicles4↦-1.1562572419643402),(Vehicles5↦-1.1562572419643402)}",
        "Reward": "0.701163802287518",
        "VehiclesAx": "{(EgoVehicle↦-0.5408143997192383),(Vehicles2↦0.5181393027305603),(Vehicles3↦0.5660729529336095),(Vehicles4↦0.5959011137019843),(Vehicles5↦0.5441025644540787)}",
        "VehiclesVx": "{(EgoVehicle↦20.04364252090454),(Vehicles2↦1.607750952243805),(Vehicles3↦-0.019881981424987316),(Vehicles4↦0.0187252729665488),(Vehicles5↦0.34992389380931854)}",
        "VehiclesY": "{(EgoVehicle↦3.599557042121887),(Vehicles2↦-3.599557042121887),(Vehicles3↦0.40044285356998444),(Vehicles4↦4.400442838668823),(Vehicles5↦0.40044285356998444)}",
        "VehiclesVy": "{(EgoVehicle↦1.1562572419643402),(Vehicles2↦-1.1562572419643402),(Vehicles3↦-1.1562572419643402),(Vehicles4↦-1.1562572419643402),(Vehicles5↦-1.1562572419643402)}",
        "VehiclesX": "{(EgoVehicle↦200.0),(Vehicles2↦14.16671872138977),(Vehicles3↦22.125573456287384),(Vehicles4↦46.0881233215332),(Vehicles5↦88.25121521949768)}"
      },
      "probabilisticVariables": null,
      "activating": [
        "LANE_RIGHT_23"
      ],
      "activatingOnlyWhenExecuted": true,
      "updating": null,
      "withPredicate": null
    },
    {
      "id": "LANE_RIGHT_23",
      "execute": "LANE_RIGHT",
      "after": "1000",
      "priority": 0,
      "additionalGuards": null,
      "activationKind": null,
      "fixedVariables": {
        "Crash": "FALSE",
        "VehiclesAy": "{(EgoVehicle↦0.06290934979915619),(Vehicles2↦-0.06290934979915619),(Vehicles3↦-0.06290934979915619),(Vehicles4↦-0.06290934979915619),(Vehicles5↦-2.3754238337278366)}",
        "Reward": "0.7333333333333334",
        "VehiclesAx": "{(EgoVehicle↦-0.07068157196044922),(Vehicles2↦0.04765152931213379),(Vehicles3↦0.09429758880287409),(Vehicles4↦0.12349379365332425),(Vehicles5↦0.07439859211444855)}",
        "VehiclesVx": "{(EgoVehicle↦19.972960948944092),(Vehicles2↦1.6554024815559387),(Vehicles3↦0.07441560737788677),(Vehicles4↦0.14221906661987305),(Vehicles5↦0.4243224859237671)}",
        "VehiclesY": "{(EgoVehicle↦7.578419208526611),(Vehicles2↦-7.578419208526611),(Vehicles3↦-3.5784194469451904),(Vehicles4↦0.4215805381536484),(Vehicles5↦-3.5784194469451904)}",
        "VehiclesVy": "{(EgoVehicle↦1.2191665917634964),(Vehicles2↦-1.2191665917634964),(Vehicles3↦-1.2191665917634964),(Vehicles4↦-1.2191665917634964),(Vehicles5↦-1.2191665917634964)}",
        "VehiclesX": "{(EgoVehicle↦200.0),(Vehicles2↦16.243483126163483),(Vehicles3↦22.593459486961365),(Vehicles4↦46.60634696483612),(Vehicles5↦89.08079266548157)}"
      },
      "probabilisticVariables": null,
      "activating": [
        "IDLE_24"
      ],
      "activatingOnlyWhenExecuted": true,
      "updating": null,
      "withPredicate": null
    },
    {
      "id": "IDLE_24",
      "execute": "IDLE",
      "after": "1000",
      "priority": 0,
      "additionalGuards": null,
      "activationKind": null,
      "fixedVariables": {
        "Crash": "FALSE",
        "VehiclesAy": "{(EgoVehicle↦-1.1428170604631305),(Vehicles2↦1.1428170604631305),(Vehicles3↦1.1428170604631305),(Vehicles4↦1.1428170604631305),(Vehicles5↦-1.2955161230638623)}",
        "Reward": "0.7333650393439995",
        "VehiclesAx": "{(EgoVehicle↦0.028228759765625),(Vehicles2↦-0.051598548889160156),(Vehicles3↦-0.006077354773879051),(Vehicles4↦0.022418182343244553),(Vehicles5↦-0.024106986820697784)}",
        "VehiclesVx": "{(EgoVehicle↦20.001189708709717),(Vehicles2↦1.6038039326667786),(Vehicles3↦0.06833825260400772),(Vehicles4↦0.1646372489631176),(Vehicles5↦0.4002154991030693)}",
        "VehiclesY": "{(EgoVehicle↦7.973711729049683),(Vehicles2↦-7.973711729049683),(Vehicles3↦-3.973711609840393),(Vehicles4↦0.02628830261528492),(Vehicles5↦-3.973711609840393)}",
        "VehiclesVy": "{(EgoVehicle↦0.07634953130036592),(Vehicles2↦-0.07634953130036592),(Vehicles3↦-0.07634953130036592),(Vehicles4↦-0.07634953130036592),(Vehicles5↦-0.07634953130036592)}",
        "VehiclesX": "{(EgoVehicle↦200.0),(Vehicles2↦17.86322444677353),(Vehicles3↦22.65050709247589),(Vehicles4↦46.74265384674072),(Vehicles5↦89.48039412498474)}"
      },
      "probabilisticVariables": null,
      "activating": [
        "IDLE_25"
      ],
      "activatingOnlyWhenExecuted": true,
      "updating": null,
      "withPredicate": null
    },
    {
      "id": "IDLE_25",
      "execute": "IDLE",
      "after": "1000",
      "priority": 0,
      "additionalGuards": null,
      "activationKind": null,
      "fixedVariables": {
        "Crash": "FALSE",
        "VehiclesAy": "{(EgoVehicle↦-0.07159894506912678),(Vehicles2↦0.07159894506912678),(Vehicles3↦0.07159894506912678),(Vehicles4↦0.07159894506912678),(Vehicles5↦-0.08110011753160506)}",
        "Reward": "0.7333380052915689",
        "VehiclesAx": "{(EgoVehicle↦-0.0010156631469726562),(Vehicles2↦-0.022676438093185425),(Vehicles3↦0.02185983583331108),(Vehicles4↦0.049607399851083755),(Vehicles5↦0.0055186450481414795)}",
        "VehiclesVx": "{(EgoVehicle↦20.000174045562744),(Vehicles2↦1.5811274945735931),(Vehicles3↦0.0901980884373188),(Vehicles4↦0.21424464881420135),(Vehicles5↦0.4057341441512108)}",
        "VehiclesY": "{(EgoVehicle↦7.998364448547363),(Vehicles2↦-7.998364448547363),(Vehicles3↦-3.9983643293380737),(Vehicles4↦0.001635630615055561),(Vehicles5↦-3.9983643293380737)}",
        "VehiclesVy": "{(EgoVehicle↦0.00475058623123914),(Vehicles2↦-0.00475058623123914),(Vehicles3↦-0.00475058623123914),(Vehicles4↦-0.00475058623123914),(Vehicles5↦-0.00475058623123914)}",
        "VehiclesX": "{(EgoVehicle↦200.0),(Vehicles2↦19.458094239234924),(Vehicles3↦22.72779941558838),(Vehicles4↦46.92740738391876),(Vehicles5↦89.88289833068848)}"
      },
      "probabilisticVariables": null,
      "activating": [
        "IDLE_26"
      ],
      "activatingOnlyWhenExecuted": true,
      "updating": null,
      "withPredicate": null
    },
    {
      "id": "IDLE_26",
      "execute": "IDLE",
      "after": "1000",
      "priority": 0,
      "additionalGuards": null,
      "activationKind": null,
      "fixedVariables": {
        "Crash": "FALSE",
        "VehiclesAy": "{(EgoVehicle↦-0.004455005982890725),(Vehicles2↦0.004455005982890725),(Vehicles3↦0.004455005982890725),(Vehicles4↦0.004455005982890725),(Vehicles5↦-0.005046166479587555)}",
        "Reward": "0.733333950493654",
        "VehiclesAx": "{(EgoVehicle↦-0.00015020370483398438),(Vehicles2↦-0.023837238550186157),(Vehicles3↦0.01983361318707466),(Vehicles4↦0.0468018464744091),(Vehicles5↦0.00501878559589386)}",
        "VehiclesVx": "{(EgoVehicle↦20.00002384185791),(Vehicles2↦1.557290256023407),(Vehicles3↦0.11003170162439346),(Vehicles4↦0.26104649528861046),(Vehicles5↦0.41075292974710464)}",
        "VehiclesY": "{(EgoVehicle↦7.9998979568481445),(Vehicles2↦-7.9998979568481445),(Vehicles3↦-3.9998981952667236),(Vehicles4↦0.000101768320746487),(Vehicles5↦-3.9998981952667236)}",
        "VehiclesVy": "{(EgoVehicle↦0.0002955802483484149),(Vehicles2↦-0.0002955802483484149),(Vehicles3↦-0.0002955802483484149),(Vehicles4↦-0.0002955802483484149),(Vehicles5↦-0.0002955802483484149)}",
        "VehiclesX": "{(EgoVehicle↦200.0),(Vehicles2↦21.02973312139511),(Vehicles3↦22.826041281223297),(Vehicles4↦47.160544991493225),(Vehicles5↦90.29063582420349)}"
      },
      "probabilisticVariables": null,
      "activating": [
        "IDLE_27"
      ],
      "activatingOnlyWhenExecuted": true,
      "updating": null,
      "withPredicate": null
    },
    {
      "id": "IDLE_27",
      "execute": "IDLE",
      "after": "1000",
      "priority": 0,
      "additionalGuards": null,
      "activationKind": null,
      "fixedVariables": {
        "Crash": "FALSE",
        "VehiclesAy": "{(EgoVehicle↦-0.0002771892877717619),(Vehicles2↦0.0002771892877717619),(Vehicles3↦0.0002771892877717619),(Vehicles4↦0.0002771892877717619),(Vehicles5↦-0.0003139712089250679)}",
        "Reward": "0.733333414612919",
        "VehiclesAx": "{(EgoVehicle↦-2.1457672119140625E-05),(Vehicles2↦-0.024244636297225952),(Vehicles3↦0.018661152571439743),(Vehicles4↦0.044830627739429474),(Vehicles5↦0.005227252840995789)}",
        "VehiclesVx": "{(EgoVehicle↦20.00000238418579),(Vehicles2↦1.533045619726181),(Vehicles3↦0.1286928541958332),(Vehicles4↦0.30587712302803993),(Vehicles5↦0.41598018258810043)}",
        "VehiclesY": "{(EgoVehicle↦7.999993801116943),(Vehicles2↦-7.999993801116943),(Vehicles3↦-3.999993681907654),(Vehicles4↦6.332008751996909E-06),(Vehicles5↦-3.999993681907654)}",
        "VehiclesVy": "{(EgoVehicle↦1.8390960576653015E-05),(Vehicles2↦-1.8390960576653015E-05),(Vehicles3↦-1.8390960576653015E-05),(Vehicles4↦-1.8390960576653015E-05),(Vehicles5↦-1.8390960576653015E-05)}",
        "VehiclesX": "{(EgoVehicle↦200.0),(Vehicles2↦22.577349841594696),(Vehicles3↦22.94362038373947),(Vehicles4↦47.43967056274414),(Vehicles5↦90.70345163345337)}"
      },
      "probabilisticVariables": null,
      "activating": [
        "IDLE_28"
      ],
      "activatingOnlyWhenExecuted": true,
      "updating": null,
      "withPredicate": null
    },
    {
      "id": "IDLE_28",
      "execute": "IDLE",
      "after": "1000",
      "priority": 0,
      "additionalGuards": null,
      "activationKind": null,
      "fixedVariables": {
        "Crash": "FALSE",
        "VehiclesAy": "{(EgoVehicle↦-1.724667733071783E-05),(Vehicles2↦1.724667733071783E-05),(Vehicles3↦1.724667733071783E-05),(Vehicles4↦1.724667733071783E-05),(Vehicles5↦-1.95352438225882E-05)}",
        "Reward": "0.7333333440368467",
        "VehiclesAx": "{(EgoVehicle↦-2.384185791015625E-06),(Vehicles2↦-1.3866402208805084),(Vehicles3↦1.3798403553664684),(Vehicles4↦0.04307309165596962),(Vehicles5↦0.005528703331947327)}",
        "VehiclesVx": "{(EgoVehicle↦20.0),(Vehicles2↦0.1464053988456726),(Vehicles3↦1.5085332095623016),(Vehicles4↦0.34895021468400955),(Vehicles5↦0.42150888592004776)}",
        "VehiclesY": "{(EgoVehicle↦7.999999523162842),(Vehicles2↦-3.999999761581421),(Vehicles3↦-7.999999523162842),(Vehicles4↦3.9397677653596475E-07),(Vehicles5↦-3.999999761581421)}",
        "VehiclesVy": "{(EgoVehicle↦1.1442832459351848E-06),(Vehicles2↦-1.1442832459351848E-06),(Vehicles3↦-1.1442832459351848E-06),(Vehicles4↦-1.1442832459351848E-06),(Vehicles5↦-1.1442832459351848E-06)}",
        "VehiclesX": "{(EgoVehicle↦200.0),(Vehicles2↦23.079468309879303),(Vehicles3↦24.100609123706818),(Vehicles4↦47.76291251182556),(Vehicles5↦91.12161993980408)}"
      },
      "probabilisticVariables": null,
      "activating": [
        "FASTER_29"
      ],
      "activatingOnlyWhenExecuted": true,
      "updating": null,
      "withPredicate": null
    },
    {
      "id": "FASTER_29",
      "execute": "FASTER",
      "after": "1000",
      "priority": 0,
      "additionalGuards": null,
      "activationKind": null,
      "fixedVariables": {
        "Crash": "FALSE",
        "VehiclesAy": "{(EgoVehicle↦-1.0882827616853774E-06),(Vehicles2↦1.0882827616853774E-06),(Vehicles3↦1.0882827616853774E-06),(Vehicles4↦1.0882827616853774E-06),(Vehicles5↦-1.2002837301849922E-06)}",
        "Reward": "0.8491083690364025",
        "VehiclesAx": "{(EgoVehicle↦4.341564178466797),(Vehicles2↦-4.3246883153915405),(Vehicles3↦-4.366301745176315),(Vehicles4↦-4.300139732658863),(Vehicles5↦-4.335739947855473)}",
        "VehiclesVx": "{(EgoVehicle↦24.341564178466797),(Vehicles2↦-4.178282916545868),(Vehicles3↦-2.8577685356140137),(Vehicles4↦-3.9511895179748535),(Vehicles5↦-3.914231061935425)}",
        "VehiclesY": "{(EgoVehicle↦8.000000238418579),(Vehicles2↦-4.0000001192092896),(Vehicles3↦-8.000000238418579),(Vehicles4↦1.6907488742390342E-08),(Vehicles5↦-4.0000001192092896)}",
        "VehiclesVy": "{(EgoVehicle↦5.6000484249807414E-08),(Vehicles2↦-5.6000484249807414E-08),(Vehicles3↦-5.6000484249807414E-08),(Vehicles4↦-5.6000484249807414E-08),(Vehicles5↦-5.6000484249807414E-08)}",
        "VehiclesX": "{(EgoVehicle↦200.0),(Vehicles2↦20.837625861167908),(Vehicles3↦23.204202950000763),(Vehicles4↦45.73349952697754),(Vehicles5↦89.15037512779236)}"
      },
      "probabilisticVariables": null,
      "activating": [
        "FASTER_30"
      ],
      "activatingOnlyWhenExecuted": true,
      "updating": null,
      "withPredicate": null
    },
    {
      "id": "FASTER_30",
      "execute": "FASTER",
      "after": "1000",
      "priority": 0,
      "additionalGuards": null,
      "activationKind": null,
      "fixedVariables": {
        "Crash": "FALSE",
        "VehiclesAy": "{(EgoVehicle↦-5.473561159874407E-08),(Vehicles2↦5.473562048052827E-08),(Vehicles3↦5.473562048052827E-08),(Vehicles4↦5.473562048052827E-08),(Vehicles5↦-5.726534801908656E-08)}",
        "Reward": "0.9801294971570571",
        "VehiclesAx": "{(EgoVehicle↦4.913291931152344),(Vehicles2↦-4.8971667885780334),(Vehicles3↦-4.938223958015442),(Vehicles4↦-4.873427748680115),(Vehicles5↦-4.907192587852478)}",
        "VehiclesVx": "{(EgoVehicle↦29.25485610961914),(Vehicles2↦-9.075449705123901),(Vehicles3↦-7.795992493629456),(Vehicles4↦-8.824617266654968),(Vehicles5↦-8.821423649787903)}",
        "VehiclesY": "{(EgoVehicle↦8.000000238418579),(Vehicles2↦-4.0000001192092896),(Vehicles3↦-8.000000238418579),(Vehicles4↦2.971543011653921E-10),(Vehicles5↦-4.0000001192092896)}",
        "VehiclesVy": "{(EgoVehicle↦1.2648726510633423E-09),(Vehicles2↦-1.2648637692791453E-09),(Vehicles3↦-1.2648637692791453E-09),(Vehicles4↦-1.2648637692791453E-09),(Vehicles5↦-1.2648637692791453E-09)}",
        "VehiclesX": "{(EgoVehicle↦200.0),(Vehicles2↦13.955388963222504),(Vehicles3↦17.626014351844788),(Vehicles4↦39.08791542053223),(Vehicles5↦82.5281023979187)}"
      },
      "probabilisticVariables": null,
      "activating": [
        "LANE_RIGHT_31"
      ],
      "activatingOnlyWhenExecuted": true,
      "updating": null,
      "withPredicate": null
    },
    {
      "id": "LANE_RIGHT_31",
      "execute": "LANE_RIGHT",
      "after": "1000",
      "priority": 0,
      "additionalGuards": null,
      "activationKind": null,
      "fixedVariables": {
        "Crash": "FALSE",
        "VehiclesAy": "{(EgoVehicle↦-1.261959425846726E-09),(Vehicles2↦1.261950544062529E-09),(Vehicles3↦1.261950544062529E-09),(Vehicles4↦1.261950544062529E-09),(Vehicles5↦-1.2677769944957618E-09)}",
        "Reward": "0.997383308267596",
        "VehiclesAx": "{(EgoVehicle↦0.6470179557800293),(Vehicles2↦-0.631566047668457),(Vehicles3↦-0.6721127033233643),(Vehicles4↦-0.6086301803588867),(Vehicles5↦-0.6406623125076294)}",
        "VehiclesVx": "{(EgoVehicle↦29.90187406539917),(Vehicles2↦-9.707015752792358),(Vehicles3↦-8.46810519695282),(Vehicles4↦-9.433247447013855),(Vehicles5↦-9.462085962295532)}",
        "VehiclesY": "{(EgoVehicle↦8.000000238418579),(Vehicles2↦-4.0000001192092896),(Vehicles3↦-8.000000238418579),(Vehicles4↦-5.075939668586216E-13),(Vehicles5↦-4.0000001192092896)}",
        "VehiclesVy": "{(EgoVehicle↦2.9132252166164108E-12),(Vehicles2↦-2.9132252166164108E-12),(Vehicles3↦-2.9132252166164108E-12),(Vehicles4↦-2.9132252166164108E-12),(Vehicles5↦-2.9132252166164108E-12)}",
        "VehiclesX": "{(EgoVehicle↦200.0),(Vehicles2↦4.5292384922504425),(Vehicles3↦9.4630628824234),(Vehicles4↦29.92183566093445),(Vehicles5↦73.35226535797119)}"
      },
      "probabilisticVariables": null,
      "activating": [
        "SLOWER_32"
      ],
      "activatingOnlyWhenExecuted": true,
      "updating": null,
      "withPredicate": null
    },
    {
      "id": "SLOWER_32",
      "execute": "SLOWER",
      "after": "1000",
      "priority": 0,
      "additionalGuards": null,
      "activationKind": null,
      "fixedVariables": {
        "Crash": "FALSE",
        "VehiclesAy": "{(EgoVehicle↦-3.241851231905457E-12),(Vehicles2↦3.232969447708456E-12),(Vehicles3↦3.232969447708456E-12),(Vehicles4↦3.232969447708456E-12),(Vehicles5↦-2.5934809855243657E-12)}",
        "Reward": "0.8838803807869535",
        "VehiclesAx": "{(EgoVehicle↦-4.2563605308532715),(Vehicles2↦4.271203279495239),(Vehicles3↦4.231134355068207),(Vehicles4↦4.293347597122192),(Vehicles5↦4.262949824333191)}",
        "VehiclesVx": "{(EgoVehicle↦25.6455135345459),(Vehicles2↦-5.435812473297119),(Vehicles3↦-4.236970841884613),(Vehicles4↦-5.139899849891663),(Vehicles5↦-5.199136137962341)}",
        "VehiclesY": "{(EgoVehicle↦8.000000238418579),(Vehicles2↦-4.0000001192092896),(Vehicles3↦-8.000000238418579),(Vehicles4↦-1.0658141036401503E-13),(Vehicles5↦-4.0000001192092896)}",
        "VehiclesVy": "{(EgoVehicle↦-3.2862601528904634E-13),(Vehicles2↦3.197442310920451E-13),(Vehicles3↦3.197442310920451E-13),(Vehicles4↦3.197442310920451E-13),(Vehicles5↦3.197442310920451E-13)}",
        "VehiclesX": "{(EgoVehicle↦200.0),(Vehicles2↦-2.823735773563385),(Vehicles3↦3.3329345285892487),(Vehicles4↦22.851550579071045),(Vehicles5↦66.24085903167725)}"
      },
      "probabilisticVariables": null,
      "activating": [
        "SLOWER_33"
      ],
      "activatingOnlyWhenExecuted": true,
      "updating": null,
      "withPredicate": null
    },
    {
      "id": "SLOWER_33",
      "execute": "SLOWER",
      "after": "1000",
      "priority": 0,
      "additionalGuards": null,
      "activationKind": null,
      "fixedVariables": {
        "Crash": "FALSE",
        "VehiclesAy": "{(EgoVehicle↦3.1086244689504383E-13),(Vehicles2↦-3.019806626980426E-13),(Vehicles3↦-3.019806626980426E-13),(Vehicles4↦-3.019806626980426E-13),(Vehicles5↦3.375077994860476E-13)}",
        "Reward": "0.7531584589239335",
        "VehiclesAx": "{(EgoVehicle↦-4.902071952819824),(Vehicles2↦6.075592860579491),(Vehicles3↦3.717525638639927),(Vehicles4↦4.937731437385082),(Vehicles5↦4.908876866102219)}",
        "VehiclesVx": "{(EgoVehicle↦20.743441581726074),(Vehicles2↦0.6397803872823715),(Vehicles3↦-0.5194452032446861),(Vehicles4↦-0.20216841250658035),(Vehicles5↦-0.2902592718601227)}",
        "VehiclesY": "{(EgoVehicle↦8.000000238418579),(Vehicles2↦-8.000000238418579),(Vehicles3↦-4.0000001192092896),(Vehicles4↦-6.661338147750939E-15),(Vehicles5↦-4.0000001192092896)}",
        "VehiclesVy": "{(EgoVehicle↦-1.7763568394002505E-14),(Vehicles2↦1.7763568394002505E-14),(Vehicles3↦1.7763568394002505E-14),(Vehicles4↦1.7763568394002505E-14),(Vehicles5↦1.7763568394002505E-14)}",
        "VehiclesX": "{(EgoVehicle↦200.0),(Vehicles2↦1.790112815797329),(Vehicles3↦-5.549517273902893),(Vehicles4↦20.430289208889008),(Vehicles5↦63.748699426651)}"
      },
      "probabilisticVariables": null,
      "activating": [
        "IDLE_34"
      ],
      "activatingOnlyWhenExecuted": true,
      "updating": null,
      "withPredicate": null
    },
    {
      "id": "IDLE_34",
      "execute": "IDLE",
      "after": "1000",
      "priority": 0,
      "additionalGuards": null,
      "activationKind": null,
      "fixedVariables": {
        "Crash": "FALSE",
        "VehiclesAy": "{(EgoVehicle↦1.7763568394002505E-14),(Vehicles2↦-1.7763568394002505E-14),(Vehicles3↦-1.7763568394002505E-14),(Vehicles4↦-1.7763568394002505E-14),(Vehicles5↦1.7763568394002505E-14)}",
        "Reward": "0.7359440494604906",
        "VehiclesAx": "{(EgoVehicle↦-0.6455397605895996),(Vehicles2↦0.6201591342687607),(Vehicles3↦0.6593390554189682),(Vehicles4↦0.679939016699791),(Vehicles5↦0.6525405123829842)}",
        "VehiclesVx": "{(EgoVehicle↦20.097901821136475),(Vehicles2↦1.2599395215511322),(Vehicles3↦0.13989385217428207),(Vehicles4↦0.4777706041932106),(Vehicles5↦0.3622812405228615)}",
        "VehiclesY": "{(EgoVehicle↦8.000000238418579),(Vehicles2↦-8.000000238418579),(Vehicles3↦-4.0000001192092896),(Vehicles4↦0.0),(Vehicles5↦-4.0000001192092896)}",
        "VehiclesVy": "{(EgoVehicle↦0.0),(Vehicles2↦0.0),(Vehicles3↦0.0),(Vehicles4↦0.0),(Vehicles5↦0.0)}",
        "VehiclesX": "{(EgoVehicle↦200.0),(Vehicles2↦2.775862067937851),(Vehicles3↦-5.707287415862083),(Vehicles4↦20.598097145557404),(Vehicles5↦63.81734013557434)}"
      },
      "probabilisticVariables": null,
      "activating": [
        "IDLE_35"
      ],
      "activatingOnlyWhenExecuted": true,
      "updating": null,
      "withPredicate": null
    },
    {
      "id": "IDLE_35",
      "execute": "IDLE",
      "after": "1000",
      "priority": 0,
      "additionalGuards": null,
      "activationKind": null,
      "fixedVariables": {
        "Crash": "FALSE",
        "VehiclesAy": "{(EgoVehicle↦0.0),(Vehicles2↦0.0),(Vehicles3↦0.0),(Vehicles4↦0.0),(Vehicles5↦0.0)}",
        "Reward": "0.7336771313418479",
        "VehiclesAx": "{(EgoVehicle↦-0.08501052856445312),(Vehicles2↦0.05960509181022644),(Vehicles3↦0.09835809469223022),(Vehicles4↦0.11821042746305466),(Vehicles5↦0.09218607097864151)}",
        "VehiclesVx": "{(EgoVehicle↦20.01289129257202),(Vehicles2↦1.3195446133613586),(Vehicles3↦0.2382519468665123),(Vehicles4↦0.5959810316562653),(Vehicles5↦0.454467311501503)}",
        "VehiclesY": "{(EgoVehicle↦8.000000238418579),(Vehicles2↦-8.000000238418579),(Vehicles3↦-4.0000001192092896),(Vehicles4↦0.0),(Vehicles5↦-4.0000001192092896)}",
        "VehiclesVy": "{(EgoVehicle↦0.0),(Vehicles2↦0.0),(Vehicles3↦0.0),(Vehicles4↦0.0),(Vehicles5↦0.0)}",
        "VehiclesX": "{(EgoVehicle↦200.0),(Vehicles2↦4.072536528110504),(Vehicles3↦-5.5151235312223434),(Vehicles4↦21.13613784313202),(Vehicles5↦64.22937512397766)}"
      },
      "probabilisticVariables": null,
      "activating": [
        "IDLE_36"
      ],
      "activatingOnlyWhenExecuted": true,
      "updating": null,
      "withPredicate": null
    },
    {
      "id": "IDLE_36",
      "execute": "IDLE",
      "after": "1000",
      "priority": 0,
      "additionalGuards": null,
      "activationKind": null,
      "fixedVariables": {
        "Crash": "FALSE",
        "VehiclesAy": "{(EgoVehicle↦0.0),(Vehicles2↦0.0),(Vehicles3↦0.0),(Vehicles4↦0.0),(Vehicles5↦0.0)}",
        "Reward": "0.7333786071451541",
        "VehiclesAx": "{(EgoVehicle↦-0.01119375228881836),(Vehicles2↦-1.057158224284649),(Vehicles3↦1.0670976713299751),(Vehicles4↦0.043257102370262146),(Vehicles5↦0.018529705703258514)}",
        "VehiclesVx": "{(EgoVehicle↦20.001697540283203),(Vehicles2↦0.26238638907670975),(Vehicles3↦1.3053496181964874),(Vehicles4↦0.6392381340265274),(Vehicles5↦0.4729970172047615)}",
        "VehiclesY": "{(EgoVehicle↦8.000000238418579),(Vehicles2↦-4.0000001192092896),(Vehicles3↦-8.000000238418579),(Vehicles4↦0.0),(Vehicles5↦-4.0000001192092896)}",
        "VehiclesVy": "{(EgoVehicle↦0.0),(Vehicles2↦0.0),(Vehicles3↦0.0),(Vehicles4↦0.0),(Vehicles5↦0.0)}",
        "VehiclesX": "{(EgoVehicle↦200.0),(Vehicles2↦-5.265488848090172),(Vehicles3↦5.388098210096359),(Vehicles4↦21.75120860338211),(Vehicles5↦64.69294428825378)}"
      },
      "probabilisticVariables": null,
      "activating": [
        "FASTER_37"
      ],
      "activatingOnlyWhenExecuted": true,
      "updating": null,
      "withPredicate": null
    },
    {
      "id": "FASTER_37",
      "execute": "FASTER",
      "after": "1000",
      "priority": 0,
      "additionalGuards": null,
      "activationKind": null,
      "fixedVariables": {
        "Crash": "FALSE",
        "VehiclesAy": "{(EgoVehicle↦0.0),(Vehicles2↦0.0),(Vehicles3↦0.0),(Vehicles4↦0.0),(Vehicles5↦0.0)}",
        "Reward": "0.8491143296103357",
        "VehiclesAx": "{(EgoVehicle↦4.340090751647949),(Vehicles2↦-3.3224623277783394),(Vehicles3↦-5.370485335588455),(Vehicles4↦-4.30911011993885),(Vehicles5↦-4.332613535225391)}",
        "VehiclesVx": "{(EgoVehicle↦24.341788291931152),(Vehicles2↦-3.0600759387016296),(Vehicles3↦-4.065135717391968),(Vehicles4↦-3.669871985912323),(Vehicles5↦-3.85961651802063)}",
        "VehiclesY": "{(EgoVehicle↦8.000000238418579),(Vehicles2↦-8.000000238418579),(Vehicles3↦-4.0000001192092896),(Vehicles4↦0.0),(Vehicles5↦-4.0000001192092896)}",
        "VehiclesVy": "{(EgoVehicle↦0.0),(Vehicles2↦0.0),(Vehicles3↦0.0),(Vehicles4↦0.0),(Vehicles5↦0.0)}",
        "VehiclesX": "{(EgoVehicle↦200.0),(Vehicles2↦4.289058968424797),(Vehicles3↦-7.392295449972153),(Vehicles4↦20.008674263954163),(Vehicles5↦62.774670124053955)}"
      },
      "probabilisticVariables": null,
      "activating": [
        "IDLE_38"
      ],
      "activatingOnlyWhenExecuted": true,
      "updating": null,
      "withPredicate": null
    },
    {
      "id": "IDLE_38",
      "execute": "IDLE",
      "after": "1000",
      "priority": 0,
      "additionalGuards": null,
      "activationKind": null,
      "fixedVariables": {
        "Crash": "FALSE",
        "VehiclesAy": "{(EgoVehicle↦0.0),(Vehicles2↦0.0),(Vehicles3↦0.0),(Vehicles4↦0.0),(Vehicles5↦0.0)}",
        "Reward": "0.8643552477950512",
        "VehiclesAx": "{(EgoVehicle↦0.5715346336364746),(Vehicles2↦-0.5967769026756287),(Vehicles3↦-0.14632225036621094),(Vehicles4↦-0.7536783814430237),(Vehicles5↦-0.011422932147979736)}",
        "VehiclesVx": "{(EgoVehicle↦24.913322925567627),(Vehicles2↦-3.6568528413772583),(Vehicles3↦-4.211457967758179),(Vehicles4↦-4.423550367355347),(Vehicles5↦-3.8710394501686096)}",
        "VehiclesY": "{(EgoVehicle↦8.000000238418579),(Vehicles2↦-8.000000238418579),(Vehicles3↦0.0),(Vehicles4↦-4.0000001192092896),(Vehicles5↦0.0)}",
        "VehiclesVy": "{(EgoVehicle↦0.0),(Vehicles2↦0.0),(Vehicles3↦0.0),(Vehicles4↦0.0),(Vehicles5↦0.0)}",
        "VehiclesX": "{(EgoVehicle↦200.0),(Vehicles2↦0.9035850875079632),(Vehicles3↦16.035570204257965),(Vehicles4↦58.60279202461243),(Vehicles5↦81.61086440086365)}"
      },
      "probabilisticVariables": null,
      "activating": [
        "SLOWER_39"
      ],
      "activatingOnlyWhenExecuted": true,
      "updating": null,
      "withPredicate": null
    },
    {
      "id": "SLOWER_39",
      "execute": "SLOWER",
      "after": "1000",
      "priority": 0,
      "additionalGuards": null,
      "activationKind": null,
      "fixedVariables": {
        "Crash": "FALSE",
        "VehiclesAy": "{(EgoVehicle↦0.0),(Vehicles2↦0.0),(Vehicles3↦0.0),(Vehicles4↦0.0),(Vehicles5↦0.0)}",
        "Reward": "0.7505872479949587",
        "VehiclesAx": "{(EgoVehicle↦-4.266300201416016),(Vehicles2↦4.241190776228905),(Vehicles3↦4.29526649415493),(Vehicles4↦4.274008935317397),(Vehicles5↦4.2891352996230125)}",
        "VehiclesVx": "{(EgoVehicle↦20.64702272415161),(Vehicles2↦0.5843379348516464),(Vehicles3↦0.0838085263967514),(Vehicles4↦-0.14954143203794956),(Vehicles5↦0.4180958494544029)}",
        "VehiclesY": "{(EgoVehicle↦8.000000238418579),(Vehicles2↦-8.000000238418579),(Vehicles3↦0.0),(Vehicles4↦-4.0000001192092896),(Vehicles5↦0.0)}",
        "VehiclesVy": "{(EgoVehicle↦0.0),(Vehicles2↦0.0),(Vehicles3↦0.0),(Vehicles4↦0.0),(Vehicles5↦0.0)}",
        "VehiclesX": "{(EgoVehicle↦200.0),(Vehicles2↦-0.4097818862646818),(Vehicles3↦14.18931633234024),(Vehicles4↦56.535857915878296),(Vehicles5↦80.10256886482239)}"
      },
      "probabilisticVariables": null,
      "activating": [
        "IDLE_40"
      ],
      "activatingOnlyWhenExecuted": true,
      "updating": null,
      "withPredicate": null
    },
    {
      "id": "IDLE_40",
      "execute": "IDLE",
      "after": "1000",
      "priority": 0,
      "additionalGuards": null,
      "activationKind": null,
      "fixedVariables": {
        "Crash": "FALSE",
        "VehiclesAy": "{(EgoVehicle↦0.0),(Vehicles2↦0.0),(Vehicles3↦0.0),(Vehicles4↦0.0),(Vehicles5↦0.0)}",
        "Reward": "0.7356054537826009",
        "VehiclesAx": "{(EgoVehicle↦-0.5618190765380859),(Vehicles2↦0.5368814617395401),(Vehicles3↦0.5898477882146835),(Vehicles4↦0.5696199927479029),(Vehicles5↦0.5838711187243462)}",
        "VehiclesVx": "{(EgoVehicle↦20.085203647613525),(Vehicles2↦1.1212193965911865),(Vehicles3↦0.6736563146114349),(Vehicles4↦0.4200785607099533),(Vehicles5↦1.001966968178749)}",
        "VehiclesY": "{(EgoVehicle↦8.000000238418579),(Vehicles2↦-8.000000238418579),(Vehicles3↦0.0),(Vehicles4↦-4.0000001192092896),(Vehicles5↦0.0)}",
        "VehiclesVy": "{(EgoVehicle↦0.0),(Vehicles2↦0.0),(Vehicles3↦0.0),(Vehicles4↦0.0),(Vehicles5↦0.0)}",
        "VehiclesX": "{(EgoVehicle↦200.0),(Vehicles2↦0.4744976758956909),(Vehicles3↦14.594341814517975),(Vehicles4↦56.69936537742615),(Vehicles5↦80.83947896957397)}"
      },
      "probabilisticVariables": null,
      "activating": [
        "IDLE_41"
      ],
      "activatingOnlyWhenExecuted": true,
      "updating": null,
      "withPredicate": null
    },
    {
      "id": "IDLE_41",
      "execute": "IDLE",
      "after": "1000",
      "priority": 0,
      "additionalGuards": null,
      "activationKind": null,
      "fixedVariables": {
        "Crash": "FALSE",
        "VehiclesAy": "{(EgoVehicle↦0.0),(Vehicles2↦0.0),(Vehicles3↦0.0),(Vehicles4↦0.0),(Vehicles5↦0.0)}",
        "Reward": "0.7336325426106031",
        "VehiclesAx": "{(EgoVehicle↦-0.07398366928100586),(Vehicles2↦0.049261674284935),(Vehicles3↦0.10112188756465912),(Vehicles4↦0.0818663090467453),(Vehicles5↦0.09529523551464081)}",
        "VehiclesVx": "{(EgoVehicle↦20.01121997833252),(Vehicles2↦1.1704810708761215),(Vehicles3↦0.774778202176094),(Vehicles4↦0.5019448697566986),(Vehicles5↦1.09726220369339)}",
        "VehiclesY": "{(EgoVehicle↦8.000000238418579),(Vehicles2↦-8.000000238418579),(Vehicles3↦0.0),(Vehicles4↦-4.0000001192092896),(Vehicles5↦0.0)}",
        "VehiclesVy": "{(EgoVehicle↦0.0),(Vehicles2↦0.0),(Vehicles3↦0.0),(Vehicles4↦0.0),(Vehicles5↦0.0)}",
        "VehiclesX": "{(EgoVehicle↦200.0),(Vehicles2↦1.626623421907425),(Vehicles3↦15.319737792015076),(Vehicles4↦57.163405418395996),(Vehicles5↦81.89083933830261)}"
      },
      "probabilisticVariables": null,
      "activating": [
        "IDLE_42"
      ],
      "activatingOnlyWhenExecuted": true,
      "updating": null,
      "withPredicate": null
    },
    {
      "id": "IDLE_42",
      "execute": "IDLE",
      "after": "1000",
      "priority": 0,
      "additionalGuards": null,
      "activationKind": null,
      "fixedVariables": {
        "Crash": "FALSE",
        "VehiclesAy": "{(EgoVehicle↦0.0),(Vehicles2↦0.0),(Vehicles3↦0.0),(Vehicles4↦0.0),(Vehicles5↦0.0)}",
        "Reward": "0.7333727353780767",
        "VehiclesAx": "{(EgoVehicle↦-0.009741783142089844),(Vehicles2↦-0.0147266685962677),(Vehicles3↦0.03602854907512665),(Vehicles4↦0.0176909938454628),(Vehicles5↦0.030347183346748352)}",
        "VehiclesVx": "{(EgoVehicle↦20.00147819519043),(Vehicles2↦1.1557544022798538),(Vehicles3↦0.8108067512512207),(Vehicles4↦0.5196358636021614),(Vehicles5↦1.1276093870401382)}",
        "VehiclesY": "{(EgoVehicle↦8.000000238418579),(Vehicles2↦-8.000000238418579),(Vehicles3↦0.0),(Vehicles4↦-4.0000001192092896),(Vehicles5↦0.0)}",
        "VehiclesVy": "{(EgoVehicle↦0.0),(Vehicles2↦0.0),(Vehicles3↦0.0),(Vehicles4↦0.0),(Vehicles5↦0.0)}",
        "VehiclesX": "{(EgoVehicle↦200.0),(Vehicles2↦2.7926696464419365),(Vehicles3↦16.11047089099884),(Vehicles4↦57.67389535903931),(Vehicles5↦83.00177454948425)}"
      },
      "probabilisticVariables": null,
      "activating": [
        "IDLE_43"
      ],
      "activatingOnlyWhenExecuted": true,
      "updating": null,
      "withPredicate": null
    },
    {
      "id": "IDLE_43",
      "execute": "IDLE",
      "after": "1000",
      "priority": 0,
      "additionalGuards": null,
      "activationKind": null,
      "fixedVariables": {
        "Crash": "FALSE",
        "VehiclesAy": "{(EgoVehicle↦0.0),(Vehicles2↦0.0),(Vehicles3↦0.0),(Vehicles4↦0.0),(Vehicles5↦0.0)}",
        "Reward": "0.7333385220799662",
        "VehiclesAx": "{(EgoVehicle↦-0.0012826919555664062),(Vehicles2↦-0.022894367575645447),(Vehicles3↦0.026755183935165405),(Vehicles4↦0.009284652769565582),(Vehicles5↦0.021214857697486877)}",
        "VehiclesVx": "{(EgoVehicle↦20.000195503234863),(Vehicles2↦1.1328600347042084),(Vehicles3↦0.8375619351863861),(Vehicles4↦0.528920516371727),(Vehicles5↦1.1488242447376251)}",
        "VehiclesY": "{(EgoVehicle↦8.000000238418579),(Vehicles2↦-8.000000238418579),(Vehicles3↦0.0),(Vehicles4↦-4.0000001192092896),(Vehicles5↦0.0)}",
        "VehiclesVy": "{(EgoVehicle↦0.0),(Vehicles2↦0.0),(Vehicles3↦0.0),(Vehicles4↦0.0),(Vehicles5↦0.0)}",
        "VehiclesX": "{(EgoVehicle↦200.0),(Vehicles2↦3.9394360035657883),(Vehicles3↦16.93223863840103),(Vehicles4↦58.19743871688843),(Vehicles5↦84.13811326026917)}"
      },
      "probabilisticVariables": null,
      "activating": [
        "IDLE_44"
      ],
      "activatingOnlyWhenExecuted": true,
      "updating": null,
      "withPredicate": null
    },
    {
      "id": "IDLE_44",
      "execute": "IDLE",
      "after": "1000",
      "priority": 0,
      "additionalGuards": null,
      "activationKind": null,
      "fixedVariables": {
        "Crash": "FALSE",
        "VehiclesAy": "{(EgoVehicle↦0.0),(Vehicles2↦0.0),(Vehicles3↦0.0),(Vehicles4↦0.0),(Vehicles5↦0.0)}",
        "Reward": "0.7333340166250709",
        "VehiclesAx": "{(EgoVehicle↦-0.00016927719116210938),(Vehicles2↦-0.023678317666053772),(Vehicles3↦0.024863779544830322),(Vehicles4↦0.008212216198444366),(Vehicles5↦0.019460394978523254)}",
        "VehiclesVx": "{(EgoVehicle↦20.0000262260437),(Vehicles2↦1.1091817170381546),(Vehicles3↦0.8624257147312164),(Vehicles4↦0.5371327325701714),(Vehicles5↦1.1682846397161484)}",
        "VehiclesY": "{(EgoVehicle↦8.000000238418579),(Vehicles2↦-8.000000238418579),(Vehicles3↦0.0),(Vehicles4↦-4.0000001192092896),(Vehicles5↦0.0)}",
        "VehiclesVy": "{(EgoVehicle↦0.0),(Vehicles2↦0.0),(Vehicles3↦0.0),(Vehicles4↦0.0),(Vehicles5↦0.0)}",
        "VehiclesX": "{(EgoVehicle↦200.0),(Vehicles2↦5.062822252511978),(Vehicles3↦17.77983158826828),(Vehicles4↦58.72966647148132),(Vehicles5↦85.2948009967804)}"
      },
      "probabilisticVariables": null,
      "activating": [
        "IDLE_45"
      ],
      "activatingOnlyWhenExecuted": true,
      "updating": null,
      "withPredicate": null
    },
    {
      "id": "IDLE_45",
      "execute": "IDLE",
      "after": "1000",
      "priority": 0,
      "additionalGuards": null,
      "activationKind": null,
      "fixedVariables": {
        "Crash": "FALSE",
        "VehiclesAy": "{(EgoVehicle↦0.0),(Vehicles2↦0.0),(Vehicles3↦0.0),(Vehicles4↦0.0),(Vehicles5↦0.0)}",
        "Reward": "0.7333334233141383",
        "VehiclesAx": "{(EgoVehicle↦-2.384185791015625E-05),(Vehicles2↦-0.023457929491996765),(Vehicles3↦0.023973733186721802),(Vehicles4↦0.008096098899841309),(Vehicles5↦0.018703192472457886)}",
        "VehiclesVx": "{(EgoVehicle↦20.00000238418579),(Vehicles2↦1.0857237875461578),(Vehicles3↦0.8863994479179382),(Vehicles4↦0.5452288314700127),(Vehicles5↦1.1869878321886063)}",
        "VehiclesY": "{(EgoVehicle↦8.000000238418579),(Vehicles2↦-8.000000238418579),(Vehicles3↦0.0),(Vehicles4↦-4.0000001192092896),(Vehicles5↦0.0)}",
        "VehiclesVy": "{(EgoVehicle↦0.0),(Vehicles2↦0.0),(Vehicles3↦0.0),(Vehicles4↦0.0),(Vehicles5↦0.0)}",
        "VehiclesX": "{(EgoVehicle↦200.0),(Vehicles2↦6.162593513727188),(Vehicles3↦18.65190863609314),(Vehicles4↦59.27003622055054),(Vehicles5↦86.47061586380005)}"
      },
      "probabilisticVariables": null,
      "activating": [
        "IDLE_46"
      ],
      "activatingOnlyWhenExecuted": true,
      "updating": null,
      "withPredicate": null
    },
    {
      "id": "IDLE_46",
      "execute": "IDLE",
      "after": "1000",
      "priority": 0,
      "additionalGuards": null,
      "activationKind": null,
      "fixedVariables": {
        "Crash": "FALSE",
        "VehiclesAy": "{(EgoVehicle↦0.0),(Vehicles2↦0.0),(Vehicles3↦0.0),(Vehicles4↦0.0),(Vehicles5↦0.0)}",
        "Reward": "0.7333333451826575",
        "VehiclesAx": "{(EgoVehicle↦-2.384185791015625E-06),(Vehicles2↦-0.023074671626091003),(Vehicles3↦0.023243501782417297),(Vehicles4↦0.00809699296951294),(Vehicles5↦0.018101930618286133)}",
        "VehiclesVx": "{(EgoVehicle↦20.0),(Vehicles2↦1.0626491159200668),(Vehicles3↦0.9096429497003555),(Vehicles4↦0.5533258244395256),(Vehicles5↦1.2050897628068924)}",
        "VehiclesY": "{(EgoVehicle↦8.000000238418579),(Vehicles2↦-8.000000238418579),(Vehicles3↦0.0),(Vehicles4↦-4.0000001192092896),(Vehicles5↦0.0)}",
        "VehiclesVy": "{(EgoVehicle↦0.0),(Vehicles2↦0.0),(Vehicles3↦0.0),(Vehicles4↦0.0),(Vehicles5↦0.0)}",
        "VehiclesX": "{(EgoVehicle↦200.0),(Vehicles2↦7.2390541434288025),(Vehicles3↦19.547662138938904),(Vehicles4↦59.81850624084473),(Vehicles5↦87.66489028930664)}"
      },
      "probabilisticVariables": null,
      "activating": [
        "IDLE_47"
      ],
      "activatingOnlyWhenExecuted": true,
      "updating": null,
      "withPredicate": null
    },
    {
      "id": "IDLE_47",
      "execute": "IDLE",
      "after": "1000",
      "priority": 0,
      "additionalGuards": null,
      "activationKind": null,
      "fixedVariables": {
        "Crash": "FALSE",
        "VehiclesAy": "{(EgoVehicle↦0.0),(Vehicles2↦0.0),(Vehicles3↦0.0),(Vehicles4↦0.0),(Vehicles5↦0.0)}",
        "Reward": "0.7333333348937381",
        "VehiclesAx": "{(EgoVehicle↦0.0),(Vehicles2↦-0.02264074981212616),(Vehicles3↦0.022560283541679382),(Vehicles4↦0.008105002343654633),(Vehicles5↦0.017544031143188477)}",
        "VehiclesVx": "{(EgoVehicle↦20.0),(Vehicles2↦1.0400083661079407),(Vehicles3↦0.9322032332420349),(Vehicles4↦0.5614308267831802),(Vehicles5↦1.2226337939500809)}",
        "VehiclesY": "{(EgoVehicle↦8.000000238418579),(Vehicles2↦-8.000000238418579),(Vehicles3↦0.0),(Vehicles4↦-4.0000001192092896),(Vehicles5↦0.0)}",
        "VehiclesVy": "{(EgoVehicle↦0.0),(Vehicles2↦0.0),(Vehicles3↦0.0),(Vehicles4↦0.0),(Vehicles5↦0.0)}",
        "VehiclesX": "{(EgoVehicle↦200.0),(Vehicles2↦8.292610943317413),(Vehicles3↦20.466382801532745),(Vehicles4↦60.375070571899414),(Vehicles5↦88.87704014778137)}"
      },
      "probabilisticVariables": null,
      "activating": [
        "FASTER_48"
      ],
      "activatingOnlyWhenExecuted": true,
      "updating": null,
      "withPredicate": null
    },
    {
      "id": "FASTER_48",
      "execute": "FASTER",
      "after": "1000",
      "priority": 0,
      "additionalGuards": null,
      "activationKind": null,
      "fixedVariables": {
        "Crash": "FALSE",
        "VehiclesAy": "{(EgoVehicle↦0.0),(Vehicles2↦0.0),(Vehicles3↦0.0),(Vehicles4↦0.0),(Vehicles5↦0.0)}",
        "Reward": "0.8491083678323715",
        "VehiclesAx": "{(EgoVehicle↦4.341564178466797),(Vehicles2↦-4.363736212253571),(Vehicles3↦-4.31965559720993),(Vehicles4↦-4.333457425236702),(Vehicles5↦-4.3245504051446915)}",
        "VehiclesVx": "{(EgoVehicle↦24.341564178466797),(Vehicles2↦-3.32372784614563),(Vehicles3↦-3.3874523639678955),(Vehicles4↦-3.7720265984535217),(Vehicles5↦-3.1019166111946106)}",
        "VehiclesY": "{(EgoVehicle↦8.000000238418579),(Vehicles2↦-8.000000238418579),(Vehicles3↦0.0),(Vehicles4↦-4.0000001192092896),(Vehicles5↦0.0)}",
        "VehiclesVy": "{(EgoVehicle↦0.0),(Vehicles2↦0.0),(Vehicles3↦0.0),(Vehicles4↦0.0),(Vehicles5↦0.0)}",
        "VehiclesX": "{(EgoVehicle↦200.0),(Vehicles2↦6.928649544715881),(Vehicles3↦19.012337923049927),(Vehicles4↦58.5446834564209),(Vehicles5↦87.71145939826965)}"
      },
      "probabilisticVariables": null,
      "activating": [
        "IDLE_49"
      ],
      "activatingOnlyWhenExecuted": true,
      "updating": null,
      "withPredicate": null
    },
    {
      "id": "IDLE_49",
      "execute": "IDLE",
      "after": "1000",
      "priority": 0,
      "additionalGuards": null,
      "activationKind": null,
      "fixedVariables": {
        "Crash": "FALSE",
        "VehiclesAy": "{(EgoVehicle↦0.0),(Vehicles2↦0.0),(Vehicles3↦0.0),(Vehicles4↦0.0),(Vehicles5↦0.0)}",
        "Reward": "0.8643544627049488",
        "VehiclesAx": "{(EgoVehicle↦0.5717277526855469),(Vehicles2↦-0.5934026837348938),(Vehicles3↦-0.5504447221755981),(Vehicles4↦-0.5636289715766907),(Vehicles5↦-0.5552217364311218)}",
        "VehiclesVx": "{(EgoVehicle↦24.913291931152344),(Vehicles2↦-3.9171305298805237),(Vehicles3↦-3.9378970861434937),(Vehicles4↦-4.335655570030212),(Vehicles5↦-3.6571383476257324)}",
        "VehiclesY": "{(EgoVehicle↦8.000000238418579),(Vehicles2↦-8.000000238418579),(Vehicles3↦0.0),(Vehicles4↦-4.0000001192092896),(Vehicles5↦0.0)}",
        "VehiclesVy": "{(EgoVehicle↦0.0),(Vehicles2↦0.0),(Vehicles3↦0.0),(Vehicles4↦0.0),(Vehicles5↦0.0)}",
        "VehiclesX": "{(EgoVehicle↦200.0),(Vehicles2↦3.280812129378319),(Vehicles3↦15.318049490451813),(Vehicles4↦54.4605016708374),(Vehicles5↦84.30078625679016)}"
      },
      "probabilisticVariables": null,
      "activating": [
        "SLOWER_50"
      ],
      "activatingOnlyWhenExecuted": true,
      "updating": null,
      "withPredicate": null
    },
    {
      "id": "SLOWER_50",
      "execute": "SLOWER",
      "after": "1000",
      "priority": 0,
      "additionalGuards": null,
      "activationKind": null,
      "fixedVariables": {
        "Crash": "FALSE",
        "VehiclesAy": "{(EgoVehicle↦0.0),(Vehicles2↦0.0),(Vehicles3↦0.0),(Vehicles4↦0.0),(Vehicles5↦0.0)}",
        "Reward": "0.7505871446086078",
        "VehiclesAx": "{(EgoVehicle↦-4.2662739753723145),(Vehicles2↦4.245126657187939),(Vehicles3↦4.286959171295166),(Vehicles4↦4.274359447881579),(Vehicles5↦4.282297119498253)}",
        "VehiclesVx": "{(EgoVehicle↦20.64701795578003),(Vehicles2↦0.327996127307415),(Vehicles3↦0.34906208515167236),(Vehicles4↦-0.061296122148633),(Vehicles5↦0.6251587718725204)}",
        "VehiclesY": "{(EgoVehicle↦8.000000238418579),(Vehicles2↦-8.000000238418579),(Vehicles3↦0.0),(Vehicles4↦-4.0000001192092896),(Vehicles5↦0.0)}",
        "VehiclesVy": "{(EgoVehicle↦0.0),(Vehicles2↦0.0),(Vehicles3↦0.0),(Vehicles4↦0.0),(Vehicles5↦0.0)}",
        "VehiclesX": "{(EgoVehicle↦200.0),(Vehicles2↦1.7087070271372795),(Vehicles3↦13.741999864578247),(Vehicles4↦52.481609582901),(Vehicles5↦83.00362229347229)}"
      },
      "probabilisticVariables": null,
      "activating": [
        "IDLE_51"
      ],
      "activatingOnlyWhenExecuted": true,
      "updating": null,
      "withPredicate": null
    },
    {
      "id": "IDLE_51",
      "execute": "IDLE",
      "after": "1000",
      "priority": 0,
      "additionalGuards": null,
      "activationKind": null,
      "fixedVariables": {
        "Crash": "FALSE",
        "VehiclesAy": "{(EgoVehicle↦0.0),(Vehicles2↦0.0),(Vehicles3↦0.0),(Vehicles4↦0.0),(Vehicles5↦0.0)}",
        "Reward": "0.7356054401679374",
        "VehiclesAx": "{(EgoVehicle↦-0.5618143081665039),(Vehicles2↦0.5412179604172707),(Vehicles3↦0.5819243937730789),(Vehicles4↦0.5698775593191385),(Vehicles5↦-0.3623518534004688)}",
        "VehiclesVx": "{(EgoVehicle↦20.085203647613525),(Vehicles2↦0.8692140877246857),(Vehicles3↦0.9309864789247513),(Vehicles4↦0.5085814371705055),(Vehicles5↦0.2628069184720516)}",
        "VehiclesY": "{(EgoVehicle↦8.000000238418579),(Vehicles2↦-8.000000238418579),(Vehicles3↦0.0),(Vehicles4↦-4.0000001192092896),(Vehicles5↦-8.000000238418579)}",
        "VehiclesVy": "{(EgoVehicle↦0.0),(Vehicles2↦0.0),(Vehicles3↦0.0),(Vehicles4↦0.0),(Vehicles5↦0.0)}",
        "VehiclesX": "{(EgoVehicle↦200.0),(Vehicles2↦2.338349260389805),(Vehicles3↦14.409081637859344),(Vehicles4↦52.733469009399414),(Vehicles5↦83.05779695510864)}"
      },
      "probabilisticVariables": null,
      "activating": [
        "IDLE_52"
      ],
      "activatingOnlyWhenExecuted": true,
      "updating": null,
      "withPredicate": null
    },
    {
      "id": "IDLE_52",
      "execute": "IDLE",
      "after": "1000",
      "priority": 0,
      "additionalGuards": null,
      "activationKind": null,
      "fixedVariables": {
        "Crash": "FALSE",
        "VehiclesAy": "{(EgoVehicle↦0.0),(Vehicles2↦0.0),(Vehicles3↦0.0),(Vehicles4↦0.0),(Vehicles5↦0.0)}",
        "Reward": "0.7336325408177257",
        "VehiclesAx": "{(EgoVehicle↦-0.07398366928100586),(Vehicles2↦0.05396246910095215),(Vehicles3↦0.09354300796985626),(Vehicles4↦0.08201930671930313),(Vehicles5↦0.08189888671040535)}",
        "VehiclesVx": "{(EgoVehicle↦20.01121997833252),(Vehicles2↦0.9231765568256378),(Vehicles3↦1.0245294868946075),(Vehicles4↦0.5906007438898087),(Vehicles5↦0.34470580518245697)}",
        "VehiclesY": "{(EgoVehicle↦8.000000238418579),(Vehicles2↦-8.000000238418579),(Vehicles3↦0.0),(Vehicles4↦-4.0000001192092896),(Vehicles5↦-8.000000238418579)}",
        "VehiclesVy": "{(EgoVehicle↦0.0),(Vehicles2↦0.0),(Vehicles3↦0.0),(Vehicles4↦0.0),(Vehicles5↦0.0)}",
        "VehiclesX": "{(EgoVehicle↦200.0),(Vehicles2↦3.2403219491243362),(Vehicles3↦15.388748049736023),(Vehicles4↦53.28608155250549),(Vehicles5↦83.36459398269653)}"
      },
      "probabilisticVariables": null,
      "activating": [
        "IDLE_53"
      ],
      "activatingOnlyWhenExecuted": true,
      "updating": null,
      "withPredicate": null
    },
    {
      "id": "IDLE_53",
      "execute": "IDLE",
      "after": "1000",
      "priority": 0,
      "additionalGuards": null,
      "activationKind": null,
      "fixedVariables": {
        "Crash": "FALSE",
        "VehiclesAy": "{(EgoVehicle↦0.0),(Vehicles2↦0.0),(Vehicles3↦0.0),(Vehicles4↦0.0),(Vehicles5↦0.0)}",
        "Reward": "0.7333727351419776",
        "VehiclesAx": "{(EgoVehicle↦-0.009741783142089844),(Vehicles2↦-0.00968344509601593),(Vehicles3↦0.02877272665500641),(Vehicles4↦0.01774422824382782),(Vehicles5↦0.017537139356136322)}",
        "VehiclesVx": "{(EgoVehicle↦20.00147819519043),(Vehicles2↦0.9134931117296219),(Vehicles3↦1.053302213549614),(Vehicles4↦0.6083449721336365),(Vehicles5↦0.3622429445385933)}",
        "VehiclesY": "{(EgoVehicle↦8.000000238418579),(Vehicles2↦-8.000000238418579),(Vehicles3↦0.0),(Vehicles4↦-4.0000001192092896),(Vehicles5↦-8.000000238418579)}",
        "VehiclesVy": "{(EgoVehicle↦0.0),(Vehicles2↦0.0),(Vehicles3↦0.0),(Vehicles4↦0.0),(Vehicles5↦0.0)}",
        "VehiclesX": "{(EgoVehicle↦200.0),(Vehicles2↦4.161054268479347),(Vehicles3↦16.4263054728508),(Vehicles4↦53.88525724411011),(Vehicles5↦83.71780514717102)}"
      },
      "probabilisticVariables": null,
      "activating": [
        "IDLE_54"
      ],
      "activatingOnlyWhenExecuted": true,
      "updating": null,
      "withPredicate": null
    },
    {
      "id": "IDLE_54",
      "execute": "IDLE",
      "after": "1000",
      "priority": 0,
      "additionalGuards": null,
      "activationKind": null,
      "fixedVariables": {
        "Crash": "FALSE",
        "VehiclesAy": "{(EgoVehicle↦0.0),(Vehicles2↦0.0),(Vehicles3↦0.0),(Vehicles4↦0.0),(Vehicles5↦0.0)}",
        "Reward": "0.733338522048875",
        "VehiclesAx": "{(EgoVehicle↦-0.0012826919555664062),(Vehicles2↦-0.017530247569084167),(Vehicles3↦0.019804462790489197),(Vehicles4↦0.009244903922080994),(Vehicles5↦0.008957982063293457)}",
        "VehiclesVx": "{(EgoVehicle↦20.000195503234863),(Vehicles2↦0.8959628641605377),(Vehicles3↦1.0731066763401031),(Vehicles4↦0.6175898760557175),(Vehicles5↦0.37120092660188675)}",
        "VehiclesY": "{(EgoVehicle↦8.000000238418579),(Vehicles2↦-8.000000238418579),(Vehicles3↦0.0),(Vehicles4↦-4.0000001192092896),(Vehicles5↦-8.000000238418579)}",
        "VehiclesVy": "{(EgoVehicle↦0.0),(Vehicles2↦0.0),(Vehicles3↦0.0),(Vehicles4↦0.0),(Vehicles5↦0.0)}",
        "VehiclesX": "{(EgoVehicle↦200.0),(Vehicles2↦5.0676800310611725),(Vehicles3↦17.487764358520508),(Vehicles4↦54.49749827384949),(Vehicles5↦84.08383131027222)}"
      },
      "probabilisticVariables": null,
      "activating": [
        "IDLE_55"
      ],
      "activatingOnlyWhenExecuted": true,
      "updating": null,
      "withPredicate": null
    },
    {
      "id": "IDLE_55",
      "execute": "IDLE",
      "after": "1000",
      "priority": 0,
      "additionalGuards": null,
      "activationKind": null,
      "fixedVariables": {
        "Crash": "FALSE",
        "VehiclesAy": "{(EgoVehicle↦0.0),(Vehicles2↦0.0),(Vehicles3↦0.0),(Vehicles4↦0.0),(Vehicles5↦0.0)}",
        "Reward": "0.7333340166209766",
        "VehiclesAx": "{(EgoVehicle↦-0.00016927719116210938),(Vehicles2↦-0.018016397953033447),(Vehicles3↦0.018201693892478943),(Vehicles4↦0.00808626413345337),(Vehicles5↦0.007725954055786133)}",
        "VehiclesVx": "{(EgoVehicle↦20.0000262260437),(Vehicles2↦0.8779464662075043),(Vehicles3↦1.091308370232582),(Vehicles4↦0.6256761401891708),(Vehicles5↦0.3789268806576729)}",
        "VehiclesY": "{(EgoVehicle↦8.000000238418579),(Vehicles2↦-8.000000238418579),(Vehicles3↦0.0),(Vehicles4↦-4.0000001192092896),(Vehicles5↦-8.000000238418579)}",
        "VehiclesVy": "{(EgoVehicle↦0.0),(Vehicles2↦0.0),(Vehicles3↦0.0),(Vehicles4↦0.0),(Vehicles5↦0.0)}",
        "VehiclesX": "{(EgoVehicle↦200.0),(Vehicles2↦5.956411361694336),(Vehicles3↦18.568216264247894),(Vehicles4↦55.11835217475891),(Vehicles5↦84.45816040039062)}"
      },
      "probabilisticVariables": null,
      "activating": [
        "IDLE_56"
      ],
      "activatingOnlyWhenExecuted": true,
      "updating": null,
      "withPredicate": null
    },
    {
      "id": "IDLE_56",
      "execute": "IDLE",
      "after": "1000",
      "priority": 0,
      "additionalGuards": null,
      "activationKind": null,
      "fixedVariables": {
        "Crash": "FALSE",
        "VehiclesAy": "{(EgoVehicle↦0.0),(Vehicles2↦0.0),(Vehicles3↦0.0),(Vehicles4↦0.0),(Vehicles5↦0.0)}",
        "Reward": "0.733333423313599",
        "VehiclesAx": "{(EgoVehicle↦-2.384185791015625E-05),(Vehicles2↦-0.017522647976875305),(Vehicles3↦0.017585009336471558),(Vehicles4↦0.007890313863754272),(Vehicles5↦0.007462836802005768)}",
        "VehiclesVx": "{(EgoVehicle↦20.00000238418579),(Vehicles2↦0.860423818230629),(Vehicles3↦1.1088933795690536),(Vehicles4↦0.6335664540529251),(Vehicles5↦0.38638971745967865)}",
        "VehiclesY": "{(EgoVehicle↦8.000000238418579),(Vehicles2↦-8.000000238418579),(Vehicles3↦0.0),(Vehicles4↦-4.0000001192092896),(Vehicles5↦-8.000000238418579)}",
        "VehiclesVy": "{(EgoVehicle↦0.0),(Vehicles2↦0.0),(Vehicles3↦0.0),(Vehicles4↦0.0),(Vehicles5↦0.0)}",
        "VehiclesX": "{(EgoVehicle↦200.0),(Vehicles2↦6.827300041913986),(Vehicles3↦19.666598737239838),(Vehicles4↦55.74719309806824),(Vehicles5↦84.84008312225342)}"
      },
      "probabilisticVariables": null,
      "activating": [
        "FASTER_57"
      ],
      "activatingOnlyWhenExecuted": true,
      "updating": null,
      "withPredicate": null
    },
    {
      "id": "FASTER_57",
      "execute": "FASTER",
      "after": "1000",
      "priority": 0,
      "additionalGuards": null,
      "activationKind": null,
      "fixedVariables": {
        "Crash": "FALSE",
        "VehiclesAy": "{(EgoVehicle↦0.0),(Vehicles2↦0.0),(Vehicles3↦0.0),(Vehicles4↦0.0),(Vehicles5↦0.0)}",
        "Reward": "0.8491083794761393",
        "VehiclesAx": "{(EgoVehicle↦4.341561794281006),(Vehicles2↦-4.358455613255501),(Vehicles3↦-4.324450120329857),(Vehicles4↦-4.333746209740639),(Vehicles5↦-4.334235116839409)}",
        "VehiclesVx": "{(EgoVehicle↦24.341564178466797),(Vehicles2↦-3.498031795024872),(Vehicles3↦-3.2155567407608032),(Vehicles4↦-3.7001797556877136),(Vehicles5↦-3.9478453993797302)}",
        "VehiclesY": "{(EgoVehicle↦8.000000238418579),(Vehicles2↦-8.000000238418579),(Vehicles3↦0.0),(Vehicles4↦-4.0000001192092896),(Vehicles5↦-8.000000238418579)}",
        "VehiclesVy": "{(EgoVehicle↦0.0),(Vehicles2↦0.0),(Vehicles3↦0.0),(Vehicles4↦0.0),(Vehicles5↦0.0)}",
        "VehiclesX": "{(EgoVehicle↦200.0),(Vehicles2↦5.285853892564774),(Vehicles3↦18.387311697006226),(Vehicles4↦53.988832235336304),(Vehicles5↦82.83435106277466)}"
      },
      "probabilisticVariables": null,
      "activating": [
        "IDLE_58"
      ],
      "activatingOnlyWhenExecuted": true,
      "updating": null,
      "withPredicate": null
    },
    {
      "id": "IDLE_58",
      "execute": "IDLE",
      "after": "1000",
      "priority": 0,
      "additionalGuards": null,
      "activationKind": null,
      "fixedVariables": {
        "Crash": "FALSE",
        "VehiclesAy": "{(EgoVehicle↦0.0),(Vehicles2↦0.0),(Vehicles3↦0.0),(Vehicles4↦0.0),(Vehicles5↦0.0)}",
        "Reward": "0.8643544642382844",
        "VehiclesAx": "{(EgoVehicle↦0.5717277526855469),(Vehicles2↦-0.5879655480384827),(Vehicles3↦-0.5550527572631836),(Vehicles4↦-0.5639705061912537),(Vehicles5↦-0.5645155906677246)}",
        "VehiclesVx": "{(EgoVehicle↦24.913291931152344),(Vehicles2↦-4.0859973430633545),(Vehicles3↦-3.770609498023987),(Vehicles4↦-4.264150261878967),(Vehicles5↦-4.512360990047455)}",
        "VehiclesY": "{(EgoVehicle↦8.000000238418579),(Vehicles2↦-8.000000238418579),(Vehicles3↦0.0),(Vehicles4↦-4.0000001192092896),(Vehicles5↦-8.000000238418579)}",
        "VehiclesVy": "{(EgoVehicle↦0.0),(Vehicles2↦0.0),(Vehicles3↦0.0),(Vehicles4↦0.0),(Vehicles5↦0.0)}",
        "VehiclesX": "{(EgoVehicle↦200.0),(Vehicles2↦1.465875469148159),(Vehicles3↦14.863060414791107),(Vehicles4↦49.97636079788208),(Vehicles5↦78.57400178909302)}"
      },
      "probabilisticVariables": null,
      "activating": [
        "SLOWER_59"
      ],
      "activatingOnlyWhenExecuted": true,
      "updating": null,
      "withPredicate": null
    },
    {
      "id": "SLOWER_59",
      "execute": "SLOWER",
      "after": "1000",
      "priority": 0,
      "additionalGuards": null,
      "activationKind": null,
      "fixedVariables": {
        "Crash": "FALSE",
        "VehiclesAy": "{(EgoVehicle↦0.0),(Vehicles2↦0.0),(Vehicles3↦0.0),(Vehicles4↦0.0),(Vehicles5↦0.0)}",
        "Reward": "0.7505871448105285",
        "VehiclesAx": "{(EgoVehicle↦-4.2662739753723145),(Vehicles2↦4.2506989277899265),(Vehicles3↦4.282530806958675),(Vehicles4↦4.273971248185262),(Vehicles5↦4.273375440388918)}",
        "VehiclesVx": "{(EgoVehicle↦20.64701795578003),(Vehicles2↦0.16470158472657204),(Vehicles3↦0.5119213089346886),(Vehicles4↦0.009820986306294799),(Vehicles5↦-0.2389855496585369)}",
        "VehiclesY": "{(EgoVehicle↦8.000000238418579),(Vehicles2↦-8.000000238418579),(Vehicles3↦0.0),(Vehicles4↦-4.0000001192092896),(Vehicles5↦-8.000000238418579)}",
        "VehiclesVy": "{(EgoVehicle↦0.0),(Vehicles2↦0.0),(Vehicles3↦0.0),(Vehicles4↦0.0),(Vehicles5↦0.0)}",
        "VehiclesX": "{(EgoVehicle↦200.0),(Vehicles2↦-0.2728774677962065),(Vehicles3↦13.45251351594925),(Vehicles4↦48.0688214302063),(Vehicles5↦76.41801834106445)}"
      },
      "probabilisticVariables": null,
      "activating": [
        "IDLE_60"
      ],
      "activatingOnlyWhenExecuted": true,
      "updating": null,
      "withPredicate": null
    },
    {
      "id": "IDLE_60",
      "execute": "IDLE",
      "after": "1000",
      "priority": 0,
      "additionalGuards": null,
      "activationKind": null,
      "fixedVariables": {
        "Crash": "FALSE",
        "VehiclesAy": "{(EgoVehicle↦0.0),(Vehicles2↦0.0),(Vehicles3↦0.0),(Vehicles4↦0.0),(Vehicles5↦0.0)}",
        "Reward": "0.7356054401945277",
        "VehiclesAx": "{(EgoVehicle↦-0.5618143081665039),(Vehicles2↦0.5469024740159512),(Vehicles3↦0.5776666477322578),(Vehicles4↦0.5694471637252718),(Vehicles5↦0.568805169314146)}",
        "VehiclesVx": "{(EgoVehicle↦20.085203647613525),(Vehicles2↦0.7116040587425232),(Vehicles3↦1.0895879566669464),(Vehicles4↦0.5792681500315666),(Vehicles5↦0.32981961965560913)}",
        "VehiclesY": "{(EgoVehicle↦8.000000238418579),(Vehicles2↦-8.000000238418579),(Vehicles3↦0.0),(Vehicles4↦-4.0000001192092896),(Vehicles5↦-8.000000238418579)}",
        "VehiclesVy": "{(EgoVehicle↦0.0),(Vehicles2↦0.0),(Vehicles3↦0.0),(Vehicles4↦0.0),(Vehicles5↦0.0)}",
        "VehiclesX": "{(EgoVehicle↦200.0),(Vehicles2↦0.19573597237467766),(Vehicles3↦14.280736446380615),(Vehicles4↦48.39162826538086),(Vehicles5↦76.49176716804504)}"
      },
      "probabilisticVariables": null,
      "activating": [
        "IDLE_61"
      ],
      "activatingOnlyWhenExecuted": true,
      "updating": null,
      "withPredicate": null
    },
    {
      "id": "IDLE_61",
      "execute": "IDLE",
      "after": "1000",
      "priority": 0,
      "additionalGuards": null,
      "activationKind": null,
      "fixedVariables": {
        "Crash": "FALSE",
        "VehiclesAy": "{(EgoVehicle↦0.0),(Vehicles2↦0.0),(Vehicles3↦0.0),(Vehicles4↦0.0),(Vehicles5↦0.0)}",
        "Reward": "0.7336325408212273",
        "VehiclesAx": "{(EgoVehicle↦-0.07398366928100586),(Vehicles2↦0.0597362220287323),(Vehicles3↦0.08944742381572723),(Vehicles4↦0.08155051618814468),(Vehicles5↦0.08086688816547394)}",
        "VehiclesVx": "{(EgoVehicle↦20.01121997833252),(Vehicles2↦0.7713402807712555),(Vehicles3↦1.1790353804826736),(Vehicles4↦0.6608186662197113),(Vehicles5↦0.41068650782108307)}",
        "VehiclesY": "{(EgoVehicle↦8.000000238418579),(Vehicles2↦-8.000000238418579),(Vehicles3↦0.0),(Vehicles4↦-4.0000001192092896),(Vehicles5↦-8.000000238418579)}",
        "VehiclesVy": "{(EgoVehicle↦0.0),(Vehicles2↦0.0),(Vehicles3↦0.0),(Vehicles4↦0.0),(Vehicles5↦0.0)}",
        "VehiclesX": "{(EgoVehicle↦200.0),(Vehicles2↦0.9424017742276192),(Vehicles3↦15.417355298995972),(Vehicles4↦49.01474416255951),(Vehicles5↦76.86516046524048)}"
      },
      "probabilisticVariables": null,
      "activating": null,
      "activatingOnlyWhenExecuted": true,
      "updating": null,
      "withPredicate": null
    }
  ],
  "listeners": [],
  "metadata": {
    "fileType": "Timed_Trace",
    "formatVersion": 3,
    "savedAt": "2023-08-15T11:29:53.259805Z",
    "creator": "Simulation: MONTE_CARLO_SIMULATION; MAX_STEPS_BEFORE_PROPERTY : 0, EXECUTIONS : 1000, ENDING_TIME : 60000",
    "proB2KernelVersion": "4.12.2",
    "proBCliVersion": "1.12.2-final",
    "modelName": "HighwayEnvironment"
  }
}