{
  "variables": {},
  "activations": [
    {
      "id": "$setup_constants",
      "execute": "$setup_constants",
      "after": "0",
      "priority": 0,
      "additionalGuards": null,
      "activationKind": null,
      "fixedVariables": null,
      "probabilisticVariables": null,
      "activating": null,
      "activatingOnlyWhenExecuted": true,
      "updating": null,
      "withPredicate": null
    },
    {
      "id": "$initialise_machine",
      "execute": "$initialise_machine",
      "after": "0",
      "priority": 0,
      "additionalGuards": null,
      "activationKind": null,
      "fixedVariables": {
        "Crash": "FALSE",
        "VehiclesAy": "{(EgoVehicle↦0.0),(Vehicles2↦0.0),(Vehicles3↦0.0),(Vehicles4↦0.0),(Vehicles5↦0.0)}",
        "Reward": "0.0",
        "VehiclesAx": "{(EgoVehicle↦0.0),(Vehicles2↦0.0),(Vehicles3↦0.0),(Vehicles4↦0.0),(Vehicles5↦0.0)}",
        "VehiclesVx": "{(EgoVehicle↦25.0),(Vehicles2↦-3.2299739122390747),(Vehicles3↦-1.3431008160114288),(Vehicles4↦-3.103516697883606),(Vehicles5↦-2.5959715247154236)}",
        "VehiclesY": "{(EgoVehicle↦4.0000001192092896),(Vehicles2↦-4.0000001192092896),(Vehicles3↦0.0),(Vehicles4↦0.0),(Vehicles5↦4.0000001192092896)}",
        "VehiclesVy": "{(EgoVehicle↦0.0),(Vehicles2↦0.0),(Vehicles3↦0.0),(Vehicles4↦0.0),(Vehicles5↦0.0)}",
        "VehiclesX": "{(EgoVehicle↦153.23554277420044),(Vehicles2↦23.574021458625793),(Vehicles3↦48.58742654323578),(Vehicles4↦73.11015725135803),(Vehicles5↦95.66815495491028)}"
      },
      "probabilisticVariables": null,
      "activating": [
        "LANE_RIGHT_2"
      ],
      "activatingOnlyWhenExecuted": true,
      "updating": null,
      "withPredicate": null
    },
    {
      "id": "LANE_RIGHT_2",
      "execute": "LANE_RIGHT",
      "after": "1000",
      "priority": 0,
      "additionalGuards": null,
      "activationKind": null,
      "fixedVariables": {
        "Crash": "FALSE",
        "VehiclesAy": "{(EgoVehicle↦1.0796338319778442),(Vehicles2↦-1.0796338319778442),(Vehicles3↦-1.0796338319778442),(Vehicles4↦-1.0796338319778442),(Vehicles5↦-1.0796338319778442)}",
        "Reward": "0.8660447183419508",
        "VehiclesAx": "{(EgoVehicle↦-0.023322105407714844),(Vehicles2↦-0.26773273944854736),(Vehicles3↦-5.686246603727341),(Vehicles4↦-1.7430409789085388),(Vehicles5↦-0.6766286492347717)}",
        "VehiclesVx": "{(EgoVehicle↦24.976677894592285),(Vehicles2↦-3.497706651687622),(Vehicles3↦-7.0293474197387695),(Vehicles4↦-4.846557676792145),(Vehicles5↦-3.2726001739501953)}",
        "VehiclesY": "{(EgoVehicle↦7.6599647998809814),(Vehicles2↦-7.6599647998809814),(Vehicles3↦-3.6599650382995605),(Vehicles4↦-3.6599650382995605),(Vehicles5↦0.3400348797440529)}",
        "VehiclesVy": "{(EgoVehicle↦1.0796338319778442),(Vehicles2↦-1.0796338319778442),(Vehicles3↦-1.0796338319778442),(Vehicles4↦-1.0796338319778442),(Vehicles5↦-1.0796338319778442)}",
        "VehiclesX": "{(EgoVehicle↦177.91579961776733),(Vehicles2↦20.535197854042053),(Vehicles3↦45.1640784740448),(Vehicles4↦69.48912143707275),(Vehicles5↦93.07556748390198)}"
      },
      "probabilisticVariables": null,
      "activating": [
        "FASTER_3"
      ],
      "activatingOnlyWhenExecuted": true,
      "updating": null,
      "withPredicate": null
    },
    {
      "id": "FASTER_3",
      "execute": "FASTER",
      "after": "1000",
      "priority": 0,
      "additionalGuards": null,
      "activationKind": null,
      "fixedVariables": {
        "Crash": "FALSE",
        "VehiclesAy": "{(EgoVehicle↦-1.0525126825086772),(Vehicles2↦1.0525126825086772),(Vehicles3↦1.0525126825086772),(Vehicles4↦1.0525126825086772),(Vehicles5↦-1.1067549814470112)}",
        "Reward": "0.9824413667099782",
        "VehiclesAx": "{(EgoVehicle↦4.364874362945557),(Vehicles2↦-4.538590908050537),(Vehicles3↦-6.312538385391235),(Vehicles4↦-5.13853520154953),(Vehicles5↦-4.752252101898193)}",
        "VehiclesVx": "{(EgoVehicle↦29.341552257537842),(Vehicles2↦-8.03629755973816),(Vehicles3↦-13.341885805130005),(Vehicles4↦-9.985092878341675),(Vehicles5↦-8.024852275848389)}",
        "VehiclesY": "{(EgoVehicle↦7.993496417999268),(Vehicles2↦-7.993496417999268),(Vehicles3↦-3.993496298789978),(Vehicles4↦-3.993496298789978),(Vehicles5↦0.006503580836579204)}",
        "VehiclesVy": "{(EgoVehicle↦0.027121149469166994),(Vehicles2↦-0.027121149469166994),(Vehicles3↦-0.027121149469166994),(Vehicles4↦-0.027121149469166994),(Vehicles5↦-0.027121149469166994)}",
        "VehiclesX": "{(EgoVehicle↦200.0),(Vehicles2↦14.5464226603508),(Vehicles3↦34.71664786338806),(Vehicles4↦61.87359690666199),(Vehicles5↦87.21683621406555)}"
      },
      "probabilisticVariables": null,
      "activating": [
        "LANE_RIGHT_4"
      ],
      "activatingOnlyWhenExecuted": true,
      "updating": null,
      "withPredicate": null
    },
    {
      "id": "LANE_RIGHT_4",
      "execute": "LANE_RIGHT",
      "after": "1000",
      "priority": 0,
      "additionalGuards": null,
      "activationKind": null,
      "fixedVariables": {
        "Crash": "FALSE",
        "VehiclesAy": "{(EgoVehicle↦-0.027026898560507107),(Vehicles2↦0.027026898560507107),(Vehicles3↦0.027026898560507107),(Vehicles4↦0.027026898560507107),(Vehicles5↦-0.02721540037782688)}",
        "Reward": "0.9976877960072628",
        "VehiclesAx": "{(EgoVehicle↦0.571739673614502),(Vehicles2↦-0.678669810295105),(Vehicles3↦-0.9268903732299805),(Vehicles4↦-0.9532201290130615),(Vehicles5↦-0.804104208946228)}",
        "VehiclesVx": "{(EgoVehicle↦29.913291931152344),(Vehicles2↦-8.714967370033264),(Vehicles3↦-14.268776178359985),(Vehicles4↦-10.938313007354736),(Vehicles5↦-8.828956484794617)}",
        "VehiclesY": "{(EgoVehicle↦8.000001668930054),(Vehicles2↦-8.000001668930054),(Vehicles3↦-4.000001907348633),(Vehicles4↦-4.000001907348633),(Vehicles5↦-1.8026956354333379E-06)}",
        "VehiclesVy": "{(EgoVehicle↦9.42509086598875E-05),(Vehicles2↦-9.42509086598875E-05),(Vehicles3↦-9.42509086598875E-05),(Vehicles4↦-9.42509086598875E-05),(Vehicles5↦-9.42509086598875E-05)}",
        "VehiclesX": "{(EgoVehicle↦200.0),(Vehicles2↦6.1479587107896805),(Vehicles3↦20.853231847286224),(Vehicles4↦51.39947533607483),(Vehicles5↦78.7746012210846)}"
      },
      "probabilisticVariables": null,
      "activating": [
        "IDLE_5"
      ],
      "activatingOnlyWhenExecuted": true,
      "updating": null,
      "withPredicate": null
    },
    {
      "id": "IDLE_5",
      "execute": "IDLE",
      "after": "1000",
      "priority": 0,
      "additionalGuards": null,
      "activationKind": null,
      "fixedVariables": {
        "Crash": "FALSE",
        "VehiclesAy": "{(EgoVehicle↦-0.00010026566940268822),(Vehicles2↦0.00010026566940268822),(Vehicles3↦0.00010026566940268822),(Vehicles4↦0.00010026566940268822),(Vehicles5↦-8.823614791708678E-05)}",
        "Reward": "0.9996955122319143",
        "VehiclesAx": "{(EgoVehicle↦0.07529020309448242),(Vehicles2↦-0.14351308345794678),(Vehicles3↦0.08061647415161133),(Vehicles4↦-0.26108384132385254),(Vehicles5↦-0.2201014757156372)}",
        "VehiclesVx": "{(EgoVehicle↦29.988582134246826),(Vehicles2↦-8.858480453491211),(Vehicles3↦-14.188159704208374),(Vehicles4↦-11.199396848678589),(Vehicles5↦-9.049057960510254)}",
        "VehiclesY": "{(EgoVehicle↦8.000001668930054),(Vehicles2↦-8.000001668930054),(Vehicles3↦-4.000001907348633),(Vehicles4↦-4.000001907348633),(Vehicles5↦-1.8340517158321745E-06)}",
        "VehiclesVy": "{(EgoVehicle↦-6.014760742800718E-06),(Vehicles2↦6.014760742800718E-06),(Vehicles3↦6.014760742800718E-06),(Vehicles4↦6.014760742800718E-06),(Vehicles5↦6.014760742800718E-06)}",
        "VehiclesX": "{(EgoVehicle↦200.0),(Vehicles2↦-2.6381591334939003),(Vehicles3↦6.581977754831314),(Vehicles4↦40.334054827690125),(Vehicles5↦69.84090209007263)}"
      },
      "probabilisticVariables": null,
      "activating": [
        "IDLE_6"
      ],
      "activatingOnlyWhenExecuted": true,
      "updating": null,
      "withPredicate": null
    },
    {
      "id": "IDLE_6",
      "execute": "IDLE",
      "after": "1000",
      "priority": 0,
      "additionalGuards": null,
      "activationKind": null,
      "fixedVariables": {
        "Crash": "FALSE",
        "VehiclesAy": "{(EgoVehicle↦5.895750891937723E-06),(Vehicles2↦-5.895750891937723E-06),(Vehicles3↦-5.895750891937723E-06),(Vehicles4↦-5.895750891937723E-06),(Vehicles5↦6.133770593663712E-06)}",
        "Reward": "0.9999599028453572",
        "VehiclesAx": "{(EgoVehicle↦0.009913444519042969),(Vehicles2↦-5.001316070556641),(Vehicles3↦2.9008185863494873),(Vehicles4↦2.047613263130188),(Vehicles5↦-1.4328742027282715)}",
        "VehiclesVx": "{(EgoVehicle↦29.99849557876587),(Vehicles2↦-13.859796524047852),(Vehicles3↦-11.287341117858887),(Vehicles4↦-9.1517835855484),(Vehicles5↦-10.481932163238525)}",
        "VehiclesY": "{(EgoVehicle↦8.000000238418579),(Vehicles2↦-4.0000001192092896),(Vehicles3↦-4.0000001192092896),(Vehicles4↦-2.7837167237976246E-08),(Vehicles5↦-4.0000001192092896)}",
        "VehiclesVy": "{(EgoVehicle↦-1.1900985086299443E-07),(Vehicles2↦1.1900985086299443E-07),(Vehicles3↦1.1900985086299443E-07),(Vehicles4↦1.1900985086299443E-07),(Vehicles5↦1.1900985086299443E-07)}",
        "VehiclesX": "{(EgoVehicle↦200.0),(Vehicles2↦-7.483950257301331),(Vehicles3↦29.091590642929077),(Vehicles4↦60.7460618019104),(Vehicles5↦79.320627450943)}"
      },
      "probabilisticVariables": null,
      "activating": [
        "IDLE_7"
      ],
      "activatingOnlyWhenExecuted": true,
      "updating": null,
      "withPredicate": null
    },
    {
      "id": "IDLE_7",
      "execute": "IDLE",
      "after": "1000",
      "priority": 0,
      "additionalGuards": null,
      "activationKind": null,
      "fixedVariables": {
        "Crash": "FALSE",
        "VehiclesAy": "{(EgoVehicle↦1.1884043971122082E-07),(Vehicles2↦-1.1884043971122082E-07),(Vehicles3↦-1.1884043971122082E-07),(Vehicles4↦-1.1884043971122082E-07),(Vehicles5↦1.1917926201476803E-07)}",
        "Reward": "0.9999947197162612",
        "VehiclesAx": "{(EgoVehicle↦0.0013065338134765625),(Vehicles2↦2.553400993347168),(Vehicles3↦2.0730507373809814),(Vehicles4↦-1.424289345741272),(Vehicles5↦1.3023453950881958)}",
        "VehiclesVx": "{(EgoVehicle↦29.999802112579346),(Vehicles2↦-11.306395530700684),(Vehicles3↦-9.214290380477905),(Vehicles4↦-10.576072931289673),(Vehicles5↦-9.17958676815033)}",
        "VehiclesY": "{(EgoVehicle↦8.000000238418579),(Vehicles2↦-4.0000001192092896),(Vehicles3↦7.912870358950386E-11),(Vehicles4↦-4.0000001192092896),(Vehicles5↦-8.000000238418579)}",
        "VehiclesVy": "{(EgoVehicle↦-1.6941115177360189E-10),(Vehicles2↦1.6941115177360189E-10),(Vehicles3↦1.6941115177360189E-10),(Vehicles4↦1.6941115177360189E-10),(Vehicles5↦1.6941115177360189E-10)}",
        "VehiclesX": "{(EgoVehicle↦200.0),(Vehicles2↦17.793014645576477),(Vehicles3↦51.56712532043457),(Vehicles4↦68.79825592041016),(Vehicles5↦99.2514431476593)}"
      },
      "probabilisticVariables": null,
      "activating": [
        "FASTER_8"
      ],
      "activatingOnlyWhenExecuted": true,
      "updating": null,
      "withPredicate": null
    },
    {
      "id": "FASTER_8",
      "execute": "FASTER",
      "after": "1000",
      "priority": 0,
      "additionalGuards": null,
      "activationKind": null,
      "fixedVariables": {
        "Crash": "FALSE",
        "VehiclesAy": "{(EgoVehicle↦1.9985790800092218E-10),(Vehicles2↦-1.9986678978511918E-10),(Vehicles3↦-1.9986678978511918E-10),(Vehicles4↦-1.9986678978511918E-10),(Vehicles5↦1.389555137620846E-10)}",
        "Reward": "0.9999993046539931",
        "VehiclesAx": "{(EgoVehicle↦0.000171661376953125),(Vehicles2↦0.012450218200683594),(Vehicles3↦-0.041983723640441895),(Vehicles4↦-0.07141590118408203),(Vehicles5↦-0.03309071063995361)}",
        "VehiclesVx": "{(EgoVehicle↦29.9999737739563),(Vehicles2↦-11.2939453125),(Vehicles3↦-9.256274104118347),(Vehicles4↦-10.647488832473755),(Vehicles5↦-9.212677478790283)}",
        "VehiclesY": "{(EgoVehicle↦8.000000238418579),(Vehicles2↦-4.0000001192092896),(Vehicles3↦8.960832076354563E-12),(Vehicles4↦-4.0000001192092896),(Vehicles5↦-8.000000238418579)}",
        "VehiclesVy": "{(EgoVehicle↦3.044675622732029E-11),(Vehicles2↦-3.0455638011517294E-11),(Vehicles3↦-3.0455638011517294E-11),(Vehicles4↦-3.0455638011517294E-11),(Vehicles5↦-3.0455638011517294E-11)}",
        "VehiclesX": "{(EgoVehicle↦200.0),(Vehicles2↦6.48999810218811),(Vehicles3↦42.334818840026855),(Vehicles4↦58.19249749183655),(Vehicles5↦90.05531668663025)}"
      },
      "probabilisticVariables": null,
      "activating": [
        "IDLE_9"
      ],
      "activatingOnlyWhenExecuted": true,
      "updating": null,
      "withPredicate": null
    },
    {
      "id": "IDLE_9",
      "execute": "IDLE",
      "after": "1000",
      "priority": 0,
      "additionalGuards": null,
      "activationKind": null,
      "fixedVariables": {
        "Crash": "FALSE",
        "VehiclesAy": "{(EgoVehicle↦-2.991384917550022E-11),(Vehicles2↦2.993161274389422E-11),(Vehicles3↦2.993161274389422E-11),(Vehicles4↦2.993161274389422E-11),(Vehicles5↦-3.097966327914037E-11)}",
        "Reward": "0.9999999084318016",
        "VehiclesAx": "{(EgoVehicle↦2.384185791015625E-05),(Vehicles2↦0.0253450870513916),(Vehicles3↦-0.029946565628051758),(Vehicles4↦-0.060933828353881836),(Vehicles5↦-0.006611943244934082)}",
        "VehiclesVx": "{(EgoVehicle↦29.99999761581421),(Vehicles2↦-11.268600225448608),(Vehicles3↦-9.286220669746399),(Vehicles4↦-10.708422660827637),(Vehicles5↦-9.219289422035217)}",
        "VehiclesY": "{(EgoVehicle↦8.000000238418579),(Vehicles2↦-4.0000001192092896),(Vehicles3↦1.1723955140041653E-13),(Vehicles4↦-4.0000001192092896),(Vehicles5↦-8.000000238418579)}",
        "VehiclesVy": "{(EgoVehicle↦5.329070518200751E-13),(Vehicles2↦-5.240252676230739E-13),(Vehicles3↦-5.240252676230739E-13),(Vehicles4↦-5.240252676230739E-13),(Vehicles5↦-5.240252676230739E-13)}",
        "VehiclesX": "{(EgoVehicle↦200.0),(Vehicles2↦-4.794362932443619),(Vehicles3↦33.06582868099213),(Vehicles4↦47.519999742507935),(Vehicles5↦80.83884716033936)}"
      },
      "probabilisticVariables": null,
      "activating": [
        "SLOWER_10"
      ],
      "activatingOnlyWhenExecuted": true,
      "updating": null,
      "withPredicate": null
    },
    {
      "id": "SLOWER_10",
      "execute": "SLOWER",
      "after": "1000",
      "priority": 0,
      "additionalGuards": null,
      "activationKind": null,
      "fixedVariables": {
        "Crash": "FALSE",
        "VehiclesAy": "{(EgoVehicle↦-5.329070518200751E-13),(Vehicles2↦5.240252676230739E-13),(Vehicles3↦5.240252676230739E-13),(Vehicles4↦5.240252676230739E-13),(Vehicles5↦-5.240252676230739E-13)}",
        "Reward": "0.8842249536480837",
        "VehiclesAx": "{(EgoVehicle↦-4.341561794281006),(Vehicles2↦6.301252543926239),(Vehicles3↦2.865416407585144),(Vehicles4↦5.831801891326904),(Vehicles5↦2.1811968088150024)}",
        "VehiclesVx": "{(EgoVehicle↦25.658435821533203),(Vehicles2↦-4.967347681522369),(Vehicles3↦-6.420804262161255),(Vehicles4↦-4.876620769500732),(Vehicles5↦-7.038092613220215)}",
        "VehiclesY": "{(EgoVehicle↦8.000000238418579),(Vehicles2↦0.0),(Vehicles3↦-4.0000001192092896),(Vehicles4↦-8.000000238418579),(Vehicles5↦-4.0000001192092896)}",
        "VehiclesVy": "{(EgoVehicle↦0.0),(Vehicles2↦0.0),(Vehicles3↦0.0),(Vehicles4↦0.0),(Vehicles5↦0.0)}",
        "VehiclesX": "{(EgoVehicle↦200.0),(Vehicles2↦26.165148615837097),(Vehicles3↦39.184558391571045),(Vehicles4↦74.0148663520813),(Vehicles5↦98.382568359375)}"
      },
      "probabilisticVariables": null,
      "activating": [
        "SLOWER_11"
      ],
      "activatingOnlyWhenExecuted": true,
      "updating": null,
      "withPredicate": null
    },
    {
      "id": "SLOWER_11",
      "execute": "SLOWER",
      "after": "1000",
      "priority": 0,
      "additionalGuards": null,
      "activationKind": null,
      "fixedVariables": {
        "Crash": "FALSE",
        "VehiclesAy": "{(EgoVehicle↦0.0),(Vehicles2↦0.0),(Vehicles3↦0.0),(Vehicles4↦0.0),(Vehicles5↦0.0)}",
        "Reward": "0.7532038347739589",
        "VehiclesAx": "{(EgoVehicle↦-4.913291931152344),(Vehicles2↦4.894972145557404),(Vehicles3↦4.865414053201675),(Vehicles4↦4.9141392251476645),(Vehicles5↦4.935481995344162)}",
        "VehiclesVx": "{(EgoVehicle↦20.74514389038086),(Vehicles2↦-0.07237553596496582),(Vehicles3↦-1.5553902089595795),(Vehicles4↦0.037518455646932125),(Vehicles5↦-2.102610617876053)}",
        "VehiclesY": "{(EgoVehicle↦8.000000238418579),(Vehicles2↦0.0),(Vehicles3↦-4.0000001192092896),(Vehicles4↦-8.000000238418579),(Vehicles5↦-4.0000001192092896)}",
        "VehiclesVy": "{(EgoVehicle↦0.0),(Vehicles2↦0.0),(Vehicles3↦0.0),(Vehicles4↦0.0),(Vehicles5↦0.0)}",
        "VehiclesX": "{(EgoVehicle↦200.0),(Vehicles2↦23.90066683292389),(Vehicles3↦35.4545921087265),(Vehicles4↦71.84922695159912),(Vehicles5↦94.06352639198303)}"
      },
      "probabilisticVariables": null,
      "activating": [
        "LANE_RIGHT_12"
      ],
      "activatingOnlyWhenExecuted": true,
      "updating": null,
      "withPredicate": null
    },
    {
      "id": "LANE_RIGHT_12",
      "execute": "LANE_RIGHT",
      "after": "1000",
      "priority": 0,
      "additionalGuards": null,
      "activationKind": null,
      "fixedVariables": {
        "Crash": "FALSE",
        "VehiclesAy": "{(EgoVehicle↦0.0),(Vehicles2↦0.0),(Vehicles3↦0.0),(Vehicles4↦0.0),(Vehicles5↦0.0)}",
        "Reward": "0.73595002488107",
        "VehiclesAx": "{(EgoVehicle↦-0.6470179557800293),(Vehicles2↦0.6313358247280121),(Vehicles3↦0.6049604713916779),(Vehicles4↦0.6448193499818444),(Vehicles5↦0.6725752353668213)}",
        "VehiclesVx": "{(EgoVehicle↦20.09812593460083),(Vehicles2↦0.5589602887630463),(Vehicles3↦-0.9504297375679016),(Vehicles4↦0.6823378056287766),(Vehicles5↦-1.4300353825092316)}",
        "VehiclesY": "{(EgoVehicle↦8.000000238418579),(Vehicles2↦0.0),(Vehicles3↦-4.0000001192092896),(Vehicles4↦-8.000000238418579),(Vehicles5↦-4.0000001192092896)}",
        "VehiclesVy": "{(EgoVehicle↦0.0),(Vehicles2↦0.0),(Vehicles3↦0.0),(Vehicles4↦0.0),(Vehicles5↦0.0)}",
        "VehiclesX": "{(EgoVehicle↦200.0),(Vehicles2↦24.17878955602646),(Vehicles3↦34.23885107040405),(Vehicles4↦72.24308252334595),(Vehicles5↦92.3278272151947)}"
      },
      "probabilisticVariables": null,
      "activating": [
        "IDLE_13"
      ],
      "activatingOnlyWhenExecuted": true,
      "updating": null,
      "withPredicate": null
    },
    {
      "id": "IDLE_13",
      "execute": "IDLE",
      "after": "1000",
      "priority": 0,
      "additionalGuards": null,
      "activationKind": null,
      "fixedVariables": {
        "Crash": "FALSE",
        "VehiclesAy": "{(EgoVehicle↦0.0),(Vehicles2↦0.0),(Vehicles3↦0.0),(Vehicles4↦0.0),(Vehicles5↦0.0)}",
        "Reward": "0.7336779182285086",
        "VehiclesAx": "{(EgoVehicle↦-0.08520364761352539),(Vehicles2↦0.07115811109542847),(Vehicles3↦0.04883192479610443),(Vehicles4↦0.07948212325572968),(Vehicles5↦0.11344820261001587)}",
        "VehiclesVx": "{(EgoVehicle↦20.012922286987305),(Vehicles2↦0.6301183998584747),(Vehicles3↦-0.9015978127717972),(Vehicles4↦0.7618199288845062),(Vehicles5↦-1.3165871798992157)}",
        "VehiclesY": "{(EgoVehicle↦8.000000238418579),(Vehicles2↦0.0),(Vehicles3↦-4.0000001192092896),(Vehicles4↦-8.000000238418579),(Vehicles5↦-4.0000001192092896)}",
        "VehiclesVy": "{(EgoVehicle↦0.0),(Vehicles2↦0.0),(Vehicles3↦0.0),(Vehicles4↦0.0),(Vehicles5↦0.0)}",
        "VehiclesX": "{(EgoVehicle↦200.0),(Vehicles2↦24.779030680656433),(Vehicles3↦33.32042694091797),(Vehicles4↦72.97040820121765),(Vehicles5↦90.95590710639954)}"
      },
      "probabilisticVariables": null,
      "activating": [
        "FASTER_14"
      ],
      "activatingOnlyWhenExecuted": true,
      "updating": null,
      "withPredicate": null
    },
    {
      "id": "FASTER_14",
      "execute": "FASTER",
      "after": "1000",
      "priority": 0,
      "additionalGuards": null,
      "activationKind": null,
      "fixedVariables": {
        "Crash": "FALSE",
        "VehiclesAy": "{(EgoVehicle↦0.0),(Vehicles2↦0.0),(Vehicles3↦0.0),(Vehicles4↦0.0),(Vehicles5↦0.0)}",
        "Reward": "0.8491537450616417",
        "VehiclesAx": "{(EgoVehicle↦4.330344200134277),(Vehicles2↦-4.343292862176895),(Vehicles3↦-4.361197277903557),(Vehicles4↦-4.339169412851334),(Vehicles5↦-4.300115257501602)}",
        "VehiclesVx": "{(EgoVehicle↦24.343266487121582),(Vehicles2↦-3.7131744623184204),(Vehicles3↦-5.262795090675354),(Vehicles4↦-3.5773494839668274),(Vehicles5↦-5.616702437400818)}",
        "VehiclesY": "{(EgoVehicle↦8.000000238418579),(Vehicles2↦0.0),(Vehicles3↦-4.0000001192092896),(Vehicles4↦-8.000000238418579),(Vehicles5↦-4.0000001192092896)}",
        "VehiclesVy": "{(EgoVehicle↦0.0),(Vehicles2↦0.0),(Vehicles3↦0.0),(Vehicles4↦0.0),(Vehicles5↦0.0)}",
        "VehiclesX": "{(EgoVehicle↦200.0),(Vehicles2↦23.01502376794815),(Vehicles3↦30.017182230949402),(Vehicles4↦71.34004831314087),(Vehicles5↦87.26240396499634)}"
      },
      "probabilisticVariables": null,
      "activating": [
        "LANE_RIGHT_15"
      ],
      "activatingOnlyWhenExecuted": true,
      "updating": null,
      "withPredicate": null
    },
    {
      "id": "LANE_RIGHT_15",
      "execute": "LANE_RIGHT",
      "after": "1000",
      "priority": 0,
      "additionalGuards": null,
      "activationKind": null,
      "fixedVariables": {
        "Crash": "FALSE",
        "VehiclesAy": "{(EgoVehicle↦0.0),(Vehicles2↦0.0),(Vehicles3↦0.0),(Vehicles4↦0.0),(Vehicles5↦0.0)}",
        "Reward": "0.8643604383071573",
        "VehiclesAx": "{(EgoVehicle↦0.5702495574951172),(Vehicles2↦-0.5823588371276855),(Vehicles3↦-0.5958032608032227),(Vehicles4↦-0.5815109610557556),(Vehicles5↦-0.5385828018188477)}",
        "VehiclesVx": "{(EgoVehicle↦24.9135160446167),(Vehicles2↦-4.295533299446106),(Vehicles3↦-5.858598351478577),(Vehicles4↦-4.158860445022583),(Vehicles5↦-6.1552852392196655)}",
        "VehiclesY": "{(EgoVehicle↦8.000000238418579),(Vehicles2↦0.0),(Vehicles3↦-4.0000001192092896),(Vehicles4↦-8.000000238418579),(Vehicles5↦-4.0000001192092896)}",
        "VehiclesVy": "{(EgoVehicle↦0.0),(Vehicles2↦0.0),(Vehicles3↦0.0),(Vehicles4↦0.0),(Vehicles5↦0.0)}",
        "VehiclesX": "{(EgoVehicle↦200.0),(Vehicles2↦18.982359766960144),(Vehicles3↦24.429167807102203),(Vehicles4↦67.44377613067627),(Vehicles5↦81.34368658065796)}"
      },
      "probabilisticVariables": null,
      "activating": [
        "LANE_RIGHT_16"
      ],
      "activatingOnlyWhenExecuted": true,
      "updating": null,
      "withPredicate": null
    },
    {
      "id": "LANE_RIGHT_16",
      "execute": "LANE_RIGHT",
      "after": "1000",
      "priority": 0,
      "additionalGuards": null,
      "activationKind": null,
      "fixedVariables": {
        "Crash": "FALSE",
        "VehiclesAy": "{(EgoVehicle↦0.0),(Vehicles2↦0.0),(Vehicles3↦0.0),(Vehicles4↦0.0),(Vehicles5↦0.0)}",
        "Reward": "0.8663629658127395",
        "VehiclesAx": "{(EgoVehicle↦0.07509469985961914),(Vehicles2↦-0.0864487886428833),(Vehicles3↦-0.09559988975524902),(Vehicles4↦-0.08813321590423584),(Vehicles5↦-0.04237353801727295)}",
        "VehiclesVx": "{(EgoVehicle↦24.98861074447632),(Vehicles2↦-4.381982088088989),(Vehicles3↦-5.954198241233826),(Vehicles4↦-4.246993660926819),(Vehicles5↦-6.1976587772369385)}",
        "VehiclesY": "{(EgoVehicle↦8.000000238418579),(Vehicles2↦0.0),(Vehicles3↦-4.0000001192092896),(Vehicles4↦-8.000000238418579),(Vehicles5↦-4.0000001192092896)}",
        "VehiclesVy": "{(EgoVehicle↦0.0),(Vehicles2↦0.0),(Vehicles3↦0.0),(Vehicles4↦0.0),(Vehicles5↦0.0)}",
        "VehiclesX": "{(EgoVehicle↦200.0),(Vehicles2↦14.640799164772034),(Vehicles3↦18.520547449588776),(Vehicles4↦63.238394260406494),(Vehicles5↦75.1599907875061)}"
      },
      "probabilisticVariables": null,
      "activating": [
        "LANE_LEFT_17"
      ],
      "activatingOnlyWhenExecuted": true,
      "updating": null,
      "withPredicate": null
    },
    {
      "id": "LANE_LEFT_17",
      "execute": "LANE_LEFT",
      "after": "1000",
      "priority": 0,
      "additionalGuards": null,
      "activationKind": null,
      "fixedVariables": {
        "Crash": "FALSE",
        "VehiclesAy": "{(EgoVehicle↦-1.079421043395996),(Vehicles2↦1.079421043395996),(Vehicles3↦1.079421043395996),(Vehicles4↦1.079421043395996),(Vehicles5↦1.079421043395996)}",
        "Reward": "0.8326715993424835",
        "VehiclesAx": "{(EgoVehicle↦-0.013425350189208984),(Vehicles2↦0.002828836441040039),(Vehicles3↦-0.0023120641708374023),(Vehicles4↦-0.0008377432823181152),(Vehicles5↦0.046926140785217285)}",
        "VehiclesVx": "{(EgoVehicle↦24.97518539428711),(Vehicles2↦-4.379153251647949),(Vehicles3↦-5.956510305404663),(Vehicles4↦-4.247831404209137),(Vehicles5↦-6.150732636451721)}",
        "VehiclesY": "{(EgoVehicle↦4.339951515197754),(Vehicles2↦3.660048723220825),(Vehicles3↦-0.33995137363672256),(Vehicles4↦-4.339951515197754),(Vehicles5↦-0.33995137363672256)}",
        "VehiclesVy": "{(EgoVehicle↦-1.079421043395996),(Vehicles2↦1.079421043395996),(Vehicles3↦1.079421043395996),(Vehicles4↦1.079421043395996),(Vehicles5↦1.079421043395996)}",
        "VehiclesX": "{(EgoVehicle↦200.0),(Vehicles2↦10.568919032812119),(Vehicles3↦12.874087691307068),(Vehicles4↦59.30017828941345),(Vehicles5↦69.29008364677429)}"
      },
      "probabilisticVariables": null,
      "activating": [
        "LANE_LEFT_18"
      ],
      "activatingOnlyWhenExecuted": true,
      "updating": null,
      "withPredicate": null
    },
    {
      "id": "LANE_LEFT_18",
      "execute": "LANE_LEFT",
      "after": "1000",
      "priority": 0,
      "additionalGuards": null,
      "activationKind": null,
      "fixedVariables": {
        "Crash": "FALSE",
        "VehiclesAy": "{(EgoVehicle↦-0.03784261643886566),(Vehicles2↦0.03784261643886566),(Vehicles3↦0.03784261643886566),(Vehicles4↦0.03784261643886566),(Vehicles5↦2.196684703230858)}",
        "Reward": "0.7993286469993078",
        "VehiclesAx": "{(EgoVehicle↦-0.0003600120544433594),(Vehicles2↦-0.009433329105377197),(Vehicles3↦-0.010907649993896484),(Vehicles4↦-0.014690756797790527),(Vehicles5↦0.03443419933319092)}",
        "VehiclesVx": "{(EgoVehicle↦24.974825382232666),(Vehicles2↦-4.388586580753326),(Vehicles3↦-5.96741795539856),(Vehicles4↦-4.2625221610069275),(Vehicles5↦-6.11629843711853)}",
        "VehiclesY": "{(EgoVehicle↦0.3513464480638504),(Vehicles2↦7.648653745651245),(Vehicles3↦3.6486536264419556),(Vehicles4↦-0.3513464480638504),(Vehicles5↦3.6486536264419556)}",
        "VehiclesVy": "{(EgoVehicle↦-1.1172636598348618),(Vehicles2↦1.1172636598348618),(Vehicles3↦1.1172636598348618),(Vehicles4↦1.1172636598348618),(Vehicles5↦1.1172636598348618)}",
        "VehiclesX": "{(EgoVehicle↦200.0),(Vehicles2↦6.540835648775101),(Vehicles3↦7.267778366804123),(Vehicles4↦55.401426553726196),(Vehicles5↦63.50799798965454)}"
      },
      "probabilisticVariables": null,
      "activating": [
        "FASTER_19"
      ],
      "activatingOnlyWhenExecuted": true,
      "updating": null,
      "withPredicate": null
    },
    {
      "id": "FASTER_19",
      "execute": "FASTER",
      "after": "1000",
      "priority": 0,
      "additionalGuards": null,
      "activationKind": null,
      "fixedVariables": {
        "Crash": "FALSE",
        "VehiclesAy": "{(EgoVehicle↦1.089323558844626),(Vehicles2↦-1.089323558844626),(Vehicles3↦-1.089323558844626),(Vehicles4↦-1.089323558844626),(Vehicles5↦1.1452037608250976)}",
        "Reward": "0.9157739860031856",
        "VehiclesAx": "{(EgoVehicle↦4.366698265075684),(Vehicles2↦-4.375631511211395),(Vehicles3↦-4.373806715011597),(Vehicles4↦-4.382201731204987),(Vehicles5↦-4.332219362258911)}",
        "VehiclesVx": "{(EgoVehicle↦29.34152364730835),(Vehicles2↦-8.764218091964722),(Vehicles3↦-10.341224670410156),(Vehicles4↦-8.644723892211914),(Vehicles5↦-10.448517799377441)}",
        "VehiclesY": "{(EgoVehicle↦0.006695084972307086),(Vehicles2↦7.99330472946167),(Vehicles3↦3.993304967880249),(Vehicles4↦-0.006695084972307086),(Vehicles5↦3.993304967880249)}",
        "VehiclesVy": "{(EgoVehicle↦-0.027940100990235806),(Vehicles2↦0.027940100990235806),(Vehicles3↦0.027940100990235806),(Vehicles4↦0.027940100990235806),(Vehicles5↦0.027940100990235806)}",
        "VehiclesX": "{(EgoVehicle↦200.0),(Vehicles2↦-0.267533166334033),(Vehicles3↦-1.1189407669007778),(Vehicles4↦48.71659278869629),(Vehicles5↦54.98932600021362)}"
      },
      "probabilisticVariables": null,
      "activating": [
        "SLOWER_20"
      ],
      "activatingOnlyWhenExecuted": true,
      "updating": null,
      "withPredicate": null
    },
    {
      "id": "SLOWER_20",
      "execute": "SLOWER",
      "after": "1000",
      "priority": 0,
      "additionalGuards": null,
      "activationKind": null,
      "fixedVariables": {
        "Crash": "FALSE",
        "VehiclesAy": "{(EgoVehicle↦0.0276672224754293),(Vehicles2↦-0.0276672224754293),(Vehicles3↦-0.0276672224754293),(Vehicles4↦-0.0276672224754293),(Vehicles5↦0.028212979505042313)}",
        "Reward": "0.8152460036806265",
        "VehiclesAx": "{(EgoVehicle↦-3.7697982788085938),(Vehicles2↦3.7617874145507812),(Vehicles3↦3.766540288925171),(Vehicles4↦3.754105567932129),(Vehicles5↦3.8045406341552734)}",
        "VehiclesVx": "{(EgoVehicle↦25.571725368499756),(Vehicles2↦-5.00243067741394),(Vehicles3↦-6.574684381484985),(Vehicles4↦-4.890618324279785),(Vehicles5↦-6.643977165222168)}",
        "VehiclesY": "{(EgoVehicle↦7.164775524870493E-05),(Vehicles2↦7.999927997589111),(Vehicles3↦3.9999282360076904),(Vehicles4↦-7.164775524870493E-05),(Vehicles5↦3.9999282360076904)}",
        "VehiclesVy": "{(EgoVehicle↦-0.00027287851480650716),(Vehicles2↦0.00027287851480650716),(Vehicles3↦0.00027287851480650716),(Vehicles4↦0.00027287851480650716),(Vehicles5↦0.00027287851480650716)}",
        "VehiclesX": "{(EgoVehicle↦200.0),(Vehicles2↦-6.955393403768539),(Vehicles3↦-9.382124990224838),(Vehicles4↦42.14523434638977),(Vehicles5↦46.63432538509369)}"
      },
      "probabilisticVariables": null,
      "activating": [
        "FASTER_21"
      ],
      "activatingOnlyWhenExecuted": true,
      "updating": null,
      "withPredicate": null
    },
    {
      "id": "FASTER_21",
      "execute": "FASTER",
      "after": "1000",
      "priority": 0,
      "additionalGuards": null,
      "activationKind": null,
      "fixedVariables": {
        "Crash": "FALSE",
        "VehiclesAy": "{(EgoVehicle↦0.0002695070023150947),(Vehicles2↦-0.0002695070023150947),(Vehicles3↦-0.0002695070023150947),(Vehicles4↦-0.0002695070023150947),(Vehicles5↦0.0002762500272979196)}",
        "Reward": "0.9177827384870558",
        "VehiclesAx": "{(EgoVehicle↦3.8451266288757324),(Vehicles2↦-3.749001622200012),(Vehicles3↦-3.8795506954193115),(Vehicles4↦-4.113436937332153),(Vehicles5↦-3.406451940536499)}",
        "VehiclesVx": "{(EgoVehicle↦29.41685199737549),(Vehicles2↦-8.751432299613953),(Vehicles3↦-10.454235076904297),(Vehicles4↦-9.004055261611938),(Vehicles5↦-10.050429105758667)}",
        "VehiclesY": "{(EgoVehicle↦6.743257472408004E-07),(Vehicles2↦-6.743257472408004E-07),(Vehicles3↦3.9999994039535522),(Vehicles4↦7.999999523162842),(Vehicles5↦3.9999994039535522)}",
        "VehiclesVy": "{(EgoVehicle↦-3.3715124914124317E-06),(Vehicles2↦3.3715124914124317E-06),(Vehicles3↦3.3715124914124317E-06),(Vehicles4↦3.3715124914124317E-06),(Vehicles5↦3.3715124914124317E-06)}",
        "VehiclesX": "{(EgoVehicle↦200.0),(Vehicles2↦35.12713611125946),(Vehicles3↦37.88309395313263),(Vehicles4↦61.416035890579224),(Vehicles5↦96.72845602035522)}"
      },
      "probabilisticVariables": null,
      "activating": [
        "LANE_RIGHT_22"
      ],
      "activatingOnlyWhenExecuted": true,
      "updating": null,
      "withPredicate": null
    },
    {
      "id": "LANE_RIGHT_22",
      "execute": "LANE_RIGHT",
      "after": "1000",
      "priority": 0,
      "additionalGuards": null,
      "activationKind": null,
      "fixedVariables": {
        "Crash": "FALSE",
        "VehiclesAy": "{(EgoVehicle↦1.0195102730151007),(Vehicles2↦-1.0195102730151007),(Vehicles3↦-1.0195102730151007),(Vehicles4↦-1.0195102730151007),(Vehicles5↦-1.0195035299901178)}",
        "Reward": "0.9641555786523847",
        "VehiclesAx": "{(EgoVehicle↦0.4889822006225586),(Vehicles2↦-0.5045068264007568),(Vehicles3↦-0.45410871505737305),(Vehicles4↦-0.482061505317688),(Vehicles5↦-0.45270800590515137)}",
        "VehiclesVx": "{(EgoVehicle↦29.905834197998047),(Vehicles2↦-9.25593912601471),(Vehicles3↦-10.90834379196167),(Vehicles4↦-9.486116766929626),(Vehicles5↦-10.503137111663818)}",
        "VehiclesY": "{(EgoVehicle↦3.707486629486084),(Vehicles2↦-3.707486629486084),(Vehicles3↦0.2925134226679802),(Vehicles4↦4.292513608932495),(Vehicles5↦0.2925134226679802)}",
        "VehiclesVy": "{(EgoVehicle↦1.0195069015026093),(Vehicles2↦-1.0195069015026093),(Vehicles3↦-1.0195069015026093),(Vehicles4↦-1.0195069015026093),(Vehicles5↦-1.0195069015026093)}",
        "VehiclesX": "{(EgoVehicle↦200.0),(Vehicles2↦26.37045979499817),(Vehicles3↦27.443793416023254),(Vehicles4↦52.41550803184509),(Vehicles5↦86.69344782829285)}"
      },
      "probabilisticVariables": null,
      "activating": [
        "LANE_RIGHT_23"
      ],
      "activatingOnlyWhenExecuted": true,
      "updating": null,
      "withPredicate": null
    },
    {
      "id": "LANE_RIGHT_23",
      "execute": "LANE_RIGHT",
      "after": "1000",
      "priority": 0,
      "additionalGuards": null,
      "activationKind": null,
      "fixedVariables": {
        "Crash": "FALSE",
        "VehiclesAy": "{(EgoVehicle↦0.0246342271566391),(Vehicles2↦-0.0246342271566391),(Vehicles3↦-0.0246342271566391),(Vehicles4↦-0.0246342271566391),(Vehicles5↦-2.0636480301618576)}",
        "Reward": "0.9992454715515168",
        "VehiclesAx": "{(EgoVehicle↦0.06587028503417969),(Vehicles2↦-1.6835147142410278),(Vehicles3↦1.5712922811508179),(Vehicles4↦-0.05635857582092285),(Vehicles5↦-0.029032230377197266)}",
        "VehiclesVx": "{(EgoVehicle↦29.971704483032227),(Vehicles2↦-10.939453840255737),(Vehicles3↦-9.337051510810852),(Vehicles4↦-9.54247534275055),(Vehicles5↦-10.532169342041016)}",
        "VehiclesY": "{(EgoVehicle↦7.700523376464844),(Vehicles2↦-3.7005228996276855),(Vehicles3↦-7.700523376464844),(Vehicles4↦0.2994769737124443),(Vehicles5↦-3.7005228996276855)}",
        "VehiclesVy": "{(EgoVehicle↦1.0441411286592484),(Vehicles2↦-1.0441411286592484),(Vehicles3↦-1.0441411286592484),(Vehicles4↦-1.0441411286592484),(Vehicles5↦-1.0441411286592484)}",
        "VehiclesX": "{(EgoVehicle↦200.0),(Vehicles2↦16.81351661682129),(Vehicles3↦17.37254559993744),(Vehicles4↦43.1971549987793),(Vehicles5↦76.46917700767517)}"
      },
      "probabilisticVariables": null,
      "activating": [
        "LANE_RIGHT_24"
      ],
      "activatingOnlyWhenExecuted": true,
      "updating": null,
      "withPredicate": null
    },
    {
      "id": "LANE_RIGHT_24",
      "execute": "LANE_RIGHT",
      "after": "1000",
      "priority": 0,
      "additionalGuards": null,
      "activationKind": null,
      "fixedVariables": {
        "Crash": "FALSE",
        "VehiclesAy": "{(EgoVehicle↦-1.0283726616762578),(Vehicles2↦1.0283726616762578),(Vehicles3↦1.0283726616762578),(Vehicles4↦1.0283726616762578),(Vehicles5↦-1.0599095956422389)}",
        "Reward": "0.9999643772420157",
        "VehiclesAx": "{(EgoVehicle↦0.026960372924804688),(Vehicles2↦0.007586479187011719),(Vehicles3↦-0.04181981086730957),(Vehicles4↦-0.015293359756469727),(Vehicles5↦0.009946823120117188)}",
        "VehiclesVx": "{(EgoVehicle↦29.99866485595703),(Vehicles2↦-10.931867361068726),(Vehicles3↦-9.378871321678162),(Vehicles4↦-9.557768702507019),(Vehicles5↦-10.522222518920898)}",
        "VehiclesY": "{(EgoVehicle↦7.996577739715576),(Vehicles2↦-3.9965776205062866),(Vehicles3↦-7.996577739715576),(Vehicles4↦0.003422506037168205),(Vehicles5↦-3.9965776205062866)}",
        "VehiclesVy": "{(EgoVehicle↦0.015768466982990503),(Vehicles2↦-0.015768466982990503),(Vehicles3↦-0.015768466982990503),(Vehicles4↦-0.015768466982990503),(Vehicles5↦-0.015768466982990503)}",
        "VehiclesX": "{(EgoVehicle↦200.0),(Vehicles2↦5.867720395326614),(Vehicles3↦8.009333163499832),(Vehicles4↦33.639007806777954),(Vehicles5↦65.93159437179565)}"
      },
      "probabilisticVariables": null,
      "activating": [
        "LANE_LEFT_25"
      ],
      "activatingOnlyWhenExecuted": true,
      "updating": null,
      "withPredicate": null
    },
    {
      "id": "LANE_LEFT_25",
      "execute": "LANE_LEFT",
      "after": "1000",
      "priority": 0,
      "additionalGuards": null,
      "activationKind": null,
      "fixedVariables": {
        "Crash": "TRUE",
        "VehiclesAy": "{(EgoVehicle↦-2.95009738067165),(Vehicles2↦2.95009738067165),(Vehicles3↦2.95009738067165),(Vehicles4↦2.95009738067165),(Vehicles5↦2.918560446705669)}",
        "Reward": "0.03333333333333336",
        "VehiclesAx": "{(EgoVehicle↦-14.92186188697815),(Vehicles2↦16.460456252098083),(Vehicles3↦4.071300029754639),(Vehicles4↦14.935284852981567),(Vehicles5↦14.958465993404388)}",
        "VehiclesVx": "{(EgoVehicle↦15.076802968978882),(Vehicles2↦5.528588891029358),(Vehicles3↦-5.307571291923523),(Vehicles4↦5.377516150474548),(Vehicles5↦4.43624347448349)}",
        "VehiclesY": "{(EgoVehicle↦4.577840566635132),(Vehicles2↦-4.577840566635132),(Vehicles3↦-1.7686893939971924),(Vehicles4↦3.4221596717834473),(Vehicles5↦-0.5778404474258423)}",
        "VehiclesVy": "{(EgoVehicle↦-2.9343289136886597),(Vehicles2↦2.9343289136886597),(Vehicles3↦2.9343289136886597),(Vehicles4↦2.9343289136886597),(Vehicles5↦2.9343289136886597)}",
        "VehiclesX": "{(EgoVehicle↦200.0),(Vehicles2↦2.22184918820858),(Vehicles3↦-3.7848997861146927),(Vehicles4↦27.683669328689575),(Vehicles5↦59.02124047279358)}"
      },
      "probabilisticVariables": null,
      "activating": null,
      "activatingOnlyWhenExecuted": true,
      "updating": null,
      "withPredicate": null
    }
  ],
  "listeners": [],
  "metadata": {
    "fileType": "Timed_Trace",
    "formatVersion": 3,
    "savedAt": "2023-08-15T11:29:17.945213Z",
    "creator": "Simulation: MONTE_CARLO_SIMULATION; MAX_STEPS_BEFORE_PROPERTY : 0, EXECUTIONS : 1000, ENDING_TIME : 60000",
    "proB2KernelVersion": "4.12.2",
    "proBCliVersion": "1.12.2-final",
    "modelName": "HighwayEnvironment"
  }
}