{
  "variables": {},
  "activations": [
    {
      "id": "$setup_constants",
      "execute": "$setup_constants",
      "after": "0",
      "priority": 0,
      "additionalGuards": null,
      "activationKind": null,
      "fixedVariables": null,
      "probabilisticVariables": null,
      "activating": null,
      "activatingOnlyWhenExecuted": true,
      "updating": null,
      "withPredicate": null
    },
    {
      "id": "$initialise_machine",
      "execute": "$initialise_machine",
      "after": "0",
      "priority": 0,
      "additionalGuards": null,
      "activationKind": null,
      "fixedVariables": {
        "Crash": "FALSE",
        "VehiclesAy": "{(EgoVehicle↦0.0),(Vehicles2↦0.0),(Vehicles3↦0.0),(Vehicles4↦0.0),(Vehicles5↦0.0)}",
        "Reward": "0.0",
        "VehiclesAx": "{(EgoVehicle↦0.0),(Vehicles2↦0.0),(Vehicles3↦0.0),(Vehicles4↦0.0),(Vehicles5↦0.0)}",
        "VehiclesVx": "{(EgoVehicle↦25.0),(Vehicles2↦-3.420228958129883),(Vehicles3↦-3.971604108810425),(Vehicles4↦-1.9139078259468079),(Vehicles5↦-1.2339678406715393)}",
        "VehiclesY": "{(EgoVehicle↦4.0000001192092896),(Vehicles2↦-4.0000001192092896),(Vehicles3↦0.0),(Vehicles4↦0.0),(Vehicles5↦0.0)}",
        "VehiclesVy": "{(EgoVehicle↦0.0),(Vehicles2↦0.0),(Vehicles3↦0.0),(Vehicles4↦0.0),(Vehicles5↦0.0)}",
        "VehiclesX": "{(EgoVehicle↦153.77010107040405),(Vehicles2↦22.857913374900818),(Vehicles3↦46.89955711364746),(Vehicles4↦72.66798615455627),(Vehicles5↦98.26369881629944)}"
      },
      "probabilisticVariables": null,
      "activating": [
        "LANE_RIGHT_2"
      ],
      "activatingOnlyWhenExecuted": true,
      "updating": null,
      "withPredicate": null
    },
    {
      "id": "LANE_RIGHT_2",
      "execute": "LANE_RIGHT",
      "after": "1000",
      "priority": 0,
      "additionalGuards": null,
      "activationKind": null,
      "fixedVariables": {
        "Crash": "FALSE",
        "VehiclesAy": "{(EgoVehicle↦1.0796338319778442),(Vehicles2↦-1.0796338319778442),(Vehicles3↦-2.301682084798813),(Vehicles4↦1.0351302474737167),(Vehicles5↦-1.0796338319778442)}",
        "Reward": "0.8660447183419508",
        "VehiclesAx": "{(EgoVehicle↦-0.023322105407714844),(Vehicles2↦-0.37995457649230957),(Vehicles3↦-4.247373938560486),(Vehicles4↦-3.797871172428131),(Vehicles5↦-0.6950987875461578)}",
        "VehiclesVx": "{(EgoVehicle↦24.976677894592285),(Vehicles2↦-3.8001835346221924),(Vehicles3↦-8.21897804737091),(Vehicles4↦-5.711778998374939),(Vehicles5↦-1.9290666282176971)}",
        "VehiclesY": "{(EgoVehicle↦7.6599647998809814),(Vehicles2↦-7.6599647998809814),(Vehicles3↦-3.1813087463378906),(Vehicles4↦-0.4111265391111374),(Vehicles5↦-3.6599650382995605)}",
        "VehiclesVy": "{(EgoVehicle↦1.0796338319778442),(Vehicles2↦-1.0796338319778442),(Vehicles3↦-2.301682084798813),(Vehicles4↦1.0351302474737167),(Vehicles5↦-1.0796338319778442)}",
        "VehiclesX": "{(EgoVehicle↦178.450345993042),(Vehicles2↦19.590820372104645),(Vehicles3↦41.17153286933899),(Vehicles4↦68.58512759208679),(Vehicles5↦97.24056124687195)}"
      },
      "probabilisticVariables": null,
      "activating": [
        "FASTER_3"
      ],
      "activatingOnlyWhenExecuted": true,
      "updating": null,
      "withPredicate": null
    },
    {
      "id": "FASTER_3",
      "execute": "FASTER",
      "after": "1000",
      "priority": 0,
      "additionalGuards": null,
      "activationKind": null,
      "fixedVariables": {
        "Crash": "FALSE",
        "VehiclesAy": "{(EgoVehicle↦-1.0525126825086772),(Vehicles2↦1.0525126825086772),(Vehicles3↦2.1634672954678535),(Vehicles4↦-0.9199730772525072),(Vehicles5↦-1.1067549814470112)}",
        "Reward": "0.9824413667099782",
        "VehiclesAx": "{(EgoVehicle↦4.364874362945557),(Vehicles2↦-4.67251181602478),(Vehicles3↦-3.1045180559158325),(Vehicles4↦-3.8755571842193604),(Vehicles5↦-4.96901348233223)}",
        "VehiclesVx": "{(EgoVehicle↦29.341552257537842),(Vehicles2↦-8.472695350646973),(Vehicles3↦-11.323496103286743),(Vehicles4↦-9.5873361825943),(Vehicles5↦-6.898080110549927)}",
        "VehiclesY": "{(EgoVehicle↦7.993496417999268),(Vehicles2↦-7.993496417999268),(Vehicles3↦-3.954041361808777),(Vehicles4↦-0.04264312796294689),(Vehicles5↦-3.993496298789978)}",
        "VehiclesVy": "{(EgoVehicle↦0.027121149469166994),(Vehicles2↦-0.027121149469166994),(Vehicles3↦-0.13821478933095932),(Vehicles4↦0.11515717022120953),(Vehicles5↦-0.027121149469166994)}",
        "VehiclesX": "{(EgoVehicle↦200.0),(Vehicles2↦13.244351744651794),(Vehicles3↦31.10332190990448),(Vehicles4↦60.745471715927124),(Vehicles5↦92.55813360214233)}"
      },
      "probabilisticVariables": null,
      "activating": [
        "LANE_RIGHT_4"
      ],
      "activatingOnlyWhenExecuted": true,
      "updating": null,
      "withPredicate": null
    },
    {
      "id": "LANE_RIGHT_4",
      "execute": "LANE_RIGHT",
      "after": "1000",
      "priority": 0,
      "additionalGuards": null,
      "activationKind": null,
      "fixedVariables": {
        "Crash": "FALSE",
        "VehiclesAy": "{(EgoVehicle↦-0.027026898560507107),(Vehicles2↦0.027026898560507107),(Vehicles3↦0.1299176609609276),(Vehicles4↦-0.10621900961268693),(Vehicles5↦-0.02721540037782688)}",
        "Reward": "0.9976877960072628",
        "VehiclesAx": "{(EgoVehicle↦0.571739673614502),(Vehicles2↦-0.7826143503189087),(Vehicles3↦0.19231319427490234),(Vehicles4↦-0.5620366334915161),(Vehicles5↦-0.8067137002944946)}",
        "VehiclesVx": "{(EgoVehicle↦29.913291931152344),(Vehicles2↦-9.255309700965881),(Vehicles3↦-11.13118290901184),(Vehicles4↦-10.149372816085815),(Vehicles5↦-7.704793810844421)}",
        "VehiclesY": "{(EgoVehicle↦8.000001668930054),(Vehicles2↦-8.000001668930054),(Vehicles3↦-3.9971219301223755),(Vehicles4↦-0.0031291055493056774),(Vehicles5↦-4.000001907348633)}",
        "VehiclesVy": "{(EgoVehicle↦9.42509086598875E-05),(Vehicles2↦-9.42509086598875E-05),(Vehicles3↦-0.008297128370031714),(Vehicles4↦0.008938160608522594),(Vehicles5↦-9.42509086598875E-05)}",
        "VehiclesX": "{(EgoVehicle↦200.0),(Vehicles2↦4.365302622318268),(Vehicles3↦19.800449907779694),(Vehicles4↦50.86562633514404),(Vehicles5↦85.23886203765869)}"
      },
      "probabilisticVariables": null,
      "activating": [
        "LANE_RIGHT_5"
      ],
      "activatingOnlyWhenExecuted": true,
      "updating": null,
      "withPredicate": null
    },
    {
      "id": "LANE_RIGHT_5",
      "execute": "LANE_RIGHT",
      "after": "1000",
      "priority": 0,
      "additionalGuards": null,
      "activationKind": null,
      "fixedVariables": {
        "Crash": "FALSE",
        "VehiclesAy": "{(EgoVehicle↦-0.00010026566940268822),(Vehicles2↦0.00010026566940268822),(Vehicles3↦0.007735530634818133),(Vehicles4↦-0.008353824014193378),(Vehicles5↦-8.823614791708678E-05)}",
        "Reward": "0.9996955122319143",
        "VehiclesAx": "{(EgoVehicle↦0.07529020309448242),(Vehicles2↦-0.21746695041656494),(Vehicles3↦0.38408517837524414),(Vehicles4↦-0.21828293800354004),(Vehicles5↦-0.1794987916946411)}",
        "VehiclesVx": "{(EgoVehicle↦29.988582134246826),(Vehicles2↦-9.472776651382446),(Vehicles3↦-10.747097730636597),(Vehicles4↦-10.367655754089355),(Vehicles5↦-7.8842926025390625)}",
        "VehiclesY": "{(EgoVehicle↦8.000001668930054),(Vehicles2↦-8.000001668930054),(Vehicles3↦-3.9998037815093994),(Vehicles4↦-0.00020288946689106524),(Vehicles5↦-4.000001907348633)}",
        "VehiclesVy": "{(EgoVehicle↦-6.014760742800718E-06),(Vehicles2↦6.014760742800718E-06),(Vehicles3↦-0.0005615977352135815),(Vehicles4↦0.0005843365943292156),(Vehicles5↦6.014760742800718E-06)}",
        "VehiclesX": "{(EgoVehicle↦200.0),(Vehicles2↦-4.992913827300072),(Vehicles3↦8.830247074365616),(Vehicles4↦40.62421917915344),(Vehicles5↦77.44325995445251)}"
      },
      "probabilisticVariables": null,
      "activating": [
        "IDLE_6"
      ],
      "activatingOnlyWhenExecuted": true,
      "updating": null,
      "withPredicate": null
    },
    {
      "id": "IDLE_6",
      "execute": "IDLE",
      "after": "1000",
      "priority": 0,
      "additionalGuards": null,
      "activationKind": null,
      "fixedVariables": {
        "Crash": "FALSE",
        "VehiclesAy": "{(EgoVehicle↦5.895750891937723E-06),(Vehicles2↦-4.3667286604431865E-05),(Vehicles3↦0.0005994478783577506),(Vehicles4↦-0.0005842175844783526),(Vehicles5↦6.133770593663712E-06)}",
        "Reward": "0.9999599028453572",
        "VehiclesAx": "{(EgoVehicle↦0.009913444519042969),(Vehicles2↦-1.0061275959014893),(Vehicles3↦0.1818394660949707),(Vehicles4↦2.4340248107910156),(Vehicles5↦-2.89949893951416)}",
        "VehiclesVx": "{(EgoVehicle↦29.99849557876587),(Vehicles2↦-10.478904247283936),(Vehicles3↦-10.565258264541626),(Vehicles4↦-7.93363094329834),(Vehicles5↦-10.783791542053223)}",
        "VehiclesY": "{(EgoVehicle↦8.000000238418579),(Vehicles2↦-3.9999868869781494),(Vehicles3↦-1.3200942248658976E-05),(Vehicles4↦-4.0000001192092896),(Vehicles5↦-8.000000238418579)}",
        "VehiclesVy": "{(EgoVehicle↦-1.1900985086299443E-07),(Vehicles2↦-3.765252586163115E-05),(Vehicles3↦3.7850143144169124E-05),(Vehicles4↦1.1900985086299443E-07),(Vehicles5↦1.1900985086299443E-07)}",
        "VehiclesX": "{(EgoVehicle↦200.0),(Vehicles2↦-1.800340786576271),(Vehicles3↦30.177071690559387),(Vehicles4↦69.53456997871399),(Vehicles5↦80.45810461044312)}"
      },
      "probabilisticVariables": null,
      "activating": [
        "SLOWER_7"
      ],
      "activatingOnlyWhenExecuted": true,
      "updating": null,
      "withPredicate": null
    },
    {
      "id": "SLOWER_7",
      "execute": "SLOWER",
      "after": "1000",
      "priority": 0,
      "additionalGuards": null,
      "activationKind": null,
      "fixedVariables": {
        "Crash": "FALSE",
        "VehiclesAy": "{(EgoVehicle↦1.1812399947075392E-07),(Vehicles2↦3.5199963122067857E-05),(Vehicles3↦-3.533654762577498E-05),(Vehicles4↦-1.1812399947075392E-07),(Vehicles5↦1.1989570225523494E-07)}",
        "Reward": "0.8842196854227081",
        "VehiclesAx": "{(EgoVehicle↦-4.34025764465332),(Vehicles2↦4.516091346740723),(Vehicles3↦4.155955910682678),(Vehicles4↦4.325203001499176),(Vehicles5↦4.393351674079895)}",
        "VehiclesVx": "{(EgoVehicle↦25.65823793411255),(Vehicles2↦-5.962812900543213),(Vehicles3↦-6.409302353858948),(Vehicles4↦-3.608427941799164),(Vehicles5↦-6.390439867973328)}",
        "VehiclesY": "{(EgoVehicle↦8.000000238418579),(Vehicles2↦-3.9999990463256836),(Vehicles3↦-8.808136726656812E-07),(Vehicles4↦-4.0000001192092896),(Vehicles5↦-8.000000238418579)}",
        "VehiclesVy": "{(EgoVehicle↦-8.858513922405109E-10),(Vehicles2↦-2.452562739563291E-06),(Vehicles3↦2.5135955183941405E-06),(Vehicles4↦8.858513922405109E-10),(Vehicles5↦8.858513922405109E-10)}",
        "VehiclesX": "{(EgoVehicle↦200.0),(Vehicles2↦-9.808584302663803),(Vehicles3↦21.931128203868866),(Vehicles4↦63.988304138183594),(Vehicles5↦72.08594083786011)}"
      },
      "probabilisticVariables": null,
      "activating": [
        "FASTER_8"
      ],
      "activatingOnlyWhenExecuted": true,
      "updating": null,
      "withPredicate": null
    },
    {
      "id": "FASTER_8",
      "execute": "FASTER",
      "after": "1000",
      "priority": 0,
      "additionalGuards": null,
      "activationKind": null,
      "fixedVariables": {
        "Crash": "FALSE",
        "VehiclesAy": "{(EgoVehicle↦8.789768912720319E-10),(Vehicles2↦2.623081449826259E-06),(Vehicles3↦-2.513588643893172E-06),(Vehicles4↦-8.789768912720319E-10),(Vehicles5↦8.927258932089899E-10)}",
        "Reward": "0.9847532096029905",
        "VehiclesAx": "{(EgoVehicle↦3.770008087158203),(Vehicles2↦-4.378560781478882),(Vehicles3↦-0.9790748357772827),(Vehicles4↦-6.464876234531403),(Vehicles5↦-5.822449326515198)}",
        "VehiclesVx": "{(EgoVehicle↦29.428246021270752),(Vehicles2↦-10.341373682022095),(Vehicles3↦-7.3883771896362305),(Vehicles4↦-10.073304176330566),(Vehicles5↦-12.212889194488525)}",
        "VehiclesY": "{(EgoVehicle↦8.000000238418579),(Vehicles2↦-5.994779606055545E-08),(Vehicles3↦-4.0000001192092896),(Vehicles4↦-8.000000238418579),(Vehicles5↦-1.0511591597150982E-12)}",
        "VehiclesVy": "{(EgoVehicle↦-6.874500968478969E-12),(Vehicles2↦1.7051871026296794E-07),(Vehicles3↦6.874500968478969E-12),(Vehicles4↦6.874500968478969E-12),(Vehicles5↦6.874500968478969E-12)}",
        "VehiclesX": "{(EgoVehicle↦200.0),(Vehicles2↦13.375122845172882),(Vehicles3↦58.29616189002991),(Vehicles4↦63.64893317222595),(Vehicles5↦69.6800708770752)}"
      },
      "probabilisticVariables": null,
      "activating": [
        "LANE_LEFT_9"
      ],
      "activatingOnlyWhenExecuted": true,
      "updating": null,
      "withPredicate": null
    },
    {
      "id": "LANE_LEFT_9",
      "execute": "LANE_LEFT",
      "after": "1000",
      "priority": 0,
      "additionalGuards": null,
      "activationKind": null,
      "fixedVariables": {
        "Crash": "FALSE",
        "VehiclesAy": "{(EgoVehicle↦-1.019721850745956),(Vehicles2↦1.0197216802341202),(Vehicles3↦1.019721850745956),(Vehicles4↦1.019721850745956),(Vehicles5↦1.019721850759705)}",
        "Reward": "0.9641954136637039",
        "VehiclesAx": "{(EgoVehicle↦0.4790830612182617),(Vehicles2↦-0.6134545803070068),(Vehicles3↦-0.49182116985321045),(Vehicles4↦-0.3796672821044922),(Vehicles5↦-0.22582530975341797)}",
        "VehiclesVx": "{(EgoVehicle↦29.907329082489014),(Vehicles2↦-10.954828262329102),(Vehicles3↦-7.880198359489441),(Vehicles4↦-10.452971458435059),(Vehicles5↦-12.438714504241943)}",
        "VehiclesY": "{(EgoVehicle↦4.292597651481628),(Vehicles2↦3.7074025869369507),(Vehicles3↦-0.2925975099205971),(Vehicles4↦-4.292597651481628),(Vehicles5↦3.7074025869369507)}",
        "VehiclesVy": "{(EgoVehicle↦-1.0197218507528305),(Vehicles2↦1.0197218507528305),(Vehicles3↦1.0197218507528305),(Vehicles4↦1.0197218507528305),(Vehicles5↦1.0197218507528305)}",
        "VehiclesX": "{(EgoVehicle↦200.0),(Vehicles2↦2.9841091483831406),(Vehicles3↦50.909423828125),(Vehicles4↦53.621357679367065),(Vehicles5↦57.576924562454224)}"
      },
      "probabilisticVariables": null,
      "activating": [
        "SLOWER_10"
      ],
      "activatingOnlyWhenExecuted": true,
      "updating": null,
      "withPredicate": null
    },
    {
      "id": "SLOWER_10",
      "execute": "SLOWER",
      "after": "1000",
      "priority": 0,
      "additionalGuards": null,
      "activationKind": null,
      "fixedVariables": {
        "Crash": "FALSE",
        "VehiclesAy": "{(EgoVehicle↦0.996295316144824),(Vehicles2↦-0.996295316144824),(Vehicles3↦-0.996295316144824),(Vehicles4↦-0.996295316144824),(Vehicles5↦1.043148385360837)}",
        "Reward": "0.8506269444073536",
        "VehiclesAx": "{(EgoVehicle↦-4.258818626403809),(Vehicles2↦4.151901006698608),(Vehicles3↦4.240986704826355),(Vehicles4↦4.358685612678528),(Vehicles5↦4.483088850975037)}",
        "VehiclesVx": "{(EgoVehicle↦25.648510456085205),(Vehicles2↦-6.802927255630493),(Vehicles3↦-3.639211654663086),(Vehicles4↦-6.094285845756531),(Vehicles5↦-7.955625653266907)}",
        "VehiclesY": "{(EgoVehicle↦4.006943464279175),(Vehicles2↦3.9930564165115356),(Vehicles3↦-0.006943572778254747),(Vehicles4↦-4.006943464279175),(Vehicles5↦3.9930564165115356)}",
        "VehiclesVy": "{(EgoVehicle↦-0.023426534608006477),(Vehicles2↦0.023426534608006477),(Vehicles3↦0.023426534608006477),(Vehicles4↦0.023426534608006477),(Vehicles5↦0.023426534608006477)}",
        "VehiclesX": "{(EgoVehicle↦200.0),(Vehicles2↦-5.671290308237076),(Vehicles3↦45.36682963371277),(Vehicles4↦45.55291533470154),(Vehicles5↦47.57469296455383)}"
      },
      "probabilisticVariables": null,
      "activating": [
        "SLOWER_11"
      ],
      "activatingOnlyWhenExecuted": true,
      "updating": null,
      "withPredicate": null
    },
    {
      "id": "SLOWER_11",
      "execute": "SLOWER",
      "after": "1000",
      "priority": 0,
      "additionalGuards": null,
      "activationKind": null,
      "fixedVariables": {
        "Crash": "FALSE",
        "VehiclesAy": "{(EgoVehicle↦0.022522061844938435),(Vehicles2↦-0.02252206177217886),(Vehicles3↦-0.022522061844938435),(Vehicles4↦-0.022522061844938435),(Vehicles5↦0.02433100737107452)}",
        "Reward": "0.7198356840438974",
        "VehiclesAx": "{(EgoVehicle↦-4.904673099517822),(Vehicles2↦4.822831898927689),(Vehicles3↦2.543969601392746),(Vehicles4↦3.2373839616775513),(Vehicles5↦9.198325127363205)}",
        "VehiclesVx": "{(EgoVehicle↦20.743837356567383),(Vehicles2↦-1.9800953567028046),(Vehicles3↦-1.09524205327034),(Vehicles4↦-2.8569018840789795),(Vehicles5↦1.2426994740962982)}",
        "VehiclesY": "{(EgoVehicle↦4.000312685966492),(Vehicles2↦3.9996871948242188),(Vehicles3↦-4.000312685966492),(Vehicles4↦3.9996871948242188),(Vehicles5↦-0.00031270844192476943)}",
        "VehiclesVy": "{(EgoVehicle↦-0.0009044727630680427),(Vehicles2↦0.0009044728358276188),(Vehicles3↦0.0009044727630680427),(Vehicles4↦0.0009044727630680427),(Vehicles5↦0.0009044727630680427)}",
        "VehiclesX": "{(EgoVehicle↦200.0),(Vehicles2↦-9.80314016342163),(Vehicles3↦42.20265746116638),(Vehicles4↦42.40472614765167),(Vehicles5↦44.424572587013245)}"
      },
      "probabilisticVariables": null,
      "activating": [
        "LANE_LEFT_12"
      ],
      "activatingOnlyWhenExecuted": true,
      "updating": null,
      "withPredicate": null
    },
    {
      "id": "LANE_LEFT_12",
      "execute": "LANE_LEFT",
      "after": "1000",
      "priority": 0,
      "additionalGuards": null,
      "activationKind": null,
      "fixedVariables": {
        "Crash": "FALSE",
        "VehiclesAy": "{(EgoVehicle↦-1.1581874916009838),(Vehicles2↦1.1581874915282242),(Vehicles3↦1.1581874916009838),(Vehicles4↦1.1581874916009838),(Vehicles5↦1.1599964371271199)}",
        "Reward": "0.66838673343239",
        "VehiclesAx": "{(EgoVehicle↦-0.6793355941772461),(Vehicles2↦-0.030746906995773315),(Vehicles3↦0.7656336203217506),(Vehicles4↦4.7522686421871185),(Vehicles5↦-2.0531634986400604)}",
        "VehiclesVx": "{(EgoVehicle↦20.064501762390137),(Vehicles2↦-2.010842263698578),(Vehicles3↦-0.3296084329485893),(Vehicles4↦1.895366758108139),(Vehicles5↦-0.8104640245437622)}",
        "VehiclesY": "{(EgoVehicle↦0.4015762656927109),(Vehicles2↦7.598423480987549),(Vehicles3↦-0.4015762656927109),(Vehicles4↦3.598423719406128),(Vehicles5↦7.598423480987549)}",
        "VehiclesVy": "{(EgoVehicle↦-1.1590919643640518),(Vehicles2↦1.1590919643640518),(Vehicles3↦1.1590919643640518),(Vehicles4↦1.1590919643640518),(Vehicles5↦1.1590919643640518)}",
        "VehiclesX": "{(EgoVehicle↦200.0),(Vehicles2↦40.34818410873413),(Vehicles3↦41.87427461147308),(Vehicles4↦46.38851583003998),(Vehicles5↦92.84607768058777)}"
      },
      "probabilisticVariables": null,
      "activating": [
        "LANE_RIGHT_13"
      ],
      "activatingOnlyWhenExecuted": true,
      "updating": null,
      "withPredicate": null
    },
    {
      "id": "LANE_RIGHT_13",
      "execute": "LANE_RIGHT",
      "after": "1000",
      "priority": 0,
      "additionalGuards": null,
      "activationKind": null,
      "fixedVariables": {
        "Crash": "FALSE",
        "VehiclesAy": "{(EgoVehicle↦2.234649434685707),(Vehicles2↦-2.234649434685707),(Vehicles3↦-2.234649434685707),(Vehicles4↦-2.234649434685707),(Vehicles5↦0.08353449404239655)}",
        "Reward": "0.7000000000000001",
        "VehiclesAx": "{(EgoVehicle↦-0.08052587509155273),(Vehicles2↦0.22407054901123047),(Vehicles3↦0.1580301858484745),(Vehicles4↦0.05110800266265869),(Vehicles5↦0.12911535799503326)}",
        "VehiclesVx": "{(EgoVehicle↦19.983975887298584),(Vehicles2↦-1.7867717146873474),(Vehicles3↦-0.17157824710011482),(Vehicles4↦1.9464747607707977),(Vehicles5↦-0.6813486665487289)}",
        "VehiclesY": "{(EgoVehicle↦3.6277871131896973),(Vehicles2↦4.372212767601013),(Vehicles3↦-3.6277871131896973),(Vehicles4↦0.37221280485391617),(Vehicles5↦4.372212767601013)}",
        "VehiclesVy": "{(EgoVehicle↦1.0755574703216553),(Vehicles2↦-1.0755574703216553),(Vehicles3↦-1.0755574703216553),(Vehicles4↦-1.0755574703216553),(Vehicles5↦-1.0755574703216553)}",
        "VehiclesX": "{(EgoVehicle↦200.0),(Vehicles2↦38.71723711490631),(Vehicles3↦41.89716577529907),(Vehicles4↦48.5930860042572),(Vehicles5↦92.37638115882874)}"
      },
      "probabilisticVariables": null,
      "activating": [
        "LANE_RIGHT_14"
      ],
      "activatingOnlyWhenExecuted": true,
      "updating": null,
      "withPredicate": null
    },
    {
      "id": "LANE_RIGHT_14",
      "execute": "LANE_RIGHT",
      "after": "1000",
      "priority": 0,
      "additionalGuards": null,
      "activationKind": null,
      "fixedVariables": {
        "Crash": "FALSE",
        "VehiclesAy": "{(EgoVehicle↦0.1374967396259308),(Vehicles2↦-0.1374967396259308),(Vehicles3↦-0.1374967396259308),(Vehicles4↦-0.1374967396259308),(Vehicles5↦-2.2886116802692413)}",
        "Reward": "0.7333333333333334",
        "VehiclesAx": "{(EgoVehicle↦-0.01909494400024414),(Vehicles2↦0.14355987310409546),(Vehicles3↦0.08804744109511375),(Vehicles4↦-0.012059211730957031),(Vehicles5↦0.06209764629602432)}",
        "VehiclesVx": "{(EgoVehicle↦19.96488094329834),(Vehicles2↦-1.643211841583252),(Vehicles3↦-0.08353080600500107),(Vehicles4↦1.9344155490398407),(Vehicles5↦-0.6192510202527046)}",
        "VehiclesY": "{(EgoVehicle↦7.580584287643433),(Vehicles2↦0.4194154143333435),(Vehicles3↦-7.580584287643433),(Vehicles4↦-3.5805845260620117),(Vehicles5↦0.4194154143333435)}",
        "VehiclesVy": "{(EgoVehicle↦1.213054209947586),(Vehicles2↦-1.213054209947586),(Vehicles3↦-1.213054209947586),(Vehicles4↦-1.213054209947586),(Vehicles5↦-1.213054209947586)}",
        "VehiclesX": "{(EgoVehicle↦200.0),(Vehicles2↦37.42816150188446),(Vehicles3↦42.20036268234253),(Vehicles4↦50.97373723983765),(Vehicles5↦92.15913414955139)}"
      },
      "probabilisticVariables": null,
      "activating": [
        "FASTER_15"
      ],
      "activatingOnlyWhenExecuted": true,
      "updating": null,
      "withPredicate": null
    },
    {
      "id": "FASTER_15",
      "execute": "FASTER",
      "after": "1000",
      "priority": 0,
      "additionalGuards": null,
      "activationKind": null,
      "fixedVariables": {
        "Crash": "FALSE",
        "VehiclesAy": "{(EgoVehicle↦-1.153266802430153),(Vehicles2↦1.153266802430153),(Vehicles3↦1.153266802430153),(Vehicles4↦1.153266802430153),(Vehicles5↦-1.2728416174650192)}",
        "Reward": "0.8491123748143533",
        "VehiclesAx": "{(EgoVehicle↦4.376833438873291),(Vehicles2↦-4.267895817756653),(Vehicles3↦-4.315747655928135),(Vehicles4↦-4.408929198980331),(Vehicles5↦-4.3377841636538506)}",
        "VehiclesVx": "{(EgoVehicle↦24.34171438217163),(Vehicles2↦-5.911107659339905),(Vehicles3↦-4.399278461933136),(Vehicles4↦-2.4745136499404907),(Vehicles5↦-4.957035183906555)}",
        "VehiclesY": "{(EgoVehicle↦7.9819464683532715),(Vehicles2↦0.018053490668535233),(Vehicles3↦-7.9819464683532715),(Vehicles4↦-3.981946349143982),(Vehicles5↦0.018053490668535233)}",
        "VehiclesVy": "{(EgoVehicle↦0.059787407517433167),(Vehicles2↦-0.059787407517433167),(Vehicles3↦-0.059787407517433167),(Vehicles4↦-0.059787407517433167),(Vehicles5↦-0.059787407517433167)}",
        "VehiclesX": "{(EgoVehicle↦200.0),(Vehicles2↦33.404532074928284),(Vehicles3↦39.716753363609314),(Vehicles4↦50.470250844955444),(Vehicles5↦89.13066387176514)}"
      },
      "probabilisticVariables": null,
      "activating": [
        "LANE_RIGHT_16"
      ],
      "activatingOnlyWhenExecuted": true,
      "updating": null,
      "withPredicate": null
    },
    {
      "id": "LANE_RIGHT_16",
      "execute": "LANE_RIGHT",
      "after": "1000",
      "priority": 0,
      "additionalGuards": null,
      "activationKind": null,
      "fixedVariables": {
        "Crash": "FALSE",
        "VehiclesAy": "{(EgoVehicle↦-0.05784371605841443),(Vehicles2↦0.05784371605841443),(Vehicles3↦0.05784371605841443),(Vehicles4↦0.05784371605841443),(Vehicles5↦-0.061731098976451904)}",
        "Reward": "0.8643552461912994",
        "VehiclesAx": "{(EgoVehicle↦0.5716061592102051),(Vehicles2↦-0.47529399394989014),(Vehicles3↦-0.5175381898880005),(Vehicles4↦-0.6040489673614502),(Vehicles5↦-0.5355685949325562)}",
        "VehiclesVx": "{(EgoVehicle↦24.913320541381836),(Vehicles2↦-6.386401653289795),(Vehicles3↦-4.9168166518211365),(Vehicles4↦-3.078562617301941),(Vehicles5↦-5.492603778839111)}",
        "VehiclesY": "{(EgoVehicle↦7.9994165897369385),(Vehicles2↦0.000583557179197669),(Vehicles3↦-7.9994165897369385),(Vehicles4↦-3.999416470527649),(Vehicles5↦0.000583557179197669)}",
        "VehiclesVy": "{(EgoVehicle↦0.001943691459018737),(Vehicles2↦-0.001943691459018737),(Vehicles3↦-0.001943691459018737),(Vehicles4↦-0.001943691459018737),(Vehicles5↦-0.001943691459018737)}",
        "VehiclesX": "{(EgoVehicle↦200.0),(Vehicles2↦27.217504382133484),(Vehicles3↦35.02427339553833),(Vehicles4↦47.66741693019867),(Vehicles5↦83.87290239334106)}"
      },
      "probabilisticVariables": null,
      "activating": [
        "LANE_RIGHT_17"
      ],
      "activatingOnlyWhenExecuted": true,
      "updating": null,
      "withPredicate": null
    },
    {
      "id": "LANE_RIGHT_17",
      "execute": "LANE_RIGHT",
      "after": "1000",
      "priority": 0,
      "additionalGuards": null,
      "activationKind": null,
      "fixedVariables": {
        "Crash": "FALSE",
        "VehiclesAy": "{(EgoVehicle↦-0.0018826457471732283),(Vehicles2↦0.0018826457471732283),(Vehicles3↦0.0018826457471732283),(Vehicles4↦0.0018826457471732283),(Vehicles5↦-0.002004737170864246)}",
        "Reward": "0.8663622823415892",
        "VehiclesAx": "{(EgoVehicle↦0.07526397705078125),(Vehicles2↦0.010721087455749512),(Vehicles3↦-0.02734750509262085),(Vehicles4↦-0.10761916637420654),(Vehicles5↦-0.04166901111602783)}",
        "VehiclesVx": "{(EgoVehicle↦24.988584518432617),(Vehicles2↦-6.375680565834045),(Vehicles3↦-4.944164156913757),(Vehicles4↦-3.1861817836761475),(Vehicles5↦-5.534272789955139)}",
        "VehiclesY": "{(EgoVehicle↦7.999981641769409),(Vehicles2↦1.8315547094971407E-05),(Vehicles3↦-7.999981641769409),(Vehicles4↦-3.9999815225601196),(Vehicles5↦1.8315547094971407E-05)}",
        "VehiclesVy": "{(EgoVehicle↦6.104571184550878E-05),(Vehicles2↦-6.104571184550878E-05),(Vehicles3↦-6.104571184550878E-05),(Vehicles4↦-6.104571184550878E-05),(Vehicles5↦-6.104571184550878E-05)}",
        "VehiclesX": "{(EgoVehicle↦200.0),(Vehicles2↦20.824724435806274),(Vehicles3↦30.08556365966797),(Vehicles4↦44.53437030315399),(Vehicles5↦78.35239768028259)}"
      },
      "probabilisticVariables": null,
      "activating": [
        "LANE_RIGHT_18"
      ],
      "activatingOnlyWhenExecuted": true,
      "updating": null,
      "withPredicate": null
    },
    {
      "id": "LANE_RIGHT_18",
      "execute": "LANE_RIGHT",
      "after": "1000",
      "priority": 0,
      "additionalGuards": null,
      "activationKind": null,
      "fixedVariables": {
        "Crash": "FALSE",
        "VehiclesAy": "{(EgoVehicle↦-5.9136779100299464E-05),(Vehicles2↦5.9136779100299464E-05),(Vehicles3↦5.9136779100299464E-05),(Vehicles4↦5.9136779100299464E-05),(Vehicles5↦-6.295464459071809E-05)}",
        "Reward": "0.8666265831344061",
        "VehiclesAx": "{(EgoVehicle↦0.009913444519042969),(Vehicles2↦0.06754279136657715),(Vehicles3↦0.0326576828956604),(Vehicles4↦-0.04186958074569702),(Vehicles5↦0.021599531173706055)}",
        "VehiclesVx": "{(EgoVehicle↦24.99849796295166),(Vehicles2↦-6.308137774467468),(Vehicles3↦-4.911506474018097),(Vehicles4↦-3.2280513644218445),(Vehicles5↦-5.512673258781433)}",
        "VehiclesY": "{(EgoVehicle↦7.999999523162842),(Vehicles2↦5.726873268940835E-07),(Vehicles3↦-7.999999523162842),(Vehicles4↦-3.9999994039535522),(Vehicles5↦5.726873268940835E-07)}",
        "VehiclesVy": "{(EgoVehicle↦1.908932745209313E-06),(Vehicles2↦-1.908932745209313E-06),(Vehicles3↦-1.908932745209313E-06),(Vehicles4↦-1.908932745209313E-06),(Vehicles5↦-1.908932745209313E-06)}",
        "VehiclesX": "{(EgoVehicle↦200.0),(Vehicles2↦14.475178718566895),(Vehicles3↦25.153356790542603),(Vehicles4↦41.329896450042725),(Vehicles5↦72.82541990280151)}"
      },
      "probabilisticVariables": null,
      "activating": [
        "LANE_LEFT_19"
      ],
      "activatingOnlyWhenExecuted": true,
      "updating": null,
      "withPredicate": null
    },
    {
      "id": "LANE_LEFT_19",
      "execute": "LANE_LEFT",
      "after": "1000",
      "priority": 0,
      "additionalGuards": null,
      "activationKind": null,
      "fixedVariables": {
        "Crash": "FALSE",
        "VehiclesAy": "{(EgoVehicle↦-1.079607577715933),(Vehicles2↦1.079607577715933),(Vehicles3↦1.079607577715933),(Vehicles4↦1.079607577715933),(Vehicles5↦1.0796037598504427)}",
        "Reward": "0.8327061340152051",
        "VehiclesAx": "{(EgoVehicle↦-0.022017955780029297),(Vehicles2↦0.09234189987182617),(Vehicles3↦0.059958696365356445),(Vehicles4↦-0.009320378303527832),(Vehicles5↦0.05169332027435303)}",
        "VehiclesVx": "{(EgoVehicle↦24.97648000717163),(Vehicles2↦-6.215795874595642),(Vehicles3↦-4.8515477776527405),(Vehicles4↦-3.2373717427253723),(Vehicles5↦-5.46097993850708)}",
        "VehiclesY": "{(EgoVehicle↦4.340023756027222),(Vehicles2↦3.6599761247634888),(Vehicles3↦-4.340023756027222),(Vehicles4↦-0.34002383798360825),(Vehicles5↦3.6599761247634888)}",
        "VehiclesVy": "{(EgoVehicle↦-1.0796056687831879),(Vehicles2↦1.0796056687831879),(Vehicles3↦1.0796056687831879),(Vehicles4↦1.0796056687831879),(Vehicles5↦1.0796056687831879)}",
        "VehiclesX": "{(EgoVehicle↦200.0),(Vehicles2↦8.514739573001862),(Vehicles3↦20.576415956020355),(Vehicles4↦38.408300280570984),(Vehicles5↦67.64379739761353)}"
      },
      "probabilisticVariables": null,
      "activating": [
        "SLOWER_20"
      ],
      "activatingOnlyWhenExecuted": true,
      "updating": null,
      "withPredicate": null
    },
    {
      "id": "SLOWER_20",
      "execute": "SLOWER",
      "after": "1000",
      "priority": 0,
      "additionalGuards": null,
      "activationKind": null,
      "fixedVariables": {
        "Crash": "FALSE",
        "VehiclesAy": "{(EgoVehicle↦1.0307880444452167),(Vehicles2↦-1.0307880444452167),(Vehicles3↦-1.0307880444452167),(Vehicles4↦-1.0307880444452167),(Vehicles5↦1.128423293121159)}",
        "Reward": "0.7175560657903479",
        "VehiclesAx": "{(EgoVehicle↦-4.318127632141113),(Vehicles2↦4.382423013448715),(Vehicles3↦4.352071210741997),(Vehicles4↦4.287575781345367),(Vehicles5↦4.346156343817711)}",
        "VehiclesVx": "{(EgoVehicle↦20.658352375030518),(Vehicles2↦-1.8333728611469269),(Vehicles3↦-0.4994765669107437),(Vehicles4↦1.0502040386199951),(Vehicles5↦-1.1148235946893692)}",
        "VehiclesY": "{(EgoVehicle↦4.016896963119507),(Vehicles2↦3.9831029176712036),(Vehicles3↦-4.016896963119507),(Vehicles4↦-0.016897119116038084),(Vehicles5↦3.9831029176712036)}",
        "VehiclesVy": "{(EgoVehicle↦-0.04881762433797121),(Vehicles2↦0.04881762433797121),(Vehicles3↦0.04881762433797121),(Vehicles4↦0.04881762433797121),(Vehicles5↦0.04881762433797121)}",
        "VehiclesX": "{(EgoVehicle↦200.0),(Vehicles2↦4.700437560677528),(Vehicles3↦18.114073574543),(Vehicles4↦37.533968687057495),(Vehicles5↦64.56948518753052)}"
      },
      "probabilisticVariables": null,
      "activating": [
        "FASTER_21"
      ],
      "activatingOnlyWhenExecuted": true,
      "updating": null,
      "withPredicate": null
    },
    {
      "id": "FASTER_21",
      "execute": "FASTER",
      "after": "1000",
      "priority": 0,
      "additionalGuards": null,
      "activationKind": null,
      "fixedVariables": {
        "Crash": "FALSE",
        "VehiclesAy": "{(EgoVehicle↦0.046451125817839056),(Vehicles2↦-0.046451125817839056),(Vehicles3↦-0.046451125817839056),(Vehicles4↦-0.046451125817839056),(Vehicles5↦0.051184122858103365)}",
        "Reward": "0.8180871436885008",
        "VehiclesAx": "{(EgoVehicle↦3.7699151039123535),(Vehicles2↦-3.7107782065868378),(Vehicles3↦-3.739427849650383),(Vehicles4↦-3.7995609641075134),(Vehicles5↦-3.7433823198080063)}",
        "VehiclesVx": "{(EgoVehicle↦24.42826747894287),(Vehicles2↦-5.544151067733765),(Vehicles3↦-4.238904416561127),(Vehicles4↦-2.7493569254875183),(Vehicles5↦-4.8582059144973755)}",
        "VehiclesY": "{(EgoVehicle↦4.000715374946594),(Vehicles2↦3.999284863471985),(Vehicles3↦-4.000715374946594),(Vehicles4↦-0.0007152663893066347),(Vehicles5↦3.999284863471985)}",
        "VehiclesVy": "{(EgoVehicle↦-0.0023664985201321542),(Vehicles2↦0.0023664985201321542),(Vehicles3↦0.0023664985201321542),(Vehicles4↦0.0023664985201321542),(Vehicles5↦0.0023664985201321542)}",
        "VehiclesX": "{(EgoVehicle↦200.0),(Vehicles2↦0.8113788440823555),(Vehicles3↦15.54732620716095),(Vehicles4↦36.49251461029053),(Vehicles5↦61.38566732406616)}"
      },
      "probabilisticVariables": null,
      "activating": [
        "LANE_LEFT_22"
      ],
      "activatingOnlyWhenExecuted": true,
      "updating": null,
      "withPredicate": null
    },
    {
      "id": "LANE_LEFT_22",
      "execute": "LANE_LEFT",
      "after": "1000",
      "priority": 0,
      "additionalGuards": null,
      "activationKind": null,
      "fixedVariables": {
        "Crash": "FALSE",
        "VehiclesAy": "{(EgoVehicle↦-1.0665265764691867),(Vehicles2↦1.0665265764691867),(Vehicles3↦1.0665265764691867),(Vehicles4↦1.0665265764691867),(Vehicles5↦1.071259573509451)}",
        "Reward": "0.7973807992179189",
        "VehiclesAx": "{(EgoVehicle↦0.4735136032104492),(Vehicles2↦-0.41883528232574463),(Vehicles3↦-0.44601649045944214),(Vehicles4↦-0.5021598935127258),(Vehicles5↦-0.4483455419540405)}",
        "VehiclesVx": "{(EgoVehicle↦24.90178108215332),(Vehicles2↦-5.962986350059509),(Vehicles3↦-4.684920907020569),(Vehicles4↦-3.251516819000244),(Vehicles5↦-5.306551456451416)}",
        "VehiclesY": "{(EgoVehicle↦0.3358308747410774),(Vehicles2↦7.664169073104858),(Vehicles3↦-0.3358308747410774),(Vehicles4↦3.664168953895569),(Vehicles5↦7.664169073104858)}",
        "VehiclesVy": "{(EgoVehicle↦-1.0688930749893188),(Vehicles2↦1.0688930749893188),(Vehicles3↦1.0688930749893188),(Vehicles4↦1.0688930749893188),(Vehicles5↦1.0688930749893188)}",
        "VehiclesX": "{(EgoVehicle↦200.0),(Vehicles2↦-4.659084975719452),(Vehicles3↦11.371126025915146),(Vehicles4↦33.78310203552246),(Vehicles5↦56.58911466598511)}"
      },
      "probabilisticVariables": null,
      "activating": [
        "SLOWER_23"
      ],
      "activatingOnlyWhenExecuted": true,
      "updating": null,
      "withPredicate": null
    },
    {
      "id": "SLOWER_23",
      "execute": "SLOWER",
      "after": "1000",
      "priority": 0,
      "additionalGuards": null,
      "activationKind": null,
      "fixedVariables": {
        "Crash": "FALSE",
        "VehiclesAy": "{(EgoVehicle↦1.020702007226646),(Vehicles2↦-1.020702007226646),(Vehicles3↦-1.020702007226646),(Vehicles4↦-1.020702007226646),(Vehicles5↦1.1170841427519917)}",
        "Reward": "0.6839590738779636",
        "VehiclesAx": "{(EgoVehicle↦-4.2533159255981445),(Vehicles2↦4.304097443819046),(Vehicles3↦4.278215356171131),(Vehicles4↦4.225733503699303),(Vehicles5↦4.277230128645897)}",
        "VehiclesVx": "{(EgoVehicle↦20.648465156555176),(Vehicles2↦-1.6588889062404633),(Vehicles3↦-0.4067055508494377),(Vehicles4↦0.9742166846990585),(Vehicles5↦-1.029321327805519)}",
        "VehiclesY": "{(EgoVehicle↦0.0166776473633945),(Vehicles2↦7.983322620391846),(Vehicles3↦-0.0166776473633945),(Vehicles4↦3.983322501182556),(Vehicles5↦7.983322620391846)}",
        "VehiclesVy": "{(EgoVehicle↦-0.0481910677626729),(Vehicles2↦0.0481910677626729),(Vehicles3↦0.0481910677626729),(Vehicles4↦0.0481910677626729),(Vehicles5↦0.0481910677626729)}",
        "VehiclesX": "{(EgoVehicle↦200.0),(Vehicles2↦-8.261791616678238),(Vehicles3↦9.036033600568771),(Vehicles4↦32.86013901233673),(Vehicles5↦53.63190174102783)}"
      },
      "probabilisticVariables": null,
      "activating": [
        "FASTER_24"
      ],
      "activatingOnlyWhenExecuted": true,
      "updating": null,
      "withPredicate": null
    },
    {
      "id": "FASTER_24",
      "execute": "FASTER",
      "after": "1000",
      "priority": 0,
      "additionalGuards": null,
      "activationKind": null,
      "fixedVariables": {
        "Crash": "FALSE",
        "VehiclesAy": "{(EgoVehicle↦0.04585495466017164),(Vehicles2↦-0.04585495466017164),(Vehicles3↦-0.04585495466017164),(Vehicles4↦-0.04585495466017164),(Vehicles5↦0.05052718086517416)}",
        "Reward": "0.7847190848901467",
        "VehiclesAx": "{(EgoVehicle↦3.778500556945801),(Vehicles2↦-2.503672093153),(Vehicles3↦-2.4240397289395332),(Vehicles4↦-5.759270712733269),(Vehicles5↦-2.875436171889305)}",
        "VehiclesVx": "{(EgoVehicle↦24.426965713500977),(Vehicles2↦-4.162560999393463),(Vehicles3↦-2.830745279788971),(Vehicles4↦-4.78505402803421),(Vehicles5↦-3.904757499694824)}",
        "VehiclesY": "{(EgoVehicle↦0.0007060681673465297),(Vehicles2↦-0.0007060681673465297),(Vehicles3↦3.999293804168701),(Vehicles4↦7.999294281005859),(Vehicles5↦-0.0007060681673465297)}",
        "VehiclesVy": "{(EgoVehicle↦-0.0023361131025012583),(Vehicles2↦0.0023361131025012583),(Vehicles3↦0.0023361131025012583),(Vehicles4↦0.0023361131025012583),(Vehicles5↦0.0023361131025012583)}",
        "VehiclesX": "{(EgoVehicle↦200.0),(Vehicles2↦6.554095447063446),(Vehicles3↦31.739220023155212),(Vehicles4↦50.5273163318634),(Vehicles5↦68.28667521476746)}"
      },
      "probabilisticVariables": null,
      "activating": [
        "LANE_RIGHT_25"
      ],
      "activatingOnlyWhenExecuted": true,
      "updating": null,
      "withPredicate": null
    },
    {
      "id": "LANE_RIGHT_25",
      "execute": "LANE_RIGHT",
      "after": "1000",
      "priority": 0,
      "additionalGuards": null,
      "activationKind": null,
      "fixedVariables": {
        "Crash": "TRUE",
        "VehiclesAy": "{(EgoVehicle↦2.8402524277043995),(Vehicles2↦-2.8402524277043995),(Vehicles3↦-2.8402524277043995),(Vehicles4↦-2.8402524277043995),(Vehicles5↦-2.835580201499397)}",
        "Reward": "0.03333333333333336",
        "VehiclesAx": "{(EgoVehicle↦-12.079291343688965),(Vehicles2↦2.1946099400520325),(Vehicles3↦12.05398827791214),(Vehicles4↦12.101006209850311),(Vehicles5↦12.079952359199524)}",
        "VehiclesVx": "{(EgoVehicle↦12.347674369812012),(Vehicles2↦-1.9679510593414307),(Vehicles3↦9.223242998123169),(Vehicles4↦7.315952181816101),(Vehicles5↦8.1751948595047)}",
        "VehiclesY": "{(EgoVehicle↦4.618017911911011),(Vehicles2↦-4.618017911911011),(Vehicles3↦-0.6180178821086884),(Vehicles4↦3.3819819688796997),(Vehicles5↦-4.618017911911011)}",
        "VehiclesVy": "{(EgoVehicle↦2.837916314601898),(Vehicles2↦-2.837916314601898),(Vehicles3↦-2.837916314601898),(Vehicles4↦-2.837916314601898),(Vehicles5↦-2.837916314601898)}",
        "VehiclesX": "{(EgoVehicle↦200.0),(Vehicles2↦3.2694216817617416),(Vehicles3↦31.995585560798645),(Vehicles4↦48.84835481643677),(Vehicles5↦67.47947335243225)}"
      },
      "probabilisticVariables": null,
      "activating": null,
      "activatingOnlyWhenExecuted": true,
      "updating": null,
      "withPredicate": null
    }
  ],
  "listeners": [],
  "metadata": {
    "fileType": "Timed_Trace",
    "formatVersion": 3,
    "savedAt": "2023-08-15T11:29:20.390342Z",
    "creator": "Simulation: MONTE_CARLO_SIMULATION; MAX_STEPS_BEFORE_PROPERTY : 0, EXECUTIONS : 1000, ENDING_TIME : 60000",
    "proB2KernelVersion": "4.12.2",
    "proBCliVersion": "1.12.2-final",
    "modelName": "HighwayEnvironment"
  }
}