{
  "variables": {},
  "activations": [
    {
      "id": "$setup_constants",
      "execute": "$setup_constants",
      "after": "0",
      "priority": 0,
      "additionalGuards": null,
      "activationKind": null,
      "fixedVariables": null,
      "probabilisticVariables": null,
      "activating": null,
      "activatingOnlyWhenExecuted": true,
      "updating": null,
      "withPredicate": null
    },
    {
      "id": "$initialise_machine",
      "execute": "$initialise_machine",
      "after": "0",
      "priority": 0,
      "additionalGuards": null,
      "activationKind": null,
      "fixedVariables": {
        "Crash": "FALSE",
        "VehiclesAy": "{(EgoVehicle↦0.0),(Vehicles2↦0.0),(Vehicles3↦0.0),(Vehicles4↦0.0),(Vehicles5↦0.0)}",
        "Reward": "0.0",
        "VehiclesAx": "{(EgoVehicle↦0.0),(Vehicles2↦0.0),(Vehicles3↦0.0),(Vehicles4↦0.0),(Vehicles5↦0.0)}",
        "VehiclesVx": "{(EgoVehicle↦25.0),(Vehicles2↦-3.388385772705078),(Vehicles3↦-1.1579760909080505),(Vehicles4↦-1.7340987920761108),(Vehicles5↦-2.7756938338279724)}",
        "VehiclesY": "{(EgoVehicle↦4.0000001192092896),(Vehicles2↦0.0),(Vehicles3↦4.0000001192092896),(Vehicles4↦-4.0000001192092896),(Vehicles5↦4.0000001192092896)}",
        "VehiclesVy": "{(EgoVehicle↦0.0),(Vehicles2↦0.0),(Vehicles3↦0.0),(Vehicles4↦0.0),(Vehicles5↦0.0)}",
        "VehiclesX": "{(EgoVehicle↦153.2204031944275),(Vehicles2↦21.60169929265976),(Vehicles3↦47.106632590293884),(Vehicles4↦71.99974060058594),(Vehicles5↦96.05533480644226)}"
      },
      "probabilisticVariables": null,
      "activating": [
        "LANE_RIGHT_2"
      ],
      "activatingOnlyWhenExecuted": true,
      "updating": null,
      "withPredicate": null
    },
    {
      "id": "LANE_RIGHT_2",
      "execute": "LANE_RIGHT",
      "after": "1000",
      "priority": 0,
      "additionalGuards": null,
      "activationKind": null,
      "fixedVariables": {
        "Crash": "FALSE",
        "VehiclesAy": "{(EgoVehicle↦1.0796338319778442),(Vehicles2↦-1.0796338319778442),(Vehicles3↦-1.0796338319778442),(Vehicles4↦-1.0796338319778442),(Vehicles5↦-1.0796338319778442)}",
        "Reward": "0.8660447183419508",
        "VehiclesAx": "{(EgoVehicle↦-0.023322105407714844),(Vehicles2↦-0.46910732984542847),(Vehicles3↦-2.5048404932022095),(Vehicles4↦-0.43881431221961975),(Vehicles5↦-2.02582985162735)}",
        "VehiclesVx": "{(EgoVehicle↦24.976677894592285),(Vehicles2↦-3.8574931025505066),(Vehicles3↦-3.66281658411026),(Vehicles4↦-2.1729131042957306),(Vehicles5↦-4.801523685455322)}",
        "VehiclesY": "{(EgoVehicle↦7.6599647998809814),(Vehicles2↦-3.6599650382995605),(Vehicles3↦0.3400348797440529),(Vehicles4↦-7.6599647998809814),(Vehicles5↦0.3400348797440529)}",
        "VehiclesVy": "{(EgoVehicle↦1.0796338319778442),(Vehicles2↦-1.0796338319778442),(Vehicles3↦-1.0796338319778442),(Vehicles4↦-1.0796338319778442),(Vehicles5↦-1.0796338319778442)}",
        "VehiclesX": "{(EgoVehicle↦177.90064811706543),(Vehicles2↦18.32151561975479),(Vehicles3↦45.12783586978912),(Vehicles4↦70.38931846618652),(Vehicles5↦92.61713027954102)}"
      },
      "probabilisticVariables": null,
      "activating": [
        "LANE_RIGHT_3"
      ],
      "activatingOnlyWhenExecuted": true,
      "updating": null,
      "withPredicate": null
    },
    {
      "id": "LANE_RIGHT_3",
      "execute": "LANE_RIGHT",
      "after": "1000",
      "priority": 0,
      "additionalGuards": null,
      "activationKind": null,
      "fixedVariables": {
        "Crash": "FALSE",
        "VehiclesAy": "{(EgoVehicle↦-1.041519611608237),(Vehicles2↦1.041519611608237),(Vehicles3↦1.041519611608237),(Vehicles4↦1.041519611608237),(Vehicles5↦-1.1177480523474514)}",
        "Reward": "0.8666658918962077",
        "VehiclesAx": "{(EgoVehicle↦0.023293495178222656),(Vehicles2↦-0.3563171625137329),(Vehicles3↦-1.388227641582489),(Vehicles4↦-0.3381137549877167),(Vehicles5↦-0.837094783782959)}",
        "VehiclesVx": "{(EgoVehicle↦24.999971389770508),(Vehicles2↦-4.2138102650642395),(Vehicles3↦-5.051044225692749),(Vehicles4↦-2.5110268592834473),(Vehicles5↦-5.638618469238281)}",
        "VehiclesY": "{(EgoVehicle↦7.988499641418457),(Vehicles2↦-3.9884995222091675),(Vehicles3↦0.01150053832679987),(Vehicles4↦-7.988499641418457),(Vehicles5↦0.01150053832679987)}",
        "VehiclesVy": "{(EgoVehicle↦0.03811422036960721),(Vehicles2↦-0.03811422036960721),(Vehicles3↦-0.03811422036960721),(Vehicles4↦-0.03811422036960721),(Vehicles5↦-0.03811422036960721)}",
        "VehiclesX": "{(EgoVehicle↦200.0),(Vehicles2↦14.300723373889923),(Vehicles3↦40.835413336753845),(Vehicles4↦68.05609464645386),(Vehicles5↦87.41499781608582)}"
      },
      "probabilisticVariables": null,
      "activating": [
        "FASTER_4"
      ],
      "activatingOnlyWhenExecuted": true,
      "updating": null,
      "withPredicate": null
    },
    {
      "id": "FASTER_4",
      "execute": "FASTER",
      "after": "1000",
      "priority": 0,
      "additionalGuards": null,
      "activationKind": null,
      "fixedVariables": {
        "Crash": "FALSE",
        "VehiclesAy": "{(EgoVehicle↦-0.03727416326000821),(Vehicles2↦0.03727416326000821),(Vehicles3↦0.03727416326000821),(Vehicles4↦0.03727416326000821),(Vehicles5↦-0.03895427747920621)}",
        "Reward": "0.9824417006395386",
        "VehiclesAx": "{(EgoVehicle↦4.341592788696289),(Vehicles2↦-4.568562209606171),(Vehicles3↦-5.103559494018555),(Vehicles4↦-4.525555372238159),(Vehicles5↦-4.677754640579224)}",
        "VehiclesVx": "{(EgoVehicle↦29.341564178466797),(Vehicles2↦-8.78237247467041),(Vehicles3↦-10.154603719711304),(Vehicles4↦-7.0365822315216064),(Vehicles5↦-10.316373109817505)}",
        "VehiclesY": "{(EgoVehicle↦7.999802827835083),(Vehicles2↦-3.999803066253662),(Vehicles3↦0.0001969330114661716),(Vehicles4↦-7.999802827835083),(Vehicles5↦0.0001969330114661716)}",
        "VehiclesVy": "{(EgoVehicle↦0.0008400571095990017),(Vehicles2↦-0.0008400571095990017),(Vehicles3↦-0.0008400571095990017),(Vehicles4↦-0.0008400571095990017),(Vehicles5↦-0.0008400571095990017)}",
        "VehiclesX": "{(EgoVehicle↦200.0),(Vehicles2↦7.594335079193115),(Vehicles3↦33.049190044403076),(Vehicles4↦63.06942105293274),(Vehicles5↦79.22195196151733)}"
      },
      "probabilisticVariables": null,
      "activating": [
        "SLOWER_5"
      ],
      "activatingOnlyWhenExecuted": true,
      "updating": null,
      "withPredicate": null
    },
    {
      "id": "SLOWER_5",
      "execute": "SLOWER",
      "after": "1000",
      "priority": 0,
      "additionalGuards": null,
      "activationKind": null,
      "fixedVariables": {
        "Crash": "FALSE",
        "VehiclesAy": "{(EgoVehicle↦-0.0008331152190521607),(Vehicles2↦0.0008331152190521607),(Vehicles3↦0.0008331152190521607),(Vehicles4↦0.0008331152190521607),(Vehicles5↦-0.0008469990001458427)}",
        "Reward": "0.8819127617176443",
        "VehiclesAx": "{(EgoVehicle↦-3.76983642578125),(Vehicles2↦3.6106109619140625),(Vehicles3↦3.352292776107788),(Vehicles4↦3.6483192443847656),(Vehicles5↦3.657475709915161)}",
        "VehiclesVx": "{(EgoVehicle↦25.571727752685547),(Vehicles2↦-5.171761512756348),(Vehicles3↦-6.802310943603516),(Vehicles4↦-3.388262987136841),(Vehicles5↦-6.658897399902344)}",
        "VehiclesY": "{(EgoVehicle↦7.999998092651367),(Vehicles2↦-3.9999983310699463),(Vehicles3↦1.748988154304243E-06),(Vehicles4↦-7.999998092651367),(Vehicles5↦1.748988154304243E-06)}",
        "VehiclesVy": "{(EgoVehicle↦6.941890546841023E-06),(Vehicles2↦-6.941890546841023E-06),(Vehicles3↦-6.941890546841023E-06),(Vehicles4↦-6.941890546841023E-06),(Vehicles5↦-6.941890546841023E-06)}",
        "VehiclesX": "{(EgoVehicle↦200.0),(Vehicles2↦0.8236557245254517),(Vehicles3↦24.78625774383545),(Vehicles4↦58.06053280830383),(Vehicles5↦70.92809081077576)}"
      },
      "probabilisticVariables": null,
      "activating": [
        "SLOWER_6"
      ],
      "activatingOnlyWhenExecuted": true,
      "updating": null,
      "withPredicate": null
    },
    {
      "id": "SLOWER_6",
      "execute": "SLOWER",
      "after": "1000",
      "priority": 0,
      "additionalGuards": null,
      "activationKind": null,
      "fixedVariables": {
        "Crash": "FALSE",
        "VehiclesAy": "{(EgoVehicle↦-6.768732845330305E-06),(Vehicles2↦6.768732845330305E-06),(Vehicles3↦6.768732845330305E-06),(Vehicles4↦6.768732845330305E-06),(Vehicles5↦-7.115048248351741E-06)}",
        "Reward": "0.752899348593822",
        "VehiclesAx": "{(EgoVehicle↦-4.838001728057861),(Vehicles2↦4.722131863236427),(Vehicles3↦4.628801792860031),(Vehicles4↦4.746560454368591),(Vehicles5↦4.836283624172211)}",
        "VehiclesVx": "{(EgoVehicle↦20.733726024627686),(Vehicles2↦-0.44962964951992035),(Vehicles3↦-2.1735091507434845),(Vehicles4↦1.3582974672317505),(Vehicles5↦-1.822613775730133)}",
        "VehiclesY": "{(EgoVehicle↦8.000000238418579),(Vehicles2↦-4.0000001192092896),(Vehicles3↦5.9370833582761406E-08),(Vehicles4↦-8.000000238418579),(Vehicles5↦5.9370833582761406E-08)}",
        "VehiclesVy": "{(EgoVehicle↦1.7315770151071774E-07),(Vehicles2↦-1.7315770151071774E-07),(Vehicles3↦-1.7315770151071774E-07),(Vehicles4↦-1.7315770151071774E-07),(Vehicles5↦-1.7315770151071774E-07)}",
        "VehiclesX": "{(EgoVehicle↦200.0),(Vehicles2↦-1.7282765358686447),(Vehicles3↦20.55627703666687),(Vehicles4↦57.30300545692444),(Vehicles5↦66.9313907623291)}"
      },
      "probabilisticVariables": null,
      "activating": [
        "IDLE_7"
      ],
      "activatingOnlyWhenExecuted": true,
      "updating": null,
      "withPredicate": null
    },
    {
      "id": "IDLE_7",
      "execute": "IDLE",
      "after": "1000",
      "priority": 0,
      "additionalGuards": null,
      "activationKind": null,
      "fixedVariables": {
        "Crash": "FALSE",
        "VehiclesAy": "{(EgoVehicle↦-1.6270172764620838E-07),(Vehicles2↦1.6270172764620838E-07),(Vehicles3↦1.6270172764620838E-07),(Vehicles4↦1.6270172764620838E-07),(Vehicles5↦-1.836136753752271E-07)}",
        "Reward": "0.7359099279355376",
        "VehiclesAx": "{(EgoVehicle↦-0.6371045112609863),(Vehicles2↦0.5492007546126842),(Vehicles3↦0.556778609752655),(Vehicles4↦0.5599190294742584),(Vehicles5↦0.6890583038330078)}",
        "VehiclesVx": "{(EgoVehicle↦20.0966215133667),(Vehicles2↦0.0995711050927639),(Vehicles3↦-1.6167305409908295),(Vehicles4↦1.918216496706009),(Vehicles5↦-1.1335554718971252)}",
        "VehiclesY": "{(EgoVehicle↦8.000000238418579),(Vehicles2↦-4.0000001192092896),(Vehicles3↦3.603520148942607E-09),(Vehicles4↦-8.000000238418579),(Vehicles5↦3.603520148942607E-09)}",
        "VehiclesVy": "{(EgoVehicle↦1.045597386450936E-08),(Vehicles2↦-1.045597386450936E-08),(Vehicles3↦-1.045597386450936E-08),(Vehicles4↦-1.045597386450936E-08),(Vehicles5↦-1.045597386450936E-08)}",
        "VehiclesX": "{(EgoVehicle↦200.0),(Vehicles2↦-1.8633877858519554),(Vehicles3↦18.69409680366516),(Vehicles4↦58.981144428253174),(Vehicles5↦65.47820568084717)}"
      },
      "probabilisticVariables": null,
      "activating": [
        "IDLE_8"
      ],
      "activatingOnlyWhenExecuted": true,
      "updating": null,
      "withPredicate": null
    },
    {
      "id": "IDLE_8",
      "execute": "IDLE",
      "after": "1000",
      "priority": 0,
      "additionalGuards": null,
      "activationKind": null,
      "fixedVariables": {
        "Crash": "FALSE",
        "VehiclesAy": "{(EgoVehicle↦-9.806395695477477E-09),(Vehicles2↦9.806395695477477E-09),(Vehicles3↦9.806395695477477E-09),(Vehicles4↦9.806395695477477E-09),(Vehicles5↦-1.1105552033541244E-08)}",
        "Reward": "0.7336726379723068",
        "VehiclesAx": "{(EgoVehicle↦-0.08389711380004883),(Vehicles2↦0.014260243624448776),(Vehicles3↦0.08294209837913513),(Vehicles4↦0.013127177953720093),(Vehicles5↦0.15946745872497559)}",
        "VehiclesVx": "{(EgoVehicle↦20.01272439956665),(Vehicles2↦0.11383134871721268),(Vehicles3↦-1.5337884426116943),(Vehicles4↦1.931343674659729),(Vehicles5↦-0.9740880131721497)}",
        "VehiclesY": "{(EgoVehicle↦8.000000238418579),(Vehicles2↦-4.0000001192092896),(Vehicles3↦2.2367974139569924E-10),(Vehicles4↦-8.000000238418579),(Vehicles5↦2.2367974139569924E-10)}",
        "VehiclesVy": "{(EgoVehicle↦6.495781690318836E-10),(Vehicles2↦-6.495781690318836E-10),(Vehicles3↦-6.495781690318836E-10),(Vehicles4↦-6.495781690318836E-10),(Vehicles5↦-6.495781690318836E-10)}",
        "VehiclesX": "{(EgoVehicle↦200.0),(Vehicles2↦-1.7465636134147644),(Vehicles3↦17.118394374847412),(Vehicles4↦60.917019844055176),(Vehicles5↦64.42006230354309)}"
      },
      "probabilisticVariables": null,
      "activating": [
        "IDLE_9"
      ],
      "activatingOnlyWhenExecuted": true,
      "updating": null,
      "withPredicate": null
    },
    {
      "id": "IDLE_9",
      "execute": "IDLE",
      "after": "1000",
      "priority": 0,
      "additionalGuards": null,
      "activationKind": null,
      "fixedVariables": {
        "Crash": "FALSE",
        "VehiclesAy": "{(EgoVehicle↦-6.091838145039219E-10),(Vehicles2↦6.091749327197249E-10),(Vehicles3↦6.091749327197249E-10),(Vehicles4↦6.091749327197249E-10),(Vehicles5↦-6.899814053440423E-10)}",
        "Reward": "0.7333780154257085",
        "VehiclesAx": "{(EgoVehicle↦-0.011048316955566406),(Vehicles2↦-0.04645015113055706),(Vehicles3↦0.057577937841415405),(Vehicles4↦-0.05721375346183777),(Vehicles5↦0.09429492056369781)}",
        "VehiclesVx": "{(EgoVehicle↦20.001676082611084),(Vehicles2↦0.06738119758665562),(Vehicles3↦-1.476210504770279),(Vehicles4↦1.8741299211978912),(Vehicles5↦-0.8797930926084518)}",
        "VehiclesY": "{(EgoVehicle↦8.000000238418579),(Vehicles2↦-4.0000001192092896),(Vehicles3↦1.3911538587763062E-11),(Vehicles4↦-8.000000238418579),(Vehicles5↦1.3911538587763062E-11)}",
        "VehiclesVy": "{(EgoVehicle↦4.0394354527961696E-11),(Vehicles2↦-4.04032363121587E-11),(Vehicles3↦-4.04032363121587E-11),(Vehicles4↦-4.04032363121587E-11),(Vehicles5↦-4.04032363121587E-11)}",
        "VehiclesX": "{(EgoVehicle↦200.0),(Vehicles2↦-1.6504274681210518),(Vehicles3↦15.60647338628769),(Vehicles4↦62.82704472541809),(Vehicles5↦63.48516345024109)}"
      },
      "probabilisticVariables": null,
      "activating": [
        "IDLE_10"
      ],
      "activatingOnlyWhenExecuted": true,
      "updating": null,
      "withPredicate": null
    },
    {
      "id": "IDLE_10",
      "execute": "IDLE",
      "after": "1000",
      "priority": 0,
      "additionalGuards": null,
      "activationKind": null,
      "fixedVariables": {
        "Crash": "FALSE",
        "VehiclesAy": "{(EgoVehicle↦-3.787192781601334E-11),(Vehicles2↦3.788969138440734E-11),(Vehicles3↦3.788969138440734E-11),(Vehicles4↦3.788969138440734E-11),(Vehicles5↦-4.291678123991005E-11)}",
        "Reward": "0.7333392173948807",
        "VehiclesAx": "{(EgoVehicle↦-0.0014543533325195312),(Vehicles2↦-0.04775921581313014),(Vehicles3↦0.07473737001419067),(Vehicles4↦-2.669762820005417),(Vehicles5↦2.6877038925886154)}",
        "VehiclesVx": "{(EgoVehicle↦20.000221729278564),(Vehicles2↦0.019621981773525476),(Vehicles3↦-1.4014731347560883),(Vehicles4↦-0.7956328988075256),(Vehicles5↦1.8079107999801636)}",
        "VehiclesY": "{(EgoVehicle↦8.000000238418579),(Vehicles2↦-4.0000001192092896),(Vehicles3↦8.659739592076221E-13),(Vehicles4↦8.659739592076221E-13),(Vehicles5↦-8.000000238418579)}",
        "VehiclesVy": "{(EgoVehicle↦2.5224267119483557E-12),(Vehicles2↦-2.5135449277513544E-12),(Vehicles3↦-2.5135449277513544E-12),(Vehicles4↦-2.5135449277513544E-12),(Vehicles5↦-2.5135449277513544E-12)}",
        "VehiclesX": "{(EgoVehicle↦200.0),(Vehicles2↦-1.6024790704250336),(Vehicles3↦14.158861339092255),(Vehicles4↦62.639498710632324),(Vehicles5↦64.67490792274475)}"
      },
      "probabilisticVariables": null,
      "activating": [
        "FASTER_11"
      ],
      "activatingOnlyWhenExecuted": true,
      "updating": null,
      "withPredicate": null
    },
    {
      "id": "FASTER_11",
      "execute": "FASTER",
      "after": "1000",
      "priority": 0,
      "additionalGuards": null,
      "activationKind": null,
      "fixedVariables": {
        "Crash": "FALSE",
        "VehiclesAy": "{(EgoVehicle↦-2.398081733190338E-12),(Vehicles2↦2.389199948993337E-12),(Vehicles3↦2.389199948993337E-12),(Vehicles4↦2.389199948993337E-12),(Vehicles5↦-2.637889906509372E-12)}",
        "Reward": "0.8491091424827278",
        "VehiclesAx": "{(EgoVehicle↦4.341371059417725),(Vehicles2↦-4.384711517486721),(Vehicles3↦-4.254722148180008),(Vehicles4↦-4.2631760239601135),(Vehicles5↦-4.409367144107819)}",
        "VehiclesVx": "{(EgoVehicle↦24.34159278869629),(Vehicles2↦-4.365089535713196),(Vehicles3↦-5.656195282936096),(Vehicles4↦-5.058808922767639),(Vehicles5↦-2.601456344127655)}",
        "VehiclesY": "{(EgoVehicle↦8.000000238418579),(Vehicles2↦-4.0000001192092896),(Vehicles3↦3.730349362740526E-14),(Vehicles4↦3.730349362740526E-14),(Vehicles5↦-8.000000238418579)}",
        "VehiclesVy": "{(EgoVehicle↦1.2434497875801753E-13),(Vehicles2↦-1.2434497875801753E-13),(Vehicles3↦-1.2434497875801753E-13),(Vehicles4↦-1.2434497875801753E-13),(Vehicles5↦-1.2434497875801753E-13)}",
        "VehiclesX": "{(EgoVehicle↦200.0),(Vehicles2↦-3.9955485612154007),(Vehicles3↦10.39641946554184),(Vehicles4↦59.4806432723999),(Vehicles5↦64.06071186065674)}"
      },
      "probabilisticVariables": null,
      "activating": [
        "SLOWER_12"
      ],
      "activatingOnlyWhenExecuted": true,
      "updating": null,
      "withPredicate": null
    },
    {
      "id": "SLOWER_12",
      "execute": "SLOWER",
      "after": "1000",
      "priority": 0,
      "additionalGuards": null,
      "activationKind": null,
      "fixedVariables": {
        "Crash": "FALSE",
        "VehiclesAy": "{(EgoVehicle↦-1.2434497875801753E-13),(Vehicles2↦1.2434497875801753E-13),(Vehicles3↦1.2434497875801753E-13),(Vehicles4↦1.2434497875801753E-13),(Vehicles5↦-1.2434497875801753E-13)}",
        "Reward": "0.7485795304229655",
        "VehiclesAx": "{(EgoVehicle↦-3.76986026763916),(Vehicles2↦3.730907067656517),(Vehicles3↦3.861411064863205),(Vehicles4↦3.841891288757324),(Vehicles5↦3.7011615186929703)}",
        "VehiclesVx": "{(EgoVehicle↦20.57173252105713),(Vehicles2↦-0.6341824680566788),(Vehicles3↦-1.7947842180728912),(Vehicles4↦-1.216917634010315),(Vehicles5↦1.0997051745653152)}",
        "VehiclesY": "{(EgoVehicle↦8.000000238418579),(Vehicles2↦-4.0000001192092896),(Vehicles3↦0.0),(Vehicles4↦0.0),(Vehicles5↦-8.000000238418579)}",
        "VehiclesVy": "{(EgoVehicle↦0.0),(Vehicles2↦0.0),(Vehicles3↦0.0),(Vehicles4↦0.0),(Vehicles5↦0.0)}",
        "VehiclesX": "{(EgoVehicle↦200.0),(Vehicles2↦-6.296850740909576),(Vehicles3↦6.856375187635422),(Vehicles4↦56.530845165252686),(Vehicles5↦63.51151466369629)}"
      },
      "probabilisticVariables": null,
      "activating": [
        "SLOWER_13"
      ],
      "activatingOnlyWhenExecuted": true,
      "updating": null,
      "withPredicate": null
    },
    {
      "id": "SLOWER_13",
      "execute": "SLOWER",
      "after": "1000",
      "priority": 0,
      "additionalGuards": null,
      "activationKind": null,
      "fixedVariables": {
        "Crash": "FALSE",
        "VehiclesAy": "{(EgoVehicle↦0.0),(Vehicles2↦0.0),(Vehicles3↦0.0),(Vehicles4↦0.0),(Vehicles5↦0.0)}",
        "Reward": "0.7353410629912273",
        "VehiclesAx": "{(EgoVehicle↦-0.4964423179626465),(Vehicles2↦-0.5728864669799805),(Vehicles3↦1.6215723752975464),(Vehicles4↦0.5618672072887421),(Vehicles5↦0.4269396513700485)}",
        "VehiclesVx": "{(EgoVehicle↦20.075290203094482),(Vehicles2↦-1.2070689350366592),(Vehicles3↦-0.17321184277534485),(Vehicles4↦-0.6550504267215729),(Vehicles5↦1.5266448259353638)}",
        "VehiclesY": "{(EgoVehicle↦8.000000238418579),(Vehicles2↦0.0),(Vehicles3↦-4.0000001192092896),(Vehicles4↦0.0),(Vehicles5↦-8.000000238418579)}",
        "VehiclesVy": "{(EgoVehicle↦0.0),(Vehicles2↦0.0),(Vehicles3↦0.0),(Vehicles4↦0.0),(Vehicles5↦0.0)}",
        "VehiclesX": "{(EgoVehicle↦200.0),(Vehicles2↦5.37213459610939),(Vehicles3↦-6.671608239412308),(Vehicles4↦55.61448931694031),(Vehicles5↦64.85735177993774)}"
      },
      "probabilisticVariables": null,
      "activating": [
        "LANE_RIGHT_14"
      ],
      "activatingOnlyWhenExecuted": true,
      "updating": null,
      "withPredicate": null
    },
    {
      "id": "LANE_RIGHT_14",
      "execute": "LANE_RIGHT",
      "after": "1000",
      "priority": 0,
      "additionalGuards": null,
      "activationKind": null,
      "fixedVariables": {
        "Crash": "TRUE",
        "VehiclesAy": "{(EgoVehicle↦0.0),(Vehicles2↦0.0),(Vehicles3↦0.0),(Vehicles4↦0.0),(Vehicles5↦0.0)}",
        "Reward": "0.06666666666666665",
        "VehiclesAx": "{(EgoVehicle↦-9.818158149719238),(Vehicles2↦10.819484367966652),(Vehicles3↦-0.4051113873720169),(Vehicles4↦9.877141863107681),(Vehicles5↦9.74790871143341)}",
        "VehiclesVx": "{(EgoVehicle↦10.257132053375244),(Vehicles2↦9.612415432929993),(Vehicles3↦-0.5783232301473618),(Vehicles4↦9.222091436386108),(Vehicles5↦11.274553537368774)}",
        "VehiclesY": "{(EgoVehicle↦8.000000238418579),(Vehicles2↦-4.0000001192092896),(Vehicles3↦0.0),(Vehicles4↦0.0),(Vehicles5↦-8.000000238418579)}",
        "VehiclesVy": "{(EgoVehicle↦0.0),(Vehicles2↦0.0),(Vehicles3↦0.0),(Vehicles4↦0.0),(Vehicles5↦0.0)}",
        "VehiclesX": "{(EgoVehicle↦200.0),(Vehicles2↦-4.257537424564362),(Vehicles3↦5.000000074505806),(Vehicles4↦57.58404731750488),(Vehicles5↦68.95646452903748)}"
      },
      "probabilisticVariables": null,
      "activating": null,
      "activatingOnlyWhenExecuted": true,
      "updating": null,
      "withPredicate": null
    }
  ],
  "listeners": [],
  "metadata": {
    "fileType": "Timed_Trace",
    "formatVersion": 3,
    "savedAt": "2023-08-15T11:29:18.113476Z",
    "creator": "Simulation: MONTE_CARLO_SIMULATION; MAX_STEPS_BEFORE_PROPERTY : 0, EXECUTIONS : 1000, ENDING_TIME : 60000",
    "proB2KernelVersion": "4.12.2",
    "proBCliVersion": "1.12.2-final",
    "modelName": "HighwayEnvironment"
  }
}