{
  "variables": {},
  "activations": [
    {
      "id": "$setup_constants",
      "execute": "$setup_constants",
      "after": "0",
      "priority": 0,
      "additionalGuards": null,
      "activationKind": null,
      "fixedVariables": null,
      "probabilisticVariables": null,
      "activating": null,
      "activatingOnlyWhenExecuted": true,
      "updating": null,
      "withPredicate": null
    },
    {
      "id": "$initialise_machine",
      "execute": "$initialise_machine",
      "after": "0",
      "priority": 0,
      "additionalGuards": null,
      "activationKind": null,
      "fixedVariables": {
        "Crash": "FALSE",
        "VehiclesAy": "{(EgoVehicle↦0.0),(Vehicles2↦0.0),(Vehicles3↦0.0),(Vehicles4↦0.0),(Vehicles5↦0.0)}",
        "Reward": "0.0",
        "VehiclesAx": "{(EgoVehicle↦0.0),(Vehicles2↦0.0),(Vehicles3↦0.0),(Vehicles4↦0.0),(Vehicles5↦0.0)}",
        "VehiclesVx": "{(EgoVehicle↦25.0),(Vehicles2↦-3.8637754321098328),(Vehicles3↦-1.3970749080181122),(Vehicles4↦-1.34735107421875),(Vehicles5↦-2.2045648097991943)}",
        "VehiclesY": "{(EgoVehicle↦4.0000001192092896),(Vehicles2↦0.0),(Vehicles3↦4.0000001192092896),(Vehicles4↦-4.0000001192092896),(Vehicles5↦0.0)}",
        "VehiclesVy": "{(EgoVehicle↦0.0),(Vehicles2↦0.0),(Vehicles3↦0.0),(Vehicles4↦0.0),(Vehicles5↦0.0)}",
        "VehiclesX": "{(EgoVehicle↦149.79772567749023),(Vehicles2↦21.488091349601746),(Vehicles3↦43.80003809928894),(Vehicles4↦66.84404611587524),(Vehicles5↦90.82256555557251)}"
      },
      "probabilisticVariables": null,
      "activating": [
        "SLOWER_2"
      ],
      "activatingOnlyWhenExecuted": true,
      "updating": null,
      "withPredicate": null
    },
    {
      "id": "SLOWER_2",
      "execute": "SLOWER",
      "after": "1000",
      "priority": 0,
      "additionalGuards": null,
      "activationKind": null,
      "fixedVariables": {
        "Crash": "FALSE",
        "VehiclesAy": "{(EgoVehicle↦0.0),(Vehicles2↦0.0),(Vehicles3↦0.0),(Vehicles4↦0.0),(Vehicles5↦0.0)}",
        "Reward": "0.7175582990397805",
        "VehiclesAx": "{(EgoVehicle↦-4.341564178466797),(Vehicles2↦3.6751323379576206),(Vehicles3↦3.3930575847625732),(Vehicles4↦3.369465172290802),(Vehicles5↦3.302944004535675)}",
        "VehiclesVx": "{(EgoVehicle↦20.658435821533203),(Vehicles2↦-0.18864309415221214),(Vehicles3↦1.995982676744461),(Vehicles4↦2.022114098072052),(Vehicles5↦1.0983791947364807)}",
        "VehiclesY": "{(EgoVehicle↦4.0000001192092896),(Vehicles2↦0.0),(Vehicles3↦4.0000001192092896),(Vehicles4↦-4.0000001192092896),(Vehicles5↦0.0)}",
        "VehiclesVy": "{(EgoVehicle↦0.0),(Vehicles2↦0.0),(Vehicles3↦0.0),(Vehicles4↦0.0),(Vehicles5↦0.0)}",
        "VehiclesX": "{(EgoVehicle↦172.40266799926758),(Vehicles2↦19.716408848762512),(Vehicles3↦44.38060820102692),(Vehicles4↦67.46434569358826),(Vehicles5↦90.54155349731445)}"
      },
      "probabilisticVariables": null,
      "activating": [
        "LANE_RIGHT_3"
      ],
      "activatingOnlyWhenExecuted": true,
      "updating": null,
      "withPredicate": null
    },
    {
      "id": "LANE_RIGHT_3",
      "execute": "LANE_RIGHT",
      "after": "1000",
      "priority": 0,
      "additionalGuards": null,
      "activationKind": null,
      "fixedVariables": {
        "Crash": "FALSE",
        "VehiclesAy": "{(EgoVehicle↦1.1575503647327423),(Vehicles2↦-1.1575503647327423),(Vehicles3↦-1.1575503647327423),(Vehicles4↦-1.1575503647327423),(Vehicles5↦-1.1575503647327423)}",
        "Reward": "0.7347553717229882",
        "VehiclesAx": "{(EgoVehicle↦-0.6051087379455566),(Vehicles2↦0.2615155093371868),(Vehicles3↦0.02316206693649292),(Vehicles4↦-0.04834756255149841),(Vehicles5↦-0.01979738473892212)}",
        "VehiclesVx": "{(EgoVehicle↦20.053327083587646),(Vehicles2↦0.07287241518497467),(Vehicles3↦2.019144743680954),(Vehicles4↦1.9737665355205536),(Vehicles5↦1.0785818099975586)}",
        "VehiclesY": "{(EgoVehicle↦7.599039316177368),(Vehicles2↦-3.5990391969680786),(Vehicles3↦0.4009609669446945),(Vehicles4↦-7.599039316177368),(Vehicles5↦-3.5990391969680786)}",
        "VehiclesVy": "{(EgoVehicle↦1.1575503647327423),(Vehicles2↦-1.1575503647327423),(Vehicles3↦-1.1575503647327423),(Vehicles4↦-1.1575503647327423),(Vehicles5↦-1.1575503647327423)}",
        "VehiclesX": "{(EgoVehicle↦192.36918687820435),(Vehicles2↦20.065025985240936),(Vehicles3↦46.81380093097687),(Vehicles4↦69.89992260932922),(Vehicles5↦92.06040501594543)}"
      },
      "probabilisticVariables": null,
      "activating": [
        "FASTER_4"
      ],
      "activatingOnlyWhenExecuted": true,
      "updating": null,
      "withPredicate": null
    },
    {
      "id": "FASTER_4",
      "execute": "FASTER",
      "after": "1000",
      "priority": 0,
      "additionalGuards": null,
      "activationKind": null,
      "fixedVariables": {
        "Crash": "FALSE",
        "VehiclesAy": "{(EgoVehicle↦-1.100457077845931),(Vehicles2↦1.100457077845931),(Vehicles3↦1.100457077845931),(Vehicles4↦1.100457077845931),(Vehicles5↦-1.2146436516195536)}",
        "Reward": "0.8494110707274963",
        "VehiclesAx": "{(EgoVehicle↦4.299588203430176),(Vehicles2↦-4.48578305542469),(Vehicles3↦-4.666866213083267),(Vehicles4↦-4.771081358194351),(Vehicles5↦-4.70355749130249)}",
        "VehiclesVx": "{(EgoVehicle↦24.352915287017822),(Vehicles2↦-4.412910640239716),(Vehicles3↦-2.6477214694023132),(Vehicles4↦-2.7973148226737976),(Vehicles5↦-3.6249756813049316)}",
        "VehiclesY": "{(EgoVehicle↦7.982756853103638),(Vehicles2↦-3.982756733894348),(Vehicles3↦0.01724314223974943),(Vehicles4↦-7.982756853103638),(Vehicles5↦-3.982756733894348)}",
        "VehiclesVy": "{(EgoVehicle↦0.057093286886811256),(Vehicles2↦-0.057093286886811256),(Vehicles3↦-0.057093286886811256),(Vehicles4↦-0.057093286886811256),(Vehicles5↦-0.057093286886811256)}",
        "VehiclesX": "{(EgoVehicle↦200.0),(Vehicles2↦17.673105001449585),(Vehicles3↦46.29146456718445),(Vehicles4↦69.2916750907898),(Vehicles5↦90.58176875114441)}"
      },
      "probabilisticVariables": null,
      "activating": [
        "FASTER_5"
      ],
      "activatingOnlyWhenExecuted": true,
      "updating": null,
      "withPredicate": null
    },
    {
      "id": "FASTER_5",
      "execute": "FASTER",
      "after": "1000",
      "priority": 0,
      "additionalGuards": null,
      "activationKind": null,
      "fixedVariables": {
        "Crash": "FALSE",
        "VehiclesAy": "{(EgoVehicle↦-0.05580293291131966),(Vehicles2↦0.05580293291131966),(Vehicles3↦0.05580293291131966),(Vehicles4↦0.05580293291131966),(Vehicles5↦-0.058383640862302855)}",
        "Reward": "0.9801695933672692",
        "VehiclesAx": "{(EgoVehicle↦4.903445243835449),(Vehicles2↦-5.006457269191742),(Vehicles3↦-5.140959322452545),(Vehicles4↦-5.2547600865364075),(Vehicles5↦-5.163689851760864)}",
        "VehiclesVx": "{(EgoVehicle↦29.25636053085327),(Vehicles2↦-9.419367909431458),(Vehicles3↦-7.788680791854858),(Vehicles4↦-8.052074909210205),(Vehicles5↦-8.788665533065796)}",
        "VehiclesY": "{(EgoVehicle↦7.999696969985962),(Vehicles2↦-3.9996968507766724),(Vehicles3↦0.00030318618519231677),(Vehicles4↦-7.999696969985962),(Vehicles5↦-3.9996968507766724)}",
        "VehiclesVy": "{(EgoVehicle↦0.0012903539754915982),(Vehicles2↦-0.0012903539754915982),(Vehicles3↦-0.0012903539754915982),(Vehicles4↦-0.0012903539754915982),(Vehicles5↦-0.0012903539754915982)}",
        "VehiclesX": "{(EgoVehicle↦200.0),(Vehicles2↦10.509108752012253),(Vehicles3↦40.83566069602966),(Vehicles4↦63.641297817230225),(Vehicles5↦84.13851857185364)}"
      },
      "probabilisticVariables": null,
      "activating": [
        "IDLE_6"
      ],
      "activatingOnlyWhenExecuted": true,
      "updating": null,
      "withPredicate": null
    },
    {
      "id": "IDLE_6",
      "execute": "IDLE",
      "after": "1000",
      "priority": 0,
      "additionalGuards": null,
      "activationKind": null,
      "fixedVariables": {
        "Crash": "FALSE",
        "VehiclesAy": "{(EgoVehicle↦-0.001287370314173586),(Vehicles2↦0.001287370314173586),(Vehicles3↦0.001287370314173586),(Vehicles4↦0.001287370314173586),(Vehicles5↦-0.0012933376368096106)}",
        "Reward": "0.9973885885268879",
        "VehiclesAx": "{(EgoVehicle↦0.6457114219665527),(Vehicles2↦-0.7024294137954712),(Vehicles3↦-0.802924633026123),(Vehicles4↦-0.9231197834014893),(Vehicles5↦-0.8133143186569214)}",
        "VehiclesVx": "{(EgoVehicle↦29.902071952819824),(Vehicles2↦-10.121797323226929),(Vehicles3↦-8.591605424880981),(Vehicles4↦-8.975194692611694),(Vehicles5↦-9.601979851722717)}",
        "VehiclesY": "{(EgoVehicle↦8.000000238418579),(Vehicles2↦-4.000000476837158),(Vehicles3↦-5.149603197196484E-07),(Vehicles4↦-8.000000238418579),(Vehicles5↦-4.000000476837158)}",
        "VehiclesVy": "{(EgoVehicle↦2.9836613180123095E-06),(Vehicles2↦-2.9836613180123095E-06),(Vehicles3↦-2.9836613180123095E-06),(Vehicles4↦-2.9836613180123095E-06),(Vehicles5↦-2.9836613180123095E-06)}",
        "VehiclesX": "{(EgoVehicle↦200.0),(Vehicles2↦0.7080968003720045),(Vehicles3↦32.62286186218262),(Vehicles4↦55.11752963066101),(Vehicles5↦74.92071986198425)}"
      },
      "probabilisticVariables": null,
      "activating": [
        "SLOWER_7"
      ],
      "activatingOnlyWhenExecuted": true,
      "updating": null,
      "withPredicate": null
    },
    {
      "id": "SLOWER_7",
      "execute": "SLOWER",
      "after": "1000",
      "priority": 0,
      "additionalGuards": null,
      "activationKind": null,
      "fixedVariables": {
        "Crash": "FALSE",
        "VehiclesAy": "{(EgoVehicle↦-3.3146262268246574E-06),(Vehicles2↦3.3146262268246574E-06),(Vehicles3↦3.3146262268246574E-06),(Vehicles4↦3.3146262268246574E-06),(Vehicles5↦-2.6526964091999616E-06)}",
        "Reward": "0.8838810761297416",
        "VehiclesAx": "{(EgoVehicle↦-4.256532192230225),(Vehicles2↦4.226399064064026),(Vehicles3↦4.149830937385559),(Vehicles4↦4.023463726043701),(Vehicles5↦4.148617386817932)}",
        "VehiclesVx": "{(EgoVehicle↦25.6455397605896),(Vehicles2↦-5.895398259162903),(Vehicles3↦-4.441774487495422),(Vehicles4↦-4.951730966567993),(Vehicles5↦-5.453362464904785)}",
        "VehiclesY": "{(EgoVehicle↦8.000000238418579),(Vehicles2↦-4.0000001192092896),(Vehicles3↦-1.0819533002859316E-07),(Vehicles4↦-8.000000238418579),(Vehicles5↦-4.0000001192092896)}",
        "VehiclesVy": "{(EgoVehicle↦-3.3096490881234786E-07),(Vehicles2↦3.3096490881234786E-07),(Vehicles3↦3.3096490881234786E-07),(Vehicles4↦3.3096490881234786E-07),(Vehicles5↦3.3096490881234786E-07)}",
        "VehiclesX": "{(EgoVehicle↦200.0),(Vehicles2↦-7.079196721315384),(Vehicles3↦26.33354961872101),(Vehicles4↦48.39455485343933),(Vehicles5↦67.61993169784546)}"
      },
      "probabilisticVariables": null,
      "activating": [
        "IDLE_8"
      ],
      "activatingOnlyWhenExecuted": true,
      "updating": null,
      "withPredicate": null
    },
    {
      "id": "IDLE_8",
      "execute": "IDLE",
      "after": "1000",
      "priority": 0,
      "additionalGuards": null,
      "activationKind": null,
      "fixedVariables": {
        "Crash": "FALSE",
        "VehiclesAy": "{(EgoVehicle↦3.1840611924849327E-07),(Vehicles2↦-3.1840611924849327E-07),(Vehicles3↦-3.1840611924849327E-07),(Vehicles4↦-3.1840611924849327E-07),(Vehicles5↦3.4352369837620245E-07)}",
        "Reward": "0.868933584785261",
        "VehiclesAx": "{(EgoVehicle↦-0.5605292320251465),(Vehicles2↦1.9395995140075684),(Vehicles3↦-0.15551507472991943),(Vehicles4↦-0.010512173175811768),(Vehicles5↦1.0896387696266174)}",
        "VehiclesVx": "{(EgoVehicle↦25.085010528564453),(Vehicles2↦-3.9557987451553345),(Vehicles3↦-4.597289562225342),(Vehicles4↦-4.962243139743805),(Vehicles5↦-4.363723695278168)}",
        "VehiclesY": "{(EgoVehicle↦8.000000238418579),(Vehicles2↦-3.806764237168636E-09),(Vehicles3↦-8.000000238418579),(Vehicles4↦-4.0000001192092896),(Vehicles5↦-3.806764237168636E-09)}",
        "VehiclesVy": "{(EgoVehicle↦-1.2558789563854589E-08),(Vehicles2↦1.2558789563854589E-08),(Vehicles3↦1.2558789563854589E-08),(Vehicles4↦1.2558789563854589E-08),(Vehicles5↦1.2558789563854589E-08)}",
        "VehiclesX": "{(EgoVehicle↦200.0),(Vehicles2↦22.169141471385956),(Vehicles3↦43.66791546344757),(Vehicles4↦62.44558095932007),(Vehicles5↦92.36180186271667)}"
      },
      "probabilisticVariables": null,
      "activating": [
        "LANE_RIGHT_9"
      ],
      "activatingOnlyWhenExecuted": true,
      "updating": null,
      "withPredicate": null
    },
    {
      "id": "LANE_RIGHT_9",
      "execute": "LANE_RIGHT",
      "after": "1000",
      "priority": 0,
      "additionalGuards": null,
      "activationKind": null,
      "fixedVariables": {
        "Crash": "FALSE",
        "VehiclesAy": "{(EgoVehicle↦1.2156853301803494E-08),(Vehicles2↦-1.2156853301803494E-08),(Vehicles3↦-1.2156853301803494E-08),(Vehicles4↦-1.2156853301803494E-08),(Vehicles5↦1.2960725825905683E-08)}",
        "Reward": "0.866965190863354",
        "VehiclesAx": "{(EgoVehicle↦-0.07381677627563477),(Vehicles2↦0.01990377902984619),(Vehicles3↦-0.11453807353973389),(Vehicles4↦0.029346346855163574),(Vehicles5↦0.05247741937637329)}",
        "VehiclesVx": "{(EgoVehicle↦25.01119375228882),(Vehicles2↦-3.9358949661254883),(Vehicles3↦-4.711827635765076),(Vehicles4↦-4.932896792888641),(Vehicles5↦-4.311246275901794)}",
        "VehiclesY": "{(EgoVehicle↦8.000000238418579),(Vehicles2↦-1.2074474753376307E-10),(Vehicles3↦-8.000000238418579),(Vehicles4↦-4.0000001192092896),(Vehicles5↦-1.2074474753376307E-10)}",
        "VehiclesVy": "{(EgoVehicle↦-4.0193626205109467E-10),(Vehicles2↦4.0193626205109467E-10),(Vehicles3↦4.0193626205109467E-10),(Vehicles4↦4.0193626205109467E-10),(Vehicles5↦4.0193626205109467E-10)}",
        "VehiclesX": "{(EgoVehicle↦200.0),(Vehicles2↦18.231186270713806),(Vehicles3↦39.03480768203735),(Vehicles4↦57.50467777252197),(Vehicles5↦88.02919387817383)}"
      },
      "probabilisticVariables": null,
      "activating": [
        "LANE_RIGHT_10"
      ],
      "activatingOnlyWhenExecuted": true,
      "updating": null,
      "withPredicate": null
    },
    {
      "id": "LANE_RIGHT_10",
      "execute": "LANE_RIGHT",
      "after": "1000",
      "priority": 0,
      "additionalGuards": null,
      "activationKind": null,
      "fixedVariables": {
        "Crash": "FALSE",
        "VehiclesAy": "{(EgoVehicle↦3.893330102755499E-10),(Vehicles2↦-3.893241284913529E-10),(Vehicles3↦-3.893241284913529E-10),(Vehicles4↦-3.893241284913529E-10),(Vehicles5↦4.1454839561083645E-10)}",
        "Reward": "0.8667059784950369",
        "VehiclesAx": "{(EgoVehicle↦-0.009720325469970703),(Vehicles2↦-0.030823051929473877),(Vehicles3↦-0.16503959894180298),(Vehicles4↦-0.01842975616455078),(Vehicles5↦-0.0014594197273254395)}",
        "VehiclesVx": "{(EgoVehicle↦25.001473426818848),(Vehicles2↦-3.966718018054962),(Vehicles3↦-4.876867234706879),(Vehicles4↦-4.951326549053192),(Vehicles5↦-4.31270569562912)}",
        "VehiclesY": "{(EgoVehicle↦8.000000238418579),(Vehicles2↦-3.779643265033883E-12),(Vehicles3↦-8.000000238418579),(Vehicles4↦-4.0000001192092896),(Vehicles5↦-3.779643265033883E-12)}",
        "VehiclesVy": "{(EgoVehicle↦-1.2603251775544777E-11),(Vehicles2↦1.2612133559741778E-11),(Vehicles3↦1.2612133559741778E-11),(Vehicles4↦1.2612133559741778E-11),(Vehicles5↦1.2612133559741778E-11)}",
        "VehiclesX": "{(EgoVehicle↦200.0),(Vehicles2↦14.28358256816864),(Vehicles3↦34.25742983818054),(Vehicles4↦52.56483554840088),(Vehicles5↦83.71825218200684)}"
      },
      "probabilisticVariables": null,
      "activating": [
        "LANE_RIGHT_11"
      ],
      "activatingOnlyWhenExecuted": true,
      "updating": null,
      "withPredicate": null
    },
    {
      "id": "LANE_RIGHT_11",
      "execute": "LANE_RIGHT",
      "after": "1000",
      "priority": 0,
      "additionalGuards": null,
      "activationKind": null,
      "fixedVariables": {
        "Crash": "FALSE",
        "VehiclesAy": "{(EgoVehicle↦1.220357148667972E-11),(Vehicles2↦-1.2221335055073723E-11),(Vehicles3↦-1.2221335055073723E-11),(Vehicles4↦-1.2221335055073723E-11),(Vehicles5↦1.3002932064409833E-11)}",
        "Reward": "0.866671843532954",
        "VehiclesAx": "{(EgoVehicle↦-0.0012803077697753906),(Vehicles2↦-0.0305330753326416),(Vehicles3↦-0.16104012727737427),(Vehicles4↦-0.01600801944732666),(Vehicles5↦-0.004506111145019531)}",
        "VehiclesVx": "{(EgoVehicle↦25.000193119049072),(Vehicles2↦-3.9972510933876038),(Vehicles3↦-5.037907361984253),(Vehicles4↦-4.967334568500519),(Vehicles5↦-4.317211806774139)}",
        "VehiclesY": "{(EgoVehicle↦8.000000238418579),(Vehicles2↦-1.1723955140041653E-13),(Vehicles3↦-8.000000238418579),(Vehicles4↦-4.0000001192092896),(Vehicles5↦-1.1723955140041653E-13)}",
        "VehiclesVy": "{(EgoVehicle↦-3.9968028886505635E-13),(Vehicles2↦3.907985046680551E-13),(Vehicles3↦3.907985046680551E-13),(Vehicles4↦3.907985046680551E-13),(Vehicles5↦3.907985046680551E-13)}",
        "VehiclesX": "{(EgoVehicle↦200.0),(Vehicles2↦10.30428484082222),(Vehicles3↦29.315343499183655),(Vehicles4↦47.606587409973145),(Vehicles5↦79.40363883972168)}"
      },
      "probabilisticVariables": null,
      "activating": [
        "LANE_RIGHT_12"
      ],
      "activatingOnlyWhenExecuted": true,
      "updating": null,
      "withPredicate": null
    },
    {
      "id": "LANE_RIGHT_12",
      "execute": "LANE_RIGHT",
      "after": "1000",
      "priority": 0,
      "additionalGuards": null,
      "activationKind": null,
      "fixedVariables": {
        "Crash": "FALSE",
        "VehiclesAy": "{(EgoVehicle↦3.8191672047105385E-13),(Vehicles2↦-3.730349362740526E-13),(Vehicles3↦-3.730349362740526E-13),(Vehicles4↦-3.730349362740526E-13),(Vehicles5↦4.085620730620576E-13)}",
        "Reward": "0.8666673483939143",
        "VehiclesAx": "{(EgoVehicle↦-0.00016689300537109375),(Vehicles2↦-0.025889277458190918),(Vehicles3↦-0.14929652214050293),(Vehicles4↦-0.009701550006866455),(Vehicles5↦-0.0030532479286193848)}",
        "VehiclesVx": "{(EgoVehicle↦25.0000262260437),(Vehicles2↦-4.023140370845795),(Vehicles3↦-5.187203884124756),(Vehicles4↦-4.977036118507385),(Vehicles5↦-4.320265054702759)}",
        "VehiclesY": "{(EgoVehicle↦8.000000238418579),(Vehicles2↦-1.3322676295501878E-15),(Vehicles3↦-8.000000238418579),(Vehicles4↦-4.0000001192092896),(Vehicles5↦-1.3322676295501878E-15)}",
        "VehiclesVy": "{(EgoVehicle↦-1.7763568394002505E-14),(Vehicles2↦1.7763568394002505E-14),(Vehicles3↦1.7763568394002505E-14),(Vehicles4↦1.7763568394002505E-14),(Vehicles5↦1.7763568394002505E-14)}",
        "VehiclesX": "{(EgoVehicle↦200.0),(Vehicles2↦6.2963321805000305),(Vehicles3↦24.216677248477936),(Vehicles4↦42.634907364845276),(Vehicles5↦75.0851035118103)}"
      },
      "probabilisticVariables": null,
      "activating": [
        "LANE_LEFT_13"
      ],
      "activatingOnlyWhenExecuted": true,
      "updating": null,
      "withPredicate": null
    },
    {
      "id": "LANE_LEFT_13",
      "execute": "LANE_LEFT",
      "after": "1000",
      "priority": 0,
      "additionalGuards": null,
      "activationKind": null,
      "fixedVariables": {
        "Crash": "TRUE",
        "VehiclesAy": "{(EgoVehicle↦-2.837476730346662),(Vehicles2↦2.837476730346662),(Vehicles3↦2.837476730346662),(Vehicles4↦2.837476730346662),(Vehicles5↦2.8374767303466975)}",
        "Reward": "0.03333333333333336",
        "VehiclesAx": "{(EgoVehicle↦-12.518484592437744),(Vehicles2↦2.2770193219184875),(Vehicles3↦12.382925748825073),(Vehicles4↦12.513847351074219),(Vehicles5↦12.516157031059265)}",
        "VehiclesVx": "{(EgoVehicle↦12.481541633605957),(Vehicles2↦-1.7461210489273071),(Vehicles3↦7.195721864700317),(Vehicles4↦7.5368112325668335),(Vehicles5↦8.195891976356506)}",
        "VehiclesY": "{(EgoVehicle↦3.3995189666748047),(Vehicles2↦4.600480914115906),(Vehicles3↦-3.3995189666748047),(Vehicles4↦0.6004810184240341),(Vehicles5↦4.600480914115906)}",
        "VehiclesVy": "{(EgoVehicle↦-2.8374767303466797),(Vehicles2↦2.8374767303466797),(Vehicles3↦2.8374767303466797),(Vehicles4↦2.8374767303466797),(Vehicles5↦2.8374767303466797)}",
        "VehiclesX": "{(EgoVehicle↦200.0),(Vehicles2↦3.4822318702936172),(Vehicles3↦22.406406700611115),(Vehicles4↦41.08797907829285),(Vehicles5↦74.19620156288147)}"
      },
      "probabilisticVariables": null,
      "activating": null,
      "activatingOnlyWhenExecuted": true,
      "updating": null,
      "withPredicate": null
    }
  ],
  "listeners": [],
  "metadata": {
    "fileType": "Timed_Trace",
    "formatVersion": 3,
    "savedAt": "2023-08-15T11:29:11.701555Z",
    "creator": "Simulation: MONTE_CARLO_SIMULATION; MAX_STEPS_BEFORE_PROPERTY : 0, EXECUTIONS : 1000, ENDING_TIME : 60000",
    "proB2KernelVersion": "4.12.2",
    "proBCliVersion": "1.12.2-final",
    "modelName": "HighwayEnvironment"
  }
}