{
  "variables": {},
  "activations": [
    {
      "id": "$setup_constants",
      "execute": "$setup_constants",
      "after": "0",
      "priority": 0,
      "additionalGuards": null,
      "activationKind": null,
      "fixedVariables": null,
      "probabilisticVariables": null,
      "activating": null,
      "activatingOnlyWhenExecuted": true,
      "updating": null,
      "withPredicate": null
    },
    {
      "id": "$initialise_machine",
      "execute": "$initialise_machine",
      "after": "0",
      "priority": 0,
      "additionalGuards": null,
      "activationKind": null,
      "fixedVariables": {
        "Crash": "FALSE",
        "VehiclesAy": "{(EgoVehicle↦0.0),(Vehicles2↦0.0),(Vehicles3↦0.0),(Vehicles4↦0.0),(Vehicles5↦0.0)}",
        "Reward": "0.0",
        "VehiclesAx": "{(EgoVehicle↦0.0),(Vehicles2↦0.0),(Vehicles3↦0.0),(Vehicles4↦0.0),(Vehicles5↦0.0)}",
        "VehiclesVx": "{(EgoVehicle↦25.0),(Vehicles2↦-3.2789862155914307),(Vehicles3↦-2.6156526803970337),(Vehicles4↦-3.474043607711792),(Vehicles5↦-3.2110026478767395)}",
        "VehiclesY": "{(EgoVehicle↦8.000000238418579),(Vehicles2↦-8.000000238418579),(Vehicles3↦-8.000000238418579),(Vehicles4↦-4.0000001192092896),(Vehicles5↦-4.0000001192092896)}",
        "VehiclesVy": "{(EgoVehicle↦0.0),(Vehicles2↦0.0),(Vehicles3↦0.0),(Vehicles4↦0.0),(Vehicles5↦0.0)}",
        "VehiclesX": "{(EgoVehicle↦152.3473858833313),(Vehicles2↦25.223255157470703),(Vehicles3↦50.18617510795593),(Vehicles4↦72.04232811927795),(Vehicles5↦93.77593398094177)}"
      },
      "probabilisticVariables": null,
      "activating": [
        "FASTER_2"
      ],
      "activatingOnlyWhenExecuted": true,
      "updating": null,
      "withPredicate": null
    },
    {
      "id": "FASTER_2",
      "execute": "FASTER",
      "after": "1000",
      "priority": 0,
      "additionalGuards": null,
      "activationKind": null,
      "fixedVariables": {
        "Crash": "FALSE",
        "VehiclesAy": "{(EgoVehicle↦0.0),(Vehicles2↦2.0763543248176575),(Vehicles3↦0.0),(Vehicles4↦0.0),(Vehicles5↦3.1569904088974)}",
        "Reward": "0.9824417009602194",
        "VehiclesAx": "{(EgoVehicle↦4.341564178466797),(Vehicles2↦-8.293507099151611),(Vehicles3↦-4.641814231872559),(Vehicles4↦-10.254364013671875),(Vehicles5↦-9.73346084356308)}",
        "VehiclesVx": "{(EgoVehicle↦29.341564178466797),(Vehicles2↦-11.572493314743042),(Vehicles3↦-7.257466912269592),(Vehicles4↦-13.728407621383667),(Vehicles5↦-12.94446349143982)}",
        "VehiclesY": "{(EgoVehicle↦8.000000238418579),(Vehicles2↦-4.761272549629211),(Vehicles3↦-8.000000238418579),(Vehicles4↦-4.0000001192092896),(Vehicles5↦-1.2411876618862152)}",
        "VehiclesVy": "{(EgoVehicle↦0.0),(Vehicles2↦2.0763543248176575),(Vehicles3↦0.0),(Vehicles4↦0.0),(Vehicles5↦3.1569904088974)}",
        "VehiclesX": "{(EgoVehicle↦179.7424554824829),(Vehicles2↦17.09720939397812),(Vehicles3↦45.10128200054169),(Vehicles4↦63.773226737976074),(Vehicles5↦85.61713099479675)}"
      },
      "probabilisticVariables": null,
      "activating": [
        "LANE_RIGHT_3"
      ],
      "activatingOnlyWhenExecuted": true,
      "updating": null,
      "withPredicate": null
    },
    {
      "id": "LANE_RIGHT_3",
      "execute": "LANE_RIGHT",
      "after": "1000",
      "priority": 0,
      "additionalGuards": null,
      "activationKind": null,
      "fixedVariables": {
        "Crash": "FALSE",
        "VehiclesAy": "{(EgoVehicle↦0.0),(Vehicles2↦-1.9078581221401691),(Vehicles3↦0.0),(Vehicles4↦0.0),(Vehicles5↦3.448855932801962)}",
        "Reward": "0.9976877960112223",
        "VehiclesAx": "{(EgoVehicle↦0.5717277526855469),(Vehicles2↦-1.1022984981536865),(Vehicles3↦-1.8579447269439697),(Vehicles4↦0.2502751350402832),(Vehicles5↦0.8055472373962402)}",
        "VehiclesVx": "{(EgoVehicle↦29.913291931152344),(Vehicles2↦-12.674791812896729),(Vehicles3↦-9.115411639213562),(Vehicles4↦-13.478132486343384),(Vehicles5↦-12.138916254043579)}",
        "VehiclesY": "{(EgoVehicle↦8.000000238418579),(Vehicles2↦-4.061677694320679),(Vehicles3↦-8.000000238418579),(Vehicles4↦-4.0000001192092896),(Vehicles5↦-0.1042376160621643)}",
        "VehiclesVy": "{(EgoVehicle↦0.0),(Vehicles2↦0.16849620267748833),(Vehicles3↦0.0),(Vehicles4↦0.0),(Vehicles5↦0.291865523904562)}",
        "VehiclesX": "{(EgoVehicle↦200.0),(Vehicles2↦5.005008354783058),(Vehicles3↦36.94835901260376),(Vehicles4↦49.54659044742584),(Vehicles5↦73.0627715587616)}"
      },
      "probabilisticVariables": null,
      "activating": [
        "LANE_RIGHT_4"
      ],
      "activatingOnlyWhenExecuted": true,
      "updating": null,
      "withPredicate": null
    },
    {
      "id": "LANE_RIGHT_4",
      "execute": "LANE_RIGHT",
      "after": "1000",
      "priority": 0,
      "additionalGuards": null,
      "activationKind": null,
      "fixedVariables": {
        "Crash": "FALSE",
        "VehiclesAy": "{(EgoVehicle↦0.0),(Vehicles2↦-0.154400885803625),(Vehicles3↦0.0),(Vehicles4↦0.0),(Vehicles5↦0.31401267275214195)}",
        "Reward": "0.9996955122319305",
        "VehiclesAx": "{(EgoVehicle↦0.07529020309448242),(Vehicles2↦-0.1990985870361328),(Vehicles3↦-0.4764479398727417),(Vehicles4↦0.7592999935150146),(Vehicles5↦0.6663417816162109)}",
        "VehiclesVx": "{(EgoVehicle↦29.988582134246826),(Vehicles2↦-12.873890399932861),(Vehicles3↦-9.591859579086304),(Vehicles4↦-12.71883249282837),(Vehicles5↦-11.472574472427368)}",
        "VehiclesY": "{(EgoVehicle↦8.000000238418579),(Vehicles2↦-4.005152106285095),(Vehicles3↦-8.000000238418579),(Vehicles4↦-4.0000001192092896),(Vehicles5↦-0.007817982695996761)}",
        "VehiclesVy": "{(EgoVehicle↦0.0),(Vehicles2↦0.01409531687386334),(Vehicles3↦0.0),(Vehicles4↦0.0),(Vehicles5↦0.022147148847579956)}",
        "VehiclesX": "{(EgoVehicle↦200.0),(Vehicles2↦-7.781962305307388),(Vehicles3↦27.457797527313232),(Vehicles4↦36.36723458766937),(Vehicles5↦61.20477318763733)}"
      },
      "probabilisticVariables": null,
      "activating": [
        "IDLE_5"
      ],
      "activatingOnlyWhenExecuted": true,
      "updating": null,
      "withPredicate": null
    },
    {
      "id": "IDLE_5",
      "execute": "IDLE",
      "after": "1000",
      "priority": 0,
      "additionalGuards": null,
      "activationKind": null,
      "fixedVariables": {
        "Crash": "FALSE",
        "VehiclesAy": "{(EgoVehicle↦0.0),(Vehicles2↦-0.01409531687386334),(Vehicles3↦0.0),(Vehicles4↦0.0015753738989587873),(Vehicles5↦0.06876178085803986)}",
        "Reward": "0.9999599028453572",
        "VehiclesAx": "{(EgoVehicle↦0.009913444519042969),(Vehicles2↦3.524842858314514),(Vehicles3↦-2.4682068824768066),(Vehicles4↦1.7164337635040283),(Vehicles5↦0.89302659034729)}",
        "VehiclesVx": "{(EgoVehicle↦29.99849557876587),(Vehicles2↦-9.349047541618347),(Vehicles3↦-12.06006646156311),(Vehicles4↦-11.00239872932434),(Vehicles5↦-10.579547882080078)}",
        "VehiclesY": "{(EgoVehicle↦8.000000238418579),(Vehicles2↦-8.000000238418579),(Vehicles3↦-4.0000001192092896),(Vehicles4↦-0.0005518846737686545),(Vehicles5↦-4.0161638259887695)}",
        "VehiclesVy": "{(EgoVehicle↦0.0),(Vehicles2↦0.0),(Vehicles3↦0.0),(Vehicles4↦0.0015753738989587873),(Vehicles5↦0.0466146320104599)}",
        "VehiclesX": "{(EgoVehicle↦200.0),(Vehicles2↦17.975540459156036),(Vehicles3↦23.926977813243866),(Vehicles4↦49.935632944107056),(Vehicles5↦78.78868579864502)}"
      },
      "probabilisticVariables": null,
      "activating": [
        "LANE_RIGHT_6"
      ],
      "activatingOnlyWhenExecuted": true,
      "updating": null,
      "withPredicate": null
    },
    {
      "id": "LANE_RIGHT_6",
      "execute": "LANE_RIGHT",
      "after": "1000",
      "priority": 0,
      "additionalGuards": null,
      "activationKind": null,
      "fixedVariables": {
        "Crash": "FALSE",
        "VehiclesAy": "{(EgoVehicle↦0.0),(Vehicles2↦0.0),(Vehicles3↦0.0),(Vehicles4↦-0.0014679160631203558),(Vehicles5↦0.049639543576631695)}",
        "Reward": "0.9999947197162612",
        "VehiclesAx": "{(EgoVehicle↦0.0013065338134765625),(Vehicles2↦0.1082003116607666),(Vehicles3↦0.47861814498901367),(Vehicles4↦0.30846238136291504),(Vehicles5↦0.38986682891845703)}",
        "VehiclesVx": "{(EgoVehicle↦29.999802112579346),(Vehicles2↦-9.24084722995758),(Vehicles3↦-11.581448316574097),(Vehicles4↦-10.693936347961426),(Vehicles5↦-10.189681053161621)}",
        "VehiclesY": "{(EgoVehicle↦8.000000238418579),(Vehicles2↦-8.000000238418579),(Vehicles3↦-4.0000001192092896),(Vehicles4↦-3.745493268070277E-05),(Vehicles5↦-4.001042604446411)}",
        "VehiclesVy": "{(EgoVehicle↦0.0),(Vehicles2↦0.0),(Vehicles3↦0.0),(Vehicles4↦0.00010745783583843149),(Vehicles5↦0.003024911566171795)}",
        "VehiclesX": "{(EgoVehicle↦200.0),(Vehicles2↦8.67871269583702),(Vehicles3↦12.071587145328522),(Vehicles4↦39.067086577415466),(Vehicles5↦68.38210225105286)}"
      },
      "probabilisticVariables": null,
      "activating": [
        "IDLE_7"
      ],
      "activatingOnlyWhenExecuted": true,
      "updating": null,
      "withPredicate": null
    },
    {
      "id": "IDLE_7",
      "execute": "IDLE",
      "after": "1000",
      "priority": 0,
      "additionalGuards": null,
      "activationKind": null,
      "fixedVariables": {
        "Crash": "FALSE",
        "VehiclesAy": "{(EgoVehicle↦0.0),(Vehicles2↦0.0),(Vehicles3↦0.0),(Vehicles4↦-0.00010032618718014419),(Vehicles5↦0.0032147581259778235)}",
        "Reward": "0.9999993046539931",
        "VehiclesAx": "{(EgoVehicle↦0.000171661376953125),(Vehicles2↦0.017312169075012207),(Vehicles3↦0.33478260040283203),(Vehicles4↦0.20328044891357422),(Vehicles5↦0.22265613079071045)}",
        "VehiclesVx": "{(EgoVehicle↦29.9999737739563),(Vehicles2↦-9.223535060882568),(Vehicles3↦-11.246665716171265),(Vehicles4↦-10.490655899047852),(Vehicles5↦-9.96702492237091)}",
        "VehiclesY": "{(EgoVehicle↦8.000000238418579),(Vehicles2↦-8.000000238418579),(Vehicles3↦-4.0000001192092896),(Vehicles4↦-2.477268992606696E-06),(Vehicles5↦-4.000065207481384)}",
        "VehiclesVy": "{(EgoVehicle↦0.0),(Vehicles2↦0.0),(Vehicles3↦0.0),(Vehicles4↦7.131648658287304E-06),(Vehicles5↦0.00018984655980602838)}",
        "VehiclesX": "{(EgoVehicle↦200.0),(Vehicles2↦-0.549472076818347),(Vehicles3↦0.6338218692690134),(Vehicles4↦28.461065888404846),(Vehicles5↦58.29162001609802)}"
      },
      "probabilisticVariables": null,
      "activating": [
        "FASTER_8"
      ],
      "activatingOnlyWhenExecuted": true,
      "updating": null,
      "withPredicate": null
    },
    {
      "id": "FASTER_8",
      "execute": "FASTER",
      "after": "1000",
      "priority": 0,
      "additionalGuards": null,
      "activationKind": null,
      "fixedVariables": {
        "Crash": "FALSE",
        "VehiclesAy": "{(EgoVehicle↦0.0),(Vehicles2↦0.0),(Vehicles3↦4.646419426990178E-07),(Vehicles4↦4.558493742479186E-06),(Vehicles5↦0.00018984655980602838)}",
        "Reward": "0.9999999084318016",
        "VehiclesAx": "{(EgoVehicle↦2.384185791015625E-05),(Vehicles2↦-0.03997445106506348),(Vehicles3↦0.8990120887756348),(Vehicles4↦0.641830563545227),(Vehicles5↦0.8654367923736572)}",
        "VehiclesVx": "{(EgoVehicle↦29.99999761581421),(Vehicles2↦-9.263509511947632),(Vehicles3↦-10.34765362739563),(Vehicles4↦-9.848825335502625),(Vehicles5↦-9.101588129997253)}",
        "VehiclesY": "{(EgoVehicle↦8.000000238418579),(Vehicles2↦-8.000000238418579),(Vehicles3↦-1.6098900346150913E-07),(Vehicles4↦-4.000004053115845),(Vehicles5↦0.0)}",
        "VehiclesVy": "{(EgoVehicle↦0.0),(Vehicles2↦0.0),(Vehicles3↦4.646419426990178E-07),(Vehicles4↦1.169014240076649E-05),(Vehicles5↦0.0)}",
        "VehiclesX": "{(EgoVehicle↦200.0),(Vehicles2↦-9.785445779561996),(Vehicles3↦18.03167164325714),(Vehicles4↦48.378923535346985),(Vehicles5↦82.98742771148682)}"
      },
      "probabilisticVariables": null,
      "activating": [
        "SLOWER_9"
      ],
      "activatingOnlyWhenExecuted": true,
      "updating": null,
      "withPredicate": null
    },
    {
      "id": "SLOWER_9",
      "execute": "SLOWER",
      "after": "1000",
      "priority": 0,
      "additionalGuards": null,
      "activationKind": null,
      "fixedVariables": {
        "Crash": "FALSE",
        "VehiclesAy": "{(EgoVehicle↦0.0),(Vehicles2↦2.98801339226884E-08),(Vehicles3↦2.485793260120772E-07),(Vehicles4↦-1.175494878324912E-05),(Vehicles5↦0.0)}",
        "Reward": "0.8842249536480837",
        "VehiclesAx": "{(EgoVehicle↦-4.341561794281006),(Vehicles2↦3.3438223600387573),(Vehicles3↦4.9183738231658936),(Vehicles4↦1.6121333837509155),(Vehicles5↦4.189484417438507)}",
        "VehiclesVx": "{(EgoVehicle↦25.658435821533203),(Vehicles2↦-5.9196871519088745),(Vehicles3↦-5.429279804229736),(Vehicles4↦-8.236691951751709),(Vehicles5↦-4.912103712558746)}",
        "VehiclesY": "{(EgoVehicle↦8.000000238418579),(Vehicles2↦-1.0338784495189657E-08),(Vehicles3↦-4.0000001192092896),(Vehicles4↦-8.000000238418579),(Vehicles5↦0.0)}",
        "VehiclesVy": "{(EgoVehicle↦0.0),(Vehicles2↦2.98801339226884E-08),(Vehicles3↦7.13221268711095E-07),(Vehicles4↦-6.480638248262949E-08),(Vehicles5↦0.0)}",
        "VehiclesX": "{(EgoVehicle↦200.0),(Vehicles2↦10.117125511169434),(Vehicles3↦40.95518887042999),(Vehicles4↦73.78657460212708),(Vehicles5↦76.2087881565094)}"
      },
      "probabilisticVariables": null,
      "activating": [
        "LANE_LEFT_10"
      ],
      "activatingOnlyWhenExecuted": true,
      "updating": null,
      "withPredicate": null
    },
    {
      "id": "LANE_LEFT_10",
      "execute": "LANE_LEFT",
      "after": "1000",
      "priority": 0,
      "additionalGuards": null,
      "activationKind": null,
      "fixedVariables": {
        "Crash": "FALSE",
        "VehiclesAy": "{(EgoVehicle↦-1.0917504131793976),(Vehicles2↦1.0917503832992637),(Vehicles3↦1.0917497744639348),(Vehicles4↦1.09175047798578),(Vehicles5↦1.0917504131793976)}",
        "Reward": "0.8350117425023892",
        "VehiclesAx": "{(EgoVehicle↦-0.5954957008361816),(Vehicles2↦0.6531304121017456),(Vehicles3↦0.6771364808082581),(Vehicles4↦0.5573409795761108),(Vehicles5↦0.5390772223472595)}",
        "VehiclesVx": "{(EgoVehicle↦25.06294012069702),(Vehicles2↦-5.266556739807129),(Vehicles3↦-4.752143323421478),(Vehicles4↦-7.679350972175598),(Vehicles5↦-4.373026490211487)}",
        "VehiclesY": "{(EgoVehicle↦4.344815969467163),(Vehicles2↦3.655184268951416),(Vehicles3↦-0.3448159173130989),(Vehicles4↦-4.344815969467163),(Vehicles5↦3.655184268951416)}",
        "VehiclesVy": "{(EgoVehicle↦-1.0917504131793976),(Vehicles2↦1.0917504131793976),(Vehicles3↦1.0917504876852036),(Vehicles4↦1.0917504131793976),(Vehicles5↦1.0917504131793976)}",
        "VehiclesX": "{(EgoVehicle↦200.0),(Vehicles2↦4.851050302386284),(Vehicles3↦36.188140511512756),(Vehicles4↦66.16033911705017),(Vehicles5↦71.89839482307434)}"
      },
      "probabilisticVariables": null,
      "activating": [
        "FASTER_11"
      ],
      "activatingOnlyWhenExecuted": true,
      "updating": null,
      "withPredicate": null
    },
    {
      "id": "FASTER_11",
      "execute": "FASTER",
      "after": "1000",
      "priority": 0,
      "additionalGuards": null,
      "activationKind": null,
      "fixedVariables": {
        "Crash": "FALSE",
        "VehiclesAy": "{(EgoVehicle↦1.064162738621235),(Vehicles2↦-1.064162738621235),(Vehicles3↦-1.0641628107987344),(Vehicles4↦-1.064162738621235),(Vehicles5↦1.1193380877375603)}",
        "Reward": "0.9494125094719852",
        "VehiclesAx": "{(EgoVehicle↦4.290030002593994),(Vehicles2↦-4.243823885917664),(Vehicles3↦-4.217163622379303),(Vehicles4↦-4.287413954734802),(Vehicles5↦-4.3037426471710205)}",
        "VehiclesVx": "{(EgoVehicle↦29.352970123291016),(Vehicles2↦-9.510380625724792),(Vehicles3↦-8.969306945800781),(Vehicles4↦-11.9667649269104),(Vehicles5↦-8.676769137382507)}",
        "VehiclesY": "{(EgoVehicle↦4.006624102592468),(Vehicles2↦3.993375778198242),(Vehicles3↦-0.006624115398153663),(Vehicles4↦-4.006624102592468),(Vehicles5↦3.993375778198242)}",
        "VehiclesVy": "{(EgoVehicle↦-0.02758767455816269),(Vehicles2↦0.02758767455816269),(Vehicles3↦0.027587676886469126),(Vehicles4↦0.02758767455816269),(Vehicles5↦0.02758767455816269)}",
        "VehiclesX": "{(EgoVehicle↦200.0),(Vehicles2↦-2.7699345722794533),(Vehicles3↦29.092594981193542),(Vehicles4↦56.10554218292236),(Vehicles5↦65.14422297477722)}"
      },
      "probabilisticVariables": null,
      "activating": [
        "LANE_LEFT_12"
      ],
      "activatingOnlyWhenExecuted": true,
      "updating": null,
      "withPredicate": null
    },
    {
      "id": "LANE_LEFT_12",
      "execute": "LANE_LEFT",
      "after": "1000",
      "priority": 0,
      "additionalGuards": null,
      "activationKind": null,
      "fixedVariables": {
        "Crash": "FALSE",
        "VehiclesAy": "{(EgoVehicle↦-0.9908049926161766),(Vehicles2↦0.9908049926161766),(Vehicles3↦0.9908049902878702),(Vehicles4↦0.9908049926161766),(Vehicles5↦1.045980341732502)}",
        "Reward": "0.9305988357260678",
        "VehiclesAx": "{(EgoVehicle↦0.5444860458374023),(Vehicles2↦0.05749821662902832),(Vehicles3↦-3.505218029022217),(Vehicles4↦2.7505260705947876),(Vehicles5↦-3.6155837774276733)}",
        "VehiclesVx": "{(EgoVehicle↦29.897456169128418),(Vehicles2↦-9.452882409095764),(Vehicles3↦-12.474524974822998),(Vehicles4↦-9.216238856315613),(Vehicles5↦-12.29235291481018)}",
        "VehiclesY": "{(EgoVehicle↦0.29203833639621735),(Vehicles2↦3.7079615592956543),(Vehicles3↦-0.29203833639621735),(Vehicles4↦7.707961320877075),(Vehicles5↦-0.29203833639621735)}",
        "VehiclesVy": "{(EgoVehicle↦-1.0183926671743393),(Vehicles2↦1.0183926671743393),(Vehicles3↦1.0183926671743393),(Vehicles4↦1.0183926671743393),(Vehicles5↦1.0183926671743393)}",
        "VehiclesX": "{(EgoVehicle↦200.0),(Vehicles2↦20.120303332805634),(Vehicles3↦44.122740626335144),(Vehicles4↦56.44022822380066),(Vehicles5↦92.64084100723267)}"
      },
      "probabilisticVariables": null,
      "activating": [
        "LANE_LEFT_13"
      ],
      "activatingOnlyWhenExecuted": true,
      "updating": null,
      "withPredicate": null
    },
    {
      "id": "LANE_LEFT_13",
      "execute": "LANE_LEFT",
      "after": "1000",
      "priority": 0,
      "additionalGuards": null,
      "activationKind": null,
      "fixedVariables": {
        "Crash": "FALSE",
        "VehiclesAy": "{(EgoVehicle↦1.0029824753291905),(Vehicles2↦-1.0029824753291905),(Vehicles3↦-1.0029824753291905),(Vehicles4↦-1.0029824753291905),(Vehicles5↦1.033802859019488)}",
        "Reward": "0.9330340202618707",
        "VehiclesAx": "{(EgoVehicle↦0.09131908416748047),(Vehicles2↦-0.04151880741119385),(Vehicles3↦-0.02833247184753418),(Vehicles4↦-0.07877647876739502),(Vehicles5↦0.14022588729858398)}",
        "VehiclesVx": "{(EgoVehicle↦29.9887752532959),(Vehicles2↦-9.494401216506958),(Vehicles3↦-12.502857446670532),(Vehicles4↦-9.295015335083008),(Vehicles5↦-12.152127027511597)}",
        "VehiclesY": "{(EgoVehicle↦0.0033460253616794944),(Vehicles2↦3.9966541528701782),(Vehicles3↦-0.0033460253616794944),(Vehicles4↦7.996654272079468),(Vehicles5↦-0.0033460253616794944)}",
        "VehiclesVy": "{(EgoVehicle↦-0.015410191845148802),(Vehicles2↦0.015410191845148802),(Vehicles3↦0.015410191845148802),(Vehicles4↦0.015410191845148802),(Vehicles5↦0.015410191845148802)}",
        "VehiclesX": "{(EgoVehicle↦200.0),(Vehicles2↦10.632706433534622),(Vehicles3↦31.616181135177612),(Vehicles4↦47.17322289943695),(Vehicles5↦80.38686513900757)}"
      },
      "probabilisticVariables": null,
      "activating": [
        "SLOWER_14"
      ],
      "activatingOnlyWhenExecuted": true,
      "updating": null,
      "withPredicate": null
    },
    {
      "id": "SLOWER_14",
      "execute": "SLOWER",
      "after": "1000",
      "priority": 0,
      "additionalGuards": null,
      "activationKind": null,
      "fixedVariables": {
        "Crash": "FALSE",
        "VehiclesAy": "{(EgoVehicle↦0.015370760256701033),(Vehicles2↦-0.015370760256701033),(Vehicles3↦-0.015370760256701033),(Vehicles4↦-0.015370760256701033),(Vehicles5↦0.015449623433596571)}",
        "Reward": "0.8175188972298587",
        "VehiclesAx": "{(EgoVehicle↦-4.331817626953125),(Vehicles2↦4.372640252113342),(Vehicles3↦4.413411021232605),(Vehicles4↦4.346790015697479),(Vehicles5↦4.546170234680176)}",
        "VehiclesVx": "{(EgoVehicle↦25.656957626342773),(Vehicles2↦-5.121760964393616),(Vehicles3↦-8.089446425437927),(Vehicles4↦-4.948225319385529),(Vehicles5↦-7.605956792831421)}",
        "VehiclesY": "{(EgoVehicle↦3.712209036166314E-06),(Vehicles2↦3.9999961853027344),(Vehicles3↦-3.712209036166314E-06),(Vehicles4↦7.999995946884155),(Vehicles5↦-3.712209036166314E-06)}",
        "VehiclesVy": "{(EgoVehicle↦-3.943158844776917E-05),(Vehicles2↦3.943158844776917E-05),(Vehicles3↦3.943158844776917E-05),(Vehicles4↦3.943158844776917E-05),(Vehicles5↦3.943158844776917E-05)}",
        "VehiclesX": "{(EgoVehicle↦200.0),(Vehicles2↦3.544944152235985),(Vehicles3↦21.534442901611328),(Vehicles4↦40.27380049228668),(Vehicles5↦70.71166634559631)}"
      },
      "probabilisticVariables": null,
      "activating": [
        "FASTER_15"
      ],
      "activatingOnlyWhenExecuted": true,
      "updating": null,
      "withPredicate": null
    },
    {
      "id": "FASTER_15",
      "execute": "FASTER",
      "after": "1000",
      "priority": 0,
      "additionalGuards": null,
      "activationKind": null,
      "fixedVariables": {
        "Crash": "FALSE",
        "VehiclesAy": "{(EgoVehicle↦4.052172123181208E-05),(Vehicles2↦-4.052172123181208E-05),(Vehicles3↦-4.052172123181208E-05),(Vehicles4↦-4.052172123181208E-05),(Vehicles5↦3.8341455663726265E-05)}",
        "Reward": "0.9180820495667265",
        "VehiclesAx": "{(EgoVehicle↦3.7711191177368164),(Vehicles2↦-3.7370717525482178),(Vehicles3↦-3.6775821447372437),(Vehicles4↦-3.755914866924286),(Vehicles5↦-3.576141595840454)}",
        "VehiclesVx": "{(EgoVehicle↦29.42807674407959),(Vehicles2↦-8.858832716941833),(Vehicles3↦-11.767028570175171),(Vehicles4↦-8.704140186309814),(Vehicles5↦-11.182098388671875)}",
        "VehiclesY": "{(EgoVehicle↦-3.4366284751286E-07),(Vehicles2↦4.000000476837158),(Vehicles3↦3.4366284751286E-07),(Vehicles4↦8.000000238418579),(Vehicles5↦3.4366284751286E-07)}",
        "VehiclesVy": "{(EgoVehicle↦1.0901327840429076E-06),(Vehicles2↦-1.0901327840429076E-06),(Vehicles3↦-1.0901327840429076E-06),(Vehicles4↦-1.0901327840429076E-06),(Vehicles5↦-1.0901327840429076E-06)}",
        "VehiclesX": "{(EgoVehicle↦200.0),(Vehicles2↦-3.643105924129486),(Vehicles3↦11.40131875872612),(Vehicles4↦33.2513153553009),(Vehicles5↦61.10490560531616)}"
      },
      "probabilisticVariables": null,
      "activating": [
        "SLOWER_16"
      ],
      "activatingOnlyWhenExecuted": true,
      "updating": null,
      "withPredicate": null
    },
    {
      "id": "SLOWER_16",
      "execute": "SLOWER",
      "after": "1000",
      "priority": 0,
      "additionalGuards": null,
      "activationKind": null,
      "fixedVariables": {
        "Crash": "TRUE",
        "VehiclesAy": "{(EgoVehicle↦-1.0352003165792212E-06),(Vehicles2↦1.0352003165792212E-06),(Vehicles3↦1.0352003254610054E-06),(Vehicles4↦1.0352003165792212E-06),(Vehicles5↦-1.145065251506594E-06)}",
        "Reward": "0.018659879437704936",
        "VehiclesAx": "{(EgoVehicle↦-8.728330135345459),(Vehicles2↦2.351749539375305),(Vehicles3↦11.665619695559144),(Vehicles4↦8.742906050756574),(Vehicles5↦8.904003202915192)}",
        "VehiclesVx": "{(EgoVehicle↦20.69974660873413),(Vehicles2↦-6.507083177566528),(Vehicles3↦-0.10140887461602688),(Vehicles4↦0.038765864446759224),(Vehicles5↦-2.2780951857566833)}",
        "VehiclesY": "{(EgoVehicle↦-1.3423154587854924E-08),(Vehicles2↦1.96856957401792E-08),(Vehicles3↦4.0000001192092896),(Vehicles4↦8.000000238418579),(Vehicles5↦1.3423153255587295E-08)}",
        "VehiclesVy": "{(EgoVehicle↦5.493246746368641E-08),(Vehicles2↦-5.493246746368641E-08),(Vehicles3↦-5.493245858190221E-08),(Vehicles4↦-5.493246746368641E-08),(Vehicles5↦-5.493246746368641E-08)}",
        "VehiclesX": "{(EgoVehicle↦200.0),(Vehicles2↦5.000000074505806),(Vehicles3↦-8.766410499811172),(Vehicles4↦28.276628255844116),(Vehicles5↦53.71813774108887)}"
      },
      "probabilisticVariables": null,
      "activating": null,
      "activatingOnlyWhenExecuted": true,
      "updating": null,
      "withPredicate": null
    }
  ],
  "listeners": [],
  "metadata": {
    "fileType": "Timed_Trace",
    "formatVersion": 3,
    "savedAt": "2023-08-15T11:29:30.437851Z",
    "creator": "Simulation: MONTE_CARLO_SIMULATION; MAX_STEPS_BEFORE_PROPERTY : 0, EXECUTIONS : 1000, ENDING_TIME : 60000",
    "proB2KernelVersion": "4.12.2",
    "proBCliVersion": "1.12.2-final",
    "modelName": "HighwayEnvironment"
  }
}