{
  "variables": {},
  "activations": [
    {
      "id": "$setup_constants",
      "execute": "$setup_constants",
      "after": "0",
      "priority": 0,
      "additionalGuards": null,
      "activationKind": null,
      "fixedVariables": null,
      "probabilisticVariables": null,
      "activating": null,
      "activatingOnlyWhenExecuted": true,
      "updating": null,
      "withPredicate": null
    },
    {
      "id": "$initialise_machine",
      "execute": "$initialise_machine",
      "after": "0",
      "priority": 0,
      "additionalGuards": null,
      "activationKind": null,
      "fixedVariables": {
        "Crash": "FALSE",
        "VehiclesAy": "{(EgoVehicle↦0.0),(Vehicles2↦0.0),(Vehicles3↦0.0),(Vehicles4↦0.0),(Vehicles5↦0.0)}",
        "Reward": "0.0",
        "VehiclesAx": "{(EgoVehicle↦0.0),(Vehicles2↦0.0),(Vehicles3↦0.0),(Vehicles4↦0.0),(Vehicles5↦0.0)}",
        "VehiclesVx": "{(EgoVehicle↦25.0),(Vehicles2↦-1.546926498413086),(Vehicles3↦-1.8280401825904846),(Vehicles4↦-1.0698532313108444),(Vehicles5↦-3.7264063954353333)}",
        "VehiclesY": "{(EgoVehicle↦4.0000001192092896),(Vehicles2↦0.0),(Vehicles3↦4.0000001192092896),(Vehicles4↦4.0000001192092896),(Vehicles5↦-4.0000001192092896)}",
        "VehiclesVy": "{(EgoVehicle↦0.0),(Vehicles2↦0.0),(Vehicles3↦0.0),(Vehicles4↦0.0),(Vehicles5↦0.0)}",
        "VehiclesX": "{(EgoVehicle↦153.51866483688354),(Vehicles2↦24.939124286174774),(Vehicles3↦50.78314542770386),(Vehicles4↦73.32191467285156),(Vehicles5↦97.91229367256165)}"
      },
      "probabilisticVariables": null,
      "activating": [
        "LANE_RIGHT_2"
      ],
      "activatingOnlyWhenExecuted": true,
      "updating": null,
      "withPredicate": null
    },
    {
      "id": "LANE_RIGHT_2",
      "execute": "LANE_RIGHT",
      "after": "1000",
      "priority": 0,
      "additionalGuards": null,
      "activationKind": null,
      "fixedVariables": {
        "Crash": "FALSE",
        "VehiclesAy": "{(EgoVehicle↦1.0796338319778442),(Vehicles2↦-1.0796338319778442),(Vehicles3↦-1.0796338319778442),(Vehicles4↦-1.0796338319778442),(Vehicles5↦-1.0796338319778442)}",
        "Reward": "0.8660447183419508",
        "VehiclesAx": "{(EgoVehicle↦-0.023322105407714844),(Vehicles2↦-0.7065197825431824),(Vehicles3↦-4.454800188541412),(Vehicles4↦-0.31856440007686615),(Vehicles5↦-0.6127074360847473)}",
        "VehiclesVx": "{(EgoVehicle↦24.976677894592285),(Vehicles2↦-2.2534462809562683),(Vehicles3↦-6.282840371131897),(Vehicles4↦-1.3884176313877106),(Vehicles5↦-4.339113831520081)}",
        "VehiclesY": "{(EgoVehicle↦7.6599647998809814),(Vehicles2↦-3.6599650382995605),(Vehicles3↦0.3400348797440529),(Vehicles4↦0.3400348797440529),(Vehicles5↦-7.6599647998809814)}",
        "VehiclesVy": "{(EgoVehicle↦1.0796338319778442),(Vehicles2↦-1.0796338319778442),(Vehicles3↦-1.0796338319778442),(Vehicles4↦-1.0796338319778442),(Vehicles5↦-1.0796338319778442)}",
        "VehiclesX": "{(EgoVehicle↦178.19892168045044),(Vehicles2↦23.423856496810913),(Vehicles3↦47.06183671951294),(Vehicles4↦72.47713208198547),(Vehicles5↦94.20944452285767)}"
      },
      "probabilisticVariables": null,
      "activating": [
        "FASTER_3"
      ],
      "activatingOnlyWhenExecuted": true,
      "updating": null,
      "withPredicate": null
    },
    {
      "id": "FASTER_3",
      "execute": "FASTER",
      "after": "1000",
      "priority": 0,
      "additionalGuards": null,
      "activationKind": null,
      "fixedVariables": {
        "Crash": "FALSE",
        "VehiclesAy": "{(EgoVehicle↦-1.0525126825086772),(Vehicles2↦1.0525126825086772),(Vehicles3↦1.0525126825086772),(Vehicles4↦1.0525126825086772),(Vehicles5↦-1.1067549814470112)}",
        "Reward": "0.9824413667099782",
        "VehiclesAx": "{(EgoVehicle↦4.364874362945557),(Vehicles2↦-5.023411810398102),(Vehicles3↦-5.143623948097229),(Vehicles4↦-4.911202639341354),(Vehicles5↦-4.658308625221252)}",
        "VehiclesVx": "{(EgoVehicle↦29.341552257537842),(Vehicles2↦-7.27685809135437),(Vehicles3↦-11.426464319229126),(Vehicles4↦-6.299620270729065),(Vehicles5↦-8.997422456741333)}",
        "VehiclesY": "{(EgoVehicle↦7.993496417999268),(Vehicles2↦-3.993496298789978),(Vehicles3↦0.006503580836579204),(Vehicles4↦0.006503580836579204),(Vehicles5↦-7.993496417999268)}",
        "VehiclesVy": "{(EgoVehicle↦0.027121149469166994),(Vehicles2↦-0.027121149469166994),(Vehicles3↦-0.027121149469166994),(Vehicles4↦-0.027121149469166994),(Vehicles5↦-0.027121149469166994)}",
        "VehiclesX": "{(EgoVehicle↦200.0),(Vehicles2↦18.48037987947464),(Vehicles3↦37.93146014213562),(Vehicles4↦68.42801570892334),(Vehicles5↦87.32346892356873)}"
      },
      "probabilisticVariables": null,
      "activating": [
        "FASTER_4"
      ],
      "activatingOnlyWhenExecuted": true,
      "updating": null,
      "withPredicate": null
    },
    {
      "id": "FASTER_4",
      "execute": "FASTER",
      "after": "1000",
      "priority": 0,
      "additionalGuards": null,
      "activationKind": null,
      "fixedVariables": {
        "Crash": "FALSE",
        "VehiclesAy": "{(EgoVehicle↦-0.027026898560507107),(Vehicles2↦0.027026898560507107),(Vehicles3↦0.027026898560507107),(Vehicles4↦0.027026898560507107),(Vehicles5↦-0.02721540037782688)}",
        "Reward": "0.9976877960072628",
        "VehiclesAx": "{(EgoVehicle↦0.571739673614502),(Vehicles2↦-1.0623478889465332),(Vehicles3↦-0.4848313331604004),(Vehicles4↦-0.8966058492660522),(Vehicles5↦-0.7285517454147339)}",
        "VehiclesVx": "{(EgoVehicle↦29.913291931152344),(Vehicles2↦-8.339205980300903),(Vehicles3↦-11.911295652389526),(Vehicles4↦-7.196226119995117),(Vehicles5↦-9.725974202156067)}",
        "VehiclesY": "{(EgoVehicle↦8.000001668930054),(Vehicles2↦-4.000001907348633),(Vehicles3↦-1.8026956354333379E-06),(Vehicles4↦-1.8026956354333379E-06),(Vehicles5↦-8.000001668930054)}",
        "VehiclesVy": "{(EgoVehicle↦9.42509086598875E-05),(Vehicles2↦-9.42509086598875E-05),(Vehicles3↦-9.42509086598875E-05),(Vehicles4↦-9.42509086598875E-05),(Vehicles5↦-9.42509086598875E-05)}",
        "VehiclesX": "{(EgoVehicle↦200.0),(Vehicles2↦10.67846417427063),(Vehicles3↦26.190808415412903),(Vehicles4↦61.67224645614624),(Vehicles5↦77.93979048728943)}"
      },
      "probabilisticVariables": null,
      "activating": [
        "LANE_RIGHT_5"
      ],
      "activatingOnlyWhenExecuted": true,
      "updating": null,
      "withPredicate": null
    },
    {
      "id": "LANE_RIGHT_5",
      "execute": "LANE_RIGHT",
      "after": "1000",
      "priority": 0,
      "additionalGuards": null,
      "activationKind": null,
      "fixedVariables": {
        "Crash": "FALSE",
        "VehiclesAy": "{(EgoVehicle↦-0.00010026566940268822),(Vehicles2↦0.00010026566940268822),(Vehicles3↦0.00010026566940268822),(Vehicles4↦0.00010026566940268822),(Vehicles5↦-8.823614791708678E-05)}",
        "Reward": "0.9996955122319143",
        "VehiclesAx": "{(EgoVehicle↦0.07529020309448242),(Vehicles2↦-0.41996657848358154),(Vehicles3↦0.2554655075073242),(Vehicles4↦-0.3057098388671875),(Vehicles5↦-0.15315592288970947)}",
        "VehiclesVx": "{(EgoVehicle↦29.988582134246826),(Vehicles2↦-8.759172558784485),(Vehicles3↦-11.655830144882202),(Vehicles4↦-7.501935958862305),(Vehicles5↦-9.879130125045776)}",
        "VehiclesY": "{(EgoVehicle↦8.000001668930054),(Vehicles2↦-4.000001907348633),(Vehicles3↦-1.8340517158321745E-06),(Vehicles4↦-1.8340517158321745E-06),(Vehicles5↦-8.000001668930054)}",
        "VehiclesVy": "{(EgoVehicle↦-6.014760742800718E-06),(Vehicles2↦6.014760742800718E-06),(Vehicles3↦6.014760742800718E-06),(Vehicles4↦6.014760742800718E-06),(Vehicles5↦6.014760742800718E-06)}",
        "VehiclesX": "{(EgoVehicle↦200.0),(Vehicles2↦2.149977535009384),(Vehicles3↦14.361421763896942),(Vehicles4↦54.33736443519592),(Vehicles5↦68.13639998435974)}"
      },
      "probabilisticVariables": null,
      "activating": [
        "SLOWER_6"
      ],
      "activatingOnlyWhenExecuted": true,
      "updating": null,
      "withPredicate": null
    },
    {
      "id": "SLOWER_6",
      "execute": "SLOWER",
      "after": "1000",
      "priority": 0,
      "additionalGuards": null,
      "activationKind": null,
      "fixedVariables": {
        "Crash": "FALSE",
        "VehiclesAy": "{(EgoVehicle↦5.845306585428034E-06),(Vehicles2↦-5.845306585428034E-06),(Vehicles3↦-5.845306585428034E-06),(Vehicles4↦-5.845306585428034E-06),(Vehicles5↦6.1842149001734015E-06)}",
        "Reward": "0.8841848685518042",
        "VehiclesAx": "{(EgoVehicle↦-4.331650733947754),(Vehicles2↦4.090124666690826),(Vehicles3↦4.709498286247253),(Vehicles4↦4.145299792289734),(Vehicles5↦4.299507141113281)}",
        "VehiclesVx": "{(EgoVehicle↦25.656931400299072),(Vehicles2↦-4.6690478920936584),(Vehicles3↦-6.946331858634949),(Vehicles4↦-3.356636166572571),(Vehicles5↦-5.579622983932495)}",
        "VehiclesY": "{(EgoVehicle↦8.000000238418579),(Vehicles2↦-4.0000001192092896),(Vehicles3↦-5.102453926042472E-08),(Vehicles4↦-5.102453926042472E-08),(Vehicles5↦-8.000000238418579)}",
        "VehiclesVy": "{(EgoVehicle↦-1.6945415737268377E-07),(Vehicles2↦1.6945415737268377E-07),(Vehicles3↦1.6945415737268377E-07),(Vehicles4↦1.6945415737268377E-07),(Vehicles5↦1.6945415737268377E-07)}",
        "VehiclesX": "{(EgoVehicle↦200.0),(Vehicles2↦-4.322958737611771),(Vehicles3↦5.246519669890404),(Vehicles4↦49.1481214761734),(Vehicles5↦60.63128709793091)}"
      },
      "probabilisticVariables": null,
      "activating": [
        "SLOWER_7"
      ],
      "activatingOnlyWhenExecuted": true,
      "updating": null,
      "withPredicate": null
    },
    {
      "id": "SLOWER_7",
      "execute": "SLOWER",
      "after": "1000",
      "priority": 0,
      "additionalGuards": null,
      "activationKind": null,
      "fixedVariables": {
        "Crash": "TRUE",
        "VehiclesAy": "{(EgoVehicle↦1.3718142177765458E-07),(Vehicles2↦-1.3718141289587038E-07),(Vehicles3↦-1.3718141289587038E-07),(Vehicles4↦-1.3718141289587038E-07),(Vehicles5↦2.0172690184949715E-07)}",
        "Reward": "0.06666666666666665",
        "VehiclesAx": "{(EgoVehicle↦-15.920211672782898),(Vehicles2↦15.748248398303986),(Vehicles3↦4.903649538755417),(Vehicles4↦15.754950642585754),(Vehicles5↦15.913941860198975)}",
        "VehiclesVx": "{(EgoVehicle↦9.736719727516174),(Vehicles2↦11.079200506210327),(Vehicles3↦-2.042682319879532),(Vehicles4↦12.398314476013184),(Vehicles5↦10.33431887626648)}",
        "VehiclesY": "{(EgoVehicle↦8.000000238418579),(Vehicles2↦-4.0000001192092896),(Vehicles3↦3.8526835055563424E-09),(Vehicles4↦1.2505953606023468E-08),(Vehicles5↦-8.000000238418579)}",
        "VehiclesVy": "{(EgoVehicle↦-3.227273559502919E-08),(Vehicles2↦3.2272744476813386E-08),(Vehicles3↦3.2272744476813386E-08),(Vehicles4↦3.2272744476813386E-08),(Vehicles5↦3.2272744476813386E-08)}",
        "VehiclesX": "{(EgoVehicle↦200.0),(Vehicles2↦-0.5307646468281746),(Vehicles3↦5.000000074505806),(Vehicles4↦54.258763790130615),(Vehicles5↦63.58216404914856)}"
      },
      "probabilisticVariables": null,
      "activating": null,
      "activatingOnlyWhenExecuted": true,
      "updating": null,
      "withPredicate": null
    }
  ],
  "listeners": [],
  "metadata": {
    "fileType": "Timed_Trace",
    "formatVersion": 3,
    "savedAt": "2023-08-15T11:29:32.961236Z",
    "creator": "Simulation: MONTE_CARLO_SIMULATION; MAX_STEPS_BEFORE_PROPERTY : 0, EXECUTIONS : 1000, ENDING_TIME : 60000",
    "proB2KernelVersion": "4.12.2",
    "proBCliVersion": "1.12.2-final",
    "modelName": "HighwayEnvironment"
  }
}