{
  "variables": {},
  "activations": [
    {
      "id": "$setup_constants",
      "execute": "$setup_constants",
      "after": "0",
      "priority": 0,
      "additionalGuards": null,
      "activationKind": null,
      "fixedVariables": null,
      "probabilisticVariables": null,
      "activating": null,
      "activatingOnlyWhenExecuted": true,
      "updating": null,
      "withPredicate": null
    },
    {
      "id": "$initialise_machine",
      "execute": "$initialise_machine",
      "after": "0",
      "priority": 0,
      "additionalGuards": null,
      "activationKind": null,
      "fixedVariables": {
        "Crash": "FALSE",
        "VehiclesAy": "{(EgoVehicle↦0.0),(Vehicles2↦0.0),(Vehicles3↦0.0),(Vehicles4↦0.0),(Vehicles5↦0.0)}",
        "Reward": "0.0",
        "VehiclesAx": "{(EgoVehicle↦0.0),(Vehicles2↦0.0),(Vehicles3↦0.0),(Vehicles4↦0.0),(Vehicles5↦0.0)}",
        "VehiclesVx": "{(EgoVehicle↦25.0),(Vehicles2↦-3.0396312475204468),(Vehicles3↦-3.0024269223213196),(Vehicles4↦-2.358156144618988),(Vehicles5↦-2.682480812072754)}",
        "VehiclesY": "{(EgoVehicle↦4.0000001192092896),(Vehicles2↦-4.0000001192092896),(Vehicles3↦4.0000001192092896),(Vehicles4↦4.0000001192092896),(Vehicles5↦4.0000001192092896)}",
        "VehiclesVy": "{(EgoVehicle↦0.0),(Vehicles2↦0.0),(Vehicles3↦0.0),(Vehicles4↦0.0),(Vehicles5↦0.0)}",
        "VehiclesX": "{(EgoVehicle↦152.42910385131836),(Vehicles2↦24.98258352279663),(Vehicles3↦47.82916307449341),(Vehicles4↦72.3355770111084),(Vehicles5↦97.48576879501343)}"
      },
      "probabilisticVariables": null,
      "activating": [
        "LANE_RIGHT_2"
      ],
      "activatingOnlyWhenExecuted": true,
      "updating": null,
      "withPredicate": null
    },
    {
      "id": "LANE_RIGHT_2",
      "execute": "LANE_RIGHT",
      "after": "1000",
      "priority": 0,
      "additionalGuards": null,
      "activationKind": null,
      "fixedVariables": {
        "Crash": "FALSE",
        "VehiclesAy": "{(EgoVehicle↦1.0796338319778442),(Vehicles2↦-1.0796338319778442),(Vehicles3↦-7.469078898429871),(Vehicles4↦-7.585617303848267),(Vehicles5↦-1.0796338319778442)}",
        "Reward": "0.8660447183419508",
        "VehiclesAx": "{(EgoVehicle↦-0.023322105407714844),(Vehicles2↦-0.4024967551231384),(Vehicles3↦-6.47353857755661),(Vehicles4↦-5.631233751773834),(Vehicles5↦-0.37122607231140137)}",
        "VehiclesVx": "{(EgoVehicle↦24.976677894592285),(Vehicles2↦-3.442128002643585),(Vehicles3↦-9.47596549987793),(Vehicles4↦-7.989389896392822),(Vehicles5↦-3.0537068843841553)}",
        "VehiclesY": "{(EgoVehicle↦7.6599647998809814),(Vehicles2↦-7.6599647998809814),(Vehicles3↦-0.6374201774597168),(Vehicles4↦-0.5743608623743057),(Vehicles5↦0.3400348797440529)}",
        "VehiclesVy": "{(EgoVehicle↦1.0796338319778442),(Vehicles2↦-1.0796338319778442),(Vehicles3↦-7.469078898429871),(Vehicles4↦-7.585617303848267),(Vehicles5↦-1.0796338319778442)}",
        "VehiclesX": "{(EgoVehicle↦177.1093487739563),(Vehicles2↦22.138799726963043),(Vehicles3↦42.67069101333618),(Vehicles4↦67.99138188362122),(Vehicles5↦94.9441134929657)}"
      },
      "probabilisticVariables": null,
      "activating": [
        "FASTER_3"
      ],
      "activatingOnlyWhenExecuted": true,
      "updating": null,
      "withPredicate": null
    },
    {
      "id": "FASTER_3",
      "execute": "FASTER",
      "after": "1000",
      "priority": 0,
      "additionalGuards": null,
      "activationKind": null,
      "fixedVariables": {
        "Crash": "FALSE",
        "VehiclesAy": "{(EgoVehicle↦-1.0525126825086772),(Vehicles2↦1.0525126825086772),(Vehicles3↦7.926673516631126),(Vehicles4↦6.828849092125893),(Vehicles5↦-1.1067549814470112)}",
        "Reward": "0.9824413667099782",
        "VehiclesAx": "{(EgoVehicle↦4.364874362945557),(Vehicles2↦-5.045133531093597),(Vehicles3↦-3.952745199203491),(Vehicles4↦-2.667189836502075),(Vehicles5↦-4.590948224067688)}",
        "VehiclesVx": "{(EgoVehicle↦29.341552257537842),(Vehicles2↦-8.487261533737183),(Vehicles3↦-13.428710699081421),(Vehicles4↦-10.656579732894897),(Vehicles5↦-7.644655108451843)}",
        "VehiclesY": "{(EgoVehicle↦7.993496417999268),(Vehicles2↦-7.993496417999268),(Vehicles3↦-0.17155392095446587),(Vehicles4↦-3.7380112409591675),(Vehicles5↦0.006503580836579204)}",
        "VehiclesVy": "{(EgoVehicle↦0.027121149469166994),(Vehicles2↦-0.027121149469166994),(Vehicles3↦0.4575946182012558),(Vehicles4↦-0.756768211722374),(Vehicles5↦-0.027121149469166994)}",
        "VehiclesX": "{(EgoVehicle↦200.0),(Vehicles2↦15.981383621692657),(Vehicles3↦31.093421578407288),(Vehicles4↦58.411091566085815),(Vehicles5↦89.37682509422302)}"
      },
      "probabilisticVariables": null,
      "activating": [
        "SLOWER_4"
      ],
      "activatingOnlyWhenExecuted": true,
      "updating": null,
      "withPredicate": null
    },
    {
      "id": "SLOWER_4",
      "execute": "SLOWER",
      "after": "1000",
      "priority": 0,
      "additionalGuards": null,
      "activationKind": null,
      "fixedVariables": {
        "Crash": "FALSE",
        "VehiclesAy": "{(EgoVehicle↦-0.02685490007934277),(Vehicles2↦0.02685490007934277),(Vehicles3↦-0.41470935568213463),(Vehicles4↦0.706484685651958),(Vehicles5↦-0.02738739885899122)}",
        "Reward": "0.8819127616807075",
        "VehiclesAx": "{(EgoVehicle↦-3.769824504852295),(Vehicles2↦3.3217501640319824),(Vehicles3↦5.302463173866272),(Vehicles4↦4.650321006774902),(Vehicles5↦3.629508912563324)}",
        "VehiclesVx": "{(EgoVehicle↦25.571727752685547),(Vehicles2↦-5.1655113697052),(Vehicles3↦-8.126247525215149),(Vehicles4↦-6.006258726119995),(Vehicles5↦-4.015146195888519)}",
        "VehiclesY": "{(EgoVehicle↦7.999930143356323),(Vehicles2↦-7.999930143356323),(Vehicles3↦-0.015378575306385756),(Vehicles4↦-3.9826691150665283),(Vehicles5↦6.998710705374833E-05)}",
        "VehiclesVy": "{(EgoVehicle↦0.00026624938982422464),(Vehicles2↦-0.00026624938982422464),(Vehicles3↦0.04288526251912117),(Vehicles4↦-0.050283526070415974),(Vehicles5↦-0.00026624938982422464)}",
        "VehiclesX": "{(EgoVehicle↦200.0),(Vehicles2↦9.382879734039307),(Vehicles3↦20.399275422096252),(Vehicles4↦50.22461414337158),(Vehicles5↦83.75036120414734)}"
      },
      "probabilisticVariables": null,
      "activating": [
        "SLOWER_5"
      ],
      "activatingOnlyWhenExecuted": true,
      "updating": null,
      "withPredicate": null
    },
    {
      "id": "SLOWER_5",
      "execute": "SLOWER",
      "after": "1000",
      "priority": 0,
      "additionalGuards": null,
      "activationKind": null,
      "fixedVariables": {
        "Crash": "FALSE",
        "VehiclesAy": "{(EgoVehicle↦-0.0002587077898397183),(Vehicles2↦0.0002587077898397183),(Vehicles3↦-0.03955336200306192),(Vehicles4↦0.047102682874538004),(Vehicles5↦-0.00027379098980873096)}",
        "Reward": "0.7528993485937855",
        "VehiclesAx": "{(EgoVehicle↦-4.838001728057861),(Vehicles2↦4.496157616376877),(Vehicles3↦5.908677130937576),(Vehicles4↦5.366388484835625),(Vehicles5↦4.750239625573158)}",
        "VehiclesVx": "{(EgoVehicle↦20.733726024627686),(Vehicles2↦-0.6693537533283234),(Vehicles3↦-2.2175703942775726),(Vehicles4↦-0.6398702412843704),(Vehicles5↦0.735093429684639)}",
        "VehiclesY": "{(EgoVehicle↦7.99999737739563),(Vehicles2↦-7.99999737739563),(Vehicles3↦-0.001172825403045863),(Vehicles4↦-3.998911499977112),(Vehicles5↦2.592985538285575E-06)}",
        "VehiclesVy": "{(EgoVehicle↦7.54159998450632E-06),(Vehicles2↦-7.54159998450632E-06),(Vehicles3↦0.0033319005160592496),(Vehicles4↦-0.0031808431958779693),(Vehicles5↦-7.54159998450632E-06)}",
        "VehiclesX": "{(EgoVehicle↦200.0),(Vehicles2↦6.743600964546204),(Vehicles3↦15.403670072555542),(Vehicles4↦47.12080657482147),(Vehicles5↦82.36583471298218)}"
      },
      "probabilisticVariables": null,
      "activating": [
        "IDLE_6"
      ],
      "activatingOnlyWhenExecuted": true,
      "updating": null,
      "withPredicate": null
    },
    {
      "id": "IDLE_6",
      "execute": "IDLE",
      "after": "1000",
      "priority": 0,
      "additionalGuards": null,
      "activationKind": null,
      "fixedVariables": {
        "Crash": "FALSE",
        "VehiclesAy": "{(EgoVehicle↦-7.084108588628624E-06),(Vehicles2↦7.084108588628624E-06),(Vehicles3↦-0.0030973289904068224),(Vehicles4↦0.0029881544287491124),(Vehicles5↦-7.999091380384016E-06)}",
        "Reward": "0.7359099279355376",
        "VehiclesAx": "{(EgoVehicle↦-0.6371045112609863),(Vehicles2↦0.35225242376327515),(Vehicles3↦1.3424314558506012),(Vehicles4↦0.9423124603927135),(Vehicles5↦0.5804377049207687)}",
        "VehiclesVx": "{(EgoVehicle↦20.0966215133667),(Vehicles2↦-0.3171013295650482),(Vehicles3↦-0.8751389384269714),(Vehicles4↦0.3024422191083431),(Vehicles5↦1.3155311346054077)}",
        "VehiclesY": "{(EgoVehicle↦7.999999523162842),(Vehicles2↦-7.999999523162842),(Vehicles3↦-8.164106293406803E-05),(Vehicles4↦-3.9999343156814575),(Vehicles5↦1.5767271221989176E-07)}",
        "VehiclesVy": "{(EgoVehicle↦4.5749139587769605E-07),(Vehicles2↦-4.5749139587769605E-07),(Vehicles3↦0.00023457152565242723),(Vehicles4↦-0.00019268876712885685),(Vehicles5↦-4.5749139587769605E-07)}",
        "VehiclesX": "{(EgoVehicle↦200.0),(Vehicles2↦6.3083454966545105),(Vehicles3↦13.8445645570755),(Vehicles4↦46.96837365627289),(Vehicles5↦83.42786431312561)}"
      },
      "probabilisticVariables": null,
      "activating": [
        "IDLE_7"
      ],
      "activatingOnlyWhenExecuted": true,
      "updating": null,
      "withPredicate": null
    },
    {
      "id": "IDLE_7",
      "execute": "IDLE",
      "after": "1000",
      "priority": 0,
      "additionalGuards": null,
      "activationKind": null,
      "fixedVariables": {
        "Crash": "FALSE",
        "VehiclesAy": "{(EgoVehicle↦-4.2906876274173555E-07),(Vehicles2↦4.2906876274173555E-07),(Vehicles3↦-0.00021905431367486017),(Vehicles4↦0.0001813204255540768),(Vehicles5↦-1.9796650221337586E-05)}",
        "Reward": "0.7336726379723068",
        "VehiclesAx": "{(EgoVehicle↦-0.08389711380004883),(Vehicles2↦-0.16599122434854507),(Vehicles3↦0.5309281125664711),(Vehicles4↦0.2530298940837383),(Vehicles5↦-5.238442420959473)}",
        "VehiclesVx": "{(EgoVehicle↦20.01272439956665),(Vehicles2↦-0.4830925539135933),(Vehicles3↦-0.34421082586050034),(Vehicles4↦0.5554721131920815),(Vehicles5↦-3.922911286354065)}",
        "VehiclesY": "{(EgoVehicle↦8.000000238418579),(Vehicles2↦-8.000000238418579),(Vehicles3↦-5.361538796933019E-06),(Vehicles4↦-3.9999961853027344),(Vehicles5↦-7.999993085861206)}",
        "VehiclesVy": "{(EgoVehicle↦2.8422633135960496E-08),(Vehicles2↦-2.8422633135960496E-08),(Vehicles3↦1.5517211977567058E-05),(Vehicles4↦-1.1368341574780061E-05),(Vehicles5↦-1.933915882545989E-05)}",
        "VehiclesX": "{(EgoVehicle↦200.0),(Vehicles2↦5.93528188765049),(Vehicles3↦13.211184740066528),(Vehicles4↦47.392964363098145),(Vehicles5↦80.2331805229187)}"
      },
      "probabilisticVariables": null,
      "activating": [
        "IDLE_8"
      ],
      "activatingOnlyWhenExecuted": true,
      "updating": null,
      "withPredicate": null
    },
    {
      "id": "IDLE_8",
      "execute": "IDLE",
      "after": "1000",
      "priority": 0,
      "additionalGuards": null,
      "activationKind": null,
      "fixedVariables": {
        "Crash": "FALSE",
        "VehiclesAy": "{(EgoVehicle↦-2.6654500828726668E-08),(Vehicles2↦2.6654500828726668E-08),(Vehicles3↦-1.4530524623523888E-05),(Vehicles4↦1.070730341723447E-05),(Vehicles5↦-2.1129612122194885E-05)}",
        "Reward": "0.7333780154257085",
        "VehiclesAx": "{(EgoVehicle↦-0.011048316955566406),(Vehicles2↦-0.21360863000154495),(Vehicles3↦0.2904546866193414),(Vehicles4↦0.10103318840265274),(Vehicles5↦0.06024062633514404)}",
        "VehiclesVx": "{(EgoVehicle↦20.001676082611084),(Vehicles2↦-0.6967011839151382),(Vehicles3↦-0.05375613924115896),(Vehicles4↦0.6565053015947342),(Vehicles5↦-3.862670660018921)}",
        "VehiclesY": "{(EgoVehicle↦8.000000238418579),(Vehicles2↦-8.000000238418579),(Vehicles3↦-3.393413123831124E-07),(Vehicles4↦-3.999999761581421),(Vehicles5↦-7.999999523162842)}",
        "VehiclesVy": "{(EgoVehicle↦1.7681323072338273E-09),(Vehicles2↦-1.7681323072338273E-09),(Vehicles3↦9.866873540431698E-07),(Vehicles4↦-6.610381575455904E-07),(Vehicles5↦-1.790453296734995E-06)}",
        "VehiclesX": "{(EgoVehicle↦200.0),(Vehicles2↦5.366617068648338),(Vehicles3↦12.99528181552887),(Vehicles4↦47.99521267414093),(Vehicles5↦76.32999420166016)}"
      },
      "probabilisticVariables": null,
      "activating": [
        "IDLE_9"
      ],
      "activatingOnlyWhenExecuted": true,
      "updating": null,
      "withPredicate": null
    },
    {
      "id": "IDLE_9",
      "execute": "IDLE",
      "after": "1000",
      "priority": 0,
      "additionalGuards": null,
      "activationKind": null,
      "fixedVariables": {
        "Crash": "FALSE",
        "VehiclesAy": "{(EgoVehicle↦-1.6581225281697698E-09),(Vehicles2↦1.6581225281697698E-09),(Vehicles3↦-9.254949162595949E-07),(Vehicles4↦6.228915072625796E-07),(Vehicles5↦-1.9550483187913414E-06)}",
        "Reward": "0.7333392173948807",
        "VehiclesAx": "{(EgoVehicle↦-0.0014543533325195312),(Vehicles2↦-0.2019532024860382),(Vehicles3↦0.1776152430102229),(Vehicles4↦0.0466609001159668),(Vehicles5↦0.11300623416900635)}",
        "VehiclesVx": "{(EgoVehicle↦20.000221729278564),(Vehicles2↦-0.8986543864011765),(Vehicles3↦0.12385910376906395),(Vehicles4↦0.703166201710701),(Vehicles5↦-3.7496644258499146)}",
        "VehiclesY": "{(EgoVehicle↦8.000000238418579),(Vehicles2↦-8.000000238418579),(Vehicles3↦-2.0981950843435015E-08),(Vehicles4↦-4.0000001192092896),(Vehicles5↦-8.000000238418579)}",
        "VehiclesVy": "{(EgoVehicle↦1.1000977906405751E-10),(Vehicles2↦-1.1000977906405751E-10),(Vehicles3↦6.119243778357486E-08),(Vehicles4↦-3.8146650283010786E-08),(Vehicles5↦-1.6459502205634635E-07)}",
        "VehiclesX": "{(EgoVehicle↦200.0),(Vehicles2↦4.587733745574951),(Vehicles3↦13.019107282161713),(Vehicles4↦48.67323040962219),(Vehicles5↦72.50877618789673)}"
      },
      "probabilisticVariables": null,
      "activating": [
        "IDLE_10"
      ],
      "activatingOnlyWhenExecuted": true,
      "updating": null,
      "withPredicate": null
    },
    {
      "id": "IDLE_10",
      "execute": "IDLE",
      "after": "1000",
      "priority": 0,
      "additionalGuards": null,
      "activationKind": null,
      "fixedVariables": {
        "Crash": "FALSE",
        "VehiclesAy": "{(EgoVehicle↦-1.0315304166397254E-10),(Vehicles2↦1.0316192344816955E-10),(Vehicles3↦-5.745771858300941E-08),(Vehicles4↦3.5953391375187493E-08),(Vehicles5↦-1.7953868614029034E-07)}",
        "Reward": "0.733334108189175",
        "VehiclesAx": "{(EgoVehicle↦-0.00019311904907226562),(Vehicles2↦-0.1833360642194748),(Vehicles3↦0.11446697637438774),(Vehicles4↦0.020458772778511047),(Vehicles5↦0.15042662620544434)}",
        "VehiclesVx": "{(EgoVehicle↦20.000028610229492),(Vehicles2↦-1.0819904506206512),(Vehicles3↦0.2383260801434517),(Vehicles4↦0.723624974489212),(Vehicles5↦-3.59923779964447)}",
        "VehiclesY": "{(EgoVehicle↦8.000000238418579),(Vehicles2↦-8.000000238418579),(Vehicles3↦-1.2779897140546836E-09),(Vehicles4↦-4.0000001192092896),(Vehicles5↦-8.000000238418579)}",
        "VehiclesVy": "{(EgoVehicle↦6.856737400084967E-12),(Vehicles2↦-6.8478556158879655E-12),(Vehicles3↦3.734719200565451E-09),(Vehicles4↦-2.1932589078232922E-09),(Vehicles5↦-1.4943664083943986E-08)}",
        "VehiclesX": "{(EgoVehicle↦200.0),(Vehicles2↦3.614204004406929),(Vehicles3↦13.192538917064667),(Vehicles4↦49.38606023788452),(Vehicles5↦68.8170313835144)}"
      },
      "probabilisticVariables": null,
      "activating": [
        "IDLE_11"
      ],
      "activatingOnlyWhenExecuted": true,
      "updating": null,
      "withPredicate": null
    },
    {
      "id": "IDLE_11",
      "execute": "IDLE",
      "after": "1000",
      "priority": 0,
      "additionalGuards": null,
      "activationKind": null,
      "fixedVariables": {
        "Crash": "FALSE",
        "VehiclesAy": "{(EgoVehicle↦-6.430411758628907E-12),(Vehicles2↦6.4215299744319054E-12),(Vehicles3↦-3.5091929362351948E-09),(Vehicles4↦2.0673507350466025E-09),(Vehicles5↦-1.627931567327323E-08)}",
        "Reward": "0.7333334353719626",
        "VehiclesAx": "{(EgoVehicle↦-2.384185791015625E-05),(Vehicles2↦-0.16391664743423462),(Vehicles3↦0.07753327488899231),(Vehicles4↦0.006530135869979858),(Vehicles5↦0.17048269510269165)}",
        "VehiclesVx": "{(EgoVehicle↦20.000004768371582),(Vehicles2↦-1.2459070980548859),(Vehicles3↦0.315859355032444),(Vehicles4↦0.7301551103591919),(Vehicles5↦-3.4287551045417786)}",
        "VehiclesY": "{(EgoVehicle↦8.000000238418579),(Vehicles2↦-8.000000238418579),(Vehicles3↦-7.706368876370107E-11),(Vehicles4↦-4.0000001192092896),(Vehicles5↦-8.000000238418579)}",
        "VehiclesVy": "{(EgoVehicle↦4.263256414560601E-13),(Vehicles2↦-4.263256414560601E-13),(Vehicles3↦2.255262643302558E-10),(Vehicles4↦-1.2590817277668975E-10),(Vehicles5↦-1.3356515893292453E-09)}",
        "VehiclesX": "{(EgoVehicle↦200.0),(Vehicles2↦2.465084381401539),(Vehicles3↦13.46411406993866),(Vehicles4↦50.113099813461304),(Vehicles5↦65.2849793434143)}"
      },
      "probabilisticVariables": null,
      "activating": [
        "IDLE_12"
      ],
      "activatingOnlyWhenExecuted": true,
      "updating": null,
      "withPredicate": null
    },
    {
      "id": "IDLE_12",
      "execute": "IDLE",
      "after": "1000",
      "priority": 0,
      "additionalGuards": null,
      "activationKind": null,
      "fixedVariables": {
        "Crash": "FALSE",
        "VehiclesAy": "{(EgoVehicle↦-3.907985046680551E-13),(Vehicles2↦3.9968028886505635E-13),(Vehicles3↦-2.120081887824199E-10),(Vehicles4↦1.1868728222452773E-10),(Vehicles5↦-1.4529888403558289E-09)}",
        "Reward": "0.7333333467705191",
        "VehiclesAx": "{(EgoVehicle↦-4.76837158203125E-06),(Vehicles2↦-0.14433756470680237),(Vehicles3↦0.05553878843784332),(Vehicles4↦-0.001039355993270874),(Vehicles5↦0.17747163772583008)}",
        "VehiclesVx": "{(EgoVehicle↦20.0),(Vehicles2↦-1.3902446627616882),(Vehicles3↦0.3713981434702873),(Vehicles4↦0.729115754365921),(Vehicles5↦-3.2512834668159485)}",
        "VehiclesY": "{(EgoVehicle↦8.000000238418579),(Vehicles2↦-8.000000238418579),(Vehicles3↦-4.614975068761851E-12),(Vehicles4↦-4.0000001192092896),(Vehicles5↦-8.000000238418579)}",
        "VehiclesVy": "{(EgoVehicle↦3.552713678800501E-14),(Vehicles2↦-2.6645352591003757E-14),(Vehicles3↦1.3518075547835906E-11),(Vehicles4↦-7.220890552162018E-12),(Vehicles5↦-1.1733725102658354E-10)}",
        "VehiclesX": "{(EgoVehicle↦200.0),(Vehicles2↦1.1598738841712475),(Vehicles3↦13.80353569984436),(Vehicles4↦50.84328055381775),(Vehicles5↦61.927056312561035)}"
      },
      "probabilisticVariables": null,
      "activating": [
        "LANE_RIGHT_13"
      ],
      "activatingOnlyWhenExecuted": true,
      "updating": null,
      "withPredicate": null
    },
    {
      "id": "LANE_RIGHT_13",
      "execute": "LANE_RIGHT",
      "after": "1000",
      "priority": 0,
      "additionalGuards": null,
      "activationKind": null,
      "fixedVariables": {
        "Crash": "FALSE",
        "VehiclesAy": "{(EgoVehicle↦-3.552713678800501E-14),(Vehicles2↦5.116333961486843),(Vehicles3↦-1.2700951401711791E-11),(Vehicles4↦6.8123284790999605E-12),(Vehicles5↦-1.2745360322696797E-10)}",
        "Reward": "0.7333333351028393",
        "VehiclesAx": "{(EgoVehicle↦0.0),(Vehicles2↦-0.8867630362510681),(Vehicles3↦0.04215039312839508),(Vehicles4↦-0.005156770348548889),(Vehicles5↦0.17575562000274658)}",
        "VehiclesVx": "{(EgoVehicle↦20.0),(Vehicles2↦-2.2770076990127563),(Vehicles3↦0.4135485365986824),(Vehicles4↦0.7239589840173721),(Vehicles5↦-3.075527846813202)}",
        "VehiclesY": "{(EgoVehicle↦8.000000238418579),(Vehicles2↦-5.953548073768616),(Vehicles3↦-2.731148640577885E-13),(Vehicles4↦-4.0000001192092896),(Vehicles5↦-8.000000238418579)}",
        "VehiclesVy": "{(EgoVehicle↦0.0),(Vehicles2↦5.116333961486816),(Vehicles3↦8.171241461241152E-13),(Vehicles4↦-4.085620730620576E-13),(Vehicles5↦-1.0116352200384426E-11)}",
        "VehiclesX": "{(EgoVehicle↦200.0),(Vehicles2↦-0.5733970087021589),(Vehicles3↦14.192627370357513),(Vehicles4↦51.57057046890259),(Vehicles5↦58.746469020843506)}"
      },
      "probabilisticVariables": null,
      "activating": [
        "SLOWER_14"
      ],
      "activatingOnlyWhenExecuted": true,
      "updating": null,
      "withPredicate": null
    },
    {
      "id": "SLOWER_14",
      "execute": "SLOWER",
      "after": "1000",
      "priority": 0,
      "additionalGuards": null,
      "activationKind": null,
      "fixedVariables": {
        "Crash": "FALSE",
        "VehiclesAy": "{(EgoVehicle↦0.0),(Vehicles2↦-4.703620597720146),(Vehicles3↦-7.815970093361102E-13),(Vehicles4↦3.8191672047105385E-13),(Vehicles5↦-1.0969003483296547E-11)}",
        "Reward": "0.7333333335663547",
        "VehiclesAx": "{(EgoVehicle↦0.0),(Vehicles2↦0.9106138348579407),(Vehicles3↦0.03372762352228165),(Vehicles4↦-0.007380098104476929),(Vehicles5↦0.16878753900527954)}",
        "VehiclesVx": "{(EgoVehicle↦20.0),(Vehicles2↦-1.3663938641548157),(Vehicles3↦0.44727616012096405),(Vehicles4↦0.7165788859128952),(Vehicles5↦-2.9067403078079224)}",
        "VehiclesY": "{(EgoVehicle↦8.000000238418579),(Vehicles2↦-4.145940542221069),(Vehicles3↦-1.7319479184152442E-14),(Vehicles4↦-4.0000001192092896),(Vehicles5↦-8.000000238418579)}",
        "VehiclesVy": "{(EgoVehicle↦0.0),(Vehicles2↦0.4127133637666702),(Vehicles3↦3.552713678800501E-14),(Vehicles4↦-2.6645352591003757E-14),(Vehicles5↦-8.526512829121202E-13)}",
        "VehiclesX": "{(EgoVehicle↦200.0),(Vehicles2↦-2.191776968538761),(Vehicles3↦14.620202779769897),(Vehicles4↦52.29170322418213),(Vehicles5↦55.73915243148804)}"
      },
      "probabilisticVariables": null,
      "activating": [
        "SLOWER_15"
      ],
      "activatingOnlyWhenExecuted": true,
      "updating": null,
      "withPredicate": null
    },
    {
      "id": "SLOWER_15",
      "execute": "SLOWER",
      "after": "1000",
      "priority": 0,
      "additionalGuards": null,
      "activationKind": null,
      "fixedVariables": {
        "Crash": "FALSE",
        "VehiclesAy": "{(EgoVehicle↦0.0),(Vehicles2↦-0.3833026112988591),(Vehicles3↦-3.552713678800501E-14),(Vehicles4↦-4.440892098500626E-14),(Vehicles5↦-8.526512829121202E-13)}",
        "Reward": "0.7333333333640192",
        "VehiclesAx": "{(EgoVehicle↦0.0),(Vehicles2↦0.20873263478279114),(Vehicles3↦0.02818472683429718),(Vehicles4↦-3.46427284181118),(Vehicles5↦3.614758551120758)}",
        "VehiclesVx": "{(EgoVehicle↦20.0),(Vehicles2↦-1.1576612293720245),(Vehicles3↦0.47546088695526123),(Vehicles4↦-2.747693955898285),(Vehicles5↦0.7080182433128357)}",
        "VehiclesY": "{(EgoVehicle↦8.000000238418579),(Vehicles2↦-4.010358095169067),(Vehicles3↦0.0),(Vehicles4↦-8.000000238418579),(Vehicles5↦-4.0000001192092896)}",
        "VehiclesVy": "{(EgoVehicle↦0.0),(Vehicles2↦0.029410752467811108),(Vehicles3↦0.0),(Vehicles4↦-7.105427357601002E-14),(Vehicles5↦0.0)}",
        "VehiclesX": "{(EgoVehicle↦200.0),(Vehicles2↦-3.4696202725172043),(Vehicles3↦15.079115331172943),(Vehicles4↦52.89687514305115),(Vehicles5↦53.0049204826355)}"
      },
      "probabilisticVariables": null,
      "activating": [
        "SLOWER_16"
      ],
      "activatingOnlyWhenExecuted": true,
      "updating": null,
      "withPredicate": null
    },
    {
      "id": "SLOWER_16",
      "execute": "SLOWER",
      "after": "1000",
      "priority": 0,
      "additionalGuards": null,
      "activationKind": null,
      "fixedVariables": {
        "Crash": "FALSE",
        "VehiclesAy": "{(EgoVehicle↦0.0),(Vehicles2↦-0.02735642177867703),(Vehicles3↦0.0),(Vehicles4↦5.3290705182007514E-14),(Vehicles5↦0.0)}",
        "Reward": "0.7333333333373743",
        "VehiclesAx": "{(EgoVehicle↦0.0),(Vehicles2↦0.16944058239459991),(Vehicles3↦0.024331584572792053),(Vehicles4↦0.14818787574768066),(Vehicles5↦-0.009164661169052124)}",
        "VehiclesVx": "{(EgoVehicle↦20.0),(Vehicles2↦-0.9882206469774246),(Vehicles3↦0.4997924715280533),(Vehicles4↦-2.5995060801506042),(Vehicles5↦0.6988535821437836)}",
        "VehiclesY": "{(EgoVehicle↦8.000000238418579),(Vehicles2↦-4.000721096992493),(Vehicles3↦0.0),(Vehicles4↦-8.000000238418579),(Vehicles5↦-4.0000001192092896)}",
        "VehiclesVy": "{(EgoVehicle↦0.0),(Vehicles2↦0.0020543306891340762),(Vehicles3↦0.0),(Vehicles4↦-1.7763568394002505E-14),(Vehicles5↦0.0)}",
        "VehiclesX": "{(EgoVehicle↦200.0),(Vehicles2↦-4.55700047314167),(Vehicles3↦15.56456983089447),(Vehicles4↦50.20933747291565),(Vehicles5↦53.70931029319763)}"
      },
      "probabilisticVariables": null,
      "activating": [
        "SLOWER_17"
      ],
      "activatingOnlyWhenExecuted": true,
      "updating": null,
      "withPredicate": null
    },
    {
      "id": "SLOWER_17",
      "execute": "SLOWER",
      "after": "1000",
      "priority": 0,
      "additionalGuards": null,
      "activationKind": null,
      "fixedVariables": {
        "Crash": "FALSE",
        "VehiclesAy": "{(EgoVehicle↦0.0),(Vehicles2↦-0.001913180767587619),(Vehicles3↦0.0),(Vehicles4↦1.7763568394002505E-14),(Vehicles5↦0.0)}",
        "Reward": "0.7333333333338654",
        "VehiclesAx": "{(EgoVehicle↦0.0),(Vehicles2↦0.14158539474010468),(Vehicles3↦0.021489448845386505),(Vehicles4↦0.13724058866500854),(Vehicles5↦-0.009448006749153137)}",
        "VehiclesVx": "{(EgoVehicle↦20.0),(Vehicles2↦-0.84663525223732),(Vehicles3↦0.5212819203734398),(Vehicles4↦-2.4622654914855957),(Vehicles5↦0.6894055753946304)}",
        "VehiclesY": "{(EgoVehicle↦8.000000238418579),(Vehicles2↦-4.000049471855164),(Vehicles3↦0.0),(Vehicles4↦-8.000000238418579),(Vehicles5↦-4.0000001192092896)}",
        "VehiclesVy": "{(EgoVehicle↦0.0),(Vehicles2↦0.00014114992154645734),(Vehicles3↦0.0),(Vehicles4↦0.0),(Vehicles5↦0.0)}",
        "VehiclesX": "{(EgoVehicle↦200.0),(Vehicles2↦-5.486613512039185),(Vehicles3↦16.073156893253326),(Vehicles4↦47.665590047836304),(Vehicles5↦54.40439581871033)}"
      },
      "probabilisticVariables": null,
      "activating": [
        "SLOWER_18"
      ],
      "activatingOnlyWhenExecuted": true,
      "updating": null,
      "withPredicate": null
    },
    {
      "id": "SLOWER_18",
      "execute": "SLOWER",
      "after": "1000",
      "priority": 0,
      "additionalGuards": null,
      "activationKind": null,
      "fixedVariables": {
        "Crash": "FALSE",
        "VehiclesAy": "{(EgoVehicle↦0.0),(Vehicles2↦-0.00013158546266822668),(Vehicles3↦0.0),(Vehicles4↦0.0),(Vehicles5↦0.0)}",
        "Reward": "0.7333333333334034",
        "VehiclesAx": "{(EgoVehicle↦0.0),(Vehicles2↦0.11957243084907532),(Vehicles3↦0.019269883632659912),(Vehicles4↦0.12678951025009155),(Vehicles5↦-0.00955045223236084)}",
        "VehiclesVx": "{(EgoVehicle↦20.0),(Vehicles2↦-0.7270628213882446),(Vehicles3↦0.5405518040060997),(Vehicles4↦-2.335475981235504),(Vehicles5↦0.6798551231622696)}",
        "VehiclesY": "{(EgoVehicle↦8.000000238418579),(Vehicles2↦-4.000003337860107),(Vehicles3↦0.0),(Vehicles4↦-8.000000238418579),(Vehicles5↦-4.0000001192092896)}",
        "VehiclesVy": "{(EgoVehicle↦0.0),(Vehicles2↦9.564458878230653E-06),(Vehicles3↦0.0),(Vehicles4↦0.0),(Vehicles5↦0.0)}",
        "VehiclesX": "{(EgoVehicle↦200.0),(Vehicles2↦-6.283857673406601),(Vehicles3↦16.602304577827454),(Vehicles4↦45.254847407341),(Vehicles5↦55.0899863243103)}"
      },
      "probabilisticVariables": null,
      "activating": [
        "SLOWER_19"
      ],
      "activatingOnlyWhenExecuted": true,
      "updating": null,
      "withPredicate": null
    },
    {
      "id": "SLOWER_19",
      "execute": "SLOWER",
      "after": "1000",
      "priority": 0,
      "additionalGuards": null,
      "activationKind": null,
      "fixedVariables": {
        "Crash": "FALSE",
        "VehiclesAy": "{(EgoVehicle↦0.0),(Vehicles2↦-8.923982761643856E-06),(Vehicles3↦0.0),(Vehicles4↦0.0),(Vehicles5↦0.0)}",
        "Reward": "0.7333333333333426",
        "VehiclesAx": "{(EgoVehicle↦0.0),(Vehicles2↦0.10210178792476654),(Vehicles3↦0.017449073493480682),(Vehicles4↦0.11712640523910522),(Vehicles5↦-0.009549036622047424)}",
        "VehiclesVx": "{(EgoVehicle↦20.0),(Vehicles2↦-0.6249610334634781),(Vehicles3↦0.5580008774995804),(Vehicles4↦-2.218349575996399),(Vehicles5↦0.6703060865402222)}",
        "VehiclesY": "{(EgoVehicle↦8.000000238418579),(Vehicles2↦-4.0000001192092896),(Vehicles3↦0.0),(Vehicles4↦-8.000000238418579),(Vehicles5↦-4.0000001192092896)}",
        "VehiclesVy": "{(EgoVehicle↦0.0),(Vehicles2↦6.404761165867967E-07),(Vehicles3↦0.0),(Vehicles4↦0.0),(Vehicles5↦0.0)}",
        "VehiclesX": "{(EgoVehicle↦200.0),(Vehicles2↦-6.968835741281509),(Vehicles3↦17.149969935417175),(Vehicles4↦42.96696186065674),(Vehicles5↦55.766016244888306)}"
      },
      "probabilisticVariables": null,
      "activating": [
        "IDLE_20"
      ],
      "activatingOnlyWhenExecuted": true,
      "updating": null,
      "withPredicate": null
    },
    {
      "id": "IDLE_20",
      "execute": "IDLE",
      "after": "1000",
      "priority": 0,
      "additionalGuards": null,
      "activationKind": null,
      "fixedVariables": {
        "Crash": "FALSE",
        "VehiclesAy": "{(EgoVehicle↦0.0),(Vehicles2↦-5.980217210321825E-07),(Vehicles3↦0.0),(Vehicles4↦0.0),(Vehicles5↦0.0)}",
        "Reward": "0.7333333333333346",
        "VehiclesAx": "{(EgoVehicle↦0.0),(Vehicles2↦0.08812572807073593),(Vehicles3↦0.01589599996805191),(Vehicles4↦0.10835900902748108),(Vehicles5↦-0.009485632181167603)}",
        "VehiclesVx": "{(EgoVehicle↦20.0),(Vehicles2↦-0.5368353053927422),(Vehicles3↦0.5738968774676323),(Vehicles4↦-2.109990566968918),(Vehicles5↦0.6608204543590546)}",
        "VehiclesY": "{(EgoVehicle↦8.000000238418579),(Vehicles2↦-4.0000001192092896),(Vehicles3↦0.0),(Vehicles4↦-8.000000238418579),(Vehicles5↦-4.0000001192092896)}",
        "VehiclesVy": "{(EgoVehicle↦0.0),(Vehicles2↦4.2454395554614166E-08),(Vehicles3↦0.0),(Vehicles4↦0.0),(Vehicles5↦0.0)}",
        "VehiclesX": "{(EgoVehicle↦200.0),(Vehicles2↦-7.557545602321625),(Vehicles3↦17.714445292949677),(Vehicles4↦40.79262018203735),(Vehicles5↦56.4325213432312)}"
      },
      "probabilisticVariables": null,
      "activating": [
        "IDLE_21"
      ],
      "activatingOnlyWhenExecuted": true,
      "updating": null,
      "withPredicate": null
    },
    {
      "id": "IDLE_21",
      "execute": "IDLE",
      "after": "1000",
      "priority": 0,
      "additionalGuards": null,
      "activationKind": null,
      "fixedVariables": {
        "Crash": "FALSE",
        "VehiclesAy": "{(EgoVehicle↦0.0),(Vehicles2↦-3.966508899111432E-08),(Vehicles3↦0.0),(Vehicles4↦0.0),(Vehicles5↦0.0)}",
        "Reward": "0.7333333333333335",
        "VehiclesAx": "{(EgoVehicle↦0.0),(Vehicles2↦0.0768265500664711),(Vehicles3↦0.01453302800655365),(Vehicles4↦0.10048910975456238),(Vehicles5↦-0.009383484721183777)}",
        "VehiclesVx": "{(EgoVehicle↦20.0),(Vehicles2↦-0.46000875532627106),(Vehicles3↦0.5884299054741859),(Vehicles4↦-2.0095014572143555),(Vehicles5↦0.6514369696378708)}",
        "VehiclesY": "{(EgoVehicle↦8.000000238418579),(Vehicles2↦-4.0000001192092896),(Vehicles3↦0.0),(Vehicles4↦-8.000000238418579),(Vehicles5↦-4.0000001192092896)}",
        "VehiclesVy": "{(EgoVehicle↦0.0),(Vehicles2↦2.7893065634998493E-09),(Vehicles3↦0.0),(Vehicles4↦0.0),(Vehicles5↦0.0)}",
        "VehiclesX": "{(EgoVehicle↦200.0),(Vehicles2↦-8.062836527824402),(Vehicles3↦18.294258415699005),(Vehicles4↦38.72342109680176),(Vehicles5↦57.0895791053772)}"
      },
      "probabilisticVariables": null,
      "activating": [
        "IDLE_22"
      ],
      "activatingOnlyWhenExecuted": true,
      "updating": null,
      "withPredicate": null
    },
    {
      "id": "IDLE_22",
      "execute": "IDLE",
      "after": "1000",
      "priority": 0,
      "additionalGuards": null,
      "activationKind": null,
      "fixedVariables": {
        "Crash": "FALSE",
        "VehiclesAy": "{(EgoVehicle↦0.0),(Vehicles2↦-2.6074609138504456E-09),(Vehicles3↦0.0),(Vehicles4↦0.0),(Vehicles5↦0.0)}",
        "Reward": "0.7333333333333334",
        "VehiclesAx": "{(EgoVehicle↦0.0),(Vehicles2↦0.06758242845535278),(Vehicles3↦0.013312511146068573),(Vehicles4↦0.09346112608909607),(Vehicles5↦-0.009255409240722656)}",
        "VehiclesVx": "{(EgoVehicle↦20.0),(Vehicles2↦-0.3924263268709183),(Vehicles3↦0.6017424166202545),(Vehicles4↦-1.9160403311252594),(Vehicles5↦0.6421815603971481)}",
        "VehiclesY": "{(EgoVehicle↦8.000000238418579),(Vehicles2↦-4.0000001192092896),(Vehicles3↦0.0),(Vehicles4↦-8.000000238418579),(Vehicles5↦-4.0000001192092896)}",
        "VehiclesVy": "{(EgoVehicle↦0.0),(Vehicles2↦1.8184564964940364E-10),(Vehicles3↦0.0),(Vehicles4↦0.0),(Vehicles5↦0.0)}",
        "VehiclesX": "{(EgoVehicle↦200.0),(Vehicles2↦-8.495142310857773),(Vehicles3↦18.8881054520607),(Vehicles4↦36.75183355808258),(Vehicles5↦57.73730278015137)}"
      },
      "probabilisticVariables": null,
      "activating": [
        "IDLE_23"
      ],
      "activatingOnlyWhenExecuted": true,
      "updating": null,
      "withPredicate": null
    },
    {
      "id": "IDLE_23",
      "execute": "IDLE",
      "after": "1000",
      "priority": 0,
      "additionalGuards": null,
      "activationKind": null,
      "fixedVariables": {
        "Crash": "FALSE",
        "VehiclesAy": "{(EgoVehicle↦0.0),(Vehicles2↦-1.7008616737257398E-10),(Vehicles3↦0.0),(Vehicles4↦0.0),(Vehicles5↦0.0)}",
        "Reward": "0.7333333333333334",
        "VehiclesAx": "{(EgoVehicle↦0.0),(Vehicles2↦0.05992669612169266),(Vehicles3↦0.012204349040985107),(Vehicles4↦0.08719488978385925),(Vehicles5↦-0.009108707308769226)}",
        "VehiclesVx": "{(EgoVehicle↦20.0),(Vehicles2↦-0.3324996307492256),(Vehicles3↦0.6139467656612396),(Vehicles4↦-1.8288454413414001),(Vehicles5↦0.6330728530883789)}",
        "VehiclesY": "{(EgoVehicle↦8.000000238418579),(Vehicles2↦-4.0000001192092896),(Vehicles3↦0.0),(Vehicles4↦-8.000000238418579),(Vehicles5↦-4.0000001192092896)}",
        "VehiclesVy": "{(EgoVehicle↦0.0),(Vehicles2↦1.1759482276829658E-11),(Vehicles3↦0.0),(Vehicles4↦0.0),(Vehicles5↦0.0)}",
        "VehiclesX": "{(EgoVehicle↦200.0),(Vehicles2↦-8.863039314746857),(Vehicles3↦19.494815170764923),(Vehicles4↦34.871143102645874),(Vehicles5↦58.375829458236694)}"
      },
      "probabilisticVariables": null,
      "activating": [
        "IDLE_24"
      ],
      "activatingOnlyWhenExecuted": true,
      "updating": null,
      "withPredicate": null
    },
    {
      "id": "IDLE_24",
      "execute": "IDLE",
      "after": "1000",
      "priority": 0,
      "additionalGuards": null,
      "activationKind": null,
      "fixedVariables": {
        "Crash": "FALSE",
        "VehiclesAy": "{(EgoVehicle↦0.0),(Vehicles2↦-1.099564883588755E-11),(Vehicles3↦0.0),(Vehicles4↦0.0),(Vehicles5↦0.0)}",
        "Reward": "0.7333333333333334",
        "VehiclesAx": "{(EgoVehicle↦0.0),(Vehicles2↦0.05351034924387932),(Vehicles3↦0.01118876039981842),(Vehicles4↦0.08160293102264404),(Vehicles5↦-0.008947588503360748)}",
        "VehiclesVx": "{(EgoVehicle↦20.0),(Vehicles2↦-0.2789892815053463),(Vehicles3↦0.625135526061058),(Vehicles4↦-1.747242510318756),(Vehicles5↦0.6241252645850182)}",
        "VehiclesY": "{(EgoVehicle↦8.000000238418579),(Vehicles2↦-4.0000001192092896),(Vehicles3↦0.0),(Vehicles4↦-8.000000238418579),(Vehicles5↦-4.0000001192092896)}",
        "VehiclesVy": "{(EgoVehicle↦0.0),(Vehicles2↦7.638334409421077E-13),(Vehicles3↦0.0),(Vehicles4↦0.0),(Vehicles5↦0.0)}",
        "VehiclesX": "{(EgoVehicle↦200.0),(Vehicles2↦-9.173663705587387),(Vehicles3↦20.11331468820572),(Vehicles4↦33.07536244392395),(Vehicles5↦59.00530815124512)}"
      },
      "probabilisticVariables": null,
      "activating": [
        "IDLE_25"
      ],
      "activatingOnlyWhenExecuted": true,
      "updating": null,
      "withPredicate": null
    },
    {
      "id": "IDLE_25",
      "execute": "IDLE",
      "after": "1000",
      "priority": 0,
      "additionalGuards": null,
      "activationKind": null,
      "fixedVariables": {
        "Crash": "FALSE",
        "VehiclesAy": "{(EgoVehicle↦0.0),(Vehicles2↦-7.283063041541027E-13),(Vehicles3↦0.0),(Vehicles4↦0.0),(Vehicles5↦0.0)}",
        "Reward": "0.7333333333333334",
        "VehiclesAx": "{(EgoVehicle↦0.0),(Vehicles2↦0.048072002828121185),(Vehicles3↦0.010252147912979126),(Vehicles4↦0.07660001516342163),(Vehicles5↦-0.0087742879986763)}",
        "VehiclesVx": "{(EgoVehicle↦20.0),(Vehicles2↦-0.2309172786772251),(Vehicles3↦0.6353876739740372),(Vehicles4↦-1.6706424951553345),(Vehicles5↦0.6153509765863419)}",
        "VehiclesY": "{(EgoVehicle↦8.000000238418579),(Vehicles2↦-4.0000001192092896),(Vehicles3↦0.0),(Vehicles4↦-8.000000238418579),(Vehicles5↦-4.0000001192092896)}",
        "VehiclesVy": "{(EgoVehicle↦0.0),(Vehicles2↦3.552713678800501E-14),(Vehicles3↦0.0),(Vehicles4↦0.0),(Vehicles5↦0.0)}",
        "VehiclesX": "{(EgoVehicle↦200.0),(Vehicles2↦-9.433022886514664),(Vehicles3↦20.742623507976532),(Vehicles4↦31.35913908481598),(Vehicles5↦59.625911712646484)}"
      },
      "probabilisticVariables": null,
      "activating": [
        "IDLE_26"
      ],
      "activatingOnlyWhenExecuted": true,
      "updating": null,
      "withPredicate": null
    },
    {
      "id": "IDLE_26",
      "execute": "IDLE",
      "after": "1000",
      "priority": 0,
      "additionalGuards": null,
      "activationKind": null,
      "fixedVariables": {
        "Crash": "FALSE",
        "VehiclesAy": "{(EgoVehicle↦0.0),(Vehicles2↦-1.7763568394002505E-14),(Vehicles3↦0.0),(Vehicles4↦0.0),(Vehicles5↦0.0)}",
        "Reward": "0.7333333333333334",
        "VehiclesAx": "{(EgoVehicle↦0.0),(Vehicles2↦0.0434148870408535),(Vehicles3↦0.009384304285049438),(Vehicles4↦0.07210865616798401),(Vehicles5↦-0.008590668439865112)}",
        "VehiclesVx": "{(EgoVehicle↦20.0),(Vehicles2↦-0.1875023916363716),(Vehicles3↦0.6447719782590866),(Vehicles4↦-1.5985338389873505),(Vehicles5↦0.6067603081464767)}",
        "VehiclesY": "{(EgoVehicle↦8.000000238418579),(Vehicles2↦-4.0000001192092896),(Vehicles3↦0.0),(Vehicles4↦-8.000000238418579),(Vehicles5↦-4.0000001192092896)}",
        "VehiclesVy": "{(EgoVehicle↦0.0),(Vehicles2↦1.7763568394002505E-14),(Vehicles3↦0.0),(Vehicles4↦0.0),(Vehicles5↦0.0)}",
        "VehiclesX": "{(EgoVehicle↦200.0),(Vehicles2↦-9.646228700876236),(Vehicles3↦21.381831169128418),(Vehicles4↦29.71768081188202),(Vehicles5↦60.237812995910645)}"
      },
      "probabilisticVariables": null,
      "activating": [
        "LANE_RIGHT_27"
      ],
      "activatingOnlyWhenExecuted": true,
      "updating": null,
      "withPredicate": null
    },
    {
      "id": "LANE_RIGHT_27",
      "execute": "LANE_RIGHT",
      "after": "1000",
      "priority": 0,
      "additionalGuards": null,
      "activationKind": null,
      "fixedVariables": {
        "Crash": "FALSE",
        "VehiclesAy": "{(EgoVehicle↦0.0),(Vehicles2↦-1.7763568394002505E-14),(Vehicles3↦0.0),(Vehicles4↦0.0),(Vehicles5↦0.0)}",
        "Reward": "0.7333333333333334",
        "VehiclesAx": "{(EgoVehicle↦0.0),(Vehicles2↦0.03938955254852772),(Vehicles3↦0.008577778935432434),(Vehicles4↦0.06806060671806335),(Vehicles5↦-0.0083976611495018)}",
        "VehiclesVx": "{(EgoVehicle↦20.0),(Vehicles2↦-0.1481128390878439),(Vehicles3↦0.653349757194519),(Vehicles4↦-1.530473232269287),(Vehicles5↦0.598362646996975)}",
        "VehiclesY": "{(EgoVehicle↦8.000000238418579),(Vehicles2↦-4.0000001192092896),(Vehicles3↦0.0),(Vehicles4↦-8.000000238418579),(Vehicles5↦-4.0000001192092896)}",
        "VehiclesVy": "{(EgoVehicle↦0.0),(Vehicles2↦0.0),(Vehicles3↦0.0),(Vehicles4↦0.0),(Vehicles5↦0.0)}",
        "VehiclesX": "{(EgoVehicle↦200.0),(Vehicles2↦-9.81767550110817),(Vehicles3↦22.030097246170044),(Vehicles4↦28.14667820930481),(Vehicles5↦60.8411967754364)}"
      },
      "probabilisticVariables": null,
      "activating": [
        "IDLE_28"
      ],
      "activatingOnlyWhenExecuted": true,
      "updating": null,
      "withPredicate": null
    },
    {
      "id": "IDLE_28",
      "execute": "IDLE",
      "after": "1000",
      "priority": 0,
      "additionalGuards": null,
      "activationKind": null,
      "fixedVariables": {
        "Crash": "FALSE",
        "VehiclesAy": "{(EgoVehicle↦0.0),(Vehicles2↦0.0),(Vehicles3↦0.0),(Vehicles4↦0.0),(Vehicles5↦0.0)}",
        "Reward": "0.7333333333333334",
        "VehiclesAx": "{(EgoVehicle↦0.0),(Vehicles2↦0.03588130697607994),(Vehicles3↦0.007826462388038635),(Vehicles4↦0.06439670920372009),(Vehicles5↦-0.00819627195596695)}",
        "VehiclesVx": "{(EgoVehicle↦20.0),(Vehicles2↦-0.11223153211176395),(Vehicles3↦0.6611762195825577),(Vehicles4↦-1.466076523065567),(Vehicles5↦0.590166375041008)}",
        "VehiclesY": "{(EgoVehicle↦8.000000238418579),(Vehicles2↦-4.0000001192092896),(Vehicles3↦0.0),(Vehicles4↦-8.000000238418579),(Vehicles5↦-4.0000001192092896)}",
        "VehiclesVy": "{(EgoVehicle↦0.0),(Vehicles2↦0.0),(Vehicles3↦0.0),(Vehicles4↦0.0),(Vehicles5↦0.0)}",
        "VehiclesX": "{(EgoVehicle↦200.0),(Vehicles2↦-9.951173514127731),(Vehicles3↦22.686634957790375),(Vehicles4↦26.642242074012756),(Vehicles5↦61.43626570701599)}"
      },
      "probabilisticVariables": null,
      "activating": [
        "IDLE_29"
      ],
      "activatingOnlyWhenExecuted": true,
      "updating": null,
      "withPredicate": null
    },
    {
      "id": "IDLE_29",
      "execute": "IDLE",
      "after": "1000",
      "priority": 0,
      "additionalGuards": null,
      "activationKind": null,
      "fixedVariables": {
        "Crash": "FALSE",
        "VehiclesAy": "{(EgoVehicle↦0.0),(Vehicles2↦0.0),(Vehicles3↦0.0),(Vehicles4↦0.0),(Vehicles5↦0.0)}",
        "Reward": "0.7333333333333334",
        "VehiclesAx": "{(EgoVehicle↦0.0),(Vehicles2↦0.7805333379656076),(Vehicles3↦-2.066185846924782),(Vehicles4↦2.0482557639479637),(Vehicles5↦-1.6515375673770905)}",
        "VehiclesVx": "{(EgoVehicle↦20.0),(Vehicles2↦0.6683018058538437),(Vehicles3↦-1.4050096273422241),(Vehicles4↦0.5821792408823967),(Vehicles5↦-1.0613711923360825)}",
        "VehiclesY": "{(EgoVehicle↦8.000000238418579),(Vehicles2↦0.0),(Vehicles3↦-8.000000238418579),(Vehicles4↦-4.0000001192092896),(Vehicles5↦-8.000000238418579)}",
        "VehiclesVy": "{(EgoVehicle↦0.0),(Vehicles2↦0.0),(Vehicles3↦0.0),(Vehicles4↦0.0),(Vehicles5↦0.0)}",
        "VehiclesX": "{(EgoVehicle↦200.0),(Vehicles2↦23.35071563720703),(Vehicles3↦25.200846791267395),(Vehicles4↦62.02321648597717),(Vehicles5↦75.29507875442505)}"
      },
      "probabilisticVariables": null,
      "activating": [
        "IDLE_30"
      ],
      "activatingOnlyWhenExecuted": true,
      "updating": null,
      "withPredicate": null
    },
    {
      "id": "IDLE_30",
      "execute": "IDLE",
      "after": "1000",
      "priority": 0,
      "additionalGuards": null,
      "activationKind": null,
      "fixedVariables": {
        "Crash": "FALSE",
        "VehiclesAy": "{(EgoVehicle↦0.0),(Vehicles2↦0.0),(Vehicles3↦0.0),(Vehicles4↦0.0),(Vehicles5↦0.0)}",
        "Reward": "0.7333333333333334",
        "VehiclesAx": "{(EgoVehicle↦0.0),(Vehicles2↦-2.015283480286598),(Vehicles3↦2.079782113432884),(Vehicles4↦-0.007770955562591553),(Vehicles5↦0.04786267876625061)}",
        "VehiclesVx": "{(EgoVehicle↦20.0),(Vehicles2↦-1.3469816744327545),(Vehicles3↦0.6747724860906601),(Vehicles4↦0.5744082853198051),(Vehicles5↦-1.0135085135698318)}",
        "VehiclesY": "{(EgoVehicle↦8.000000238418579),(Vehicles2↦-8.000000238418579),(Vehicles3↦0.0),(Vehicles4↦-4.0000001192092896),(Vehicles5↦-8.000000238418579)}",
        "VehiclesVy": "{(EgoVehicle↦0.0),(Vehicles2↦0.0),(Vehicles3↦0.0),(Vehicles4↦0.0),(Vehicles5↦0.0)}",
        "VehiclesX": "{(EgoVehicle↦200.0),(Vehicles2↦23.81928116083145),(Vehicles3↦24.021656811237335),(Vehicles4↦62.602269649505615),(Vehicles5↦74.2530345916748)}"
      },
      "probabilisticVariables": null,
      "activating": [
        "LANE_RIGHT_31"
      ],
      "activatingOnlyWhenExecuted": true,
      "updating": null,
      "withPredicate": null
    },
    {
      "id": "LANE_RIGHT_31",
      "execute": "LANE_RIGHT",
      "after": "1000",
      "priority": 0,
      "additionalGuards": null,
      "activationKind": null,
      "fixedVariables": {
        "Crash": "FALSE",
        "VehiclesAy": "{(EgoVehicle↦0.0),(Vehicles2↦0.0),(Vehicles3↦0.0),(Vehicles4↦0.0),(Vehicles5↦0.0)}",
        "Reward": "0.7333333333333334",
        "VehiclesAx": "{(EgoVehicle↦0.0),(Vehicles2↦0.05524441599845886),(Vehicles3↦0.005858317017555237),(Vehicles4↦-0.007548406720161438),(Vehicles5↦0.04569418728351593)}",
        "VehiclesVx": "{(EgoVehicle↦20.0),(Vehicles2↦-1.2917372584342957),(Vehicles3↦0.6806308031082153),(Vehicles4↦0.5668598785996437),(Vehicles5↦-0.9678143262863159)}",
        "VehiclesY": "{(EgoVehicle↦8.000000238418579),(Vehicles2↦-8.000000238418579),(Vehicles3↦0.0),(Vehicles4↦-4.0000001192092896),(Vehicles5↦-8.000000238418579)}",
        "VehiclesVy": "{(EgoVehicle↦0.0),(Vehicles2↦0.0),(Vehicles3↦0.0),(Vehicles4↦0.0),(Vehicles5↦0.0)}",
        "VehiclesX": "{(EgoVehicle↦200.0),(Vehicles2↦22.494611144065857),(Vehicles3↦24.69881922006607),(Vehicles4↦63.17364573478699),(Vehicles5↦73.25797080993652)}"
      },
      "probabilisticVariables": null,
      "activating": [
        "LANE_RIGHT_32"
      ],
      "activatingOnlyWhenExecuted": true,
      "updating": null,
      "withPredicate": null
    },
    {
      "id": "LANE_RIGHT_32",
      "execute": "LANE_RIGHT",
      "after": "1000",
      "priority": 0,
      "additionalGuards": null,
      "activationKind": null,
      "fixedVariables": {
        "Crash": "FALSE",
        "VehiclesAy": "{(EgoVehicle↦0.0),(Vehicles2↦0.0),(Vehicles3↦0.0),(Vehicles4↦0.0),(Vehicles5↦0.0)}",
        "Reward": "0.7333333333333334",
        "VehiclesAx": "{(EgoVehicle↦0.0),(Vehicles2↦0.05268506705760956),(Vehicles3↦0.005285367369651794),(Vehicles4↦-0.007320046424865723),(Vehicles5↦0.04368908703327179)}",
        "VehiclesVx": "{(EgoVehicle↦20.0),(Vehicles2↦-1.239052191376686),(Vehicles3↦0.6859161704778671),(Vehicles4↦0.559539832174778),(Vehicles5↦-0.9241252392530441)}",
        "VehiclesY": "{(EgoVehicle↦8.000000238418579),(Vehicles2↦-8.000000238418579),(Vehicles3↦0.0),(Vehicles4↦-4.0000001192092896),(Vehicles5↦-8.000000238418579)}",
        "VehiclesVy": "{(EgoVehicle↦0.0),(Vehicles2↦0.0),(Vehicles3↦0.0),(Vehicles4↦0.0),(Vehicles5↦0.0)}",
        "VehiclesX": "{(EgoVehicle↦200.0),(Vehicles2↦21.224144101142883),(Vehicles3↦25.381609797477722),(Vehicles4↦63.73755931854248),(Vehicles5↦72.30778932571411)}"
      },
      "probabilisticVariables": null,
      "activating": [
        "LANE_RIGHT_33"
      ],
      "activatingOnlyWhenExecuted": true,
      "updating": null,
      "withPredicate": null
    },
    {
      "id": "LANE_RIGHT_33",
      "execute": "LANE_RIGHT",
      "after": "1000",
      "priority": 0,
      "additionalGuards": null,
      "activationKind": null,
      "fixedVariables": {
        "Crash": "FALSE",
        "VehiclesAy": "{(EgoVehicle↦0.0),(Vehicles2↦0.0),(Vehicles3↦0.0),(Vehicles4↦0.0),(Vehicles5↦0.0)}",
        "Reward": "0.7333333333333334",
        "VehiclesAx": "{(EgoVehicle↦0.0),(Vehicles2↦0.05032442510128021),(Vehicles3↦0.004749074578285217),(Vehicles4↦-0.007086619734764099),(Vehicles5↦0.04182964563369751)}",
        "VehiclesVx": "{(EgoVehicle↦20.0),(Vehicles2↦-1.1887277662754059),(Vehicles3↦0.6906652450561523),(Vehicles4↦0.5524532124400139),(Vehicles5↦-0.8822955936193466)}",
        "VehiclesY": "{(EgoVehicle↦8.000000238418579),(Vehicles2↦-8.000000238418579),(Vehicles3↦0.0),(Vehicles4↦-4.0000001192092896),(Vehicles5↦-8.000000238418579)}",
        "VehiclesVy": "{(EgoVehicle↦0.0),(Vehicles2↦0.0),(Vehicles3↦0.0),(Vehicles4↦0.0),(Vehicles5↦0.0)}",
        "VehiclesX": "{(EgoVehicle↦200.0),(Vehicles2↦20.005403459072113),(Vehicles3↦26.069465279579163),(Vehicles4↦64.29424285888672),(Vehicles5↦71.40053510665894)}"
      },
      "probabilisticVariables": null,
      "activating": [
        "LANE_RIGHT_34"
      ],
      "activatingOnlyWhenExecuted": true,
      "updating": null,
      "withPredicate": null
    },
    {
      "id": "LANE_RIGHT_34",
      "execute": "LANE_RIGHT",
      "after": "1000",
      "priority": 0,
      "additionalGuards": null,
      "activationKind": null,
      "fixedVariables": {
        "Crash": "FALSE",
        "VehiclesAy": "{(EgoVehicle↦0.0),(Vehicles2↦0.0),(Vehicles3↦0.0),(Vehicles4↦0.0),(Vehicles5↦0.0)}",
        "Reward": "0.7333333333333334",
        "VehiclesAx": "{(EgoVehicle↦0.0),(Vehicles2↦0.048140138387680054),(Vehicles3↦0.004246905446052551),(Vehicles4↦-0.006848610937595367),(Vehicles5↦0.040100812911987305)}",
        "VehiclesVx": "{(EgoVehicle↦20.0),(Vehicles2↦-1.1405876278877258),(Vehicles3↦0.6949121505022049),(Vehicles4↦0.5456046015024185),(Vehicles5↦-0.8421947807073593)}",
        "VehiclesY": "{(EgoVehicle↦8.000000238418579),(Vehicles2↦-8.000000238418579),(Vehicles3↦0.0),(Vehicles4↦-4.0000001192092896),(Vehicles5↦-8.000000238418579)}",
        "VehiclesVy": "{(EgoVehicle↦0.0),(Vehicles2↦0.0),(Vehicles3↦0.0),(Vehicles4↦0.0),(Vehicles5↦0.0)}",
        "VehiclesX": "{(EgoVehicle↦200.0),(Vehicles2↦18.83609890937805),(Vehicles3↦26.761868596076965),(Vehicles4↦64.8439347743988),(Vehicles5↦70.53441405296326)}"
      },
      "probabilisticVariables": null,
      "activating": [
        "LANE_RIGHT_35"
      ],
      "activatingOnlyWhenExecuted": true,
      "updating": null,
      "withPredicate": null
    },
    {
      "id": "LANE_RIGHT_35",
      "execute": "LANE_RIGHT",
      "after": "1000",
      "priority": 0,
      "additionalGuards": null,
      "activationKind": null,
      "fixedVariables": {
        "Crash": "FALSE",
        "VehiclesAy": "{(EgoVehicle↦0.0),(Vehicles2↦0.0),(Vehicles3↦0.0),(Vehicles4↦0.0),(Vehicles5↦0.0)}",
        "Reward": "0.7333333333333334",
        "VehiclesAx": "{(EgoVehicle↦0.0),(Vehicles2↦0.046113207936286926),(Vehicles3↦0.0037767738103866577),(Vehicles4↦-0.006606727838516235),(Vehicles5↦0.038489699363708496)}",
        "VehiclesVx": "{(EgoVehicle↦20.0),(Vehicles2↦-1.094474419951439),(Vehicles3↦0.6986889243125916),(Vehicles4↦0.5389978736639023),(Vehicles5↦-0.8037050813436508)}",
        "VehiclesY": "{(EgoVehicle↦8.000000238418579),(Vehicles2↦-8.000000238418579),(Vehicles3↦0.0),(Vehicles4↦-4.0000001192092896),(Vehicles5↦-8.000000238418579)}",
        "VehiclesVy": "{(EgoVehicle↦0.0),(Vehicles2↦0.0),(Vehicles3↦0.0),(Vehicles4↦0.0),(Vehicles5↦0.0)}",
        "VehiclesX": "{(EgoVehicle↦200.0),(Vehicles2↦17.714112997055054),(Vehicles3↦27.458328008651733),(Vehicles4↦65.38687944412231),(Vehicles5↦69.70773935317993)}"
      },
      "probabilisticVariables": null,
      "activating": [
        "FASTER_36"
      ],
      "activatingOnlyWhenExecuted": true,
      "updating": null,
      "withPredicate": null
    },
    {
      "id": "FASTER_36",
      "execute": "FASTER",
      "after": "1000",
      "priority": 0,
      "additionalGuards": null,
      "activationKind": null,
      "fixedVariables": {
        "Crash": "FALSE",
        "VehiclesAy": "{(EgoVehicle↦0.0),(Vehicles2↦0.0),(Vehicles3↦0.0),(Vehicles4↦0.0),(Vehicles5↦0.0)}",
        "Reward": "0.8491083676268861",
        "VehiclesAx": "{(EgoVehicle↦4.341564178466797),(Vehicles2↦-4.297336116433144),(Vehicles3↦-4.338227212429047),(Vehicles4↦-4.3479254096746445),(Vehicles5↦-4.304579272866249)}",
        "VehiclesVx": "{(EgoVehicle↦24.341564178466797),(Vehicles2↦-5.3918105363845825),(Vehicles3↦-3.639538288116455),(Vehicles4↦-3.808927536010742),(Vehicles5↦-5.1082843542099)}",
        "VehiclesY": "{(EgoVehicle↦8.000000238418579),(Vehicles2↦-8.000000238418579),(Vehicles3↦0.0),(Vehicles4↦-4.0000001192092896),(Vehicles5↦-8.000000238418579)}",
        "VehiclesVy": "{(EgoVehicle↦0.0),(Vehicles2↦0.0),(Vehicles3↦0.0),(Vehicles4↦0.0),(Vehicles5↦0.0)}",
        "VehiclesX": "{(EgoVehicle↦200.0),(Vehicles2↦14.242413640022278),(Vehicles3↦25.7633239030838),(Vehicles4↦63.52825164794922),(Vehicles5↦66.52388572692871)}"
      },
      "probabilisticVariables": null,
      "activating": [
        "LANE_RIGHT_37"
      ],
      "activatingOnlyWhenExecuted": true,
      "updating": null,
      "withPredicate": null
    },
    {
      "id": "LANE_RIGHT_37",
      "execute": "LANE_RIGHT",
      "after": "1000",
      "priority": 0,
      "additionalGuards": null,
      "activationKind": null,
      "fixedVariables": {
        "Crash": "FALSE",
        "VehiclesAy": "{(EgoVehicle↦0.0),(Vehicles2↦0.0),(Vehicles3↦0.0),(Vehicles4↦0.0),(Vehicles5↦0.0)}",
        "Reward": "0.864354462677889",
        "VehiclesAx": "{(EgoVehicle↦0.5717277526855469),(Vehicles2↦-0.5292600393295288),(Vehicles3↦-0.5688038468360901),(Vehicles4↦-0.5778422951698303),(Vehicles5↦-0.5361521244049072)}",
        "VehiclesVx": "{(EgoVehicle↦24.913291931152344),(Vehicles2↦-5.921070575714111),(Vehicles3↦-4.208342134952545),(Vehicles4↦-4.3867698311805725),(Vehicles5↦-5.644436478614807)}",
        "VehiclesY": "{(EgoVehicle↦8.000000238418579),(Vehicles2↦-8.000000238418579),(Vehicles3↦0.0),(Vehicles4↦-4.0000001192092896),(Vehicles5↦-8.000000238418579)}",
        "VehiclesVy": "{(EgoVehicle↦0.0),(Vehicles2↦0.0),(Vehicles3↦0.0),(Vehicles4↦0.0),(Vehicles5↦0.0)}",
        "VehiclesX": "{(EgoVehicle↦200.0),(Vehicles2↦8.552327752113342),(Vehicles3↦21.809588372707367),(Vehicles4↦59.401458501815796),(Vehicles5↦61.11454367637634)}"
      },
      "probabilisticVariables": null,
      "activating": [
        "SLOWER_38"
      ],
      "activatingOnlyWhenExecuted": true,
      "updating": null,
      "withPredicate": null
    },
    {
      "id": "SLOWER_38",
      "execute": "SLOWER",
      "after": "1000",
      "priority": 0,
      "additionalGuards": null,
      "activationKind": null,
      "fixedVariables": {
        "Crash": "FALSE",
        "VehiclesAy": "{(EgoVehicle↦0.0),(Vehicles2↦0.0),(Vehicles3↦0.0),(Vehicles4↦0.0),(Vehicles5↦0.0)}",
        "Reward": "0.7505871446050443",
        "VehiclesAx": "{(EgoVehicle↦-4.2662739753723145),(Vehicles2↦4.307099431753159),(Vehicles3↦4.268813612870872),(Vehicles4↦4.26041079685092),(Vehicles5↦4.300529211759567)}",
        "VehiclesVx": "{(EgoVehicle↦20.64701795578003),(Vehicles2↦-1.6139711439609528),(Vehicles3↦0.060471477918326855),(Vehicles4↦-0.1263590343296528),(Vehicles5↦-1.3439072668552399)}",
        "VehiclesY": "{(EgoVehicle↦8.000000238418579),(Vehicles2↦-8.000000238418579),(Vehicles3↦0.0),(Vehicles4↦-4.0000001192092896),(Vehicles5↦-8.000000238418579)}",
        "VehiclesVy": "{(EgoVehicle↦0.0),(Vehicles2↦0.0),(Vehicles3↦0.0),(Vehicles4↦0.0),(Vehicles5↦0.0)}",
        "VehiclesX": "{(EgoVehicle↦200.0),(Vehicles2↦5.001242086291313),(Vehicles3↦19.955819845199585),(Vehicles4↦57.36585259437561),(Vehicles5↦57.83743858337402)}"
      },
      "probabilisticVariables": null,
      "activating": [
        "LANE_RIGHT_39"
      ],
      "activatingOnlyWhenExecuted": true,
      "updating": null,
      "withPredicate": null
    },
    {
      "id": "LANE_RIGHT_39",
      "execute": "LANE_RIGHT",
      "after": "1000",
      "priority": 0,
      "additionalGuards": null,
      "activationKind": null,
      "fixedVariables": {
        "Crash": "FALSE",
        "VehiclesAy": "{(EgoVehicle↦0.0),(Vehicles2↦1.7763568394002505E-14),(Vehicles3↦0.0),(Vehicles4↦0.0),(Vehicles5↦0.0)}",
        "Reward": "0.7356054401674682",
        "VehiclesAx": "{(EgoVehicle↦-0.5618143081665039),(Vehicles2↦0.6010992079973221),(Vehicles3↦0.5639929743483663),(Vehicles4↦-0.6227205507457256),(Vehicles5↦1.7737498506903648)}",
        "VehiclesVx": "{(EgoVehicle↦20.085203647613525),(Vehicles2↦-1.0128719359636307),(Vehicles3↦0.6244644522666931),(Vehicles4↦-0.7490795850753784),(Vehicles5↦0.42984258383512497)}",
        "VehiclesY": "{(EgoVehicle↦8.000000238418579),(Vehicles2↦-8.000000238418579),(Vehicles3↦0.0),(Vehicles4↦-8.000000238418579),(Vehicles5↦-4.0000001192092896)}",
        "VehiclesVy": "{(EgoVehicle↦0.0),(Vehicles2↦1.7763568394002505E-14),(Vehicles3↦0.0),(Vehicles4↦0.0),(Vehicles5↦0.0)}",
        "VehiclesX": "{(EgoVehicle↦200.0),(Vehicles2↦3.7130337208509445),(Vehicles3↦20.327119529247284),(Vehicles4↦56.81676268577576),(Vehicles5↦57.547158002853394)}"
      },
      "probabilisticVariables": null,
      "activating": [
        "LANE_RIGHT_40"
      ],
      "activatingOnlyWhenExecuted": true,
      "updating": null,
      "withPredicate": null
    },
    {
      "id": "LANE_RIGHT_40",
      "execute": "LANE_RIGHT",
      "after": "1000",
      "priority": 0,
      "additionalGuards": null,
      "activationKind": null,
      "fixedVariables": {
        "Crash": "FALSE",
        "VehiclesAy": "{(EgoVehicle↦0.0),(Vehicles2↦-1.7763568394002505E-14),(Vehicles3↦0.0),(Vehicles4↦0.0),(Vehicles5↦0.0)}",
        "Reward": "0.7336325408176637",
        "VehiclesAx": "{(EgoVehicle↦-0.07398366928100586),(Vehicles2↦0.11182405054569244),(Vehicles3↦0.07582634687423706),(Vehicles4↦0.10582946240901947),(Vehicles5↦0.0686238706111908)}",
        "VehiclesVx": "{(EgoVehicle↦20.01121997833252),(Vehicles2↦-0.9010478854179382),(Vehicles3↦0.7002907991409302),(Vehicles4↦-0.643250122666359),(Vehicles5↦0.49846645444631577)}",
        "VehiclesY": "{(EgoVehicle↦8.000000238418579),(Vehicles2↦-8.000000238418579),(Vehicles3↦0.0),(Vehicles4↦-8.000000238418579),(Vehicles5↦-4.0000001192092896)}",
        "VehiclesVy": "{(EgoVehicle↦0.0),(Vehicles2↦0.0),(Vehicles3↦0.0),(Vehicles4↦0.0),(Vehicles5↦0.0)}",
        "VehiclesX": "{(EgoVehicle↦200.0),(Vehicles2↦2.756223827600479),(Vehicles3↦20.99316120147705),(Vehicles4↦56.12132549285889),(Vehicles5↦58.015650510787964)}"
      },
      "probabilisticVariables": null,
      "activating": [
        "LANE_RIGHT_41"
      ],
      "activatingOnlyWhenExecuted": true,
      "updating": null,
      "withPredicate": null
    },
    {
      "id": "LANE_RIGHT_41",
      "execute": "LANE_RIGHT",
      "after": "1000",
      "priority": 0,
      "additionalGuards": null,
      "activationKind": null,
      "fixedVariables": {
        "Crash": "FALSE",
        "VehiclesAy": "{(EgoVehicle↦0.0),(Vehicles2↦0.0),(Vehicles3↦0.0),(Vehicles4↦0.0),(Vehicles5↦0.0)}",
        "Reward": "0.7333727351419693",
        "VehiclesAx": "{(EgoVehicle↦-0.009741783142089844),(Vehicles2↦0.04622459411621094),(Vehicles3↦0.011271387338638306),(Vehicles4↦0.04048734903335571),(Vehicles5↦0.004635602235794067)}",
        "VehiclesVx": "{(EgoVehicle↦20.00147819519043),(Vehicles2↦-0.8548232913017273),(Vehicles3↦0.7115621864795685),(Vehicles4↦-0.6027627736330032),(Vehicles5↦0.5031020566821098)}",
        "VehiclesY": "{(EgoVehicle↦8.000000238418579),(Vehicles2↦-8.000000238418579),(Vehicles3↦0.0),(Vehicles4↦-8.000000238418579),(Vehicles5↦-4.0000001192092896)}",
        "VehiclesVy": "{(EgoVehicle↦0.0),(Vehicles2↦0.0),(Vehicles3↦0.0),(Vehicles4↦0.0),(Vehicles5↦0.0)}",
        "VehiclesX": "{(EgoVehicle↦200.0),(Vehicles2↦1.8752487376332283),(Vehicles3↦21.699462831020355),(Vehicles4↦55.49583435058594),(Vehicles5↦58.51742625236511)}"
      },
      "probabilisticVariables": null,
      "activating": [
        "LANE_RIGHT_42"
      ],
      "activatingOnlyWhenExecuted": true,
      "updating": null,
      "withPredicate": null
    },
    {
      "id": "LANE_RIGHT_42",
      "execute": "LANE_RIGHT",
      "after": "1000",
      "priority": 0,
      "additionalGuards": null,
      "activationKind": null,
      "fixedVariables": {
        "Crash": "FALSE",
        "VehiclesAy": "{(EgoVehicle↦0.0),(Vehicles2↦0.0),(Vehicles3↦0.0),(Vehicles4↦0.0),(Vehicles5↦0.0)}",
        "Reward": "0.7333385220488738",
        "VehiclesAx": "{(EgoVehicle↦-0.0012826919555664062),(Vehicles2↦0.036485493183135986),(Vehicles3↦0.0025190412998199463),(Vehicles4↦0.030988194048404694),(Vehicles5↦-0.003571435809135437)}",
        "VehiclesVx": "{(EgoVehicle↦20.000195503234863),(Vehicles2↦-0.8183377981185913),(Vehicles3↦0.7140812277793884),(Vehicles4↦-0.5717745795845985),(Vehicles5↦0.4995306208729744)}",
        "VehiclesY": "{(EgoVehicle↦8.000000238418579),(Vehicles2↦-8.000000238418579),(Vehicles3↦0.0),(Vehicles4↦-8.000000238418579),(Vehicles5↦-4.0000001192092896)}",
        "VehiclesVy": "{(EgoVehicle↦0.0),(Vehicles2↦0.0),(Vehicles3↦0.0),(Vehicles4↦0.0),(Vehicles5↦0.0)}",
        "VehiclesX": "{(EgoVehicle↦200.0),(Vehicles2↦1.035313494503498),(Vehicles3↦22.412249445915222),(Vehicles4↦54.905736446380615),(Vehicles5↦59.01927351951599)}"
      },
      "probabilisticVariables": null,
      "activating": [
        "LANE_RIGHT_43"
      ],
      "activatingOnlyWhenExecuted": true,
      "updating": null,
      "withPredicate": null
    },
    {
      "id": "LANE_RIGHT_43",
      "execute": "LANE_RIGHT",
      "after": "1000",
      "priority": 0,
      "additionalGuards": null,
      "activationKind": null,
      "fixedVariables": {
        "Crash": "FALSE",
        "VehiclesAy": "{(EgoVehicle↦0.0),(Vehicles2↦0.0),(Vehicles3↦0.0),(Vehicles4↦0.0),(Vehicles5↦0.0)}",
        "Reward": "0.7333340166209766",
        "VehiclesAx": "{(EgoVehicle↦-0.00016927719116210938),(Vehicles2↦0.03416478633880615),(Vehicles3↦0.001132860779762268),(Vehicles4↦0.028891563415527344),(Vehicles5↦-0.0044335052371025085)}",
        "VehiclesVx": "{(EgoVehicle↦20.0000262260437),(Vehicles2↦-0.7841730117797852),(Vehicles3↦0.7152140885591507),(Vehicles4↦-0.5428830161690712),(Vehicles5↦0.4950971156358719)}",
        "VehiclesY": "{(EgoVehicle↦8.000000238418579),(Vehicles2↦-8.000000238418579),(Vehicles3↦0.0),(Vehicles4↦-8.000000238418579),(Vehicles5↦-4.0000001192092896)}",
        "VehiclesVy": "{(EgoVehicle↦0.0),(Vehicles2↦0.0),(Vehicles3↦0.0),(Vehicles4↦0.0),(Vehicles5↦0.0)}",
        "VehiclesX": "{(EgoVehicle↦200.0),(Vehicles2↦0.2307610586285591),(Vehicles3↦23.12683016061783),(Vehicles4↦54.34562563896179),(Vehicles5↦59.517037868499756)}"
      },
      "probabilisticVariables": null,
      "activating": [
        "LANE_RIGHT_44"
      ],
      "activatingOnlyWhenExecuted": true,
      "updating": null,
      "withPredicate": null
    },
    {
      "id": "LANE_RIGHT_44",
      "execute": "LANE_RIGHT",
      "after": "1000",
      "priority": 0,
      "additionalGuards": null,
      "activationKind": null,
      "fixedVariables": {
        "Crash": "FALSE",
        "VehiclesAy": "{(EgoVehicle↦0.0),(Vehicles2↦0.0),(Vehicles3↦0.0),(Vehicles4↦0.0),(Vehicles5↦0.0)}",
        "Reward": "0.733333423313599",
        "VehiclesAx": "{(EgoVehicle↦-2.384185791015625E-05),(Vehicles2↦0.032878294587135315),(Vehicles3↦0.0007331371307373047),(Vehicles4↦0.027814693748950958),(Vehicles5↦-0.004329308867454529)}",
        "VehiclesVx": "{(EgoVehicle↦20.00000238418579),(Vehicles2↦-0.7512947171926498),(Vehicles3↦0.715947225689888),(Vehicles4↦-0.5150683224201202),(Vehicles5↦0.49076780676841736)}",
        "VehiclesY": "{(EgoVehicle↦8.000000238418579),(Vehicles2↦-8.000000238418579),(Vehicles3↦0.0),(Vehicles4↦-8.000000238418579),(Vehicles5↦-4.0000001192092896)}",
        "VehiclesVy": "{(EgoVehicle↦0.0),(Vehicles2↦0.0),(Vehicles3↦0.0),(Vehicles4↦0.0),(Vehicles5↦0.0)}",
        "VehiclesX": "{(EgoVehicle↦200.0),(Vehicles2↦-0.5401685833930969),(Vehicles3↦23.842360079288483),(Vehicles4↦53.81394028663635),(Vehicles5↦60.010385513305664)}"
      },
      "probabilisticVariables": null,
      "activating": [
        "LANE_RIGHT_45"
      ],
      "activatingOnlyWhenExecuted": true,
      "updating": null,
      "withPredicate": null
    },
    {
      "id": "LANE_RIGHT_45",
      "execute": "LANE_RIGHT",
      "after": "1000",
      "priority": 0,
      "additionalGuards": null,
      "activationKind": null,
      "fixedVariables": {
        "Crash": "FALSE",
        "VehiclesAy": "{(EgoVehicle↦0.0),(Vehicles2↦0.0),(Vehicles3↦0.0),(Vehicles4↦0.0),(Vehicles5↦0.0)}",
        "Reward": "0.7333333451825864",
        "VehiclesAx": "{(EgoVehicle↦-2.384185791015625E-06),(Vehicles2↦0.031780749559402466),(Vehicles3↦0.0004793703556060791),(Vehicles4↦0.02691369503736496),(Vehicles5↦-0.004099421203136444)}",
        "VehiclesVx": "{(EgoVehicle↦20.0),(Vehicles2↦-0.7195139676332474),(Vehicles3↦0.7164265960454941),(Vehicles4↦-0.4881546273827553),(Vehicles5↦0.4866683855652809)}",
        "VehiclesY": "{(EgoVehicle↦8.000000238418579),(Vehicles2↦-8.000000238418579),(Vehicles3↦0.0),(Vehicles4↦-8.000000238418579),(Vehicles5↦-4.0000001192092896)}",
        "VehiclesVy": "{(EgoVehicle↦0.0),(Vehicles2↦0.0),(Vehicles3↦0.0),(Vehicles4↦0.0),(Vehicles5↦0.0)}",
        "VehiclesX": "{(EgoVehicle↦200.0),(Vehicles2↦-1.2786666862666607),(Vehicles3↦24.558518826961517),(Vehicles4↦53.30970883369446),(Vehicles5↦60.49949526786804)}"
      },
      "probabilisticVariables": null,
      "activating": [
        "IDLE_46"
      ],
      "activatingOnlyWhenExecuted": true,
      "updating": null,
      "withPredicate": null
    },
    {
      "id": "IDLE_46",
      "execute": "IDLE",
      "after": "1000",
      "priority": 0,
      "additionalGuards": null,
      "activationKind": null,
      "fixedVariables": {
        "Crash": "FALSE",
        "VehiclesAy": "{(EgoVehicle↦0.0),(Vehicles2↦0.0),(Vehicles3↦0.0),(Vehicles4↦0.0),(Vehicles5↦0.0)}",
        "Reward": "0.7333333348937289",
        "VehiclesAx": "{(EgoVehicle↦0.0),(Vehicles2↦0.030756890773773193),(Vehicles3↦0.00025972723960876465),(Vehicles4↦0.02607453614473343),(Vehicles5↦-0.003854706883430481)}",
        "VehiclesVx": "{(EgoVehicle↦20.0),(Vehicles2↦-0.6887570768594742),(Vehicles3↦0.7166863232851028),(Vehicles4↦-0.46208009123802185),(Vehicles5↦0.48281367868185043)}",
        "VehiclesY": "{(EgoVehicle↦8.000000238418579),(Vehicles2↦-8.000000238418579),(Vehicles3↦0.0),(Vehicles4↦-8.000000238418579),(Vehicles5↦-4.0000001192092896)}",
        "VehiclesVy": "{(EgoVehicle↦0.0),(Vehicles2↦0.0),(Vehicles3↦0.0),(Vehicles4↦0.0),(Vehicles5↦0.0)}",
        "VehiclesX": "{(EgoVehicle↦200.0),(Vehicles2↦-1.98579840362072),(Vehicles3↦25.27506649494171),(Vehicles4↦52.83204913139343),(Vehicles5↦60.98460555076599)}"
      },
      "probabilisticVariables": null,
      "activating": [
        "IDLE_47"
      ],
      "activatingOnlyWhenExecuted": true,
      "updating": null,
      "withPredicate": null
    },
    {
      "id": "IDLE_47",
      "execute": "IDLE",
      "after": "1000",
      "priority": 0,
      "additionalGuards": null,
      "activationKind": null,
      "fixedVariables": {
        "Crash": "FALSE",
        "VehiclesAy": "{(EgoVehicle↦0.0),(Vehicles2↦0.0),(Vehicles3↦0.0),(Vehicles4↦0.0),(Vehicles5↦0.0)}",
        "Reward": "0.7333333335388176",
        "VehiclesAx": "{(EgoVehicle↦0.0),(Vehicles2↦0.02978801727294922),(Vehicles3↦5.9157609939575195E-05),(Vehicles4↦0.025279298424720764),(Vehicles5↦-0.00361025333404541)}",
        "VehiclesVx": "{(EgoVehicle↦20.0),(Vehicles2↦-0.658969059586525),(Vehicles3↦0.7167454808950424),(Vehicles4↦-0.4368007928133011),(Vehicles5↦0.479203425347805)}",
        "VehiclesY": "{(EgoVehicle↦8.000000238418579),(Vehicles2↦-8.000000238418579),(Vehicles3↦0.0),(Vehicles4↦-8.000000238418579),(Vehicles5↦-4.0000001192092896)}",
        "VehiclesVy": "{(EgoVehicle↦0.0),(Vehicles2↦0.0),(Vehicles3↦0.0),(Vehicles4↦0.0),(Vehicles5↦0.0)}",
        "VehiclesX": "{(EgoVehicle↦200.0),(Vehicles2↦-2.6625648140907288),(Vehicles3↦25.991791486740112),(Vehicles4↦52.38014459609985),(Vehicles5↦61.46595478057861)}"
      },
      "probabilisticVariables": null,
      "activating": [
        "IDLE_48"
      ],
      "activatingOnlyWhenExecuted": true,
      "updating": null,
      "withPredicate": null
    },
    {
      "id": "IDLE_48",
      "execute": "IDLE",
      "after": "1000",
      "priority": 0,
      "additionalGuards": null,
      "activationKind": null,
      "fixedVariables": {
        "Crash": "FALSE",
        "VehiclesAy": "{(EgoVehicle↦0.0),(Vehicles2↦0.0),(Vehicles3↦0.0),(Vehicles4↦0.0),(Vehicles5↦0.0)}",
        "Reward": "0.733333333360393",
        "VehiclesAx": "{(EgoVehicle↦0.0),(Vehicles2↦0.02886831760406494),(Vehicles3↦-0.00012524425983428955),(Vehicles4↦0.02452325075864792),(Vehicles5↦-0.003368370234966278)}",
        "VehiclesVx": "{(EgoVehicle↦20.0),(Vehicles2↦-0.63010074198246),(Vehicles3↦0.7166202366352081),(Vehicles4↦-0.41227754205465317),(Vehicles5↦0.47583505511283875)}",
        "VehiclesY": "{(EgoVehicle↦8.000000238418579),(Vehicles2↦-8.000000238418579),(Vehicles3↦0.0),(Vehicles4↦-8.000000238418579),(Vehicles5↦-4.0000001192092896)}",
        "VehiclesVy": "{(EgoVehicle↦0.0),(Vehicles2↦0.0),(Vehicles3↦0.0),(Vehicles4↦0.0),(Vehicles5↦0.0)}",
        "VehiclesX": "{(EgoVehicle↦200.0),(Vehicles2↦-3.309914842247963),(Vehicles3↦26.70850157737732),(Vehicles4↦51.953208446502686),(Vehicles5↦61.94378733634949)}"
      },
      "probabilisticVariables": null,
      "activating": [
        "IDLE_49"
      ],
      "activatingOnlyWhenExecuted": true,
      "updating": null,
      "withPredicate": null
    },
    {
      "id": "IDLE_49",
      "execute": "IDLE",
      "after": "1000",
      "priority": 0,
      "additionalGuards": null,
      "activationKind": null,
      "fixedVariables": {
        "Crash": "FALSE",
        "VehiclesAy": "{(EgoVehicle↦0.0),(Vehicles2↦0.0),(Vehicles3↦0.0),(Vehicles4↦0.0),(Vehicles5↦0.0)}",
        "Reward": "0.7333333333368968",
        "VehiclesAx": "{(EgoVehicle↦0.0),(Vehicles2↦0.02799414098262787),(Vehicles3↦-0.00029437243938446045),(Vehicles4↦0.023803524672985077),(Vehicles5↦-0.003129616379737854)}",
        "VehiclesVx": "{(EgoVehicle↦20.0),(Vehicles2↦-0.6021066009998322),(Vehicles3↦0.7163258641958237),(Vehicles4↦-0.3884740173816681),(Vehicles5↦0.4727054387331009)}",
        "VehiclesY": "{(EgoVehicle↦8.000000238418579),(Vehicles2↦-8.000000238418579),(Vehicles3↦0.0),(Vehicles4↦-8.000000238418579),(Vehicles5↦-4.0000001192092896)}",
        "VehiclesVy": "{(EgoVehicle↦0.0),(Vehicles2↦0.0),(Vehicles3↦0.0),(Vehicles4↦0.0),(Vehicles5↦0.0)}",
        "VehiclesX": "{(EgoVehicle↦200.0),(Vehicles2↦-3.9287496358156204),(Vehicles3↦27.425014972686768),(Vehicles4↦51.55050754547119),(Vehicles5↦62.41835355758667)}"
      },
      "probabilisticVariables": null,
      "activating": [
        "IDLE_50"
      ],
      "activatingOnlyWhenExecuted": true,
      "updating": null,
      "withPredicate": null
    },
    {
      "id": "IDLE_50",
      "execute": "IDLE",
      "after": "1000",
      "priority": 0,
      "additionalGuards": null,
      "activationKind": null,
      "fixedVariables": {
        "Crash": "FALSE",
        "VehiclesAy": "{(EgoVehicle↦0.0),(Vehicles2↦0.0),(Vehicles3↦0.0),(Vehicles4↦0.0),(Vehicles5↦0.0)}",
        "Reward": "0.7333333333338027",
        "VehiclesAx": "{(EgoVehicle↦0.0),(Vehicles2↦0.027162283658981323),(Vehicles3↦-0.0004489719867706299),(Vehicles4↦0.023117512464523315),(Vehicles5↦-0.002894364297389984)}",
        "VehiclesVx": "{(EgoVehicle↦20.0),(Vehicles2↦-0.5749443173408508),(Vehicles3↦0.715876892209053),(Vehicles4↦-0.3653565049171448),(Vehicles5↦0.4698110744357109)}",
        "VehiclesY": "{(EgoVehicle↦8.000000238418579),(Vehicles2↦-8.000000238418579),(Vehicles3↦0.0),(Vehicles4↦-8.000000238418579),(Vehicles5↦-4.0000001192092896)}",
        "VehiclesVy": "{(EgoVehicle↦0.0),(Vehicles2↦0.0),(Vehicles3↦0.0),(Vehicles4↦0.0),(Vehicles5↦0.0)}",
        "VehiclesX": "{(EgoVehicle↦200.0),(Vehicles2↦-4.519926384091377),(Vehicles3↦28.141173720359802),(Vehicles4↦51.17133855819702),(Vehicles5↦62.889885902404785)}"
      },
      "probabilisticVariables": null,
      "activating": [
        "IDLE_51"
      ],
      "activatingOnlyWhenExecuted": true,
      "updating": null,
      "withPredicate": null
    },
    {
      "id": "IDLE_51",
      "execute": "IDLE",
      "after": "1000",
      "priority": 0,
      "additionalGuards": null,
      "activationKind": null,
      "fixedVariables": {
        "Crash": "FALSE",
        "VehiclesAy": "{(EgoVehicle↦0.0),(Vehicles2↦0.0),(Vehicles3↦0.0),(Vehicles4↦0.0),(Vehicles5↦0.0)}",
        "Reward": "0.7333333333333951",
        "VehiclesAx": "{(EgoVehicle↦0.0),(Vehicles2↦0.02636987715959549),(Vehicles3↦-0.000589713454246521),(Vehicles4↦0.022463127970695496),(Vehicles5↦-0.00266294926404953)}",
        "VehiclesVx": "{(EgoVehicle↦20.0),(Vehicles2↦-0.5485744401812553),(Vehicles3↦0.7152871787548065),(Vehicles4↦-0.3428933769464493),(Vehicles5↦0.4671481251716614)}",
        "VehiclesY": "{(EgoVehicle↦8.000000238418579),(Vehicles2↦-8.000000238418579),(Vehicles3↦0.0),(Vehicles4↦-8.000000238418579),(Vehicles5↦-4.0000001192092896)}",
        "VehiclesVy": "{(EgoVehicle↦0.0),(Vehicles2↦0.0),(Vehicles3↦0.0),(Vehicles4↦0.0),(Vehicles5↦0.0)}",
        "VehiclesX": "{(EgoVehicle↦200.0),(Vehicles2↦-5.084260925650597),(Vehicles3↦28.856825828552246),(Vehicles4↦50.81501603126526),(Vehicles5↦63.35861086845398)}"
      },
      "probabilisticVariables": null,
      "activating": [
        "IDLE_52"
      ],
      "activatingOnlyWhenExecuted": true,
      "updating": null,
      "withPredicate": null
    },
    {
      "id": "IDLE_52",
      "execute": "IDLE",
      "after": "1000",
      "priority": 0,
      "additionalGuards": null,
      "activationKind": null,
      "fixedVariables": {
        "Crash": "FALSE",
        "VehiclesAy": "{(EgoVehicle↦0.0),(Vehicles2↦0.0),(Vehicles3↦0.0),(Vehicles4↦0.0),(Vehicles5↦0.0)}",
        "Reward": "0.7333333333333415",
        "VehiclesAx": "{(EgoVehicle↦0.0),(Vehicles2↦0.025614313781261444),(Vehicles3↦-0.0007171928882598877),(Vehicles4↦0.021838322281837463),(Vehicles5↦-0.0024355947971343994)}",
        "VehiclesVx": "{(EgoVehicle↦20.0),(Vehicles2↦-0.5229601263999939),(Vehicles3↦0.7145699858665466),(Vehicles4↦-0.3210550546646118),(Vehicles5↦0.464712530374527)}",
        "VehiclesY": "{(EgoVehicle↦8.000000238418579),(Vehicles2↦-8.000000238418579),(Vehicles3↦0.0),(Vehicles4↦-8.000000238418579),(Vehicles5↦-4.0000001192092896)}",
        "VehiclesVy": "{(EgoVehicle↦0.0),(Vehicles2↦0.0),(Vehicles3↦0.0),(Vehicles4↦0.0),(Vehicles5↦0.0)}",
        "VehiclesX": "{(EgoVehicle↦200.0),(Vehicles2↦-5.6225307285785675),(Vehicles3↦29.571837186813354),(Vehicles4↦50.480908155441284),(Vehicles5↦63.824766874313354)}"
      },
      "probabilisticVariables": null,
      "activating": [
        "IDLE_53"
      ],
      "activatingOnlyWhenExecuted": true,
      "updating": null,
      "withPredicate": null
    },
    {
      "id": "IDLE_53",
      "execute": "IDLE",
      "after": "1000",
      "priority": 0,
      "additionalGuards": null,
      "activationKind": null,
      "fixedVariables": {
        "Crash": "FALSE",
        "VehiclesAy": "{(EgoVehicle↦0.0),(Vehicles2↦0.0),(Vehicles3↦0.0),(Vehicles4↦0.0),(Vehicles5↦0.0)}",
        "Reward": "0.7333333333333344",
        "VehiclesAx": "{(EgoVehicle↦0.0),(Vehicles2↦0.024893246591091156),(Vehicles3↦-0.0008321553468704224),(Vehicles4↦0.021241232752799988),(Vehicles5↦-0.0022125989198684692)}",
        "VehiclesVx": "{(EgoVehicle↦20.0),(Vehicles2↦-0.49806687980890274),(Vehicles3↦0.7137378305196762),(Vehicles4↦-0.29981382191181183),(Vehicles5↦0.4624999314546585)}",
        "VehiclesY": "{(EgoVehicle↦8.000000238418579),(Vehicles2↦-8.000000238418579),(Vehicles3↦0.0),(Vehicles4↦-8.000000238418579),(Vehicles5↦-4.0000001192092896)}",
        "VehiclesVy": "{(EgoVehicle↦0.0),(Vehicles2↦0.0),(Vehicles3↦0.0),(Vehicles4↦0.0),(Vehicles5↦0.0)}",
        "VehiclesX": "{(EgoVehicle↦200.0),(Vehicles2↦-6.135477125644684),(Vehicles3↦30.2860826253891),(Vehicles4↦50.168395042419434),(Vehicles5↦64.28857445716858)}"
      },
      "probabilisticVariables": null,
      "activating": [
        "IDLE_54"
      ],
      "activatingOnlyWhenExecuted": true,
      "updating": null,
      "withPredicate": null
    },
    {
      "id": "IDLE_54",
      "execute": "IDLE",
      "after": "1000",
      "priority": 0,
      "additionalGuards": null,
      "activationKind": null,
      "fixedVariables": {
        "Crash": "FALSE",
        "VehiclesAy": "{(EgoVehicle↦0.0),(Vehicles2↦0.0),(Vehicles3↦0.0),(Vehicles4↦0.0),(Vehicles5↦0.0)}",
        "Reward": "0.7333333333333334",
        "VehiclesAx": "{(EgoVehicle↦0.0),(Vehicles2↦0.024204440414905548),(Vehicles3↦-0.000934898853302002),(Vehicles4↦0.020670108497142792),(Vehicles5↦-0.0019941478967666626)}",
        "VehiclesVx": "{(EgoVehicle↦20.0),(Vehicles2↦-0.4738624393939972),(Vehicles3↦0.7128029316663742),(Vehicles4↦-0.27914371341466904),(Vehicles5↦0.46050578355789185)}",
        "VehiclesY": "{(EgoVehicle↦8.000000238418579),(Vehicles2↦-8.000000238418579),(Vehicles3↦0.0),(Vehicles4↦-8.000000238418579),(Vehicles5↦-4.0000001192092896)}",
        "VehiclesVy": "{(EgoVehicle↦0.0),(Vehicles2↦0.0),(Vehicles3↦0.0),(Vehicles4↦0.0),(Vehicles5↦0.0)}",
        "VehiclesX": "{(EgoVehicle↦200.0),(Vehicles2↦-6.623808294534683),(Vehicles3↦30.999451875686646),(Vehicles4↦49.87689554691315),(Vehicles5↦64.7502601146698)}"
      },
      "probabilisticVariables": null,
      "activating": [
        "IDLE_55"
      ],
      "activatingOnlyWhenExecuted": true,
      "updating": null,
      "withPredicate": null
    },
    {
      "id": "IDLE_55",
      "execute": "IDLE",
      "after": "1000",
      "priority": 0,
      "additionalGuards": null,
      "activationKind": null,
      "fixedVariables": {
        "Crash": "FALSE",
        "VehiclesAy": "{(EgoVehicle↦0.0),(Vehicles2↦0.0),(Vehicles3↦0.0),(Vehicles4↦0.0),(Vehicles5↦0.0)}",
        "Reward": "0.7333333333333334",
        "VehiclesAx": "{(EgoVehicle↦0.0),(Vehicles2↦0.02354588359594345),(Vehicles3↦-0.001026242971420288),(Vehicles4↦0.020123422145843506),(Vehicles5↦-0.0017804652452468872)}",
        "VehiclesVx": "{(EgoVehicle↦20.0),(Vehicles2↦-0.45031655579805374),(Vehicles3↦0.7117766886949539),(Vehicles4↦-0.25902029126882553),(Vehicles5↦0.45872531831264496)}",
        "VehiclesY": "{(EgoVehicle↦8.000000238418579),(Vehicles2↦-8.000000238418579),(Vehicles3↦0.0),(Vehicles4↦-8.000000238418579),(Vehicles5↦-4.0000001192092896)}",
        "VehiclesVy": "{(EgoVehicle↦0.0),(Vehicles2↦0.0),(Vehicles3↦0.0),(Vehicles4↦0.0),(Vehicles5↦0.0)}",
        "VehiclesX": "{(EgoVehicle↦200.0),(Vehicles2↦-7.088200747966766),(Vehicles3↦31.711852550506592),(Vehicles4↦49.60584342479706),(Vehicles5↦65.21003842353821)}"
      },
      "probabilisticVariables": null,
      "activating": [
        "IDLE_56"
      ],
      "activatingOnlyWhenExecuted": true,
      "updating": null,
      "withPredicate": null
    },
    {
      "id": "IDLE_56",
      "execute": "IDLE",
      "after": "1000",
      "priority": 0,
      "additionalGuards": null,
      "activationKind": null,
      "fixedVariables": {
        "Crash": "FALSE",
        "VehiclesAy": "{(EgoVehicle↦0.0),(Vehicles2↦0.0),(Vehicles3↦0.0),(Vehicles4↦0.0),(Vehicles5↦0.0)}",
        "Reward": "0.7333333333333334",
        "VehiclesAx": "{(EgoVehicle↦0.0),(Vehicles2↦0.022915713489055634),(Vehicles3↦-0.0011067092418670654),(Vehicles4↦0.01959972083568573),(Vehicles5↦-0.0015717372298240662)}",
        "VehiclesVx": "{(EgoVehicle↦20.0),(Vehicles2↦-0.4274008423089981),(Vehicles3↦0.7106699794530869),(Vehicles4↦-0.2394205704331398),(Vehicles5↦0.4571535810828209)}",
        "VehiclesY": "{(EgoVehicle↦8.000000238418579),(Vehicles2↦-8.000000238418579),(Vehicles3↦0.0),(Vehicles4↦-8.000000238418579),(Vehicles5↦-4.0000001192092896)}",
        "VehiclesVy": "{(EgoVehicle↦0.0),(Vehicles2↦0.0),(Vehicles3↦0.0),(Vehicles4↦0.0),(Vehicles5↦0.0)}",
        "VehiclesX": "{(EgoVehicle↦200.0),(Vehicles2↦-7.529301941394806),(Vehicles3↦32.423192262649536),(Vehicles4↦49.35470223426819),(Vehicles5↦65.66811800003052)}"
      },
      "probabilisticVariables": null,
      "activating": [
        "IDLE_57"
      ],
      "activatingOnlyWhenExecuted": true,
      "updating": null,
      "withPredicate": null
    },
    {
      "id": "IDLE_57",
      "execute": "IDLE",
      "after": "1000",
      "priority": 0,
      "additionalGuards": null,
      "activationKind": null,
      "fixedVariables": {
        "Crash": "FALSE",
        "VehiclesAy": "{(EgoVehicle↦0.0),(Vehicles2↦0.0),(Vehicles3↦0.0),(Vehicles4↦0.0),(Vehicles5↦0.0)}",
        "Reward": "0.7333333333333334",
        "VehiclesAx": "{(EgoVehicle↦0.0),(Vehicles2↦0.022312328219413757),(Vehicles3↦-0.0011765211820602417),(Vehicles4↦0.019097626209259033),(Vehicles5↦-0.0013680383563041687)}",
        "VehiclesVx": "{(EgoVehicle↦20.0),(Vehicles2↦-0.40508851408958435),(Vehicles3↦0.7094934582710266),(Vehicles4↦-0.22032294422388077),(Vehicles5↦0.4557855427265167)}",
        "VehiclesY": "{(EgoVehicle↦8.000000238418579),(Vehicles2↦-8.000000238418579),(Vehicles3↦0.0),(Vehicles4↦-8.000000238418579),(Vehicles5↦-4.0000001192092896)}",
        "VehiclesVy": "{(EgoVehicle↦0.0),(Vehicles2↦0.0),(Vehicles3↦0.0),(Vehicles4↦0.0),(Vehicles5↦0.0)}",
        "VehiclesX": "{(EgoVehicle↦200.0),(Vehicles2↦-7.947730273008347),(Vehicles3↦33.13339650630951),(Vehicles4↦49.12296235561371),(Vehicles5↦66.12470746040344)}"
      },
      "probabilisticVariables": null,
      "activating": [
        "IDLE_58"
      ],
      "activatingOnlyWhenExecuted": true,
      "updating": null,
      "withPredicate": null
    },
    {
      "id": "IDLE_58",
      "execute": "IDLE",
      "after": "1000",
      "priority": 0,
      "additionalGuards": null,
      "activationKind": null,
      "fixedVariables": {
        "Crash": "FALSE",
        "VehiclesAy": "{(EgoVehicle↦0.0),(Vehicles2↦0.0),(Vehicles3↦0.0),(Vehicles4↦0.0),(Vehicles5↦0.0)}",
        "Reward": "0.7333333333333334",
        "VehiclesAx": "{(EgoVehicle↦0.0),(Vehicles2↦0.02173401415348053),(Vehicles3↦-0.001236647367477417),(Vehicles4↦0.018615927547216415),(Vehicles5↦-0.001169554889202118)}",
        "VehiclesVx": "{(EgoVehicle↦20.0),(Vehicles2↦-0.3833544999361038),(Vehicles3↦0.7082568109035492),(Vehicles4↦-0.20170701667666435),(Vehicles5↦0.4546159878373146)}",
        "VehiclesY": "{(EgoVehicle↦8.000000238418579),(Vehicles2↦-8.000000238418579),(Vehicles3↦0.0),(Vehicles4↦-8.000000238418579),(Vehicles5↦-4.0000001192092896)}",
        "VehiclesVy": "{(EgoVehicle↦0.0),(Vehicles2↦0.0),(Vehicles3↦0.0),(Vehicles4↦0.0),(Vehicles5↦0.0)}",
        "VehiclesX": "{(EgoVehicle↦200.0),(Vehicles2↦-8.344080299139023),(Vehicles3↦33.84239971637726),(Vehicles4↦48.910123109817505),(Vehicles5↦66.58000946044922)}"
      },
      "probabilisticVariables": null,
      "activating": [
        "FASTER_59"
      ],
      "activatingOnlyWhenExecuted": true,
      "updating": null,
      "withPredicate": null
    },
    {
      "id": "FASTER_59",
      "execute": "FASTER",
      "after": "1000",
      "priority": 0,
      "additionalGuards": null,
      "activationKind": null,
      "fixedVariables": {
        "Crash": "FALSE",
        "VehiclesAy": "{(EgoVehicle↦0.0),(Vehicles2↦0.0),(Vehicles3↦0.0),(Vehicles4↦0.0),(Vehicles5↦0.0)}",
        "Reward": "0.8491083676268861",
        "VehiclesAx": "{(EgoVehicle↦4.341564178466797),(Vehicles2↦-3.2512395828962326),(Vehicles3↦-5.233374089002609),(Vehicles4↦-3.686217237263918),(Vehicles5↦-4.655211009085178)}",
        "VehiclesVx": "{(EgoVehicle↦24.341564178466797),(Vehicles2↦-3.6345940828323364),(Vehicles3↦-4.52511727809906),(Vehicles4↦-3.8879242539405823),(Vehicles5↦-4.200595021247864)}",
        "VehiclesY": "{(EgoVehicle↦8.000000238418579),(Vehicles2↦0.0),(Vehicles3↦-8.000000238418579),(Vehicles4↦-4.0000001192092896),(Vehicles5↦-8.000000238418579)}",
        "VehiclesVy": "{(EgoVehicle↦0.0),(Vehicles2↦0.0),(Vehicles3↦0.0),(Vehicles4↦0.0),(Vehicles5↦0.0)}",
        "VehiclesX": "{(EgoVehicle↦200.0),(Vehicles2↦32.15508460998535),(Vehicles3↦46.32064998149872),(Vehicles4↦64.63915705680847),(Vehicles5↦117.30266809463501)}"
      },
      "probabilisticVariables": null,
      "activating": [
        "SLOWER_60"
      ],
      "activatingOnlyWhenExecuted": true,
      "updating": null,
      "withPredicate": null
    },
    {
      "id": "SLOWER_60",
      "execute": "SLOWER",
      "after": "1000",
      "priority": 0,
      "additionalGuards": null,
      "activationKind": null,
      "fixedVariables": {
        "Crash": "FALSE",
        "VehiclesAy": "{(EgoVehicle↦0.0),(Vehicles2↦0.0),(Vehicles3↦0.0),(Vehicles4↦0.0),(Vehicles5↦0.0)}",
        "Reward": "0.7485794283843362",
        "VehiclesAx": "{(EgoVehicle↦-3.76983642578125),(Vehicles2↦3.7685065157711506),(Vehicles3↦3.787544369697571),(Vehicles4↦3.769046748057008),(Vehicles5↦3.7838469445705414)}",
        "VehiclesVx": "{(EgoVehicle↦20.571727752685547),(Vehicles2↦0.13391243293881416),(Vehicles3↦-0.7375729084014893),(Vehicles4↦-0.11887750588357449),(Vehicles5↦-0.4167480766773224)}",
        "VehiclesY": "{(EgoVehicle↦8.000000238418579),(Vehicles2↦0.0),(Vehicles3↦-8.000000238418579),(Vehicles4↦-4.0000001192092896),(Vehicles5↦-8.000000238418579)}",
        "VehiclesVy": "{(EgoVehicle↦0.0),(Vehicles2↦0.0),(Vehicles3↦0.0),(Vehicles4↦0.0),(Vehicles5↦0.0)}",
        "VehiclesX": "{(EgoVehicle↦200.0),(Vehicles2↦30.599623918533325),(Vehicles3↦43.88231635093689),(Vehicles4↦62.830567359924316),(Vehicles5↦115.18737077713013)}"
      },
      "probabilisticVariables": null,
      "activating": [
        "FASTER_61"
      ],
      "activatingOnlyWhenExecuted": true,
      "updating": null,
      "withPredicate": null
    },
    {
      "id": "FASTER_61",
      "execute": "FASTER",
      "after": "1000",
      "priority": 0,
      "additionalGuards": null,
      "activationKind": null,
      "fixedVariables": {
        "Crash": "FALSE",
        "VehiclesAy": "{(EgoVehicle↦0.0),(Vehicles2↦0.0),(Vehicles3↦0.0),(Vehicles4↦0.0),(Vehicles5↦0.0)}",
        "Reward": "0.8511160838475943",
        "VehiclesAx": "{(EgoVehicle↦3.8451242446899414),(Vehicles2↦-3.8464863784611225),(Vehicles3↦-3.8278424739837646),(Vehicles4↦-3.8457308057695627),(Vehicles5↦-3.8314493000507355)}",
        "VehiclesVx": "{(EgoVehicle↦24.41685199737549),(Vehicles2↦-3.7125739455223083),(Vehicles3↦-4.565415382385254),(Vehicles4↦-3.964608311653137),(Vehicles5↦-4.248197376728058)}",
        "VehiclesY": "{(EgoVehicle↦8.000000238418579),(Vehicles2↦0.0),(Vehicles3↦-8.000000238418579),(Vehicles4↦-4.0000001192092896),(Vehicles5↦-8.000000238418579)}",
        "VehiclesVy": "{(EgoVehicle↦0.0),(Vehicles2↦0.0),(Vehicles3↦0.0),(Vehicles4↦0.0),(Vehicles5↦0.0)}",
        "VehiclesX": "{(EgoVehicle↦200.0),(Vehicles2↦28.611797094345093),(Vehicles3↦41.03049337863922),(Vehicles4↦60.5902373790741),(Vehicles5↦112.65491247177124)}"
      },
      "probabilisticVariables": null,
      "activating": null,
      "activatingOnlyWhenExecuted": true,
      "updating": null,
      "withPredicate": null
    }
  ],
  "listeners": [],
  "metadata": {
    "fileType": "Timed_Trace",
    "formatVersion": 3,
    "savedAt": "2023-08-15T11:29:40.715628Z",
    "creator": "Simulation: MONTE_CARLO_SIMULATION; MAX_STEPS_BEFORE_PROPERTY : 0, EXECUTIONS : 1000, ENDING_TIME : 60000",
    "proB2KernelVersion": "4.12.2",
    "proBCliVersion": "1.12.2-final",
    "modelName": "HighwayEnvironment"
  }
}