{
  "variables": {},
  "activations": [
    {
      "id": "$setup_constants",
      "execute": "$setup_constants",
      "after": "0",
      "priority": 0,
      "additionalGuards": null,
      "activationKind": null,
      "fixedVariables": null,
      "probabilisticVariables": null,
      "activating": null,
      "activatingOnlyWhenExecuted": true,
      "updating": null,
      "withPredicate": null
    },
    {
      "id": "$initialise_machine",
      "execute": "$initialise_machine",
      "after": "0",
      "priority": 0,
      "additionalGuards": null,
      "activationKind": null,
      "fixedVariables": {
        "Crash": "FALSE",
        "VehiclesAy": "{(EgoVehicle↦0.0),(Vehicles2↦0.0),(Vehicles3↦0.0),(Vehicles4↦0.0),(Vehicles5↦0.0)}",
        "Reward": "0.0",
        "VehiclesAx": "{(EgoVehicle↦0.0),(Vehicles2↦0.0),(Vehicles3↦0.0),(Vehicles4↦0.0),(Vehicles5↦0.0)}",
        "VehiclesVx": "{(EgoVehicle↦25.0),(Vehicles2↦-1.5965570509433746),(Vehicles3↦-2.593369781970978),(Vehicles4↦-2.4254417419433594),(Vehicles5↦-2.747522294521332)}",
        "VehiclesY": "{(EgoVehicle↦0.0),(Vehicles2↦4.0000001192092896),(Vehicles3↦8.000000238418579),(Vehicles4↦4.0000001192092896),(Vehicles5↦4.0000001192092896)}",
        "VehiclesVy": "{(EgoVehicle↦0.0),(Vehicles2↦0.0),(Vehicles3↦0.0),(Vehicles4↦0.0),(Vehicles5↦0.0)}",
        "VehiclesX": "{(EgoVehicle↦152.26812362670898),(Vehicles2↦23.928828537464142),(Vehicles3↦45.234039425849915),(Vehicles4↦69.57534551620483),(Vehicles5↦92.23510026931763)}"
      },
      "probabilisticVariables": null,
      "activating": [
        "LANE_RIGHT_2"
      ],
      "activatingOnlyWhenExecuted": true,
      "updating": null,
      "withPredicate": null
    },
    {
      "id": "LANE_RIGHT_2",
      "execute": "LANE_RIGHT",
      "after": "1000",
      "priority": 0,
      "additionalGuards": null,
      "activationKind": null,
      "fixedVariables": {
        "Crash": "FALSE",
        "VehiclesAy": "{(EgoVehicle↦1.0796338319778442),(Vehicles2↦-1.0796338319778442),(Vehicles3↦-1.0796338319778442),(Vehicles4↦-1.0796338319778442),(Vehicles5↦-1.0796338319778442)}",
        "Reward": "0.8327113850086175",
        "VehiclesAx": "{(EgoVehicle↦-0.023322105407714844),(Vehicles2↦-2.946031540632248),(Vehicles3↦-1.4430785179138184),(Vehicles4↦-4.784010052680969),(Vehicles5↦-0.09419679641723633)}",
        "VehiclesVx": "{(EgoVehicle↦24.976677894592285),(Vehicles2↦-4.542588591575623),(Vehicles3↦-4.036448299884796),(Vehicles4↦-7.209451794624329),(Vehicles5↦-2.841719090938568)}",
        "VehiclesY": "{(EgoVehicle↦3.6599650382995605),(Vehicles2↦0.3400348797440529),(Vehicles3↦4.34003484249115),(Vehicles4↦0.3400348797440529),(Vehicles5↦0.3400348797440529)}",
        "VehiclesVy": "{(EgoVehicle↦1.0796338319778442),(Vehicles2↦-1.0796338319778442),(Vehicles3↦-1.0796338319778442),(Vehicles4↦-1.0796338319778442),(Vehicles5↦-1.0796338319778442)}",
        "VehiclesX": "{(EgoVehicle↦176.94836854934692),(Vehicles2↦21.408864855766296),(Vehicles3↦42.380863428115845),(Vehicles4↦65.16690850257874),(Vehicles5↦89.75668549537659)}"
      },
      "probabilisticVariables": null,
      "activating": [
        "LANE_RIGHT_3"
      ],
      "activatingOnlyWhenExecuted": true,
      "updating": null,
      "withPredicate": null
    },
    {
      "id": "LANE_RIGHT_3",
      "execute": "LANE_RIGHT",
      "after": "1000",
      "priority": 0,
      "additionalGuards": null,
      "activationKind": null,
      "fixedVariables": {
        "Crash": "FALSE",
        "VehiclesAy": "{(EgoVehicle↦0.037668049335479736),(Vehicles2↦-1.2642796337604523),(Vehicles3↦-0.037668049335479736),(Vehicles4↦-6.681138277053833),(Vehicles5↦-2.196935713291168)}",
        "Reward": "0.8660005399738949",
        "VehiclesAx": "{(EgoVehicle↦-0.0016570091247558594),(Vehicles2↦-0.854119062423706),(Vehicles3↦-1.4623138308525085),(Vehicles4↦-2.228349447250366),(Vehicles5↦-0.5699372291564941)}",
        "VehiclesVx": "{(EgoVehicle↦24.97502088546753),(Vehicles2↦-5.396707653999329),(Vehicles3↦-5.498762130737305),(Vehicles4↦-9.437801241874695),(Vehicles5↦-3.4116563200950623)}",
        "VehiclesY": "{(EgoVehicle↦7.648639440536499),(Vehicles2↦-7.225415468215942),(Vehicles3↦0.35136057436466217),(Vehicles4↦-4.658783197402954),(Vehicles5↦-3.6486393213272095)}",
        "VehiclesVy": "{(EgoVehicle↦1.117301881313324),(Vehicles2↦-2.3439134657382965),(Vehicles3↦-1.117301881313324),(Vehicles4↦-7.760772109031677),(Vehicles5↦-1.117301881313324)}",
        "VehiclesX": "{(EgoVehicle↦200.0),(Vehicles2↦16.04965031147003),(Vehicles3↦38.106223940849304),(Vehicles4↦57.683348655700684),(Vehicles5↦86.95899844169617)}"
      },
      "probabilisticVariables": null,
      "activating": [
        "FASTER_4"
      ],
      "activatingOnlyWhenExecuted": true,
      "updating": null,
      "withPredicate": null
    },
    {
      "id": "FASTER_4",
      "execute": "FASTER",
      "after": "1000",
      "priority": 0,
      "additionalGuards": null,
      "activationKind": null,
      "fixedVariables": {
        "Crash": "FALSE",
        "VehiclesAy": "{(EgoVehicle↦-1.0893604787997901),(Vehicles2↦2.231789482757449),(Vehicles3↦-5.4842111468315125),(Vehicles4↦7.000097781419754),(Vehicles5↦-1.1452432838268578)}",
        "Reward": "0.9824413461860831",
        "VehiclesAx": "{(EgoVehicle↦4.3665289878845215),(Vehicles2↦-6.0356205701828),(Vehicles3↦-6.93766713142395),(Vehicles4↦-1.6390258073806763),(Vehicles5↦-4.473964869976044)}",
        "VehiclesVx": "{(EgoVehicle↦29.34154987335205),(Vehicles2↦-11.432328224182129),(Vehicles3↦-12.436429262161255),(Vehicles4↦-11.076827049255371),(Vehicles5↦-7.885621190071106)}",
        "VehiclesY": "{(EgoVehicle↦7.99330472946167),(Vehicles2↦-7.962733268737793),(Vehicles3↦-0.920450359582901),(Vehicles4↦-7.736347675323486),(Vehicles5↦-3.9933046102523804)}",
        "VehiclesVy": "{(EgoVehicle↦0.02794140251353383),(Vehicles2↦-0.11212398298084736),(Vehicles3↦-6.601513028144836),(Vehicles4↦-0.7606743276119232),(Vehicles5↦-0.02794140251353383)}",
        "VehiclesX": "{(EgoVehicle↦200.0),(Vehicles2↦7.396196573972702),(Vehicles3↦29.526716470718384),(Vehicles4↦47.23825454711914),(Vehicles5↦81.08095526695251)}"
      },
      "probabilisticVariables": null,
      "activating": [
        "IDLE_5"
      ],
      "activatingOnlyWhenExecuted": true,
      "updating": null,
      "withPredicate": null
    },
    {
      "id": "IDLE_5",
      "execute": "IDLE",
      "after": "1000",
      "priority": 0,
      "additionalGuards": null,
      "activationKind": null,
      "fixedVariables": {
        "Crash": "FALSE",
        "VehiclesAy": "{(EgoVehicle↦-0.027845542535942513),(Vehicles2↦0.10532923275604844),(Vehicles3↦5.881070494651794),(Vehicles4↦0.7094255415722728),(Vehicles5↦-0.028037262491125148)}",
        "Reward": "0.9976877960071264",
        "VehiclesAx": "{(EgoVehicle↦0.571742057800293),(Vehicles2↦-0.8380591869354248),(Vehicles3↦0.948185920715332),(Vehicles4↦0.9063601493835449),(Vehicles5↦-10.5402272939682)}",
        "VehiclesVx": "{(EgoVehicle↦29.913291931152344),(Vehicles2↦-12.270387411117554),(Vehicles3↦-11.488243341445923),(Vehicles4↦-10.170466899871826),(Vehicles5↦-18.425848484039307)}",
        "VehiclesY": "{(EgoVehicle↦8.000002384185791),(Vehicles2↦-7.99757981300354),(Vehicles3↦-3.745404839515686),(Vehicles4↦-7.982507228851318),(Vehicles5↦-2.2135311610327335E-06)}",
        "VehiclesVy": "{(EgoVehicle↦9.585997759131715E-05),(Vehicles2↦-0.006794750224798918),(Vehicles3↦-0.720442533493042),(Vehicles4↦-0.05124878603965044),(Vehicles5↦-9.585997759131715E-05)}",
        "VehiclesX": "{(EgoVehicle↦200.0),(Vehicles2↦-4.520398750901222),(Vehicles3↦17.64911711215973),(Vehicles4↦36.48538589477539),(Vehicles5↦64.24686908721924)}"
      },
      "probabilisticVariables": null,
      "activating": [
        "IDLE_6"
      ],
      "activatingOnlyWhenExecuted": true,
      "updating": null,
      "withPredicate": null
    },
    {
      "id": "IDLE_6",
      "execute": "IDLE",
      "after": "1000",
      "priority": 0,
      "additionalGuards": null,
      "activationKind": null,
      "fixedVariables": {
        "Crash": "FALSE",
        "VehiclesAy": "{(EgoVehicle↦-0.00010207551952134963),(Vehicles2↦-0.0447102845646441),(Vehicles3↦0.7173345016781241),(Vehicles4↦0.05125500158158047),(Vehicles5↦-8.964443566128466E-05)}",
        "Reward": "0.9996955122319133",
        "VehiclesAx": "{(EgoVehicle↦0.07529020309448242),(Vehicles2↦1.2942981719970703),(Vehicles3↦2.22414493560791),(Vehicles4↦-8.150074481964111),(Vehicles5↦9.833264350891113)}",
        "VehiclesVx": "{(EgoVehicle↦29.988582134246826),(Vehicles2↦-10.976089239120483),(Vehicles3↦-9.264098405838013),(Vehicles4↦-18.320541381835938),(Vehicles5↦-8.592584133148193)}",
        "VehiclesY": "{(EgoVehicle↦8.000001668930054),(Vehicles2↦-3.981978178024292),(Vehicles3↦-7.99895453453064),(Vehicles4↦-1.8936242440759088E-06),(Vehicles5↦-4.000001907348633)}",
        "VehiclesVy": "{(EgoVehicle↦-6.2155419300324866E-06),(Vehicles2↦-0.051505034789443016),(Vehicles3↦-0.003108031814917922),(Vehicles4↦6.2155419300324866E-06),(Vehicles5↦6.2155419300324866E-06)}",
        "VehiclesX": "{(EgoVehicle↦200.0),(Vehicles2↦6.377815455198288),(Vehicles3↦26.700806617736816),(Vehicles4↦45.82000374794006),(Vehicles5↦64.30926322937012)}"
      },
      "probabilisticVariables": null,
      "activating": [
        "SLOWER_7"
      ],
      "activatingOnlyWhenExecuted": true,
      "updating": null,
      "withPredicate": null
    },
    {
      "id": "SLOWER_7",
      "execute": "SLOWER",
      "after": "1000",
      "priority": 0,
      "additionalGuards": null,
      "activationKind": null,
      "fixedVariables": {
        "Crash": "FALSE",
        "VehiclesAy": "{(EgoVehicle↦6.0409127300431464E-06),(Vehicles2↦0.04800957365659997),(Vehicles3↦0.0029352584351727273),(Vehicles4↦-6.0409127300431464E-06),(Vehicles5↦6.390171130021827E-06)}",
        "Reward": "0.8841848685518042",
        "VehiclesAx": "{(EgoVehicle↦-4.331650733947754),(Vehicles2↦4.7235167026519775),(Vehicles3↦4.941221475601196),(Vehicles4↦4.819926023483276),(Vehicles5↦4.323730766773224)}",
        "VehiclesVx": "{(EgoVehicle↦25.656931400299072),(Vehicles2↦-6.252572536468506),(Vehicles3↦-4.322876930236816),(Vehicles4↦-13.500615358352661),(Vehicles5↦-4.2688533663749695)}",
        "VehiclesY": "{(EgoVehicle↦8.000000238418579),(Vehicles2↦-3.998784899711609),(Vehicles3↦-7.999942302703857),(Vehicles4↦-5.2572847408782764E-08),(Vehicles5↦-4.0000001192092896)}",
        "VehiclesVy": "{(EgoVehicle↦-1.7462919998934012E-07),(Vehicles2↦-0.0034954611328430474),(Vehicles3↦-0.0001727733797451947),(Vehicles4↦1.7462919998934012E-07),(Vehicles5↦1.7462919998934012E-07)}",
        "VehiclesX": "{(EgoVehicle↦200.0),(Vehicles2↦-2.0400309935212135),(Vehicles3↦20.094850659370422),(Vehicles4↦30.066263675689697),(Vehicles5↦58.10282230377197)}"
      },
      "probabilisticVariables": null,
      "activating": [
        "SLOWER_8"
      ],
      "activatingOnlyWhenExecuted": true,
      "updating": null,
      "withPredicate": null
    },
    {
      "id": "SLOWER_8",
      "execute": "SLOWER",
      "after": "1000",
      "priority": 0,
      "additionalGuards": null,
      "activationKind": null,
      "fixedVariables": {
        "Crash": "FALSE",
        "VehiclesAy": "{(EgoVehicle↦1.6763683774456695E-07),(Vehicles2↦0.003266547737439396),(Vehicles3↦0.0001637139803278842),(Vehicles4↦-1.6763683774456695E-07),(Vehicles5↦1.816215622341133E-07)}",
        "Reward": "0.7531985560781526",
        "VehiclesAx": "{(EgoVehicle↦-4.911985397338867),(Vehicles2↦5.182239338755608),(Vehicles3↦5.270366296172142),(Vehicles4↦5.561977028846741),(Vehicles5↦-1.4440879225730896)}",
        "VehiclesVx": "{(EgoVehicle↦20.744946002960205),(Vehicles2↦-1.0703331977128983),(Vehicles3↦0.9474893659353256),(Vehicles4↦-7.93863832950592),(Vehicles5↦-5.712941288948059)}",
        "VehiclesY": "{(EgoVehicle↦8.000000238418579),(Vehicles2↦-3.9999207258224487),(Vehicles3↦-7.999996662139893),(Vehicles4↦-2.4188371305911005E-09),(Vehicles5↦-2.4188371305911005E-09)}",
        "VehiclesVy": "{(EgoVehicle↦-6.992362244773176E-09),(Vehicles2↦-0.00022891339540365152),(Vehicles3↦-9.059399417310487E-06),(Vehicles4↦6.992362244773176E-09),(Vehicles5↦6.992362244773176E-09)}",
        "VehiclesX": "{(EgoVehicle↦200.0),(Vehicles2↦-5.466987192630768),(Vehicles3↦18.64083558320999),(Vehicles4↦19.52720135450363),(Vehicles5↦51.742398738861084)}"
      },
      "probabilisticVariables": null,
      "activating": [
        "IDLE_9"
      ],
      "activatingOnlyWhenExecuted": true,
      "updating": null,
      "withPredicate": null
    },
    {
      "id": "IDLE_9",
      "execute": "IDLE",
      "after": "1000",
      "priority": 0,
      "additionalGuards": null,
      "activationKind": null,
      "fixedVariables": {
        "Crash": "FALSE",
        "VehiclesAy": "{(EgoVehicle↦6.5640470836569875E-09),(Vehicles2↦0.0002142928735793248),(Vehicles3↦9.059827732471604E-06),(Vehicles4↦-4.6583421564605487E-07),(Vehicles5↦7.420677405889364E-09)}",
        "Reward": "0.7359493297441736",
        "VehiclesAx": "{(EgoVehicle↦-0.6468462944030762),(Vehicles2↦0.8380448818206787),(Vehicles3↦-7.533395513892174),(Vehicles4↦9.736300855875015),(Vehicles5↦1.283445656299591)}",
        "VehiclesVx": "{(EgoVehicle↦20.09809970855713),(Vehicles2↦-0.23228831589221954),(Vehicles3↦-6.585906147956848),(Vehicles4↦1.7976625263690948),(Vehicles5↦-4.429495632648468)}",
        "VehiclesY": "{(EgoVehicle↦8.000000238418579),(Vehicles2↦-3.9999951124191284),(Vehicles3↦-1.4762990829808587E-10),(Vehicles4↦-7.999999523162842),(Vehicles5↦-1.4762990829808587E-10)}",
        "VehiclesVy": "{(EgoVehicle↦-4.283151611161884E-10),(Vehicles2↦-1.4620521824326715E-05),(Vehicles3↦4.283151611161884E-10),(Vehicles4↦-4.588418534012817E-07),(Vehicles5↦4.283151611161884E-10)}",
        "VehiclesX": "{(EgoVehicle↦200.0),(Vehicles2↦-6.098973751068115),(Vehicles3↦12.22665011882782),(Vehicles4↦20.03588229417801),(Vehicles5↦46.64807319641113)}"
      },
      "probabilisticVariables": null,
      "activating": [
        "SLOWER_10"
      ],
      "activatingOnlyWhenExecuted": true,
      "updating": null,
      "withPredicate": null
    },
    {
      "id": "SLOWER_10",
      "execute": "SLOWER",
      "after": "1000",
      "priority": 0,
      "additionalGuards": null,
      "activationKind": null,
      "fixedVariables": {
        "Crash": "FALSE",
        "VehiclesAy": "{(EgoVehicle↦4.0171421744616964E-10),(Vehicles2↦1.462054843415217E-05),(Vehicles3↦-9.174869575190314E-07),(Vehicles4↦4.360553340632123E-07),(Vehicles5↦4.5492498657040414E-10)}",
        "Reward": "0.7336778266878473",
        "VehiclesAx": "{(EgoVehicle↦-0.08518218994140625),(Vehicles2↦-5.579463765025139),(Vehicles3↦6.578810453647748),(Vehicles4↦0.19797757267951965),(Vehicles5↦0.6260970234870911)}",
        "VehiclesVx": "{(EgoVehicle↦20.012917518615723),(Vehicles2↦-5.811752080917358),(Vehicles3↦-0.007095694309100509),(Vehicles4↦1.9956400990486145),(Vehicles5↦-3.803398609161377)}",
        "VehiclesY": "{(EgoVehicle↦8.000000238418579),(Vehicles2↦-9.162004488416642E-12),(Vehicles3↦-3.999999761581421),(Vehicles4↦-8.000000238418579),(Vehicles5↦-9.162004488416642E-12)}",
        "VehiclesVy": "{(EgoVehicle↦-2.660094367001875E-11),(Vehicles2↦2.6609825454215752E-11),(Vehicles3↦-9.170586423579152E-07),(Vehicles4↦-2.278651933806941E-08),(Vehicles5↦2.6609825454215752E-11)}",
        "VehiclesX": "{(EgoVehicle↦200.0),(Vehicles2↦5.966830253601074),(Vehicles3↦-6.224999576807022),(Vehicles4↦21.93101793527603),(Vehicles5↦42.4898624420166)}"
      },
      "probabilisticVariables": null,
      "activating": [
        "LANE_LEFT_11"
      ],
      "activatingOnlyWhenExecuted": true,
      "updating": null,
      "withPredicate": null
    },
    {
      "id": "LANE_LEFT_11",
      "execute": "LANE_LEFT",
      "after": "1000",
      "priority": 0,
      "additionalGuards": null,
      "activationKind": null,
      "fixedVariables": {
        "Crash": "TRUE",
        "VehiclesAy": "{(EgoVehicle↦-2.7300789952012128),(Vehicles2↦2.730078995201204),(Vehicles3↦2.730079912286456),(Vehicles4↦2.730079018014333),(Vehicles5↦2.7300789952544235)}",
        "Reward": "0.03333333333333336",
        "VehiclesAx": "{(EgoVehicle↦-12.285476922988892),(Vehicles2↦3.9549443125724792),(Vehicles3↦4.344750106101856),(Vehicles4↦12.347111403942108),(Vehicles5↦12.730176448822021)}",
        "VehiclesVx": "{(EgoVehicle↦7.727440595626831),(Vehicles2↦-1.8568077683448792),(Vehicles3↦4.337654411792755),(Vehicles4↦14.342751502990723),(Vehicles5↦8.926777839660645)}",
        "VehiclesY": "{(EgoVehicle↦2.9153239130973816),(Vehicles2↦5.216311454772949),(Vehicles3↦1.2535420060157776),(Vehicles4↦-2.9153239130973816),(Vehicles5↦5.084676146507263)}",
        "VehiclesVy": "{(EgoVehicle↦-2.7300789952278137),(Vehicles2↦2.7300789952278137),(Vehicles3↦2.7300789952278137),(Vehicles4↦2.7300789952278137),(Vehicles5↦2.7300789952278137)}",
        "VehiclesX": "{(EgoVehicle↦200.0),(Vehicles2↦1.1400594376027584),(Vehicles3↦-5.061861127614975),(Vehicles4↦27.693986892700195),(Vehicles5↦42.611369490623474)}"
      },
      "probabilisticVariables": null,
      "activating": null,
      "activatingOnlyWhenExecuted": true,
      "updating": null,
      "withPredicate": null
    }
  ],
  "listeners": [],
  "metadata": {
    "fileType": "Timed_Trace",
    "formatVersion": 3,
    "savedAt": "2023-08-15T11:29:51.456052Z",
    "creator": "Simulation: MONTE_CARLO_SIMULATION; MAX_STEPS_BEFORE_PROPERTY : 0, EXECUTIONS : 1000, ENDING_TIME : 60000",
    "proB2KernelVersion": "4.12.2",
    "proBCliVersion": "1.12.2-final",
    "modelName": "HighwayEnvironment"
  }
}