{
  "variables": {},
  "activations": [
    {
      "id": "$setup_constants",
      "execute": "$setup_constants",
      "after": "0",
      "priority": 0,
      "additionalGuards": null,
      "activationKind": null,
      "fixedVariables": null,
      "probabilisticVariables": null,
      "activating": null,
      "activatingOnlyWhenExecuted": true,
      "updating": null,
      "withPredicate": null
    },
    {
      "id": "$initialise_machine",
      "execute": "$initialise_machine",
      "after": "0",
      "priority": 0,
      "additionalGuards": null,
      "activationKind": null,
      "fixedVariables": {
        "Crash": "FALSE",
        "VehiclesAy": "{(EgoVehicle↦0.0),(Vehicles2↦0.0),(Vehicles3↦0.0),(Vehicles4↦0.0),(Vehicles5↦0.0)}",
        "Reward": "0.0",
        "VehiclesAx": "{(EgoVehicle↦0.0),(Vehicles2↦0.0),(Vehicles3↦0.0),(Vehicles4↦0.0),(Vehicles5↦0.0)}",
        "VehiclesVx": "{(EgoVehicle↦25.0),(Vehicles2↦-1.5344429016113281),(Vehicles3↦-2.117340713739395),(Vehicles4↦-1.1626124382019043),(Vehicles5↦-1.1019270867109299)}",
        "VehiclesY": "{(EgoVehicle↦0.0),(Vehicles2↦0.0),(Vehicles3↦8.000000238418579),(Vehicles4↦4.0000001192092896),(Vehicles5↦8.000000238418579)}",
        "VehiclesVy": "{(EgoVehicle↦0.0),(Vehicles2↦0.0),(Vehicles3↦0.0),(Vehicles4↦0.0),(Vehicles5↦0.0)}",
        "VehiclesX": "{(EgoVehicle↦152.0371675491333),(Vehicles2↦24.981887638568878),(Vehicles3↦50.8603572845459),(Vehicles4↦73.72962236404419),(Vehicles5↦99.68954920768738)}"
      },
      "probabilisticVariables": null,
      "activating": [
        "LANE_RIGHT_2"
      ],
      "activatingOnlyWhenExecuted": true,
      "updating": null,
      "withPredicate": null
    },
    {
      "id": "LANE_RIGHT_2",
      "execute": "LANE_RIGHT",
      "after": "1000",
      "priority": 0,
      "additionalGuards": null,
      "activationKind": null,
      "fixedVariables": {
        "Crash": "FALSE",
        "VehiclesAy": "{(EgoVehicle↦1.0796338319778442),(Vehicles2↦-1.0796338319778442),(Vehicles3↦-1.0796338319778442),(Vehicles4↦-1.0796338319778442),(Vehicles5↦-1.0796338319778442)}",
        "Reward": "0.8327113850086175",
        "VehiclesAx": "{(EgoVehicle↦-0.023322105407714844),(Vehicles2↦-0.3998228907585144),(Vehicles3↦-2.0556066930294037),(Vehicles4↦-0.8732646703720093),(Vehicles5↦-5.185718014836311)}",
        "VehiclesVx": "{(EgoVehicle↦24.976677894592285),(Vehicles2↦-1.9342657923698425),(Vehicles3↦-4.172947406768799),(Vehicles4↦-2.0358771085739136),(Vehicles5↦-6.287645101547241)}",
        "VehiclesY": "{(EgoVehicle↦3.6599650382995605),(Vehicles2↦-3.6599650382995605),(Vehicles3↦4.34003484249115),(Vehicles4↦0.3400348797440529),(Vehicles5↦4.34003484249115)}",
        "VehiclesVy": "{(EgoVehicle↦1.0796338319778442),(Vehicles2↦-1.0796338319778442),(Vehicles3↦-1.0796338319778442),(Vehicles4↦-1.0796338319778442),(Vehicles5↦-1.0796338319778442)}",
        "VehiclesX": "{(EgoVehicle↦176.71741247177124),(Vehicles2↦23.581334948539734),(Vehicles3↦48.22016954421997),(Vehicles4↦72.51907587051392),(Vehicles5↦96.55251502990723)}"
      },
      "probabilisticVariables": null,
      "activating": [
        "LANE_RIGHT_3"
      ],
      "activatingOnlyWhenExecuted": true,
      "updating": null,
      "withPredicate": null
    },
    {
      "id": "LANE_RIGHT_3",
      "execute": "LANE_RIGHT",
      "after": "1000",
      "priority": 0,
      "additionalGuards": null,
      "activationKind": null,
      "fixedVariables": {
        "Crash": "FALSE",
        "VehiclesAy": "{(EgoVehicle↦0.037668049335479736),(Vehicles2↦-0.037668049335479736),(Vehicles3↦-0.037668049335479736),(Vehicles4↦-0.037668049335479736),(Vehicles5↦-2.196935713291168)}",
        "Reward": "0.8660005399738949",
        "VehiclesAx": "{(EgoVehicle↦-0.0016570091247558594),(Vehicles2↦-0.2663269639015198),(Vehicles3↦-1.569976806640625),(Vehicles4↦-0.6779050827026367),(Vehicles5↦-1.1076313257217407)}",
        "VehiclesVx": "{(EgoVehicle↦24.97502088546753),(Vehicles2↦-2.2005927562713623),(Vehicles3↦-5.742924213409424),(Vehicles4↦-2.7137821912765503),(Vehicles5↦-7.395276427268982)}",
        "VehiclesY": "{(EgoVehicle↦7.648639440536499),(Vehicles2↦-7.648639440536499),(Vehicles3↦0.35136057436466217),(Vehicles4↦-3.6486393213272095),(Vehicles5↦0.35136057436466217)}",
        "VehiclesVy": "{(EgoVehicle↦1.117301881313324),(Vehicles2↦-1.117301881313324),(Vehicles3↦-1.117301881313324),(Vehicles4↦-1.117301881313324),(Vehicles5↦-1.117301881313324)}",
        "VehiclesX": "{(EgoVehicle↦200.0),(Vehicles2↦21.886712312698364),(Vehicles3↦43.709808588027954),(Vehicles4↦70.54741382598877),(Vehicles5↦90.00073671340942)}"
      },
      "probabilisticVariables": null,
      "activating": [
        "FASTER_4"
      ],
      "activatingOnlyWhenExecuted": true,
      "updating": null,
      "withPredicate": null
    },
    {
      "id": "FASTER_4",
      "execute": "FASTER",
      "after": "1000",
      "priority": 0,
      "additionalGuards": null,
      "activationKind": null,
      "fixedVariables": {
        "Crash": "FALSE",
        "VehiclesAy": "{(EgoVehicle↦-1.0893604787997901),(Vehicles2↦1.0893604787997901),(Vehicles3↦1.0893604787997901),(Vehicles4↦1.0893604787997901),(Vehicles5↦-1.1452432838268578)}",
        "Reward": "0.9824413461860831",
        "VehiclesAx": "{(EgoVehicle↦4.3665289878845215),(Vehicles2↦-4.549647569656372),(Vehicles3↦-5.2315568923950195),(Vehicles4↦-4.83738899230957),(Vehicles5↦-4.271702170372009)}",
        "VehiclesVx": "{(EgoVehicle↦29.34154987335205),(Vehicles2↦-6.750240325927734),(Vehicles3↦-10.974481105804443),(Vehicles4↦-7.551171183586121),(Vehicles5↦-11.666978597640991)}",
        "VehiclesY": "{(EgoVehicle↦7.99330472946167),(Vehicles2↦-7.99330472946167),(Vehicles3↦0.006695416057482362),(Vehicles4↦-3.9933046102523804),(Vehicles5↦0.006695416057482362)}",
        "VehiclesVy": "{(EgoVehicle↦0.02794140251353383),(Vehicles2↦-0.02794140251353383),(Vehicles3↦-0.02794140251353383),(Vehicles4↦-0.02794140251353383),(Vehicles5↦-0.02794140251353383)}",
        "VehiclesX": "{(EgoVehicle↦200.0),(Vehicles2↦17.191851139068604),(Vehicles3↦35.15816032886505),(Vehicles4↦65.21568894386292),(Vehicles5↦80.1831305027008)}"
      },
      "probabilisticVariables": null,
      "activating": [
        "SLOWER_5"
      ],
      "activatingOnlyWhenExecuted": true,
      "updating": null,
      "withPredicate": null
    },
    {
      "id": "SLOWER_5",
      "execute": "SLOWER",
      "after": "1000",
      "priority": 0,
      "additionalGuards": null,
      "activationKind": null,
      "fixedVariables": {
        "Crash": "FALSE",
        "VehiclesAy": "{(EgoVehicle↦-0.027668506572808838),(Vehicles2↦0.027668506572808838),(Vehicles3↦0.027668506572808838),(Vehicles4↦0.027668506572808838),(Vehicles5↦-0.028214298454258824)}",
        "Reward": "0.8819127616788389",
        "VehiclesAx": "{(EgoVehicle↦-3.769822120666504),(Vehicles2↦3.6343497037887573),(Vehicles3↦3.3752501010894775),(Vehicles4↦3.4353208541870117),(Vehicles5↦4.18434202671051)}",
        "VehiclesVx": "{(EgoVehicle↦25.571727752685547),(Vehicles2↦-3.115890622138977),(Vehicles3↦-7.599231004714966),(Vehicles4↦-4.115850329399109),(Vehicles5↦-7.482636570930481)}",
        "VehiclesY": "{(EgoVehicle↦7.999927997589111),(Vehicles2↦-7.999927997589111),(Vehicles3↦7.165260103647597E-05),(Vehicles4↦-3.9999282360076904),(Vehicles5↦7.165260103647597E-05)}",
        "VehiclesVy": "{(EgoVehicle↦0.0002728959407249931),(Vehicles2↦-0.0002728959407249931),(Vehicles3↦-0.0002728959407249931),(Vehicles4↦-0.0002728959407249931),(Vehicles5↦-0.0002728959407249931)}",
        "VehiclesX": "{(EgoVehicle↦200.0),(Vehicles2↦12.464261800050735),(Vehicles3↦26.075994968414307),(Vehicles4↦59.60184335708618),(Vehicles5↦70.7499623298645)}"
      },
      "probabilisticVariables": null,
      "activating": [
        "SLOWER_6"
      ],
      "activatingOnlyWhenExecuted": true,
      "updating": null,
      "withPredicate": null
    },
    {
      "id": "SLOWER_6",
      "execute": "SLOWER",
      "after": "1000",
      "priority": 0,
      "additionalGuards": null,
      "activationKind": null,
      "fixedVariables": {
        "Crash": "FALSE",
        "VehiclesAy": "{(EgoVehicle↦-0.0002651913638374026),(Vehicles2↦0.0002651913638374026),(Vehicles3↦0.0002651913638374026),(Vehicles4↦0.0002651913638374026),(Vehicles5↦-0.00028060051761258364)}",
        "Reward": "0.7528993485937838",
        "VehiclesAx": "{(EgoVehicle↦-4.838001728057861),(Vehicles2↦4.729413390159607),(Vehicles3↦4.737354815006256),(Vehicles4↦4.588645771145821),(Vehicles5↦5.317167192697525)}",
        "VehiclesVx": "{(EgoVehicle↦20.733726024627686),(Vehicles2↦1.6135227680206299),(Vehicles3↦-2.8618761897087097),(Vehicles4↦0.47279544174671173),(Vehicles5↦-2.165469378232956)}",
        "VehiclesY": "{(EgoVehicle↦7.99999737739563),(Vehicles2↦-7.99999737739563),(Vehicles3↦2.6488432354199176E-06),(Vehicles4↦-3.9999972581863403),(Vehicles5↦2.6488432354199176E-06)}",
        "VehiclesVy": "{(EgoVehicle↦7.70457688759052E-06),(Vehicles2↦-7.70457688759052E-06),(Vehicles3↦-7.70457688759052E-06),(Vehicles4↦-7.70457688759052E-06),(Vehicles5↦-7.70457688759052E-06)}",
        "VehiclesX": "{(EgoVehicle↦200.0),(Vehicles2↦11.972282081842422),(Vehicles3↦21.087296307086945),(Vehicles4↦58.04987549781799),(Vehicles5↦66.1277711391449)}"
      },
      "probabilisticVariables": null,
      "activating": [
        "LANE_RIGHT_7"
      ],
      "activatingOnlyWhenExecuted": true,
      "updating": null,
      "withPredicate": null
    },
    {
      "id": "LANE_RIGHT_7",
      "execute": "LANE_RIGHT",
      "after": "1000",
      "priority": 0,
      "additionalGuards": null,
      "activationKind": null,
      "fixedVariables": {
        "Crash": "FALSE",
        "VehiclesAy": "{(EgoVehicle↦-7.237250834180031E-06),(Vehicles2↦7.237250834180031E-06),(Vehicles3↦7.237250834180031E-06),(Vehicles4↦7.237250834180031E-06),(Vehicles5↦-8.171902941001008E-06)}",
        "Reward": "0.7359099279355376",
        "VehiclesAx": "{(EgoVehicle↦-0.6371045112609863),(Vehicles2↦0.5434709787368774),(Vehicles3↦0.7131054997444153),(Vehicles4↦0.44088155031204224),(Vehicles5↦1.088089495897293)}",
        "VehiclesVx": "{(EgoVehicle↦20.0966215133667),(Vehicles2↦2.1569937467575073),(Vehicles3↦-2.1487706899642944),(Vehicles4↦0.913676992058754),(Vehicles5↦-1.0773798823356628)}",
        "VehiclesY": "{(EgoVehicle↦7.999999523162842),(Vehicles2↦-7.999999523162842),(Vehicles3↦1.6106209699273677E-07),(Vehicles4↦-3.999999761581421),(Vehicles5↦1.6106209699273677E-07)}",
        "VehiclesVy": "{(EgoVehicle↦4.673260534104884E-07),(Vehicles2↦-4.673260534104884E-07),(Vehicles3↦-4.673260534104884E-07),(Vehicles4↦-4.673260534104884E-07),(Vehicles5↦-4.673260534104884E-07)}",
        "VehiclesX": "{(EgoVehicle↦200.0),(Vehicles2↦13.898952305316925),(Vehicles3↦18.59676092863083),(Vehicles4↦58.79231095314026),(Vehicles5↦64.49822783470154)}"
      },
      "probabilisticVariables": null,
      "activating": [
        "LANE_RIGHT_8"
      ],
      "activatingOnlyWhenExecuted": true,
      "updating": null,
      "withPredicate": null
    },
    {
      "id": "LANE_RIGHT_8",
      "execute": "LANE_RIGHT",
      "after": "1000",
      "priority": 0,
      "additionalGuards": null,
      "activationKind": null,
      "fixedVariables": {
        "Crash": "FALSE",
        "VehiclesAy": "{(EgoVehicle↦-4.3829246010318457E-07),(Vehicles2↦4.3829245122140037E-07),(Vehicles3↦4.3829245122140037E-07),(Vehicles4↦4.3829245122140037E-07),(Vehicles5↦-4.963596555995764E-07)}",
        "Reward": "0.7336726379723068",
        "VehiclesAx": "{(EgoVehicle↦-0.08389711380004883),(Vehicles2↦-0.0017371773719787598),(Vehicles3↦0.25794923305511475),(Vehicles4↦-0.07852725684642792),(Vehicles5↦0.47527436167001724)}",
        "VehiclesVx": "{(EgoVehicle↦20.01272439956665),(Vehicles2↦2.1552565693855286),(Vehicles3↦-1.8908214569091797),(Vehicles4↦0.835149735212326),(Vehicles5↦-0.6021055206656456)}",
        "VehiclesY": "{(EgoVehicle↦8.000000238418579),(Vehicles2↦-8.000000238418579),(Vehicles3↦9.997680017193034E-09),(Vehicles4↦-4.0000001192092896),(Vehicles5↦9.997680017193034E-09)}",
        "VehiclesVy": "{(EgoVehicle↦2.9033593307303818E-08),(Vehicles2↦-2.9033602189088015E-08),(Vehicles3↦-2.9033602189088015E-08),(Vehicles4↦-2.9033602189088015E-08),(Vehicles5↦-2.9033602189088015E-08)}",
        "VehiclesX": "{(EgoVehicle↦200.0),(Vehicles2↦16.06753021478653),(Vehicles3↦16.55845195055008),(Vehicles4↦59.68514680862427),(Vehicles5↦63.628894090652466)}"
      },
      "probabilisticVariables": null,
      "activating": [
        "LANE_RIGHT_9"
      ],
      "activatingOnlyWhenExecuted": true,
      "updating": null,
      "withPredicate": null
    },
    {
      "id": "LANE_RIGHT_9",
      "execute": "LANE_RIGHT",
      "after": "1000",
      "priority": 0,
      "additionalGuards": null,
      "activationKind": null,
      "fixedVariables": {
        "Crash": "FALSE",
        "VehiclesAy": "{(EgoVehicle↦-2.722746472727522E-08),(Vehicles2↦2.7227473609059416E-08),(Vehicles3↦2.7227473609059416E-08),(Vehicles4↦2.7227473609059416E-08),(Vehicles5↦-3.0839730769116613E-08)}",
        "Reward": "0.7333780154257085",
        "VehiclesAx": "{(EgoVehicle↦-0.011048316955566406),(Vehicles2↦-3.8146865367889404),(Vehicles3↦3.9754003286361694),(Vehicles4↦-0.1289660483598709),(Vehicles5↦0.337796863168478)}",
        "VehiclesVx": "{(EgoVehicle↦20.001676082611084),(Vehicles2↦-1.6594299674034119),(Vehicles3↦2.0845788717269897),(Vehicles4↦0.7061836868524551),(Vehicles5↦-0.2643086574971676)}",
        "VehiclesY": "{(EgoVehicle↦8.000000238418579),(Vehicles2↦6.218625614451412E-10),(Vehicles3↦-8.000000238418579),(Vehicles4↦-4.0000001192092896),(Vehicles5↦6.218625614451412E-10)}",
        "VehiclesVy": "{(EgoVehicle↦1.8061285800285987E-09),(Vehicles2↦-1.8061285800285987E-09),(Vehicles3↦-1.8061285800285987E-09),(Vehicles4↦-1.8061285800285987E-09),(Vehicles5↦-1.8061285800285987E-09)}",
        "VehiclesX": "{(EgoVehicle↦200.0),(Vehicles2↦14.759695529937744),(Vehicles3↦18.195992708206177),(Vehicles4↦60.46890616416931),(Vehicles5↦63.16860318183899)}"
      },
      "probabilisticVariables": null,
      "activating": [
        "LANE_RIGHT_10"
      ],
      "activatingOnlyWhenExecuted": true,
      "updating": null,
      "withPredicate": null
    },
    {
      "id": "LANE_RIGHT_10",
      "execute": "LANE_RIGHT",
      "after": "1000",
      "priority": 0,
      "additionalGuards": null,
      "activationKind": null,
      "fixedVariables": {
        "Crash": "FALSE",
        "VehiclesAy": "{(EgoVehicle↦-1.6937562463681388E-09),(Vehicles2↦1.6937473645839418E-09),(Vehicles3↦1.6937473645839418E-09),(Vehicles4↦1.6937473645839418E-09),(Vehicles5↦-1.9185097954732555E-09)}",
        "Reward": "0.7333392173948807",
        "VehiclesAx": "{(EgoVehicle↦-0.0014543533325195312),(Vehicles2↦0.23559868335723877),(Vehicles3↦-0.07875040173530579),(Vehicles4↦-0.12263670563697815),(Vehicles5↦0.2694858080940321)}",
        "VehiclesVx": "{(EgoVehicle↦20.000221729278564),(Vehicles2↦-1.423831284046173),(Vehicles3↦2.005828469991684),(Vehicles4↦0.583546981215477),(Vehicles5↦0.0051771505968645215)}",
        "VehiclesY": "{(EgoVehicle↦8.000000238418579),(Vehicles2↦3.8691716497396555E-11),(Vehicles3↦-8.000000238418579),(Vehicles4↦-4.0000001192092896),(Vehicles5↦3.8691716497396555E-11)}",
        "VehiclesVy": "{(EgoVehicle↦1.1237233366045984E-10),(Vehicles2↦-1.1238121544465685E-10),(Vehicles3↦-1.1238121544465685E-10),(Vehicles4↦-1.1238121544465685E-10),(Vehicles5↦-1.1238121544465685E-10)}",
        "VehiclesX": "{(EgoVehicle↦200.0),(Vehicles2↦13.19454163312912),(Vehicles3↦20.24923712015152),(Vehicles4↦61.12515330314636),(Vehicles5↦63.01664710044861)}"
      },
      "probabilisticVariables": null,
      "activating": [
        "LANE_RIGHT_11"
      ],
      "activatingOnlyWhenExecuted": true,
      "updating": null,
      "withPredicate": null
    },
    {
      "id": "LANE_RIGHT_11",
      "execute": "LANE_RIGHT",
      "after": "1000",
      "priority": 0,
      "additionalGuards": null,
      "activationKind": null,
      "fixedVariables": {
        "Crash": "FALSE",
        "VehiclesAy": "{(EgoVehicle↦-1.0537348771322286E-10),(Vehicles2↦1.0539125128161686E-10),(Vehicles3↦1.0539125128161686E-10),(Vehicles4↦1.0539125128161686E-10),(Vehicles5↦-1.1937117960769683E-10)}",
        "Reward": "0.733334108189175",
        "VehiclesAx": "{(EgoVehicle↦-0.00019311904907226562),(Vehicles2↦0.22921450436115265),(Vehicles3↦-0.07985755801200867),(Vehicles4↦-0.11152248829603195),(Vehicles5↦0.21892267919611186)}",
        "VehiclesVx": "{(EgoVehicle↦20.000028610229492),(Vehicles2↦-1.1946167796850204),(Vehicles3↦1.9259709119796753),(Vehicles4↦0.47202449291944504),(Vehicles5↦0.22409982979297638)}",
        "VehiclesY": "{(EgoVehicle↦8.000000238418579),(Vehicles2↦2.4087398742267396E-12),(Vehicles3↦-8.000000238418579),(Vehicles4↦-4.0000001192092896),(Vehicles5↦2.4087398742267396E-12)}",
        "VehiclesVy": "{(EgoVehicle↦6.998845947236987E-12),(Vehicles2↦-6.9899641630399856E-12),(Vehicles3↦-6.9899641630399856E-12),(Vehicles4↦-6.9899641630399856E-12),(Vehicles5↦-6.9899641630399856E-12)}",
        "VehiclesX": "{(EgoVehicle↦200.0),(Vehicles2↦11.863333731889725),(Vehicles3↦22.223174571990967),(Vehicles4↦61.663222312927246),(Vehicles5↦63.11297416687012)}"
      },
      "probabilisticVariables": null,
      "activating": [
        "LANE_RIGHT_12"
      ],
      "activatingOnlyWhenExecuted": true,
      "updating": null,
      "withPredicate": null
    },
    {
      "id": "LANE_RIGHT_12",
      "execute": "LANE_RIGHT",
      "after": "1000",
      "priority": 0,
      "additionalGuards": null,
      "activationKind": null,
      "fixedVariables": {
        "Crash": "FALSE",
        "VehiclesAy": "{(EgoVehicle↦-6.554756737386924E-12),(Vehicles2↦6.545874953189923E-12),(Vehicles3↦6.545874953189923E-12),(Vehicles4↦6.545874953189923E-12),(Vehicles5↦-7.434053372890048E-12)}",
        "Reward": "0.7333334353719626",
        "VehiclesAx": "{(EgoVehicle↦-2.384185791015625E-05),(Vehicles2↦0.21411500871181488),(Vehicles3↦-0.08060038089752197),(Vehicles4↦-0.10115135461091995),(Vehicles5↦0.17897360026836395)}",
        "VehiclesVx": "{(EgoVehicle↦20.000004768371582),(Vehicles2↦-0.9805017709732056),(Vehicles3↦1.8453705310821533),(Vehicles4↦0.3708731383085251),(Vehicles5↦0.40307343006134033)}",
        "VehiclesY": "{(EgoVehicle↦8.000000238418579),(Vehicles2↦1.4921397450962104E-13),(Vehicles3↦-8.000000238418579),(Vehicles4↦-4.0000001192092896),(Vehicles5↦1.4921397450962104E-13)}",
        "VehiclesVy": "{(EgoVehicle↦4.440892098500626E-13),(Vehicles2↦-4.440892098500626E-13),(Vehicles3↦-4.440892098500626E-13),(Vehicles4↦-4.440892098500626E-13),(Vehicles5↦-4.440892098500626E-13)}",
        "VehiclesX": "{(EgoVehicle↦200.0),(Vehicles2↦10.755788534879684),(Vehicles3↦24.1169735789299),(Vehicles4↦62.09399700164795),(Vehicles5↦63.411498069763184)}"
      },
      "probabilisticVariables": null,
      "activating": [
        "LANE_RIGHT_13"
      ],
      "activatingOnlyWhenExecuted": true,
      "updating": null,
      "withPredicate": null
    },
    {
      "id": "LANE_RIGHT_13",
      "execute": "LANE_RIGHT",
      "after": "1000",
      "priority": 0,
      "additionalGuards": null,
      "activationKind": null,
      "fixedVariables": {
        "Crash": "FALSE",
        "VehiclesAy": "{(EgoVehicle↦-4.085620730620576E-13),(Vehicles2↦4.1744385725905886E-13),(Vehicles3↦4.1744385725905886E-13),(Vehicles4↦4.1744385725905886E-13),(Vehicles5↦-4.707345624410664E-13)}",
        "Reward": "0.7333333467705191",
        "VehiclesAx": "{(EgoVehicle↦-4.76837158203125E-06),(Vehicles2↦0.19508346915245056),(Vehicles3↦-0.08153140544891357),(Vehicles4↦-0.09154275059700012),(Vehicles5↦0.1474432647228241)}",
        "VehiclesVx": "{(EgoVehicle↦20.0),(Vehicles2↦-0.785418301820755),(Vehicles3↦1.7638391256332397),(Vehicles4↦0.27933038771152496),(Vehicles5↦0.5505166947841644)}",
        "VehiclesY": "{(EgoVehicle↦8.000000238418579),(Vehicles2↦1.0658141036401503E-14),(Vehicles3↦-8.000000238418579),(Vehicles4↦-4.0000001192092896),(Vehicles5↦1.0658141036401503E-14)}",
        "VehiclesVy": "{(EgoVehicle↦3.552713678800501E-14),(Vehicles2↦-2.6645352591003757E-14),(Vehicles3↦-2.6645352591003757E-14),(Vehicles4↦-2.6645352591003757E-14),(Vehicles5↦-2.6645352591003757E-14)}",
        "VehiclesX": "{(EgoVehicle↦200.0),(Vehicles2↦9.854906797409058),(Vehicles3↦25.929811596870422),(Vehicles4↦62.42750287055969),(Vehicles5↦63.875776529312134)}"
      },
      "probabilisticVariables": null,
      "activating": [
        "LANE_RIGHT_14"
      ],
      "activatingOnlyWhenExecuted": true,
      "updating": null,
      "withPredicate": null
    },
    {
      "id": "LANE_RIGHT_14",
      "execute": "LANE_RIGHT",
      "after": "1000",
      "priority": 0,
      "additionalGuards": null,
      "activationKind": null,
      "fixedVariables": {
        "Crash": "FALSE",
        "VehiclesAy": "{(EgoVehicle↦-3.552713678800501E-14),(Vehicles2↦2.6645352591003757E-14),(Vehicles3↦2.6645352591003757E-14),(Vehicles4↦2.6645352591003757E-14),(Vehicles5↦-2.6645352591003757E-14)}",
        "Reward": "0.7333333351028393",
        "VehiclesAx": "{(EgoVehicle↦0.0),(Vehicles2↦0.1753353327512741),(Vehicles3↦-0.0825124979019165),(Vehicles4↦-0.08235882967710495),(Vehicles5↦0.12263037264347076)}",
        "VehiclesVx": "{(EgoVehicle↦20.0),(Vehicles2↦-0.6100829690694809),(Vehicles3↦1.6813266277313232),(Vehicles4↦0.19697155803442),(Vehicles5↦0.6731470674276352)}",
        "VehiclesY": "{(EgoVehicle↦8.000000238418579),(Vehicles2↦0.0),(Vehicles3↦-8.000000238418579),(Vehicles4↦-4.0000001192092896),(Vehicles5↦0.0)}",
        "VehiclesVy": "{(EgoVehicle↦0.0),(Vehicles2↦0.0),(Vehicles3↦0.0),(Vehicles4↦0.0),(Vehicles5↦0.0)}",
        "VehiclesX": "{(EgoVehicle↦200.0),(Vehicles2↦9.14117842912674),(Vehicles3↦27.66072154045105),(Vehicles4↦62.67316937446594),(Vehicles5↦64.47710394859314)}"
      },
      "probabilisticVariables": null,
      "activating": [
        "LANE_RIGHT_15"
      ],
      "activatingOnlyWhenExecuted": true,
      "updating": null,
      "withPredicate": null
    },
    {
      "id": "LANE_RIGHT_15",
      "execute": "LANE_RIGHT",
      "after": "1000",
      "priority": 0,
      "additionalGuards": null,
      "activationKind": null,
      "fixedVariables": {
        "Crash": "FALSE",
        "VehiclesAy": "{(EgoVehicle↦0.0),(Vehicles2↦0.0),(Vehicles3↦0.0),(Vehicles4↦0.0),(Vehicles5↦0.0)}",
        "Reward": "0.7333333335663547",
        "VehiclesAx": "{(EgoVehicle↦0.0),(Vehicles2↦0.15660982578992844),(Vehicles3↦-0.08337944746017456),(Vehicles4↦-0.07342830300331116),(Vehicles5↦0.10304614901542664)}",
        "VehiclesVx": "{(EgoVehicle↦20.0),(Vehicles2↦-0.45347314327955246),(Vehicles3↦1.5979471802711487),(Vehicles4↦0.12354325503110886),(Vehicles5↦0.7761932164430618)}",
        "VehiclesY": "{(EgoVehicle↦8.000000238418579),(Vehicles2↦0.0),(Vehicles3↦-8.000000238418579),(Vehicles4↦-4.0000001192092896),(Vehicles5↦0.0)}",
        "VehiclesVy": "{(EgoVehicle↦0.0),(Vehicles2↦0.0),(Vehicles3↦0.0),(Vehicles4↦0.0),(Vehicles5↦0.0)}",
        "VehiclesX": "{(EgoVehicle↦200.0),(Vehicles2↦8.595171570777893),(Vehicles3↦29.308757185935974),(Vehicles4↦62.840062379837036),(Vehicles5↦65.19286036491394)}"
      },
      "probabilisticVariables": null,
      "activating": [
        "LANE_RIGHT_16"
      ],
      "activatingOnlyWhenExecuted": true,
      "updating": null,
      "withPredicate": null
    },
    {
      "id": "LANE_RIGHT_16",
      "execute": "LANE_RIGHT",
      "after": "1000",
      "priority": 0,
      "additionalGuards": null,
      "activationKind": null,
      "fixedVariables": {
        "Crash": "FALSE",
        "VehiclesAy": "{(EgoVehicle↦0.0),(Vehicles2↦0.0),(Vehicles3↦0.0),(Vehicles4↦0.0),(Vehicles5↦0.0)}",
        "Reward": "0.7333333333640192",
        "VehiclesAx": "{(EgoVehicle↦0.0),(Vehicles2↦0.13968400657176971),(Vehicles3↦-0.08400455117225647),(Vehicles4↦-0.06471819244325161),(Vehicles5↦0.08746683597564697)}",
        "VehiclesVx": "{(EgoVehicle↦20.0),(Vehicles2↦-0.31378913670778275),(Vehicles3↦1.5139426290988922),(Vehicles4↦0.058825062587857246),(Vehicles5↦0.8636600524187088)}",
        "VehiclesY": "{(EgoVehicle↦8.000000238418579),(Vehicles2↦0.0),(Vehicles3↦-8.000000238418579),(Vehicles4↦-4.0000001192092896),(Vehicles5↦0.0)}",
        "VehiclesVy": "{(EgoVehicle↦0.0),(Vehicles2↦0.0),(Vehicles3↦0.0),(Vehicles4↦0.0),(Vehicles5↦0.0)}",
        "VehiclesX": "{(EgoVehicle↦200.0),(Vehicles2↦8.198846131563187),(Vehicles3↦30.873140692710876),(Vehicles4↦62.93702721595764),(Vehicles5↦66.00515246391296)}"
      },
      "probabilisticVariables": null,
      "activating": [
        "LANE_RIGHT_17"
      ],
      "activatingOnlyWhenExecuted": true,
      "updating": null,
      "withPredicate": null
    },
    {
      "id": "LANE_RIGHT_17",
      "execute": "LANE_RIGHT",
      "after": "1000",
      "priority": 0,
      "additionalGuards": null,
      "activationKind": null,
      "fixedVariables": {
        "Crash": "FALSE",
        "VehiclesAy": "{(EgoVehicle↦0.0),(Vehicles2↦0.0),(Vehicles3↦0.0),(Vehicles4↦0.0),(Vehicles5↦0.0)}",
        "Reward": "0.7333333333373743",
        "VehiclesAx": "{(EgoVehicle↦0.0),(Vehicles2↦0.12477975338697433),(Vehicles3↦-0.0842924416065216),(Vehicles4↦-0.05627005099086091),(Vehicles5↦0.07493704557418823)}",
        "VehiclesVx": "{(EgoVehicle↦20.0),(Vehicles2↦-0.1890093833208084),(Vehicles3↦1.4296501874923706),(Vehicles4↦0.002555011596996337),(Vehicles5↦0.938597097992897)}",
        "VehiclesY": "{(EgoVehicle↦8.000000238418579),(Vehicles2↦0.0),(Vehicles3↦-8.000000238418579),(Vehicles4↦-4.0000001192092896),(Vehicles5↦0.0)}",
        "VehiclesVy": "{(EgoVehicle↦0.0),(Vehicles2↦0.0),(Vehicles3↦0.0),(Vehicles4↦0.0),(Vehicles5↦0.0)}",
        "VehiclesX": "{(EgoVehicle↦200.0),(Vehicles2↦7.9360805451869965),(Vehicles3↦32.35337436199188),(Vehicles4↦62.97268271446228),(Vehicles5↦66.89968705177307)}"
      },
      "probabilisticVariables": null,
      "activating": [
        "LANE_RIGHT_18"
      ],
      "activatingOnlyWhenExecuted": true,
      "updating": null,
      "withPredicate": null
    },
    {
      "id": "LANE_RIGHT_18",
      "execute": "LANE_RIGHT",
      "after": "1000",
      "priority": 0,
      "additionalGuards": null,
      "activationKind": null,
      "fixedVariables": {
        "Crash": "FALSE",
        "VehiclesAy": "{(EgoVehicle↦0.0),(Vehicles2↦0.0),(Vehicles3↦0.0),(Vehicles4↦0.0),(Vehicles5↦0.0)}",
        "Reward": "0.7333333333338654",
        "VehiclesAx": "{(EgoVehicle↦0.0),(Vehicles2↦0.1118309423327446),(Vehicles3↦-0.08417129516601562),(Vehicles4↦-0.048155819822568446),(Vehicles5↦0.06473265588283539)}",
        "VehiclesVx": "{(EgoVehicle↦20.0),(Vehicles2↦-0.07717844098806381),(Vehicles3↦1.345478892326355),(Vehicles4↦-0.04560080822557211),(Vehicles5↦1.0033297538757324)}",
        "VehiclesY": "{(EgoVehicle↦8.000000238418579),(Vehicles2↦0.0),(Vehicles3↦-8.000000238418579),(Vehicles4↦-4.0000001192092896),(Vehicles5↦0.0)}",
        "VehiclesVy": "{(EgoVehicle↦0.0),(Vehicles2↦0.0),(Vehicles3↦0.0),(Vehicles4↦0.0),(Vehicles5↦0.0)}",
        "VehiclesX": "{(EgoVehicle↦200.0),(Vehicles2↦7.792765647172928),(Vehicles3↦33.749327063560486),(Vehicles4↦62.95534372329712),(Vehicles5↦67.86491274833679)}"
      },
      "probabilisticVariables": null,
      "activating": [
        "LANE_RIGHT_19"
      ],
      "activatingOnlyWhenExecuted": true,
      "updating": null,
      "withPredicate": null
    },
    {
      "id": "LANE_RIGHT_19",
      "execute": "LANE_RIGHT",
      "after": "1000",
      "priority": 0,
      "additionalGuards": null,
      "activationKind": null,
      "fixedVariables": {
        "Crash": "FALSE",
        "VehiclesAy": "{(EgoVehicle↦0.0),(Vehicles2↦0.0),(Vehicles3↦0.0),(Vehicles4↦0.0),(Vehicles5↦0.0)}",
        "Reward": "0.7333333333334034",
        "VehiclesAx": "{(EgoVehicle↦0.0),(Vehicles2↦0.10064281057566404),(Vehicles3↦-0.08358895778656006),(Vehicles4↦-0.04045143257826567),(Vehicles5↦0.056313201785087585)}",
        "VehiclesVx": "{(EgoVehicle↦20.0),(Vehicles2↦0.02346436958760023),(Vehicles3↦1.261889934539795),(Vehicles4↦-0.08605224080383778),(Vehicles5↦1.05964295566082)}",
        "VehiclesY": "{(EgoVehicle↦8.000000238418579),(Vehicles2↦0.0),(Vehicles3↦-8.000000238418579),(Vehicles4↦-4.0000001192092896),(Vehicles5↦0.0)}",
        "VehiclesVy": "{(EgoVehicle↦0.0),(Vehicles2↦0.0),(Vehicles3↦0.0),(Vehicles4↦0.0),(Vehicles5↦0.0)}",
        "VehiclesX": "{(EgoVehicle↦200.0),(Vehicles2↦7.756675034761429),(Vehicles3↦35.06130576133728),(Vehicles4↦62.892961502075195),(Vehicles5↦68.89138221740723)}"
      },
      "probabilisticVariables": null,
      "activating": [
        "LANE_LEFT_20"
      ],
      "activatingOnlyWhenExecuted": true,
      "updating": null,
      "withPredicate": null
    },
    {
      "id": "LANE_LEFT_20",
      "execute": "LANE_LEFT",
      "after": "1000",
      "priority": 0,
      "additionalGuards": null,
      "activationKind": null,
      "fixedVariables": {
        "Crash": "FALSE",
        "VehiclesAy": "{(EgoVehicle↦-1.1458635330200195),(Vehicles2↦1.1458635330200195),(Vehicles3↦1.1458635330200195),(Vehicles4↦1.1458635330200195),(Vehicles5↦1.1458635330200195)}",
        "Reward": "0.7000000000000001",
        "VehiclesAx": "{(EgoVehicle↦-0.0328516960144043),(Vehicles2↦0.12383230496197939),(Vehicles3↦-0.049658045172691345),(Vehicles4↦-0.0003704056143760681),(Vehicles5↦0.08212998509407043)}",
        "VehiclesVx": "{(EgoVehicle↦19.967148303985596),(Vehicles2↦0.14729667454957962),(Vehicles3↦1.2122318893671036),(Vehicles4↦-0.08642264641821384),(Vehicles5↦1.1417729407548904)}",
        "VehiclesY": "{(EgoVehicle↦4.396300435066223),(Vehicles2↦3.6036994457244873),(Vehicles3↦-4.396300435066223),(Vehicles4↦-0.39630044996738434),(Vehicles5↦3.6036994457244873)}",
        "VehiclesVy": "{(EgoVehicle↦-1.1458635330200195),(Vehicles2↦1.1458635330200195),(Vehicles3↦1.1458635330200195),(Vehicles4↦1.1458635330200195),(Vehicles5↦1.1458635330200195)}",
        "VehiclesX": "{(EgoVehicle↦200.0),(Vehicles2↦8.203842490911484),(Vehicles3↦36.67667806148529),(Vehicles4↦63.17965388298035),(Vehicles5↦70.35784721374512)}"
      },
      "probabilisticVariables": null,
      "activating": [
        "FASTER_21"
      ],
      "activatingOnlyWhenExecuted": true,
      "updating": null,
      "withPredicate": null
    },
    {
      "id": "FASTER_21",
      "execute": "FASTER",
      "after": "1000",
      "priority": 0,
      "additionalGuards": null,
      "activationKind": null,
      "fixedVariables": {
        "Crash": "FALSE",
        "VehiclesAy": "{(EgoVehicle↦1.0893553588539362),(Vehicles2↦-1.0893553588539362),(Vehicles3↦-1.0893553588539362),(Vehicles4↦-1.0893553588539362),(Vehicles5↦1.2023717071861029)}",
        "Reward": "0.8157732851985905",
        "VehiclesAx": "{(EgoVehicle↦4.374349117279053),(Vehicles2↦-4.291737861931324),(Vehicles3↦-4.455267563462257),(Vehicles4↦-4.40086773596704),(Vehicles5↦-4.331021681427956)}",
        "VehiclesVx": "{(EgoVehicle↦24.34149742126465),(Vehicles2↦-4.144441187381744),(Vehicles3↦-3.243035674095154),(Vehicles4↦-4.487290382385254),(Vehicles5↦-3.189248740673065)}",
        "VehiclesY": "{(EgoVehicle↦4.017063617706299),(Vehicles2↦3.9829366207122803),(Vehicles3↦-4.017063617706299),(Vehicles4↦-0.017063469160348177),(Vehicles5↦3.9829366207122803)}",
        "VehiclesVy": "{(EgoVehicle↦-0.056508174166083336),(Vehicles2↦0.056508174166083336),(Vehicles3↦0.056508174166083336),(Vehicles4↦0.056508174166083336),(Vehicles5↦0.056508174166083336)}",
        "VehiclesX": "{(EgoVehicle↦200.0),(Vehicles2↦5.9622108936309814),(Vehicles3↦35.433799028396606),(Vehicles4↦60.65951585769653),(Vehicles5↦69.09478902816772)}"
      },
      "probabilisticVariables": null,
      "activating": [
        "LANE_LEFT_22"
      ],
      "activatingOnlyWhenExecuted": true,
      "updating": null,
      "withPredicate": null
    },
    {
      "id": "LANE_LEFT_22",
      "execute": "LANE_LEFT",
      "after": "1000",
      "priority": 0,
      "additionalGuards": null,
      "activationKind": null,
      "fixedVariables": {
        "Crash": "FALSE",
        "VehiclesAy": "{(EgoVehicle↦-1.012458736076951),(Vehicles2↦1.012458736076951),(Vehicles3↦1.012458736076951),(Vehicles4↦1.012458736076951),(Vehicles5↦1.1254750844091177)}",
        "Reward": "0.7970759584257068",
        "VehiclesAx": "{(EgoVehicle↦0.548851490020752),(Vehicles2↦-0.4735174775123596),(Vehicles3↦-0.6276586651802063),(Vehicles4↦-0.5692172050476074),(Vehicles5↦-0.5106076598167419)}",
        "VehiclesVx": "{(EgoVehicle↦24.8903489112854),(Vehicles2↦-4.617958664894104),(Vehicles3↦-3.87069433927536),(Vehicles4↦-5.056507587432861),(Vehicles5↦-3.699856400489807)}",
        "VehiclesY": "{(EgoVehicle↦0.3357038050889969),(Vehicles2↦7.664296388626099),(Vehicles3↦-0.3357038050889969),(Vehicles4↦3.664296269416809),(Vehicles5↦7.664296388626099)}",
        "VehiclesVy": "{(EgoVehicle↦-1.0689669102430344),(Vehicles2↦1.0689669102430344),(Vehicles3↦1.0689669102430344),(Vehicles4↦1.0689669102430344),(Vehicles5↦1.0689669102430344)}",
        "VehiclesX": "{(EgoVehicle↦200.0),(Vehicles2↦1.8619509413838387),(Vehicles3↦32.17255473136902),(Vehicles4↦56.17711544036865),(Vehicles5↦65.93472361564636)}"
      },
      "probabilisticVariables": null,
      "activating": [
        "FASTER_23"
      ],
      "activatingOnlyWhenExecuted": true,
      "updating": null,
      "withPredicate": null
    },
    {
      "id": "FASTER_23",
      "execute": "FASTER",
      "after": "1000",
      "priority": 0,
      "additionalGuards": null,
      "activationKind": null,
      "fixedVariables": {
        "Crash": "FALSE",
        "VehiclesAy": "{(EgoVehicle↦1.042277356609702),(Vehicles2↦-1.042277356609702),(Vehicles3↦-1.042277356609702),(Vehicles4↦-1.042277356609702),(Vehicles5↦1.0956564638763666)}",
        "Reward": "0.915470222702843",
        "VehiclesAx": "{(EgoVehicle↦4.439785480499268),(Vehicles2↦-4.370821118354797),(Vehicles3↦-4.51598197221756),(Vehicles4↦-4.454566240310669),(Vehicles5↦-4.4059330224990845)}",
        "VehiclesVx": "{(EgoVehicle↦29.330134391784668),(Vehicles2↦-8.988779783248901),(Vehicles3↦-8.38667631149292),(Vehicles4↦-9.51107382774353),(Vehicles5↦-8.105789422988892)}",
        "VehiclesY": "{(EgoVehicle↦0.0063914896454662085),(Vehicles2↦7.993608713150024),(Vehicles3↦-0.0063914896454662085),(Vehicles4↦3.993608593940735),(Vehicles5↦7.993608713150024)}",
        "VehiclesVy": "{(EgoVehicle↦-0.026689553633332253),(Vehicles2↦0.026689553633332253),(Vehicles3↦0.026689553633332253),(Vehicles4↦0.026689553633332253),(Vehicles5↦0.026689553633332253)}",
        "VehiclesX": "{(EgoVehicle↦200.0),(Vehicles2↦-5.183826386928558),(Vehicles3↦25.815272331237793),(Vehicles4↦48.65838885307312),(Vehicles5↦59.7928524017334)}"
      },
      "probabilisticVariables": null,
      "activating": [
        "SLOWER_24"
      ],
      "activatingOnlyWhenExecuted": true,
      "updating": null,
      "withPredicate": null
    },
    {
      "id": "SLOWER_24",
      "execute": "SLOWER",
      "after": "1000",
      "priority": 0,
      "additionalGuards": null,
      "activationKind": null,
      "fixedVariables": {
        "Crash": "FALSE",
        "VehiclesAy": "{(EgoVehicle↦0.02642971790919546),(Vehicles2↦-0.02642971790919546),(Vehicles3↦-0.02642971790919546),(Vehicles4↦-0.02642971790919546),(Vehicles5↦0.026949389357469045)}",
        "Reward": "0.8152059978611551",
        "VehiclesAx": "{(EgoVehicle↦-3.759908676147461),(Vehicles2↦4.288898408412933),(Vehicles3↦2.6257532835006714),(Vehicles4↦5.195222198963165),(Vehicles5↦2.1582162380218506)}",
        "VehiclesVx": "{(EgoVehicle↦25.570225715637207),(Vehicles2↦-4.699881374835968),(Vehicles3↦-5.7609230279922485),(Vehicles4↦-4.315851628780365),(Vehicles5↦-5.947573184967041)}",
        "VehiclesY": "{(EgoVehicle↦6.817683424742427E-05),(Vehicles2↦-6.817683424742427E-05),(Vehicles3↦3.999931812286377),(Vehicles4↦7.999931573867798),(Vehicles5↦-6.817683424742427E-05)}",
        "VehiclesVy": "{(EgoVehicle↦-0.0002598357241367921),(Vehicles2↦0.0002598357241367921),(Vehicles3↦0.0002598357241367921),(Vehicles4↦0.0002598357241367921),(Vehicles5↦0.0002598357241367921)}",
        "VehiclesX": "{(EgoVehicle↦200.0),(Vehicles2↦19.47326809167862),(Vehicles3↦41.21721386909485),(Vehicles4↦53.77354025840759),(Vehicles5↦87.6965880393982)}"
      },
      "probabilisticVariables": null,
      "activating": [
        "LANE_RIGHT_25"
      ],
      "activatingOnlyWhenExecuted": true,
      "updating": null,
      "withPredicate": null
    },
    {
      "id": "LANE_RIGHT_25",
      "execute": "LANE_RIGHT",
      "after": "1000",
      "priority": 0,
      "additionalGuards": null,
      "activationKind": null,
      "fixedVariables": {
        "Crash": "FALSE",
        "VehiclesAy": "{(EgoVehicle↦1.0904022645991063),(Vehicles2↦-1.0904022645991063),(Vehicles3↦-1.0904022645991063),(Vehicles4↦-1.0904022645991063),(Vehicles5↦-1.0898825931508327)}",
        "Reward": "0.8347035494793218",
        "VehiclesAx": "{(EgoVehicle↦-0.5188417434692383),(Vehicles2↦0.44924288988113403),(Vehicles3↦0.5135625600814819),(Vehicles4↦0.5455175042152405),(Vehicles5↦0.5576205253601074)}",
        "VehiclesVx": "{(EgoVehicle↦25.05138397216797),(Vehicles2↦-4.250638484954834),(Vehicles3↦-5.247360467910767),(Vehicles4↦-3.7703341245651245),(Vehicles5↦-5.389952659606934)}",
        "VehiclesY": "{(EgoVehicle↦3.655820846557617),(Vehicles2↦-3.655820846557617),(Vehicles3↦0.34417909383773804),(Vehicles4↦4.344179034233093),(Vehicles5↦-3.655820846557617)}",
        "VehiclesVy": "{(EgoVehicle↦1.0901424288749695),(Vehicles2↦-1.0901424288749695),(Vehicles3↦-1.0901424288749695),(Vehicles4↦-1.0901424288749695),(Vehicles5↦-1.0901424288749695)}",
        "VehiclesX": "{(EgoVehicle↦200.0),(Vehicles2↦15.332947671413422),(Vehicles3↦36.041539907455444),(Vehicles4↦50.05630850791931),(Vehicles5↦82.35225081443787)}"
      },
      "probabilisticVariables": null,
      "activating": [
        "LANE_RIGHT_26"
      ],
      "activatingOnlyWhenExecuted": true,
      "updating": null,
      "withPredicate": null
    },
    {
      "id": "LANE_RIGHT_26",
      "execute": "LANE_RIGHT",
      "after": "1000",
      "priority": 0,
      "additionalGuards": null,
      "activationKind": null,
      "fixedVariables": {
        "Crash": "FALSE",
        "VehiclesAy": "{(EgoVehicle↦0.02906784415245056),(Vehicles2↦-0.02906784415245056),(Vehicles3↦-0.02906784415245056),(Vehicles4↦-0.02906784415245056),(Vehicles5↦-2.2093527019023895)}",
        "Reward": "0.8662622212286162",
        "VehiclesAx": "{(EgoVehicle↦-0.06654977798461914),(Vehicles2↦0.0008416175842285156),(Vehicles3↦0.06523013114929199),(Vehicles4↦0.09026378393173218),(Vehicles5↦0.10491430759429932)}",
        "VehiclesVx": "{(EgoVehicle↦24.98483419418335),(Vehicles2↦-4.2497968673706055),(Vehicles3↦-5.182130336761475),(Vehicles4↦-3.6800703406333923),(Vehicles5↦-5.285038352012634)}",
        "VehiclesY": "{(EgoVehicle↦7.647932767868042),(Vehicles2↦-7.647932767868042),(Vehicles3↦-3.647933006286621),(Vehicles4↦0.35206711292266846),(Vehicles5↦-7.647932767868042)}",
        "VehiclesVy": "{(EgoVehicle↦1.11921027302742),(Vehicles2↦-1.11921027302742),(Vehicles3↦-1.11921027302742),(Vehicles4↦-1.11921027302742),(Vehicles5↦-1.11921027302742)}",
        "VehiclesX": "{(EgoVehicle↦200.0),(Vehicles2↦11.446911096572876),(Vehicles3↦31.184566020965576),(Vehicles4↦46.686893701553345),(Vehicles5↦77.36889123916626)}"
      },
      "probabilisticVariables": null,
      "activating": [
        "LANE_RIGHT_27"
      ],
      "activatingOnlyWhenExecuted": true,
      "updating": null,
      "withPredicate": null
    },
    {
      "id": "LANE_RIGHT_27",
      "execute": "LANE_RIGHT",
      "after": "1000",
      "priority": 0,
      "additionalGuards": null,
      "activationKind": null,
      "fixedVariables": {
        "Crash": "FALSE",
        "VehiclesAy": "{(EgoVehicle↦-1.0798279382288456),(Vehicles2↦1.0798279382288456),(Vehicles3↦1.0798279382288456),(Vehicles4↦1.0798279382288456),(Vehicles5↦-1.1585926078259945)}",
        "Reward": "0.8667005648288182",
        "VehiclesAx": "{(EgoVehicle↦0.01643657684326172),(Vehicles2↦-0.07794171571731567),(Vehicles3↦-0.01428365707397461),(Vehicles4↦0.004645287990570068),(Vehicles5↦0.021398067474365234)}",
        "VehiclesVx": "{(EgoVehicle↦25.00127077102661),(Vehicles2↦-4.327738583087921),(Vehicles3↦-5.196413993835449),(Vehicles4↦-3.6754250526428223),(Vehicles5↦-5.263640284538269)}",
        "VehiclesY": "{(EgoVehicle↦7.988118410110474),(Vehicles2↦-7.988118410110474),(Vehicles3↦-3.988118290901184),(Vehicles4↦0.011881678830832243),(Vehicles5↦-7.988118410110474)}",
        "VehiclesVy": "{(EgoVehicle↦0.03938233479857445),(Vehicles2↦-0.03938233479857445),(Vehicles3↦-0.03938233479857445),(Vehicles4↦-0.03938233479857445),(Vehicles5↦-0.03938233479857445)}",
        "VehiclesX": "{(EgoVehicle↦200.0),(Vehicles2↦7.155824452638626),(Vehicles3↦25.986695289611816),(Vehicles4↦42.99911558628082),(Vehicles5↦72.08269238471985)}"
      },
      "probabilisticVariables": null,
      "activating": [
        "LANE_RIGHT_28"
      ],
      "activatingOnlyWhenExecuted": true,
      "updating": null,
      "withPredicate": null
    },
    {
      "id": "LANE_RIGHT_28",
      "execute": "LANE_RIGHT",
      "after": "1000",
      "priority": 0,
      "additionalGuards": null,
      "activationKind": null,
      "fixedVariables": {
        "Crash": "FALSE",
        "VehiclesAy": "{(EgoVehicle↦-0.03813351795542985),(Vehicles2↦0.03813351795542985),(Vehicles3↦0.03813351795542985),(Vehicles4↦0.03813351795542985),(Vehicles5↦-0.04063115164171904)}",
        "Reward": "0.8666712387142845",
        "VehiclesAx": "{(EgoVehicle↦-0.0010991096496582031),(Vehicles2↦-0.05595594644546509),(Vehicles3↦0.0062781572341918945),(Vehicles4↦0.01983553171157837),(Vehicles5↦0.03831982612609863)}",
        "VehiclesVx": "{(EgoVehicle↦25.000171661376953),(Vehicles2↦-4.383694529533386),(Vehicles3↦-5.190135836601257),(Vehicles4↦-3.655589520931244),(Vehicles5↦-5.22532045841217)}",
        "VehiclesY": "{(EgoVehicle↦7.999624729156494),(Vehicles2↦-7.999624729156494),(Vehicles3↦-3.9996249675750732),(Vehicles4↦0.0003749207389773801),(Vehicles5↦-7.999624729156494)}",
        "VehiclesVy": "{(EgoVehicle↦0.0012488168431445956),(Vehicles2↦-0.0012488168431445956),(Vehicles3↦-0.0012488168431445956),(Vehicles4↦-0.0012488168431445956),(Vehicles5↦-0.0012488168431445956)}",
        "VehiclesX": "{(EgoVehicle↦200.0),(Vehicles2↦2.8054973110556602),(Vehicles3↦20.792725682258606),(Vehicles4↦39.331960678100586),(Vehicles5↦66.83458685874939)}"
      },
      "probabilisticVariables": null,
      "activating": [
        "LANE_RIGHT_29"
      ],
      "activatingOnlyWhenExecuted": true,
      "updating": null,
      "withPredicate": null
    },
    {
      "id": "LANE_RIGHT_29",
      "execute": "LANE_RIGHT",
      "after": "1000",
      "priority": 0,
      "additionalGuards": null,
      "activationKind": null,
      "fixedVariables": {
        "Crash": "FALSE",
        "VehiclesAy": "{(EgoVehicle↦-0.0012097167473257286),(Vehicles2↦0.0012097167473257286),(Vehicles3↦0.0012097167473257286),(Vehicles4↦0.0012097167473257286),(Vehicles5↦-0.0012879169389634626)}",
        "Reward": "0.8666672688557271",
        "VehiclesAx": "{(EgoVehicle↦-0.00015020370483398438),(Vehicles2↦-0.05228668451309204),(Vehicles3↦0.007941722869873047),(Vehicles4↦0.016779601573944092),(Vehicles5↦0.036686062812805176)}",
        "VehiclesVx": "{(EgoVehicle↦25.00002145767212),(Vehicles2↦-4.435981214046478),(Vehicles3↦-5.182194113731384),(Vehicles4↦-3.6388099193573),(Vehicles5↦-5.188634395599365)}",
        "VehiclesY": "{(EgoVehicle↦7.999988079071045),(Vehicles2↦-7.999988079071045),(Vehicles3↦-3.999988317489624),(Vehicles4↦1.1731162430805853E-05),(Vehicles5↦-7.999988079071045)}",
        "VehiclesVy": "{(EgoVehicle↦3.9100095818866976E-05),(Vehicles2↦-3.9100095818866976E-05),(Vehicles3↦-3.9100095818866976E-05),(Vehicles4↦-3.9100095818866976E-05),(Vehicles5↦-3.9100095818866976E-05)}",
        "VehiclesX": "{(EgoVehicle↦200.0),(Vehicles2↦-1.5994640067219734),(Vehicles3↦15.605595707893372),(Vehicles4↦35.68326234817505),(Vehicles5↦61.62402033805847)}"
      },
      "probabilisticVariables": null,
      "activating": [
        "LANE_RIGHT_30"
      ],
      "activatingOnlyWhenExecuted": true,
      "updating": null,
      "withPredicate": null
    },
    {
      "id": "LANE_RIGHT_30",
      "execute": "LANE_RIGHT",
      "after": "1000",
      "priority": 0,
      "additionalGuards": null,
      "activationKind": null,
      "fixedVariables": {
        "Crash": "FALSE",
        "VehiclesAy": "{(EgoVehicle↦-3.787791101217408E-05),(Vehicles2↦3.787791101217408E-05),(Vehicles3↦3.787791101217408E-05),(Vehicles4↦3.787791101217408E-05),(Vehicles5↦-4.032228062555987E-05)}",
        "Reward": "0.8666667459673901",
        "VehiclesAx": "{(EgoVehicle↦-1.9073486328125E-05),(Vehicles2↦-0.047695934772491455),(Vehicles3↦0.010056495666503906),(Vehicles4↦0.014757215976715088),(Vehicles5↦0.03582417964935303)}",
        "VehiclesVx": "{(EgoVehicle↦25.00000238418579),(Vehicles2↦-4.48367714881897),(Vehicles3↦-5.17213761806488),(Vehicles4↦-3.6240527033805847),(Vehicles5↦-5.152810215950012)}",
        "VehiclesY": "{(EgoVehicle↦7.999999523162842),(Vehicles2↦-7.999999523162842),(Vehicles3↦-3.999999761581421),(Vehicles4↦3.666601315899243E-07),(Vehicles5↦-7.999999523162842)}",
        "VehiclesVy": "{(EgoVehicle↦1.2221848066928942E-06),(Vehicles2↦-1.2221848066928942E-06),(Vehicles3↦-1.2221848066928942E-06),(Vehicles4↦-1.2221848066928942E-06),(Vehicles5↦-1.2221848066928942E-06)}",
        "VehiclesX": "{(EgoVehicle↦200.0),(Vehicles2↦-6.054900586605072),(Vehicles3↦10.427261143922806),(Vehicles4↦32.05050230026245),(Vehicles5↦56.449782848358154)}"
      },
      "probabilisticVariables": null,
      "activating": [
        "SLOWER_31"
      ],
      "activatingOnlyWhenExecuted": true,
      "updating": null,
      "withPredicate": null
    },
    {
      "id": "SLOWER_31",
      "execute": "SLOWER",
      "after": "1000",
      "priority": 0,
      "additionalGuards": null,
      "activationKind": null,
      "fixedVariables": {
        "Crash": "FALSE",
        "VehiclesAy": "{(EgoVehicle↦-1.1725387238925578E-06),(Vehicles2↦1.172538732774342E-06),(Vehicles3↦1.172538732774342E-06),(Vehicles4↦1.172538732774342E-06),(Vehicles5↦-1.2718308806114464E-06)}",
        "Reward": "0.7508916428160076",
        "VehiclesAx": "{(EgoVehicle↦-4.341566562652588),(Vehicles2↦3.665054440498352),(Vehicles3↦4.98706117272377),(Vehicles4↦4.354594796895981),(Vehicles5↦4.376604110002518)}",
        "VehiclesVx": "{(EgoVehicle↦20.658435821533203),(Vehicles2↦-0.8186227083206177),(Vehicles3↦-0.18507644534111023),(Vehicles4↦0.7305420935153961),(Vehicles5↦-0.7762061059474945)}",
        "VehiclesY": "{(EgoVehicle↦8.000000238418579),(Vehicles2↦-4.0000001192092896),(Vehicles3↦-8.000000238418579),(Vehicles4↦1.716034780940845E-08),(Vehicles5↦-8.000000238418579)}",
        "VehiclesVy": "{(EgoVehicle↦4.9646082800336444E-08),(Vehicles2↦-4.964607391855225E-08),(Vehicles3↦-4.964607391855225E-08),(Vehicles4↦-4.964607391855225E-08),(Vehicles5↦-4.964607391855225E-08)}",
        "VehiclesX": "{(EgoVehicle↦200.0),(Vehicles2↦7.65482559800148),(Vehicles3↦-8.1610806286335),(Vehicles4↦30.826854705810547),(Vehicles5↦53.70610952377319)}"
      },
      "probabilisticVariables": null,
      "activating": [
        "LANE_RIGHT_32"
      ],
      "activatingOnlyWhenExecuted": true,
      "updating": null,
      "withPredicate": null
    },
    {
      "id": "LANE_RIGHT_32",
      "execute": "LANE_RIGHT",
      "after": "1000",
      "priority": 0,
      "additionalGuards": null,
      "activationKind": null,
      "fixedVariables": {
        "Crash": "FALSE",
        "VehiclesAy": "{(EgoVehicle↦-4.660094532482617E-08),(Vehicles2↦4.660094532482617E-08),(Vehicles3↦4.660094532482617E-08),(Vehicles4↦4.660094532482617E-08),(Vehicles5↦-5.2691202512278323E-08)}",
        "Reward": "0.7356455386973068",
        "VehiclesAx": "{(EgoVehicle↦-0.5717277526855469),(Vehicles2↦0.5852927826344967),(Vehicles3↦0.5334781855344772),(Vehicles4↦0.5832108855247498),(Vehicles5↦0.6059768795967102)}",
        "VehiclesVx": "{(EgoVehicle↦20.086708068847656),(Vehicles2↦-0.233329925686121),(Vehicles3↦0.348401740193367),(Vehicles4↦1.3137529790401459),(Vehicles5↦-0.1702292263507843)}",
        "VehiclesY": "{(EgoVehicle↦8.000000238418579),(Vehicles2↦-4.0000001192092896),(Vehicles3↦-8.000000238418579),(Vehicles4↦1.0494352054024603E-09),(Vehicles5↦-8.000000238418579)}",
        "VehiclesVy": "{(EgoVehicle↦3.0451374755102734E-09),(Vehicles2↦-3.0451285937260764E-09),(Vehicles3↦-3.0451285937260764E-09),(Vehicles4↦-3.0451285937260764E-09),(Vehicles5↦-3.0451285937260764E-09)}",
        "VehiclesX": "{(EgoVehicle↦200.0),(Vehicles2↦7.156910002231598),(Vehicles3↦-8.046431839466095),(Vehicles4↦31.877505779266357),(Vehicles5↦53.259068727493286)}"
      },
      "probabilisticVariables": null,
      "activating": [
        "LANE_RIGHT_33"
      ],
      "activatingOnlyWhenExecuted": true,
      "updating": null,
      "withPredicate": null
    },
    {
      "id": "LANE_RIGHT_33",
      "execute": "LANE_RIGHT",
      "after": "1000",
      "priority": 0,
      "additionalGuards": null,
      "activationKind": null,
      "fixedVariables": {
        "Crash": "FALSE",
        "VehiclesAy": "{(EgoVehicle↦-2.8559021814089647E-09),(Vehicles2↦2.8558932996247677E-09),(Vehicles3↦2.8558932996247677E-09),(Vehicles4↦2.8558932996247677E-09),(Vehicles5↦-3.234363887827385E-09)}",
        "Reward": "0.7336378212824987",
        "VehiclesAx": "{(EgoVehicle↦-0.07529020309448242),(Vehicles2↦0.090207289904356),(Vehicles3↦0.04166044294834137),(Vehicles4↦0.08536890149116516),(Vehicles5↦0.10873377788811922)}",
        "VehiclesVx": "{(EgoVehicle↦20.011417865753174),(Vehicles2↦-0.14312263578176498),(Vehicles3↦0.3900621831417084),(Vehicles4↦1.399121880531311),(Vehicles5↦-0.06149544846266508)}",
        "VehiclesY": "{(EgoVehicle↦8.000000238418579),(Vehicles2↦-4.0000001192092896),(Vehicles3↦-8.000000238418579),(Vehicles4↦6.516120976129969E-11),(Vehicles5↦-8.000000238418579)}",
        "VehiclesVy": "{(EgoVehicle↦1.8923529410130868E-10),(Vehicles2↦-1.8923529410130868E-10),(Vehicles3↦-1.8923529410130868E-10),(Vehicles4↦-1.8923529410130868E-10),(Vehicles5↦-1.8923529410130868E-10)}",
        "VehiclesX": "{(EgoVehicle↦200.0),(Vehicles2↦6.970982253551483),(Vehicles3↦-7.670312374830246),(Vehicles4↦33.2369327545166),(Vehicles5↦53.14381718635559)}"
      },
      "probabilisticVariables": null,
      "activating": [
        "LANE_RIGHT_34"
      ],
      "activatingOnlyWhenExecuted": true,
      "updating": null,
      "withPredicate": null
    },
    {
      "id": "LANE_RIGHT_34",
      "execute": "LANE_RIGHT",
      "after": "1000",
      "priority": 0,
      "additionalGuards": null,
      "activationKind": null,
      "fixedVariables": {
        "Crash": "FALSE",
        "VehiclesAy": "{(EgoVehicle↦-1.7745804825608502E-10),(Vehicles2↦1.7745804825608502E-10),(Vehicles3↦1.7745804825608502E-10),(Vehicles4↦1.7745804825608502E-10),(Vehicles5↦-2.0101253994653234E-10)}",
        "Reward": "0.7333734305118242",
        "VehiclesAx": "{(EgoVehicle↦-0.009913444519042969),(Vehicles2↦0.025956444442272186),(Vehicles3↦-0.01923583447933197),(Vehicles4↦0.018719881772994995),(Vehicles5↦0.04254948813468218)}",
        "VehiclesVx": "{(EgoVehicle↦20.00150442123413),(Vehicles2↦-0.1171661913394928),(Vehicles3↦0.3708263486623764),(Vehicles4↦1.417841762304306),(Vehicles5↦-0.018945960327982903)}",
        "VehiclesY": "{(EgoVehicle↦8.000000238418579),(Vehicles2↦-4.0000001192092896),(Vehicles3↦-8.000000238418579),(Vehicles4↦4.0527581290916714E-12),(Vehicles5↦-8.000000238418579)}",
        "VehiclesVy": "{(EgoVehicle↦1.177724584522366E-11),(Vehicles2↦-1.177724584522366E-11),(Vehicles3↦-1.177724584522366E-11),(Vehicles4↦-1.177724584522366E-11),(Vehicles5↦-1.177724584522366E-11)}",
        "VehiclesX": "{(EgoVehicle↦200.0),(Vehicles2↦6.839664280414581),(Vehicles3↦-7.2867922484874725),(Vehicles4↦34.645143151283264),(Vehicles5↦53.10090780258179)}"
      },
      "probabilisticVariables": null,
      "activating": [
        "LANE_RIGHT_35"
      ],
      "activatingOnlyWhenExecuted": true,
      "updating": null,
      "withPredicate": null
    },
    {
      "id": "LANE_RIGHT_35",
      "execute": "LANE_RIGHT",
      "after": "1000",
      "priority": 0,
      "additionalGuards": null,
      "activationKind": null,
      "fixedVariables": {
        "Crash": "FALSE",
        "VehiclesAy": "{(EgoVehicle↦-1.1031175972675555E-11),(Vehicles2↦1.1040057756872557E-11),(Vehicles3↦1.1040057756872557E-11),(Vehicles4↦1.1040057756872557E-11),(Vehicles5↦-1.2514433933574765E-11)}",
        "Reward": "0.7333386136202128",
        "VehiclesAx": "{(EgoVehicle↦-0.0013065338134765625),(Vehicles2↦0.018269959837198257),(Vehicles3↦-0.02355150878429413),(Vehicles4↦0.008951425552368164),(Vehicles5↦0.03313110210001469)}",
        "VehiclesVx": "{(EgoVehicle↦20.000197887420654),(Vehicles2↦-0.09889623150229454),(Vehicles3↦0.3472748398780823),(Vehicles4↦1.4267931878566742),(Vehicles5↦0.014185141772031784)}",
        "VehiclesY": "{(EgoVehicle↦8.000000238418579),(Vehicles2↦-4.0000001192092896),(Vehicles3↦-8.000000238418579),(Vehicles4↦2.504663143554353E-13),(Vehicles5↦-8.000000238418579)}",
        "VehiclesVy": "{(EgoVehicle↦7.460698725481052E-13),(Vehicles2↦-7.371880883511039E-13),(Vehicles3↦-7.371880883511039E-13),(Vehicles4↦-7.371880883511039E-13),(Vehicles5↦-7.371880883511039E-13)}",
        "VehiclesX": "{(EgoVehicle↦200.0),(Vehicles2↦6.729938089847565),(Vehicles3↦-6.925524026155472),(Vehicles4↦36.066851019859314),(Vehicles5↦53.09547781944275)}"
      },
      "probabilisticVariables": null,
      "activating": [
        "LANE_RIGHT_36"
      ],
      "activatingOnlyWhenExecuted": true,
      "updating": null,
      "withPredicate": null
    },
    {
      "id": "LANE_RIGHT_36",
      "execute": "LANE_RIGHT",
      "after": "1000",
      "priority": 0,
      "additionalGuards": null,
      "activationKind": null,
      "fixedVariables": {
        "Crash": "FALSE",
        "VehiclesAy": "{(EgoVehicle↦-7.105427357601002E-13),(Vehicles2↦6.927791673660977E-13),(Vehicles3↦6.927791673660977E-13),(Vehicles4↦6.927791673660977E-13),(Vehicles5↦-7.815970093361102E-13)}",
        "Reward": "0.7333340286797537",
        "VehiclesAx": "{(EgoVehicle↦-0.000171661376953125),(Vehicles2↦0.4255613498389721),(Vehicles3↦-0.4282878339290619),(Vehicles4↦0.0067615509033203125),(Vehicles5↦0.03119311761111021)}",
        "VehiclesVx": "{(EgoVehicle↦20.0000262260437),(Vehicles2↦0.32666511833667755),(Vehicles3↦-0.08101299405097961),(Vehicles4↦1.4335547387599945),(Vehicles5↦0.045378259383141994)}",
        "VehiclesY": "{(EgoVehicle↦8.000000238418579),(Vehicles2↦-8.000000238418579),(Vehicles3↦-4.0000001192092896),(Vehicles4↦1.3322676295501878E-14),(Vehicles5↦-8.000000238418579)}",
        "VehiclesVy": "{(EgoVehicle↦3.552713678800501E-14),(Vehicles2↦-4.440892098500626E-14),(Vehicles3↦-4.440892098500626E-14),(Vehicles4↦-4.440892098500626E-14),(Vehicles5↦-4.440892098500626E-14)}",
        "VehiclesX": "{(EgoVehicle↦200.0),(Vehicles2↦-6.58678337931633),(Vehicles3↦6.6381677985191345),(Vehicles4↦37.4964565038681),(Vehicles5↦53.122228384017944)}"
      },
      "probabilisticVariables": null,
      "activating": [
        "LANE_RIGHT_37"
      ],
      "activatingOnlyWhenExecuted": true,
      "updating": null,
      "withPredicate": null
    },
    {
      "id": "LANE_RIGHT_37",
      "execute": "LANE_RIGHT",
      "after": "1000",
      "priority": 0,
      "additionalGuards": null,
      "activationKind": null,
      "fixedVariables": {
        "Crash": "FALSE",
        "VehiclesAy": "{(EgoVehicle↦-3.552713678800501E-14),(Vehicles2↦4.440892098500626E-14),(Vehicles3↦4.440892098500626E-14),(Vehicles4↦4.440892098500626E-14),(Vehicles5↦-4.440892098500626E-14)}",
        "Reward": "0.7333334249015863",
        "VehiclesAx": "{(EgoVehicle↦-2.384185791015625E-05),(Vehicles2↦-0.016925577074289322),(Vehicles3↦0.018328484147787094),(Vehicles4↦0.005649924278259277),(Vehicles5↦0.030248514376580715)}",
        "VehiclesVx": "{(EgoVehicle↦20.00000238418579),(Vehicles2↦0.30973954126238823),(Vehicles3↦-0.06268450990319252),(Vehicles4↦1.4392046630382538),(Vehicles5↦0.07562677375972271)}",
        "VehiclesY": "{(EgoVehicle↦8.000000238418579),(Vehicles2↦-8.000000238418579),(Vehicles3↦-4.0000001192092896),(Vehicles4↦2.6645352591003757E-15),(Vehicles5↦-8.000000238418579)}",
        "VehiclesVy": "{(EgoVehicle↦0.0),(Vehicles2↦0.0),(Vehicles3↦0.0),(Vehicles4↦0.0),(Vehicles5↦0.0)}",
        "VehiclesX": "{(EgoVehicle↦200.0),(Vehicles2↦-6.267181783914566),(Vehicles3↦6.564447283744812),(Vehicles4↦38.93234729766846),(Vehicles5↦53.179770708084106)}"
      },
      "probabilisticVariables": null,
      "activating": [
        "LANE_RIGHT_38"
      ],
      "activatingOnlyWhenExecuted": true,
      "updating": null,
      "withPredicate": null
    },
    {
      "id": "LANE_RIGHT_38",
      "execute": "LANE_RIGHT",
      "after": "1000",
      "priority": 0,
      "additionalGuards": null,
      "activationKind": null,
      "fixedVariables": {
        "Crash": "FALSE",
        "VehiclesAy": "{(EgoVehicle↦0.0),(Vehicles2↦0.0),(Vehicles3↦0.0),(Vehicles4↦0.0),(Vehicles5↦0.0)}",
        "Reward": "0.7333333453917041",
        "VehiclesAx": "{(EgoVehicle↦-2.384185791015625E-06),(Vehicles2↦-0.013370178639888763),(Vehicles3↦0.018771407194435596),(Vehicles4↦0.0047525763511657715),(Vehicles5↦0.02944556064903736)}",
        "VehiclesVx": "{(EgoVehicle↦20.0),(Vehicles2↦0.29636936262249947),(Vehicles3↦-0.043913102708756924),(Vehicles4↦1.4439572393894196),(Vehicles5↦0.10507233440876007)}",
        "VehiclesY": "{(EgoVehicle↦8.000000238418579),(Vehicles2↦-8.000000238418579),(Vehicles3↦-4.0000001192092896),(Vehicles4↦0.0),(Vehicles5↦-8.000000238418579)}",
        "VehiclesVy": "{(EgoVehicle↦0.0),(Vehicles2↦0.0),(Vehicles3↦0.0),(Vehicles4↦0.0),(Vehicles5↦0.0)}",
        "VehiclesX": "{(EgoVehicle↦200.0),(Vehicles2↦-5.963065102696419),(Vehicles3↦6.509239971637726),(Vehicles4↦40.37352204322815),(Vehicles5↦53.26724052429199)}"
      },
      "probabilisticVariables": null,
      "activating": [
        "LANE_RIGHT_39"
      ],
      "activatingOnlyWhenExecuted": true,
      "updating": null,
      "withPredicate": null
    },
    {
      "id": "LANE_RIGHT_39",
      "execute": "LANE_RIGHT",
      "after": "1000",
      "priority": 0,
      "additionalGuards": null,
      "activationKind": null,
      "fixedVariables": {
        "Crash": "FALSE",
        "VehiclesAy": "{(EgoVehicle↦0.0),(Vehicles2↦0.0),(Vehicles3↦0.0),(Vehicles4↦0.0),(Vehicles5↦0.0)}",
        "Reward": "0.7333333349212668",
        "VehiclesAx": "{(EgoVehicle↦0.0),(Vehicles2↦-0.0100649893283844),(Vehicles3↦0.01911751227453351),(Vehicles4↦0.00394970178604126),(Vehicles5↦0.028674043715000153)}",
        "VehiclesVx": "{(EgoVehicle↦20.0),(Vehicles2↦0.28630437329411507),(Vehicles3↦-0.024795590434223413),(Vehicles4↦1.4479069411754608),(Vehicles5↦0.13374637812376022)}",
        "VehiclesY": "{(EgoVehicle↦8.000000238418579),(Vehicles2↦-8.000000238418579),(Vehicles3↦-4.0000001192092896),(Vehicles4↦0.0),(Vehicles5↦-8.000000238418579)}",
        "VehiclesVy": "{(EgoVehicle↦0.0),(Vehicles2↦0.0),(Vehicles3↦0.0),(Vehicles4↦0.0),(Vehicles5↦0.0)}",
        "VehiclesX": "{(EgoVehicle↦200.0),(Vehicles2↦-5.670975521206856),(Vehicles3↦6.472949683666229),(Vehicles4↦41.819119453430176),(Vehicles5↦53.38384509086609)}"
      },
      "probabilisticVariables": null,
      "activating": [
        "LANE_RIGHT_40"
      ],
      "activatingOnlyWhenExecuted": true,
      "updating": null,
      "withPredicate": null
    },
    {
      "id": "LANE_RIGHT_40",
      "execute": "LANE_RIGHT",
      "after": "1000",
      "priority": 0,
      "additionalGuards": null,
      "activationKind": null,
      "fixedVariables": {
        "Crash": "FALSE",
        "VehiclesAy": "{(EgoVehicle↦0.0),(Vehicles2↦0.0),(Vehicles3↦0.0),(Vehicles4↦0.0),(Vehicles5↦0.0)}",
        "Reward": "0.7333333335424439",
        "VehiclesAx": "{(EgoVehicle↦0.0),(Vehicles2↦-0.0070275552570819855),(Vehicles3↦0.019367880304344),(Vehicles4↦0.00321999192237854),(Vehicles5↦0.027920939028263092)}",
        "VehiclesVx": "{(EgoVehicle↦20.0),(Vehicles2↦0.2792768180370331),(Vehicles3↦-0.005427710129879415),(Vehicles4↦1.4511269330978394),(Vehicles5↦0.16166731715202332)}",
        "VehiclesY": "{(EgoVehicle↦8.000000238418579),(Vehicles2↦-8.000000238418579),(Vehicles3↦-4.0000001192092896),(Vehicles4↦0.0),(Vehicles5↦-8.000000238418579)}",
        "VehiclesVy": "{(EgoVehicle↦0.0),(Vehicles2↦0.0),(Vehicles3↦0.0),(Vehicles4↦0.0),(Vehicles5↦0.0)}",
        "VehiclesX": "{(EgoVehicle↦200.0),(Vehicles2↦-5.387714505195618),(Vehicles3↦6.455884873867035),(Vehicles4↦43.268370628356934),(Vehicles5↦53.528815507888794)}"
      },
      "probabilisticVariables": null,
      "activating": [
        "LANE_RIGHT_41"
      ],
      "activatingOnlyWhenExecuted": true,
      "updating": null,
      "withPredicate": null
    },
    {
      "id": "LANE_RIGHT_41",
      "execute": "LANE_RIGHT",
      "after": "1000",
      "priority": 0,
      "additionalGuards": null,
      "activationKind": null,
      "fixedVariables": {
        "Crash": "FALSE",
        "VehiclesAy": "{(EgoVehicle↦0.0),(Vehicles2↦0.0),(Vehicles3↦0.0),(Vehicles4↦0.0),(Vehicles5↦0.0)}",
        "Reward": "0.7333333333608705",
        "VehiclesAx": "{(EgoVehicle↦0.0),(Vehicles2↦-0.004257224500179291),(Vehicles3↦0.019534441526047885),(Vehicles4↦0.002555251121520996),(Vehicles5↦0.027185585349798203)}",
        "VehiclesVx": "{(EgoVehicle↦20.0),(Vehicles2↦0.2750195935368538),(Vehicles3↦0.01410673139616847),(Vehicles4↦1.4536821842193604),(Vehicles5↦0.18885290250182152)}",
        "VehiclesY": "{(EgoVehicle↦8.000000238418579),(Vehicles2↦-8.000000238418579),(Vehicles3↦-4.0000001192092896),(Vehicles4↦0.0),(Vehicles5↦-8.000000238418579)}",
        "VehiclesVy": "{(EgoVehicle↦0.0),(Vehicles2↦0.0),(Vehicles3↦0.0),(Vehicles4↦0.0),(Vehicles5↦0.0)}",
        "VehiclesX": "{(EgoVehicle↦200.0),(Vehicles2↦-5.110351741313934),(Vehicles3↦6.458260864019394),(Vehicles4↦44.720569252967834),(Vehicles5↦53.70141863822937)}"
      },
      "probabilisticVariables": null,
      "activating": [
        "FASTER_42"
      ],
      "activatingOnlyWhenExecuted": true,
      "updating": null,
      "withPredicate": null
    },
    {
      "id": "FASTER_42",
      "execute": "FASTER",
      "after": "1000",
      "priority": 0,
      "additionalGuards": null,
      "activationKind": null,
      "fixedVariables": {
        "Crash": "FALSE",
        "VehiclesAy": "{(EgoVehicle↦0.0),(Vehicles2↦0.0),(Vehicles3↦0.0),(Vehicles4↦0.0),(Vehicles5↦0.0)}",
        "Reward": "0.8491083676305125",
        "VehiclesAx": "{(EgoVehicle↦4.341564178466797),(Vehicles2↦-4.58284754306078),(Vehicles3↦-4.082398216705769),(Vehicles4↦-4.339613318443298),(Vehicles5↦-4.315095003694296)}",
        "VehiclesVx": "{(EgoVehicle↦24.341564178466797),(Vehicles2↦-4.307827949523926),(Vehicles3↦-4.068291485309601),(Vehicles4↦-2.885931134223938),(Vehicles5↦-4.126242101192474)}",
        "VehiclesY": "{(EgoVehicle↦8.000000238418579),(Vehicles2↦-4.0000001192092896),(Vehicles3↦-8.000000238418579),(Vehicles4↦0.0),(Vehicles5↦-8.000000238418579)}",
        "VehiclesVy": "{(EgoVehicle↦0.0),(Vehicles2↦0.0),(Vehicles3↦0.0),(Vehicles4↦0.0),(Vehicles5↦0.0)}",
        "VehiclesX": "{(EgoVehicle↦200.0),(Vehicles2↦4.085152596235275),(Vehicles3↦-7.231283187866211),(Vehicles4↦43.78001689910889),(Vehicles5↦51.50585174560547)}"
      },
      "probabilisticVariables": null,
      "activating": [
        "LANE_RIGHT_43"
      ],
      "activatingOnlyWhenExecuted": true,
      "updating": null,
      "withPredicate": null
    },
    {
      "id": "LANE_RIGHT_43",
      "execute": "LANE_RIGHT",
      "after": "1000",
      "priority": 0,
      "additionalGuards": null,
      "activationKind": null,
      "fixedVariables": {
        "Crash": "FALSE",
        "VehiclesAy": "{(EgoVehicle↦0.0),(Vehicles2↦0.0),(Vehicles3↦0.0),(Vehicles4↦0.0),(Vehicles5↦0.0)}",
        "Reward": "0.8643544626783665",
        "VehiclesAx": "{(EgoVehicle↦0.5717277526855469),(Vehicles2↦-0.5520662665367126),(Vehicles3↦0.6120327115058899),(Vehicles4↦-1.7862686514854431),(Vehicles5↦-0.5914568901062012)}",
        "VehiclesVx": "{(EgoVehicle↦24.913291931152344),(Vehicles2↦-4.859894216060638),(Vehicles3↦-3.456258773803711),(Vehicles4↦-4.672199785709381),(Vehicles5↦-4.7176989912986755)}",
        "VehiclesY": "{(EgoVehicle↦8.000000238418579),(Vehicles2↦-4.0000001192092896),(Vehicles3↦0.0),(Vehicles4↦-8.000000238418579),(Vehicles5↦-4.0000001192092896)}",
        "VehiclesVy": "{(EgoVehicle↦0.0),(Vehicles2↦0.0),(Vehicles3↦0.0),(Vehicles4↦0.0),(Vehicles5↦0.0)}",
        "VehiclesX": "{(EgoVehicle↦200.0),(Vehicles2↦-0.5302100908011198),(Vehicles3↦40.57928919792175),(Vehicles4↦47.07457423210144),(Vehicles5↦54.8226535320282)}"
      },
      "probabilisticVariables": null,
      "activating": [
        "FASTER_44"
      ],
      "activatingOnlyWhenExecuted": true,
      "updating": null,
      "withPredicate": null
    },
    {
      "id": "FASTER_44",
      "execute": "FASTER",
      "after": "1000",
      "priority": 0,
      "additionalGuards": null,
      "activationKind": null,
      "fixedVariables": {
        "Crash": "FALSE",
        "VehiclesAy": "{(EgoVehicle↦0.0),(Vehicles2↦0.0),(Vehicles3↦0.0),(Vehicles4↦0.0),(Vehicles5↦0.0)}",
        "Reward": "0.9821372131922127",
        "VehiclesAx": "{(EgoVehicle↦4.416854381561279),(Vehicles2↦-4.39721018075943),(Vehicles3↦-4.415950775146484),(Vehicles4↦-4.391761124134064),(Vehicles5↦-4.3958380818367)}",
        "VehiclesVx": "{(EgoVehicle↦29.330146312713623),(Vehicles2↦-9.257104396820068),(Vehicles3↦-7.872209548950195),(Vehicles4↦-9.063960909843445),(Vehicles5↦-9.113537073135376)}",
        "VehiclesY": "{(EgoVehicle↦8.000000238418579),(Vehicles2↦-4.0000001192092896),(Vehicles3↦0.0),(Vehicles4↦-8.000000238418579),(Vehicles5↦-4.0000001192092896)}",
        "VehiclesVy": "{(EgoVehicle↦0.0),(Vehicles2↦0.0),(Vehicles3↦0.0),(Vehicles4↦0.0),(Vehicles5↦0.0)}",
        "VehiclesX": "{(EgoVehicle↦200.0),(Vehicles2↦-7.8188396990299225),(Vehicles3↦34.68683362007141),(Vehicles4↦39.97586965560913),(Vehicles5↦47.67679572105408)}"
      },
      "probabilisticVariables": null,
      "activating": [
        "SLOWER_45"
      ],
      "activatingOnlyWhenExecuted": true,
      "updating": null,
      "withPredicate": null
    },
    {
      "id": "SLOWER_45",
      "execute": "SLOWER",
      "after": "1000",
      "priority": 0,
      "additionalGuards": null,
      "activationKind": null,
      "fixedVariables": {
        "Crash": "FALSE",
        "VehiclesAy": "{(EgoVehicle↦0.0),(Vehicles2↦0.0),(Vehicles3↦0.0),(Vehicles4↦0.0),(Vehicles5↦0.0)}",
        "Reward": "0.8818726645630349",
        "VehiclesAx": "{(EgoVehicle↦-3.759920597076416),(Vehicles2↦5.145266652107239),(Vehicles3↦2.5926029682159424),(Vehicles4↦3.7309283018112183),(Vehicles5↦5.025979578495026)}",
        "VehiclesVx": "{(EgoVehicle↦25.570225715637207),(Vehicles2↦-4.11183774471283),(Vehicles3↦-5.279606580734253),(Vehicles4↦-5.333032608032227),(Vehicles5↦-4.08755749464035)}",
        "VehiclesY": "{(EgoVehicle↦8.000000238418579),(Vehicles2↦0.0),(Vehicles3↦-8.000000238418579),(Vehicles4↦-4.0000001192092896),(Vehicles5↦0.0)}",
        "VehiclesVy": "{(EgoVehicle↦0.0),(Vehicles2↦0.0),(Vehicles3↦0.0),(Vehicles4↦0.0),(Vehicles5↦0.0)}",
        "VehiclesX": "{(EgoVehicle↦200.0),(Vehicles2↦28.88903319835663),(Vehicles3↦32.99592733383179),(Vehicles4↦40.645721554756165),(Vehicles5↦97.73733615875244)}"
      },
      "probabilisticVariables": null,
      "activating": [
        "LANE_RIGHT_46"
      ],
      "activatingOnlyWhenExecuted": true,
      "updating": null,
      "withPredicate": null
    },
    {
      "id": "LANE_RIGHT_46",
      "execute": "LANE_RIGHT",
      "after": "1000",
      "priority": 0,
      "additionalGuards": null,
      "activationKind": null,
      "fixedVariables": {
        "Crash": "FALSE",
        "VehiclesAy": "{(EgoVehicle↦0.0),(Vehicles2↦0.0),(Vehicles3↦0.0),(Vehicles4↦0.0),(Vehicles5↦0.0)}",
        "Reward": "0.868669102603637",
        "VehiclesAx": "{(EgoVehicle↦-0.4951333999633789),(Vehicles2↦0.49517691135406494),(Vehicles3↦0.5189275741577148),(Vehicles4↦0.5152979493141174),(Vehicles5↦0.4880058765411377)}",
        "VehiclesVx": "{(EgoVehicle↦25.075092315673828),(Vehicles2↦-3.6166608333587646),(Vehicles3↦-4.760679006576538),(Vehicles4↦-4.817734658718109),(Vehicles5↦-3.5995516180992126)}",
        "VehiclesY": "{(EgoVehicle↦8.000000238418579),(Vehicles2↦0.0),(Vehicles3↦-8.000000238418579),(Vehicles4↦-4.0000001192092896),(Vehicles5↦0.0)}",
        "VehiclesVy": "{(EgoVehicle↦0.0),(Vehicles2↦0.0),(Vehicles3↦0.0),(Vehicles4↦0.0),(Vehicles5↦0.0)}",
        "VehiclesX": "{(EgoVehicle↦200.0),(Vehicles2↦25.050386786460876),(Vehicles3↦27.999034523963928),(Vehicles4↦35.59393286705017),(Vehicles5↦93.92004609107971)}"
      },
      "probabilisticVariables": null,
      "activating": [
        "LANE_RIGHT_47"
      ],
      "activatingOnlyWhenExecuted": true,
      "updating": null,
      "withPredicate": null
    },
    {
      "id": "LANE_RIGHT_47",
      "execute": "LANE_RIGHT",
      "after": "1000",
      "priority": 0,
      "additionalGuards": null,
      "activationKind": null,
      "fixedVariables": {
        "Crash": "FALSE",
        "VehiclesAy": "{(EgoVehicle↦0.0),(Vehicles2↦0.0),(Vehicles3↦0.0),(Vehicles4↦0.0),(Vehicles5↦0.0)}",
        "Reward": "0.8669303619340866",
        "VehiclesAx": "{(EgoVehicle↦-0.06520271301269531),(Vehicles2↦0.06487995386123657),(Vehicles3↦0.08837699890136719),(Vehicles4↦0.08495718240737915),(Vehicles5↦0.05835443735122681)}",
        "VehiclesVx": "{(EgoVehicle↦25.009889602661133),(Vehicles2↦-3.551780879497528),(Vehicles3↦-4.672302007675171),(Vehicles4↦-4.73277747631073),(Vehicles5↦-3.541197180747986)}",
        "VehiclesY": "{(EgoVehicle↦8.000000238418579),(Vehicles2↦0.0),(Vehicles3↦-8.000000238418579),(Vehicles4↦-4.0000001192092896),(Vehicles5↦0.0)}",
        "VehiclesVy": "{(EgoVehicle↦0.0),(Vehicles2↦0.0),(Vehicles3↦0.0),(Vehicles4↦0.0),(Vehicles5↦0.0)}",
        "VehiclesX": "{(EgoVehicle↦200.0),(Vehicles2↦21.469594538211823),(Vehicles3↦23.283642530441284),(Vehicles4↦30.820101499557495),(Vehicles5↦90.35370349884033)}"
      },
      "probabilisticVariables": null,
      "activating": [
        "LANE_RIGHT_48"
      ],
      "activatingOnlyWhenExecuted": true,
      "updating": null,
      "withPredicate": null
    },
    {
      "id": "LANE_RIGHT_48",
      "execute": "LANE_RIGHT",
      "after": "1000",
      "priority": 0,
      "additionalGuards": null,
      "activationKind": null,
      "fixedVariables": {
        "Crash": "FALSE",
        "VehiclesAy": "{(EgoVehicle↦0.0),(Vehicles2↦0.0),(Vehicles3↦0.0),(Vehicles4↦0.0),(Vehicles5↦0.0)}",
        "Reward": "0.8667013919693721",
        "VehiclesAx": "{(EgoVehicle↦-0.008587837219238281),(Vehicles2↦0.0079345703125),(Vehicles3↦0.031159818172454834),(Vehicles4↦0.027940571308135986),(Vehicles5↦0.002016723155975342)}",
        "VehiclesVx": "{(EgoVehicle↦25.001301765441895),(Vehicles2↦-3.543846309185028),(Vehicles3↦-4.641142189502716),(Vehicles4↦-4.704836905002594),(Vehicles5↦-3.5391804575920105)}",
        "VehiclesY": "{(EgoVehicle↦8.000000238418579),(Vehicles2↦0.0),(Vehicles3↦-8.000000238418579),(Vehicles4↦-4.0000001192092896),(Vehicles5↦0.0)}",
        "VehiclesVy": "{(EgoVehicle↦0.0),(Vehicles2↦0.0),(Vehicles3↦0.0),(Vehicles4↦0.0),(Vehicles5↦0.0)}",
        "VehiclesX": "{(EgoVehicle↦200.0),(Vehicles2↦17.922315001487732),(Vehicles3↦18.625153601169586),(Vehicles4↦26.099833846092224),(Vehicles5↦86.81459426879883)}"
      },
      "probabilisticVariables": null,
      "activating": [
        "LANE_RIGHT_49"
      ],
      "activatingOnlyWhenExecuted": true,
      "updating": null,
      "withPredicate": null
    },
    {
      "id": "LANE_RIGHT_49",
      "execute": "LANE_RIGHT",
      "after": "1000",
      "priority": 0,
      "additionalGuards": null,
      "activationKind": null,
      "fixedVariables": {
        "Crash": "FALSE",
        "VehiclesAy": "{(EgoVehicle↦0.0),(Vehicles2↦0.0),(Vehicles3↦0.0),(Vehicles4↦0.0),(Vehicles5↦0.0)}",
        "Reward": "0.8666712395460353",
        "VehiclesAx": "{(EgoVehicle↦-0.0011301040649414062),(Vehicles2↦-1.0741734504699707),(Vehicles3↦1.0974815487861633),(Vehicles4↦0.02009451389312744),(Vehicles5↦-0.00516057014465332)}",
        "VehiclesVx": "{(EgoVehicle↦25.000171661376953),(Vehicles2↦-4.618019759654999),(Vehicles3↦-3.5436606407165527),(Vehicles4↦-4.6847423911094666),(Vehicles5↦-3.544341027736664)}",
        "VehiclesY": "{(EgoVehicle↦8.000000238418579),(Vehicles2↦-8.000000238418579),(Vehicles3↦0.0),(Vehicles4↦-4.0000001192092896),(Vehicles5↦0.0)}",
        "VehiclesVy": "{(EgoVehicle↦0.0),(Vehicles2↦0.0),(Vehicles3↦0.0),(Vehicles4↦0.0),(Vehicles5↦0.0)}",
        "VehiclesX": "{(EgoVehicle↦200.0),(Vehicles2↦13.993477821350098),(Vehicles3↦14.378735423088074),(Vehicles4↦21.40323668718338),(Vehicles5↦83.2735002040863)}"
      },
      "probabilisticVariables": null,
      "activating": [
        "SLOWER_50"
      ],
      "activatingOnlyWhenExecuted": true,
      "updating": null,
      "withPredicate": null
    },
    {
      "id": "SLOWER_50",
      "execute": "SLOWER",
      "after": "1000",
      "priority": 0,
      "additionalGuards": null,
      "activationKind": null,
      "fixedVariables": {
        "Crash": "FALSE",
        "VehiclesAy": "{(EgoVehicle↦0.0),(Vehicles2↦0.0),(Vehicles3↦0.0),(Vehicles4↦0.0),(Vehicles5↦0.0)}",
        "Reward": "0.7508922345629895",
        "VehiclesAx": "{(EgoVehicle↦-4.34171199798584),(Vehicles2↦4.36314083635807),(Vehicles3↦4.340507313609123),(Vehicles4↦4.360295198857784),(Vehicles5↦4.335698559880257)}",
        "VehiclesVx": "{(EgoVehicle↦20.658459663391113),(Vehicles2↦-0.2548789232969284),(Vehicles3↦0.7968466728925705),(Vehicles4↦-0.3244471922516823),(Vehicles5↦0.7913575321435928)}",
        "VehiclesY": "{(EgoVehicle↦8.000000238418579),(Vehicles2↦-8.000000238418579),(Vehicles3↦0.0),(Vehicles4↦-4.0000001192092896),(Vehicles5↦0.0)}",
        "VehiclesVy": "{(EgoVehicle↦0.0),(Vehicles2↦0.0),(Vehicles3↦0.0),(Vehicles4↦0.0),(Vehicles5↦0.0)}",
        "VehiclesX": "{(EgoVehicle↦200.0),(Vehicles2↦11.779217422008514),(Vehicles3↦13.22975605726242),(Vehicles4↦19.12110149860382),(Vehicles5↦82.1218729019165)}"
      },
      "probabilisticVariables": null,
      "activating": [
        "SLOWER_51"
      ],
      "activatingOnlyWhenExecuted": true,
      "updating": null,
      "withPredicate": null
    },
    {
      "id": "SLOWER_51",
      "execute": "SLOWER",
      "after": "1000",
      "priority": 0,
      "additionalGuards": null,
      "activationKind": null,
      "fixedVariables": {
        "Crash": "FALSE",
        "VehiclesAy": "{(EgoVehicle↦0.0),(Vehicles2↦0.0),(Vehicles3↦0.0),(Vehicles4↦0.0),(Vehicles5↦0.0)}",
        "Reward": "0.7356456166228355",
        "VehiclesAx": "{(EgoVehicle↦-0.571749210357666),(Vehicles2↦0.5926311388611794),(Vehicles3↦0.5703134089708328),(Vehicles4↦0.5899584479629993),(Vehicles5↦0.5660095065832138)}",
        "VehiclesVx": "{(EgoVehicle↦20.086710453033447),(Vehicles2↦0.33775221556425095),(Vehicles3↦1.3671600818634033),(Vehicles4↦0.26551125571131706),(Vehicles5↦1.3573670387268066)}",
        "VehiclesY": "{(EgoVehicle↦8.000000238418579),(Vehicles2↦-8.000000238418579),(Vehicles3↦0.0),(Vehicles4↦-4.0000001192092896),(Vehicles5↦0.0)}",
        "VehiclesVy": "{(EgoVehicle↦0.0),(Vehicles2↦0.0),(Vehicles3↦0.0),(Vehicles4↦0.0),(Vehicles5↦0.0)}",
        "VehiclesX": "{(EgoVehicle↦200.0),(Vehicles2↦11.848144978284836),(Vehicles3↦14.341455698013306),(Vehicles4↦19.119378924369812),(Vehicles5↦83.22632312774658)}"
      },
      "probabilisticVariables": null,
      "activating": [
        "SLOWER_52"
      ],
      "activatingOnlyWhenExecuted": true,
      "updating": null,
      "withPredicate": null
    },
    {
      "id": "SLOWER_52",
      "execute": "SLOWER",
      "after": "1000",
      "priority": 0,
      "additionalGuards": null,
      "activationKind": null,
      "fixedVariables": {
        "Crash": "FALSE",
        "VehiclesAy": "{(EgoVehicle↦0.0),(Vehicles2↦0.0),(Vehicles3↦0.0),(Vehicles4↦0.0),(Vehicles5↦0.0)}",
        "Reward": "0.7336378315442965",
        "VehiclesAx": "{(EgoVehicle↦-0.07529258728027344),(Vehicles2↦0.09564723819494247),(Vehicles3↦0.07365629076957703),(Vehicles4↦0.0931389071047306),(Vehicles5↦0.0698263943195343)}",
        "VehiclesVx": "{(EgoVehicle↦20.011417865753174),(Vehicles2↦0.4333994537591934),(Vehicles3↦1.4408163726329803),(Vehicles4↦0.35865016281604767),(Vehicles5↦1.427193433046341)}",
        "VehiclesY": "{(EgoVehicle↦8.000000238418579),(Vehicles2↦-8.000000238418579),(Vehicles3↦0.0),(Vehicles4↦-4.0000001192092896),(Vehicles5↦0.0)}",
        "VehiclesVy": "{(EgoVehicle↦0.0),(Vehicles2↦0.0),(Vehicles3↦0.0),(Vehicles4↦0.0),(Vehicles5↦0.0)}",
        "VehiclesX": "{(EgoVehicle↦200.0),(Vehicles2↦12.235616147518158),(Vehicles3↦15.749512612819672),(Vehicles4↦19.43359225988388),(Vehicles5↦84.62302088737488)}"
      },
      "probabilisticVariables": null,
      "activating": [
        "SLOWER_53"
      ],
      "activatingOnlyWhenExecuted": true,
      "updating": null,
      "withPredicate": null
    },
    {
      "id": "SLOWER_53",
      "execute": "SLOWER",
      "after": "1000",
      "priority": 0,
      "additionalGuards": null,
      "activationKind": null,
      "fixedVariables": {
        "Crash": "FALSE",
        "VehiclesAy": "{(EgoVehicle↦0.0),(Vehicles2↦0.0),(Vehicles3↦0.0),(Vehicles4↦0.0),(Vehicles5↦0.0)}",
        "Reward": "0.7333734318631722",
        "VehiclesAx": "{(EgoVehicle↦-0.009913444519042969),(Vehicles2↦0.029759705066680908),(Vehicles3↦0.008105635643005371),(Vehicles4↦0.02740725874900818),(Vehicles5↦0.004720091819763184)}",
        "VehiclesVx": "{(EgoVehicle↦20.00150442123413),(Vehicles2↦0.46315915882587433),(Vehicles3↦1.4489220082759857),(Vehicles4↦0.38605742156505585),(Vehicles5↦1.4319135248661041)}",
        "VehiclesY": "{(EgoVehicle↦8.000000238418579),(Vehicles2↦-8.000000238418579),(Vehicles3↦0.0),(Vehicles4↦-4.0000001192092896),(Vehicles5↦0.0)}",
        "VehiclesVy": "{(EgoVehicle↦0.0),(Vehicles2↦0.0),(Vehicles3↦0.0),(Vehicles4↦0.0),(Vehicles5↦0.0)}",
        "VehiclesX": "{(EgoVehicle↦200.0),(Vehicles2↦12.682463228702545),(Vehicles3↦17.195087671279907),(Vehicles4↦19.804736971855164),(Vehicles5↦86.05358004570007)}"
      },
      "probabilisticVariables": null,
      "activating": [
        "IDLE_54"
      ],
      "activatingOnlyWhenExecuted": true,
      "updating": null,
      "withPredicate": null
    },
    {
      "id": "IDLE_54",
      "execute": "IDLE",
      "after": "1000",
      "priority": 0,
      "additionalGuards": null,
      "activationKind": null,
      "fixedVariables": {
        "Crash": "FALSE",
        "VehiclesAy": "{(EgoVehicle↦0.0),(Vehicles2↦0.0),(Vehicles3↦0.0),(Vehicles4↦0.0),(Vehicles5↦0.0)}",
        "Reward": "0.7333386137981681",
        "VehiclesAx": "{(EgoVehicle↦-0.0013065338134765625),(Vehicles2↦0.020656436681747437),(Vehicles3↦-0.0006528198719024658),(Vehicles4↦0.018451809883117676),(Vehicles5↦-0.003621429204940796)}",
        "VehiclesVx": "{(EgoVehicle↦20.000197887420654),(Vehicles2↦0.48381559550762177),(Vehicles3↦1.4482691884040833),(Vehicles4↦0.4045092314481735),(Vehicles5↦1.4282920956611633)}",
        "VehiclesY": "{(EgoVehicle↦8.000000238418579),(Vehicles2↦-8.000000238418579),(Vehicles3↦0.0),(Vehicles4↦-4.0000001192092896),(Vehicles5↦0.0)}",
        "VehiclesVy": "{(EgoVehicle↦0.0),(Vehicles2↦0.0),(Vehicles3↦0.0),(Vehicles4↦0.0),(Vehicles5↦0.0)}",
        "VehiclesX": "{(EgoVehicle↦200.0),(Vehicles2↦13.154122233390808),(Vehicles3↦18.643957376480103),(Vehicles4↦20.19840031862259),(Vehicles5↦87.48422265052795)}"
      },
      "probabilisticVariables": null,
      "activating": [
        "SLOWER_55"
      ],
      "activatingOnlyWhenExecuted": true,
      "updating": null,
      "withPredicate": null
    },
    {
      "id": "SLOWER_55",
      "execute": "SLOWER",
      "after": "1000",
      "priority": 0,
      "additionalGuards": null,
      "activationKind": null,
      "fixedVariables": {
        "Crash": "FALSE",
        "VehiclesAy": "{(EgoVehicle↦0.0),(Vehicles2↦0.0),(Vehicles3↦0.0),(Vehicles4↦0.0),(Vehicles5↦0.0)}",
        "Reward": "0.7333340287031881",
        "VehiclesAx": "{(EgoVehicle↦-0.000171661376953125),(Vehicles2↦0.019044838845729828),(Vehicles3↦-0.0019119679927825928),(Vehicles4↦0.01698017120361328),(Vehicles5↦-0.004490911960601807)}",
        "VehiclesVx": "{(EgoVehicle↦20.0000262260437),(Vehicles2↦0.5028604343533516),(Vehicles3↦1.4463572204113007),(Vehicles4↦0.4214894026517868),(Vehicles5↦1.4238011837005615)}",
        "VehiclesY": "{(EgoVehicle↦8.000000238418579),(Vehicles2↦-8.000000238418579),(Vehicles3↦0.0),(Vehicles4↦-4.0000001192092896),(Vehicles5↦0.0)}",
        "VehiclesVy": "{(EgoVehicle↦0.0),(Vehicles2↦0.0),(Vehicles3↦0.0),(Vehicles4↦0.0),(Vehicles5↦0.0)}",
        "VehiclesX": "{(EgoVehicle↦200.0),(Vehicles2↦13.64561915397644),(Vehicles3↦20.091497898101807),(Vehicles4↦20.60975432395935),(Vehicles5↦88.91072273254395)}"
      },
      "probabilisticVariables": null,
      "activating": [
        "SLOWER_56"
      ],
      "activatingOnlyWhenExecuted": true,
      "updating": null,
      "withPredicate": null
    },
    {
      "id": "SLOWER_56",
      "execute": "SLOWER",
      "after": "1000",
      "priority": 0,
      "additionalGuards": null,
      "activationKind": null,
      "fixedVariables": {
        "Crash": "FALSE",
        "VehiclesAy": "{(EgoVehicle↦0.0),(Vehicles2↦0.0),(Vehicles3↦0.0),(Vehicles4↦0.0),(Vehicles5↦0.0)}",
        "Reward": "0.7333334249046722",
        "VehiclesAx": "{(EgoVehicle↦-2.384185791015625E-05),(Vehicles2↦0.018433257937431335),(Vehicles3↦-1.0083667188882828),(Vehicles4↦1.0227026790380478),(Vehicles5↦-0.004379749298095703)}",
        "VehiclesVx": "{(EgoVehicle↦20.00000238418579),(Vehicles2↦0.5212936922907829),(Vehicles3↦0.4379905015230179),(Vehicles4↦1.4441920816898346),(Vehicles5↦1.4194214344024658)}",
        "VehiclesY": "{(EgoVehicle↦8.000000238418579),(Vehicles2↦-8.000000238418579),(Vehicles3↦-4.0000001192092896),(Vehicles4↦0.0),(Vehicles5↦0.0)}",
        "VehiclesVy": "{(EgoVehicle↦0.0),(Vehicles2↦0.0),(Vehicles3↦0.0),(Vehicles4↦0.0),(Vehicles5↦0.0)}",
        "VehiclesX": "{(EgoVehicle↦200.0),(Vehicles2↦14.15589302778244),(Vehicles3↦21.03787362575531),(Vehicles4↦21.536999940872192),(Vehicles5↦90.33275842666626)}"
      },
      "probabilisticVariables": null,
      "activating": [
        "SLOWER_57"
      ],
      "activatingOnlyWhenExecuted": true,
      "updating": null,
      "withPredicate": null
    },
    {
      "id": "SLOWER_57",
      "execute": "SLOWER",
      "after": "1000",
      "priority": 0,
      "additionalGuards": null,
      "activationKind": null,
      "fixedVariables": {
        "Crash": "FALSE",
        "VehiclesAy": "{(EgoVehicle↦0.0),(Vehicles2↦0.0),(Vehicles3↦0.0),(Vehicles4↦0.0),(Vehicles5↦0.0)}",
        "Reward": "0.7333333453921105",
        "VehiclesAx": "{(EgoVehicle↦-2.384185791015625E-06),(Vehicles2↦0.017966367304325104),(Vehicles3↦0.016159601509571075),(Vehicles4↦-0.0022684037685394287),(Vehicles5↦-0.004142820835113525)}",
        "VehiclesVx": "{(EgoVehicle↦20.0),(Vehicles2↦0.539260059595108),(Vehicles3↦0.45415010303258896),(Vehicles4↦1.4419236779212952),(Vehicles5↦1.4152786135673523)}",
        "VehiclesY": "{(EgoVehicle↦8.000000238418579),(Vehicles2↦-8.000000238418579),(Vehicles3↦-4.0000001192092896),(Vehicles4↦0.0),(Vehicles5↦0.0)}",
        "VehiclesVy": "{(EgoVehicle↦0.0),(Vehicles2↦0.0),(Vehicles3↦0.0),(Vehicles4↦0.0),(Vehicles5↦0.0)}",
        "VehiclesX": "{(EgoVehicle↦200.0),(Vehicles2↦14.684408903121948),(Vehicles3↦21.482354402542114),(Vehicles4↦22.98029065132141),(Vehicles5↦91.75050258636475)}"
      },
      "probabilisticVariables": null,
      "activating": [
        "SLOWER_58"
      ],
      "activatingOnlyWhenExecuted": true,
      "updating": null,
      "withPredicate": null
    },
    {
      "id": "SLOWER_58",
      "execute": "SLOWER",
      "after": "1000",
      "priority": 0,
      "additionalGuards": null,
      "activationKind": null,
      "fixedVariables": {
        "Crash": "FALSE",
        "VehiclesAy": "{(EgoVehicle↦0.0),(Vehicles2↦0.0),(Vehicles3↦0.0),(Vehicles4↦0.0),(Vehicles5↦0.0)}",
        "Reward": "0.7333333349213205",
        "VehiclesAx": "{(EgoVehicle↦0.0),(Vehicles2↦0.017531104385852814),(Vehicles3↦0.015842951834201813),(Vehicles4↦-0.0023359060287475586),(Vehicles5↦-0.003893226385116577)}",
        "VehiclesVx": "{(EgoVehicle↦20.0),(Vehicles2↦0.5567911639809608),(Vehicles3↦0.46999305486679077),(Vehicles4↦1.4395877718925476),(Vehicles5↦1.4113853871822357)}",
        "VehiclesY": "{(EgoVehicle↦8.000000238418579),(Vehicles2↦-8.000000238418579),(Vehicles3↦-4.0000001192092896),(Vehicles4↦0.0),(Vehicles5↦0.0)}",
        "VehiclesVy": "{(EgoVehicle↦0.0),(Vehicles2↦0.0),(Vehicles3↦0.0),(Vehicles4↦0.0),(Vehicles5↦0.0)}",
        "VehiclesX": "{(EgoVehicle↦200.0),(Vehicles2↦15.230715274810791),(Vehicles3↦21.94286584854126),(Vehicles4↦24.42128360271454),(Vehicles5↦93.16419959068298)}"
      },
      "probabilisticVariables": null,
      "activating": [
        "SLOWER_59"
      ],
      "activatingOnlyWhenExecuted": true,
      "updating": null,
      "withPredicate": null
    },
    {
      "id": "SLOWER_59",
      "execute": "SLOWER",
      "after": "1000",
      "priority": 0,
      "additionalGuards": null,
      "activationKind": null,
      "fixedVariables": {
        "Crash": "FALSE",
        "VehiclesAy": "{(EgoVehicle↦0.0),(Vehicles2↦0.0),(Vehicles3↦0.0),(Vehicles4↦0.0),(Vehicles5↦0.0)}",
        "Reward": "0.733333333542451",
        "VehiclesAx": "{(EgoVehicle↦0.0),(Vehicles2↦0.017112158238887787),(Vehicles3↦0.01553613692522049),(Vehicles4↦-0.0023834407329559326),(Vehicles5↦-0.003645867109298706)}",
        "VehiclesVx": "{(EgoVehicle↦20.0),(Vehicles2↦0.5739033222198486),(Vehicles3↦0.48552919179201126),(Vehicles4↦1.4372043311595917),(Vehicles5↦1.407739520072937)}",
        "VehiclesY": "{(EgoVehicle↦8.000000238418579),(Vehicles2↦-8.000000238418579),(Vehicles3↦-4.0000001192092896),(Vehicles4↦0.0),(Vehicles5↦0.0)}",
        "VehiclesVy": "{(EgoVehicle↦0.0),(Vehicles2↦0.0),(Vehicles3↦0.0),(Vehicles4↦0.0),(Vehicles5↦0.0)}",
        "VehiclesX": "{(EgoVehicle↦200.0),(Vehicles2↦15.794384479522705),(Vehicles3↦22.419098019599915),(Vehicles4↦25.859922170639038),(Vehicles5↦94.57411170005798)}"
      },
      "probabilisticVariables": null,
      "activating": [
        "SLOWER_60"
      ],
      "activatingOnlyWhenExecuted": true,
      "updating": null,
      "withPredicate": null
    },
    {
      "id": "SLOWER_60",
      "execute": "SLOWER",
      "after": "1000",
      "priority": 0,
      "additionalGuards": null,
      "activationKind": null,
      "fixedVariables": {
        "Crash": "FALSE",
        "VehiclesAy": "{(EgoVehicle↦0.0),(Vehicles2↦0.0),(Vehicles3↦0.0),(Vehicles4↦0.0),(Vehicles5↦0.0)}",
        "Reward": "0.7333333333608714",
        "VehiclesAx": "{(EgoVehicle↦0.0),(Vehicles2↦0.01670699566602707),(Vehicles3↦0.015237033367156982),(Vehicles4↦-0.0024144351482391357),(Vehicles5↦-0.0034034252166748047)}",
        "VehiclesVx": "{(EgoVehicle↦20.0),(Vehicles2↦0.5906103178858757),(Vehicles3↦0.5007662251591682),(Vehicles4↦1.4347898960113525),(Vehicles5↦1.4043360948562622)}",
        "VehiclesY": "{(EgoVehicle↦8.000000238418579),(Vehicles2↦-8.000000238418579),(Vehicles3↦-4.0000001192092896),(Vehicles4↦0.0),(Vehicles5↦0.0)}",
        "VehiclesVy": "{(EgoVehicle↦0.0),(Vehicles2↦0.0),(Vehicles3↦0.0),(Vehicles4↦0.0),(Vehicles5↦0.0)}",
        "VehiclesX": "{(EgoVehicle↦200.0),(Vehicles2↦16.3750022649765),(Vehicles3↦22.910745441913605),(Vehicles4↦27.296161651611328),(Vehicles5↦95.98047137260437)}"
      },
      "probabilisticVariables": null,
      "activating": [
        "SLOWER_61"
      ],
      "activatingOnlyWhenExecuted": true,
      "updating": null,
      "withPredicate": null
    },
    {
      "id": "SLOWER_61",
      "execute": "SLOWER",
      "after": "1000",
      "priority": 0,
      "additionalGuards": null,
      "activationKind": null,
      "fixedVariables": {
        "Crash": "FALSE",
        "VehiclesAy": "{(EgoVehicle↦0.0),(Vehicles2↦0.0),(Vehicles3↦0.0),(Vehicles4↦0.0),(Vehicles5↦0.0)}",
        "Reward": "0.7333333333369598",
        "VehiclesAx": "{(EgoVehicle↦0.0),(Vehicles2↦0.016314946115016937),(Vehicles3↦0.014945194125175476),(Vehicles4↦-0.002430528402328491),(Vehicles5↦-0.003165602684020996)}",
        "VehiclesVx": "{(EgoVehicle↦20.0),(Vehicles2↦0.6069252640008926),(Vehicles3↦0.5157114192843437),(Vehicles4↦1.432359367609024),(Vehicles5↦1.4011704921722412)}",
        "VehiclesY": "{(EgoVehicle↦8.000000238418579),(Vehicles2↦-8.000000238418579),(Vehicles3↦-4.0000001192092896),(Vehicles4↦0.0),(Vehicles5↦0.0)}",
        "VehiclesVy": "{(EgoVehicle↦0.0),(Vehicles2↦0.0),(Vehicles3↦0.0),(Vehicles4↦0.0),(Vehicles5↦0.0)}",
        "VehiclesX": "{(EgoVehicle↦200.0),(Vehicles2↦16.972169280052185),(Vehicles3↦23.417513072490692),(Vehicles4↦28.729981184005737),(Vehicles5↦97.38351702690125)}"
      },
      "probabilisticVariables": null,
      "activating": null,
      "activatingOnlyWhenExecuted": true,
      "updating": null,
      "withPredicate": null
    }
  ],
  "listeners": [],
  "metadata": {
    "fileType": "Timed_Trace",
    "formatVersion": 3,
    "savedAt": "2023-08-15T11:29:40.170492Z",
    "creator": "Simulation: MONTE_CARLO_SIMULATION; MAX_STEPS_BEFORE_PROPERTY : 0, EXECUTIONS : 1000, ENDING_TIME : 60000",
    "proB2KernelVersion": "4.12.2",
    "proBCliVersion": "1.12.2-final",
    "modelName": "HighwayEnvironment"
  }
}