{
  "variables": {},
  "activations": [
    {
      "id": "$setup_constants",
      "execute": "$setup_constants",
      "after": "0",
      "priority": 0,
      "additionalGuards": null,
      "activationKind": null,
      "fixedVariables": null,
      "probabilisticVariables": null,
      "activating": null,
      "activatingOnlyWhenExecuted": true,
      "updating": null,
      "withPredicate": null
    },
    {
      "id": "$initialise_machine",
      "execute": "$initialise_machine",
      "after": "0",
      "priority": 0,
      "additionalGuards": null,
      "activationKind": null,
      "fixedVariables": {
        "Crash": "FALSE",
        "VehiclesAy": "{(EgoVehicle↦0.0),(Vehicles2↦0.0),(Vehicles3↦0.0),(Vehicles4↦0.0),(Vehicles5↦0.0)}",
        "Reward": "0.0",
        "VehiclesAx": "{(EgoVehicle↦0.0),(Vehicles2↦0.0),(Vehicles3↦0.0),(Vehicles4↦0.0),(Vehicles5↦0.0)}",
        "VehiclesVx": "{(EgoVehicle↦25.0),(Vehicles2↦-1.7420659959316254),(Vehicles3↦-1.6068294644355774),(Vehicles4↦-1.5641434490680695),(Vehicles5↦-1.5139994025230408)}",
        "VehiclesY": "{(EgoVehicle↦4.0000001192092896),(Vehicles2↦0.0),(Vehicles3↦0.0),(Vehicles4↦0.0),(Vehicles5↦-4.0000001192092896)}",
        "VehiclesVy": "{(EgoVehicle↦0.0),(Vehicles2↦0.0),(Vehicles3↦0.0),(Vehicles4↦0.0),(Vehicles5↦0.0)}",
        "VehiclesX": "{(EgoVehicle↦153.40312719345093),(Vehicles2↦23.022620379924774),(Vehicles3↦49.23972189426422),(Vehicles4↦73.08299541473389),(Vehicles5↦97.12269306182861)}"
      },
      "probabilisticVariables": null,
      "activating": [
        "LANE_RIGHT_2"
      ],
      "activatingOnlyWhenExecuted": true,
      "updating": null,
      "withPredicate": null
    },
    {
      "id": "LANE_RIGHT_2",
      "execute": "LANE_RIGHT",
      "after": "1000",
      "priority": 0,
      "additionalGuards": null,
      "activationKind": null,
      "fixedVariables": {
        "Crash": "FALSE",
        "VehiclesAy": "{(EgoVehicle↦1.0796338319778442),(Vehicles2↦1.0679307579994202),(Vehicles3↦-1.0796338319778442),(Vehicles4↦-1.0796338319778442),(Vehicles5↦-1.0796338319778442)}",
        "Reward": "0.8660447183419508",
        "VehiclesAx": "{(EgoVehicle↦-0.023322105407714844),(Vehicles2↦-4.56215038895607),(Vehicles3↦-5.215307772159576),(Vehicles4↦-2.6447291672229767),(Vehicles5↦-1.7591285705566406)}",
        "VehiclesVx": "{(EgoVehicle↦24.976677894592285),(Vehicles2↦-6.304216384887695),(Vehicles3↦-6.822137236595154),(Vehicles4↦-4.208872616291046),(Vehicles5↦-3.2731279730796814)}",
        "VehiclesY": "{(EgoVehicle↦7.6599647998809814),(Vehicles2↦-0.4313736855983734),(Vehicles3↦-3.6599650382995605),(Vehicles4↦-3.6599650382995605),(Vehicles5↦-7.6599647998809814)}",
        "VehiclesVy": "{(EgoVehicle↦1.0796338319778442),(Vehicles2↦1.0679307579994202),(Vehicles3↦-1.0796338319778442),(Vehicles4↦-1.0796338319778442),(Vehicles5↦-1.0796338319778442)}",
        "VehiclesX": "{(EgoVehicle↦178.08337211608887),(Vehicles2↦18.865330517292023),(Vehicles3↦45.60461640357971),(Vehicles4↦70.65845727920532),(Vehicles5↦95.07863521575928)}"
      },
      "probabilisticVariables": null,
      "activating": [
        "LANE_RIGHT_3"
      ],
      "activatingOnlyWhenExecuted": true,
      "updating": null,
      "withPredicate": null
    },
    {
      "id": "LANE_RIGHT_3",
      "execute": "LANE_RIGHT",
      "after": "1000",
      "priority": 0,
      "additionalGuards": null,
      "activationKind": null,
      "fixedVariables": {
        "Crash": "FALSE",
        "VehiclesAy": "{(EgoVehicle↦-1.041519611608237),(Vehicles2↦-0.955126928165555),(Vehicles3↦-0.20922765135765076),(Vehicles4↦1.041519611608237),(Vehicles5↦-1.1177480523474514)}",
        "Reward": "0.8666658918962077",
        "VehiclesAx": "{(EgoVehicle↦0.023293495178222656),(Vehicles2↦1.1663049459457397),(Vehicles3↦-0.4322594404220581),(Vehicles4↦-0.125654935836792),(Vehicles5↦-0.7239410281181335)}",
        "VehiclesVx": "{(EgoVehicle↦24.999971389770508),(Vehicles2↦-5.137911438941956),(Vehicles3↦-7.254396677017212),(Vehicles4↦-4.334527552127838),(Vehicles5↦-3.997069001197815)}",
        "VehiclesY": "{(EgoVehicle↦7.988499641418457),(Vehicles2↦-0.04017042461782694),(Vehicles3↦-7.54260778427124),(Vehicles4↦-3.9884995222091675),(Vehicles5↦-7.988499641418457)}",
        "VehiclesVy": "{(EgoVehicle↦0.03811422036960721),(Vehicles2↦0.11280382983386517),(Vehicles3↦-1.288861483335495),(Vehicles4↦-0.03811422036960721),(Vehicles5↦-0.03811422036960721)}",
        "VehiclesX": "{(EgoVehicle↦200.0),(Vehicles2↦13.106648623943329),(Vehicles3↦37.708497047424316),(Vehicles4↦66.22531414031982),(Vehicles5↦91.45489931106567)}"
      },
      "probabilisticVariables": null,
      "activating": [
        "LANE_RIGHT_4"
      ],
      "activatingOnlyWhenExecuted": true,
      "updating": null,
      "withPredicate": null
    },
    {
      "id": "LANE_RIGHT_4",
      "execute": "LANE_RIGHT",
      "after": "1000",
      "priority": 0,
      "additionalGuards": null,
      "activationKind": null,
      "fixedVariables": {
        "Crash": "FALSE",
        "VehiclesAy": "{(EgoVehicle↦-0.03690516830829438),(Vehicles2↦-0.10481009725481272),(Vehicles3↦1.1936952825635672),(Vehicles4↦0.03690516830829438),(Vehicles5↦-0.03932327243092004)}",
        "Reward": "0.8666666658870362",
        "VehiclesAx": "{(EgoVehicle↦2.86102294921875E-05),(Vehicles2↦0.6856608390808105),(Vehicles3↦1.0206788778305054),(Vehicles4↦0.23353666067123413),(Vehicles5↦-0.3416284918785095)}",
        "VehiclesVx": "{(EgoVehicle↦25.0),(Vehicles2↦-4.452250599861145),(Vehicles3↦-6.2337177991867065),(Vehicles4↦-4.100990891456604),(Vehicles5↦-4.3386974930763245)}",
        "VehiclesY": "{(EgoVehicle↦7.999636888504028),(Vehicles2↦-0.0027508620405569673),(Vehicles3↦-7.966704368591309),(Vehicles4↦-3.9996371269226074),(Vehicles5↦-7.999636888504028)}",
        "VehiclesVy": "{(EgoVehicle↦0.001209052061312832),(Vehicles2↦0.007993732579052448),(Vehicles3↦-0.09516620077192783),(Vehicles4↦-0.001209052061312832),(Vehicles5↦-0.001209052061312832)}",
        "VehiclesX": "{(EgoVehicle↦200.0),(Vehicles2↦8.269773423671722),(Vehicles3↦30.914688110351562),(Vehicles4↦61.990731954574585),(Vehicles5↦87.31818199157715)}"
      },
      "probabilisticVariables": null,
      "activating": [
        "SLOWER_5"
      ],
      "activatingOnlyWhenExecuted": true,
      "updating": null,
      "withPredicate": null
    },
    {
      "id": "SLOWER_5",
      "execute": "SLOWER",
      "after": "1000",
      "priority": 0,
      "additionalGuards": null,
      "activationKind": null,
      "fixedVariables": {
        "Crash": "FALSE",
        "VehiclesAy": "{(EgoVehicle↦-0.001159856901722378),(Vehicles2↦-0.0075158656181884),(Vehicles3↦0.08865293464623392),(Vehicles4↦0.001159856901722378),(Vehicles5↦-0.0012582472209032858)}",
        "Reward": "0.7508916323715519",
        "VehiclesAx": "{(EgoVehicle↦-4.341564178466797),(Vehicles2↦4.741064924746752),(Vehicles3↦4.950639009475708),(Vehicles4↦4.516800940036774),(Vehicles5↦4.04029531404376)}",
        "VehiclesVx": "{(EgoVehicle↦20.658435821533203),(Vehicles2↦0.28881432488560677),(Vehicles3↦-1.2830787897109985),(Vehicles4↦0.4158100485801697),(Vehicles5↦-0.29840217903256416)}",
        "VehiclesY": "{(EgoVehicle↦7.999983072280884),(Vehicles2↦-0.000160145264089806),(Vehicles3↦-7.997738599777222),(Vehicles4↦-3.9999829530715942),(Vehicles5↦-7.999983072280884)}",
        "VehiclesVy": "{(EgoVehicle↦4.919515959045384E-05),(Vehicles2↦0.00047786696086404845),(Vehicles3↦-0.006513266125693917),(Vehicles4↦-4.919515959045384E-05),(Vehicles5↦-4.919515959045384E-05)}",
        "VehiclesX": "{(EgoVehicle↦200.0),(Vehicles2↦6.391701847314835),(Vehicles3↦27.345219254493713),(Vehicles4↦60.36349534988403),(Vehicles5↦85.24908423423767)}"
      },
      "probabilisticVariables": null,
      "activating": [
        "LANE_RIGHT_6"
      ],
      "activatingOnlyWhenExecuted": true,
      "updating": null,
      "withPredicate": null
    },
    {
      "id": "LANE_RIGHT_6",
      "execute": "LANE_RIGHT",
      "after": "1000",
      "priority": 0,
      "additionalGuards": null,
      "activationKind": null,
      "fixedVariables": {
        "Crash": "FALSE",
        "VehiclesAy": "{(EgoVehicle↦-4.617757014102608E-05),(Vehicles2↦-0.0004517446132012992),(Vehicles3↦0.006088021109462716),(Vehicles4↦4.617757014102608E-05),(Vehicles5↦-5.22127490398816E-05)}",
        "Reward": "0.7356455373221049",
        "VehiclesAx": "{(EgoVehicle↦-0.5717277526855469),(Vehicles2↦0.7716636918485165),(Vehicles3↦0.9172594174742699),(Vehicles4↦0.6086726486682892),(Vehicles5↦0.3475593216717243)}",
        "VehiclesVx": "{(EgoVehicle↦20.086708068847656),(Vehicles2↦1.0604780167341232),(Vehicles3↦-0.36581937223672867),(Vehicles4↦1.0244826972484589),(Vehicles5↦0.049157142639160156)}",
        "VehiclesY": "{(EgoVehicle↦7.9999988079071045),(Vehicles2↦-8.72426721798547E-06),(Vehicles3↦-7.999852895736694),(Vehicles4↦-3.9999990463256836),(Vehicles5↦-7.9999988079071045)}",
        "VehiclesVy": "{(EgoVehicle↦3.01758944942776E-06),(Vehicles2↦2.6122347662749235E-05),(Vehicles3↦-0.0004252450162312016),(Vehicles4↦-3.01758944942776E-06),(Vehicles5↦-3.01758944942776E-06)}",
        "VehiclesX": "{(EgoVehicle↦200.0),(Vehicles2↦7.088375091552734),(Vehicles3↦26.53256356716156),(Vehicles4↦61.120444536209106),(Vehicles5↦85.16998887062073)}"
      },
      "probabilisticVariables": null,
      "activating": [
        "LANE_RIGHT_7"
      ],
      "activatingOnlyWhenExecuted": true,
      "updating": null,
      "withPredicate": null
    },
    {
      "id": "LANE_RIGHT_7",
      "execute": "LANE_RIGHT",
      "after": "1000",
      "priority": 0,
      "additionalGuards": null,
      "activationKind": null,
      "fixedVariables": {
        "Crash": "FALSE",
        "VehiclesAy": "{(EgoVehicle↦-2.8300728338592762E-06),(Vehicles2↦-2.47249505491709E-05),(Vehicles3↦0.0003982551902481646),(Vehicles4↦2.8300728338592762E-06),(Vehicles5↦-3.2051060649962437E-06)}",
        "Reward": "0.7336378211014029",
        "VehiclesAx": "{(EgoVehicle↦-0.07529020309448242),(Vehicles2↦0.1431727409362793),(Vehicles3↦0.254655908793211),(Vehicles4↦0.07588155567646027),(Vehicles5↦-0.07693173130974174)}",
        "VehiclesVx": "{(EgoVehicle↦20.011417865753174),(Vehicles2↦1.2036507576704025),(Vehicles3↦-0.11116346344351768),(Vehicles4↦1.1003642529249191),(Vehicles5↦-0.02777458867058158)}",
        "VehiclesY": "{(EgoVehicle↦8.000000238418579),(Vehicles2↦-4.662127537358174E-07),(Vehicles3↦-7.999990940093994),(Vehicles4↦-3.999999761581421),(Vehicles5↦-8.000000238418579)}",
        "VehiclesVy": "{(EgoVehicle↦1.8751661556848376E-07),(Vehicles2↦1.3973971135783358E-06),(Vehicles3↦-2.6989825983037008E-05),(Vehicles4↦-1.8751661556848376E-07),(Vehicles5↦-1.8751661556848376E-07)}",
        "VehiclesX": "{(EgoVehicle↦200.0),(Vehicles2↦8.226437121629715),(Vehicles3↦26.29011869430542),(Vehicles4↦62.18010187149048),(Vehicles5↦85.19474864006042)}"
      },
      "probabilisticVariables": null,
      "activating": [
        "LANE_RIGHT_8"
      ],
      "activatingOnlyWhenExecuted": true,
      "updating": null,
      "withPredicate": null
    },
    {
      "id": "LANE_RIGHT_8",
      "execute": "LANE_RIGHT",
      "after": "1000",
      "priority": 0,
      "additionalGuards": null,
      "activationKind": null,
      "fixedVariables": {
        "Crash": "FALSE",
        "VehiclesAy": "{(EgoVehicle↦-1.758512802041423E-07),(Vehicles2↦-1.3231281670300632E-06),(Vehicles3↦2.5300847710241214E-05),(Vehicles4↦1.758512802041423E-07),(Vehicles5↦-1.991819509328252E-07)}",
        "Reward": "0.7333734304879762",
        "VehiclesAx": "{(EgoVehicle↦-0.009913444519042969),(Vehicles2↦-0.014008879661560059),(Vehicles3↦0.09242918458767235),(Vehicles4↦0.0651068240404129),(Vehicles5↦-0.08804677287116647)}",
        "VehiclesVx": "{(EgoVehicle↦20.00150442123413),(Vehicles2↦1.1896418780088425),(Vehicles3↦-0.018734278855845332),(Vehicles4↦1.165471076965332),(Vehicles5↦-0.11582136154174805)}",
        "VehiclesY": "{(EgoVehicle↦8.000000238418579),(Vehicles2↦-2.4798978870421706E-08),(Vehicles3↦-7.999999523162842),(Vehicles4↦-4.0000001192092896),(Vehicles5↦-8.000000238418579)}",
        "VehiclesVy": "{(EgoVehicle↦1.1665335364341445E-08),(Vehicles2↦7.426894654827265E-08),(Vehicles3↦-1.6889782727957936E-06),(Vehicles4↦-1.1665335364341445E-08),(Vehicles5↦-1.1665335364341445E-08)}",
        "VehiclesX": "{(EgoVehicle↦200.0),(Vehicles2↦9.43184345960617),(Vehicles3↦26.22310519218445),(Vehicles4↦63.30557465553284),(Vehicles5↦85.12958884239197)}"
      },
      "probabilisticVariables": null,
      "activating": [
        "LANE_RIGHT_9"
      ],
      "activatingOnlyWhenExecuted": true,
      "updating": null,
      "withPredicate": null
    },
    {
      "id": "LANE_RIGHT_9",
      "execute": "LANE_RIGHT",
      "after": "1000",
      "priority": 0,
      "additionalGuards": null,
      "activationKind": null,
      "fixedVariables": {
        "Crash": "FALSE",
        "VehiclesAy": "{(EgoVehicle↦-1.0939533723330896E-08),(Vehicles2↦-7.030747539715776E-08),(Vehicles3↦1.5839165978803749E-06),(Vehicles4↦1.0939533723330896E-08),(Vehicles5↦-1.2391137005351993E-08)}",
        "Reward": "0.7333386136170722",
        "VehiclesAx": "{(EgoVehicle↦-0.0013065338134765625),(Vehicles2↦-0.08008517324924469),(Vehicles3↦0.030765370465815067),(Vehicles4↦0.07164336740970612),(Vehicles5↦-0.057804472744464874)}",
        "VehiclesVx": "{(EgoVehicle↦20.000197887420654),(Vehicles2↦1.1095567047595978),(Vehicles3↦0.012031091609969735),(Vehicles4↦1.2371144443750381),(Vehicles5↦-0.17362583428621292)}",
        "VehiclesY": "{(EgoVehicle↦8.000000238418579),(Vehicles2↦-1.3254983777244433E-09),(Vehicles3↦-8.000000238418579),(Vehicles4↦-4.0000001192092896),(Vehicles5↦-8.000000238418579)}",
        "VehiclesVy": "{(EgoVehicle↦7.258016410105483E-10),(Vehicles2↦3.9614711511148926E-09),(Vehicles3↦-1.0506167491541873E-07),(Vehicles4↦-7.258016410105483E-10),(Vehicles5↦-7.258016410105483E-10)}",
        "VehiclesX": "{(EgoVehicle↦200.0),(Vehicles2↦10.593080520629883),(Vehicles3↦26.21987760066986),(Vehicles4↦64.49970602989197),(Vehicles5↦84.98826026916504)}"
      },
      "probabilisticVariables": null,
      "activating": [
        "LANE_RIGHT_10"
      ],
      "activatingOnlyWhenExecuted": true,
      "updating": null,
      "withPredicate": null
    },
    {
      "id": "LANE_RIGHT_10",
      "execute": "LANE_RIGHT",
      "after": "1000",
      "priority": 0,
      "additionalGuards": null,
      "activationKind": null,
      "fixedVariables": {
        "Crash": "FALSE",
        "VehiclesAy": "{(EgoVehicle↦-6.80646650152994E-10),(Vehicles2↦-3.7480596404293465E-09),(Vehicles3↦9.853708959894902E-08),(Vehicles4↦6.80655531937191E-10),(Vehicles5↦-7.709477500839057E-10)}",
        "Reward": "0.73333402867934",
        "VehiclesAx": "{(EgoVehicle↦-0.000171661376953125),(Vehicles2↦-0.1126936823129654),(Vehicles3↦0.002413523616269231),(Vehicles4↦0.0660514086484909),(Vehicles5↦-0.03195585682988167)}",
        "VehiclesVx": "{(EgoVehicle↦20.0000262260437),(Vehicles2↦0.9968630224466324),(Vehicles3↦0.014444615226238966),(Vehicles4↦1.303165853023529),(Vehicles5↦-0.2055816911160946)}",
        "VehiclesY": "{(EgoVehicle↦8.000000238418579),(Vehicles2↦-7.160805282069305E-11),(Vehicles3↦-8.000000238418579),(Vehicles4↦-4.0000001192092896),(Vehicles5↦-8.000000238418579)}",
        "VehiclesVy": "{(EgoVehicle↦4.515499085755437E-11),(Vehicles2↦2.134115106855461E-10),(Vehicles3↦-6.524585316469711E-09),(Vehicles4↦-4.5146109073357366E-11),(Vehicles5↦-4.5146109073357366E-11)}",
        "VehiclesX": "{(EgoVehicle↦200.0),(Vehicles2↦11.659275740385056),(Vehicles3↦26.23436748981476),(Vehicles4↦65.76405167579651),(Vehicles5↦84.80011224746704)}"
      },
      "probabilisticVariables": null,
      "activating": [
        "LANE_RIGHT_11"
      ],
      "activatingOnlyWhenExecuted": true,
      "updating": null,
      "withPredicate": null
    },
    {
      "id": "LANE_RIGHT_11",
      "execute": "LANE_RIGHT",
      "after": "1000",
      "priority": 0,
      "additionalGuards": null,
      "activationKind": null,
      "fixedVariables": {
        "Crash": "FALSE",
        "VehiclesAy": "{(EgoVehicle↦-4.234834705130197E-11),(Vehicles2↦-2.0174084625068645E-10),(Vehicles3↦6.119176276797589E-09),(Vehicles4↦4.234834705130197E-11),(Vehicles5↦-4.794387109541276E-11)}",
        "Reward": "0.7333334249015317",
        "VehiclesAx": "{(EgoVehicle↦-2.384185791015625E-05),(Vehicles2↦-0.1263377070426941),(Vehicles3↦-0.010391678952146322),(Vehicles4↦0.05409806966781616),(Vehicles5↦-0.013800878077745438)}",
        "VehiclesVx": "{(EgoVehicle↦20.00000238418579),(Vehicles2↦0.8705253154039383),(Vehicles3↦0.0040529362740926445),(Vehicles4↦1.3572639226913452),(Vehicles5↦-0.21938256919384003)}",
        "VehiclesY": "{(EgoVehicle↦8.000000238418579),(Vehicles2↦-3.920863633766203E-12),(Vehicles3↦-8.000000238418579),(Vehicles4↦-4.0000001192092896),(Vehicles5↦-8.000000238418579)}",
        "VehiclesVy": "{(EgoVehicle↦2.8066438062523957E-12),(Vehicles2↦1.1670664434859646E-11),(Vehicles3↦-4.0540903967212216E-10),(Vehicles4↦-2.7977620220553945E-12),(Vehicles5↦-2.7977620220553945E-12)}",
        "VehiclesX": "{(EgoVehicle↦200.0),(Vehicles2↦12.606145441532135),(Vehicles3↦26.24528408050537),(Vehicles4↦67.0898973941803),(Vehicles5↦84.58782434463501)}"
      },
      "probabilisticVariables": null,
      "activating": [
        "LANE_RIGHT_12"
      ],
      "activatingOnlyWhenExecuted": true,
      "updating": null,
      "withPredicate": null
    },
    {
      "id": "LANE_RIGHT_12",
      "execute": "LANE_RIGHT",
      "after": "1000",
      "priority": 0,
      "additionalGuards": null,
      "activationKind": null,
      "fixedVariables": {
        "Crash": "FALSE",
        "VehiclesAy": "{(EgoVehicle↦-2.6290081223123707E-12),(Vehicles2↦-1.1031175972675555E-11),(Vehicles3↦3.801847725526386E-10),(Vehicles4↦2.6290081223123707E-12),(Vehicles5↦-2.9665159217984183E-12)}",
        "Reward": "0.7333333453916969",
        "VehiclesAx": "{(EgoVehicle↦-2.384185791015625E-06),(Vehicles2↦-0.1284342259168625),(Vehicles3↦-0.015160136099439114),(Vehicles4↦0.04135444760322571),(Vehicles5↦-0.0016457773745059967)}",
        "VehiclesVx": "{(EgoVehicle↦20.0),(Vehicles2↦0.7420910894870758),(Vehicles3↦-0.01110719982534647),(Vehicles4↦1.398618370294571),(Vehicles5↦-0.22102834656834602)}",
        "VehiclesY": "{(EgoVehicle↦8.000000238418579),(Vehicles2↦-2.1715962361668062E-13),(Vehicles3↦-8.000000238418579),(Vehicles4↦-4.0000001192092896),(Vehicles5↦-8.000000238418579)}",
        "VehiclesVy": "{(EgoVehicle↦1.7763568394002505E-13),(Vehicles2↦6.394884621840902E-13),(Vehicles3↦-2.5224267119483557E-11),(Vehicles4↦-1.687538997430238E-13),(Vehicles5↦-1.687538997430238E-13)}",
        "VehiclesX": "{(EgoVehicle↦200.0),(Vehicles2↦13.42514306306839),(Vehicles3↦26.24344825744629),(Vehicles4↦68.4646725654602),(Vehicles5↦84.36700105667114)}"
      },
      "probabilisticVariables": null,
      "activating": [
        "LANE_RIGHT_13"
      ],
      "activatingOnlyWhenExecuted": true,
      "updating": null,
      "withPredicate": null
    },
    {
      "id": "LANE_RIGHT_13",
      "execute": "LANE_RIGHT",
      "after": "1000",
      "priority": 0,
      "additionalGuards": null,
      "activationKind": null,
      "fixedVariables": {
        "Crash": "FALSE",
        "VehiclesAy": "{(EgoVehicle↦-1.5987211554602254E-13),(Vehicles2↦-6.039613253960852E-13),(Vehicles3↦2.3643309532417334E-11),(Vehicles4↦1.509903313490213E-13),(Vehicles5↦-1.865174681370263E-13)}",
        "Reward": "0.733333334921266",
        "VehiclesAx": "{(EgoVehicle↦0.0),(Vehicles2↦-0.12396644800901413),(Vehicles3↦-0.015787486918270588),(Vehicles4↦0.030422955751419067),(Vehicles5↦0.00631844624876976)}",
        "VehiclesVx": "{(EgoVehicle↦20.0),(Vehicles2↦0.6181246414780617),(Vehicles3↦-0.026894686743617058),(Vehicles4↦1.42904132604599),(Vehicles5↦-0.21470990031957626)}",
        "VehiclesY": "{(EgoVehicle↦8.000000238418579),(Vehicles2↦-1.4654943925052066E-14),(Vehicles3↦-8.000000238418579),(Vehicles4↦-4.0000001192092896),(Vehicles5↦-8.000000238418579)}",
        "VehiclesVy": "{(EgoVehicle↦1.7763568394002505E-14),(Vehicles2↦3.552713678800501E-14),(Vehicles3↦-1.580957587066223E-12),(Vehicles4↦-1.7763568394002505E-14),(Vehicles5↦-1.7763568394002505E-14)}",
        "VehiclesX": "{(EgoVehicle↦200.0),(Vehicles2↦14.117121696472168),(Vehicles3↦26.225972175598145),(Vehicles4↦69.87623572349548),(Vehicles5↦84.14799571037292)}"
      },
      "probabilisticVariables": null,
      "activating": [
        "LANE_RIGHT_14"
      ],
      "activatingOnlyWhenExecuted": true,
      "updating": null,
      "withPredicate": null
    },
    {
      "id": "LANE_RIGHT_14",
      "execute": "LANE_RIGHT",
      "after": "1000",
      "priority": 0,
      "additionalGuards": null,
      "activationKind": null,
      "fixedVariables": {
        "Crash": "FALSE",
        "VehiclesAy": "{(EgoVehicle↦-1.7763568394002505E-14),(Vehicles2↦-3.552713678800501E-14),(Vehicles3↦1.4832579608992091E-12),(Vehicles4↦1.7763568394002505E-14),(Vehicles5↦-1.7763568394002505E-14)}",
        "Reward": "0.7333333335424438",
        "VehiclesAx": "{(EgoVehicle↦0.0),(Vehicles2↦-0.11623051017522812),(Vehicles3↦-0.01437982078641653),(Vehicles4↦0.022015124559402466),(Vehicles5↦0.01146731898188591)}",
        "VehiclesVx": "{(EgoVehicle↦20.0),(Vehicles2↦0.5018941313028336),(Vehicles3↦-0.04127450753003359),(Vehicles4↦1.4510564506053925),(Vehicles5↦-0.20324258133769035)}",
        "VehiclesY": "{(EgoVehicle↦8.000000238418579),(Vehicles2↦0.0),(Vehicles3↦-8.000000238418579),(Vehicles4↦-4.0000001192092896),(Vehicles5↦-8.000000238418579)}",
        "VehiclesVy": "{(EgoVehicle↦0.0),(Vehicles2↦0.0),(Vehicles3↦-9.769962616701378E-14),(Vehicles4↦0.0),(Vehicles5↦0.0)}",
        "VehiclesX": "{(EgoVehicle↦200.0),(Vehicles2↦14.68806266784668),(Vehicles3↦26.19316577911377),(Vehicles4↦71.31465673446655),(Vehicles5↦83.93754363059998)}"
      },
      "probabilisticVariables": null,
      "activating": [
        "LANE_RIGHT_15"
      ],
      "activatingOnlyWhenExecuted": true,
      "updating": null,
      "withPredicate": null
    },
    {
      "id": "LANE_RIGHT_15",
      "execute": "LANE_RIGHT",
      "after": "1000",
      "priority": 0,
      "additionalGuards": null,
      "activationKind": null,
      "fixedVariables": {
        "Crash": "FALSE",
        "VehiclesAy": "{(EgoVehicle↦0.0),(Vehicles2↦0.0),(Vehicles3↦7.993605777301127E-14),(Vehicles4↦0.0),(Vehicles5↦0.0)}",
        "Reward": "0.7333333333608705",
        "VehiclesAx": "{(EgoVehicle↦0.0),(Vehicles2↦-0.10720610618591309),(Vehicles3↦-0.012065484188497066),(Vehicles4↦0.01596212387084961),(Vehicles5↦0.014770068228244781)}",
        "VehiclesVx": "{(EgoVehicle↦20.0),(Vehicles2↦0.39468802511692047),(Vehicles3↦-0.053339991718530655),(Vehicles4↦1.467018574476242),(Vehicles5↦-0.18847251310944557)}",
        "VehiclesY": "{(EgoVehicle↦8.000000238418579),(Vehicles2↦0.0),(Vehicles3↦-8.000000238418579),(Vehicles4↦-4.0000001192092896),(Vehicles5↦-8.000000238418579)}",
        "VehiclesVy": "{(EgoVehicle↦0.0),(Vehicles2↦0.0),(Vehicles3↦-1.7763568394002505E-14),(Vehicles4↦0.0),(Vehicles5↦0.0)}",
        "VehiclesX": "{(EgoVehicle↦200.0),(Vehicles2↦15.14633297920227),(Vehicles3↦26.146861910820007),(Vehicles4↦72.77249693870544),(Vehicles5↦83.74000191688538)}"
      },
      "probabilisticVariables": null,
      "activating": [
        "LANE_RIGHT_16"
      ],
      "activatingOnlyWhenExecuted": true,
      "updating": null,
      "withPredicate": null
    },
    {
      "id": "LANE_RIGHT_16",
      "execute": "LANE_RIGHT",
      "after": "1000",
      "priority": 0,
      "additionalGuards": null,
      "activationKind": null,
      "fixedVariables": {
        "Crash": "FALSE",
        "VehiclesAy": "{(EgoVehicle↦0.0),(Vehicles2↦0.0),(Vehicles3↦1.7763568394002505E-14),(Vehicles4↦0.0),(Vehicles5↦0.0)}",
        "Reward": "0.7333333333369597",
        "VehiclesAx": "{(EgoVehicle↦0.0),(Vehicles2↦-0.09793384000658989),(Vehicles3↦-0.00943371094763279),(Vehicles4↦0.011796951293945312),(Vehicles5↦-1.1660104058682919)}",
        "VehiclesVx": "{(EgoVehicle↦20.0),(Vehicles2↦0.2967541851103306),(Vehicles3↦-0.06277370266616344),(Vehicles4↦1.4788155257701874),(Vehicles5↦-1.3544829189777374)}",
        "VehiclesY": "{(EgoVehicle↦8.000000238418579),(Vehicles2↦0.0),(Vehicles3↦-8.000000238418579),(Vehicles4↦-4.0000001192092896),(Vehicles5↦0.0)}",
        "VehiclesVy": "{(EgoVehicle↦0.0),(Vehicles2↦0.0),(Vehicles3↦0.0),(Vehicles4↦0.0),(Vehicles5↦0.0)}",
        "VehiclesX": "{(EgoVehicle↦200.0),(Vehicles2↦15.501110255718231),(Vehicles3↦26.089534163475037),(Vehicles4↦74.24450516700745),(Vehicles5↦83.10084939002991)}"
      },
      "probabilisticVariables": null,
      "activating": [
        "LANE_RIGHT_17"
      ],
      "activatingOnlyWhenExecuted": true,
      "updating": null,
      "withPredicate": null
    },
    {
      "id": "LANE_RIGHT_17",
      "execute": "LANE_RIGHT",
      "after": "1000",
      "priority": 0,
      "additionalGuards": null,
      "activationKind": null,
      "fixedVariables": {
        "Crash": "FALSE",
        "VehiclesAy": "{(EgoVehicle↦0.0),(Vehicles2↦0.0),(Vehicles3↦0.0),(Vehicles4↦0.0),(Vehicles5↦0.0)}",
        "Reward": "0.7333333333338109",
        "VehiclesAx": "{(EgoVehicle↦0.0),(Vehicles2↦-0.08886756375432014),(Vehicles3↦-0.006780675612390041),(Vehicles4↦0.009027719497680664),(Vehicles5↦0.11812455952167511)}",
        "VehiclesVx": "{(EgoVehicle↦20.0),(Vehicles2↦0.20788662135601044),(Vehicles3↦-0.06955437827855349),(Vehicles4↦1.487843245267868),(Vehicles5↦-1.2363583594560623)}",
        "VehiclesY": "{(EgoVehicle↦8.000000238418579),(Vehicles2↦0.0),(Vehicles3↦-8.000000238418579),(Vehicles4↦-4.0000001192092896),(Vehicles5↦0.0)}",
        "VehiclesVy": "{(EgoVehicle↦0.0),(Vehicles2↦0.0),(Vehicles3↦0.0),(Vehicles4↦0.0),(Vehicles5↦0.0)}",
        "VehiclesX": "{(EgoVehicle↦200.0),(Vehicles2↦15.761604905128479),(Vehicles3↦26.0238379240036),(Vehicles4↦75.72711110115051),(Vehicles5↦81.79442882537842)}"
      },
      "probabilisticVariables": null,
      "activating": [
        "LANE_RIGHT_18"
      ],
      "activatingOnlyWhenExecuted": true,
      "updating": null,
      "withPredicate": null
    },
    {
      "id": "LANE_RIGHT_18",
      "execute": "LANE_RIGHT",
      "after": "1000",
      "priority": 0,
      "additionalGuards": null,
      "activationKind": null,
      "fixedVariables": {
        "Crash": "FALSE",
        "VehiclesAy": "{(EgoVehicle↦0.0),(Vehicles2↦0.0),(Vehicles3↦0.0),(Vehicles4↦0.0),(Vehicles5↦0.0)}",
        "Reward": "0.7333333333333963",
        "VehiclesAx": "{(EgoVehicle↦0.0),(Vehicles2↦-0.08014880120754242),(Vehicles3↦-0.004246644675731659),(Vehicles4↦0.007238984107971191),(Vehicles5↦0.10767102241516113)}",
        "VehiclesVx": "{(EgoVehicle↦20.0),(Vehicles2↦0.12773782014846802),(Vehicles3↦-0.07380102295428514),(Vehicles4↦1.4950822293758392),(Vehicles5↦-1.1286873370409012)}",
        "VehiclesY": "{(EgoVehicle↦8.000000238418579),(Vehicles2↦0.0),(Vehicles3↦-8.000000238418579),(Vehicles4↦-4.0000001192092896),(Vehicles5↦0.0)}",
        "VehiclesVy": "{(EgoVehicle↦0.0),(Vehicles2↦0.0),(Vehicles3↦0.0),(Vehicles4↦0.0),(Vehicles5↦0.0)}",
        "VehiclesX": "{(EgoVehicle↦200.0),(Vehicles2↦15.936748683452606),(Vehicles3↦25.95238983631134),(Vehicles4↦77.21796035766602),(Vehicles5↦80.60198426246643)}"
      },
      "probabilisticVariables": null,
      "activating": [
        "LANE_RIGHT_19"
      ],
      "activatingOnlyWhenExecuted": true,
      "updating": null,
      "withPredicate": null
    },
    {
      "id": "LANE_RIGHT_19",
      "execute": "LANE_RIGHT",
      "after": "1000",
      "priority": 0,
      "additionalGuards": null,
      "activationKind": null,
      "fixedVariables": {
        "Crash": "FALSE",
        "VehiclesAy": "{(EgoVehicle↦0.0),(Vehicles2↦-1.1491608619689941),(Vehicles3↦0.0),(Vehicles4↦0.0),(Vehicles5↦0.0)}",
        "Reward": "0.7333333333333415",
        "VehiclesAx": "{(EgoVehicle↦0.0),(Vehicles2↦0.026154639199376106),(Vehicles3↦-0.0018912646919488907),(Vehicles4↦0.006115585565567017),(Vehicles5↦0.09734556078910828)}",
        "VehiclesVx": "{(EgoVehicle↦20.0),(Vehicles2↦0.15389245934784412),(Vehicles3↦-0.07569228764623404),(Vehicles4↦1.5011978149414062),(Vehicles5↦-1.031341776251793)}",
        "VehiclesY": "{(EgoVehicle↦8.000000238418579),(Vehicles2↦-3.604786992073059),(Vehicles3↦-8.000000238418579),(Vehicles4↦-4.0000001192092896),(Vehicles5↦0.0)}",
        "VehiclesVy": "{(EgoVehicle↦0.0),(Vehicles2↦-1.1491608619689941),(Vehicles3↦0.0),(Vehicles4↦0.0),(Vehicles5↦0.0)}",
        "VehiclesX": "{(EgoVehicle↦200.0),(Vehicles2↦15.659776329994202),(Vehicles3↦25.877651572227478),(Vehicles4↦78.71555685997009),(Vehicles5↦79.51303720474243)}"
      },
      "probabilisticVariables": null,
      "activating": [
        "FASTER_20"
      ],
      "activatingOnlyWhenExecuted": true,
      "updating": null,
      "withPredicate": null
    },
    {
      "id": "FASTER_20",
      "execute": "FASTER",
      "after": "1000",
      "priority": 0,
      "additionalGuards": null,
      "activationKind": null,
      "fixedVariables": {
        "Crash": "FALSE",
        "VehiclesAy": "{(EgoVehicle↦0.0),(Vehicles2↦1.0791923804208636),(Vehicles3↦0.0),(Vehicles4↦0.0),(Vehicles5↦0.0)}",
        "Reward": "0.8491083676268874",
        "VehiclesAx": "{(EgoVehicle↦4.341564178466797),(Vehicles2↦-4.106018068268895),(Vehicles3↦-4.341297694481909),(Vehicles4↦-6.7863017320632935),(Vehicles5↦-1.8035922199487686)}",
        "VehiclesVx": "{(EgoVehicle↦24.341564178466797),(Vehicles2↦-3.952125608921051),(Vehicles3↦-4.416989982128143),(Vehicles4↦-5.285103917121887),(Vehicles5↦-2.8349339962005615)}",
        "VehiclesY": "{(EgoVehicle↦8.000000238418579),(Vehicles2↦-3.9761531352996826),(Vehicles3↦-8.000000238418579),(Vehicles4↦0.0),(Vehicles5↦-4.0000001192092896)}",
        "VehiclesVy": "{(EgoVehicle↦0.0),(Vehicles2↦-0.06996848154813051),(Vehicles3↦0.0),(Vehicles4↦0.0),(Vehicles5↦0.0)}",
        "VehiclesX": "{(EgoVehicle↦200.0),(Vehicles2↦13.532799482345581),(Vehicles3↦23.40683937072754),(Vehicles4↦76.12248063087463),(Vehicles5↦77.82390713691711)}"
      },
      "probabilisticVariables": null,
      "activating": [
        "FASTER_21"
      ],
      "activatingOnlyWhenExecuted": true,
      "updating": null,
      "withPredicate": null
    },
    {
      "id": "FASTER_21",
      "execute": "FASTER",
      "after": "1000",
      "priority": 0,
      "additionalGuards": null,
      "activationKind": null,
      "fixedVariables": {
        "Crash": "FALSE",
        "VehiclesAy": "{(EgoVehicle↦0.0),(Vehicles2↦0.06582601752597839),(Vehicles3↦0.0),(Vehicles4↦0.0),(Vehicles5↦0.0)}",
        "Reward": "0.9801294969714419",
        "VehiclesAx": "{(EgoVehicle↦4.913291931152344),(Vehicles2↦-4.769823849201202),(Vehicles3↦-4.91106778383255),(Vehicles4↦-4.8340171575546265),(Vehicles5↦-4.908260107040405)}",
        "VehiclesVx": "{(EgoVehicle↦29.25485610961914),(Vehicles2↦-8.721949458122253),(Vehicles3↦-9.328057765960693),(Vehicles4↦-10.119121074676514),(Vehicles5↦-7.743194103240967)}",
        "VehiclesY": "{(EgoVehicle↦8.000000238418579),(Vehicles2↦-3.9985921382904053),(Vehicles3↦-8.000000238418579),(Vehicles4↦0.0),(Vehicles5↦-4.0000001192092896)}",
        "VehiclesVy": "{(EgoVehicle↦0.0),(Vehicles2↦-0.004142464022152126),(Vehicles3↦0.0),(Vehicles4↦0.0),(Vehicles5↦0.0)}",
        "VehiclesX": "{(EgoVehicle↦200.0),(Vehicles2↦6.9315105676651),(Vehicles3↦16.280129551887512),(Vehicles4↦68.15926432609558),(Vehicles5↦72.28055000305176)}"
      },
      "probabilisticVariables": null,
      "activating": [
        "LANE_RIGHT_22"
      ],
      "activatingOnlyWhenExecuted": true,
      "updating": null,
      "withPredicate": null
    },
    {
      "id": "LANE_RIGHT_22",
      "execute": "LANE_RIGHT",
      "after": "1000",
      "priority": 0,
      "additionalGuards": null,
      "activationKind": null,
      "fixedVariables": {
        "Crash": "FALSE",
        "VehiclesAy": "{(EgoVehicle↦0.0),(Vehicles2↦0.0039006373299343977),(Vehicles3↦0.0),(Vehicles4↦0.0),(Vehicles5↦0.0)}",
        "Reward": "0.9973833082431529",
        "VehiclesAx": "{(EgoVehicle↦0.6470179557800293),(Vehicles2↦-0.5425113439559937),(Vehicles3↦-0.6430244445800781),(Vehicles4↦-0.5752348899841309),(Vehicles5↦-2.2124606370925903)}",
        "VehiclesVx": "{(EgoVehicle↦29.90187406539917),(Vehicles2↦-9.264460802078247),(Vehicles3↦-9.971082210540771),(Vehicles4↦-10.694355964660645),(Vehicles5↦-9.955654740333557)}",
        "VehiclesY": "{(EgoVehicle↦8.000000238418579),(Vehicles2↦-3.9999178647994995),(Vehicles3↦-8.000000238418579),(Vehicles4↦0.0),(Vehicles5↦-8.000000238418579)}",
        "VehiclesVy": "{(EgoVehicle↦0.0),(Vehicles2↦-0.00024182669221772812),(Vehicles3↦0.0),(Vehicles4↦0.0),(Vehicles5↦0.0)}",
        "VehiclesX": "{(EgoVehicle↦200.0),(Vehicles2↦-2.1031247451901436),(Vehicles3↦6.5966010093688965),(Vehicles4↦57.712483406066895),(Vehicles5↦63.80376219749451)}"
      },
      "probabilisticVariables": null,
      "activating": [
        "IDLE_23"
      ],
      "activatingOnlyWhenExecuted": true,
      "updating": null,
      "withPredicate": null
    },
    {
      "id": "IDLE_23",
      "execute": "IDLE",
      "after": "1000",
      "priority": 0,
      "additionalGuards": null,
      "activationKind": null,
      "fixedVariables": {
        "Crash": "FALSE",
        "VehiclesAy": "{(EgoVehicle↦0.0),(Vehicles2↦0.00024182669221772812),(Vehicles3↦0.0),(Vehicles4↦0.0),(Vehicles5↦0.0)}",
        "Reward": "0.9996554150772875",
        "VehiclesAx": "{(EgoVehicle↦0.08520364761352539),(Vehicles2↦-0.7862436771392822),(Vehicles3↦-0.7432377338409424),(Vehicles4↦0.6739819049835205),(Vehicles5↦1.489759087562561)}",
        "VehiclesVx": "{(EgoVehicle↦29.987077713012695),(Vehicles2↦-10.05070447921753),(Vehicles3↦-10.714319944381714),(Vehicles4↦-10.020374059677124),(Vehicles5↦-8.465895652770996)}",
        "VehiclesY": "{(EgoVehicle↦8.000000238418579),(Vehicles2↦-8.000000238418579),(Vehicles3↦0.0),(Vehicles4↦-8.000000238418579),(Vehicles5↦-4.0000001192092896)}",
        "VehiclesVy": "{(EgoVehicle↦0.0),(Vehicles2↦0.0),(Vehicles3↦0.0),(Vehicles4↦0.0),(Vehicles5↦0.0)}",
        "VehiclesX": "{(EgoVehicle↦200.0),(Vehicles2↦-3.4193720668554306),(Vehicles3↦46.9977080821991),(Vehicles4↦53.80929112434387),(Vehicles5↦55.751848220825195)}"
      },
      "probabilisticVariables": null,
      "activating": [
        "IDLE_24"
      ],
      "activatingOnlyWhenExecuted": true,
      "updating": null,
      "withPredicate": null
    },
    {
      "id": "IDLE_24",
      "execute": "IDLE",
      "after": "1000",
      "priority": 0,
      "additionalGuards": null,
      "activationKind": null,
      "fixedVariables": {
        "Crash": "FALSE",
        "VehiclesAy": "{(EgoVehicle↦0.0),(Vehicles2↦0.0),(Vehicles3↦0.0),(Vehicles4↦0.0),(Vehicles5↦0.0)}",
        "Reward": "0.999954622561618",
        "VehiclesAx": "{(EgoVehicle↦0.011219978332519531),(Vehicles2↦-0.6153059005737305),(Vehicles3↦0.7032108306884766),(Vehicles4↦1.547926664352417),(Vehicles5↦-1.3678616285324097)}",
        "VehiclesVx": "{(EgoVehicle↦29.998297691345215),(Vehicles2↦-10.66601037979126),(Vehicles3↦-10.011109113693237),(Vehicles4↦-8.472447395324707),(Vehicles5↦-9.833757281303406)}",
        "VehiclesY": "{(EgoVehicle↦8.000000238418579),(Vehicles2↦0.0),(Vehicles3↦-8.000000238418579),(Vehicles4↦-4.0000001192092896),(Vehicles5↦-8.000000238418579)}",
        "VehiclesVy": "{(EgoVehicle↦0.0),(Vehicles2↦0.0),(Vehicles3↦0.0),(Vehicles4↦0.0),(Vehicles5↦0.0)}",
        "VehiclesX": "{(EgoVehicle↦200.0),(Vehicles2↦36.30143702030182),(Vehicles3↦43.79092752933502),(Vehicles4↦47.28163182735443),(Vehicles5↦102.39784717559814)}"
      },
      "probabilisticVariables": null,
      "activating": [
        "SLOWER_25"
      ],
      "activatingOnlyWhenExecuted": true,
      "updating": null,
      "withPredicate": null
    },
    {
      "id": "SLOWER_25",
      "execute": "SLOWER",
      "after": "1000",
      "priority": 0,
      "additionalGuards": null,
      "activationKind": null,
      "fixedVariables": {
        "Crash": "FALSE",
        "VehiclesAy": "{(EgoVehicle↦0.0),(Vehicles2↦0.0),(Vehicles3↦0.0),(Vehicles4↦0.0),(Vehicles5↦0.0)}",
        "Reward": "0.8842189900767016",
        "VehiclesAx": "{(EgoVehicle↦-4.340085983276367),(Vehicles2↦4.394618272781372),(Vehicles3↦4.360522627830505),(Vehicles4↦4.344755411148071),(Vehicles5↦4.361146092414856)}",
        "VehiclesVx": "{(EgoVehicle↦25.658211708068848),(Vehicles2↦-6.271392107009888),(Vehicles3↦-5.650586485862732),(Vehicles4↦-4.127691984176636),(Vehicles5↦-5.47261118888855)}",
        "VehiclesY": "{(EgoVehicle↦8.000000238418579),(Vehicles2↦0.0),(Vehicles3↦-8.000000238418579),(Vehicles4↦-4.0000001192092896),(Vehicles5↦-8.000000238418579)}",
        "VehiclesVy": "{(EgoVehicle↦0.0),(Vehicles2↦0.0),(Vehicles3↦0.0),(Vehicles4↦0.0),(Vehicles5↦0.0)}",
        "VehiclesX": "{(EgoVehicle↦200.0),(Vehicles2↦28.051859140396118),(Vehicles3↦36.18224263191223),(Vehicles4↦41.20529592037201),(Vehicles5↦94.96678113937378)}"
      },
      "probabilisticVariables": null,
      "activating": [
        "SLOWER_26"
      ],
      "activatingOnlyWhenExecuted": true,
      "updating": null,
      "withPredicate": null
    },
    {
      "id": "SLOWER_26",
      "execute": "SLOWER",
      "after": "1000",
      "priority": 0,
      "additionalGuards": null,
      "activationKind": null,
      "fixedVariables": {
        "Crash": "FALSE",
        "VehiclesAy": "{(EgoVehicle↦0.0),(Vehicles2↦0.0),(Vehicles3↦0.0),(Vehicles4↦0.0),(Vehicles5↦0.0)}",
        "Reward": "0.7532030494476863",
        "VehiclesAx": "{(EgoVehicle↦-4.9130964279174805),(Vehicles2↦4.96323823928833),(Vehicles3↦4.933439344167709),(Vehicles4↦4.917790740728378),(Vehicles5↦4.933867901563644)}",
        "VehiclesVx": "{(EgoVehicle↦20.745115280151367),(Vehicles2↦-1.3081538677215576),(Vehicles3↦-0.7171471416950226),(Vehicles4↦0.7900987565517426),(Vehicles5↦-0.5387432873249054)}",
        "VehiclesY": "{(EgoVehicle↦8.000000238418579),(Vehicles2↦0.0),(Vehicles3↦-8.000000238418579),(Vehicles4↦-4.0000001192092896),(Vehicles5↦-8.000000238418579)}",
        "VehiclesVy": "{(EgoVehicle↦0.0),(Vehicles2↦0.0),(Vehicles3↦0.0),(Vehicles4↦0.0),(Vehicles5↦0.0)}",
        "VehiclesX": "{(EgoVehicle↦200.0),(Vehicles2↦24.51120615005493),(Vehicles3↦33.25015604496002),(Vehicles4↦39.78983163833618),(Vehicles5↦92.21286177635193)}"
      },
      "probabilisticVariables": null,
      "activating": [
        "SLOWER_27"
      ],
      "activatingOnlyWhenExecuted": true,
      "updating": null,
      "withPredicate": null
    },
    {
      "id": "SLOWER_27",
      "execute": "SLOWER",
      "after": "1000",
      "priority": 0,
      "additionalGuards": null,
      "activationKind": null,
      "fixedVariables": {
        "Crash": "FALSE",
        "VehiclesAy": "{(EgoVehicle↦0.0),(Vehicles2↦0.0),(Vehicles3↦0.0),(Vehicles4↦0.0),(Vehicles5↦0.0)}",
        "Reward": "0.7359499214636186",
        "VehiclesAx": "{(EgoVehicle↦-0.6469941139221191),(Vehicles2↦0.6932539865374565),(Vehicles3↦0.667201024480164),(Vehicles4↦0.6517204642295837),(Vehicles5↦0.6674158293753862)}",
        "VehiclesVx": "{(EgoVehicle↦20.098121166229248),(Vehicles2↦-0.6148998811841011),(Vehicles3↦-0.04994611721485853),(Vehicles4↦1.4418192207813263),(Vehicles5↦0.12867254205048084)}",
        "VehiclesY": "{(EgoVehicle↦8.000000238418579),(Vehicles2↦0.0),(Vehicles3↦-8.000000238418579),(Vehicles4↦-4.0000001192092896),(Vehicles5↦-8.000000238418579)}",
        "VehiclesVy": "{(EgoVehicle↦0.0),(Vehicles2↦0.0),(Vehicles3↦0.0),(Vehicles4↦0.0),(Vehicles5↦0.0)}",
        "VehiclesX": "{(EgoVehicle↦200.0),(Vehicles2↦23.578768968582153),(Vehicles3↦32.89802372455597),(Vehicles4↦40.938737988471985),(Vehicles5↦92.03923344612122)}"
      },
      "probabilisticVariables": null,
      "activating": [
        "SLOWER_28"
      ],
      "activatingOnlyWhenExecuted": true,
      "updating": null,
      "withPredicate": null
    },
    {
      "id": "SLOWER_28",
      "execute": "SLOWER",
      "after": "1000",
      "priority": 0,
      "additionalGuards": null,
      "activationKind": null,
      "fixedVariables": {
        "Crash": "FALSE",
        "VehiclesAy": "{(EgoVehicle↦0.0),(Vehicles2↦0.0),(Vehicles3↦0.0),(Vehicles4↦0.0),(Vehicles5↦0.0)}",
        "Reward": "0.7336779046097495",
        "VehiclesAx": "{(EgoVehicle↦-0.08519887924194336),(Vehicles2↦0.12802109122276306),(Vehicles3↦0.1052412111312151),(Vehicles4↦0.08996859192848206),(Vehicles5↦0.10523426346480846)}",
        "VehiclesVx": "{(EgoVehicle↦20.012922286987305),(Vehicles2↦-0.48687878996133804),(Vehicles3↦0.055295093916356564),(Vehicles4↦1.5317878127098083),(Vehicles5↦0.2339068055152893)}",
        "VehiclesY": "{(EgoVehicle↦8.000000238418579),(Vehicles2↦0.0),(Vehicles3↦-8.000000238418579),(Vehicles4↦-4.0000001192092896),(Vehicles5↦-8.000000238418579)}",
        "VehiclesVy": "{(EgoVehicle↦0.0),(Vehicles2↦0.0),(Vehicles3↦0.0),(Vehicles4↦0.0),(Vehicles5↦0.0)}",
        "VehiclesX": "{(EgoVehicle↦200.0),(Vehicles2↦23.028257489204407),(Vehicles3↦32.90311098098755),(Vehicles4↦42.4294650554657),(Vehicles5↦92.2229528427124)}"
      },
      "probabilisticVariables": null,
      "activating": [
        "SLOWER_29"
      ],
      "activatingOnlyWhenExecuted": true,
      "updating": null,
      "withPredicate": null
    },
    {
      "id": "SLOWER_29",
      "execute": "SLOWER",
      "after": "1000",
      "priority": 0,
      "additionalGuards": null,
      "activationKind": null,
      "fixedVariables": {
        "Crash": "FALSE",
        "VehiclesAy": "{(EgoVehicle↦0.0),(Vehicles2↦0.0),(Vehicles3↦0.0),(Vehicles4↦0.0),(Vehicles5↦0.0)}",
        "Reward": "0.7333787089746721",
        "VehiclesAx": "{(EgoVehicle↦-0.011219978332519531),(Vehicles2↦0.050974041223526),(Vehicles3↦0.03106116782873869),(Vehicles4↦0.016028285026550293),(Vehicles5↦0.03083057701587677)}",
        "VehiclesVx": "{(EgoVehicle↦20.001702308654785),(Vehicles2↦-0.43590474873781204),(Vehicles3↦0.08635626174509525),(Vehicles4↦1.5478160977363586),(Vehicles5↦0.2647373825311661)}",
        "VehiclesY": "{(EgoVehicle↦8.000000238418579),(Vehicles2↦0.0),(Vehicles3↦-8.000000238418579),(Vehicles4↦-4.0000001192092896),(Vehicles5↦-8.000000238418579)}",
        "VehiclesVy": "{(EgoVehicle↦0.0),(Vehicles2↦0.0),(Vehicles3↦0.0),(Vehicles4↦0.0),(Vehicles5↦0.0)}",
        "VehiclesX": "{(EgoVehicle↦200.0),(Vehicles2↦22.56370186805725),(Vehicles3↦32.97255039215088),(Vehicles4↦43.96935999393463),(Vehicles5↦92.47093200683594)}"
      },
      "probabilisticVariables": null,
      "activating": [
        "SLOWER_30"
      ],
      "activatingOnlyWhenExecuted": true,
      "updating": null,
      "withPredicate": null
    },
    {
      "id": "SLOWER_30",
      "execute": "SLOWER",
      "after": "1000",
      "priority": 0,
      "additionalGuards": null,
      "activationKind": null,
      "fixedVariables": {
        "Crash": "FALSE",
        "VehiclesAy": "{(EgoVehicle↦0.0),(Vehicles2↦0.0),(Vehicles3↦0.0),(Vehicles4↦0.0),(Vehicles5↦0.0)}",
        "Reward": "0.7333393087264314",
        "VehiclesAx": "{(EgoVehicle↦-0.0014781951904296875),(Vehicles2↦0.038489364087581635),(Vehicles3↦0.02109205350279808),(Vehicles4↦0.006325095891952515),(Vehicles5↦0.020641200244426727)}",
        "VehiclesVx": "{(EgoVehicle↦20.000224113464355),(Vehicles2↦-0.3974153846502304),(Vehicles3↦0.10744831524789333),(Vehicles4↦1.5541411936283112),(Vehicles5↦0.2853785827755928)}",
        "VehiclesY": "{(EgoVehicle↦8.000000238418579),(Vehicles2↦0.0),(Vehicles3↦-8.000000238418579),(Vehicles4↦-4.0000001192092896),(Vehicles5↦-8.000000238418579)}",
        "VehiclesVy": "{(EgoVehicle↦0.0),(Vehicles2↦0.0),(Vehicles3↦0.0),(Vehicles4↦0.0),(Vehicles5↦0.0)}",
        "VehiclesX": "{(EgoVehicle↦200.0),(Vehicles2↦22.14362472295761),(Vehicles3↦33.06758403778076),(Vehicles4↦45.5199271440506),(Vehicles5↦92.74418354034424)}"
      },
      "probabilisticVariables": null,
      "activating": [
        "SLOWER_31"
      ],
      "activatingOnlyWhenExecuted": true,
      "updating": null,
      "withPredicate": null
    },
    {
      "id": "SLOWER_31",
      "execute": "SLOWER",
      "after": "1000",
      "priority": 0,
      "additionalGuards": null,
      "activationKind": null,
      "fixedVariables": {
        "Crash": "FALSE",
        "VehiclesAy": "{(EgoVehicle↦0.0),(Vehicles2↦0.0),(Vehicles3↦0.0),(Vehicles4↦0.0),(Vehicles5↦0.0)}",
        "Reward": "0.7333341202163751",
        "VehiclesAx": "{(EgoVehicle↦-0.00019550323486328125),(Vehicles2↦0.0347457081079483),(Vehicles3↦0.01955813728272915),(Vehicles4↦0.005078017711639404),(Vehicles5↦0.018894430249929428)}",
        "VehiclesVx": "{(EgoVehicle↦20.000028610229492),(Vehicles2↦-0.3626696765422821),(Vehicles3↦0.12700645253062248),(Vehicles4↦1.5592192113399506),(Vehicles5↦0.30427301302552223)}",
        "VehiclesY": "{(EgoVehicle↦8.000000238418579),(Vehicles2↦0.0),(Vehicles3↦-8.000000238418579),(Vehicles4↦-4.0000001192092896),(Vehicles5↦-8.000000238418579)}",
        "VehiclesVy": "{(EgoVehicle↦0.0),(Vehicles2↦0.0),(Vehicles3↦0.0),(Vehicles4↦0.0),(Vehicles5↦0.0)}",
        "VehiclesX": "{(EgoVehicle↦200.0),(Vehicles2↦21.760323643684387),(Vehicles3↦33.18290710449219),(Vehicles4↦47.07612693309784),(Vehicles5↦93.0371880531311)}"
      },
      "probabilisticVariables": null,
      "activating": [
        "SLOWER_32"
      ],
      "activatingOnlyWhenExecuted": true,
      "updating": null,
      "withPredicate": null
    },
    {
      "id": "SLOWER_32",
      "execute": "SLOWER",
      "after": "1000",
      "priority": 0,
      "additionalGuards": null,
      "activationKind": null,
      "fixedVariables": {
        "Crash": "FALSE",
        "VehiclesAy": "{(EgoVehicle↦0.0),(Vehicles2↦0.0),(Vehicles3↦0.0),(Vehicles4↦0.0),(Vehicles5↦0.0)}",
        "Reward": "0.7333334369557915",
        "VehiclesAx": "{(EgoVehicle↦-2.384185791015625E-05),(Vehicles2↦0.03236256539821625),(Vehicles3↦0.019117258489131927),(Vehicles4↦0.004941672086715698),(Vehicles5↦0.018250849097967148)}",
        "VehiclesVx": "{(EgoVehicle↦20.000004768371582),(Vehicles2↦-0.33030711114406586),(Vehicles3↦0.1461237110197544),(Vehicles4↦1.5641608834266663),(Vehicles5↦0.3225238621234894)}",
        "VehiclesY": "{(EgoVehicle↦8.000000238418579),(Vehicles2↦0.0),(Vehicles3↦-8.000000238418579),(Vehicles4↦-4.0000001192092896),(Vehicles5↦-8.000000238418579)}",
        "VehiclesVy": "{(EgoVehicle↦0.0),(Vehicles2↦0.0),(Vehicles3↦0.0),(Vehicles4↦0.0),(Vehicles5↦0.0)}",
        "VehiclesX": "{(EgoVehicle↦200.0),(Vehicles2↦21.41077071428299),(Vehicles3↦33.31758677959442),(Vehicles4↦48.6373245716095),(Vehicles5↦93.34880113601685)}"
      },
      "probabilisticVariables": null,
      "activating": [
        "SLOWER_33"
      ],
      "activatingOnlyWhenExecuted": true,
      "updating": null,
      "withPredicate": null
    },
    {
      "id": "SLOWER_33",
      "execute": "SLOWER",
      "after": "1000",
      "priority": 0,
      "additionalGuards": null,
      "activationKind": null,
      "fixedVariables": {
        "Crash": "FALSE",
        "VehiclesAy": "{(EgoVehicle↦0.0),(Vehicles2↦0.0),(Vehicles3↦0.0),(Vehicles4↦0.0),(Vehicles5↦0.0)}",
        "Reward": "0.7333333469790891",
        "VehiclesAx": "{(EgoVehicle↦-4.76837158203125E-06),(Vehicles2↦0.030343178659677505),(Vehicles3↦0.01880509778857231),(Vehicles4↦0.004947930574417114),(Vehicles5↦0.01774825155735016)}",
        "VehiclesVx": "{(EgoVehicle↦20.0),(Vehicles2↦-0.29996393248438835),(Vehicles3↦0.16492880880832672),(Vehicles4↦1.5691088140010834),(Vehicles5↦0.34027211368083954)}",
        "VehiclesY": "{(EgoVehicle↦8.000000238418579),(Vehicles2↦0.0),(Vehicles3↦-8.000000238418579),(Vehicles4↦-4.0000001192092896),(Vehicles5↦-8.000000238418579)}",
        "VehiclesVy": "{(EgoVehicle↦0.0),(Vehicles2↦0.0),(Vehicles3↦0.0),(Vehicles4↦0.0),(Vehicles5↦0.0)}",
        "VehiclesX": "{(EgoVehicle↦200.0),(Vehicles2↦21.09275311231613),(Vehicles3↦33.471256494522095),(Vehicles4↦50.203460454940796),(Vehicles5↦93.67846846580505)}"
      },
      "probabilisticVariables": null,
      "activating": [
        "SLOWER_34"
      ],
      "activatingOnlyWhenExecuted": true,
      "updating": null,
      "withPredicate": null
    },
    {
      "id": "SLOWER_34",
      "execute": "SLOWER",
      "after": "1000",
      "priority": 0,
      "additionalGuards": null,
      "activationKind": null,
      "fixedVariables": {
        "Crash": "FALSE",
        "VehiclesAy": "{(EgoVehicle↦0.0),(Vehicles2↦0.0),(Vehicles3↦0.0),(Vehicles4↦0.0),(Vehicles5↦0.0)}",
        "Reward": "0.7333333351303053",
        "VehiclesAx": "{(EgoVehicle↦0.0),(Vehicles2↦0.028535090386867523),(Vehicles3↦0.01849709078669548),(Vehicles4↦0.004969686269760132),(Vehicles5↦0.017263218760490417)}",
        "VehiclesVx": "{(EgoVehicle↦20.0),(Vehicles2↦-0.27142884209752083),(Vehicles3↦0.1834258995950222),(Vehicles4↦1.5740785002708435),(Vehicles5↦0.35753533244132996)}",
        "VehiclesY": "{(EgoVehicle↦8.000000238418579),(Vehicles2↦0.0),(Vehicles3↦-8.000000238418579),(Vehicles4↦-4.0000001192092896),(Vehicles5↦-8.000000238418579)}",
        "VehiclesVy": "{(EgoVehicle↦0.0),(Vehicles2↦0.0),(Vehicles3↦0.0),(Vehicles4↦0.0),(Vehicles5↦0.0)}",
        "VehiclesX": "{(EgoVehicle↦200.0),(Vehicles2↦20.80434113740921),(Vehicles3↦33.643609285354614),(Vehicles4↦51.77455544471741),(Vehicles5↦94.02568340301514)}"
      },
      "probabilisticVariables": null,
      "activating": [
        "SLOWER_35"
      ],
      "activatingOnlyWhenExecuted": true,
      "updating": null,
      "withPredicate": null
    },
    {
      "id": "SLOWER_35",
      "execute": "SLOWER",
      "after": "1000",
      "priority": 0,
      "additionalGuards": null,
      "activationKind": null,
      "fixedVariables": {
        "Crash": "FALSE",
        "VehiclesAy": "{(EgoVehicle↦0.0),(Vehicles2↦0.0),(Vehicles3↦0.0),(Vehicles4↦0.0),(Vehicles5↦0.0)}",
        "Reward": "0.7333333335699717",
        "VehiclesAx": "{(EgoVehicle↦0.0),(Vehicles2↦0.026900097727775574),(Vehicles3↦0.01817910000681877),(Vehicles4↦0.00499039888381958),(Vehicles5↦0.01678232103586197)}",
        "VehiclesVx": "{(EgoVehicle↦20.0),(Vehicles2↦-0.24452874436974525),(Vehicles3↦0.20160499960184097),(Vehicles4↦1.579068899154663),(Vehicles5↦0.3743176534771919)}",
        "VehiclesY": "{(EgoVehicle↦8.000000238418579),(Vehicles2↦0.0),(Vehicles3↦-8.000000238418579),(Vehicles4↦-4.0000001192092896),(Vehicles5↦-8.000000238418579)}",
        "VehiclesVy": "{(EgoVehicle↦0.0),(Vehicles2↦0.0),(Vehicles3↦0.0),(Vehicles4↦0.0),(Vehicles5↦0.0)}",
        "VehiclesX": "{(EgoVehicle↦200.0),(Vehicles2↦20.543795824050903),(Vehicles3↦33.83433222770691),(Vehicles4↦53.35063338279724),(Vehicles5↦94.38996911048889)}"
      },
      "probabilisticVariables": null,
      "activating": [
        "FASTER_36"
      ],
      "activatingOnlyWhenExecuted": true,
      "updating": null,
      "withPredicate": null
    },
    {
      "id": "FASTER_36",
      "execute": "FASTER",
      "after": "1000",
      "priority": 0,
      "additionalGuards": null,
      "activationKind": null,
      "fixedVariables": {
        "Crash": "FALSE",
        "VehiclesAy": "{(EgoVehicle↦0.0),(Vehicles2↦0.0),(Vehicles3↦0.0),(Vehicles4↦0.0),(Vehicles5↦0.0)}",
        "Reward": "0.8491083676580483",
        "VehiclesAx": "{(EgoVehicle↦4.341564178466797),(Vehicles2↦-4.316146280616522),(Vehicles3↦-4.32371262460947),(Vehicles4↦-4.336556494235992),(Vehicles5↦-4.325258024036884)}",
        "VehiclesVx": "{(EgoVehicle↦24.341564178466797),(Vehicles2↦-4.560675024986267),(Vehicles3↦-4.122107625007629),(Vehicles4↦-2.7574875950813293),(Vehicles5↦-3.9509403705596924)}",
        "VehiclesY": "{(EgoVehicle↦8.000000238418579),(Vehicles2↦0.0),(Vehicles3↦-8.000000238418579),(Vehicles4↦-4.0000001192092896),(Vehicles5↦-8.000000238418579)}",
        "VehiclesVy": "{(EgoVehicle↦0.0),(Vehicles2↦0.0),(Vehicles3↦0.0),(Vehicles4↦0.0),(Vehicles5↦0.0)}",
        "VehiclesX": "{(EgoVehicle↦200.0),(Vehicles2↦17.914485931396484),(Vehicles3↦31.648042798042297),(Vehicles4↦52.53664255142212),(Vehicles5↦92.37578511238098)}"
      },
      "probabilisticVariables": null,
      "activating": [
        "SLOWER_37"
      ],
      "activatingOnlyWhenExecuted": true,
      "updating": null,
      "withPredicate": null
    },
    {
      "id": "SLOWER_37",
      "execute": "SLOWER",
      "after": "1000",
      "priority": 0,
      "additionalGuards": null,
      "activationKind": null,
      "fixedVariables": {
        "Crash": "FALSE",
        "VehiclesAy": "{(EgoVehicle↦0.0),(Vehicles2↦0.0),(Vehicles3↦0.0),(Vehicles4↦0.0),(Vehicles5↦0.0)}",
        "Reward": "0.7485794283884398",
        "VehiclesAx": "{(EgoVehicle↦-3.76983642578125),(Vehicles2↦3.7939055263996124),(Vehicles3↦3.7873508408665657),(Vehicles4↦3.7748567014932632),(Vehicles5↦3.785671144723892)}",
        "VehiclesVx": "{(EgoVehicle↦20.571727752685547),(Vehicles2↦-0.7667694985866547),(Vehicles3↦-0.3347567841410637),(Vehicles4↦1.017369106411934),(Vehicles5↦-0.16526922583580017)}",
        "VehiclesY": "{(EgoVehicle↦8.000000238418579),(Vehicles2↦0.0),(Vehicles3↦-8.000000238418579),(Vehicles4↦-4.0000001192092896),(Vehicles5↦-8.000000238418579)}",
        "VehiclesVy": "{(EgoVehicle↦0.0),(Vehicles2↦0.0),(Vehicles3↦0.0),(Vehicles4↦0.0),(Vehicles5↦0.0)}",
        "VehiclesX": "{(EgoVehicle↦200.0),(Vehicles2↦15.44320434331894),(Vehicles3↦29.612630605697632),(Vehicles4↦51.86082124710083),(Vehicles5↦90.51088094711304)}"
      },
      "probabilisticVariables": null,
      "activating": [
        "SLOWER_38"
      ],
      "activatingOnlyWhenExecuted": true,
      "updating": null,
      "withPredicate": null
    },
    {
      "id": "SLOWER_38",
      "execute": "SLOWER",
      "after": "1000",
      "priority": 0,
      "additionalGuards": null,
      "activationKind": null,
      "fixedVariables": {
        "Crash": "FALSE",
        "VehiclesAy": "{(EgoVehicle↦0.0),(Vehicles2↦0.0),(Vehicles3↦0.0),(Vehicles4↦0.0),(Vehicles5↦0.0)}",
        "Reward": "0.7353410495545819",
        "VehiclesAx": "{(EgoVehicle↦-0.49643754959106445),(Vehicles2↦0.5192842148244381),(Vehicles3↦0.5136129818856716),(Vehicles4↦0.5014710873365402),(Vehicles5↦0.5118128657341003)}",
        "VehiclesVx": "{(EgoVehicle↦20.075290203094482),(Vehicles2↦-0.24748528376221657),(Vehicles3↦0.17885619774460793),(Vehicles4↦1.5188401937484741),(Vehicles5↦0.34654363989830017)}",
        "VehiclesY": "{(EgoVehicle↦8.000000238418579),(Vehicles2↦0.0),(Vehicles3↦-8.000000238418579),(Vehicles4↦-4.0000001192092896),(Vehicles5↦-8.000000238418579)}",
        "VehiclesVy": "{(EgoVehicle↦0.0),(Vehicles2↦0.0),(Vehicles3↦0.0),(Vehicles4↦0.0),(Vehicles5↦0.0)}",
        "VehiclesX": "{(EgoVehicle↦200.0),(Vehicles2↦14.959530532360077),(Vehicles3↦29.558637738227844),(Vehicles4↦53.15406918525696),(Vehicles5↦90.625661611557)}"
      },
      "probabilisticVariables": null,
      "activating": [
        "SLOWER_39"
      ],
      "activatingOnlyWhenExecuted": true,
      "updating": null,
      "withPredicate": null
    },
    {
      "id": "SLOWER_39",
      "execute": "SLOWER",
      "after": "1000",
      "priority": 0,
      "additionalGuards": null,
      "activationKind": null,
      "fixedVariables": {
        "Crash": "FALSE",
        "VehiclesAy": "{(EgoVehicle↦0.0),(Vehicles2↦0.0),(Vehicles3↦0.0),(Vehicles4↦0.0),(Vehicles5↦0.0)}",
        "Reward": "0.7335977239468311",
        "VehiclesAx": "{(EgoVehicle↦-0.06537437438964844),(Vehicles2↦0.08710334077477455),(Vehicles3↦0.08220253512263298),(Vehicles4↦0.07041409611701965),(Vehicles5↦0.0802953913807869)}",
        "VehiclesVx": "{(EgoVehicle↦20.009915828704834),(Vehicles2↦-0.16038194298744202),(Vehicles3↦0.2610587328672409),(Vehicles4↦1.5892542898654938),(Vehicles5↦0.42683903127908707)}",
        "VehiclesY": "{(EgoVehicle↦8.000000238418579),(Vehicles2↦0.0),(Vehicles3↦-8.000000238418579),(Vehicles4↦-4.0000001192092896),(Vehicles5↦-8.000000238418579)}",
        "VehiclesVy": "{(EgoVehicle↦0.0),(Vehicles2↦0.0),(Vehicles3↦0.0),(Vehicles4↦0.0),(Vehicles5↦0.0)}",
        "VehiclesX": "{(EgoVehicle↦200.0),(Vehicles2↦14.756886661052704),(Vehicles3↦29.78031635284424),(Vehicles4↦54.71099019050598),(Vehicles5↦91.0142719745636)}"
      },
      "probabilisticVariables": null,
      "activating": [
        "SLOWER_40"
      ],
      "activatingOnlyWhenExecuted": true,
      "updating": null,
      "withPredicate": null
    },
    {
      "id": "SLOWER_40",
      "execute": "SLOWER",
      "after": "1000",
      "priority": 0,
      "additionalGuards": null,
      "activationKind": null,
      "fixedVariables": {
        "Crash": "FALSE",
        "VehiclesAy": "{(EgoVehicle↦0.0),(Vehicles2↦0.0),(Vehicles3↦0.0),(Vehicles4↦0.0),(Vehicles5↦0.0)}",
        "Reward": "0.7333681502042467",
        "VehiclesAx": "{(EgoVehicle↦-0.008609294891357422),(Vehicles2↦0.02931918017566204),(Vehicles3↦0.025088302791118622),(Vehicles4↦0.013653337955474854),(Vehicles5↦0.023086853325366974)}",
        "VehiclesVx": "{(EgoVehicle↦20.001306533813477),(Vehicles2↦-0.13106276281177998),(Vehicles3↦0.2861470356583595),(Vehicles4↦1.6029076278209686),(Vehicles5↦0.44992588460445404)}",
        "VehiclesY": "{(EgoVehicle↦8.000000238418579),(Vehicles2↦0.0),(Vehicles3↦-8.000000238418579),(Vehicles4↦-4.0000001192092896),(Vehicles5↦-8.000000238418579)}",
        "VehiclesVy": "{(EgoVehicle↦0.0),(Vehicles2↦0.0),(Vehicles3↦0.0),(Vehicles4↦0.0),(Vehicles5↦0.0)}",
        "VehiclesX": "{(EgoVehicle↦200.0),(Vehicles2↦14.609616994857788),(Vehicles3↦30.05274534225464),(Vehicles4↦56.30701184272766),(Vehicles5↦91.45168662071228)}"
      },
      "probabilisticVariables": null,
      "activating": [
        "SLOWER_41"
      ],
      "activatingOnlyWhenExecuted": true,
      "updating": null,
      "withPredicate": null
    },
    {
      "id": "SLOWER_41",
      "execute": "SLOWER",
      "after": "1000",
      "priority": 0,
      "additionalGuards": null,
      "activationKind": null,
      "fixedVariables": {
        "Crash": "FALSE",
        "VehiclesAy": "{(EgoVehicle↦0.0),(Vehicles2↦0.0),(Vehicles3↦0.0),(Vehicles4↦0.0),(Vehicles5↦0.0)}",
        "Reward": "0.7333379182710668",
        "VehiclesAx": "{(EgoVehicle↦-0.0011348724365234375),(Vehicles2↦0.020913435146212578),(Vehicles3↦0.017263200134038925),(Vehicles4↦0.006180107593536377),(Vehicles5↦0.0151795893907547)}",
        "VehiclesVx": "{(EgoVehicle↦20.000171661376953),(Vehicles2↦-0.1101493276655674),(Vehicles3↦0.30341023579239845),(Vehicles4↦1.609087735414505),(Vehicles5↦0.46510547399520874)}",
        "VehiclesY": "{(EgoVehicle↦8.000000238418579),(Vehicles2↦0.0),(Vehicles3↦-8.000000238418579),(Vehicles4↦-4.0000001192092896),(Vehicles5↦-8.000000238418579)}",
        "VehiclesVy": "{(EgoVehicle↦0.0),(Vehicles2↦0.0),(Vehicles3↦0.0),(Vehicles4↦0.0),(Vehicles5↦0.0)}",
        "VehiclesX": "{(EgoVehicle↦200.0),(Vehicles2↦14.487162232398987),(Vehicles3↦30.345997214317322),(Vehicles4↦57.912564277648926),(Vehicles5↦91.90788865089417)}"
      },
      "probabilisticVariables": null,
      "activating": [
        "SLOWER_42"
      ],
      "activatingOnlyWhenExecuted": true,
      "updating": null,
      "withPredicate": null
    },
    {
      "id": "SLOWER_42",
      "execute": "SLOWER",
      "after": "1000",
      "priority": 0,
      "additionalGuards": null,
      "activationKind": null,
      "fixedVariables": {
        "Crash": "FALSE",
        "VehiclesAy": "{(EgoVehicle↦0.0),(Vehicles2↦0.0),(Vehicles3↦0.0),(Vehicles4↦0.0),(Vehicles5↦0.0)}",
        "Reward": "0.7333339371111419",
        "VehiclesAx": "{(EgoVehicle↦-0.00015020370483398438),(Vehicles2↦0.01907787285745144),(Vehicles3↦0.01592906191945076),(Vehicles4↦0.005195438861846924),(Vehicles5↦0.013774558901786804)}",
        "VehiclesVx": "{(EgoVehicle↦20.00002145767212),(Vehicles2↦-0.09107145480811596),(Vehicles3↦0.3193392977118492),(Vehicles4↦1.614283174276352),(Vehicles5↦0.47888003289699554)}",
        "VehiclesY": "{(EgoVehicle↦8.000000238418579),(Vehicles2↦0.0),(Vehicles3↦-8.000000238418579),(Vehicles4↦-4.0000001192092896),(Vehicles5↦-8.000000238418579)}",
        "VehiclesVy": "{(EgoVehicle↦0.0),(Vehicles2↦0.0),(Vehicles3↦0.0),(Vehicles4↦0.0),(Vehicles5↦0.0)}",
        "VehiclesX": "{(EgoVehicle↦200.0),(Vehicles2↦14.384731650352478),(Vehicles3↦30.65582811832428),(Vehicles4↦59.523749351501465),(Vehicles5↦92.37856268882751)}"
      },
      "probabilisticVariables": null,
      "activating": [
        "LANE_RIGHT_43"
      ],
      "activatingOnlyWhenExecuted": true,
      "updating": null,
      "withPredicate": null
    },
    {
      "id": "LANE_RIGHT_43",
      "execute": "LANE_RIGHT",
      "after": "1000",
      "priority": 0,
      "additionalGuards": null,
      "activationKind": null,
      "fixedVariables": {
        "Crash": "FALSE",
        "VehiclesAy": "{(EgoVehicle↦0.0),(Vehicles2↦0.0),(Vehicles3↦0.0),(Vehicles4↦0.0),(Vehicles5↦0.0)}",
        "Reward": "0.7333334128431682",
        "VehiclesAx": "{(EgoVehicle↦-1.9073486328125E-05),(Vehicles2↦0.018168468959629536),(Vehicles3↦0.015450790524482727),(Vehicles4↦0.005063414573669434),(Vehicles5↦0.013235919177532196)}",
        "VehiclesVx": "{(EgoVehicle↦20.00000238418579),(Vehicles2↦-0.07290298584848642),(Vehicles3↦0.33479008823633194),(Vehicles4↦1.6193465888500214),(Vehicles5↦0.49211595207452774)}",
        "VehiclesY": "{(EgoVehicle↦8.000000238418579),(Vehicles2↦0.0),(Vehicles3↦-8.000000238418579),(Vehicles4↦-4.0000001192092896),(Vehicles5↦-8.000000238418579)}",
        "VehiclesVy": "{(EgoVehicle↦0.0),(Vehicles2↦0.0),(Vehicles3↦0.0),(Vehicles4↦0.0),(Vehicles5↦0.0)}",
        "VehiclesX": "{(EgoVehicle↦200.0),(Vehicles2↦14.300990104675293),(Vehicles3↦30.981379747390747),(Vehicles4↦61.14006042480469),(Vehicles5↦92.86277294158936)}"
      },
      "probabilisticVariables": null,
      "activating": [
        "LANE_RIGHT_44"
      ],
      "activatingOnlyWhenExecuted": true,
      "updating": null,
      "withPredicate": null
    },
    {
      "id": "LANE_RIGHT_44",
      "execute": "LANE_RIGHT",
      "after": "1000",
      "priority": 0,
      "additionalGuards": null,
      "activationKind": null,
      "fixedVariables": {
        "Crash": "FALSE",
        "VehiclesAy": "{(EgoVehicle↦0.0),(Vehicles2↦0.0),(Vehicles3↦0.0),(Vehicles4↦0.0),(Vehicles5↦0.0)}",
        "Reward": "0.7333333438037642",
        "VehiclesAx": "{(EgoVehicle↦-2.384185791015625E-06),(Vehicles2↦0.017436007037758827),(Vehicles3↦0.015087202191352844),(Vehicles4↦0.0050418078899383545),(Vehicles5↦0.012821704149246216)}",
        "VehiclesVx": "{(EgoVehicle↦20.0),(Vehicles2↦-0.055466978810727596),(Vehicles3↦0.3498772904276848),(Vehicles4↦1.6243883967399597),(Vehicles5↦0.504937656223774)}",
        "VehiclesY": "{(EgoVehicle↦8.000000238418579),(Vehicles2↦0.0),(Vehicles3↦-8.000000238418579),(Vehicles4↦-4.0000001192092896),(Vehicles5↦-8.000000238418579)}",
        "VehiclesVy": "{(EgoVehicle↦0.0),(Vehicles2↦0.0),(Vehicles3↦0.0),(Vehicles4↦0.0),(Vehicles5↦0.0)}",
        "VehiclesX": "{(EgoVehicle↦200.0),(Vehicles2↦14.23511654138565),(Vehicles3↦31.322231888771057),(Vehicles4↦62.76142597198486),(Vehicles5↦93.36004853248596)}"
      },
      "probabilisticVariables": null,
      "activating": [
        "LANE_RIGHT_45"
      ],
      "activatingOnlyWhenExecuted": true,
      "updating": null,
      "withPredicate": null
    },
    {
      "id": "LANE_RIGHT_45",
      "execute": "LANE_RIGHT",
      "after": "1000",
      "priority": 0,
      "additionalGuards": null,
      "activationKind": null,
      "fixedVariables": {
        "Crash": "FALSE",
        "VehiclesAy": "{(EgoVehicle↦0.0),(Vehicles2↦0.0),(Vehicles3↦0.0),(Vehicles4↦0.0),(Vehicles5↦0.0)}",
        "Reward": "0.7333333347121554",
        "VehiclesAx": "{(EgoVehicle↦0.0),(Vehicles2↦0.016776423435658216),(Vehicles3↦0.014741308987140656),(Vehicles4↦0.005033314228057861),(Vehicles5↦0.012434236705303192)}",
        "VehiclesVx": "{(EgoVehicle↦20.0),(Vehicles2↦-0.03869055537506938),(Vehicles3↦0.36461859941482544),(Vehicles4↦1.6294217109680176),(Vehicles5↦0.5173718929290771)}",
        "VehiclesY": "{(EgoVehicle↦8.000000238418579),(Vehicles2↦0.0),(Vehicles3↦-8.000000238418579),(Vehicles4↦-4.0000001192092896),(Vehicles5↦-8.000000238418579)}",
        "VehiclesVy": "{(EgoVehicle↦0.0),(Vehicles2↦0.0),(Vehicles3↦0.0),(Vehicles4↦0.0),(Vehicles5↦0.0)}",
        "VehiclesX": "{(EgoVehicle↦200.0),(Vehicles2↦14.18641060590744),(Vehicles3↦31.678032875061035),(Vehicles4↦64.38782811164856),(Vehicles5↦93.86999011039734)}"
      },
      "probabilisticVariables": null,
      "activating": [
        "LANE_RIGHT_46"
      ],
      "activatingOnlyWhenExecuted": true,
      "updating": null,
      "withPredicate": null
    },
    {
      "id": "LANE_RIGHT_46",
      "execute": "LANE_RIGHT",
      "after": "1000",
      "priority": 0,
      "additionalGuards": null,
      "activationKind": null,
      "fixedVariables": {
        "Crash": "FALSE",
        "VehiclesAy": "{(EgoVehicle↦0.0),(Vehicles2↦0.0),(Vehicles3↦0.0),(Vehicles4↦0.0),(Vehicles5↦0.0)}",
        "Reward": "0.7333333335149067",
        "VehiclesAx": "{(EgoVehicle↦0.0),(Vehicles2↦0.016171198803931475),(Vehicles3↦0.014400966465473175),(Vehicles4↦0.005024969577789307),(Vehicles5↦0.012060552835464478)}",
        "VehiclesVx": "{(EgoVehicle↦20.0),(Vehicles2↦-0.022519356571137905),(Vehicles3↦0.3790195658802986),(Vehicles4↦1.6344466805458069),(Vehicles5↦0.5294324457645416)}",
        "VehiclesY": "{(EgoVehicle↦8.000000238418579),(Vehicles2↦0.0),(Vehicles3↦-8.000000238418579),(Vehicles4↦-4.0000001192092896),(Vehicles5↦-8.000000238418579)}",
        "VehiclesVy": "{(EgoVehicle↦0.0),(Vehicles2↦0.0),(Vehicles3↦0.0),(Vehicles4↦0.0),(Vehicles5↦0.0)}",
        "VehiclesX": "{(EgoVehicle↦200.0),(Vehicles2↦14.154234528541565),(Vehicles3↦32.04843997955322),(Vehicles4↦66.0192608833313),(Vehicles5↦94.39221620559692)}"
      },
      "probabilisticVariables": null,
      "activating": [
        "LANE_RIGHT_47"
      ],
      "activatingOnlyWhenExecuted": true,
      "updating": null,
      "withPredicate": null
    },
    {
      "id": "LANE_RIGHT_47",
      "execute": "LANE_RIGHT",
      "after": "1000",
      "priority": 0,
      "additionalGuards": null,
      "activationKind": null,
      "fixedVariables": {
        "Crash": "FALSE",
        "VehiclesAy": "{(EgoVehicle↦0.0),(Vehicles2↦0.0),(Vehicles3↦0.0),(Vehicles4↦0.0),(Vehicles5↦0.0)}",
        "Reward": "0.7333333333572442",
        "VehiclesAx": "{(EgoVehicle↦0.0),(Vehicles2↦0.015613542636856437),(Vehicles3↦0.014065057039260864),(Vehicles4↦0.005015134811401367),(Vehicles5↦0.011699013411998749)}",
        "VehiclesVx": "{(EgoVehicle↦20.0),(Vehicles2↦-0.006905813934281468),(Vehicles3↦0.3930846229195595),(Vehicles4↦1.6394618153572083),(Vehicles5↦0.5411314591765404)}",
        "VehiclesY": "{(EgoVehicle↦8.000000238418579),(Vehicles2↦0.0),(Vehicles3↦-8.000000238418579),(Vehicles4↦-4.0000001192092896),(Vehicles5↦-8.000000238418579)}",
        "VehiclesVy": "{(EgoVehicle↦0.0),(Vehicles2↦0.0),(Vehicles3↦0.0),(Vehicles4↦0.0),(Vehicles5↦0.0)}",
        "VehiclesX": "{(EgoVehicle↦200.0),(Vehicles2↦14.138004183769226),(Vehicles3↦32.4331134557724),(Vehicles4↦67.65571236610413),(Vehicles5↦94.92635726928711)}"
      },
      "probabilisticVariables": null,
      "activating": [
        "LANE_RIGHT_48"
      ],
      "activatingOnlyWhenExecuted": true,
      "updating": null,
      "withPredicate": null
    },
    {
      "id": "LANE_RIGHT_48",
      "execute": "LANE_RIGHT",
      "after": "1000",
      "priority": 0,
      "additionalGuards": null,
      "activationKind": null,
      "fixedVariables": {
        "Crash": "FALSE",
        "VehiclesAy": "{(EgoVehicle↦0.0),(Vehicles2↦0.0),(Vehicles3↦0.0),(Vehicles4↦0.0),(Vehicles5↦0.0)}",
        "Reward": "0.7333333333364821",
        "VehiclesAx": "{(EgoVehicle↦0.0),(Vehicles2↦1.3667077024001628),(Vehicles3↦-0.3848917840514332),(Vehicles4↦-1.2326432392001152),(Vehicles5↦1.1033344641327858)}",
        "VehiclesVx": "{(EgoVehicle↦20.0),(Vehicles2↦1.3598018884658813),(Vehicles3↦0.008192838868126273),(Vehicles4↦0.40681857615709305),(Vehicles5↦1.6444659233093262)}",
        "VehiclesY": "{(EgoVehicle↦8.000000238418579),(Vehicles2↦-4.0000001192092896),(Vehicles3↦0.0),(Vehicles4↦-8.000000238418579),(Vehicles5↦-4.0000001192092896)}",
        "VehiclesVy": "{(EgoVehicle↦0.0),(Vehicles2↦0.0),(Vehicles3↦0.0),(Vehicles4↦0.0),(Vehicles5↦0.0)}",
        "VehiclesX": "{(EgoVehicle↦200.0),(Vehicles2↦-9.347758442163467),(Vehicles3↦14.137177169322968),(Vehicles4↦32.831716537475586),(Vehicles5↦69.29717659950256)}"
      },
      "probabilisticVariables": null,
      "activating": [
        "IDLE_49"
      ],
      "activatingOnlyWhenExecuted": true,
      "updating": null,
      "withPredicate": null
    },
    {
      "id": "IDLE_49",
      "execute": "IDLE",
      "after": "1000",
      "priority": 0,
      "additionalGuards": null,
      "activationKind": null,
      "fixedVariables": {
        "Crash": "FALSE",
        "VehiclesAy": "{(EgoVehicle↦0.0),(Vehicles2↦0.0),(Vehicles3↦0.0),(Vehicles4↦0.0),(Vehicles5↦0.0)}",
        "Reward": "0.7333333333337481",
        "VehiclesAx": "{(EgoVehicle↦0.0),(Vehicles2↦0.012273788452148438),(Vehicles3↦0.01462238491512835),(Vehicles4↦0.013407953083515167),(Vehicles5↦0.004991441965103149)}",
        "VehiclesVx": "{(EgoVehicle↦20.0),(Vehicles2↦1.3720756769180298),(Vehicles3↦0.022815223783254623),(Vehicles4↦0.4202265292406082),(Vehicles5↦1.6494573652744293)}",
        "VehiclesY": "{(EgoVehicle↦8.000000238418579),(Vehicles2↦-4.0000001192092896),(Vehicles3↦0.0),(Vehicles4↦-8.000000238418579),(Vehicles5↦-4.0000001192092896)}",
        "VehiclesVy": "{(EgoVehicle↦0.0),(Vehicles2↦0.0),(Vehicles3↦0.0),(Vehicles4↦0.0),(Vehicles5↦0.0)}",
        "VehiclesX": "{(EgoVehicle↦200.0),(Vehicles2↦-7.983013242483139),(Vehicles3↦14.151255786418915),(Vehicles4↦33.243924379348755),(Vehicles5↦70.94364166259766)}"
      },
      "probabilisticVariables": null,
      "activating": [
        "IDLE_50"
      ],
      "activatingOnlyWhenExecuted": true,
      "updating": null,
      "withPredicate": null
    },
    {
      "id": "IDLE_50",
      "execute": "IDLE",
      "after": "1000",
      "priority": 0,
      "additionalGuards": null,
      "activationKind": null,
      "fixedVariables": {
        "Crash": "FALSE",
        "VehiclesAy": "{(EgoVehicle↦0.0),(Vehicles2↦0.0),(Vehicles3↦0.0),(Vehicles4↦0.0),(Vehicles5↦0.0)}",
        "Reward": "0.733333333333388",
        "VehiclesAx": "{(EgoVehicle↦0.0),(Vehicles2↦0.011870265007019043),(Vehicles3↦0.014181018341332674),(Vehicles4↦0.013087429106235504),(Vehicles5↦0.004977881908416748)}",
        "VehiclesVx": "{(EgoVehicle↦20.0),(Vehicles2↦1.3839459419250488),(Vehicles3↦0.0369962421245873),(Vehicles4↦0.4333139583468437),(Vehicles5↦1.654435247182846)}",
        "VehiclesY": "{(EgoVehicle↦8.000000238418579),(Vehicles2↦-4.0000001192092896),(Vehicles3↦0.0),(Vehicles4↦-8.000000238418579),(Vehicles5↦-4.0000001192092896)}",
        "VehiclesVy": "{(EgoVehicle↦0.0),(Vehicles2↦0.0),(Vehicles3↦0.0),(Vehicles4↦0.0),(Vehicles5↦0.0)}",
        "VehiclesX": "{(EgoVehicle↦200.0),(Vehicles2↦-6.60615861415863),(Vehicles3↦14.179778099060059),(Vehicles4↦33.66941213607788),(Vehicles5↦72.59508967399597)}"
      },
      "probabilisticVariables": null,
      "activating": [
        "IDLE_51"
      ],
      "activatingOnlyWhenExecuted": true,
      "updating": null,
      "withPredicate": null
    },
    {
      "id": "IDLE_51",
      "execute": "IDLE",
      "after": "1000",
      "priority": 0,
      "additionalGuards": null,
      "activationKind": null,
      "fixedVariables": {
        "Crash": "FALSE",
        "VehiclesAy": "{(EgoVehicle↦0.0),(Vehicles2↦0.0),(Vehicles3↦0.0),(Vehicles4↦0.0),(Vehicles5↦0.0)}",
        "Reward": "0.7333333333333405",
        "VehiclesAx": "{(EgoVehicle↦0.0),(Vehicles2↦0.011491179466247559),(Vehicles3↦0.013771213125437498),(Vehicles4↦0.012772716581821442),(Vehicles5↦0.004963129758834839)}",
        "VehiclesVx": "{(EgoVehicle↦20.0),(Vehicles2↦1.3954371213912964),(Vehicles3↦0.050767455250024796),(Vehicles4↦0.44608667492866516),(Vehicles5↦1.659398376941681)}",
        "VehiclesY": "{(EgoVehicle↦8.000000238418579),(Vehicles2↦-4.0000001192092896),(Vehicles3↦0.0),(Vehicles4↦-8.000000238418579),(Vehicles5↦-4.0000001192092896)}",
        "VehiclesVy": "{(EgoVehicle↦0.0),(Vehicles2↦0.0),(Vehicles3↦0.0),(Vehicles4↦0.0),(Vehicles5↦0.0)}",
        "VehiclesX": "{(EgoVehicle↦200.0),(Vehicles2↦-5.21758645772934),(Vehicles3↦14.222313463687897),(Vehicles4↦34.10785794258118),(Vehicles5↦74.25151467323303)}"
      },
      "probabilisticVariables": null,
      "activating": [
        "IDLE_52"
      ],
      "activatingOnlyWhenExecuted": true,
      "updating": null,
      "withPredicate": null
    },
    {
      "id": "IDLE_52",
      "execute": "IDLE",
      "after": "1000",
      "priority": 0,
      "additionalGuards": null,
      "activationKind": null,
      "fixedVariables": {
        "Crash": "FALSE",
        "VehiclesAy": "{(EgoVehicle↦0.0),(Vehicles2↦0.0),(Vehicles3↦0.0),(Vehicles4↦0.0),(Vehicles5↦0.0)}",
        "Reward": "0.7333333333333343",
        "VehiclesAx": "{(EgoVehicle↦0.0),(Vehicles2↦0.011134594678878784),(Vehicles3↦0.013389959931373596),(Vehicles4↦0.012463927268981934),(Vehicles5↦0.004947185516357422)}",
        "VehiclesVx": "{(EgoVehicle↦20.0),(Vehicles2↦1.4065717160701752),(Vehicles3↦0.06415741518139839),(Vehicles4↦0.4585506021976471),(Vehicles5↦1.6643455624580383)}",
        "VehiclesY": "{(EgoVehicle↦8.000000238418579),(Vehicles2↦-4.0000001192092896),(Vehicles3↦0.0),(Vehicles4↦-8.000000238418579),(Vehicles5↦-4.0000001192092896)}",
        "VehiclesVy": "{(EgoVehicle↦0.0),(Vehicles2↦0.0),(Vehicles3↦0.0),(Vehicles4↦0.0),(Vehicles5↦0.0)}",
        "VehiclesX": "{(EgoVehicle↦200.0),(Vehicles2↦-3.8176681846380234),(Vehicles3↦14.278466999530792),(Vehicles4↦34.55895483493805),(Vehicles5↦75.91289281845093)}"
      },
      "probabilisticVariables": null,
      "activating": [
        "IDLE_53"
      ],
      "activatingOnlyWhenExecuted": true,
      "updating": null,
      "withPredicate": null
    },
    {
      "id": "IDLE_53",
      "execute": "IDLE",
      "after": "1000",
      "priority": 0,
      "additionalGuards": null,
      "activationKind": null,
      "fixedVariables": {
        "Crash": "FALSE",
        "VehiclesAy": "{(EgoVehicle↦0.0),(Vehicles2↦0.0),(Vehicles3↦0.0),(Vehicles4↦0.0),(Vehicles5↦0.0)}",
        "Reward": "0.7333333333333334",
        "VehiclesAx": "{(EgoVehicle↦0.0),(Vehicles2↦0.010799169540405273),(Vehicles3↦0.013034534640610218),(Vehicles4↦0.012161396443843842),(Vehicles5↦0.004930347204208374)}",
        "VehiclesVx": "{(EgoVehicle↦20.0),(Vehicles2↦1.4173708856105804),(Vehicles3↦0.07719194982200861),(Vehicles4↦0.47071199864149094),(Vehicles5↦1.6692759096622467)}",
        "VehiclesY": "{(EgoVehicle↦8.000000238418579),(Vehicles2↦-4.0000001192092896),(Vehicles3↦0.0),(Vehicles4↦-8.000000238418579),(Vehicles5↦-4.0000001192092896)}",
        "VehiclesVy": "{(EgoVehicle↦0.0),(Vehicles2↦0.0),(Vehicles3↦0.0),(Vehicles4↦0.0),(Vehicles5↦0.0)}",
        "VehiclesX": "{(EgoVehicle↦200.0),(Vehicles2↦-2.4067506194114685),(Vehicles3↦14.34786468744278),(Vehicles4↦35.022395849227905),(Vehicles5↦77.5792121887207)}"
      },
      "probabilisticVariables": null,
      "activating": [
        "IDLE_54"
      ],
      "activatingOnlyWhenExecuted": true,
      "updating": null,
      "withPredicate": null
    },
    {
      "id": "IDLE_54",
      "execute": "IDLE",
      "after": "1000",
      "priority": 0,
      "additionalGuards": null,
      "activationKind": null,
      "fixedVariables": {
        "Crash": "FALSE",
        "VehiclesAy": "{(EgoVehicle↦0.0),(Vehicles2↦0.0),(Vehicles3↦0.0),(Vehicles4↦0.0),(Vehicles5↦0.0)}",
        "Reward": "0.7333333333333334",
        "VehiclesAx": "{(EgoVehicle↦0.0),(Vehicles2↦0.010482817888259888),(Vehicles3↦0.012702490203082561),(Vehicles4↦0.011865086853504181),(Vehicles5↦0.004912614822387695)}",
        "VehiclesVx": "{(EgoVehicle↦20.0),(Vehicles2↦1.4278537034988403),(Vehicles3↦0.08989444002509117),(Vehicles4↦0.4825770854949951),(Vehicles5↦1.6741885244846344)}",
        "VehiclesY": "{(EgoVehicle↦8.000000238418579),(Vehicles2↦-4.0000001192092896),(Vehicles3↦0.0),(Vehicles4↦-8.000000238418579),(Vehicles5↦-4.0000001192092896)}",
        "VehiclesVy": "{(EgoVehicle↦0.0),(Vehicles2↦0.0),(Vehicles3↦0.0),(Vehicles4↦0.0),(Vehicles5↦0.0)}",
        "VehiclesX": "{(EgoVehicle↦200.0),(Vehicles2↦-0.9851620532572269),(Vehicles3↦14.4301638007164),(Vehicles4↦35.49787700176239),(Vehicles5↦79.25045490264893)}"
      },
      "probabilisticVariables": null,
      "activating": [
        "IDLE_55"
      ],
      "activatingOnlyWhenExecuted": true,
      "updating": null,
      "withPredicate": null
    },
    {
      "id": "IDLE_55",
      "execute": "IDLE",
      "after": "1000",
      "priority": 0,
      "additionalGuards": null,
      "activationKind": null,
      "fixedVariables": {
        "Crash": "FALSE",
        "VehiclesAy": "{(EgoVehicle↦0.0),(Vehicles2↦0.0),(Vehicles3↦0.0),(Vehicles4↦0.0),(Vehicles5↦0.0)}",
        "Reward": "0.7333333333333334",
        "VehiclesAx": "{(EgoVehicle↦0.0),(Vehicles2↦0.01018434762954712),(Vehicles3↦0.012391628697514534),(Vehicles4↦0.01157522201538086),(Vehicles5↦0.004894286394119263)}",
        "VehiclesVx": "{(EgoVehicle↦20.0),(Vehicles2↦1.4380380511283875),(Vehicles3↦0.1022860687226057),(Vehicles4↦0.494152307510376),(Vehicles5↦1.6790828108787537)}",
        "VehiclesY": "{(EgoVehicle↦8.000000238418579),(Vehicles2↦-4.0000001192092896),(Vehicles3↦0.0),(Vehicles4↦-8.000000238418579),(Vehicles5↦-4.0000001192092896)}",
        "VehiclesVy": "{(EgoVehicle↦0.0),(Vehicles2↦0.0),(Vehicles3↦0.0),(Vehicles4↦0.0),(Vehicles5↦0.0)}",
        "VehiclesX": "{(EgoVehicle↦200.0),(Vehicles2↦0.4467885475605726),(Vehicles3↦14.525039494037628),(Vehicles4↦35.985106229782104),(Vehicles5↦80.92660307884216)}"
      },
      "probabilisticVariables": null,
      "activating": [
        "IDLE_56"
      ],
      "activatingOnlyWhenExecuted": true,
      "updating": null,
      "withPredicate": null
    },
    {
      "id": "IDLE_56",
      "execute": "IDLE",
      "after": "1000",
      "priority": 0,
      "additionalGuards": null,
      "activationKind": null,
      "fixedVariables": {
        "Crash": "FALSE",
        "VehiclesAy": "{(EgoVehicle↦0.0),(Vehicles2↦0.0),(Vehicles3↦0.0),(Vehicles4↦0.0),(Vehicles5↦0.0)}",
        "Reward": "0.7333333333333334",
        "VehiclesAx": "{(EgoVehicle↦0.0),(Vehicles2↦0.009902417659759521),(Vehicles3↦0.01209992915391922),(Vehicles4↦0.011291764676570892),(Vehicles5↦0.004875063896179199)}",
        "VehiclesVx": "{(EgoVehicle↦20.0),(Vehicles2↦1.447940468788147),(Vehicles3↦0.11438599787652493),(Vehicles4↦0.5054440721869469),(Vehicles5↦1.6839578747749329)}",
        "VehiclesY": "{(EgoVehicle↦8.000000238418579),(Vehicles2↦-4.0000001192092896),(Vehicles3↦0.0),(Vehicles4↦-8.000000238418579),(Vehicles5↦-4.0000001192092896)}",
        "VehiclesVy": "{(EgoVehicle↦0.0),(Vehicles2↦0.0),(Vehicles3↦0.0),(Vehicles4↦0.0),(Vehicles5↦0.0)}",
        "VehiclesX": "{(EgoVehicle↦200.0),(Vehicles2↦1.8888095393776894),(Vehicles3↦14.63218778371811),(Vehicles4↦36.48379743099213),(Vehicles5↦82.60763883590698)}"
      },
      "probabilisticVariables": null,
      "activating": [
        "IDLE_57"
      ],
      "activatingOnlyWhenExecuted": true,
      "updating": null,
      "withPredicate": null
    },
    {
      "id": "IDLE_57",
      "execute": "IDLE",
      "after": "1000",
      "priority": 0,
      "additionalGuards": null,
      "activationKind": null,
      "fixedVariables": {
        "Crash": "FALSE",
        "VehiclesAy": "{(EgoVehicle↦0.0),(Vehicles2↦0.0),(Vehicles3↦0.0),(Vehicles4↦0.0),(Vehicles5↦0.0)}",
        "Reward": "0.7333333333333334",
        "VehiclesAx": "{(EgoVehicle↦0.0),(Vehicles2↦0.009635835886001587),(Vehicles3↦0.01182563602924347),(Vehicles4↦0.011014826595783234),(Vehicles5↦0.004855245351791382)}",
        "VehiclesVx": "{(EgoVehicle↦20.0),(Vehicles2↦1.4575763046741486),(Vehicles3↦0.1262116339057684),(Vehicles4↦0.5164588987827301),(Vehicles5↦1.6888131201267242)}",
        "VehiclesY": "{(EgoVehicle↦8.000000238418579),(Vehicles2↦-4.0000001192092896),(Vehicles3↦0.0),(Vehicles4↦-8.000000238418579),(Vehicles5↦-4.0000001192092896)}",
        "VehiclesVy": "{(EgoVehicle↦0.0),(Vehicles2↦0.0),(Vehicles3↦0.0),(Vehicles4↦0.0),(Vehicles5↦0.0)}",
        "VehiclesX": "{(EgoVehicle↦200.0),(Vehicles2↦3.3406250178813934),(Vehicles3↦14.75132554769516),(Vehicles4↦36.99367046356201),(Vehicles5↦84.29353833198547)}"
      },
      "probabilisticVariables": null,
      "activating": [
        "IDLE_58"
      ],
      "activatingOnlyWhenExecuted": true,
      "updating": null,
      "withPredicate": null
    },
    {
      "id": "IDLE_58",
      "execute": "IDLE",
      "after": "1000",
      "priority": 0,
      "additionalGuards": null,
      "activationKind": null,
      "fixedVariables": {
        "Crash": "FALSE",
        "VehiclesAy": "{(EgoVehicle↦0.0),(Vehicles2↦0.0),(Vehicles3↦0.0),(Vehicles4↦0.0),(Vehicles5↦0.0)}",
        "Reward": "0.7333333333333334",
        "VehiclesAx": "{(EgoVehicle↦0.0),(Vehicles2↦0.009383559226989746),(Vehicles3↦0.011567100882530212),(Vehicles4↦0.01074429601430893),(Vehicles5↦0.004834979772567749)}",
        "VehiclesVx": "{(EgoVehicle↦20.0),(Vehicles2↦1.4669598639011383),(Vehicles3↦0.1377787347882986),(Vehicles4↦0.527203194797039),(Vehicles5↦1.693648099899292)}",
        "VehiclesY": "{(EgoVehicle↦8.000000238418579),(Vehicles2↦-4.0000001192092896),(Vehicles3↦0.0),(Vehicles4↦-8.000000238418579),(Vehicles5↦-4.0000001192092896)}",
        "VehiclesVy": "{(EgoVehicle↦0.0),(Vehicles2↦0.0),(Vehicles3↦0.0),(Vehicles4↦0.0),(Vehicles5↦0.0)}",
        "VehiclesX": "{(EgoVehicle↦200.0),(Vehicles2↦4.801974445581436),(Vehicles3↦14.882184565067291),(Vehicles4↦37.514448165893555),(Vehicles5↦85.9842836856842)}"
      },
      "probabilisticVariables": null,
      "activating": [
        "IDLE_59"
      ],
      "activatingOnlyWhenExecuted": true,
      "updating": null,
      "withPredicate": null
    },
    {
      "id": "IDLE_59",
      "execute": "IDLE",
      "after": "1000",
      "priority": 0,
      "additionalGuards": null,
      "activationKind": null,
      "fixedVariables": {
        "Crash": "FALSE",
        "VehiclesAy": "{(EgoVehicle↦0.0),(Vehicles2↦0.0),(Vehicles3↦0.0),(Vehicles4↦0.0),(Vehicles5↦0.0)}",
        "Reward": "0.7333333333333334",
        "VehiclesAx": "{(EgoVehicle↦0.0),(Vehicles2↦0.00914454460144043),(Vehicles3↦0.01132287085056305),(Vehicles4↦0.010480247437953949),(Vehicles5↦0.004813820123672485)}",
        "VehiclesVx": "{(EgoVehicle↦20.0),(Vehicles2↦1.4761044085025787),(Vehicles3↦0.14910160563886166),(Vehicles4↦0.537683442234993),(Vehicles5↦1.6984619200229645)}",
        "VehiclesY": "{(EgoVehicle↦8.000000238418579),(Vehicles2↦-4.0000001192092896),(Vehicles3↦0.0),(Vehicles4↦-8.000000238418579),(Vehicles5↦-4.0000001192092896)}",
        "VehiclesVy": "{(EgoVehicle↦0.0),(Vehicles2↦0.0),(Vehicles3↦0.0),(Vehicles4↦0.0),(Vehicles5↦0.0)}",
        "VehiclesX": "{(EgoVehicle↦200.0),(Vehicles2↦6.272611021995544),(Vehicles3↦15.024511516094208),(Vehicles4↦38.045865297317505),(Vehicles5↦87.67986297607422)}"
      },
      "probabilisticVariables": null,
      "activating": [
        "IDLE_60"
      ],
      "activatingOnlyWhenExecuted": true,
      "updating": null,
      "withPredicate": null
    },
    {
      "id": "IDLE_60",
      "execute": "IDLE",
      "after": "1000",
      "priority": 0,
      "additionalGuards": null,
      "activationKind": null,
      "fixedVariables": {
        "Crash": "FALSE",
        "VehiclesAy": "{(EgoVehicle↦0.0),(Vehicles2↦0.0),(Vehicles3↦0.0),(Vehicles4↦0.0),(Vehicles5↦0.0)}",
        "Reward": "0.7333333333333334",
        "VehiclesAx": "{(EgoVehicle↦0.0),(Vehicles2↦0.008917748928070068),(Vehicles3↦0.011091632768511772),(Vehicles4↦0.010222643613815308),(Vehicles5↦0.004792511463165283)}",
        "VehiclesVx": "{(EgoVehicle↦20.0),(Vehicles2↦1.4850221574306488),(Vehicles3↦0.16019323840737343),(Vehicles4↦0.5479060858488083),(Vehicles5↦1.7032544314861298)}",
        "VehiclesY": "{(EgoVehicle↦8.000000238418579),(Vehicles2↦-4.0000001192092896),(Vehicles3↦0.0),(Vehicles4↦-8.000000238418579),(Vehicles5↦-4.0000001192092896)}",
        "VehiclesVy": "{(EgoVehicle↦0.0),(Vehicles2↦0.0),(Vehicles3↦0.0),(Vehicles4↦0.0),(Vehicles5↦0.0)}",
        "VehiclesX": "{(EgoVehicle↦200.0),(Vehicles2↦7.752300053834915),(Vehicles3↦15.178066492080688),(Vehicles4↦38.58765661716461),(Vehicles5↦89.38024044036865)}"
      },
      "probabilisticVariables": null,
      "activating": [
        "IDLE_61"
      ],
      "activatingOnlyWhenExecuted": true,
      "updating": null,
      "withPredicate": null
    },
    {
      "id": "IDLE_61",
      "execute": "IDLE",
      "after": "1000",
      "priority": 0,
      "additionalGuards": null,
      "activationKind": null,
      "fixedVariables": {
        "Crash": "FALSE",
        "VehiclesAy": "{(EgoVehicle↦0.0),(Vehicles2↦0.0),(Vehicles3↦0.0),(Vehicles4↦0.0),(Vehicles5↦0.0)}",
        "Reward": "0.7333333333333334",
        "VehiclesAx": "{(EgoVehicle↦0.0),(Vehicles2↦0.008702576160430908),(Vehicles3↦0.010872185230255127),(Vehicles4↦0.009971298277378082),(Vehicles5↦0.004770606756210327)}",
        "VehiclesVx": "{(EgoVehicle↦20.0),(Vehicles2↦1.4937247335910797),(Vehicles3↦0.17106542363762856),(Vehicles4↦0.5578773841261864),(Vehicles5↦1.70802503824234)}",
        "VehiclesY": "{(EgoVehicle↦8.000000238418579),(Vehicles2↦-4.0000001192092896),(Vehicles3↦0.0),(Vehicles4↦-8.000000238418579),(Vehicles5↦-4.0000001192092896)}",
        "VehiclesVy": "{(EgoVehicle↦0.0),(Vehicles2↦0.0),(Vehicles3↦0.0),(Vehicles4↦0.0),(Vehicles5↦0.0)}",
        "VehiclesX": "{(EgoVehicle↦200.0),(Vehicles2↦9.24082025885582),(Vehicles3↦15.342625975608826),(Vehicles4↦39.13957178592682),(Vehicles5↦91.08540415763855)}"
      },
      "probabilisticVariables": null,
      "activating": null,
      "activatingOnlyWhenExecuted": true,
      "updating": null,
      "withPredicate": null
    }
  ],
  "listeners": [],
  "metadata": {
    "fileType": "Timed_Trace",
    "formatVersion": 3,
    "savedAt": "2023-08-15T11:29:37.384231Z",
    "creator": "Simulation: MONTE_CARLO_SIMULATION; MAX_STEPS_BEFORE_PROPERTY : 0, EXECUTIONS : 1000, ENDING_TIME : 60000",
    "proB2KernelVersion": "4.12.2",
    "proBCliVersion": "1.12.2-final",
    "modelName": "HighwayEnvironment"
  }
}