{
  "variables": {},
  "activations": [
    {
      "id": "$setup_constants",
      "execute": "$setup_constants",
      "after": "0",
      "priority": 0,
      "additionalGuards": null,
      "activationKind": null,
      "fixedVariables": null,
      "probabilisticVariables": null,
      "activating": null,
      "activatingOnlyWhenExecuted": true,
      "updating": null,
      "withPredicate": null
    },
    {
      "id": "$initialise_machine",
      "execute": "$initialise_machine",
      "after": "0",
      "priority": 0,
      "additionalGuards": null,
      "activationKind": null,
      "fixedVariables": {
        "Crash": "FALSE",
        "VehiclesAy": "{(EgoVehicle↦0.0),(Vehicles2↦0.0),(Vehicles3↦0.0),(Vehicles4↦0.0),(Vehicles5↦0.0)}",
        "Reward": "0.0",
        "VehiclesAx": "{(EgoVehicle↦0.0),(Vehicles2↦0.0),(Vehicles3↦0.0),(Vehicles4↦0.0),(Vehicles5↦0.0)}",
        "VehiclesVx": "{(EgoVehicle↦25.0),(Vehicles2↦-3.5703545808792114),(Vehicles3↦-1.8893954157829285),(Vehicles4↦-2.7853035926818848),(Vehicles5↦-1.2978795170783997)}",
        "VehiclesY": "{(EgoVehicle↦4.0000001192092896),(Vehicles2↦4.0000001192092896),(Vehicles3↦-4.0000001192092896),(Vehicles4↦-4.0000001192092896),(Vehicles5↦0.0)}",
        "VehiclesVy": "{(EgoVehicle↦0.0),(Vehicles2↦0.0),(Vehicles3↦0.0),(Vehicles4↦0.0),(Vehicles5↦0.0)}",
        "VehiclesX": "{(EgoVehicle↦151.48965120315552),(Vehicles2↦22.307805716991425),(Vehicles3↦44.68004107475281),(Vehicles4↦70.16795873641968),(Vehicles5↦96.21240496635437)}"
      },
      "probabilisticVariables": null,
      "activating": [
        "LANE_RIGHT_2"
      ],
      "activatingOnlyWhenExecuted": true,
      "updating": null,
      "withPredicate": null
    },
    {
      "id": "LANE_RIGHT_2",
      "execute": "LANE_RIGHT",
      "after": "1000",
      "priority": 0,
      "additionalGuards": null,
      "activationKind": null,
      "fixedVariables": {
        "Crash": "FALSE",
        "VehiclesAy": "{(EgoVehicle↦1.0796338319778442),(Vehicles2↦-1.0796338319778442),(Vehicles3↦5.347041487693787),(Vehicles4↦-1.0796338319778442),(Vehicles5↦2.3050178587436676)}",
        "Reward": "0.8660447183419508",
        "VehiclesAx": "{(EgoVehicle↦-0.023322105407714844),(Vehicles2↦-0.351279079914093),(Vehicles3↦-6.352786123752594),(Vehicles4↦-1.8753862380981445),(Vehicles5↦-2.9083722829818726)}",
        "VehiclesVx": "{(EgoVehicle↦24.976677894592285),(Vehicles2↦-3.9216336607933044),(Vehicles3↦-8.242181539535522),(Vehicles4↦-4.660689830780029),(Vehicles5↦-4.206251800060272)}",
        "VehiclesY": "{(EgoVehicle↦7.6599647998809814),(Vehicles2↦0.3400348797440529),(Vehicles3↦-6.743289470672607),(Vehicles4↦-7.6599647998809814),(Vehicles5↦-0.8831620216369629)}",
        "VehiclesVy": "{(EgoVehicle↦1.0796338319778442),(Vehicles2↦-1.0796338319778442),(Vehicles3↦5.347041487693787),(Vehicles4↦-1.0796338319778442),(Vehicles5↦2.3050178587436676)}",
        "VehiclesX": "{(EgoVehicle↦176.16989612579346),(Vehicles2↦18.96132528781891),(Vehicles3↦40.65264165401459),(Vehicles4↦66.80915355682373),(Vehicles5↦93.69006752967834)}"
      },
      "probabilisticVariables": null,
      "activating": [
        "LANE_RIGHT_3"
      ],
      "activatingOnlyWhenExecuted": true,
      "updating": null,
      "withPredicate": null
    },
    {
      "id": "LANE_RIGHT_3",
      "execute": "LANE_RIGHT",
      "after": "1000",
      "priority": 0,
      "additionalGuards": null,
      "activationKind": null,
      "fixedVariables": {
        "Crash": "FALSE",
        "VehiclesAy": "{(EgoVehicle↦-1.041519611608237),(Vehicles2↦1.041519611608237),(Vehicles3↦-4.635201841592789),(Vehicles4↦1.041519611608237),(Vehicles5↦2.480218317359686)}",
        "Reward": "0.8666658918962077",
        "VehiclesAx": "{(EgoVehicle↦0.023293495178222656),(Vehicles2↦-0.6104052066802979),(Vehicles3↦1.7483657598495483),(Vehicles4↦-0.8503055572509766),(Vehicles5↦-0.114574134349823)}",
        "VehiclesVx": "{(EgoVehicle↦24.999971389770508),(Vehicles2↦-4.532038867473602),(Vehicles3↦-6.493815779685974),(Vehicles4↦-5.510995388031006),(Vehicles5↦-4.320825934410095)}",
        "VehiclesY": "{(EgoVehicle↦7.988499641418457),(Vehicles2↦0.01150053832679987),(Vehicles3↦-4.251148223876953),(Vehicles4↦-7.988499641418457),(Vehicles5↦-0.06113353930413723)}",
        "VehiclesVy": "{(EgoVehicle↦0.03811422036960721),(Vehicles2↦-0.03811422036960721),(Vehicles3↦0.7118396461009979),(Vehicles4↦-0.03811422036960721),(Vehicles5↦0.1752004586160183)}",
        "VehiclesX": "{(EgoVehicle↦200.0),(Vehicles2↦14.75243866443634),(Vehicles3↦33.13210606575012),(Vehicles4↦61.74687147140503),(Vehicles5↦89.54342603683472)}"
      },
      "probabilisticVariables": null,
      "activating": [
        "LANE_LEFT_4"
      ],
      "activatingOnlyWhenExecuted": true,
      "updating": null,
      "withPredicate": null
    },
    {
      "id": "LANE_LEFT_4",
      "execute": "LANE_LEFT",
      "after": "1000",
      "priority": 0,
      "additionalGuards": null,
      "activationKind": null,
      "fixedVariables": {
        "Crash": "FALSE",
        "VehiclesAy": "{(EgoVehicle↦-1.1165537242777646),(Vehicles2↦1.1165537242777646),(Vehicles3↦0.4182993620634079),(Vehicles4↦1.1165537242777646),(Vehicles5↦1.26614673063159)}",
        "Reward": "0.8327127609338779",
        "VehiclesAx": "{(EgoVehicle↦-0.023243427276611328),(Vehicles2↦-0.29267579317092896),(Vehicles3↦1.2164592742919922),(Vehicles4↦-0.3544044494628906),(Vehicles5↦-0.304332971572876)}",
        "VehiclesVx": "{(EgoVehicle↦24.976727962493896),(Vehicles2↦-4.824714660644531),(Vehicles3↦-5.277356505393982),(Vehicles4↦-5.8653998374938965),(Vehicles5↦-4.625158905982971)}",
        "VehiclesY": "{(EgoVehicle↦4.339677572250366),(Vehicles2↦3.6603223085403442),(Vehicles3↦-0.35741957277059555),(Vehicles4↦-4.339677572250366),(Vehicles5↦3.6560375690460205)}",
        "VehiclesVy": "{(EgoVehicle↦-1.0784395039081573),(Vehicles2↦1.0784395039081573),(Vehicles3↦1.1301390081644058),(Vehicles4↦1.0784395039081573),(Vehicles5↦1.0909462720155716)}",
        "VehiclesX": "{(EgoVehicle↦200.0),(Vehicles2↦10.397806763648987),(Vehicles3↦27.47614085674286),(Vehicles4↦56.3786506652832),(Vehicles5↦85.40485501289368)}"
      },
      "probabilisticVariables": null,
      "activating": [
        "FASTER_5"
      ],
      "activatingOnlyWhenExecuted": true,
      "updating": null,
      "withPredicate": null
    },
    {
      "id": "FASTER_5",
      "execute": "FASTER",
      "after": "1000",
      "priority": 0,
      "additionalGuards": null,
      "activationKind": null,
      "fixedVariables": {
        "Crash": "FALSE",
        "VehiclesAy": "{(EgoVehicle↦1.0513439401984215),(Vehicles2↦-1.0513439401984215),(Vehicles3↦-1.099847974255681),(Vehicles4↦-1.0513439401984215),(Vehicles5↦1.1187995597720146)}",
        "Reward": "0.9491080340069571",
        "VehiclesAx": "{(EgoVehicle↦4.364824295043945),(Vehicles2↦-4.550235271453857),(Vehicles3↦-3.591393828392029),(Vehicles4↦-4.522615671157837),(Vehicles5↦-4.621681571006775)}",
        "VehiclesVx": "{(EgoVehicle↦29.341552257537842),(Vehicles2↦-9.374949932098389),(Vehicles3↦-8.86875033378601),(Vehicles4↦-10.388015508651733),(Vehicles5↦-9.246840476989746)}",
        "VehiclesY": "{(EgoVehicle↦4.006497502326965),(Vehicles2↦3.993502378463745),(Vehicles3↦-0.007579830475151539),(Vehicles4↦-4.006497502326965),(Vehicles5↦3.993241310119629)}",
        "VehiclesVy": "{(EgoVehicle↦-0.02709556370973587),(Vehicles2↦0.02709556370973587),(Vehicles3↦0.030291033908724785),(Vehicles4↦0.02709556370973587),(Vehicles5↦0.027853287756443024)}",
        "VehiclesX": "{(EgoVehicle↦200.0),(Vehicles2↦3.0768631026148796),(Vehicles3↦20.122030377388),(Vehicles4↦48.02323281764984),(Vehicles5↦78.25634479522705)}"
      },
      "probabilisticVariables": null,
      "activating": [
        "LANE_LEFT_6"
      ],
      "activatingOnlyWhenExecuted": true,
      "updating": null,
      "withPredicate": null
    },
    {
      "id": "LANE_LEFT_6",
      "execute": "LANE_LEFT",
      "after": "1000",
      "priority": 0,
      "additionalGuards": null,
      "activationKind": null,
      "fixedVariables": {
        "Crash": "FALSE",
        "VehiclesAy": "{(EgoVehicle↦-0.9910775348544121),(Vehicles2↦0.9910775348544121),(Vehicles3↦0.9880660194903612),(Vehicles4↦0.9910775348544121),(Vehicles5↦1.0460734739899635)}",
        "Reward": "0.9305589148073418",
        "VehiclesAx": "{(EgoVehicle↦0.5544066429138184),(Vehicles2↦-0.668555498123169),(Vehicles3↦-0.08405625820159912),(Vehicles4↦-0.598059892654419),(Vehicles5↦-0.7407641410827637)}",
        "VehiclesVx": "{(EgoVehicle↦29.89595890045166),(Vehicles2↦-10.043505430221558),(Vehicles3↦-8.95280659198761),(Vehicles4↦-10.986075401306152),(Vehicles5↦-9.98760461807251)}",
        "VehiclesY": "{(EgoVehicle↦0.291953444480896),(Vehicles2↦7.7080464363098145),(Vehicles3↦3.7079848051071167),(Vehicles4↦-0.291953444480896),(Vehicles5↦7.7080299854278564)}",
        "VehiclesVy": "{(EgoVehicle↦-1.018173098564148),(Vehicles2↦1.018173098564148),(Vehicles3↦1.018357053399086),(Vehicles4↦1.018173098564148),(Vehicles5↦1.0182201862335205)}",
        "VehiclesX": "{(EgoVehicle↦200.0),(Vehicles2↦-6.381683051586151),(Vehicles3↦11.427832394838333),(Vehicles4↦37.57758438587189),(Vehicles5↦68.89606714248657)}"
      },
      "probabilisticVariables": null,
      "activating": [
        "FASTER_7"
      ],
      "activatingOnlyWhenExecuted": true,
      "updating": null,
      "withPredicate": null
    },
    {
      "id": "FASTER_7",
      "execute": "FASTER",
      "after": "1000",
      "priority": 0,
      "additionalGuards": null,
      "activationKind": null,
      "fixedVariables": {
        "Crash": "FALSE",
        "VehiclesAy": "{(EgoVehicle↦1.0027709999121726),(Vehicles2↦-1.0027608531527221),(Vehicles3↦-1.0029549547471106),(Vehicles4↦-1.0027680231723934),(Vehicles5↦1.033622284885496)}",
        "Reward": "0.9330287400919444",
        "VehiclesAx": "{(EgoVehicle↦0.09261846542358398),(Vehicles2↦1.261686086654663),(Vehicles3↦-2.1099096536636353),(Vehicles4↦0.7771599292755127),(Vehicles5↦0.025274157524108887)}",
        "VehiclesVx": "{(EgoVehicle↦29.988577365875244),(Vehicles2↦-8.781819343566895),(Vehicles3↦-11.062716245651245),(Vehicles4↦-10.20891547203064),(Vehicles5↦-9.9623304605484)}",
        "VehiclesY": "{(EgoVehicle↦0.003343911375850439),(Vehicles2↦3.9966527223587036),(Vehicles3↦-0.003343911375850439),(Vehicles4↦7.996654987335205),(Vehicles5↦-0.003343911375850439)}",
        "VehiclesVy": "{(EgoVehicle↦-0.015402098651975393),(Vehicles2↦0.015412245411425829),(Vehicles3↦0.015402098651975393),(Vehicles4↦0.015405075391754508),(Vehicles5↦0.015402098651975393)}",
        "VehiclesX": "{(EgoVehicle↦200.0),(Vehicles2↦2.5375161319971085),(Vehicles3↦26.538410782814026),(Vehicles4↦58.796775341033936),(Vehicles5↦80.72103261947632)}"
      },
      "probabilisticVariables": null,
      "activating": [
        "LANE_LEFT_8"
      ],
      "activatingOnlyWhenExecuted": true,
      "updating": null,
      "withPredicate": null
    },
    {
      "id": "LANE_LEFT_8",
      "execute": "LANE_LEFT",
      "after": "1000",
      "priority": 0,
      "additionalGuards": null,
      "activationKind": null,
      "fixedVariables": {
        "Crash": "FALSE",
        "VehiclesAy": "{(EgoVehicle↦0.015446919646819879),(Vehicles2↦-0.015456519740837393),(Vehicles3↦-0.015446919646819879),(Vehicles4↦-0.015449705924766022),(Vehicles5↦0.015357277657130908)}",
        "Reward": "0.9332932361777976",
        "VehiclesAx": "{(EgoVehicle↦0.009918212890625),(Vehicles2↦0.12106716632843018),(Vehicles3↦0.03601551055908203),(Vehicles4↦-0.09454727172851562),(Vehicles5↦-0.03460884094238281)}",
        "VehiclesVx": "{(EgoVehicle↦29.99849557876587),(Vehicles2↦-8.660752177238464),(Vehicles3↦-11.026700735092163),(Vehicles4↦-10.303462743759155),(Vehicles5↦-9.996939301490784)}",
        "VehiclesY": "{(EgoVehicle↦-2.947765551652992E-05),(Vehicles2↦4.000029444694519),(Vehicles3↦2.947765551652992E-05),(Vehicles4↦8.000029563903809),(Vehicles5↦2.947765551652992E-05)}",
        "VehiclesVy": "{(EgoVehicle↦4.482099484448554E-05),(Vehicles2↦-4.4274329411564395E-05),(Vehicles3↦-4.482099484448554E-05),(Vehicles4↦-4.463053301151376E-05),(Vehicles5↦-4.482099484448554E-05)}",
        "VehiclesX": "{(EgoVehicle↦200.0),(Vehicles2↦-6.189117580652237),(Vehicles3↦15.486997365951538),(Vehicles4↦48.545509576797485),(Vehicles5↦70.74239253997803)}"
      },
      "probabilisticVariables": null,
      "activating": [
        "SLOWER_9"
      ],
      "activatingOnlyWhenExecuted": true,
      "updating": null,
      "withPredicate": null
    },
    {
      "id": "SLOWER_9",
      "execute": "SLOWER",
      "after": "1000",
      "priority": 0,
      "additionalGuards": null,
      "activationKind": null,
      "fixedVariables": {
        "Crash": "FALSE",
        "VehiclesAy": "{(EgoVehicle↦-3.8945249798416626E-05),(Vehicles2↦3.839858436549548E-05),(Vehicles3↦3.895752911375894E-05),(Vehicles4↦3.875478796544485E-05),(Vehicles5↦-5.0696739890554454E-05)}",
        "Reward": "0.8175530187560236",
        "VehiclesAx": "{(EgoVehicle↦-4.34025764465332),(Vehicles2↦2.0337289571762085),(Vehicles3↦5.01145601272583),(Vehicles4↦4.631683826446533),(Vehicles5↦3.593507409095764)}",
        "VehiclesVx": "{(EgoVehicle↦25.65823793411255),(Vehicles2↦-6.627023220062256),(Vehicles3↦-6.015244722366333),(Vehicles4↦-5.671778917312622),(Vehicles5↦-6.4034318923950195)}",
        "VehiclesY": "{(EgoVehicle↦-1.8646970261215756E-06),(Vehicles2↦1.8646970261215756E-06),(Vehicles3↦8.000001668930054),(Vehicles4↦1.8646970261215756E-06),(Vehicles5↦4.000001907348633)}",
        "VehiclesVy": "{(EgoVehicle↦5.875745046068914E-06),(Vehicles2↦-5.875745046068914E-06),(Vehicles3↦-5.8634657307266025E-06),(Vehicles4↦-5.875745046068914E-06),(Vehicles5↦-5.875745046068914E-06)}",
        "VehiclesX": "{(EgoVehicle↦200.0),(Vehicles2↦6.877771764993668),(Vehicles3↦40.613359212875366),(Vehicles4↦63.13316226005554),(Vehicles5↦84.47034358978271)}"
      },
      "probabilisticVariables": null,
      "activating": [
        "LANE_RIGHT_10"
      ],
      "activatingOnlyWhenExecuted": true,
      "updating": null,
      "withPredicate": null
    },
    {
      "id": "LANE_RIGHT_10",
      "execute": "LANE_RIGHT",
      "after": "1000",
      "priority": 0,
      "additionalGuards": null,
      "activationKind": null,
      "fixedVariables": {
        "Crash": "TRUE",
        "VehiclesAy": "{(EgoVehicle↦2.8361968053195596),(Vehicles2↦-2.8361968053195596),(Vehicles3↦-2.836196817598875),(Vehicles4↦-2.8361968053195596),(Vehicles5↦-2.836208556809652)}",
        "Reward": "0.03333333333333336",
        "VehiclesAx": "{(EgoVehicle↦-13.022854328155518),(Vehicles2↦3.7485966086387634),(Vehicles3↦12.994505167007446),(Vehicles4↦13.013668656349182),(Vehicles5↦12.995136976242065)}",
        "VehiclesVx": "{(EgoVehicle↦12.635383605957031),(Vehicles2↦-2.8784266114234924),(Vehicles3↦6.979260444641113),(Vehicles4↦7.34188973903656),(Vehicles5↦6.591705083847046)}",
        "VehiclesY": "{(EgoVehicle↦4.835006475448608),(Vehicles2↦-5.089486241340637),(Vehicles3↦3.164993405342102),(Vehicles4↦-4.835006475448608),(Vehicles5↦-0.8350066244602203)}",
        "VehiclesVy": "{(EgoVehicle↦2.8362026810646057),(Vehicles2↦-2.8362026810646057),(Vehicles3↦-2.8362026810646057),(Vehicles4↦-2.8362026810646057),(Vehicles5↦-2.8362026810646057)}",
        "VehiclesX": "{(EgoVehicle↦200.0),(Vehicles2↦1.8575351685285568),(Vehicles3↦38.24009597301483),(Vehicles4↦61.112260818481445),(Vehicles5↦81.70951008796692)}"
      },
      "probabilisticVariables": null,
      "activating": null,
      "activatingOnlyWhenExecuted": true,
      "updating": null,
      "withPredicate": null
    }
  ],
  "listeners": [],
  "metadata": {
    "fileType": "Timed_Trace",
    "formatVersion": 3,
    "savedAt": "2023-08-15T11:29:45.123666Z",
    "creator": "Simulation: MONTE_CARLO_SIMULATION; MAX_STEPS_BEFORE_PROPERTY : 0, EXECUTIONS : 1000, ENDING_TIME : 60000",
    "proB2KernelVersion": "4.12.2",
    "proBCliVersion": "1.12.2-final",
    "modelName": "HighwayEnvironment"
  }
}