{
  "variables": {},
  "activations": [
    {
      "id": "$setup_constants",
      "execute": "$setup_constants",
      "after": "0",
      "priority": 0,
      "additionalGuards": null,
      "activationKind": null,
      "fixedVariables": null,
      "probabilisticVariables": null,
      "activating": null,
      "activatingOnlyWhenExecuted": true,
      "updating": null,
      "withPredicate": null
    },
    {
      "id": "$initialise_machine",
      "execute": "$initialise_machine",
      "after": "0",
      "priority": 0,
      "additionalGuards": null,
      "activationKind": null,
      "fixedVariables": {
        "Crash": "FALSE",
        "VehiclesAy": "{(EgoVehicle↦0.0),(Vehicles2↦0.0),(Vehicles3↦0.0),(Vehicles4↦0.0),(Vehicles5↦0.0)}",
        "Reward": "0.0",
        "VehiclesAx": "{(EgoVehicle↦0.0),(Vehicles2↦0.0),(Vehicles3↦0.0),(Vehicles4↦0.0),(Vehicles5↦0.0)}",
        "VehiclesVx": "{(EgoVehicle↦25.0),(Vehicles2↦-3.695915937423706),(Vehicles3↦-3.024536371231079),(Vehicles4↦-2.0642252266407013),(Vehicles5↦-3.750423491001129)}",
        "VehiclesY": "{(EgoVehicle↦0.0),(Vehicles2↦4.0000001192092896),(Vehicles3↦4.0000001192092896),(Vehicles4↦4.0000001192092896),(Vehicles5↦8.000000238418579)}",
        "VehiclesVy": "{(EgoVehicle↦0.0),(Vehicles2↦0.0),(Vehicles3↦0.0),(Vehicles4↦0.0),(Vehicles5↦0.0)}",
        "VehiclesX": "{(EgoVehicle↦149.20059442520142),(Vehicles2↦21.34288400411606),(Vehicles3↦45.4066276550293),(Vehicles4↦70.16128301620483),(Vehicles5↦91.31297469139099)}"
      },
      "probabilisticVariables": null,
      "activating": [
        "FASTER_2"
      ],
      "activatingOnlyWhenExecuted": true,
      "updating": null,
      "withPredicate": null
    },
    {
      "id": "FASTER_2",
      "execute": "FASTER",
      "after": "1000",
      "priority": 0,
      "additionalGuards": null,
      "activationKind": null,
      "fixedVariables": {
        "Crash": "FALSE",
        "VehiclesAy": "{(EgoVehicle↦0.0),(Vehicles2↦0.0),(Vehicles3↦2.0785780251026154),(Vehicles4↦0.0),(Vehicles5↦0.0)}",
        "Reward": "0.9157750342935529",
        "VehiclesAx": "{(EgoVehicle↦4.341564178466797),(Vehicles2↦-9.665186405181885),(Vehicles3↦-8.371269702911377),(Vehicles4↦-4.840642660856247),(Vehicles5↦-8.13006967306137)}",
        "VehiclesVx": "{(EgoVehicle↦29.341564178466797),(Vehicles2↦-13.36110234260559),(Vehicles3↦-11.395806074142456),(Vehicles4↦-6.904867887496948),(Vehicles5↦-11.8804931640625)}",
        "VehiclesY": "{(EgoVehicle↦0.0),(Vehicles2↦4.0000001192092896),(Vehicles3↦7.239425897598267),(Vehicles4↦4.0000001192092896),(Vehicles5↦8.000000238418579)}",
        "VehiclesVy": "{(EgoVehicle↦0.0),(Vehicles2↦0.0),(Vehicles3↦2.0785780251026154),(Vehicles4↦0.0),(Vehicles5↦0.0)}",
        "VehiclesX": "{(EgoVehicle↦176.59566402435303),(Vehicles2↦12.889569997787476),(Vehicles3↦37.51417696475983),(Vehicles4↦65.47797918319702),(Vehicles5↦83.20823907852173)}"
      },
      "probabilisticVariables": null,
      "activating": [
        "FASTER_3"
      ],
      "activatingOnlyWhenExecuted": true,
      "updating": null,
      "withPredicate": null
    },
    {
      "id": "FASTER_3",
      "execute": "FASTER",
      "after": "1000",
      "priority": 0,
      "additionalGuards": null,
      "activationKind": null,
      "fixedVariables": {
        "Crash": "FALSE",
        "VehiclesAy": "{(EgoVehicle↦0.0),(Vehicles2↦0.0),(Vehicles3↦-1.9137882627546787),(Vehicles4↦0.0),(Vehicles5↦0.0)}",
        "Reward": "0.9310211293445557",
        "VehiclesAx": "{(EgoVehicle↦0.5717277526855469),(Vehicles2↦0.735018253326416),(Vehicles3↦-0.9810709953308105),(Vehicles4↦-0.8505171537399292),(Vehicles5↦-1.3781261444091797)}",
        "VehiclesVx": "{(EgoVehicle↦29.913291931152344),(Vehicles2↦-12.626084089279175),(Vehicles3↦-12.376877069473267),(Vehicles4↦-7.755385041236877),(Vehicles5↦-13.25861930847168)}",
        "VehiclesY": "{(EgoVehicle↦0.0),(Vehicles2↦4.0000001192092896),(Vehicles3↦7.940000295639038),(Vehicles4↦4.0000001192092896),(Vehicles5↦8.000000238418579)}",
        "VehiclesVy": "{(EgoVehicle↦0.0),(Vehicles2↦0.0),(Vehicles3↦0.16478976234793663),(Vehicles4↦0.0),(Vehicles5↦0.0)}",
        "VehiclesX": "{(EgoVehicle↦200.0),(Vehicles2↦-0.22838783916085958),(Vehicles3↦25.681713223457336),(Vehicles4↦58.133912086486816),(Vehicles5↦70.59692740440369)}"
      },
      "probabilisticVariables": null,
      "activating": [
        "FASTER_4"
      ],
      "activatingOnlyWhenExecuted": true,
      "updating": null,
      "withPredicate": null
    },
    {
      "id": "FASTER_4",
      "execute": "FASTER",
      "after": "1000",
      "priority": 0,
      "additionalGuards": null,
      "activationKind": null,
      "fixedVariables": {
        "Crash": "FALSE",
        "VehiclesAy": "{(EgoVehicle↦0.0),(Vehicles2↦0.013443625066429377),(Vehicles3↦-0.16478976234793663),(Vehicles4↦0.0),(Vehicles5↦0.0)}",
        "Reward": "0.9330288455652638",
        "VehiclesAx": "{(EgoVehicle↦0.07529020309448242),(Vehicles2↦-0.20626306533813477),(Vehicles3↦4.3838417530059814),(Vehicles4↦-5.701921582221985),(Vehicles5↦3.439529538154602)}",
        "VehiclesVx": "{(EgoVehicle↦29.988582134246826),(Vehicles2↦-12.83234715461731),(Vehicles3↦-7.993035316467285),(Vehicles4↦-13.457306623458862),(Vehicles5↦-9.819089770317078)}",
        "VehiclesY": "{(EgoVehicle↦0.0),(Vehicles2↦7.995075702667236),(Vehicles3↦4.0000001192092896),(Vehicles4↦8.000000238418579),(Vehicles5↦8.000000238418579)}",
        "VehiclesVy": "{(EgoVehicle↦0.0),(Vehicles2↦0.013443625066429377),(Vehicles3↦0.0),(Vehicles4↦0.0),(Vehicles5↦0.0)}",
        "VehiclesX": "{(EgoVehicle↦200.0),(Vehicles2↦13.098569214344025),(Vehicles3↦50.26521682739258),(Vehicles4↦57.21926689147949),(Vehicles5↦92.76297092437744)}"
      },
      "probabilisticVariables": null,
      "activating": [
        "IDLE_5"
      ],
      "activatingOnlyWhenExecuted": true,
      "updating": null,
      "withPredicate": null
    },
    {
      "id": "IDLE_5",
      "execute": "IDLE",
      "after": "1000",
      "priority": 0,
      "additionalGuards": null,
      "activationKind": null,
      "fixedVariables": {
        "Crash": "FALSE",
        "VehiclesAy": "{(EgoVehicle↦0.0),(Vehicles2↦-0.012310912061366253),(Vehicles3↦0.0),(Vehicles4↦0.0),(Vehicles5↦0.0)}",
        "Reward": "0.9332932361786904",
        "VehiclesAx": "{(EgoVehicle↦0.009913444519042969),(Vehicles2↦-0.23893475532531738),(Vehicles3↦-0.10612905025482178),(Vehicles4↦0.08443951606750488),(Vehicles5↦-0.5446678400039673)}",
        "VehiclesVx": "{(EgoVehicle↦29.99849557876587),(Vehicles2↦-13.071281909942627),(Vehicles3↦-8.099164366722107),(Vehicles4↦-13.372867107391357),(Vehicles5↦-10.363757610321045)}",
        "VehiclesY": "{(EgoVehicle↦0.0),(Vehicles2↦7.999583959579468),(Vehicles3↦4.0000001192092896),(Vehicles4↦8.000000238418579),(Vehicles5↦8.000000238418579)}",
        "VehiclesVy": "{(EgoVehicle↦0.0),(Vehicles2↦0.001132713005063124),(Vehicles3↦0.0),(Vehicles4↦0.0),(Vehicles5↦0.0)}",
        "VehiclesX": "{(EgoVehicle↦200.0),(Vehicles2↦0.15818121610209346),(Vehicles3↦42.224252223968506),(Vehicles4↦43.785011768341064),(Vehicles5↦82.7129065990448)}"
      },
      "probabilisticVariables": null,
      "activating": [
        "SLOWER_6"
      ],
      "activatingOnlyWhenExecuted": true,
      "updating": null,
      "withPredicate": null
    },
    {
      "id": "SLOWER_6",
      "execute": "SLOWER",
      "after": "1000",
      "priority": 0,
      "additionalGuards": null,
      "activationKind": null,
      "fixedVariables": {
        "Crash": "FALSE",
        "VehiclesAy": "{(EgoVehicle↦0.0),(Vehicles2↦-0.001132713005063124),(Vehicles3↦0.0),(Vehicles4↦0.0),(Vehicles5↦0.0)}",
        "Reward": "0.8175530187560415",
        "VehiclesAx": "{(EgoVehicle↦-4.34025764465332),(Vehicles2↦4.1981905698776245),(Vehicles3↦4.282808303833008),(Vehicles4↦6.940613389015198),(Vehicles5↦3.8468629121780396)}",
        "VehiclesVx": "{(EgoVehicle↦25.65823793411255),(Vehicles2↦-8.873091340065002),(Vehicles3↦-3.816356062889099),(Vehicles4↦-6.43225371837616),(Vehicles5↦-6.516894698143005)}",
        "VehiclesY": "{(EgoVehicle↦0.0),(Vehicles2↦8.000000238418579),(Vehicles3↦4.0000001192092896),(Vehicles4↦8.000000238418579),(Vehicles5↦0.0)}",
        "VehiclesVy": "{(EgoVehicle↦0.0),(Vehicles2↦0.0),(Vehicles3↦0.0),(Vehicles4↦0.0),(Vehicles5↦0.0)}",
        "VehiclesX": "{(EgoVehicle↦200.0),(Vehicles2↦32.86823034286499),(Vehicles3↦36.49410307407379),(Vehicles4↦74.57131147384644),(Vehicles5↦90.52999019622803)}"
      },
      "probabilisticVariables": null,
      "activating": [
        "FASTER_7"
      ],
      "activatingOnlyWhenExecuted": true,
      "updating": null,
      "withPredicate": null
    },
    {
      "id": "FASTER_7",
      "execute": "FASTER",
      "after": "1000",
      "priority": 0,
      "additionalGuards": null,
      "activationKind": null,
      "fixedVariables": {
        "Crash": "FALSE",
        "VehiclesAy": "{(EgoVehicle↦0.0),(Vehicles2↦0.0),(Vehicles3↦0.0),(Vehicles4↦0.0),(Vehicles5↦0.0)}",
        "Reward": "0.9180865429363237",
        "VehiclesAx": "{(EgoVehicle↦3.770008087158203),(Vehicles2↦-3.6045128107070923),(Vehicles3↦-3.804539442062378),(Vehicles4↦-4.083853363990784),(Vehicles5↦-3.7046092748641968)}",
        "VehiclesVx": "{(EgoVehicle↦29.428246021270752),(Vehicles2↦-12.477604150772095),(Vehicles3↦-7.620895504951477),(Vehicles4↦-10.516107082366943),(Vehicles5↦-10.221503973007202)}",
        "VehiclesY": "{(EgoVehicle↦0.0),(Vehicles2↦8.000000238418579),(Vehicles3↦4.0000001192092896),(Vehicles4↦8.000000238418579),(Vehicles5↦0.0)}",
        "VehiclesVy": "{(EgoVehicle↦0.0),(Vehicles2↦0.0),(Vehicles3↦0.0),(Vehicles4↦0.0),(Vehicles5↦0.0)}",
        "VehiclesX": "{(EgoVehicle↦200.0),(Vehicles2↦21.982328593730927),(Vehicles3↦30.582794547080994),(Vehicles4↦65.92715382575989),(Vehicles5↦81.95750117301941)}"
      },
      "probabilisticVariables": null,
      "activating": [
        "FASTER_8"
      ],
      "activatingOnlyWhenExecuted": true,
      "updating": null,
      "withPredicate": null
    },
    {
      "id": "FASTER_8",
      "execute": "FASTER",
      "after": "1000",
      "priority": 0,
      "additionalGuards": null,
      "activationKind": null,
      "fixedVariables": {
        "Crash": "FALSE",
        "VehiclesAy": "{(EgoVehicle↦0.0),(Vehicles2↦0.0),(Vehicles3↦0.0),(Vehicles4↦0.0),(Vehicles5↦0.0)}",
        "Reward": "0.9313255255444268",
        "VehiclesAx": "{(EgoVehicle↦0.4964613914489746),(Vehicles2↦-0.3472268581390381),(Vehicles3↦-0.5175864696502686),(Vehicles4↦-0.7371187210083008),(Vehicles5↦-0.4151594638824463)}",
        "VehiclesVx": "{(EgoVehicle↦29.924707412719727),(Vehicles2↦-12.824831008911133),(Vehicles3↦-8.138481974601746),(Vehicles4↦-11.253225803375244),(Vehicles5↦-10.636663436889648)}",
        "VehiclesY": "{(EgoVehicle↦0.0),(Vehicles2↦8.000000238418579),(Vehicles3↦4.0000001192092896),(Vehicles4↦8.000000238418579),(Vehicles5↦0.0)}",
        "VehiclesVy": "{(EgoVehicle↦0.0),(Vehicles2↦0.0),(Vehicles3↦0.0),(Vehicles4↦0.0),(Vehicles5↦0.0)}",
        "VehiclesX": "{(EgoVehicle↦200.0),(Vehicles2↦9.292235970497131),(Vehicles3↦22.67877161502838),(Vehicles4↦55.03574013710022),(Vehicles5↦71.49397730827332)}"
      },
      "probabilisticVariables": null,
      "activating": [
        "FASTER_9"
      ],
      "activatingOnlyWhenExecuted": true,
      "updating": null,
      "withPredicate": null
    },
    {
      "id": "FASTER_9",
      "execute": "FASTER",
      "after": "1000",
      "priority": 0,
      "additionalGuards": null,
      "activationKind": null,
      "fixedVariables": {
        "Crash": "FALSE",
        "VehiclesAy": "{(EgoVehicle↦0.0),(Vehicles2↦0.0),(Vehicles3↦0.0),(Vehicles4↦0.0),(Vehicles5↦0.0)}",
        "Reward": "0.9330689306615433",
        "VehiclesAx": "{(EgoVehicle↦0.06537675857543945),(Vehicles2↦0.06145596504211426),(Vehicles3↦-0.07892489433288574),(Vehicles4↦-0.2482318878173828),(Vehicles5↦0.019707679748535156)}",
        "VehiclesVx": "{(EgoVehicle↦29.990084171295166),(Vehicles2↦-12.763375043869019),(Vehicles3↦-8.217406868934631),(Vehicles4↦-11.501457691192627),(Vehicles5↦-10.616955757141113)}",
        "VehiclesY": "{(EgoVehicle↦0.0),(Vehicles2↦8.000000238418579),(Vehicles3↦4.0000001192092896),(Vehicles4↦8.000000238418579),(Vehicles5↦0.0)}",
        "VehiclesVy": "{(EgoVehicle↦0.0),(Vehicles2↦0.0),(Vehicles3↦0.0),(Vehicles4↦0.0),(Vehicles5↦0.0)}",
        "VehiclesX": "{(EgoVehicle↦200.0),(Vehicles2↦-3.5161055624485016),(Vehicles3↦14.49836790561676),(Vehicles4↦43.66918206214905),(Vehicles5↦60.855281352996826)}"
      },
      "probabilisticVariables": null,
      "activating": [
        "FASTER_10"
      ],
      "activatingOnlyWhenExecuted": true,
      "updating": null,
      "withPredicate": null
    },
    {
      "id": "FASTER_10",
      "execute": "FASTER",
      "after": "1000",
      "priority": 0,
      "additionalGuards": null,
      "activationKind": null,
      "fixedVariables": {
        "Crash": "FALSE",
        "VehiclesAy": "{(EgoVehicle↦0.0),(Vehicles2↦0.0),(Vehicles3↦0.0),(Vehicles4↦0.0),(Vehicles5↦0.0)}",
        "Reward": "0.9332985148744969",
        "VehiclesAx": "{(EgoVehicle↦0.008609294891357422),(Vehicles2↦4.5277756452560425),(Vehicles3↦-3.42900812625885),(Vehicles4↦0.9588313102722168),(Vehicles5↦-2.5671207904815674)}",
        "VehiclesVx": "{(EgoVehicle↦29.998693466186523),(Vehicles2↦-8.235599398612976),(Vehicles3↦-11.646414995193481),(Vehicles4↦-10.54262638092041),(Vehicles5↦-13.18407654762268)}",
        "VehiclesY": "{(EgoVehicle↦0.0),(Vehicles2↦4.0000001192092896),(Vehicles3↦8.000000238418579),(Vehicles4↦0.0),(Vehicles5↦8.000000238418579)}",
        "VehiclesVy": "{(EgoVehicle↦0.0),(Vehicles2↦0.0),(Vehicles3↦0.0),(Vehicles4↦0.0),(Vehicles5↦0.0)}",
        "VehiclesX": "{(EgoVehicle↦200.0),(Vehicles2↦6.272166967391968),(Vehicles3↦32.10509419441223),(Vehicles4↦50.26705861091614),(Vehicles5↦85.49332618713379)}"
      },
      "probabilisticVariables": null,
      "activating": [
        "FASTER_11"
      ],
      "activatingOnlyWhenExecuted": true,
      "updating": null,
      "withPredicate": null
    },
    {
      "id": "FASTER_11",
      "execute": "FASTER",
      "after": "1000",
      "priority": 0,
      "additionalGuards": null,
      "activationKind": null,
      "fixedVariables": {
        "Crash": "FALSE",
        "VehiclesAy": "{(EgoVehicle↦0.0),(Vehicles2↦0.0),(Vehicles3↦0.0),(Vehicles4↦0.0),(Vehicles5↦0.0)}",
        "Reward": "0.9333287481864906",
        "VehiclesAx": "{(EgoVehicle↦0.0011348724365234375),(Vehicles2↦-0.008997321128845215),(Vehicles3↦-0.09958267211914062),(Vehicles4↦0.07702112197875977),(Vehicles5↦0.3057718276977539)}",
        "VehiclesVx": "{(EgoVehicle↦29.999828338623047),(Vehicles2↦-8.244596719741821),(Vehicles3↦-11.745997667312622),(Vehicles4↦-10.46560525894165),(Vehicles5↦-12.878304719924927)}",
        "VehiclesY": "{(EgoVehicle↦0.0),(Vehicles2↦4.0000001192092896),(Vehicles3↦8.000000238418579),(Vehicles4↦0.0),(Vehicles5↦8.000000238418579)}",
        "VehiclesVy": "{(EgoVehicle↦0.0),(Vehicles2↦0.0),(Vehicles3↦0.0),(Vehicles4↦0.0),(Vehicles5↦0.0)}",
        "VehiclesX": "{(EgoVehicle↦200.0),(Vehicles2↦-1.9672755151987076),(Vehicles3↦20.415934920310974),(Vehicles4↦39.75550830364227),(Vehicles5↦72.43595719337463)}"
      },
      "probabilisticVariables": null,
      "activating": [
        "FASTER_12"
      ],
      "activatingOnlyWhenExecuted": true,
      "updating": null,
      "withPredicate": null
    },
    {
      "id": "FASTER_12",
      "execute": "FASTER",
      "after": "1000",
      "priority": 0,
      "additionalGuards": null,
      "activationKind": null,
      "fixedVariables": {
        "Crash": "FALSE",
        "VehiclesAy": "{(EgoVehicle↦0.0),(Vehicles2↦0.0),(Vehicles3↦0.0),(Vehicles4↦0.0),(Vehicles5↦0.0)}",
        "Reward": "0.9333327295279878",
        "VehiclesAx": "{(EgoVehicle↦0.00015020370483398438),(Vehicles2↦-3.5688841342926025),(Vehicles3↦1.352684497833252),(Vehicles4↦-2.1579349040985107),(Vehicles5↦4.713446497917175)}",
        "VehiclesVx": "{(EgoVehicle↦29.99997854232788),(Vehicles2↦-11.813480854034424),(Vehicles3↦-10.39331316947937),(Vehicles4↦-12.623540163040161),(Vehicles5↦-8.164858222007751)}",
        "VehiclesY": "{(EgoVehicle↦0.0),(Vehicles2↦8.000000238418579),(Vehicles3↦0.0),(Vehicles4↦8.000000238418579),(Vehicles5↦4.0000001192092896)}",
        "VehiclesVy": "{(EgoVehicle↦0.0),(Vehicles2↦0.0),(Vehicles3↦0.0),(Vehicles4↦0.0),(Vehicles5↦0.0)}",
        "VehiclesX": "{(EgoVehicle↦200.0),(Vehicles2↦8.640667796134949),(Vehicles3↦29.319265484809875),(Vehicles4↦59.663283824920654),(Vehicles5↦86.30365133285522)}"
      },
      "probabilisticVariables": null,
      "activating": [
        "SLOWER_13"
      ],
      "activatingOnlyWhenExecuted": true,
      "updating": null,
      "withPredicate": null
    },
    {
      "id": "SLOWER_13",
      "execute": "SLOWER",
      "after": "1000",
      "priority": 0,
      "additionalGuards": null,
      "activationKind": null,
      "fixedVariables": {
        "Crash": "FALSE",
        "VehiclesAy": "{(EgoVehicle↦0.0),(Vehicles2↦0.0),(Vehicles3↦0.0),(Vehicles4↦0.0),(Vehicles5↦0.0)}",
        "Reward": "0.8175582195263194",
        "VehiclesAx": "{(EgoVehicle↦-4.341545104980469),(Vehicles2↦4.2998069524765015),(Vehicles3↦4.408203959465027),(Vehicles4↦4.5543694496154785),(Vehicles5↦4.262540340423584)}",
        "VehiclesVx": "{(EgoVehicle↦25.658433437347412),(Vehicles2↦-7.513673901557922),(Vehicles3↦-5.985109210014343),(Vehicles4↦-8.069170713424683),(Vehicles5↦-3.9023178815841675)}",
        "VehiclesY": "{(EgoVehicle↦0.0),(Vehicles2↦8.000000238418579),(Vehicles3↦0.0),(Vehicles4↦8.000000238418579),(Vehicles5↦4.0000001192092896)}",
        "VehiclesVy": "{(EgoVehicle↦0.0),(Vehicles2↦0.0),(Vehicles3↦0.0),(Vehicles4↦0.0),(Vehicles5↦0.0)}",
        "VehiclesX": "{(EgoVehicle↦200.0),(Vehicles2↦-0.7963085547089577),(Vehicles3↦21.348120272159576),(Vehicles4↦49.52292442321777),(Vehicles5↦80.50228953361511)}"
      },
      "probabilisticVariables": null,
      "activating": [
        "FASTER_14"
      ],
      "activatingOnlyWhenExecuted": true,
      "updating": null,
      "withPredicate": null
    },
    {
      "id": "FASTER_14",
      "execute": "FASTER",
      "after": "1000",
      "priority": 0,
      "additionalGuards": null,
      "activationKind": null,
      "fixedVariables": {
        "Crash": "FALSE",
        "VehiclesAy": "{(EgoVehicle↦0.0),(Vehicles2↦0.0),(Vehicles3↦0.0),(Vehicles4↦0.0),(Vehicles5↦0.0)}",
        "Reward": "0.918087227811422",
        "VehiclesAx": "{(EgoVehicle↦3.76983642578125),(Vehicles2↦-2.1800708770751953),(Vehicles3↦-5.6744831800460815),(Vehicles4↦0.31746864318847656),(Vehicles5↦-4.677667617797852)}",
        "VehiclesVx": "{(EgoVehicle↦29.428269863128662),(Vehicles2↦-9.693744778633118),(Vehicles3↦-11.659592390060425),(Vehicles4↦-7.751702070236206),(Vehicles5↦-8.579985499382019)}",
        "VehiclesY": "{(EgoVehicle↦0.0),(Vehicles2↦0.0),(Vehicles3↦8.000000238418579),(Vehicles4↦4.0000001192092896),(Vehicles5↦0.0)}",
        "VehiclesVy": "{(EgoVehicle↦0.0),(Vehicles2↦0.0),(Vehicles3↦0.0),(Vehicles4↦0.0),(Vehicles5↦0.0)}",
        "VehiclesX": "{(EgoVehicle↦200.0),(Vehicles2↦13.308246433734894),(Vehicles3↦39.448219537734985),(Vehicles4↦74.4885265827179),(Vehicles5↦79.66269254684448)}"
      },
      "probabilisticVariables": null,
      "activating": [
        "LANE_RIGHT_15"
      ],
      "activatingOnlyWhenExecuted": true,
      "updating": null,
      "withPredicate": null
    },
    {
      "id": "LANE_RIGHT_15",
      "execute": "LANE_RIGHT",
      "after": "1000",
      "priority": 0,
      "additionalGuards": null,
      "activationKind": null,
      "fixedVariables": {
        "Crash": "FALSE",
        "VehiclesAy": "{(EgoVehicle↦1.0197222977876663),(Vehicles2↦-1.0197222977876663),(Vehicles3↦-1.0197222977876663),(Vehicles4↦-1.0197222977876663),(Vehicles5↦-1.0197222977876663)}",
        "Reward": "0.9641955034649422",
        "VehiclesAx": "{(EgoVehicle↦0.4790616035461426),(Vehicles2↦-0.4228311777114868),(Vehicles3↦-0.3259587287902832),(Vehicles4↦-0.55885910987854),(Vehicles5↦-0.4713064432144165)}",
        "VehiclesVx": "{(EgoVehicle↦29.907331466674805),(Vehicles2↦-10.116575956344604),(Vehicles3↦-11.985551118850708),(Vehicles4↦-8.310561180114746),(Vehicles5↦-9.051291942596436)}",
        "VehiclesY": "{(EgoVehicle↦3.707402229309082),(Vehicles2↦-3.707402229309082),(Vehicles3↦4.292597651481628),(Vehicles4↦0.2925976887345314),(Vehicles5↦-3.707402229309082)}",
        "VehiclesVy": "{(EgoVehicle↦1.0197222977876663),(Vehicles2↦-1.0197222977876663),(Vehicles3↦-1.0197222977876663),(Vehicles4↦-1.0197222977876663),(Vehicles5↦-1.0197222977876663)}",
        "VehiclesX": "{(EgoVehicle↦200.0),(Vehicles2↦3.643745929002762),(Vehicles3↦27.858105301856995),(Vehicles4↦66.71128273010254),(Vehicles5↦71.09217643737793)}"
      },
      "probabilisticVariables": null,
      "activating": [
        "LANE_RIGHT_16"
      ],
      "activatingOnlyWhenExecuted": true,
      "updating": null,
      "withPredicate": null
    },
    {
      "id": "LANE_RIGHT_16",
      "execute": "LANE_RIGHT",
      "after": "1000",
      "priority": 0,
      "additionalGuards": null,
      "activationKind": null,
      "fixedVariables": {
        "Crash": "FALSE",
        "VehiclesAy": "{(EgoVehicle↦0.024454742670059204),(Vehicles2↦-0.024454742670059204),(Vehicles3↦-0.024454742670059204),(Vehicles4↦-0.024454742670059204),(Vehicles5↦-2.063899338245392)}",
        "Reward": "0.999250721727632",
        "VehiclesAx": "{(EgoVehicle↦0.06457090377807617),(Vehicles2↦-0.012799501419067383),(Vehicles3↦0.06780862808227539),(Vehicles4↦-0.14416217803955078),(Vehicles5↦-0.05675375461578369)}",
        "VehiclesVx": "{(EgoVehicle↦29.97190237045288),(Vehicles2↦-10.129375457763672),(Vehicles3↦-11.917742490768433),(Vehicles4↦-8.454723358154297),(Vehicles5↦-9.10804569721222)}",
        "VehiclesY": "{(EgoVehicle↦7.700509786605835),(Vehicles2↦-7.700509786605835),(Vehicles3↦0.2994900271296501),(Vehicles4↦-3.700510025024414),(Vehicles5↦-7.700509786605835)}",
        "VehiclesVy": "{(EgoVehicle↦1.0441770404577255),(Vehicles2↦-1.0441770404577255),(Vehicles3↦-1.0441770404577255),(Vehicles4↦-1.0441770404577255),(Vehicles5↦-1.0441770404577255)}",
        "VehiclesX": "{(EgoVehicle↦200.0),(Vehicles2↦-6.186922267079353),(Vehicles3↦16.191837191581726),(Vehicles4↦58.6337149143219),(Vehicles5↦62.30887174606323)}"
      },
      "probabilisticVariables": null,
      "activating": [
        "SLOWER_17"
      ],
      "activatingOnlyWhenExecuted": true,
      "updating": null,
      "withPredicate": null
    },
    {
      "id": "SLOWER_17",
      "execute": "SLOWER",
      "after": "1000",
      "priority": 0,
      "additionalGuards": null,
      "activationKind": null,
      "fixedVariables": {
        "Crash": "FALSE",
        "VehiclesAy": "{(EgoVehicle↦-1.0202801087871194),(Vehicles2↦1.0202801087871194),(Vehicles3↦1.0202801087871194),(Vehicles4↦1.0202801087871194),(Vehicles5↦-1.0680739721283317)}",
        "Reward": "0.8841898520450324",
        "VehiclesAx": "{(EgoVehicle↦-4.314782619476318),(Vehicles2↦2.6423829793930054),(Vehicles3↦7.698953449726105),(Vehicles4↦3.6692792177200317),(Vehicles5↦2.5564372539520264)}",
        "VehiclesVx": "{(EgoVehicle↦25.657119750976562),(Vehicles2↦-7.4869924783706665),(Vehicles3↦-4.218789041042328),(Vehicles4↦-4.785444140434265),(Vehicles5↦-6.551608443260193)}",
        "VehiclesY": "{(EgoVehicle↦7.992918491363525),(Vehicles2↦0.007081455085426569),(Vehicles3↦-3.992918372154236),(Vehicles4↦-7.992918491363525),(Vehicles5↦0.007081455085426569)}",
        "VehiclesVy": "{(EgoVehicle↦0.023896931670606136),(Vehicles2↦-0.023896931670606136),(Vehicles3↦-0.023896931670606136),(Vehicles4↦-0.023896931670606136),(Vehicles5↦-0.023896931670606136)}",
        "VehiclesX": "{(EgoVehicle↦200.0),(Vehicles2↦6.696601957082748),(Vehicles3↦52.52231955528259),(Vehicles4↦55.5789053440094),(Vehicles5↦61.120134592056274)}"
      },
      "probabilisticVariables": null,
      "activating": [
        "LANE_LEFT_18"
      ],
      "activatingOnlyWhenExecuted": true,
      "updating": null,
      "withPredicate": null
    },
    {
      "id": "LANE_LEFT_18",
      "execute": "LANE_LEFT",
      "after": "1000",
      "priority": 0,
      "additionalGuards": null,
      "activationKind": null,
      "fixedVariables": {
        "Crash": "TRUE",
        "VehiclesAy": "{(EgoVehicle↦-2.8571497788652778),(Vehicles2↦2.8571497788652778),(Vehicles3↦2.8571497788652778),(Vehicles4↦2.8571497788652778),(Vehicles5↦2.8093559155240655)}",
        "Reward": "0.03333333333333336",
        "VehiclesAx": "{(EgoVehicle↦-13.02133321762085),(Vehicles2↦4.176101088523865),(Vehicles3↦12.943781316280365),(Vehicles4↦13.029118180274963),(Vehicles5↦13.07157814502716)}",
        "VehiclesVx": "{(EgoVehicle↦12.635786533355713),(Vehicles2↦-3.3108913898468018),(Vehicles3↦8.724992275238037),(Vehicles4↦8.243674039840698),(Vehicles5↦6.519969701766968)}",
        "VehiclesY": "{(EgoVehicle↦3.1226806640625),(Vehicles2↦5.175176382064819),(Vehicles3↦0.8773193657398224),(Vehicles4↦-3.1226806640625),(Vehicles5↦4.8773192167282104)}",
        "VehiclesVy": "{(EgoVehicle↦-2.8332528471946716),(Vehicles2↦2.8332528471946716),(Vehicles3↦2.8332528471946716),(Vehicles4↦2.8332528471946716),(Vehicles5↦2.8332528471946716)}",
        "VehiclesX": "{(EgoVehicle↦200.0),(Vehicles2↦0.94404686242342),(Vehicles3↦51.9368052482605),(Vehicles4↦54.461002349853516),(Vehicles5↦58.253318071365356)}"
      },
      "probabilisticVariables": null,
      "activating": null,
      "activatingOnlyWhenExecuted": true,
      "updating": null,
      "withPredicate": null
    }
  ],
  "listeners": [],
  "metadata": {
    "fileType": "Timed_Trace",
    "formatVersion": 3,
    "savedAt": "2023-08-15T11:29:13.526315Z",
    "creator": "Simulation: MONTE_CARLO_SIMULATION; MAX_STEPS_BEFORE_PROPERTY : 0, EXECUTIONS : 1000, ENDING_TIME : 60000",
    "proB2KernelVersion": "4.12.2",
    "proBCliVersion": "1.12.2-final",
    "modelName": "HighwayEnvironment"
  }
}