{
  "variables": {},
  "activations": [
    {
      "id": "$setup_constants",
      "execute": "$setup_constants",
      "after": "0",
      "priority": 0,
      "additionalGuards": null,
      "activationKind": null,
      "fixedVariables": null,
      "probabilisticVariables": null,
      "activating": null,
      "activatingOnlyWhenExecuted": true,
      "updating": null,
      "withPredicate": null
    },
    {
      "id": "$initialise_machine",
      "execute": "$initialise_machine",
      "after": "0",
      "priority": 0,
      "additionalGuards": null,
      "activationKind": null,
      "fixedVariables": {
        "Crash": "FALSE",
        "VehiclesAy": "{(EgoVehicle↦0.0),(Vehicles2↦0.0),(Vehicles3↦0.0),(Vehicles4↦0.0),(Vehicles5↦0.0)}",
        "Reward": "0.0",
        "VehiclesAx": "{(EgoVehicle↦0.0),(Vehicles2↦0.0),(Vehicles3↦0.0),(Vehicles4↦0.0),(Vehicles5↦0.0)}",
        "VehiclesVx": "{(EgoVehicle↦25.0),(Vehicles2↦-2.1953722834587097),(Vehicles3↦-2.6106062531471252),(Vehicles4↦-1.3712029159069061),(Vehicles5↦-1.036716252565384)}",
        "VehiclesY": "{(EgoVehicle↦8.000000238418579),(Vehicles2↦0.0),(Vehicles3↦-4.0000001192092896),(Vehicles4↦-4.0000001192092896),(Vehicles5↦-8.000000238418579)}",
        "VehiclesVy": "{(EgoVehicle↦0.0),(Vehicles2↦0.0),(Vehicles3↦0.0),(Vehicles4↦0.0),(Vehicles5↦0.0)}",
        "VehiclesX": "{(EgoVehicle↦153.51046323776245),(Vehicles2↦24.749818444252014),(Vehicles3↦50.303393602371216),(Vehicles4↦74.33565258979797),(Vehicles5↦97.65998125076294)}"
      },
      "probabilisticVariables": null,
      "activating": [
        "FASTER_2"
      ],
      "activatingOnlyWhenExecuted": true,
      "updating": null,
      "withPredicate": null
    },
    {
      "id": "FASTER_2",
      "execute": "FASTER",
      "after": "1000",
      "priority": 0,
      "additionalGuards": null,
      "activationKind": null,
      "fixedVariables": {
        "Crash": "FALSE",
        "VehiclesAy": "{(EgoVehicle↦0.0),(Vehicles2↦0.0),(Vehicles3↦-2.09386482834816),(Vehicles4↦0.0),(Vehicles5↦0.0)}",
        "Reward": "0.9824417009602194",
        "VehiclesAx": "{(EgoVehicle↦4.341564178466797),(Vehicles2↦-4.400281608104706),(Vehicles3↦-8.267347514629364),(Vehicles4↦-4.749563485383987),(Vehicles5↦-10.341563671827316)}",
        "VehiclesVx": "{(EgoVehicle↦29.341564178466797),(Vehicles2↦-6.5956538915634155),(Vehicles3↦-10.87795376777649),(Vehicles4↦-6.1207664012908936),(Vehicles5↦-11.3782799243927)}",
        "VehiclesY": "{(EgoVehicle↦8.000000238418579),(Vehicles2↦0.0),(Vehicles3↦-7.243272542953491),(Vehicles4↦-4.0000001192092896),(Vehicles5↦-8.000000238418579)}",
        "VehiclesVy": "{(EgoVehicle↦0.0),(Vehicles2↦0.0),(Vehicles3↦-2.09386482834816),(Vehicles4↦0.0),(Vehicles5↦0.0)}",
        "VehiclesX": "{(EgoVehicle↦180.9055209159851),(Vehicles2↦20.14191746711731),(Vehicles3↦42.81969368457794),(Vehicles4↦70.41558027267456),(Vehicles5↦91.82820320129395)}"
      },
      "probabilisticVariables": null,
      "activating": [
        "LANE_RIGHT_3"
      ],
      "activatingOnlyWhenExecuted": true,
      "updating": null,
      "withPredicate": null
    },
    {
      "id": "LANE_RIGHT_3",
      "execute": "LANE_RIGHT",
      "after": "1000",
      "priority": 0,
      "additionalGuards": null,
      "activationKind": null,
      "fixedVariables": {
        "Crash": "FALSE",
        "VehiclesAy": "{(EgoVehicle↦0.0),(Vehicles2↦0.0),(Vehicles3↦1.9379560090601444),(Vehicles4↦0.0),(Vehicles5↦0.0)}",
        "Reward": "0.9976877960112223",
        "VehiclesAx": "{(EgoVehicle↦0.5717277526855469),(Vehicles2↦-0.8618372678756714),(Vehicles3↦-1.152888536453247),(Vehicles4↦-1.7433065176010132),(Vehicles5↦-4.679765701293945)}",
        "VehiclesVx": "{(EgoVehicle↦29.913291931152344),(Vehicles2↦-7.457491159439087),(Vehicles3↦-12.030842304229736),(Vehicles4↦-7.864072918891907),(Vehicles5↦-16.058045625686646)}",
        "VehiclesY": "{(EgoVehicle↦8.000000238418579),(Vehicles2↦0.0),(Vehicles3↦-7.943365573883057),(Vehicles4↦-4.0000001192092896),(Vehicles5↦-8.000000238418579)}",
        "VehiclesVy": "{(EgoVehicle↦0.0),(Vehicles2↦0.0),(Vehicles3↦-0.15590881928801537),(Vehicles4↦0.0),(Vehicles5↦0.0)}",
        "VehiclesX": "{(EgoVehicle↦200.0),(Vehicles2↦13.115155696868896),(Vehicles3↦31.517288088798523),(Vehicles4↦63.606518507003784),(Vehicles5↦78.10851335525513)}"
      },
      "probabilisticVariables": null,
      "activating": [
        "SLOWER_4"
      ],
      "activatingOnlyWhenExecuted": true,
      "updating": null,
      "withPredicate": null
    },
    {
      "id": "SLOWER_4",
      "execute": "SLOWER",
      "after": "1000",
      "priority": 0,
      "additionalGuards": null,
      "activationKind": null,
      "fixedVariables": {
        "Crash": "FALSE",
        "VehiclesAy": "{(EgoVehicle↦0.0),(Vehicles2↦0.0),(Vehicles3↦5.0806317292153835),(Vehicles4↦0.0),(Vehicles5↦0.0)}",
        "Reward": "0.8839204779383776",
        "VehiclesAx": "{(EgoVehicle↦-4.2662739753723145),(Vehicles2↦4.0946245193481445),(Vehicles3↦2.424130439758301),(Vehicles4↦3.4423723816871643),(Vehicles5↦3.7331736087799072)}",
        "VehiclesVx": "{(EgoVehicle↦25.64701795578003),(Vehicles2↦-3.3628666400909424),(Vehicles3↦-9.606711864471436),(Vehicles4↦-4.421700537204742),(Vehicles5↦-12.324872016906738)}",
        "VehiclesY": "{(EgoVehicle↦8.000000238418579),(Vehicles2↦0.0),(Vehicles3↦-5.915538311004639),(Vehicles4↦-4.0000001192092896),(Vehicles5↦-8.000000238418579)}",
        "VehiclesVy": "{(EgoVehicle↦0.0),(Vehicles2↦0.0),(Vehicles3↦4.924722909927368),(Vehicles4↦0.0),(Vehicles5↦0.0)}",
        "VehiclesX": "{(EgoVehicle↦200.0),(Vehicles2↦7.933436334133148),(Vehicles3↦21.091750264167786),(Vehicles4↦57.71833658218384),(Vehicles5↦64.02313113212585)}"
      },
      "probabilisticVariables": null,
      "activating": [
        "LANE_LEFT_5"
      ],
      "activatingOnlyWhenExecuted": true,
      "updating": null,
      "withPredicate": null
    },
    {
      "id": "LANE_LEFT_5",
      "execute": "LANE_LEFT",
      "after": "1000",
      "priority": 0,
      "additionalGuards": null,
      "activationKind": null,
      "fixedVariables": {
        "Crash": "FALSE",
        "VehiclesAy": "{(EgoVehicle↦-1.091543361544609),(Vehicles2↦1.091543361544609),(Vehicles3↦-3.3798497915267944),(Vehicles4↦1.091543361544609),(Vehicles5↦1.091543361544609)}",
        "Reward": "0.8349718494768562",
        "VehiclesAx": "{(EgoVehicle↦-0.5855727195739746),(Vehicles2↦0.49751847982406616),(Vehicles3↦1.8954253196716309),(Vehicles4↦-6.629136502742767),(Vehicles5↦8.08082401752472)}",
        "VehiclesVx": "{(EgoVehicle↦25.061445236206055),(Vehicles2↦-2.865348160266876),(Vehicles3↦-7.711286544799805),(Vehicles4↦-11.05083703994751),(Vehicles5↦-4.244047999382019)}",
        "VehiclesY": "{(EgoVehicle↦4.344733715057373),(Vehicles2↦3.6552661657333374),(Vehicles3↦-0.5085760653018951),(Vehicles4↦-4.344733715057373),(Vehicles5↦-0.34473375231027603)}",
        "VehiclesVy": "{(EgoVehicle↦-1.091543361544609),(Vehicles2↦1.091543361544609),(Vehicles3↦1.5448731184005737),(Vehicles4↦1.091543361544609),(Vehicles5↦1.091543361544609)}",
        "VehiclesX": "{(EgoVehicle↦200.0),(Vehicles2↦5.15449121594429),(Vehicles3↦12.93623000383377),(Vehicles4↦52.5492787361145),(Vehicles5↦53.735411167144775)}"
      },
      "probabilisticVariables": null,
      "activating": [
        "LANE_LEFT_6"
      ],
      "activatingOnlyWhenExecuted": true,
      "updating": null,
      "withPredicate": null
    },
    {
      "id": "LANE_LEFT_6",
      "execute": "LANE_LEFT",
      "after": "1000",
      "priority": 0,
      "additionalGuards": null,
      "activationKind": null,
      "fixedVariables": {
        "Crash": "FALSE",
        "VehiclesAy": "{(EgoVehicle↦-0.027923285961151123),(Vehicles2↦0.027923285961151123),(Vehicles3↦-0.3890792280435562),(Vehicles4↦0.027923285961151123),(Vehicles5↦2.2110100090503693)}",
        "Reward": "0.7996307960991148",
        "VehiclesAx": "{(EgoVehicle↦-0.07529020309448242),(Vehicles2↦0.02967655658721924),(Vehicles3↦0.5926793813705444),(Vehicles4↦1.094435453414917),(Vehicles5↦-0.13548612594604492)}",
        "VehiclesVx": "{(EgoVehicle↦24.986155033111572),(Vehicles2↦-2.835671603679657),(Vehicles3↦-7.11860716342926),(Vehicles4↦-9.956401586532593),(Vehicles5↦-4.379534125328064)}",
        "VehiclesY": "{(EgoVehicle↦0.35216210782527924),(Vehicles2↦7.6478376388549805),(Vehicles3↦3.634823441505432),(Vehicles4↦-0.35216210782527924),(Vehicles5↦3.6478378772735596)}",
        "VehiclesVy": "{(EgoVehicle↦-1.1194666475057602),(Vehicles2↦1.1194666475057602),(Vehicles3↦1.1557938903570175),(Vehicles4↦1.1194666475057602),(Vehicles5↦1.1194666475057602)}",
        "VehiclesX": "{(EgoVehicle↦200.0),(Vehicles2↦2.6645738631486893),(Vehicles3↦5.841498076915741),(Vehicles4↦42.292848229408264),(Vehicles5↦49.792128801345825)}"
      },
      "probabilisticVariables": null,
      "activating": [
        "FASTER_7"
      ],
      "activatingOnlyWhenExecuted": true,
      "updating": null,
      "withPredicate": null
    },
    {
      "id": "FASTER_7",
      "execute": "FASTER",
      "after": "1000",
      "priority": 0,
      "additionalGuards": null,
      "activationKind": null,
      "fixedVariables": {
        "Crash": "FALSE",
        "VehiclesAy": "{(EgoVehicle↦1.0914514097385108),(Vehicles2↦-1.0914514097385108),(Vehicles3↦-1.1250010575167835),(Vehicles4↦-1.0914514097385108),(Vehicles5↦1.1474818852730095)}",
        "Reward": "0.9158140794685039",
        "VehiclesAx": "{(EgoVehicle↦4.356873035430908),(Vehicles2↦-4.382268488407135),(Vehicles3↦-3.9652520418167114),(Vehicles4↦-3.3344852924346924),(Vehicles5↦-4.4606781005859375)}",
        "VehiclesVx": "{(EgoVehicle↦29.34302806854248),(Vehicles2↦-7.217940092086792),(Vehicles3↦-11.083859205245972),(Vehicles4↦-13.290886878967285),(Vehicles5↦-8.840212225914001)}",
        "VehiclesY": "{(EgoVehicle↦0.0067141845356673),(Vehicles2↦7.9932861328125),(Vehicles3↦3.9922975301742554),(Vehicles4↦-0.0067141845356673),(Vehicles5↦3.993285655975342)}",
        "VehiclesVy": "{(EgoVehicle↦-0.028015237767249346),(Vehicles2↦0.028015237767249346),(Vehicles3↦0.03079283284023404),(Vehicles4↦0.028015237767249346),(Vehicles5↦0.028015237767249346)}",
        "VehiclesX": "{(EgoVehicle↦200.0),(Vehicles2↦-2.593027986586094),(Vehicles3↦-3.523002192378044),(Vehicles4↦30.34151792526245),(Vehicles5↦42.953771352767944)}"
      },
      "probabilisticVariables": null,
      "activating": [
        "SLOWER_8"
      ],
      "activatingOnlyWhenExecuted": true,
      "updating": null,
      "withPredicate": null
    },
    {
      "id": "SLOWER_8",
      "execute": "SLOWER",
      "after": "1000",
      "priority": 0,
      "additionalGuards": null,
      "activationKind": null,
      "fixedVariables": {
        "Crash": "FALSE",
        "VehiclesAy": "{(EgoVehicle↦0.02774135160507285),(Vehicles2↦-0.02774135160507285),(Vehicles3↦-0.030518946678057546),(Vehicles4↦-0.02774135160507285),(Vehicles5↦0.02828912392942584)}",
        "Reward": "0.8152512837274309",
        "VehiclesAx": "{(EgoVehicle↦-3.7711048126220703),(Vehicles2↦3.7541109323501587),(Vehicles3↦2.4573081731796265),(Vehicles4↦8.182764053344727),(Vehicles5↦3.0470919609069824)}",
        "VehiclesVx": "{(EgoVehicle↦25.57192325592041),(Vehicles2↦-3.4638291597366333),(Vehicles3↦-8.626551032066345),(Vehicles4↦-5.108122825622559),(Vehicles5↦-5.793120265007019)}",
        "VehiclesY": "{(EgoVehicle↦7.192803059297148E-05),(Vehicles2↦7.999927997589111),(Vehicles3↦-7.192803059297148E-05),(Vehicles4↦3.9999282360076904),(Vehicles5↦-7.192803059297148E-05)}",
        "VehiclesVy": "{(EgoVehicle↦-0.0002738861621764954),(Vehicles2↦0.0002738861621764954),(Vehicles3↦0.0002738861621764954),(Vehicles4↦0.0002738861621764954),(Vehicles5↦0.0002738861621764954)}",
        "VehiclesX": "{(EgoVehicle↦200.0),(Vehicles2↦-7.737778127193451),(Vehicles3↦19.501185417175293),(Vehicles4↦36.17435097694397),(Vehicles5↦61.50231957435608)}"
      },
      "probabilisticVariables": null,
      "activating": [
        "SLOWER_9"
      ],
      "activatingOnlyWhenExecuted": true,
      "updating": null,
      "withPredicate": null
    },
    {
      "id": "SLOWER_9",
      "execute": "SLOWER",
      "after": "1000",
      "priority": 0,
      "additionalGuards": null,
      "activationKind": null,
      "fixedVariables": {
        "Crash": "FALSE",
        "VehiclesAy": "{(EgoVehicle↦0.000266148927607901),(Vehicles2↦-0.000266148927607901),(Vehicles3↦-0.000266148927607901),(Vehicles4↦-0.000266148927607901),(Vehicles5↦0.00028162339674508985)}",
        "Reward": "0.6862333652147602",
        "VehiclesAx": "{(EgoVehicle↦-4.838171005249023),(Vehicles2↦4.8236314952373505),(Vehicles3↦5.561224818229675),(Vehicles4↦4.837493300437927),(Vehicles5↦4.968581646680832)}",
        "VehiclesVx": "{(EgoVehicle↦20.733752250671387),(Vehicles2↦1.3598023355007172),(Vehicles3↦-3.06532621383667),(Vehicles4↦-0.27062952518463135),(Vehicles5↦-0.8245386183261871)}",
        "VehiclesY": "{(EgoVehicle↦2.6601047125041077E-06),(Vehicles2↦7.99999737739563),(Vehicles3↦-2.6601047125041077E-06),(Vehicles4↦3.9999972581863403),(Vehicles5↦-2.6601047125041077E-06)}",
        "VehiclesVy": "{(EgoVehicle↦-7.737234568594431E-06),(Vehicles2↦7.737234568594431E-06),(Vehicles3↦7.737234568594431E-06),(Vehicles4↦7.737234568594431E-06),(Vehicles5↦7.737234568594431E-06)}",
        "VehiclesX": "{(EgoVehicle↦200.0),(Vehicles2↦-8.53845700621605),(Vehicles3↦13.846728205680847),(Vehicles4↦33.73270630836487),(Vehicles5↦58.435606956481934)}"
      },
      "probabilisticVariables": null,
      "activating": [
        "FASTER_10"
      ],
      "activatingOnlyWhenExecuted": true,
      "updating": null,
      "withPredicate": null
    },
    {
      "id": "FASTER_10",
      "execute": "FASTER",
      "after": "1000",
      "priority": 0,
      "additionalGuards": null,
      "activationKind": null,
      "fixedVariables": {
        "Crash": "FALSE",
        "VehiclesAy": "{(EgoVehicle↦7.367434022853558E-06),(Vehicles2↦-7.367434022853558E-06),(Vehicles3↦-7.367434022853558E-06),(Vehicles4↦-7.367434022853558E-06),(Vehicles5↦8.107035114335304E-06)}",
        "Reward": "0.7850183855426894",
        "VehiclesAx": "{(EgoVehicle↦3.7044382095336914),(Vehicles2↦-7.571211904287338),(Vehicles3↦0.7058754563331604),(Vehicles4↦-3.6839449405670166),(Vehicles5↦-3.6237992346286774)}",
        "VehiclesVx": "{(EgoVehicle↦24.438190460205078),(Vehicles2↦-6.211409568786621),(Vehicles3↦-2.3594507575035095),(Vehicles4↦-3.954574465751648),(Vehicles5↦-4.4483378529548645)}",
        "VehiclesY": "{(EgoVehicle↦1.1175002256891275E-07),(Vehicles2↦-1.1175002256891275E-07),(Vehicles3↦8.000000238418579),(Vehicles4↦3.999999761581421),(Vehicles5↦-1.1175002256891275E-07)}",
        "VehiclesVy": "{(EgoVehicle↦-3.698005457408726E-07),(Vehicles2↦3.698005457408726E-07),(Vehicles3↦3.698005457408726E-07),(Vehicles4↦3.698005457408726E-07),(Vehicles5↦3.698005457408726E-07)}",
        "VehiclesX": "{(EgoVehicle↦200.0),(Vehicles2↦8.97345319390297),(Vehicles3↦-9.228085726499557),(Vehicles4↦31.425505876541138),(Vehicles5↦55.60265779495239)}"
      },
      "probabilisticVariables": null,
      "activating": [
        "LANE_RIGHT_11"
      ],
      "activatingOnlyWhenExecuted": true,
      "updating": null,
      "withPredicate": null
    },
    {
      "id": "LANE_RIGHT_11",
      "execute": "LANE_RIGHT",
      "after": "1000",
      "priority": 0,
      "additionalGuards": null,
      "activationKind": null,
      "fixedVariables": {
        "Crash": "FALSE",
        "VehiclesAy": "{(EgoVehicle↦1.0690075876846095),(Vehicles2↦-1.0690075876846095),(Vehicles3↦-1.0690075876846095),(Vehicles4↦-1.0690075876846095),(Vehicles5↦-1.069006848083518)}",
        "Reward": "0.8307488747333913",
        "VehiclesAx": "{(EgoVehicle↦0.4648923873901367),(Vehicles2↦-0.04520773887634277),(Vehicles3↦-2.029220759868622),(Vehicles4↦-0.9058523178100586),(Vehicles5↦0.2755481004714966)}",
        "VehiclesVx": "{(EgoVehicle↦24.903082847595215),(Vehicles2↦-6.256617307662964),(Vehicles3↦-4.388671517372131),(Vehicles4↦-4.8604267835617065),(Vehicles5↦-4.172789752483368)}",
        "VehiclesY": "{(EgoVehicle↦3.6641178131103516),(Vehicles2↦-3.6641178131103516),(Vehicles3↦0.33588210493326187),(Vehicles4↦-3.6641178131103516),(Vehicles5↦0.33588210493326187)}",
        "VehiclesVy": "{(EgoVehicle↦1.0690072178840637),(Vehicles2↦-1.0690072178840637),(Vehicles3↦-1.0690072178840637),(Vehicles4↦-1.0690072178840637),(Vehicles5↦-1.0690072178840637)}",
        "VehiclesX": "{(EgoVehicle↦200.0),(Vehicles2↦2.9957856982946396),(Vehicles3↦27.538758516311646),(Vehicles4↦51.233094930648804),(Vehicles5↦88.90013098716736)}"
      },
      "probabilisticVariables": null,
      "activating": [
        "LANE_RIGHT_12"
      ],
      "activatingOnlyWhenExecuted": true,
      "updating": null,
      "withPredicate": null
    },
    {
      "id": "LANE_RIGHT_12",
      "execute": "LANE_RIGHT",
      "after": "1000",
      "priority": 0,
      "additionalGuards": null,
      "activationKind": null,
      "fixedVariables": {
        "Crash": "FALSE",
        "VehiclesAy": "{(EgoVehicle↦0.04640422761440277),(Vehicles2↦-0.04640422761440277),(Vehicles3↦-0.04640422761440277),(Vehicles4↦-0.04640422761440277),(Vehicles5↦-2.18441866338253)}",
        "Reward": "0.8657427301402677",
        "VehiclesAx": "{(EgoVehicle↦0.062270164489746094),(Vehicles2↦0.249747633934021),(Vehicles3↦-0.027690231800079346),(Vehicles4↦-0.025228261947631836),(Vehicles5↦0.01035839319229126)}",
        "VehiclesVx": "{(EgoVehicle↦24.96535301208496),(Vehicles2↦-6.006869673728943),(Vehicles3↦-4.416361749172211),(Vehicles4↦-4.885655045509338),(Vehicles5↦-4.162431359291077)}",
        "VehiclesY": "{(EgoVehicle↦7.649338245391846),(Vehicles2↦-7.649338245391846),(Vehicles3↦-3.649338126182556),(Vehicles4↦-7.649338245391846),(Vehicles5↦-3.649338126182556)}",
        "VehiclesVy": "{(EgoVehicle↦1.1154114454984665),(Vehicles2↦-1.1154114454984665),(Vehicles3↦-1.1154114454984665),(Vehicles4↦-1.1154114454984665),(Vehicles5↦-1.1154114454984665)}",
        "VehiclesX": "{(EgoVehicle↦200.0),(Vehicles2↦-2.8077732771635056),(Vehicles3↦23.48463088274002),(Vehicles4↦46.70926332473755),(Vehicles5↦85.07905006408691)}"
      },
      "probabilisticVariables": null,
      "activating": [
        "IDLE_13"
      ],
      "activatingOnlyWhenExecuted": true,
      "updating": null,
      "withPredicate": null
    },
    {
      "id": "IDLE_13",
      "execute": "IDLE",
      "after": "1000",
      "priority": 0,
      "additionalGuards": null,
      "activationKind": null,
      "fixedVariables": {
        "Crash": "FALSE",
        "VehiclesAy": "{(EgoVehicle↦-1.0761975077912211),(Vehicles2↦1.0761975077912211),(Vehicles3↦1.0761975077912211),(Vehicles4↦1.0761975077912211),(Vehicles5↦-1.1546253832057118)}",
        "Reward": "0.866631633612254",
        "VehiclesAx": "{(EgoVehicle↦0.03333330154418945),(Vehicles2↦0.19909560680389404),(Vehicles3↦0.001398324966430664),(Vehicles4↦-0.005444884300231934),(Vehicles5↦0.019496381282806396)}",
        "VehiclesVx": "{(EgoVehicle↦24.99868631362915),(Vehicles2↦-5.807774066925049),(Vehicles3↦-4.41496342420578),(Vehicles4↦-4.89109992980957),(Vehicles5↦-4.14293497800827)}",
        "VehiclesY": "{(EgoVehicle↦7.98816990852356),(Vehicles2↦-7.98816990852356),(Vehicles3↦-3.9881701469421387),(Vehicles4↦-7.98816990852356),(Vehicles5↦-3.9881701469421387)}",
        "VehiclesVy": "{(EgoVehicle↦0.03921393770724535),(Vehicles2↦-0.03921393770724535),(Vehicles3↦-0.03921393770724535),(Vehicles4↦-0.03921393770724535),(Vehicles5↦-0.03921393770724535)}",
        "VehiclesX": "{(EgoVehicle↦200.0),(Vehicles2↦-8.741911500692368),(Vehicles3↦19.056621193885803),(Vehicles4↦41.80969595909119),(Vehicles5↦80.9134840965271)}"
      },
      "probabilisticVariables": null,
      "activating": [
        "IDLE_14"
      ],
      "activatingOnlyWhenExecuted": true,
      "updating": null,
      "withPredicate": null
    },
    {
      "id": "IDLE_14",
      "execute": "IDLE",
      "after": "1000",
      "priority": 0,
      "additionalGuards": null,
      "activationKind": null,
      "fixedVariables": {
        "Crash": "FALSE",
        "VehiclesAy": "{(EgoVehicle↦-0.03797060693614185),(Vehicles2↦0.03797060693614185),(Vehicles3↦0.03797060693614185),(Vehicles4↦0.03797060693614185),(Vehicles5↦-0.04045726847834885)}",
        "Reward": "0.8666621604413587",
        "VehiclesAx": "{(EgoVehicle↦0.0011444091796875),(Vehicles2↦1.4247265458106995),(Vehicles3↦-0.4549098014831543),(Vehicles4↦0.785294771194458),(Vehicles5↦-1.1767396330833435)}",
        "VehiclesVx": "{(EgoVehicle↦24.999830722808838),(Vehicles2↦-4.383047521114349),(Vehicles3↦-4.869873225688934),(Vehicles4↦-4.105805158615112),(Vehicles5↦-5.319674611091614)}",
        "VehiclesY": "{(EgoVehicle↦7.999626874923706),(Vehicles2↦-3.9996267557144165),(Vehicles3↦-7.999626874923706),(Vehicles4↦-3.9996267557144165),(Vehicles5↦0.00037326976598706096)}",
        "VehiclesVy": "{(EgoVehicle↦0.0012433307711035013),(Vehicles2↦-0.0012433307711035013),(Vehicles3↦-0.0012433307711035013),(Vehicles4↦-0.0012433307711035013),(Vehicles5↦-0.0012433307711035013)}",
        "VehiclesX": "{(EgoVehicle↦200.0),(Vehicles2↦14.654417335987091),(Vehicles3↦36.927247047424316),(Vehicles4↦76.786208152771),(Vehicles5↦112.69621849060059)}"
      },
      "probabilisticVariables": null,
      "activating": [
        "FASTER_15"
      ],
      "activatingOnlyWhenExecuted": true,
      "updating": null,
      "withPredicate": null
    },
    {
      "id": "FASTER_15",
      "execute": "FASTER",
      "after": "1000",
      "priority": 0,
      "additionalGuards": null,
      "activationKind": null,
      "fixedVariables": {
        "Crash": "FALSE",
        "VehiclesAy": "{(EgoVehicle↦-0.0012163684891675075),(Vehicles2↦0.0012163684891675075),(Vehicles3↦0.0012163684891675075),(Vehicles4↦0.0012163684891675075),(Vehicles5↦-0.0012702930530394951)}",
        "Reward": "0.9824411076560752",
        "VehiclesAx": "{(EgoVehicle↦4.34171199798584),(Vehicles2↦-4.311095178127289),(Vehicles3↦-4.322831928730011),(Vehicles4↦-4.313988089561462),(Vehicles5↦-4.29756760597229)}",
        "VehiclesVx": "{(EgoVehicle↦29.341542720794678),(Vehicles2↦-8.694142699241638),(Vehicles3↦-9.192705154418945),(Vehicles4↦-8.419793248176575),(Vehicles5↦-9.617242217063904)}",
        "VehiclesY": "{(EgoVehicle↦7.999993801116943),(Vehicles2↦-3.999993681907654),(Vehicles3↦-7.999993801116943),(Vehicles4↦-3.999993681907654),(Vehicles5↦6.301363100646995E-06)}",
        "VehiclesVy": "{(EgoVehicle↦2.6962281935993815E-05),(Vehicles2↦-2.6962281935993815E-05),(Vehicles3↦-2.6962281935993815E-05),(Vehicles4↦-2.6962281935993815E-05),(Vehicles5↦-2.6962281935993815E-05)}",
        "VehiclesX": "{(EgoVehicle↦200.0),(Vehicles2↦7.888682186603546),(Vehicles3↦29.670006036758423),(Vehicles4↦70.29706239700317),(Vehicles5↦104.99933958053589)}"
      },
      "probabilisticVariables": null,
      "activating": [
        "IDLE_16"
      ],
      "activatingOnlyWhenExecuted": true,
      "updating": null,
      "withPredicate": null
    },
    {
      "id": "IDLE_16",
      "execute": "IDLE",
      "after": "1000",
      "priority": 0,
      "additionalGuards": null,
      "activationKind": null,
      "fixedVariables": {
        "Crash": "FALSE",
        "VehiclesAy": "{(EgoVehicle↦-2.691051259162691E-05),(Vehicles2↦2.691051259162691E-05),(Vehicles3↦2.691051259162691E-05),(Vehicles4↦2.691051259162691E-05),(Vehicles5↦-2.7014051280360718E-05)}",
        "Reward": "0.9976877178806789",
        "VehiclesAx": "{(EgoVehicle↦0.571746826171875),(Vehicles2↦-0.5437880754470825),(Vehicles3↦-0.5552101135253906),(Vehicles4↦-0.5516839027404785),(Vehicles5↦-0.5303460359573364)}",
        "VehiclesVx": "{(EgoVehicle↦29.913289546966553),(Vehicles2↦-9.23793077468872),(Vehicles3↦-9.747915267944336),(Vehicles4↦-8.971477150917053),(Vehicles5↦-10.14758825302124)}",
        "VehiclesY": "{(EgoVehicle↦8.000000238418579),(Vehicles2↦-4.0000001192092896),(Vehicles3↦-8.000000238418579),(Vehicles4↦-4.0000001192092896),(Vehicles5↦-1.3826373379544066E-08)}",
        "VehiclesVy": "{(EgoVehicle↦5.176934436690317E-08),(Vehicles2↦-5.176934436690317E-08),(Vehicles3↦-5.176934436690317E-08),(Vehicles4↦-5.176934436690317E-08),(Vehicles5↦-5.176934436690317E-08)}",
        "VehiclesX": "{(EgoVehicle↦200.0),(Vehicles2↦-1.1094736866652966),(Vehicles3↦20.168662071228027),(Vehicles4↦61.57040596008301),(Vehicles5↦95.08341550827026)}"
      },
      "probabilisticVariables": null,
      "activating": [
        "IDLE_17"
      ],
      "activatingOnlyWhenExecuted": true,
      "updating": null,
      "withPredicate": null
    },
    {
      "id": "IDLE_17",
      "execute": "IDLE",
      "after": "1000",
      "priority": 0,
      "additionalGuards": null,
      "activationKind": null,
      "fixedVariables": {
        "Crash": "FALSE",
        "VehiclesAy": "{(EgoVehicle↦-5.8386202539395526E-08),(Vehicles2↦5.8386202539395526E-08),(Vehicles3↦5.8386202539395526E-08),(Vehicles4↦5.8386202539395526E-08),(Vehicles5↦-4.515248619441081E-08)}",
        "Reward": "0.9996955019431347",
        "VehiclesAx": "{(EgoVehicle↦0.07529258728027344),(Vehicles2↦-0.5704057216644287),(Vehicles3↦0.7155752182006836),(Vehicles4↦-1.2117785215377808),(Vehicles5↦1.0509294271469116)}",
        "VehiclesVx": "{(EgoVehicle↦29.988582134246826),(Vehicles2↦-9.80833649635315),(Vehicles3↦-9.032340049743652),(Vehicles4↦-10.183255672454834),(Vehicles5↦-9.096658825874329)}",
        "VehiclesY": "{(EgoVehicle↦8.000000238418579),(Vehicles2↦-8.000000238418579),(Vehicles3↦-4.0000001192092896),(Vehicles4↦-1.961898643543236E-09),(Vehicles5↦-8.000000238418579)}",
        "VehiclesVy": "{(EgoVehicle↦-6.616858172492357E-09),(Vehicles2↦6.616858172492357E-09),(Vehicles3↦6.616858172492357E-09),(Vehicles4↦6.616858172492357E-09),(Vehicles5↦6.616858172492357E-09)}",
        "VehiclesX": "{(EgoVehicle↦200.0),(Vehicles2↦10.385274142026901),(Vehicles3↦52.56354808807373),(Vehicles4↦84.91025567054749),(Vehicles5↦101.68083906173706)}"
      },
      "probabilisticVariables": null,
      "activating": [
        "FASTER_18"
      ],
      "activatingOnlyWhenExecuted": true,
      "updating": null,
      "withPredicate": null
    },
    {
      "id": "FASTER_18",
      "execute": "FASTER",
      "after": "1000",
      "priority": 0,
      "additionalGuards": null,
      "activationKind": null,
      "fixedVariables": {
        "Crash": "FALSE",
        "VehiclesAy": "{(EgoVehicle↦6.5003469273960945E-09),(Vehicles2↦-6.5003469273960945E-09),(Vehicles3↦-6.5003469273960945E-09),(Vehicles4↦-6.5003469273960945E-09),(Vehicles5↦6.733369417588619E-09)}",
        "Reward": "0.999959901490454",
        "VehiclesAx": "{(EgoVehicle↦0.009913444519042969),(Vehicles2↦0.00370025634765625),(Vehicles3↦0.0002694129943847656),(Vehicles4↦0.028464794158935547),(Vehicles5↦-0.030931830406188965)}",
        "VehiclesVx": "{(EgoVehicle↦29.99849557876587),(Vehicles2↦-9.804636240005493),(Vehicles3↦-9.032070636749268),(Vehicles4↦-10.154790878295898),(Vehicles5↦-9.127590656280518)}",
        "VehiclesY": "{(EgoVehicle↦8.000000238418579),(Vehicles2↦-8.000000238418579),(Vehicles3↦-4.0000001192092896),(Vehicles4↦-2.6473490066791783E-11),(Vehicles5↦-8.000000238418579)}",
        "VehiclesVy": "{(EgoVehicle↦-1.1651124509626243E-10),(Vehicles2↦1.1651124509626243E-10),(Vehicles3↦1.1651124509626243E-10),(Vehicles4↦1.1651124509626243E-10),(Vehicles5↦1.1651124509626243E-10)}",
        "VehiclesX": "{(EgoVehicle↦200.0),(Vehicles2↦0.5770018789917231),(Vehicles3↦43.53010952472687),(Vehicles4↦74.73697066307068),(Vehicles5↦92.5701379776001)}"
      },
      "probabilisticVariables": null,
      "activating": [
        "FASTER_19"
      ],
      "activatingOnlyWhenExecuted": true,
      "updating": null,
      "withPredicate": null
    },
    {
      "id": "FASTER_19",
      "execute": "FASTER",
      "after": "1000",
      "priority": 0,
      "additionalGuards": null,
      "activationKind": null,
      "fixedVariables": {
        "Crash": "FALSE",
        "VehiclesAy": "{(EgoVehicle↦1.1654677223305043E-10),(Vehicles2↦-1.1653789044885343E-10),(Vehicles3↦-1.1653789044885343E-10),(Vehicles4↦-1.1653789044885343E-10),(Vehicles5↦1.1648459974367142E-10)}",
        "Reward": "0.9999947195378377",
        "VehiclesAx": "{(EgoVehicle↦0.0013065338134765625),(Vehicles2↦0.011316537857055664),(Vehicles3↦0.00558316707611084),(Vehicles4↦0.036106109619140625),(Vehicles5↦-0.02035081386566162)}",
        "VehiclesVx": "{(EgoVehicle↦29.999802112579346),(Vehicles2↦-9.793319702148438),(Vehicles3↦-9.026487469673157),(Vehicles4↦-10.118684768676758),(Vehicles5↦-9.14794147014618)}",
        "VehiclesY": "{(EgoVehicle↦8.000000238418579),(Vehicles2↦-8.000000238418579),(Vehicles3↦-4.0000001192092896),(Vehicles4↦1.3589129821411916E-13),(Vehicles5↦-8.000000238418579)}",
        "VehiclesVy": "{(EgoVehicle↦3.552713678800501E-14),(Vehicles2↦-2.6645352591003757E-14),(Vehicles3↦-2.6645352591003757E-14),(Vehicles4↦-2.6645352591003757E-14),(Vehicles5↦-2.6645352591003757E-14)}",
        "VehiclesX": "{(EgoVehicle↦200.0),(Vehicles2↦-9.2232346534729),(Vehicles3↦34.50030982494354),(Vehicles4↦64.59649205207825),(Vehicles5↦83.43405723571777)}"
      },
      "probabilisticVariables": null,
      "activating": [
        "LANE_RIGHT_20"
      ],
      "activatingOnlyWhenExecuted": true,
      "updating": null,
      "withPredicate": null
    },
    {
      "id": "LANE_RIGHT_20",
      "execute": "LANE_RIGHT",
      "after": "1000",
      "priority": 0,
      "additionalGuards": null,
      "activationKind": null,
      "fixedVariables": {
        "Crash": "FALSE",
        "VehiclesAy": "{(EgoVehicle↦0.0),(Vehicles2↦0.0),(Vehicles3↦0.0),(Vehicles4↦0.0),(Vehicles5↦-5.3290705182007514E-14)}",
        "Reward": "0.999999304630497",
        "VehiclesAx": "{(EgoVehicle↦0.000171661376953125),(Vehicles2↦0.7709044218063354),(Vehicles3↦-1.055787205696106),(Vehicles4↦0.9533566236495972),(Vehicles5↦0.23954510688781738)}",
        "VehiclesVx": "{(EgoVehicle↦29.9999737739563),(Vehicles2↦-9.022415280342102),(Vehicles3↦-10.082274675369263),(Vehicles4↦-9.16532814502716),(Vehicles5↦-8.908396363258362)}",
        "VehiclesY": "{(EgoVehicle↦8.000000238418579),(Vehicles2↦-4.0000001192092896),(Vehicles3↦7.993605777301127E-15),(Vehicles4↦-8.000000238418579),(Vehicles5↦-4.0000001192092896)}",
        "VehiclesVy": "{(EgoVehicle↦3.552713678800501E-14),(Vehicles2↦-2.6645352591003757E-14),(Vehicles3↦-2.6645352591003757E-14),(Vehicles4↦-2.6645352591003757E-14),(Vehicles5↦-2.6645352591003757E-14)}",
        "VehiclesX": "{(EgoVehicle↦200.0),(Vehicles2↦25.47561526298523),(Vehicles3↦54.49241399765015),(Vehicles4↦74.27899241447449),(Vehicles5↦95.08800506591797)}"
      },
      "probabilisticVariables": null,
      "activating": [
        "LANE_RIGHT_21"
      ],
      "activatingOnlyWhenExecuted": true,
      "updating": null,
      "withPredicate": null
    },
    {
      "id": "LANE_RIGHT_21",
      "execute": "LANE_RIGHT",
      "after": "1000",
      "priority": 0,
      "additionalGuards": null,
      "activationKind": null,
      "fixedVariables": {
        "Crash": "FALSE",
        "VehiclesAy": "{(EgoVehicle↦-3.552713678800501E-14),(Vehicles2↦2.6645352591003757E-14),(Vehicles3↦4.440892098500626E-14),(Vehicles4↦2.6645352591003757E-14),(Vehicles5↦-2.6645352591003757E-14)}",
        "Reward": "0.9999999084287076",
        "VehiclesAx": "{(EgoVehicle↦2.384185791015625E-05),(Vehicles2↦0.0020301342010498047),(Vehicles3↦0.035784244537353516),(Vehicles4↦-0.015537738800048828),(Vehicles5↦-0.027642250061035156)}",
        "VehiclesVx": "{(EgoVehicle↦29.99999761581421),(Vehicles2↦-9.020385146141052),(Vehicles3↦-10.04649043083191),(Vehicles4↦-9.18086588382721),(Vehicles5↦-8.936038613319397)}",
        "VehiclesY": "{(EgoVehicle↦8.000000238418579),(Vehicles2↦-4.0000001192092896),(Vehicles3↦-1.3322676295501878E-15),(Vehicles4↦-8.000000238418579),(Vehicles5↦-4.0000001192092896)}",
        "VehiclesVy": "{(EgoVehicle↦0.0),(Vehicles2↦0.0),(Vehicles3↦1.7763568394002505E-14),(Vehicles4↦0.0),(Vehicles5↦0.0)}",
        "VehiclesX": "{(EgoVehicle↦200.0),(Vehicles2↦16.454169154167175),(Vehicles3↦44.42450702190399),(Vehicles4↦65.1073157787323),(Vehicles5↦86.1685574054718)}"
      },
      "probabilisticVariables": null,
      "activating": [
        "LANE_RIGHT_22"
      ],
      "activatingOnlyWhenExecuted": true,
      "updating": null,
      "withPredicate": null
    },
    {
      "id": "LANE_RIGHT_22",
      "execute": "LANE_RIGHT",
      "after": "1000",
      "priority": 0,
      "additionalGuards": null,
      "activationKind": null,
      "fixedVariables": {
        "Crash": "FALSE",
        "VehiclesAy": "{(EgoVehicle↦0.0),(Vehicles2↦0.0),(Vehicles3↦0.0),(Vehicles4↦0.0),(Vehicles5↦0.0)}",
        "Reward": "0.999999987941229",
        "VehiclesAx": "{(EgoVehicle↦2.384185791015625E-06),(Vehicles2↦0.00018298625946044922),(Vehicles3↦0.035043954849243164),(Vehicles4↦-0.013943314552307129),(Vehicles5↦-0.027583837509155273)}",
        "VehiclesVx": "{(EgoVehicle↦30.0),(Vehicles2↦-9.020202159881592),(Vehicles3↦-10.011446475982666),(Vehicles4↦-9.194809198379517),(Vehicles5↦-8.963622450828552)}",
        "VehiclesY": "{(EgoVehicle↦8.000000238418579),(Vehicles2↦-4.0000001192092896),(Vehicles3↦0.0),(Vehicles4↦-8.000000238418579),(Vehicles5↦-4.0000001192092896)}",
        "VehiclesVy": "{(EgoVehicle↦0.0),(Vehicles2↦0.0),(Vehicles3↦1.7763568394002505E-14),(Vehicles4↦0.0),(Vehicles5↦0.0)}",
        "VehiclesX": "{(EgoVehicle↦200.0),(Vehicles2↦7.433996349573135),(Vehicles3↦34.39209461212158),(Vehicles4↦55.92074990272522),(Vehicles5↦77.22147107124329)}"
      },
      "probabilisticVariables": null,
      "activating": [
        "SLOWER_23"
      ],
      "activatingOnlyWhenExecuted": true,
      "updating": null,
      "withPredicate": null
    },
    {
      "id": "SLOWER_23",
      "execute": "SLOWER",
      "after": "1000",
      "priority": 0,
      "additionalGuards": null,
      "activationKind": null,
      "fixedVariables": {
        "Crash": "FALSE",
        "VehiclesAy": "{(EgoVehicle↦0.0),(Vehicles2↦0.0),(Vehicles3↦-1.7763568394002505E-14),(Vehicles4↦0.0),(Vehicles5↦0.0)}",
        "Reward": "0.8842249641184609",
        "VehiclesAx": "{(EgoVehicle↦-4.341564178466797),(Vehicles2↦4.340120851993561),(Vehicles3↦4.375849366188049),(Vehicles4↦4.329075813293457),(Vehicles5↦4.314196705818176)}",
        "VehiclesVx": "{(EgoVehicle↦25.658435821533203),(Vehicles2↦-4.680081307888031),(Vehicles3↦-5.635597109794617),(Vehicles4↦-4.86573338508606),(Vehicles5↦-4.649425745010376)}",
        "VehiclesY": "{(EgoVehicle↦8.000000238418579),(Vehicles2↦-4.0000001192092896),(Vehicles3↦0.0),(Vehicles4↦-8.000000238418579),(Vehicles5↦-4.0000001192092896)}",
        "VehiclesVy": "{(EgoVehicle↦0.0),(Vehicles2↦0.0),(Vehicles3↦0.0),(Vehicles4↦0.0),(Vehicles5↦0.0)}",
        "VehiclesX": "{(EgoVehicle↦200.0),(Vehicles2↦0.8084009401500225),(Vehicles3↦26.789486408233643),(Vehicles4↦49.115896224975586),(Vehicles5↦70.64194083213806)}"
      },
      "probabilisticVariables": null,
      "activating": [
        "SLOWER_24"
      ],
      "activatingOnlyWhenExecuted": true,
      "updating": null,
      "withPredicate": null
    },
    {
      "id": "SLOWER_24",
      "execute": "SLOWER",
      "after": "1000",
      "priority": 0,
      "additionalGuards": null,
      "activationKind": null,
      "fixedVariables": {
        "Crash": "FALSE",
        "VehiclesAy": "{(EgoVehicle↦0.0),(Vehicles2↦0.0),(Vehicles3↦0.0),(Vehicles4↦0.0),(Vehicles5↦0.0)}",
        "Reward": "0.7532038361527739",
        "VehiclesAx": "{(EgoVehicle↦-4.913291931152344),(Vehicles2↦4.910406284034252),(Vehicles3↦4.9468062818050385),(Vehicles4↦4.902136567980051),(Vehicles5↦4.886262156069279)}",
        "VehiclesVx": "{(EgoVehicle↦20.74514389038086),(Vehicles2↦0.23032497614622116),(Vehicles3↦-0.6887908279895782),(Vehicles4↦0.03640318289399147),(Vehicles5↦0.23683641105890274)}",
        "VehiclesY": "{(EgoVehicle↦8.000000238418579),(Vehicles2↦-4.0000001192092896),(Vehicles3↦-1.3322676295501878E-15),(Vehicles4↦-8.000000238418579),(Vehicles5↦-4.0000001192092896)}",
        "VehiclesVy": "{(EgoVehicle↦0.0),(Vehicles2↦0.0),(Vehicles3↦0.0),(Vehicles4↦0.0),(Vehicles5↦0.0)}",
        "VehiclesX": "{(EgoVehicle↦200.0),(Vehicles2↦-1.1622648686170578),(Vehicles3↦23.877817392349243),(Vehicles4↦46.95605933666229),(Vehicles5↦68.69213581085205)}"
      },
      "probabilisticVariables": null,
      "activating": [
        "FASTER_25"
      ],
      "activatingOnlyWhenExecuted": true,
      "updating": null,
      "withPredicate": null
    },
    {
      "id": "FASTER_25",
      "execute": "FASTER",
      "after": "1000",
      "priority": 0,
      "additionalGuards": null,
      "activationKind": null,
      "fixedVariables": {
        "Crash": "FALSE",
        "VehiclesAy": "{(EgoVehicle↦0.0),(Vehicles2↦0.0),(Vehicles3↦0.0),(Vehicles4↦0.0),(Vehicles5↦0.0)}",
        "Reward": "0.8517250593561952",
        "VehiclesAx": "{(EgoVehicle↦3.6945462226867676),(Vehicles2↦-3.6987273022532463),(Vehicles3↦-3.6618144810199738),(Vehicles4↦-3.7044855393469334),(Vehicles5↦-3.7211481109261513)}",
        "VehiclesVx": "{(EgoVehicle↦24.439690113067627),(Vehicles2↦-3.468402326107025),(Vehicles3↦-4.350605309009552),(Vehicles4↦-3.668082356452942),(Vehicles5↦-3.4843116998672485)}",
        "VehiclesY": "{(EgoVehicle↦8.000000238418579),(Vehicles2↦-4.0000001192092896),(Vehicles3↦-1.3322676295501878E-15),(Vehicles4↦-8.000000238418579),(Vehicles5↦-4.0000001192092896)}",
        "VehiclesVy": "{(EgoVehicle↦0.0),(Vehicles2↦0.0),(Vehicles3↦0.0),(Vehicles4↦0.0),(Vehicles5↦0.0)}",
        "VehiclesX": "{(EgoVehicle↦200.0),(Vehicles2↦-2.9716426506638527),(Vehicles3↦21.164053678512573),(Vehicles4↦44.95026469230652),(Vehicles5↦66.88016653060913)}"
      },
      "probabilisticVariables": null,
      "activating": [
        "SLOWER_26"
      ],
      "activatingOnlyWhenExecuted": true,
      "updating": null,
      "withPredicate": null
    },
    {
      "id": "SLOWER_26",
      "execute": "SLOWER",
      "after": "1000",
      "priority": 0,
      "additionalGuards": null,
      "activationKind": null,
      "fixedVariables": {
        "Crash": "FALSE",
        "VehiclesAy": "{(EgoVehicle↦0.0),(Vehicles2↦0.0),(Vehicles3↦0.0),(Vehicles4↦0.0),(Vehicles5↦0.0)}",
        "Reward": "0.7489240133034221",
        "VehiclesAx": "{(EgoVehicle↦-3.8550400733947754),(Vehicles2↦3.8496868684887886),(Vehicles3↦3.8869808614254),(Vehicles4↦3.846204411238432),(Vehicles5↦3.8289370760321617)}",
        "VehiclesVx": "{(EgoVehicle↦20.58465003967285),(Vehicles2↦0.38128454238176346),(Vehicles3↦-0.4636244475841522),(Vehicles4↦0.17812205478549004),(Vehicles5↦0.3446253761649132)}",
        "VehiclesY": "{(EgoVehicle↦8.000000238418579),(Vehicles2↦-4.0000001192092896),(Vehicles3↦0.0),(Vehicles4↦-8.000000238418579),(Vehicles5↦-4.0000001192092896)}",
        "VehiclesVy": "{(EgoVehicle↦0.0),(Vehicles2↦0.0),(Vehicles3↦0.0),(Vehicles4↦0.0),(Vehicles5↦0.0)}",
        "VehiclesX": "{(EgoVehicle↦200.0),(Vehicles2↦-4.315430670976639),(Vehicles3↦18.952955305576324),(Vehicles4↦43.40522885322571),(Vehicles5↦65.51203727722168)}"
      },
      "probabilisticVariables": null,
      "activating": [
        "IDLE_27"
      ],
      "activatingOnlyWhenExecuted": true,
      "updating": null,
      "withPredicate": null
    },
    {
      "id": "IDLE_27",
      "execute": "IDLE",
      "after": "1000",
      "priority": 0,
      "additionalGuards": null,
      "activationKind": null,
      "fixedVariables": {
        "Crash": "FALSE",
        "VehiclesAy": "{(EgoVehicle↦0.0),(Vehicles2↦0.0),(Vehicles3↦0.0),(Vehicles4↦0.0),(Vehicles5↦0.0)}",
        "Reward": "0.7353864269919459",
        "VehiclesAx": "{(EgoVehicle↦-0.507659912109375),(Vehicles2↦0.5012446269392967),(Vehicles3↦0.5388075765222311),(Vehicles4↦0.4998236335813999),(Vehicles5↦0.4821166768670082)}",
        "VehiclesVx": "{(EgoVehicle↦20.076990127563477),(Vehicles2↦0.8825291693210602),(Vehicles3↦0.07518312893807888),(Vehicles4↦0.67794568836689),(Vehicles5↦0.8267420530319214)}",
        "VehiclesY": "{(EgoVehicle↦8.000000238418579),(Vehicles2↦-4.0000001192092896),(Vehicles3↦0.0),(Vehicles4↦-8.000000238418579),(Vehicles5↦-4.0000001192092896)}",
        "VehiclesVy": "{(EgoVehicle↦0.0),(Vehicles2↦0.0),(Vehicles3↦0.0),(Vehicles4↦0.0),(Vehicles5↦0.0)}",
        "VehiclesX": "{(EgoVehicle↦200.0),(Vehicles2↦-3.6565762013196945),(Vehicles3↦18.781907856464386),(Vehicles4↦43.86019706726074),(Vehicles5↦66.12645387649536)}"
      },
      "probabilisticVariables": null,
      "activating": [
        "IDLE_28"
      ],
      "activatingOnlyWhenExecuted": true,
      "updating": null,
      "withPredicate": null
    },
    {
      "id": "IDLE_28",
      "execute": "IDLE",
      "after": "1000",
      "priority": 0,
      "additionalGuards": null,
      "activationKind": null,
      "fixedVariables": {
        "Crash": "FALSE",
        "VehiclesAy": "{(EgoVehicle↦0.0),(Vehicles2↦0.0),(Vehicles3↦0.0),(Vehicles4↦0.0),(Vehicles5↦0.0)}",
        "Reward": "0.7336036995764429",
        "VehiclesAx": "{(EgoVehicle↦-0.06685256958007812),(Vehicles2↦0.05947202444076538),(Vehicles3↦0.09720775298774242),(Vehicles4↦0.05991630256175995),(Vehicles5↦0.041919127106666565)}",
        "VehiclesVx": "{(EgoVehicle↦20.0101375579834),(Vehicles2↦0.9420011937618256),(Vehicles3↦0.1723908819258213),(Vehicles4↦0.7378619909286499),(Vehicles5↦0.868661180138588)}",
        "VehiclesY": "{(EgoVehicle↦8.000000238418579),(Vehicles2↦-4.0000001192092896),(Vehicles3↦-1.3322676295501878E-15),(Vehicles4↦-8.000000238418579),(Vehicles5↦-4.0000001192092896)}",
        "VehiclesVy": "{(EgoVehicle↦0.0),(Vehicles2↦0.0),(Vehicles3↦0.0),(Vehicles4↦0.0),(Vehicles5↦0.0)}",
        "VehiclesX": "{(EgoVehicle↦200.0),(Vehicles2↦-2.7400460094213486),(Vehicles3↦18.90617609024048),(Vehicles4↦44.57218050956726),(Vehicles5↦66.98005199432373)}"
      },
      "probabilisticVariables": null,
      "activating": [
        "IDLE_29"
      ],
      "activatingOnlyWhenExecuted": true,
      "updating": null,
      "withPredicate": null
    },
    {
      "id": "IDLE_29",
      "execute": "IDLE",
      "after": "1000",
      "priority": 0,
      "additionalGuards": null,
      "activationKind": null,
      "fixedVariables": {
        "Crash": "FALSE",
        "VehiclesAy": "{(EgoVehicle↦0.0),(Vehicles2↦0.0),(Vehicles3↦0.0),(Vehicles4↦0.0),(Vehicles5↦0.0)}",
        "Reward": "0.7333689371184341",
        "VehiclesAx": "{(EgoVehicle↦-0.008802413940429688),(Vehicles2↦0.0005472451448440552),(Vehicles3↦0.03837134689092636),(Vehicles4↦0.002675279974937439),(Vehicles5↦-0.015476122498512268)}",
        "VehiclesVx": "{(EgoVehicle↦20.00133514404297),(Vehicles2↦0.9425484389066696),(Vehicles3↦0.21076222881674767),(Vehicles4↦0.7405372709035873),(Vehicles5↦0.8531850576400757)}",
        "VehiclesY": "{(EgoVehicle↦8.000000238418579),(Vehicles2↦-4.0000001192092896),(Vehicles3↦-1.3322676295501878E-15),(Vehicles4↦-8.000000238418579),(Vehicles5↦-4.0000001192092896)}",
        "VehiclesVy": "{(EgoVehicle↦0.0),(Vehicles2↦0.0),(Vehicles3↦0.0),(Vehicles4↦0.0),(Vehicles5↦0.0)}",
        "VehiclesX": "{(EgoVehicle↦200.0),(Vehicles2↦-1.7964240163564682),(Vehicles3↦19.095313549041748),(Vehicles4↦45.31238675117493),(Vehicles5↦67.84380078315735)}"
      },
      "probabilisticVariables": null,
      "activating": [
        "IDLE_30"
      ],
      "activatingOnlyWhenExecuted": true,
      "updating": null,
      "withPredicate": null
    },
    {
      "id": "IDLE_30",
      "execute": "IDLE",
      "after": "1000",
      "priority": 0,
      "additionalGuards": null,
      "activationKind": null,
      "fixedVariables": {
        "Crash": "FALSE",
        "VehiclesAy": "{(EgoVehicle↦0.0),(Vehicles2↦0.0),(Vehicles3↦0.0),(Vehicles4↦0.0),(Vehicles5↦0.0)}",
        "Reward": "0.7333380218976263",
        "VehiclesAx": "{(EgoVehicle↦-0.0011587142944335938),(Vehicles2↦-0.00788956880569458),(Vehicles3↦0.02994779497385025),(Vehicles4↦-0.004246905446052551),(Vehicles5↦-0.022429004311561584)}",
        "VehiclesVx": "{(EgoVehicle↦20.000176429748535),(Vehicles2↦0.934658870100975),(Vehicles3↦0.24071002379059792),(Vehicles4↦0.7362903654575348),(Vehicles5↦0.8307560533285141)}",
        "VehiclesY": "{(EgoVehicle↦8.000000238418579),(Vehicles2↦-4.0000001192092896),(Vehicles3↦0.0),(Vehicles4↦-8.000000238418579),(Vehicles5↦-4.0000001192092896)}",
        "VehiclesVy": "{(EgoVehicle↦0.0),(Vehicles2↦0.0),(Vehicles3↦0.0),(Vehicles4↦0.0),(Vehicles5↦0.0)}",
        "VehiclesX": "{(EgoVehicle↦200.0),(Vehicles2↦-0.8567954413592815),(Vehicles3↦19.318293035030365),(Vehicles4↦46.05134427547455),(Vehicles5↦68.68813633918762)}"
      },
      "probabilisticVariables": null,
      "activating": [
        "IDLE_31"
      ],
      "activatingOnlyWhenExecuted": true,
      "updating": null,
      "withPredicate": null
    },
    {
      "id": "IDLE_31",
      "execute": "IDLE",
      "after": "1000",
      "priority": 0,
      "additionalGuards": null,
      "activationKind": null,
      "fixedVariables": {
        "Crash": "FALSE",
        "VehiclesAy": "{(EgoVehicle↦0.0),(Vehicles2↦0.0),(Vehicles3↦0.0),(Vehicles4↦0.0),(Vehicles5↦0.0)}",
        "Reward": "0.7333339507574378",
        "VehiclesAx": "{(EgoVehicle↦-0.000152587890625),(Vehicles2↦-0.009609907865524292),(Vehicles3↦0.028173290193080902),(Vehicles4↦-0.004609599709510803),(Vehicles5↦-0.02271108329296112)}",
        "VehiclesVx": "{(EgoVehicle↦20.00002384185791),(Vehicles2↦0.9250489622354507),(Vehicles3↦0.2688833139836788),(Vehicles4↦0.731680765748024),(Vehicles5↦0.808044970035553)}",
        "VehiclesY": "{(EgoVehicle↦8.000000238418579),(Vehicles2↦-4.0000001192092896),(Vehicles3↦0.0),(Vehicles4↦-8.000000238418579),(Vehicles5↦-4.0000001192092896)}",
        "VehiclesVy": "{(EgoVehicle↦0.0),(Vehicles2↦0.0),(Vehicles3↦0.0),(Vehicles4↦0.0),(Vehicles5↦0.0)}",
        "VehiclesX": "{(EgoVehicle↦200.0),(Vehicles2↦0.0740966759622097),(Vehicles3↦19.570355117321014),(Vehicles4↦46.78576588630676),(Vehicles5↦69.50976848602295)}"
      },
      "probabilisticVariables": null,
      "activating": [
        "IDLE_32"
      ],
      "activatingOnlyWhenExecuted": true,
      "updating": null,
      "withPredicate": null
    },
    {
      "id": "IDLE_32",
      "execute": "IDLE",
      "after": "1000",
      "priority": 0,
      "additionalGuards": null,
      "activationKind": null,
      "fixedVariables": {
        "Crash": "FALSE",
        "VehiclesAy": "{(EgoVehicle↦0.0),(Vehicles2↦0.0),(Vehicles3↦0.0),(Vehicles4↦0.0),(Vehicles5↦0.0)}",
        "Reward": "0.7333334146402112",
        "VehiclesAx": "{(EgoVehicle↦-2.1457672119140625E-05),(Vehicles2↦-0.01038089394569397),(Vehicles3↦0.027286764234304428),(Vehicles4↦-0.00416979193687439),(Vehicles5↦-0.022090598940849304)}",
        "VehiclesVx": "{(EgoVehicle↦20.00000238418579),(Vehicles2↦0.9146680682897568),(Vehicles3↦0.29617007821798325),(Vehicles4↦0.7275109738111496),(Vehicles5↦0.7859543710947037)}",
        "VehiclesY": "{(EgoVehicle↦8.000000238418579),(Vehicles2↦-4.0000001192092896),(Vehicles3↦-1.3322676295501878E-15),(Vehicles4↦-8.000000238418579),(Vehicles5↦-4.0000001192092896)}",
        "VehiclesVy": "{(EgoVehicle↦0.0),(Vehicles2↦0.0),(Vehicles3↦0.0),(Vehicles4↦0.0),(Vehicles5↦0.0)}",
        "VehiclesX": "{(EgoVehicle↦200.0),(Vehicles2↦0.9950445033609867),(Vehicles3↦19.850216805934906),(Vehicles4↦47.515738010406494),(Vehicles5↦70.308917760849)}"
      },
      "probabilisticVariables": null,
      "activating": [
        "IDLE_33"
      ],
      "activatingOnlyWhenExecuted": true,
      "updating": null,
      "withPredicate": null
    },
    {
      "id": "IDLE_33",
      "execute": "IDLE",
      "after": "1000",
      "priority": 0,
      "additionalGuards": null,
      "activationKind": null,
      "fixedVariables": {
        "Crash": "FALSE",
        "VehiclesAy": "{(EgoVehicle↦0.0),(Vehicles2↦0.0),(Vehicles3↦0.0),(Vehicles4↦0.0),(Vehicles5↦0.0)}",
        "Reward": "0.7333333440404118",
        "VehiclesAx": "{(EgoVehicle↦-2.384185791015625E-06),(Vehicles2↦-0.010964646935462952),(Vehicles3↦0.026531070470809937),(Vehicles4↦-0.0036798417568206787),(Vehicles5↦-0.021330788731575012)}",
        "VehiclesVx": "{(EgoVehicle↦20.0),(Vehicles2↦0.9037034213542938),(Vehicles3↦0.3227011486887932),(Vehicles4↦0.7238311320543289),(Vehicles5↦0.7646235823631287)}",
        "VehiclesY": "{(EgoVehicle↦8.000000238418579),(Vehicles2↦-4.0000001192092896),(Vehicles3↦-1.3322676295501878E-15),(Vehicles4↦-8.000000238418579),(Vehicles5↦-4.0000001192092896)}",
        "VehiclesVy": "{(EgoVehicle↦0.0),(Vehicles2↦0.0),(Vehicles3↦0.0),(Vehicles4↦0.0),(Vehicles5↦0.0)}",
        "VehiclesX": "{(EgoVehicle↦200.0),(Vehicles2↦1.905369572341442),(Vehicles3↦20.15705704689026),(Vehicles4↦48.241740465164185),(Vehicles5↦71.08628153800964)}"
      },
      "probabilisticVariables": null,
      "activating": [
        "IDLE_34"
      ],
      "activatingOnlyWhenExecuted": true,
      "updating": null,
      "withPredicate": null
    },
    {
      "id": "IDLE_34",
      "execute": "IDLE",
      "after": "1000",
      "priority": 0,
      "additionalGuards": null,
      "activationKind": null,
      "fixedVariables": {
        "Crash": "FALSE",
        "VehiclesAy": "{(EgoVehicle↦0.0),(Vehicles2↦0.0),(Vehicles3↦0.0),(Vehicles4↦0.0),(Vehicles5↦0.0)}",
        "Reward": "0.733333334743319",
        "VehiclesAx": "{(EgoVehicle↦0.0),(Vehicles2↦-0.011463761329650879),(Vehicles3↦0.025807730853557587),(Vehicles4↦-0.0032333284616470337),(Vehicles5↦-0.020535960793495178)}",
        "VehiclesVx": "{(EgoVehicle↦20.0),(Vehicles2↦0.8922396600246429),(Vehicles3↦0.34850887954235077),(Vehicles4↦0.7205978035926819),(Vehicles5↦0.7440876215696335)}",
        "VehiclesY": "{(EgoVehicle↦8.000000238418579),(Vehicles2↦-4.0000001192092896),(Vehicles3↦0.0),(Vehicles4↦-8.000000238418579),(Vehicles5↦-4.0000001192092896)}",
        "VehiclesVy": "{(EgoVehicle↦0.0),(Vehicles2↦0.0),(Vehicles3↦0.0),(Vehicles4↦0.0),(Vehicles5↦0.0)}",
        "VehiclesX": "{(EgoVehicle↦200.0),(Vehicles2↦2.804524637758732),(Vehicles3↦20.490139722824097),(Vehicles4↦48.96424412727356),(Vehicles5↦71.84262275695801)}"
      },
      "probabilisticVariables": null,
      "activating": [
        "IDLE_35"
      ],
      "activatingOnlyWhenExecuted": true,
      "updating": null,
      "withPredicate": null
    },
    {
      "id": "IDLE_35",
      "execute": "IDLE",
      "after": "1000",
      "priority": 0,
      "additionalGuards": null,
      "activationKind": null,
      "fixedVariables": {
        "Crash": "FALSE",
        "VehiclesAy": "{(EgoVehicle↦0.0),(Vehicles2↦0.0),(Vehicles3↦0.0),(Vehicles4↦0.0),(Vehicles5↦0.0)}",
        "Reward": "0.7333333335190105",
        "VehiclesAx": "{(EgoVehicle↦0.0),(Vehicles2↦-0.01189403235912323),(Vehicles3↦0.0251045823097229),(Vehicles4↦-0.0028374046087265015),(Vehicles5↦-0.01972310245037079)}",
        "VehiclesVx": "{(EgoVehicle↦20.0),(Vehicles2↦0.8803456276655197),(Vehicles3↦0.37361346185207367),(Vehicles4↦0.7177603989839554),(Vehicles5↦0.7243645191192627)}",
        "VehiclesY": "{(EgoVehicle↦8.000000238418579),(Vehicles2↦-4.0000001192092896),(Vehicles3↦0.0),(Vehicles4↦-8.000000238418579),(Vehicles5↦-4.0000001192092896)}",
        "VehiclesVy": "{(EgoVehicle↦0.0),(Vehicles2↦0.0),(Vehicles3↦0.0),(Vehicles4↦0.0),(Vehicles5↦0.0)}",
        "VehiclesX": "{(EgoVehicle↦200.0),(Vehicles2↦3.692038357257843),(Vehicles3↦20.848745107650757),(Vehicles4↦49.683678150177),(Vehicles5↦72.57875800132751)}"
      },
      "probabilisticVariables": null,
      "activating": [
        "FASTER_36"
      ],
      "activatingOnlyWhenExecuted": true,
      "updating": null,
      "withPredicate": null
    },
    {
      "id": "FASTER_36",
      "execute": "FASTER",
      "after": "1000",
      "priority": 0,
      "additionalGuards": null,
      "activationKind": null,
      "fixedVariables": {
        "Crash": "FALSE",
        "VehiclesAy": "{(EgoVehicle↦0.0),(Vehicles2↦0.0),(Vehicles3↦0.0),(Vehicles4↦0.0),(Vehicles5↦0.0)}",
        "Reward": "0.8491083676513375",
        "VehiclesAx": "{(EgoVehicle↦4.341564178466797),(Vehicles2↦-4.353823289275169),(Vehicles3↦-4.317143186926842),(Vehicles4↦-4.344052150845528),(Vehicles5↦-4.360462129116058)}",
        "VehiclesVx": "{(EgoVehicle↦24.341564178466797),(Vehicles2↦-3.4734776616096497),(Vehicles3↦-3.943529725074768),(Vehicles4↦-3.6262917518615723),(Vehicles5↦-3.6360976099967957)}",
        "VehiclesY": "{(EgoVehicle↦8.000000238418579),(Vehicles2↦-4.0000001192092896),(Vehicles3↦-1.3322676295501878E-15),(Vehicles4↦-8.000000238418579),(Vehicles5↦-4.0000001192092896)}",
        "VehiclesVy": "{(EgoVehicle↦0.0),(Vehicles2↦0.0),(Vehicles3↦0.0),(Vehicles4↦0.0),(Vehicles5↦0.0)}",
        "VehiclesX": "{(EgoVehicle↦200.0),(Vehicles2↦2.172445133328438),(Vehicles3↦18.83711963891983),(Vehicles4↦48.00535440444946),(Vehicles5↦70.90043425559998)}"
      },
      "probabilisticVariables": null,
      "activating": [
        "SLOWER_37"
      ],
      "activatingOnlyWhenExecuted": true,
      "updating": null,
      "withPredicate": null
    },
    {
      "id": "SLOWER_37",
      "execute": "SLOWER",
      "after": "1000",
      "priority": 0,
      "additionalGuards": null,
      "activationKind": null,
      "fixedVariables": {
        "Crash": "FALSE",
        "VehiclesAy": "{(EgoVehicle↦0.0),(Vehicles2↦0.0),(Vehicles3↦0.0),(Vehicles4↦0.0),(Vehicles5↦0.0)}",
        "Reward": "0.748579428387556",
        "VehiclesAx": "{(EgoVehicle↦-3.76983642578125),(Vehicles2↦3.757272493094206),(Vehicles3↦3.7935910373926163),(Vehicles4↦3.767653862014413),(Vehicles5↦3.7517695873975754)}",
        "VehiclesVx": "{(EgoVehicle↦20.571727752685547),(Vehicles2↦0.2837948314845562),(Vehicles3↦-0.1499386876821518),(Vehicles4↦0.14136211015284061),(Vehicles5↦0.11567197740077972)}",
        "VehiclesY": "{(EgoVehicle↦8.000000238418579),(Vehicles2↦-4.0000001192092896),(Vehicles3↦-1.3322676295501878E-15),(Vehicles4↦-8.000000238418579),(Vehicles5↦-4.0000001192092896)}",
        "VehiclesVy": "{(EgoVehicle↦0.0),(Vehicles2↦0.0),(Vehicles3↦0.0),(Vehicles4↦0.0),(Vehicles5↦0.0)}",
        "VehiclesX": "{(EgoVehicle↦200.0),(Vehicles2↦0.7736269384622574),(Vehicles3↦16.982807219028473),(Vehicles4↦46.45783007144928),(Vehicles5↦69.3367063999176)}"
      },
      "probabilisticVariables": null,
      "activating": [
        "IDLE_38"
      ],
      "activatingOnlyWhenExecuted": true,
      "updating": null,
      "withPredicate": null
    },
    {
      "id": "IDLE_38",
      "execute": "IDLE",
      "after": "1000",
      "priority": 0,
      "additionalGuards": null,
      "activationKind": null,
      "fixedVariables": {
        "Crash": "FALSE",
        "VehiclesAy": "{(EgoVehicle↦0.0),(Vehicles2↦0.0),(Vehicles3↦0.0),(Vehicles4↦0.0),(Vehicles5↦0.0)}",
        "Reward": "0.7353410495544656",
        "VehiclesAx": "{(EgoVehicle↦-0.49643754959106445),(Vehicles2↦0.4836331494152546),(Vehicles3↦0.5195499211549759),(Vehicles4↦0.49452765844762325),(Vehicles5↦0.47921061515808105)}",
        "VehiclesVx": "{(EgoVehicle↦20.075290203094482),(Vehicles2↦0.7674279808998108),(Vehicles3↦0.3696112334728241),(Vehicles4↦0.6358897686004639),(Vehicles5↦0.5948825925588608)}",
        "VehiclesY": "{(EgoVehicle↦8.000000238418579),(Vehicles2↦-4.0000001192092896),(Vehicles3↦0.0),(Vehicles4↦-8.000000238418579),(Vehicles5↦-4.0000001192092896)}",
        "VehiclesVy": "{(EgoVehicle↦0.0),(Vehicles2↦0.0),(Vehicles3↦0.0),(Vehicles4↦0.0),(Vehicles5↦0.0)}",
        "VehiclesX": "{(EgoVehicle↦200.0),(Vehicles2↦1.3261815533041954),(Vehicles3↦17.11602807044983),(Vehicles4↦46.872273087501526),(Vehicles5↦69.71928477287292)}"
      },
      "probabilisticVariables": null,
      "activating": [
        "IDLE_39"
      ],
      "activatingOnlyWhenExecuted": true,
      "updating": null,
      "withPredicate": null
    },
    {
      "id": "IDLE_39",
      "execute": "IDLE",
      "after": "1000",
      "priority": 0,
      "additionalGuards": null,
      "activationKind": null,
      "fixedVariables": {
        "Crash": "FALSE",
        "VehiclesAy": "{(EgoVehicle↦0.0),(Vehicles2↦0.0),(Vehicles3↦0.0),(Vehicles4↦0.0),(Vehicles5↦0.0)}",
        "Reward": "0.7335977239468158",
        "VehiclesAx": "{(EgoVehicle↦-0.06537437438964844),(Vehicles2↦0.0523829460144043),(Vehicles3↦0.08785974234342575),(Vehicles4↦0.06370015442371368),(Vehicles5↦0.04898376762866974)}",
        "VehiclesVx": "{(EgoVehicle↦20.009915828704834),(Vehicles2↦0.8198109269142151),(Vehicles3↦0.45747097581624985),(Vehicles4↦0.6995899230241776),(Vehicles5↦0.6438663601875305)}",
        "VehiclesY": "{(EgoVehicle↦8.000000238418579),(Vehicles2↦-4.0000001192092896),(Vehicles3↦0.0),(Vehicles4↦-8.000000238418579),(Vehicles5↦-4.0000001192092896)}",
        "VehiclesVy": "{(EgoVehicle↦0.0),(Vehicles2↦0.0),(Vehicles3↦0.0),(Vehicles4↦0.0),(Vehicles5↦0.0)}",
        "VehiclesX": "{(EgoVehicle↦200.0),(Vehicles2↦2.1244900301098824),(Vehicles3↦17.53074675798416),(Vehicles4↦47.543540596961975),(Vehicles5↦70.34360766410828)}"
      },
      "probabilisticVariables": null,
      "activating": [
        "IDLE_40"
      ],
      "activatingOnlyWhenExecuted": true,
      "updating": null,
      "withPredicate": null
    },
    {
      "id": "IDLE_40",
      "execute": "IDLE",
      "after": "1000",
      "priority": 0,
      "additionalGuards": null,
      "activationKind": null,
      "fixedVariables": {
        "Crash": "FALSE",
        "VehiclesAy": "{(EgoVehicle↦0.0),(Vehicles2↦0.0),(Vehicles3↦0.0),(Vehicles4↦0.0),(Vehicles5↦0.0)}",
        "Reward": "0.7333681502042446",
        "VehiclesAx": "{(EgoVehicle↦-0.008609294891357422),(Vehicles2↦-0.004513263702392578),(Vehicles3↦0.03048773854970932),(Vehicles4↦0.007142573595046997),(Vehicles5↦-0.006947070360183716)}",
        "VehiclesVx": "{(EgoVehicle↦20.001306533813477),(Vehicles2↦0.8152976632118225),(Vehicles3↦0.48795871436595917),(Vehicles4↦0.7067324966192245),(Vehicles5↦0.6369192898273468)}",
        "VehiclesY": "{(EgoVehicle↦8.000000238418579),(Vehicles2↦-4.0000001192092896),(Vehicles3↦-1.3322676295501878E-15),(Vehicles4↦-8.000000238418579),(Vehicles5↦-4.0000001192092896)}",
        "VehiclesVy": "{(EgoVehicle↦0.0),(Vehicles2↦0.0),(Vehicles3↦0.0),(Vehicles4↦0.0),(Vehicles5↦0.0)}",
        "VehiclesX": "{(EgoVehicle↦200.0),(Vehicles2↦2.9438095167279243),(Vehicles3↦18.00176650285721),(Vehicles4↦48.24727773666382),(Vehicles5↦70.98593711853027)}"
      },
      "probabilisticVariables": null,
      "activating": [
        "IDLE_41"
      ],
      "activatingOnlyWhenExecuted": true,
      "updating": null,
      "withPredicate": null
    },
    {
      "id": "IDLE_41",
      "execute": "IDLE",
      "after": "1000",
      "priority": 0,
      "additionalGuards": null,
      "activationKind": null,
      "fixedVariables": {
        "Crash": "FALSE",
        "VehiclesAy": "{(EgoVehicle↦0.0),(Vehicles2↦0.0),(Vehicles3↦0.0),(Vehicles4↦0.0),(Vehicles5↦0.0)}",
        "Reward": "0.7333379182710664",
        "VehiclesAx": "{(EgoVehicle↦-0.0011348724365234375),(Vehicles2↦-0.012066438794136047),(Vehicles3↦0.022425279021263123),(Vehicles4↦-0.0001500546932220459),(Vehicles5↦-0.013593286275863647)}",
        "VehiclesVx": "{(EgoVehicle↦20.000171661376953),(Vehicles2↦0.8032312244176865),(Vehicles3↦0.5103839933872223),(Vehicles4↦0.7065824419260025),(Vehicles5↦0.6233260035514832)}",
        "VehiclesY": "{(EgoVehicle↦8.000000238418579),(Vehicles2↦-4.0000001192092896),(Vehicles3↦-1.3322676295501878E-15),(Vehicles4↦-8.000000238418579),(Vehicles5↦-4.0000001192092896)}",
        "VehiclesVy": "{(EgoVehicle↦0.0),(Vehicles2↦0.0),(Vehicles3↦0.0),(Vehicles4↦0.0),(Vehicles5↦0.0)}",
        "VehiclesX": "{(EgoVehicle↦200.0),(Vehicles2↦3.754456713795662),(Vehicles3↦18.498913943767548),(Vehicles4↦48.954108357429504),(Vehicles5↦71.61751985549927)}"
      },
      "probabilisticVariables": null,
      "activating": [
        "IDLE_42"
      ],
      "activatingOnlyWhenExecuted": true,
      "updating": null,
      "withPredicate": null
    },
    {
      "id": "IDLE_42",
      "execute": "IDLE",
      "after": "1000",
      "priority": 0,
      "additionalGuards": null,
      "activationKind": null,
      "fixedVariables": {
        "Crash": "FALSE",
        "VehiclesAy": "{(EgoVehicle↦0.0),(Vehicles2↦0.0),(Vehicles3↦0.0),(Vehicles4↦0.0),(Vehicles5↦0.0)}",
        "Reward": "0.7333339371111419",
        "VehiclesAx": "{(EgoVehicle↦-0.00015020370483398438),(Vehicles2↦-0.013078302145004272),(Vehicles3↦0.020872503519058228),(Vehicles4↦-0.0009736418724060059),(Vehicles5↦-0.013757385313510895)}",
        "VehiclesVx": "{(EgoVehicle↦20.00002145767212),(Vehicles2↦0.7901529222726822),(Vehicles3↦0.5312564969062805),(Vehicles4↦0.7056088000535965),(Vehicles5↦0.6095686182379723)}",
        "VehiclesY": "{(EgoVehicle↦8.000000238418579),(Vehicles2↦-4.0000001192092896),(Vehicles3↦0.0),(Vehicles4↦-8.000000238418579),(Vehicles5↦-4.0000001192092896)}",
        "VehiclesVy": "{(EgoVehicle↦0.0),(Vehicles2↦0.0),(Vehicles3↦0.0),(Vehicles4↦0.0),(Vehicles5↦0.0)}",
        "VehiclesX": "{(EgoVehicle↦200.0),(Vehicles2↦4.552479460835457),(Vehicles3↦19.017714262008667),(Vehicles4↦49.66031014919281),(Vehicles5↦72.23530411720276)}"
      },
      "probabilisticVariables": null,
      "activating": [
        "IDLE_43"
      ],
      "activatingOnlyWhenExecuted": true,
      "updating": null,
      "withPredicate": null
    },
    {
      "id": "IDLE_43",
      "execute": "IDLE",
      "after": "1000",
      "priority": 0,
      "additionalGuards": null,
      "activationKind": null,
      "fixedVariables": {
        "Crash": "FALSE",
        "VehiclesAy": "{(EgoVehicle↦0.0),(Vehicles2↦0.0),(Vehicles3↦0.0),(Vehicles4↦0.0),(Vehicles5↦0.0)}",
        "Reward": "0.7333334128431682",
        "VehiclesAx": "{(EgoVehicle↦-1.9073486328125E-05),(Vehicles2↦-0.013187751173973083),(Vehicles3↦0.020192936062812805),(Vehicles4↦-0.0009615719318389893),(Vehicles5↦-0.013078227639198303)}",
        "VehiclesVx": "{(EgoVehicle↦20.00000238418579),(Vehicles2↦0.7769651710987091),(Vehicles3↦0.5514494329690933),(Vehicles4↦0.7046472281217575),(Vehicles5↦0.596490390598774)}",
        "VehiclesY": "{(EgoVehicle↦8.000000238418579),(Vehicles2↦-4.0000001192092896),(Vehicles3↦0.0),(Vehicles4↦-8.000000238418579),(Vehicles5↦-4.0000001192092896)}",
        "VehiclesVy": "{(EgoVehicle↦0.0),(Vehicles2↦0.0),(Vehicles3↦0.0),(Vehicles4↦0.0),(Vehicles5↦0.0)}",
        "VehiclesX": "{(EgoVehicle↦200.0),(Vehicles2↦5.337356775999069),(Vehicles3↦19.55709457397461),(Vehicles4↦50.36552548408508),(Vehicles5↦72.83958196640015)}"
      },
      "probabilisticVariables": null,
      "activating": [
        "IDLE_44"
      ],
      "activatingOnlyWhenExecuted": true,
      "updating": null,
      "withPredicate": null
    },
    {
      "id": "IDLE_44",
      "execute": "IDLE",
      "after": "1000",
      "priority": 0,
      "additionalGuards": null,
      "activationKind": null,
      "fixedVariables": {
        "Crash": "FALSE",
        "VehiclesAy": "{(EgoVehicle↦0.0),(Vehicles2↦0.0),(Vehicles3↦0.0),(Vehicles4↦0.0),(Vehicles5↦0.0)}",
        "Reward": "0.7333333438037642",
        "VehiclesAx": "{(EgoVehicle↦-2.384185791015625E-06),(Vehicles2↦-0.013139545917510986),(Vehicles3↦0.019643865525722504),(Vehicles4↦-0.0008534640073776245),(Vehicles5↦-0.012300312519073486)}",
        "VehiclesVx": "{(EgoVehicle↦20.0),(Vehicles2↦0.7638256251811981),(Vehicles3↦0.5710932984948158),(Vehicles4↦0.7037937641143799),(Vehicles5↦0.5841900780797005)}",
        "VehiclesY": "{(EgoVehicle↦8.000000238418579),(Vehicles2↦-4.0000001192092896),(Vehicles3↦-1.3322676295501878E-15),(Vehicles4↦-8.000000238418579),(Vehicles5↦-4.0000001192092896)}",
        "VehiclesVy": "{(EgoVehicle↦0.0),(Vehicles2↦0.0),(Vehicles3↦0.0),(Vehicles4↦0.0),(Vehicles5↦0.0)}",
        "VehiclesX": "{(EgoVehicle↦200.0),(Vehicles2↦6.109059602022171),(Vehicles3↦20.116442441940308),(Vehicles4↦51.069825887680054),(Vehicles5↦73.43108654022217)}"
      },
      "probabilisticVariables": null,
      "activating": [
        "IDLE_45"
      ],
      "activatingOnlyWhenExecuted": true,
      "updating": null,
      "withPredicate": null
    },
    {
      "id": "IDLE_45",
      "execute": "IDLE",
      "after": "1000",
      "priority": 0,
      "additionalGuards": null,
      "activationKind": null,
      "fixedVariables": {
        "Crash": "FALSE",
        "VehiclesAy": "{(EgoVehicle↦0.0),(Vehicles2↦0.0),(Vehicles3↦0.0),(Vehicles4↦0.0),(Vehicles5↦0.0)}",
        "Reward": "0.7333333347121554",
        "VehiclesAx": "{(EgoVehicle↦0.0),(Vehicles2↦-0.013034045696258545),(Vehicles3↦0.019127093255519867),(Vehicles4↦-0.0007445365190505981),(Vehicles5↦-0.011523663997650146)}",
        "VehiclesVx": "{(EgoVehicle↦20.0),(Vehicles2↦0.7507915794849396),(Vehicles3↦0.5902203917503357),(Vehicles4↦0.7030492275953293),(Vehicles5↦0.5726664140820503)}",
        "VehiclesY": "{(EgoVehicle↦8.000000238418579),(Vehicles2↦-4.0000001192092896),(Vehicles3↦-1.3322676295501878E-15),(Vehicles4↦-8.000000238418579),(Vehicles5↦-4.0000001192092896)}",
        "VehiclesVy": "{(EgoVehicle↦0.0),(Vehicles2↦0.0),(Vehicles3↦0.0),(Vehicles4↦0.0),(Vehicles5↦0.0)}",
        "VehiclesX": "{(EgoVehicle↦200.0),(Vehicles2↦6.867661327123642),(Vehicles3↦20.69522738456726),(Vehicles4↦51.7733097076416),(Vehicles5↦74.01060461997986)}"
      },
      "probabilisticVariables": null,
      "activating": [
        "IDLE_46"
      ],
      "activatingOnlyWhenExecuted": true,
      "updating": null,
      "withPredicate": null
    },
    {
      "id": "IDLE_46",
      "execute": "IDLE",
      "after": "1000",
      "priority": 0,
      "additionalGuards": null,
      "activationKind": null,
      "fixedVariables": {
        "Crash": "FALSE",
        "VehiclesAy": "{(EgoVehicle↦0.0),(Vehicles2↦0.0),(Vehicles3↦0.0),(Vehicles4↦0.0),(Vehicles5↦0.0)}",
        "Reward": "0.7333333335149067",
        "VehiclesAx": "{(EgoVehicle↦0.0),(Vehicles2↦-0.0128868967294693),(Vehicles3↦0.018629245460033417),(Vehicles4↦-0.0006456673145294189),(Vehicles5↦-0.010763034224510193)}",
        "VehiclesVx": "{(EgoVehicle↦20.0),(Vehicles2↦0.7379046827554703),(Vehicles3↦0.6088496372103691),(Vehicles4↦0.7024035602807999),(Vehicles5↦0.5619033798575401)}",
        "VehiclesY": "{(EgoVehicle↦8.000000238418579),(Vehicles2↦-4.0000001192092896),(Vehicles3↦0.0),(Vehicles4↦-8.000000238418579),(Vehicles5↦-4.0000001192092896)}",
        "VehiclesVy": "{(EgoVehicle↦0.0),(Vehicles2↦0.0),(Vehicles3↦0.0),(Vehicles4↦0.0),(Vehicles5↦0.0)}",
        "VehiclesX": "{(EgoVehicle↦200.0),(Vehicles2↦7.613284885883331),(Vehicles3↦21.29293829202652),(Vehicles4↦52.47609615325928),(Vehicles5↦74.57890510559082)}"
      },
      "probabilisticVariables": null,
      "activating": [
        "IDLE_47"
      ],
      "activatingOnlyWhenExecuted": true,
      "updating": null,
      "withPredicate": null
    },
    {
      "id": "IDLE_47",
      "execute": "IDLE",
      "after": "1000",
      "priority": 0,
      "additionalGuards": null,
      "activationKind": null,
      "fixedVariables": {
        "Crash": "FALSE",
        "VehiclesAy": "{(EgoVehicle↦0.0),(Vehicles2↦0.0),(Vehicles3↦0.0),(Vehicles4↦0.0),(Vehicles5↦0.0)}",
        "Reward": "0.7333333333572442",
        "VehiclesAx": "{(EgoVehicle↦0.0),(Vehicles2↦-0.012702643871307373),(Vehicles3↦0.018148086965084076),(Vehicles4↦-0.0005567073822021484),(Vehicles5↦-0.010021775960922241)}",
        "VehiclesVx": "{(EgoVehicle↦20.0),(Vehicles2↦0.7252020388841629),(Vehicles3↦0.6269977241754532),(Vehicles4↦0.7018468528985977),(Vehicles5↦0.5518816038966179)}",
        "VehiclesY": "{(EgoVehicle↦8.000000238418579),(Vehicles2↦-4.0000001192092896),(Vehicles3↦0.0),(Vehicles4↦-8.000000238418579),(Vehicles5↦-4.0000001192092896)}",
        "VehiclesVy": "{(EgoVehicle↦0.0),(Vehicles2↦0.0),(Vehicles3↦0.0),(Vehicles4↦0.0),(Vehicles5↦0.0)}",
        "VehiclesX": "{(EgoVehicle↦200.0),(Vehicles2↦8.346092700958252),(Vehicles3↦21.909086406230927),(Vehicles4↦53.17826867103577),(Vehicles5↦75.1367449760437)}"
      },
      "probabilisticVariables": null,
      "activating": [
        "IDLE_48"
      ],
      "activatingOnlyWhenExecuted": true,
      "updating": null,
      "withPredicate": null
    },
    {
      "id": "IDLE_48",
      "execute": "IDLE",
      "after": "1000",
      "priority": 0,
      "additionalGuards": null,
      "activationKind": null,
      "fixedVariables": {
        "Crash": "FALSE",
        "VehiclesAy": "{(EgoVehicle↦0.0),(Vehicles2↦0.0),(Vehicles3↦0.0),(Vehicles4↦0.0),(Vehicles5↦0.0)}",
        "Reward": "0.7333333333364821",
        "VehiclesAx": "{(EgoVehicle↦0.0),(Vehicles2↦-0.012484341859817505),(Vehicles3↦0.017682984471321106),(Vehicles4↦-0.00047616660594940186),(Vehicles5↦-0.00930149108171463)}",
        "VehiclesVx": "{(EgoVehicle↦20.0),(Vehicles2↦0.7127176970243454),(Vehicles3↦0.6446807086467743),(Vehicles4↦0.7013706862926483),(Vehicles5↦0.5425801128149033)}",
        "VehiclesY": "{(EgoVehicle↦8.000000238418579),(Vehicles2↦-4.0000001192092896),(Vehicles3↦-1.3322676295501878E-15),(Vehicles4↦-8.000000238418579),(Vehicles5↦-4.0000001192092896)}",
        "VehiclesVy": "{(EgoVehicle↦0.0),(Vehicles2↦0.0),(Vehicles3↦0.0),(Vehicles4↦0.0),(Vehicles5↦0.0)}",
        "VehiclesX": "{(EgoVehicle↦200.0),(Vehicles2↦9.066282212734222),(Vehicles3↦22.54319339990616),(Vehicles4↦53.87991666793823),(Vehicles5↦75.68484544754028)}"
      },
      "probabilisticVariables": null,
      "activating": [
        "IDLE_49"
      ],
      "activatingOnlyWhenExecuted": true,
      "updating": null,
      "withPredicate": null
    },
    {
      "id": "IDLE_49",
      "execute": "IDLE",
      "after": "1000",
      "priority": 0,
      "additionalGuards": null,
      "activationKind": null,
      "fixedVariables": {
        "Crash": "FALSE",
        "VehiclesAy": "{(EgoVehicle↦0.0),(Vehicles2↦0.0),(Vehicles3↦0.0),(Vehicles4↦0.0),(Vehicles5↦0.0)}",
        "Reward": "0.7333333333337481",
        "VehiclesAx": "{(EgoVehicle↦0.0),(Vehicles2↦-0.012234598398208618),(Vehicles3↦0.017233192920684814),(Vehicles4↦-0.00040262937545776367),(Vehicles5↦-0.008603446185588837)}",
        "VehiclesVx": "{(EgoVehicle↦20.0),(Vehicles2↦0.7004830986261368),(Vehicles3↦0.6619139015674591),(Vehicles4↦0.7009680569171906),(Vehicles5↦0.5339766666293144)}",
        "VehiclesY": "{(EgoVehicle↦8.000000238418579),(Vehicles2↦-4.0000001192092896),(Vehicles3↦-1.3322676295501878E-15),(Vehicles4↦-8.000000238418579),(Vehicles5↦-4.0000001192092896)}",
        "VehiclesVy": "{(EgoVehicle↦0.0),(Vehicles2↦0.0),(Vehicles3↦0.0),(Vehicles4↦0.0),(Vehicles5↦0.0)}",
        "VehiclesX": "{(EgoVehicle↦200.0),(Vehicles2↦9.774084389209747),(Vehicles3↦23.194803297519684),(Vehicles4↦54.58112359046936),(Vehicles5↦76.22393369674683)}"
      },
      "probabilisticVariables": null,
      "activating": [
        "FASTER_50"
      ],
      "activatingOnlyWhenExecuted": true,
      "updating": null,
      "withPredicate": null
    },
    {
      "id": "FASTER_50",
      "execute": "FASTER",
      "after": "1000",
      "priority": 0,
      "additionalGuards": null,
      "activationKind": null,
      "fixedVariables": {
        "Crash": "FALSE",
        "VehiclesAy": "{(EgoVehicle↦0.0),(Vehicles2↦0.0),(Vehicles3↦0.0),(Vehicles4↦0.0),(Vehicles5↦0.0)}",
        "Reward": "0.8491083676269408",
        "VehiclesAx": "{(EgoVehicle↦4.341564178466797),(Vehicles2↦-4.3535203486680984),(Vehicles3↦-4.324765652418137),(Vehicles4↦-4.341898709535599),(Vehicles5↦-4.3494923040270805)}",
        "VehiclesVx": "{(EgoVehicle↦24.341564178466797),(Vehicles2↦-3.6530372500419617),(Vehicles3↦-3.6628517508506775),(Vehicles4↦-3.640930652618408),(Vehicles5↦-3.815515637397766)}",
        "VehiclesY": "{(EgoVehicle↦8.000000238418579),(Vehicles2↦-4.0000001192092896),(Vehicles3↦0.0),(Vehicles4↦-8.000000238418579),(Vehicles5↦-4.0000001192092896)}",
        "VehiclesVy": "{(EgoVehicle↦0.0),(Vehicles2↦0.0),(Vehicles3↦0.0),(Vehicles4↦0.0),(Vehicles5↦0.0)}",
        "VehiclesX": "{(EgoVehicle↦200.0),(Vehicles2↦8.074700087308884),(Vehicles3↦21.468408405780792),(Vehicles4↦52.88689136505127),(Vehicles5↦74.35961961746216)}"
      },
      "probabilisticVariables": null,
      "activating": [
        "SLOWER_51"
      ],
      "activatingOnlyWhenExecuted": true,
      "updating": null,
      "withPredicate": null
    },
    {
      "id": "SLOWER_51",
      "execute": "SLOWER",
      "after": "1000",
      "priority": 0,
      "additionalGuards": null,
      "activationKind": null,
      "fixedVariables": {
        "Crash": "FALSE",
        "VehiclesAy": "{(EgoVehicle↦0.0),(Vehicles2↦0.0),(Vehicles3↦0.0),(Vehicles4↦0.0),(Vehicles5↦0.0)}",
        "Reward": "0.7485794283843434",
        "VehiclesAx": "{(EgoVehicle↦-3.76983642578125),(Vehicles2↦3.758182590827346),(Vehicles3↦3.7862129975110292),(Vehicles4↦3.7695632968097925),(Vehicles5↦3.762557413429022)}",
        "VehiclesVx": "{(EgoVehicle↦20.571727752685547),(Vehicles2↦0.10514534078538418),(Vehicles3↦0.12336124666035175),(Vehicles4↦0.12863264419138432),(Vehicles5↦-0.05295822396874428)}",
        "VehiclesY": "{(EgoVehicle↦8.000000238418579),(Vehicles2↦-4.0000001192092896),(Vehicles3↦0.0),(Vehicles4↦-8.000000238418579),(Vehicles5↦-4.0000001192092896)}",
        "VehiclesVy": "{(EgoVehicle↦0.0),(Vehicles2↦0.0),(Vehicles3↦0.0),(Vehicles4↦0.0),(Vehicles5↦0.0)}",
        "VehiclesX": "{(EgoVehicle↦200.0),(Vehicles2↦6.496639549732208),(Vehicles3↦19.891802966594696),(Vehicles4↦51.32551193237305),(Vehicles5↦72.62080907821655)}"
      },
      "probabilisticVariables": null,
      "activating": [
        "SLOWER_52"
      ],
      "activatingOnlyWhenExecuted": true,
      "updating": null,
      "withPredicate": null
    },
    {
      "id": "SLOWER_52",
      "execute": "SLOWER",
      "after": "1000",
      "priority": 0,
      "additionalGuards": null,
      "activationKind": null,
      "fixedVariables": {
        "Crash": "FALSE",
        "VehiclesAy": "{(EgoVehicle↦0.0),(Vehicles2↦0.0),(Vehicles3↦0.0),(Vehicles4↦0.0),(Vehicles5↦0.0)}",
        "Reward": "0.7353410495540426",
        "VehiclesAx": "{(EgoVehicle↦-0.49643754959106445),(Vehicles2↦0.48511319793760777),(Vehicles3↦0.512410132214427),(Vehicles4↦0.4962265770882368),(Vehicles5↦0.4897879622876644)}",
        "VehiclesVx": "{(EgoVehicle↦20.075290203094482),(Vehicles2↦0.5902585387229919),(Vehicles3↦0.6357713788747787),(Vehicles4↦0.6248592212796211),(Vehicles5↦0.43682973831892014)}",
        "VehiclesY": "{(EgoVehicle↦8.000000238418579),(Vehicles2↦-4.0000001192092896),(Vehicles3↦-1.3322676295501878E-15),(Vehicles4↦-8.000000238418579),(Vehicles5↦-4.0000001192092896)}",
        "VehiclesVy": "{(EgoVehicle↦0.0),(Vehicles2↦0.0),(Vehicles3↦0.0),(Vehicles4↦0.0),(Vehicles5↦0.0)}",
        "VehiclesX": "{(EgoVehicle↦200.0),(Vehicles2↦6.871092319488525),(Vehicles3↦20.295450091362),(Vehicles4↦51.727914810180664),(Vehicles5↦72.83900380134583)}"
      },
      "probabilisticVariables": null,
      "activating": [
        "IDLE_53"
      ],
      "activatingOnlyWhenExecuted": true,
      "updating": null,
      "withPredicate": null
    },
    {
      "id": "IDLE_53",
      "execute": "IDLE",
      "after": "1000",
      "priority": 0,
      "additionalGuards": null,
      "activationKind": null,
      "fixedVariables": {
        "Crash": "FALSE",
        "VehiclesAy": "{(EgoVehicle↦0.0),(Vehicles2↦0.0),(Vehicles3↦0.0),(Vehicles4↦0.0),(Vehicles5↦0.0)}",
        "Reward": "0.73359772394676",
        "VehiclesAx": "{(EgoVehicle↦-0.06537437438964844),(Vehicles2↦0.05439557135105133),(Vehicles3↦0.08095227181911469),(Vehicles4↦0.06521839648485184),(Vehicles5↦0.059325024485588074)}",
        "VehiclesVx": "{(EgoVehicle↦20.009915828704834),(Vehicles2↦0.6446541100740433),(Vehicles3↦0.7167236506938934),(Vehicles4↦0.690077617764473),(Vehicles5↦0.4961547628045082)}",
        "VehiclesY": "{(EgoVehicle↦8.000000238418579),(Vehicles2↦-4.0000001192092896),(Vehicles3↦-1.3322676295501878E-15),(Vehicles4↦-8.000000238418579),(Vehicles5↦-4.0000001192092896)}",
        "VehiclesVy": "{(EgoVehicle↦0.0),(Vehicles2↦0.0),(Vehicles3↦0.0),(Vehicles4↦0.0),(Vehicles5↦0.0)}",
        "VehiclesX": "{(EgoVehicle↦200.0),(Vehicles2↦7.492995262145996),(Vehicles3↦20.97354829311371),(Vehicles4↦52.38877534866333),(Vehicles5↦73.3094334602356)}"
      },
      "probabilisticVariables": null,
      "activating": [
        "IDLE_54"
      ],
      "activatingOnlyWhenExecuted": true,
      "updating": null,
      "withPredicate": null
    },
    {
      "id": "IDLE_54",
      "execute": "IDLE",
      "after": "1000",
      "priority": 0,
      "additionalGuards": null,
      "activationKind": null,
      "fixedVariables": {
        "Crash": "FALSE",
        "VehiclesAy": "{(EgoVehicle↦0.0),(Vehicles2↦0.0),(Vehicles3↦0.0),(Vehicles4↦0.0),(Vehicles5↦0.0)}",
        "Reward": "0.7333681502042372",
        "VehiclesAx": "{(EgoVehicle↦-0.008609294891357422),(Vehicles2↦-0.0020057708024978638),(Vehicles3↦0.023805871605873108),(Vehicles4↦0.00850684940814972),(Vehicles5↦0.0031359493732452393)}",
        "VehiclesVx": "{(EgoVehicle↦20.001306533813477),(Vehicles2↦0.6426483392715454),(Vehicles3↦0.7405295222997665),(Vehicles4↦0.6985844671726227),(Vehicles5↦0.49929071217775345)}",
        "VehiclesY": "{(EgoVehicle↦8.000000238418579),(Vehicles2↦-4.0000001192092896),(Vehicles3↦0.0),(Vehicles4↦-8.000000238418579),(Vehicles5↦-4.0000001192092896)}",
        "VehiclesVy": "{(EgoVehicle↦0.0),(Vehicles2↦0.0),(Vehicles3↦0.0),(Vehicles4↦0.0),(Vehicles5↦0.0)}",
        "VehiclesX": "{(EgoVehicle↦200.0),(Vehicles2↦8.138123154640198),(Vehicles3↦21.701128780841827),(Vehicles4↦53.08355689048767),(Vehicles5↦73.80809783935547)}"
      },
      "probabilisticVariables": null,
      "activating": [
        "IDLE_55"
      ],
      "activatingOnlyWhenExecuted": true,
      "updating": null,
      "withPredicate": null
    },
    {
      "id": "IDLE_55",
      "execute": "IDLE",
      "after": "1000",
      "priority": 0,
      "additionalGuards": null,
      "activationKind": null,
      "fixedVariables": {
        "Crash": "FALSE",
        "VehiclesAy": "{(EgoVehicle↦0.0),(Vehicles2↦0.0),(Vehicles3↦0.0),(Vehicles4↦0.0),(Vehicles5↦0.0)}",
        "Reward": "0.7333379182710655",
        "VehiclesAx": "{(EgoVehicle↦-0.0011348724365234375),(Vehicles2↦-0.009101778268814087),(Vehicles3↦0.015962421894073486),(Vehicles4↦0.0010839849710464478),(Vehicles5↦-0.0037878379225730896)}",
        "VehiclesVx": "{(EgoVehicle↦20.000171661376953),(Vehicles2↦0.6335465610027313),(Vehicles3↦0.75649194419384),(Vehicles4↦0.6996684521436691),(Vehicles5↦0.49550287425518036)}",
        "VehiclesY": "{(EgoVehicle↦8.000000238418579),(Vehicles2↦-4.0000001192092896),(Vehicles3↦0.0),(Vehicles4↦-8.000000238418579),(Vehicles5↦-4.0000001192092896)}",
        "VehiclesVy": "{(EgoVehicle↦0.0),(Vehicles2↦0.0),(Vehicles3↦0.0),(Vehicles4↦0.0),(Vehicles5↦0.0)}",
        "VehiclesX": "{(EgoVehicle↦200.0),(Vehicles2↦8.777271211147308),(Vehicles3↦22.44824469089508),(Vehicles4↦53.78274321556091),(Vehicles5↦74.3060052394867)}"
      },
      "probabilisticVariables": null,
      "activating": [
        "IDLE_56"
      ],
      "activatingOnlyWhenExecuted": true,
      "updating": null,
      "withPredicate": null
    },
    {
      "id": "IDLE_56",
      "execute": "IDLE",
      "after": "1000",
      "priority": 0,
      "additionalGuards": null,
      "activationKind": null,
      "fixedVariables": {
        "Crash": "FALSE",
        "VehiclesAy": "{(EgoVehicle↦0.0),(Vehicles2↦0.0),(Vehicles3↦0.0),(Vehicles4↦0.0),(Vehicles5↦0.0)}",
        "Reward": "0.7333339371111417",
        "VehiclesAx": "{(EgoVehicle↦-0.00015020370483398438),(Vehicles2↦-0.009694471955299377),(Vehicles3↦0.014621689915657043),(Vehicles4↦0.00015094876289367676),(Vehicles5↦-0.0042457133531570435)}",
        "VehiclesVx": "{(EgoVehicle↦20.00002145767212),(Vehicles2↦0.623852089047432),(Vehicles3↦0.7711136341094971),(Vehicles4↦0.6998194009065628),(Vehicles5↦0.4912571609020233)}",
        "VehiclesY": "{(EgoVehicle↦8.000000238418579),(Vehicles2↦-4.0000001192092896),(Vehicles3↦-1.3322676295501878E-15),(Vehicles4↦-8.000000238418579),(Vehicles5↦-4.0000001192092896)}",
        "VehiclesVy": "{(EgoVehicle↦0.0),(Vehicles2↦0.0),(Vehicles3↦0.0),(Vehicles4↦0.0),(Vehicles5↦0.0)}",
        "VehiclesX": "{(EgoVehicle↦200.0),(Vehicles2↦9.406930953264236),(Vehicles3↦23.210635781288147),(Vehicles4↦54.482489824295044),(Vehicles5↦74.79979395866394)}"
      },
      "probabilisticVariables": null,
      "activating": [
        "FASTER_57"
      ],
      "activatingOnlyWhenExecuted": true,
      "updating": null,
      "withPredicate": null
    },
    {
      "id": "FASTER_57",
      "execute": "FASTER",
      "after": "1000",
      "priority": 0,
      "additionalGuards": null,
      "activationKind": null,
      "fixedVariables": {
        "Crash": "FALSE",
        "VehiclesAy": "{(EgoVehicle↦0.0),(Vehicles2↦0.0),(Vehicles3↦0.0),(Vehicles4↦0.0),(Vehicles5↦0.0)}",
        "Reward": "0.8491084471367211",
        "VehiclesAx": "{(EgoVehicle↦4.341545104980469),(Vehicles2↦-4.350985959172249),(Vehicles3↦-4.327416718006134),(Vehicles4↦-4.341491833329201),(Vehicles5↦-4.345437437295914)}",
        "VehiclesVx": "{(EgoVehicle↦24.341566562652588),(Vehicles2↦-3.727133870124817),(Vehicles3↦-3.556303083896637),(Vehicles4↦-3.641672432422638),(Vehicles5↦-3.8541802763938904)}",
        "VehiclesY": "{(EgoVehicle↦8.000000238418579),(Vehicles2↦-4.0000001192092896),(Vehicles3↦-1.3322676295501878E-15),(Vehicles4↦-8.000000238418579),(Vehicles5↦-4.0000001192092896)}",
        "VehiclesVy": "{(EgoVehicle↦0.0),(Vehicles2↦0.0),(Vehicles3↦0.0),(Vehicles4↦0.0),(Vehicles5↦0.0)}",
        "VehiclesX": "{(EgoVehicle↦200.0),(Vehicles2↦7.631923258304596),(Vehicles3↦21.59237712621689),(Vehicles4↦52.78727412223816),(Vehicles5↦72.89440035820007)}"
      },
      "probabilisticVariables": null,
      "activating": [
        "SLOWER_58"
      ],
      "activatingOnlyWhenExecuted": true,
      "updating": null,
      "withPredicate": null
    },
    {
      "id": "SLOWER_58",
      "execute": "SLOWER",
      "after": "1000",
      "priority": 0,
      "additionalGuards": null,
      "activationKind": null,
      "fixedVariables": {
        "Crash": "FALSE",
        "VehiclesAy": "{(EgoVehicle↦0.0),(Vehicles2↦0.0),(Vehicles3↦0.0),(Vehicles4↦0.0),(Vehicles5↦0.0)}",
        "Reward": "0.7485794388547671",
        "VehiclesAx": "{(EgoVehicle↦-3.76983642578125),(Vehicles2↦3.760805344209075),(Vehicles3↦3.783631455153227),(Vehicles4↦3.769940035417676),(Vehicles5↦3.766422178596258)}",
        "VehiclesVx": "{(EgoVehicle↦20.571730136871338),(Vehicles2↦0.03367147408425808),(Vehicles3↦0.2273283712565899),(Vehicles4↦0.12826760299503803),(Vehicles5↦-0.08775809779763222)}",
        "VehiclesY": "{(EgoVehicle↦8.000000238418579),(Vehicles2↦-4.0000001192092896),(Vehicles3↦0.0),(Vehicles4↦-8.000000238418579),(Vehicles5↦-4.0000001192092896)}",
        "VehiclesVy": "{(EgoVehicle↦0.0),(Vehicles2↦0.0),(Vehicles3↦0.0),(Vehicles4↦0.0),(Vehicles5↦0.0)}",
        "VehiclesX": "{(EgoVehicle↦200.0),(Vehicles2↦5.9808071702718735),(Vehicles3↦20.12128233909607),(Vehicles4↦51.22530460357666),(Vehicles5↦71.11847996711731)}"
      },
      "probabilisticVariables": null,
      "activating": [
        "IDLE_59"
      ],
      "activatingOnlyWhenExecuted": true,
      "updating": null,
      "withPredicate": null
    },
    {
      "id": "IDLE_59",
      "execute": "IDLE",
      "after": "1000",
      "priority": 0,
      "additionalGuards": null,
      "activationKind": null,
      "fixedVariables": {
        "Crash": "FALSE",
        "VehiclesAy": "{(EgoVehicle↦0.0),(Vehicles2↦0.0),(Vehicles3↦0.0),(Vehicles4↦0.0),(Vehicles5↦0.0)}",
        "Reward": "0.7353410509328637",
        "VehiclesAx": "{(EgoVehicle↦-0.49643993377685547),(Vehicles2↦0.4878223780542612),(Vehicles3↦0.5099098570644855),(Vehicles4↦0.496591879054904),(Vehicles5↦0.4934772290289402)}",
        "VehiclesVx": "{(EgoVehicle↦20.075290203094482),(Vehicles2↦0.5214938521385193),(Vehicles3↦0.7372382283210754),(Vehicles4↦0.624859482049942),(Vehicles5↦0.405719131231308)}",
        "VehiclesY": "{(EgoVehicle↦8.000000238418579),(Vehicles2↦-4.0000001192092896),(Vehicles3↦0.0),(Vehicles4↦-8.000000238418579),(Vehicles5↦-4.0000001192092896)}",
        "VehiclesVy": "{(EgoVehicle↦0.0),(Vehicles2↦0.0),(Vehicles3↦0.0),(Vehicles4↦0.0),(Vehicles5↦0.0)}",
        "VehiclesX": "{(EgoVehicle↦200.0),(Vehicles2↦6.284863501787186),(Vehicles3↦20.627889037132263),(Vehicles4↦51.627492904663086),(Vehicles5↦71.3033676147461)}"
      },
      "probabilisticVariables": null,
      "activating": [
        "IDLE_60"
      ],
      "activatingOnlyWhenExecuted": true,
      "updating": null,
      "withPredicate": null
    },
    {
      "id": "IDLE_60",
      "execute": "IDLE",
      "after": "1000",
      "priority": 0,
      "additionalGuards": null,
      "activationKind": null,
      "fixedVariables": {
        "Crash": "FALSE",
        "VehiclesAy": "{(EgoVehicle↦0.0),(Vehicles2↦0.0),(Vehicles3↦0.0),(Vehicles4↦0.0),(Vehicles5↦0.0)}",
        "Reward": "0.7335977241283332",
        "VehiclesAx": "{(EgoVehicle↦-0.06537437438964844),(Vehicles2↦0.057176314294338226),(Vehicles3↦0.07853202521800995),(Vehicles4↦0.0655771791934967),(Vehicles5↦0.06284236907958984)}",
        "VehiclesVx": "{(EgoVehicle↦20.009915828704834),(Vehicles2↦0.5786701664328575),(Vehicles3↦0.8157702535390854),(Vehicles4↦0.6904366612434387),(Vehicles5↦0.4685615003108978)}",
        "VehiclesY": "{(EgoVehicle↦8.000000238418579),(Vehicles2↦-4.0000001192092896),(Vehicles3↦-1.3322676295501878E-15),(Vehicles4↦-8.000000238418579),(Vehicles5↦-4.0000001192092896)}",
        "VehiclesVy": "{(EgoVehicle↦0.0),(Vehicles2↦0.0),(Vehicles3↦0.0),(Vehicles4↦0.0),(Vehicles5↦0.0)}",
        "VehiclesX": "{(EgoVehicle↦200.0),(Vehicles2↦6.8391092121601105),(Vehicles3↦21.40647917985916),(Vehicles4↦52.28849649429321),(Vehicles5↦71.74410820007324)}"
      },
      "probabilisticVariables": null,
      "activating": [
        "IDLE_61"
      ],
      "activatingOnlyWhenExecuted": true,
      "updating": null,
      "withPredicate": null
    },
    {
      "id": "IDLE_61",
      "execute": "IDLE",
      "after": "1000",
      "priority": 0,
      "additionalGuards": null,
      "activationKind": null,
      "fixedVariables": {
        "Crash": "FALSE",
        "VehiclesAy": "{(EgoVehicle↦0.0),(Vehicles2↦0.0),(Vehicles3↦0.0),(Vehicles4↦0.0),(Vehicles5↦0.0)}",
        "Reward": "0.733368150228148",
        "VehiclesAx": "{(EgoVehicle↦-0.008609294891357422),(Vehicles2↦0.0008310005068778992),(Vehicles3↦0.02146303653717041),(Vehicles4↦0.008861720561981201),(Vehicles5↦0.006483718752861023)}",
        "VehiclesVx": "{(EgoVehicle↦20.001306533813477),(Vehicles2↦0.5795011669397354),(Vehicles3↦0.8372332900762558),(Vehicles4↦0.6992983818054199),(Vehicles5↦0.47504521906375885)}",
        "VehiclesY": "{(EgoVehicle↦8.000000238418579),(Vehicles2↦-4.0000001192092896),(Vehicles3↦-1.3322676295501878E-15),(Vehicles4↦-8.000000238418579),(Vehicles5↦-4.0000001192092896)}",
        "VehiclesVy": "{(EgoVehicle↦0.0),(Vehicles2↦0.0),(Vehicles3↦0.0),(Vehicles4↦0.0),(Vehicles5↦0.0)}",
        "VehiclesX": "{(EgoVehicle↦200.0),(Vehicles2↦7.419383525848389),(Vehicles3↦22.232164442539215),(Vehicles4↦52.98377871513367),(Vehicles5↦72.21653461456299)}"
      },
      "probabilisticVariables": null,
      "activating": null,
      "activatingOnlyWhenExecuted": true,
      "updating": null,
      "withPredicate": null
    }
  ],
  "listeners": [],
  "metadata": {
    "fileType": "Timed_Trace",
    "formatVersion": 3,
    "savedAt": "2023-08-15T11:29:37.866251Z",
    "creator": "Simulation: MONTE_CARLO_SIMULATION; MAX_STEPS_BEFORE_PROPERTY : 0, EXECUTIONS : 1000, ENDING_TIME : 60000",
    "proB2KernelVersion": "4.12.2",
    "proBCliVersion": "1.12.2-final",
    "modelName": "HighwayEnvironment"
  }
}