{
  "variables": {},
  "activations": [
    {
      "id": "$setup_constants",
      "execute": "$setup_constants",
      "after": "0",
      "priority": 0,
      "additionalGuards": null,
      "activationKind": null,
      "fixedVariables": null,
      "probabilisticVariables": null,
      "activating": null,
      "activatingOnlyWhenExecuted": true,
      "updating": null,
      "withPredicate": null
    },
    {
      "id": "$initialise_machine",
      "execute": "$initialise_machine",
      "after": "0",
      "priority": 0,
      "additionalGuards": null,
      "activationKind": null,
      "fixedVariables": {
        "Crash": "FALSE",
        "VehiclesAy": "{(EgoVehicle↦0.0),(Vehicles2↦0.0),(Vehicles3↦0.0),(Vehicles4↦0.0),(Vehicles5↦0.0)}",
        "Reward": "0.0",
        "VehiclesAx": "{(EgoVehicle↦0.0),(Vehicles2↦0.0),(Vehicles3↦0.0),(Vehicles4↦0.0),(Vehicles5↦0.0)}",
        "VehiclesVx": "{(EgoVehicle↦25.0),(Vehicles2↦-3.45517635345459),(Vehicles3↦-1.6806405782699585),(Vehicles4↦-3.982425332069397),(Vehicles5↦-1.6468656063079834)}",
        "VehiclesY": "{(EgoVehicle↦0.0),(Vehicles2↦0.0),(Vehicles3↦4.0000001192092896),(Vehicles4↦4.0000001192092896),(Vehicles5↦0.0)}",
        "VehiclesVy": "{(EgoVehicle↦0.0),(Vehicles2↦0.0),(Vehicles3↦0.0),(Vehicles4↦0.0),(Vehicles5↦0.0)}",
        "VehiclesX": "{(EgoVehicle↦152.60119438171387),(Vehicles2↦23.33959937095642),(Vehicles3↦48.590004444122314),(Vehicles4↦70.57034969329834),(Vehicles5↦94.16651129722595)}"
      },
      "probabilisticVariables": null,
      "activating": [
        "LANE_RIGHT_2"
      ],
      "activatingOnlyWhenExecuted": true,
      "updating": null,
      "withPredicate": null
    },
    {
      "id": "LANE_RIGHT_2",
      "execute": "LANE_RIGHT",
      "after": "1000",
      "priority": 0,
      "additionalGuards": null,
      "activationKind": null,
      "fixedVariables": {
        "Crash": "FALSE",
        "VehiclesAy": "{(EgoVehicle↦1.0796338319778442),(Vehicles2↦-1.0796338319778442),(Vehicles3↦2.1344926953315735),(Vehicles4↦-1.0796338319778442),(Vehicles5↦-1.0796338319778442)}",
        "Reward": "0.8327113850086175",
        "VehiclesAx": "{(EgoVehicle↦-0.023322105407714844),(Vehicles2↦-0.8416947722434998),(Vehicles3↦-6.215108036994934),(Vehicles4↦-0.20269691944122314),(Vehicles5↦-5.128145217895508)}",
        "VehiclesVx": "{(EgoVehicle↦24.976677894592285),(Vehicles2↦-4.29687112569809),(Vehicles3↦-7.895748615264893),(Vehicles4↦-4.18512225151062),(Vehicles5↦-6.775010824203491)}",
        "VehiclesY": "{(EgoVehicle↦3.6599650382995605),(Vehicles2↦-3.6599650382995605),(Vehicles3↦3.0725895166397095),(Vehicles4↦0.3400348797440529),(Vehicles5↦-3.6599650382995605)}",
        "VehiclesVy": "{(EgoVehicle↦1.0796338319778442),(Vehicles2↦-1.0796338319778442),(Vehicles3↦2.1344926953315735),(Vehicles4↦-1.0796338319778442),(Vehicles5↦-1.0796338319778442)}",
        "VehiclesX": "{(EgoVehicle↦177.2814393043518),(Vehicles2↦19.865405559539795),(Vehicles3↦44.49848532676697),(Vehicles4↦66.8045699596405),(Vehicles5↦90.49345850944519)}"
      },
      "probabilisticVariables": null,
      "activating": [
        "LANE_RIGHT_3"
      ],
      "activatingOnlyWhenExecuted": true,
      "updating": null,
      "withPredicate": null
    },
    {
      "id": "LANE_RIGHT_3",
      "execute": "LANE_RIGHT",
      "after": "1000",
      "priority": 0,
      "additionalGuards": null,
      "activationKind": null,
      "fixedVariables": {
        "Crash": "FALSE",
        "VehiclesAy": "{(EgoVehicle↦0.037668049335479736),(Vehicles2↦-0.037668049335479736),(Vehicles3↦-2.968082055449486),(Vehicles4↦-0.037668049335479736),(Vehicles5↦-2.196935713291168)}",
        "Reward": "0.8660005399738949",
        "VehiclesAx": "{(EgoVehicle↦-0.0016570091247558594),(Vehicles2↦-0.7480588555335999),(Vehicles3↦1.7474627494812012),(Vehicles4↦-1.0596013069152832),(Vehicles5↦-1.156027913093567)}",
        "VehiclesVx": "{(EgoVehicle↦24.97502088546753),(Vehicles2↦-5.0449299812316895),(Vehicles3↦-6.148285865783691),(Vehicles4↦-5.244723558425903),(Vehicles5↦-7.931038737297058)}",
        "VehiclesY": "{(EgoVehicle↦7.648639440536499),(Vehicles2↦-7.648639440536499),(Vehicles3↦0.2526025101542473),(Vehicles4↦-3.6486393213272095),(Vehicles5↦-7.648639440536499)}",
        "VehiclesVy": "{(EgoVehicle↦1.117301881313324),(Vehicles2↦-1.117301881313324),(Vehicles3↦-0.8335893601179123),(Vehicles4↦-1.117301881313324),(Vehicles5↦-1.117301881313324)}",
        "VehiclesX": "{(EgoVehicle↦200.0),(Vehicles2↦15.60136079788208),(Vehicles3↦37.7703070640564),(Vehicles4↦62.459373474121094),(Vehicles5↦83.44134092330933)}"
      },
      "probabilisticVariables": null,
      "activating": [
        "FASTER_4"
      ],
      "activatingOnlyWhenExecuted": true,
      "updating": null,
      "withPredicate": null
    },
    {
      "id": "FASTER_4",
      "execute": "FASTER",
      "after": "1000",
      "priority": 0,
      "additionalGuards": null,
      "activationKind": null,
      "fixedVariables": {
        "Crash": "FALSE",
        "VehiclesAy": "{(EgoVehicle↦-1.0893604787997901),(Vehicles2↦1.0893604787997901),(Vehicles3↦0.8245988114504144),(Vehicles4↦1.0893604787997901),(Vehicles5↦-1.1452432838268578)}",
        "Reward": "0.9824413461860831",
        "VehiclesAx": "{(EgoVehicle↦4.3665289878845215),(Vehicles2↦-4.842052459716797),(Vehicles3↦-3.213323950767517),(Vehicles4↦-4.758228063583374),(Vehicles5↦-4.343132376670837)}",
        "VehiclesVx": "{(EgoVehicle↦29.34154987335205),(Vehicles2↦-9.886982440948486),(Vehicles3↦-9.361609816551208),(Vehicles4↦-10.002951622009277),(Vehicles5↦-12.274171113967896)}",
        "VehiclesY": "{(EgoVehicle↦7.99330472946167),(Vehicles2↦-7.99330472946167),(Vehicles3↦0.0002292376957484521),(Vehicles4↦-3.9933046102523804),(Vehicles5↦-7.99330472946167)}",
        "VehiclesVy": "{(EgoVehicle↦0.02794140251353383),(Vehicles2↦-0.02794140251353383),(Vehicles3↦-0.008990548667497933),(Vehicles4↦-0.02794140251353383),(Vehicles5↦-0.02794140251353383)}",
        "VehiclesX": "{(EgoVehicle↦200.0),(Vehicles2↦7.930835336446762),(Vehicles3↦29.702851176261902),(Vehicles4↦54.612720012664795),(Vehicles5↦73.0588436126709)}"
      },
      "probabilisticVariables": null,
      "activating": [
        "SLOWER_5"
      ],
      "activatingOnlyWhenExecuted": true,
      "updating": null,
      "withPredicate": null
    },
    {
      "id": "SLOWER_5",
      "execute": "SLOWER",
      "after": "1000",
      "priority": 0,
      "additionalGuards": null,
      "activationKind": null,
      "fixedVariables": {
        "Crash": "FALSE",
        "VehiclesAy": "{(EgoVehicle↦-0.027668506572808838),(Vehicles2↦0.027668506572808838),(Vehicles3↦0.009854291638475843),(Vehicles4↦0.027668506572808838),(Vehicles5↦-0.028214298454258824)}",
        "Reward": "0.8819127616788389",
        "VehiclesAx": "{(EgoVehicle↦-3.769822120666504),(Vehicles2↦3.494614362716675),(Vehicles3↦4.528551995754242),(Vehicles4↦3.627042770385742),(Vehicles5↦4.125185608863831)}",
        "VehiclesVx": "{(EgoVehicle↦25.571727752685547),(Vehicles2↦-6.3923680782318115),(Vehicles3↦-4.8330578207969666),(Vehicles4↦-6.375908851623535),(Vehicles5↦-8.148985505104065)}",
        "VehiclesY": "{(EgoVehicle↦7.999927997589111),(Vehicles2↦-7.999927997589111),(Vehicles3↦-0.0003110697361989878),(Vehicles4↦-3.9999282360076904),(Vehicles5↦-7.999927997589111)}",
        "VehiclesVy": "{(EgoVehicle↦0.0002728959407249931),(Vehicles2↦-0.0002728959407249931),(Vehicles3↦0.0008637429709779099),(Vehicles4↦-0.0002728959407249931),(Vehicles5↦-0.0002728959407249931)}",
        "VehiclesX": "{(EgoVehicle↦200.0),(Vehicles2↦0.0004914400051347911),(Vehicles3↦22.752153873443604),(Vehicles4↦46.61951661109924),(Vehicles5↦62.993597984313965)}"
      },
      "probabilisticVariables": null,
      "activating": [
        "SLOWER_6"
      ],
      "activatingOnlyWhenExecuted": true,
      "updating": null,
      "withPredicate": null
    },
    {
      "id": "SLOWER_6",
      "execute": "SLOWER",
      "after": "1000",
      "priority": 0,
      "additionalGuards": null,
      "activationKind": null,
      "fixedVariables": {
        "Crash": "FALSE",
        "VehiclesAy": "{(EgoVehicle↦-0.0002651913638374026),(Vehicles2↦0.0002651913638374026),(Vehicles3↦-0.0008079292865659227),(Vehicles4↦0.0002651913638374026),(Vehicles5↦-0.00028060051761258364)}",
        "Reward": "0.7528993485937838",
        "VehiclesAx": "{(EgoVehicle↦-4.838001728057861),(Vehicles2↦4.694578647613525),(Vehicles3↦5.299268439412117),(Vehicles4↦4.80754628777504),(Vehicles5↦5.273210406303406)}",
        "VehiclesVx": "{(EgoVehicle↦20.733726024627686),(Vehicles2↦-1.6977894306182861),(Vehicles3↦0.46621061861515045),(Vehicles4↦-1.5683625638484955),(Vehicles5↦-2.875775098800659)}",
        "VehiclesY": "{(EgoVehicle↦7.99999737739563),(Vehicles2↦-7.99999737739563),(Vehicles3↦-1.8565424397820607E-05),(Vehicles4↦-3.9999972581863403),(Vehicles5↦-7.99999737739563)}",
        "VehiclesVy": "{(EgoVehicle↦7.70457688759052E-06),(Vehicles2↦-7.70457688759052E-06),(Vehicles3↦5.58136844119872E-05),(Vehicles4↦-7.70457688759052E-06),(Vehicles5↦-7.70457688759052E-06)}",
        "VehiclesX": "{(EgoVehicle↦200.0),(Vehicles2↦-3.7887122482061386),(Vehicles3↦20.792420208454132),(Vehicles4↦42.89448857307434),(Vehicles5↦57.686299085617065)}"
      },
      "probabilisticVariables": null,
      "activating": [
        "LANE_RIGHT_7"
      ],
      "activatingOnlyWhenExecuted": true,
      "updating": null,
      "withPredicate": null
    },
    {
      "id": "LANE_RIGHT_7",
      "execute": "LANE_RIGHT",
      "after": "1000",
      "priority": 0,
      "additionalGuards": null,
      "activationKind": null,
      "fixedVariables": {
        "Crash": "FALSE",
        "VehiclesAy": "{(EgoVehicle↦-7.237250834180031E-06),(Vehicles2↦7.237250834180031E-06),(Vehicles3↦-5.287985857194144E-05),(Vehicles4↦7.237250834180031E-06),(Vehicles5↦-8.171902941001008E-06)}",
        "Reward": "0.7359099279355376",
        "VehiclesAx": "{(EgoVehicle↦-0.6371045112609863),(Vehicles2↦0.5786001682281494),(Vehicles3↦0.892837718129158),(Vehicles4↦0.6574224680662155),(Vehicles5↦1.0576160252094269)}",
        "VehiclesVx": "{(EgoVehicle↦20.0966215133667),(Vehicles2↦-1.1191892623901367),(Vehicles3↦1.3590483367443085),(Vehicles4↦-0.91094009578228),(Vehicles5↦-1.8181590735912323)}",
        "VehiclesY": "{(EgoVehicle↦7.999999523162842),(Vehicles2↦-7.999999523162842),(Vehicles3↦-9.698661074253323E-07),(Vehicles4↦-3.999999761581421),(Vehicles5↦-7.999999523162842)}",
        "VehiclesVy": "{(EgoVehicle↦4.673260534104884E-07),(Vehicles2↦-4.673260534104884E-07),(Vehicles3↦2.933825840045756E-06),(Vehicles4↦-4.673260534104884E-07),(Vehicles5↦-4.673260534104884E-07)}",
        "VehiclesX": "{(EgoVehicle↦200.0),(Vehicles2↦-5.163794383406639),(Vehicles3↦21.72560840845108),(Vehicles4↦41.68314337730408),(Vehicles5↦55.33329248428345)}"
      },
      "probabilisticVariables": null,
      "activating": [
        "LANE_RIGHT_8"
      ],
      "activatingOnlyWhenExecuted": true,
      "updating": null,
      "withPredicate": null
    },
    {
      "id": "LANE_RIGHT_8",
      "execute": "LANE_RIGHT",
      "after": "1000",
      "priority": 0,
      "additionalGuards": null,
      "activationKind": null,
      "fixedVariables": {
        "Crash": "FALSE",
        "VehiclesAy": "{(EgoVehicle↦-4.3829246010318457E-07),(Vehicles2↦4.3829245122140037E-07),(Vehicles3↦-2.7848808059616204E-06),(Vehicles4↦4.3829245122140037E-07),(Vehicles5↦-4.963596555995764E-07)}",
        "Reward": "0.7336726379723068",
        "VehiclesAx": "{(EgoVehicle↦-0.08389711380004883),(Vehicles2↦0.07895000278949738),(Vehicles3↦0.20624607801437378),(Vehicles4↦0.1256261020898819),(Vehicles5↦0.4553864896297455)}",
        "VehiclesVx": "{(EgoVehicle↦20.01272439956665),(Vehicles2↦-1.0402392596006393),(Vehicles3↦1.5652944147586823),(Vehicles4↦-0.7853139936923981),(Vehicles5↦-1.3627725839614868)}",
        "VehiclesY": "{(EgoVehicle↦8.000000238418579),(Vehicles2↦-8.000000238418579),(Vehicles3↦-4.906880235466815E-08),(Vehicles4↦-4.0000001192092896),(Vehicles5↦-8.000000238418579)}",
        "VehiclesVy": "{(EgoVehicle↦2.9033593307303818E-08),(Vehicles2↦-2.9033602189088015E-08),(Vehicles3↦1.4894503408413584E-07),(Vehicles4↦-2.9033602189088015E-08),(Vehicles5↦-2.9033602189088015E-08)}",
        "VehiclesX": "{(EgoVehicle↦200.0),(Vehicles2↦-6.242001429200172),(Vehicles3↦23.188239336013794),(Vehicles4↦40.83417356014252),(Vehicles5↦53.71450185775757)}"
      },
      "probabilisticVariables": null,
      "activating": [
        "LANE_RIGHT_9"
      ],
      "activatingOnlyWhenExecuted": true,
      "updating": null,
      "withPredicate": null
    },
    {
      "id": "LANE_RIGHT_9",
      "execute": "LANE_RIGHT",
      "after": "1000",
      "priority": 0,
      "additionalGuards": null,
      "activationKind": null,
      "fixedVariables": {
        "Crash": "FALSE",
        "VehiclesAy": "{(EgoVehicle↦-2.722746472727522E-08),(Vehicles2↦2.7227473609059416E-08),(Vehicles3↦-1.415305028729108E-07),(Vehicles4↦2.7227473609059416E-08),(Vehicles5↦-3.0839730769116613E-08)}",
        "Reward": "0.7333780154257085",
        "VehiclesAx": "{(EgoVehicle↦-0.011048316955566406),(Vehicles2↦0.03871455788612366),(Vehicles3↦0.05030199885368347),(Vehicles4↦0.06029181182384491),(Vehicles5↦0.32547272741794586)}",
        "VehiclesVx": "{(EgoVehicle↦20.001676082611084),(Vehicles2↦-1.0015247017145157),(Vehicles3↦1.6155964136123657),(Vehicles4↦-0.7250221818685532),(Vehicles5↦-1.037299856543541)}",
        "VehiclesY": "{(EgoVehicle↦8.000000238418579),(Vehicles2↦-8.000000238418579),(Vehicles3↦-2.4372117657378567E-09),(Vehicles4↦-4.0000001192092896),(Vehicles5↦-8.000000238418579)}",
        "VehiclesVy": "{(EgoVehicle↦1.8061285800285987E-09),(Vehicles2↦-1.8061285800285987E-09),(Vehicles3↦7.4145312112250394E-09),(Vehicles4↦-1.8061285800285987E-09),(Vehicles5↦-1.8061285800285987E-09)}",
        "VehiclesX": "{(EgoVehicle↦200.0),(Vehicles2↦-7.2670504450798035),(Vehicles3↦24.780452251434326),(Vehicles4↦40.07437527179718),(Vehicles5↦52.48812437057495)}"
      },
      "probabilisticVariables": null,
      "activating": [
        "LANE_RIGHT_10"
      ],
      "activatingOnlyWhenExecuted": true,
      "updating": null,
      "withPredicate": null
    },
    {
      "id": "LANE_RIGHT_10",
      "execute": "LANE_RIGHT",
      "after": "1000",
      "priority": 0,
      "additionalGuards": null,
      "activationKind": null,
      "fixedVariables": {
        "Crash": "FALSE",
        "VehiclesAy": "{(EgoVehicle↦-1.6937562463681388E-09),(Vehicles2↦1.6937473645839418E-09),(Vehicles3↦-7.050093842053684E-09),(Vehicles4↦1.6937473645839418E-09),(Vehicles5↦-1.9185097954732555E-09)}",
        "Reward": "0.7333392173948807",
        "VehiclesAx": "{(EgoVehicle↦-0.0014543533325195312),(Vehicles2↦0.04794612526893616),(Vehicles3↦-0.009786039590835571),(Vehicles4↦0.051887184381484985),(Vehicles5↦0.26211604475975037)}",
        "VehiclesVx": "{(EgoVehicle↦20.000221729278564),(Vehicles2↦-0.9535785764455795),(Vehicles3↦1.6058103740215302),(Vehicles4↦-0.6731349974870682),(Vehicles5↦-0.7751838117837906)}",
        "VehiclesY": "{(EgoVehicle↦8.000000238418579),(Vehicles2↦-8.000000238418579),(Vehicles3↦-1.1959899737234991E-10),(Vehicles4↦-4.0000001192092896),(Vehicles5↦-8.000000238418579)}",
        "VehiclesVy": "{(EgoVehicle↦1.1237233366045984E-10),(Vehicles2↦-1.1238121544465685E-10),(Vehicles3↦3.644373691713554E-10),(Vehicles4↦-1.1238121544465685E-10),(Vehicles5↦-1.1238121544465685E-10)}",
        "VehiclesX": "{(EgoVehicle↦200.0),(Vehicles2↦-8.250267803668976),(Vehicles3↦26.395440101623535),(Vehicles4↦39.370378851890564),(Vehicles5↦51.5599250793457)}"
      },
      "probabilisticVariables": null,
      "activating": [
        "FASTER_11"
      ],
      "activatingOnlyWhenExecuted": true,
      "updating": null,
      "withPredicate": null
    },
    {
      "id": "FASTER_11",
      "execute": "FASTER",
      "after": "1000",
      "priority": 0,
      "additionalGuards": null,
      "activationKind": null,
      "fixedVariables": {
        "Crash": "FALSE",
        "VehiclesAy": "{(EgoVehicle↦-1.0686562745831907E-10),(Vehicles2↦1.3160139644696756E-10),(Vehicles3↦-3.6993519358929916E-10),(Vehicles4↦1.0688339102671307E-10),(Vehicles5↦-1.1787903986260062E-10)}",
        "Reward": "0.8491091424827278",
        "VehiclesAx": "{(EgoVehicle↦4.341371059417725),(Vehicles2↦-1.8235231190919876),(Vehicles3↦-6.571375876665115),(Vehicles4↦-4.229089245200157),(Vehicles5↦-2.5828319042921066)}",
        "VehiclesVx": "{(EgoVehicle↦24.34159278869629),(Vehicles2↦-2.777101695537567),(Vehicles3↦-4.965565502643585),(Vehicles4↦-4.902224242687225),(Vehicles5↦-3.358015716075897)}",
        "VehiclesY": "{(EgoVehicle↦8.000000238418579),(Vehicles2↦-6.560085807905125E-12),(Vehicles3↦-4.0000001192092896),(Vehicles4↦-8.000000238418579),(Vehicles5↦-8.000000238418579)}",
        "VehiclesVy": "{(EgoVehicle↦5.5067062021407764E-12),(Vehicles2↦1.922018100231071E-11),(Vehicles3↦-5.497824417943775E-12),(Vehicles4↦-5.497824417943775E-12),(Vehicles5↦-5.497824417943775E-12)}",
        "VehiclesX": "{(EgoVehicle↦200.0),(Vehicles2↦25.591525435447693),(Vehicles3↦36.322036385536194),(Vehicles4↦48.47889244556427),(Vehicles5↦101.2905478477478)}"
      },
      "probabilisticVariables": null,
      "activating": [
        "SLOWER_12"
      ],
      "activatingOnlyWhenExecuted": true,
      "updating": null,
      "withPredicate": null
    },
    {
      "id": "SLOWER_12",
      "execute": "SLOWER",
      "after": "1000",
      "priority": 0,
      "additionalGuards": null,
      "activationKind": null,
      "fixedVariables": {
        "Crash": "FALSE",
        "VehiclesAy": "{(EgoVehicle↦-5.275779813018744E-12),(Vehicles2↦-1.8172130467064562E-11),(Vehicles3↦5.266898028821743E-12),(Vehicles4↦5.266898028821743E-12),(Vehicles5↦-5.728750807065808E-12)}",
        "Reward": "0.7485795304229655",
        "VehiclesAx": "{(EgoVehicle↦-3.76986026763916),(Vehicles2↦3.7102044373750687),(Vehicles3↦3.8163333386182785),(Vehicles4↦3.946010172367096),(Vehicles5↦3.751811273396015)}",
        "VehiclesVx": "{(EgoVehicle↦20.57173252105713),(Vehicles2↦0.9331027418375015),(Vehicles3↦-1.1492321640253067),(Vehicles4↦-0.9562140703201294),(Vehicles5↦0.39379555732011795)}",
        "VehiclesY": "{(EgoVehicle↦8.000000238418579),(Vehicles2↦-3.517186542012496E-13),(Vehicles3↦-4.0000001192092896),(Vehicles4↦-8.000000238418579),(Vehicles5↦-8.000000238418579)}",
        "VehiclesVy": "{(EgoVehicle↦2.3092638912203256E-13),(Vehicles2↦1.0480505352461478E-12),(Vehicles3↦-2.3092638912203256E-13),(Vehicles4↦-2.3092638912203256E-13),(Vehicles5↦-2.3092638912203256E-13)}",
        "VehiclesX": "{(EgoVehicle↦200.0),(Vehicles2↦24.87134039402008),(Vehicles3↦33.45495164394379),(Vehicles4↦45.72954475879669),(Vehicles5↦100.00486373901367)}"
      },
      "probabilisticVariables": null,
      "activating": [
        "SLOWER_13"
      ],
      "activatingOnlyWhenExecuted": true,
      "updating": null,
      "withPredicate": null
    },
    {
      "id": "SLOWER_13",
      "execute": "SLOWER",
      "after": "1000",
      "priority": 0,
      "additionalGuards": null,
      "activationKind": null,
      "fixedVariables": {
        "Crash": "FALSE",
        "VehiclesAy": "{(EgoVehicle↦-2.1316282072803006E-13),(Vehicles2↦-9.947598300641403E-13),(Vehicles3↦2.1316282072803006E-13),(Vehicles4↦2.1316282072803006E-13),(Vehicles5↦-2.4868995751603507E-13)}",
        "Reward": "0.7353410629912273",
        "VehiclesAx": "{(EgoVehicle↦-0.4964423179626465),(Vehicles2↦0.42593590915203094),(Vehicles3↦0.5402198061347008),(Vehicles4↦0.6418116018176079),(Vehicles5↦0.47968465834856033)}",
        "VehiclesVx": "{(EgoVehicle↦20.075290203094482),(Vehicles2↦1.3590386509895325),(Vehicles3↦-0.6090123578906059),(Vehicles4↦-0.3144024685025215),(Vehicles5↦0.8734802156686783)}",
        "VehiclesY": "{(EgoVehicle↦8.000000238418579),(Vehicles2↦-1.7319479184152442E-14),(Vehicles3↦-4.0000001192092896),(Vehicles4↦-8.000000238418579),(Vehicles5↦-8.000000238418579)}",
        "VehiclesVy": "{(EgoVehicle↦1.7763568394002505E-14),(Vehicles2↦5.3290705182007514E-14),(Vehicles3↦-1.7763568394002505E-14),(Vehicles4↦-1.7763568394002505E-14),(Vehicles5↦-1.7763568394002505E-14)}",
        "VehiclesX": "{(EgoVehicle↦200.0),(Vehicles2↦26.05077028274536),(Vehicles3↦32.597312331199646),(Vehicles4↦45.10754346847534),(Vehicles5↦100.66574811935425)}"
      },
      "probabilisticVariables": null,
      "activating": [
        "SLOWER_14"
      ],
      "activatingOnlyWhenExecuted": true,
      "updating": null,
      "withPredicate": null
    },
    {
      "id": "SLOWER_14",
      "execute": "SLOWER",
      "after": "1000",
      "priority": 0,
      "additionalGuards": null,
      "activationKind": null,
      "fixedVariables": {
        "Crash": "FALSE",
        "VehiclesAy": "{(EgoVehicle↦-1.7763568394002505E-14),(Vehicles2↦-5.3290705182007514E-14),(Vehicles3↦1.7763568394002505E-14),(Vehicles4↦1.7763568394002505E-14),(Vehicles5↦-1.7763568394002505E-14)}",
        "Reward": "0.7335977257162658",
        "VehiclesAx": "{(EgoVehicle↦-0.06537437438964844),(Vehicles2↦-0.011629760265350342),(Vehicles3↦0.10653477162122726),(Vehicles4↦0.1861428376287222),(Vehicles5↦0.04930824041366577)}",
        "VehiclesVx": "{(EgoVehicle↦20.009915828704834),(Vehicles2↦1.3474088907241821),(Vehicles3↦-0.5024775862693787),(Vehicles4↦-0.12825963087379932),(Vehicles5↦0.922788456082344)}",
        "VehiclesY": "{(EgoVehicle↦8.000000238418579),(Vehicles2↦0.0),(Vehicles3↦-4.0000001192092896),(Vehicles4↦-8.000000238418579),(Vehicles5↦-8.000000238418579)}",
        "VehiclesVy": "{(EgoVehicle↦0.0),(Vehicles2↦0.0),(Vehicles3↦0.0),(Vehicles4↦0.0),(Vehicles5↦0.0)}",
        "VehiclesX": "{(EgoVehicle↦200.0),(Vehicles2↦27.41546630859375),(Vehicles3↦32.04103112220764),(Vehicles4↦44.87926363945007),(Vehicles5↦101.56881809234619)}"
      },
      "probabilisticVariables": null,
      "activating": [
        "SLOWER_15"
      ],
      "activatingOnlyWhenExecuted": true,
      "updating": null,
      "withPredicate": null
    },
    {
      "id": "SLOWER_15",
      "execute": "SLOWER",
      "after": "1000",
      "priority": 0,
      "additionalGuards": null,
      "activationKind": null,
      "fixedVariables": {
        "Crash": "FALSE",
        "VehiclesAy": "{(EgoVehicle↦0.0),(Vehicles2↦0.0),(Vehicles3↦0.0),(Vehicles4↦0.0),(Vehicles5↦0.0)}",
        "Reward": "0.7333681504372587",
        "VehiclesAx": "{(EgoVehicle↦-0.008609294891357422),(Vehicles2↦-0.07222354412078857),(Vehicles3↦0.04733189940452576),(Vehicles4↦0.10971424402669072),(Vehicles5↦-0.00713936984539032)}",
        "VehiclesVx": "{(EgoVehicle↦20.001306533813477),(Vehicles2↦1.2751853466033936),(Vehicles3↦-0.4551456868648529),(Vehicles4↦-0.018545386847108603),(Vehicles5↦0.9156490862369537)}",
        "VehiclesY": "{(EgoVehicle↦8.000000238418579),(Vehicles2↦0.0),(Vehicles3↦-4.0000001192092896),(Vehicles4↦-8.000000238418579),(Vehicles5↦-8.000000238418579)}",
        "VehiclesVy": "{(EgoVehicle↦0.0),(Vehicles2↦0.0),(Vehicles3↦0.0),(Vehicles4↦0.0),(Vehicles5↦0.0)}",
        "VehiclesX": "{(EgoVehicle↦200.0),(Vehicles2↦28.73551845550537),(Vehicles3↦31.55897855758667),(Vehicles4↦44.79760229587555),(Vehicles5↦102.49004364013672)}"
      },
      "probabilisticVariables": null,
      "activating": [
        "SLOWER_16"
      ],
      "activatingOnlyWhenExecuted": true,
      "updating": null,
      "withPredicate": null
    },
    {
      "id": "SLOWER_16",
      "execute": "SLOWER",
      "after": "1000",
      "priority": 0,
      "additionalGuards": null,
      "activationKind": null,
      "fixedVariables": {
        "Crash": "FALSE",
        "VehiclesAy": "{(EgoVehicle↦0.0),(Vehicles2↦0.0),(Vehicles3↦0.0),(Vehicles4↦0.0),(Vehicles5↦0.0)}",
        "Reward": "0.7333379183017515",
        "VehiclesAx": "{(EgoVehicle↦-0.0011348724365234375),(Vehicles2↦-0.08180737495422363),(Vehicles3↦0.037619173526763916),(Vehicles4↦0.08643532870337367),(Vehicles5↦-0.014523491263389587)}",
        "VehiclesVx": "{(EgoVehicle↦20.000171661376953),(Vehicles2↦1.19337797164917),(Vehicles3↦-0.417526513338089),(Vehicles4↦0.06788994185626507),(Vehicles5↦0.9011255949735641)}",
        "VehiclesY": "{(EgoVehicle↦8.000000238418579),(Vehicles2↦0.0),(Vehicles3↦-4.0000001192092896),(Vehicles4↦-8.000000238418579),(Vehicles5↦-8.000000238418579)}",
        "VehiclesVy": "{(EgoVehicle↦0.0),(Vehicles2↦0.0),(Vehicles3↦0.0),(Vehicles4↦0.0),(Vehicles5↦0.0)}",
        "VehiclesX": "{(EgoVehicle↦200.0),(Vehicles2↦29.978269338607788),(Vehicles3↦31.119224429130554),(Vehicles4↦44.81493532657623),(Vehicles5↦103.40006351470947)}"
      },
      "probabilisticVariables": null,
      "activating": [
        "IDLE_17"
      ],
      "activatingOnlyWhenExecuted": true,
      "updating": null,
      "withPredicate": null
    },
    {
      "id": "IDLE_17",
      "execute": "IDLE",
      "after": "1000",
      "priority": 0,
      "additionalGuards": null,
      "activationKind": null,
      "fixedVariables": {
        "Crash": "FALSE",
        "VehiclesAy": "{(EgoVehicle↦0.0),(Vehicles2↦0.0),(Vehicles3↦0.0),(Vehicles4↦0.0),(Vehicles5↦0.0)}",
        "Reward": "0.7333339371151827",
        "VehiclesAx": "{(EgoVehicle↦-0.00015020370483398438),(Vehicles2↦-1.576319895684719),(Vehicles3↦1.527194082736969),(Vehicles4↦0.07263259962201118),(Vehicles5↦-0.015550777316093445)}",
        "VehiclesVx": "{(EgoVehicle↦20.00002145767212),(Vehicles2↦-0.38294192403554916),(Vehicles3↦1.10966756939888),(Vehicles4↦0.14052254147827625),(Vehicles5↦0.8855748176574707)}",
        "VehiclesY": "{(EgoVehicle↦8.000000238418579),(Vehicles2↦-4.0000001192092896),(Vehicles3↦0.0),(Vehicles4↦-8.000000238418579),(Vehicles5↦-8.000000238418579)}",
        "VehiclesVy": "{(EgoVehicle↦0.0),(Vehicles2↦0.0),(Vehicles3↦0.0),(Vehicles4↦0.0),(Vehicles5↦0.0)}",
        "VehiclesX": "{(EgoVehicle↦200.0),(Vehicles2↦30.715709924697876),(Vehicles3↦31.13822042942047),(Vehicles4↦44.91282403469086),(Vehicles5↦104.2949914932251)}"
      },
      "probabilisticVariables": null,
      "activating": [
        "IDLE_18"
      ],
      "activatingOnlyWhenExecuted": true,
      "updating": null,
      "withPredicate": null
    },
    {
      "id": "IDLE_18",
      "execute": "IDLE",
      "after": "1000",
      "priority": 0,
      "additionalGuards": null,
      "activationKind": null,
      "fixedVariables": {
        "Crash": "FALSE",
        "VehiclesAy": "{(EgoVehicle↦0.0),(Vehicles2↦0.0),(Vehicles3↦0.0),(Vehicles4↦0.0),(Vehicles5↦0.0)}",
        "Reward": "0.7333334128437002",
        "VehiclesAx": "{(EgoVehicle↦-1.9073486328125E-05),(Vehicles2↦0.03257088363170624),(Vehicles3↦-0.08386097848415375),(Vehicles4↦0.061990050598978996),(Vehicles5↦-0.015797391533851624)}",
        "VehiclesVx": "{(EgoVehicle↦20.00000238418579),(Vehicles2↦-0.3503710404038429),(Vehicles3↦1.0258065909147263),(Vehicles4↦0.20251259207725525),(Vehicles5↦0.8697774261236191)}",
        "VehiclesY": "{(EgoVehicle↦8.000000238418579),(Vehicles2↦-4.0000001192092896),(Vehicles3↦0.0),(Vehicles4↦-8.000000238418579),(Vehicles5↦-8.000000238418579)}",
        "VehiclesVy": "{(EgoVehicle↦0.0),(Vehicles2↦0.0),(Vehicles3↦0.0),(Vehicles4↦0.0),(Vehicles5↦0.0)}",
        "VehiclesX": "{(EgoVehicle↦200.0),(Vehicles2↦30.345943570137024),(Vehicles3↦32.214316725730896),(Vehicles4↦45.078909397125244),(Vehicles5↦105.1742672920227)}"
      },
      "probabilisticVariables": null,
      "activating": [
        "IDLE_19"
      ],
      "activatingOnlyWhenExecuted": true,
      "updating": null,
      "withPredicate": null
    },
    {
      "id": "IDLE_19",
      "execute": "IDLE",
      "after": "1000",
      "priority": 0,
      "additionalGuards": null,
      "activationKind": null,
      "fixedVariables": {
        "Crash": "FALSE",
        "VehiclesAy": "{(EgoVehicle↦0.0),(Vehicles2↦0.0),(Vehicles3↦0.0),(Vehicles4↦0.0),(Vehicles5↦0.0)}",
        "Reward": "0.7333333438038343",
        "VehiclesAx": "{(EgoVehicle↦-2.384185791015625E-06),(Vehicles2↦0.03081534057855606),(Vehicles3↦-0.0831642746925354),(Vehicles4↦0.05324743688106537),(Vehicles5↦-0.01596607267856598)}",
        "VehiclesVx": "{(EgoVehicle↦20.0),(Vehicles2↦-0.31955569982528687),(Vehicles3↦0.9426423162221909),(Vehicles4↦0.2557600289583206),(Vehicles5↦0.8538113534450531)}",
        "VehiclesY": "{(EgoVehicle↦8.000000238418579),(Vehicles2↦-4.0000001192092896),(Vehicles3↦0.0),(Vehicles4↦-8.000000238418579),(Vehicles5↦-8.000000238418579)}",
        "VehiclesVy": "{(EgoVehicle↦0.0),(Vehicles2↦0.0),(Vehicles3↦0.0),(Vehicles4↦0.0),(Vehicles5↦0.0)}",
        "VehiclesX": "{(EgoVehicle↦200.0),(Vehicles2↦30.00803291797638),(Vehicles3↦33.206772804260254),(Vehicles4↦45.303359627723694),(Vehicles5↦106.03766441345215)}"
      },
      "probabilisticVariables": null,
      "activating": [
        "IDLE_20"
      ],
      "activatingOnlyWhenExecuted": true,
      "updating": null,
      "withPredicate": null
    },
    {
      "id": "IDLE_20",
      "execute": "IDLE",
      "after": "1000",
      "priority": 0,
      "additionalGuards": null,
      "activationKind": null,
      "fixedVariables": {
        "Crash": "FALSE",
        "VehiclesAy": "{(EgoVehicle↦0.0),(Vehicles2↦0.0),(Vehicles3↦0.0),(Vehicles4↦0.0),(Vehicles5↦0.0)}",
        "Reward": "0.7333333347121647",
        "VehiclesAx": "{(EgoVehicle↦0.0),(Vehicles2↦0.02920251339673996),(Vehicles3↦-0.08181333541870117),(Vehicles4↦0.04591623321175575),(Vehicles5↦-0.01612849533557892)}",
        "VehiclesVx": "{(EgoVehicle↦20.0),(Vehicles2↦-0.2903531864285469),(Vehicles3↦0.8608289808034897),(Vehicles4↦0.30167626217007637),(Vehicles5↦0.8376828581094742)}",
        "VehiclesY": "{(EgoVehicle↦8.000000238418579),(Vehicles2↦-4.0000001192092896),(Vehicles3↦0.0),(Vehicles4↦-8.000000238418579),(Vehicles5↦-8.000000238418579)}",
        "VehiclesVy": "{(EgoVehicle↦0.0),(Vehicles2↦0.0),(Vehicles3↦0.0),(Vehicles4↦0.0),(Vehicles5↦0.0)}",
        "VehiclesX": "{(EgoVehicle↦200.0),(Vehicles2↦29.700282216072083),(Vehicles3↦34.116557240486145),(Vehicles4↦45.57802379131317),(Vehicles5↦106.88503980636597)}"
      },
      "probabilisticVariables": null,
      "activating": [
        "IDLE_21"
      ],
      "activatingOnlyWhenExecuted": true,
      "updating": null,
      "withPredicate": null
    },
    {
      "id": "IDLE_21",
      "execute": "IDLE",
      "after": "1000",
      "priority": 0,
      "additionalGuards": null,
      "activationKind": null,
      "fixedVariables": {
        "Crash": "FALSE",
        "VehiclesAy": "{(EgoVehicle↦0.0),(Vehicles2↦0.0),(Vehicles3↦0.0),(Vehicles4↦0.0),(Vehicles5↦0.0)}",
        "Reward": "0.7333333335149078",
        "VehiclesAx": "{(EgoVehicle↦0.0),(Vehicles2↦0.02770509570837021),(Vehicles3↦-0.07988527417182922),(Vehicles4↦0.039689596742391586),(Vehicles5↦-0.01627989113330841)}",
        "VehiclesVx": "{(EgoVehicle↦20.0),(Vehicles2↦-0.2626480907201767),(Vehicles3↦0.7809437066316605),(Vehicles4↦0.34136585891246796),(Vehicles5↦0.8214029669761658)}",
        "VehiclesY": "{(EgoVehicle↦8.000000238418579),(Vehicles2↦-4.0000001192092896),(Vehicles3↦0.0),(Vehicles4↦-8.000000238418579),(Vehicles5↦-8.000000238418579)}",
        "VehiclesVy": "{(EgoVehicle↦0.0),(Vehicles2↦0.0),(Vehicles3↦0.0),(Vehicles4↦0.0),(Vehicles5↦0.0)}",
        "VehiclesX": "{(EgoVehicle↦200.0),(Vehicles2↦29.42112684249878),(Vehicles3↦34.94525849819183),(Vehicles4↦45.89603543281555),(Vehicles5↦107.71622657775879)}"
      },
      "probabilisticVariables": null,
      "activating": [
        "IDLE_22"
      ],
      "activatingOnlyWhenExecuted": true,
      "updating": null,
      "withPredicate": null
    },
    {
      "id": "IDLE_22",
      "execute": "IDLE",
      "after": "1000",
      "priority": 0,
      "additionalGuards": null,
      "activationKind": null,
      "fixedVariables": {
        "Crash": "FALSE",
        "VehiclesAy": "{(EgoVehicle↦0.0),(Vehicles2↦0.0),(Vehicles3↦0.0),(Vehicles4↦0.0),(Vehicles5↦0.0)}",
        "Reward": "0.7333333333572445",
        "VehiclesAx": "{(EgoVehicle↦0.0),(Vehicles2↦0.0263097882270813),(Vehicles3↦-0.07743306457996368),(Vehicles4↦0.03434404730796814),(Vehicles5↦-0.016410276293754578)}",
        "VehiclesVx": "{(EgoVehicle↦20.0),(Vehicles2↦-0.2363383024930954),(Vehicles3↦0.7035106420516968),(Vehicles4↦0.3757099062204361),(Vehicles5↦0.8049926906824112)}",
        "VehiclesY": "{(EgoVehicle↦8.000000238418579),(Vehicles2↦-4.0000001192092896),(Vehicles3↦0.0),(Vehicles4↦-8.000000238418579),(Vehicles5↦-8.000000238418579)}",
        "VehiclesVy": "{(EgoVehicle↦0.0),(Vehicles2↦0.0),(Vehicles3↦0.0),(Vehicles4↦0.0),(Vehicles5↦0.0)}",
        "VehiclesX": "{(EgoVehicle↦200.0),(Vehicles2↦29.16911244392395),(Vehicles3↦35.69501042366028),(Vehicles4↦46.251535415649414),(Vehicles5↦108.5310697555542)}"
      },
      "probabilisticVariables": null,
      "activating": [
        "IDLE_23"
      ],
      "activatingOnlyWhenExecuted": true,
      "updating": null,
      "withPredicate": null
    },
    {
      "id": "IDLE_23",
      "execute": "IDLE",
      "after": "1000",
      "priority": 0,
      "additionalGuards": null,
      "activationKind": null,
      "fixedVariables": {
        "Crash": "FALSE",
        "VehiclesAy": "{(EgoVehicle↦0.0),(Vehicles2↦0.0),(Vehicles3↦0.0),(Vehicles4↦0.0),(Vehicles5↦0.0)}",
        "Reward": "0.7333333333364821",
        "VehiclesAx": "{(EgoVehicle↦0.0),(Vehicles2↦0.025006774812936783),(Vehicles3↦-0.07450677454471588),(Vehicles4↦0.029711350798606873),(Vehicles5↦-1.584811806678772)}",
        "VehiclesVx": "{(EgoVehicle↦20.0),(Vehicles2↦-0.21133152768015862),(Vehicles3↦0.6290038675069809),(Vehicles4↦0.40542125701904297),(Vehicles5↦-0.7798191159963608)}",
        "VehiclesY": "{(EgoVehicle↦8.000000238418579),(Vehicles2↦-4.0000001192092896),(Vehicles3↦0.0),(Vehicles4↦-8.000000238418579),(Vehicles5↦2.6645352591003757E-15)}",
        "VehiclesVy": "{(EgoVehicle↦0.0),(Vehicles2↦0.0),(Vehicles3↦0.0),(Vehicles4↦0.0),(Vehicles5↦0.0)}",
        "VehiclesX": "{(EgoVehicle↦200.0),(Vehicles2↦28.942877054214478),(Vehicles3↦36.36846840381622),(Vehicles4↦46.63947522640228),(Vehicles5↦109.11520719528198)}"
      },
      "probabilisticVariables": null,
      "activating": [
        "LANE_RIGHT_24"
      ],
      "activatingOnlyWhenExecuted": true,
      "updating": null,
      "withPredicate": null
    },
    {
      "id": "LANE_RIGHT_24",
      "execute": "LANE_RIGHT",
      "after": "1000",
      "priority": 0,
      "additionalGuards": null,
      "activationKind": null,
      "fixedVariables": {
        "Crash": "FALSE",
        "VehiclesAy": "{(EgoVehicle↦0.0),(Vehicles2↦0.0),(Vehicles3↦0.0),(Vehicles4↦0.0),(Vehicles5↦0.0)}",
        "Reward": "0.7333333333337481",
        "VehiclesAx": "{(EgoVehicle↦0.0),(Vehicles2↦0.02378806471824646),(Vehicles3↦-0.07115945219993591),(Vehicles4↦0.025662891566753387),(Vehicles5↦0.05221828818321228)}",
        "VehiclesVx": "{(EgoVehicle↦20.0),(Vehicles2↦-0.18754346296191216),(Vehicles3↦0.557844415307045),(Vehicles4↦0.43108414858579636),(Vehicles5↦-0.7276008278131485)}",
        "VehiclesY": "{(EgoVehicle↦8.000000238418579),(Vehicles2↦-4.0000001192092896),(Vehicles3↦0.0),(Vehicles4↦-8.000000238418579),(Vehicles5↦2.6645352591003757E-15)}",
        "VehiclesVy": "{(EgoVehicle↦0.0),(Vehicles2↦0.0),(Vehicles3↦0.0),(Vehicles4↦0.0),(Vehicles5↦0.0)}",
        "VehiclesX": "{(EgoVehicle↦200.0),(Vehicles2↦28.741154074668884),(Vehicles3↦36.96872591972351),(Vehicles4↦47.05546498298645),(Vehicles5↦108.35647583007812)}"
      },
      "probabilisticVariables": null,
      "activating": [
        "IDLE_25"
      ],
      "activatingOnlyWhenExecuted": true,
      "updating": null,
      "withPredicate": null
    },
    {
      "id": "IDLE_25",
      "execute": "IDLE",
      "after": "1000",
      "priority": 0,
      "additionalGuards": null,
      "activationKind": null,
      "fixedVariables": {
        "Crash": "FALSE",
        "VehiclesAy": "{(EgoVehicle↦0.0),(Vehicles2↦0.0),(Vehicles3↦0.0),(Vehicles4↦0.0),(Vehicles5↦0.0)}",
        "Reward": "0.733333333333388",
        "VehiclesAx": "{(EgoVehicle↦0.0),(Vehicles2↦0.02264687791466713),(Vehicles3↦-0.067448690533638),(Vehicles4↦0.022099539637565613),(Vehicles5↦0.04975929856300354)}",
        "VehiclesVx": "{(EgoVehicle↦20.0),(Vehicles2↦-0.16489658504724503),(Vehicles3↦0.490395724773407),(Vehicles4↦0.45318368822336197),(Vehicles5↦-0.677841529250145)}",
        "VehiclesY": "{(EgoVehicle↦8.000000238418579),(Vehicles2↦-4.0000001192092896),(Vehicles3↦0.0),(Vehicles4↦-8.000000238418579),(Vehicles5↦2.6645352591003757E-15)}",
        "VehiclesVy": "{(EgoVehicle↦0.0),(Vehicles2↦0.0),(Vehicles3↦0.0),(Vehicles4↦0.0),(Vehicles5↦0.0)}",
        "VehiclesX": "{(EgoVehicle↦200.0),(Vehicles2↦28.56275737285614),(Vehicles3↦37.49927878379822),(Vehicles4↦47.495657205581665),(Vehicles5↦107.64896869659424)}"
      },
      "probabilisticVariables": null,
      "activating": [
        "IDLE_26"
      ],
      "activatingOnlyWhenExecuted": true,
      "updating": null,
      "withPredicate": null
    },
    {
      "id": "IDLE_26",
      "execute": "IDLE",
      "after": "1000",
      "priority": 0,
      "additionalGuards": null,
      "activationKind": null,
      "fixedVariables": {
        "Crash": "FALSE",
        "VehiclesAy": "{(EgoVehicle↦0.0),(Vehicles2↦0.0),(Vehicles3↦0.0),(Vehicles4↦0.0),(Vehicles5↦0.0)}",
        "Reward": "0.7333333333333405",
        "VehiclesAx": "{(EgoVehicle↦0.0),(Vehicles2↦0.021577225998044014),(Vehicles3↦-0.06343714892864227),(Vehicles4↦0.018944069743156433),(Vehicles5↦0.047442689538002014)}",
        "VehiclesVx": "{(EgoVehicle↦20.0),(Vehicles2↦-0.143319359049201),(Vehicles3↦0.4269585758447647),(Vehicles4↦0.4721277579665184),(Vehicles5↦-0.6303988397121429)}",
        "VehiclesY": "{(EgoVehicle↦8.000000238418579),(Vehicles2↦-4.0000001192092896),(Vehicles3↦0.0),(Vehicles4↦-8.000000238418579),(Vehicles5↦2.6645352591003757E-15)}",
        "VehiclesVy": "{(EgoVehicle↦0.0),(Vehicles2↦0.0),(Vehicles3↦0.0),(Vehicles4↦0.0),(Vehicles5↦0.0)}",
        "VehiclesX": "{(EgoVehicle↦200.0),(Vehicles2↦28.406575322151184),(Vehicles3↦37.96396851539612),(Vehicles4↦47.95665740966797),(Vehicles5↦106.99028968811035)}"
      },
      "probabilisticVariables": null,
      "activating": [
        "IDLE_27"
      ],
      "activatingOnlyWhenExecuted": true,
      "updating": null,
      "withPredicate": null
    },
    {
      "id": "IDLE_27",
      "execute": "IDLE",
      "after": "1000",
      "priority": 0,
      "additionalGuards": null,
      "activationKind": null,
      "fixedVariables": {
        "Crash": "FALSE",
        "VehiclesAy": "{(EgoVehicle↦0.0),(Vehicles2↦0.0),(Vehicles3↦0.0),(Vehicles4↦0.0),(Vehicles5↦0.0)}",
        "Reward": "0.7333333333333343",
        "VehiclesAx": "{(EgoVehicle↦0.0),(Vehicles2↦0.02057388424873352),(Vehicles3↦-0.05919072777032852),(Vehicles4↦0.016135498881340027),(Vehicles5↦0.045262835919857025)}",
        "VehiclesVx": "{(EgoVehicle↦20.0),(Vehicles2↦-0.12274547480046749),(Vehicles3↦0.3677678480744362),(Vehicles4↦0.48826325684785843),(Vehicles5↦-0.5851360037922859)}",
        "VehiclesY": "{(EgoVehicle↦8.000000238418579),(Vehicles2↦-4.0000001192092896),(Vehicles3↦0.0),(Vehicles4↦-8.000000238418579),(Vehicles5↦2.6645352591003757E-15)}",
        "VehiclesVy": "{(EgoVehicle↦0.0),(Vehicles2↦0.0),(Vehicles3↦0.0),(Vehicles4↦0.0),(Vehicles5↦0.0)}",
        "VehiclesX": "{(EgoVehicle↦200.0),(Vehicles2↦28.271564841270447),(Vehicles3↦38.366904854774475),(Vehicles4↦48.435452580451965),(Vehicles5↦106.37816190719604)}"
      },
      "probabilisticVariables": null,
      "activating": [
        "LANE_RIGHT_28"
      ],
      "activatingOnlyWhenExecuted": true,
      "updating": null,
      "withPredicate": null
    },
    {
      "id": "LANE_RIGHT_28",
      "execute": "LANE_RIGHT",
      "after": "1000",
      "priority": 0,
      "additionalGuards": null,
      "activationKind": null,
      "fixedVariables": {
        "Crash": "FALSE",
        "VehiclesAy": "{(EgoVehicle↦0.0),(Vehicles2↦0.0),(Vehicles3↦0.0),(Vehicles4↦0.0),(Vehicles5↦0.0)}",
        "Reward": "0.7333333333333334",
        "VehiclesAx": "{(EgoVehicle↦0.0),(Vehicles2↦0.01963207498192787),(Vehicles3↦-0.05477681756019592),(Vehicles4↦0.013625435531139374),(Vehicles5↦0.04321303218603134)}",
        "VehiclesVx": "{(EgoVehicle↦20.0),(Vehicles2↦-0.10311339981853962),(Vehicles3↦0.31299103051424026),(Vehicles4↦0.5018886923789978),(Vehicles5↦-0.5419229716062546)}",
        "VehiclesY": "{(EgoVehicle↦8.000000238418579),(Vehicles2↦-4.0000001192092896),(Vehicles3↦0.0),(Vehicles4↦-8.000000238418579),(Vehicles5↦2.6645352591003757E-15)}",
        "VehiclesVy": "{(EgoVehicle↦0.0),(Vehicles2↦0.0),(Vehicles3↦0.0),(Vehicles4↦0.0),(Vehicles5↦0.0)}",
        "VehiclesX": "{(EgoVehicle↦200.0),(Vehicles2↦28.156742453575134),(Vehicles3↦38.71240317821503),(Vehicles4↦48.929354548454285),(Vehicles5↦105.81047534942627)}"
      },
      "probabilisticVariables": null,
      "activating": [
        "IDLE_29"
      ],
      "activatingOnlyWhenExecuted": true,
      "updating": null,
      "withPredicate": null
    },
    {
      "id": "IDLE_29",
      "execute": "IDLE",
      "after": "1000",
      "priority": 0,
      "additionalGuards": null,
      "activationKind": null,
      "fixedVariables": {
        "Crash": "FALSE",
        "VehiclesAy": "{(EgoVehicle↦0.0),(Vehicles2↦0.0),(Vehicles3↦0.0),(Vehicles4↦0.0),(Vehicles5↦0.0)}",
        "Reward": "0.7333333333333334",
        "VehiclesAx": "{(EgoVehicle↦0.0),(Vehicles2↦0.018747523427009583),(Vehicles3↦-0.050262268632650375),(Vehicles4↦0.011374875903129578),(Vehicles5↦0.041286200284957886)}",
        "VehiclesVx": "{(EgoVehicle↦20.0),(Vehicles2↦-0.08436587639153004),(Vehicles3↦0.2627287618815899),(Vehicles4↦0.5132635682821274),(Vehicles5↦-0.5006367713212967)}",
        "VehiclesY": "{(EgoVehicle↦8.000000238418579),(Vehicles2↦-4.0000001192092896),(Vehicles3↦0.0),(Vehicles4↦-8.000000238418579),(Vehicles5↦2.6645352591003757E-15)}",
        "VehiclesVy": "{(EgoVehicle↦0.0),(Vehicles2↦0.0),(Vehicles3↦0.0),(Vehicles4↦0.0),(Vehicles5↦0.0)}",
        "VehiclesX": "{(EgoVehicle↦200.0),(Vehicles2↦28.061199188232422),(Vehicles3↦39.00492489337921),(Vehicles4↦49.43596422672272),(Vehicles5↦105.28521537780762)}"
      },
      "probabilisticVariables": null,
      "activating": [
        "IDLE_30"
      ],
      "activatingOnlyWhenExecuted": true,
      "updating": null,
      "withPredicate": null
    },
    {
      "id": "IDLE_30",
      "execute": "IDLE",
      "after": "1000",
      "priority": 0,
      "additionalGuards": null,
      "activationKind": null,
      "fixedVariables": {
        "Crash": "FALSE",
        "VehiclesAy": "{(EgoVehicle↦0.0),(Vehicles2↦0.0),(Vehicles3↦0.0),(Vehicles4↦0.0),(Vehicles5↦0.0)}",
        "Reward": "0.7333333333333334",
        "VehiclesAx": "{(EgoVehicle↦0.0),(Vehicles2↦0.017916271463036537),(Vehicles3↦-0.0457112118601799),(Vehicles4↦0.009352155029773712),(Vehicles5↦0.03947511315345764)}",
        "VehiclesVx": "{(EgoVehicle↦20.0),(Vehicles2↦-0.0664496049284935),(Vehicles3↦0.21701755002141),(Vehicles4↦0.5226157233119011),(Vehicles5↦-0.46116165816783905)}",
        "VehiclesY": "{(EgoVehicle↦8.000000238418579),(Vehicles2↦-4.0000001192092896),(Vehicles3↦0.0),(Vehicles4↦-8.000000238418579),(Vehicles5↦2.6645352591003757E-15)}",
        "VehiclesVy": "{(EgoVehicle↦0.0),(Vehicles2↦0.0),(Vehicles3↦0.0),(Vehicles4↦0.0),(Vehicles5↦0.0)}",
        "VehiclesX": "{(EgoVehicle↦200.0),(Vehicles2↦27.98406183719635),(Vehicles3↦39.249005913734436),(Vehicles4↦49.953120946884155),(Vehicles5↦104.80051040649414)}"
      },
      "probabilisticVariables": null,
      "activating": [
        "IDLE_31"
      ],
      "activatingOnlyWhenExecuted": true,
      "updating": null,
      "withPredicate": null
    },
    {
      "id": "IDLE_31",
      "execute": "IDLE",
      "after": "1000",
      "priority": 0,
      "additionalGuards": null,
      "activationKind": null,
      "fixedVariables": {
        "Crash": "FALSE",
        "VehiclesAy": "{(EgoVehicle↦0.0),(Vehicles2↦0.0),(Vehicles3↦0.0),(Vehicles4↦0.0),(Vehicles5↦0.0)}",
        "Reward": "0.7333333333333334",
        "VehiclesAx": "{(EgoVehicle↦0.0),(Vehicles2↦0.017134705558419228),(Vehicles3↦-0.04118330776691437),(Vehicles4↦0.007531270384788513),(Vehicles5↦0.03777254372835159)}",
        "VehiclesVx": "{(EgoVehicle↦20.0),(Vehicles2↦-0.04931489937007427),(Vehicles3↦0.17583424225449562),(Vehicles4↦0.5301469936966896),(Vehicles5↦-0.42338911443948746)}",
        "VehiclesY": "{(EgoVehicle↦8.000000238418579),(Vehicles2↦-4.0000001192092896),(Vehicles3↦0.0),(Vehicles4↦-8.000000238418579),(Vehicles5↦2.6645352591003757E-15)}",
        "VehiclesVy": "{(EgoVehicle↦0.0),(Vehicles2↦0.0),(Vehicles3↦0.0),(Vehicles4↦0.0),(Vehicles5↦0.0)}",
        "VehiclesX": "{(EgoVehicle↦200.0),(Vehicles2↦27.92452871799469),(Vehicles3↦39.449191093444824),(Vehicles4↦50.4788875579834),(Vehicles5↦104.35458421707153)}"
      },
      "probabilisticVariables": null,
      "activating": [
        "IDLE_32"
      ],
      "activatingOnlyWhenExecuted": true,
      "updating": null,
      "withPredicate": null
    },
    {
      "id": "IDLE_32",
      "execute": "IDLE",
      "after": "1000",
      "priority": 0,
      "additionalGuards": null,
      "activationKind": null,
      "fixedVariables": {
        "Crash": "FALSE",
        "VehiclesAy": "{(EgoVehicle↦0.0),(Vehicles2↦0.0),(Vehicles3↦0.0),(Vehicles4↦0.0),(Vehicles5↦0.0)}",
        "Reward": "0.7333333333333334",
        "VehiclesAx": "{(EgoVehicle↦0.0),(Vehicles2↦0.016399503219872713),(Vehicles3↦-0.03673236817121506),(Vehicles4↦0.0058907270431518555),(Vehicles5↦0.03617163747549057)}",
        "VehiclesVx": "{(EgoVehicle↦20.0),(Vehicles2↦-0.03291539615020156),(Vehicles3↦0.13910187408328056),(Vehicles4↦0.5360377207398415),(Vehicles5↦-0.3872174769639969)}",
        "VehiclesY": "{(EgoVehicle↦8.000000238418579),(Vehicles2↦-4.0000001192092896),(Vehicles3↦0.0),(Vehicles4↦-8.000000238418579),(Vehicles5↦2.6645352591003757E-15)}",
        "VehiclesVy": "{(EgoVehicle↦0.0),(Vehicles2↦0.0),(Vehicles3↦0.0),(Vehicles4↦0.0),(Vehicles5↦0.0)}",
        "VehiclesX": "{(EgoVehicle↦200.0),(Vehicles2↦27.88183093070984),(Vehicles3↦39.60998058319092),(Vehicles4↦51.01151466369629),(Vehicles5↦103.945791721344)}"
      },
      "probabilisticVariables": null,
      "activating": [
        "IDLE_33"
      ],
      "activatingOnlyWhenExecuted": true,
      "updating": null,
      "withPredicate": null
    },
    {
      "id": "IDLE_33",
      "execute": "IDLE",
      "after": "1000",
      "priority": 0,
      "additionalGuards": null,
      "activationKind": null,
      "fixedVariables": {
        "Crash": "FALSE",
        "VehiclesAy": "{(EgoVehicle↦0.0),(Vehicles2↦0.0),(Vehicles3↦0.0),(Vehicles4↦0.0),(Vehicles5↦0.0)}",
        "Reward": "0.7333333333333334",
        "VehiclesAx": "{(EgoVehicle↦0.0),(Vehicles2↦0.015707580605521798),(Vehicles3↦-0.032405219972133636),(Vehicles4↦0.004412531852722168),(Vehicles5↦0.0346655398607254)}",
        "VehiclesVx": "{(EgoVehicle↦20.0),(Vehicles2↦-0.01720781554467976),(Vehicles3↦0.10669665411114693),(Vehicles4↦0.5404502525925636),(Vehicles5↦-0.3525519371032715)}",
        "VehiclesY": "{(EgoVehicle↦8.000000238418579),(Vehicles2↦-4.0000001192092896),(Vehicles3↦0.0),(Vehicles4↦-8.000000238418579),(Vehicles5↦2.6645352591003757E-15)}",
        "VehiclesVy": "{(EgoVehicle↦0.0),(Vehicles2↦0.0),(Vehicles3↦0.0),(Vehicles4↦0.0),(Vehicles5↦0.0)}",
        "VehiclesX": "{(EgoVehicle↦200.0),(Vehicles2↦27.855250239372253),(Vehicles3↦39.73577916622162),(Vehicles4↦51.54942870140076),(Vehicles5↦103.57255935668945)}"
      },
      "probabilisticVariables": null,
      "activating": [
        "IDLE_34"
      ],
      "activatingOnlyWhenExecuted": true,
      "updating": null,
      "withPredicate": null
    },
    {
      "id": "IDLE_34",
      "execute": "IDLE",
      "after": "1000",
      "priority": 0,
      "additionalGuards": null,
      "activationKind": null,
      "fixedVariables": {
        "Crash": "FALSE",
        "VehiclesAy": "{(EgoVehicle↦0.0),(Vehicles2↦0.0),(Vehicles3↦0.0),(Vehicles4↦0.0),(Vehicles5↦0.0)}",
        "Reward": "0.7333333333333334",
        "VehiclesAx": "{(EgoVehicle↦0.0),(Vehicles2↦0.015056099946377799),(Vehicles3↦-0.0282411091029644),(Vehicles4↦0.00308159738779068),(Vehicles5↦0.03324802964925766)}",
        "VehiclesVx": "{(EgoVehicle↦20.0),(Vehicles2↦-0.002151715598301962),(Vehicles3↦0.07845554500818253),(Vehicles4↦0.5435318499803543),(Vehicles5↦-0.3193039074540138)}",
        "VehiclesY": "{(EgoVehicle↦8.000000238418579),(Vehicles2↦-4.0000001192092896),(Vehicles3↦0.0),(Vehicles4↦-8.000000238418579),(Vehicles5↦2.6645352591003757E-15)}",
        "VehiclesVy": "{(EgoVehicle↦0.0),(Vehicles2↦0.0),(Vehicles3↦0.0),(Vehicles4↦0.0),(Vehicles5↦0.0)}",
        "VehiclesX": "{(EgoVehicle↦200.0),(Vehicles2↦27.84411609172821),(Vehicles3↦39.830854535102844),(Vehicles4↦52.091217041015625),(Vehicles5↦103.23340892791748)}"
      },
      "probabilisticVariables": null,
      "activating": [
        "IDLE_35"
      ],
      "activatingOnlyWhenExecuted": true,
      "updating": null,
      "withPredicate": null
    },
    {
      "id": "IDLE_35",
      "execute": "IDLE",
      "after": "1000",
      "priority": 0,
      "additionalGuards": null,
      "activationKind": null,
      "fixedVariables": {
        "Crash": "FALSE",
        "VehiclesAy": "{(EgoVehicle↦0.0),(Vehicles2↦0.0),(Vehicles3↦0.0),(Vehicles4↦0.0),(Vehicles5↦0.0)}",
        "Reward": "0.7333333333333334",
        "VehiclesAx": "{(EgoVehicle↦0.0),(Vehicles2↦0.014442423853324726),(Vehicles3↦-0.02427156548947096),(Vehicles4↦0.0018848851323127747),(Vehicles5↦0.031912922859191895)}",
        "VehiclesVx": "{(EgoVehicle↦20.0),(Vehicles2↦0.012290708255022764),(Vehicles3↦0.05418397951871157),(Vehicles4↦0.5454167351126671),(Vehicles5↦-0.28739098459482193)}",
        "VehiclesY": "{(EgoVehicle↦8.000000238418579),(Vehicles2↦-4.0000001192092896),(Vehicles3↦0.0),(Vehicles4↦-8.000000238418579),(Vehicles5↦2.6645352591003757E-15)}",
        "VehiclesVy": "{(EgoVehicle↦0.0),(Vehicles2↦0.0),(Vehicles3↦0.0),(Vehicles4↦0.0),(Vehicles5↦0.0)}",
        "VehiclesX": "{(EgoVehicle↦200.0),(Vehicles2↦27.847790718078613),(Vehicles3↦39.89929258823395),(Vehicles4↦52.635592222213745),(Vehicles5↦102.9269814491272)}"
      },
      "probabilisticVariables": null,
      "activating": [
        "IDLE_36"
      ],
      "activatingOnlyWhenExecuted": true,
      "updating": null,
      "withPredicate": null
    },
    {
      "id": "IDLE_36",
      "execute": "IDLE",
      "after": "1000",
      "priority": 0,
      "additionalGuards": null,
      "activationKind": null,
      "fixedVariables": {
        "Crash": "FALSE",
        "VehiclesAy": "{(EgoVehicle↦0.0),(Vehicles2↦0.0),(Vehicles3↦0.0),(Vehicles4↦0.0),(Vehicles5↦0.0)}",
        "Reward": "0.7333333333333334",
        "VehiclesAx": "{(EgoVehicle↦0.0),(Vehicles2↦0.013864110223948956),(Vehicles3↦-0.02052048221230507),(Vehicles4↦0.0008114054799079895),(Vehicles5↦0.03065461292862892)}",
        "VehiclesVx": "{(EgoVehicle↦20.0),(Vehicles2↦0.02615481847897172),(Vehicles3↦0.0336634973064065),(Vehicles4↦0.5462281405925751),(Vehicles5↦-0.256736371666193)}",
        "VehiclesY": "{(EgoVehicle↦8.000000238418579),(Vehicles2↦-4.0000001192092896),(Vehicles3↦0.0),(Vehicles4↦-8.000000238418579),(Vehicles5↦2.6645352591003757E-15)}",
        "VehiclesVy": "{(EgoVehicle↦0.0),(Vehicles2↦0.0),(Vehicles3↦0.0),(Vehicles4↦0.0),(Vehicles5↦0.0)}",
        "VehiclesX": "{(EgoVehicle↦200.0),(Vehicles2↦27.86566913127899),(Vehicles3↦39.944976568222046),(Vehicles4↦53.18141579627991),(Vehicles5↦102.65194177627563)}"
      },
      "probabilisticVariables": null,
      "activating": [
        "IDLE_37"
      ],
      "activatingOnlyWhenExecuted": true,
      "updating": null,
      "withPredicate": null
    },
    {
      "id": "IDLE_37",
      "execute": "IDLE",
      "after": "1000",
      "priority": 0,
      "additionalGuards": null,
      "activationKind": null,
      "fixedVariables": {
        "Crash": "FALSE",
        "VehiclesAy": "{(EgoVehicle↦0.0),(Vehicles2↦0.0),(Vehicles3↦0.0),(Vehicles4↦0.0),(Vehicles5↦0.0)}",
        "Reward": "0.7333333333333334",
        "VehiclesAx": "{(EgoVehicle↦0.0),(Vehicles2↦0.013318897690623999),(Vehicles3↦-0.017004586989060044),(Vehicles4↦-0.00014845281839370728),(Vehicles5↦0.029467791318893433)}",
        "VehiclesVx": "{(EgoVehicle↦20.0),(Vehicles2↦0.03947371616959572),(Vehicles3↦0.016658910317346454),(Vehicles4↦0.5460796877741814),(Vehicles5↦-0.22726858034729958)}",
        "VehiclesY": "{(EgoVehicle↦8.000000238418579),(Vehicles2↦-4.0000001192092896),(Vehicles3↦0.0),(Vehicles4↦-8.000000238418579),(Vehicles5↦2.6645352591003757E-15)}",
        "VehiclesVy": "{(EgoVehicle↦0.0),(Vehicles2↦0.0),(Vehicles3↦0.0),(Vehicles4↦0.0),(Vehicles5↦0.0)}",
        "VehiclesX": "{(EgoVehicle↦200.0),(Vehicles2↦27.897194027900696),(Vehicles3↦39.97156620025635),(Vehicles4↦53.7276566028595),(Vehicles5↦102.40708589553833)}"
      },
      "probabilisticVariables": null,
      "activating": [
        "IDLE_38"
      ],
      "activatingOnlyWhenExecuted": true,
      "updating": null,
      "withPredicate": null
    },
    {
      "id": "IDLE_38",
      "execute": "IDLE",
      "after": "1000",
      "priority": 0,
      "additionalGuards": null,
      "activationKind": null,
      "fixedVariables": {
        "Crash": "FALSE",
        "VehiclesAy": "{(EgoVehicle↦0.0),(Vehicles2↦0.0),(Vehicles3↦0.0),(Vehicles4↦0.0),(Vehicles5↦0.0)}",
        "Reward": "0.7333333333333334",
        "VehiclesAx": "{(EgoVehicle↦0.0),(Vehicles2↦0.012804684229195118),(Vehicles3↦-0.013734051026403904),(Vehicles4↦-0.001003257930278778),(Vehicles5↦0.028347503393888474)}",
        "VehiclesVx": "{(EgoVehicle↦20.0),(Vehicles2↦0.052278400398790836),(Vehicles3↦0.0029248592909425497),(Vehicles4↦0.5450764298439026),(Vehicles5↦-0.1989210769534111)}",
        "VehiclesY": "{(EgoVehicle↦8.000000238418579),(Vehicles2↦-4.0000001192092896),(Vehicles3↦0.0),(Vehicles4↦-8.000000238418579),(Vehicles5↦2.6645352591003757E-15)}",
        "VehiclesVy": "{(EgoVehicle↦0.0),(Vehicles2↦0.0),(Vehicles3↦0.0),(Vehicles4↦0.0),(Vehicles5↦0.0)}",
        "VehiclesX": "{(EgoVehicle↦200.0),(Vehicles2↦27.941831946372986),(Vehicles3↦39.98247981071472),(Vehicles4↦54.273396730422974),(Vehicles5↦102.19124555587769)}"
      },
      "probabilisticVariables": null,
      "activating": [
        "IDLE_39"
      ],
      "activatingOnlyWhenExecuted": true,
      "updating": null,
      "withPredicate": null
    },
    {
      "id": "IDLE_39",
      "execute": "IDLE",
      "after": "1000",
      "priority": 0,
      "additionalGuards": null,
      "activationKind": null,
      "fixedVariables": {
        "Crash": "FALSE",
        "VehiclesAy": "{(EgoVehicle↦0.0),(Vehicles2↦0.0),(Vehicles3↦0.0),(Vehicles4↦0.0),(Vehicles5↦0.0)}",
        "Reward": "0.7333333333333334",
        "VehiclesAx": "{(EgoVehicle↦0.0),(Vehicles2↦0.012319511733949184),(Vehicles3↦-0.010713280062191188),(Vehicles4↦-0.0017603114247322083),(Vehicles5↦0.02728920429944992)}",
        "VehiclesVx": "{(EgoVehicle↦20.0),(Vehicles2↦0.06459791213274002),(Vehicles3↦-0.007788420771248639),(Vehicles4↦0.5433161184191704),(Vehicles5↦-0.17163187265396118)}",
        "VehiclesY": "{(EgoVehicle↦8.000000238418579),(Vehicles2↦-4.0000001192092896),(Vehicles3↦0.0),(Vehicles4↦-8.000000238418579),(Vehicles5↦2.6645352591003757E-15)}",
        "VehiclesVy": "{(EgoVehicle↦0.0),(Vehicles2↦0.0),(Vehicles3↦0.0),(Vehicles4↦0.0),(Vehicles5↦0.0)}",
        "VehiclesX": "{(EgoVehicle↦200.0),(Vehicles2↦27.999073266983032),(Vehicles3↦39.98088836669922),(Vehicles4↦54.81782555580139),(Vehicles5↦102.00332403182983)}"
      },
      "probabilisticVariables": null,
      "activating": [
        "IDLE_40"
      ],
      "activatingOnlyWhenExecuted": true,
      "updating": null,
      "withPredicate": null
    },
    {
      "id": "IDLE_40",
      "execute": "IDLE",
      "after": "1000",
      "priority": 0,
      "additionalGuards": null,
      "activationKind": null,
      "fixedVariables": {
        "Crash": "FALSE",
        "VehiclesAy": "{(EgoVehicle↦0.0),(Vehicles2↦0.0),(Vehicles3↦0.0),(Vehicles4↦0.0),(Vehicles5↦0.0)}",
        "Reward": "0.7333333333333334",
        "VehiclesAx": "{(EgoVehicle↦0.0),(Vehicles2↦0.011861566454172134),(Vehicles3↦-0.00794174789916724),(Vehicles4↦-0.0024263933300971985),(Vehicles5↦0.02628859132528305)}",
        "VehiclesVx": "{(EgoVehicle↦20.0),(Vehicles2↦0.07645947858691216),(Vehicles3↦-0.01573016867041588),(Vehicles4↦0.5408897250890732),(Vehicles5↦-0.14534328132867813)}",
        "VehiclesY": "{(EgoVehicle↦8.000000238418579),(Vehicles2↦-4.0000001192092896),(Vehicles3↦0.0),(Vehicles4↦-8.000000238418579),(Vehicles5↦2.6645352591003757E-15)}",
        "VehiclesVy": "{(EgoVehicle↦0.0),(Vehicles2↦0.0),(Vehicles3↦0.0),(Vehicles4↦0.0),(Vehicles5↦0.0)}",
        "VehiclesX": "{(EgoVehicle↦200.0),(Vehicles2↦28.068453073501587),(Vehicles3↦39.96971249580383),(Vehicles4↦55.36022186279297),(Vehicles5↦101.84228420257568)}"
      },
      "probabilisticVariables": null,
      "activating": [
        "IDLE_41"
      ],
      "activatingOnlyWhenExecuted": true,
      "updating": null,
      "withPredicate": null
    },
    {
      "id": "IDLE_41",
      "execute": "IDLE",
      "after": "1000",
      "priority": 0,
      "additionalGuards": null,
      "activationKind": null,
      "fixedVariables": {
        "Crash": "FALSE",
        "VehiclesAy": "{(EgoVehicle↦0.0),(Vehicles2↦0.0),(Vehicles3↦0.0),(Vehicles4↦0.0),(Vehicles5↦0.0)}",
        "Reward": "0.7333333333333334",
        "VehiclesAx": "{(EgoVehicle↦0.0),(Vehicles2↦0.011429153382778168),(Vehicles3↦-0.0054148538038134575),(Vehicles4↦-0.003007538616657257),(Vehicles5↦0.025341752916574478)}",
        "VehiclesVx": "{(EgoVehicle↦20.0),(Vehicles2↦0.08788863196969032),(Vehicles3↦-0.021145022474229336),(Vehicles4↦0.5378821864724159),(Vehicles5↦-0.12000152841210365)}",
        "VehiclesY": "{(EgoVehicle↦8.000000238418579),(Vehicles2↦-4.0000001192092896),(Vehicles3↦0.0),(Vehicles4↦-8.000000238418579),(Vehicles5↦2.6645352591003757E-15)}",
        "VehiclesVy": "{(EgoVehicle↦0.0),(Vehicles2↦0.0),(Vehicles3↦0.0),(Vehicles4↦0.0),(Vehicles5↦0.0)}",
        "VehiclesX": "{(EgoVehicle↦200.0),(Vehicles2↦28.149518370628357),(Vehicles3↦39.9516224861145),(Vehicles4↦55.899953842163086),(Vehicles5↦101.70714855194092)}"
      },
      "probabilisticVariables": null,
      "activating": [
        "IDLE_42"
      ],
      "activatingOnlyWhenExecuted": true,
      "updating": null,
      "withPredicate": null
    },
    {
      "id": "IDLE_42",
      "execute": "IDLE",
      "after": "1000",
      "priority": 0,
      "additionalGuards": null,
      "activationKind": null,
      "fixedVariables": {
        "Crash": "FALSE",
        "VehiclesAy": "{(EgoVehicle↦0.0),(Vehicles2↦0.0),(Vehicles3↦0.0),(Vehicles4↦0.0),(Vehicles5↦0.0)}",
        "Reward": "0.7333333333333334",
        "VehiclesAx": "{(EgoVehicle↦0.0),(Vehicles2↦0.011020703241229057),(Vehicles3↦-0.0031247595325112343),(Vehicles4↦-0.003509223461151123),(Vehicles5↦0.024445028975605965)}",
        "VehiclesVx": "{(EgoVehicle↦20.0),(Vehicles2↦0.09890933521091938),(Vehicles3↦-0.02426978200674057),(Vehicles4↦0.5343729630112648),(Vehicles5↦-0.09555649943649769)}",
        "VehiclesY": "{(EgoVehicle↦8.000000238418579),(Vehicles2↦-4.0000001192092896),(Vehicles3↦0.0),(Vehicles4↦-8.000000238418579),(Vehicles5↦2.6645352591003757E-15)}",
        "VehiclesVy": "{(EgoVehicle↦0.0),(Vehicles2↦0.0),(Vehicles3↦0.0),(Vehicles4↦0.0),(Vehicles5↦0.0)}",
        "VehiclesX": "{(EgoVehicle↦200.0),(Vehicles2↦28.241845965385437),(Vehicles3↦39.9290531873703),(Vehicles4↦56.43646717071533),(Vehicles5↦101.596999168396)}"
      },
      "probabilisticVariables": null,
      "activating": [
        "IDLE_43"
      ],
      "activatingOnlyWhenExecuted": true,
      "updating": null,
      "withPredicate": null
    },
    {
      "id": "IDLE_43",
      "execute": "IDLE",
      "after": "1000",
      "priority": 0,
      "additionalGuards": null,
      "activationKind": null,
      "fixedVariables": {
        "Crash": "FALSE",
        "VehiclesAy": "{(EgoVehicle↦0.0),(Vehicles2↦0.0),(Vehicles3↦0.0),(Vehicles4↦0.0),(Vehicles5↦0.0)}",
        "Reward": "0.7333333333333334",
        "VehiclesAx": "{(EgoVehicle↦0.0),(Vehicles2↦0.010634753853082657),(Vehicles3↦-0.0010611489415168762),(Vehicles4↦-0.003936663269996643),(Vehicles5↦0.023595080710947514)}",
        "VehiclesVx": "{(EgoVehicle↦20.0),(Vehicles2↦0.10954408906400204),(Vehicles3↦-0.025330930948257446),(Vehicles4↦0.5304362997412682),(Vehicles5↦-0.07196141872555017)}",
        "VehiclesY": "{(EgoVehicle↦8.000000238418579),(Vehicles2↦-4.0000001192092896),(Vehicles3↦0.0),(Vehicles4↦-8.000000238418579),(Vehicles5↦2.6645352591003757E-15)}",
        "VehiclesVy": "{(EgoVehicle↦0.0),(Vehicles2↦0.0),(Vehicles3↦0.0),(Vehicles4↦0.0),(Vehicles5↦0.0)}",
        "VehiclesX": "{(EgoVehicle↦200.0),(Vehicles2↦28.34503948688507),(Vehicles3↦39.90420401096344),(Vehicles4↦56.96929693222046),(Vehicles5↦101.51094198226929)}"
      },
      "probabilisticVariables": null,
      "activating": [
        "IDLE_44"
      ],
      "activatingOnlyWhenExecuted": true,
      "updating": null,
      "withPredicate": null
    },
    {
      "id": "IDLE_44",
      "execute": "IDLE",
      "after": "1000",
      "priority": 0,
      "additionalGuards": null,
      "activationKind": null,
      "fixedVariables": {
        "Crash": "FALSE",
        "VehiclesAy": "{(EgoVehicle↦0.0),(Vehicles2↦0.0),(Vehicles3↦0.0),(Vehicles4↦0.0),(Vehicles5↦0.0)}",
        "Reward": "0.7333333333333334",
        "VehiclesAx": "{(EgoVehicle↦0.0),(Vehicles2↦0.01026991754770279),(Vehicles3↦0.0007880642078816891),(Vehicles4↦-0.00429447740316391),(Vehicles5↦0.022788764908909798)}",
        "VehiclesVx": "{(EgoVehicle↦20.0),(Vehicles2↦0.11981400661170483),(Vehicles3↦-0.024542866740375757),(Vehicles4↦0.5261418223381042),(Vehicles5↦-0.04917265381664038)}",
        "VehiclesY": "{(EgoVehicle↦8.000000238418579),(Vehicles2↦-4.0000001192092896),(Vehicles3↦0.0),(Vehicles4↦-8.000000238418579),(Vehicles5↦2.6645352591003757E-15)}",
        "VehiclesVy": "{(EgoVehicle↦0.0),(Vehicles2↦0.0),(Vehicles3↦0.0),(Vehicles4↦0.0),(Vehicles5↦0.0)}",
        "VehiclesX": "{(EgoVehicle↦200.0),(Vehicles2↦28.458720445632935),(Vehicles3↦39.879047870635986),(Vehicles4↦57.49804377555847),(Vehicles5↦101.44816637039185)}"
      },
      "probabilisticVariables": null,
      "activating": [
        "IDLE_45"
      ],
      "activatingOnlyWhenExecuted": true,
      "updating": null,
      "withPredicate": null
    },
    {
      "id": "IDLE_45",
      "execute": "IDLE",
      "after": "1000",
      "priority": 0,
      "additionalGuards": null,
      "activationKind": null,
      "fixedVariables": {
        "Crash": "FALSE",
        "VehiclesAy": "{(EgoVehicle↦0.0),(Vehicles2↦0.0),(Vehicles3↦0.0),(Vehicles4↦0.0),(Vehicles5↦0.0)}",
        "Reward": "0.7333333333333334",
        "VehiclesAx": "{(EgoVehicle↦0.0),(Vehicles2↦0.009924937039613724),(Vehicles3↦0.0024361535906791687),(Vehicles4↦-0.004587247967720032),(Vehicles5↦0.022023224737495184)}",
        "VehiclesVx": "{(EgoVehicle↦20.0),(Vehicles2↦0.12973894365131855),(Vehicles3↦-0.02210671314969659),(Vehicles4↦0.5215545743703842),(Vehicles5↦-0.027149429079145193)}",
        "VehiclesY": "{(EgoVehicle↦8.000000238418579),(Vehicles2↦-4.0000001192092896),(Vehicles3↦0.0),(Vehicles4↦-8.000000238418579),(Vehicles5↦2.6645352591003757E-15)}",
        "VehiclesVy": "{(EgoVehicle↦0.0),(Vehicles2↦0.0),(Vehicles3↦0.0),(Vehicles4↦0.0),(Vehicles5↦0.0)}",
        "VehiclesX": "{(EgoVehicle↦200.0),(Vehicles2↦28.582531213760376),(Vehicles3↦39.85535502433777),(Vehicles4↦58.02236795425415),(Vehicles5↦101.40786170959473)}"
      },
      "probabilisticVariables": null,
      "activating": [
        "IDLE_46"
      ],
      "activatingOnlyWhenExecuted": true,
      "updating": null,
      "withPredicate": null
    },
    {
      "id": "IDLE_46",
      "execute": "IDLE",
      "after": "1000",
      "priority": 0,
      "additionalGuards": null,
      "activationKind": null,
      "fixedVariables": {
        "Crash": "FALSE",
        "VehiclesAy": "{(EgoVehicle↦0.0),(Vehicles2↦0.0),(Vehicles3↦0.0),(Vehicles4↦0.0),(Vehicles5↦0.0)}",
        "Reward": "0.7333333333333334",
        "VehiclesAx": "{(EgoVehicle↦0.0),(Vehicles2↦0.009598610922694206),(Vehicles3↦0.003897045971825719),(Vehicles4↦-0.0048191845417022705),(Vehicles5↦0.0212957983603701)}",
        "VehiclesVx": "{(EgoVehicle↦20.0),(Vehicles2↦0.13933755457401276),(Vehicles3↦-0.01820966717787087),(Vehicles4↦0.516735389828682),(Vehicles5↦-0.0058536307187750936)}",
        "VehiclesY": "{(EgoVehicle↦8.000000238418579),(Vehicles2↦-4.0000001192092896),(Vehicles3↦0.0),(Vehicles4↦-8.000000238418579),(Vehicles5↦2.6645352591003757E-15)}",
        "VehiclesVy": "{(EgoVehicle↦0.0),(Vehicles2↦0.0),(Vehicles3↦0.0),(Vehicles4↦0.0),(Vehicles5↦0.0)}",
        "VehiclesX": "{(EgoVehicle↦200.0),(Vehicles2↦28.716135025024414),(Vehicles3↦39.83469903469086),(Vehicles4↦58.54201316833496),(Vehicles5↦101.38928890228271)}"
      },
      "probabilisticVariables": null,
      "activating": [
        "IDLE_47"
      ],
      "activatingOnlyWhenExecuted": true,
      "updating": null,
      "withPredicate": null
    },
    {
      "id": "IDLE_47",
      "execute": "IDLE",
      "after": "1000",
      "priority": 0,
      "additionalGuards": null,
      "activationKind": null,
      "fixedVariables": {
        "Crash": "FALSE",
        "VehiclesAy": "{(EgoVehicle↦0.0),(Vehicles2↦0.0),(Vehicles3↦0.0),(Vehicles4↦0.0),(Vehicles5↦0.0)}",
        "Reward": "0.7333333333333334",
        "VehiclesAx": "{(EgoVehicle↦0.0),(Vehicles2↦0.009289802983403206),(Vehicles3↦0.005184919573366642),(Vehicles4↦-0.004994235932826996),(Vehicles5↦0.020604031742550433)}",
        "VehiclesVx": "{(EgoVehicle↦20.0),(Vehicles2↦0.14862735755741596),(Vehicles3↦-0.013024747604504228),(Vehicles4↦0.511741153895855),(Vehicles5↦0.014750401023775339)}",
        "VehiclesY": "{(EgoVehicle↦8.000000238418579),(Vehicles2↦-4.0000001192092896),(Vehicles3↦0.0),(Vehicles4↦-8.000000238418579),(Vehicles5↦2.6645352591003757E-15)}",
        "VehiclesVy": "{(EgoVehicle↦0.0),(Vehicles2↦0.0),(Vehicles3↦0.0),(Vehicles4↦0.0),(Vehicles5↦0.0)}",
        "VehiclesX": "{(EgoVehicle↦200.0),(Vehicles2↦28.8592129945755),(Vehicles3↦39.81846570968628),(Vehicles4↦59.05676484107971),(Vehicles5↦101.39172077178955)}"
      },
      "probabilisticVariables": null,
      "activating": [
        "IDLE_48"
      ],
      "activatingOnlyWhenExecuted": true,
      "updating": null,
      "withPredicate": null
    },
    {
      "id": "IDLE_48",
      "execute": "IDLE",
      "after": "1000",
      "priority": 0,
      "additionalGuards": null,
      "activationKind": null,
      "fixedVariables": {
        "Crash": "FALSE",
        "VehiclesAy": "{(EgoVehicle↦0.0),(Vehicles2↦0.0),(Vehicles3↦0.0),(Vehicles4↦0.0),(Vehicles5↦0.0)}",
        "Reward": "0.7333333333333334",
        "VehiclesAx": "{(EgoVehicle↦0.0),(Vehicles2↦0.008997498080134392),(Vehicles3↦0.006313872872851789),(Vehicles4↦-0.005116425454616547),(Vehicles5↦0.019945655949413776)}",
        "VehiclesVx": "{(EgoVehicle↦20.0),(Vehicles2↦0.15762485563755035),(Vehicles3↦-0.006710874731652439),(Vehicles4↦0.5066247284412384),(Vehicles5↦0.034696056973189116)}",
        "VehiclesY": "{(EgoVehicle↦8.000000238418579),(Vehicles2↦-4.0000001192092896),(Vehicles3↦0.0),(Vehicles4↦-8.000000238418579),(Vehicles5↦2.6645352591003757E-15)}",
        "VehiclesVy": "{(EgoVehicle↦0.0),(Vehicles2↦0.0),(Vehicles3↦0.0),(Vehicles4↦0.0),(Vehicles5↦0.0)}",
        "VehiclesX": "{(EgoVehicle↦200.0),(Vehicles2↦29.01146113872528),(Vehicles3↦39.80788290500641),(Vehicles4↦59.56646203994751),(Vehicles5↦101.4145016670227)}"
      },
      "probabilisticVariables": null,
      "activating": [
        "IDLE_49"
      ],
      "activatingOnlyWhenExecuted": true,
      "updating": null,
      "withPredicate": null
    },
    {
      "id": "IDLE_49",
      "execute": "IDLE",
      "after": "1000",
      "priority": 0,
      "additionalGuards": null,
      "activationKind": null,
      "fixedVariables": {
        "Crash": "FALSE",
        "VehiclesAy": "{(EgoVehicle↦0.0),(Vehicles2↦0.0),(Vehicles3↦0.0),(Vehicles4↦0.0),(Vehicles5↦0.0)}",
        "Reward": "0.7333333333333334",
        "VehiclesAx": "{(EgoVehicle↦0.0),(Vehicles2↦0.00872073695063591),(Vehicles3↦0.007297648262465373),(Vehicles4↦-0.0051894038915634155),(Vehicles5↦0.019318570848554373)}",
        "VehiclesVx": "{(EgoVehicle↦20.0),(Vehicles2↦0.16634559258818626),(Vehicles3↦0.000586773530812934),(Vehicles4↦0.501435324549675),(Vehicles5↦0.05401462782174349)}",
        "VehiclesY": "{(EgoVehicle↦8.000000238418579),(Vehicles2↦-4.0000001192092896),(Vehicles3↦0.0),(Vehicles4↦-8.000000238418579),(Vehicles5↦2.6645352591003757E-15)}",
        "VehiclesVy": "{(EgoVehicle↦0.0),(Vehicles2↦0.0),(Vehicles3↦0.0),(Vehicles4↦0.0),(Vehicles5↦0.0)}",
        "VehiclesX": "{(EgoVehicle↦200.0),(Vehicles2↦29.172596335411072),(Vehicles3↦39.804017543792725),(Vehicles4↦60.07101535797119),(Vehicles5↦101.45697593688965)}"
      },
      "probabilisticVariables": null,
      "activating": [
        "IDLE_50"
      ],
      "activatingOnlyWhenExecuted": true,
      "updating": null,
      "withPredicate": null
    },
    {
      "id": "IDLE_50",
      "execute": "IDLE",
      "after": "1000",
      "priority": 0,
      "additionalGuards": null,
      "activationKind": null,
      "fixedVariables": {
        "Crash": "FALSE",
        "VehiclesAy": "{(EgoVehicle↦0.0),(Vehicles2↦0.0),(Vehicles3↦0.0),(Vehicles4↦0.0),(Vehicles5↦0.0)}",
        "Reward": "0.7333333333333334",
        "VehiclesAx": "{(EgoVehicle↦0.0),(Vehicles2↦0.008458532392978668),(Vehicles3↦0.00814945888123475),(Vehicles4↦-0.005216822028160095),(Vehicles5↦0.018720836378633976)}",
        "VehiclesVx": "{(EgoVehicle↦20.0),(Vehicles2↦0.17480412498116493),(Vehicles3↦0.008736232412047684),(Vehicles4↦0.4962185025215149),(Vehicles5↦0.07273546420037746)}",
        "VehiclesY": "{(EgoVehicle↦8.000000238418579),(Vehicles2↦-4.0000001192092896),(Vehicles3↦0.0),(Vehicles4↦-8.000000238418579),(Vehicles5↦2.6645352591003757E-15)}",
        "VehiclesVy": "{(EgoVehicle↦0.0),(Vehicles2↦0.0),(Vehicles3↦0.0),(Vehicles4↦0.0),(Vehicles5↦0.0)}",
        "VehiclesX": "{(EgoVehicle↦200.0),(Vehicles2↦29.342344403266907),(Vehicles3↦39.80779945850372),(Vehicles4↦60.57036519050598),(Vehicles5↦101.51852369308472)}"
      },
      "probabilisticVariables": null,
      "activating": [
        "IDLE_51"
      ],
      "activatingOnlyWhenExecuted": true,
      "updating": null,
      "withPredicate": null
    },
    {
      "id": "IDLE_51",
      "execute": "IDLE",
      "after": "1000",
      "priority": 0,
      "additionalGuards": null,
      "activationKind": null,
      "fixedVariables": {
        "Crash": "FALSE",
        "VehiclesAy": "{(EgoVehicle↦0.0),(Vehicles2↦0.0),(Vehicles3↦0.0),(Vehicles4↦0.0),(Vehicles5↦0.0)}",
        "Reward": "0.7333333333333334",
        "VehiclesAx": "{(EgoVehicle↦0.0),(Vehicles2↦0.008210092782974243),(Vehicles3↦0.008881845860742033),(Vehicles4↦-0.005202032625675201),(Vehicles5↦0.01815064810216427)}",
        "VehiclesVx": "{(EgoVehicle↦20.0),(Vehicles2↦0.18301421776413918),(Vehicles3↦0.017618078272789717),(Vehicles4↦0.4910164698958397),(Vehicles5↦0.09088611230254173)}",
        "VehiclesY": "{(EgoVehicle↦8.000000238418579),(Vehicles2↦-4.0000001192092896),(Vehicles3↦0.0),(Vehicles4↦-8.000000238418579),(Vehicles5↦2.6645352591003757E-15)}",
        "VehiclesVy": "{(EgoVehicle↦0.0),(Vehicles2↦0.0),(Vehicles3↦0.0),(Vehicles4↦0.0),(Vehicles5↦0.0)}",
        "VehiclesX": "{(EgoVehicle↦200.0),(Vehicles2↦29.52045202255249),(Vehicles3↦39.82003629207611),(Vehicles4↦61.064499616622925),(Vehicles5↦101.59857273101807)}"
      },
      "probabilisticVariables": null,
      "activating": [
        "IDLE_52"
      ],
      "activatingOnlyWhenExecuted": true,
      "updating": null,
      "withPredicate": null
    },
    {
      "id": "IDLE_52",
      "execute": "IDLE",
      "after": "1000",
      "priority": 0,
      "additionalGuards": null,
      "activationKind": null,
      "fixedVariables": {
        "Crash": "FALSE",
        "VehiclesAy": "{(EgoVehicle↦0.0),(Vehicles2↦0.0),(Vehicles3↦0.0),(Vehicles4↦0.0),(Vehicles5↦0.0)}",
        "Reward": "0.7333333333333334",
        "VehiclesAx": "{(EgoVehicle↦0.0),(Vehicles2↦0.007974598556756973),(Vehicles3↦0.009506591595709324),(Vehicles4↦-0.005148649215698242),(Vehicles5↦0.017606336623430252)}",
        "VehiclesVx": "{(EgoVehicle↦20.0),(Vehicles2↦0.19098881632089615),(Vehicles3↦0.02712466986849904),(Vehicles4↦0.48586782068014145),(Vehicles5↦0.10849244892597198)}",
        "VehiclesY": "{(EgoVehicle↦8.000000238418579),(Vehicles2↦-4.0000001192092896),(Vehicles3↦0.0),(Vehicles4↦-8.000000238418579),(Vehicles5↦2.6645352591003757E-15)}",
        "VehiclesVy": "{(EgoVehicle↦0.0),(Vehicles2↦0.0),(Vehicles3↦0.0),(Vehicles4↦0.0),(Vehicles5↦0.0)}",
        "VehiclesX": "{(EgoVehicle↦200.0),(Vehicles2↦29.706674814224243),(Vehicles3↦39.841410517692566),(Vehicles4↦61.55345439910889),(Vehicles5↦101.6965389251709)}"
      },
      "probabilisticVariables": null,
      "activating": [
        "IDLE_53"
      ],
      "activatingOnlyWhenExecuted": true,
      "updating": null,
      "withPredicate": null
    },
    {
      "id": "IDLE_53",
      "execute": "IDLE",
      "after": "1000",
      "priority": 0,
      "additionalGuards": null,
      "activationKind": null,
      "fixedVariables": {
        "Crash": "FALSE",
        "VehiclesAy": "{(EgoVehicle↦0.0),(Vehicles2↦0.0),(Vehicles3↦0.0),(Vehicles4↦0.0),(Vehicles5↦0.0)}",
        "Reward": "0.7333333333333334",
        "VehiclesAx": "{(EgoVehicle↦0.0),(Vehicles2↦0.007751304656267166),(Vehicles3↦0.010034674778580666),(Vehicles4↦-0.005059726536273956),(Vehicles5↦0.017086369916796684)}",
        "VehiclesVx": "{(EgoVehicle↦20.0),(Vehicles2↦0.19874012097716331),(Vehicles3↦0.037159344647079706),(Vehicles4↦0.4808080941438675),(Vehicles5↦0.12557881884276867)}",
        "VehiclesY": "{(EgoVehicle↦8.000000238418579),(Vehicles2↦-4.0000001192092896),(Vehicles3↦0.0),(Vehicles4↦-8.000000238418579),(Vehicles5↦2.6645352591003757E-15)}",
        "VehiclesVy": "{(EgoVehicle↦0.0),(Vehicles2↦0.0),(Vehicles3↦0.0),(Vehicles4↦0.0),(Vehicles5↦0.0)}",
        "VehiclesX": "{(EgoVehicle↦200.0),(Vehicles2↦29.90078330039978),(Vehicles3↦39.872509241104126),(Vehicles4↦62.03728914260864),(Vehicles5↦101.81190967559814)}"
      },
      "probabilisticVariables": null,
      "activating": [
        "IDLE_54"
      ],
      "activatingOnlyWhenExecuted": true,
      "updating": null,
      "withPredicate": null
    },
    {
      "id": "IDLE_54",
      "execute": "IDLE",
      "after": "1000",
      "priority": 0,
      "additionalGuards": null,
      "activationKind": null,
      "fixedVariables": {
        "Crash": "FALSE",
        "VehiclesAy": "{(EgoVehicle↦0.0),(Vehicles2↦0.0),(Vehicles3↦0.0),(Vehicles4↦0.0),(Vehicles5↦0.0)}",
        "Reward": "0.7333333333333334",
        "VehiclesAx": "{(EgoVehicle↦0.0),(Vehicles2↦0.007539447396993637),(Vehicles3↦0.010476235765963793),(Vehicles4↦-0.00493854284286499),(Vehicles5↦0.016589295119047165)}",
        "VehiclesVx": "{(EgoVehicle↦20.0),(Vehicles2↦0.20627956837415695),(Vehicles3↦0.0476355804130435),(Vehicles4↦0.4758695513010025),(Vehicles5↦0.14216811396181583)}",
        "VehiclesY": "{(EgoVehicle↦8.000000238418579),(Vehicles2↦-4.0000001192092896),(Vehicles3↦0.0),(Vehicles4↦-8.000000238418579),(Vehicles5↦2.6645352591003757E-15)}",
        "VehiclesVy": "{(EgoVehicle↦0.0),(Vehicles2↦0.0),(Vehicles3↦0.0),(Vehicles4↦0.0),(Vehicles5↦0.0)}",
        "VehiclesX": "{(EgoVehicle↦200.0),(Vehicles2↦30.102553963661194),(Vehicles3↦39.91382718086243),(Vehicles4↦62.51611113548279),(Vehicles5↦101.94416046142578)}"
      },
      "probabilisticVariables": null,
      "activating": [
        "IDLE_55"
      ],
      "activatingOnlyWhenExecuted": true,
      "updating": null,
      "withPredicate": null
    },
    {
      "id": "IDLE_55",
      "execute": "IDLE",
      "after": "1000",
      "priority": 0,
      "additionalGuards": null,
      "activationKind": null,
      "fixedVariables": {
        "Crash": "FALSE",
        "VehiclesAy": "{(EgoVehicle↦0.0),(Vehicles2↦0.0),(Vehicles3↦0.0),(Vehicles4↦0.0),(Vehicles5↦0.0)}",
        "Reward": "0.7333333333333334",
        "VehiclesAx": "{(EgoVehicle↦0.0),(Vehicles2↦0.007338430732488632),(Vehicles3↦0.01084060873836279),(Vehicles4↦-0.004788190126419067),(Vehicles5↦0.016113808378577232)}",
        "VehiclesVx": "{(EgoVehicle↦20.0),(Vehicles2↦0.21361799910664558),(Vehicles3↦0.05847618915140629),(Vehicles4↦0.47108136117458344),(Vehicles5↦0.15828192234039307)}",
        "VehiclesY": "{(EgoVehicle↦8.000000238418579),(Vehicles2↦-4.0000001192092896),(Vehicles3↦0.0),(Vehicles4↦-8.000000238418579),(Vehicles5↦2.6645352591003757E-15)}",
        "VehiclesVy": "{(EgoVehicle↦0.0),(Vehicles2↦0.0),(Vehicles3↦0.0),(Vehicles4↦0.0),(Vehicles5↦0.0)}",
        "VehiclesX": "{(EgoVehicle↦200.0),(Vehicles2↦30.311784148216248),(Vehicles3↦39.96577262878418),(Vehicles4↦62.99005150794983),(Vehicles5↦102.0928144454956)}"
      },
      "probabilisticVariables": null,
      "activating": [
        "IDLE_56"
      ],
      "activatingOnlyWhenExecuted": true,
      "updating": null,
      "withPredicate": null
    },
    {
      "id": "IDLE_56",
      "execute": "IDLE",
      "after": "1000",
      "priority": 0,
      "additionalGuards": null,
      "activationKind": null,
      "fixedVariables": {
        "Crash": "FALSE",
        "VehiclesAy": "{(EgoVehicle↦0.0),(Vehicles2↦0.0),(Vehicles3↦0.0),(Vehicles4↦0.0),(Vehicles5↦0.0)}",
        "Reward": "0.7333333333333334",
        "VehiclesAx": "{(EgoVehicle↦0.0),(Vehicles2↦0.007147621363401413),(Vehicles3↦0.011136308312416077),(Vehicles4↦-0.004611536860466003),(Vehicles5↦0.015658624470233917)}",
        "VehiclesVx": "{(EgoVehicle↦20.0),(Vehicles2↦0.220765620470047),(Vehicles3↦0.06961249746382236),(Vehicles4↦0.46646982431411743),(Vehicles5↦0.17394054681062698)}",
        "VehiclesY": "{(EgoVehicle↦8.000000238418579),(Vehicles2↦-4.0000001192092896),(Vehicles3↦0.0),(Vehicles4↦-8.000000238418579),(Vehicles5↦2.6645352591003757E-15)}",
        "VehiclesVy": "{(EgoVehicle↦0.0),(Vehicles2↦0.0),(Vehicles3↦0.0),(Vehicles4↦0.0),(Vehicles5↦0.0)}",
        "VehiclesX": "{(EgoVehicle↦200.0),(Vehicles2↦30.528277158737183),(Vehicles3↦40.028682351112366),(Vehicles4↦63.45927119255066),(Vehicles5↦102.25739479064941)}"
      },
      "probabilisticVariables": null,
      "activating": [
        "FASTER_57"
      ],
      "activatingOnlyWhenExecuted": true,
      "updating": null,
      "withPredicate": null
    },
    {
      "id": "FASTER_57",
      "execute": "FASTER",
      "after": "1000",
      "priority": 0,
      "additionalGuards": null,
      "activationKind": null,
      "fixedVariables": {
        "Crash": "FALSE",
        "VehiclesAy": "{(EgoVehicle↦0.0),(Vehicles2↦0.0),(Vehicles3↦0.0),(Vehicles4↦0.0),(Vehicles5↦0.0)}",
        "Reward": "0.8491083676268861",
        "VehiclesAx": "{(EgoVehicle↦4.341564178466797),(Vehicles2↦-4.334597438573837),(Vehicles3↦-4.330192739143968),(Vehicles4↦-4.3459752202034),(Vehicles5↦-4.326341040432453)}",
        "VehiclesVx": "{(EgoVehicle↦24.341564178466797),(Vehicles2↦-4.11383181810379),(Vehicles3↦-4.260580241680145),(Vehicles4↦-3.8795053958892822),(Vehicles5↦-4.152400493621826)}",
        "VehiclesY": "{(EgoVehicle↦8.000000238418579),(Vehicles2↦-4.0000001192092896),(Vehicles3↦0.0),(Vehicles4↦-8.000000238418579),(Vehicles5↦2.6645352591003757E-15)}",
        "VehiclesVy": "{(EgoVehicle↦0.0),(Vehicles2↦0.0),(Vehicles3↦0.0),(Vehicles4↦0.0),(Vehicles5↦0.0)}",
        "VehiclesX": "{(EgoVehicle↦200.0),(Vehicles2↦28.356781601905823),(Vehicles3↦37.70776689052582),(Vehicles4↦61.528897285461426),(Vehicles5↦100.04239082336426)}"
      },
      "probabilisticVariables": null,
      "activating": [
        "IDLE_58"
      ],
      "activatingOnlyWhenExecuted": true,
      "updating": null,
      "withPredicate": null
    },
    {
      "id": "IDLE_58",
      "execute": "IDLE",
      "after": "1000",
      "priority": 0,
      "additionalGuards": null,
      "activationKind": null,
      "fixedVariables": {
        "Crash": "FALSE",
        "VehiclesAy": "{(EgoVehicle↦0.0),(Vehicles2↦0.0),(Vehicles3↦0.0),(Vehicles4↦0.0),(Vehicles5↦0.0)}",
        "Reward": "0.864354462677889",
        "VehiclesAx": "{(EgoVehicle↦0.5717277526855469),(Vehicles2↦-0.5649343132972717),(Vehicles3↦-0.5601766705513),(Vehicles4↦-0.5759194493293762),(Vehicles5↦-0.556924045085907)}",
        "VehiclesVx": "{(EgoVehicle↦24.913291931152344),(Vehicles2↦-4.678766131401062),(Vehicles3↦-4.820756912231445),(Vehicles4↦-4.4554248452186584),(Vehicles5↦-4.709324538707733)}",
        "VehiclesY": "{(EgoVehicle↦8.000000238418579),(Vehicles2↦-4.0000001192092896),(Vehicles3↦0.0),(Vehicles4↦-8.000000238418579),(Vehicles5↦2.6645352591003757E-15)}",
        "VehiclesVy": "{(EgoVehicle↦0.0),(Vehicles2↦0.0),(Vehicles3↦0.0),(Vehicles4↦0.0),(Vehicles5↦0.0)}",
        "VehiclesX": "{(EgoVehicle↦200.0),(Vehicles2↦23.930281400680542),(Vehicles3↦33.13639461994171),(Vehicles4↦57.33230113983154),(Vehicles5↦95.58054804801941)}"
      },
      "probabilisticVariables": null,
      "activating": [
        "IDLE_59"
      ],
      "activatingOnlyWhenExecuted": true,
      "updating": null,
      "withPredicate": null
    },
    {
      "id": "IDLE_59",
      "execute": "IDLE",
      "after": "1000",
      "priority": 0,
      "additionalGuards": null,
      "activationKind": null,
      "fixedVariables": {
        "Crash": "FALSE",
        "VehiclesAy": "{(EgoVehicle↦0.0),(Vehicles2↦0.0),(Vehicles3↦0.0),(Vehicles4↦0.0),(Vehicles5↦0.0)}",
        "Reward": "0.8663621788985972",
        "VehiclesAx": "{(EgoVehicle↦0.07529020309448242),(Vehicles2↦-0.06865888833999634),(Vehicles3↦-0.06360381841659546),(Vehicles4↦-0.07924169301986694),(Vehicles5↦-0.06088525056838989)}",
        "VehiclesVx": "{(EgoVehicle↦24.988582134246826),(Vehicles2↦-4.747425019741058),(Vehicles3↦-4.884360730648041),(Vehicles4↦-4.534666538238525),(Vehicles5↦-4.770209789276123)}",
        "VehiclesY": "{(EgoVehicle↦8.000000238418579),(Vehicles2↦-4.0000001192092896),(Vehicles3↦0.0),(Vehicles4↦-8.000000238418579),(Vehicles5↦2.6645352591003757E-15)}",
        "VehiclesVy": "{(EgoVehicle↦0.0),(Vehicles2↦0.0),(Vehicles3↦0.0),(Vehicles4↦0.0),(Vehicles5↦0.0)}",
        "VehiclesX": "{(EgoVehicle↦200.0),(Vehicles2↦19.212646782398224),(Vehicles3↦28.278768062591553),(Vehicles4↦52.833741903305054),(Vehicles5↦90.83548188209534)}"
      },
      "probabilisticVariables": null,
      "activating": [
        "IDLE_60"
      ],
      "activatingOnlyWhenExecuted": true,
      "updating": null,
      "withPredicate": null
    },
    {
      "id": "IDLE_60",
      "execute": "IDLE",
      "after": "1000",
      "priority": 0,
      "additionalGuards": null,
      "activationKind": null,
      "fixedVariables": {
        "Crash": "FALSE",
        "VehiclesAy": "{(EgoVehicle↦0.0),(Vehicles2↦0.0),(Vehicles3↦0.0),(Vehicles4↦0.0),(Vehicles5↦0.0)}",
        "Reward": "0.8666265695120238",
        "VehiclesAx": "{(EgoVehicle↦0.009913444519042969),(Vehicles2↦-0.003439486026763916),(Vehicles3↦0.0018620491027832031),(Vehicles4↦-0.013612508773803711),(Vehicles5↦0.004104673862457275)}",
        "VehiclesVx": "{(EgoVehicle↦24.99849557876587),(Vehicles2↦-4.750864505767822),(Vehicles3↦-4.882498681545258),(Vehicles4↦-4.548279047012329),(Vehicles5↦-4.766105115413666)}",
        "VehiclesY": "{(EgoVehicle↦8.000000238418579),(Vehicles2↦-4.0000001192092896),(Vehicles3↦0.0),(Vehicles4↦-8.000000238418579),(Vehicles5↦2.6645352591003757E-15)}",
        "VehiclesVy": "{(EgoVehicle↦0.0),(Vehicles2↦0.0),(Vehicles3↦0.0),(Vehicles4↦0.0),(Vehicles5↦0.0)}",
        "VehiclesX": "{(EgoVehicle↦200.0),(Vehicles2↦14.46235477924347),(Vehicles3↦23.393642902374268),(Vehicles4↦48.29210340976715),(Vehicles5↦86.06544137001038)}"
      },
      "probabilisticVariables": null,
      "activating": [
        "SLOWER_61"
      ],
      "activatingOnlyWhenExecuted": true,
      "updating": null,
      "withPredicate": null
    },
    {
      "id": "SLOWER_61",
      "execute": "SLOWER",
      "after": "1000",
      "priority": 0,
      "additionalGuards": null,
      "activationKind": null,
      "fixedVariables": {
        "Crash": "FALSE",
        "VehiclesAy": "{(EgoVehicle↦0.0),(Vehicles2↦0.0),(Vehicles3↦0.0),(Vehicles4↦0.0),(Vehicles5↦0.0)}",
        "Reward": "0.7508863520893748",
        "VehiclesAx": "{(EgoVehicle↦-4.34025764465332),(Vehicles2↦4.346584938466549),(Vehicles3↦4.352089688181877),(Vehicles4↦4.3368276953697205),(Vehicles5↦4.353908188641071)}",
        "VehiclesVx": "{(EgoVehicle↦20.65823793411255),(Vehicles2↦-0.40427956730127335),(Vehicles3↦-0.5304089933633804),(Vehicles4↦-0.21145135164260864),(Vehicles5↦-0.41219692677259445)}",
        "VehiclesY": "{(EgoVehicle↦8.000000238418579),(Vehicles2↦-4.0000001192092896),(Vehicles3↦0.0),(Vehicles4↦-8.000000238418579),(Vehicles5↦2.6645352591003757E-15)}",
        "VehiclesVy": "{(EgoVehicle↦0.0),(Vehicles2↦0.0),(Vehicles3↦0.0),(Vehicles4↦0.0),(Vehicles5↦0.0)}",
        "VehiclesX": "{(EgoVehicle↦200.0),(Vehicles2↦12.108373641967773),(Vehicles3↦20.910215377807617),(Vehicles4↦46.13677263259888),(Vehicles5↦83.69916677474976)}"
      },
      "probabilisticVariables": null,
      "activating": null,
      "activatingOnlyWhenExecuted": true,
      "updating": null,
      "withPredicate": null
    }
  ],
  "listeners": [],
  "metadata": {
    "fileType": "Timed_Trace",
    "formatVersion": 3,
    "savedAt": "2023-08-15T11:29:40.655537Z",
    "creator": "Simulation: MONTE_CARLO_SIMULATION; MAX_STEPS_BEFORE_PROPERTY : 0, EXECUTIONS : 1000, ENDING_TIME : 60000",
    "proB2KernelVersion": "4.12.2",
    "proBCliVersion": "1.12.2-final",
    "modelName": "HighwayEnvironment"
  }
}