{
  "variables": {},
  "activations": [
    {
      "id": "$setup_constants",
      "execute": "$setup_constants",
      "after": "0",
      "priority": 0,
      "additionalGuards": null,
      "activationKind": null,
      "fixedVariables": null,
      "probabilisticVariables": null,
      "activating": null,
      "activatingOnlyWhenExecuted": true,
      "updating": null,
      "withPredicate": null
    },
    {
      "id": "$initialise_machine",
      "execute": "$initialise_machine",
      "after": "0",
      "priority": 0,
      "additionalGuards": null,
      "activationKind": null,
      "fixedVariables": {
        "Crash": "FALSE",
        "VehiclesAy": "{(EgoVehicle↦0.0),(Vehicles2↦0.0),(Vehicles3↦0.0),(Vehicles4↦0.0),(Vehicles5↦0.0)}",
        "Reward": "0.0",
        "VehiclesAx": "{(EgoVehicle↦0.0),(Vehicles2↦0.0),(Vehicles3↦0.0),(Vehicles4↦0.0),(Vehicles5↦0.0)}",
        "VehiclesVx": "{(EgoVehicle↦25.0),(Vehicles2↦-3.118182420730591),(Vehicles3↦-3.196631669998169),(Vehicles4↦-1.122138500213623),(Vehicles5↦-3.0538085103034973)}",
        "VehiclesY": "{(EgoVehicle↦8.000000238418579),(Vehicles2↦-4.0000001192092896),(Vehicles3↦-4.0000001192092896),(Vehicles4↦-8.000000238418579),(Vehicles5↦0.0)}",
        "VehiclesVy": "{(EgoVehicle↦0.0),(Vehicles2↦0.0),(Vehicles3↦0.0),(Vehicles4↦0.0),(Vehicles5↦0.0)}",
        "VehiclesX": "{(EgoVehicle↦155.27735948562622),(Vehicles2↦22.465220093727112),(Vehicles3↦45.30185163021088),(Vehicles4↦67.80292987823486),(Vehicles5↦90.39285182952881)}"
      },
      "probabilisticVariables": null,
      "activating": [
        "FASTER_2"
      ],
      "activatingOnlyWhenExecuted": true,
      "updating": null,
      "withPredicate": null
    },
    {
      "id": "FASTER_2",
      "execute": "FASTER",
      "after": "1000",
      "priority": 0,
      "additionalGuards": null,
      "activationKind": null,
      "fixedVariables": {
        "Crash": "FALSE",
        "VehiclesAy": "{(EgoVehicle↦0.0),(Vehicles2↦-2.137721925973892),(Vehicles3↦0.0),(Vehicles4↦0.0),(Vehicles5↦0.0)}",
        "Reward": "0.9824417009602194",
        "VehiclesAx": "{(EgoVehicle↦4.341564178466797),(Vehicles2↦-8.585588932037354),(Vehicles3↦-4.9285560846328735),(Vehicles4↦-4.637752175331116),(Vehicles5↦-10.341564118862152)}",
        "VehiclesVx": "{(EgoVehicle↦29.341564178466797),(Vehicles2↦-11.703771352767944),(Vehicles3↦-8.125187754631042),(Vehicles4↦-5.759890675544739),(Vehicles5↦-13.39537262916565)}",
        "VehiclesY": "{(EgoVehicle↦8.000000238418579),(Vehicles2↦-7.222691059112549),(Vehicles3↦-4.0000001192092896),(Vehicles4↦-8.000000238418579),(Vehicles5↦0.0)}",
        "VehiclesVy": "{(EgoVehicle↦0.0),(Vehicles2↦-2.137721925973892),(Vehicles3↦0.0),(Vehicles4↦0.0),(Vehicles5↦0.0)}",
        "VehiclesX": "{(EgoVehicle↦182.67241716384888),(Vehicles2↦14.276760816574097),(Vehicles3↦39.630359411239624),(Vehicles4↦64.17204141616821),(Vehicles5↦82.54398107528687)}"
      },
      "probabilisticVariables": null,
      "activating": [
        "IDLE_3"
      ],
      "activatingOnlyWhenExecuted": true,
      "updating": null,
      "withPredicate": null
    },
    {
      "id": "IDLE_3",
      "execute": "IDLE",
      "after": "1000",
      "priority": 0,
      "additionalGuards": null,
      "activationKind": null,
      "fixedVariables": {
        "Crash": "FALSE",
        "VehiclesAy": "{(EgoVehicle↦0.0),(Vehicles2↦1.972045786678791),(Vehicles3↦0.0),(Vehicles4↦0.0),(Vehicles5↦0.0)}",
        "Reward": "0.9976877960112223",
        "VehiclesAx": "{(EgoVehicle↦0.5717277526855469),(Vehicles2↦0.4692423343658447),(Vehicles3↦-1.855013370513916),(Vehicles4↦-0.9005945920944214),(Vehicles5↦-0.5688357353210449)}",
        "VehiclesVx": "{(EgoVehicle↦29.913291931152344),(Vehicles2↦-11.2345290184021),(Vehicles3↦-9.980201125144958),(Vehicles4↦-6.66048526763916),(Vehicles5↦-13.964208364486694)}",
        "VehiclesY": "{(EgoVehicle↦8.000000238418579),(Vehicles2↦-7.941799879074097),(Vehicles3↦-4.0000001192092896),(Vehicles4↦-8.000000238418579),(Vehicles5↦0.0)}",
        "VehiclesVy": "{(EgoVehicle↦0.0),(Vehicles2↦-0.16567613929510117),(Vehicles3↦0.0),(Vehicles4↦0.0),(Vehicles5↦0.0)}",
        "VehiclesX": "{(EgoVehicle↦200.0),(Vehicles2↦2.7576426044106483),(Vehicles3↦30.56776523590088),(Vehicles4↦57.966023683547974),(Vehicles5↦68.35481524467468)}"
      },
      "probabilisticVariables": null,
      "activating": [
        "IDLE_4"
      ],
      "activatingOnlyWhenExecuted": true,
      "updating": null,
      "withPredicate": null
    },
    {
      "id": "IDLE_4",
      "execute": "IDLE",
      "after": "1000",
      "priority": 0,
      "additionalGuards": null,
      "activationKind": null,
      "fixedVariables": {
        "Crash": "FALSE",
        "VehiclesAy": "{(EgoVehicle↦0.0),(Vehicles2↦0.15415670932270586),(Vehicles3↦0.0),(Vehicles4↦0.0),(Vehicles5↦0.0)}",
        "Reward": "0.9996955122319305",
        "VehiclesAx": "{(EgoVehicle↦0.07529020309448242),(Vehicles2↦0.5290007591247559),(Vehicles3↦-0.5176824331283569),(Vehicles4↦-0.368272066116333),(Vehicles5↦0.7604241371154785)}",
        "VehiclesVx": "{(EgoVehicle↦29.988582134246826),(Vehicles2↦-10.705528259277344),(Vehicles3↦-10.497883558273315),(Vehicles4↦-7.028757333755493),(Vehicles5↦-13.203784227371216)}",
        "VehiclesY": "{(EgoVehicle↦8.000000238418579),(Vehicles2↦-7.995992660522461),(Vehicles3↦-4.0000001192092896),(Vehicles4↦-8.000000238418579),(Vehicles5↦0.0)}",
        "VehiclesVy": "{(EgoVehicle↦0.0),(Vehicles2↦-0.0115194299723953),(Vehicles3↦0.0),(Vehicles4↦0.0),(Vehicles5↦0.0)}",
        "VehiclesX": "{(EgoVehicle↦200.0),(Vehicles2↦-8.25517550110817),(Vehicles3↦20.330365002155304),(Vehicles4↦51.14104747772217),(Vehicles5↦54.71451282501221)}"
      },
      "probabilisticVariables": null,
      "activating": [
        "IDLE_5"
      ],
      "activatingOnlyWhenExecuted": true,
      "updating": null,
      "withPredicate": null
    },
    {
      "id": "IDLE_5",
      "execute": "IDLE",
      "after": "1000",
      "priority": 0,
      "additionalGuards": null,
      "activationKind": null,
      "fixedVariables": {
        "Crash": "FALSE",
        "VehiclesAy": "{(EgoVehicle↦0.0),(Vehicles2↦0.0115194299723953),(Vehicles3↦0.0),(Vehicles4↦0.0),(Vehicles5↦-0.0013868663518223912)}",
        "Reward": "0.9999599028453572",
        "VehiclesAx": "{(EgoVehicle↦0.009913444519042969),(Vehicles2↦0.08122920989990234),(Vehicles3↦-2.190767526626587),(Vehicles4↦-0.22586822509765625),(Vehicles5↦3.062230348587036)}",
        "VehiclesVx": "{(EgoVehicle↦29.99849557876587),(Vehicles2↦-10.624299049377441),(Vehicles3↦-12.688651084899902),(Vehicles4↦-7.254625558853149),(Vehicles5↦-10.14155387878418)}",
        "VehiclesY": "{(EgoVehicle↦8.000000238418579),(Vehicles2↦-4.0000001192092896),(Vehicles3↦0.0),(Vehicles4↦-8.000000238418579),(Vehicles5↦-3.999523401260376)}",
        "VehiclesVy": "{(EgoVehicle↦0.0),(Vehicles2↦0.0),(Vehicles3↦0.0),(Vehicles4↦0.0),(Vehicles5↦-0.0013868663518223912)}",
        "VehiclesX": "{(EgoVehicle↦200.0),(Vehicles2↦9.764384478330612),(Vehicles3↦41.734302043914795),(Vehicles4↦44.01431381702423),(Vehicles5↦69.80453133583069)}"
      },
      "probabilisticVariables": null,
      "activating": [
        "SLOWER_6"
      ],
      "activatingOnlyWhenExecuted": true,
      "updating": null,
      "withPredicate": null
    },
    {
      "id": "SLOWER_6",
      "execute": "SLOWER",
      "after": "1000",
      "priority": 0,
      "additionalGuards": null,
      "activationKind": null,
      "fixedVariables": {
        "Crash": "FALSE",
        "VehiclesAy": "{(EgoVehicle↦0.0),(Vehicles2↦0.0),(Vehicles3↦0.0),(Vehicles4↦0.0),(Vehicles5↦-0.0014727682446391555)}",
        "Reward": "0.8842196854227081",
        "VehiclesAx": "{(EgoVehicle↦-4.34025764465332),(Vehicles2↦4.356428384780884),(Vehicles3↦4.682593941688538),(Vehicles4↦4.1930091381073),(Vehicles5↦4.710623621940613)}",
        "VehiclesVx": "{(EgoVehicle↦25.65823793411255),(Vehicles2↦-6.267870664596558),(Vehicles3↦-8.006057143211365),(Vehicles4↦-3.0616164207458496),(Vehicles5↦-5.430930256843567)}",
        "VehiclesY": "{(EgoVehicle↦8.000000238418579),(Vehicles2↦-4.0000001192092896),(Vehicles3↦0.0),(Vehicles4↦-8.000000238418579),(Vehicles5↦-3.99997079372406)}",
        "VehiclesVy": "{(EgoVehicle↦0.0),(Vehicles2↦0.0),(Vehicles3↦0.0),(Vehicles4↦0.0),(Vehicles5↦-8.59018928167643E-05)}",
        "VehiclesX": "{(EgoVehicle↦200.0),(Vehicles2↦1.534655224531889),(Vehicles3↦31.587642431259155),(Vehicles4↦39.090341329574585),(Vehicles5↦62.222838401794434)}"
      },
      "probabilisticVariables": null,
      "activating": [
        "SLOWER_7"
      ],
      "activatingOnlyWhenExecuted": true,
      "updating": null,
      "withPredicate": null
    },
    {
      "id": "SLOWER_7",
      "execute": "SLOWER",
      "after": "1000",
      "priority": 0,
      "additionalGuards": null,
      "activationKind": null,
      "fixedVariables": {
        "Crash": "FALSE",
        "VehiclesAy": "{(EgoVehicle↦0.0),(Vehicles2↦0.0),(Vehicles3↦0.0),(Vehicles4↦0.0),(Vehicles5↦-9.105698609346291E-05)}",
        "Reward": "0.7532031410158848",
        "VehiclesAx": "{(EgoVehicle↦-4.913120269775391),(Vehicles2↦4.977575391530991),(Vehicles3↦5.1547157764434814),(Vehicles4↦4.816079139709473),(Vehicles5↦5.116051509976387)}",
        "VehiclesVx": "{(EgoVehicle↦20.745117664337158),(Vehicles2↦-1.290295273065567),(Vehicles3↦-2.8513413667678833),(Vehicles4↦1.754462718963623),(Vehicles5↦-0.31487874686717987)}",
        "VehiclesY": "{(EgoVehicle↦8.000000238418579),(Vehicles2↦-4.0000001192092896),(Vehicles3↦0.0),(Vehicles4↦-8.000000238418579),(Vehicles5↦-3.9999983310699463)}",
        "VehiclesVy": "{(EgoVehicle↦0.0),(Vehicles2↦0.0),(Vehicles3↦0.0),(Vehicles4↦0.0),(Vehicles5↦-5.155093276698608E-06)}",
        "VehiclesX": "{(EgoVehicle↦200.0),(Vehicles2↦-1.9990265369415283),(Vehicles3↦26.394370198249817),(Vehicles4↦38.6970192193985),(Vehicles5↦59.59331393241882)}"
      },
      "probabilisticVariables": null,
      "activating": [
        "FASTER_8"
      ],
      "activatingOnlyWhenExecuted": true,
      "updating": null,
      "withPredicate": null
    },
    {
      "id": "FASTER_8",
      "execute": "FASTER",
      "after": "1000",
      "priority": 0,
      "additionalGuards": null,
      "activationKind": null,
      "fixedVariables": {
        "Crash": "FALSE",
        "VehiclesAy": "{(EgoVehicle↦0.0),(Vehicles2↦0.0),(Vehicles3↦0.0),(Vehicles4↦0.0),(Vehicles5↦-5.459143999075877E-06)}",
        "Reward": "0.8517249678155349",
        "VehiclesAx": "{(EgoVehicle↦3.6945676803588867),(Vehicles2↦-3.6179839074611664),(Vehicles3↦-3.507208824157715),(Vehicles4↦-3.759428709745407),(Vehicles5↦-3.5848603397607803)}",
        "VehiclesVx": "{(EgoVehicle↦24.439685344696045),(Vehicles2↦-4.908279180526733),(Vehicles3↦-6.358550190925598),(Vehicles4↦-2.004965990781784),(Vehicles5↦-3.89973908662796)}",
        "VehiclesY": "{(EgoVehicle↦8.000000238418579),(Vehicles2↦-4.0000001192092896),(Vehicles3↦0.0),(Vehicles4↦-8.000000238418579),(Vehicles5↦-3.999999761581421)}",
        "VehiclesVy": "{(EgoVehicle↦0.0),(Vehicles2↦0.0),(Vehicles3↦0.0),(Vehicles4↦0.0),(Vehicles5↦-3.0405072237726927E-07)}",
        "VehiclesX": "{(EgoVehicle↦200.0),(Vehicles2↦-5.2970267832279205),(Vehicles3↦21.582959592342377),(Vehicles4↦38.38546276092529),(Vehicles5↦57.28955268859863)}"
      },
      "probabilisticVariables": null,
      "activating": [
        "SLOWER_9"
      ],
      "activatingOnlyWhenExecuted": true,
      "updating": null,
      "withPredicate": null
    },
    {
      "id": "SLOWER_9",
      "execute": "SLOWER",
      "after": "1000",
      "priority": 0,
      "additionalGuards": null,
      "activationKind": null,
      "fixedVariables": {
        "Crash": "FALSE",
        "VehiclesAy": "{(EgoVehicle↦0.0),(Vehicles2↦0.0),(Vehicles3↦0.0),(Vehicles4↦0.0),(Vehicles5↦-3.218159072559956E-07)}",
        "Reward": "0.748924001248685",
        "VehiclesAx": "{(EgoVehicle↦-3.8550353050231934),(Vehicles2↦3.9295578002929688),(Vehicles3↦4.012317806482315),(Vehicles4↦3.807823956012726),(Vehicles5↦3.9144850592128932)}",
        "VehiclesVx": "{(EgoVehicle↦20.58465003967285),(Vehicles2↦-0.9787213802337646),(Vehicles3↦-2.346232384443283),(Vehicles4↦1.8028579652309418),(Vehicles5↦0.014745972584933043)}",
        "VehiclesY": "{(EgoVehicle↦8.000000238418579),(Vehicles2↦-4.0000001192092896),(Vehicles3↦0.0),(Vehicles4↦-8.000000238418579),(Vehicles5↦-4.0000001192092896)}",
        "VehiclesVy": "{(EgoVehicle↦0.0),(Vehicles2↦0.0),(Vehicles3↦0.0),(Vehicles4↦0.0),(Vehicles5↦-1.776518487872636E-08)}",
        "VehiclesX": "{(EgoVehicle↦200.0),(Vehicles2↦-8.048398792743683),(Vehicles3↦17.415796220302582),(Vehicles4↦38.48733901977539),(Vehicles5↦55.54312467575073)}"
      },
      "probabilisticVariables": null,
      "activating": [
        "SLOWER_10"
      ],
      "activatingOnlyWhenExecuted": true,
      "updating": null,
      "withPredicate": null
    },
    {
      "id": "SLOWER_10",
      "execute": "SLOWER",
      "after": "1000",
      "priority": 0,
      "additionalGuards": null,
      "activationKind": null,
      "fixedVariables": {
        "Crash": "FALSE",
        "VehiclesAy": "{(EgoVehicle↦0.0),(Vehicles2↦0.0),(Vehicles3↦0.0),(Vehicles4↦0.0),(Vehicles5↦-1.8797861045527497E-08)}",
        "Reward": "0.7353864254044907",
        "VehiclesAx": "{(EgoVehicle↦-0.507659912109375),(Vehicles2↦0.575544685125351),(Vehicles3↦0.6466224789619446),(Vehicles4↦0.467778742313385),(Vehicles5↦0.540346794296056)}",
        "VehiclesVx": "{(EgoVehicle↦20.076990127563477),(Vehicles2↦-0.4031766951084137),(Vehicles3↦-1.6996099054813385),(Vehicles4↦2.270636707544327),(Vehicles5↦0.5550927668809891)}",
        "VehiclesY": "{(EgoVehicle↦8.000000238418579),(Vehicles2↦-4.0000001192092896),(Vehicles3↦0.0),(Vehicles4↦-8.000000238418579),(Vehicles5↦-4.0000001192092896)}",
        "VehiclesVy": "{(EgoVehicle↦0.0),(Vehicles2↦0.0),(Vehicles3↦0.0),(Vehicles4↦0.0),(Vehicles5↦-1.0326761668011386E-09)}",
        "VehiclesX": "{(EgoVehicle↦200.0),(Vehicles2↦-8.719320595264435),(Vehicles3↦15.4063880443573),(Vehicles4↦40.554022789001465),(Vehicles5↦55.85252642631531)}"
      },
      "probabilisticVariables": null,
      "activating": [
        "SLOWER_11"
      ],
      "activatingOnlyWhenExecuted": true,
      "updating": null,
      "withPredicate": null
    },
    {
      "id": "SLOWER_11",
      "execute": "SLOWER",
      "after": "1000",
      "priority": 0,
      "additionalGuards": null,
      "activationKind": null,
      "fixedVariables": {
        "Crash": "FALSE",
        "VehiclesAy": "{(EgoVehicle↦0.0),(Vehicles2↦0.0),(Vehicles3↦0.0),(Vehicles4↦0.0),(Vehicles5↦-1.09253051050473E-09)}",
        "Reward": "0.7336036993673952",
        "VehiclesAx": "{(EgoVehicle↦-0.06685256958007812),(Vehicles2↦0.1274184137582779),(Vehicles3↦0.19298136234283447),(Vehicles4↦0.02785801887512207),(Vehicles5↦0.08526630699634552)}",
        "VehiclesVx": "{(EgoVehicle↦20.0101375579834),(Vehicles2↦-0.2757582813501358),(Vehicles3↦-1.506628543138504),(Vehicles4↦2.298494726419449),(Vehicles5↦0.6403590738773346)}",
        "VehiclesY": "{(EgoVehicle↦8.000000238418579),(Vehicles2↦-4.0000001192092896),(Vehicles3↦0.0),(Vehicles4↦-8.000000238418579),(Vehicles5↦-4.0000001192092896)}",
        "VehiclesVy": "{(EgoVehicle↦0.0),(Vehicles2↦0.0),(Vehicles3↦0.0),(Vehicles4↦0.0),(Vehicles5↦-5.985434370359144E-11)}",
        "VehiclesX": "{(EgoVehicle↦200.0),(Vehicles2↦-9.060823172330856),(Vehicles3↦13.795007765293121),(Vehicles4↦42.84604489803314),(Vehicles5↦56.452685594558716)}"
      },
      "probabilisticVariables": null,
      "activating": [
        "SLOWER_12"
      ],
      "activatingOnlyWhenExecuted": true,
      "updating": null,
      "withPredicate": null
    },
    {
      "id": "SLOWER_12",
      "execute": "SLOWER",
      "after": "1000",
      "priority": 0,
      "additionalGuards": null,
      "activationKind": null,
      "fixedVariables": {
        "Crash": "FALSE",
        "VehiclesAy": "{(EgoVehicle↦0.0),(Vehicles2↦0.0),(Vehicles3↦0.0),(Vehicles4↦0.0),(Vehicles5↦-6.331823954042193E-11)}",
        "Reward": "0.7333689370909052",
        "VehiclesAx": "{(EgoVehicle↦-0.008802413940429688),(Vehicles2↦0.0627218559384346),(Vehicles3↦0.12464553117752075),(Vehicles4↦-0.03274396061897278),(Vehicles5↦0.01949422061443329)}",
        "VehiclesVx": "{(EgoVehicle↦20.00133514404297),(Vehicles2↦-0.2130364254117012),(Vehicles3↦-1.3819830119609833),(Vehicles4↦2.265750765800476),(Vehicles5↦0.6598532944917679)}",
        "VehiclesY": "{(EgoVehicle↦8.000000238418579),(Vehicles2↦-4.0000001192092896),(Vehicles3↦0.0),(Vehicles4↦-8.000000238418579),(Vehicles5↦-4.0000001192092896)}",
        "VehiclesVy": "{(EgoVehicle↦0.0),(Vehicles2↦0.0),(Vehicles3↦0.0),(Vehicles4↦0.0),(Vehicles5↦-3.4638958368304884E-12)}",
        "VehiclesX": "{(EgoVehicle↦200.0),(Vehicles2↦-9.309664368629456),(Vehicles3↦12.340333312749863),(Vehicles4↦45.13306021690369),(Vehicles5↦57.10262656211853)}"
      },
      "probabilisticVariables": null,
      "activating": [
        "SLOWER_13"
      ],
      "activatingOnlyWhenExecuted": true,
      "updating": null,
      "withPredicate": null
    },
    {
      "id": "SLOWER_13",
      "execute": "SLOWER",
      "after": "1000",
      "priority": 0,
      "additionalGuards": null,
      "activationKind": null,
      "fixedVariables": {
        "Crash": "FALSE",
        "VehiclesAy": "{(EgoVehicle↦0.0),(Vehicles2↦0.0),(Vehicles3↦0.0),(Vehicles4↦0.0),(Vehicles5↦-3.659295089164516E-12)}",
        "Reward": "0.7333380218940012",
        "VehiclesAx": "{(EgoVehicle↦-0.0011587142944335938),(Vehicles2↦0.049416497349739075),(Vehicles3↦0.10799005627632141),(Vehicles4↦-0.044343918561935425),(Vehicles5↦0.007549598813056946)}",
        "VehiclesVx": "{(EgoVehicle↦20.000176429748535),(Vehicles2↦-0.16361992806196213),(Vehicles3↦-1.2739929556846619),(Vehicles4↦2.2214068472385406),(Vehicles5↦0.6674028933048248)}",
        "VehiclesY": "{(EgoVehicle↦8.000000238418579),(Vehicles2↦-4.0000001192092896),(Vehicles3↦0.0),(Vehicles4↦-8.000000238418579),(Vehicles5↦-4.0000001192092896)}",
        "VehiclesVy": "{(EgoVehicle↦0.0),(Vehicles2↦0.0),(Vehicles3↦0.0),(Vehicles4↦0.0),(Vehicles5↦-1.9539925233402755E-13)}",
        "VehiclesX": "{(EgoVehicle↦200.0),(Vehicles2↦-9.502345323562622),(Vehicles3↦11.002407968044281),(Vehicles4↦47.38158881664276),(Vehicles5↦57.76593089103699)}"
      },
      "probabilisticVariables": null,
      "activating": [
        "SLOWER_14"
      ],
      "activatingOnlyWhenExecuted": true,
      "updating": null,
      "withPredicate": null
    },
    {
      "id": "SLOWER_14",
      "execute": "SLOWER",
      "after": "1000",
      "priority": 0,
      "additionalGuards": null,
      "activationKind": null,
      "fixedVariables": {
        "Crash": "FALSE",
        "VehiclesAy": "{(EgoVehicle↦0.0),(Vehicles2↦0.0),(Vehicles3↦0.0),(Vehicles4↦0.0),(Vehicles5↦-2.1316282072803006E-13)}",
        "Reward": "0.7333339507569604",
        "VehiclesAx": "{(EgoVehicle↦-0.000152587890625),(Vehicles2↦0.04367489367723465),(Vehicles3↦0.098743736743927),(Vehicles4↦-0.04949122667312622),(Vehicles5↦0.004037395119667053)}",
        "VehiclesVx": "{(EgoVehicle↦20.00002384185791),(Vehicles2↦-0.11994503438472748),(Vehicles3↦-1.1752492189407349),(Vehicles4↦2.1719156205654144),(Vehicles5↦0.6714402884244919)}",
        "VehiclesY": "{(EgoVehicle↦8.000000238418579),(Vehicles2↦-4.0000001192092896),(Vehicles3↦0.0),(Vehicles4↦-8.000000238418579),(Vehicles5↦-4.0000001192092896)}",
        "VehiclesVy": "{(EgoVehicle↦0.0),(Vehicles2↦0.0),(Vehicles3↦0.0),(Vehicles4↦0.0),(Vehicles5↦-1.7763568394002505E-14)}",
        "VehiclesX": "{(EgoVehicle↦200.0),(Vehicles2↦-9.648126363754272),(Vehicles3↦9.768569469451904),(Vehicles4↦49.58353936672211),(Vehicles5↦58.43512415885925)}"
      },
      "probabilisticVariables": null,
      "activating": [
        "SLOWER_15"
      ],
      "activatingOnlyWhenExecuted": true,
      "updating": null,
      "withPredicate": null
    },
    {
      "id": "SLOWER_15",
      "execute": "SLOWER",
      "after": "1000",
      "priority": 0,
      "additionalGuards": null,
      "activationKind": null,
      "fixedVariables": {
        "Crash": "FALSE",
        "VehiclesAy": "{(EgoVehicle↦0.0),(Vehicles2↦0.0),(Vehicles3↦0.0),(Vehicles4↦0.0),(Vehicles5↦-1.7763568394002505E-14)}",
        "Reward": "0.7333334146401485",
        "VehiclesAx": "{(EgoVehicle↦-2.1457672119140625E-05),(Vehicles2↦-0.9643407166004181),(Vehicles3↦1.0948752146214247),(Vehicles4↦-0.05331754684448242),(Vehicles5↦0.0023499876260757446)}",
        "VehiclesVx": "{(EgoVehicle↦20.00000238418579),(Vehicles2↦-1.0842857509851456),(Vehicles3↦-0.08037400431931019),(Vehicles4↦2.118598073720932),(Vehicles5↦0.6737902760505676)}",
        "VehiclesY": "{(EgoVehicle↦8.000000238418579),(Vehicles2↦0.0),(Vehicles3↦-4.0000001192092896),(Vehicles4↦-8.000000238418579),(Vehicles5↦-4.0000001192092896)}",
        "VehiclesVy": "{(EgoVehicle↦0.0),(Vehicles2↦0.0),(Vehicles3↦0.0),(Vehicles4↦0.0),(Vehicles5↦0.0)}",
        "VehiclesX": "{(EgoVehicle↦200.0),(Vehicles2↦8.63029882311821),(Vehicles3↦-9.751947969198227),(Vehicles4↦51.73439979553223),(Vehicles5↦59.10760760307312)}"
      },
      "probabilisticVariables": null,
      "activating": [
        "SLOWER_16"
      ],
      "activatingOnlyWhenExecuted": true,
      "updating": null,
      "withPredicate": null
    },
    {
      "id": "SLOWER_16",
      "execute": "SLOWER",
      "after": "1000",
      "priority": 0,
      "additionalGuards": null,
      "activationKind": null,
      "fixedVariables": {
        "Crash": "FALSE",
        "VehiclesAy": "{(EgoVehicle↦0.0),(Vehicles2↦0.0),(Vehicles3↦0.0),(Vehicles4↦0.0),(Vehicles5↦0.0)}",
        "Reward": "0.7333333440404036",
        "VehiclesAx": "{(EgoVehicle↦-2.384185791015625E-06),(Vehicles2↦0.08383050560951233),(Vehicles3↦0.0361833069473505),(Vehicles4↦-0.056315064430236816),(Vehicles5↦0.0012908875942230225)}",
        "VehiclesVx": "{(EgoVehicle↦20.0),(Vehicles2↦-1.0004552453756332),(Vehicles3↦-0.044190697371959686),(Vehicles4↦2.062283009290695),(Vehicles5↦0.6750811636447906)}",
        "VehiclesY": "{(EgoVehicle↦8.000000238418579),(Vehicles2↦0.0),(Vehicles3↦-4.0000001192092896),(Vehicles4↦-8.000000238418579),(Vehicles5↦-4.0000001192092896)}",
        "VehiclesVy": "{(EgoVehicle↦0.0),(Vehicles2↦0.0),(Vehicles3↦0.0),(Vehicles4↦0.0),(Vehicles5↦0.0)}",
        "VehiclesX": "{(EgoVehicle↦200.0),(Vehicles2↦7.580094039440155),(Vehicles3↦-9.817599505186081),(Vehicles4↦53.83068323135376),(Vehicles5↦59.78198051452637)}"
      },
      "probabilisticVariables": null,
      "activating": [
        "SLOWER_17"
      ],
      "activatingOnlyWhenExecuted": true,
      "updating": null,
      "withPredicate": null
    },
    {
      "id": "SLOWER_17",
      "execute": "SLOWER",
      "after": "1000",
      "priority": 0,
      "additionalGuards": null,
      "activationKind": null,
      "fixedVariables": {
        "Crash": "FALSE",
        "VehiclesAy": "{(EgoVehicle↦0.0),(Vehicles2↦0.0),(Vehicles3↦0.0),(Vehicles4↦0.0),(Vehicles5↦0.0)}",
        "Reward": "0.7333333347433179",
        "VehiclesAx": "{(EgoVehicle↦0.0),(Vehicles2↦0.07722146809101105),(Vehicles3↦0.03327867132611573),(Vehicles4↦-0.058519840240478516),(Vehicles5↦0.0005332380533218384)}",
        "VehiclesVx": "{(EgoVehicle↦20.0),(Vehicles2↦-0.9232337772846222),(Vehicles3↦-0.010912026045843959),(Vehicles4↦2.0037631690502167),(Vehicles5↦0.6756144016981125)}",
        "VehiclesY": "{(EgoVehicle↦8.000000238418579),(Vehicles2↦0.0),(Vehicles3↦-4.0000001192092896),(Vehicles4↦-8.000000238418579),(Vehicles5↦-4.0000001192092896)}",
        "VehiclesVy": "{(EgoVehicle↦0.0),(Vehicles2↦0.0),(Vehicles3↦0.0),(Vehicles4↦0.0),(Vehicles5↦0.0)}",
        "VehiclesX": "{(EgoVehicle↦200.0),(Vehicles2↦6.611036509275436),(Vehicles3↦-9.848262369632721),(Vehicles4↦55.8696985244751),(Vehicles5↦60.45733094215393)}"
      },
      "probabilisticVariables": null,
      "activating": [
        "SLOWER_18"
      ],
      "activatingOnlyWhenExecuted": true,
      "updating": null,
      "withPredicate": null
    },
    {
      "id": "SLOWER_18",
      "execute": "SLOWER",
      "after": "1000",
      "priority": 0,
      "additionalGuards": null,
      "activationKind": null,
      "fixedVariables": {
        "Crash": "FALSE",
        "VehiclesAy": "{(EgoVehicle↦0.0),(Vehicles2↦0.0),(Vehicles3↦0.0),(Vehicles4↦0.0),(Vehicles5↦0.0)}",
        "Reward": "0.7333333335190103",
        "VehiclesAx": "{(EgoVehicle↦0.0),(Vehicles2↦0.07110521197319031),(Vehicles3↦0.030743101378902793),(Vehicles4↦-0.05997970700263977),(Vehicles5↦-5.4836273193359375E-05)}",
        "VehiclesVx": "{(EgoVehicle↦20.0),(Vehicles2↦-0.8521285653114319),(Vehicles3↦0.019831075333058834),(Vehicles4↦1.943783462047577),(Vehicles5↦0.6755595654249191)}",
        "VehiclesY": "{(EgoVehicle↦8.000000238418579),(Vehicles2↦0.0),(Vehicles3↦-4.0000001192092896),(Vehicles4↦-8.000000238418579),(Vehicles5↦-4.0000001192092896)}",
        "VehiclesVy": "{(EgoVehicle↦0.0),(Vehicles2↦0.0),(Vehicles3↦0.0),(Vehicles4↦0.0),(Vehicles5↦0.0)}",
        "VehiclesX": "{(EgoVehicle↦200.0),(Vehicles2↦5.716714635491371),(Vehicles3↦-9.846686571836472),(Vehicles4↦57.84956216812134),(Vehicles5↦61.132967472076416)}"
      },
      "probabilisticVariables": null,
      "activating": [
        "SLOWER_19"
      ],
      "activatingOnlyWhenExecuted": true,
      "updating": null,
      "withPredicate": null
    },
    {
      "id": "SLOWER_19",
      "execute": "SLOWER",
      "after": "1000",
      "priority": 0,
      "additionalGuards": null,
      "activationKind": null,
      "fixedVariables": {
        "Crash": "TRUE",
        "VehiclesAy": "{(EgoVehicle↦0.0),(Vehicles2↦0.0),(Vehicles3↦0.0),(Vehicles4↦0.0),(Vehicles5↦0.0)}",
        "Reward": "0.06666666669111791",
        "VehiclesAx": "{(EgoVehicle↦0.0),(Vehicles2↦0.06545811891555786),(Vehicles3↦0.02850065939128399),(Vehicles4↦-0.060768723487854004),(Vehicles5↦-0.000537484884262085)}",
        "VehiclesVx": "{(EgoVehicle↦20.0),(Vehicles2↦-0.786670446395874),(Vehicles3↦0.04833173472434282),(Vehicles4↦1.883014738559723),(Vehicles5↦0.675022080540657)}",
        "VehiclesY": "{(EgoVehicle↦8.000000238418579),(Vehicles2↦0.0),(Vehicles3↦-4.0000001192092896),(Vehicles4↦-8.000000238418579),(Vehicles5↦-4.0000001192092896)}",
        "VehiclesVy": "{(EgoVehicle↦0.0),(Vehicles2↦0.0),(Vehicles3↦0.0),(Vehicles4↦0.0),(Vehicles5↦0.0)}",
        "VehiclesX": "{(EgoVehicle↦200.0),(Vehicles2↦5.000000074505806),(Vehicles3↦-9.760887920856476),(Vehicles4↦59.82347130775452),(Vehicles5↦61.86274290084839)}"
      },
      "probabilisticVariables": null,
      "activating": null,
      "activatingOnlyWhenExecuted": true,
      "updating": null,
      "withPredicate": null
    }
  ],
  "listeners": [],
  "metadata": {
    "fileType": "Timed_Trace",
    "formatVersion": 3,
    "savedAt": "2023-08-15T11:29:20.863074Z",
    "creator": "Simulation: MONTE_CARLO_SIMULATION; MAX_STEPS_BEFORE_PROPERTY : 0, EXECUTIONS : 1000, ENDING_TIME : 60000",
    "proB2KernelVersion": "4.12.2",
    "proBCliVersion": "1.12.2-final",
    "modelName": "HighwayEnvironment"
  }
}