{
  "variables": {},
  "activations": [
    {
      "id": "$setup_constants",
      "execute": "$setup_constants",
      "after": "0",
      "priority": 0,
      "additionalGuards": null,
      "activationKind": null,
      "fixedVariables": null,
      "probabilisticVariables": null,
      "activating": null,
      "activatingOnlyWhenExecuted": true,
      "updating": null,
      "withPredicate": null
    },
    {
      "id": "$initialise_machine",
      "execute": "$initialise_machine",
      "after": "0",
      "priority": 0,
      "additionalGuards": null,
      "activationKind": null,
      "fixedVariables": {
        "Crash": "FALSE",
        "VehiclesAy": "{(EgoVehicle↦0.0),(Vehicles2↦0.0),(Vehicles3↦0.0),(Vehicles4↦0.0),(Vehicles5↦0.0)}",
        "Reward": "0.0",
        "VehiclesAx": "{(EgoVehicle↦0.0),(Vehicles2↦0.0),(Vehicles3↦0.0),(Vehicles4↦0.0),(Vehicles5↦0.0)}",
        "VehiclesVx": "{(EgoVehicle↦25.0),(Vehicles2↦-2.411397397518158),(Vehicles3↦-2.651296555995941),(Vehicles4↦-3.5417738556861877),(Vehicles5↦-2.7105677127838135)}",
        "VehiclesY": "{(EgoVehicle↦8.000000238418579),(Vehicles2↦0.0),(Vehicles3↦-4.0000001192092896),(Vehicles4↦-8.000000238418579),(Vehicles5↦-4.0000001192092896)}",
        "VehiclesVy": "{(EgoVehicle↦0.0),(Vehicles2↦0.0),(Vehicles3↦0.0),(Vehicles4↦0.0),(Vehicles5↦0.0)}",
        "VehiclesX": "{(EgoVehicle↦150.0958800315857),(Vehicles2↦21.60293161869049),(Vehicles3↦46.641865372657776),(Vehicles4↦71.3699460029602),(Vehicles5↦95.42509913444519)}"
      },
      "probabilisticVariables": null,
      "activating": [
        "LANE_RIGHT_2"
      ],
      "activatingOnlyWhenExecuted": true,
      "updating": null,
      "withPredicate": null
    },
    {
      "id": "LANE_RIGHT_2",
      "execute": "LANE_RIGHT",
      "after": "1000",
      "priority": 0,
      "additionalGuards": null,
      "activationKind": null,
      "fixedVariables": {
        "Crash": "FALSE",
        "VehiclesAy": "{(EgoVehicle↦0.0),(Vehicles2↦0.0),(Vehicles3↦0.0),(Vehicles4↦0.0),(Vehicles5↦2.152545601129532)}",
        "Reward": "0.8666666666666667",
        "VehiclesAx": "{(EgoVehicle↦0.0),(Vehicles2↦-0.7824179530143738),(Vehicles3↦-2.397424280643463),(Vehicles4↦-0.3501778841018677),(Vehicles5↦-4.5842355489730835)}",
        "VehiclesVx": "{(EgoVehicle↦25.0),(Vehicles2↦-3.1938153505325317),(Vehicles3↦-5.048720836639404),(Vehicles4↦-3.8919517397880554),(Vehicles5↦-7.294803261756897)}",
        "VehiclesY": "{(EgoVehicle↦8.000000238418579),(Vehicles2↦0.0),(Vehicles3↦-4.0000001192092896),(Vehicles4↦-8.000000238418579),(Vehicles5↦-0.7820239663124084)}",
        "VehiclesVy": "{(EgoVehicle↦0.0),(Vehicles2↦0.0),(Vehicles3↦0.0),(Vehicles4↦0.0),(Vehicles5↦2.152545601129532)}",
        "VehiclesX": "{(EgoVehicle↦175.0958800315857),(Vehicles2↦19.065669178962708),(Vehicles3↦43.02509427070618),(Vehicles4↦67.67148971557617),(Vehicles5↦89.95637893676758)}"
      },
      "probabilisticVariables": null,
      "activating": [
        "LANE_RIGHT_3"
      ],
      "activatingOnlyWhenExecuted": true,
      "updating": null,
      "withPredicate": null
    },
    {
      "id": "LANE_RIGHT_3",
      "execute": "LANE_RIGHT",
      "after": "1000",
      "priority": 0,
      "additionalGuards": null,
      "activationKind": null,
      "fixedVariables": {
        "Crash": "FALSE",
        "VehiclesAy": "{(EgoVehicle↦0.0),(Vehicles2↦0.0),(Vehicles3↦0.0),(Vehicles4↦0.0),(Vehicles5↦2.3180140554904938)}",
        "Reward": "0.8666666666666667",
        "VehiclesAx": "{(EgoVehicle↦0.0),(Vehicles2↦-0.9933683276176453),(Vehicles3↦-0.24084806442260742),(Vehicles4↦-0.19267410039901733),(Vehicles5↦0.6955766677856445)}",
        "VehiclesVx": "{(EgoVehicle↦25.0),(Vehicles2↦-4.187183678150177),(Vehicles3↦-5.289568901062012),(Vehicles4↦-4.084625840187073),(Vehicles5↦-6.599226593971252)}",
        "VehiclesY": "{(EgoVehicle↦8.000000238418579),(Vehicles2↦0.0),(Vehicles3↦-4.0000001192092896),(Vehicles4↦-8.000000238418579),(Vehicles5↦-0.05874037183821201)}",
        "VehiclesVy": "{(EgoVehicle↦0.0),(Vehicles2↦0.0),(Vehicles3↦0.0),(Vehicles4↦0.0),(Vehicles5↦0.16546845436096191)}",
        "VehiclesX": "{(EgoVehicle↦200.0),(Vehicles2↦15.412773191928864),(Vehicles3↦37.89280951023102),(Vehicles4↦63.69324326515198),(Vehicles5↦83.09597373008728)}"
      },
      "probabilisticVariables": null,
      "activating": [
        "LANE_LEFT_4"
      ],
      "activatingOnlyWhenExecuted": true,
      "updating": null,
      "withPredicate": null
    },
    {
      "id": "LANE_LEFT_4",
      "execute": "LANE_LEFT",
      "after": "1000",
      "priority": 0,
      "additionalGuards": null,
      "activationKind": null,
      "fixedVariables": {
        "Crash": "FALSE",
        "VehiclesAy": "{(EgoVehicle↦-1.0796338319778442),(Vehicles2↦1.0796338319778442),(Vehicles3↦1.0796338319778442),(Vehicles4↦1.0796338319778442),(Vehicles5↦1.2573181837797165)}",
        "Reward": "0.8327113850086175",
        "VehiclesAx": "{(EgoVehicle↦-0.023322105407714844),(Vehicles2↦-0.4844185709953308),(Vehicles3↦-0.1875472068786621),(Vehicles4↦-0.0805547833442688),(Vehicles5↦0.3192538022994995)}",
        "VehiclesVx": "{(EgoVehicle↦24.976677894592285),(Vehicles2↦-4.671602249145508),(Vehicles3↦-5.477116107940674),(Vehicles4↦-4.1651806235313416),(Vehicles5↦-6.279972791671753)}",
        "VehiclesY": "{(EgoVehicle↦4.34003484249115),(Vehicles2↦3.6599650382995605),(Vehicles3↦-0.3400348797440529),(Vehicles4↦-4.34003484249115),(Vehicles5↦3.6556735038757324)}",
        "VehiclesVy": "{(EgoVehicle↦-1.0796338319778442),(Vehicles2↦1.0796338319778442),(Vehicles3↦1.0796338319778442),(Vehicles4↦1.0796338319778442),(Vehicles5↦1.0918497294187546)}",
        "VehiclesX": "{(EgoVehicle↦200.0),(Vehicles2↦11.319427192211151),(Vehicles3↦32.85067975521088),(Vehicles4↦59.881532192230225),(Vehicles5↦76.86483263969421)}"
      },
      "probabilisticVariables": null,
      "activating": [
        "FASTER_5"
      ],
      "activatingOnlyWhenExecuted": true,
      "updating": null,
      "withPredicate": null
    },
    {
      "id": "FASTER_5",
      "execute": "FASTER",
      "after": "1000",
      "priority": 0,
      "additionalGuards": null,
      "activationKind": null,
      "fixedVariables": {
        "Crash": "FALSE",
        "VehiclesAy": "{(EgoVehicle↦1.0525126825086772),(Vehicles2↦-1.0525126825086772),(Vehicles3↦-1.0525126825086772),(Vehicles4↦-1.0525126825086772),(Vehicles5↦1.1198137700557709)}",
        "Reward": "0.9491080333766447",
        "VehiclesAx": "{(EgoVehicle↦4.364874362945557),(Vehicles2↦-4.589388370513916),(Vehicles3↦-4.664434194564819),(Vehicles4↦-4.417500197887421),(Vehicles5↦-3.5812604427337646)}",
        "VehiclesVx": "{(EgoVehicle↦29.341552257537842),(Vehicles2↦-9.260990619659424),(Vehicles3↦-10.141550302505493),(Vehicles4↦-8.582680821418762),(Vehicles5↦-9.861233234405518)}",
        "VehiclesY": "{(EgoVehicle↦4.006503582000732),(Vehicles2↦3.993496298789978),(Vehicles3↦-0.006503580836579204),(Vehicles4↦-4.006503582000732),(Vehicles5↦3.9932048320770264)}",
        "VehiclesVy": "{(EgoVehicle↦-0.027121149469166994),(Vehicles2↦0.027121149469166994),(Vehicles3↦0.027121149469166994),(Vehicles4↦0.027121149469166994),(Vehicles5↦0.027964040637016296)}",
        "VehiclesX": "{(EgoVehicle↦200.0),(Vehicles2↦4.124138876795769),(Vehicles3↦24.83927607536316),(Vehicles4↦53.277575969696045),(Vehicles5↦68.51874589920044)}"
      },
      "probabilisticVariables": null,
      "activating": [
        "LANE_LEFT_6"
      ],
      "activatingOnlyWhenExecuted": true,
      "updating": null,
      "withPredicate": null
    },
    {
      "id": "LANE_LEFT_6",
      "execute": "LANE_LEFT",
      "after": "1000",
      "priority": 0,
      "additionalGuards": null,
      "activationKind": null,
      "fixedVariables": {
        "Crash": "FALSE",
        "VehiclesAy": "{(EgoVehicle↦-0.9910520236007869),(Vehicles2↦0.9910520236007869),(Vehicles3↦0.9910520236007869),(Vehicles4↦0.9910520236007869),(Vehicles5↦1.0461913794279099)}",
        "Reward": "0.930558914769911",
        "VehiclesAx": "{(EgoVehicle↦0.5544066429138184),(Vehicles2↦-0.6172060966491699),(Vehicles3↦-0.8215498924255371),(Vehicles4↦-0.5771487951278687),(Vehicles5↦-0.1348632574081421)}",
        "VehiclesVx": "{(EgoVehicle↦29.89595890045166),(Vehicles2↦-9.878196716308594),(Vehicles3↦-10.96310019493103),(Vehicles4↦-9.15982961654663),(Vehicles5↦-9.99609649181366)}",
        "VehiclesY": "{(EgoVehicle↦0.2919534221291542),(Vehicles2↦7.7080464363098145),(Vehicles3↦3.7080466747283936),(Vehicles4↦-0.2919534221291542),(Vehicles5↦7.7080278396606445)}",
        "VehiclesVy": "{(EgoVehicle↦-1.018173173069954),(Vehicles2↦1.018173173069954),(Vehicles3↦1.018173173069954),(Vehicles4↦1.018173173069954),(Vehicles5↦1.0182273387908936)}",
        "VehiclesX": "{(EgoVehicle↦200.0),(Vehicles2↦-5.203479155898094),(Vehicles3↦14.552639424800873),(Vehicles4↦44.65029239654541),(Vehicles5↦58.81494879722595)}"
      },
      "probabilisticVariables": null,
      "activating": [
        "FASTER_7"
      ],
      "activatingOnlyWhenExecuted": true,
      "updating": null,
      "withPredicate": null
    },
    {
      "id": "FASTER_7",
      "execute": "FASTER",
      "after": "1000",
      "priority": 0,
      "additionalGuards": null,
      "activationKind": null,
      "fixedVariables": {
        "Crash": "FALSE",
        "VehiclesAy": "{(EgoVehicle↦1.0027710814028978),(Vehicles2↦-1.0027710814028978),(Vehicles3↦-1.0027710814028978),(Vehicles4↦-1.0027677135076374),(Vehicles5↦1.0336294304579496)}",
        "Reward": "0.9330287400920335",
        "VehiclesAx": "{(EgoVehicle↦0.09261846542358398),(Vehicles2↦-1.3814318180084229),(Vehicles3↦1.7053455114364624),(Vehicles4↦-0.7402551174163818),(Vehicles5↦-3.2903510332107544)}",
        "VehiclesVx": "{(EgoVehicle↦29.988577365875244),(Vehicles2↦-11.259628534317017),(Vehicles3↦-9.257754683494568),(Vehicles4↦-9.900084733963013),(Vehicles5↦-13.286447525024414)}",
        "VehiclesY": "{(EgoVehicle↦0.0033439096296206117),(Vehicles2↦3.9966559410095215),(Vehicles3↦-0.0033439096296206117),(Vehicles4↦7.996654987335205),(Vehicles5↦3.9966559410095215)}",
        "VehiclesVy": "{(EgoVehicle↦-0.015402091667056084),(Vehicles2↦0.015402091667056084),(Vehicles3↦0.015402091667056084),(Vehicles4↦0.015405459562316537),(Vehicles5↦0.015402091667056084)}",
        "VehiclesX": "{(EgoVehicle↦200.0),(Vehicles2↦3.446483612060547),(Vehicles3↦35.43113470077515),(Vehicles4↦48.852187395095825),(Vehicles5↦60.69048047065735)}"
      },
      "probabilisticVariables": null,
      "activating": [
        "LANE_LEFT_8"
      ],
      "activatingOnlyWhenExecuted": true,
      "updating": null,
      "withPredicate": null
    },
    {
      "id": "LANE_LEFT_8",
      "execute": "LANE_LEFT",
      "after": "1000",
      "priority": 0,
      "additionalGuards": null,
      "activationKind": null,
      "fixedVariables": {
        "Crash": "FALSE",
        "VehiclesAy": "{(EgoVehicle↦0.015446912771039933),(Vehicles2↦-0.015446912771039933),(Vehicles3↦-0.015446912771039933),(Vehicles4↦-0.01545007410186372),(Vehicles5↦0.015357270563072234)}",
        "Reward": "0.9332932361777976",
        "VehiclesAx": "{(EgoVehicle↦0.009918212890625),(Vehicles2↦-0.14954805374145508),(Vehicles3↦-0.005145668983459473),(Vehicles4↦0.043250322341918945),(Vehicles5↦0.3922140598297119)}",
        "VehiclesVx": "{(EgoVehicle↦29.99849557876587),(Vehicles2↦-11.409176588058472),(Vehicles3↦-9.262900352478027),(Vehicles4↦-9.856834411621094),(Vehicles5↦-12.894233465194702)}",
        "VehiclesY": "{(EgoVehicle↦-2.947768007288687E-05),(Vehicles2↦4.000029444694519),(Vehicles3↦2.947768007288687E-05),(Vehicles4↦8.000029563903809),(Vehicles5↦4.000029444694519)}",
        "VehiclesVy": "{(EgoVehicle↦4.482110398384975E-05),(Vehicles2↦-4.482110398384975E-05),(Vehicles3↦-4.482110398384975E-05),(Vehicles4↦-4.4614539547183085E-05),(Vehicles5↦-4.482110398384975E-05)}",
        "VehiclesX": "{(EgoVehicle↦200.0),(Vehicles2↦-7.879318296909332),(Vehicles3↦26.169216632843018),(Vehicles4↦38.97589445114136),(Vehicles5↦47.56123721599579)}"
      },
      "probabilisticVariables": null,
      "activating": [
        "SLOWER_9"
      ],
      "activatingOnlyWhenExecuted": true,
      "updating": null,
      "withPredicate": null
    },
    {
      "id": "SLOWER_9",
      "execute": "SLOWER",
      "after": "1000",
      "priority": 0,
      "additionalGuards": null,
      "activationKind": null,
      "fixedVariables": {
        "Crash": "FALSE",
        "VehiclesAy": "{(EgoVehicle↦-3.894535836934665E-05),(Vehicles2↦3.894535836934665E-05),(Vehicles3↦3.895800716691156E-05),(Vehicles4↦3.873879393267998E-05),(Vehicles5↦-5.227452845701919E-05)}",
        "Reward": "0.8175530187560236",
        "VehiclesAx": "{(EgoVehicle↦-4.34025764465332),(Vehicles2↦6.497013866901398),(Vehicles3↦3.73471736907959),(Vehicles4↦1.6567391157150269),(Vehicles5↦6.490713953971863)}",
        "VehiclesVx": "{(EgoVehicle↦25.65823793411255),(Vehicles2↦-4.912162721157074),(Vehicles3↦-5.5281829833984375),(Vehicles4↦-8.200095295906067),(Vehicles5↦-6.403519511222839)}",
        "VehiclesY": "{(EgoVehicle↦-1.8646971966518322E-06),(Vehicles2↦1.8646971966518322E-06),(Vehicles3↦8.000001668930054),(Vehicles4↦4.000001907348633),(Vehicles5↦4.0000022649765015)}",
        "VehiclesVy": "{(EgoVehicle↦5.875745614503103E-06),(Vehicles2↦-5.875745614503103E-06),(Vehicles3↦-5.863096816938196E-06),(Vehicles4↦-5.875745614503103E-06),(Vehicles5↦-7.453424473169434E-06)}",
        "VehiclesX": "{(EgoVehicle↦200.0),(Vehicles2↦19.304518401622772),(Vehicles3↦31.51138424873352),(Vehicles4↦37.20808923244476),(Vehicles5↦80.56971430778503)}"
      },
      "probabilisticVariables": null,
      "activating": [
        "LANE_RIGHT_10"
      ],
      "activatingOnlyWhenExecuted": true,
      "updating": null,
      "withPredicate": null
    },
    {
      "id": "LANE_RIGHT_10",
      "execute": "LANE_RIGHT",
      "after": "1000",
      "priority": 0,
      "additionalGuards": null,
      "activationKind": null,
      "fixedVariables": {
        "Crash": "FALSE",
        "VehiclesAy": "{(EgoVehicle↦1.0917411846725145),(Vehicles2↦-1.0917411846725145),(Vehicles3↦-1.091741197321312),(Vehicles4↦-1.0917411846725145),(Vehicles5↦-2.2557058958835796)}",
        "Reward": "0.8350110520099344",
        "VehiclesAx": "{(EgoVehicle↦-0.5953240394592285),(Vehicles2↦-0.13566821813583374),(Vehicles3↦0.5694893002510071),(Vehicles4↦1.0539507865905762),(Vehicles5↦0.6152534484863281)}",
        "VehiclesVx": "{(EgoVehicle↦25.06291389465332),(Vehicles2↦-5.047830939292908),(Vehicles3↦-4.95869368314743),(Vehicles4↦-7.146144509315491),(Vehicles5↦-5.788266062736511)}",
        "VehiclesY": "{(EgoVehicle↦3.655185341835022),(Vehicles2↦-3.655185341835022),(Vehicles3↦4.3448145389556885),(Vehicles4↦0.3448145315051079),(Vehicles5↦-3.248242735862732)}",
        "VehiclesVy": "{(EgoVehicle↦1.091747060418129),(Vehicles2↦-1.091747060418129),(Vehicles3↦-1.091747060418129),(Vehicles4↦-1.091747060418129),(Vehicles5↦-2.2556984424591064)}",
        "VehiclesX": "{(EgoVehicle↦200.0),(Vehicles2↦14.857356250286102),(Vehicles3↦26.60193145275116),(Vehicles4↦29.70726490020752),(Vehicles5↦74.36907291412354)}"
      },
      "probabilisticVariables": null,
      "activating": [
        "SLOWER_11"
      ],
      "activatingOnlyWhenExecuted": true,
      "updating": null,
      "withPredicate": null
    },
    {
      "id": "SLOWER_11",
      "execute": "SLOWER",
      "after": "1000",
      "priority": 0,
      "additionalGuards": null,
      "activationKind": null,
      "fixedVariables": {
        "Crash": "FALSE",
        "VehiclesAy": "{(EgoVehicle↦-1.0422114003449678),(Vehicles2↦1.0422114003449678),(Vehicles3↦1.0422114003449678),(Vehicles4↦1.0422114003449678),(Vehicles5↦-2.3827526345849037)}",
        "Reward": "0.7178611123964114",
        "VehiclesAx": "{(EgoVehicle↦-4.39312219619751),(Vehicles2↦3.77302423119545),(Vehicles3↦4.373742304742336),(Vehicles4↦5.706470310688019),(Vehicles5↦4.68646727502346)}",
        "VehiclesVx": "{(EgoVehicle↦20.66979169845581),(Vehicles2↦-1.2748067080974579),(Vehicles3↦-0.5849513784050941),(Vehicles4↦-1.439674198627472),(Vehicles5↦-1.1017987877130508)}",
        "VehiclesY": "{(EgoVehicle↦3.9828511476516724),(Vehicles2↦-3.9828511476516724),(Vehicles3↦4.017148733139038),(Vehicles4↦0.01714876340702176),(Vehicles5↦-3.9559736251831055)}",
        "VehiclesVy": "{(EgoVehicle↦0.049535660073161125),(Vehicles2↦-0.049535660073161125),(Vehicles3↦-0.049535660073161125),(Vehicles4↦-0.049535660073161125),(Vehicles5↦-0.12705419212579727)}",
        "VehiclesX": "{(EgoVehicle↦200.0),(Vehicles2↦11.939030140638351),(Vehicles3↦24.051235616207123),(Vehicles4↦25.54229199886322),(Vehicles5↦71.133553981781)}"
      },
      "probabilisticVariables": null,
      "activating": [
        "SLOWER_12"
      ],
      "activatingOnlyWhenExecuted": true,
      "updating": null,
      "withPredicate": null
    },
    {
      "id": "SLOWER_12",
      "execute": "SLOWER",
      "after": "1000",
      "priority": 0,
      "additionalGuards": null,
      "activationKind": null,
      "fixedVariables": {
        "Crash": "FALSE",
        "VehiclesAy": "{(EgoVehicle↦-0.04649059963412583),(Vehicles2↦0.04649059963412583),(Vehicles3↦0.04649059963412583),(Vehicles4↦0.04649059963412583),(Vehicles5↦-0.13510557706467807)}",
        "Reward": "0.7023522829306058",
        "VehiclesAx": "{(EgoVehicle↦-0.5815815925598145),(Vehicles2↦0.30825041234493256),(Vehicles3↦0.572934168158099),(Vehicles4↦1.4475206210045144),(Vehicles5↦0.7965812459588051)}",
        "VehiclesVx": "{(EgoVehicle↦20.088210105895996),(Vehicles2↦-0.9665562957525253),(Vehicles3↦-0.012017210246995091),(Vehicles4↦0.007846422377042472),(Vehicles5↦-0.30521754175424576)}",
        "VehiclesY": "{(EgoVehicle↦3.998950481414795),(Vehicles2↦-3.998950481414795),(Vehicles3↦4.0010493993759155),(Vehicles4↦0.001049440907081589),(Vehicles5↦-3.997222065925598)}",
        "VehiclesVy": "{(EgoVehicle↦0.0030450604390352964),(Vehicles2↦-0.0030450604390352964),(Vehicles3↦-0.0030450604390352964),(Vehicles4↦-0.0030450604390352964),(Vehicles5↦-0.008051384938880801)}",
        "VehiclesX": "{(EgoVehicle↦200.0),(Vehicles2↦10.856834053993225),(Vehicles3↦23.7828329205513),(Vehicles4↦24.801631271839142),(Vehicles5↦70.44192552566528)}"
      },
      "probabilisticVariables": null,
      "activating": [
        "SLOWER_13"
      ],
      "activatingOnlyWhenExecuted": true,
      "updating": null,
      "withPredicate": null
    },
    {
      "id": "SLOWER_13",
      "execute": "SLOWER",
      "after": "1000",
      "priority": 0,
      "additionalGuards": null,
      "activationKind": null,
      "fixedVariables": {
        "Crash": "FALSE",
        "VehiclesAy": "{(EgoVehicle↦-0.0028558367557707243),(Vehicles2↦0.0028558367557707243),(Vehicles3↦0.0028558367557707243),(Vehicles4↦0.0028558367557707243),(Vehicles5↦-0.008557052824471612)}",
        "Reward": "0.7003097664400193",
        "VehiclesAx": "{(EgoVehicle↦-0.07659435272216797),(Vehicles2↦-0.02261728048324585),(Vehicles3↦0.07626012549735606),(Vehicles4↦0.6025880278320983),(Vehicles5↦0.25475555565208197)}",
        "VehiclesVx": "{(EgoVehicle↦20.011615753173828),(Vehicles2↦-0.9891735762357712),(Vehicles3↦0.06424291525036097),(Vehicles4↦0.6104344502091408),(Vehicles5↦-0.05046198610216379)}",
        "VehiclesY": "{(EgoVehicle↦3.999934673309326),(Vehicles2↦-3.999934673309326),(Vehicles3↦4.000065207481384),(Vehicles4↦6.515814311569557E-05),(Vehicles5↦-3.999825954437256)}",
        "VehiclesVy": "{(EgoVehicle↦0.00018922368326457217),(Vehicles2↦-0.00018922368326457217),(Vehicles3↦-0.00018922368326457217),(Vehicles4↦-0.00018922368326457217),(Vehicles5↦-0.0005056678855908103)}",
        "VehiclesX": "{(EgoVehicle↦200.0),(Vehicles2↦9.883031249046326),(Vehicles3↦23.81242662668228),(Vehicles4↦25.08472204208374),(Vehicles5↦70.25282382965088)}"
      },
      "probabilisticVariables": null,
      "activating": [
        "SLOWER_14"
      ],
      "activatingOnlyWhenExecuted": true,
      "updating": null,
      "withPredicate": null
    },
    {
      "id": "SLOWER_14",
      "execute": "SLOWER",
      "after": "1000",
      "priority": 0,
      "additionalGuards": null,
      "activationKind": null,
      "fixedVariables": {
        "Crash": "FALSE",
        "VehiclesAy": "{(EgoVehicle↦-0.00017745218428899534),(Vehicles2↦0.00017745218428899534),(Vehicles3↦0.00017745218428899534),(Vehicles4↦0.00017745218428899534),(Vehicles5↦-0.0005370843700802652)}",
        "Reward": "0.7000407922914468",
        "VehiclesAx": "{(EgoVehicle↦-0.010085105895996094),(Vehicles2↦0.00209026038646698),(Vehicles3↦0.01422931905835867),(Vehicles4↦0.305098257958889),(Vehicles5↦0.1594444690272212)}",
        "VehiclesVx": "{(EgoVehicle↦20.001530647277832),(Vehicles2↦-0.9870833158493042),(Vehicles3↦0.07847223430871964),(Vehicles4↦0.9155327081680298),(Vehicles5↦0.10898248292505741)}",
        "VehiclesY": "{(EgoVehicle↦3.9999958276748657),(Vehicles2↦-3.9999958276748657),(Vehicles3↦4.000004053115845),(Vehicles4↦4.052996359860117E-06),(Vehicles5↦-3.9999890327453613)}",
        "VehiclesVy": "{(EgoVehicle↦1.1771498975576833E-05),(Vehicles2↦-1.1771498975576833E-05),(Vehicles3↦-1.1771498975576833E-05),(Vehicles4↦-1.1771498975576833E-05),(Vehicles5↦-3.141648448945489E-05)}",
        "VehiclesX": "{(EgoVehicle↦200.0),(Vehicles2↦8.891060203313828),(Vehicles3↦23.883672058582306),(Vehicles4↦25.8333683013916),(Vehicles5↦70.26969790458679)}"
      },
      "probabilisticVariables": null,
      "activating": [
        "SLOWER_15"
      ],
      "activatingOnlyWhenExecuted": true,
      "updating": null,
      "withPredicate": null
    },
    {
      "id": "SLOWER_15",
      "execute": "SLOWER",
      "after": "1000",
      "priority": 0,
      "additionalGuards": null,
      "activationKind": null,
      "fixedVariables": {
        "Crash": "FALSE",
        "VehiclesAy": "{(EgoVehicle↦-1.1039093976705772E-05),(Vehicles2↦1.1039093976705772E-05),(Vehicles3↦1.1039093976705772E-05),(Vehicles4↦1.1039093976705772E-05),(Vehicles5↦-3.334995170689581E-05)}",
        "Reward": "0.7000053718243998",
        "VehiclesAx": "{(EgoVehicle↦-0.0013303756713867188),(Vehicles2↦0.04092849791049957),(Vehicles3↦0.006934031844139099),(Vehicles4↦0.15071816742420197),(Vehicles5↦0.128075135871768)}",
        "VehiclesVx": "{(EgoVehicle↦20.000200271606445),(Vehicles2↦-0.9461548179388046),(Vehicles3↦0.08540626615285873),(Vehicles4↦1.0662508755922318),(Vehicles5↦0.2370576187968254)}",
        "VehiclesY": "{(EgoVehicle↦3.999999761581421),(Vehicles2↦-3.999999761581421),(Vehicles3↦4.0000001192092896),(Vehicles4↦2.5216763077651194E-07),(Vehicles5↦-3.9999994039535522)}",
        "VehiclesVy": "{(EgoVehicle↦7.324049988710613E-07),(Vehicles2↦-7.324049988710613E-07),(Vehicles3↦-7.324049988710613E-07),(Vehicles4↦-7.324049988710613E-07),(Vehicles5↦-1.9334672174409206E-06)}",
        "VehiclesX": "{(EgoVehicle↦200.0),(Vehicles2↦7.917899638414383),(Vehicles3↦23.96508902311325),(Vehicles4↦26.818343997001648),(Vehicles5↦70.43173313140869)}"
      },
      "probabilisticVariables": null,
      "activating": [
        "LANE_RIGHT_16"
      ],
      "activatingOnlyWhenExecuted": true,
      "updating": null,
      "withPredicate": null
    },
    {
      "id": "LANE_RIGHT_16",
      "execute": "LANE_RIGHT",
      "after": "1000",
      "priority": 0,
      "additionalGuards": null,
      "activationKind": null,
      "fixedVariables": {
        "Crash": "FALSE",
        "VehiclesAy": "{(EgoVehicle↦1.1458665259053191),(Vehicles2↦-1.1458665259053191),(Vehicles3↦-1.1458665259053191),(Vehicles4↦-1.1458665259053191),(Vehicles5↦-1.1458692662833414)}",
        "Reward": "0.7333333333333334",
        "VehiclesAx": "{(EgoVehicle↦-0.03302574157714844),(Vehicles2↦0.09631223976612091),(Vehicles3↦0.0384070910513401),(Vehicles4↦0.09479217231273651),(Vehicles5↦0.13975292444229126)}",
        "VehiclesVx": "{(EgoVehicle↦19.967174530029297),(Vehicles2↦-0.8498425781726837),(Vehicles3↦0.12381335720419884),(Vehicles4↦1.1610430479049683),(Vehicles5↦0.37681054323911667)}",
        "VehiclesY": "{(EgoVehicle↦7.603697776794434),(Vehicles2↦-7.603697776794434),(Vehicles3↦0.39630192518234253),(Vehicles4↦-3.6036980152130127),(Vehicles5↦-7.603697776794434)}",
        "VehiclesVy": "{(EgoVehicle↦1.145867258310318),(Vehicles2↦-1.145867258310318),(Vehicles3↦-1.145867258310318),(Vehicles4↦-1.145867258310318),(Vehicles5↦-1.145867332816124)}",
        "VehiclesX": "{(EgoVehicle↦200.0),(Vehicles2↦7.382503151893616),(Vehicles3↦24.439390003681183),(Vehicles4↦28.301280736923218),(Vehicles5↦71.09972834587097)}"
      },
      "probabilisticVariables": null,
      "activating": [
        "SLOWER_17"
      ],
      "activatingOnlyWhenExecuted": true,
      "updating": null,
      "withPredicate": null
    },
    {
      "id": "SLOWER_17",
      "execute": "SLOWER",
      "after": "1000",
      "priority": 0,
      "additionalGuards": null,
      "activationKind": null,
      "fixedVariables": {
        "Crash": "FALSE",
        "VehiclesAy": "{(EgoVehicle↦-1.0740643413737416),(Vehicles2↦1.0740643413737416),(Vehicles3↦1.0740643413737416),(Vehicles4↦1.0740643413737416),(Vehicles5↦-1.2176702544093132)}",
        "Reward": "0.7333333333333334",
        "VehiclesAx": "{(EgoVehicle↦0.032700300216674805),(Vehicles2↦0.040770694613456726),(Vehicles3↦-0.028117913752794266),(Vehicles4↦-0.022314339876174927),(Vehicles5↦0.05631677806377411)}",
        "VehiclesVx": "{(EgoVehicle↦19.99987483024597),(Vehicles2↦-0.809071883559227),(Vehicles3↦0.09569544345140457),(Vehicles4↦1.1387287080287933),(Vehicles5↦0.4331273213028908)}",
        "VehiclesY": "{(EgoVehicle↦7.975277423858643),(Vehicles2↦-7.975277423858643),(Vehicles3↦0.02472253516316414),(Vehicles4↦-3.975277304649353),(Vehicles5↦-7.975277423858643)}",
        "VehiclesVy": "{(EgoVehicle↦0.07180291693657637),(Vehicles2↦-0.07180291693657637),(Vehicles3↦-0.07180291693657637),(Vehicles4↦-0.07180291693657637),(Vehicles5↦-0.07180292159318924)}",
        "VehiclesX": "{(EgoVehicle↦200.0),(Vehicles2↦6.534045189619064),(Vehicles3↦24.5375394821167),(Vehicles4↦29.442012310028076),(Vehicles5↦71.48584723472595)}"
      },
      "probabilisticVariables": null,
      "activating": [
        "SLOWER_18"
      ],
      "activatingOnlyWhenExecuted": true,
      "updating": null,
      "withPredicate": null
    },
    {
      "id": "SLOWER_18",
      "execute": "SLOWER",
      "after": "1000",
      "priority": 0,
      "additionalGuards": null,
      "activationKind": null,
      "fixedVariables": {
        "Crash": "FALSE",
        "VehiclesAy": "{(EgoVehicle↦-0.06733512302162126),(Vehicles2↦0.06733512302162126),(Vehicles3↦0.06733512302162126),(Vehicles4↦0.06733512302162126),(Vehicles5↦-0.07627071579918265)}",
        "Reward": "0.7333333333333334",
        "VehiclesAx": "{(EgoVehicle↦0.0001251697540283203),(Vehicles2↦0.07608383893966675),(Vehicles3↦0.004194770008325577),(Vehicles4↦-0.019821003079414368),(Vehicles5↦0.0751269981265068)}",
        "VehiclesVx": "{(EgoVehicle↦20.0),(Vehicles2↦-0.7329880446195602),(Vehicles3↦0.09989021345973015),(Vehicles4↦1.118907704949379),(Vehicles5↦0.5082543194293976)}",
        "VehiclesY": "{(EgoVehicle↦7.998461723327637),(Vehicles2↦-7.998461723327637),(Vehicles3↦0.001538262062240392),(Vehicles4↦-3.998461604118347),(Vehicles5↦-7.998461723327637)}",
        "VehiclesVy": "{(EgoVehicle↦0.004467793914955109),(Vehicles2↦-0.004467793914955109),(Vehicles3↦-0.004467793914955109),(Vehicles4↦-0.004467793914955109),(Vehicles5↦-0.004467794205993414)}",
        "VehiclesX": "{(EgoVehicle↦200.0),(Vehicles2↦5.7553257793188095),(Vehicles3↦24.634838104248047),(Vehicles4↦30.57456910610199),(Vehicles5↦71.94992303848267)}"
      },
      "probabilisticVariables": null,
      "activating": [
        "SLOWER_19"
      ],
      "activatingOnlyWhenExecuted": true,
      "updating": null,
      "withPredicate": null
    },
    {
      "id": "SLOWER_19",
      "execute": "SLOWER",
      "after": "1000",
      "priority": 0,
      "additionalGuards": null,
      "activationKind": null,
      "fixedVariables": {
        "Crash": "FALSE",
        "VehiclesAy": "{(EgoVehicle↦-0.0041898082236002665),(Vehicles2↦0.0041898082236002665),(Vehicles3↦0.0041898082236002665),(Vehicles4↦0.0041898082236002665),(Vehicles5↦-0.004745779915538151)}",
        "Reward": "0.7333333348972775",
        "VehiclesAx": "{(EgoVehicle↦0.0),(Vehicles2↦0.07506869733333588),(Vehicles3↦0.005025947466492653),(Vehicles4↦-0.037390291690826416),(Vehicles5↦0.06495136767625809)}",
        "VehiclesVx": "{(EgoVehicle↦20.0),(Vehicles2↦-0.6579193472862244),(Vehicles3↦0.1049161609262228),(Vehicles4↦1.0815174132585526),(Vehicles5↦0.5732056871056557)}",
        "VehiclesY": "{(EgoVehicle↦7.99990439414978),(Vehicles2↦-7.99990439414978),(Vehicles3↦9.571048576617613E-05),(Vehicles4↦-3.9999042749404907),(Vehicles5↦-7.99990439414978)}",
        "VehiclesVy": "{(EgoVehicle↦0.00027798569135484286),(Vehicles2↦-0.00027798569135484286),(Vehicles3↦-0.00027798569135484286),(Vehicles4↦-0.00027798569135484286),(Vehicles5↦-0.0002779857095447369)}",
        "VehiclesX": "{(EgoVehicle↦200.0),(Vehicles2↦5.0525519996881485),(Vehicles3↦24.736647307872772),(Vehicles4↦31.67959153652191),(Vehicles5↦72.48486280441284)}"
      },
      "probabilisticVariables": null,
      "activating": [
        "SLOWER_20"
      ],
      "activatingOnlyWhenExecuted": true,
      "updating": null,
      "withPredicate": null
    },
    {
      "id": "SLOWER_20",
      "execute": "SLOWER",
      "after": "1000",
      "priority": 0,
      "additionalGuards": null,
      "activationKind": null,
      "fixedVariables": {
        "Crash": "FALSE",
        "VehiclesAy": "{(EgoVehicle↦-0.0002606894554446626),(Vehicles2↦0.0002606894554446626),(Vehicles3↦0.0002606894554446626),(Vehicles4↦0.0002606894554446626),(Vehicles5↦-0.0002952819465917855)}",
        "Reward": "0.7333333335458696",
        "VehiclesAx": "{(EgoVehicle↦0.0),(Vehicles2↦0.07206540554761887),(Vehicles3↦0.006456486880779266),(Vehicles4↦-0.0477880984544754),(Vehicles5↦0.05720015615224838)}",
        "VehiclesVx": "{(EgoVehicle↦20.0),(Vehicles2↦-0.5858539417386055),(Vehicles3↦0.11137264780700207),(Vehicles4↦1.0337293148040771),(Vehicles5↦0.630405843257904)}",
        "VehiclesY": "{(EgoVehicle↦7.999993801116943),(Vehicles2↦-7.999993801116943),(Vehicles3↦5.95509459344612E-06),(Vehicles4↦-3.9999940395355225),(Vehicles5↦-7.999993801116943)}",
        "VehiclesVy": "{(EgoVehicle↦1.7296235910180258E-05),(Vehicles2↦-1.7296235910180258E-05),(Vehicles3↦-1.7296235910180258E-05),(Vehicles4↦-1.7296235910180258E-05),(Vehicles5↦-1.7296237047048635E-05)}",
        "VehiclesX": "{(EgoVehicle↦200.0),(Vehicles2↦4.42374125123024),(Vehicles3↦24.844011664390564),(Vehicles4↦32.74261653423309),(Vehicles5↦73.08148741722107)}"
      },
      "probabilisticVariables": null,
      "activating": [
        "SLOWER_21"
      ],
      "activatingOnlyWhenExecuted": true,
      "updating": null,
      "withPredicate": null
    },
    {
      "id": "SLOWER_21",
      "execute": "SLOWER",
      "after": "1000",
      "priority": 0,
      "additionalGuards": null,
      "activationKind": null,
      "fixedVariables": {
        "Crash": "FALSE",
        "VehiclesAy": "{(EgoVehicle↦-1.6220066214600593E-05),(Vehicles2↦1.6220066214600593E-05),(Vehicles3↦1.6220066214600593E-05),(Vehicles4↦1.6220066214600593E-05),(Vehicles5↦-1.8372406813682574E-05)}",
        "Reward": "0.7333333333613471",
        "VehiclesAx": "{(EgoVehicle↦0.0),(Vehicles2↦0.06829336285591125),(Vehicles3↦0.008245566859841347),(Vehicles4↦-0.053823813796043396),(Vehicles5↦0.05120910704135895)}",
        "VehiclesVx": "{(EgoVehicle↦20.0),(Vehicles2↦-0.5175605788826942),(Vehicles3↦0.11961821466684341),(Vehicles4↦0.9799055010080338),(Vehicles5↦0.681614950299263)}",
        "VehiclesY": "{(EgoVehicle↦7.999999523162842),(Vehicles2↦-7.999999523162842),(Vehicles3↦3.705252851204932E-07),(Vehicles4↦-3.999999761581421),(Vehicles5↦-7.999999523162842)}",
        "VehiclesVy": "{(EgoVehicle↦1.0761696955796651E-06),(Vehicles2↦-1.0761696955796651E-06),(Vehicles3↦-1.0761696955796651E-06),(Vehicles4↦-1.0761696955796651E-06),(Vehicles5↦-1.0761697666339387E-06)}",
        "VehiclesX": "{(EgoVehicle↦200.0),(Vehicles2↦3.8655199110507965),(Vehicles3↦24.95853304862976),(Vehicles4↦33.75517427921295),(Vehicles5↦73.7328052520752)}"
      },
      "probabilisticVariables": null,
      "activating": [
        "SLOWER_22"
      ],
      "activatingOnlyWhenExecuted": true,
      "updating": null,
      "withPredicate": null
    },
    {
      "id": "SLOWER_22",
      "execute": "SLOWER",
      "after": "1000",
      "priority": 0,
      "additionalGuards": null,
      "activationKind": null,
      "fixedVariables": {
        "Crash": "FALSE",
        "VehiclesAy": "{(EgoVehicle↦-1.0092105462433665E-06),(Vehicles2↦1.0092105462433665E-06),(Vehicles3↦1.0092105462433665E-06),(Vehicles4↦1.0092105462433665E-06),(Vehicles5↦-1.1431289248520216E-06)}",
        "Reward": "0.7333333333370224",
        "VehiclesAx": "{(EgoVehicle↦0.0),(Vehicles2↦0.0643233209848404),(Vehicles3↦0.01010878011584282),(Vehicles4↦-0.05720257759094238),(Vehicles5↦0.04641592502593994)}",
        "VehiclesVx": "{(EgoVehicle↦20.0),(Vehicles2↦-0.45323725789785385),(Vehicles3↦0.12972699478268623),(Vehicles4↦0.9227029234170914),(Vehicles5↦0.7280308753252029)}",
        "VehiclesY": "{(EgoVehicle↦8.000000238418579),(Vehicles2↦-8.000000238418579),(Vehicles3↦2.305403601354783E-08),(Vehicles4↦-4.0000001192092896),(Vehicles5↦-8.000000238418579)}",
        "VehiclesVy": "{(EgoVehicle↦6.695914933629865E-08),(Vehicles2↦-6.695914933629865E-08),(Vehicles3↦-6.695914933629865E-08),(Vehicles4↦-6.695914933629865E-08),(Vehicles5↦-6.695915821808285E-08)}",
        "VehiclesX": "{(EgoVehicle↦200.0),(Vehicles2↦3.3740058541297913),(Vehicles3↦25.082048773765564),(Vehicles4↦34.7123920917511),(Vehicles5↦74.43333268165588)}"
      },
      "probabilisticVariables": null,
      "activating": [
        "SLOWER_23"
      ],
      "activatingOnlyWhenExecuted": true,
      "updating": null,
      "withPredicate": null
    },
    {
      "id": "SLOWER_23",
      "execute": "SLOWER",
      "after": "1000",
      "priority": 0,
      "additionalGuards": null,
      "activationKind": null,
      "fixedVariables": {
        "Crash": "FALSE",
        "VehiclesAy": "{(EgoVehicle↦-6.279297082301127E-08),(Vehicles2↦6.279297082301127E-08),(Vehicles3↦6.279297082301127E-08),(Vehicles4↦6.279297082301127E-08),(Vehicles5↦-7.112533673137023E-08)}",
        "Reward": "0.7333333333338192",
        "VehiclesAx": "{(EgoVehicle↦0.0),(Vehicles2↦0.06043680012226105),(Vehicles3↦0.011873329058289528),(Vehicles4↦-0.05892053246498108),(Vehicles5↦0.042450353503227234)}",
        "VehiclesVx": "{(EgoVehicle↦20.0),(Vehicles2↦-0.3928004577755928),(Vehicles3↦0.14160032384097576),(Vehicles4↦0.8637823909521103),(Vehicles5↦0.7704812288284302)}",
        "VehiclesY": "{(EgoVehicle↦8.000000238418579),(Vehicles2↦-8.000000238418579),(Vehicles3↦1.434417917778319E-09),(Vehicles4↦-4.0000001192092896),(Vehicles5↦-8.000000238418579)}",
        "VehiclesVy": "{(EgoVehicle↦4.1661785132873774E-09),(Vehicles2↦-4.1661785132873774E-09),(Vehicles3↦-4.1661785132873774E-09),(Vehicles4↦-4.1661785132873774E-09),(Vehicles5↦-4.1661785132873774E-09)}",
        "VehiclesX": "{(EgoVehicle↦200.0),(Vehicles2↦2.945246919989586),(Vehicles3↦25.216388702392578),(Vehicles4↦35.61161458492279),(Vehicles5↦75.17863512039185)}"
      },
      "probabilisticVariables": null,
      "activating": [
        "FASTER_24"
      ],
      "activatingOnlyWhenExecuted": true,
      "updating": null,
      "withPredicate": null
    },
    {
      "id": "FASTER_24",
      "execute": "FASTER",
      "after": "1000",
      "priority": 0,
      "additionalGuards": null,
      "activationKind": null,
      "fixedVariables": {
        "Crash": "FALSE",
        "VehiclesAy": "{(EgoVehicle↦-3.962288275261017E-09),(Vehicles2↦3.96227939347682E-09),(Vehicles3↦3.96227939347682E-09),(Vehicles4↦3.96227939347682E-09),(Vehicles5↦-4.370077633097935E-09)}",
        "Reward": "0.8491083676269501",
        "VehiclesAx": "{(EgoVehicle↦4.341564178466797),(Vehicles2↦-4.2848024889826775),(Vehicles3↦-4.328109873458743),(Vehicles4↦-4.401124939322472),(Vehicles5↦-4.302486181259155)}",
        "VehiclesVx": "{(EgoVehicle↦24.341564178466797),(Vehicles2↦-4.67760294675827),(Vehicles3↦-4.186509549617767),(Vehicles4↦-3.5373425483703613),(Vehicles5↦-3.532004952430725)}",
        "VehiclesY": "{(EgoVehicle↦8.000000238418579),(Vehicles2↦-8.000000238418579),(Vehicles3↦6.155609355573688E-11),(Vehicles4↦-4.0000001192092896),(Vehicles5↦-8.000000238418579)}",
        "VehiclesVy": "{(EgoVehicle↦2.0389023802636075E-10),(Vehicles2↦-2.0389911981055775E-10),(Vehicles3↦-2.0389911981055775E-10),(Vehicles4↦-2.0389911981055775E-10),(Vehicles5↦-2.0389911981055775E-10)}",
        "VehiclesX": "{(EgoVehicle↦200.0),(Vehicles2↦0.18037317786365747),(Vehicles3↦22.968192398548126),(Vehicles4↦34.05652940273285),(Vehicles5↦73.56993556022644)}"
      },
      "probabilisticVariables": null,
      "activating": [
        "SLOWER_25"
      ],
      "activatingOnlyWhenExecuted": true,
      "updating": null,
      "withPredicate": null
    },
    {
      "id": "SLOWER_25",
      "execute": "SLOWER",
      "after": "1000",
      "priority": 0,
      "additionalGuards": null,
      "activationKind": null,
      "fixedVariables": {
        "Crash": "FALSE",
        "VehiclesAy": "{(EgoVehicle↦-1.9529267092366354E-10),(Vehicles2↦1.9530155270786054E-10),(Vehicles3↦1.9530155270786054E-10),(Vehicles4↦1.9530155270786054E-10),(Vehicles5↦-2.1249668691325496E-10)}",
        "Reward": "0.7485794283843447",
        "VehiclesAx": "{(EgoVehicle↦-3.76983642578125),(Vehicles2↦3.823179677128792),(Vehicles3↦3.784654475748539),(Vehicles4↦3.710368685424328),(Vehicles5↦3.8059843704104424)}",
        "VehiclesVx": "{(EgoVehicle↦20.571727752685547),(Vehicles2↦-0.8544232696294785),(Vehicles3↦-0.40185507386922836),(Vehicles4↦0.17302613705396652),(Vehicles5↦0.27397941797971725)}",
        "VehiclesY": "{(EgoVehicle↦8.000000238418579),(Vehicles2↦-8.000000238418579),(Vehicles3↦2.9682922786378185E-12),(Vehicles4↦-4.0000001192092896),(Vehicles5↦-8.000000238418579)}",
        "VehiclesVy": "{(EgoVehicle↦8.597567102697212E-12),(Vehicles2↦-8.597567102697212E-12),(Vehicles3↦-8.597567102697212E-12),(Vehicles4↦-8.597567102697212E-12),(Vehicles5↦-8.597567102697212E-12)}",
        "VehiclesX": "{(EgoVehicle↦200.0),(Vehicles2↦-2.395966649055481),(Vehicles3↦20.86717188358307),(Vehicles4↦32.575032114982605),(Vehicles5↦72.13227152824402)}"
      },
      "probabilisticVariables": null,
      "activating": [
        "IDLE_26"
      ],
      "activatingOnlyWhenExecuted": true,
      "updating": null,
      "withPredicate": null
    },
    {
      "id": "IDLE_26",
      "execute": "IDLE",
      "after": "1000",
      "priority": 0,
      "additionalGuards": null,
      "activationKind": null,
      "fixedVariables": {
        "Crash": "FALSE",
        "VehiclesAy": "{(EgoVehicle↦-8.064660050877137E-12),(Vehicles2↦8.073541835074138E-12),(Vehicles3↦8.073541835074138E-12),(Vehicles4↦8.073541835074138E-12),(Vehicles5↦-9.139355938714289E-12)}",
        "Reward": "0.7353410495540427",
        "VehiclesAx": "{(EgoVehicle↦-0.49643754959106445),(Vehicles2↦0.5466334149241447),(Vehicles3↦0.5124085023999214),(Vehicles4↦0.4376010596752167),(Vehicles5↦0.5300099030137062)}",
        "VehiclesVx": "{(EgoVehicle↦20.075290203094482),(Vehicles2↦-0.3077898547053337),(Vehicles3↦0.11055342853069305),(Vehicles4↦0.6106271967291832),(Vehicles5↦0.8039893209934235)}",
        "VehiclesY": "{(EgoVehicle↦8.000000238418579),(Vehicles2↦-8.000000238418579),(Vehicles3↦1.8118839761882555E-13),(Vehicles4↦-4.0000001192092896),(Vehicles5↦-8.000000238418579)}",
        "VehiclesVy": "{(EgoVehicle↦5.329070518200751E-13),(Vehicles2↦-5.240252676230739E-13),(Vehicles3↦-5.240252676230739E-13),(Vehicles4↦-5.240252676230739E-13),(Vehicles5↦-5.417888360170764E-13)}",
        "VehiclesX": "{(EgoVehicle↦200.0),(Vehicles2↦-2.956205792725086),(Vehicles3↦20.74548602104187),(Vehicles4↦32.99832046031952),(Vehicles5↦72.69373536109924)}"
      },
      "probabilisticVariables": null,
      "activating": [
        "IDLE_27"
      ],
      "activatingOnlyWhenExecuted": true,
      "updating": null,
      "withPredicate": null
    },
    {
      "id": "IDLE_27",
      "execute": "IDLE",
      "after": "1000",
      "priority": 0,
      "additionalGuards": null,
      "activationKind": null,
      "fixedVariables": {
        "Crash": "FALSE",
        "VehiclesAy": "{(EgoVehicle↦-4.973799150320701E-13),(Vehicles2↦4.973799150320701E-13),(Vehicles3↦4.973799150320701E-13),(Vehicles4↦4.973799150320701E-13),(Vehicles5↦-5.861977570020827E-13)}",
        "Reward": "0.73359772394676",
        "VehiclesAx": "{(EgoVehicle↦-0.06537437438964844),(Vehicles2↦0.11267503723502159),(Vehicles3↦0.0822913832962513),(Vehicles4↦0.007578469812870026),(Vehicles5↦0.09665317833423615)}",
        "VehiclesVx": "{(EgoVehicle↦20.009915828704834),(Vehicles2↦-0.19511481747031212),(Vehicles3↦0.19284481182694435),(Vehicles4↦0.6182056665420532),(Vehicles5↦0.9006424993276596)}",
        "VehiclesY": "{(EgoVehicle↦8.000000238418579),(Vehicles2↦-8.000000238418579),(Vehicles3↦7.993605777301127E-15),(Vehicles4↦-4.0000001192092896),(Vehicles5↦-8.000000238418579)}",
        "VehiclesVy": "{(EgoVehicle↦3.552713678800501E-14),(Vehicles2↦-2.6645352591003757E-14),(Vehicles3↦-2.6645352591003757E-14),(Vehicles4↦-2.6645352591003757E-14),(Vehicles5↦-4.440892098500626E-14)}",
        "VehiclesX": "{(EgoVehicle↦200.0),(Vehicles2↦-3.2087892293930054),(Vehicles3↦20.89880257844925),(Vehicles4↦33.62179398536682),(Vehicles5↦73.54647517204285)}"
      },
      "probabilisticVariables": null,
      "activating": [
        "IDLE_28"
      ],
      "activatingOnlyWhenExecuted": true,
      "updating": null,
      "withPredicate": null
    },
    {
      "id": "IDLE_28",
      "execute": "IDLE",
      "after": "1000",
      "priority": 0,
      "additionalGuards": null,
      "activationKind": null,
      "fixedVariables": {
        "Crash": "FALSE",
        "VehiclesAy": "{(EgoVehicle↦-3.552713678800501E-14),(Vehicles2↦2.6645352591003757E-14),(Vehicles3↦2.6645352591003757E-14),(Vehicles4↦2.6645352591003757E-14),(Vehicles5↦-4.440892098500626E-14)}",
        "Reward": "0.7333681502042372",
        "VehiclesAx": "{(EgoVehicle↦-0.008609294891357422),(Vehicles2↦0.05325346253812313),(Vehicles3↦0.02628907561302185),(Vehicles4↦-0.047806501388549805),(Vehicles5↦0.03783710300922394)}",
        "VehiclesVx": "{(EgoVehicle↦20.001306533813477),(Vehicles2↦-0.141861354932189),(Vehicles3↦0.2191338874399662),(Vehicles4↦0.5703991651535034),(Vehicles5↦0.9384796023368835)}",
        "VehiclesY": "{(EgoVehicle↦8.000000238418579),(Vehicles2↦-8.000000238418579),(Vehicles3↦0.0),(Vehicles4↦-4.0000001192092896),(Vehicles5↦-8.000000238418579)}",
        "VehiclesVy": "{(EgoVehicle↦0.0),(Vehicles2↦0.0),(Vehicles3↦0.0),(Vehicles4↦0.0),(Vehicles5↦0.0)}",
        "VehiclesX": "{(EgoVehicle↦200.0),(Vehicles2↦-3.381093591451645),(Vehicles3↦21.10341489315033),(Vehicles4↦34.222060441970825),(Vehicles5↦74.4637131690979)}"
      },
      "probabilisticVariables": null,
      "activating": [
        "IDLE_29"
      ],
      "activatingOnlyWhenExecuted": true,
      "updating": null,
      "withPredicate": null
    },
    {
      "id": "IDLE_29",
      "execute": "IDLE",
      "after": "1000",
      "priority": 0,
      "additionalGuards": null,
      "activationKind": null,
      "fixedVariables": {
        "Crash": "FALSE",
        "VehiclesAy": "{(EgoVehicle↦0.0),(Vehicles2↦0.0),(Vehicles3↦0.0),(Vehicles4↦0.0),(Vehicles5↦0.0)}",
        "Reward": "0.7333379182710656",
        "VehiclesAx": "{(EgoVehicle↦-0.0011348724365234375),(Vehicles2↦0.04333983175456524),(Vehicles3↦0.01941286027431488),(Vehicles4↦-0.05361240357160568),(Vehicles5↦0.028519928455352783)}",
        "VehiclesVx": "{(EgoVehicle↦20.000171661376953),(Vehicles2↦-0.09852152317762375),(Vehicles3↦0.23854674771428108),(Vehicles4↦0.5167867615818977),(Vehicles5↦0.9669995307922363)}",
        "VehiclesY": "{(EgoVehicle↦8.000000238418579),(Vehicles2↦-8.000000238418579),(Vehicles3↦0.0),(Vehicles4↦-4.0000001192092896),(Vehicles5↦-8.000000238418579)}",
        "VehiclesVy": "{(EgoVehicle↦0.0),(Vehicles2↦0.0),(Vehicles3↦0.0),(Vehicles4↦0.0),(Vehicles5↦0.0)}",
        "VehiclesX": "{(EgoVehicle↦200.0),(Vehicles2↦-3.5052601248025894),(Vehicles3↦21.330444514751434),(Vehicles4↦34.77104306221008),(Vehicles5↦75.41391253471375)}"
      },
      "probabilisticVariables": null,
      "activating": [
        "IDLE_30"
      ],
      "activatingOnlyWhenExecuted": true,
      "updating": null,
      "withPredicate": null
    },
    {
      "id": "IDLE_30",
      "execute": "IDLE",
      "after": "1000",
      "priority": 0,
      "additionalGuards": null,
      "activationKind": null,
      "fixedVariables": {
        "Crash": "FALSE",
        "VehiclesAy": "{(EgoVehicle↦0.0),(Vehicles2↦0.0),(Vehicles3↦0.0),(Vehicles4↦0.0),(Vehicles5↦0.0)}",
        "Reward": "0.7333339371111417",
        "VehiclesAx": "{(EgoVehicle↦-0.00015020370483398438),(Vehicles2↦0.04011428914964199),(Vehicles3↦0.01888217404484749),(Vehicles4↦-0.05267620086669922),(Vehicles5↦0.02587549388408661)}",
        "VehiclesVx": "{(EgoVehicle↦20.00002145767212),(Vehicles2↦-0.05840723402798176),(Vehicles3↦0.25742892175912857),(Vehicles4↦0.4641105607151985),(Vehicles5↦0.9928750246763229)}",
        "VehiclesY": "{(EgoVehicle↦8.000000238418579),(Vehicles2↦-8.000000238418579),(Vehicles3↦0.0),(Vehicles4↦-4.0000001192092896),(Vehicles5↦-8.000000238418579)}",
        "VehiclesVy": "{(EgoVehicle↦0.0),(Vehicles2↦0.0),(Vehicles3↦0.0),(Vehicles4↦0.0),(Vehicles5↦0.0)}",
        "VehiclesX": "{(EgoVehicle↦200.0),(Vehicles2↦-3.5875413566827774),(Vehicles3↦21.57653570175171),(Vehicles4↦35.26661992073059),(Vehicles5↦76.39141082763672)}"
      },
      "probabilisticVariables": null,
      "activating": [
        "IDLE_31"
      ],
      "activatingOnlyWhenExecuted": true,
      "updating": null,
      "withPredicate": null
    },
    {
      "id": "IDLE_31",
      "execute": "IDLE",
      "after": "1000",
      "priority": 0,
      "additionalGuards": null,
      "activationKind": null,
      "fixedVariables": {
        "Crash": "FALSE",
        "VehiclesAy": "{(EgoVehicle↦0.0),(Vehicles2↦0.0),(Vehicles3↦0.0),(Vehicles4↦0.0),(Vehicles5↦0.0)}",
        "Reward": "0.7333334128431681",
        "VehiclesAx": "{(EgoVehicle↦-1.9073486328125E-05),(Vehicles2↦0.03792161587625742),(Vehicles3↦0.01907847821712494),(Vehicles4↦-0.05066622048616409),(Vehicles5↦0.024246051907539368)}",
        "VehiclesVx": "{(EgoVehicle↦20.00000238418579),(Vehicles2↦-0.02048561815172434),(Vehicles3↦0.2765073999762535),(Vehicles4↦0.4134443402290344),(Vehicles5↦1.0171210765838623)}",
        "VehiclesY": "{(EgoVehicle↦8.000000238418579),(Vehicles2↦-8.000000238418579),(Vehicles3↦0.0),(Vehicles4↦-4.0000001192092896),(Vehicles5↦-8.000000238418579)}",
        "VehiclesVy": "{(EgoVehicle↦0.0),(Vehicles2↦0.0),(Vehicles3↦0.0),(Vehicles4↦0.0),(Vehicles5↦0.0)}",
        "VehiclesX": "{(EgoVehicle↦200.0),(Vehicles2↦-3.6306187510490417),(Vehicles3↦21.8415766954422),(Vehicles4↦35.71028709411621),(Vehicles5↦77.39410400390625)}"
      },
      "probabilisticVariables": null,
      "activating": [
        "IDLE_32"
      ],
      "activatingOnlyWhenExecuted": true,
      "updating": null,
      "withPredicate": null
    },
    {
      "id": "IDLE_32",
      "execute": "IDLE",
      "after": "1000",
      "priority": 0,
      "additionalGuards": null,
      "activationKind": null,
      "fixedVariables": {
        "Crash": "FALSE",
        "VehiclesAy": "{(EgoVehicle↦0.0),(Vehicles2↦0.0),(Vehicles3↦0.0),(Vehicles4↦0.0),(Vehicles5↦0.0)}",
        "Reward": "0.7333333438037642",
        "VehiclesAx": "{(EgoVehicle↦-2.384185791015625E-06),(Vehicles2↦0.036002175183966756),(Vehicles3↦0.01927550882101059),(Vehicles4↦-0.048354826867580414),(Vehicles5↦0.022870749235153198)}",
        "VehiclesVx": "{(EgoVehicle↦20.0),(Vehicles2↦0.015516557032242417),(Vehicles3↦0.2957829087972641),(Vehicles4↦0.365089513361454),(Vehicles5↦1.0399918258190155)}",
        "VehiclesY": "{(EgoVehicle↦8.000000238418579),(Vehicles2↦-8.000000238418579),(Vehicles3↦0.0),(Vehicles4↦-4.0000001192092896),(Vehicles5↦-8.000000238418579)}",
        "VehiclesVy": "{(EgoVehicle↦0.0),(Vehicles2↦0.0),(Vehicles3↦0.0),(Vehicles4↦0.0),(Vehicles5↦0.0)}",
        "VehiclesX": "{(EgoVehicle↦200.0),(Vehicles2↦-3.63655686378479),(Vehicles3↦22.125782072544098),(Vehicles4↦36.104196310043335),(Vehicles5↦78.42047810554504)}"
      },
      "probabilisticVariables": null,
      "activating": [
        "IDLE_33"
      ],
      "activatingOnlyWhenExecuted": true,
      "updating": null,
      "withPredicate": null
    },
    {
      "id": "IDLE_33",
      "execute": "IDLE",
      "after": "1000",
      "priority": 0,
      "additionalGuards": null,
      "activationKind": null,
      "fixedVariables": {
        "Crash": "FALSE",
        "VehiclesAy": "{(EgoVehicle↦0.0),(Vehicles2↦0.0),(Vehicles3↦0.0),(Vehicles4↦0.0),(Vehicles5↦0.0)}",
        "Reward": "0.7333333347121554",
        "VehiclesAx": "{(EgoVehicle↦0.0),(Vehicles2↦0.034242564579471946),(Vehicles3↦0.01939002424478531),(Vehicles4↦-0.04586994647979736),(Vehicles5↦0.021635815501213074)}",
        "VehiclesVx": "{(EgoVehicle↦20.0),(Vehicles2↦0.04975912161171436),(Vehicles3↦0.3151729330420494),(Vehicles4↦0.31921956688165665),(Vehicles5↦1.0616276413202286)}",
        "VehiclesY": "{(EgoVehicle↦8.000000238418579),(Vehicles2↦-8.000000238418579),(Vehicles3↦0.0),(Vehicles4↦-4.0000001192092896),(Vehicles5↦-8.000000238418579)}",
        "VehiclesVy": "{(EgoVehicle↦0.0),(Vehicles2↦0.0),(Vehicles3↦0.0),(Vehicles4↦0.0),(Vehicles5↦0.0)}",
        "VehiclesX": "{(EgoVehicle↦200.0),(Vehicles2↦-3.6072079092264175),(Vehicles3↦22.429315745830536),(Vehicles4↦36.45073473453522),(Vehicles5↦79.46921586990356)}"
      },
      "probabilisticVariables": null,
      "activating": [
        "IDLE_34"
      ],
      "activatingOnlyWhenExecuted": true,
      "updating": null,
      "withPredicate": null
    },
    {
      "id": "IDLE_34",
      "execute": "IDLE",
      "after": "1000",
      "priority": 0,
      "additionalGuards": null,
      "activationKind": null,
      "fixedVariables": {
        "Crash": "FALSE",
        "VehiclesAy": "{(EgoVehicle↦0.0),(Vehicles2↦0.0),(Vehicles3↦0.0),(Vehicles4↦0.0),(Vehicles5↦0.0)}",
        "Reward": "0.7333333335149067",
        "VehiclesAx": "{(EgoVehicle↦0.0),(Vehicles2↦0.032615894451737404),(Vehicles3↦0.019422248005867004),(Vehicles4↦-0.04325473681092262),(Vehicles5↦0.0205143541097641)}",
        "VehiclesVx": "{(EgoVehicle↦20.0),(Vehicles2↦0.08237501606345177),(Vehicles3↦0.3345951810479164),(Vehicles4↦0.275964830070734),(Vehicles5↦1.0821419954299927)}",
        "VehiclesY": "{(EgoVehicle↦8.000000238418579),(Vehicles2↦-8.000000238418579),(Vehicles3↦0.0),(Vehicles4↦-4.0000001192092896),(Vehicles5↦-8.000000238418579)}",
        "VehiclesVy": "{(EgoVehicle↦0.0),(Vehicles2↦0.0),(Vehicles3↦0.0),(Vehicles4↦0.0),(Vehicles5↦0.0)}",
        "VehiclesX": "{(EgoVehicle↦200.0),(Vehicles2↦-3.54427732527256),(Vehicles3↦22.75225818157196),(Vehicles4↦36.75243854522705),(Vehicles5↦80.53913712501526)}"
      },
      "probabilisticVariables": null,
      "activating": [
        "IDLE_35"
      ],
      "activatingOnlyWhenExecuted": true,
      "updating": null,
      "withPredicate": null
    },
    {
      "id": "IDLE_35",
      "execute": "IDLE",
      "after": "1000",
      "priority": 0,
      "additionalGuards": null,
      "activationKind": null,
      "fixedVariables": {
        "Crash": "FALSE",
        "VehiclesAy": "{(EgoVehicle↦0.0),(Vehicles2↦0.0),(Vehicles3↦0.0),(Vehicles4↦0.0),(Vehicles5↦0.0)}",
        "Reward": "0.7333333333572442",
        "VehiclesAx": "{(EgoVehicle↦0.0),(Vehicles2↦0.031107990071177483),(Vehicles3↦0.01938220113515854),(Vehicles4↦-0.04054177552461624),(Vehicles5↦0.019492432475090027)}",
        "VehiclesVx": "{(EgoVehicle↦20.0),(Vehicles2↦0.11348300613462925),(Vehicles3↦0.35397738218307495),(Vehicles4↦0.23542305454611778),(Vehicles5↦1.1016344279050827)}",
        "VehiclesY": "{(EgoVehicle↦8.000000238418579),(Vehicles2↦-8.000000238418579),(Vehicles3↦0.0),(Vehicles4↦-4.0000001192092896),(Vehicles5↦-8.000000238418579)}",
        "VehiclesVy": "{(EgoVehicle↦0.0),(Vehicles2↦0.0),(Vehicles3↦0.0),(Vehicles4↦0.0),(Vehicles5↦0.0)}",
        "VehiclesX": "{(EgoVehicle↦200.0),(Vehicles2↦-3.4493431448936462),(Vehicles3↦23.09461086988449),(Vehicles4↦37.01196610927582),(Vehicles5↦81.62915110588074)}"
      },
      "probabilisticVariables": null,
      "activating": [
        "IDLE_36"
      ],
      "activatingOnlyWhenExecuted": true,
      "updating": null,
      "withPredicate": null
    },
    {
      "id": "IDLE_36",
      "execute": "IDLE",
      "after": "1000",
      "priority": 0,
      "additionalGuards": null,
      "activationKind": null,
      "fixedVariables": {
        "Crash": "FALSE",
        "VehiclesAy": "{(EgoVehicle↦0.0),(Vehicles2↦0.0),(Vehicles3↦0.0),(Vehicles4↦0.0),(Vehicles5↦0.0)}",
        "Reward": "0.7333333333364821",
        "VehiclesAx": "{(EgoVehicle↦0.0),(Vehicles2↦0.02970750443637371),(Vehicles3↦0.019280314445495605),(Vehicles4↦-0.03776181489229202),(Vehicles5↦0.01855894923210144)}",
        "VehiclesVx": "{(EgoVehicle↦20.0),(Vehicles2↦0.14319051057100296),(Vehicles3↦0.37325769662857056),(Vehicles4↦0.19766123965382576),(Vehicles5↦1.1201933771371841)}",
        "VehiclesY": "{(EgoVehicle↦8.000000238418579),(Vehicles2↦-8.000000238418579),(Vehicles3↦0.0),(Vehicles4↦-4.0000001192092896),(Vehicles5↦-8.000000238418579)}",
        "VehiclesVy": "{(EgoVehicle↦0.0),(Vehicles2↦0.0),(Vehicles3↦0.0),(Vehicles4↦0.0),(Vehicles5↦0.0)}",
        "VehiclesX": "{(EgoVehicle↦200.0),(Vehicles2↦-3.3238690346479416),(Vehicles3↦23.456311225891113),(Vehicles4↦37.23205924034119),(Vehicles5↦82.73828029632568)}"
      },
      "probabilisticVariables": null,
      "activating": [
        "IDLE_37"
      ],
      "activatingOnlyWhenExecuted": true,
      "updating": null,
      "withPredicate": null
    },
    {
      "id": "IDLE_37",
      "execute": "IDLE",
      "after": "1000",
      "priority": 0,
      "additionalGuards": null,
      "activationKind": null,
      "fixedVariables": {
        "Crash": "FALSE",
        "VehiclesAy": "{(EgoVehicle↦0.0),(Vehicles2↦0.0),(Vehicles3↦0.0),(Vehicles4↦0.0),(Vehicles5↦0.0)}",
        "Reward": "0.7333333333337481",
        "VehiclesAx": "{(EgoVehicle↦0.0),(Vehicles2↦0.02840450033545494),(Vehicles3↦0.019125863909721375),(Vehicles4↦-0.03494471311569214),(Vehicles5↦0.017704516649246216)}",
        "VehiclesVx": "{(EgoVehicle↦20.0),(Vehicles2↦0.1715950109064579),(Vehicles3↦0.39238356053829193),(Vehicles4↦0.16271652653813362),(Vehicles5↦1.1378978937864304)}",
        "VehiclesY": "{(EgoVehicle↦8.000000238418579),(Vehicles2↦-8.000000238418579),(Vehicles3↦0.0),(Vehicles4↦-4.0000001192092896),(Vehicles5↦-8.000000238418579)}",
        "VehiclesVy": "{(EgoVehicle↦0.0),(Vehicles2↦0.0),(Vehicles3↦0.0),(Vehicles4↦0.0),(Vehicles5↦0.0)}",
        "VehiclesX": "{(EgoVehicle↦200.0),(Vehicles2↦-3.169216215610504),(Vehicles3↦23.8372340798378),(Vehicles4↦37.41551637649536),(Vehicles5↦83.86561870574951)}"
      },
      "probabilisticVariables": null,
      "activating": [
        "FASTER_38"
      ],
      "activatingOnlyWhenExecuted": true,
      "updating": null,
      "withPredicate": null
    },
    {
      "id": "FASTER_38",
      "execute": "FASTER",
      "after": "1000",
      "priority": 0,
      "additionalGuards": null,
      "activationKind": null,
      "fixedVariables": {
        "Crash": "FALSE",
        "VehiclesAy": "{(EgoVehicle↦0.0),(Vehicles2↦0.0),(Vehicles3↦0.0),(Vehicles4↦0.0),(Vehicles5↦0.0)}",
        "Reward": "0.8491083676269408",
        "VehiclesAx": "{(EgoVehicle↦4.341564178466797),(Vehicles2↦-4.314373526722193),(Vehicles3↦-4.322636649012566),(Vehicles4↦-4.373682755976915),(Vehicles5↦-4.324643239378929)}",
        "VehiclesVx": "{(EgoVehicle↦24.341564178466797),(Vehicles2↦-4.142778515815735),(Vehicles3↦-3.9302530884742737),(Vehicles4↦-4.210966229438782),(Vehicles5↦-3.186745345592499)}",
        "VehiclesY": "{(EgoVehicle↦8.000000238418579),(Vehicles2↦-8.000000238418579),(Vehicles3↦0.0),(Vehicles4↦-4.0000001192092896),(Vehicles5↦-8.000000238418579)}",
        "VehiclesVy": "{(EgoVehicle↦0.0),(Vehicles2↦0.0),(Vehicles3↦0.0),(Vehicles4↦0.0),(Vehicles5↦0.0)}",
        "VehiclesX": "{(EgoVehicle↦200.0),(Vehicles2↦-5.3817130625247955),(Vehicles3↦21.842144429683685),(Vehicles4↦35.17009913921356),(Vehicles5↦82.61528611183167)}"
      },
      "probabilisticVariables": null,
      "activating": [
        "IDLE_39"
      ],
      "activatingOnlyWhenExecuted": true,
      "updating": null,
      "withPredicate": null
    },
    {
      "id": "IDLE_39",
      "execute": "IDLE",
      "after": "1000",
      "priority": 0,
      "additionalGuards": null,
      "activationKind": null,
      "fixedVariables": {
        "Crash": "FALSE",
        "VehiclesAy": "{(EgoVehicle↦0.0),(Vehicles2↦0.0),(Vehicles3↦0.0),(Vehicles4↦0.0),(Vehicles5↦0.0)}",
        "Reward": "0.8643544626778962",
        "VehiclesAx": "{(EgoVehicle↦0.5717277526855469),(Vehicles2↦-0.5456721782684326),(Vehicles3↦-0.553036630153656),(Vehicles4↦-0.6010395288467407),(Vehicles5↦-0.5555284023284912)}",
        "VehiclesVx": "{(EgoVehicle↦24.913291931152344),(Vehicles2↦-4.6884506940841675),(Vehicles3↦-4.48328971862793),(Vehicles4↦-4.8120057582855225),(Vehicles5↦-3.74227374792099)}",
        "VehiclesY": "{(EgoVehicle↦8.000000238418579),(Vehicles2↦-8.000000238418579),(Vehicles3↦0.0),(Vehicles4↦-4.0000001192092896),(Vehicles5↦-8.000000238418579)}",
        "VehiclesVy": "{(EgoVehicle↦0.0),(Vehicles2↦0.0),(Vehicles3↦0.0),(Vehicles4↦0.0),(Vehicles5↦0.0)}",
        "VehiclesX": "{(EgoVehicle↦200.0),(Vehicles2↦-9.829380363225937),(Vehicles3↦17.60398894548416),(Vehicles4↦30.631786584854126),(Vehicles5↦79.11967635154724)}"
      },
      "probabilisticVariables": null,
      "activating": [
        "SLOWER_40"
      ],
      "activatingOnlyWhenExecuted": true,
      "updating": null,
      "withPredicate": null
    },
    {
      "id": "SLOWER_40",
      "execute": "SLOWER",
      "after": "1000",
      "priority": 0,
      "additionalGuards": null,
      "activationKind": null,
      "fixedVariables": {
        "Crash": "FALSE",
        "VehiclesAy": "{(EgoVehicle↦0.0),(Vehicles2↦0.0),(Vehicles3↦0.0),(Vehicles4↦0.0),(Vehicles5↦0.0)}",
        "Reward": "0.7505871446050453",
        "VehiclesAx": "{(EgoVehicle↦-4.2662739753723145),(Vehicles2↦4.489861410111189),(Vehicles3↦3.9110131934285164),(Vehicles4↦5.351542569696903),(Vehicles5↦3.89210132881999)}",
        "VehiclesVx": "{(EgoVehicle↦20.64701795578003),(Vehicles2↦-0.1985892839729786),(Vehicles3↦-0.5722765251994133),(Vehicles4↦0.5395368114113808),(Vehicles5↦0.14982758089900017)}",
        "VehiclesY": "{(EgoVehicle↦8.000000238418579),(Vehicles2↦0.0),(Vehicles3↦-4.0000001192092896),(Vehicles4↦-8.000000238418579),(Vehicles5↦0.0)}",
        "VehiclesVy": "{(EgoVehicle↦0.0),(Vehicles2↦0.0),(Vehicles3↦0.0),(Vehicles4↦0.0),(Vehicles5↦0.0)}",
        "VehiclesX": "{(EgoVehicle↦200.0),(Vehicles2↦15.481619536876678),(Vehicles3↦28.16247045993805),(Vehicles4↦77.73719429969788),(Vehicles5↦88.84260058403015)}"
      },
      "probabilisticVariables": null,
      "activating": [
        "LANE_RIGHT_41"
      ],
      "activatingOnlyWhenExecuted": true,
      "updating": null,
      "withPredicate": null
    },
    {
      "id": "LANE_RIGHT_41",
      "execute": "LANE_RIGHT",
      "after": "1000",
      "priority": 0,
      "additionalGuards": null,
      "activationKind": null,
      "fixedVariables": {
        "Crash": "FALSE",
        "VehiclesAy": "{(EgoVehicle↦0.0),(Vehicles2↦0.0),(Vehicles3↦0.0),(Vehicles4↦0.0),(Vehicles5↦0.0)}",
        "Reward": "0.7356054401674682",
        "VehiclesAx": "{(EgoVehicle↦-0.5618143081665039),(Vehicles2↦0.5799494870007038),(Vehicles3↦0.5379712232388556),(Vehicles4↦0.5767372623085976),(Vehicles5↦0.5819971300661564)}",
        "VehiclesVx": "{(EgoVehicle↦20.085203647613525),(Vehicles2↦0.3813602030277252),(Vehicles3↦-0.0343053019605577),(Vehicles4↦1.1162740737199783),(Vehicles5↦0.7318247109651566)}",
        "VehiclesY": "{(EgoVehicle↦8.000000238418579),(Vehicles2↦0.0),(Vehicles3↦-4.0000001192092896),(Vehicles4↦-8.000000238418579),(Vehicles5↦0.0)}",
        "VehiclesVy": "{(EgoVehicle↦0.0),(Vehicles2↦0.0),(Vehicles3↦0.0),(Vehicles4↦0.0),(Vehicles5↦0.0)}",
        "VehiclesX": "{(EgoVehicle↦200.0),(Vehicles2↦15.600237250328064),(Vehicles3↦27.890372276306152),(Vehicles4↦78.59268188476562),(Vehicles5↦89.31052088737488)}"
      },
      "probabilisticVariables": null,
      "activating": [
        "LANE_RIGHT_42"
      ],
      "activatingOnlyWhenExecuted": true,
      "updating": null,
      "withPredicate": null
    },
    {
      "id": "LANE_RIGHT_42",
      "execute": "LANE_RIGHT",
      "after": "1000",
      "priority": 0,
      "additionalGuards": null,
      "activationKind": null,
      "fixedVariables": {
        "Crash": "FALSE",
        "VehiclesAy": "{(EgoVehicle↦0.0),(Vehicles2↦0.0),(Vehicles3↦0.0),(Vehicles4↦0.0),(Vehicles5↦0.0)}",
        "Reward": "0.7336325408176639",
        "VehiclesAx": "{(EgoVehicle↦-0.07398366928100586),(Vehicles2↦0.09180907160043716),(Vehicles3↦0.05276165436953306),(Vehicles4↦0.08834019303321838),(Vehicles5↦0.0930921733379364)}",
        "VehiclesVx": "{(EgoVehicle↦20.01121997833252),(Vehicles2↦0.4731692746281624),(Vehicles3↦0.018456352408975363),(Vehicles4↦1.2046142667531967),(Vehicles5↦0.824916884303093)}",
        "VehiclesY": "{(EgoVehicle↦8.000000238418579),(Vehicles2↦0.0),(Vehicles3↦-4.0000001192092896),(Vehicles4↦-8.000000238418579),(Vehicles5↦0.0)}",
        "VehiclesVy": "{(EgoVehicle↦0.0),(Vehicles2↦0.0),(Vehicles3↦0.0),(Vehicles4↦0.0),(Vehicles5↦0.0)}",
        "VehiclesX": "{(EgoVehicle↦200.0),(Vehicles2↦16.029568016529083),(Vehicles3↦27.888187766075134),(Vehicles4↦79.75555062294006),(Vehicles5↦90.0908887386322)}"
      },
      "probabilisticVariables": null,
      "activating": [
        "LANE_RIGHT_43"
      ],
      "activatingOnlyWhenExecuted": true,
      "updating": null,
      "withPredicate": null
    },
    {
      "id": "LANE_RIGHT_43",
      "execute": "LANE_RIGHT",
      "after": "1000",
      "priority": 0,
      "additionalGuards": null,
      "activationKind": null,
      "fixedVariables": {
        "Crash": "FALSE",
        "VehiclesAy": "{(EgoVehicle↦0.0),(Vehicles2↦0.0),(Vehicles3↦0.0),(Vehicles4↦0.0),(Vehicles5↦0.0)}",
        "Reward": "0.7333727351419695",
        "VehiclesAx": "{(EgoVehicle↦-0.009741783142089844),(Vehicles2↦0.027242377400398254),(Vehicles3↦-0.008956058882176876),(Vehicles4↦0.02357371151447296),(Vehicles5↦0.02785027027130127)}",
        "VehiclesVx": "{(EgoVehicle↦20.00147819519043),(Vehicles2↦0.5004116520285606),(Vehicles3↦0.009500293526798487),(Vehicles4↦1.2281879782676697),(Vehicles5↦0.8527671545743942)}",
        "VehiclesY": "{(EgoVehicle↦8.000000238418579),(Vehicles2↦0.0),(Vehicles3↦-4.0000001192092896),(Vehicles4↦-8.000000238418579),(Vehicles5↦0.0)}",
        "VehiclesVy": "{(EgoVehicle↦0.0),(Vehicles2↦0.0),(Vehicles3↦0.0),(Vehicles4↦0.0),(Vehicles5↦0.0)}",
        "VehiclesX": "{(EgoVehicle↦200.0),(Vehicles2↦16.515137255191803),(Vehicles3↦27.904340624809265),(Vehicles4↦80.97111582756042),(Vehicles5↦90.92850089073181)}"
      },
      "probabilisticVariables": null,
      "activating": [
        "LANE_RIGHT_44"
      ],
      "activatingOnlyWhenExecuted": true,
      "updating": null,
      "withPredicate": null
    },
    {
      "id": "LANE_RIGHT_44",
      "execute": "LANE_RIGHT",
      "after": "1000",
      "priority": 0,
      "additionalGuards": null,
      "activationKind": null,
      "fixedVariables": {
        "Crash": "FALSE",
        "VehiclesAy": "{(EgoVehicle↦0.0),(Vehicles2↦0.0),(Vehicles3↦0.0),(Vehicles4↦0.0),(Vehicles5↦0.0)}",
        "Reward": "0.7333385220488738",
        "VehiclesAx": "{(EgoVehicle↦-0.0012826919555664062),(Vehicles2↦0.01844514161348343),(Vehicles3↦-0.01500217942520976),(Vehicles4↦0.014626085758209229),(Vehicles5↦-1.1148432455956936)}",
        "VehiclesVx": "{(EgoVehicle↦20.000195503234863),(Vehicles2↦0.5188567936420441),(Vehicles3↦-0.005501885898411274),(Vehicles4↦1.242814064025879),(Vehicles5↦-0.26207609102129936)}",
        "VehiclesY": "{(EgoVehicle↦8.000000238418579),(Vehicles2↦0.0),(Vehicles3↦-4.0000001192092896),(Vehicles4↦-8.000000238418579),(Vehicles5↦-4.0000001192092896)}",
        "VehiclesVy": "{(EgoVehicle↦0.0),(Vehicles2↦0.0),(Vehicles3↦0.0),(Vehicles4↦0.0),(Vehicles5↦0.0)}",
        "VehiclesX": "{(EgoVehicle↦200.0),(Vehicles2↦17.023149132728577),(Vehicles3↦27.907845377922058),(Vehicles4↦82.2053849697113),(Vehicles5↦91.41977429389954)}"
      },
      "probabilisticVariables": null,
      "activating": [
        "LANE_RIGHT_45"
      ],
      "activatingOnlyWhenExecuted": true,
      "updating": null,
      "withPredicate": null
    },
    {
      "id": "LANE_RIGHT_45",
      "execute": "LANE_RIGHT",
      "after": "1000",
      "priority": 0,
      "additionalGuards": null,
      "activationKind": null,
      "fixedVariables": {
        "Crash": "FALSE",
        "VehiclesAy": "{(EgoVehicle↦0.0),(Vehicles2↦0.0),(Vehicles3↦0.0),(Vehicles4↦0.0),(Vehicles5↦0.0)}",
        "Reward": "0.7333340166209766",
        "VehiclesAx": "{(EgoVehicle↦-0.00016927719116210938),(Vehicles2↦0.016984902322292328),(Vehicles3↦-0.013821797911077738),(Vehicles4↦0.01305803656578064),(Vehicles5↦0.02040935680270195)}",
        "VehiclesVx": "{(EgoVehicle↦20.0000262260437),(Vehicles2↦0.5358416959643364),(Vehicles3↦-0.019323683809489012),(Vehicles4↦1.2558721005916595),(Vehicles5↦-0.2416667342185974)}",
        "VehiclesY": "{(EgoVehicle↦8.000000238418579),(Vehicles2↦0.0),(Vehicles3↦-4.0000001192092896),(Vehicles4↦-8.000000238418579),(Vehicles5↦-4.0000001192092896)}",
        "VehiclesVy": "{(EgoVehicle↦0.0),(Vehicles2↦0.0),(Vehicles3↦0.0),(Vehicles4↦0.0),(Vehicles5↦0.0)}",
        "VehiclesX": "{(EgoVehicle↦200.0),(Vehicles2↦17.548854649066925),(Vehicles3↦27.896663546562195),(Vehicles4↦83.45348238945007),(Vehicles5↦91.16592407226562)}"
      },
      "probabilisticVariables": null,
      "activating": [
        "LANE_RIGHT_46"
      ],
      "activatingOnlyWhenExecuted": true,
      "updating": null,
      "withPredicate": null
    },
    {
      "id": "LANE_RIGHT_46",
      "execute": "LANE_RIGHT",
      "after": "1000",
      "priority": 0,
      "additionalGuards": null,
      "activationKind": null,
      "fixedVariables": {
        "Crash": "FALSE",
        "VehiclesAy": "{(EgoVehicle↦0.0),(Vehicles2↦0.0),(Vehicles3↦0.0),(Vehicles4↦0.0),(Vehicles5↦0.0)}",
        "Reward": "0.733333423313599",
        "VehiclesAx": "{(EgoVehicle↦-2.384185791015625E-05),(Vehicles2↦0.016486048698425293),(Vehicles3↦-0.011800010688602924),(Vehicles4↦0.012488067150115967),(Vehicles5↦0.019808560609817505)}",
        "VehiclesVx": "{(EgoVehicle↦20.00000238418579),(Vehicles2↦0.5523277446627617),(Vehicles3↦-0.031123694498091936),(Vehicles4↦1.2683601677417755),(Vehicles5↦-0.2218581736087799)}",
        "VehiclesY": "{(EgoVehicle↦8.000000238418579),(Vehicles2↦0.0),(Vehicles3↦-4.0000001192092896),(Vehicles4↦-8.000000238418579),(Vehicles5↦-4.0000001192092896)}",
        "VehiclesVy": "{(EgoVehicle↦0.0),(Vehicles2↦0.0),(Vehicles3↦0.0),(Vehicles4↦0.0),(Vehicles5↦0.0)}",
        "VehiclesX": "{(EgoVehicle↦200.0),(Vehicles2↦18.091322481632233),(Vehicles3↦27.87245512008667),(Vehicles4↦84.71438884735107),(Vehicles5↦90.9322202205658)}"
      },
      "probabilisticVariables": null,
      "activating": [
        "FASTER_47"
      ],
      "activatingOnlyWhenExecuted": true,
      "updating": null,
      "withPredicate": null
    },
    {
      "id": "FASTER_47",
      "execute": "FASTER",
      "after": "1000",
      "priority": 0,
      "additionalGuards": null,
      "activationKind": null,
      "fixedVariables": {
        "Crash": "FALSE",
        "VehiclesAy": "{(EgoVehicle↦0.0),(Vehicles2↦0.0),(Vehicles3↦0.0),(Vehicles4↦0.0),(Vehicles5↦0.0)}",
        "Reward": "0.8491083794761393",
        "VehiclesAx": "{(EgoVehicle↦4.341561794281006),(Vehicles2↦-4.325452856719494),(Vehicles3↦-4.3513447674922645),(Vehicles4↦-4.329490214586258),(Vehicles5↦-4.322221428155899)}",
        "VehiclesVx": "{(EgoVehicle↦24.341564178466797),(Vehicles2↦-3.773125112056732),(Vehicles3↦-4.3824684619903564),(Vehicles4↦-3.0611300468444824),(Vehicles5↦-4.544079601764679)}",
        "VehiclesY": "{(EgoVehicle↦8.000000238418579),(Vehicles2↦0.0),(Vehicles3↦-4.0000001192092896),(Vehicles4↦-8.000000238418579),(Vehicles5↦-4.0000001192092896)}",
        "VehiclesVy": "{(EgoVehicle↦0.0),(Vehicles2↦0.0),(Vehicles3↦0.0),(Vehicles4↦0.0),(Vehicles5↦0.0)}",
        "VehiclesX": "{(EgoVehicle↦200.0),(Vehicles2↦16.255061328411102),(Vehicles3↦25.442197918891907),(Vehicles4↦83.59254598617554),(Vehicles5↦88.32306861877441)}"
      },
      "probabilisticVariables": null,
      "activating": [
        "LANE_RIGHT_48"
      ],
      "activatingOnlyWhenExecuted": true,
      "updating": null,
      "withPredicate": null
    },
    {
      "id": "LANE_RIGHT_48",
      "execute": "LANE_RIGHT",
      "after": "1000",
      "priority": 0,
      "additionalGuards": null,
      "activationKind": null,
      "fixedVariables": {
        "Crash": "FALSE",
        "VehiclesAy": "{(EgoVehicle↦0.0),(Vehicles2↦0.0),(Vehicles3↦0.0),(Vehicles4↦0.0),(Vehicles5↦0.0)}",
        "Reward": "0.8643544642382844",
        "VehiclesAx": "{(EgoVehicle↦0.5717277526855469),(Vehicles2↦-0.5559775233268738),(Vehicles3↦-0.5796059966087341),(Vehicles4↦-0.5600273609161377),(Vehicles5↦-0.5528280138969421)}",
        "VehiclesVx": "{(EgoVehicle↦24.913291931152344),(Vehicles2↦-4.329102635383606),(Vehicles3↦-4.962074458599091),(Vehicles4↦-3.62115740776062),(Vehicles5↦-5.096907615661621)}",
        "VehiclesY": "{(EgoVehicle↦8.000000238418579),(Vehicles2↦0.0),(Vehicles3↦-4.0000001192092896),(Vehicles4↦-8.000000238418579),(Vehicles5↦-4.0000001192092896)}",
        "VehiclesVy": "{(EgoVehicle↦0.0),(Vehicles2↦0.0),(Vehicles3↦0.0),(Vehicles4↦0.0),(Vehicles5↦0.0)}",
        "VehiclesX": "{(EgoVehicle↦200.0),(Vehicles2↦12.172865867614746),(Vehicles3↦20.74103355407715),(Vehicles4↦80.22072315216064),(Vehicles5↦83.47118496894836)}"
      },
      "probabilisticVariables": null,
      "activating": [
        "LANE_RIGHT_49"
      ],
      "activatingOnlyWhenExecuted": true,
      "updating": null,
      "withPredicate": null
    },
    {
      "id": "LANE_RIGHT_49",
      "execute": "LANE_RIGHT",
      "after": "1000",
      "priority": 0,
      "additionalGuards": null,
      "activationKind": null,
      "fixedVariables": {
        "Crash": "FALSE",
        "VehiclesAy": "{(EgoVehicle↦0.0),(Vehicles2↦0.0),(Vehicles3↦0.0),(Vehicles4↦0.0),(Vehicles5↦0.0)}",
        "Reward": "0.8663621791040814",
        "VehiclesAx": "{(EgoVehicle↦0.07529020309448242),(Vehicles2↦-0.05989640951156616),(Vehicles3↦-0.08139342069625854),(Vehicles4↦-0.06393522024154663),(Vehicles5↦-0.05682051181793213)}",
        "VehiclesVx": "{(EgoVehicle↦24.988582134246826),(Vehicles2↦-4.388999044895172),(Vehicles3↦-5.043467879295349),(Vehicles4↦-3.6850926280021667),(Vehicles5↦-5.153728127479553)}",
        "VehiclesY": "{(EgoVehicle↦8.000000238418579),(Vehicles2↦2.6645352591003757E-15),(Vehicles3↦-4.0000001192092896),(Vehicles4↦-8.000000238418579),(Vehicles5↦-4.0000001192092896)}",
        "VehiclesVy": "{(EgoVehicle↦0.0),(Vehicles2↦0.0),(Vehicles3↦0.0),(Vehicles4↦0.0),(Vehicles5↦0.0)}",
        "VehiclesX": "{(EgoVehicle↦200.0),(Vehicles2↦7.808414846658707),(Vehicles3↦15.734846889972687),(Vehicles4↦76.56260132789612),(Vehicles5↦78.34016680717468)}"
      },
      "probabilisticVariables": null,
      "activating": [
        "LANE_LEFT_50"
      ],
      "activatingOnlyWhenExecuted": true,
      "updating": null,
      "withPredicate": null
    },
    {
      "id": "LANE_LEFT_50",
      "execute": "LANE_LEFT",
      "after": "1000",
      "priority": 0,
      "additionalGuards": null,
      "activationKind": null,
      "fixedVariables": {
        "Crash": "FALSE",
        "VehiclesAy": "{(EgoVehicle↦-1.0794205218553543),(Vehicles2↦1.0794205218553543),(Vehicles3↦1.0794205218553543),(Vehicles4↦1.0794205218553543),(Vehicles5↦1.0794205218553543)}",
        "Reward": "0.8326714962815696",
        "VehiclesAx": "{(EgoVehicle↦-0.013401508331298828),(Vehicles2↦0.028437376022338867),(Vehicles3↦0.00894010066986084),(Vehicles4↦0.0244295597076416),(Vehicles5↦0.03144800662994385)}",
        "VehiclesVx": "{(EgoVehicle↦24.975180625915527),(Vehicles2↦-4.360561668872833),(Vehicles3↦-5.034527778625488),(Vehicles4↦-3.660663068294525),(Vehicles5↦-5.122280120849609)}",
        "VehiclesY": "{(EgoVehicle↦4.339951157569885),(Vehicles2↦3.660048723220825),(Vehicles3↦-0.33995117247104645),(Vehicles4↦-4.339951157569885),(Vehicles5↦-0.33995117247104645)}",
        "VehiclesVy": "{(EgoVehicle↦-1.0794205218553543),(Vehicles2↦1.0794205218553543),(Vehicles3↦1.0794205218553543),(Vehicles4↦1.0794205218553543),(Vehicles5↦1.0794205218553543)}",
        "VehiclesX": "{(EgoVehicle↦200.0),(Vehicles2↦3.7398487329483032),(Vehicles3↦11.003857851028442),(Vehicles4↦73.19633364677429),(Vehicles5↦73.50807785987854)}"
      },
      "probabilisticVariables": null,
      "activating": [
        "LANE_LEFT_51"
      ],
      "activatingOnlyWhenExecuted": true,
      "updating": null,
      "withPredicate": null
    },
    {
      "id": "LANE_LEFT_51",
      "execute": "LANE_LEFT",
      "after": "1000",
      "priority": 0,
      "additionalGuards": null,
      "activationKind": null,
      "fixedVariables": {
        "Crash": "FALSE",
        "VehiclesAy": "{(EgoVehicle↦-0.03784306347370148),(Vehicles2↦0.03784306347370148),(Vehicles3↦0.03784306347370148),(Vehicles4↦0.03784306347370148),(Vehicles5↦2.19668410718441)}",
        "Reward": "0.7993286334610512",
        "VehiclesAx": "{(EgoVehicle↦-0.00035762786865234375),(Vehicles2↦0.015040338039398193),(Vehicles3↦-0.002587437629699707),(Vehicles4↦-1.4436253905296326),(Vehicles5↦1.4726972579956055)}",
        "VehiclesVx": "{(EgoVehicle↦24.974822998046875),(Vehicles2↦-4.345521330833435),(Vehicles3↦-5.037115216255188),(Vehicles4↦-5.104288458824158),(Vehicles5↦-3.649582862854004)}",
        "VehiclesY": "{(EgoVehicle↦0.3513464033603668),(Vehicles2↦7.648653745651245),(Vehicles3↦3.6486536264419556),(Vehicles4↦3.6486536264419556),(Vehicles5↦-0.3513464033603668)}",
        "VehiclesVy": "{(EgoVehicle↦-1.1172635853290558),(Vehicles2↦1.1172635853290558),(Vehicles3↦1.1172635853290558),(Vehicles4↦1.1172635853290558),(Vehicles5↦1.1172635853290558)}",
        "VehiclesX": "{(EgoVehicle↦200.0),(Vehicles2↦-0.2597593702375889),(Vehicles3↦6.323088705539703),(Vehicles4↦68.74793767929077),(Vehicles5↦69.89504098892212)}"
      },
      "probabilisticVariables": null,
      "activating": [
        "FASTER_52"
      ],
      "activatingOnlyWhenExecuted": true,
      "updating": null,
      "withPredicate": null
    },
    {
      "id": "FASTER_52",
      "execute": "FASTER",
      "after": "1000",
      "priority": 0,
      "additionalGuards": null,
      "activationKind": null,
      "fixedVariables": {
        "Crash": "FALSE",
        "VehiclesAy": "{(EgoVehicle↦1.0893234889954329),(Vehicles2↦-1.0893234889954329),(Vehicles3↦-1.0893234889954329),(Vehicles4↦-1.0893234889954329),(Vehicles5↦1.1452036816626787)}",
        "Reward": "0.9157739842066966",
        "VehiclesAx": "{(EgoVehicle↦4.366700649261475),(Vehicles2↦-5.059847831726074),(Vehicles3↦-3.6607736349105835),(Vehicles4↦-4.349469542503357),(Vehicles5↦-4.356266260147095)}",
        "VehiclesVx": "{(EgoVehicle↦29.34152364730835),(Vehicles2↦-9.40536916255951),(Vehicles3↦-8.697888851165771),(Vehicles4↦-9.453758001327515),(Vehicles5↦-8.005849123001099)}",
        "VehiclesY": "{(EgoVehicle↦0.006695084273815155),(Vehicles2↦3.993304967880249),(Vehicles3↦7.99330472946167),(Vehicles4↦3.993304967880249),(Vehicles5↦-0.006695084273815155)}",
        "VehiclesVy": "{(EgoVehicle↦-0.027940096333622932),(Vehicles2↦0.027940096333622932),(Vehicles3↦0.027940096333622932),(Vehicles4↦0.027940096333622932),(Vehicles5↦0.027940096333622932)}",
        "VehiclesX": "{(EgoVehicle↦200.0),(Vehicles2↦-1.1308933608233929),(Vehicles3↦-7.0156581699848175),(Vehicles4↦61.23443841934204),(Vehicles5↦63.833510875701904)}"
      },
      "probabilisticVariables": null,
      "activating": [
        "FASTER_53"
      ],
      "activatingOnlyWhenExecuted": true,
      "updating": null,
      "withPredicate": null
    },
    {
      "id": "FASTER_53",
      "execute": "FASTER",
      "after": "1000",
      "priority": 0,
      "additionalGuards": null,
      "activationKind": null,
      "fixedVariables": {
        "Crash": "FALSE",
        "VehiclesAy": "{(EgoVehicle↦0.02784424506899086),(Vehicles2↦-0.02784424506899086),(Vehicles3↦-0.02784424506899086),(Vehicles4↦-0.02784424506899086),(Vehicles5↦0.028035947598255007)}",
        "Reward": "0.9310210377723238",
        "VehiclesAx": "{(EgoVehicle↦0.5717658996582031),(Vehicles2↦-0.6033164262771606),(Vehicles3↦0.13043761253356934),(Vehicles4↦0.532904863357544),(Vehicles5↦-1.4504832029342651)}",
        "VehiclesVx": "{(EgoVehicle↦29.913289546966553),(Vehicles2↦-10.00868558883667),(Vehicles3↦-8.567451238632202),(Vehicles4↦-8.92085313796997),(Vehicles5↦-9.456332325935364)}",
        "VehiclesY": "{(EgoVehicle↦-2.214634321262565E-06),(Vehicles2↦4.0000022649765015),(Vehicles3↦2.214634321262565E-06),(Vehicles4↦8.000002384185791),(Vehicles5↦4.0000022649765015)}",
        "VehiclesVy": "{(EgoVehicle↦-9.585126463207416E-05),(Vehicles2↦9.585126463207416E-05),(Vehicles3↦9.585126463207416E-05),(Vehicles4↦9.585126463207416E-05),(Vehicles5↦9.585126463207416E-05)}",
        "VehiclesX": "{(EgoVehicle↦200.0),(Vehicles2↦51.47202014923096),(Vehicles3↦55.51632642745972),(Vehicles4↦61.855340003967285),(Vehicles5↦135.40066480636597)}"
      },
      "probabilisticVariables": null,
      "activating": [
        "LANE_RIGHT_54"
      ],
      "activatingOnlyWhenExecuted": true,
      "updating": null,
      "withPredicate": null
    },
    {
      "id": "LANE_RIGHT_54",
      "execute": "LANE_RIGHT",
      "after": "1000",
      "priority": 0,
      "additionalGuards": null,
      "activationKind": null,
      "fixedVariables": {
        "Crash": "FALSE",
        "VehiclesAy": "{(EgoVehicle↦1.0288841645342472),(Vehicles2↦-1.0288841645342472),(Vehicles3↦-1.0288841645342472),(Vehicles4↦-1.0288841645342472),(Vehicles5↦-1.028692462004983)}",
        "Reward": "0.9658914468166556",
        "VehiclesAx": "{(EgoVehicle↦0.05764007568359375),(Vehicles2↦-0.04118800163269043),(Vehicles3↦-0.047734975814819336),(Vehicles4↦-0.047188401222229004),(Vehicles5↦-0.04247486591339111)}",
        "VehiclesVx": "{(EgoVehicle↦29.970929622650146),(Vehicles2↦-10.04987359046936),(Vehicles3↦-8.615186214447021),(Vehicles4↦-8.9680415391922),(Vehicles5↦-9.498807191848755)}",
        "VehiclesY": "{(EgoVehicle↦3.703843832015991),(Vehicles2↦0.2961561307311058),(Vehicles3↦-3.703843832015991),(Vehicles4↦4.296156048774719),(Vehicles5↦0.2961561307311058)}",
        "VehiclesVy": "{(EgoVehicle↦1.0287883132696152),(Vehicles2↦-1.0287883132696152),(Vehicles3↦-1.0287883132696152),(Vehicles4↦-1.0287883132696152),(Vehicles5↦-1.0287883132696152)}",
        "VehiclesX": "{(EgoVehicle↦200.0),(Vehicles2↦41.705432534217834),(Vehicles3↦47.188347578048706),(Vehicles4↦53.17419767379761),(Vehicles5↦126.18592977523804)}"
      },
      "probabilisticVariables": null,
      "activating": [
        "LANE_RIGHT_55"
      ],
      "activatingOnlyWhenExecuted": true,
      "updating": null,
      "withPredicate": null
    },
    {
      "id": "LANE_RIGHT_55",
      "execute": "LANE_RIGHT",
      "after": "1000",
      "priority": 0,
      "additionalGuards": null,
      "activationKind": null,
      "fixedVariables": {
        "Crash": "FALSE",
        "VehiclesAy": "{(EgoVehicle↦0.016911178827285767),(Vehicles2↦-0.016911178827285767),(Vehicles3↦-0.016911178827285767),(Vehicles4↦-0.016911178827285767),(Vehicles5↦-2.074487805366516)}",
        "Reward": "0.9994737347841328",
        "VehiclesAx": "{(EgoVehicle↦0.009336471557617188),(Vehicles2↦0.0067424774169921875),(Vehicles3↦0.0003266334533691406),(Vehicles4↦0.0006330013275146484),(Vehicles5↦0.00535428524017334)}",
        "VehiclesVx": "{(EgoVehicle↦29.980266094207764),(Vehicles2↦-10.043131113052368),(Vehicles3↦-8.614859580993652),(Vehicles4↦-8.967408537864685),(Vehicles5↦-9.493452906608582)}",
        "VehiclesY": "{(EgoVehicle↦7.699955463409424),(Vehicles2↦-3.6999553442001343),(Vehicles3↦-7.699955463409424),(Vehicles4↦0.3000445291399956),(Vehicles5↦-3.6999553442001343)}",
        "VehiclesVy": "{(EgoVehicle↦1.045699492096901),(Vehicles2↦-1.045699492096901),(Vehicles3↦-1.045699492096901),(Vehicles4↦-1.045699492096901),(Vehicles5↦-1.045699492096901)}",
        "VehiclesX": "{(EgoVehicle↦200.0),(Vehicles2↦31.957221031188965),(Vehicles3↦38.87224495410919),(Vehicles4↦44.50537860393524),(Vehicles5↦116.98822975158691)}"
      },
      "probabilisticVariables": null,
      "activating": [
        "IDLE_56"
      ],
      "activatingOnlyWhenExecuted": true,
      "updating": null,
      "withPredicate": null
    },
    {
      "id": "IDLE_56",
      "execute": "IDLE",
      "after": "1000",
      "priority": 0,
      "additionalGuards": null,
      "activationKind": null,
      "fixedVariables": {
        "Crash": "FALSE",
        "VehiclesAy": "{(EgoVehicle↦-1.0298815194983035),(Vehicles2↦1.0298815194983035),(Vehicles3↦1.0298815194983035),(Vehicles4↦1.0298815194983035),(Vehicles5↦-1.0615174646954983)}",
        "Reward": "0.999994608302735",
        "VehiclesAx": "{(EgoVehicle↦0.01953125),(Vehicles2↦-0.003820657730102539),(Vehicles3↦-0.01010119915008545),(Vehicles4↦-0.010023117065429688),(Vehicles5↦-0.005296468734741211)}",
        "VehiclesVx": "{(EgoVehicle↦29.999797344207764),(Vehicles2↦-10.04695177078247),(Vehicles3↦-8.624960780143738),(Vehicles4↦-8.977431654930115),(Vehicles5↦-9.498749375343323)}",
        "VehiclesY": "{(EgoVehicle↦7.996564865112305),(Vehicles2↦-3.996564745903015),(Vehicles3↦-7.996564865112305),(Vehicles4↦0.0034352060174569488),(Vehicles5↦-3.996564745903015)}",
        "VehiclesVy": "{(EgoVehicle↦0.015817972598597407),(Vehicles2↦-0.015817972598597407),(Vehicles3↦-0.015817972598597407),(Vehicles4↦-0.015817972598597407),(Vehicles5↦-0.015817972598597407)}",
        "VehiclesX": "{(EgoVehicle↦200.0),(Vehicles2↦21.90430462360382),(Vehicles3↦30.24507761001587),(Vehicles4↦35.5257123708725),(Vehicles5↦107.48441219329834)}"
      },
      "probabilisticVariables": null,
      "activating": [
        "LANE_RIGHT_57"
      ],
      "activatingOnlyWhenExecuted": true,
      "updating": null,
      "withPredicate": null
    },
    {
      "id": "LANE_RIGHT_57",
      "execute": "LANE_RIGHT",
      "after": "1000",
      "priority": 0,
      "additionalGuards": null,
      "activationKind": null,
      "fixedVariables": {
        "Crash": "FALSE",
        "VehiclesAy": "{(EgoVehicle↦-0.015863902422097453),(Vehicles2↦0.015863902422097453),(Vehicles3↦0.015863902422097453),(Vehicles4↦0.015863902422097453),(Vehicles5↦-0.01577204277509736)}",
        "Reward": "0.9999993046255184",
        "VehiclesAx": "{(EgoVehicle↦0.00017642974853515625),(Vehicles2↦0.015181303024291992),(Vehicles3↦0.009036064147949219),(Vehicles4↦0.008898377418518066),(Vehicles5↦0.013624429702758789)}",
        "VehiclesVx": "{(EgoVehicle↦29.9999737739563),(Vehicles2↦-10.031770467758179),(Vehicles3↦-8.615924715995789),(Vehicles4↦-8.968533277511597),(Vehicles5↦-9.485124945640564)}",
        "VehiclesY": "{(EgoVehicle↦8.000030279159546),(Vehicles2↦-4.000030159950256),(Vehicles3↦-8.000030279159546),(Vehicles4↦-3.0248307666624896E-05),(Vehicles5↦-4.000030159950256)}",
        "VehiclesVy": "{(EgoVehicle↦-4.592982350004604E-05),(Vehicles2↦4.592982350004604E-05),(Vehicles3↦4.592982350004604E-05),(Vehicles4↦4.592982350004604E-05),(Vehicles5↦4.592982350004604E-05)}",
        "VehiclesX": "{(EgoVehicle↦200.0),(Vehicles2↦11.863425374031067),(Vehicles3↦21.623718738555908),(Vehicles4↦26.5518456697464),(Vehicles5↦97.9911208152771)}"
      },
      "probabilisticVariables": null,
      "activating": [
        "SLOWER_58"
      ],
      "activatingOnlyWhenExecuted": true,
      "updating": null,
      "withPredicate": null
    },
    {
      "id": "SLOWER_58",
      "execute": "SLOWER",
      "after": "1000",
      "priority": 0,
      "additionalGuards": null,
      "activationKind": null,
      "fixedVariables": {
        "Crash": "FALSE",
        "VehiclesAy": "{(EgoVehicle↦3.989659830949677E-05),(Vehicles2↦-3.989659830949677E-05),(Vehicles3↦-3.989659830949677E-05),(Vehicles4↦-3.989659830949677E-05),(Vehicles5↦5.1963048690595315E-05)}",
        "Reward": "0.8842248741346035",
        "VehiclesAx": "{(EgoVehicle↦-4.341540336608887),(Vehicles2↦4.356551766395569),(Vehicles3↦4.350545108318329),(Vehicles4↦4.3502020835876465),(Vehicles5↦4.354924559593201)}",
        "VehiclesVx": "{(EgoVehicle↦25.658433437347412),(Vehicles2↦-5.67521870136261),(Vehicles3↦-4.26537960767746),(Vehicles4↦-4.61833119392395),(Vehicles5↦-5.130200386047363)}",
        "VehiclesY": "{(EgoVehicle↦8.000001668930054),(Vehicles2↦-4.000001907348633),(Vehicles3↦-8.000001668930054),(Vehicles4↦-1.9147384477946616E-06),(Vehicles5↦-4.000001907348633)}",
        "VehiclesVy": "{(EgoVehicle↦-6.033225190549274E-06),(Vehicles2↦6.033225190549274E-06),(Vehicles3↦6.033225190549274E-06),(Vehicles4↦6.033225190549274E-06),(Vehicles5↦6.033225190549274E-06)}",
        "VehiclesX": "{(EgoVehicle↦200.0),(Vehicles2↦4.2327359318733215),(Vehicles3↦15.40646106004715),(Vehicles4↦19.981858134269714),(Vehicles5↦90.90642929077148)}"
      },
      "probabilisticVariables": null,
      "activating": [
        "SLOWER_59"
      ],
      "activatingOnlyWhenExecuted": true,
      "updating": null,
      "withPredicate": null
    },
    {
      "id": "SLOWER_59",
      "execute": "SLOWER",
      "after": "1000",
      "priority": 0,
      "additionalGuards": null,
      "activationKind": null,
      "fixedVariables": {
        "Crash": "FALSE",
        "VehiclesAy": "{(EgoVehicle↦5.761146599780886E-06),(Vehicles2↦-5.761146599780886E-06),(Vehicles3↦-5.761146599780886E-06),(Vehicles4↦-5.761146599780886E-06),(Vehicles5↦6.3053037813176616E-06)}",
        "Reward": "0.7532038243030503",
        "VehiclesAx": "{(EgoVehicle↦-4.913289546966553),(Vehicles2↦4.927963465452194),(Vehicles3↦4.922095164656639),(Vehicles4↦4.921557102352381),(Vehicles5↦4.926273841410875)}",
        "VehiclesVx": "{(EgoVehicle↦20.74514389038086),(Vehicles2↦-0.7472552359104156),(Vehicles3↦0.6567155569791794),(Vehicles4↦0.30322590842843056),(Vehicles5↦-0.20392654463648796)}",
        "VehiclesY": "{(EgoVehicle↦8.000000238418579),(Vehicles2↦-4.0000001192092896),(Vehicles3↦-8.000000238418579),(Vehicles4↦-9.427192892985659E-08),(Vehicles5↦-4.0000001192092896)}",
        "VehiclesVy": "{(EgoVehicle↦-2.720785907683876E-07),(Vehicles2↦2.720785907683876E-07),(Vehicles3↦2.720785907683876E-07),(Vehicles4↦2.720785907683876E-07),(Vehicles5↦2.720785907683876E-07)}",
        "VehiclesX": "{(EgoVehicle↦200.0),(Vehicles2↦1.2738725170493126),(Vehicles3↦13.85507881641388),(Vehicles4↦18.077324330806732),(Vehicles5↦88.49191069602966)}"
      },
      "probabilisticVariables": null,
      "activating": [
        "FASTER_60"
      ],
      "activatingOnlyWhenExecuted": true,
      "updating": null,
      "withPredicate": null
    },
    {
      "id": "FASTER_60",
      "execute": "FASTER",
      "after": "1000",
      "priority": 0,
      "additionalGuards": null,
      "activationKind": null,
      "fixedVariables": {
        "Crash": "FALSE",
        "VehiclesAy": "{(EgoVehicle↦2.588961045546512E-07),(Vehicles2↦-2.588961045546512E-07),(Vehicles3↦-2.5889612231821957E-07),(Vehicles4↦-2.588961045546512E-07),(Vehicles5↦2.85261076982124E-07)}",
        "Reward": "0.8517250577957377",
        "VehiclesAx": "{(EgoVehicle↦3.6945462226867676),(Vehicles2↦-3.680199831724167),(Vehicles3↦-3.685929700732231),(Vehicles4↦-3.686652574688196),(Vehicles5↦-3.68194492533803)}",
        "VehiclesVx": "{(EgoVehicle↦24.439690113067627),(Vehicles2↦-4.4274550676345825),(Vehicles3↦-3.0292141437530518),(Vehicles4↦-3.3834266662597656),(Vehicles5↦-3.885871469974518)}",
        "VehiclesY": "{(EgoVehicle↦8.000000238418579),(Vehicles2↦-4.0000001192092896),(Vehicles3↦-8.000000238418579),(Vehicles4↦-3.985020313734822E-09),(Vehicles5↦-4.0000001192092896)}",
        "VehiclesVy": "{(EgoVehicle↦-1.318248621373641E-08),(Vehicles2↦1.318248621373641E-08),(Vehicles3↦1.3182468450168017E-08),(Vehicles4↦1.318248621373641E-08),(Vehicles5↦1.318248621373641E-08)}",
        "VehiclesX": "{(EgoVehicle↦200.0),(Vehicles2↦-1.5057471580803394),(Vehicles3↦12.477126717567444),(Vehicles4↦16.345608234405518),(Vehicles5↦86.25493049621582)}"
      },
      "probabilisticVariables": null,
      "activating": [
        "SLOWER_61"
      ],
      "activatingOnlyWhenExecuted": true,
      "updating": null,
      "withPredicate": null
    },
    {
      "id": "SLOWER_61",
      "execute": "SLOWER",
      "after": "1000",
      "priority": 0,
      "additionalGuards": null,
      "activationKind": null,
      "fixedVariables": {
        "Crash": "FALSE",
        "VehiclesAy": "{(EgoVehicle↦1.2627081602545331E-08),(Vehicles2↦-1.2627090484329528E-08),(Vehicles3↦-1.2627072720761134E-08),(Vehicles4↦-1.2627090484329528E-08),(Vehicles5↦1.3737881943143293E-08)}",
        "Reward": "0.7489240130979297",
        "VehiclesAx": "{(EgoVehicle↦-3.8550400733947754),(Vehicles2↦3.869066759943962),(Vehicles3↦3.8634753972291946),(Vehicles4↦3.8625770062208176),(Vehicles5↦3.8672728615347296)}",
        "VehiclesVx": "{(EgoVehicle↦20.58465003967285),(Vehicles2↦-0.5583883076906204),(Vehicles3↦0.8342612534761429),(Vehicles4↦0.47915033996105194),(Vehicles5↦-0.018598608439788222)}",
        "VehiclesY": "{(EgoVehicle↦8.000000238418579),(Vehicles2↦-4.0000001192092896),(Vehicles3↦-8.000000238418579),(Vehicles4↦-1.919091552338159E-10),(Vehicles5↦-4.0000001192092896)}",
        "VehiclesVy": "{(EgoVehicle↦-5.554046111910793E-10),(Vehicles2↦5.553957294068823E-10),(Vehicles3↦5.553957294068823E-10),(Vehicles4↦5.553957294068823E-10),(Vehicles5↦5.553957294068823E-10)}",
        "VehiclesX": "{(EgoVehicle↦200.0),(Vehicles2↦-3.8008999079465866),(Vehicles3↦11.577967554330826),(Vehicles4↦15.091890096664429),(Vehicles5↦84.50064659118652)}"
      },
      "probabilisticVariables": null,
      "activating": null,
      "activatingOnlyWhenExecuted": true,
      "updating": null,
      "withPredicate": null
    }
  ],
  "listeners": [],
  "metadata": {
    "fileType": "Timed_Trace",
    "formatVersion": 3,
    "savedAt": "2023-08-15T11:29:18.202070Z",
    "creator": "Simulation: MONTE_CARLO_SIMULATION; MAX_STEPS_BEFORE_PROPERTY : 0, EXECUTIONS : 1000, ENDING_TIME : 60000",
    "proB2KernelVersion": "4.12.2",
    "proBCliVersion": "1.12.2-final",
    "modelName": "HighwayEnvironment"
  }
}