{
  "variables": {},
  "activations": [
    {
      "id": "$setup_constants",
      "execute": "$setup_constants",
      "after": "0",
      "priority": 0,
      "additionalGuards": null,
      "activationKind": null,
      "fixedVariables": null,
      "probabilisticVariables": null,
      "activating": null,
      "activatingOnlyWhenExecuted": true,
      "updating": null,
      "withPredicate": null
    },
    {
      "id": "$initialise_machine",
      "execute": "$initialise_machine",
      "after": "0",
      "priority": 0,
      "additionalGuards": null,
      "activationKind": null,
      "fixedVariables": {
        "Crash": "FALSE",
        "VehiclesAy": "{(EgoVehicle↦0.0),(Vehicles2↦0.0),(Vehicles3↦0.0),(Vehicles4↦0.0),(Vehicles5↦0.0)}",
        "Reward": "0.0",
        "VehiclesAx": "{(EgoVehicle↦0.0),(Vehicles2↦0.0),(Vehicles3↦0.0),(Vehicles4↦0.0),(Vehicles5↦0.0)}",
        "VehiclesVx": "{(EgoVehicle↦25.0),(Vehicles2↦-3.219802975654602),(Vehicles3↦-2.7619677782058716),(Vehicles4↦-1.9410280883312225),(Vehicles5↦-3.8727715611457825)}",
        "VehiclesY": "{(EgoVehicle↦0.0),(Vehicles2↦0.0),(Vehicles3↦0.0),(Vehicles4↦8.000000238418579),(Vehicles5↦4.0000001192092896)}",
        "VehiclesVy": "{(EgoVehicle↦0.0),(Vehicles2↦0.0),(Vehicles3↦0.0),(Vehicles4↦0.0),(Vehicles5↦0.0)}",
        "VehiclesX": "{(EgoVehicle↦153.56688499450684),(Vehicles2↦23.82655143737793),(Vehicles3↦46.63873612880707),(Vehicles4↦69.3016767501831),(Vehicles5↦93.08968186378479)}"
      },
      "probabilisticVariables": null,
      "activating": [
        "LANE_RIGHT_2"
      ],
      "activatingOnlyWhenExecuted": true,
      "updating": null,
      "withPredicate": null
    },
    {
      "id": "LANE_RIGHT_2",
      "execute": "LANE_RIGHT",
      "after": "1000",
      "priority": 0,
      "additionalGuards": null,
      "activationKind": null,
      "fixedVariables": {
        "Crash": "FALSE",
        "VehiclesAy": "{(EgoVehicle↦1.0796338319778442),(Vehicles2↦-1.0796338319778442),(Vehicles3↦-1.0796338319778442),(Vehicles4↦-1.0796338319778442),(Vehicles5↦-1.0796338319778442)}",
        "Reward": "0.8327113850086175",
        "VehiclesAx": "{(EgoVehicle↦-0.023322105407714844),(Vehicles2↦-4.512171745300293),(Vehicles3↦-0.8296611905097961),(Vehicles4↦-0.5849044024944305),(Vehicles5↦-1.2748470902442932)}",
        "VehiclesVx": "{(EgoVehicle↦24.976677894592285),(Vehicles2↦-7.731974720954895),(Vehicles3↦-3.5916289687156677),(Vehicles4↦-2.525932490825653),(Vehicles5↦-5.147618651390076)}",
        "VehiclesY": "{(EgoVehicle↦3.6599650382995605),(Vehicles2↦-3.6599650382995605),(Vehicles3↦-3.6599650382995605),(Vehicles4↦4.34003484249115),(Vehicles5↦0.3400348797440529)}",
        "VehiclesVy": "{(EgoVehicle↦1.0796338319778442),(Vehicles2↦-1.0796338319778442),(Vehicles3↦-1.0796338319778442),(Vehicles4↦-1.0796338319778442),(Vehicles5↦-1.0796338319778442)}",
        "VehiclesX": "{(EgoVehicle↦178.24712991714478),(Vehicles2↦18.712373077869415),(Vehicles3↦43.80756914615631),(Vehicles4↦67.44900941848755),(Vehicles5↦88.93879652023315)}"
      },
      "probabilisticVariables": null,
      "activating": [
        "LANE_RIGHT_3"
      ],
      "activatingOnlyWhenExecuted": true,
      "updating": null,
      "withPredicate": null
    },
    {
      "id": "LANE_RIGHT_3",
      "execute": "LANE_RIGHT",
      "after": "1000",
      "priority": 0,
      "additionalGuards": null,
      "activationKind": null,
      "fixedVariables": {
        "Crash": "FALSE",
        "VehiclesAy": "{(EgoVehicle↦0.037668049335479736),(Vehicles2↦-0.037668049335479736),(Vehicles3↦-0.037668049335479736),(Vehicles4↦-0.037668049335479736),(Vehicles5↦-2.196935713291168)}",
        "Reward": "0.8660005399738949",
        "VehiclesAx": "{(EgoVehicle↦-0.0016570091247558594),(Vehicles2↦-0.8877307176589966),(Vehicles3↦-0.42545199394226074),(Vehicles4↦-0.6427130103111267),(Vehicles5↦-0.6171715259552002)}",
        "VehiclesVx": "{(EgoVehicle↦24.97502088546753),(Vehicles2↦-8.619705438613892),(Vehicles3↦-4.0170809626579285),(Vehicles4↦-3.16864550113678),(Vehicles5↦-5.764790177345276)}",
        "VehiclesY": "{(EgoVehicle↦7.648639440536499),(Vehicles2↦-7.648639440536499),(Vehicles3↦-7.648639440536499),(Vehicles4↦0.35136057436466217),(Vehicles5↦-3.6486393213272095)}",
        "VehiclesVy": "{(EgoVehicle↦1.117301881313324),(Vehicles2↦-1.117301881313324),(Vehicles3↦-1.117301881313324),(Vehicles4↦-1.117301881313324),(Vehicles5↦-1.117301881313324)}",
        "VehiclesX": "{(EgoVehicle↦200.0),(Vehicles2↦10.849173367023468),(Vehicles3↦40.37765562534332),(Vehicles4↦65.01578092575073),(Vehicles5↦83.86366963386536)}"
      },
      "probabilisticVariables": null,
      "activating": [
        "LANE_RIGHT_4"
      ],
      "activatingOnlyWhenExecuted": true,
      "updating": null,
      "withPredicate": null
    },
    {
      "id": "LANE_RIGHT_4",
      "execute": "LANE_RIGHT",
      "after": "1000",
      "priority": 0,
      "additionalGuards": null,
      "activationKind": null,
      "fixedVariables": {
        "Crash": "FALSE",
        "VehiclesAy": "{(EgoVehicle↦-1.078004245646298),(Vehicles2↦2.3047830164432526),(Vehicles3↦1.078004245646298),(Vehicles4↦1.078004245646298),(Vehicles5↦-1.15659951698035)}",
        "Reward": "0.8666658430372319",
        "VehiclesAx": "{(EgoVehicle↦0.0249481201171875),(Vehicles2↦0.6333589553833008),(Vehicles3↦-0.23712843656539917),(Vehicles4↦-0.5864426493644714),(Vehicles5↦-0.3169924020767212)}",
        "VehiclesVx": "{(EgoVehicle↦24.999969005584717),(Vehicles2↦-7.986346483230591),(Vehicles3↦-4.254209399223328),(Vehicles4↦-3.755088150501251),(Vehicles5↦-6.081782579421997)}",
        "VehiclesY": "{(EgoVehicle↦7.988144159317017),(Vehicles2↦-4.430712461471558),(Vehicles3↦-7.988144159317017),(Vehicles4↦0.011855648830533028),(Vehicles5↦-3.9881443977355957)}",
        "VehiclesVy": "{(EgoVehicle↦0.03929763566702604),(Vehicles2↦1.1874811351299286),(Vehicles3↦-0.03929763566702604),(Vehicles4↦-0.03929763566702604),(Vehicles5↦-0.03929763566702604)}",
        "VehiclesX": "{(EgoVehicle↦200.0),(Vehicles2↦1.810605451464653),(Vehicles3↦36.24246120452881),(Vehicles4↦61.594611406326294),(Vehicles5↦77.94272899627686)}"
      },
      "probabilisticVariables": null,
      "activating": [
        "FASTER_5"
      ],
      "activatingOnlyWhenExecuted": true,
      "updating": null,
      "withPredicate": null
    },
    {
      "id": "FASTER_5",
      "execute": "FASTER",
      "after": "1000",
      "priority": 0,
      "additionalGuards": null,
      "activationKind": null,
      "fixedVariables": {
        "Crash": "FALSE",
        "VehiclesAy": "{(EgoVehicle↦-0.03843195576337166),(Vehicles2↦-1.0896500572562218),(Vehicles3↦0.03843195576337166),(Vehicles4↦0.03843195576337166),(Vehicles5↦-0.040163315570680425)}",
        "Reward": "0.9824417006196778",
        "VehiclesAx": "{(EgoVehicle↦4.34159517288208),(Vehicles2↦-3.205692768096924),(Vehicles3↦-4.4385069608688354),(Vehicles4↦-4.827009737491608),(Vehicles5↦-4.4622802734375)}",
        "VehiclesVx": "{(EgoVehicle↦29.341564178466797),(Vehicles2↦-11.192039251327515),(Vehicles3↦-8.692716360092163),(Vehicles4↦-8.582097887992859),(Vehicles5↦-10.544062852859497)}",
        "VehiclesY": "{(EgoVehicle↦7.999797105789185),(Vehicles2↦-4.034789085388184),(Vehicles3↦-7.999797105789185),(Vehicles4↦0.00020291954569984227),(Vehicles5↦-3.999796986579895)}",
        "VehiclesVy": "{(EgoVehicle↦0.0008656799036543816),(Vehicles2↦0.09783107787370682),(Vehicles3↦-0.0008656799036543816),(Vehicles4↦-0.0008656799036543816),(Vehicles5↦-0.0008656799036543816)}",
        "VehiclesX": "{(EgoVehicle↦200.0),(Vehicles2↦-8.061251044273376),(Vehicles3↦29.547718167304993),(Vehicles4↦55.245065689086914),(Vehicles5↦69.40774917602539)}"
      },
      "probabilisticVariables": null,
      "activating": [
        "SLOWER_6"
      ],
      "activatingOnlyWhenExecuted": true,
      "updating": null,
      "withPredicate": null
    },
    {
      "id": "SLOWER_6",
      "execute": "SLOWER",
      "after": "1000",
      "priority": 0,
      "additionalGuards": null,
      "activationKind": null,
      "fixedVariables": {
        "Crash": "FALSE",
        "VehiclesAy": "{(EgoVehicle↦-0.0008585321154441772),(Vehicles2↦-0.09783822566191702),(Vehicles3↦0.0008585321154441772),(Vehicles4↦0.0008585321154441772),(Vehicles5↦-0.0008728276918645861)}",
        "Reward": "0.8819127617176429",
        "VehiclesAx": "{(EgoVehicle↦-3.76983642578125),(Vehicles2↦6.235590577125549),(Vehicles3↦3.4501802921295166),(Vehicles4↦1.779695749282837),(Vehicles5↦7.0180851221084595)}",
        "VehiclesVx": "{(EgoVehicle↦25.571727752685547),(Vehicles2↦-4.956448674201965),(Vehicles3↦-5.2425360679626465),(Vehicles4↦-6.802402138710022),(Vehicles5↦-3.5259777307510376)}",
        "VehiclesY": "{(EgoVehicle↦7.999998092651367),(Vehicles2↦-7.999998092651367),(Vehicles3↦1.8004606658905686E-06),(Vehicles4↦-3.9999983310699463),(Vehicles5↦-7.999998092651367)}",
        "VehiclesVy": "{(EgoVehicle↦7.147788210204453E-06),(Vehicles2↦-7.147788210204453E-06),(Vehicles3↦-7.147788210204453E-06),(Vehicles4↦-7.147788210204453E-06),(Vehicles5↦-7.147788210204453E-06)}",
        "VehiclesX": "{(EgoVehicle↦200.0),(Vehicles2↦22.917550802230835),(Vehicles3↦48.566821217536926),(Vehicles4↦60.926753282547),(Vehicles5↦98.89100790023804)}"
      },
      "probabilisticVariables": null,
      "activating": [
        "FASTER_7"
      ],
      "activatingOnlyWhenExecuted": true,
      "updating": null,
      "withPredicate": null
    },
    {
      "id": "FASTER_7",
      "execute": "FASTER",
      "after": "1000",
      "priority": 0,
      "additionalGuards": null,
      "activationKind": null,
      "fixedVariables": {
        "Crash": "FALSE",
        "VehiclesAy": "{(EgoVehicle↦-7.0775220351038115E-06),(Vehicles2↦7.077522043985596E-06),(Vehicles3↦7.077522043985596E-06),(Vehicles4↦7.077522043985596E-06),(Vehicles5↦-7.218054376423311E-06)}",
        "Reward": "0.9844494171809277",
        "VehiclesAx": "{(EgoVehicle↦3.8451242446899414),(Vehicles2↦-3.843854069709778),(Vehicles3↦-4.234976768493652),(Vehicles4↦-3.8236504793167114),(Vehicles5↦-3.8616442680358887)}",
        "VehiclesVx": "{(EgoVehicle↦29.41685199737549),(Vehicles2↦-8.800302743911743),(Vehicles3↦-9.477512836456299),(Vehicles4↦-10.626052618026733),(Vehicles5↦-7.387621998786926)}",
        "VehiclesY": "{(EgoVehicle↦8.000000238418579),(Vehicles2↦-8.000000238418579),(Vehicles3↦1.2619540079583658E-08),(Vehicles4↦-4.0000001192092896),(Vehicles5↦-8.000000238418579)}",
        "VehiclesVy": "{(EgoVehicle↦7.02661751006417E-08),(Vehicles2↦-7.02661662188575E-08),(Vehicles3↦-7.02661662188575E-08),(Vehicles4↦-7.02661662188575E-08),(Vehicles5↦-7.02661662188575E-08)}",
        "VehiclesX": "{(EgoVehicle↦200.0),(Vehicles2↦15.838401019573212),(Vehicles3↦41.0442978143692),(Vehicles4↦52.008938789367676),(Vehicles5↦93.23673844337463)}"
      },
      "probabilisticVariables": null,
      "activating": [
        "LANE_RIGHT_8"
      ],
      "activatingOnlyWhenExecuted": true,
      "updating": null,
      "withPredicate": null
    },
    {
      "id": "LANE_RIGHT_8",
      "execute": "LANE_RIGHT",
      "after": "1000",
      "priority": 0,
      "additionalGuards": null,
      "activationKind": null,
      "fixedVariables": {
        "Crash": "FALSE",
        "VehiclesAy": "{(EgoVehicle↦-7.110850575031691E-08),(Vehicles2↦7.110849686853271E-08),(Vehicles3↦7.110849686853271E-08),(Vehicles4↦7.110849686853271E-08),(Vehicles5↦-6.94238355691823E-08)}",
        "Reward": "0.9979521866246489",
        "VehiclesAx": "{(EgoVehicle↦0.5063557624816895),(Vehicles2↦-0.48632383346557617),(Vehicles3↦-0.862739086151123),(Vehicles4↦-0.4593026638031006),(Vehicles5↦-0.5181324481964111)}",
        "VehiclesVx": "{(EgoVehicle↦29.923207759857178),(Vehicles2↦-9.28662657737732),(Vehicles3↦-10.340251922607422),(Vehicles4↦-11.085355281829834),(Vehicles5↦-7.905754446983337)}",
        "VehiclesY": "{(EgoVehicle↦8.000000238418579),(Vehicles2↦-8.000000238418579),(Vehicles3↦-3.16729309446373E-10),(Vehicles4↦-4.0000001192092896),(Vehicles5↦-8.000000238418579)}",
        "VehiclesVy": "{(EgoVehicle↦-8.423306496752048E-10),(Vehicles2↦8.423306496752048E-10),(Vehicles3↦8.423306496752048E-10),(Vehicles4↦8.423306496752048E-10),(Vehicles5↦8.423306496752048E-10)}",
        "VehiclesX": "{(EgoVehicle↦200.0),(Vehicles2↦6.765716522932053),(Vehicles3↦31.142330169677734),(Vehicles4↦41.12098217010498),(Vehicles5↦85.564786195755)}"
      },
      "probabilisticVariables": null,
      "activating": [
        "SLOWER_9"
      ],
      "activatingOnlyWhenExecuted": true,
      "updating": null,
      "withPredicate": null
    },
    {
      "id": "SLOWER_9",
      "execute": "SLOWER",
      "after": "1000",
      "priority": 0,
      "additionalGuards": null,
      "activationKind": null,
      "fixedVariables": {
        "Crash": "FALSE",
        "VehiclesAy": "{(EgoVehicle↦8.01101407432725E-10),(Vehicles2↦-8.01101407432725E-10),(Vehicles3↦-8.01101407432725E-10),(Vehicles4↦-8.01101407432725E-10),(Vehicles5↦8.835598919176846E-10)}",
        "Reward": "0.8839552948092816",
        "VehiclesAx": "{(EgoVehicle↦-4.274883270263672),(Vehicles2↦4.3045032024383545),(Vehicles3↦3.9508438110351562),(Vehicles4↦4.33384895324707),(Vehicles5↦4.2659395933151245)}",
        "VehiclesVx": "{(EgoVehicle↦25.648324489593506),(Vehicles2↦-4.982123374938965),(Vehicles3↦-6.389408111572266),(Vehicles4↦-6.751506328582764),(Vehicles5↦-3.639814853668213)}",
        "VehiclesY": "{(EgoVehicle↦8.000000238418579),(Vehicles2↦-8.000000238418579),(Vehicles3↦-1.2773782032127201E-11),(Vehicles4↦-4.0000001192092896),(Vehicles5↦-8.000000238418579)}",
        "VehiclesVy": "{(EgoVehicle↦-4.1229242242479813E-11),(Vehicles2↦4.1229242242479813E-11),(Vehicles3↦4.1229242242479813E-11),(Vehicles4↦4.1229242242479813E-11),(Vehicles5↦4.1229242242479813E-11)}",
        "VehiclesX": "{(EgoVehicle↦200.0),(Vehicles2↦-0.15130010433495045),(Vehicles3↦23.028093576431274),(Vehicles4↦32.41690993309021),(Vehicles5↦80.01355528831482)}"
      },
      "probabilisticVariables": null,
      "activating": [
        "SLOWER_10"
      ],
      "activatingOnlyWhenExecuted": true,
      "updating": null,
      "withPredicate": null
    },
    {
      "id": "SLOWER_10",
      "execute": "SLOWER",
      "after": "1000",
      "priority": 0,
      "additionalGuards": null,
      "activationKind": null,
      "fixedVariables": {
        "Crash": "FALSE",
        "VehiclesAy": "{(EgoVehicle↦3.9470648971473565E-11),(Vehicles2↦-3.9470648971473565E-11),(Vehicles3↦-3.9470648971473565E-11),(Vehicles4↦-3.9470648971473565E-11),(Vehicles5↦4.298783551348606E-11)}",
        "Reward": "0.7531683241449808",
        "VehiclesAx": "{(EgoVehicle↦-4.904513359069824),(Vehicles2↦4.938491149805486),(Vehicles3↦4.615086764097214),(Vehicles4↦4.967682659626007),(Vehicles5↦-1.1774173378944397)}",
        "VehiclesVx": "{(EgoVehicle↦20.74381113052368),(Vehicles2↦-0.04363222513347864),(Vehicles3↦-1.7743213474750519),(Vehicles4↦-1.7838236689567566),(Vehicles5↦-4.817232191562653)}",
        "VehiclesY": "{(EgoVehicle↦8.000000238418579),(Vehicles2↦-8.000000238418579),(Vehicles3↦-6.115108419635362E-13),(Vehicles4↦-4.0000001192092896),(Vehicles5↦-6.115108419635362E-13)}",
        "VehiclesVy": "{(EgoVehicle↦-1.758593271006248E-12),(Vehicles2↦1.758593271006248E-12),(Vehicles3↦1.758593271006248E-12),(Vehicles4↦1.758593271006248E-12),(Vehicles5↦1.758593271006248E-12)}",
        "VehiclesX": "{(EgoVehicle↦200.0),(Vehicles2↦-2.4144208058714867),(Vehicles3↦19.225628674030304),(Vehicles4↦28.396162390708923),(Vehicles5↦77.68023610115051)}"
      },
      "probabilisticVariables": null,
      "activating": [
        "SLOWER_11"
      ],
      "activatingOnlyWhenExecuted": true,
      "updating": null,
      "withPredicate": null
    },
    {
      "id": "SLOWER_11",
      "execute": "SLOWER",
      "after": "1000",
      "priority": 0,
      "additionalGuards": null,
      "activationKind": null,
      "fixedVariables": {
        "Crash": "FALSE",
        "VehiclesAy": "{(EgoVehicle↦1.6431300764452317E-12),(Vehicles2↦-1.652011860642233E-12),(Vehicles3↦-1.652011860642233E-12),(Vehicles4↦-1.652011860642233E-12),(Vehicles5↦1.865174681370263E-12)}",
        "Reward": "0.7359453485842499",
        "VehiclesAx": "{(EgoVehicle↦-0.6458616256713867),(Vehicles2↦0.6812514225021005),(Vehicles3↦0.3944912552833557),(Vehicles4↦0.7089870423078537),(Vehicles5↦0.9618338942527771)}",
        "VehiclesVx": "{(EgoVehicle↦20.097949504852295),(Vehicles2↦0.6376191973686218),(Vehicles3↦-1.3798300921916962),(Vehicles4↦-1.074836626648903),(Vehicles5↦-3.8553982973098755)}",
        "VehiclesY": "{(EgoVehicle↦8.000000238418579),(Vehicles2↦-8.000000238418579),(Vehicles3↦-3.730349362740526E-14),(Vehicles4↦-4.0000001192092896),(Vehicles5↦-3.730349362740526E-14)}",
        "VehiclesVy": "{(EgoVehicle↦-1.1546319456101628E-13),(Vehicles2↦1.0658141036401503E-13),(Vehicles3↦1.0658141036401503E-13),(Vehicles4↦1.0658141036401503E-13),(Vehicles5↦1.0658141036401503E-13)}",
        "VehiclesX": "{(EgoVehicle↦200.0),(Vehicles2↦-2.087635174393654),(Vehicles3↦17.70387589931488),(Vehicles4↦26.993998885154724),(Vehicles5↦73.34575057029724)}"
      },
      "probabilisticVariables": null,
      "activating": [
        "SLOWER_12"
      ],
      "activatingOnlyWhenExecuted": true,
      "updating": null,
      "withPredicate": null
    },
    {
      "id": "SLOWER_12",
      "execute": "SLOWER",
      "after": "1000",
      "priority": 0,
      "additionalGuards": null,
      "activationKind": null,
      "fixedVariables": {
        "Crash": "FALSE",
        "VehiclesAy": "{(EgoVehicle↦9.769962616701378E-14),(Vehicles2↦-8.881784197001252E-14),(Vehicles3↦-8.881784197001252E-14),(Vehicles4↦-8.881784197001252E-14),(Vehicles5↦1.2434497875801753E-13)}",
        "Reward": "0.7336773024198738",
        "VehiclesAx": "{(EgoVehicle↦-0.08505105972290039),(Vehicles2↦0.12022443115711212),(Vehicles3↦-0.12534543871879578),(Vehicles4↦0.14589056372642517),(Vehicles5↦0.3935772180557251)}",
        "VehiclesVx": "{(EgoVehicle↦20.012898445129395),(Vehicles2↦0.757843628525734),(Vehicles3↦-1.505175530910492),(Vehicles4↦-0.9289460629224777),(Vehicles5↦-3.4618210792541504)}",
        "VehiclesY": "{(EgoVehicle↦8.000000238418579),(Vehicles2↦-8.000000238418579),(Vehicles3↦-3.9968028886505635E-15),(Vehicles4↦-4.0000001192092896),(Vehicles5↦-3.9968028886505635E-15)}",
        "VehiclesVy": "{(EgoVehicle↦-1.7763568394002505E-14),(Vehicles2↦1.7763568394002505E-14),(Vehicles3↦1.7763568394002505E-14),(Vehicles4↦1.7763568394002505E-14),(Vehicles5↦1.7763568394002505E-14)}",
        "VehiclesX": "{(EgoVehicle↦200.0),(Vehicles2↦-1.3889671303331852),(Vehicles3↦16.283446550369263),(Vehicles4↦25.99065601825714),(Vehicles5↦69.66174840927124)}"
      },
      "probabilisticVariables": null,
      "activating": [
        "SLOWER_13"
      ],
      "activatingOnlyWhenExecuted": true,
      "updating": null,
      "withPredicate": null
    },
    {
      "id": "SLOWER_13",
      "execute": "SLOWER",
      "after": "1000",
      "priority": 0,
      "additionalGuards": null,
      "activationKind": null,
      "fixedVariables": {
        "Crash": "FALSE",
        "VehiclesAy": "{(EgoVehicle↦1.7763568394002505E-14),(Vehicles2↦-1.7763568394002505E-14),(Vehicles3↦-1.7763568394002505E-14),(Vehicles4↦-1.7763568394002505E-14),(Vehicles5↦1.7763568394002505E-14)}",
        "Reward": "0.7333786296739476",
        "VehiclesAx": "{(EgoVehicle↦-0.011200904846191406),(Vehicles2↦0.04529587924480438),(Vehicles3↦-0.15688613057136536),(Vehicles4↦0.06867632269859314),(Vehicles5↦0.3024327754974365)}",
        "VehiclesVx": "{(EgoVehicle↦20.001697540283203),(Vehicles2↦0.8031395077705383),(Vehicles3↦-1.6620616614818573),(Vehicles4↦-0.8602697402238846),(Vehicles5↦-3.159388303756714)}",
        "VehiclesY": "{(EgoVehicle↦8.000000238418579),(Vehicles2↦-8.000000238418579),(Vehicles3↦-1.3322676295501878E-15),(Vehicles4↦-4.0000001192092896),(Vehicles5↦-1.3322676295501878E-15)}",
        "VehiclesVy": "{(EgoVehicle↦0.0),(Vehicles2↦0.0),(Vehicles3↦0.0),(Vehicles4↦0.0),(Vehicles5↦0.0)}",
        "VehiclesX": "{(EgoVehicle↦200.0),(Vehicles2↦-0.6111988332122564),(Vehicles3↦14.713826775550842),(Vehicles4↦25.091171264648438),(Vehicles5↦66.32425785064697)}"
      },
      "probabilisticVariables": null,
      "activating": [
        "SLOWER_14"
      ],
      "activatingOnlyWhenExecuted": true,
      "updating": null,
      "withPredicate": null
    },
    {
      "id": "SLOWER_14",
      "execute": "SLOWER",
      "after": "1000",
      "priority": 0,
      "additionalGuards": null,
      "activationKind": null,
      "fixedVariables": {
        "Crash": "FALSE",
        "VehiclesAy": "{(EgoVehicle↦0.0),(Vehicles2↦0.0),(Vehicles3↦0.0),(Vehicles4↦0.0),(Vehicles5↦0.0)}",
        "Reward": "0.7333392982835377",
        "VehiclesAx": "{(EgoVehicle↦-0.0014734268188476562),(Vehicles2↦0.034075528383255005),(Vehicles3↦-0.12496396899223328),(Vehicles4↦0.05517609417438507),(Vehicles5↦0.27002424001693726)}",
        "VehiclesVx": "{(EgoVehicle↦20.000224113464355),(Vehicles2↦0.8372150361537933),(Vehicles3↦-1.7870256304740906),(Vehicles4↦-0.8050936460494995),(Vehicles5↦-2.8893640637397766)}",
        "VehiclesY": "{(EgoVehicle↦8.000000238418579),(Vehicles2↦-8.000000238418579),(Vehicles3↦-1.3322676295501878E-15),(Vehicles4↦-4.0000001192092896),(Vehicles5↦-1.3322676295501878E-15)}",
        "VehiclesVy": "{(EgoVehicle↦0.0),(Vehicles2↦0.0),(Vehicles3↦0.0),(Vehicles4↦0.0),(Vehicles5↦0.0)}",
        "VehiclesX": "{(EgoVehicle↦200.0),(Vehicles2↦0.20592354703694582),(Vehicles3↦12.998747825622559),(Vehicles4↦24.25350248813629),(Vehicles5↦63.275039196014404)}"
      },
      "probabilisticVariables": null,
      "activating": [
        "SLOWER_15"
      ],
      "activatingOnlyWhenExecuted": true,
      "updating": null,
      "withPredicate": null
    },
    {
      "id": "SLOWER_15",
      "execute": "SLOWER",
      "after": "1000",
      "priority": 0,
      "additionalGuards": null,
      "activationKind": null,
      "fixedVariables": {
        "Crash": "FALSE",
        "VehiclesAy": "{(EgoVehicle↦0.0),(Vehicles2↦0.0),(Vehicles3↦0.0),(Vehicles4↦0.0),(Vehicles5↦0.0)}",
        "Reward": "0.7333341188411792",
        "VehiclesAx": "{(EgoVehicle↦-0.00019550323486328125),(Vehicles2↦0.031132772564888),(Vehicles3↦-0.08715987205505371),(Vehicles4↦0.05007646977901459),(Vehicles5↦0.24392306804656982)}",
        "VehiclesVx": "{(EgoVehicle↦20.000028610229492),(Vehicles2↦0.8683478087186813),(Vehicles3↦-1.8741855025291443),(Vehicles4↦-0.7550171762704849),(Vehicles5↦-2.645440995693207)}",
        "VehiclesY": "{(EgoVehicle↦8.000000238418579),(Vehicles2↦-8.000000238418579),(Vehicles3↦-1.3322676295501878E-15),(Vehicles4↦-4.0000001192092896),(Vehicles5↦-1.3322676295501878E-15)}",
        "VehiclesVy": "{(EgoVehicle↦0.0),(Vehicles2↦0.0),(Vehicles3↦0.0),(Vehicles4↦0.0),(Vehicles5↦0.0)}",
        "VehiclesX": "{(EgoVehicle↦200.0),(Vehicles2↦1.05575667694211),(Vehicles3↦11.173904687166214),(Vehicles4↦23.46877008676529),(Vehicles5↦60.48528552055359)}"
      },
      "probabilisticVariables": null,
      "activating": [
        "SLOWER_16"
      ],
      "activatingOnlyWhenExecuted": true,
      "updating": null,
      "withPredicate": null
    },
    {
      "id": "SLOWER_16",
      "execute": "SLOWER",
      "after": "1000",
      "priority": 0,
      "additionalGuards": null,
      "activationKind": null,
      "fixedVariables": {
        "Crash": "FALSE",
        "VehiclesAy": "{(EgoVehicle↦0.0),(Vehicles2↦0.0),(Vehicles3↦0.0),(Vehicles4↦0.0),(Vehicles5↦0.0)}",
        "Reward": "0.7333334367746956",
        "VehiclesAx": "{(EgoVehicle↦-2.384185791015625E-05),(Vehicles2↦0.029274001717567444),(Vehicles3↦-0.052265822887420654),(Vehicles4↦0.046238973736763),(Vehicles5↦0.2189992368221283)}",
        "VehiclesVx": "{(EgoVehicle↦20.000004768371582),(Vehicles2↦0.8976218104362488),(Vehicles3↦-1.926451325416565),(Vehicles4↦-0.7087782025337219),(Vehicles5↦-2.4264417588710785)}",
        "VehiclesY": "{(EgoVehicle↦8.000000238418579),(Vehicles2↦-8.000000238418579),(Vehicles3↦-1.3322676295501878E-15),(Vehicles4↦-4.0000001192092896),(Vehicles5↦-1.3322676295501878E-15)}",
        "VehiclesVy": "{(EgoVehicle↦0.0),(Vehicles2↦0.0),(Vehicles3↦0.0),(Vehicles4↦0.0),(Vehicles5↦0.0)}",
        "VehiclesX": "{(EgoVehicle↦200.0),(Vehicles2↦1.9359519705176353),(Vehicles3↦9.276199340820312),(Vehicles4↦22.732537984848022),(Vehicles5↦57.92938470840454)}"
      },
      "probabilisticVariables": null,
      "activating": [
        "SLOWER_17"
      ],
      "activatingOnlyWhenExecuted": true,
      "updating": null,
      "withPredicate": null
    },
    {
      "id": "SLOWER_17",
      "execute": "SLOWER",
      "after": "1000",
      "priority": 0,
      "additionalGuards": null,
      "activationKind": null,
      "fixedVariables": {
        "Crash": "FALSE",
        "VehiclesAy": "{(EgoVehicle↦0.0),(Vehicles2↦0.0),(Vehicles3↦0.0),(Vehicles4↦0.0),(Vehicles5↦0.0)}",
        "Reward": "0.7333333469552411",
        "VehiclesAx": "{(EgoVehicle↦-4.76837158203125E-06),(Vehicles2↦0.027608051896095276),(Vehicles3↦-0.022129863500595093),(Vehicles4↦0.04279114305973053),(Vehicles5↦0.19563540816307068)}",
        "VehiclesVx": "{(EgoVehicle↦20.0),(Vehicles2↦0.925229862332344),(Vehicles3↦-1.94858118891716),(Vehicles4↦-0.6659870594739914),(Vehicles5↦-2.230806350708008)}",
        "VehiclesY": "{(EgoVehicle↦8.000000238418579),(Vehicles2↦-8.000000238418579),(Vehicles3↦-1.3322676295501878E-15),(Vehicles4↦-4.0000001192092896),(Vehicles5↦-1.3322676295501878E-15)}",
        "VehiclesVy": "{(EgoVehicle↦0.0),(Vehicles2↦0.0),(Vehicles3↦0.0),(Vehicles4↦0.0),(Vehicles5↦0.0)}",
        "VehiclesX": "{(EgoVehicle↦200.0),(Vehicles2↦2.8447462245821953),(Vehicles3↦7.338692247867584),(Vehicles4↦22.041139006614685),(Vehicles5↦55.582988262176514)}"
      },
      "probabilisticVariables": null,
      "activating": [
        "SLOWER_18"
      ],
      "activatingOnlyWhenExecuted": true,
      "updating": null,
      "withPredicate": null
    },
    {
      "id": "SLOWER_18",
      "execute": "SLOWER",
      "after": "1000",
      "priority": 0,
      "additionalGuards": null,
      "activationKind": null,
      "fixedVariables": {
        "Crash": "FALSE",
        "VehiclesAy": "{(EgoVehicle↦0.0),(Vehicles2↦0.0),(Vehicles3↦0.0),(Vehicles4↦0.0),(Vehicles5↦0.0)}",
        "Reward": "0.7333333351271648",
        "VehiclesAx": "{(EgoVehicle↦0.0),(Vehicles2↦0.02604454755783081),(Vehicles3↦0.0028024613857269287),(Vehicles4↦0.03964155912399292),(Vehicles5↦0.17441138625144958)}",
        "VehiclesVx": "{(EgoVehicle↦20.0),(Vehicles2↦0.9512744098901749),(Vehicles3↦-1.945778727531433),(Vehicles4↦-0.6263455003499985),(Vehicles5↦-2.0563949644565582)}",
        "VehiclesY": "{(EgoVehicle↦8.000000238418579),(Vehicles2↦-8.000000238418579),(Vehicles3↦-1.3322676295501878E-15),(Vehicles4↦-4.0000001192092896),(Vehicles5↦-1.3322676295501878E-15)}",
        "VehiclesVy": "{(EgoVehicle↦0.0),(Vehicles2↦0.0),(Vehicles3↦0.0),(Vehicles4↦0.0),(Vehicles5↦0.0)}",
        "VehiclesX": "{(EgoVehicle↦200.0),(Vehicles2↦3.780514746904373),(Vehicles3↦5.389445647597313),(Vehicles4↦21.39124870300293),(Vehicles5↦53.42354774475098)}"
      },
      "probabilisticVariables": null,
      "activating": [
        "SLOWER_19"
      ],
      "activatingOnlyWhenExecuted": true,
      "updating": null,
      "withPredicate": null
    },
    {
      "id": "SLOWER_19",
      "execute": "SLOWER",
      "after": "1000",
      "priority": 0,
      "additionalGuards": null,
      "activationKind": null,
      "fixedVariables": {
        "Crash": "TRUE",
        "VehiclesAy": "{(EgoVehicle↦0.0),(Vehicles2↦0.0),(Vehicles3↦0.0),(Vehicles4↦0.0),(Vehicles5↦0.0)}",
        "Reward": "0.06666666666666665",
        "VehiclesAx": "{(EgoVehicle↦-9.759999513626099),(Vehicles2↦-1.9439547508955002),(Vehicles3↦12.681635022163391),(Vehicles4↦9.796777591109276),(Vehicles5↦9.915576726198196)}",
        "VehiclesVx": "{(EgoVehicle↦10.240000486373901),(Vehicles2↦-0.9926803410053253),(Vehicles3↦10.735856294631958),(Vehicles4↦9.170432090759277),(Vehicles5↦7.859181761741638)}",
        "VehiclesY": "{(EgoVehicle↦8.000000238418579),(Vehicles2↦-1.3322676295501878E-15),(Vehicles3↦-8.000000238418579),(Vehicles4↦-4.0000001192092896),(Vehicles5↦-1.3322676295501878E-15)}",
        "VehiclesVy": "{(EgoVehicle↦0.0),(Vehicles2↦0.0),(Vehicles3↦0.0),(Vehicles4↦0.0),(Vehicles5↦0.0)}",
        "VehiclesX": "{(EgoVehicle↦200.0),(Vehicles2↦5.000000074505806),(Vehicles3↦7.648932188749313),(Vehicles4↦23.687030375003815),(Vehicles5↦54.337990283966064)}"
      },
      "probabilisticVariables": null,
      "activating": null,
      "activatingOnlyWhenExecuted": true,
      "updating": null,
      "withPredicate": null
    }
  ],
  "listeners": [],
  "metadata": {
    "fileType": "Timed_Trace",
    "formatVersion": 3,
    "savedAt": "2023-08-15T11:29:20.502228Z",
    "creator": "Simulation: MONTE_CARLO_SIMULATION; MAX_STEPS_BEFORE_PROPERTY : 0, EXECUTIONS : 1000, ENDING_TIME : 60000",
    "proB2KernelVersion": "4.12.2",
    "proBCliVersion": "1.12.2-final",
    "modelName": "HighwayEnvironment"
  }
}