{
  "variables": {},
  "activations": [
    {
      "id": "$setup_constants",
      "execute": "$setup_constants",
      "after": "0",
      "priority": 0,
      "additionalGuards": null,
      "activationKind": null,
      "fixedVariables": null,
      "probabilisticVariables": null,
      "activating": null,
      "activatingOnlyWhenExecuted": true,
      "updating": null,
      "withPredicate": null
    },
    {
      "id": "$initialise_machine",
      "execute": "$initialise_machine",
      "after": "0",
      "priority": 0,
      "additionalGuards": null,
      "activationKind": null,
      "fixedVariables": {
        "Crash": "FALSE",
        "VehiclesAy": "{(EgoVehicle↦0.0),(Vehicles2↦0.0),(Vehicles3↦0.0),(Vehicles4↦0.0),(Vehicles5↦0.0)}",
        "Reward": "0.0",
        "VehiclesAx": "{(EgoVehicle↦0.0),(Vehicles2↦0.0),(Vehicles3↦0.0),(Vehicles4↦0.0),(Vehicles5↦0.0)}",
        "VehiclesVx": "{(EgoVehicle↦25.0),(Vehicles2↦-1.8974581360816956),(Vehicles3↦-1.05497807264328),(Vehicles4↦-1.4929397404193878),(Vehicles5↦-2.8630203008651733)}",
        "VehiclesY": "{(EgoVehicle↦4.0000001192092896),(Vehicles2↦4.0000001192092896),(Vehicles3↦4.0000001192092896),(Vehicles4↦4.0000001192092896),(Vehicles5↦0.0)}",
        "VehiclesVy": "{(EgoVehicle↦0.0),(Vehicles2↦0.0),(Vehicles3↦0.0),(Vehicles4↦0.0),(Vehicles5↦0.0)}",
        "VehiclesX": "{(EgoVehicle↦149.7018575668335),(Vehicles2↦24.06015247106552),(Vehicles3↦49.87131655216217),(Vehicles4↦75.56400299072266),(Vehicles5↦99.97684359550476)}"
      },
      "probabilisticVariables": null,
      "activating": [
        "FASTER_2"
      ],
      "activatingOnlyWhenExecuted": true,
      "updating": null,
      "withPredicate": null
    },
    {
      "id": "FASTER_2",
      "execute": "FASTER",
      "after": "1000",
      "priority": 0,
      "additionalGuards": null,
      "activationKind": null,
      "fixedVariables": {
        "Crash": "FALSE",
        "VehiclesAy": "{(EgoVehicle↦0.0),(Vehicles2↦0.0),(Vehicles3↦0.0),(Vehicles4↦0.0),(Vehicles5↦-2.1547329425811768)}",
        "Reward": "0.9491083676268861",
        "VehiclesAx": "{(EgoVehicle↦4.341564178466797),(Vehicles2↦-9.464039504528046),(Vehicles3↦-9.11501556634903),(Vehicles4↦-5.388299077749252),(Vehicles5↦-8.926487565040588)}",
        "VehiclesVx": "{(EgoVehicle↦29.341564178466797),(Vehicles2↦-11.361497640609741),(Vehicles3↦-10.16999363899231),(Vehicles4↦-6.88123881816864),(Vehicles5↦-11.789507865905762)}",
        "VehiclesY": "{(EgoVehicle↦4.0000001192092896),(Vehicles2↦4.0000001192092896),(Vehicles3↦4.0000001192092896),(Vehicles4↦4.0000001192092896),(Vehicles5↦-3.2160544395446777)}",
        "VehiclesVy": "{(EgoVehicle↦0.0),(Vehicles2↦0.0),(Vehicles3↦0.0),(Vehicles4↦0.0),(Vehicles5↦-2.1547329425811768)}",
        "VehiclesX": "{(EgoVehicle↦177.09691524505615),(Vehicles2↦17.469322681427002),(Vehicles3↦44.15987730026245),(Vehicles4↦71.3854968547821),(Vehicles5↦91.95452332496643)}"
      },
      "probabilisticVariables": null,
      "activating": [
        "FASTER_3"
      ],
      "activatingOnlyWhenExecuted": true,
      "updating": null,
      "withPredicate": null
    },
    {
      "id": "FASTER_3",
      "execute": "FASTER",
      "after": "1000",
      "priority": 0,
      "additionalGuards": null,
      "activationKind": null,
      "fixedVariables": {
        "Crash": "FALSE",
        "VehiclesAy": "{(EgoVehicle↦0.0),(Vehicles2↦0.0),(Vehicles3↦0.0),(Vehicles4↦0.0),(Vehicles5↦-2.3220344074070454)}",
        "Reward": "0.964354462677889",
        "VehiclesAx": "{(EgoVehicle↦0.5717277526855469),(Vehicles2↦-2.612793445587158),(Vehicles3↦-1.9598281383514404),(Vehicles4↦-1.7500537633895874),(Vehicles5↦0.6616222858428955)}",
        "VehiclesVx": "{(EgoVehicle↦29.913291931152344),(Vehicles2↦-13.9742910861969),(Vehicles3↦-12.12982177734375),(Vehicles4↦-8.631292581558228),(Vehicles5↦-11.127885580062866)}",
        "VehiclesY": "{(EgoVehicle↦4.0000001192092896),(Vehicles2↦4.0000001192092896),(Vehicles3↦4.0000001192092896),(Vehicles4↦4.0000001192092896),(Vehicles5↦-3.941452145576477)}",
        "VehiclesVy": "{(EgoVehicle↦0.0),(Vehicles2↦0.0),(Vehicles3↦0.0),(Vehicles4↦0.0),(Vehicles5↦-0.1673014648258686)}",
        "VehiclesX": "{(EgoVehicle↦200.0),(Vehicles2↦4.81092743575573),(Vehicles3↦32.98806846141815),(Vehicles4↦63.670939207077026),(Vehicles5↦80.43383359909058)}"
      },
      "probabilisticVariables": null,
      "activating": [
        "LANE_LEFT_4"
      ],
      "activatingOnlyWhenExecuted": true,
      "updating": null,
      "withPredicate": null
    },
    {
      "id": "LANE_LEFT_4",
      "execute": "LANE_LEFT",
      "after": "1000",
      "priority": 0,
      "additionalGuards": null,
      "activationKind": null,
      "fixedVariables": {
        "Crash": "FALSE",
        "VehiclesAy": "{(EgoVehicle↦-1.0287822037935257),(Vehicles2↦1.0287822037935257),(Vehicles3↦1.0287822037935257),(Vehicles4↦1.0287822037935257),(Vehicles5↦0.8500493131577969)}",
        "Reward": "0.932558131131672",
        "VehiclesAx": "{(EgoVehicle↦0.057637691497802734),(Vehicles2↦-0.7239723205566406),(Vehicles3↦-0.4521811008453369),(Vehicles4↦-0.8157104253768921),(Vehicles5↦0.6818795204162598)}",
        "VehiclesVx": "{(EgoVehicle↦29.970929622650146),(Vehicles2↦-14.69826340675354),(Vehicles3↦-12.582002878189087),(Vehicles4↦-9.44700300693512),(Vehicles5↦-10.446006059646606)}",
        "VehiclesY": "{(EgoVehicle↦0.29615427553653717),(Vehicles2↦7.703845739364624),(Vehicles3↦7.703845739364624),(Vehicles4↦7.703845739364624),(Vehicles5↦-0.29220208525657654)}",
        "VehiclesVy": "{(EgoVehicle↦-1.0287822037935257),(Vehicles2↦1.0287822037935257),(Vehicles3↦1.0287822037935257),(Vehicles4↦1.0287822037935257),(Vehicles5↦1.0173507779836655)}",
        "VehiclesX": "{(EgoVehicle↦200.0),(Vehicles2↦-9.263096004724503),(Vehicles3↦20.89269459247589),(Vehicles4↦54.93454933166504),(Vehicles5↦69.86284852027893)}"
      },
      "probabilisticVariables": null,
      "activating": [
        "LANE_LEFT_5"
      ],
      "activatingOnlyWhenExecuted": true,
      "updating": null,
      "withPredicate": null
    },
    {
      "id": "LANE_LEFT_5",
      "execute": "LANE_LEFT",
      "after": "1000",
      "priority": 0,
      "additionalGuards": null,
      "activationKind": null,
      "fixedVariables": {
        "Crash": "FALSE",
        "VehiclesAy": "{(EgoVehicle↦1.0129650228191167),(Vehicles2↦-4.256679192185402),(Vehicles3↦-1.0129650228191167),(Vehicles4↦-1.0136961156968027),(Vehicles5↦1.0331679589580745)}",
        "Reward": "0.9332931249805663",
        "VehiclesAx": "{(EgoVehicle↦0.02756357192993164),(Vehicles2↦1.9314062595367432),(Vehicles3↦2.8187650442123413),(Vehicles4↦-0.5545622110366821),(Vehicles5↦-0.9207892417907715)}",
        "VehiclesVx": "{(EgoVehicle↦29.998493194580078),(Vehicles2↦-12.766857147216797),(Vehicles3↦-9.763237833976746),(Vehicles4↦-10.001565217971802),(Vehicles5↦-11.366795301437378)}",
        "VehiclesY": "{(EgoVehicle↦0.0034530472476035357),(Vehicles2↦5.174002289772034),(Vehicles3↦7.996546983718872),(Vehicles4↦-0.0032022621016949415),(Vehicles5↦3.9965468645095825)}",
        "VehiclesVy": "{(EgoVehicle↦-0.015817180974408984),(Vehicles2↦-3.227896988391876),(Vehicles3↦0.015817180974408984),(Vehicles4↦0.01508608809672296),(Vehicles5↦0.015817180974408984)}",
        "VehiclesX": "{(EgoVehicle↦200.0),(Vehicles2↦7.845993340015411),(Vehicles3↦45.323121547698975),(Vehicles4↦59.602826833724976),(Vehicles5↦77.53434181213379)}"
      },
      "probabilisticVariables": null,
      "activating": [
        "FASTER_6"
      ],
      "activatingOnlyWhenExecuted": true,
      "updating": null,
      "withPredicate": null
    },
    {
      "id": "FASTER_6",
      "execute": "FASTER",
      "after": "1000",
      "priority": 0,
      "additionalGuards": null,
      "activationKind": null,
      "fixedVariables": {
        "Crash": "FALSE",
        "VehiclesAy": "{(EgoVehicle↦0.015858433766879898),(Vehicles2↦2.9742517694830894),(Vehicles3↦-0.015858433766879898),(Vehicles4↦-0.015172161693044472),(Vehicles5↦0.01577592818193807)}",
        "Reward": "0.933328053048838",
        "VehiclesAx": "{(EgoVehicle↦0.0013089179992675781),(Vehicles2↦1.448136568069458),(Vehicles3↦-0.037825703620910645),(Vehicles4↦0.29185712337493896),(Vehicles5↦0.10149598121643066)}",
        "VehiclesVx": "{(EgoVehicle↦29.999802112579346),(Vehicles2↦-11.318720579147339),(Vehicles3↦-9.801063537597656),(Vehicles4↦-9.709708094596863),(Vehicles5↦-11.265299320220947)}",
        "VehiclesY": "{(EgoVehicle↦-2.889879669965012E-05),(Vehicles2↦4.088919997215271),(Vehicles3↦8.000028848648071),(Vehicles4↦4.419763081386918E-05),(Vehicles5↦4.000028729438782)}",
        "VehiclesVy": "{(EgoVehicle↦4.1252792470913846E-05),(Vehicles2↦-0.2536452189087868),(Vehicles3↦-4.1252792470913846E-05),(Vehicles4↦-8.607359632151201E-05),(Vehicles5↦-4.1252792470913846E-05)}",
        "VehiclesX": "{(EgoVehicle↦200.0),(Vehicles2↦-4.177436605095863),(Vehicles3↦35.531437397003174),(Vehicles4↦49.72913861274719),(Vehicles5↦66.21514558792114)}"
      },
      "probabilisticVariables": null,
      "activating": [
        "FASTER_7"
      ],
      "activatingOnlyWhenExecuted": true,
      "updating": null,
      "withPredicate": null
    },
    {
      "id": "FASTER_7",
      "execute": "FASTER",
      "after": "1000",
      "priority": 0,
      "additionalGuards": null,
      "activationKind": null,
      "fixedVariables": {
        "Crash": "FALSE",
        "VehiclesAy": "{(EgoVehicle↦-3.621812254550605E-05),(Vehicles2↦0.25364018423886137),(Vehicles3↦3.354194234361785E-05),(Vehicles4↦8.103892639610422E-05),(Vehicles5↦-4.278578259686583E-05)}",
        "Reward": "0.9333326379873154",
        "VehiclesAx": "{(EgoVehicle↦0.000171661376953125),(Vehicles2↦1.5909701585769653),(Vehicles3↦0.27116715908050537),(Vehicles4↦-1.5221768617630005),(Vehicles5↦2.1096450090408325)}",
        "VehiclesVx": "{(EgoVehicle↦29.9999737739563),(Vehicles2↦-9.727750420570374),(Vehicles3↦-9.52989637851715),(Vehicles4↦-11.231884956359863),(Vehicles5↦-9.155654311180115)}",
        "VehiclesY": "{(EgoVehicle↦-1.4069458984522498E-06),(Vehicles2↦8.000001668930054),(Vehicles3↦2.3175969090516446E-06),(Vehicles4↦4.000001549720764),(Vehicles5↦8.000000238418579)}",
        "VehiclesVy": "{(EgoVehicle↦5.0346699254077976E-06),(Vehicles2↦-5.0346699254077976E-06),(Vehicles3↦-7.710850127295998E-06),(Vehicles4↦-5.0346699254077976E-06),(Vehicles5↦-1.532990125951983E-06)}",
        "VehiclesX": "{(EgoVehicle↦200.0),(Vehicles2↦25.75449049472809),(Vehicles3↦40.098339319229126),(Vehicles4↦54.96721863746643),(Vehicles5↦86.02288365364075)}"
      },
      "probabilisticVariables": null,
      "activating": [
        "LANE_LEFT_8"
      ],
      "activatingOnlyWhenExecuted": true,
      "updating": null,
      "withPredicate": null
    },
    {
      "id": "LANE_LEFT_8",
      "execute": "LANE_LEFT",
      "after": "1000",
      "priority": 0,
      "additionalGuards": null,
      "activationKind": null,
      "fixedVariables": {
        "Crash": "FALSE",
        "VehiclesAy": "{(EgoVehicle↦-4.968233859869997E-06),(Vehicles2↦4.968233868751781E-06),(Vehicles3↦7.487215096801947E-06),(Vehicles4↦4.968233868751781E-06),(Vehicles5↦-1.4044541529756316E-06)}",
        "Reward": "0.9333332417651349",
        "VehiclesAx": "{(EgoVehicle↦2.384185791015625E-05),(Vehicles2↦0.11128127574920654),(Vehicles3↦0.11071860790252686),(Vehicles4↦-0.003160238265991211),(Vehicles5↦0.309751033782959)}",
        "VehiclesVx": "{(EgoVehicle↦29.99999761581421),(Vehicles2↦-9.616469144821167),(Vehicles3↦-9.419177770614624),(Vehicles4↦-11.235045194625854),(Vehicles5↦-8.845903277397156)}",
        "VehiclesY": "{(EgoVehicle↦-1.3737393889101668E-08),(Vehicles2↦8.000000238418579),(Vehicles3↦6.712566502642403E-08),(Vehicles4↦4.0000001192092896),(Vehicles5↦8.000000238418579)}",
        "VehiclesVy": "{(EgoVehicle↦6.643606553780046E-08),(Vehicles2↦-6.643605665601626E-08),(Vehicles3↦-2.2363503049405153E-07),(Vehicles4↦-6.643605665601626E-08),(Vehicles5↦1.2853597297635133E-07)}",
        "VehiclesX": "{(EgoVehicle↦200.0),(Vehicles2↦16.06999635696411),(Vehicles3↦30.616965889930725),(Vehicles4↦43.736037611961365),(Vehicles5↦77.00427174568176)}"
      },
      "probabilisticVariables": null,
      "activating": [
        "SLOWER_9"
      ],
      "activatingOnlyWhenExecuted": true,
      "updating": null,
      "withPredicate": null
    },
    {
      "id": "SLOWER_9",
      "execute": "SLOWER",
      "after": "1000",
      "priority": 0,
      "additionalGuards": null,
      "activationKind": null,
      "fixedVariables": {
        "Crash": "FALSE",
        "VehiclesAy": "{(EgoVehicle↦-6.646758698991562E-08),(Vehicles2↦6.646756922634722E-08),(Vehicles3↦2.1452611242978037E-07),(Vehicles4↦6.646756922634722E-08),(Vehicles5↦1.3911581220327207E-07)}",
        "Reward": "0.817558286981417",
        "VehiclesAx": "{(EgoVehicle↦-4.341561794281006),(Vehicles2↦4.456294775009155),(Vehicles3↦4.4106525182724),(Vehicles4↦4.322124123573303),(Vehicles5↦4.5197924971580505)}",
        "VehiclesVx": "{(EgoVehicle↦25.658435821533203),(Vehicles2↦-5.160174369812012),(Vehicles3↦-5.008525252342224),(Vehicles4↦-6.912921071052551),(Vehicles5↦-4.326110780239105)}",
        "VehiclesY": "{(EgoVehicle↦4.885691851086449E-11),(Vehicles2↦8.000000238418579),(Vehicles3↦3.0516202897956646E-09),(Vehicles4↦4.0000001192092896),(Vehicles5↦8.000000238418579)}",
        "VehiclesVy": "{(EgoVehicle↦-3.1521452115157444E-11),(Vehicles2↦3.1512570330960443E-11),(Vehicles3↦-9.108918064271165E-09),(Vehicles4↦3.1512570330960443E-11),(Vehicles5↦1.057983922692074E-08)}",
        "VehiclesX": "{(EgoVehicle↦200.0),(Vehicles2↦8.89497995376587),(Vehicles3↦23.62302392721176),(Vehicles4↦34.88900661468506),(Vehicles5↦70.6328809261322)}"
      },
      "probabilisticVariables": null,
      "activating": [
        "SLOWER_10"
      ],
      "activatingOnlyWhenExecuted": true,
      "updating": null,
      "withPredicate": null
    },
    {
      "id": "SLOWER_10",
      "execute": "SLOWER",
      "after": "1000",
      "priority": 0,
      "additionalGuards": null,
      "activationKind": null,
      "fixedVariables": {
        "Crash": "FALSE",
        "VehiclesAy": "{(EgoVehicle↦1.8047785488306545E-11),(Vehicles2↦-1.8047785488306545E-11),(Vehicles3↦8.59431636968111E-09),(Vehicles4↦-1.8047785488306545E-11),(Vehicles5↦1.115466830015066E-08)}",
        "Reward": "0.6865371681072924",
        "VehiclesAx": "{(EgoVehicle↦-4.913291931152344),(Vehicles2↦5.017273556441069),(Vehicles3↦4.957429855130613),(Vehicles4↦4.889418184757233),(Vehicles5↦5.011079236865044)}",
        "VehiclesVx": "{(EgoVehicle↦20.74514389038086),(Vehicles2↦-0.14290081337094307),(Vehicles3↦-0.05109539721161127),(Vehicles4↦-2.0235028862953186),(Vehicles5↦0.6849684566259384)}",
        "VehiclesY": "{(EgoVehicle↦4.718891943866765E-12),(Vehicles2↦8.000000238418579),(Vehicles3↦1.7426060594516457E-10),(Vehicles4↦4.0000001192092896),(Vehicles5↦8.000000238418579)}",
        "VehiclesVy": "{(EgoVehicle↦-1.34736666268509E-11),(Vehicles2↦1.3464784842653899E-11),(Vehicles3↦-5.146016945900556E-10),(Vehicles4↦1.3464784842653899E-11),(Vehicles5↦5.74829073229921E-10)}",
        "VehiclesX": "{(EgoVehicle↦200.0),(Vehicles2↦6.487979739904404),(Vehicles3↦21.34413868188858),(Vehicles4↦30.677035450935364),(Vehicles5↦69.06125545501709)}"
      },
      "probabilisticVariables": null,
      "activating": [
        "FASTER_11"
      ],
      "activatingOnlyWhenExecuted": true,
      "updating": null,
      "withPredicate": null
    },
    {
      "id": "FASTER_11",
      "execute": "FASTER",
      "after": "1000",
      "priority": 0,
      "additionalGuards": null,
      "activationKind": null,
      "fixedVariables": {
        "Crash": "FALSE",
        "VehiclesAy": "{(EgoVehicle↦1.2807532812075806E-11),(Vehicles2↦-1.2789769243681803E-11),(Vehicles3↦4.848832446668894E-10),(Vehicles4↦-1.2789769243681803E-11),(Vehicles5↦6.050981937733013E-10)}",
        "Reward": "0.7850583925079562",
        "VehiclesAx": "{(EgoVehicle↦3.6945462226867676),(Vehicles2↦-3.605420123785734),(Vehicles3↦-3.665469973348081),(Vehicles4↦-3.716510236263275),(Vehicles5↦-3.6447089165449142)}",
        "VehiclesVx": "{(EgoVehicle↦24.439690113067627),(Vehicles2↦-3.7483209371566772),(Vehicles3↦-3.7165653705596924),(Vehicles4↦-5.740013122558594),(Vehicles5↦-2.959740459918976)}",
        "VehiclesY": "{(EgoVehicle↦1.9984014443252818E-13),(Vehicles2↦8.000000238418579),(Vehicles3↦1.0090595026213123E-11),(Vehicles4↦4.0000001192092896),(Vehicles5↦8.000000238418579)}",
        "VehiclesVy": "{(EgoVehicle↦-6.661338147750939E-13),(Vehicles2↦6.750155989720952E-13),(Vehicles3↦-2.971844992316619E-11),(Vehicles4↦6.750155989720952E-13),(Vehicles5↦3.026912054338027E-11)}",
        "VehiclesX": "{(EgoVehicle↦200.0),(Vehicles2↦4.34381291270256),(Vehicles3↦19.267472624778748),(Vehicles4↦26.606309413909912),(Vehicles5↦67.73092150688171)}"
      },
      "probabilisticVariables": null,
      "activating": [
        "SLOWER_12"
      ],
      "activatingOnlyWhenExecuted": true,
      "updating": null,
      "withPredicate": null
    },
    {
      "id": "SLOWER_12",
      "execute": "SLOWER",
      "after": "1000",
      "priority": 0,
      "additionalGuards": null,
      "activationKind": null,
      "fixedVariables": {
        "Crash": "FALSE",
        "VehiclesAy": "{(EgoVehicle↦6.394884621840902E-13),(Vehicles2↦-6.394884621840902E-13),(Vehicles3↦2.7995383788947947E-11),(Vehicles4↦-6.394884621840902E-13),(Vehicles5↦3.1867841698840493E-11)}",
        "Reward": "0.6822573466128447",
        "VehiclesAx": "{(EgoVehicle↦-3.8550400733947754),(Vehicles2↦3.9296849817037582),(Vehicles3↦3.8748535327613354),(Vehicles4↦3.8380055129528046),(Vehicles5↦3.876764327287674)}",
        "VehiclesVx": "{(EgoVehicle↦20.58465003967285),(Vehicles2↦0.181364044547081),(Vehicles3↦0.158288162201643),(Vehicles4↦-1.9020076096057892),(Vehicles5↦0.9170238673686981)}",
        "VehiclesY": "{(EgoVehicle↦7.993605777301127E-15),(Vehicles2↦8.000000238418579),(Vehicles3↦5.782041512247815E-13),(Vehicles4↦4.0000001192092896),(Vehicles5↦8.000000238418579)}",
        "VehiclesVy": "{(EgoVehicle↦-2.6645352591003757E-14),(Vehicles2↦3.552713678800501E-14),(Vehicles3↦-1.723066134218243E-12),(Vehicles4↦3.552713678800501E-14),(Vehicles5↦1.5987211554602254E-12)}",
        "VehiclesX": "{(EgoVehicle↦200.0),(Vehicles2↦2.7531059458851814),(Vehicles3↦17.68607795238495),(Vehicles4↦22.985687851905823),(Vehicles5↦66.90822243690491)}"
      },
      "probabilisticVariables": null,
      "activating": [
        "FASTER_13"
      ],
      "activatingOnlyWhenExecuted": true,
      "updating": null,
      "withPredicate": null
    },
    {
      "id": "FASTER_13",
      "execute": "FASTER",
      "after": "1000",
      "priority": 0,
      "additionalGuards": null,
      "activationKind": null,
      "fixedVariables": {
        "Crash": "FALSE",
        "VehiclesAy": "{(EgoVehicle↦2.6645352591003757E-14),(Vehicles2↦-3.552713678800501E-14),(Vehicles3↦1.6253665080512292E-12),(Vehicles4↦-3.552713678800501E-14),(Vehicles5↦1.687538997430238E-12)}",
        "Reward": "0.7844947946156832",
        "VehiclesAx": "{(EgoVehicle↦3.833904266357422),(Vehicles2↦-3.7717481702566147),(Vehicles3↦-3.8199606351554394),(Vehicles4↦-3.844878524541855),(Vehicles5↦-3.8284601271152496)}",
        "VehiclesVx": "{(EgoVehicle↦24.418554306030273),(Vehicles2↦-3.5903841257095337),(Vehicles3↦-3.6616724729537964),(Vehicles4↦-5.746886134147644),(Vehicles5↦-2.9114362597465515)}",
        "VehiclesY": "{(EgoVehicle↦0.0),(Vehicles2↦8.000000238418579),(Vehicles3↦3.4638958368304884E-14),(Vehicles4↦4.0000001192092896),(Vehicles5↦8.000000238418579)}",
        "VehiclesVy": "{(EgoVehicle↦0.0),(Vehicles2↦0.0),(Vehicles3↦-9.769962616701378E-14),(Vehicles4↦0.0),(Vehicles5↦8.881784197001252E-14)}",
        "VehiclesX": "{(EgoVehicle↦200.0),(Vehicles2↦0.8452322334051132),(Vehicles3↦15.735311806201935),(Vehicles4↦18.963783979415894),(Vehicles5↦65.71338772773743)}"
      },
      "probabilisticVariables": null,
      "activating": [
        "SLOWER_14"
      ],
      "activatingOnlyWhenExecuted": true,
      "updating": null,
      "withPredicate": null
    },
    {
      "id": "SLOWER_14",
      "execute": "SLOWER",
      "after": "1000",
      "priority": 0,
      "additionalGuards": null,
      "activationKind": null,
      "fixedVariables": {
        "Crash": "FALSE",
        "VehiclesAy": "{(EgoVehicle↦0.0),(Vehicles2↦0.0),(Vehicles3↦9.769962616701378E-14),(Vehicles4↦0.0),(Vehicles5↦1.0658141036401503E-13)}",
        "Reward": "0.6821831279603643",
        "VehiclesAx": "{(EgoVehicle↦-3.836686611175537),(Vehicles2↦3.8886329531669617),(Vehicles3↦3.846750669181347),(Vehicles4↦3.8318832218647003),(Vehicles5↦3.8328131288290024)}",
        "VehiclesVx": "{(EgoVehicle↦20.581867694854736),(Vehicles2↦0.298248827457428),(Vehicles3↦0.1850781962275505),(Vehicles4↦-1.9150029122829437),(Vehicles5↦0.9213768690824509)}",
        "VehiclesY": "{(EgoVehicle↦-1.3322676295501878E-15),(Vehicles2↦8.000000238418579),(Vehicles3↦2.6645352591003757E-15),(Vehicles4↦4.0000001192092896),(Vehicles5↦8.000000238418579)}",
        "VehiclesVy": "{(EgoVehicle↦0.0),(Vehicles2↦0.0),(Vehicles3↦0.0),(Vehicles4↦0.0),(Vehicles5↦1.7763568394002505E-14)}",
        "VehiclesX": "{(EgoVehicle↦200.0),(Vehicles2↦-0.6071013864129782),(Vehicles3↦14.194461703300476),(Vehicles4↦15.331035852432251),(Vehicles5↦64.91749286651611)}"
      },
      "probabilisticVariables": null,
      "activating": [
        "FASTER_15"
      ],
      "activatingOnlyWhenExecuted": true,
      "updating": null,
      "withPredicate": null
    },
    {
      "id": "FASTER_15",
      "execute": "FASTER",
      "after": "1000",
      "priority": 0,
      "additionalGuards": null,
      "activationKind": null,
      "fixedVariables": {
        "Crash": "FALSE",
        "VehiclesAy": "{(EgoVehicle↦0.0),(Vehicles2↦0.0),(Vehicles3↦0.0),(Vehicles4↦0.0),(Vehicles5↦1.7763568394002505E-14)}",
        "Reward": "0.784485020965974",
        "VehiclesAx": "{(EgoVehicle↦3.8363194465637207),(Vehicles2↦-3.7925463914871216),(Vehicles3↦-5.9354303404688835),(Vehicles4↦-1.7288760840892792),(Vehicles5↦-3.845445141196251)}",
        "VehiclesVx": "{(EgoVehicle↦24.418187141418457),(Vehicles2↦-3.4942975640296936),(Vehicles3↦-5.750352144241333),(Vehicles4↦-3.643878996372223),(Vehicles5↦-2.9240682721138)}",
        "VehiclesY": "{(EgoVehicle↦-1.3322676295501878E-15),(Vehicles2↦8.000000238418579),(Vehicles3↦4.0000001192092896),(Vehicles4↦2.6645352591003757E-15),(Vehicles5↦8.000000238418579)}",
        "VehiclesVy": "{(EgoVehicle↦0.0),(Vehicles2↦0.0),(Vehicles3↦0.0),(Vehicles4↦0.0),(Vehicles5↦0.0)}",
        "VehiclesX": "{(EgoVehicle↦200.0),(Vehicles2↦-2.4071011692285538),(Vehicles3↦11.29964217543602),(Vehicles4↦12.266326695680618),(Vehicles5↦63.719189167022705)}"
      },
      "probabilisticVariables": null,
      "activating": [
        "FASTER_16"
      ],
      "activatingOnlyWhenExecuted": true,
      "updating": null,
      "withPredicate": null
    },
    {
      "id": "FASTER_16",
      "execute": "FASTER",
      "after": "1000",
      "priority": 0,
      "additionalGuards": null,
      "activationKind": null,
      "fixedVariables": {
        "Crash": "FALSE",
        "VehiclesAy": "{(EgoVehicle↦1.7763568394002505E-14),(Vehicles2↦-1.7763568394002505E-14),(Vehicles3↦0.0),(Vehicles4↦-1.7763568394002505E-14),(Vehicles5↦-1.7763568394002505E-14)}",
        "Reward": "0.9137319094824877",
        "VehiclesAx": "{(EgoVehicle↦4.846758842468262),(Vehicles2↦-7.096681296825409),(Vehicles3↦-2.7349036931991577),(Vehicles4↦-4.659919440746307),(Vehicles5↦-4.858761727809906)}",
        "VehiclesVx": "{(EgoVehicle↦29.26494598388672),(Vehicles2↦-10.590978860855103),(Vehicles3↦-8.48525583744049),(Vehicles4↦-8.30379843711853),(Vehicles5↦-7.782829999923706)}",
        "VehiclesY": "{(EgoVehicle↦-1.3322676295501878E-15),(Vehicles2↦4.0000001192092896),(Vehicles3↦2.6645352591003757E-15),(Vehicles4↦8.000000238418579),(Vehicles5↦8.000000238418579)}",
        "VehiclesVy": "{(EgoVehicle↦1.7763568394002505E-14),(Vehicles2↦-1.7763568394002505E-14),(Vehicles3↦0.0),(Vehicles4↦-1.7763568394002505E-14),(Vehicles5↦-1.7763568394002505E-14)}",
        "VehiclesX": "{(EgoVehicle↦200.0),(Vehicles2↦2.8776001185178757),(Vehicles3↦5.950981378555298),(Vehicles4↦-8.559787273406982),(Vehicles5↦58.11672806739807)}"
      },
      "probabilisticVariables": null,
      "activating": [
        "SLOWER_17"
      ],
      "activatingOnlyWhenExecuted": true,
      "updating": null,
      "withPredicate": null
    },
    {
      "id": "SLOWER_17",
      "execute": "SLOWER",
      "after": "1000",
      "priority": 0,
      "additionalGuards": null,
      "activationKind": null,
      "fixedVariables": {
        "Crash": "TRUE",
        "VehiclesAy": "{(EgoVehicle↦-1.7763568394002505E-14),(Vehicles2↦1.7763568394002505E-14),(Vehicles3↦0.0),(Vehicles4↦1.7763568394002505E-14),(Vehicles5↦-1.7763568394002505E-14)}",
        "Reward": "0.0",
        "VehiclesAx": "{(EgoVehicle↦-17.860331535339355),(Vehicles2↦17.870941162109375),(Vehicles3↦5.592363178730011),(Vehicles4↦17.892351150512695),(Vehicles5↦17.846827507019043)}",
        "VehiclesVx": "{(EgoVehicle↦11.404614448547363),(Vehicles2↦7.2799623012542725),(Vehicles3↦-2.8928926587104797),(Vehicles4↦9.588552713394165),(Vehicles5↦10.063997507095337)}",
        "VehiclesY": "{(EgoVehicle↦-1.3322676295501878E-15),(Vehicles2↦4.0000001192092896),(Vehicles3↦0.0),(Vehicles4↦8.000000238418579),(Vehicles5↦8.000000238418579)}",
        "VehiclesVy": "{(EgoVehicle↦0.0),(Vehicles2↦0.0),(Vehicles3↦0.0),(Vehicles4↦0.0),(Vehicles5↦0.0)}",
        "VehiclesX": "{(EgoVehicle↦200.0),(Vehicles2↦1.7217602580785751),(Vehicles3↦5.000000074505806),(Vehicles4↦-7.4191756546497345),(Vehicles5↦59.759801626205444)}"
      },
      "probabilisticVariables": null,
      "activating": null,
      "activatingOnlyWhenExecuted": true,
      "updating": null,
      "withPredicate": null
    }
  ],
  "listeners": [],
  "metadata": {
    "fileType": "Timed_Trace",
    "formatVersion": 3,
    "savedAt": "2023-08-15T11:29:14.183693Z",
    "creator": "Simulation: MONTE_CARLO_SIMULATION; MAX_STEPS_BEFORE_PROPERTY : 0, EXECUTIONS : 1000, ENDING_TIME : 60000",
    "proB2KernelVersion": "4.12.2",
    "proBCliVersion": "1.12.2-final",
    "modelName": "HighwayEnvironment"
  }
}