{
  "variables": {},
  "activations": [
    {
      "id": "$setup_constants",
      "execute": "$setup_constants",
      "after": "0",
      "priority": 0,
      "additionalGuards": null,
      "activationKind": null,
      "fixedVariables": null,
      "probabilisticVariables": null,
      "activating": null,
      "activatingOnlyWhenExecuted": true,
      "updating": null,
      "withPredicate": null
    },
    {
      "id": "$initialise_machine",
      "execute": "$initialise_machine",
      "after": "0",
      "priority": 0,
      "additionalGuards": null,
      "activationKind": null,
      "fixedVariables": {
        "Crash": "FALSE",
        "VehiclesAy": "{(EgoVehicle↦0.0),(Vehicles2↦0.0),(Vehicles3↦0.0),(Vehicles4↦0.0),(Vehicles5↦0.0)}",
        "Reward": "0.0",
        "VehiclesAx": "{(EgoVehicle↦0.0),(Vehicles2↦0.0),(Vehicles3↦0.0),(Vehicles4↦0.0),(Vehicles5↦0.0)}",
        "VehiclesVx": "{(EgoVehicle↦25.0),(Vehicles2↦-3.2797515392303467),(Vehicles3↦-2.20693439245224),(Vehicles4↦-2.3140808939933777),(Vehicles5↦-2.8899890184402466)}",
        "VehiclesY": "{(EgoVehicle↦8.000000238418579),(Vehicles2↦-4.0000001192092896),(Vehicles3↦-8.000000238418579),(Vehicles4↦-8.000000238418579),(Vehicles5↦0.0)}",
        "VehiclesVy": "{(EgoVehicle↦0.0),(Vehicles2↦0.0),(Vehicles3↦0.0),(Vehicles4↦0.0),(Vehicles5↦0.0)}",
        "VehiclesX": "{(EgoVehicle↦150.19299983978271),(Vehicles2↦21.549256145954132),(Vehicles3↦46.53340280056),(Vehicles4↦68.31985116004944),(Vehicles5↦91.14938378334045)}"
      },
      "probabilisticVariables": null,
      "activating": [
        "FASTER_2"
      ],
      "activatingOnlyWhenExecuted": true,
      "updating": null,
      "withPredicate": null
    },
    {
      "id": "FASTER_2",
      "execute": "FASTER",
      "after": "1000",
      "priority": 0,
      "additionalGuards": null,
      "activationKind": null,
      "fixedVariables": {
        "Crash": "FALSE",
        "VehiclesAy": "{(EgoVehicle↦0.0),(Vehicles2↦0.0),(Vehicles3↦0.0),(Vehicles4↦0.0),(Vehicles5↦0.0)}",
        "Reward": "0.9824417009602194",
        "VehiclesAx": "{(EgoVehicle↦4.341564178466797),(Vehicles2↦-4.723788499832153),(Vehicles3↦-9.728401005268097),(Vehicles4↦-6.605972349643707),(Vehicles5↦-4.756345748901367)}",
        "VehiclesVx": "{(EgoVehicle↦29.341564178466797),(Vehicles2↦-8.0035400390625),(Vehicles3↦-11.935335397720337),(Vehicles4↦-8.920053243637085),(Vehicles5↦-7.646334767341614)}",
        "VehiclesY": "{(EgoVehicle↦8.000000238418579),(Vehicles2↦-4.0000001192092896),(Vehicles3↦-8.000000238418579),(Vehicles4↦-8.000000238418579),(Vehicles5↦0.0)}",
        "VehiclesVy": "{(EgoVehicle↦0.0),(Vehicles2↦0.0),(Vehicles3↦0.0),(Vehicles4↦0.0),(Vehicles5↦0.0)}",
        "VehiclesX": "{(EgoVehicle↦177.58806943893433),(Vehicles2↦15.794911980628967),(Vehicles3↦39.561158418655396),(Vehicles4↦62.70185112953186),(Vehicles5↦85.67894101142883)}"
      },
      "probabilisticVariables": null,
      "activating": [
        "LANE_RIGHT_3"
      ],
      "activatingOnlyWhenExecuted": true,
      "updating": null,
      "withPredicate": null
    },
    {
      "id": "LANE_RIGHT_3",
      "execute": "LANE_RIGHT",
      "after": "1000",
      "priority": 0,
      "additionalGuards": null,
      "activationKind": null,
      "fixedVariables": {
        "Crash": "FALSE",
        "VehiclesAy": "{(EgoVehicle↦0.0),(Vehicles2↦0.0),(Vehicles3↦0.0),(Vehicles4↦0.0),(Vehicles5↦0.0)}",
        "Reward": "0.9976877960112223",
        "VehiclesAx": "{(EgoVehicle↦0.5717277526855469),(Vehicles2↦-0.9916472434997559),(Vehicles3↦-2.0014119148254395),(Vehicles4↦-0.8254909515380859),(Vehicles5↦-0.8183664083480835)}",
        "VehiclesVx": "{(EgoVehicle↦29.913291931152344),(Vehicles2↦-8.995187282562256),(Vehicles3↦-13.936747312545776),(Vehicles4↦-9.745544195175171),(Vehicles5↦-8.464701175689697)}",
        "VehiclesY": "{(EgoVehicle↦8.000000238418579),(Vehicles2↦-4.0000001192092896),(Vehicles3↦-8.000000238418579),(Vehicles4↦-8.000000238418579),(Vehicles5↦0.0)}",
        "VehiclesVy": "{(EgoVehicle↦0.0),(Vehicles2↦0.0),(Vehicles3↦0.0),(Vehicles4↦0.0),(Vehicles5↦0.0)}",
        "VehiclesX": "{(EgoVehicle↦200.0),(Vehicles2↦7.2757139801979065),(Vehicles3↦26.521334052085876),(Vehicles4↦53.375840187072754),(Vehicles5↦77.61203646659851)}"
      },
      "probabilisticVariables": null,
      "activating": [
        "IDLE_4"
      ],
      "activatingOnlyWhenExecuted": true,
      "updating": null,
      "withPredicate": null
    },
    {
      "id": "IDLE_4",
      "execute": "IDLE",
      "after": "1000",
      "priority": 0,
      "additionalGuards": null,
      "activationKind": null,
      "fixedVariables": {
        "Crash": "FALSE",
        "VehiclesAy": "{(EgoVehicle↦0.0),(Vehicles2↦0.0),(Vehicles3↦0.0),(Vehicles4↦0.0),(Vehicles5↦0.0)}",
        "Reward": "0.9996955122319305",
        "VehiclesAx": "{(EgoVehicle↦0.07529020309448242),(Vehicles2↦-0.22991478443145752),(Vehicles3↦-0.07230758666992188),(Vehicles4↦-0.3562045097351074),(Vehicles5↦-0.2699089050292969)}",
        "VehiclesVx": "{(EgoVehicle↦29.988582134246826),(Vehicles2↦-9.225102066993713),(Vehicles3↦-14.009054899215698),(Vehicles4↦-10.101748704910278),(Vehicles5↦-8.734610080718994)}",
        "VehiclesY": "{(EgoVehicle↦8.000000238418579),(Vehicles2↦-4.0000001192092896),(Vehicles3↦-8.000000238418579),(Vehicles4↦-8.000000238418579),(Vehicles5↦0.0)}",
        "VehiclesVy": "{(EgoVehicle↦0.0),(Vehicles2↦0.0),(Vehicles3↦0.0),(Vehicles4↦0.0),(Vehicles5↦0.0)}",
        "VehiclesX": "{(EgoVehicle↦200.0),(Vehicles2↦-1.8358895555138588),(Vehicles3↦12.494158744812012),(Vehicles4↦43.47284734249115),(Vehicles5↦69.02397274971008)}"
      },
      "probabilisticVariables": null,
      "activating": [
        "LANE_LEFT_5"
      ],
      "activatingOnlyWhenExecuted": true,
      "updating": null,
      "withPredicate": null
    },
    {
      "id": "LANE_LEFT_5",
      "execute": "LANE_LEFT",
      "after": "1000",
      "priority": 0,
      "additionalGuards": null,
      "activationKind": null,
      "fixedVariables": {
        "Crash": "FALSE",
        "VehiclesAy": "{(EgoVehicle↦-1.0301727056503296),(Vehicles2↦1.0301727056503296),(Vehicles3↦1.0301727056503296),(Vehicles4↦1.0301727056503296),(Vehicles5↦1.030711755156517)}",
        "Reward": "0.9661547374453492",
        "VehiclesAx": "{(EgoVehicle↦-0.007779598236083984),(Vehicles2↦-4.41289484500885),(Vehicles3↦3.696657419204712),(Vehicles4↦1.2276709079742432),(Vehicles5↦-0.2736276388168335)}",
        "VehiclesVx": "{(EgoVehicle↦29.980802536010742),(Vehicles2↦-13.637996912002563),(Vehicles3↦-10.312397480010986),(Vehicles4↦-8.874077796936035),(Vehicles5↦-9.008237719535828)}",
        "VehiclesY": "{(EgoVehicle↦4.29670250415802),(Vehicles2↦-4.29670250415802),(Vehicles3↦-4.29670250415802),(Vehicles4↦3.703297734260559),(Vehicles5↦-0.29688334465026855)}",
        "VehiclesVy": "{(EgoVehicle↦-1.0301727056503296),(Vehicles2↦1.0301727056503296),(Vehicles3↦1.0301727056503296),(Vehicles4↦1.0301727056503296),(Vehicles5↦1.030711755156517)}",
        "VehiclesX": "{(EgoVehicle↦200.0),(Vehicles2↦-1.1116880923509598),(Vehicles3↦33.54900777339935),(Vehicles4↦60.498082637786865),(Vehicles5↦81.06386065483093)}"
      },
      "probabilisticVariables": null,
      "activating": [
        "LANE_RIGHT_6"
      ],
      "activatingOnlyWhenExecuted": true,
      "updating": null,
      "withPredicate": null
    },
    {
      "id": "LANE_RIGHT_6",
      "execute": "LANE_RIGHT",
      "after": "1000",
      "priority": 0,
      "additionalGuards": null,
      "activationKind": null,
      "fixedVariables": {
        "Crash": "FALSE",
        "VehiclesAy": "{(EgoVehicle↦2.0450107753276825),(Vehicles2↦-2.0450107753276825),(Vehicles3↦-2.0450107753276825),(Vehicles4↦-2.0449811965227127),(Vehicles5↦0.015873685479164124)}",
        "Reward": "0.9995368539598349",
        "VehiclesAx": "{(EgoVehicle↦0.0018286705017089844),(Vehicles2↦3.1750237941741943),(Vehicles3↦1.3266545534133911),(Vehicles4↦0.14721930027008057),(Vehicles5↦-3.3514100313186646)}",
        "VehiclesVx": "{(EgoVehicle↦29.98263120651245),(Vehicles2↦-10.46297311782837),(Vehicles3↦-8.985742926597595),(Vehicles4↦-8.726858496665955),(Vehicles5↦-12.359647750854492)}",
        "VehiclesY": "{(EgoVehicle↦7.7065651416778564),(Vehicles2↦-7.7065651416778564),(Vehicles3↦0.2934351861476898),(Vehicles4↦-3.7065746784210205),(Vehicles5↦-7.7065651416778564)}",
        "VehiclesVy": "{(EgoVehicle↦1.014838069677353),(Vehicles2↦-1.014838069677353),(Vehicles3↦-1.014838069677353),(Vehicles4↦-1.0148084908723831),(Vehicles5↦-1.014838069677353)}",
        "VehiclesX": "{(EgoVehicle↦200.0),(Vehicles2↦23.393814265727997),(Vehicles3↦51.79942846298218),(Vehicles4↦72.4028468132019),(Vehicles5↦85.2174162864685)}"
      },
      "probabilisticVariables": null,
      "activating": [
        "LANE_RIGHT_7"
      ],
      "activatingOnlyWhenExecuted": true,
      "updating": null,
      "withPredicate": null
    },
    {
      "id": "LANE_RIGHT_7",
      "execute": "LANE_RIGHT",
      "after": "1000",
      "priority": 0,
      "additionalGuards": null,
      "activationKind": null,
      "fixedVariables": {
        "Crash": "FALSE",
        "VehiclesAy": "{(EgoVehicle↦-0.9989069309085608),(Vehicles2↦0.9989069309085608),(Vehicles3↦0.9989069309085608),(Vehicles4↦0.9988789376802742),(Vehicles5↦-1.030769208446145)}",
        "Reward": "0.9999991918533665",
        "VehiclesAx": "{(EgoVehicle↦0.017337799072265625),(Vehicles2↦-0.10810732841491699),(Vehicles3↦-0.10000526905059814),(Vehicles4↦0.14341413974761963),(Vehicles5↦0.40858983993530273)}",
        "VehiclesVx": "{(EgoVehicle↦29.999969005584717),(Vehicles2↦-10.571080446243286),(Vehicles3↦-9.085748195648193),(Vehicles4↦-8.583444356918335),(Vehicles5↦-11.95105791091919)}",
        "VehiclesY": "{(EgoVehicle↦7.996499061584473),(Vehicles2↦-7.996499061584473),(Vehicles3↦0.0035010353894904256),(Vehicles4↦-3.9964996576309204),(Vehicles5↦-7.996499061584473)}",
        "VehiclesVy": "{(EgoVehicle↦0.015931138768792152),(Vehicles2↦-0.015931138768792152),(Vehicles3↦-0.015931138768792152),(Vehicles4↦-0.01592955319210887),(Vehicles5↦-0.015931138768792152)}",
        "VehiclesX": "{(EgoVehicle↦200.0),(Vehicles2↦12.875927984714508),(Vehicles3↦42.764243483543396),(Vehicles4↦63.733482360839844),(Vehicles5↦73.01737666130066)}"
      },
      "probabilisticVariables": null,
      "activating": [
        "LANE_RIGHT_8"
      ],
      "activatingOnlyWhenExecuted": true,
      "updating": null,
      "withPredicate": null
    },
    {
      "id": "LANE_RIGHT_8",
      "execute": "LANE_RIGHT",
      "after": "1000",
      "priority": 0,
      "additionalGuards": null,
      "activationKind": null,
      "fixedVariables": {
        "Crash": "FALSE",
        "VehiclesAy": "{(EgoVehicle↦-0.01596673568656115),(Vehicles2↦5.208116183057427),(Vehicles3↦0.01596673568656115),(Vehicles4↦0.015965233667429857),(Vehicles5↦-0.015895541851023154)}",
        "Reward": "0.9999999084312382",
        "VehiclesAx": "{(EgoVehicle↦2.86102294921875E-05),(Vehicles2↦-0.7975125312805176),(Vehicles3↦-0.06346583366394043),(Vehicles4↦0.08329272270202637),(Vehicles5↦0.36955833435058594)}",
        "VehiclesVx": "{(EgoVehicle↦29.99999761581421),(Vehicles2↦-11.368592977523804),(Vehicles3↦-9.149214029312134),(Vehicles4↦-8.500151634216309),(Vehicles5↦-11.581499576568604)}",
        "VehiclesY": "{(EgoVehicle↦8.000027418136597),(Vehicles2↦-5.977474808692932),(Vehicles3↦-2.7391464755055495E-05),(Vehicles4↦-4.000027298927307),(Vehicles5↦-8.000027418136597)}",
        "VehiclesVy": "{(EgoVehicle↦-3.559691776899854E-05),(Vehicles2↦5.192185044288635),(Vehicles3↦3.559691776899854E-05),(Vehicles4↦3.568047532098717E-05),(Vehicles5↦3.559691776899854E-05)}",
        "VehiclesX": "{(EgoVehicle↦200.0),(Vehicles2↦2.0094767212867737),(Vehicles3↦33.6518257856369),(Vehicles4↦55.188143253326416),(Vehicles5↦61.21910214424133)}"
      },
      "probabilisticVariables": null,
      "activating": [
        "LANE_RIGHT_9"
      ],
      "activatingOnlyWhenExecuted": true,
      "updating": null,
      "withPredicate": null
    },
    {
      "id": "LANE_RIGHT_9",
      "execute": "LANE_RIGHT",
      "after": "1000",
      "priority": 0,
      "additionalGuards": null,
      "activationKind": null,
      "fixedVariables": {
        "Crash": "FALSE",
        "VehiclesAy": "{(EgoVehicle↦3.061794643599569E-05),(Vehicles2↦-4.799616597592831),(Vehicles3↦-3.061794643599569E-05),(Vehicles4↦-3.0697129886902985E-05),(Vehicles5↦4.0575889102001383E-05)}",
        "Reward": "0.9999999879416256",
        "VehiclesAx": "{(EgoVehicle↦2.384185791015625E-06),(Vehicles2↦0.9308040142059326),(Vehicles3↦-0.05003809928894043),(Vehicles4↦0.03600001335144043),(Vehicles5↦0.3077268600463867)}",
        "VehiclesVx": "{(EgoVehicle↦30.0),(Vehicles2↦-10.437788963317871),(Vehicles3↦-9.199252128601074),(Vehicles4↦-8.464151620864868),(Vehicles5↦-11.273772716522217)}",
        "VehiclesY": "{(EgoVehicle↦8.000001668930054),(Vehicles2↦-4.136159420013428),(Vehicles3↦-1.3969734595775662E-06),(Vehicles4↦-4.000001549720764),(Vehicles5↦-8.000001668930054)}",
        "VehiclesVy": "{(EgoVehicle↦-4.978971333002846E-06),(Vehicles2↦0.3925684466958046),(Vehicles3↦4.978971333002846E-06),(Vehicles4↦4.983345434084185E-06),(Vehicles5↦4.978971333002846E-06)}",
        "VehiclesX": "{(EgoVehicle↦200.0),(Vehicles2↦-8.699535578489304),(Vehicles3↦24.48171079158783),(Vehicles4↦46.70528173446655),(Vehicles5↦49.76551830768585)}"
      },
      "probabilisticVariables": null,
      "activating": [
        "SLOWER_10"
      ],
      "activatingOnlyWhenExecuted": true,
      "updating": null,
      "withPredicate": null
    },
    {
      "id": "SLOWER_10",
      "execute": "SLOWER",
      "after": "1000",
      "priority": 0,
      "additionalGuards": null,
      "activationKind": null,
      "fixedVariables": {
        "Crash": "FALSE",
        "VehiclesAy": "{(EgoVehicle↦4.874117269793032E-06),(Vehicles2↦-0.3925683418417414),(Vehicles3↦-4.873888954648464E-06),(Vehicles4↦-4.8784913708743716E-06),(Vehicles5↦5.08382539621266E-06)}",
        "Reward": "0.8842249641185145",
        "VehiclesAx": "{(EgoVehicle↦-4.341564178466797),(Vehicles2↦5.539293885231018),(Vehicles3↦5.084460377693176),(Vehicles4↦1.783151626586914),(Vehicles5↦6.301884949207306)}",
        "VehiclesVx": "{(EgoVehicle↦25.658435821533203),(Vehicles2↦-4.898495078086853),(Vehicles3↦-4.114791750907898),(Vehicles4↦-6.680999994277954),(Vehicles5↦-4.971887767314911)}",
        "VehiclesY": "{(EgoVehicle↦8.000000238418579),(Vehicles2↦-3.0840940468124245E-08),(Vehicles3↦-4.0000001192092896),(Vehicles4↦-8.000000238418579),(Vehicles5↦-8.000000238418579)}",
        "VehiclesVy": "{(EgoVehicle↦-1.0485406320981383E-07),(Vehicles2↦1.0485406320981383E-07),(Vehicles3↦1.0508237835438194E-07),(Vehicles4↦1.0485406320981383E-07),(Vehicles5↦1.0485406320981383E-07)}",
        "VehiclesX": "{(EgoVehicle↦200.0),(Vehicles2↦17.66059249639511),(Vehicles3↦40.64101278781891),(Vehicles4↦40.99147617816925),(Vehicles5↦91.19702577590942)}"
      },
      "probabilisticVariables": null,
      "activating": [
        "SLOWER_11"
      ],
      "activatingOnlyWhenExecuted": true,
      "updating": null,
      "withPredicate": null
    },
    {
      "id": "SLOWER_11",
      "execute": "SLOWER",
      "after": "1000",
      "priority": 0,
      "additionalGuards": null,
      "activationKind": null,
      "fixedVariables": {
        "Crash": "FALSE",
        "VehiclesAy": "{(EgoVehicle↦1.0088083257642211E-07),(Vehicles2↦-1.0088083257642211E-07),(Vehicles3↦-1.0110914772099022E-07),(Vehicles4↦-1.0086891322202973E-07),(Vehicles5↦1.0882729384320555E-07)}",
        "Reward": "0.753203836152781",
        "VehiclesAx": "{(EgoVehicle↦-4.913291931152344),(Vehicles2↦4.878778040874749),(Vehicles3↦2.5506554543972015),(Vehicles4↦7.470829486846924),(Vehicles5↦4.884206419810653)}",
        "VehiclesVx": "{(EgoVehicle↦20.74514389038086),(Vehicles2↦-0.019717037212103605),(Vehicles3↦-1.5641362965106964),(Vehicles4↦0.7898294925689697),(Vehicles5↦-0.08768134750425816)}",
        "VehiclesY": "{(EgoVehicle↦8.000000238418579),(Vehicles2↦-1.3733161274842587E-09),(Vehicles3↦-8.000000238418579),(Vehicles4↦-4.0000001192092896),(Vehicles5↦-8.000000238418579)}",
        "VehiclesVy": "{(EgoVehicle↦-3.973230633391722E-09),(Vehicles2↦3.973230633391722E-09),(Vehicles3↦3.973230633391722E-09),(Vehicles4↦3.985149987784098E-09),(Vehicles5↦3.973230633391722E-09)}",
        "VehiclesX": "{(EgoVehicle↦200.0),(Vehicles2↦15.458342432975769),(Vehicles3↦37.105801701545715),(Vehicles4↦39.23419415950775),(Vehicles5↦88.92380595207214)}"
      },
      "probabilisticVariables": null,
      "activating": [
        "SLOWER_12"
      ],
      "activatingOnlyWhenExecuted": true,
      "updating": null,
      "withPredicate": null
    },
    {
      "id": "SLOWER_12",
      "execute": "SLOWER",
      "after": "1000",
      "priority": 0,
      "additionalGuards": null,
      "activationKind": null,
      "fixedVariables": {
        "Crash": "FALSE",
        "VehiclesAy": "{(EgoVehicle↦3.730171727056586E-09),(Vehicles2↦-3.730171727056586E-09),(Vehicles3↦-3.730171727056586E-09),(Vehicles4↦-3.7414693565551715E-09),(Vehicles5↦4.2162895397268585E-09)}",
        "Reward": "0.7359500250626433",
        "VehiclesAx": "{(EgoVehicle↦-0.6470179557800293),(Vehicles2↦0.6167806009761989),(Vehicles3↦0.8120214939117432),(Vehicles4↦0.6289467215538025),(Vehicles5↦0.6193498987704515)}",
        "VehiclesVx": "{(EgoVehicle↦20.09812593460083),(Vehicles2↦0.5970635637640953),(Vehicles3↦-0.7521148025989532),(Vehicles4↦1.4187762141227722),(Vehicles5↦0.5316685512661934)}",
        "VehiclesY": "{(EgoVehicle↦8.000000238418579),(Vehicles2↦-8.377298854611581E-11),(Vehicles3↦-8.000000238418579),(Vehicles4↦-4.0000001192092896),(Vehicles5↦-8.000000238418579)}",
        "VehiclesVy": "{(EgoVehicle↦-2.4305890633513627E-10),(Vehicles2↦2.4305890633513627E-10),(Vehicles3↦2.4305890633513627E-10),(Vehicles4↦2.4368063122892636E-10),(Vehicles5↦2.4305890633513627E-10)}",
        "VehiclesX": "{(EgoVehicle↦200.0),(Vehicles2↦15.78318327665329),(Vehicles3↦35.96734702587128),(Vehicles4↦40.3742790222168),(Vehicles5↦89.18191194534302)}"
      },
      "probabilisticVariables": null,
      "activating": [
        "SLOWER_13"
      ],
      "activatingOnlyWhenExecuted": true,
      "updating": null,
      "withPredicate": null
    },
    {
      "id": "SLOWER_13",
      "execute": "SLOWER",
      "after": "1000",
      "priority": 0,
      "additionalGuards": null,
      "activationKind": null,
      "fixedVariables": {
        "Crash": "FALSE",
        "VehiclesAy": "{(EgoVehicle↦2.2795099141603714E-10),(Vehicles2↦-2.2795987320023414E-10),(Vehicles3↦-2.2795987320023414E-10),(Vehicles4↦-2.2854607095723622E-10),(Vehicles5↦2.581579394700384E-10)}",
        "Reward": "0.7336779182524195",
        "VehiclesAx": "{(EgoVehicle↦-0.08520364761352539),(Vehicles2↦0.05789946764707565),(Vehicles3↦0.21956026554107666),(Vehicles4↦0.061938464641571045),(Vehicles5↦0.05822364240884781)}",
        "VehiclesVx": "{(EgoVehicle↦20.012922286987305),(Vehicles2↦0.654963031411171),(Vehicles3↦-0.5325545370578766),(Vehicles4↦1.4807146787643433),(Vehicles5↦0.5898921936750412)}",
        "VehiclesY": "{(EgoVehicle↦8.000000238418579),(Vehicles2↦-5.201172825763933E-12),(Vehicles3↦-8.000000238418579),(Vehicles4↦-4.0000001192092896),(Vehicles5↦-8.000000238418579)}",
        "VehiclesVy": "{(EgoVehicle↦-1.510791491909913E-11),(Vehicles2↦1.509903313490213E-11),(Vehicles3↦1.509903313490213E-11),(Vehicles4↦1.5134560271690134E-11),(Vehicles5↦1.509903313490213E-11)}",
        "VehiclesX": "{(EgoVehicle↦200.0),(Vehicles2↦16.41613394021988),(Vehicles3↦35.318151116371155),(Vehicles4↦41.83104932308197),(Vehicles5↦89.74975347518921)}"
      },
      "probabilisticVariables": null,
      "activating": [
        "SLOWER_14"
      ],
      "activatingOnlyWhenExecuted": true,
      "updating": null,
      "withPredicate": null
    },
    {
      "id": "SLOWER_14",
      "execute": "SLOWER",
      "after": "1000",
      "priority": 0,
      "additionalGuards": null,
      "activationKind": null,
      "fixedVariables": {
        "Crash": "FALSE",
        "VehiclesAy": "{(EgoVehicle↦1.4166445794216997E-11),(Vehicles2↦-1.4157564010019996E-11),(Vehicles3↦-1.4157564010019996E-11),(Vehicles4↦-1.4193091146808001E-11),(Vehicles5↦1.6040502259784262E-11)}",
        "Reward": "0.7333787107712376",
        "VehiclesAx": "{(EgoVehicle↦-0.011219978332519531),(Vehicles2↦-0.014019235968589783),(Vehicles3↦0.12136157602071762),(Vehicles4↦-0.01475021243095398),(Vehicles5↦-0.015425197780132294)}",
        "VehiclesVx": "{(EgoVehicle↦20.001702308654785),(Vehicles2↦0.6409437954425812),(Vehicles3↦-0.41119296103715897),(Vehicles4↦1.4659644663333893),(Vehicles5↦0.5744669958949089)}",
        "VehiclesY": "{(EgoVehicle↦8.000000238418579),(Vehicles2↦-3.2507330161024584E-13),(Vehicles3↦-8.000000238418579),(Vehicles4↦-4.0000001192092896),(Vehicles5↦-8.000000238418579)}",
        "VehiclesVy": "{(EgoVehicle↦-9.414691248821327E-13),(Vehicles2↦9.414691248821327E-13),(Vehicles3↦9.414691248821327E-13),(Vehicles4↦9.414691248821327E-13),(Vehicles5↦9.414691248821327E-13)}",
        "VehiclesX": "{(EgoVehicle↦200.0),(Vehicles2↦17.06705093383789),(Vehicles3↦34.83756184577942),(Vehicles4↦43.30771267414093),(Vehicles5↦90.33516049385071)}"
      },
      "probabilisticVariables": null,
      "activating": [
        "SLOWER_15"
      ],
      "activatingOnlyWhenExecuted": true,
      "updating": null,
      "withPredicate": null
    },
    {
      "id": "SLOWER_15",
      "execute": "SLOWER",
      "after": "1000",
      "priority": 0,
      "additionalGuards": null,
      "activationKind": null,
      "fixedVariables": {
        "Crash": "FALSE",
        "VehiclesAy": "{(EgoVehicle↦8.881784197001252E-13),(Vehicles2↦-8.881784197001252E-13),(Vehicles3↦-8.881784197001252E-13),(Vehicles4↦-8.881784197001252E-13),(Vehicles5↦9.947598300641403E-13)}",
        "Reward": "0.7333393089630161",
        "VehiclesAx": "{(EgoVehicle↦-0.0014781951904296875),(Vehicles2↦-0.022236928343772888),(Vehicles3↦0.09243812412023544),(Vehicles4↦-0.025724470615386963),(Vehicles5↦-0.024963095784187317)}",
        "VehiclesVx": "{(EgoVehicle↦20.000224113464355),(Vehicles2↦0.6187068670988083),(Vehicles3↦-0.3187548369169235),(Vehicles4↦1.4402399957180023),(Vehicles5↦0.5495039001107216)}",
        "VehiclesY": "{(EgoVehicle↦8.000000238418579),(Vehicles2↦-1.9984014443252818E-14),(Vehicles3↦-8.000000238418579),(Vehicles4↦-4.0000001192092896),(Vehicles5↦-8.000000238418579)}",
        "VehiclesVy": "{(EgoVehicle↦-5.3290705182007514E-14),(Vehicles2↦5.3290705182007514E-14),(Vehicles3↦5.3290705182007514E-14),(Vehicles4↦5.3290705182007514E-14),(Vehicles5↦5.3290705182007514E-14)}",
        "VehiclesX": "{(EgoVehicle↦200.0),(Vehicles2↦17.699217796325684),(Vehicles3↦34.46493148803711),(Vehicles4↦44.76366937160492),(Vehicles5↦90.89984893798828)}"
      },
      "probabilisticVariables": null,
      "activating": [
        "SLOWER_16"
      ],
      "activatingOnlyWhenExecuted": true,
      "updating": null,
      "withPredicate": null
    },
    {
      "id": "SLOWER_16",
      "execute": "SLOWER",
      "after": "1000",
      "priority": 0,
      "additionalGuards": null,
      "activationKind": null,
      "fixedVariables": {
        "Crash": "FALSE",
        "VehiclesAy": "{(EgoVehicle↦5.3290705182007514E-14),(Vehicles2↦-5.3290705182007514E-14),(Vehicles3↦-5.3290705182007514E-14),(Vehicles4↦-5.3290705182007514E-14),(Vehicles5↦5.3290705182007514E-14)}",
        "Reward": "0.7333341202475303",
        "VehiclesAx": "{(EgoVehicle↦-0.00019550323486328125),(Vehicles2↦-0.02231687307357788),(Vehicles3↦0.07584759965538979),(Vehicles4↦-0.027362406253814697),(Vehicles5↦-0.02604123204946518)}",
        "VehiclesVx": "{(EgoVehicle↦20.000028610229492),(Vehicles2↦0.5963899940252304),(Vehicles3↦-0.24290723726153374),(Vehicles4↦1.4128775894641876),(Vehicles5↦0.5234626680612564)}",
        "VehiclesY": "{(EgoVehicle↦8.000000238418579),(Vehicles2↦-1.3322676295501878E-15),(Vehicles3↦-8.000000238418579),(Vehicles4↦-4.0000001192092896),(Vehicles5↦-8.000000238418579)}",
        "VehiclesVy": "{(EgoVehicle↦0.0),(Vehicles2↦0.0),(Vehicles3↦0.0),(Vehicles4↦0.0),(Vehicles5↦0.0)}",
        "VehiclesX": "{(EgoVehicle↦200.0),(Vehicles2↦18.308940529823303),(Vehicles3↦34.177640080451965),(Vehicles4↦46.192994713783264),(Vehicles5↦91.43894910812378)}"
      },
      "probabilisticVariables": null,
      "activating": [
        "SLOWER_17"
      ],
      "activatingOnlyWhenExecuted": true,
      "updating": null,
      "withPredicate": null
    },
    {
      "id": "SLOWER_17",
      "execute": "SLOWER",
      "after": "1000",
      "priority": 0,
      "additionalGuards": null,
      "activationKind": null,
      "fixedVariables": {
        "Crash": "FALSE",
        "VehiclesAy": "{(EgoVehicle↦0.0),(Vehicles2↦0.0),(Vehicles3↦0.0),(Vehicles4↦0.0),(Vehicles5↦0.0)}",
        "Reward": "0.7333334369598942",
        "VehiclesAx": "{(EgoVehicle↦-2.384185791015625E-05),(Vehicles2↦-0.02146463841199875),(Vehicles3↦0.0633365847170353),(Vehicles4↦-0.02735927700996399),(Vehicles5↦-0.02593107521533966)}",
        "VehiclesVx": "{(EgoVehicle↦20.000004768371582),(Vehicles2↦0.5749253556132317),(Vehicles3↦-0.17957065254449844),(Vehicles4↦1.3855183124542236),(Vehicles5↦0.49753159284591675)}",
        "VehiclesY": "{(EgoVehicle↦8.000000238418579),(Vehicles2↦-1.3322676295501878E-15),(Vehicles3↦-8.000000238418579),(Vehicles4↦-4.0000001192092896),(Vehicles5↦-8.000000238418579)}",
        "VehiclesVy": "{(EgoVehicle↦0.0),(Vehicles2↦0.0),(Vehicles3↦0.0),(Vehicles4↦0.0),(Vehicles5↦0.0)}",
        "VehiclesX": "{(EgoVehicle↦200.0),(Vehicles2↦18.896670639514923),(Vehicles3↦33.96095931529999),(Vehicles4↦47.59490489959717),(Vehicles5↦91.95201992988586)}"
      },
      "probabilisticVariables": null,
      "activating": [
        "SLOWER_18"
      ],
      "activatingOnlyWhenExecuted": true,
      "updating": null,
      "withPredicate": null
    },
    {
      "id": "SLOWER_18",
      "execute": "SLOWER",
      "after": "1000",
      "priority": 0,
      "additionalGuards": null,
      "activationKind": null,
      "fixedVariables": {
        "Crash": "FALSE",
        "VehiclesAy": "{(EgoVehicle↦0.0),(Vehicles2↦0.0),(Vehicles3↦0.0),(Vehicles4↦0.0),(Vehicles5↦0.0)}",
        "Reward": "0.7333333469796294",
        "VehiclesAx": "{(EgoVehicle↦-4.76837158203125E-06),(Vehicles2↦-0.02056121826171875),(Vehicles3↦0.05325069651007652),(Vehicles4↦-0.026887059211730957),(Vehicles5↦-0.02555929124355316)}",
        "VehiclesVx": "{(EgoVehicle↦20.0),(Vehicles2↦0.5543641373515129),(Vehicles3↦-0.12631995603442192),(Vehicles4↦1.3586312532424927),(Vehicles5↦0.4719723016023636)}",
        "VehiclesY": "{(EgoVehicle↦8.000000238418579),(Vehicles2↦-1.3322676295501878E-15),(Vehicles3↦-8.000000238418579),(Vehicles4↦-4.0000001192092896),(Vehicles5↦-8.000000238418579)}",
        "VehiclesVy": "{(EgoVehicle↦0.0),(Vehicles2↦0.0),(Vehicles3↦0.0),(Vehicles4↦0.0),(Vehicles5↦0.0)}",
        "VehiclesX": "{(EgoVehicle↦200.0),(Vehicles2↦19.463300704956055),(Vehicles3↦33.803415298461914),(Vehicles4↦48.9696204662323),(Vehicles5↦92.43928790092468)}"
      },
      "probabilisticVariables": null,
      "activating": [
        "SLOWER_19"
      ],
      "activatingOnlyWhenExecuted": true,
      "updating": null,
      "withPredicate": null
    },
    {
      "id": "SLOWER_19",
      "execute": "SLOWER",
      "after": "1000",
      "priority": 0,
      "additionalGuards": null,
      "activationKind": null,
      "fixedVariables": {
        "Crash": "FALSE",
        "VehiclesAy": "{(EgoVehicle↦0.0),(Vehicles2↦0.0),(Vehicles3↦0.0),(Vehicles4↦0.0),(Vehicles5↦0.0)}",
        "Reward": "0.7333333351303765",
        "VehiclesAx": "{(EgoVehicle↦0.0),(Vehicles2↦-0.0196828693151474),(Vehicles3↦0.04495038650929928),(Vehicles4↦-0.02619341015815735),(Vehicles5↦-0.0250336155295372)}",
        "VehiclesVx": "{(EgoVehicle↦20.0),(Vehicles2↦0.5346812680363655),(Vehicles3↦-0.08136956952512264),(Vehicles4↦1.3324378430843353),(Vehicles5↦0.4469386860728264)}",
        "VehiclesY": "{(EgoVehicle↦8.000000238418579),(Vehicles2↦-1.3322676295501878E-15),(Vehicles3↦-8.000000238418579),(Vehicles4↦-4.0000001192092896),(Vehicles5↦-8.000000238418579)}",
        "VehiclesVy": "{(EgoVehicle↦0.0),(Vehicles2↦0.0),(Vehicles3↦0.0),(Vehicles4↦0.0),(Vehicles5↦0.0)}",
        "VehiclesX": "{(EgoVehicle↦200.0),(Vehicles2↦20.00972181558609),(Vehicles3↦33.695679903030396),(Vehicles4↦50.317710638046265),(Vehicles5↦92.90120005607605)}"
      },
      "probabilisticVariables": null,
      "activating": [
        "SLOWER_20"
      ],
      "activatingOnlyWhenExecuted": true,
      "updating": null,
      "withPredicate": null
    },
    {
      "id": "SLOWER_20",
      "execute": "SLOWER",
      "after": "1000",
      "priority": 0,
      "additionalGuards": null,
      "activationKind": null,
      "fixedVariables": {
        "Crash": "FALSE",
        "VehiclesAy": "{(EgoVehicle↦0.0),(Vehicles2↦0.0),(Vehicles3↦0.0),(Vehicles4↦0.0),(Vehicles5↦0.0)}",
        "Reward": "0.733333333569981",
        "VehiclesAx": "{(EgoVehicle↦0.0),(Vehicles2↦-0.018817894160747528),(Vehicles3↦0.03803920466452837),(Vehicles4↦-0.02536788582801819),(Vehicles5↦-0.02436421811580658)}",
        "VehiclesVx": "{(EgoVehicle↦20.0),(Vehicles2↦0.515863373875618),(Vehicles3↦-0.04333036486059427),(Vehicles4↦1.3070699572563171),(Vehicles5↦0.4225744679570198)}",
        "VehiclesY": "{(EgoVehicle↦8.000000238418579),(Vehicles2↦-1.3322676295501878E-15),(Vehicles3↦-8.000000238418579),(Vehicles4↦-4.0000001192092896),(Vehicles5↦-8.000000238418579)}",
        "VehiclesVy": "{(EgoVehicle↦0.0),(Vehicles2↦0.0),(Vehicles3↦0.0),(Vehicles4↦0.0),(Vehicles5↦0.0)}",
        "VehiclesX": "{(EgoVehicle↦200.0),(Vehicles2↦20.53680717945099),(Vehicles3↦33.63003134727478),(Vehicles4↦51.63993239402771),(Vehicles5↦93.33833456039429)}"
      },
      "probabilisticVariables": null,
      "activating": [
        "SLOWER_21"
      ],
      "activatingOnlyWhenExecuted": true,
      "updating": null,
      "withPredicate": null
    },
    {
      "id": "SLOWER_21",
      "execute": "SLOWER",
      "after": "1000",
      "priority": 0,
      "additionalGuards": null,
      "activationKind": null,
      "fixedVariables": {
        "Crash": "FALSE",
        "VehiclesAy": "{(EgoVehicle↦0.0),(Vehicles2↦0.0),(Vehicles3↦0.0),(Vehicles4↦0.0),(Vehicles5↦0.0)}",
        "Reward": "0.7333333333644968",
        "VehiclesAx": "{(EgoVehicle↦0.0),(Vehicles2↦-0.017954260110855103),(Vehicles3↦0.03223299980163574),(Vehicles4↦-0.024455934762954712),(Vehicles5↦-0.023555196821689606)}",
        "VehiclesVx": "{(EgoVehicle↦20.0),(Vehicles2↦0.4979091137647629),(Vehicles3↦-0.01109736505895853),(Vehicles4↦1.2826140224933624),(Vehicles5↦0.3990192711353302)}",
        "VehiclesY": "{(EgoVehicle↦8.000000238418579),(Vehicles2↦-1.3322676295501878E-15),(Vehicles3↦-8.000000238418579),(Vehicles4↦-4.0000001192092896),(Vehicles5↦-8.000000238418579)}",
        "VehiclesVy": "{(EgoVehicle↦0.0),(Vehicles2↦0.0),(Vehicles3↦0.0),(Vehicles4↦0.0),(Vehicles5↦0.0)}",
        "VehiclesX": "{(EgoVehicle↦200.0),(Vehicles2↦21.045419573783875),(Vehicles3↦33.60002040863037),(Vehicles4↦52.9371440410614),(Vehicles5↦93.75141859054565)}"
      },
      "probabilisticVariables": null,
      "activating": [
        "SLOWER_22"
      ],
      "activatingOnlyWhenExecuted": true,
      "updating": null,
      "withPredicate": null
    },
    {
      "id": "SLOWER_22",
      "execute": "SLOWER",
      "after": "1000",
      "priority": 0,
      "additionalGuards": null,
      "activationKind": null,
      "fixedVariables": {
        "Crash": "FALSE",
        "VehiclesAy": "{(EgoVehicle↦0.0),(Vehicles2↦0.0),(Vehicles3↦0.0),(Vehicles4↦0.0),(Vehicles5↦0.0)}",
        "Reward": "0.7333333333374371",
        "VehiclesAx": "{(EgoVehicle↦0.0),(Vehicles2↦-0.01708630472421646),(Vehicles3↦0.027320681838318706),(Vehicles4↦-0.023486316204071045),(Vehicles5↦-0.022614039480686188)}",
        "VehiclesVx": "{(EgoVehicle↦20.0),(Vehicles2↦0.4808228090405464),(Vehicles3↦0.016223316779360175),(Vehicles4↦1.2591277062892914),(Vehicles5↦0.376405231654644)}",
        "VehiclesY": "{(EgoVehicle↦8.000000238418579),(Vehicles2↦-1.3322676295501878E-15),(Vehicles3↦-8.000000238418579),(Vehicles4↦-4.0000001192092896),(Vehicles5↦-8.000000238418579)}",
        "VehiclesVy": "{(EgoVehicle↦0.0),(Vehicles2↦0.0),(Vehicles3↦0.0),(Vehicles4↦0.0),(Vehicles5↦0.0)}",
        "VehiclesX": "{(EgoVehicle↦200.0),(Vehicles2↦21.53642475605011),(Vehicles3↦33.60021412372589),(Vehicles4↦54.21028733253479),(Vehicles5↦94.14131045341492)}"
      },
      "probabilisticVariables": null,
      "activating": [
        "SLOWER_23"
      ],
      "activatingOnlyWhenExecuted": true,
      "updating": null,
      "withPredicate": null
    },
    {
      "id": "SLOWER_23",
      "execute": "SLOWER",
      "after": "1000",
      "priority": 0,
      "additionalGuards": null,
      "activationKind": null,
      "fixedVariables": {
        "Crash": "FALSE",
        "VehiclesAy": "{(EgoVehicle↦0.0),(Vehicles2↦0.0),(Vehicles3↦0.0),(Vehicles4↦0.0),(Vehicles5↦0.0)}",
        "Reward": "0.7333333333338738",
        "VehiclesAx": "{(EgoVehicle↦0.0),(Vehicles2↦-0.016212910413742065),(Vehicles3↦0.023142938734963536),(Vehicles4↦-0.02247735857963562),(Vehicles5↦-0.02155192196369171)}",
        "VehiclesVx": "{(EgoVehicle↦20.0),(Vehicles2↦0.46460989862680435),(Vehicles3↦0.03936625551432371),(Vehicles4↦1.2366503477096558),(Vehicles5↦0.3548533096909523)}",
        "VehiclesY": "{(EgoVehicle↦8.000000238418579),(Vehicles2↦-1.3322676295501878E-15),(Vehicles3↦-8.000000238418579),(Vehicles4↦-4.0000001192092896),(Vehicles5↦-8.000000238418579)}",
        "VehiclesVy": "{(EgoVehicle↦0.0),(Vehicles2↦0.0),(Vehicles3↦0.0),(Vehicles4↦0.0),(Vehicles5↦0.0)}",
        "VehiclesX": "{(EgoVehicle↦200.0),(Vehicles2↦22.010692954063416),(Vehicles3↦33.626002073287964),(Vehicles4↦55.46033978462219),(Vehicles5↦94.50900554656982)}"
      },
      "probabilisticVariables": null,
      "activating": [
        "SLOWER_24"
      ],
      "activatingOnlyWhenExecuted": true,
      "updating": null,
      "withPredicate": null
    },
    {
      "id": "SLOWER_24",
      "execute": "SLOWER",
      "after": "1000",
      "priority": 0,
      "additionalGuards": null,
      "activationKind": null,
      "fixedVariables": {
        "Crash": "FALSE",
        "VehiclesAy": "{(EgoVehicle↦0.0),(Vehicles2↦0.0),(Vehicles3↦0.0),(Vehicles4↦0.0),(Vehicles5↦0.0)}",
        "Reward": "0.7333333333334044",
        "VehiclesAx": "{(EgoVehicle↦0.0),(Vehicles2↦-0.015335716307163239),(Vehicles3↦0.019577830098569393),(Vehicles4↦-0.021442323923110962),(Vehicles5↦-0.02038218080997467)}",
        "VehiclesVx": "{(EgoVehicle↦20.0),(Vehicles2↦0.4492741823196411),(Vehicles3↦0.058944085612893105),(Vehicles4↦1.2152080237865448),(Vehicles5↦0.33447112888097763)}",
        "VehiclesY": "{(EgoVehicle↦8.000000238418579),(Vehicles2↦-1.3322676295501878E-15),(Vehicles3↦-8.000000238418579),(Vehicles4↦-4.0000001192092896),(Vehicles5↦-8.000000238418579)}",
        "VehiclesVy": "{(EgoVehicle↦0.0),(Vehicles2↦0.0),(Vehicles3↦0.0),(Vehicles4↦0.0),(Vehicles5↦0.0)}",
        "VehiclesX": "{(EgoVehicle↦200.0),(Vehicles2↦22.46909737586975),(Vehicles3↦33.67346227169037),(Vehicles4↦56.68833255767822),(Vehicles5↦94.85560655593872)}"
      },
      "probabilisticVariables": null,
      "activating": [
        "SLOWER_25"
      ],
      "activatingOnlyWhenExecuted": true,
      "updating": null,
      "withPredicate": null
    },
    {
      "id": "SLOWER_25",
      "execute": "SLOWER",
      "after": "1000",
      "priority": 0,
      "additionalGuards": null,
      "activationKind": null,
      "fixedVariables": {
        "Crash": "FALSE",
        "VehiclesAy": "{(EgoVehicle↦0.0),(Vehicles2↦0.0),(Vehicles3↦0.0),(Vehicles4↦0.0),(Vehicles5↦0.0)}",
        "Reward": "0.7333333333333427",
        "VehiclesAx": "{(EgoVehicle↦0.0),(Vehicles2↦-0.01445762813091278),(Vehicles3↦0.016530570574104786),(Vehicles4↦-0.02039104700088501),(Vehicles5↦-0.019119717180728912)}",
        "VehiclesVx": "{(EgoVehicle↦20.0),(Vehicles2↦0.43481655418872833),(Vehicles3↦0.07547465618699789),(Vehicles4↦1.1948169767856598),(Vehicles5↦0.3153514117002487)}",
        "VehiclesY": "{(EgoVehicle↦8.000000238418579),(Vehicles2↦-1.3322676295501878E-15),(Vehicles3↦-8.000000238418579),(Vehicles4↦-4.0000001192092896),(Vehicles5↦-8.000000238418579)}",
        "VehiclesVy": "{(EgoVehicle↦0.0),(Vehicles2↦0.0),(Vehicles3↦0.0),(Vehicles4↦0.0),(Vehicles5↦0.0)}",
        "VehiclesX": "{(EgoVehicle↦200.0),(Vehicles2↦22.912518680095673),(Vehicles3↦33.73924195766449),(Vehicles4↦57.895296812057495),(Vehicles5↦95.18232941627502)}"
      },
      "probabilisticVariables": null,
      "activating": [
        "SLOWER_26"
      ],
      "activatingOnlyWhenExecuted": true,
      "updating": null,
      "withPredicate": null
    },
    {
      "id": "SLOWER_26",
      "execute": "SLOWER",
      "after": "1000",
      "priority": 0,
      "additionalGuards": null,
      "activationKind": null,
      "fixedVariables": {
        "Crash": "FALSE",
        "VehiclesAy": "{(EgoVehicle↦0.0),(Vehicles2↦0.0),(Vehicles3↦0.0),(Vehicles4↦0.0),(Vehicles5↦0.0)}",
        "Reward": "0.7333333333333346",
        "VehiclesAx": "{(EgoVehicle↦0.0),(Vehicles2↦-0.013581924140453339),(Vehicles3↦0.013926285319030285),(Vehicles4↦-0.01933164894580841),(Vehicles5↦-0.017780344933271408)}",
        "VehiclesVx": "{(EgoVehicle↦20.0),(Vehicles2↦0.421234630048275),(Vehicles3↦0.08940094150602818),(Vehicles4↦1.1754853278398514),(Vehicles5↦0.2975710667669773)}",
        "VehiclesY": "{(EgoVehicle↦8.000000238418579),(Vehicles2↦-1.3322676295501878E-15),(Vehicles3↦-8.000000238418579),(Vehicles4↦-4.0000001192092896),(Vehicles5↦-8.000000238418579)}",
        "VehiclesVy": "{(EgoVehicle↦0.0),(Vehicles2↦0.0),(Vehicles3↦0.0),(Vehicles4↦0.0),(Vehicles5↦0.0)}",
        "VehiclesX": "{(EgoVehicle↦200.0),(Vehicles2↦23.34183305501938),(Vehicles3↦33.82048010826111),(Vehicles4↦59.08229351043701),(Vehicles5↦95.4904556274414)}"
      },
      "probabilisticVariables": null,
      "activating": [
        "SLOWER_27"
      ],
      "activatingOnlyWhenExecuted": true,
      "updating": null,
      "withPredicate": null
    },
    {
      "id": "SLOWER_27",
      "execute": "SLOWER",
      "after": "1000",
      "priority": 0,
      "additionalGuards": null,
      "activationKind": null,
      "fixedVariables": {
        "Crash": "FALSE",
        "VehiclesAy": "{(EgoVehicle↦0.0),(Vehicles2↦0.0),(Vehicles3↦0.0),(Vehicles4↦0.0),(Vehicles5↦0.0)}",
        "Reward": "0.7333333333333335",
        "VehiclesAx": "{(EgoVehicle↦0.0),(Vehicles2↦-0.012712329626083374),(Vehicles3↦0.011704787611961365),(Vehicles4↦-0.01827053725719452),(Vehicles5↦-0.01638004556298256)}",
        "VehiclesVx": "{(EgoVehicle↦20.0),(Vehicles2↦0.4085223004221916),(Vehicles3↦0.10110572911798954),(Vehicles4↦1.1572147905826569),(Vehicles5↦0.28119102120399475)}",
        "VehiclesY": "{(EgoVehicle↦8.000000238418579),(Vehicles2↦-1.3322676295501878E-15),(Vehicles3↦-8.000000238418579),(Vehicles4↦-4.0000001192092896),(Vehicles5↦-8.000000238418579)}",
        "VehiclesVy": "{(EgoVehicle↦0.0),(Vehicles2↦0.0),(Vehicles3↦0.0),(Vehicles4↦0.0),(Vehicles5↦0.0)}",
        "VehiclesX": "{(EgoVehicle↦200.0),(Vehicles2↦23.75791370868683),(Vehicles3↦33.914726972579956),(Vehicles4↦60.25038957595825),(Vehicles5↦95.78136205673218)}"
      },
      "probabilisticVariables": null,
      "activating": [
        "SLOWER_28"
      ],
      "activatingOnlyWhenExecuted": true,
      "updating": null,
      "withPredicate": null
    },
    {
      "id": "SLOWER_28",
      "execute": "SLOWER",
      "after": "1000",
      "priority": 0,
      "additionalGuards": null,
      "activationKind": null,
      "fixedVariables": {
        "Crash": "FALSE",
        "VehiclesAy": "{(EgoVehicle↦0.0),(Vehicles2↦0.0),(Vehicles3↦0.0),(Vehicles4↦0.0),(Vehicles5↦0.0)}",
        "Reward": "0.7333333333333334",
        "VehiclesAx": "{(EgoVehicle↦0.0),(Vehicles2↦-0.011852197349071503),(Vehicles3↦0.009816866368055344),(Vehicles4↦-0.017213895916938782),(Vehicles5↦-0.014934726059436798)}",
        "VehiclesVx": "{(EgoVehicle↦20.0),(Vehicles2↦0.3966701030731201),(Vehicles3↦0.11092259548604488),(Vehicles4↦1.140000894665718),(Vehicles5↦0.26625629514455795)}",
        "VehiclesY": "{(EgoVehicle↦8.000000238418579),(Vehicles2↦-1.3322676295501878E-15),(Vehicles3↦-8.000000238418579),(Vehicles4↦-4.0000001192092896),(Vehicles5↦-8.000000238418579)}",
        "VehiclesVy": "{(EgoVehicle↦0.0),(Vehicles2↦0.0),(Vehicles3↦0.0),(Vehicles4↦0.0),(Vehicles5↦0.0)}",
        "VehiclesX": "{(EgoVehicle↦200.0),(Vehicles2↦24.161626398563385),(Vehicles3↦34.01989936828613),(Vehicles4↦61.40063405036926),(Vehicles5↦96.05646133422852)}"
      },
      "probabilisticVariables": null,
      "activating": [
        "SLOWER_29"
      ],
      "activatingOnlyWhenExecuted": true,
      "updating": null,
      "withPredicate": null
    },
    {
      "id": "SLOWER_29",
      "execute": "SLOWER",
      "after": "1000",
      "priority": 0,
      "additionalGuards": null,
      "activationKind": null,
      "fixedVariables": {
        "Crash": "FALSE",
        "VehiclesAy": "{(EgoVehicle↦0.0),(Vehicles2↦0.0),(Vehicles3↦0.0),(Vehicles4↦0.0),(Vehicles5↦0.0)}",
        "Reward": "0.7333333333333334",
        "VehiclesAx": "{(EgoVehicle↦0.0),(Vehicles2↦-0.011004619300365448),(Vehicles3↦0.008221575990319252),(Vehicles4↦-0.01616641879081726),(Vehicles5↦-0.013459790498018265)}",
        "VehiclesVx": "{(EgoVehicle↦20.0),(Vehicles2↦0.38566548377275467),(Vehicles3↦0.11914417147636414),(Vehicles4↦1.1238344758749008),(Vehicles5↦0.2527965046465397)}",
        "VehiclesY": "{(EgoVehicle↦8.000000238418579),(Vehicles2↦-1.3322676295501878E-15),(Vehicles3↦-8.000000238418579),(Vehicles4↦-4.0000001192092896),(Vehicles5↦-8.000000238418579)}",
        "VehiclesVy": "{(EgoVehicle↦0.0),(Vehicles2↦0.0),(Vehicles3↦0.0),(Vehicles4↦0.0),(Vehicles5↦0.0)}",
        "VehiclesX": "{(EgoVehicle↦200.0),(Vehicles2↦24.553826451301575),(Vehicles3↦34.13422703742981),(Vehicles4↦62.53408193588257),(Vehicles5↦96.31721377372742)}"
      },
      "probabilisticVariables": null,
      "activating": [
        "SLOWER_30"
      ],
      "activatingOnlyWhenExecuted": true,
      "updating": null,
      "withPredicate": null
    },
    {
      "id": "SLOWER_30",
      "execute": "SLOWER",
      "after": "1000",
      "priority": 0,
      "additionalGuards": null,
      "activationKind": null,
      "fixedVariables": {
        "Crash": "FALSE",
        "VehiclesAy": "{(EgoVehicle↦0.0),(Vehicles2↦0.0),(Vehicles3↦0.0),(Vehicles4↦0.0),(Vehicles5↦0.0)}",
        "Reward": "0.7333333333333334",
        "VehiclesAx": "{(EgoVehicle↦0.0),(Vehicles2↦0.4219701513648033),(Vehicles3↦0.2563486620783806),(Vehicles4↦-0.9978060144931078),(Vehicles5↦0.8559050224721432)}",
        "VehiclesVx": "{(EgoVehicle↦20.0),(Vehicles2↦0.807635635137558),(Vehicles3↦0.3754928335547447),(Vehicles4↦0.12602846138179302),(Vehicles5↦1.1087015271186829)}",
        "VehiclesY": "{(EgoVehicle↦8.000000238418579),(Vehicles2↦-4.0000001192092896),(Vehicles3↦-1.3322676295501878E-15),(Vehicles4↦-8.000000238418579),(Vehicles5↦-4.0000001192092896)}",
        "VehiclesVy": "{(EgoVehicle↦0.0),(Vehicles2↦0.0),(Vehicles3↦0.0),(Vehicles4↦0.0),(Vehicles5↦0.0)}",
        "VehiclesX": "{(EgoVehicle↦200.0),(Vehicles2↦-9.796133637428284),(Vehicles3↦24.93535727262497),(Vehicles4↦34.25622284412384),(Vehicles5↦63.651782274246216)}"
      },
      "probabilisticVariables": null,
      "activating": [
        "IDLE_31"
      ],
      "activatingOnlyWhenExecuted": true,
      "updating": null,
      "withPredicate": null
    },
    {
      "id": "IDLE_31",
      "execute": "IDLE",
      "after": "1000",
      "priority": 0,
      "additionalGuards": null,
      "activationKind": null,
      "fixedVariables": {
        "Crash": "FALSE",
        "VehiclesAy": "{(EgoVehicle↦0.0),(Vehicles2↦0.0),(Vehicles3↦0.0),(Vehicles4↦0.0),(Vehicles5↦0.0)}",
        "Reward": "0.7333333333333334",
        "VehiclesAx": "{(EgoVehicle↦0.0),(Vehicles2↦0.010734349489212036),(Vehicles3↦-0.00935874879360199),(Vehicles4↦0.005775280296802521),(Vehicles5↦-0.0141172856092453)}",
        "VehiclesVx": "{(EgoVehicle↦20.0),(Vehicles2↦0.81836998462677),(Vehicles3↦0.36613408476114273),(Vehicles4↦0.13180374167859554),(Vehicles5↦1.0945842415094376)}",
        "VehiclesY": "{(EgoVehicle↦8.000000238418579),(Vehicles2↦-4.0000001192092896),(Vehicles3↦-1.3322676295501878E-15),(Vehicles4↦-8.000000238418579),(Vehicles5↦-4.0000001192092896)}",
        "VehiclesVy": "{(EgoVehicle↦0.0),(Vehicles2↦0.0),(Vehicles3↦0.0),(Vehicles4↦0.0),(Vehicles5↦0.0)}",
        "VehiclesX": "{(EgoVehicle↦200.0),(Vehicles2↦-8.984117209911346),(Vehicles3↦25.30704140663147),(Vehicles4↦34.38464105129242),(Vehicles5↦64.75476026535034)}"
      },
      "probabilisticVariables": null,
      "activating": [
        "IDLE_32"
      ],
      "activatingOnlyWhenExecuted": true,
      "updating": null,
      "withPredicate": null
    },
    {
      "id": "IDLE_32",
      "execute": "IDLE",
      "after": "1000",
      "priority": 0,
      "additionalGuards": null,
      "activationKind": null,
      "fixedVariables": {
        "Crash": "FALSE",
        "VehiclesAy": "{(EgoVehicle↦0.0),(Vehicles2↦0.0),(Vehicles3↦0.0),(Vehicles4↦0.0),(Vehicles5↦0.0)}",
        "Reward": "0.7333333333333334",
        "VehiclesAx": "{(EgoVehicle↦0.0),(Vehicles2↦0.00970393419265747),(Vehicles3↦-0.008565112948417664),(Vehicles4↦0.004868675023317337),(Vehicles5↦-0.013123154640197754)}",
        "VehiclesVx": "{(EgoVehicle↦20.0),(Vehicles2↦0.8280739188194275),(Vehicles3↦0.35756897181272507),(Vehicles4↦0.13667241670191288),(Vehicles5↦1.0814610868692398)}",
        "VehiclesY": "{(EgoVehicle↦8.000000238418579),(Vehicles2↦-4.0000001192092896),(Vehicles3↦-1.3322676295501878E-15),(Vehicles4↦-8.000000238418579),(Vehicles5↦-4.0000001192092896)}",
        "VehiclesVy": "{(EgoVehicle↦0.0),(Vehicles2↦0.0),(Vehicles3↦0.0),(Vehicles4↦0.0),(Vehicles5↦0.0)}",
        "VehiclesX": "{(EgoVehicle↦200.0),(Vehicles2↦-8.161787688732147),(Vehicles3↦25.6696879863739),(Vehicles4↦34.51845645904541),(Vehicles5↦65.84401726722717)}"
      },
      "probabilisticVariables": null,
      "activating": [
        "IDLE_33"
      ],
      "activatingOnlyWhenExecuted": true,
      "updating": null,
      "withPredicate": null
    },
    {
      "id": "IDLE_33",
      "execute": "IDLE",
      "after": "1000",
      "priority": 0,
      "additionalGuards": null,
      "activationKind": null,
      "fixedVariables": {
        "Crash": "FALSE",
        "VehiclesAy": "{(EgoVehicle↦0.0),(Vehicles2↦0.0),(Vehicles3↦0.0),(Vehicles4↦0.0),(Vehicles5↦0.0)}",
        "Reward": "0.7333333333333334",
        "VehiclesAx": "{(EgoVehicle↦0.0),(Vehicles2↦0.00878550112247467),(Vehicles3↦-0.00779375433921814),(Vehicles4↦0.004141638055443764),(Vehicles5↦-0.012153536081314087)}",
        "VehiclesVx": "{(EgoVehicle↦20.0),(Vehicles2↦0.8368594199419022),(Vehicles3↦0.3497752174735069),(Vehicles4↦0.14081405475735664),(Vehicles5↦1.0693075507879257)}",
        "VehiclesY": "{(EgoVehicle↦8.000000238418579),(Vehicles2↦-4.0000001192092896),(Vehicles3↦-1.3322676295501878E-15),(Vehicles4↦-8.000000238418579),(Vehicles5↦-4.0000001192092896)}",
        "VehiclesVy": "{(EgoVehicle↦0.0),(Vehicles2↦0.0),(Vehicles3↦0.0),(Vehicles4↦0.0),(Vehicles5↦0.0)}",
        "VehiclesX": "{(EgoVehicle↦200.0),(Vehicles2↦-7.330130785703659),(Vehicles3↦26.02407932281494),(Vehicles4↦34.656837582588196),(Vehicles5↦66.9205367565155)}"
      },
      "probabilisticVariables": null,
      "activating": [
        "FASTER_34"
      ],
      "activatingOnlyWhenExecuted": true,
      "updating": null,
      "withPredicate": null
    },
    {
      "id": "FASTER_34",
      "execute": "FASTER",
      "after": "1000",
      "priority": 0,
      "additionalGuards": null,
      "activationKind": null,
      "fixedVariables": {
        "Crash": "FALSE",
        "VehiclesAy": "{(EgoVehicle↦0.0),(Vehicles2↦0.0),(Vehicles3↦0.0),(Vehicles4↦0.0),(Vehicles5↦0.0)}",
        "Reward": "0.8491083676268861",
        "VehiclesAx": "{(EgoVehicle↦4.341564178466797),(Vehicles2↦-4.3335971981287),(Vehicles3↦-4.348610006272793),(Vehicles4↦-4.33798985555768),(Vehicles5↦-4.35277484357357)}",
        "VehiclesVx": "{(EgoVehicle↦24.341564178466797),(Vehicles2↦-3.496737778186798),(Vehicles3↦-3.998834788799286),(Vehicles4↦-4.1971758008003235),(Vehicles5↦-3.2834672927856445)}",
        "VehiclesY": "{(EgoVehicle↦8.000000238418579),(Vehicles2↦-4.0000001192092896),(Vehicles3↦-1.3322676295501878E-15),(Vehicles4↦-8.000000238418579),(Vehicles5↦-4.0000001192092896)}",
        "VehiclesVy": "{(EgoVehicle↦0.0),(Vehicles2↦0.0),(Vehicles3↦0.0),(Vehicles4↦0.0),(Vehicles5↦0.0)}",
        "VehiclesX": "{(EgoVehicle↦200.0),(Vehicles2↦-8.885084092617035),(Vehicles3↦23.97591471672058),(Vehicles4↦32.404059171676636),(Vehicles5↦65.59022665023804)}"
      },
      "probabilisticVariables": null,
      "activating": [
        "SLOWER_35"
      ],
      "activatingOnlyWhenExecuted": true,
      "updating": null,
      "withPredicate": null
    },
    {
      "id": "SLOWER_35",
      "execute": "SLOWER",
      "after": "1000",
      "priority": 0,
      "additionalGuards": null,
      "activationKind": null,
      "fixedVariables": {
        "Crash": "FALSE",
        "VehiclesAy": "{(EgoVehicle↦0.0),(Vehicles2↦0.0),(Vehicles3↦0.0),(Vehicles4↦0.0),(Vehicles5↦0.0)}",
        "Reward": "0.7485794283843362",
        "VehiclesAx": "{(EgoVehicle↦-3.76983642578125),(Vehicles2↦3.2614144682884216),(Vehicles3↦3.5746410861611366),(Vehicles4↦4.673245996236801),(Vehicles5↦2.914702147245407)}",
        "VehiclesVx": "{(EgoVehicle↦20.571727752685547),(Vehicles2↦-0.23532330989837646),(Vehicles3↦-0.42419370263814926),(Vehicles4↦0.47607019543647766),(Vehicles5↦-0.3687651455402374)}",
        "VehiclesY": "{(EgoVehicle↦8.000000238418579),(Vehicles2↦-1.3322676295501878E-15),(Vehicles3↦-8.000000238418579),(Vehicles4↦-4.0000001192092896),(Vehicles5↦-8.000000238418579)}",
        "VehiclesVy": "{(EgoVehicle↦0.0),(Vehicles2↦0.0),(Vehicles3↦0.0),(Vehicles4↦0.0),(Vehicles5↦0.0)}",
        "VehiclesX": "{(EgoVehicle↦200.0),(Vehicles2↦22.05415666103363),(Vehicles3↦30.287832021713257),(Vehicles4↦64.38223123550415),(Vehicles5↦93.00644993782043)}"
      },
      "probabilisticVariables": null,
      "activating": [
        "SLOWER_36"
      ],
      "activatingOnlyWhenExecuted": true,
      "updating": null,
      "withPredicate": null
    },
    {
      "id": "SLOWER_36",
      "execute": "SLOWER",
      "after": "1000",
      "priority": 0,
      "additionalGuards": null,
      "activationKind": null,
      "fixedVariables": {
        "Crash": "FALSE",
        "VehiclesAy": "{(EgoVehicle↦0.0),(Vehicles2↦0.0),(Vehicles3↦0.0),(Vehicles4↦0.0),(Vehicles5↦0.0)}",
        "Reward": "0.7353410495540414",
        "VehiclesAx": "{(EgoVehicle↦-0.49643754959106445),(Vehicles2↦1.0186851769685745),(Vehicles3↦0.679682046175003),(Vehicles4↦-0.40098010562360287),(Vehicles5↦1.3318586349487305)}",
        "VehiclesVx": "{(EgoVehicle↦20.075290203094482),(Vehicles2↦0.7833618670701981),(Vehicles3↦0.2554883435368538),(Vehicles4↦0.0750900898128748),(Vehicles5↦0.963093489408493)}",
        "VehiclesY": "{(EgoVehicle↦8.000000238418579),(Vehicles2↦-4.0000001192092896),(Vehicles3↦-1.3322676295501878E-15),(Vehicles4↦-8.000000238418579),(Vehicles5↦-4.0000001192092896)}",
        "VehiclesVy": "{(EgoVehicle↦0.0),(Vehicles2↦0.0),(Vehicles3↦0.0),(Vehicles4↦0.0),(Vehicles5↦0.0)}",
        "VehiclesX": "{(EgoVehicle↦200.0),(Vehicles2↦-9.7423255443573),(Vehicles3↦22.09039330482483),(Vehicles4↦30.138662457466125),(Vehicles5↦65.12832641601562)}"
      },
      "probabilisticVariables": null,
      "activating": [
        "IDLE_37"
      ],
      "activatingOnlyWhenExecuted": true,
      "updating": null,
      "withPredicate": null
    },
    {
      "id": "IDLE_37",
      "execute": "IDLE",
      "after": "1000",
      "priority": 0,
      "additionalGuards": null,
      "activationKind": null,
      "fixedVariables": {
        "Crash": "FALSE",
        "VehiclesAy": "{(EgoVehicle↦0.0),(Vehicles2↦0.0),(Vehicles3↦0.0),(Vehicles4↦0.0),(Vehicles5↦0.0)}",
        "Reward": "0.7335977239467599",
        "VehiclesAx": "{(EgoVehicle↦-0.06537437438964844),(Vehicles2↦0.07138535380363464),(Vehicles3↦0.06041642278432846),(Vehicles4↦0.06802626885473728),(Vehicles5↦0.056808143854141235)}",
        "VehiclesVx": "{(EgoVehicle↦20.009915828704834),(Vehicles2↦0.8547472208738327),(Vehicles3↦0.31590476632118225),(Vehicles4↦0.14311635866761208),(Vehicles5↦1.0199016332626343)}",
        "VehiclesY": "{(EgoVehicle↦8.000000238418579),(Vehicles2↦-4.0000001192092896),(Vehicles3↦-1.3322676295501878E-15),(Vehicles4↦-8.000000238418579),(Vehicles5↦-4.0000001192092896)}",
        "VehiclesVy": "{(EgoVehicle↦0.0),(Vehicles2↦0.0),(Vehicles3↦0.0),(Vehicles4↦0.0),(Vehicles5↦0.0)}",
        "VehiclesX": "{(EgoVehicle↦200.0),(Vehicles2↦-8.920451253652573),(Vehicles3↦22.379909455776215),(Vehicles4↦30.25088906288147),(Vehicles5↦66.12399220466614)}"
      },
      "probabilisticVariables": null,
      "activating": [
        "IDLE_38"
      ],
      "activatingOnlyWhenExecuted": true,
      "updating": null,
      "withPredicate": null
    },
    {
      "id": "IDLE_38",
      "execute": "IDLE",
      "after": "1000",
      "priority": 0,
      "additionalGuards": null,
      "activationKind": null,
      "fixedVariables": {
        "Crash": "FALSE",
        "VehiclesAy": "{(EgoVehicle↦0.0),(Vehicles2↦0.0),(Vehicles3↦0.0),(Vehicles4↦0.0),(Vehicles5↦0.0)}",
        "Reward": "0.7333681502042372",
        "VehiclesAx": "{(EgoVehicle↦-0.008609294891357422),(Vehicles2↦0.014107301831245422),(Vehicles3↦0.0042924657464027405),(Vehicles4↦0.011163223534822464),(Vehicles5↦0.0008580833673477173)}",
        "VehiclesVx": "{(EgoVehicle↦20.001306533813477),(Vehicles2↦0.8688545227050781),(Vehicles3↦0.320197232067585),(Vehicles4↦0.15427958220243454),(Vehicles5↦1.020759716629982)}",
        "VehiclesY": "{(EgoVehicle↦8.000000238418579),(Vehicles2↦-4.0000001192092896),(Vehicles3↦-1.3322676295501878E-15),(Vehicles4↦-8.000000238418579),(Vehicles5↦-4.0000001192092896)}",
        "VehiclesVy": "{(EgoVehicle↦0.0),(Vehicles2↦0.0),(Vehicles3↦0.0),(Vehicles4↦0.0),(Vehicles5↦0.0)}",
        "VehiclesX": "{(EgoVehicle↦200.0),(Vehicles2↦-8.058717101812363),(Vehicles3↦22.698786854743958),(Vehicles4↦30.399781465530396),(Vehicles5↦67.14547872543335)}"
      },
      "probabilisticVariables": null,
      "activating": [
        "IDLE_39"
      ],
      "activatingOnlyWhenExecuted": true,
      "updating": null,
      "withPredicate": null
    },
    {
      "id": "IDLE_39",
      "execute": "IDLE",
      "after": "1000",
      "priority": 0,
      "additionalGuards": null,
      "activationKind": null,
      "fixedVariables": {
        "Crash": "FALSE",
        "VehiclesAy": "{(EgoVehicle↦0.0),(Vehicles2↦0.0),(Vehicles3↦0.0),(Vehicles4↦0.0),(Vehicles5↦0.0)}",
        "Reward": "0.7333379182710655",
        "VehiclesAx": "{(EgoVehicle↦-0.0011348724365234375),(Vehicles2↦0.0061780959367752075),(Vehicles3↦-0.0025689229369163513),(Vehicles4↦0.003673713654279709),(Vehicles5↦-0.005836114287376404)}",
        "VehiclesVx": "{(EgoVehicle↦20.000171661376953),(Vehicles2↦0.8750326186418533),(Vehicles3↦0.31762830913066864),(Vehicles4↦0.15795329585671425),(Vehicles5↦1.0149236023426056)}",
        "VehiclesY": "{(EgoVehicle↦8.000000238418579),(Vehicles2↦-4.0000001192092896),(Vehicles3↦-1.3322676295501878E-15),(Vehicles4↦-8.000000238418579),(Vehicles5↦-4.0000001192092896)}",
        "VehiclesVy": "{(EgoVehicle↦0.0),(Vehicles2↦0.0),(Vehicles3↦0.0),(Vehicles4↦0.0),(Vehicles5↦0.0)}",
        "VehiclesX": "{(EgoVehicle↦200.0),(Vehicles2↦-7.187185436487198),(Vehicles3↦23.01807999610901),(Vehicles4↦30.5556982755661),(Vehicles5↦68.16401481628418)}"
      },
      "probabilisticVariables": null,
      "activating": [
        "IDLE_40"
      ],
      "activatingOnlyWhenExecuted": true,
      "updating": null,
      "withPredicate": null
    },
    {
      "id": "IDLE_40",
      "execute": "IDLE",
      "after": "1000",
      "priority": 0,
      "additionalGuards": null,
      "activationKind": null,
      "fixedVariables": {
        "Crash": "FALSE",
        "VehiclesAy": "{(EgoVehicle↦0.0),(Vehicles2↦0.0),(Vehicles3↦0.0),(Vehicles4↦0.0),(Vehicles5↦0.0)}",
        "Reward": "0.7333339371111417",
        "VehiclesAx": "{(EgoVehicle↦-0.00015020370483398438),(Vehicles2↦0.0047925859689712524),(Vehicles3↦-0.0029674172401428223),(Vehicles4↦0.0027467310428619385),(Vehicles5↦-0.006074383854866028)}",
        "VehiclesVx": "{(EgoVehicle↦20.00002145767212),(Vehicles2↦0.8798252046108246),(Vehicles3↦0.3146608918905258),(Vehicles4↦0.1607000268995762),(Vehicles5↦1.0088492184877396)}",
        "VehiclesY": "{(EgoVehicle↦8.000000238418579),(Vehicles2↦-4.0000001192092896),(Vehicles3↦-1.3322676295501878E-15),(Vehicles4↦-8.000000238418579),(Vehicles5↦-4.0000001192092896)}",
        "VehiclesVy": "{(EgoVehicle↦0.0),(Vehicles2↦0.0),(Vehicles3↦0.0),(Vehicles4↦0.0),(Vehicles5↦0.0)}",
        "VehiclesX": "{(EgoVehicle↦200.0),(Vehicles2↦-6.310182809829712),(Vehicles3↦23.334498703479767),(Vehicles4↦30.714768171310425),(Vehicles5↦69.1764771938324)}"
      },
      "probabilisticVariables": null,
      "activating": [
        "IDLE_41"
      ],
      "activatingOnlyWhenExecuted": true,
      "updating": null,
      "withPredicate": null
    },
    {
      "id": "IDLE_41",
      "execute": "IDLE",
      "after": "1000",
      "priority": 0,
      "additionalGuards": null,
      "activationKind": null,
      "fixedVariables": {
        "Crash": "FALSE",
        "VehiclesAy": "{(EgoVehicle↦0.0),(Vehicles2↦0.0),(Vehicles3↦0.0),(Vehicles4↦0.0),(Vehicles5↦0.0)}",
        "Reward": "0.7333334128431681",
        "VehiclesAx": "{(EgoVehicle↦-1.9073486328125E-05),(Vehicles2↦0.004309341311454773),(Vehicles3↦-0.0025390461087226868),(Vehicles4↦0.002735741436481476),(Vehicles5↦-0.005492866039276123)}",
        "VehiclesVx": "{(EgoVehicle↦20.00000238418579),(Vehicles2↦0.8841345459222794),(Vehicles3↦0.31212184578180313),(Vehicles4↦0.16343576833605766),(Vehicles5↦1.0033563524484634)}",
        "VehiclesY": "{(EgoVehicle↦8.000000238418579),(Vehicles2↦-4.0000001192092896),(Vehicles3↦-1.3322676295501878E-15),(Vehicles4↦-8.000000238418579),(Vehicles5↦-4.0000001192092896)}",
        "VehiclesVy": "{(EgoVehicle↦0.0),(Vehicles2↦0.0),(Vehicles3↦0.0),(Vehicles4↦0.0),(Vehicles5↦0.0)}",
        "VehiclesX": "{(EgoVehicle↦200.0),(Vehicles2↦-5.428604409098625),(Vehicles3↦23.648104071617126),(Vehicles4↦30.876553058624268),(Vehicles5↦70.18307447433472)}"
      },
      "probabilisticVariables": null,
      "activating": [
        "IDLE_42"
      ],
      "activatingOnlyWhenExecuted": true,
      "updating": null,
      "withPredicate": null
    },
    {
      "id": "IDLE_42",
      "execute": "IDLE",
      "after": "1000",
      "priority": 0,
      "additionalGuards": null,
      "activationKind": null,
      "fixedVariables": {
        "Crash": "FALSE",
        "VehiclesAy": "{(EgoVehicle↦0.0),(Vehicles2↦0.0),(Vehicles3↦0.0),(Vehicles4↦0.0),(Vehicles5↦0.0)}",
        "Reward": "0.7333333438037642",
        "VehiclesAx": "{(EgoVehicle↦-2.384185791015625E-06),(Vehicles2↦0.0039818137884140015),(Vehicles3↦-0.002025887370109558),(Vehicles4↦0.002888869494199753),(Vehicles5↦-0.0048338621854782104)}",
        "VehiclesVx": "{(EgoVehicle↦20.0),(Vehicles2↦0.8881163597106934),(Vehicles3↦0.3100959584116936),(Vehicles4↦0.16632463783025742),(Vehicles5↦0.9985224902629852)}",
        "VehiclesY": "{(EgoVehicle↦8.000000238418579),(Vehicles2↦-4.0000001192092896),(Vehicles3↦-1.3322676295501878E-15),(Vehicles4↦-8.000000238418579),(Vehicles5↦-4.0000001192092896)}",
        "VehiclesVy": "{(EgoVehicle↦0.0),(Vehicles2↦0.0),(Vehicles3↦0.0),(Vehicles4↦0.0),(Vehicles5↦0.0)}",
        "VehiclesX": "{(EgoVehicle↦200.0),(Vehicles2↦-4.542853310704231),(Vehicles3↦23.95937442779541),(Vehicles4↦31.041130423545837),(Vehicles5↦71.18444442749023)}"
      },
      "probabilisticVariables": null,
      "activating": [
        "IDLE_43"
      ],
      "activatingOnlyWhenExecuted": true,
      "updating": null,
      "withPredicate": null
    },
    {
      "id": "IDLE_43",
      "execute": "IDLE",
      "after": "1000",
      "priority": 0,
      "additionalGuards": null,
      "activationKind": null,
      "fixedVariables": {
        "Crash": "FALSE",
        "VehiclesAy": "{(EgoVehicle↦0.0),(Vehicles2↦0.0),(Vehicles3↦0.0),(Vehicles4↦0.0),(Vehicles5↦0.0)}",
        "Reward": "0.7333333347121554",
        "VehiclesAx": "{(EgoVehicle↦0.0),(Vehicles2↦0.0037079304456710815),(Vehicles3↦-0.0015253014862537384),(Vehicles4↦0.0030997395515441895),(Vehicles5↦-0.004194825887680054)}",
        "VehiclesVx": "{(EgoVehicle↦20.0),(Vehicles2↦0.8918242901563644),(Vehicles3↦0.30857065692543983),(Vehicles4↦0.1694243773818016),(Vehicles5↦0.9943276643753052)}",
        "VehiclesY": "{(EgoVehicle↦8.000000238418579),(Vehicles2↦-4.0000001192092896),(Vehicles3↦-1.3322676295501878E-15),(Vehicles4↦-8.000000238418579),(Vehicles5↦-4.0000001192092896)}",
        "VehiclesVy": "{(EgoVehicle↦0.0),(Vehicles2↦0.0),(Vehicles3↦0.0),(Vehicles4↦0.0),(Vehicles5↦0.0)}",
        "VehiclesX": "{(EgoVehicle↦200.0),(Vehicles2↦-3.6532334983348846),(Vehicles3↦24.268820881843567),(Vehicles4↦31.20867609977722),(Vehicles5↦72.181236743927)}"
      },
      "probabilisticVariables": null,
      "activating": [
        "IDLE_44"
      ],
      "activatingOnlyWhenExecuted": true,
      "updating": null,
      "withPredicate": null
    },
    {
      "id": "IDLE_44",
      "execute": "IDLE",
      "after": "1000",
      "priority": 0,
      "additionalGuards": null,
      "activationKind": null,
      "fixedVariables": {
        "Crash": "FALSE",
        "VehiclesAy": "{(EgoVehicle↦0.0),(Vehicles2↦0.0),(Vehicles3↦0.0),(Vehicles4↦0.0),(Vehicles5↦0.0)}",
        "Reward": "0.7333333335149067",
        "VehiclesAx": "{(EgoVehicle↦0.0),(Vehicles2↦0.003471001982688904),(Vehicles3↦-0.0010497123003005981),(Vehicles4↦0.003347489982843399),(Vehicles5↦-0.0035881996154785156)}",
        "VehiclesVx": "{(EgoVehicle↦20.0),(Vehicles2↦0.8952952921390533),(Vehicles3↦0.30752094462513924),(Vehicles4↦0.172771867364645),(Vehicles5↦0.9907394647598267)}",
        "VehiclesY": "{(EgoVehicle↦8.000000238418579),(Vehicles2↦-4.0000001192092896),(Vehicles3↦-1.3322676295501878E-15),(Vehicles4↦-8.000000238418579),(Vehicles5↦-4.0000001192092896)}",
        "VehiclesVy": "{(EgoVehicle↦0.0),(Vehicles2↦0.0),(Vehicles3↦0.0),(Vehicles4↦0.0),(Vehicles5↦0.0)}",
        "VehiclesX": "{(EgoVehicle↦200.0),(Vehicles2↦-2.7600031346082687),(Vehicles3↦24.576935172080994),(Vehicles4↦31.379416584968567),(Vehicles5↦73.17408323287964)}"
      },
      "probabilisticVariables": null,
      "activating": [
        "IDLE_45"
      ],
      "activatingOnlyWhenExecuted": true,
      "updating": null,
      "withPredicate": null
    },
    {
      "id": "IDLE_45",
      "execute": "IDLE",
      "after": "1000",
      "priority": 0,
      "additionalGuards": null,
      "activationKind": null,
      "fixedVariables": {
        "Crash": "FALSE",
        "VehiclesAy": "{(EgoVehicle↦0.0),(Vehicles2↦0.0),(Vehicles3↦0.0),(Vehicles4↦0.0),(Vehicles5↦0.0)}",
        "Reward": "0.7333333333572442",
        "VehiclesAx": "{(EgoVehicle↦0.0),(Vehicles2↦0.0032660365104675293),(Vehicles3↦-0.0006002746522426605),(Vehicles4↦0.003623366355895996),(Vehicles5↦-0.003014877438545227)}",
        "VehiclesVx": "{(EgoVehicle↦20.0),(Vehicles2↦0.8985613286495209),(Vehicles3↦0.3069206699728966),(Vehicles4↦0.176395233720541),(Vehicles5↦0.9877245873212814)}",
        "VehiclesY": "{(EgoVehicle↦8.000000238418579),(Vehicles2↦-4.0000001192092896),(Vehicles3↦-1.3322676295501878E-15),(Vehicles4↦-8.000000238418579),(Vehicles5↦-4.0000001192092896)}",
        "VehiclesVy": "{(EgoVehicle↦0.0),(Vehicles2↦0.0),(Vehicles3↦0.0),(Vehicles4↦0.0),(Vehicles5↦0.0)}",
        "VehiclesX": "{(EgoVehicle↦200.0),(Vehicles2↦-1.863386295735836),(Vehicles3↦24.88418072462082),(Vehicles4↦31.553614139556885),(Vehicles5↦74.16357398033142)}"
      },
      "probabilisticVariables": null,
      "activating": [
        "IDLE_46"
      ],
      "activatingOnlyWhenExecuted": true,
      "updating": null,
      "withPredicate": null
    },
    {
      "id": "IDLE_46",
      "execute": "IDLE",
      "after": "1000",
      "priority": 0,
      "additionalGuards": null,
      "activationKind": null,
      "fixedVariables": {
        "Crash": "FALSE",
        "VehiclesAy": "{(EgoVehicle↦0.0),(Vehicles2↦0.0),(Vehicles3↦0.0),(Vehicles4↦0.0),(Vehicles5↦0.0)}",
        "Reward": "0.7333333333364821",
        "VehiclesAx": "{(EgoVehicle↦0.0),(Vehicles2↦0.003089532256126404),(Vehicles3↦-0.00017656013369560242),(Vehicles4↦0.003920663148164749),(Vehicles5↦-0.0024744123220443726)}",
        "VehiclesVx": "{(EgoVehicle↦20.0),(Vehicles2↦0.9016508609056473),(Vehicles3↦0.306744109839201),(Vehicles4↦0.18031589686870575),(Vehicles5↦0.9852501749992371)}",
        "VehiclesY": "{(EgoVehicle↦8.000000238418579),(Vehicles2↦-4.0000001192092896),(Vehicles3↦-1.3322676295501878E-15),(Vehicles4↦-8.000000238418579),(Vehicles5↦-4.0000001192092896)}",
        "VehiclesVy": "{(EgoVehicle↦0.0),(Vehicles2↦0.0),(Vehicles3↦0.0),(Vehicles4↦0.0),(Vehicles5↦0.0)}",
        "VehiclesX": "{(EgoVehicle↦200.0),(Vehicles2↦-0.9635760448873043),(Vehicles3↦25.19099712371826),(Vehicles4↦31.731554865837097),(Vehicles5↦75.15026926994324)}"
      },
      "probabilisticVariables": null,
      "activating": [
        "IDLE_47"
      ],
      "activatingOnlyWhenExecuted": true,
      "updating": null,
      "withPredicate": null
    },
    {
      "id": "IDLE_47",
      "execute": "IDLE",
      "after": "1000",
      "priority": 0,
      "additionalGuards": null,
      "activationKind": null,
      "fixedVariables": {
        "Crash": "FALSE",
        "VehiclesAy": "{(EgoVehicle↦0.0),(Vehicles2↦0.0),(Vehicles3↦0.0),(Vehicles4↦0.0),(Vehicles5↦0.0)}",
        "Reward": "0.7333333333337481",
        "VehiclesAx": "{(EgoVehicle↦0.0),(Vehicles2↦0.0029388070106506348),(Vehicles3↦0.00022212043404579163),(Vehicles4↦0.00423358753323555),(Vehicles5↦-0.0019660592079162598)}",
        "VehiclesVx": "{(EgoVehicle↦20.0),(Vehicles2↦0.9045896679162979),(Vehicles3↦0.30696623027324677),(Vehicles4↦0.1845494844019413),(Vehicles5↦0.9832841157913208)}",
        "VehiclesY": "{(EgoVehicle↦8.000000238418579),(Vehicles2↦-4.0000001192092896),(Vehicles3↦-1.3322676295501878E-15),(Vehicles4↦-8.000000238418579),(Vehicles5↦-4.0000001192092896)}",
        "VehiclesVy": "{(EgoVehicle↦0.0),(Vehicles2↦0.0),(Vehicles3↦0.0),(Vehicles4↦0.0),(Vehicles5↦0.0)}",
        "VehiclesX": "{(EgoVehicle↦200.0),(Vehicles2↦-0.060738599859178066),(Vehicles3↦25.49780011177063),(Vehicles4↦31.91353976726532),(Vehicles5↦76.13469362258911)}"
      },
      "probabilisticVariables": null,
      "activating": [
        "LANE_RIGHT_48"
      ],
      "activatingOnlyWhenExecuted": true,
      "updating": null,
      "withPredicate": null
    },
    {
      "id": "LANE_RIGHT_48",
      "execute": "LANE_RIGHT",
      "after": "1000",
      "priority": 0,
      "additionalGuards": null,
      "activationKind": null,
      "fixedVariables": {
        "Crash": "FALSE",
        "VehiclesAy": "{(EgoVehicle↦0.0),(Vehicles2↦0.0),(Vehicles3↦0.0),(Vehicles4↦0.0),(Vehicles5↦0.0)}",
        "Reward": "0.733333333333388",
        "VehiclesAx": "{(EgoVehicle↦0.0),(Vehicles2↦0.0028111785650253296),(Vehicles3↦0.0005965307354927063),(Vehicles4↦0.00455707311630249),(Vehicles5↦-0.0014886260032653809)}",
        "VehiclesVx": "{(EgoVehicle↦20.0),(Vehicles2↦0.9074008464813232),(Vehicles3↦0.30756276100873947),(Vehicles4↦0.1891065575182438),(Vehicles5↦0.9817954897880554)}",
        "VehiclesY": "{(EgoVehicle↦8.000000238418579),(Vehicles2↦-4.0000001192092896),(Vehicles3↦-1.3322676295501878E-15),(Vehicles4↦-8.000000238418579),(Vehicles5↦-4.0000001192092896)}",
        "VehiclesVy": "{(EgoVehicle↦0.0),(Vehicles2↦0.0),(Vehicles3↦0.0),(Vehicles4↦0.0),(Vehicles5↦0.0)}",
        "VehiclesX": "{(EgoVehicle↦200.0),(Vehicles2↦0.8449848741292953),(Vehicles3↦25.804975628852844),(Vehicles4↦32.09988474845886),(Vehicles5↦77.11734175682068)}"
      },
      "probabilisticVariables": null,
      "activating": [
        "IDLE_49"
      ],
      "activatingOnlyWhenExecuted": true,
      "updating": null,
      "withPredicate": null
    },
    {
      "id": "IDLE_49",
      "execute": "IDLE",
      "after": "1000",
      "priority": 0,
      "additionalGuards": null,
      "activationKind": null,
      "fixedVariables": {
        "Crash": "FALSE",
        "VehiclesAy": "{(EgoVehicle↦0.0),(Vehicles2↦0.0),(Vehicles3↦0.0),(Vehicles4↦0.0),(Vehicles5↦0.0)}",
        "Reward": "0.7333333333333405",
        "VehiclesAx": "{(EgoVehicle↦0.0),(Vehicles2↦0.002704337239265442),(Vehicles3↦0.0009474903345108032),(Vehicles4↦0.004886556416749954),(Vehicles5↦-0.0010412931442260742)}",
        "VehiclesVx": "{(EgoVehicle↦20.0),(Vehicles2↦0.9101051837205887),(Vehicles3↦0.3085102513432503),(Vehicles4↦0.19399311393499374),(Vehicles5↦0.9807541966438293)}",
        "VehiclesY": "{(EgoVehicle↦8.000000238418579),(Vehicles2↦-4.0000001192092896),(Vehicles3↦-1.3322676295501878E-15),(Vehicles4↦-8.000000238418579),(Vehicles5↦-4.0000001192092896)}",
        "VehiclesVy": "{(EgoVehicle↦0.0),(Vehicles2↦0.0),(Vehicles3↦0.0),(Vehicles4↦0.0),(Vehicles5↦0.0)}",
        "VehiclesX": "{(EgoVehicle↦200.0),(Vehicles2↦1.7534753307700157),(Vehicles3↦26.112890243530273),(Vehicles4↦32.29092061519623),(Vehicles5↦78.09868454933167)}"
      },
      "probabilisticVariables": null,
      "activating": [
        "IDLE_50"
      ],
      "activatingOnlyWhenExecuted": true,
      "updating": null,
      "withPredicate": null
    },
    {
      "id": "IDLE_50",
      "execute": "IDLE",
      "after": "1000",
      "priority": 0,
      "additionalGuards": null,
      "activationKind": null,
      "fixedVariables": {
        "Crash": "FALSE",
        "VehiclesAy": "{(EgoVehicle↦0.0),(Vehicles2↦0.0),(Vehicles3↦0.0),(Vehicles4↦0.0),(Vehicles5↦0.0)}",
        "Reward": "0.7333333333333343",
        "VehiclesAx": "{(EgoVehicle↦0.0),(Vehicles2↦0.0026161223649978638),(Vehicles3↦0.001275874674320221),(Vehicles4↦0.005218107253313065),(Vehicles5↦-0.0006227940320968628)}",
        "VehiclesVx": "{(EgoVehicle↦20.0),(Vehicles2↦0.9127213060855865),(Vehicles3↦0.3097861260175705),(Vehicles4↦0.1992112211883068),(Vehicles5↦0.9801314026117325)}",
        "VehiclesY": "{(EgoVehicle↦8.000000238418579),(Vehicles2↦-4.0000001192092896),(Vehicles3↦-1.3322676295501878E-15),(Vehicles4↦-8.000000238418579),(Vehicles5↦-4.0000001192092896)}",
        "VehiclesVy": "{(EgoVehicle↦0.0),(Vehicles2↦0.0),(Vehicles3↦0.0),(Vehicles4↦0.0),(Vehicles5↦0.0)}",
        "VehiclesX": "{(EgoVehicle↦200.0),(Vehicles2↦2.6646332815289497),(Vehicles3↦26.421886682510376),(Vehicles4↦32.48697221279144),(Vehicles5↦79.07915711402893)}"
      },
      "probabilisticVariables": null,
      "activating": [
        "IDLE_51"
      ],
      "activatingOnlyWhenExecuted": true,
      "updating": null,
      "withPredicate": null
    },
    {
      "id": "IDLE_51",
      "execute": "IDLE",
      "after": "1000",
      "priority": 0,
      "additionalGuards": null,
      "activationKind": null,
      "fixedVariables": {
        "Crash": "FALSE",
        "VehiclesAy": "{(EgoVehicle↦0.0),(Vehicles2↦0.0),(Vehicles3↦0.0),(Vehicles4↦0.0),(Vehicles5↦0.0)}",
        "Reward": "0.7333333333333334",
        "VehiclesAx": "{(EgoVehicle↦0.0),(Vehicles2↦0.0025445222854614258),(Vehicles3↦0.001582503318786621),(Vehicles4↦0.005548242479562759),(Vehicles5↦-0.00023193657398223877)}",
        "VehiclesVx": "{(EgoVehicle↦20.0),(Vehicles2↦0.915265828371048),(Vehicles3↦0.3113686293363571),(Vehicles4↦0.20475946366786957),(Vehicles5↦0.9798994660377502)}",
        "VehiclesY": "{(EgoVehicle↦8.000000238418579),(Vehicles2↦-4.0000001192092896),(Vehicles3↦-1.3322676295501878E-15),(Vehicles4↦-8.000000238418579),(Vehicles5↦-4.0000001192092896)}",
        "VehiclesVy": "{(EgoVehicle↦0.0),(Vehicles2↦0.0),(Vehicles3↦0.0),(Vehicles4↦0.0),(Vehicles5↦0.0)}",
        "VehiclesX": "{(EgoVehicle↦200.0),(Vehicles2↦3.578377515077591),(Vehicles3↦26.73228085041046),(Vehicles4↦32.68837630748749),(Vehicles5↦80.05917072296143)}"
      },
      "probabilisticVariables": null,
      "activating": [
        "IDLE_52"
      ],
      "activatingOnlyWhenExecuted": true,
      "updating": null,
      "withPredicate": null
    },
    {
      "id": "IDLE_52",
      "execute": "IDLE",
      "after": "1000",
      "priority": 0,
      "additionalGuards": null,
      "activationKind": null,
      "fixedVariables": {
        "Crash": "FALSE",
        "VehiclesAy": "{(EgoVehicle↦0.0),(Vehicles2↦0.0),(Vehicles3↦0.0),(Vehicles4↦0.0),(Vehicles5↦0.0)}",
        "Reward": "0.7333333333333334",
        "VehiclesAx": "{(EgoVehicle↦0.0),(Vehicles2↦0.002487748861312866),(Vehicles3↦0.0018683448433876038),(Vehicles4↦0.005874019116163254),(Vehicles5↦0.00013224780559539795)}",
        "VehiclesVx": "{(EgoVehicle↦20.0),(Vehicles2↦0.9177535772323608),(Vehicles3↦0.3132369741797447),(Vehicles4↦0.21063348278403282),(Vehicles5↦0.9800317138433456)}",
        "VehiclesY": "{(EgoVehicle↦8.000000238418579),(Vehicles2↦-4.0000001192092896),(Vehicles3↦-1.3322676295501878E-15),(Vehicles4↦-8.000000238418579),(Vehicles5↦-4.0000001192092896)}",
        "VehiclesVy": "{(EgoVehicle↦0.0),(Vehicles2↦0.0),(Vehicles3↦0.0),(Vehicles4↦0.0),(Vehicles5↦0.0)}",
        "VehiclesX": "{(EgoVehicle↦200.0),(Vehicles2↦4.494642466306686),(Vehicles3↦27.044373750686646),(Vehicles4↦32.89546072483063),(Vehicles5↦81.03909492492676)}"
      },
      "probabilisticVariables": null,
      "activating": [
        "IDLE_53"
      ],
      "activatingOnlyWhenExecuted": true,
      "updating": null,
      "withPredicate": null
    },
    {
      "id": "IDLE_53",
      "execute": "IDLE",
      "after": "1000",
      "priority": 0,
      "additionalGuards": null,
      "activationKind": null,
      "fixedVariables": {
        "Crash": "FALSE",
        "VehiclesAy": "{(EgoVehicle↦0.0),(Vehicles2↦0.0),(Vehicles3↦0.0),(Vehicles4↦0.0),(Vehicles5↦0.0)}",
        "Reward": "0.7333333333333334",
        "VehiclesAx": "{(EgoVehicle↦0.0),(Vehicles2↦0.0024443864822387695),(Vehicles3↦0.0021342188119888306),(Vehicles4↦0.006192941218614578),(Vehicles5↦0.0004711747169494629)}",
        "VehiclesVx": "{(EgoVehicle↦20.0),(Vehicles2↦0.9201979637145996),(Vehicles3↦0.31537119299173355),(Vehicles4↦0.2168264240026474),(Vehicles5↦0.9805028885602951)}",
        "VehiclesY": "{(EgoVehicle↦8.000000238418579),(Vehicles2↦-4.0000001192092896),(Vehicles3↦-1.3322676295501878E-15),(Vehicles4↦-8.000000238418579),(Vehicles5↦-4.0000001192092896)}",
        "VehiclesVy": "{(EgoVehicle↦0.0),(Vehicles2↦0.0),(Vehicles3↦0.0),(Vehicles4↦0.0),(Vehicles5↦0.0)}",
        "VehiclesX": "{(EgoVehicle↦200.0),(Vehicles2↦5.413376539945602),(Vehicles3↦27.358445525169373),(Vehicles4↦33.10854732990265),(Vehicles5↦82.01928734779358)}"
      },
      "probabilisticVariables": null,
      "activating": [
        "IDLE_54"
      ],
      "activatingOnlyWhenExecuted": true,
      "updating": null,
      "withPredicate": null
    },
    {
      "id": "IDLE_54",
      "execute": "IDLE",
      "after": "1000",
      "priority": 0,
      "additionalGuards": null,
      "activationKind": null,
      "fixedVariables": {
        "Crash": "FALSE",
        "VehiclesAy": "{(EgoVehicle↦0.0),(Vehicles2↦0.0),(Vehicles3↦0.0),(Vehicles4↦0.0),(Vehicles5↦0.0)}",
        "Reward": "0.7333333333333334",
        "VehiclesAx": "{(EgoVehicle↦0.0),(Vehicles2↦0.002412572503089905),(Vehicles3↦0.0023810938000679016),(Vehicles4↦0.006502848118543625),(Vehicles5↦0.0007858127355575562)}",
        "VehiclesVx": "{(EgoVehicle↦20.0),(Vehicles2↦0.9226105362176895),(Vehicles3↦0.31775228679180145),(Vehicles4↦0.22332927212119102),(Vehicles5↦0.9812887012958527)}",
        "VehiclesY": "{(EgoVehicle↦8.000000238418579),(Vehicles2↦-4.0000001192092896),(Vehicles3↦-1.3322676295501878E-15),(Vehicles4↦-8.000000238418579),(Vehicles5↦-4.0000001192092896)}",
        "VehiclesVy": "{(EgoVehicle↦0.0),(Vehicles2↦0.0),(Vehicles3↦0.0),(Vehicles4↦0.0),(Vehicles5↦0.0)}",
        "VehiclesX": "{(EgoVehicle↦200.0),(Vehicles2↦6.334541738033295),(Vehicles3↦27.674749493598938),(Vehicles4↦33.32794904708862),(Vehicles5↦83.00008177757263)}"
      },
      "probabilisticVariables": null,
      "activating": [
        "IDLE_55"
      ],
      "activatingOnlyWhenExecuted": true,
      "updating": null,
      "withPredicate": null
    },
    {
      "id": "IDLE_55",
      "execute": "IDLE",
      "after": "1000",
      "priority": 0,
      "additionalGuards": null,
      "activationKind": null,
      "fixedVariables": {
        "Crash": "FALSE",
        "VehiclesAy": "{(EgoVehicle↦0.0),(Vehicles2↦0.0),(Vehicles3↦0.0),(Vehicles4↦0.0),(Vehicles5↦0.0)}",
        "Reward": "0.7333333333333334",
        "VehiclesAx": "{(EgoVehicle↦0.0),(Vehicles2↦0.002391338348388672),(Vehicles3↦0.0026097893714904785),(Vehicles4↦0.006801988929510117),(Vehicles5↦0.001077502965927124)}",
        "VehiclesVx": "{(EgoVehicle↦20.0),(Vehicles2↦0.9250018745660782),(Vehicles3↦0.32036207616329193),(Vehicles4↦0.23013126105070114),(Vehicles5↦0.9823662042617798)}",
        "VehiclesY": "{(EgoVehicle↦8.000000238418579),(Vehicles2↦-4.0000001192092896),(Vehicles3↦-1.3322676295501878E-15),(Vehicles4↦-8.000000238418579),(Vehicles5↦-4.0000001192092896)}",
        "VehiclesVy": "{(EgoVehicle↦0.0),(Vehicles2↦0.0),(Vehicles3↦0.0),(Vehicles4↦0.0),(Vehicles5↦0.0)}",
        "VehiclesX": "{(EgoVehicle↦200.0),(Vehicles2↦7.258110493421555),(Vehicles3↦27.993527054786682),(Vehicles4↦33.55397582054138),(Vehicles5↦83.9817762374878)}"
      },
      "probabilisticVariables": null,
      "activating": [
        "IDLE_56"
      ],
      "activatingOnlyWhenExecuted": true,
      "updating": null,
      "withPredicate": null
    },
    {
      "id": "IDLE_56",
      "execute": "IDLE",
      "after": "1000",
      "priority": 0,
      "additionalGuards": null,
      "activationKind": null,
      "fixedVariables": {
        "Crash": "FALSE",
        "VehiclesAy": "{(EgoVehicle↦0.0),(Vehicles2↦0.0),(Vehicles3↦0.0),(Vehicles4↦0.0),(Vehicles5↦0.0)}",
        "Reward": "0.7333333333333334",
        "VehiclesAx": "{(EgoVehicle↦0.0),(Vehicles2↦0.0023790448904037476),(Vehicles3↦0.002821311354637146),(Vehicles4↦0.0070889852941036224),(Vehicles5↦0.001347362995147705)}",
        "VehiclesVx": "{(EgoVehicle↦20.0),(Vehicles2↦0.9273809194564819),(Vehicles3↦0.3231833875179291),(Vehicles4↦0.23722024634480476),(Vehicles5↦0.9837135672569275)}",
        "VehiclesY": "{(EgoVehicle↦8.000000238418579),(Vehicles2↦-4.0000001192092896),(Vehicles3↦-1.3322676295501878E-15),(Vehicles4↦-8.000000238418579),(Vehicles5↦-4.0000001192092896)}",
        "VehiclesVy": "{(EgoVehicle↦0.0),(Vehicles2↦0.0),(Vehicles3↦0.0),(Vehicles4↦0.0),(Vehicles5↦0.0)}",
        "VehiclesX": "{(EgoVehicle↦200.0),(Vehicles2↦8.18406417965889),(Vehicles3↦28.315001726150513),(Vehicles4↦33.786919713020325),(Vehicles5↦84.96466279029846)}"
      },
      "probabilisticVariables": null,
      "activating": [
        "IDLE_57"
      ],
      "activatingOnlyWhenExecuted": true,
      "updating": null,
      "withPredicate": null
    },
    {
      "id": "IDLE_57",
      "execute": "IDLE",
      "after": "1000",
      "priority": 0,
      "additionalGuards": null,
      "activationKind": null,
      "fixedVariables": {
        "Crash": "FALSE",
        "VehiclesAy": "{(EgoVehicle↦0.0),(Vehicles2↦0.0),(Vehicles3↦0.0),(Vehicles4↦0.0),(Vehicles5↦0.0)}",
        "Reward": "0.7333333333333334",
        "VehiclesAx": "{(EgoVehicle↦0.0),(Vehicles2↦0.0023749470710754395),(Vehicles3↦0.003016367554664612),(Vehicles4↦0.007362645119428635),(Vehicles5↦0.0015965849161148071)}",
        "VehiclesVx": "{(EgoVehicle↦20.0),(Vehicles2↦0.9297558665275574),(Vehicles3↦0.3261997550725937),(Vehicles4↦0.2445828914642334),(Vehicles5↦0.9853101521730423)}",
        "VehiclesY": "{(EgoVehicle↦8.000000238418579),(Vehicles2↦-4.0000001192092896),(Vehicles3↦-1.3322676295501878E-15),(Vehicles4↦-8.000000238418579),(Vehicles5↦-4.0000001192092896)}",
        "VehiclesVy": "{(EgoVehicle↦0.0),(Vehicles2↦0.0),(Vehicles3↦0.0),(Vehicles4↦0.0),(Vehicles5↦0.0)}",
        "VehiclesX": "{(EgoVehicle↦200.0),(Vehicles2↦9.112395346164703),(Vehicles3↦28.639376163482666),(Vehicles4↦34.027063846588135),(Vehicles5↦85.9489917755127)}"
      },
      "probabilisticVariables": null,
      "activating": [
        "FASTER_58"
      ],
      "activatingOnlyWhenExecuted": true,
      "updating": null,
      "withPredicate": null
    },
    {
      "id": "FASTER_58",
      "execute": "FASTER",
      "after": "1000",
      "priority": 0,
      "additionalGuards": null,
      "activationKind": null,
      "fixedVariables": {
        "Crash": "FALSE",
        "VehiclesAy": "{(EgoVehicle↦0.0),(Vehicles2↦0.0),(Vehicles3↦0.0),(Vehicles4↦0.0),(Vehicles5↦0.0)}",
        "Reward": "0.8491083676268861",
        "VehiclesAx": "{(EgoVehicle↦4.341564178466797),(Vehicles2↦-4.339186251163483),(Vehicles3↦-4.338367804884911),(Vehicles4↦-4.333941638469696),(Vehicles5↦-4.339737668633461)}",
        "VehiclesVx": "{(EgoVehicle↦24.341564178466797),(Vehicles2↦-3.4094303846359253),(Vehicles3↦-4.012168049812317),(Vehicles4↦-4.089358747005463),(Vehicles5↦-3.3544275164604187)}",
        "VehiclesY": "{(EgoVehicle↦8.000000238418579),(Vehicles2↦-4.0000001192092896),(Vehicles3↦-1.3322676295501878E-15),(Vehicles4↦-8.000000238418579),(Vehicles5↦-4.0000001192092896)}",
        "VehiclesVy": "{(EgoVehicle↦0.0),(Vehicles2↦0.0),(Vehicles3↦0.0),(Vehicles4↦0.0),(Vehicles5↦0.0)}",
        "VehiclesX": "{(EgoVehicle↦200.0),(Vehicles2↦7.648039609193802),(Vehicles3↦26.57178044319153),(Vehicles4↦31.879612803459167),(Vehicles5↦84.5399558544159)}"
      },
      "probabilisticVariables": null,
      "activating": [
        "SLOWER_59"
      ],
      "activatingOnlyWhenExecuted": true,
      "updating": null,
      "withPredicate": null
    },
    {
      "id": "SLOWER_59",
      "execute": "SLOWER",
      "after": "1000",
      "priority": 0,
      "additionalGuards": null,
      "activationKind": null,
      "fixedVariables": {
        "Crash": "FALSE",
        "VehiclesAy": "{(EgoVehicle↦0.0),(Vehicles2↦0.0),(Vehicles3↦0.0),(Vehicles4↦0.0),(Vehicles5↦0.0)}",
        "Reward": "0.7485794283843362",
        "VehiclesAx": "{(EgoVehicle↦-3.76983642578125),(Vehicles2↦3.772221840918064),(Vehicles3↦3.773195892572403),(Vehicles4↦3.777702134102583),(Vehicles5↦3.7718725576996803)}",
        "VehiclesVx": "{(EgoVehicle↦20.571727752685547),(Vehicles2↦0.3627914562821388),(Vehicles3↦-0.23897215723991394),(Vehicles4↦-0.3116566129028797),(Vehicles5↦0.4174450412392616)}",
        "VehiclesY": "{(EgoVehicle↦8.000000238418579),(Vehicles2↦-4.0000001192092896),(Vehicles3↦-1.3322676295501878E-15),(Vehicles4↦-8.000000238418579),(Vehicles5↦-4.0000001192092896)}",
        "VehiclesVy": "{(EgoVehicle↦0.0),(Vehicles2↦0.0),(Vehicles3↦0.0),(Vehicles4↦0.0),(Vehicles5↦0.0)}",
        "VehiclesX": "{(EgoVehicle↦200.0),(Vehicles2↦6.319226324558258),(Vehicles3↦24.640606343746185),(Vehicles4↦29.873046278953552),(Vehicles5↦83.2659900188446)}"
      },
      "probabilisticVariables": null,
      "activating": [
        "IDLE_60"
      ],
      "activatingOnlyWhenExecuted": true,
      "updating": null,
      "withPredicate": null
    },
    {
      "id": "IDLE_60",
      "execute": "IDLE",
      "after": "1000",
      "priority": 0,
      "additionalGuards": null,
      "activationKind": null,
      "fixedVariables": {
        "Crash": "FALSE",
        "VehiclesAy": "{(EgoVehicle↦0.0),(Vehicles2↦0.0),(Vehicles3↦0.0),(Vehicles4↦0.0),(Vehicles5↦0.0)}",
        "Reward": "0.7353410495540414",
        "VehiclesAx": "{(EgoVehicle↦-0.49643754959106445),(Vehicles2↦0.49883972853422165),(Vehicles3↦0.4999508522450924),(Vehicles4↦0.5045356415212154),(Vehicles5↦0.49867022782564163)}",
        "VehiclesVx": "{(EgoVehicle↦20.075290203094482),(Vehicles2↦0.8616311848163605),(Vehicles3↦0.26097869500517845),(Vehicles4↦0.19287902861833572),(Vehicles5↦0.9161152690649033)}",
        "VehiclesY": "{(EgoVehicle↦8.000000238418579),(Vehicles2↦-4.0000001192092896),(Vehicles3↦-1.3322676295501878E-15),(Vehicles4↦-8.000000238418579),(Vehicles5↦-4.0000001192092896)}",
        "VehiclesVy": "{(EgoVehicle↦0.0),(Vehicles2↦0.0),(Vehicles3↦0.0),(Vehicles4↦0.0),(Vehicles5↦0.0)}",
        "VehiclesX": "{(EgoVehicle↦200.0),(Vehicles2↦6.956841051578522),(Vehicles3↦24.676892161369324),(Vehicles4↦29.838475584983826),(Vehicles5↦83.95817875862122)}"
      },
      "probabilisticVariables": null,
      "activating": [
        "IDLE_61"
      ],
      "activatingOnlyWhenExecuted": true,
      "updating": null,
      "withPredicate": null
    },
    {
      "id": "IDLE_61",
      "execute": "IDLE",
      "after": "1000",
      "priority": 0,
      "additionalGuards": null,
      "activationKind": null,
      "fixedVariables": {
        "Crash": "FALSE",
        "VehiclesAy": "{(EgoVehicle↦0.0),(Vehicles2↦0.0),(Vehicles3↦0.0),(Vehicles4↦0.0),(Vehicles5↦0.0)}",
        "Reward": "0.7335977239467599",
        "VehiclesAx": "{(EgoVehicle↦-0.06537437438964844),(Vehicles2↦0.0677935779094696),(Vehicles3↦0.06902413442730904),(Vehicles4↦0.07368523627519608),(Vehicles5↦0.06778307259082794)}",
        "VehiclesVx": "{(EgoVehicle↦20.009915828704834),(Vehicles2↦0.9294247627258301),(Vehicles3↦0.3300028294324875),(Vehicles4↦0.2665642648935318),(Vehicles5↦0.9838983416557312)}",
        "VehiclesY": "{(EgoVehicle↦8.000000238418579),(Vehicles2↦-4.0000001192092896),(Vehicles3↦-1.3322676295501878E-15),(Vehicles4↦-8.000000238418579),(Vehicles5↦-4.0000001192092896)}",
        "VehiclesVy": "{(EgoVehicle↦0.0),(Vehicles2↦0.0),(Vehicles3↦0.0),(Vehicles4↦0.0),(Vehicles5↦0.0)}",
        "VehiclesX": "{(EgoVehicle↦200.0),(Vehicles2↦7.855503261089325),(Vehicles3↦24.975384771823883),(Vehicles4↦30.070725083351135),(Vehicles5↦84.91130471229553)}"
      },
      "probabilisticVariables": null,
      "activating": null,
      "activatingOnlyWhenExecuted": true,
      "updating": null,
      "withPredicate": null
    }
  ],
  "listeners": [],
  "metadata": {
    "fileType": "Timed_Trace",
    "formatVersion": 3,
    "savedAt": "2023-08-15T11:29:41.070483Z",
    "creator": "Simulation: MONTE_CARLO_SIMULATION; MAX_STEPS_BEFORE_PROPERTY : 0, EXECUTIONS : 1000, ENDING_TIME : 60000",
    "proB2KernelVersion": "4.12.2",
    "proBCliVersion": "1.12.2-final",
    "modelName": "HighwayEnvironment"
  }
}