{
  "variables": {},
  "activations": [
    {
      "id": "$setup_constants",
      "execute": "$setup_constants",
      "after": "0",
      "priority": 0,
      "additionalGuards": null,
      "activationKind": null,
      "fixedVariables": null,
      "probabilisticVariables": null,
      "activating": null,
      "activatingOnlyWhenExecuted": true,
      "updating": null,
      "withPredicate": null
    },
    {
      "id": "$initialise_machine",
      "execute": "$initialise_machine",
      "after": "0",
      "priority": 0,
      "additionalGuards": null,
      "activationKind": null,
      "fixedVariables": {
        "Crash": "FALSE",
        "VehiclesAy": "{(EgoVehicle↦0.0),(Vehicles2↦0.0),(Vehicles3↦0.0),(Vehicles4↦0.0),(Vehicles5↦0.0)}",
        "Reward": "0.0",
        "VehiclesAx": "{(EgoVehicle↦0.0),(Vehicles2↦0.0),(Vehicles3↦0.0),(Vehicles4↦0.0),(Vehicles5↦0.0)}",
        "VehiclesVx": "{(EgoVehicle↦25.0),(Vehicles2↦-2.9725515842437744),(Vehicles3↦-1.4846821129322052),(Vehicles4↦-3.89022558927536),(Vehicles5↦-3.2094207406044006)}",
        "VehiclesY": "{(EgoVehicle↦0.0),(Vehicles2↦8.000000238418579),(Vehicles3↦0.0),(Vehicles4↦8.000000238418579),(Vehicles5↦4.0000001192092896)}",
        "VehiclesVy": "{(EgoVehicle↦0.0),(Vehicles2↦0.0),(Vehicles3↦0.0),(Vehicles4↦0.0),(Vehicles5↦0.0)}",
        "VehiclesX": "{(EgoVehicle↦151.475191116333),(Vehicles2↦24.734942615032196),(Vehicles3↦51.072174310684204),(Vehicles4↦74.60407614707947),(Vehicles5↦96.73025012016296)}"
      },
      "probabilisticVariables": null,
      "activating": [
        "FASTER_2"
      ],
      "activatingOnlyWhenExecuted": true,
      "updating": null,
      "withPredicate": null
    },
    {
      "id": "FASTER_2",
      "execute": "FASTER",
      "after": "1000",
      "priority": 0,
      "additionalGuards": null,
      "activationKind": null,
      "fixedVariables": {
        "Crash": "FALSE",
        "VehiclesAy": "{(EgoVehicle↦0.0),(Vehicles2↦-3.3402955532073975),(Vehicles3↦0.0),(Vehicles4↦0.0),(Vehicles5↦0.0)}",
        "Reward": "0.9157750342935529",
        "VehiclesAx": "{(EgoVehicle↦4.341564178466797),(Vehicles2↦-6.566339135169983),(Vehicles3↦-5.369925945997238),(Vehicles4↦-5.180972516536713),(Vehicles5↦-5.317118465900421)}",
        "VehiclesVx": "{(EgoVehicle↦29.341564178466797),(Vehicles2↦-9.538890719413757),(Vehicles3↦-6.854608058929443),(Vehicles4↦-9.071198105812073),(Vehicles5↦-8.526539206504822)}",
        "VehiclesY": "{(EgoVehicle↦0.0),(Vehicles2↦5.2120771408081055),(Vehicles3↦0.0),(Vehicles4↦8.000000238418579),(Vehicles5↦4.0000001192092896)}",
        "VehiclesVy": "{(EgoVehicle↦0.0),(Vehicles2↦-3.3402955532073975),(Vehicles3↦0.0),(Vehicles4↦0.0),(Vehicles5↦0.0)}",
        "VehiclesX": "{(EgoVehicle↦178.87026071548462),(Vehicles2↦18.165209889411926),(Vehicles3↦46.736252307891846),(Vehicles4↦67.93338060379028),(Vehicles5↦90.69921970367432)}"
      },
      "probabilisticVariables": null,
      "activating": [
        "FASTER_3"
      ],
      "activatingOnlyWhenExecuted": true,
      "updating": null,
      "withPredicate": null
    },
    {
      "id": "FASTER_3",
      "execute": "FASTER",
      "after": "1000",
      "priority": 0,
      "additionalGuards": null,
      "activationKind": null,
      "fixedVariables": {
        "Crash": "FALSE",
        "VehiclesAy": "{(EgoVehicle↦0.0),(Vehicles2↦3.1159201078116894),(Vehicles3↦0.0),(Vehicles4↦0.0),(Vehicles5↦0.0)}",
        "Reward": "0.9310211293445557",
        "VehiclesAx": "{(EgoVehicle↦0.5717277526855469),(Vehicles2↦-0.31461238861083984),(Vehicles3↦-1.1792927980422974),(Vehicles4↦-0.997360348701477),(Vehicles5↦-1.1796414852142334)}",
        "VehiclesVx": "{(EgoVehicle↦29.913291931152344),(Vehicles2↦-9.853503108024597),(Vehicles3↦-8.03390085697174),(Vehicles4↦-10.06855845451355),(Vehicles5↦-9.706180691719055)}",
        "VehiclesY": "{(EgoVehicle↦0.0),(Vehicles2↦4.077198386192322),(Vehicles3↦0.0),(Vehicles4↦8.000000238418579),(Vehicles5↦4.0000001192092896)}",
        "VehiclesVy": "{(EgoVehicle↦0.0),(Vehicles2↦-0.22437544539570808),(Vehicles3↦0.0),(Vehicles4↦0.0),(Vehicles5↦0.0)}",
        "VehiclesX": "{(EgoVehicle↦200.0),(Vehicles2↦8.534593135118484),(Vehicles3↦39.29886817932129),(Vehicles4↦58.35568904876709),(Vehicles5↦81.59148693084717)}"
      },
      "probabilisticVariables": null,
      "activating": [
        "LANE_LEFT_4"
      ],
      "activatingOnlyWhenExecuted": true,
      "updating": null,
      "withPredicate": null
    },
    {
      "id": "LANE_LEFT_4",
      "execute": "LANE_LEFT",
      "after": "1000",
      "priority": 0,
      "additionalGuards": null,
      "activationKind": null,
      "fixedVariables": {
        "Crash": "FALSE",
        "VehiclesAy": "{(EgoVehicle↦0.0),(Vehicles2↦0.21048121037892997),(Vehicles3↦0.0),(Vehicles4↦0.0),(Vehicles5↦0.0)}",
        "Reward": "0.9330288455652638",
        "VehiclesAx": "{(EgoVehicle↦0.07529020309448242),(Vehicles2↦-0.12047827243804932),(Vehicles3↦-0.4447007179260254),(Vehicles4↦-0.3130972385406494),(Vehicles5↦-0.46767890453338623)}",
        "VehiclesVx": "{(EgoVehicle↦29.988582134246826),(Vehicles2↦-9.973981380462646),(Vehicles3↦-8.478601574897766),(Vehicles4↦-10.3816556930542),(Vehicles5↦-10.173859596252441)}",
        "VehiclesY": "{(EgoVehicle↦0.0),(Vehicles2↦4.004784464836121),(Vehicles3↦0.0),(Vehicles4↦8.000000238418579),(Vehicles5↦4.0000001192092896)}",
        "VehiclesVy": "{(EgoVehicle↦0.0),(Vehicles2↦-0.013894235016778111),(Vehicles3↦0.0),(Vehicles4↦0.0),(Vehicles5↦0.0)}",
        "VehiclesX": "{(EgoVehicle↦200.0),(Vehicles2↦-1.376250945031643),(Vehicles3↦31.060972809791565),(Vehicles4↦48.14009964466095),(Vehicles5↦71.67395949363708)}"
      },
      "probabilisticVariables": null,
      "activating": [
        "LANE_LEFT_5"
      ],
      "activatingOnlyWhenExecuted": true,
      "updating": null,
      "withPredicate": null
    },
    {
      "id": "LANE_LEFT_5",
      "execute": "LANE_LEFT",
      "after": "1000",
      "priority": 0,
      "additionalGuards": null,
      "activationKind": null,
      "fixedVariables": {
        "Crash": "FALSE",
        "VehiclesAy": "{(EgoVehicle↦0.0),(Vehicles2↦0.013894235016778111),(Vehicles3↦0.0),(Vehicles4↦0.0),(Vehicles5↦0.0)}",
        "Reward": "0.9332932361786904",
        "VehiclesAx": "{(EgoVehicle↦0.009913444519042969),(Vehicles2↦1.263161301612854),(Vehicles3↦-2.053704857826233),(Vehicles4↦-0.06596803665161133),(Vehicles5↦1.6001057624816895)}",
        "VehiclesVx": "{(EgoVehicle↦29.99849557876587),(Vehicles2↦-8.710820078849792),(Vehicles3↦-10.532306432723999),(Vehicles4↦-10.44762372970581),(Vehicles5↦-8.573753833770752)}",
        "VehiclesY": "{(EgoVehicle↦0.0),(Vehicles2↦0.0),(Vehicles3↦8.000000238418579),(Vehicles4↦4.0000001192092896),(Vehicles5↦0.0)}",
        "VehiclesVy": "{(EgoVehicle↦0.0),(Vehicles2↦0.0),(Vehicles3↦0.0),(Vehicles4↦0.0),(Vehicles5↦0.0)}",
        "VehiclesX": "{(EgoVehicle↦200.0),(Vehicles2↦22.478793561458588),(Vehicles3↦37.69107758998871),(Vehicles4↦61.38099431991577),(Vehicles5↦91.48910641670227)}"
      },
      "probabilisticVariables": null,
      "activating": [
        "LANE_RIGHT_6"
      ],
      "activatingOnlyWhenExecuted": true,
      "updating": null,
      "withPredicate": null
    },
    {
      "id": "LANE_RIGHT_6",
      "execute": "LANE_RIGHT",
      "after": "1000",
      "priority": 0,
      "additionalGuards": null,
      "activationKind": null,
      "fixedVariables": {
        "Crash": "FALSE",
        "VehiclesAy": "{(EgoVehicle↦1.030355542898178),(Vehicles2↦-1.030355542898178),(Vehicles3↦-1.030355542898178),(Vehicles4↦-1.030355542898178),(Vehicles5↦-1.030355542898178)}",
        "Reward": "0.9661894073513659",
        "VehiclesAx": "{(EgoVehicle↦-0.016393661499023438),(Vehicles2↦-0.11383116245269775),(Vehicles3↦-0.07075786590576172),(Vehicles4↦-0.16435503959655762),(Vehicles5↦-0.0627058744430542)}",
        "VehiclesVx": "{(EgoVehicle↦29.982101917266846),(Vehicles2↦-8.82465124130249),(Vehicles3↦-10.60306429862976),(Vehicles4↦-10.611978769302368),(Vehicles5↦-8.636459708213806)}",
        "VehiclesY": "{(EgoVehicle↦3.7032254934310913),(Vehicles2↦-3.7032254934310913),(Vehicles3↦4.296774387359619),(Vehicles4↦0.2967744916677475),(Vehicles5↦-3.7032254934310913)}",
        "VehiclesVy": "{(EgoVehicle↦1.030355542898178),(Vehicles2↦-1.030355542898178),(Vehicles3↦-1.030355542898178),(Vehicles4↦-1.030355542898178),(Vehicles5↦-1.030355542898178)}",
        "VehiclesX": "{(EgoVehicle↦200.0),(Vehicles2↦13.985875248908997),(Vehicles3↦27.396485209465027),(Vehicles4↦51.131439208984375),(Vehicles5↦83.15436840057373)}"
      },
      "probabilisticVariables": null,
      "activating": [
        "LANE_RIGHT_7"
      ],
      "activatingOnlyWhenExecuted": true,
      "updating": null,
      "withPredicate": null
    },
    {
      "id": "LANE_RIGHT_7",
      "execute": "LANE_RIGHT",
      "after": "1000",
      "priority": 0,
      "additionalGuards": null,
      "activationKind": null,
      "fixedVariables": {
        "Crash": "FALSE",
        "VehiclesAy": "{(EgoVehicle↦0.015610828995704651),(Vehicles2↦-0.015610828995704651),(Vehicles3↦-0.015610828995704651),(Vehicles4↦-0.015610828995704651),(Vehicles5↦-2.076321914792061)}",
        "Reward": "0.9995129138592808",
        "VehiclesAx": "{(EgoVehicle↦-0.00036716461181640625),(Vehicles2↦-0.07216930389404297),(Vehicles3↦-0.05597949028015137),(Vehicles4↦-0.12433767318725586),(Vehicles5↦-0.03147006034851074)}",
        "VehiclesVx": "{(EgoVehicle↦29.98173475265503),(Vehicles2↦-8.896820545196533),(Vehicles3↦-10.659043788909912),(Vehicles4↦-10.736316442489624),(Vehicles5↦-8.667929768562317)}",
        "VehiclesY": "{(EgoVehicle↦7.69985818862915),(Vehicles2↦-7.69985818862915),(Vehicles3↦0.3001418262720108),(Vehicles4↦-3.699858069419861),(Vehicles5↦-7.69985818862915)}",
        "VehiclesVy": "{(EgoVehicle↦1.0459663718938828),(Vehicles2↦-1.0459663718938828),(Vehicles3↦-1.0459663718938828),(Vehicles4↦-1.0459663718938828),(Vehicles5↦-1.0459663718938828)}",
        "VehiclesX": "{(EgoVehicle↦200.0),(Vehicles2↦5.429135262966156),(Vehicles3↦17.069554328918457),(Vehicles4↦40.76642096042633),(Vehicles5↦74.80303049087524)}"
      },
      "probabilisticVariables": null,
      "activating": [
        "SLOWER_8"
      ],
      "activatingOnlyWhenExecuted": true,
      "updating": null,
      "withPredicate": null
    },
    {
      "id": "SLOWER_8",
      "execute": "SLOWER",
      "after": "1000",
      "priority": 0,
      "additionalGuards": null,
      "activationKind": null,
      "fixedVariables": {
        "Crash": "FALSE",
        "VehiclesAy": "{(EgoVehicle↦-1.0219963709823787),(Vehicles2↦1.0219963709823787),(Vehicles3↦1.0219963709823787),(Vehicles4↦1.0219963709823787),(Vehicles5↦-1.0699363728053868)}",
        "Reward": "0.8842245755691654",
        "VehiclesAx": "{(EgoVehicle↦-4.323313236236572),(Vehicles2↦4.286817908287048),(Vehicles3↦4.285176992416382),(Vehicles4↦4.237353801727295),(Vehicles5↦4.316248297691345)}",
        "VehiclesVx": "{(EgoVehicle↦25.658421516418457),(Vehicles2↦-4.610002636909485),(Vehicles3↦-6.37386679649353),(Vehicles4↦-6.498962640762329),(Vehicles5↦-4.351681470870972)}",
        "VehiclesY": "{(EgoVehicle↦7.992895603179932),(Vehicles2↦-7.992895603179932),(Vehicles3↦0.0071040429174900055),(Vehicles4↦-3.9928958415985107),(Vehicles5↦-7.992895603179932)}",
        "VehiclesVy": "{(EgoVehicle↦0.02397000091150403),(Vehicles2↦-0.02397000091150403),(Vehicles3↦-0.02397000091150403),(Vehicles4↦-0.02397000091150403),(Vehicles5↦-0.02397000091150403)}",
        "VehiclesX": "{(EgoVehicle↦200.0),(Vehicles2↦-1.104885246604681),(Vehicles3↦8.773787319660187),(Vehicles4↦32.372790575027466),(Vehicles5↦68.51052045822144)}"
      },
      "probabilisticVariables": null,
      "activating": [
        "SLOWER_9"
      ],
      "activatingOnlyWhenExecuted": true,
      "updating": null,
      "withPredicate": null
    },
    {
      "id": "SLOWER_9",
      "execute": "SLOWER",
      "after": "1000",
      "priority": 0,
      "additionalGuards": null,
      "activationKind": null,
      "fixedVariables": {
        "Crash": "FALSE",
        "VehiclesAy": "{(EgoVehicle↦-0.02304505745996721),(Vehicles2↦0.02304505745996721),(Vehicles3↦0.02304505745996721),(Vehicles4↦0.02304505745996721),(Vehicles5↦-0.02489494436304085)}",
        "Reward": "0.7532038237536672",
        "VehiclesAx": "{(EgoVehicle↦-4.913277626037598),(Vehicles2↦4.899155981838703),(Vehicles3↦4.886147230863571),(Vehicles4↦4.854553937911987),(Vehicles5↦4.918977320194244)}",
        "VehiclesVx": "{(EgoVehicle↦20.74514389038086),(Vehicles2↦0.2891533449292183),(Vehicles3↦-1.487719565629959),(Vehicles4↦-1.6444087028503418),(Vehicles5↦0.5672958493232727)}",
        "VehiclesY": "{(EgoVehicle↦7.999680519104004),(Vehicles2↦-7.999680519104004),(Vehicles3↦0.00031978791957953945),(Vehicles4↦-3.9996800422668457),(Vehicles5↦-7.999680519104004)}",
        "VehiclesVy": "{(EgoVehicle↦0.0009249434515368193),(Vehicles2↦-0.0009249434515368193),(Vehicles3↦-0.0009249434515368193),(Vehicles4↦-0.0009249434515368193),(Vehicles5↦-0.0009249434515368193)}",
        "VehiclesX": "{(EgoVehicle↦200.0),(Vehicles2↦-3.0114734545350075),(Vehicles3↦5.098838731646538),(Vehicles4↦28.558966517448425),(Vehicles5↦66.87086820602417)}"
      },
      "probabilisticVariables": null,
      "activating": [
        "SLOWER_10"
      ],
      "activatingOnlyWhenExecuted": true,
      "updating": null,
      "withPredicate": null
    },
    {
      "id": "SLOWER_10",
      "execute": "SLOWER",
      "after": "1000",
      "priority": 0,
      "additionalGuards": null,
      "activationKind": null,
      "fixedVariables": {
        "Crash": "TRUE",
        "VehiclesAy": "{(EgoVehicle↦-0.0007092487066984177),(Vehicles2↦0.0007092487066984177),(Vehicles3↦0.0007092487066984177),(Vehicles4↦0.0007092487066984177),(Vehicles5↦-0.001140638196375221)}",
        "Reward": "0.06666666666666665",
        "VehiclesAx": "{(EgoVehicle↦-12.349669933319092),(Vehicles2↦12.349284403026104),(Vehicles3↦0.9782378003001213),(Vehicles4↦12.310323715209961),(Vehicles5↦12.36165851354599)}",
        "VehiclesVx": "{(EgoVehicle↦8.395473957061768),(Vehicles2↦12.638437747955322),(Vehicles3↦-0.5094817653298378),(Vehicles4↦10.66591501235962),(Vehicles5↦12.928954362869263)}",
        "VehiclesY": "{(EgoVehicle↦8.000121116638184),(Vehicles2↦-8.000121116638184),(Vehicles3↦-0.00011361662109266035),(Vehicles4↦-4.000121355056763),(Vehicles5↦-8.000121116638184)}",
        "VehiclesVy": "{(EgoVehicle↦0.00021569474483840168),(Vehicles2↦-0.00021569474483840168),(Vehicles3↦-0.00021569474483840168),(Vehicles4↦-0.00021569474483840168),(Vehicles5↦-0.00021569474483840168)}",
        "VehiclesX": "{(EgoVehicle↦200.0),(Vehicles2↦2.2380582988262177),(Vehicles3↦5.000025779008865),(Vehicles4↦31.858891248703003),(Vehicles5↦72.40400314331055)}"
      },
      "probabilisticVariables": null,
      "activating": null,
      "activatingOnlyWhenExecuted": true,
      "updating": null,
      "withPredicate": null
    }
  ],
  "listeners": [],
  "metadata": {
    "fileType": "Timed_Trace",
    "formatVersion": 3,
    "savedAt": "2023-08-15T11:29:16.329066Z",
    "creator": "Simulation: MONTE_CARLO_SIMULATION; MAX_STEPS_BEFORE_PROPERTY : 0, EXECUTIONS : 1000, ENDING_TIME : 60000",
    "proB2KernelVersion": "4.12.2",
    "proBCliVersion": "1.12.2-final",
    "modelName": "HighwayEnvironment"
  }
}