Status,Trace,Trace Length,Estimated Value
SUCCESS,Trace 1,62,1230.692331790924
SUCCESS,Trace 1,62,1284.6011233329773
SUCCESS,Trace 1,62,1305.0650906562805
SUCCESS,Trace 1,62,1230.7349133491516
SUCCESS,Trace 1,62,1245.6318736076355
SUCCESS,Trace 1,62,1320.734920501709
SUCCESS,Trace 1,62,1290.6918621063232
SUCCESS,Trace 1,62,1260.5778574943542
SUCCESS,Trace 1,62,1230.6689524650574
SUCCESS,Trace 1,62,1320.629813671112
SUCCESS,Trace 1,62,1245.6070280075073
SUCCESS,Trace 1,62,1310.6875729560852
SUCCESS,Trace 1,62,1265.6473863124847
SUCCESS,Trace 1,62,1235.475174188614
SUCCESS,Trace 1,62,1340.0265848636627
SUCCESS,Trace 1,62,1320.6112968921661
SUCCESS,Trace 1,62,1244.9677383899689
SUCCESS,Trace 1,62,1285.7349586486816
SUCCESS,Trace 1,62,1285.7098960876465
SUCCESS,Trace 1,62,1324.9666559696198
SUCCESS,Trace 1,62,1275.7582926750183
SUCCESS,Trace 1,62,1265.758295059204
SUCCESS,Trace 1,62,1235.6114590168
SUCCESS,Trace 1,62,1300.6876266002655
SUCCESS,Trace 1,62,1355.6760799884796
SUCCESS,Trace 1,62,1275.474625825882
SUCCESS,Trace 1,62,1300.4859352111816
SUCCESS,Trace 1,62,1315.630511045456
SUCCESS,Trace 1,62,1340.5749022960663
SUCCESS,Trace 1,62,1260.733437538147
SUCCESS,Trace 1,62,1280.7349395751953
SUCCESS,Trace 1,62,1255.6528103351593
SUCCESS,Trace 1,62,1225.696438550949
SUCCESS,Trace 1,62,1289.0143537521362
SUCCESS,Trace 1,62,1250.6212759017944
SUCCESS,Trace 1,62,1245.7019221782684
SUCCESS,Trace 1,62,1249.8799538612366
SUCCESS,Trace 1,62,1280.6257247924805
SUCCESS,Trace 1,62,1285.5716371536255
SUCCESS,Trace 1,62,1270.687575340271
SUCCESS,Trace 1,62,1355.7119750976562
SUCCESS,Trace 1,62,1240.7247805595398
SUCCESS,Trace 1,62,1260.051543712616
FAIL,Trace 1,24,490.9982907772064
SUCCESS,Trace 1,62,1270.5893445014954
SUCCESS,Trace 1,62,1235.725314617157
SUCCESS,Trace 1,62,1284.8892414569855
SUCCESS,Trace 1,62,1280.7349181175232
SUCCESS,Trace 1,62,1250.7582902908325
SUCCESS,Trace 1,62,1265.6595420837402
SUCCESS,Trace 1,62,1290.6882047653198
SUCCESS,Trace 1,62,1245.6964099407196
SUCCESS,Trace 1,62,1315.7582879066467
SUCCESS,Trace 1,62,1255.6391751766205
SUCCESS,Trace 1,62,1340.664700269699
SUCCESS,Trace 1,62,1235.734941959381
SUCCESS,Trace 1,62,1350.6922554969788
SUCCESS,Trace 1,62,1270.6304800510406
SUCCESS,Trace 1,62,1265.6482362747192
SUCCESS,Trace 1,62,1230.7582926750183
SUCCESS,Trace 1,62,1345.734941959381
SUCCESS,Trace 1,62,1310.734941959381
SUCCESS,Trace 1,62,1230.7582926750183
SUCCESS,Trace 1,62,1305.6070673465729
SUCCESS,Trace 1,62,1255.6923294067383
SUCCESS,Trace 1,62,1375.7468819618225
SUCCESS,Trace 1,62,1245.7099318504333
FAIL,Trace 1,14,275.93595027923584
SUCCESS,Trace 1,62,1225.692331790924
SUCCESS,Trace 1,62,1290.6116819381714
FAIL,Trace 1,33,645.9317994117737
SUCCESS,Trace 1,62,1330.643482208252
SUCCESS,Trace 1,62,1230.7012271881104
SUCCESS,Trace 1,62,1290.7099270820618
SUCCESS,Trace 1,62,1235.758295059204
SUCCESS,Trace 1,62,1255.664873123169
SUCCESS,Trace 1,62,1230.692331790924
SUCCESS,Trace 1,62,1290.7580947875977
SUCCESS,Trace 1,62,1305.725041627884
SUCCESS,Trace 1,62,1250.6769824028015
SUCCESS,Trace 1,62,1265.5476891994476
SUCCESS,Trace 1,62,1285.6689095497131
SUCCESS,Trace 1,62,1310.6882274150848
SUCCESS,Trace 1,62,1300.7349395751953
SUCCESS,Trace 1,62,1260.6875789165497
SUCCESS,Trace 1,62,1300.6467366218567
SUCCESS,Trace 1,62,1255.5641555786133
SUCCESS,Trace 1,62,1275.55361866951
SUCCESS,Trace 1,62,1355.712194442749
SUCCESS,Trace 1,62,1240.6480753421783
SUCCESS,Trace 1,62,1315.687495470047
SUCCESS,Trace 1,62,1290.7580924034119
SUCCESS,Trace 1,62,1270.6552457809448
SUCCESS,Trace 1,62,1290.6924605369568
SUCCESS,Trace 1,62,1260.6689846515656
SUCCESS,Trace 1,62,1260.7019019126892
SUCCESS,Trace 1,62,1280.5693709850311
SUCCESS,Trace 1,62,1255.692331790924
SUCCESS,Trace 1,62,1310.7349395751953
SUCCESS,Trace 1,62,1260.7468795776367
SUCCESS,Trace 1,62,1235.75829744339
SUCCESS,Trace 1,62,1280.734941959381
SUCCESS,Trace 1,62,1260.4606759548187
SUCCESS,Trace 1,62,1250.5777370929718
SUCCESS,Trace 1,62,1230.658551454544
SUCCESS,Trace 1,62,1290.0998520851135
SUCCESS,Trace 1,62,1295.6015193462372
SUCCESS,Trace 1,62,1270.7248425483704
SUCCESS,Trace 1,62,1270.6175816059113
SUCCESS,Trace 1,62,1235.6688868999481
SUCCESS,Trace 1,62,1245.099856853485
FAIL,Trace 1,30,580.9412276744843
SUCCESS,Trace 1,62,1250.7099604606628
SUCCESS,Trace 1,62,1235.6439685821533
SUCCESS,Trace 1,62,1235.7253122329712
SUCCESS,Trace 1,62,1325.6881284713745
SUCCESS,Trace 1,62,1250.7019639015198
SUCCESS,Trace 1,62,1280.634149312973
SUCCESS,Trace 1,62,1305.5849063396454
SUCCESS,Trace 1,62,1320.332258939743
SUCCESS,Trace 1,62,1295.7582902908325
SUCCESS,Trace 1,62,1325.6352829933167
SUCCESS,Trace 1,62,1335.7218289375305
SUCCESS,Trace 1,62,1270.658884048462
SUCCESS,Trace 1,62,1270.7582902908325
SUCCESS,Trace 1,62,1365.6918573379517
SUCCESS,Trace 1,62,1285.7582926750183
SUCCESS,Trace 1,62,1310.7099628448486
SUCCESS,Trace 1,62,1245.7349133491516
SUCCESS,Trace 1,62,1295.734944343567
SUCCESS,Trace 1,62,1250.7349133491516
SUCCESS,Trace 1,62,1255.614938735962
SUCCESS,Trace 1,62,1330.5909502506256
SUCCESS,Trace 1,62,1300.578328371048
SUCCESS,Trace 1,62,1234.5927119255066
SUCCESS,Trace 1,62,1260.691864490509
SUCCESS,Trace 1,62,1255.6881380081177
SUCCESS,Trace 1,62,1280.6649470329285
FAIL,Trace 1,33,663.9019793272018
FAIL,Trace 1,38,770.621919631958
SUCCESS,Trace 1,62,1265.7097387313843
SUCCESS,Trace 1,62,1225.6304776668549
SUCCESS,Trace 1,62,1250.6642282009125
SUCCESS,Trace 1,62,1310.643937587738
SUCCESS,Trace 1,62,1275.6047987937927
SUCCESS,Trace 1,62,1390.7347416877747
SUCCESS,Trace 1,62,1265.7582926750183
SUCCESS,Trace 1,62,1295.6592237949371
SUCCESS,Trace 1,62,1235.6439685821533
FAIL,Trace 1,25,510.7582926750183
SUCCESS,Trace 1,62,1305.6285119056702
SUCCESS,Trace 1,62,1245.7349133491516
SUCCESS,Trace 1,62,1275.696496963501
SUCCESS,Trace 1,62,1280.6378746032715
SUCCESS,Trace 1,62,1285.7253098487854
SUCCESS,Trace 1,62,1245.6689810752869
SUCCESS,Trace 1,62,1250.7582926750183
SUCCESS,Trace 1,62,1355.3899025917053
SUCCESS,Trace 1,62,1265.55321931839
SUCCESS,Trace 1,62,1305.539653301239
SUCCESS,Trace 1,62,1280.571632385254
SUCCESS,Trace 1,62,1260.5854523181915
SUCCESS,Trace 1,62,1245.7580995559692
SUCCESS,Trace 1,62,1295.75829744339
SUCCESS,Trace 1,62,1280.7582902908325
SUCCESS,Trace 1,62,1235.696440935135
SUCCESS,Trace 1,62,1320.734941959381
SUCCESS,Trace 1,62,1280.7099652290344
SUCCESS,Trace 1,62,1304.8255145549774
SUCCESS,Trace 1,62,1340.6917977333069
SUCCESS,Trace 1,62,1330.5307233333588
SUCCESS,Trace 1,62,1305.589417219162
SUCCESS,Trace 1,62,1245.5613672733307
SUCCESS,Trace 1,62,1355.6715893745422
SUCCESS,Trace 1,62,1320.6689929962158
SUCCESS,Trace 1,62,1270.6648707389832
SUCCESS,Trace 1,62,1230.5820775032043
SUCCESS,Trace 1,62,1270.7565641403198
SUCCESS,Trace 1,62,1280.6875789165497
FAIL,Trace 1,25,498.5349464416504
SUCCESS,Trace 1,62,1300.6112790107727
SUCCESS,Trace 1,62,1265.6882953643799
SUCCESS,Trace 1,62,1379.1934037208557
SUCCESS,Trace 1,62,1285.0998544692993
SUCCESS,Trace 1,62,1300.75829744339
SUCCESS,Trace 1,62,1280.758295059204
SUCCESS,Trace 1,62,1255.6341457366943
SUCCESS,Trace 1,62,1270.2102708816528
SUCCESS,Trace 1,62,1230.7349133491516
SUCCESS,Trace 1,62,1235.7013750076294
SUCCESS,Trace 1,62,1320.687495470047
SUCCESS,Trace 1,62,1245.709958076477
SUCCESS,Trace 1,62,1235.734941959381
SUCCESS,Trace 1,62,1349.8446321487427
SUCCESS,Trace 1,62,1305.670245885849
SUCCESS,Trace 1,62,1250.6440043449402
SUCCESS,Trace 1,62,1355.7349610328674
SUCCESS,Trace 1,62,1250.7253122329712
SUCCESS,Trace 1,62,1255.6923294067383
SUCCESS,Trace 1,62,1300.5852437019348
SUCCESS,Trace 1,62,1290.0017261505127
SUCCESS,Trace 1,62,1240.7582926750183
SUCCESS,Trace 1,62,1290.6881022453308
SUCCESS,Trace 1,62,1320.7582926750183
SUCCESS,Trace 1,62,1245.655243396759
SUCCESS,Trace 1,62,1350.5996799468994
SUCCESS,Trace 1,62,1265.320030450821
SUCCESS,Trace 1,62,1285.7349395751953
SUCCESS,Trace 1,62,1255.5641436576843
SUCCESS,Trace 1,62,1300.7349181175232
SUCCESS,Trace 1,62,1250.6648707389832
SUCCESS,Trace 1,62,1385.7349061965942
SUCCESS,Trace 1,62,1230.6071662902832
SUCCESS,Trace 1,62,1225.5931091308594
SUCCESS,Trace 1,62,1255.688226222992
SUCCESS,Trace 1,62,1350.7451367378235
SUCCESS,Trace 1,62,1290.064890384674
SUCCESS,Trace 1,62,1310.099856853485
SUCCESS,Trace 1,62,1250.6875789165497
SUCCESS,Trace 1,62,1345.6355333328247
SUCCESS,Trace 1,62,1230.6682467460632
SUCCESS,Trace 1,62,1295.721788406372
SUCCESS,Trace 1,62,1339.892576932907
SUCCESS,Trace 1,62,1240.692331790924
SUCCESS,Trace 1,62,1285.515524148941
SUCCESS,Trace 1,62,1270.7582926750183
SUCCESS,Trace 1,62,1354.98073220253
SUCCESS,Trace 1,62,1300.679178237915
SUCCESS,Trace 1,62,1315.6175768375397
SUCCESS,Trace 1,62,1245.6546008586884
SUCCESS,Trace 1,62,1265.4904317855835
SUCCESS,Trace 1,62,1245.6393778324127
SUCCESS,Trace 1,62,1225.692331790924
SUCCESS,Trace 1,62,1250.7234978675842
SUCCESS,Trace 1,62,1225.5969631671906
SUCCESS,Trace 1,62,1275.734736919403
SUCCESS,Trace 1,62,1385.5350637435913
SUCCESS,Trace 1,62,1280.6221675872803
SUCCESS,Trace 1,62,1270.4111814498901
SUCCESS,Trace 1,62,1295.6923747062683
FAIL,Trace 1,58,1195.9652423858643
SUCCESS,Trace 1,62,1270.6258165836334
SUCCESS,Trace 1,62,1275.7253122329712
SUCCESS,Trace 1,62,1305.7567954063416
SUCCESS,Trace 1,62,1240.7253110408783
SUCCESS,Trace 1,62,1285.6873869895935
FAIL,Trace 1,33,735.7099771499634
SUCCESS,Trace 1,62,1270.7582926750183
SUCCESS,Trace 1,62,1450.650224685669
SUCCESS,Trace 1,62,1285.6593441963196
SUCCESS,Trace 1,62,1414.778232574463
SUCCESS,Trace 1,62,1270.7582879066467
SUCCESS,Trace 1,62,1275.7097387313843
SUCCESS,Trace 1,62,1320.6111633777618
SUCCESS,Trace 1,62,1270.6425034999847
SUCCESS,Trace 1,62,1240.6908452510834
SUCCESS,Trace 1,62,1235.3393876552582
SUCCESS,Trace 1,62,1325.5793857574463
SUCCESS,Trace 1,62,1255.6648707389832
SUCCESS,Trace 1,62,1235.3498673439026
SUCCESS,Trace 1,62,1260.5230939388275
SUCCESS,Trace 1,62,1245.663458108902
SUCCESS,Trace 1,62,1340.6768703460693
SUCCESS,Trace 1,62,1335.6970500946045
SUCCESS,Trace 1,62,1320.099856853485
SUCCESS,Trace 1,62,1330.7079768180847
SUCCESS,Trace 1,62,1255.7019329071045
SUCCESS,Trace 1,62,1285.4884839057922
SUCCESS,Trace 1,62,1240.7099294662476
SUCCESS,Trace 1,62,1250.7582902908325
SUCCESS,Trace 1,62,1245.6809031963348
SUCCESS,Trace 1,62,1255.244858264923
SUCCESS,Trace 1,62,1325.673063993454
SUCCESS,Trace 1,62,1290.7099628448486
SUCCESS,Trace 1,62,1355.6915271282196
SUCCESS,Trace 1,62,1260.701847076416
SUCCESS,Trace 1,62,1240.3573882579803
SUCCESS,Trace 1,62,1375.7468795776367
SUCCESS,Trace 1,62,1295.5464148521423
SUCCESS,Trace 1,62,1270.0765013694763
SUCCESS,Trace 1,62,1295.7582902908325
SUCCESS,Trace 1,62,1255.7099270820618
SUCCESS,Trace 1,62,1275.6318414211273
SUCCESS,Trace 1,62,1265.6769800186157
SUCCESS,Trace 1,62,1270.6730902194977
SUCCESS,Trace 1,62,1360.076506137848
SUCCESS,Trace 1,62,1360.6713914871216
SUCCESS,Trace 1,62,1300.6648635864258
SUCCESS,Trace 1,62,1255.7582902908325
SUCCESS,Trace 1,62,1310.6112253665924
SUCCESS,Trace 1,62,1264.9672877788544
SUCCESS,Trace 1,62,1245.734944343567
FAIL,Trace 1,30,646.7582952976227
SUCCESS,Trace 1,62,1270.758295059204
SUCCESS,Trace 1,62,1260.6917977333069
SUCCESS,Trace 1,62,1260.7349133491516
SUCCESS,Trace 1,62,1345.414663553238
SUCCESS,Trace 1,62,1255.5463695526123
SUCCESS,Trace 1,62,1260.7118606567383
SUCCESS,Trace 1,62,1325.0372922420502
SUCCESS,Trace 1,62,1305.651832818985
SUCCESS,Trace 1,62,1285.560337305069
SUCCESS,Trace 1,62,1255.7582902908325
SUCCESS,Trace 1,62,1334.6369457244873
SUCCESS,Trace 1,62,1230.6917977333069
SUCCESS,Trace 1,62,1345.6882846355438
SUCCESS,Trace 1,62,1285.687576532364
SUCCESS,Trace 1,62,1245.6923151016235
SUCCESS,Trace 1,62,1225.7253122329712
SUCCESS,Trace 1,62,1310.7349467277527
SUCCESS,Trace 1,62,1235.5927526950836
SUCCESS,Trace 1,62,1380.0513243675232
SUCCESS,Trace 1,62,1255.6481063365936
SUCCESS,Trace 1,62,1350.6963956356049
SUCCESS,Trace 1,62,1300.5547225475311
SUCCESS,Trace 1,62,1255.7099604606628
SUCCESS,Trace 1,62,1265.7582926750183
SUCCESS,Trace 1,62,1240.258263349533
SUCCESS,Trace 1,62,1260.620379447937
SUCCESS,Trace 1,62,1310.6409013271332
SUCCESS,Trace 1,62,1280.75829744339
SUCCESS,Trace 1,62,1240.626357793808
SUCCESS,Trace 1,62,1275.734941959381
SUCCESS,Trace 1,62,1260.7099294662476
SUCCESS,Trace 1,62,1300.6984901428223
SUCCESS,Trace 1,62,1235.6689524650574
SUCCESS,Trace 1,62,1260.7253122329712
SUCCESS,Trace 1,62,1260.7099294662476
SUCCESS,Trace 1,62,1295.6873548030853
SUCCESS,Trace 1,62,1370.6488418579102
SUCCESS,Trace 1,62,1255.7582902908325
SUCCESS,Trace 1,62,1310.709946155548
SUCCESS,Trace 1,62,1255.6304800510406
SUCCESS,Trace 1,62,1300.4263067245483
SUCCESS,Trace 1,62,1300.75679063797
SUCCESS,Trace 1,62,1280.696438550949
SUCCESS,Trace 1,62,1275.734748840332
SUCCESS,Trace 1,62,1280.7019591331482
SUCCESS,Trace 1,62,1250.7334065437317
SUCCESS,Trace 1,62,1360.7009506225586
SUCCESS,Trace 1,62,1244.9673557281494
SUCCESS,Trace 1,62,1315.711588859558
SUCCESS,Trace 1,62,1245.6544625759125
SUCCESS,Trace 1,62,1290.7013940811157
SUCCESS,Trace 1,62,1295.5219173431396
SUCCESS,Trace 1,62,1400.6950044631958
SUCCESS,Trace 1,62,1315.6635010242462
SUCCESS,Trace 1,62,1340.615315437317
SUCCESS,Trace 1,62,1275.7019591331482
SUCCESS,Trace 1,62,1280.6344056129456
SUCCESS,Trace 1,62,1279.9695122241974
SUCCESS,Trace 1,62,1310.6753706932068
SUCCESS,Trace 1,62,1305.7349038124084
SUCCESS,Trace 1,62,1260.7099628448486
SUCCESS,Trace 1,62,1315.746672153473
SUCCESS,Trace 1,62,1330.7099556922913
SUCCESS,Trace 1,62,1305.673167705536
SUCCESS,Trace 1,62,1375.758285522461
SUCCESS,Trace 1,62,1275.6430625915527
SUCCESS,Trace 1,62,1240.663458108902
SUCCESS,Trace 1,62,1300.6319320201874
SUCCESS,Trace 1,62,1299.180510044098
SUCCESS,Trace 1,62,1230.0663423538208
SUCCESS,Trace 1,62,1299.9054884910583
SUCCESS,Trace 1,62,1320.621738433838
FAIL,Trace 1,30,623.8835960626602
SUCCESS,Trace 1,62,1375.6715869903564
SUCCESS,Trace 1,62,1235.701961517334
SUCCESS,Trace 1,62,1225.6299436092377
SUCCESS,Trace 1,62,1310.6531953811646
SUCCESS,Trace 1,62,1265.0380051136017
SUCCESS,Trace 1,62,1270.6761586666107
SUCCESS,Trace 1,62,1230.7019329071045
SUCCESS,Trace 1,62,1280.6923258304596
SUCCESS,Trace 1,62,1310.758295059204
SUCCESS,Trace 1,62,1250.758295059204
SUCCESS,Trace 1,62,1275.6898069381714
SUCCESS,Trace 1,62,1245.701961517334
SUCCESS,Trace 1,62,1235.7582926750183
SUCCESS,Trace 1,62,1365.6866240501404
SUCCESS,Trace 1,62,1300.6547784805298
SUCCESS,Trace 1,62,1224.6635329723358
SUCCESS,Trace 1,62,1275.7582712173462
SUCCESS,Trace 1,62,1320.0998544692993
SUCCESS,Trace 1,62,1260.5935168266296
SUCCESS,Trace 1,62,1245.6881368160248
SUCCESS,Trace 1,62,1385.164144039154
SUCCESS,Trace 1,62,1280.653567314148
SUCCESS,Trace 1,62,1300.5862164497375
SUCCESS,Trace 1,62,1345.639979839325
SUCCESS,Trace 1,62,1230.7253122329712
SUCCESS,Trace 1,62,1255.7253122329712
SUCCESS,Trace 1,62,1325.6963324546814
SUCCESS,Trace 1,62,1280.6455409526825
SUCCESS,Trace 1,62,1290.487003326416
SUCCESS,Trace 1,62,1335.6299436092377
SUCCESS,Trace 1,62,1305.528484582901
SUCCESS,Trace 1,62,1340.5764424800873
SUCCESS,Trace 1,62,1295.6262731552124
SUCCESS,Trace 1,62,1290.6346881389618
SUCCESS,Trace 1,62,1335.734944343567
SUCCESS,Trace 1,62,1225.066066980362
SUCCESS,Trace 1,62,1270.622535943985
SUCCESS,Trace 1,62,1255.7582926750183
SUCCESS,Trace 1,62,1240.6964945793152
SUCCESS,Trace 1,62,1230.692321062088
SUCCESS,Trace 1,62,1264.910809993744
SUCCESS,Trace 1,62,1330.7582926750183
SUCCESS,Trace 1,62,1250.6472551822662
SUCCESS,Trace 1,62,1280.734944343567
SUCCESS,Trace 1,62,1255.6392467021942
SUCCESS,Trace 1,62,1340.6462287902832
SUCCESS,Trace 1,62,1255.6962454319
SUCCESS,Trace 1,62,1255.7582926750183
SUCCESS,Trace 1,62,1290.614516735077
SUCCESS,Trace 1,62,1310.758295059204
SUCCESS,Trace 1,62,1280.5655026435852
SUCCESS,Trace 1,62,1375.3782439231873
SUCCESS,Trace 1,62,1315.0513005256653
SUCCESS,Trace 1,62,1240.5948042869568
SUCCESS,Trace 1,62,1235.582114458084
SUCCESS,Trace 1,62,1295.7347464561462
SUCCESS,Trace 1,62,1335.6201434135437
SUCCESS,Trace 1,62,1260.758295059204
SUCCESS,Trace 1,62,1315.6882953643799
SUCCESS,Trace 1,62,1265.6403470039368
SUCCESS,Trace 1,62,1285.6904101371765
SUCCESS,Trace 1,62,1295.6216621398926
SUCCESS,Trace 1,62,1255.6217348575592
SUCCESS,Trace 1,62,1275.6265652179718
SUCCESS,Trace 1,62,1230.692321062088
SUCCESS,Trace 1,62,1350.6258404254913
FAIL,Trace 1,40,790.9982979297638
SUCCESS,Trace 1,62,1260.5404424667358
SUCCESS,Trace 1,62,1295.6533753871918
SUCCESS,Trace 1,62,1295.5229377746582
SUCCESS,Trace 1,62,1225.4010152816772
SUCCESS,Trace 1,62,1255.7349395751953
SUCCESS,Trace 1,62,1270.0057923793793
SUCCESS,Trace 1,62,1325.6985068321228
SUCCESS,Trace 1,62,1285.6649160385132
SUCCESS,Trace 1,62,1230.663458108902
SUCCESS,Trace 1,62,1284.9684357643127
SUCCESS,Trace 1,62,1315.6876492500305
SUCCESS,Trace 1,62,1329.9648213386536
SUCCESS,Trace 1,62,1275.7582902908325
SUCCESS,Trace 1,62,1280.5748355388641
SUCCESS,Trace 1,62,1300.6882166862488
SUCCESS,Trace 1,62,1245.7582902908325
SUCCESS,Trace 1,62,1325.6873834133148
SUCCESS,Trace 1,62,1340.6532716751099
SUCCESS,Trace 1,62,1229.627070426941
SUCCESS,Trace 1,62,1355.6627261638641
SUCCESS,Trace 1,62,1235.734941959381
SUCCESS,Trace 1,62,1285.734941959381
SUCCESS,Trace 1,62,1310.051498413086
SUCCESS,Trace 1,62,1324.8811316490173
SUCCESS,Trace 1,62,1235.6588172912598
SUCCESS,Trace 1,62,1325.6252181529999
SUCCESS,Trace 1,62,1400.0513434410095
SUCCESS,Trace 1,62,1235.5819594860077
SUCCESS,Trace 1,62,1295.5276346206665
SUCCESS,Trace 1,62,1325.758285522461
SUCCESS,Trace 1,62,1329.8780524730682
SUCCESS,Trace 1,62,1434.1859936714172
SUCCESS,Trace 1,62,1313.8818550109863
SUCCESS,Trace 1,62,1280.560952425003
SUCCESS,Trace 1,62,1225.601350069046
SUCCESS,Trace 1,62,1305.701982975006
SUCCESS,Trace 1,62,1390.0869035720825
SUCCESS,Trace 1,62,1240.7253122329712
SUCCESS,Trace 1,62,1230.7582926750183
SUCCESS,Trace 1,62,1295.6571555137634
SUCCESS,Trace 1,62,1235.673087835312
SUCCESS,Trace 1,62,1265.6876492500305
SUCCESS,Trace 1,62,1255.725314617157
SUCCESS,Trace 1,62,1300.6262731552124
SUCCESS,Trace 1,62,1275.7019877433777
SUCCESS,Trace 1,62,1295.6481313705444
SUCCESS,Trace 1,62,1240.7019627094269
SUCCESS,Trace 1,62,1315.6594097614288
SUCCESS,Trace 1,62,1285.673087835312
SUCCESS,Trace 1,62,1260.5927395820618
SUCCESS,Trace 1,62,1325.5993556976318
SUCCESS,Trace 1,62,1365.7116317749023
SUCCESS,Trace 1,62,1285.0003671646118
SUCCESS,Trace 1,62,1300.5616581439972
SUCCESS,Trace 1,62,1230.692331790924
SUCCESS,Trace 1,62,1245.5518698692322
SUCCESS,Trace 1,62,1250.7582902908325
SUCCESS,Trace 1,62,1270.6755256652832
SUCCESS,Trace 1,62,1289.9816811084747
SUCCESS,Trace 1,62,1295.0398683547974
FAIL,Trace 1,22,458.9502948522568
FAIL,Trace 1,23,485.998295545578
SUCCESS,Trace 1,62,1300.7582926750183
SUCCESS,Trace 1,62,1225.724778175354
SUCCESS,Trace 1,62,1260.692378282547
SUCCESS,Trace 1,62,1340.758295059204
SUCCESS,Trace 1,62,1379.9672675132751
SUCCESS,Trace 1,62,1235.701950788498
SUCCESS,Trace 1,62,1340.625342130661
SUCCESS,Trace 1,62,1350.5292975902557
SUCCESS,Trace 1,62,1309.8893737792969
SUCCESS,Trace 1,62,1290.758295059204
SUCCESS,Trace 1,62,1295.7349395751953
SUCCESS,Trace 1,62,1344.9897289276123
SUCCESS,Trace 1,62,1260.0311732292175
SUCCESS,Trace 1,62,1294.908311367035
SUCCESS,Trace 1,62,1250.6257247924805
SUCCESS,Trace 1,62,1305.5989396572113
SUCCESS,Trace 1,62,1250.6304776668549
SUCCESS,Trace 1,62,1280.7582807540894
SUCCESS,Trace 1,62,1315.7099723815918
SUCCESS,Trace 1,62,1255.709924697876
SUCCESS,Trace 1,62,1275.6355237960815
SUCCESS,Trace 1,62,1270.734944343567
SUCCESS,Trace 1,62,1309.8671400547028
SUCCESS,Trace 1,62,1229.7013461589813
SUCCESS,Trace 1,62,1225.6875789165497
SUCCESS,Trace 1,62,1330.0318658351898
SUCCESS,Trace 1,62,1250.7099390029907
SUCCESS,Trace 1,62,1260.6959426403046
SUCCESS,Trace 1,62,1224.8078334331512
SUCCESS,Trace 1,62,1330.639864206314
SUCCESS,Trace 1,62,1270.481469631195
SUCCESS,Trace 1,62,1405.686378479004
SUCCESS,Trace 1,62,1285.758295059204
SUCCESS,Trace 1,62,1290.6024205684662
SUCCESS,Trace 1,62,1305.7099318504333
SUCCESS,Trace 1,62,1290.566565990448
SUCCESS,Trace 1,62,1260.75829744339
SUCCESS,Trace 1,62,1305.6689238548279
SUCCESS,Trace 1,62,1280.5749642848969
SUCCESS,Trace 1,62,1305.7135653495789
SUCCESS,Trace 1,62,1285.5673480033875
SUCCESS,Trace 1,62,1280.6922483444214
SUCCESS,Trace 1,62,1315.6013822555542
SUCCESS,Trace 1,62,1225.7252395153046
SUCCESS,Trace 1,62,1230.7012271881104
SUCCESS,Trace 1,62,1245.6216847896576
SUCCESS,Trace 1,62,1255.5597245693207
SUCCESS,Trace 1,62,1255.7581043243408
SUCCESS,Trace 1,62,1300.6547951698303
SUCCESS,Trace 1,62,1275.7010316848755
SUCCESS,Trace 1,62,1305.0763082504272
SUCCESS,Trace 1,62,1235.6876480579376
SUCCESS,Trace 1,62,1349.9916076660156
SUCCESS,Trace 1,62,1275.7349395751953
SUCCESS,Trace 1,62,1305.7349133491516
SUCCESS,Trace 1,62,1325.7582926750183
SUCCESS,Trace 1,62,1270.6882214546204
SUCCESS,Trace 1,62,1385.5951273441315
SUCCESS,Trace 1,62,1330.6839966773987
SUCCESS,Trace 1,62,1255.5939209461212
SUCCESS,Trace 1,62,1290.5957078933716
SUCCESS,Trace 1,62,1305.573968887329
SUCCESS,Trace 1,62,1240.6223249435425
SUCCESS,Trace 1,62,1245.5736601352692
SUCCESS,Trace 1,62,1225.7253122329712
SUCCESS,Trace 1,62,1320.6222891807556
SUCCESS,Trace 1,62,1270.0996565818787
SUCCESS,Trace 1,62,1295.6097841262817
SUCCESS,Trace 1,62,1320.664244890213
SUCCESS,Trace 1,62,1355.696280002594
SUCCESS,Trace 1,62,1245.4866194725037
SUCCESS,Trace 1,62,1275.7582926750183
SUCCESS,Trace 1,62,1275.5856335163116
SUCCESS,Trace 1,62,1270.7582926750183
SUCCESS,Trace 1,62,1230.6318640708923
SUCCESS,Trace 1,62,1255.6883668899536
SUCCESS,Trace 1,62,1285.7099962234497
SUCCESS,Trace 1,62,1245.6472277641296
SUCCESS,Trace 1,62,1270.7582879066467
SUCCESS,Trace 1,62,1300.7453680038452
SUCCESS,Trace 1,62,1275.6352639198303
SUCCESS,Trace 1,62,1265.7253122329712
SUCCESS,Trace 1,62,1250.7012248039246
SUCCESS,Trace 1,62,1360.664873123169
SUCCESS,Trace 1,62,1280.746877193451
SUCCESS,Trace 1,62,1245.734941959381
SUCCESS,Trace 1,62,1290.2364134788513
SUCCESS,Trace 1,62,1225.6595969200134
SUCCESS,Trace 1,62,1335.0146186351776
SUCCESS,Trace 1,62,1285.665340423584
SUCCESS,Trace 1,62,1315.758295059204
SUCCESS,Trace 1,62,1280.7238793373108
FAIL,Trace 1,45,918.4552240371704
SUCCESS,Trace 1,62,1270.692331790924
SUCCESS,Trace 1,62,1345.0749969482422
SUCCESS,Trace 1,62,1315.6593918800354
SUCCESS,Trace 1,62,1250.7567930221558
SUCCESS,Trace 1,62,1265.6312775611877
SUCCESS,Trace 1,62,1235.75829744339
SUCCESS,Trace 1,62,1390.5417799949646
SUCCESS,Trace 1,62,1270.734944343567
FAIL,Trace 1,38,781.7582929134369
SUCCESS,Trace 1,62,1300.6399059295654
SUCCESS,Trace 1,62,1260.7582688331604
SUCCESS,Trace 1,62,1270.5835628509521
SUCCESS,Trace 1,62,1300.5490589141846
SUCCESS,Trace 1,62,1245.7253170013428
SUCCESS,Trace 1,62,1245.7253122329712
SUCCESS,Trace 1,62,1290.68678855896
SUCCESS,Trace 1,62,1230.6915318965912
SUCCESS,Trace 1,62,1250.734941959381
SUCCESS,Trace 1,62,1325.6731986999512
SUCCESS,Trace 1,62,1305.6789445877075
SUCCESS,Trace 1,62,1305.7235074043274
SUCCESS,Trace 1,62,1320.6178975105286
SUCCESS,Trace 1,62,1275.709958076477
SUCCESS,Trace 1,62,1335.0998306274414
SUCCESS,Trace 1,62,1240.7582902908325
SUCCESS,Trace 1,62,1230.724778175354
SUCCESS,Trace 1,62,1405.756332874298
SUCCESS,Trace 1,62,1280.725314617157
SUCCESS,Trace 1,62,1250.5563008785248
SUCCESS,Trace 1,62,1325.5931305885315
SUCCESS,Trace 1,62,1245.033359527588
SUCCESS,Trace 1,62,1225.5184602737427
SUCCESS,Trace 1,62,1275.0291311740875
SUCCESS,Trace 1,62,1235.7014632225037
SUCCESS,Trace 1,62,1270.6725013256073
SUCCESS,Trace 1,62,1270.6346940994263
SUCCESS,Trace 1,62,1360.076503753662
SUCCESS,Trace 1,62,1275.634583234787
SUCCESS,Trace 1,62,1260.6617331504822
SUCCESS,Trace 1,62,1265.6769824028015
SUCCESS,Trace 1,62,1230.685076713562
SUCCESS,Trace 1,62,1300.037966966629
SUCCESS,Trace 1,62,1335.3820300102234
SUCCESS,Trace 1,62,1230.724778175354
SUCCESS,Trace 1,62,1270.696440935135
SUCCESS,Trace 1,62,1265.7580995559692
SUCCESS,Trace 1,62,1300.5908346176147
SUCCESS,Trace 1,62,1225.7582926750183
SUCCESS,Trace 1,62,1280.696440935135
SUCCESS,Trace 1,62,1340.7582926750183
SUCCESS,Trace 1,62,1235.6875789165497
SUCCESS,Trace 1,62,1284.8457634449005
SUCCESS,Trace 1,62,1290.5667471885681
SUCCESS,Trace 1,62,1240.7582926750183
SUCCESS,Trace 1,62,1240.6588172912598
SUCCESS,Trace 1,62,1265.6689834594727
SUCCESS,Trace 1,62,1335.502244234085
SUCCESS,Trace 1,62,1305.6715965270996
SUCCESS,Trace 1,62,1245.663458108902
SUCCESS,Trace 1,62,1305.454490184784
SUCCESS,Trace 1,62,1335.630967617035
SUCCESS,Trace 1,62,1279.9421167373657
SUCCESS,Trace 1,62,1280.0998544692993
SUCCESS,Trace 1,62,1365.5396461486816
SUCCESS,Trace 1,62,1270.6964945793152
SUCCESS,Trace 1,62,1230.066865682602
SUCCESS,Trace 1,62,1255.673087835312
SUCCESS,Trace 1,62,1265.6715869903564
SUCCESS,Trace 1,62,1339.1531419754028
SUCCESS,Trace 1,62,1285.6171262264252
SUCCESS,Trace 1,62,1260.7582926750183
SUCCESS,Trace 1,62,1265.673087835312
SUCCESS,Trace 1,62,1285.7582902908325
SUCCESS,Trace 1,62,1275.655438899994
SUCCESS,Trace 1,62,1320.6648910045624
SUCCESS,Trace 1,62,1270.522916316986
SUCCESS,Trace 1,62,1245.633910894394
SUCCESS,Trace 1,62,1250.6964421272278
SUCCESS,Trace 1,62,1285.7582902908325
SUCCESS,Trace 1,62,1315.484914779663
SUCCESS,Trace 1,62,1250.7019352912903
SUCCESS,Trace 1,62,1280.6649589538574
SUCCESS,Trace 1,62,1240.6636035442352
SUCCESS,Trace 1,62,1305.676156282425
SUCCESS,Trace 1,62,1285.7349395751953
SUCCESS,Trace 1,62,1230.7253122329712
SUCCESS,Trace 1,62,1290.7582926750183
SUCCESS,Trace 1,62,1260.6770753860474
SUCCESS,Trace 1,62,1230.7582926750183
SUCCESS,Trace 1,62,1315.6013870239258
SUCCESS,Trace 1,62,1325.0131487846375
FAIL,Trace 1,29,580.998295545578
SUCCESS,Trace 1,62,1265.5941474437714
SUCCESS,Trace 1,62,1235.582114458084
SUCCESS,Trace 1,62,1280.6642067432404
SUCCESS,Trace 1,62,1265.498036146164
SUCCESS,Trace 1,62,1325.7346868515015
SUCCESS,Trace 1,62,1240.5449151992798
SUCCESS,Trace 1,62,1320.7583022117615
SUCCESS,Trace 1,62,1235.667427778244
SUCCESS,Trace 1,62,1345.7099342346191
SUCCESS,Trace 1,62,1230.6400775909424
SUCCESS,Trace 1,62,1245.639636516571
SUCCESS,Trace 1,62,1255.7099604606628
SUCCESS,Trace 1,62,1320.758295059204
SUCCESS,Trace 1,62,1289.9759578704834
SUCCESS,Trace 1,62,1305.5989146232605
SUCCESS,Trace 1,62,1340.6880939006805
SUCCESS,Trace 1,62,1255.5032789707184
SUCCESS,Trace 1,62,1230.7019329071045
SUCCESS,Trace 1,62,1245.7099604606628
SUCCESS,Trace 1,62,1324.9685525894165
SUCCESS,Trace 1,62,1290.0764679908752
SUCCESS,Trace 1,62,1255.6882238388062
SUCCESS,Trace 1,62,1250.5821800231934
SUCCESS,Trace 1,62,1325.625559091568
SUCCESS,Trace 1,62,1245.7099604606628
SUCCESS,Trace 1,62,1225.7582926750183
SUCCESS,Trace 1,62,1290.73495388031
SUCCESS,Trace 1,62,1260.7334399223328
SUCCESS,Trace 1,62,1250.6258475780487
SUCCESS,Trace 1,62,1270.7099795341492
SUCCESS,Trace 1,62,1310.4356896877289
SUCCESS,Trace 1,62,1375.0998282432556
SUCCESS,Trace 1,62,1250.692332983017
SUCCESS,Trace 1,62,1240.6575620174408
SUCCESS,Trace 1,62,1310.6226885318756
SUCCESS,Trace 1,62,1290.4892206192017
SUCCESS,Trace 1,62,1240.7099604606628
SUCCESS,Trace 1,62,1235.734941959381
SUCCESS,Trace 1,62,1260.6762301921844
SUCCESS,Trace 1,62,1265.5813491344452
SUCCESS,Trace 1,62,1250.701847076416
SUCCESS,Trace 1,62,1345.6996655464172
SUCCESS,Trace 1,62,1290.6689810752869
SUCCESS,Trace 1,62,1260.734941959381
SUCCESS,Trace 1,62,1375.076503753662
SUCCESS,Trace 1,62,1310.6482124328613
SUCCESS,Trace 1,62,1275.7582688331604
SUCCESS,Trace 1,62,1299.9076664447784
SUCCESS,Trace 1,62,1275.6614196300507
SUCCESS,Trace 1,62,1280.734941959381
SUCCESS,Trace 1,62,1300.6917977333069
SUCCESS,Trace 1,62,1245.4893362522125
SUCCESS,Trace 1,62,1270.6481051445007
SUCCESS,Trace 1,62,1300.7582831382751
SUCCESS,Trace 1,62,1250.6882095336914
SUCCESS,Trace 1,62,1255.7247686386108
SUCCESS,Trace 1,62,1275.708429813385
SUCCESS,Trace 1,62,1260.623151063919
SUCCESS,Trace 1,62,1230.7582926750183
SUCCESS,Trace 1,62,1360.7219862937927
SUCCESS,Trace 1,62,1310.5989480018616
SUCCESS,Trace 1,62,1304.3546986579895
SUCCESS,Trace 1,62,1255.6526279449463
SUCCESS,Trace 1,62,1325.0087869167328
SUCCESS,Trace 1,62,1230.7019329071045
SUCCESS,Trace 1,62,1300.7099771499634
SUCCESS,Trace 1,62,1310.7099676132202
SUCCESS,Trace 1,62,1290.664451122284
SUCCESS,Trace 1,62,1230.6882238388062
SUCCESS,Trace 1,62,1275.6731724739075
SUCCESS,Trace 1,62,1320.7099604606628
SUCCESS,Trace 1,62,1245.5800354480743
SUCCESS,Trace 1,62,1230.5392158031464
SUCCESS,Trace 1,62,1345.6722700595856
SUCCESS,Trace 1,62,1255.5452287197113
SUCCESS,Trace 1,62,1280.5698788166046
SUCCESS,Trace 1,62,1285.7580780982971
SUCCESS,Trace 1,62,1250.6217288970947
SUCCESS,Trace 1,62,1255.7349157333374
SUCCESS,Trace 1,62,1285.725440979004
SUCCESS,Trace 1,62,1305.7099270820618
SUCCESS,Trace 1,62,1340.6410157680511
SUCCESS,Trace 1,62,1285.635325908661
SUCCESS,Trace 1,62,1260.2258133888245
SUCCESS,Trace 1,62,1325.734944343567
SUCCESS,Trace 1,62,1235.076813697815
SUCCESS,Trace 1,62,1265.7099270820618
SUCCESS,Trace 1,62,1280.734941959381
SUCCESS,Trace 1,62,1350.7247066497803
SUCCESS,Trace 1,62,1325.6267189979553
SUCCESS,Trace 1,62,1250.6629264354706
SUCCESS,Trace 1,62,1395.0983500480652
SUCCESS,Trace 1,62,1255.7582902908325
FAIL,Trace 1,26,570.7582926750183
SUCCESS,Trace 1,62,1285.545655488968
SUCCESS,Trace 1,62,1239.9897694587708
SUCCESS,Trace 1,62,1290.0765109062195
SUCCESS,Trace 1,62,1255.6174731254578
SUCCESS,Trace 1,62,1310.6439363956451
SUCCESS,Trace 1,62,1270.734944343567
SUCCESS,Trace 1,62,1325.758295059204
SUCCESS,Trace 1,62,1330.724778175354
SUCCESS,Trace 1,62,1260.691933631897
SUCCESS,Trace 1,62,1280.701231956482
SUCCESS,Trace 1,62,1335.672596693039
SUCCESS,Trace 1,62,1365.7582902908325
SUCCESS,Trace 1,62,1265.6918108463287
SUCCESS,Trace 1,62,1300.6421053409576
SUCCESS,Trace 1,62,1294.8151242733002
SUCCESS,Trace 1,62,1320.643937587738
SUCCESS,Trace 1,62,1355.734941959381
SUCCESS,Trace 1,62,1280.626493692398
SUCCESS,Trace 1,62,1330.029023885727
SUCCESS,Trace 1,62,1240.5898833274841
SUCCESS,Trace 1,62,1290.7582664489746
SUCCESS,Trace 1,62,1270.668898820877
SUCCESS,Trace 1,62,1280.5696785449982
SUCCESS,Trace 1,62,1230.6393730640411
SUCCESS,Trace 1,62,1275.6258296966553
SUCCESS,Trace 1,62,1290.7468461990356
FAIL,Trace 1,30,591.7582976818085
SUCCESS,Trace 1,62,1270.099856853485
SUCCESS,Trace 1,62,1245.6949925422668
SUCCESS,Trace 1,62,1225.696438550949
SUCCESS,Trace 1,62,1315.7349061965942
SUCCESS,Trace 1,62,1304.981632232666
SUCCESS,Trace 1,62,1250.734944343567
SUCCESS,Trace 1,59,1201.6876530647278
SUCCESS,Trace 1,62,1260.4664766788483
SUCCESS,Trace 1,62,1230.6882119178772
SUCCESS,Trace 1,62,1310.6223237514496
SUCCESS,Trace 1,62,1370.733437538147
SUCCESS,Trace 1,62,1230.6359267234802
SUCCESS,Trace 1,62,1315.701937675476
SUCCESS,Trace 1,62,1275.7252824306488
SUCCESS,Trace 1,62,1225.696438550949
SUCCESS,Trace 1,62,1265.758295059204
SUCCESS,Trace 1,62,1300.6867122650146
SUCCESS,Trace 1,62,1250.7253122329712
SUCCESS,Trace 1,62,1285.7138574123383
SUCCESS,Trace 1,62,1260.569396018982
SUCCESS,Trace 1,62,1310.5998289585114
SUCCESS,Trace 1,62,1295.7582926750183
SUCCESS,Trace 1,62,1365.707929134369
SUCCESS,Trace 1,62,1350.029011964798
SUCCESS,Trace 1,62,1390.7334089279175
SUCCESS,Trace 1,62,1285.7582902908325
SUCCESS,Trace 1,62,1255.6601643562317
SUCCESS,Trace 1,62,1270.6482315063477
SUCCESS,Trace 1,62,1285.561990737915
SUCCESS,Trace 1,62,1245.758295059204
SUCCESS,Trace 1,62,1235.724778175354
SUCCESS,Trace 1,62,1230.7012271881104
SUCCESS,Trace 1,62,1325.6545555591583
SUCCESS,Trace 1,62,1280.6923305988312
SUCCESS,Trace 1,62,1245.7253766059875
SUCCESS,Trace 1,62,1235.7015705108643
SUCCESS,Trace 1,62,1324.1358959674835
SUCCESS,Trace 1,62,1230.7015705108643
SUCCESS,Trace 1,62,1255.6181406974792
SUCCESS,Trace 1,62,1295.2170860767365
SUCCESS,Trace 1,62,1315.6067907810211
SUCCESS,Trace 1,62,1255.724778175354
SUCCESS,Trace 1,62,1280.5800879001617
SUCCESS,Trace 1,62,1265.7582926750183
SUCCESS,Trace 1,62,1265.734944343567
SUCCESS,Trace 1,62,1264.9228203296661
SUCCESS,Trace 1,62,1325.7254362106323
FAIL,Trace 1,33,675.974942445755
SUCCESS,Trace 1,62,1280.7349395751953
SUCCESS,Trace 1,62,1265.7582926750183
SUCCESS,Trace 1,62,1255.0668811798096
SUCCESS,Trace 1,62,1250.4152023792267
SUCCESS,Trace 1,62,1300.7582902908325
SUCCESS,Trace 1,62,1230.6358885765076
SUCCESS,Trace 1,62,1325.6883025169373
SUCCESS,Trace 1,62,1260.6665134429932
SUCCESS,Trace 1,62,1310.0983476638794
SUCCESS,Trace 1,62,1370.5818009376526
SUCCESS,Trace 1,62,1335.379317998886
SUCCESS,Trace 1,62,1235.5929219722748
SUCCESS,Trace 1,62,1315.5029511451721
SUCCESS,Trace 1,62,1285.6096041202545
SUCCESS,Trace 1,62,1265.0338637828827
SUCCESS,Trace 1,62,1290.758295059204
SUCCESS,Trace 1,62,1270.6923305988312
SUCCESS,Trace 1,62,1415.68812251091
SUCCESS,Trace 1,62,1250.4687452316284
SUCCESS,Trace 1,62,1294.9645924568176
SUCCESS,Trace 1,62,1285.000320672989
SUCCESS,Trace 1,62,1325.758295059204
SUCCESS,Trace 1,62,1245.5144584178925
SUCCESS,Trace 1,62,1364.8924827575684
SUCCESS,Trace 1,62,1245.7582902908325
SUCCESS,Trace 1,62,1225.696438550949
SUCCESS,Trace 1,62,1275.6883001327515
SUCCESS,Trace 1,62,1290.5756568908691
SUCCESS,Trace 1,62,1405.4397249221802
FAIL,Trace 1,21,446.7582929134369
SUCCESS,Trace 1,62,1230.7582926750183
SUCCESS,Trace 1,62,1305.5530512332916
SUCCESS,Trace 1,62,1230.7582926750183
SUCCESS,Trace 1,62,1320.6284189224243
SUCCESS,Trace 1,62,1235.6594133377075
SUCCESS,Trace 1,62,1270.7254433631897
SUCCESS,Trace 1,62,1225.692331790924
FAIL,Trace 1,22,458.9502948522568
SUCCESS,Trace 1,62,1295.6923270225525
SUCCESS,Trace 1,62,1359.1422510147095
SUCCESS,Trace 1,62,1245.626621246338
SUCCESS,Trace 1,62,1255.5894756317139
FAIL,Trace 1,34,736.7582952976227
SUCCESS,Trace 1,62,1265.7099318504333
SUCCESS,Trace 1,62,1275.7468748092651
SUCCESS,Trace 1,62,1280.6874978542328
SUCCESS,Trace 1,62,1250.6152212619781
SUCCESS,Trace 1,62,1275.7582902908325
SUCCESS,Trace 1,62,1240.5598402023315
SUCCESS,Trace 1,62,1315.0764727592468
SUCCESS,Trace 1,62,1295.0185763835907
SUCCESS,Trace 1,62,1319.9896001815796
SUCCESS,Trace 1,62,1240.758295059204
SUCCESS,Trace 1,62,1250.6770157814026
SUCCESS,Trace 1,62,1305.6588792800903
SUCCESS,Trace 1,62,1270.603141784668
SUCCESS,Trace 1,62,1305.75679063797
SUCCESS,Trace 1,62,1230.6689524650574
SUCCESS,Trace 1,62,1325.756595134735
SUCCESS,Trace 1,62,1280.6925904750824
SUCCESS,Trace 1,62,1250.7254374027252
SUCCESS,Trace 1,62,1245.7253122329712
SUCCESS,Trace 1,62,1260.733244419098
FAIL,Trace 1,27,533.950292468071
FAIL,Trace 1,20,398.9329522848129
SUCCESS,Trace 1,62,1230.6400775909424
SUCCESS,Trace 1,62,1280.6769800186157
SUCCESS,Trace 1,62,1275.5839562416077
SUCCESS,Trace 1,62,1305.758295059204
SUCCESS,Trace 1,62,1245.692331790924
SUCCESS,Trace 1,62,1280.7582926750183
SUCCESS,Trace 1,62,1235.634560585022
SUCCESS,Trace 1,62,1305.666115283966
SUCCESS,Trace 1,62,1250.7582926750183
SUCCESS,Trace 1,62,1265.669037103653
SUCCESS,Trace 1,62,1235.5445384979248
SUCCESS,Trace 1,62,1325.7349467277527
SUCCESS,Trace 1,62,1265.6730902194977
FAIL,Trace 1,32,633.950292468071
SUCCESS,Trace 1,62,1320.654845237732
SUCCESS,Trace 1,62,1230.6689524650574
SUCCESS,Trace 1,62,1285.7234144210815
SUCCESS,Trace 1,62,1275.6923341751099
SUCCESS,Trace 1,62,1345.2824795246124
SUCCESS,Trace 1,62,1250.5570840835571
SUCCESS,Trace 1,62,1285.0514936447144
SUCCESS,Trace 1,62,1225.7582926750183
SUCCESS,Trace 1,62,1300.7349467277527
SUCCESS,Trace 1,62,1260.6112742424011
SUCCESS,Trace 1,62,1290.701961517334
FAIL,Trace 1,10,185.97495794296265
SUCCESS,Trace 1,62,1275.6317865848541
SUCCESS,Trace 1,62,1290.75829744339
SUCCESS,Trace 1,62,1320.0427913665771
SUCCESS,Trace 1,62,1255.687643289566
SUCCESS,Trace 1,62,1265.5200552940369
SUCCESS,Trace 1,62,1250.7582926750183
SUCCESS,Trace 1,62,1230.7349133491516
SUCCESS,Trace 1,62,1295.7580995559692
SUCCESS,Trace 1,62,1260.7099604606628
SUCCESS,Trace 1,62,1345.6984853744507
SUCCESS,Trace 1,62,1269.8328518867493
SUCCESS,Trace 1,62,1255.6130194664001
SUCCESS,Trace 1,62,1345.733413696289
SUCCESS,Trace 1,62,1355.6964242458344
SUCCESS,Trace 1,62,1305.520874261856
SUCCESS,Trace 1,62,1275.6097304821014
SUCCESS,Trace 1,62,1250.701961517334
SUCCESS,Trace 1,62,1315.6715846061707
SUCCESS,Trace 1,62,1305.0427913665771
SUCCESS,Trace 1,62,1270.6175100803375
SUCCESS,Trace 1,62,1255.7582926750183
SUCCESS,Trace 1,62,1420.6352365016937
SUCCESS,Trace 1,62,1295.734941959381
SUCCESS,Trace 1,62,1260.7582902908325
SUCCESS,Trace 1,62,1255.7254362106323
SUCCESS,Trace 1,62,1280.7582712173462
SUCCESS,Trace 1,62,1285.6715893745422
SUCCESS,Trace 1,62,1310.684517621994
SUCCESS,Trace 1,62,1320.7235264778137
SUCCESS,Trace 1,62,1305.691990852356
SUCCESS,Trace 1,62,1310.7349395751953
SUCCESS,Trace 1,62,1225.7252395153046
SUCCESS,Trace 1,62,1275.6881368160248
SUCCESS,Trace 1,62,1295.4574227333069
SUCCESS,Trace 1,62,1255.709958076477
SUCCESS,Trace 1,62,1360.6873619556427
SUCCESS,Trace 1,62,1305.6211125850677
SUCCESS,Trace 1,62,1240.7582926750183
SUCCESS,Trace 1,62,1305.4022431373596
SUCCESS,Trace 1,62,1230.663458108902
SUCCESS,Trace 1,62,1305.5914270877838
SUCCESS,Trace 1,62,1225.6875789165497
SUCCESS,Trace 1,62,1300.758295059204
SUCCESS,Trace 1,62,1320.5316424369812
SUCCESS,Trace 1,62,1315.5398535728455
SUCCESS,Trace 1,62,1265.6874549388885
SUCCESS,Trace 1,62,1320.7582664489746
SUCCESS,Trace 1,62,1255.6959331035614
SUCCESS,Trace 1,62,1320.6302237510681
SUCCESS,Trace 1,62,1290.6481182575226
SUCCESS,Trace 1,62,1285.6304669380188
SUCCESS,Trace 1,62,1340.7582831382751
SUCCESS,Trace 1,62,1279.9150204658508
SUCCESS,Trace 1,62,1235.6547963619232
SUCCESS,Trace 1,62,1280.7582902908325
SUCCESS,Trace 1,62,1265.7582902908325
SUCCESS,Trace 1,62,1270.758295059204
SUCCESS,Trace 1,62,1255.713186264038
SUCCESS,Trace 1,62,1320.6653261184692
SUCCESS,Trace 1,62,1260.6151342391968
