Status,Trace,Trace Length,Estimated Value
SUCCESS,Trace 1,62,43.12022116903637
SUCCESS,Trace 1,62,44.21653954188135
SUCCESS,Trace 1,62,46.135068990875446
SUCCESS,Trace 1,62,42.15293100980119
SUCCESS,Trace 1,62,43.75262108835983
SUCCESS,Trace 1,62,46.55293099157943
SUCCESS,Trace 1,62,43.085995988040175
SUCCESS,Trace 1,62,41.08537526203444
SUCCESS,Trace 1,62,42.286264341306094
SUCCESS,Trace 1,62,46.085646267932304
SUCCESS,Trace 1,62,44.219294315811474
SUCCESS,Trace 1,62,43.585689375506256
SUCCESS,Trace 1,62,44.618721185378305
SUCCESS,Trace 1,62,43.452931777439495
SUCCESS,Trace 1,62,47.035686436820484
SUCCESS,Trace 1,62,46.48626356744212
SUCCESS,Trace 1,62,44.00265748267355
SUCCESS,Trace 1,62,41.686265553091054
SUCCESS,Trace 1,62,45.58559722711593
SUCCESS,Trace 1,62,46.466970780055725
SUCCESS,Trace 1,62,41.353554502369654
SUCCESS,Trace 1,62,45.08688783570303
SUCCESS,Trace 1,62,44.21959844434701
SUCCESS,Trace 1,62,45.85235717093843
SUCCESS,Trace 1,62,46.452009530730784
SUCCESS,Trace 1,62,44.41840180768112
SUCCESS,Trace 1,62,45.91789912115827
SUCCESS,Trace 1,62,45.48688626760892
SUCCESS,Trace 1,62,44.41659236366447
SUCCESS,Trace 1,62,44.95289168179917
SUCCESS,Trace 1,62,45.486265111013644
SUCCESS,Trace 1,62,44.41809540160778
SUCCESS,Trace 1,62,43.98688783570304
SUCCESS,Trace 1,62,44.41253777763038
SUCCESS,Trace 1,62,44.11813067338328
SUCCESS,Trace 1,62,44.419554127622646
SUCCESS,Trace 1,62,43.032761257989485
SUCCESS,Trace 1,62,44.61902261310728
SUCCESS,Trace 1,62,44.94999353030085
SUCCESS,Trace 1,62,44.65235602956622
SUCCESS,Trace 1,62,47.45231937077271
SUCCESS,Trace 1,62,42.61932751747858
SUCCESS,Trace 1,62,44.90137444016609
FAIL,Trace 1,24,14.953554502369668
SUCCESS,Trace 1,62,43.08688608114663
SUCCESS,Trace 1,62,43.5202211690364
SUCCESS,Trace 1,62,45.000349112564834
SUCCESS,Trace 1,62,45.48626434292539
SUCCESS,Trace 1,62,44.68688783570302
SUCCESS,Trace 1,62,43.75355275067571
SUCCESS,Trace 1,62,45.25320717006457
SUCCESS,Trace 1,62,44.52022045959051
SUCCESS,Trace 1,62,46.42022115538636
SUCCESS,Trace 1,62,44.718694020038846
SUCCESS,Trace 1,62,45.685078992616674
SUCCESS,Trace 1,62,44.28626511101367
SUCCESS,Trace 1,62,45.553241274882836
SUCCESS,Trace 1,62,42.22022116903637
SUCCESS,Trace 1,62,45.08395281545962
SUCCESS,Trace 1,62,44.15355450236971
SUCCESS,Trace 1,62,47.21959835277872
SUCCESS,Trace 1,62,46.28626509976905
SUCCESS,Trace 1,62,44.153554502369694
SUCCESS,Trace 1,62,44.88595232563732
SUCCESS,Trace 1,62,42.05355450233744
SUCCESS,Trace 1,62,48.01991658970006
SUCCESS,Trace 1,62,44.518931450989996
FAIL,Trace 1,14,8.652357415028003
SUCCESS,Trace 1,62,43.020221169036354
SUCCESS,Trace 1,62,44.050524252472506
SUCCESS,Trace 1,33,20.652660714353782
SUCCESS,Trace 1,62,45.3180390564814
SUCCESS,Trace 1,62,44.0853660587702
SUCCESS,Trace 1,62,42.85226478863989
SUCCESS,Trace 1,62,44.286887835703034
SUCCESS,Trace 1,62,42.6195984451608
SUCCESS,Trace 1,62,43.85355450236969
SUCCESS,Trace 1,62,45.75354922049793
SUCCESS,Trace 1,62,46.05324126292275
SUCCESS,Trace 1,62,44.152265602029345
SUCCESS,Trace 1,62,41.85058010123588
SUCCESS,Trace 1,62,43.61929568694979
SUCCESS,Trace 1,62,45.58688692969233
SUCCESS,Trace 1,62,46.01959844516079
SUCCESS,Trace 1,62,44.319022614548814
SUCCESS,Trace 1,62,46.01724614320656
SUCCESS,Trace 1,62,42.58599160357661
SUCCESS,Trace 1,62,44.25300315835196
SUCCESS,Trace 1,62,47.45232519681023
SUCCESS,Trace 1,62,44.35226477226527
SUCCESS,Trace 1,62,45.185647365550686
SUCCESS,Trace 1,62,45.75354922208592
SUCCESS,Trace 1,62,44.18688771636929
SUCCESS,Trace 1,62,44.486887835647444
SUCCESS,Trace 1,62,43.85293088901713
SUCCESS,Trace 1,62,44.752929318648206
SUCCESS,Trace 1,62,43.552030752248626
SUCCESS,Trace 1,62,44.22022116744868
SUCCESS,Trace 1,62,46.28626511182744
SUCCESS,Trace 1,62,44.95325001460163
SUCCESS,Trace 1,62,44.28688783570303
SUCCESS,Trace 1,62,45.48626511101363
SUCCESS,Trace 1,62,42.752007304753114
SUCCESS,Trace 1,62,43.08554780794664
SUCCESS,Trace 1,62,42.85261725768362
SUCCESS,Trace 1,62,45.73599609949058
SUCCESS,Trace 1,62,44.9845748310638
SUCCESS,Trace 1,62,41.2859958846776
SUCCESS,Trace 1,62,44.41902063995504
SUCCESS,Trace 1,62,43.285996494376654
SUCCESS,Trace 1,62,44.535996203329375
FAIL,Trace 1,30,19.952032725436837
SUCCESS,Trace 1,62,44.652265602032536
SUCCESS,Trace 1,62,43.18559811765663
SUCCESS,Trace 1,62,43.08688783570304
SUCCESS,Trace 1,62,46.1198727908738
SUCCESS,Trace 1,62,43.98626511101671
SUCCESS,Trace 1,62,45.41906201584819
SUCCESS,Trace 1,62,46.11610410815282
SUCCESS,Trace 1,62,46.253554502369084
SUCCESS,Trace 1,62,41.886887834115086
SUCCESS,Trace 1,62,46.68360754507573
SUCCESS,Trace 1,62,46.95258191226407
SUCCESS,Trace 1,62,42.65266255025735
SUCCESS,Trace 1,62,45.220221155390036
SUCCESS,Trace 1,62,44.21932576423845
SUCCESS,Trace 1,62,41.62022116903632
SUCCESS,Trace 1,62,46.252265602032516
SUCCESS,Trace 1,62,44.55293100980117
SUCCESS,Trace 1,62,45.886265111827456
SUCCESS,Trace 1,62,40.71959767646788
SUCCESS,Trace 1,62,44.71697224403544
SUCCESS,Trace 1,62,44.718963905205385
SUCCESS,Trace 1,62,43.51893273924061
SUCCESS,Trace 1,62,43.45171365453365
SUCCESS,Trace 1,62,42.019329216924035
SUCCESS,Trace 1,62,44.586539360132264
SUCCESS,Trace 1,62,43.186263137857615
SUCCESS,Trace 1,33,22.852266072539184
SUCCESS,Trace 1,38,24.386539346245357
SUCCESS,Trace 1,62,45.052259627752456
SUCCESS,Trace 1,62,43.486887835698845
SUCCESS,Trace 1,62,44.285066556042516
SUCCESS,Trace 1,62,45.31858469180277
SUCCESS,Trace 1,62,45.25266081803159
SUCCESS,Trace 1,62,48.41959315260511
SUCCESS,Trace 1,62,45.08688783411507
SUCCESS,Trace 1,62,45.45355450236968
SUCCESS,Trace 1,62,42.81893145098998
FAIL,Trace 1,25,15.353554502369667
SUCCESS,Trace 1,62,43.68529165793257
SUCCESS,Trace 1,62,44.55293101273982
SUCCESS,Trace 1,62,45.32021962809065
SUCCESS,Trace 1,62,45.417009989955766
SUCCESS,Trace 1,62,44.38688783549024
SUCCESS,Trace 1,62,43.55293177764915
SUCCESS,Trace 1,62,44.68688783570304
SUCCESS,Trace 1,62,45.92021243331558
SUCCESS,Trace 1,62,44.54995063409098
SUCCESS,Trace 1,62,43.88453561417763
SUCCESS,Trace 1,62,45.049451020461426
SUCCESS,Trace 1,62,43.51801979891118
SUCCESS,Trace 1,62,44.55354922208232
SUCCESS,Trace 1,62,45.88688783570303
SUCCESS,Trace 1,62,45.48688783570301
SUCCESS,Trace 1,62,44.2535545021605
SUCCESS,Trace 1,62,46.55293177768031
SUCCESS,Trace 1,62,45.452265602032504
SUCCESS,Trace 1,62,43.998752031888664
SUCCESS,Trace 1,62,44.219327513848846
SUCCESS,Trace 1,62,43.15084479369961
SUCCESS,Trace 1,62,42.81804682755247
SUCCESS,Trace 1,62,44.48328591345878
SUCCESS,Trace 1,62,47.48457554014238
SUCCESS,Trace 1,62,43.61959888645743
SUCCESS,Trace 1,62,43.386265111016684
SUCCESS,Trace 1,62,42.98626434313454
SUCCESS,Trace 1,62,45.22017508398086
SUCCESS,Trace 1,62,45.31902261310727
FAIL,Trace 1,25,16.7529317784933
SUCCESS,Trace 1,62,43.55222243223015
SUCCESS,Trace 1,62,43.653552527090426
SUCCESS,Trace 1,62,44.14515741284343
SUCCESS,Trace 1,62,45.60266286999293
SUCCESS,Trace 1,62,46.020221169036326
SUCCESS,Trace 1,62,45.48688783570301
SUCCESS,Trace 1,62,44.75239542947766
SUCCESS,Trace 1,62,42.7187119344667
SUCCESS,Trace 1,62,44.152931009801215
SUCCESS,Trace 1,62,44.21870331508826
SUCCESS,Trace 1,62,45.9856473641089
SUCCESS,Trace 1,62,44.51893217712779
SUCCESS,Trace 1,62,44.28626511101367
SUCCESS,Trace 1,62,46.29871027195391
SUCCESS,Trace 1,62,45.45189351699446
SUCCESS,Trace 1,62,43.61893226955598
SUCCESS,Trace 1,62,47.48626555306351
SUCCESS,Trace 1,62,43.25355450236921
SUCCESS,Trace 1,62,44.120221169036355
SUCCESS,Trace 1,62,44.18414165859231
SUCCESS,Trace 1,62,41.733379511573055
SUCCESS,Trace 1,62,44.420221169036346
SUCCESS,Trace 1,62,42.92021391188119
SUCCESS,Trace 1,62,42.553554502369636
SUCCESS,Trace 1,62,42.32022116882359
SUCCESS,Trace 1,62,46.783537539997084
SUCCESS,Trace 1,62,42.28688783570302
SUCCESS,Trace 1,62,45.61959844434699
SUCCESS,Trace 1,62,42.75235442369003
SUCCESS,Trace 1,62,46.01959767647929
SUCCESS,Trace 1,62,41.58626511100942
SUCCESS,Trace 1,62,48.28626434313452
SUCCESS,Trace 1,62,44.01928893154725
SUCCESS,Trace 1,62,42.752660819379166
SUCCESS,Trace 1,62,41.586881073515286
SUCCESS,Trace 1,62,43.35320394181722
SUCCESS,Trace 1,62,45.73506371058872
SUCCESS,Trace 1,62,46.269329536663236
SUCCESS,Trace 1,62,44.58568928721648
SUCCESS,Trace 1,62,44.485023880118206
SUCCESS,Trace 1,62,43.35203272543689
SUCCESS,Trace 1,62,45.88591447792807
SUCCESS,Trace 1,62,46.53115573916453
SUCCESS,Trace 1,62,43.85355450236968
SUCCESS,Trace 1,62,45.2850800555353
SUCCESS,Trace 1,62,45.22022116903633
SUCCESS,Trace 1,62,46.33346683260159
SUCCESS,Trace 1,62,45.95232074342811
SUCCESS,Trace 1,62,43.08568730781379
SUCCESS,Trace 1,62,43.652355946469456
SUCCESS,Trace 1,62,43.7535525155653
SUCCESS,Trace 1,62,44.452032725436844
SUCCESS,Trace 1,62,43.68688783567132
SUCCESS,Trace 1,62,44.685959927899596
SUCCESS,Trace 1,62,43.68599415295335
SUCCESS,Trace 1,62,45.352926404030825
SUCCESS,Trace 1,62,46.783332852094105
SUCCESS,Trace 1,62,44.08649993746565
SUCCESS,Trace 1,62,45.01959844435001
SUCCESS,Trace 1,62,44.05355275063102
SUCCESS,Trace 1,58,38.35324656189699
SUCCESS,Trace 1,62,43.75231112801517
SUCCESS,Trace 1,62,42.78688783387509
SUCCESS,Trace 1,62,46.15351439312551
SUCCESS,Trace 1,62,44.253548513380245
SUCCESS,Trace 1,62,44.58568471387709
SUCCESS,Trace 1,33,22.45226607257393
SUCCESS,Trace 1,62,45.22022116903636
SUCCESS,Trace 1,62,47.41733925961439
SUCCESS,Trace 1,62,43.55324472290227
SUCCESS,Trace 1,62,46.52975160535383
SUCCESS,Trace 1,62,41.22022116903633
SUCCESS,Trace 1,62,41.385592837369266
SUCCESS,Trace 1,62,43.51960512463299
SUCCESS,Trace 1,62,45.052225505495265
SUCCESS,Trace 1,62,44.320181070052975
SUCCESS,Trace 1,62,44.01932748607758
SUCCESS,Trace 1,62,44.71720579023456
SUCCESS,Trace 1,62,41.586265109997846
SUCCESS,Trace 1,62,44.0196103140135
SUCCESS,Trace 1,62,44.78536779630967
SUCCESS,Trace 1,62,44.353554502369704
SUCCESS,Trace 1,62,44.85324804240897
SUCCESS,Trace 1,62,42.98525482094979
SUCCESS,Trace 1,62,46.53599620332988
SUCCESS,Trace 1,62,43.95309226330722
SUCCESS,Trace 1,62,44.58626434607646
SUCCESS,Trace 1,62,45.45236033062029
SUCCESS,Trace 1,62,44.385598117656656
SUCCESS,Trace 1,62,44.686887835703025
SUCCESS,Trace 1,62,44.319873132460025
SUCCESS,Trace 1,62,44.452662550229356
SUCCESS,Trace 1,62,46.65293101273981
SUCCESS,Trace 1,62,45.7189322679726
SUCCESS,Trace 1,62,45.152617257651386
SUCCESS,Trace 1,62,44.8526229564268
SUCCESS,Trace 1,62,44.1193274862862
SUCCESS,Trace 1,62,48.01991658969591
SUCCESS,Trace 1,62,45.68537992757116
SUCCESS,Trace 1,62,45.2020400537114
SUCCESS,Trace 1,62,45.88688783570302
SUCCESS,Trace 1,62,44.78559811765667
SUCCESS,Trace 1,62,44.05258008767119
SUCCESS,Trace 1,62,43.78559893622353
SUCCESS,Trace 1,62,45.18626511101367
SUCCESS,Trace 1,62,47.602040145306574
SUCCESS,Trace 1,62,47.617903683175875
SUCCESS,Trace 1,62,43.551063161317515
SUCCESS,Trace 1,62,44.82022116903636
SUCCESS,Trace 1,62,46.1862650888547
SUCCESS,Trace 1,62,44.867825464062435
SUCCESS,Trace 1,62,44.55293177768032
FAIL,Trace 1,30,19.75355450236967
SUCCESS,Trace 1,62,45.22022116903635
SUCCESS,Trace 1,62,43.45266081962
SUCCESS,Trace 1,62,44.95293099774281
SUCCESS,Trace 1,62,45.752251432363266
SUCCESS,Trace 1,62,44.75120210941677
SUCCESS,Trace 1,62,44.88564956803009
SUCCESS,Trace 1,62,46.63479471156528
SUCCESS,Trace 1,62,46.085352740421044
SUCCESS,Trace 1,62,43.11991322195914
SUCCESS,Trace 1,62,44.820221169036365
SUCCESS,Trace 1,62,44.927622166241775
SUCCESS,Trace 1,62,43.81932748628671
SUCCESS,Trace 1,62,46.05350628468416
SUCCESS,Trace 1,62,45.185689279773946
SUCCESS,Trace 1,62,43.78688774209698
SUCCESS,Trace 1,62,43.35355450236973
SUCCESS,Trace 1,62,46.28626509895823
SUCCESS,Trace 1,62,42.75236146692954
SUCCESS,Trace 1,62,48.101368597079535
SUCCESS,Trace 1,62,44.75226560289303
SUCCESS,Trace 1,62,47.320169108908715
SUCCESS,Trace 1,62,44.31826162296086
SUCCESS,Trace 1,62,44.78559893536266
SUCCESS,Trace 1,62,45.08688783570301
SUCCESS,Trace 1,62,44.1529293772076
SUCCESS,Trace 1,62,43.91742283313819
SUCCESS,Trace 1,62,44.85111125460678
SUCCESS,Trace 1,62,45.48688783411506
SUCCESS,Trace 1,62,44.086841747860966
SUCCESS,Trace 1,62,45.35293177849413
SUCCESS,Trace 1,62,44.91893145075334
SUCCESS,Trace 1,62,45.318626271010686
SUCCESS,Trace 1,62,43.85293100980118
SUCCESS,Trace 1,62,44.35355450236973
SUCCESS,Trace 1,62,44.91893145096242
SUCCESS,Trace 1,62,45.719016644928274
SUCCESS,Trace 1,62,47.38447138862789
SUCCESS,Trace 1,62,44.820221169036365
SUCCESS,Trace 1,62,46.25226490751946
SUCCESS,Trace 1,62,44.25355450236551
SUCCESS,Trace 1,62,43.85045481687391
SUCCESS,Trace 1,62,46.02018105981969
SUCCESS,Trace 1,62,45.45355439871945
SUCCESS,Trace 1,62,45.35292649820592
SUCCESS,Trace 1,62,44.45293177849407
SUCCESS,Trace 1,62,44.686224154423144
SUCCESS,Trace 1,62,46.452025349444476
SUCCESS,Trace 1,62,44.40146623412836
SUCCESS,Trace 1,62,46.05230901146164
SUCCESS,Trace 1,62,43.35234964244223
SUCCESS,Trace 1,62,45.45203725096136
SUCCESS,Trace 1,62,44.985593623551864
SUCCESS,Trace 1,62,47.51853353808664
SUCCESS,Trace 1,62,42.95350070334629
SUCCESS,Trace 1,62,46.41774328383382
SUCCESS,Trace 1,62,45.186265112287145
SUCCESS,Trace 1,62,45.35355294734543
SUCCESS,Trace 1,62,45.367201825251186
SUCCESS,Trace 1,62,44.71987451706118
SUCCESS,Trace 1,62,46.15293100981207
SUCCESS,Trace 1,62,44.91893227004887
SUCCESS,Trace 1,62,46.41991130941634
SUCCESS,Trace 1,62,46.78559893595844
SUCCESS,Trace 1,62,46.11959767940649
SUCCESS,Trace 1,62,44.02022116903635
SUCCESS,Trace 1,62,44.552003989916955
SUCCESS,Trace 1,62,43.253554500781746
SUCCESS,Trace 1,62,43.68625559644536
SUCCESS,Trace 1,62,44.180890981926645
SUCCESS,Trace 1,62,44.10176918724691
SUCCESS,Trace 1,62,45.56812746873671
SUCCESS,Trace 1,62,46.516579955496844
FAIL,Trace 1,30,19.619285637648815
SUCCESS,Trace 1,62,48.017908963250456
SUCCESS,Trace 1,62,42.81959844434698
SUCCESS,Trace 1,62,42.48599415295334
SUCCESS,Trace 1,62,44.38496481664423
SUCCESS,Trace 1,62,45.035996183511884
SUCCESS,Trace 1,62,45.052051458672054
SUCCESS,Trace 1,62,43.619597676467876
SUCCESS,Trace 1,62,42.95324747484168
SUCCESS,Trace 1,62,46.28688783570303
SUCCESS,Trace 1,62,44.68688783570301
SUCCESS,Trace 1,62,45.28506157099839
SUCCESS,Trace 1,62,43.15293177768029
SUCCESS,Trace 1,62,44.28688783570304
SUCCESS,Trace 1,62,46.9849765453353
SUCCESS,Trace 1,62,44.55265884765936
SUCCESS,Trace 1,62,43.320221169036365
SUCCESS,Trace 1,62,45.35355380702369
SUCCESS,Trace 1,62,46.5359961117617
SUCCESS,Trace 1,62,43.620217637947505
SUCCESS,Trace 1,62,42.786540147050616
SUCCESS,Trace 1,62,47.91922131404522
SUCCESS,Trace 1,62,43.318307949087576
SUCCESS,Trace 1,62,44.65226478005979
SUCCESS,Trace 1,62,45.685596540282894
SUCCESS,Trace 1,62,42.78688783570303
SUCCESS,Trace 1,62,43.82022116903638
SUCCESS,Trace 1,62,46.65316747809217
SUCCESS,Trace 1,62,43.71866408741292
SUCCESS,Trace 1,62,45.2832692262095
SUCCESS,Trace 1,62,44.05265564767638
SUCCESS,Trace 1,62,45.14995210704746
SUCCESS,Trace 1,62,46.150802388896714
SUCCESS,Trace 1,62,45.21982732787379
SUCCESS,Trace 1,62,45.68684772698851
SUCCESS,Trace 1,62,46.952931777651614
SUCCESS,Trace 1,62,42.686887835703
SUCCESS,Trace 1,62,43.38688783570239
SUCCESS,Trace 1,62,44.82022116903635
SUCCESS,Trace 1,62,44.386886292157286
SUCCESS,Trace 1,62,41.22017762025974
SUCCESS,Trace 1,62,43.43271046219613
SUCCESS,Trace 1,62,42.8202211690363
SUCCESS,Trace 1,62,42.11901314316412
SUCCESS,Trace 1,62,45.48626501944796
SUCCESS,Trace 1,62,44.35106704696945
SUCCESS,Trace 1,62,47.017738719431335
SUCCESS,Trace 1,62,44.786882553622235
SUCCESS,Trace 1,62,44.820221169036365
SUCCESS,Trace 1,62,45.683053763003585
SUCCESS,Trace 1,62,42.286887835702984
SUCCESS,Trace 1,62,44.65164634073812
SUCCESS,Trace 1,62,46.05149142734531
SUCCESS,Trace 1,62,46.36803453674471
SUCCESS,Trace 1,62,42.752931776664575
SUCCESS,Trace 1,62,43.852263985299054
SUCCESS,Trace 1,62,45.88625983154008
SUCCESS,Trace 1,62,45.98495867863714
SUCCESS,Trace 1,62,44.9535545023697
SUCCESS,Trace 1,62,45.65355251535828
SUCCESS,Trace 1,62,43.71959307310269
SUCCESS,Trace 1,62,42.020172534004644
SUCCESS,Trace 1,62,43.91902382824317
SUCCESS,Trace 1,62,42.68563894699924
SUCCESS,Trace 1,62,41.886574609776645
SUCCESS,Trace 1,62,43.186844286926494
SUCCESS,Trace 1,62,45.95235593383432
SUCCESS,Trace 1,40,27.620221169036352
SUCCESS,Trace 1,62,43.48465893831471
SUCCESS,Trace 1,62,45.21890054723838
SUCCESS,Trace 1,62,45.71830942971487
SUCCESS,Trace 1,62,43.78599415295337
SUCCESS,Trace 1,62,44.819598444346504
SUCCESS,Trace 1,62,44.5675082568586
SUCCESS,Trace 1,62,46.651960296314996
SUCCESS,Trace 1,62,43.31959570624835
SUCCESS,Trace 1,62,43.253554502369695
SUCCESS,Trace 1,62,45.500806723781054
SUCCESS,Trace 1,62,45.11902461772996
SUCCESS,Trace 1,62,46.765728419551486
SUCCESS,Trace 1,62,45.3535545023697
SUCCESS,Trace 1,62,45.38679637322099
SUCCESS,Trace 1,62,42.52022116903633
SUCCESS,Trace 1,62,44.55355450236969
SUCCESS,Trace 1,62,45.78568398574744
SUCCESS,Trace 1,62,46.15262233930567
SUCCESS,Trace 1,62,43.86932798461035
SUCCESS,Trace 1,62,47.0183597918449
SUCCESS,Trace 1,62,44.28626511101367
SUCCESS,Trace 1,62,45.61959843310162
SUCCESS,Trace 1,62,46.234706485279425
SUCCESS,Trace 1,62,45.73329014788611
SUCCESS,Trace 1,62,42.785994152953364
SUCCESS,Trace 1,62,43.75167296102359
SUCCESS,Trace 1,62,47.90136905608134
SUCCESS,Trace 1,62,42.55106583787941
SUCCESS,Trace 1,62,45.75293177768327
SUCCESS,Trace 1,62,46.6868877304885
SUCCESS,Trace 1,62,46.73303174732604
SUCCESS,Trace 1,62,49.178871850571475
SUCCESS,Trace 1,62,43.48094287128712
SUCCESS,Trace 1,62,43.716710238447305
SUCCESS,Trace 1,62,42.88688703667877
SUCCESS,Trace 1,62,45.05293221954403
SUCCESS,Trace 1,62,48.40231749654368
SUCCESS,Trace 1,62,43.18688783570303
SUCCESS,Trace 1,62,44.15355450236969
SUCCESS,Trace 1,62,44.55261290409774
SUCCESS,Trace 1,62,44.25293177768034
SUCCESS,Trace 1,62,44.6523571521489
SUCCESS,Trace 1,62,44.58688783570304
SUCCESS,Trace 1,62,45.153160650918714
SUCCESS,Trace 1,62,41.886262593296316
SUCCESS,Trace 1,62,45.78559665914565
SUCCESS,Trace 1,62,42.686259805314954
SUCCESS,Trace 1,62,44.82021264302202
SUCCESS,Trace 1,62,45.586265111827444
SUCCESS,Trace 1,62,44.418716461820544
SUCCESS,Trace 1,62,45.88264948549429
SUCCESS,Trace 1,62,47.685643590784906
SUCCESS,Trace 1,62,44.93479627557304
SUCCESS,Trace 1,62,43.783393880575964
SUCCESS,Trace 1,62,43.28688783411118
SUCCESS,Trace 1,62,44.3505727180804
SUCCESS,Trace 1,62,44.686887835703025
SUCCESS,Trace 1,62,43.95134726867898
SUCCESS,Trace 1,62,45.56862146133857
SUCCESS,Trace 1,62,45.83439670517335
FAIL,Trace 1,22,13.886887835702987
FAIL,Trace 1,23,14.686887835702452
SUCCESS,Trace 1,62,46.02022106540978
SUCCESS,Trace 1,62,43.98599415295336
SUCCESS,Trace 1,62,42.42017585629838
SUCCESS,Trace 1,62,47.086887835702925
SUCCESS,Trace 1,62,47.40142073580307
SUCCESS,Trace 1,62,42.45288822890596
SUCCESS,Trace 1,62,44.185092734770336
SUCCESS,Trace 1,62,45.2859178644716
SUCCESS,Trace 1,62,44.684446168639575
SUCCESS,Trace 1,62,41.75355450236966
SUCCESS,Trace 1,62,45.88626509874204
SUCCESS,Trace 1,62,47.134705763563005
SUCCESS,Trace 1,62,44.867497900110386
SUCCESS,Trace 1,62,44.432756787697436
SUCCESS,Trace 1,62,44.21902261310729
SUCCESS,Trace 1,62,43.98595265775848
SUCCESS,Trace 1,62,44.28688782002339
SUCCESS,Trace 1,62,45.486887140357
SUCCESS,Trace 1,62,42.45226596894735
SUCCESS,Trace 1,62,44.785598117656654
SUCCESS,Trace 1,62,44.28536957555951
SUCCESS,Trace 1,62,45.21959844516079
SUCCESS,Trace 1,62,43.698204626313796
SUCCESS,Trace 1,62,43.18653936013228
SUCCESS,Trace 1,62,43.919022613107295
SUCCESS,Trace 1,62,46.66835272557854
SUCCESS,Trace 1,62,44.65226478744956
SUCCESS,Trace 1,62,44.919065305484864
SUCCESS,Trace 1,62,43.38564922258283
SUCCESS,Trace 1,62,46.750863339906466
SUCCESS,Trace 1,62,44.983332003420735
SUCCESS,Trace 1,62,47.12016771136199
SUCCESS,Trace 1,62,45.620221169036355
SUCCESS,Trace 1,62,45.08476009945005
SUCCESS,Trace 1,62,45.05226503329146
SUCCESS,Trace 1,62,45.65174045246031
SUCCESS,Trace 1,62,44.953554502369194
SUCCESS,Trace 1,62,42.319290228480064
SUCCESS,Trace 1,62,45.45031508673727
SUCCESS,Trace 1,62,46.119028340174786
SUCCESS,Trace 1,62,44.882675529174406
SUCCESS,Trace 1,62,44.38654446695163
SUCCESS,Trace 1,62,45.51790083435378
SUCCESS,Trace 1,62,43.95324655529247
SUCCESS,Trace 1,62,44.0853660587702
SUCCESS,Trace 1,62,43.75235786650144
SUCCESS,Trace 1,62,44.21923503222291
SUCCESS,Trace 1,62,44.820215888543466
SUCCESS,Trace 1,62,44.01932575544508
SUCCESS,Trace 1,62,45.28536077689849
SUCCESS,Trace 1,62,46.1353681059861
SUCCESS,Trace 1,62,44.11902453316021
SUCCESS,Trace 1,62,44.53310962098422
SUCCESS,Trace 1,62,45.35293177768032
SUCCESS,Trace 1,62,46.15293100980123
SUCCESS,Trace 1,62,46.68688782364463
SUCCESS,Trace 1,62,44.25354842329576
SUCCESS,Trace 1,62,46.45095641750436
SUCCESS,Trace 1,62,46.15210659448937
SUCCESS,Trace 1,62,44.153554502369715
SUCCESS,Trace 1,62,43.98400486554143
SUCCESS,Trace 1,62,44.418540501528
SUCCESS,Trace 1,62,43.08684214058903
SUCCESS,Trace 1,62,43.318696209515565
SUCCESS,Trace 1,62,43.82022116903639
SUCCESS,Trace 1,62,43.58688528505992
SUCCESS,Trace 1,62,45.20265758971282
SUCCESS,Trace 1,62,45.8512406658635
SUCCESS,Trace 1,62,45.55173356001542
SUCCESS,Trace 1,62,47.45325001300999
SUCCESS,Trace 1,62,43.9523559464694
SUCCESS,Trace 1,62,45.35355450236969
SUCCESS,Trace 1,62,45.251032226003595
SUCCESS,Trace 1,62,45.22022116903636
SUCCESS,Trace 1,62,42.786264343134576
SUCCESS,Trace 1,62,40.92022116903634
SUCCESS,Trace 1,62,42.38560001091312
SUCCESS,Trace 1,62,44.085685078369906
SUCCESS,Trace 1,62,45.22022116903635
SUCCESS,Trace 1,62,42.019876584113604
SUCCESS,Trace 1,62,44.31869939180119
SUCCESS,Trace 1,62,44.58688783570305
SUCCESS,Trace 1,62,44.618699392103515
SUCCESS,Trace 1,62,44.68626500637609
SUCCESS,Trace 1,62,45.486583332464065
SUCCESS,Trace 1,62,44.55293177768034
SUCCESS,Trace 1,62,45.31627466521015
SUCCESS,Trace 1,62,43.620176834567864
SUCCESS,Trace 1,62,46.90203916288495
SUCCESS,Trace 1,62,43.719607056687984
SUCCESS,Trace 1,62,42.42022116903628
SUCCESS,Trace 1,62,45.45324931922805
SUCCESS,Trace 1,45,31.452902486265423
SUCCESS,Trace 1,62,45.02022116903636
SUCCESS,Trace 1,62,47.201999957394044
SUCCESS,Trace 1,62,43.98688528624217
SUCCESS,Trace 1,62,44.68684773854831
SUCCESS,Trace 1,62,44.318397370184094
SUCCESS,Trace 1,62,44.28688783570303
SUCCESS,Trace 1,62,46.81750633486945
SUCCESS,Trace 1,62,45.21959844516079
SUCCESS,Trace 1,38,24.420221169036346
SUCCESS,Trace 1,62,45.28559252627294
SUCCESS,Trace 1,62,44.95355380702368
SUCCESS,Trace 1,62,43.418306238358326
SUCCESS,Trace 1,62,45.417153794228604
SUCCESS,Trace 1,62,43.853554502369725
SUCCESS,Trace 1,62,44.22022116903637
SUCCESS,Trace 1,62,43.25351242993942
SUCCESS,Trace 1,62,43.95261725768362
SUCCESS,Trace 1,62,44.68626511182666
SUCCESS,Trace 1,62,46.65293177768327
SUCCESS,Trace 1,62,46.11810498499058
SUCCESS,Trace 1,62,46.15262659535249
SUCCESS,Trace 1,62,45.785372356159215
SUCCESS,Trace 1,62,45.318932270048876
SUCCESS,Trace 1,62,46.93599550777472
SUCCESS,Trace 1,62,44.42022116903635
SUCCESS,Trace 1,62,44.08599415295336
SUCCESS,Trace 1,62,44.82016890998411
SUCCESS,Trace 1,62,42.586887835703045
SUCCESS,Trace 1,62,44.053554500754174
SUCCESS,Trace 1,62,46.61581698220743
SUCCESS,Trace 1,62,44.06843576234537
SUCCESS,Trace 1,62,43.88688783570305
SUCCESS,Trace 1,62,45.23479695949367
SUCCESS,Trace 1,62,44.1520389134877
SUCCESS,Trace 1,62,45.185066725007665
SUCCESS,Trace 1,62,41.2868818616845
SUCCESS,Trace 1,62,47.602040146120984
SUCCESS,Trace 1,62,45.28658708414968
SUCCESS,Trace 1,62,44.91929241144522
SUCCESS,Trace 1,62,44.652265602029324
SUCCESS,Trace 1,62,44.11991513772262
SUCCESS,Trace 1,62,45.96902739630056
SUCCESS,Trace 1,62,46.752890913993625
SUCCESS,Trace 1,62,44.119327486283055
SUCCESS,Trace 1,62,45.18688783570303
SUCCESS,Trace 1,62,45.08688255541928
SUCCESS,Trace 1,62,45.15084461055194
SUCCESS,Trace 1,62,44.020221169036375
SUCCESS,Trace 1,62,45.45355439874705
SUCCESS,Trace 1,62,47.086887833905955
SUCCESS,Trace 1,62,44.18568927977395
SUCCESS,Trace 1,62,44.16799329692021
SUCCESS,Trace 1,62,42.483648420070594
SUCCESS,Trace 1,62,44.42022116903635
SUCCESS,Trace 1,62,42.252660851362386
SUCCESS,Trace 1,62,44.186265111826955
SUCCESS,Trace 1,62,44.91682100759848
SUCCESS,Trace 1,62,46.15124229838088
SUCCESS,Trace 1,62,44.42022116903637
SUCCESS,Trace 1,62,45.949901256583914
SUCCESS,Trace 1,62,44.718690552148246
SUCCESS,Trace 1,62,43.43354879667318
SUCCESS,Trace 1,62,41.469329536663196
SUCCESS,Trace 1,62,46.08452347253031
SUCCESS,Trace 1,62,45.18688629056935
SUCCESS,Trace 1,62,44.035952654553356
SUCCESS,Trace 1,62,44.786265111013655
SUCCESS,Trace 1,62,45.08457563171422
SUCCESS,Trace 1,62,43.37928175114283
SUCCESS,Trace 1,62,45.51898223238715
SUCCESS,Trace 1,62,40.953554502369656
SUCCESS,Trace 1,62,45.05293177768334
SUCCESS,Trace 1,62,45.62022116903637
SUCCESS,Trace 1,62,44.15169116221121
SUCCESS,Trace 1,62,45.85293131396157
SUCCESS,Trace 1,62,43.585950188364436
SUCCESS,Trace 1,62,44.41932748628667
SUCCESS,Trace 1,62,44.65355441059583
SUCCESS,Trace 1,62,45.62022116903633
SUCCESS,Trace 1,62,44.481160751052656
SUCCESS,Trace 1,62,43.91959767647935
SUCCESS,Trace 1,62,43.551065457460155
SUCCESS,Trace 1,62,44.353554502369704
SUCCESS,Trace 1,62,46.052051367100695
SUCCESS,Trace 1,62,45.619598444346956
SUCCESS,Trace 1,62,41.05355450236965
SUCCESS,Trace 1,62,45.753554502369674
SUCCESS,Trace 1,62,44.88559811765666
SUCCESS,Trace 1,62,44.15355450236971
SUCCESS,Trace 1,62,45.51790161632892
SUCCESS,Trace 1,62,46.66701733267035
FAIL,Trace 1,29,19.820221169036337
SUCCESS,Trace 1,62,42.418353802236524
SUCCESS,Trace 1,62,43.152263985299044
SUCCESS,Trace 1,62,45.018399193890204
SUCCESS,Trace 1,62,42.68568828057919
SUCCESS,Trace 1,62,46.68625824565686
SUCCESS,Trace 1,62,44.25086221824671
SUCCESS,Trace 1,62,46.55355450236968
SUCCESS,Trace 1,62,44.22022116903638
SUCCESS,Trace 1,62,45.45226494172295
SUCCESS,Trace 1,62,43.952925020811755
SUCCESS,Trace 1,62,41.28559214178607
SUCCESS,Trace 1,62,44.7855989362272
SUCCESS,Trace 1,62,42.55355450236964
SUCCESS,Trace 1,62,45.66932424248911
SUCCESS,Trace 1,62,46.115970991807295
SUCCESS,Trace 1,62,45.986834429309766
SUCCESS,Trace 1,62,42.98439925026755
SUCCESS,Trace 1,62,42.81959767646787
SUCCESS,Trace 1,62,44.5189322695597
SUCCESS,Trace 1,62,42.699161469898044
SUCCESS,Trace 1,62,45.735372709184915
SUCCESS,Trace 1,62,41.25355450236969
SUCCESS,Trace 1,62,42.95226068859035
SUCCESS,Trace 1,62,45.48563907603909
SUCCESS,Trace 1,62,44.5189322695597
SUCCESS,Trace 1,62,44.020221169036375
SUCCESS,Trace 1,62,45.75293177768334
SUCCESS,Trace 1,62,44.95289168179917
SUCCESS,Trace 1,62,44.4856896579418
SUCCESS,Trace 1,62,45.18559940587254
SUCCESS,Trace 1,62,43.41657688690972
SUCCESS,Trace 1,62,48.002662070811176
SUCCESS,Trace 1,62,44.053553613707585
SUCCESS,Trace 1,62,44.11928796758942
SUCCESS,Trace 1,62,46.21871824276745
SUCCESS,Trace 1,62,44.35115879886537
SUCCESS,Trace 1,62,44.38559893536266
SUCCESS,Trace 1,62,44.28626511101367
SUCCESS,Trace 1,62,44.78538671419319
SUCCESS,Trace 1,62,44.61798696806343
SUCCESS,Trace 1,62,44.585956394974616
SUCCESS,Trace 1,62,46.951991202866914
SUCCESS,Trace 1,62,43.95293177849041
SUCCESS,Trace 1,62,44.95293177768031
SUCCESS,Trace 1,62,48.00204014504239
SUCCESS,Trace 1,62,46.28395212709883
SUCCESS,Trace 1,62,45.353553807023665
SUCCESS,Trace 1,62,45.49822489840765
SUCCESS,Trace 1,62,45.28595405579451
SUCCESS,Trace 1,62,45.486265111827464
SUCCESS,Trace 1,62,44.25266081962002
SUCCESS,Trace 1,62,44.38688783570303
SUCCESS,Trace 1,62,45.152262545437736
SUCCESS,Trace 1,62,46.02022116903632
SUCCESS,Trace 1,62,44.3868417478615
SUCCESS,Trace 1,62,42.65266058284623
SUCCESS,Trace 1,62,45.31889135383533
SUCCESS,Trace 1,62,44.886538062358696
SUCCESS,Trace 1,62,42.15355450236969
SUCCESS,Trace 1,62,47.61925299995715
SUCCESS,Trace 1,62,44.51928606886467
SUCCESS,Trace 1,62,46.11612500495533
SUCCESS,Trace 1,62,44.35142399125228
SUCCESS,Trace 1,62,44.76866671563248
SUCCESS,Trace 1,62,40.45293100797276
SUCCESS,Trace 1,62,45.98559940590729
SUCCESS,Trace 1,62,45.45226585089664
SUCCESS,Trace 1,62,41.918405627084766
SUCCESS,Trace 1,62,43.786881756388446
SUCCESS,Trace 1,62,45.31959767940649
SUCCESS,Trace 1,62,46.5189322693197
SUCCESS,Trace 1,62,44.450004392566576
SUCCESS,Trace 1,62,43.98599413906661
SUCCESS,Trace 1,62,47.185026368714375
SUCCESS,Trace 1,62,42.58626434313397
SUCCESS,Trace 1,62,44.318885004291396
SUCCESS,Trace 1,62,45.62021519181503
SUCCESS,Trace 1,62,41.81932748628668
SUCCESS,Trace 1,62,44.81959767646784
SUCCESS,Trace 1,62,45.58688783570301
SUCCESS,Trace 1,62,46.11893145100217
SUCCESS,Trace 1,62,45.71896146877176
SUCCESS,Trace 1,62,42.618697538637946
SUCCESS,Trace 1,62,44.61746428595153
SUCCESS,Trace 1,62,46.68626511182689
SUCCESS,Trace 1,62,43.81838024057891
SUCCESS,Trace 1,62,45.05226478744957
SUCCESS,Trace 1,62,45.48626511182665
SUCCESS,Trace 1,62,44.75265899454462
SUCCESS,Trace 1,62,42.716712525167154
SUCCESS,Trace 1,62,44.58599415271252
SUCCESS,Trace 1,62,48.53595609387976
SUCCESS,Trace 1,62,44.82022116903637
FAIL,Trace 1,26,17.086887835698825
SUCCESS,Trace 1,62,43.88374223446987
SUCCESS,Trace 1,62,40.39972717343929
SUCCESS,Trace 1,62,45.73537346785564
SUCCESS,Trace 1,62,44.01867614952859
SUCCESS,Trace 1,62,46.05199775324133
SUCCESS,Trace 1,62,45.21959844516079
SUCCESS,Trace 1,62,46.686887835702976
SUCCESS,Trace 1,62,46.752660819645484
SUCCESS,Trace 1,62,44.85266081962001
SUCCESS,Trace 1,62,45.41869937665969
SUCCESS,Trace 1,62,46.91843786658747
SUCCESS,Trace 1,62,43.753554502337956
SUCCESS,Trace 1,62,44.95266023369716
SUCCESS,Trace 1,62,45.88466018256686
SUCCESS,Trace 1,62,44.33084615269008
SUCCESS,Trace 1,62,45.418584693843286
SUCCESS,Trace 1,62,47.48626511101364
SUCCESS,Trace 1,62,44.75354716958945
SUCCESS,Trace 1,62,46.568127608449245
SUCCESS,Trace 1,62,44.318626963221945
SUCCESS,Trace 1,62,41.75355371545547
SUCCESS,Trace 1,62,44.9859223329536
SUCCESS,Trace 1,62,43.71839939516897
SUCCESS,Trace 1,62,44.05203272543687
SUCCESS,Trace 1,62,43.71932389755733
SUCCESS,Trace 1,62,45.75324931766402
SUCCESS,Trace 1,30,20.153554502369676
SUCCESS,Trace 1,62,45.20266286840864
SUCCESS,Trace 1,62,44.520179528335504
SUCCESS,Trace 1,62,43.986887835703044
SUCCESS,Trace 1,62,46.41959767940647
SUCCESS,Trace 1,62,45.83532662594711
SUCCESS,Trace 1,62,44.686265111013675
SUCCESS,Trace 1,59,38.5190245364995
SUCCESS,Trace 1,62,44.21801255304251
SUCCESS,Trace 1,62,43.853508414528186
SUCCESS,Trace 1,62,43.98688595746541
SUCCESS,Trace 1,62,47.886225012270586
SUCCESS,Trace 1,62,43.619288931546706
SUCCESS,Trace 1,62,46.25293101274312
SUCCESS,Trace 1,62,45.18688115136755
SUCCESS,Trace 1,62,43.986887035097
SUCCESS,Trace 1,62,45.08688783570303
SUCCESS,Trace 1,62,43.986847634921816
SUCCESS,Trace 1,62,43.986887835703065
SUCCESS,Trace 1,62,45.48653909175394
SUCCESS,Trace 1,62,43.151733117114105
SUCCESS,Trace 1,62,44.784311581147776
SUCCESS,Trace 1,62,45.88688783570302
SUCCESS,Trace 1,62,46.718878256642846
SUCCESS,Trace 1,62,45.901461668727904
SUCCESS,Trace 1,62,48.419557486129094
SUCCESS,Trace 1,62,45.62022116903635
SUCCESS,Trace 1,62,44.817604477279495
SUCCESS,Trace 1,62,45.2172862401521
SUCCESS,Trace 1,62,44.484095980246245
SUCCESS,Trace 1,62,44.55355450236968
SUCCESS,Trace 1,62,44.25266080756165
SUCCESS,Trace 1,62,44.0853660587702
SUCCESS,Trace 1,62,46.11871549175299
SUCCESS,Trace 1,62,43.720221050155004
SUCCESS,Trace 1,62,44.0202194162527
SUCCESS,Trace 1,62,42.218708595371986
SUCCESS,Trace 1,62,46.2443111346278
SUCCESS,Trace 1,62,44.085375262038674
SUCCESS,Trace 1,62,43.15320792757026
SUCCESS,Trace 1,62,44.95109601232027
SUCCESS,Trace 1,62,45.8195681603963
SUCCESS,Trace 1,62,44.75266081962002
SUCCESS,Trace 1,62,45.38688783570302
SUCCESS,Trace 1,62,45.086887835703024
SUCCESS,Trace 1,62,45.08626511080756
SUCCESS,Trace 1,62,44.167825363065596
SUCCESS,Trace 1,62,46.653553611828414
SUCCESS,Trace 1,33,23.152931778494096
SUCCESS,Trace 1,62,45.486265111016664
SUCCESS,Trace 1,62,41.08688783570298
SUCCESS,Trace 1,62,44.60266206938436
SUCCESS,Trace 1,62,44.485598829910536
SUCCESS,Trace 1,62,46.020221169036326
SUCCESS,Trace 1,62,43.719289728067146
SUCCESS,Trace 1,62,42.7850214412378
SUCCESS,Trace 1,62,44.88444026988446
SUCCESS,Trace 1,62,46.26928934773126
SUCCESS,Trace 1,62,45.552256788809494
SUCCESS,Trace 1,62,46.718624138120944
SUCCESS,Trace 1,62,42.28599598804034
SUCCESS,Trace 1,62,44.0838241447661
SUCCESS,Trace 1,62,45.55288485644108
SUCCESS,Trace 1,62,43.80261863652631
SUCCESS,Trace 1,62,45.753554500781746
SUCCESS,Trace 1,62,43.653547726702605
SUCCESS,Trace 1,62,47.05316055779002
SUCCESS,Trace 1,62,44.51831600175598
SUCCESS,Trace 1,62,45.832388999419486
SUCCESS,Trace 1,62,43.58417111298482
SUCCESS,Trace 1,62,46.68688783570301
SUCCESS,Trace 1,62,43.0190172607613
SUCCESS,Trace 1,62,47.39713281532188
SUCCESS,Trace 1,62,44.55355450078175
SUCCESS,Trace 1,62,43.98688783570304
SUCCESS,Trace 1,62,43.12021919588033
SUCCESS,Trace 1,62,45.68245022806773
SUCCESS,Trace 1,62,46.681956842461986
FAIL,Trace 1,21,13.220221169032158
SUCCESS,Trace 1,62,44.15355450236971
SUCCESS,Trace 1,62,43.85226132920943
SUCCESS,Trace 1,62,44.15355450236971
SUCCESS,Trace 1,62,44.48529316511857
SUCCESS,Trace 1,62,42.12021332570037
SUCCESS,Trace 1,62,45.186887835703025
SUCCESS,Trace 1,62,43.5202211690364
FAIL,Trace 1,22,13.886887835702987
SUCCESS,Trace 1,62,42.95355450236969
SUCCESS,Trace 1,62,44.87857660184274
SUCCESS,Trace 1,62,43.55355450236907
SUCCESS,Trace 1,62,44.719018411679336
SUCCESS,Trace 1,34,22.686887835703004
SUCCESS,Trace 1,62,45.0522647843233
SUCCESS,Trace 1,62,45.35324992303342
SUCCESS,Trace 1,62,45.05231404157296
SUCCESS,Trace 1,62,44.55057524490878
SUCCESS,Trace 1,62,45.35355450236969
SUCCESS,Trace 1,62,43.08568745714523
SUCCESS,Trace 1,62,46.4020393774395
SUCCESS,Trace 1,62,45.068037372363236
SUCCESS,Trace 1,62,46.53305598207603
SUCCESS,Trace 1,62,44.42022116744841
SUCCESS,Trace 1,62,43.952263284508206
SUCCESS,Trace 1,62,43.75265906978183
SUCCESS,Trace 1,62,42.15288885679902
SUCCESS,Trace 1,62,46.153514405005915
SUCCESS,Trace 1,62,43.95293100980122
SUCCESS,Trace 1,62,46.68684235461047
SUCCESS,Trace 1,62,45.420221051735815
SUCCESS,Trace 1,62,44.653553806995674
SUCCESS,Trace 1,62,43.753554502369724
SUCCESS,Trace 1,62,44.95288640024496
FAIL,Trace 1,27,18.22022116903634
FAIL,Trace 1,20,12.05309208492623
SUCCESS,Trace 1,62,43.952925020807584
SUCCESS,Trace 1,62,44.552265602894366
SUCCESS,Trace 1,62,44.78475112035639
SUCCESS,Trace 1,62,46.15355450236969
SUCCESS,Trace 1,62,44.15355450236969
SUCCESS,Trace 1,62,41.48688783570299
SUCCESS,Trace 1,62,44.22022047369036
SUCCESS,Trace 1,62,45.45197246751205
SUCCESS,Trace 1,62,44.686887835703025
SUCCESS,Trace 1,62,43.61959059482707
SUCCESS,Trace 1,62,43.852027446477265
SUCCESS,Trace 1,62,46.68626511101365
SUCCESS,Trace 1,62,45.05293177849411
SUCCESS,Trace 1,32,21.886887835703007
SUCCESS,Trace 1,62,44.885993911634074
SUCCESS,Trace 1,62,43.752931009801195
SUCCESS,Trace 1,62,41.65262450728892
SUCCESS,Trace 1,62,43.053554502369664
SUCCESS,Trace 1,62,45.68319518355599
SUCCESS,Trace 1,62,43.72022116903636
SUCCESS,Trace 1,62,45.56803981861684
SUCCESS,Trace 1,62,44.020221169036375
SUCCESS,Trace 1,62,46.01959844434998
SUCCESS,Trace 1,62,44.75226560202933
SUCCESS,Trace 1,62,45.05293177768029
FAIL,Trace 1,10,5.486264310212304
SUCCESS,Trace 1,62,44.519537423066936
SUCCESS,Trace 1,62,45.75355450236968
SUCCESS,Trace 1,62,46.467807759695106
SUCCESS,Trace 1,62,44.71902453316812
SUCCESS,Trace 1,62,43.01898811472595
SUCCESS,Trace 1,62,44.68688783570304
SUCCESS,Trace 1,62,44.152931009801215
SUCCESS,Trace 1,62,45.88688255539174
SUCCESS,Trace 1,62,44.918932268699194
SUCCESS,Trace 1,62,47.18529284276478
SUCCESS,Trace 1,62,42.798751339699315
SUCCESS,Trace 1,62,44.74968042429342
SUCCESS,Trace 1,62,47.21955758063965
SUCCESS,Trace 1,62,47.45350912361335
SUCCESS,Trace 1,62,42.48231442345419
SUCCESS,Trace 1,62,45.317902190772045
SUCCESS,Trace 1,62,44.152931778494164
SUCCESS,Trace 1,62,46.4179089650475
SUCCESS,Trace 1,62,46.067807759729746
SUCCESS,Trace 1,62,43.48568999288719
SUCCESS,Trace 1,62,44.820221169036365
SUCCESS,Trace 1,62,49.15191928838514
SUCCESS,Trace 1,62,45.88626511101668
SUCCESS,Trace 1,62,44.95355449031131
SUCCESS,Trace 1,62,44.78688783570301
SUCCESS,Trace 1,62,45.486887140353375
SUCCESS,Trace 1,62,45.61790896504757
SUCCESS,Trace 1,62,46.252053817804935
SUCCESS,Trace 1,62,46.552627290513236
SUCCESS,Trace 1,62,44.086533830078764
SUCCESS,Trace 1,62,46.286265111827426
SUCCESS,Trace 1,62,43.95324655529247
SUCCESS,Trace 1,62,41.6532067998621
SUCCESS,Trace 1,62,45.38523524540049
SUCCESS,Trace 1,62,40.8522656020293
SUCCESS,Trace 1,62,45.65231057986122
SUCCESS,Trace 1,62,43.051460441907345
SUCCESS,Trace 1,62,44.42022116744842
SUCCESS,Trace 1,62,44.3843565704819
SUCCESS,Trace 1,62,43.68688783570249
SUCCESS,Trace 1,62,44.35075417954525
SUCCESS,Trace 1,62,43.919022613107295
SUCCESS,Trace 1,62,42.020221169036326
SUCCESS,Trace 1,62,46.41892698682751
SUCCESS,Trace 1,62,45.28292729890026
SUCCESS,Trace 1,62,44.91901925126096
SUCCESS,Trace 1,62,46.553553806810854
SUCCESS,Trace 1,62,44.78569163890636
SUCCESS,Trace 1,62,46.084352154711176
SUCCESS,Trace 1,62,45.685599288604145
SUCCESS,Trace 1,62,44.82018113943918
SUCCESS,Trace 1,62,47.08688714014787
SUCCESS,Trace 1,62,45.46440063932604
SUCCESS,Trace 1,62,44.085691199826876
SUCCESS,Trace 1,62,45.486887835703016
SUCCESS,Trace 1,62,45.08688783570292
SUCCESS,Trace 1,62,45.22022116903636
SUCCESS,Trace 1,62,40.85235174503652
SUCCESS,Trace 1,62,46.48440855606351
SUCCESS,Trace 1,62,44.85031085765197
