Status,Trace,Trace Length,Estimated Value
SUCCESS,Trace 1,62,20.176365486829447
SUCCESS,Trace 1,62,21.077817613739647
SUCCESS,Trace 1,62,21.39489250545044
SUCCESS,Trace 1,62,20.176365480670952
SUCCESS,Trace 1,62,20.42226711503833
SUCCESS,Trace 1,62,21.651774961434445
SUCCESS,Trace 1,62,21.15997193196939
SUCCESS,Trace 1,62,20.66816866862468
SUCCESS,Trace 1,62,20.176365513913346
SUCCESS,Trace 1,62,21.651775331481385
SUCCESS,Trace 1,62,20.42226716102911
SUCCESS,Trace 1,62,21.487840790836103
SUCCESS,Trace 1,62,20.749948909921937
SUCCESS,Trace 1,62,20.25833273085569
SUCCESS,Trace 1,62,21.968662965376026
SUCCESS,Trace 1,62,21.6517754548454
SUCCESS,Trace 1,62,20.41146987708334
SUCCESS,Trace 1,62,21.078004823722747
SUCCESS,Trace 1,62,21.07800427070272
SUCCESS,Trace 1,62,21.72294521790164
SUCCESS,Trace 1,62,20.91407037172161
SUCCESS,Trace 1,62,20.750135984577117
SUCCESS,Trace 1,62,20.258332712743723
SUCCESS,Trace 1,62,21.323906066745625
SUCCESS,Trace 1,62,22.225358670793387
SUCCESS,Trace 1,62,20.914070395623895
SUCCESS,Trace 1,62,21.3224817722468
SUCCESS,Trace 1,62,21.569807969379518
SUCCESS,Trace 1,62,21.979644026893634
SUCCESS,Trace 1,62,20.668144092896732
SUCCESS,Trace 1,62,20.996037569696806
SUCCESS,Trace 1,62,20.586014392620566
SUCCESS,Trace 1,62,20.09439825315368
SUCCESS,Trace 1,62,21.135142158306667
SUCCESS,Trace 1,62,20.504234288823486
SUCCESS,Trace 1,62,20.422267125740305
SUCCESS,Trace 1,62,20.491831638321987
SUCCESS,Trace 1,62,20.99603762552627
SUCCESS,Trace 1,62,21.076580131207788
SUCCESS,Trace 1,62,20.83210312543517
SUCCESS,Trace 1,62,22.225517399534937
SUCCESS,Trace 1,62,20.340299876883737
SUCCESS,Trace 1,62,20.65737475130726
SUCCESS,Trace 1,24,21.347751772922017
SUCCESS,Trace 1,62,20.832103185780355
SUCCESS,Trace 1,62,20.2583327224748
SUCCESS,Trace 1,62,21.0657893104007
SUCCESS,Trace 1,62,20.99603768998852
SUCCESS,Trace 1,62,20.504234267062827
SUCCESS,Trace 1,62,20.75013595547971
SUCCESS,Trace 1,62,21.15997194564545
SUCCESS,Trace 1,62,20.42226663666252
SUCCESS,Trace 1,62,21.569807998469617
SUCCESS,Trace 1,62,20.586198306572257
SUCCESS,Trace 1,62,21.97964429347107
SUCCESS,Trace 1,62,20.258332690749032
SUCCESS,Trace 1,62,22.143578538697763
SUCCESS,Trace 1,62,20.832103243443772
SUCCESS,Trace 1,62,20.74871456476911
SUCCESS,Trace 1,62,20.176365453688824
SUCCESS,Trace 1,62,22.061611379273614
SUCCESS,Trace 1,62,21.487840886970055
SUCCESS,Trace 1,62,20.176365453688824
SUCCESS,Trace 1,62,21.40587365899593
SUCCESS,Trace 1,62,20.58620151334999
SUCCESS,Trace 1,62,22.553227573144632
SUCCESS,Trace 1,62,20.422267152059913
SUCCESS,Trace 1,14,21.230639111258604
SUCCESS,Trace 1,62,20.09439827374649
SUCCESS,Trace 1,62,21.15997209451111
SUCCESS,Trace 1,33,20.187446689070224
SUCCESS,Trace 1,62,21.815709719319052
SUCCESS,Trace 1,62,20.176365472474952
SUCCESS,Trace 1,62,21.159971989271753
SUCCESS,Trace 1,62,20.25833270588859
SUCCESS,Trace 1,62,20.586201548578718
SUCCESS,Trace 1,62,20.176365486861236
SUCCESS,Trace 1,62,21.159968767009797
SUCCESS,Trace 1,62,21.405870398438697
SUCCESS,Trace 1,62,20.50423438717791
SUCCESS,Trace 1,62,20.748308605151646
SUCCESS,Trace 1,62,21.078004829825375
SUCCESS,Trace 1,62,21.487840931702973
SUCCESS,Trace 1,62,21.323906421655533
SUCCESS,Trace 1,62,20.668168760487646
SUCCESS,Trace 1,62,21.322460472099227
SUCCESS,Trace 1,62,20.586201481254818
SUCCESS,Trace 1,62,20.914045703307142
SUCCESS,Trace 1,62,22.225521135971398
SUCCESS,Trace 1,62,20.34029991250973
SUCCESS,Trace 1,62,21.569808104847002
SUCCESS,Trace 1,62,21.159968727924785
SUCCESS,Trace 1,62,20.83210322065126
SUCCESS,Trace 1,62,21.159972033647843
SUCCESS,Trace 1,62,20.668168851143218
SUCCESS,Trace 1,62,20.668168270607893
SUCCESS,Trace 1,62,20.99603753878351
SUCCESS,Trace 1,62,20.58620155243501
SUCCESS,Trace 1,62,21.48784084788504
SUCCESS,Trace 1,62,20.667981632420275
SUCCESS,Trace 1,62,20.258332744973604
SUCCESS,Trace 1,62,20.99603760878182
SUCCESS,Trace 1,62,20.668168802099274
SUCCESS,Trace 1,62,20.504234312900877
SUCCESS,Trace 1,62,20.176365491307717
SUCCESS,Trace 1,62,21.149177903034648
SUCCESS,Trace 1,62,21.240517848175163
SUCCESS,Trace 1,62,20.83210312638158
SUCCESS,Trace 1,62,20.832103187468586
SUCCESS,Trace 1,62,20.258332666376468
SUCCESS,Trace 1,62,20.411473063171886
SUCCESS,Trace 1,30,20.034423941632618
SUCCESS,Trace 1,62,20.50423433150472
SUCCESS,Trace 1,62,20.258332719917806
SUCCESS,Trace 1,62,20.25833268338979
SUCCESS,Trace 1,62,21.73374235681556
SUCCESS,Trace 1,62,20.50423438576265
SUCCESS,Trace 1,62,20.996037678884726
SUCCESS,Trace 1,62,21.40405324938849
SUCCESS,Trace 1,62,21.651775333421725
SUCCESS,Trace 1,62,21.241939185095614
SUCCESS,Trace 1,62,21.73210924352286
SUCCESS,Trace 1,62,21.897461985470933
SUCCESS,Trace 1,62,20.832103199307202
SUCCESS,Trace 1,62,20.832103119521843
SUCCESS,Trace 1,62,22.389480115871265
SUCCESS,Trace 1,62,21.07800479795112
SUCCESS,Trace 1,62,21.487840927966776
SUCCESS,Trace 1,62,20.422267120015217
SUCCESS,Trace 1,62,21.241939286710803
SUCCESS,Trace 1,62,20.50423433312994
SUCCESS,Trace 1,62,20.58477677154166
SUCCESS,Trace 1,62,21.815677584118042
SUCCESS,Trace 1,62,21.323906538860385
SUCCESS,Trace 1,62,20.258332655745548
SUCCESS,Trace 1,62,20.668168756491482
SUCCESS,Trace 1,62,20.58620153448188
SUCCESS,Trace 1,62,20.99603764861826
SUCCESS,Trace 1,33,20.748446732635273
SUCCESS,Trace 1,38,20.8313052074571
SUCCESS,Trace 1,62,20.750132335113054
SUCCESS,Trace 1,62,20.09439828632609
SUCCESS,Trace 1,62,20.504234357632914
SUCCESS,Trace 1,62,21.487840937616415
SUCCESS,Trace 1,62,20.91407032521424
SUCCESS,Trace 1,62,22.79931301366552
SUCCESS,Trace 1,62,20.750135945492104
SUCCESS,Trace 1,62,21.241939250778227
SUCCESS,Trace 1,62,20.2583327199178
SUCCESS,Trace 1,25,21.281595528125763
SUCCESS,Trace 1,62,21.405686453153553
SUCCESS,Trace 1,62,20.422267118208687
SUCCESS,Trace 1,62,20.91407042143051
SUCCESS,Trace 1,62,20.994612913177637
SUCCESS,Trace 1,62,21.078004775452317
SUCCESS,Trace 1,62,20.42226715015095
SUCCESS,Trace 1,62,20.50423430614784
SUCCESS,Trace 1,62,22.22554582413351
SUCCESS,Trace 1,62,20.74871442775309
SUCCESS,Trace 1,62,21.40445222892974
SUCCESS,Trace 1,62,20.994616119067256
SUCCESS,Trace 1,62,20.668168770376187
SUCCESS,Trace 1,62,20.422263927147036
SUCCESS,Trace 1,62,21.241939302350655
SUCCESS,Trace 1,62,20.996037545751353
SUCCESS,Trace 1,62,20.258332718468147
SUCCESS,Trace 1,62,21.65177531369985
SUCCESS,Trace 1,62,20.996037688363266
SUCCESS,Trace 1,62,21.393442650934055
SUCCESS,Trace 1,62,21.979644118960067
SUCCESS,Trace 1,62,21.814072633586772
SUCCESS,Trace 1,62,21.40587365911459
SUCCESS,Trace 1,62,20.420845681802906
SUCCESS,Trace 1,62,22.224124415976103
SUCCESS,Trace 1,62,21.651775271561657
SUCCESS,Trace 1,62,20.832103149336398
SUCCESS,Trace 1,62,20.176365491700707
SUCCESS,Trace 1,62,20.832074821972455
SUCCESS,Trace 1,62,20.99603761294666
SUCCESS,Trace 1,25,20.773262441144684
SUCCESS,Trace 1,62,21.323906447884134
SUCCESS,Trace 1,62,20.75013594754628
SUCCESS,Trace 1,62,22.610520286060034
SUCCESS,Trace 1,62,21.067210729004906
SUCCESS,Trace 1,62,21.323906515465406
SUCCESS,Trace 1,62,20.996037623921378
SUCCESS,Trace 1,62,20.586201552344736
SUCCESS,Trace 1,62,20.8321032052587
SUCCESS,Trace 1,62,20.176365480670952
SUCCESS,Trace 1,62,20.25832945111865
SUCCESS,Trace 1,62,21.651775318032197
SUCCESS,Trace 1,62,20.422267079306927
SUCCESS,Trace 1,62,20.258332690749032
SUCCESS,Trace 1,62,22.13136319159152
SUCCESS,Trace 1,62,21.40587380332245
SUCCESS,Trace 1,62,20.504234442318165
SUCCESS,Trace 1,62,22.225545846414335
SUCCESS,Trace 1,62,20.50423432273405
SUCCESS,Trace 1,62,20.58620151335
SUCCESS,Trace 1,62,21.323906467704415
SUCCESS,Trace 1,62,21.147569281155945
SUCCESS,Trace 1,62,20.340299879918334
SUCCESS,Trace 1,62,21.159968847238837
SUCCESS,Trace 1,62,21.651775289754397
SUCCESS,Trace 1,62,20.422267115490257
SUCCESS,Trace 1,62,22.14357864734878
SUCCESS,Trace 1,62,20.75013592847162
SUCCESS,Trace 1,62,21.078004782811558
SUCCESS,Trace 1,62,20.586201503627727
SUCCESS,Trace 1,62,21.323906542440497
SUCCESS,Trace 1,62,20.50423429687924
SUCCESS,Trace 1,62,22.71734896997329
SUCCESS,Trace 1,62,20.17636550686217
SUCCESS,Trace 1,62,20.09439824940288
SUCCESS,Trace 1,62,20.586201591631475
SUCCESS,Trace 1,62,22.14336289734137
SUCCESS,Trace 1,62,21.14898758296695
SUCCESS,Trace 1,62,21.47704683366369
SUCCESS,Trace 1,62,20.504234329682806
SUCCESS,Trace 1,62,22.061611379036332
SUCCESS,Trace 1,62,20.176365489061155
SUCCESS,Trace 1,62,21.24172408816637
SUCCESS,Trace 1,62,21.967403707129968
SUCCESS,Trace 1,62,20.34029991309075
SUCCESS,Trace 1,62,21.078004752718716
SUCCESS,Trace 1,62,20.83210315860686
SUCCESS,Trace 1,62,22.214751882601
SUCCESS,Trace 1,62,21.3239064323851
SUCCESS,Trace 1,62,21.569808026593638
SUCCESS,Trace 1,62,20.422267176796886
SUCCESS,Trace 1,62,20.7501360612493
SUCCESS,Trace 1,62,20.42226720256885
SUCCESS,Trace 1,62,20.09439827374648
SUCCESS,Trace 1,62,20.504046722031042
SUCCESS,Trace 1,62,20.094398263390026
SUCCESS,Trace 1,62,20.91406703435595
SUCCESS,Trace 1,62,22.715927517134844
SUCCESS,Trace 1,62,20.99603763448491
SUCCESS,Trace 1,62,20.832103209797843
SUCCESS,Trace 1,62,21.241939176308726
SUCCESS,Trace 1,58,20.982426224825783
SUCCESS,Trace 1,62,20.832103128249905
SUCCESS,Trace 1,62,20.914070388377795
SUCCESS,Trace 1,62,21.405849105021993
SUCCESS,Trace 1,62,20.340299897301954
SUCCESS,Trace 1,62,21.07800165630818
SUCCESS,Trace 1,33,22.992446664555843
SUCCESS,Trace 1,62,20.83210315860686
SUCCESS,Trace 1,62,23.78273564855122
SUCCESS,Trace 1,62,21.078004852974065
SUCCESS,Trace 1,62,23.195084376621235
SUCCESS,Trace 1,62,20.83210308043683
SUCCESS,Trace 1,62,20.914067264862386
SUCCESS,Trace 1,62,21.651588127264723
SUCCESS,Trace 1,62,20.83207867457059
SUCCESS,Trace 1,62,20.34027528295554
SUCCESS,Trace 1,62,20.258332654197712
SUCCESS,Trace 1,62,21.731889916618385
SUCCESS,Trace 1,62,20.586201509564177
SUCCESS,Trace 1,62,20.25833264462206
SUCCESS,Trace 1,62,20.668168810794345
SUCCESS,Trace 1,62,20.422267122198903
SUCCESS,Trace 1,62,21.979456846845036
SUCCESS,Trace 1,62,21.897465019864434
SUCCESS,Trace 1,62,21.6409812598932
SUCCESS,Trace 1,62,21.81570970879301
SUCCESS,Trace 1,62,20.58620156102238
SUCCESS,Trace 1,62,21.078001570498884
SUCCESS,Trace 1,62,20.340299899860145
SUCCESS,Trace 1,62,20.504234267062827
SUCCESS,Trace 1,62,20.42207992632714
SUCCESS,Trace 1,62,20.58620150291351
SUCCESS,Trace 1,62,21.73374261876638
SUCCESS,Trace 1,62,21.159972074978242
SUCCESS,Trace 1,62,22.225545724420616
SUCCESS,Trace 1,62,20.668168711549104
SUCCESS,Trace 1,62,20.340299932950785
SUCCESS,Trace 1,62,22.55322753405962
SUCCESS,Trace 1,62,21.24193914866655
SUCCESS,Trace 1,62,20.821309074521086
SUCCESS,Trace 1,62,21.241939185095614
SUCCESS,Trace 1,62,20.586201500119394
SUCCESS,Trace 1,62,20.91407042530756
SUCCESS,Trace 1,62,20.75013598690567
SUCCESS,Trace 1,62,20.832103234216923
SUCCESS,Trace 1,62,22.296718988754822
SUCCESS,Trace 1,62,22.30608838503478
SUCCESS,Trace 1,62,21.323906375058588
SUCCESS,Trace 1,62,20.586201480177582
SUCCESS,Trace 1,62,21.487840976457143
SUCCESS,Trace 1,62,20.739341840730074
SUCCESS,Trace 1,62,20.42226715606355
SUCCESS,Trace 1,30,22.302010182676643
SUCCESS,Trace 1,62,20.832103197691872
SUCCESS,Trace 1,62,20.66816872602749
SUCCESS,Trace 1,62,20.668168759359478
SUCCESS,Trace 1,62,22.06161137093862
SUCCESS,Trace 1,62,20.584755398942015
SUCCESS,Trace 1,62,20.667956946841027
SUCCESS,Trace 1,62,21.72294509027228
SUCCESS,Trace 1,62,21.40587365159415
SUCCESS,Trace 1,62,21.078004828496486
SUCCESS,Trace 1,62,20.586201480177582
SUCCESS,Trace 1,62,21.883852875670385
SUCCESS,Trace 1,62,20.176365447338966
SUCCESS,Trace 1,62,22.06161137148558
SUCCESS,Trace 1,62,21.0780047869764
SUCCESS,Trace 1,62,20.422267113698208
SUCCESS,Trace 1,62,20.09439825716028
SUCCESS,Trace 1,62,21.487840965638508
SUCCESS,Trace 1,62,20.258332680314954
SUCCESS,Trace 1,62,22.624584558957036
SUCCESS,Trace 1,62,20.586201556670083
SUCCESS,Trace 1,62,22.143578057919342
SUCCESS,Trace 1,62,21.323906449749334
SUCCESS,Trace 1,62,20.58620154462144
SUCCESS,Trace 1,62,20.750135945492104
SUCCESS,Trace 1,62,20.34030001259713
SUCCESS,Trace 1,62,20.668168827801356
SUCCESS,Trace 1,62,21.487840864687872
SUCCESS,Trace 1,62,20.99603766300639
SUCCESS,Trace 1,62,20.340299889849874
SUCCESS,Trace 1,62,20.914070395166775
SUCCESS,Trace 1,62,20.66816875231916
SUCCESS,Trace 1,62,21.323718925370365
SUCCESS,Trace 1,62,20.258332726958116
SUCCESS,Trace 1,62,20.66816874896356
SUCCESS,Trace 1,62,20.66816875231916
SUCCESS,Trace 1,62,21.24193557371932
SUCCESS,Trace 1,62,22.471447288400473
SUCCESS,Trace 1,62,20.586201480177582
SUCCESS,Trace 1,62,21.487840653842692
SUCCESS,Trace 1,62,20.586201604099628
SUCCESS,Trace 1,62,21.323906499429036
SUCCESS,Trace 1,62,21.323881813737213
SUCCESS,Trace 1,62,20.996037597402182
SUCCESS,Trace 1,62,20.914067229281216
SUCCESS,Trace 1,62,20.996037585782723
SUCCESS,Trace 1,62,20.504209631394733
SUCCESS,Trace 1,62,22.307512586588235
SUCCESS,Trace 1,62,20.41147301787699
SUCCESS,Trace 1,62,21.569808110989293
SUCCESS,Trace 1,62,20.422263841196305
SUCCESS,Trace 1,62,21.159971920020006
SUCCESS,Trace 1,62,21.241939317067864
SUCCESS,Trace 1,62,22.96300720519963
SUCCESS,Trace 1,62,21.56980794740296
SUCCESS,Trace 1,62,21.979618979195024
SUCCESS,Trace 1,62,20.91407037238537
SUCCESS,Trace 1,62,20.99603765747214
SUCCESS,Trace 1,62,20.985056440237923
SUCCESS,Trace 1,62,21.48762898572377
SUCCESS,Trace 1,62,21.405873521045173
SUCCESS,Trace 1,62,20.66816879598952
SUCCESS,Trace 1,62,21.56961757628644
SUCCESS,Trace 1,62,21.815709662641762
SUCCESS,Trace 1,62,21.405873598777333
SUCCESS,Trace 1,62,22.553414516761656
SUCCESS,Trace 1,62,20.91407040282455
SUCCESS,Trace 1,62,20.34029990908415
SUCCESS,Trace 1,62,21.323906448834894
SUCCESS,Trace 1,62,21.300896995678684
SUCCESS,Trace 1,62,20.165571400891558
SUCCESS,Trace 1,62,21.313112333565897
SUCCESS,Trace 1,62,21.65032905237644
SUCCESS,Trace 1,30,21.515527375013804
SUCCESS,Trace 1,62,22.551993229350106
SUCCESS,Trace 1,62,20.258332707335235
SUCCESS,Trace 1,62,20.09439824680382
SUCCESS,Trace 1,62,21.487840820453876
SUCCESS,Trace 1,62,20.73934196379955
SUCCESS,Trace 1,62,20.83191596950504
SUCCESS,Trace 1,62,20.17636549725716
SUCCESS,Trace 1,62,20.996037642579914
SUCCESS,Trace 1,62,21.487840902609904
SUCCESS,Trace 1,62,20.504234345232852
SUCCESS,Trace 1,62,20.913883173295623
SUCCESS,Trace 1,62,20.422267133564745
SUCCESS,Trace 1,62,20.25833266680358
SUCCESS,Trace 1,62,22.389480222203424
SUCCESS,Trace 1,62,21.323906375288026
SUCCESS,Trace 1,62,20.094398237772076
SUCCESS,Trace 1,62,20.914070019956494
SUCCESS,Trace 1,62,21.640981220808186
SUCCESS,Trace 1,62,20.66816876324005
SUCCESS,Trace 1,62,20.422267085488244
SUCCESS,Trace 1,62,22.71710927045047
SUCCESS,Trace 1,62,20.996037606610578
SUCCESS,Trace 1,62,21.32390640684721
SUCCESS,Trace 1,62,22.061611370771633
SUCCESS,Trace 1,62,20.176365470275034
SUCCESS,Trace 1,62,20.586201535848804
SUCCESS,Trace 1,62,21.733742140709836
SUCCESS,Trace 1,62,20.996037511982774
SUCCESS,Trace 1,62,21.15855071959774
SUCCESS,Trace 1,62,21.89767693351175
SUCCESS,Trace 1,62,21.40445226624286
SUCCESS,Trace 1,62,21.97964405961858
SUCCESS,Trace 1,62,21.241939262073977
SUCCESS,Trace 1,62,21.15997200960883
SUCCESS,Trace 1,62,21.897676992127266
SUCCESS,Trace 1,62,20.094398237979686
SUCCESS,Trace 1,62,20.832103224656592
SUCCESS,Trace 1,62,20.586201519262595
SUCCESS,Trace 1,62,20.34029989214065
SUCCESS,Trace 1,62,20.176365465109974
SUCCESS,Trace 1,62,20.73770542949496
SUCCESS,Trace 1,62,21.815709715983907
SUCCESS,Trace 1,62,20.504234356001785
SUCCESS,Trace 1,62,20.99603764786497
SUCCESS,Trace 1,62,20.58620157220025
SUCCESS,Trace 1,62,21.979619531220752
SUCCESS,Trace 1,62,20.586198365956154
SUCCESS,Trace 1,62,20.586201519262595
SUCCESS,Trace 1,62,21.158550547015388
SUCCESS,Trace 1,62,21.487840902609904
SUCCESS,Trace 1,62,20.99603756095955
SUCCESS,Trace 1,62,22.55341467586629
SUCCESS,Trace 1,62,21.559010900834206
SUCCESS,Trace 1,62,20.340299915175887
SUCCESS,Trace 1,62,20.258332735194536
SUCCESS,Trace 1,62,21.24193604265473
SUCCESS,Trace 1,62,21.89767690117262
SUCCESS,Trace 1,62,20.668168771462362
SUCCESS,Trace 1,62,21.56980807739108
SUCCESS,Trace 1,62,20.75013601314202
SUCCESS,Trace 1,62,21.077976467916095
SUCCESS,Trace 1,62,21.241938841745522
SUCCESS,Trace 1,62,20.58620150124517
SUCCESS,Trace 1,62,20.91407036152944
SUCCESS,Trace 1,62,20.176365465109974
SUCCESS,Trace 1,62,22.143578637431947
SUCCESS,Trace 1,40,20.282007639224712
SUCCESS,Trace 1,62,20.668168656267763
SUCCESS,Trace 1,62,21.241752097192958
SUCCESS,Trace 1,62,21.241939191461338
SUCCESS,Trace 1,62,20.094398205800385
SUCCESS,Trace 1,62,20.586201504123036
SUCCESS,Trace 1,62,20.821309180301114
SUCCESS,Trace 1,62,21.733555266513807
SUCCESS,Trace 1,62,21.078004823879443
SUCCESS,Trace 1,62,20.176365482854642
SUCCESS,Trace 1,62,21.06721081056283
SUCCESS,Trace 1,62,21.569808074668728
SUCCESS,Trace 1,62,21.80349434536901
SUCCESS,Trace 1,62,20.914070332636598
SUCCESS,Trace 1,62,20.996013021189647
SUCCESS,Trace 1,62,21.3239063259113
SUCCESS,Trace 1,62,20.422267053948072
SUCCESS,Trace 1,62,21.733739326078773
SUCCESS,Trace 1,62,21.979619487811732
SUCCESS,Trace 1,62,20.165571407465727
SUCCESS,Trace 1,62,22.225521209554962
SUCCESS,Trace 1,62,20.258332690749032
SUCCESS,Trace 1,62,21.078004821396775
SUCCESS,Trace 1,62,21.47704693177553
SUCCESS,Trace 1,62,21.721527106309058
SUCCESS,Trace 1,62,20.258332677039927
SUCCESS,Trace 1,62,21.73374254803391
SUCCESS,Trace 1,62,22.95245343535792
SUCCESS,Trace 1,62,20.25833270984032
SUCCESS,Trace 1,62,21.24193935847181
SUCCESS,Trace 1,62,21.733742385614114
SUCCESS,Trace 1,62,21.803306966216205
SUCCESS,Trace 1,62,23.5121629241538
SUCCESS,Trace 1,62,21.546611380414223
SUCCESS,Trace 1,62,20.996037566045963
SUCCESS,Trace 1,62,20.094398274893752
SUCCESS,Trace 1,62,21.405873770937998
SUCCESS,Trace 1,62,22.788309894624305
SUCCESS,Trace 1,62,20.340299896504543
SUCCESS,Trace 1,62,20.176365453688824
SUCCESS,Trace 1,62,21.241910938983857
SUCCESS,Trace 1,62,20.25833270332853
SUCCESS,Trace 1,62,20.750135969651087
SUCCESS,Trace 1,62,20.586201574933817
SUCCESS,Trace 1,62,21.323906475263076
SUCCESS,Trace 1,62,20.91407026878432
SUCCESS,Trace 1,62,21.241695792006116
SUCCESS,Trace 1,62,20.34029995799073
SUCCESS,Trace 1,62,21.56980806155751
SUCCESS,Trace 1,62,21.078004833975893
SUCCESS,Trace 1,62,20.668168828639878
SUCCESS,Trace 1,62,21.732321084999857
SUCCESS,Trace 1,62,22.389264670089617
SUCCESS,Trace 1,62,21.067210663735693
SUCCESS,Trace 1,62,21.323906411289627
SUCCESS,Trace 1,62,20.176365486861236
SUCCESS,Trace 1,62,20.420821122386243
SUCCESS,Trace 1,62,20.504234267062827
SUCCESS,Trace 1,62,20.832078578412272
SUCCESS,Trace 1,62,21.149178047491993
SUCCESS,Trace 1,62,21.230954635738012
SUCCESS,Trace 1,22,21.854775945345562
SUCCESS,Trace 1,23,22.09083161570809
SUCCESS,Trace 1,62,21.32390643729538
SUCCESS,Trace 1,62,20.094398217638005
SUCCESS,Trace 1,62,20.668168636377896
SUCCESS,Trace 1,62,21.97964418129843
SUCCESS,Trace 1,62,22.62458793965779
SUCCESS,Trace 1,62,20.258332685232673
SUCCESS,Trace 1,62,21.979644010743556
SUCCESS,Trace 1,62,22.143578639119767
SUCCESS,Trace 1,62,21.487840881989
SUCCESS,Trace 1,62,21.159972050150888
SUCCESS,Trace 1,62,21.241939209041067
SUCCESS,Trace 1,62,22.050817399600817
SUCCESS,Trace 1,62,20.657184260034086
SUCCESS,Trace 1,62,21.22953660175685
SUCCESS,Trace 1,62,20.504234346837748
SUCCESS,Trace 1,62,21.405873579380916
SUCCESS,Trace 1,62,20.504234351970116
SUCCESS,Trace 1,62,20.996037389411303
SUCCESS,Trace 1,62,21.56980800815435
SUCCESS,Trace 1,62,20.58620146103438
SUCCESS,Trace 1,62,20.914070298012575
SUCCESS,Trace 1,62,20.832103221137032
SUCCESS,Trace 1,62,21.47541016300618
SUCCESS,Trace 1,62,20.176365489252007
SUCCESS,Trace 1,62,20.09439826868437
SUCCESS,Trace 1,62,21.804725218476722
SUCCESS,Trace 1,62,20.504234480507847
SUCCESS,Trace 1,62,20.668168598579623
SUCCESS,Trace 1,62,20.094398225268307
SUCCESS,Trace 1,62,21.815522381913098
SUCCESS,Trace 1,62,20.830681909086774
SUCCESS,Trace 1,62,23.045186490910794
SUCCESS,Trace 1,62,21.078004837036133
SUCCESS,Trace 1,62,21.159972113303233
SUCCESS,Trace 1,62,21.40587355643068
SUCCESS,Trace 1,62,21.15997211104842
SUCCESS,Trace 1,62,20.668168810547375
SUCCESS,Trace 1,62,21.40587366707485
SUCCESS,Trace 1,62,20.994429038067448
SUCCESS,Trace 1,62,21.405686525790113
SUCCESS,Trace 1,62,21.076582905258313
SUCCESS,Trace 1,62,20.996037553061434
SUCCESS,Trace 1,62,21.568383274837178
SUCCESS,Trace 1,62,20.09439823265871
SUCCESS,Trace 1,62,20.176365472474952
SUCCESS,Trace 1,62,20.422267068330992
SUCCESS,Trace 1,62,20.58620154438616
SUCCESS,Trace 1,62,20.58619843154657
SUCCESS,Trace 1,62,21.323906500695365
SUCCESS,Trace 1,62,20.914067185536677
SUCCESS,Trace 1,62,21.395076399938514
SUCCESS,Trace 1,62,20.258332648018957
SUCCESS,Trace 1,62,22.132594011575833
SUCCESS,Trace 1,62,20.91407035658205
SUCCESS,Trace 1,62,21.405873677392236
SUCCESS,Trace 1,62,21.733742502869152
SUCCESS,Trace 1,62,20.832103149989837
SUCCESS,Trace 1,62,22.71734909090659
SUCCESS,Trace 1,62,21.815706651531677
SUCCESS,Trace 1,62,20.586201651691965
SUCCESS,Trace 1,62,21.15997203860348
SUCCESS,Trace 1,62,21.40587368738167
SUCCESS,Trace 1,62,20.34029991384227
SUCCESS,Trace 1,62,20.422267103430073
SUCCESS,Trace 1,62,20.09439825716028
SUCCESS,Trace 1,62,21.65177471327203
SUCCESS,Trace 1,62,20.821305845604567
SUCCESS,Trace 1,62,21.240517751967868
SUCCESS,Trace 1,62,21.651775343636334
SUCCESS,Trace 1,62,22.225542392790988
SUCCESS,Trace 1,62,20.4222672154569
SUCCESS,Trace 1,62,20.91407037172161
SUCCESS,Trace 1,62,20.914070459368922
SUCCESS,Trace 1,62,20.83210315860686
SUCCESS,Trace 1,62,20.17636550312812
SUCCESS,Trace 1,62,20.586201479558685
SUCCESS,Trace 1,62,21.078004748391756
SUCCESS,Trace 1,62,20.422267115966854
SUCCESS,Trace 1,62,20.83210308043683
SUCCESS,Trace 1,62,21.323694557440085
SUCCESS,Trace 1,62,20.91407038457945
SUCCESS,Trace 1,62,20.75013596207831
SUCCESS,Trace 1,62,20.504234285848955
SUCCESS,Trace 1,62,22.3075130244205
SUCCESS,Trace 1,62,20.99585044579428
SUCCESS,Trace 1,62,20.42226711697853
SUCCESS,Trace 1,62,21.15855058350366
SUCCESS,Trace 1,62,20.094398283106777
SUCCESS,Trace 1,62,21.886882857432454
SUCCESS,Trace 1,62,21.07800480327855
SUCCESS,Trace 1,62,21.56980811572466
SUCCESS,Trace 1,62,20.99601300193767
SUCCESS,Trace 1,45,20.876324916123817
SUCCESS,Trace 1,62,20.83210319170902
SUCCESS,Trace 1,62,22.050792608098924
SUCCESS,Trace 1,62,21.56980800831109
SUCCESS,Trace 1,62,20.504209721674684
SUCCESS,Trace 1,62,20.75013592968663
SUCCESS,Trace 1,62,20.258332744973604
SUCCESS,Trace 1,62,22.797862923577107
SUCCESS,Trace 1,62,20.832103221137032
SUCCESS,Trace 1,38,21.12860251117397
SUCCESS,Trace 1,62,21.323906441685253
SUCCESS,Trace 1,62,20.66816834152722
SUCCESS,Trace 1,62,20.83210317924165
SUCCESS,Trace 1,62,21.323718844915796
SUCCESS,Trace 1,62,20.422267187789323
SUCCESS,Trace 1,62,20.422267109619295
SUCCESS,Trace 1,62,21.159947311391853
SUCCESS,Trace 1,62,20.17636547472151
SUCCESS,Trace 1,62,20.504234329593498
SUCCESS,Trace 1,62,21.73374248908936
SUCCESS,Trace 1,62,21.405686608826137
SUCCESS,Trace 1,62,21.405686222133106
SUCCESS,Trace 1,62,21.651774894006863
SUCCESS,Trace 1,62,20.914070357163755
SUCCESS,Trace 1,62,21.886882469302318
SUCCESS,Trace 1,62,20.34029984083332
SUCCESS,Trace 1,62,20.17636543075276
SUCCESS,Trace 1,62,23.045185784824557
SUCCESS,Trace 1,62,20.996037640507588
SUCCESS,Trace 1,62,20.504234330469373
SUCCESS,Trace 1,62,21.732320982806094
SUCCESS,Trace 1,62,20.411473017737013
SUCCESS,Trace 1,62,20.094398231344957
SUCCESS,Trace 1,62,20.90327616997033
SUCCESS,Trace 1,62,20.25833275091127
SUCCESS,Trace 1,62,20.83210274914796
SUCCESS,Trace 1,62,20.83210313493393
SUCCESS,Trace 1,62,22.29671894917138
SUCCESS,Trace 1,62,20.914070524220033
SUCCESS,Trace 1,62,20.66798170767305
SUCCESS,Trace 1,62,20.750136026522178
SUCCESS,Trace 1,62,20.17617828778401
SUCCESS,Trace 1,62,21.313111981090376
SUCCESS,Trace 1,62,21.897676946837592
SUCCESS,Trace 1,62,20.17636543075276
SUCCESS,Trace 1,62,20.83210321027148
SUCCESS,Trace 1,62,20.75013277960605
SUCCESS,Trace 1,62,21.32224153691984
SUCCESS,Trace 1,62,20.09439824057407
SUCCESS,Trace 1,62,20.996037636866305
SUCCESS,Trace 1,62,21.979644142213417
SUCCESS,Trace 1,62,20.258332694913875
SUCCESS,Trace 1,62,21.067210930985766
SUCCESS,Trace 1,62,21.158363418503292
SUCCESS,Trace 1,62,20.340299879918334
SUCCESS,Trace 1,62,20.340299870747312
SUCCESS,Trace 1,62,20.750136041194697
SUCCESS,Trace 1,62,21.897676891204128
SUCCESS,Trace 1,62,21.4044524020836
SUCCESS,Trace 1,62,20.42226712216711
SUCCESS,Trace 1,62,21.405661791324867
SUCCESS,Trace 1,62,21.89767264854708
SUCCESS,Trace 1,62,20.985243508655696
SUCCESS,Trace 1,62,20.985243515890154
SUCCESS,Trace 1,62,22.38805873634248
SUCCESS,Trace 1,62,20.83210317082917
SUCCESS,Trace 1,62,20.165571418662573
SUCCESS,Trace 1,62,20.586201555787657
SUCCESS,Trace 1,62,20.748714540825514
SUCCESS,Trace 1,62,21.955026024402358
SUCCESS,Trace 1,62,21.07800156206465
SUCCESS,Trace 1,62,20.66816873237735
SUCCESS,Trace 1,62,20.750135982015305
SUCCESS,Trace 1,62,21.078004758866108
SUCCESS,Trace 1,62,20.91385484755452
SUCCESS,Trace 1,62,21.651775344598807
SUCCESS,Trace 1,62,20.83210307542768
SUCCESS,Trace 1,62,20.422267061715257
SUCCESS,Trace 1,62,20.504234377682405
SUCCESS,Trace 1,62,21.078004758866108
SUCCESS,Trace 1,62,21.56795602192804
SUCCESS,Trace 1,62,20.504234388794146
SUCCESS,Trace 1,62,20.996037674426024
SUCCESS,Trace 1,62,20.34029992845871
SUCCESS,Trace 1,62,21.405686422223305
SUCCESS,Trace 1,62,21.078004782811558
SUCCESS,Trace 1,62,20.176365470275034
SUCCESS,Trace 1,62,21.159972011065875
SUCCESS,Trace 1,62,20.66816871922991
SUCCESS,Trace 1,62,20.176365453688824
SUCCESS,Trace 1,62,21.56838335180113
SUCCESS,Trace 1,62,21.72152702925635
SUCCESS,Trace 1,29,20.749939126627787
SUCCESS,Trace 1,62,20.750135994475517
SUCCESS,Trace 1,62,20.258332735194536
SUCCESS,Trace 1,62,20.996037284626706
SUCCESS,Trace 1,62,20.750135882549646
SUCCESS,Trace 1,62,21.73373834421793
SUCCESS,Trace 1,62,20.3402998469333
SUCCESS,Trace 1,62,21.65177544609445
SUCCESS,Trace 1,62,20.258332697506827
SUCCESS,Trace 1,62,22.06161130043373
SUCCESS,Trace 1,62,20.17636551126674
SUCCESS,Trace 1,62,20.42226344485464
SUCCESS,Trace 1,62,20.586201544089953
SUCCESS,Trace 1,62,21.651775328839413
SUCCESS,Trace 1,62,21.149174879632834
SUCCESS,Trace 1,62,21.404053252205006
SUCCESS,Trace 1,62,21.979641031564956
SUCCESS,Trace 1,62,20.586201559729858
SUCCESS,Trace 1,62,20.17636549725716
SUCCESS,Trace 1,62,20.42226711786097
SUCCESS,Trace 1,62,21.721527007228236
SUCCESS,Trace 1,62,21.149177851839703
SUCCESS,Trace 1,62,20.58620152513355
SUCCESS,Trace 1,62,20.504234303137906
SUCCESS,Trace 1,62,21.733742495605284
SUCCESS,Trace 1,62,20.42226711786097
SUCCESS,Trace 1,62,20.09439824057407
SUCCESS,Trace 1,62,21.159972230434526
SUCCESS,Trace 1,62,20.668144131981744
SUCCESS,Trace 1,62,20.504234259479617
SUCCESS,Trace 1,62,20.832103207397967
SUCCESS,Trace 1,62,21.486394289258634
SUCCESS,Trace 1,62,22.542620135135337
SUCCESS,Trace 1,62,20.504234361885107
SUCCESS,Trace 1,62,20.340112759706503
SUCCESS,Trace 1,62,21.48765320717538
SUCCESS,Trace 1,62,21.159971500516914
SUCCESS,Trace 1,62,20.340299905277185
SUCCESS,Trace 1,62,20.258332690749032
SUCCESS,Trace 1,62,20.66798153415321
SUCCESS,Trace 1,62,20.75013598311529
SUCCESS,Trace 1,62,20.504234285319598
SUCCESS,Trace 1,62,22.061424058118185
SUCCESS,Trace 1,62,21.159972067683448
SUCCESS,Trace 1,62,20.668168756322803
SUCCESS,Trace 1,62,22.542620589014074
SUCCESS,Trace 1,62,21.486419564003405
SUCCESS,Trace 1,62,20.91406998087148
SUCCESS,Trace 1,62,21.31150383711094
SUCCESS,Trace 1,62,20.914045698721967
SUCCESS,Trace 1,62,20.99603760828153
SUCCESS,Trace 1,62,21.32390643094552
SUCCESS,Trace 1,62,20.4222670860256
SUCCESS,Trace 1,62,20.832102760832047
SUCCESS,Trace 1,62,21.32390628095533
SUCCESS,Trace 1,62,20.50423426441476
SUCCESS,Trace 1,62,20.586201485578595
SUCCESS,Trace 1,62,20.914045807190266
SUCCESS,Trace 1,62,20.667981484491357
SUCCESS,Trace 1,62,20.176365453688824
SUCCESS,Trace 1,62,22.30730110270721
SUCCESS,Trace 1,62,21.48784093010108
SUCCESS,Trace 1,62,21.382863912426057
SUCCESS,Trace 1,62,20.586176908783976
SUCCESS,Trace 1,62,21.722923894476473
SUCCESS,Trace 1,62,20.176365497327136
SUCCESS,Trace 1,62,21.323906446980118
SUCCESS,Trace 1,62,21.487840853169203
SUCCESS,Trace 1,62,21.15997200630027
SUCCESS,Trace 1,62,20.17636548415682
SUCCESS,Trace 1,62,20.914070398258833
SUCCESS,Trace 1,62,21.651775314581755
SUCCESS,Trace 1,62,20.420845617167778
SUCCESS,Trace 1,62,20.176365468491582
SUCCESS,Trace 1,62,22.061608167804724
SUCCESS,Trace 1,62,20.586201512579514
SUCCESS,Trace 1,62,20.996037547755925
SUCCESS,Trace 1,62,21.078001280299954
SUCCESS,Trace 1,62,20.504234305668938
SUCCESS,Trace 1,62,20.586201585329736
SUCCESS,Trace 1,62,21.078004803946882
SUCCESS,Trace 1,62,21.405873631259436
SUCCESS,Trace 1,62,21.97964416228135
SUCCESS,Trace 1,62,21.078004781644253
SUCCESS,Trace 1,62,20.668168379832466
SUCCESS,Trace 1,62,21.73374256539933
SUCCESS,Trace 1,62,20.25833268892558
SUCCESS,Trace 1,62,20.75013592442703
SUCCESS,Trace 1,62,20.99603760828202
SUCCESS,Trace 1,62,22.143578494954998
SUCCESS,Trace 1,62,21.73213388851838
SUCCESS,Trace 1,62,20.504234334876394
SUCCESS,Trace 1,62,22.870464754886314
SUCCESS,Trace 1,62,20.586201480177582
SUCCESS,Trace 1,26,22.83033170700073
SUCCESS,Trace 1,62,21.07800479735865
SUCCESS,Trace 1,62,20.32808443328766
SUCCESS,Trace 1,62,21.149178082537265
SUCCESS,Trace 1,62,20.586201178941913
SUCCESS,Trace 1,62,21.487840900473554
SUCCESS,Trace 1,62,20.832103221137032
SUCCESS,Trace 1,62,21.733742541954165
SUCCESS,Trace 1,62,21.815709693031874
SUCCESS,Trace 1,62,20.668168832692086
SUCCESS,Trace 1,62,20.99603768179252
SUCCESS,Trace 1,62,21.89767703305116
SUCCESS,Trace 1,62,22.38948016870217
SUCCESS,Trace 1,62,20.750136009589273
SUCCESS,Trace 1,62,21.32388186843321
SUCCESS,Trace 1,62,21.229508207265276
SUCCESS,Trace 1,62,21.651775363775666
SUCCESS,Trace 1,62,22.22554580550313
SUCCESS,Trace 1,62,20.996034317216786
SUCCESS,Trace 1,62,21.804912579617188
SUCCESS,Trace 1,62,20.340299860454532
SUCCESS,Trace 1,62,21.15997158113073
SUCCESS,Trace 1,62,20.8321031675479
SUCCESS,Trace 1,62,20.99603759706457
SUCCESS,Trace 1,62,20.17636548505456
SUCCESS,Trace 1,62,20.914070357826276
SUCCESS,Trace 1,62,21.159784363918618
SUCCESS,Trace 1,30,20.405458540752015
SUCCESS,Trace 1,62,20.821309128745657
SUCCESS,Trace 1,62,20.422242481697232
SUCCESS,Trace 1,62,20.09439825315368
SUCCESS,Trace 1,62,21.5698079845602
SUCCESS,Trace 1,62,21.395079672040158
SUCCESS,Trace 1,62,20.5042343691783
SUCCESS,Trace 1,59,20.71997062777107
SUCCESS,Trace 1,62,20.668168751310564
SUCCESS,Trace 1,62,20.176365451040756
SUCCESS,Trace 1,62,21.48784084960329
SUCCESS,Trace 1,62,22.4714227822042
SUCCESS,Trace 1,62,20.176365522086744
SUCCESS,Trace 1,62,21.56980819656945
SUCCESS,Trace 1,62,20.914069920085076
SUCCESS,Trace 1,62,20.09439825595149
SUCCESS,Trace 1,62,20.750135984577117
SUCCESS,Trace 1,62,21.32388166326812
SUCCESS,Trace 1,62,20.50423432273405
SUCCESS,Trace 1,62,21.077817184723827
SUCCESS,Trace 1,62,20.668168836392518
SUCCESS,Trace 1,62,21.48784087531488
SUCCESS,Trace 1,62,21.241939224180626
SUCCESS,Trace 1,62,22.389455479506807
SUCCESS,Trace 1,62,22.13278121292446
SUCCESS,Trace 1,62,22.799291637699874
SUCCESS,Trace 1,62,21.078004758866108
SUCCESS,Trace 1,62,20.58459285829888
SUCCESS,Trace 1,62,20.830681699713832
SUCCESS,Trace 1,62,21.077817493841607
SUCCESS,Trace 1,62,20.4222671321181
SUCCESS,Trace 1,62,20.25833264386751
SUCCESS,Trace 1,62,20.176365472474952
SUCCESS,Trace 1,62,21.733741963947597
SUCCESS,Trace 1,62,20.99603759893172
SUCCESS,Trace 1,62,20.42226712126445
SUCCESS,Trace 1,62,20.258332656089717
SUCCESS,Trace 1,62,21.709095971295305
SUCCESS,Trace 1,62,20.176365442974962
SUCCESS,Trace 1,62,20.586201536007117
SUCCESS,Trace 1,62,21.24193879732604
SUCCESS,Trace 1,62,21.569620851467835
SUCCESS,Trace 1,62,20.58620149632653
SUCCESS,Trace 1,62,20.996037540076454
SUCCESS,Trace 1,62,20.750135945492104
SUCCESS,Trace 1,62,20.75013600852071
SUCCESS,Trace 1,62,20.73934146779756
SUCCESS,Trace 1,62,21.733742433703302
SUCCESS,Trace 1,33,21.12494670598585
SUCCESS,Trace 1,62,20.99603756969494
SUCCESS,Trace 1,62,20.750135945492104
SUCCESS,Trace 1,62,20.57540758685475
SUCCESS,Trace 1,62,20.504234444403817
SUCCESS,Trace 1,62,21.32390639821037
SUCCESS,Trace 1,62,20.176365505118007
SUCCESS,Trace 1,62,21.73374249692832
SUCCESS,Trace 1,62,20.66816880592487
SUCCESS,Trace 1,62,21.477022092850483
SUCCESS,Trace 1,62,22.471443773457697
SUCCESS,Trace 1,62,21.897676899537856
SUCCESS,Trace 1,62,20.258332628656593
SUCCESS,Trace 1,62,21.569808059271967
SUCCESS,Trace 1,62,21.07797698403422
SUCCESS,Trace 1,62,20.73934157528667
SUCCESS,Trace 1,62,21.159972050150888
SUCCESS,Trace 1,62,20.832103195274104
SUCCESS,Trace 1,62,23.209152286222828
SUCCESS,Trace 1,62,20.50423430944217
SUCCESS,Trace 1,62,21.22972060462356
SUCCESS,Trace 1,62,21.07800481372608
SUCCESS,Trace 1,62,21.733742541954165
SUCCESS,Trace 1,62,20.422267111243023
SUCCESS,Trace 1,62,22.376862095820695
SUCCESS,Trace 1,62,20.422267053948072
SUCCESS,Trace 1,62,20.09439825315368
SUCCESS,Trace 1,62,20.914070450643074
SUCCESS,Trace 1,62,21.158550510638413
SUCCESS,Trace 1,62,23.04379321052723
SUCCESS,Trace 1,21,22.337914645671844
SUCCESS,Trace 1,62,20.176365453688824
SUCCESS,Trace 1,62,21.405873717799963
SUCCESS,Trace 1,62,20.176365453688824
SUCCESS,Trace 1,62,21.651587587097723
SUCCESS,Trace 1,62,20.25833270870254
SUCCESS,Trace 1,62,20.832103203687634
SUCCESS,Trace 1,62,20.094398273714692
SUCCESS,Trace 1,22,21.854775945345562
SUCCESS,Trace 1,62,21.241939179253276
SUCCESS,Trace 1,62,22.282894695141476
SUCCESS,Trace 1,62,20.422267083069304
SUCCESS,Trace 1,62,20.586201456013143
SUCCESS,Trace 1,34,22.32600894841281
SUCCESS,Trace 1,62,20.75013600451893
SUCCESS,Trace 1,62,20.91388319359451
SUCCESS,Trace 1,62,20.99603765176686
SUCCESS,Trace 1,62,20.502813012358498
SUCCESS,Trace 1,62,20.914070332636598
SUCCESS,Trace 1,62,20.340299871220186
SUCCESS,Trace 1,62,21.559013995583506
SUCCESS,Trace 1,62,21.23114522443266
SUCCESS,Trace 1,62,21.639556596029113
SUCCESS,Trace 1,62,20.340299919003346
SUCCESS,Trace 1,62,20.50423423792316
SUCCESS,Trace 1,62,21.4058736313959
SUCCESS,Trace 1,62,20.832103258715602
SUCCESS,Trace 1,62,21.405849026851968
SUCCESS,Trace 1,62,20.176365513773117
SUCCESS,Trace 1,62,21.733714674339918
SUCCESS,Trace 1,62,20.996037669075697
SUCCESS,Trace 1,62,20.50423425584526
SUCCESS,Trace 1,62,20.422267109619295
SUCCESS,Trace 1,62,20.668140927791708
SUCCESS,Trace 1,27,20.53654971031042
SUCCESS,Trace 1,20,20.99738383887266
SUCCESS,Trace 1,62,20.17636551126674
SUCCESS,Trace 1,62,20.996037626249635
SUCCESS,Trace 1,62,20.914069924079143
SUCCESS,Trace 1,62,21.40587368949515
SUCCESS,Trace 1,62,20.422267126205497
SUCCESS,Trace 1,62,20.996037584836365
SUCCESS,Trace 1,62,20.258332301112667
SUCCESS,Trace 1,62,21.40587366644361
SUCCESS,Trace 1,62,20.50423430614784
SUCCESS,Trace 1,62,20.750135891941355
SUCCESS,Trace 1,62,20.25833274589038
SUCCESS,Trace 1,62,21.73374260498463
SUCCESS,Trace 1,62,20.750136013370433
SUCCESS,Trace 1,32,20.450009434453904
SUCCESS,Trace 1,62,21.651775258211035
SUCCESS,Trace 1,62,20.176365513843365
SUCCESS,Trace 1,62,21.07800474156352
SUCCESS,Trace 1,62,20.914070443979043
SUCCESS,Trace 1,62,22.061611249699208
SUCCESS,Trace 1,62,20.504234385889422
SUCCESS,Trace 1,62,21.0672107880317
SUCCESS,Trace 1,62,20.09439824057407
SUCCESS,Trace 1,62,21.323906539409
SUCCESS,Trace 1,62,20.668168802183203
SUCCESS,Trace 1,62,21.15997205159752
SUCCESS,Trace 1,10,20.66647890214137
SUCCESS,Trace 1,62,20.914067140068873
SUCCESS,Trace 1,62,21.1599720892359
SUCCESS,Trace 1,62,21.640981278679327
SUCCESS,Trace 1,62,20.586201422303077
SUCCESS,Trace 1,62,20.750135929526692
SUCCESS,Trace 1,62,20.50423430614784
SUCCESS,Trace 1,62,20.176365480670952
SUCCESS,Trace 1,62,21.241936058294577
SUCCESS,Trace 1,62,20.66816875773422
SUCCESS,Trace 1,62,22.06142376720774
SUCCESS,Trace 1,62,20.819887698368248
SUCCESS,Trace 1,62,20.584755509823964
SUCCESS,Trace 1,62,22.061586796028585
SUCCESS,Trace 1,62,22.225545719085275
SUCCESS,Trace 1,62,21.404237160172624
SUCCESS,Trace 1,62,20.912648964328714
SUCCESS,Trace 1,62,20.50423434617921
SUCCESS,Trace 1,62,21.568386632888043
SUCCESS,Trace 1,62,21.395079639335062
SUCCESS,Trace 1,62,20.832103168847603
SUCCESS,Trace 1,62,20.586201519262595
SUCCESS,Trace 1,62,23.29090769055468
SUCCESS,Trace 1,62,21.241939248124222
SUCCESS,Trace 1,62,20.668168693292337
SUCCESS,Trace 1,62,20.58620144708833
SUCCESS,Trace 1,62,20.99603723307125
SUCCESS,Trace 1,62,21.076583432369546
SUCCESS,Trace 1,62,21.487653701460953
SUCCESS,Trace 1,62,21.651588174157474
SUCCESS,Trace 1,62,21.405873631563587
SUCCESS,Trace 1,62,21.48784084788504
SUCCESS,Trace 1,62,20.09439823265871
SUCCESS,Trace 1,62,20.91407036417663
SUCCESS,Trace 1,62,21.241939298703727
SUCCESS,Trace 1,62,20.586201505536433
SUCCESS,Trace 1,62,22.307509653300897
SUCCESS,Trace 1,62,21.40587307195334
SUCCESS,Trace 1,62,20.340299879918334
SUCCESS,Trace 1,62,21.405873581713788
SUCCESS,Trace 1,62,20.17636548285464
SUCCESS,Trace 1,62,21.405873673519494
SUCCESS,Trace 1,62,20.09439826868437
SUCCESS,Trace 1,62,21.323906476380394
SUCCESS,Trace 1,62,21.651775307367235
SUCCESS,Trace 1,62,21.568167464829855
SUCCESS,Trace 1,62,20.750132760821433
SUCCESS,Trace 1,62,21.651774859819255
SUCCESS,Trace 1,62,20.586201496240747
SUCCESS,Trace 1,62,21.651775299000583
SUCCESS,Trace 1,62,21.159971955546872
SUCCESS,Trace 1,62,21.07800480852242
SUCCESS,Trace 1,62,21.979643985873363
SUCCESS,Trace 1,62,20.98221345025985
SUCCESS,Trace 1,62,20.25833265401472
SUCCESS,Trace 1,62,20.996037545751353
SUCCESS,Trace 1,62,20.750135906407092
SUCCESS,Trace 1,62,20.832103197691872
SUCCESS,Trace 1,62,20.58620146993894
SUCCESS,Trace 1,62,21.65177496669562
SUCCESS,Trace 1,62,20.66674718962748
