{
  "variables": {},
  "activations": [
    {
      "id": "$setup_constants",
      "execute": "$setup_constants",
      "after": "0",
      "priority": 0,
      "additionalGuards": null,
      "activationKind": null,
      "fixedVariables": null,
      "probabilisticVariables": null,
      "activating": null,
      "activatingOnlyWhenExecuted": true,
      "updating": null,
      "withPredicate": null
    },
    {
      "id": "$initialise_machine",
      "execute": "$initialise_machine",
      "after": "0",
      "priority": 0,
      "additionalGuards": null,
      "activationKind": null,
      "fixedVariables": {
        "Crash": "FALSE",
        "VehiclesAy": "{(EgoVehicle↦0.0),(Vehicles2↦0.0),(Vehicles3↦0.0),(Vehicles4↦0.0),(Vehicles5↦0.0)}",
        "Reward": "0.0",
        "VehiclesAx": "{(EgoVehicle↦0.0),(Vehicles2↦0.0),(Vehicles3↦0.0),(Vehicles4↦0.0),(Vehicles5↦0.0)}",
        "VehiclesVx": "{(EgoVehicle↦25.0),(Vehicles2↦-3.9721041917800903),(Vehicles3↦-3.0121442675590515),(Vehicles4↦-2.0736588537693024),(Vehicles5↦-3.1563562154769897)}",
        "VehiclesY": "{(EgoVehicle↦0.0),(Vehicles2↦0.0),(Vehicles3↦8.000000238418579),(Vehicles4↦8.000000238418579),(Vehicles5↦4.0000001192092896)}",
        "VehiclesVy": "{(EgoVehicle↦0.0),(Vehicles2↦0.0),(Vehicles3↦0.0),(Vehicles4↦0.0),(Vehicles5↦0.0)}",
        "VehiclesX": "{(EgoVehicle↦150.5854368209839),(Vehicles2↦20.506232976913452),(Vehicles3↦41.60592257976532),(Vehicles4↦67.83682703971863),(Vehicles5↦90.88241457939148)}"
      },
      "probabilisticVariables": null,
      "activating": [
        "LANE_RIGHT_2"
      ],
      "activatingOnlyWhenExecuted": true,
      "updating": null,
      "withPredicate": null
    },
    {
      "id": "LANE_RIGHT_2",
      "execute": "LANE_RIGHT",
      "after": "1000",
      "priority": 0,
      "additionalGuards": null,
      "activationKind": null,
      "fixedVariables": {
        "Crash": "FALSE",
        "VehiclesAy": "{(EgoVehicle↦1.0796338319778442),(Vehicles2↦-1.0796338319778442),(Vehicles3↦-3.1668081879615784),(Vehicles4↦-1.0796338319778442),(Vehicles5↦-1.0796338319778442)}",
        "Reward": "0.8327113850086175",
        "VehiclesAx": "{(EgoVehicle↦-0.023322105407714844),(Vehicles2↦-0.4297253489494324),(Vehicles3↦-3.570542633533478),(Vehicles4↦-0.23040980100631714),(Vehicles5↦-0.19105017185211182)}",
        "VehiclesVx": "{(EgoVehicle↦24.976677894592285),(Vehicles2↦-4.401829540729523),(Vehicles3↦-6.582686901092529),(Vehicles4↦-2.3040686547756195),(Vehicles5↦-3.3474063873291016)}",
        "VehiclesY": "{(EgoVehicle↦3.6599650382995605),(Vehicles2↦-3.6599650382995605),(Vehicles3↦1.0924539864063263),(Vehicles4↦4.34003484249115),(Vehicles5↦0.3400348797440529)}",
        "VehiclesVy": "{(EgoVehicle↦1.0796338319778442),(Vehicles2↦-1.0796338319778442),(Vehicles3↦-3.1668081879615784),(Vehicles4↦-1.0796338319778442),(Vehicles5↦-1.0796338319778442)}",
        "VehiclesX": "{(EgoVehicle↦175.26568174362183),(Vehicles2↦16.68127328157425),(Vehicles3↦36.56167685985565),(Vehicles4↦65.97298383712769),(Vehicles5↦87.99890875816345)}"
      },
      "probabilisticVariables": null,
      "activating": [
        "LANE_RIGHT_3"
      ],
      "activatingOnlyWhenExecuted": true,
      "updating": null,
      "withPredicate": null
    },
    {
      "id": "LANE_RIGHT_3",
      "execute": "LANE_RIGHT",
      "after": "1000",
      "priority": 0,
      "additionalGuards": null,
      "activationKind": null,
      "fixedVariables": {
        "Crash": "FALSE",
        "VehiclesAy": "{(EgoVehicle↦0.037668049335479736),(Vehicles2↦-0.037668049335479736),(Vehicles3↦1.8956850469112396),(Vehicles4↦-0.037668049335479736),(Vehicles5↦-2.196935713291168)}",
        "Reward": "0.8660005399738949",
        "VehiclesAx": "{(EgoVehicle↦-0.0016570091247558594),(Vehicles2↦-0.5950459837913513),(Vehicles3↦0.3539341688156128),(Vehicles4↦-0.15978366136550903),(Vehicles5↦-1.2195000052452087)}",
        "VehiclesVx": "{(EgoVehicle↦24.97502088546753),(Vehicles2↦-4.996875524520874),(Vehicles3↦-6.2287527322769165),(Vehicles4↦-2.4638523161411285),(Vehicles5↦-4.56690639257431)}",
        "VehiclesY": "{(EgoVehicle↦7.648639440536499),(Vehicles2↦-7.648639440536499),(Vehicles3↦-3.594338536262512),(Vehicles4↦0.35136057436466217),(Vehicles5↦-3.6486393213272095)}",
        "VehiclesVy": "{(EgoVehicle↦1.117301881313324),(Vehicles2↦-1.117301881313324),(Vehicles3↦-1.2711231410503387),(Vehicles4↦-1.117301881313324),(Vehicles5↦-1.117301881313324)}",
        "VehiclesX": "{(EgoVehicle↦199.88659620285034),(Vehicles2↦12.406540662050247),(Vehicles3↦30.54611384868622),(Vehicles4↦63.954031467437744),(Vehicles5↦84.55305099487305)}"
      },
      "probabilisticVariables": null,
      "activating": [
        "IDLE_4"
      ],
      "activatingOnlyWhenExecuted": true,
      "updating": null,
      "withPredicate": null
    },
    {
      "id": "IDLE_4",
      "execute": "IDLE",
      "after": "1000",
      "priority": 0,
      "additionalGuards": null,
      "activationKind": null,
      "fixedVariables": {
        "Crash": "FALSE",
        "VehiclesAy": "{(EgoVehicle↦-1.078004245646298),(Vehicles2↦1.078004245646298),(Vehicles3↦1.2209504144266248),(Vehicles4↦1.078004245646298),(Vehicles5↦-1.15659951698035)}",
        "Reward": "0.8666658430372319",
        "VehiclesAx": "{(EgoVehicle↦0.0249481201171875),(Vehicles2↦-0.5966037511825562),(Vehicles3↦0.03793299198150635),(Vehicles4↦-0.12521132826805115),(Vehicles5↦-0.6373009085655212)}",
        "VehiclesVx": "{(EgoVehicle↦24.999969005584717),(Vehicles2↦-5.59347927570343),(Vehicles3↦-6.19081974029541),(Vehicles4↦-2.5890636444091797),(Vehicles5↦-5.2042073011398315)}",
        "VehiclesY": "{(EgoVehicle↦7.988144159317017),(Vehicles2↦-7.988144159317017),(Vehicles3↦-3.98430597782135),(Vehicles4↦0.011855648830533028),(Vehicles5↦-3.9881443977355957)}",
        "VehiclesVy": "{(EgoVehicle↦0.03929763566702604),(Vehicles2↦-0.03929763566702604),(Vehicles3↦-0.05017272662371397),(Vehicles4↦-0.03929763566702604),(Vehicles5↦-0.03929763566702604)}",
        "VehiclesX": "{(EgoVehicle↦200.0),(Vehicles2↦7.148741185665131),(Vehicles3↦24.32900369167328),(Vehicles4↦61.425334215164185),(Vehicles5↦79.67545986175537)}"
      },
      "probabilisticVariables": null,
      "activating": [
        "IDLE_5"
      ],
      "activatingOnlyWhenExecuted": true,
      "updating": null,
      "withPredicate": null
    },
    {
      "id": "IDLE_5",
      "execute": "IDLE",
      "after": "1000",
      "priority": 0,
      "additionalGuards": null,
      "activationKind": null,
      "fixedVariables": {
        "Crash": "FALSE",
        "VehiclesAy": "{(EgoVehicle↦-0.03805157859460451),(Vehicles2↦0.03805157859460451),(Vehicles3↦0.04815995474928059),(Vehicles4↦0.03805157859460451),(Vehicles5↦-0.04054369273944758)}",
        "Reward": "0.8666666658385823",
        "VehiclesAx": "{(EgoVehicle↦3.0994415283203125E-05),(Vehicles2↦-0.4139542579650879),(Vehicles3↦0.016375184059143066),(Vehicles4↦-0.06375730037689209),(Vehicles5↦-0.23090064525604248)}",
        "VehiclesVx": "{(EgoVehicle↦25.0),(Vehicles2↦-6.007433533668518),(Vehicles3↦-6.174444556236267),(Vehicles4↦-2.6528209447860718),(Vehicles5↦-5.435107946395874)}",
        "VehiclesY": "{(EgoVehicle↦7.999626159667969),(Vehicles2↦-7.999626159667969),(Vehicles3↦-3.9993553161621094),(Vehicles4↦0.00037409018841572106),(Vehicles5↦-3.999626040458679)}",
        "VehiclesVy": "{(EgoVehicle↦0.0012460570724215358),(Vehicles2↦-0.0012460570724215358),(Vehicles3↦-0.0020127718744333833),(Vehicles4↦-0.0012460570724215358),(Vehicles5↦-0.0012460570724215358)}",
        "VehiclesX": "{(EgoVehicle↦200.0),(Vehicles2↦1.3768172822892666),(Vehicles3↦18.145734071731567),(Vehicles4↦58.80852937698364),(Vehicles5↦74.35945272445679)}"
      },
      "probabilisticVariables": null,
      "activating": [
        "IDLE_6"
      ],
      "activatingOnlyWhenExecuted": true,
      "updating": null,
      "withPredicate": null
    },
    {
      "id": "IDLE_6",
      "execute": "IDLE",
      "after": "1000",
      "priority": 0,
      "additionalGuards": null,
      "activationKind": null,
      "fixedVariables": {
        "Crash": "FALSE",
        "VehiclesAy": "{(EgoVehicle↦-0.0012070436923750094),(Vehicles2↦0.0012070436923750094),(Vehicles3↦0.0019197628716938198),(Vehicles4↦0.0012070436923750094),(Vehicles5↦-0.0012850704524680623)}",
        "Reward": "0.866666666665855",
        "VehiclesAx": "{(EgoVehicle↦0.0),(Vehicles2↦-0.26633918285369873),(Vehicles3↦0.01713275909423828),(Vehicles4↦-0.041762590408325195),(Vehicles5↦-5.2701592445373535)}",
        "VehiclesVx": "{(EgoVehicle↦25.0),(Vehicles2↦-6.273772716522217),(Vehicles3↦-6.157311797142029),(Vehicles4↦-2.694583535194397),(Vehicles5↦-10.705267190933228)}",
        "VehiclesY": "{(EgoVehicle↦7.999988079071045),(Vehicles2↦-7.999988079071045),(Vehicles3↦-3.9999693632125854),(Vehicles4↦1.1705138149409322E-05),(Vehicles5↦-7.999988079071045)}",
        "VehiclesVy": "{(EgoVehicle↦3.9013380046526436E-05),(Vehicles2↦-3.9013380046526436E-05),(Vehicles3↦-9.300900273956358E-05),(Vehicles4↦-3.9013380046526436E-05),(Vehicles5↦-3.9013380046526436E-05)}",
        "VehiclesX": "{(EgoVehicle↦200.0),(Vehicles2↦-4.7478001564741135),(Vehicles3↦11.977341771125793),(Vehicles4↦56.137657165527344),(Vehicles5↦66.65679812431335)}"
      },
      "probabilisticVariables": null,
      "activating": [
        "SLOWER_7"
      ],
      "activatingOnlyWhenExecuted": true,
      "updating": null,
      "withPredicate": null
    },
    {
      "id": "SLOWER_7",
      "execute": "SLOWER",
      "after": "1000",
      "priority": 0,
      "additionalGuards": null,
      "activationKind": null,
      "fixedVariables": {
        "Crash": "FALSE",
        "VehiclesAy": "{(EgoVehicle↦-3.74283263226971E-05),(Vehicles2↦3.363370581155323E-05),(Vehicles3↦9.142394901573425E-05),(Vehicles4↦3.74283263226971E-05),(Vehicles5↦-4.059843377035577E-05)}",
        "Reward": "0.7508916323731123",
        "VehiclesAx": "{(EgoVehicle↦-4.341564178466797),(Vehicles2↦4.487407803535461),(Vehicles3↦4.076115638017654),(Vehicles4↦4.313118755817413),(Vehicles5↦5.429581999778748)}",
        "VehiclesVx": "{(EgoVehicle↦20.658435821533203),(Vehicles2↦-1.7863649129867554),(Vehicles3↦-2.0811961591243744),(Vehicles4↦1.6185352206230164),(Vehicles5↦-5.27568519115448)}",
        "VehiclesY": "{(EgoVehicle↦7.999999523162842),(Vehicles2↦-3.9999979734420776),(Vehicles3↦-7.999999523162842),(Vehicles4↦5.478808873249363E-07),(Vehicles5↦-7.999999523162842)}",
        "VehiclesVy": "{(EgoVehicle↦1.5850537238293327E-06),(Vehicles2↦-5.3796742349732085E-06),(Vehicles3↦-1.5850537238293327E-06),(Vehicles4↦-1.5850537238293327E-06),(Vehicles5↦-1.5850537238293327E-06)}",
        "VehiclesX": "{(EgoVehicle↦200.0),(Vehicles2↦8.22579562664032),(Vehicles3↦-8.694234490394592),(Vehicles4↦55.825936794281006),(Vehicles5↦58.788299560546875)}"
      },
      "probabilisticVariables": null,
      "activating": [
        "IDLE_8"
      ],
      "activatingOnlyWhenExecuted": true,
      "updating": null,
      "withPredicate": null
    },
    {
      "id": "IDLE_8",
      "execute": "IDLE",
      "after": "1000",
      "priority": 0,
      "additionalGuards": null,
      "activationKind": null,
      "fixedVariables": {
        "Crash": "FALSE",
        "VehiclesAy": "{(EgoVehicle↦-1.4878310850008347E-06),(Vehicles2↦5.0167182408245026E-06),(Vehicles3↦1.4878310850008347E-06),(Vehicles4↦1.4878310850008347E-06),(Vehicles5↦-1.6822763626578308E-06)}",
        "Reward": "0.735645537322111",
        "VehiclesAx": "{(EgoVehicle↦-0.5717277526855469),(Vehicles2↦0.6129320710897446),(Vehicles3↦-1.667829304933548),(Vehicles4↦0.5513808131217957),(Vehicles5↦4.747550450265408)}",
        "VehiclesVx": "{(EgoVehicle↦20.086708068847656),(Vehicles2↦-1.1734328418970108),(Vehicles3↦-3.7490254640579224),(Vehicles4↦2.169916033744812),(Vehicles5↦-0.5281347408890724)}",
        "VehiclesY": "{(EgoVehicle↦8.000000238418579),(Vehicles2↦-3.999999761581421),(Vehicles3↦-8.000000238418579),(Vehicles4↦3.3505526353394544E-08),(Vehicles5↦-4.0000001192092896)}",
        "VehiclesVy": "{(EgoVehicle↦9.722263882849802E-08),(Vehicles2↦-3.6295599414870594E-07),(Vehicles3↦-9.722263882849802E-08),(Vehicles4↦-9.722263882849802E-08),(Vehicles5↦-9.722263882849802E-08)}",
        "VehiclesX": "{(EgoVehicle↦200.0),(Vehicles2↦6.770496070384979),(Vehicles3↦54.223817586898804),(Vehicles4↦57.751232385635376),(Vehicles5↦64.97860550880432)}"
      },
      "probabilisticVariables": null,
      "activating": [
        "FASTER_9"
      ],
      "activatingOnlyWhenExecuted": true,
      "updating": null,
      "withPredicate": null
    },
    {
      "id": "FASTER_9",
      "execute": "FASTER",
      "after": "1000",
      "priority": 0,
      "additionalGuards": null,
      "activationKind": null,
      "fixedVariables": {
        "Crash": "FALSE",
        "VehiclesAy": "{(EgoVehicle↦-9.246893029057901E-08),(Vehicles2↦3.3967980428428746E-07),(Vehicles3↦9.246892140879481E-08),(Vehicles4↦9.246892140879481E-08),(Vehicles5↦-1.0197635624820123E-07)}",
        "Reward": "0.8494128553949557",
        "VehiclesAx": "{(EgoVehicle↦4.2662739753723145),(Vehicles2↦-4.216861352324486),(Vehicles3↦-3.4977424144744873),(Vehicles4↦-4.281712621450424),(Vehicles5↦-4.213392399251461)}",
        "VehiclesVx": "{(EgoVehicle↦24.35298204421997),(Vehicles2↦-5.390294194221497),(Vehicles3↦-7.24676787853241),(Vehicles4↦-2.111796587705612),(Vehicles5↦-4.7415271401405334)}",
        "VehiclesY": "{(EgoVehicle↦8.000000238418579),(Vehicles2↦-4.0000001192092896),(Vehicles3↦-8.000000238418579),(Vehicles4↦1.4354384347825544E-09),(Vehicles5↦-4.0000001192092896)}",
        "VehiclesVy": "{(EgoVehicle↦4.75370853791901E-09),(Vehicles2↦-2.3276189864418484E-08),(Vehicles3↦-4.753717419703207E-09),(Vehicles4↦-4.753717419703207E-09),(Vehicles5↦-4.753717419703207E-09)}",
        "VehiclesX": "{(EgoVehicle↦200.0),(Vehicles2↦3.2628003507852554),(Vehicles3↦48.44410717487335),(Vehicles4↦57.56114721298218),(Vehicles5↦62.11777329444885)}"
      },
      "probabilisticVariables": null,
      "activating": [
        "IDLE_10"
      ],
      "activatingOnlyWhenExecuted": true,
      "updating": null,
      "withPredicate": null
    },
    {
      "id": "IDLE_10",
      "execute": "IDLE",
      "after": "1000",
      "priority": 0,
      "additionalGuards": null,
      "activationKind": null,
      "fixedVariables": {
        "Crash": "FALSE",
        "VehiclesAy": "{(EgoVehicle↦-4.5992187835963705E-09),(Vehicles2↦2.183755398732501E-08),(Vehicles3↦4.5992276653805675E-09),(Vehicles4↦4.5992276653805675E-09),(Vehicles5↦-4.908207174025847E-09)}",
        "Reward": "0.8643945598325319",
        "VehiclesAx": "{(EgoVehicle↦0.5618143081665039),(Vehicles2↦-0.5078524351119995),(Vehicles3↦0.021770000457763672),(Vehicles4↦-0.5743031203746796),(Vehicles5↦-0.5080243945121765)}",
        "VehiclesVx": "{(EgoVehicle↦24.914796352386475),(Vehicles2↦-5.898146629333496),(Vehicles3↦-7.224997878074646),(Vehicles4↦-2.6860997080802917),(Vehicles5↦-5.24955153465271)}",
        "VehiclesY": "{(EgoVehicle↦8.000000238418579),(Vehicles2↦-4.0000001192092896),(Vehicles3↦-8.000000238418579),(Vehicles4↦4.637890071990114E-11),(Vehicles5↦-4.0000001192092896)}",
        "VehiclesVy": "{(EgoVehicle↦1.5448975432263978E-10),(Vehicles2↦-1.4386358770934748E-09),(Vehicles3↦-1.5448975432263978E-10),(Vehicles4↦-1.5448975432263978E-10),(Vehicles5↦-1.5448975432263978E-10)}",
        "VehiclesX": "{(EgoVehicle↦200.0),(Vehicles2↦-2.416076324880123),(Vehicles3↦41.134729981422424),(Vehicles4↦55.13424277305603),(Vehicles5↦57.08795785903931)}"
      },
      "probabilisticVariables": null,
      "activating": [
        "FASTER_11"
      ],
      "activatingOnlyWhenExecuted": true,
      "updating": null,
      "withPredicate": null
    },
    {
      "id": "FASTER_11",
      "execute": "FASTER",
      "after": "1000",
      "priority": 0,
      "additionalGuards": null,
      "activationKind": null,
      "fixedVariables": {
        "Crash": "FALSE",
        "VehiclesAy": "{(EgoVehicle↦-1.511324398961733E-10),(Vehicles2↦1.4352785626670084E-09),(Vehicles3↦1.511324398961733E-10),(Vehicles4↦1.511324398961733E-10),(Vehicles5↦-1.5784706874910626E-10)}",
        "Reward": "0.9821424934758888",
        "VehiclesAx": "{(EgoVehicle↦4.415547847747803),(Vehicles2↦-5.315355062484741),(Vehicles3↦-2.3889541625976562),(Vehicles4↦-4.426299631595612),(Vehicles5↦-4.725759029388428)}",
        "VehiclesVx": "{(EgoVehicle↦29.330344200134277),(Vehicles2↦-11.213501691818237),(Vehicles3↦-9.613952040672302),(Vehicles4↦-7.112399339675903),(Vehicles5↦-9.975310564041138)}",
        "VehiclesY": "{(EgoVehicle↦8.000000238418579),(Vehicles2↦-8.000000238418579),(Vehicles3↦-4.0000001192092896),(Vehicles4↦7.860379014346108E-13),(Vehicles5↦-8.000000238418579)}",
        "VehiclesVy": "{(EgoVehicle↦3.3573144264664734E-12),(Vehicles2↦-3.3573144264664734E-12),(Vehicles3↦-3.3573144264664734E-12),(Vehicles4↦-3.3573144264664734E-12),(Vehicles5↦-3.3573144264664734E-12)}",
        "VehiclesX": "{(EgoVehicle↦200.0),(Vehicles2↦31.65576159954071),(Vehicles3↦49.42326545715332),(Vehicles4↦50.00786781311035),(Vehicles5↦78.12241911888123)}"
      },
      "probabilisticVariables": null,
      "activating": [
        "SLOWER_12"
      ],
      "activatingOnlyWhenExecuted": true,
      "updating": null,
      "withPredicate": null
    },
    {
      "id": "SLOWER_12",
      "execute": "SLOWER",
      "after": "1000",
      "priority": 0,
      "additionalGuards": null,
      "activationKind": null,
      "fixedVariables": {
        "Crash": "FALSE",
        "VehiclesAy": "{(EgoVehicle↦-3.3217872896784684E-12),(Vehicles2↦3.3306690738754696E-12),(Vehicles3↦3.3306690738754696E-12),(Vehicles4↦3.3306690738754696E-12),(Vehicles5↦-3.383959779057477E-12)}",
        "Reward": "0.8818733599090334",
        "VehiclesAx": "{(EgoVehicle↦-3.760092258453369),(Vehicles2↦4.066743850708008),(Vehicles3↦3.807516098022461),(Vehicles4↦3.7503281235694885),(Vehicles5↦3.788846731185913)}",
        "VehiclesVx": "{(EgoVehicle↦25.570251941680908),(Vehicles2↦-7.1467578411102295),(Vehicles3↦-5.806435942649841),(Vehicles4↦-3.362071216106415),(Vehicles5↦-6.186463832855225)}",
        "VehiclesY": "{(EgoVehicle↦8.000000238418579),(Vehicles2↦-8.000000238418579),(Vehicles3↦-4.0000001192092896),(Vehicles4↦7.993605777301127E-15),(Vehicles5↦-8.000000238418579)}",
        "VehiclesVy": "{(EgoVehicle↦3.552713678800501E-14),(Vehicles2↦-2.6645352591003757E-14),(Vehicles3↦-2.6645352591003757E-14),(Vehicles4↦-2.6645352591003757E-14),(Vehicles5↦-2.6645352591003757E-14)}",
        "VehiclesX": "{(EgoVehicle↦200.0),(Vehicles2↦22.647424042224884),(Vehicles3↦41.90287888050079),(Vehicles4↦44.96579170227051),(Vehicles5↦70.2340841293335)}"
      },
      "probabilisticVariables": null,
      "activating": [
        "SLOWER_13"
      ],
      "activatingOnlyWhenExecuted": true,
      "updating": null,
      "withPredicate": null
    },
    {
      "id": "SLOWER_13",
      "execute": "SLOWER",
      "after": "1000",
      "priority": 0,
      "additionalGuards": null,
      "activationKind": null,
      "fixedVariables": {
        "Crash": "FALSE",
        "VehiclesAy": "{(EgoVehicle↦-3.552713678800501E-14),(Vehicles2↦2.6645352591003757E-14),(Vehicles3↦2.6645352591003757E-14),(Vehicles4↦2.6645352591003757E-14),(Vehicles5↦-2.6645352591003757E-14)}",
        "Reward": "0.7528941598782813",
        "VehiclesAx": "{(EgoVehicle↦-4.836721420288086),(Vehicles2↦5.0562189519405365),(Vehicles3↦4.880378767848015),(Vehicles4↦4.827478229999542),(Vehicles5↦4.854535609483719)}",
        "VehiclesVx": "{(EgoVehicle↦20.733530521392822),(Vehicles2↦-2.090538889169693),(Vehicles3↦-0.9260571748018265),(Vehicles4↦1.4654070138931274),(Vehicles5↦-1.3319282233715057)}",
        "VehiclesY": "{(EgoVehicle↦8.000000238418579),(Vehicles2↦-8.000000238418579),(Vehicles3↦-4.0000001192092896),(Vehicles4↦0.0),(Vehicles5↦-8.000000238418579)}",
        "VehiclesVy": "{(EgoVehicle↦0.0),(Vehicles2↦0.0),(Vehicles3↦0.0),(Vehicles4↦0.0),(Vehicles5↦0.0)}",
        "VehiclesX": "{(EgoVehicle↦200.0),(Vehicles2↦18.26249212026596),(Vehicles3↦38.7824147939682),(Vehicles4↦44.2682147026062),(Vehicles5↦66.72357320785522)}"
      },
      "probabilisticVariables": null,
      "activating": [
        "SLOWER_14"
      ],
      "activatingOnlyWhenExecuted": true,
      "updating": null,
      "withPredicate": null
    },
    {
      "id": "SLOWER_14",
      "execute": "SLOWER",
      "after": "1000",
      "priority": 0,
      "additionalGuards": null,
      "activationKind": null,
      "fixedVariables": {
        "Crash": "FALSE",
        "VehiclesAy": "{(EgoVehicle↦0.0),(Vehicles2↦0.0),(Vehicles3↦0.0),(Vehicles4↦0.0),(Vehicles5↦0.0)}",
        "Reward": "0.7359092446478944",
        "VehiclesAx": "{(EgoVehicle↦-0.6369328498840332),(Vehicles2↦0.7956209778785706),(Vehicles3↦0.6771605461835861),(Vehicles4↦0.6279285252094269),(Vehicles5↦0.6494169682264328)}",
        "VehiclesVx": "{(EgoVehicle↦20.09659767150879),(Vehicles2↦-1.2949179112911224),(Vehicles3↦-0.24889662861824036),(Vehicles4↦2.0933355391025543),(Vehicles5↦-0.6825112551450729)}",
        "VehiclesY": "{(EgoVehicle↦8.000000238418579),(Vehicles2↦-8.000000238418579),(Vehicles3↦-4.0000001192092896),(Vehicles4↦0.0),(Vehicles5↦-8.000000238418579)}",
        "VehiclesVy": "{(EgoVehicle↦0.0),(Vehicles2↦0.0),(Vehicles3↦0.0),(Vehicles4↦0.0),(Vehicles5↦0.0)}",
        "VehiclesX": "{(EgoVehicle↦200.0),(Vehicles2↦16.590797901153564),(Vehicles3↦38.224077224731445),(Vehicles4↦46.08137905597687),(Vehicles5↦65.74828028678894)}"
      },
      "probabilisticVariables": null,
      "activating": [
        "SLOWER_15"
      ],
      "activatingOnlyWhenExecuted": true,
      "updating": null,
      "withPredicate": null
    },
    {
      "id": "SLOWER_15",
      "execute": "SLOWER",
      "after": "1000",
      "priority": 0,
      "additionalGuards": null,
      "activationKind": null,
      "fixedVariables": {
        "Crash": "FALSE",
        "VehiclesAy": "{(EgoVehicle↦0.0),(Vehicles2↦0.0),(Vehicles3↦0.0),(Vehicles4↦0.0),(Vehicles5↦0.0)}",
        "Reward": "0.733672547992041",
        "VehiclesAx": "{(EgoVehicle↦-0.0838780403137207),(Vehicles2↦0.20095467567443848),(Vehicles3↦0.12108899652957916),(Vehicles4↦0.0749291479587555),(Vehicles5↦0.09413570165634155)}",
        "VehiclesVx": "{(EgoVehicle↦20.01271963119507),(Vehicles2↦-1.093963235616684),(Vehicles3↦-0.1278076320886612),(Vehicles4↦2.16826468706131),(Vehicles5↦-0.5883755534887314)}",
        "VehiclesY": "{(EgoVehicle↦8.000000238418579),(Vehicles2↦-8.000000238418579),(Vehicles3↦-4.0000001192092896),(Vehicles4↦0.0),(Vehicles5↦-8.000000238418579)}",
        "VehiclesVy": "{(EgoVehicle↦0.0),(Vehicles2↦0.0),(Vehicles3↦0.0),(Vehicles4↦0.0),(Vehicles5↦0.0)}",
        "VehiclesX": "{(EgoVehicle↦200.0),(Vehicles2↦15.391702950000763),(Vehicles3↦38.036561012268066),(Vehicles4↦48.21740686893463),(Vehicles5↦65.11623859405518)}"
      },
      "probabilisticVariables": null,
      "activating": [
        "SLOWER_16"
      ],
      "activatingOnlyWhenExecuted": true,
      "updating": null,
      "withPredicate": null
    },
    {
      "id": "SLOWER_16",
      "execute": "SLOWER",
      "after": "1000",
      "priority": 0,
      "additionalGuards": null,
      "activationKind": null,
      "fixedVariables": {
        "Crash": "FALSE",
        "VehiclesAy": "{(EgoVehicle↦0.0),(Vehicles2↦0.0),(Vehicles3↦0.0),(Vehicles4↦0.0),(Vehicles5↦0.0)}",
        "Reward": "0.7333780035764553",
        "VehiclesAx": "{(EgoVehicle↦-0.011043548583984375),(Vehicles2↦0.09985364973545074),(Vehicles3↦0.04563816823065281),(Vehicles4↦0.002049356698989868),(Vehicles5↦0.0207674503326416)}",
        "VehiclesVx": "{(EgoVehicle↦20.001676082611084),(Vehicles2↦-0.9941095858812332),(Vehicles3↦-0.08216946385800838),(Vehicles4↦2.1703140437602997),(Vehicles5↦-0.5676081031560898)}",
        "VehiclesY": "{(EgoVehicle↦8.000000238418579),(Vehicles2↦-8.000000238418579),(Vehicles3↦-4.0000001192092896),(Vehicles4↦0.0),(Vehicles5↦-8.000000238418579)}",
        "VehiclesVy": "{(EgoVehicle↦0.0),(Vehicles2↦0.0),(Vehicles3↦0.0),(Vehicles4↦0.0),(Vehicles5↦0.0)}",
        "VehiclesX": "{(EgoVehicle↦200.0),(Vehicles2↦14.34120386838913),(Vehicles3↦37.928879261016846),(Vehicles4↦50.38817524909973),(Vehicles5↦64.53784704208374)}"
      },
      "probabilisticVariables": null,
      "activating": [
        "SLOWER_17"
      ],
      "activatingOnlyWhenExecuted": true,
      "updating": null,
      "withPredicate": null
    },
    {
      "id": "SLOWER_17",
      "execute": "SLOWER",
      "after": "1000",
      "priority": 0,
      "additionalGuards": null,
      "activationKind": null,
      "fixedVariables": {
        "Crash": "FALSE",
        "VehiclesAy": "{(EgoVehicle↦0.0),(Vehicles2↦0.0),(Vehicles3↦0.0),(Vehicles4↦0.0),(Vehicles5↦0.0)}",
        "Reward": "0.7333392158344852",
        "VehiclesAx": "{(EgoVehicle↦-0.0014543533325195312),(Vehicles2↦0.07100686430931091),(Vehicles3↦0.03376084379851818),(Vehicles4↦-0.007656216621398926),(Vehicles5↦0.011518076062202454)}",
        "VehiclesVx": "{(EgoVehicle↦20.000221729278564),(Vehicles2↦-0.9231027215719223),(Vehicles3↦-0.048408620059490204),(Vehicles4↦2.1626578271389008),(Vehicles5↦-0.5560900270938873)}",
        "VehiclesY": "{(EgoVehicle↦8.000000238418579),(Vehicles2↦-8.000000238418579),(Vehicles3↦-4.0000001192092896),(Vehicles4↦0.0),(Vehicles5↦-8.000000238418579)}",
        "VehiclesVy": "{(EgoVehicle↦0.0),(Vehicles2↦0.0),(Vehicles3↦0.0),(Vehicles4↦0.0),(Vehicles5↦0.0)}",
        "VehiclesX": "{(EgoVehicle↦200.0),(Vehicles2↦13.376982510089874),(Vehicles3↦37.860605120658875),(Vehicles4↦52.55565643310547),(Vehicles5↦63.97501826286316)}"
      },
      "probabilisticVariables": null,
      "activating": [
        "SLOWER_18"
      ],
      "activatingOnlyWhenExecuted": true,
      "updating": null,
      "withPredicate": null
    },
    {
      "id": "SLOWER_18",
      "execute": "SLOWER",
      "after": "1000",
      "priority": 0,
      "additionalGuards": null,
      "activationKind": null,
      "fixedVariables": {
        "Crash": "FALSE",
        "VehiclesAy": "{(EgoVehicle↦0.0),(Vehicles2↦0.0),(Vehicles3↦0.0),(Vehicles4↦0.0),(Vehicles5↦0.0)}",
        "Reward": "0.7333341079836909",
        "VehiclesAx": "{(EgoVehicle↦-0.00019311904907226562),(Vehicles2↦0.05650222301483154),(Vehicles3↦0.030483516165986657),(Vehicles4↦-0.009072870016098022),(Vehicles5↦0.011022239923477173)}",
        "VehiclesVx": "{(EgoVehicle↦20.000028610229492),(Vehicles2↦-0.8666004985570908),(Vehicles3↦-0.017925103893503547),(Vehicles4↦2.1535849571228027),(Vehicles5↦-0.5450677871704102)}",
        "VehiclesY": "{(EgoVehicle↦8.000000238418579),(Vehicles2↦-8.000000238418579),(Vehicles3↦-4.0000001192092896),(Vehicles4↦0.0),(Vehicles5↦-8.000000238418579)}",
        "VehiclesVy": "{(EgoVehicle↦0.0),(Vehicles2↦0.0),(Vehicles3↦0.0),(Vehicles4↦0.0),(Vehicles5↦0.0)}",
        "VehiclesX": "{(EgoVehicle↦200.0),(Vehicles2↦12.477385252714157),(Vehicles3↦37.82457113265991),(Vehicles4↦54.7147274017334),(Vehicles5↦63.42329382896423)}"
      },
      "probabilisticVariables": null,
      "activating": [
        "SLOWER_19"
      ],
      "activatingOnlyWhenExecuted": true,
      "updating": null,
      "withPredicate": null
    },
    {
      "id": "SLOWER_19",
      "execute": "SLOWER",
      "after": "1000",
      "priority": 0,
      "additionalGuards": null,
      "activationKind": null,
      "fixedVariables": {
        "Crash": "FALSE",
        "VehiclesAy": "{(EgoVehicle↦0.0),(Vehicles2↦0.0),(Vehicles3↦0.0),(Vehicles4↦0.0),(Vehicles5↦0.0)}",
        "Reward": "0.7333334353449031",
        "VehiclesAx": "{(EgoVehicle↦-2.384185791015625E-05),(Vehicles2↦0.047095417976379395),(Vehicles3↦0.028522397624328732),(Vehicles4↦-0.00941544771194458),(Vehicles5↦0.011795945465564728)}",
        "VehiclesVx": "{(EgoVehicle↦20.000004768371582),(Vehicles2↦-0.8195050805807114),(Vehicles3↦0.010597293730825186),(Vehicles4↦2.144169509410858),(Vehicles5↦-0.5332718417048454)}",
        "VehiclesY": "{(EgoVehicle↦8.000000238418579),(Vehicles2↦-8.000000238418579),(Vehicles3↦-4.0000001192092896),(Vehicles4↦0.0),(Vehicles5↦-8.000000238418579)}",
        "VehiclesVy": "{(EgoVehicle↦0.0),(Vehicles2↦0.0),(Vehicles3↦0.0),(Vehicles4↦0.0),(Vehicles5↦0.0)}",
        "VehiclesX": "{(EgoVehicle↦200.0),(Vehicles2↦11.630243062973022),(Vehicles3↦37.818193435668945),(Vehicles4↦56.86456561088562),(Vehicles5↦62.88287043571472)}"
      },
      "probabilisticVariables": null,
      "activating": [
        "SLOWER_20"
      ],
      "activatingOnlyWhenExecuted": true,
      "updating": null,
      "withPredicate": null
    },
    {
      "id": "SLOWER_20",
      "execute": "SLOWER",
      "after": "1000",
      "priority": 0,
      "additionalGuards": null,
      "activationKind": null,
      "fixedVariables": {
        "Crash": "FALSE",
        "VehiclesAy": "{(EgoVehicle↦0.0),(Vehicles2↦0.0),(Vehicles3↦0.0),(Vehicles4↦0.0),(Vehicles5↦0.0)}",
        "Reward": "0.7333333467669556",
        "VehiclesAx": "{(EgoVehicle↦-4.76837158203125E-06),(Vehicles2↦0.04050791263580322),(Vehicles3↦0.02688370645046234),(Vehicles4↦-0.009626001119613647),(Vehicles5↦0.012748241424560547)}",
        "VehiclesVx": "{(EgoVehicle↦20.0),(Vehicles2↦-0.7789971679449081),(Vehicles3↦0.03748100018128753),(Vehicles4↦2.1345435082912445),(Vehicles5↦-0.5205236002802849)}",
        "VehiclesY": "{(EgoVehicle↦8.000000238418579),(Vehicles2↦-8.000000238418579),(Vehicles3↦-4.0000001192092896),(Vehicles4↦0.0),(Vehicles5↦-8.000000238418579)}",
        "VehiclesVy": "{(EgoVehicle↦0.0),(Vehicles2↦0.0),(Vehicles3↦0.0),(Vehicles4↦0.0),(Vehicles5↦0.0)}",
        "VehiclesX": "{(EgoVehicle↦200.0),(Vehicles2↦10.827384889125824),(Vehicles3↦37.83966898918152),(Vehicles4↦59.004902839660645),(Vehicles5↦62.354618310928345)}"
      },
      "probabilisticVariables": null,
      "activating": [
        "FASTER_21"
      ],
      "activatingOnlyWhenExecuted": true,
      "updating": null,
      "withPredicate": null
    },
    {
      "id": "FASTER_21",
      "execute": "FASTER",
      "after": "1000",
      "priority": 0,
      "additionalGuards": null,
      "activationKind": null,
      "fixedVariables": {
        "Crash": "FALSE",
        "VehiclesAy": "{(EgoVehicle↦0.0),(Vehicles2↦0.0),(Vehicles3↦0.0),(Vehicles4↦0.0),(Vehicles5↦0.0)}",
        "Reward": "0.8491083693959228",
        "VehiclesAx": "{(EgoVehicle↦4.341564178466797),(Vehicles2↦-4.305817261338234),(Vehicles3↦-4.316153337713331),(Vehicles4↦-4.351387470960617),(Vehicles5↦-4.327883906662464)}",
        "VehiclesVx": "{(EgoVehicle↦24.341564178466797),(Vehicles2↦-5.084814429283142),(Vehicles3↦-4.2786723375320435),(Vehicles4↦-2.2168439626693726),(Vehicles5↦-4.848407506942749)}",
        "VehiclesY": "{(EgoVehicle↦8.000000238418579),(Vehicles2↦-8.000000238418579),(Vehicles3↦-4.0000001192092896),(Vehicles4↦0.0),(Vehicles5↦-8.000000238418579)}",
        "VehiclesVy": "{(EgoVehicle↦0.0),(Vehicles2↦0.0),(Vehicles3↦0.0),(Vehicles4↦0.0),(Vehicles5↦0.0)}",
        "VehiclesX": "{(EgoVehicle↦200.0),(Vehicles2↦7.667949050664902),(Vehicles3↦35.49236357212067),(Vehicles4↦58.740466833114624),(Vehicles5↦59.44443345069885)}"
      },
      "probabilisticVariables": null,
      "activating": [
        "SLOWER_22"
      ],
      "activatingOnlyWhenExecuted": true,
      "updating": null,
      "withPredicate": null
    },
    {
      "id": "SLOWER_22",
      "execute": "SLOWER",
      "after": "1000",
      "priority": 0,
      "additionalGuards": null,
      "activationKind": null,
      "fixedVariables": {
        "Crash": "FALSE",
        "VehiclesAy": "{(EgoVehicle↦0.0),(Vehicles2↦0.0),(Vehicles3↦0.0),(Vehicles4↦0.0),(Vehicles5↦0.0)}",
        "Reward": "0.7485794286172958",
        "VehiclesAx": "{(EgoVehicle↦-3.76983642578125),(Vehicles2↦3.802061229944229),(Vehicles3↦3.793897069990635),(Vehicles4↦1.152808517217636),(Vehicles5↦6.391377747058868)}",
        "VehiclesVx": "{(EgoVehicle↦20.571727752685547),(Vehicles2↦-1.282753199338913),(Vehicles3↦-0.48477526754140854),(Vehicles4↦-1.0640354454517365),(Vehicles5↦1.5429702401161194)}",
        "VehiclesY": "{(EgoVehicle↦8.000000238418579),(Vehicles2↦-8.000000238418579),(Vehicles3↦-4.0000001192092896),(Vehicles4↦-8.000000238418579),(Vehicles5↦0.0)}",
        "VehiclesVy": "{(EgoVehicle↦0.0),(Vehicles2↦0.0),(Vehicles3↦0.0),(Vehicles4↦0.0),(Vehicles5↦0.0)}",
        "VehiclesX": "{(EgoVehicle↦200.0),(Vehicles2↦4.675929620862007),(Vehicles3↦33.30308198928833),(Vehicles4↦56.68144226074219),(Vehicles5↦58.59929323196411)}"
      },
      "probabilisticVariables": null,
      "activating": [
        "FASTER_23"
      ],
      "activatingOnlyWhenExecuted": true,
      "updating": null,
      "withPredicate": null
    },
    {
      "id": "FASTER_23",
      "execute": "FASTER",
      "after": "1000",
      "priority": 0,
      "additionalGuards": null,
      "activationKind": null,
      "fixedVariables": {
        "Crash": "FALSE",
        "VehiclesAy": "{(EgoVehicle↦0.0),(Vehicles2↦0.0),(Vehicles3↦0.0),(Vehicles4↦0.0),(Vehicles5↦0.0)}",
        "Reward": "0.8511160838782722",
        "VehiclesAx": "{(EgoVehicle↦3.8451242446899414),(Vehicles2↦-3.8155533373355865),(Vehicles3↦-3.8223064318299294),(Vehicles4↦-3.8298238813877106),(Vehicles5↦-3.8553419709205627)}",
        "VehiclesVx": "{(EgoVehicle↦24.41685199737549),(Vehicles2↦-5.0983065366744995),(Vehicles3↦-4.307081699371338),(Vehicles4↦-4.893859326839447),(Vehicles5↦-2.3123717308044434)}",
        "VehiclesY": "{(EgoVehicle↦8.000000238418579),(Vehicles2↦-8.000000238418579),(Vehicles3↦-4.0000001192092896),(Vehicles4↦-8.000000238418579),(Vehicles5↦0.0)}",
        "VehiclesVy": "{(EgoVehicle↦0.0),(Vehicles2↦0.0),(Vehicles3↦0.0),(Vehicles4↦0.0),(Vehicles5↦0.0)}",
        "VehiclesX": "{(EgoVehicle↦200.0),(Vehicles2↦1.283993013203144),(Vehicles3↦30.706334114074707),(Vehicles4↦53.50227355957031),(Vehicles5↦58.01699757575989)}"
      },
      "probabilisticVariables": null,
      "activating": [
        "IDLE_24"
      ],
      "activatingOnlyWhenExecuted": true,
      "updating": null,
      "withPredicate": null
    },
    {
      "id": "IDLE_24",
      "execute": "IDLE",
      "after": "1000",
      "priority": 0,
      "additionalGuards": null,
      "activationKind": null,
      "fixedVariables": {
        "Crash": "FALSE",
        "VehiclesAy": "{(EgoVehicle↦0.0),(Vehicles2↦0.0),(Vehicles3↦0.0),(Vehicles4↦0.0),(Vehicles5↦0.0)}",
        "Reward": "0.8646188532953554",
        "VehiclesAx": "{(EgoVehicle↦0.5063557624816895),(Vehicles2↦-0.478823184967041),(Vehicles3↦-0.48468858003616333),(Vehicles4↦-0.4903873801231384),(Vehicles5↦-0.5167657136917114)}",
        "VehiclesVx": "{(EgoVehicle↦24.923207759857178),(Vehicles2↦-5.5771297216415405),(Vehicles3↦-4.791770279407501),(Vehicles4↦-5.3842467069625854),(Vehicles5↦-2.829137444496155)}",
        "VehiclesY": "{(EgoVehicle↦8.000000238418579),(Vehicles2↦-8.000000238418579),(Vehicles3↦-4.0000001192092896),(Vehicles4↦-8.000000238418579),(Vehicles5↦0.0)}",
        "VehiclesVy": "{(EgoVehicle↦0.0),(Vehicles2↦0.0),(Vehicles3↦0.0),(Vehicles4↦0.0),(Vehicles5↦0.0)}",
        "VehiclesX": "{(EgoVehicle↦200.0),(Vehicles2↦-4.082492366433144),(Vehicles3↦26.128673553466797),(Vehicles4↦48.33541512489319),(Vehicles5↦55.421143770217896)}"
      },
      "probabilisticVariables": null,
      "activating": [
        "IDLE_25"
      ],
      "activatingOnlyWhenExecuted": true,
      "updating": null,
      "withPredicate": null
    },
    {
      "id": "IDLE_25",
      "execute": "IDLE",
      "after": "1000",
      "priority": 0,
      "additionalGuards": null,
      "activationKind": null,
      "fixedVariables": {
        "Crash": "FALSE",
        "VehiclesAy": "{(EgoVehicle↦0.0),(Vehicles2↦0.0),(Vehicles3↦0.0),(Vehicles4↦0.0),(Vehicles5↦0.0)}",
        "Reward": "0.8663969957700332",
        "VehiclesAx": "{(EgoVehicle↦0.06667852401733398),(Vehicles2↦-0.04074275493621826),(Vehicles3↦-0.04608839750289917),(Vehicles4↦-0.05014538764953613),(Vehicles5↦-0.07728397846221924)}",
        "VehiclesVx": "{(EgoVehicle↦24.98988628387451),(Vehicles2↦-5.617872476577759),(Vehicles3↦-4.8378586769104),(Vehicles4↦-5.434392094612122),(Vehicles5↦-2.906421422958374)}",
        "VehiclesY": "{(EgoVehicle↦8.000000238418579),(Vehicles2↦-8.000000238418579),(Vehicles3↦-4.0000001192092896),(Vehicles4↦-8.000000238418579),(Vehicles5↦0.0)}",
        "VehiclesVy": "{(EgoVehicle↦0.0),(Vehicles2↦0.0),(Vehicles3↦0.0),(Vehicles4↦0.0),(Vehicles5↦0.0)}",
        "VehiclesX": "{(EgoVehicle↦200.0),(Vehicles2↦-9.685918688774109),(Vehicles3↦21.30843847990036),(Vehicles4↦42.92095601558685),(Vehicles5↦52.550989389419556)}"
      },
      "probabilisticVariables": null,
      "activating": [
        "SLOWER_26"
      ],
      "activatingOnlyWhenExecuted": true,
      "updating": null,
      "withPredicate": null
    },
    {
      "id": "SLOWER_26",
      "execute": "SLOWER",
      "after": "1000",
      "priority": 0,
      "additionalGuards": null,
      "activationKind": null,
      "fixedVariables": {
        "Crash": "FALSE",
        "VehiclesAy": "{(EgoVehicle↦0.0),(Vehicles2↦0.0),(Vehicles3↦0.0),(Vehicles4↦0.0),(Vehicles5↦1.7763568394002505E-14)}",
        "Reward": "0.7508561201562732",
        "VehiclesAx": "{(EgoVehicle↦-4.332780838012695),(Vehicles2↦5.132386349141598),(Vehicles3↦3.7532612681388855),(Vehicles4↦6.8499621748924255),(Vehicles5↦2.875036485493183)}",
        "VehiclesVx": "{(EgoVehicle↦20.657105445861816),(Vehicles2↦-0.48548612743616104),(Vehicles3↦-1.084597408771515),(Vehicles4↦1.415570080280304),(Vehicles5↦-0.03138493746519089)}",
        "VehiclesY": "{(EgoVehicle↦8.000000238418579),(Vehicles2↦-4.0000001192092896),(Vehicles3↦-8.000000238418579),(Vehicles4↦0.0),(Vehicles5↦-4.0000001192092896)}",
        "VehiclesVy": "{(EgoVehicle↦0.0),(Vehicles2↦0.0),(Vehicles3↦0.0),(Vehicles4↦0.0),(Vehicles5↦1.7763568394002505E-14)}",
        "VehiclesX": "{(EgoVehicle↦200.0),(Vehicles2↦18.868710100650787),(Vehicles3↦39.88355100154877),(Vehicles4↦52.03048586845398),(Vehicles5↦92.78380274772644)}"
      },
      "probabilisticVariables": null,
      "activating": [
        "FASTER_27"
      ],
      "activatingOnlyWhenExecuted": true,
      "updating": null,
      "withPredicate": null
    },
    {
      "id": "FASTER_27",
      "execute": "FASTER",
      "after": "1000",
      "priority": 0,
      "additionalGuards": null,
      "activationKind": null,
      "fixedVariables": {
        "Crash": "FALSE",
        "VehiclesAy": "{(EgoVehicle↦0.0),(Vehicles2↦0.0),(Vehicles3↦0.0),(Vehicles4↦0.0),(Vehicles5↦3.552713678800501E-14)}",
        "Reward": "0.8514158951097425",
        "VehiclesAx": "{(EgoVehicle↦3.7709903717041016),(Vehicles2↦-3.752339445054531),(Vehicles3↦-3.7535876035690308),(Vehicles4↦-3.781966418027878),(Vehicles5↦-3.765571303665638)}",
        "VehiclesVx": "{(EgoVehicle↦24.428095817565918),(Vehicles2↦-4.237825572490692),(Vehicles3↦-4.838185012340546),(Vehicles4↦-2.366396337747574),(Vehicles5↦-3.796956241130829)}",
        "VehiclesY": "{(EgoVehicle↦8.000000238418579),(Vehicles2↦-4.0000001192092896),(Vehicles3↦-8.000000238418579),(Vehicles4↦0.0),(Vehicles5↦-4.0000001192092896)}",
        "VehiclesVy": "{(EgoVehicle↦0.0),(Vehicles2↦0.0),(Vehicles3↦0.0),(Vehicles4↦0.0),(Vehicles5↦1.7763568394002505E-14)}",
        "VehiclesX": "{(EgoVehicle↦200.0),(Vehicles2↦16.31045639514923),(Vehicles3↦36.72558665275574),(Vehicles4↦51.36138200759888),(Vehicles5↦90.67432880401611)}"
      },
      "probabilisticVariables": null,
      "activating": [
        "SLOWER_28"
      ],
      "activatingOnlyWhenExecuted": true,
      "updating": null,
      "withPredicate": null
    },
    {
      "id": "SLOWER_28",
      "execute": "SLOWER",
      "after": "1000",
      "priority": 0,
      "additionalGuards": null,
      "activationKind": null,
      "fixedVariables": {
        "Crash": "FALSE",
        "VehiclesAy": "{(EgoVehicle↦0.0),(Vehicles2↦0.0),(Vehicles3↦0.0),(Vehicles4↦0.0),(Vehicles5↦3.552713678800501E-14)}",
        "Reward": "0.7488833003162351",
        "VehiclesAx": "{(EgoVehicle↦-3.8449716567993164),(Vehicles2↦3.8627446815371513),(Vehicles3↦3.8626908510923386),(Vehicles4↦3.8338184356689453),(Vehicles5↦3.8499057199805975)}",
        "VehiclesVx": "{(EgoVehicle↦20.5831241607666),(Vehicles2↦-0.3750808909535408),(Vehicles3↦-0.9754941612482071),(Vehicles4↦1.4674220979213715),(Vehicles5↦0.05294947884976864)}",
        "VehiclesY": "{(EgoVehicle↦8.000000238418579),(Vehicles2↦-4.0000001192092896),(Vehicles3↦-8.000000238418579),(Vehicles4↦0.0),(Vehicles5↦-4.0000001192092896)}",
        "VehiclesVy": "{(EgoVehicle↦0.0),(Vehicles2↦0.0),(Vehicles3↦0.0),(Vehicles4↦0.0),(Vehicles5↦1.7763568394002505E-14)}",
        "VehiclesX": "{(EgoVehicle↦200.0),(Vehicles2↦14.200921356678009),(Vehicles3↦34.01557803153992),(Vehicles4↦51.111650466918945),(Vehicles5↦89.00049328804016)}"
      },
      "probabilisticVariables": null,
      "activating": [
        "FASTER_29"
      ],
      "activatingOnlyWhenExecuted": true,
      "updating": null,
      "withPredicate": null
    },
    {
      "id": "FASTER_29",
      "execute": "FASTER",
      "after": "1000",
      "priority": 0,
      "additionalGuards": null,
      "activationKind": null,
      "fixedVariables": {
        "Crash": "FALSE",
        "VehiclesAy": "{(EgoVehicle↦0.0),(Vehicles2↦0.0),(Vehicles3↦0.0),(Vehicles4↦0.0),(Vehicles5↦3.552713678800501E-14)}",
        "Reward": "0.8511560999044697",
        "VehiclesAx": "{(EgoVehicle↦3.8352298736572266),(Vehicles2↦-3.8182834908366203),(Vehicles3↦-3.817267045378685),(Vehicles4↦-3.8465578854084015),(Vehicles5↦-3.830743422731757)}",
        "VehiclesVx": "{(EgoVehicle↦24.418354034423828),(Vehicles2↦-4.193364381790161),(Vehicles3↦-4.792761206626892),(Vehicles4↦-2.37913578748703),(Vehicles5↦-3.7777939438819885)}",
        "VehiclesY": "{(EgoVehicle↦8.000000238418579),(Vehicles2↦-4.0000001192092896),(Vehicles3↦-8.000000238418579),(Vehicles4↦0.0),(Vehicles5↦-4.0000001192092896)}",
        "VehiclesVy": "{(EgoVehicle↦0.0),(Vehicles2↦0.0),(Vehicles3↦0.0),(Vehicles4↦0.0),(Vehicles5↦1.7763568394002505E-14)}",
        "VehiclesX": "{(EgoVehicle↦200.0),(Vehicles2↦11.716944724321365),(Vehicles3↦30.931514501571655),(Vehicles4↦50.458818674087524),(Vehicles5↦86.93953156471252)}"
      },
      "probabilisticVariables": null,
      "activating": [
        "SLOWER_30"
      ],
      "activatingOnlyWhenExecuted": true,
      "updating": null,
      "withPredicate": null
    },
    {
      "id": "SLOWER_30",
      "execute": "SLOWER",
      "after": "1000",
      "priority": 0,
      "additionalGuards": null,
      "activationKind": null,
      "fixedVariables": {
        "Crash": "FALSE",
        "VehiclesAy": "{(EgoVehicle↦0.0),(Vehicles2↦0.0),(Vehicles3↦0.0),(Vehicles4↦0.0),(Vehicles5↦3.552713678800501E-14)}",
        "Reward": "0.7488490886019604",
        "VehiclesAx": "{(EgoVehicle↦-3.836512565612793),(Vehicles2↦3.852682411670685),(Vehicles3↦3.8546574860811234),(Vehicles4↦3.8250163197517395),(Vehicles5↦3.840589541941881)}",
        "VehiclesVx": "{(EgoVehicle↦20.581841468811035),(Vehicles2↦-0.3406819701194763),(Vehicles3↦-0.9381037205457687),(Vehicles4↦1.4458805322647095),(Vehicles5↦0.06279559805989265)}",
        "VehiclesY": "{(EgoVehicle↦8.000000238418579),(Vehicles2↦-4.0000001192092896),(Vehicles3↦-8.000000238418579),(Vehicles4↦0.0),(Vehicles5↦-4.0000001192092896)}",
        "VehiclesVy": "{(EgoVehicle↦0.0),(Vehicles2↦0.0),(Vehicles3↦0.0),(Vehicles4↦0.0),(Vehicles5↦1.7763568394002505E-14)}",
        "VehiclesX": "{(EgoVehicle↦200.0),(Vehicles2↦9.646554291248322),(Vehicles3↦28.262445330619812),(Vehicles4↦50.19153952598572),(Vehicles5↦85.27984619140625)}"
      },
      "probabilisticVariables": null,
      "activating": [
        "FASTER_31"
      ],
      "activatingOnlyWhenExecuted": true,
      "updating": null,
      "withPredicate": null
    },
    {
      "id": "FASTER_31",
      "execute": "FASTER",
      "after": "1000",
      "priority": 0,
      "additionalGuards": null,
      "activationKind": null,
      "fixedVariables": {
        "Crash": "FALSE",
        "VehiclesAy": "{(EgoVehicle↦0.0),(Vehicles2↦0.0),(Vehicles3↦0.0),(Vehicles4↦0.0),(Vehicles5↦3.552713678800501E-14)}",
        "Reward": "0.8511515946581457",
        "VehiclesAx": "{(EgoVehicle↦3.836343288421631),(Vehicles2↦-3.8209059834480286),(Vehicles3↦-3.818073645234108),(Vehicles4↦-3.8480038940906525),(Vehicles5↦-3.83264334872365)}",
        "VehiclesVx": "{(EgoVehicle↦24.418184757232666),(Vehicles2↦-4.161587953567505),(Vehicles3↦-4.756177365779877),(Vehicles4↦-2.402123361825943),(Vehicles5↦-3.7698477506637573)}",
        "VehiclesY": "{(EgoVehicle↦8.000000238418579),(Vehicles2↦-4.0000001192092896),(Vehicles3↦-8.000000238418579),(Vehicles4↦0.0),(Vehicles5↦-4.0000001192092896)}",
        "VehiclesVy": "{(EgoVehicle↦0.0),(Vehicles2↦0.0),(Vehicles3↦0.0),(Vehicles4↦0.0),(Vehicles5↦1.7763568394002505E-14)}",
        "VehiclesX": "{(EgoVehicle↦200.0),(Vehicles2↦7.195751368999481),(Vehicles3↦25.215288996696472),(Vehicles4↦49.51641857624054),(Vehicles5↦83.22780132293701)}"
      },
      "probabilisticVariables": null,
      "activating": [
        "IDLE_32"
      ],
      "activatingOnlyWhenExecuted": true,
      "updating": null,
      "withPredicate": null
    },
    {
      "id": "IDLE_32",
      "execute": "IDLE",
      "after": "1000",
      "priority": 0,
      "additionalGuards": null,
      "activationKind": null,
      "fixedVariables": {
        "Crash": "FALSE",
        "VehiclesAy": "{(EgoVehicle↦0.0),(Vehicles2↦0.0),(Vehicles3↦0.0),(Vehicles4↦0.0),(Vehicles5↦3.552713678800501E-14)}",
        "Reward": "0.8646235296120466",
        "VehiclesAx": "{(EgoVehicle↦0.5051970481872559),(Vehicles2↦-0.49044907093048096),(Vehicles3↦-0.48685044050216675),(Vehicles4↦-0.5170147120952606),(Vehicles5↦-0.5018407106399536)}",
        "VehiclesVx": "{(EgoVehicle↦24.923381805419922),(Vehicles2↦-4.652037024497986),(Vehicles3↦-5.2430278062820435),(Vehicles4↦-2.9191380739212036),(Vehicles5↦-4.271688461303711)}",
        "VehiclesY": "{(EgoVehicle↦8.000000238418579),(Vehicles2↦-4.0000001192092896),(Vehicles3↦-8.000000238418579),(Vehicles4↦0.0),(Vehicles5↦-4.0000001192092896)}",
        "VehiclesVy": "{(EgoVehicle↦0.0),(Vehicles2↦0.0),(Vehicles3↦0.0),(Vehicles4↦0.0),(Vehicles5↦1.7763568394002505E-14)}",
        "VehiclesX": "{(EgoVehicle↦200.0),(Vehicles2↦2.761419676244259),(Vehicles3↦20.187748968601227),(Vehicles4↦46.830883622169495),(Vehicles5↦79.18062210083008)}"
      },
      "probabilisticVariables": null,
      "activating": [
        "IDLE_33"
      ],
      "activatingOnlyWhenExecuted": true,
      "updating": null,
      "withPredicate": null
    },
    {
      "id": "IDLE_33",
      "execute": "IDLE",
      "after": "1000",
      "priority": 0,
      "additionalGuards": null,
      "activationKind": null,
      "fixedVariables": {
        "Crash": "FALSE",
        "VehiclesAy": "{(EgoVehicle↦0.0),(Vehicles2↦0.0),(Vehicles3↦0.0),(Vehicles4↦0.0),(Vehicles5↦3.552713678800501E-14)}",
        "Reward": "0.8663976115812847",
        "VehiclesAx": "{(EgoVehicle↦0.0665283203125),(Vehicles2↦-0.052430033683776855),(Vehicles3↦-0.04814863204956055),(Vehicles4↦-0.07849663496017456),(Vehicles5↦-0.06348580121994019)}",
        "VehiclesVx": "{(EgoVehicle↦24.989910125732422),(Vehicles2↦-4.704467058181763),(Vehicles3↦-5.291176438331604),(Vehicles4↦-2.997634708881378),(Vehicles5↦-4.335174262523651)}",
        "VehiclesY": "{(EgoVehicle↦8.000000238418579),(Vehicles2↦-4.0000001192092896),(Vehicles3↦-8.000000238418579),(Vehicles4↦0.0),(Vehicles5↦-4.0000001192092896)}",
        "VehiclesVy": "{(EgoVehicle↦0.0),(Vehicles2↦0.0),(Vehicles3↦0.0),(Vehicles4↦0.0),(Vehicles5↦1.7763568394002505E-14)}",
        "VehiclesX": "{(EgoVehicle↦200.0),(Vehicles2↦-1.9216284155845642),(Vehicles3↦14.91537094116211),(Vehicles4↦43.87027025222778),(Vehicles5↦74.87347722053528)}"
      },
      "probabilisticVariables": null,
      "activating": [
        "SLOWER_34"
      ],
      "activatingOnlyWhenExecuted": true,
      "updating": null,
      "withPredicate": null
    },
    {
      "id": "SLOWER_34",
      "execute": "SLOWER",
      "after": "1000",
      "priority": 0,
      "additionalGuards": null,
      "activationKind": null,
      "fixedVariables": {
        "Crash": "FALSE",
        "VehiclesAy": "{(EgoVehicle↦0.0),(Vehicles2↦0.0),(Vehicles3↦0.0),(Vehicles4↦0.0),(Vehicles5↦3.552713678800501E-14)}",
        "Reward": "0.750856201250759",
        "VehiclesAx": "{(EgoVehicle↦-4.3328022956848145),(Vehicles2↦4.346286654472351),(Vehicles3↦4.351176470518112),(Vehicles4↦4.320689141750336),(Vehicles5↦4.335558590646542)}",
        "VehiclesVx": "{(EgoVehicle↦20.657107830047607),(Vehicles2↦-0.3581804037094116),(Vehicles3↦-0.9399999678134918),(Vehicles4↦1.3230544328689575),(Vehicles5↦0.00038432812289102003)}",
        "VehiclesY": "{(EgoVehicle↦8.000000238418579),(Vehicles2↦-4.0000001192092896),(Vehicles3↦-8.000000238418579),(Vehicles4↦0.0),(Vehicles5↦-4.0000001192092896)}",
        "VehiclesVy": "{(EgoVehicle↦0.0),(Vehicles2↦0.0),(Vehicles3↦0.0),(Vehicles4↦0.0),(Vehicles5↦1.7763568394002505E-14)}",
        "VehiclesX": "{(EgoVehicle↦200.0),(Vehicles2↦-4.2304255068302155),(Vehicles3↦12.021774053573608),(Vehicles4↦43.2580292224884),(Vehicles5↦72.92965650558472)}"
      },
      "probabilisticVariables": null,
      "activating": [
        "IDLE_35"
      ],
      "activatingOnlyWhenExecuted": true,
      "updating": null,
      "withPredicate": null
    },
    {
      "id": "IDLE_35",
      "execute": "IDLE",
      "after": "1000",
      "priority": 0,
      "additionalGuards": null,
      "activationKind": null,
      "fixedVariables": {
        "Crash": "FALSE",
        "VehiclesAy": "{(EgoVehicle↦0.0),(Vehicles2↦0.0),(Vehicles3↦0.0),(Vehicles4↦0.0),(Vehicles5↦3.552713678800501E-14)}",
        "Reward": "0.735640871495299",
        "VehiclesAx": "{(EgoVehicle↦-0.5705761909484863),(Vehicles2↦0.5834785290062428),(Vehicles3↦0.5889096856117249),(Vehicles4↦0.5583228170871735),(Vehicles5↦0.573069873098575)}",
        "VehiclesVx": "{(EgoVehicle↦20.08653163909912),(Vehicles2↦0.22529812529683113),(Vehicles3↦-0.35109028220176697),(Vehicles4↦1.881377249956131),(Vehicles5↦0.5734542012214661)}",
        "VehiclesY": "{(EgoVehicle↦8.000000238418579),(Vehicles2↦-4.0000001192092896),(Vehicles3↦-8.000000238418579),(Vehicles4↦0.0),(Vehicles5↦-4.0000001192092896)}",
        "VehiclesVy": "{(EgoVehicle↦0.0),(Vehicles2↦0.0),(Vehicles3↦0.0),(Vehicles4↦0.0),(Vehicles5↦1.7763568394002505E-14)}",
        "VehiclesX": "{(EgoVehicle↦200.0),(Vehicles2↦-4.268636554479599),(Vehicles3↦11.403875052928925),(Vehicles4↦44.890955090522766),(Vehicles5↦73.24581742286682)}"
      },
      "probabilisticVariables": null,
      "activating": [
        "IDLE_36"
      ],
      "activatingOnlyWhenExecuted": true,
      "updating": null,
      "withPredicate": null
    },
    {
      "id": "IDLE_36",
      "execute": "IDLE",
      "after": "1000",
      "priority": 0,
      "additionalGuards": null,
      "activationKind": null,
      "fixedVariables": {
        "Crash": "FALSE",
        "VehiclesAy": "{(EgoVehicle↦0.0),(Vehicles2↦0.0),(Vehicles3↦0.0),(Vehicles4↦0.0),(Vehicles5↦3.552713678800501E-14)}",
        "Reward": "0.7336372066715345",
        "VehiclesAx": "{(EgoVehicle↦-0.0751352310180664),(Vehicles2↦0.08749255910515785),(Vehicles3↦0.09340407326817513),(Vehicles4↦0.06275355815887451),(Vehicles5↦0.077395960688591)}",
        "VehiclesVx": "{(EgoVehicle↦20.011396408081055),(Vehicles2↦0.312790684401989),(Vehicles3↦-0.25768620893359184),(Vehicles4↦1.9441308081150055),(Vehicles5↦0.6508501619100571)}",
        "VehiclesY": "{(EgoVehicle↦8.000000238418579),(Vehicles2↦-4.0000001192092896),(Vehicles3↦-8.000000238418579),(Vehicles4↦0.0),(Vehicles5↦-4.0000001192092896)}",
        "VehiclesVy": "{(EgoVehicle↦0.0),(Vehicles2↦0.0),(Vehicles3↦0.0),(Vehicles4↦0.0),(Vehicles5↦1.7763568394002505E-14)}",
        "VehiclesX": "{(EgoVehicle↦200.0),(Vehicles2↦-3.996903821825981),(Vehicles3↦11.101548373699188),(Vehicles4↦46.808838844299316),(Vehicles5↦73.86164665222168)}"
      },
      "probabilisticVariables": null,
      "activating": [
        "FASTER_37"
      ],
      "activatingOnlyWhenExecuted": true,
      "updating": null,
      "withPredicate": null
    },
    {
      "id": "FASTER_37",
      "execute": "FASTER",
      "after": "1000",
      "priority": 0,
      "additionalGuards": null,
      "activationKind": null,
      "fixedVariables": {
        "Crash": "FALSE",
        "VehiclesAy": "{(EgoVehicle↦0.0),(Vehicles2↦0.0),(Vehicles3↦0.0),(Vehicles4↦0.0),(Vehicles5↦3.552713678800501E-14)}",
        "Reward": "0.8491483838689539",
        "VehiclesAx": "{(EgoVehicle↦4.331667423248291),(Vehicles2↦-4.319832734763622),(Vehicles3↦-4.313495922833681),(Vehicles4↦-4.344177544116974),(Vehicles5↦-4.329624697566032)}",
        "VehiclesVx": "{(EgoVehicle↦24.343063831329346),(Vehicles2↦-4.007042050361633),(Vehicles3↦-4.571182131767273),(Vehicles4↦-2.4000467360019684),(Vehicles5↦-3.6787745356559753)}",
        "VehiclesY": "{(EgoVehicle↦8.000000238418579),(Vehicles2↦-4.0000001192092896),(Vehicles3↦-8.000000238418579),(Vehicles4↦0.0),(Vehicles5↦-4.0000001192092896)}",
        "VehiclesVy": "{(EgoVehicle↦0.0),(Vehicles2↦0.0),(Vehicles3↦0.0),(Vehicles4↦0.0),(Vehicles5↦1.7763568394002505E-14)}",
        "VehiclesX": "{(EgoVehicle↦200.0),(Vehicles2↦-6.068941205739975),(Vehicles3↦8.461536467075348),(Vehicles4↦46.35837376117706),(Vehicles5↦72.12372422218323)}"
      },
      "probabilisticVariables": null,
      "activating": [
        "IDLE_38"
      ],
      "activatingOnlyWhenExecuted": true,
      "updating": null,
      "withPredicate": null
    },
    {
      "id": "IDLE_38",
      "execute": "IDLE",
      "after": "1000",
      "priority": 0,
      "additionalGuards": null,
      "activationKind": null,
      "fixedVariables": {
        "Crash": "FALSE",
        "VehiclesAy": "{(EgoVehicle↦0.0),(Vehicles2↦0.0),(Vehicles3↦0.0),(Vehicles4↦1.7763568394002505E-14),(Vehicles5↦1.7763568394002505E-14)}",
        "Reward": "0.864359732306474",
        "VehiclesAx": "{(EgoVehicle↦0.5704259872436523),(Vehicles2↦-1.116507649421692),(Vehicles3↦1.588084101676941),(Vehicles4↦-1.847301572561264),(Vehicles5↦-1.143132746219635)}",
        "VehiclesVx": "{(EgoVehicle↦24.913489818572998),(Vehicles2↦-5.123549699783325),(Vehicles3↦-2.983098030090332),(Vehicles4↦-4.247348308563232),(Vehicles5↦-4.82190728187561)}",
        "VehiclesY": "{(EgoVehicle↦8.000000238418579),(Vehicles2↦-8.000000238418579),(Vehicles3↦0.0),(Vehicles4↦-4.0000001192092896),(Vehicles5↦-8.000000238418579)}",
        "VehiclesVy": "{(EgoVehicle↦0.0),(Vehicles2↦0.0),(Vehicles3↦0.0),(Vehicles4↦1.7763568394002505E-14),(Vehicles5↦0.0)}",
        "VehiclesX": "{(EgoVehicle↦200.0),(Vehicles2↦3.5829074680805206),(Vehicles3↦43.63860487937927),(Vehicles4↦68.131023645401),(Vehicles5↦74.15333390235901)}"
      },
      "probabilisticVariables": null,
      "activating": [
        "SLOWER_39"
      ],
      "activatingOnlyWhenExecuted": true,
      "updating": null,
      "withPredicate": null
    },
    {
      "id": "SLOWER_39",
      "execute": "SLOWER",
      "after": "1000",
      "priority": 0,
      "additionalGuards": null,
      "activationKind": null,
      "fixedVariables": {
        "Crash": "FALSE",
        "VehiclesAy": "{(EgoVehicle↦0.0),(Vehicles2↦0.0),(Vehicles3↦0.0),(Vehicles4↦0.0),(Vehicles5↦0.0)}",
        "Reward": "0.7505878385479033",
        "VehiclesAx": "{(EgoVehicle↦-4.266445636749268),(Vehicles2↦4.284369572997093),(Vehicles3↦4.2537108063697815),(Vehicles4↦4.268124338705093),(Vehicles5↦4.286748990416527)}",
        "VehiclesVx": "{(EgoVehicle↦20.64704418182373),(Vehicles2↦-0.839180126786232),(Vehicles3↦1.2706127762794495),(Vehicles4↦0.020776030141860247),(Vehicles5↦-0.5351582914590836)}",
        "VehiclesY": "{(EgoVehicle↦8.000000238418579),(Vehicles2↦-8.000000238418579),(Vehicles3↦0.0),(Vehicles4↦-4.0000001192092896),(Vehicles5↦-8.000000238418579)}",
        "VehiclesVy": "{(EgoVehicle↦0.0),(Vehicles2↦0.0),(Vehicles3↦0.0),(Vehicles4↦1.7763568394002505E-14),(Vehicles5↦0.0)}",
        "VehiclesX": "{(EgoVehicle↦200.0),(Vehicles2↦0.8201606571674347),(Vehicles3↦43.00404489040375),(Vehicles4↦66.23798608779907),(Vehicles5↦71.69321179389954)}"
      },
      "probabilisticVariables": null,
      "activating": [
        "IDLE_40"
      ],
      "activatingOnlyWhenExecuted": true,
      "updating": null,
      "withPredicate": null
    },
    {
      "id": "IDLE_40",
      "execute": "IDLE",
      "after": "1000",
      "priority": 0,
      "additionalGuards": null,
      "activationKind": null,
      "fixedVariables": {
        "Crash": "FALSE",
        "VehiclesAy": "{(EgoVehicle↦0.0),(Vehicles2↦0.0),(Vehicles3↦0.0),(Vehicles4↦0.0),(Vehicles5↦0.0)}",
        "Reward": "0.7356055315508899",
        "VehiclesAx": "{(EgoVehicle↦-0.561835765838623),(Vehicles2↦0.5796101503074169),(Vehicles3↦0.548999160528183),(Vehicles4↦0.5633599194698036),(Vehicles5↦0.581653150729835)}",
        "VehiclesVx": "{(EgoVehicle↦20.085208415985107),(Vehicles2↦-0.2595699764788151),(Vehicles3↦1.8196119368076324),(Vehicles4↦0.5841359496116638),(Vehicles5↦0.046494859270751476)}",
        "VehiclesY": "{(EgoVehicle↦8.000000238418579),(Vehicles2↦-8.000000238418579),(Vehicles3↦0.0),(Vehicles4↦-4.0000001192092896),(Vehicles5↦-8.000000238418579)}",
        "VehiclesVy": "{(EgoVehicle↦0.0),(Vehicles2↦0.0),(Vehicles3↦0.0),(Vehicles4↦1.7763568394002505E-14),(Vehicles5↦0.0)}",
        "VehiclesX": "{(EgoVehicle↦200.0),(Vehicles2↦0.29804459773004055),(Vehicles3↦44.57947313785553),(Vehicles4↦66.56932234764099),(Vehicles5↦71.47595882415771)}"
      },
      "probabilisticVariables": null,
      "activating": [
        "IDLE_41"
      ],
      "activatingOnlyWhenExecuted": true,
      "updating": null,
      "withPredicate": null
    },
    {
      "id": "IDLE_41",
      "execute": "IDLE",
      "after": "1000",
      "priority": 0,
      "additionalGuards": null,
      "activationKind": null,
      "fixedVariables": {
        "Crash": "FALSE",
        "VehiclesAy": "{(EgoVehicle↦0.0),(Vehicles2↦0.0),(Vehicles3↦0.0),(Vehicles4↦0.0),(Vehicles5↦0.0)}",
        "Reward": "0.7336325528516947",
        "VehiclesAx": "{(EgoVehicle↦-0.07398843765258789),(Vehicles2↦0.09159659966826439),(Vehicles3↦0.06105542182922363),(Vehicles4↦0.07537208497524261),(Vehicles5↦0.09333461057394743)}",
        "VehiclesVx": "{(EgoVehicle↦20.01121997833252),(Vehicles2↦-0.1679733768105507),(Vehicles3↦1.880667358636856),(Vehicles4↦0.6595080345869064),(Vehicles5↦0.1398294698446989)}",
        "VehiclesY": "{(EgoVehicle↦8.000000238418579),(Vehicles2↦-8.000000238418579),(Vehicles3↦0.0),(Vehicles4↦-4.0000001192092896),(Vehicles5↦-8.000000238418579)}",
        "VehiclesVy": "{(EgoVehicle↦0.0),(Vehicles2↦0.0),(Vehicles3↦0.0),(Vehicles4↦1.7763568394002505E-14),(Vehicles5↦0.0)}",
        "VehiclesX": "{(EgoVehicle↦200.0),(Vehicles2↦0.08634758996777236),(Vehicles3↦46.434733271598816),(Vehicles4↦67.19483733177185),(Vehicles5↦71.5710461139679)}"
      },
      "probabilisticVariables": null,
      "activating": [
        "FASTER_42"
      ],
      "activatingOnlyWhenExecuted": true,
      "updating": null,
      "withPredicate": null
    },
    {
      "id": "FASTER_42",
      "execute": "FASTER",
      "after": "1000",
      "priority": 0,
      "additionalGuards": null,
      "activationKind": null,
      "fixedVariables": {
        "Crash": "FALSE",
        "VehiclesAy": "{(EgoVehicle↦0.0),(Vehicles2↦0.0),(Vehicles3↦0.0),(Vehicles4↦0.0),(Vehicles5↦0.0)}",
        "Reward": "0.8491477710202506",
        "VehiclesAx": "{(EgoVehicle↦4.331822395324707),(Vehicles2↦-4.314385913312435),(Vehicles3↦-4.344837665557861),(Vehicles4↦-4.330557510256767),(Vehicles5↦-4.312924696132541)}",
        "VehiclesVx": "{(EgoVehicle↦24.343042373657227),(Vehicles2↦-4.482359290122986),(Vehicles3↦-2.4641703069210052),(Vehicles4↦-3.671049475669861),(Vehicles5↦-4.173095226287842)}",
        "VehiclesY": "{(EgoVehicle↦8.000000238418579),(Vehicles2↦-8.000000238418579),(Vehicles3↦0.0),(Vehicles4↦-4.0000001192092896),(Vehicles5↦-8.000000238418579)}",
        "VehiclesVy": "{(EgoVehicle↦0.0),(Vehicles2↦0.0),(Vehicles3↦0.0),(Vehicles4↦1.7763568394002505E-14),(Vehicles5↦0.0)}",
        "VehiclesX": "{(EgoVehicle↦200.0),(Vehicles2↦-2.4643244221806526),(Vehicles3↦45.920515060424805),(Vehicles4↦65.46517610549927),(Vehicles5↦69.32878494262695)}"
      },
      "probabilisticVariables": null,
      "activating": [
        "SLOWER_43"
      ],
      "activatingOnlyWhenExecuted": true,
      "updating": null,
      "withPredicate": null
    },
    {
      "id": "SLOWER_43",
      "execute": "SLOWER",
      "after": "1000",
      "priority": 0,
      "additionalGuards": null,
      "activationKind": null,
      "fixedVariables": {
        "Crash": "FALSE",
        "VehiclesAy": "{(EgoVehicle↦0.0),(Vehicles2↦0.0),(Vehicles3↦0.0),(Vehicles4↦0.0),(Vehicles5↦0.0)}",
        "Reward": "0.7485846173085653",
        "VehiclesAx": "{(EgoVehicle↦-3.7711191177368164),(Vehicles2↦3.7883679568767548),(Vehicles3↦3.758023977279663),(Vehicles4↦3.7722737062722445),(Vehicles5↦3.789578825235367)}",
        "VehiclesVx": "{(EgoVehicle↦20.57192325592041),(Vehicles2↦-0.6939913332462311),(Vehicles3↦1.2938536703586578),(Vehicles4↦0.10122423060238361),(Vehicles5↦-0.383516401052475)}",
        "VehiclesY": "{(EgoVehicle↦8.000000238418579),(Vehicles2↦-8.000000238418579),(Vehicles3↦0.0),(Vehicles4↦-4.0000001192092896),(Vehicles5↦-8.000000238418579)}",
        "VehiclesVy": "{(EgoVehicle↦0.0),(Vehicles2↦0.0),(Vehicles3↦0.0),(Vehicles4↦1.7763568394002505E-14),(Vehicles5↦0.0)}",
        "VehiclesX": "{(EgoVehicle↦200.0),(Vehicles2↦-4.859398305416107),(Vehicles3↦45.53148150444031),(Vehicles4↦63.87496590614319),(Vehicles5↦67.24347472190857)}"
      },
      "probabilisticVariables": null,
      "activating": [
        "FASTER_44"
      ],
      "activatingOnlyWhenExecuted": true,
      "updating": null,
      "withPredicate": null
    },
    {
      "id": "FASTER_44",
      "execute": "FASTER",
      "after": "1000",
      "priority": 0,
      "additionalGuards": null,
      "activationKind": null,
      "fixedVariables": {
        "Crash": "FALSE",
        "VehiclesAy": "{(EgoVehicle↦0.0),(Vehicles2↦0.0),(Vehicles3↦0.0),(Vehicles4↦0.0),(Vehicles5↦0.0)}",
        "Reward": "0.8511167671627192",
        "VehiclesAx": "{(EgoVehicle↦3.8449549674987793),(Vehicles2↦-3.8278986513614655),(Vehicles3↦-3.8581185042858124),(Vehicles4↦-3.843894051387906),(Vehicles5↦-3.8269154727458954)}",
        "VehiclesVx": "{(EgoVehicle↦24.41687822341919),(Vehicles2↦-4.5218899846076965),(Vehicles3↦-2.5642648339271545),(Vehicles4↦-3.7426698207855225),(Vehicles5↦-4.21043187379837)}",
        "VehiclesY": "{(EgoVehicle↦8.000000238418579),(Vehicles2↦-8.000000238418579),(Vehicles3↦0.0),(Vehicles4↦-4.0000001192092896),(Vehicles5↦-8.000000238418579)}",
        "VehiclesVy": "{(EgoVehicle↦0.0),(Vehicles2↦0.0),(Vehicles3↦0.0),(Vehicles4↦1.7763568394002505E-14),(Vehicles5↦0.0)}",
        "VehiclesX": "{(EgoVehicle↦200.0),(Vehicles2↦-7.667654752731323),(Vehicles3↦44.69897150993347),(Vehicles4↦61.85551881790161),(Vehicles5↦64.74610567092896)}"
      },
      "probabilisticVariables": null,
      "activating": [
        "SLOWER_45"
      ],
      "activatingOnlyWhenExecuted": true,
      "updating": null,
      "withPredicate": null
    },
    {
      "id": "SLOWER_45",
      "execute": "SLOWER",
      "after": "1000",
      "priority": 0,
      "additionalGuards": null,
      "activationKind": null,
      "fixedVariables": {
        "Crash": "FALSE",
        "VehiclesAy": "{(EgoVehicle↦0.0),(Vehicles2↦0.0),(Vehicles3↦1.7763568394002505E-14),(Vehicles4↦-1.7763568394002505E-14),(Vehicles5↦0.0)}",
        "Reward": "0.7488439089816475",
        "VehiclesAx": "{(EgoVehicle↦-3.8352322578430176),(Vehicles2↦5.779634565114975),(Vehicles3↦2.657806919887662),(Vehicles4↦3.38510449975729),(Vehicles5↦4.102357802912593)}",
        "VehiclesVx": "{(EgoVehicle↦20.581645965576172),(Vehicles2↦1.2577445805072784),(Vehicles3↦0.09354208596050739),(Vehicles4↦-0.3575653210282326),(Vehicles5↦-0.10807407088577747)}",
        "VehiclesY": "{(EgoVehicle↦8.000000238418579),(Vehicles2↦0.0),(Vehicles3↦-4.0000001192092896),(Vehicles4↦-8.000000238418579),(Vehicles5↦-8.000000238418579)}",
        "VehiclesVy": "{(EgoVehicle↦0.0),(Vehicles2↦0.0),(Vehicles3↦1.7763568394002505E-14),(Vehicles4↦0.0),(Vehicles5↦0.0)}",
        "VehiclesX": "{(EgoVehicle↦200.0),(Vehicles2↦44.24516260623932),(Vehicles3↦60.22898554801941),(Vehicles4↦62.65850067138672),(Vehicles5↦129.30996417999268)}"
      },
      "probabilisticVariables": null,
      "activating": [
        "SLOWER_46"
      ],
      "activatingOnlyWhenExecuted": true,
      "updating": null,
      "withPredicate": null
    },
    {
      "id": "SLOWER_46",
      "execute": "SLOWER",
      "after": "1000",
      "priority": 0,
      "additionalGuards": null,
      "activationKind": null,
      "fixedVariables": {
        "Crash": "FALSE",
        "VehiclesAy": "{(EgoVehicle↦0.0),(Vehicles2↦0.0),(Vehicles3↦0.0),(Vehicles4↦0.0),(Vehicles5↦0.0)}",
        "Reward": "0.7353758782746751",
        "VehiclesAx": "{(EgoVehicle↦-0.5050516128540039),(Vehicles2↦0.4917775094509125),(Vehicles3↦0.5059610214084387),(Vehicles4↦0.5222936719655991),(Vehicles5↦0.519495802000165)}",
        "VehiclesVx": "{(EgoVehicle↦20.076594352722168),(Vehicles2↦1.749522089958191),(Vehicles3↦0.5995031073689461),(Vehicles4↦0.16472835093736649),(Vehicles5↦0.4114217311143875)}",
        "VehiclesY": "{(EgoVehicle↦8.000000238418579),(Vehicles2↦0.0),(Vehicles3↦-4.0000001192092896),(Vehicles4↦-8.000000238418579),(Vehicles5↦-8.000000238418579)}",
        "VehiclesVy": "{(EgoVehicle↦0.0),(Vehicles2↦0.0),(Vehicles3↦1.7763568394002505E-14),(Vehicles4↦0.0),(Vehicles5↦0.0)}",
        "VehiclesX": "{(EgoVehicle↦200.0),(Vehicles2↦45.77621817588806),(Vehicles3↦60.6015145778656),(Vehicles4↦62.58647441864014),(Vehicles5↦129.48631048202515)}"
      },
      "probabilisticVariables": null,
      "activating": [
        "SLOWER_47"
      ],
      "activatingOnlyWhenExecuted": true,
      "updating": null,
      "withPredicate": null
    },
    {
      "id": "SLOWER_47",
      "execute": "SLOWER",
      "after": "1000",
      "priority": 0,
      "additionalGuards": null,
      "activationKind": null,
      "fixedVariables": {
        "Crash": "FALSE",
        "VehiclesAy": "{(EgoVehicle↦0.0),(Vehicles2↦0.0),(Vehicles3↦0.0),(Vehicles4↦0.0),(Vehicles5↦0.0)}",
        "Reward": "0.7336023104449504",
        "VehiclesAx": "{(EgoVehicle↦-0.06650686264038086),(Vehicles2↦0.05319356918334961),(Vehicles3↦0.0673593208193779),(Vehicles4↦0.0833725742995739),(Vehicles5↦0.08062303066253662)}",
        "VehiclesVx": "{(EgoVehicle↦20.010087490081787),(Vehicles2↦1.8027156591415405),(Vehicles3↦0.666862428188324),(Vehicles4↦0.24810092523694038),(Vehicles5↦0.49204476177692413)}",
        "VehiclesY": "{(EgoVehicle↦8.000000238418579),(Vehicles2↦0.0),(Vehicles3↦-4.0000001192092896),(Vehicles4↦-8.000000238418579),(Vehicles5↦-8.000000238418579)}",
        "VehiclesVy": "{(EgoVehicle↦0.0),(Vehicles2↦0.0),(Vehicles3↦1.7763568394002505E-14),(Vehicles4↦0.0),(Vehicles5↦0.0)}",
        "VehiclesX": "{(EgoVehicle↦200.0),(Vehicles2↦47.557106614112854),(Vehicles3↦61.23805046081543),(Vehicles4↦62.794673442840576),(Vehicles5↦129.94009256362915)}"
      },
      "probabilisticVariables": null,
      "activating": [
        "IDLE_48"
      ],
      "activatingOnlyWhenExecuted": true,
      "updating": null,
      "withPredicate": null
    },
    {
      "id": "IDLE_48",
      "execute": "IDLE",
      "after": "1000",
      "priority": 0,
      "additionalGuards": null,
      "activationKind": null,
      "fixedVariables": {
        "Crash": "FALSE",
        "VehiclesAy": "{(EgoVehicle↦0.0),(Vehicles2↦0.0),(Vehicles3↦0.0),(Vehicles4↦0.0),(Vehicles5↦0.0)}",
        "Reward": "0.7333687541875381",
        "VehiclesAx": "{(EgoVehicle↦-0.008759498596191406),(Vehicles2↦-0.00458940863609314),(Vehicles3↦0.00955924391746521),(Vehicles4↦0.025255829095840454),(Vehicles5↦0.022553429007530212)}",
        "VehiclesVx": "{(EgoVehicle↦20.001327991485596),(Vehicles2↦1.7981262505054474),(Vehicles3↦0.6764216721057892),(Vehicles4↦0.27335675433278084),(Vehicles5↦0.5145981907844543)}",
        "VehiclesY": "{(EgoVehicle↦8.000000238418579),(Vehicles2↦0.0),(Vehicles3↦-4.0000001192092896),(Vehicles4↦-8.000000238418579),(Vehicles5↦-8.000000238418579)}",
        "VehiclesVy": "{(EgoVehicle↦0.0),(Vehicles2↦0.0),(Vehicles3↦1.7763568394002505E-14),(Vehicles4↦0.0),(Vehicles5↦0.0)}",
        "VehiclesX": "{(EgoVehicle↦200.0),(Vehicles2↦49.359315633773804),(Vehicles3↦61.91006898880005),(Vehicles4↦63.05423378944397),(Vehicles5↦130.44251203536987)}"
      },
      "probabilisticVariables": null,
      "activating": [
        "SLOWER_49"
      ],
      "activatingOnlyWhenExecuted": true,
      "updating": null,
      "withPredicate": null
    },
    {
      "id": "SLOWER_49",
      "execute": "SLOWER",
      "after": "1000",
      "priority": 0,
      "additionalGuards": null,
      "activationKind": null,
      "fixedVariables": {
        "Crash": "FALSE",
        "VehiclesAy": "{(EgoVehicle↦0.0),(Vehicles2↦0.0),(Vehicles3↦0.0),(Vehicles4↦0.0),(Vehicles5↦0.0)}",
        "Reward": "0.7333379978079612",
        "VehiclesAx": "{(EgoVehicle↦-0.0011539459228515625),(Vehicles2↦-0.012217313051223755),(Vehicles3↦0.0019136816263198853),(Vehicles4↦0.01729631796479225),(Vehicles5↦0.014617852866649628)}",
        "VehiclesVx": "{(EgoVehicle↦20.000174045562744),(Vehicles2↦1.7859089374542236),(Vehicles3↦0.6783353537321091),(Vehicles4↦0.2906530722975731),(Vehicles5↦0.529216043651104)}",
        "VehiclesY": "{(EgoVehicle↦8.000000238418579),(Vehicles2↦0.0),(Vehicles3↦-4.0000001192092896),(Vehicles4↦-8.000000238418579),(Vehicles5↦-8.000000238418579)}",
        "VehiclesVy": "{(EgoVehicle↦0.0),(Vehicles2↦0.0),(Vehicles3↦1.7763568394002505E-14),(Vehicles4↦0.0),(Vehicles5↦0.0)}",
        "VehiclesX": "{(EgoVehicle↦200.0),(Vehicles2↦51.152729988098145),(Vehicles3↦62.58743405342102),(Vehicles4↦63.33470940589905),(Vehicles5↦130.96317052841187)}"
      },
      "probabilisticVariables": null,
      "activating": [
        "SLOWER_50"
      ],
      "activatingOnlyWhenExecuted": true,
      "updating": null,
      "withPredicate": null
    },
    {
      "id": "SLOWER_50",
      "execute": "SLOWER",
      "after": "1000",
      "priority": 0,
      "additionalGuards": null,
      "activationKind": null,
      "fixedVariables": {
        "Crash": "FALSE",
        "VehiclesAy": "{(EgoVehicle↦0.0),(Vehicles2↦0.0),(Vehicles3↦0.0),(Vehicles4↦0.0),(Vehicles5↦0.0)}",
        "Reward": "0.7333339475851361",
        "VehiclesAx": "{(EgoVehicle↦-0.00015020370483398438),(Vehicles2↦-0.013232380151748657),(Vehicles3↦0.0007348507642745972),(Vehicles4↦0.01594262197613716),(Vehicles5↦0.013796426355838776)}",
        "VehiclesVx": "{(EgoVehicle↦20.00002384185791),(Vehicles2↦1.772676557302475),(Vehicles3↦0.6790702044963837),(Vehicles4↦0.30659569427371025),(Vehicles5↦0.5430124700069427)}",
        "VehiclesY": "{(EgoVehicle↦8.000000238418579),(Vehicles2↦0.0),(Vehicles3↦-4.0000001192092896),(Vehicles4↦-8.000000238418579),(Vehicles5↦-8.000000238418579)}",
        "VehiclesVy": "{(EgoVehicle↦0.0),(Vehicles2↦0.0),(Vehicles3↦1.7763568394002505E-14),(Vehicles4↦0.0),(Vehicles5↦0.0)}",
        "VehiclesX": "{(EgoVehicle↦200.0),(Vehicles2↦52.93337106704712),(Vehicles3↦63.26612830162048),(Vehicles4↦63.63179087638855),(Vehicles5↦131.49771690368652)}"
      },
      "probabilisticVariables": null,
      "activating": [
        "SLOWER_51"
      ],
      "activatingOnlyWhenExecuted": true,
      "updating": null,
      "withPredicate": null
    },
    {
      "id": "SLOWER_51",
      "execute": "SLOWER",
      "after": "1000",
      "priority": 0,
      "additionalGuards": null,
      "activationKind": null,
      "fixedVariables": {
        "Crash": "FALSE",
        "VehiclesAy": "{(EgoVehicle↦0.0),(Vehicles2↦0.0),(Vehicles3↦-1.7763568394002505E-14),(Vehicles4↦1.7763568394002505E-14),(Vehicles5↦0.0)}",
        "Reward": "0.7333334142224596",
        "VehiclesAx": "{(EgoVehicle↦-2.1457672119140625E-05),(Vehicles2↦-0.01336812973022461),(Vehicles3↦-0.35667840391397476),(Vehicles4↦0.37200259044766426),(Vehicles5↦0.01952335238456726)}",
        "VehiclesVx": "{(EgoVehicle↦20.00000238418579),(Vehicles2↦1.7593084275722504),(Vehicles3↦0.3223918005824089),(Vehicles4↦0.6785982847213745),(Vehicles5↦0.56253582239151)}",
        "VehiclesY": "{(EgoVehicle↦8.000000238418579),(Vehicles2↦0.0),(Vehicles3↦-8.000000238418579),(Vehicles4↦-4.0000001192092896),(Vehicles5↦-8.000000238418579)}",
        "VehiclesVy": "{(EgoVehicle↦0.0),(Vehicles2↦0.0),(Vehicles3↦0.0),(Vehicles4↦1.7763568394002505E-14),(Vehicles5↦0.0)}",
        "VehiclesX": "{(EgoVehicle↦200.0),(Vehicles2↦54.70070242881775),(Vehicles3↦63.94467353820801),(Vehicles4↦63.945138454437256),(Vehicles5↦132.04792737960815)}"
      },
      "probabilisticVariables": null,
      "activating": [
        "SLOWER_52"
      ],
      "activatingOnlyWhenExecuted": true,
      "updating": null,
      "withPredicate": null
    },
    {
      "id": "SLOWER_52",
      "execute": "SLOWER",
      "after": "1000",
      "priority": 0,
      "additionalGuards": null,
      "activationKind": null,
      "fixedVariables": {
        "Crash": "FALSE",
        "VehiclesAy": "{(EgoVehicle↦0.0),(Vehicles2↦0.0),(Vehicles3↦0.0),(Vehicles4↦0.0),(Vehicles5↦0.0)}",
        "Reward": "0.7333333439853993",
        "VehiclesAx": "{(EgoVehicle↦-2.384185791015625E-06),(Vehicles2↦-0.013379901647567749),(Vehicles3↦0.01652684062719345),(Vehicles4↦-0.002341940999031067),(Vehicles5↦0.026829317212104797)}",
        "VehiclesVx": "{(EgoVehicle↦20.0),(Vehicles2↦1.7459285259246826),(Vehicles3↦0.33891864120960236),(Vehicles4↦0.6762563437223434),(Vehicles5↦0.5893651396036148)}",
        "VehiclesY": "{(EgoVehicle↦8.000000238418579),(Vehicles2↦0.0),(Vehicles3↦-8.000000238418579),(Vehicles4↦-4.0000001192092896),(Vehicles5↦-8.000000238418579)}",
        "VehiclesVy": "{(EgoVehicle↦0.0),(Vehicles2↦0.0),(Vehicles3↦0.0),(Vehicles4↦1.7763568394002505E-14),(Vehicles5↦0.0)}",
        "VehiclesX": "{(EgoVehicle↦200.0),(Vehicles2↦56.45465850830078),(Vehicles3↦64.27359580993652),(Vehicles4↦64.622962474823),(Vehicles5↦132.62066841125488)}"
      },
      "probabilisticVariables": null,
      "activating": [
        "SLOWER_53"
      ],
      "activatingOnlyWhenExecuted": true,
      "updating": null,
      "withPredicate": null
    },
    {
      "id": "SLOWER_53",
      "execute": "SLOWER",
      "after": "1000",
      "priority": 0,
      "additionalGuards": null,
      "activationKind": null,
      "fixedVariables": {
        "Crash": "FALSE",
        "VehiclesAy": "{(EgoVehicle↦0.0),(Vehicles2↦0.0),(Vehicles3↦0.0),(Vehicles4↦0.0),(Vehicles5↦0.0)}",
        "Reward": "0.7333333347360745",
        "VehiclesAx": "{(EgoVehicle↦0.0),(Vehicles2↦-0.013366639614105225),(Vehicles3↦0.01776222139596939),(Vehicles4↦-0.0043407827615737915),(Vehicles5↦0.03212619572877884)}",
        "VehiclesVx": "{(EgoVehicle↦20.0),(Vehicles2↦1.7325618863105774),(Vehicles3↦0.35668086260557175),(Vehicles4↦0.6719155609607697),(Vehicles5↦0.6214913353323936)}",
        "VehiclesY": "{(EgoVehicle↦8.000000238418579),(Vehicles2↦0.0),(Vehicles3↦-8.000000238418579),(Vehicles4↦-4.0000001192092896),(Vehicles5↦-8.000000238418579)}",
        "VehiclesVy": "{(EgoVehicle↦0.0),(Vehicles2↦0.0),(Vehicles3↦0.0),(Vehicles4↦1.7763568394002505E-14),(Vehicles5↦0.0)}",
        "VehiclesX": "{(EgoVehicle↦200.0),(Vehicles2↦58.195239305496216),(Vehicles3↦64.6195113658905),(Vehicles4↦65.29763340950012),(Vehicles5↦133.22255611419678)}"
      },
      "probabilisticVariables": null,
      "activating": [
        "SLOWER_54"
      ],
      "activatingOnlyWhenExecuted": true,
      "updating": null,
      "withPredicate": null
    },
    {
      "id": "SLOWER_54",
      "execute": "SLOWER",
      "after": "1000",
      "priority": 0,
      "additionalGuards": null,
      "activationKind": null,
      "fixedVariables": {
        "Crash": "FALSE",
        "VehiclesAy": "{(EgoVehicle↦0.0),(Vehicles2↦0.0),(Vehicles3↦0.0),(Vehicles4↦0.0),(Vehicles5↦0.0)}",
        "Reward": "0.7333333335180564",
        "VehiclesAx": "{(EgoVehicle↦0.0),(Vehicles2↦-0.013342052698135376),(Vehicles3↦0.01909736543893814),(Vehicles4↦-0.006092041730880737),(Vehicles5↦0.03498408943414688)}",
        "VehiclesVx": "{(EgoVehicle↦20.0),(Vehicles2↦1.719219833612442),(Vehicles3↦0.3757782280445099),(Vehicles4↦0.6658235192298889),(Vehicles5↦0.6564754247665405)}",
        "VehiclesY": "{(EgoVehicle↦8.000000238418579),(Vehicles2↦0.0),(Vehicles3↦-8.000000238418579),(Vehicles4↦-4.0000001192092896),(Vehicles5↦-8.000000238418579)}",
        "VehiclesVy": "{(EgoVehicle↦0.0),(Vehicles2↦0.0),(Vehicles3↦0.0),(Vehicles4↦1.7763568394002505E-14),(Vehicles5↦0.0)}",
        "VehiclesX": "{(EgoVehicle↦200.0),(Vehicles2↦59.922462701797485),(Vehicles3↦64.98372554779053),(Vehicles4↦65.96723794937134),(Vehicles5↦133.85790586471558)}"
      },
      "probabilisticVariables": null,
      "activating": [
        "SLOWER_55"
      ],
      "activatingOnlyWhenExecuted": true,
      "updating": null,
      "withPredicate": null
    },
    {
      "id": "SLOWER_55",
      "execute": "SLOWER",
      "after": "1000",
      "priority": 0,
      "additionalGuards": null,
      "activationKind": null,
      "fixedVariables": {
        "Crash": "FALSE",
        "VehiclesAy": "{(EgoVehicle↦0.0),(Vehicles2↦0.0),(Vehicles3↦0.0),(Vehicles4↦0.0),(Vehicles5↦0.0)}",
        "Reward": "0.7333333333576589",
        "VehiclesAx": "{(EgoVehicle↦0.0),(Vehicles2↦-0.013307332992553711),(Vehicles3↦0.020278729498386383),(Vehicles4↦-0.0074660032987594604),(Vehicles5↦0.03595374524593353)}",
        "VehiclesVx": "{(EgoVehicle↦20.0),(Vehicles2↦1.7059125006198883),(Vehicles3↦0.39605695754289627),(Vehicles4↦0.6583575159311295),(Vehicles5↦0.6924291700124741)}",
        "VehiclesY": "{(EgoVehicle↦8.000000238418579),(Vehicles2↦0.0),(Vehicles3↦-8.000000238418579),(Vehicles4↦-4.0000001192092896),(Vehicles5↦-8.000000238418579)}",
        "VehiclesVy": "{(EgoVehicle↦0.0),(Vehicles2↦0.0),(Vehicles3↦0.0),(Vehicles4↦1.7763568394002505E-14),(Vehicles5↦0.0)}",
        "VehiclesX": "{(EgoVehicle↦200.0),(Vehicles2↦61.63635849952698),(Vehicles3↦65.36753177642822),(Vehicles4↦66.63017272949219),(Vehicles5↦134.52874422073364)}"
      },
      "probabilisticVariables": null,
      "activating": [
        "SLOWER_56"
      ],
      "activatingOnlyWhenExecuted": true,
      "updating": null,
      "withPredicate": null
    },
    {
      "id": "SLOWER_56",
      "execute": "SLOWER",
      "after": "1000",
      "priority": 0,
      "additionalGuards": null,
      "activationKind": null,
      "fixedVariables": {
        "Crash": "FALSE",
        "VehiclesAy": "{(EgoVehicle↦0.0),(Vehicles2↦0.0),(Vehicles3↦0.0),(Vehicles4↦0.0),(Vehicles5↦0.0)}",
        "Reward": "0.7333333333365367",
        "VehiclesAx": "{(EgoVehicle↦0.0),(Vehicles2↦-0.013263076543807983),(Vehicles3↦0.021201185882091522),(Vehicles4↦-0.008473619818687439),(Vehicles5↦0.03571562469005585)}",
        "VehiclesVx": "{(EgoVehicle↦20.0),(Vehicles2↦1.6926494240760803),(Vehicles3↦0.4172581434249878),(Vehicles4↦0.649883896112442),(Vehicles5↦0.7281447947025299)}",
        "VehiclesY": "{(EgoVehicle↦8.000000238418579),(Vehicles2↦0.0),(Vehicles3↦-8.000000238418579),(Vehicles4↦-4.0000001192092896),(Vehicles5↦-8.000000238418579)}",
        "VehiclesVy": "{(EgoVehicle↦0.0),(Vehicles2↦0.0),(Vehicles3↦0.0),(Vehicles4↦1.7763568394002505E-14),(Vehicles5↦0.0)}",
        "VehiclesX": "{(EgoVehicle↦200.0),(Vehicles2↦63.33696246147156),(Vehicles3↦65.77200293540955),(Vehicles4↦67.2852098941803),(Vehicles5↦135.23551225662231)}"
      },
      "probabilisticVariables": null,
      "activating": [
        "SLOWER_57"
      ],
      "activatingOnlyWhenExecuted": true,
      "updating": null,
      "withPredicate": null
    },
    {
      "id": "SLOWER_57",
      "execute": "SLOWER",
      "after": "1000",
      "priority": 0,
      "additionalGuards": null,
      "activationKind": null,
      "fixedVariables": {
        "Crash": "FALSE",
        "VehiclesAy": "{(EgoVehicle↦0.0),(Vehicles2↦0.0),(Vehicles3↦0.0),(Vehicles4↦0.0),(Vehicles5↦0.0)}",
        "Reward": "0.7333333333337553",
        "VehiclesAx": "{(EgoVehicle↦0.0),(Vehicles2↦-0.013208985328674316),(Vehicles3↦0.021853409707546234),(Vehicles4↦-0.009180158376693726),(Vehicles5↦0.0348074734210968)}",
        "VehiclesVx": "{(EgoVehicle↦20.0),(Vehicles2↦1.679440438747406),(Vehicles3↦0.439111553132534),(Vehicles4↦0.6407037377357483),(Vehicles5↦0.7629522681236267)}",
        "VehiclesY": "{(EgoVehicle↦8.000000238418579),(Vehicles2↦0.0),(Vehicles3↦-8.000000238418579),(Vehicles4↦-4.0000001192092896),(Vehicles5↦-8.000000238418579)}",
        "VehiclesVy": "{(EgoVehicle↦0.0),(Vehicles2↦0.0),(Vehicles3↦0.0),(Vehicles4↦1.7763568394002505E-14),(Vehicles5↦0.0)}",
        "VehiclesX": "{(EgoVehicle↦200.0),(Vehicles2↦65.02432227134705),(Vehicles3↦66.1979615688324),(Vehicles4↦67.931467294693),(Vehicles5↦135.97766160964966)}"
      },
      "probabilisticVariables": null,
      "activating": [
        "SLOWER_58"
      ],
      "activatingOnlyWhenExecuted": true,
      "updating": null,
      "withPredicate": null
    },
    {
      "id": "SLOWER_58",
      "execute": "SLOWER",
      "after": "1000",
      "priority": 0,
      "additionalGuards": null,
      "activationKind": null,
      "fixedVariables": {
        "Crash": "FALSE",
        "VehiclesAy": "{(EgoVehicle↦0.0),(Vehicles2↦0.0),(Vehicles3↦0.0),(Vehicles4↦0.0),(Vehicles5↦0.0)}",
        "Reward": "0.7333333333333889",
        "VehiclesAx": "{(EgoVehicle↦0.0),(Vehicles2↦-1.2180601805448532),(Vehicles3↦1.2271832302212715),(Vehicles4↦-0.009657219052314758),(Vehicles5↦0.03358274698257446)}",
        "VehiclesVx": "{(EgoVehicle↦20.0),(Vehicles2↦0.4613802582025528),(Vehicles3↦1.6662947833538055),(Vehicles4↦0.6310465186834335),(Vehicles5↦0.7965350151062012)}",
        "VehiclesY": "{(EgoVehicle↦8.000000238418579),(Vehicles2↦-8.000000238418579),(Vehicles3↦0.0),(Vehicles4↦-4.0000001192092896),(Vehicles5↦-8.000000238418579)}",
        "VehiclesVy": "{(EgoVehicle↦0.0),(Vehicles2↦0.0),(Vehicles3↦0.0),(Vehicles4↦1.7763568394002505E-14),(Vehicles5↦0.0)}",
        "VehiclesX": "{(EgoVehicle↦200.0),(Vehicles2↦66.64595603942871),(Vehicles3↦66.69849753379822),(Vehicles4↦68.56833696365356),(Vehicles5↦136.75415515899658)}"
      },
      "probabilisticVariables": null,
      "activating": [
        "LANE_LEFT_59"
      ],
      "activatingOnlyWhenExecuted": true,
      "updating": null,
      "withPredicate": null
    },
    {
      "id": "LANE_LEFT_59",
      "execute": "LANE_LEFT",
      "after": "1000",
      "priority": 0,
      "additionalGuards": null,
      "activationKind": null,
      "fixedVariables": {
        "Crash": "FALSE",
        "VehiclesAy": "{(EgoVehicle↦-1.1458635330200195),(Vehicles2↦1.1458635330200195),(Vehicles3↦1.1458635330200195),(Vehicles4↦1.1458635330200018),(Vehicles5↦1.1458635330200195)}",
        "Reward": "0.7000000000000001",
        "VehiclesAx": "{(EgoVehicle↦-0.0328516960144043),(Vehicles2↦-0.2941863425076008),(Vehicles3↦-1.1495686322450638),(Vehicles4↦1.0550274699926376),(Vehicles5↦-0.1426011323928833)}",
        "VehiclesVx": "{(EgoVehicle↦19.967148303985596),(Vehicles2↦0.167193915694952),(Vehicles3↦0.5167261511087418),(Vehicles4↦1.6860739886760712),(Vehicles5↦0.6539338827133179)}",
        "VehiclesY": "{(EgoVehicle↦4.396300435066223),(Vehicles2↦-4.396300435066223),(Vehicles3↦-4.396300435066223),(Vehicles4↦3.6036994457244873),(Vehicles5↦-0.39630044996738434)}",
        "VehiclesVy": "{(EgoVehicle↦-1.1458635330200195),(Vehicles2↦1.1458635330200195),(Vehicles3↦1.1458635330200195),(Vehicles4↦1.1458635330200195),(Vehicles5↦1.1458635330200195)}",
        "VehiclesX": "{(EgoVehicle↦200.0),(Vehicles2↦-9.719966351985931),(Vehicles3↦67.50291585922241),(Vehicles4↦68.74614953994751),(Vehicles5↦69.58200931549072)}"
      },
      "probabilisticVariables": null,
      "activating": [
        "LANE_RIGHT_60"
      ],
      "activatingOnlyWhenExecuted": true,
      "updating": null,
      "withPredicate": null
    },
    {
      "id": "LANE_RIGHT_60",
      "execute": "LANE_RIGHT",
      "after": "1000",
      "priority": 0,
      "additionalGuards": null,
      "activationKind": null,
      "fixedVariables": {
        "Crash": "FALSE",
        "VehiclesAy": "{(EgoVehicle↦2.2204431146383286),(Vehicles2↦-2.2204431146383286),(Vehicles3↦-2.2204431146383286),(Vehicles4↦-2.2204431146383286),(Vehicles5↦0.07128395140171051)}",
        "Reward": "0.7333333333333334",
        "VehiclesAx": "{(EgoVehicle↦0.003962516784667969),(Vehicles2↦0.012338235974311829),(Vehicles3↦0.0186099112033844),(Vehicles4↦-1.046249344944954),(Vehicles5↦1.0151861608028412)}",
        "VehiclesVx": "{(EgoVehicle↦19.971110820770264),(Vehicles2↦0.17953215166926384),(Vehicles3↦0.5353360623121262),(Vehicles4↦0.6398246437311172),(Vehicles5↦1.669120043516159)}",
        "VehiclesY": "{(EgoVehicle↦7.628213882446289),(Vehicles2↦-7.628213882446289),(Vehicles3↦-7.628213882446289),(Vehicles4↦-3.628213405609131),(Vehicles5↦0.3717864453792572)}",
        "VehiclesVy": "{(EgoVehicle↦1.074579581618309),(Vehicles2↦-1.074579581618309),(Vehicles3↦-1.074579581618309),(Vehicles4↦-1.074579581618309),(Vehicles5↦-1.074579581618309)}",
        "VehiclesX": "{(EgoVehicle↦200.0),(Vehicles2↦-9.269709885120392),(Vehicles3↦68.30521821975708),(Vehicles4↦70.50844430923462),(Vehicles5↦70.70357203483582)}"
      },
      "probabilisticVariables": null,
      "activating": [
        "FASTER_61"
      ],
      "activatingOnlyWhenExecuted": true,
      "updating": null,
      "withPredicate": null
    },
    {
      "id": "FASTER_61",
      "execute": "FASTER",
      "after": "1000",
      "priority": 0,
      "additionalGuards": null,
      "activationKind": null,
      "fixedVariables": {
        "Crash": "FALSE",
        "VehiclesAy": "{(EgoVehicle↦-1.021551489830017),(Vehicles2↦1.021551489830017),(Vehicles3↦1.021551489830017),(Vehicles4↦1.021551489830017),(Vehicles5↦-1.127607673406601)}",
        "Reward": "0.8491068273358428",
        "VehiclesAx": "{(EgoVehicle↦4.370396137237549),(Vehicles2↦-3.9920481853187084),(Vehicles3↦-4.276136979460716),(Vehicles4↦-3.3539993315935135),(Vehicles5↦-5.1213134825229645)}",
        "VehiclesVx": "{(EgoVehicle↦24.341506958007812),(Vehicles2↦-3.8125160336494446),(Vehicles3↦-3.74080091714859),(Vehicles4↦-2.7141746878623962),(Vehicles5↦-3.4521934390068054)}",
        "VehiclesY": "{(EgoVehicle↦7.983987092971802),(Vehicles2↦-7.983987092971802),(Vehicles3↦-3.983986973762512),(Vehicles4↦0.016012861859053373),(Vehicles5↦-7.983987092971802)}",
        "VehiclesVy": "{(EgoVehicle↦0.05302809178829193),(Vehicles2↦-0.05302809178829193),(Vehicles3↦-0.05302809178829193),(Vehicles4↦-0.05302809178829193),(Vehicles5↦-0.05302809178829193)}",
        "VehiclesX": "{(EgoVehicle↦200.0),(Vehicles2↦66.43030643463135),(Vehicles3↦68.72490644454956),(Vehicles4↦69.94825005531311),(Vehicles5↦137.58220672607422)}"
      },
      "probabilisticVariables": null,
      "activating": null,
      "activatingOnlyWhenExecuted": true,
      "updating": null,
      "withPredicate": null
    }
  ],
  "listeners": [],
  "metadata": {
    "fileType": "Timed_Trace",
    "formatVersion": 3,
    "savedAt": "2023-08-21T13:23:01.008199Z",
    "creator": "Simulation: HYPOTHESIS_TEST; SIGNIFICANCE : 0.05, PROBABILITY : 0.95, MAX_STEPS_BEFORE_PROPERTY : 0, EXECUTIONS : 1000, PREDICATE : Crash = FALSE, ENDING_TIME : 60000, HYPOTHESIS_CHECKING_TYPE : LEFT_TAILED, CHECKING_TYPE : PREDICATE_INVARIANT",
    "proB2KernelVersion": "4.12.2",
    "proBCliVersion": "1.12.2-final",
    "modelName": "HighwayEnvironment2"
  }
}