{
  "variables": {},
  "activations": [
    {
      "id": "$setup_constants",
      "execute": "$setup_constants",
      "after": "0",
      "priority": 0,
      "additionalGuards": null,
      "activationKind": null,
      "fixedVariables": null,
      "probabilisticVariables": null,
      "activating": null,
      "activatingOnlyWhenExecuted": true,
      "updating": null,
      "withPredicate": null
    },
    {
      "id": "$initialise_machine",
      "execute": "$initialise_machine",
      "after": "0",
      "priority": 0,
      "additionalGuards": null,
      "activationKind": null,
      "fixedVariables": {
        "Crash": "FALSE",
        "VehiclesAy": "{(EgoVehicle↦0.0),(Vehicles2↦0.0),(Vehicles3↦0.0),(Vehicles4↦0.0),(Vehicles5↦0.0)}",
        "Reward": "0.0",
        "VehiclesAx": "{(EgoVehicle↦0.0),(Vehicles2↦0.0),(Vehicles3↦0.0),(Vehicles4↦0.0),(Vehicles5↦0.0)}",
        "VehiclesVx": "{(EgoVehicle↦25.0),(Vehicles2↦-2.22268745303154),(Vehicles3↦-2.3026593029499054),(Vehicles4↦-1.4726491272449493),(Vehicles5↦-3.588261604309082)}",
        "VehiclesY": "{(EgoVehicle↦4.0000001192092896),(Vehicles2↦4.0000001192092896),(Vehicles3↦4.0000001192092896),(Vehicles4↦4.0000001192092896),(Vehicles5↦-4.0000001192092896)}",
        "VehiclesVy": "{(EgoVehicle↦0.0),(Vehicles2↦0.0),(Vehicles3↦0.0),(Vehicles4↦0.0),(Vehicles5↦0.0)}",
        "VehiclesX": "{(EgoVehicle↦151.91948413848877),(Vehicles2↦25.13929009437561),(Vehicles3↦49.46852624416351),(Vehicles4↦74.84267950057983),(Vehicles5↦99.15160536766052)}"
      },
      "probabilisticVariables": null,
      "activating": [
        "IDLE_2"
      ],
      "activatingOnlyWhenExecuted": true,
      "updating": null,
      "withPredicate": null
    },
    {
      "id": "IDLE_2",
      "execute": "IDLE",
      "after": "1000",
      "priority": 0,
      "additionalGuards": null,
      "activationKind": null,
      "fixedVariables": {
        "Crash": "FALSE",
        "VehiclesAy": "{(EgoVehicle↦0.0),(Vehicles2↦0.0),(Vehicles3↦0.0),(Vehicles4↦0.0),(Vehicles5↦0.0)}",
        "Reward": "0.8333333333333334",
        "VehiclesAx": "{(EgoVehicle↦0.0),(Vehicles2↦-5.647863298654556),(Vehicles3↦-4.154325574636459),(Vehicles4↦-1.2101365625858307),(Vehicles5↦-0.5744308233261108)}",
        "VehiclesVx": "{(EgoVehicle↦25.0),(Vehicles2↦-7.870550751686096),(Vehicles3↦-6.456984877586365),(Vehicles4↦-2.68278568983078),(Vehicles5↦-4.162692427635193)}",
        "VehiclesY": "{(EgoVehicle↦4.0000001192092896),(Vehicles2↦4.0000001192092896),(Vehicles3↦4.0000001192092896),(Vehicles4↦4.0000001192092896),(Vehicles5↦-4.0000001192092896)}",
        "VehiclesVy": "{(EgoVehicle↦0.0),(Vehicles2↦0.0),(Vehicles3↦0.0),(Vehicles4↦0.0),(Vehicles5↦0.0)}",
        "VehiclesX": "{(EgoVehicle↦176.91948413848877),(Vehicles2↦20.521384477615356),(Vehicles3↦45.07121443748474),(Vehicles4↦72.84356355667114),(Vehicles5↦95.30007839202881)}"
      },
      "probabilisticVariables": null,
      "activating": [
        "LANE_LEFT_3"
      ],
      "activatingOnlyWhenExecuted": true,
      "updating": null,
      "withPredicate": null
    },
    {
      "id": "LANE_LEFT_3",
      "execute": "LANE_LEFT",
      "after": "1000",
      "priority": 0,
      "additionalGuards": null,
      "activationKind": null,
      "fixedVariables": {
        "Crash": "FALSE",
        "VehiclesAy": "{(EgoVehicle↦-1.0796338319778442),(Vehicles2↦1.0796338319778442),(Vehicles3↦1.0796338319778442),(Vehicles4↦1.0796338319778442),(Vehicles5↦1.0796338319778442)}",
        "Reward": "0.7993780516752841",
        "VehiclesAx": "{(EgoVehicle↦-0.023322105407714844),(Vehicles2↦-2.085108757019043),(Vehicles3↦-0.9388828277587891),(Vehicles4↦-0.7532784342765808),(Vehicles5↦-0.2615070343017578)}",
        "VehiclesVx": "{(EgoVehicle↦24.976677894592285),(Vehicles2↦-9.95565950870514),(Vehicles3↦-7.395867705345154),(Vehicles4↦-3.436064124107361),(Vehicles5↦-4.424199461936951)}",
        "VehiclesY": "{(EgoVehicle↦0.3400348797440529),(Vehicles2↦7.6599647998809814),(Vehicles3↦7.6599647998809814),(Vehicles4↦7.6599647998809814),(Vehicles5↦-0.3400348797440529)}",
        "VehiclesVy": "{(EgoVehicle↦-1.0796338319778442),(Vehicles2↦1.0796338319778442),(Vehicles3↦1.0796338319778442),(Vehicles4↦1.0796338319778442),(Vehicles5↦1.0796338319778442)}",
        "VehiclesX": "{(EgoVehicle↦200.0),(Vehicles2↦11.914236098527908),(Vehicles3↦38.44126760959625),(Vehicles4↦70.13090252876282),(Vehicles5↦91.32804274559021)}"
      },
      "probabilisticVariables": null,
      "activating": [
        "FASTER_4"
      ],
      "activatingOnlyWhenExecuted": true,
      "updating": null,
      "withPredicate": null
    },
    {
      "id": "FASTER_4",
      "execute": "FASTER",
      "after": "1000",
      "priority": 0,
      "additionalGuards": null,
      "activationKind": null,
      "fixedVariables": {
        "Crash": "FALSE",
        "VehiclesAy": "{(EgoVehicle↦1.0525126825086772),(Vehicles2↦-2.3337548971176147),(Vehicles3↦-6.058566868305206),(Vehicles4↦-1.0525126825086772),(Vehicles5↦1.1067549814470112)}",
        "Reward": "0.9157747000433115",
        "VehiclesAx": "{(EgoVehicle↦4.364874362945557),(Vehicles2↦-3.5327357053756714),(Vehicles3↦-5.334452986717224),(Vehicles4↦-4.76301372051239),(Vehicles5↦-4.512761235237122)}",
        "VehiclesVx": "{(EgoVehicle↦29.341552257537842),(Vehicles2↦-13.48839521408081),(Vehicles3↦-12.730320692062378),(Vehicles4↦-8.199077844619751),(Vehicles5↦-8.936960697174072)}",
        "VehiclesY": "{(EgoVehicle↦0.006503580836579204),(Vehicles2↦4.462008476257324),(Vehicles3↦5.913376808166504),(Vehicles4↦7.993496417999268),(Vehicles5↦-0.006503580836579204)}",
        "VehiclesVy": "{(EgoVehicle↦-0.027121149469166994),(Vehicles2↦-1.2541210651397705),(Vehicles3↦-4.978933036327362),(Vehicles4↦0.027121149469166994),(Vehicles5↦0.027121149469166994)}",
        "VehiclesX": "{(EgoVehicle↦200.0),(Vehicles2↦-1.014944165945053),(Vehicles3↦28.2232403755188),(Vehicles4↦64.10038471221924),(Vehicles5↦84.42253470420837)}"
      },
      "probabilisticVariables": null,
      "activating": [
        "IDLE_5"
      ],
      "activatingOnlyWhenExecuted": true,
      "updating": null,
      "withPredicate": null
    },
    {
      "id": "IDLE_5",
      "execute": "IDLE",
      "after": "1000",
      "priority": 0,
      "additionalGuards": null,
      "activationKind": null,
      "fixedVariables": {
        "Crash": "FALSE",
        "VehiclesAy": "{(EgoVehicle↦0.027026898560507107),(Vehicles2↦0.8296848088502884),(Vehicles3↦4.979027287236022),(Vehicles4↦-0.027026898560507107),(Vehicles5↦0.02721540037782688)}",
        "Reward": "0.931021129340596",
        "VehiclesAx": "{(EgoVehicle↦0.571739673614502),(Vehicles2↦2.2819674015045166),(Vehicles3↦3.7451553344726562),(Vehicles4↦-1.3889265060424805),(Vehicles5↦-0.8253735303878784)}",
        "VehiclesVx": "{(EgoVehicle↦29.913291931152344),(Vehicles2↦-11.206427812576294),(Vehicles3↦-8.985165357589722),(Vehicles4↦-9.588004350662231),(Vehicles5↦-9.76233422756195)}",
        "VehiclesY": "{(EgoVehicle↦-1.8026956354333379E-06),(Vehicles2↦4.148441791534424),(Vehicles3↦8.000001668930054),(Vehicles4↦1.8026956354333379E-06),(Vehicles5↦4.000001907348633)}",
        "VehiclesVy": "{(EgoVehicle↦-9.42509086598875E-05),(Vehicles2↦-0.4244362562894821),(Vehicles3↦9.42509086598875E-05),(Vehicles4↦9.42509086598875E-05),(Vehicles5↦9.42509086598875E-05)}",
        "VehiclesX": "{(EgoVehicle↦200.0),(Vehicles2↦16.366547346115112),(Vehicles3↦55.49017786979675),(Vehicles4↦75.13464093208313),(Vehicles5↦100.3852128982544)}"
      },
      "probabilisticVariables": null,
      "activating": [
        "IDLE_6"
      ],
      "activatingOnlyWhenExecuted": true,
      "updating": null,
      "withPredicate": null
    },
    {
      "id": "IDLE_6",
      "execute": "IDLE",
      "after": "1000",
      "priority": 0,
      "additionalGuards": null,
      "activationKind": null,
      "fixedVariables": {
        "Crash": "FALSE",
        "VehiclesAy": "{(EgoVehicle↦0.00010026566940268822),(Vehicles2↦0.3954592812806368),(Vehicles3↦-0.00010026566940268822),(Vehicles4↦-0.00010026566940268822),(Vehicles5↦8.823614791708678E-05)}",
        "Reward": "0.9330288455652477",
        "VehiclesAx": "{(EgoVehicle↦0.07529020309448242),(Vehicles2↦0.8519399166107178),(Vehicles3↦-0.1980370283126831),(Vehicles4↦-0.11985957622528076),(Vehicles5↦-0.22213518619537354)}",
        "VehiclesVx": "{(EgoVehicle↦29.988582134246826),(Vehicles2↦-10.354487895965576),(Vehicles3↦-9.183202385902405),(Vehicles4↦-9.707863926887512),(Vehicles5↦-9.984469413757324)}",
        "VehiclesY": "{(EgoVehicle↦-1.8340517158321745E-06),(Vehicles2↦4.0099804401397705),(Vehicles3↦8.000001668930054),(Vehicles4↦1.8340517158321745E-06),(Vehicles5↦4.000001907348633)}",
        "VehiclesVy": "{(EgoVehicle↦6.014760742800718E-06),(Vehicles2↦-0.02897697500884533),(Vehicles3↦-6.014760742800718E-06),(Vehicles4↦-6.014760742800718E-06),(Vehicles5↦-6.014760742800718E-06)}",
        "VehiclesX": "{(EgoVehicle↦200.0),(Vehicles2↦5.5245403200387955),(Vehicles3↦46.409234404563904),(Vehicles4↦65.48535823822021),(Vehicles5↦90.51698446273804)}"
      },
      "probabilisticVariables": null,
      "activating": [
        "IDLE_7"
      ],
      "activatingOnlyWhenExecuted": true,
      "updating": null,
      "withPredicate": null
    },
    {
      "id": "IDLE_7",
      "execute": "IDLE",
      "after": "1000",
      "priority": 0,
      "additionalGuards": null,
      "activationKind": null,
      "fixedVariables": {
        "Crash": "FALSE",
        "VehiclesAy": "{(EgoVehicle↦-5.895750891937723E-06),(Vehicles2↦0.027156095165992156),(Vehicles3↦5.895750891937723E-06),(Vehicles4↦5.895750891937723E-06),(Vehicles5↦-6.133770593663712E-06)}",
        "Reward": "0.9332932361786904",
        "VehiclesAx": "{(EgoVehicle↦0.009913444519042969),(Vehicles2↦0.5584883689880371),(Vehicles3↦-0.084342360496521),(Vehicles4↦-0.037166476249694824),(Vehicles5↦-0.1059114933013916)}",
        "VehiclesVx": "{(EgoVehicle↦29.99849557876587),(Vehicles2↦-9.795999526977539),(Vehicles3↦-9.267544746398926),(Vehicles4↦-9.745030403137207),(Vehicles5↦-10.090380907058716)}",
        "VehiclesY": "{(EgoVehicle↦-2.7837167237976246E-08),(Vehicles2↦4.000621318817139),(Vehicles3↦8.000000238418579),(Vehicles4↦2.7837167237976246E-08),(Vehicles5↦4.0000001192092896)}",
        "VehiclesVy": "{(EgoVehicle↦1.1900985086299443E-07),(Vehicles2↦-0.0018208798428531736),(Vehicles3↦-1.1900985086299443E-07),(Vehicles4↦-1.1900985086299443E-07),(Vehicles5↦-1.1900985086299443E-07)}",
        "VehiclesX": "{(EgoVehicle↦200.0),(Vehicles2↦-4.584362357854843),(Vehicles3↦37.18799650669098),(Vehicles4↦55.76018691062927),(Vehicles5↦80.48586845397949)}"
      },
      "probabilisticVariables": null,
      "activating": [
        "IDLE_8"
      ],
      "activatingOnlyWhenExecuted": true,
      "updating": null,
      "withPredicate": null
    },
    {
      "id": "IDLE_8",
      "execute": "IDLE",
      "after": "1000",
      "priority": 0,
      "additionalGuards": null,
      "activationKind": null,
      "fixedVariables": {
        "Crash": "FALSE",
        "VehiclesAy": "{(EgoVehicle↦-1.1884043971122082E-07),(Vehicles2↦0.0018208796734420218),(Vehicles3↦1.1884043971122082E-07),(Vehicles4↦1.1884043971122082E-07),(Vehicles5↦-1.1917926201476803E-07)}",
        "Reward": "0.9333280530495944",
        "VehiclesAx": "{(EgoVehicle↦0.0013065338134765625),(Vehicles2↦0.4794955253601074),(Vehicles3↦-0.49787700176239014),(Vehicles4↦-0.41716814041137695),(Vehicles5↦0.5371540784835815)}",
        "VehiclesVx": "{(EgoVehicle↦29.999802112579346),(Vehicles2↦-9.316504001617432),(Vehicles3↦-9.765421748161316),(Vehicles4↦-10.162198543548584),(Vehicles5↦-9.553226828575134)}",
        "VehiclesY": "{(EgoVehicle↦7.912870358950386E-11),(Vehicles2↦8.000000238418579),(Vehicles3↦-7.913003585713341E-11),(Vehicles4↦4.0000001192092896),(Vehicles5↦8.000000238418579)}",
        "VehiclesVy": "{(EgoVehicle↦1.6941115177360189E-10),(Vehicles2↦-1.6941115177360189E-10),(Vehicles3↦-1.6941115177360189E-10),(Vehicles4↦-1.6941115177360189E-10),(Vehicles5↦-1.6941115177360189E-10)}",
        "VehiclesX": "{(EgoVehicle↦200.0),(Vehicles2↦27.899077534675598),(Vehicles3↦46.00639045238495),(Vehicles4↦70.36513090133667),(Vehicles5↦92.70264506340027)}"
      },
      "probabilisticVariables": null,
      "activating": [
        "SLOWER_9"
      ],
      "activatingOnlyWhenExecuted": true,
      "updating": null,
      "withPredicate": null
    },
    {
      "id": "SLOWER_9",
      "execute": "SLOWER",
      "after": "1000",
      "priority": 0,
      "additionalGuards": null,
      "activationKind": null,
      "fixedVariables": {
        "Crash": "FALSE",
        "VehiclesAy": "{(EgoVehicle↦-2.027888967859326E-10),(Vehicles2↦2.027888967859326E-10),(Vehicles3↦2.027888967859326E-10),(Vehicles4↦2.027888967859326E-10),(Vehicles5↦-1.3603340676127118E-10)}",
        "Reward": "0.8175576036937738",
        "VehiclesAx": "{(EgoVehicle↦-4.341392517089844),(Vehicles2↦4.3092769384384155),(Vehicles3↦4.325621128082275),(Vehicles4↦4.284478425979614),(Vehicles5↦4.345801472663879)}",
        "VehiclesVx": "{(EgoVehicle↦25.658409595489502),(Vehicles2↦-5.007227063179016),(Vehicles3↦-5.4398006200790405),(Vehicles4↦-5.87772011756897),(Vehicles5↦-5.207425355911255)}",
        "VehiclesY": "{(EgoVehicle↦1.0841993969279429E-11),(Vehicles2↦8.000000238418579),(Vehicles3↦-1.0843326236908979E-11),(Vehicles4↦4.0000001192092896),(Vehicles5↦8.000000238418579)}",
        "VehiclesVy": "{(EgoVehicle↦-3.3377745012330706E-11),(Vehicles2↦3.3377745012330706E-11),(Vehicles3↦3.3377745012330706E-11),(Vehicles4↦3.3377745012330706E-11),(Vehicles5↦3.3377745012330706E-11)}",
        "VehiclesX": "{(EgoVehicle↦200.0),(Vehicles2↦20.963749289512634),(Vehicles3↦38.62948715686798),(Vehicles4↦62.574321031570435),(Vehicles5↦85.54608225822449)}"
      },
      "probabilisticVariables": null,
      "activating": [
        "SLOWER_10"
      ],
      "activatingOnlyWhenExecuted": true,
      "updating": null,
      "withPredicate": null
    },
    {
      "id": "SLOWER_10",
      "execute": "SLOWER",
      "after": "1000",
      "priority": 0,
      "additionalGuards": null,
      "activationKind": null,
      "fixedVariables": {
        "Crash": "FALSE",
        "VehiclesAy": "{(EgoVehicle↦3.1796787425264483E-11),(Vehicles2↦-3.1796787425264483E-11),(Vehicles3↦-3.1796787425264483E-11),(Vehicles4↦-3.1796787425264483E-11),(Vehicles5↦3.495870259939693E-11)}",
        "Reward": "0.6865370781270265",
        "VehiclesAx": "{(EgoVehicle↦-4.913268089294434),(Vehicles2↦4.890596782788634),(Vehicles3↦4.898253008723259),(Vehicles4↦4.864682555198669),(Vehicles5↦4.9187554977834225)}",
        "VehiclesVx": "{(EgoVehicle↦20.74514150619507),(Vehicles2↦-0.11663028039038181),(Vehicles3↦-0.5415476113557816),(Vehicles4↦-1.0130375623703003),(Vehicles5↦-0.2886698581278324)}",
        "VehiclesY": "{(EgoVehicle↦5.488942633746774E-13),(Vehicles2↦8.000000238418579),(Vehicles3↦-5.488942633746774E-13),(Vehicles4↦4.0000001192092896),(Vehicles5↦8.000000238418579)}",
        "VehiclesVy": "{(EgoVehicle↦-1.580957587066223E-12),(Vehicles2↦1.580957587066223E-12),(Vehicles3↦1.580957587066223E-12),(Vehicles4↦1.580957587066223E-12),(Vehicles5↦1.580957587066223E-12)}",
        "VehiclesX": "{(EgoVehicle↦200.0),(Vehicles2↦18.65731030702591),(Vehicles3↦35.894134640693665),(Vehicles4↦59.38706398010254),(Vehicles5↦83.05120468139648)}"
      },
      "probabilisticVariables": null,
      "activating": [
        "IDLE_11"
      ],
      "activatingOnlyWhenExecuted": true,
      "updating": null,
      "withPredicate": null
    },
    {
      "id": "IDLE_11",
      "execute": "IDLE",
      "after": "1000",
      "priority": 0,
      "additionalGuards": null,
      "activationKind": null,
      "fixedVariables": {
        "Crash": "FALSE",
        "VehiclesAy": "{(EgoVehicle↦1.4832579608992091E-12),(Vehicles2↦-1.4743761767022079E-12),(Vehicles3↦-1.4743761767022079E-12),(Vehicles4↦-1.4743761767022079E-12),(Vehicles5↦1.687538997430238E-12)}",
        "Reward": "0.6692833463651503",
        "VehiclesAx": "{(EgoVehicle↦-0.6470155715942383),(Vehicles2↦0.6303608883172274),(Vehicles3↦0.6314407475292683),(Vehicles4↦0.6045802682638168),(Vehicles5↦0.6536014564335346)}",
        "VehiclesVx": "{(EgoVehicle↦20.09812593460083),(Vehicles2↦0.5137306079268456),(Vehicles3↦0.08989313617348671),(Vehicles4↦-0.40845729410648346),(Vehicles5↦0.3649315983057022)}",
        "VehiclesY": "{(EgoVehicle↦3.4638958368304884E-14),(Vehicles2↦8.000000238418579),(Vehicles3↦-3.597122599785507E-14),(Vehicles4↦4.0000001192092896),(Vehicles5↦8.000000238418579)}",
        "VehiclesVy": "{(EgoVehicle↦-9.769962616701378E-14),(Vehicles2↦1.0658141036401503E-13),(Vehicles3↦1.0658141036401503E-13),(Vehicles4↦1.0658141036401503E-13),(Vehicles5↦1.0658141036401503E-13)}",
        "VehiclesX": "{(EgoVehicle↦200.0),(Vehicles2↦18.890562653541565),(Vehicles3↦35.70336699485779),(Vehicles4↦58.7135374546051),(Vehicles5↦83.12202095985413)}"
      },
      "probabilisticVariables": null,
      "activating": [
        "LANE_RIGHT_12"
      ],
      "activatingOnlyWhenExecuted": true,
      "updating": null,
      "withPredicate": null
    },
    {
      "id": "LANE_RIGHT_12",
      "execute": "LANE_RIGHT",
      "after": "1000",
      "priority": 0,
      "additionalGuards": null,
      "activationKind": null,
      "fixedVariables": {
        "Crash": "FALSE",
        "VehiclesAy": "{(EgoVehicle↦1.1476310342551255),(Vehicles2↦-1.1476310342551344),(Vehicles3↦-1.1476310342551344),(Vehicles4↦-1.1476310342551344),(Vehicles5↦-1.1476310342549212)}",
        "Reward": "0.7000000000000001",
        "VehiclesAx": "{(EgoVehicle↦-0.11813640594482422),(Vehicles2↦0.10551698505878448),(Vehicles3↦0.10138686746358871),(Vehicles4↦0.08101999759674072),(Vehicles5↦0.12558184564113617)}",
        "VehiclesVx": "{(EgoVehicle↦19.979989528656006),(Vehicles2↦0.61924759298563),(Vehicles3↦0.19128000363707542),(Vehicles4↦-0.32743729650974274),(Vehicles5↦0.4905134439468384)}",
        "VehiclesY": "{(EgoVehicle↦3.6029977798461914),(Vehicles2↦4.397002100944519),(Vehicles3↦-3.6029977798461914),(Vehicles4↦0.3970021605491638),(Vehicles5↦4.397002100944519)}",
        "VehiclesVy": "{(EgoVehicle↦1.1476310342550278),(Vehicles2↦-1.1476310342550278),(Vehicles3↦-1.1476310342550278),(Vehicles4↦-1.1476310342550278),(Vehicles5↦-1.1476310342550278)}",
        "VehiclesX": "{(EgoVehicle↦200.0),(Vehicles2↦19.831013679504395),(Vehicles3↦36.21870279312134),(Vehicles4↦58.72185826301575),(Vehicles5↦83.92190933227539)}"
      },
      "probabilisticVariables": null,
      "activating": [
        "LANE_RIGHT_13"
      ],
      "activatingOnlyWhenExecuted": true,
      "updating": null,
      "withPredicate": null
    },
    {
      "id": "LANE_RIGHT_13",
      "execute": "LANE_RIGHT",
      "after": "1000",
      "priority": 0,
      "additionalGuards": null,
      "activationKind": null,
      "fixedVariables": {
        "Crash": "FALSE",
        "VehiclesAy": "{(EgoVehicle↦0.0698670744895935),(Vehicles2↦-0.0698670744895935),(Vehicles3↦-0.0698670744895935),(Vehicles4↦-0.0698670744895935),(Vehicles5↦-2.365129142999649)}",
        "Reward": "0.7333333333333334",
        "VehiclesAx": "{(EgoVehicle↦-0.015376806259155273),(Vehicles2↦0.005611777305603027),(Vehicles3↦-0.002768784761428833),(Vehicles4↦-0.016743652522563934),(Vehicles5↦0.023434460163116455)}",
        "VehiclesVx": "{(EgoVehicle↦19.96461272239685),(Vehicles2↦0.6248593702912331),(Vehicles3↦0.1885112188756466),(Vehicles4↦-0.34418094903230667),(Vehicles5↦0.5139479041099548)}",
        "VehiclesY": "{(EgoVehicle↦7.57905650138855),(Vehicles2↦0.4209432005882263),(Vehicles3↦-7.57905650138855),(Vehicles4↦-3.579056739807129),(Vehicles5↦0.4209432005882263)}",
        "VehiclesVy": "{(EgoVehicle↦1.2174981087446213),(Vehicles2↦-1.2174981087446213),(Vehicles3↦-1.2174981087446213),(Vehicles4↦-1.2174981087446213),(Vehicles5↦-1.2174981087446213)}",
        "VehiclesX": "{(EgoVehicle↦200.0),(Vehicles2↦20.89458554983139),(Vehicles3↦36.85126006603241),(Vehicles4↦58.82960557937622),(Vehicles5↦84.86403226852417)}"
      },
      "probabilisticVariables": null,
      "activating": [
        "SLOWER_14"
      ],
      "activatingOnlyWhenExecuted": true,
      "updating": null,
      "withPredicate": null
    },
    {
      "id": "SLOWER_14",
      "execute": "SLOWER",
      "after": "1000",
      "priority": 0,
      "additionalGuards": null,
      "activationKind": null,
      "fixedVariables": {
        "Crash": "FALSE",
        "VehiclesAy": "{(EgoVehicle↦-1.1412499751895666),(Vehicles2↦1.1412499751895666),(Vehicles3↦1.1412499751895666),(Vehicles4↦1.1412499751895666),(Vehicles5↦-1.293746242299676)}",
        "Reward": "0.7333354331128078",
        "VehiclesAx": "{(EgoVehicle↦0.03546595573425293),(Vehicles2↦-0.04309955984354019),(Vehicles3↦-0.05500028841197491),(Vehicles4↦-0.06276324391365051),(Vehicles5↦-0.026985928416252136)}",
        "VehiclesVx": "{(EgoVehicle↦20.000078678131104),(Vehicles2↦0.5817598104476929),(Vehicles3↦0.13351093046367168),(Vehicles4↦-0.4069441929459572),(Vehicles5↦0.4869619756937027)}",
        "VehiclesY": "{(EgoVehicle↦7.9737467765808105),(Vehicles2↦0.026253056712448597),(Vehicles3↦-7.9737467765808105),(Vehicles4↦-3.9737470149993896),(Vehicles5↦0.026253056712448597)}",
        "VehiclesVy": "{(EgoVehicle↦0.07624813355505466),(Vehicles2↦-0.07624813355505466),(Vehicles3↦-0.07624813355505466),(Vehicles4↦-0.07624813355505466),(Vehicles5↦-0.07624813355505466)}",
        "VehiclesX": "{(EgoVehicle↦200.0),(Vehicles2↦21.485932171344757),(Vehicles3↦37.00175583362579),(Vehicles4↦58.443814516067505),(Vehicles5↦85.3510320186615)}"
      },
      "probabilisticVariables": null,
      "activating": [
        "SLOWER_15"
      ],
      "activatingOnlyWhenExecuted": true,
      "updating": null,
      "withPredicate": null
    },
    {
      "id": "SLOWER_15",
      "execute": "SLOWER",
      "after": "1000",
      "priority": 0,
      "additionalGuards": null,
      "activationKind": null,
      "fixedVariables": {
        "Crash": "FALSE",
        "VehiclesAy": "{(EgoVehicle↦-0.07150378340156749),(Vehicles2↦0.07150378340156749),(Vehicles3↦0.07150378340156749),(Vehicles4↦0.07150378340156749),(Vehicles5↦-0.08099248370854184)}",
        "Reward": "0.7333341052380278",
        "VehiclesAx": "{(EgoVehicle↦-5.0067901611328125E-05),(Vehicles2↦-0.005907714366912842),(Vehicles3↦-0.02073247916996479),(Vehicles4↦-0.022581443190574646),(Vehicles5↦0.008820854127407074)}",
        "VehiclesVx": "{(EgoVehicle↦20.000028610229492),(Vehicles2↦0.57585209608078),(Vehicles3↦0.1127784512937069),(Vehicles4↦-0.42952563613653183),(Vehicles5↦0.49578282982110977)}",
        "VehiclesY": "{(EgoVehicle↦7.998366594314575),(Vehicles2↦0.001633480831515044),(Vehicles3↦-7.998366594314575),(Vehicles4↦-3.9983664751052856),(Vehicles5↦0.001633480831515044)}",
        "VehiclesVy": "{(EgoVehicle↦0.004744350153487176),(Vehicles2↦-0.004744350153487176),(Vehicles3↦-0.004744350153487176),(Vehicles4↦-0.004744350153487176),(Vehicles5↦-0.004744350153487176)}",
        "VehiclesX": "{(EgoVehicle↦200.0),(Vehicles2↦22.06517457962036),(Vehicles3↦37.12703287601471),(Vehicles4↦58.027440309524536),(Vehicles5↦85.84147095680237)}"
      },
      "probabilisticVariables": null,
      "activating": [
        "SLOWER_16"
      ],
      "activatingOnlyWhenExecuted": true,
      "updating": null,
      "withPredicate": null
    },
    {
      "id": "SLOWER_16",
      "execute": "SLOWER",
      "after": "1000",
      "priority": 0,
      "additionalGuards": null,
      "activationKind": null,
      "fixedVariables": {
        "Crash": "FALSE",
        "VehiclesAy": "{(EgoVehicle↦-0.00444915727712214),(Vehicles2↦0.00444915727712214),(Vehicles3↦0.00444915727712214),(Vehicles4↦0.00444915727712214),(Vehicles5↦-0.0050395430298522115)}",
        "Reward": "0.7333334369013252",
        "VehiclesAx": "{(EgoVehicle↦-2.384185791015625E-05),(Vehicles2↦-0.004553273320198059),(Vehicles3↦-0.021788524463772774),(Vehicles4↦-0.01812133938074112),(Vehicles5↦0.008998364210128784)}",
        "VehiclesVx": "{(EgoVehicle↦20.000004768371582),(Vehicles2↦0.571298822760582),(Vehicles3↦0.09098992682993412),(Vehicles4↦-0.44764697551727295),(Vehicles5↦0.5047811940312386)}",
        "VehiclesY": "{(EgoVehicle↦7.999898672103882),(Vehicles2↦0.00010163491970160976),(Vehicles3↦-7.999898672103882),(Vehicles4↦-3.9998981952667236),(Vehicles5↦0.00010163491970160976)}",
        "VehiclesVy": "{(EgoVehicle↦0.00029519287636503577),(Vehicles2↦-0.00029519287636503577),(Vehicles3↦-0.00029519287636503577),(Vehicles4↦-0.00029519287636503577),(Vehicles5↦-0.00029519287636503577)}",
        "VehiclesX": "{(EgoVehicle↦200.0),(Vehicles2↦22.639107704162598),(Vehicles3↦37.23117113113403),(Vehicles4↦57.590317726135254),(Vehicles5↦86.34083867073059)}"
      },
      "probabilisticVariables": null,
      "activating": [
        "SLOWER_17"
      ],
      "activatingOnlyWhenExecuted": true,
      "updating": null,
      "withPredicate": null
    },
    {
      "id": "SLOWER_17",
      "execute": "SLOWER",
      "after": "1000",
      "priority": 0,
      "additionalGuards": null,
      "activationKind": null,
      "fixedVariables": {
        "Crash": "FALSE",
        "VehiclesAy": "{(EgoVehicle↦-0.00027682601285050623),(Vehicles2↦0.00027682601285050623),(Vehicles3↦0.00027682601285050623),(Vehicles4↦0.00027682601285050623),(Vehicles5↦-0.0003135597398795653)}",
        "Reward": "0.7333333469793418",
        "VehiclesAx": "{(EgoVehicle↦-4.76837158203125E-06),(Vehicles2↦-0.0033981353044509888),(Vehicles3↦-0.022586248815059662),(Vehicles4↦-0.013867728412151337),(Vehicles5↦0.009117163717746735)}",
        "VehiclesVx": "{(EgoVehicle↦20.0),(Vehicles2↦0.567900687456131),(Vehicles3↦0.06840367801487446),(Vehicles4↦-0.4615147039294243),(Vehicles5↦0.5138983577489853)}",
        "VehiclesY": "{(EgoVehicle↦7.999993801116943),(Vehicles2↦6.323712113953661E-06),(Vehicles3↦-7.999993801116943),(Vehicles4↦-3.999993681907654),(Vehicles5↦6.323712113953661E-06)}",
        "VehiclesVy": "{(EgoVehicle↦1.836686351452954E-05),(Vehicles2↦-1.836686351452954E-05),(Vehicles3↦-1.836686351452954E-05),(Vehicles4↦-1.836686351452954E-05),(Vehicles5↦-1.836686351452954E-05)}",
        "VehiclesX": "{(EgoVehicle↦200.0),(Vehicles2↦23.20895940065384),(Vehicles3↦37.313178181648254),(Vehicles4↦57.136791944503784),(Vehicles5↦86.8492603302002)}"
      },
      "probabilisticVariables": null,
      "activating": [
        "SLOWER_18"
      ],
      "activatingOnlyWhenExecuted": true,
      "updating": null,
      "withPredicate": null
    },
    {
      "id": "SLOWER_18",
      "execute": "SLOWER",
      "after": "1000",
      "priority": 0,
      "additionalGuards": null,
      "activationKind": null,
      "fixedVariables": {
        "Crash": "FALSE",
        "VehiclesAy": "{(EgoVehicle↦-1.722407951376681E-05),(Vehicles2↦1.722407951376681E-05),(Vehicles3↦1.722407951376681E-05),(Vehicles4↦1.722407951376681E-05),(Vehicles5↦-1.9509647515292272E-05)}",
        "Reward": "0.7333333351303674",
        "VehiclesAx": "{(EgoVehicle↦0.0),(Vehicles2↦-0.002369694411754608),(Vehicles3↦-0.02309550065547228),(Vehicles4↦-0.009827986359596252),(Vehicles5↦0.00920914113521576)}",
        "VehiclesVx": "{(EgoVehicle↦20.0),(Vehicles2↦0.5655309930443764),(Vehicles3↦0.04530817735940218),(Vehicles4↦-0.47134269028902054),(Vehicles5↦0.523107498884201)}",
        "VehiclesY": "{(EgoVehicle↦7.999999523162842),(Vehicles2↦3.9346058144928975E-07),(Vehicles3↦-7.999999523162842),(Vehicles4↦-3.999999761581421),(Vehicles5↦3.9346058144928975E-07)}",
        "VehiclesVy": "{(EgoVehicle↦1.142784000762731E-06),(Vehicles2↦-1.142784000762731E-06),(Vehicles3↦-1.142784000762731E-06),(Vehicles4↦-1.142784000762731E-06),(Vehicles5↦-1.142784000762731E-06)}",
        "VehiclesX": "{(EgoVehicle↦200.0),(Vehicles2↦23.77583533525467),(Vehicles3↦37.372374534606934),(Vehicles4↦56.67102932929993),(Vehicles5↦87.3668372631073)}"
      },
      "probabilisticVariables": null,
      "activating": [
        "SLOWER_19"
      ],
      "activatingOnlyWhenExecuted": true,
      "updating": null,
      "withPredicate": null
    },
    {
      "id": "SLOWER_19",
      "execute": "SLOWER",
      "after": "1000",
      "priority": 0,
      "additionalGuards": null,
      "activationKind": null,
      "fixedVariables": {
        "Crash": "FALSE",
        "VehiclesAy": "{(EgoVehicle↦-1.0716801135401965E-06),(Vehicles2↦1.0716801135401965E-06),(Vehicles3↦1.0716801135401965E-06),(Vehicles4↦1.0716801135401965E-06),(Vehicles5↦-1.2138878879852655E-06)}",
        "Reward": "0.73333333356998",
        "VehiclesAx": "{(EgoVehicle↦0.0),(Vehicles2↦-0.0014496594667434692),(Vehicles3↦-0.023334326688200235),(Vehicles4↦-0.006034672260284424),(Vehicles5↦0.009267665445804596)}",
        "VehiclesVx": "{(EgoVehicle↦20.0),(Vehicles2↦0.5640813335776329),(Vehicles3↦0.021973850671201944),(Vehicles4↦-0.47737736254930496),(Vehicles5↦0.5323751643300056)}",
        "VehiclesY": "{(EgoVehicle↦8.000000238418579),(Vehicles2↦2.448107050412318E-08),(Vehicles3↦-8.000000238418579),(Vehicles4↦-4.0000001192092896),(Vehicles5↦2.448107050412318E-08)}",
        "VehiclesVy": "{(EgoVehicle↦7.110388722253447E-08),(Vehicles2↦-7.110388722253447E-08),(Vehicles3↦-7.110388722253447E-08),(Vehicles4↦-7.110388722253447E-08),(Vehicles5↦-7.110388722253447E-08)}",
        "VehiclesX": "{(EgoVehicle↦200.0),(Vehicles2↦24.340716004371643),(Vehicles3↦37.4083548784256),(Vehicles4↦56.19698166847229),(Vehicles5↦87.89364695549011)}"
      },
      "probabilisticVariables": null,
      "activating": [
        "SLOWER_20"
      ],
      "activatingOnlyWhenExecuted": true,
      "updating": null,
      "withPredicate": null
    },
    {
      "id": "SLOWER_20",
      "execute": "SLOWER",
      "after": "1000",
      "priority": 0,
      "additionalGuards": null,
      "activationKind": null,
      "fixedVariables": {
        "Crash": "FALSE",
        "VehiclesAy": "{(EgoVehicle↦-6.667981722330296E-08),(Vehicles2↦6.667981722330296E-08),(Vehicles3↦6.667981722330296E-08),(Vehicles4↦6.667981722330296E-08),(Vehicles5↦-7.552795722176597E-08)}",
        "Reward": "0.7333333333644968",
        "VehiclesAx": "{(EgoVehicle↦0.0),(Vehicles2↦-0.0006188079714775085),(Vehicles3↦-0.023317622835747898),(Vehicles4↦-0.0025009363889694214),(Vehicles5↦0.009296499192714691)}",
        "VehiclesVx": "{(EgoVehicle↦20.0),(Vehicles2↦0.5634625256061554),(Vehicles3↦-0.0013437721645459533),(Vehicles4↦-0.4798782989382744),(Vehicles5↦0.5416716635227203)}",
        "VehiclesY": "{(EgoVehicle↦8.000000238418579),(Vehicles2↦1.5232108907525799E-09),(Vehicles3↦-8.000000238418579),(Vehicles4↦-4.0000001192092896),(Vehicles5↦1.5232108907525799E-09)}",
        "VehiclesVy": "{(EgoVehicle↦4.424069999231506E-09),(Vehicles2↦-4.424069999231506E-09),(Vehicles3↦-4.424069999231506E-09),(Vehicles4↦-4.424069999231506E-09),(Vehicles5↦-4.424069999231506E-09)}",
        "VehiclesX": "{(EgoVehicle↦200.0),(Vehicles2↦24.904486536979675),(Vehicles3↦37.42099106311798),(Vehicles4↦55.71833252906799),(Vehicles5↦88.42974305152893)}"
      },
      "probabilisticVariables": null,
      "activating": [
        "SLOWER_21"
      ],
      "activatingOnlyWhenExecuted": true,
      "updating": null,
      "withPredicate": null
    },
    {
      "id": "SLOWER_21",
      "execute": "SLOWER",
      "after": "1000",
      "priority": 0,
      "additionalGuards": null,
      "activationKind": null,
      "fixedVariables": {
        "Crash": "FALSE",
        "VehiclesAy": "{(EgoVehicle↦-4.148805743398043E-09),(Vehicles2↦4.148805743398043E-09),(Vehicles3↦4.148805743398043E-09),(Vehicles4↦4.148805743398043E-09),(Vehicles5↦-4.699334255064969E-09)}",
        "Reward": "0.7333333333374371",
        "VehiclesAx": "{(EgoVehicle↦0.0),(Vehicles2↦0.00013601034879684448),(Vehicles3↦-0.023065300774760544),(Vehicles4↦0.0007659941911697388),(Vehicles5↦0.009299293160438538)}",
        "VehiclesVx": "{(EgoVehicle↦20.0),(Vehicles2↦0.5635985359549522),(Vehicles3↦-0.024409072939306498),(Vehicles4↦-0.47911230474710464),(Vehicles5↦0.5509709566831589)}",
        "VehiclesY": "{(EgoVehicle↦8.000000238418579),(Vehicles2↦9.477219009568216E-11),(Vehicles3↦-8.000000238418579),(Vehicles4↦-4.0000001192092896),(Vehicles5↦9.477219009568216E-11)}",
        "VehiclesVy": "{(EgoVehicle↦2.752642558334628E-10),(Vehicles2↦-2.752642558334628E-10),(Vehicles3↦-2.752642558334628E-10),(Vehicles4↦-2.752642558334628E-10),(Vehicles5↦-2.752642558334628E-10)}",
        "VehiclesX": "{(EgoVehicle↦200.0),(Vehicles2↦25.467947125434875),(Vehicles3↦37.41039335727692),(Vehicles4↦55.23850917816162),(Vehicles5↦88.97513151168823)}"
      },
      "probabilisticVariables": null,
      "activating": [
        "SLOWER_22"
      ],
      "activatingOnlyWhenExecuted": true,
      "updating": null,
      "withPredicate": null
    },
    {
      "id": "SLOWER_22",
      "execute": "SLOWER",
      "after": "1000",
      "priority": 0,
      "additionalGuards": null,
      "activationKind": null,
      "fixedVariables": {
        "Crash": "FALSE",
        "VehiclesAy": "{(EgoVehicle↦-2.581401759016444E-10),(Vehicles2↦2.581401759016444E-10),(Vehicles3↦2.581401759016444E-10),(Vehicles4↦2.581401759016444E-10),(Vehicles5↦-2.9238833576528123E-10)}",
        "Reward": "0.7333333333338738",
        "VehiclesAx": "{(EgoVehicle↦0.0),(Vehicles2↦0.0008237361907958984),(Vehicles3↦-0.022601059172302485),(Vehicles4↦0.003763139247894287),(Vehicles5↦0.00927906483411789)}",
        "VehiclesVx": "{(EgoVehicle↦20.0),(Vehicles2↦0.5644222721457481),(Vehicles3↦-0.04701013211160898),(Vehicles4↦-0.47534916549921036),(Vehicles5↦0.5602500215172768)}",
        "VehiclesY": "{(EgoVehicle↦8.000000238418579),(Vehicles2↦5.893951993130031E-12),(Vehicles3↦-8.000000238418579),(Vehicles4↦-4.0000001192092896),(Vehicles5↦5.893951993130031E-12)}",
        "VehiclesVy": "{(EgoVehicle↦1.7124079931818414E-11),(Vehicles2↦-1.7124079931818414E-11),(Vehicles3↦-1.7124079931818414E-11),(Vehicles4↦-1.7124079931818414E-11),(Vehicles5↦-1.7124079931818414E-11)}",
        "VehiclesX": "{(EgoVehicle↦200.0),(Vehicles2↦26.031821966171265),(Vehicles3↦37.376898527145386),(Vehicles4↦54.76067066192627),(Vehicles5↦89.5298182964325)}"
      },
      "probabilisticVariables": null,
      "activating": [
        "SLOWER_23"
      ],
      "activatingOnlyWhenExecuted": true,
      "updating": null,
      "withPredicate": null
    },
    {
      "id": "SLOWER_23",
      "execute": "SLOWER",
      "after": "1000",
      "priority": 0,
      "additionalGuards": null,
      "activationKind": null,
      "fixedVariables": {
        "Crash": "FALSE",
        "VehiclesAy": "{(EgoVehicle↦-1.6058265828178264E-11),(Vehicles2↦1.6058265828178264E-11),(Vehicles3↦1.6058265828178264E-11),(Vehicles4↦1.6058265828178264E-11),(Vehicles5↦-1.8189894035458565E-11)}",
        "Reward": "0.7333333333334044",
        "VehiclesAx": "{(EgoVehicle↦0.0),(Vehicles2↦0.0014505907893180847),(Vehicles3↦-0.02195047214627266),(Vehicles4↦0.006490759551525116),(Vehicles5↦0.00923842191696167)}",
        "VehiclesVx": "{(EgoVehicle↦20.0),(Vehicles2↦0.5658728629350662),(Vehicles3↦-0.06896060425788164),(Vehicles4↦-0.46885840594768524),(Vehicles5↦0.5694884434342384)}",
        "VehiclesY": "{(EgoVehicle↦8.000000238418579),(Vehicles2↦3.6504133049675147E-13),(Vehicles3↦-8.000000238418579),(Vehicles4↦-4.0000001192092896),(Vehicles5↦3.6504133049675147E-13)}",
        "VehiclesVy": "{(EgoVehicle↦1.0658141036401503E-12),(Vehicles2↦-1.0658141036401503E-12),(Vehicles3↦-1.0658141036401503E-12),(Vehicles4↦-1.0658141036401503E-12),(Vehicles5↦-1.0658141036401503E-12)}",
        "VehiclesX": "{(EgoVehicle↦200.0),(Vehicles2↦26.59677565097809),(Vehicles3↦37.321048974990845),(Vehicles4↦54.28771376609802),(Vehicles5↦90.09376764297485)}"
      },
      "probabilisticVariables": null,
      "activating": [
        "SLOWER_24"
      ],
      "activatingOnlyWhenExecuted": true,
      "updating": null,
      "withPredicate": null
    },
    {
      "id": "SLOWER_24",
      "execute": "SLOWER",
      "after": "1000",
      "priority": 0,
      "additionalGuards": null,
      "activationKind": null,
      "fixedVariables": {
        "Crash": "FALSE",
        "VehiclesAy": "{(EgoVehicle↦-9.947598300641403E-13),(Vehicles2↦9.947598300641403E-13),(Vehicles3↦9.947598300641403E-13),(Vehicles4↦9.947598300641403E-13),(Vehicles5↦-1.1368683772161603E-12)}",
        "Reward": "0.7333333333333427",
        "VehiclesAx": "{(EgoVehicle↦0.0),(Vehicles2↦0.002021379768848419),(Vehicles3↦-0.02113951835781336),(Vehicles4↦0.008952692151069641),(Vehicles5↦0.009179823100566864)}",
        "VehiclesVx": "{(EgoVehicle↦20.0),(Vehicles2↦0.5678942427039146),(Vehicles3↦-0.090100122615695),(Vehicles4↦-0.4599057137966156),(Vehicles5↦0.5786682665348053)}",
        "VehiclesY": "{(EgoVehicle↦8.000000238418579),(Vehicles2↦2.398081733190338E-14),(Vehicles3↦-8.000000238418579),(Vehicles4↦-4.0000001192092896),(Vehicles5↦2.398081733190338E-14)}",
        "VehiclesVy": "{(EgoVehicle↦7.105427357601002E-14),(Vehicles2↦-7.105427357601002E-14),(Vehicles3↦-7.105427357601002E-14),(Vehicles4↦-7.105427357601002E-14),(Vehicles5↦-7.105427357601002E-14)}",
        "VehiclesX": "{(EgoVehicle↦200.0),(Vehicles2↦27.163413166999817),(Vehicles3↦37.24356293678284),(Vehicles4↦53.82224917411804),(Vehicles5↦90.66693186759949)}"
      },
      "probabilisticVariables": null,
      "activating": [
        "SLOWER_25"
      ],
      "activatingOnlyWhenExecuted": true,
      "updating": null,
      "withPredicate": null
    },
    {
      "id": "SLOWER_25",
      "execute": "SLOWER",
      "after": "1000",
      "priority": 0,
      "additionalGuards": null,
      "activationKind": null,
      "fixedVariables": {
        "Crash": "FALSE",
        "VehiclesAy": "{(EgoVehicle↦-7.105427357601002E-14),(Vehicles2↦7.105427357601002E-14),(Vehicles3↦7.105427357601002E-14),(Vehicles4↦7.105427357601002E-14),(Vehicles5↦-7.105427357601002E-14)}",
        "Reward": "0.7333333333333346",
        "VehiclesAx": "{(EgoVehicle↦0.0),(Vehicles2↦0.0025399774312973022),(Vehicles3↦-0.020193541422486305),(Vehicles4↦0.011155754327774048),(Vehicles5↦0.009105466306209564)}",
        "VehiclesVx": "{(EgoVehicle↦20.0),(Vehicles2↦0.570434220135212),(Vehicles3↦-0.1102936640381813),(Vehicles4↦-0.44874995946884155),(Vehicles5↦0.5877737328410149)}",
        "VehiclesY": "{(EgoVehicle↦8.000000238418579),(Vehicles2↦2.6645352591003757E-15),(Vehicles3↦-8.000000238418579),(Vehicles4↦-4.0000001192092896),(Vehicles5↦2.6645352591003757E-15)}",
        "VehiclesVy": "{(EgoVehicle↦0.0),(Vehicles2↦0.0),(Vehicles3↦0.0),(Vehicles4↦0.0),(Vehicles5↦0.0)}",
        "VehiclesX": "{(EgoVehicle↦200.0),(Vehicles2↦27.732285857200623),(Vehicles3↦37.145304679870605),(Vehicles4↦53.366637229919434),(Vehicles5↦91.24925136566162)}"
      },
      "probabilisticVariables": null,
      "activating": [
        "SLOWER_26"
      ],
      "activatingOnlyWhenExecuted": true,
      "updating": null,
      "withPredicate": null
    },
    {
      "id": "SLOWER_26",
      "execute": "SLOWER",
      "after": "1000",
      "priority": 0,
      "additionalGuards": null,
      "activationKind": null,
      "fixedVariables": {
        "Crash": "FALSE",
        "VehiclesAy": "{(EgoVehicle↦0.0),(Vehicles2↦0.0),(Vehicles3↦0.0),(Vehicles4↦0.0),(Vehicles5↦0.0)}",
        "Reward": "0.7333333333333335",
        "VehiclesAx": "{(EgoVehicle↦0.0),(Vehicles2↦0.0030099228024482727),(Vehicles3↦-0.019136564806103706),(Vehicles4↦0.013109482824802399),(Vehicles5↦0.009017474949359894)}",
        "VehiclesVx": "{(EgoVehicle↦20.0),(Vehicles2↦0.5734441429376602),(Vehicles3↦-0.129430228844285),(Vehicles4↦-0.43564047664403915),(Vehicles5↦0.5967912077903748)}",
        "VehiclesY": "{(EgoVehicle↦8.000000238418579),(Vehicles2↦0.0),(Vehicles3↦-8.000000238418579),(Vehicles4↦-4.0000001192092896),(Vehicles5↦0.0)}",
        "VehiclesVy": "{(EgoVehicle↦0.0),(Vehicles2↦0.0),(Vehicles3↦0.0),(Vehicles4↦0.0),(Vehicles5↦0.0)}",
        "VehiclesX": "{(EgoVehicle↦200.0),(Vehicles2↦28.30388844013214),(Vehicles3↦37.02726662158966),(Vehicles4↦52.922987937927246),(Vehicles5↦91.84063673019409)}"
      },
      "probabilisticVariables": null,
      "activating": [
        "SLOWER_27"
      ],
      "activatingOnlyWhenExecuted": true,
      "updating": null,
      "withPredicate": null
    },
    {
      "id": "SLOWER_27",
      "execute": "SLOWER",
      "after": "1000",
      "priority": 0,
      "additionalGuards": null,
      "activationKind": null,
      "fixedVariables": {
        "Crash": "FALSE",
        "VehiclesAy": "{(EgoVehicle↦0.0),(Vehicles2↦0.0),(Vehicles3↦0.0),(Vehicles4↦0.0),(Vehicles5↦0.0)}",
        "Reward": "0.7333333333333334",
        "VehiclesAx": "{(EgoVehicle↦0.0),(Vehicles2↦0.0034341961145401),(Vehicles3↦-0.017990926280617714),(Vehicles4↦0.014825835824012756),(Vehicles5↦0.008917786180973053)}",
        "VehiclesVx": "{(EgoVehicle↦20.0),(Vehicles2↦0.5768783390522003),(Vehicles3↦-0.14742115512490273),(Vehicles4↦-0.4208146408200264),(Vehicles5↦0.6057089939713478)}",
        "VehiclesY": "{(EgoVehicle↦8.000000238418579),(Vehicles2↦0.0),(Vehicles3↦-8.000000238418579),(Vehicles4↦-4.0000001192092896),(Vehicles5↦0.0)}",
        "VehiclesVy": "{(EgoVehicle↦0.0),(Vehicles2↦0.0),(Vehicles3↦0.0),(Vehicles4↦0.0),(Vehicles5↦0.0)}",
        "VehiclesX": "{(EgoVehicle↦200.0),(Vehicles2↦28.878673911094666),(Vehicles3↦36.89054548740387),(Vehicles4↦52.49314904212952),(Vehicles5↦92.44100451469421)}"
      },
      "probabilisticVariables": null,
      "activating": [
        "SLOWER_28"
      ],
      "activatingOnlyWhenExecuted": true,
      "updating": null,
      "withPredicate": null
    },
    {
      "id": "SLOWER_28",
      "execute": "SLOWER",
      "after": "1000",
      "priority": 0,
      "additionalGuards": null,
      "activationKind": null,
      "fixedVariables": {
        "Crash": "FALSE",
        "VehiclesAy": "{(EgoVehicle↦0.0),(Vehicles2↦0.0),(Vehicles3↦0.0),(Vehicles4↦0.0),(Vehicles5↦0.0)}",
        "Reward": "0.7333333333333334",
        "VehiclesAx": "{(EgoVehicle↦0.0),(Vehicles2↦0.003815852105617523),(Vehicles3↦-0.016777124255895615),(Vehicles4↦0.016318559646606445),(Vehicles5↦0.008808225393295288)}",
        "VehiclesVx": "{(EgoVehicle↦20.0),(Vehicles2↦0.5806941911578178),(Vehicles3↦-0.16419827938079834),(Vehicles4↦-0.40449608117341995),(Vehicles5↦0.6145172193646431)}",
        "VehiclesY": "{(EgoVehicle↦8.000000238418579),(Vehicles2↦0.0),(Vehicles3↦-8.000000238418579),(Vehicles4↦-4.0000001192092896),(Vehicles5↦0.0)}",
        "VehiclesVy": "{(EgoVehicle↦0.0),(Vehicles2↦0.0),(Vehicles3↦0.0),(Vehicles4↦0.0),(Vehicles5↦0.0)}",
        "VehiclesX": "{(EgoVehicle↦200.0),(Vehicles2↦29.45704758167267),(Vehicles3↦36.73631548881531),(Vehicles4↦52.07874774932861),(Vehicles5↦93.05024743080139)}"
      },
      "probabilisticVariables": null,
      "activating": [
        "SLOWER_29"
      ],
      "activatingOnlyWhenExecuted": true,
      "updating": null,
      "withPredicate": null
    },
    {
      "id": "SLOWER_29",
      "execute": "SLOWER",
      "after": "1000",
      "priority": 0,
      "additionalGuards": null,
      "activationKind": null,
      "fixedVariables": {
        "Crash": "FALSE",
        "VehiclesAy": "{(EgoVehicle↦0.0),(Vehicles2↦0.0),(Vehicles3↦0.0),(Vehicles4↦0.0),(Vehicles5↦0.0)}",
        "Reward": "0.7333333333333334",
        "VehiclesAx": "{(EgoVehicle↦0.0),(Vehicles2↦0.004157721996307373),(Vehicles3↦-0.015513673424720764),(Vehicles4↦0.01760244369506836),(Vehicles5↦0.008690468966960907)}",
        "VehiclesVx": "{(EgoVehicle↦20.0),(Vehicles2↦0.5848519131541252),(Vehicles3↦-0.1797119528055191),(Vehicles4↦-0.3868936374783516),(Vehicles5↦0.623207688331604)}",
        "VehiclesY": "{(EgoVehicle↦8.000000238418579),(Vehicles2↦0.0),(Vehicles3↦-8.000000238418579),(Vehicles4↦-4.0000001192092896),(Vehicles5↦0.0)}",
        "VehiclesVy": "{(EgoVehicle↦0.0),(Vehicles2↦0.0),(Vehicles3↦0.0),(Vehicles4↦0.0),(Vehicles5↦0.0)}",
        "VehiclesX": "{(EgoVehicle↦200.0),(Vehicles2↦30.039379000663757),(Vehicles3↦36.565807461738586),(Vehicles4↦51.68120265007019),(Vehicles5↦93.66825222969055)}"
      },
      "probabilisticVariables": null,
      "activating": [
        "SLOWER_30"
      ],
      "activatingOnlyWhenExecuted": true,
      "updating": null,
      "withPredicate": null
    },
    {
      "id": "SLOWER_30",
      "execute": "SLOWER",
      "after": "1000",
      "priority": 0,
      "additionalGuards": null,
      "activationKind": null,
      "fixedVariables": {
        "Crash": "FALSE",
        "VehiclesAy": "{(EgoVehicle↦0.0),(Vehicles2↦0.0),(Vehicles3↦0.0),(Vehicles4↦0.0),(Vehicles5↦0.0)}",
        "Reward": "0.7333333333333334",
        "VehiclesAx": "{(EgoVehicle↦0.0),(Vehicles2↦0.004462487995624542),(Vehicles3↦-0.014217272400856018),(Vehicles4↦0.018693283200263977),(Vehicles5↦0.008566007018089294)}",
        "VehiclesVx": "{(EgoVehicle↦20.0),(Vehicles2↦0.5893144011497498),(Vehicles3↦-0.19392922520637512),(Vehicles4↦-0.3682003542780876),(Vehicles5↦0.6317736953496933)}",
        "VehiclesY": "{(EgoVehicle↦8.000000238418579),(Vehicles2↦0.0),(Vehicles3↦-8.000000238418579),(Vehicles4↦-4.0000001192092896),(Vehicles5↦0.0)}",
        "VehiclesVy": "{(EgoVehicle↦0.0),(Vehicles2↦0.0),(Vehicles3↦0.0),(Vehicles4↦0.0),(Vehicles5↦0.0)}",
        "VehiclesX": "{(EgoVehicle↦200.0),(Vehicles2↦30.625993013381958),(Vehicles3↦36.380305886268616),(Vehicles4↦51.301705837249756),(Vehicles5↦94.29489374160767)}"
      },
      "probabilisticVariables": null,
      "activating": [
        "SLOWER_31"
      ],
      "activatingOnlyWhenExecuted": true,
      "updating": null,
      "withPredicate": null
    },
    {
      "id": "SLOWER_31",
      "execute": "SLOWER",
      "after": "1000",
      "priority": 0,
      "additionalGuards": null,
      "activationKind": null,
      "fixedVariables": {
        "Crash": "FALSE",
        "VehiclesAy": "{(EgoVehicle↦0.0),(Vehicles2↦0.0),(Vehicles3↦0.0),(Vehicles4↦0.0),(Vehicles5↦0.0)}",
        "Reward": "0.7333333333333334",
        "VehiclesAx": "{(EgoVehicle↦0.0),(Vehicles2↦0.004732757806777954),(Vehicles3↦-0.012902729213237762),(Vehicles4↦0.0196070596575737),(Vehicles5↦0.008436143398284912)}",
        "VehiclesVx": "{(EgoVehicle↦20.0),(Vehicles2↦0.5940471589565277),(Vehicles3↦-0.20683195441961288),(Vehicles4↦-0.3485932946205139),(Vehicles5↦0.6402098387479782)}",
        "VehiclesY": "{(EgoVehicle↦8.000000238418579),(Vehicles2↦0.0),(Vehicles3↦-8.000000238418579),(Vehicles4↦-4.0000001192092896),(Vehicles5↦0.0)}",
        "VehiclesVy": "{(EgoVehicle↦0.0),(Vehicles2↦0.0),(Vehicles3↦0.0),(Vehicles4↦0.0),(Vehicles5↦0.0)}",
        "VehiclesX": "{(EgoVehicle↦200.0),(Vehicles2↦31.21718168258667),(Vehicles3↦36.1811101436615),(Vehicles4↦50.941282510757446),(Vehicles5↦94.93005275726318)}"
      },
      "probabilisticVariables": null,
      "activating": [
        "SLOWER_32"
      ],
      "activatingOnlyWhenExecuted": true,
      "updating": null,
      "withPredicate": null
    },
    {
      "id": "SLOWER_32",
      "execute": "SLOWER",
      "after": "1000",
      "priority": 0,
      "additionalGuards": null,
      "activationKind": null,
      "fixedVariables": {
        "Crash": "FALSE",
        "VehiclesAy": "{(EgoVehicle↦0.0),(Vehicles2↦0.0),(Vehicles3↦0.0),(Vehicles4↦0.0),(Vehicles5↦0.0)}",
        "Reward": "0.7333333333333334",
        "VehiclesAx": "{(EgoVehicle↦0.0),(Vehicles2↦0.004971139132976532),(Vehicles3↦-0.011583194136619568),(Vehicles4↦0.02035960555076599),(Vehicles5↦0.008302181959152222)}",
        "VehiclesVx": "{(EgoVehicle↦20.0),(Vehicles2↦0.5990182980895042),(Vehicles3↦-0.21841514855623245),(Vehicles4↦-0.3282336890697479),(Vehicles5↦0.6485120207071304)}",
        "VehiclesY": "{(EgoVehicle↦8.000000238418579),(Vehicles2↦0.0),(Vehicles3↦-8.000000238418579),(Vehicles4↦-4.0000001192092896),(Vehicles5↦0.0)}",
        "VehiclesVy": "{(EgoVehicle↦0.0),(Vehicles2↦0.0),(Vehicles3↦0.0),(Vehicles4↦0.0),(Vehicles5↦0.0)}",
        "VehiclesX": "{(EgoVehicle↦200.0),(Vehicles2↦31.81319832801819),(Vehicles3↦35.96953749656677),(Vehicles4↦50.60077905654907),(Vehicles5↦95.57359218597412)}"
      },
      "probabilisticVariables": null,
      "activating": [
        "SLOWER_33"
      ],
      "activatingOnlyWhenExecuted": true,
      "updating": null,
      "withPredicate": null
    },
    {
      "id": "SLOWER_33",
      "execute": "SLOWER",
      "after": "1000",
      "priority": 0,
      "additionalGuards": null,
      "activationKind": null,
      "fixedVariables": {
        "Crash": "FALSE",
        "VehiclesAy": "{(EgoVehicle↦0.0),(Vehicles2↦0.0),(Vehicles3↦0.0),(Vehicles4↦0.0),(Vehicles5↦0.0)}",
        "Reward": "0.7333333333333334",
        "VehiclesAx": "{(EgoVehicle↦0.0),(Vehicles2↦0.005179867148399353),(Vehicles3↦-0.010270234197378159),(Vehicles4↦0.0209663063287735),(Vehicles5↦0.008164942264556885)}",
        "VehiclesVx": "{(EgoVehicle↦20.0),(Vehicles2↦0.6041981652379036),(Vehicles3↦-0.2286853827536106),(Vehicles4↦-0.3072673827409744),(Vehicles5↦0.6566769629716873)}",
        "VehiclesY": "{(EgoVehicle↦8.000000238418579),(Vehicles2↦0.0),(Vehicles3↦-8.000000238418579),(Vehicles4↦-4.0000001192092896),(Vehicles5↦0.0)}",
        "VehiclesVy": "{(EgoVehicle↦0.0),(Vehicles2↦0.0),(Vehicles3↦0.0),(Vehicles4↦0.0),(Vehicles5↦0.0)}",
        "VehiclesX": "{(EgoVehicle↦200.0),(Vehicles2↦32.4142724275589),(Vehicles3↦35.74691116809845),(Vehicles4↦50.28088688850403),(Vehicles5↦96.22538089752197)}"
      },
      "probabilisticVariables": null,
      "activating": [
        "SLOWER_34"
      ],
      "activatingOnlyWhenExecuted": true,
      "updating": null,
      "withPredicate": null
    },
    {
      "id": "SLOWER_34",
      "execute": "SLOWER",
      "after": "1000",
      "priority": 0,
      "additionalGuards": null,
      "activationKind": null,
      "fixedVariables": {
        "Crash": "FALSE",
        "VehiclesAy": "{(EgoVehicle↦0.0),(Vehicles2↦0.0),(Vehicles3↦0.0),(Vehicles4↦0.0),(Vehicles5↦0.0)}",
        "Reward": "0.7333333333333334",
        "VehiclesAx": "{(EgoVehicle↦0.0),(Vehicles2↦0.0053613632917404175),(Vehicles3↦-0.008973833173513412),(Vehicles4↦0.021442119032144547),(Vehicles5↦0.00802554190158844)}",
        "VehiclesVx": "{(EgoVehicle↦20.0),(Vehicles2↦0.609559528529644),(Vehicles3↦-0.23765921592712402),(Vehicles4↦-0.2858252637088299),(Vehicles5↦0.6647025048732758)}",
        "VehiclesY": "{(EgoVehicle↦8.000000238418579),(Vehicles2↦0.0),(Vehicles3↦-8.000000238418579),(Vehicles4↦-4.0000001192092896),(Vehicles5↦0.0)}",
        "VehiclesVy": "{(EgoVehicle↦0.0),(Vehicles2↦0.0),(Vehicles3↦0.0),(Vehicles4↦0.0),(Vehicles5↦0.0)}",
        "VehiclesX": "{(EgoVehicle↦200.0),(Vehicles2↦33.0206036567688),(Vehicles3↦35.51453351974487),(Vehicles4↦49.982163310050964),(Vehicles5↦96.88528180122375)}"
      },
      "probabilisticVariables": null,
      "activating": [
        "SLOWER_35"
      ],
      "activatingOnlyWhenExecuted": true,
      "updating": null,
      "withPredicate": null
    },
    {
      "id": "SLOWER_35",
      "execute": "SLOWER",
      "after": "1000",
      "priority": 0,
      "additionalGuards": null,
      "activationKind": null,
      "fixedVariables": {
        "Crash": "FALSE",
        "VehiclesAy": "{(EgoVehicle↦0.0),(Vehicles2↦0.0),(Vehicles3↦0.0),(Vehicles4↦0.0),(Vehicles5↦0.0)}",
        "Reward": "0.7333333333333334",
        "VehiclesAx": "{(EgoVehicle↦0.0),(Vehicles2↦0.005517713725566864),(Vehicles3↦-0.0077027082443237305),(Vehicles4↦0.02180095762014389),(Vehicles5↦0.007884800434112549)}",
        "VehiclesVx": "{(EgoVehicle↦20.0),(Vehicles2↦0.6150772422552109),(Vehicles3↦-0.24536192417144775),(Vehicles4↦-0.264024306088686),(Vehicles5↦0.6725873053073883)}",
        "VehiclesY": "{(EgoVehicle↦8.000000238418579),(Vehicles2↦0.0),(Vehicles3↦-8.000000238418579),(Vehicles4↦-4.0000001192092896),(Vehicles5↦0.0)}",
        "VehiclesVy": "{(EgoVehicle↦0.0),(Vehicles2↦0.0),(Vehicles3↦0.0),(Vehicles4↦0.0),(Vehicles5↦0.0)}",
        "VehiclesX": "{(EgoVehicle↦200.0),(Vehicles2↦33.63235890865326),(Vehicles3↦35.27369201183319),(Vehicles4↦49.705034494400024),(Vehicles5↦97.553151845932)}"
      },
      "probabilisticVariables": null,
      "activating": [
        "SLOWER_36"
      ],
      "activatingOnlyWhenExecuted": true,
      "updating": null,
      "withPredicate": null
    },
    {
      "id": "SLOWER_36",
      "execute": "SLOWER",
      "after": "1000",
      "priority": 0,
      "additionalGuards": null,
      "activationKind": null,
      "fixedVariables": {
        "Crash": "FALSE",
        "VehiclesAy": "{(EgoVehicle↦0.0),(Vehicles2↦0.0),(Vehicles3↦0.0),(Vehicles4↦0.0),(Vehicles5↦0.0)}",
        "Reward": "0.7333333333333334",
        "VehiclesAx": "{(EgoVehicle↦0.0),(Vehicles2↦0.005651041865348816),(Vehicles3↦-0.006464142352342606),(Vehicles4↦0.022055935114622116),(Vehicles5↦0.007743164896965027)}",
        "VehiclesVx": "{(EgoVehicle↦20.0),(Vehicles2↦0.6207282841205597),(Vehicles3↦-0.25182606652379036),(Vehicles4↦-0.24196837097406387),(Vehicles5↦0.6803304702043533)}",
        "VehiclesY": "{(EgoVehicle↦8.000000238418579),(Vehicles2↦0.0),(Vehicles3↦-8.000000238418579),(Vehicles4↦-4.0000001192092896),(Vehicles5↦0.0)}",
        "VehiclesVy": "{(EgoVehicle↦0.0),(Vehicles2↦0.0),(Vehicles3↦0.0),(Vehicles4↦0.0),(Vehicles5↦0.0)}",
        "VehiclesX": "{(EgoVehicle↦200.0),(Vehicles2↦34.24968719482422),(Vehicles3↦35.0256472826004),(Vehicles4↦49.44981634616852),(Vehicles5↦98.22884202003479)}"
      },
      "probabilisticVariables": null,
      "activating": [
        "SLOWER_37"
      ],
      "activatingOnlyWhenExecuted": true,
      "updating": null,
      "withPredicate": null
    },
    {
      "id": "SLOWER_37",
      "execute": "SLOWER",
      "after": "1000",
      "priority": 0,
      "additionalGuards": null,
      "activationKind": null,
      "fixedVariables": {
        "Crash": "FALSE",
        "VehiclesAy": "{(EgoVehicle↦0.0),(Vehicles2↦0.0),(Vehicles3↦0.0),(Vehicles4↦0.0),(Vehicles5↦0.0)}",
        "Reward": "0.7333333333333334",
        "VehiclesAx": "{(EgoVehicle↦0.0),(Vehicles2↦-0.8778187073767185),(Vehicles3↦0.8783175237476826),(Vehicles4↦0.022219177335500717),(Vehicles5↦0.007601529359817505)}",
        "VehiclesVx": "{(EgoVehicle↦20.0),(Vehicles2↦-0.25709042325615883),(Vehicles3↦0.6264914572238922),(Vehicles4↦-0.21974919363856316),(Vehicles5↦0.6879319995641708)}",
        "VehiclesY": "{(EgoVehicle↦8.000000238418579),(Vehicles2↦-8.000000238418579),(Vehicles3↦0.0),(Vehicles4↦-4.0000001192092896),(Vehicles5↦0.0)}",
        "VehiclesVy": "{(EgoVehicle↦0.0),(Vehicles2↦0.0),(Vehicles3↦0.0),(Vehicles4↦0.0),(Vehicles5↦0.0)}",
        "VehiclesX": "{(EgoVehicle↦200.0),(Vehicles2↦34.771621227264404),(Vehicles3↦34.87271070480347),(Vehicles4↦49.21672344207764),(Vehicles5↦98.91222715377808)}"
      },
      "probabilisticVariables": null,
      "activating": [
        "SLOWER_38"
      ],
      "activatingOnlyWhenExecuted": true,
      "updating": null,
      "withPredicate": null
    },
    {
      "id": "SLOWER_38",
      "execute": "SLOWER",
      "after": "1000",
      "priority": 0,
      "additionalGuards": null,
      "activationKind": null,
      "fixedVariables": {
        "Crash": "FALSE",
        "VehiclesAy": "{(EgoVehicle↦0.0),(Vehicles2↦0.0),(Vehicles3↦0.0),(Vehicles4↦0.0),(Vehicles5↦0.0)}",
        "Reward": "0.7333333333333334",
        "VehiclesAx": "{(EgoVehicle↦0.0),(Vehicles2↦-0.004108324646949768),(Vehicles3↦0.005855932831764221),(Vehicles4↦0.022301804274320602),(Vehicles5↦0.00746019184589386)}",
        "VehiclesVx": "{(EgoVehicle↦20.0),(Vehicles2↦-0.2611987479031086),(Vehicles3↦0.6323473900556564),(Vehicles4↦-0.19744738936424255),(Vehicles5↦0.6953921914100647)}",
        "VehiclesY": "{(EgoVehicle↦8.000000238418579),(Vehicles2↦-8.000000238418579),(Vehicles3↦0.0),(Vehicles4↦-4.0000001192092896),(Vehicles5↦0.0)}",
        "VehiclesVy": "{(EgoVehicle↦0.0),(Vehicles2↦0.0),(Vehicles3↦0.0),(Vehicles4↦0.0),(Vehicles5↦0.0)}",
        "VehiclesX": "{(EgoVehicle↦200.0),(Vehicles2↦34.51279699802399),(Vehicles3↦35.50153970718384),(Vehicles4↦49.005892872810364),(Vehicles5↦99.60315227508545)}"
      },
      "probabilisticVariables": null,
      "activating": [
        "SLOWER_39"
      ],
      "activatingOnlyWhenExecuted": true,
      "updating": null,
      "withPredicate": null
    },
    {
      "id": "SLOWER_39",
      "execute": "SLOWER",
      "after": "1000",
      "priority": 0,
      "additionalGuards": null,
      "activationKind": null,
      "fixedVariables": {
        "Crash": "FALSE",
        "VehiclesAy": "{(EgoVehicle↦0.0),(Vehicles2↦0.0),(Vehicles3↦0.0),(Vehicles4↦0.0),(Vehicles5↦0.0)}",
        "Reward": "0.7333333333333334",
        "VehiclesAx": "{(EgoVehicle↦0.0),(Vehicles2↦-0.0030000507831573486),(Vehicles3↦0.005931109189987183),(Vehicles4↦0.02231396734714508),(Vehicles5↦0.007319822907447815)}",
        "VehiclesVx": "{(EgoVehicle↦20.0),(Vehicles2↦-0.26419879868626595),(Vehicles3↦0.6382784992456436),(Vehicles4↦-0.17513342201709747),(Vehicles5↦0.7027120143175125)}",
        "VehiclesY": "{(EgoVehicle↦8.000000238418579),(Vehicles2↦-8.000000238418579),(Vehicles3↦0.0),(Vehicles4↦-4.0000001192092896),(Vehicles5↦0.0)}",
        "VehiclesVy": "{(EgoVehicle↦0.0),(Vehicles2↦0.0),(Vehicles3↦0.0),(Vehicles4↦0.0),(Vehicles5↦0.0)}",
        "VehiclesX": "{(EgoVehicle↦200.0),(Vehicles2↦34.25031006336212),(Vehicles3↦36.13625168800354),(Vehicles4↦48.81737232208252),(Vehicles5↦100.30148029327393)}"
      },
      "probabilisticVariables": null,
      "activating": [
        "SLOWER_40"
      ],
      "activatingOnlyWhenExecuted": true,
      "updating": null,
      "withPredicate": null
    },
    {
      "id": "SLOWER_40",
      "execute": "SLOWER",
      "after": "1000",
      "priority": 0,
      "additionalGuards": null,
      "activationKind": null,
      "fixedVariables": {
        "Crash": "FALSE",
        "VehiclesAy": "{(EgoVehicle↦0.0),(Vehicles2↦0.0),(Vehicles3↦0.0),(Vehicles4↦0.0),(Vehicles5↦0.0)}",
        "Reward": "0.7333333333333334",
        "VehiclesAx": "{(EgoVehicle↦0.0),(Vehicles2↦-0.0019426271319389343),(Vehicles3↦0.005990192294120789),(Vehicles4↦0.02226484939455986),(Vehicles5↦0.007180497050285339)}",
        "VehiclesVx": "{(EgoVehicle↦20.0),(Vehicles2↦-0.2661414258182049),(Vehicles3↦0.6442686915397644),(Vehicles4↦-0.1528685726225376),(Vehicles5↦0.7098925113677979)}",
        "VehiclesY": "{(EgoVehicle↦8.000000238418579),(Vehicles2↦-8.000000238418579),(Vehicles3↦0.0),(Vehicles4↦-4.0000001192092896),(Vehicles5↦0.0)}",
        "VehiclesVy": "{(EgoVehicle↦0.0),(Vehicles2↦0.0),(Vehicles3↦0.0),(Vehicles4↦0.0),(Vehicles5↦0.0)}",
        "VehiclesX": "{(EgoVehicle↦200.0),(Vehicles2↦33.98525416851044),(Vehicles3↦36.77692413330078),(Vehicles4↦48.65114986896515),(Vehicles5↦101.007080078125)}"
      },
      "probabilisticVariables": null,
      "activating": [
        "SLOWER_41"
      ],
      "activatingOnlyWhenExecuted": true,
      "updating": null,
      "withPredicate": null
    },
    {
      "id": "SLOWER_41",
      "execute": "SLOWER",
      "after": "1000",
      "priority": 0,
      "additionalGuards": null,
      "activationKind": null,
      "fixedVariables": {
        "Crash": "FALSE",
        "VehiclesAy": "{(EgoVehicle↦0.0),(Vehicles2↦0.0),(Vehicles3↦0.0),(Vehicles4↦0.0),(Vehicles5↦0.0)}",
        "Reward": "0.7333333333333334",
        "VehiclesAx": "{(EgoVehicle↦0.0),(Vehicles2↦-0.0009382143616676331),(Vehicles3↦0.006034597754478455),(Vehicles4↦0.022162673994898796),(Vehicles5↦0.007042810320854187)}",
        "VehiclesVx": "{(EgoVehicle↦20.0),(Vehicles2↦-0.2670796401798725),(Vehicles3↦0.6503032892942429),(Vehicles4↦-0.13070589862763882),(Vehicles5↦0.716935321688652)}",
        "VehiclesY": "{(EgoVehicle↦8.000000238418579),(Vehicles2↦-8.000000238418579),(Vehicles3↦0.0),(Vehicles4↦-4.0000001192092896),(Vehicles5↦0.0)}",
        "VehiclesVy": "{(EgoVehicle↦0.0),(Vehicles2↦0.0),(Vehicles3↦0.0),(Vehicles4↦0.0),(Vehicles5↦0.0)}",
        "VehiclesX": "{(EgoVehicle↦200.0),(Vehicles2↦33.71865749359131),(Vehicles3↦37.42360174655914),(Vehicles4↦48.50715696811676),(Vehicles5↦101.71979665756226)}"
      },
      "probabilisticVariables": null,
      "activating": [
        "SLOWER_42"
      ],
      "activatingOnlyWhenExecuted": true,
      "updating": null,
      "withPredicate": null
    },
    {
      "id": "SLOWER_42",
      "execute": "SLOWER",
      "after": "1000",
      "priority": 0,
      "additionalGuards": null,
      "activationKind": null,
      "fixedVariables": {
        "Crash": "FALSE",
        "VehiclesAy": "{(EgoVehicle↦0.0),(Vehicles2↦0.0),(Vehicles3↦0.0),(Vehicles4↦0.0),(Vehicles5↦0.0)}",
        "Reward": "0.7333333333333334",
        "VehiclesAx": "{(EgoVehicle↦0.0),(Vehicles2↦1.171603798866272E-05),(Vehicles3↦0.006065815687179565),(Vehicles4↦0.02201491966843605),(Vehicles5↦0.006906911730766296)}",
        "VehiclesVx": "{(EgoVehicle↦20.0),(Vehicles2↦-0.26706792414188385),(Vehicles3↦0.6563691049814224),(Vehicles4↦-0.10869097895920277),(Vehicles5↦0.7238422334194183)}",
        "VehiclesY": "{(EgoVehicle↦8.000000238418579),(Vehicles2↦-8.000000238418579),(Vehicles3↦0.0),(Vehicles4↦-4.0000001192092896),(Vehicles5↦0.0)}",
        "VehiclesVy": "{(EgoVehicle↦0.0),(Vehicles2↦0.0),(Vehicles3↦0.0),(Vehicles4↦0.0),(Vehicles5↦0.0)}",
        "VehiclesX": "{(EgoVehicle↦200.0),(Vehicles2↦33.45150947570801),(Vehicles3↦38.07632923126221),(Vehicles4↦48.385271430015564),(Vehicles5↦102.43951082229614)}"
      },
      "probabilisticVariables": null,
      "activating": [
        "SLOWER_43"
      ],
      "activatingOnlyWhenExecuted": true,
      "updating": null,
      "withPredicate": null
    },
    {
      "id": "SLOWER_43",
      "execute": "SLOWER",
      "after": "1000",
      "priority": 0,
      "additionalGuards": null,
      "activationKind": null,
      "fixedVariables": {
        "Crash": "FALSE",
        "VehiclesAy": "{(EgoVehicle↦0.0),(Vehicles2↦0.0),(Vehicles3↦0.0),(Vehicles4↦0.0),(Vehicles5↦0.0)}",
        "Reward": "0.7333333333333334",
        "VehiclesAx": "{(EgoVehicle↦0.0),(Vehicles2↦0.0009064562618732452),(Vehicles3↦0.006085038185119629),(Vehicles4↦0.02182816155254841),(Vehicles5↦0.006772950291633606)}",
        "VehiclesVx": "{(EgoVehicle↦20.0),(Vehicles2↦-0.2661614678800106),(Vehicles3↦0.662454143166542),(Vehicles4↦-0.08686281740665436),(Vehicles5↦0.7306151837110519)}",
        "VehiclesY": "{(EgoVehicle↦8.000000238418579),(Vehicles2↦-8.000000238418579),(Vehicles3↦0.0),(Vehicles4↦-4.0000001192092896),(Vehicles5↦0.0)}",
        "VehiclesVy": "{(EgoVehicle↦0.0),(Vehicles2↦0.0),(Vehicles3↦0.0),(Vehicles4↦0.0),(Vehicles5↦0.0)}",
        "VehiclesX": "{(EgoVehicle↦200.0),(Vehicles2↦33.18473398685455),(Vehicles3↦38.73513340950012),(Vehicles4↦48.28532934188843),(Vehicles5↦103.16606760025024)}"
      },
      "probabilisticVariables": null,
      "activating": [
        "SLOWER_44"
      ],
      "activatingOnlyWhenExecuted": true,
      "updating": null,
      "withPredicate": null
    },
    {
      "id": "SLOWER_44",
      "execute": "SLOWER",
      "after": "1000",
      "priority": 0,
      "additionalGuards": null,
      "activationKind": null,
      "fixedVariables": {
        "Crash": "FALSE",
        "VehiclesAy": "{(EgoVehicle↦0.0),(Vehicles2↦0.0),(Vehicles3↦0.0),(Vehicles4↦0.0),(Vehicles5↦0.0)}",
        "Reward": "0.7333333333333334",
        "VehiclesAx": "{(EgoVehicle↦0.0),(Vehicles2↦0.0017458386719226837),(Vehicles3↦0.006093382835388184),(Vehicles4↦0.021608308888971806),(Vehicles5↦0.0066411495208740234)}",
        "VehiclesVx": "{(EgoVehicle↦20.0),(Vehicles2↦-0.2644156292080879),(Vehicles3↦0.6685475260019302),(Vehicles4↦-0.06525450851768255),(Vehicles5↦0.737256333231926)}",
        "VehiclesY": "{(EgoVehicle↦8.000000238418579),(Vehicles2↦-8.000000238418579),(Vehicles3↦0.0),(Vehicles4↦-4.0000001192092896),(Vehicles5↦0.0)}",
        "VehiclesVy": "{(EgoVehicle↦0.0),(Vehicles2↦0.0),(Vehicles3↦0.0),(Vehicles4↦0.0),(Vehicles5↦0.0)}",
        "VehiclesX": "{(EgoVehicle↦200.0),(Vehicles2↦32.91920721530914),(Vehicles3↦39.400023221969604),(Vehicles4↦48.207128047943115),(Vehicles5↦103.89935970306396)}"
      },
      "probabilisticVariables": null,
      "activating": [
        "SLOWER_45"
      ],
      "activatingOnlyWhenExecuted": true,
      "updating": null,
      "withPredicate": null
    },
    {
      "id": "SLOWER_45",
      "execute": "SLOWER",
      "after": "1000",
      "priority": 0,
      "additionalGuards": null,
      "activationKind": null,
      "fixedVariables": {
        "Crash": "FALSE",
        "VehiclesAy": "{(EgoVehicle↦0.0),(Vehicles2↦0.0),(Vehicles3↦0.0),(Vehicles4↦0.0),(Vehicles5↦0.0)}",
        "Reward": "0.7333333333333334",
        "VehiclesAx": "{(EgoVehicle↦0.0),(Vehicles2↦0.002530273050069809),(Vehicles3↦0.006092041730880737),(Vehicles4↦0.02136057708412409),(Vehicles5↦0.006511807441711426)}",
        "VehiclesVx": "{(EgoVehicle↦20.0),(Vehicles2↦-0.2618853561580181),(Vehicles3↦0.674639567732811),(Vehicles4↦-0.043893931433558464),(Vehicles5↦0.7437681406736374)}",
        "VehiclesY": "{(EgoVehicle↦8.000000238418579),(Vehicles2↦-8.000000238418579),(Vehicles3↦0.0),(Vehicles4↦-4.0000001192092896),(Vehicles5↦0.0)}",
        "VehiclesVy": "{(EgoVehicle↦0.0),(Vehicles2↦0.0),(Vehicles3↦0.0),(Vehicles4↦0.0),(Vehicles5↦0.0)}",
        "VehiclesX": "{(EgoVehicle↦200.0),(Vehicles2↦32.65574276447296),(Vehicles3↦40.07100760936737),(Vehicles4↦48.15043807029724),(Vehicles5↦104.63923215866089)}"
      },
      "probabilisticVariables": null,
      "activating": [
        "SLOWER_46"
      ],
      "activatingOnlyWhenExecuted": true,
      "updating": null,
      "withPredicate": null
    },
    {
      "id": "SLOWER_46",
      "execute": "SLOWER",
      "after": "1000",
      "priority": 0,
      "additionalGuards": null,
      "activationKind": null,
      "fixedVariables": {
        "Crash": "FALSE",
        "VehiclesAy": "{(EgoVehicle↦0.0),(Vehicles2↦0.0),(Vehicles3↦0.0),(Vehicles4↦0.0),(Vehicles5↦0.0)}",
        "Reward": "0.7333333333333334",
        "VehiclesAx": "{(EgoVehicle↦0.0),(Vehicles2↦0.0032605230808258057),(Vehicles3↦0.006081834435462952),(Vehicles4↦0.02108958549797535),(Vehicles5↦-0.9782575070858002)}",
        "VehiclesVx": "{(EgoVehicle↦20.0),(Vehicles2↦-0.2586248330771923),(Vehicles3↦0.6807214021682739),(Vehicles4↦-0.022804345935583115),(Vehicles5↦-0.23448936641216278)}",
        "VehiclesY": "{(EgoVehicle↦8.000000238418579),(Vehicles2↦-8.000000238418579),(Vehicles3↦0.0),(Vehicles4↦-4.0000001192092896),(Vehicles5↦-8.000000238418579)}",
        "VehiclesVy": "{(EgoVehicle↦0.0),(Vehicles2↦0.0),(Vehicles3↦0.0),(Vehicles4↦0.0),(Vehicles5↦0.0)}",
        "VehiclesX": "{(EgoVehicle↦200.0),(Vehicles2↦32.39510357379913),(Vehicles3↦40.74808061122894),(Vehicles4↦48.11500310897827),(Vehicles5↦104.65272665023804)}"
      },
      "probabilisticVariables": null,
      "activating": [
        "SLOWER_47"
      ],
      "activatingOnlyWhenExecuted": true,
      "updating": null,
      "withPredicate": null
    },
    {
      "id": "SLOWER_47",
      "execute": "SLOWER",
      "after": "1000",
      "priority": 0,
      "additionalGuards": null,
      "activationKind": null,
      "fixedVariables": {
        "Crash": "FALSE",
        "VehiclesAy": "{(EgoVehicle↦0.0),(Vehicles2↦0.0),(Vehicles3↦0.0),(Vehicles4↦0.0),(Vehicles5↦0.0)}",
        "Reward": "0.7333333333333334",
        "VehiclesAx": "{(EgoVehicle↦0.0),(Vehicles2↦0.003937873989343643),(Vehicles3↦0.006063878536224365),(Vehicles4↦0.020799391204491258),(Vehicles5↦0.02109372988343239)}",
        "VehiclesVx": "{(EgoVehicle↦20.0),(Vehicles2↦-0.25468695908784866),(Vehicles3↦0.6867852807044983),(Vehicles4↦-0.002004954731091857),(Vehicles5↦-0.2133956365287304)}",
        "VehiclesY": "{(EgoVehicle↦8.000000238418579),(Vehicles2↦-8.000000238418579),(Vehicles3↦0.0),(Vehicles4↦-4.0000001192092896),(Vehicles5↦-8.000000238418579)}",
        "VehiclesVy": "{(EgoVehicle↦0.0),(Vehicles2↦0.0),(Vehicles3↦0.0),(Vehicles4↦0.0),(Vehicles5↦0.0)}",
        "VehiclesX": "{(EgoVehicle↦200.0),(Vehicles2↦32.138001918792725),(Vehicles3↦41.431230306625366),(Vehicles4↦48.10054004192352),(Vehicles5↦104.42670583724976)}"
      },
      "probabilisticVariables": null,
      "activating": [
        "SLOWER_48"
      ],
      "activatingOnlyWhenExecuted": true,
      "updating": null,
      "withPredicate": null
    },
    {
      "id": "SLOWER_48",
      "execute": "SLOWER",
      "after": "1000",
      "priority": 0,
      "additionalGuards": null,
      "activationKind": null,
      "fixedVariables": {
        "Crash": "FALSE",
        "VehiclesAy": "{(EgoVehicle↦0.0),(Vehicles2↦0.0),(Vehicles3↦0.0),(Vehicles4↦0.0),(Vehicles5↦0.0)}",
        "Reward": "0.7333333333333334",
        "VehiclesAx": "{(EgoVehicle↦0.0),(Vehicles2↦0.004563760012388229),(Vehicles3↦0.00603891909122467),(Vehicles4↦0.0204935681540519),(Vehicles5↦0.020662136375904083)}",
        "VehiclesVx": "{(EgoVehicle↦20.0),(Vehicles2↦-0.25012319907546043),(Vehicles3↦0.692824199795723),(Vehicles4↦0.018488613422960043),(Vehicles5↦-0.1927335001528263)}",
        "VehiclesY": "{(EgoVehicle↦8.000000238418579),(Vehicles2↦-8.000000238418579),(Vehicles3↦0.0),(Vehicles4↦-4.0000001192092896),(Vehicles5↦-8.000000238418579)}",
        "VehiclesVy": "{(EgoVehicle↦0.0),(Vehicles2↦0.0),(Vehicles3↦0.0),(Vehicles4↦0.0),(Vehicles5↦0.0)}",
        "VehiclesX": "{(EgoVehicle↦200.0),(Vehicles2↦31.885093450546265),(Vehicles3↦42.12043285369873),(Vehicles4↦48.106759786605835),(Vehicles5↦104.22161817550659)}"
      },
      "probabilisticVariables": null,
      "activating": [
        "SLOWER_49"
      ],
      "activatingOnlyWhenExecuted": true,
      "updating": null,
      "withPredicate": null
    },
    {
      "id": "SLOWER_49",
      "execute": "SLOWER",
      "after": "1000",
      "priority": 0,
      "additionalGuards": null,
      "activationKind": null,
      "fixedVariables": {
        "Crash": "FALSE",
        "VehiclesAy": "{(EgoVehicle↦0.0),(Vehicles2↦0.0),(Vehicles3↦0.0),(Vehicles4↦0.0),(Vehicles5↦0.0)}",
        "Reward": "0.7333333333333334",
        "VehiclesAx": "{(EgoVehicle↦0.0),(Vehicles2↦0.005139987915754318),(Vehicles3↦0.00600762665271759),(Vehicles4↦0.02017524791881442),(Vehicles5↦0.020223800092935562)}",
        "VehiclesVx": "{(EgoVehicle↦20.0),(Vehicles2↦-0.24498321115970612),(Vehicles3↦0.6988318264484406),(Vehicles4↦0.038663861341774464),(Vehicles5↦-0.17250970005989075)}",
        "VehiclesY": "{(EgoVehicle↦8.000000238418579),(Vehicles2↦-8.000000238418579),(Vehicles3↦0.0),(Vehicles4↦-4.0000001192092896),(Vehicles5↦-8.000000238418579)}",
        "VehiclesVy": "{(EgoVehicle↦0.0),(Vehicles2↦0.0),(Vehicles3↦0.0),(Vehicles4↦0.0),(Vehicles5↦0.0)}",
        "VehiclesX": "{(EgoVehicle↦200.0),(Vehicles2↦31.636983156204224),(Vehicles3↦42.815664410591125),(Vehicles4↦48.13334345817566),(Vehicles5↦104.0369987487793)}"
      },
      "probabilisticVariables": null,
      "activating": [
        "SLOWER_50"
      ],
      "activatingOnlyWhenExecuted": true,
      "updating": null,
      "withPredicate": null
    },
    {
      "id": "SLOWER_50",
      "execute": "SLOWER",
      "after": "1000",
      "priority": 0,
      "additionalGuards": null,
      "activationKind": null,
      "fixedVariables": {
        "Crash": "FALSE",
        "VehiclesAy": "{(EgoVehicle↦0.0),(Vehicles2↦0.0),(Vehicles3↦0.0),(Vehicles4↦0.0),(Vehicles5↦0.0)}",
        "Reward": "0.7333333333333334",
        "VehiclesAx": "{(EgoVehicle↦0.0),(Vehicles2↦0.005668476223945618),(Vehicles3↦0.005970820784568787),(Vehicles4↦0.019847173243761063),(Vehicles5↦0.019782427698373795)}",
        "VehiclesVx": "{(EgoVehicle↦20.0),(Vehicles2↦-0.2393147349357605),(Vehicles3↦0.7048026472330093),(Vehicles4↦0.058511034585535526),(Vehicles5↦-0.15272727236151695)}",
        "VehiclesY": "{(EgoVehicle↦8.000000238418579),(Vehicles2↦-8.000000238418579),(Vehicles3↦0.0),(Vehicles4↦-4.0000001192092896),(Vehicles5↦-8.000000238418579)}",
        "VehiclesVy": "{(EgoVehicle↦0.0),(Vehicles2↦0.0),(Vehicles3↦0.0),(Vehicles4↦0.0),(Vehicles5↦0.0)}",
        "VehiclesX": "{(EgoVehicle↦200.0),(Vehicles2↦31.394225358963013),(Vehicles3↦43.51688623428345),(Vehicles4↦48.17997217178345),(Vehicles5↦103.8724422454834)}"
      },
      "probabilisticVariables": null,
      "activating": [
        "SLOWER_51"
      ],
      "activatingOnlyWhenExecuted": true,
      "updating": null,
      "withPredicate": null
    },
    {
      "id": "SLOWER_51",
      "execute": "SLOWER",
      "after": "1000",
      "priority": 0,
      "additionalGuards": null,
      "activationKind": null,
      "fixedVariables": {
        "Crash": "FALSE",
        "VehiclesAy": "{(EgoVehicle↦0.0),(Vehicles2↦0.0),(Vehicles3↦0.0),(Vehicles4↦0.0),(Vehicles5↦0.0)}",
        "Reward": "0.7333333333333334",
        "VehiclesAx": "{(EgoVehicle↦0.0),(Vehicles2↦0.006151329725980759),(Vehicles3↦0.005929097533226013),(Vehicles4↦0.019511724822223186),(Vehicles5↦0.01934102736413479)}",
        "VehiclesVx": "{(EgoVehicle↦20.0),(Vehicles2↦-0.23316340520977974),(Vehicles3↦0.7107317447662354),(Vehicles4↦0.07802275940775871),(Vehicles5↦-0.13338624499738216)}",
        "VehiclesY": "{(EgoVehicle↦8.000000238418579),(Vehicles2↦-8.000000238418579),(Vehicles3↦0.0),(Vehicles4↦-4.0000001192092896),(Vehicles5↦-8.000000238418579)}",
        "VehiclesVy": "{(EgoVehicle↦0.0),(Vehicles2↦0.0),(Vehicles3↦0.0),(Vehicles4↦0.0),(Vehicles5↦0.0)}",
        "VehiclesX": "{(EgoVehicle↦200.0),(Vehicles2↦31.15733563899994),(Vehicles3↦44.22406554222107),(Vehicles4↦48.246315121650696),(Vehicles5↦103.72748374938965)}"
      },
      "probabilisticVariables": null,
      "activating": [
        "SLOWER_52"
      ],
      "activatingOnlyWhenExecuted": true,
      "updating": null,
      "withPredicate": null
    },
    {
      "id": "SLOWER_52",
      "execute": "SLOWER",
      "after": "1000",
      "priority": 0,
      "additionalGuards": null,
      "activationKind": null,
      "fixedVariables": {
        "Crash": "FALSE",
        "VehiclesAy": "{(EgoVehicle↦0.0),(Vehicles2↦0.0),(Vehicles3↦0.0),(Vehicles4↦0.0),(Vehicles5↦0.0)}",
        "Reward": "0.7333333333333334",
        "VehiclesAx": "{(EgoVehicle↦0.0),(Vehicles2↦0.006590690463781357),(Vehicles3↦0.005883127450942993),(Vehicles4↦0.019170986488461494),(Vehicles5↦0.01890205778181553)}",
        "VehiclesVx": "{(EgoVehicle↦20.0),(Vehicles2↦-0.22657271474599838),(Vehicles3↦0.7166148722171783),(Vehicles4↦0.09719374589622021),(Vehicles5↦-0.11448418721556664)}",
        "VehiclesY": "{(EgoVehicle↦8.000000238418579),(Vehicles2↦-8.000000238418579),(Vehicles3↦0.0),(Vehicles4↦-4.0000001192092896),(Vehicles5↦-8.000000238418579)}",
        "VehiclesVy": "{(EgoVehicle↦0.0),(Vehicles2↦0.0),(Vehicles3↦0.0),(Vehicles4↦0.0),(Vehicles5↦0.0)}",
        "VehiclesX": "{(EgoVehicle↦200.0),(Vehicles2↦30.926772952079773),(Vehicles3↦44.93715465068817),(Vehicles4↦48.332035541534424),(Vehicles5↦103.60169410705566)}"
      },
      "probabilisticVariables": null,
      "activating": [
        "SLOWER_53"
      ],
      "activatingOnlyWhenExecuted": true,
      "updating": null,
      "withPredicate": null
    },
    {
      "id": "SLOWER_53",
      "execute": "SLOWER",
      "after": "1000",
      "priority": 0,
      "additionalGuards": null,
      "activationKind": null,
      "fixedVariables": {
        "Crash": "FALSE",
        "VehiclesAy": "{(EgoVehicle↦0.0),(Vehicles2↦0.0),(Vehicles3↦0.0),(Vehicles4↦0.0),(Vehicles5↦0.0)}",
        "Reward": "0.7333333333333334",
        "VehiclesAx": "{(EgoVehicle↦0.0),(Vehicles2↦0.0069888681173324585),(Vehicles3↦0.005833283066749573),(Vehicles4↦0.018826741725206375),(Vehicles5↦0.018467456102371216)}",
        "VehiclesVx": "{(EgoVehicle↦20.0),(Vehicles2↦-0.21958384662866592),(Vehicles3↦0.7224481552839279),(Vehicles4↦0.11602048762142658),(Vehicles5↦-0.09601673111319542)}",
        "VehiclesY": "{(EgoVehicle↦8.000000238418579),(Vehicles2↦-8.000000238418579),(Vehicles3↦0.0),(Vehicles4↦-4.0000001192092896),(Vehicles5↦-8.000000238418579)}",
        "VehiclesVy": "{(EgoVehicle↦0.0),(Vehicles2↦0.0),(Vehicles3↦0.0),(Vehicles4↦0.0),(Vehicles5↦0.0)}",
        "VehiclesX": "{(EgoVehicle↦200.0),(Vehicles2↦30.702966451644897),(Vehicles3↦45.65610587596893),(Vehicles4↦48.436787724494934),(Vehicles5↦103.49463224411011)}"
      },
      "probabilisticVariables": null,
      "activating": [
        "SLOWER_54"
      ],
      "activatingOnlyWhenExecuted": true,
      "updating": null,
      "withPredicate": null
    },
    {
      "id": "SLOWER_54",
      "execute": "SLOWER",
      "after": "1000",
      "priority": 0,
      "additionalGuards": null,
      "activationKind": null,
      "fixedVariables": {
        "Crash": "FALSE",
        "VehiclesAy": "{(EgoVehicle↦0.0),(Vehicles2↦0.0),(Vehicles3↦0.0),(Vehicles4↦0.0),(Vehicles5↦0.0)}",
        "Reward": "0.7333333333333334",
        "VehiclesAx": "{(EgoVehicle↦0.0),(Vehicles2↦0.007348060607910156),(Vehicles3↦0.005780309438705444),(Vehicles4↦0.018480578437447548),(Vehicles5↦0.018038745038211346)}",
        "VehiclesVx": "{(EgoVehicle↦20.0),(Vehicles2↦-0.21223578602075577),(Vehicles3↦0.7282284647226334),(Vehicles4↦0.13450106605887413),(Vehicles5↦-0.07797798607498407)}",
        "VehiclesY": "{(EgoVehicle↦8.000000238418579),(Vehicles2↦-8.000000238418579),(Vehicles3↦0.0),(Vehicles4↦-4.0000001192092896),(Vehicles5↦-8.000000238418579)}",
        "VehiclesVy": "{(EgoVehicle↦0.0),(Vehicles2↦0.0),(Vehicles3↦0.0),(Vehicles4↦0.0),(Vehicles5↦0.0)}",
        "VehiclesX": "{(EgoVehicle↦200.0),(Vehicles2↦30.486294627189636),(Vehicles3↦46.380871534347534),(Vehicles4↦48.56022596359253),(Vehicles5↦103.4058690071106)}"
      },
      "probabilisticVariables": null,
      "activating": [
        "SLOWER_55"
      ],
      "activatingOnlyWhenExecuted": true,
      "updating": null,
      "withPredicate": null
    },
    {
      "id": "SLOWER_55",
      "execute": "SLOWER",
      "after": "1000",
      "priority": 0,
      "additionalGuards": null,
      "activationKind": null,
      "fixedVariables": {
        "Crash": "FALSE",
        "VehiclesAy": "{(EgoVehicle↦0.0),(Vehicles2↦0.0),(Vehicles3↦0.0),(Vehicles4↦0.0),(Vehicles5↦0.0)}",
        "Reward": "0.7333333333333334",
        "VehiclesAx": "{(EgoVehicle↦0.0),(Vehicles2↦0.0076705776154994965),(Vehicles3↦0.005724355578422546),(Vehicles4↦0.018133800476789474),(Vehicles5↦0.0176171213388443)}",
        "VehiclesVx": "{(EgoVehicle↦20.0),(Vehicles2↦-0.20456520840525627),(Vehicles3↦0.7339528203010559),(Vehicles4↦0.1526348665356636),(Vehicles5↦-0.060360864736139774)}",
        "VehiclesY": "{(EgoVehicle↦8.000000238418579),(Vehicles2↦-8.000000238418579),(Vehicles3↦0.0),(Vehicles4↦-4.0000001192092896),(Vehicles5↦-8.000000238418579)}",
        "VehiclesVy": "{(EgoVehicle↦0.0),(Vehicles2↦0.0),(Vehicles3↦0.0),(Vehicles4↦0.0),(Vehicles5↦0.0)}",
        "VehiclesX": "{(EgoVehicle↦200.0),(Vehicles2↦30.277103185653687),(Vehicles3↦47.1113920211792),(Vehicles4↦48.70201051235199),(Vehicles5↦103.33496332168579)}"
      },
      "probabilisticVariables": null,
      "activating": [
        "SLOWER_56"
      ],
      "activatingOnlyWhenExecuted": true,
      "updating": null,
      "withPredicate": null
    },
    {
      "id": "SLOWER_56",
      "execute": "SLOWER",
      "after": "1000",
      "priority": 0,
      "additionalGuards": null,
      "activationKind": null,
      "fixedVariables": {
        "Crash": "FALSE",
        "VehiclesAy": "{(EgoVehicle↦0.0),(Vehicles2↦0.0),(Vehicles3↦0.0),(Vehicles4↦0.0),(Vehicles5↦0.0)}",
        "Reward": "0.7333333333333334",
        "VehiclesAx": "{(EgoVehicle↦0.0),(Vehicles2↦0.007958635687828064),(Vehicles3↦0.005666017532348633),(Vehicles4↦0.01778760924935341),(Vehicles5↦0.01720351167023182)}",
        "VehiclesVx": "{(EgoVehicle↦20.0),(Vehicles2↦-0.1966065727174282),(Vehicles3↦0.7396188378334045),(Vehicles4↦0.170422475785017),(Vehicles5↦-0.043157353065907955)}",
        "VehiclesY": "{(EgoVehicle↦8.000000238418579),(Vehicles2↦-8.000000238418579),(Vehicles3↦0.0),(Vehicles4↦-4.0000001192092896),(Vehicles5↦-8.000000238418579)}",
        "VehiclesVy": "{(EgoVehicle↦0.0),(Vehicles2↦0.0),(Vehicles3↦0.0),(Vehicles4↦0.0),(Vehicles5↦0.0)}",
        "VehiclesX": "{(EgoVehicle↦200.0),(Vehicles2↦30.07569909095764),(Vehicles3↦47.84761667251587),(Vehicles4↦48.8617867231369),(Vehicles5↦103.28152179718018)}"
      },
      "probabilisticVariables": null,
      "activating": [
        "SLOWER_57"
      ],
      "activatingOnlyWhenExecuted": true,
      "updating": null,
      "withPredicate": null
    },
    {
      "id": "SLOWER_57",
      "execute": "SLOWER",
      "after": "1000",
      "priority": 0,
      "additionalGuards": null,
      "activationKind": null,
      "fixedVariables": {
        "Crash": "FALSE",
        "VehiclesAy": "{(EgoVehicle↦0.0),(Vehicles2↦0.0),(Vehicles3↦0.0),(Vehicles4↦0.0),(Vehicles5↦0.0)}",
        "Reward": "0.7333333333333334",
        "VehiclesAx": "{(EgoVehicle↦0.0),(Vehicles2↦0.008214432746171951),(Vehicles3↦0.005605593323707581),(Vehicles4↦0.01744292676448822),(Vehicles5↦0.016798593569546938)}",
        "VehiclesVx": "{(EgoVehicle↦20.0),(Vehicles2↦-0.18839213997125626),(Vehicles3↦0.7452244311571121),(Vehicles4↦0.18786540254950523),(Vehicles5↦-0.026358759496361017)}",
        "VehiclesY": "{(EgoVehicle↦8.000000238418579),(Vehicles2↦-8.000000238418579),(Vehicles3↦0.0),(Vehicles4↦-4.0000001192092896),(Vehicles5↦-8.000000238418579)}",
        "VehiclesVy": "{(EgoVehicle↦0.0),(Vehicles2↦0.0),(Vehicles3↦0.0),(Vehicles4↦0.0),(Vehicles5↦0.0)}",
        "VehiclesX": "{(EgoVehicle↦200.0),(Vehicles2↦29.882359504699707),(Vehicles3↦48.58948290348053),(Vehicles4↦49.039214849472046),(Vehicles5↦103.24511528015137)}"
      },
      "probabilisticVariables": null,
      "activating": [
        "SLOWER_58"
      ],
      "activatingOnlyWhenExecuted": true,
      "updating": null,
      "withPredicate": null
    },
    {
      "id": "SLOWER_58",
      "execute": "SLOWER",
      "after": "1000",
      "priority": 0,
      "additionalGuards": null,
      "activationKind": null,
      "fixedVariables": {
        "Crash": "FALSE",
        "VehiclesAy": "{(EgoVehicle↦0.0),(Vehicles2↦0.0),(Vehicles3↦0.0),(Vehicles4↦0.0),(Vehicles5↦0.0)}",
        "Reward": "0.7333333333333334",
        "VehiclesAx": "{(EgoVehicle↦0.0),(Vehicles2↦0.008440092206001282),(Vehicles3↦-0.5402583628892899),(Vehicles4↦0.5629024840891361),(Vehicles5↦0.01640286878682673)}",
        "VehiclesVx": "{(EgoVehicle↦20.0),(Vehicles2↦-0.17995204776525497),(Vehicles3↦0.20496606826782227),(Vehicles4↦0.7507678866386414),(Vehicles5↦-0.009955890709534287)}",
        "VehiclesY": "{(EgoVehicle↦8.000000238418579),(Vehicles2↦-8.000000238418579),(Vehicles3↦-4.0000001192092896),(Vehicles4↦0.0),(Vehicles5↦-8.000000238418579)}",
        "VehiclesVy": "{(EgoVehicle↦0.0),(Vehicles2↦0.0),(Vehicles3↦0.0),(Vehicles4↦0.0),(Vehicles5↦0.0)}",
        "VehiclesX": "{(EgoVehicle↦200.0),(Vehicles2↦29.697325825691223),(Vehicles3↦49.233946204185486),(Vehicles4↦49.336931109428406),(Vehicles5↦103.22535037994385)}"
      },
      "probabilisticVariables": null,
      "activating": [
        "FASTER_59"
      ],
      "activatingOnlyWhenExecuted": true,
      "updating": null,
      "withPredicate": null
    },
    {
      "id": "FASTER_59",
      "execute": "FASTER",
      "after": "1000",
      "priority": 0,
      "additionalGuards": null,
      "activationKind": null,
      "fixedVariables": {
        "Crash": "FALSE",
        "VehiclesAy": "{(EgoVehicle↦0.0),(Vehicles2↦0.0),(Vehicles3↦0.0),(Vehicles4↦0.0),(Vehicles5↦0.0)}",
        "Reward": "0.8491083676268861",
        "VehiclesAx": "{(EgoVehicle↦4.341564178466797),(Vehicles2↦-4.332926012575626),(Vehicles3↦-4.324802458286285),(Vehicles4↦-4.336083829402924),(Vehicles5↦-4.325547091430053)}",
        "VehiclesVx": "{(EgoVehicle↦24.341564178466797),(Vehicles2↦-4.512878060340881),(Vehicles3↦-4.119836390018463),(Vehicles4↦-3.5853159427642822),(Vehicles5↦-4.335502982139587)}",
        "VehiclesY": "{(EgoVehicle↦8.000000238418579),(Vehicles2↦-8.000000238418579),(Vehicles3↦-4.0000001192092896),(Vehicles4↦0.0),(Vehicles5↦-8.000000238418579)}",
        "VehiclesVy": "{(EgoVehicle↦0.0),(Vehicles2↦0.0),(Vehicles3↦0.0),(Vehicles4↦0.0),(Vehicles5↦0.0)}",
        "VehiclesX": "{(EgoVehicle↦200.0),(Vehicles2↦27.125751972198486),(Vehicles3↦47.050583362579346),(Vehicles4↦47.69483208656311),(Vehicles5↦100.82676410675049)}"
      },
      "probabilisticVariables": null,
      "activating": [
        "SLOWER_60"
      ],
      "activatingOnlyWhenExecuted": true,
      "updating": null,
      "withPredicate": null
    },
    {
      "id": "SLOWER_60",
      "execute": "SLOWER",
      "after": "1000",
      "priority": 0,
      "additionalGuards": null,
      "activationKind": null,
      "fixedVariables": {
        "Crash": "FALSE",
        "VehiclesAy": "{(EgoVehicle↦0.0),(Vehicles2↦0.0),(Vehicles3↦0.0),(Vehicles4↦0.0),(Vehicles5↦0.0)}",
        "Reward": "0.7485794283843362",
        "VehiclesAx": "{(EgoVehicle↦-3.76983642578125),(Vehicles2↦3.7786444276571274),(Vehicles3↦3.7862613424658775),(Vehicles4↦3.7752502411603928),(Vehicles5↦3.785475455224514)}",
        "VehiclesVx": "{(EgoVehicle↦20.571727752685547),(Vehicles2↦-0.734233632683754),(Vehicles3↦-0.3335750475525856),(Vehicles4↦0.18993429839611053),(Vehicles5↦-0.5500275269150734)}",
        "VehiclesY": "{(EgoVehicle↦8.000000238418579),(Vehicles2↦-8.000000238418579),(Vehicles3↦-4.0000001192092896),(Vehicles4↦0.0),(Vehicles5↦-8.000000238418579)}",
        "VehiclesVy": "{(EgoVehicle↦0.0),(Vehicles2↦0.0),(Vehicles3↦0.0),(Vehicles4↦0.0),(Vehicles5↦0.0)}",
        "VehiclesX": "{(EgoVehicle↦200.0),(Vehicles2↦24.696049094200134),(Vehicles3↦45.01700699329376),(Vehicles4↦46.19134962558746),(Vehicles5↦98.57721328735352)}"
      },
      "probabilisticVariables": null,
      "activating": [
        "SLOWER_61"
      ],
      "activatingOnlyWhenExecuted": true,
      "updating": null,
      "withPredicate": null
    },
    {
      "id": "SLOWER_61",
      "execute": "SLOWER",
      "after": "1000",
      "priority": 0,
      "additionalGuards": null,
      "activationKind": null,
      "fixedVariables": {
        "Crash": "FALSE",
        "VehiclesAy": "{(EgoVehicle↦0.0),(Vehicles2↦0.0),(Vehicles3↦0.0),(Vehicles4↦0.0),(Vehicles5↦0.0)}",
        "Reward": "0.7353410495540414",
        "VehiclesAx": "{(EgoVehicle↦-0.49643754959106445),(Vehicles2↦0.5053958110511303),(Vehicles3↦0.5125338956713676),(Vehicles4↦0.5017887055873871),(Vehicles5↦0.5117129045538604)}",
        "VehiclesVx": "{(EgoVehicle↦20.075290203094482),(Vehicles2↦-0.22883782163262367),(Vehicles3↦0.17895884811878204),(Vehicles4↦0.6917230039834976),(Vehicles5↦-0.03831462236121297)}",
        "VehiclesY": "{(EgoVehicle↦8.000000238418579),(Vehicles2↦-8.000000238418579),(Vehicles3↦-4.0000001192092896),(Vehicles4↦0.0),(Vehicles5↦-8.000000238418579)}",
        "VehiclesVy": "{(EgoVehicle↦0.0),(Vehicles2↦0.0),(Vehicles3↦0.0),(Vehicles4↦0.0),(Vehicles5↦0.0)}",
        "VehiclesX": "{(EgoVehicle↦200.0),(Vehicles2↦24.239252507686615),(Vehicles3↦44.96375918388367),(Vehicles4↦46.657297015190125),(Vehicles5↦98.30719232559204)}"
      },
      "probabilisticVariables": null,
      "activating": null,
      "activatingOnlyWhenExecuted": true,
      "updating": null,
      "withPredicate": null
    }
  ],
  "listeners": [],
  "metadata": {
    "fileType": "Timed_Trace",
    "formatVersion": 3,
    "savedAt": "2023-08-21T13:22:26.544712Z",
    "creator": "Simulation: HYPOTHESIS_TEST; SIGNIFICANCE : 0.05, PROBABILITY : 0.95, MAX_STEPS_BEFORE_PROPERTY : 0, EXECUTIONS : 1000, PREDICATE : Crash = FALSE, ENDING_TIME : 60000, HYPOTHESIS_CHECKING_TYPE : LEFT_TAILED, CHECKING_TYPE : PREDICATE_INVARIANT",
    "proB2KernelVersion": "4.12.2",
    "proBCliVersion": "1.12.2-final",
    "modelName": "HighwayEnvironment2"
  }
}