{
  "variables": {},
  "activations": [
    {
      "id": "$setup_constants",
      "execute": "$setup_constants",
      "after": "0",
      "priority": 0,
      "additionalGuards": null,
      "activationKind": null,
      "fixedVariables": null,
      "probabilisticVariables": null,
      "activating": null,
      "activatingOnlyWhenExecuted": true,
      "updating": null,
      "withPredicate": null
    },
    {
      "id": "$initialise_machine",
      "execute": "$initialise_machine",
      "after": "0",
      "priority": 0,
      "additionalGuards": null,
      "activationKind": null,
      "fixedVariables": {
        "Crash": "FALSE",
        "VehiclesAy": "{(EgoVehicle↦0.0),(Vehicles2↦0.0),(Vehicles3↦0.0),(Vehicles4↦0.0),(Vehicles5↦0.0)}",
        "Reward": "0.0",
        "VehiclesAx": "{(EgoVehicle↦0.0),(Vehicles2↦0.0),(Vehicles3↦0.0),(Vehicles4↦0.0),(Vehicles5↦0.0)}",
        "VehiclesVx": "{(EgoVehicle↦25.0),(Vehicles2↦-3.7785837054252625),(Vehicles3↦-1.8047372996807098),(Vehicles4↦-1.7698240280151367),(Vehicles5↦-3.6749759316444397)}",
        "VehiclesY": "{(EgoVehicle↦0.0),(Vehicles2↦4.0000001192092896),(Vehicles3↦4.0000001192092896),(Vehicles4↦0.0),(Vehicles5↦8.000000238418579)}",
        "VehiclesVy": "{(EgoVehicle↦0.0),(Vehicles2↦0.0),(Vehicles3↦0.0),(Vehicles4↦0.0),(Vehicles5↦0.0)}",
        "VehiclesX": "{(EgoVehicle↦155.03206253051758),(Vehicles2↦23.54608327150345),(Vehicles3↦45.94208002090454),(Vehicles4↦67.89458990097046),(Vehicles5↦92.28458404541016)}"
      },
      "probabilisticVariables": null,
      "activating": [
        "IDLE_2"
      ],
      "activatingOnlyWhenExecuted": true,
      "updating": null,
      "withPredicate": null
    },
    {
      "id": "IDLE_2",
      "execute": "IDLE",
      "after": "1000",
      "priority": 0,
      "additionalGuards": null,
      "activationKind": null,
      "fixedVariables": {
        "Crash": "FALSE",
        "VehiclesAy": "{(EgoVehicle↦0.0),(Vehicles2↦4.976801574230194),(Vehicles3↦0.0),(Vehicles4↦0.0),(Vehicles5↦0.0)}",
        "Reward": "0.7999999999999999",
        "VehiclesAx": "{(EgoVehicle↦0.0),(Vehicles2↦-4.567745625972748),(Vehicles3↦-0.26016876101493835),(Vehicles4↦-2.654905915260315),(Vehicles5↦-0.9713819622993469)}",
        "VehiclesVx": "{(EgoVehicle↦25.0),(Vehicles2↦-8.34632933139801),(Vehicles3↦-2.064906060695648),(Vehicles4↦-4.424729943275452),(Vehicles5↦-4.646357893943787)}",
        "VehiclesY": "{(EgoVehicle↦0.0),(Vehicles2↦6.03933048248291),(Vehicles3↦4.0000001192092896),(Vehicles4↦0.0),(Vehicles5↦8.000000238418579)}",
        "VehiclesVy": "{(EgoVehicle↦0.0),(Vehicles2↦4.976801574230194),(Vehicles3↦0.0),(Vehicles4↦0.0),(Vehicles5↦0.0)}",
        "VehiclesX": "{(EgoVehicle↦180.03206253051758),(Vehicles2↦17.52026677131653),(Vehicles3↦44.095876812934875),(Vehicles4↦65.01420736312866),(Vehicles5↦88.23477029800415)}"
      },
      "probabilisticVariables": null,
      "activating": [
        "IDLE_3"
      ],
      "activatingOnlyWhenExecuted": true,
      "updating": null,
      "withPredicate": null
    },
    {
      "id": "IDLE_3",
      "execute": "IDLE",
      "after": "1000",
      "priority": 0,
      "additionalGuards": null,
      "activationKind": null,
      "fixedVariables": {
        "Crash": "FALSE",
        "VehiclesAy": "{(EgoVehicle↦0.0),(Vehicles2↦-4.535034820437431),(Vehicles3↦0.0),(Vehicles4↦0.0),(Vehicles5↦0.0)}",
        "Reward": "0.7999999999999999",
        "VehiclesAx": "{(EgoVehicle↦0.0),(Vehicles2↦1.5421611070632935),(Vehicles3↦-0.18081873655319214),(Vehicles4↦-1.742461919784546),(Vehicles5↦-1.1337316036224365)}",
        "VehiclesVx": "{(EgoVehicle↦25.0),(Vehicles2↦-6.804168224334717),(Vehicles3↦-2.2457247972488403),(Vehicles4↦-6.167191863059998),(Vehicles5↦-5.780089497566223)}",
        "VehiclesY": "{(EgoVehicle↦0.0),(Vehicles2↦7.843134641647339),(Vehicles3↦4.0000001192092896),(Vehicles4↦0.0),(Vehicles5↦8.000000238418579)}",
        "VehiclesVy": "{(EgoVehicle↦0.0),(Vehicles2↦0.44176675379276276),(Vehicles3↦0.0),(Vehicles4↦0.0),(Vehicles5↦0.0)}",
        "VehiclesX": "{(EgoVehicle↦200.0),(Vehicles2↦10.125919431447983),(Vehicles3↦41.9543594121933),(Vehicles4↦59.80792045593262),(Vehicles5↦83.1303358078003)}"
      },
      "probabilisticVariables": null,
      "activating": [
        "SLOWER_4"
      ],
      "activatingOnlyWhenExecuted": true,
      "updating": null,
      "withPredicate": null
    },
    {
      "id": "SLOWER_4",
      "execute": "SLOWER",
      "after": "1000",
      "priority": 0,
      "additionalGuards": null,
      "activationKind": null,
      "fixedVariables": {
        "Crash": "FALSE",
        "VehiclesAy": "{(EgoVehicle↦0.0),(Vehicles2↦-0.4093561111949384),(Vehicles3↦0.0),(Vehicles4↦0.0),(Vehicles5↦0.0)}",
        "Reward": "0.6842249657064472",
        "VehiclesAx": "{(EgoVehicle↦-4.341564178466797),(Vehicles2↦4.796624183654785),(Vehicles3↦3.4854938089847565),(Vehicles4↦3.4446507692337036),(Vehicles5↦3.6722244322299957)}",
        "VehiclesVx": "{(EgoVehicle↦20.658435821533203),(Vehicles2↦-2.0075440406799316),(Vehicles3↦1.2397690117359161),(Vehicles4↦-2.722541093826294),(Vehicles5↦-2.1078650653362274)}",
        "VehiclesY": "{(EgoVehicle↦0.0),(Vehicles2↦7.988557577133179),(Vehicles3↦4.0000001192092896),(Vehicles4↦0.0),(Vehicles5↦8.000000238418579)}",
        "VehiclesVy": "{(EgoVehicle↦0.0),(Vehicles2↦0.032410642597824335),(Vehicles3↦0.0),(Vehicles4↦0.0),(Vehicles5↦0.0)}",
        "VehiclesX": "{(EgoVehicle↦200.0),(Vehicles2↦5.92806413769722),(Vehicles3↦41.792359948158264),(Vehicles4↦55.62504529953003),(Vehicles5↦79.31576371192932)}"
      },
      "probabilisticVariables": null,
      "activating": [
        "FASTER_5"
      ],
      "activatingOnlyWhenExecuted": true,
      "updating": null,
      "withPredicate": null
    },
    {
      "id": "FASTER_5",
      "execute": "FASTER",
      "after": "1000",
      "priority": 0,
      "additionalGuards": null,
      "activationKind": null,
      "fixedVariables": {
        "Crash": "FALSE",
        "VehiclesAy": "{(EgoVehicle↦0.0),(Vehicles2↦-0.030113173561403528),(Vehicles3↦0.0),(Vehicles4↦0.0),(Vehicles5↦0.0)}",
        "Reward": "0.7847539049489972",
        "VehiclesAx": "{(EgoVehicle↦3.76983642578125),(Vehicles2↦-3.5013967752456665),(Vehicles3↦-4.246269911527634),(Vehicles4↦-4.152970314025879),(Vehicles5↦-3.1796248257160187)}",
        "VehiclesVx": "{(EgoVehicle↦24.428272247314453),(Vehicles2↦-5.508940815925598),(Vehicles3↦-3.0065008997917175),(Vehicles4↦-6.875511407852173),(Vehicles5↦-5.287489891052246)}",
        "VehiclesY": "{(EgoVehicle↦0.0),(Vehicles2↦7.999192714691162),(Vehicles3↦4.0000001192092896),(Vehicles4↦0.0),(Vehicles5↦8.000000238418579)}",
        "VehiclesVy": "{(EgoVehicle↦0.0),(Vehicles2↦0.0022974690364208072),(Vehicles3↦0.0),(Vehicles4↦0.0),(Vehicles5↦0.0)}",
        "VehiclesX": "{(EgoVehicle↦200.0),(Vehicles2↦1.9550299271941185),(Vehicles3↦40.73169827461243),(Vehicles4↦50.63795447349548),(Vehicles5↦75.3852367401123)}"
      },
      "probabilisticVariables": null,
      "activating": [
        "IDLE_6"
      ],
      "activatingOnlyWhenExecuted": true,
      "updating": null,
      "withPredicate": null
    },
    {
      "id": "IDLE_6",
      "execute": "IDLE",
      "after": "1000",
      "priority": 0,
      "additionalGuards": null,
      "activationKind": null,
      "fixedVariables": {
        "Crash": "FALSE",
        "VehiclesAy": "{(EgoVehicle↦0.0),(Vehicles2↦-0.0021385411127994303),(Vehicles3↦0.0),(Vehicles4↦0.0),(Vehicles5↦0.0)}",
        "Reward": "0.7979922837792919",
        "VehiclesAx": "{(EgoVehicle↦0.49643754959106445),(Vehicles2↦-0.30192553997039795),(Vehicles3↦-0.7057926058769226),(Vehicles4↦-0.5671495199203491),(Vehicles5↦-0.12542665004730225)}",
        "VehiclesVx": "{(EgoVehicle↦24.924709796905518),(Vehicles2↦-5.810866355895996),(Vehicles3↦-3.71229350566864),(Vehicles4↦-7.442660927772522),(Vehicles5↦-5.412916541099548)}",
        "VehiclesY": "{(EgoVehicle↦0.0),(Vehicles2↦7.999944448471069),(Vehicles3↦4.0000001192092896),(Vehicles4↦0.0),(Vehicles5↦8.000000238418579)}",
        "VehiclesVy": "{(EgoVehicle↦0.0),(Vehicles2↦0.00015892792362137698),(Vehicles3↦0.0),(Vehicles4↦0.0),(Vehicles5↦0.0)}",
        "VehiclesX": "{(EgoVehicle↦200.0),(Vehicles2↦-3.744882717728615),(Vehicles3↦37.35334277153015),(Vehicles4↦43.44122111797333),(Vehicles5↦69.9865996837616)}"
      },
      "probabilisticVariables": null,
      "activating": [
        "IDLE_7"
      ],
      "activatingOnlyWhenExecuted": true,
      "updating": null,
      "withPredicate": null
    },
    {
      "id": "IDLE_7",
      "execute": "IDLE",
      "after": "1000",
      "priority": 0,
      "additionalGuards": null,
      "activationKind": null,
      "fixedVariables": {
        "Crash": "FALSE",
        "VehiclesAy": "{(EgoVehicle↦0.0),(Vehicles2↦-0.00014812916219852923),(Vehicles3↦0.0),(Vehicles4↦0.0),(Vehicles5↦0.0)}",
        "Reward": "0.7997356093865734",
        "VehiclesAx": "{(EgoVehicle↦0.06537437438964844),(Vehicles2↦0.0743246078491211),(Vehicles3↦-0.14989227056503296),(Vehicles4↦0.047838687896728516),(Vehicles5↦0.15989840030670166)}",
        "VehiclesVx": "{(EgoVehicle↦24.990084171295166),(Vehicles2↦-5.736541748046875),(Vehicles3↦-3.862185776233673),(Vehicles4↦-7.3948222398757935),(Vehicles5↦-5.253018140792847)}",
        "VehiclesY": "{(EgoVehicle↦0.0),(Vehicles2↦7.999995946884155),(Vehicles3↦4.0000001192092896),(Vehicles4↦0.0),(Vehicles5↦8.000000238418579)}",
        "VehiclesVy": "{(EgoVehicle↦0.0),(Vehicles2↦1.0798761422847747E-05),(Vehicles3↦0.0),(Vehicles4↦0.0),(Vehicles5↦0.0)}",
        "VehiclesX": "{(EgoVehicle↦200.0),(Vehicles2↦-9.532211720943451),(Vehicles3↦33.56479108333588),(Vehicles4↦35.99698841571808),(Vehicles5↦64.63695168495178)}"
      },
      "probabilisticVariables": null,
      "activating": [
        "IDLE_8"
      ],
      "activatingOnlyWhenExecuted": true,
      "updating": null,
      "withPredicate": null
    },
    {
      "id": "IDLE_8",
      "execute": "IDLE",
      "after": "1000",
      "priority": 0,
      "additionalGuards": null,
      "activationKind": null,
      "fixedVariables": {
        "Crash": "FALSE",
        "VehiclesAy": "{(EgoVehicle↦0.0),(Vehicles2↦-1.0798761422847747E-05),(Vehicles3↦0.0),(Vehicles4↦0.0),(Vehicles5↦0.0)}",
        "Reward": "0.7999651831290961",
        "VehiclesAx": "{(EgoVehicle↦0.008609294891357422),(Vehicles2↦-1.4549839496612549),(Vehicles3↦-0.040923357009887695),(Vehicles4↦2.2663068771362305),(Vehicles5↦-0.7014244794845581)}",
        "VehiclesVx": "{(EgoVehicle↦24.998693466186523),(Vehicles2↦-7.19152569770813),(Vehicles3↦-3.903109133243561),(Vehicles4↦-5.128515362739563),(Vehicles5↦-5.954442620277405)}",
        "VehiclesY": "{(EgoVehicle↦0.0),(Vehicles2↦0.0),(Vehicles3↦4.0000001192092896),(Vehicles4↦8.000000238418579),(Vehicles5↦0.0)}",
        "VehiclesVy": "{(EgoVehicle↦0.0),(Vehicles2↦0.0),(Vehicles3↦0.0),(Vehicles4↦0.0),(Vehicles5↦0.0)}",
        "VehiclesX": "{(EgoVehicle↦200.0),(Vehicles2↦28.676873445510864),(Vehicles3↦29.682594537734985),(Vehicles4↦59.43814516067505),(Vehicles5↦72.23781943321228)}"
      },
      "probabilisticVariables": null,
      "activating": [
        "SLOWER_9"
      ],
      "activatingOnlyWhenExecuted": true,
      "updating": null,
      "withPredicate": null
    },
    {
      "id": "SLOWER_9",
      "execute": "SLOWER",
      "after": "1000",
      "priority": 0,
      "additionalGuards": null,
      "activationKind": null,
      "fixedVariables": {
        "Crash": "FALSE",
        "VehiclesAy": "{(EgoVehicle↦0.0),(Vehicles2↦0.0),(Vehicles3↦0.0),(Vehicles4↦0.0),(Vehicles5↦0.0)}",
        "Reward": "0.684220380768715",
        "VehiclesAx": "{(EgoVehicle↦-4.340429306030273),(Vehicles2↦4.595421254634857),(Vehicles3↦4.324091039597988),(Vehicles4↦4.417072013020515),(Vehicles5↦4.6526554226875305)}",
        "VehiclesVx": "{(EgoVehicle↦20.65826416015625),(Vehicles2↦-2.5961044430732727),(Vehicles3↦0.42098190635442734),(Vehicles4↦-0.7114433497190475),(Vehicles5↦-1.3017871975898743)}",
        "VehiclesY": "{(EgoVehicle↦0.0),(Vehicles2↦0.0),(Vehicles3↦4.0000001192092896),(Vehicles4↦8.000000238418579),(Vehicles5↦0.0)}",
        "VehiclesVy": "{(EgoVehicle↦0.0),(Vehicles2↦0.0),(Vehicles3↦0.0),(Vehicles4↦0.0),(Vehicles5↦0.0)}",
        "VehiclesX": "{(EgoVehicle↦200.0),(Vehicles2↦23.979967832565308),(Vehicles3↦28.166958689689636),(Vehicles4↦56.73817992210388),(Vehicles5↦68.80744695663452)}"
      },
      "probabilisticVariables": null,
      "activating": [
        "LANE_RIGHT_10"
      ],
      "activatingOnlyWhenExecuted": true,
      "updating": null,
      "withPredicate": null
    },
    {
      "id": "LANE_RIGHT_10",
      "execute": "LANE_RIGHT",
      "after": "1000",
      "priority": 0,
      "additionalGuards": null,
      "activationKind": null,
      "fixedVariables": {
        "Crash": "FALSE",
        "VehiclesAy": "{(EgoVehicle↦1.1575473845005035),(Vehicles2↦-1.1575473845005035),(Vehicles3↦-1.1575473845005035),(Vehicles4↦-1.1575473845005035),(Vehicles5↦-1.1575473845005035)}",
        "Reward": "0.7014214382240503",
        "VehiclesAx": "{(EgoVehicle↦-0.6049609184265137),(Vehicles2↦0.8687135577201843),(Vehicles3↦0.5887028947472572),(Vehicles4↦0.6476215599104762),(Vehicles5↦0.8623279258608818)}",
        "VehiclesVx": "{(EgoVehicle↦20.053303241729736),(Vehicles2↦-1.7273908853530884),(Vehicles3↦1.0096848011016846),(Vehicles4↦-0.06382178980857134),(Vehicles5↦-0.43945927172899246)}",
        "VehiclesY": "{(EgoVehicle↦3.5990402698516846),(Vehicles2↦-3.5990402698516846),(Vehicles3↦0.4009597599506378),(Vehicles4↦4.400959610939026),(Vehicles5↦-3.5990402698516846)}",
        "VehiclesVy": "{(EgoVehicle↦1.1575473845005035),(Vehicles2↦-1.1575473845005035),(Vehicles3↦-1.1575473845005035),(Vehicles4↦-1.1575473845005035),(Vehicles5↦-1.1575473845005035)}",
        "VehiclesX": "{(EgoVehicle↦200.0),(Vehicles2↦22.181454300880432),(Vehicles3↦29.273581504821777),(Vehicles4↦56.737709045410156),(Vehicles5↦68.30445528030396)}"
      },
      "probabilisticVariables": null,
      "activating": [
        "LANE_RIGHT_11"
      ],
      "activatingOnlyWhenExecuted": true,
      "updating": null,
      "withPredicate": null
    },
    {
      "id": "LANE_RIGHT_11",
      "execute": "LANE_RIGHT",
      "after": "1000",
      "priority": 0,
      "additionalGuards": null,
      "activationKind": null,
      "fixedVariables": {
        "Crash": "FALSE",
        "VehiclesAy": "{(EgoVehicle↦0.06187118589878082),(Vehicles2↦-0.06187118589878082),(Vehicles3↦-0.06187118589878082),(Vehicles4↦-0.06187118589878082),(Vehicles5↦-2.376965954899788)}",
        "Reward": "0.7333333333333334",
        "VehiclesAx": "{(EgoVehicle↦-0.07907629013061523),(Vehicles2↦0.33223956823349),(Vehicles3↦0.05759231746196747),(Vehicles4↦0.10145832551643252),(Vehicles5↦0.29122103936970234)}",
        "VehiclesVx": "{(EgoVehicle↦19.97422695159912),(Vehicles2↦-1.3951513171195984),(Vehicles3↦1.067277118563652),(Vehicles4↦0.037636535707861185),(Vehicles5↦-0.14823823235929012)}",
        "VehiclesY": "{(EgoVehicle↦7.5783233642578125),(Vehicles2↦-7.5783233642578125),(Vehicles3↦-3.578323245048523),(Vehicles4↦0.4216768741607666),(Vehicles5↦-7.5783233642578125)}",
        "VehiclesVy": "{(EgoVehicle↦1.2194185703992844),(Vehicles2↦-1.2194185703992844),(Vehicles3↦-1.2194185703992844),(Vehicles4↦-1.2194185703992844),(Vehicles5↦-1.2194185703992844)}",
        "VehiclesX": "{(EgoVehicle↦200.0),(Vehicles2↦21.039384603500366),(Vehicles3↦30.75787127017975),(Vehicles4↦57.16679096221924),(Vehicles5↦68.435800075531)}"
      },
      "probabilisticVariables": null,
      "activating": [
        "IDLE_12"
      ],
      "activatingOnlyWhenExecuted": true,
      "updating": null,
      "withPredicate": null
    },
    {
      "id": "IDLE_12",
      "execute": "IDLE",
      "after": "1000",
      "priority": 0,
      "additionalGuards": null,
      "activationKind": null,
      "fixedVariables": {
        "Crash": "FALSE",
        "VehiclesAy": "{(EgoVehicle↦-1.1430537234991789),(Vehicles2↦1.1430537234991789),(Vehicles3↦1.1430537234991789),(Vehicles4↦1.1430537234991789),(Vehicles5↦-1.2957834172993898)}",
        "Reward": "0.7333695325689193",
        "VehiclesAx": "{(EgoVehicle↦0.027129650115966797),(Vehicles2↦0.2060488611459732),(Vehicles3↦-0.054285675287246704),(Vehicles4↦-0.01684249611571431),(Vehicles5↦0.14896312211931217)}",
        "VehiclesVx": "{(EgoVehicle↦20.001356601715088),(Vehicles2↦-1.1891024559736252),(Vehicles3↦1.0129914432764053),(Vehicles4↦0.020794039592146873),(Vehicles5↦0.0007248897600220516)}",
        "VehiclesY": "{(EgoVehicle↦7.9737067222595215),(Vehicles2↦-7.9737067222595215),(Vehicles3↦-3.9737062454223633),(Vehicles4↦0.02629362791776657),(Vehicles5↦-7.9737067222595215)}",
        "VehiclesVy": "{(EgoVehicle↦0.07636484690010548),(Vehicles2↦-0.07636484690010548),(Vehicles3↦-0.07636484690010548),(Vehicles4↦-0.07636484690010548),(Vehicles5↦-0.07636484690010548)}",
        "VehiclesX": "{(EgoVehicle↦200.0),(Vehicles2↦19.713564217090607),(Vehicles3↦31.788960099220276),(Vehicles4↦57.18353986740112),(Vehicles5↦68.33481788635254)}"
      },
      "probabilisticVariables": null,
      "activating": [
        "SLOWER_13"
      ],
      "activatingOnlyWhenExecuted": true,
      "updating": null,
      "withPredicate": null
    },
    {
      "id": "SLOWER_13",
      "execute": "SLOWER",
      "after": "1000",
      "priority": 0,
      "additionalGuards": null,
      "activationKind": null,
      "fixedVariables": {
        "Crash": "FALSE",
        "VehiclesAy": "{(EgoVehicle↦-0.07161331886891276),(Vehicles2↦0.07161331886891276),(Vehicles3↦0.07161331886891276),(Vehicles4↦0.07161331886891276),(Vehicles5↦-0.0811163749312982)}",
        "Reward": "0.7333385971870525",
        "VehiclesAx": "{(EgoVehicle↦-0.0011587142944335938),(Vehicles2↦0.2111053466796875),(Vehicles3↦-0.030289292335510254),(Vehicles4↦0.0041953823529183865),(Vehicles5↦0.14891291553794872)}",
        "VehiclesVx": "{(EgoVehicle↦20.000197887420654),(Vehicles2↦-0.9779971092939377),(Vehicles3↦0.9827021509408951),(Vehicles4↦0.02498942194506526),(Vehicles5↦0.14963780529797077)}",
        "VehiclesY": "{(EgoVehicle↦7.998363733291626),(Vehicles2↦-7.998363733291626),(Vehicles3↦-3.998363971710205),(Vehicles4↦0.0016359552391804755),(Vehicles5↦-7.998363733291626)}",
        "VehiclesVy": "{(EgoVehicle↦0.00475152803119272),(Vehicles2↦-0.00475152803119272),(Vehicles3↦-0.00475152803119272),(Vehicles4↦-0.00475152803119272),(Vehicles5↦-0.00475152803119272)}",
        "VehiclesX": "{(EgoVehicle↦200.0),(Vehicles2↦18.61092299222946),(Vehicles3↦32.79024064540863),(Vehicles4↦57.20658898353577),(Vehicles5↦68.3972418308258)}"
      },
      "probabilisticVariables": null,
      "activating": [
        "SLOWER_14"
      ],
      "activatingOnlyWhenExecuted": true,
      "updating": null,
      "withPredicate": null
    },
    {
      "id": "SLOWER_14",
      "execute": "SLOWER",
      "after": "1000",
      "priority": 0,
      "additionalGuards": null,
      "activationKind": null,
      "fixedVariables": {
        "Crash": "FALSE",
        "VehiclesAy": "{(EgoVehicle↦-0.004455889284145087),(Vehicles2↦0.004455889284145087),(Vehicles3↦0.004455889284145087),(Vehicles4↦0.004455889284145087),(Vehicles5↦-0.005047166778240353)}",
        "Reward": "0.7333340284394988",
        "VehiclesAx": "{(EgoVehicle↦-0.000171661376953125),(Vehicles2↦0.18707819283008575),(Vehicles3↦-0.03380529582500458),(Vehicles4↦-0.0011873920448124409),(Vehicles5↦0.12568986974656582)}",
        "VehiclesVx": "{(EgoVehicle↦20.0000262260437),(Vehicles2↦-0.7909189164638519),(Vehicles3↦0.9488968551158905),(Vehicles4↦0.02380202990025282),(Vehicles5↦0.2753276750445366)}",
        "VehiclesY": "{(EgoVehicle↦7.9998979568481445),(Vehicles2↦-7.9998979568481445),(Vehicles3↦-3.9998981952667236),(Vehicles4↦0.00010178846787312068),(Vehicles5↦-7.9998979568481445)}",
        "VehiclesVy": "{(EgoVehicle↦0.00029563874704763293),(Vehicles2↦-0.00029563874704763293),(Vehicles3↦-0.00029563874704763293),(Vehicles4↦-0.00029563874704763293),(Vehicles5↦-0.00029563874704763293)}",
        "VehiclesX": "{(EgoVehicle↦200.0),(Vehicles2↦17.70956665277481),(Vehicles3↦33.75958204269409),(Vehicles4↦57.23140239715576),(Vehicles5↦68.59875321388245)}"
      },
      "probabilisticVariables": null,
      "activating": [
        "SLOWER_15"
      ],
      "activatingOnlyWhenExecuted": true,
      "updating": null,
      "withPredicate": null
    },
    {
      "id": "SLOWER_15",
      "execute": "SLOWER",
      "after": "1000",
      "priority": 0,
      "additionalGuards": null,
      "activationKind": null,
      "fixedVariables": {
        "Crash": "FALSE",
        "VehiclesAy": "{(EgoVehicle↦-0.00027724414621843607),(Vehicles2↦0.00027724414621843607),(Vehicles3↦0.00027724414621843607),(Vehicles4↦0.00027724414621843607),(Vehicles5↦-0.0003140333478768298)}",
        "Reward": "0.7333334248773954",
        "VehiclesAx": "{(EgoVehicle↦-2.384185791015625E-05),(Vehicles2↦0.16577154397964478),(Vehicles3↦-0.034899115562438965),(Vehicles4↦-0.004034191370010376),(Vehicles5↦0.10799985378980637)}",
        "VehiclesVx": "{(EgoVehicle↦20.00000238418579),(Vehicles2↦-0.6251473724842072),(Vehicles3↦0.9139977395534515),(Vehicles4↦0.019767838530242443),(Vehicles5↦0.38332752883434296)}",
        "VehiclesY": "{(EgoVehicle↦7.999993801116943),(Vehicles2↦-7.999993801116943),(Vehicles3↦-3.999993681907654),(Vehicles4↦6.333261808322277E-06),(Vehicles5↦-7.999993801116943)}",
        "VehiclesVy": "{(EgoVehicle↦1.839460082919686E-05),(Vehicles2↦-1.839460082919686E-05),(Vehicles3↦-1.839460082919686E-05),(Vehicles4↦-1.839460082919686E-05),(Vehicles5↦-1.839460082919686E-05)}",
        "VehiclesX": "{(EgoVehicle↦200.0),(Vehicles2↦16.986554861068726),(Vehicles3↦34.69454348087311),(Vehicles4↦57.25376009941101),(Vehicles5↦68.91853213310242)}"
      },
      "probabilisticVariables": null,
      "activating": [
        "SLOWER_16"
      ],
      "activatingOnlyWhenExecuted": true,
      "updating": null,
      "withPredicate": null
    },
    {
      "id": "SLOWER_16",
      "execute": "SLOWER",
      "after": "1000",
      "priority": 0,
      "additionalGuards": null,
      "activationKind": null,
      "fixedVariables": {
        "Crash": "FALSE",
        "VehiclesAy": "{(EgoVehicle↦-1.725009113329179E-05),(Vehicles2↦1.7250091062237516E-05),(Vehicles3↦1.7250091062237516E-05),(Vehicles4↦1.7250091062237516E-05),(Vehicles5↦-1.9539110596156206E-05)}",
        "Reward": "0.7333333453885472",
        "VehiclesAx": "{(EgoVehicle↦-2.384185791015625E-06),(Vehicles2↦0.14710530638694763),(Vehicles3↦-0.0346306711435318),(Vehicles4↦-0.005732296267524362),(Vehicles5↦0.09400025010108948)}",
        "VehiclesVx": "{(EgoVehicle↦20.0),(Vehicles2↦-0.4780420660972595),(Vehicles3↦0.8793670684099197),(Vehicles4↦0.014035542262718081),(Vehicles5↦0.47732777893543243)}",
        "VehiclesY": "{(EgoVehicle↦7.999999523162842),(Vehicles2↦-7.999999523162842),(Vehicles3↦-3.999999761581421),(Vehicles4↦3.9405475149578706E-07),(Vehicles5↦-7.999999523162842)}",
        "VehiclesVy": "{(EgoVehicle↦1.1445096959050716E-06),(Vehicles2↦-1.1445097669593451E-06),(Vehicles3↦-1.1445097669593451E-06),(Vehicles4↦-1.1445097669593451E-06),(Vehicles5↦-1.1445097669593451E-06)}",
        "VehiclesX": "{(EgoVehicle↦200.0),(Vehicles2↦16.421636939048767),(Vehicles3↦35.594624280929565),(Vehicles4↦57.27134346961975),(Vehicles5↦69.34045553207397)}"
      },
      "probabilisticVariables": null,
      "activating": [
        "FASTER_17"
      ],
      "activatingOnlyWhenExecuted": true,
      "updating": null,
      "withPredicate": null
    },
    {
      "id": "FASTER_17",
      "execute": "FASTER",
      "after": "1000",
      "priority": 0,
      "additionalGuards": null,
      "activationKind": null,
      "fixedVariables": {
        "Crash": "FALSE",
        "VehiclesAy": "{(EgoVehicle↦-1.0884981271885863E-06),(Vehicles2↦1.0884981982428599E-06),(Vehicles3↦1.0884981982428599E-06),(Vehicles4↦1.0884981982428599E-06),(Vehicles5↦-1.2005213356758304E-06)}",
        "Reward": "0.8491083692144041",
        "VehiclesAx": "{(EgoVehicle↦4.341564178466797),(Vehicles2↦-4.210536777973175),(Vehicles3↦-4.37501884996891),(Vehicles4↦-4.348350007785484),(Vehicles5↦-4.258848801255226)}",
        "VehiclesVx": "{(EgoVehicle↦24.341564178466797),(Vehicles2↦-4.688578844070435),(Vehicles3↦-3.4956517815589905),(Vehicles4↦-4.334314465522766),(Vehicles5↦-3.7815210223197937)}",
        "VehiclesY": "{(EgoVehicle↦8.000000238418579),(Vehicles2↦-8.000000238418579),(Vehicles3↦-4.0000001192092896),(Vehicles4↦1.691083806321103E-08),(Vehicles5↦-8.000000238418579)}",
        "VehiclesVy": "{(EgoVehicle↦5.601156871648527E-08),(Vehicles2↦-5.601156871648527E-08),(Vehicles3↦-5.601156871648527E-08),(Vehicles4↦-5.601156871648527E-08),(Vehicles5↦-5.601156871648527E-08)}",
        "VehiclesX": "{(EgoVehicle↦200.0),(Vehicles2↦13.602131605148315),(Vehicles3↦34.065425395965576),(Vehicles4↦54.88766431808472),(Vehicles5↦67.45662093162537)}"
      },
      "probabilisticVariables": null,
      "activating": [
        "SLOWER_18"
      ],
      "activatingOnlyWhenExecuted": true,
      "updating": null,
      "withPredicate": null
    },
    {
      "id": "SLOWER_18",
      "execute": "SLOWER",
      "after": "1000",
      "priority": 0,
      "additionalGuards": null,
      "activationKind": null,
      "fixedVariables": {
        "Crash": "FALSE",
        "VehiclesAy": "{(EgoVehicle↦-5.365007993418658E-08),(Vehicles2↦5.365007993418658E-08),(Vehicles3↦5.365007993418658E-08),(Vehicles4↦5.365007993418658E-08),(Vehicles5↦-5.8373057498783965E-08)}",
        "Reward": "0.7485794285933921",
        "VehiclesAx": "{(EgoVehicle↦-3.76983642578125),(Vehicles2↦3.8871436566114426),(Vehicles3↦3.7381660379469395),(Vehicles4↦3.762396462261677),(Vehicles5↦3.843320091255009)}",
        "VehiclesVx": "{(EgoVehicle↦20.571727752685547),(Vehicles2↦-0.801435187458992),(Vehicles3↦0.242514256387949),(Vehicles4↦-0.5719180032610893),(Vehicles5↦0.06179906893521547)}",
        "VehiclesY": "{(EgoVehicle↦8.000000238418579),(Vehicles2↦-8.000000238418579),(Vehicles3↦-4.0000001192092896),(Vehicles4↦8.158487219134258E-10),(Vehicles5↦-8.000000238418579)}",
        "VehiclesVy": "{(EgoVehicle↦2.361488782298693E-09),(Vehicles2↦-2.361488782298693E-09),(Vehicles3↦-2.361488782298693E-09),(Vehicles4↦-2.361488782298693E-09),(Vehicles5↦-2.361488782298693E-09)}",
        "VehiclesX": "{(EgoVehicle↦200.0),(Vehicles2↦11.041150242090225),(Vehicles3↦32.63660967350006),(Vehicles4↦52.63007879257202),(Vehicles5↦65.78482389450073)}"
      },
      "probabilisticVariables": null,
      "activating": [
        "SLOWER_19"
      ],
      "activatingOnlyWhenExecuted": true,
      "updating": null,
      "withPredicate": null
    },
    {
      "id": "SLOWER_19",
      "execute": "SLOWER",
      "after": "1000",
      "priority": 0,
      "additionalGuards": null,
      "activationKind": null,
      "fixedVariables": {
        "Crash": "FALSE",
        "VehiclesAy": "{(EgoVehicle↦-2.2163781920880865E-09),(Vehicles2↦2.2163781920880865E-09),(Vehicles3↦2.2163781920880865E-09),(Vehicles4↦2.2163781920880865E-09),(Vehicles5↦-2.5065993725092994E-09)}",
        "Reward": "0.7353410495815714",
        "VehiclesAx": "{(EgoVehicle↦-0.49643754959106445),(Vehicles2↦0.6020746752619743),(Vehicles3↦0.4669499956071377),(Vehicles4↦0.4886133223772049),(Vehicles5↦0.5622718809172511)}",
        "VehiclesVx": "{(EgoVehicle↦20.075290203094482),(Vehicles2↦-0.19936051219701767),(Vehicles3↦0.7094642519950867),(Vehicles4↦-0.08330468088388443),(Vehicles5↦0.6240709498524666)}",
        "VehiclesY": "{(EgoVehicle↦8.000000238418579),(Vehicles2↦-8.000000238418579),(Vehicles3↦-4.0000001192092896),(Vehicles4↦5.000266867227765E-11),(Vehicles5↦-8.000000238418579)}",
        "VehiclesVy": "{(EgoVehicle↦1.4511059021060646E-10),(Vehicles2↦-1.4511059021060646E-10),(Vehicles3↦-1.4511059021060646E-10),(Vehicles4↦-1.4511059021060646E-10),(Vehicles5↦-1.4511059021060646E-10)}",
        "VehiclesX": "{(EgoVehicle↦200.0),(Vehicles2↦10.556694865226746),(Vehicles3↦33.14100503921509),(Vehicles4↦52.32892036437988),(Vehicles5↦66.147381067276)}"
      },
      "probabilisticVariables": null,
      "activating": [
        "SLOWER_20"
      ],
      "activatingOnlyWhenExecuted": true,
      "updating": null,
      "withPredicate": null
    },
    {
      "id": "SLOWER_20",
      "execute": "SLOWER",
      "after": "1000",
      "priority": 0,
      "additionalGuards": null,
      "activationKind": null,
      "fixedVariables": {
        "Crash": "FALSE",
        "VehiclesAy": "{(EgoVehicle↦-1.361044610348472E-10),(Vehicles2↦1.361044610348472E-10),(Vehicles3↦1.361044610348472E-10),(Vehicles4↦1.361044610348472E-10),(Vehicles5↦-1.5411671938636573E-10)}",
        "Reward": "0.7335977239503851",
        "VehiclesAx": "{(EgoVehicle↦-0.06537437438964844),(Vehicles2↦0.16105788992717862),(Vehicles3↦0.038303062319755554),(Vehicles4↦0.057347884867340326),(Vehicles5↦0.12478206306695938)}",
        "VehiclesVx": "{(EgoVehicle↦20.009915828704834),(Vehicles2↦-0.03830262226983905),(Vehicles3↦0.7477673143148422),(Vehicles4↦-0.025956796016544104),(Vehicles5↦0.748853012919426)}",
        "VehiclesY": "{(EgoVehicle↦8.000000238418579),(Vehicles2↦-8.000000238418579),(Vehicles3↦-4.0000001192092896),(Vehicles4↦3.1041835768519377E-12),(Vehicles5↦-8.000000238418579)}",
        "VehiclesVy": "{(EgoVehicle↦9.00612917575927E-12),(Vehicles2↦-9.00612917575927E-12),(Vehicles3↦-9.00612917575927E-12),(Vehicles4↦-9.00612917575927E-12),(Vehicles5↦-9.00612917575927E-12)}",
        "VehiclesX": "{(EgoVehicle↦200.0),(Vehicles2↦10.432407259941101),(Vehicles3↦33.87550711631775),(Vehicles4↦52.27847695350647),(Vehicles5↦66.83175563812256)}"
      },
      "probabilisticVariables": null,
      "activating": [
        "SLOWER_21"
      ],
      "activatingOnlyWhenExecuted": true,
      "updating": null,
      "withPredicate": null
    },
    {
      "id": "SLOWER_21",
      "execute": "SLOWER",
      "after": "1000",
      "priority": 0,
      "additionalGuards": null,
      "activationKind": null,
      "fixedVariables": {
        "Crash": "FALSE",
        "VehiclesAy": "{(EgoVehicle↦-8.455458555545192E-12),(Vehicles2↦8.455458555545192E-12),(Vehicles3↦8.455458555545192E-12),(Vehicles4↦8.455458555545192E-12),(Vehicles5↦-9.556799795973347E-12)}",
        "Reward": "0.7333681502047146",
        "VehiclesAx": "{(EgoVehicle↦-0.008609294891357422),(Vehicles2↦0.09576593758538365),(Vehicles3↦-0.015919506549835205),(Vehicles4↦0.0005190703086555004),(Vehicles5↦0.06255790591239929)}",
        "VehiclesVx": "{(EgoVehicle↦20.001306533813477),(Vehicles2↦0.057463315315544605),(Vehicles3↦0.731847807765007),(Vehicles4↦-0.025437725707888603),(Vehicles5↦0.8114109188318253)}",
        "VehiclesY": "{(EgoVehicle↦8.000000238418579),(Vehicles2↦-8.000000238418579),(Vehicles3↦-4.0000001192092896),(Vehicles4↦1.9184653865522705E-13),(Vehicles5↦-8.000000238418579)}",
        "VehiclesVy": "{(EgoVehicle↦5.506706202140776E-13),(Vehicles2↦-5.506706202140776E-13),(Vehicles3↦-5.506706202140776E-13),(Vehicles4↦-5.506706202140776E-13),(Vehicles5↦-5.506706202140776E-13)}",
        "VehiclesX": "{(EgoVehicle↦200.0),(Vehicles2↦10.4343481361866),(Vehicles3↦34.61800515651703),(Vehicles4↦52.25403308868408),(Vehicles5↦67.60733723640442)}"
      },
      "probabilisticVariables": null,
      "activating": [
        "FASTER_22"
      ],
      "activatingOnlyWhenExecuted": true,
      "updating": null,
      "withPredicate": null
    },
    {
      "id": "FASTER_22",
      "execute": "FASTER",
      "after": "1000",
      "priority": 0,
      "additionalGuards": null,
      "activationKind": null,
      "fixedVariables": {
        "Crash": "FALSE",
        "VehiclesAy": "{(EgoVehicle↦-5.151434834260726E-13),(Vehicles2↦5.240252676230739E-13),(Vehicles3↦5.240252676230739E-13),(Vehicles4↦5.240252676230739E-13),(Vehicles5↦-5.773159728050814E-13)}",
        "Reward": "0.8491129525646812",
        "VehiclesAx": "{(EgoVehicle↦4.340429306030273),(Vehicles2↦-4.260624912567437),(Vehicles3↦-4.362369999289513),(Vehicles4↦-4.348475681617856),(Vehicles5↦-4.291167035698891)}",
        "VehiclesVx": "{(EgoVehicle↦24.34173583984375),(Vehicles2↦-4.203161597251892),(Vehicles3↦-3.6305221915245056),(Vehicles4↦-4.373913407325745),(Vehicles5↦-3.4797561168670654)}",
        "VehiclesY": "{(EgoVehicle↦8.000000238418579),(Vehicles2↦-8.000000238418579),(Vehicles3↦-4.0000001192092896),(Vehicles4↦7.993605777301127E-15),(Vehicles5↦-8.000000238418579)}",
        "VehiclesVy": "{(EgoVehicle↦3.552713678800501E-14),(Vehicles2↦-2.6645352591003757E-14),(Vehicles3↦-2.6645352591003757E-14),(Vehicles4↦-2.6645352591003757E-14),(Vehicles5↦-2.6645352591003757E-14)}",
        "VehiclesX": "{(EgoVehicle↦200.0),(Vehicles2↦8.129844069480896),(Vehicles3↦32.94643461704254),(Vehicles4↦49.83093440532684),(Vehicles5↦66.0443663597107)}"
      },
      "probabilisticVariables": null,
      "activating": [
        "SLOWER_23"
      ],
      "activatingOnlyWhenExecuted": true,
      "updating": null,
      "withPredicate": null
    },
    {
      "id": "SLOWER_23",
      "execute": "SLOWER",
      "after": "1000",
      "priority": 0,
      "additionalGuards": null,
      "activationKind": null,
      "fixedVariables": {
        "Crash": "FALSE",
        "VehiclesAy": "{(EgoVehicle↦-3.552713678800501E-14),(Vehicles2↦2.6645352591003757E-14),(Vehicles3↦2.6645352591003757E-14),(Vehicles4↦2.6645352591003757E-14),(Vehicles5↦-2.6645352591003757E-14)}",
        "Reward": "0.7485800321621529",
        "VehiclesAx": "{(EgoVehicle↦-3.769984245300293),(Vehicles2↦3.843405805528164),(Vehicles3↦3.75062202103436),(Vehicles4↦3.762070871889591),(Vehicles5↦3.8151874020695686)}",
        "VehiclesVx": "{(EgoVehicle↦20.571751594543457),(Vehicles2↦-0.3597557917237282),(Vehicles3↦0.12009982950985432),(Vehicles4↦-0.6118425354361534),(Vehicles5↦0.3354312852025032)}",
        "VehiclesY": "{(EgoVehicle↦8.000000238418579),(Vehicles2↦-8.000000238418579),(Vehicles3↦-4.0000001192092896),(Vehicles4↦2.6645352591003757E-15),(Vehicles5↦-8.000000238418579)}",
        "VehiclesVy": "{(EgoVehicle↦0.0),(Vehicles2↦0.0),(Vehicles3↦0.0),(Vehicles4↦0.0),(Vehicles5↦0.0)}",
        "VehiclesX": "{(EgoVehicle↦200.0),(Vehicles2↦6.036272272467613),(Vehicles3↦31.387707591056824),(Vehicles4↦47.533586621284485),(Vehicles5↦64.66273665428162)}"
      },
      "probabilisticVariables": null,
      "activating": [
        "SLOWER_24"
      ],
      "activatingOnlyWhenExecuted": true,
      "updating": null,
      "withPredicate": null
    },
    {
      "id": "SLOWER_24",
      "execute": "SLOWER",
      "after": "1000",
      "priority": 0,
      "additionalGuards": null,
      "activationKind": null,
      "fixedVariables": {
        "Crash": "FALSE",
        "VehiclesAy": "{(EgoVehicle↦0.0),(Vehicles2↦0.0),(Vehicles3↦0.0),(Vehicles4↦0.0),(Vehicles5↦0.0)}",
        "Reward": "0.7353411290638775",
        "VehiclesAx": "{(EgoVehicle↦-0.4964590072631836),(Vehicles2↦0.5642958171665668),(Vehicles3↦0.47962124459445477),(Vehicles4↦0.48875038512051105),(Vehicles5↦0.538114421069622)}",
        "VehiclesVx": "{(EgoVehicle↦20.075292587280273),(Vehicles2↦0.20454002544283867),(Vehicles3↦0.5997210741043091),(Vehicles4↦-0.12309215031564236),(Vehicles5↦0.8735457062721252)}",
        "VehiclesY": "{(EgoVehicle↦8.000000238418579),(Vehicles2↦-8.000000238418579),(Vehicles3↦-4.0000001192092896),(Vehicles4↦2.6645352591003757E-15),(Vehicles5↦-8.000000238418579)}",
        "VehiclesVy": "{(EgoVehicle↦0.0),(Vehicles2↦0.0),(Vehicles3↦0.0),(Vehicles4↦0.0),(Vehicles5↦0.0)}",
        "VehiclesX": "{(EgoVehicle↦200.0),(Vehicles2↦5.977945774793625),(Vehicles3↦31.774747371673584),(Vehicles4↦47.192516922950745),(Vehicles5↦65.28897285461426)}"
      },
      "probabilisticVariables": null,
      "activating": [
        "SLOWER_25"
      ],
      "activatingOnlyWhenExecuted": true,
      "updating": null,
      "withPredicate": null
    },
    {
      "id": "SLOWER_25",
      "execute": "SLOWER",
      "after": "1000",
      "priority": 0,
      "additionalGuards": null,
      "activationKind": null,
      "fixedVariables": {
        "Crash": "FALSE",
        "VehiclesAy": "{(EgoVehicle↦0.0),(Vehicles2↦0.0),(Vehicles3↦0.0),(Vehicles4↦0.0),(Vehicles5↦0.0)}",
        "Reward": "0.733597734417191",
        "VehiclesAx": "{(EgoVehicle↦-0.06537675857543945),(Vehicles2↦0.1282954402267933),(Vehicles3↦0.05098298192024231),(Vehicles4↦0.05793672986328602),(Vehicles5↦0.10391101241111755)}",
        "VehiclesVx": "{(EgoVehicle↦20.009915828704834),(Vehicles2↦0.33283546566963196),(Vehicles3↦0.6507040560245514),(Vehicles4↦-0.06515542045235634),(Vehicles5↦0.9774567186832428)}",
        "VehiclesY": "{(EgoVehicle↦8.000000238418579),(Vehicles2↦-8.000000238418579),(Vehicles3↦-4.0000001192092896),(Vehicles4↦2.6645352591003757E-15),(Vehicles5↦-8.000000238418579)}",
        "VehiclesVy": "{(EgoVehicle↦0.0),(Vehicles2↦0.0),(Vehicles3↦0.0),(Vehicles4↦0.0),(Vehicles5↦0.0)}",
        "VehiclesX": "{(EgoVehicle↦200.0),(Vehicles2↦6.244088709354401),(Vehicles3↦32.4045866727829),(Vehicles4↦47.10249304771423),(Vehicles5↦66.21423363685608)}"
      },
      "probabilisticVariables": null,
      "activating": [
        "SLOWER_26"
      ],
      "activatingOnlyWhenExecuted": true,
      "updating": null,
      "withPredicate": null
    },
    {
      "id": "SLOWER_26",
      "execute": "SLOWER",
      "after": "1000",
      "priority": 0,
      "additionalGuards": null,
      "activationKind": null,
      "fixedVariables": {
        "Crash": "FALSE",
        "VehiclesAy": "{(EgoVehicle↦0.0),(Vehicles2↦0.0),(Vehicles3↦0.0),(Vehicles4↦0.0),(Vehicles5↦0.0)}",
        "Reward": "0.7333681515830595",
        "VehiclesAx": "{(EgoVehicle↦-0.008609294891357422),(Vehicles2↦0.06716642528772354),(Vehicles3↦-0.003443881869316101),(Vehicles4↦0.0014908099547028542),(Vehicles5↦0.0443778932094574)}",
        "VehiclesVx": "{(EgoVehicle↦20.001306533813477),(Vehicles2↦0.4000018909573555),(Vehicles3↦0.6472601741552353),(Vehicles4↦-0.06366461049765348),(Vehicles5↦1.0218346118927002)}",
        "VehiclesY": "{(EgoVehicle↦8.000000238418579),(Vehicles2↦-8.000000238418579),(Vehicles3↦-4.0000001192092896),(Vehicles4↦2.6645352591003757E-15),(Vehicles5↦-8.000000238418579)}",
        "VehiclesVy": "{(EgoVehicle↦0.0),(Vehicles2↦0.0),(Vehicles3↦0.0),(Vehicles4↦0.0),(Vehicles5↦0.0)}",
        "VehiclesX": "{(EgoVehicle↦200.0),(Vehicles2↦6.605425477027893),(Vehicles3↦33.05503726005554),(Vehicles4↦47.0392107963562),(Vehicles5↦67.21095442771912)}"
      },
      "probabilisticVariables": null,
      "activating": [
        "SLOWER_27"
      ],
      "activatingOnlyWhenExecuted": true,
      "updating": null,
      "withPredicate": null
    },
    {
      "id": "SLOWER_27",
      "execute": "SLOWER",
      "after": "1000",
      "priority": 0,
      "additionalGuards": null,
      "activationKind": null,
      "fixedVariables": {
        "Crash": "FALSE",
        "VehiclesAy": "{(EgoVehicle↦0.0),(Vehicles2↦0.0),(Vehicles3↦0.0),(Vehicles4↦0.0),(Vehicles5↦0.0)}",
        "Reward": "0.7333379184526388",
        "VehiclesAx": "{(EgoVehicle↦-0.0011348724365234375),(Vehicles2↦0.05580086261034012),(Vehicles3↦-0.008695423603057861),(Vehicles4↦-0.005615977570414543),(Vehicles5↦0.03443904221057892)}",
        "VehiclesVx": "{(EgoVehicle↦20.000171661376953),(Vehicles2↦0.4558027535676956),(Vehicles3↦0.6385647505521774),(Vehicles4↦-0.06928058806806803),(Vehicles5↦1.0562736541032791)}",
        "VehiclesY": "{(EgoVehicle↦8.000000238418579),(Vehicles2↦-8.000000238418579),(Vehicles3↦-4.0000001192092896),(Vehicles4↦2.6645352591003757E-15),(Vehicles5↦-8.000000238418579)}",
        "VehiclesVy": "{(EgoVehicle↦0.0),(Vehicles2↦0.0),(Vehicles3↦0.0),(Vehicles4↦0.0),(Vehicles5↦0.0)}",
        "VehiclesX": "{(EgoVehicle↦200.0),(Vehicles2↦7.0282138884067535),(Vehicles3↦33.69881808757782),(Vehicles4↦46.973440051078796),(Vehicles5↦68.24692487716675)}"
      },
      "probabilisticVariables": null,
      "activating": [
        "SLOWER_28"
      ],
      "activatingOnlyWhenExecuted": true,
      "updating": null,
      "withPredicate": null
    },
    {
      "id": "SLOWER_28",
      "execute": "SLOWER",
      "after": "1000",
      "priority": 0,
      "additionalGuards": null,
      "activationKind": null,
      "fixedVariables": {
        "Crash": "FALSE",
        "VehiclesAy": "{(EgoVehicle↦0.0),(Vehicles2↦0.0),(Vehicles3↦0.0),(Vehicles4↦0.0),(Vehicles5↦0.0)}",
        "Reward": "0.7333339371350526",
        "VehiclesAx": "{(EgoVehicle↦-0.00015020370483398438),(Vehicles2↦0.05132757127285004),(Vehicles3↦-0.0075820088386535645),(Vehicles4↦-0.006191302090883255),(Vehicles5↦0.031248852610588074)}",
        "VehiclesVx": "{(EgoVehicle↦20.00002145767212),(Vehicles2↦0.5071303248405457),(Vehicles3↦0.6309827417135239),(Vehicles4↦-0.07547189015895128),(Vehicles5↦1.0875225067138672)}",
        "VehiclesY": "{(EgoVehicle↦8.000000238418579),(Vehicles2↦-8.000000238418579),(Vehicles3↦-4.0000001192092896),(Vehicles4↦2.6645352591003757E-15),(Vehicles5↦-8.000000238418579)}",
        "VehiclesVy": "{(EgoVehicle↦0.0),(Vehicles2↦0.0),(Vehicles3↦0.0),(Vehicles4↦0.0),(Vehicles5↦0.0)}",
        "VehiclesX": "{(EgoVehicle↦200.0),(Vehicles2↦7.504834979772568),(Vehicles3↦34.33420956134796),(Vehicles4↦46.90167307853699),(Vehicles5↦69.31588649749756)}"
      },
      "probabilisticVariables": null,
      "activating": [
        "SLOWER_29"
      ],
      "activatingOnlyWhenExecuted": true,
      "updating": null,
      "withPredicate": null
    },
    {
      "id": "SLOWER_29",
      "execute": "SLOWER",
      "after": "1000",
      "priority": 0,
      "additionalGuards": null,
      "activationKind": null,
      "fixedVariables": {
        "Crash": "FALSE",
        "VehiclesAy": "{(EgoVehicle↦0.0),(Vehicles2↦0.0),(Vehicles3↦0.0),(Vehicles4↦0.0),(Vehicles5↦0.0)}",
        "Reward": "0.733333412846317",
        "VehiclesAx": "{(EgoVehicle↦-1.9073486328125E-05),(Vehicles2↦0.04805348813533783),(Vehicles3↦-0.005745887756347656),(Vehicles4↦-0.005877460353076458),(Vehicles5↦0.029135122895240784)}",
        "VehiclesVx": "{(EgoVehicle↦20.00000238418579),(Vehicles2↦0.5551838129758835),(Vehicles3↦0.6252368539571762),(Vehicles4↦-0.08134935051202774),(Vehicles5↦1.116657629609108)}",
        "VehiclesY": "{(EgoVehicle↦8.000000238418579),(Vehicles2↦-8.000000238418579),(Vehicles3↦-4.0000001192092896),(Vehicles4↦2.6645352591003757E-15),(Vehicles5↦-8.000000238418579)}",
        "VehiclesVy": "{(EgoVehicle↦0.0),(Vehicles2↦0.0),(Vehicles3↦0.0),(Vehicles4↦0.0),(Vehicles5↦0.0)}",
        "VehiclesX": "{(EgoVehicle↦200.0),(Vehicles2↦8.03142860531807),(Vehicles3↦34.962743520736694),(Vehicles4↦46.82381451129913),(Vehicles5↦70.41521668434143)}"
      },
      "probabilisticVariables": null,
      "activating": [
        "SLOWER_30"
      ],
      "activatingOnlyWhenExecuted": true,
      "updating": null,
      "withPredicate": null
    },
    {
      "id": "SLOWER_30",
      "execute": "SLOWER",
      "after": "1000",
      "priority": 0,
      "additionalGuards": null,
      "activationKind": null,
      "fixedVariables": {
        "Crash": "FALSE",
        "VehiclesAy": "{(EgoVehicle↦0.0),(Vehicles2↦0.0),(Vehicles3↦0.0),(Vehicles4↦0.0),(Vehicles5↦0.0)}",
        "Reward": "0.7333333438041789",
        "VehiclesAx": "{(EgoVehicle↦-2.384185791015625E-06),(Vehicles2↦0.04518948495388031),(Vehicles3↦-0.003932006657123566),(Vehicles4↦-0.005422187969088554),(Vehicles5↦0.0273258239030838)}",
        "VehiclesVx": "{(EgoVehicle↦20.0),(Vehicles2↦0.6003732979297638),(Vehicles3↦0.6213048473000526),(Vehicles4↦-0.0867715384811163),(Vehicles5↦1.1439834535121918)}",
        "VehiclesY": "{(EgoVehicle↦8.000000238418579),(Vehicles2↦-8.000000238418579),(Vehicles3↦-4.0000001192092896),(Vehicles4↦2.6645352591003757E-15),(Vehicles5↦-8.000000238418579)}",
        "VehiclesVy": "{(EgoVehicle↦0.0),(Vehicles2↦0.0),(Vehicles3↦0.0),(Vehicles4↦0.0),(Vehicles5↦0.0)}",
        "VehiclesX": "{(EgoVehicle↦200.0),(Vehicles2↦8.604905009269714),(Vehicles3↦35.586267709732056),(Vehicles4↦46.74025774002075),(Vehicles5↦71.5429425239563)}"
      },
      "probabilisticVariables": null,
      "activating": [
        "SLOWER_31"
      ],
      "activatingOnlyWhenExecuted": true,
      "updating": null,
      "withPredicate": null
    },
    {
      "id": "SLOWER_31",
      "execute": "SLOWER",
      "after": "1000",
      "priority": 0,
      "additionalGuards": null,
      "activationKind": null,
      "fixedVariables": {
        "Crash": "FALSE",
        "VehiclesAy": "{(EgoVehicle↦0.0),(Vehicles2↦0.0),(Vehicles3↦0.0),(Vehicles4↦0.0),(Vehicles5↦0.0)}",
        "Reward": "0.7333333347122101",
        "VehiclesAx": "{(EgoVehicle↦0.0),(Vehicles2↦0.04259929060935974),(Vehicles3↦-0.0022381171584129333),(Vehicles4↦-0.004928400740027428),(Vehicles5↦0.025698617100715637)}",
        "VehiclesVx": "{(EgoVehicle↦20.0),(Vehicles2↦0.6429725885391235),(Vehicles3↦0.6190667301416397),(Vehicles4↦-0.09169993922114372),(Vehicles5↦1.1696820706129074)}",
        "VehiclesY": "{(EgoVehicle↦8.000000238418579),(Vehicles2↦-8.000000238418579),(Vehicles3↦-4.0000001192092896),(Vehicles4↦2.6645352591003757E-15),(Vehicles5↦-8.000000238418579)}",
        "VehiclesVy": "{(EgoVehicle↦0.0),(Vehicles2↦0.0),(Vehicles3↦0.0),(Vehicles4↦0.0),(Vehicles5↦0.0)}",
        "VehiclesX": "{(EgoVehicle↦200.0),(Vehicles2↦9.222515672445297),(Vehicles3↦36.2065464258194),(Vehicles4↦46.65147662162781),(Vehicles5↦72.6973295211792)}"
      },
      "probabilisticVariables": null,
      "activating": [
        "FASTER_32"
      ],
      "activatingOnlyWhenExecuted": true,
      "updating": null,
      "withPredicate": null
    },
    {
      "id": "FASTER_32",
      "execute": "FASTER",
      "after": "1000",
      "priority": 0,
      "additionalGuards": null,
      "activationKind": null,
      "fixedVariables": {
        "Crash": "FALSE",
        "VehiclesAy": "{(EgoVehicle↦0.0),(Vehicles2↦0.0),(Vehicles3↦0.0),(Vehicles4↦0.0),(Vehicles5↦0.0)}",
        "Reward": "0.8491083678084667",
        "VehiclesAx": "{(EgoVehicle↦4.341564178466797),(Vehicles2↦-4.301325976848602),(Vehicles3↦-4.342239275574684),(Vehicles4↦-4.345977623015642),(Vehicles5↦-4.317344054579735)}",
        "VehiclesVx": "{(EgoVehicle↦24.341564178466797),(Vehicles2↦-3.6583533883094788),(Vehicles3↦-3.7231725454330444),(Vehicles4↦-4.437677562236786),(Vehicles5↦-3.1476619839668274)}",
        "VehiclesY": "{(EgoVehicle↦8.000000238418579),(Vehicles2↦-8.000000238418579),(Vehicles3↦-4.0000001192092896),(Vehicles4↦2.6645352591003757E-15),(Vehicles5↦-8.000000238418579)}",
        "VehiclesVy": "{(EgoVehicle↦0.0),(Vehicles2↦0.0),(Vehicles3↦0.0),(Vehicles4↦0.0),(Vehicles5↦0.0)}",
        "VehiclesX": "{(EgoVehicle↦200.0),(Vehicles2↦7.486702501773834),(Vehicles3↦34.430161118507385),(Vehicles4↦44.16290521621704),(Vehicles5↦71.48175239562988)}"
      },
      "probabilisticVariables": null,
      "activating": [
        "SLOWER_33"
      ],
      "activatingOnlyWhenExecuted": true,
      "updating": null,
      "withPredicate": null
    },
    {
      "id": "SLOWER_33",
      "execute": "SLOWER",
      "after": "1000",
      "priority": 0,
      "additionalGuards": null,
      "activationKind": null,
      "fixedVariables": {
        "Crash": "FALSE",
        "VehiclesAy": "{(EgoVehicle↦0.0),(Vehicles2↦0.0),(Vehicles3↦0.0),(Vehicles4↦0.0),(Vehicles5↦0.0)}",
        "Reward": "0.748579428408248",
        "VehiclesAx": "{(EgoVehicle↦-3.76983642578125),(Vehicles2↦3.807911667972803),(Vehicles3↦3.770592543296516),(Vehicles4↦3.7659507244825363),(Vehicles5↦3.792705684900284)}",
        "VehiclesVx": "{(EgoVehicle↦20.571727752685547),(Vehicles2↦0.14955827966332436),(Vehicles3↦0.04741999786347151),(Vehicles4↦-0.6717268377542496),(Vehicles5↦0.6450437009334564)}",
        "VehiclesY": "{(EgoVehicle↦8.000000238418579),(Vehicles2↦-8.000000238418579),(Vehicles3↦-4.0000001192092896),(Vehicles4↦2.6645352591003757E-15),(Vehicles5↦-8.000000238418579)}",
        "VehiclesVy": "{(EgoVehicle↦0.0),(Vehicles2↦0.0),(Vehicles3↦0.0),(Vehicles4↦0.0),(Vehicles5↦0.0)}",
        "VehiclesX": "{(EgoVehicle↦200.0),(Vehicles2↦5.923407897353172),(Vehicles3↦32.78684616088867),(Vehicles4↦41.80329442024231),(Vehicles5↦70.4230010509491)}"
      },
      "probabilisticVariables": null,
      "activating": [
        "SLOWER_34"
      ],
      "activatingOnlyWhenExecuted": true,
      "updating": null,
      "withPredicate": null
    },
    {
      "id": "SLOWER_34",
      "execute": "SLOWER",
      "after": "1000",
      "priority": 0,
      "additionalGuards": null,
      "activationKind": null,
      "fixedVariables": {
        "Crash": "FALSE",
        "VehiclesAy": "{(EgoVehicle↦0.0),(Vehicles2↦0.0),(Vehicles3↦0.0),(Vehicles4↦0.0),(Vehicles5↦0.0)}",
        "Reward": "0.7353410495571904",
        "VehiclesAx": "{(EgoVehicle↦-0.49643754959106445),(Vehicles2↦0.5325307510793209),(Vehicles3↦0.4985040845349431),(Vehicles4↦0.4930941201746464),(Vehicles5↦0.5180744826793671)}",
        "VehiclesVx": "{(EgoVehicle↦20.075290203094482),(Vehicles2↦0.6820890307426453),(Vehicles3↦0.5459240823984146),(Vehicles4↦-0.1786327175796032),(Vehicles5↦1.1631181836128235)}",
        "VehiclesY": "{(EgoVehicle↦8.000000238418579),(Vehicles2↦-8.000000238418579),(Vehicles3↦-4.0000001192092896),(Vehicles4↦2.6645352591003757E-15),(Vehicles5↦-8.000000238418579)}",
        "VehiclesVy": "{(EgoVehicle↦0.0),(Vehicles2↦0.0),(Vehicles3↦0.0),(Vehicles4↦0.0),(Vehicles5↦0.0)}",
        "VehiclesX": "{(EgoVehicle↦200.0),(Vehicles2↦6.361420452594757),(Vehicles3↦33.10885727405548),(Vehicles4↦41.40405058860779),(Vehicles5↦71.35065793991089)}"
      },
      "probabilisticVariables": null,
      "activating": [
        "SLOWER_35"
      ],
      "activatingOnlyWhenExecuted": true,
      "updating": null,
      "withPredicate": null
    },
    {
      "id": "SLOWER_35",
      "execute": "SLOWER",
      "after": "1000",
      "priority": 0,
      "additionalGuards": null,
      "activationKind": null,
      "fixedVariables": {
        "Crash": "FALSE",
        "VehiclesAy": "{(EgoVehicle↦0.0),(Vehicles2↦0.0),(Vehicles3↦0.0),(Vehicles4↦0.0),(Vehicles5↦0.0)}",
        "Reward": "0.7335977239471746",
        "VehiclesAx": "{(EgoVehicle↦-0.06537437438964844),(Vehicles2↦0.09963870048522949),(Vehicles3↦0.0686269998550415),(Vehicles4↦0.06257525645196438),(Vehicles5↦0.08587628602981567)}",
        "VehiclesVx": "{(EgoVehicle↦20.009915828704834),(Vehicles2↦0.7817277312278748),(Vehicles3↦0.6145510822534561),(Vehicles4↦-0.11605746112763882),(Vehicles5↦1.2489944696426392)}",
        "VehiclesY": "{(EgoVehicle↦8.000000238418579),(Vehicles2↦-8.000000238418579),(Vehicles3↦-4.0000001192092896),(Vehicles4↦2.6645352591003757E-15),(Vehicles5↦-8.000000238418579)}",
        "VehiclesVy": "{(EgoVehicle↦0.0),(Vehicles2↦0.0),(Vehicles3↦0.0),(Vehicles4↦0.0),(Vehicles5↦0.0)}",
        "VehiclesX": "{(EgoVehicle↦200.0),(Vehicles2↦7.0934198796749115),(Vehicles3↦33.69205594062805),(Vehicles4↦41.26031994819641),(Vehicles5↦72.55812883377075)}"
      },
      "probabilisticVariables": null,
      "activating": [
        "SLOWER_36"
      ],
      "activatingOnlyWhenExecuted": true,
      "updating": null,
      "withPredicate": null
    },
    {
      "id": "SLOWER_36",
      "execute": "SLOWER",
      "after": "1000",
      "priority": 0,
      "additionalGuards": null,
      "activationKind": null,
      "fixedVariables": {
        "Crash": "FALSE",
        "VehiclesAy": "{(EgoVehicle↦0.0),(Vehicles2↦0.0),(Vehicles3↦0.0),(Vehicles4↦0.0),(Vehicles5↦0.0)}",
        "Reward": "0.7333681502042918",
        "VehiclesAx": "{(EgoVehicle↦-0.008609294891357422),(Vehicles2↦0.041185617446899414),(Vehicles3↦0.012934580445289612),(Vehicles4↦0.006357831880450249),(Vehicles5↦0.02806752920150757)}",
        "VehiclesVx": "{(EgoVehicle↦20.001306533813477),(Vehicles2↦0.8229133486747742),(Vehicles3↦0.6274856626987457),(Vehicles4↦-0.10969962924718857),(Vehicles5↦1.2770619988441467)}",
        "VehiclesY": "{(EgoVehicle↦8.000000238418579),(Vehicles2↦-8.000000238418579),(Vehicles3↦-4.0000001192092896),(Vehicles4↦2.6645352591003757E-15),(Vehicles5↦-8.000000238418579)}",
        "VehiclesVy": "{(EgoVehicle↦0.0),(Vehicles2↦0.0),(Vehicles3↦0.0),(Vehicles4↦0.0),(Vehicles5↦0.0)}",
        "VehiclesX": "{(EgoVehicle↦200.0),(Vehicles2↦7.89305716753006),(Vehicles3↦34.313005208969116),(Vehicles4↦41.14806652069092),(Vehicles5↦73.8197386264801)}"
      },
      "probabilisticVariables": null,
      "activating": [
        "SLOWER_37"
      ],
      "activatingOnlyWhenExecuted": true,
      "updating": null,
      "withPredicate": null
    },
    {
      "id": "SLOWER_37",
      "execute": "SLOWER",
      "after": "1000",
      "priority": 0,
      "additionalGuards": null,
      "activationKind": null,
      "fixedVariables": {
        "Crash": "FALSE",
        "VehiclesAy": "{(EgoVehicle↦0.0),(Vehicles2↦0.0),(Vehicles3↦0.0),(Vehicles4↦0.0),(Vehicles5↦0.0)}",
        "Reward": "0.7333379182710728",
        "VehiclesAx": "{(EgoVehicle↦-0.0011348724365234375),(Vehicles2↦0.03214888274669647),(Vehicles3↦0.0064247846603393555),(Vehicles4↦-0.0005699042230844498),(Vehicles5↦0.019630342721939087)}",
        "VehiclesVx": "{(EgoVehicle↦20.000171661376953),(Vehicles2↦0.8550622314214706),(Vehicles3↦0.6339104473590851),(Vehicles4↦-0.11026953347027302),(Vehicles5↦1.2966923415660858)}",
        "VehiclesY": "{(EgoVehicle↦8.000000238418579),(Vehicles2↦-8.000000238418579),(Vehicles3↦-4.0000001192092896),(Vehicles4↦2.6645352591003757E-15),(Vehicles5↦-8.000000238418579)}",
        "VehiclesVy": "{(EgoVehicle↦0.0),(Vehicles2↦0.0),(Vehicles3↦0.0),(Vehicles4↦0.0),(Vehicles5↦0.0)}",
        "VehiclesX": "{(EgoVehicle↦200.0),(Vehicles2↦8.729121834039688),(Vehicles3↦34.94316041469574),(Vehicles4↦41.03826880455017),(Vehicles5↦75.10489821434021)}"
      },
      "probabilisticVariables": null,
      "activating": [
        "SLOWER_38"
      ],
      "activatingOnlyWhenExecuted": true,
      "updating": null,
      "withPredicate": null
    },
    {
      "id": "SLOWER_38",
      "execute": "SLOWER",
      "after": "1000",
      "priority": 0,
      "additionalGuards": null,
      "activationKind": null,
      "fixedVariables": {
        "Crash": "FALSE",
        "VehiclesAy": "{(EgoVehicle↦0.0),(Vehicles2↦0.0),(Vehicles3↦0.0),(Vehicles4↦0.0),(Vehicles5↦0.0)}",
        "Reward": "0.7333339371111426",
        "VehiclesAx": "{(EgoVehicle↦-0.00015020370483398438),(Vehicles2↦0.029716119170188904),(Vehicles3↦0.006304904818534851),(Vehicles4↦-0.0010104291141033173),(Vehicles5↦0.01775681972503662)}",
        "VehiclesVx": "{(EgoVehicle↦20.00002145767212),(Vehicles2↦0.8847783505916595),(Vehicles3↦0.6402153521776199),(Vehicles4↦-0.11127996258437634),(Vehicles5↦1.3144491612911224)}",
        "VehiclesY": "{(EgoVehicle↦8.000000238418579),(Vehicles2↦-8.000000238418579),(Vehicles3↦-4.0000001192092896),(Vehicles4↦2.6645352591003757E-15),(Vehicles5↦-8.000000238418579)}",
        "VehiclesVy": "{(EgoVehicle↦0.0),(Vehicles2↦0.0),(Vehicles3↦0.0),(Vehicles4↦0.0),(Vehicles5↦0.0)}",
        "VehiclesX": "{(EgoVehicle↦200.0),(Vehicles2↦9.59620475769043),(Vehicles3↦35.57955026626587),(Vehicles4↦40.927574038505554),(Vehicles5↦76.40877962112427)}"
      },
      "probabilisticVariables": null,
      "activating": [
        "SLOWER_39"
      ],
      "activatingOnlyWhenExecuted": true,
      "updating": null,
      "withPredicate": null
    },
    {
      "id": "SLOWER_39",
      "execute": "SLOWER",
      "after": "1000",
      "priority": 0,
      "additionalGuards": null,
      "activationKind": null,
      "fixedVariables": {
        "Crash": "FALSE",
        "VehiclesAy": "{(EgoVehicle↦0.0),(Vehicles2↦0.0),(Vehicles3↦0.0),(Vehicles4↦0.0),(Vehicles5↦0.0)}",
        "Reward": "0.7333334128431682",
        "VehiclesAx": "{(EgoVehicle↦-1.9073486328125E-05),(Vehicles2↦0.028240308165550232),(Vehicles3↦0.006945431232452393),(Vehicles4↦-0.0006025936454534531),(Vehicles5↦0.016803741455078125)}",
        "VehiclesVx": "{(EgoVehicle↦20.00000238418579),(Vehicles2↦0.9130186587572098),(Vehicles3↦0.6471607834100723),(Vehicles4↦-0.11188255622982979),(Vehicles5↦1.3312529027462006)}",
        "VehiclesY": "{(EgoVehicle↦8.000000238418579),(Vehicles2↦-8.000000238418579),(Vehicles3↦-4.0000001192092896),(Vehicles4↦2.6645352591003757E-15),(Vehicles5↦-8.000000238418579)}",
        "VehiclesVy": "{(EgoVehicle↦0.0),(Vehicles2↦0.0),(Vehicles3↦0.0),(Vehicles4↦0.0),(Vehicles5↦0.0)}",
        "VehiclesX": "{(EgoVehicle↦200.0),(Vehicles2↦10.492386668920517),(Vehicles3↦36.222487688064575),(Vehicles4↦40.816012024879456),(Vehicles5↦77.73001790046692)}"
      },
      "probabilisticVariables": null,
      "activating": [
        "SLOWER_40"
      ],
      "activatingOnlyWhenExecuted": true,
      "updating": null,
      "withPredicate": null
    },
    {
      "id": "SLOWER_40",
      "execute": "SLOWER",
      "after": "1000",
      "priority": 0,
      "additionalGuards": null,
      "activationKind": null,
      "fixedVariables": {
        "Crash": "FALSE",
        "VehiclesAy": "{(EgoVehicle↦0.0),(Vehicles2↦0.0),(Vehicles3↦0.0),(Vehicles4↦0.0),(Vehicles5↦0.0)}",
        "Reward": "0.7333333438037642",
        "VehiclesAx": "{(EgoVehicle↦-2.384185791015625E-06),(Vehicles2↦0.026969611644744873),(Vehicles3↦0.00761084258556366),(Vehicles4↦-9.103678166866302E-05),(Vehicles5↦0.016022920608520508)}",
        "VehiclesVx": "{(EgoVehicle↦20.0),(Vehicles2↦0.9399882704019547),(Vehicles3↦0.654771625995636),(Vehicles4↦-0.11197359301149845),(Vehicles5↦1.347275823354721)}",
        "VehiclesY": "{(EgoVehicle↦8.000000238418579),(Vehicles2↦-8.000000238418579),(Vehicles3↦-4.0000001192092896),(Vehicles4↦2.6645352591003757E-15),(Vehicles5↦-8.000000238418579)}",
        "VehiclesVy": "{(EgoVehicle↦0.0),(Vehicles2↦0.0),(Vehicles3↦0.0),(Vehicles4↦0.0),(Vehicles5↦0.0)}",
        "VehiclesX": "{(EgoVehicle↦200.0),(Vehicles2↦11.416289955377579),(Vehicles3↦36.87264323234558),(Vehicles4↦40.7040536403656),(Vehicles5↦79.06774282455444)}"
      },
      "probabilisticVariables": null,
      "activating": [
        "SLOWER_41"
      ],
      "activatingOnlyWhenExecuted": true,
      "updating": null,
      "withPredicate": null
    },
    {
      "id": "SLOWER_41",
      "execute": "SLOWER",
      "after": "1000",
      "priority": 0,
      "additionalGuards": null,
      "activationKind": null,
      "fixedVariables": {
        "Crash": "FALSE",
        "VehiclesAy": "{(EgoVehicle↦0.0),(Vehicles2↦0.0),(Vehicles3↦0.0),(Vehicles4↦0.0),(Vehicles5↦0.0)}",
        "Reward": "0.7333333347121554",
        "VehiclesAx": "{(EgoVehicle↦0.0),(Vehicles2↦0.025797784328460693),(Vehicles3↦0.008210018277168274),(Vehicles4↦0.0004243757575750351),(Vehicles5↦0.015310496091842651)}",
        "VehiclesVx": "{(EgoVehicle↦20.0),(Vehicles2↦0.9657860547304153),(Vehicles3↦0.6629816442728043),(Vehicles4↦-0.11154921725392342),(Vehicles5↦1.3625863194465637)}",
        "VehiclesY": "{(EgoVehicle↦8.000000238418579),(Vehicles2↦-8.000000238418579),(Vehicles3↦-4.0000001192092896),(Vehicles4↦2.6645352591003757E-15),(Vehicles5↦-8.000000238418579)}",
        "VehiclesVy": "{(EgoVehicle↦0.0),(Vehicles2↦0.0),(Vehicles3↦0.0),(Vehicles4↦0.0),(Vehicles5↦0.0)}",
        "VehiclesX": "{(EgoVehicle↦200.0),(Vehicles2↦12.366688251495361),(Vehicles3↦37.530651688575745),(Vehicles4↦40.59220850467682),(Vehicles5↦80.4211974143982)}"
      },
      "probabilisticVariables": null,
      "activating": [
        "SLOWER_42"
      ],
      "activatingOnlyWhenExecuted": true,
      "updating": null,
      "withPredicate": null
    },
    {
      "id": "SLOWER_42",
      "execute": "SLOWER",
      "after": "1000",
      "priority": 0,
      "additionalGuards": null,
      "activationKind": null,
      "fixedVariables": {
        "Crash": "FALSE",
        "VehiclesAy": "{(EgoVehicle↦0.0),(Vehicles2↦0.0),(Vehicles3↦0.0),(Vehicles4↦0.0),(Vehicles5↦0.0)}",
        "Reward": "0.7333333335149067",
        "VehiclesAx": "{(EgoVehicle↦0.0),(Vehicles2↦0.02470441162586212),(Vehicles3↦0.008736476302146912),(Vehicles4↦0.000928882509469986),(Vehicles5↦0.014649033546447754)}",
        "VehiclesVx": "{(EgoVehicle↦20.0),(Vehicles2↦0.9904904663562775),(Vehicles3↦0.6717181205749512),(Vehicles4↦-0.11062033474445343),(Vehicles5↦1.3772353529930115)}",
        "VehiclesY": "{(EgoVehicle↦8.000000238418579),(Vehicles2↦-8.000000238418579),(Vehicles3↦-4.0000001192092896),(Vehicles4↦2.6645352591003757E-15),(Vehicles5↦-8.000000238418579)}",
        "VehiclesVy": "{(EgoVehicle↦0.0),(Vehicles2↦0.0),(Vehicles3↦0.0),(Vehicles4↦0.0),(Vehicles5↦0.0)}",
        "VehiclesX": "{(EgoVehicle↦200.0),(Vehicles2↦13.342440128326416),(Vehicles3↦38.19708824157715),(Vehicles4↦40.48098921775818),(Vehicles5↦81.78969025611877)}"
      },
      "probabilisticVariables": null,
      "activating": [
        "SLOWER_43"
      ],
      "activatingOnlyWhenExecuted": true,
      "updating": null,
      "withPredicate": null
    },
    {
      "id": "SLOWER_43",
      "execute": "SLOWER",
      "after": "1000",
      "priority": 0,
      "additionalGuards": null,
      "activationKind": null,
      "fixedVariables": {
        "Crash": "FALSE",
        "VehiclesAy": "{(EgoVehicle↦0.0),(Vehicles2↦0.0),(Vehicles3↦0.0),(Vehicles4↦0.0),(Vehicles5↦0.0)}",
        "Reward": "0.7333333333572442",
        "VehiclesAx": "{(EgoVehicle↦0.0),(Vehicles2↦0.023681074380874634),(Vehicles3↦0.009194612503051758),(Vehicles4↦0.001419205218553543),(Vehicles5↦0.014032423496246338)}",
        "VehiclesVx": "{(EgoVehicle↦20.0),(Vehicles2↦1.014171540737152),(Vehicles3↦0.6809127330780029),(Vehicles4↦-0.10920112952589989),(Vehicles5↦1.3912677764892578)}",
        "VehiclesY": "{(EgoVehicle↦8.000000238418579),(Vehicles2↦-8.000000238418579),(Vehicles3↦-4.0000001192092896),(Vehicles4↦2.6645352591003757E-15),(Vehicles5↦-8.000000238418579)}",
        "VehiclesVy": "{(EgoVehicle↦0.0),(Vehicles2↦0.0),(Vehicles3↦0.0),(Vehicles4↦0.0),(Vehicles5↦0.0)}",
        "VehiclesX": "{(EgoVehicle↦200.0),(Vehicles2↦14.342482388019562),(Vehicles3↦38.87245059013367),(Vehicles4↦40.37089943885803),(Vehicles5↦83.17258954048157)}"
      },
      "probabilisticVariables": null,
      "activating": [
        "SLOWER_44"
      ],
      "activatingOnlyWhenExecuted": true,
      "updating": null,
      "withPredicate": null
    },
    {
      "id": "SLOWER_44",
      "execute": "SLOWER",
      "after": "1000",
      "priority": 0,
      "additionalGuards": null,
      "activationKind": null,
      "fixedVariables": {
        "Crash": "FALSE",
        "VehiclesAy": "{(EgoVehicle↦0.0),(Vehicles2↦0.0),(Vehicles3↦0.0),(Vehicles4↦0.0),(Vehicles5↦0.0)}",
        "Reward": "0.7333333333364821",
        "VehiclesAx": "{(EgoVehicle↦0.0),(Vehicles2↦0.02272181212902069),(Vehicles3↦0.009589940309524536),(Vehicles4↦0.0018937699496746063),(Vehicles5↦0.013456642627716064)}",
        "VehiclesVx": "{(EgoVehicle↦20.0),(Vehicles2↦1.0368933528661728),(Vehicles3↦0.6905026733875275),(Vehicles4↦-0.10730735957622528),(Vehicles5↦1.4047244191169739)}",
        "VehiclesY": "{(EgoVehicle↦8.000000238418579),(Vehicles2↦-8.000000238418579),(Vehicles3↦-4.0000001192092896),(Vehicles4↦2.6645352591003757E-15),(Vehicles5↦-8.000000238418579)}",
        "VehiclesVy": "{(EgoVehicle↦0.0),(Vehicles2↦0.0),(Vehicles3↦0.0),(Vehicles4↦0.0),(Vehicles5↦0.0)}",
        "VehiclesX": "{(EgoVehicle↦200.0),(Vehicles2↦15.36581665277481),(Vehicles3↦39.55717086791992),(Vehicles4↦40.26241898536682),(Vehicles5↦84.56928133964539)}"
      },
      "probabilisticVariables": null,
      "activating": [
        "SLOWER_45"
      ],
      "activatingOnlyWhenExecuted": true,
      "updating": null,
      "withPredicate": null
    },
    {
      "id": "SLOWER_45",
      "execute": "SLOWER",
      "after": "1000",
      "priority": 0,
      "additionalGuards": null,
      "activationKind": null,
      "fixedVariables": {
        "Crash": "FALSE",
        "VehiclesAy": "{(EgoVehicle↦0.0),(Vehicles2↦0.0),(Vehicles3↦0.0),(Vehicles4↦0.0),(Vehicles5↦0.0)}",
        "Reward": "0.7333333333337481",
        "VehiclesAx": "{(EgoVehicle↦0.0),(Vehicles2↦0.0218210369348526),(Vehicles3↦-0.7954586204141378),(Vehicles4↦0.8077382296323776),(Vehicles5↦0.01291811466217041)}",
        "VehiclesVx": "{(EgoVehicle↦20.0),(Vehicles2↦1.0587143898010254),(Vehicles3↦-0.10495594702661037),(Vehicles4↦0.7004308700561523),(Vehicles5↦1.4176425337791443)}",
        "VehiclesY": "{(EgoVehicle↦8.000000238418579),(Vehicles2↦-8.000000238418579),(Vehicles3↦2.6645352591003757E-15),(Vehicles4↦-4.0000001192092896),(Vehicles5↦-8.000000238418579)}",
        "VehiclesVy": "{(EgoVehicle↦0.0),(Vehicles2↦0.0),(Vehicles3↦0.0),(Vehicles4↦0.0),(Vehicles5↦0.0)}",
        "VehiclesX": "{(EgoVehicle↦200.0),(Vehicles2↦16.41150861978531),(Vehicles3↦40.15601575374603),(Vehicles4↦40.25161862373352),(Vehicles5↦85.9792172908783)}"
      },
      "probabilisticVariables": null,
      "activating": [
        "SLOWER_46"
      ],
      "activatingOnlyWhenExecuted": true,
      "updating": null,
      "withPredicate": null
    },
    {
      "id": "SLOWER_46",
      "execute": "SLOWER",
      "after": "1000",
      "priority": 0,
      "additionalGuards": null,
      "activationKind": null,
      "fixedVariables": {
        "Crash": "FALSE",
        "VehiclesAy": "{(EgoVehicle↦0.0),(Vehicles2↦0.0),(Vehicles3↦0.0),(Vehicles4↦0.0),(Vehicles5↦0.0)}",
        "Reward": "0.733333333333388",
        "VehiclesAx": "{(EgoVehicle↦0.0),(Vehicles2↦0.02097412943840027),(Vehicles3↦0.00279122032225132),(Vehicles4↦0.010214149951934814),(Vehicles5↦0.012413561344146729)}",
        "VehiclesVx": "{(EgoVehicle↦20.0),(Vehicles2↦1.0796885192394257),(Vehicles3↦-0.10216472670435905),(Vehicles4↦0.7106450200080872),(Vehicles5↦1.430056095123291)}",
        "VehiclesY": "{(EgoVehicle↦8.000000238418579),(Vehicles2↦-8.000000238418579),(Vehicles3↦2.6645352591003757E-15),(Vehicles4↦-4.0000001192092896),(Vehicles5↦-8.000000238418579)}",
        "VehiclesVy": "{(EgoVehicle↦0.0),(Vehicles2↦0.0),(Vehicles3↦0.0),(Vehicles4↦0.0),(Vehicles5↦0.0)}",
        "VehiclesX": "{(EgoVehicle↦200.0),(Vehicles2↦17.4786776304245),(Vehicles3↦40.05213975906372),(Vehicles4↦40.95611572265625),(Vehicles5↦87.40186095237732)}"
      },
      "probabilisticVariables": null,
      "activating": [
        "SLOWER_47"
      ],
      "activatingOnlyWhenExecuted": true,
      "updating": null,
      "withPredicate": null
    },
    {
      "id": "SLOWER_47",
      "execute": "SLOWER",
      "after": "1000",
      "priority": 0,
      "additionalGuards": null,
      "activationKind": null,
      "fixedVariables": {
        "Crash": "FALSE",
        "VehiclesAy": "{(EgoVehicle↦0.0),(Vehicles2↦0.0),(Vehicles3↦0.0),(Vehicles4↦0.0),(Vehicles5↦0.0)}",
        "Reward": "0.7333333333333405",
        "VehiclesAx": "{(EgoVehicle↦0.0),(Vehicles2↦0.02017691731452942),(Vehicles3↦0.0032124947756528854),(Vehicles4↦0.010453015565872192),(Vehicles5↦0.011940747499465942)}",
        "VehiclesVx": "{(EgoVehicle↦20.0),(Vehicles2↦1.099865436553955),(Vehicles3↦-0.09895223192870617),(Vehicles4↦0.7210980355739594),(Vehicles5↦1.441996842622757)}",
        "VehiclesY": "{(EgoVehicle↦8.000000238418579),(Vehicles2↦-8.000000238418579),(Vehicles3↦2.6645352591003757E-15),(Vehicles4↦-4.0000001192092896),(Vehicles5↦-8.000000238418579)}",
        "VehiclesVy": "{(EgoVehicle↦0.0),(Vehicles2↦0.0),(Vehicles3↦0.0),(Vehicles4↦0.0),(Vehicles5↦0.0)}",
        "VehiclesX": "{(EgoVehicle↦200.0),(Vehicles2↦18.566499650478363),(Vehicles3↦39.951229095458984),(Vehicles4↦41.67092442512512),(Vehicles5↦88.83673548698425)}"
      },
      "probabilisticVariables": null,
      "activating": [
        "SLOWER_48"
      ],
      "activatingOnlyWhenExecuted": true,
      "updating": null,
      "withPredicate": null
    },
    {
      "id": "SLOWER_48",
      "execute": "SLOWER",
      "after": "1000",
      "priority": 0,
      "additionalGuards": null,
      "activationKind": null,
      "fixedVariables": {
        "Crash": "FALSE",
        "VehiclesAy": "{(EgoVehicle↦0.0),(Vehicles2↦0.0),(Vehicles3↦0.0),(Vehicles4↦0.0),(Vehicles5↦0.0)}",
        "Reward": "0.7333333333333343",
        "VehiclesAx": "{(EgoVehicle↦0.0),(Vehicles2↦0.01942545175552368),(Vehicles3↦0.0036147329956293106),(Vehicles4↦0.010649040341377258),(Vehicles5↦0.011496543884277344)}",
        "VehiclesVx": "{(EgoVehicle↦20.0),(Vehicles2↦1.1192908883094788),(Vehicles3↦-0.09533749893307686),(Vehicles4↦0.7317470759153366),(Vehicles5↦1.4534933865070343)}",
        "VehiclesY": "{(EgoVehicle↦8.000000238418579),(Vehicles2↦-8.000000238418579),(Vehicles3↦2.6645352591003757E-15),(Vehicles4↦-4.0000001192092896),(Vehicles5↦-8.000000238418579)}",
        "VehiclesVy": "{(EgoVehicle↦0.0),(Vehicles2↦0.0),(Vehicles3↦0.0),(Vehicles4↦0.0),(Vehicles5↦0.0)}",
        "VehiclesX": "{(EgoVehicle↦200.0),(Vehicles2↦19.674193859100342),(Vehicles3↦39.853692054748535),(Vehicles4↦42.396268248558044),(Vehicles5↦90.2833640575409)}"
      },
      "probabilisticVariables": null,
      "activating": [
        "SLOWER_49"
      ],
      "activatingOnlyWhenExecuted": true,
      "updating": null,
      "withPredicate": null
    },
    {
      "id": "SLOWER_49",
      "execute": "SLOWER",
      "after": "1000",
      "priority": 0,
      "additionalGuards": null,
      "activationKind": null,
      "fixedVariables": {
        "Crash": "FALSE",
        "VehiclesAy": "{(EgoVehicle↦0.0),(Vehicles2↦0.0),(Vehicles3↦0.0),(Vehicles4↦0.0),(Vehicles5↦0.0)}",
        "Reward": "0.7333333333333334",
        "VehiclesAx": "{(EgoVehicle↦0.0),(Vehicles2↦0.018716230988502502),(Vehicles3↦0.0039975810796022415),(Vehicles4↦0.010806471109390259),(Vehicles5↦0.011079162359237671)}",
        "VehiclesVx": "{(EgoVehicle↦20.0),(Vehicles2↦1.1380071192979813),(Vehicles3↦-0.09133991785347462),(Vehicles4↦0.7425535470247269),(Vehicles5↦1.464572548866272)}",
        "VehiclesY": "{(EgoVehicle↦8.000000238418579),(Vehicles2↦-8.000000238418579),(Vehicles3↦2.6645352591003757E-15),(Vehicles4↦-4.0000001192092896),(Vehicles5↦-8.000000238418579)}",
        "VehiclesVy": "{(EgoVehicle↦0.0),(Vehicles2↦0.0),(Vehicles3↦0.0),(Vehicles4↦0.0),(Vehicles5↦0.0)}",
        "VehiclesX": "{(EgoVehicle↦200.0),(Vehicles2↦20.80102562904358),(Vehicles3↦39.75992202758789),(Vehicles4↦43.13232600688934),(Vehicles5↦91.74131751060486)}"
      },
      "probabilisticVariables": null,
      "activating": [
        "SLOWER_50"
      ],
      "activatingOnlyWhenExecuted": true,
      "updating": null,
      "withPredicate": null
    },
    {
      "id": "SLOWER_50",
      "execute": "SLOWER",
      "after": "1000",
      "priority": 0,
      "additionalGuards": null,
      "activationKind": null,
      "fixedVariables": {
        "Crash": "FALSE",
        "VehiclesAy": "{(EgoVehicle↦0.0),(Vehicles2↦0.0),(Vehicles3↦0.0),(Vehicles4↦0.0),(Vehicles5↦0.0)}",
        "Reward": "0.7333333333333334",
        "VehiclesAx": "{(EgoVehicle↦0.0),(Vehicles2↦0.018046274781227112),(Vehicles3↦0.004360834136605263),(Vehicles4↦0.010929107666015625),(Vehicles5↦0.010686218738555908)}",
        "VehiclesVx": "{(EgoVehicle↦20.0),(Vehicles2↦1.1560533940792084),(Vehicles3↦-0.08697908371686935),(Vehicles4↦0.7534826546907425),(Vehicles5↦1.4752587676048279)}",
        "VehiclesY": "{(EgoVehicle↦8.000000238418579),(Vehicles2↦-8.000000238418579),(Vehicles3↦2.6645352591003757E-15),(Vehicles4↦-4.0000001192092896),(Vehicles5↦-8.000000238418579)}",
        "VehiclesVy": "{(EgoVehicle↦0.0),(Vehicles2↦0.0),(Vehicles3↦0.0),(Vehicles4↦0.0),(Vehicles5↦0.0)}",
        "VehiclesX": "{(EgoVehicle↦200.0),(Vehicles2↦21.94630354642868),(Vehicles3↦39.670297503471375),(Vehicles4↦43.87924373149872),(Vehicles5↦93.21019649505615)}"
      },
      "probabilisticVariables": null,
      "activating": [
        "SLOWER_51"
      ],
      "activatingOnlyWhenExecuted": true,
      "updating": null,
      "withPredicate": null
    },
    {
      "id": "SLOWER_51",
      "execute": "SLOWER",
      "after": "1000",
      "priority": 0,
      "additionalGuards": null,
      "activationKind": null,
      "fixedVariables": {
        "Crash": "FALSE",
        "VehiclesAy": "{(EgoVehicle↦0.0),(Vehicles2↦0.0),(Vehicles3↦0.0),(Vehicles4↦0.0),(Vehicles5↦0.0)}",
        "Reward": "0.7333333333333334",
        "VehiclesAx": "{(EgoVehicle↦0.0),(Vehicles2↦0.017412453889846802),(Vehicles3↦0.004704473540186882),(Vehicles4↦0.01102052628993988),(Vehicles5↦0.010316073894500732)}",
        "VehiclesVx": "{(EgoVehicle↦20.0),(Vehicles2↦1.1734658479690552),(Vehicles3↦-0.08227461017668247),(Vehicles4↦0.7645031809806824),(Vehicles5↦1.4855748414993286)}",
        "VehiclesY": "{(EgoVehicle↦8.000000238418579),(Vehicles2↦-8.000000238418579),(Vehicles3↦2.6645352591003757E-15),(Vehicles4↦-4.0000001192092896),(Vehicles5↦-8.000000238418579)}",
        "VehiclesVy": "{(EgoVehicle↦0.0),(Vehicles2↦0.0),(Vehicles3↦0.0),(Vehicles4↦0.0),(Vehicles5↦0.0)}",
        "VehiclesX": "{(EgoVehicle↦200.0),(Vehicles2↦23.109371960163116),(Vehicles3↦39.5851731300354),(Vehicles4↦44.637128710746765),(Vehicles5↦94.68961358070374)}"
      },
      "probabilisticVariables": null,
      "activating": [
        "SLOWER_52"
      ],
      "activatingOnlyWhenExecuted": true,
      "updating": null,
      "withPredicate": null
    },
    {
      "id": "SLOWER_52",
      "execute": "SLOWER",
      "after": "1000",
      "priority": 0,
      "additionalGuards": null,
      "activationKind": null,
      "fixedVariables": {
        "Crash": "FALSE",
        "VehiclesAy": "{(EgoVehicle↦0.0),(Vehicles2↦0.0),(Vehicles3↦0.0),(Vehicles4↦0.0),(Vehicles5↦0.0)}",
        "Reward": "0.7333333333333334",
        "VehiclesAx": "{(EgoVehicle↦0.0),(Vehicles2↦0.016812533140182495),(Vehicles3↦0.005028536543250084),(Vehicles4↦0.011083930730819702),(Vehicles5↦0.00996708869934082)}",
        "VehiclesVx": "{(EgoVehicle↦20.0),(Vehicles2↦1.1902783811092377),(Vehicles3↦-0.07724607363343239),(Vehicles4↦0.7755871117115021),(Vehicles5↦1.4955419301986694)}",
        "VehiclesY": "{(EgoVehicle↦8.000000238418579),(Vehicles2↦-8.000000238418579),(Vehicles3↦2.6645352591003757E-15),(Vehicles4↦-4.0000001192092896),(Vehicles5↦-8.000000238418579)}",
        "VehiclesVy": "{(EgoVehicle↦0.0),(Vehicles2↦0.0),(Vehicles3↦0.0),(Vehicles4↦0.0),(Vehicles5↦0.0)}",
        "VehiclesX": "{(EgoVehicle↦200.0),(Vehicles2↦24.289609491825104),(Vehicles3↦39.50488567352295),(Vehicles4↦45.40606141090393),(Vehicles5↦96.17919921875)}"
      },
      "probabilisticVariables": null,
      "activating": [
        "SLOWER_53"
      ],
      "activatingOnlyWhenExecuted": true,
      "updating": null,
      "withPredicate": null
    },
    {
      "id": "SLOWER_53",
      "execute": "SLOWER",
      "after": "1000",
      "priority": 0,
      "additionalGuards": null,
      "activationKind": null,
      "fixedVariables": {
        "Crash": "FALSE",
        "VehiclesAy": "{(EgoVehicle↦0.0),(Vehicles2↦0.0),(Vehicles3↦0.0),(Vehicles4↦0.0),(Vehicles5↦0.0)}",
        "Reward": "0.7333333333333334",
        "VehiclesAx": "{(EgoVehicle↦0.0),(Vehicles2↦0.016243979334831238),(Vehicles3↦0.005333218723535538),(Vehicles4↦0.01112230122089386),(Vehicles5↦0.009637624025344849)}",
        "VehiclesVx": "{(EgoVehicle↦20.0),(Vehicles2↦1.206522360444069),(Vehicles3↦-0.07191285490989685),(Vehicles4↦0.7867094129323959),(Vehicles5↦1.5051795542240143)}",
        "VehiclesY": "{(EgoVehicle↦8.000000238418579),(Vehicles2↦-8.000000238418579),(Vehicles3↦2.6645352591003757E-15),(Vehicles4↦-4.0000001192092896),(Vehicles5↦-8.000000238418579)}",
        "VehiclesVy": "{(EgoVehicle↦0.0),(Vehicles2↦0.0),(Vehicles3↦0.0),(Vehicles4↦0.0),(Vehicles5↦0.0)}",
        "VehiclesX": "{(EgoVehicle↦200.0),(Vehicles2↦25.486430525779724),(Vehicles3↦39.42975103855133),(Vehicles4↦46.18609547615051),(Vehicles5↦97.67862558364868)}"
      },
      "probabilisticVariables": null,
      "activating": [
        "SLOWER_54"
      ],
      "activatingOnlyWhenExecuted": true,
      "updating": null,
      "withPredicate": null
    },
    {
      "id": "SLOWER_54",
      "execute": "SLOWER",
      "after": "1000",
      "priority": 0,
      "additionalGuards": null,
      "activationKind": null,
      "fixedVariables": {
        "Crash": "FALSE",
        "VehiclesAy": "{(EgoVehicle↦0.0),(Vehicles2↦0.0),(Vehicles3↦0.0),(Vehicles4↦0.0),(Vehicles5↦0.0)}",
        "Reward": "0.7333333333333334",
        "VehiclesAx": "{(EgoVehicle↦0.0),(Vehicles2↦0.015704557299613953),(Vehicles3↦0.005618794821202755),(Vehicles4↦0.011138245463371277),(Vehicles5↦0.009326338768005371)}",
        "VehiclesVx": "{(EgoVehicle↦20.0),(Vehicles2↦1.2222269177436829),(Vehicles3↦-0.0662940600886941),(Vehicles4↦0.7978476583957672),(Vehicles5↦1.5145058929920197)}",
        "VehiclesY": "{(EgoVehicle↦8.000000238418579),(Vehicles2↦-8.000000238418579),(Vehicles3↦2.6645352591003757E-15),(Vehicles4↦-4.0000001192092896),(Vehicles5↦-8.000000238418579)}",
        "VehiclesVy": "{(EgoVehicle↦0.0),(Vehicles2↦0.0),(Vehicles3↦0.0),(Vehicles4↦0.0),(Vehicles5↦0.0)}",
        "VehiclesX": "{(EgoVehicle↦200.0),(Vehicles2↦26.69927477836609),(Vehicles3↦39.360061287879944),(Vehicles4↦46.97725772857666),(Vehicles5↦99.18755888938904)}"
      },
      "probabilisticVariables": null,
      "activating": [
        "SLOWER_55"
      ],
      "activatingOnlyWhenExecuted": true,
      "updating": null,
      "withPredicate": null
    },
    {
      "id": "SLOWER_55",
      "execute": "SLOWER",
      "after": "1000",
      "priority": 0,
      "additionalGuards": null,
      "activationKind": null,
      "fixedVariables": {
        "Crash": "FALSE",
        "VehiclesAy": "{(EgoVehicle↦0.0),(Vehicles2↦0.0),(Vehicles3↦0.0),(Vehicles4↦0.0),(Vehicles5↦0.0)}",
        "Reward": "0.7333333333333334",
        "VehiclesAx": "{(EgoVehicle↦0.0),(Vehicles2↦0.015192478895187378),(Vehicles3↦0.005885609425604343),(Vehicles4↦0.011134445667266846),(Vehicles5↦0.009031742811203003)}",
        "VehiclesVx": "{(EgoVehicle↦20.0),(Vehicles2↦1.2374193966388702),(Vehicles3↦-0.06040845066308975),(Vehicles4↦0.8089821040630341),(Vehicles5↦1.5235376358032227)}",
        "VehiclesY": "{(EgoVehicle↦8.000000238418579),(Vehicles2↦-8.000000238418579),(Vehicles3↦2.6645352591003757E-15),(Vehicles4↦-4.0000001192092896),(Vehicles5↦-8.000000238418579)}",
        "VehiclesVy": "{(EgoVehicle↦0.0),(Vehicles2↦0.0),(Vehicles3↦0.0),(Vehicles4↦0.0),(Vehicles5↦0.0)}",
        "VehiclesX": "{(EgoVehicle↦200.0),(Vehicles2↦27.927619218826294),(Vehicles3↦39.29610252380371),(Vehicles4↦47.77956008911133),(Vehicles5↦100.70569515228271)}"
      },
      "probabilisticVariables": null,
      "activating": [
        "SLOWER_56"
      ],
      "activatingOnlyWhenExecuted": true,
      "updating": null,
      "withPredicate": null
    },
    {
      "id": "SLOWER_56",
      "execute": "SLOWER",
      "after": "1000",
      "priority": 0,
      "additionalGuards": null,
      "activationKind": null,
      "fixedVariables": {
        "Crash": "FALSE",
        "VehiclesAy": "{(EgoVehicle↦0.0),(Vehicles2↦0.0),(Vehicles3↦0.0),(Vehicles4↦0.0),(Vehicles5↦0.0)}",
        "Reward": "0.7333333333333334",
        "VehiclesAx": "{(EgoVehicle↦0.0),(Vehicles2↦0.014705806970596313),(Vehicles3↦0.006134104914963245),(Vehicles4↦0.011112838983535767),(Vehicles5↦0.008753091096878052)}",
        "VehiclesVx": "{(EgoVehicle↦20.0),(Vehicles2↦1.2521252036094666),(Vehicles3↦-0.05427434574812651),(Vehicles4↦0.8200949430465698),(Vehicles5↦1.5322907269001007)}",
        "VehiclesY": "{(EgoVehicle↦8.000000238418579),(Vehicles2↦-8.000000238418579),(Vehicles3↦2.6645352591003757E-15),(Vehicles4↦-4.0000001192092896),(Vehicles5↦-8.000000238418579)}",
        "VehiclesVy": "{(EgoVehicle↦0.0),(Vehicles2↦0.0),(Vehicles3↦0.0),(Vehicles4↦0.0),(Vehicles5↦0.0)}",
        "VehiclesX": "{(EgoVehicle↦200.0),(Vehicles2↦29.170960187911987),(Vehicles3↦39.23812806606293),(Vehicles4↦48.59299063682556),(Vehicles5↦102.23275423049927)}"
      },
      "probabilisticVariables": null,
      "activating": [
        "SLOWER_57"
      ],
      "activatingOnlyWhenExecuted": true,
      "updating": null,
      "withPredicate": null
    },
    {
      "id": "SLOWER_57",
      "execute": "SLOWER",
      "after": "1000",
      "priority": 0,
      "additionalGuards": null,
      "activationKind": null,
      "fixedVariables": {
        "Crash": "FALSE",
        "VehiclesAy": "{(EgoVehicle↦0.0),(Vehicles2↦0.0),(Vehicles3↦0.0),(Vehicles4↦0.0),(Vehicles5↦0.0)}",
        "Reward": "0.7333333333333334",
        "VehiclesAx": "{(EgoVehicle↦0.0),(Vehicles2↦0.014242976903915405),(Vehicles3↦0.006364742293953896),(Vehicles4↦0.011075735092163086),(Vehicles5↦0.008488893508911133)}",
        "VehiclesVx": "{(EgoVehicle↦20.0),(Vehicles2↦1.266368180513382),(Vehicles3↦-0.04790960345417261),(Vehicles4↦0.8311706781387329),(Vehicles5↦1.5407796204090118)}",
        "VehiclesY": "{(EgoVehicle↦8.000000238418579),(Vehicles2↦-8.000000238418579),(Vehicles3↦2.6645352591003757E-15),(Vehicles4↦-4.0000001192092896),(Vehicles5↦-8.000000238418579)}",
        "VehiclesVy": "{(EgoVehicle↦0.0),(Vehicles2↦0.0),(Vehicles3↦0.0),(Vehicles4↦0.0),(Vehicles5↦0.0)}",
        "VehiclesX": "{(EgoVehicle↦200.0),(Vehicles2↦30.428817868232727),(Vehicles3↦39.18638229370117),(Vehicles4↦49.41751956939697),(Vehicles5↦103.7684679031372)}"
      },
      "probabilisticVariables": null,
      "activating": [
        "SLOWER_58"
      ],
      "activatingOnlyWhenExecuted": true,
      "updating": null,
      "withPredicate": null
    },
    {
      "id": "SLOWER_58",
      "execute": "SLOWER",
      "after": "1000",
      "priority": 0,
      "additionalGuards": null,
      "activationKind": null,
      "fixedVariables": {
        "Crash": "FALSE",
        "VehiclesAy": "{(EgoVehicle↦0.0),(Vehicles2↦0.0),(Vehicles3↦0.0),(Vehicles4↦0.0),(Vehicles5↦0.0)}",
        "Reward": "0.7333333333333334",
        "VehiclesAx": "{(EgoVehicle↦0.0),(Vehicles2↦0.01380234956741333),(Vehicles3↦0.006578071042895317),(Vehicles4↦0.011024773120880127),(Vehicles5↦0.008238554000854492)}",
        "VehiclesVx": "{(EgoVehicle↦20.0),(Vehicles2↦1.2801705300807953),(Vehicles3↦-0.041331532411277294),(Vehicles4↦0.842195451259613),(Vehicles5↦1.5490181744098663)}",
        "VehiclesY": "{(EgoVehicle↦8.000000238418579),(Vehicles2↦-8.000000238418579),(Vehicles3↦2.6645352591003757E-15),(Vehicles4↦-4.0000001192092896),(Vehicles5↦-8.000000238418579)}",
        "VehiclesVy": "{(EgoVehicle↦0.0),(Vehicles2↦0.0),(Vehicles3↦0.0),(Vehicles4↦0.0),(Vehicles5↦0.0)}",
        "VehiclesX": "{(EgoVehicle↦200.0),(Vehicles2↦31.70074224472046),(Vehicles3↦39.141085743904114),(Vehicles4↦50.25310516357422),(Vehicles5↦105.31256198883057)}"
      },
      "probabilisticVariables": null,
      "activating": [
        "SLOWER_59"
      ],
      "activatingOnlyWhenExecuted": true,
      "updating": null,
      "withPredicate": null
    },
    {
      "id": "SLOWER_59",
      "execute": "SLOWER",
      "after": "1000",
      "priority": 0,
      "additionalGuards": null,
      "activationKind": null,
      "fixedVariables": {
        "Crash": "FALSE",
        "VehiclesAy": "{(EgoVehicle↦0.0),(Vehicles2↦0.0),(Vehicles3↦0.0),(Vehicles4↦0.0),(Vehicles5↦0.0)}",
        "Reward": "0.7333333333333334",
        "VehiclesAx": "{(EgoVehicle↦0.0),(Vehicles2↦0.01338273286819458),(Vehicles3↦0.006774645298719406),(Vehicles4↦0.010961741209030151),(Vehicles5↦0.008000731468200684)}",
        "VehiclesVx": "{(EgoVehicle↦20.0),(Vehicles2↦1.2935532629489899),(Vehicles3↦-0.03455688711255789),(Vehicles4↦0.8531571924686432),(Vehicles5↦1.557018905878067)}",
        "VehiclesY": "{(EgoVehicle↦8.000000238418579),(Vehicles2↦-8.000000238418579),(Vehicles3↦2.6645352591003757E-15),(Vehicles4↦-4.0000001192092896),(Vehicles5↦-8.000000238418579)}",
        "VehiclesVy": "{(EgoVehicle↦0.0),(Vehicles2↦0.0),(Vehicles3↦0.0),(Vehicles4↦0.0),(Vehicles5↦0.0)}",
        "VehiclesX": "{(EgoVehicle↦200.0),(Vehicles2↦32.98629820346832),(Vehicles3↦39.102450013160706),(Vehicles4↦51.099687814712524),(Vehicles5↦106.86479806900024)}"
      },
      "probabilisticVariables": null,
      "activating": [
        "SLOWER_60"
      ],
      "activatingOnlyWhenExecuted": true,
      "updating": null,
      "withPredicate": null
    },
    {
      "id": "SLOWER_60",
      "execute": "SLOWER",
      "after": "1000",
      "priority": 0,
      "additionalGuards": null,
      "activationKind": null,
      "fixedVariables": {
        "Crash": "FALSE",
        "VehiclesAy": "{(EgoVehicle↦0.0),(Vehicles2↦0.0),(Vehicles3↦0.0),(Vehicles4↦0.0),(Vehicles5↦0.0)}",
        "Reward": "0.7333333333333334",
        "VehiclesAx": "{(EgoVehicle↦0.0),(Vehicles2↦0.01298263669013977),(Vehicles3↦0.006955070421099663),(Vehicles4↦0.010888129472732544),(Vehicles5↦0.00777512788772583)}",
        "VehiclesVx": "{(EgoVehicle↦20.0),(Vehicles2↦1.3065358996391296),(Vehicles3↦-0.027601816691458225),(Vehicles4↦0.8640453219413757),(Vehicles5↦1.5647940337657928)}",
        "VehiclesY": "{(EgoVehicle↦8.000000238418579),(Vehicles2↦-8.000000238418579),(Vehicles3↦2.6645352591003757E-15),(Vehicles4↦-4.0000001192092896),(Vehicles5↦-8.000000238418579)}",
        "VehiclesVy": "{(EgoVehicle↦0.0),(Vehicles2↦0.0),(Vehicles3↦0.0),(Vehicles4↦0.0),(Vehicles5↦0.0)}",
        "VehiclesX": "{(EgoVehicle↦200.0),(Vehicles2↦34.28507447242737),(Vehicles3↦39.07066285610199),(Vehicles4↦51.957207918167114),(Vehicles5↦108.4249496459961)}"
      },
      "probabilisticVariables": null,
      "activating": [
        "SLOWER_61"
      ],
      "activatingOnlyWhenExecuted": true,
      "updating": null,
      "withPredicate": null
    },
    {
      "id": "SLOWER_61",
      "execute": "SLOWER",
      "after": "1000",
      "priority": 0,
      "additionalGuards": null,
      "activationKind": null,
      "fixedVariables": {
        "Crash": "FALSE",
        "VehiclesAy": "{(EgoVehicle↦0.0),(Vehicles2↦0.0),(Vehicles3↦0.0),(Vehicles4↦0.0),(Vehicles5↦0.0)}",
        "Reward": "0.7333333333333334",
        "VehiclesAx": "{(EgoVehicle↦0.0),(Vehicles2↦0.012601017951965332),(Vehicles3↦0.007119965739548206),(Vehicles4↦0.010805130004882812),(Vehicles5↦0.007560551166534424)}",
        "VehiclesVx": "{(EgoVehicle↦20.0),(Vehicles2↦1.319136917591095),(Vehicles3↦-0.02048185095191002),(Vehicles4↦0.8748504519462585),(Vehicles5↦1.5723545849323273)}",
        "VehiclesY": "{(EgoVehicle↦8.000000238418579),(Vehicles2↦-8.000000238418579),(Vehicles3↦2.6645352591003757E-15),(Vehicles4↦-4.0000001192092896),(Vehicles5↦-8.000000238418579)}",
        "VehiclesVy": "{(EgoVehicle↦0.0),(Vehicles2↦0.0),(Vehicles3↦0.0),(Vehicles4↦0.0),(Vehicles5↦0.0)}",
        "VehiclesX": "{(EgoVehicle↦200.0),(Vehicles2↦35.596680641174316),(Vehicles3↦39.045894145965576),(Vehicles4↦52.8255820274353),(Vehicles5↦109.99277830123901)}"
      },
      "probabilisticVariables": null,
      "activating": null,
      "activatingOnlyWhenExecuted": true,
      "updating": null,
      "withPredicate": null
    }
  ],
  "listeners": [],
  "metadata": {
    "fileType": "Timed_Trace",
    "formatVersion": 3,
    "savedAt": "2023-08-21T13:22:32.189982Z",
    "creator": "Simulation: HYPOTHESIS_TEST; SIGNIFICANCE : 0.05, PROBABILITY : 0.95, MAX_STEPS_BEFORE_PROPERTY : 0, EXECUTIONS : 1000, PREDICATE : Crash = FALSE, ENDING_TIME : 60000, HYPOTHESIS_CHECKING_TYPE : LEFT_TAILED, CHECKING_TYPE : PREDICATE_INVARIANT",
    "proB2KernelVersion": "4.12.2",
    "proBCliVersion": "1.12.2-final",
    "modelName": "HighwayEnvironment2"
  }
}