{
  "variables": {},
  "activations": [
    {
      "id": "$setup_constants",
      "execute": "$setup_constants",
      "after": "0",
      "priority": 0,
      "additionalGuards": null,
      "activationKind": null,
      "fixedVariables": null,
      "probabilisticVariables": null,
      "activating": null,
      "activatingOnlyWhenExecuted": true,
      "updating": null,
      "withPredicate": null
    },
    {
      "id": "$initialise_machine",
      "execute": "$initialise_machine",
      "after": "0",
      "priority": 0,
      "additionalGuards": null,
      "activationKind": null,
      "fixedVariables": {
        "Crash": "FALSE",
        "VehiclesAy": "{(EgoVehicle↦0.0),(Vehicles2↦0.0),(Vehicles3↦0.0),(Vehicles4↦0.0),(Vehicles5↦0.0)}",
        "Reward": "0.0",
        "VehiclesAx": "{(EgoVehicle↦0.0),(Vehicles2↦0.0),(Vehicles3↦0.0),(Vehicles4↦0.0),(Vehicles5↦0.0)}",
        "VehiclesVx": "{(EgoVehicle↦25.0),(Vehicles2↦-1.6114896535873413),(Vehicles3↦-2.7592837810516357),(Vehicles4↦-3.92307311296463),(Vehicles5↦-3.69106262922287)}",
        "VehiclesY": "{(EgoVehicle↦8.000000238418579),(Vehicles2↦-4.0000001192092896),(Vehicles3↦0.0),(Vehicles4↦0.0),(Vehicles5↦-8.000000238418579)}",
        "VehiclesVy": "{(EgoVehicle↦0.0),(Vehicles2↦0.0),(Vehicles3↦0.0),(Vehicles4↦0.0),(Vehicles5↦0.0)}",
        "VehiclesX": "{(EgoVehicle↦154.8212170600891),(Vehicles2↦24.59361106157303),(Vehicles3↦46.6059684753418),(Vehicles4↦69.95530724525452),(Vehicles5↦94.51594948768616)}"
      },
      "probabilisticVariables": null,
      "activating": [
        "IDLE_2"
      ],
      "activatingOnlyWhenExecuted": true,
      "updating": null,
      "withPredicate": null
    },
    {
      "id": "IDLE_2",
      "execute": "IDLE",
      "after": "1000",
      "priority": 0,
      "additionalGuards": null,
      "activationKind": null,
      "fixedVariables": {
        "Crash": "FALSE",
        "VehiclesAy": "{(EgoVehicle↦0.0),(Vehicles2↦0.0),(Vehicles3↦0.0),(Vehicles4↦0.0),(Vehicles5↦0.0)}",
        "Reward": "0.8666666666666667",
        "VehiclesAx": "{(EgoVehicle↦0.0),(Vehicles2↦-0.2582535147666931),(Vehicles3↦-5.263725519180298),(Vehicles4↦-1.3748958706855774),(Vehicles5↦-2.0012477040290833)}",
        "VehiclesVx": "{(EgoVehicle↦25.0),(Vehicles2↦-1.8697431683540344),(Vehicles3↦-8.023009300231934),(Vehicles4↦-5.2979689836502075),(Vehicles5↦-5.692310333251953)}",
        "VehiclesY": "{(EgoVehicle↦8.000000238418579),(Vehicles2↦-4.0000001192092896),(Vehicles3↦0.0),(Vehicles4↦0.0),(Vehicles5↦-8.000000238418579)}",
        "VehiclesVy": "{(EgoVehicle↦0.0),(Vehicles2↦0.0),(Vehicles3↦0.0),(Vehicles4↦0.0),(Vehicles5↦0.0)}",
        "VehiclesX": "{(EgoVehicle↦179.8212170600891),(Vehicles2↦22.923272848129272),(Vehicles3↦41.489872336387634),(Vehicles4↦65.45261740684509),(Vehicles5↦89.93459939956665)}"
      },
      "probabilisticVariables": null,
      "activating": [
        "SLOWER_3"
      ],
      "activatingOnlyWhenExecuted": true,
      "updating": null,
      "withPredicate": null
    },
    {
      "id": "SLOWER_3",
      "execute": "SLOWER",
      "after": "1000",
      "priority": 0,
      "additionalGuards": null,
      "activationKind": null,
      "fixedVariables": {
        "Crash": "FALSE",
        "VehiclesAy": "{(EgoVehicle↦0.0),(Vehicles2↦0.0),(Vehicles3↦0.0),(Vehicles4↦0.0),(Vehicles5↦0.0)}",
        "Reward": "0.750891632373114",
        "VehiclesAx": "{(EgoVehicle↦-4.341564178466797),(Vehicles2↦3.802170902490616),(Vehicles3↦2.880316972732544),(Vehicles4↦3.573104590177536),(Vehicles5↦4.490248933434486)}",
        "VehiclesVx": "{(EgoVehicle↦20.658435821533203),(Vehicles2↦1.9324277341365814),(Vehicles3↦-5.14269232749939),(Vehicles4↦-1.7248643934726715),(Vehicles5↦-1.2020613998174667)}",
        "VehiclesY": "{(EgoVehicle↦8.000000238418579),(Vehicles2↦-4.0000001192092896),(Vehicles3↦0.0),(Vehicles4↦0.0),(Vehicles5↦-8.000000238418579)}",
        "VehiclesVy": "{(EgoVehicle↦0.0),(Vehicles2↦0.0),(Vehicles3↦0.0),(Vehicles4↦0.0),(Vehicles5↦0.0)}",
        "VehiclesX": "{(EgoVehicle↦200.0),(Vehicles2↦23.19706231355667),(Vehicles3↦35.101938247680664),(Vehicles4↦62.20563054084778),(Vehicles5↦86.53534650802612)}"
      },
      "probabilisticVariables": null,
      "activating": [
        "SLOWER_4"
      ],
      "activatingOnlyWhenExecuted": true,
      "updating": null,
      "withPredicate": null
    },
    {
      "id": "SLOWER_4",
      "execute": "SLOWER",
      "after": "1000",
      "priority": 0,
      "additionalGuards": null,
      "activationKind": null,
      "fixedVariables": {
        "Crash": "FALSE",
        "VehiclesAy": "{(EgoVehicle↦0.0),(Vehicles2↦0.0),(Vehicles3↦0.0),(Vehicles4↦0.0),(Vehicles5↦0.0)}",
        "Reward": "0.735645537322111",
        "VehiclesAx": "{(EgoVehicle↦-0.5717277526855469),(Vehicles2↦0.20147904753684998),(Vehicles3↦0.3736323118209839),(Vehicles4↦0.15859603881835938),(Vehicles5↦1.141031007282436)}",
        "VehiclesVx": "{(EgoVehicle↦20.086708068847656),(Vehicles2↦2.1339067816734314),(Vehicles3↦-4.769060015678406),(Vehicles4↦-1.5662683546543121),(Vehicles5↦-0.06103039253503084)}",
        "VehiclesY": "{(EgoVehicle↦8.000000238418579),(Vehicles2↦-4.0000001192092896),(Vehicles3↦0.0),(Vehicles4↦0.0),(Vehicles5↦-8.000000238418579)}",
        "VehiclesVy": "{(EgoVehicle↦0.0),(Vehicles2↦0.0),(Vehicles3↦0.0),(Vehicles4↦0.0),(Vehicles5↦0.0)}",
        "VehiclesX": "{(EgoVehicle↦200.0),(Vehicles2↦25.28911530971527),(Vehicles3↦30.143946409225464),(Vehicles4↦60.60987114906311),(Vehicles5↦85.90294122695923)}"
      },
      "probabilisticVariables": null,
      "activating": [
        "LANE_LEFT_5"
      ],
      "activatingOnlyWhenExecuted": true,
      "updating": null,
      "withPredicate": null
    },
    {
      "id": "LANE_LEFT_5",
      "execute": "LANE_LEFT",
      "after": "1000",
      "priority": 0,
      "additionalGuards": null,
      "activationKind": null,
      "fixedVariables": {
        "Crash": "FALSE",
        "VehiclesAy": "{(EgoVehicle↦-1.1474258452653885),(Vehicles2↦1.1474258452653885),(Vehicles3↦1.1474258452653885),(Vehicles4↦1.1474258452653885),(Vehicles5↦1.1474258452653885)}",
        "Reward": "0.7000000000000001",
        "VehiclesAx": "{(EgoVehicle↦-0.10821223258972168),(Vehicles2↦-6.585690379142761),(Vehicles3↦6.72787681221962),(Vehicles4↦-0.09837046265602112),(Vehicles5↦0.4159244569018483)}",
        "VehiclesVx": "{(EgoVehicle↦19.978495836257935),(Vehicles2↦-4.45178359746933),(Vehicles3↦1.958816796541214),(Vehicles4↦-1.6646388173103333),(Vehicles5↦0.3548940643668175)}",
        "VehiclesY": "{(EgoVehicle↦4.396920561790466),(Vehicles2↦3.603079319000244),(Vehicles3↦-0.39692066609859467),(Vehicles4↦3.603079319000244),(Vehicles5↦-4.396920561790466)}",
        "VehiclesVy": "{(EgoVehicle↦-1.1474258452653885),(Vehicles2↦1.1474258452653885),(Vehicles3↦1.1474258452653885),(Vehicles4↦1.1474258452653885),(Vehicles5↦1.1474258452653885)}",
        "VehiclesX": "{(EgoVehicle↦200.0),(Vehicles2↦25.867092609405518),(Vehicles3↦27.730345726013184),(Vehicles4↦59.37509536743164),(Vehicles5↦86.40753030776978)}"
      },
      "probabilisticVariables": null,
      "activating": [
        "LANE_LEFT_6"
      ],
      "activatingOnlyWhenExecuted": true,
      "updating": null,
      "withPredicate": null
    },
    {
      "id": "LANE_LEFT_6",
      "execute": "LANE_LEFT",
      "after": "1000",
      "priority": 0,
      "additionalGuards": null,
      "activationKind": null,
      "fixedVariables": {
        "Crash": "FALSE",
        "VehiclesAy": "{(EgoVehicle↦-0.07003292441368103),(Vehicles2↦0.07003292441368103),(Vehicles3↦0.07003292441368103),(Vehicles4↦0.07003292441368103),(Vehicles5↦2.364884614944458)}",
        "Reward": "0.6666666666666666",
        "VehiclesAx": "{(EgoVehicle↦-0.014078617095947266),(Vehicles2↦0.3602588176727295),(Vehicles3↦-0.2044379711151123),(Vehicles4↦-0.06789207458496094),(Vehicles5↦0.17146922647953033)}",
        "VehiclesVx": "{(EgoVehicle↦19.964417219161987),(Vehicles2↦-4.0915247797966),(Vehicles3↦1.7543788254261017),(Vehicles4↦-1.7325308918952942),(Vehicles5↦0.5263632908463478)}",
        "VehiclesY": "{(EgoVehicle↦0.4209281802177429),(Vehicles2↦7.579071521759033),(Vehicles3↦3.5790717601776123),(Vehicles4↦7.579071521759033),(Vehicles5↦-0.4209281802177429)}",
        "VehiclesVy": "{(EgoVehicle↦-1.2174587696790695),(Vehicles2↦1.2174587696790695),(Vehicles3↦1.2174587696790695),(Vehicles4↦1.2174587696790695),(Vehicles5↦1.2174587696790695)}",
        "VehiclesX": "{(EgoVehicle↦200.0),(Vehicles2↦21.996289491653442),(Vehicles3↦30.04518151283264),(Vehicles4↦58.11774730682373),(Vehicles5↦87.28182911872864)}"
      },
      "probabilisticVariables": null,
      "activating": [
        "FASTER_7"
      ],
      "activatingOnlyWhenExecuted": true,
      "updating": null,
      "withPredicate": null
    },
    {
      "id": "FASTER_7",
      "execute": "FASTER",
      "after": "1000",
      "priority": 0,
      "additionalGuards": null,
      "activationKind": null,
      "fixedVariables": {
        "Crash": "FALSE",
        "VehiclesAy": "{(EgoVehicle↦1.1574565013870597),(Vehicles2↦-1.1574565013870597),(Vehicles3↦-1.1574565013870597),(Vehicles4↦-1.1574565013870597),(Vehicles5↦1.2774610379710793)}",
        "Reward": "0.7824450091721832",
        "VehiclesAx": "{(EgoVehicle↦4.377270936965942),(Vehicles2↦-4.004644453525543),(Vehicles3↦-4.551257938146591),(Vehicles4↦-4.383949935436249),(Vehicles5↦-4.301300086081028)}",
        "VehiclesVx": "{(EgoVehicle↦24.34168815612793),(Vehicles2↦-8.096169233322144),(Vehicles3↦-2.7968791127204895),(Vehicles4↦-6.116480827331543),(Vehicles5↦-3.77493679523468)}",
        "VehiclesY": "{(EgoVehicle↦0.018118348438292742),(Vehicles2↦7.981881380081177),(Vehicles3↦3.981881618499756),(Vehicles4↦7.981881380081177),(Vehicles5↦-0.018118348438292742)}",
        "VehiclesVy": "{(EgoVehicle↦-0.06000226829200983),(Vehicles2↦0.06000226829200983),(Vehicles3↦0.06000226829200983),(Vehicles4↦0.06000226829200983),(Vehicles5↦0.06000226829200983)}",
        "VehiclesX": "{(EgoVehicle↦200.0),(Vehicles2↦15.628758072853088),(Vehicles3↦29.301655292510986),(Vehicles4↦53.95252704620361),(Vehicles5↦85.4177713394165)}"
      },
      "probabilisticVariables": null,
      "activating": [
        "IDLE_8"
      ],
      "activatingOnlyWhenExecuted": true,
      "updating": null,
      "withPredicate": null
    },
    {
      "id": "IDLE_8",
      "execute": "IDLE",
      "after": "1000",
      "priority": 0,
      "additionalGuards": null,
      "activationKind": null,
      "fixedVariables": {
        "Crash": "FALSE",
        "VehiclesAy": "{(EgoVehicle↦0.058051596133736894),(Vehicles2↦-0.058051596133736894),(Vehicles3↦-0.058051596133736894),(Vehicles4↦-0.058051596133736894),(Vehicles5↦0.06195294045028277)}",
        "Reward": "0.7976884893207696",
        "VehiclesAx": "{(EgoVehicle↦0.5716300010681152),(Vehicles2↦-0.21969735622406006),(Vehicles3↦-0.7161974906921387),(Vehicles4↦-0.5336594581604004),(Vehicles5↦-0.5383041501045227)}",
        "VehiclesVx": "{(EgoVehicle↦24.913318157196045),(Vehicles2↦-8.315866589546204),(Vehicles3↦-3.513076603412628),(Vehicles4↦-6.650140285491943),(Vehicles5↦-4.313240945339203)}",
        "VehiclesY": "{(EgoVehicle↦0.000585652916925028),(Vehicles2↦7.999414443969727),(Vehicles3↦3.999414324760437),(Vehicles4↦7.999414443969727),(Vehicles5↦-0.000585652916925028)}",
        "VehiclesVy": "{(EgoVehicle↦-0.001950672158272937),(Vehicles2↦0.001950672158272937),(Vehicles3↦0.001950672158272937),(Vehicles4↦0.001950672158272937),(Vehicles5↦0.001950672158272937)}",
        "VehiclesX": "{(EgoVehicle↦200.0),(Vehicles2↦7.360640913248062),(Vehicles3↦26.12970471382141),(Vehicles4↦47.533199191093445),(Vehicles5↦81.34318590164185)}"
      },
      "probabilisticVariables": null,
      "activating": [
        "IDLE_9"
      ],
      "activatingOnlyWhenExecuted": true,
      "updating": null,
      "withPredicate": null
    },
    {
      "id": "IDLE_9",
      "execute": "IDLE",
      "after": "1000",
      "priority": 0,
      "additionalGuards": null,
      "activationKind": null,
      "fixedVariables": {
        "Crash": "FALSE",
        "VehiclesAy": "{(EgoVehicle↦0.0018894072172770393),(Vehicles2↦-0.0018894072172770393),(Vehicles3↦-0.0018894072172770393),(Vehicles4↦-0.0018894072172770393),(Vehicles5↦0.0020119370992688346)}",
        "Reward": "0.7996956037981261",
        "VehiclesAx": "{(EgoVehicle↦0.07526636123657227),(Vehicles2↦0.2384936809539795),(Vehicles3↦-0.20084679126739502),(Vehicles4↦-0.011988282203674316),(Vehicles5↦-0.06386905908584595)}",
        "VehiclesVx": "{(EgoVehicle↦24.988584518432617),(Vehicles2↦-8.077372908592224),(Vehicles3↦-3.713923394680023),(Vehicles4↦-6.662128567695618),(Vehicles5↦-4.377110004425049)}",
        "VehiclesY": "{(EgoVehicle↦1.8381321297056274E-05),(Vehicles2↦7.999981641769409),(Vehicles3↦3.9999815225601196),(Vehicles4↦7.999981641769409),(Vehicles5↦-1.8381321297056274E-05)}",
        "VehiclesVy": "{(EgoVehicle↦-6.126494099589763E-05),(Vehicles2↦6.126494099589763E-05),(Vehicles3↦6.126494099589763E-05),(Vehicles4↦6.126494099589763E-05),(Vehicles5↦6.126494099589763E-05)}",
        "VehiclesX": "{(EgoVehicle↦200.0),(Vehicles2↦-0.8679230697453022),(Vehicles3↦22.523675858974457),(Vehicles4↦40.865397453308105),(Vehicles5↦76.9942045211792)}"
      },
      "probabilisticVariables": null,
      "activating": [
        "SLOWER_10"
      ],
      "activatingOnlyWhenExecuted": true,
      "updating": null,
      "withPredicate": null
    },
    {
      "id": "SLOWER_10",
      "execute": "SLOWER",
      "after": "1000",
      "priority": 0,
      "additionalGuards": null,
      "activationKind": null,
      "fixedVariables": {
        "Crash": "FALSE",
        "VehiclesAy": "{(EgoVehicle↦5.877482863070327E-05),(Vehicles2↦-5.877482863070327E-05),(Vehicles3↦-5.877482863070327E-05),(Vehicles4↦-5.877482863070327E-05),(Vehicles5↦6.3755053361092E-05)}",
        "Reward": "0.6841848806101639",
        "VehiclesAx": "{(EgoVehicle↦-4.331650733947754),(Vehicles2↦4.6039921045303345),(Vehicles3↦4.218228571116924),(Vehicles4↦4.40801739692688),(Vehicles5↦4.3318776693195105)}",
        "VehiclesVx": "{(EgoVehicle↦20.656933784484863),(Vehicles2↦-3.4733808040618896),(Vehicles3↦0.5043051764369011),(Vehicles4↦-2.254111170768738),(Vehicles5↦-0.04523233510553837)}",
        "VehiclesY": "{(EgoVehicle↦8.607085817402549E-07),(Vehicles2↦7.9999988079071045),(Vehicles3↦3.9999990463256836),(Vehicles4↦7.9999988079071045),(Vehicles5↦-8.607085817402549E-07)}",
        "VehiclesVy": "{(EgoVehicle↦-2.4901123651943635E-06),(Vehicles2↦2.4901123651943635E-06),(Vehicles3↦2.4901123651943635E-06),(Vehicles4↦2.4901123651943635E-06),(Vehicles5↦2.4901123651943635E-06)}",
        "VehiclesX": "{(EgoVehicle↦200.0),(Vehicles2↦-6.4435213804244995),(Vehicles3↦21.153204143047333),(Vehicles4↦36.62272095680237),(Vehicles5↦75.00739693641663)}"
      },
      "probabilisticVariables": null,
      "activating": [
        "IDLE_11"
      ],
      "activatingOnlyWhenExecuted": true,
      "updating": null,
      "withPredicate": null
    },
    {
      "id": "IDLE_11",
      "execute": "IDLE",
      "after": "1000",
      "priority": 0,
      "additionalGuards": null,
      "activationKind": null,
      "fixedVariables": {
        "Crash": "FALSE",
        "VehiclesAy": "{(EgoVehicle↦2.33737191379646E-06),(Vehicles2↦-2.33737191379646E-06),(Vehicles3↦-2.33737191379646E-06),(Vehicles4↦-2.33737191379646E-06),(Vehicles5↦2.642852816592267E-06)}",
        "Reward": "0.668973591959638",
        "VehiclesAx": "{(EgoVehicle↦-0.5704236030578613),(Vehicles2↦0.8044350147247314),(Vehicles3↦0.46492744237184525),(Vehicles4↦0.6522481143474579),(Vehicles5↦0.5649774987250566)}",
        "VehiclesVx": "{(EgoVehicle↦20.086510181427002),(Vehicles2↦-2.668945789337158),(Vehicles3↦0.9692326188087463),(Vehicles4↦-1.60186305642128),(Vehicles5↦0.5197451636195183)}",
        "VehiclesY": "{(EgoVehicle↦5.2638331027310414E-08),(Vehicles2↦8.000000238418579),(Vehicles3↦4.0000001192092896),(Vehicles4↦8.000000238418579),(Vehicles5↦-5.2638331027310414E-08)}",
        "VehiclesVy": "{(EgoVehicle↦-1.527404513979036E-07),(Vehicles2↦1.527404513979036E-07),(Vehicles3↦1.527404513979036E-07),(Vehicles4↦1.527404513979036E-07),(Vehicles5↦1.527404513979036E-07)}",
        "VehiclesX": "{(EgoVehicle↦200.0),(Vehicles2↦-9.505751729011536),(Vehicles3↦21.92947566509247),(Vehicles4↦34.71580147743225),(Vehicles5↦75.27498006820679)}"
      },
      "probabilisticVariables": null,
      "activating": [
        "IDLE_12"
      ],
      "activatingOnlyWhenExecuted": true,
      "updating": null,
      "withPredicate": null
    },
    {
      "id": "IDLE_12",
      "execute": "IDLE",
      "after": "1000",
      "priority": 0,
      "additionalGuards": null,
      "activationKind": null,
      "fixedVariables": {
        "Crash": "FALSE",
        "VehiclesAy": "{(EgoVehicle↦1.432489504793466E-07),(Vehicles2↦-1.432489504793466E-07),(Vehicles3↦-1.432489504793466E-07),(Vehicles4↦-1.432489504793466E-07),(Vehicles5↦1.6224070975567884E-07)}",
        "Reward": "0.6669704592978398",
        "VehiclesAx": "{(EgoVehicle↦-0.0751185417175293),(Vehicles2↦3.613298013806343),(Vehicles3↦-2.4133336544036865),(Vehicles4↦2.1884024888277054),(Vehicles5↦-0.9999260306358337)}",
        "VehiclesVx": "{(EgoVehicle↦20.011391639709473),(Vehicles2↦0.9443522244691849),(Vehicles3↦-1.4441010355949402),(Vehicles4↦0.5865394324064255),(Vehicles5↦-0.48018086701631546)}",
        "VehiclesY": "{(EgoVehicle↦3.2683376005593345E-09),(Vehicles2↦4.0000001192092896),(Vehicles3↦8.000000238418579),(Vehicles4↦-3.268336268291705E-09),(Vehicles5↦8.000000238418579)}",
        "VehiclesVy": "{(EgoVehicle↦-9.491500918556994E-09),(Vehicles2↦9.491500918556994E-09),(Vehicles3↦9.491500918556994E-09),(Vehicles4↦9.491500918556994E-09),(Vehicles5↦9.500258357775238E-09)}",
        "VehiclesX": "{(EgoVehicle↦200.0),(Vehicles2↦22.899770736694336),(Vehicles3↦33.18850100040436),(Vehicles4↦75.832998752594),(Vehicles5↦91.41730666160583)}"
      },
      "probabilisticVariables": null,
      "activating": [
        "LANE_RIGHT_13"
      ],
      "activatingOnlyWhenExecuted": true,
      "updating": null,
      "withPredicate": null
    },
    {
      "id": "LANE_RIGHT_13",
      "execute": "LANE_RIGHT",
      "after": "1000",
      "priority": 0,
      "additionalGuards": null,
      "activationKind": null,
      "fixedVariables": {
        "Crash": "FALSE",
        "VehiclesAy": "{(EgoVehicle↦1.1460692530418015),(Vehicles2↦-1.1460692530418015),(Vehicles3↦-1.1460692530418015),(Vehicles4↦-1.1460692530418015),(Vehicles5↦-1.1460692340500422)}",
        "Reward": "0.7000000000000001",
        "VehiclesAx": "{(EgoVehicle↦-0.04275321960449219),(Vehicles2↦-0.052979886531829834),(Vehicles3↦0.12350842356681824),(Vehicles4↦0.03297623246908188),(Vehicles5↦0.1202176883816719)}",
        "VehiclesVx": "{(EgoVehicle↦19.96863842010498),(Vehicles2↦0.891372337937355),(Vehicles3↦-1.320592612028122),(Vehicles4↦0.6195156648755074),(Vehicles5↦-0.35996317863464355)}",
        "VehiclesY": "{(EgoVehicle↦3.6036179065704346),(Vehicles2↦0.39638207852840424),(Vehicles3↦4.396381974220276),(Vehicles4↦-3.6036179065704346),(Vehicles5↦4.396381974220276)}",
        "VehiclesVy": "{(EgoVehicle↦1.1460692435503006),(Vehicles2↦-1.1460692435503006),(Vehicles3↦-1.1460692435503006),(Vehicles4↦-1.1460692435503006),(Vehicles5↦-1.1460692435503006)}",
        "VehiclesX": "{(EgoVehicle↦200.0),(Vehicles2↦24.19738471508026),(Vehicles3↦32.16879367828369),(Vehicles4↦76.8075704574585),(Vehicles5↦91.3606584072113)}"
      },
      "probabilisticVariables": null,
      "activating": [
        "SLOWER_14"
      ],
      "activatingOnlyWhenExecuted": true,
      "updating": null,
      "withPredicate": null
    },
    {
      "id": "SLOWER_14",
      "execute": "SLOWER",
      "after": "1000",
      "priority": 0,
      "additionalGuards": null,
      "activationKind": null,
      "fixedVariables": {
        "Crash": "FALSE",
        "VehiclesAy": "{(EgoVehicle↦-1.074254079721868),(Vehicles2↦1.074254079721868),(Vehicles3↦1.074254079721868),(Vehicles4↦1.074254079721868),(Vehicles5↦-1.2178844073787332)}",
        "Reward": "0.7000018299733899",
        "VehiclesAx": "{(EgoVehicle↦0.031430721282958984),(Vehicles2↦-0.12337006628513336),(Vehicles3↦0.045956820249557495),(Vehicles4↦-0.04192318767309189),(Vehicles5↦0.03784019500017166)}",
        "VehiclesVx": "{(EgoVehicle↦20.00006914138794),(Vehicles2↦0.7680022716522217),(Vehicles3↦-1.2746357917785645),(Vehicles4↦0.5775924772024155),(Vehicles5↦-0.3221229836344719)}",
        "VehiclesY": "{(EgoVehicle↦3.975273370742798),(Vehicles2↦0.0247268071398139),(Vehicles3↦4.024726867675781),(Vehicles4↦-3.975273370742798),(Vehicles5↦4.024726867675781)}",
        "VehiclesVy": "{(EgoVehicle↦0.07181516382843256),(Vehicles2↦-0.07181516382843256),(Vehicles3↦-0.07181516382843256),(Vehicles4↦-0.07181516382843256),(Vehicles5↦-0.07181516382843256)}",
        "VehiclesX": "{(EgoVehicle↦200.0),(Vehicles2↦25.02482831478119),(Vehicles3↦30.852606892585754),(Vehicles4↦77.39607095718384),(Vehicles5↦91.00217819213867)}"
      },
      "probabilisticVariables": null,
      "activating": [
        "IDLE_15"
      ],
      "activatingOnlyWhenExecuted": true,
      "updating": null,
      "withPredicate": null
    },
    {
      "id": "IDLE_15",
      "execute": "IDLE",
      "after": "1000",
      "priority": 0,
      "additionalGuards": null,
      "activationKind": null,
      "fixedVariables": {
        "Crash": "FALSE",
        "VehiclesAy": "{(EgoVehicle↦-0.06734661990776658),(Vehicles2↦0.06734661990776658),(Vehicles3↦0.06734661990776658),(Vehicles4↦0.06734661990776658),(Vehicles5↦-0.07628370774909854)}",
        "Reward": "0.7000006804466453",
        "VehiclesAx": "{(EgoVehicle↦-4.291534423828125E-05),(Vehicles2↦-0.08811786770820618),(Vehicles3↦0.07335074245929718),(Vehicles4↦-0.010767877101898193),(Vehicles5↦0.06177244707942009)}",
        "VehiclesVx": "{(EgoVehicle↦20.0000262260437),(Vehicles2↦0.6798844039440155),(Vehicles3↦-1.2012850493192673),(Vehicles4↦0.5668246001005173),(Vehicles5↦-0.2603505365550518)}",
        "VehiclesY": "{(EgoVehicle↦3.998461604118347),(Vehicles2↦0.0015385206788778305),(Vehicles3↦4.001538634300232),(Vehicles4↦-3.998461604118347),(Vehicles5↦4.001538634300232)}",
        "VehiclesVy": "{(EgoVehicle↦0.004468543920665979),(Vehicles2↦-0.004468543920665979),(Vehicles3↦-0.004468543920665979),(Vehicles4↦-0.004468543920665979),(Vehicles5↦-0.004468543920665979)}",
        "VehiclesX": "{(EgoVehicle↦200.0),(Vehicles2↦25.757241249084473),(Vehicles3↦29.60762083530426),(Vehicles4↦77.96934247016907),(Vehicles5↦90.70530533790588)}"
      },
      "probabilisticVariables": null,
      "activating": [
        "IDLE_16"
      ],
      "activatingOnlyWhenExecuted": true,
      "updating": null,
      "withPredicate": null
    },
    {
      "id": "IDLE_16",
      "execute": "IDLE",
      "after": "1000",
      "priority": 0,
      "additionalGuards": null,
      "activationKind": null,
      "fixedVariables": {
        "Crash": "FALSE",
        "VehiclesAy": "{(EgoVehicle↦-0.004190511663182406),(Vehicles2↦0.004190511663182406),(Vehicles3↦0.004190511663182406),(Vehicles4↦0.004190511663182406),(Vehicles5↦-0.004746576178149553)}",
        "Reward": "0.7000000913076162",
        "VehiclesAx": "{(EgoVehicle↦-2.384185791015625E-05),(Vehicles2↦-0.08412271738052368),(Vehicles3↦0.06900489330291748),(Vehicles4↦-0.010874904692173004),(Vehicles5↦0.055010318756103516)}",
        "VehiclesVx": "{(EgoVehicle↦20.00000238418579),(Vehicles2↦0.5957616865634918),(Vehicles3↦-1.1322801560163498),(Vehicles4↦0.5559496954083443),(Vehicles5↦-0.2053402177989483)}",
        "VehiclesY": "{(EgoVehicle↦3.9999042749404907),(Vehicles2↦9.572652925271541E-05),(Vehicles3↦4.00009560585022),(Vehicles4↦-3.9999042749404907),(Vehicles5↦4.00009560585022)}",
        "VehiclesVy": "{(EgoVehicle↦0.00027803225748357363),(Vehicles2↦-0.00027803225748357363),(Vehicles3↦-0.00027803225748357363),(Vehicles4↦-0.00027803225748357363),(Vehicles5↦-0.00027803225748357363)}",
        "VehiclesX": "{(EgoVehicle↦200.0),(Vehicles2↦26.403146982192993),(Vehicles3↦28.43429148197174),(Vehicles4↦78.53181958198547),(Vehicles5↦90.46747088432312)}"
      },
      "probabilisticVariables": null,
      "activating": [
        "IDLE_17"
      ],
      "activatingOnlyWhenExecuted": true,
      "updating": null,
      "withPredicate": null
    },
    {
      "id": "IDLE_17",
      "execute": "IDLE",
      "after": "1000",
      "priority": 0,
      "additionalGuards": null,
      "activationKind": null,
      "fixedVariables": {
        "Crash": "FALSE",
        "VehiclesAy": "{(EgoVehicle↦-0.0002607331248327682),(Vehicles2↦0.0002607331248327682),(Vehicles3↦0.0002607331248327682),(Vehicles4↦0.0002607331248327682),(Vehicles5↦-0.00029533139013437903)}",
        "Reward": "0.7000000120306352",
        "VehiclesAx": "{(EgoVehicle↦-2.384185791015625E-06),(Vehicles2↦-0.07977649569511414),(Vehicles3↦0.06468616425991058),(Vehicles4↦-0.01083076000213623),(Vehicles5↦0.04906168207526207)}",
        "VehiclesVx": "{(EgoVehicle↦20.0),(Vehicles2↦0.5159851908683777),(Vehicles3↦-1.0675939917564392),(Vehicles4↦0.545118935406208),(Vehicles5↦-0.15627853572368622)}",
        "VehiclesY": "{(EgoVehicle↦3.9999940395355225),(Vehicles2↦5.95609253650764E-06),(Vehicles3↦4.000005841255188),(Vehicles4↦-3.9999940395355225),(Vehicles5↦4.000005841255188)}",
        "VehiclesVy": "{(EgoVehicle↦1.7299132650805404E-05),(Vehicles2↦-1.7299132650805404E-05),(Vehicles3↦-1.7299132650805404E-05),(Vehicles4↦-1.7299132650805404E-05),(Vehicles5↦-1.7299132650805404E-05)}",
        "VehiclesX": "{(EgoVehicle↦200.0),(Vehicles2↦26.966634392738342),(Vehicles3↦27.32822299003601),(Vehicles4↦79.08343076705933),(Vehicles5↦90.2821958065033)}"
      },
      "probabilisticVariables": null,
      "activating": [
        "IDLE_18"
      ],
      "activatingOnlyWhenExecuted": true,
      "updating": null,
      "withPredicate": null
    },
    {
      "id": "IDLE_18",
      "execute": "IDLE",
      "after": "1000",
      "priority": 0,
      "additionalGuards": null,
      "activationKind": null,
      "fixedVariables": {
        "Crash": "FALSE",
        "VehiclesAy": "{(EgoVehicle↦-1.622278276158795E-05),(Vehicles2↦1.6222782690533677E-05),(Vehicles3↦1.6222782690533677E-05),(Vehicles4↦1.6222782690533677E-05),(Vehicles5↦-1.8375482540022858E-05)}",
        "Reward": "0.7000000015843066",
        "VehiclesAx": "{(EgoVehicle↦0.0),(Vehicles2↦-1.523021012544632),(Vehicles3↦1.508537381887436),(Vehicles4↦-0.010662823915481567),(Vehicles5↦0.043888259679079056)}",
        "VehiclesVx": "{(EgoVehicle↦20.0),(Vehicles2↦-1.0070358216762543),(Vehicles3↦0.4409433901309967),(Vehicles4↦0.5344561114907265),(Vehicles5↦-0.11239027604460716)}",
        "VehiclesY": "{(EgoVehicle↦3.999999761581421),(Vehicles2↦4.000000476837158),(Vehicles3↦3.7058731550132507E-07),(Vehicles4↦-3.999999761581421),(Vehicles5↦4.000000476837158)}",
        "VehiclesVy": "{(EgoVehicle↦1.0763498892174539E-06),(Vehicles2↦-1.0763499602717275E-06),(Vehicles3↦-1.0763499602717275E-06),(Vehicles4↦-1.0763499602717275E-06),(Vehicles5↦-1.0763498892174539E-06)}",
        "VehiclesX": "{(EgoVehicle↦200.0),(Vehicles2↦26.2851744890213),(Vehicles3↦27.45220959186554),(Vehicles4↦79.62426543235779),(Vehicles5↦90.14385938644409)}"
      },
      "probabilisticVariables": null,
      "activating": [
        "IDLE_19"
      ],
      "activatingOnlyWhenExecuted": true,
      "updating": null,
      "withPredicate": null
    },
    {
      "id": "IDLE_19",
      "execute": "IDLE",
      "after": "1000",
      "priority": 0,
      "additionalGuards": null,
      "activationKind": null,
      "fixedVariables": {
        "Crash": "FALSE",
        "VehiclesAy": "{(EgoVehicle↦-1.0093795310694986E-06),(Vehicles2↦1.0093796021237722E-06),(Vehicles3↦1.0093796021237722E-06),(Vehicles4↦1.0093796021237722E-06),(Vehicles5↦-1.1433202473654092E-06)}",
        "Reward": "0.700000000208633",
        "VehiclesAx": "{(EgoVehicle↦0.0),(Vehicles2↦0.05668029189109802),(Vehicles3↦-0.06996680051088333),(Vehicles4↦-0.010408386588096619),(Vehicles5↦0.03939625807106495)}",
        "VehiclesVx": "{(EgoVehicle↦20.0),(Vehicles2↦-0.9503555297851562),(Vehicles3↦0.3709765896201134),(Vehicles4↦0.5240477249026299),(Vehicles5↦-0.07299401797354221)}",
        "VehiclesY": "{(EgoVehicle↦4.0000001192092896),(Vehicles2↦4.0000001192092896),(Vehicles3↦2.3057899589673525E-08),(Vehicles4↦-4.0000001192092896),(Vehicles5↦4.0000001192092896)}",
        "VehiclesVy": "{(EgoVehicle↦6.697035814795527E-08),(Vehicles2↦-6.697035814795527E-08),(Vehicles3↦-6.697035814795527E-08),(Vehicles4↦-6.697035814795527E-08),(Vehicles5↦-6.697035814795527E-08)}",
        "VehiclesX": "{(EgoVehicle↦200.0),(Vehicles2↦25.30111074447632),(Vehicles3↦27.864748239517212),(Vehicles4↦80.15453219413757),(Vehicles5↦90.04756212234497)}"
      },
      "probabilisticVariables": null,
      "activating": [
        "IDLE_20"
      ],
      "activatingOnlyWhenExecuted": true,
      "updating": null,
      "withPredicate": null
    },
    {
      "id": "IDLE_20",
      "execute": "IDLE",
      "after": "1000",
      "priority": 0,
      "additionalGuards": null,
      "activationKind": null,
      "fixedVariables": {
        "Crash": "FALSE",
        "VehiclesAy": "{(EgoVehicle↦-6.280346909193213E-08),(Vehicles2↦6.280346909193213E-08),(Vehicles3↦6.280346909193213E-08),(Vehicles4↦6.280346909193213E-08),(Vehicles5↦-7.113723832219421E-08)}",
        "Reward": "0.7000000000274743",
        "VehiclesAx": "{(EgoVehicle↦0.0),(Vehicles2↦0.05307972431182861),(Vehicles3↦-0.06462078541517258),(Vehicles4↦-0.010083913803100586),(Vehicles5↦0.03549794666469097)}",
        "VehiclesVx": "{(EgoVehicle↦20.0),(Vehicles2↦-0.8972758054733276),(Vehicles3↦0.3063558042049408),(Vehicles4↦0.5139638110995293),(Vehicles5↦-0.03749607130885124)}",
        "VehiclesY": "{(EgoVehicle↦4.0000001192092896),(Vehicles2↦4.0000001192092896),(Vehicles3↦1.434660390486897E-09),(Vehicles4↦-4.0000001192092896),(Vehicles5↦4.0000001192092896)}",
        "VehiclesVy": "{(EgoVehicle↦4.1668890560231375E-09),(Vehicles2↦-4.1668890560231375E-09),(Vehicles3↦-4.1668890560231375E-09),(Vehicles4↦-4.1668890560231375E-09),(Vehicles5↦-4.1668801742389405E-09)}",
        "VehiclesX": "{(EgoVehicle↦200.0),(Vehicles2↦24.37226176261902),(Vehicles3↦28.209438920021057),(Vehicles4↦80.6745171546936),(Vehicles5↦89.98905420303345)}"
      },
      "probabilisticVariables": null,
      "activating": [
        "IDLE_21"
      ],
      "activatingOnlyWhenExecuted": true,
      "updating": null,
      "withPredicate": null
    },
    {
      "id": "IDLE_21",
      "execute": "IDLE",
      "after": "1000",
      "priority": 0,
      "additionalGuards": null,
      "activationKind": null,
      "fixedVariables": {
        "Crash": "FALSE",
        "VehiclesAy": "{(EgoVehicle↦-3.907629775312671E-09),(Vehicles2↦3.907629775312671E-09),(Vehicles3↦3.907629775312671E-09),(Vehicles4↦3.907629775312671E-09),(Vehicles5↦-4.426139454949407E-09)}",
        "Reward": "0.7000000000036181",
        "VehiclesAx": "{(EgoVehicle↦0.0),(Vehicles2↦0.049759745597839355),(Vehicles3↦-0.05908891558647156),(Vehicles4↦-0.009700432419776917),(Vehicles5↦0.032111157197505236)}",
        "VehiclesVx": "{(EgoVehicle↦20.0),(Vehicles2↦-0.8475160598754883),(Vehicles3↦0.24726688861846924),(Vehicles4↦0.5042633786797523),(Vehicles5↦-0.005384914111346006)}",
        "VehiclesY": "{(EgoVehicle↦4.0000001192092896),(Vehicles2↦4.0000001192092896),(Vehicles3↦8.926459571512169E-11),(Vehicles4↦-4.0000001192092896),(Vehicles5↦4.0000001192092896)}",
        "VehiclesVy": "{(EgoVehicle↦2.5925928071046656E-10),(Vehicles2↦-2.5925928071046656E-10),(Vehicles3↦-2.5925928071046656E-10),(Vehicles4↦-2.5925928071046656E-10),(Vehicles5↦-2.5925928071046656E-10)}",
        "VehiclesX": "{(EgoVehicle↦200.0),(Vehicles2↦23.4951451420784),(Vehicles3↦28.491711616516113),(Vehicles4↦81.18457198143005),(Vehicles5↦89.96465802192688)}"
      },
      "probabilisticVariables": null,
      "activating": [
        "IDLE_22"
      ],
      "activatingOnlyWhenExecuted": true,
      "updating": null,
      "withPredicate": null
    },
    {
      "id": "IDLE_22",
      "execute": "IDLE",
      "after": "1000",
      "priority": 0,
      "additionalGuards": null,
      "activationKind": null,
      "fixedVariables": {
        "Crash": "FALSE",
        "VehiclesAy": "{(EgoVehicle↦-2.431299606087123E-10),(Vehicles2↦2.431299606087123E-10),(Vehicles3↦2.431299606087123E-10),(Vehicles4↦2.431299606087123E-10),(Vehicles5↦-2.7538860081222083E-10)}",
        "Reward": "0.7000000000004764",
        "VehiclesAx": "{(EgoVehicle↦0.0),(Vehicles2↦0.04670970141887665),(Vehicles3↦-0.05346247926354408),(Vehicles4↦-0.009266920387744904),(Vehicles5↦0.029162184800952673)}",
        "VehiclesVx": "{(EgoVehicle↦20.0),(Vehicles2↦-0.8008063584566116),(Vehicles3↦0.19380440935492516),(Vehicles4↦0.49499645829200745),(Vehicles5↦0.023777270689606667)}",
        "VehiclesY": "{(EgoVehicle↦4.0000001192092896),(Vehicles2↦4.0000001192092896),(Vehicles3↦5.555556015224283E-12),(Vehicles4↦-4.0000001192092896),(Vehicles5↦4.0000001192092896)}",
        "VehiclesVy": "{(EgoVehicle↦1.6129320101754274E-11),(Vehicles2↦-1.6129320101754274E-11),(Vehicles3↦-1.6129320101754274E-11),(Vehicles4↦-1.6129320101754274E-11),(Vehicles5↦-1.6129320101754274E-11)}",
        "VehiclesX": "{(EgoVehicle↦200.0),(Vehicles2↦22.66654670238495),(Vehicles3↦28.717142343521118),(Vehicles4↦81.68509006500244),(Vehicles5↦89.9711549282074)}"
      },
      "probabilisticVariables": null,
      "activating": [
        "IDLE_23"
      ],
      "activatingOnlyWhenExecuted": true,
      "updating": null,
      "withPredicate": null
    },
    {
      "id": "IDLE_23",
      "execute": "IDLE",
      "after": "1000",
      "priority": 0,
      "additionalGuards": null,
      "activationKind": null,
      "fixedVariables": {
        "Crash": "FALSE",
        "VehiclesAy": "{(EgoVehicle↦-1.511679670329613E-11),(Vehicles2↦1.511679670329613E-11),(Vehicles3↦1.511679670329613E-11),(Vehicles4↦1.511679670329613E-11),(Vehicles5↦-1.7124079931818414E-11)}",
        "Reward": "0.7000000000000627",
        "VehiclesAx": "{(EgoVehicle↦0.0),(Vehicles2↦0.0439123809337616),(Vehicles3↦-0.04783145152032375),(Vehicles4↦-0.008791685104370117),(Vehicles5↦0.026586884632706642)}",
        "VehiclesVx": "{(EgoVehicle↦20.0),(Vehicles2↦-0.75689397752285),(Vehicles3↦0.1459729578346014),(Vehicles4↦0.48620477318763733),(Vehicles5↦0.05036415532231331)}",
        "VehiclesY": "{(EgoVehicle↦4.0000001192092896),(Vehicles2↦4.0000001192092896),(Vehicles3↦3.490541189421492E-13),(Vehicles4↦-4.0000001192092896),(Vehicles5↦4.0000001192092896)}",
        "VehiclesVy": "{(EgoVehicle↦1.0125233984581428E-12),(Vehicles2↦-1.0125233984581428E-12),(Vehicles3↦-1.0125233984581428E-12),(Vehicles4↦-1.0125233984581428E-12),(Vehicles5↦-9.947598300641403E-13)}",
        "VehiclesX": "{(EgoVehicle↦200.0),(Vehicles2↦21.883518993854523),(Vehicles3↦28.891366720199585),(Vehicles4↦82.17653036117554),(Vehicles5↦90.00576138496399)}"
      },
      "probabilisticVariables": null,
      "activating": [
        "IDLE_24"
      ],
      "activatingOnlyWhenExecuted": true,
      "updating": null,
      "withPredicate": null
    },
    {
      "id": "IDLE_24",
      "execute": "IDLE",
      "after": "1000",
      "priority": 0,
      "additionalGuards": null,
      "activationKind": null,
      "fixedVariables": {
        "Crash": "FALSE",
        "VehiclesAy": "{(EgoVehicle↦-9.592326932761353E-13),(Vehicles2↦9.592326932761353E-13),(Vehicles3↦9.592326932761353E-13),(Vehicles4↦9.592326932761353E-13),(Vehicles5↦-1.0480505352461478E-12)}",
        "Reward": "0.7000000000000082",
        "VehiclesAx": "{(EgoVehicle↦0.0),(Vehicles2↦0.04134751856327057),(Vehicles3↦-0.04227917641401291),(Vehicles4↦-0.008282139897346497),(Vehicles5↦0.02433049026876688)}",
        "VehiclesVx": "{(EgoVehicle↦20.0),(Vehicles2↦-0.7155464589595795),(Vehicles3↦0.1036937814205885),(Vehicles4↦0.47792263329029083),(Vehicles5↦0.07469464559108019)}",
        "VehiclesY": "{(EgoVehicle↦4.0000001192092896),(Vehicles2↦4.0000001192092896),(Vehicles3↦2.398081733190338E-14),(Vehicles4↦-4.0000001192092896),(Vehicles5↦4.0000001192092896)}",
        "VehiclesVy": "{(EgoVehicle↦5.3290705182007514E-14),(Vehicles2↦-5.3290705182007514E-14),(Vehicles3↦-5.3290705182007514E-14),(Vehicles4↦-5.3290705182007514E-14),(Vehicles5↦-5.3290705182007514E-14)}",
        "VehiclesX": "{(EgoVehicle↦200.0),(Vehicles2↦21.143360435962677),(Vehicles3↦29.0199875831604),(Vehicles4↦82.6593816280365),(Vehicles5↦90.06602764129639)}"
      },
      "probabilisticVariables": null,
      "activating": [
        "IDLE_25"
      ],
      "activatingOnlyWhenExecuted": true,
      "updating": null,
      "withPredicate": null
    },
    {
      "id": "IDLE_25",
      "execute": "IDLE",
      "after": "1000",
      "priority": 0,
      "additionalGuards": null,
      "activationKind": null,
      "fixedVariables": {
        "Crash": "FALSE",
        "VehiclesAy": "{(EgoVehicle↦-5.3290705182007514E-14),(Vehicles2↦5.3290705182007514E-14),(Vehicles3↦5.3290705182007514E-14),(Vehicles4↦5.3290705182007514E-14),(Vehicles5↦-5.3290705182007514E-14)}",
        "Reward": "0.7000000000000011",
        "VehiclesAx": "{(EgoVehicle↦0.0),(Vehicles2↦0.038994625210762024),(Vehicles3↦-0.03687905613332987),(Vehicles4↦-0.007745139300823212),(Vehicles5↦0.022346670739352703)}",
        "VehiclesVx": "{(EgoVehicle↦20.0),(Vehicles2↦-0.6765518337488174),(Vehicles3↦0.06681472528725863),(Vehicles4↦0.4701774939894676),(Vehicles5↦0.09704131633043289)}",
        "VehiclesY": "{(EgoVehicle↦4.0000001192092896),(Vehicles2↦4.0000001192092896),(Vehicles3↦2.6645352591003757E-15),(Vehicles4↦-4.0000001192092896),(Vehicles5↦4.0000001192092896)}",
        "VehiclesVy": "{(EgoVehicle↦0.0),(Vehicles2↦0.0),(Vehicles3↦0.0),(Vehicles4↦0.0),(Vehicles5↦0.0)}",
        "VehiclesX": "{(EgoVehicle↦200.0),(Vehicles2↦20.443592965602875),(Vehicles3↦29.108506441116333),(Vehicles4↦83.13416242599487),(Vehicles5↦90.14980792999268)}"
      },
      "probabilisticVariables": null,
      "activating": [
        "IDLE_26"
      ],
      "activatingOnlyWhenExecuted": true,
      "updating": null,
      "withPredicate": null
    },
    {
      "id": "IDLE_26",
      "execute": "IDLE",
      "after": "1000",
      "priority": 0,
      "additionalGuards": null,
      "activationKind": null,
      "fixedVariables": {
        "Crash": "FALSE",
        "VehiclesAy": "{(EgoVehicle↦0.0),(Vehicles2↦0.0),(Vehicles3↦0.0),(Vehicles4↦0.0),(Vehicles5↦0.0)}",
        "Reward": "0.7000000000000001",
        "VehiclesAx": "{(EgoVehicle↦0.0),(Vehicles2↦0.036833882331848145),(Vehicles3↦-0.031692523043602705),(Vehicles4↦-0.0071871280670166016),(Vehicles5↦-0.4857151210308075)}",
        "VehiclesVx": "{(EgoVehicle↦20.0),(Vehicles2↦-0.6397179514169693),(Vehicles3↦0.03512220224365592),(Vehicles4↦0.462990365922451),(Vehicles5↦-0.3886738047003746)}",
        "VehiclesY": "{(EgoVehicle↦4.0000001192092896),(Vehicles2↦4.0000001192092896),(Vehicles3↦2.6645352591003757E-15),(Vehicles4↦-4.0000001192092896),(Vehicles5↦0.0)}",
        "VehiclesVy": "{(EgoVehicle↦0.0),(Vehicles2↦0.0),(Vehicles3↦0.0),(Vehicles4↦0.0),(Vehicles5↦0.0)}",
        "VehiclesX": "{(EgoVehicle↦200.0),(Vehicles2↦19.781939685344696),(Vehicles3↦29.16223704814911),(Vehicles4↦83.60142111778259),(Vehicles5↦90.24780988693237)}"
      },
      "probabilisticVariables": null,
      "activating": [
        "IDLE_27"
      ],
      "activatingOnlyWhenExecuted": true,
      "updating": null,
      "withPredicate": null
    },
    {
      "id": "IDLE_27",
      "execute": "IDLE",
      "after": "1000",
      "priority": 0,
      "additionalGuards": null,
      "activationKind": null,
      "fixedVariables": {
        "Crash": "FALSE",
        "VehiclesAy": "{(EgoVehicle↦0.0),(Vehicles2↦0.0),(Vehicles3↦0.0),(Vehicles4↦0.0),(Vehicles5↦0.0)}",
        "Reward": "0.7000000000000001",
        "VehiclesAx": "{(EgoVehicle↦0.0),(Vehicles2↦0.03484681248664856),(Vehicles3↦-0.02676835109014064),(Vehicles4↦-0.006613731384277344),(Vehicles5↦0.039185136556625366)}",
        "VehiclesVx": "{(EgoVehicle↦20.0),(Vehicles2↦-0.6048711389303207),(Vehicles3↦0.00835385115351528),(Vehicles4↦0.4563766345381737),(Vehicles5↦-0.34948866814374924)}",
        "VehiclesY": "{(EgoVehicle↦4.0000001192092896),(Vehicles2↦4.0000001192092896),(Vehicles3↦2.6645352591003757E-15),(Vehicles4↦-4.0000001192092896),(Vehicles5↦0.0)}",
        "VehiclesVy": "{(EgoVehicle↦0.0),(Vehicles2↦0.0),(Vehicles3↦0.0),(Vehicles4↦0.0),(Vehicles5↦0.0)}",
        "VehiclesX": "{(EgoVehicle↦200.0),(Vehicles2↦19.156312942504883),(Vehicles3↦29.186269640922546),(Vehicles4↦84.06171798706055),(Vehicles5↦89.87497091293335)}"
      },
      "probabilisticVariables": null,
      "activating": [
        "IDLE_28"
      ],
      "activatingOnlyWhenExecuted": true,
      "updating": null,
      "withPredicate": null
    },
    {
      "id": "IDLE_28",
      "execute": "IDLE",
      "after": "1000",
      "priority": 0,
      "additionalGuards": null,
      "activationKind": null,
      "fixedVariables": {
        "Crash": "FALSE",
        "VehiclesAy": "{(EgoVehicle↦0.0),(Vehicles2↦0.0),(Vehicles3↦0.0),(Vehicles4↦0.0),(Vehicles5↦0.0)}",
        "Reward": "0.7000000000000001",
        "VehiclesAx": "{(EgoVehicle↦0.0),(Vehicles2↦0.03301665186882019),(Vehicles3↦-0.022142709349282086),(Vehicles4↦-0.006030090153217316),(Vehicles5↦0.0372261181473732)}",
        "VehiclesVx": "{(EgoVehicle↦20.0),(Vehicles2↦-0.5718544870615005),(Vehicles3↦-0.013788858195766807),(Vehicles4↦0.45034654438495636),(Vehicles5↦-0.31226254999637604)}",
        "VehiclesY": "{(EgoVehicle↦4.0000001192092896),(Vehicles2↦4.0000001192092896),(Vehicles3↦2.6645352591003757E-15),(Vehicles4↦-4.0000001192092896),(Vehicles5↦0.0)}",
        "VehiclesVy": "{(EgoVehicle↦0.0),(Vehicles2↦0.0),(Vehicles3↦0.0),(Vehicles4↦0.0),(Vehicles5↦0.0)}",
        "VehiclesX": "{(EgoVehicle↦200.0),(Vehicles2↦18.56478899717331),(Vehicles3↦29.18541133403778),(Vehicles4↦84.51563715934753),(Vehicles5↦89.54052329063416)}"
      },
      "probabilisticVariables": null,
      "activating": [
        "LANE_LEFT_29"
      ],
      "activatingOnlyWhenExecuted": true,
      "updating": null,
      "withPredicate": null
    },
    {
      "id": "LANE_LEFT_29",
      "execute": "LANE_LEFT",
      "after": "1000",
      "priority": 0,
      "additionalGuards": null,
      "activationKind": null,
      "fixedVariables": {
        "Crash": "FALSE",
        "VehiclesAy": "{(EgoVehicle↦-1.1458635330200195),(Vehicles2↦1.1458635330200195),(Vehicles3↦1.1458635330200195),(Vehicles4↦1.1458635330200195),(Vehicles5↦1.1458635330200195)}",
        "Reward": "0.6666666666666666",
        "VehiclesAx": "{(EgoVehicle↦-0.0328516960144043),(Vehicles2↦0.06418034434318542),(Vehicles3↦0.015012144285719842),(Vehicles4↦0.027411319315433502),(Vehicles5↦0.06827874109148979)}",
        "VehiclesVx": "{(EgoVehicle↦19.967148303985596),(Vehicles2↦-0.5076741427183151),(Vehicles3↦0.0012232860899530351),(Vehicles4↦0.47775786370038986),(Vehicles5↦-0.24398380890488625)}",
        "VehiclesY": "{(EgoVehicle↦0.39630044996738434),(Vehicles2↦7.603699207305908),(Vehicles3↦3.6036994457244873),(Vehicles4↦-0.39630044996738434),(Vehicles5↦3.6036994457244873)}",
        "VehiclesVy": "{(EgoVehicle↦-1.1458635330200195),(Vehicles2↦1.1458635330200195),(Vehicles3↦1.1458635330200195),(Vehicles4↦1.1458635330200195),(Vehicles5↦1.1458635330200195)}",
        "VehiclesX": "{(EgoVehicle↦200.0),(Vehicles2↦18.392188847064972),(Vehicles3↦29.55074906349182),(Vehicles4↦85.35035252571106),(Vehicles5↦89.62916135787964)}"
      },
      "probabilisticVariables": null,
      "activating": [
        "FASTER_30"
      ],
      "activatingOnlyWhenExecuted": true,
      "updating": null,
      "withPredicate": null
    },
    {
      "id": "FASTER_30",
      "execute": "FASTER",
      "after": "1000",
      "priority": 0,
      "additionalGuards": null,
      "activationKind": null,
      "fixedVariables": {
        "Crash": "FALSE",
        "VehiclesAy": "{(EgoVehicle↦1.0893553588539362),(Vehicles2↦-1.0893553588539362),(Vehicles3↦-1.0893553588539362),(Vehicles4↦-1.0893553588539362),(Vehicles5↦1.2023717071861029)}",
        "Reward": "0.782439951865256",
        "VehiclesAx": "{(EgoVehicle↦4.374349117279053),(Vehicles2↦-4.344582334160805),(Vehicles3↦-4.388223787245806),(Vehicles4↦-4.379199855029583),(Vehicles5↦-4.340581353753805)}",
        "VehiclesVx": "{(EgoVehicle↦24.34149742126465),(Vehicles2↦-4.85225647687912),(Vehicles3↦-4.387000501155853),(Vehicles4↦-3.901441991329193),(Vehicles5↦-4.584565162658691)}",
        "VehiclesY": "{(EgoVehicle↦0.017063469160348177),(Vehicles2↦7.982936382293701),(Vehicles3↦3.9829366207122803),(Vehicles4↦-0.017063469160348177),(Vehicles5↦3.9829366207122803)}",
        "VehiclesVy": "{(EgoVehicle↦-0.056508174166083336),(Vehicles2↦0.056508174166083336),(Vehicles3↦0.056508174166083336),(Vehicles4↦0.056508174166083336),(Vehicles5↦0.056508174166083336)}",
        "VehiclesX": "{(EgoVehicle↦200.0),(Vehicles2↦15.473945438861847),(Vehicles3↦27.123522758483887),(Vehicles4↦83.40352773666382),(Vehicles5↦86.97621822357178)}"
      },
      "probabilisticVariables": null,
      "activating": [
        "IDLE_31"
      ],
      "activatingOnlyWhenExecuted": true,
      "updating": null,
      "withPredicate": null
    },
    {
      "id": "IDLE_31",
      "execute": "IDLE",
      "after": "1000",
      "priority": 0,
      "additionalGuards": null,
      "activationKind": null,
      "fixedVariables": {
        "Crash": "FALSE",
        "VehiclesAy": "{(EgoVehicle↦0.05467102804686874),(Vehicles2↦-0.05467102804686874),(Vehicles3↦-0.05467102804686874),(Vehicles4↦-0.05467102804686874),(Vehicles5↦0.05834532028529793)}",
        "Reward": "0.7976877942049011",
        "VehiclesAx": "{(EgoVehicle↦0.5717945098876953),(Vehicles2↦-0.5434700846672058),(Vehicles3↦-0.5820426344871521),(Vehicles4↦-0.5760544538497925),(Vehicles5↦-0.5395567417144775)}",
        "VehiclesVx": "{(EgoVehicle↦24.913291931152344),(Vehicles2↦-5.395726561546326),(Vehicles3↦-4.969043135643005),(Vehicles4↦-4.477496445178986),(Vehicles5↦-5.124121904373169)}",
        "VehiclesY": "{(EgoVehicle↦0.0005515695665962994),(Vehicles2↦7.999448776245117),(Vehicles3↦3.999448299407959),(Vehicles4↦-0.0005515695665962994),(Vehicles5↦3.999448299407959)}",
        "VehiclesVy": "{(EgoVehicle↦-0.0018371461192145944),(Vehicles2↦0.0018371461192145944),(Vehicles3↦0.0018371461192145944),(Vehicles4↦0.0018371461192145944),(Vehicles5↦0.0018371461192145944)}",
        "VehiclesX": "{(EgoVehicle↦200.0),(Vehicles2↦10.317675024271011),(Vehicles3↦22.41668999195099),(Vehicles4↦79.18487787246704),(Vehicles5↦82.08920955657959)}"
      },
      "probabilisticVariables": null,
      "activating": [
        "IDLE_32"
      ],
      "activatingOnlyWhenExecuted": true,
      "updating": null,
      "withPredicate": null
    },
    {
      "id": "IDLE_32",
      "execute": "IDLE",
      "after": "1000",
      "priority": 0,
      "additionalGuards": null,
      "activationKind": null,
      "fixedVariables": {
        "Crash": "FALSE",
        "VehiclesAy": "{(EgoVehicle↦0.0017794464520193287),(Vehicles2↦-0.0017794464520193287),(Vehicles3↦-0.0017794464520193287),(Vehicles4↦-0.0017794464520193287),(Vehicles5↦0.00189484578640986)}",
        "Reward": "0.799695512230154",
        "VehiclesAx": "{(EgoVehicle↦0.07529020309448242),(Vehicles2↦-0.04830479621887207),(Vehicles3↦-0.08224964141845703),(Vehicles4↦-0.07896572351455688),(Vehicles5↦-0.044471025466918945)}",
        "VehiclesVx": "{(EgoVehicle↦24.988582134246826),(Vehicles2↦-5.444031357765198),(Vehicles3↦-5.051292777061462),(Vehicles4↦-4.5564621686935425),(Vehicles5↦-5.168592929840088)}",
        "VehiclesY": "{(EgoVehicle↦1.731163683871273E-05),(Vehicles2↦7.9999823570251465),(Vehicles3↦3.9999825954437256),(Vehicles4↦-1.731163683871273E-05),(Vehicles5↦3.9999825954437256)}",
        "VehiclesVy": "{(EgoVehicle↦-5.769966719526565E-05),(Vehicles2↦5.769966719526565E-05),(Vehicles3↦5.769966719526565E-05),(Vehicles4↦5.769966719526565E-05),(Vehicles5↦5.769966719526565E-05)}",
        "VehiclesX": "{(EgoVehicle↦200.0),(Vehicles2↦4.891311749815941),(Vehicles3↦17.403079569339752),(Vehicles4↦74.66433048248291),(Vehicles5↦76.93598866462708)}"
      },
      "probabilisticVariables": null,
      "activating": [
        "IDLE_33"
      ],
      "activatingOnlyWhenExecuted": true,
      "updating": null,
      "withPredicate": null
    },
    {
      "id": "IDLE_33",
      "execute": "IDLE",
      "after": "1000",
      "priority": 0,
      "additionalGuards": null,
      "activationKind": null,
      "fixedVariables": {
        "Crash": "FALSE",
        "VehiclesAy": "{(EgoVehicle↦5.589536613115342E-05),(Vehicles2↦-5.589536613115342E-05),(Vehicles3↦-5.589536613115342E-05),(Vehicles4↦-5.589536613115342E-05),(Vehicles5↦5.950396825937787E-05)}",
        "Reward": "0.7999599028453553",
        "VehiclesAx": "{(EgoVehicle↦0.009913444519042969),(Vehicles2↦0.015826821327209473),(Vehicles3↦-0.013916492462158203),(Vehicles4↦-0.013013780117034912),(Vehicles5↦0.01958608627319336)}",
        "VehiclesVx": "{(EgoVehicle↦24.99849557876587),(Vehicles2↦-5.428204536437988),(Vehicles3↦-5.065209269523621),(Vehicles4↦-4.569475948810577),(Vehicles5↦-5.1490068435668945)}",
        "VehiclesY": "{(EgoVehicle↦5.412974388718794E-07),(Vehicles2↦7.999999523162842),(Vehicles3↦3.9999994039535522),(Vehicles4↦-5.412974388718794E-07),(Vehicles5↦3.9999994039535522)}",
        "VehiclesVy": "{(EgoVehicle↦-1.8043010641122237E-06),(Vehicles2↦1.8043010641122237E-06),(Vehicles3↦1.8043010641122237E-06),(Vehicles4↦1.8043010641122237E-06),(Vehicles5↦1.8043010641122237E-06)}",
        "VehiclesX": "{(EgoVehicle↦200.0),(Vehicles2↦-0.5477966740727425),(Vehicles3↦12.344492226839066),(Vehicles4↦70.10111212730408),(Vehicles5↦71.77382707595825)}"
      },
      "probabilisticVariables": null,
      "activating": [
        "IDLE_34"
      ],
      "activatingOnlyWhenExecuted": true,
      "updating": null,
      "withPredicate": null
    },
    {
      "id": "IDLE_34",
      "execute": "IDLE",
      "after": "1000",
      "priority": 0,
      "additionalGuards": null,
      "activationKind": null,
      "fixedVariables": {
        "Crash": "FALSE",
        "VehiclesAy": "{(EgoVehicle↦1.7479117708774083E-06),(Vehicles2↦-1.7479117708774083E-06),(Vehicles3↦-1.7479117708774083E-06),(Vehicles4↦-1.7479117708774083E-06),(Vehicles5↦1.860690357347039E-06)}",
        "Reward": "0.799994719716261",
        "VehiclesAx": "{(EgoVehicle↦0.0013065338134765625),(Vehicles2↦0.023279190063476562),(Vehicles3↦-0.0026619434356689453),(Vehicles4↦-0.0038382411003112793),(Vehicles5↦0.02696990966796875)}",
        "VehiclesVx": "{(EgoVehicle↦24.999802112579346),(Vehicles2↦-5.404925346374512),(Vehicles3↦-5.0678712129592896),(Vehicles4↦-4.573314189910889),(Vehicles5↦-5.122036933898926)}",
        "VehiclesY": "{(EgoVehicle↦1.6916817280332452E-08),(Vehicles2↦8.000000238418579),(Vehicles3↦4.0000001192092896),(Vehicles4↦-1.6916815948064823E-08),(Vehicles5↦4.0000001192092896)}",
        "VehiclesVy": "{(EgoVehicle↦-5.638929323481534E-08),(Vehicles2↦5.638929323481534E-08),(Vehicles3↦5.638929323481534E-08),(Vehicles4↦5.638929323481534E-08),(Vehicles5↦5.638929323481534E-08)}",
        "VehiclesX": "{(EgoVehicle↦200.0),(Vehicles2↦-5.9667982161045074),(Vehicles3↦7.2778210043907166),(Vehicles4↦65.52985906600952),(Vehicles5↦66.63550734519958)}"
      },
      "probabilisticVariables": null,
      "activating": [
        "IDLE_35"
      ],
      "activatingOnlyWhenExecuted": true,
      "updating": null,
      "withPredicate": null
    },
    {
      "id": "IDLE_35",
      "execute": "IDLE",
      "after": "1000",
      "priority": 0,
      "additionalGuards": null,
      "activationKind": null,
      "fixedVariables": {
        "Crash": "FALSE",
        "VehiclesAy": "{(EgoVehicle↦5.462710284120931E-08),(Vehicles2↦-5.4627111722993504E-08),(Vehicles3↦-5.4627111722993504E-08),(Vehicles4↦-5.4627111722993504E-08),(Vehicles5↦5.815147474663718E-08)}",
        "Reward": "0.7999993046539933",
        "VehiclesAx": "{(EgoVehicle↦0.000171661376953125),(Vehicles2↦0.33787429332733154),(Vehicles3↦0.4924073815345764),(Vehicles4↦-0.5217617750167847),(Vehicles5↦0.37206798791885376)}",
        "VehiclesVx": "{(EgoVehicle↦24.9999737739563),(Vehicles2↦-5.06705105304718),(Vehicles3↦-4.575463831424713),(Vehicles4↦-5.095075964927673),(Vehicles5↦-4.749968945980072)}",
        "VehiclesY": "{(EgoVehicle↦5.2865711808181E-10),(Vehicles2↦4.0000001192092896),(Vehicles3↦-5.286557858141805E-10),(Vehicles4↦4.0000001192092896),(Vehicles5↦8.000000238418579)}",
        "VehiclesVy": "{(EgoVehicle↦-1.7621903936060335E-09),(Vehicles2↦1.7621815118218365E-09),(Vehicles3↦1.7621815118218365E-09),(Vehicles4↦1.7621815118218365E-09),(Vehicles5↦1.7621815118218365E-09)}",
        "VehiclesX": "{(EgoVehicle↦200.0),(Vehicles2↦2.210075594484806),(Vehicles3↦60.95561385154724),(Vehicles4↦61.524319648742676),(Vehicles5↦65.34631252288818)}"
      },
      "probabilisticVariables": null,
      "activating": [
        "IDLE_36"
      ],
      "activatingOnlyWhenExecuted": true,
      "updating": null,
      "withPredicate": null
    },
    {
      "id": "IDLE_36",
      "execute": "IDLE",
      "after": "1000",
      "priority": 0,
      "additionalGuards": null,
      "activationKind": null,
      "fixedVariables": {
        "Crash": "FALSE",
        "VehiclesAy": "{(EgoVehicle↦1.7071233315846257E-09),(Vehicles2↦-1.7071144498004287E-09),(Vehicles3↦-1.7071144498004287E-09),(Vehicles4↦-1.7071144498004287E-09),(Vehicles5↦1.8172485738432442E-09)}",
        "Reward": "0.7999999084318015",
        "VehiclesAx": "{(EgoVehicle↦2.384185791015625E-05),(Vehicles2↦0.003039836883544922),(Vehicles3↦-0.0014594197273254395),(Vehicles4↦0.026041865348815918),(Vehicles5↦0.010716915130615234)}",
        "VehiclesVx": "{(EgoVehicle↦24.99999761581421),(Vehicles2↦-5.064011216163635),(Vehicles3↦-4.576923251152039),(Vehicles4↦-5.069034099578857),(Vehicles5↦-4.739252030849457)}",
        "VehiclesY": "{(EgoVehicle↦1.652011860642233E-11),(Vehicles2↦4.0000001192092896),(Vehicles3↦-1.652011860642233E-11),(Vehicles4↦4.0000001192092896),(Vehicles5↦8.000000238418579)}",
        "VehiclesVy": "{(EgoVehicle↦-5.5067062021407764E-11),(Vehicles2↦5.5067062021407764E-11),(Vehicles3↦5.5067062021407764E-11),(Vehicles4↦5.5067062021407764E-11),(Vehicles5↦5.5067062021407764E-11)}",
        "VehiclesX": "{(EgoVehicle↦200.0),(Vehicles2↦-2.8559179976582527),(Vehicles3↦56.379520893096924),(Vehicles4↦56.4397394657135),(Vehicles5↦60.60067415237427)}"
      },
      "probabilisticVariables": null,
      "activating": [
        "IDLE_37"
      ],
      "activatingOnlyWhenExecuted": true,
      "updating": null,
      "withPredicate": null
    },
    {
      "id": "IDLE_37",
      "execute": "IDLE",
      "after": "1000",
      "priority": 0,
      "additionalGuards": null,
      "activationKind": null,
      "fixedVariables": {
        "Crash": "FALSE",
        "VehiclesAy": "{(EgoVehicle↦5.334399588718952E-11),(Vehicles2↦-5.334399588718952E-11),(Vehicles3↦-5.334399588718952E-11),(Vehicles4↦-5.334399588718952E-11),(Vehicles5↦5.679012815562601E-11)}",
        "Reward": "0.7999999879416365",
        "VehiclesAx": "{(EgoVehicle↦2.384185791015625E-06),(Vehicles2↦0.004873871803283691),(Vehicles3↦-0.46704888343811035),(Vehicles4↦0.4911971092224121),(Vehicles5↦0.010201632976531982)}",
        "VehiclesVx": "{(EgoVehicle↦25.0),(Vehicles2↦-5.059137344360352),(Vehicles3↦-5.043972134590149),(Vehicles4↦-4.577836990356445),(Vehicles5↦-4.729050397872925)}",
        "VehiclesY": "{(EgoVehicle↦5.142553050063725E-13),(Vehicles2↦4.0000001192092896),(Vehicles3↦4.0000001192092896),(Vehicles4↦-5.155875726359227E-13),(Vehicles5↦8.000000238418579)}",
        "VehiclesVy": "{(EgoVehicle↦-1.723066134218243E-12),(Vehicles2↦1.723066134218243E-12),(Vehicles3↦1.723066134218243E-12),(Vehicles4↦1.723066134218243E-12),(Vehicles5↦1.723066134218243E-12)}",
        "VehiclesX": "{(EgoVehicle↦200.0),(Vehicles2↦-7.918115705251694),(Vehicles3↦51.38080716133118),(Vehicles4↦51.80218815803528),(Vehicles5↦55.865538120269775)}"
      },
      "probabilisticVariables": null,
      "activating": [
        "IDLE_38"
      ],
      "activatingOnlyWhenExecuted": true,
      "updating": null,
      "withPredicate": null
    },
    {
      "id": "IDLE_38",
      "execute": "IDLE",
      "after": "1000",
      "priority": 0,
      "additionalGuards": null,
      "activationKind": null,
      "fixedVariables": {
        "Crash": "FALSE",
        "VehiclesAy": "{(EgoVehicle↦1.6697754290362354E-12),(Vehicles2↦-1.6697754290362354E-12),(Vehicles3↦-1.6697754290362354E-12),(Vehicles4↦-1.6697754290362354E-12),(Vehicles5↦1.7763568394002505E-12)}",
        "Reward": "0.7999999984120674",
        "VehiclesAx": "{(EgoVehicle↦0.0),(Vehicles2↦0.03929257392883301),(Vehicles3↦0.4657331109046936),(Vehicles4↦-0.14149606227874756),(Vehicles5↦0.11395782232284546)}",
        "VehiclesVx": "{(EgoVehicle↦25.0),(Vehicles2↦-5.0198447704315186),(Vehicles3↦-4.578239023685455),(Vehicles4↦-4.719333052635193),(Vehicles5↦-4.615092575550079)}",
        "VehiclesY": "{(EgoVehicle↦1.5987211554602254E-14),(Vehicles2↦4.0000001192092896),(Vehicles3↦-1.5987211554602254E-14),(Vehicles4↦8.000000238418579),(Vehicles5↦8.000000238418579)}",
        "VehiclesVy": "{(EgoVehicle↦-5.3290705182007514E-14),(Vehicles2↦5.3290705182007514E-14),(Vehicles3↦5.3290705182007514E-14),(Vehicles4↦5.3290705182007514E-14),(Vehicles5↦5.3290705182007514E-14)}",
        "VehiclesX": "{(EgoVehicle↦200.0),(Vehicles2↦46.34655714035034),(Vehicles3↦47.22415208816528),(Vehicles4↦51.14041566848755),(Vehicles5↦112.8936767578125)}"
      },
      "probabilisticVariables": null,
      "activating": [
        "LANE_RIGHT_39"
      ],
      "activatingOnlyWhenExecuted": true,
      "updating": null,
      "withPredicate": null
    },
    {
      "id": "LANE_RIGHT_39",
      "execute": "LANE_RIGHT",
      "after": "1000",
      "priority": 0,
      "additionalGuards": null,
      "activationKind": null,
      "fixedVariables": {
        "Crash": "FALSE",
        "VehiclesAy": "{(EgoVehicle↦1.0796338319778975),(Vehicles2↦-1.0796338319778975),(Vehicles3↦-1.0796338319778975),(Vehicles4↦-1.0796338319778975),(Vehicles5↦-1.079633831977791)}",
        "Reward": "0.8327113848005935",
        "VehiclesAx": "{(EgoVehicle↦-0.023322105407714844),(Vehicles2↦0.046552419662475586),(Vehicles3↦0.023413002490997314),(Vehicles4↦0.032553672790527344),(Vehicles5↦0.024566948413848877)}",
        "VehiclesVx": "{(EgoVehicle↦24.976677894592285),(Vehicles2↦-4.973292350769043),(Vehicles3↦-4.554826021194458),(Vehicles4↦-4.6867793798446655),(Vehicles5↦-4.5905256271362305)}",
        "VehiclesY": "{(EgoVehicle↦3.6599650382995605),(Vehicles2↦0.3400348797440529),(Vehicles3↦-3.6599650382995605),(Vehicles4↦4.34003484249115),(Vehicles5↦4.34003484249115)}",
        "VehiclesVy": "{(EgoVehicle↦1.0796338319778442),(Vehicles2↦-1.0796338319778442),(Vehicles3↦-1.0796338319778442),(Vehicles4↦-1.0796338319778442),(Vehicles5↦-1.0796338319778442)}",
        "VehiclesX": "{(EgoVehicle↦200.0),(Vehicles2↦41.655829548835754),(Vehicles3↦42.965662479400635),(Vehicles4↦46.74457609653473),(Vehicles5↦108.5999608039856)}"
      },
      "probabilisticVariables": null,
      "activating": [
        "LANE_RIGHT_40"
      ],
      "activatingOnlyWhenExecuted": true,
      "updating": null,
      "withPredicate": null
    },
    {
      "id": "LANE_RIGHT_40",
      "execute": "LANE_RIGHT",
      "after": "1000",
      "priority": 0,
      "additionalGuards": null,
      "activationKind": null,
      "fixedVariables": {
        "Crash": "FALSE",
        "VehiclesAy": "{(EgoVehicle↦0.037668049335479736),(Vehicles2↦-0.037668049335479736),(Vehicles3↦-0.037668049335479736),(Vehicles4↦-0.037668049335479736),(Vehicles5↦-2.196935713291168)}",
        "Reward": "0.8660005399465686",
        "VehiclesAx": "{(EgoVehicle↦-0.0016570091247558594),(Vehicles2↦0.02433180809020996),(Vehicles3↦0.0022020936012268066),(Vehicles4↦0.009039342403411865),(Vehicles5↦-0.011025071144104004)}",
        "VehiclesVx": "{(EgoVehicle↦24.97502088546753),(Vehicles2↦-4.948960542678833),(Vehicles3↦-4.552623927593231),(Vehicles4↦-4.677740037441254),(Vehicles5↦-4.6015506982803345)}",
        "VehiclesY": "{(EgoVehicle↦7.648639440536499),(Vehicles2↦-3.6486393213272095),(Vehicles3↦-7.648639440536499),(Vehicles4↦0.35136057436466217),(Vehicles5↦0.35136057436466217)}",
        "VehiclesVy": "{(EgoVehicle↦1.117301881313324),(Vehicles2↦-1.117301881313324),(Vehicles3↦-1.117301881313324),(Vehicles4↦-1.117301881313324),(Vehicles5↦-1.117301881313324)}",
        "VehiclesX": "{(EgoVehicle↦200.0),(Vehicles2↦37.04735040664673),(Vehicles3↦38.76678943634033),(Vehicles4↦42.416733503341675),(Vehicles5↦104.36065196990967)}"
      },
      "probabilisticVariables": null,
      "activating": [
        "IDLE_41"
      ],
      "activatingOnlyWhenExecuted": true,
      "updating": null,
      "withPredicate": null
    },
    {
      "id": "IDLE_41",
      "execute": "IDLE",
      "after": "1000",
      "priority": 0,
      "additionalGuards": null,
      "activationKind": null,
      "fixedVariables": {
        "Crash": "FALSE",
        "VehiclesAy": "{(EgoVehicle↦-1.078004245646298),(Vehicles2↦1.078004245646298),(Vehicles3↦1.078004245646298),(Vehicles4↦1.078004245646298),(Vehicles5↦-1.15659951698035)}",
        "Reward": "0.8666658430336059",
        "VehiclesAx": "{(EgoVehicle↦0.0249481201171875),(Vehicles2↦-0.0042250752449035645),(Vehicles3↦-0.023516714572906494),(Vehicles4↦-0.020248591899871826),(Vehicles5↦-0.039328932762145996)}",
        "VehiclesVx": "{(EgoVehicle↦24.999969005584717),(Vehicles2↦-4.953185617923737),(Vehicles3↦-4.576140642166138),(Vehicles4↦-4.6979886293411255),(Vehicles5↦-4.6408796310424805)}",
        "VehiclesY": "{(EgoVehicle↦7.988144159317017),(Vehicles2↦-3.9881443977355957),(Vehicles3↦-7.988144159317017),(Vehicles4↦0.011855648830533028),(Vehicles5↦0.011855648830533028)}",
        "VehiclesVy": "{(EgoVehicle↦0.03929763566702604),(Vehicles2↦-0.03929763566702604),(Vehicles3↦-0.03929763566702604),(Vehicles4↦-0.03929763566702604),(Vehicles5↦-0.03929763566702604)}",
        "VehiclesX": "{(EgoVehicle↦200.0),(Vehicles2↦32.08603858947754),(Vehicles3↦34.193480014801025),(Vehicles4↦37.720051407814026),(Vehicles5↦99.73219037055969)}"
      },
      "probabilisticVariables": null,
      "activating": [
        "SLOWER_42"
      ],
      "activatingOnlyWhenExecuted": true,
      "updating": null,
      "withPredicate": null
    },
    {
      "id": "SLOWER_42",
      "execute": "SLOWER",
      "after": "1000",
      "priority": 0,
      "additionalGuards": null,
      "activationKind": null,
      "fixedVariables": {
        "Crash": "FALSE",
        "VehiclesAy": "{(EgoVehicle↦-0.03768095397390425),(Vehicles2↦0.03768095397390425),(Vehicles3↦0.03768095397390425),(Vehicles4↦0.03768095397390425),(Vehicles5↦-0.040914317360147834)}",
        "Reward": "0.7508916306857323",
        "VehiclesAx": "{(EgoVehicle↦-4.341533184051514),(Vehicles2↦4.357159771025181),(Vehicles3↦4.348679203540087),(Vehicles4↦4.344285279512405),(Vehicles5↦4.330112114548683)}",
        "VehiclesVx": "{(EgoVehicle↦20.658435821533203),(Vehicles2↦-0.5960258468985558),(Vehicles3↦-0.22746143862605095),(Vehicles4↦-0.3537033498287201),(Vehicles5↦-0.3107675164937973)}",
        "VehiclesY": "{(EgoVehicle↦7.999440908432007),(Vehicles2↦-3.999441146850586),(Vehicles3↦-7.999440908432007),(Vehicles4↦0.0005589070060523227),(Vehicles5↦0.0005589070060523227)}",
        "VehiclesVy": "{(EgoVehicle↦0.0016166816931217909),(Vehicles2↦-0.0016166816931217909),(Vehicles3↦-0.0016166816931217909),(Vehicles4↦-0.0016166816931217909),(Vehicles5↦-0.0016166816931217909)}",
        "VehiclesX": "{(EgoVehicle↦200.0),(Vehicles2↦29.534530639648438),(Vehicles3↦32.01465308666229),(Vehicles4↦35.4183167219162),(Vehicles5↦97.48148322105408)}"
      },
      "probabilisticVariables": null,
      "activating": [
        "SLOWER_43"
      ],
      "activatingOnlyWhenExecuted": true,
      "updating": null,
      "withPredicate": null
    },
    {
      "id": "SLOWER_43",
      "execute": "SLOWER",
      "after": "1000",
      "priority": 0,
      "additionalGuards": null,
      "activationKind": null,
      "fixedVariables": {
        "Crash": "FALSE",
        "VehiclesAy": "{(EgoVehicle↦-0.0015174917280091904),(Vehicles2↦0.0015174917280091904),(Vehicles3↦0.0015174917280091904),(Vehicles4↦0.0015174917280091904),(Vehicles5↦-0.0017158716582343914)}",
        "Reward": "0.7356455373155174",
        "VehiclesAx": "{(EgoVehicle↦-0.5717277526855469),(Vehicles2↦0.5834025831427425),(Vehicles3↦0.5857516638934612),(Vehicles4↦0.5733943730592728),(Vehicles5↦0.563900638371706)}",
        "VehiclesVx": "{(EgoVehicle↦20.086708068847656),(Vehicles2↦-0.012623263755813241),(Vehicles3↦0.3582902252674103),(Vehicles4↦0.21969102323055267),(Vehicles5↦0.2531331218779087)}",
        "VehiclesY": "{(EgoVehicle↦7.9999659061431885),(Vehicles2↦-3.999965786933899),(Vehicles3↦-7.9999659061431885),(Vehicles4↦3.4183567549916916E-05),(Vehicles5↦3.4183567549916916E-05)}",
        "VehiclesVy": "{(EgoVehicle↦9.918996511260048E-05),(Vehicles2↦-9.918996511260048E-05),(Vehicles3↦-9.918996511260048E-05),(Vehicles4↦-9.918996511260048E-05),(Vehicles5↦-9.918996511260048E-05)}",
        "VehiclesX": "{(EgoVehicle↦200.0),(Vehicles2↦29.258811473846436),(Vehicles3↦32.10770785808563),(Vehicles4↦35.380738973617554),(Vehicles5↦97.48271107673645)}"
      },
      "probabilisticVariables": null,
      "activating": [
        "SLOWER_44"
      ],
      "activatingOnlyWhenExecuted": true,
      "updating": null,
      "withPredicate": null
    },
    {
      "id": "SLOWER_44",
      "execute": "SLOWER",
      "after": "1000",
      "priority": 0,
      "additionalGuards": null,
      "activationKind": null,
      "fixedVariables": {
        "Crash": "FALSE",
        "VehiclesAy": "{(EgoVehicle↦-9.302616945205955E-05),(Vehicles2↦9.302616945205955E-05),(Vehicles3↦9.302616945205955E-05),(Vehicles4↦9.302616945205955E-05),(Vehicles5↦-0.0001053537607731414)}",
        "Reward": "0.7336378211013693",
        "VehiclesAx": "{(EgoVehicle↦-0.07529020309448242),(Vehicles2↦0.08482365519739687),(Vehicles3↦0.0942959263920784),(Vehicles4↦0.0764797069132328),(Vehicles5↦0.07047349587082863)}",
        "VehiclesVx": "{(EgoVehicle↦20.011417865753174),(Vehicles2↦0.07220039144158363),(Vehicles3↦0.4525861516594887),(Vehicles4↦0.2961707301437855),(Vehicles5↦0.32360661774873734)}",
        "VehiclesY": "{(EgoVehicle↦7.999998092651367),(Vehicles2↦-3.9999979734420776),(Vehicles3↦-7.999998092651367),(Vehicles4↦2.122464422882331E-06),(Vehicles5↦2.122464422882331E-06)}",
        "VehiclesVy": "{(EgoVehicle↦6.163795660540927E-06),(Vehicles2↦-6.163795660540927E-06),(Vehicles3↦-6.163795660540927E-06),(Vehicles4↦-6.163795660540927E-06),(Vehicles5↦-6.163795660540927E-06)}",
        "VehiclesX": "{(EgoVehicle↦200.0),(Vehicles2↦29.2916476726532),(Vehicles3↦32.51483142375946),(Vehicles4↦35.642459988594055),(Vehicles5↦97.77524471282959)}"
      },
      "probabilisticVariables": null,
      "activating": [
        "SLOWER_45"
      ],
      "activatingOnlyWhenExecuted": true,
      "updating": null,
      "withPredicate": null
    },
    {
      "id": "SLOWER_45",
      "execute": "SLOWER",
      "after": "1000",
      "priority": 0,
      "additionalGuards": null,
      "activationKind": null,
      "fixedVariables": {
        "Crash": "FALSE",
        "VehiclesAy": "{(EgoVehicle↦-5.7803483599627725E-06),(Vehicles2↦5.7803483599627725E-06),(Vehicles3↦5.7803483599627725E-06),(Vehicles4↦5.7803483599627725E-06),(Vehicles5↦-6.547242961119082E-06)}",
        "Reward": "0.733373430487975",
        "VehiclesAx": "{(EgoVehicle↦-0.009913444519042969),(Vehicles2↦0.018609575927257538),(Vehicles3↦0.031654760241508484),(Vehicles4↦0.010983571410179138),(Vehicles5↦0.007326826453208923)}",
        "VehiclesVx": "{(EgoVehicle↦20.00150442123413),(Vehicles2↦0.09080996736884117),(Vehicles3↦0.48424091190099716),(Vehicles4↦0.3071543015539646),(Vehicles5↦0.33093344420194626)}",
        "VehiclesY": "{(EgoVehicle↦7.999999523162842),(Vehicles2↦-3.999999761581421),(Vehicles3↦-7.999999523162842),(Vehicles4↦1.3202312842963693E-07),(Vehicles5↦1.3202312842963693E-07)}",
        "VehiclesVy": "{(EgoVehicle↦3.834473005781547E-07),(Vehicles2↦-3.834473005781547E-07),(Vehicles3↦-3.834473005781547E-07),(Vehicles4↦-3.834473005781547E-07),(Vehicles5↦-3.834473005781547E-07)}",
        "VehiclesX": "{(EgoVehicle↦200.0),(Vehicles2↦29.37282621860504),(Vehicles3↦32.98144340515137),(Vehicles4↦35.94452738761902),(Vehicles5↦98.10313582420349)}"
      },
      "probabilisticVariables": null,
      "activating": [
        "SLOWER_46"
      ],
      "activatingOnlyWhenExecuted": true,
      "updating": null,
      "withPredicate": null
    },
    {
      "id": "SLOWER_46",
      "execute": "SLOWER",
      "after": "1000",
      "priority": 0,
      "additionalGuards": null,
      "activationKind": null,
      "fixedVariables": {
        "Crash": "FALSE",
        "VehiclesAy": "{(EgoVehicle↦-3.5958978017447407E-07),(Vehicles2↦3.5958978017447407E-07),(Vehicles3↦3.5958978017447407E-07),(Vehicles4↦3.5958978017447407E-07),(Vehicles5↦-4.073048209818353E-07)}",
        "Reward": "0.7333386136170722",
        "VehiclesAx": "{(EgoVehicle↦-0.0013065338134765625),(Vehicles2↦0.009882654994726181),(Vehicles3↦0.024055130779743195),(Vehicles4↦0.0024284236133098602),(Vehicles5↦0.0002783536911010742)}",
        "VehiclesVx": "{(EgoVehicle↦20.000197887420654),(Vehicles2↦0.10069262236356735),(Vehicles3↦0.5082960426807404),(Vehicles4↦0.3095827251672745),(Vehicles5↦0.33121179789304733)}",
        "VehiclesY": "{(EgoVehicle↦8.000000238418579),(Vehicles2↦-4.0000001192092896),(Vehicles3↦-8.000000238418579),(Vehicles4↦8.21416534790842E-09),(Vehicles5↦8.21416534790842E-09)}",
        "VehiclesVy": "{(EgoVehicle↦2.385752040368061E-08),(Vehicles2↦-2.385752040368061E-08),(Vehicles3↦-2.385752040368061E-08),(Vehicles4↦-2.385752040368061E-08),(Vehicles5↦-2.385752040368061E-08)}",
        "VehiclesX": "{(EgoVehicle↦200.0),(Vehicles2↦29.467779397964478),(Vehicles3↦33.475473523139954),(Vehicles4↦36.25284433364868),(Vehicles5↦98.43427538871765)}"
      },
      "probabilisticVariables": null,
      "activating": [
        "SLOWER_47"
      ],
      "activatingOnlyWhenExecuted": true,
      "updating": null,
      "withPredicate": null
    },
    {
      "id": "SLOWER_47",
      "execute": "SLOWER",
      "after": "1000",
      "priority": 0,
      "additionalGuards": null,
      "activationKind": null,
      "fixedVariables": {
        "Crash": "FALSE",
        "VehiclesAy": "{(EgoVehicle↦-2.237310781083579E-08),(Vehicles2↦2.237310781083579E-08),(Vehicles3↦2.237310781083579E-08),(Vehicles4↦2.237310781083579E-08),(Vehicles5↦-2.534193299652543E-08)}",
        "Reward": "0.73333402867934",
        "VehiclesAx": "{(EgoVehicle↦-0.000171661376953125),(Vehicles2↦0.008952589705586433),(Vehicles3↦0.022850483655929565),(Vehicles4↦0.001419205218553543),(Vehicles5↦0.00021588057279586792)}",
        "VehiclesVx": "{(EgoVehicle↦20.0000262260437),(Vehicles2↦0.10964521206915379),(Vehicles3↦0.5311465263366699),(Vehicles4↦0.311001930385828),(Vehicles5↦0.3314276784658432)}",
        "VehiclesY": "{(EgoVehicle↦8.000000238418579),(Vehicles2↦-4.0000001192092896),(Vehicles3↦-8.000000238418579),(Vehicles4↦5.11081843512784E-10),(Vehicles5↦5.11081843512784E-10)}",
        "VehiclesVy": "{(EgoVehicle↦1.4844125928448193E-09),(Vehicles2↦-1.4844125928448193E-09),(Vehicles3↦-1.4844125928448193E-09),(Vehicles4↦-1.4844125928448193E-09),(Vehicles5↦-1.4844125928448193E-09)}",
        "VehiclesX": "{(EgoVehicle↦200.0),(Vehicles2↦29.572054743766785),(Vehicles3↦33.99297297000885),(Vehicles4↦36.56300902366638),(Vehicles5↦98.76552820205688)}"
      },
      "probabilisticVariables": null,
      "activating": [
        "SLOWER_48"
      ],
      "activatingOnlyWhenExecuted": true,
      "updating": null,
      "withPredicate": null
    },
    {
      "id": "SLOWER_48",
      "execute": "SLOWER",
      "after": "1000",
      "priority": 0,
      "additionalGuards": null,
      "activationKind": null,
      "fixedVariables": {
        "Crash": "FALSE",
        "VehiclesAy": "{(EgoVehicle↦-1.3920598007644003E-09),(Vehicles2↦1.3920598007644003E-09),(Vehicles3↦1.3920598007644003E-09),(Vehicles4↦1.3920598007644003E-09),(Vehicles5↦-1.5767653849252383E-09)}",
        "Reward": "0.7333334249015317",
        "VehiclesAx": "{(EgoVehicle↦-2.384185791015625E-05),(Vehicles2↦0.00910264439880848),(Vehicles3↦0.02205532044172287),(Vehicles4↦0.0014114752411842346),(Vehicles5↦0.0008043646812438965)}",
        "VehiclesVx": "{(EgoVehicle↦20.00000238418579),(Vehicles2↦0.11874785646796227),(Vehicles3↦0.5532018467783928),(Vehicles4↦0.31241340562701225),(Vehicles5↦0.3322320431470871)}",
        "VehiclesY": "{(EgoVehicle↦8.000000238418579),(Vehicles2↦-4.0000001192092896),(Vehicles3↦-8.000000238418579),(Vehicles4↦3.1798563782103884E-11),(Vehicles5↦3.1798563782103884E-11)}",
        "VehiclesVy": "{(EgoVehicle↦9.235279208041902E-11),(Vehicles2↦-9.235279208041902E-11),(Vehicles3↦-9.235279208041902E-11),(Vehicles4↦-9.235279208041902E-11),(Vehicles5↦-9.235279208041902E-11)}",
        "VehiclesX": "{(EgoVehicle↦200.0),(Vehicles2↦29.68532145023346),(Vehicles3↦34.53300893306732),(Vehicles4↦36.874568462371826),(Vehicles5↦99.09723401069641)}"
      },
      "probabilisticVariables": null,
      "activating": [
        "SLOWER_49"
      ],
      "activatingOnlyWhenExecuted": true,
      "updating": null,
      "withPredicate": null
    },
    {
      "id": "SLOWER_49",
      "execute": "SLOWER",
      "after": "1000",
      "priority": 0,
      "additionalGuards": null,
      "activationKind": null,
      "fixedVariables": {
        "Crash": "FALSE",
        "VehiclesAy": "{(EgoVehicle↦-8.661515948915621E-11),(Vehicles2↦8.661515948915621E-11),(Vehicles3↦8.661515948915621E-11),(Vehicles4↦8.661515948915621E-11),(Vehicles5↦-9.809042467168183E-11)}",
        "Reward": "0.7333333453916969",
        "VehiclesAx": "{(EgoVehicle↦-2.384185791015625E-06),(Vehicles2↦0.009370176121592522),(Vehicles3↦0.021142326295375824),(Vehicles4↦0.0015272758901119232),(Vehicles5↦0.0013041123747825623)}",
        "VehiclesVx": "{(EgoVehicle↦20.0),(Vehicles2↦0.1281180325895548),(Vehicles3↦0.5743441730737686),(Vehicles4↦0.3139406815171242),(Vehicles5↦0.33353615552186966)}",
        "VehiclesY": "{(EgoVehicle↦8.000000238418579),(Vehicles2↦-4.0000001192092896),(Vehicles3↦-8.000000238418579),(Vehicles4↦1.9770851622524788E-12),(Vehicles5↦1.9770851622524788E-12)}",
        "VehiclesVy": "{(EgoVehicle↦5.737632591262809E-12),(Vehicles2↦-5.737632591262809E-12),(Vehicles3↦-5.737632591262809E-12),(Vehicles4↦-5.737632591262809E-12),(Vehicles5↦-5.737632591262809E-12)}",
        "VehiclesX": "{(EgoVehicle↦200.0),(Vehicles2↦29.807797074317932),(Vehicles3↦35.094743967056274),(Vehicles4↦37.18758225440979),(Vehicles5↦99.42995309829712)}"
      },
      "probabilisticVariables": null,
      "activating": [
        "SLOWER_50"
      ],
      "activatingOnlyWhenExecuted": true,
      "updating": null,
      "withPredicate": null
    },
    {
      "id": "SLOWER_50",
      "execute": "SLOWER",
      "after": "1000",
      "priority": 0,
      "additionalGuards": null,
      "activationKind": null,
      "fixedVariables": {
        "Crash": "FALSE",
        "VehiclesAy": "{(EgoVehicle↦-5.382361223382759E-12),(Vehicles2↦5.382361223382759E-12),(Vehicles3↦5.382361223382759E-12),(Vehicles4↦5.382361223382759E-12),(Vehicles5↦-6.092903959142859E-12)}",
        "Reward": "0.733333334921266",
        "VehiclesAx": "{(EgoVehicle↦0.0),(Vehicles2↦0.009602243080735207),(Vehicles3↦0.020183846354484558),(Vehicles4↦0.0016468018293380737),(Vehicles5↦0.0016806647181510925)}",
        "VehiclesVx": "{(EgoVehicle↦20.0),(Vehicles2↦0.13772027567029),(Vehicles3↦0.5945280194282532),(Vehicles4↦0.31558748334646225),(Vehicles5↦0.33521682024002075)}",
        "VehiclesY": "{(EgoVehicle↦8.000000238418579),(Vehicles2↦-4.0000001192092896),(Vehicles3↦-8.000000238418579),(Vehicles4↦1.199040866595169E-13),(Vehicles5↦1.199040866595169E-13)}",
        "VehiclesVy": "{(EgoVehicle↦3.552713678800501E-13),(Vehicles2↦-3.552713678800501E-13),(Vehicles3↦-3.552713678800501E-13),(Vehicles4↦-3.552713678800501E-13),(Vehicles5↦-3.552713678800501E-13)}",
        "VehiclesX": "{(EgoVehicle↦200.0),(Vehicles2↦29.939737915992737),(Vehicles3↦35.677239298820496),(Vehicles4↦37.50217258930206),(Vehicles5↦99.76413249969482)}"
      },
      "probabilisticVariables": null,
      "activating": [
        "SLOWER_51"
      ],
      "activatingOnlyWhenExecuted": true,
      "updating": null,
      "withPredicate": null
    },
    {
      "id": "SLOWER_51",
      "execute": "SLOWER",
      "after": "1000",
      "priority": 0,
      "additionalGuards": null,
      "activationKind": null,
      "fixedVariables": {
        "Crash": "FALSE",
        "VehiclesAy": "{(EgoVehicle↦-3.375077994860476E-13),(Vehicles2↦3.375077994860476E-13),(Vehicles3↦3.375077994860476E-13),(Vehicles4↦3.375077994860476E-13),(Vehicles5↦-3.730349362740526E-13)}",
        "Reward": "0.7333333335424438",
        "VehiclesAx": "{(EgoVehicle↦0.0),(Vehicles2↦0.009777368977665901),(Vehicles3↦0.01925557851791382),(Vehicles4↦0.0017551332712173462),(Vehicles5↦0.001969859004020691)}",
        "VehiclesVx": "{(EgoVehicle↦20.0),(Vehicles2↦0.1474976446479559),(Vehicles3↦0.613783597946167),(Vehicles4↦0.3173426166176796),(Vehicles5↦0.33718667924404144)}",
        "VehiclesY": "{(EgoVehicle↦8.000000238418579),(Vehicles2↦-4.0000001192092896),(Vehicles3↦-8.000000238418579),(Vehicles4↦7.993605777301127E-15),(Vehicles5↦7.993605777301127E-15)}",
        "VehiclesVy": "{(EgoVehicle↦1.7763568394002505E-14),(Vehicles2↦-1.7763568394002505E-14),(Vehicles3↦-1.7763568394002505E-14),(Vehicles4↦-1.7763568394002505E-14),(Vehicles5↦-1.7763568394002505E-14)}",
        "VehiclesX": "{(EgoVehicle↦200.0),(Vehicles2↦30.081358551979065),(Vehicles3↦36.27954125404358),(Vehicles4↦37.81845271587372),(Vehicles5↦100.1001238822937)}"
      },
      "probabilisticVariables": null,
      "activating": [
        "SLOWER_52"
      ],
      "activatingOnlyWhenExecuted": true,
      "updating": null,
      "withPredicate": null
    },
    {
      "id": "SLOWER_52",
      "execute": "SLOWER",
      "after": "1000",
      "priority": 0,
      "additionalGuards": null,
      "activationKind": null,
      "fixedVariables": {
        "Crash": "FALSE",
        "VehiclesAy": "{(EgoVehicle↦-1.7763568394002505E-14),(Vehicles2↦1.7763568394002505E-14),(Vehicles3↦1.7763568394002505E-14),(Vehicles4↦1.7763568394002505E-14),(Vehicles5↦-1.7763568394002505E-14)}",
        "Reward": "0.7333333333608705",
        "VehiclesAx": "{(EgoVehicle↦0.0),(Vehicles2↦0.009900936856865883),(Vehicles3↦0.018391311168670654),(Vehicles4↦0.00185307115316391),(Vehicles5↦0.002201162278652191)}",
        "VehiclesVx": "{(EgoVehicle↦20.0),(Vehicles2↦0.15739858150482178),(Vehicles3↦0.6321749091148376),(Vehicles4↦0.3191956877708435),(Vehicles5↦0.33938784152269363)}",
        "VehiclesY": "{(EgoVehicle↦8.000000238418579),(Vehicles2↦-4.0000001192092896),(Vehicles3↦-8.000000238418579),(Vehicles4↦2.6645352591003757E-15),(Vehicles5↦2.6645352591003757E-15)}",
        "VehiclesVy": "{(EgoVehicle↦0.0),(Vehicles2↦0.0),(Vehicles3↦0.0),(Vehicles4↦0.0),(Vehicles5↦0.0)}",
        "VehiclesX": "{(EgoVehicle↦200.0),(Vehicles2↦30.232807993888855),(Vehicles3↦36.90074682235718),(Vehicles4↦38.13652992248535),(Vehicles5↦100.43816566467285)}"
      },
      "probabilisticVariables": null,
      "activating": [
        "SLOWER_53"
      ],
      "activatingOnlyWhenExecuted": true,
      "updating": null,
      "withPredicate": null
    },
    {
      "id": "SLOWER_53",
      "execute": "SLOWER",
      "after": "1000",
      "priority": 0,
      "additionalGuards": null,
      "activationKind": null,
      "fixedVariables": {
        "Crash": "FALSE",
        "VehiclesAy": "{(EgoVehicle↦0.0),(Vehicles2↦0.0),(Vehicles3↦0.0),(Vehicles4↦0.0),(Vehicles5↦0.0)}",
        "Reward": "0.7333333333369597",
        "VehiclesAx": "{(EgoVehicle↦0.0),(Vehicles2↦0.009984057396650314),(Vehicles3↦0.017598047852516174),(Vehicles4↦0.0019434094429016113),(Vehicles5↦0.002393871545791626)}",
        "VehiclesVx": "{(EgoVehicle↦20.0),(Vehicles2↦0.1673826389014721),(Vehicles3↦0.6497729569673538),(Vehicles4↦0.3211390972137451),(Vehicles5↦0.34178171306848526)}",
        "VehiclesY": "{(EgoVehicle↦8.000000238418579),(Vehicles2↦-4.0000001192092896),(Vehicles3↦-8.000000238418579),(Vehicles4↦2.6645352591003757E-15),(Vehicles5↦2.6645352591003757E-15)}",
        "VehiclesVy": "{(EgoVehicle↦0.0),(Vehicles2↦0.0),(Vehicles3↦0.0),(Vehicles4↦0.0),(Vehicles5↦0.0)}",
        "VehiclesX": "{(EgoVehicle↦200.0),(Vehicles2↦30.39419651031494),(Vehicles3↦37.540021538734436),(Vehicles4↦38.456496596336365),(Vehicles5↦100.77849626541138)}"
      },
      "probabilisticVariables": null,
      "activating": [
        "SLOWER_54"
      ],
      "activatingOnlyWhenExecuted": true,
      "updating": null,
      "withPredicate": null
    },
    {
      "id": "SLOWER_54",
      "execute": "SLOWER",
      "after": "1000",
      "priority": 0,
      "additionalGuards": null,
      "activationKind": null,
      "fixedVariables": {
        "Crash": "FALSE",
        "VehiclesAy": "{(EgoVehicle↦0.0),(Vehicles2↦0.0),(Vehicles3↦0.0),(Vehicles4↦0.0),(Vehicles5↦0.0)}",
        "Reward": "0.7333333333338109",
        "VehiclesAx": "{(EgoVehicle↦0.0),(Vehicles2↦0.010037384927272797),(Vehicles3↦0.016870200634002686),(Vehicles4↦0.0020287930965423584),(Vehicles5↦0.0025594979524612427)}",
        "VehiclesVx": "{(EgoVehicle↦20.0),(Vehicles2↦0.1774200238287449),(Vehicles3↦0.6666431576013565),(Vehicles4↦0.3231678903102875),(Vehicles5↦0.3443412110209465)}",
        "VehiclesY": "{(EgoVehicle↦8.000000238418579),(Vehicles2↦-4.0000001192092896),(Vehicles3↦-8.000000238418579),(Vehicles4↦2.6645352591003757E-15),(Vehicles5↦2.6645352591003757E-15)}",
        "VehiclesVy": "{(EgoVehicle↦0.0),(Vehicles2↦0.0),(Vehicles3↦0.0),(Vehicles4↦0.0),(Vehicles5↦0.0)}",
        "VehiclesX": "{(EgoVehicle↦200.0),(Vehicles2↦30.565589666366577),(Vehicles3↦38.19659948348999),(Vehicles4↦38.77843916416168),(Vehicles5↦101.1212944984436)}"
      },
      "probabilisticVariables": null,
      "activating": [
        "IDLE_55"
      ],
      "activatingOnlyWhenExecuted": true,
      "updating": null,
      "withPredicate": null
    },
    {
      "id": "IDLE_55",
      "execute": "IDLE",
      "after": "1000",
      "priority": 0,
      "additionalGuards": null,
      "activationKind": null,
      "fixedVariables": {
        "Crash": "FALSE",
        "VehiclesAy": "{(EgoVehicle↦0.0),(Vehicles2↦0.0),(Vehicles3↦0.0),(Vehicles4↦0.0),(Vehicles5↦0.0)}",
        "Reward": "0.7333333333333963",
        "VehiclesAx": "{(EgoVehicle↦0.0),(Vehicles2↦0.010069422423839569),(Vehicles3↦0.016198307275772095),(Vehicles4↦0.0021109730005264282),(Vehicles5↦0.0027050822973251343)}",
        "VehiclesVx": "{(EgoVehicle↦20.0),(Vehicles2↦0.18748944625258446),(Vehicles3↦0.6828414648771286),(Vehicles4↦0.3252788633108139),(Vehicles5↦0.34704629331827164)}",
        "VehiclesY": "{(EgoVehicle↦8.000000238418579),(Vehicles2↦-4.0000001192092896),(Vehicles3↦-8.000000238418579),(Vehicles4↦2.6645352591003757E-15),(Vehicles5↦2.6645352591003757E-15)}",
        "VehiclesVy": "{(EgoVehicle↦0.0),(Vehicles2↦0.0),(Vehicles3↦0.0),(Vehicles4↦0.0),(Vehicles5↦0.0)}",
        "VehiclesX": "{(EgoVehicle↦200.0),(Vehicles2↦30.747035145759583),(Vehicles3↦38.86977136135101),(Vehicles4↦39.10244703292847),(Vehicles5↦101.46670341491699)}"
      },
      "probabilisticVariables": null,
      "activating": [
        "SLOWER_56"
      ],
      "activatingOnlyWhenExecuted": true,
      "updating": null,
      "withPredicate": null
    },
    {
      "id": "SLOWER_56",
      "execute": "SLOWER",
      "after": "1000",
      "priority": 0,
      "additionalGuards": null,
      "activationKind": null,
      "fixedVariables": {
        "Crash": "FALSE",
        "VehiclesAy": "{(EgoVehicle↦0.0),(Vehicles2↦0.0),(Vehicles3↦0.0),(Vehicles4↦0.0),(Vehicles5↦0.0)}",
        "Reward": "0.7333333333333415",
        "VehiclesAx": "{(EgoVehicle↦0.0),(Vehicles2↦0.010086353868246078),(Vehicles3↦-0.3553713485598564),(Vehicles4↦0.3731352835893631),(Vehicles5↦0.002834908664226532)}",
        "VehiclesVx": "{(EgoVehicle↦20.0),(Vehicles2↦0.19757580012083054),(Vehicles3↦0.3274701163172722),(Vehicles4↦0.698414146900177),(Vehicles5↦0.34988120198249817)}",
        "VehiclesY": "{(EgoVehicle↦8.000000238418579),(Vehicles2↦-4.0000001192092896),(Vehicles3↦2.6645352591003757E-15),(Vehicles4↦-8.000000238418579),(Vehicles5↦2.6645352591003757E-15)}",
        "VehiclesVy": "{(EgoVehicle↦0.0),(Vehicles2↦0.0),(Vehicles3↦0.0),(Vehicles4↦0.0),(Vehicles5↦0.0)}",
        "VehiclesX": "{(EgoVehicle↦200.0),(Vehicles2↦30.938559770584106),(Vehicles3↦39.42859470844269),(Vehicles4↦39.55889046192169),(Vehicles5↦101.81487798690796)}"
      },
      "probabilisticVariables": null,
      "activating": [
        "SLOWER_57"
      ],
      "activatingOnlyWhenExecuted": true,
      "updating": null,
      "withPredicate": null
    },
    {
      "id": "SLOWER_57",
      "execute": "SLOWER",
      "after": "1000",
      "priority": 0,
      "additionalGuards": null,
      "activationKind": null,
      "fixedVariables": {
        "Crash": "FALSE",
        "VehiclesAy": "{(EgoVehicle↦0.0),(Vehicles2↦0.0),(Vehicles3↦0.0),(Vehicles4↦0.0),(Vehicles5↦0.0)}",
        "Reward": "0.7333333333333344",
        "VehiclesAx": "{(EgoVehicle↦0.0),(Vehicles2↦0.010092277079820633),(Vehicles3↦0.002270117402076721),(Vehicles4↦0.01498483121395111),(Vehicles5↦0.0029516220092773438)}",
        "VehiclesVx": "{(EgoVehicle↦20.0),(Vehicles2↦0.20766807720065117),(Vehicles3↦0.3297402337193489),(Vehicles4↦0.7133989781141281),(Vehicles5↦0.3528328239917755)}",
        "VehiclesY": "{(EgoVehicle↦8.000000238418579),(Vehicles2↦-4.0000001192092896),(Vehicles3↦2.6645352591003757E-15),(Vehicles4↦-8.000000238418579),(Vehicles5↦2.6645352591003757E-15)}",
        "VehiclesVy": "{(EgoVehicle↦0.0),(Vehicles2↦0.0),(Vehicles3↦0.0),(Vehicles4↦0.0),(Vehicles5↦0.0)}",
        "VehiclesX": "{(EgoVehicle↦200.0),(Vehicles2↦31.140172481536865),(Vehicles3↦39.75696563720703),(Vehicles4↦40.26334583759308),(Vehicles5↦102.1659255027771)}"
      },
      "probabilisticVariables": null,
      "activating": [
        "SLOWER_58"
      ],
      "activatingOnlyWhenExecuted": true,
      "updating": null,
      "withPredicate": null
    },
    {
      "id": "SLOWER_58",
      "execute": "SLOWER",
      "after": "1000",
      "priority": 0,
      "additionalGuards": null,
      "activationKind": null,
      "fixedVariables": {
        "Crash": "FALSE",
        "VehiclesAy": "{(EgoVehicle↦0.0),(Vehicles2↦0.0),(Vehicles3↦0.0),(Vehicles4↦0.0),(Vehicles5↦0.0)}",
        "Reward": "0.7333333333333334",
        "VehiclesAx": "{(EgoVehicle↦0.0),(Vehicles2↦0.010089818388223648),(Vehicles3↦0.0023478642106056213),(Vehicles4↦0.014428645372390747),(Vehicles5↦0.0030568987131118774)}",
        "VehiclesVx": "{(EgoVehicle↦20.0),(Vehicles2↦0.21775789558887482),(Vehicles3↦0.33208809792995453),(Vehicles4↦0.7278276234865189),(Vehicles5↦0.3558897227048874)}",
        "VehiclesY": "{(EgoVehicle↦8.000000238418579),(Vehicles2↦-4.0000001192092896),(Vehicles3↦2.6645352591003757E-15),(Vehicles4↦-8.000000238418579),(Vehicles5↦2.6645352591003757E-15)}",
        "VehiclesVy": "{(EgoVehicle↦0.0),(Vehicles2↦0.0),(Vehicles3↦0.0),(Vehicles4↦0.0),(Vehicles5↦0.0)}",
        "VehiclesX": "{(EgoVehicle↦200.0),(Vehicles2↦31.351876258850098),(Vehicles3↦40.08764028549194),(Vehicles4↦40.98255932331085),(Vehicles5↦102.51997709274292)}"
      },
      "probabilisticVariables": null,
      "activating": [
        "SLOWER_59"
      ],
      "activatingOnlyWhenExecuted": true,
      "updating": null,
      "withPredicate": null
    },
    {
      "id": "SLOWER_59",
      "execute": "SLOWER",
      "after": "1000",
      "priority": 0,
      "additionalGuards": null,
      "activationKind": null,
      "fixedVariables": {
        "Crash": "FALSE",
        "VehiclesAy": "{(EgoVehicle↦0.0),(Vehicles2↦0.0),(Vehicles3↦0.0),(Vehicles4↦0.0),(Vehicles5↦0.0)}",
        "Reward": "0.7333333333333334",
        "VehiclesAx": "{(EgoVehicle↦0.0),(Vehicles2↦0.01008056104183197),(Vehicles3↦0.0024244561791419983),(Vehicles4↦0.013899281620979309),(Vehicles5↦0.0031518563628196716)}",
        "VehiclesVx": "{(EgoVehicle↦20.0),(Vehicles2↦0.2278384566307068),(Vehicles3↦0.3345125541090965),(Vehicles4↦0.7417269051074982),(Vehicles5↦0.35904157906770706)}",
        "VehiclesY": "{(EgoVehicle↦8.000000238418579),(Vehicles2↦-4.0000001192092896),(Vehicles3↦2.6645352591003757E-15),(Vehicles4↦-8.000000238418579),(Vehicles5↦2.6645352591003757E-15)}",
        "VehiclesVy": "{(EgoVehicle↦0.0),(Vehicles2↦0.0),(Vehicles3↦0.0),(Vehicles4↦0.0),(Vehicles5↦0.0)}",
        "VehiclesX": "{(EgoVehicle↦200.0),(Vehicles2↦31.573668122291565),(Vehicles3↦40.420693159103394),(Vehicles4↦41.715988516807556),(Vehicles5↦102.8771162033081)}"
      },
      "probabilisticVariables": null,
      "activating": [
        "SLOWER_60"
      ],
      "activatingOnlyWhenExecuted": true,
      "updating": null,
      "withPredicate": null
    },
    {
      "id": "SLOWER_60",
      "execute": "SLOWER",
      "after": "1000",
      "priority": 0,
      "additionalGuards": null,
      "activationKind": null,
      "fixedVariables": {
        "Crash": "FALSE",
        "VehiclesAy": "{(EgoVehicle↦0.0),(Vehicles2↦0.0),(Vehicles3↦0.0),(Vehicles4↦0.0),(Vehicles5↦0.0)}",
        "Reward": "0.7333333333333334",
        "VehiclesAx": "{(EgoVehicle↦0.0),(Vehicles2↦0.010065361857414246),(Vehicles3↦0.0024996697902679443),(Vehicles4↦0.013393163681030273),(Vehicles5↦0.0032374635338783264)}",
        "VehiclesVx": "{(EgoVehicle↦20.0),(Vehicles2↦0.23790381848812103),(Vehicles3↦0.33701222389936447),(Vehicles4↦0.7551200687885284),(Vehicles5↦0.3622790426015854)}",
        "VehiclesY": "{(EgoVehicle↦8.000000238418579),(Vehicles2↦-4.0000001192092896),(Vehicles3↦2.6645352591003757E-15),(Vehicles4↦-8.000000238418579),(Vehicles5↦2.6645352591003757E-15)}",
        "VehiclesVy": "{(EgoVehicle↦0.0),(Vehicles2↦0.0),(Vehicles3↦0.0),(Vehicles4↦0.0),(Vehicles5↦0.0)}",
        "VehiclesX": "{(EgoVehicle↦200.0),(Vehicles2↦31.805533170700073),(Vehicles3↦40.75619876384735),(Vehicles4↦42.463111877441406),(Vehicles5↦103.23745012283325)}"
      },
      "probabilisticVariables": null,
      "activating": [
        "SLOWER_61"
      ],
      "activatingOnlyWhenExecuted": true,
      "updating": null,
      "withPredicate": null
    },
    {
      "id": "SLOWER_61",
      "execute": "SLOWER",
      "after": "1000",
      "priority": 0,
      "additionalGuards": null,
      "activationKind": null,
      "fixedVariables": {
        "Crash": "FALSE",
        "VehiclesAy": "{(EgoVehicle↦0.0),(Vehicles2↦0.0),(Vehicles3↦0.0),(Vehicles4↦0.0),(Vehicles5↦0.0)}",
        "Reward": "0.7333333333333334",
        "VehiclesAx": "{(EgoVehicle↦0.0),(Vehicles2↦0.010044761002063751),(Vehicles3↦0.0025732815265655518),(Vehicles4↦0.012908130884170532),(Vehicles5↦0.003314279019832611)}",
        "VehiclesVx": "{(EgoVehicle↦20.0),(Vehicles2↦0.24794857949018478),(Vehicles3↦0.33958550542593),(Vehicles4↦0.768028199672699),(Vehicles5↦0.365593321621418)}",
        "VehiclesY": "{(EgoVehicle↦8.000000238418579),(Vehicles2↦-4.0000001192092896),(Vehicles3↦2.6645352591003757E-15),(Vehicles4↦-8.000000238418579),(Vehicles5↦2.6645352591003757E-15)}",
        "VehiclesVy": "{(EgoVehicle↦0.0),(Vehicles2↦0.0),(Vehicles3↦0.0),(Vehicles4↦0.0),(Vehicles5↦0.0)}",
        "VehiclesX": "{(EgoVehicle↦200.0),(Vehicles2↦32.04745650291443),(Vehicles3↦41.094234585762024),(Vehicles4↦43.22343170642853),(Vehicles5↦103.60105037689209)}"
      },
      "probabilisticVariables": null,
      "activating": null,
      "activatingOnlyWhenExecuted": true,
      "updating": null,
      "withPredicate": null
    }
  ],
  "listeners": [],
  "metadata": {
    "fileType": "Timed_Trace",
    "formatVersion": 3,
    "savedAt": "2023-08-21T13:22:23.612461Z",
    "creator": "Simulation: HYPOTHESIS_TEST; SIGNIFICANCE : 0.05, PROBABILITY : 0.95, MAX_STEPS_BEFORE_PROPERTY : 0, EXECUTIONS : 1000, PREDICATE : Crash = FALSE, ENDING_TIME : 60000, HYPOTHESIS_CHECKING_TYPE : LEFT_TAILED, CHECKING_TYPE : PREDICATE_INVARIANT",
    "proB2KernelVersion": "4.12.2",
    "proBCliVersion": "1.12.2-final",
    "modelName": "HighwayEnvironment2"
  }
}