{
  "variables": {},
  "activations": [
    {
      "id": "$setup_constants",
      "execute": "$setup_constants",
      "after": "0",
      "priority": 0,
      "additionalGuards": null,
      "activationKind": null,
      "fixedVariables": null,
      "probabilisticVariables": null,
      "activating": null,
      "activatingOnlyWhenExecuted": true,
      "updating": null,
      "withPredicate": null
    },
    {
      "id": "$initialise_machine",
      "execute": "$initialise_machine",
      "after": "0",
      "priority": 0,
      "additionalGuards": null,
      "activationKind": null,
      "fixedVariables": {
        "Crash": "FALSE",
        "VehiclesAy": "{(EgoVehicle↦0.0),(Vehicles2↦0.0),(Vehicles3↦0.0),(Vehicles4↦0.0),(Vehicles5↦0.0)}",
        "Reward": "0.0",
        "VehiclesAx": "{(EgoVehicle↦0.0),(Vehicles2↦0.0),(Vehicles3↦0.0),(Vehicles4↦0.0),(Vehicles5↦0.0)}",
        "VehiclesVx": "{(EgoVehicle↦25.0),(Vehicles2↦-1.495460569858551),(Vehicles3↦-2.6114055514335632),(Vehicles4↦-1.3465707004070282),(Vehicles5↦-1.50380939245224)}",
        "VehiclesY": "{(EgoVehicle↦0.0),(Vehicles2↦0.0),(Vehicles3↦0.0),(Vehicles4↦4.0000001192092896),(Vehicles5↦4.0000001192092896)}",
        "VehiclesVy": "{(EgoVehicle↦0.0),(Vehicles2↦0.0),(Vehicles3↦0.0),(Vehicles4↦0.0),(Vehicles5↦0.0)}",
        "VehiclesX": "{(EgoVehicle↦154.80324029922485),(Vehicles2↦26.631000638008118),(Vehicles3↦50.45703053474426),(Vehicles4↦75.30869245529175),(Vehicles5↦101.13736391067505)}"
      },
      "probabilisticVariables": null,
      "activating": [
        "LANE_RIGHT_2"
      ],
      "activatingOnlyWhenExecuted": true,
      "updating": null,
      "withPredicate": null
    },
    {
      "id": "LANE_RIGHT_2",
      "execute": "LANE_RIGHT",
      "after": "1000",
      "priority": 0,
      "additionalGuards": null,
      "activationKind": null,
      "fixedVariables": {
        "Crash": "FALSE",
        "VehiclesAy": "{(EgoVehicle↦1.0796338319778442),(Vehicles2↦1.036813035607338),(Vehicles3↦-1.0796338319778442),(Vehicles4↦-2.444274425506592),(Vehicles5↦2.296956032514572)}",
        "Reward": "0.8327113850086175",
        "VehiclesAx": "{(EgoVehicle↦-0.023322105407714844),(Vehicles2↦-4.832907021045685),(Vehicles3↦-0.9072506427764893),(Vehicles4↦-5.313659459352493),(Vehicles5↦-2.9545310139656067)}",
        "VehiclesVx": "{(EgoVehicle↦24.976677894592285),(Vehicles2↦-6.328367590904236),(Vehicles3↦-3.5186561942100525),(Vehicles4↦-6.6602301597595215),(Vehicles5↦-4.458340406417847)}",
        "VehiclesY": "{(EgoVehicle↦3.6599650382995605),(Vehicles2↦-0.4288502186536789),(Vehicles3↦-3.6599650382995605),(Vehicles4↦1.4289657175540924),(Vehicles5↦3.1173545122146606)}",
        "VehiclesVy": "{(EgoVehicle↦1.0796338319778442),(Vehicles2↦1.036813035607338),(Vehicles3↦-1.0796338319778442),(Vehicles4↦-2.444274425506592),(Vehicles5↦2.296956032514572)}",
        "VehiclesX": "{(EgoVehicle↦179.48349714279175),(Vehicles2↦22.724705934524536),(Vehicles3↦47.74317741394043),(Vehicles4↦71.81408405303955),(Vehicles5↦98.36567044258118)}"
      },
      "probabilisticVariables": null,
      "activating": [
        "LANE_RIGHT_3"
      ],
      "activatingOnlyWhenExecuted": true,
      "updating": null,
      "withPredicate": null
    },
    {
      "id": "LANE_RIGHT_3",
      "execute": "LANE_RIGHT",
      "after": "1000",
      "priority": 0,
      "additionalGuards": null,
      "activationKind": null,
      "fixedVariables": {
        "Crash": "FALSE",
        "VehiclesAy": "{(EgoVehicle↦0.037668049335479736),(Vehicles2↦-1.9968999922275543),(Vehicles3↦-0.037668049335479736),(Vehicles4↦1.0412460565567017),(Vehicles5↦1.401020735502243)}",
        "Reward": "0.8660005399738949",
        "VehiclesAx": "{(EgoVehicle↦-0.0016570091247558594),(Vehicles2↦-0.014044046401977539),(Vehicles3↦-0.4872405529022217),(Vehicles4↦0.5697286128997803),(Vehicles5↦-0.7884478569030762)}",
        "VehiclesVx": "{(EgoVehicle↦24.97502088546753),(Vehicles2↦-6.342411637306213),(Vehicles3↦-4.005896747112274),(Vehicles4↦-6.090501546859741),(Vehicles5↦-5.246788263320923)}",
        "VehiclesY": "{(EgoVehicle↦7.648639440536499),(Vehicles2↦-3.704368829727173),(Vehicles3↦-7.648639440536499),(Vehicles4↦-3.5489909648895264),(Vehicles5↦0.27395445853471756)}",
        "VehiclesVy": "{(EgoVehicle↦1.117301881313324),(Vehicles2↦-0.9600869566202164),(Vehicles3↦-1.117301881313324),(Vehicles4↦-1.4030283689498901),(Vehicles5↦-0.8959352970123291)}",
        "VehiclesX": "{(EgoVehicle↦200.0),(Vehicles2↦16.77362471818924),(Vehicles3↦44.36100721359253),(Vehicles4↦65.41934013366699),(Vehicles5↦94.04696822166443)}"
      },
      "probabilisticVariables": null,
      "activating": [
        "IDLE_4"
      ],
      "activatingOnlyWhenExecuted": true,
      "updating": null,
      "withPredicate": null
    },
    {
      "id": "IDLE_4",
      "execute": "IDLE",
      "after": "1000",
      "priority": 0,
      "additionalGuards": null,
      "activationKind": null,
      "fixedVariables": {
        "Crash": "FALSE",
        "VehiclesAy": "{(EgoVehicle↦-1.078004245646298),(Vehicles2↦0.9320818958804011),(Vehicles3↦1.078004245646298),(Vehicles4↦1.3445730647072196),(Vehicles5↦-0.9205146785825491)}",
        "Reward": "0.8666658430372319",
        "VehiclesAx": "{(EgoVehicle↦0.0249481201171875),(Vehicles2↦0.1204526424407959),(Vehicles3↦-0.2969259023666382),(Vehicles4↦0.9204936027526855),(Vehicles5↦-0.8336633443832397)}",
        "VehiclesVx": "{(EgoVehicle↦24.999969005584717),(Vehicles2↦-6.2219589948654175),(Vehicles3↦-4.302822649478912),(Vehicles4↦-5.170007944107056),(Vehicles5↦-6.080451607704163)}",
        "VehiclesY": "{(EgoVehicle↦7.988144159317017),(Vehicles2↦-3.9921265840530396),(Vehicles3↦-7.988144159317017),(Vehicles4↦-3.9815744161605835),(Vehicles5↦0.006634657736867666)}",
        "VehiclesVy": "{(EgoVehicle↦0.03929763566702604),(Vehicles2↦-0.028005060739815235),(Vehicles3↦-0.03929763566702604),(Vehicles4↦-0.058455304242670536),(Vehicles5↦-0.024579381570219994)}",
        "VehiclesX": "{(EgoVehicle↦200.0),(Vehicles2↦10.454408079385757),(Vehicles3↦40.21313488483429),(Vehicles4↦59.72030758857727),(Vehicles5↦88.43398690223694)}"
      },
      "probabilisticVariables": null,
      "activating": [
        "IDLE_5"
      ],
      "activatingOnlyWhenExecuted": true,
      "updating": null,
      "withPredicate": null
    },
    {
      "id": "IDLE_5",
      "execute": "IDLE",
      "after": "1000",
      "priority": 0,
      "additionalGuards": null,
      "activationKind": null,
      "fixedVariables": {
        "Crash": "FALSE",
        "VehiclesAy": "{(EgoVehicle↦-0.03805157859460451),(Vehicles2↦0.02755233992502326),(Vehicles3↦0.03805157859460451),(Vehicles4↦0.056031543645076454),(Vehicles5↦-0.024772421984380344)}",
        "Reward": "0.8666666658385823",
        "VehiclesAx": "{(EgoVehicle↦3.0994415283203125E-05),(Vehicles2↦0.2546811103820801),(Vehicles3↦-0.15707165002822876),(Vehicles4↦0.5861827731132507),(Vehicles5↦-0.5480074882507324)}",
        "VehiclesVx": "{(EgoVehicle↦25.0),(Vehicles2↦-5.967277884483337),(Vehicles3↦-4.459894299507141),(Vehicles4↦-4.583825170993805),(Vehicles5↦-6.628459095954895)}",
        "VehiclesY": "{(EgoVehicle↦7.999626159667969),(Vehicles2↦-3.999903917312622),(Vehicles3↦-7.999626159667969),(Vehicles4↦-3.9992258548736572),(Vehicles5↦-2.808125316278165E-06)}",
        "VehiclesVy": "{(EgoVehicle↦0.0012460570724215358),(Vehicles2↦-0.0004527208147919737),(Vehicles3↦-0.0012460570724215358),(Vehicles4↦-0.0024237605975940824),(Vehicles5↦-0.00019304041416035034)}",
        "VehiclesX": "{(EgoVehicle↦200.0),(Vehicles2↦4.330076649785042),(Vehicles3↦35.840749740600586),(Vehicles4↦54.808586835861206),(Vehicles5↦82.11513161659241)}"
      },
      "probabilisticVariables": null,
      "activating": [
        "IDLE_6"
      ],
      "activatingOnlyWhenExecuted": true,
      "updating": null,
      "withPredicate": null
    },
    {
      "id": "IDLE_6",
      "execute": "IDLE",
      "after": "1000",
      "priority": 0,
      "additionalGuards": null,
      "activationKind": null,
      "fixedVariables": {
        "Crash": "FALSE",
        "VehiclesAy": "{(EgoVehicle↦-0.0012070436923750094),(Vehicles2↦0.00046785873678345524),(Vehicles3↦0.0012070436923750094),(Vehicles4↦0.0023160517957876436),(Vehicles5↦-0.0001530814324723906)}",
        "Reward": "0.866666666665855",
        "VehiclesAx": "{(EgoVehicle↦0.0),(Vehicles2↦0.2735060453414917),(Vehicles3↦-0.09197264909744263),(Vehicles4↦0.3412133455276489),(Vehicles5↦-0.33620715141296387)}",
        "VehiclesVx": "{(EgoVehicle↦25.0),(Vehicles2↦-5.693771839141846),(Vehicles3↦-4.551866948604584),(Vehicles4↦-4.242611825466156),(Vehicles5↦-6.964666247367859)}",
        "VehiclesY": "{(EgoVehicle↦7.999988079071045),(Vehicles2↦-4.000007271766663),(Vehicles3↦-7.999988079071045),(Vehicles4↦-3.9999650716781616),(Vehicles5↦-1.670112760621123E-05)}",
        "VehiclesVy": "{(EgoVehicle↦3.9013380046526436E-05),(Vehicles2↦1.5137921991481562E-05),(Vehicles3↦-3.9013380046526436E-05),(Vehicles4↦-0.00010770880180643871),(Vehicles5↦3.995898168795975E-05)}",
        "VehiclesX": "{(EgoVehicle↦200.0),(Vehicles2↦-1.5270715579390526),(Vehicles3↦31.3401460647583),(Vehicles4↦50.376904010772705),(Vehicles5↦75.33750534057617)}"
      },
      "probabilisticVariables": null,
      "activating": [
        "SLOWER_7"
      ],
      "activatingOnlyWhenExecuted": true,
      "updating": null,
      "withPredicate": null
    },
    {
      "id": "SLOWER_7",
      "execute": "SLOWER",
      "after": "1000",
      "priority": 0,
      "additionalGuards": null,
      "activationKind": null,
      "fixedVariables": {
        "Crash": "FALSE",
        "VehiclesAy": "{(EgoVehicle↦-3.74283263226971E-05),(Vehicles2↦-1.3130945006878392E-05),(Vehicles3↦3.74283263226971E-05),(Vehicles4↦0.00010223604363090999),(Vehicles5↦4.446081334208429E-05)}",
        "Reward": "0.7508916323731123",
        "VehiclesAx": "{(EgoVehicle↦-4.341564178466797),(Vehicles2↦4.5913950353860855),(Vehicles3↦4.288228694349527),(Vehicles4↦4.526070281863213),(Vehicles5↦4.1627320647239685)}",
        "VehiclesVx": "{(EgoVehicle↦20.658435821533203),(Vehicles2↦-1.1023768037557602),(Vehicles3↦-0.2636382542550564),(Vehicles4↦0.2834584563970566),(Vehicles5↦-2.8019341826438904)}",
        "VehiclesY": "{(EgoVehicle↦7.999999523162842),(Vehicles2↦-4.000000834465027),(Vehicles3↦-7.999999523162842),(Vehicles4↦-3.9999979734420776),(Vehicles5↦-1.6464152281514544E-06)}",
        "VehiclesVy": "{(EgoVehicle↦1.5850537238293327E-06),(Vehicles2↦2.0069769846031704E-06),(Vehicles3↦-1.5850537238293327E-06),(Vehicles4↦-5.472758175528725E-06),(Vehicles5↦4.501831654124544E-06)}",
        "VehiclesX": "{(EgoVehicle↦200.0),(Vehicles2↦-4.723069444298744),(Vehicles3↦29.159629344940186),(Vehicles4↦48.612865805625916),(Vehicles5↦70.68578004837036)}"
      },
      "probabilisticVariables": null,
      "activating": [
        "FASTER_8"
      ],
      "activatingOnlyWhenExecuted": true,
      "updating": null,
      "withPredicate": null
    },
    {
      "id": "FASTER_8",
      "execute": "FASTER",
      "after": "1000",
      "priority": 0,
      "additionalGuards": null,
      "activationKind": null,
      "fixedVariables": {
        "Crash": "FALSE",
        "VehiclesAy": "{(EgoVehicle↦-1.508403482120002E-06),(Vehicles2↦-1.851308457645473E-06),(Vehicles3↦1.508403482120002E-06),(Vehicles4↦5.179557582835059E-06),(Vehicles5↦4.9006017732722285E-06)}",
        "Reward": "0.8514205716156639",
        "VehiclesAx": "{(EgoVehicle↦3.76983642578125),(Vehicles2↦-3.55868436396122),(Vehicles3↦-3.799381200224161),(Vehicles4↦-3.680802509188652),(Vehicles5↦-3.8376405835151672)}",
        "VehiclesVx": "{(EgoVehicle↦24.428272247314453),(Vehicles2↦-4.66106116771698),(Vehicles3↦-4.0630194544792175),(Vehicles4↦-3.3973440527915955),(Vehicles5↦-6.639574766159058)}",
        "VehiclesY": "{(EgoVehicle↦8.000000238418579),(Vehicles2↦-4.0000001192092896),(Vehicles3↦-8.000000238418579),(Vehicles4↦-3.999999761581421),(Vehicles5↦-1.4828768613028842E-07)}",
        "VehiclesVy": "{(EgoVehicle↦7.665024170933066E-08),(Vehicles2↦1.556685269576974E-07),(Vehicles3↦-7.665024170933066E-08),(Vehicles4↦-2.932005926936654E-07),(Vehicles5↦3.9877011914768445E-07)}",
        "VehiclesX": "{(EgoVehicle↦200.0),(Vehicles2↦-7.817379385232925),(Vehicles3↦26.803019642829895),(Vehicles4↦46.85807228088379),(Vehicles5↦65.76977968215942)}"
      },
      "probabilisticVariables": null,
      "activating": [
        "SLOWER_9"
      ],
      "activatingOnlyWhenExecuted": true,
      "updating": null,
      "withPredicate": null
    },
    {
      "id": "SLOWER_9",
      "execute": "SLOWER",
      "after": "1000",
      "priority": 0,
      "additionalGuards": null,
      "activationKind": null,
      "fixedVariables": {
        "Crash": "FALSE",
        "VehiclesAy": "{(EgoVehicle↦-7.34211091923953E-08),(Vehicles2↦-1.5889765947463275E-07),(Vehicles3↦6.144453834622254E-08),(Vehicles4↦3.2723740162055037E-07),(Vehicles5↦3.955409866307491E-07)}",
        "Reward": "0.7488839161524057",
        "VehiclesAx": "{(EgoVehicle↦-3.8451242446899414),(Vehicles2↦4.4286479987204075),(Vehicles3↦4.543511122465134),(Vehicles4↦0.6097385287284851),(Vehicles5↦6.602471198420972)}",
        "VehiclesVx": "{(EgoVehicle↦20.58314800262451),(Vehicles2↦-0.2324131689965725),(Vehicles3↦0.48049166798591614),(Vehicles4↦-2.7876055240631104),(Vehicles5↦-0.037103567738085985)}",
        "VehiclesY": "{(EgoVehicle↦8.000000238418579),(Vehicles2↦-8.000000238418579),(Vehicles3↦-4.0000001192092896),(Vehicles4↦-1.2313201125380147E-08),(Vehicles5↦-8.000000238418579)}",
        "VehiclesVy": "{(EgoVehicle↦3.2291325169353513E-09),(Vehicles2↦-3.2291325169353513E-09),(Vehicles3↦-1.5205703363108114E-08),(Vehicles4↦3.403680892688499E-08),(Vehicles5↦-3.2291325169353513E-09)}",
        "VehiclesX": "{(EgoVehicle↦200.0),(Vehicles2↦24.854440987110138),(Vehicles3↦45.598384737968445),(Vehicles4↦61.249375343322754),(Vehicles5↦97.45339751243591)}"
      },
      "probabilisticVariables": null,
      "activating": [
        "FASTER_10"
      ],
      "activatingOnlyWhenExecuted": true,
      "updating": null,
      "withPredicate": null
    },
    {
      "id": "FASTER_10",
      "execute": "FASTER",
      "after": "1000",
      "priority": 0,
      "additionalGuards": null,
      "activationKind": null,
      "fixedVariables": {
        "Crash": "FALSE",
        "VehiclesAy": "{(EgoVehicle↦-3.0727598243629473E-09),(Vehicles2↦3.0727598243629473E-09),(Vehicles3↦1.4388223945616119E-08),(Vehicles4↦-3.1280293910640466E-08),(Vehicles5↦-3.3855052095077554E-09)}",
        "Reward": "0.8511561810022372",
        "VehiclesAx": "{(EgoVehicle↦3.8352084159851074),(Vehicles2↦-3.840093854814768),(Vehicles3↦-3.8349784910678864),(Vehicles4↦-3.7808626890182495),(Vehicles5↦-3.838157083373517)}",
        "VehiclesVx": "{(EgoVehicle↦24.41835641860962),(Vehicles2↦-4.07250702381134),(Vehicles3↦-3.35448682308197),(Vehicles4↦-6.56846821308136),(Vehicles5↦-3.875260651111603)}",
        "VehiclesY": "{(EgoVehicle↦8.000000238418579),(Vehicles2↦-8.000000238418579),(Vehicles3↦-4.0000001192092896),(Vehicles4↦-1.0008527340232831E-09),(Vehicles5↦-8.000000238418579)}",
        "VehiclesVy": "{(EgoVehicle↦1.5637269257240405E-10),(Vehicles2↦-1.5637269257240405E-10),(Vehicles3↦-8.174794174919953E-10),(Vehicles4↦2.7565150162445207E-09),(Vehicles5↦-1.5637269257240405E-10)}",
        "VehiclesX": "{(EgoVehicle↦200.0),(Vehicles2↦22.50373512506485),(Vehicles3↦43.965163826942444),(Vehicles4↦56.36485815048218),(Vehicles5↦95.29860615730286)}"
      },
      "probabilisticVariables": null,
      "activating": [
        "SLOWER_11"
      ],
      "activatingOnlyWhenExecuted": true,
      "updating": null,
      "withPredicate": null
    },
    {
      "id": "SLOWER_11",
      "execute": "SLOWER",
      "after": "1000",
      "priority": 0,
      "additionalGuards": null,
      "activationKind": null,
      "fixedVariables": {
        "Crash": "FALSE",
        "VehiclesAy": "{(EgoVehicle↦-1.4978240869822912E-10),(Vehicles2↦1.4978240869822912E-10),(Vehicles3↦7.743494734313572E-10),(Vehicles4↦-2.5369573108946497E-09),(Vehicles5↦-1.6296297644657898E-10)}",
        "Reward": "0.7488490992815017",
        "VehiclesAx": "{(EgoVehicle↦-3.836514949798584),(Vehicles2↦3.837838526815176),(Vehicles3↦3.8183897361159325),(Vehicles4↦3.9189642667770386),(Vehicles5↦3.8412689324468374)}",
        "VehiclesVx": "{(EgoVehicle↦20.581841468811035),(Vehicles2↦-0.23466849699616432),(Vehicles3↦0.46390291303396225),(Vehicles4↦-2.6495039463043213),(Vehicles5↦-0.03399171866476536)}",
        "VehiclesY": "{(EgoVehicle↦8.000000238418579),(Vehicles2↦-8.000000238418579),(Vehicles3↦-4.0000001192092896),(Vehicles4↦-7.894085385373728E-11),(Vehicles5↦-8.000000238418579)}",
        "VehiclesVy": "{(EgoVehicle↦6.590283874174929E-12),(Vehicles2↦-6.590283874174929E-12),(Vehicles3↦-4.312994406063808E-11),(Vehicles4↦2.1955770534987096E-10),(Vehicles5↦-6.590283874174929E-12)}",
        "VehiclesX": "{(EgoVehicle↦200.0),(Vehicles2↦20.547811686992645),(Vehicles3↦42.72094964981079),(Vehicles4↦51.944178342819214),(Vehicles5↦93.54122877120972)}"
      },
      "probabilisticVariables": null,
      "activating": [
        "FASTER_12"
      ],
      "activatingOnlyWhenExecuted": true,
      "updating": null,
      "withPredicate": null
    },
    {
      "id": "FASTER_12",
      "execute": "FASTER",
      "after": "1000",
      "priority": 0,
      "additionalGuards": null,
      "activationKind": null,
      "fixedVariables": {
        "Crash": "FALSE",
        "VehiclesAy": "{(EgoVehicle↦-6.270539643082884E-12),(Vehicles2↦6.261657858885883E-12),(Vehicles3↦4.078515303262975E-11),(Vehicles4↦-2.0248691612323455E-10),(Vehicles5↦-6.9189098894639756E-12)}",
        "Reward": "0.8511515960645051",
        "VehiclesAx": "{(EgoVehicle↦3.836343288421631),(Vehicles2↦-3.8310313783586025),(Vehicles3↦-3.864578567445278),(Vehicles4↦-3.7391000986099243),(Vehicles5↦-3.8271071668714285)}",
        "VehiclesVx": "{(EgoVehicle↦24.418184757232666),(Vehicles2↦-4.065699875354767),(Vehicles3↦-3.400675654411316),(Vehicles4↦-6.388604044914246),(Vehicles5↦-3.861098885536194)}",
        "VehiclesY": "{(EgoVehicle↦8.000000238418579),(Vehicles2↦-8.000000238418579),(Vehicles3↦-4.0000001192092896),(Vehicles4↦-6.139089236967266E-12),(Vehicles5↦-8.000000238418579)}",
        "VehiclesVy": "{(EgoVehicle↦3.197442310920451E-13),(Vehicles2↦-3.2862601528904634E-13),(Vehicles3↦-2.3447910280083306E-12),(Vehicles4↦1.7070789226636407E-11),(Vehicles5↦-3.2862601528904634E-13)}",
        "VehiclesX": "{(EgoVehicle↦200.0),(Vehicles2↦18.198662996292114),(Vehicles3↦41.057783365249634),(Vehicles4↦47.216445207595825),(Vehicles5↦91.39431118965149)}"
      },
      "probabilisticVariables": null,
      "activating": [
        "SLOWER_13"
      ],
      "activatingOnlyWhenExecuted": true,
      "updating": null,
      "withPredicate": null
    },
    {
      "id": "SLOWER_13",
      "execute": "SLOWER",
      "after": "1000",
      "priority": 0,
      "additionalGuards": null,
      "activationKind": null,
      "fixedVariables": {
        "Crash": "FALSE",
        "VehiclesAy": "{(EgoVehicle↦-3.019806626980426E-13),(Vehicles2↦3.1086244689504383E-13),(Vehicles3↦2.220446049250313E-12),(Vehicles4↦-1.5756285165480222E-11),(Vehicles5↦-3.4638958368304884E-13)}",
        "Reward": "0.7488484955036934",
        "VehiclesAx": "{(EgoVehicle↦-3.836367130279541),(Vehicles2↦3.8442249596118927),(Vehicles3↦3.80281712859869),(Vehicles4↦3.939642608165741),(Vehicles5↦3.848120078910142)}",
        "VehiclesVx": "{(EgoVehicle↦20.581817626953125),(Vehicles2↦-0.22147491574287415),(Vehicles3↦0.4021414741873741),(Vehicles4↦-2.4489614367485046),(Vehicles5↦-0.012978806626051664)}",
        "VehiclesY": "{(EgoVehicle↦8.000000238418579),(Vehicles2↦-8.000000238418579),(Vehicles3↦-4.0000001192092896),(Vehicles4↦-4.689582056016661E-13),(Vehicles5↦-8.000000238418579)}",
        "VehiclesVy": "{(EgoVehicle↦1.7763568394002505E-14),(Vehicles2↦-1.7763568394002505E-14),(Vehicles3↦-1.2434497875801753E-13),(Vehicles4↦1.3145040611561853E-12),(Vehicles5↦-1.7763568394002505E-14)}",
        "VehiclesX": "{(EgoVehicle↦200.0),(Vehicles2↦16.252310574054718),(Vehicles3↦39.760345220565796),(Vehicles4↦42.98529326915741),(Vehicles5↦89.65413570404053)}"
      },
      "probabilisticVariables": null,
      "activating": [
        "SLOWER_14"
      ],
      "activatingOnlyWhenExecuted": true,
      "updating": null,
      "withPredicate": null
    },
    {
      "id": "SLOWER_14",
      "execute": "SLOWER",
      "after": "1000",
      "priority": 0,
      "additionalGuards": null,
      "activationKind": null,
      "fixedVariables": {
        "Crash": "FALSE",
        "VehiclesAy": "{(EgoVehicle↦-1.7763568394002505E-14),(Vehicles2↦1.7763568394002505E-14),(Vehicles3↦1.2434497875801753E-13),(Vehicles4↦-1.2079226507921703E-12),(Vehicles5↦-1.7763568394002505E-14)}",
        "Reward": "0.7353764822611173",
        "VehiclesAx": "{(EgoVehicle↦-0.5051994323730469),(Vehicles2↦0.5146722868084908),(Vehicles3↦0.4691309854388237),(Vehicles4↦0.6089897453784943),(Vehicles5↦-1.352526054251939)}",
        "VehiclesVx": "{(EgoVehicle↦20.076618194580078),(Vehicles2↦0.2931973710656166),(Vehicles3↦0.8712724596261978),(Vehicles4↦-1.8399716913700104),(Vehicles5↦-1.3655048608779907)}",
        "VehiclesY": "{(EgoVehicle↦8.000000238418579),(Vehicles2↦-8.000000238418579),(Vehicles3↦-4.0000001192092896),(Vehicles4↦-3.597122599785507E-14),(Vehicles5↦0.0)}",
        "VehiclesVy": "{(EgoVehicle↦0.0),(Vehicles2↦0.0),(Vehicles3↦0.0),(Vehicles4↦1.0658141036401503E-13),(Vehicles5↦0.0)}",
        "VehiclesX": "{(EgoVehicle↦200.0),(Vehicles2↦16.31322205066681),(Vehicles3↦40.42688012123108),(Vehicles4↦40.85666537284851),(Vehicles5↦89.20307159423828)}"
      },
      "probabilisticVariables": null,
      "activating": [
        "SLOWER_15"
      ],
      "activatingOnlyWhenExecuted": true,
      "updating": null,
      "withPredicate": null
    },
    {
      "id": "SLOWER_15",
      "execute": "SLOWER",
      "after": "1000",
      "priority": 0,
      "additionalGuards": null,
      "activationKind": null,
      "fixedVariables": {
        "Crash": "FALSE",
        "VehiclesAy": "{(EgoVehicle↦0.0),(Vehicles2↦0.0),(Vehicles3↦1.7763568394002505E-14),(Vehicles4↦-1.0658141036401503E-13),(Vehicles5↦0.0)}",
        "Reward": "0.7336023899822597",
        "VehiclesAx": "{(EgoVehicle↦-0.0665283203125),(Vehicles2↦0.07701627910137177),(Vehicles3↦-2.543705031275749),(Vehicles4↦2.740822434425354),(Vehicles5↦0.17061255872249603)}",
        "VehiclesVx": "{(EgoVehicle↦20.010089874267578),(Vehicles2↦0.3702136501669884),(Vehicles3↦-1.6724325716495514),(Vehicles4↦0.9008507430553436),(Vehicles5↦-1.1948923021554947)}",
        "VehiclesY": "{(EgoVehicle↦8.000000238418579),(Vehicles2↦-8.000000238418579),(Vehicles3↦0.0),(Vehicles4↦-4.0000001192092896),(Vehicles5↦0.0)}",
        "VehiclesVy": "{(EgoVehicle↦0.0),(Vehicles2↦0.0),(Vehicles3↦1.7763568394002505E-14),(Vehicles4↦0.0),(Vehicles5↦0.0)}",
        "VehiclesX": "{(EgoVehicle↦200.0),(Vehicles2↦16.647250950336456),(Vehicles3↦39.09411132335663),(Vehicles4↦41.32009744644165),(Vehicles5↦87.91714906692505)}"
      },
      "probabilisticVariables": null,
      "activating": [
        "SLOWER_16"
      ],
      "activatingOnlyWhenExecuted": true,
      "updating": null,
      "withPredicate": null
    },
    {
      "id": "SLOWER_16",
      "execute": "SLOWER",
      "after": "1000",
      "priority": 0,
      "additionalGuards": null,
      "activationKind": null,
      "fixedVariables": {
        "Crash": "FALSE",
        "VehiclesAy": "{(EgoVehicle↦0.0),(Vehicles2↦0.0),(Vehicles3↦-1.7763568394002505E-14),(Vehicles4↦0.0),(Vehicles5↦0.0)}",
        "Reward": "0.733368764661587",
        "VehiclesAx": "{(EgoVehicle↦-0.008761882781982422),(Vehicles2↦0.019888803362846375),(Vehicles3↦0.1051783561706543),(Vehicles4↦-0.028096362948417664),(Vehicles5↦0.09900234639644623)}",
        "VehiclesVx": "{(EgoVehicle↦20.001327991485596),(Vehicles2↦0.39010245352983475),(Vehicles3↦-1.567254215478897),(Vehicles4↦0.872754380106926),(Vehicles5↦-1.0958899557590485)}",
        "VehiclesY": "{(EgoVehicle↦8.000000238418579),(Vehicles2↦-8.000000238418579),(Vehicles3↦0.0),(Vehicles4↦-4.0000001192092896),(Vehicles5↦0.0)}",
        "VehiclesVy": "{(EgoVehicle↦0.0),(Vehicles2↦0.0),(Vehicles3↦0.0),(Vehicles4↦0.0),(Vehicles5↦0.0)}",
        "VehiclesX": "{(EgoVehicle↦200.0),(Vehicles2↦17.026709020137787),(Vehicles3↦37.46549189090729),(Vehicles4↦42.211005091667175),(Vehicles5↦86.76416277885437)}"
      },
      "probabilisticVariables": null,
      "activating": [
        "SLOWER_17"
      ],
      "activatingOnlyWhenExecuted": true,
      "updating": null,
      "withPredicate": null
    },
    {
      "id": "SLOWER_17",
      "execute": "SLOWER",
      "after": "1000",
      "priority": 0,
      "additionalGuards": null,
      "activationKind": null,
      "fixedVariables": {
        "Crash": "FALSE",
        "VehiclesAy": "{(EgoVehicle↦0.0),(Vehicles2↦0.0),(Vehicles3↦0.0),(Vehicles4↦0.0),(Vehicles5↦0.0)}",
        "Reward": "0.7333379991872597",
        "VehiclesAx": "{(EgoVehicle↦-0.0011539459228515625),(Vehicles2↦0.01268874853849411),(Vehicles3↦0.09211108088493347),(Vehicles4↦-0.03502480685710907),(Vehicles5↦0.08038543164730072)}",
        "VehiclesVx": "{(EgoVehicle↦20.000174045562744),(Vehicles2↦0.40279120206832886),(Vehicles3↦-1.4751431345939636),(Vehicles4↦0.8377295732498169),(Vehicles5↦-1.0155045241117477)}",
        "VehiclesY": "{(EgoVehicle↦8.000000238418579),(Vehicles2↦-8.000000238418579),(Vehicles3↦0.0),(Vehicles4↦-4.0000001192092896),(Vehicles5↦0.0)}",
        "VehiclesVy": "{(EgoVehicle↦0.0),(Vehicles2↦0.0),(Vehicles3↦0.0),(Vehicles4↦0.0),(Vehicles5↦0.0)}",
        "VehiclesX": "{(EgoVehicle↦200.0),(Vehicles2↦17.422036826610565),(Vehicles3↦35.9357088804245),(Vehicles4↦43.06985139846802),(Vehicles5↦85.70139408111572)}"
      },
      "probabilisticVariables": null,
      "activating": [
        "SLOWER_18"
      ],
      "activatingOnlyWhenExecuted": true,
      "updating": null,
      "withPredicate": null
    },
    {
      "id": "SLOWER_18",
      "execute": "SLOWER",
      "after": "1000",
      "priority": 0,
      "additionalGuards": null,
      "activationKind": null,
      "fixedVariables": {
        "Crash": "FALSE",
        "VehiclesAy": "{(EgoVehicle↦0.0),(Vehicles2↦0.0),(Vehicles3↦0.0),(Vehicles4↦0.0),(Vehicles5↦0.0)}",
        "Reward": "0.7333339477667722",
        "VehiclesAx": "{(EgoVehicle↦-0.00015020370483398438),(Vehicles2↦0.01195177435874939),(Vehicles3↦0.08536785840988159),(Vehicles4↦-0.03499075770378113),(Vehicles5↦0.07049836218357086)}",
        "VehiclesVx": "{(EgoVehicle↦20.00002384185791),(Vehicles2↦0.41474297642707825),(Vehicles3↦-1.389775276184082),(Vehicles4↦0.8027388155460358),(Vehicles5↦-0.9450061619281769)}",
        "VehiclesY": "{(EgoVehicle↦8.000000238418579),(Vehicles2↦-8.000000238418579),(Vehicles3↦0.0),(Vehicles4↦-4.0000001192092896),(Vehicles5↦0.0)}",
        "VehiclesVy": "{(EgoVehicle↦0.0),(Vehicles2↦0.0),(Vehicles3↦0.0),(Vehicles4↦0.0),(Vehicles5↦0.0)}",
        "VehiclesX": "{(EgoVehicle↦200.0),(Vehicles2↦17.829613387584686),(Vehicles3↦34.49519872665405),(Vehicles4↦43.893516063690186),(Vehicles5↦84.7147524356842)}"
      },
      "probabilisticVariables": null,
      "activating": [
        "SLOWER_19"
      ],
      "activatingOnlyWhenExecuted": true,
      "updating": null,
      "withPredicate": null
    },
    {
      "id": "SLOWER_19",
      "execute": "SLOWER",
      "after": "1000",
      "priority": 0,
      "additionalGuards": null,
      "activationKind": null,
      "fixedVariables": {
        "Crash": "FALSE",
        "VehiclesAy": "{(EgoVehicle↦0.0),(Vehicles2↦0.0),(Vehicles3↦0.0),(Vehicles4↦0.0),(Vehicles5↦0.0)}",
        "Reward": "0.7333334142463787",
        "VehiclesAx": "{(EgoVehicle↦-2.1457672119140625E-05),(Vehicles2↦0.011998414993286133),(Vehicles3↦0.07955953478813171),(Vehicles4↦-0.03386765718460083),(Vehicles5↦0.06309285759925842)}",
        "VehiclesVx": "{(EgoVehicle↦20.00000238418579),(Vehicles2↦0.4267413914203644),(Vehicles3↦-1.3102157413959503),(Vehicles4↦0.7688711583614349),(Vehicles5↦-0.8819133043289185)}",
        "VehiclesY": "{(EgoVehicle↦8.000000238418579),(Vehicles2↦-8.000000238418579),(Vehicles3↦0.0),(Vehicles4↦-4.0000001192092896),(Vehicles5↦0.0)}",
        "VehiclesVy": "{(EgoVehicle↦0.0),(Vehicles2↦0.0),(Vehicles3↦0.0),(Vehicles4↦0.0),(Vehicles5↦0.0)}",
        "VehiclesX": "{(EgoVehicle↦200.0),(Vehicles2↦18.24914813041687),(Vehicles3↦33.137694001197815),(Vehicles4↦44.68260407447815),(Vehicles5↦83.7955117225647)}"
      },
      "probabilisticVariables": null,
      "activating": [
        "SLOWER_20"
      ],
      "activatingOnlyWhenExecuted": true,
      "updating": null,
      "withPredicate": null
    },
    {
      "id": "SLOWER_20",
      "execute": "SLOWER",
      "after": "1000",
      "priority": 0,
      "additionalGuards": null,
      "activationKind": null,
      "fixedVariables": {
        "Crash": "FALSE",
        "VehiclesAy": "{(EgoVehicle↦0.0),(Vehicles2↦0.0),(Vehicles3↦0.0),(Vehicles4↦0.0),(Vehicles5↦0.0)}",
        "Reward": "0.7333333439885492",
        "VehiclesAx": "{(EgoVehicle↦-2.384185791015625E-06),(Vehicles2↦0.012106969952583313),(Vehicles3↦0.07412262260913849),(Vehicles4↦-0.03249607980251312),(Vehicles5↦0.057041868567466736)}",
        "VehiclesVx": "{(EgoVehicle↦20.0),(Vehicles2↦0.4388483613729477),(Vehicles3↦-1.2360931187868118),(Vehicles4↦0.7363750785589218),(Vehicles5↦-0.8248714357614517)}",
        "VehiclesY": "{(EgoVehicle↦8.000000238418579),(Vehicles2↦-8.000000238418579),(Vehicles3↦0.0),(Vehicles4↦-4.0000001192092896),(Vehicles5↦0.0)}",
        "VehiclesVy": "{(EgoVehicle↦0.0),(Vehicles2↦0.0),(Vehicles3↦0.0),(Vehicles4↦0.0),(Vehicles5↦0.0)}",
        "VehiclesX": "{(EgoVehicle↦200.0),(Vehicles2↦18.680723011493683),(Vehicles3↦31.857550144195557),(Vehicles4↦45.438361167907715),(Vehicles5↦82.9368531703949)}"
      },
      "probabilisticVariables": null,
      "activating": [
        "SLOWER_21"
      ],
      "activatingOnlyWhenExecuted": true,
      "updating": null,
      "withPredicate": null
    },
    {
      "id": "SLOWER_21",
      "execute": "SLOWER",
      "after": "1000",
      "priority": 0,
      "additionalGuards": null,
      "activationKind": null,
      "fixedVariables": {
        "Crash": "FALSE",
        "VehiclesAy": "{(EgoVehicle↦0.0),(Vehicles2↦0.0),(Vehicles3↦0.0),(Vehicles4↦0.0),(Vehicles5↦0.0)}",
        "Reward": "0.7333333347364893",
        "VehiclesAx": "{(EgoVehicle↦0.0),(Vehicles2↦0.012197569012641907),(Vehicles3↦0.06905317306518555),(Vehicles4↦-0.03103017807006836),(Vehicles5↦0.05197353661060333)}",
        "VehiclesVx": "{(EgoVehicle↦20.0),(Vehicles2↦0.4510459303855896),(Vehicles3↦-1.1670399457216263),(Vehicles4↦0.7053449004888535),(Vehicles5↦-0.7728978991508484)}",
        "VehiclesY": "{(EgoVehicle↦8.000000238418579),(Vehicles2↦-8.000000238418579),(Vehicles3↦0.0),(Vehicles4↦-4.0000001192092896),(Vehicles5↦0.0)}",
        "VehiclesVy": "{(EgoVehicle↦0.0),(Vehicles2↦0.0),(Vehicles3↦0.0),(Vehicles4↦0.0),(Vehicles5↦0.0)}",
        "VehiclesX": "{(EgoVehicle↦200.0),(Vehicles2↦19.12444531917572),(Vehicles3↦30.649468302726746),(Vehicles4↦46.162205934524536),(Vehicles5↦82.13314414024353)}"
      },
      "probabilisticVariables": null,
      "activating": [
        "SLOWER_22"
      ],
      "activatingOnlyWhenExecuted": true,
      "updating": null,
      "withPredicate": null
    },
    {
      "id": "SLOWER_22",
      "execute": "SLOWER",
      "after": "1000",
      "priority": 0,
      "additionalGuards": null,
      "activationKind": null,
      "fixedVariables": {
        "Crash": "FALSE",
        "VehiclesAy": "{(EgoVehicle↦0.0),(Vehicles2↦0.0),(Vehicles3↦0.0),(Vehicles4↦0.0),(Vehicles5↦0.0)}",
        "Reward": "0.733333333518111",
        "VehiclesAx": "{(EgoVehicle↦0.0),(Vehicles2↦0.01226816326379776),(Vehicles3↦0.06437540054321289),(Vehicles4↦-0.029519274830818176),(Vehicles5↦0.04767321050167084)}",
        "VehiclesVx": "{(EgoVehicle↦20.0),(Vehicles2↦0.46331409364938736),(Vehicles3↦-1.1026645451784134),(Vehicles4↦0.6758256256580353),(Vehicles5↦-0.7252246886491776)}",
        "VehiclesY": "{(EgoVehicle↦8.000000238418579),(Vehicles2↦-8.000000238418579),(Vehicles3↦0.0),(Vehicles4↦-4.0000001192092896),(Vehicles5↦0.0)}",
        "VehiclesVy": "{(EgoVehicle↦0.0),(Vehicles2↦0.0),(Vehicles3↦0.0),(Vehicles4↦0.0),(Vehicles5↦0.0)}",
        "VehiclesX": "{(EgoVehicle↦200.0),(Vehicles2↦19.58039253950119),(Vehicles3↦29.50853705406189),(Vehicles4↦46.85561954975128),(Vehicles5↦81.379634141922)}"
      },
      "probabilisticVariables": null,
      "activating": [
        "SLOWER_23"
      ],
      "activatingOnlyWhenExecuted": true,
      "updating": null,
      "withPredicate": null
    },
    {
      "id": "SLOWER_23",
      "execute": "SLOWER",
      "after": "1000",
      "priority": 0,
      "additionalGuards": null,
      "activationKind": null,
      "fixedVariables": {
        "Crash": "FALSE",
        "VehiclesAy": "{(EgoVehicle↦0.0),(Vehicles2↦0.0),(Vehicles3↦0.0),(Vehicles4↦0.0),(Vehicles5↦0.0)}",
        "Reward": "0.7333333333576663",
        "VehiclesAx": "{(EgoVehicle↦0.0),(Vehicles2↦0.012322887778282166),(Vehicles3↦0.06009027361869812),(Vehicles4↦-0.027990415692329407),(Vehicles5↦0.04398807883262634)}",
        "VehiclesVx": "{(EgoVehicle↦20.0),(Vehicles2↦0.4756369814276695),(Vehicles3↦-1.0425742715597153),(Vehicles4↦0.6478352099657059),(Vehicles5↦-0.6812366098165512)}",
        "VehiclesY": "{(EgoVehicle↦8.000000238418579),(Vehicles2↦-8.000000238418579),(Vehicles3↦0.0),(Vehicles4↦-4.0000001192092896),(Vehicles5↦0.0)}",
        "VehiclesVy": "{(EgoVehicle↦0.0),(Vehicles2↦0.0),(Vehicles3↦0.0),(Vehicles4↦0.0),(Vehicles5↦0.0)}",
        "VehiclesX": "{(EgoVehicle↦200.0),(Vehicles2↦20.048631727695465),(Vehicles3↦28.430235385894775),(Vehicles4↦47.5201278924942),(Vehicles5↦80.67227602005005)}"
      },
      "probabilisticVariables": null,
      "activating": [
        "LANE_LEFT_24"
      ],
      "activatingOnlyWhenExecuted": true,
      "updating": null,
      "withPredicate": null
    },
    {
      "id": "LANE_LEFT_24",
      "execute": "LANE_LEFT",
      "after": "1000",
      "priority": 0,
      "additionalGuards": null,
      "activationKind": null,
      "fixedVariables": {
        "Crash": "FALSE",
        "VehiclesAy": "{(EgoVehicle↦-1.1458635330200195),(Vehicles2↦1.1458635330200195),(Vehicles3↦1.1458635330200195),(Vehicles4↦1.1458635330200195),(Vehicles5↦1.1458635330200195)}",
        "Reward": "0.7000000000000001",
        "VehiclesAx": "{(EgoVehicle↦-0.0328516960144043),(Vehicles2↦0.04521656781435013),(Vehicles3↦0.08903391659259796),(Vehicles4↦0.006390437483787537),(Vehicles5↦0.07365468889474869)}",
        "VehiclesVx": "{(EgoVehicle↦19.967148303985596),(Vehicles2↦0.5208535492420197),(Vehicles3↦-0.9535403549671173),(Vehicles4↦0.6542256474494934),(Vehicles5↦-0.6075819209218025)}",
        "VehiclesY": "{(EgoVehicle↦4.396300435066223),(Vehicles2↦-4.396300435066223),(Vehicles3↦3.6036994457244873),(Vehicles4↦-0.39630044996738434),(Vehicles5↦3.6036994457244873)}",
        "VehiclesVy": "{(EgoVehicle↦-1.1458635330200195),(Vehicles2↦1.1458635330200195),(Vehicles3↦1.1458635330200195),(Vehicles4↦1.1458635330200195),(Vehicles5↦1.1458635330200195)}",
        "VehiclesX": "{(EgoVehicle↦200.0),(Vehicles2↦20.91580629348755),(Vehicles3↦27.797025442123413),(Vehicles4↦48.54384958744049),(Vehicles5↦80.39419651031494)}"
      },
      "probabilisticVariables": null,
      "activating": [
        "IDLE_25"
      ],
      "activatingOnlyWhenExecuted": true,
      "updating": null,
      "withPredicate": null
    },
    {
      "id": "IDLE_25",
      "execute": "IDLE",
      "after": "1000",
      "priority": 0,
      "additionalGuards": null,
      "activationKind": null,
      "fixedVariables": {
        "Crash": "FALSE",
        "VehiclesAy": "{(EgoVehicle↦1.074060839600861),(Vehicles2↦-1.074060839600861),(Vehicles3↦-1.074060839600861),(Vehicles4↦-1.074060839600861),(Vehicles5↦1.217666226439178)}",
        "Reward": "0.7000000000000001",
        "VehiclesAx": "{(EgoVehicle↦0.03272294998168945),(Vehicles2↦-0.020328685641288757),(Vehicles3↦0.019901469349861145),(Vehicles4↦-0.057669468224048615),(Vehicles5↦0.005304776132106781)}",
        "VehiclesVx": "{(EgoVehicle↦19.999871253967285),(Vehicles2↦0.5005248636007309),(Vehicles3↦-0.9336388856172562),(Vehicles4↦0.5965561792254448),(Vehicles5↦-0.6022771447896957)}",
        "VehiclesY": "{(EgoVehicle↦4.024722576141357),(Vehicles2↦-4.024722576141357),(Vehicles3↦3.9752776622772217),(Vehicles4↦-0.02472245693206787),(Vehicles5↦3.9752776622772217)}",
        "VehiclesVy": "{(EgoVehicle↦-0.07180269341915846),(Vehicles2↦0.07180269341915846),(Vehicles3↦0.07180269341915846),(Vehicles4↦0.07180269341915846),(Vehicles5↦0.07180269341915846)}",
        "VehiclesX": "{(EgoVehicle↦200.0),(Vehicles2↦21.414048969745636),(Vehicles3↦26.837238669395447),(Vehicles4↦49.16040897369385),(Vehicles5↦79.7744631767273)}"
      },
      "probabilisticVariables": null,
      "activating": [
        "IDLE_26"
      ],
      "activatingOnlyWhenExecuted": true,
      "updating": null,
      "withPredicate": null
    },
    {
      "id": "IDLE_26",
      "execute": "IDLE",
      "after": "1000",
      "priority": 0,
      "additionalGuards": null,
      "activationKind": null,
      "fixedVariables": {
        "Crash": "FALSE",
        "VehiclesAy": "{(EgoVehicle↦0.06733491318300366),(Vehicles2↦-0.06733491318300366),(Vehicles3↦-0.06733491318300366),(Vehicles4↦-0.06733491318300366),(Vehicles5↦0.07627047365531325)}",
        "Reward": "0.7000000000000001",
        "VehiclesAx": "{(EgoVehicle↦0.00012874603271484375),(Vehicles2↦0.012285038828849792),(Vehicles3↦0.049261078238487244),(Vehicles4↦-0.023583099246025085),(Vehicles5↦0.035465992987155914)}",
        "VehiclesVx": "{(EgoVehicle↦20.0),(Vehicles2↦0.5128099024295807),(Vehicles3↦-0.8843778073787689),(Vehicles4↦0.5729730799794197),(Vehicles5↦-0.5668111518025398)}",
        "VehiclesY": "{(EgoVehicle↦4.001538276672363),(Vehicles2↦-4.001538276672363),(Vehicles3↦3.998461604118347),(Vehicles4↦-0.001538257347419858),(Vehicles5↦3.998461604118347)}",
        "VehiclesVy": "{(EgoVehicle↦-0.004467780236154795),(Vehicles2↦0.004467780236154795),(Vehicles3↦0.004467780236154795),(Vehicles4↦0.004467780236154795),(Vehicles5↦0.004467780236154795)}",
        "VehiclesX": "{(EgoVehicle↦200.0),(Vehicles2↦21.919429302215576),(Vehicles3↦25.92349350452423),(Vehicles4↦49.74735677242279),(Vehicles5↦79.18649911880493)}"
      },
      "probabilisticVariables": null,
      "activating": [
        "IDLE_27"
      ],
      "activatingOnlyWhenExecuted": true,
      "updating": null,
      "withPredicate": null
    },
    {
      "id": "IDLE_27",
      "execute": "IDLE",
      "after": "1000",
      "priority": 0,
      "additionalGuards": null,
      "activationKind": null,
      "fixedVariables": {
        "Crash": "FALSE",
        "VehiclesAy": "{(EgoVehicle↦0.0041897953997249715),(Vehicles2↦-0.0041897953997249715),(Vehicles3↦-0.0041897953997249715),(Vehicles4↦-0.0041897953997249715),(Vehicles5↦0.004745765072584618)}",
        "Reward": "0.7000000000000001",
        "VehiclesAx": "{(EgoVehicle↦0.0),(Vehicles2↦0.012421123683452606),(Vehicles3↦0.04644617438316345),(Vehicles4↦-0.021995194256305695),(Vehicles5↦0.03344625234603882)}",
        "VehiclesVx": "{(EgoVehicle↦20.0),(Vehicles2↦0.5252310261130333),(Vehicles3↦-0.8379316329956055),(Vehicles4↦0.550977885723114),(Vehicles5↦-0.533364899456501)}",
        "VehiclesY": "{(EgoVehicle↦4.00009560585022),(Vehicles2↦-4.00009560585022),(Vehicles3↦3.9999042749404907),(Vehicles4↦-9.571019108989276E-05),(Vehicles5↦3.9999042749404907)}",
        "VehiclesVy": "{(EgoVehicle↦-0.0002779848364298232),(Vehicles2↦0.0002779848364298232),(Vehicles3↦0.0002779848364298232),(Vehicles4↦0.0002779848364298232),(Vehicles5↦0.0002779848364298232)}",
        "VehiclesX": "{(EgoVehicle↦200.0),(Vehicles2↦22.437207400798798),(Vehicles3↦25.057920813560486),(Vehicles4↦50.31141638755798),(Vehicles5↦78.63322496414185)}"
      },
      "probabilisticVariables": null,
      "activating": [
        "IDLE_28"
      ],
      "activatingOnlyWhenExecuted": true,
      "updating": null,
      "withPredicate": null
    },
    {
      "id": "IDLE_28",
      "execute": "IDLE",
      "after": "1000",
      "priority": 0,
      "additionalGuards": null,
      "activationKind": null,
      "fixedVariables": {
        "Crash": "FALSE",
        "VehiclesAy": "{(EgoVehicle↦0.0002606886528155883),(Vehicles2↦-0.0002606886528155883),(Vehicles3↦-0.0002606886528155883),(Vehicles4↦-0.0002606886528155883),(Vehicles5↦0.0002952810200440581)}",
        "Reward": "0.7000000000000001",
        "VehiclesAx": "{(EgoVehicle↦0.0),(Vehicles2↦0.012419261038303375),(Vehicles3↦0.04376739263534546),(Vehicles4↦-0.020572319626808167),(Vehicles5↦0.031540729105472565)}",
        "VehiclesVx": "{(EgoVehicle↦20.0),(Vehicles2↦0.5376502871513367),(Vehicles3↦-0.79416424036026),(Vehicles4↦0.5304055660963058),(Vehicles5↦-0.5018241703510284)}",
        "VehiclesY": "{(EgoVehicle↦4.000005841255188),(Vehicles2↦-4.000005841255188),(Vehicles3↦3.9999940395355225),(Vehicles4↦-5.955076858299435E-06),(Vehicles5↦3.9999940395355225)}",
        "VehiclesVy": "{(EgoVehicle↦-1.7296183614234906E-05),(Vehicles2↦1.7296183614234906E-05),(Vehicles3↦1.7296183614234906E-05),(Vehicles4↦1.7296183614234906E-05),(Vehicles5↦1.7296183614234906E-05)}",
        "VehiclesX": "{(EgoVehicle↦200.0),(Vehicles2↦22.96740710735321),(Vehicles3↦24.237699806690216),(Vehicles4↦50.85405111312866),(Vehicles5↦78.11262011528015)}"
      },
      "probabilisticVariables": null,
      "activating": [
        "IDLE_29"
      ],
      "activatingOnlyWhenExecuted": true,
      "updating": null,
      "withPredicate": null
    },
    {
      "id": "IDLE_29",
      "execute": "IDLE",
      "after": "1000",
      "priority": 0,
      "additionalGuards": null,
      "activationKind": null,
      "fixedVariables": {
        "Crash": "FALSE",
        "VehiclesAy": "{(EgoVehicle↦1.6220017187151825E-05),(Vehicles2↦-1.6220017187151825E-05),(Vehicles3↦-1.6220017187151825E-05),(Vehicles4↦-1.6220017187151825E-05),(Vehicles5↦1.8372350041317986E-05)}",
        "Reward": "0.7000000000000001",
        "VehiclesAx": "{(EgoVehicle↦0.0),(Vehicles2↦-1.2904895097017288),(Vehicles3↦1.3442211598157883),(Vehicles4↦-0.019192248582839966),(Vehicles5↦0.029840245842933655)}",
        "VehiclesVx": "{(EgoVehicle↦20.0),(Vehicles2↦-0.7528392225503922),(Vehicles3↦0.5500569194555283),(Vehicles4↦0.5112133175134659),(Vehicles5↦-0.4719839245080948)}",
        "VehiclesY": "{(EgoVehicle↦4.000000476837158),(Vehicles2↦3.999999761581421),(Vehicles3↦-4.000000476837158),(Vehicles4↦-3.705241340412613E-07),(Vehicles5↦3.999999761581421)}",
        "VehiclesVy": "{(EgoVehicle↦-1.0761664270830806E-06),(Vehicles2↦1.0761664270830806E-06),(Vehicles3↦1.0761664270830806E-06),(Vehicles4↦1.0761664270830806E-06),(Vehicles5↦1.0761664270830806E-06)}",
        "VehiclesX": "{(EgoVehicle↦200.0),(Vehicles2↦23.460251092910767),(Vehicles3↦23.510020971298218),(Vehicles4↦51.376670598983765),(Vehicles5↦77.62286067008972)}"
      },
      "probabilisticVariables": null,
      "activating": [
        "IDLE_30"
      ],
      "activatingOnlyWhenExecuted": true,
      "updating": null,
      "withPredicate": null
    },
    {
      "id": "IDLE_30",
      "execute": "IDLE",
      "after": "1000",
      "priority": 0,
      "additionalGuards": null,
      "activationKind": null,
      "fixedVariables": {
        "Crash": "FALSE",
        "VehiclesAy": "{(EgoVehicle↦1.0092074820278185E-06),(Vehicles2↦-1.0092074731460343E-06),(Vehicles3↦-1.0092074731460343E-06),(Vehicles4↦-1.0092074731460343E-06),(Vehicles5↦1.143125381020127E-06)}",
        "Reward": "0.7000000000000001",
        "VehiclesAx": "{(EgoVehicle↦0.0),(Vehicles2↦0.039095357060432434),(Vehicles3↦0.012383833527565002),(Vehicles4↦-0.01785818487405777),(Vehicles5↦0.02831593155860901)}",
        "VehiclesVx": "{(EgoVehicle↦20.0),(Vehicles2↦-0.7137438654899597),(Vehicles3↦0.5624407529830933),(Vehicles4↦0.4933551326394081),(Vehicles5↦-0.4436679929494858)}",
        "VehiclesY": "{(EgoVehicle↦4.0000001192092896),(Vehicles2↦4.0000001192092896),(Vehicles3↦-4.0000001192092896),(Vehicles4↦-2.3053964071095834E-08),(Vehicles5↦4.0000001192092896)}",
        "VehiclesVy": "{(EgoVehicle↦-6.695894505526212E-08),(Vehicles2↦6.695895393704632E-08),(Vehicles3↦6.695895393704632E-08),(Vehicles4↦6.695895393704632E-08),(Vehicles5↦6.695895393704632E-08)}",
        "VehiclesX": "{(EgoVehicle↦200.0),(Vehicles2↦22.72322028875351),(Vehicles3↦24.065034091472626),(Vehicles4↦51.88063979148865),(Vehicles5↦77.16231942176819)}"
      },
      "probabilisticVariables": null,
      "activating": [
        "IDLE_31"
      ],
      "activatingOnlyWhenExecuted": true,
      "updating": null,
      "withPredicate": null
    },
    {
      "id": "IDLE_31",
      "execute": "IDLE",
      "after": "1000",
      "priority": 0,
      "additionalGuards": null,
      "activationKind": null,
      "fixedVariables": {
        "Crash": "FALSE",
        "VehiclesAy": "{(EgoVehicle↦6.279276654197474E-08),(Vehicles2↦-6.279277542375894E-08),(Vehicles3↦-6.279277542375894E-08),(Vehicles4↦-6.279277542375894E-08),(Vehicles5↦7.11251324503337E-08)}",
        "Reward": "0.7000000000000001",
        "VehiclesAx": "{(EgoVehicle↦0.0),(Vehicles2↦0.03705620765686035),(Vehicles3↦0.0123513862490654),(Vehicles4↦-0.01657281070947647),(Vehicles5↦0.0269433856010437)}",
        "VehiclesVx": "{(EgoVehicle↦20.0),(Vehicles2↦-0.6766876578330994),(Vehicles3↦0.5747921392321587),(Vehicles4↦0.47678232192993164),(Vehicles5↦-0.4167246073484421)}",
        "VehiclesY": "{(EgoVehicle↦4.0000001192092896),(Vehicles2↦4.0000001192092896),(Vehicles3↦-4.0000001192092896),(Vehicles4↦-1.4344152532430599E-09),(Vehicles5↦4.0000001192092896)}",
        "VehiclesVy": "{(EgoVehicle↦-4.1661785132873774E-09),(Vehicles2↦4.1661785132873774E-09),(Vehicles3↦4.1661785132873774E-09),(Vehicles4↦4.1661785132873774E-09),(Vehicles5↦4.1661785132873774E-09)}",
        "VehiclesX": "{(EgoVehicle↦200.0),(Vehicles2↦22.024455666542053),(Vehicles3↦24.632418155670166),(Vehicles4↦52.36726403236389),(Vehicles5↦76.72953605651855)}"
      },
      "probabilisticVariables": null,
      "activating": [
        "SLOWER_32"
      ],
      "activatingOnlyWhenExecuted": true,
      "updating": null,
      "withPredicate": null
    },
    {
      "id": "SLOWER_32",
      "execute": "SLOWER",
      "after": "1000",
      "priority": 0,
      "additionalGuards": null,
      "activationKind": null,
      "fixedVariables": {
        "Crash": "FALSE",
        "VehiclesAy": "{(EgoVehicle↦3.906954759713699E-09),(Vehicles2↦-3.906954759713699E-09),(Vehicles3↦-3.906954759713699E-09),(Vehicles4↦-3.906954759713699E-09),(Vehicles5↦4.425402266861056E-09)}",
        "Reward": "0.7000000000000001",
        "VehiclesAx": "{(EgoVehicle↦0.0),(Vehicles2↦0.03518819808959961),(Vehicles3↦0.012309551239013672),(Vehicles4↦-0.015337951481342316),(Vehicles5↦0.025702230632305145)}",
        "VehiclesVx": "{(EgoVehicle↦20.0),(Vehicles2↦-0.6414994597434998),(Vehicles3↦0.5871016904711723),(Vehicles4↦0.4614443704485893),(Vehicles5↦-0.39102237671613693)}",
        "VehiclesY": "{(EgoVehicle↦4.0000001192092896),(Vehicles2↦4.0000001192092896),(Vehicles3↦-4.0000001192092896),(Vehicles4↦-8.924727623593753E-11),(Vehicles5↦4.0000001192092896)}",
        "VehiclesVy": "{(EgoVehicle↦-2.5922375357367855E-10),(Vehicles2↦2.5922375357367855E-10),(Vehicles3↦2.5922375357367855E-10),(Vehicles4↦2.5922375357367855E-10),(Vehicles5↦2.5922375357367855E-10)}",
        "VehiclesX": "{(EgoVehicle↦200.0),(Vehicles2↦21.36198580265045),(Vehicles3↦25.212138891220093),(Vehicles4↦52.83781290054321),(Vehicles5↦76.3231873512268)}"
      },
      "probabilisticVariables": null,
      "activating": [
        "SLOWER_33"
      ],
      "activatingOnlyWhenExecuted": true,
      "updating": null,
      "withPredicate": null
    },
    {
      "id": "SLOWER_33",
      "execute": "SLOWER",
      "after": "1000",
      "priority": 0,
      "additionalGuards": null,
      "activationKind": null,
      "fixedVariables": {
        "Crash": "FALSE",
        "VehiclesAy": "{(EgoVehicle↦2.430944334719243E-10),(Vehicles2↦-2.430944334719243E-10),(Vehicles3↦-2.430944334719243E-10),(Vehicles4↦-2.430944334719243E-10),(Vehicles5↦2.753530736754328E-10)}",
        "Reward": "0.7000000000000001",
        "VehiclesAx": "{(EgoVehicle↦0.0),(Vehicles2↦0.033473894000053406),(Vehicles3↦0.01225881278514862),(Vehicles4↦-0.014154799282550812),(Vehicles5↦0.024575479328632355)}",
        "VehiclesVx": "{(EgoVehicle↦20.0),(Vehicles2↦-0.6080255657434464),(Vehicles3↦0.599360503256321),(Vehicles4↦0.4472895711660385),(Vehicles5↦-0.3664468973875046)}",
        "VehiclesY": "{(EgoVehicle↦4.0000001192092896),(Vehicles2↦4.0000001192092896),(Vehicles3↦-4.0000001192092896),(Vehicles4↦-5.548894677076532E-12),(Vehicles5↦4.0000001192092896)}",
        "VehiclesVy": "{(EgoVehicle↦-1.6129320101754274E-11),(Vehicles2↦1.6129320101754274E-11),(Vehicles3↦1.6129320101754274E-11),(Vehicles4↦1.6129320101754274E-11),(Vehicles5↦1.6129320101754274E-11)}",
        "VehiclesX": "{(EgoVehicle↦200.0),(Vehicles2↦20.73400765657425),(Vehicles3↦25.804147124290466),(Vehicles4↦53.29350233078003),(Vehicles5↦75.94208121299744)}"
      },
      "probabilisticVariables": null,
      "activating": [
        "SLOWER_34"
      ],
      "activatingOnlyWhenExecuted": true,
      "updating": null,
      "withPredicate": null
    },
    {
      "id": "SLOWER_34",
      "execute": "SLOWER",
      "after": "1000",
      "priority": 0,
      "additionalGuards": null,
      "activationKind": null,
      "fixedVariables": {
        "Crash": "FALSE",
        "VehiclesAy": "{(EgoVehicle↦1.511679670329613E-11),(Vehicles2↦-1.511679670329613E-11),(Vehicles3↦-1.511679670329613E-11),(Vehicles4↦-1.511679670329613E-11),(Vehicles5↦1.7141843500212417E-11)}",
        "Reward": "0.7000000000000001",
        "VehiclesAx": "{(EgoVehicle↦0.0),(Vehicles2↦0.0318976491689682),(Vehicles3↦0.012199729681015015),(Vehicles4↦-0.013024061918258667),(Vehicles5↦0.023548752069473267)}",
        "VehiclesVx": "{(EgoVehicle↦20.0),(Vehicles2↦-0.5761279165744781),(Vehicles3↦0.611560232937336),(Vehicles4↦0.43426550924777985),(Vehicles5↦-0.3428981453180313)}",
        "VehiclesY": "{(EgoVehicle↦4.0000001192092896),(Vehicles2↦4.0000001192092896),(Vehicles3↦-4.0000001192092896),(Vehicles4↦-3.4505731605349865E-13),(Vehicles5↦4.0000001192092896)}",
        "VehiclesVy": "{(EgoVehicle↦-1.0125233984581428E-12),(Vehicles2↦1.0125233984581428E-12),(Vehicles3↦1.0125233984581428E-12),(Vehicles4↦1.0125233984581428E-12),(Vehicles5↦1.0125233984581428E-12)}",
        "VehiclesX": "{(EgoVehicle↦200.0),(Vehicles2↦20.13886272907257),(Vehicles3↦26.408392190933228),(Vehicles4↦53.73549461364746),(Vehicles5↦75.58513283729553)}"
      },
      "probabilisticVariables": null,
      "activating": [
        "SLOWER_35"
      ],
      "activatingOnlyWhenExecuted": true,
      "updating": null,
      "withPredicate": null
    },
    {
      "id": "SLOWER_35",
      "execute": "SLOWER",
      "after": "1000",
      "priority": 0,
      "additionalGuards": null,
      "activationKind": null,
      "fixedVariables": {
        "Crash": "FALSE",
        "VehiclesAy": "{(EgoVehicle↦9.592326932761353E-13),(Vehicles2↦-9.592326932761353E-13),(Vehicles3↦-9.592326932761353E-13),(Vehicles4↦-9.592326932761353E-13),(Vehicles5↦1.0658141036401503E-12)}",
        "Reward": "0.7000000000000001",
        "VehiclesAx": "{(EgoVehicle↦0.0),(Vehicles2↦0.030445754528045654),(Vehicles3↦0.012132711708545685),(Vehicles4↦-0.011945739388465881),(Vehicles5↦0.022609755396842957)}",
        "VehiclesVx": "{(EgoVehicle↦20.0),(Vehicles2↦-0.5456821620464325),(Vehicles3↦0.6236929446458817),(Vehicles4↦0.42231976985931396),(Vehicles5↦-0.32028838992118835)}",
        "VehiclesY": "{(EgoVehicle↦4.0000001192092896),(Vehicles2↦4.0000001192092896),(Vehicles3↦-4.0000001192092896),(Vehicles4↦-2.1316282072803006E-14),(Vehicles5↦4.0000001192092896)}",
        "VehiclesVy": "{(EgoVehicle↦-5.3290705182007514E-14),(Vehicles2↦5.3290705182007514E-14),(Vehicles3↦5.3290705182007514E-14),(Vehicles4↦5.3290705182007514E-14),(Vehicles5↦5.3290705182007514E-14)}",
        "VehiclesX": "{(EgoVehicle↦200.0),(Vehicles2↦19.575023651123047),(Vehicles3↦27.024811506271362),(Vehicles4↦54.16489839553833),(Vehicles5↦75.25134682655334)}"
      },
      "probabilisticVariables": null,
      "activating": [
        "SLOWER_36"
      ],
      "activatingOnlyWhenExecuted": true,
      "updating": null,
      "withPredicate": null
    },
    {
      "id": "SLOWER_36",
      "execute": "SLOWER",
      "after": "1000",
      "priority": 0,
      "additionalGuards": null,
      "activationKind": null,
      "fixedVariables": {
        "Crash": "FALSE",
        "VehiclesAy": "{(EgoVehicle↦3.552713678800501E-14),(Vehicles2↦-3.552713678800501E-14),(Vehicles3↦-3.552713678800501E-14),(Vehicles4↦-3.552713678800501E-14),(Vehicles5↦7.105427357601002E-14)}",
        "Reward": "0.7000000000000001",
        "VehiclesAx": "{(EgoVehicle↦0.0),(Vehicles2↦0.02910606563091278),(Vehicles3↦0.012058466672897339),(Vehicles4↦-0.010919682681560516),(Vehicles5↦0.0217481330037117)}",
        "VehiclesVx": "{(EgoVehicle↦20.0),(Vehicles2↦-0.5165760964155197),(Vehicles3↦0.635751411318779),(Vehicles4↦0.41140008717775345),(Vehicles5↦-0.29854025691747665)}",
        "VehiclesY": "{(EgoVehicle↦4.0000001192092896),(Vehicles2↦4.0000001192092896),(Vehicles3↦-4.0000001192092896),(Vehicles4↦0.0),(Vehicles5↦4.0000001192092896)}",
        "VehiclesVy": "{(EgoVehicle↦-1.7763568394002505E-14),(Vehicles2↦1.7763568394002505E-14),(Vehicles3↦1.7763568394002505E-14),(Vehicles4↦1.7763568394002505E-14),(Vehicles5↦1.7763568394002505E-14)}",
        "VehiclesX": "{(EgoVehicle↦200.0),(Vehicles2↦19.041086733341217),(Vehicles3↦27.65333354473114),(Vehicles4↦54.58276867866516),(Vehicles5↦74.93982315063477)}"
      },
      "probabilisticVariables": null,
      "activating": [
        "SLOWER_37"
      ],
      "activatingOnlyWhenExecuted": true,
      "updating": null,
      "withPredicate": null
    },
    {
      "id": "SLOWER_37",
      "execute": "SLOWER",
      "after": "1000",
      "priority": 0,
      "additionalGuards": null,
      "activationKind": null,
      "fixedVariables": {
        "Crash": "FALSE",
        "VehiclesAy": "{(EgoVehicle↦1.7763568394002505E-14),(Vehicles2↦-1.7763568394002505E-14),(Vehicles3↦-1.7763568394002505E-14),(Vehicles4↦-1.7763568394002505E-14),(Vehicles5↦1.7763568394002505E-14)}",
        "Reward": "0.7000000000000001",
        "VehiclesAx": "{(EgoVehicle↦0.0),(Vehicles2↦0.027867592871189117),(Vehicles3↦0.011977329850196838),(Vehicles4↦-0.009945109486579895),(Vehicles5↦0.020954851061105728)}",
        "VehiclesVx": "{(EgoVehicle↦20.0),(Vehicles2↦-0.4887085035443306),(Vehicles3↦0.6477287411689758),(Vehicles4↦0.40145497769117355),(Vehicles5↦-0.2775854058563709)}",
        "VehiclesY": "{(EgoVehicle↦4.0000001192092896),(Vehicles2↦4.0000001192092896),(Vehicles3↦-4.0000001192092896),(Vehicles4↦2.6645352591003757E-15),(Vehicles5↦4.0000001192092896)}",
        "VehiclesVy": "{(EgoVehicle↦0.0),(Vehicles2↦0.0),(Vehicles3↦0.0),(Vehicles4↦0.0),(Vehicles5↦0.0)}",
        "VehiclesX": "{(EgoVehicle↦200.0),(Vehicles2↦18.535754084587097),(Vehicles3↦28.293883800506592),(Vehicles4↦54.990118741989136),(Vehicles5↦74.64972734451294)}"
      },
      "probabilisticVariables": null,
      "activating": [
        "SLOWER_38"
      ],
      "activatingOnlyWhenExecuted": true,
      "updating": null,
      "withPredicate": null
    },
    {
      "id": "SLOWER_38",
      "execute": "SLOWER",
      "after": "1000",
      "priority": 0,
      "additionalGuards": null,
      "activationKind": null,
      "fixedVariables": {
        "Crash": "FALSE",
        "VehiclesAy": "{(EgoVehicle↦0.0),(Vehicles2↦0.0),(Vehicles3↦0.0),(Vehicles4↦0.0),(Vehicles5↦0.0)}",
        "Reward": "0.7000000000000001",
        "VehiclesAx": "{(EgoVehicle↦0.0),(Vehicles2↦0.026720762252807617),(Vehicles3↦0.011889934539794922),(Vehicles4↦-0.009021051228046417),(Vehicles5↦0.020222235471010208)}",
        "VehiclesVx": "{(EgoVehicle↦20.0),(Vehicles2↦-0.461987741291523),(Vehicles3↦0.6596186757087708),(Vehicles4↦0.39243392646312714),(Vehicles5↦-0.2573631703853607)}",
        "VehiclesY": "{(EgoVehicle↦4.0000001192092896),(Vehicles2↦4.0000001192092896),(Vehicles3↦-4.0000001192092896),(Vehicles4↦2.6645352591003757E-15),(Vehicles5↦4.0000001192092896)}",
        "VehiclesVy": "{(EgoVehicle↦0.0),(Vehicles2↦0.0),(Vehicles3↦0.0),(Vehicles4↦0.0),(Vehicles5↦0.0)}",
        "VehiclesX": "{(EgoVehicle↦200.0),(Vehicles2↦18.057821691036224),(Vehicles3↦28.946375846862793),(Vehicles4↦55.387890338897705),(Vehicles5↦74.38028454780579)}"
      },
      "probabilisticVariables": null,
      "activating": [
        "SLOWER_39"
      ],
      "activatingOnlyWhenExecuted": true,
      "updating": null,
      "withPredicate": null
    },
    {
      "id": "SLOWER_39",
      "execute": "SLOWER",
      "after": "1000",
      "priority": 0,
      "additionalGuards": null,
      "activationKind": null,
      "fixedVariables": {
        "Crash": "FALSE",
        "VehiclesAy": "{(EgoVehicle↦0.0),(Vehicles2↦0.0),(Vehicles3↦0.0),(Vehicles4↦0.0),(Vehicles5↦0.0)}",
        "Reward": "0.7000000000000001",
        "VehiclesAx": "{(EgoVehicle↦0.0),(Vehicles2↦0.025656893849372864),(Vehicles3↦0.011797025799751282),(Vehicles4↦-0.008146390318870544),(Vehicles5↦0.01954358071088791)}",
        "VehiclesVx": "{(EgoVehicle↦20.0),(Vehicles2↦-0.4363308474421501),(Vehicles3↦0.671415701508522),(Vehicles4↦0.3842875361442566),(Vehicles5↦-0.2378195896744728)}",
        "VehiclesY": "{(EgoVehicle↦4.0000001192092896),(Vehicles2↦4.0000001192092896),(Vehicles3↦-4.0000001192092896),(Vehicles4↦2.6645352591003757E-15),(Vehicles5↦4.0000001192092896)}",
        "VehiclesVy": "{(EgoVehicle↦0.0),(Vehicles2↦0.0),(Vehicles3↦0.0),(Vehicles4↦0.0),(Vehicles5↦0.0)}",
        "VehiclesX": "{(EgoVehicle↦200.0),(Vehicles2↦17.606177926063538),(Vehicles3↦29.61072027683258),(Vehicles4↦55.77700138092041),(Vehicles5↦74.13079142570496)}"
      },
      "probabilisticVariables": null,
      "activating": [
        "SLOWER_40"
      ],
      "activatingOnlyWhenExecuted": true,
      "updating": null,
      "withPredicate": null
    },
    {
      "id": "SLOWER_40",
      "execute": "SLOWER",
      "after": "1000",
      "priority": 0,
      "additionalGuards": null,
      "activationKind": null,
      "fixedVariables": {
        "Crash": "FALSE",
        "VehiclesAy": "{(EgoVehicle↦0.0),(Vehicles2↦0.0),(Vehicles3↦0.0),(Vehicles4↦0.0),(Vehicles5↦0.0)}",
        "Reward": "0.7000000000000001",
        "VehiclesAx": "{(EgoVehicle↦0.0),(Vehicles2↦0.024668313562870026),(Vehicles3↦0.011698678135871887),(Vehicles4↦-0.0073196738958358765),(Vehicles5↦0.018913093954324722)}",
        "VehiclesVx": "{(EgoVehicle↦20.0),(Vehicles2↦-0.4116625338792801),(Vehicles3↦0.6831143796443939),(Vehicles4↦0.3769678622484207),(Vehicles5↦-0.2189064957201481)}",
        "VehiclesY": "{(EgoVehicle↦4.0000001192092896),(Vehicles2↦4.0000001192092896),(Vehicles3↦-4.0000001192092896),(Vehicles4↦2.6645352591003757E-15),(Vehicles5↦4.0000001192092896)}",
        "VehiclesVy": "{(EgoVehicle↦0.0),(Vehicles2↦0.0),(Vehicles3↦0.0),(Vehicles4↦0.0),(Vehicles5↦0.0)}",
        "VehiclesX": "{(EgoVehicle↦200.0),(Vehicles2↦17.179791629314423),(Vehicles3↦30.286824703216553),(Vehicles4↦56.158292293548584),(Vehicles5↦73.90058636665344)}"
      },
      "probabilisticVariables": null,
      "activating": [
        "SLOWER_41"
      ],
      "activatingOnlyWhenExecuted": true,
      "updating": null,
      "withPredicate": null
    },
    {
      "id": "SLOWER_41",
      "execute": "SLOWER",
      "after": "1000",
      "priority": 0,
      "additionalGuards": null,
      "activationKind": null,
      "fixedVariables": {
        "Crash": "FALSE",
        "VehiclesAy": "{(EgoVehicle↦0.0),(Vehicles2↦0.0),(Vehicles3↦0.0),(Vehicles4↦0.0),(Vehicles5↦0.0)}",
        "Reward": "0.7000000000000001",
        "VehiclesAx": "{(EgoVehicle↦0.0),(Vehicles2↦0.023748166859149933),(Vehicles3↦0.011595860123634338),(Vehicles4↦-0.006539300084114075),(Vehicles5↦0.01832578331232071)}",
        "VehiclesVx": "{(EgoVehicle↦20.0),(Vehicles2↦-0.38791436702013016),(Vehicles3↦0.6947102397680283),(Vehicles4↦0.37042856216430664),(Vehicles5↦-0.20058071240782738)}",
        "VehiclesY": "{(EgoVehicle↦4.0000001192092896),(Vehicles2↦4.0000001192092896),(Vehicles3↦-4.0000001192092896),(Vehicles4↦2.6645352591003757E-15),(Vehicles5↦4.0000001192092896)}",
        "VehiclesVy": "{(EgoVehicle↦0.0),(Vehicles2↦0.0),(Vehicles3↦0.0),(Vehicles4↦0.0),(Vehicles5↦0.0)}",
        "VehiclesX": "{(EgoVehicle↦200.0),(Vehicles2↦16.777698695659637),(Vehicles3↦30.974584817886353),(Vehicles4↦56.53258562088013),(Vehicles5↦73.68905544281006)}"
      },
      "probabilisticVariables": null,
      "activating": [
        "SLOWER_42"
      ],
      "activatingOnlyWhenExecuted": true,
      "updating": null,
      "withPredicate": null
    },
    {
      "id": "SLOWER_42",
      "execute": "SLOWER",
      "after": "1000",
      "priority": 0,
      "additionalGuards": null,
      "activationKind": null,
      "fixedVariables": {
        "Crash": "FALSE",
        "VehiclesAy": "{(EgoVehicle↦0.0),(Vehicles2↦0.0),(Vehicles3↦0.0),(Vehicles4↦0.0),(Vehicles5↦0.0)}",
        "Reward": "0.7000000000000001",
        "VehiclesAx": "{(EgoVehicle↦0.0),(Vehicles2↦0.022890344262123108),(Vehicles3↦0.011488720774650574),(Vehicles4↦-0.005803704261779785),(Vehicles5↦0.017777159810066223)}",
        "VehiclesVx": "{(EgoVehicle↦20.0),(Vehicles2↦-0.36502402275800705),(Vehicles3↦0.7061989605426788),(Vehicles4↦0.36462485790252686),(Vehicles5↦-0.18280355259776115)}",
        "VehiclesY": "{(EgoVehicle↦4.0000001192092896),(Vehicles2↦4.0000001192092896),(Vehicles3↦-4.0000001192092896),(Vehicles4↦2.6645352591003757E-15),(Vehicles5↦4.0000001192092896)}",
        "VehiclesVy": "{(EgoVehicle↦0.0),(Vehicles2↦0.0),(Vehicles3↦0.0),(Vehicles4↦0.0),(Vehicles5↦0.0)}",
        "VehiclesX": "{(EgoVehicle↦200.0),(Vehicles2↦16.39900654554367),(Vehicles3↦31.673899292945862),(Vehicles4↦56.90063834190369),(Vehicles5↦73.49563241004944)}"
      },
      "probabilisticVariables": null,
      "activating": [
        "SLOWER_43"
      ],
      "activatingOnlyWhenExecuted": true,
      "updating": null,
      "withPredicate": null
    },
    {
      "id": "SLOWER_43",
      "execute": "SLOWER",
      "after": "1000",
      "priority": 0,
      "additionalGuards": null,
      "activationKind": null,
      "fixedVariables": {
        "Crash": "FALSE",
        "VehiclesAy": "{(EgoVehicle↦0.0),(Vehicles2↦0.0),(Vehicles3↦0.0),(Vehicles4↦0.0),(Vehicles5↦0.0)}",
        "Reward": "0.7000000000000001",
        "VehiclesAx": "{(EgoVehicle↦0.0),(Vehicles2↦0.02208918333053589),(Vehicles3↦0.011377856135368347),(Vehicles4↦-0.005111023783683777),(Vehicles5↦0.01726338639855385)}",
        "VehiclesVx": "{(EgoVehicle↦20.0),(Vehicles2↦-0.34293483942747116),(Vehicles3↦0.7175768166780472),(Vehicles4↦0.3595138341188431),(Vehicles5↦-0.1655401661992073)}",
        "VehiclesY": "{(EgoVehicle↦4.0000001192092896),(Vehicles2↦4.0000001192092896),(Vehicles3↦-4.0000001192092896),(Vehicles4↦2.6645352591003757E-15),(Vehicles5↦4.0000001192092896)}",
        "VehiclesVy": "{(EgoVehicle↦0.0),(Vehicles2↦0.0),(Vehicles3↦0.0),(Vehicles4↦0.0),(Vehicles5↦0.0)}",
        "VehiclesX": "{(EgoVehicle↦200.0),(Vehicles2↦16.042880713939667),(Vehicles3↦32.384657859802246),(Vehicles4↦57.26315975189209),(Vehicles5↦73.31976890563965)}"
      },
      "probabilisticVariables": null,
      "activating": [
        "SLOWER_44"
      ],
      "activatingOnlyWhenExecuted": true,
      "updating": null,
      "withPredicate": null
    },
    {
      "id": "SLOWER_44",
      "execute": "SLOWER",
      "after": "1000",
      "priority": 0,
      "additionalGuards": null,
      "activationKind": null,
      "fixedVariables": {
        "Crash": "FALSE",
        "VehiclesAy": "{(EgoVehicle↦0.0),(Vehicles2↦0.0),(Vehicles3↦0.0),(Vehicles4↦0.0),(Vehicles5↦0.0)}",
        "Reward": "0.7000000000000001",
        "VehiclesAx": "{(EgoVehicle↦0.0),(Vehicles2↦0.02133987843990326),(Vehicles3↦0.011263713240623474),(Vehicles4↦-0.004459470510482788),(Vehicles5↦0.016781101003289223)}",
        "VehiclesVx": "{(EgoVehicle↦20.0),(Vehicles2↦-0.3215949609875679),(Vehicles3↦0.7288405299186707),(Vehicles4↦0.3550543636083603),(Vehicles5↦-0.14875906519591808)}",
        "VehiclesY": "{(EgoVehicle↦4.0000001192092896),(Vehicles2↦4.0000001192092896),(Vehicles3↦-4.0000001192092896),(Vehicles4↦2.6645352591003757E-15),(Vehicles5↦4.0000001192092896)}",
        "VehiclesVy": "{(EgoVehicle↦0.0),(Vehicles2↦0.0),(Vehicles3↦0.0),(Vehicles4↦0.0),(Vehicles5↦0.0)}",
        "VehiclesX": "{(EgoVehicle↦200.0),(Vehicles2↦15.708540380001068),(Vehicles3↦33.10675024986267),(Vehicles4↦57.62084126472473),(Vehicles5↦73.16098213195801)}"
      },
      "probabilisticVariables": null,
      "activating": [
        "SLOWER_45"
      ],
      "activatingOnlyWhenExecuted": true,
      "updating": null,
      "withPredicate": null
    },
    {
      "id": "SLOWER_45",
      "execute": "SLOWER",
      "after": "1000",
      "priority": 0,
      "additionalGuards": null,
      "activationKind": null,
      "fixedVariables": {
        "Crash": "FALSE",
        "VehiclesAy": "{(EgoVehicle↦0.0),(Vehicles2↦0.0),(Vehicles3↦0.0),(Vehicles4↦0.0),(Vehicles5↦0.0)}",
        "Reward": "0.7000000000000001",
        "VehiclesAx": "{(EgoVehicle↦0.0),(Vehicles2↦0.020637866109609604),(Vehicles3↦0.0111466646194458),(Vehicles4↦-0.0038472935557365417),(Vehicles5↦0.016327248886227608)}",
        "VehiclesVx": "{(EgoVehicle↦20.0),(Vehicles2↦-0.3009570948779583),(Vehicles3↦0.7399871945381165),(Vehicles4↦0.35120707005262375),(Vehicles5↦-0.13243181630969048)}",
        "VehiclesY": "{(EgoVehicle↦4.0000001192092896),(Vehicles2↦4.0000001192092896),(Vehicles3↦-4.0000001192092896),(Vehicles4↦2.6645352591003757E-15),(Vehicles5↦4.0000001192092896)}",
        "VehiclesVy": "{(EgoVehicle↦0.0),(Vehicles2↦0.0),(Vehicles3↦0.0),(Vehicles4↦0.0),(Vehicles5↦0.0)}",
        "VehiclesX": "{(EgoVehicle↦200.0),(Vehicles2↦15.395253896713257),(Vehicles3↦33.840057253837585),(Vehicles4↦57.97430872917175),(Vehicles5↦73.01878929138184)}"
      },
      "probabilisticVariables": null,
      "activating": [
        "SLOWER_46"
      ],
      "activatingOnlyWhenExecuted": true,
      "updating": null,
      "withPredicate": null
    },
    {
      "id": "SLOWER_46",
      "execute": "SLOWER",
      "after": "1000",
      "priority": 0,
      "additionalGuards": null,
      "activationKind": null,
      "fixedVariables": {
        "Crash": "FALSE",
        "VehiclesAy": "{(EgoVehicle↦0.0),(Vehicles2↦0.0),(Vehicles3↦0.0),(Vehicles4↦0.0),(Vehicles5↦0.0)}",
        "Reward": "0.7000000000000001",
        "VehiclesAx": "{(EgoVehicle↦0.0),(Vehicles2↦0.019979234784841537),(Vehicles3↦0.011027082800865173),(Vehicles4↦-0.003272518515586853),(Vehicles5↦0.015899231657385826)}",
        "VehiclesVx": "{(EgoVehicle↦20.0),(Vehicles2↦-0.28097786009311676),(Vehicles3↦0.7510142773389816),(Vehicles4↦0.3479345515370369),(Vehicles5↦-0.11653258465230465)}",
        "VehiclesY": "{(EgoVehicle↦4.0000001192092896),(Vehicles2↦4.0000001192092896),(Vehicles3↦-4.0000001192092896),(Vehicles4↦2.6645352591003757E-15),(Vehicles5↦4.0000001192092896)}",
        "VehiclesVy": "{(EgoVehicle↦0.0),(Vehicles2↦0.0),(Vehicles3↦0.0),(Vehicles4↦0.0),(Vehicles5↦0.0)}",
        "VehiclesX": "{(EgoVehicle↦200.0),(Vehicles2↦15.102340281009674),(Vehicles3↦34.58446562290192),(Vehicles4↦58.324164152145386),(Vehicles5↦72.8927493095398)}"
      },
      "probabilisticVariables": null,
      "activating": [
        "SLOWER_47"
      ],
      "activatingOnlyWhenExecuted": true,
      "updating": null,
      "withPredicate": null
    },
    {
      "id": "SLOWER_47",
      "execute": "SLOWER",
      "after": "1000",
      "priority": 0,
      "additionalGuards": null,
      "activationKind": null,
      "fixedVariables": {
        "Crash": "FALSE",
        "VehiclesAy": "{(EgoVehicle↦0.0),(Vehicles2↦0.0),(Vehicles3↦0.0),(Vehicles4↦0.0),(Vehicles5↦0.0)}",
        "Reward": "0.7000000000000001",
        "VehiclesAx": "{(EgoVehicle↦0.0),(Vehicles2↦0.01936027780175209),(Vehicles3↦0.010905414819717407),(Vehicles4↦-0.002733394503593445),(Vehicles5↦0.015494674444198608)}",
        "VehiclesVx": "{(EgoVehicle↦20.0),(Vehicles2↦-0.26161758229136467),(Vehicles3↦0.761919692158699),(Vehicles4↦0.34520115703344345),(Vehicles5↦-0.10103791020810604)}",
        "VehiclesY": "{(EgoVehicle↦4.0000001192092896),(Vehicles2↦4.0000001192092896),(Vehicles3↦-4.0000001192092896),(Vehicles4↦2.6645352591003757E-15),(Vehicles5↦4.0000001192092896)}",
        "VehiclesVy": "{(EgoVehicle↦0.0),(Vehicles2↦0.0),(Vehicles3↦0.0),(Vehicles4↦0.0),(Vehicles5↦0.0)}",
        "VehiclesX": "{(EgoVehicle↦200.0),(Vehicles2↦14.829154312610626),(Vehicles3↦35.339853167533875),(Vehicles4↦58.67096185684204),(Vehicles5↦72.78244495391846)}"
      },
      "probabilisticVariables": null,
      "activating": [
        "SLOWER_48"
      ],
      "activatingOnlyWhenExecuted": true,
      "updating": null,
      "withPredicate": null
    },
    {
      "id": "SLOWER_48",
      "execute": "SLOWER",
      "after": "1000",
      "priority": 0,
      "additionalGuards": null,
      "activationKind": null,
      "fixedVariables": {
        "Crash": "FALSE",
        "VehiclesAy": "{(EgoVehicle↦0.0),(Vehicles2↦0.0),(Vehicles3↦0.0),(Vehicles4↦0.0),(Vehicles5↦0.0)}",
        "Reward": "0.7000000000000001",
        "VehiclesAx": "{(EgoVehicle↦0.0),(Vehicles2↦0.0187777541577816),(Vehicles3↦0.01078188419342041),(Vehicles4↦-0.002228096127510071),(Vehicles5↦0.0151115283370018)}",
        "VehiclesVx": "{(EgoVehicle↦20.0),(Vehicles2↦-0.24283982813358307),(Vehicles3↦0.7727015763521194),(Vehicles4↦0.3429730609059334),(Vehicles5↦-0.08592638187110424)}",
        "VehiclesY": "{(EgoVehicle↦4.0000001192092896),(Vehicles2↦4.0000001192092896),(Vehicles3↦-4.0000001192092896),(Vehicles4↦2.6645352591003757E-15),(Vehicles5↦4.0000001192092896)}",
        "VehiclesVy": "{(EgoVehicle↦0.0),(Vehicles2↦0.0),(Vehicles3↦0.0),(Vehicles4↦0.0),(Vehicles5↦0.0)}",
        "VehiclesX": "{(EgoVehicle↦200.0),(Vehicles2↦14.575092494487762),(Vehicles3↦36.10609471797943),(Vehicles4↦59.01523232460022),(Vehicles5↦72.6874828338623)}"
      },
      "probabilisticVariables": null,
      "activating": [
        "SLOWER_49"
      ],
      "activatingOnlyWhenExecuted": true,
      "updating": null,
      "withPredicate": null
    },
    {
      "id": "SLOWER_49",
      "execute": "SLOWER",
      "after": "1000",
      "priority": 0,
      "additionalGuards": null,
      "activationKind": null,
      "fixedVariables": {
        "Crash": "FALSE",
        "VehiclesAy": "{(EgoVehicle↦0.0),(Vehicles2↦0.0),(Vehicles3↦0.0),(Vehicles4↦0.0),(Vehicles5↦0.0)}",
        "Reward": "0.7000000000000001",
        "VehiclesAx": "{(EgoVehicle↦0.0),(Vehicles2↦0.018228702247142792),(Vehicles3↦0.010656863451004028),(Vehicles4↦-0.0017548352479934692),(Vehicles5↦0.014747930690646172)}",
        "VehiclesVx": "{(EgoVehicle↦20.0),(Vehicles2↦-0.22461112588644028),(Vehicles3↦0.7833584398031235),(Vehicles4↦0.3412182256579399),(Vehicles5↦-0.07117845118045807)}",
        "VehiclesY": "{(EgoVehicle↦4.0000001192092896),(Vehicles2↦4.0000001192092896),(Vehicles3↦-4.0000001192092896),(Vehicles4↦2.6645352591003757E-15),(Vehicles5↦4.0000001192092896)}",
        "VehiclesVy": "{(EgoVehicle↦0.0),(Vehicles2↦0.0),(Vehicles3↦0.0),(Vehicles4↦0.0),(Vehicles5↦0.0)}",
        "VehiclesX": "{(EgoVehicle↦200.0),(Vehicles2↦14.339587092399597),(Vehicles3↦36.8830680847168),(Vehicles4↦59.35747027397156),(Vehicles5↦72.60748147964478)}"
      },
      "probabilisticVariables": null,
      "activating": [
        "SLOWER_50"
      ],
      "activatingOnlyWhenExecuted": true,
      "updating": null,
      "withPredicate": null
    },
    {
      "id": "SLOWER_50",
      "execute": "SLOWER",
      "after": "1000",
      "priority": 0,
      "additionalGuards": null,
      "activationKind": null,
      "fixedVariables": {
        "Crash": "FALSE",
        "VehiclesAy": "{(EgoVehicle↦0.0),(Vehicles2↦0.0),(Vehicles3↦0.0),(Vehicles4↦0.0),(Vehicles5↦0.0)}",
        "Reward": "0.7000000000000001",
        "VehiclesAx": "{(EgoVehicle↦0.0),(Vehicles2↦0.017710458487272263),(Vehicles3↦0.010530725121498108),(Vehicles4↦-0.0013119354844093323),(Vehicles5↦0.014402233064174652)}",
        "VehiclesVx": "{(EgoVehicle↦20.0),(Vehicles2↦-0.20690066739916801),(Vehicles3↦0.7938891649246216),(Vehicles4↦0.3399062901735306),(Vehicles5↦-0.05677621811628342)}",
        "VehiclesY": "{(EgoVehicle↦4.0000001192092896),(Vehicles2↦4.0000001192092896),(Vehicles3↦-4.0000001192092896),(Vehicles4↦2.6645352591003757E-15),(Vehicles5↦4.0000001192092896)}",
        "VehiclesVy": "{(EgoVehicle↦0.0),(Vehicles2↦0.0),(Vehicles3↦0.0),(Vehicles4↦0.0),(Vehicles5↦0.0)}",
        "VehiclesX": "{(EgoVehicle↦200.0),(Vehicles2↦14.122100174427032),(Vehicles3↦37.67065107822418),(Vehicles4↦59.69812870025635),(Vehicles5↦72.54209518432617)}"
      },
      "probabilisticVariables": null,
      "activating": [
        "SLOWER_51"
      ],
      "activatingOnlyWhenExecuted": true,
      "updating": null,
      "withPredicate": null
    },
    {
      "id": "SLOWER_51",
      "execute": "SLOWER",
      "after": "1000",
      "priority": 0,
      "additionalGuards": null,
      "activationKind": null,
      "fixedVariables": {
        "Crash": "FALSE",
        "VehiclesAy": "{(EgoVehicle↦0.0),(Vehicles2↦0.0),(Vehicles3↦0.0),(Vehicles4↦0.0),(Vehicles5↦0.0)}",
        "Reward": "0.7000000000000001",
        "VehiclesAx": "{(EgoVehicle↦0.0),(Vehicles2↦0.01722058281302452),(Vehicles3↦0.010403543710708618),(Vehicles4↦-0.0008976086974143982),(Vehicles5↦0.014072968624532223)}",
        "VehiclesVx": "{(EgoVehicle↦20.0),(Vehicles2↦-0.1896800845861435),(Vehicles3↦0.8042927086353302),(Vehicles4↦0.3390086814761162),(Vehicles5↦-0.042703249491751194)}",
        "VehiclesY": "{(EgoVehicle↦4.0000001192092896),(Vehicles2↦4.0000001192092896),(Vehicles3↦-4.0000001192092896),(Vehicles4↦2.6645352591003757E-15),(Vehicles5↦4.0000001192092896)}",
        "VehiclesVy": "{(EgoVehicle↦0.0),(Vehicles2↦0.0),(Vehicles3↦0.0),(Vehicles4↦0.0),(Vehicles5↦0.0)}",
        "VehiclesX": "{(EgoVehicle↦200.0),(Vehicles2↦13.922126591205597),(Vehicles3↦38.46870958805084),(Vehicles4↦60.03764271736145),(Vehicles5↦72.49097228050232)}"
      },
      "probabilisticVariables": null,
      "activating": [
        "SLOWER_52"
      ],
      "activatingOnlyWhenExecuted": true,
      "updating": null,
      "withPredicate": null
    },
    {
      "id": "SLOWER_52",
      "execute": "SLOWER",
      "after": "1000",
      "priority": 0,
      "additionalGuards": null,
      "activationKind": null,
      "fixedVariables": {
        "Crash": "FALSE",
        "VehiclesAy": "{(EgoVehicle↦0.0),(Vehicles2↦0.0),(Vehicles3↦0.0),(Vehicles4↦0.0),(Vehicles5↦0.0)}",
        "Reward": "0.7000000000000001",
        "VehiclesAx": "{(EgoVehicle↦0.0),(Vehicles2↦0.016756877303123474),(Vehicles3↦0.010275840759277344),(Vehicles4↦-0.0005104020237922668),(Vehicles5↦0.013758817221969366)}",
        "VehiclesVx": "{(EgoVehicle↦20.0),(Vehicles2↦-0.17292320728302002),(Vehicles3↦0.8145685493946075),(Vehicles4↦0.3384982794523239),(Vehicles5↦-0.028944432269781828)}",
        "VehiclesY": "{(EgoVehicle↦4.0000001192092896),(Vehicles2↦4.0000001192092896),(Vehicles3↦-4.0000001192092896),(Vehicles4↦2.6645352591003757E-15),(Vehicles5↦4.0000001192092896)}",
        "VehiclesVy": "{(EgoVehicle↦0.0),(Vehicles2↦0.0),(Vehicles3↦0.0),(Vehicles4↦0.0),(Vehicles5↦0.0)}",
        "VehiclesX": "{(EgoVehicle↦200.0),(Vehicles2↦13.73918503522873),(Vehicles3↦39.27712440490723),(Vehicles4↦60.37641763687134),(Vehicles5↦72.45379686355591)}"
      },
      "probabilisticVariables": null,
      "activating": [
        "SLOWER_53"
      ],
      "activatingOnlyWhenExecuted": true,
      "updating": null,
      "withPredicate": null
    },
    {
      "id": "SLOWER_53",
      "execute": "SLOWER",
      "after": "1000",
      "priority": 0,
      "additionalGuards": null,
      "activationKind": null,
      "fixedVariables": {
        "Crash": "FALSE",
        "VehiclesAy": "{(EgoVehicle↦0.0),(Vehicles2↦0.0),(Vehicles3↦0.0),(Vehicles4↦0.0),(Vehicles5↦0.0)}",
        "Reward": "0.7000000000000001",
        "VehiclesAx": "{(EgoVehicle↦0.0),(Vehicles2↦0.01631731167435646),(Vehicles3↦0.010147616267204285),(Vehicles4↦-0.000148676335811615),(Vehicles5↦0.013458606554195285)}",
        "VehiclesVx": "{(EgoVehicle↦20.0),(Vehicles2↦-0.15660589560866356),(Vehicles3↦0.8247161656618118),(Vehicles4↦0.3383496031165123),(Vehicles5↦-0.015485825715586543)}",
        "VehiclesY": "{(EgoVehicle↦4.0000001192092896),(Vehicles2↦4.0000001192092896),(Vehicles3↦-4.0000001192092896),(Vehicles4↦2.6645352591003757E-15),(Vehicles5↦4.0000001192092896)}",
        "VehiclesVy": "{(EgoVehicle↦0.0),(Vehicles2↦0.0),(Vehicles3↦0.0),(Vehicles4↦0.0),(Vehicles5↦0.0)}",
        "VehiclesX": "{(EgoVehicle↦200.0),(Vehicles2↦13.572822511196136),(Vehicles3↦40.09576141834259),(Vehicles4↦60.714828968048096),(Vehicles5↦72.4302589893341)}"
      },
      "probabilisticVariables": null,
      "activating": [
        "SLOWER_54"
      ],
      "activatingOnlyWhenExecuted": true,
      "updating": null,
      "withPredicate": null
    },
    {
      "id": "SLOWER_54",
      "execute": "SLOWER",
      "after": "1000",
      "priority": 0,
      "additionalGuards": null,
      "activationKind": null,
      "fixedVariables": {
        "Crash": "FALSE",
        "VehiclesAy": "{(EgoVehicle↦0.0),(Vehicles2↦0.0),(Vehicles3↦0.0),(Vehicles4↦0.0),(Vehicles5↦0.0)}",
        "Reward": "0.7000000000000001",
        "VehiclesAx": "{(EgoVehicle↦0.0),(Vehicles2↦0.01590009778738022),(Vehicles3↦0.010019168257713318),(Vehicles4↦0.00018902122974395752),(Vehicles5↦0.013171270693419501)}",
        "VehiclesVx": "{(EgoVehicle↦20.0),(Vehicles2↦-0.14070579782128334),(Vehicles3↦0.8347353339195251),(Vehicles4↦0.33853862434625626),(Vehicles5↦-0.002314555022167042)}",
        "VehiclesY": "{(EgoVehicle↦4.0000001192092896),(Vehicles2↦4.0000001192092896),(Vehicles3↦-4.0000001192092896),(Vehicles4↦2.6645352591003757E-15),(Vehicles5↦4.0000001192092896)}",
        "VehiclesVy": "{(EgoVehicle↦0.0),(Vehicles2↦0.0),(Vehicles3↦0.0),(Vehicles4↦0.0),(Vehicles5↦0.0)}",
        "VehiclesX": "{(EgoVehicle↦200.0),(Vehicles2↦13.422609865665436),(Vehicles3↦40.924495458602905),(Vehicles4↦61.0532283782959),(Vehicles5↦72.42006659507751)}"
      },
      "probabilisticVariables": null,
      "activating": [
        "SLOWER_55"
      ],
      "activatingOnlyWhenExecuted": true,
      "updating": null,
      "withPredicate": null
    },
    {
      "id": "SLOWER_55",
      "execute": "SLOWER",
      "after": "1000",
      "priority": 0,
      "additionalGuards": null,
      "activationKind": null,
      "fixedVariables": {
        "Crash": "FALSE",
        "VehiclesAy": "{(EgoVehicle↦0.0),(Vehicles2↦0.0),(Vehicles3↦0.0),(Vehicles4↦0.0),(Vehicles5↦0.0)}",
        "Reward": "0.7000000000000001",
        "VehiclesAx": "{(EgoVehicle↦0.0),(Vehicles2↦0.015503568574786186),(Vehicles3↦0.009890720248222351),(Vehicles4↦0.0005041435360908508),(Vehicles5↦0.012895856780232862)}",
        "VehiclesVx": "{(EgoVehicle↦20.0),(Vehicles2↦-0.12520222924649715),(Vehicles3↦0.8446260541677475),(Vehicles4↦0.3390427678823471),(Vehicles5↦0.01058130175806582)}",
        "VehiclesY": "{(EgoVehicle↦4.0000001192092896),(Vehicles2↦4.0000001192092896),(Vehicles3↦-4.0000001192092896),(Vehicles4↦2.6645352591003757E-15),(Vehicles5↦4.0000001192092896)}",
        "VehiclesVy": "{(EgoVehicle↦0.0),(Vehicles2↦0.0),(Vehicles3↦0.0),(Vehicles4↦0.0),(Vehicles5↦0.0)}",
        "VehiclesX": "{(EgoVehicle↦200.0),(Vehicles2↦13.288135826587677),(Vehicles3↦41.763198375701904),(Vehicles4↦61.39194369316101),(Vehicles5↦72.42292761802673)}"
      },
      "probabilisticVariables": null,
      "activating": [
        "SLOWER_56"
      ],
      "activatingOnlyWhenExecuted": true,
      "updating": null,
      "withPredicate": null
    },
    {
      "id": "SLOWER_56",
      "execute": "SLOWER",
      "after": "1000",
      "priority": 0,
      "additionalGuards": null,
      "activationKind": null,
      "fixedVariables": {
        "Crash": "FALSE",
        "VehiclesAy": "{(EgoVehicle↦0.0),(Vehicles2↦0.0),(Vehicles3↦0.0),(Vehicles4↦0.0),(Vehicles5↦0.0)}",
        "Reward": "0.7000000000000001",
        "VehiclesAx": "{(EgoVehicle↦0.0),(Vehicles2↦0.015126196667551994),(Vehicles3↦0.009762421250343323),(Vehicles4↦0.0007979944348335266),(Vehicles5↦0.012631503632292151)}",
        "VehiclesVx": "{(EgoVehicle↦20.0),(Vehicles2↦-0.11007603257894516),(Vehicles3↦0.8543884754180908),(Vehicles4↦0.33984076231718063),(Vehicles5↦0.02321280539035797)}",
        "VehiclesY": "{(EgoVehicle↦4.0000001192092896),(Vehicles2↦4.0000001192092896),(Vehicles3↦-4.0000001192092896),(Vehicles4↦2.6645352591003757E-15),(Vehicles5↦4.0000001192092896)}",
        "VehiclesVy": "{(EgoVehicle↦0.0),(Vehicles2↦0.0),(Vehicles3↦0.0),(Vehicles4↦0.0),(Vehicles5↦0.0)}",
        "VehiclesX": "{(EgoVehicle↦200.0),(Vehicles2↦13.16901445388794),(Vehicles3↦42.61173903942108),(Vehicles4↦61.731284856796265),(Vehicles5↦72.43858575820923)}"
      },
      "probabilisticVariables": null,
      "activating": [
        "SLOWER_57"
      ],
      "activatingOnlyWhenExecuted": true,
      "updating": null,
      "withPredicate": null
    },
    {
      "id": "SLOWER_57",
      "execute": "SLOWER",
      "after": "1000",
      "priority": 0,
      "additionalGuards": null,
      "activationKind": null,
      "fixedVariables": {
        "Crash": "FALSE",
        "VehiclesAy": "{(EgoVehicle↦0.0),(Vehicles2↦0.0),(Vehicles3↦0.0),(Vehicles4↦0.0),(Vehicles5↦0.0)}",
        "Reward": "0.7000000000000001",
        "VehiclesAx": "{(EgoVehicle↦0.0),(Vehicles2↦0.014766622334718704),(Vehicles3↦0.009634420275688171),(Vehicles4↦0.0010718032717704773),(Vehicles5↦0.01237743766978383)}",
        "VehiclesVx": "{(EgoVehicle↦20.0),(Vehicles2↦-0.09530941024422646),(Vehicles3↦0.864022895693779),(Vehicles4↦0.3409125655889511),(Vehicles5↦0.0355902430601418)}",
        "VehiclesY": "{(EgoVehicle↦4.0000001192092896),(Vehicles2↦4.0000001192092896),(Vehicles3↦-4.0000001192092896),(Vehicles4↦2.6645352591003757E-15),(Vehicles5↦4.0000001192092896)}",
        "VehiclesVy": "{(EgoVehicle↦0.0),(Vehicles2↦0.0),(Vehicles3↦0.0),(Vehicles4↦0.0),(Vehicles5↦0.0)}",
        "VehiclesX": "{(EgoVehicle↦200.0),(Vehicles2↦13.064873218536377),(Vehicles3↦43.46999228000641),(Vehicles4↦62.071532011032104),(Vehicles5↦72.46676683425903)}"
      },
      "probabilisticVariables": null,
      "activating": [
        "SLOWER_58"
      ],
      "activatingOnlyWhenExecuted": true,
      "updating": null,
      "withPredicate": null
    },
    {
      "id": "SLOWER_58",
      "execute": "SLOWER",
      "after": "1000",
      "priority": 0,
      "additionalGuards": null,
      "activationKind": null,
      "fixedVariables": {
        "Crash": "FALSE",
        "VehiclesAy": "{(EgoVehicle↦0.0),(Vehicles2↦0.0),(Vehicles3↦0.0),(Vehicles4↦0.0),(Vehicles5↦0.0)}",
        "Reward": "0.7000000000000001",
        "VehiclesAx": "{(EgoVehicle↦0.0),(Vehicles2↦0.014423569664359093),(Vehicles3↦0.009506866335868835),(Vehicles4↦0.0013268738985061646),(Vehicles5↦0.012132956180721521)}",
        "VehiclesVx": "{(EgoVehicle↦20.0),(Vehicles2↦-0.08088584057986736),(Vehicles3↦0.8735297620296478),(Vehicles4↦0.3422394394874573),(Vehicles5↦0.04772319924086332)}",
        "VehiclesY": "{(EgoVehicle↦4.0000001192092896),(Vehicles2↦4.0000001192092896),(Vehicles3↦-4.0000001192092896),(Vehicles4↦2.6645352591003757E-15),(Vehicles5↦4.0000001192092896)}",
        "VehiclesVy": "{(EgoVehicle↦0.0),(Vehicles2↦0.0),(Vehicles3↦0.0),(Vehicles4↦0.0),(Vehicles5↦0.0)}",
        "VehiclesX": "{(EgoVehicle↦200.0),(Vehicles2↦12.975358963012695),(Vehicles3↦44.33782696723938),(Vehicles4↦62.41295337677002),(Vehicles5↦72.50723242759705)}"
      },
      "probabilisticVariables": null,
      "activating": [
        "SLOWER_59"
      ],
      "activatingOnlyWhenExecuted": true,
      "updating": null,
      "withPredicate": null
    },
    {
      "id": "SLOWER_59",
      "execute": "SLOWER",
      "after": "1000",
      "priority": 0,
      "additionalGuards": null,
      "activationKind": null,
      "fixedVariables": {
        "Crash": "FALSE",
        "VehiclesAy": "{(EgoVehicle↦0.0),(Vehicles2↦0.0),(Vehicles3↦0.0),(Vehicles4↦0.0),(Vehicles5↦0.0)}",
        "Reward": "0.7000000000000001",
        "VehiclesAx": "{(EgoVehicle↦0.0),(Vehicles2↦0.01409588847309351),(Vehicles3↦0.009379982948303223),(Vehicles4↦0.0015642866492271423),(Vehicles5↦0.011897413060069084)}",
        "VehiclesVx": "{(EgoVehicle↦20.0),(Vehicles2↦-0.06678995210677385),(Vehicles3↦0.882909744977951),(Vehicles4↦0.3438037261366844),(Vehicles5↦0.05962061230093241)}",
        "VehiclesY": "{(EgoVehicle↦4.0000001192092896),(Vehicles2↦4.0000001192092896),(Vehicles3↦-4.0000001192092896),(Vehicles4↦2.6645352591003757E-15),(Vehicles5↦4.0000001192092896)}",
        "VehiclesVy": "{(EgoVehicle↦0.0),(Vehicles2↦0.0),(Vehicles3↦0.0),(Vehicles4↦0.0),(Vehicles5↦0.0)}",
        "VehiclesX": "{(EgoVehicle↦200.0),(Vehicles2↦12.900137901306152),(Vehicles3↦45.215120911598206),(Vehicles4↦62.755799293518066),(Vehicles5↦72.55973219871521)}"
      },
      "probabilisticVariables": null,
      "activating": [
        "SLOWER_60"
      ],
      "activatingOnlyWhenExecuted": true,
      "updating": null,
      "withPredicate": null
    },
    {
      "id": "SLOWER_60",
      "execute": "SLOWER",
      "after": "1000",
      "priority": 0,
      "additionalGuards": null,
      "activationKind": null,
      "fixedVariables": {
        "Crash": "FALSE",
        "VehiclesAy": "{(EgoVehicle↦0.0),(Vehicles2↦0.0),(Vehicles3↦0.0),(Vehicles4↦0.0),(Vehicles5↦0.0)}",
        "Reward": "0.7000000000000001",
        "VehiclesAx": "{(EgoVehicle↦0.0),(Vehicles2↦0.01378252636641264),(Vehicles3↦0.009253546595573425),(Vehicles4↦0.0017851218581199646),(Vehicles5↦0.011670244857668877)}",
        "VehiclesVx": "{(EgoVehicle↦20.0),(Vehicles2↦-0.053007425740361214),(Vehicles3↦0.8921632915735245),(Vehicles4↦0.3455888479948044),(Vehicles5↦0.07129085715860128)}",
        "VehiclesY": "{(EgoVehicle↦4.0000001192092896),(Vehicles2↦4.0000001192092896),(Vehicles3↦-4.0000001192092896),(Vehicles4↦2.6645352591003757E-15),(Vehicles5↦4.0000001192092896)}",
        "VehiclesVy": "{(EgoVehicle↦0.0),(Vehicles2↦0.0),(Vehicles3↦0.0),(Vehicles4↦0.0),(Vehicles5↦0.0)}",
        "VehiclesX": "{(EgoVehicle↦200.0),(Vehicles2↦12.838885188102722),(Vehicles3↦46.10174000263214),(Vehicles4↦63.10030221939087),(Vehicles5↦72.62403964996338)}"
      },
      "probabilisticVariables": null,
      "activating": [
        "SLOWER_61"
      ],
      "activatingOnlyWhenExecuted": true,
      "updating": null,
      "withPredicate": null
    },
    {
      "id": "SLOWER_61",
      "execute": "SLOWER",
      "after": "1000",
      "priority": 0,
      "additionalGuards": null,
      "activationKind": null,
      "fixedVariables": {
        "Crash": "FALSE",
        "VehiclesAy": "{(EgoVehicle↦0.0),(Vehicles2↦0.0),(Vehicles3↦0.0),(Vehicles4↦0.0),(Vehicles5↦0.0)}",
        "Reward": "0.7000000000000001",
        "VehiclesAx": "{(EgoVehicle↦0.0),(Vehicles2↦0.01348251011222601),(Vehicles3↦0.009132027626037598),(Vehicles4↦0.0019834935665130615),(Vehicles5↦0.011450913734734058)}",
        "VehiclesVx": "{(EgoVehicle↦20.0),(Vehicles2↦-0.039524915628135204),(Vehicles3↦0.9012953191995621),(Vehicles4↦0.34757234156131744),(Vehicles5↦0.08274177089333534)}",
        "VehiclesY": "{(EgoVehicle↦4.0000001192092896),(Vehicles2↦4.0000001192092896),(Vehicles3↦-4.0000001192092896),(Vehicles4↦2.6645352591003757E-15),(Vehicles5↦4.0000001192092896)}",
        "VehiclesVy": "{(EgoVehicle↦0.0),(Vehicles2↦0.0),(Vehicles3↦0.0),(Vehicles4↦0.0),(Vehicles5↦0.0)}",
        "VehiclesX": "{(EgoVehicle↦200.0),(Vehicles2↦12.791293859481812),(Vehicles3↦46.997565031051636),(Vehicles4↦63.44667077064514),(Vehicles5↦72.6999282836914)}"
      },
      "probabilisticVariables": null,
      "activating": null,
      "activatingOnlyWhenExecuted": true,
      "updating": null,
      "withPredicate": null
    }
  ],
  "listeners": [],
  "metadata": {
    "fileType": "Timed_Trace",
    "formatVersion": 3,
    "savedAt": "2023-08-21T13:22:47.408827Z",
    "creator": "Simulation: HYPOTHESIS_TEST; SIGNIFICANCE : 0.05, PROBABILITY : 0.95, MAX_STEPS_BEFORE_PROPERTY : 0, EXECUTIONS : 1000, PREDICATE : Crash = FALSE, ENDING_TIME : 60000, HYPOTHESIS_CHECKING_TYPE : LEFT_TAILED, CHECKING_TYPE : PREDICATE_INVARIANT",
    "proB2KernelVersion": "4.12.2",
    "proBCliVersion": "1.12.2-final",
    "modelName": "HighwayEnvironment2"
  }
}