{
  "variables": {},
  "activations": [
    {
      "id": "$setup_constants",
      "execute": "$setup_constants",
      "after": "0",
      "priority": 0,
      "additionalGuards": null,
      "activationKind": null,
      "fixedVariables": null,
      "probabilisticVariables": null,
      "activating": null,
      "activatingOnlyWhenExecuted": true,
      "updating": null,
      "withPredicate": null
    },
    {
      "id": "$initialise_machine",
      "execute": "$initialise_machine",
      "after": "0",
      "priority": 0,
      "additionalGuards": null,
      "activationKind": null,
      "fixedVariables": {
        "Crash": "FALSE",
        "VehiclesAy": "{(EgoVehicle↦0.0),(Vehicles2↦0.0),(Vehicles3↦0.0),(Vehicles4↦0.0),(Vehicles5↦0.0)}",
        "Reward": "0.0",
        "VehiclesAx": "{(EgoVehicle↦0.0),(Vehicles2↦0.0),(Vehicles3↦0.0),(Vehicles4↦0.0),(Vehicles5↦0.0)}",
        "VehiclesVx": "{(EgoVehicle↦25.0),(Vehicles2↦-1.4051605761051178),(Vehicles3↦-3.901870548725128),(Vehicles4↦-3.497903347015381),(Vehicles5↦-1.0404238104820251)}",
        "VehiclesY": "{(EgoVehicle↦4.0000001192092896),(Vehicles2↦-4.0000001192092896),(Vehicles3↦0.0),(Vehicles4↦4.0000001192092896),(Vehicles5↦4.0000001192092896)}",
        "VehiclesVy": "{(EgoVehicle↦0.0),(Vehicles2↦0.0),(Vehicles3↦0.0),(Vehicles4↦0.0),(Vehicles5↦0.0)}",
        "VehiclesX": "{(EgoVehicle↦153.2984972000122),(Vehicles2↦24.504154920578003),(Vehicles3↦45.93212306499481),(Vehicles4↦71.23783826828003),(Vehicles5↦95.6207811832428)}"
      },
      "probabilisticVariables": null,
      "activating": [
        "LANE_RIGHT_2"
      ],
      "activatingOnlyWhenExecuted": true,
      "updating": null,
      "withPredicate": null
    },
    {
      "id": "LANE_RIGHT_2",
      "execute": "LANE_RIGHT",
      "after": "1000",
      "priority": 0,
      "additionalGuards": null,
      "activationKind": null,
      "fixedVariables": {
        "Crash": "FALSE",
        "VehiclesAy": "{(EgoVehicle↦1.0796338319778442),(Vehicles2↦-1.0796338319778442),(Vehicles3↦-1.0796338319778442),(Vehicles4↦-1.0796338319778442),(Vehicles5↦-1.0796338319778442)}",
        "Reward": "0.8660447183419508",
        "VehiclesAx": "{(EgoVehicle↦-0.023322105407714844),(Vehicles2↦-0.5139745771884918),(Vehicles3↦-0.11769324541091919),(Vehicles4↦-4.334641695022583),(Vehicles5↦-5.36117285490036)}",
        "VehiclesVx": "{(EgoVehicle↦24.976677894592285),(Vehicles2↦-1.9191351532936096),(Vehicles3↦-4.019563794136047),(Vehicles4↦-7.832545042037964),(Vehicles5↦-6.401596665382385)}",
        "VehiclesY": "{(EgoVehicle↦7.6599647998809814),(Vehicles2↦-7.6599647998809814),(Vehicles3↦-3.6599650382995605),(Vehicles4↦0.3400348797440529),(Vehicles5↦0.3400348797440529)}",
        "VehiclesVy": "{(EgoVehicle↦1.0796338319778442),(Vehicles2↦-1.0796338319778442),(Vehicles3↦-1.0796338319778442),(Vehicles4↦-1.0796338319778442),(Vehicles5↦-1.0796338319778442)}",
        "VehiclesX": "{(EgoVehicle↦177.9787540435791),(Vehicles2↦23.223376274108887),(Vehicles3↦42.32454001903534),(Vehicles4↦66.0336971282959),(Vehicles5↦92.52684116363525)}"
      },
      "probabilisticVariables": null,
      "activating": [
        "IDLE_3"
      ],
      "activatingOnlyWhenExecuted": true,
      "updating": null,
      "withPredicate": null
    },
    {
      "id": "IDLE_3",
      "execute": "IDLE",
      "after": "1000",
      "priority": 0,
      "additionalGuards": null,
      "activationKind": null,
      "fixedVariables": {
        "Crash": "FALSE",
        "VehiclesAy": "{(EgoVehicle↦-1.041519611608237),(Vehicles2↦1.041519611608237),(Vehicles3↦1.041519611608237),(Vehicles4↦1.041519611608237),(Vehicles5↦-1.1177480523474514)}",
        "Reward": "0.8666658918962077",
        "VehiclesAx": "{(EgoVehicle↦0.023293495178222656),(Vehicles2↦-0.42739078402519226),(Vehicles3↦-0.6727445125579834),(Vehicles4↦-1.911078691482544),(Vehicles5↦-1.448093056678772)}",
        "VehiclesVx": "{(EgoVehicle↦24.999971389770508),(Vehicles2↦-2.346525937318802),(Vehicles3↦-4.692308306694031),(Vehicles4↦-9.743623733520508),(Vehicles5↦-7.849689722061157)}",
        "VehiclesY": "{(EgoVehicle↦7.988499641418457),(Vehicles2↦-7.988499641418457),(Vehicles3↦-3.9884995222091675),(Vehicles4↦0.01150053832679987),(Vehicles5↦0.01150053832679987)}",
        "VehiclesVy": "{(EgoVehicle↦0.03811422036960721),(Vehicles2↦-0.03811422036960721),(Vehicles3↦-0.03811422036960721),(Vehicles4↦-0.03811422036960721),(Vehicles5↦-0.03811422036960721)}",
        "VehiclesX": "{(EgoVehicle↦200.0),(Vehicles2↦21.067754924297333),(Vehicles3↦37.98251450061798),(Vehicles4↦57.277846336364746),(Vehicles5↦85.34746170043945)}"
      },
      "probabilisticVariables": null,
      "activating": [
        "SLOWER_4"
      ],
      "activatingOnlyWhenExecuted": true,
      "updating": null,
      "withPredicate": null
    },
    {
      "id": "SLOWER_4",
      "execute": "SLOWER",
      "after": "1000",
      "priority": 0,
      "additionalGuards": null,
      "activationKind": null,
      "fixedVariables": {
        "Crash": "FALSE",
        "VehiclesAy": "{(EgoVehicle↦-0.036545634939102456),(Vehicles2↦0.036545634939102456),(Vehicles3↦0.036545634939102456),(Vehicles4↦0.036545634939102456),(Vehicles5↦-0.039682805800111964)}",
        "Reward": "0.7508916307850879",
        "VehiclesAx": "{(EgoVehicle↦-4.341535568237305),(Vehicles2↦4.118495434522629),(Vehicles3↦4.100289307534695),(Vehicles4↦3.7805980443954468),(Vehicles5↦4.242303669452667)}",
        "VehiclesVx": "{(EgoVehicle↦20.658435821533203),(Vehicles2↦1.771969497203827),(Vehicles3↦-0.5920189991593361),(Vehicles4↦-5.963025689125061),(Vehicles5↦-3.60738605260849)}",
        "VehiclesY": "{(EgoVehicle↦7.999458074569702),(Vehicles2↦-7.999458074569702),(Vehicles3↦-3.999457597732544),(Vehicles4↦0.0005422821996035054),(Vehicles5↦0.0005422821996035054)}",
        "VehiclesVy": "{(EgoVehicle↦0.0015685854305047542),(Vehicles2↦-0.0015685854305047542),(Vehicles3↦-0.0015685854305047542),(Vehicles4↦-0.0015685854305047542),(Vehicles5↦-0.0015685854305047542)}",
        "VehiclesX": "{(EgoVehicle↦200.0),(Vehicles2↦21.026518940925598),(Vehicles3↦35.56768298149109),(Vehicles4↦49.63396191596985),(Vehicles5↦79.80115413665771)}"
      },
      "probabilisticVariables": null,
      "activating": [
        "SLOWER_5"
      ],
      "activatingOnlyWhenExecuted": true,
      "updating": null,
      "withPredicate": null
    },
    {
      "id": "SLOWER_5",
      "execute": "SLOWER",
      "after": "1000",
      "priority": 0,
      "additionalGuards": null,
      "activationKind": null,
      "fixedVariables": {
        "Crash": "FALSE",
        "VehiclesAy": "{(EgoVehicle↦-0.0014723455842613475),(Vehicles2↦0.0014723455842613475),(Vehicles3↦0.0014723455842613475),(Vehicles4↦0.0014723455842613475),(Vehicles5↦-0.0016648252767481608)}",
        "Reward": "0.735645537315963",
        "VehiclesAx": "{(EgoVehicle↦-0.5717277526855469),(Vehicles2↦0.35985320806503296),(Vehicles3↦0.5120908748358488),(Vehicles4↦0.6475389003753662),(Vehicles5↦0.8731263875961304)}",
        "VehiclesVx": "{(EgoVehicle↦20.086708068847656),(Vehicles2↦2.13182270526886),(Vehicles3↦-0.07992812432348728),(Vehicles4↦-5.315486788749695),(Vehicles5↦-2.7342596650123596)}",
        "VehiclesY": "{(EgoVehicle↦7.999966621398926),(Vehicles2↦-7.999966621398926),(Vehicles3↦-3.999966859817505),(Vehicles4↦3.316687980259303E-05),(Vehicles5↦3.316687980259303E-05)}",
        "VehiclesVy": "{(EgoVehicle↦9.623984624340665E-05),(Vehicles2↦-9.623984624340665E-05),(Vehicles3↦-9.623984624340665E-05),(Vehicles4↦-9.623984624340665E-05),(Vehicles5↦-9.623984624340665E-05)}",
        "VehiclesX": "{(EgoVehicle↦200.0),(Vehicles2↦23.028095066547394),(Vehicles3↦35.25802195072174),(Vehicles4↦43.98224055767059),(Vehicles5↦76.6127347946167)}"
      },
      "probabilisticVariables": null,
      "activating": [
        "SLOWER_6"
      ],
      "activatingOnlyWhenExecuted": true,
      "updating": null,
      "withPredicate": null
    },
    {
      "id": "SLOWER_6",
      "execute": "SLOWER",
      "after": "1000",
      "priority": 0,
      "additionalGuards": null,
      "activationKind": null,
      "fixedVariables": {
        "Crash": "FALSE",
        "VehiclesAy": "{(EgoVehicle↦-9.025937401929696E-05),(Vehicles2↦9.025937401929696E-05),(Vehicles3↦9.025937401929696E-05),(Vehicles4↦9.025937401929696E-05),(Vehicles5↦-0.00010222031846751634)}",
        "Reward": "0.7336378211013791",
        "VehiclesAx": "{(EgoVehicle↦-0.07529020309448242),(Vehicles2↦-0.12531667947769165),(Vehicles3↦0.09176747174933553),(Vehicles4↦0.4548299312591553),(Vehicles5↦0.49727663397789)}",
        "VehiclesVx": "{(EgoVehicle↦20.011417865753174),(Vehicles2↦2.006506025791168),(Vehicles3↦0.011839347425848246),(Vehicles4↦-4.8606568574905396),(Vehicles5↦-2.2369830310344696)}",
        "VehiclesY": "{(EgoVehicle↦7.999998092651367),(Vehicles2↦-7.999998092651367),(Vehicles3↦-3.9999979734420776),(Vehicles4↦2.0593382146216754E-06),(Vehicles5↦2.0593382146216754E-06)}",
        "VehiclesVy": "{(EgoVehicle↦5.98047222410969E-06),(Vehicles2↦-5.98047222410969E-06),(Vehicles3↦-5.98047222410969E-06),(Vehicles4↦-5.98047222410969E-06),(Vehicles5↦-5.98047222410969E-06)}",
        "VehiclesX": "{(EgoVehicle↦200.0),(Vehicles2↦25.120481848716736),(Vehicles3↦35.22268235683441),(Vehicles4↦38.84443640708923),(Vehicles5↦74.08497929573059)}"
      },
      "probabilisticVariables": null,
      "activating": [
        "SLOWER_7"
      ],
      "activatingOnlyWhenExecuted": true,
      "updating": null,
      "withPredicate": null
    },
    {
      "id": "SLOWER_7",
      "execute": "SLOWER",
      "after": "1000",
      "priority": 0,
      "additionalGuards": null,
      "activationKind": null,
      "fixedVariables": {
        "Crash": "FALSE",
        "VehiclesAy": "{(EgoVehicle↦-5.608429418657579E-06),(Vehicles2↦5.608429418657579E-06),(Vehicles3↦5.608429418657579E-06),(Vehicles4↦5.608429418657579E-06),(Vehicles5↦-6.3525150295618005E-06)}",
        "Reward": "0.7333734304879762",
        "VehiclesAx": "{(EgoVehicle↦-0.009913444519042969),(Vehicles2↦-0.18395155668258667),(Vehicles3↦-4.3575618439354),(Vehicles4↦4.925012802705169),(Vehicles5↦0.44152721762657166)}",
        "VehiclesVx": "{(EgoVehicle↦20.00150442123413),(Vehicles2↦1.8225544691085815),(Vehicles3↦-4.345722496509552),(Vehicles4↦0.06435594521462917),(Vehicles5↦-1.795455813407898)}",
        "VehiclesY": "{(EgoVehicle↦7.999999523162842),(Vehicles2↦-7.999999523162842),(Vehicles3↦1.2809649874157003E-07),(Vehicles4↦-3.999999761581421),(Vehicles5↦1.2809649874157003E-07)}",
        "VehiclesVy": "{(EgoVehicle↦3.7204280545211077E-07),(Vehicles2↦-3.7204280545211077E-07),(Vehicles3↦-3.7204280545211077E-07),(Vehicles4↦-3.7204280545211077E-07),(Vehicles5↦-3.7204280545211077E-07)}",
        "VehiclesX": "{(EgoVehicle↦200.0),(Vehicles2↦27.054545283317566),(Vehicles3↦34.186068177223206),(Vehicles4↦35.25611162185669),(Vehicles5↦72.02776074409485)}"
      },
      "probabilisticVariables": null,
      "activating": [
        "SLOWER_8"
      ],
      "activatingOnlyWhenExecuted": true,
      "updating": null,
      "withPredicate": null
    },
    {
      "id": "SLOWER_8",
      "execute": "SLOWER",
      "after": "1000",
      "priority": 0,
      "additionalGuards": null,
      "activationKind": null,
      "fixedVariables": {
        "Crash": "FALSE",
        "VehiclesAy": "{(EgoVehicle↦-3.488948507879286E-07),(Vehicles2↦3.488948596697128E-07),(Vehicles3↦3.488948596697128E-07),(Vehicles4↦3.488948596697128E-07),(Vehicles5↦-3.9519075123450875E-07)}",
        "Reward": "0.7333386136170722",
        "VehiclesAx": "{(EgoVehicle↦-0.0013065338134765625),(Vehicles2↦-0.18951594829559326),(Vehicles3↦0.5317482352256775),(Vehicles4↦0.04774344153702259),(Vehicles5↦0.39735063910484314)}",
        "VehiclesVx": "{(EgoVehicle↦20.000197887420654),(Vehicles2↦1.6330385208129883),(Vehicles3↦-3.8139742612838745),(Vehicles4↦0.11209938675165176),(Vehicles5↦-1.3981051743030548)}",
        "VehiclesY": "{(EgoVehicle↦8.000000238418579),(Vehicles2↦-8.000000238418579),(Vehicles3↦7.969856774536765E-09),(Vehicles4↦-4.0000001192092896),(Vehicles5↦7.969856774536765E-09)}",
        "VehiclesVy": "{(EgoVehicle↦2.314795466418218E-08),(Vehicles2↦-2.3147945782397983E-08),(Vehicles3↦-2.3147945782397983E-08),(Vehicles4↦-2.3147945782397983E-08),(Vehicles5↦-2.3147945782397983E-08)}",
        "VehiclesX": "{(EgoVehicle↦200.0),(Vehicles2↦28.80134880542755),(Vehicles3↦30.053892731666565),(Vehicles4↦35.33993065357208),(Vehicles5↦70.3951895236969)}"
      },
      "probabilisticVariables": null,
      "activating": [
        "SLOWER_9"
      ],
      "activatingOnlyWhenExecuted": true,
      "updating": null,
      "withPredicate": null
    },
    {
      "id": "SLOWER_9",
      "execute": "SLOWER",
      "after": "1000",
      "priority": 0,
      "additionalGuards": null,
      "activationKind": null,
      "fixedVariables": {
        "Crash": "FALSE",
        "VehiclesAy": "{(EgoVehicle↦-2.170770230236485E-08),(Vehicles2↦2.1707693420580654E-08),(Vehicles3↦2.1707693420580654E-08),(Vehicles4↦2.1707693420580654E-08),(Vehicles5↦-2.4588198144215312E-08)}",
        "Reward": "0.73333402867934",
        "VehiclesAx": "{(EgoVehicle↦-0.000171661376953125),(Vehicles2↦-4.944857358932495),(Vehicles3↦5.257536768913269),(Vehicles4↦0.04193296656012535),(Vehicles5↦0.34552261233329773)}",
        "VehiclesVx": "{(EgoVehicle↦20.0000262260437),(Vehicles2↦-3.311818838119507),(Vehicles3↦1.4435625076293945),(Vehicles4↦0.15403235331177711),(Vehicles5↦-1.052582561969757)}",
        "VehiclesY": "{(EgoVehicle↦8.000000238418579),(Vehicles2↦4.958806698596163E-10),(Vehicles3↦-8.000000238418579),(Vehicles4↦-4.0000001192092896),(Vehicles5↦4.958806698596163E-10)}",
        "VehiclesVy": "{(EgoVehicle↦1.440252361817329E-09),(Vehicles2↦-1.440252361817329E-09),(Vehicles3↦-1.440252361817329E-09),(Vehicles4↦-1.440252361817329E-09),(Vehicles5↦-1.440252361817329E-09)}",
        "VehiclesX": "{(EgoVehicle↦200.0),(Vehicles2↦26.444411277770996),(Vehicles3↦30.358561873435974),(Vehicles4↦35.46934723854065),(Vehicles5↦69.13954615592957)}"
      },
      "probabilisticVariables": null,
      "activating": [
        "SLOWER_10"
      ],
      "activatingOnlyWhenExecuted": true,
      "updating": null,
      "withPredicate": null
    },
    {
      "id": "SLOWER_10",
      "execute": "SLOWER",
      "after": "1000",
      "priority": 0,
      "additionalGuards": null,
      "activationKind": null,
      "fixedVariables": {
        "Crash": "FALSE",
        "VehiclesAy": "{(EgoVehicle↦-1.3506351592695864E-09),(Vehicles2↦1.3506351592695864E-09),(Vehicles3↦1.3506351592695864E-09),(Vehicles4↦1.3506351592695864E-09),(Vehicles5↦-1.5298695643650717E-09)}",
        "Reward": "0.7333334249015317",
        "VehiclesAx": "{(EgoVehicle↦-2.384185791015625E-05),(Vehicles2↦0.4486820101737976),(Vehicles3↦-0.18886283040046692),(Vehicles4↦0.034938640892505646),(Vehicles5↦0.293661504983902)}",
        "VehiclesVx": "{(EgoVehicle↦20.00000238418579),(Vehicles2↦-2.8631368279457092),(Vehicles3↦1.2546996772289276),(Vehicles4↦0.18897099420428276),(Vehicles5↦-0.7589210569858551)}",
        "VehiclesY": "{(EgoVehicle↦8.000000238418579),(Vehicles2↦3.085265376512325E-11),(Vehicles3↦-8.000000238418579),(Vehicles4↦-4.0000001192092896),(Vehicles5↦3.085265376512325E-11)}",
        "VehiclesVy": "{(EgoVehicle↦8.961720254774264E-11),(Vehicles2↦-8.961720254774264E-11),(Vehicles3↦-8.961720254774264E-11),(Vehicles4↦-8.961720254774264E-11),(Vehicles5↦-8.961720254774264E-11)}",
        "VehiclesX": "{(EgoVehicle↦200.0),(Vehicles2↦23.31681400537491),(Vehicles3↦31.7265123128891),(Vehicles4↦35.63791215419769),(Vehicles5↦68.20842027664185)}"
      },
      "probabilisticVariables": null,
      "activating": [
        "SLOWER_11"
      ],
      "activatingOnlyWhenExecuted": true,
      "updating": null,
      "withPredicate": null
    },
    {
      "id": "SLOWER_11",
      "execute": "SLOWER",
      "after": "1000",
      "priority": 0,
      "additionalGuards": null,
      "activationKind": null,
      "fixedVariables": {
        "Crash": "FALSE",
        "VehiclesAy": "{(EgoVehicle↦-8.403944207202585E-11),(Vehicles2↦8.404832385622285E-11),(Vehicles3↦8.404832385622285E-11),(Vehicles4↦8.404832385622285E-11),(Vehicles5↦-9.518608123926242E-11)}",
        "Reward": "0.7333333453916969",
        "VehiclesAx": "{(EgoVehicle↦-2.384185791015625E-06),(Vehicles2↦0.38818880915641785),(Vehicles3↦-0.18767289817333221),(Vehicles4↦0.02845674753189087),(Vehicles5↦0.24698372930288315)}",
        "VehiclesVx": "{(EgoVehicle↦20.0),(Vehicles2↦-2.4749480187892914),(Vehicles3↦1.0670267790555954),(Vehicles4↦0.21742774173617363),(Vehicles5↦-0.511937327682972)}",
        "VehiclesY": "{(EgoVehicle↦8.000000238418579),(Vehicles2↦1.9184653865522705E-12),(Vehicles3↦-8.000000238418579),(Vehicles4↦-4.0000001192092896),(Vehicles5↦1.9184653865522705E-12)}",
        "VehiclesVy": "{(EgoVehicle↦5.5777604757167865E-12),(Vehicles2↦-5.568878691519785E-12),(Vehicles3↦-5.568878691519785E-12),(Vehicles4↦-5.568878691519785E-12),(Vehicles5↦-5.568878691519785E-12)}",
        "VehiclesX": "{(EgoVehicle↦200.0),(Vehicles2↦20.613783597946167),(Vehicles3↦32.90601670742035),(Vehicles4↦35.838741064071655),(Vehicles5↦67.55174994468689)}"
      },
      "probabilisticVariables": null,
      "activating": [
        "SLOWER_12"
      ],
      "activatingOnlyWhenExecuted": true,
      "updating": null,
      "withPredicate": null
    },
    {
      "id": "SLOWER_12",
      "execute": "SLOWER",
      "after": "1000",
      "priority": 0,
      "additionalGuards": null,
      "activationKind": null,
      "fixedVariables": {
        "Crash": "FALSE",
        "VehiclesAy": "{(EgoVehicle↦-5.240252676230739E-12),(Vehicles2↦5.231370892033738E-12),(Vehicles3↦5.231370892033738E-12),(Vehicles4↦5.231370892033738E-12),(Vehicles5↦-5.906386491005833E-12)}",
        "Reward": "0.733333334921266",
        "VehiclesAx": "{(EgoVehicle↦0.0),(Vehicles2↦0.33031806349754333),(Vehicles3↦-0.185607448220253),(Vehicles4↦0.023149773478507996),(Vehicles5↦0.20733732730150223)}",
        "VehiclesVx": "{(EgoVehicle↦20.0),(Vehicles2↦-2.144629955291748),(Vehicles3↦0.8814193308353424),(Vehicles4↦0.24057751521468163),(Vehicles5↦-0.3046000003814697)}",
        "VehiclesY": "{(EgoVehicle↦8.000000238418579),(Vehicles2↦1.1723955140041653E-13),(Vehicles3↦-8.000000238418579),(Vehicles4↦-4.0000001192092896),(Vehicles5↦1.1723955140041653E-13)}",
        "VehiclesVy": "{(EgoVehicle↦3.375077994860476E-13),(Vehicles2↦-3.375077994860476E-13),(Vehicles3↦-3.375077994860476E-13),(Vehicles4↦-3.375077994860476E-13),(Vehicles5↦-3.375077994860476E-13)}",
        "VehiclesX": "{(EgoVehicle↦200.0),(Vehicles2↦18.275347352027893),(Vehicles3↦33.8985949754715),(Vehicles4↦36.06580197811127),(Vehicles5↦67.12563037872314)}"
      },
      "probabilisticVariables": null,
      "activating": [
        "SLOWER_13"
      ],
      "activatingOnlyWhenExecuted": true,
      "updating": null,
      "withPredicate": null
    },
    {
      "id": "SLOWER_13",
      "execute": "SLOWER",
      "after": "1000",
      "priority": 0,
      "additionalGuards": null,
      "activationKind": null,
      "fixedVariables": {
        "Crash": "FALSE",
        "VehiclesAy": "{(EgoVehicle↦-3.019806626980426E-13),(Vehicles2↦3.1086244689504383E-13),(Vehicles3↦3.1086244689504383E-13),(Vehicles4↦3.1086244689504383E-13),(Vehicles5↦-3.6415315207705135E-13)}",
        "Reward": "0.7333333335424438",
        "VehiclesAx": "{(EgoVehicle↦0.0),(Vehicles2↦0.27947619557380676),(Vehicles3↦-0.18249228596687317),(Vehicles4↦0.019042789936065674),(Vehicles5↦0.17469124868512154)}",
        "VehiclesVx": "{(EgoVehicle↦20.0),(Vehicles2↦-1.8651537597179413),(Vehicles3↦0.6989270448684692),(Vehicles4↦0.2596203051507473),(Vehicles5↦-0.1299087516963482)}",
        "VehiclesY": "{(EgoVehicle↦8.000000238418579),(Vehicles2↦7.993605777301127E-15),(Vehicles3↦-8.000000238418579),(Vehicles4↦-4.0000001192092896),(Vehicles5↦7.993605777301127E-15)}",
        "VehiclesVy": "{(EgoVehicle↦3.552713678800501E-14),(Vehicles2↦-2.6645352591003757E-14),(Vehicles3↦-2.6645352591003757E-14),(Vehicles4↦-2.6645352591003757E-14),(Vehicles5↦-2.6645352591003757E-14)}",
        "VehiclesX": "{(EgoVehicle↦200.0),(Vehicles2↦16.24624729156494),(Vehicles3↦34.70672369003296),(Vehicles4↦36.314281821250916),(Vehicles5↦66.89326167106628)}"
      },
      "probabilisticVariables": null,
      "activating": [
        "SLOWER_14"
      ],
      "activatingOnlyWhenExecuted": true,
      "updating": null,
      "withPredicate": null
    },
    {
      "id": "SLOWER_14",
      "execute": "SLOWER",
      "after": "1000",
      "priority": 0,
      "additionalGuards": null,
      "activationKind": null,
      "fixedVariables": {
        "Crash": "FALSE",
        "VehiclesAy": "{(EgoVehicle↦-3.552713678800501E-14),(Vehicles2↦2.6645352591003757E-14),(Vehicles3↦2.6645352591003757E-14),(Vehicles4↦2.6645352591003757E-14),(Vehicles5↦-2.6645352591003757E-14)}",
        "Reward": "0.7333333333608705",
        "VehiclesAx": "{(EgoVehicle↦0.0),(Vehicles2↦0.23687884211540222),(Vehicles3↦-0.1782023161649704),(Vehicles4↦0.01592978835105896),(Vehicles5↦0.14820698299445212)}",
        "VehiclesVx": "{(EgoVehicle↦20.0),(Vehicles2↦-1.628274917602539),(Vehicles3↦0.5207247287034988),(Vehicles4↦0.27555009350180626),(Vehicles5↦0.01829823129810393)}",
        "VehiclesY": "{(EgoVehicle↦8.000000238418579),(Vehicles2↦0.0),(Vehicles3↦-8.000000238418579),(Vehicles4↦-4.0000001192092896),(Vehicles5↦0.0)}",
        "VehiclesVy": "{(EgoVehicle↦0.0),(Vehicles2↦0.0),(Vehicles3↦0.0),(Vehicles4↦0.0),(Vehicles5↦0.0)}",
        "VehiclesX": "{(EgoVehicle↦200.0),(Vehicles2↦14.478926360607147),(Vehicles3↦35.33397614955902),(Vehicles4↦36.580488085746765),(Vehicles5↦66.82453155517578)}"
      },
      "probabilisticVariables": null,
      "activating": [
        "LANE_LEFT_15"
      ],
      "activatingOnlyWhenExecuted": true,
      "updating": null,
      "withPredicate": null
    },
    {
      "id": "LANE_LEFT_15",
      "execute": "LANE_LEFT",
      "after": "1000",
      "priority": 0,
      "additionalGuards": null,
      "activationKind": null,
      "fixedVariables": {
        "Crash": "FALSE",
        "VehiclesAy": "{(EgoVehicle↦-1.1458635330200195),(Vehicles2↦1.1458635330200195),(Vehicles3↦1.1458635330200195),(Vehicles4↦1.1458635330200195),(Vehicles5↦1.1458635330200195)}",
        "Reward": "0.7000000000000001",
        "VehiclesAx": "{(EgoVehicle↦-0.0328516960144043),(Vehicles2↦0.23493871092796326),(Vehicles3↦-0.1397547498345375),(Vehicles4↦0.04642115905880928),(Vehicles5↦0.15967157087288797)}",
        "VehiclesVx": "{(EgoVehicle↦19.967148303985596),(Vehicles2↦-1.3933362066745758),(Vehicles3↦0.38096997886896133),(Vehicles4↦0.32197125256061554),(Vehicles5↦0.1779698021709919)}",
        "VehiclesY": "{(EgoVehicle↦4.396300435066223),(Vehicles2↦3.6036994457244873),(Vehicles3↦-4.396300435066223),(Vehicles4↦-0.39630044996738434),(Vehicles5↦3.6036994457244873)}",
        "VehiclesVy": "{(EgoVehicle↦-1.1458635330200195),(Vehicles2↦1.1458635330200195),(Vehicles3↦1.1458635330200195),(Vehicles4↦1.1458635330200195),(Vehicles5↦1.1458635330200195)}",
        "VehiclesX": "{(EgoVehicle↦200.0),(Vehicles2↦13.320577144622803),(Vehicles3↦36.171749234199524),(Vehicles4↦37.24822402000427),(Vehicles5↦67.28168725967407)}"
      },
      "probabilisticVariables": null,
      "activating": [
        "LANE_LEFT_16"
      ],
      "activatingOnlyWhenExecuted": true,
      "updating": null,
      "withPredicate": null
    },
    {
      "id": "LANE_LEFT_16",
      "execute": "LANE_LEFT",
      "after": "1000",
      "priority": 0,
      "additionalGuards": null,
      "activationKind": null,
      "fixedVariables": {
        "Crash": "FALSE",
        "VehiclesAy": "{(EgoVehicle↦-0.07129617035388947),(Vehicles2↦0.07129617035388947),(Vehicles3↦0.07129617035388947),(Vehicles4↦0.07129617035388947),(Vehicles5↦2.3630232363939285)}",
        "Reward": "0.6666666666666666",
        "VehiclesAx": "{(EgoVehicle↦-0.004220008850097656),(Vehicles2↦0.17820432782173157),(Vehicles3↦-0.16135944053530693),(Vehicles4↦0.01597367227077484),(Vehicles5↦0.11372780427336693)}",
        "VehiclesVx": "{(EgoVehicle↦19.962928295135498),(Vehicles2↦-1.2151318788528442),(Vehicles3↦0.2196105383336544),(Vehicles4↦0.3379449248313904),(Vehicles5↦0.2916976064443588)}",
        "VehiclesY": "{(EgoVehicle↦0.42081400752067566),(Vehicles2↦7.579185962677002),(Vehicles3↦-0.42081400752067566),(Vehicles4↦3.5791858434677124),(Vehicles5↦7.579185962677002)}",
        "VehiclesVy": "{(EgoVehicle↦-1.217159703373909),(Vehicles2↦1.217159703373909),(Vehicles3↦1.217159703373909),(Vehicles4↦1.217159703373909),(Vehicles5↦1.217159703373909)}",
        "VehiclesX": "{(EgoVehicle↦200.0),(Vehicles2↦12.44126409292221),(Vehicles3↦36.92828118801117),(Vehicles4↦38.01744282245636),(Vehicles5↦67.94711947441101)}"
      },
      "probabilisticVariables": null,
      "activating": [
        "SLOWER_17"
      ],
      "activatingOnlyWhenExecuted": true,
      "updating": null,
      "withPredicate": null
    },
    {
      "id": "SLOWER_17",
      "execute": "SLOWER",
      "after": "1000",
      "priority": 0,
      "additionalGuards": null,
      "activationKind": null,
      "fixedVariables": {
        "Crash": "FALSE",
        "VehiclesAy": "{(EgoVehicle↦1.140932128764689),(Vehicles2↦-1.140932128764689),(Vehicles3↦-1.140932128764689),(Vehicles4↦-1.140932128764689),(Vehicles5↦1.293387277983129)}",
        "Reward": "0.6666666666666666",
        "VehiclesAx": "{(EgoVehicle↦0.03692626953125),(Vehicles2↦0.1143944263458252),(Vehicles3↦-0.1939614024013281),(Vehicles4↦-0.026595480740070343),(Vehicles5↦0.058475881814956665)}",
        "VehiclesVx": "{(EgoVehicle↦19.999854564666748),(Vehicles2↦-1.100737452507019),(Vehicles3↦0.025649135932326317),(Vehicles4↦0.31134944409132004),(Vehicles5↦0.3501734882593155)}",
        "VehiclesY": "{(EgoVehicle↦0.026245909743010998),(Vehicles2↦7.973753929138184),(Vehicles3↦-0.026245909743010998),(Vehicles4↦3.9737541675567627),(Vehicles5↦7.973753929138184)}",
        "VehiclesVy": "{(EgoVehicle↦-0.07622757460922003),(Vehicles2↦0.07622757460922003),(Vehicles3↦0.07622757460922003),(Vehicles4↦0.07622757460922003),(Vehicles5↦0.07622757460922003)}",
        "VehiclesX": "{(EgoVehicle↦200.0),(Vehicles2↦11.257176101207733),(Vehicles3↦37.053221464157104),(Vehicles4↦38.32851052284241),(Vehicles5↦68.24688911437988)}"
      },
      "probabilisticVariables": null,
      "activating": [
        "SLOWER_18"
      ],
      "activatingOnlyWhenExecuted": true,
      "updating": null,
      "withPredicate": null
    },
    {
      "id": "SLOWER_18",
      "execute": "SLOWER",
      "after": "1000",
      "priority": 0,
      "additionalGuards": null,
      "activationKind": null,
      "fixedVariables": {
        "Crash": "FALSE",
        "VehiclesAy": "{(EgoVehicle↦0.07148448872612789),(Vehicles2↦-0.07148448872612789),(Vehicles3↦-0.07148448872612789),(Vehicles4↦-0.07148448872612789),(Vehicles5↦0.08097066049231216)}",
        "Reward": "0.6666666666666666",
        "VehiclesAx": "{(EgoVehicle↦0.00014543533325195312),(Vehicles2↦0.13280436396598816),(Vehicles3↦-0.1471260841935873),(Vehicles4↦0.00904276967048645),(Vehicles5↦0.08365102112293243)}",
        "VehiclesVx": "{(EgoVehicle↦20.0),(Vehicles2↦-0.9679330885410309),(Vehicles3↦-0.12147694826126099),(Vehicles4↦0.3203922137618065),(Vehicles5↦0.4338245093822479)}",
        "VehiclesY": "{(EgoVehicle↦0.001633044972550124),(Vehicles2↦7.9983673095703125),(Vehicles3↦-0.001633044972550124),(Vehicles4↦3.9983668327331543),(Vehicles5↦7.9983673095703125)}",
        "VehiclesVy": "{(EgoVehicle↦-0.004743085883092135),(Vehicles2↦0.004743085883092135),(Vehicles3↦0.004743085883092135),(Vehicles4↦0.004743085883092135),(Vehicles5↦0.004743085883092135)}",
        "VehiclesX": "{(EgoVehicle↦200.0),(Vehicles2↦10.21081954240799),(Vehicles3↦37.019094824790955),(Vehicles4↦38.6434942483902),(Vehicles5↦68.63130331039429)}"
      },
      "probabilisticVariables": null,
      "activating": [
        "SLOWER_19"
      ],
      "activatingOnlyWhenExecuted": true,
      "updating": null,
      "withPredicate": null
    },
    {
      "id": "SLOWER_19",
      "execute": "SLOWER",
      "after": "1000",
      "priority": 0,
      "additionalGuards": null,
      "activationKind": null,
      "fixedVariables": {
        "Crash": "FALSE",
        "VehiclesAy": "{(EgoVehicle↦0.0044479715688794386),(Vehicles2↦-0.0044479715688794386),(Vehicles3↦-0.0044479715688794386),(Vehicles4↦-0.0044479715688794386),(Vehicles5↦0.005038200197304832)}",
        "Reward": "0.6666666666666666",
        "VehiclesAx": "{(EgoVehicle↦0.0),(Vehicles2↦0.11792197823524475),(Vehicles3↦-0.13553250581026077),(Vehicles4↦0.008249171078205109),(Vehicles5↦0.07413960993289948)}",
        "VehiclesVx": "{(EgoVehicle↦20.0),(Vehicles2↦-0.8500111103057861),(Vehicles3↦-0.25700945407152176),(Vehicles4↦0.3286413848400116),(Vehicles5↦0.5079641193151474)}",
        "VehiclesY": "{(EgoVehicle↦0.00010160787496715784),(Vehicles2↦7.999898672103882),(Vehicles3↦-0.00010160787496715784),(Vehicles4↦3.9998985528945923),(Vehicles5↦7.999898672103882)}",
        "VehiclesVy": "{(EgoVehicle↦-0.0002951143142126966),(Vehicles2↦0.0002951143142126966),(Vehicles3↦0.0002951143142126966),(Vehicles4↦0.0002951143142126966),(Vehicles5↦0.0002951143142126966)}",
        "VehiclesX": "{(EgoVehicle↦200.0),(Vehicles2↦9.291143715381622),(Vehicles3↦36.84243857860565),(Vehicles4↦38.967254757881165),(Vehicles5↦69.0954864025116)}"
      },
      "probabilisticVariables": null,
      "activating": [
        "SLOWER_20"
      ],
      "activatingOnlyWhenExecuted": true,
      "updating": null,
      "withPredicate": null
    },
    {
      "id": "SLOWER_20",
      "execute": "SLOWER",
      "after": "1000",
      "priority": 0,
      "additionalGuards": null,
      "activationKind": null,
      "fixedVariables": {
        "Crash": "FALSE",
        "VehiclesAy": "{(EgoVehicle↦0.00027675233695845236),(Vehicles2↦-0.00027675233695845236),(Vehicles3↦-0.00027675233695845236),(Vehicles4↦-0.00027675233695845236),(Vehicles5↦0.0003134762914669409)}",
        "Reward": "0.6666666666666666",
        "VehiclesAx": "{(EgoVehicle↦0.0),(Vehicles2↦0.10549299418926239),(Vehicles3↦-0.12291237711906433),(Vehicles4↦0.007466524839401245),(Vehicles5↦0.06601262837648392)}",
        "VehiclesVx": "{(EgoVehicle↦20.0),(Vehicles2↦-0.7445181161165237),(Vehicles3↦-0.3799218311905861),(Vehicles4↦0.33610790967941284),(Vehicles5↦0.5739767476916313)}",
        "VehiclesY": "{(EgoVehicle↦6.322029321381706E-06),(Vehicles2↦7.999993801116943),(Vehicles3↦-6.322029321381706E-06),(Vehicles4↦3.999993681907654),(Vehicles5↦7.999993801116943)}",
        "VehiclesVy": "{(EgoVehicle↦-1.8361977254244266E-05),(Vehicles2↦1.8361977254244266E-05),(Vehicles3↦1.8361977254244266E-05),(Vehicles4↦1.8361977254244266E-05),(Vehicles5↦1.8361977254244266E-05)}",
        "VehiclesX": "{(EgoVehicle↦200.0),(Vehicles2↦8.484235405921936),(Vehicles3↦36.53521537780762),(Vehicles4↦39.29893970489502),(Vehicles5↦69.63045597076416)}"
      },
      "probabilisticVariables": null,
      "activating": [
        "SLOWER_21"
      ],
      "activatingOnlyWhenExecuted": true,
      "updating": null,
      "withPredicate": null
    },
    {
      "id": "SLOWER_21",
      "execute": "SLOWER",
      "after": "1000",
      "priority": 0,
      "additionalGuards": null,
      "activationKind": null,
      "fixedVariables": {
        "Crash": "FALSE",
        "VehiclesAy": "{(EgoVehicle↦1.7219497294718167E-05),(Vehicles2↦-1.7219497294718167E-05),(Vehicles3↦-1.7219497294718167E-05),(Vehicles4↦-1.7219497294718167E-05),(Vehicles5↦1.9504457213770365E-05)}",
        "Reward": "0.6666666666666666",
        "VehiclesAx": "{(EgoVehicle↦0.0),(Vehicles2↦0.09508706629276276),(Vehicles3↦-0.10943643748760223),(Vehicles4↦0.0068033114075660706),(Vehicles5↦0.05909081548452377)}",
        "VehiclesVx": "{(EgoVehicle↦20.0),(Vehicles2↦-0.649431049823761),(Vehicles3↦-0.4893582686781883),(Vehicles4↦0.3429112210869789),(Vehicles5↦0.6330675631761551)}",
        "VehiclesY": "{(EgoVehicle↦3.933559185043123E-07),(Vehicles2↦7.999999523162842),(Vehicles3↦-3.933559185043123E-07),(Vehicles4↦3.999999761581421),(Vehicles5↦7.999999523162842)}",
        "VehiclesVy": "{(EgoVehicle↦-1.1424799595260993E-06),(Vehicles2↦1.1424799595260993E-06),(Vehicles3↦1.1424799595260993E-06),(Vehicles4↦1.1424799595260993E-06),(Vehicles5↦1.1424799595260993E-06)}",
        "VehiclesX": "{(EgoVehicle↦200.0),(Vehicles2↦7.778515666723251),(Vehicles3↦36.11041605472565),(Vehicles4↦39.637818932533264),(Vehicles5↦70.22857666015625)}"
      },
      "probabilisticVariables": null,
      "activating": [
        "SLOWER_22"
      ],
      "activatingOnlyWhenExecuted": true,
      "updating": null,
      "withPredicate": null
    },
    {
      "id": "SLOWER_22",
      "execute": "SLOWER",
      "after": "1000",
      "priority": 0,
      "additionalGuards": null,
      "activationKind": null,
      "fixedVariables": {
        "Crash": "FALSE",
        "VehiclesAy": "{(EgoVehicle↦1.0713950082674728E-06),(Vehicles2↦-1.0713950082674728E-06),(Vehicles3↦-1.0713950082674728E-06),(Vehicles4↦-1.0713950082674728E-06),(Vehicles5↦1.2135649107847257E-06)}",
        "Reward": "0.6666666666666669",
        "VehiclesAx": "{(EgoVehicle↦0.0),(Vehicles2↦0.08626997470855713),(Vehicles3↦0.06671205163002014),(Vehicles4↦-0.9411242604255676),(Vehicles5↦0.05312927067279816)}",
        "VehiclesVx": "{(EgoVehicle↦20.0),(Vehicles2↦-0.5631610751152039),(Vehicles3↦-0.4226462170481682),(Vehicles4↦-0.5982130393385887),(Vehicles5↦0.6861968338489532)}",
        "VehiclesY": "{(EgoVehicle↦2.447455571541468E-08),(Vehicles2↦8.000000238418579),(Vehicles3↦-2.447455571541468E-08),(Vehicles4↦4.0000001192092896),(Vehicles5↦8.000000238418579)}",
        "VehiclesVy": "{(EgoVehicle↦-7.108495125862646E-08),(Vehicles2↦7.108495125862646E-08),(Vehicles3↦7.108495125862646E-08),(Vehicles4↦7.108495125862646E-08),(Vehicles5↦7.108495125862646E-08)}",
        "VehiclesX": "{(EgoVehicle↦200.0),(Vehicles2↦7.16424360871315),(Vehicles3↦35.5386346578598),(Vehicles4↦39.76358771324158),(Vehicles5↦70.8833396434784)}"
      },
      "probabilisticVariables": null,
      "activating": [
        "SLOWER_23"
      ],
      "activatingOnlyWhenExecuted": true,
      "updating": null,
      "withPredicate": null
    },
    {
      "id": "SLOWER_23",
      "execute": "SLOWER",
      "after": "1000",
      "priority": 0,
      "additionalGuards": null,
      "activationKind": null,
      "fixedVariables": {
        "Crash": "FALSE",
        "VehiclesAy": "{(EgoVehicle↦6.666205365490896E-08),(Vehicles2↦-6.666205365490896E-08),(Vehicles3↦-6.666205365490896E-08),(Vehicles4↦-6.666205365490896E-08),(Vehicles5↦7.550784886234396E-08)}",
        "Reward": "0.6666666666666669",
        "VehiclesAx": "{(EgoVehicle↦0.0),(Vehicles2↦0.07871422916650772),(Vehicles3↦0.9180650115013123),(Vehicles4↦-0.7177494838833809),(Vehicles5↦0.047940537333488464)}",
        "VehiclesVx": "{(EgoVehicle↦20.0),(Vehicles2↦-0.48444684594869614),(Vehicles3↦0.4954187944531441),(Vehicles4↦-1.3159625232219696),(Vehicles5↦0.7341373711824417)}",
        "VehiclesY": "{(EgoVehicle↦1.5228058813931966E-09),(Vehicles2↦8.000000238418579),(Vehicles3↦-1.522804549125567E-09),(Vehicles4↦4.0000001192092896),(Vehicles5↦8.000000238418579)}",
        "VehiclesVy": "{(EgoVehicle↦-4.422897603717502E-09),(Vehicles2↦4.422897603717502E-09),(Vehicles3↦4.422897603717502E-09),(Vehicles4↦4.422897603717502E-09),(Vehicles5↦4.422897603717502E-09)}",
        "VehiclesX": "{(EgoVehicle↦200.0),(Vehicles2↦6.633128970861435),(Vehicles3↦35.512492060661316),(Vehicles4↦38.826656341552734),(Vehicles5↦71.58910632133484)}"
      },
      "probabilisticVariables": null,
      "activating": [
        "SLOWER_24"
      ],
      "activatingOnlyWhenExecuted": true,
      "updating": null,
      "withPredicate": null
    },
    {
      "id": "SLOWER_24",
      "execute": "SLOWER",
      "after": "1000",
      "priority": 0,
      "additionalGuards": null,
      "activationKind": null,
      "fixedVariables": {
        "Crash": "FALSE",
        "VehiclesAy": "{(EgoVehicle↦4.147704402157615E-09),(Vehicles2↦-4.147704402157615E-09),(Vehicles3↦-4.147704402157615E-09),(Vehicles4↦-4.147704402157615E-09),(Vehicles5↦4.6980908052773884E-09)}",
        "Reward": "0.6666666666666669",
        "VehiclesAx": "{(EgoVehicle↦0.0),(Vehicles2↦0.07217168807983398),(Vehicles3↦0.5975371226668358),(Vehicles4↦-0.2811908721923828),(Vehicles5↦0.043380483984947205)}",
        "VehiclesVx": "{(EgoVehicle↦20.0),(Vehicles2↦-0.41227515786886215),(Vehicles3↦1.0929559171199799),(Vehicles4↦-1.5971533954143524),(Vehicles5↦0.7775178551673889)}",
        "VehiclesY": "{(EgoVehicle↦9.474820927835026E-11),(Vehicles2↦8.000000238418579),(Vehicles3↦-9.474954154597981E-11),(Vehicles4↦4.0000001192092896),(Vehicles5↦8.000000238418579)}",
        "VehiclesVy": "{(EgoVehicle↦-2.751932015598868E-10),(Vehicles2↦2.751932015598868E-10),(Vehicles3↦2.751932015598868E-10),(Vehicles4↦2.751932015598868E-10),(Vehicles5↦2.751932015598868E-10)}",
        "VehiclesX": "{(EgoVehicle↦200.0),(Vehicles2↦6.178038939833641),(Vehicles3↦36.26889884471893),(Vehicles4↦37.37592697143555),(Vehicles5↦72.3409354686737)}"
      },
      "probabilisticVariables": null,
      "activating": [
        "IDLE_25"
      ],
      "activatingOnlyWhenExecuted": true,
      "updating": null,
      "withPredicate": null
    },
    {
      "id": "IDLE_25",
      "execute": "IDLE",
      "after": "1000",
      "priority": 0,
      "additionalGuards": null,
      "activationKind": null,
      "fixedVariables": {
        "Crash": "FALSE",
        "VehiclesAy": "{(EgoVehicle↦2.580691216280684E-10),(Vehicles2↦-2.580691216280684E-10),(Vehicles3↦-2.580691216280684E-10),(Vehicles4↦-2.580691216280684E-10),(Vehicles5↦2.923172814917052E-10)}",
        "Reward": "0.6666666666666669",
        "VehiclesAx": "{(EgoVehicle↦0.0),(Vehicles2↦0.06645333021879196),(Vehicles3↦-2.7732956409454346),(Vehicles4↦3.055914491415024),(Vehicles5↦0.03933727741241455)}",
        "VehiclesVx": "{(EgoVehicle↦20.0),(Vehicles2↦-0.3458218276500702),(Vehicles3↦-1.6803397238254547),(Vehicles4↦1.4587610960006714),(Vehicles5↦0.8168551325798035)}",
        "VehiclesY": "{(EgoVehicle↦5.8966165283891314E-12),(Vehicles2↦8.000000238418579),(Vehicles3↦4.0000001192092896),(Vehicles4↦-5.895284260759581E-12),(Vehicles5↦8.000000238418579)}",
        "VehiclesVy": "{(EgoVehicle↦-1.7124079931818414E-11),(Vehicles2↦1.7124079931818414E-11),(Vehicles3↦1.7124079931818414E-11),(Vehicles4↦1.7124079931818414E-11),(Vehicles5↦1.7124079931818414E-11)}",
        "VehiclesX": "{(EgoVehicle↦200.0),(Vehicles2↦5.792773514986038),(Vehicles3↦35.73489487171173),(Vehicles4↦37.52344846725464),(Vehicles5↦73.13449382781982)}"
      },
      "probabilisticVariables": null,
      "activating": [
        "IDLE_26"
      ],
      "activatingOnlyWhenExecuted": true,
      "updating": null,
      "withPredicate": null
    },
    {
      "id": "IDLE_26",
      "execute": "IDLE",
      "after": "1000",
      "priority": 0,
      "additionalGuards": null,
      "activationKind": null,
      "fixedVariables": {
        "Crash": "FALSE",
        "VehiclesAy": "{(EgoVehicle↦1.6058265828178264E-11),(Vehicles2↦-1.6058265828178264E-11),(Vehicles3↦-1.6058265828178264E-11),(Vehicles4↦-1.6058265828178264E-11),(Vehicles5↦1.8189894035458565E-11)}",
        "Reward": "0.6666666666666669",
        "VehiclesAx": "{(EgoVehicle↦0.0),(Vehicles2↦0.06141370162367821),(Vehicles3↦0.011692196130752563),(Vehicles4↦0.20878657698631287),(Vehicles5↦0.035723671317100525)}",
        "VehiclesVx": "{(EgoVehicle↦20.0),(Vehicles2↦-0.284408126026392),(Vehicles3↦-1.6686475276947021),(Vehicles4↦1.6675476729869843),(Vehicles5↦0.852578803896904)}",
        "VehiclesY": "{(EgoVehicle↦3.6770586575585185E-13),(Vehicles2↦8.000000238418579),(Vehicles3↦4.0000001192092896),(Vehicles4↦-3.6770586575585185E-13),(Vehicles5↦8.000000238418579)}",
        "VehiclesVy": "{(EgoVehicle↦-1.0658141036401503E-12),(Vehicles2↦1.0658141036401503E-12),(Vehicles3↦1.0658141036401503E-12),(Vehicles4↦1.0658141036401503E-12),(Vehicles5↦1.0658141036401503E-12)}",
        "VehiclesX": "{(EgoVehicle↦200.0),(Vehicles2↦5.471896007657051),(Vehicles3↦34.05414521694183),(Vehicles4↦39.07579183578491),(Vehicles5↦73.96591305732727)}"
      },
      "probabilisticVariables": null,
      "activating": [
        "IDLE_27"
      ],
      "activatingOnlyWhenExecuted": true,
      "updating": null,
      "withPredicate": null
    },
    {
      "id": "IDLE_27",
      "execute": "IDLE",
      "after": "1000",
      "priority": 0,
      "additionalGuards": null,
      "activationKind": null,
      "fixedVariables": {
        "Crash": "FALSE",
        "VehiclesAy": "{(EgoVehicle↦1.0125233984581428E-12),(Vehicles2↦-1.0125233984581428E-12),(Vehicles3↦-1.0125233984581428E-12),(Vehicles4↦-1.0125233984581428E-12),(Vehicles5↦1.1191048088221578E-12)}",
        "Reward": "0.6666666666666669",
        "VehiclesAx": "{(EgoVehicle↦0.0),(Vehicles2↦0.056939441710710526),(Vehicles3↦0.05643725395202637),(Vehicles4↦0.10690033435821533),(Vehicles5↦0.03247059881687164)}",
        "VehiclesVx": "{(EgoVehicle↦20.0),(Vehicles2↦-0.22746868431568146),(Vehicles3↦-1.6122102737426758),(Vehicles4↦1.7744480073451996),(Vehicles5↦0.8850494027137756)}",
        "VehiclesY": "{(EgoVehicle↦2.398081733190338E-14),(Vehicles2↦8.000000238418579),(Vehicles3↦4.0000001192092896),(Vehicles4↦-2.2648549702353193E-14),(Vehicles5↦8.000000238418579)}",
        "VehiclesVy": "{(EgoVehicle↦-5.3290705182007514E-14),(Vehicles2↦5.3290705182007514E-14),(Vehicles3↦5.3290705182007514E-14),(Vehicles4↦5.3290705182007514E-14),(Vehicles5↦5.3290705182007514E-14)}",
        "VehiclesX": "{(EgoVehicle↦200.0),(Vehicles2↦5.2106015384197235),(Vehicles3↦32.405757904052734),(Vehicles4↦40.792521834373474),(Vehicles5↦74.83172416687012)}"
      },
      "probabilisticVariables": null,
      "activating": [
        "IDLE_28"
      ],
      "activatingOnlyWhenExecuted": true,
      "updating": null,
      "withPredicate": null
    },
    {
      "id": "IDLE_28",
      "execute": "IDLE",
      "after": "1000",
      "priority": 0,
      "additionalGuards": null,
      "activationKind": null,
      "fixedVariables": {
        "Crash": "FALSE",
        "VehiclesAy": "{(EgoVehicle↦5.3290705182007514E-14),(Vehicles2↦-5.3290705182007514E-14),(Vehicles3↦-5.3290705182007514E-14),(Vehicles4↦-5.3290705182007514E-14),(Vehicles5↦5.3290705182007514E-14)}",
        "Reward": "0.6666666666666669",
        "VehiclesAx": "{(EgoVehicle↦0.0),(Vehicles2↦0.052941255271434784),(Vehicles3↦0.07577300071716309),(Vehicles4↦0.0425952672958374),(Vehicles5↦0.029523298144340515)}",
        "VehiclesVx": "{(EgoVehicle↦20.0),(Vehicles2↦-0.17452742904424667),(Vehicles3↦-1.5364372730255127),(Vehicles4↦1.817043274641037),(Vehicles5↦0.9145727008581161)}",
        "VehiclesY": "{(EgoVehicle↦0.0),(Vehicles2↦8.000000238418579),(Vehicles3↦4.0000001192092896),(Vehicles4↦0.0),(Vehicles5↦8.000000238418579)}",
        "VehiclesVy": "{(EgoVehicle↦0.0),(Vehicles2↦0.0),(Vehicles3↦0.0),(Vehicles4↦0.0),(Vehicles5↦0.0)}",
        "VehiclesX": "{(EgoVehicle↦200.0),(Vehicles2↦5.004611983895302),(Vehicles3↦30.822953581809998),(Vehicles4↦42.58801341056824),(Vehicles5↦75.72880983352661)}"
      },
      "probabilisticVariables": null,
      "activating": [
        "IDLE_29"
      ],
      "activatingOnlyWhenExecuted": true,
      "updating": null,
      "withPredicate": null
    },
    {
      "id": "IDLE_29",
      "execute": "IDLE",
      "after": "1000",
      "priority": 0,
      "additionalGuards": null,
      "activationKind": null,
      "fixedVariables": {
        "Crash": "FALSE",
        "VehiclesAy": "{(EgoVehicle↦0.0),(Vehicles2↦0.0),(Vehicles3↦0.0),(Vehicles4↦0.0),(Vehicles5↦0.0)}",
        "Reward": "0.6666666666666669",
        "VehiclesAx": "{(EgoVehicle↦0.0),(Vehicles2↦0.04934772849082947),(Vehicles3↦0.08215978741645813),(Vehicles4↦0.002704709768295288),(Vehicles5↦0.026837140321731567)}",
        "VehiclesVx": "{(EgoVehicle↦20.0),(Vehicles2↦-0.1251797005534172),(Vehicles3↦-1.4542774856090546),(Vehicles4↦1.8197479844093323),(Vehicles5↦0.9414098411798477)}",
        "VehiclesY": "{(EgoVehicle↦0.0),(Vehicles2↦8.000000238418579),(Vehicles3↦4.0000001192092896),(Vehicles4↦0.0),(Vehicles5↦8.000000238418579)}",
        "VehiclesVy": "{(EgoVehicle↦0.0),(Vehicles2↦0.0),(Vehicles3↦0.0),(Vehicles4↦0.0),(Vehicles5↦0.0)}",
        "VehiclesX": "{(EgoVehicle↦200.0),(Vehicles2↦4.850096628069878),(Vehicles3↦29.319193959236145),(Vehicles4↦44.408607482910156),(Vehicles5↦76.65432095527649)}"
      },
      "probabilisticVariables": null,
      "activating": [
        "IDLE_30"
      ],
      "activatingOnlyWhenExecuted": true,
      "updating": null,
      "withPredicate": null
    },
    {
      "id": "IDLE_30",
      "execute": "IDLE",
      "after": "1000",
      "priority": 0,
      "additionalGuards": null,
      "activationKind": null,
      "fixedVariables": {
        "Crash": "FALSE",
        "VehiclesAy": "{(EgoVehicle↦0.0),(Vehicles2↦0.0),(Vehicles3↦0.0),(Vehicles4↦0.0),(Vehicles5↦0.0)}",
        "Reward": "0.6666666666666669",
        "VehiclesAx": "{(EgoVehicle↦0.0),(Vehicles2↦0.0461012776941061),(Vehicles3↦0.08209317922592163),(Vehicles4↦-0.021767467260360718),(Vehicles5↦0.024376362562179565)}",
        "VehiclesVx": "{(EgoVehicle↦20.0),(Vehicles2↦-0.0790784228593111),(Vehicles3↦-1.372184306383133),(Vehicles4↦1.7979805171489716),(Vehicles5↦0.9657862037420273)}",
        "VehiclesY": "{(EgoVehicle↦0.0),(Vehicles2↦8.000000238418579),(Vehicles3↦4.0000001192092896),(Vehicles4↦0.0),(Vehicles5↦8.000000238418579)}",
        "VehiclesVy": "{(EgoVehicle↦0.0),(Vehicles2↦0.0),(Vehicles3↦0.0),(Vehicles4↦0.0),(Vehicles5↦0.0)}",
        "VehiclesX": "{(EgoVehicle↦200.0),(Vehicles2↦4.743604362010956),(Vehicles3↦27.897918224334717),(Vehicles4↦46.2211549282074),(Vehicles5↦77.6056706905365)}"
      },
      "probabilisticVariables": null,
      "activating": [
        "FASTER_31"
      ],
      "activatingOnlyWhenExecuted": true,
      "updating": null,
      "withPredicate": null
    },
    {
      "id": "FASTER_31",
      "execute": "FASTER",
      "after": "1000",
      "priority": 0,
      "additionalGuards": null,
      "activationKind": null,
      "fixedVariables": {
        "Crash": "FALSE",
        "VehiclesAy": "{(EgoVehicle↦0.0),(Vehicles2↦0.0),(Vehicles3↦0.0),(Vehicles4↦0.0),(Vehicles5↦0.0)}",
        "Reward": "0.7824417009602195",
        "VehiclesAx": "{(EgoVehicle↦4.341564178466797),(Vehicles2↦-4.298408878967166),(Vehicles3↦-4.2625777423381805),(Vehicles4↦-4.378214031457901),(Vehicles5↦-4.31945227086544)}",
        "VehiclesVx": "{(EgoVehicle↦24.341564178466797),(Vehicles2↦-4.377487301826477),(Vehicles3↦-5.6347620487213135),(Vehicles4↦-2.5802335143089294),(Vehicles5↦-3.353666067123413)}",
        "VehiclesY": "{(EgoVehicle↦0.0),(Vehicles2↦8.000000238418579),(Vehicles3↦4.0000001192092896),(Vehicles4↦0.0),(Vehicles5↦8.000000238418579)}",
        "VehiclesVy": "{(EgoVehicle↦0.0),(Vehicles2↦0.0),(Vehicles3↦0.0),(Vehicles4↦0.0),(Vehicles5↦0.0)}",
        "VehiclesX": "{(EgoVehicle↦200.0),(Vehicles2↦2.286950871348381),(Vehicles3↦24.16258305311203),(Vehicles4↦45.610326528549194),(Vehicles5↦76.18541717529297)}"
      },
      "probabilisticVariables": null,
      "activating": [
        "IDLE_32"
      ],
      "activatingOnlyWhenExecuted": true,
      "updating": null,
      "withPredicate": null
    },
    {
      "id": "IDLE_32",
      "execute": "IDLE",
      "after": "1000",
      "priority": 0,
      "additionalGuards": null,
      "activationKind": null,
      "fixedVariables": {
        "Crash": "FALSE",
        "VehiclesAy": "{(EgoVehicle↦0.0),(Vehicles2↦0.0),(Vehicles3↦0.0),(Vehicles4↦0.0),(Vehicles5↦0.0)}",
        "Reward": "0.7976877960112224",
        "VehiclesAx": "{(EgoVehicle↦0.5717277526855469),(Vehicles2↦-0.5312591791152954),(Vehicles3↦-0.4971122741699219),(Vehicles4↦-0.6173312664031982),(Vehicles5↦-0.5517107248306274)}",
        "VehiclesVx": "{(EgoVehicle↦24.913291931152344),(Vehicles2↦-4.9087464809417725),(Vehicles3↦-6.131874322891235),(Vehicles4↦-3.1975647807121277),(Vehicles5↦-3.9053767919540405)}",
        "VehiclesY": "{(EgoVehicle↦0.0),(Vehicles2↦8.000000238418579),(Vehicles3↦4.0000001192092896),(Vehicles4↦0.0),(Vehicles5↦8.000000238418579)}",
        "VehiclesVy": "{(EgoVehicle↦0.0),(Vehicles2↦0.0),(Vehicles3↦0.0),(Vehicles4↦0.0),(Vehicles5↦0.0)}",
        "VehiclesX": "{(EgoVehicle↦200.0),(Vehicles2↦-2.3895425722002983),(Vehicles3↦18.242640793323517),(Vehicles4↦42.6969975233078),(Vehicles5↦72.52451777458191)}"
      },
      "probabilisticVariables": null,
      "activating": [
        "IDLE_33"
      ],
      "activatingOnlyWhenExecuted": true,
      "updating": null,
      "withPredicate": null
    },
    {
      "id": "IDLE_33",
      "execute": "IDLE",
      "after": "1000",
      "priority": 0,
      "additionalGuards": null,
      "activationKind": null,
      "fixedVariables": {
        "Crash": "FALSE",
        "VehiclesAy": "{(EgoVehicle↦0.0),(Vehicles2↦0.0),(Vehicles3↦0.0),(Vehicles4↦0.0),(Vehicles5↦0.0)}",
        "Reward": "0.7996955122319305",
        "VehiclesAx": "{(EgoVehicle↦0.07529020309448242),(Vehicles2↦-0.0372767448425293),(Vehicles3↦-0.005400180816650391),(Vehicles4↦-0.12616902589797974),(Vehicles5↦-0.05721360445022583)}",
        "VehiclesVx": "{(EgoVehicle↦24.988582134246826),(Vehicles2↦-4.946023225784302),(Vehicles3↦-6.137274503707886),(Vehicles4↦-3.3237338066101074),(Vehicles5↦-3.9625903964042664)}",
        "VehiclesY": "{(EgoVehicle↦0.0),(Vehicles2↦8.000000238418579),(Vehicles3↦4.0000001192092896),(Vehicles4↦0.0),(Vehicles5↦8.000000238418579)}",
        "VehiclesVy": "{(EgoVehicle↦0.0),(Vehicles2↦0.0),(Vehicles3↦0.0),(Vehicles4↦0.0),(Vehicles5↦0.0)}",
        "VehiclesX": "{(EgoVehicle↦200.0),(Vehicles2↦-7.324429601430893),(Vehicles3↦12.097567319869995),(Vehicles4↦39.43786025047302),(Vehicles5↦68.58498454093933)}"
      },
      "probabilisticVariables": null,
      "activating": [
        "SLOWER_34"
      ],
      "activatingOnlyWhenExecuted": true,
      "updating": null,
      "withPredicate": null
    },
    {
      "id": "SLOWER_34",
      "execute": "SLOWER",
      "after": "1000",
      "priority": 0,
      "additionalGuards": null,
      "activationKind": null,
      "fixedVariables": {
        "Crash": "FALSE",
        "VehiclesAy": "{(EgoVehicle↦0.0),(Vehicles2↦0.0),(Vehicles3↦0.0),(Vehicles4↦0.0),(Vehicles5↦0.0)}",
        "Reward": "0.6841848685518043",
        "VehiclesAx": "{(EgoVehicle↦-4.331650733947754),(Vehicles2↦3.205641508102417),(Vehicles3↦5.558658130466938),(Vehicles4↦4.277795255184174),(Vehicles5↦4.347916953265667)}",
        "VehiclesVx": "{(EgoVehicle↦20.656931400299072),(Vehicles2↦-1.7403817176818848),(Vehicles3↦-0.5786163732409477),(Vehicles4↦0.9540614485740662),(Vehicles5↦0.3853265568614006)}",
        "VehiclesY": "{(EgoVehicle↦0.0),(Vehicles2↦4.0000001192092896),(Vehicles3↦8.000000238418579),(Vehicles4↦0.0),(Vehicles5↦8.000000238418579)}",
        "VehiclesVy": "{(EgoVehicle↦0.0),(Vehicles2↦0.0),(Vehicles3↦0.0),(Vehicles4↦0.0),(Vehicles5↦0.0)}",
        "VehiclesX": "{(EgoVehicle↦200.0),(Vehicles2↦8.376345038414001),(Vehicles3↦-9.866384416818619),(Vehicles4↦38.48234713077545),(Vehicles5↦67.01863408088684)}"
      },
      "probabilisticVariables": null,
      "activating": [
        "SLOWER_35"
      ],
      "activatingOnlyWhenExecuted": true,
      "updating": null,
      "withPredicate": null
    },
    {
      "id": "SLOWER_35",
      "execute": "SLOWER",
      "after": "1000",
      "priority": 0,
      "additionalGuards": null,
      "activationKind": null,
      "fixedVariables": {
        "Crash": "FALSE",
        "VehiclesAy": "{(EgoVehicle↦0.0),(Vehicles2↦0.0),(Vehicles3↦0.0),(Vehicles4↦0.0),(Vehicles5↦0.0)}",
        "Reward": "0.6689735903717055",
        "VehiclesAx": "{(EgoVehicle↦-0.5704212188720703),(Vehicles2↦0.6312994658946991),(Vehicles3↦2.047744505107403),(Vehicles4↦0.01626811921596527),(Vehicles5↦-0.6127879768610001)}",
        "VehiclesVx": "{(EgoVehicle↦20.086510181427002),(Vehicles2↦-1.1090822517871857),(Vehicles3↦1.469128131866455),(Vehicles4↦0.9703295677900314),(Vehicles5↦-0.22746141999959946)}",
        "VehiclesY": "{(EgoVehicle↦0.0),(Vehicles2↦4.0000001192092896),(Vehicles3↦0.0),(Vehicles4↦8.000000238418579),(Vehicles5↦4.0000001192092896)}",
        "VehiclesVy": "{(EgoVehicle↦0.0),(Vehicles2↦0.0),(Vehicles3↦0.0),(Vehicles4↦0.0),(Vehicles5↦0.0)}",
        "VehiclesX": "{(EgoVehicle↦200.0),(Vehicles2↦6.975328177213669),(Vehicles3↦39.72901999950409),(Vehicles4↦67.72460341453552),(Vehicles5↦69.6393370628357)}"
      },
      "probabilisticVariables": null,
      "activating": [
        "IDLE_36"
      ],
      "activatingOnlyWhenExecuted": true,
      "updating": null,
      "withPredicate": null
    },
    {
      "id": "IDLE_36",
      "execute": "IDLE",
      "after": "1000",
      "priority": 0,
      "additionalGuards": null,
      "activationKind": null,
      "fixedVariables": {
        "Crash": "FALSE",
        "VehiclesAy": "{(EgoVehicle↦0.0),(Vehicles2↦0.0),(Vehicles3↦0.0),(Vehicles4↦0.0),(Vehicles5↦0.0)}",
        "Reward": "0.6669704590887294",
        "VehiclesAx": "{(EgoVehicle↦-0.0751185417175293),(Vehicles2↦0.13197705149650574),(Vehicles3↦0.01922890543937683),(Vehicles4↦0.08811771869659424),(Vehicles5↦0.11017138138413429)}",
        "VehiclesVx": "{(EgoVehicle↦20.011391639709473),(Vehicles2↦-0.9771052002906799),(Vehicles3↦1.488357037305832),(Vehicles4↦1.0584472864866257),(Vehicles5↦-0.11729003861546516)}",
        "VehiclesY": "{(EgoVehicle↦0.0),(Vehicles2↦4.0000001192092896),(Vehicles3↦0.0),(Vehicles4↦8.000000238418579),(Vehicles5↦4.0000001192092896)}",
        "VehiclesVy": "{(EgoVehicle↦0.0),(Vehicles2↦0.0),(Vehicles3↦0.0),(Vehicles4↦0.0),(Vehicles5↦0.0)}",
        "VehiclesX": "{(EgoVehicle↦200.0),(Vehicles2↦5.930735915899277),(Vehicles3↦41.217243671417236),(Vehicles4↦68.74169707298279),(Vehicles5↦69.46755647659302)}"
      },
      "probabilisticVariables": null,
      "activating": [
        "IDLE_37"
      ],
      "activatingOnlyWhenExecuted": true,
      "updating": null,
      "withPredicate": null
    },
    {
      "id": "IDLE_37",
      "execute": "IDLE",
      "after": "1000",
      "priority": 0,
      "additionalGuards": null,
      "activationKind": null,
      "fixedVariables": {
        "Crash": "FALSE",
        "VehiclesAy": "{(EgoVehicle↦0.0),(Vehicles2↦0.0),(Vehicles3↦0.0),(Vehicles4↦0.0),(Vehicles5↦0.0)}",
        "Reward": "0.6667066722531113",
        "VehiclesAx": "{(EgoVehicle↦-0.009891986846923828),(Vehicles2↦0.06309539079666138),(Vehicles3↦-1.3161108642816544),(Vehicles4↦0.3840477019548416),(Vehicles5↦0.042411922477185726)}",
        "VehiclesVx": "{(EgoVehicle↦20.00149965286255),(Vehicles2↦-0.9140098094940186),(Vehicles3↦0.17224617302417755),(Vehicles4↦1.4424949884414673),(Vehicles5↦-0.07487811613827944)}",
        "VehiclesY": "{(EgoVehicle↦0.0),(Vehicles2↦4.0000001192092896),(Vehicles3↦8.000000238418579),(Vehicles4↦0.0),(Vehicles5↦4.0000001192092896)}",
        "VehiclesVy": "{(EgoVehicle↦0.0),(Vehicles2↦0.0),(Vehicles3↦0.0),(Vehicles4↦0.0),(Vehicles5↦0.0)}",
        "VehiclesX": "{(EgoVehicle↦200.0),(Vehicles2↦4.980647563934326),(Vehicles3↦-9.886955469846725),(Vehicles4↦42.688724398612976),(Vehicles5↦69.36891674995422)}"
      },
      "probabilisticVariables": null,
      "activating": [
        "IDLE_38"
      ],
      "activatingOnlyWhenExecuted": true,
      "updating": null,
      "withPredicate": null
    },
    {
      "id": "IDLE_38",
      "execute": "IDLE",
      "after": "1000",
      "priority": 0,
      "additionalGuards": null,
      "activationKind": null,
      "fixedVariables": {
        "Crash": "FALSE",
        "VehiclesAy": "{(EgoVehicle↦0.0),(Vehicles2↦0.0),(Vehicles3↦0.0),(Vehicles4↦0.0),(Vehicles5↦0.0)}",
        "Reward": "0.666671934892042",
        "VehiclesAx": "{(EgoVehicle↦-0.0013017654418945312),(Vehicles2↦0.05119241774082184),(Vehicles3↦0.029640384018421173),(Vehicles4↦-0.05383610725402832),(Vehicles5↦0.03162306733429432)}",
        "VehiclesVx": "{(EgoVehicle↦20.000197887420654),(Vehicles2↦-0.8628173917531967),(Vehicles3↦0.20188655704259872),(Vehicles4↦1.388658881187439),(Vehicles5↦-0.04325504880398512)}",
        "VehiclesY": "{(EgoVehicle↦0.0),(Vehicles2↦4.0000001192092896),(Vehicles3↦8.000000238418579),(Vehicles4↦0.0),(Vehicles5↦4.0000001192092896)}",
        "VehiclesVy": "{(EgoVehicle↦0.0),(Vehicles2↦0.0),(Vehicles3↦0.0),(Vehicles4↦0.0),(Vehicles5↦0.0)}",
        "VehiclesX": "{(EgoVehicle↦200.0),(Vehicles2↦4.0875643491744995),(Vehicles3↦-9.702528268098831),(Vehicles4↦44.10981833934784),(Vehicles5↦69.30705308914185)}"
      },
      "probabilisticVariables": null,
      "activating": [
        "IDLE_39"
      ],
      "activatingOnlyWhenExecuted": true,
      "updating": null,
      "withPredicate": null
    },
    {
      "id": "IDLE_39",
      "execute": "IDLE",
      "after": "1000",
      "priority": 0,
      "additionalGuards": null,
      "activationKind": null,
      "fixedVariables": {
        "Crash": "FALSE",
        "VehiclesAy": "{(EgoVehicle↦0.0),(Vehicles2↦0.0),(Vehicles3↦0.0),(Vehicles4↦0.0),(Vehicles5↦0.0)}",
        "Reward": "0.6666673604247407",
        "VehiclesAx": "{(EgoVehicle↦-0.000171661376953125),(Vehicles2↦0.04706144332885742),(Vehicles3↦0.026975013315677643),(Vehicles4↦-0.053987205028533936),(Vehicles5↦0.028569282731041312)}",
        "VehiclesVx": "{(EgoVehicle↦20.0000262260437),(Vehicles2↦-0.8157559484243393),(Vehicles3↦0.22886157035827637),(Vehicles4↦1.334671676158905),(Vehicles5↦-0.014685766072943807)}",
        "VehiclesY": "{(EgoVehicle↦0.0),(Vehicles2↦4.0000001192092896),(Vehicles3↦8.000000238418579),(Vehicles4↦0.0),(Vehicles5↦4.0000001192092896)}",
        "VehiclesVy": "{(EgoVehicle↦0.0),(Vehicles2↦0.0),(Vehicles3↦0.0),(Vehicles4↦0.0),(Vehicles5↦0.0)}",
        "VehiclesX": "{(EgoVehicle↦200.0),(Vehicles2↦3.2438255846500397),(Vehicles3↦-9.48970690369606),(Vehicles4↦45.4768180847168),(Vehicles5↦69.27539706230164)}"
      },
      "probabilisticVariables": null,
      "activating": [
        "IDLE_40"
      ],
      "activatingOnlyWhenExecuted": true,
      "updating": null,
      "withPredicate": null
    },
    {
      "id": "IDLE_40",
      "execute": "IDLE",
      "after": "1000",
      "priority": 0,
      "additionalGuards": null,
      "activationKind": null,
      "fixedVariables": {
        "Crash": "FALSE",
        "VehiclesAy": "{(EgoVehicle↦0.0),(Vehicles2↦0.0),(Vehicles3↦0.0),(Vehicles4↦0.0),(Vehicles5↦0.0)}",
        "Reward": "0.6666667580257547",
        "VehiclesAx": "{(EgoVehicle↦-2.384185791015625E-05),(Vehicles2↦0.04419408738613129),(Vehicles3↦0.025395452976226807),(Vehicles4↦-0.05286678671836853),(Vehicles5↦0.026728541124612093)}",
        "VehiclesVx": "{(EgoVehicle↦20.00000238418579),(Vehicles2↦-0.771561861038208),(Vehicles3↦0.2542570233345032),(Vehicles4↦1.2818048894405365),(Vehicles5↦0.012042775051668286)}",
        "VehiclesY": "{(EgoVehicle↦0.0),(Vehicles2↦4.0000001192092896),(Vehicles3↦8.000000238418579),(Vehicles4↦0.0),(Vehicles5↦4.0000001192092896)}",
        "VehiclesVy": "{(EgoVehicle↦0.0),(Vehicles2↦0.0),(Vehicles3↦0.0),(Vehicles4↦0.0),(Vehicles5↦0.0)}",
        "VehiclesX": "{(EgoVehicle↦200.0),(Vehicles2↦2.4459578096866608),(Vehicles3↦-9.250573813915253),(Vehicles4↦46.79023325443268),(Vehicles5↦69.27152872085571)}"
      },
      "probabilisticVariables": null,
      "activating": [
        "IDLE_41"
      ],
      "activatingOnlyWhenExecuted": true,
      "updating": null,
      "withPredicate": null
    },
    {
      "id": "IDLE_41",
      "execute": "IDLE",
      "after": "1000",
      "priority": 0,
      "additionalGuards": null,
      "activationKind": null,
      "fixedVariables": {
        "Crash": "FALSE",
        "VehiclesAy": "{(EgoVehicle↦0.0),(Vehicles2↦0.0),(Vehicles3↦0.0),(Vehicles4↦0.0),(Vehicles5↦0.0)}",
        "Reward": "0.6666666786974931",
        "VehiclesAx": "{(EgoVehicle↦-2.384185791015625E-06),(Vehicles2↦0.04170656204223633),(Vehicles3↦0.024039167910814285),(Vehicles4↦-0.051391422748565674),(Vehicles5↦0.02521736198104918)}",
        "VehiclesVx": "{(EgoVehicle↦20.0),(Vehicles2↦-0.7298552989959717),(Vehicles3↦0.27829619124531746),(Vehicles4↦1.2304134666919708),(Vehicles5↦0.037260137032717466)}",
        "VehiclesY": "{(EgoVehicle↦0.0),(Vehicles2↦4.0000001192092896),(Vehicles3↦8.000000238418579),(Vehicles4↦0.0),(Vehicles5↦4.0000001192092896)}",
        "VehiclesVy": "{(EgoVehicle↦0.0),(Vehicles2↦0.0),(Vehicles3↦0.0),(Vehicles4↦0.0),(Vehicles5↦0.0)}",
        "VehiclesX": "{(EgoVehicle↦200.0),(Vehicles2↦1.691267266869545),(Vehicles3↦-8.986596763134003),(Vehicles4↦48.05135726928711),(Vehicles5↦69.29377317428589)}"
      },
      "probabilisticVariables": null,
      "activating": [
        "IDLE_42"
      ],
      "activatingOnlyWhenExecuted": true,
      "updating": null,
      "withPredicate": null
    },
    {
      "id": "IDLE_42",
      "execute": "IDLE",
      "after": "1000",
      "priority": 0,
      "additionalGuards": null,
      "activationKind": null,
      "fixedVariables": {
        "Crash": "FALSE",
        "VehiclesAy": "{(EgoVehicle↦0.0),(Vehicles2↦0.0),(Vehicles3↦0.0),(Vehicles4↦0.0),(Vehicles5↦0.0)}",
        "Reward": "0.666666668250973",
        "VehiclesAx": "{(EgoVehicle↦0.0),(Vehicles2↦0.039460062980651855),(Vehicles3↦0.02278551459312439),(Vehicles4↦-0.049788281321525574),(Vehicles5↦0.023912691976875067)}",
        "VehiclesVx": "{(EgoVehicle↦20.0),(Vehicles2↦-0.6903952360153198),(Vehicles3↦0.30108170583844185),(Vehicles4↦1.1806251853704453),(Vehicles5↦0.06117282900959253)}",
        "VehiclesY": "{(EgoVehicle↦0.0),(Vehicles2↦4.0000001192092896),(Vehicles3↦8.000000238418579),(Vehicles4↦0.0),(Vehicles5↦4.0000001192092896)}",
        "VehiclesVy": "{(EgoVehicle↦0.0),(Vehicles2↦0.0),(Vehicles3↦0.0),(Vehicles4↦0.0),(Vehicles5↦0.0)}",
        "VehiclesX": "{(EgoVehicle↦200.0),(Vehicles2↦0.9773671627044678),(Vehicles3↦-8.699090033769608),(Vehicles4↦49.26172494888306),(Vehicles5↦69.34069395065308)}"
      },
      "probabilisticVariables": null,
      "activating": [
        "IDLE_43"
      ],
      "activatingOnlyWhenExecuted": true,
      "updating": null,
      "withPredicate": null
    },
    {
      "id": "IDLE_43",
      "execute": "IDLE",
      "after": "1000",
      "priority": 0,
      "additionalGuards": null,
      "activationKind": null,
      "fixedVariables": {
        "Crash": "FALSE",
        "VehiclesAy": "{(EgoVehicle↦0.0),(Vehicles2↦0.0),(Vehicles3↦0.0),(Vehicles4↦0.0),(Vehicles5↦0.0)}",
        "Reward": "0.6666666668752996",
        "VehiclesAx": "{(EgoVehicle↦0.0),(Vehicles2↦0.03741316497325897),(Vehicles3↦0.021620001643896103),(Vehicles4↦-0.04817180335521698),(Vehicles5↦0.022708713077008724)}",
        "VehiclesVx": "{(EgoVehicle↦20.0),(Vehicles2↦-0.6529820710420609),(Vehicles3↦0.32270170748233795),(Vehicles4↦1.1324533820152283),(Vehicles5↦0.08388154208660126)}",
        "VehiclesY": "{(EgoVehicle↦0.0),(Vehicles2↦4.0000001192092896),(Vehicles3↦8.000000238418579),(Vehicles4↦0.0),(Vehicles5↦4.0000001192092896)}",
        "VehiclesVy": "{(EgoVehicle↦0.0),(Vehicles2↦0.0),(Vehicles3↦0.0),(Vehicles4↦0.0),(Vehicles5↦0.0)}",
        "VehiclesX": "{(EgoVehicle↦200.0),(Vehicles2↦0.30209377873688936),(Vehicles3↦-8.389270305633545),(Vehicles4↦50.42295455932617),(Vehicles5↦69.41104531288147)}"
      },
      "probabilisticVariables": null,
      "activating": [
        "IDLE_44"
      ],
      "activatingOnlyWhenExecuted": true,
      "updating": null,
      "withPredicate": null
    },
    {
      "id": "IDLE_44",
      "execute": "IDLE",
      "after": "1000",
      "priority": 0,
      "additionalGuards": null,
      "activationKind": null,
      "fixedVariables": {
        "Crash": "FALSE",
        "VehiclesAy": "{(EgoVehicle↦0.0),(Vehicles2↦0.0),(Vehicles3↦0.0),(Vehicles4↦0.0),(Vehicles5↦0.0)}",
        "Reward": "0.6666666666941409",
        "VehiclesAx": "{(EgoVehicle↦0.0),(Vehicles2↦0.035536885261535645),(Vehicles3↦0.020546726882457733),(Vehicles4↦-0.04656285047531128),(Vehicles5↦0.021590357646346092)}",
        "VehiclesVx": "{(EgoVehicle↦20.0),(Vehicles2↦-0.6174451857805252),(Vehicles3↦0.3432484343647957),(Vehicles4↦1.085890531539917),(Vehicles5↦0.10547189973294735)}",
        "VehiclesY": "{(EgoVehicle↦-1.3322676295501878E-15),(Vehicles2↦4.0000001192092896),(Vehicles3↦8.000000238418579),(Vehicles4↦2.6645352591003757E-15),(Vehicles5↦4.0000001192092896)}",
        "VehiclesVy": "{(EgoVehicle↦0.0),(Vehicles2↦0.0),(Vehicles3↦0.0),(Vehicles4↦0.0),(Vehicles5↦0.0)}",
        "VehiclesX": "{(EgoVehicle↦200.0),(Vehicles2↦-0.33652971033006907),(Vehicles3↦-8.058267831802368),(Vehicles4↦51.53665542602539),(Vehicles5↦69.50364708900452)}"
      },
      "probabilisticVariables": null,
      "activating": [
        "IDLE_45"
      ],
      "activatingOnlyWhenExecuted": true,
      "updating": null,
      "withPredicate": null
    },
    {
      "id": "IDLE_45",
      "execute": "IDLE",
      "after": "1000",
      "priority": 0,
      "additionalGuards": null,
      "activationKind": null,
      "fixedVariables": {
        "Crash": "FALSE",
        "VehiclesAy": "{(EgoVehicle↦0.0),(Vehicles2↦0.0),(Vehicles3↦0.0),(Vehicles4↦0.0),(Vehicles5↦0.0)}",
        "Reward": "0.6666666666702846",
        "VehiclesAx": "{(EgoVehicle↦0.0),(Vehicles2↦0.03381088376045227),(Vehicles3↦0.01956246793270111),(Vehicles4↦-0.04493840038776398),(Vehicles5↦0.020567523315548897)}",
        "VehiclesVx": "{(EgoVehicle↦20.0),(Vehicles2↦-0.5836343020200729),(Vehicles3↦0.3628109022974968),(Vehicles4↦1.040952131152153),(Vehicles5↦0.12603942304849625)}",
        "VehiclesY": "{(EgoVehicle↦-1.3322676295501878E-15),(Vehicles2↦4.0000001192092896),(Vehicles3↦8.000000238418579),(Vehicles4↦2.6645352591003757E-15),(Vehicles5↦4.0000001192092896)}",
        "VehiclesVy": "{(EgoVehicle↦0.0),(Vehicles2↦0.0),(Vehicles3↦0.0),(Vehicles4↦0.0),(Vehicles5↦0.0)}",
        "VehiclesX": "{(EgoVehicle↦200.0),(Vehicles2↦-0.9403180330991745),(Vehicles3↦-7.707118988037109),(Vehicles4↦52.60443687438965),(Vehicles5↦69.61742639541626)}"
      },
      "probabilisticVariables": null,
      "activating": [
        "IDLE_46"
      ],
      "activatingOnlyWhenExecuted": true,
      "updating": null,
      "withPredicate": null
    },
    {
      "id": "IDLE_46",
      "execute": "IDLE",
      "after": "1000",
      "priority": 0,
      "additionalGuards": null,
      "activationKind": null,
      "fixedVariables": {
        "Crash": "FALSE",
        "VehiclesAy": "{(EgoVehicle↦0.0),(Vehicles2↦0.0),(Vehicles3↦0.0),(Vehicles4↦0.0),(Vehicles5↦0.0)}",
        "Reward": "0.6666666666671431",
        "VehiclesAx": "{(EgoVehicle↦0.0),(Vehicles2↦0.03221973776817322),(Vehicles3↦0.01865644007921219),(Vehicles4↦-0.04327014088630676),(Vehicles5↦0.019642533734440804)}",
        "VehiclesVx": "{(EgoVehicle↦20.0),(Vehicles2↦-0.5514145642518997),(Vehicles3↦0.381467342376709),(Vehicles4↦0.9976819902658463),(Vehicles5↦0.14568195678293705)}",
        "VehiclesY": "{(EgoVehicle↦-1.3322676295501878E-15),(Vehicles2↦4.0000001192092896),(Vehicles3↦8.000000238418579),(Vehicles4↦2.6645352591003757E-15),(Vehicles5↦4.0000001192092896)}",
        "VehiclesVy": "{(EgoVehicle↦0.0),(Vehicles2↦0.0),(Vehicles3↦0.0),(Vehicles4↦0.0),(Vehicles5↦0.0)}",
        "VehiclesX": "{(EgoVehicle↦200.0),(Vehicles2↦-1.5109422616660595),(Vehicles3↦-7.336775958538055),(Vehicles4↦53.627943992614746),(Vehicles5↦69.75139379501343)}"
      },
      "probabilisticVariables": null,
      "activating": [
        "IDLE_47"
      ],
      "activatingOnlyWhenExecuted": true,
      "updating": null,
      "withPredicate": null
    },
    {
      "id": "IDLE_47",
      "execute": "IDLE",
      "after": "1000",
      "priority": 0,
      "additionalGuards": null,
      "activationKind": null,
      "fixedVariables": {
        "Crash": "FALSE",
        "VehiclesAy": "{(EgoVehicle↦0.0),(Vehicles2↦0.0),(Vehicles3↦0.0),(Vehicles4↦0.0),(Vehicles5↦0.0)}",
        "Reward": "0.6666666666667295",
        "VehiclesAx": "{(EgoVehicle↦0.0),(Vehicles2↦0.030750781297683716),(Vehicles3↦0.01781672239303589),(Vehicles4↦-0.04154130816459656),(Vehicles5↦0.018809093162417412)}",
        "VehiclesVx": "{(EgoVehicle↦20.0),(Vehicles2↦-0.520663782954216),(Vehicles3↦0.3992840647697449),(Vehicles4↦0.9561406821012497),(Vehicles5↦0.16449104994535446)}",
        "VehiclesY": "{(EgoVehicle↦-1.3322676295501878E-15),(Vehicles2↦4.0000001192092896),(Vehicles3↦8.000000238418579),(Vehicles4↦2.6645352591003757E-15),(Vehicles5↦4.0000001192092896)}",
        "VehiclesVy": "{(EgoVehicle↦0.0),(Vehicles2↦0.0),(Vehicles3↦0.0),(Vehicles4↦0.0),(Vehicles5↦0.0)}",
        "VehiclesX": "{(EgoVehicle↦200.0),(Vehicles2↦-2.049943618476391),(Vehicles3↦-6.948117166757584),(Vehicles4↦54.608869552612305),(Vehicles5↦69.90466117858887)}"
      },
      "probabilisticVariables": null,
      "activating": [
        "IDLE_48"
      ],
      "activatingOnlyWhenExecuted": true,
      "updating": null,
      "withPredicate": null
    },
    {
      "id": "IDLE_48",
      "execute": "IDLE",
      "after": "1000",
      "priority": 0,
      "additionalGuards": null,
      "activationKind": null,
      "fixedVariables": {
        "Crash": "FALSE",
        "VehiclesAy": "{(EgoVehicle↦0.0),(Vehicles2↦0.0),(Vehicles3↦0.0),(Vehicles4↦0.0),(Vehicles5↦0.0)}",
        "Reward": "0.666666666666675",
        "VehiclesAx": "{(EgoVehicle↦0.0),(Vehicles2↦0.029392465949058533),(Vehicles3↦0.017032772302627563),(Vehicles4↦-0.039748549461364746),(Vehicles5↦0.01805689185857773)}",
        "VehiclesVx": "{(EgoVehicle↦20.0),(Vehicles2↦-0.49127131700515747),(Vehicles3↦0.41631683707237244),(Vehicles4↦0.916392132639885),(Vehicles5↦0.1825479418039322)}",
        "VehiclesY": "{(EgoVehicle↦-1.3322676295501878E-15),(Vehicles2↦4.0000001192092896),(Vehicles3↦8.000000238418579),(Vehicles4↦2.6645352591003757E-15),(Vehicles5↦4.0000001192092896)}",
        "VehiclesVy": "{(EgoVehicle↦0.0),(Vehicles2↦0.0),(Vehicles3↦0.0),(Vehicles4↦0.0),(Vehicles5↦0.0)}",
        "VehiclesX": "{(EgoVehicle↦200.0),(Vehicles2↦-2.558745816349983),(Vehicles3↦-6.541959196329117),(Vehicles4↦55.54896593093872),(Vehicles5↦70.07642984390259)}"
      },
      "probabilisticVariables": null,
      "activating": [
        "IDLE_49"
      ],
      "activatingOnlyWhenExecuted": true,
      "updating": null,
      "withPredicate": null
    },
    {
      "id": "IDLE_49",
      "execute": "IDLE",
      "after": "1000",
      "priority": 0,
      "additionalGuards": null,
      "activationKind": null,
      "fixedVariables": {
        "Crash": "FALSE",
        "VehiclesAy": "{(EgoVehicle↦0.0),(Vehicles2↦0.0),(Vehicles3↦0.0),(Vehicles4↦0.0),(Vehicles5↦0.0)}",
        "Reward": "0.6666666666666677",
        "VehiclesAx": "{(EgoVehicle↦0.0),(Vehicles2↦0.028134547173976898),(Vehicles3↦0.016296878457069397),(Vehicles4↦-0.03789857029914856),(Vehicles5↦0.017374977469444275)}",
        "VehiclesVx": "{(EgoVehicle↦20.0),(Vehicles2↦-0.4631367698311806),(Vehicles3↦0.43261371552944183),(Vehicles4↦0.8784935623407364),(Vehicles5↦0.19992291927337646)}",
        "VehiclesY": "{(EgoVehicle↦-1.3322676295501878E-15),(Vehicles2↦4.0000001192092896),(Vehicles3↦8.000000238418579),(Vehicles4↦2.6645352591003757E-15),(Vehicles5↦4.0000001192092896)}",
        "VehiclesVy": "{(EgoVehicle↦0.0),(Vehicles2↦0.0),(Vehicles3↦0.0),(Vehicles4↦0.0),(Vehicles5↦0.0)}",
        "VehiclesX": "{(EgoVehicle↦200.0),(Vehicles2↦-3.038666397333145),(Vehicles3↦-6.119066476821899),(Vehicles4↦56.450045108795166),(Vehicles5↦70.26598453521729)}"
      },
      "probabilisticVariables": null,
      "activating": [
        "IDLE_50"
      ],
      "activatingOnlyWhenExecuted": true,
      "updating": null,
      "withPredicate": null
    },
    {
      "id": "IDLE_50",
      "execute": "IDLE",
      "after": "1000",
      "priority": 0,
      "additionalGuards": null,
      "activationKind": null,
      "fixedVariables": {
        "Crash": "FALSE",
        "VehiclesAy": "{(EgoVehicle↦0.0),(Vehicles2↦0.0),(Vehicles3↦0.0),(Vehicles4↦0.0),(Vehicles5↦0.0)}",
        "Reward": "0.6666666666666669",
        "VehiclesAx": "{(EgoVehicle↦0.0),(Vehicles2↦0.026967264711856842),(Vehicles3↦0.015603527426719666),(Vehicles4↦-0.036004483699798584),(Vehicles5↦0.016753412783145905)}",
        "VehiclesVx": "{(EgoVehicle↦20.0),(Vehicles2↦-0.43616950511932373),(Vehicles3↦0.4482172429561615),(Vehicles4↦0.8424890786409378),(Vehicles5↦0.21667633205652237)}",
        "VehiclesY": "{(EgoVehicle↦-1.3322676295501878E-15),(Vehicles2↦4.0000001192092896),(Vehicles3↦8.000000238418579),(Vehicles4↦2.6645352591003757E-15),(Vehicles5↦4.0000001192092896)}",
        "VehiclesVy": "{(EgoVehicle↦0.0),(Vehicles2↦0.0),(Vehicles3↦0.0),(Vehicles4↦0.0),(Vehicles5↦0.0)}",
        "VehiclesX": "{(EgoVehicle↦200.0),(Vehicles2↦-3.4909263253211975),(Vehicles3↦-5.680157616734505),(Vehicles4↦57.313984632492065),(Vehicles5↦70.472651720047)}"
      },
      "probabilisticVariables": null,
      "activating": [
        "IDLE_51"
      ],
      "activatingOnlyWhenExecuted": true,
      "updating": null,
      "withPredicate": null
    },
    {
      "id": "IDLE_51",
      "execute": "IDLE",
      "after": "1000",
      "priority": 0,
      "additionalGuards": null,
      "activationKind": null,
      "fixedVariables": {
        "Crash": "FALSE",
        "VehiclesAy": "{(EgoVehicle↦0.0),(Vehicles2↦0.0),(Vehicles3↦0.0),(Vehicles4↦0.0),(Vehicles5↦0.0)}",
        "Reward": "0.6666666666666669",
        "VehiclesAx": "{(EgoVehicle↦0.0),(Vehicles2↦0.02588212490081787),(Vehicles3↦0.014948807656764984),(Vehicles4↦-0.03408171236515045),(Vehicles5↦0.016183871775865555)}",
        "VehiclesVx": "{(EgoVehicle↦20.0),(Vehicles2↦-0.41028738021850586),(Vehicles3↦0.4631660506129265),(Vehicles4↦0.8084073662757874),(Vehicles5↦0.23286020383238792)}",
        "VehiclesY": "{(EgoVehicle↦-1.3322676295501878E-15),(Vehicles2↦4.0000001192092896),(Vehicles3↦8.000000238418579),(Vehicles4↦2.6645352591003757E-15),(Vehicles5↦4.0000001192092896)}",
        "VehiclesVy": "{(EgoVehicle↦0.0),(Vehicles2↦0.0),(Vehicles3↦0.0),(Vehicles4↦0.0),(Vehicles5↦0.0)}",
        "VehiclesX": "{(EgoVehicle↦200.0),(Vehicles2↦-3.9166592061519623),(Vehicles3↦-5.225909873843193),(Vehicles4↦58.142685890197754),(Vehicles5↦70.69584727287292)}"
      },
      "probabilisticVariables": null,
      "activating": [
        "IDLE_52"
      ],
      "activatingOnlyWhenExecuted": true,
      "updating": null,
      "withPredicate": null
    },
    {
      "id": "IDLE_52",
      "execute": "IDLE",
      "after": "1000",
      "priority": 0,
      "additionalGuards": null,
      "activationKind": null,
      "fixedVariables": {
        "Crash": "FALSE",
        "VehiclesAy": "{(EgoVehicle↦0.0),(Vehicles2↦0.0),(Vehicles3↦0.0),(Vehicles4↦0.0),(Vehicles5↦0.0)}",
        "Reward": "0.6666666666666669",
        "VehiclesAx": "{(EgoVehicle↦0.0),(Vehicles2↦0.024871304631233215),(Vehicles3↦0.014329738914966583),(Vehicles4↦-0.03214620053768158),(Vehicles5↦0.015659555792808533)}",
        "VehiclesVx": "{(EgoVehicle↦20.0),(Vehicles2↦-0.38541607558727264),(Vehicles3↦0.47749578952789307),(Vehicles4↦0.7762611657381058),(Vehicles5↦0.24851975962519646)}",
        "VehiclesY": "{(EgoVehicle↦-1.3322676295501878E-15),(Vehicles2↦4.0000001192092896),(Vehicles3↦8.000000238418579),(Vehicles4↦2.6645352591003757E-15),(Vehicles5↦4.0000001192092896)}",
        "VehiclesVy": "{(EgoVehicle↦0.0),(Vehicles2↦0.0),(Vehicles3↦0.0),(Vehicles4↦0.0),(Vehicles5↦0.0)}",
        "VehiclesX": "{(EgoVehicle↦200.0),(Vehicles2↦-4.316920042037964),(Vehicles3↦-4.75696362555027),(Vehicles4↦58.938080072402954),(Vehicles5↦70.93501091003418)}"
      },
      "probabilisticVariables": null,
      "activating": [
        "IDLE_53"
      ],
      "activatingOnlyWhenExecuted": true,
      "updating": null,
      "withPredicate": null
    },
    {
      "id": "IDLE_53",
      "execute": "IDLE",
      "after": "1000",
      "priority": 0,
      "additionalGuards": null,
      "activationKind": null,
      "fixedVariables": {
        "Crash": "FALSE",
        "VehiclesAy": "{(EgoVehicle↦0.0),(Vehicles2↦0.0),(Vehicles3↦0.0),(Vehicles4↦0.0),(Vehicles5↦0.0)}",
        "Reward": "0.6666666666666669",
        "VehiclesAx": "{(EgoVehicle↦0.0),(Vehicles2↦0.8766558393836021),(Vehicles3↦-0.838983915746212),(Vehicles4↦-0.030212923884391785),(Vehicles5↦0.015174895524978638)}",
        "VehiclesVx": "{(EgoVehicle↦20.0),(Vehicles2↦0.4912397637963295),(Vehicles3↦-0.36148812621831894),(Vehicles4↦0.746048241853714),(Vehicles5↦0.2636946551501751)}",
        "VehiclesY": "{(EgoVehicle↦-1.3322676295501878E-15),(Vehicles2↦8.000000238418579),(Vehicles3↦4.0000001192092896),(Vehicles4↦2.6645352591003757E-15),(Vehicles5↦4.0000001192092896)}",
        "VehiclesVy": "{(EgoVehicle↦0.0),(Vehicles2↦0.0),(Vehicles3↦0.0),(Vehicles4↦0.0),(Vehicles5↦0.0)}",
        "VehiclesX": "{(EgoVehicle↦200.0),(Vehicles2↦-4.273924604058266),(Vehicles3↦-4.692691937088966),(Vehicles4↦59.702104330062866),(Vehicles5↦71.18963599205017)}"
      },
      "probabilisticVariables": null,
      "activating": [
        "IDLE_54"
      ],
      "activatingOnlyWhenExecuted": true,
      "updating": null,
      "withPredicate": null
    },
    {
      "id": "IDLE_54",
      "execute": "IDLE",
      "after": "1000",
      "priority": 0,
      "additionalGuards": null,
      "activationKind": null,
      "fixedVariables": {
        "Crash": "FALSE",
        "VehiclesAy": "{(EgoVehicle↦0.0),(Vehicles2↦0.0),(Vehicles3↦0.0),(Vehicles4↦0.0),(Vehicles5↦0.0)}",
        "Reward": "0.6666666666666669",
        "VehiclesAx": "{(EgoVehicle↦0.0),(Vehicles2↦0.013189539313316345),(Vehicles3↦0.023045949637889862),(Vehicles4↦-0.02829521894454956),(Vehicles5↦0.01472529023885727)}",
        "VehiclesVx": "{(EgoVehicle↦20.0),(Vehicles2↦0.5044293031096458),(Vehicles3↦-0.3384421765804291),(Vehicles4↦0.7177530229091644),(Vehicles5↦0.27841994538903236)}",
        "VehiclesY": "{(EgoVehicle↦-1.3322676295501878E-15),(Vehicles2↦8.000000238418579),(Vehicles3↦4.0000001192092896),(Vehicles4↦2.6645352591003757E-15),(Vehicles5↦4.0000001192092896)}",
        "VehiclesVy": "{(EgoVehicle↦0.0),(Vehicles2↦0.0),(Vehicles3↦0.0),(Vehicles4↦0.0),(Vehicles5↦0.0)}",
        "VehiclesX": "{(EgoVehicle↦200.0),(Vehicles2↦-3.777366131544113),(Vehicles3↦-5.0448935478925705),(Vehicles4↦60.436683893203735),(Vehicles5↦71.45925760269165)}"
      },
      "probabilisticVariables": null,
      "activating": [
        "IDLE_55"
      ],
      "activatingOnlyWhenExecuted": true,
      "updating": null,
      "withPredicate": null
    },
    {
      "id": "IDLE_55",
      "execute": "IDLE",
      "after": "1000",
      "priority": 0,
      "additionalGuards": null,
      "activationKind": null,
      "fixedVariables": {
        "Crash": "FALSE",
        "VehiclesAy": "{(EgoVehicle↦0.0),(Vehicles2↦0.0),(Vehicles3↦0.0),(Vehicles4↦0.0),(Vehicles5↦0.0)}",
        "Reward": "0.6666666666666669",
        "VehiclesAx": "{(EgoVehicle↦0.0),(Vehicles2↦0.012664347887039185),(Vehicles3↦0.022219829261302948),(Vehicles4↦-0.02640455961227417),(Vehicles5↦0.014306902885437012)}",
        "VehiclesVx": "{(EgoVehicle↦20.0),(Vehicles2↦0.517093650996685),(Vehicles3↦-0.31622234731912613),(Vehicles4↦0.6913484632968903),(Vehicles5↦0.2927268482744694)}",
        "VehiclesY": "{(EgoVehicle↦-1.3322676295501878E-15),(Vehicles2↦8.000000238418579),(Vehicles3↦4.0000001192092896),(Vehicles4↦2.6645352591003757E-15),(Vehicles5↦4.0000001192092896)}",
        "VehiclesVy": "{(EgoVehicle↦0.0),(Vehicles2↦0.0),(Vehicles3↦0.0),(Vehicles4↦0.0),(Vehicles5↦0.0)}",
        "VehiclesX": "{(EgoVehicle↦200.0),(Vehicles2↦-3.2678302377462387),(Vehicles3↦-5.374383926391602),(Vehicles4↦61.1437201499939),(Vehicles5↦71.74343466758728)}"
      },
      "probabilisticVariables": null,
      "activating": [
        "IDLE_56"
      ],
      "activatingOnlyWhenExecuted": true,
      "updating": null,
      "withPredicate": null
    },
    {
      "id": "IDLE_56",
      "execute": "IDLE",
      "after": "1000",
      "priority": 0,
      "additionalGuards": null,
      "activationKind": null,
      "fixedVariables": {
        "Crash": "FALSE",
        "VehiclesAy": "{(EgoVehicle↦0.0),(Vehicles2↦0.0),(Vehicles3↦0.0),(Vehicles4↦0.0),(Vehicles5↦0.0)}",
        "Reward": "0.6666666666666669",
        "VehiclesAx": "{(EgoVehicle↦0.0),(Vehicles2↦0.012166723608970642),(Vehicles3↦0.021444745361804962),(Vehicles4↦-0.024551227688789368),(Vehicles5↦0.01391647383570671)}",
        "VehiclesVx": "{(EgoVehicle↦20.0),(Vehicles2↦0.5292603746056557),(Vehicles3↦-0.29477760195732117),(Vehicles4↦0.6667972356081009),(Vehicles5↦0.3066433221101761)}",
        "VehiclesY": "{(EgoVehicle↦-1.3322676295501878E-15),(Vehicles2↦8.000000238418579),(Vehicles3↦4.0000001192092896),(Vehicles4↦2.6645352591003757E-15),(Vehicles5↦4.0000001192092896)}",
        "VehiclesVy": "{(EgoVehicle↦0.0),(Vehicles2↦0.0),(Vehicles3↦0.0),(Vehicles4↦0.0),(Vehicles5↦0.0)}",
        "VehiclesX": "{(EgoVehicle↦200.0),(Vehicles2↦-2.74583101272583),(Vehicles3↦-5.681968107819557),(Vehicles4↦61.82510256767273),(Vehicles5↦72.04175591468811)}"
      },
      "probabilisticVariables": null,
      "activating": [
        "IDLE_57"
      ],
      "activatingOnlyWhenExecuted": true,
      "updating": null,
      "withPredicate": null
    },
    {
      "id": "IDLE_57",
      "execute": "IDLE",
      "after": "1000",
      "priority": 0,
      "additionalGuards": null,
      "activationKind": null,
      "fixedVariables": {
        "Crash": "FALSE",
        "VehiclesAy": "{(EgoVehicle↦0.0),(Vehicles2↦0.0),(Vehicles3↦0.0),(Vehicles4↦0.0),(Vehicles5↦0.0)}",
        "Reward": "0.6666666666666669",
        "VehiclesAx": "{(EgoVehicle↦0.0),(Vehicles2↦0.01169499009847641),(Vehicles3↦0.02071646973490715),(Vehicles4↦-0.02274326980113983),(Vehicles5↦0.013551153242588043)}",
        "VehiclesVx": "{(EgoVehicle↦20.0),(Vehicles2↦0.5409553647041321),(Vehicles3↦-0.274061132222414),(Vehicles4↦0.6440539658069611),(Vehicles5↦0.32019447535276413)}",
        "VehiclesY": "{(EgoVehicle↦-1.3322676295501878E-15),(Vehicles2↦8.000000238418579),(Vehicles3↦4.0000001192092896),(Vehicles4↦2.6645352591003757E-15),(Vehicles5↦4.0000001192092896)}",
        "VehiclesVy": "{(EgoVehicle↦0.0),(Vehicles2↦0.0),(Vehicles3↦0.0),(Vehicles4↦0.0),(Vehicles5↦0.0)}",
        "VehiclesX": "{(EgoVehicle↦200.0),(Vehicles2↦-2.211855910718441),(Vehicles3↦-5.968402698636055),(Vehicles4↦62.48266100883484),(Vehicles5↦72.35385179519653)}"
      },
      "probabilisticVariables": null,
      "activating": [
        "IDLE_58"
      ],
      "activatingOnlyWhenExecuted": true,
      "updating": null,
      "withPredicate": null
    },
    {
      "id": "IDLE_58",
      "execute": "IDLE",
      "after": "1000",
      "priority": 0,
      "additionalGuards": null,
      "activationKind": null,
      "fixedVariables": {
        "Crash": "FALSE",
        "VehiclesAy": "{(EgoVehicle↦0.0),(Vehicles2↦0.0),(Vehicles3↦0.0),(Vehicles4↦0.0),(Vehicles5↦0.0)}",
        "Reward": "0.6666666666666669",
        "VehiclesAx": "{(EgoVehicle↦0.0),(Vehicles2↦0.01124747097492218),(Vehicles3↦0.020031053572893143),(Vehicles4↦-0.020987577736377716),(Vehicles5↦0.013208463788032532)}",
        "VehiclesVx": "{(EgoVehicle↦20.0),(Vehicles2↦0.5522028356790543),(Vehicles3↦-0.2540300786495209),(Vehicles4↦0.6230663880705833),(Vehicles5↦0.33340293914079666)}",
        "VehiclesY": "{(EgoVehicle↦-1.3322676295501878E-15),(Vehicles2↦8.000000238418579),(Vehicles3↦4.0000001192092896),(Vehicles4↦2.6645352591003757E-15),(Vehicles5↦4.0000001192092896)}",
        "VehiclesVy": "{(EgoVehicle↦0.0),(Vehicles2↦0.0),(Vehicles3↦0.0),(Vehicles4↦0.0),(Vehicles5↦0.0)}",
        "VehiclesX": "{(EgoVehicle↦200.0),(Vehicles2↦-1.6663666814565659),(Vehicles3↦-6.234398111701012),(Vehicles4↦63.118183612823486),(Vehicles5↦72.67935276031494)}"
      },
      "probabilisticVariables": null,
      "activating": [
        "IDLE_59"
      ],
      "activatingOnlyWhenExecuted": true,
      "updating": null,
      "withPredicate": null
    },
    {
      "id": "IDLE_59",
      "execute": "IDLE",
      "after": "1000",
      "priority": 0,
      "additionalGuards": null,
      "activationKind": null,
      "fixedVariables": {
        "Crash": "FALSE",
        "VehiclesAy": "{(EgoVehicle↦0.0),(Vehicles2↦0.0),(Vehicles3↦0.0),(Vehicles4↦0.0),(Vehicles5↦0.0)}",
        "Reward": "0.6666666666666669",
        "VehiclesAx": "{(EgoVehicle↦0.0),(Vehicles2↦0.010822713375091553),(Vehicles3↦0.019385069608688354),(Vehicles4↦-0.01928970217704773),(Vehicles5↦0.012886188924312592)}",
        "VehiclesVx": "{(EgoVehicle↦20.0),(Vehicles2↦0.5630255490541458),(Vehicles3↦-0.23464500904083252),(Vehicles4↦0.6037766858935356),(Vehicles5↦0.34628912806510925)}",
        "VehiclesY": "{(EgoVehicle↦-1.3322676295501878E-15),(Vehicles2↦8.000000238418579),(Vehicles3↦4.0000001192092896),(Vehicles4↦2.6645352591003757E-15),(Vehicles5↦4.0000001192092896)}",
        "VehiclesVy": "{(EgoVehicle↦0.0),(Vehicles2↦0.0),(Vehicles3↦0.0),(Vehicles4↦0.0),(Vehicles5↦0.0)}",
        "VehiclesX": "{(EgoVehicle↦200.0),(Vehicles2↦-1.1098016053438187),(Vehicles3↦-6.480623781681061),(Vehicles4↦63.73339891433716),(Vehicles5↦73.01793694496155)}"
      },
      "probabilisticVariables": null,
      "activating": [
        "IDLE_60"
      ],
      "activatingOnlyWhenExecuted": true,
      "updating": null,
      "withPredicate": null
    },
    {
      "id": "IDLE_60",
      "execute": "IDLE",
      "after": "1000",
      "priority": 0,
      "additionalGuards": null,
      "activationKind": null,
      "fixedVariables": {
        "Crash": "FALSE",
        "VehiclesAy": "{(EgoVehicle↦1.7763568394002505E-14),(Vehicles2↦-1.7763568394002505E-14),(Vehicles3↦-1.7763568394002505E-14),(Vehicles4↦-1.7763568394002505E-14),(Vehicles5↦-1.7763568394002505E-14)}",
        "Reward": "0.6666666666666669",
        "VehiclesAx": "{(EgoVehicle↦0.0),(Vehicles2↦0.010419189929962158),(Vehicles3↦0.01877540722489357),(Vehicles4↦-0.017654001712799072),(Vehicles5↦0.012582466006278992)}",
        "VehiclesVx": "{(EgoVehicle↦20.0),(Vehicles2↦0.573444738984108),(Vehicles3↦-0.21586960181593895),(Vehicles4↦0.5861226841807365),(Vehicles5↦0.35887159407138824)}",
        "VehiclesY": "{(EgoVehicle↦-1.3322676295501878E-15),(Vehicles2↦8.000000238418579),(Vehicles3↦4.0000001192092896),(Vehicles4↦2.6645352591003757E-15),(Vehicles5↦4.0000001192092896)}",
        "VehiclesVy": "{(EgoVehicle↦1.7763568394002505E-14),(Vehicles2↦-1.7763568394002505E-14),(Vehicles3↦-1.7763568394002505E-14),(Vehicles4↦-1.7763568394002505E-14),(Vehicles5↦-1.7763568394002505E-14)}",
        "VehiclesX": "{(EgoVehicle↦200.0),(Vehicles2↦-0.5425768904387951),(Vehicles3↦-6.7077115178108215),(Vehicles4↦64.32998776435852),(Vehicles5↦73.36928248405457)}"
      },
      "probabilisticVariables": null,
      "activating": [
        "IDLE_61"
      ],
      "activatingOnlyWhenExecuted": true,
      "updating": null,
      "withPredicate": null
    },
    {
      "id": "IDLE_61",
      "execute": "IDLE",
      "after": "1000",
      "priority": 0,
      "additionalGuards": null,
      "activationKind": null,
      "fixedVariables": {
        "Crash": "FALSE",
        "VehiclesAy": "{(EgoVehicle↦-1.7763568394002505E-14),(Vehicles2↦1.7763568394002505E-14),(Vehicles3↦1.7763568394002505E-14),(Vehicles4↦1.7763568394002505E-14),(Vehicles5↦-1.7763568394002505E-14)}",
        "Reward": "0.6666666666666669",
        "VehiclesAx": "{(EgoVehicle↦0.0),(Vehicles2↦0.010035745799541473),(Vehicles3↦0.018199235200881958),(Vehicles4↦-0.016083791851997375),(Vehicles5↦0.012295544147491455)}",
        "VehiclesVx": "{(EgoVehicle↦20.0),(Vehicles2↦0.5834804847836494),(Vehicles3↦-0.197670366615057),(Vehicles4↦0.5700388923287392),(Vehicles5↦0.3711671382188797)}",
        "VehiclesY": "{(EgoVehicle↦-1.3322676295501878E-15),(Vehicles2↦8.000000238418579),(Vehicles3↦4.0000001192092896),(Vehicles4↦2.6645352591003757E-15),(Vehicles5↦4.0000001192092896)}",
        "VehiclesVy": "{(EgoVehicle↦0.0),(Vehicles2↦0.0),(Vehicles3↦0.0),(Vehicles4↦0.0),(Vehicles5↦0.0)}",
        "VehiclesX": "{(EgoVehicle↦200.0),(Vehicles2↦0.034912038245238364),(Vehicles3↦-6.916256994009018),(Vehicles4↦64.90955352783203),(Vehicles5↦73.73309135437012)}"
      },
      "probabilisticVariables": null,
      "activating": null,
      "activatingOnlyWhenExecuted": true,
      "updating": null,
      "withPredicate": null
    }
  ],
  "listeners": [],
  "metadata": {
    "fileType": "Timed_Trace",
    "formatVersion": 3,
    "savedAt": "2023-08-21T13:22:42.816216Z",
    "creator": "Simulation: HYPOTHESIS_TEST; SIGNIFICANCE : 0.05, PROBABILITY : 0.95, MAX_STEPS_BEFORE_PROPERTY : 0, EXECUTIONS : 1000, PREDICATE : Crash = FALSE, ENDING_TIME : 60000, HYPOTHESIS_CHECKING_TYPE : LEFT_TAILED, CHECKING_TYPE : PREDICATE_INVARIANT",
    "proB2KernelVersion": "4.12.2",
    "proBCliVersion": "1.12.2-final",
    "modelName": "HighwayEnvironment2"
  }
}