{
  "variables": {},
  "activations": [
    {
      "id": "$setup_constants",
      "execute": "$setup_constants",
      "after": "0",
      "priority": 0,
      "additionalGuards": null,
      "activationKind": null,
      "fixedVariables": null,
      "probabilisticVariables": null,
      "activating": null,
      "activatingOnlyWhenExecuted": true,
      "updating": null,
      "withPredicate": null
    },
    {
      "id": "$initialise_machine",
      "execute": "$initialise_machine",
      "after": "0",
      "priority": 0,
      "additionalGuards": null,
      "activationKind": null,
      "fixedVariables": {
        "Crash": "FALSE",
        "VehiclesAy": "{(EgoVehicle↦0.0),(Vehicles2↦0.0),(Vehicles3↦0.0),(Vehicles4↦0.0),(Vehicles5↦0.0)}",
        "Reward": "0.0",
        "VehiclesAx": "{(EgoVehicle↦0.0),(Vehicles2↦0.0),(Vehicles3↦0.0),(Vehicles4↦0.0),(Vehicles5↦0.0)}",
        "VehiclesVx": "{(EgoVehicle↦25.0),(Vehicles2↦-2.0292936265468597),(Vehicles3↦-2.100737690925598),(Vehicles4↦-3.7982720136642456),(Vehicles5↦-1.1622505635023117)}",
        "VehiclesY": "{(EgoVehicle↦0.0),(Vehicles2↦0.0),(Vehicles3↦0.0),(Vehicles4↦0.0),(Vehicles5↦4.0000001192092896)}",
        "VehiclesVy": "{(EgoVehicle↦0.0),(Vehicles2↦0.0),(Vehicles3↦0.0),(Vehicles4↦0.0),(Vehicles5↦0.0)}",
        "VehiclesX": "{(EgoVehicle↦153.74975204467773),(Vehicles2↦23.70697408914566),(Vehicles3↦46.74047827720642),(Vehicles4↦70.73366641998291),(Vehicles5↦95.77266573905945)}"
      },
      "probabilisticVariables": null,
      "activating": [
        "LANE_RIGHT_2"
      ],
      "activatingOnlyWhenExecuted": true,
      "updating": null,
      "withPredicate": null
    },
    {
      "id": "LANE_RIGHT_2",
      "execute": "LANE_RIGHT",
      "after": "1000",
      "priority": 0,
      "additionalGuards": null,
      "activationKind": null,
      "fixedVariables": {
        "Crash": "FALSE",
        "VehiclesAy": "{(EgoVehicle↦1.0796338319778442),(Vehicles2↦-1.0796338319778442),(Vehicles3↦1.0587704926729202),(Vehicles4↦-1.0796338319778442),(Vehicles5↦-1.0796338319778442)}",
        "Reward": "0.8327113850086175",
        "VehiclesAx": "{(EgoVehicle↦-0.023322105407714844),(Vehicles2↦-5.976677089929581),(Vehicles3↦-4.55937922000885),(Vehicles4↦-0.07465183734893799),(Vehicles5↦-1.4080394059419632)}",
        "VehiclesVx": "{(EgoVehicle↦24.976677894592285),(Vehicles2↦-8.00597071647644),(Vehicles3↦-6.660116910934448),(Vehicles4↦-3.8729238510131836),(Vehicles5↦-2.570289969444275)}",
        "VehiclesY": "{(EgoVehicle↦3.6599650382995605),(Vehicles2↦-3.6599650382995605),(Vehicles3↦-0.43340393900871277),(Vehicles4↦-3.6599650382995605),(Vehicles5↦0.3400348797440529)}",
        "VehiclesVy": "{(EgoVehicle↦1.0796338319778442),(Vehicles2↦-1.0796338319778442),(Vehicles3↦1.0587704926729202),(Vehicles4↦-1.0796338319778442),(Vehicles5↦-1.0796338319778442)}",
        "VehiclesX": "{(EgoVehicle↦178.43000888824463),(Vehicles2↦19.597432017326355),(Vehicles3↦42.23478436470032),(Vehicles4↦67.21386909484863),(Vehicles5↦94.36640739440918)}"
      },
      "probabilisticVariables": null,
      "activating": [
        "LANE_RIGHT_3"
      ],
      "activatingOnlyWhenExecuted": true,
      "updating": null,
      "withPredicate": null
    },
    {
      "id": "LANE_RIGHT_3",
      "execute": "LANE_RIGHT",
      "after": "1000",
      "priority": 0,
      "additionalGuards": null,
      "activationKind": null,
      "fixedVariables": {
        "Crash": "FALSE",
        "VehiclesAy": "{(EgoVehicle↦0.037668049335479736),(Vehicles2↦-0.037668049335479736),(Vehicles3↦-2.0191825926303864),(Vehicles4↦-0.037668049335479736),(Vehicles5↦-2.196935713291168)}",
        "Reward": "0.8660005399738949",
        "VehiclesAx": "{(EgoVehicle↦-0.0016570091247558594),(Vehicles2↦0.9183096885681152),(Vehicles3↦0.8525604009628296),(Vehicles4↦-0.4227018356323242),(Vehicles5↦-1.4969506859779358)}",
        "VehiclesVx": "{(EgoVehicle↦24.97502088546753),(Vehicles2↦-7.087661027908325),(Vehicles3↦-5.807556509971619),(Vehicles4↦-4.295625686645508),(Vehicles5↦-4.067240655422211)}",
        "VehiclesY": "{(EgoVehicle↦7.648639440536499),(Vehicles2↦-7.648639440536499),(Vehicles3↦-3.703327775001526),(Vehicles4↦-7.648639440536499),(Vehicles5↦-3.6486393213272095)}",
        "VehiclesVy": "{(EgoVehicle↦1.117301881313324),(Vehicles2↦-1.117301881313324),(Vehicles3↦-0.9604120999574661),(Vehicles4↦-1.117301881313324),(Vehicles5↦-1.117301881313324)}",
        "VehiclesX": "{(EgoVehicle↦200.0),(Vehicles2↦12.342599034309387),(Vehicles3↦36.36576235294342),(Vehicles4↦63.49397897720337),(Vehicles5↦91.51392579078674)}"
      },
      "probabilisticVariables": null,
      "activating": [
        "IDLE_4"
      ],
      "activatingOnlyWhenExecuted": true,
      "updating": null,
      "withPredicate": null
    },
    {
      "id": "IDLE_4",
      "execute": "IDLE",
      "after": "1000",
      "priority": 0,
      "additionalGuards": null,
      "activationKind": null,
      "fixedVariables": {
        "Crash": "FALSE",
        "VehiclesAy": "{(EgoVehicle↦-1.078004245646298),(Vehicles2↦1.078004245646298),(Vehicles3↦0.9315785812214017),(Vehicles4↦1.078004245646298),(Vehicles5↦-1.15659951698035)}",
        "Reward": "0.8666658430372319",
        "VehiclesAx": "{(EgoVehicle↦0.0249481201171875),(Vehicles2↦0.5927759408950806),(Vehicles3↦0.29875338077545166),(Vehicles4↦-0.1958295702934265),(Vehicles5↦-0.7771158218383789)}",
        "VehiclesVx": "{(EgoVehicle↦24.999969005584717),(Vehicles2↦-6.494885087013245),(Vehicles3↦-5.508803129196167),(Vehicles4↦-4.491455256938934),(Vehicles5↦-4.84435647726059)}",
        "VehiclesY": "{(EgoVehicle↦7.988144159317017),(Vehicles2↦-7.988144159317017),(Vehicles3↦-3.991778254508972),(Vehicles4↦-7.988144159317017),(Vehicles5↦-3.9881443977355957)}",
        "VehiclesVy": "{(EgoVehicle↦0.03929763566702604),(Vehicles2↦-0.03929763566702604),(Vehicles3↦-0.028833518736064434),(Vehicles4↦-0.03929763566702604),(Vehicles5↦-0.03929763566702604)}",
        "VehiclesX": "{(EgoVehicle↦200.0),(Vehicles2↦5.5005524307489395),(Vehicles3↦30.68968951702118),(Vehicles4↦59.09720063209534),(Vehicles5↦87.07557916641235)}"
      },
      "probabilisticVariables": null,
      "activating": [
        "IDLE_5"
      ],
      "activatingOnlyWhenExecuted": true,
      "updating": null,
      "withPredicate": null
    },
    {
      "id": "IDLE_5",
      "execute": "IDLE",
      "after": "1000",
      "priority": 0,
      "additionalGuards": null,
      "activationKind": null,
      "fixedVariables": {
        "Crash": "FALSE",
        "VehiclesAy": "{(EgoVehicle↦-0.03805157859460451),(Vehicles2↦0.03805157859460451),(Vehicles3↦0.028269571521377657),(Vehicles4↦0.03805157859460451),(Vehicles5↦-0.04054369273944758)}",
        "Reward": "0.8666666658385823",
        "VehiclesAx": "{(EgoVehicle↦3.0994415283203125E-05),(Vehicles2↦0.4165220260620117),(Vehicles3↦0.1268082857131958),(Vehicles4↦-0.07084488868713379),(Vehicles5↦-0.3144374489784241)}",
        "VehiclesVx": "{(EgoVehicle↦25.0),(Vehicles2↦-6.078363060951233),(Vehicles3↦-5.381994843482971),(Vehicles4↦-4.562300145626068),(Vehicles5↦-5.158793926239014)}",
        "VehiclesY": "{(EgoVehicle↦7.999626159667969),(Vehicles2↦-7.999626159667969),(Vehicles3↦-3.9998624324798584),(Vehicles4↦-7.999626159667969),(Vehicles5↦-3.999626040458679)}",
        "VehiclesVy": "{(EgoVehicle↦0.0012460570724215358),(Vehicles2↦-0.0012460570724215358),(Vehicles3↦-0.0005639472146867774),(Vehicles4↦-0.0012460570724215358),(Vehicles5↦-0.0012460570724215358)}",
        "VehiclesX": "{(EgoVehicle↦200.0),(Vehicles2↦-0.8147894404828548),(Vehicles3↦25.24140775203705),(Vehicles4↦54.57242727279663),(Vehicles5↦82.08197951316833)}"
      },
      "probabilisticVariables": null,
      "activating": [
        "SLOWER_6"
      ],
      "activatingOnlyWhenExecuted": true,
      "updating": null,
      "withPredicate": null
    },
    {
      "id": "SLOWER_6",
      "execute": "SLOWER",
      "after": "1000",
      "priority": 0,
      "additionalGuards": null,
      "activationKind": null,
      "fixedVariables": {
        "Crash": "FALSE",
        "VehiclesAy": "{(EgoVehicle↦-0.0011953586727031507),(Vehicles2↦0.0011953586727031507),(Vehicles3↦0.0005573372874323468),(Vehicles4↦0.0011953586727031507),(Vehicles5↦-0.001296755472139921)}",
        "Reward": "0.750891632371455",
        "VehiclesAx": "{(EgoVehicle↦-4.341564178466797),(Vehicles2↦4.626025855541229),(Vehicles3↦4.388299584388733),(Vehicles4↦4.312096014618874),(Vehicles5↦4.234950765967369)}",
        "VehiclesVx": "{(EgoVehicle↦20.658435821533203),(Vehicles2↦-1.4523372054100037),(Vehicles3↦-0.9936952590942383),(Vehicles4↦-0.2502041310071945),(Vehicles5↦-0.9238431602716446)}",
        "VehiclesY": "{(EgoVehicle↦7.9999823570251465),(Vehicles2↦-7.9999823570251465),(Vehicles3↦-3.999997615814209),(Vehicles4↦-7.9999823570251465),(Vehicles5↦-3.9999825954437256)}",
        "VehiclesVy": "{(EgoVehicle↦5.069839971838519E-05),(Vehicles2↦-5.069839971838519E-05),(Vehicles3↦-6.609927254430659E-06),(Vehicles4↦-5.069839971838519E-05),(Vehicles5↦-5.069839971838519E-05)}",
        "VehiclesX": "{(EgoVehicle↦200.0),(Vehicles2↦-4.375877231359482),(Vehicles3↦22.276827692985535),(Vehicles4↦52.391427755355835),(Vehicles5↦79.26471829414368)}"
      },
      "probabilisticVariables": null,
      "activating": [
        "FASTER_7"
      ],
      "activatingOnlyWhenExecuted": true,
      "updating": null,
      "withPredicate": null
    },
    {
      "id": "FASTER_7",
      "execute": "FASTER",
      "after": "1000",
      "priority": 0,
      "additionalGuards": null,
      "activationKind": null,
      "fixedVariables": {
        "Crash": "FALSE",
        "VehiclesAy": "{(EgoVehicle↦-4.824663477620561E-05),(Vehicles2↦4.824663477620561E-05),(Vehicles3↦6.999076802571835E-06),(Vehicles4↦4.824663477620561E-05),(Vehicles5↦-5.315016466056477E-05)}",
        "Reward": "0.8514205716156606",
        "VehiclesAx": "{(EgoVehicle↦3.76983642578125),(Vehicles2↦-3.571191132068634),(Vehicles3↦-3.750794231891632),(Vehicles4↦-3.7835178524255753),(Vehicles5↦-3.784252628684044)}",
        "VehiclesVx": "{(EgoVehicle↦24.428272247314453),(Vehicles2↦-5.023528337478638),(Vehicles3↦-4.74448949098587),(Vehicles4↦-4.03372198343277),(Vehicles5↦-4.7080957889556885)}",
        "VehiclesY": "{(EgoVehicle↦7.999999523162842),(Vehicles2↦-7.999999523162842),(Vehicles3↦-4.0000001192092896),(Vehicles4↦-7.999999523162842),(Vehicles5↦-3.9999994039535522)}",
        "VehiclesVy": "{(EgoVehicle↦2.4517649421795795E-06),(Vehicles2↦-2.4517649421795795E-06),(Vehicles3↦3.8914954814117664E-07),(Vehicles4↦-2.4517649421795795E-06),(Vehicles5↦-2.4517649421795795E-06)}",
        "VehiclesX": "{(EgoVehicle↦200.0),(Vehicles2↦-7.822945713996887),(Vehicles3↦19.212177395820618),(Vehicles4↦50.05539059638977),(Vehicles5↦76.25100016593933)}"
      },
      "probabilisticVariables": null,
      "activating": [
        "SLOWER_8"
      ],
      "activatingOnlyWhenExecuted": true,
      "updating": null,
      "withPredicate": null
    },
    {
      "id": "SLOWER_8",
      "execute": "SLOWER",
      "after": "1000",
      "priority": 0,
      "additionalGuards": null,
      "activationKind": null,
      "fixedVariables": {
        "Crash": "FALSE",
        "VehiclesAy": "{(EgoVehicle↦-2.348476559888013E-06),(Vehicles2↦2.5312703932911518E-06),(Vehicles3↦-4.924379304327431E-07),(Vehicles4↦2.348476559888013E-06),(Vehicles5↦-2.555053324471146E-06)}",
        "Reward": "0.7488839161524057",
        "VehiclesAx": "{(EgoVehicle↦-3.8451242446899414),(Vehicles2↦4.136033058166504),(Vehicles3↦4.547343850135803),(Vehicles4↦3.190453201532364),(Vehicles5↦3.4495630860328674)}",
        "VehiclesVx": "{(EgoVehicle↦20.58314800262451),(Vehicles2↦-0.8874952793121338),(Vehicles3↦-0.19714564085006714),(Vehicles4↦-0.8432687819004059),(Vehicles5↦-1.258532702922821)}",
        "VehiclesY": "{(EgoVehicle↦8.000000238418579),(Vehicles2↦-4.0000001192092896),(Vehicles3↦-8.000000238418579),(Vehicles4↦-4.0000001192092896),(Vehicles5↦3.568838025103105E-08)}",
        "VehiclesVy": "{(EgoVehicle↦1.0328838229156645E-07),(Vehicles2↦7.950545111157226E-08),(Vehicles3↦-1.0328838229156645E-07),(Vehicles4↦-1.0328838229156645E-07),(Vehicles5↦-1.0328838229156645E-07)}",
        "VehiclesX": "{(EgoVehicle↦200.0),(Vehicles2↦16.593825817108154),(Vehicles3↦48.13925623893738),(Vehicles4↦73.67064952850342),(Vehicles5↦84.45106148719788)}"
      },
      "probabilisticVariables": null,
      "activating": [
        "FASTER_9"
      ],
      "activatingOnlyWhenExecuted": true,
      "updating": null,
      "withPredicate": null
    },
    {
      "id": "FASTER_9",
      "execute": "FASTER",
      "after": "1000",
      "priority": 0,
      "additionalGuards": null,
      "activationKind": null,
      "fixedVariables": {
        "Crash": "FALSE",
        "VehiclesAy": "{(EgoVehicle↦-9.828649893961483E-08),(Vehicles2↦-7.275938074258193E-08),(Vehicles3↦9.828649893961483E-08),(Vehicles4↦9.828649893961483E-08),(Vehicles5↦-1.0829026564351807E-07)}",
        "Reward": "0.8511561810022372",
        "VehiclesAx": "{(EgoVehicle↦3.8352084159851074),(Vehicles2↦-3.8240396976470947),(Vehicles3↦-3.842693269252777),(Vehicles4↦-3.808204084634781),(Vehicles5↦-3.5876432061195374)}",
        "VehiclesVx": "{(EgoVehicle↦24.41835641860962),(Vehicles2↦-4.7115349769592285),(Vehicles3↦-4.039838910102844),(Vehicles4↦-4.651472866535187),(Vehicles5↦-4.846175909042358)}",
        "VehiclesY": "{(EgoVehicle↦8.000000238418579),(Vehicles2↦-4.0000001192092896),(Vehicles3↦-8.000000238418579),(Vehicles4↦-4.0000001192092896),(Vehicles5↦1.511534897247202E-09)}",
        "VehiclesVy": "{(EgoVehicle↦5.001883351951619E-09),(Vehicles2↦6.746070368990331E-09),(Vehicles3↦-5.001883351951619E-09),(Vehicles4↦-5.001883351951619E-09),(Vehicles5↦-5.001883351951619E-09)}",
        "VehiclesX": "{(EgoVehicle↦200.0),(Vehicles2↦13.595041632652283),(Vehicles3↦45.82338333129883),(Vehicles4↦70.72245478630066),(Vehicles5↦81.17905855178833)}"
      },
      "probabilisticVariables": null,
      "activating": [
        "FASTER_10"
      ],
      "activatingOnlyWhenExecuted": true,
      "updating": null,
      "withPredicate": null
    },
    {
      "id": "FASTER_10",
      "execute": "FASTER",
      "after": "1000",
      "priority": 0,
      "additionalGuards": null,
      "activationKind": null,
      "fixedVariables": {
        "Crash": "FALSE",
        "VehiclesAy": "{(EgoVehicle↦-4.888889293397369E-09),(Vehicles2↦-6.104947658513993E-09),(Vehicles3↦4.888889293397369E-09),(Vehicles4↦4.888889293397369E-09),(Vehicles5↦-5.114877410505869E-09)}",
        "Reward": "0.9803991678686076",
        "VehiclesAx": "{(EgoVehicle↦4.84661340713501),(Vehicles2↦-4.8350101709365845),(Vehicles3↦-4.854341745376587),(Vehicles4↦-4.822816550731659),(Vehicles5↦-4.6381425857543945)}",
        "VehiclesVx": "{(EgoVehicle↦29.26496982574463),(Vehicles2↦-9.546545147895813),(Vehicles3↦-8.894180655479431),(Vehicles4↦-9.474289417266846),(Vehicles5↦-9.484318494796753)}",
        "VehiclesY": "{(EgoVehicle↦8.000000238418579),(Vehicles2↦-4.0000001192092896),(Vehicles3↦-8.000000238418579),(Vehicles4↦-4.0000001192092896),(Vehicles5↦2.6554758392194344E-11)}",
        "VehiclesVy": "{(EgoVehicle↦1.1299405855424993E-10),(Vehicles2↦6.411227104763384E-10),(Vehicles3↦-1.1299405855424993E-10),(Vehicles4↦-1.1299405855424993E-10),(Vehicles5↦-1.1299405855424993E-10)}",
        "VehiclesX": "{(EgoVehicle↦200.0),(Vehicles2↦6.2144458293914795),(Vehicles3↦39.106813073158264),(Vehicles4↦63.40726017951965),(Vehicles5↦73.74558448791504)}"
      },
      "probabilisticVariables": null,
      "activating": [
        "SLOWER_11"
      ],
      "activatingOnlyWhenExecuted": true,
      "updating": null,
      "withPredicate": null
    },
    {
      "id": "SLOWER_11",
      "execute": "SLOWER",
      "after": "1000",
      "priority": 0,
      "additionalGuards": null,
      "activationKind": null,
      "fixedVariables": {
        "Crash": "FALSE",
        "VehiclesAy": "{(EgoVehicle↦-1.120348258609738E-10),(Vehicles2↦-5.937472735695337E-10),(Vehicles3↦1.120259440767768E-10),(Vehicles4↦1.120259440767768E-10),(Vehicles5↦-1.1396217303172307E-10)}",
        "Reward": "0.8816437861665108",
        "VehiclesAx": "{(EgoVehicle↦-3.703327178955078),(Vehicles2↦3.71492862701416),(Vehicles3↦3.695101737976074),(Vehicles4↦3.721151351928711),(Vehicles5↦3.8768863677978516)}",
        "VehiclesVx": "{(EgoVehicle↦25.56164264678955),(Vehicles2↦-5.831616520881653),(Vehicles3↦-5.199078917503357),(Vehicles4↦-5.753138065338135),(Vehicles5↦-5.607432126998901)}",
        "VehiclesY": "{(EgoVehicle↦8.000000238418579),(Vehicles2↦-4.0000001192092896),(Vehicles3↦-8.000000238418579),(Vehicles4↦-4.0000001192092896),(Vehicles5↦2.424727085781342E-13)}",
        "VehiclesVy": "{(EgoVehicle↦9.592326932761353E-13),(Vehicles2↦4.737543690680468E-11),(Vehicles3↦-9.681144774731365E-13),(Vehicles4↦-9.681144774731365E-13),(Vehicles5↦-9.681144774731365E-13)}",
        "VehiclesX": "{(EgoVehicle↦200.0),(Vehicles2↦-1.2844599783420563),(Vehicles3↦32.25235342979431),(Vehicles4↦55.983561277389526),(Vehicles5↦66.37624502182007)}"
      },
      "probabilisticVariables": null,
      "activating": [
        "SLOWER_12"
      ],
      "activatingOnlyWhenExecuted": true,
      "updating": null,
      "withPredicate": null
    },
    {
      "id": "SLOWER_12",
      "execute": "SLOWER",
      "after": "1000",
      "priority": 0,
      "additionalGuards": null,
      "activationKind": null,
      "fixedVariables": {
        "Crash": "FALSE",
        "VehiclesAy": "{(EgoVehicle↦-9.237055564881302E-13),(Vehicles2↦-4.4302339574642247E-11),(Vehicles3↦9.414691248821327E-13),(Vehicles4↦9.414691248821327E-13),(Vehicles5↦-9.947598300641403E-13)}",
        "Reward": "0.7528639279451098",
        "VehiclesAx": "{(EgoVehicle↦-4.829244613647461),(Vehicles2↦4.840261936187744),(Vehicles3↦4.82062429189682),(Vehicles4↦4.841536954045296),(Vehicles5↦4.973199442028999)}",
        "VehiclesVx": "{(EgoVehicle↦20.73239803314209),(Vehicles2↦-0.9913545846939087),(Vehicles3↦-0.37845462560653687),(Vehicles4↦-0.911601111292839),(Vehicles5↦-0.634232684969902)}",
        "VehiclesY": "{(EgoVehicle↦8.000000238418579),(Vehicles2↦-4.0000001192092896),(Vehicles3↦-8.000000238418579),(Vehicles4↦-4.0000001192092896),(Vehicles5↦7.993605777301127E-15)}",
        "VehiclesVy": "{(EgoVehicle↦3.552713678800501E-14),(Vehicles2↦3.0730973321624333E-12),(Vehicles3↦-2.6645352591003757E-14),(Vehicles4↦-2.6645352591003757E-14),(Vehicles5↦-2.6645352591003757E-14)}",
        "VehiclesX": "{(EgoVehicle↦200.0),(Vehicles2↦-4.447509348392487),(Vehicles3↦29.71394658088684),(Vehicles4↦52.89982557296753),(Vehicles5↦63.4926438331604)}"
      },
      "probabilisticVariables": null,
      "activating": [
        "FASTER_13"
      ],
      "activatingOnlyWhenExecuted": true,
      "updating": null,
      "withPredicate": null
    },
    {
      "id": "FASTER_13",
      "execute": "FASTER",
      "after": "1000",
      "priority": 0,
      "additionalGuards": null,
      "activationKind": null,
      "fixedVariables": {
        "Crash": "FALSE",
        "VehiclesAy": "{(EgoVehicle↦-3.552713678800501E-14),(Vehicles2↦-2.8776980798284058E-12),(Vehicles3↦2.6645352591003757E-14),(Vehicles4↦2.6645352591003757E-14),(Vehicles5↦-2.6645352591003757E-14)}",
        "Reward": "0.8516802977815233",
        "VehiclesAx": "{(EgoVehicle↦3.705613613128662),(Vehicles2↦-3.6955279111862183),(Vehicles3↦-3.714456558227539),(Vehicles4↦-3.6974216252565384),(Vehicles5↦-3.5861293226480484)}",
        "VehiclesVx": "{(EgoVehicle↦24.438011646270752),(Vehicles2↦-4.686882495880127),(Vehicles3↦-4.092911183834076),(Vehicles4↦-4.609022736549377),(Vehicles5↦-4.22036200761795)}",
        "VehiclesY": "{(EgoVehicle↦8.000000238418579),(Vehicles2↦-4.0000001192092896),(Vehicles3↦-8.000000238418579),(Vehicles4↦-4.0000001192092896),(Vehicles5↦0.0)}",
        "VehiclesVy": "{(EgoVehicle↦0.0),(Vehicles2↦1.9539925233402755E-13),(Vehicles3↦0.0),(Vehicles4↦0.0),(Vehicles5↦0.0)}",
        "VehiclesX": "{(EgoVehicle↦200.0),(Vehicles2↦-7.4789829552173615),(Vehicles3↦27.28773057460785),(Vehicles4↦49.94753301143646),(Vehicles5↦60.863739252090454)}"
      },
      "probabilisticVariables": null,
      "activating": [
        "SLOWER_14"
      ],
      "activatingOnlyWhenExecuted": true,
      "updating": null,
      "withPredicate": null
    },
    {
      "id": "SLOWER_14",
      "execute": "SLOWER",
      "after": "1000",
      "priority": 0,
      "additionalGuards": null,
      "activationKind": null,
      "fixedVariables": {
        "Crash": "FALSE",
        "VehiclesAy": "{(EgoVehicle↦0.0),(Vehicles2↦-1.9539925233402755E-13),(Vehicles3↦0.0),(Vehicles4↦0.0),(Vehicles5↦0.0)}",
        "Reward": "0.7489181187750704",
        "VehiclesAx": "{(EgoVehicle↦-3.853583335876465),(Vehicles2↦4.43864181637764),(Vehicles3↦3.3430449664592743),(Vehicles4↦4.341725371778011),(Vehicles5↦3.452346846461296)}",
        "VehiclesVx": "{(EgoVehicle↦20.584428310394287),(Vehicles2↦-0.24824067950248718),(Vehicles3↦-0.7498662173748016),(Vehicles4↦-0.2672973647713661),(Vehicles5↦-0.7680151611566544)}",
        "VehiclesY": "{(EgoVehicle↦8.000000238418579),(Vehicles2↦-8.000000238418579),(Vehicles3↦-4.0000001192092896),(Vehicles4↦0.0),(Vehicles5↦-4.0000001192092896)}",
        "VehiclesVy": "{(EgoVehicle↦0.0),(Vehicles2↦0.0),(Vehicles3↦0.0),(Vehicles4↦0.0),(Vehicles5↦0.0)}",
        "VehiclesX": "{(EgoVehicle↦200.0),(Vehicles2↦25.31711757183075),(Vehicles3↦47.46675789356232),(Vehicles4↦58.81047248840332),(Vehicles5↦100.95645189285278)}"
      },
      "probabilisticVariables": null,
      "activating": [
        "FASTER_15"
      ],
      "activatingOnlyWhenExecuted": true,
      "updating": null,
      "withPredicate": null
    },
    {
      "id": "FASTER_15",
      "execute": "FASTER",
      "after": "1000",
      "priority": 0,
      "additionalGuards": null,
      "activationKind": null,
      "fixedVariables": {
        "Crash": "FALSE",
        "VehiclesAy": "{(EgoVehicle↦0.0),(Vehicles2↦0.0),(Vehicles3↦0.0),(Vehicles4↦0.0),(Vehicles5↦0.0)}",
        "Reward": "0.8511606850513124",
        "VehiclesAx": "{(EgoVehicle↦3.834097385406494),(Vehicles2↦-3.8429607450962067),(Vehicles3↦-3.8299332559108734),(Vehicles4↦-3.7509220466017723),(Vehicles5↦-3.821365162730217)}",
        "VehiclesVx": "{(EgoVehicle↦24.41852569580078),(Vehicles2↦-4.091201424598694),(Vehicles3↦-4.579799473285675),(Vehicles4↦-4.018219411373138),(Vehicles5↦-4.589380323886871)}",
        "VehiclesY": "{(EgoVehicle↦8.000000238418579),(Vehicles2↦-8.000000238418579),(Vehicles3↦-4.0000001192092896),(Vehicles4↦0.0),(Vehicles5↦-4.0000001192092896)}",
        "VehiclesVy": "{(EgoVehicle↦0.0),(Vehicles2↦0.0),(Vehicles3↦0.0),(Vehicles4↦0.0),(Vehicles5↦0.0)}",
        "VehiclesX": "{(EgoVehicle↦200.0),(Vehicles2↦22.95021116733551),(Vehicles3↦44.60351765155792),(Vehicles4↦56.4625084400177),(Vehicles5↦98.07851910591125)}"
      },
      "probabilisticVariables": null,
      "activating": [
        "SLOWER_16"
      ],
      "activatingOnlyWhenExecuted": true,
      "updating": null,
      "withPredicate": null
    },
    {
      "id": "SLOWER_16",
      "execute": "SLOWER",
      "after": "1000",
      "priority": 0,
      "additionalGuards": null,
      "activationKind": null,
      "fixedVariables": {
        "Crash": "FALSE",
        "VehiclesAy": "{(EgoVehicle↦0.0),(Vehicles2↦0.0),(Vehicles3↦0.0),(Vehicles4↦0.0),(Vehicles5↦0.0)}",
        "Reward": "0.7488496924073059",
        "VehiclesAx": "{(EgoVehicle↦-3.836662769317627),(Vehicles2↦3.82792416960001),(Vehicles3↦3.840286359190941),(Vehicles4↦3.9065013360232115),(Vehicles5↦3.8485614210367203)}",
        "VehiclesVx": "{(EgoVehicle↦20.581862926483154),(Vehicles2↦-0.26327725499868393),(Vehicles3↦-0.7395131140947342),(Vehicles4↦-0.11171807534992695),(Vehicles5↦-0.7408189028501511)}",
        "VehiclesY": "{(EgoVehicle↦8.000000238418579),(Vehicles2↦-8.000000238418579),(Vehicles3↦-4.0000001192092896),(Vehicles4↦0.0),(Vehicles5↦-4.0000001192092896)}",
        "VehiclesVy": "{(EgoVehicle↦0.0),(Vehicles2↦0.0),(Vehicles3↦0.0),(Vehicles4↦0.0),(Vehicles5↦0.0)}",
        "VehiclesX": "{(EgoVehicle↦200.0),(Vehicles2↦20.972029864788055),(Vehicles3↦42.141711711883545),(Vehicles4↦54.58971858024597),(Vehicles5↦95.61046361923218)}"
      },
      "probabilisticVariables": null,
      "activating": [
        "FASTER_17"
      ],
      "activatingOnlyWhenExecuted": true,
      "updating": null,
      "withPredicate": null
    },
    {
      "id": "FASTER_17",
      "execute": "FASTER",
      "after": "1000",
      "priority": 0,
      "additionalGuards": null,
      "activationKind": null,
      "fixedVariables": {
        "Crash": "FALSE",
        "VehiclesAy": "{(EgoVehicle↦0.0),(Vehicles2↦0.0),(Vehicles3↦0.0),(Vehicles4↦0.0),(Vehicles5↦0.0)}",
        "Reward": "0.8511516741716068",
        "VehiclesAx": "{(EgoVehicle↦3.8363242149353027),(Vehicles2↦-3.844882883131504),(Vehicles3↦-3.8326554745435715),(Vehicles4↦-3.7774531077593565),(Vehicles5↦-3.8246042281389236)}",
        "VehiclesVx": "{(EgoVehicle↦24.418187141418457),(Vehicles2↦-4.108160138130188),(Vehicles3↦-4.572168588638306),(Vehicles4↦-3.8891711831092834),(Vehicles5↦-4.565423130989075)}",
        "VehiclesY": "{(EgoVehicle↦8.000000238418579),(Vehicles2↦-8.000000238418579),(Vehicles3↦-4.0000001192092896),(Vehicles4↦0.0),(Vehicles5↦-4.0000001192092896)}",
        "VehiclesVy": "{(EgoVehicle↦0.0),(Vehicles2↦0.0),(Vehicles3↦0.0),(Vehicles4↦0.0),(Vehicles5↦0.0)}",
        "VehiclesX": "{(EgoVehicle↦200.0),(Vehicles2↦18.588972091674805),(Vehicles3↦39.287301898002625),(Vehicles4↦52.386003732681274),(Vehicles5↦92.75798797607422)}"
      },
      "probabilisticVariables": null,
      "activating": [
        "SLOWER_18"
      ],
      "activatingOnlyWhenExecuted": true,
      "updating": null,
      "withPredicate": null
    },
    {
      "id": "SLOWER_18",
      "execute": "SLOWER",
      "after": "1000",
      "priority": 0,
      "additionalGuards": null,
      "activationKind": null,
      "fixedVariables": {
        "Crash": "FALSE",
        "VehiclesAy": "{(EgoVehicle↦0.0),(Vehicles2↦0.0),(Vehicles3↦0.0),(Vehicles4↦0.0),(Vehicles5↦0.0)}",
        "Reward": "0.7488485057894022",
        "VehiclesAx": "{(EgoVehicle↦-3.836367130279541),(Vehicles2↦3.8280261866748333),(Vehicles3↦3.8404467701911926),(Vehicles4↦3.886149747122545),(Vehicles5↦3.8482284545898438)}",
        "VehiclesVx": "{(EgoVehicle↦20.581820011138916),(Vehicles2↦-0.2801339514553547),(Vehicles3↦-0.731721818447113),(Vehicles4↦-0.003021435986738652),(Vehicles5↦-0.717194676399231)}",
        "VehiclesY": "{(EgoVehicle↦8.000000238418579),(Vehicles2↦-8.000000238418579),(Vehicles3↦-4.0000001192092896),(Vehicles4↦0.0),(Vehicles5↦-4.0000001192092896)}",
        "VehiclesVy": "{(EgoVehicle↦0.0),(Vehicles2↦0.0),(Vehicles3↦0.0),(Vehicles4↦0.0),(Vehicles5↦0.0)}",
        "VehiclesX": "{(EgoVehicle↦200.0),(Vehicles2↦16.593822836875916),(Vehicles3↦36.83308959007263),(Vehicles4↦50.63377618789673),(Vehicles5↦90.31365513801575)}"
      },
      "probabilisticVariables": null,
      "activating": [
        "SLOWER_19"
      ],
      "activatingOnlyWhenExecuted": true,
      "updating": null,
      "withPredicate": null
    },
    {
      "id": "SLOWER_19",
      "execute": "SLOWER",
      "after": "1000",
      "priority": 0,
      "additionalGuards": null,
      "activationKind": null,
      "fixedVariables": {
        "Crash": "FALSE",
        "VehiclesAy": "{(EgoVehicle↦0.0),(Vehicles2↦0.0),(Vehicles3↦0.0),(Vehicles4↦0.0),(Vehicles5↦0.0)}",
        "Reward": "0.7353764836156141",
        "VehiclesAx": "{(EgoVehicle↦-0.5052018165588379),(Vehicles2↦0.4970988817512989),(Vehicles3↦0.5098961479961872),(Vehicles4↦0.5473866334068589),(Vehicles5↦0.5173393711447716)}",
        "VehiclesVx": "{(EgoVehicle↦20.076618194580078),(Vehicles2↦0.2169649302959442),(Vehicles3↦-0.22182567045092583),(Vehicles4↦0.5443651974201202),(Vehicles5↦-0.19985530525445938)}",
        "VehiclesY": "{(EgoVehicle↦8.000000238418579),(Vehicles2↦-8.000000238418579),(Vehicles3↦-4.0000001192092896),(Vehicles4↦0.0),(Vehicles5↦-4.0000001192092896)}",
        "VehiclesVy": "{(EgoVehicle↦0.0),(Vehicles2↦0.0),(Vehicles3↦0.0),(Vehicles4↦0.0),(Vehicles5↦0.0)}",
        "VehiclesX": "{(EgoVehicle↦200.0),(Vehicles2↦16.589125990867615),(Vehicles3↦36.3818883895874),(Vehicles4↦50.92688202857971),(Vehicles5↦89.87998962402344)}"
      },
      "probabilisticVariables": null,
      "activating": [
        "FASTER_20"
      ],
      "activatingOnlyWhenExecuted": true,
      "updating": null,
      "withPredicate": null
    },
    {
      "id": "FASTER_20",
      "execute": "FASTER",
      "after": "1000",
      "priority": 0,
      "additionalGuards": null,
      "activationKind": null,
      "fixedVariables": {
        "Crash": "FALSE",
        "VehiclesAy": "{(EgoVehicle↦0.0),(Vehicles2↦0.0),(Vehicles3↦0.0),(Vehicles4↦0.0),(Vehicles5↦0.0)}",
        "Reward": "0.8493774244541824",
        "VehiclesAx": "{(EgoVehicle↦4.275035858154297),(Vehicles2↦-4.282878488302231),(Vehicles3↦-4.269619155675173),(Vehicles4↦-4.239246994256973),(Vehicles5↦-4.262574277818203)}",
        "VehiclesVx": "{(EgoVehicle↦24.351654052734375),(Vehicles2↦-4.065913558006287),(Vehicles3↦-4.491444826126099),(Vehicles4↦-3.694881796836853),(Vehicles5↦-4.462429583072662)}",
        "VehiclesY": "{(EgoVehicle↦8.000000238418579),(Vehicles2↦-8.000000238418579),(Vehicles3↦-4.0000001192092896),(Vehicles4↦0.0),(Vehicles5↦-4.0000001192092896)}",
        "VehiclesVy": "{(EgoVehicle↦0.0),(Vehicles2↦0.0),(Vehicles3↦0.0),(Vehicles4↦0.0),(Vehicles5↦0.0)}",
        "VehiclesX": "{(EgoVehicle↦200.0),(Vehicles2↦14.444571733474731),(Vehicles3↦33.80380868911743),(Vehicles4↦49.127671122550964),(Vehicles5↦87.32673525810242)}"
      },
      "probabilisticVariables": null,
      "activating": [
        "SLOWER_21"
      ],
      "activatingOnlyWhenExecuted": true,
      "updating": null,
      "withPredicate": null
    },
    {
      "id": "SLOWER_21",
      "execute": "SLOWER",
      "after": "1000",
      "priority": 0,
      "additionalGuards": null,
      "activationKind": null,
      "fixedVariables": {
        "Crash": "FALSE",
        "VehiclesAy": "{(EgoVehicle↦0.0),(Vehicles2↦0.0),(Vehicles3↦0.0),(Vehicles4↦0.0),(Vehicles5↦0.0)}",
        "Reward": "0.748614859736079",
        "VehiclesAx": "{(EgoVehicle↦-3.7785959243774414),(Vehicles2↦3.7710257805883884),(Vehicles3↦3.784767985343933),(Vehicles4↦3.8089546002447605),(Vehicles5↦3.7913740426301956)}",
        "VehiclesVx": "{(EgoVehicle↦20.573058128356934),(Vehicles2↦-0.2948877774178982),(Vehicles3↦-0.7066768407821655),(Vehicles4↦0.11407280340790749),(Vehicles5↦-0.6710555404424667)}",
        "VehiclesY": "{(EgoVehicle↦8.000000238418579),(Vehicles2↦-8.000000238418579),(Vehicles3↦-4.0000001192092896),(Vehicles4↦0.0),(Vehicles5↦-4.0000001192092896)}",
        "VehiclesVy": "{(EgoVehicle↦0.0),(Vehicles2↦0.0),(Vehicles3↦0.0),(Vehicles4↦0.0),(Vehicles5↦0.0)}",
        "VehiclesX": "{(EgoVehicle↦200.0),(Vehicles2↦12.460103631019592),(Vehicles3↦31.39926791191101),(Vehicles4↦47.5298285484314),(Vehicles5↦84.95388627052307)}"
      },
      "probabilisticVariables": null,
      "activating": [
        "SLOWER_22"
      ],
      "activatingOnlyWhenExecuted": true,
      "updating": null,
      "withPredicate": null
    },
    {
      "id": "SLOWER_22",
      "execute": "SLOWER",
      "after": "1000",
      "priority": 0,
      "additionalGuards": null,
      "activationKind": null,
      "fixedVariables": {
        "Crash": "FALSE",
        "VehiclesAy": "{(EgoVehicle↦0.0),(Vehicles2↦0.0),(Vehicles3↦0.0),(Vehicles4↦0.0),(Vehicles5↦0.0)}",
        "Reward": "0.7353457154110612",
        "VehiclesAx": "{(EgoVehicle↦-0.49759387969970703),(Vehicles2↦0.4903060384094715),(Vehicles3↦0.5045127496123314),(Vehicles4↦0.5233124457299709),(Vehicles5↦0.5106578953564167)}",
        "VehiclesVx": "{(EgoVehicle↦20.075464248657227),(Vehicles2↦0.19541826099157333),(Vehicles3↦-0.20216409116983414),(Vehicles4↦0.6373852491378784),(Vehicles5↦-0.16039764508605003)}",
        "VehiclesY": "{(EgoVehicle↦8.000000238418579),(Vehicles2↦-8.000000238418579),(Vehicles3↦-4.0000001192092896),(Vehicles4↦0.0),(Vehicles5↦-4.0000001192092896)}",
        "VehiclesVy": "{(EgoVehicle↦0.0),(Vehicles2↦0.0),(Vehicles3↦0.0),(Vehicles4↦0.0),(Vehicles5↦0.0)}",
        "VehiclesX": "{(EgoVehicle↦200.0),(Vehicles2↦12.436779588460922),(Vehicles3↦30.969801545143127),(Vehicles4↦47.929033637046814),(Vehicles5↦84.56253409385681)}"
      },
      "probabilisticVariables": null,
      "activating": [
        "SLOWER_23"
      ],
      "activatingOnlyWhenExecuted": true,
      "updating": null,
      "withPredicate": null
    },
    {
      "id": "SLOWER_23",
      "execute": "SLOWER",
      "after": "1000",
      "priority": 0,
      "additionalGuards": null,
      "activationKind": null,
      "fixedVariables": {
        "Crash": "FALSE",
        "VehiclesAy": "{(EgoVehicle↦0.0),(Vehicles2↦0.0),(Vehicles3↦0.0),(Vehicles4↦0.0),(Vehicles5↦0.0)}",
        "Reward": "0.7335983383806061",
        "VehiclesAx": "{(EgoVehicle↦-0.06552696228027344),(Vehicles2↦0.058532413095235825),(Vehicles3↦0.07316076196730137),(Vehicles4↦0.08725978434085846),(Vehicles5↦0.07883832789957523)}",
        "VehiclesVx": "{(EgoVehicle↦20.009937286376953),(Vehicles2↦0.25395067408680916),(Vehicles3↦-0.12900332920253277),(Vehicles4↦0.7246450334787369),(Vehicles5↦-0.0815593171864748)}",
        "VehiclesY": "{(EgoVehicle↦8.000000238418579),(Vehicles2↦-8.000000238418579),(Vehicles3↦-4.0000001192092896),(Vehicles4↦0.0),(Vehicles5↦-4.0000001192092896)}",
        "VehiclesVy": "{(EgoVehicle↦0.0),(Vehicles2↦0.0),(Vehicles3↦0.0),(Vehicles4↦0.0),(Vehicles5↦0.0)}",
        "VehiclesX": "{(EgoVehicle↦200.0),(Vehicles2↦12.665525078773499),(Vehicles3↦30.806785821914673),(Vehicles4↦48.611557483673096),(Vehicles5↦84.44359302520752)}"
      },
      "probabilisticVariables": null,
      "activating": [
        "SLOWER_24"
      ],
      "activatingOnlyWhenExecuted": true,
      "updating": null,
      "withPredicate": null
    },
    {
      "id": "SLOWER_24",
      "execute": "SLOWER",
      "after": "1000",
      "priority": 0,
      "additionalGuards": null,
      "activationKind": null,
      "fixedVariables": {
        "Crash": "FALSE",
        "VehiclesAy": "{(EgoVehicle↦0.0),(Vehicles2↦0.0),(Vehicles3↦0.0),(Vehicles4↦0.0),(Vehicles5↦0.0)}",
        "Reward": "0.7333682311173363",
        "VehiclesAx": "{(EgoVehicle↦-0.008628368377685547),(Vehicles2↦0.0019350647926330566),(Vehicles3↦0.01692911610007286),(Vehicles4↦0.026920214295387268),(Vehicles5↦0.022143754176795483)}",
        "VehiclesVx": "{(EgoVehicle↦20.001308917999268),(Vehicles2↦0.2558857388794422),(Vehicles3↦-0.11207421310245991),(Vehicles4↦0.7515652477741241),(Vehicles5↦-0.05941556300967932)}",
        "VehiclesY": "{(EgoVehicle↦8.000000238418579),(Vehicles2↦-8.000000238418579),(Vehicles3↦-4.0000001192092896),(Vehicles4↦0.0),(Vehicles5↦-4.0000001192092896)}",
        "VehiclesVy": "{(EgoVehicle↦0.0),(Vehicles2↦0.0),(Vehicles3↦0.0),(Vehicles4↦0.0),(Vehicles5↦0.0)}",
        "VehiclesX": "{(EgoVehicle↦200.0),(Vehicles2↦12.921534478664398),(Vehicles3↦30.6858092546463),(Vehicles4↦49.348533153533936),(Vehicles5↦84.3721866607666)}"
      },
      "probabilisticVariables": null,
      "activating": [
        "SLOWER_25"
      ],
      "activatingOnlyWhenExecuted": true,
      "updating": null,
      "withPredicate": null
    },
    {
      "id": "SLOWER_25",
      "execute": "SLOWER",
      "after": "1000",
      "priority": 0,
      "additionalGuards": null,
      "activationKind": null,
      "fixedVariables": {
        "Crash": "FALSE",
        "VehiclesAy": "{(EgoVehicle↦0.0),(Vehicles2↦0.0),(Vehicles3↦0.0),(Vehicles4↦0.0),(Vehicles5↦0.0)}",
        "Reward": "0.7333379289262885",
        "VehiclesAx": "{(EgoVehicle↦-0.0011372566223144531),(Vehicles2↦-0.005250982940196991),(Vehicles3↦0.010046632960438728),(Vehicles4↦0.016444697976112366),(Vehicles5↦0.014810925349593163)}",
        "VehiclesVx": "{(EgoVehicle↦20.000171661376953),(Vehicles2↦0.2506347559392452),(Vehicles3↦-0.10202758014202118),(Vehicles4↦0.7680099457502365),(Vehicles5↦-0.044604637660086155)}",
        "VehiclesY": "{(EgoVehicle↦8.000000238418579),(Vehicles2↦-8.000000238418579),(Vehicles3↦-4.0000001192092896),(Vehicles4↦0.0),(Vehicles5↦-4.0000001192092896)}",
        "VehiclesVy": "{(EgoVehicle↦0.0),(Vehicles2↦0.0),(Vehicles3↦0.0),(Vehicles4↦0.0),(Vehicles5↦0.0)}",
        "VehiclesX": "{(EgoVehicle↦200.0),(Vehicles2↦13.175466656684875),(Vehicles3↦30.577880144119263),(Vehicles4↦50.10707378387451),(Vehicles5↦84.31885838508606)}"
      },
      "probabilisticVariables": null,
      "activating": [
        "SLOWER_26"
      ],
      "activatingOnlyWhenExecuted": true,
      "updating": null,
      "withPredicate": null
    },
    {
      "id": "SLOWER_26",
      "execute": "SLOWER",
      "after": "1000",
      "priority": 0,
      "additionalGuards": null,
      "activationKind": null,
      "fixedVariables": {
        "Crash": "FALSE",
        "VehiclesAy": "{(EgoVehicle↦0.0),(Vehicles2↦0.0),(Vehicles3↦0.0),(Vehicles4↦0.0),(Vehicles5↦0.0)}",
        "Reward": "0.7333339385142986",
        "VehiclesAx": "{(EgoVehicle↦-0.00014781951904296875),(Vehicles2↦-0.005925726145505905),(Vehicles3↦0.009611537680029869),(Vehicles4↦0.012865960597991943),(Vehicles5↦0.013943326193839312)}",
        "VehiclesVx": "{(EgoVehicle↦20.00002384185791),(Vehicles2↦0.24470902979373932),(Vehicles3↦-0.09241604246199131),(Vehicles4↦0.7808759063482285),(Vehicles5↦-0.030661311466246843)}",
        "VehiclesY": "{(EgoVehicle↦8.000000238418579),(Vehicles2↦-8.000000238418579),(Vehicles3↦-4.0000001192092896),(Vehicles4↦0.0),(Vehicles5↦-4.0000001192092896)}",
        "VehiclesVy": "{(EgoVehicle↦0.0),(Vehicles2↦0.0),(Vehicles3↦0.0),(Vehicles4↦0.0),(Vehicles5↦0.0)}",
        "VehiclesX": "{(EgoVehicle↦200.0),(Vehicles2↦13.423728942871094),(Vehicles3↦30.479678511619568),(Vehicles4↦50.880444049835205),(Vehicles5↦84.27984118461609)}"
      },
      "probabilisticVariables": null,
      "activating": [
        "SLOWER_27"
      ],
      "activatingOnlyWhenExecuted": true,
      "updating": null,
      "withPredicate": null
    },
    {
      "id": "SLOWER_27",
      "execute": "SLOWER",
      "after": "1000",
      "priority": 0,
      "additionalGuards": null,
      "activationKind": null,
      "fixedVariables": {
        "Crash": "FALSE",
        "VehiclesAy": "{(EgoVehicle↦0.0),(Vehicles2↦0.0),(Vehicles3↦0.0),(Vehicles4↦0.0),(Vehicles5↦0.0)}",
        "Reward": "0.7333334130279461",
        "VehiclesAx": "{(EgoVehicle↦-2.1457672119140625E-05),(Vehicles2↦-0.0057394616305828094),(Vehicles3↦0.009974557906389236),(Vehicles4↦0.010479465126991272),(Vehicles5↦0.013894952135160565)}",
        "VehiclesVx": "{(EgoVehicle↦20.00000238418579),(Vehicles2↦0.2389695681631565),(Vehicles3↦-0.08244148455560207),(Vehicles4↦0.7913553714752197),(Vehicles5↦-0.016766359331086278)}",
        "VehiclesY": "{(EgoVehicle↦8.000000238418579),(Vehicles2↦-8.000000238418579),(Vehicles3↦-4.0000001192092896),(Vehicles4↦0.0),(Vehicles5↦-4.0000001192092896)}",
        "VehiclesVy": "{(EgoVehicle↦0.0),(Vehicles2↦0.0),(Vehicles3↦0.0),(Vehicles4↦0.0),(Vehicles5↦0.0)}",
        "VehiclesX": "{(EgoVehicle↦200.0),(Vehicles2↦13.666120171546936),(Vehicles3↦30.39121925830841),(Vehicles4↦51.66568160057068),(Vehicles5↦84.2547357082367)}"
      },
      "probabilisticVariables": null,
      "activating": [
        "FASTER_28"
      ],
      "activatingOnlyWhenExecuted": true,
      "updating": null,
      "withPredicate": null
    },
    {
      "id": "FASTER_28",
      "execute": "FASTER",
      "after": "1000",
      "priority": 0,
      "additionalGuards": null,
      "activationKind": null,
      "fixedVariables": {
        "Crash": "FALSE",
        "VehiclesAy": "{(EgoVehicle↦0.0),(Vehicles2↦0.0),(Vehicles3↦0.0),(Vehicles4↦0.0),(Vehicles5↦0.0)}",
        "Reward": "0.8491083781216501",
        "VehiclesAx": "{(EgoVehicle↦4.341561794281006),(Vehicles2↦-4.34700096026063),(Vehicles3↦-4.331170404329896),(Vehicles4↦-4.333067238330841),(Vehicles5↦-4.327638278482482)}",
        "VehiclesVx": "{(EgoVehicle↦24.341564178466797),(Vehicles2↦-4.108031392097473),(Vehicles3↦-4.413611888885498),(Vehicles4↦-3.5417118668556213),(Vehicles5↦-4.344404637813568)}",
        "VehiclesY": "{(EgoVehicle↦8.000000238418579),(Vehicles2↦-8.000000238418579),(Vehicles3↦-4.0000001192092896),(Vehicles4↦0.0),(Vehicles5↦-4.0000001192092896)}",
        "VehiclesVy": "{(EgoVehicle↦0.0),(Vehicles2↦0.0),(Vehicles3↦0.0),(Vehicles4↦0.0),(Vehicles5↦0.0)}",
        "VehiclesX": "{(EgoVehicle↦200.0),(Vehicles2↦11.507827788591385),(Vehicles3↦27.91784107685089),(Vehicles4↦50.06552338600159),(Vehicles5↦81.84847831726074)}"
      },
      "probabilisticVariables": null,
      "activating": [
        "IDLE_29"
      ],
      "activatingOnlyWhenExecuted": true,
      "updating": null,
      "withPredicate": null
    },
    {
      "id": "IDLE_29",
      "execute": "IDLE",
      "after": "1000",
      "priority": 0,
      "additionalGuards": null,
      "activationKind": null,
      "fixedVariables": {
        "Crash": "FALSE",
        "VehiclesAy": "{(EgoVehicle↦0.0),(Vehicles2↦0.0),(Vehicles3↦0.0),(Vehicles4↦0.0),(Vehicles5↦0.0)}",
        "Reward": "0.8643544640599155",
        "VehiclesAx": "{(EgoVehicle↦0.5717277526855469),(Vehicles2↦-0.5768460035324097),(Vehicles3↦-0.5609554052352905),(Vehicles4↦-0.5649474263191223),(Vehicles5↦-0.5577883124351501)}",
        "VehiclesVx": "{(EgoVehicle↦24.913291931152344),(Vehicles2↦-4.684877395629883),(Vehicles3↦-4.974567294120789),(Vehicles4↦-4.106659293174744),(Vehicles5↦-4.902192950248718)}",
        "VehiclesY": "{(EgoVehicle↦8.000000238418579),(Vehicles2↦-8.000000238418579),(Vehicles3↦-4.0000001192092896),(Vehicles4↦0.0),(Vehicles5↦-4.0000001192092896)}",
        "VehiclesVy": "{(EgoVehicle↦0.0),(Vehicles2↦0.0),(Vehicles3↦0.0),(Vehicles4↦0.0),(Vehicles5↦0.0)}",
        "VehiclesX": "{(EgoVehicle↦200.0),(Vehicles2↦7.0823244750499725),(Vehicles3↦23.193110525608063),(Vehicles4↦46.211251616477966),(Vehicles5↦77.19424962997437)}"
      },
      "probabilisticVariables": null,
      "activating": [
        "IDLE_30"
      ],
      "activatingOnlyWhenExecuted": true,
      "updating": null,
      "withPredicate": null
    },
    {
      "id": "IDLE_30",
      "execute": "IDLE",
      "after": "1000",
      "priority": 0,
      "additionalGuards": null,
      "activationKind": null,
      "fixedVariables": {
        "Crash": "FALSE",
        "VehiclesAy": "{(EgoVehicle↦0.0),(Vehicles2↦0.0),(Vehicles3↦0.0),(Vehicles4↦0.0),(Vehicles5↦0.0)}",
        "Reward": "0.8663621790805923",
        "VehiclesAx": "{(EgoVehicle↦0.07529020309448242),(Vehicles2↦-0.08008390665054321),(Vehicles3↦-0.06418585777282715),(Vehicles4↦-0.06999880075454712),(Vehicles5↦-0.06135910749435425)}",
        "VehiclesVx": "{(EgoVehicle↦24.988582134246826),(Vehicles2↦-4.764961302280426),(Vehicles3↦-5.038753151893616),(Vehicles4↦-4.176658093929291),(Vehicles5↦-4.9635520577430725)}",
        "VehiclesY": "{(EgoVehicle↦8.000000238418579),(Vehicles2↦-8.000000238418579),(Vehicles3↦-4.0000001192092896),(Vehicles4↦0.0),(Vehicles5↦-4.0000001192092896)}",
        "VehiclesVy": "{(EgoVehicle↦0.0),(Vehicles2↦0.0),(Vehicles3↦0.0),(Vehicles4↦0.0),(Vehicles5↦0.0)}",
        "VehiclesX": "{(EgoVehicle↦200.0),(Vehicles2↦2.3539694026112556),(Vehicles3↦18.18142533302307),(Vehicles4↦42.06528663635254),(Vehicles5↦72.25609421730042)}"
      },
      "probabilisticVariables": null,
      "activating": [
        "IDLE_31"
      ],
      "activatingOnlyWhenExecuted": true,
      "updating": null,
      "withPredicate": null
    },
    {
      "id": "IDLE_31",
      "execute": "IDLE",
      "after": "1000",
      "priority": 0,
      "additionalGuards": null,
      "activationKind": null,
      "fixedVariables": {
        "Crash": "FALSE",
        "VehiclesAy": "{(EgoVehicle↦0.0),(Vehicles2↦0.0),(Vehicles3↦0.0),(Vehicles4↦0.0),(Vehicles5↦0.0)}",
        "Reward": "0.8666265695359902",
        "VehiclesAx": "{(EgoVehicle↦0.009913444519042969),(Vehicles2↦-0.014385581016540527),(Vehicles3↦0.0014722347259521484),(Vehicles4↦-0.005918741226196289),(Vehicles5↦0.003981590270996094)}",
        "VehiclesVx": "{(EgoVehicle↦24.99849557876587),(Vehicles2↦-4.7793468832969666),(Vehicles3↦-5.037280917167664),(Vehicles4↦-4.182576835155487),(Vehicles5↦-4.959570467472076)}",
        "VehiclesY": "{(EgoVehicle↦8.000000238418579),(Vehicles2↦-8.000000238418579),(Vehicles3↦-4.0000001192092896),(Vehicles4↦0.0),(Vehicles5↦-4.0000001192092896)}",
        "VehiclesVy": "{(EgoVehicle↦0.0),(Vehicles2↦0.0),(Vehicles3↦0.0),(Vehicles4↦0.0),(Vehicles5↦0.0)}",
        "VehiclesX": "{(EgoVehicle↦200.0),(Vehicles2↦-2.418275736272335),(Vehicles3↦13.141736388206482),(Vehicles4↦37.8848522901535),(Vehicles5↦67.29263663291931)}"
      },
      "probabilisticVariables": null,
      "activating": [
        "SLOWER_32"
      ],
      "activatingOnlyWhenExecuted": true,
      "updating": null,
      "withPredicate": null
    },
    {
      "id": "SLOWER_32",
      "execute": "SLOWER",
      "after": "1000",
      "priority": 0,
      "additionalGuards": null,
      "activationKind": null,
      "fixedVariables": {
        "Crash": "FALSE",
        "VehiclesAy": "{(EgoVehicle↦0.0),(Vehicles2↦0.0),(Vehicles3↦0.0),(Vehicles4↦0.0),(Vehicles5↦0.0)}",
        "Reward": "0.750886352092531",
        "VehiclesAx": "{(EgoVehicle↦-4.34025764465332),(Vehicles2↦4.3361108005046844),(Vehicles3↦4.351884126663208),(Vehicles4↦4.343132507055998),(Vehicles5↦4.354099817574024)}",
        "VehiclesVx": "{(EgoVehicle↦20.65823793411255),(Vehicles2↦-0.4432360827922821),(Vehicles3↦-0.6853967905044556),(Vehicles4↦0.1605556719005108),(Vehicles5↦-0.6054706498980522)}",
        "VehiclesY": "{(EgoVehicle↦8.000000238418579),(Vehicles2↦-8.000000238418579),(Vehicles3↦-4.0000001192092896),(Vehicles4↦0.0),(Vehicles5↦-4.0000001192092896)}",
        "VehiclesVy": "{(EgoVehicle↦0.0),(Vehicles2↦0.0),(Vehicles3↦0.0),(Vehicles4↦0.0),(Vehicles5↦0.0)}",
        "VehiclesX": "{(EgoVehicle↦200.0),(Vehicles2↦-4.804965853691101),(Vehicles3↦10.503429919481277),(Vehicles4↦36.097851395606995),(Vehicles5↦64.73295092582703)}"
      },
      "probabilisticVariables": null,
      "activating": [
        "IDLE_33"
      ],
      "activatingOnlyWhenExecuted": true,
      "updating": null,
      "withPredicate": null
    },
    {
      "id": "IDLE_33",
      "execute": "IDLE",
      "after": "1000",
      "priority": 0,
      "additionalGuards": null,
      "activationKind": null,
      "fixedVariables": {
        "Crash": "FALSE",
        "VehiclesAy": "{(EgoVehicle↦0.0),(Vehicles2↦0.0),(Vehicles3↦0.0),(Vehicles4↦0.0),(Vehicles5↦0.0)}",
        "Reward": "0.7356448419765198",
        "VehiclesAx": "{(EgoVehicle↦-0.5715560913085938),(Vehicles2↦0.5677314009517431),(Vehicles3↦0.5833819136023521),(Vehicles4↦0.5734640546143055),(Vehicles5↦0.5853250832296908)}",
        "VehiclesVx": "{(EgoVehicle↦20.086681842803955),(Vehicles2↦0.12449531815946102),(Vehicles3↦-0.10201487690210342),(Vehicles4↦0.7340197265148163),(Vehicles5↦-0.020145566668361425)}",
        "VehiclesY": "{(EgoVehicle↦8.000000238418579),(Vehicles2↦-8.000000238418579),(Vehicles3↦-4.0000001192092896),(Vehicles4↦0.0),(Vehicles5↦-4.0000001192092896)}",
        "VehiclesVy": "{(EgoVehicle↦0.0),(Vehicles2↦0.0),(Vehicles3↦0.0),(Vehicles4↦0.0),(Vehicles5↦0.0)}",
        "VehiclesX": "{(EgoVehicle↦200.0),(Vehicles2↦-4.934453591704369),(Vehicles3↦10.138053447008133),(Vehicles4↦36.57454550266266),(Vehicles5↦64.4482970237732)}"
      },
      "probabilisticVariables": null,
      "activating": [
        "IDLE_34"
      ],
      "activatingOnlyWhenExecuted": true,
      "updating": null,
      "withPredicate": null
    },
    {
      "id": "IDLE_34",
      "execute": "IDLE",
      "after": "1000",
      "priority": 0,
      "additionalGuards": null,
      "activationKind": null,
      "fixedVariables": {
        "Crash": "FALSE",
        "VehiclesAy": "{(EgoVehicle↦0.0),(Vehicles2↦0.0),(Vehicles3↦0.0),(Vehicles4↦0.0),(Vehicles5↦0.0)}",
        "Reward": "0.7336377295332591",
        "VehiclesAx": "{(EgoVehicle↦-0.07526636123657227),(Vehicles2↦0.071761729195714),(Vehicles3↦0.08725412655621767),(Vehicles4↦0.07634453475475311),(Vehicles5↦0.08894606260582805)}",
        "VehiclesVx": "{(EgoVehicle↦20.011415481567383),(Vehicles2↦0.19625704735517502),(Vehicles3↦-0.014760750345885754),(Vehicles4↦0.8103642612695694),(Vehicles5↦0.06880049593746662)}",
        "VehiclesY": "{(EgoVehicle↦8.000000238418579),(Vehicles2↦-8.000000238418579),(Vehicles3↦-4.0000001192092896),(Vehicles4↦0.0),(Vehicles5↦-4.0000001192092896)}",
        "VehiclesVy": "{(EgoVehicle↦0.0),(Vehicles2↦0.0),(Vehicles3↦0.0),(Vehicles4↦0.0),(Vehicles5↦0.0)}",
        "VehiclesX": "{(EgoVehicle↦200.0),(Vehicles2↦-4.769863933324814),(Vehicles3↦10.082343220710754),(Vehicles4↦37.35057711601257),(Vehicles5↦64.47515487670898)}"
      },
      "probabilisticVariables": null,
      "activating": [
        "IDLE_35"
      ],
      "activatingOnlyWhenExecuted": true,
      "updating": null,
      "withPredicate": null
    },
    {
      "id": "IDLE_35",
      "execute": "IDLE",
      "after": "1000",
      "priority": 0,
      "additionalGuards": null,
      "activationKind": null,
      "fixedVariables": {
        "Crash": "FALSE",
        "VehiclesAy": "{(EgoVehicle↦0.0),(Vehicles2↦0.0),(Vehicles3↦0.0),(Vehicles4↦0.0),(Vehicles5↦0.0)}",
        "Reward": "0.73337341842962",
        "VehiclesAx": "{(EgoVehicle↦-0.009913444519042969),(Vehicles2↦0.006724242120981216),(Vehicles3↦0.022027542581781745),(Vehicles4↦0.010282620787620544),(Vehicles5↦0.023488029837608337)}",
        "VehiclesVx": "{(EgoVehicle↦20.00150203704834),(Vehicles2↦0.20298128947615623),(Vehicles3↦0.007266792235895991),(Vehicles4↦0.8206468820571899),(Vehicles5↦0.09228852577507496)}",
        "VehiclesY": "{(EgoVehicle↦8.000000238418579),(Vehicles2↦-8.000000238418579),(Vehicles3↦-4.0000001192092896),(Vehicles4↦0.0),(Vehicles5↦-4.0000001192092896)}",
        "VehiclesVy": "{(EgoVehicle↦0.0),(Vehicles2↦0.0),(Vehicles3↦0.0),(Vehicles4↦0.0),(Vehicles5↦0.0)}",
        "VehiclesX": "{(EgoVehicle↦200.0),(Vehicles2↦-4.569439589977264),(Vehicles3↦10.077887773513794),(Vehicles4↦38.16660940647125),(Vehicles5↦64.55485820770264)}"
      },
      "probabilisticVariables": null,
      "activating": [
        "IDLE_36"
      ],
      "activatingOnlyWhenExecuted": true,
      "updating": null,
      "withPredicate": null
    },
    {
      "id": "IDLE_36",
      "execute": "IDLE",
      "after": "1000",
      "priority": 0,
      "additionalGuards": null,
      "activationKind": null,
      "fixedVariables": {
        "Crash": "FALSE",
        "VehiclesAy": "{(EgoVehicle↦0.0),(Vehicles2↦0.0),(Vehicles3↦0.0),(Vehicles4↦0.0),(Vehicles5↦0.0)}",
        "Reward": "0.7333386120291406",
        "VehiclesAx": "{(EgoVehicle↦-0.0013041496276855469),(Vehicles2↦-0.0015680678188800812),(Vehicles3↦0.013518972555175424),(Vehicles4↦0.001079067587852478),(Vehicles5↦0.014766659587621689)}",
        "VehiclesVx": "{(EgoVehicle↦20.000197887420654),(Vehicles2↦0.20141322165727615),(Vehicles3↦0.020785764791071415),(Vehicles4↦0.8217259496450424),(Vehicles5↦0.10705518536269665)}",
        "VehiclesY": "{(EgoVehicle↦8.000000238418579),(Vehicles2↦-8.000000238418579),(Vehicles3↦-4.0000001192092896),(Vehicles4↦0.0),(Vehicles5↦-4.0000001192092896)}",
        "VehiclesVy": "{(EgoVehicle↦0.0),(Vehicles2↦0.0),(Vehicles3↦0.0),(Vehicles4↦0.0),(Vehicles5↦0.0)}",
        "VehiclesX": "{(EgoVehicle↦200.0),(Vehicles2↦-4.366912320256233),(Vehicles3↦10.090753436088562),(Vehicles4↦38.98793160915375),(Vehicles5↦64.6532654762268)}"
      },
      "probabilisticVariables": null,
      "activating": [
        "IDLE_37"
      ],
      "activatingOnlyWhenExecuted": true,
      "updating": null,
      "withPredicate": null
    },
    {
      "id": "IDLE_37",
      "execute": "IDLE",
      "after": "1000",
      "priority": 0,
      "additionalGuards": null,
      "activationKind": null,
      "fixedVariables": {
        "Crash": "FALSE",
        "VehiclesAy": "{(EgoVehicle↦0.0),(Vehicles2↦0.0),(Vehicles3↦0.0),(Vehicles4↦0.0),(Vehicles5↦0.0)}",
        "Reward": "0.7333340284702298",
        "VehiclesAx": "{(EgoVehicle↦-0.000171661376953125),(Vehicles2↦-0.0023913197219371796),(Vehicles3↦0.012455747928470373),(Vehicles4↦-0.000553131103515625),(Vehicles5↦0.013508107513189316)}",
        "VehiclesVx": "{(EgoVehicle↦20.0000262260437),(Vehicles2↦0.19902190193533897),(Vehicles3↦0.03324151271954179),(Vehicles4↦0.8211728185415268),(Vehicles5↦0.12056329287588596)}",
        "VehiclesY": "{(EgoVehicle↦8.000000238418579),(Vehicles2↦-8.000000238418579),(Vehicles3↦-4.0000001192092896),(Vehicles4↦0.0),(Vehicles5↦-4.0000001192092896)}",
        "VehiclesVy": "{(EgoVehicle↦0.0),(Vehicles2↦0.0),(Vehicles3↦0.0),(Vehicles4↦0.0),(Vehicles5↦0.0)}",
        "VehiclesX": "{(EgoVehicle↦200.0),(Vehicles2↦-4.166454449295998),(Vehicles3↦10.116542875766754),(Vehicles4↦39.80949819087982),(Vehicles5↦64.7657573223114)}"
      },
      "probabilisticVariables": null,
      "activating": [
        "IDLE_38"
      ],
      "activatingOnlyWhenExecuted": true,
      "updating": null,
      "withPredicate": null
    },
    {
      "id": "IDLE_38",
      "execute": "IDLE",
      "after": "1000",
      "priority": 0,
      "additionalGuards": null,
      "activationKind": null,
      "fixedVariables": {
        "Crash": "FALSE",
        "VehiclesAy": "{(EgoVehicle↦0.0),(Vehicles2↦0.0),(Vehicles3↦0.0),(Vehicles4↦0.0),(Vehicles5↦0.0)}",
        "Reward": "0.7333334248739946",
        "VehiclesAx": "{(EgoVehicle↦-2.384185791015625E-05),(Vehicles2↦-0.002235155552625656),(Vehicles3↦0.012351509649306536),(Vehicles4↦-0.0011132657527923584),(Vehicles5↦0.013217255473136902)}",
        "VehiclesVx": "{(EgoVehicle↦20.00000238418579),(Vehicles2↦0.19678674638271332),(Vehicles3↦0.045593022368848324),(Vehicles4↦0.8200595527887344),(Vehicles5↦0.13378054834902287)}",
        "VehiclesY": "{(EgoVehicle↦8.000000238418579),(Vehicles2↦-8.000000238418579),(Vehicles3↦-4.0000001192092896),(Vehicles4↦0.0),(Vehicles5↦-4.0000001192092896)}",
        "VehiclesVy": "{(EgoVehicle↦0.0),(Vehicles2↦0.0),(Vehicles3↦0.0),(Vehicles4↦0.0),(Vehicles5↦0.0)}",
        "VehiclesX": "{(EgoVehicle↦200.0),(Vehicles2↦-3.9683472365140915),(Vehicles3↦10.15472561120987),(Vehicles4↦40.63025712966919),(Vehicles5↦64.8916244506836)}"
      },
      "probabilisticVariables": null,
      "activating": [
        "IDLE_39"
      ],
      "activatingOnlyWhenExecuted": true,
      "updating": null,
      "withPredicate": null
    },
    {
      "id": "IDLE_39",
      "execute": "IDLE",
      "after": "1000",
      "priority": 0,
      "additionalGuards": null,
      "activationKind": null,
      "fixedVariables": {
        "Crash": "FALSE",
        "VehiclesAy": "{(EgoVehicle↦0.0),(Vehicles2↦0.0),(Vehicles3↦0.0),(Vehicles4↦0.0),(Vehicles5↦0.0)}",
        "Reward": "0.7333333453880706",
        "VehiclesAx": "{(EgoVehicle↦-2.384185791015625E-06),(Vehicles2↦-0.0019543245434761047),(Vehicles3↦0.012342906557023525),(Vehicles4↦-0.00146523118019104),(Vehicles5↦0.01284157857298851)}",
        "VehiclesVx": "{(EgoVehicle↦20.0),(Vehicles2↦0.1948324218392372),(Vehicles3↦0.05793592892587185),(Vehicles4↦0.8185943216085434),(Vehicles5↦0.14662212692201138)}",
        "VehiclesY": "{(EgoVehicle↦8.000000238418579),(Vehicles2↦-8.000000238418579),(Vehicles3↦-4.0000001192092896),(Vehicles4↦0.0),(Vehicles5↦-4.0000001192092896)}",
        "VehiclesVy": "{(EgoVehicle↦0.0),(Vehicles2↦0.0),(Vehicles3↦0.0),(Vehicles4↦0.0),(Vehicles5↦0.0)}",
        "VehiclesX": "{(EgoVehicle↦200.0),(Vehicles2↦-3.7723656743764877),(Vehicles3↦10.205257683992386),(Vehicles4↦41.44975543022156),(Vehicles5↦65.03059267997742)}"
      },
      "probabilisticVariables": null,
      "activating": [
        "IDLE_40"
      ],
      "activatingOnlyWhenExecuted": true,
      "updating": null,
      "withPredicate": null
    },
    {
      "id": "IDLE_40",
      "execute": "IDLE",
      "after": "1000",
      "priority": 0,
      "additionalGuards": null,
      "activationKind": null,
      "fixedVariables": {
        "Crash": "FALSE",
        "VehiclesAy": "{(EgoVehicle↦0.0),(Vehicles2↦0.0),(Vehicles3↦0.0),(Vehicles4↦0.0),(Vehicles5↦0.0)}",
        "Reward": "0.7333333349207884",
        "VehiclesAx": "{(EgoVehicle↦0.0),(Vehicles2↦-0.0016470439732074738),(Vehicles3↦0.012277495115995407),(Vehicles4↦-0.001974925398826599),(Vehicles5↦0.012584095820784569)}",
        "VehiclesVx": "{(EgoVehicle↦20.0),(Vehicles2↦0.19318537786602974),(Vehicles3↦0.07021342404186726),(Vehicles4↦0.8166193962097168),(Vehicles5↦0.15920622274279594)}",
        "VehiclesY": "{(EgoVehicle↦8.000000238418579),(Vehicles2↦-8.000000238418579),(Vehicles3↦-4.0000001192092896),(Vehicles4↦0.0),(Vehicles5↦-4.0000001192092896)}",
        "VehiclesVy": "{(EgoVehicle↦0.0),(Vehicles2↦0.0),(Vehicles3↦0.0),(Vehicles4↦0.0),(Vehicles5↦0.0)}",
        "VehiclesX": "{(EgoVehicle↦200.0),(Vehicles2↦-3.5782180726528168),(Vehicles3↦10.268110781908035),(Vehicles4↦42.267632484436035),(Vehicles5↦65.18219113349915)}"
      },
      "probabilisticVariables": null,
      "activating": [
        "IDLE_41"
      ],
      "activatingOnlyWhenExecuted": true,
      "updating": null,
      "withPredicate": null
    },
    {
      "id": "IDLE_41",
      "execute": "IDLE",
      "after": "1000",
      "priority": 0,
      "additionalGuards": null,
      "activationKind": null,
      "fixedVariables": {
        "Crash": "FALSE",
        "VehiclesAy": "{(EgoVehicle↦0.0),(Vehicles2↦0.0),(Vehicles3↦0.0),(Vehicles4↦0.0),(Vehicles5↦0.0)}",
        "Reward": "0.7333333335423808",
        "VehiclesAx": "{(EgoVehicle↦0.0),(Vehicles2↦-0.0013051554560661316),(Vehicles3↦0.01232449896633625),(Vehicles4↦-0.0033545494079589844),(Vehicles5↦0.01391703262925148)}",
        "VehiclesVx": "{(EgoVehicle↦20.0),(Vehicles2↦0.1918802224099636),(Vehicles3↦0.0825379230082035),(Vehicles4↦0.8132648468017578),(Vehicles5↦0.17312325537204742)}",
        "VehiclesY": "{(EgoVehicle↦8.000000238418579),(Vehicles2↦-8.000000238418579),(Vehicles3↦-4.0000001192092896),(Vehicles4↦0.0),(Vehicles5↦-4.0000001192092896)}",
        "VehiclesVy": "{(EgoVehicle↦0.0),(Vehicles2↦0.0),(Vehicles3↦0.0),(Vehicles4↦0.0),(Vehicles5↦0.0)}",
        "VehiclesX": "{(EgoVehicle↦200.0),(Vehicles2↦-3.385583683848381),(Vehicles3↦10.343239456415176),(Vehicles4↦43.08305382728577),(Vehicles5↦65.34683108329773)}"
      },
      "probabilisticVariables": null,
      "activating": [
        "IDLE_42"
      ],
      "activatingOnlyWhenExecuted": true,
      "updating": null,
      "withPredicate": null
    },
    {
      "id": "IDLE_42",
      "execute": "IDLE",
      "after": "1000",
      "priority": 0,
      "additionalGuards": null,
      "activationKind": null,
      "fixedVariables": {
        "Crash": "FALSE",
        "VehiclesAy": "{(EgoVehicle↦0.0),(Vehicles2↦0.0),(Vehicles3↦0.0),(Vehicles4↦0.0),(Vehicles5↦0.0)}",
        "Reward": "0.7333333333608621",
        "VehiclesAx": "{(EgoVehicle↦0.0),(Vehicles2↦-0.0009274482727050781),(Vehicles3↦0.012628966942429543),(Vehicles4↦-0.005344823002815247),(Vehicles5↦0.01537032425403595)}",
        "VehiclesVx": "{(EgoVehicle↦20.0),(Vehicles2↦0.19095277413725853),(Vehicles3↦0.09516688995063305),(Vehicles4↦0.8079200237989426),(Vehicles5↦0.18849357962608337)}",
        "VehiclesY": "{(EgoVehicle↦8.000000238418579),(Vehicles2↦-8.000000238418579),(Vehicles3↦-4.0000001192092896),(Vehicles4↦0.0),(Vehicles5↦-4.0000001192092896)}",
        "VehiclesVy": "{(EgoVehicle↦0.0),(Vehicles2↦0.0),(Vehicles3↦0.0),(Vehicles4↦0.0),(Vehicles5↦0.0)}",
        "VehiclesX": "{(EgoVehicle↦200.0),(Vehicles2↦-3.194105625152588),(Vehicles3↦10.430796444416046),(Vehicles4↦43.8943475484848),(Vehicles5↦65.52600860595703)}"
      },
      "probabilisticVariables": null,
      "activating": [
        "IDLE_43"
      ],
      "activatingOnlyWhenExecuted": true,
      "updating": null,
      "withPredicate": null
    },
    {
      "id": "IDLE_43",
      "execute": "IDLE",
      "after": "1000",
      "priority": 0,
      "additionalGuards": null,
      "activationKind": null,
      "fixedVariables": {
        "Crash": "FALSE",
        "VehiclesAy": "{(EgoVehicle↦0.0),(Vehicles2↦0.0),(Vehicles3↦0.0),(Vehicles4↦0.0),(Vehicles5↦0.0)}",
        "Reward": "0.7333333333369585",
        "VehiclesAx": "{(EgoVehicle↦0.0),(Vehicles2↦-0.000526774674654007),(Vehicles3↦0.013070758432149887),(Vehicles4↦-0.007409676909446716),(Vehicles5↦0.016281157732009888)}",
        "VehiclesVx": "{(EgoVehicle↦20.0),(Vehicles2↦0.19042599946260452),(Vehicles3↦0.10823764838278294),(Vehicles4↦0.8005103468894958),(Vehicles5↦0.20477473735809326)}",
        "VehiclesY": "{(EgoVehicle↦8.000000238418579),(Vehicles2↦-8.000000238418579),(Vehicles3↦-4.0000001192092896),(Vehicles4↦0.0),(Vehicles5↦-4.0000001192092896)}",
        "VehiclesVy": "{(EgoVehicle↦0.0),(Vehicles2↦0.0),(Vehicles3↦0.0),(Vehicles4↦0.0),(Vehicles5↦0.0)}",
        "VehiclesX": "{(EgoVehicle↦200.0),(Vehicles2↦-3.0033960938453674),(Vehicles3↦10.53115501999855),(Vehicles4↦44.69946324825287),(Vehicles5↦65.72096347808838)}"
      },
      "probabilisticVariables": null,
      "activating": [
        "IDLE_44"
      ],
      "activatingOnlyWhenExecuted": true,
      "updating": null,
      "withPredicate": null
    },
    {
      "id": "IDLE_44",
      "execute": "IDLE",
      "after": "1000",
      "priority": 0,
      "additionalGuards": null,
      "activationKind": null,
      "fixedVariables": {
        "Crash": "FALSE",
        "VehiclesAy": "{(EgoVehicle↦0.0),(Vehicles2↦0.0),(Vehicles3↦0.0),(Vehicles4↦0.0),(Vehicles5↦0.0)}",
        "Reward": "0.7333333333338108",
        "VehiclesAx": "{(EgoVehicle↦0.0),(Vehicles2↦-0.00011933967471122742),(Vehicles3↦0.013515576720237732),(Vehicles4↦-0.009245574474334717),(Vehicles5↦0.016658082604408264)}",
        "VehiclesVx": "{(EgoVehicle↦20.0),(Vehicles2↦0.1903066597878933),(Vehicles3↦0.12175322510302067),(Vehicles4↦0.7912647724151611),(Vehicles5↦0.22143281996250153)}",
        "VehiclesY": "{(EgoVehicle↦8.000000238418579),(Vehicles2↦-8.000000238418579),(Vehicles3↦-4.0000001192092896),(Vehicles4↦0.0),(Vehicles5↦-4.0000001192092896)}",
        "VehiclesVy": "{(EgoVehicle↦0.0),(Vehicles2↦0.0),(Vehicles3↦0.0),(Vehicles4↦0.0),(Vehicles5↦0.0)}",
        "VehiclesX": "{(EgoVehicle↦200.0),(Vehicles2↦-2.813050337135792),(Vehicles3↦10.644765198230743),(Vehicles4↦45.49641013145447),(Vehicles5↦65.93238711357117)}"
      },
      "probabilisticVariables": null,
      "activating": [
        "IDLE_45"
      ],
      "activatingOnlyWhenExecuted": true,
      "updating": null,
      "withPredicate": null
    },
    {
      "id": "IDLE_45",
      "execute": "IDLE",
      "after": "1000",
      "priority": 0,
      "additionalGuards": null,
      "activationKind": null,
      "fixedVariables": {
        "Crash": "FALSE",
        "VehiclesAy": "{(EgoVehicle↦0.0),(Vehicles2↦0.0),(Vehicles3↦0.0),(Vehicles4↦0.0),(Vehicles5↦0.0)}",
        "Reward": "0.7333333333333961",
        "VehiclesAx": "{(EgoVehicle↦0.0),(Vehicles2↦0.00028174370527267456),(Vehicles3↦0.013887351378798485),(Vehicles4↦-0.010756626725196838),(Vehicles5↦0.016668792814016342)}",
        "VehiclesVx": "{(EgoVehicle↦20.0),(Vehicles2↦0.19058840349316597),(Vehicles3↦0.13564057648181915),(Vehicles4↦0.7805081456899643),(Vehicles5↦0.23810161277651787)}",
        "VehiclesY": "{(EgoVehicle↦8.000000238418579),(Vehicles2↦-8.000000238418579),(Vehicles3↦-4.0000001192092896),(Vehicles4↦0.0),(Vehicles5↦-4.0000001192092896)}",
        "VehiclesVy": "{(EgoVehicle↦0.0),(Vehicles2↦0.0),(Vehicles3↦0.0),(Vehicles4↦0.0),(Vehicles5↦0.0)}",
        "VehiclesX": "{(EgoVehicle↦200.0),(Vehicles2↦-2.6226626709103584),(Vehicles3↦10.772047936916351),(Vehicles4↦46.283480525016785),(Vehicles5↦66.16050004959106)}"
      },
      "probabilisticVariables": null,
      "activating": [
        "IDLE_46"
      ],
      "activatingOnlyWhenExecuted": true,
      "updating": null,
      "withPredicate": null
    },
    {
      "id": "IDLE_46",
      "execute": "IDLE",
      "after": "1000",
      "priority": 0,
      "additionalGuards": null,
      "activationKind": null,
      "fixedVariables": {
        "Crash": "FALSE",
        "VehiclesAy": "{(EgoVehicle↦0.0),(Vehicles2↦0.0),(Vehicles3↦0.0),(Vehicles4↦0.0),(Vehicles5↦0.0)}",
        "Reward": "0.7333333333333415",
        "VehiclesAx": "{(EgoVehicle↦0.0),(Vehicles2↦0.0006682798266410828),(Vehicles3↦0.014160238206386566),(Vehicles4↦-0.011956244707107544),(Vehicles5↦0.016469620168209076)}",
        "VehiclesVx": "{(EgoVehicle↦20.0),(Vehicles2↦0.19125668331980705),(Vehicles3↦0.14980081468820572),(Vehicles4↦0.7685519009828568),(Vehicles5↦0.25457123294472694)}",
        "VehiclesY": "{(EgoVehicle↦8.000000238418579),(Vehicles2↦-8.000000238418579),(Vehicles3↦-4.0000001192092896),(Vehicles4↦0.0),(Vehicles5↦-4.0000001192092896)}",
        "VehiclesVy": "{(EgoVehicle↦0.0),(Vehicles2↦0.0),(Vehicles3↦0.0),(Vehicles4↦0.0),(Vehicles5↦0.0)}",
        "VehiclesX": "{(EgoVehicle↦200.0),(Vehicles2↦-2.431837096810341),(Vehicles3↦10.913334786891937),(Vehicles4↦47.05929160118103),(Vehicles5↦66.40520691871643)}"
      },
      "probabilisticVariables": null,
      "activating": [
        "IDLE_47"
      ],
      "activatingOnlyWhenExecuted": true,
      "updating": null,
      "withPredicate": null
    },
    {
      "id": "IDLE_47",
      "execute": "IDLE",
      "after": "1000",
      "priority": 0,
      "additionalGuards": null,
      "activationKind": null,
      "fixedVariables": {
        "Crash": "FALSE",
        "VehiclesAy": "{(EgoVehicle↦0.0),(Vehicles2↦0.0),(Vehicles3↦0.0),(Vehicles4↦0.0),(Vehicles5↦0.0)}",
        "Reward": "0.7333333333333344",
        "VehiclesAx": "{(EgoVehicle↦0.0),(Vehicles2↦0.0010363385081291199),(Vehicles3↦0.014336872845888138),(Vehicles4↦-0.012896731495857239),(Vehicles5↦0.016167424619197845)}",
        "VehiclesVx": "{(EgoVehicle↦20.0),(Vehicles2↦0.19229302182793617),(Vehicles3↦0.16413768753409386),(Vehicles4↦0.7556551694869995),(Vehicles5↦0.2707386575639248)}",
        "VehiclesY": "{(EgoVehicle↦8.000000238418579),(Vehicles2↦-8.000000238418579),(Vehicles3↦-4.0000001192092896),(Vehicles4↦0.0),(Vehicles5↦-4.0000001192092896)}",
        "VehiclesVy": "{(EgoVehicle↦0.0),(Vehicles2↦0.0),(Vehicles3↦0.0),(Vehicles4↦0.0),(Vehicles5↦0.0)}",
        "VehiclesX": "{(EgoVehicle↦200.0),(Vehicles2↦-2.2401945665478706),(Vehicles3↦11.068859696388245),(Vehicles4↦47.822749614715576),(Vehicles5↦66.66627526283264)}"
      },
      "probabilisticVariables": null,
      "activating": [
        "IDLE_48"
      ],
      "activatingOnlyWhenExecuted": true,
      "updating": null,
      "withPredicate": null
    },
    {
      "id": "IDLE_48",
      "execute": "IDLE",
      "after": "1000",
      "priority": 0,
      "additionalGuards": null,
      "activationKind": null,
      "fixedVariables": {
        "Crash": "FALSE",
        "VehiclesAy": "{(EgoVehicle↦0.0),(Vehicles2↦0.0),(Vehicles3↦0.0),(Vehicles4↦0.0),(Vehicles5↦0.0)}",
        "Reward": "0.7333333333333334",
        "VehiclesAx": "{(EgoVehicle↦0.0),(Vehicles2↦0.0013846717774868011),(Vehicles3↦0.014431551098823547),(Vehicles4↦-0.013633444905281067),(Vehicles5↦0.01582453027367592)}",
        "VehiclesVx": "{(EgoVehicle↦20.0),(Vehicles2↦0.19367769360542297),(Vehicles3↦0.1785692386329174),(Vehicles4↦0.7420217245817184),(Vehicles5↦0.2865631878376007)}",
        "VehiclesY": "{(EgoVehicle↦8.000000238418579),(Vehicles2↦-8.000000238418579),(Vehicles3↦-4.0000001192092896),(Vehicles4↦0.0),(Vehicles5↦-4.0000001192092896)}",
        "VehiclesVy": "{(EgoVehicle↦0.0),(Vehicles2↦0.0),(Vehicles3↦0.0),(Vehicles4↦0.0),(Vehicles5↦0.0)}",
        "VehiclesX": "{(EgoVehicle↦200.0),(Vehicles2↦-2.0473748445510864),(Vehicles3↦11.238764971494675),(Vehicles4↦48.57300519943237),(Vehicles5↦66.94337129592896)}"
      },
      "probabilisticVariables": null,
      "activating": [
        "IDLE_49"
      ],
      "activatingOnlyWhenExecuted": true,
      "updating": null,
      "withPredicate": null
    },
    {
      "id": "IDLE_49",
      "execute": "IDLE",
      "after": "1000",
      "priority": 0,
      "additionalGuards": null,
      "activationKind": null,
      "fixedVariables": {
        "Crash": "FALSE",
        "VehiclesAy": "{(EgoVehicle↦0.0),(Vehicles2↦0.0),(Vehicles3↦0.0),(Vehicles4↦0.0),(Vehicles5↦0.0)}",
        "Reward": "0.7333333333333334",
        "VehiclesAx": "{(EgoVehicle↦0.0),(Vehicles2↦0.0017135962843894958),(Vehicles3↦0.014461018145084381),(Vehicles4↦-0.014211386442184448),(Vehicles5↦0.015473011881113052)}",
        "VehiclesVx": "{(EgoVehicle↦20.0),(Vehicles2↦0.19539128988981247),(Vehicles3↦0.19303025677800179),(Vehicles4↦0.727810338139534),(Vehicles5↦0.30203619971871376)}",
        "VehiclesY": "{(EgoVehicle↦8.000000238418579),(Vehicles2↦-8.000000238418579),(Vehicles3↦-4.0000001192092896),(Vehicles4↦0.0),(Vehicles5↦-4.0000001192092896)}",
        "VehiclesVy": "{(EgoVehicle↦0.0),(Vehicles2↦0.0),(Vehicles3↦0.0),(Vehicles4↦0.0),(Vehicles5↦0.0)}",
        "VehiclesX": "{(EgoVehicle↦200.0),(Vehicles2↦-1.853037253022194),(Vehicles3↦11.42311841249466),(Vehicles4↦49.30938184261322),(Vehicles5↦67.23614931106567)}"
      },
      "probabilisticVariables": null,
      "activating": [
        "IDLE_50"
      ],
      "activatingOnlyWhenExecuted": true,
      "updating": null,
      "withPredicate": null
    },
    {
      "id": "IDLE_50",
      "execute": "IDLE",
      "after": "1000",
      "priority": 0,
      "additionalGuards": null,
      "activationKind": null,
      "fixedVariables": {
        "Crash": "FALSE",
        "VehiclesAy": "{(EgoVehicle↦0.0),(Vehicles2↦0.0),(Vehicles3↦0.0),(Vehicles4↦0.0),(Vehicles5↦0.0)}",
        "Reward": "0.7333333333333334",
        "VehiclesAx": "{(EgoVehicle↦0.0),(Vehicles2↦0.002023894339799881),(Vehicles3↦0.014439970254898071),(Vehicles4↦-0.014661923050880432),(Vehicles5↦0.015127118676900864)}",
        "VehiclesVx": "{(EgoVehicle↦20.0),(Vehicles2↦0.19741518422961235),(Vehicles3↦0.20747022703289986),(Vehicles4↦0.7131484150886536),(Vehicles5↦0.3171633183956146)}",
        "VehiclesY": "{(EgoVehicle↦8.000000238418579),(Vehicles2↦-8.000000238418579),(Vehicles3↦-4.0000001192092896),(Vehicles4↦0.0),(Vehicles5↦-4.0000001192092896)}",
        "VehiclesVy": "{(EgoVehicle↦0.0),(Vehicles2↦0.0),(Vehicles3↦0.0),(Vehicles4↦0.0),(Vehicles5↦0.0)}",
        "VehiclesX": "{(EgoVehicle↦200.0),(Vehicles2↦-1.6568604856729507),(Vehicles3↦11.621928215026855),(Vehicles4↦50.03135800361633),(Vehicles5↦67.5442636013031)}"
      },
      "probabilisticVariables": null,
      "activating": [
        "IDLE_51"
      ],
      "activatingOnlyWhenExecuted": true,
      "updating": null,
      "withPredicate": null
    },
    {
      "id": "IDLE_51",
      "execute": "IDLE",
      "after": "1000",
      "priority": 0,
      "additionalGuards": null,
      "activationKind": null,
      "fixedVariables": {
        "Crash": "FALSE",
        "VehiclesAy": "{(EgoVehicle↦0.0),(Vehicles2↦0.0),(Vehicles3↦0.0),(Vehicles4↦0.0),(Vehicles5↦0.0)}",
        "Reward": "0.7333333333333334",
        "VehiclesAx": "{(EgoVehicle↦0.0),(Vehicles2↦0.0023165903985500336),(Vehicles3↦0.014380235224962234),(Vehicles4↦-0.01500539481639862),(Vehicles5↦0.014791712164878845)}",
        "VehiclesVx": "{(EgoVehicle↦20.0),(Vehicles2↦0.19973177462816238),(Vehicles3↦0.2218504622578621),(Vehicles4↦0.6981430202722549),(Vehicles5↦0.33195503056049347)}",
        "VehiclesY": "{(EgoVehicle↦8.000000238418579),(Vehicles2↦-8.000000238418579),(Vehicles3↦-4.0000001192092896),(Vehicles4↦0.0),(Vehicles5↦-4.0000001192092896)}",
        "VehiclesVy": "{(EgoVehicle↦0.0),(Vehicles2↦0.0),(Vehicles3↦0.0),(Vehicles4↦0.0),(Vehicles5↦0.0)}",
        "VehiclesX": "{(EgoVehicle↦200.0),(Vehicles2↦-1.4585413038730621),(Vehicles3↦11.835156381130219),(Vehicles4↦50.73853135108948),(Vehicles5↦67.86736845970154)}"
      },
      "probabilisticVariables": null,
      "activating": [
        "IDLE_52"
      ],
      "activatingOnlyWhenExecuted": true,
      "updating": null,
      "withPredicate": null
    },
    {
      "id": "IDLE_52",
      "execute": "IDLE",
      "after": "1000",
      "priority": 0,
      "additionalGuards": null,
      "activationKind": null,
      "fixedVariables": {
        "Crash": "FALSE",
        "VehiclesAy": "{(EgoVehicle↦0.0),(Vehicles2↦0.0),(Vehicles3↦0.0),(Vehicles4↦0.0),(Vehicles5↦0.0)}",
        "Reward": "0.7333333333333334",
        "VehiclesAx": "{(EgoVehicle↦0.0),(Vehicles2↦0.002592559903860092),(Vehicles3↦0.014290474355220795),(Vehicles4↦-0.015254467725753784),(Vehicles5↦0.01446746289730072)}",
        "VehiclesVx": "{(EgoVehicle↦20.0),(Vehicles2↦0.20232433453202248),(Vehicles3↦0.23614093661308289),(Vehicles4↦0.6828885525465012),(Vehicles5↦0.3464224934577942)}",
        "VehiclesY": "{(EgoVehicle↦8.000000238418579),(Vehicles2↦-8.000000238418579),(Vehicles3↦-4.0000001192092896),(Vehicles4↦0.0),(Vehicles5↦-4.0000001192092896)}",
        "VehiclesVy": "{(EgoVehicle↦0.0),(Vehicles2↦0.0),(Vehicles3↦0.0),(Vehicles4↦0.0),(Vehicles5↦0.0)}",
        "VehiclesX": "{(EgoVehicle↦200.0),(Vehicles2↦-1.257793977856636),(Vehicles3↦12.062731385231018),(Vehicles4↦51.43058896064758),(Vehicles5↦68.20513606071472)}"
      },
      "probabilisticVariables": null,
      "activating": [
        "FASTER_53"
      ],
      "activatingOnlyWhenExecuted": true,
      "updating": null,
      "withPredicate": null
    },
    {
      "id": "FASTER_53",
      "execute": "FASTER",
      "after": "1000",
      "priority": 0,
      "additionalGuards": null,
      "activationKind": null,
      "fixedVariables": {
        "Crash": "FALSE",
        "VehiclesAy": "{(EgoVehicle↦0.0),(Vehicles2↦0.0),(Vehicles3↦0.0),(Vehicles4↦0.0),(Vehicles5↦0.0)}",
        "Reward": "0.8491083676268861",
        "VehiclesAx": "{(EgoVehicle↦4.341564178466797),(Vehicles2↦-4.338711146265268),(Vehicles3↦-4.3273864686489105),(Vehicles4↦-4.356980547308922),(Vehicles5↦-4.327410459518433)}",
        "VehiclesVx": "{(EgoVehicle↦24.341564178466797),(Vehicles2↦-4.136386811733246),(Vehicles3↦-4.091245532035828),(Vehicles4↦-3.6740919947624207),(Vehicles5↦-3.9809879660606384)}",
        "VehiclesY": "{(EgoVehicle↦8.000000238418579),(Vehicles2↦-8.000000238418579),(Vehicles3↦-4.0000001192092896),(Vehicles4↦0.0),(Vehicles5↦-4.0000001192092896)}",
        "VehiclesVy": "{(EgoVehicle↦0.0),(Vehicles2↦0.0),(Vehicles3↦0.0),(Vehicles4↦0.0),(Vehicles5↦0.0)}",
        "VehiclesX": "{(EgoVehicle↦200.0),(Vehicles2↦-3.4494105726480484),(Vehicles3↦9.909491240978241),(Vehicles4↦49.71225559711456),(Vehicles5↦66.16218686103821)}"
      },
      "probabilisticVariables": null,
      "activating": [
        "IDLE_54"
      ],
      "activatingOnlyWhenExecuted": true,
      "updating": null,
      "withPredicate": null
    },
    {
      "id": "IDLE_54",
      "execute": "IDLE",
      "after": "1000",
      "priority": 0,
      "additionalGuards": null,
      "activationKind": null,
      "fixedVariables": {
        "Crash": "FALSE",
        "VehiclesAy": "{(EgoVehicle↦0.0),(Vehicles2↦0.0),(Vehicles3↦0.0),(Vehicles4↦0.0),(Vehicles5↦0.0)}",
        "Reward": "0.864354462677889",
        "VehiclesAx": "{(EgoVehicle↦0.5717277526855469),(Vehicles2↦-0.5125424265861511),(Vehicles3↦-0.6137728691101074),(Vehicles4↦-0.5872249603271484),(Vehicles5↦-0.557880699634552)}",
        "VehiclesVx": "{(EgoVehicle↦24.913291931152344),(Vehicles2↦-4.648929238319397),(Vehicles3↦-4.705018401145935),(Vehicles4↦-4.261316955089569),(Vehicles5↦-4.53886866569519)}",
        "VehiclesY": "{(EgoVehicle↦8.000000238418579),(Vehicles2↦-4.0000001192092896),(Vehicles3↦-8.000000238418579),(Vehicles4↦0.0),(Vehicles5↦-4.0000001192092896)}",
        "VehiclesVy": "{(EgoVehicle↦0.0),(Vehicles2↦0.0),(Vehicles3↦0.0),(Vehicles4↦0.0),(Vehicles5↦0.0)}",
        "VehiclesX": "{(EgoVehicle↦200.0),(Vehicles2↦5.508475750684738),(Vehicles3↦-7.899976521730423),(Vehicles4↦45.71656882762909),(Vehicles5↦61.87136173248291)}"
      },
      "probabilisticVariables": null,
      "activating": [
        "SLOWER_55"
      ],
      "activatingOnlyWhenExecuted": true,
      "updating": null,
      "withPredicate": null
    },
    {
      "id": "SLOWER_55",
      "execute": "SLOWER",
      "after": "1000",
      "priority": 0,
      "additionalGuards": null,
      "activationKind": null,
      "fixedVariables": {
        "Crash": "FALSE",
        "VehiclesAy": "{(EgoVehicle↦0.0),(Vehicles2↦0.0),(Vehicles3↦0.0),(Vehicles4↦0.0),(Vehicles5↦0.0)}",
        "Reward": "0.7505871446050443",
        "VehiclesAx": "{(EgoVehicle↦-4.2662739753723145),(Vehicles2↦4.280171915888786),(Vehicles3↦4.694477493176237),(Vehicles4↦4.002272430807352),(Vehicles5↦4.207159169018269)}",
        "VehiclesVx": "{(EgoVehicle↦20.64701795578003),(Vehicles2↦-0.36875732243061066),(Vehicles3↦-0.01054090796969831),(Vehicles4↦-0.259044524282217),(Vehicles5↦-0.33170949667692184)}",
        "VehiclesY": "{(EgoVehicle↦8.000000238418579),(Vehicles2↦-4.0000001192092896),(Vehicles3↦0.0),(Vehicles4↦-4.0000001192092896),(Vehicles5↦-8.000000238418579)}",
        "VehiclesVy": "{(EgoVehicle↦0.0),(Vehicles2↦0.0),(Vehicles3↦0.0),(Vehicles4↦0.0),(Vehicles5↦0.0)}",
        "VehiclesX": "{(EgoVehicle↦200.0),(Vehicles2↦3.218645602464676),(Vehicles3↦43.80257725715637),(Vehicles4↦59.69146490097046),(Vehicles5↦82.95581340789795)}"
      },
      "probabilisticVariables": null,
      "activating": [
        "IDLE_56"
      ],
      "activatingOnlyWhenExecuted": true,
      "updating": null,
      "withPredicate": null
    },
    {
      "id": "IDLE_56",
      "execute": "IDLE",
      "after": "1000",
      "priority": 0,
      "additionalGuards": null,
      "activationKind": null,
      "fixedVariables": {
        "Crash": "FALSE",
        "VehiclesAy": "{(EgoVehicle↦0.0),(Vehicles2↦0.0),(Vehicles3↦0.0),(Vehicles4↦0.0),(Vehicles5↦0.0)}",
        "Reward": "0.7356054401674682",
        "VehiclesAx": "{(EgoVehicle↦-0.5618143081665039),(Vehicles2↦0.5755512416362762),(Vehicles3↦0.5463894212152809),(Vehicles4↦0.5750722996890545),(Vehicles5↦0.5778786167502403)}",
        "VehiclesVx": "{(EgoVehicle↦20.085203647613525),(Vehicles2↦0.2067939192056656),(Vehicles3↦0.5358485132455826),(Vehicles4↦0.31602777540683746),(Vehicles5↦0.24616912007331848)}",
        "VehiclesY": "{(EgoVehicle↦8.000000238418579),(Vehicles2↦-4.0000001192092896),(Vehicles3↦0.0),(Vehicles4↦-4.0000001192092896),(Vehicles5↦-8.000000238418579)}",
        "VehiclesVy": "{(EgoVehicle↦0.0),(Vehicles2↦0.0),(Vehicles3↦0.0),(Vehicles4↦0.0),(Vehicles5↦0.0)}",
        "VehiclesX": "{(EgoVehicle↦200.0),(Vehicles2↦3.1653258949518204),(Vehicles3↦44.09578740596771),(Vehicles4↦59.74767804145813),(Vehicles5↦82.94048309326172)}"
      },
      "probabilisticVariables": null,
      "activating": [
        "IDLE_57"
      ],
      "activatingOnlyWhenExecuted": true,
      "updating": null,
      "withPredicate": null
    },
    {
      "id": "IDLE_57",
      "execute": "IDLE",
      "after": "1000",
      "priority": 0,
      "additionalGuards": null,
      "activationKind": null,
      "fixedVariables": {
        "Crash": "FALSE",
        "VehiclesAy": "{(EgoVehicle↦0.0),(Vehicles2↦0.0),(Vehicles3↦0.0),(Vehicles4↦0.0),(Vehicles5↦1.7763568394002505E-14)}",
        "Reward": "0.7336325408176637",
        "VehiclesAx": "{(EgoVehicle↦-0.07398366928100586),(Vehicles2↦0.08755054324865341),(Vehicles3↦0.05870506167411804),(Vehicles4↦0.08695665746927261),(Vehicles5↦0.08973769843578339)}",
        "VehiclesVx": "{(EgoVehicle↦20.01121997833252),(Vehicles2↦0.294344462454319),(Vehicles3↦0.5945535749197006),(Vehicles4↦0.4029844328761101),(Vehicles5↦0.33590681850910187)}",
        "VehiclesY": "{(EgoVehicle↦8.000000238418579),(Vehicles2↦-4.0000001192092896),(Vehicles3↦0.0),(Vehicles4↦-4.0000001192092896),(Vehicles5↦-8.000000238418579)}",
        "VehiclesVy": "{(EgoVehicle↦0.0),(Vehicles2↦0.0),(Vehicles3↦0.0),(Vehicles4↦0.0),(Vehicles5↦1.7763568394002505E-14)}",
        "VehiclesX": "{(EgoVehicle↦200.0),(Vehicles2↦3.4183744341135025),(Vehicles3↦44.66632306575775),(Vehicles4↦60.10972857475281),(Vehicles5↦83.23379158973694)}"
      },
      "probabilisticVariables": null,
      "activating": [
        "IDLE_58"
      ],
      "activatingOnlyWhenExecuted": true,
      "updating": null,
      "withPredicate": null
    },
    {
      "id": "IDLE_58",
      "execute": "IDLE",
      "after": "1000",
      "priority": 0,
      "additionalGuards": null,
      "activationKind": null,
      "fixedVariables": {
        "Crash": "FALSE",
        "VehiclesAy": "{(EgoVehicle↦0.0),(Vehicles2↦0.0),(Vehicles3↦0.0),(Vehicles4↦0.0),(Vehicles5↦1.7763568394002505E-14)}",
        "Reward": "0.7333727351419693",
        "VehiclesAx": "{(EgoVehicle↦-0.009741783142089844),(Vehicles2↦0.02313036471605301),(Vehicles3↦-0.3732153959572315),(Vehicles4↦0.18624737858772278),(Vehicles5↦0.08951358497142792)}",
        "VehiclesVx": "{(EgoVehicle↦20.00147819519043),(Vehicles2↦0.317474827170372),(Vehicles3↦0.2213381789624691),(Vehicles4↦0.5892318114638329),(Vehicles5↦0.4254204034805298)}",
        "VehiclesY": "{(EgoVehicle↦8.000000238418579),(Vehicles2↦-4.0000001192092896),(Vehicles3↦-8.000000238418579),(Vehicles4↦0.0),(Vehicles5↦-4.0000001192092896)}",
        "VehiclesVy": "{(EgoVehicle↦0.0),(Vehicles2↦0.0),(Vehicles3↦0.0),(Vehicles4↦0.0),(Vehicles5↦0.0)}",
        "VehiclesX": "{(EgoVehicle↦200.0),(Vehicles2↦3.7234634160995483),(Vehicles3↦-9.98741090297699),(Vehicles4↦45.26020586490631),(Vehicles5↦60.52318811416626)}"
      },
      "probabilisticVariables": null,
      "activating": [
        "IDLE_59"
      ],
      "activatingOnlyWhenExecuted": true,
      "updating": null,
      "withPredicate": null
    },
    {
      "id": "IDLE_59",
      "execute": "IDLE",
      "after": "1000",
      "priority": 0,
      "additionalGuards": null,
      "activationKind": null,
      "fixedVariables": {
        "Crash": "FALSE",
        "VehiclesAy": "{(EgoVehicle↦0.0),(Vehicles2↦0.0),(Vehicles3↦0.0),(Vehicles4↦0.0),(Vehicles5↦0.0)}",
        "Reward": "0.7333385220488738",
        "VehiclesAx": "{(EgoVehicle↦-0.0012826919555664062),(Vehicles2↦0.014484524726867676),(Vehicles3↦0.005387533456087112),(Vehicles4↦-0.013502836227416992),(Vehicles5↦0.013702064752578735)}",
        "VehiclesVx": "{(EgoVehicle↦20.000195503234863),(Vehicles2↦0.3319593518972397),(Vehicles3↦0.2267257124185562),(Vehicles4↦0.5757289752364159),(Vehicles5↦0.4391224682331085)}",
        "VehiclesY": "{(EgoVehicle↦8.000000238418579),(Vehicles2↦-4.0000001192092896),(Vehicles3↦-8.000000238418579),(Vehicles4↦0.0),(Vehicles5↦-4.0000001192092896)}",
        "VehiclesVy": "{(EgoVehicle↦0.0),(Vehicles2↦0.0),(Vehicles3↦0.0),(Vehicles4↦0.0),(Vehicles5↦0.0)}",
        "VehiclesX": "{(EgoVehicle↦200.0),(Vehicles2↦4.046941548585892),(Vehicles3↦-9.76373627781868),(Vehicles4↦45.84420621395111),(Vehicles5↦60.95430254936218)}"
      },
      "probabilisticVariables": null,
      "activating": [
        "FASTER_60"
      ],
      "activatingOnlyWhenExecuted": true,
      "updating": null,
      "withPredicate": null
    },
    {
      "id": "FASTER_60",
      "execute": "FASTER",
      "after": "1000",
      "priority": 0,
      "additionalGuards": null,
      "activationKind": null,
      "fixedVariables": {
        "Crash": "FALSE",
        "VehiclesAy": "{(EgoVehicle↦0.0),(Vehicles2↦0.0),(Vehicles3↦0.0),(Vehicles4↦0.0),(Vehicles5↦0.0)}",
        "Reward": "0.8491090509145294",
        "VehiclesAx": "{(EgoVehicle↦4.341394901275635),(Vehicles2↦-4.328385218977928),(Vehicles3↦-4.006838575005531),(Vehicles4↦-4.465850852429867),(Vehicles5↦-4.388224929571152)}",
        "VehiclesVx": "{(EgoVehicle↦24.341590404510498),(Vehicles2↦-3.9964258670806885),(Vehicles3↦-3.780112862586975),(Vehicles4↦-3.890121877193451),(Vehicles5↦-3.949102461338043)}",
        "VehiclesY": "{(EgoVehicle↦8.000000238418579),(Vehicles2↦-4.0000001192092896),(Vehicles3↦0.0),(Vehicles4↦-4.0000001192092896),(Vehicles5↦-8.000000238418579)}",
        "VehiclesVy": "{(EgoVehicle↦0.0),(Vehicles2↦0.0),(Vehicles3↦0.0),(Vehicles4↦0.0),(Vehicles5↦0.0)}",
        "VehiclesX": "{(EgoVehicle↦200.0),(Vehicles2↦1.9891519099473953),(Vehicles3↦44.01915967464447),(Vehicles4↦59.00334119796753),(Vehicles5↦81.93761110305786)}"
      },
      "probabilisticVariables": null,
      "activating": [
        "IDLE_61"
      ],
      "activatingOnlyWhenExecuted": true,
      "updating": null,
      "withPredicate": null
    },
    {
      "id": "IDLE_61",
      "execute": "IDLE",
      "after": "1000",
      "priority": 0,
      "additionalGuards": null,
      "activationKind": null,
      "fixedVariables": {
        "Crash": "FALSE",
        "VehiclesAy": "{(EgoVehicle↦0.0),(Vehicles2↦0.0),(Vehicles3↦0.0),(Vehicles4↦0.0),(Vehicles5↦0.0)}",
        "Reward": "0.8643545526581548",
        "VehiclesAx": "{(EgoVehicle↦0.5717062950134277),(Vehicles2↦-0.5588927865028381),(Vehicles3↦-0.5857595801353455),(Vehicles4↦-0.5598190426826477),(Vehicles5↦-0.5572253465652466)}",
        "VehiclesVx": "{(EgoVehicle↦24.913296699523926),(Vehicles2↦-4.555318653583527),(Vehicles3↦-4.365872442722321),(Vehicles4↦-4.449940919876099),(Vehicles5↦-4.50632780790329)}",
        "VehiclesY": "{(EgoVehicle↦8.000000238418579),(Vehicles2↦-4.0000001192092896),(Vehicles3↦0.0),(Vehicles4↦-4.0000001192092896),(Vehicles5↦-8.000000238418579)}",
        "VehiclesVy": "{(EgoVehicle↦0.0),(Vehicles2↦0.0),(Vehicles3↦0.0),(Vehicles4↦0.0),(Vehicles5↦0.0)}",
        "VehiclesX": "{(EgoVehicle↦200.0),(Vehicles2↦-2.31751948595047),(Vehicles3↦39.91800546646118),(Vehicles4↦54.802608489990234),(Vehicles5↦77.67894268035889)}"
      },
      "probabilisticVariables": null,
      "activating": null,
      "activatingOnlyWhenExecuted": true,
      "updating": null,
      "withPredicate": null
    }
  ],
  "listeners": [],
  "metadata": {
    "fileType": "Timed_Trace",
    "formatVersion": 3,
    "savedAt": "2023-08-21T13:22:57.457654Z",
    "creator": "Simulation: HYPOTHESIS_TEST; SIGNIFICANCE : 0.05, PROBABILITY : 0.95, MAX_STEPS_BEFORE_PROPERTY : 0, EXECUTIONS : 1000, PREDICATE : Crash = FALSE, ENDING_TIME : 60000, HYPOTHESIS_CHECKING_TYPE : LEFT_TAILED, CHECKING_TYPE : PREDICATE_INVARIANT",
    "proB2KernelVersion": "4.12.2",
    "proBCliVersion": "1.12.2-final",
    "modelName": "HighwayEnvironment2"
  }
}