{
  "variables": {},
  "activations": [
    {
      "id": "$setup_constants",
      "execute": "$setup_constants",
      "after": "0",
      "priority": 0,
      "additionalGuards": null,
      "activationKind": null,
      "fixedVariables": null,
      "probabilisticVariables": null,
      "activating": null,
      "activatingOnlyWhenExecuted": true,
      "updating": null,
      "withPredicate": null
    },
    {
      "id": "$initialise_machine",
      "execute": "$initialise_machine",
      "after": "0",
      "priority": 0,
      "additionalGuards": null,
      "activationKind": null,
      "fixedVariables": {
        "Crash": "FALSE",
        "VehiclesAy": "{(EgoVehicle↦0.0),(Vehicles2↦0.0),(Vehicles3↦0.0),(Vehicles4↦0.0),(Vehicles5↦0.0)}",
        "Reward": "0.0",
        "VehiclesAx": "{(EgoVehicle↦0.0),(Vehicles2↦0.0),(Vehicles3↦0.0),(Vehicles4↦0.0),(Vehicles5↦0.0)}",
        "VehiclesVx": "{(EgoVehicle↦25.0),(Vehicles2↦-2.2858020663261414),(Vehicles3↦-3.5484889149665833),(Vehicles4↦-3.7599095702171326),(Vehicles5↦-2.3289455473423004)}",
        "VehiclesY": "{(EgoVehicle↦8.000000238418579),(Vehicles2↦-4.0000001192092896),(Vehicles3↦-4.0000001192092896),(Vehicles4↦-8.000000238418579),(Vehicles5↦0.0)}",
        "VehiclesVy": "{(EgoVehicle↦0.0),(Vehicles2↦0.0),(Vehicles3↦0.0),(Vehicles4↦0.0),(Vehicles5↦0.0)}",
        "VehiclesX": "{(EgoVehicle↦154.62541580200195),(Vehicles2↦24.57146644592285),(Vehicles3↦47.20328748226166),(Vehicles4↦71.89438939094543),(Vehicles5↦94.27346587181091)}"
      },
      "probabilisticVariables": null,
      "activating": [
        "IDLE_2"
      ],
      "activatingOnlyWhenExecuted": true,
      "updating": null,
      "withPredicate": null
    },
    {
      "id": "IDLE_2",
      "execute": "IDLE",
      "after": "1000",
      "priority": 0,
      "additionalGuards": null,
      "activationKind": null,
      "fixedVariables": {
        "Crash": "FALSE",
        "VehiclesAy": "{(EgoVehicle↦0.0),(Vehicles2↦-4.940842092037201),(Vehicles3↦0.0),(Vehicles4↦0.0),(Vehicles5↦0.0)}",
        "Reward": "0.8666666666666667",
        "VehiclesAx": "{(EgoVehicle↦0.0),(Vehicles2↦-6.148649156093597),(Vehicles3↦-0.2464538812637329),(Vehicles4↦-0.7920539379119873),(Vehicles5↦-5.0508807599544525)}",
        "VehiclesVx": "{(EgoVehicle↦25.0),(Vehicles2↦-8.434451222419739),(Vehicles3↦-3.794942796230316),(Vehicles4↦-4.55196350812912),(Vehicles5↦-7.379826307296753)}",
        "VehiclesY": "{(EgoVehicle↦8.000000238418579),(Vehicles2↦-5.998509049415588),(Vehicles3↦-4.0000001192092896),(Vehicles4↦-8.000000238418579),(Vehicles5↦0.0)}",
        "VehiclesVy": "{(EgoVehicle↦0.0),(Vehicles2↦-4.940842092037201),(Vehicles3↦0.0),(Vehicles4↦0.0),(Vehicles5↦0.0)}",
        "VehiclesX": "{(EgoVehicle↦179.62541580200195),(Vehicles2↦19.650481641292572),(Vehicles3↦43.55191886425018),(Vehicles4↦67.78401136398315),(Vehicles5↦89.61068987846375)}"
      },
      "probabilisticVariables": null,
      "activating": [
        "IDLE_3"
      ],
      "activatingOnlyWhenExecuted": true,
      "updating": null,
      "withPredicate": null
    },
    {
      "id": "IDLE_3",
      "execute": "IDLE",
      "after": "1000",
      "priority": 0,
      "additionalGuards": null,
      "activationKind": null,
      "fixedVariables": {
        "Crash": "FALSE",
        "VehiclesAy": "{(EgoVehicle↦0.0),(Vehicles2↦4.462064690887928),(Vehicles3↦0.0),(Vehicles4↦0.0),(Vehicles5↦0.0)}",
        "Reward": "0.8666666666666667",
        "VehiclesAx": "{(EgoVehicle↦0.0),(Vehicles2↦1.1250561475753784),(Vehicles3↦-0.16074210405349731),(Vehicles4↦-0.45740336179733276),(Vehicles5↦-1.142503023147583)}",
        "VehiclesVx": "{(EgoVehicle↦25.0),(Vehicles2↦-7.30939507484436),(Vehicles3↦-3.9556849002838135),(Vehicles4↦-5.009366869926453),(Vehicles5↦-8.522329330444336)}",
        "VehiclesY": "{(EgoVehicle↦8.000000238418579),(Vehicles2↦-7.828803062438965),(Vehicles3↦-4.0000001192092896),(Vehicles4↦-8.000000238418579),(Vehicles5↦0.0)}",
        "VehiclesVy": "{(EgoVehicle↦0.0),(Vehicles2↦-0.4787774011492729),(Vehicles3↦0.0),(Vehicles4↦0.0),(Vehicles5↦0.0)}",
        "VehiclesX": "{(EgoVehicle↦200.0),(Vehicles2↦11.70242503285408),(Vehicles3↦39.66937959194183),(Vehicles4↦63.02855610847473),(Vehicles5↦81.63774013519287)}"
      },
      "probabilisticVariables": null,
      "activating": [
        "IDLE_4"
      ],
      "activatingOnlyWhenExecuted": true,
      "updating": null,
      "withPredicate": null
    },
    {
      "id": "IDLE_4",
      "execute": "IDLE",
      "after": "1000",
      "priority": 0,
      "additionalGuards": null,
      "activationKind": null,
      "fixedVariables": {
        "Crash": "FALSE",
        "VehiclesAy": "{(EgoVehicle↦0.0),(Vehicles2↦0.442206219304353),(Vehicles3↦0.0),(Vehicles4↦0.0),(Vehicles5↦0.0)}",
        "Reward": "0.8666666666666667",
        "VehiclesAx": "{(EgoVehicle↦0.0),(Vehicles2↦0.7532548904418945),(Vehicles3↦-0.2752920985221863),(Vehicles4↦-0.30560553073883057),(Vehicles5↦-0.3362637758255005)}",
        "VehiclesVx": "{(EgoVehicle↦25.0),(Vehicles2↦-6.556140184402466),(Vehicles3↦-4.230976998806),(Vehicles4↦-5.314972400665283),(Vehicles5↦-8.858593106269836)}",
        "VehiclesY": "{(EgoVehicle↦8.000000238418579),(Vehicles2↦-7.987069845199585),(Vehicles3↦-4.0000001192092896),(Vehicles4↦-8.000000238418579),(Vehicles5↦0.0)}",
        "VehiclesVy": "{(EgoVehicle↦0.0),(Vehicles2↦-0.03657118184491992),(Vehicles3↦0.0),(Vehicles4↦0.0),(Vehicles5↦0.0)}",
        "VehiclesX": "{(EgoVehicle↦200.0),(Vehicles2↦4.7272831201553345),(Vehicles3↦35.68324148654938),(Vehicles4↦57.88974165916443),(Vehicles5↦72.94005155563354)}"
      },
      "probabilisticVariables": null,
      "activating": [
        "IDLE_5"
      ],
      "activatingOnlyWhenExecuted": true,
      "updating": null,
      "withPredicate": null
    },
    {
      "id": "IDLE_5",
      "execute": "IDLE",
      "after": "1000",
      "priority": 0,
      "additionalGuards": null,
      "activationKind": null,
      "fixedVariables": {
        "Crash": "FALSE",
        "VehiclesAy": "{(EgoVehicle↦0.0),(Vehicles2↦0.0339476385852322),(Vehicles3↦0.0),(Vehicles4↦0.0),(Vehicles5↦0.0)}",
        "Reward": "0.8666666666666667",
        "VehiclesAx": "{(EgoVehicle↦0.0),(Vehicles2↦0.48206984996795654),(Vehicles3↦-0.24419844150543213),(Vehicles4↦0.45166343450546265),(Vehicles5↦0.13118207454681396)}",
        "VehiclesVx": "{(EgoVehicle↦25.0),(Vehicles2↦-6.074070334434509),(Vehicles3↦-4.475175440311432),(Vehicles4↦-4.863308966159821),(Vehicles5↦-8.727411031723022)}",
        "VehiclesY": "{(EgoVehicle↦8.000000238418579),(Vehicles2↦-7.999079704284668),(Vehicles3↦-4.0000001192092896),(Vehicles4↦-8.000000238418579),(Vehicles5↦0.0)}",
        "VehiclesVy": "{(EgoVehicle↦0.0),(Vehicles2↦-0.0026235432596877217),(Vehicles3↦0.0),(Vehicles4↦0.0),(Vehicles5↦0.0)}",
        "VehiclesX": "{(EgoVehicle↦200.0),(Vehicles2↦-1.6247332096099854),(Vehicles3↦31.3403457403183),(Vehicles4↦52.77388095855713),(Vehicles5↦64.11527991294861)}"
      },
      "probabilisticVariables": null,
      "activating": [
        "IDLE_6"
      ],
      "activatingOnlyWhenExecuted": true,
      "updating": null,
      "withPredicate": null
    },
    {
      "id": "IDLE_6",
      "execute": "IDLE",
      "after": "1000",
      "priority": 0,
      "additionalGuards": null,
      "activationKind": null,
      "fixedVariables": {
        "Crash": "FALSE",
        "VehiclesAy": "{(EgoVehicle↦0.0),(Vehicles2↦0.002443466491968138),(Vehicles3↦0.0),(Vehicles4↦0.0),(Vehicles5↦0.0)}",
        "Reward": "0.8666666666666667",
        "VehiclesAx": "{(EgoVehicle↦0.0),(Vehicles2↦0.3547632694244385),(Vehicles3↦-0.119113028049469),(Vehicles4↦0.2666190266609192),(Vehicles5↦0.27171552181243896)}",
        "VehiclesVx": "{(EgoVehicle↦25.0),(Vehicles2↦-5.719307065010071),(Vehicles3↦-4.594288468360901),(Vehicles4↦-4.596689939498901),(Vehicles5↦-8.455695509910583)}",
        "VehiclesY": "{(EgoVehicle↦8.000000238418579),(Vehicles2↦-7.999937295913696),(Vehicles3↦-4.0000001192092896),(Vehicles4↦-8.000000238418579),(Vehicles5↦0.0)}",
        "VehiclesVy": "{(EgoVehicle↦0.0),(Vehicles2↦-0.00018007676771958359),(Vehicles3↦0.0),(Vehicles4↦0.0),(Vehicles5↦0.0)}",
        "VehiclesX": "{(EgoVehicle↦200.0),(Vehicles2↦-7.547867298126221),(Vehicles3↦26.810723543167114),(Vehicles4↦48.028698563575745),(Vehicles5↦55.49090504646301)}"
      },
      "probabilisticVariables": null,
      "activating": [
        "SLOWER_7"
      ],
      "activatingOnlyWhenExecuted": true,
      "updating": null,
      "withPredicate": null
    },
    {
      "id": "SLOWER_7",
      "execute": "SLOWER",
      "after": "1000",
      "priority": 0,
      "additionalGuards": null,
      "activationKind": null,
      "fixedVariables": {
        "Crash": "FALSE",
        "VehiclesAy": "{(EgoVehicle↦0.0),(Vehicles2↦0.00018007676771958359),(Vehicles3↦0.0),(Vehicles4↦0.0),(Vehicles5↦0.0004809060919797048)}",
        "Reward": "0.750891632373114",
        "VehiclesAx": "{(EgoVehicle↦-4.341564178466797),(Vehicles2↦5.410172566771507),(Vehicles3↦4.493220392614603),(Vehicles4↦0.7868626713752747),(Vehicles5↦6.616925299167633)}",
        "VehiclesVx": "{(EgoVehicle↦20.658435821533203),(Vehicles2↦-0.30913449823856354),(Vehicles3↦-0.10106807574629784),(Vehicles4↦-3.8098272681236267),(Vehicles5↦-1.8387702107429504)}",
        "VehiclesY": "{(EgoVehicle↦8.000000238418579),(Vehicles2↦-4.0000001192092896),(Vehicles3↦-8.000000238418579),(Vehicles4↦0.0),(Vehicles5↦-0.00016989414871204644)}",
        "VehiclesVy": "{(EgoVehicle↦0.0),(Vehicles2↦0.0),(Vehicles3↦0.0),(Vehicles4↦0.0),(Vehicles5↦0.0004809060919797048)}",
        "VehiclesX": "{(EgoVehicle↦200.0),(Vehicles2↦24.585407972335815),(Vehicles3↦45.89550495147705),(Vehicles4↦49.551886320114136),(Vehicles5↦89.35640454292297)}"
      },
      "probabilisticVariables": null,
      "activating": [
        "FASTER_8"
      ],
      "activatingOnlyWhenExecuted": true,
      "updating": null,
      "withPredicate": null
    },
    {
      "id": "FASTER_8",
      "execute": "FASTER",
      "after": "1000",
      "priority": 0,
      "additionalGuards": null,
      "activationKind": null,
      "fixedVariables": {
        "Crash": "FALSE",
        "VehiclesAy": "{(EgoVehicle↦0.0),(Vehicles2↦0.0),(Vehicles3↦0.0),(Vehicles4↦0.0),(Vehicles5↦0.0005149013895788812)}",
        "Reward": "0.8514205716156639",
        "VehiclesAx": "{(EgoVehicle↦3.76983642578125),(Vehicles2↦-3.793541118502617),(Vehicles3↦-3.681707624346018),(Vehicles4↦-3.4815970063209534),(Vehicles5↦-3.8307610154151917)}",
        "VehiclesVx": "{(EgoVehicle↦24.428272247314453),(Vehicles2↦-4.10267561674118),(Vehicles3↦-3.7827757000923157),(Vehicles4↦-7.29142427444458),(Vehicles5↦-5.669531226158142)}",
        "VehiclesY": "{(EgoVehicle↦8.000000238418579),(Vehicles2↦-4.0000001192092896),(Vehicles3↦-8.000000238418579),(Vehicles4↦0.0),(Vehicles5↦-1.2022153896396048E-05)}",
        "VehiclesVy": "{(EgoVehicle↦0.0),(Vehicles2↦0.0),(Vehicles3↦0.0),(Vehicles4↦0.0),(Vehicles5↦3.399529759917641E-05)}",
        "VehiclesX": "{(EgoVehicle↦200.0),(Vehicles2↦22.185276448726654),(Vehicles3↦43.75395476818085),(Vehicles4↦43.78008842468262),(Vehicles5↦85.41196584701538)}"
      },
      "probabilisticVariables": null,
      "activating": [
        "SLOWER_9"
      ],
      "activatingOnlyWhenExecuted": true,
      "updating": null,
      "withPredicate": null
    },
    {
      "id": "SLOWER_9",
      "execute": "SLOWER",
      "after": "1000",
      "priority": 0,
      "additionalGuards": null,
      "activationKind": null,
      "fixedVariables": {
        "Crash": "FALSE",
        "VehiclesAy": "{(EgoVehicle↦0.0),(Vehicles2↦0.0),(Vehicles3↦0.0),(Vehicles4↦0.0),(Vehicles5↦3.641165676526725E-05)}",
        "Reward": "0.7488839161524057",
        "VehiclesAx": "{(EgoVehicle↦-3.8451242446899414),(Vehicles2↦3.8386388681828976),(Vehicles3↦0.5882257223129272),(Vehicles4↦7.404112154617906),(Vehicles5↦3.798406720161438)}",
        "VehiclesVx": "{(EgoVehicle↦20.58314800262451),(Vehicles2↦-0.26403674855828285),(Vehicles3↦-3.1945499777793884),(Vehicles4↦0.11268788017332554),(Vehicles5↦-1.871124505996704)}",
        "VehiclesY": "{(EgoVehicle↦8.000000238418579),(Vehicles2↦-4.0000001192092896),(Vehicles3↦0.0),(Vehicles4↦-8.000000238418579),(Vehicles5↦-8.552591168609069E-07)}",
        "VehiclesVy": "{(EgoVehicle↦0.0),(Vehicles2↦0.0),(Vehicles3↦0.0),(Vehicles4↦0.0),(Vehicles5↦2.4163591660908423E-06)}",
        "VehiclesX": "{(EgoVehicle↦200.0),(Vehicles2↦20.200225710868835),(Vehicles3↦38.71385157108307),(Vehicles4↦42.1147495508194),(Vehicles5↦81.84420466423035)}"
      },
      "probabilisticVariables": null,
      "activating": [
        "SLOWER_10"
      ],
      "activatingOnlyWhenExecuted": true,
      "updating": null,
      "withPredicate": null
    },
    {
      "id": "SLOWER_10",
      "execute": "SLOWER",
      "after": "1000",
      "priority": 0,
      "additionalGuards": null,
      "activationKind": null,
      "fixedVariables": {
        "Crash": "FALSE",
        "VehiclesAy": "{(EgoVehicle↦0.0),(Vehicles2↦0.0),(Vehicles3↦0.0),(Vehicles4↦0.0),(Vehicles5↦2.588879084441942E-06)}",
        "Reward": "0.7353811467086845",
        "VehiclesAx": "{(EgoVehicle↦-0.5063557624816895),(Vehicles2↦0.5089667625725269),(Vehicles3↦0.7160995900630951),(Vehicles4↦0.5352705623954535),(Vehicles5↦0.4662759602069855)}",
        "VehiclesVx": "{(EgoVehicle↦20.076792240142822),(Vehicles2↦0.24493001401424408),(Vehicles3↦-2.4784503877162933),(Vehicles4↦0.647958442568779),(Vehicles5↦-1.4048485457897186)}",
        "VehiclesY": "{(EgoVehicle↦8.000000238418579),(Vehicles2↦-4.0000001192092896),(Vehicles3↦0.0),(Vehicles4↦-8.000000238418579),(Vehicles5↦-6.110991179753E-08)}",
        "VehiclesVy": "{(EgoVehicle↦0.0),(Vehicles2↦0.0),(Vehicles3↦0.0),(Vehicles4↦0.0),(Vehicles5↦1.7251991835109948E-07)}",
        "VehiclesX": "{(EgoVehicle↦200.0),(Vehicles2↦20.21605223417282),(Vehicles3↦35.88588833808899),(Vehicles4↦42.51960217952728),(Vehicles5↦80.23601174354553)}"
      },
      "probabilisticVariables": null,
      "activating": [
        "SLOWER_11"
      ],
      "activatingOnlyWhenExecuted": true,
      "updating": null,
      "withPredicate": null
    },
    {
      "id": "SLOWER_11",
      "execute": "SLOWER",
      "after": "1000",
      "priority": 0,
      "additionalGuards": null,
      "activationKind": null,
      "fixedVariables": {
        "Crash": "FALSE",
        "VehiclesAy": "{(EgoVehicle↦0.0),(Vehicles2↦0.0),(Vehicles3↦0.0),(Vehicles4↦0.0),(Vehicles5↦1.8488595543431074E-07)}",
        "Reward": "0.733603004230499",
        "VehiclesAx": "{(EgoVehicle↦-0.06667852401733398),(Vehicles2↦0.07408842444419861),(Vehicles3↦0.23636847734451294),(Vehicles4↦0.08349113166332245),(Vehicles5↦0.030532479286193848)}",
        "VehiclesVx": "{(EgoVehicle↦20.01011371612549),(Vehicles2↦0.3190184384584427),(Vehicles3↦-2.2420819103717804),(Vehicles4↦0.7314495742321014),(Vehicles5↦-1.3743160665035248)}",
        "VehiclesY": "{(EgoVehicle↦8.000000238418579),(Vehicles2↦-4.0000001192092896),(Vehicles3↦0.0),(Vehicles4↦-8.000000238418579),(Vehicles5↦-4.3833989771258075E-09)}",
        "VehiclesVy": "{(EgoVehicle↦0.0),(Vehicles2↦0.0),(Vehicles3↦0.0),(Vehicles4↦0.0),(Vehicles5↦1.2366037083211268E-08)}",
        "VehiclesX": "{(EgoVehicle↦200.0),(Vehicles2↦20.500458776950836),(Vehicles3↦33.515119552612305),(Vehicles4↦43.21178495883942),(Vehicles5↦78.85321378707886)}"
      },
      "probabilisticVariables": null,
      "activating": [
        "SLOWER_12"
      ],
      "activatingOnlyWhenExecuted": true,
      "updating": null,
      "withPredicate": null
    },
    {
      "id": "SLOWER_12",
      "execute": "SLOWER",
      "after": "1000",
      "priority": 0,
      "additionalGuards": null,
      "activationKind": null,
      "fixedVariables": {
        "Crash": "FALSE",
        "VehiclesAy": "{(EgoVehicle↦0.0),(Vehicles2↦0.0),(Vehicles3↦0.0),(Vehicles4↦0.0),(Vehicles5↦1.3255601061246125E-08)}",
        "Reward": "0.7333688455502441",
        "VehiclesAx": "{(EgoVehicle↦-0.008780956268310547),(Vehicles2↦0.018687695264816284),(Vehicles3↦0.14360591769218445),(Vehicles4↦0.01872323453426361),(Vehicles5↦-0.023799985647201538)}",
        "VehiclesVx": "{(EgoVehicle↦20.001332759857178),(Vehicles2↦0.33770613372325897),(Vehicles3↦-2.098475992679596),(Vehicles4↦0.750172808766365),(Vehicles5↦-1.3981160521507263)}",
        "VehiclesY": "{(EgoVehicle↦8.000000238418579),(Vehicles2↦-4.0000001192092896),(Vehicles3↦0.0),(Vehicles4↦-8.000000238418579),(Vehicles5↦-3.1552760404451874E-10)}",
        "VehiclesVy": "{(EgoVehicle↦0.0),(Vehicles2↦0.0),(Vehicles3↦0.0),(Vehicles4↦0.0),(Vehicles5↦8.895639780348574E-10)}",
        "VehiclesX": "{(EgoVehicle↦200.0),(Vehicles2↦20.828145742416382),(Vehicles3↦31.33435845375061),(Vehicles4↦43.95246207714081),(Vehicles5↦77.47040390968323)}"
      },
      "probabilisticVariables": null,
      "activating": [
        "SLOWER_13"
      ],
      "activatingOnlyWhenExecuted": true,
      "updating": null,
      "withPredicate": null
    },
    {
      "id": "SLOWER_13",
      "execute": "SLOWER",
      "after": "1000",
      "priority": 0,
      "additionalGuards": null,
      "activationKind": null,
      "fixedVariables": {
        "Crash": "FALSE",
        "VehiclesAy": "{(EgoVehicle↦0.0),(Vehicles2↦0.0),(Vehicles3↦0.0),(Vehicles4↦0.0),(Vehicles5↦9.537615142107825E-10)}",
        "Reward": "0.733338009839264",
        "VehiclesAx": "{(EgoVehicle↦-0.0011563301086425781),(Vehicles2↦0.012329258024692535),(Vehicles3↦0.1072712242603302),(Vehicles4↦0.007154420018196106),(Vehicles5↦-0.027217864990234375)}",
        "VehiclesVx": "{(EgoVehicle↦20.000176429748535),(Vehicles2↦0.3500353917479515),(Vehicles3↦-1.9912047684192657),(Vehicles4↦0.7573272287845612),(Vehicles5↦-1.4253339171409607)}",
        "VehiclesY": "{(EgoVehicle↦8.000000238418579),(Vehicles2↦-4.0000001192092896),(Vehicles3↦0.0),(Vehicles4↦-8.000000238418579),(Vehicles5↦-2.2783108732937762E-11)}",
        "VehiclesVy": "{(EgoVehicle↦0.0),(Vehicles2↦0.0),(Vehicles3↦0.0),(Vehicles4↦0.0),(Vehicles5↦6.419753617592505E-11)}",
        "VehiclesX": "{(EgoVehicle↦200.0),(Vehicles2↦21.17088884115219),(Vehicles3↦29.281017184257507),(Vehicles4↦44.70590949058533),(Vehicles5↦76.06120109558105)}"
      },
      "probabilisticVariables": null,
      "activating": [
        "SLOWER_14"
      ],
      "activatingOnlyWhenExecuted": true,
      "updating": null,
      "withPredicate": null
    },
    {
      "id": "SLOWER_14",
      "execute": "SLOWER",
      "after": "1000",
      "priority": 0,
      "additionalGuards": null,
      "activationKind": null,
      "fixedVariables": {
        "Crash": "FALSE",
        "VehiclesAy": "{(EgoVehicle↦0.0),(Vehicles2↦0.0),(Vehicles3↦0.0),(Vehicles4↦0.0),(Vehicles5↦6.885159109515371E-11)}",
        "Reward": "0.7333339491695052",
        "VehiclesAx": "{(EgoVehicle↦-0.000152587890625),(Vehicles2↦0.011926591396331787),(Vehicles3↦0.08352190256118774),(Vehicles4↦0.0038345158100128174),(Vehicles5↦-0.023093968629837036)}",
        "VehiclesVx": "{(EgoVehicle↦20.00002384185791),(Vehicles2↦0.3619619831442833),(Vehicles3↦-1.907682865858078),(Vehicles4↦0.761161744594574),(Vehicles5↦-1.4484278857707977)}",
        "VehiclesY": "{(EgoVehicle↦8.000000238418579),(Vehicles2↦-4.0000001192092896),(Vehicles3↦0.0),(Vehicles4↦-8.000000238418579),(Vehicles5↦-1.6506795930126827E-12)}",
        "VehiclesVy": "{(EgoVehicle↦0.0),(Vehicles2↦0.0),(Vehicles3↦0.0),(Vehicles4↦0.0),(Vehicles5↦4.654054919228656E-12)}",
        "VehiclesX": "{(EgoVehicle↦200.0),(Vehicles2↦21.525688469409943),(Vehicles3↦27.324840426445007),(Vehicles4↦45.464932918548584),(Vehicles5↦74.62620735168457)}"
      },
      "probabilisticVariables": null,
      "activating": [
        "SLOWER_15"
      ],
      "activatingOnlyWhenExecuted": true,
      "updating": null,
      "withPredicate": null
    },
    {
      "id": "SLOWER_15",
      "execute": "SLOWER",
      "after": "1000",
      "priority": 0,
      "additionalGuards": null,
      "activationKind": null,
      "fixedVariables": {
        "Crash": "FALSE",
        "VehiclesAy": "{(EgoVehicle↦0.0),(Vehicles2↦0.0),(Vehicles3↦0.0),(Vehicles4↦0.0),(Vehicles5↦4.991562718714704E-12)}",
        "Reward": "0.7333334144311009",
        "VehiclesAx": "{(EgoVehicle↦-2.1457672119140625E-05),(Vehicles2↦0.012035481631755829),(Vehicles3↦0.06592422723770142),(Vehicles4↦0.0022946298122406006),(Vehicles5↦-0.017269253730773926)}",
        "VehiclesVx": "{(EgoVehicle↦20.00000238418579),(Vehicles2↦0.3739974647760391),(Vehicles3↦-1.8417586386203766),(Vehicles4↦0.7634563744068146),(Vehicles5↦-1.4656971395015717)}",
        "VehiclesY": "{(EgoVehicle↦8.000000238418579),(Vehicles2↦-4.0000001192092896),(Vehicles3↦0.0),(Vehicles4↦-8.000000238418579),(Vehicles5↦-1.1857181902996672E-13)}",
        "VehiclesVy": "{(EgoVehicle↦0.0),(Vehicles2↦0.0),(Vehicles3↦0.0),(Vehicles4↦0.0),(Vehicles5↦3.375077994860476E-13)}",
        "VehiclesX": "{(EgoVehicle↦200.0),(Vehicles2↦21.892458200454712),(Vehicles3↦25.44473707675934),(Vehicles4↦46.22710347175598),(Vehicles5↦73.17036986351013)}"
      },
      "probabilisticVariables": null,
      "activating": [
        "SLOWER_16"
      ],
      "activatingOnlyWhenExecuted": true,
      "updating": null,
      "withPredicate": null
    },
    {
      "id": "SLOWER_16",
      "execute": "SLOWER",
      "after": "1000",
      "priority": 0,
      "additionalGuards": null,
      "activationKind": null,
      "fixedVariables": {
        "Crash": "FALSE",
        "VehiclesAy": "{(EgoVehicle↦0.0),(Vehicles2↦0.0),(Vehicles3↦0.0),(Vehicles4↦0.0),(Vehicles5↦3.730349362740526E-13)}",
        "Reward": "0.7333333440128746",
        "VehiclesAx": "{(EgoVehicle↦-2.384185791015625E-06),(Vehicles2↦0.012063160538673401),(Vehicles3↦0.05288362503051758),(Vehicles4↦0.0013794004917144775),(Vehicles5↦-0.010762065649032593)}",
        "VehiclesVx": "{(EgoVehicle↦20.0),(Vehicles2↦0.3860606253147125),(Vehicles3↦-1.788875013589859),(Vehicles4↦0.764835774898529),(Vehicles5↦-1.4764592051506042)}",
        "VehiclesY": "{(EgoVehicle↦8.000000238418579),(Vehicles2↦-4.0000001192092896),(Vehicles3↦0.0),(Vehicles4↦-8.000000238418579),(Vehicles5↦-9.325873406851315E-15)}",
        "VehiclesVy": "{(EgoVehicle↦0.0),(Vehicles2↦0.0),(Vehicles3↦0.0),(Vehicles4↦0.0),(Vehicles5↦3.552713678800501E-14)}",
        "VehiclesX": "{(EgoVehicle↦200.0),(Vehicles2↦22.271282970905304),(Vehicles3↦23.625019192695618),(Vehicles4↦46.991169452667236),(Vehicles5↦71.69983386993408)}"
      },
      "probabilisticVariables": null,
      "activating": [
        "SLOWER_17"
      ],
      "activatingOnlyWhenExecuted": true,
      "updating": null,
      "withPredicate": null
    },
    {
      "id": "SLOWER_17",
      "execute": "SLOWER",
      "after": "1000",
      "priority": 0,
      "additionalGuards": null,
      "activationKind": null,
      "fixedVariables": {
        "Crash": "FALSE",
        "VehiclesAy": "{(EgoVehicle↦0.0),(Vehicles2↦0.0),(Vehicles3↦0.0),(Vehicles4↦0.0),(Vehicles5↦3.552713678800501E-14)}",
        "Reward": "0.7333333347396928",
        "VehiclesAx": "{(EgoVehicle↦0.0),(Vehicles2↦-2.1314597129821777),(Vehicles3↦2.1869346126914024),(Vehicles4↦0.0007697939872741699),(Vehicles5↦-0.003985315561294556)}",
        "VehiclesVx": "{(EgoVehicle↦20.0),(Vehicles2↦-1.7453990876674652),(Vehicles3↦0.3980595991015434),(Vehicles4↦0.7656055688858032),(Vehicles5↦-1.4804445207118988)}",
        "VehiclesY": "{(EgoVehicle↦8.000000238418579),(Vehicles2↦0.0),(Vehicles3↦-4.0000001192092896),(Vehicles4↦-8.000000238418579),(Vehicles5↦-1.3322676295501878E-15)}",
        "VehiclesVy": "{(EgoVehicle↦0.0),(Vehicles2↦0.0),(Vehicles3↦0.0),(Vehicles4↦0.0),(Vehicles5↦0.0)}",
        "VehiclesX": "{(EgoVehicle↦200.0),(Vehicles2↦21.854160726070404),(Vehicles3↦22.662150859832764),(Vehicles4↦47.75635600090027),(Vehicles5↦70.22123336791992)}"
      },
      "probabilisticVariables": null,
      "activating": [
        "SLOWER_18"
      ],
      "activatingOnlyWhenExecuted": true,
      "updating": null,
      "withPredicate": null
    },
    {
      "id": "SLOWER_18",
      "execute": "SLOWER",
      "after": "1000",
      "priority": 0,
      "additionalGuards": null,
      "activationKind": null,
      "fixedVariables": {
        "Crash": "FALSE",
        "VehiclesAy": "{(EgoVehicle↦0.0),(Vehicles2↦0.0),(Vehicles3↦0.0),(Vehicles4↦0.0),(Vehicles5↦0.0)}",
        "Reward": "0.7333333335185329",
        "VehiclesAx": "{(EgoVehicle↦0.0),(Vehicles2↦0.036946386098861694),(Vehicles3↦0.011878237128257751),(Vehicles4↦0.0003319978713989258),(Vehicles5↦0.002750903367996216)}",
        "VehiclesVx": "{(EgoVehicle↦20.0),(Vehicles2↦-1.7084527015686035),(Vehicles3↦0.4099378362298012),(Vehicles4↦0.7659375667572021),(Vehicles5↦-1.4776936173439026)}",
        "VehiclesY": "{(EgoVehicle↦8.000000238418579),(Vehicles2↦0.0),(Vehicles3↦-4.0000001192092896),(Vehicles4↦-8.000000238418579),(Vehicles5↦-1.3322676295501878E-15)}",
        "VehiclesVy": "{(EgoVehicle↦0.0),(Vehicles2↦0.0),(Vehicles3↦0.0),(Vehicles4↦0.0),(Vehicles5↦0.0)}",
        "VehiclesX": "{(EgoVehicle↦200.0),(Vehicles2↦20.123964548110962),(Vehicles3↦23.064972460269928),(Vehicles4↦48.52212369441986),(Vehicles5↦68.74136328697205)}"
      },
      "probabilisticVariables": null,
      "activating": [
        "SLOWER_19"
      ],
      "activatingOnlyWhenExecuted": true,
      "updating": null,
      "withPredicate": null
    },
    {
      "id": "SLOWER_19",
      "execute": "SLOWER",
      "after": "1000",
      "priority": 0,
      "additionalGuards": null,
      "activationKind": null,
      "fixedVariables": {
        "Crash": "FALSE",
        "VehiclesAy": "{(EgoVehicle↦0.0),(Vehicles2↦0.0),(Vehicles3↦0.0),(Vehicles4↦0.0),(Vehicles5↦0.0)}",
        "Reward": "0.7333333333577218",
        "VehiclesAx": "{(EgoVehicle↦0.0),(Vehicles2↦0.03265738487243652),(Vehicles3↦0.011725947260856628),(Vehicles4↦-1.7881393432617188E-06),(Vehicles5↦0.009197592735290527)}",
        "VehiclesVx": "{(EgoVehicle↦20.0),(Vehicles2↦-1.675795316696167),(Vehicles3↦0.4216637834906578),(Vehicles4↦0.7659357786178589),(Vehicles5↦-1.468496024608612)}",
        "VehiclesY": "{(EgoVehicle↦8.000000238418579),(Vehicles2↦0.0),(Vehicles3↦-4.0000001192092896),(Vehicles4↦-8.000000238418579),(Vehicles5↦-1.3322676295501878E-15)}",
        "VehiclesVy": "{(EgoVehicle↦0.0),(Vehicles2↦0.0),(Vehicles3↦0.0),(Vehicles4↦0.0),(Vehicles5↦0.0)}",
        "VehiclesX": "{(EgoVehicle↦200.0),(Vehicles2↦18.4288427233696),(Vehicles3↦23.479613661766052),(Vehicles4↦49.28808510303497),(Vehicles5↦67.266845703125)}"
      },
      "probabilisticVariables": null,
      "activating": [
        "SLOWER_20"
      ],
      "activatingOnlyWhenExecuted": true,
      "updating": null,
      "withPredicate": null
    },
    {
      "id": "SLOWER_20",
      "execute": "SLOWER",
      "after": "1000",
      "priority": 0,
      "additionalGuards": null,
      "activationKind": null,
      "fixedVariables": {
        "Crash": "FALSE",
        "VehiclesAy": "{(EgoVehicle↦0.0),(Vehicles2↦0.0),(Vehicles3↦0.0),(Vehicles4↦0.0),(Vehicles5↦0.0)}",
        "Reward": "0.733333333336545",
        "VehiclesAx": "{(EgoVehicle↦0.0),(Vehicles2↦0.03007650375366211),(Vehicles3↦0.01155659556388855),(Vehicles4↦-0.0002683699131011963),(Vehicles5↦0.015170425176620483)}",
        "VehiclesVx": "{(EgoVehicle↦20.0),(Vehicles2↦-1.6457188129425049),(Vehicles3↦0.43322037905454636),(Vehicles4↦0.7656674087047577),(Vehicles5↦-1.4533255994319916)}",
        "VehiclesY": "{(EgoVehicle↦8.000000238418579),(Vehicles2↦0.0),(Vehicles3↦-4.0000001192092896),(Vehicles4↦-8.000000238418579),(Vehicles5↦-1.3322676295501878E-15)}",
        "VehiclesVy": "{(EgoVehicle↦0.0),(Vehicles2↦0.0),(Vehicles3↦0.0),(Vehicles4↦0.0),(Vehicles5↦0.0)}",
        "VehiclesX": "{(EgoVehicle↦200.0),(Vehicles2↦16.765227913856506),(Vehicles3↦23.905913531780243),(Vehicles4↦50.05393028259277),(Vehicles5↦65.80396294593811)}"
      },
      "probabilisticVariables": null,
      "activating": [
        "SLOWER_21"
      ],
      "activatingOnlyWhenExecuted": true,
      "updating": null,
      "withPredicate": null
    },
    {
      "id": "SLOWER_21",
      "execute": "SLOWER",
      "after": "1000",
      "priority": 0,
      "additionalGuards": null,
      "activationKind": null,
      "fixedVariables": {
        "Crash": "FALSE",
        "VehiclesAy": "{(EgoVehicle↦0.0),(Vehicles2↦0.0),(Vehicles3↦0.0),(Vehicles4↦0.0),(Vehicles5↦0.0)}",
        "Reward": "0.7333333333337563",
        "VehiclesAx": "{(EgoVehicle↦0.0),(Vehicles2↦0.028767436742782593),(Vehicles3↦0.011378340423107147),(Vehicles4↦-0.0004883110523223877),(Vehicles5↦0.020548105239868164)}",
        "VehiclesVx": "{(EgoVehicle↦20.0),(Vehicles2↦-1.6169513761997223),(Vehicles3↦0.4445987194776535),(Vehicles4↦0.7651790976524353),(Vehicles5↦-1.4327774941921234)}",
        "VehiclesY": "{(EgoVehicle↦8.000000238418579),(Vehicles2↦0.0),(Vehicles3↦-4.0000001192092896),(Vehicles4↦-8.000000238418579),(Vehicles5↦-1.3322676295501878E-15)}",
        "VehiclesVy": "{(EgoVehicle↦0.0),(Vehicles2↦0.0),(Vehicles3↦0.0),(Vehicles4↦0.0),(Vehicles5↦0.0)}",
        "VehiclesX": "{(EgoVehicle↦200.0),(Vehicles2↦15.131078660488129),(Vehicles3↦24.34370070695877),(Vehicles4↦50.81942081451416),(Vehicles5↦64.35845494270325)}"
      },
      "probabilisticVariables": null,
      "activating": [
        "SLOWER_22"
      ],
      "activatingOnlyWhenExecuted": true,
      "updating": null,
      "withPredicate": null
    },
    {
      "id": "SLOWER_22",
      "execute": "SLOWER",
      "after": "1000",
      "priority": 0,
      "additionalGuards": null,
      "activationKind": null,
      "fixedVariables": {
        "Crash": "FALSE",
        "VehiclesAy": "{(EgoVehicle↦0.0),(Vehicles2↦0.0),(Vehicles3↦0.0),(Vehicles4↦0.0),(Vehicles5↦0.0)}",
        "Reward": "0.733333333333389",
        "VehiclesAx": "{(EgoVehicle↦0.0),(Vehicles2↦0.028376728296279907),(Vehicles3↦0.011195875704288483),(Vehicles4↦-0.0006727129220962524),(Vehicles5↦0.02526611089706421)}",
        "VehiclesVx": "{(EgoVehicle↦20.0),(Vehicles2↦-1.5885746479034424),(Vehicles3↦0.455794595181942),(Vehicles4↦0.764506384730339),(Vehicles5↦-1.4075113832950592)}",
        "VehiclesY": "{(EgoVehicle↦8.000000238418579),(Vehicles2↦0.0),(Vehicles3↦-4.0000001192092896),(Vehicles4↦-8.000000238418579),(Vehicles5↦-1.3322676295501878E-15)}",
        "VehiclesVy": "{(EgoVehicle↦0.0),(Vehicles2↦0.0),(Vehicles3↦0.0),(Vehicles4↦0.0),(Vehicles5↦0.0)}",
        "VehiclesX": "{(EgoVehicle↦200.0),(Vehicles2↦13.525481522083282),(Vehicles3↦24.79279190301895),(Vehicles4↦51.58434510231018),(Vehicles5↦62.93542981147766)}"
      },
      "probabilisticVariables": null,
      "activating": [
        "LANE_LEFT_23"
      ],
      "activatingOnlyWhenExecuted": true,
      "updating": null,
      "withPredicate": null
    },
    {
      "id": "LANE_LEFT_23",
      "execute": "LANE_LEFT",
      "after": "1000",
      "priority": 0,
      "additionalGuards": null,
      "activationKind": null,
      "fixedVariables": {
        "Crash": "FALSE",
        "VehiclesAy": "{(EgoVehicle↦-1.1458635330200195),(Vehicles2↦1.1458635330200195),(Vehicles3↦1.1458635330200195),(Vehicles4↦1.1458635330200195),(Vehicles5↦1.1458635330200195)}",
        "Reward": "0.7000000000000001",
        "VehiclesAx": "{(EgoVehicle↦-0.0328516960144043),(Vehicles2↦0.061474740505218506),(Vehicles3↦0.043864063918590546),(Vehicles4↦0.032023265957832336),(Vehicles5↦0.06215736269950867)}",
        "VehiclesVx": "{(EgoVehicle↦19.967148303985596),(Vehicles2↦-1.5270999073982239),(Vehicles3↦0.49965865910053253),(Vehicles4↦0.7965296506881714),(Vehicles5↦-1.3453540205955505)}",
        "VehiclesY": "{(EgoVehicle↦4.396300435066223),(Vehicles2↦3.6036994457244873),(Vehicles3↦-0.39630044996738434),(Vehicles4↦-4.396300435066223),(Vehicles5↦3.6036994457244873)}",
        "VehiclesVy": "{(EgoVehicle↦-1.1458635330200195),(Vehicles2↦1.1458635330200195),(Vehicles3↦1.1458635330200195),(Vehicles4↦1.1458635330200195),(Vehicles5↦1.1458635330200195)}",
        "VehiclesX": "{(EgoVehicle↦200.0),(Vehicles2↦12.334909290075302),(Vehicles3↦25.639599561691284),(Vehicles4↦52.73512601852417),(Vehicles5↦61.925941705703735)}"
      },
      "probabilisticVariables": null,
      "activating": [
        "LANE_LEFT_24"
      ],
      "activatingOnlyWhenExecuted": true,
      "updating": null,
      "withPredicate": null
    },
    {
      "id": "LANE_LEFT_24",
      "execute": "LANE_LEFT",
      "after": "1000",
      "priority": 0,
      "additionalGuards": null,
      "activationKind": null,
      "fixedVariables": {
        "Crash": "FALSE",
        "VehiclesAy": "{(EgoVehicle↦-0.07129617035388947),(Vehicles2↦0.07129617035388947),(Vehicles3↦0.07129617035388947),(Vehicles4↦0.07129617035388947),(Vehicles5↦2.3630232363939285)}",
        "Reward": "0.6666666666666666",
        "VehiclesAx": "{(EgoVehicle↦-0.004220008850097656),(Vehicles2↦0.033503174781799316),(Vehicles3↦0.015047378838062286),(Vehicles4↦0.003258809447288513),(Vehicles5↦0.036899298429489136)}",
        "VehiclesVx": "{(EgoVehicle↦19.962928295135498),(Vehicles2↦-1.4935967326164246),(Vehicles3↦0.5147060379385948),(Vehicles4↦0.7997884601354599),(Vehicles5↦-1.3084547221660614)}",
        "VehiclesY": "{(EgoVehicle↦0.42081400752067566),(Vehicles2↦7.579185962677002),(Vehicles3↦3.5791858434677124),(Vehicles4↦-0.42081400752067566),(Vehicles5↦7.579185962677002)}",
        "VehiclesVy": "{(EgoVehicle↦-1.217159703373909),(Vehicles2↦1.217159703373909),(Vehicles3↦1.217159703373909),(Vehicles4↦1.217159703373909),(Vehicles5↦1.217159703373909)}",
        "VehiclesX": "{(EgoVehicle↦200.0),(Vehicles2↦11.261875182390213),(Vehicles3↦26.58601999282837),(Vehicles4↦53.973692655563354),(Vehicles5↦61.03582978248596)}"
      },
      "probabilisticVariables": null,
      "activating": [
        "FASTER_25"
      ],
      "activatingOnlyWhenExecuted": true,
      "updating": null,
      "withPredicate": null
    },
    {
      "id": "FASTER_25",
      "execute": "FASTER",
      "after": "1000",
      "priority": 0,
      "additionalGuards": null,
      "activationKind": null,
      "fixedVariables": {
        "Crash": "FALSE",
        "VehiclesAy": "{(EgoVehicle↦1.1571721825748682),(Vehicles2↦-1.1571721825748682),(Vehicles3↦-1.1571721825748682),(Vehicles4↦-1.1571721825748682),(Vehicles5↦1.2771472241729498)}",
        "Reward": "0.782439729841674",
        "VehiclesAx": "{(EgoVehicle↦4.378561973571777),(Vehicles2↦-4.348370730876923),(Vehicles3↦-4.367915652692318),(Vehicles4↦-4.37963180243969),(Vehicles5↦-4.343131929636002)}",
        "VehiclesVx": "{(EgoVehicle↦24.341490268707275),(Vehicles2↦-5.841967463493347),(Vehicles3↦-3.853209614753723),(Vehicles4↦-3.5798433423042297),(Vehicles5↦-5.651586651802063)}",
        "VehiclesY": "{(EgoVehicle↦0.018113841768354177),(Vehicles2↦7.981886386871338),(Vehicles3↦3.9818862676620483),(Vehicles4↦-0.018113841768354177),(Vehicles5↦7.981886386871338)}",
        "VehiclesVy": "{(EgoVehicle↦-0.059987520799040794),(Vehicles2↦0.059987520799040794),(Vehicles3↦0.059987520799040794),(Vehicles4↦0.059987520799040794),(Vehicles5↦0.059987520799040794)}",
        "VehiclesX": "{(EgoVehicle↦200.0),(Vehicles2↦7.354139536619186),(Vehicles3↦24.67886358499527),(Vehicles4↦52.34692692756653),(Vehicles5↦57.31521248817444)}"
      },
      "probabilisticVariables": null,
      "activating": [
        "IDLE_26"
      ],
      "activatingOnlyWhenExecuted": true,
      "updating": null,
      "withPredicate": null
    },
    {
      "id": "IDLE_26",
      "execute": "IDLE",
      "after": "1000",
      "priority": 0,
      "additionalGuards": null,
      "activationKind": null,
      "fixedVariables": {
        "Crash": "FALSE",
        "VehiclesAy": "{(EgoVehicle↦0.05803732870845124),(Vehicles2↦-0.05803732870845124),(Vehicles3↦-0.05803732870845124),(Vehicles4↦-0.05803732870845124),(Vehicles5↦0.06193771288963035)}",
        "Reward": "0.7976877939757635",
        "VehiclesAx": "{(EgoVehicle↦0.5718016624450684),(Vehicles2↦-0.5405902862548828),(Vehicles3↦-0.5613380670547485),(Vehicles4↦-0.5729639530181885),(Vehicles5↦-0.5341964960098267)}",
        "VehiclesVx": "{(EgoVehicle↦24.913291931152344),(Vehicles2↦-6.38255774974823),(Vehicles3↦-4.414547681808472),(Vehicles4↦-4.152807295322418),(Vehicles5↦-6.18578314781189)}",
        "VehiclesY": "{(EgoVehicle↦0.0005855085473740473),(Vehicles2↦7.999414443969727),(Vehicles3↦3.999414324760437),(Vehicles4↦-0.0005855085473740473),(Vehicles5↦7.999414443969727)}",
        "VehiclesVy": "{(EgoVehicle↦-0.0019501920905895531),(Vehicles2↦0.0019501920905895531),(Vehicles3↦0.0019501920905895531),(Vehicles4↦0.0019501920905895531),(Vehicles5↦0.0019501920905895531)}",
        "VehiclesX": "{(EgoVehicle↦200.0),(Vehicles2↦1.2091108597815037),(Vehicles3↦20.514391362667084),(Vehicles4↦48.45116436481476),(Vehicles5↦51.363056898117065)}"
      },
      "probabilisticVariables": null,
      "activating": [
        "SLOWER_27"
      ],
      "activatingOnlyWhenExecuted": true,
      "updating": null,
      "withPredicate": null
    },
    {
      "id": "SLOWER_27",
      "execute": "SLOWER",
      "after": "1000",
      "priority": 0,
      "additionalGuards": null,
      "activationKind": null,
      "fixedVariables": {
        "Crash": "FALSE",
        "VehiclesAy": "{(EgoVehicle↦0.0018705975708144251),(Vehicles2↦-0.0018705975708144251),(Vehicles3↦-0.0018705975708144251),(Vehicles4↦-0.0018705975708144251),(Vehicles5↦0.002029786610364681)}",
        "Reward": "0.6839204779342866",
        "VehiclesAx": "{(EgoVehicle↦-4.2662739753723145),(Vehicles2↦4.29853081703186),(Vehicles3↦4.276559920981526),(Vehicles4↦4.265039414167404),(Vehicles5↦4.305545091629028)}",
        "VehiclesVx": "{(EgoVehicle↦20.64701795578003),(Vehicles2↦-2.0840269327163696),(Vehicles3↦-0.1379877608269453),(Vehicles4↦0.11223211884498596),(Vehicles5↦-1.8802380561828613)}",
        "VehiclesY": "{(EgoVehicle↦2.7510325708135497E-05),(Vehicles2↦7.999972343444824),(Vehicles3↦3.9999725818634033),(Vehicles4↦-2.7510325708135497E-05),(Vehicles5↦7.999972343444824)}",
        "VehiclesVy": "{(EgoVehicle↦-7.959451977512799E-05),(Vehicles2↦7.959451977512799E-05),(Vehicles3↦7.959451977512799E-05),(Vehicles4↦7.959451977512799E-05),(Vehicles5↦7.959451977512799E-05)}",
        "VehiclesX": "{(EgoVehicle↦200.0),(Vehicles2↦-2.807099185883999),(Vehicles3↦18.457500636577606),(Vehicles4↦46.65139615535736),(Vehicles5↦47.546395659446716)}"
      },
      "probabilisticVariables": null,
      "activating": [
        "IDLE_28"
      ],
      "activatingOnlyWhenExecuted": true,
      "updating": null,
      "withPredicate": null
    },
    {
      "id": "IDLE_28",
      "execute": "IDLE",
      "after": "1000",
      "priority": 0,
      "additionalGuards": null,
      "activationKind": null,
      "fixedVariables": {
        "Crash": "FALSE",
        "VehiclesAy": "{(EgoVehicle↦7.471126593827648E-05),(Vehicles2↦-7.471126593827648E-05),(Vehicles3↦-7.471126593827648E-05),(Vehicles4↦-7.471126593827648E-05),(Vehicles5↦8.44777736119795E-05)}",
        "Reward": "0.6689387735007856",
        "VehiclesAx": "{(EgoVehicle↦-0.5618143081665039),(Vehicles2↦0.5950693786144257),(Vehicles3↦0.5719229858368635),(Vehicles4↦-1.390170305967331),(Vehicles5↦2.552991956472397)}",
        "VehiclesVx": "{(EgoVehicle↦20.085203647613525),(Vehicles2↦-1.488957554101944),(Vehicles3↦0.4339352250099182),(Vehicles4↦-1.277938187122345),(Vehicles5↦0.6727539002895355)}",
        "VehiclesY": "{(EgoVehicle↦1.6828718685246713E-06),(Vehicles2↦7.999998092651367),(Vehicles3↦3.9999983310699463),(Vehicles4↦7.999998092651367),(Vehicles5↦-1.6828718685246713E-06)}",
        "VehiclesVy": "{(EgoVehicle↦-4.883253836851509E-06),(Vehicles2↦4.883253836851509E-06),(Vehicles3↦4.883253836851509E-06),(Vehicles4↦4.883253836851509E-06),(Vehicles5↦4.883253836851509E-06)}",
        "VehiclesX": "{(EgoVehicle↦200.0),(Vehicles2↦-4.567971080541611),(Vehicles3↦18.63349974155426),(Vehicles4↦45.99219858646393),(Vehicles5↦47.07304537296295)}"
      },
      "probabilisticVariables": null,
      "activating": [
        "IDLE_29"
      ],
      "activatingOnlyWhenExecuted": true,
      "updating": null,
      "withPredicate": null
    },
    {
      "id": "IDLE_29",
      "execute": "IDLE",
      "after": "1000",
      "priority": 0,
      "additionalGuards": null,
      "activationKind": null,
      "fixedVariables": {
        "Crash": "FALSE",
        "VehiclesAy": "{(EgoVehicle↦4.5797962044957785E-06),(Vehicles2↦-4.5797962044957785E-06),(Vehicles3↦-4.5797962044957785E-06),(Vehicles4↦-4.5797962044957785E-06),(Vehicles5↦5.186711469207239E-06)}",
        "Reward": "0.6669658741509971",
        "VehiclesAx": "{(EgoVehicle↦-0.07398366928100586),(Vehicles2↦0.1081480085849762),(Vehicles3↦0.08391886949539185),(Vehicles4↦0.11529669165611267),(Vehicles5↦0.0726490467786789)}",
        "VehiclesVx": "{(EgoVehicle↦20.01121997833252),(Vehicles2↦-1.3808095455169678),(Vehicles3↦0.5178540945053101),(Vehicles4↦-1.1626414954662323),(Vehicles5↦0.7454029470682144)}",
        "VehiclesY": "{(EgoVehicle↦1.0449350185126605E-07),(Vehicles2↦8.000000238418579),(Vehicles3↦3.999999761581421),(Vehicles4↦8.000000238418579),(Vehicles5↦-1.0449350185126605E-07)}",
        "VehiclesVy": "{(EgoVehicle↦-3.034576323557303E-07),(Vehicles2↦3.034576323557303E-07),(Vehicles3↦3.034576323557303E-07),(Vehicles4↦3.034576323557303E-07),(Vehicles5↦3.034576323557303E-07)}",
        "VehiclesX": "{(EgoVehicle↦200.0),(Vehicles2↦-6.00251741707325),(Vehicles3↦19.1122367978096),(Vehicles4↦44.771549105644226),(Vehicles5↦47.786080837249756)}"
      },
      "probabilisticVariables": null,
      "activating": [
        "IDLE_30"
      ],
      "activatingOnlyWhenExecuted": true,
      "updating": null,
      "withPredicate": null
    },
    {
      "id": "IDLE_30",
      "execute": "IDLE",
      "after": "1000",
      "priority": 0,
      "additionalGuards": null,
      "activationKind": null,
      "fixedVariables": {
        "Crash": "FALSE",
        "VehiclesAy": "{(EgoVehicle↦2.845796043260407E-07),(Vehicles2↦-2.845796132078249E-07),(Vehicles3↦-2.845796132078249E-07),(Vehicles4↦-2.845796132078249E-07),(Vehicles5↦3.2233565150363575E-07)}",
        "Reward": "0.6667060684753027",
        "VehiclesAx": "{(EgoVehicle↦-0.009741783142089844),(Vehicles2↦0.04469752311706543),(Vehicles3↦0.01950673758983612),(Vehicles4↦0.05155228078365326),(Vehicles5↦0.008378848433494568)}",
        "VehiclesVx": "{(EgoVehicle↦20.00147819519043),(Vehicles2↦-1.3361120223999023),(Vehicles3↦0.5373608320951462),(Vehicles4↦-1.111089214682579),(Vehicles5↦0.753781795501709)}",
        "VehiclesY": "{(EgoVehicle↦6.499811355809015E-09),(Vehicles2↦8.000000238418579),(Vehicles3↦4.0000001192092896),(Vehicles4↦8.000000238418579),(Vehicles5↦-6.499812688076645E-09)}",
        "VehiclesVy": "{(EgoVehicle↦-1.887802802968963E-08),(Vehicles2↦1.8878019147905434E-08),(Vehicles3↦1.8878019147905434E-08),(Vehicles4↦1.8878019147905434E-08),(Vehicles5↦1.8878019147905434E-08)}",
        "VehiclesX": "{(EgoVehicle↦200.0),(Vehicles2↦-7.364028692245483),(Vehicles3↦19.639384746551514),(Vehicles4↦43.63097846508026),(Vehicles5↦48.53631556034088)}"
      },
      "probabilisticVariables": null,
      "activating": [
        "IDLE_31"
      ],
      "activatingOnlyWhenExecuted": true,
      "updating": null,
      "withPredicate": null
    },
    {
      "id": "IDLE_31",
      "execute": "IDLE",
      "after": "1000",
      "priority": 0,
      "additionalGuards": null,
      "activationKind": null,
      "fixedVariables": {
        "Crash": "FALSE",
        "VehiclesAy": "{(EgoVehicle↦1.77034564785572E-08),(Vehicles2↦-1.77034564785572E-08),(Vehicles3↦-1.77034564785572E-08),(Vehicles4↦-1.77034564785572E-08),(Vehicles5↦2.0052581817253667E-08)}",
        "Reward": "0.6666718553822073",
        "VehiclesAx": "{(EgoVehicle↦-0.0012826919555664062),(Vehicles2↦0.03689467906951904),(Vehicles3↦0.010878704488277435),(Vehicles4↦0.043311044573783875),(Vehicles5↦-9.797513484954834E-05)}",
        "VehiclesVx": "{(EgoVehicle↦20.000195503234863),(Vehicles2↦-1.2992173433303833),(Vehicles3↦0.5482395365834236),(Vehicles4↦-1.0677781701087952),(Vehicles5↦0.7536838203668594)}",
        "VehiclesY": "{(EgoVehicle↦4.044018453441822E-10),(Vehicles2↦8.000000238418579),(Vehicles3↦4.0000001192092896),(Vehicles4↦8.000000238418579),(Vehicles5↦-4.044018453441822E-10)}",
        "VehiclesVy": "{(EgoVehicle↦-1.1745715511324306E-09),(Vehicles2↦1.1745626693482336E-09),(Vehicles3↦1.1745626693482336E-09),(Vehicles4↦1.1745626693482336E-09),(Vehicles5↦1.1745626693482336E-09)}",
        "VehiclesX": "{(EgoVehicle↦200.0),(Vehicles2↦-8.685234934091568),(Vehicles3↦20.181304216384888),(Vehicles4↦42.537400126457214),(Vehicles5↦49.29025173187256)}"
      },
      "probabilisticVariables": null,
      "activating": [
        "IDLE_32"
      ],
      "activatingOnlyWhenExecuted": true,
      "updating": null,
      "withPredicate": null
    },
    {
      "id": "IDLE_32",
      "execute": "IDLE",
      "after": "1000",
      "priority": 0,
      "additionalGuards": null,
      "activationKind": null,
      "fixedVariables": {
        "Crash": "FALSE",
        "VehiclesAy": "{(EgoVehicle↦1.1015011125437013E-09),(Vehicles2↦-1.1014833489753073E-09),(Vehicles3↦-1.1014833489753073E-09),(Vehicles4↦-1.1014833489753073E-09),(Vehicles5↦1.24764198972116E-09)}",
        "Reward": "0.6666673499543099",
        "VehiclesAx": "{(EgoVehicle↦-0.00016927719116210938),(Vehicles2↦0.03629803657531738),(Vehicles3↦0.009599290788173676),(Vehicles4↦0.042184144258499146),(Vehicles5↦-0.001218169927597046)}",
        "VehiclesVx": "{(EgoVehicle↦20.0000262260437),(Vehicles2↦-1.262919306755066),(Vehicles3↦0.5578388273715973),(Vehicles4↦-1.025594025850296),(Vehicles5↦0.7524656504392624)}",
        "VehiclesY": "{(EgoVehicle↦2.5161206451684848E-11),(Vehicles2↦8.000000238418579),(Vehicles3↦4.0000001192092896),(Vehicles4↦8.000000238418579),(Vehicles5↦-2.5162538719314398E-11)}",
        "VehiclesVy": "{(EgoVehicle↦-7.30704385887293E-11),(Vehicles2↦7.30793203729263E-11),(Vehicles3↦7.30793203729263E-11),(Vehicles4↦7.30793203729263E-11),(Vehicles5↦7.30793203729263E-11)}",
        "VehiclesX": "{(EgoVehicle↦200.0),(Vehicles2↦-9.969943016767502),(Vehicles3↦20.73342353105545),(Vehicles4↦41.486528515815735),(Vehicles5↦50.04347562789917)}"
      },
      "probabilisticVariables": null,
      "activating": [
        "IDLE_33"
      ],
      "activatingOnlyWhenExecuted": true,
      "updating": null,
      "withPredicate": null
    },
    {
      "id": "IDLE_33",
      "execute": "IDLE",
      "after": "1000",
      "priority": 0,
      "additionalGuards": null,
      "activationKind": null,
      "fixedVariables": {
        "Crash": "FALSE",
        "VehiclesAy": "{(EgoVehicle↦6.852296507986466E-11),(Vehicles2↦-6.853184686406166E-11),(Vehicles3↦-6.853184686406166E-11),(Vehicles4↦-6.853184686406166E-11),(Vehicles5↦7.762679388179095E-11)}",
        "Reward": "0.6666667566469324",
        "VehiclesAx": "{(EgoVehicle↦-2.384185791015625E-05),(Vehicles2↦1.8300483003258705),(Vehicles3↦-1.5415985137224197),(Vehicles4↦1.7766983807086945),(Vehicles5↦-1.2838779762387276)}",
        "VehiclesVx": "{(EgoVehicle↦20.00000238418579),(Vehicles2↦0.5671289935708046),(Vehicles3↦-0.9837596863508224),(Vehicles4↦0.7511043548583984),(Vehicles5↦-0.5314123257994652)}",
        "VehiclesY": "{(EgoVehicle↦1.5640821970919205E-12),(Vehicles2↦4.0000001192092896),(Vehicles3↦8.000000238418579),(Vehicles4↦-1.5654144647214707E-12),(Vehicles5↦8.000000238418579)}",
        "VehiclesVy": "{(EgoVehicle↦-4.547473508864641E-12),(Vehicles2↦4.547473508864641E-12),(Vehicles3↦4.547473508864641E-12),(Vehicles4↦4.547473508864641E-12),(Vehicles5↦4.547473508864641E-12)}",
        "VehiclesX": "{(EgoVehicle↦200.0),(Vehicles2↦21.29499465227127),(Vehicles3↦40.47769606113434),(Vehicles4↦50.79540014266968),(Vehicles5↦99.4175910949707)}"
      },
      "probabilisticVariables": null,
      "activating": [
        "LANE_RIGHT_34"
      ],
      "activatingOnlyWhenExecuted": true,
      "updating": null,
      "withPredicate": null
    },
    {
      "id": "LANE_RIGHT_34",
      "execute": "LANE_RIGHT",
      "after": "1000",
      "priority": 0,
      "additionalGuards": null,
      "activationKind": null,
      "fixedVariables": {
        "Crash": "FALSE",
        "VehiclesAy": "{(EgoVehicle↦1.145863607530373),(Vehicles2↦-1.145863607530373),(Vehicles3↦-1.145863607530373),(Vehicles4↦-1.145863607530373),(Vehicles5↦-1.145863607521278)}",
        "Reward": "0.7000000000000001",
        "VehiclesAx": "{(EgoVehicle↦-0.03285408020019531),(Vehicles2↦0.041963569819927216),(Vehicles3↦0.0743093341588974),(Vehicles4↦0.03148399293422699),(Vehicles5↦0.08319001644849777)}",
        "VehiclesVx": "{(EgoVehicle↦19.967148303985596),(Vehicles2↦0.6090925633907318),(Vehicles3↦-0.909450352191925),(Vehicles4↦0.7825883477926254),(Vehicles5↦-0.4482223093509674)}",
        "VehiclesY": "{(EgoVehicle↦3.6036994457244873),(Vehicles2↦0.3963004946708679),(Vehicles3↦4.396300435066223),(Vehicles4↦-3.6036994457244873),(Vehicles5↦4.396300435066223)}",
        "VehiclesVy": "{(EgoVehicle↦1.1458636075258255),(Vehicles2↦-1.1458636075258255),(Vehicles3↦-1.1458636075258255),(Vehicles4↦-1.1458636075258255),(Vehicles5↦-1.1458636075258255)}",
        "VehiclesX": "{(EgoVehicle↦200.0),(Vehicles2↦22.25237339735031),(Vehicles3↦39.897146821022034),(Vehicles4↦51.932549476623535),(Vehicles5↦99.29305911064148)}"
      },
      "probabilisticVariables": null,
      "activating": [
        "LANE_RIGHT_35"
      ],
      "activatingOnlyWhenExecuted": true,
      "updating": null,
      "withPredicate": null
    },
    {
      "id": "LANE_RIGHT_35",
      "execute": "LANE_RIGHT",
      "after": "1000",
      "priority": 0,
      "additionalGuards": null,
      "activationKind": null,
      "fixedVariables": {
        "Crash": "FALSE",
        "VehiclesAy": "{(EgoVehicle↦0.0712960958480835),(Vehicles2↦-0.0712960958480835),(Vehicles3↦-0.0712960958480835),(Vehicles4↦-0.0712960958480835),(Vehicles5↦-2.3630233108997345)}",
        "Reward": "0.7333333333333334",
        "VehiclesAx": "{(EgoVehicle↦-0.004220008850097656),(Vehicles2↦0.013171881437301636),(Vehicles3↦0.04519209265708923),(Vehicles4↦0.0028687715530395508),(Vehicles5↦0.05272030830383301)}",
        "VehiclesVx": "{(EgoVehicle↦19.962928295135498),(Vehicles2↦0.6222644448280334),(Vehicles3↦-0.8642582595348358),(Vehicles4↦0.785457119345665),(Vehicles5↦-0.3955020010471344)}",
        "VehiclesY": "{(EgoVehicle↦7.579185962677002),(Vehicles2↦-3.5791858434677124),(Vehicles3↦0.42081400752067566),(Vehicles4↦-7.579185962677002),(Vehicles5↦0.42081400752067566)}",
        "VehiclesVy": "{(EgoVehicle↦1.217159703373909),(Vehicles2↦-1.217159703373909),(Vehicles3↦-1.217159703373909),(Vehicles4↦-1.217159703373909),(Vehicles5↦-1.217159703373909)}",
        "VehiclesX": "{(EgoVehicle↦200.0),(Vehicles2↦23.307476937770844),(Vehicles3↦39.4465446472168),(Vehicles4↦53.15701365470886),(Vehicles5↦99.3067979812622)}"
      },
      "probabilisticVariables": null,
      "activating": [
        "IDLE_36"
      ],
      "activatingOnlyWhenExecuted": true,
      "updating": null,
      "withPredicate": null
    },
    {
      "id": "IDLE_36",
      "execute": "IDLE",
      "after": "1000",
      "priority": 0,
      "additionalGuards": null,
      "activationKind": null,
      "fixedVariables": {
        "Crash": "FALSE",
        "VehiclesAy": "{(EgoVehicle↦-1.140932128764689),(Vehicles2↦1.140932128764689),(Vehicles3↦1.140932128764689),(Vehicles4↦1.140932128764689),(Vehicles5↦-1.293387277983129)}",
        "Reward": "0.7333333333333334",
        "VehiclesAx": "{(EgoVehicle↦0.03692626953125),(Vehicles2↦-0.028127022087574005),(Vehicles3↦0.0034661591053009033),(Vehicles4↦-0.03824979066848755),(Vehicles5↦0.009807571768760681)}",
        "VehiclesVx": "{(EgoVehicle↦19.999854564666748),(Vehicles2↦0.5941374227404594),(Vehicles3↦-0.8607921004295349),(Vehicles4↦0.7472073286771774),(Vehicles5↦-0.3856944292783737)}",
        "VehiclesY": "{(EgoVehicle↦7.973753929138184),(Vehicles2↦-3.9737541675567627),(Vehicles3↦0.026245909743010998),(Vehicles4↦-7.973753929138184),(Vehicles5↦0.026245909743010998)}",
        "VehiclesVy": "{(EgoVehicle↦0.07622757460922003),(Vehicles2↦-0.07622757460922003),(Vehicles3↦-0.07622757460922003),(Vehicles4↦-0.07622757460922003),(Vehicles5↦-0.07622757460922003)}",
        "VehiclesX": "{(EgoVehicle↦200.0),(Vehicles2↦23.90216290950775),(Vehicles3↦38.56738209724426),(Vehicles4↦53.91082763671875),(Vehicles5↦98.89901876449585)}"
      },
      "probabilisticVariables": null,
      "activating": [
        "SLOWER_37"
      ],
      "activatingOnlyWhenExecuted": true,
      "updating": null,
      "withPredicate": null
    },
    {
      "id": "SLOWER_37",
      "execute": "SLOWER",
      "after": "1000",
      "priority": 0,
      "additionalGuards": null,
      "activationKind": null,
      "fixedVariables": {
        "Crash": "FALSE",
        "VehiclesAy": "{(EgoVehicle↦-0.07148448872612789),(Vehicles2↦0.07148448872612789),(Vehicles3↦0.07148448872612789),(Vehicles4↦0.07148448872612789),(Vehicles5↦-0.08097066049231216)}",
        "Reward": "0.7333333333333334",
        "VehiclesAx": "{(EgoVehicle↦0.00014543533325195312),(Vehicles2↦0.008504092693328857),(Vehicles3↦0.03959059715270996),(Vehicles4↦-0.0014353543519973755),(Vehicles5↦0.044892095029354095)}",
        "VehiclesVx": "{(EgoVehicle↦20.0),(Vehicles2↦0.6026415154337883),(Vehicles3↦-0.821201503276825),(Vehicles4↦0.74577197432518),(Vehicles5↦-0.3408023342490196)}",
        "VehiclesY": "{(EgoVehicle↦7.9983673095703125),(Vehicles2↦-3.9983668327331543),(Vehicles3↦0.001633044972550124),(Vehicles4↦-7.9983673095703125),(Vehicles5↦0.001633044972550124)}",
        "VehiclesVy": "{(EgoVehicle↦0.004743085883092135),(Vehicles2↦-0.004743085883092135),(Vehicles3↦-0.004743085883092135),(Vehicles4↦-0.004743085883092135),(Vehicles5↦-0.004743085883092135)}",
        "VehiclesX": "{(EgoVehicle↦200.0),(Vehicles2↦24.499648809432983),(Vehicles3↦37.72241771221161),(Vehicles4↦54.65739369392395),(Vehicles5↦98.53134751319885)}"
      },
      "probabilisticVariables": null,
      "activating": [
        "SLOWER_38"
      ],
      "activatingOnlyWhenExecuted": true,
      "updating": null,
      "withPredicate": null
    },
    {
      "id": "SLOWER_38",
      "execute": "SLOWER",
      "after": "1000",
      "priority": 0,
      "additionalGuards": null,
      "activationKind": null,
      "fixedVariables": {
        "Crash": "FALSE",
        "VehiclesAy": "{(EgoVehicle↦-0.0044479715688794386),(Vehicles2↦0.0044479715688794386),(Vehicles3↦0.0044479715688794386),(Vehicles4↦0.0044479715688794386),(Vehicles5↦-0.005038200197304832)}",
        "Reward": "0.7333333333333334",
        "VehiclesAx": "{(EgoVehicle↦0.0),(Vehicles2↦0.008501037955284119),(Vehicles3↦0.03901958465576172),(Vehicles4↦-0.001252889633178711),(Vehicles5↦0.043410900980234146)}",
        "VehiclesVx": "{(EgoVehicle↦20.0),(Vehicles2↦0.6111425533890724),(Vehicles3↦-0.7821819186210632),(Vehicles4↦0.7445190846920013),(Vehicles5↦-0.2973914332687855)}",
        "VehiclesY": "{(EgoVehicle↦7.999898672103882),(Vehicles2↦-3.9998985528945923),(Vehicles3↦0.00010160787496715784),(Vehicles4↦-7.999898672103882),(Vehicles5↦0.00010160787496715784)}",
        "VehiclesVy": "{(EgoVehicle↦0.0002951143142126966),(Vehicles2↦-0.0002951143142126966),(Vehicles3↦-0.0002951143142126966),(Vehicles4↦-0.0002951143142126966),(Vehicles5↦-0.0002951143142126966)}",
        "VehiclesX": "{(EgoVehicle↦200.0),(Vehicles2↦25.105702877044678),(Vehicles3↦36.916884779930115),(Vehicles4↦55.40266036987305),(Vehicles5↦98.20803999900818)}"
      },
      "probabilisticVariables": null,
      "activating": [
        "LANE_LEFT_39"
      ],
      "activatingOnlyWhenExecuted": true,
      "updating": null,
      "withPredicate": null
    },
    {
      "id": "LANE_LEFT_39",
      "execute": "LANE_LEFT",
      "after": "1000",
      "priority": 0,
      "additionalGuards": null,
      "activationKind": null,
      "fixedVariables": {
        "Crash": "FALSE",
        "VehiclesAy": "{(EgoVehicle↦-1.1461404679175757),(Vehicles2↦1.1461404679175757),(Vehicles3↦1.1461404679175757),(Vehicles4↦1.1461404679175757),(Vehicles5↦1.1455502392891503)}",
        "Reward": "0.7000000000000001",
        "VehiclesAx": "{(EgoVehicle↦-0.03285050392150879),(Vehicles2↦0.041208527982234955),(Vehicles3↦0.07111303508281708),(Vehicles4↦0.03164157271385193),(Vehicles5↦0.0747082382440567)}",
        "VehiclesVx": "{(EgoVehicle↦19.96714949607849),(Vehicles2↦0.6523510813713074),(Vehicles3↦-0.7110688835382462),(Vehicles4↦0.7761606574058533),(Vehicles5↦-0.22268319502472878)}",
        "VehiclesY": "{(EgoVehicle↦4.396294355392456),(Vehicles2↦-0.3962941914796829),(Vehicles3↦3.603705883026123),(Vehicles4↦-4.396294355392456),(Vehicles5↦3.603705883026123)}",
        "VehiclesVy": "{(EgoVehicle↦-1.145845353603363),(Vehicles2↦1.145845353603363),(Vehicles3↦1.145845353603363),(Vehicles4↦1.145845353603363),(Vehicles5↦1.145845353603363)}",
        "VehiclesX": "{(EgoVehicle↦200.0),(Vehicles2↦26.10677182674408),(Vehicles3↦36.53663992881775),(Vehicles4↦56.533265113830566),(Vehicles5↦98.31408262252808)}"
      },
      "probabilisticVariables": null,
      "activating": [
        "LANE_RIGHT_40"
      ],
      "activatingOnlyWhenExecuted": true,
      "updating": null,
      "withPredicate": null
    },
    {
      "id": "LANE_RIGHT_40",
      "execute": "LANE_RIGHT",
      "after": "1000",
      "priority": 0,
      "additionalGuards": null,
      "activationKind": null,
      "fixedVariables": {
        "Crash": "FALSE",
        "VehiclesAy": "{(EgoVehicle↦2.2204260528087616),(Vehicles2↦-2.2204260528087616),(Vehicles3↦-2.2204260528087616),(Vehicles4↦-2.2204260528087616),(Vehicles5↦0.07126465439796448)}",
        "Reward": "0.7333333333333334",
        "VehiclesAx": "{(EgoVehicle↦0.003961324691772461),(Vehicles2↦0.004254281520843506),(Vehicles3↦0.03351129591464996),(Vehicles4↦-0.005124732851982117),(Vehicles5↦0.03641067072749138)}",
        "VehiclesVx": "{(EgoVehicle↦19.971110820770264),(Vehicles2↦0.6566053628921509),(Vehicles3↦-0.6775575876235962),(Vehicles4↦0.7710359245538712),(Vehicles5↦-0.1862725242972374)}",
        "VehiclesY": "{(EgoVehicle↦7.628213167190552),(Vehicles2↦-3.628213047981262),(Vehicles3↦0.37178682535886765),(Vehicles4↦-7.628213167190552),(Vehicles5↦0.37178682535886765)}",
        "VehiclesVy": "{(EgoVehicle↦1.0745806992053986),(Vehicles2↦-1.0745806992053986),(Vehicles3↦-1.0745806992053986),(Vehicles4↦-1.0745806992053986),(Vehicles5↦-1.0745806992053986)}",
        "VehiclesX": "{(EgoVehicle↦200.0),(Vehicles2↦27.038970589637756),(Vehicles3↦36.117175221443176),(Vehicles4↦57.58550763130188),(Vehicles5↦98.3842134475708)}"
      },
      "probabilisticVariables": null,
      "activating": [
        "IDLE_41"
      ],
      "activatingOnlyWhenExecuted": true,
      "updating": null,
      "withPredicate": null
    },
    {
      "id": "IDLE_41",
      "execute": "IDLE",
      "after": "1000",
      "priority": 0,
      "additionalGuards": null,
      "activationKind": null,
      "fixedVariables": {
        "Crash": "FALSE",
        "VehiclesAy": "{(EgoVehicle↦-1.0072035761550069),(Vehicles2↦1.0072035761550069),(Vehicles3↦1.0072035761550069),(Vehicles4↦1.0072035761550069),(Vehicles5↦-1.1419578222557902)}",
        "Reward": "0.7333333333333334",
        "VehiclesAx": "{(EgoVehicle↦0.028775930404663086),(Vehicles2↦-0.02069719135761261),(Vehicles3↦0.007889121770858765),(Vehicles4↦-0.029887929558753967),(Vehicles5↦0.01018056645989418)}",
        "VehiclesVx": "{(EgoVehicle↦19.999886751174927),(Vehicles2↦0.6359081715345383),(Vehicles3↦-0.6696684658527374),(Vehicles4↦0.7411479949951172),(Vehicles5↦-0.17609195783734322)}",
        "VehiclesY": "{(EgoVehicle↦7.976800918579102),(Vehicles2↦-3.9768011569976807),(Vehicles3↦0.02319876104593277),(Vehicles4↦-7.976800918579102),(Vehicles5↦0.02319876104593277)}",
        "VehiclesVy": "{(EgoVehicle↦0.06737712305039167),(Vehicles2↦-0.06737712305039167),(Vehicles3↦-0.06737712305039167),(Vehicles4↦-0.06737712305039167),(Vehicles5↦-0.06737712305039167)}",
        "VehiclesX": "{(EgoVehicle↦200.0),(Vehicles2↦27.674579620361328),(Vehicles3↦35.43011248111725),(Vehicles4↦58.33185315132141),(Vehicles5↦98.18939566612244)}"
      },
      "probabilisticVariables": null,
      "activating": [
        "IDLE_42"
      ],
      "activatingOnlyWhenExecuted": true,
      "updating": null,
      "withPredicate": null
    },
    {
      "id": "IDLE_42",
      "execute": "IDLE",
      "after": "1000",
      "priority": 0,
      "additionalGuards": null,
      "activationKind": null,
      "fixedVariables": {
        "Crash": "FALSE",
        "VehiclesAy": "{(EgoVehicle↦-0.06318469240795821),(Vehicles2↦0.06318469240795821),(Vehicles3↦0.06318469240795821),(Vehicles4↦0.06318469240795821),(Vehicles5↦-0.07156955369282514)}",
        "Reward": "0.7333333333333334",
        "VehiclesAx": "{(EgoVehicle↦0.00011324882507324219),(Vehicles2↦0.00782996416091919),(Vehicles3↦0.03573112189769745),(Vehicles4↦-0.0011726468801498413),(Vehicles5↦0.03749159164726734)}",
        "VehiclesVx": "{(EgoVehicle↦20.0),(Vehicles2↦0.6437381356954575),(Vehicles3↦-0.63393734395504),(Vehicles4↦0.7399753481149673),(Vehicles5↦-0.13860036619007587)}",
        "VehiclesY": "{(EgoVehicle↦7.998556852340698),(Vehicles2↦-3.99855637550354),(Vehicles3↦0.0014434544427786022),(Vehicles4↦-7.998556852340698),(Vehicles5↦0.0014434544427786022)}",
        "VehiclesVy": "{(EgoVehicle↦0.0041924306424334645),(Vehicles2↦-0.0041924306424334645),(Vehicles3↦-0.0041924306424334645),(Vehicles4↦-0.0041924306424334645),(Vehicles5↦-0.0041924306424334645)}",
        "VehiclesX": "{(EgoVehicle↦200.0),(Vehicles2↦28.31358015537262),(Vehicles3↦34.77475047111511),(Vehicles4↦59.072476625442505),(Vehicles5↦98.02835583686829)}"
      },
      "probabilisticVariables": null,
      "activating": [
        "LANE_LEFT_43"
      ],
      "activatingOnlyWhenExecuted": true,
      "updating": null,
      "withPredicate": null
    },
    {
      "id": "LANE_LEFT_43",
      "execute": "LANE_LEFT",
      "after": "1000",
      "priority": 0,
      "additionalGuards": null,
      "activationKind": null,
      "fixedVariables": {
        "Crash": "FALSE",
        "VehiclesAy": "{(EgoVehicle↦-1.149796981480904),(Vehicles2↦1.149796981480904),(Vehicles3↦1.149796981480904),(Vehicles4↦1.149796981480904),(Vehicles5↦1.141412120196037)}",
        "Reward": "0.7000000000000001",
        "VehiclesAx": "{(EgoVehicle↦-0.0328373908996582),(Vehicles2↦0.040647611021995544),(Vehicles3↦0.06785593926906586),(Vehicles4↦0.03183238208293915),(Vehicles5↦0.06915272679179907)}",
        "VehiclesVx": "{(EgoVehicle↦19.967162609100342),(Vehicles2↦0.684385746717453),(Vehicles3↦-0.5660814046859741),(Vehicles4↦0.7718077301979065),(Vehicles5↦-0.0694476393982768)}",
        "VehiclesY": "{(EgoVehicle↦4.396211385726929),(Vehicles2↦-0.3962114006280899),(Vehicles3↦3.6037884950637817),(Vehicles4↦-4.396211385726929),(Vehicles5↦3.6037884950637817)}",
        "VehiclesVy": "{(EgoVehicle↦-1.1456045508384705),(Vehicles2↦1.1456045508384705),(Vehicles3↦1.1456045508384705),(Vehicles4↦1.1456045508384705),(Vehicles5↦1.1456045508384705)}",
        "VehiclesX": "{(EgoVehicle↦200.0),(Vehicles2↦29.34674620628357),(Vehicles3↦34.54117774963379),(Vehicles4↦60.1983368396759),(Vehicles5↦98.29067587852478)}"
      },
      "probabilisticVariables": null,
      "activating": [
        "IDLE_44"
      ],
      "activatingOnlyWhenExecuted": true,
      "updating": null,
      "withPredicate": null
    },
    {
      "id": "IDLE_44",
      "execute": "IDLE",
      "after": "1000",
      "priority": 0,
      "additionalGuards": null,
      "activationKind": null,
      "fixedVariables": {
        "Crash": "FALSE",
        "VehiclesAy": "{(EgoVehicle↦1.0738179367035627),(Vehicles2↦-1.0738179367035627),(Vehicles3↦-1.0738179367035627),(Vehicles4↦-1.0738179367035627),(Vehicles5↦1.2173911649733782)}",
        "Reward": "0.7000000000000001",
        "VehiclesAx": "{(EgoVehicle↦0.03270864486694336),(Vehicles2↦-0.025026947259902954),(Vehicles3↦0.0014866888523101807),(Vehicles4↦-0.03365553915500641),(Vehicles5↦0.002378779463469982)}",
        "VehiclesVx": "{(EgoVehicle↦19.999871253967285),(Vehicles2↦0.65935879945755),(Vehicles3↦-0.5645947158336639),(Vehicles4↦0.7381521910429001),(Vehicles5↦-0.06706885993480682)}",
        "VehiclesY": "{(EgoVehicle↦4.024716854095459),(Vehicles2↦-0.02471692208200693),(Vehicles3↦3.9752830266952515),(Vehicles4↦-4.024716854095459),(Vehicles5↦3.9752830266952515)}",
        "VehiclesVy": "{(EgoVehicle↦-0.07178661413490772),(Vehicles2↦0.07178661413490772),(Vehicles3↦0.07178661413490772),(Vehicles4↦0.07178661413490772),(Vehicles5↦0.07178661413490772)}",
        "VehiclesX": "{(EgoVehicle↦200.0),(Vehicles2↦30.006659030914307),(Vehicles3↦33.96128714084625),(Vehicles4↦60.942208766937256),(Vehicles5↦98.20780754089355)}"
      },
      "probabilisticVariables": null,
      "activating": [
        "IDLE_45"
      ],
      "activatingOnlyWhenExecuted": true,
      "updating": null,
      "withPredicate": null
    },
    {
      "id": "IDLE_45",
      "execute": "IDLE",
      "after": "1000",
      "priority": 0,
      "additionalGuards": null,
      "activationKind": null,
      "fixedVariables": {
        "Crash": "FALSE",
        "VehiclesAy": "{(EgoVehicle↦0.06731983419740573),(Vehicles2↦-0.06731983419740573),(Vehicles3↦-0.06731983419740573),(Vehicles4↦-0.06731983419740573),(Vehicles5↦0.07625339407240972)}",
        "Reward": "0.7000000000000001",
        "VehiclesAx": "{(EgoVehicle↦0.00012874603271484375),(Vehicles2↦0.007426515221595764),(Vehicles3↦0.033248066902160645),(Vehicles4↦-0.0010167807340621948),(Vehicles5↦0.03378703026100993)}",
        "VehiclesVx": "{(EgoVehicle↦20.0),(Vehicles2↦0.6667853146791458),(Vehicles3↦-0.5313466489315033),(Vehicles4↦0.7371354103088379),(Vehicles5↦-0.03328182967379689)}",
        "VehiclesY": "{(EgoVehicle↦4.001537919044495),(Vehicles2↦-0.0015379128162749112),(Vehicles3↦3.998461961746216),(Vehicles4↦-4.001537919044495),(Vehicles5↦3.998461961746216)}",
        "VehiclesVy": "{(EgoVehicle↦-0.004466779937501997),(Vehicles2↦0.004466779937501997),(Vehicles3↦0.004466779937501997),(Vehicles4↦0.004466779937501997),(Vehicles5↦0.004466779937501997)}",
        "VehiclesX": "{(EgoVehicle↦200.0),(Vehicles2↦30.668941140174866),(Vehicles3↦33.410000801086426),(Vehicles4↦61.67989373207092),(Vehicles5↦98.15428256988525)}"
      },
      "probabilisticVariables": null,
      "activating": [
        "IDLE_46"
      ],
      "activatingOnlyWhenExecuted": true,
      "updating": null,
      "withPredicate": null
    },
    {
      "id": "IDLE_46",
      "execute": "IDLE",
      "after": "1000",
      "priority": 0,
      "additionalGuards": null,
      "activationKind": null,
      "fixedVariables": {
        "Crash": "FALSE",
        "VehiclesAy": "{(EgoVehicle↦0.004188857328699669),(Vehicles2↦-0.004188857328699669),(Vehicles3↦-0.004188857328699669),(Vehicles4↦-0.004188857328699669),(Vehicles5↦0.004744702546304325)}",
        "Reward": "0.7000000000000001",
        "VehiclesAx": "{(EgoVehicle↦0.0),(Vehicles2↦0.007430538535118103),(Vehicles3↦0.0325663760304451),(Vehicles4↦-0.0008291006088256836),(Vehicles5↦0.03279727283370448)}",
        "VehiclesVx": "{(EgoVehicle↦20.0),(Vehicles2↦0.6742158532142639),(Vehicles3↦-0.4987802729010582),(Vehicles4↦0.7363063097000122),(Vehicles5↦-0.0004845568400924094)}",
        "VehiclesY": "{(EgoVehicle↦4.00009560585022),(Vehicles2↦-9.56887670326978E-05),(Vehicles3↦3.9999042749404907),(Vehicles4↦-4.00009560585022),(Vehicles5↦3.9999042749404907)}",
        "VehiclesVy": "{(EgoVehicle↦-0.0002779226088023279),(Vehicles2↦0.0002779226088023279),(Vehicles3↦0.0002779226088023279),(Vehicles4↦0.0002779226088023279),(Vehicles5↦0.0002779226088023279)}",
        "VehiclesX": "{(EgoVehicle↦200.0),(Vehicles2↦31.338709592819214),(Vehicles3↦32.89174437522888),(Vehicles4↦62.41669058799744),(Vehicles5↦98.1342077255249)}"
      },
      "probabilisticVariables": null,
      "activating": [
        "IDLE_47"
      ],
      "activatingOnlyWhenExecuted": true,
      "updating": null,
      "withPredicate": null
    },
    {
      "id": "IDLE_47",
      "execute": "IDLE",
      "after": "1000",
      "priority": 0,
      "additionalGuards": null,
      "activationKind": null,
      "fixedVariables": {
        "Crash": "FALSE",
        "VehiclesAy": "{(EgoVehicle↦0.00026063029849865416),(Vehicles2↦-0.00026063029849865416),(Vehicles3↦-0.00026063029849865416),(Vehicles4↦-0.00026063029849865416),(Vehicles5↦0.0002952149191060016)}",
        "Reward": "0.7000000000000001",
        "VehiclesAx": "{(EgoVehicle↦0.0),(Vehicles2↦0.007310062646865845),(Vehicles3↦0.031769201159477234),(Vehicles4↦-0.0007677078247070312),(Vehicles5↦0.03173159569996642)}",
        "VehiclesVx": "{(EgoVehicle↦20.0),(Vehicles2↦0.6815259158611298),(Vehicles3↦-0.46701107174158096),(Vehicles4↦0.7355386018753052),(Vehicles5↦0.03124703885987401)}",
        "VehiclesY": "{(EgoVehicle↦4.000005841255188),(Vehicles2↦-5.9537433116929606E-06),(Vehicles3↦3.9999940395355225),(Vehicles4↦-4.000005841255188),(Vehicles5↦3.9999940395355225)}",
        "VehiclesVy": "{(EgoVehicle↦-1.729231030367373E-05),(Vehicles2↦1.729231030367373E-05),(Vehicles3↦1.729231030367373E-05),(Vehicles4↦1.729231030367373E-05),(Vehicles5↦1.729231030367373E-05)}",
        "VehiclesX": "{(EgoVehicle↦200.0),(Vehicles2↦32.015860080718994),(Vehicles3↦32.405734062194824),(Vehicles4↦63.15268874168396),(Vehicles5↦98.14649820327759)}"
      },
      "probabilisticVariables": null,
      "activating": [
        "IDLE_48"
      ],
      "activatingOnlyWhenExecuted": true,
      "updating": null,
      "withPredicate": null
    },
    {
      "id": "IDLE_48",
      "execute": "IDLE",
      "after": "1000",
      "priority": 0,
      "additionalGuards": null,
      "activationKind": null,
      "fixedVariables": {
        "Crash": "FALSE",
        "VehiclesAy": "{(EgoVehicle↦1.6216384821632346E-05),(Vehicles2↦-1.621638489268662E-05),(Vehicles3↦-1.621638489268662E-05),(Vehicles4↦-1.621638489268662E-05),(Vehicles5↦1.836823571466084E-05)}",
        "Reward": "0.7000000000000001",
        "VehiclesAx": "{(EgoVehicle↦0.0),(Vehicles2↦-1.117551364004612),(Vehicles3↦1.1557285860180855),(Vehicles4↦-0.0007062405347824097),(Vehicles5↦0.030714154709130526)}",
        "VehiclesVx": "{(EgoVehicle↦20.0),(Vehicles2↦-0.4360254481434822),(Vehicles3↦0.6887175142765045),(Vehicles4↦0.7348323613405228),(Vehicles5↦0.061961193569004536)}",
        "VehiclesY": "{(EgoVehicle↦4.000000476837158),(Vehicles2↦3.999999761581421),(Vehicles3↦-3.7044117107143393E-07),(Vehicles4↦-4.000000476837158),(Vehicles5↦3.999999761581421)}",
        "VehiclesVy": "{(EgoVehicle↦-1.0759254820413844E-06),(Vehicles2↦1.0759254109871108E-06),(Vehicles3↦1.0759254109871108E-06),(Vehicles4↦1.0759254109871108E-06),(Vehicles5↦1.0759254109871108E-06)}",
        "VehiclesX": "{(EgoVehicle↦200.0),(Vehicles2↦31.95118010044098),(Vehicles3↦32.70027041435242),(Vehicles4↦63.88793587684631),(Vehicles5↦98.19011092185974)}"
      },
      "probabilisticVariables": null,
      "activating": [
        "IDLE_49"
      ],
      "activatingOnlyWhenExecuted": true,
      "updating": null,
      "withPredicate": null
    },
    {
      "id": "IDLE_49",
      "execute": "IDLE",
      "after": "1000",
      "priority": 0,
      "additionalGuards": null,
      "activationKind": null,
      "fixedVariables": {
        "Crash": "FALSE",
        "VehiclesAy": "{(EgoVehicle↦1.008981538319631E-06),(Vehicles2↦-1.0089814672653574E-06),(Vehicles3↦-1.0089814672653574E-06),(Vehicles4↦-1.0089814672653574E-06),(Vehicles5↦1.1428693547088642E-06)}",
        "Reward": "0.7000000000000001",
        "VehiclesAx": "{(EgoVehicle↦0.0),(Vehicles2↦0.030217841267585754),(Vehicles3↦0.007075965404510498),(Vehicles4↦-0.0006443262100219727),(Vehicles5↦0.02974285278469324)}",
        "VehiclesVx": "{(EgoVehicle↦20.0),(Vehicles2↦-0.40580760687589645),(Vehicles3↦0.695793479681015),(Vehicles4↦0.7341880351305008),(Vehicles5↦0.09170404635369778)}",
        "VehiclesY": "{(EgoVehicle↦4.0000001192092896),(Vehicles2↦4.0000001192092896),(Vehicles3↦-2.3048805530834215E-08),(Vehicles4↦-4.0000001192092896),(Vehicles5↦4.0000001192092896)}",
        "VehiclesVy": "{(EgoVehicle↦-6.694394372175339E-08),(Vehicles2↦6.694394372175339E-08),(Vehicles3↦6.694394372175339E-08),(Vehicles4↦6.694394372175339E-08),(Vehicles5↦6.694394372175339E-08)}",
        "VehiclesX": "{(EgoVehicle↦200.0),(Vehicles2↦31.52730166912079),(Vehicles3↦33.39182734489441),(Vehicles4↦64.6225094795227),(Vehicles5↦98.26404452323914)}"
      },
      "probabilisticVariables": null,
      "activating": [
        "IDLE_50"
      ],
      "activatingOnlyWhenExecuted": true,
      "updating": null,
      "withPredicate": null
    },
    {
      "id": "IDLE_50",
      "execute": "IDLE",
      "after": "1000",
      "priority": 0,
      "additionalGuards": null,
      "activationKind": null,
      "fixedVariables": {
        "Crash": "FALSE",
        "VehiclesAy": "{(EgoVehicle↦6.277869779580669E-08),(Vehicles2↦-6.277870667759089E-08),(Vehicles3↦-6.277870667759089E-08),(Vehicles4↦-6.277870667759089E-08),(Vehicles5↦7.110918076591588E-08)}",
        "Reward": "0.7000000000000001",
        "VehiclesAx": "{(EgoVehicle↦0.0),(Vehicles2↦0.029467158019542694),(Vehicles3↦0.006962716579437256),(Vehicles4↦-0.0005822628736495972),(Vehicles5↦0.02881523221731186)}",
        "VehiclesVx": "{(EgoVehicle↦20.0),(Vehicles2↦-0.37634044885635376),(Vehicles3↦0.7027561962604523),(Vehicles4↦0.7336057722568512),(Vehicles5↦0.12051927857100964)}",
        "VehiclesY": "{(EgoVehicle↦4.0000001192092896),(Vehicles2↦4.0000001192092896),(Vehicles3↦-1.4340941767443383E-09),(Vehicles4↦-4.0000001192092896),(Vehicles5↦4.0000001192092896)}",
        "VehiclesVy": "{(EgoVehicle↦-4.165245925946692E-09),(Vehicles2↦4.165237044162495E-09),(Vehicles3↦4.165237044162495E-09),(Vehicles4↦4.165237044162495E-09),(Vehicles5↦4.165237044162495E-09)}",
        "VehiclesX": "{(EgoVehicle↦200.0),(Vehicles2↦31.133341789245605),(Vehicles3↦34.09041464328766),(Vehicles4↦65.35645723342896),(Vehicles5↦98.36735129356384)}"
      },
      "probabilisticVariables": null,
      "activating": [
        "IDLE_51"
      ],
      "activatingOnlyWhenExecuted": true,
      "updating": null,
      "withPredicate": null
    },
    {
      "id": "IDLE_51",
      "execute": "IDLE",
      "after": "1000",
      "priority": 0,
      "additionalGuards": null,
      "activationKind": null,
      "fixedVariables": {
        "Crash": "FALSE",
        "VehiclesAy": "{(EgoVehicle↦3.906084344862393E-09),(Vehicles2↦-3.906066581293999E-09),(Vehicles3↦-3.906066581293999E-09),(Vehicles4↦-3.906066581293999E-09),(Vehicles5↦4.424407507030992E-09)}",
        "Reward": "0.7000000000000001",
        "VehiclesAx": "{(EgoVehicle↦0.0),(Vehicles2↦0.02873435616493225),(Vehicles3↦0.006852149963378906),(Vehicles4↦-0.0005201250314712524),(Vehicles5↦0.0279289111495018)}",
        "VehiclesVx": "{(EgoVehicle↦20.0),(Vehicles2↦-0.3476060926914215),(Vehicles3↦0.7096083462238312),(Vehicles4↦0.7330856472253799),(Vehicles5↦0.14844818972051144)}",
        "VehiclesY": "{(EgoVehicle↦4.0000001192092896),(Vehicles2↦4.0000001192092896),(Vehicles3↦-8.922995675675338E-11),(Vehicles4↦-4.0000001192092896),(Vehicles5↦4.0000001192092896)}",
        "VehiclesVy": "{(EgoVehicle↦-2.5916158108429954E-10),(Vehicles2↦2.5917046286849654E-10),(Vehicles3↦2.5917046286849654E-10),(Vehicles4↦2.5917046286849654E-10),(Vehicles5↦2.5917046286849654E-10)}",
        "VehiclesX": "{(EgoVehicle↦200.0),(Vehicles2↦30.7685524225235),(Vehicles3↦34.79592204093933),(Vehicles4↦66.0898506641388),(Vehicles5↦98.49910736083984)}"
      },
      "probabilisticVariables": null,
      "activating": [
        "IDLE_52"
      ],
      "activatingOnlyWhenExecuted": true,
      "updating": null,
      "withPredicate": null
    },
    {
      "id": "IDLE_52",
      "execute": "IDLE",
      "after": "1000",
      "priority": 0,
      "additionalGuards": null,
      "activationKind": null,
      "fixedVariables": {
        "Crash": "FALSE",
        "VehiclesAy": "{(EgoVehicle↦2.4303226098254527E-10),(Vehicles2↦-2.4305890633513627E-10),(Vehicles3↦-2.4304114276674227E-10),(Vehicles4↦-2.4304114276674227E-10),(Vehicles5↦2.752997829702508E-10)}",
        "Reward": "0.7000000000000001",
        "VehiclesAx": "{(EgoVehicle↦0.0),(Vehicles2↦0.028020106256008148),(Vehicles3↦0.006743893027305603),(Vehicles4↦-0.00045806169509887695),(Vehicles5↦0.027081677690148354)}",
        "VehiclesVx": "{(EgoVehicle↦20.0),(Vehicles2↦-0.31958598643541336),(Vehicles3↦0.7163522392511368),(Vehicles4↦0.7326275855302811),(Vehicles5↦0.1755298674106598)}",
        "VehiclesY": "{(EgoVehicle↦4.0000001192092896),(Vehicles2↦4.0000001192092896),(Vehicles3↦-5.552891479965183E-12),(Vehicles4↦-4.0000001192092896),(Vehicles5↦4.0000001192092896)}",
        "VehiclesVy": "{(EgoVehicle↦-1.6129320101754274E-11),(Vehicles2↦1.6111556533360272E-11),(Vehicles3↦1.6129320101754274E-11),(Vehicles4↦1.6129320101754274E-11),(Vehicles5↦1.6129320101754274E-11)}",
        "VehiclesX": "{(EgoVehicle↦200.0),(Vehicles2↦30.432209372520447),(Vehicles3↦35.50823628902435),(Vehicles4↦66.822749376297),(Vehicles5↦98.65845441818237)}"
      },
      "probabilisticVariables": null,
      "activating": [
        "IDLE_53"
      ],
      "activatingOnlyWhenExecuted": true,
      "updating": null,
      "withPredicate": null
    },
    {
      "id": "IDLE_53",
      "execute": "IDLE",
      "after": "1000",
      "priority": 0,
      "additionalGuards": null,
      "activationKind": null,
      "fixedVariables": {
        "Crash": "FALSE",
        "VehiclesAy": "{(EgoVehicle↦1.511679670329613E-11),(Vehicles2↦-1.509903313490213E-11),(Vehicles3↦-1.511679670329613E-11),(Vehicles4↦-1.511679670329613E-11),(Vehicles5↦1.7141843500212417E-11)}",
        "Reward": "0.7000000000000001",
        "VehiclesAx": "{(EgoVehicle↦0.0),(Vehicles2↦0.02732483670115471),(Vehicles3↦0.006638243794441223),(Vehicles4↦-0.00039637088775634766),(Vehicles5↦0.026271436363458633)}",
        "VehiclesVx": "{(EgoVehicle↦20.0),(Vehicles2↦-0.29226114973425865),(Vehicles3↦0.722990483045578),(Vehicles4↦0.7322312146425247),(Vehicles5↦0.20180130377411842)}",
        "VehiclesY": "{(EgoVehicle↦4.0000001192092896),(Vehicles2↦4.0000001192092896),(Vehicles3↦-3.4505731605349865E-13),(Vehicles4↦-4.0000001192092896),(Vehicles5↦4.0000001192092896)}",
        "VehiclesVy": "{(EgoVehicle↦-1.0125233984581428E-12),(Vehicles2↦1.0125233984581428E-12),(Vehicles3↦1.0125233984581428E-12),(Vehicles4↦1.0125233984581428E-12),(Vehicles5↦1.0125233984581428E-12)}",
        "VehiclesX": "{(EgoVehicle↦200.0),(Vehicles2↦30.1236093044281),(Vehicles3↦36.22725307941437),(Vehicles4↦67.55521297454834),(Vehicles5↦98.84455800056458)}"
      },
      "probabilisticVariables": null,
      "activating": [
        "IDLE_54"
      ],
      "activatingOnlyWhenExecuted": true,
      "updating": null,
      "withPredicate": null
    },
    {
      "id": "IDLE_54",
      "execute": "IDLE",
      "after": "1000",
      "priority": 0,
      "additionalGuards": null,
      "activationKind": null,
      "fixedVariables": {
        "Crash": "FALSE",
        "VehiclesAy": "{(EgoVehicle↦9.414691248821327E-13),(Vehicles2↦-9.592326932761353E-13),(Vehicles3↦-9.414691248821327E-13),(Vehicles4↦-9.414691248821327E-13),(Vehicles5↦1.0835776720341528E-12)}",
        "Reward": "0.7000000000000001",
        "VehiclesAx": "{(EgoVehicle↦0.0),(Vehicles2↦0.026648640632629395),(Vehicles3↦0.006534755229949951),(Vehicles4↦-0.0003349781036376953),(Vehicles5↦0.025496147572994232)}",
        "VehiclesVx": "{(EgoVehicle↦20.0),(Vehicles2↦-0.26561250910162926),(Vehicles3↦0.729525238275528),(Vehicles4↦0.731896236538887),(Vehicles5↦0.22729745134711266)}",
        "VehiclesY": "{(EgoVehicle↦4.0000001192092896),(Vehicles2↦4.0000001192092896),(Vehicles3↦-2.1316282072803006E-14),(Vehicles4↦-4.0000001192092896),(Vehicles5↦4.0000001192092896)}",
        "VehiclesVy": "{(EgoVehicle↦-7.105427357601002E-14),(Vehicles2↦5.3290705182007514E-14),(Vehicles3↦7.105427357601002E-14),(Vehicles4↦7.105427357601002E-14),(Vehicles5↦7.105427357601002E-14)}",
        "VehiclesX": "{(EgoVehicle↦200.0),(Vehicles2↦29.842060804367065),(Vehicles3↦36.95286512374878),(Vehicles4↦68.2873010635376),(Vehicles5↦99.05661940574646)}"
      },
      "probabilisticVariables": null,
      "activating": [
        "IDLE_55"
      ],
      "activatingOnlyWhenExecuted": true,
      "updating": null,
      "withPredicate": null
    },
    {
      "id": "IDLE_55",
      "execute": "IDLE",
      "after": "1000",
      "priority": 0,
      "additionalGuards": null,
      "activationKind": null,
      "fixedVariables": {
        "Crash": "FALSE",
        "VehiclesAy": "{(EgoVehicle↦7.105427357601002E-14),(Vehicles2↦-5.3290705182007514E-14),(Vehicles3↦-7.105427357601002E-14),(Vehicles4↦-7.105427357601002E-14),(Vehicles5↦7.105427357601002E-14)}",
        "Reward": "0.7000000000000001",
        "VehiclesAx": "{(EgoVehicle↦0.0),(Vehicles2↦0.02599155530333519),(Vehicles3↦0.006433725357055664),(Vehicles4↦-0.0002741813659667969),(Vehicles5↦0.02475399523973465)}",
        "VehiclesVx": "{(EgoVehicle↦20.0),(Vehicles2↦-0.23962095379829407),(Vehicles3↦0.7359589636325836),(Vehicles4↦0.7316220551729202),(Vehicles5↦0.2520514465868473)}",
        "VehiclesY": "{(EgoVehicle↦4.0000001192092896),(Vehicles2↦4.0000001192092896),(Vehicles3↦-1.3322676295501878E-15),(Vehicles4↦-4.0000001192092896),(Vehicles5↦4.0000001192092896)}",
        "VehiclesVy": "{(EgoVehicle↦0.0),(Vehicles2↦0.0),(Vehicles3↦0.0),(Vehicles4↦0.0),(Vehicles5↦0.0)}",
        "VehiclesX": "{(EgoVehicle↦200.0),(Vehicles2↦29.586896300315857),(Vehicles3↦37.68497109413147),(Vehicles4↦69.0190851688385),(Vehicles5↦99.2938756942749)}"
      },
      "probabilisticVariables": null,
      "activating": [
        "IDLE_56"
      ],
      "activatingOnlyWhenExecuted": true,
      "updating": null,
      "withPredicate": null
    },
    {
      "id": "IDLE_56",
      "execute": "IDLE",
      "after": "1000",
      "priority": 0,
      "additionalGuards": null,
      "activationKind": null,
      "fixedVariables": {
        "Crash": "FALSE",
        "VehiclesAy": "{(EgoVehicle↦0.0),(Vehicles2↦0.0),(Vehicles3↦0.0),(Vehicles4↦0.0),(Vehicles5↦0.0)}",
        "Reward": "0.7000000000000001",
        "VehiclesAx": "{(EgoVehicle↦0.0),(Vehicles2↦0.025353506207466125),(Vehicles3↦0.006334856152534485),(Vehicles4↦-0.00021398067474365234),(Vehicles5↦0.02404315397143364)}",
        "VehiclesVx": "{(EgoVehicle↦20.0),(Vehicles2↦-0.21426744759082794),(Vehicles3↦0.7422938197851181),(Vehicles4↦0.7314080744981766),(Vehicles5↦0.27609460055828094)}",
        "VehiclesY": "{(EgoVehicle↦4.0000001192092896),(Vehicles2↦4.0000001192092896),(Vehicles3↦-1.3322676295501878E-15),(Vehicles4↦-4.0000001192092896),(Vehicles5↦4.0000001192092896)}",
        "VehiclesVy": "{(EgoVehicle↦0.0),(Vehicles2↦0.0),(Vehicles3↦0.0),(Vehicles4↦0.0),(Vehicles5↦0.0)}",
        "VehiclesX": "{(EgoVehicle↦200.0),(Vehicles2↦29.357466101646423),(Vehicles3↦38.42347264289856),(Vehicles4↦69.75061893463135),(Vehicles5↦99.55559968948364)}"
      },
      "probabilisticVariables": null,
      "activating": [
        "IDLE_57"
      ],
      "activatingOnlyWhenExecuted": true,
      "updating": null,
      "withPredicate": null
    },
    {
      "id": "IDLE_57",
      "execute": "IDLE",
      "after": "1000",
      "priority": 0,
      "additionalGuards": null,
      "activationKind": null,
      "fixedVariables": {
        "Crash": "FALSE",
        "VehiclesAy": "{(EgoVehicle↦0.0),(Vehicles2↦0.0),(Vehicles3↦0.0),(Vehicles4↦0.0),(Vehicles5↦0.0)}",
        "Reward": "0.7000000000000001",
        "VehiclesAx": "{(EgoVehicle↦0.0),(Vehicles2↦0.024734269827604294),(Vehicles3↦0.006238222122192383),(Vehicles4↦-0.00015445053577423096),(Vehicles5↦0.02336198464035988)}",
        "VehiclesVx": "{(EgoVehicle↦20.0),(Vehicles2↦-0.18953317776322365),(Vehicles3↦0.7485320419073105),(Vehicles4↦0.7312536239624023),(Vehicles5↦0.2994565851986408)}",
        "VehiclesY": "{(EgoVehicle↦4.0000001192092896),(Vehicles2↦4.0000001192092896),(Vehicles3↦-1.3322676295501878E-15),(Vehicles4↦-4.0000001192092896),(Vehicles5↦4.0000001192092896)}",
        "VehiclesVy": "{(EgoVehicle↦0.0),(Vehicles2↦0.0),(Vehicles3↦0.0),(Vehicles4↦0.0),(Vehicles5↦0.0)}",
        "VehiclesX": "{(EgoVehicle↦200.0),(Vehicles2↦29.153141379356384),(Vehicles3↦39.16826844215393),(Vehicles4↦70.48195600509644),(Vehicles5↦99.84109401702881)}"
      },
      "probabilisticVariables": null,
      "activating": [
        "IDLE_58"
      ],
      "activatingOnlyWhenExecuted": true,
      "updating": null,
      "withPredicate": null
    },
    {
      "id": "IDLE_58",
      "execute": "IDLE",
      "after": "1000",
      "priority": 0,
      "additionalGuards": null,
      "activationKind": null,
      "fixedVariables": {
        "Crash": "FALSE",
        "VehiclesAy": "{(EgoVehicle↦0.0),(Vehicles2↦0.0),(Vehicles3↦0.0),(Vehicles4↦0.0),(Vehicles5↦-1.9808237254619598)}",
        "Reward": "0.7000000000000001",
        "VehiclesAx": "{(EgoVehicle↦0.0),(Vehicles2↦-0.023599285632371902),(Vehicles3↦-0.4584375210106373),(Vehicles4↦-9.573996067047119E-05),(Vehicles5↦-0.09166190400719643)}",
        "VehiclesVx": "{(EgoVehicle↦20.0),(Vehicles2↦-0.21313246339559555),(Vehicles3↦0.2900945208966732),(Vehicles4↦0.7311578840017319),(Vehicles5↦0.2077946811914444)}",
        "VehiclesY": "{(EgoVehicle↦4.0000001192092896),(Vehicles2↦4.0000001192092896),(Vehicles3↦-1.3322676295501878E-15),(Vehicles4↦-4.0000001192092896),(Vehicles5↦0.6862315535545349)}",
        "VehiclesVy": "{(EgoVehicle↦0.0),(Vehicles2↦0.0),(Vehicles3↦0.0),(Vehicles4↦0.0),(Vehicles5↦-1.9808237254619598)}",
        "VehiclesX": "{(EgoVehicle↦200.0),(Vehicles2↦28.959012031555176),(Vehicles3↦39.86751437187195),(Vehicles4↦71.2131679058075),(Vehicles5↦99.75733160972595)}"
      },
      "probabilisticVariables": null,
      "activating": [
        "IDLE_59"
      ],
      "activatingOnlyWhenExecuted": true,
      "updating": null,
      "withPredicate": null
    },
    {
      "id": "IDLE_59",
      "execute": "IDLE",
      "after": "1000",
      "priority": 0,
      "additionalGuards": null,
      "activationKind": null,
      "fixedVariables": {
        "Crash": "FALSE",
        "VehiclesAy": "{(EgoVehicle↦0.0),(Vehicles2↦0.0),(Vehicles3↦0.0),(Vehicles4↦0.0),(Vehicles5↦-2.1016635093837976)}",
        "Reward": "0.7000000000000001",
        "VehiclesAx": "{(EgoVehicle↦0.0),(Vehicles2↦0.5393482744693756),(Vehicles3↦-0.6061840988695621),(Vehicles4↦-3.784894943237305E-05),(Vehicles5↦0.3306972235441208)}",
        "VehiclesVx": "{(EgoVehicle↦20.0),(Vehicles2↦0.32621581107378006),(Vehicles3↦-0.31608957797288895),(Vehicles4↦0.7311200350522995),(Vehicles5↦0.5384919047355652)}",
        "VehiclesY": "{(EgoVehicle↦4.0000001192092896),(Vehicles2↦4.0000001192092896),(Vehicles3↦-1.3322676295501878E-15),(Vehicles4↦-4.0000001192092896),(Vehicles5↦0.04104291647672653)}",
        "VehiclesVy": "{(EgoVehicle↦0.0),(Vehicles2↦0.0),(Vehicles3↦0.0),(Vehicles4↦0.0),(Vehicles5↦-0.1208397839218378)}",
        "VehiclesX": "{(EgoVehicle↦200.0),(Vehicles2↦28.985291719436646),(Vehicles3↦39.873602986335754),(Vehicles4↦71.94430828094482),(Vehicles5↦100.14673471450806)}"
      },
      "probabilisticVariables": null,
      "activating": [
        "LANE_RIGHT_60"
      ],
      "activatingOnlyWhenExecuted": true,
      "updating": null,
      "withPredicate": null
    },
    {
      "id": "LANE_RIGHT_60",
      "execute": "LANE_RIGHT",
      "after": "1000",
      "priority": 0,
      "additionalGuards": null,
      "activationKind": null,
      "fixedVariables": {
        "Crash": "FALSE",
        "VehiclesAy": "{(EgoVehicle↦1.1458635330200195),(Vehicles2↦-1.1458635330200195),(Vehicles3↦-1.1458635330200195),(Vehicles4↦-1.1458635330200195),(Vehicles5↦-1.2667033169418573)}",
        "Reward": "0.7333333333333334",
        "VehiclesAx": "{(EgoVehicle↦-0.0328516960144043),(Vehicles2↦0.8892305567860603),(Vehicles3↦0.978916846215725),(Vehicles4↦-1.265345960855484),(Vehicles5↦0.22549934685230255)}",
        "VehiclesVx": "{(EgoVehicle↦19.967148303985596),(Vehicles2↦1.2154463678598404),(Vehicles3↦0.662827268242836),(Vehicles4↦-0.5342259258031845),(Vehicles5↦0.7639912515878677)}",
        "VehiclesY": "{(EgoVehicle↦7.603699207305908),(Vehicles2↦-7.603699207305908),(Vehicles3↦0.39630044996738434),(Vehicles4↦-3.6036994457244873),(Vehicles5↦-7.603699207305908)}",
        "VehiclesVy": "{(EgoVehicle↦1.1458635330200195),(Vehicles2↦-1.1458635330200195),(Vehicles3↦-1.1458635330200195),(Vehicles4↦-1.1458635330200195),(Vehicles5↦-1.1458635330200195)}",
        "VehiclesX": "{(EgoVehicle↦200.0),(Vehicles2↦-9.225355088710785),(Vehicles3↦29.834017157554626),(Vehicles4↦39.82513248920441),(Vehicles5↦73.0620265007019)}"
      },
      "probabilisticVariables": null,
      "activating": [
        "SLOWER_61"
      ],
      "activatingOnlyWhenExecuted": true,
      "updating": null,
      "withPredicate": null
    },
    {
      "id": "SLOWER_61",
      "execute": "SLOWER",
      "after": "1000",
      "priority": 0,
      "additionalGuards": null,
      "activationKind": null,
      "fixedVariables": {
        "Crash": "FALSE",
        "VehiclesAy": "{(EgoVehicle↦-1.074060839600861),(Vehicles2↦1.074060839600861),(Vehicles3↦1.074060839600861),(Vehicles4↦1.074060839600861),(Vehicles5↦-1.217666226439178)}",
        "Reward": "0.7333333333333334",
        "VehiclesAx": "{(EgoVehicle↦0.03272294998168945),(Vehicles2↦-0.04740387201309204),(Vehicles3↦0.13212159276008606),(Vehicles4↦-0.11617526412010193),(Vehicles5↦-0.0326479971408844)}",
        "VehiclesVx": "{(EgoVehicle↦19.999871253967285),(Vehicles2↦1.1680424958467484),(Vehicles3↦0.7949488610029221),(Vehicles4↦-0.6504011899232864),(Vehicles5↦0.7313432544469833)}",
        "VehiclesY": "{(EgoVehicle↦7.975277423858643),(Vehicles2↦-7.975277423858643),(Vehicles3↦0.02472245693206787),(Vehicles4↦-3.9752776622772217),(Vehicles5↦-7.975277423858643)}",
        "VehiclesVy": "{(EgoVehicle↦0.07180269341915846),(Vehicles2↦-0.07180269341915846),(Vehicles3↦-0.07180269341915846),(Vehicles4↦-0.07180269341915846),(Vehicles5↦-0.07180269341915846)}",
        "VehiclesX": "{(EgoVehicle↦200.0),(Vehicles2↦-8.043370395898819),(Vehicles3↦30.543413758277893),(Vehicles4↦39.220812916755676),(Vehicles5↦73.79847168922424)}"
      },
      "probabilisticVariables": null,
      "activating": null,
      "activatingOnlyWhenExecuted": true,
      "updating": null,
      "withPredicate": null
    }
  ],
  "listeners": [],
  "metadata": {
    "fileType": "Timed_Trace",
    "formatVersion": 3,
    "savedAt": "2023-08-21T13:22:44.194198Z",
    "creator": "Simulation: HYPOTHESIS_TEST; SIGNIFICANCE : 0.05, PROBABILITY : 0.95, MAX_STEPS_BEFORE_PROPERTY : 0, EXECUTIONS : 1000, PREDICATE : Crash = FALSE, ENDING_TIME : 60000, HYPOTHESIS_CHECKING_TYPE : LEFT_TAILED, CHECKING_TYPE : PREDICATE_INVARIANT",
    "proB2KernelVersion": "4.12.2",
    "proBCliVersion": "1.12.2-final",
    "modelName": "HighwayEnvironment2"
  }
}