{
  "variables": {},
  "activations": [
    {
      "id": "$setup_constants",
      "execute": "$setup_constants",
      "after": "0",
      "priority": 0,
      "additionalGuards": null,
      "activationKind": null,
      "fixedVariables": null,
      "probabilisticVariables": null,
      "activating": null,
      "activatingOnlyWhenExecuted": true,
      "updating": null,
      "withPredicate": null
    },
    {
      "id": "$initialise_machine",
      "execute": "$initialise_machine",
      "after": "0",
      "priority": 0,
      "additionalGuards": null,
      "activationKind": null,
      "fixedVariables": {
        "Crash": "FALSE",
        "VehiclesAy": "{(EgoVehicle↦0.0),(Vehicles2↦0.0),(Vehicles3↦0.0),(Vehicles4↦0.0),(Vehicles5↦0.0)}",
        "Reward": "0.0",
        "VehiclesAx": "{(EgoVehicle↦0.0),(Vehicles2↦0.0),(Vehicles3↦0.0),(Vehicles4↦0.0),(Vehicles5↦0.0)}",
        "VehiclesVx": "{(EgoVehicle↦25.0),(Vehicles2↦-2.9857856035232544),(Vehicles3↦-3.5111498832702637),(Vehicles4↦-3.932570517063141),(Vehicles5↦-3.30913245677948)}",
        "VehiclesY": "{(EgoVehicle↦8.000000238418579),(Vehicles2↦0.0),(Vehicles3↦0.0),(Vehicles4↦0.0),(Vehicles5↦-4.0000001192092896)}",
        "VehiclesVy": "{(EgoVehicle↦0.0),(Vehicles2↦0.0),(Vehicles3↦0.0),(Vehicles4↦0.0),(Vehicles5↦0.0)}",
        "VehiclesX": "{(EgoVehicle↦155.16245365142822),(Vehicles2↦23.146216571331024),(Vehicles3↦45.628124475479126),(Vehicles4↦67.05630421638489),(Vehicles5↦88.3355438709259)}"
      },
      "probabilisticVariables": null,
      "activating": [
        "LANE_LEFT_2"
      ],
      "activatingOnlyWhenExecuted": true,
      "updating": null,
      "withPredicate": null
    },
    {
      "id": "LANE_LEFT_2",
      "execute": "LANE_LEFT",
      "after": "1000",
      "priority": 0,
      "additionalGuards": null,
      "activationKind": null,
      "fixedVariables": {
        "Crash": "FALSE",
        "VehiclesAy": "{(EgoVehicle↦-1.0796338319778442),(Vehicles2↦1.0796338319778442),(Vehicles3↦-1.0467395186424255),(Vehicles4↦1.0796338319778442),(Vehicles5↦-4.11875307559967)}",
        "Reward": "0.8327113850086175",
        "VehiclesAx": "{(EgoVehicle↦-0.023322105407714844),(Vehicles2↦-5.976676940917969),(Vehicles3↦-4.655969142913818),(Vehicles4↦-1.263081133365631),(Vehicles5↦-2.57074773311615)}",
        "VehiclesVx": "{(EgoVehicle↦24.976677894592285),(Vehicles2↦-8.962462544441223),(Vehicles3↦-8.167119026184082),(Vehicles4↦-5.195651650428772),(Vehicles5↦-5.87988018989563)}",
        "VehiclesY": "{(EgoVehicle↦4.34003484249115),(Vehicles2↦3.6599650382995605),(Vehicles3↦0.448219433426857),(Vehicles4↦3.6599650382995605),(Vehicles5↦-2.3270214200019836)}",
        "VehiclesVy": "{(EgoVehicle↦-1.0796338319778442),(Vehicles2↦1.0796338319778442),(Vehicles3↦-1.0467395186424255),(Vehicles4↦1.0796338319778442),(Vehicles5↦-4.11875307559967)}",
        "VehiclesX": "{(EgoVehicle↦179.84269857406616),(Vehicles2↦18.08018386363983),(Vehicles3↦39.6866649389267),(Vehicles4↦62.82287836074829),(Vehicles5↦84.2134177684784)}"
      },
      "probabilisticVariables": null,
      "activating": [
        "LANE_LEFT_3"
      ],
      "activatingOnlyWhenExecuted": true,
      "updating": null,
      "withPredicate": null
    },
    {
      "id": "LANE_LEFT_3",
      "execute": "LANE_LEFT",
      "after": "1000",
      "priority": 0,
      "additionalGuards": null,
      "activationKind": null,
      "fixedVariables": {
        "Crash": "FALSE",
        "VehiclesAy": "{(EgoVehicle↦-0.037668049335479736),(Vehicles2↦0.037668049335479736),(Vehicles3↦1.981700211763382),(Vehicles4↦0.037668049335479736),(Vehicles5↦-3.400718718767166)}",
        "Reward": "0.7993338733072283",
        "VehiclesAx": "{(EgoVehicle↦-0.0016570091247558594),(Vehicles2↦1.0423403978347778),(Vehicles3↦1.1896288394927979),(Vehicles4↦-0.48983633518218994),(Vehicles5↦0.263330340385437)}",
        "VehiclesVx": "{(EgoVehicle↦24.97502088546753),(Vehicles2↦-7.920122146606445),(Vehicles3↦-6.977490186691284),(Vehicles4↦-5.685487985610962),(Vehicles5↦-5.616549849510193)}",
        "VehiclesY": "{(EgoVehicle↦0.35136057436466217),(Vehicles2↦7.648639440536499),(Vehicles3↦3.7132444381713867),(Vehicles4↦7.648639440536499),(Vehicles5↦-0.21152253448963165)}",
        "VehiclesVy": "{(EgoVehicle↦-1.117301881313324),(Vehicles2↦1.117301881313324),(Vehicles3↦0.9349606931209564),(Vehicles4↦1.117301881313324),(Vehicles5↦0.7180343568325043)}",
        "VehiclesX": "{(EgoVehicle↦200.0),(Vehicles2↦9.925783425569534),(Vehicles3↦32.31225907802582),(Vehicles4↦57.75734782218933),(Vehicles5↦79.02110815048218)}"
      },
      "probabilisticVariables": null,
      "activating": [
        "IDLE_4"
      ],
      "activatingOnlyWhenExecuted": true,
      "updating": null,
      "withPredicate": null
    },
    {
      "id": "IDLE_4",
      "execute": "IDLE",
      "after": "1000",
      "priority": 0,
      "additionalGuards": null,
      "activationKind": null,
      "fixedVariables": {
        "Crash": "FALSE",
        "VehiclesAy": "{(EgoVehicle↦1.078004245646298),(Vehicles2↦-1.078004245646298),(Vehicles3↦-0.9090088866651058),(Vehicles4↦-1.078004245646298),(Vehicles5↦0.7303723052609712)}",
        "Reward": "0.7999991763705653",
        "VehiclesAx": "{(EgoVehicle↦0.0249481201171875),(Vehicles2↦0.6298410892486572),(Vehicles3↦0.9931093454360962),(Vehicles4↦-0.26749372482299805),(Vehicles5↦-0.42253315448760986)}",
        "VehiclesVx": "{(EgoVehicle↦24.999969005584717),(Vehicles2↦-7.290281057357788),(Vehicles3↦-5.984380841255188),(Vehicles4↦-5.95298171043396),(Vehicles5↦-6.039083003997803)}",
        "VehiclesY": "{(EgoVehicle↦0.011855648830533028),(Vehicles2↦7.988144159317017),(Vehicles3↦3.9927974939346313),(Vehicles4↦7.988144159317017),(Vehicles5↦-0.0023285484057851136)}",
        "VehiclesVy": "{(EgoVehicle↦-0.03929763566702604),(Vehicles2↦0.03929763566702604),(Vehicles3↦0.0259518064558506),(Vehicles4↦0.03929763566702604),(Vehicles5↦0.012337948428466916)}",
        "VehiclesX": "{(EgoVehicle↦200.0),(Vehicles2↦2.2722214460372925),(Vehicles3↦25.759032368659973),(Vehicles4↦51.94048285484314),(Vehicles5↦73.23167324066162)}"
      },
      "probabilisticVariables": null,
      "activating": [
        "IDLE_5"
      ],
      "activatingOnlyWhenExecuted": true,
      "updating": null,
      "withPredicate": null
    },
    {
      "id": "IDLE_5",
      "execute": "IDLE",
      "after": "1000",
      "priority": 0,
      "additionalGuards": null,
      "activationKind": null,
      "fixedVariables": {
        "Crash": "FALSE",
        "VehiclesAy": "{(EgoVehicle↦0.03805157859460451),(Vehicles2↦-0.03805157859460451),(Vehicles3↦-0.025599787950341124),(Vehicles4↦-0.03805157859460451),(Vehicles5↦0.011682022523018532)}",
        "Reward": "0.7999999991719156",
        "VehiclesAx": "{(EgoVehicle↦3.0994415283203125E-05),(Vehicles2↦0.39578914642333984),(Vehicles3↦0.5993318557739258),(Vehicles4↦-0.07066011428833008),(Vehicles5↦-0.40211915969848633)}",
        "VehiclesVx": "{(EgoVehicle↦25.0),(Vehicles2↦-6.894491910934448),(Vehicles3↦-5.385048985481262),(Vehicles4↦-6.02364182472229),(Vehicles5↦-6.441202163696289)}",
        "VehiclesY": "{(EgoVehicle↦0.00037409018841572106),(Vehicles2↦7.999626159667969),(Vehicles3↦3.999934673309326),(Vehicles4↦7.999626159667969),(Vehicles5↦0.0003034662804566324)}",
        "VehiclesVy": "{(EgoVehicle↦-0.0012460570724215358),(Vehicles2↦0.0012460570724215358),(Vehicles3↦0.0003520185055094771),(Vehicles4↦0.0012460570724215358),(Vehicles5↦-0.0006559259054483846)}",
        "VehiclesX": "{(EgoVehicle↦200.0),(Vehicles2↦-4.8439450562000275),(Vehicles3↦20.041847229003906),(Vehicles4↦45.94396948814392),(Vehicles5↦67.02772974967957)}"
      },
      "probabilisticVariables": null,
      "activating": [
        "IDLE_6"
      ],
      "activatingOnlyWhenExecuted": true,
      "updating": null,
      "withPredicate": null
    },
    {
      "id": "IDLE_6",
      "execute": "IDLE",
      "after": "1000",
      "priority": 0,
      "additionalGuards": null,
      "activationKind": null,
      "fixedVariables": {
        "Crash": "FALSE",
        "VehiclesAy": "{(EgoVehicle↦0.0012070436923750094),(Vehicles2↦-0.0012629213188120048),(Vehicles3↦-0.0003130051254629507),(Vehicles4↦1.973547764500836),(Vehicles5↦-0.0006169125254018581)}",
        "Reward": "0.7999999999991884",
        "VehiclesAx": "{(EgoVehicle↦0.0),(Vehicles2↦0.9903645515441895),(Vehicles3↦-0.5815809965133667),(Vehicles4↦-0.7853502035140991),(Vehicles5↦3.313610851764679)}",
        "VehiclesVx": "{(EgoVehicle↦25.0),(Vehicles2↦-5.904127359390259),(Vehicles3↦-5.966629981994629),(Vehicles4↦-6.808992028236389),(Vehicles5↦-3.12759131193161)}",
        "VehiclesY": "{(EgoVehicle↦1.1705138149409322E-05),(Vehicles2↦4.0000083446502686),(Vehicles3↦7.999988079071045),(Vehicles4↦3.2914334535598755),(Vehicles5↦7.999988079071045)}",
        "VehiclesVy": "{(EgoVehicle↦-3.9013380046526436E-05),(Vehicles2↦-1.6864246390468907E-05),(Vehicles3↦3.9013380046526436E-05),(Vehicles4↦1.9747938215732574),(Vehicles5↦3.9013380046526436E-05)}",
        "VehiclesX": "{(EgoVehicle↦200.0),(Vehicles2↦14.709100127220154),(Vehicles3↦39.937010407447815),(Vehicles4↦60.03618836402893),(Vehicles5↦99.3073046207428)}"
      },
      "probabilisticVariables": null,
      "activating": [
        "FASTER_7"
      ],
      "activatingOnlyWhenExecuted": true,
      "updating": null,
      "withPredicate": null
    },
    {
      "id": "FASTER_7",
      "execute": "FASTER",
      "after": "1000",
      "priority": 0,
      "additionalGuards": null,
      "activationKind": null,
      "fixedVariables": {
        "Crash": "FALSE",
        "VehiclesAy": "{(EgoVehicle↦3.81690787065736E-05),(Vehicles2↦1.3682970632089564E-05),(Vehicles3↦-3.816907863551933E-05),(Vehicles4↦-1.8270101863890886),(Vehicles5↦3.9857681457533545E-05)}",
        "Reward": "0.9157750342935524",
        "VehiclesAx": "{(EgoVehicle↦4.341564178466797),(Vehicles2↦-5.254939794540405),(Vehicles3↦-4.236658811569214),(Vehicles4↦-4.154033064842224),(Vehicles5↦-4.280621111392975)}",
        "VehiclesVx": "{(EgoVehicle↦29.341564178466797),(Vehicles2↦-11.159067153930664),(Vehicles3↦-10.203288793563843),(Vehicles4↦-10.963025093078613),(Vehicles5↦-7.408212423324585)}",
        "VehiclesY": "{(EgoVehicle↦1.9724522815067758E-07),(Vehicles2↦4.0000011920928955),(Vehicles3↦7.999999523162842),(Vehicles4↦3.9474005699157715),(Vehicles5↦7.999999523162842)}",
        "VehiclesVy": "{(EgoVehicle↦-8.443013399528354E-07),(Vehicles2↦-3.1812757583793427E-06),(Vehicles3↦8.44301411007109E-07),(Vehicles4↦0.14778363518416882),(Vehicles5↦8.44301411007109E-07)}",
        "VehiclesX": "{(EgoVehicle↦200.0),(Vehicles2↦5.9784527868032455),(Vehicles3↦31.61531388759613),(Vehicles4↦50.95251202583313),(Vehicles5↦93.81334781646729)}"
      },
      "probabilisticVariables": null,
      "activating": [
        "IDLE_8"
      ],
      "activatingOnlyWhenExecuted": true,
      "updating": null,
      "withPredicate": null
    },
    {
      "id": "IDLE_8",
      "execute": "IDLE",
      "after": "1000",
      "priority": 0,
      "additionalGuards": null,
      "activationKind": null,
      "fixedVariables": {
        "Crash": "FALSE",
        "VehiclesAy": "{(EgoVehicle↦8.426998476807057E-07),(Vehicles2↦2.873539060033181E-06),(Vehicles3↦-8.426999187349793E-07),(Vehicles4↦-0.1369159040041268),(Vehicles5↦8.459029032792387E-07)}",
        "Reward": "0.9310211293445557",
        "VehiclesAx": "{(EgoVehicle↦0.5717277526855469),(Vehicles2↦-0.9392440319061279),(Vehicles3↦-0.4551422595977783),(Vehicles4↦-0.4871809482574463),(Vehicles5↦-0.5537313222885132)}",
        "VehiclesVx": "{(EgoVehicle↦29.913291931152344),(Vehicles2↦-12.098311185836792),(Vehicles3↦-10.658431053161621),(Vehicles4↦-11.45020604133606),(Vehicles5↦-7.961943745613098)}",
        "VehiclesY": "{(EgoVehicle↦-4.385918295213287E-10),(Vehicles2↦4.0000001192092896),(Vehicles3↦8.000000238418579),(Vehicles4↦3.9961384534835815),(Vehicles5↦8.000000238418579)}",
        "VehiclesVy": "{(EgoVehicle↦-1.6014922721296898E-09),(Vehicles2↦-3.077366983461616E-07),(Vehicles3↦1.6014922721296898E-09),(Vehicles4↦0.010867731180042028),(Vehicles5↦1.6014922721296898E-09)}",
        "VehiclesX": "{(EgoVehicle↦200.0),(Vehicles2↦-5.6705620139837265),(Vehicles3↦21.14315778017044),(Vehicles4↦39.70833420753479),(Vehicles5↦86.0995888710022)}"
      },
      "probabilisticVariables": null,
      "activating": [
        "IDLE_9"
      ],
      "activatingOnlyWhenExecuted": true,
      "updating": null,
      "withPredicate": null
    },
    {
      "id": "IDLE_9",
      "execute": "IDLE",
      "after": "1000",
      "priority": 0,
      "additionalGuards": null,
      "activationKind": null,
      "fixedVariables": {
        "Crash": "FALSE",
        "VehiclesAy": "{(EgoVehicle↦1.809006278108427E-09),(Vehicles2↦3.0752919322196703E-07),(Vehicles3↦0.0007924087541510971),(Vehicles4↦-0.010867731387547153),(Vehicles5↦1.3939871479351496E-09)}",
        "Reward": "0.9330288455652638",
        "VehiclesAx": "{(EgoVehicle↦0.07529020309448242),(Vehicles2↦1.477062702178955),(Vehicles3↦-0.7845151424407959),(Vehicles4↦3.404662609100342),(Vehicles5↦-5.07780134677887)}",
        "VehiclesVx": "{(EgoVehicle↦29.988582134246826),(Vehicles2↦-10.621248483657837),(Vehicles3↦-11.442946195602417),(Vehicles4↦-8.045543432235718),(Vehicles5↦-13.039745092391968)}",
        "VehiclesY": "{(EgoVehicle↦-6.150147058292532E-11),(Vehicles2↦8.000000238418579),(Vehicles3↦3.999719023704529),(Vehicles4↦8.000000238418579),(Vehicles5↦6.150013831529577E-11)}",
        "VehiclesVy": "{(EgoVehicle↦2.0751400597873726E-10),(Vehicles2↦-2.0750512419454026E-10),(Vehicles3↦0.0007924103556433693),(Vehicles4↦-2.0750512419454026E-10),(Vehicles5↦-2.0750512419454026E-10)}",
        "VehiclesX": "{(EgoVehicle↦200.0),(Vehicles2↦10.488847643136978),(Vehicles3↦28.249719738960266),(Vehicles4↦78.09440493583679),(Vehicles5↦78.23754549026489)}"
      },
      "probabilisticVariables": null,
      "activating": [
        "SLOWER_10"
      ],
      "activatingOnlyWhenExecuted": true,
      "updating": null,
      "withPredicate": null
    },
    {
      "id": "SLOWER_10",
      "execute": "SLOWER",
      "after": "1000",
      "priority": 0,
      "additionalGuards": null,
      "activationKind": null,
      "fixedVariables": {
        "Crash": "FALSE",
        "VehiclesAy": "{(EgoVehicle↦-2.022026990289305E-10),(Vehicles2↦2.021938172447335E-10),(Vehicles3↦-0.0007351169051617035),(Vehicles4↦2.021938172447335E-10),(Vehicles5↦-2.12816431144347E-10)}",
        "Reward": "0.8175182018851377",
        "VehiclesAx": "{(EgoVehicle↦-4.331650733947754),(Vehicles2↦4.433950781822205),(Vehicles3↦4.4122350215911865),(Vehicles4↦-0.12327849864959717),(Vehicles5↦9.301481246948242)}",
        "VehiclesVx": "{(EgoVehicle↦25.656931400299072),(Vehicles2↦-6.187297701835632),(Vehicles3↦-7.0307111740112305),(Vehicles4↦-8.168821930885315),(Vehicles5↦-3.7382638454437256)}",
        "VehiclesY": "{(EgoVehicle↦-1.5933920849420247E-12),(Vehicles2↦8.000000238418579),(Vehicles3↦3.9999797344207764),(Vehicles4↦1.5933920849420247E-12),(Vehicles5↦8.000000238418579)}",
        "VehiclesVy": "{(EgoVehicle↦5.311306949806749E-12),(Vehicles2↦-5.311306949806749E-12),(Vehicles3↦5.7293450481665786E-05),(Vehicles4↦-5.311306949806749E-12),(Vehicles5↦-5.311306949806749E-12)}",
        "VehiclesX": "{(EgoVehicle↦200.0),(Vehicles2↦2.2990290075540543),(Vehicles3↦19.228816032409668),(Vehicles4↦67.80970096588135),(Vehicles5↦72.42969870567322)}"
      },
      "probabilisticVariables": null,
      "activating": [
        "IDLE_11"
      ],
      "activatingOnlyWhenExecuted": true,
      "updating": null,
      "withPredicate": null
    },
    {
      "id": "IDLE_11",
      "execute": "IDLE",
      "after": "1000",
      "priority": 0,
      "additionalGuards": null,
      "activationKind": null,
      "fixedVariables": {
        "Crash": "FALSE",
        "VehiclesAy": "{(EgoVehicle↦-5.151434834260726E-12),(Vehicles2↦5.151434834260726E-12),(Vehicles3↦-5.3184766102276626E-05),(Vehicles4↦5.151434834260726E-12),(Vehicles5↦-5.4711790653527714E-12)}",
        "Reward": "0.8023069237050388",
        "VehiclesAx": "{(EgoVehicle↦-0.5704212188720703),(Vehicles2↦0.6610286235809326),(Vehicles3↦0.6475657224655151),(Vehicles4↦1.0267120599746704),(Vehicles5↦-1.9552809000015259)}",
        "VehiclesVx": "{(EgoVehicle↦25.086510181427002),(Vehicles2↦-5.5262690782547),(Vehicles3↦-6.383145451545715),(Vehicles4↦-7.1421098709106445),(Vehicles5↦-5.6935447454452515)}",
        "VehiclesY": "{(EgoVehicle↦-4.929390229335695E-14),(Vehicles2↦8.000000238418579),(Vehicles3↦3.999998688697815),(Vehicles4↦5.062616992290714E-14),(Vehicles5↦4.0000001192092896)}",
        "VehiclesVy": "{(EgoVehicle↦1.5987211554602254E-13),(Vehicles2↦-1.5987211554602254E-13),(Vehicles3↦4.10868437938916E-06),(Vehicles4↦-1.5987211554602254E-13),(Vehicles5↦-1.5987211554602254E-13)}",
        "VehiclesX": "{(EgoVehicle↦200.0),(Vehicles2↦-3.5364124923944473),(Vehicles3↦12.543968856334686),(Vehicles4↦60.1446270942688),(Vehicles5↦66.85522198677063)}"
      },
      "probabilisticVariables": null,
      "activating": [
        "SLOWER_12"
      ],
      "activatingOnlyWhenExecuted": true,
      "updating": null,
      "withPredicate": null
    },
    {
      "id": "SLOWER_12",
      "execute": "SLOWER",
      "after": "1000",
      "priority": 0,
      "additionalGuards": null,
      "activationKind": null,
      "fixedVariables": {
        "Crash": "FALSE",
        "VehiclesAy": "{(EgoVehicle↦-1.4210854715202004E-13),(Vehicles2↦1.4210854715202004E-13),(Vehicles3↦-3.8163285687176085E-06),(Vehicles4↦1.4210854715202004E-13),(Vehicles5↦-1.7763568394002505E-13)}",
        "Reward": "0.68452875812851",
        "VehiclesAx": "{(EgoVehicle↦-4.416682720184326),(Vehicles2↦4.496031627058983),(Vehicles3↦4.489293545484543),(Vehicles4↦4.7950924932956696),(Vehicles5↦4.467027187347412)}",
        "VehiclesVx": "{(EgoVehicle↦20.669827461242676),(Vehicles2↦-1.0302374511957169),(Vehicles3↦-1.8938519060611725),(Vehicles4↦-2.347017377614975),(Vehicles5↦-1.2265175580978394)}",
        "VehiclesY": "{(EgoVehicle↦-3.9968028886505635E-15),(Vehicles2↦8.000000238418579),(Vehicles3↦3.999999761581421),(Vehicles4↦2.6645352591003757E-15),(Vehicles5↦4.0000001192092896)}",
        "VehiclesVy": "{(EgoVehicle↦1.7763568394002505E-14),(Vehicles2↦-1.7763568394002505E-14),(Vehicles3↦2.923558106715518E-07),(Vehicles4↦-1.7763568394002505E-14),(Vehicles5↦-1.7763568394002505E-14)}",
        "VehiclesX": "{(EgoVehicle↦200.0),(Vehicles2↦-6.593581289052963),(Vehicles3↦8.626759052276611),(Vehicles4↦55.59623837471008),(Vehicles5↦63.6189341545105)}"
      },
      "probabilisticVariables": null,
      "activating": [
        "IDLE_13"
      ],
      "activatingOnlyWhenExecuted": true,
      "updating": null,
      "withPredicate": null
    },
    {
      "id": "IDLE_13",
      "execute": "IDLE",
      "after": "1000",
      "priority": 0,
      "additionalGuards": null,
      "activationKind": null,
      "fixedVariables": {
        "Crash": "FALSE",
        "VehiclesAy": "{(EgoVehicle↦-1.7763568394002505E-14),(Vehicles2↦2.065098314574243E-08),(Vehicles3↦-2.923558106715518E-07),(Vehicles4↦1.7763568394002505E-14),(Vehicles5↦-1.7763568394002505E-14)}",
        "Reward": "0.6690188762418888",
        "VehiclesAx": "{(EgoVehicle↦-0.5816197395324707),(Vehicles2↦-0.21437019109725952),(Vehicles3↦1.5144988521933556),(Vehicles4↦0.8926242589950562),(Vehicles5↦0.6250263750553131)}",
        "VehiclesVx": "{(EgoVehicle↦20.088207721710205),(Vehicles2↦-1.2446076422929764),(Vehicles3↦-0.3793530538678169),(Vehicles4↦-1.4543931186199188),(Vehicles5↦-0.6014911830425262)}",
        "VehiclesY": "{(EgoVehicle↦0.0),(Vehicles2↦4.0000001192092896),(Vehicles3↦8.000000238418579),(Vehicles4↦0.0),(Vehicles5↦4.0000001192092896)}",
        "VehiclesVy": "{(EgoVehicle↦0.0),(Vehicles2↦2.0650965382174036E-08),(Vehicles3↦0.0),(Vehicles4↦0.0),(Vehicles5↦0.0)}",
        "VehiclesX": "{(EgoVehicle↦200.0),(Vehicles2↦7.08121582865715),(Vehicles3↦-7.274504005908966),(Vehicles4↦53.699398040771484),(Vehicles5↦62.731122970581055)}"
      },
      "probabilisticVariables": null,
      "activating": [
        "IDLE_14"
      ],
      "activatingOnlyWhenExecuted": true,
      "updating": null,
      "withPredicate": null
    },
    {
      "id": "IDLE_14",
      "execute": "IDLE",
      "after": "1000",
      "priority": 0,
      "additionalGuards": null,
      "activationKind": null,
      "fixedVariables": {
        "Crash": "FALSE",
        "VehiclesAy": "{(EgoVehicle↦0.0),(Vehicles2↦-1.920216874395919E-08),(Vehicles3↦0.0),(Vehicles4↦0.0),(Vehicles5↦0.0)}",
        "Reward": "0.6669764226601115",
        "VehiclesAx": "{(EgoVehicle↦-0.07659196853637695),(Vehicles2↦0.13925515115261078),(Vehicles3↦0.13710085302591324),(Vehicles4↦0.33197902143001556),(Vehicles5↦0.11460501700639725)}",
        "VehiclesVx": "{(EgoVehicle↦20.011615753173828),(Vehicles2↦-1.1053524911403656),(Vehicles3↦-0.2422522008419037),(Vehicles4↦-1.1224140971899033),(Vehicles5↦-0.486886166036129)}",
        "VehiclesY": "{(EgoVehicle↦0.0),(Vehicles2↦4.0000001192092896),(Vehicles3↦8.000000238418579),(Vehicles4↦0.0),(Vehicles5↦4.0000001192092896)}",
        "VehiclesVy": "{(EgoVehicle↦0.0),(Vehicles2↦1.4487966382148443E-09),(Vehicles3↦0.0),(Vehicles4↦0.0),(Vehicles5↦0.0)}",
        "VehiclesX": "{(EgoVehicle↦200.0),(Vehicles2↦5.904313549399376),(Vehicles3↦-7.586752623319626),(Vehicles4↦52.3934006690979),(Vehicles5↦62.18746304512024)}"
      },
      "probabilisticVariables": null,
      "activating": [
        "IDLE_15"
      ],
      "activatingOnlyWhenExecuted": true,
      "updating": null,
      "withPredicate": null
    },
    {
      "id": "IDLE_15",
      "execute": "IDLE",
      "after": "1000",
      "priority": 0,
      "additionalGuards": null,
      "activationKind": null,
      "fixedVariables": {
        "Crash": "FALSE",
        "VehiclesAy": "{(EgoVehicle↦0.0),(Vehicles2↦-1.347792988326546E-09),(Vehicles3↦0.0),(Vehicles4↦0.0),(Vehicles5↦0.0)}",
        "Reward": "0.6667074575793835",
        "VehiclesAx": "{(EgoVehicle↦-0.010085105895996094),(Vehicles2↦0.06809912621974945),(Vehicles3↦0.06309544667601585),(Vehicles4↦0.22084340453147888),(Vehicles5↦0.04404839128255844)}",
        "VehiclesVx": "{(EgoVehicle↦20.001530647277832),(Vehicles2↦-1.0372533649206161),(Vehicles3↦-0.17915675416588783),(Vehicles4↦-0.9015706926584244),(Vehicles5↦-0.44283777475357056)}",
        "VehiclesY": "{(EgoVehicle↦2.6645352591003757E-15),(Vehicles2↦4.0000001192092896),(Vehicles3↦8.000000238418579),(Vehicles4↦-1.3322676295501878E-15),(Vehicles5↦4.0000001192092896)}",
        "VehiclesVy": "{(EgoVehicle↦0.0),(Vehicles2↦1.0100364988829824E-10),(Vehicles3↦0.0),(Vehicles4↦0.0),(Vehicles5↦0.0)}",
        "VehiclesX": "{(EgoVehicle↦200.0),(Vehicles2↦4.828086122870445),(Vehicles3↦-7.801683247089386),(Vehicles4↦51.36402249336243),(Vehicles5↦61.72000765800476)}"
      },
      "probabilisticVariables": null,
      "activating": [
        "IDLE_16"
      ],
      "activatingOnlyWhenExecuted": true,
      "updating": null,
      "withPredicate": null
    },
    {
      "id": "IDLE_16",
      "execute": "IDLE",
      "after": "1000",
      "priority": 0,
      "additionalGuards": null,
      "activationKind": null,
      "fixedVariables": {
        "Crash": "FALSE",
        "VehiclesAy": "{(EgoVehicle↦0.0),(Vehicles2↦-9.400480394106125E-11),(Vehicles3↦0.0),(Vehicles4↦0.0),(Vehicles5↦0.0)}",
        "Reward": "0.6666720383094935",
        "VehiclesAx": "{(EgoVehicle↦-0.0013303756713867188),(Vehicles2↦0.05512513220310211),(Vehicles3↦0.04793480969965458),(Vehicles4↦0.17677128314971924),(Vehicles5↦0.0322631374001503)}",
        "VehiclesVx": "{(EgoVehicle↦20.000200271606445),(Vehicles2↦-0.982128232717514),(Vehicles3↦-0.13122194446623325),(Vehicles4↦-0.7247994095087051),(Vehicles5↦-0.41057463735342026)}",
        "VehiclesY": "{(EgoVehicle↦2.6645352591003757E-15),(Vehicles2↦4.0000001192092896),(Vehicles3↦8.000000238418579),(Vehicles4↦-1.3322676295501878E-15),(Vehicles5↦4.0000001192092896)}",
        "VehiclesVy": "{(EgoVehicle↦0.0),(Vehicles2↦6.998845947236987E-12),(Vehicles3↦0.0),(Vehicles4↦0.0),(Vehicles5↦0.0)}",
        "VehiclesX": "{(EgoVehicle↦200.0),(Vehicles2↦3.8134027272462845),(Vehicles3↦-7.960992306470871),(Vehicles4↦50.535863637924194),(Vehicles5↦61.29048466682434)}"
      },
      "probabilisticVariables": null,
      "activating": [
        "IDLE_17"
      ],
      "activatingOnlyWhenExecuted": true,
      "updating": null,
      "withPredicate": null
    },
    {
      "id": "IDLE_17",
      "execute": "IDLE",
      "after": "1000",
      "priority": 0,
      "additionalGuards": null,
      "activationKind": null,
      "fixedVariables": {
        "Crash": "FALSE",
        "VehiclesAy": "{(EgoVehicle↦0.0),(Vehicles2↦-6.519229600598919E-12),(Vehicles3↦0.0),(Vehicles4↦0.0),(Vehicles5↦0.0)}",
        "Reward": "0.6666673740434997",
        "VehiclesAx": "{(EgoVehicle↦-0.00017404556274414062),(Vehicles2↦0.05021512508392334),(Vehicles3↦0.04130484536290169),(Vehicles4↦0.14778871089220047),(Vehicles5↦0.028814002871513367)}",
        "VehiclesVx": "{(EgoVehicle↦20.0000262260437),(Vehicles2↦-0.9319131076335907),(Vehicles3↦-0.08991709910333157),(Vehicles4↦-0.5770106986165047),(Vehicles5↦-0.3817606344819069)}",
        "VehiclesY": "{(EgoVehicle↦2.6645352591003757E-15),(Vehicles2↦4.0000001192092896),(Vehicles3↦8.000000238418579),(Vehicles4↦-1.3322676295501878E-15),(Vehicles5↦4.0000001192092896)}",
        "VehiclesVy": "{(EgoVehicle↦0.0),(Vehicles2↦4.796163466380676E-13),(Vehicles3↦0.0),(Vehicles4↦0.0),(Vehicles5↦0.0)}",
        "VehiclesX": "{(EgoVehicle↦200.0),(Vehicles2↦2.8516696766018867),(Vehicles3↦-8.075260370969772),(Vehicles4↦49.872174859046936),(Vehicles5↦60.89162230491638)}"
      },
      "probabilisticVariables": null,
      "activating": [
        "IDLE_18"
      ],
      "activatingOnlyWhenExecuted": true,
      "updating": null,
      "withPredicate": null
    },
    {
      "id": "IDLE_18",
      "execute": "IDLE",
      "after": "1000",
      "priority": 0,
      "additionalGuards": null,
      "activationKind": null,
      "fixedVariables": {
        "Crash": "FALSE",
        "VehiclesAy": "{(EgoVehicle↦0.0),(Vehicles2↦-4.440892098500626E-13),(Vehicles3↦0.0),(Vehicles4↦0.0),(Vehicles5↦0.0)}",
        "Reward": "0.6666667598191715",
        "VehiclesAx": "{(EgoVehicle↦-2.384185791015625E-05),(Vehicles2↦0.0467391312122345),(Vehicles3↦0.036446754820644855),(Vehicles4↦0.12563738971948624),(Vehicles5↦0.026871412992477417)}",
        "VehiclesVx": "{(EgoVehicle↦20.00000238418579),(Vehicles2↦-0.8851739764213562),(Vehicles3↦-0.05347034428268671),(Vehicles4↦-0.45137330889701843),(Vehicles5↦-0.3548892214894295)}",
        "VehiclesY": "{(EgoVehicle↦2.6645352591003757E-15),(Vehicles2↦4.0000001192092896),(Vehicles3↦8.000000238418579),(Vehicles4↦-1.3322676295501878E-15),(Vehicles5↦4.0000001192092896)}",
        "VehiclesVy": "{(EgoVehicle↦0.0),(Vehicles2↦3.552713678800501E-14),(Vehicles3↦0.0),(Vehicles4↦0.0),(Vehicles5↦0.0)}",
        "VehiclesX": "{(EgoVehicle↦200.0),(Vehicles2↦1.9387055188417435),(Vehicles3↦-8.150245994329453),(Vehicles4↦49.346986413002014),(Vehicles5↦60.52074432373047)}"
      },
      "probabilisticVariables": null,
      "activating": [
        "IDLE_19"
      ],
      "activatingOnlyWhenExecuted": true,
      "updating": null,
      "withPredicate": null
    },
    {
      "id": "IDLE_19",
      "execute": "IDLE",
      "after": "1000",
      "priority": 0,
      "additionalGuards": null,
      "activationKind": null,
      "fixedVariables": {
        "Crash": "FALSE",
        "VehiclesAy": "{(EgoVehicle↦0.0),(Vehicles2↦-3.552713678800501E-14),(Vehicles3↦0.0),(Vehicles4↦0.0),(Vehicles5↦0.0)}",
        "Reward": "0.6666666789336632",
        "VehiclesAx": "{(EgoVehicle↦-2.384185791015625E-06),(Vehicles2↦0.043779462575912476),(Vehicles3↦0.032359068281948566),(Vehicles4↦0.10808449238538742),(Vehicles5↦0.025404468178749084)}",
        "VehiclesVx": "{(EgoVehicle↦20.0),(Vehicles2↦-0.8413945138454437),(Vehicles3↦-0.021111276000738144),(Vehicles4↦-0.343288816511631),(Vehicles5↦-0.3294847533106804)}",
        "VehiclesY": "{(EgoVehicle↦2.6645352591003757E-15),(Vehicles2↦4.0000001192092896),(Vehicles3↦8.000000238418579),(Vehicles4↦-1.3322676295501878E-15),(Vehicles5↦4.0000001192092896)}",
        "VehiclesVy": "{(EgoVehicle↦0.0),(Vehicles2↦0.0),(Vehicles3↦0.0),(Vehicles4↦0.0),(Vehicles5↦0.0)}",
        "VehiclesX": "{(EgoVehicle↦200.0),(Vehicles2↦1.0712649673223495),(Vehicles3↦-8.190469443798065),(Vehicles4↦48.94010126590729),(Vehicles5↦60.176122188568115)}"
      },
      "probabilisticVariables": null,
      "activating": [
        "IDLE_20"
      ],
      "activatingOnlyWhenExecuted": true,
      "updating": null,
      "withPredicate": null
    },
    {
      "id": "IDLE_20",
      "execute": "IDLE",
      "after": "1000",
      "priority": 0,
      "additionalGuards": null,
      "activationKind": null,
      "fixedVariables": {
        "Crash": "FALSE",
        "VehiclesAy": "{(EgoVehicle↦-1.7763568394002505E-14),(Vehicles2↦0.0),(Vehicles3↦1.7763568394002505E-14),(Vehicles4↦1.7763568394002505E-14),(Vehicles5↦1.7763568394002505E-14)}",
        "Reward": "0.6666666682820735",
        "VehiclesAx": "{(EgoVehicle↦0.0),(Vehicles2↦0.04116855561733246),(Vehicles3↦0.028819282306358218),(Vehicles4↦0.09394941851496696),(Vehicles5↦0.02418896183371544)}",
        "VehiclesVx": "{(EgoVehicle↦20.0),(Vehicles2↦-0.8002259582281113),(Vehicles3↦0.007708006305620074),(Vehicles4↦-0.24933939799666405),(Vehicles5↦-0.30529579147696495)}",
        "VehiclesY": "{(EgoVehicle↦2.6645352591003757E-15),(Vehicles2↦4.0000001192092896),(Vehicles3↦8.000000238418579),(Vehicles4↦-1.3322676295501878E-15),(Vehicles5↦4.0000001192092896)}",
        "VehiclesVy": "{(EgoVehicle↦-1.7763568394002505E-14),(Vehicles2↦0.0),(Vehicles3↦1.7763568394002505E-14),(Vehicles4↦1.7763568394002505E-14),(Vehicles5↦1.7763568394002505E-14)}",
        "VehiclesX": "{(EgoVehicle↦200.0),(Vehicles2↦0.24653456639498472),(Vehicles3↦-8.199788630008698),(Vehicles4↦48.63540828227997),(Vehicles5↦59.85640287399292)}"
      },
      "probabilisticVariables": null,
      "activating": [
        "IDLE_21"
      ],
      "activatingOnlyWhenExecuted": true,
      "updating": null,
      "withPredicate": null
    },
    {
      "id": "IDLE_21",
      "execute": "IDLE",
      "after": "1000",
      "priority": 0,
      "additionalGuards": null,
      "activationKind": null,
      "fixedVariables": {
        "Crash": "FALSE",
        "VehiclesAy": "{(EgoVehicle↦1.7763568394002505E-14),(Vehicles2↦0.0),(Vehicles3↦-1.7763568394002505E-14),(Vehicles4↦-1.7763568394002505E-14),(Vehicles5↦1.7763568394002505E-14)}",
        "Reward": "0.6666666668793951",
        "VehiclesAx": "{(EgoVehicle↦0.0),(Vehicles2↦0.038842037320137024),(Vehicles3↦0.025725214509293437),(Vehicles4↦0.08240822702646255),(Vehicles5↦0.023137331008911133)}",
        "VehiclesVx": "{(EgoVehicle↦20.0),(Vehicles2↦-0.7613839209079742),(Vehicles3↦0.03343322081491351),(Vehicles4↦-0.1669311709702015),(Vehicles5↦-0.2821584604680538)}",
        "VehiclesY": "{(EgoVehicle↦2.6645352591003757E-15),(Vehicles2↦4.0000001192092896),(Vehicles3↦8.000000238418579),(Vehicles4↦-1.3322676295501878E-15),(Vehicles5↦4.0000001192092896)}",
        "VehiclesVy": "{(EgoVehicle↦0.0),(Vehicles2↦0.0),(Vehicles3↦0.0),(Vehicles4↦0.0),(Vehicles5↦0.0)}",
        "VehiclesX": "{(EgoVehicle↦200.0),(Vehicles2↦-0.5379785783588886),(Vehicles3↦-8.181559294462204),(Vehicles4↦48.41986894607544),(Vehicles5↦59.56043601036072)}"
      },
      "probabilisticVariables": null,
      "activating": [
        "IDLE_22"
      ],
      "activatingOnlyWhenExecuted": true,
      "updating": null,
      "withPredicate": null
    },
    {
      "id": "IDLE_22",
      "execute": "IDLE",
      "after": "1000",
      "priority": 0,
      "additionalGuards": null,
      "activationKind": null,
      "fixedVariables": {
        "Crash": "FALSE",
        "VehiclesAy": "{(EgoVehicle↦0.0),(Vehicles2↦0.0),(Vehicles3↦0.0),(Vehicles4↦0.0),(Vehicles5↦0.0)}",
        "Reward": "0.6666666666946804",
        "VehiclesAx": "{(EgoVehicle↦0.0),(Vehicles2↦0.036754608154296875),(Vehicles3↦0.023005034308880568),(Vehicles4↦0.07285558618605137),(Vehicles5↦0.02220071852207184)}",
        "VehiclesVx": "{(EgoVehicle↦20.0),(Vehicles2↦-0.7246293127536774),(Vehicles3↦0.05643825512379408),(Vehicles4↦-0.09407558478415012),(Vehicles5↦-0.259957741945982)}",
        "VehiclesY": "{(EgoVehicle↦2.6645352591003757E-15),(Vehicles2↦4.0000001192092896),(Vehicles3↦8.000000238418579),(Vehicles4↦-1.3322676295501878E-15),(Vehicles5↦4.0000001192092896)}",
        "VehiclesVy": "{(EgoVehicle↦0.0),(Vehicles2↦0.0),(Vehicles3↦0.0),(Vehicles4↦0.0),(Vehicles5↦0.0)}",
        "VehiclesX": "{(EgoVehicle↦200.0),(Vehicles2↦-1.2845022603869438),(Vehicles3↦-8.138719946146011),(Vehicles4↦48.28277826309204),(Vehicles5↦59.28723216056824)}"
      },
      "probabilisticVariables": null,
      "activating": [
        "IDLE_23"
      ],
      "activatingOnlyWhenExecuted": true,
      "updating": null,
      "withPredicate": null
    },
    {
      "id": "IDLE_23",
      "execute": "IDLE",
      "after": "1000",
      "priority": 0,
      "additionalGuards": null,
      "activationKind": null,
      "fixedVariables": {
        "Crash": "FALSE",
        "VehiclesAy": "{(EgoVehicle↦0.0),(Vehicles2↦0.0),(Vehicles3↦0.0),(Vehicles4↦0.0),(Vehicles5↦0.0)}",
        "Reward": "0.6666666666703557",
        "VehiclesAx": "{(EgoVehicle↦0.0),(Vehicles2↦0.03487005829811096),(Vehicles3↦0.020602429285645485),(Vehicles4↦0.06484436569735408),(Vehicles5↦0.0213487446308136)}",
        "VehiclesVx": "{(EgoVehicle↦20.0),(Vehicles2↦-0.6897592544555664),(Vehicles3↦0.07704068440943956),(Vehicles4↦-0.029231219086796045),(Vehicles5↦-0.23860899731516838)}",
        "VehiclesY": "{(EgoVehicle↦2.6645352591003757E-15),(Vehicles2↦4.0000001192092896),(Vehicles3↦8.000000238418579),(Vehicles4↦-1.3322676295501878E-15),(Vehicles5↦4.0000001192092896)}",
        "VehiclesVy": "{(EgoVehicle↦0.0),(Vehicles2↦0.0),(Vehicles3↦0.0),(Vehicles4↦0.0),(Vehicles5↦0.0)}",
        "VehiclesX": "{(EgoVehicle↦200.0),(Vehicles2↦-1.9950401037931442),(Vehicles3↦-8.07385966181755),(Vehicles4↦48.21522831916809),(Vehicles5↦59.035879373550415)}"
      },
      "probabilisticVariables": null,
      "activating": [
        "IDLE_24"
      ],
      "activatingOnlyWhenExecuted": true,
      "updating": null,
      "withPredicate": null
    },
    {
      "id": "IDLE_24",
      "execute": "IDLE",
      "after": "1000",
      "priority": 0,
      "additionalGuards": null,
      "activationKind": null,
      "fixedVariables": {
        "Crash": "FALSE",
        "VehiclesAy": "{(EgoVehicle↦0.0),(Vehicles2↦0.0),(Vehicles3↦0.0),(Vehicles4↦0.0),(Vehicles5↦0.0)}",
        "Reward": "0.6666666666671524",
        "VehiclesAx": "{(EgoVehicle↦0.0),(Vehicles2↦0.0331588089466095),(Vehicles3↦0.01847218256443739),(Vehicles4↦0.05804375512525439),(Vehicles5↦0.02056187018752098)}",
        "VehiclesVx": "{(EgoVehicle↦20.0),(Vehicles2↦-0.6566004455089569),(Vehicles3↦0.09551286697387695),(Vehicles4↦0.028812536038458347),(Vehicles5↦-0.2180471271276474)}",
        "VehiclesY": "{(EgoVehicle↦2.6645352591003757E-15),(Vehicles2↦4.0000001192092896),(Vehicles3↦8.000000238418579),(Vehicles4↦-1.3322676295501878E-15),(Vehicles5↦4.0000001192092896)}",
        "VehiclesVy": "{(EgoVehicle↦0.0),(Vehicles2↦0.0),(Vehicles3↦0.0),(Vehicles4↦0.0),(Vehicles5↦0.0)}",
        "VehiclesX": "{(EgoVehicle↦200.0),(Vehicles2↦-2.671405114233494),(Vehicles3↦-7.989269495010376),(Vehicles4↦48.20971488952637),(Vehicles5↦58.80555510520935)}"
      },
      "probabilisticVariables": null,
      "activating": [
        "IDLE_25"
      ],
      "activatingOnlyWhenExecuted": true,
      "updating": null,
      "withPredicate": null
    },
    {
      "id": "IDLE_25",
      "execute": "IDLE",
      "after": "1000",
      "priority": 0,
      "additionalGuards": null,
      "activationKind": null,
      "fixedVariables": {
        "Crash": "FALSE",
        "VehiclesAy": "{(EgoVehicle↦0.0),(Vehicles2↦0.0),(Vehicles3↦0.0),(Vehicles4↦0.0),(Vehicles5↦0.0)}",
        "Reward": "0.6666666666667306",
        "VehiclesAx": "{(EgoVehicle↦0.0),(Vehicles2↦0.03159672021865845),(Vehicles3↦0.01657758839428425),(Vehicles4↦0.05220781546086073),(Vehicles5↦0.01982754096388817)}",
        "VehiclesVx": "{(EgoVehicle↦20.0),(Vehicles2↦-0.6250037252902985),(Vehicles3↦0.1120904553681612),(Vehicles4↦0.08102035149931908),(Vehicles5↦-0.19821958616375923)}",
        "VehiclesY": "{(EgoVehicle↦2.6645352591003757E-15),(Vehicles2↦4.0000001192092896),(Vehicles3↦8.000000238418579),(Vehicles4↦-1.3322676295501878E-15),(Vehicles5↦4.0000001192092896)}",
        "VehiclesVy": "{(EgoVehicle↦0.0),(Vehicles2↦0.0),(Vehicles3↦0.0),(Vehicles4↦0.0),(Vehicles5↦0.0)}",
        "VehiclesX": "{(EgoVehicle↦200.0),(Vehicles2↦-3.3152472227811813),(Vehicles3↦-7.886982709169388),(Vehicles4↦48.25984537601471),(Vehicles5↦58.59549641609192)}"
      },
      "probabilisticVariables": null,
      "activating": [
        "IDLE_26"
      ],
      "activatingOnlyWhenExecuted": true,
      "updating": null,
      "withPredicate": null
    },
    {
      "id": "IDLE_26",
      "execute": "IDLE",
      "after": "1000",
      "priority": 0,
      "additionalGuards": null,
      "activationKind": null,
      "fixedVariables": {
        "Crash": "FALSE",
        "VehiclesAy": "{(EgoVehicle↦0.0),(Vehicles2↦0.0),(Vehicles3↦0.0),(Vehicles4↦0.0),(Vehicles5↦0.0)}",
        "Reward": "0.6666666666666751",
        "VehiclesAx": "{(EgoVehicle↦0.0),(Vehicles2↦0.030164048075675964),(Vehicles3↦0.014888662844896317),(Vehicles4↦0.047152116894721985),(Vehicles5↦0.01913735643029213)}",
        "VehiclesVx": "{(EgoVehicle↦20.0),(Vehicles2↦-0.5948396772146225),(Vehicles3↦0.12697911821305752),(Vehicles4↦0.12817246839404106),(Vehicles5↦-0.1790822297334671)}",
        "VehiclesY": "{(EgoVehicle↦2.6645352591003757E-15),(Vehicles2↦4.0000001192092896),(Vehicles3↦8.000000238418579),(Vehicles4↦-1.3322676295501878E-15),(Vehicles5↦4.0000001192092896)}",
        "VehiclesVy": "{(EgoVehicle↦0.0),(Vehicles2↦0.0),(Vehicles3↦0.0),(Vehicles4↦0.0),(Vehicles5↦0.0)}",
        "VehiclesX": "{(EgoVehicle↦200.0),(Vehicles2↦-3.9280757308006287),(Vehicles3↦-7.768809050321579),(Vehicles4↦48.360103368759155),(Vehicles5↦58.40498208999634)}"
      },
      "probabilisticVariables": null,
      "activating": [
        "IDLE_27"
      ],
      "activatingOnlyWhenExecuted": true,
      "updating": null,
      "withPredicate": null
    },
    {
      "id": "IDLE_27",
      "execute": "IDLE",
      "after": "1000",
      "priority": 0,
      "additionalGuards": null,
      "activationKind": null,
      "fixedVariables": {
        "Crash": "FALSE",
        "VehiclesAy": "{(EgoVehicle↦0.0),(Vehicles2↦0.0),(Vehicles3↦0.0),(Vehicles4↦0.0),(Vehicles5↦0.0)}",
        "Reward": "0.6666666666666677",
        "VehiclesAx": "{(EgoVehicle↦0.0),(Vehicles2↦0.028844550251960754),(Vehicles3↦0.013380544260144234),(Vehicles4↦0.04273679107427597),(Vehicles5↦0.018485505133867264)}",
        "VehiclesVx": "{(EgoVehicle↦20.0),(Vehicles2↦-0.5659951269626617),(Vehicles3↦0.14035966247320175),(Vehicles4↦0.17090925946831703),(Vehicles5↦-0.16059672459959984)}",
        "VehiclesY": "{(EgoVehicle↦2.6645352591003757E-15),(Vehicles2↦4.0000001192092896),(Vehicles3↦8.000000238418579),(Vehicles4↦-1.3322676295501878E-15),(Vehicles5↦4.0000001192092896)}",
        "VehiclesVy": "{(EgoVehicle↦0.0),(Vehicles2↦0.0),(Vehicles3↦0.0),(Vehicles4↦0.0),(Vehicles5↦0.0)}",
        "VehiclesX": "{(EgoVehicle↦200.0),(Vehicles2↦-4.511275887489319),(Vehicles3↦-7.6363638043403625),(Vehicles4↦48.505699634552),(Vehicles5↦58.2333505153656)}"
      },
      "probabilisticVariables": null,
      "activating": [
        "IDLE_28"
      ],
      "activatingOnlyWhenExecuted": true,
      "updating": null,
      "withPredicate": null
    },
    {
      "id": "IDLE_28",
      "execute": "IDLE",
      "after": "1000",
      "priority": 0,
      "additionalGuards": null,
      "activationKind": null,
      "fixedVariables": {
        "Crash": "FALSE",
        "VehiclesAy": "{(EgoVehicle↦-1.7763568394002505E-14),(Vehicles2↦0.0),(Vehicles3↦1.7763568394002505E-14),(Vehicles4↦1.7763568394002505E-14),(Vehicles5↦1.7763568394002505E-14)}",
        "Reward": "0.6666666666666669",
        "VehiclesAx": "{(EgoVehicle↦0.0),(Vehicles2↦0.02762477844953537),(Vehicles3↦0.012032557278871536),(Vehicles4↦0.038854386657476425),(Vehicles5↦0.01786794513463974)}",
        "VehiclesVx": "{(EgoVehicle↦20.0),(Vehicles2↦-0.5383703485131264),(Vehicles3↦0.1523922197520733),(Vehicles4↦0.20976364612579346),(Vehicles5↦-0.1427287794649601)}",
        "VehiclesY": "{(EgoVehicle↦2.6645352591003757E-15),(Vehicles2↦4.0000001192092896),(Vehicles3↦8.000000238418579),(Vehicles4↦-1.3322676295501878E-15),(Vehicles5↦4.0000001192092896)}",
        "VehiclesVy": "{(EgoVehicle↦-1.7763568394002505E-14),(Vehicles2↦0.0),(Vehicles3↦1.7763568394002505E-14),(Vehicles4↦1.7763568394002505E-14),(Vehicles5↦1.7763568394002505E-14)}",
        "VehiclesX": "{(EgoVehicle↦200.0),(Vehicles2↦-5.066127330064774),(Vehicles3↦-7.491089403629303),(Vehicles4↦48.69244396686554),(Vehicles5↦58.07994604110718)}"
      },
      "probabilisticVariables": null,
      "activating": [
        "IDLE_29"
      ],
      "activatingOnlyWhenExecuted": true,
      "updating": null,
      "withPredicate": null
    },
    {
      "id": "IDLE_29",
      "execute": "IDLE",
      "after": "1000",
      "priority": 0,
      "additionalGuards": null,
      "activationKind": null,
      "fixedVariables": {
        "Crash": "FALSE",
        "VehiclesAy": "{(EgoVehicle↦1.7763568394002505E-14),(Vehicles2↦0.0),(Vehicles3↦-1.7763568394002505E-14),(Vehicles4↦-1.7763568394002505E-14),(Vehicles5↦1.7763568394002505E-14)}",
        "Reward": "0.6666666666666669",
        "VehiclesAx": "{(EgoVehicle↦0.0),(Vehicles2↦0.02649351954460144),(Vehicles3↦0.0108272023499012),(Vehicles4↦0.03542112186551094),(Vehicles5↦0.017281537875533104)}",
        "VehiclesVx": "{(EgoVehicle↦20.0),(Vehicles2↦-0.5118768289685249),(Vehicles3↦0.1632194221019745),(Vehicles4↦0.2451847679913044),(Vehicles5↦-0.125447241589427)}",
        "VehiclesY": "{(EgoVehicle↦2.6645352591003757E-15),(Vehicles2↦4.0000001192092896),(Vehicles3↦8.000000238418579),(Vehicles4↦-1.3322676295501878E-15),(Vehicles5↦4.0000001192092896)}",
        "VehiclesVy": "{(EgoVehicle↦0.0),(Vehicles2↦0.0),(Vehicles3↦0.0),(Vehicles4↦0.0),(Vehicles5↦0.0)}",
        "VehiclesX": "{(EgoVehicle↦200.0),(Vehicles2↦-5.593813210725784),(Vehicles3↦-7.334275543689728),(Vehicles4↦48.916634917259216),(Vehicles5↦57.94417858123779)}"
      },
      "probabilisticVariables": null,
      "activating": [
        "IDLE_30"
      ],
      "activatingOnlyWhenExecuted": true,
      "updating": null,
      "withPredicate": null
    },
    {
      "id": "IDLE_30",
      "execute": "IDLE",
      "after": "1000",
      "priority": 0,
      "additionalGuards": null,
      "activationKind": null,
      "fixedVariables": {
        "Crash": "FALSE",
        "VehiclesAy": "{(EgoVehicle↦0.0),(Vehicles2↦0.0),(Vehicles3↦0.0),(Vehicles4↦0.0),(Vehicles5↦0.0)}",
        "Reward": "0.6666666666666669",
        "VehiclesAx": "{(EgoVehicle↦0.0),(Vehicles2↦0.025441274046897888),(Vehicles3↦0.009749550372362137),(Vehicles4↦0.032370686531066895),(Vehicles5↦0.016723833978176117)}",
        "VehiclesVx": "{(EgoVehicle↦20.0),(Vehicles2↦-0.48643555492162704),(Vehicles3↦0.17296897247433662),(Vehicles4↦0.2775554545223713),(Vehicles5↦-0.10872340761125088)}",
        "VehiclesY": "{(EgoVehicle↦2.6645352591003757E-15),(Vehicles2↦4.0000001192092896),(Vehicles3↦8.000000238418579),(Vehicles4↦-1.3322676295501878E-15),(Vehicles5↦4.0000001192092896)}",
        "VehiclesVy": "{(EgoVehicle↦0.0),(Vehicles2↦0.0),(Vehicles3↦0.0),(Vehicles4↦0.0),(Vehicles5↦0.0)}",
        "VehiclesX": "{(EgoVehicle↦200.0),(Vehicles2↦-6.0954321175813675),(Vehicles3↦-7.167074829339981),(Vehicles4↦49.174997210502625),(Vehicles5↦57.82546401023865)}"
      },
      "probabilisticVariables": null,
      "activating": [
        "IDLE_31"
      ],
      "activatingOnlyWhenExecuted": true,
      "updating": null,
      "withPredicate": null
    },
    {
      "id": "IDLE_31",
      "execute": "IDLE",
      "after": "1000",
      "priority": 0,
      "additionalGuards": null,
      "activationKind": null,
      "fixedVariables": {
        "Crash": "FALSE",
        "VehiclesAy": "{(EgoVehicle↦0.0),(Vehicles2↦0.0),(Vehicles3↦0.0),(Vehicles4↦0.0),(Vehicles5↦0.0)}",
        "Reward": "0.6666666666666669",
        "VehiclesAx": "{(EgoVehicle↦0.0),(Vehicles2↦0.024459846317768097),(Vehicles3↦0.008786767721176147),(Vehicles4↦0.029649902135133743),(Vehicles5↦0.016192831099033356)}",
        "VehiclesVx": "{(EgoVehicle↦20.0),(Vehicles2↦-0.46197570860385895),(Vehicles3↦0.18175574019551277),(Vehicles4↦0.30720535665750504),(Vehicles5↦-0.09253057651221752)}",
        "VehiclesY": "{(EgoVehicle↦0.0),(Vehicles2↦4.0000001192092896),(Vehicles3↦8.000000238418579),(Vehicles4↦0.0),(Vehicles5↦4.0000001192092896)}",
        "VehiclesVy": "{(EgoVehicle↦0.0),(Vehicles2↦0.0),(Vehicles3↦0.0),(Vehicles4↦0.0),(Vehicles5↦0.0)}",
        "VehiclesX": "{(EgoVehicle↦200.0),(Vehicles2↦-6.57200813293457),(Vehicles3↦-6.990518420934677),(Vehicles4↦49.464619159698486),(Vehicles5↦57.72325396537781)}"
      },
      "probabilisticVariables": null,
      "activating": [
        "IDLE_32"
      ],
      "activatingOnlyWhenExecuted": true,
      "updating": null,
      "withPredicate": null
    },
    {
      "id": "IDLE_32",
      "execute": "IDLE",
      "after": "1000",
      "priority": 0,
      "additionalGuards": null,
      "activationKind": null,
      "fixedVariables": {
        "Crash": "FALSE",
        "VehiclesAy": "{(EgoVehicle↦0.0),(Vehicles2↦0.0),(Vehicles3↦0.0),(Vehicles4↦0.0),(Vehicles5↦0.0)}",
        "Reward": "0.6666666666666669",
        "VehiclesAx": "{(EgoVehicle↦0.0),(Vehicles2↦0.6516591086983681),(Vehicles3↦-0.6201891414821148),(Vehicles4↦0.027215443551540375),(Vehicles5↦0.01568674575537443)}",
        "VehiclesVx": "{(EgoVehicle↦20.0),(Vehicles2↦0.18968340009450912),(Vehicles3↦-0.438433401286602),(Vehicles4↦0.3344208002090454),(Vehicles5↦-0.07684383075684309)}",
        "VehiclesY": "{(EgoVehicle↦2.6645352591003757E-15),(Vehicles2↦8.000000238418579),(Vehicles3↦4.0000001192092896),(Vehicles4↦-1.3322676295501878E-15),(Vehicles5↦4.0000001192092896)}",
        "VehiclesVy": "{(EgoVehicle↦0.0),(Vehicles2↦0.0),(Vehicles3↦0.0),(Vehicles4↦0.0),(Vehicles5↦0.0)}",
        "VehiclesX": "{(EgoVehicle↦200.0),(Vehicles2↦-6.805526465177536),(Vehicles3↦-7.0244960486888885),(Vehicles4↦49.78289306163788),(Vehicles5↦57.63704180717468)}"
      },
      "probabilisticVariables": null,
      "activating": [
        "IDLE_33"
      ],
      "activatingOnlyWhenExecuted": true,
      "updating": null,
      "withPredicate": null
    },
    {
      "id": "IDLE_33",
      "execute": "IDLE",
      "after": "1000",
      "priority": 0,
      "additionalGuards": null,
      "activationKind": null,
      "fixedVariables": {
        "Crash": "FALSE",
        "VehiclesAy": "{(EgoVehicle↦0.0),(Vehicles2↦0.0),(Vehicles3↦0.0),(Vehicles4↦0.0),(Vehicles5↦0.0)}",
        "Reward": "0.6666666666666669",
        "VehiclesAx": "{(EgoVehicle↦0.0),(Vehicles2↦0.007162299007177353),(Vehicles3↦0.02268262207508087),(Vehicles4↦0.025031529366970062),(Vehicles5↦0.015204083174467087)}",
        "VehiclesVx": "{(EgoVehicle↦20.0),(Vehicles2↦0.19684569910168648),(Vehicles3↦-0.41575077921152115),(Vehicles4↦0.3594523295760155),(Vehicles5↦-0.061639747582376)}",
        "VehiclesY": "{(EgoVehicle↦2.6645352591003757E-15),(Vehicles2↦8.000000238418579),(Vehicles3↦4.0000001192092896),(Vehicles4↦-1.3322676295501878E-15),(Vehicles5↦4.0000001192092896)}",
        "VehiclesVy": "{(EgoVehicle↦0.0),(Vehicles2↦0.0),(Vehicles3↦0.0),(Vehicles4↦0.0),(Vehicles5↦0.0)}",
        "VehiclesX": "{(EgoVehicle↦200.0),(Vehicles2↦-6.612920761108398),(Vehicles3↦-7.453789561986923),(Vehicles4↦50.12749433517456),(Vehicles5↦57.566314935684204)}"
      },
      "probabilisticVariables": null,
      "activating": [
        "IDLE_34"
      ],
      "activatingOnlyWhenExecuted": true,
      "updating": null,
      "withPredicate": null
    },
    {
      "id": "IDLE_34",
      "execute": "IDLE",
      "after": "1000",
      "priority": 0,
      "additionalGuards": null,
      "activationKind": null,
      "fixedVariables": {
        "Crash": "FALSE",
        "VehiclesAy": "{(EgoVehicle↦0.0),(Vehicles2↦0.0),(Vehicles3↦0.0),(Vehicles4↦0.0),(Vehicles5↦0.0)}",
        "Reward": "0.6666666666666669",
        "VehiclesAx": "{(EgoVehicle↦0.0),(Vehicles2↦0.006481911987066269),(Vehicles3↦0.02187546342611313),(Vehicles4↦0.023068413138389587),(Vehicles5↦0.014743427745997906)}",
        "VehiclesVx": "{(EgoVehicle↦20.0),(Vehicles2↦0.20332761108875275),(Vehicles3↦-0.393875315785408),(Vehicles4↦0.38252074271440506),(Vehicles5↦-0.0468963198363781)}",
        "VehiclesY": "{(EgoVehicle↦2.6645352591003757E-15),(Vehicles2↦8.000000238418579),(Vehicles3↦4.0000001192092896),(Vehicles4↦-1.3322676295501878E-15),(Vehicles5↦4.0000001192092896)}",
        "VehiclesVy": "{(EgoVehicle↦0.0),(Vehicles2↦0.0),(Vehicles3↦0.0),(Vehicles4↦0.0),(Vehicles5↦0.0)}",
        "VehiclesX": "{(EgoVehicle↦200.0),(Vehicles2↦-6.413430720567703),(Vehicles3↦-7.860727608203888),(Vehicles4↦50.4963219165802),(Vehicles5↦57.510608434677124)}"
      },
      "probabilisticVariables": null,
      "activating": [
        "IDLE_35"
      ],
      "activatingOnlyWhenExecuted": true,
      "updating": null,
      "withPredicate": null
    },
    {
      "id": "IDLE_35",
      "execute": "IDLE",
      "after": "1000",
      "priority": 0,
      "additionalGuards": null,
      "activationKind": null,
      "fixedVariables": {
        "Crash": "FALSE",
        "VehiclesAy": "{(EgoVehicle↦0.0),(Vehicles2↦0.0),(Vehicles3↦0.0),(Vehicles4↦0.0),(Vehicles5↦0.0)}",
        "Reward": "0.6666666666666669",
        "VehiclesAx": "{(EgoVehicle↦0.0),(Vehicles2↦0.005878657102584839),(Vehicles3↦0.02111624926328659),(Vehicles4↦0.02130076289176941),(Vehicles5↦0.014303512871265411)}",
        "VehiclesVx": "{(EgoVehicle↦20.0),(Vehicles2↦0.20920626819133759),(Vehicles3↦-0.37275906652212143),(Vehicles4↦0.40382150560617447),(Vehicles5↦-0.032592806965112686)}",
        "VehiclesY": "{(EgoVehicle↦2.6645352591003757E-15),(Vehicles2↦8.000000238418579),(Vehicles3↦4.0000001192092896),(Vehicles4↦-1.3322676295501878E-15),(Vehicles5↦4.0000001192092896)}",
        "VehiclesVy": "{(EgoVehicle↦0.0),(Vehicles2↦0.0),(Vehicles3↦0.0),(Vehicles4↦0.0),(Vehicles5↦0.0)}",
        "VehiclesX": "{(EgoVehicle↦200.0),(Vehicles2↦-6.207706406712532),(Vehicles3↦-8.246097713708878),(Vehicles4↦50.887495279312134),(Vehicles5↦57.46946930885315)}"
      },
      "probabilisticVariables": null,
      "activating": [
        "IDLE_36"
      ],
      "activatingOnlyWhenExecuted": true,
      "updating": null,
      "withPredicate": null
    },
    {
      "id": "IDLE_36",
      "execute": "IDLE",
      "after": "1000",
      "priority": 0,
      "additionalGuards": null,
      "activationKind": null,
      "fixedVariables": {
        "Crash": "FALSE",
        "VehiclesAy": "{(EgoVehicle↦0.0),(Vehicles2↦0.0),(Vehicles3↦0.0),(Vehicles4↦0.0),(Vehicles5↦0.0)}",
        "Reward": "0.6666666666666669",
        "VehiclesAx": "{(EgoVehicle↦0.0),(Vehicles2↦0.0053453631699085236),(Vehicles3↦0.020400770008563995),(Vehicles4↦0.01970723271369934),(Vehicles5↦0.013883174397051334)}",
        "VehiclesVx": "{(EgoVehicle↦20.0),(Vehicles2↦0.2145516313612461),(Vehicles3↦-0.35235829651355743),(Vehicles4↦0.4235287383198738),(Vehicles5↦-0.018709632568061352)}",
        "VehiclesY": "{(EgoVehicle↦2.6645352591003757E-15),(Vehicles2↦8.000000238418579),(Vehicles3↦4.0000001192092896),(Vehicles4↦-1.3322676295501878E-15),(Vehicles5↦4.0000001192092896)}",
        "VehiclesVy": "{(EgoVehicle↦0.0),(Vehicles2↦0.0),(Vehicles3↦0.0),(Vehicles4↦0.0),(Vehicles5↦0.0)}",
        "VehiclesX": "{(EgoVehicle↦200.0),(Vehicles2↦-5.996321886777878),(Vehicles3↦-8.610640466213226),(Vehicles4↦51.29932165145874),(Vehicles5↦57.44246244430542)}"
      },
      "probabilisticVariables": null,
      "activating": [
        "IDLE_37"
      ],
      "activatingOnlyWhenExecuted": true,
      "updating": null,
      "withPredicate": null
    },
    {
      "id": "IDLE_37",
      "execute": "IDLE",
      "after": "1000",
      "priority": 0,
      "additionalGuards": null,
      "activationKind": null,
      "fixedVariables": {
        "Crash": "FALSE",
        "VehiclesAy": "{(EgoVehicle↦0.0),(Vehicles2↦0.0),(Vehicles3↦0.0),(Vehicles4↦0.0),(Vehicles5↦0.0)}",
        "Reward": "0.6666666666666669",
        "VehiclesAx": "{(EgoVehicle↦0.0),(Vehicles2↦0.004875566810369492),(Vehicles3↦0.019725561141967773),(Vehicles4↦0.018269233405590057),(Vehicles5↦0.013481313944794238)}",
        "VehiclesVx": "{(EgoVehicle↦20.0),(Vehicles2↦0.2194271981716156),(Vehicles3↦-0.33263273537158966),(Vehicles4↦0.44179797172546387),(Vehicles5↦-0.005228318623267114)}",
        "VehiclesY": "{(EgoVehicle↦2.6645352591003757E-15),(Vehicles2↦8.000000238418579),(Vehicles3↦4.0000001192092896),(Vehicles4↦-1.3322676295501878E-15),(Vehicles5↦4.0000001192092896)}",
        "VehiclesVy": "{(EgoVehicle↦0.0),(Vehicles2↦0.0),(Vehicles3↦0.0),(Vehicles4↦0.0),(Vehicles5↦0.0)}",
        "VehiclesX": "{(EgoVehicle↦200.0),(Vehicles2↦-5.779784917831421),(Vehicles3↦-8.955056220293045),(Vehicles4↦51.73026919364929),(Vehicles5↦57.429176568984985)}"
      },
      "probabilisticVariables": null,
      "activating": [
        "IDLE_38"
      ],
      "activatingOnlyWhenExecuted": true,
      "updating": null,
      "withPredicate": null
    },
    {
      "id": "IDLE_38",
      "execute": "IDLE",
      "after": "1000",
      "priority": 0,
      "additionalGuards": null,
      "activationKind": null,
      "fixedVariables": {
        "Crash": "FALSE",
        "VehiclesAy": "{(EgoVehicle↦0.0),(Vehicles2↦0.0),(Vehicles3↦0.0),(Vehicles4↦0.0),(Vehicles5↦0.0)}",
        "Reward": "0.6666666666666669",
        "VehiclesAx": "{(EgoVehicle↦0.0),(Vehicles2↦0.0044633448123931885),(Vehicles3↦0.019087232649326324),(Vehicles4↦0.016970708966255188),(Vehicles5↦0.013096919865347445)}",
        "VehiclesVx": "{(EgoVehicle↦20.0),(Vehicles2↦0.2238905429840088),(Vehicles3↦-0.31354550272226334),(Vehicles4↦0.45876868069171906),(Vehicles5↦0.00786860124208033)}",
        "VehiclesY": "{(EgoVehicle↦2.6645352591003757E-15),(Vehicles2↦8.000000238418579),(Vehicles3↦4.0000001192092896),(Vehicles4↦-1.3322676295501878E-15),(Vehicles5↦4.0000001192092896)}",
        "VehiclesVy": "{(EgoVehicle↦0.0),(Vehicles2↦0.0),(Vehicles3↦0.0),(Vehicles4↦0.0),(Vehicles5↦0.0)}",
        "VehiclesX": "{(EgoVehicle↦200.0),(Vehicles2↦-5.558541417121887),(Vehicles3↦-9.280004352331161),(Vehicles4↦52.178955078125),(Vehicles5↦57.42921829223633)}"
      },
      "probabilisticVariables": null,
      "activating": [
        "IDLE_39"
      ],
      "activatingOnlyWhenExecuted": true,
      "updating": null,
      "withPredicate": null
    },
    {
      "id": "IDLE_39",
      "execute": "IDLE",
      "after": "1000",
      "priority": 0,
      "additionalGuards": null,
      "activationKind": null,
      "fixedVariables": {
        "Crash": "FALSE",
        "VehiclesAy": "{(EgoVehicle↦-1.7763568394002505E-14),(Vehicles2↦1.7763568394002505E-14),(Vehicles3↦0.0),(Vehicles4↦1.7763568394002505E-14),(Vehicles5↦1.7763568394002505E-14)}",
        "Reward": "0.6666666666666669",
        "VehiclesAx": "{(EgoVehicle↦0.0),(Vehicles2↦0.00410325825214386),(Vehicles3↦0.018482990562915802),(Vehicles4↦0.015797726809978485),(Vehicles5↦0.01272904104553163)}",
        "VehiclesVx": "{(EgoVehicle↦20.0),(Vehicles2↦0.22799380123615265),(Vehicles3↦-0.29506251215934753),(Vehicles4↦0.47456640750169754),(Vehicles5↦0.02059764228761196)}",
        "VehiclesY": "{(EgoVehicle↦2.6645352591003757E-15),(Vehicles2↦8.000000238418579),(Vehicles3↦4.0000001192092896),(Vehicles4↦-1.3322676295501878E-15),(Vehicles5↦4.0000001192092896)}",
        "VehiclesVy": "{(EgoVehicle↦-1.7763568394002505E-14),(Vehicles2↦1.7763568394002505E-14),(Vehicles3↦0.0),(Vehicles4↦1.7763568394002505E-14),(Vehicles5↦1.7763568394002505E-14)}",
        "VehiclesX": "{(EgoVehicle↦200.0),(Vehicles2↦-5.332982912659645),(Vehicles3↦-9.586109966039658),(Vehicles4↦52.64412760734558),(Vehicles5↦57.442206144332886)}"
      },
      "probabilisticVariables": null,
      "activating": [
        "IDLE_40"
      ],
      "activatingOnlyWhenExecuted": true,
      "updating": null,
      "withPredicate": null
    },
    {
      "id": "IDLE_40",
      "execute": "IDLE",
      "after": "1000",
      "priority": 0,
      "additionalGuards": null,
      "activationKind": null,
      "fixedVariables": {
        "Crash": "FALSE",
        "VehiclesAy": "{(EgoVehicle↦1.7763568394002505E-14),(Vehicles2↦-1.7763568394002505E-14),(Vehicles3↦0.0),(Vehicles4↦-1.7763568394002505E-14),(Vehicles5↦1.7763568394002505E-14)}",
        "Reward": "0.6666666666666669",
        "VehiclesAx": "{(EgoVehicle↦0.0),(Vehicles2↦0.0037903152406215668),(Vehicles3↦0.017910189926624298),(Vehicles4↦0.014737769961357117),(Vehicles5↦0.01237679272890091)}",
        "VehiclesVx": "{(EgoVehicle↦20.0),(Vehicles2↦0.23178411647677422),(Vehicles3↦-0.27715232223272324),(Vehicles4↦0.48930417746305466),(Vehicles5↦0.03297443501651287)}",
        "VehiclesY": "{(EgoVehicle↦2.6645352591003757E-15),(Vehicles2↦8.000000238418579),(Vehicles3↦4.0000001192092896),(Vehicles4↦-1.3322676295501878E-15),(Vehicles5↦4.0000001192092896)}",
        "VehiclesVy": "{(EgoVehicle↦0.0),(Vehicles2↦0.0),(Vehicles3↦0.0),(Vehicles4↦0.0),(Vehicles5↦0.0)}",
        "VehiclesX": "{(EgoVehicle↦200.0),(Vehicles2↦-5.103449523448944),(Vehicles3↦-9.87396314740181),(Vehicles4↦53.124672174453735),(Vehicles5↦57.467782497406006)}"
      },
      "probabilisticVariables": null,
      "activating": [
        "IDLE_41"
      ],
      "activatingOnlyWhenExecuted": true,
      "updating": null,
      "withPredicate": null
    },
    {
      "id": "IDLE_41",
      "execute": "IDLE",
      "after": "1000",
      "priority": 0,
      "additionalGuards": null,
      "activationKind": null,
      "fixedVariables": {
        "Crash": "FALSE",
        "VehiclesAy": "{(EgoVehicle↦0.0),(Vehicles2↦0.0),(Vehicles3↦0.0),(Vehicles4↦0.0),(Vehicles5↦0.0)}",
        "Reward": "0.6666666666666669",
        "VehiclesAx": "{(EgoVehicle↦0.0),(Vehicles2↦0.0035198964178562164),(Vehicles3↦0.7802366092801094),(Vehicles4↦-0.44429040513932705),(Vehicles5↦0.5612144339829683)}",
        "VehiclesVx": "{(EgoVehicle↦20.0),(Vehicles2↦0.23530401289463043),(Vehicles3↦0.5030842870473862),(Vehicles4↦0.04501377232372761),(Vehicles5↦0.5941888689994812)}",
        "VehiclesY": "{(EgoVehicle↦2.6645352591003757E-15),(Vehicles2↦8.000000238418579),(Vehicles3↦-1.3322676295501878E-15),(Vehicles4↦4.0000001192092896),(Vehicles5↦8.000000238418579)}",
        "VehiclesVy": "{(EgoVehicle↦0.0),(Vehicles2↦0.0),(Vehicles3↦0.0),(Vehicles4↦0.0),(Vehicles5↦0.0)}",
        "VehiclesX": "{(EgoVehicle↦200.0),(Vehicles2↦-4.870237410068512),(Vehicles3↦53.619563579559326),(Vehicles4↦57.50560164451599),(Vehicles5↦101.29653215408325)}"
      },
      "probabilisticVariables": null,
      "activating": [
        "FASTER_42"
      ],
      "activatingOnlyWhenExecuted": true,
      "updating": null,
      "withPredicate": null
    },
    {
      "id": "FASTER_42",
      "execute": "FASTER",
      "after": "1000",
      "priority": 0,
      "additionalGuards": null,
      "activationKind": null,
      "fixedVariables": {
        "Crash": "FALSE",
        "VehiclesAy": "{(EgoVehicle↦0.0),(Vehicles2↦0.0),(Vehicles3↦0.0),(Vehicles4↦0.0),(Vehicles5↦0.0)}",
        "Reward": "0.7824417009602195",
        "VehiclesAx": "{(EgoVehicle↦4.341564178466797),(Vehicles2↦-4.3382758647203445),(Vehicles3↦-4.328648969531059),(Vehicles4↦-4.329847740009427),(Vehicles5↦-4.3614184856414795)}",
        "VehiclesVx": "{(EgoVehicle↦24.341564178466797),(Vehicles2↦-4.102971851825714),(Vehicles3↦-3.825564682483673),(Vehicles4↦-4.2848339676856995),(Vehicles5↦-3.7672296166419983)}",
        "VehiclesY": "{(EgoVehicle↦2.6645352591003757E-15),(Vehicles2↦8.000000238418579),(Vehicles3↦-3.9968028886505635E-15),(Vehicles4↦4.0000001192092896),(Vehicles5↦8.000000238418579)}",
        "VehiclesVy": "{(EgoVehicle↦0.0),(Vehicles2↦0.0),(Vehicles3↦0.0),(Vehicles4↦0.0),(Vehicles5↦0.0)}",
        "VehiclesX": "{(EgoVehicle↦200.0),(Vehicles2↦-7.028663158416748),(Vehicles3↦51.7328143119812),(Vehicles4↦55.16026020050049),(Vehicles5↦99.48756098747253)}"
      },
      "probabilisticVariables": null,
      "activating": [
        "IDLE_43"
      ],
      "activatingOnlyWhenExecuted": true,
      "updating": null,
      "withPredicate": null
    },
    {
      "id": "IDLE_43",
      "execute": "IDLE",
      "after": "1000",
      "priority": 0,
      "additionalGuards": null,
      "activationKind": null,
      "fixedVariables": {
        "Crash": "FALSE",
        "VehiclesAy": "{(EgoVehicle↦0.0),(Vehicles2↦0.0),(Vehicles3↦0.0),(Vehicles4↦0.0),(Vehicles5↦0.0)}",
        "Reward": "0.7976877960112224",
        "VehiclesAx": "{(EgoVehicle↦0.5717277526855469),(Vehicles2↦-0.2821877598762512),(Vehicles3↦-1.01959228515625),(Vehicles4↦-0.0720435380935669),(Vehicles5↦-0.4731494188308716)}",
        "VehiclesVx": "{(EgoVehicle↦24.913291931152344),(Vehicles2↦-4.385159611701965),(Vehicles3↦-4.845156967639923),(Vehicles4↦-4.356877505779266),(Vehicles5↦-4.24037903547287)}",
        "VehiclesY": "{(EgoVehicle↦2.6645352591003757E-15),(Vehicles2↦-1.3322676295501878E-15),(Vehicles3↦4.0000001192092896),(Vehicles4↦8.000000238418579),(Vehicles5↦-1.3322676295501878E-15)}",
        "VehiclesVy": "{(EgoVehicle↦0.0),(Vehicles2↦0.0),(Vehicles3↦0.0),(Vehicles4↦0.0),(Vehicles5↦0.0)}",
        "VehiclesX": "{(EgoVehicle↦200.0),(Vehicles2↦47.59676456451416),(Vehicles3↦50.56461691856384),(Vehicles4↦95.39760947227478),(Vehicles5↦110.93811988830566)}"
      },
      "probabilisticVariables": null,
      "activating": [
        "LANE_RIGHT_44"
      ],
      "activatingOnlyWhenExecuted": true,
      "updating": null,
      "withPredicate": null
    },
    {
      "id": "LANE_RIGHT_44",
      "execute": "LANE_RIGHT",
      "after": "1000",
      "priority": 0,
      "additionalGuards": null,
      "activationKind": null,
      "fixedVariables": {
        "Crash": "FALSE",
        "VehiclesAy": "{(EgoVehicle↦1.078011393547058),(Vehicles2↦-1.078011393547058),(Vehicles3↦-1.078011393547058),(Vehicles4↦-1.078011393547058),(Vehicles5↦-1.078011393547058)}",
        "Reward": "0.8324084823671368",
        "VehiclesAx": "{(EgoVehicle↦0.05202531814575195),(Vehicles2↦-0.040597617626190186),(Vehicles3↦-0.040917396545410156),(Vehicles4↦-0.06808340549468994),(Vehicles5↦-0.04832148551940918)}",
        "VehiclesVx": "{(EgoVehicle↦24.965317249298096),(Vehicles2↦-4.4257572293281555),(Vehicles3↦-4.886074364185333),(Vehicles4↦-4.424960911273956),(Vehicles5↦-4.288700520992279)}",
        "VehiclesY": "{(EgoVehicle↦3.6606016159057617),(Vehicles2↦-3.6606016159057617),(Vehicles3↦0.33939845860004425),(Vehicles4↦4.339398622512817),(Vehicles5↦-3.6606016159057617)}",
        "VehiclesVy": "{(EgoVehicle↦1.078011393547058),(Vehicles2↦-1.078011393547058),(Vehicles3↦-1.078011393547058),(Vehicles4↦-1.078011393547058),(Vehicles5↦-1.078011393547058)}",
        "VehiclesX": "{(EgoVehicle↦200.0),(Vehicles2↦43.495261669158936),(Vehicles3↦46.002957224845886),(Vehicles4↦91.31319522857666),(Vehicles5↦106.97824954986572)}"
      },
      "probabilisticVariables": null,
      "activating": [
        "LANE_RIGHT_45"
      ],
      "activatingOnlyWhenExecuted": true,
      "updating": null,
      "withPredicate": null
    },
    {
      "id": "LANE_RIGHT_45",
      "execute": "LANE_RIGHT",
      "after": "1000",
      "priority": 0,
      "additionalGuards": null,
      "activationKind": null,
      "fixedVariables": {
        "Crash": "FALSE",
        "VehiclesAy": "{(EgoVehicle↦0.038999393582344055),(Vehicles2↦-0.038999393582344055),(Vehicles3↦-0.038999393582344055),(Vehicles4↦-0.038999393582344055),(Vehicles5↦-2.1950221806764603)}",
        "Reward": "0.8659607499660266",
        "VehiclesAx": "{(EgoVehicle↦0.008211135864257812),(Vehicles2↦0.002582073211669922),(Vehicles3↦0.002612471580505371),(Vehicles4↦-0.022486746311187744),(Vehicles5↦-0.004488229751586914)}",
        "VehiclesVx": "{(EgoVehicle↦24.973528385162354),(Vehicles2↦-4.423175156116486),(Vehicles3↦-4.883461892604828),(Vehicles4↦-4.447447657585144),(Vehicles5↦-4.293188750743866)}",
        "VehiclesY": "{(EgoVehicle↦7.648747444152832),(Vehicles2↦-7.648747444152832),(Vehicles3↦-3.648746967315674),(Vehicles4↦0.351252906024456),(Vehicles5↦-7.648747444152832)}",
        "VehiclesVy": "{(EgoVehicle↦1.1170107871294022),(Vehicles2↦-1.1170107871294022),(Vehicles3↦-1.1170107871294022),(Vehicles4↦-1.1170107871294022),(Vehicles5↦-1.1170107871294022)}",
        "VehiclesX": "{(EgoVehicle↦200.0),(Vehicles2↦39.424240589141846),(Vehicles3↦41.471606492996216),(Vehicles4↦87.23275661468506),(Vehicles5↦103.04141044616699)}"
      },
      "probabilisticVariables": null,
      "activating": [
        "SLOWER_46"
      ],
      "activatingOnlyWhenExecuted": true,
      "updating": null,
      "withPredicate": null
    },
    {
      "id": "SLOWER_46",
      "execute": "SLOWER",
      "after": "1000",
      "priority": 0,
      "additionalGuards": null,
      "activationKind": null,
      "fixedVariables": {
        "Crash": "FALSE",
        "VehiclesAy": "{(EgoVehicle↦-1.0666700173169374),(Vehicles2↦1.0666700173169374),(Vehicles3↦1.0666700173169374),(Vehicles4↦1.0666700173169374),(Vehicles5↦-1.1673515569418669)}",
        "Reward": "0.7508847164564579",
        "VehiclesAx": "{(EgoVehicle↦-4.315352439880371),(Vehicles2↦4.32556938380003),(Vehicles3↦4.3258994445204735),(Vehicles4↦4.302770094946027),(Vehicles5↦4.319109248463064)}",
        "VehiclesVx": "{(EgoVehicle↦20.658175945281982),(Vehicles2↦-0.09760577231645584),(Vehicles3↦-0.5575624480843544),(Vehicles4↦-0.14467756263911724),(Vehicles5↦0.025920497719198465)}",
        "VehiclesY": "{(EgoVehicle↦7.982576608657837),(Vehicles2↦-7.982576608657837),(Vehicles3↦-3.9825764894485474),(Vehicles4↦0.017423576675355434),(Vehicles5↦-7.982576608657837)}",
        "VehiclesVy": "{(EgoVehicle↦0.050340769812464714),(Vehicles2↦-0.050340769812464714),(Vehicles3↦-0.050340769812464714),(Vehicles4↦-0.050340769812464714),(Vehicles5↦-0.050340769812464714)}",
        "VehiclesX": "{(EgoVehicle↦200.0),(Vehicles2↦37.37850785255432),(Vehicles3↦38.96569609642029),(Vehicles4↦85.15345454216003),(Vehicles5↦101.12302303314209)}"
      },
      "probabilisticVariables": null,
      "activating": [
        "FASTER_47"
      ],
      "activatingOnlyWhenExecuted": true,
      "updating": null,
      "withPredicate": null
    },
    {
      "id": "FASTER_47",
      "execute": "FASTER",
      "after": "1000",
      "priority": 0,
      "additionalGuards": null,
      "activationKind": null,
      "fixedVariables": {
        "Crash": "FALSE",
        "VehiclesAy": "{(EgoVehicle↦-0.04790060949744657),(Vehicles2↦0.04790060949744657),(Vehicles3↦0.04790060949744657),(Vehicles4↦0.04790060949744657),(Vehicles5↦-0.05278093012748286)}",
        "Reward": "0.8514198730196586",
        "VehiclesAx": "{(EgoVehicle↦3.7700700759887695),(Vehicles2↦-3.7603668496012688),(Vehicles3↦-3.7597837671637535),(Vehicles4↦-3.781042592599988),(Vehicles5↦-3.766260074917227)}",
        "VehiclesVx": "{(EgoVehicle↦24.428246021270752),(Vehicles2↦-3.8579726219177246),(Vehicles3↦-4.317346215248108),(Vehicles4↦-3.9257201552391052),(Vehicles5↦-3.7403395771980286)}",
        "VehiclesY": "{(EgoVehicle↦7.999262809753418),(Vehicles2↦-7.999262809753418),(Vehicles3↦-3.9992623329162598),(Vehicles4↦0.0007375288987532258),(Vehicles5↦-7.999262809753418)}",
        "VehiclesVy": "{(EgoVehicle↦0.0024401603150181472),(Vehicles2↦-0.0024401603150181472),(Vehicles3↦-0.0024401603150181472),(Vehicles4↦-0.0024401603150181472),(Vehicles5↦-0.0024401603150181472)}",
        "VehiclesX": "{(EgoVehicle↦200.0),(Vehicles2↦35.20501255989075),(Vehicles3↦36.33245825767517),(Vehicles4↦82.92445540428162),(Vehicles5↦99.07066226005554)}"
      },
      "probabilisticVariables": null,
      "activating": [
        "SLOWER_48"
      ],
      "activatingOnlyWhenExecuted": true,
      "updating": null,
      "withPredicate": null
    },
    {
      "id": "SLOWER_48",
      "execute": "SLOWER",
      "after": "1000",
      "priority": 0,
      "additionalGuards": null,
      "activationKind": null,
      "fixedVariables": {
        "Crash": "FALSE",
        "VehiclesAy": "{(EgoVehicle↦-0.002337348250875948),(Vehicles2↦0.002337348250875948),(Vehicles3↦0.002337348250875948),(Vehicles4↦0.002337348250875948),(Vehicles5↦-0.0025429723791603465)}",
        "Reward": "0.74888382457736",
        "VehiclesAx": "{(EgoVehicle↦-3.8451027870178223),(Vehicles2↦3.8543382490752265),(Vehicles3↦3.855133391916752),(Vehicles4↦3.8356436137109995),(Vehicles5↦3.848972264677286)}",
        "VehiclesVx": "{(EgoVehicle↦20.58314323425293),(Vehicles2↦-0.0036343728424981236),(Vehicles3↦-0.46221282333135605),(Vehicles4↦-0.09007654152810574),(Vehicles5↦0.10863268747925758)}",
        "VehiclesY": "{(EgoVehicle↦7.999964475631714),(Vehicles2↦-7.999964475631714),(Vehicles3↦-3.9999643564224243),(Vehicles4↦3.552385351213161E-05),(Vehicles5↦-7.999964475631714)}",
        "VehiclesVy": "{(EgoVehicle↦0.00010281206414219923),(Vehicles2↦-0.00010281206414219923),(Vehicles3↦-0.00010281206414219923),(Vehicles4↦-0.00010281206414219923),(Vehicles5↦-0.00010281206414219923)}",
        "VehiclesX": "{(EgoVehicle↦200.0),(Vehicles2↦33.47195386886597),(Vehicles3↦34.14033055305481),(Vehicles4↦81.11602067947388),(Vehicles5↦97.45304584503174)}"
      },
      "probabilisticVariables": null,
      "activating": [
        "FASTER_49"
      ],
      "activatingOnlyWhenExecuted": true,
      "updating": null,
      "withPredicate": null
    },
    {
      "id": "FASTER_49",
      "execute": "FASTER",
      "after": "1000",
      "priority": 0,
      "additionalGuards": null,
      "activationKind": null,
      "fixedVariables": {
        "Crash": "FALSE",
        "VehiclesAy": "{(EgoVehicle↦-9.783323548617773E-05),(Vehicles2↦9.783323548617773E-05),(Vehicles3↦9.783323548617773E-05),(Vehicles4↦9.783323548617773E-05),(Vehicles5↦-0.00010779089279822074)}",
        "Reward": "0.8511561689438601",
        "VehiclesAx": "{(EgoVehicle↦3.8352131843566895),(Vehicles2↦-3.826394399511628),(Vehicles3↦-3.825424946844578),(Vehicles4↦-3.8432464841753244),(Vehicles5↦-3.8312717713415623)}",
        "VehiclesVx": "{(EgoVehicle↦24.41835641860962),(Vehicles2↦-3.830028772354126),(Vehicles3↦-4.287637770175934),(Vehicles4↦-3.93332302570343),(Vehicles5↦-3.7226390838623047)}",
        "VehiclesY": "{(EgoVehicle↦7.9999988079071045),(Vehicles2↦-7.9999988079071045),(Vehicles3↦-3.9999983310699463),(Vehicles4↦1.5045673080749111E-06),(Vehicles5↦-7.9999988079071045)}",
        "VehiclesVy": "{(EgoVehicle↦4.978828656021506E-06),(Vehicles2↦-4.978828656021506E-06),(Vehicles3↦-4.978828656021506E-06),(Vehicles4↦-4.978828656021506E-06),(Vehicles5↦-4.978828656021506E-06)}",
        "VehiclesX": "{(EgoVehicle↦200.0),(Vehicles2↦31.356149911880493),(Vehicles3↦31.566321849822998),(Vehicles4↦78.9068877696991),(Vehicles5↦95.44752240180969)}"
      },
      "probabilisticVariables": null,
      "activating": [
        "SLOWER_50"
      ],
      "activatingOnlyWhenExecuted": true,
      "updating": null,
      "withPredicate": null
    },
    {
      "id": "SLOWER_50",
      "execute": "SLOWER",
      "after": "1000",
      "priority": 0,
      "additionalGuards": null,
      "activationKind": null,
      "fixedVariables": {
        "Crash": "FALSE",
        "VehiclesAy": "{(EgoVehicle↦-4.769062407206093E-06),(Vehicles2↦4.769062407206093E-06),(Vehicles3↦4.769062407206093E-06),(Vehicles4↦4.769062407206093E-06),(Vehicles5↦-5.1885949048369184E-06)}",
        "Reward": "0.7488490976935691",
        "VehiclesAx": "{(EgoVehicle↦-3.836514949798584),(Vehicles2↦3.3884596452116966),(Vehicles3↦4.302567046834156),(Vehicles4↦3.829814773052931),(Vehicles5↦3.84053410962224)}",
        "VehiclesVx": "{(EgoVehicle↦20.581841468811035),(Vehicles2↦-0.44156912714242935),(Vehicles3↦0.01492927665822208),(Vehicles4↦-0.10350825265049934),(Vehicles5↦0.11789502575993538)}",
        "VehiclesY": "{(EgoVehicle↦8.000000238418579),(Vehicles2↦-3.999999761581421),(Vehicles3↦-8.000000238418579),(Vehicles4↦7.247779976182755E-08),(Vehicles5↦-8.000000238418579)}",
        "VehiclesVy": "{(EgoVehicle↦2.0976624881541284E-07),(Vehicles2↦-2.0976624881541284E-07),(Vehicles3↦-2.0976624881541284E-07),(Vehicles4↦-2.0976624881541284E-07),(Vehicles5↦-2.0976624881541284E-07)}",
        "VehiclesX": "{(EgoVehicle↦200.0),(Vehicles2↦29.398971796035767),(Vehicles3↦29.645973443984985),(Vehicles4↦77.08722949028015),(Vehicles5↦93.84292960166931)}"
      },
      "probabilisticVariables": null,
      "activating": [
        "FASTER_51"
      ],
      "activatingOnlyWhenExecuted": true,
      "updating": null,
      "withPredicate": null
    },
    {
      "id": "FASTER_51",
      "execute": "FASTER",
      "after": "1000",
      "priority": 0,
      "additionalGuards": null,
      "activationKind": null,
      "fixedVariables": {
        "Crash": "FALSE",
        "VehiclesAy": "{(EgoVehicle↦-1.99607903539345E-07),(Vehicles2↦1.99607903539345E-07),(Vehicles3↦1.99607903539345E-07),(Vehicles4↦1.99607903539345E-07),(Vehicles5↦-2.1992459409148069E-07)}",
        "Reward": "0.8511515958553945",
        "VehiclesAx": "{(EgoVehicle↦3.836343288421631),(Vehicles2↦-3.827015720307827),(Vehicles3↦-3.8282374560367316),(Vehicles4↦-3.841800969094038),(Vehicles5↦-3.8322425074875355)}",
        "VehiclesVx": "{(EgoVehicle↦24.418184757232666),(Vehicles2↦-4.268584847450256),(Vehicles3↦-3.8133081793785095),(Vehicles4↦-3.9453092217445374),(Vehicles5↦-3.7143474817276)}",
        "VehiclesY": "{(EgoVehicle↦8.000000238418579),(Vehicles2↦-4.0000001192092896),(Vehicles3↦-8.000000238418579),(Vehicles4↦3.0697711039806563E-09),(Vehicles5↦-8.000000238418579)}",
        "VehiclesVy": "{(EgoVehicle↦1.0158345276067848E-08),(Vehicles2↦-1.0158345276067848E-08),(Vehicles3↦-1.0158345276067848E-08),(Vehicles4↦-1.0158345276067848E-08),(Vehicles5↦-1.0158345276067848E-08)}",
        "VehiclesX": "{(EgoVehicle↦200.0),(Vehicles2↦26.844799518585205),(Vehicles3↦27.547818422317505),(Vehicles4↦74.86509084701538),(Vehicles5↦91.84610843658447)}"
      },
      "probabilisticVariables": null,
      "activating": [
        "SLOWER_52"
      ],
      "activatingOnlyWhenExecuted": true,
      "updating": null,
      "withPredicate": null
    },
    {
      "id": "SLOWER_52",
      "execute": "SLOWER",
      "after": "1000",
      "priority": 0,
      "additionalGuards": null,
      "activationKind": null,
      "fixedVariables": {
        "Crash": "FALSE",
        "VehiclesAy": "{(EgoVehicle↦-9.730349859182752E-09),(Vehicles2↦9.730358740966949E-09),(Vehicles3↦9.730358740966949E-09),(Vehicles4↦9.730358740966949E-09),(Vehicles5↦-1.0586331811168748E-08)}",
        "Reward": "0.7488484954761562",
        "VehiclesAx": "{(EgoVehicle↦-3.836367130279541),(Vehicles2↦3.8454771414399147),(Vehicles3↦3.844170863740146),(Vehicles4↦3.832064112648368),(Vehicles5↦3.8405524287372828)}",
        "VehiclesVx": "{(EgoVehicle↦20.581817626953125),(Vehicles2↦-0.42310770601034164),(Vehicles3↦0.03086268436163664),(Vehicles4↦-0.11324510909616947),(Vehicles5↦0.12620494700968266)}",
        "VehiclesY": "{(EgoVehicle↦8.000000238418579),(Vehicles2↦-4.0000001192092896),(Vehicles3↦-8.000000238418579),(Vehicles4↦1.4787904234481175E-10),(Vehicles5↦-8.000000238418579)}",
        "VehiclesVy": "{(EgoVehicle↦4.2799541688509635E-10),(Vehicles2↦-4.2798653510089935E-10),(Vehicles3↦-4.2798653510089935E-10),(Vehicles4↦-4.2798653510089935E-10),(Vehicles5↦-4.2798653510089935E-10)}",
        "VehiclesX": "{(EgoVehicle↦200.0),(Vehicles2↦24.696239829063416),(Vehicles3↦25.854021310806274),(Vehicles4↦73.03434014320374),(Vehicles5↦90.24978876113892)}"
      },
      "probabilisticVariables": null,
      "activating": [
        "FASTER_53"
      ],
      "activatingOnlyWhenExecuted": true,
      "updating": null,
      "withPredicate": null
    },
    {
      "id": "FASTER_53",
      "execute": "FASTER",
      "after": "1000",
      "priority": 0,
      "additionalGuards": null,
      "activationKind": null,
      "fixedVariables": {
        "Crash": "FALSE",
        "VehiclesAy": "{(EgoVehicle↦-4.072653325692954E-10),(Vehicles2↦4.072564507850984E-10),(Vehicles3↦4.072564507850984E-10),(Vehicles4↦4.072564507850984E-10),(Vehicles5↦-4.4871661941670027E-10)}",
        "Reward": "0.8511515165510439",
        "VehiclesAx": "{(EgoVehicle↦3.83636474609375),(Vehicles2↦-3.827461637556553),(Vehicles3↦-3.8288286281749606),(Vehicles4↦-3.83959605358541),(Vehicles5↦-3.8320903573185205)}",
        "VehiclesVx": "{(EgoVehicle↦24.418182373046875),(Vehicles2↦-4.2505693435668945),(Vehicles3↦-3.797965943813324),(Vehicles4↦-3.9528411626815796),(Vehicles5↦-3.705885410308838)}",
        "VehiclesY": "{(EgoVehicle↦8.000000238418579),(Vehicles2↦-4.0000001192092896),(Vehicles3↦-8.000000238418579),(Vehicles4↦6.264322394144983E-12),(Vehicles5↦-8.000000238418579)}",
        "VehiclesVy": "{(EgoVehicle↦2.0730084315800923E-11),(Vehicles2↦-2.0730084315800923E-11),(Vehicles3↦-2.0730084315800923E-11),(Vehicles4↦-2.0730084315800923E-11),(Vehicles5↦-2.0730084315800923E-11)}",
        "VehiclesX": "{(EgoVehicle↦200.0),(Vehicles2↦22.160345315933228),(Vehicles3↦23.771552741527557),(Vehicles4↦70.8033561706543),(Vehicles5↦88.26133608818054)}"
      },
      "probabilisticVariables": null,
      "activating": [
        "SLOWER_54"
      ],
      "activatingOnlyWhenExecuted": true,
      "updating": null,
      "withPredicate": null
    },
    {
      "id": "SLOWER_54",
      "execute": "SLOWER",
      "after": "1000",
      "priority": 0,
      "additionalGuards": null,
      "activationKind": null,
      "fixedVariables": {
        "Crash": "FALSE",
        "VehiclesAy": "{(EgoVehicle↦-1.98596694644948E-11),(Vehicles2↦1.98596694644948E-11),(Vehicles3↦1.98596694644948E-11),(Vehicles4↦1.98596694644948E-11),(Vehicles5↦-2.1600499167107046E-11)}",
        "Reward": "0.7488484850327849",
        "VehiclesAx": "{(EgoVehicle↦-3.83636474609375),(Vehicles2↦3.8450637459754944),(Vehicles3↦3.84365723002702),(Vehicles4↦3.8341176230460405),(Vehicles5↦3.8407238386571407)}",
        "VehiclesVx": "{(EgoVehicle↦20.581817626953125),(Vehicles2↦-0.40550559759140015),(Vehicles3↦0.045691286213696),(Vehicles4↦-0.11872353963553905),(Vehicles5↦0.13483842834830284)}",
        "VehiclesY": "{(EgoVehicle↦8.000000238418579),(Vehicles2↦-4.0000001192092896),(Vehicles3↦-8.000000238418579),(Vehicles4↦3.0109248427834245E-13),(Vehicles5↦-8.000000238418579)}",
        "VehiclesVy": "{(EgoVehicle↦8.704148513061227E-13),(Vehicles2↦-8.704148513061227E-13),(Vehicles3↦-8.704148513061227E-13),(Vehicles4↦-8.704148513061227E-13),(Vehicles5↦-8.704148513061227E-13)}",
        "VehiclesX": "{(EgoVehicle↦200.0),(Vehicles2↦20.029635727405548),(Vehicles3↦22.09288626909256),(Vehicles4↦68.96589994430542),(Vehicles5↦86.67355179786682)}"
      },
      "probabilisticVariables": null,
      "activating": [
        "FASTER_55"
      ],
      "activatingOnlyWhenExecuted": true,
      "updating": null,
      "withPredicate": null
    },
    {
      "id": "FASTER_55",
      "execute": "FASTER",
      "after": "1000",
      "priority": 0,
      "additionalGuards": null,
      "activationKind": null,
      "fixedVariables": {
        "Crash": "FALSE",
        "VehiclesAy": "{(EgoVehicle↦-8.348877145181177E-13),(Vehicles2↦8.260059303211165E-13),(Vehicles3↦8.260059303211165E-13),(Vehicles4↦8.260059303211165E-13),(Vehicles5↦-9.14823772291129E-13)}",
        "Reward": "0.851151515175785",
        "VehiclesAx": "{(EgoVehicle↦3.83636474609375),(Vehicles2↦-3.8278579711914062),(Vehicles3↦-3.829285358078778),(Vehicles4↦-3.8377019483596087),(Vehicles5↦-3.8319172523915768)}",
        "VehiclesVx": "{(EgoVehicle↦24.418182373046875),(Vehicles2↦-4.233363568782806),(Vehicles3↦-3.783594071865082),(Vehicles4↦-3.9564254879951477),(Vehicles5↦-3.697078824043274)}",
        "VehiclesY": "{(EgoVehicle↦8.000000238418579),(Vehicles2↦-4.0000001192092896),(Vehicles3↦-8.000000238418579),(Vehicles4↦1.3322676295501878E-14),(Vehicles5↦-8.000000238418579)}",
        "VehiclesVy": "{(EgoVehicle↦3.552713678800501E-14),(Vehicles2↦-4.440892098500626E-14),(Vehicles3↦-4.440892098500626E-14),(Vehicles4↦-4.440892098500626E-14),(Vehicles5↦-4.440892098500626E-14)}",
        "VehiclesX": "{(EgoVehicle↦200.0),(Vehicles2↦17.511184513568878),(Vehicles3↦20.025062561035156),(Vehicles4↦66.73020720481873),(Vehicles5↦84.69379544258118)}"
      },
      "probabilisticVariables": null,
      "activating": [
        "SLOWER_56"
      ],
      "activatingOnlyWhenExecuted": true,
      "updating": null,
      "withPredicate": null
    },
    {
      "id": "SLOWER_56",
      "execute": "SLOWER",
      "after": "1000",
      "priority": 0,
      "additionalGuards": null,
      "activationKind": null,
      "fixedVariables": {
        "Crash": "FALSE",
        "VehiclesAy": "{(EgoVehicle↦-3.552713678800501E-14),(Vehicles2↦4.440892098500626E-14),(Vehicles3↦4.440892098500626E-14),(Vehicles4↦4.440892098500626E-14),(Vehicles5↦-4.440892098500626E-14)}",
        "Reward": "0.7488484848516809",
        "VehiclesAx": "{(EgoVehicle↦-3.83636474609375),(Vehicles2↦3.844681829214096),(Vehicles3↦3.8432503305375576),(Vehicles4↦3.8358578365296125),(Vehicles5↦3.8408944476395845)}",
        "VehiclesVx": "{(EgoVehicle↦20.581817626953125),(Vehicles2↦-0.3886817395687103),(Vehicles3↦0.059656258672475815),(Vehicles4↦-0.12056765146553516),(Vehicles5↦0.14381562359631062)}",
        "VehiclesY": "{(EgoVehicle↦8.000000238418579),(Vehicles2↦-4.0000001192092896),(Vehicles3↦-8.000000238418579),(Vehicles4↦0.0),(Vehicles5↦-8.000000238418579)}",
        "VehiclesVy": "{(EgoVehicle↦0.0),(Vehicles2↦0.0),(Vehicles3↦0.0),(Vehicles4↦0.0),(Vehicles5↦0.0)}",
        "VehiclesX": "{(EgoVehicle↦200.0),(Vehicles2↦15.397526323795319),(Vehicles3↦18.360601365566254),(Vehicles4↦64.88988399505615),(Vehicles5↦83.11488628387451)}"
      },
      "probabilisticVariables": null,
      "activating": [
        "FASTER_57"
      ],
      "activatingOnlyWhenExecuted": true,
      "updating": null,
      "withPredicate": null
    },
    {
      "id": "FASTER_57",
      "execute": "FASTER",
      "after": "1000",
      "priority": 0,
      "additionalGuards": null,
      "activationKind": null,
      "fixedVariables": {
        "Crash": "FALSE",
        "VehiclesAy": "{(EgoVehicle↦0.0),(Vehicles2↦0.0),(Vehicles3↦0.0),(Vehicles4↦0.0),(Vehicles5↦0.0)}",
        "Reward": "0.851151515151936",
        "VehiclesAx": "{(EgoVehicle↦3.83636474609375),(Vehicles2↦-3.8282261788845062),(Vehicles3↦-3.829647656530142),(Vehicles4↦-3.836108772084117),(Vehicles5↦-3.831750499084592)}",
        "VehiclesVx": "{(EgoVehicle↦24.418182373046875),(Vehicles2↦-4.2169079184532166),(Vehicles3↦-3.769991397857666),(Vehicles4↦-3.956676423549652),(Vehicles5↦-3.6879348754882812)}",
        "VehiclesY": "{(EgoVehicle↦8.000000238418579),(Vehicles2↦-4.0000001192092896),(Vehicles3↦-8.000000238418579),(Vehicles4↦-1.3322676295501878E-15),(Vehicles5↦-8.000000238418579)}",
        "VehiclesVy": "{(EgoVehicle↦0.0),(Vehicles2↦0.0),(Vehicles3↦0.0),(Vehicles4↦0.0),(Vehicles5↦0.0)}",
        "VehiclesX": "{(EgoVehicle↦200.0),(Vehicles2↦12.895750999450684),(Vehicles3↦16.306592524051666),(Vehicles4↦62.65299320220947),(Vehicles5↦81.14417791366577)}"
      },
      "probabilisticVariables": null,
      "activating": [
        "SLOWER_58"
      ],
      "activatingOnlyWhenExecuted": true,
      "updating": null,
      "withPredicate": null
    },
    {
      "id": "SLOWER_58",
      "execute": "SLOWER",
      "after": "1000",
      "priority": 0,
      "additionalGuards": null,
      "activationKind": null,
      "fixedVariables": {
        "Crash": "FALSE",
        "VehiclesAy": "{(EgoVehicle↦0.0),(Vehicles2↦0.0),(Vehicles3↦0.0),(Vehicles4↦0.0),(Vehicles5↦0.0)}",
        "Reward": "0.7488484848485403",
        "VehiclesAx": "{(EgoVehicle↦-3.83636474609375),(Vehicles2↦3.844326175749302),(Vehicles3↦3.842928013764322),(Vehicles4↦3.8373119477182627),(Vehicles5↦3.8410557713359594)}",
        "VehiclesVx": "{(EgoVehicle↦20.581817626953125),(Vehicles2↦-0.37258174270391464),(Vehicles3↦0.07293661590665579),(Vehicles4↦-0.11936447583138943),(Vehicles5↦0.15312089584767818)}",
        "VehiclesY": "{(EgoVehicle↦8.000000238418579),(Vehicles2↦-4.0000001192092896),(Vehicles3↦-8.000000238418579),(Vehicles4↦-1.3322676295501878E-15),(Vehicles5↦-8.000000238418579)}",
        "VehiclesVy": "{(EgoVehicle↦0.0),(Vehicles2↦0.0),(Vehicles3↦0.0),(Vehicles4↦0.0),(Vehicles5↦0.0)}",
        "VehiclesX": "{(EgoVehicle↦200.0),(Vehicles2↦10.79840436577797),(Vehicles3↦14.655601978302002),(Vehicles4↦60.81300973892212),(Vehicles5↦79.5744776725769)}"
      },
      "probabilisticVariables": null,
      "activating": [
        "FASTER_59"
      ],
      "activatingOnlyWhenExecuted": true,
      "updating": null,
      "withPredicate": null
    },
    {
      "id": "FASTER_59",
      "execute": "FASTER",
      "after": "1000",
      "priority": 0,
      "additionalGuards": null,
      "activationKind": null,
      "fixedVariables": {
        "Crash": "FALSE",
        "VehiclesAy": "{(EgoVehicle↦0.0),(Vehicles2↦0.0),(Vehicles3↦0.0),(Vehicles4↦0.0),(Vehicles5↦0.0)}",
        "Reward": "0.8511515151515224",
        "VehiclesAx": "{(EgoVehicle↦3.83636474609375),(Vehicles2↦-3.8285693898797035),(Vehicles3↦-3.8299339031800628),(Vehicles4↦-3.8347856048494577),(Vehicles5↦-3.831595918163657)}",
        "VehiclesVx": "{(EgoVehicle↦24.418182373046875),(Vehicles2↦-4.201151132583618),(Vehicles3↦-3.756997287273407),(Vehicles4↦-3.954150080680847),(Vehicles5↦-3.678475022315979)}",
        "VehiclesY": "{(EgoVehicle↦8.000000238418579),(Vehicles2↦-4.0000001192092896),(Vehicles3↦-8.000000238418579),(Vehicles4↦0.0),(Vehicles5↦-8.000000238418579)}",
        "VehiclesVy": "{(EgoVehicle↦0.0),(Vehicles2↦0.0),(Vehicles3↦0.0),(Vehicles4↦0.0),(Vehicles5↦0.0)}",
        "VehiclesX": "{(EgoVehicle↦200.0),(Vehicles2↦8.312590420246124),(Vehicles3↦12.61475682258606),(Vehicles4↦58.57786536216736),(Vehicles5↦77.61313915252686)}"
      },
      "probabilisticVariables": null,
      "activating": [
        "SLOWER_60"
      ],
      "activatingOnlyWhenExecuted": true,
      "updating": null,
      "withPredicate": null
    },
    {
      "id": "SLOWER_60",
      "execute": "SLOWER",
      "after": "1000",
      "priority": 0,
      "additionalGuards": null,
      "activationKind": null,
      "fixedVariables": {
        "Crash": "FALSE",
        "VehiclesAy": "{(EgoVehicle↦0.0),(Vehicles2↦0.0),(Vehicles3↦0.0),(Vehicles4↦0.0),(Vehicles5↦0.0)}",
        "Reward": "0.7488484848484859",
        "VehiclesAx": "{(EgoVehicle↦-3.83636474609375),(Vehicles2↦3.8439946994185448),(Vehicles3↦3.8426741678267717),(Vehicles4↦3.8385118544101715),(Vehicles5↦3.8412033580243587)}",
        "VehiclesVx": "{(EgoVehicle↦20.581817626953125),(Vehicles2↦-0.3571564331650734),(Vehicles3↦0.08567688055336475),(Vehicles4↦-0.11563822627067566),(Vehicles5↦0.16272833570837975)}",
        "VehiclesY": "{(EgoVehicle↦8.000000238418579),(Vehicles2↦-4.0000001192092896),(Vehicles3↦-8.000000238418579),(Vehicles4↦0.0),(Vehicles5↦-8.000000238418579)}",
        "VehiclesVy": "{(EgoVehicle↦0.0),(Vehicles2↦0.0),(Vehicles3↦0.0),(Vehicles4↦0.0),(Vehicles5↦0.0)}",
        "VehiclesX": "{(EgoVehicle↦200.0),(Vehicles2↦6.230868026614189),(Vehicles3↦10.976656526327133),(Vehicles4↦56.74089193344116),(Vehicles5↦76.05295777320862)}"
      },
      "probabilisticVariables": null,
      "activating": [
        "FASTER_61"
      ],
      "activatingOnlyWhenExecuted": true,
      "updating": null,
      "withPredicate": null
    },
    {
      "id": "FASTER_61",
      "execute": "FASTER",
      "after": "1000",
      "priority": 0,
      "additionalGuards": null,
      "activationKind": null,
      "fixedVariables": {
        "Crash": "FALSE",
        "VehiclesAy": "{(EgoVehicle↦0.0),(Vehicles2↦0.0),(Vehicles3↦0.0),(Vehicles4↦0.0),(Vehicles5↦0.0)}",
        "Reward": "0.8511515151515153",
        "VehiclesAx": "{(EgoVehicle↦3.83636474609375),(Vehicles2↦-3.8288896903395653),(Vehicles3↦-3.830158980563283),(Vehicles4↦-3.833700865507126),(Vehicles5↦-3.831456508487463)}",
        "VehiclesVx": "{(EgoVehicle↦24.418182373046875),(Vehicles2↦-4.186046123504639),(Vehicles3↦-3.744482100009918),(Vehicles4↦-3.9493390917778015),(Vehicles5↦-3.6687281727790833)}",
        "VehiclesY": "{(EgoVehicle↦8.000000238418579),(Vehicles2↦-4.0000001192092896),(Vehicles3↦-8.000000238418579),(Vehicles4↦-1.3322676295501878E-15),(Vehicles5↦-8.000000238418579)}",
        "VehiclesVy": "{(EgoVehicle↦0.0),(Vehicles2↦0.0),(Vehicles3↦0.0),(Vehicles4↦0.0),(Vehicles5↦0.0)}",
        "VehiclesX": "{(EgoVehicle↦200.0),(Vehicles2↦3.760349750518799),(Vehicles3↦8.948459476232529),(Vehicles4↦54.50991988182068),(Vehicles5↦74.10127520561218)}"
      },
      "probabilisticVariables": null,
      "activating": null,
      "activatingOnlyWhenExecuted": true,
      "updating": null,
      "withPredicate": null
    }
  ],
  "listeners": [],
  "metadata": {
    "fileType": "Timed_Trace",
    "formatVersion": 3,
    "savedAt": "2023-08-21T13:23:03.541306Z",
    "creator": "Simulation: HYPOTHESIS_TEST; SIGNIFICANCE : 0.05, PROBABILITY : 0.95, MAX_STEPS_BEFORE_PROPERTY : 0, EXECUTIONS : 1000, PREDICATE : Crash = FALSE, ENDING_TIME : 60000, HYPOTHESIS_CHECKING_TYPE : LEFT_TAILED, CHECKING_TYPE : PREDICATE_INVARIANT",
    "proB2KernelVersion": "4.12.2",
    "proBCliVersion": "1.12.2-final",
    "modelName": "HighwayEnvironment2"
  }
}