{
  "variables": {},
  "activations": [
    {
      "id": "$setup_constants",
      "execute": "$setup_constants",
      "after": "0",
      "priority": 0,
      "additionalGuards": null,
      "activationKind": null,
      "fixedVariables": null,
      "probabilisticVariables": null,
      "activating": null,
      "activatingOnlyWhenExecuted": true,
      "updating": null,
      "withPredicate": null
    },
    {
      "id": "$initialise_machine",
      "execute": "$initialise_machine",
      "after": "0",
      "priority": 0,
      "additionalGuards": null,
      "activationKind": null,
      "fixedVariables": {
        "Crash": "FALSE",
        "VehiclesAy": "{(EgoVehicle↦0.0),(Vehicles2↦0.0),(Vehicles3↦0.0),(Vehicles4↦0.0),(Vehicles5↦0.0)}",
        "Reward": "0.0",
        "VehiclesAx": "{(EgoVehicle↦0.0),(Vehicles2↦0.0),(Vehicles3↦0.0),(Vehicles4↦0.0),(Vehicles5↦0.0)}",
        "VehiclesVx": "{(EgoVehicle↦25.0),(Vehicles2↦-2.130257338285446),(Vehicles3↦-3.8605958223342896),(Vehicles4↦-2.269987016916275),(Vehicles5↦-1.07445128262043)}",
        "VehiclesY": "{(EgoVehicle↦4.0000001192092896),(Vehicles2↦-4.0000001192092896),(Vehicles3↦-4.0000001192092896),(Vehicles4↦0.0),(Vehicles5↦0.0)}",
        "VehiclesVy": "{(EgoVehicle↦0.0),(Vehicles2↦0.0),(Vehicles3↦0.0),(Vehicles4↦0.0),(Vehicles5↦0.0)}",
        "VehiclesX": "{(EgoVehicle↦153.6756992340088),(Vehicles2↦22.890180349349976),(Vehicles3↦46.37754559516907),(Vehicles4↦71.8669056892395),(Vehicles5↦97.64827489852905)}"
      },
      "probabilisticVariables": null,
      "activating": [
        "LANE_RIGHT_2"
      ],
      "activatingOnlyWhenExecuted": true,
      "updating": null,
      "withPredicate": null
    },
    {
      "id": "LANE_RIGHT_2",
      "execute": "LANE_RIGHT",
      "after": "1000",
      "priority": 0,
      "additionalGuards": null,
      "activationKind": null,
      "fixedVariables": {
        "Crash": "FALSE",
        "VehiclesAy": "{(EgoVehicle↦1.0796338319778442),(Vehicles2↦-1.0796338319778442),(Vehicles3↦-1.0796338319778442),(Vehicles4↦-1.0796338319778442),(Vehicles5↦-1.0796338319778442)}",
        "Reward": "0.8660447183419508",
        "VehiclesAx": "{(EgoVehicle↦-0.023322105407714844),(Vehicles2↦-5.3961969912052155),(Vehicles3↦-0.40963172912597656),(Vehicles4↦-4.976478666067123),(Vehicles5↦-5.833293721079826)}",
        "VehiclesVx": "{(EgoVehicle↦24.976677894592285),(Vehicles2↦-7.526454329490662),(Vehicles3↦-4.270227551460266),(Vehicles4↦-7.246465682983398),(Vehicles5↦-6.907745003700256)}",
        "VehiclesY": "{(EgoVehicle↦7.6599647998809814),(Vehicles2↦-7.6599647998809814),(Vehicles3↦-7.6599647998809814),(Vehicles4↦-3.6599650382995605),(Vehicles5↦-3.6599650382995605)}",
        "VehiclesVy": "{(EgoVehicle↦1.0796338319778442),(Vehicles2↦-1.0796338319778442),(Vehicles3↦-1.0796338319778442),(Vehicles4↦-1.0796338319778442),(Vehicles5↦-1.0796338319778442)}",
        "VehiclesX": "{(EgoVehicle↦178.35594415664673),(Vehicles2↦18.700291216373444),(Vehicles3↦42.645180225372314),(Vehicles4↦67.67013669013977),(Vehicles5↦94.49357390403748)}"
      },
      "probabilisticVariables": null,
      "activating": [
        "IDLE_3"
      ],
      "activatingOnlyWhenExecuted": true,
      "updating": null,
      "withPredicate": null
    },
    {
      "id": "IDLE_3",
      "execute": "IDLE",
      "after": "1000",
      "priority": 0,
      "additionalGuards": null,
      "activationKind": null,
      "fixedVariables": {
        "Crash": "FALSE",
        "VehiclesAy": "{(EgoVehicle↦-1.041519611608237),(Vehicles2↦5.881188809871674),(Vehicles3↦1.041519611608237),(Vehicles4↦1.041519611608237),(Vehicles5↦0.14755524694919586)}",
        "Reward": "0.8666658918962077",
        "VehiclesAx": "{(EgoVehicle↦0.023293495178222656),(Vehicles2↦-2.279091477394104),(Vehicles3↦-0.2793356776237488),(Vehicles4↦-2.039451003074646),(Vehicles5↦-0.5950719118118286)}",
        "VehiclesVx": "{(EgoVehicle↦24.999971389770508),(Vehicles2↦-9.805545806884766),(Vehicles3↦-4.549563229084015),(Vehicles4↦-9.285916686058044),(Vehicles5↦-7.502816915512085)}",
        "VehiclesY": "{(EgoVehicle↦7.988499641418457),(Vehicles2↦-5.878214120864868),(Vehicles3↦-7.988499641418457),(Vehicles4↦-3.9884995222091675),(Vehicles5↦-0.44142964482307434)}",
        "VehiclesVy": "{(EgoVehicle↦0.03811422036960721),(Vehicles2↦4.801554977893829),(Vehicles3↦-0.03811422036960721),(Vehicles4↦-0.03811422036960721),(Vehicles5↦1.22718907892704)}",
        "VehiclesX": "{(EgoVehicle↦200.0),(Vehicles2↦10.07072702050209),(Vehicles3↦38.24249505996704),(Vehicles4↦59.091973304748535),(Vehicles5↦86.36760711669922)}"
      },
      "probabilisticVariables": null,
      "activating": [
        "IDLE_4"
      ],
      "activatingOnlyWhenExecuted": true,
      "updating": null,
      "withPredicate": null
    },
    {
      "id": "IDLE_4",
      "execute": "IDLE",
      "after": "1000",
      "priority": 0,
      "additionalGuards": null,
      "activationKind": null,
      "fixedVariables": {
        "Crash": "FALSE",
        "VehiclesAy": "{(EgoVehicle↦-0.03690516830829438),(Vehicles2↦-4.328525587916374),(Vehicles3↦0.03690516830829438),(Vehicles4↦0.03690516830829438),(Vehicles5↦1.3232831377536058)}",
        "Reward": "0.8666666658870362",
        "VehiclesAx": "{(EgoVehicle↦2.86102294921875E-05),(Vehicles2↦1.4102351665496826),(Vehicles3↦-0.15559524297714233),(Vehicles4↦1.6354858875274658),(Vehicles5↦1.0517913103103638)}",
        "VehiclesVx": "{(EgoVehicle↦25.0),(Vehicles2↦-8.395310640335083),(Vehicles3↦-4.705158472061157),(Vehicles4↦-7.650430798530579),(Vehicles5↦-6.451025605201721)}",
        "VehiclesY": "{(EgoVehicle↦7.999636888504028),(Vehicles2↦-4.173377752304077),(Vehicles3↦-7.999636888504028),(Vehicles4↦-3.9996371269226074),(Vehicles5↦-0.033885056152939796)}",
        "VehiclesVy": "{(EgoVehicle↦0.001209052061312832),(Vehicles2↦0.47302938997745514),(Vehicles3↦-0.001209052061312832),(Vehicles4↦-0.001209052061312832),(Vehicles5↦0.09609405882656574)}",
        "VehiclesX": "{(EgoVehicle↦200.0),(Vehicles2↦1.1433575302362442),(Vehicles3↦33.62465798854828),(Vehicles4↦50.49859285354614),(Vehicles5↦79.33989763259888)}"
      },
      "probabilisticVariables": null,
      "activating": [
        "IDLE_5"
      ],
      "activatingOnlyWhenExecuted": true,
      "updating": null,
      "withPredicate": null
    },
    {
      "id": "IDLE_5",
      "execute": "IDLE",
      "after": "1000",
      "priority": 0,
      "additionalGuards": null,
      "activationKind": null,
      "fixedVariables": {
        "Crash": "FALSE",
        "VehiclesAy": "{(EgoVehicle↦-0.0011711951833603962),(Vehicles2↦-0.43225894682109356),(Vehicles3↦0.0011711951833603962),(Vehicles4↦0.0011711951833603962),(Vehicles5↦0.10289802507031709)}",
        "Reward": "0.8666666666659024",
        "VehiclesAx": "{(EgoVehicle↦0.0),(Vehicles2↦0.666009783744812),(Vehicles3↦-0.09644776582717896),(Vehicles4↦1.170656681060791),(Vehicles5↦0.6417012214660645)}",
        "VehiclesVx": "{(EgoVehicle↦25.0),(Vehicles2↦-7.729300856590271),(Vehicles3↦-4.801606237888336),(Vehicles4↦-6.479774117469788),(Vehicles5↦-5.809324383735657)}",
        "VehiclesY": "{(EgoVehicle↦7.999988794326782),(Vehicles2↦-4.01475727558136),(Vehicles3↦-7.999988794326782),(Vehicles4↦-3.9999886751174927),(Vehicles5↦-0.0023727594525553286)}",
        "VehiclesVy": "{(EgoVehicle↦3.785687795243575E-05),(Vehicles2↦0.04077044315636158),(Vehicles3↦-3.785687795243575E-05),(Vehicles4↦-3.785687795243575E-05),(Vehicles5↦0.006803966243751347)}",
        "VehiclesX": "{(EgoVehicle↦200.0),(Vehicles2↦-6.976979225873947),(Vehicles3↦28.87730598449707),(Vehicles4↦43.35155785083771),(Vehicles5↦73.16988706588745)}"
      },
      "probabilisticVariables": null,
      "activating": [
        "SLOWER_6"
      ],
      "activatingOnlyWhenExecuted": true,
      "updating": null,
      "withPredicate": null
    },
    {
      "id": "SLOWER_6",
      "execute": "SLOWER",
      "after": "1000",
      "priority": 0,
      "additionalGuards": null,
      "activationKind": null,
      "fixedVariables": {
        "Crash": "FALSE",
        "VehiclesAy": "{(EgoVehicle↦-3.631880133525556E-05),(Vehicles2↦-0.04077198123297876),(Vehicles3↦3.631880133525556E-05),(Vehicles4↦0.0004913894349556358),(Vehicles5↦0.006802428167134167)}",
        "Reward": "0.7508916323731123",
        "VehiclesAx": "{(EgoVehicle↦-4.341564178466797),(Vehicles2↦7.208632901310921),(Vehicles3↦3.442170172929764),(Vehicles4↦5.4058752208948135),(Vehicles5↦6.13730613142252)}",
        "VehiclesVx": "{(EgoVehicle↦20.658435821533203),(Vehicles2↦-0.5206679552793503),(Vehicles3↦-1.3594360649585724),(Vehicles4↦-1.073898896574974),(Vehicles5↦0.32798174768686295)}",
        "VehiclesY": "{(EgoVehicle↦7.999999523162842),(Vehicles2↦-7.999999523162842),(Vehicles3↦-3.9999994039535522),(Vehicles4↦-0.00015705790792708285),(Vehicles5↦-3.9999994039535522)}",
        "VehiclesVy": "{(EgoVehicle↦1.5380766171801952E-06),(Vehicles2↦-1.5380766171801952E-06),(Vehicles3↦-1.5380766171801952E-06),(Vehicles4↦0.00045353255700320005),(Vehicles5↦-1.5380766171801952E-06)}",
        "VehiclesX": "{(EgoVehicle↦200.0),(Vehicles2↦26.444298028945923),(Vehicles3↦39.60559070110321),(Vehicles4↦69.92886662483215),(Vehicles5↦103.51815223693848)}"
      },
      "probabilisticVariables": null,
      "activating": [
        "FASTER_7"
      ],
      "activatingOnlyWhenExecuted": true,
      "updating": null,
      "withPredicate": null
    },
    {
      "id": "FASTER_7",
      "execute": "FASTER",
      "after": "1000",
      "priority": 0,
      "additionalGuards": null,
      "activationKind": null,
      "fixedVariables": {
        "Crash": "FALSE",
        "VehiclesAy": "{(EgoVehicle↦-1.4636980871785E-06),(Vehicles2↦1.4636980871785E-06),(Vehicles3↦1.4636980871785E-06),(Vehicles4↦-0.000424354536789906),(Vehicles5↦-1.6124551471818904E-06)}",
        "Reward": "0.8514205716156639",
        "VehiclesAx": "{(EgoVehicle↦3.76983642578125),(Vehicles2↦-3.808407559990883),(Vehicles3↦-3.2772918045520782),(Vehicles4↦-3.5321376472711563),(Vehicles5↦-3.7801310792565346)}",
        "VehiclesVx": "{(EgoVehicle↦24.428272247314453),(Vehicles2↦-4.329075515270233),(Vehicles3↦-4.636727869510651),(Vehicles4↦-4.60603654384613),(Vehicles5↦-3.4521493315696716)}",
        "VehiclesY": "{(EgoVehicle↦8.000000238418579),(Vehicles2↦-8.000000238418579),(Vehicles3↦-4.0000001192092896),(Vehicles4↦-1.0068881920233252E-05),(Vehicles5↦-4.0000001192092896)}",
        "VehiclesVy": "{(EgoVehicle↦7.437853000169525E-08),(Vehicles2↦-7.437853000169525E-08),(Vehicles3↦-7.437853000169525E-08),(Vehicles4↦2.9178020213294076E-05),(Vehicles5↦-7.437853000169525E-08)}",
        "VehiclesX": "{(EgoVehicle↦200.0),(Vehicles2↦23.827168345451355),(Vehicles3↦36.382195353507996),(Vehicles4↦66.87998175621033),(Vehicles5↦101.7614483833313)}"
      },
      "probabilisticVariables": null,
      "activating": [
        "SLOWER_8"
      ],
      "activatingOnlyWhenExecuted": true,
      "updating": null,
      "withPredicate": null
    },
    {
      "id": "SLOWER_8",
      "execute": "SLOWER",
      "after": "1000",
      "priority": 0,
      "additionalGuards": null,
      "activationKind": null,
      "fixedVariables": {
        "Crash": "FALSE",
        "VehiclesAy": "{(EgoVehicle↦-7.124510759126679E-08),(Vehicles2↦7.124510759126679E-08),(Vehicles3↦7.124510759126679E-08),(Vehicles4↦-2.7339355170852286E-05),(Vehicles5↦-7.751195241212372E-08)}",
        "Reward": "0.7488839161524057",
        "VehiclesAx": "{(EgoVehicle↦-3.8451242446899414),(Vehicles2↦3.8202547654509544),(Vehicles3↦4.148739650845528),(Vehicles4↦3.9892033860087395),(Vehicles5↦3.8431164622306824)}",
        "VehiclesVx": "{(EgoVehicle↦20.58314800262451),(Vehicles2↦-0.5088207498192787),(Vehicles3↦-0.487988218665123),(Vehicles4↦-0.6168331578373909),(Vehicles5↦0.39096713066101074)}",
        "VehiclesY": "{(EgoVehicle↦8.000000238418579),(Vehicles2↦-8.000000238418579),(Vehicles3↦-4.0000001192092896),(Vehicles4↦-6.327872199562989E-07),(Vehicles5↦-4.0000001192092896)}",
        "VehiclesVy": "{(EgoVehicle↦3.133422410428466E-09),(Vehicles2↦-3.133422410428466E-09),(Vehicles3↦-3.133422410428466E-09),(Vehicles4↦1.8386650424417894E-06),(Vehicles5↦-3.133422410428466E-09)}",
        "VehiclesX": "{(EgoVehicle↦200.0),(Vehicles2↦21.608486771583557),(Vehicles3↦33.99994075298309),(Vehicles4↦64.45840001106262),(Vehicles5↦100.4292368888855)}"
      },
      "probabilisticVariables": null,
      "activating": [
        "FASTER_9"
      ],
      "activatingOnlyWhenExecuted": true,
      "updating": null,
      "withPredicate": null
    },
    {
      "id": "FASTER_9",
      "execute": "FASTER",
      "after": "1000",
      "priority": 0,
      "additionalGuards": null,
      "activationKind": null,
      "fixedVariables": {
        "Crash": "FALSE",
        "VehiclesAy": "{(EgoVehicle↦-2.9816860092068964E-09),(Vehicles2↦2.9816771274226994E-09),(Vehicles3↦2.9816771274226994E-09),(Vehicles4↦-1.7243212013795528E-06),(Vehicles5↦-3.285167693434232E-09)}",
        "Reward": "0.8511561810022372",
        "VehiclesAx": "{(EgoVehicle↦3.8352084159851074),(Vehicles2↦-3.851512335240841),(Vehicles3↦-3.648444190621376),(Vehicles4↦-3.7451736256480217),(Vehicles5↦-3.8331523537635803)}",
        "VehiclesVx": "{(EgoVehicle↦24.41835641860962),(Vehicles2↦-4.36033308506012),(Vehicles3↦-4.136432409286499),(Vehicles4↦-4.362006783485413),(Vehicles5↦-3.4421852231025696)}",
        "VehiclesY": "{(EgoVehicle↦8.000000238418579),(Vehicles2↦-8.000000238418579),(Vehicles3↦-4.0000001192092896),(Vehicles4↦-3.9298239329355056E-08),(Vehicles5↦-4.0000001192092896)}",
        "VehiclesVy": "{(EgoVehicle↦1.517364012215694E-10),(Vehicles2↦-1.517452830057664E-10),(Vehicles3↦-1.517452830057664E-10),(Vehicles4↦1.143438410622366E-07),(Vehicles5↦-1.517452830057664E-10)}",
        "VehiclesX": "{(EgoVehicle↦200.0),(Vehicles2↦18.976882100105286),(Vehicles3↦31.478065252304077),(Vehicles4↦61.76503896713257),(Vehicles5↦98.70508909225464)}"
      },
      "probabilisticVariables": null,
      "activating": [
        "SLOWER_10"
      ],
      "activatingOnlyWhenExecuted": true,
      "updating": null,
      "withPredicate": null
    },
    {
      "id": "SLOWER_10",
      "execute": "SLOWER",
      "after": "1000",
      "priority": 0,
      "additionalGuards": null,
      "activationKind": null,
      "fixedVariables": {
        "Crash": "FALSE",
        "VehiclesAy": "{(EgoVehicle↦-1.453415165997285E-10),(Vehicles2↦1.453503983839255E-10),(Vehicles3↦1.453503983839255E-10),(Vehicles4↦-1.0729047872359843E-07),(Vehicles5↦-1.581401676276073E-10)}",
        "Reward": "0.7488490992815017",
        "VehiclesAx": "{(EgoVehicle↦-3.836514949798584),(Vehicles2↦3.8256021216511726),(Vehicles3↦3.953690826892853),(Vehicles4↦3.896307200193405),(Vehicles5↦3.840414136648178)}",
        "VehiclesVx": "{(EgoVehicle↦20.581841468811035),(Vehicles2↦-0.534730963408947),(Vehicles3↦-0.18274158239364624),(Vehicles4↦-0.46569958329200745),(Vehicles5↦0.3982289135456085)}",
        "VehiclesY": "{(EgoVehicle↦8.000000238418579),(Vehicles2↦-8.000000238418579),(Vehicles3↦-4.0000001192092896),(Vehicles4↦-2.4211352922520746E-09),(Vehicles5↦-4.0000001192092896)}",
        "VehiclesVy": "{(EgoVehicle↦6.394884621840902E-12),(Vehicles2↦-6.394884621840902E-12),(Vehicles3↦-6.394884621840902E-12),(Vehicles4↦7.0533623386381805E-09),(Vehicles5↦-6.394884621840902E-12)}",
        "VehiclesX": "{(EgoVehicle↦200.0),(Vehicles2↦16.728292405605316),(Vehicles3↦29.5091450214386),(Vehicles4↦59.54515337944031),(Vehicles5↦97.38081693649292)}"
      },
      "probabilisticVariables": null,
      "activating": [
        "FASTER_11"
      ],
      "activatingOnlyWhenExecuted": true,
      "updating": null,
      "withPredicate": null
    },
    {
      "id": "FASTER_11",
      "execute": "FASTER",
      "after": "1000",
      "priority": 0,
      "additionalGuards": null,
      "activationKind": null,
      "fixedVariables": {
        "Crash": "FALSE",
        "VehiclesAy": "{(EgoVehicle↦-6.0751403907488566E-12),(Vehicles2↦6.084022174945858E-12),(Vehicles3↦6.084022174945858E-12),(Vehicles4↦-6.6208194482442195E-09),(Vehicles5↦-6.7057470687359455E-12)}",
        "Reward": "0.8511515960645051",
        "VehiclesAx": "{(EgoVehicle↦3.836343288421631),(Vehicles2↦-3.8438372686505318),(Vehicles3↦-3.759855329990387),(Vehicles4↦-3.792976289987564),(Vehicles5↦-3.831730931997299)}",
        "VehiclesVx": "{(EgoVehicle↦24.418184757232666),(Vehicles2↦-4.378568232059479),(Vehicles3↦-3.942596912384033),(Vehicles4↦-4.2586758732795715),(Vehicles5↦-3.4335020184516907)}",
        "VehiclesY": "{(EgoVehicle↦8.000000238418579),(Vehicles2↦-8.000000238418579),(Vehicles3↦-4.0000001192092896),(Vehicles4↦-1.4836798456485667E-10),(Vehicles5↦-4.0000001192092896)}",
        "VehiclesVy": "{(EgoVehicle↦3.197442310920451E-13),(Vehicles2↦-3.1086244689504383E-13),(Vehicles3↦-3.1086244689504383E-13),(Vehicles4↦4.32542890393961E-10),(Vehicles5↦-3.1086244689504383E-13)}",
        "VehiclesX": "{(EgoVehicle↦200.0),(Vehicles2↦14.073994755744934),(Vehicles3↦27.243083715438843),(Vehicles4↦56.98138475418091),(Vehicles5↦95.6645131111145)}"
      },
      "probabilisticVariables": null,
      "activating": [
        "IDLE_12"
      ],
      "activatingOnlyWhenExecuted": true,
      "updating": null,
      "withPredicate": null
    },
    {
      "id": "IDLE_12",
      "execute": "IDLE",
      "after": "1000",
      "priority": 0,
      "additionalGuards": null,
      "activationKind": null,
      "fixedVariables": {
        "Crash": "FALSE",
        "VehiclesAy": "{(EgoVehicle↦-3.019806626980426E-13),(Vehicles2↦2.9309887850104133E-13),(Vehicles3↦2.9309887850104133E-13),(Vehicles4↦-4.0612846419207926E-10),(Vehicles5↦-3.2862601528904634E-13)}",
        "Reward": "0.8646235297972463",
        "VehiclesAx": "{(EgoVehicle↦0.5051970481872559),(Vehicles2↦-0.5104902386665344),(Vehicles3↦-0.4523944854736328),(Vehicles4↦-0.4704466462135315),(Vehicles5↦-0.5004087090492249)}",
        "VehiclesVx": "{(EgoVehicle↦24.923381805419922),(Vehicles2↦-4.889058470726013),(Vehicles3↦-4.394991397857666),(Vehicles4↦-4.729122519493103),(Vehicles5↦-3.9339107275009155)}",
        "VehiclesY": "{(EgoVehicle↦8.000000238418579),(Vehicles2↦-8.000000238418579),(Vehicles3↦-4.0000001192092896),(Vehicles4↦-9.055423078052627E-12),(Vehicles5↦-4.0000001192092896)}",
        "VehiclesVy": "{(EgoVehicle↦1.7763568394002505E-14),(Vehicles2↦-1.7763568394002505E-14),(Vehicles3↦-1.7763568394002505E-14),(Vehicles4↦2.6414426201881724E-11),(Vehicles5↦-1.7763568394002505E-14)}",
        "VehiclesX": "{(EgoVehicle↦200.0),(Vehicles2↦9.414472430944443),(Vehicles3↦23.04433584213257),(Vehicles4↦52.45838761329651),(Vehicles5↦91.95422530174255)}"
      },
      "probabilisticVariables": null,
      "activating": [
        "IDLE_13"
      ],
      "activatingOnlyWhenExecuted": true,
      "updating": null,
      "withPredicate": null
    },
    {
      "id": "IDLE_13",
      "execute": "IDLE",
      "after": "1000",
      "priority": 0,
      "additionalGuards": null,
      "activationKind": null,
      "fixedVariables": {
        "Crash": "FALSE",
        "VehiclesAy": "{(EgoVehicle↦-1.7763568394002505E-14),(Vehicles2↦1.7763568394002505E-14),(Vehicles3↦1.7763568394002505E-14),(Vehicles4↦-2.48157050464215E-11),(Vehicles5↦-1.7763568394002505E-14)}",
        "Reward": "0.866397611605673",
        "VehiclesAx": "{(EgoVehicle↦0.0665283203125),(Vehicles2↦-0.0703701376914978),(Vehicles3↦-0.02761542797088623),(Vehicles4↦-0.03610670566558838),(Vehicles5↦-0.061795711517333984)}",
        "VehiclesVx": "{(EgoVehicle↦24.989910125732422),(Vehicles2↦-4.959428608417511),(Vehicles3↦-4.422606825828552),(Vehicles4↦-4.765229225158691),(Vehicles5↦-3.9957064390182495)}",
        "VehiclesY": "{(EgoVehicle↦8.000000238418579),(Vehicles2↦-8.000000238418579),(Vehicles3↦-4.0000001192092896),(Vehicles4↦-5.475619957451272E-13),(Vehicles5↦-4.0000001192092896)}",
        "VehiclesVy": "{(EgoVehicle↦0.0),(Vehicles2↦0.0),(Vehicles3↦0.0),(Vehicles4↦1.5987211554602254E-12),(Vehicles5↦0.0)}",
        "VehiclesX": "{(EgoVehicle↦200.0),(Vehicles2↦4.487081989645958),(Vehicles3↦18.629050254821777),(Vehicles4↦47.704970836639404),(Vehicles5↦87.98551559448242)}"
      },
      "probabilisticVariables": null,
      "activating": [
        "IDLE_14"
      ],
      "activatingOnlyWhenExecuted": true,
      "updating": null,
      "withPredicate": null
    },
    {
      "id": "IDLE_14",
      "execute": "IDLE",
      "after": "1000",
      "priority": 0,
      "additionalGuards": null,
      "activationKind": null,
      "fixedVariables": {
        "Crash": "FALSE",
        "VehiclesAy": "{(EgoVehicle↦0.0),(Vehicles2↦0.0),(Vehicles3↦0.0),(Vehicles4↦-1.4921397450962104E-12),(Vehicles5↦0.0)}",
        "Reward": "0.8666312355475235",
        "VehiclesAx": "{(EgoVehicle↦0.008761882781982422),(Vehicles2↦-0.011611878871917725),(Vehicles3↦0.02185136079788208),(Vehicles4↦0.01958906650543213),(Vehicles5↦-0.0041672587394714355)}",
        "VehiclesVx": "{(EgoVehicle↦24.998672008514404),(Vehicles2↦-4.971040487289429),(Vehicles3↦-4.40075546503067),(Vehicles4↦-4.745640158653259),(Vehicles5↦-3.999873697757721)}",
        "VehiclesY": "{(EgoVehicle↦8.000000238418579),(Vehicles2↦-8.000000238418579),(Vehicles3↦-4.0000001192092896),(Vehicles4↦-3.197442310920451E-14),(Vehicles5↦-4.0000001192092896)}",
        "VehiclesVy": "{(EgoVehicle↦0.0),(Vehicles2↦0.0),(Vehicles3↦0.0),(Vehicles4↦1.0658141036401503E-13),(Vehicles5↦0.0)}",
        "VehiclesX": "{(EgoVehicle↦200.0),(Vehicles2↦-0.47838594764471054),(Vehicles3↦14.214366674423218),(Vehicles4↦42.946356534957886),(Vehicles5↦83.98682475090027)}"
      },
      "probabilisticVariables": null,
      "activating": [
        "IDLE_15"
      ],
      "activatingOnlyWhenExecuted": true,
      "updating": null,
      "withPredicate": null
    },
    {
      "id": "IDLE_15",
      "execute": "IDLE",
      "after": "1000",
      "priority": 0,
      "additionalGuards": null,
      "activationKind": null,
      "fixedVariables": {
        "Crash": "FALSE",
        "VehiclesAy": "{(EgoVehicle↦0.0),(Vehicles2↦0.0),(Vehicles3↦0.0),(Vehicles4↦-8.881784197001252E-14),(Vehicles5↦0.0)}",
        "Reward": "0.8666620008402774",
        "VehiclesAx": "{(EgoVehicle↦0.0011539459228515625),(Vehicles2↦-0.003293156623840332),(Vehicles3↦0.024342834949493408),(Vehicles4↦0.026233792304992676),(Vehicles5↦0.0032892823219299316)}",
        "VehiclesVx": "{(EgoVehicle↦24.999825954437256),(Vehicles2↦-4.974333643913269),(Vehicles3↦-4.376412630081177),(Vehicles4↦-4.719406366348267),(Vehicles5↦-3.996584415435791)}",
        "VehiclesY": "{(EgoVehicle↦8.000000238418579),(Vehicles2↦-8.000000238418579),(Vehicles3↦-4.0000001192092896),(Vehicles4↦0.0),(Vehicles5↦-4.0000001192092896)}",
        "VehiclesVy": "{(EgoVehicle↦0.0),(Vehicles2↦0.0),(Vehicles3↦0.0),(Vehicles4↦1.7763568394002505E-14),(Vehicles5↦0.0)}",
        "VehiclesX": "{(EgoVehicle↦200.0),(Vehicles2↦-5.450967699289322),(Vehicles3↦9.823495149612427),(Vehicles4↦38.21108639240265),(Vehicles5↦79.98810410499573)}"
      },
      "probabilisticVariables": null,
      "activating": [
        "IDLE_16"
      ],
      "activatingOnlyWhenExecuted": true,
      "updating": null,
      "withPredicate": null
    },
    {
      "id": "IDLE_16",
      "execute": "IDLE",
      "after": "1000",
      "priority": 0,
      "additionalGuards": null,
      "activationKind": null,
      "fixedVariables": {
        "Crash": "FALSE",
        "VehiclesAy": "{(EgoVehicle↦0.0),(Vehicles2↦0.0),(Vehicles3↦0.0),(Vehicles4↦-1.7763568394002505E-14),(Vehicles5↦0.0)}",
        "Reward": "0.866666052236854",
        "VehiclesAx": "{(EgoVehicle↦0.00015020370483398438),(Vehicles2↦0.6199702620506287),(Vehicles3↦-0.3162536025047302),(Vehicles4↦0.7269775867462158),(Vehicles5↦-1.0643774271011353)}",
        "VehiclesVx": "{(EgoVehicle↦24.99997615814209),(Vehicles2↦-4.35436338186264),(Vehicles3↦-4.692666232585907),(Vehicles4↦-3.992428779602051),(Vehicles5↦-5.060961842536926)}",
        "VehiclesY": "{(EgoVehicle↦8.000000238418579),(Vehicles2↦-4.0000001192092896),(Vehicles3↦0.0),(Vehicles4↦-4.0000001192092896),(Vehicles5↦-8.000000238418579)}",
        "VehiclesVy": "{(EgoVehicle↦0.0),(Vehicles2↦0.0),(Vehicles3↦0.0),(Vehicles4↦0.0),(Vehicles5↦0.0)}",
        "VehiclesX": "{(EgoVehicle↦200.0),(Vehicles2↦5.456092208623886),(Vehicles3↦33.50238502025604),(Vehicles4↦75.99316835403442),(Vehicles5↦85.2377712726593)}"
      },
      "probabilisticVariables": null,
      "activating": [
        "SLOWER_17"
      ],
      "activatingOnlyWhenExecuted": true,
      "updating": null,
      "withPredicate": null
    },
    {
      "id": "SLOWER_17",
      "execute": "SLOWER",
      "after": "1000",
      "priority": 0,
      "additionalGuards": null,
      "activationKind": null,
      "fixedVariables": {
        "Crash": "FALSE",
        "VehiclesAy": "{(EgoVehicle↦0.0),(Vehicles2↦0.0),(Vehicles3↦0.0),(Vehicles4↦0.0),(Vehicles5↦0.0)}",
        "Reward": "0.7508915514605459",
        "VehiclesAx": "{(EgoVehicle↦-4.341542720794678),(Vehicles2↦4.361503322143108),(Vehicles3↦4.368060827255249),(Vehicles4↦4.345739707350731),(Vehicles5↦4.351222813129425)}",
        "VehiclesVx": "{(EgoVehicle↦20.658433437347412),(Vehicles2↦0.007139940280467272),(Vehicles3↦-0.32460540533065796),(Vehicles4↦0.3533109277486801),(Vehicles5↦-0.7097390294075012)}",
        "VehiclesY": "{(EgoVehicle↦8.000000238418579),(Vehicles2↦-4.0000001192092896),(Vehicles3↦0.0),(Vehicles4↦-4.0000001192092896),(Vehicles5↦-8.000000238418579)}",
        "VehiclesVy": "{(EgoVehicle↦0.0),(Vehicles2↦0.0),(Vehicles3↦0.0),(Vehicles4↦0.0),(Vehicles5↦0.0)}",
        "VehiclesX": "{(EgoVehicle↦200.0),(Vehicles2↦3.5049133002758026),(Vehicles3↦31.215405464172363),(Vehicles4↦74.39748048782349),(Vehicles5↦82.57567882537842)}"
      },
      "probabilisticVariables": null,
      "activating": [
        "SLOWER_18"
      ],
      "activatingOnlyWhenExecuted": true,
      "updating": null,
      "withPredicate": null
    },
    {
      "id": "SLOWER_18",
      "execute": "SLOWER",
      "after": "1000",
      "priority": 0,
      "additionalGuards": null,
      "activationKind": null,
      "fixedVariables": {
        "Crash": "FALSE",
        "VehiclesAy": "{(EgoVehicle↦0.0),(Vehicles2↦0.0),(Vehicles3↦0.0),(Vehicles4↦0.0),(Vehicles5↦0.0)}",
        "Reward": "0.735645526666958",
        "VehiclesAx": "{(EgoVehicle↦-0.5717253684997559),(Vehicles2↦0.5900628003291786),(Vehicles3↦0.5978093110024929),(Vehicles4↦0.5758332461118698),(Vehicles5↦0.5820644088089466)}",
        "VehiclesVx": "{(EgoVehicle↦20.086708068847656),(Vehicles2↦0.5972027406096458),(Vehicles3↦0.27320390567183495),(Vehicles4↦0.9291441738605499),(Vehicles5↦-0.1276746205985546)}",
        "VehiclesY": "{(EgoVehicle↦8.000000238418579),(Vehicles2↦-4.0000001192092896),(Vehicles3↦0.0),(Vehicles4↦-4.0000001192092896),(Vehicles5↦-8.000000238418579)}",
        "VehiclesVy": "{(EgoVehicle↦0.0),(Vehicles2↦0.0),(Vehicles3↦0.0),(Vehicles4↦0.0),(Vehicles5↦0.0)}",
        "VehiclesX": "{(EgoVehicle↦200.0),(Vehicles2↦3.8348976522684097),(Vehicles3↦31.21667206287384),(Vehicles4↦75.06783604621887),(Vehicles5↦82.18542337417603)}"
      },
      "probabilisticVariables": null,
      "activating": [
        "IDLE_19"
      ],
      "activatingOnlyWhenExecuted": true,
      "updating": null,
      "withPredicate": null
    },
    {
      "id": "IDLE_19",
      "execute": "IDLE",
      "after": "1000",
      "priority": 0,
      "additionalGuards": null,
      "activationKind": null,
      "fixedVariables": {
        "Crash": "FALSE",
        "VehiclesAy": "{(EgoVehicle↦0.0),(Vehicles2↦0.0),(Vehicles3↦0.0),(Vehicles4↦0.0),(Vehicles5↦0.0)}",
        "Reward": "0.733637819698255",
        "VehiclesAx": "{(EgoVehicle↦-0.07529020309448242),(Vehicles2↦0.09237769991159439),(Vehicles3↦0.10079922154545784),(Vehicles4↦0.07932700216770172),(Vehicles5↦0.0862069008871913)}",
        "VehiclesVx": "{(EgoVehicle↦20.011417865753174),(Vehicles2↦0.6895804405212402),(Vehicles3↦0.3740031272172928),(Vehicles4↦1.0084711760282516),(Vehicles5↦-0.041467719711363316)}",
        "VehiclesY": "{(EgoVehicle↦8.000000238418579),(Vehicles2↦-4.0000001192092896),(Vehicles3↦0.0),(Vehicles4↦-4.0000001192092896),(Vehicles5↦-8.000000238418579)}",
        "VehiclesVy": "{(EgoVehicle↦0.0),(Vehicles2↦0.0),(Vehicles3↦0.0),(Vehicles4↦0.0),(Vehicles5↦0.0)}",
        "VehiclesX": "{(EgoVehicle↦200.0),(Vehicles2↦4.480558633804321),(Vehicles3↦31.541666388511658),(Vehicles4↦76.04013681411743),(Vehicles5↦82.10360407829285)}"
      },
      "probabilisticVariables": null,
      "activating": [
        "IDLE_20"
      ],
      "activatingOnlyWhenExecuted": true,
      "updating": null,
      "withPredicate": null
    },
    {
      "id": "IDLE_20",
      "execute": "IDLE",
      "after": "1000",
      "priority": 0,
      "additionalGuards": null,
      "activationKind": null,
      "fixedVariables": {
        "Crash": "FALSE",
        "VehiclesAy": "{(EgoVehicle↦0.0),(Vehicles2↦0.0),(Vehicles3↦0.0),(Vehicles4↦0.0),(Vehicles5↦0.0)}",
        "Reward": "0.7333734303031996",
        "VehiclesAx": "{(EgoVehicle↦-0.009913444519042969),(Vehicles2↦0.025990009307861328),(Vehicles3↦0.034685470163822174),(Vehicles4↦0.01389816403388977),(Vehicles5↦0.02134679351001978)}",
        "VehiclesVx": "{(EgoVehicle↦20.00150442123413),(Vehicles2↦0.7155704498291016),(Vehicles3↦0.40868859738111496),(Vehicles4↦1.0223693400621414),(Vehicles5↦-0.020120926201343536)}",
        "VehiclesY": "{(EgoVehicle↦8.000000238418579),(Vehicles2↦-4.0000001192092896),(Vehicles3↦0.0),(Vehicles4↦-4.0000001192092896),(Vehicles5↦-8.000000238418579)}",
        "VehiclesVy": "{(EgoVehicle↦0.0),(Vehicles2↦0.0),(Vehicles3↦0.0),(Vehicles4↦0.0),(Vehicles5↦0.0)}",
        "VehiclesX": "{(EgoVehicle↦200.0),(Vehicles2↦5.182112753391266),(Vehicles3↦31.931111216545105),(Vehicles4↦77.05567479133606),(Vehicles5↦82.07213878631592)}"
      },
      "probabilisticVariables": null,
      "activating": [
        "IDLE_21"
      ],
      "activatingOnlyWhenExecuted": true,
      "updating": null,
      "withPredicate": null
    },
    {
      "id": "IDLE_21",
      "execute": "IDLE",
      "after": "1000",
      "priority": 0,
      "additionalGuards": null,
      "activationKind": null,
      "fixedVariables": {
        "Crash": "FALSE",
        "VehiclesAy": "{(EgoVehicle↦0.0),(Vehicles2↦0.0),(Vehicles3↦0.0),(Vehicles4↦0.0),(Vehicles5↦0.0)}",
        "Reward": "0.7333386135927397",
        "VehiclesAx": "{(EgoVehicle↦-0.0013065338134765625),(Vehicles2↦0.016522109508514404),(Vehicles3↦0.025174207985401154),(Vehicles4↦0.005245879292488098),(Vehicles5↦0.013195655192248523)}",
        "VehiclesVx": "{(EgoVehicle↦20.000197887420654),(Vehicles2↦0.732092559337616),(Vehicles3↦0.4338628053665161),(Vehicles4↦1.0276152193546295),(Vehicles5↦-0.006925271009095013)}",
        "VehiclesY": "{(EgoVehicle↦8.000000238418579),(Vehicles2↦-4.0000001192092896),(Vehicles3↦0.0),(Vehicles4↦-4.0000001192092896),(Vehicles5↦-8.000000238418579)}",
        "VehiclesVy": "{(EgoVehicle↦0.0),(Vehicles2↦0.0),(Vehicles3↦0.0),(Vehicles4↦0.0),(Vehicles5↦0.0)}",
        "VehiclesX": "{(EgoVehicle↦200.0),(Vehicles2↦5.9045542031526566),(Vehicles3↦32.350146770477295),(Vehicles4↦78.0803382396698),(Vehicles5↦82.05746412277222)}"
      },
      "probabilisticVariables": null,
      "activating": [
        "IDLE_22"
      ],
      "activatingOnlyWhenExecuted": true,
      "updating": null,
      "withPredicate": null
    },
    {
      "id": "IDLE_22",
      "execute": "IDLE",
      "after": "1000",
      "priority": 0,
      "additionalGuards": null,
      "activationKind": null,
      "fixedVariables": {
        "Crash": "FALSE",
        "VehiclesAy": "{(EgoVehicle↦0.0),(Vehicles2↦0.0),(Vehicles3↦0.0),(Vehicles4↦0.0),(Vehicles5↦0.0)}",
        "Reward": "0.7333340286761357",
        "VehiclesAx": "{(EgoVehicle↦-0.000171661376953125),(Vehicles2↦0.014636889100074768),(Vehicles3↦0.02299390733242035),(Vehicles4↦0.004076659679412842),(Vehicles5↦0.01246859086677432)}",
        "VehiclesVx": "{(EgoVehicle↦20.0000262260437),(Vehicles2↦0.7467294484376907),(Vehicles3↦0.45685671269893646),(Vehicles4↦1.0316918790340424),(Vehicles5↦0.0055433198576793075)}",
        "VehiclesY": "{(EgoVehicle↦8.000000238418579),(Vehicles2↦-4.0000001192092896),(Vehicles3↦0.0),(Vehicles4↦-4.0000001192092896),(Vehicles5↦-8.000000238418579)}",
        "VehiclesVy": "{(EgoVehicle↦0.0),(Vehicles2↦0.0),(Vehicles3↦0.0),(Vehicles4↦0.0),(Vehicles5↦0.0)}",
        "VehiclesX": "{(EgoVehicle↦200.0),(Vehicles2↦6.642583757638931),(Vehicles3↦32.79332220554352),(Vehicles4↦79.10961508750916),(Vehicles5↦82.05552101135254)}"
      },
      "probabilisticVariables": null,
      "activating": [
        "IDLE_23"
      ],
      "activatingOnlyWhenExecuted": true,
      "updating": null,
      "withPredicate": null
    },
    {
      "id": "IDLE_23",
      "execute": "IDLE",
      "after": "1000",
      "priority": 0,
      "additionalGuards": null,
      "activationKind": null,
      "fixedVariables": {
        "Crash": "FALSE",
        "VehiclesAy": "{(EgoVehicle↦0.0),(Vehicles2↦0.0),(Vehicles3↦0.0),(Vehicles4↦0.0),(Vehicles5↦0.0)}",
        "Reward": "0.7333334249011098",
        "VehiclesAx": "{(EgoVehicle↦-2.384185791015625E-05),(Vehicles2↦0.013815164566040039),(Vehicles3↦0.0216791033744812),(Vehicles4↦0.003897547721862793),(Vehicles5↦0.012678317143581808)}",
        "VehiclesVx": "{(EgoVehicle↦20.00000238418579),(Vehicles2↦0.7605446130037308),(Vehicles3↦0.47853581607341766),(Vehicles4↦1.0355894267559052),(Vehicles5↦0.018221637001261115)}",
        "VehiclesY": "{(EgoVehicle↦8.000000238418579),(Vehicles2↦-4.0000001192092896),(Vehicles3↦0.0),(Vehicles4↦-4.0000001192092896),(Vehicles5↦-8.000000238418579)}",
        "VehiclesVy": "{(EgoVehicle↦0.0),(Vehicles2↦0.0),(Vehicles3↦0.0),(Vehicles4↦0.0),(Vehicles5↦0.0)}",
        "VehiclesX": "{(EgoVehicle↦200.0),(Vehicles2↦7.39489421248436),(Vehicles3↦33.25895071029663),(Vehicles4↦80.1428735256195),(Vehicles5↦82.06611275672913)}"
      },
      "probabilisticVariables": null,
      "activating": [
        "IDLE_24"
      ],
      "activatingOnlyWhenExecuted": true,
      "updating": null,
      "withPredicate": null
    },
    {
      "id": "IDLE_24",
      "execute": "IDLE",
      "after": "1000",
      "priority": 0,
      "additionalGuards": null,
      "activationKind": null,
      "fixedVariables": {
        "Crash": "FALSE",
        "VehiclesAy": "{(EgoVehicle↦0.0),(Vehicles2↦0.0),(Vehicles3↦0.0),(Vehicles4↦0.0),(Vehicles5↦0.0)}",
        "Reward": "0.7333333453916414",
        "VehiclesAx": "{(EgoVehicle↦-2.384185791015625E-06),(Vehicles2↦0.013184696435928345),(Vehicles3↦0.020402446389198303),(Vehicles4↦0.00385187566280365),(Vehicles5↦0.012972891563549638)}",
        "VehiclesVx": "{(EgoVehicle↦20.0),(Vehicles2↦0.7737293094396591),(Vehicles3↦0.49893826246261597),(Vehicles4↦1.0394413024187088),(Vehicles5↦0.031194528564810753)}",
        "VehiclesY": "{(EgoVehicle↦8.000000238418579),(Vehicles2↦-4.0000001192092896),(Vehicles3↦0.0),(Vehicles4↦-4.0000001192092896),(Vehicles5↦-8.000000238418579)}",
        "VehiclesVy": "{(EgoVehicle↦0.0),(Vehicles2↦0.0),(Vehicles3↦0.0),(Vehicles4↦0.0),(Vehicles5↦0.0)}",
        "VehiclesX": "{(EgoVehicle↦200.0),(Vehicles2↦8.160759508609772),(Vehicles3↦33.74575078487396),(Vehicles4↦81.18000626564026),(Vehicles5↦82.08949565887451)}"
      },
      "probabilisticVariables": null,
      "activating": [
        "IDLE_25"
      ],
      "activatingOnlyWhenExecuted": true,
      "updating": null,
      "withPredicate": null
    },
    {
      "id": "IDLE_25",
      "execute": "IDLE",
      "after": "1000",
      "priority": 0,
      "additionalGuards": null,
      "activationKind": null,
      "fixedVariables": {
        "Crash": "FALSE",
        "VehiclesAy": "{(EgoVehicle↦0.0),(Vehicles2↦0.0),(Vehicles3↦0.0),(Vehicles4↦0.0),(Vehicles5↦0.0)}",
        "Reward": "0.7333333349212587",
        "VehiclesAx": "{(EgoVehicle↦0.0),(Vehicles2↦0.012621581554412842),(Vehicles3↦0.019077956676483154),(Vehicles4↦-0.9950045170262456),(Vehicles5↦1.0120726469904184)}",
        "VehiclesVx": "{(EgoVehicle↦20.0),(Vehicles2↦0.786350890994072),(Vehicles3↦0.5180162191390991),(Vehicles4↦0.04443678539246321),(Vehicles5↦1.0432671755552292)}",
        "VehiclesY": "{(EgoVehicle↦8.000000238418579),(Vehicles2↦-4.0000001192092896),(Vehicles3↦0.0),(Vehicles4↦-8.000000238418579),(Vehicles5↦-4.0000001192092896)}",
        "VehiclesVy": "{(EgoVehicle↦0.0),(Vehicles2↦0.0),(Vehicles3↦0.0),(Vehicles4↦0.0),(Vehicles5↦0.0)}",
        "VehiclesX": "{(EgoVehicle↦200.0),(Vehicles2↦8.939580619335175),(Vehicles3↦34.25242900848389),(Vehicles4↦82.12596774101257),(Vehicles5↦82.22097754478455)}"
      },
      "probabilisticVariables": null,
      "activating": [
        "IDLE_26"
      ],
      "activatingOnlyWhenExecuted": true,
      "updating": null,
      "withPredicate": null
    },
    {
      "id": "IDLE_26",
      "execute": "IDLE",
      "after": "1000",
      "priority": 0,
      "additionalGuards": null,
      "activationKind": null,
      "fixedVariables": {
        "Crash": "FALSE",
        "VehiclesAy": "{(EgoVehicle↦0.0),(Vehicles2↦0.0),(Vehicles3↦0.0),(Vehicles4↦0.0),(Vehicles5↦0.0)}",
        "Reward": "0.7333333335424429",
        "VehiclesAx": "{(EgoVehicle↦0.0),(Vehicles2↦0.01210339367389679),(Vehicles3↦0.01771535724401474),(Vehicles4↦0.013473965227603912),(Vehicles5↦0.003804042935371399)}",
        "VehiclesVx": "{(EgoVehicle↦20.0),(Vehicles2↦0.7984542846679688),(Vehicles3↦0.5357315763831139),(Vehicles4↦0.05791075062006712),(Vehicles5↦1.0470712184906006)}",
        "VehiclesY": "{(EgoVehicle↦8.000000238418579),(Vehicles2↦-4.0000001192092896),(Vehicles3↦0.0),(Vehicles4↦-8.000000238418579),(Vehicles5↦-4.0000001192092896)}",
        "VehiclesVy": "{(EgoVehicle↦0.0),(Vehicles2↦0.0),(Vehicles3↦0.0),(Vehicles4↦0.0),(Vehicles5↦0.0)}",
        "VehiclesX": "{(EgoVehicle↦200.0),(Vehicles2↦9.730812907218933),(Vehicles3↦34.77764129638672),(Vehicles4↦82.17577934265137),(Vehicles5↦83.26576948165894)}"
      },
      "probabilisticVariables": null,
      "activating": [
        "IDLE_27"
      ],
      "activatingOnlyWhenExecuted": true,
      "updating": null,
      "withPredicate": null
    },
    {
      "id": "IDLE_27",
      "execute": "IDLE",
      "after": "1000",
      "priority": 0,
      "additionalGuards": null,
      "activationKind": null,
      "fixedVariables": {
        "Crash": "FALSE",
        "VehiclesAy": "{(EgoVehicle↦0.0),(Vehicles2↦0.0),(Vehicles3↦0.0),(Vehicles4↦0.0),(Vehicles5↦0.0)}",
        "Reward": "0.7333333333608704",
        "VehiclesAx": "{(EgoVehicle↦0.0),(Vehicles2↦0.011622533202171326),(Vehicles3↦0.016334205865859985),(Vehicles4↦0.013668439351022243),(Vehicles5↦0.0037836283445358276)}",
        "VehiclesVx": "{(EgoVehicle↦20.0),(Vehicles2↦0.8100768178701401),(Vehicles3↦0.5520657822489738),(Vehicles4↦0.07157918997108936),(Vehicles5↦1.0508548468351364)}",
        "VehiclesY": "{(EgoVehicle↦8.000000238418579),(Vehicles2↦-4.0000001192092896),(Vehicles3↦0.0),(Vehicles4↦-8.000000238418579),(Vehicles5↦-4.0000001192092896)}",
        "VehiclesVy": "{(EgoVehicle↦0.0),(Vehicles2↦0.0),(Vehicles3↦0.0),(Vehicles4↦0.0),(Vehicles5↦0.0)}",
        "VehiclesX": "{(EgoVehicle↦200.0),(Vehicles2↦10.533953458070755),(Vehicles3↦35.320016741752625),(Vehicles4↦82.23914504051208),(Vehicles5↦84.31435227394104)}"
      },
      "probabilisticVariables": null,
      "activating": [
        "SLOWER_28"
      ],
      "activatingOnlyWhenExecuted": true,
      "updating": null,
      "withPredicate": null
    },
    {
      "id": "SLOWER_28",
      "execute": "SLOWER",
      "after": "1000",
      "priority": 0,
      "additionalGuards": null,
      "activationKind": null,
      "fixedVariables": {
        "Crash": "FALSE",
        "VehiclesAy": "{(EgoVehicle↦0.0),(Vehicles2↦0.0),(Vehicles3↦0.0),(Vehicles4↦0.0),(Vehicles5↦0.0)}",
        "Reward": "0.7333333333369597",
        "VehiclesAx": "{(EgoVehicle↦0.0),(Vehicles2↦0.011174529790878296),(Vehicles3↦0.0149531289935112),(Vehicles4↦0.013827774673700333),(Vehicles5↦0.0037641823291778564)}",
        "VehiclesVx": "{(EgoVehicle↦20.0),(Vehicles2↦0.8212513476610184),(Vehicles3↦0.567018911242485),(Vehicles4↦0.0854069646447897),(Vehicles5↦1.0546190291643143)}",
        "VehiclesY": "{(EgoVehicle↦8.000000238418579),(Vehicles2↦-4.0000001192092896),(Vehicles3↦0.0),(Vehicles4↦-8.000000238418579),(Vehicles5↦-4.0000001192092896)}",
        "VehiclesVy": "{(EgoVehicle↦0.0),(Vehicles2↦0.0),(Vehicles3↦0.0),(Vehicles4↦0.0),(Vehicles5↦0.0)}",
        "VehiclesX": "{(EgoVehicle↦200.0),(Vehicles2↦11.348534375429153),(Vehicles3↦35.878175497055054),(Vehicles4↦82.31624364852905),(Vehicles5↦85.3667140007019)}"
      },
      "probabilisticVariables": null,
      "activating": [
        "IDLE_29"
      ],
      "activatingOnlyWhenExecuted": true,
      "updating": null,
      "withPredicate": null
    },
    {
      "id": "IDLE_29",
      "execute": "IDLE",
      "after": "1000",
      "priority": 0,
      "additionalGuards": null,
      "activationKind": null,
      "fixedVariables": {
        "Crash": "FALSE",
        "VehiclesAy": "{(EgoVehicle↦0.0),(Vehicles2↦0.0),(Vehicles3↦0.0),(Vehicles4↦0.0),(Vehicles5↦0.0)}",
        "Reward": "0.7333333333338109",
        "VehiclesAx": "{(EgoVehicle↦0.0),(Vehicles2↦0.010756105184555054),(Vehicles3↦0.013587810099124908),(Vehicles4↦0.0139542855322361),(Vehicles5↦0.0037451833486557007)}",
        "VehiclesVx": "{(EgoVehicle↦20.0),(Vehicles2↦0.8320074528455734),(Vehicles3↦0.58060672134161),(Vehicles4↦0.0993612501770258),(Vehicles5↦1.05836421251297)}",
        "VehiclesY": "{(EgoVehicle↦8.000000238418579),(Vehicles2↦-4.0000001192092896),(Vehicles3↦0.0),(Vehicles4↦-8.000000238418579),(Vehicles5↦-4.0000001192092896)}",
        "VehiclesVy": "{(EgoVehicle↦0.0),(Vehicles2↦0.0),(Vehicles3↦0.0),(Vehicles4↦0.0),(Vehicles5↦0.0)}",
        "VehiclesX": "{(EgoVehicle↦200.0),(Vehicles2↦12.174120545387268),(Vehicles3↦36.450737714767456),(Vehicles4↦82.40722417831421),(Vehicles5↦86.4228367805481)}"
      },
      "probabilisticVariables": null,
      "activating": [
        "SLOWER_30"
      ],
      "activatingOnlyWhenExecuted": true,
      "updating": null,
      "withPredicate": null
    },
    {
      "id": "SLOWER_30",
      "execute": "SLOWER",
      "after": "1000",
      "priority": 0,
      "additionalGuards": null,
      "activationKind": null,
      "fixedVariables": {
        "Crash": "FALSE",
        "VehiclesAy": "{(EgoVehicle↦0.0),(Vehicles2↦0.0),(Vehicles3↦0.0),(Vehicles4↦0.0),(Vehicles5↦0.0)}",
        "Reward": "0.7333333333333963",
        "VehiclesAx": "{(EgoVehicle↦0.0),(Vehicles2↦0.010364502668380737),(Vehicles3↦0.012251622974872589),(Vehicles4↦0.014050304889678955),(Vehicles5↦0.0037266314029693604)}",
        "VehiclesVx": "{(EgoVehicle↦20.0),(Vehicles2↦0.8423719555139542),(Vehicles3↦0.5928583443164825),(Vehicles4↦0.11341155506670475),(Vehicles5↦1.0620908439159393)}",
        "VehiclesY": "{(EgoVehicle↦8.000000238418579),(Vehicles2↦-4.0000001192092896),(Vehicles3↦0.0),(Vehicles4↦-8.000000238418579),(Vehicles5↦-4.0000001192092896)}",
        "VehiclesVy": "{(EgoVehicle↦0.0),(Vehicles2↦0.0),(Vehicles3↦0.0),(Vehicles4↦0.0),(Vehicles5↦0.0)}",
        "VehiclesX": "{(EgoVehicle↦200.0),(Vehicles2↦13.010303676128387),(Vehicles3↦37.03635036945343),(Vehicles4↦82.51219391822815),(Vehicles5↦87.48269081115723)}"
      },
      "probabilisticVariables": null,
      "activating": [
        "IDLE_31"
      ],
      "activatingOnlyWhenExecuted": true,
      "updating": null,
      "withPredicate": null
    },
    {
      "id": "IDLE_31",
      "execute": "IDLE",
      "after": "1000",
      "priority": 0,
      "additionalGuards": null,
      "activationKind": null,
      "fixedVariables": {
        "Crash": "FALSE",
        "VehiclesAy": "{(EgoVehicle↦0.0),(Vehicles2↦0.0),(Vehicles3↦0.0),(Vehicles4↦0.0),(Vehicles5↦0.0)}",
        "Reward": "0.7333333333333415",
        "VehiclesAx": "{(EgoVehicle↦0.0),(Vehicles2↦0.0099974125623703),(Vehicles3↦0.010955184698104858),(Vehicles4↦0.014118114486336708),(Vehicles5↦0.0037083029747009277)}",
        "VehiclesVx": "{(EgoVehicle↦20.0),(Vehicles2↦0.8523693680763245),(Vehicles3↦0.6038135290145874),(Vehicles4↦0.12752966955304146),(Vehicles5↦1.0657991468906403)}",
        "VehiclesY": "{(EgoVehicle↦8.000000238418579),(Vehicles2↦-4.0000001192092896),(Vehicles3↦0.0),(Vehicles4↦-8.000000238418579),(Vehicles5↦-4.0000001192092896)}",
        "VehiclesVy": "{(EgoVehicle↦0.0),(Vehicles2↦0.0),(Vehicles3↦0.0),(Vehicles4↦0.0),(Vehicles5↦0.0)}",
        "VehiclesX": "{(EgoVehicle↦200.0),(Vehicles2↦13.856703042984009),(Vehicles3↦37.6336932182312),(Vehicles4↦82.63124823570251),(Vehicles5↦88.54627013206482)}"
      },
      "probabilisticVariables": null,
      "activating": [
        "IDLE_32"
      ],
      "activatingOnlyWhenExecuted": true,
      "updating": null,
      "withPredicate": null
    },
    {
      "id": "IDLE_32",
      "execute": "IDLE",
      "after": "1000",
      "priority": 0,
      "additionalGuards": null,
      "activationKind": null,
      "fixedVariables": {
        "Crash": "FALSE",
        "VehiclesAy": "{(EgoVehicle↦0.0),(Vehicles2↦0.0),(Vehicles3↦0.0),(Vehicles4↦0.0),(Vehicles5↦0.0)}",
        "Reward": "0.7333333333333344",
        "VehiclesAx": "{(EgoVehicle↦0.0),(Vehicles2↦0.009652674198150635),(Vehicles3↦0.009707510471343994),(Vehicles4↦0.01415994018316269),(Vehicles5↦0.0036900490522384644)}",
        "VehiclesVx": "{(EgoVehicle↦20.0),(Vehicles2↦0.8620220422744751),(Vehicles3↦0.6135210394859314),(Vehicles4↦0.14168960973620415),(Vehicles5↦1.0694891959428787)}",
        "VehiclesY": "{(EgoVehicle↦8.000000238418579),(Vehicles2↦-4.0000001192092896),(Vehicles3↦0.0),(Vehicles4↦-8.000000238418579),(Vehicles5↦-4.0000001192092896)}",
        "VehiclesVy": "{(EgoVehicle↦0.0),(Vehicles2↦0.0),(Vehicles3↦0.0),(Vehicles4↦0.0),(Vehicles5↦0.0)}",
        "VehiclesX": "{(EgoVehicle↦200.0),(Vehicles2↦14.71296101808548),(Vehicles3↦38.2414847612381),(Vehicles4↦82.7644407749176),(Vehicles5↦89.61354494094849)}"
      },
      "probabilisticVariables": null,
      "activating": [
        "IDLE_33"
      ],
      "activatingOnlyWhenExecuted": true,
      "updating": null,
      "withPredicate": null
    },
    {
      "id": "IDLE_33",
      "execute": "IDLE",
      "after": "1000",
      "priority": 0,
      "additionalGuards": null,
      "activationKind": null,
      "fixedVariables": {
        "Crash": "FALSE",
        "VehiclesAy": "{(EgoVehicle↦0.0),(Vehicles2↦0.0),(Vehicles3↦0.0),(Vehicles4↦0.0),(Vehicles5↦0.0)}",
        "Reward": "0.7333333333333334",
        "VehiclesAx": "{(EgoVehicle↦0.0),(Vehicles2↦0.009328648447990417),(Vehicles3↦0.008515305817127228),(Vehicles4↦0.014177914708852768),(Vehicles5↦0.0036720186471939087)}",
        "VehiclesVx": "{(EgoVehicle↦20.0),(Vehicles2↦0.8713506907224655),(Vehicles3↦0.6220363453030586),(Vehicles4↦0.15586752444505692),(Vehicles5↦1.0731612145900726)}",
        "VehiclesY": "{(EgoVehicle↦8.000000238418579),(Vehicles2↦-4.0000001192092896),(Vehicles3↦0.0),(Vehicles4↦-8.000000238418579),(Vehicles5↦-4.0000001192092896)}",
        "VehiclesVy": "{(EgoVehicle↦0.0),(Vehicles2↦0.0),(Vehicles3↦0.0),(Vehicles4↦0.0),(Vehicles5↦0.0)}",
        "VehiclesX": "{(EgoVehicle↦200.0),(Vehicles2↦15.5787393450737),(Vehicles3↦38.858506083488464),(Vehicles4↦82.9118013381958),(Vehicles5↦90.68450331687927)}"
      },
      "probabilisticVariables": null,
      "activating": [
        "IDLE_34"
      ],
      "activatingOnlyWhenExecuted": true,
      "updating": null,
      "withPredicate": null
    },
    {
      "id": "IDLE_34",
      "execute": "IDLE",
      "after": "1000",
      "priority": 0,
      "additionalGuards": null,
      "activationKind": null,
      "fixedVariables": {
        "Crash": "FALSE",
        "VehiclesAy": "{(EgoVehicle↦0.0),(Vehicles2↦0.0),(Vehicles3↦0.0),(Vehicles4↦0.0),(Vehicles5↦0.0)}",
        "Reward": "0.7333333333333334",
        "VehiclesAx": "{(EgoVehicle↦0.0),(Vehicles2↦0.009023696184158325),(Vehicles3↦0.007384158670902252),(Vehicles4↦0.014174096286296844),(Vehicles5↦0.003653913736343384)}",
        "VehiclesVx": "{(EgoVehicle↦20.0),(Vehicles2↦0.8803743869066238),(Vehicles3↦0.6294205039739609),(Vehicles4↦0.17004162073135376),(Vehicles5↦1.076815128326416)}",
        "VehiclesY": "{(EgoVehicle↦8.000000238418579),(Vehicles2↦-4.0000001192092896),(Vehicles3↦0.0),(Vehicles4↦-8.000000238418579),(Vehicles5↦-4.0000001192092896)}",
        "VehiclesVy": "{(EgoVehicle↦0.0),(Vehicles2↦0.0),(Vehicles3↦0.0),(Vehicles4↦0.0),(Vehicles5↦0.0)}",
        "VehiclesX": "{(EgoVehicle↦200.0),(Vehicles2↦16.45372360944748),(Vehicles3↦39.483582973480225),(Vehicles4↦83.07334184646606),(Vehicles5↦91.75912737846375)}"
      },
      "probabilisticVariables": null,
      "activating": [
        "IDLE_35"
      ],
      "activatingOnlyWhenExecuted": true,
      "updating": null,
      "withPredicate": null
    },
    {
      "id": "IDLE_35",
      "execute": "IDLE",
      "after": "1000",
      "priority": 0,
      "additionalGuards": null,
      "activationKind": null,
      "fixedVariables": {
        "Crash": "FALSE",
        "VehiclesAy": "{(EgoVehicle↦0.0),(Vehicles2↦0.0),(Vehicles3↦0.0),(Vehicles4↦0.0),(Vehicles5↦0.0)}",
        "Reward": "0.7333333333333334",
        "VehiclesAx": "{(EgoVehicle↦0.0),(Vehicles2↦0.008736252784729004),(Vehicles3↦0.006317943334579468),(Vehicles4↦0.014150422066450119),(Vehicles5↦0.003635883331298828)}",
        "VehiclesVx": "{(EgoVehicle↦20.0),(Vehicles2↦0.8891106396913528),(Vehicles3↦0.6357384473085403),(Vehicles4↦0.18419204279780388),(Vehicles5↦1.0804510116577148)}",
        "VehiclesY": "{(EgoVehicle↦8.000000238418579),(Vehicles2↦-4.0000001192092896),(Vehicles3↦0.0),(Vehicles4↦-8.000000238418579),(Vehicles5↦-4.0000001192092896)}",
        "VehiclesVy": "{(EgoVehicle↦0.0),(Vehicles2↦0.0),(Vehicles3↦0.0),(Vehicles4↦0.0),(Vehicles5↦0.0)}",
        "VehiclesX": "{(EgoVehicle↦200.0),(Vehicles2↦17.33761429786682),(Vehicles3↦40.11561572551727),(Vehicles4↦83.24904441833496),(Vehicles5↦92.83739924430847)}"
      },
      "probabilisticVariables": null,
      "activating": [
        "IDLE_36"
      ],
      "activatingOnlyWhenExecuted": true,
      "updating": null,
      "withPredicate": null
    },
    {
      "id": "IDLE_36",
      "execute": "IDLE",
      "after": "1000",
      "priority": 0,
      "additionalGuards": null,
      "activationKind": null,
      "fixedVariables": {
        "Crash": "FALSE",
        "VehiclesAy": "{(EgoVehicle↦0.0),(Vehicles2↦0.0),(Vehicles3↦0.0),(Vehicles4↦0.0),(Vehicles5↦0.0)}",
        "Reward": "0.7333333333333334",
        "VehiclesAx": "{(EgoVehicle↦0.0),(Vehicles2↦0.008465275168418884),(Vehicles3↦0.005319714546203613),(Vehicles4↦0.014108791947364807),(Vehicles5↦0.003617703914642334)}",
        "VehiclesVx": "{(EgoVehicle↦20.0),(Vehicles2↦0.8975759148597717),(Vehicles3↦0.641058161854744),(Vehicles4↦0.19830083474516869),(Vehicles5↦1.0840687155723572)}",
        "VehiclesY": "{(EgoVehicle↦8.000000238418579),(Vehicles2↦-4.0000001192092896),(Vehicles3↦0.0),(Vehicles4↦-8.000000238418579),(Vehicles5↦-4.0000001192092896)}",
        "VehiclesVy": "{(EgoVehicle↦0.0),(Vehicles2↦0.0),(Vehicles3↦0.0),(Vehicles4↦0.0),(Vehicles5↦0.0)}",
        "VehiclesX": "{(EgoVehicle↦200.0),(Vehicles2↦18.2301327586174),(Vehicles3↦40.7535582780838),(Vehicles4↦83.43888521194458),(Vehicles5↦93.91929507255554)}"
      },
      "probabilisticVariables": null,
      "activating": [
        "IDLE_37"
      ],
      "activatingOnlyWhenExecuted": true,
      "updating": null,
      "withPredicate": null
    },
    {
      "id": "IDLE_37",
      "execute": "IDLE",
      "after": "1000",
      "priority": 0,
      "additionalGuards": null,
      "activationKind": null,
      "fixedVariables": {
        "Crash": "FALSE",
        "VehiclesAy": "{(EgoVehicle↦0.0),(Vehicles2↦0.0),(Vehicles3↦0.0),(Vehicles4↦0.0),(Vehicles5↦0.0)}",
        "Reward": "0.7333333333333334",
        "VehiclesAx": "{(EgoVehicle↦0.0),(Vehicles2↦0.008209273219108582),(Vehicles3↦0.004391148686408997),(Vehicles4↦0.014050882309675217),(Vehicles5↦0.003599599003791809)}",
        "VehiclesVx": "{(EgoVehicle↦20.0),(Vehicles2↦0.9057851880788803),(Vehicles3↦0.645449310541153),(Vehicles4↦0.2123517170548439),(Vehicles5↦1.087668314576149)}",
        "VehiclesY": "{(EgoVehicle↦8.000000238418579),(Vehicles2↦-4.0000001192092896),(Vehicles3↦0.0),(Vehicles4↦-8.000000238418579),(Vehicles5↦-4.0000001192092896)}",
        "VehiclesVy": "{(EgoVehicle↦0.0),(Vehicles2↦0.0),(Vehicles3↦0.0),(Vehicles4↦0.0),(Vehicles5↦0.0)}",
        "VehiclesX": "{(EgoVehicle↦200.0),(Vehicles2↦19.13101226091385),(Vehicles3↦41.39644503593445),(Vehicles4↦83.64281058311462),(Vehicles5↦95.00480890274048)}"
      },
      "probabilisticVariables": null,
      "activating": [
        "IDLE_38"
      ],
      "activatingOnlyWhenExecuted": true,
      "updating": null,
      "withPredicate": null
    },
    {
      "id": "IDLE_38",
      "execute": "IDLE",
      "after": "1000",
      "priority": 0,
      "additionalGuards": null,
      "activationKind": null,
      "fixedVariables": {
        "Crash": "FALSE",
        "VehiclesAy": "{(EgoVehicle↦0.0),(Vehicles2↦0.0),(Vehicles3↦0.0),(Vehicles4↦0.0),(Vehicles5↦0.0)}",
        "Reward": "0.7333333333333334",
        "VehiclesAx": "{(EgoVehicle↦0.0),(Vehicles2↦0.007967427372932434),(Vehicles3↦0.003533586859703064),(Vehicles4↦0.013978350907564163),(Vehicles5↦0.0035813450813293457)}",
        "VehiclesVx": "{(EgoVehicle↦20.0),(Vehicles2↦0.9137526154518127),(Vehicles3↦0.648982897400856),(Vehicles4↦0.22633006796240807),(Vehicles5↦1.0912496596574783)}",
        "VehiclesY": "{(EgoVehicle↦8.000000238418579),(Vehicles2↦-4.0000001192092896),(Vehicles3↦0.0),(Vehicles4↦-8.000000238418579),(Vehicles5↦-4.0000001192092896)}",
        "VehiclesVy": "{(EgoVehicle↦0.0),(Vehicles2↦0.0),(Vehicles3↦0.0),(Vehicles4↦0.0),(Vehicles5↦0.0)}",
        "VehiclesX": "{(EgoVehicle↦200.0),(Vehicles2↦20.040002465248108),(Vehicles3↦42.04337298870087),(Vehicles4↦83.86076092720032),(Vehicles5↦96.0939109325409)}"
      },
      "probabilisticVariables": null,
      "activating": [
        "IDLE_39"
      ],
      "activatingOnlyWhenExecuted": true,
      "updating": null,
      "withPredicate": null
    },
    {
      "id": "IDLE_39",
      "execute": "IDLE",
      "after": "1000",
      "priority": 0,
      "additionalGuards": null,
      "activationKind": null,
      "fixedVariables": {
        "Crash": "FALSE",
        "VehiclesAy": "{(EgoVehicle↦0.0),(Vehicles2↦0.0),(Vehicles3↦0.0),(Vehicles4↦0.0),(Vehicles5↦0.0)}",
        "Reward": "0.7333333333333334",
        "VehiclesAx": "{(EgoVehicle↦0.0),(Vehicles2↦0.007738620042800903),(Vehicles3↦0.002747178077697754),(Vehicles4↦0.013892706483602524),(Vehicles5↦0.003563016653060913)}",
        "VehiclesVx": "{(EgoVehicle↦20.0),(Vehicles2↦0.9214912354946136),(Vehicles3↦0.6517300754785538),(Vehicles4↦0.2402227744460106),(Vehicles5↦1.0948126763105392)}",
        "VehiclesY": "{(EgoVehicle↦8.000000238418579),(Vehicles2↦-4.0000001192092896),(Vehicles3↦0.0),(Vehicles4↦-8.000000238418579),(Vehicles5↦-4.0000001192092896)}",
        "VehiclesVy": "{(EgoVehicle↦0.0),(Vehicles2↦0.0),(Vehicles3↦0.0),(Vehicles4↦0.0),(Vehicles5↦0.0)}",
        "VehiclesX": "{(EgoVehicle↦200.0),(Vehicles2↦20.956869423389435),(Vehicles3↦42.69351363182068),(Vehicles4↦84.09265279769897),(Vehicles5↦97.18658924102783)}"
      },
      "probabilisticVariables": null,
      "activating": [
        "IDLE_40"
      ],
      "activatingOnlyWhenExecuted": true,
      "updating": null,
      "withPredicate": null
    },
    {
      "id": "IDLE_40",
      "execute": "IDLE",
      "after": "1000",
      "priority": 0,
      "additionalGuards": null,
      "activationKind": null,
      "fixedVariables": {
        "Crash": "FALSE",
        "VehiclesAy": "{(EgoVehicle↦0.0),(Vehicles2↦0.0),(Vehicles3↦0.0),(Vehicles4↦0.0),(Vehicles5↦0.0)}",
        "Reward": "0.7333333333333334",
        "VehiclesAx": "{(EgoVehicle↦0.0),(Vehicles2↦0.007521957159042358),(Vehicles3↦0.0020316243171691895),(Vehicles4↦0.013795383274555206),(Vehicles5↦0.0035446137189865112)}",
        "VehiclesVx": "{(EgoVehicle↦20.0),(Vehicles2↦0.929013192653656),(Vehicles3↦0.653761699795723),(Vehicles4↦0.2540181577205658),(Vehicles5↦1.0983572900295258)}",
        "VehiclesY": "{(EgoVehicle↦8.000000238418579),(Vehicles2↦-4.0000001192092896),(Vehicles3↦0.0),(Vehicles4↦-8.000000238418579),(Vehicles5↦-4.0000001192092896)}",
        "VehiclesVy": "{(EgoVehicle↦0.0),(Vehicles2↦0.0),(Vehicles3↦0.0),(Vehicles4↦0.0),(Vehicles5↦0.0)}",
        "VehiclesX": "{(EgoVehicle↦200.0),(Vehicles2↦21.881385147571564),(Vehicles3↦43.346112966537476),(Vehicles4↦84.33840274810791),(Vehicles5↦98.28281998634338)}"
      },
      "probabilisticVariables": null,
      "activating": [
        "IDLE_41"
      ],
      "activatingOnlyWhenExecuted": true,
      "updating": null,
      "withPredicate": null
    },
    {
      "id": "IDLE_41",
      "execute": "IDLE",
      "after": "1000",
      "priority": 0,
      "additionalGuards": null,
      "activationKind": null,
      "fixedVariables": {
        "Crash": "FALSE",
        "VehiclesAy": "{(EgoVehicle↦0.0),(Vehicles2↦0.0),(Vehicles3↦0.0),(Vehicles4↦0.0),(Vehicles5↦0.0)}",
        "Reward": "0.7333333333333334",
        "VehiclesAx": "{(EgoVehicle↦0.0),(Vehicles2↦0.007316619157791138),(Vehicles3↦0.0013859570026397705),(Vehicles4↦0.013687703758478165),(Vehicles5↦0.00352613627910614)}",
        "VehiclesVx": "{(EgoVehicle↦20.0),(Vehicles2↦0.9363298118114471),(Vehicles3↦0.6551476567983627),(Vehicles4↦0.26770586147904396),(Vehicles5↦1.101883426308632)}",
        "VehiclesY": "{(EgoVehicle↦8.000000238418579),(Vehicles2↦-4.0000001192092896),(Vehicles3↦0.0),(Vehicles4↦-8.000000238418579),(Vehicles5↦-4.0000001192092896)}",
        "VehiclesVy": "{(EgoVehicle↦0.0),(Vehicles2↦0.0),(Vehicles3↦0.0),(Vehicles4↦0.0),(Vehicles5↦0.0)}",
        "VehiclesX": "{(EgoVehicle↦200.0),(Vehicles2↦22.81334102153778),(Vehicles3↦44.000476598739624),(Vehicles4↦84.597909450531),(Vehicles5↦99.38258528709412)}"
      },
      "probabilisticVariables": null,
      "activating": [
        "IDLE_42"
      ],
      "activatingOnlyWhenExecuted": true,
      "updating": null,
      "withPredicate": null
    },
    {
      "id": "IDLE_42",
      "execute": "IDLE",
      "after": "1000",
      "priority": 0,
      "additionalGuards": null,
      "activationKind": null,
      "fixedVariables": {
        "Crash": "FALSE",
        "VehiclesAy": "{(EgoVehicle↦0.0),(Vehicles2↦0.0),(Vehicles3↦0.0),(Vehicles4↦0.0),(Vehicles5↦0.0)}",
        "Reward": "0.7333333333333334",
        "VehiclesAx": "{(EgoVehicle↦0.0),(Vehicles2↦0.007121935486793518),(Vehicles3↦0.0008091330528259277),(Vehicles4↦0.013570822775363922),(Vehicles5↦0.0035074353218078613)}",
        "VehiclesVx": "{(EgoVehicle↦20.0),(Vehicles2↦0.9434517472982407),(Vehicles3↦0.6559567898511887),(Vehicles4↦0.2812766842544079),(Vehicles5↦1.1053908616304398)}",
        "VehiclesY": "{(EgoVehicle↦8.000000238418579),(Vehicles2↦-4.0000001192092896),(Vehicles3↦0.0),(Vehicles4↦-8.000000238418579),(Vehicles5↦-4.0000001192092896)}",
        "VehiclesVy": "{(EgoVehicle↦0.0),(Vehicles2↦0.0),(Vehicles3↦0.0),(Vehicles4↦0.0),(Vehicles5↦0.0)}",
        "VehiclesX": "{(EgoVehicle↦200.0),(Vehicles2↦23.75253587961197),(Vehicles3↦44.65599060058594),(Vehicles4↦84.87104773521423),(Vehicles5↦100.48587322235107)}"
      },
      "probabilisticVariables": null,
      "activating": [
        "IDLE_43"
      ],
      "activatingOnlyWhenExecuted": true,
      "updating": null,
      "withPredicate": null
    },
    {
      "id": "IDLE_43",
      "execute": "IDLE",
      "after": "1000",
      "priority": 0,
      "additionalGuards": null,
      "activationKind": null,
      "fixedVariables": {
        "Crash": "FALSE",
        "VehiclesAy": "{(EgoVehicle↦0.0),(Vehicles2↦0.0),(Vehicles3↦0.0),(Vehicles4↦0.0),(Vehicles5↦0.0)}",
        "Reward": "0.7333333333333334",
        "VehiclesAx": "{(EgoVehicle↦0.0),(Vehicles2↦0.006937012076377869),(Vehicles3↦0.0002991408109664917),(Vehicles4↦0.013445913791656494),(Vehicles5↦0.0034887343645095825)}",
        "VehiclesVx": "{(EgoVehicle↦20.0),(Vehicles2↦0.9503887593746185),(Vehicles3↦0.6562559306621552),(Vehicles4↦0.2947225980460644),(Vehicles5↦1.1088795959949493)}",
        "VehiclesY": "{(EgoVehicle↦8.000000238418579),(Vehicles2↦-4.0000001192092896),(Vehicles3↦0.0),(Vehicles4↦-8.000000238418579),(Vehicles5↦-4.0000001192092896)}",
        "VehiclesVy": "{(EgoVehicle↦0.0),(Vehicles2↦0.0),(Vehicles3↦0.0),(Vehicles4↦0.0),(Vehicles5↦0.0)}",
        "VehiclesX": "{(EgoVehicle↦200.0),(Vehicles2↦24.69877600669861),(Vehicles3↦45.31210660934448),(Vehicles4↦85.15771627426147),(Vehicles5↦101.59265995025635)}"
      },
      "probabilisticVariables": null,
      "activating": [
        "FASTER_44"
      ],
      "activatingOnlyWhenExecuted": true,
      "updating": null,
      "withPredicate": null
    },
    {
      "id": "FASTER_44",
      "execute": "FASTER",
      "after": "1000",
      "priority": 0,
      "additionalGuards": null,
      "activationKind": null,
      "fixedVariables": {
        "Crash": "FALSE",
        "VehiclesAy": "{(EgoVehicle↦0.0),(Vehicles2↦0.0),(Vehicles3↦0.0),(Vehicles4↦0.0),(Vehicles5↦0.0)}",
        "Reward": "0.8491083676268861",
        "VehiclesAx": "{(EgoVehicle↦4.341564178466797),(Vehicles2↦-4.334802478551865),(Vehicles3↦-4.341709762811661),(Vehicles4↦-4.328249674290419),(Vehicles5↦-4.338093847036362)}",
        "VehiclesVx": "{(EgoVehicle↦24.341564178466797),(Vehicles2↦-3.384413719177246),(Vehicles3↦-3.6854538321495056),(Vehicles4↦-4.033527076244354),(Vehicles5↦-3.2292142510414124)}",
        "VehiclesY": "{(EgoVehicle↦8.000000238418579),(Vehicles2↦-4.0000001192092896),(Vehicles3↦0.0),(Vehicles4↦-8.000000238418579),(Vehicles5↦-4.0000001192092896)}",
        "VehiclesVy": "{(EgoVehicle↦0.0),(Vehicles2↦0.0),(Vehicles3↦0.0),(Vehicles4↦0.0),(Vehicles5↦0.0)}",
        "VehiclesX": "{(EgoVehicle↦200.0),(Vehicles2↦23.256821930408478),(Vehicles3↦43.573275208473206),(Vehicles4↦83.06271433830261),(Vehicles5↦100.30786991119385)}"
      },
      "probabilisticVariables": null,
      "activating": [
        "SLOWER_45"
      ],
      "activatingOnlyWhenExecuted": true,
      "updating": null,
      "withPredicate": null
    },
    {
      "id": "SLOWER_45",
      "execute": "SLOWER",
      "after": "1000",
      "priority": 0,
      "additionalGuards": null,
      "activationKind": null,
      "fixedVariables": {
        "Crash": "FALSE",
        "VehiclesAy": "{(EgoVehicle↦0.0),(Vehicles2↦0.0),(Vehicles3↦0.0),(Vehicles4↦0.0),(Vehicles5↦0.0)}",
        "Reward": "0.7485794283843362",
        "VehiclesAx": "{(EgoVehicle↦-3.76983642578125),(Vehicles2↦3.77642959356308),(Vehicles3↦3.769306605681777),(Vehicles4↦3.7830110639333725),(Vehicles5↦3.7732859700918198)}",
        "VehiclesVx": "{(EgoVehicle↦20.571727752685547),(Vehicles2↦0.39201587438583374),(Vehicles3↦0.08385277353227139),(Vehicles4↦-0.25051601231098175),(Vehicles5↦0.5440717190504074)}",
        "VehiclesY": "{(EgoVehicle↦8.000000238418579),(Vehicles2↦-4.0000001192092896),(Vehicles3↦0.0),(Vehicles4↦-8.000000238418579),(Vehicles5↦-4.0000001192092896)}",
        "VehiclesVy": "{(EgoVehicle↦0.0),(Vehicles2↦0.0),(Vehicles3↦0.0),(Vehicles4↦0.0),(Vehicles5↦0.0)}",
        "VehiclesX": "{(EgoVehicle↦200.0),(Vehicles2↦21.954721212387085),(Vehicles3↦41.967299580574036),(Vehicles4↦81.1141312122345),(Vehicles5↦99.15969967842102)}"
      },
      "probabilisticVariables": null,
      "activating": [
        "IDLE_46"
      ],
      "activatingOnlyWhenExecuted": true,
      "updating": null,
      "withPredicate": null
    },
    {
      "id": "IDLE_46",
      "execute": "IDLE",
      "after": "1000",
      "priority": 0,
      "additionalGuards": null,
      "activationKind": null,
      "fixedVariables": {
        "Crash": "FALSE",
        "VehiclesAy": "{(EgoVehicle↦0.0),(Vehicles2↦0.0),(Vehicles3↦0.0),(Vehicles4↦0.0),(Vehicles5↦0.0)}",
        "Reward": "0.7353410495540414",
        "VehiclesAx": "{(EgoVehicle↦-0.49643754959106445),(Vehicles2↦0.5028746277093887),(Vehicles3↦0.4955876711755991),(Vehicles4↦0.5094719305634499),(Vehicles5↦0.4998709261417389)}",
        "VehiclesVx": "{(EgoVehicle↦20.075290203094482),(Vehicles2↦0.8948905020952225),(Vehicles3↦0.5794404447078705),(Vehicles4↦0.2589559182524681),(Vehicles5↦1.0439426451921463)}",
        "VehiclesY": "{(EgoVehicle↦8.000000238418579),(Vehicles2↦-4.0000001192092896),(Vehicles3↦0.0),(Vehicles4↦-8.000000238418579),(Vehicles5↦-4.0000001192092896)}",
        "VehiclesVy": "{(EgoVehicle↦0.0),(Vehicles2↦0.0),(Vehicles3↦0.0),(Vehicles4↦0.0),(Vehicles5↦0.0)}",
        "VehiclesX": "{(EgoVehicle↦200.0),(Vehicles2↦22.62318879365921),(Vehicles3↦42.32470095157623),(Vehicles4↦81.14270567893982),(Vehicles5↦99.97901320457458)}"
      },
      "probabilisticVariables": null,
      "activating": [
        "IDLE_47"
      ],
      "activatingOnlyWhenExecuted": true,
      "updating": null,
      "withPredicate": null
    },
    {
      "id": "IDLE_47",
      "execute": "IDLE",
      "after": "1000",
      "priority": 0,
      "additionalGuards": null,
      "activationKind": null,
      "fixedVariables": {
        "Crash": "FALSE",
        "VehiclesAy": "{(EgoVehicle↦0.0),(Vehicles2↦0.0),(Vehicles3↦0.0),(Vehicles4↦0.0),(Vehicles5↦0.0)}",
        "Reward": "0.7335977239467599",
        "VehiclesAx": "{(EgoVehicle↦-0.06537437438964844),(Vehicles2↦0.07165879011154175),(Vehicles3↦0.06425723433494568),(Vehicles4↦0.07825978100299835),(Vehicles5↦0.0687871128320694)}",
        "VehiclesVx": "{(EgoVehicle↦20.009915828704834),(Vehicles2↦0.9665492922067642),(Vehicles3↦0.6436976790428162),(Vehicles4↦0.33721569925546646),(Vehicles5↦1.1127297580242157)}",
        "VehiclesY": "{(EgoVehicle↦8.000000238418579),(Vehicles2↦-4.0000001192092896),(Vehicles3↦0.0),(Vehicles4↦-8.000000238418579),(Vehicles5↦-4.0000001192092896)}",
        "VehiclesVy": "{(EgoVehicle↦0.0),(Vehicles2↦0.0),(Vehicles3↦0.0),(Vehicles4↦0.0),(Vehicles5↦0.0)}",
        "VehiclesX": "{(EgoVehicle↦200.0),(Vehicles2↦23.556669056415558),(Vehicles3↦42.93977916240692),(Vehicles4↦81.44289255142212),(Vehicles5↦101.06039047241211)}"
      },
      "probabilisticVariables": null,
      "activating": [
        "IDLE_48"
      ],
      "activatingOnlyWhenExecuted": true,
      "updating": null,
      "withPredicate": null
    },
    {
      "id": "IDLE_48",
      "execute": "IDLE",
      "after": "1000",
      "priority": 0,
      "additionalGuards": null,
      "activationKind": null,
      "fixedVariables": {
        "Crash": "FALSE",
        "VehiclesAy": "{(EgoVehicle↦0.0),(Vehicles2↦0.0),(Vehicles3↦0.0),(Vehicles4↦0.0),(Vehicles5↦0.0)}",
        "Reward": "0.7333681502042372",
        "VehiclesAx": "{(EgoVehicle↦-0.008609294891357422),(Vehicles2↦0.002791360020637512),(Vehicles3↦0.0023993104696273804),(Vehicles4↦0.021342746913433075),(Vehicles5↦-0.47138549387454987)}",
        "VehiclesVx": "{(EgoVehicle↦20.001306533813477),(Vehicles2↦0.9693406522274017),(Vehicles3↦0.6460969895124435),(Vehicles4↦0.35855844616889954),(Vehicles5↦0.6413442641496658)}",
        "VehiclesY": "{(EgoVehicle↦8.000000238418579),(Vehicles2↦-4.0000001192092896),(Vehicles3↦0.0),(Vehicles4↦-8.000000238418579),(Vehicles5↦-4.0000001192092896)}",
        "VehiclesVy": "{(EgoVehicle↦0.0),(Vehicles2↦0.0),(Vehicles3↦0.0),(Vehicles4↦0.0),(Vehicles5↦0.0)}",
        "VehiclesX": "{(EgoVehicle↦200.0),(Vehicles2↦24.529558420181274),(Vehicles3↦43.58687102794647),(Vehicles4↦81.78995847702026),(Vehicles5↦102.06927061080933)}"
      },
      "probabilisticVariables": null,
      "activating": [
        "IDLE_49"
      ],
      "activatingOnlyWhenExecuted": true,
      "updating": null,
      "withPredicate": null
    },
    {
      "id": "IDLE_49",
      "execute": "IDLE",
      "after": "1000",
      "priority": 0,
      "additionalGuards": null,
      "activationKind": null,
      "fixedVariables": {
        "Crash": "FALSE",
        "VehiclesAy": "{(EgoVehicle↦0.0),(Vehicles2↦0.0),(Vehicles3↦0.0),(Vehicles4↦0.0),(Vehicles5↦0.0)}",
        "Reward": "0.7333379182710655",
        "VehiclesAx": "{(EgoVehicle↦-0.0011348724365234375),(Vehicles2↦-0.05566999316215515),(Vehicles3↦0.06464570760726929),(Vehicles4↦0.013712979853153229),(Vehicles5↦-0.40307510644197464)}",
        "VehiclesVx": "{(EgoVehicle↦20.000171661376953),(Vehicles2↦0.9136706590652466),(Vehicles3↦0.7107426971197128),(Vehicles4↦0.37227142602205276),(Vehicles5↦0.2382691577076912)}",
        "VehiclesY": "{(EgoVehicle↦8.000000238418579),(Vehicles2↦-4.0000001192092896),(Vehicles3↦0.0),(Vehicles4↦-8.000000238418579),(Vehicles5↦-4.0000001192092896)}",
        "VehiclesVy": "{(EgoVehicle↦0.0),(Vehicles2↦0.0),(Vehicles3↦0.0),(Vehicles4↦0.0),(Vehicles5↦0.0)}",
        "VehiclesX": "{(EgoVehicle↦200.0),(Vehicles2↦25.479039549827576),(Vehicles3↦44.25095617771149),(Vehicles4↦82.15419054031372),(Vehicles5↦102.5239109992981)}"
      },
      "probabilisticVariables": null,
      "activating": [
        "IDLE_50"
      ],
      "activatingOnlyWhenExecuted": true,
      "updating": null,
      "withPredicate": null
    },
    {
      "id": "IDLE_50",
      "execute": "IDLE",
      "after": "1000",
      "priority": 0,
      "additionalGuards": null,
      "activationKind": null,
      "fixedVariables": {
        "Crash": "FALSE",
        "VehiclesAy": "{(EgoVehicle↦0.0),(Vehicles2↦0.0),(Vehicles3↦0.0),(Vehicles4↦0.0),(Vehicles5↦0.0)}",
        "Reward": "0.7333339371111417",
        "VehiclesAx": "{(EgoVehicle↦-0.00015020370483398438),(Vehicles2↦-0.0680088996887207),(Vehicles3↦0.12781284749507904),(Vehicles4↦0.012571699917316437),(Vehicles5↦-0.17739838920533657)}",
        "VehiclesVx": "{(EgoVehicle↦20.00002145767212),(Vehicles2↦0.8456617593765259),(Vehicles3↦0.8385555446147919),(Vehicles4↦0.3848431259393692),(Vehicles5↦0.06087076850235462)}",
        "VehiclesY": "{(EgoVehicle↦8.000000238418579),(Vehicles2↦-4.0000001192092896),(Vehicles3↦0.0),(Vehicles4↦-8.000000238418579),(Vehicles5↦-4.0000001192092896)}",
        "VehiclesVy": "{(EgoVehicle↦0.0),(Vehicles2↦0.0),(Vehicles3↦0.0),(Vehicles4↦0.0),(Vehicles5↦0.0)}",
        "VehiclesX": "{(EgoVehicle↦200.0),(Vehicles2↦26.365450024604797),(Vehicles3↦45.01016438007355),(Vehicles4↦82.53152370452881),(Vehicles5↦102.67903804779053)}"
      },
      "probabilisticVariables": null,
      "activating": [
        "FASTER_51"
      ],
      "activatingOnlyWhenExecuted": true,
      "updating": null,
      "withPredicate": null
    },
    {
      "id": "FASTER_51",
      "execute": "FASTER",
      "after": "1000",
      "priority": 0,
      "additionalGuards": null,
      "activationKind": null,
      "fixedVariables": {
        "Crash": "FALSE",
        "VehiclesAy": "{(EgoVehicle↦0.0),(Vehicles2↦0.0),(Vehicles3↦0.0),(Vehicles4↦0.0),(Vehicles5↦0.0)}",
        "Reward": "0.8491084471367211",
        "VehiclesAx": "{(EgoVehicle↦4.341545104980469),(Vehicles2↦-4.403834044933319),(Vehicles3↦-4.19854924082756),(Vehicles4↦-4.3292806297540665),(Vehicles5↦-4.408035995438695)}",
        "VehiclesVx": "{(EgoVehicle↦24.341566562652588),(Vehicles2↦-3.558172285556793),(Vehicles3↦-3.3599936962127686),(Vehicles4↦-3.9444375038146973),(Vehicles5↦-4.34716522693634)}",
        "VehiclesY": "{(EgoVehicle↦8.000000238418579),(Vehicles2↦-4.0000001192092896),(Vehicles3↦0.0),(Vehicles4↦-8.000000238418579),(Vehicles5↦-4.0000001192092896)}",
        "VehiclesVy": "{(EgoVehicle↦0.0),(Vehicles2↦0.0),(Vehicles3↦0.0),(Vehicles4↦0.0),(Vehicles5↦0.0)}",
        "VehiclesX": "{(EgoVehicle↦200.0),(Vehicles2↦24.790407717227936),(Vehicles3↦43.51083040237427),(Vehicles4↦80.52623271942139),(Vehicles5↦100.31212568283081)}"
      },
      "probabilisticVariables": null,
      "activating": [
        "SLOWER_52"
      ],
      "activatingOnlyWhenExecuted": true,
      "updating": null,
      "withPredicate": null
    },
    {
      "id": "SLOWER_52",
      "execute": "SLOWER",
      "after": "1000",
      "priority": 0,
      "additionalGuards": null,
      "activationKind": null,
      "fixedVariables": {
        "Crash": "FALSE",
        "VehiclesAy": "{(EgoVehicle↦0.0),(Vehicles2↦0.0),(Vehicles3↦0.0),(Vehicles4↦0.0),(Vehicles5↦0.0)}",
        "Reward": "0.7485794388547671",
        "VehiclesAx": "{(EgoVehicle↦-3.76983642578125),(Vehicles2↦3.717506993561983),(Vehicles3↦3.9053281024098396),(Vehicles4↦3.78194123506546),(Vehicles5↦3.7593774497509003)}",
        "VehiclesVx": "{(EgoVehicle↦20.571730136871338),(Vehicles2↦0.1593347080051899),(Vehicles3↦0.5453344061970711),(Vehicles4↦-0.16249626874923706),(Vehicles5↦-0.5877877771854401)}",
        "VehiclesY": "{(EgoVehicle↦8.000000238418579),(Vehicles2↦-4.0000001192092896),(Vehicles3↦0.0),(Vehicles4↦-8.000000238418579),(Vehicles5↦-4.0000001192092896)}",
        "VehiclesVy": "{(EgoVehicle↦0.0),(Vehicles2↦0.0),(Vehicles3↦0.0),(Vehicles4↦0.0),(Vehicles5↦0.0)}",
        "VehiclesX": "{(EgoVehicle↦200.0),(Vehicles2↦23.290154337882996),(Vehicles3↦42.28579103946686),(Vehicles4↦78.66631746292114),(Vehicles5↦98.03734421730042)}"
      },
      "probabilisticVariables": null,
      "activating": [
        "IDLE_53"
      ],
      "activatingOnlyWhenExecuted": true,
      "updating": null,
      "withPredicate": null
    },
    {
      "id": "IDLE_53",
      "execute": "IDLE",
      "after": "1000",
      "priority": 0,
      "additionalGuards": null,
      "activationKind": null,
      "fixedVariables": {
        "Crash": "FALSE",
        "VehiclesAy": "{(EgoVehicle↦0.0),(Vehicles2↦0.0),(Vehicles3↦0.0),(Vehicles4↦0.0),(Vehicles5↦0.0)}",
        "Reward": "0.7353410509328637",
        "VehiclesAx": "{(EgoVehicle↦-0.49643993377685547),(Vehicles2↦0.4536733590066433),(Vehicles3↦0.6157292798161507),(Vehicles4↦0.508381612598896),(Vehicles5↦0.5140684731304646)}",
        "VehiclesVx": "{(EgoVehicle↦20.075290203094482),(Vehicles2↦0.6130080670118332),(Vehicles3↦1.1610636860132217),(Vehicles4↦0.34588534384965897),(Vehicles5↦-0.07371930405497551)}",
        "VehiclesY": "{(EgoVehicle↦8.000000238418579),(Vehicles2↦-4.0000001192092896),(Vehicles3↦0.0),(Vehicles4↦-8.000000238418579),(Vehicles5↦-4.0000001192092896)}",
        "VehiclesVy": "{(EgoVehicle↦0.0),(Vehicles2↦0.0),(Vehicles3↦0.0),(Vehicles4↦0.0),(Vehicles5↦0.0)}",
        "VehiclesX": "{(EgoVehicle↦200.0),(Vehicles2↦23.705540597438812),(Vehicles3↦43.15413534641266),(Vehicles4↦78.78247499465942),(Vehicles5↦97.72894382476807)}"
      },
      "probabilisticVariables": null,
      "activating": [
        "IDLE_54"
      ],
      "activatingOnlyWhenExecuted": true,
      "updating": null,
      "withPredicate": null
    },
    {
      "id": "IDLE_54",
      "execute": "IDLE",
      "after": "1000",
      "priority": 0,
      "additionalGuards": null,
      "activationKind": null,
      "fixedVariables": {
        "Crash": "FALSE",
        "VehiclesAy": "{(EgoVehicle↦0.0),(Vehicles2↦0.0),(Vehicles3↦0.0),(Vehicles4↦0.0),(Vehicles5↦0.0)}",
        "Reward": "0.7335977241283332",
        "VehiclesAx": "{(EgoVehicle↦-0.06537437438964844),(Vehicles2↦0.030571818351745605),(Vehicles3↦0.16680710017681122),(Vehicles4↦0.07715493440628052),(Vehicles5↦0.0965625187382102)}",
        "VehiclesVx": "{(EgoVehicle↦20.009915828704834),(Vehicles2↦0.6435798853635788),(Vehicles3↦1.327870786190033),(Vehicles4↦0.4230402782559395),(Vehicles5↦0.02284321468323469)}",
        "VehiclesY": "{(EgoVehicle↦8.000000238418579),(Vehicles2↦-4.0000001192092896),(Vehicles3↦0.0),(Vehicles4↦-8.000000238418579),(Vehicles5↦-4.0000001192092896)}",
        "VehiclesVy": "{(EgoVehicle↦0.0),(Vehicles2↦0.0),(Vehicles3↦0.0),(Vehicles4↦0.0),(Vehicles5↦0.0)}",
        "VehiclesX": "{(EgoVehicle↦200.0),(Vehicles2↦24.340124428272247),(Vehicles3↦44.39323544502258),(Vehicles4↦79.16914820671082),(Vehicles5↦97.70305752754211)}"
      },
      "probabilisticVariables": null,
      "activating": [
        "IDLE_55"
      ],
      "activatingOnlyWhenExecuted": true,
      "updating": null,
      "withPredicate": null
    },
    {
      "id": "IDLE_55",
      "execute": "IDLE",
      "after": "1000",
      "priority": 0,
      "additionalGuards": null,
      "activationKind": null,
      "fixedVariables": {
        "Crash": "FALSE",
        "VehiclesAy": "{(EgoVehicle↦0.0),(Vehicles2↦0.0),(Vehicles3↦0.0),(Vehicles4↦0.0),(Vehicles5↦0.0)}",
        "Reward": "0.733368150228148",
        "VehiclesAx": "{(EgoVehicle↦-0.008609294891357422),(Vehicles2↦-0.019870512187480927),(Vehicles3↦0.0935867428779602),(Vehicles4↦0.0202270969748497),(Vehicles5↦0.04574840422719717)}",
        "VehiclesVx": "{(EgoVehicle↦20.001306533813477),(Vehicles2↦0.6237093731760979),(Vehicles3↦1.4214575290679932),(Vehicles4↦0.4432673752307892),(Vehicles5↦0.06859161891043186)}",
        "VehiclesY": "{(EgoVehicle↦8.000000238418579),(Vehicles2↦-4.0000001192092896),(Vehicles3↦0.0),(Vehicles4↦-8.000000238418579),(Vehicles5↦-4.0000001192092896)}",
        "VehiclesVy": "{(EgoVehicle↦0.0),(Vehicles2↦0.0),(Vehicles3↦0.0),(Vehicles4↦0.0),(Vehicles5↦0.0)}",
        "VehiclesX": "{(EgoVehicle↦200.0),(Vehicles2↦24.976614117622375),(Vehicles3↦45.761069655418396),(Vehicles4↦79.6015977859497),(Vehicles5↦97.74522185325623)}"
      },
      "probabilisticVariables": null,
      "activating": [
        "FASTER_56"
      ],
      "activatingOnlyWhenExecuted": true,
      "updating": null,
      "withPredicate": null
    },
    {
      "id": "FASTER_56",
      "execute": "FASTER",
      "after": "1000",
      "priority": 0,
      "additionalGuards": null,
      "activationKind": null,
      "fixedVariables": {
        "Crash": "FALSE",
        "VehiclesAy": "{(EgoVehicle↦0.0),(Vehicles2↦0.0),(Vehicles3↦0.0),(Vehicles4↦0.0),(Vehicles5↦0.0)}",
        "Reward": "0.8491129525677671",
        "VehiclesAx": "{(EgoVehicle↦4.340429306030273),(Vehicles2↦-4.363921992480755),(Vehicles3↦-4.269495904445648),(Vehicles4↦-4.328974038362503),(Vehicles5↦-4.301298642531037)}",
        "VehiclesVx": "{(EgoVehicle↦24.34173583984375),(Vehicles2↦-3.740212619304657),(Vehicles3↦-2.848038375377655),(Vehicles4↦-3.885706663131714),(Vehicles5↦-4.2327070236206055)}",
        "VehiclesY": "{(EgoVehicle↦8.000000238418579),(Vehicles2↦-4.0000001192092896),(Vehicles3↦0.0),(Vehicles4↦-8.000000238418579),(Vehicles5↦-4.0000001192092896)}",
        "VehiclesVy": "{(EgoVehicle↦0.0),(Vehicles2↦0.0),(Vehicles3↦0.0),(Vehicles4↦0.0),(Vehicles5↦0.0)}",
        "VehiclesX": "{(EgoVehicle↦200.0),(Vehicles2↦23.196135461330414),(Vehicles3↦44.81748640537262),(Vehicles4↦77.65502333641052),(Vehicles5↦95.43497562408447)}"
      },
      "probabilisticVariables": null,
      "activating": [
        "SLOWER_57"
      ],
      "activatingOnlyWhenExecuted": true,
      "updating": null,
      "withPredicate": null
    },
    {
      "id": "SLOWER_57",
      "execute": "SLOWER",
      "after": "1000",
      "priority": 0,
      "additionalGuards": null,
      "activationKind": null,
      "fixedVariables": {
        "Crash": "FALSE",
        "VehiclesAy": "{(EgoVehicle↦0.0),(Vehicles2↦0.0),(Vehicles3↦0.0),(Vehicles4↦0.0),(Vehicles5↦0.0)}",
        "Reward": "0.7485800321625593",
        "VehiclesAx": "{(EgoVehicle↦-3.769984245300293),(Vehicles2↦3.750485167838633),(Vehicles3↦3.8293424248695374),(Vehicles4↦3.7812788039445877),(Vehicles5↦3.8090868666768074)}",
        "VehiclesVx": "{(EgoVehicle↦20.571751594543457),(Vehicles2↦0.010272548533976078),(Vehicles3↦0.9813040494918823),(Vehicles4↦-0.10442785918712616),(Vehicles5↦-0.42362015694379807)}",
        "VehiclesY": "{(EgoVehicle↦8.000000238418579),(Vehicles2↦-4.0000001192092896),(Vehicles3↦0.0),(Vehicles4↦-8.000000238418579),(Vehicles5↦-4.0000001192092896)}",
        "VehiclesVy": "{(EgoVehicle↦0.0),(Vehicles2↦0.0),(Vehicles3↦0.0),(Vehicles4↦0.0),(Vehicles5↦0.0)}",
        "VehiclesX": "{(EgoVehicle↦200.0),(Vehicles2↦21.52758091688156),(Vehicles3↦44.07377243041992),(Vehicles4↦75.85359215736389),(Vehicles5↦93.29770803451538)}"
      },
      "probabilisticVariables": null,
      "activating": [
        "IDLE_58"
      ],
      "activatingOnlyWhenExecuted": true,
      "updating": null,
      "withPredicate": null
    },
    {
      "id": "IDLE_58",
      "execute": "IDLE",
      "after": "1000",
      "priority": 0,
      "additionalGuards": null,
      "activationKind": null,
      "fixedVariables": {
        "Crash": "FALSE",
        "VehiclesAy": "{(EgoVehicle↦0.0),(Vehicles2↦0.0),(Vehicles3↦0.0),(Vehicles4↦0.0),(Vehicles5↦0.0)}",
        "Reward": "0.735341129063931",
        "VehiclesAx": "{(EgoVehicle↦-0.4964590072631836),(Vehicles2↦0.4802384367212653),(Vehicles3↦0.5463922023773193),(Vehicles4↦0.507592037320137),(Vehicles5↦0.5345400422811508)}",
        "VehiclesVx": "{(EgoVehicle↦20.075292587280273),(Vehicles2↦0.4905109852552414),(Vehicles3↦1.5276962518692017),(Vehicles4↦0.40316417813301086),(Vehicles5↦0.11091988533735275)}",
        "VehiclesY": "{(EgoVehicle↦8.000000238418579),(Vehicles2↦-4.0000001192092896),(Vehicles3↦0.0),(Vehicles4↦-8.000000238418579),(Vehicles5↦-4.0000001192092896)}",
        "VehiclesVy": "{(EgoVehicle↦0.0),(Vehicles2↦0.0),(Vehicles3↦0.0),(Vehicles4↦0.0),(Vehicles5↦0.0)}",
        "VehiclesX": "{(EgoVehicle↦200.0),(Vehicles2↦21.8050017952919),(Vehicles3↦45.34960389137268),(Vehicles4↦76.02750658988953),(Vehicles5↦93.16329956054688)}"
      },
      "probabilisticVariables": null,
      "activating": [
        "FASTER_59"
      ],
      "activatingOnlyWhenExecuted": true,
      "updating": null,
      "withPredicate": null
    },
    {
      "id": "FASTER_59",
      "execute": "FASTER",
      "after": "1000",
      "priority": 0,
      "additionalGuards": null,
      "activationKind": null,
      "fixedVariables": {
        "Crash": "FALSE",
        "VehiclesAy": "{(EgoVehicle↦0.0),(Vehicles2↦0.0),(Vehicles3↦0.0),(Vehicles4↦0.0),(Vehicles5↦0.0)}",
        "Reward": "0.8493727687107508",
        "VehiclesAx": "{(EgoVehicle↦4.276187419891357),(Vehicles2↦-4.289635941386223),(Vehicles3↦-4.233935475349426),(Vehicles4↦-4.265213459730148),(Vehicles5↦-4.239573888480663)}",
        "VehiclesVx": "{(EgoVehicle↦24.35148000717163),(Vehicles2↦-3.7991249561309814),(Vehicles3↦-2.7062392234802246),(Vehicles4↦-3.8620492815971375),(Vehicles5↦-4.1286540031433105)}",
        "VehiclesY": "{(EgoVehicle↦8.000000238418579),(Vehicles2↦-4.0000001192092896),(Vehicles3↦0.0),(Vehicles4↦-8.000000238418579),(Vehicles5↦-4.0000001192092896)}",
        "VehiclesVy": "{(EgoVehicle↦0.0),(Vehicles2↦0.0),(Vehicles3↦0.0),(Vehicles4↦0.0),(Vehicles5↦0.0)}",
        "VehiclesX": "{(EgoVehicle↦200.0),(Vehicles2↦19.93093192577362),(Vehicles3↦44.53575909137726),(Vehicles4↦74.07608032226562),(Vehicles5↦90.92999696731567)}"
      },
      "probabilisticVariables": null,
      "activating": [
        "SLOWER_60"
      ],
      "activatingOnlyWhenExecuted": true,
      "updating": null,
      "withPredicate": null
    },
    {
      "id": "SLOWER_60",
      "execute": "SLOWER",
      "after": "1000",
      "priority": 0,
      "additionalGuards": null,
      "activationKind": null,
      "fixedVariables": {
        "Crash": "FALSE",
        "VehiclesAy": "{(EgoVehicle↦0.0),(Vehicles2↦0.0),(Vehicles3↦0.0),(Vehicles4↦0.0),(Vehicles5↦0.0)}",
        "Reward": "0.7486142466340633",
        "VehiclesAx": "{(EgoVehicle↦-3.7784457206726074),(Vehicles2↦3.7673991080373526),(Vehicles3↦3.814372643828392),(Vehicles4↦3.789258119650185),(Vehicles5↦3.8134248182177544)}",
        "VehiclesVx": "{(EgoVehicle↦20.573034286499023),(Vehicles2↦-0.03172584809362888),(Vehicles3↦1.1081334203481674),(Vehicles4↦-0.07279116194695234),(Vehicles5↦-0.3152291849255562)}",
        "VehiclesY": "{(EgoVehicle↦8.000000238418579),(Vehicles2↦-4.0000001192092896),(Vehicles3↦0.0),(Vehicles4↦-8.000000238418579),(Vehicles5↦-4.0000001192092896)}",
        "VehiclesVy": "{(EgoVehicle↦0.0),(Vehicles2↦0.0),(Vehicles3↦0.0),(Vehicles4↦0.0),(Vehicles5↦0.0)}",
        "VehiclesX": "{(EgoVehicle↦200.0),(Vehicles2↦18.211621046066284),(Vehicles3↦43.92876327037811),(Vehicles4↦72.30278253555298),(Vehicles5↦88.8998806476593)}"
      },
      "probabilisticVariables": null,
      "activating": [
        "SLOWER_61"
      ],
      "activatingOnlyWhenExecuted": true,
      "updating": null,
      "withPredicate": null
    },
    {
      "id": "SLOWER_61",
      "execute": "SLOWER",
      "after": "1000",
      "priority": 0,
      "additionalGuards": null,
      "activationKind": null,
      "fixedVariables": {
        "Crash": "FALSE",
        "VehiclesAy": "{(EgoVehicle↦0.0),(Vehicles2↦0.0),(Vehicles3↦0.0),(Vehicles4↦0.0),(Vehicles5↦0.0)}",
        "Reward": "0.735345634673347",
        "VehiclesAx": "{(EgoVehicle↦-0.4975724220275879),(Vehicles2↦0.4886573273688555),(Vehicles3↦0.5282201617956161),(Vehicles4↦0.5082285357639194),(Vehicles5↦0.5309012532234192)}",
        "VehiclesVx": "{(EgoVehicle↦20.075461864471436),(Vehicles2↦0.4569314792752266),(Vehicles3↦1.6363535821437836),(Vehicles4↦0.435437373816967),(Vehicles5↦0.215672068297863)}",
        "VehiclesY": "{(EgoVehicle↦8.000000238418579),(Vehicles2↦-4.0000001192092896),(Vehicles3↦0.0),(Vehicles4↦-8.000000238418579),(Vehicles5↦-4.0000001192092896)}",
        "VehiclesVy": "{(EgoVehicle↦0.0),(Vehicles2↦0.0),(Vehicles3↦0.0),(Vehicles4↦0.0),(Vehicles5↦0.0)}",
        "VehiclesX": "{(EgoVehicle↦200.0),(Vehicles2↦18.45065802335739),(Vehicles3↦45.32403349876404),(Vehicles4↦72.50875234603882),(Vehicles5↦88.8725996017456)}"
      },
      "probabilisticVariables": null,
      "activating": null,
      "activatingOnlyWhenExecuted": true,
      "updating": null,
      "withPredicate": null
    }
  ],
  "listeners": [],
  "metadata": {
    "fileType": "Timed_Trace",
    "formatVersion": 3,
    "savedAt": "2023-08-21T13:23:07.390256Z",
    "creator": "Simulation: HYPOTHESIS_TEST; SIGNIFICANCE : 0.05, PROBABILITY : 0.95, MAX_STEPS_BEFORE_PROPERTY : 0, EXECUTIONS : 1000, PREDICATE : Crash = FALSE, ENDING_TIME : 60000, HYPOTHESIS_CHECKING_TYPE : LEFT_TAILED, CHECKING_TYPE : PREDICATE_INVARIANT",
    "proB2KernelVersion": "4.12.2",
    "proBCliVersion": "1.12.2-final",
    "modelName": "HighwayEnvironment2"
  }
}