{
  "variables": {},
  "activations": [
    {
      "id": "$setup_constants",
      "execute": "$setup_constants",
      "after": "0",
      "priority": 0,
      "additionalGuards": null,
      "activationKind": null,
      "fixedVariables": null,
      "probabilisticVariables": null,
      "activating": null,
      "activatingOnlyWhenExecuted": true,
      "updating": null,
      "withPredicate": null
    },
    {
      "id": "$initialise_machine",
      "execute": "$initialise_machine",
      "after": "0",
      "priority": 0,
      "additionalGuards": null,
      "activationKind": null,
      "fixedVariables": {
        "Crash": "FALSE",
        "VehiclesAy": "{(EgoVehicle↦0.0),(Vehicles2↦0.0),(Vehicles3↦0.0),(Vehicles4↦0.0),(Vehicles5↦0.0)}",
        "Reward": "0.0",
        "VehiclesAx": "{(EgoVehicle↦0.0),(Vehicles2↦0.0),(Vehicles3↦0.0),(Vehicles4↦0.0),(Vehicles5↦0.0)}",
        "VehiclesVx": "{(EgoVehicle↦25.0),(Vehicles2↦-3.856188952922821),(Vehicles3↦-3.5607367753982544),(Vehicles4↦-3.4965789318084717),(Vehicles5↦-2.1412745118141174)}",
        "VehiclesY": "{(EgoVehicle↦4.0000001192092896),(Vehicles2↦4.0000001192092896),(Vehicles3↦-4.0000001192092896),(Vehicles4↦-4.0000001192092896),(Vehicles5↦4.0000001192092896)}",
        "VehiclesVy": "{(EgoVehicle↦0.0),(Vehicles2↦0.0),(Vehicles3↦0.0),(Vehicles4↦0.0),(Vehicles5↦0.0)}",
        "VehiclesX": "{(EgoVehicle↦154.43212985992432),(Vehicles2↦21.591557562351227),(Vehicles3↦46.69618904590607),(Vehicles4↦70.73134183883667),(Vehicles5↦95.2364444732666)}"
      },
      "probabilisticVariables": null,
      "activating": [
        "SLOWER_2"
      ],
      "activatingOnlyWhenExecuted": true,
      "updating": null,
      "withPredicate": null
    },
    {
      "id": "SLOWER_2",
      "execute": "SLOWER",
      "after": "1000",
      "priority": 0,
      "additionalGuards": null,
      "activationKind": null,
      "fixedVariables": {
        "Crash": "FALSE",
        "VehiclesAy": "{(EgoVehicle↦0.0),(Vehicles2↦0.0),(Vehicles3↦0.0),(Vehicles4↦6.540942192077637),(Vehicles5↦1.24883234500885)}",
        "Reward": "0.7175582990397805",
        "VehiclesAx": "{(EgoVehicle↦-4.341564178466797),(Vehicles2↦3.7396113201975822),(Vehicles3↦-0.25047242641448975),(Vehicles4↦1.610446721315384),(Vehicles5↦3.6609871685504913)}",
        "VehiclesVx": "{(EgoVehicle↦20.658435821533203),(Vehicles2↦-0.1165776327252388),(Vehicles3↦-3.811209201812744),(Vehicles4↦-1.8861322104930878),(Vehicles5↦1.519712656736374)}",
        "VehiclesY": "{(EgoVehicle↦4.0000001192092896),(Vehicles2↦4.0000001192092896),(Vehicles3↦-4.0000001192092896),(Vehicles4↦-3.161798357963562),(Vehicles5↦2.800691306591034)}",
        "VehiclesVy": "{(EgoVehicle↦0.0),(Vehicles2↦0.0),(Vehicles3↦0.0),(Vehicles4↦6.540942192077637),(Vehicles5↦1.24883234500885)}",
        "VehiclesX": "{(EgoVehicle↦177.03707218170166),(Vehicles2↦19.86546665430069),(Vehicles3↦43.32005977630615),(Vehicles4↦68.92154812812805),(Vehicles5↦95.13495564460754)}"
      },
      "probabilisticVariables": null,
      "activating": [
        "SLOWER_3"
      ],
      "activatingOnlyWhenExecuted": true,
      "updating": null,
      "withPredicate": null
    },
    {
      "id": "SLOWER_3",
      "execute": "SLOWER",
      "after": "1000",
      "priority": 0,
      "additionalGuards": null,
      "activationKind": null,
      "fixedVariables": {
        "Crash": "FALSE",
        "VehiclesAy": "{(EgoVehicle↦0.0),(Vehicles2↦0.0),(Vehicles3↦0.0),(Vehicles4↦-5.811491534113884),(Vehicles5↦1.533412430435419)}",
        "Reward": "0.7023122039887778",
        "VehiclesAx": "{(EgoVehicle↦-0.5717277526855469),(Vehicles2↦0.28644634410738945),(Vehicles3↦-0.15009254217147827),(Vehicles4↦0.674377903342247),(Vehicles5↦0.14261901378631592)}",
        "VehiclesVx": "{(EgoVehicle↦20.086708068847656),(Vehicles2↦0.16986871138215065),(Vehicles3↦-3.9613017439842224),(Vehicles4↦-1.2117543071508408),(Vehicles5↦1.6623316705226898)}",
        "VehiclesY": "{(EgoVehicle↦4.0000001192092896),(Vehicles2↦4.0000001192092896),(Vehicles3↦-4.0000001192092896),(Vehicles4↦-0.25647546350955963),(Vehicles5↦3.9045692682266235)}",
        "VehiclesVy": "{(EgoVehicle↦0.0),(Vehicles2↦0.0),(Vehicles3↦0.0),(Vehicles4↦0.7294506579637527),(Vehicles5↦0.284580085426569)}",
        "VehiclesX": "{(EgoVehicle↦197.38011360168457),(Vehicles2↦19.934695959091187),(Vehicles3↦39.055392146110535),(Vehicles4↦67.26466417312622),(Vehicles5↦96.77762985229492)}"
      },
      "probabilisticVariables": null,
      "activating": [
        "LANE_RIGHT_4"
      ],
      "activatingOnlyWhenExecuted": true,
      "updating": null,
      "withPredicate": null
    },
    {
      "id": "LANE_RIGHT_4",
      "execute": "LANE_RIGHT",
      "after": "1000",
      "priority": 0,
      "additionalGuards": null,
      "activationKind": null,
      "fixedVariables": {
        "Crash": "FALSE",
        "VehiclesAy": "{(EgoVehicle↦1.1474258452653885),(Vehicles2↦-1.1474258452653885),(Vehicles3↦-1.1474258452653885),(Vehicles4↦-1.8264857679605484),(Vehicles5↦-0.8478214405477047)}",
        "Reward": "0.7333333333333334",
        "VehiclesAx": "{(EgoVehicle↦-0.10821223258972168),(Vehicles2↦-0.0397640373557806),(Vehicles3↦1.3167816400527954),(Vehicles4↦0.4746285080909729),(Vehicles5↦-0.2654761075973511)}",
        "VehiclesVx": "{(EgoVehicle↦19.978495836257935),(Vehicles2↦0.13010467402637005),(Vehicles3↦-2.644520103931427),(Vehicles4↦-0.7371257990598679),(Vehicles5↦1.3968555629253387)}",
        "VehiclesY": "{(EgoVehicle↦7.603079080581665),(Vehicles2↦0.39692066609859467),(Vehicles3↦-7.603079080581665),(Vehicles4↦-3.6206588745117188),(Vehicles5↦0.39189018309116364)}",
        "VehiclesVy": "{(EgoVehicle↦1.1474258452653885),(Vehicles2↦-1.1474258452653885),(Vehicles3↦-1.1474258452653885),(Vehicles4↦-1.0970351099967957),(Vehicles5↦-1.1324015259742737)}",
        "VehiclesX": "{(EgoVehicle↦200.0),(Vehicles2↦20.464877784252167),(Vehicles3↦36.03193163871765),(Vehicles4↦66.64093136787415),(Vehicles5↦98.71265292167664)}"
      },
      "probabilisticVariables": null,
      "activating": [
        "SLOWER_5"
      ],
      "activatingOnlyWhenExecuted": true,
      "updating": null,
      "withPredicate": null
    },
    {
      "id": "SLOWER_5",
      "execute": "SLOWER",
      "after": "1000",
      "priority": 0,
      "additionalGuards": null,
      "activationKind": null,
      "fixedVariables": {
        "Crash": "FALSE",
        "VehiclesAy": "{(EgoVehicle↦-1.0755283804610372),(Vehicles2↦1.0755283804610372),(Vehicles3↦1.0755283804610372),(Vehicles4↦1.0284947929903865),(Vehicles5↦-1.2034793756902218)}",
        "Reward": "0.7333699845725049",
        "VehiclesAx": "{(EgoVehicle↦0.02287745475769043),(Vehicles2↦-0.10560354683548212),(Vehicles3↦0.8668583631515503),(Vehicles4↦0.17497606575489044),(Vehicles5↦-0.15488669276237488)}",
        "VehiclesVx": "{(EgoVehicle↦20.001373291015625),(Vehicles2↦0.024501127190887928),(Vehicles3↦-1.7776617407798767),(Vehicles4↦-0.5621497333049774),(Vehicles5↦1.2419688701629639)}",
        "VehiclesY": "{(EgoVehicle↦7.975244522094727),(Vehicles2↦0.024755515158176422),(Vehicles3↦-7.975244522094727),(Vehicles4↦-3.976413130760193),(Vehicles5↦0.024481474421918392)}",
        "VehiclesVy": "{(EgoVehicle↦0.07189746480435133),(Vehicles2↦-0.07189746480435133),(Vehicles3↦-0.07189746480435133),(Vehicles4↦-0.06854031700640917),(Vehicles5↦-0.0710778497159481)}",
        "VehiclesX": "{(EgoVehicle↦200.0),(Vehicles2↦20.535525679588318),(Vehicles3↦33.744314312934875),(Vehicles4↦65.98232984542847),(Vehicles5↦99.94528889656067)}"
      },
      "probabilisticVariables": null,
      "activating": [
        "SLOWER_6"
      ],
      "activatingOnlyWhenExecuted": true,
      "updating": null,
      "withPredicate": null
    },
    {
      "id": "SLOWER_6",
      "execute": "SLOWER",
      "after": "1000",
      "priority": 0,
      "additionalGuards": null,
      "activationKind": null,
      "fixedVariables": {
        "Crash": "FALSE",
        "VehiclesAy": "{(EgoVehicle↦-0.06742388068232685),(Vehicles2↦0.06742388068232685),(Vehicles3↦0.06742388068232685),(Vehicles4↦0.06428786407923326),(Vehicles5↦-0.07550749520305544)}",
        "Reward": "0.7333386002752338",
        "VehiclesAx": "{(EgoVehicle↦-0.0011754035949707031),(Vehicles2↦-0.017362716025672853),(Vehicles3↦0.6338736414909363),(Vehicles4↦-0.0008677691221237183),(Vehicles5↦0.186212956905365)}",
        "VehiclesVx": "{(EgoVehicle↦20.000197887420654),(Vehicles2↦0.007138411165215075),(Vehicles3↦-1.1437880992889404),(Vehicles4↦-0.5630175024271011),(Vehicles5↦1.4281818270683289)}",
        "VehiclesY": "{(EgoVehicle↦7.998459577560425),(Vehicles2↦0.0015402590506710112),(Vehicles3↦-7.998459577560425),(Vehicles4↦-3.998536705970764),(Vehicles5↦0.0015256315818987787)}",
        "VehiclesVy": "{(EgoVehicle↦0.0044735841220244765),(Vehicles2↦-0.0044735841220244765),(Vehicles3↦-0.0044735841220244765),(Vehicles4↦-0.004252452927175909),(Vehicles5↦-0.0044296454871073365)}",
        "VehiclesX": "{(EgoVehicle↦200.0),(Vehicles2↦20.549026131629944),(Vehicles3↦32.238298654556274),(Vehicles4↦65.42949676513672),(Vehicles5↦101.27149820327759)}"
      },
      "probabilisticVariables": null,
      "activating": [
        "SLOWER_7"
      ],
      "activatingOnlyWhenExecuted": true,
      "updating": null,
      "withPredicate": null
    },
    {
      "id": "SLOWER_7",
      "execute": "SLOWER",
      "after": "1000",
      "priority": 0,
      "additionalGuards": null,
      "activationKind": null,
      "fixedVariables": {
        "Crash": "FALSE",
        "VehiclesAy": "{(EgoVehicle↦-0.004195238943793811),(Vehicles2↦0.004195238943793811),(Vehicles3↦0.004195238943793811),(Vehicles4↦0.0039887483944767155),(Vehicles5↦-0.004705678693426307)}",
        "Reward": "0.7333340286276896",
        "VehiclesAx": "{(EgoVehicle↦-0.000171661376953125),(Vehicles2↦0.016486916574649513),(Vehicles3↦0.43941281735897064),(Vehicles4↦-0.07418572902679443),(Vehicles5↦0.09219229221343994)}",
        "VehiclesVx": "{(EgoVehicle↦20.0000262260437),(Vehicles2↦0.023625327739864588),(Vehicles3↦-0.7043752819299698),(Vehicles4↦-0.6372032314538956),(Vehicles5↦1.5203741192817688)}",
        "VehiclesY": "{(EgoVehicle↦7.99990439414978),(Vehicles2↦9.583428254700266E-05),(Vehicles3↦-7.99990439414978),(Vehicles4↦-3.999909281730652),(Vehicles5↦9.506579954177141E-05)}",
        "VehiclesVy": "{(EgoVehicle↦0.0002783451782306656),(Vehicles2↦-0.0002783451782306656),(Vehicles3↦-0.0002783451782306656),(Vehicles4↦-0.0002637045326991938),(Vehicles5↦-0.00027603320631897077)}",
        "VehiclesX": "{(EgoVehicle↦200.0),(Vehicles2↦20.561136305332184),(Vehicles3↦31.283393502235413),(Vehicles4↦64.83964323997498),(Vehicles5↦102.74213552474976)}"
      },
      "probabilisticVariables": null,
      "activating": [
        "SLOWER_8"
      ],
      "activatingOnlyWhenExecuted": true,
      "updating": null,
      "withPredicate": null
    },
    {
      "id": "SLOWER_8",
      "execute": "SLOWER",
      "after": "1000",
      "priority": 0,
      "additionalGuards": null,
      "activationKind": null,
      "fixedVariables": {
        "Crash": "FALSE",
        "VehiclesAy": "{(EgoVehicle↦-0.0002610265823932423),(Vehicles2↦0.0002610265823932423),(Vehicles3↦0.0002610265823932423),(Vehicles4↦0.0002473643655775959),(Vehicles5↦-0.00029323111107260047)}",
        "Reward": "0.7333334249013318",
        "VehiclesAx": "{(EgoVehicle↦-2.384185791015625E-05),(Vehicles2↦0.029129500035196543),(Vehicles3↦0.3013303875923157),(Vehicles4↦-0.09034954011440277),(Vehicles5↦0.03826364874839783)}",
        "VehiclesVx": "{(EgoVehicle↦20.00000238418579),(Vehicles2↦0.05275482777506113),(Vehicles3↦-0.4030448943376541),(Vehicles4↦-0.7275527715682983),(Vehicles5↦1.5586377680301666)}",
        "VehiclesY": "{(EgoVehicle↦7.999993801116943),(Vehicles2↦5.962793693470303E-06),(Vehicles3↦-7.999993801116943),(Vehicles4↦-3.999994397163391),(Vehicles5↦5.922697937421617E-06)}",
        "VehiclesVy": "{(EgoVehicle↦1.7318595837423345E-05),(Vehicles2↦-1.7318595837423345E-05),(Vehicles3↦-1.7318595837423345E-05),(Vehicles4↦-1.6340167121597915E-05),(Vehicles5↦-1.71979047536297E-05)}",
        "VehiclesX": "{(EgoVehicle↦200.0),(Vehicles2↦20.59589773416519),(Vehicles3↦30.708664655685425),(Vehicles4↦64.16638493537903),(Vehicles5↦104.28104400634766)}"
      },
      "probabilisticVariables": null,
      "activating": [
        "SLOWER_9"
      ],
      "activatingOnlyWhenExecuted": true,
      "updating": null,
      "withPredicate": null
    },
    {
      "id": "SLOWER_9",
      "execute": "SLOWER",
      "after": "1000",
      "priority": 0,
      "additionalGuards": null,
      "activationKind": null,
      "fixedVariables": {
        "Crash": "FALSE",
        "VehiclesAy": "{(EgoVehicle↦-1.624103489916706E-05),(Vehicles2↦1.6241034970221335E-05),(Vehicles3↦1.6241034970221335E-05),(Vehicles4↦1.532862583530914E-05),(Vehicles5↦-1.8269182717745025E-05)}",
        "Reward": "0.7333333453916961",
        "VehiclesAx": "{(EgoVehicle↦-2.384185791015625E-06),(Vehicles2↦0.0322518078610301),(Vehicles3↦0.2068466879427433),(Vehicles4↦-0.08419081568717957),(Vehicles5↦0.006790608167648315)}",
        "VehiclesVx": "{(EgoVehicle↦20.0),(Vehicles2↦0.08500663563609123),(Vehicles3↦-0.1961982063949108),(Vehicles4↦-0.8117435872554779),(Vehicles5↦1.565428376197815)}",
        "VehiclesY": "{(EgoVehicle↦7.999999523162842),(Vehicles2↦3.710042619786691E-07),(Vehicles3↦-7.999999523162842),(Vehicles4↦-3.999999761581421),(Vehicles5↦3.689168437404078E-07)}",
        "VehiclesVy": "{(EgoVehicle↦1.0775609382562834E-06),(Vehicles2↦-1.0775608672020098E-06),(Vehicles3↦-1.0775608672020098E-06),(Vehicles4↦-1.0115412862887752E-06),(Vehicles5↦-1.0712779641153247E-06)}",
        "VehiclesX": "{(EgoVehicle↦200.0),(Vehicles2↦20.6615149974823),(Vehicles3↦30.39448857307434),(Vehicles4↦63.40423226356506),(Vehicles5↦105.84430694580078)}"
      },
      "probabilisticVariables": null,
      "activating": [
        "SLOWER_10"
      ],
      "activatingOnlyWhenExecuted": true,
      "updating": null,
      "withPredicate": null
    },
    {
      "id": "SLOWER_10",
      "execute": "SLOWER",
      "after": "1000",
      "priority": 0,
      "additionalGuards": null,
      "activationKind": null,
      "fixedVariables": {
        "Crash": "FALSE",
        "VehiclesAy": "{(EgoVehicle↦-1.0105152270512008E-06),(Vehicles2↦1.0105151648787114E-06),(Vehicles3↦1.0105151648787114E-06),(Vehicles4↦9.48987901594478E-07),(Vehicles5↦-1.1379965059177266E-06)}",
        "Reward": "0.733333334921266",
        "VehiclesAx": "{(EgoVehicle↦0.0),(Vehicles2↦0.03138348460197449),(Vehicles3↦0.14393041376024485),(Vehicles4↦-0.07055744528770447),(Vehicles5↦-0.012071430683135986)}",
        "VehiclesVx": "{(EgoVehicle↦20.0),(Vehicles2↦0.11639012023806572),(Vehicles3↦-0.052267792634665966),(Vehicles4↦-0.8823010325431824),(Vehicles5↦1.553356945514679)}",
        "VehiclesY": "{(EgoVehicle↦8.000000238418579),(Vehicles2↦2.3083838840420867E-08),(Vehicles3↦-8.000000238418579),(Vehicles4↦-4.0000001192092896),(Vehicles5↦2.297510182103224E-08)}",
        "VehiclesVy": "{(EgoVehicle↦6.704571120508263E-08),(Vehicles2↦-6.704570232329843E-08),(Vehicles3↦-6.704570232329843E-08),(Vehicles4↦-6.255338469429716E-08),(Vehicles5↦-6.671854180240189E-08)}",
        "VehiclesX": "{(EgoVehicle↦200.0),(Vehicles2↦20.759227871894836),(Vehicles3↦30.25990128517151),(Vehicles4↦62.56306767463684),(Vehicles5↦107.40606784820557)}"
      },
      "probabilisticVariables": null,
      "activating": [
        "SLOWER_11"
      ],
      "activatingOnlyWhenExecuted": true,
      "updating": null,
      "withPredicate": null
    },
    {
      "id": "SLOWER_11",
      "execute": "SLOWER",
      "after": "1000",
      "priority": 0,
      "additionalGuards": null,
      "activationKind": null,
      "fixedVariables": {
        "Crash": "FALSE",
        "VehiclesAy": "{(EgoVehicle↦-6.287415033057187E-08),(Vehicles2↦6.287413256700347E-08),(Vehicles3↦6.287413256700347E-08),(Vehicles4↦5.868959540578089E-08),(Vehicles5↦-7.087304076947021E-08)}",
        "Reward": "0.7333333335424438",
        "VehiclesAx": "{(EgoVehicle↦0.0),(Vehicles2↦0.02903505228459835),(Vehicles3↦0.10274621658027172),(Vehicles4↦-0.05566343665122986),(Vehicles5↦-0.023742765188217163)}",
        "VehiclesVx": "{(EgoVehicle↦20.0),(Vehicles2↦0.14542517252266407),(Vehicles3↦0.050478423945605755),(Vehicles4↦-0.9379644691944122),(Vehicles5↦1.5296141803264618)}",
        "VehiclesY": "{(EgoVehicle↦8.000000238418579),(Vehicles2↦1.4362724343186528E-09),(Vehicles3↦-8.000000238418579),(Vehicles4↦-4.0000001192092896),(Vehicles5↦1.430596974216769E-09)}",
        "VehiclesVy": "{(EgoVehicle↦4.17156087451076E-09),(Vehicles2↦-4.171569756294957E-09),(Vehicles3↦-4.171569756294957E-09),(Vehicles4↦-3.863789288516273E-09),(Vehicles5↦-4.154498967068321E-09)}",
        "VehiclesX": "{(EgoVehicle↦200.0),(Vehicles2↦20.8874449133873),(Vehicles3↦30.251359939575195),(Vehicles4↦61.657339334487915),(Vehicles5↦108.95066261291504)}"
      },
      "probabilisticVariables": null,
      "activating": [
        "SLOWER_12"
      ],
      "activatingOnlyWhenExecuted": true,
      "updating": null,
      "withPredicate": null
    },
    {
      "id": "SLOWER_12",
      "execute": "SLOWER",
      "after": "1000",
      "priority": 0,
      "additionalGuards": null,
      "activationKind": null,
      "fixedVariables": {
        "Crash": "FALSE",
        "VehiclesAy": "{(EgoVehicle↦-3.911999613137596E-09),(Vehicles2↦3.912008494921793E-09),(Vehicles3↦3.912008494921793E-09),(Vehicles4↦3.62542884602135E-09),(Vehicles5↦-4.413163168237588E-09)}",
        "Reward": "0.7333333333608705",
        "VehiclesAx": "{(EgoVehicle↦0.0),(Vehicles2↦0.02629821188747883),(Vehicles3↦0.07600277196615934),(Vehicles4↦-0.0419134646654129),(Vehicles5↦-0.031193941831588745)}",
        "VehiclesVx": "{(EgoVehicle↦20.0),(Vehicles2↦0.1717233844101429),(Vehicles3↦0.1264811959117651),(Vehicles4↦-0.9798779338598251),(Vehicles5↦1.498420238494873)}",
        "VehiclesY": "{(EgoVehicle↦8.000000238418579),(Vehicles2↦8.93658480549675E-11),(Vehicles3↦-8.000000238418579),(Vehicles4↦-4.0000001192092896),(Vehicles5↦8.906742010594826E-11)}",
        "VehiclesVy": "{(EgoVehicle↦2.595612613731646E-10),(Vehicles2↦-2.595612613731646E-10),(Vehicles3↦-2.595612613731646E-10),(Vehicles4↦-2.383604424949226E-10),(Vehicles5↦-2.5866420116926747E-10)}",
        "VehiclesX": "{(EgoVehicle↦200.0),(Vehicles2↦21.043609082698822),(Vehicles3↦30.333945155143738),(Vehicles4↦60.701578855514526),(Vehicles5↦110.46826839447021)}"
      },
      "probabilisticVariables": null,
      "activating": [
        "SLOWER_13"
      ],
      "activatingOnlyWhenExecuted": true,
      "updating": null,
      "withPredicate": null
    },
    {
      "id": "SLOWER_13",
      "execute": "SLOWER",
      "after": "1000",
      "priority": 0,
      "additionalGuards": null,
      "activationKind": null,
      "fixedVariables": {
        "Crash": "FALSE",
        "VehiclesAy": "{(EgoVehicle↦-2.434141777030163E-10),(Vehicles2↦2.434141777030163E-10),(Vehicles3↦2.434141777030163E-10),(Vehicles4↦2.2367885321727954E-10),(Vehicles5↦-2.7476687591843074E-10)}",
        "Reward": "0.7333333333369597",
        "VehiclesAx": "{(EgoVehicle↦0.0),(Vehicles2↦0.023618023842573166),(Vehicles3↦0.05862926132977009),(Vehicles4↦-0.030041784048080444),(Vehicles5↦-0.03606647253036499)}",
        "VehiclesVx": "{(EgoVehicle↦20.0),(Vehicles2↦0.19534140825271606),(Vehicles3↦0.1851104572415352),(Vehicles4↦-1.0099197179079056),(Vehicles5↦1.462353765964508)}",
        "VehiclesY": "{(EgoVehicle↦8.000000238418579),(Vehicles2↦5.560885085742484E-12),(Vehicles3↦-8.000000238418579),(Vehicles4↦-4.0000001192092896),(Vehicles5↦5.544897874187882E-12)}",
        "VehiclesVy": "{(EgoVehicle↦1.6147083670148277E-11),(Vehicles2↦-1.6147083670148277E-11),(Vehicles3↦-1.6147083670148277E-11),(Vehicles4↦-1.468158927764307E-11),(Vehicles5↦-1.610267474916327E-11)}",
        "VehiclesX": "{(EgoVehicle↦200.0),(Vehicles2↦21.224987506866455),(Vehicles3↦30.484986305236816),(Vehicles4↦59.708815813064575),(Vehicles5↦111.95257902145386)}"
      },
      "probabilisticVariables": null,
      "activating": [
        "SLOWER_14"
      ],
      "activatingOnlyWhenExecuted": true,
      "updating": null,
      "withPredicate": null
    },
    {
      "id": "SLOWER_14",
      "execute": "SLOWER",
      "after": "1000",
      "priority": 0,
      "additionalGuards": null,
      "activationKind": null,
      "fixedVariables": {
        "Crash": "FALSE",
        "VehiclesAy": "{(EgoVehicle↦-1.5134560271690134E-11),(Vehicles2↦1.5134560271690134E-11),(Vehicles3↦1.5134560271690134E-11),(Vehicles4↦1.3775647289548942E-11),(Vehicles5↦-1.7115198147621413E-11)}",
        "Reward": "0.7333333333338109",
        "VehiclesAx": "{(EgoVehicle↦0.0),(Vehicles2↦0.021153632551431656),(Vehicles3↦0.047242939472198486),(Vehicles4↦-0.020085498690605164),(Vehicles5↦-0.03928571939468384)}",
        "VehiclesVx": "{(EgoVehicle↦20.0),(Vehicles2↦0.21649504080414772),(Vehicles3↦0.23235339671373367),(Vehicles4↦-1.0300052165985107),(Vehicles5↦1.4230680465698242)}",
        "VehiclesY": "{(EgoVehicle↦8.000000238418579),(Vehicles2↦3.490541189421492E-13),(Vehicles3↦-8.000000238418579),(Vehicles4↦-4.0000001192092896),(Vehicles5↦3.4372504842394846E-13)}",
        "VehiclesVy": "{(EgoVehicle↦1.0125233984581428E-12),(Vehicles2↦-1.0125233984581428E-12),(Vehicles3↦-1.0125233984581428E-12),(Vehicles4↦-9.059419880941277E-13),(Vehicles5↦-1.0125233984581428E-12)}",
        "VehiclesX": "{(EgoVehicle↦200.0),(Vehicles2↦21.428976953029633),(Vehicles3↦30.689728260040283),(Vehicles4↦58.690136671066284),(Vehicles5↦113.39942216873169)}"
      },
      "probabilisticVariables": null,
      "activating": [
        "SLOWER_15"
      ],
      "activatingOnlyWhenExecuted": true,
      "updating": null,
      "withPredicate": null
    },
    {
      "id": "SLOWER_15",
      "execute": "SLOWER",
      "after": "1000",
      "priority": 0,
      "additionalGuards": null,
      "activationKind": null,
      "fixedVariables": {
        "Crash": "FALSE",
        "VehiclesAy": "{(EgoVehicle↦-9.414691248821327E-13),(Vehicles2↦9.414691248821327E-13),(Vehicles3↦9.414691248821327E-13),(Vehicles4↦8.526512829121202E-13),(Vehicles5↦-1.0835776720341528E-12)}",
        "Reward": "0.7333333333333963",
        "VehiclesAx": "{(EgoVehicle↦0.0),(Vehicles2↦0.018943268805742264),(Vehicles3↦0.03964819014072418),(Vehicles4↦-0.011828839778900146),(Vehicles5↦-0.04138872027397156)}",
        "VehiclesVx": "{(EgoVehicle↦20.0),(Vehicles2↦0.23543830960988998),(Vehicles3↦0.27200158685445786),(Vehicles4↦-1.0418340563774109),(Vehicles5↦1.3816793262958527)}",
        "VehiclesY": "{(EgoVehicle↦8.000000238418579),(Vehicles2↦2.398081733190338E-14),(Vehicles3↦-8.000000238418579),(Vehicles4↦-4.0000001192092896),(Vehicles5↦2.1316282072803006E-14)}",
        "VehiclesVy": "{(EgoVehicle↦7.105427357601002E-14),(Vehicles2↦-7.105427357601002E-14),(Vehicles3↦-7.105427357601002E-14),(Vehicles4↦-5.3290705182007514E-14),(Vehicles5↦-7.105427357601002E-14)}",
        "VehiclesX": "{(EgoVehicle↦200.0),(Vehicles2↦21.65321558713913),(Vehicles3↦30.938437581062317),(Vehicles4↦57.65479803085327),(Vehicles5↦114.806067943573)}"
      },
      "probabilisticVariables": null,
      "activating": [
        "SLOWER_16"
      ],
      "activatingOnlyWhenExecuted": true,
      "updating": null,
      "withPredicate": null
    },
    {
      "id": "SLOWER_16",
      "execute": "SLOWER",
      "after": "1000",
      "priority": 0,
      "additionalGuards": null,
      "activationKind": null,
      "fixedVariables": {
        "Crash": "FALSE",
        "VehiclesAy": "{(EgoVehicle↦-5.3290705182007514E-14),(Vehicles2↦5.3290705182007514E-14),(Vehicles3↦5.3290705182007514E-14),(Vehicles4↦3.552713678800501E-14),(Vehicles5↦-8.881784197001252E-14)}",
        "Reward": "0.7333333333333415",
        "VehiclesAx": "{(EgoVehicle↦0.0),(Vehicles2↦0.01697773113846779),(Vehicles3↦0.034445710480213165),(Vehicles4↦-0.004998594522476196),(Vehicles5↦-0.04269734025001526)}",
        "VehiclesVx": "{(EgoVehicle↦20.0),(Vehicles2↦0.2524160407483578),(Vehicles3↦0.306447297334671),(Vehicles4↦-1.046832650899887),(Vehicles5↦1.3389819860458374)}",
        "VehiclesY": "{(EgoVehicle↦8.000000238418579),(Vehicles2↦2.6645352591003757E-15),(Vehicles3↦-8.000000238418579),(Vehicles4↦-4.0000001192092896),(Vehicles5↦0.0)}",
        "VehiclesVy": "{(EgoVehicle↦1.7763568394002505E-14),(Vehicles2↦-1.7763568394002505E-14),(Vehicles3↦-1.7763568394002505E-14),(Vehicles4↦-1.7763568394002505E-14),(Vehicles5↦-1.7763568394002505E-14)}",
        "VehiclesX": "{(EgoVehicle↦200.0),(Vehicles2↦21.895593404769897),(Vehicles3↦31.224563717842102),(Vehicles4↦56.61047101020813),(Vehicles5↦116.17075204849243)}"
      },
      "probabilisticVariables": null,
      "activating": [
        "SLOWER_17"
      ],
      "activatingOnlyWhenExecuted": true,
      "updating": null,
      "withPredicate": null
    },
    {
      "id": "SLOWER_17",
      "execute": "SLOWER",
      "after": "1000",
      "priority": 0,
      "additionalGuards": null,
      "activationKind": null,
      "fixedVariables": {
        "Crash": "FALSE",
        "VehiclesAy": "{(EgoVehicle↦-1.7763568394002505E-14),(Vehicles2↦1.7763568394002505E-14),(Vehicles3↦1.7763568394002505E-14),(Vehicles4↦1.7763568394002505E-14),(Vehicles5↦-1.7763568394002505E-14)}",
        "Reward": "0.7333333333333344",
        "VehiclesAx": "{(EgoVehicle↦0.0),(Vehicles2↦0.015232320874929428),(Vehicles3↦0.030754320323467255),(Vehicles4↦0.0006583333015441895),(Vehicles5↦-2.554137110710144)}",
        "VehiclesVx": "{(EgoVehicle↦20.0),(Vehicles2↦0.2676483616232872),(Vehicles3↦0.3372016176581383),(Vehicles4↦-1.046174317598343),(Vehicles5↦-1.2151551246643066)}",
        "VehiclesY": "{(EgoVehicle↦8.000000238418579),(Vehicles2↦2.6645352591003757E-15),(Vehicles3↦-8.000000238418579),(Vehicles4↦-4.0000001192092896),(Vehicles5↦-4.0000001192092896)}",
        "VehiclesVy": "{(EgoVehicle↦0.0),(Vehicles2↦0.0),(Vehicles3↦0.0),(Vehicles4↦0.0),(Vehicles5↦0.0)}",
        "VehiclesX": "{(EgoVehicle↦200.0),(Vehicles2↦22.15423434972763),(Vehicles3↦31.543561816215515),(Vehicles4↦55.56349158287048),(Vehicles5↦117.28782653808594)}"
      },
      "probabilisticVariables": null,
      "activating": [
        "SLOWER_18"
      ],
      "activatingOnlyWhenExecuted": true,
      "updating": null,
      "withPredicate": null
    },
    {
      "id": "SLOWER_18",
      "execute": "SLOWER",
      "after": "1000",
      "priority": 0,
      "additionalGuards": null,
      "activationKind": null,
      "fixedVariables": {
        "Crash": "FALSE",
        "VehiclesAy": "{(EgoVehicle↦0.0),(Vehicles2↦0.0),(Vehicles3↦0.0),(Vehicles4↦0.0),(Vehicles5↦0.0)}",
        "Reward": "0.7333333333333334",
        "VehiclesAx": "{(EgoVehicle↦0.0),(Vehicles2↦0.013679936528205872),(Vehicles3↦0.02802334725856781),(Vehicles4↦0.005351826548576355),(Vehicles5↦0.08529111742973328)}",
        "VehiclesVx": "{(EgoVehicle↦20.0),(Vehicles2↦0.2813282981514931),(Vehicles3↦0.3652249649167061),(Vehicles4↦-1.0408224910497665),(Vehicles5↦-1.1298640072345734)}",
        "VehiclesY": "{(EgoVehicle↦8.000000238418579),(Vehicles2↦2.6645352591003757E-15),(Vehicles3↦-8.000000238418579),(Vehicles4↦-4.0000001192092896),(Vehicles5↦-4.0000001192092896)}",
        "VehiclesVy": "{(EgoVehicle↦0.0),(Vehicles2↦0.0),(Vehicles3↦0.0),(Vehicles4↦0.0),(Vehicles5↦0.0)}",
        "VehiclesX": "{(EgoVehicle↦200.0),(Vehicles2↦22.427470982074738),(Vehicles3↦31.892162561416626),(Vehicles4↦54.51911687850952),(Vehicles5↦116.10745191574097)}"
      },
      "probabilisticVariables": null,
      "activating": [
        "SLOWER_19"
      ],
      "activatingOnlyWhenExecuted": true,
      "updating": null,
      "withPredicate": null
    },
    {
      "id": "SLOWER_19",
      "execute": "SLOWER",
      "after": "1000",
      "priority": 0,
      "additionalGuards": null,
      "activationKind": null,
      "fixedVariables": {
        "Crash": "FALSE",
        "VehiclesAy": "{(EgoVehicle↦0.0),(Vehicles2↦0.0),(Vehicles3↦0.0),(Vehicles4↦0.0),(Vehicles5↦0.0)}",
        "Reward": "0.7333333333333334",
        "VehiclesAx": "{(EgoVehicle↦0.0),(Vehicles2↦0.012295693159103394),(Vehicles3↦0.025910399854183197),(Vehicles4↦0.009248331189155579),(Vehicles5↦0.07748804986476898)}",
        "VehiclesVx": "{(EgoVehicle↦20.0),(Vehicles2↦0.29362399131059647),(Vehicles3↦0.3911353647708893),(Vehicles4↦-1.031574159860611),(Vehicles5↦-1.0523759573698044)}",
        "VehiclesY": "{(EgoVehicle↦8.000000238418579),(Vehicles2↦2.6645352591003757E-15),(Vehicles3↦-8.000000238418579),(Vehicles4↦-4.0000001192092896),(Vehicles5↦-4.0000001192092896)}",
        "VehiclesVy": "{(EgoVehicle↦0.0),(Vehicles2↦0.0),(Vehicles3↦0.0),(Vehicles4↦0.0),(Vehicles5↦0.0)}",
        "VehiclesX": "{(EgoVehicle↦200.0),(Vehicles2↦22.71382212638855),(Vehicles3↦32.26790428161621),(Vehicles4↦53.4817099571228),(Vehicles5↦115.00916481018066)}"
      },
      "probabilisticVariables": null,
      "activating": [
        "SLOWER_20"
      ],
      "activatingOnlyWhenExecuted": true,
      "updating": null,
      "withPredicate": null
    },
    {
      "id": "SLOWER_20",
      "execute": "SLOWER",
      "after": "1000",
      "priority": 0,
      "additionalGuards": null,
      "activationKind": null,
      "fixedVariables": {
        "Crash": "FALSE",
        "VehiclesAy": "{(EgoVehicle↦0.0),(Vehicles2↦0.0),(Vehicles3↦0.0),(Vehicles4↦0.0),(Vehicles5↦0.0)}",
        "Reward": "0.7333333333333334",
        "VehiclesAx": "{(EgoVehicle↦0.0),(Vehicles2↦0.011058319360017776),(Vehicles3↦0.024202577769756317),(Vehicles4↦0.012478530406951904),(Vehicles5↦0.07067970931529999)}",
        "VehiclesVx": "{(EgoVehicle↦20.0),(Vehicles2↦0.30468231067061424),(Vehicles3↦0.4153379425406456),(Vehicles4↦-1.019095629453659),(Vehicles5↦-0.9816962480545044)}",
        "VehiclesY": "{(EgoVehicle↦8.000000238418579),(Vehicles2↦2.6645352591003757E-15),(Vehicles3↦-8.000000238418579),(Vehicles4↦-4.0000001192092896),(Vehicles5↦-4.0000001192092896)}",
        "VehiclesVy": "{(EgoVehicle↦0.0),(Vehicles2↦0.0),(Vehicles3↦0.0),(Vehicles4↦0.0),(Vehicles5↦0.0)}",
        "VehiclesX": "{(EgoVehicle↦200.0),(Vehicles2↦23.011963069438934),(Vehicles3↦32.66884386539459),(Vehicles4↦52.45488882064819),(Vehicles5↦113.98557424545288)}"
      },
      "probabilisticVariables": null,
      "activating": [
        "SLOWER_21"
      ],
      "activatingOnlyWhenExecuted": true,
      "updating": null,
      "withPredicate": null
    },
    {
      "id": "SLOWER_21",
      "execute": "SLOWER",
      "after": "1000",
      "priority": 0,
      "additionalGuards": null,
      "activationKind": null,
      "fixedVariables": {
        "Crash": "FALSE",
        "VehiclesAy": "{(EgoVehicle↦0.0),(Vehicles2↦0.0),(Vehicles3↦0.0),(Vehicles4↦0.0),(Vehicles5↦0.0)}",
        "Reward": "0.7333333333333334",
        "VehiclesAx": "{(EgoVehicle↦0.0),(Vehicles2↦0.009950120002031326),(Vehicles3↦0.022767633199691772),(Vehicles4↦0.015145912766456604),(Vehicles5↦0.06475523114204407)}",
        "VehiclesVx": "{(EgoVehicle↦20.0),(Vehicles2↦0.31463243067264557),(Vehicles3↦0.43810557574033737),(Vehicles4↦-1.0039497166872025),(Vehicles5↦-0.9169410169124603)}",
        "VehiclesY": "{(EgoVehicle↦8.000000238418579),(Vehicles2↦2.6645352591003757E-15),(Vehicles3↦-8.000000238418579),(Vehicles4↦-4.0000001192092896),(Vehicles5↦-4.0000001192092896)}",
        "VehiclesVy": "{(EgoVehicle↦0.0),(Vehicles2↦0.0),(Vehicles3↦0.0),(Vehicles4↦0.0),(Vehicles5↦0.0)}",
        "VehiclesX": "{(EgoVehicle↦200.0),(Vehicles2↦23.32070916891098),(Vehicles3↦33.093395829200745),(Vehicles4↦51.44165754318237),(Vehicles5↦113.03021907806396)}"
      },
      "probabilisticVariables": null,
      "activating": [
        "SLOWER_22"
      ],
      "activatingOnlyWhenExecuted": true,
      "updating": null,
      "withPredicate": null
    },
    {
      "id": "SLOWER_22",
      "execute": "SLOWER",
      "after": "1000",
      "priority": 0,
      "additionalGuards": null,
      "activationKind": null,
      "fixedVariables": {
        "Crash": "FALSE",
        "VehiclesAy": "{(EgoVehicle↦0.0),(Vehicles2↦0.0),(Vehicles3↦0.0),(Vehicles4↦0.0),(Vehicles5↦0.0)}",
        "Reward": "0.7333333333333334",
        "VehiclesAx": "{(EgoVehicle↦0.0),(Vehicles2↦0.008956454694271088),(Vehicles3↦0.02152279019355774),(Vehicles4↦0.0173342227935791),(Vehicles5↦0.05959764122962952)}",
        "VehiclesVx": "{(EgoVehicle↦20.0),(Vehicles2↦0.32358888536691666),(Vehicles3↦0.4596283659338951),(Vehicles4↦-0.9866154938936234),(Vehicles5↦-0.8573433756828308)}",
        "VehiclesY": "{(EgoVehicle↦8.000000238418579),(Vehicles2↦2.6645352591003757E-15),(Vehicles3↦-8.000000238418579),(Vehicles4↦-4.0000001192092896),(Vehicles5↦-4.0000001192092896)}",
        "VehiclesVy": "{(EgoVehicle↦0.0),(Vehicles2↦0.0),(Vehicles3↦0.0),(Vehicles4↦0.0),(Vehicles5↦0.0)}",
        "VehiclesX": "{(EgoVehicle↦200.0),(Vehicles2↦23.638999462127686),(Vehicles3↦33.54020416736603),(Vehicles4↦50.44448375701904),(Vehicles5↦112.13749647140503)}"
      },
      "probabilisticVariables": null,
      "activating": [
        "SLOWER_23"
      ],
      "activatingOnlyWhenExecuted": true,
      "updating": null,
      "withPredicate": null
    },
    {
      "id": "SLOWER_23",
      "execute": "SLOWER",
      "after": "1000",
      "priority": 0,
      "additionalGuards": null,
      "activationKind": null,
      "fixedVariables": {
        "Crash": "FALSE",
        "VehiclesAy": "{(EgoVehicle↦0.0),(Vehicles2↦0.0),(Vehicles3↦0.0),(Vehicles4↦0.0),(Vehicles5↦0.0)}",
        "Reward": "0.7333333333333334",
        "VehiclesAx": "{(EgoVehicle↦0.0),(Vehicles2↦0.008065178990364075),(Vehicles3↦0.020415931940078735),(Vehicles4↦0.01911275088787079),(Vehicles5↦0.05509719252586365)}",
        "VehiclesVx": "{(EgoVehicle↦20.0),(Vehicles2↦0.33165406435728073),(Vehicles3↦0.48004429787397385),(Vehicles4↦-0.9675027430057526),(Vehicles5↦-0.8022461831569672)}",
        "VehiclesY": "{(EgoVehicle↦8.000000238418579),(Vehicles2↦2.6645352591003757E-15),(Vehicles3↦-8.000000238418579),(Vehicles4↦-4.0000001192092896),(Vehicles5↦-4.0000001192092896)}",
        "VehiclesVy": "{(EgoVehicle↦0.0),(Vehicles2↦0.0),(Vehicles3↦0.0),(Vehicles4↦0.0),(Vehicles5↦0.0)}",
        "VehiclesX": "{(EgoVehicle↦200.0),(Vehicles2↦23.965881764888763),(Vehicles3↦34.00808274745941),(Vehicles4↦49.46538805961609),(Vehicles5↦111.30253076553345)}"
      },
      "probabilisticVariables": null,
      "activating": [
        "SLOWER_24"
      ],
      "activatingOnlyWhenExecuted": true,
      "updating": null,
      "withPredicate": null
    },
    {
      "id": "SLOWER_24",
      "execute": "SLOWER",
      "after": "1000",
      "priority": 0,
      "additionalGuards": null,
      "activationKind": null,
      "fixedVariables": {
        "Crash": "FALSE",
        "VehiclesAy": "{(EgoVehicle↦0.0),(Vehicles2↦0.0),(Vehicles3↦0.0),(Vehicles4↦0.0),(Vehicles5↦0.0)}",
        "Reward": "0.7333333333333334",
        "VehiclesAx": "{(EgoVehicle↦0.0),(Vehicles2↦0.007265955209732056),(Vehicles3↦0.019413605332374573),(Vehicles4↦0.020540207624435425),(Vehicles5↦0.05115680396556854)}",
        "VehiclesVx": "{(EgoVehicle↦20.0),(Vehicles2↦0.3389200195670128),(Vehicles3↦0.4994579032063484),(Vehicles4↦-0.9469625353813171),(Vehicles5↦-0.7510893791913986)}",
        "VehiclesY": "{(EgoVehicle↦8.000000238418579),(Vehicles2↦2.6645352591003757E-15),(Vehicles3↦-8.000000238418579),(Vehicles4↦-4.0000001192092896),(Vehicles5↦-4.0000001192092896)}",
        "VehiclesVy": "{(EgoVehicle↦0.0),(Vehicles2↦0.0),(Vehicles3↦0.0),(Vehicles4↦0.0),(Vehicles5↦0.0)}",
        "VehiclesX": "{(EgoVehicle↦200.0),(Vehicles2↦24.300503730773926),(Vehicles3↦34.495967626571655),(Vehicles4↦48.50600063800812),(Vehicles5↦110.52104234695435)}"
      },
      "probabilisticVariables": null,
      "activating": [
        "SLOWER_25"
      ],
      "activatingOnlyWhenExecuted": true,
      "updating": null,
      "withPredicate": null
    },
    {
      "id": "SLOWER_25",
      "execute": "SLOWER",
      "after": "1000",
      "priority": 0,
      "additionalGuards": null,
      "activationKind": null,
      "fixedVariables": {
        "Crash": "FALSE",
        "VehiclesAy": "{(EgoVehicle↦0.0),(Vehicles2↦0.0),(Vehicles3↦0.0),(Vehicles4↦0.0),(Vehicles5↦0.0)}",
        "Reward": "0.7333333333333334",
        "VehiclesAx": "{(EgoVehicle↦0.0),(Vehicles2↦0.006550215184688568),(Vehicles3↦0.018494203686714172),(Vehicles4↦0.021667033433914185),(Vehicles5↦0.047692954540252686)}",
        "VehiclesVx": "{(EgoVehicle↦20.0),(Vehicles2↦0.34547023475170135),(Vehicles3↦0.5179521068930626),(Vehicles4↦-0.925295501947403),(Vehicles5↦-0.7033964246511459)}",
        "VehiclesY": "{(EgoVehicle↦8.000000238418579),(Vehicles2↦2.6645352591003757E-15),(Vehicles3↦-8.000000238418579),(Vehicles4↦-4.0000001192092896),(Vehicles5↦-4.0000001192092896)}",
        "VehiclesVy": "{(EgoVehicle↦0.0),(Vehicles2↦0.0),(Vehicles3↦0.0),(Vehicles4↦0.0),(Vehicles5↦0.0)}",
        "VehiclesX": "{(EgoVehicle↦200.0),(Vehicles2↦24.64209794998169),(Vehicles3↦35.0028932094574),(Vehicles4↦47.56762385368347),(Vehicles5↦109.78928804397583)}"
      },
      "probabilisticVariables": null,
      "activating": [
        "SLOWER_26"
      ],
      "activatingOnlyWhenExecuted": true,
      "updating": null,
      "withPredicate": null
    },
    {
      "id": "SLOWER_26",
      "execute": "SLOWER",
      "after": "1000",
      "priority": 0,
      "additionalGuards": null,
      "activationKind": null,
      "fixedVariables": {
        "Crash": "FALSE",
        "VehiclesAy": "{(EgoVehicle↦0.0),(Vehicles2↦0.0),(Vehicles3↦0.0),(Vehicles4↦0.0),(Vehicles5↦0.0)}",
        "Reward": "0.7333333333333334",
        "VehiclesAx": "{(EgoVehicle↦0.0),(Vehicles2↦0.005910396575927734),(Vehicles3↦0.017642974853515625),(Vehicles4↦0.02253696322441101),(Vehicles5↦0.044635236263275146)}",
        "VehiclesVx": "{(EgoVehicle↦20.0),(Vehicles2↦0.3513806313276291),(Vehicles3↦0.5355950817465782),(Vehicles4↦-0.9027585387229919),(Vehicles5↦-0.6587611883878708)}",
        "VehiclesY": "{(EgoVehicle↦8.000000238418579),(Vehicles2↦2.6645352591003757E-15),(Vehicles3↦-8.000000238418579),(Vehicles4↦-4.0000001192092896),(Vehicles5↦-4.0000001192092896)}",
        "VehiclesVy": "{(EgoVehicle↦0.0),(Vehicles2↦0.0),(Vehicles3↦0.0),(Vehicles4↦0.0),(Vehicles5↦0.0)}",
        "VehiclesX": "{(EgoVehicle↦200.0),(Vehicles2↦24.989980459213257),(Vehicles3↦35.527968406677246),(Vehicles4↦46.65128290653229),(Vehicles5↦109.1039776802063)}"
      },
      "probabilisticVariables": null,
      "activating": [
        "SLOWER_27"
      ],
      "activatingOnlyWhenExecuted": true,
      "updating": null,
      "withPredicate": null
    },
    {
      "id": "SLOWER_27",
      "execute": "SLOWER",
      "after": "1000",
      "priority": 0,
      "additionalGuards": null,
      "activationKind": null,
      "fixedVariables": {
        "Crash": "FALSE",
        "VehiclesAy": "{(EgoVehicle↦0.0),(Vehicles2↦0.0),(Vehicles3↦0.0),(Vehicles4↦0.0),(Vehicles5↦0.0)}",
        "Reward": "0.7333333333333334",
        "VehiclesAx": "{(EgoVehicle↦0.0),(Vehicles2↦0.005339831113815308),(Vehicles3↦0.016849935054779053),(Vehicles4↦0.023188069462776184),(Vehicles5↦0.04192423075437546)}",
        "VehiclesVx": "{(EgoVehicle↦20.0),(Vehicles2↦0.3567204624414444),(Vehicles3↦0.5524450168013573),(Vehicles4↦-0.8795704692602158),(Vehicles5↦-0.6168369576334953)}",
        "VehiclesY": "{(EgoVehicle↦8.000000238418579),(Vehicles2↦2.6645352591003757E-15),(Vehicles3↦-8.000000238418579),(Vehicles4↦-4.0000001192092896),(Vehicles5↦-4.0000001192092896)}",
        "VehiclesVy": "{(EgoVehicle↦0.0),(Vehicles2↦0.0),(Vehicles3↦0.0),(Vehicles4↦0.0),(Vehicles5↦0.0)}",
        "VehiclesX": "{(EgoVehicle↦200.0),(Vehicles2↦25.34354031085968),(Vehicles3↦36.07036471366882),(Vehicles4↦45.757755637168884),(Vehicles5↦108.46219062805176)}"
      },
      "probabilisticVariables": null,
      "activating": [
        "SLOWER_28"
      ],
      "activatingOnlyWhenExecuted": true,
      "updating": null,
      "withPredicate": null
    },
    {
      "id": "SLOWER_28",
      "execute": "SLOWER",
      "after": "1000",
      "priority": 0,
      "additionalGuards": null,
      "activationKind": null,
      "fixedVariables": {
        "Crash": "FALSE",
        "VehiclesAy": "{(EgoVehicle↦0.0),(Vehicles2↦0.0),(Vehicles3↦0.0),(Vehicles4↦0.0),(Vehicles5↦0.0)}",
        "Reward": "0.7333333333333334",
        "VehiclesAx": "{(EgoVehicle↦0.0),(Vehicles2↦0.004832707345485687),(Vehicles3↦0.0161077082157135),(Vehicles4↦0.023653581738471985),(Vehicles5↦0.03951050341129303)}",
        "VehiclesVx": "{(EgoVehicle↦20.0),(Vehicles2↦0.3615531697869301),(Vehicles3↦0.5685527250170708),(Vehicles4↦-0.8559168875217438),(Vehicles5↦-0.5773264542222023)}",
        "VehiclesY": "{(EgoVehicle↦8.000000238418579),(Vehicles2↦2.6645352591003757E-15),(Vehicles3↦-8.000000238418579),(Vehicles4↦-4.0000001192092896),(Vehicles5↦-4.0000001192092896)}",
        "VehiclesVy": "{(EgoVehicle↦0.0),(Vehicles2↦0.0),(Vehicles3↦0.0),(Vehicles4↦0.0),(Vehicles5↦0.0)}",
        "VehiclesX": "{(EgoVehicle↦200.0),(Vehicles2↦25.702232122421265),(Vehicles3↦36.62931025028229),(Vehicles4↦44.887617230415344),(Vehicles5↦107.86134004592896)}"
      },
      "probabilisticVariables": null,
      "activating": [
        "SLOWER_29"
      ],
      "activatingOnlyWhenExecuted": true,
      "updating": null,
      "withPredicate": null
    },
    {
      "id": "SLOWER_29",
      "execute": "SLOWER",
      "after": "1000",
      "priority": 0,
      "additionalGuards": null,
      "activationKind": null,
      "fixedVariables": {
        "Crash": "FALSE",
        "VehiclesAy": "{(EgoVehicle↦0.0),(Vehicles2↦0.0),(Vehicles3↦0.0),(Vehicles4↦0.0),(Vehicles5↦0.0)}",
        "Reward": "0.7333333333333334",
        "VehiclesAx": "{(EgoVehicle↦0.0),(Vehicles2↦0.004383772611618042),(Vehicles3↦0.015410780906677246),(Vehicles4↦0.023962408304214478),(Vehicles5↦0.03735251724720001)}",
        "VehiclesVx": "{(EgoVehicle↦20.0),(Vehicles2↦0.3659369423985481),(Vehicles3↦0.583963505923748),(Vehicles4↦-0.8319544792175293),(Vehicles5↦-0.5399739369750023)}",
        "VehiclesY": "{(EgoVehicle↦8.000000238418579),(Vehicles2↦2.6645352591003757E-15),(Vehicles3↦-8.000000238418579),(Vehicles4↦-4.0000001192092896),(Vehicles5↦-4.0000001192092896)}",
        "VehiclesVy": "{(EgoVehicle↦0.0),(Vehicles2↦0.0),(Vehicles3↦0.0),(Vehicles4↦0.0),(Vehicles5↦0.0)}",
        "VehiclesX": "{(EgoVehicle↦200.0),(Vehicles2↦26.06557309627533),(Vehicles3↦37.20408082008362),(Vehicles4↦44.04126703739166),(Vehicles5↦107.2991132736206)}"
      },
      "probabilisticVariables": null,
      "activating": [
        "SLOWER_30"
      ],
      "activatingOnlyWhenExecuted": true,
      "updating": null,
      "withPredicate": null
    },
    {
      "id": "SLOWER_30",
      "execute": "SLOWER",
      "after": "1000",
      "priority": 0,
      "additionalGuards": null,
      "activationKind": null,
      "fixedVariables": {
        "Crash": "FALSE",
        "VehiclesAy": "{(EgoVehicle↦0.0),(Vehicles2↦0.0),(Vehicles3↦0.0),(Vehicles4↦0.0),(Vehicles5↦0.0)}",
        "Reward": "0.7333333333333334",
        "VehiclesAx": "{(EgoVehicle↦0.0),(Vehicles2↦0.003988109529018402),(Vehicles3↦0.014754869043827057),(Vehicles4↦0.024139657616615295),(Vehicles5↦0.03541529178619385)}",
        "VehiclesVx": "{(EgoVehicle↦20.0),(Vehicles2↦0.36992505192756653),(Vehicles3↦0.5987183749675751),(Vehicles4↦-0.807814821600914),(Vehicles5↦-0.5045586451888084)}",
        "VehiclesY": "{(EgoVehicle↦8.000000238418579),(Vehicles2↦2.6645352591003757E-15),(Vehicles3↦-8.000000238418579),(Vehicles4↦-4.0000001192092896),(Vehicles5↦-4.0000001192092896)}",
        "VehiclesVy": "{(EgoVehicle↦0.0),(Vehicles2↦0.0),(Vehicles3↦0.0),(Vehicles4↦0.0),(Vehicles5↦0.0)}",
        "VehiclesX": "{(EgoVehicle↦200.0),(Vehicles2↦26.433134078979492),(Vehicles3↦37.793999910354614),(Vehicles4↦43.218958377838135),(Vehicles5↦106.77345991134644)}"
      },
      "probabilisticVariables": null,
      "activating": [
        "SLOWER_31"
      ],
      "activatingOnlyWhenExecuted": true,
      "updating": null,
      "withPredicate": null
    },
    {
      "id": "SLOWER_31",
      "execute": "SLOWER",
      "after": "1000",
      "priority": 0,
      "additionalGuards": null,
      "activationKind": null,
      "fixedVariables": {
        "Crash": "FALSE",
        "VehiclesAy": "{(EgoVehicle↦0.0),(Vehicles2↦0.0),(Vehicles3↦0.0),(Vehicles4↦0.0),(Vehicles5↦0.0)}",
        "Reward": "0.7333333333333334",
        "VehiclesAx": "{(EgoVehicle↦0.0),(Vehicles2↦0.003641359508037567),(Vehicles3↦0.01413647085428238),(Vehicles4↦0.024207159876823425),(Vehicles5↦0.03366950899362564)}",
        "VehiclesVx": "{(EgoVehicle↦20.0),(Vehicles2↦0.3735664114356041),(Vehicles3↦0.6128548458218575),(Vehicles4↦-0.7836076617240906),(Vehicles5↦-0.4708891361951828)}",
        "VehiclesY": "{(EgoVehicle↦8.000000238418579),(Vehicles2↦2.6645352591003757E-15),(Vehicles3↦-8.000000238418579),(Vehicles4↦-4.0000001192092896),(Vehicles5↦-4.0000001192092896)}",
        "VehiclesVy": "{(EgoVehicle↦0.0),(Vehicles2↦0.0),(Vehicles3↦0.0),(Vehicles4↦0.0),(Vehicles5↦0.0)}",
        "VehiclesX": "{(EgoVehicle↦200.0),(Vehicles2↦26.804542541503906),(Vehicles3↦38.39842081069946),(Vehicles4↦42.420825362205505),(Vehicles5↦106.28249645233154)}"
      },
      "probabilisticVariables": null,
      "activating": [
        "SLOWER_32"
      ],
      "activatingOnlyWhenExecuted": true,
      "updating": null,
      "withPredicate": null
    },
    {
      "id": "SLOWER_32",
      "execute": "SLOWER",
      "after": "1000",
      "priority": 0,
      "additionalGuards": null,
      "activationKind": null,
      "fixedVariables": {
        "Crash": "FALSE",
        "VehiclesAy": "{(EgoVehicle↦0.0),(Vehicles2↦0.0),(Vehicles3↦0.0),(Vehicles4↦0.0),(Vehicles5↦0.0)}",
        "Reward": "0.7333333333333334",
        "VehiclesAx": "{(EgoVehicle↦0.0),(Vehicles2↦0.0033392757177352905),(Vehicles3↦0.013552568852901459),(Vehicles4↦0.0241832435131073),(Vehicles5↦0.03209024667739868)}",
        "VehiclesVx": "{(EgoVehicle↦20.0),(Vehicles2↦0.3769056871533394),(Vehicles3↦0.6264074146747589),(Vehicles4↦-0.7594244182109833),(Vehicles5↦-0.4387988895177841)}",
        "VehiclesY": "{(EgoVehicle↦8.000000238418579),(Vehicles2↦2.6645352591003757E-15),(Vehicles3↦-8.000000238418579),(Vehicles4↦-4.0000001192092896),(Vehicles5↦-4.0000001192092896)}",
        "VehiclesVy": "{(EgoVehicle↦0.0),(Vehicles2↦0.0),(Vehicles3↦0.0),(Vehicles4↦0.0),(Vehicles5↦0.0)}",
        "VehiclesX": "{(EgoVehicle↦200.0),(Vehicles2↦27.17946469783783),(Vehicles3↦39.01674151420593),(Vehicles4↦41.64689481258392),(Vehicles5↦105.82456588745117)}"
      },
      "probabilisticVariables": null,
      "activating": [
        "SLOWER_33"
      ],
      "activatingOnlyWhenExecuted": true,
      "updating": null,
      "withPredicate": null
    },
    {
      "id": "SLOWER_33",
      "execute": "SLOWER",
      "after": "1000",
      "priority": 0,
      "additionalGuards": null,
      "activationKind": null,
      "fixedVariables": {
        "Crash": "FALSE",
        "VehiclesAy": "{(EgoVehicle↦0.0),(Vehicles2↦0.0),(Vehicles3↦0.0),(Vehicles4↦0.0),(Vehicles5↦0.0)}",
        "Reward": "0.7333333333333334",
        "VehiclesAx": "{(EgoVehicle↦0.0),(Vehicles2↦0.003078170120716095),(Vehicles3↦0.013000592589378357),(Vehicles4↦0.024084225296974182),(Vehicles5↦0.030656494200229645)}",
        "VehiclesVx": "{(EgoVehicle↦20.0),(Vehicles2↦0.3799838572740555),(Vehicles3↦0.6394080072641373),(Vehicles4↦-0.7353401929140091),(Vehicles5↦-0.4081423953175545)}",
        "VehiclesY": "{(EgoVehicle↦8.000000238418579),(Vehicles2↦2.6645352591003757E-15),(Vehicles3↦-8.000000238418579),(Vehicles4↦-4.0000001192092896),(Vehicles5↦-4.0000001192092896)}",
        "VehiclesVy": "{(EgoVehicle↦0.0),(Vehicles2↦0.0),(Vehicles3↦0.0),(Vehicles4↦0.0),(Vehicles5↦0.0)}",
        "VehiclesX": "{(EgoVehicle↦200.0),(Vehicles2↦27.557623386383057),(Vehicles3↦39.64839279651642),(Vehicles4↦40.89711606502533),(Vehicles5↦105.39814233779907)}"
      },
      "probabilisticVariables": null,
      "activating": [
        "SLOWER_34"
      ],
      "activatingOnlyWhenExecuted": true,
      "updating": null,
      "withPredicate": null
    },
    {
      "id": "SLOWER_34",
      "execute": "SLOWER",
      "after": "1000",
      "priority": 0,
      "additionalGuards": null,
      "activationKind": null,
      "fixedVariables": {
        "Crash": "FALSE",
        "VehiclesAy": "{(EgoVehicle↦0.0),(Vehicles2↦0.0),(Vehicles3↦0.0),(Vehicles4↦0.0),(Vehicles5↦0.0)}",
        "Reward": "0.7333333333333334",
        "VehiclesAx": "{(EgoVehicle↦0.0),(Vehicles2↦0.0028544291853904724),(Vehicles3↦-1.3508246093988419),(Vehicles4↦1.3872266560792923),(Vehicles5↦0.02935018390417099)}",
        "VehiclesVx": "{(EgoVehicle↦20.0),(Vehicles2↦0.38283828645944595),(Vehicles3↦-0.7114166021347046),(Vehicles4↦0.6518864631652832),(Vehicles5↦-0.3787922114133835)}",
        "VehiclesY": "{(EgoVehicle↦8.000000238418579),(Vehicles2↦2.6645352591003757E-15),(Vehicles3↦-4.0000001192092896),(Vehicles4↦-8.000000238418579),(Vehicles5↦-4.0000001192092896)}",
        "VehiclesVy": "{(EgoVehicle↦0.0),(Vehicles2↦0.0),(Vehicles3↦0.0),(Vehicles4↦0.0),(Vehicles5↦0.0)}",
        "VehiclesX": "{(EgoVehicle↦200.0),(Vehicles2↦27.938765287399292),(Vehicles3↦40.17135798931122),(Vehicles4↦40.292832255363464),(Vehicles5↦105.0018310546875)}"
      },
      "probabilisticVariables": null,
      "activating": [
        "SLOWER_35"
      ],
      "activatingOnlyWhenExecuted": true,
      "updating": null,
      "withPredicate": null
    },
    {
      "id": "SLOWER_35",
      "execute": "SLOWER",
      "after": "1000",
      "priority": 0,
      "additionalGuards": null,
      "activationKind": null,
      "fixedVariables": {
        "Crash": "FALSE",
        "VehiclesAy": "{(EgoVehicle↦0.0),(Vehicles2↦0.0),(Vehicles3↦0.0),(Vehicles4↦0.0),(Vehicles5↦0.0)}",
        "Reward": "0.7333333333333334",
        "VehiclesAx": "{(EgoVehicle↦0.0),(Vehicles2↦0.002664625644683838),(Vehicles3↦0.0237128883600235),(Vehicles4↦0.011983811855316162),(Vehicles5↦0.02815593034029007)}",
        "VehiclesVx": "{(EgoVehicle↦20.0),(Vehicles2↦0.3855029121041298),(Vehicles3↦-0.6877037137746811),(Vehicles4↦0.6638702750205994),(Vehicles5↦-0.3506362810730934)}",
        "VehiclesY": "{(EgoVehicle↦8.000000238418579),(Vehicles2↦2.6645352591003757E-15),(Vehicles3↦-4.0000001192092896),(Vehicles4↦-8.000000238418579),(Vehicles5↦-4.0000001192092896)}",
        "VehiclesVy": "{(EgoVehicle↦0.0),(Vehicles2↦0.0),(Vehicles3↦0.0),(Vehicles4↦0.0),(Vehicles5↦0.0)}",
        "VehiclesX": "{(EgoVehicle↦200.0),(Vehicles2↦28.322681784629822),(Vehicles3↦39.46944773197174),(Vehicles4↦40.94955027103424),(Vehicles5↦104.63440418243408)}"
      },
      "probabilisticVariables": null,
      "activating": [
        "SLOWER_36"
      ],
      "activatingOnlyWhenExecuted": true,
      "updating": null,
      "withPredicate": null
    },
    {
      "id": "SLOWER_36",
      "execute": "SLOWER",
      "after": "1000",
      "priority": 0,
      "additionalGuards": null,
      "activationKind": null,
      "fixedVariables": {
        "Crash": "FALSE",
        "VehiclesAy": "{(EgoVehicle↦0.0),(Vehicles2↦0.0),(Vehicles3↦0.0),(Vehicles4↦0.0),(Vehicles5↦0.0)}",
        "Reward": "0.7333333333333334",
        "VehiclesAx": "{(EgoVehicle↦0.0),(Vehicles2↦0.002505779266357422),(Vehicles3↦0.023462027311325073),(Vehicles4↦0.011515244841575623),(Vehicles5↦0.027060583233833313)}",
        "VehiclesVx": "{(EgoVehicle↦20.0),(Vehicles2↦0.3880086913704872),(Vehicles3↦-0.664241686463356),(Vehicles4↦0.675385519862175),(Vehicles5↦-0.3235756978392601)}",
        "VehiclesY": "{(EgoVehicle↦8.000000238418579),(Vehicles2↦2.6645352591003757E-15),(Vehicles3↦-4.0000001192092896),(Vehicles4↦-8.000000238418579),(Vehicles5↦-4.0000001192092896)}",
        "VehiclesVy": "{(EgoVehicle↦0.0),(Vehicles2↦0.0),(Vehicles3↦0.0),(Vehicles4↦0.0),(Vehicles5↦0.0)}",
        "VehiclesX": "{(EgoVehicle↦200.0),(Vehicles2↦28.709200024604797),(Vehicles3↦38.791149854660034),(Vehicles4↦41.61806404590607),(Vehicles5↦104.29466962814331)}"
      },
      "probabilisticVariables": null,
      "activating": [
        "SLOWER_37"
      ],
      "activatingOnlyWhenExecuted": true,
      "updating": null,
      "withPredicate": null
    },
    {
      "id": "SLOWER_37",
      "execute": "SLOWER",
      "after": "1000",
      "priority": 0,
      "additionalGuards": null,
      "activationKind": null,
      "fixedVariables": {
        "Crash": "FALSE",
        "VehiclesAy": "{(EgoVehicle↦0.0),(Vehicles2↦0.0),(Vehicles3↦0.0),(Vehicles4↦0.0),(Vehicles5↦0.0)}",
        "Reward": "0.7333333333333334",
        "VehiclesAx": "{(EgoVehicle↦0.0),(Vehicles2↦0.002374798059463501),(Vehicles3↦0.023179277777671814),(Vehicles4↦0.011070743203163147),(Vehicles5↦0.026052631437778473)}",
        "VehiclesVx": "{(EgoVehicle↦20.0),(Vehicles2↦0.3903834894299507),(Vehicles3↦-0.6410624086856842),(Vehicles4↦0.6864562630653381),(Vehicles5↦-0.29752306640148163)}",
        "VehiclesY": "{(EgoVehicle↦8.000000238418579),(Vehicles2↦2.6645352591003757E-15),(Vehicles3↦-4.0000001192092896),(Vehicles4↦-8.000000238418579),(Vehicles5↦-4.0000001192092896)}",
        "VehiclesVy": "{(EgoVehicle↦0.0),(Vehicles2↦0.0),(Vehicles3↦0.0),(Vehicles4↦0.0),(Vehicles5↦0.0)}",
        "VehiclesX": "{(EgoVehicle↦200.0),(Vehicles2↦29.09816801548004),(Vehicles3↦38.13620209693909),(Vehicles4↦42.297911643981934),(Vehicles5↦103.9815902709961)}"
      },
      "probabilisticVariables": null,
      "activating": [
        "SLOWER_38"
      ],
      "activatingOnlyWhenExecuted": true,
      "updating": null,
      "withPredicate": null
    },
    {
      "id": "SLOWER_38",
      "execute": "SLOWER",
      "after": "1000",
      "priority": 0,
      "additionalGuards": null,
      "activationKind": null,
      "fixedVariables": {
        "Crash": "FALSE",
        "VehiclesAy": "{(EgoVehicle↦0.0),(Vehicles2↦0.0),(Vehicles3↦0.0),(Vehicles4↦0.0),(Vehicles5↦0.0)}",
        "Reward": "0.7333333333333334",
        "VehiclesAx": "{(EgoVehicle↦0.0),(Vehicles2↦0.0022691115736961365),(Vehicles3↦0.02287156879901886),(Vehicles4↦0.010649040341377258),(Vehicles5↦0.02512231469154358)}",
        "VehiclesVx": "{(EgoVehicle↦20.0),(Vehicles2↦0.39265260100364685),(Vehicles3↦-0.6181908398866653),(Vehicles4↦0.6971053034067154),(Vehicles5↦-0.27240075170993805)}",
        "VehiclesY": "{(EgoVehicle↦8.000000238418579),(Vehicles2↦2.6645352591003757E-15),(Vehicles3↦-4.0000001192092896),(Vehicles4↦-8.000000238418579),(Vehicles5↦-4.0000001192092896)}",
        "VehiclesVy": "{(EgoVehicle↦0.0),(Vehicles2↦0.0),(Vehicles3↦0.0),(Vehicles4↦0.0),(Vehicles5↦0.0)}",
        "VehiclesX": "{(EgoVehicle↦200.0),(Vehicles2↦29.489466547966003),(Vehicles3↦37.50431537628174),(Vehicles4↦42.98866093158722),(Vehicles5↦103.69418859481812)}"
      },
      "probabilisticVariables": null,
      "activating": [
        "SLOWER_39"
      ],
      "activatingOnlyWhenExecuted": true,
      "updating": null,
      "withPredicate": null
    },
    {
      "id": "SLOWER_39",
      "execute": "SLOWER",
      "after": "1000",
      "priority": 0,
      "additionalGuards": null,
      "activationKind": null,
      "fixedVariables": {
        "Crash": "FALSE",
        "VehiclesAy": "{(EgoVehicle↦0.0),(Vehicles2↦0.0),(Vehicles3↦0.0),(Vehicles4↦0.0),(Vehicles5↦0.0)}",
        "Reward": "0.7333333333333334",
        "VehiclesAx": "{(EgoVehicle↦0.0),(Vehicles2↦0.002186037600040436),(Vehicles3↦0.022544749081134796),(Vehicles4↦0.010248571634292603),(Vehicles5↦0.0242609903216362)}",
        "VehiclesVx": "{(EgoVehicle↦20.0),(Vehicles2↦0.3948386386036873),(Vehicles3↦-0.5956460908055305),(Vehicles4↦0.707353875041008),(Vehicles5↦-0.24813976138830185)}",
        "VehiclesY": "{(EgoVehicle↦8.000000238418579),(Vehicles2↦2.6645352591003757E-15),(Vehicles3↦-4.0000001192092896),(Vehicles4↦-8.000000238418579),(Vehicles5↦-4.0000001192092896)}",
        "VehiclesVy": "{(EgoVehicle↦0.0),(Vehicles2↦0.0),(Vehicles3↦0.0),(Vehicles4↦0.0),(Vehicles5↦0.0)}",
        "VehiclesX": "{(EgoVehicle↦200.0),(Vehicles2↦29.882997274398804),(Vehicles3↦36.8951678276062),(Vehicles4↦43.689894676208496),(Vehicles5↦103.43155860900879)}"
      },
      "probabilisticVariables": null,
      "activating": [
        "SLOWER_40"
      ],
      "activatingOnlyWhenExecuted": true,
      "updating": null,
      "withPredicate": null
    },
    {
      "id": "SLOWER_40",
      "execute": "SLOWER",
      "after": "1000",
      "priority": 0,
      "additionalGuards": null,
      "activationKind": null,
      "fixedVariables": {
        "Crash": "FALSE",
        "VehiclesAy": "{(EgoVehicle↦0.0),(Vehicles2↦0.0),(Vehicles3↦0.0),(Vehicles4↦0.0),(Vehicles5↦0.0)}",
        "Reward": "0.7333333333333334",
        "VehiclesAx": "{(EgoVehicle↦0.0),(Vehicles2↦0.002123303711414337),(Vehicles3↦0.022203810513019562),(Vehicles4↦0.009868144989013672),(Vehicles5↦0.023461300879716873)}",
        "VehiclesVx": "{(EgoVehicle↦20.0),(Vehicles2↦0.3969619423151016),(Vehicles3↦-0.573442280292511),(Vehicles4↦0.7172220200300217),(Vehicles5↦-0.22467846050858498)}",
        "VehiclesY": "{(EgoVehicle↦8.000000238418579),(Vehicles2↦2.6645352591003757E-15),(Vehicles3↦-4.0000001192092896),(Vehicles4↦-8.000000238418579),(Vehicles5↦-4.0000001192092896)}",
        "VehiclesVy": "{(EgoVehicle↦0.0),(Vehicles2↦0.0),(Vehicles3↦0.0),(Vehicles4↦0.0),(Vehicles5↦0.0)}",
        "VehiclesX": "{(EgoVehicle↦200.0),(Vehicles2↦30.27869164943695),(Vehicles3↦36.30843162536621),(Vehicles4↦44.401225447654724),(Vehicles5↦103.19286584854126)}"
      },
      "probabilisticVariables": null,
      "activating": [
        "SLOWER_41"
      ],
      "activatingOnlyWhenExecuted": true,
      "updating": null,
      "withPredicate": null
    },
    {
      "id": "SLOWER_41",
      "execute": "SLOWER",
      "after": "1000",
      "priority": 0,
      "additionalGuards": null,
      "activationKind": null,
      "fixedVariables": {
        "Crash": "FALSE",
        "VehiclesAy": "{(EgoVehicle↦0.0),(Vehicles2↦0.0),(Vehicles3↦0.0),(Vehicles4↦0.0),(Vehicles5↦0.0)}",
        "Reward": "0.7333333333333334",
        "VehiclesAx": "{(EgoVehicle↦0.0),(Vehicles2↦0.002078711986541748),(Vehicles3↦0.021852664649486542),(Vehicles4↦0.009506642818450928),(Vehicles5↦0.022716708481311798)}",
        "VehiclesVx": "{(EgoVehicle↦20.0),(Vehicles2↦0.39904065430164337),(Vehicles3↦-0.5515896156430244),(Vehicles4↦0.7267286628484726),(Vehicles5↦-0.20196175202727318)}",
        "VehiclesY": "{(EgoVehicle↦8.000000238418579),(Vehicles2↦2.6645352591003757E-15),(Vehicles3↦-4.0000001192092896),(Vehicles4↦-8.000000238418579),(Vehicles5↦-4.0000001192092896)}",
        "VehiclesVy": "{(EgoVehicle↦0.0),(Vehicles2↦0.0),(Vehicles3↦0.0),(Vehicles4↦0.0),(Vehicles5↦0.0)}",
        "VehiclesX": "{(EgoVehicle↦200.0),(Vehicles2↦30.67648708820343),(Vehicles3↦35.74375808238983),(Vehicles4↦45.12228071689606),(Vehicles5↦102.97733545303345)}"
      },
      "probabilisticVariables": null,
      "activating": [
        "SLOWER_42"
      ],
      "activatingOnlyWhenExecuted": true,
      "updating": null,
      "withPredicate": null
    },
    {
      "id": "SLOWER_42",
      "execute": "SLOWER",
      "after": "1000",
      "priority": 0,
      "additionalGuards": null,
      "activationKind": null,
      "fixedVariables": {
        "Crash": "FALSE",
        "VehiclesAy": "{(EgoVehicle↦0.0),(Vehicles2↦0.0),(Vehicles3↦0.0),(Vehicles4↦0.0),(Vehicles5↦0.0)}",
        "Reward": "0.7333333333333334",
        "VehiclesAx": "{(EgoVehicle↦0.0),(Vehicles2↦0.00205017626285553),(Vehicles3↦0.021494850516319275),(Vehicles4↦0.009162798523902893),(Vehicles5↦0.022021569311618805)}",
        "VehiclesVx": "{(EgoVehicle↦20.0),(Vehicles2↦0.4010908305644989),(Vehicles3↦-0.5300947651267052),(Vehicles4↦0.7358914613723755),(Vehicles5↦-0.17994018271565437)}",
        "VehiclesY": "{(EgoVehicle↦8.000000238418579),(Vehicles2↦2.6645352591003757E-15),(Vehicles3↦-4.0000001192092896),(Vehicles4↦-8.000000238418579),(Vehicles5↦-4.0000001192092896)}",
        "VehiclesVy": "{(EgoVehicle↦0.0),(Vehicles2↦0.0),(Vehicles3↦0.0),(Vehicles4↦0.0),(Vehicles5↦0.0)}",
        "VehiclesX": "{(EgoVehicle↦200.0),(Vehicles2↦31.076350808143616),(Vehicles3↦35.20079553127289),(Vehicles4↦45.852699875831604),(Vehicles5↦102.78422832489014)}"
      },
      "probabilisticVariables": null,
      "activating": [
        "SLOWER_43"
      ],
      "activatingOnlyWhenExecuted": true,
      "updating": null,
      "withPredicate": null
    },
    {
      "id": "SLOWER_43",
      "execute": "SLOWER",
      "after": "1000",
      "priority": 0,
      "additionalGuards": null,
      "activationKind": null,
      "fixedVariables": {
        "Crash": "FALSE",
        "VehiclesAy": "{(EgoVehicle↦0.0),(Vehicles2↦0.0),(Vehicles3↦0.0),(Vehicles4↦0.0),(Vehicles5↦0.0)}",
        "Reward": "0.7333333333333334",
        "VehiclesAx": "{(EgoVehicle↦0.0),(Vehicles2↦0.0020359084010124207),(Vehicles3↦0.02113301306962967),(Vehicles4↦0.008835792541503906),(Vehicles5↦0.02137085422873497)}",
        "VehiclesVx": "{(EgoVehicle↦20.0),(Vehicles2↦0.4031267389655113),(Vehicles3↦-0.5089617520570755),(Vehicles4↦0.7447272539138794),(Vehicles5↦-0.1585693284869194)}",
        "VehiclesY": "{(EgoVehicle↦8.000000238418579),(Vehicles2↦2.6645352591003757E-15),(Vehicles3↦-4.0000001192092896),(Vehicles4↦-8.000000238418579),(Vehicles5↦-4.0000001192092896)}",
        "VehiclesVy": "{(EgoVehicle↦0.0),(Vehicles2↦0.0),(Vehicles3↦0.0),(Vehicles4↦0.0),(Vehicles5↦0.0)}",
        "VehiclesX": "{(EgoVehicle↦200.0),(Vehicles2↦31.47825598716736),(Vehicles3↦34.67918336391449),(Vehicles4↦46.59215211868286),(Vehicles5↦102.6128888130188)}"
      },
      "probabilisticVariables": null,
      "activating": [
        "SLOWER_44"
      ],
      "activatingOnlyWhenExecuted": true,
      "updating": null,
      "withPredicate": null
    },
    {
      "id": "SLOWER_44",
      "execute": "SLOWER",
      "after": "1000",
      "priority": 0,
      "additionalGuards": null,
      "activationKind": null,
      "fixedVariables": {
        "Crash": "FALSE",
        "VehiclesAy": "{(EgoVehicle↦0.0),(Vehicles2↦0.0),(Vehicles3↦0.0),(Vehicles4↦0.0),(Vehicles5↦0.0)}",
        "Reward": "0.7333333333333334",
        "VehiclesAx": "{(EgoVehicle↦0.0),(Vehicles2↦0.002034120261669159),(Vehicles3↦0.020769573748111725),(Vehicles4↦0.008524507284164429),(Vehicles5↦0.020760241895914078)}",
        "VehiclesVx": "{(EgoVehicle↦20.0),(Vehicles2↦0.4051608592271805),(Vehicles3↦-0.4881921783089638),(Vehicles4↦0.7532517611980438),(Vehicles5↦-0.13780908659100533)}",
        "VehiclesY": "{(EgoVehicle↦8.000000238418579),(Vehicles2↦2.6645352591003757E-15),(Vehicles3↦-4.0000001192092896),(Vehicles4↦-8.000000238418579),(Vehicles5↦-4.0000001192092896)}",
        "VehiclesVy": "{(EgoVehicle↦0.0),(Vehicles2↦0.0),(Vehicles3↦0.0),(Vehicles4↦0.0),(Vehicles5↦0.0)}",
        "VehiclesX": "{(EgoVehicle↦200.0),(Vehicles2↦31.88219666481018),(Vehicles3↦34.178557991981506),(Vehicles4↦47.3403126001358),(Vehicles5↦102.46267318725586)}"
      },
      "probabilisticVariables": null,
      "activating": [
        "SLOWER_45"
      ],
      "activatingOnlyWhenExecuted": true,
      "updating": null,
      "withPredicate": null
    },
    {
      "id": "SLOWER_45",
      "execute": "SLOWER",
      "after": "1000",
      "priority": 0,
      "additionalGuards": null,
      "activationKind": null,
      "fixedVariables": {
        "Crash": "FALSE",
        "VehiclesAy": "{(EgoVehicle↦0.0),(Vehicles2↦0.0),(Vehicles3↦0.0),(Vehicles4↦0.0),(Vehicles5↦-6.668005585670471)}",
        "Reward": "0.7333333333333334",
        "VehiclesAx": "{(EgoVehicle↦0.0),(Vehicles2↦0.00204332172870636),(Vehicles3↦0.020406357944011688),(Vehicles4↦0.008228123188018799),(Vehicles5↦-1.1312912218272686)}",
        "VehiclesVx": "{(EgoVehicle↦20.0),(Vehicles2↦0.40720418095588684),(Vehicles3↦-0.4677858203649521),(Vehicles4↦0.7614798843860626),(Vehicles5↦-1.269100308418274)}",
        "VehiclesY": "{(EgoVehicle↦8.000000238418579),(Vehicles2↦2.6645352591003757E-15),(Vehicles3↦-4.0000001192092896),(Vehicles4↦-8.000000238418579),(Vehicles5↦-4.85500180721283)}",
        "VehiclesVy": "{(EgoVehicle↦0.0),(Vehicles2↦0.0),(Vehicles3↦0.0),(Vehicles4↦0.0),(Vehicles5↦-6.668005585670471)}",
        "VehiclesX": "{(EgoVehicle↦200.0),(Vehicles2↦32.28817284107208),(Vehicles3↦33.69855880737305),(Vehicles4↦48.096880316734314),(Vehicles5↦102.23995447158813)}"
      },
      "probabilisticVariables": null,
      "activating": [
        "SLOWER_46"
      ],
      "activatingOnlyWhenExecuted": true,
      "updating": null,
      "withPredicate": null
    },
    {
      "id": "SLOWER_46",
      "execute": "SLOWER",
      "after": "1000",
      "priority": 0,
      "additionalGuards": null,
      "activationKind": null,
      "fixedVariables": {
        "Crash": "FALSE",
        "VehiclesAy": "{(EgoVehicle↦0.0),(Vehicles2↦0.0),(Vehicles3↦0.0),(Vehicles4↦0.0),(Vehicles5↦-7.331546321511269)}",
        "Reward": "0.7333333333333334",
        "VehiclesAx": "{(EgoVehicle↦0.0),(Vehicles2↦0.002061985433101654),(Vehicles3↦0.2461743913590908),(Vehicles4↦-1.0727381519973278),(Vehicles5↦1.2753166555194184)}",
        "VehiclesVx": "{(EgoVehicle↦20.0),(Vehicles2↦0.4092661663889885),(Vehicles3↦-0.22161142900586128),(Vehicles4↦-0.3112582676112652),(Vehicles5↦0.006216347101144493)}",
        "VehiclesY": "{(EgoVehicle↦8.000000238418579),(Vehicles2↦2.6645352591003757E-15),(Vehicles3↦-4.0000001192092896),(Vehicles4↦-8.000000238418579),(Vehicles5↦-7.771705627441406)}",
        "VehiclesVy": "{(EgoVehicle↦0.0),(Vehicles2↦0.0),(Vehicles3↦0.0),(Vehicles4↦0.0),(Vehicles5↦-0.6635407358407974)}",
        "VehiclesX": "{(EgoVehicle↦200.0),(Vehicles2↦32.69619941711426),(Vehicles3↦33.23260247707367),(Vehicles4↦48.480212688446045),(Vehicles5↦101.84630155563354)}"
      },
      "probabilisticVariables": null,
      "activating": [
        "SLOWER_47"
      ],
      "activatingOnlyWhenExecuted": true,
      "updating": null,
      "withPredicate": null
    },
    {
      "id": "SLOWER_47",
      "execute": "SLOWER",
      "after": "1000",
      "priority": 0,
      "additionalGuards": null,
      "activationKind": null,
      "fixedVariables": {
        "Crash": "FALSE",
        "VehiclesAy": "{(EgoVehicle↦0.0),(Vehicles2↦0.0),(Vehicles3↦0.0),(Vehicles4↦0.0),(Vehicles5↦-0.7045197580009699)}",
        "Reward": "0.7333333333333334",
        "VehiclesAx": "{(EgoVehicle↦0.0),(Vehicles2↦0.002088882029056549),(Vehicles3↦0.5009190365672112),(Vehicles4↦-0.5866247601807117),(Vehicles5↦0.17661197867710143)}",
        "VehiclesVx": "{(EgoVehicle↦20.0),(Vehicles2↦0.41135504841804504),(Vehicles3↦0.27930760756134987),(Vehicles4↦-0.8978830277919769),(Vehicles5↦0.18282832577824593)}",
        "VehiclesY": "{(EgoVehicle↦8.000000238418579),(Vehicles2↦2.6645352591003757E-15),(Vehicles3↦-4.0000001192092896),(Vehicles4↦-8.000000238418579),(Vehicles5↦-7.9859654903411865)}",
        "VehiclesVy": "{(EgoVehicle↦0.0),(Vehicles2↦0.0),(Vehicles3↦0.0),(Vehicles4↦0.0),(Vehicles5↦-0.04097902216017246)}",
        "VehiclesX": "{(EgoVehicle↦200.0),(Vehicles2↦33.10630023479462),(Vehicles3↦33.23233425617218),(Vehicles4↦47.89387285709381),(Vehicles5↦101.933753490448)}"
      },
      "probabilisticVariables": null,
      "activating": [
        "SLOWER_48"
      ],
      "activatingOnlyWhenExecuted": true,
      "updating": null,
      "withPredicate": null
    },
    {
      "id": "SLOWER_48",
      "execute": "SLOWER",
      "after": "1000",
      "priority": 0,
      "additionalGuards": null,
      "activationKind": null,
      "fixedVariables": {
        "Crash": "FALSE",
        "VehiclesAy": "{(EgoVehicle↦0.0),(Vehicles2↦0.0),(Vehicles3↦0.0),(Vehicles4↦0.0),(Vehicles5↦-0.04346487548900768)}",
        "Reward": "0.7333333333333334",
        "VehiclesAx": "{(EgoVehicle↦0.0),(Vehicles2↦0.002122744917869568),(Vehicles3↦0.29035763815045357),(Vehicles4↦-0.23145660758018494),(Vehicles5↦0.1096285879611969)}",
        "VehiclesVx": "{(EgoVehicle↦20.0),(Vehicles2↦0.4134777933359146),(Vehicles3↦0.5696652457118034),(Vehicles4↦-1.1293396353721619),(Vehicles5↦0.2924569137394428)}",
        "VehiclesY": "{(EgoVehicle↦8.000000238418579),(Vehicles2↦2.6645352591003757E-15),(Vehicles3↦-4.0000001192092896),(Vehicles4↦-8.000000238418579),(Vehicles5↦-7.999150514602661)}",
        "VehiclesVy": "{(EgoVehicle↦0.0),(Vehicles2↦0.0),(Vehicles3↦0.0),(Vehicles4↦0.0),(Vehicles5↦-0.002485853328835219)}",
        "VehiclesX": "{(EgoVehicle↦200.0),(Vehicles2↦33.51849913597107),(Vehicles3↦33.64083766937256),(Vehicles4↦46.88449501991272),(Vehicles5↦102.1638035774231)}"
      },
      "probabilisticVariables": null,
      "activating": [
        "SLOWER_49"
      ],
      "activatingOnlyWhenExecuted": true,
      "updating": null,
      "withPredicate": null
    },
    {
      "id": "SLOWER_49",
      "execute": "SLOWER",
      "after": "1000",
      "priority": 0,
      "additionalGuards": null,
      "activationKind": null,
      "fixedVariables": {
        "Crash": "FALSE",
        "VehiclesAy": "{(EgoVehicle↦0.0),(Vehicles2↦0.0),(Vehicles3↦0.0),(Vehicles4↦0.0),(Vehicles5↦-0.002635095370351337)}",
        "Reward": "0.7333333333333334",
        "VehiclesAx": "{(EgoVehicle↦0.0),(Vehicles2↦0.0021626055240631104),(Vehicles3↦0.16277600079774857),(Vehicles4↦-0.0605657696723938),(Vehicles5↦0.0773165188729763)}",
        "VehiclesVx": "{(EgoVehicle↦20.0),(Vehicles2↦0.4156403988599777),(Vehicles3↦0.732441246509552),(Vehicles4↦-1.1899054050445557),(Vehicles5↦0.36977343261241913)}",
        "VehiclesY": "{(EgoVehicle↦8.000000238418579),(Vehicles2↦2.6645352591003757E-15),(Vehicles3↦-4.0000001192092896),(Vehicles4↦-8.000000238418579),(Vehicles5↦-7.999948740005493)}",
        "VehiclesVy": "{(EgoVehicle↦0.0),(Vehicles2↦0.0),(Vehicles3↦0.0),(Vehicles4↦0.0),(Vehicles5↦-0.00014924204151611775)}",
        "VehiclesX": "{(EgoVehicle↦200.0),(Vehicles2↦33.9328408241272),(Vehicles3↦34.283292293548584),(Vehicles4↦45.72158455848694),(Vehicles5↦102.48911380767822)}"
      },
      "probabilisticVariables": null,
      "activating": [
        "SLOWER_50"
      ],
      "activatingOnlyWhenExecuted": true,
      "updating": null,
      "withPredicate": null
    },
    {
      "id": "SLOWER_50",
      "execute": "SLOWER",
      "after": "1000",
      "priority": 0,
      "additionalGuards": null,
      "activationKind": null,
      "fixedVariables": {
        "Crash": "FALSE",
        "VehiclesAy": "{(EgoVehicle↦0.0),(Vehicles2↦0.0),(Vehicles3↦0.0),(Vehicles4↦0.0),(Vehicles5↦-0.000158134564003376)}",
        "Reward": "0.7333333333333334",
        "VehiclesAx": "{(EgoVehicle↦0.0),(Vehicles2↦0.002207346260547638),(Vehicles3↦0.08887141942977905),(Vehicles4↦0.023886263370513916),(Vehicles5↦0.058602988719940186)}",
        "VehiclesVx": "{(EgoVehicle↦20.0),(Vehicles2↦0.41784774512052536),(Vehicles3↦0.821312665939331),(Vehicles4↦-1.1660191416740417),(Vehicles5↦0.4283764213323593)}",
        "VehiclesY": "{(EgoVehicle↦8.000000238418579),(Vehicles2↦2.6645352591003757E-15),(Vehicles3↦-4.0000001192092896),(Vehicles4↦-8.000000238418579),(Vehicles5↦-7.999996662139893)}",
        "VehiclesVy": "{(EgoVehicle↦0.0),(Vehicles2↦0.0),(Vehicles3↦0.0),(Vehicles4↦0.0),(Vehicles5↦-8.892522487258248E-06)}",
        "VehiclesX": "{(EgoVehicle↦200.0),(Vehicles2↦34.34935808181763),(Vehicles3↦35.055652260780334),(Vehicles4↦44.53665018081665),(Vehicles5↦102.8834581375122)}"
      },
      "probabilisticVariables": null,
      "activating": [
        "SLOWER_51"
      ],
      "activatingOnlyWhenExecuted": true,
      "updating": null,
      "withPredicate": null
    },
    {
      "id": "SLOWER_51",
      "execute": "SLOWER",
      "after": "1000",
      "priority": 0,
      "additionalGuards": null,
      "activationKind": null,
      "fixedVariables": {
        "Crash": "FALSE",
        "VehiclesAy": "{(EgoVehicle↦0.0),(Vehicles2↦0.0),(Vehicles3↦0.0),(Vehicles4↦0.0),(Vehicles5↦-9.419252506859266E-06)}",
        "Reward": "0.7333333333333334",
        "VehiclesAx": "{(EgoVehicle↦0.0),(Vehicles2↦0.0022562220692634583),(Vehicles3↦0.04717804491519928),(Vehicles4↦0.06439149379730225),(Vehicles5↦0.04736296832561493)}",
        "VehiclesVx": "{(EgoVehicle↦20.0),(Vehicles2↦0.4201039671897888),(Vehicles3↦0.8684907108545303),(Vehicles4↦-1.1016276478767395),(Vehicles5↦0.47573938965797424)}",
        "VehiclesY": "{(EgoVehicle↦8.000000238418579),(Vehicles2↦2.6645352591003757E-15),(Vehicles3↦-4.0000001192092896),(Vehicles4↦-8.000000238418579),(Vehicles5↦-7.999999523162842)}",
        "VehiclesVy": "{(EgoVehicle↦0.0),(Vehicles2↦0.0),(Vehicles3↦0.0),(Vehicles4↦0.0),(Vehicles5↦-5.267300196010183E-07)}",
        "VehiclesX": "{(EgoVehicle↦200.0),(Vehicles2↦34.768104553222656),(Vehicles3↦35.898277163505554),(Vehicles4↦43.39428246021271),(Vehicles5↦103.33148241043091)}"
      },
      "probabilisticVariables": null,
      "activating": [
        "SLOWER_52"
      ],
      "activatingOnlyWhenExecuted": true,
      "updating": null,
      "withPredicate": null
    },
    {
      "id": "SLOWER_52",
      "execute": "SLOWER",
      "after": "1000",
      "priority": 0,
      "additionalGuards": null,
      "activationKind": null,
      "fixedVariables": {
        "Crash": "FALSE",
        "VehiclesAy": "{(EgoVehicle↦0.0),(Vehicles2↦0.0),(Vehicles3↦0.0),(Vehicles4↦0.0),(Vehicles5↦-5.57776873577609E-07)}",
        "Reward": "0.7333333333333334",
        "VehiclesAx": "{(EgoVehicle↦0.0),(Vehicles2↦0.002308376133441925),(Vehicles3↦0.024018213152885437),(Vehicles4↦0.08186042308807373),(Vehicles5↦0.0402488186955452)}",
        "VehiclesVx": "{(EgoVehicle↦20.0),(Vehicles2↦0.42241234332323074),(Vehicles3↦0.8925089240074158),(Vehicles4↦-1.0197672247886658),(Vehicles5↦0.5159882083535194)}",
        "VehiclesY": "{(EgoVehicle↦8.000000238418579),(Vehicles2↦2.6645352591003757E-15),(Vehicles3↦-4.0000001192092896),(Vehicles4↦-8.000000238418579),(Vehicles5↦-8.000000238418579)}",
        "VehiclesVy": "{(EgoVehicle↦0.0),(Vehicles2↦0.0),(Vehicles3↦0.0),(Vehicles4↦0.0),(Vehicles5↦-3.104685397659068E-08)}",
        "VehiclesX": "{(EgoVehicle↦200.0),(Vehicles2↦35.189127922058105),(Vehicles3↦36.77772283554077),(Vehicles4↦42.324599623680115),(Vehicles5↦103.82376909255981)}"
      },
      "probabilisticVariables": null,
      "activating": [
        "SLOWER_53"
      ],
      "activatingOnlyWhenExecuted": true,
      "updating": null,
      "withPredicate": null
    },
    {
      "id": "SLOWER_53",
      "execute": "SLOWER",
      "after": "1000",
      "priority": 0,
      "additionalGuards": null,
      "activationKind": null,
      "fixedVariables": {
        "Crash": "FALSE",
        "VehiclesAy": "{(EgoVehicle↦0.0),(Vehicles2↦0.0),(Vehicles3↦0.0),(Vehicles4↦0.0),(Vehicles5↦-3.2869058586015854E-08)}",
        "Reward": "0.7333333333333334",
        "VehiclesAx": "{(EgoVehicle↦0.0),(Vehicles2↦0.0023631006479263306),(Vehicles3↦0.011276304721832275),(Vehicles4↦0.08724384009838104),(Vehicles5↦0.0354427844285965)}",
        "VehiclesVx": "{(EgoVehicle↦20.0),(Vehicles2↦0.4247754439711571),(Vehicles3↦0.903785228729248),(Vehicles4↦-0.9325233846902847),(Vehicles5↦0.5514309927821159)}",
        "VehiclesY": "{(EgoVehicle↦8.000000238418579),(Vehicles2↦2.6645352591003757E-15),(Vehicles3↦-4.0000001192092896),(Vehicles4↦-8.000000238418579),(Vehicles5↦-8.000000238418579)}",
        "VehiclesVy": "{(EgoVehicle↦0.0),(Vehicles2↦0.0),(Vehicles3↦0.0),(Vehicles4↦0.0),(Vehicles5↦-1.822204609425171E-09)}",
        "VehiclesX": "{(EgoVehicle↦200.0),(Vehicles2↦35.61248183250427),(Vehicles3↦37.67548203468323),(Vehicles4↦41.339609026908875),(Vehicles5↦104.35426235198975)}"
      },
      "probabilisticVariables": null,
      "activating": [
        "SLOWER_54"
      ],
      "activatingOnlyWhenExecuted": true,
      "updating": null,
      "withPredicate": null
    },
    {
      "id": "SLOWER_54",
      "execute": "SLOWER",
      "after": "1000",
      "priority": 0,
      "additionalGuards": null,
      "activationKind": null,
      "fixedVariables": {
        "Crash": "FALSE",
        "VehiclesAy": "{(EgoVehicle↦0.0),(Vehicles2↦0.0),(Vehicles3↦0.0),(Vehicles4↦0.0),(Vehicles5↦-1.928759374436595E-09)}",
        "Reward": "0.7333333333333334",
        "VehiclesAx": "{(EgoVehicle↦0.0),(Vehicles2↦0.002419799566268921),(Vehicles3↦0.004315078258514404),(Vehicles4↦0.08644580841064453),(Vehicles5↦0.03196150064468384)}",
        "VehiclesVx": "{(EgoVehicle↦20.0),(Vehicles2↦0.427195243537426),(Vehicles3↦0.9081003069877625),(Vehicles4↦-0.8460775762796402),(Vehicles5↦0.5833924934267998)}",
        "VehiclesY": "{(EgoVehicle↦8.000000238418579),(Vehicles2↦2.6645352591003757E-15),(Vehicles3↦-4.0000001192092896),(Vehicles4↦-8.000000238418579),(Vehicles5↦-8.000000238418579)}",
        "VehiclesVy": "{(EgoVehicle↦0.0),(Vehicles2↦0.0),(Vehicles3↦0.0),(Vehicles4↦0.0),(Vehicles5↦-1.0655476501142402E-10)}",
        "VehiclesX": "{(EgoVehicle↦200.0),(Vehicles2↦36.038219928741455),(Vehicles3↦38.58139216899872),(Vehicles4↦40.441879630088806),(Vehicles5↦104.9187183380127)}"
      },
      "probabilisticVariables": null,
      "activating": [
        "SLOWER_55"
      ],
      "activatingOnlyWhenExecuted": true,
      "updating": null,
      "withPredicate": null
    },
    {
      "id": "SLOWER_55",
      "execute": "SLOWER",
      "after": "1000",
      "priority": 0,
      "additionalGuards": null,
      "activationKind": null,
      "fixedVariables": {
        "Crash": "FALSE",
        "VehiclesAy": "{(EgoVehicle↦0.0),(Vehicles2↦0.0),(Vehicles3↦0.0),(Vehicles4↦0.0),(Vehicles5↦-1.127631321651279E-10)}",
        "Reward": "0.7333333333333334",
        "VehiclesAx": "{(EgoVehicle↦0.0),(Vehicles2↦0.002477802336215973),(Vehicles3↦0.0005392730236053467),(Vehicles4↦0.08267432451248169),(Vehicles5↦0.029270686209201813)}",
        "VehiclesVx": "{(EgoVehicle↦20.0),(Vehicles2↦0.42967304587364197),(Vehicles3↦0.9086395800113678),(Vehicles4↦-0.7634032517671585),(Vehicles5↦0.6126631796360016)}",
        "VehiclesY": "{(EgoVehicle↦8.000000238418579),(Vehicles2↦2.6645352591003757E-15),(Vehicles3↦-4.0000001192092896),(Vehicles4↦-8.000000238418579),(Vehicles5↦-8.000000238418579)}",
        "VehiclesVy": "{(EgoVehicle↦0.0),(Vehicles2↦0.0),(Vehicles3↦0.0),(Vehicles4↦0.0),(Vehicles5↦-6.208367153703875E-12)}",
        "VehiclesX": "{(EgoVehicle↦200.0),(Vehicles2↦36.46640181541443),(Vehicles3↦39.489927887916565),(Vehicles4↦39.629241824150085),(Vehicles5↦105.51401376724243)}"
      },
      "probabilisticVariables": null,
      "activating": [
        "SLOWER_56"
      ],
      "activatingOnlyWhenExecuted": true,
      "updating": null,
      "withPredicate": null
    },
    {
      "id": "SLOWER_56",
      "execute": "SLOWER",
      "after": "1000",
      "priority": 0,
      "additionalGuards": null,
      "activationKind": null,
      "fixedVariables": {
        "Crash": "FALSE",
        "VehiclesAy": "{(EgoVehicle↦0.0),(Vehicles2↦0.0),(Vehicles3↦0.0),(Vehicles4↦0.0),(Vehicles5↦-6.5636385215839255E-12)}",
        "Reward": "0.7333333333333334",
        "VehiclesAx": "{(EgoVehicle↦0.0),(Vehicles2↦0.0025367364287376404),(Vehicles3↦-1.5943848341703415),(Vehicles4↦1.6705546528100967),(Vehicles5↦0.02707667648792267)}",
        "VehiclesVx": "{(EgoVehicle↦20.0),(Vehicles2↦0.4322097823023796),(Vehicles3↦-0.6857452541589737),(Vehicles4↦0.9071514010429382),(Vehicles5↦0.6397398561239243)}",
        "VehiclesY": "{(EgoVehicle↦8.000000238418579),(Vehicles2↦2.6645352591003757E-15),(Vehicles3↦-8.000000238418579),(Vehicles4↦-4.0000001192092896),(Vehicles5↦-8.000000238418579)}",
        "VehiclesVy": "{(EgoVehicle↦0.0),(Vehicles2↦0.0),(Vehicles3↦0.0),(Vehicles4↦0.0),(Vehicles5↦-3.552713678800501E-13)}",
        "VehiclesX": "{(EgoVehicle↦200.0),(Vehicles2↦36.89708411693573),(Vehicles3↦38.89732360839844),(Vehicles4↦40.39808511734009),(Vehicles5↦106.1376690864563)}"
      },
      "probabilisticVariables": null,
      "activating": [
        "SLOWER_57"
      ],
      "activatingOnlyWhenExecuted": true,
      "updating": null,
      "withPredicate": null
    },
    {
      "id": "SLOWER_57",
      "execute": "SLOWER",
      "after": "1000",
      "priority": 0,
      "additionalGuards": null,
      "activationKind": null,
      "fixedVariables": {
        "Crash": "FALSE",
        "VehiclesAy": "{(EgoVehicle↦0.0),(Vehicles2↦0.0),(Vehicles3↦0.0),(Vehicles4↦0.0),(Vehicles5↦-3.730349362740526E-13)}",
        "Reward": "0.7333333333333334",
        "VehiclesAx": "{(EgoVehicle↦0.0),(Vehicles2↦0.0025960803031921387),(Vehicles3↦0.07230706512928009),(Vehicles4↦-0.002557709813117981),(Vehicles5↦0.02521514892578125)}",
        "VehiclesVx": "{(EgoVehicle↦20.0),(Vehicles2↦0.43480586260557175),(Vehicles3↦-0.6134381890296936),(Vehicles4↦0.9045936912298203),(Vehicles5↦0.6649550050497055)}",
        "VehiclesY": "{(EgoVehicle↦8.000000238418579),(Vehicles2↦2.6645352591003757E-15),(Vehicles3↦-8.000000238418579),(Vehicles4↦-4.0000001192092896),(Vehicles5↦-8.000000238418579)}",
        "VehiclesVy": "{(EgoVehicle↦0.0),(Vehicles2↦0.0),(Vehicles3↦0.0),(Vehicles4↦0.0),(Vehicles5↦-1.7763568394002505E-14)}",
        "VehiclesX": "{(EgoVehicle↦200.0),(Vehicles2↦37.33032941818237),(Vehicles3↦38.24093043804169),(Vehicles4↦41.30427539348602),(Vehicles5↦106.78763389587402)}"
      },
      "probabilisticVariables": null,
      "activating": [
        "SLOWER_58"
      ],
      "activatingOnlyWhenExecuted": true,
      "updating": null,
      "withPredicate": null
    },
    {
      "id": "SLOWER_58",
      "execute": "SLOWER",
      "after": "1000",
      "priority": 0,
      "additionalGuards": null,
      "activationKind": null,
      "fixedVariables": {
        "Crash": "FALSE",
        "VehiclesAy": "{(EgoVehicle↦0.0),(Vehicles2↦0.0),(Vehicles3↦0.0),(Vehicles4↦0.0),(Vehicles5↦-1.7763568394002505E-14)}",
        "Reward": "0.7333333333333334",
        "VehiclesAx": "{(EgoVehicle↦0.0),(Vehicles2↦-0.9811653196811676),(Vehicles3↦1.050899513065815),(Vehicles4↦-0.0031028687953948975),(Vehicles5↦0.023591145873069763)}",
        "VehiclesVx": "{(EgoVehicle↦20.0),(Vehicles2↦-0.5463594570755959),(Vehicles3↦0.43746132403612137),(Vehicles4↦0.9014908224344254),(Vehicles5↦0.6885461509227753)}",
        "VehiclesY": "{(EgoVehicle↦8.000000238418579),(Vehicles2↦-8.000000238418579),(Vehicles3↦2.6645352591003757E-15),(Vehicles4↦-4.0000001192092896),(Vehicles5↦-8.000000238418579)}",
        "VehiclesVy": "{(EgoVehicle↦0.0),(Vehicles2↦0.0),(Vehicles3↦0.0),(Vehicles4↦0.0),(Vehicles5↦0.0)}",
        "VehiclesX": "{(EgoVehicle↦200.0),(Vehicles2↦37.654730677604675),(Vehicles3↦37.766191363334656),(Vehicles4↦42.2076553106308),(Vehicles5↦107.46214389801025)}"
      },
      "probabilisticVariables": null,
      "activating": [
        "SLOWER_59"
      ],
      "activatingOnlyWhenExecuted": true,
      "updating": null,
      "withPredicate": null
    },
    {
      "id": "SLOWER_59",
      "execute": "SLOWER",
      "after": "1000",
      "priority": 0,
      "additionalGuards": null,
      "activationKind": null,
      "fixedVariables": {
        "Crash": "FALSE",
        "VehiclesAy": "{(EgoVehicle↦0.0),(Vehicles2↦0.0),(Vehicles3↦0.0),(Vehicles4↦0.0),(Vehicles5↦0.0)}",
        "Reward": "0.7333333333333334",
        "VehiclesAx": "{(EgoVehicle↦0.0),(Vehicles2↦0.06218370050191879),(Vehicles3↦0.002714507281780243),(Vehicles4↦-0.003361031413078308),(Vehicles5↦0.022147446870803833)}",
        "VehiclesVx": "{(EgoVehicle↦20.0),(Vehicles2↦-0.48417575657367706),(Vehicles3↦0.4401758313179016),(Vehicles4↦0.898129791021347),(Vehicles5↦0.7106935977935791)}",
        "VehiclesY": "{(EgoVehicle↦8.000000238418579),(Vehicles2↦-8.000000238418579),(Vehicles3↦2.6645352591003757E-15),(Vehicles4↦-4.0000001192092896),(Vehicles5↦-8.000000238418579)}",
        "VehiclesVy": "{(EgoVehicle↦0.0),(Vehicles2↦0.0),(Vehicles3↦0.0),(Vehicles4↦0.0),(Vehicles5↦0.0)}",
        "VehiclesX": "{(EgoVehicle↦200.0),(Vehicles2↦37.13361918926239),(Vehicles3↦38.20473253726959),(Vehicles4↦43.1078165769577),(Vehicles5↦108.15966129302979)}"
      },
      "probabilisticVariables": null,
      "activating": [
        "SLOWER_60"
      ],
      "activatingOnlyWhenExecuted": true,
      "updating": null,
      "withPredicate": null
    },
    {
      "id": "SLOWER_60",
      "execute": "SLOWER",
      "after": "1000",
      "priority": 0,
      "additionalGuards": null,
      "activationKind": null,
      "fixedVariables": {
        "Crash": "FALSE",
        "VehiclesAy": "{(EgoVehicle↦0.0),(Vehicles2↦0.0),(Vehicles3↦0.0),(Vehicles4↦0.0),(Vehicles5↦0.0)}",
        "Reward": "0.7333333333333334",
        "VehiclesAx": "{(EgoVehicle↦0.0),(Vehicles2↦0.05770079791545868),(Vehicles3↦0.0027729198336601257),(Vehicles4↦-0.003462061285972595),(Vehicles5↦0.02084791660308838)}",
        "VehiclesVx": "{(EgoVehicle↦20.0),(Vehicles2↦-0.4264749586582184),(Vehicles3↦0.44294875115156174),(Vehicles4↦0.8946677297353745),(Vehicles5↦0.7315415143966675)}",
        "VehiclesY": "{(EgoVehicle↦8.000000238418579),(Vehicles2↦-8.000000238418579),(Vehicles3↦2.6645352591003757E-15),(Vehicles4↦-4.0000001192092896),(Vehicles5↦-8.000000238418579)}",
        "VehiclesVy": "{(EgoVehicle↦0.0),(Vehicles2↦0.0),(Vehicles3↦0.0),(Vehicles4↦0.0),(Vehicles5↦0.0)}",
        "VehiclesX": "{(EgoVehicle↦200.0),(Vehicles2↦36.672866344451904),(Vehicles3↦38.6460155248642),(Vehicles4↦44.004565477371216),(Vehicles5↦108.87879133224487)}"
      },
      "probabilisticVariables": null,
      "activating": [
        "SLOWER_61"
      ],
      "activatingOnlyWhenExecuted": true,
      "updating": null,
      "withPredicate": null
    },
    {
      "id": "SLOWER_61",
      "execute": "SLOWER",
      "after": "1000",
      "priority": 0,
      "additionalGuards": null,
      "activationKind": null,
      "fixedVariables": {
        "Crash": "FALSE",
        "VehiclesAy": "{(EgoVehicle↦0.0),(Vehicles2↦0.0),(Vehicles3↦0.0),(Vehicles4↦0.0),(Vehicles5↦0.0)}",
        "Reward": "0.7333333333333334",
        "VehiclesAx": "{(EgoVehicle↦0.0),(Vehicles2↦0.05364108830690384),(Vehicles3↦0.0028304383158683777),(Vehicles4↦-0.0034768134355545044),(Vehicles5↦0.01966804265975952)}",
        "VehiclesVx": "{(EgoVehicle↦20.0),(Vehicles2↦-0.37283387035131454),(Vehicles3↦0.4457791894674301),(Vehicles4↦0.89119091629982),(Vehicles5↦0.751209557056427)}",
        "VehiclesY": "{(EgoVehicle↦8.000000238418579),(Vehicles2↦-8.000000238418579),(Vehicles3↦2.6645352591003757E-15),(Vehicles4↦-4.0000001192092896),(Vehicles5↦-8.000000238418579)}",
        "VehiclesVy": "{(EgoVehicle↦0.0),(Vehicles2↦0.0),(Vehicles3↦0.0),(Vehicles4↦0.0),(Vehicles5↦0.0)}",
        "VehiclesX": "{(EgoVehicle↦200.0),(Vehicles2↦36.26815676689148),(Vehicles3↦39.09009099006653),(Vehicles4↦44.89784240722656),(Vehicles5↦109.61829423904419)}"
      },
      "probabilisticVariables": null,
      "activating": null,
      "activatingOnlyWhenExecuted": true,
      "updating": null,
      "withPredicate": null
    }
  ],
  "listeners": [],
  "metadata": {
    "fileType": "Timed_Trace",
    "formatVersion": 3,
    "savedAt": "2023-08-21T13:23:30.201350Z",
    "creator": "Simulation: HYPOTHESIS_TEST; SIGNIFICANCE : 0.05, PROBABILITY : 0.95, MAX_STEPS_BEFORE_PROPERTY : 0, EXECUTIONS : 1000, PREDICATE : Crash = FALSE, ENDING_TIME : 60000, HYPOTHESIS_CHECKING_TYPE : LEFT_TAILED, CHECKING_TYPE : PREDICATE_INVARIANT",
    "proB2KernelVersion": "4.12.2",
    "proBCliVersion": "1.12.2-final",
    "modelName": "HighwayEnvironment2"
  }
}