{
  "variables": {},
  "activations": [
    {
      "id": "$setup_constants",
      "execute": "$setup_constants",
      "after": "0",
      "priority": 0,
      "additionalGuards": null,
      "activationKind": null,
      "fixedVariables": null,
      "probabilisticVariables": null,
      "activating": null,
      "activatingOnlyWhenExecuted": true,
      "updating": null,
      "withPredicate": null
    },
    {
      "id": "$initialise_machine",
      "execute": "$initialise_machine",
      "after": "0",
      "priority": 0,
      "additionalGuards": null,
      "activationKind": null,
      "fixedVariables": {
        "Crash": "FALSE",
        "VehiclesAy": "{(EgoVehicle↦0.0),(Vehicles2↦0.0),(Vehicles3↦0.0),(Vehicles4↦0.0),(Vehicles5↦0.0)}",
        "Reward": "0.0",
        "VehiclesAx": "{(EgoVehicle↦0.0),(Vehicles2↦0.0),(Vehicles3↦0.0),(Vehicles4↦0.0),(Vehicles5↦0.0)}",
        "VehiclesVx": "{(EgoVehicle↦25.0),(Vehicles2↦-1.2016765028238297),(Vehicles3↦-2.577512562274933),(Vehicles4↦-2.2989609837532043),(Vehicles5↦-1.5226173400878906)}",
        "VehiclesY": "{(EgoVehicle↦8.000000238418579),(Vehicles2↦0.0),(Vehicles3↦0.0),(Vehicles4↦0.0),(Vehicles5↦-4.0000001192092896)}",
        "VehiclesVy": "{(EgoVehicle↦0.0),(Vehicles2↦0.0),(Vehicles3↦0.0),(Vehicles4↦0.0),(Vehicles5↦0.0)}",
        "VehiclesX": "{(EgoVehicle↦155.02305030822754),(Vehicles2↦25.337478518486023),(Vehicles3↦47.005268931388855),(Vehicles4↦72.05287218093872),(Vehicles5↦96.66881561279297)}"
      },
      "probabilisticVariables": null,
      "activating": [
        "LANE_LEFT_2"
      ],
      "activatingOnlyWhenExecuted": true,
      "updating": null,
      "withPredicate": null
    },
    {
      "id": "LANE_LEFT_2",
      "execute": "LANE_LEFT",
      "after": "1000",
      "priority": 0,
      "additionalGuards": null,
      "activationKind": null,
      "fixedVariables": {
        "Crash": "FALSE",
        "VehiclesAy": "{(EgoVehicle↦-1.0796338319778442),(Vehicles2↦1.0796338319778442),(Vehicles3↦-1.0265575349330902),(Vehicles4↦1.0796338319778442),(Vehicles5↦-5.202569365501404)}",
        "Reward": "0.8327113850086175",
        "VehiclesAx": "{(EgoVehicle↦-0.023322105407714844),(Vehicles2↦-5.976677164435387),(Vehicles3↦-4.11894291639328),(Vehicles4↦-0.5484312772750854),(Vehicles5↦-7.013156414031982)}",
        "VehiclesVx": "{(EgoVehicle↦24.976677894592285),(Vehicles2↦-7.178353667259216),(Vehicles3↦-6.696455478668213),(Vehicles4↦-2.84739226102829),(Vehicles5↦-8.535773754119873)}",
        "VehiclesY": "{(EgoVehicle↦4.34003484249115),(Vehicles2↦3.6599650382995605),(Vehicles3↦0.42342589795589447),(Vehicles4↦3.6599650382995605),(Vehicles5↦-1.2525045275688171)}",
        "VehiclesVy": "{(EgoVehicle↦-1.0796338319778442),(Vehicles2↦1.0796338319778442),(Vehicles3↦-1.0265575349330902),(Vehicles4↦1.0796338319778442),(Vehicles5↦-5.202569365501404)}",
        "VehiclesX": "{(EgoVehicle↦179.70330715179443),(Vehicles2↦22.055552899837494),(Vehicles3↦42.176300287246704),(Vehicles4↦69.82409954071045),(Vehicles5↦92.95278787612915)}"
      },
      "probabilisticVariables": null,
      "activating": [
        "LANE_LEFT_3"
      ],
      "activatingOnlyWhenExecuted": true,
      "updating": null,
      "withPredicate": null
    },
    {
      "id": "LANE_LEFT_3",
      "execute": "LANE_LEFT",
      "after": "1000",
      "priority": 0,
      "additionalGuards": null,
      "activationKind": null,
      "fixedVariables": {
        "Crash": "FALSE",
        "VehiclesAy": "{(EgoVehicle↦-0.037668049335479736),(Vehicles2↦0.037668049335479736),(Vehicles3↦1.9840699434280396),(Vehicles4↦0.037668049335479736),(Vehicles5↦-3.593458831310272)}",
        "Reward": "0.7993338733072283",
        "VehiclesAx": "{(EgoVehicle↦-0.0016570091247558594),(Vehicles2↦0.9287989139556885),(Vehicles3↦-0.2660083770751953),(Vehicles4↦-0.36031633615493774),(Vehicles5↦-0.09316623210906982)}",
        "VehiclesVx": "{(EgoVehicle↦24.97502088546753),(Vehicles2↦-6.249554753303528),(Vehicles3↦-6.962463855743408),(Vehicles4↦-3.2077085971832275),(Vehicles5↦-8.628939986228943)}",
        "VehiclesY": "{(EgoVehicle↦0.35136057436466217),(Vehicles2↦7.648639440536499),(Vehicles3↦3.7062267065048218),(Vehicles4↦7.648639440536499),(Vehicles5↦3.4696483612060547)}",
        "VehiclesVy": "{(EgoVehicle↦-1.117301881313324),(Vehicles2↦1.117301881313324),(Vehicles3↦0.9575124084949493),(Vehicles4↦1.117301881313324),(Vehicles5↦1.6091105341911316)}",
        "VehiclesX": "{(EgoVehicle↦200.0),(Vehicles2↦15.63161164522171),(Vehicles3↦35.80431342124939),(Vehicles4↦67.17466115951538),(Vehicles5↦84.6794068813324)}"
      },
      "probabilisticVariables": null,
      "activating": [
        "FASTER_4"
      ],
      "activatingOnlyWhenExecuted": true,
      "updating": null,
      "withPredicate": null
    },
    {
      "id": "FASTER_4",
      "execute": "FASTER",
      "after": "1000",
      "priority": 0,
      "additionalGuards": null,
      "activationKind": null,
      "fixedVariables": {
        "Crash": "FALSE",
        "VehiclesAy": "{(EgoVehicle↦1.0893604787997901),(Vehicles2↦-1.0893604787997901),(Vehicles3↦-0.9419625077862293),(Vehicles4↦-1.0893604787997901),(Vehicles5↦1.678740233182907)}",
        "Reward": "0.9157746795194165",
        "VehiclesAx": "{(EgoVehicle↦4.3665289878845215),(Vehicles2↦-3.7397468090057373),(Vehicles3↦-4.466526508331299),(Vehicles4↦-4.600038528442383),(Vehicles5↦-2.68293559551239)}",
        "VehiclesVx": "{(EgoVehicle↦29.34154987335205),(Vehicles2↦-9.989301562309265),(Vehicles3↦-11.428990364074707),(Vehicles4↦-7.80774712562561),(Vehicles5↦-11.311875581741333)}",
        "VehiclesY": "{(EgoVehicle↦0.006695416057482362),(Vehicles2↦7.99330472946167),(Vehicles3↦3.9977595806121826),(Vehicles4↦7.99330472946167),(Vehicles5↦3.978570342063904)}",
        "VehiclesVy": "{(EgoVehicle↦-0.02794140251353383),(Vehicles2↦0.02794140251353383),(Vehicles3↦0.015549900708720088),(Vehicles4↦0.02794140251353383),(Vehicles5↦0.06962969899177551)}",
        "VehiclesX": "{(EgoVehicle↦200.0),(Vehicles2↦7.237023115158081),(Vehicles3↦26.35324001312256),(Vehicles4↦61.44963502883911),(Vehicles5↦74.35297966003418)}"
      },
      "probabilisticVariables": null,
      "activating": [
        "SLOWER_5"
      ],
      "activatingOnlyWhenExecuted": true,
      "updating": null,
      "withPredicate": null
    },
    {
      "id": "SLOWER_5",
      "execute": "SLOWER",
      "after": "1000",
      "priority": 0,
      "additionalGuards": null,
      "activationKind": null,
      "fixedVariables": {
        "Crash": "FALSE",
        "VehiclesAy": "{(EgoVehicle↦0.027668506572808838),(Vehicles2↦-0.027668506572808838),(Vehicles3↦-0.01623333228053525),(Vehicles4↦-0.027668506572808838),(Vehicles5↦0.07292520720511675)}",
        "Reward": "0.8152460950121724",
        "VehiclesAx": "{(EgoVehicle↦-3.769822120666504),(Vehicles2↦4.184739589691162),(Vehicles3↦3.9587706327438354),(Vehicles4↦3.6139336228370667),(Vehicles5↦4.9365973472595215)}",
        "VehiclesVx": "{(EgoVehicle↦25.571727752685547),(Vehicles2↦-5.804561972618103),(Vehicles3↦-7.470219731330872),(Vehicles4↦-4.193813502788544),(Vehicles5↦-6.3752782344818115)}",
        "VehiclesY": "{(EgoVehicle↦7.165260103647597E-05),(Vehicles2↦7.999927997589111),(Vehicles3↦4.000270128250122),(Vehicles4↦7.999927997589111),(Vehicles5↦3.9988800287246704)}",
        "VehiclesVy": "{(EgoVehicle↦-0.0002728959407249931),(Vehicles2↦0.0002728959407249931),(Vehicles3↦-0.0006834315718151629),(Vehicles4↦0.0002728959407249931),(Vehicles5↦0.003295508213341236)}",
        "VehiclesX": "{(EgoVehicle↦200.0),(Vehicles2↦-0.4928539041429758),(Vehicles3↦17.064744234085083),(Vehicles4↦55.65442442893982),(Vehicles5↦65.62610864639282)}"
      },
      "probabilisticVariables": null,
      "activating": [
        "IDLE_6"
      ],
      "activatingOnlyWhenExecuted": true,
      "updating": null,
      "withPredicate": null
    },
    {
      "id": "IDLE_6",
      "execute": "IDLE",
      "after": "1000",
      "priority": 0,
      "additionalGuards": null,
      "activationKind": null,
      "fixedVariables": {
        "Crash": "FALSE",
        "VehiclesAy": "{(EgoVehicle↦0.00026733168112968997),(Vehicles2↦-0.00026733168112968997),(Vehicles3↦0.0006170989809106686),(Vehicles4↦-0.00026733168112968997),(Vehicles5↦0.0034985395177500322)}",
        "Reward": "0.8020077162206917",
        "VehiclesAx": "{(EgoVehicle↦-0.49643754959106445),(Vehicles2↦0.7702064514160156),(Vehicles3↦0.7978290319442749),(Vehicles4↦0.38761258125305176),(Vehicles5↦1.2330102920532227)}",
        "VehiclesVx": "{(EgoVehicle↦25.075290203094482),(Vehicles2↦-5.034355521202087),(Vehicles3↦-6.672390699386597),(Vehicles4↦-3.806200921535492),(Vehicles5↦-5.142267942428589)}",
        "VehiclesY": "{(EgoVehicle↦1.624715594061854E-06),(Vehicles2↦7.999998092651367),(Vehicles3↦4.000023722648621),(Vehicles4↦7.999998092651367),(Vehicles5↦3.999930739402771)}",
        "VehiclesVy": "{(EgoVehicle↦-5.564259595303156E-06),(Vehicles2↦5.564259595303156E-06),(Vehicles3↦-6.633259090449428E-05),(Vehicles4↦5.564259595303156E-06),(Vehicles5↦0.00020303130440879613)}",
        "VehiclesX": "{(EgoVehicle↦200.0),(Vehicles2↦-5.905040353536606),(Vehicles3↦9.984898567199707),(Vehicles4↦51.68805122375488),(Vehicles5↦59.8491370677948)}"
      },
      "probabilisticVariables": null,
      "activating": [
        "IDLE_7"
      ],
      "activatingOnlyWhenExecuted": true,
      "updating": null,
      "withPredicate": null
    },
    {
      "id": "IDLE_7",
      "execute": "IDLE",
      "after": "1000",
      "priority": 0,
      "additionalGuards": null,
      "activationKind": null,
      "fixedVariables": {
        "Crash": "FALSE",
        "VehiclesAy": "{(EgoVehicle↦5.402936817944237E-06),(Vehicles2↦-1.0632983844516275E-05),(Vehicles3↦6.64939136818532E-05),(Vehicles4↦6.690732448078052E-06),(Vehicles5↦0.00019461557030808763)}",
        "Reward": "0.8002643906134267",
        "VehiclesAx": "{(EgoVehicle↦-0.06537437438964844),(Vehicles2↦-1.2589651346206665),(Vehicles3↦2.8514060378074646),(Vehicles4↦-0.8458265662193298),(Vehicles5↦1.1601877212524414)}",
        "VehiclesVx": "{(EgoVehicle↦25.009915828704834),(Vehicles2↦-6.293320655822754),(Vehicles3↦-3.820984661579132),(Vehicles4↦-4.652027487754822),(Vehicles5↦-3.9820802211761475)}",
        "VehiclesY": "{(EgoVehicle↦4.821200505489287E-08),(Vehicles2↦4.000001907348633),(Vehicles3↦8.000000238418579),(Vehicles4↦3.9999958276748657),(Vehicles5↦2.835223426700395E-06)}",
        "VehiclesVy": "{(EgoVehicle↦-1.6132277735891876E-07),(Vehicles2↦-5.068724249213119E-06),(Vehicles3↦1.6132277735891876E-07),(Vehicles4↦1.2254992043381208E-05),(Vehicles5↦-8.415734100708505E-06)}",
        "VehiclesX": "{(EgoVehicle↦200.0),(Vehicles2↦3.475569933652878),(Vehicles3↦47.88408279418945),(Vehicles4↦54.933083057403564),(Vehicles5↦87.2392475605011)}"
      },
      "probabilisticVariables": null,
      "activating": [
        "IDLE_8"
      ],
      "activatingOnlyWhenExecuted": true,
      "updating": null,
      "withPredicate": null
    },
    {
      "id": "IDLE_8",
      "execute": "IDLE",
      "after": "1000",
      "priority": 0,
      "additionalGuards": null,
      "activationKind": null,
      "fixedVariables": {
        "Crash": "FALSE",
        "VehiclesAy": "{(EgoVehicle↦1.5633334626841133E-07),(Vehicles2↦4.70517797168668E-06),(Vehicles3↦-1.5633334626841133E-07),(Vehicles4↦-1.1535827226794027E-05),(Vehicles5↦-8.884745454906806E-06)}",
        "Reward": "0.8000348168709038",
        "VehiclesAx": "{(EgoVehicle↦-0.008609294891357422),(Vehicles2↦0.2874588966369629),(Vehicles3↦-0.05401611328125),(Vehicles4↦0.23071587085723877),(Vehicles5↦0.060630738735198975)}",
        "VehiclesVx": "{(EgoVehicle↦25.001306533813477),(Vehicles2↦-6.005861759185791),(Vehicles3↦-3.875000774860382),(Vehicles4↦-4.421311616897583),(Vehicles5↦-3.9214494824409485)}",
        "VehiclesY": "{(EgoVehicle↦1.4960699346033834E-09),(Vehicles2↦4.0000001192092896),(Vehicles3↦8.000000238418579),(Vehicles4↦3.999999761581421),(Vehicles5↦1.5774831041426296E-07)}",
        "VehiclesVy": "{(EgoVehicle↦-4.9894310905074235E-09),(Vehicles2↦-3.6354627752643864E-07),(Vehicles3↦4.9894310905074235E-09),(Vehicles4↦7.191648165871811E-07),(Vehicles5↦-4.69011354198301E-07)}",
        "VehiclesX": "{(EgoVehicle↦200.0),(Vehicles2↦-2.6977399364113808),(Vehicles3↦44.04171407222748),(Vehicles4↦50.38721561431885),(Vehicles5↦83.2870364189148)}"
      },
      "probabilisticVariables": null,
      "activating": [
        "IDLE_9"
      ],
      "activatingOnlyWhenExecuted": true,
      "updating": null,
      "withPredicate": null
    },
    {
      "id": "IDLE_9",
      "execute": "IDLE",
      "after": "1000",
      "priority": 0,
      "additionalGuards": null,
      "activationKind": null,
      "fixedVariables": {
        "Crash": "FALSE",
        "VehiclesAy": "{(EgoVehicle↦4.8337245317497946E-09),(Vehicles2↦3.384339475331899E-07),(Vehicles3↦-4.8337156499655975E-09),(Vehicles4↦-6.775961303162603E-07),(Vehicles5↦-4.949548060295683E-07)}",
        "Reward": "0.8000045849377321",
        "VehiclesAx": "{(EgoVehicle↦-0.0011348724365234375),(Vehicles2↦0.23025274276733398),(Vehicles3↦-0.05071759223937988),(Vehicles4↦0.1003381609916687),(Vehicles5↦0.01202702522277832)}",
        "VehiclesVx": "{(EgoVehicle↦25.000171661376953),(Vehicles2↦-5.775609016418457),(Vehicles3↦-3.925718367099762),(Vehicles4↦-4.320973455905914),(Vehicles5↦-3.90942245721817)}",
        "VehiclesY": "{(EgoVehicle↦4.6709303092029586E-11),(Vehicles2↦4.0000001192092896),(Vehicles3↦8.000000238418579),(Vehicles4↦4.0000001192092896),(Vehicles5↦8.721959154911474E-09)}",
        "VehiclesVy": "{(EgoVehicle↦-1.5570655875762895E-10),(Vehicles2↦-2.511232999324875E-08),(Vehicles3↦1.5571544054182596E-10),(Vehicles4↦4.156868627092081E-08),(Vehicles5↦-2.594345183126734E-08)}",
        "VehiclesX": "{(EgoVehicle↦200.0),(Vehicles2↦-8.607257157564163),(Vehicles3↦40.14593064785004),(Vehicles4↦46.013614535331726),(Vehicles5↦79.37297821044922)}"
      },
      "probabilisticVariables": null,
      "activating": [
        "IDLE_10"
      ],
      "activatingOnlyWhenExecuted": true,
      "updating": null,
      "withPredicate": null
    },
    {
      "id": "IDLE_10",
      "execute": "IDLE",
      "after": "1000",
      "priority": 0,
      "additionalGuards": null,
      "activationKind": null,
      "fixedVariables": {
        "Crash": "FALSE",
        "VehiclesAy": "{(EgoVehicle↦1.5084822280186927E-10),(Vehicles2↦2.5117197210988707E-08),(Vehicles3↦2.233235818493995E-09),(Vehicles4↦-4.300095390874503E-08),(Vehicles5↦-2.5938584613527382E-08)}",
        "Reward": "0.8000006037778085",
        "VehiclesAx": "{(EgoVehicle↦-0.00015020370483398438),(Vehicles2↦1.8048608303070068),(Vehicles3↦-0.36716610193252563),(Vehicles4↦0.3998115658760071),(Vehicles5↦-0.9080523252487183)}",
        "VehiclesVx": "{(EgoVehicle↦25.00002145767212),(Vehicles2↦-3.97074818611145),(Vehicles3↦-4.292884469032288),(Vehicles4↦-3.9211618900299072),(Vehicles5↦-4.817474782466888)}",
        "VehiclesY": "{(EgoVehicle↦1.4601653219870059E-12),(Vehicles2↦8.000000238418579),(Vehicles3↦4.0000001192092896),(Vehicles4↦4.815960963355792E-10),(Vehicles5↦4.0000001192092896)}",
        "VehiclesVy": "{(EgoVehicle↦-4.858335955759685E-12),(Vehicles2↦4.867217739956686E-12),(Vehicles3↦2.388951259035821E-09),(Vehicles4↦-1.432267637824225E-09),(Vehicles5↦4.867217739956686E-12)}",
        "VehiclesX": "{(EgoVehicle↦200.0),(Vehicles2↦36.20180785655975),(Vehicles3↦41.70811474323273),(Vehicles4↦75.46019554138184),(Vehicles5↦107.84589052200317)}"
      },
      "probabilisticVariables": null,
      "activating": [
        "FASTER_11"
      ],
      "activatingOnlyWhenExecuted": true,
      "updating": null,
      "withPredicate": null
    },
    {
      "id": "FASTER_11",
      "execute": "FASTER",
      "after": "1000",
      "priority": 0,
      "additionalGuards": null,
      "activationKind": null,
      "fixedVariables": {
        "Crash": "FALSE",
        "VehiclesAy": "{(EgoVehicle↦4.760636329592671E-12),(Vehicles2↦-4.760636329592671E-12),(Vehicles3↦-2.2517099296237575E-09),(Vehicles4↦1.3530687681395648E-09),(Vehicles5↦4.973799150320701E-12)}",
        "Reward": "0.9157751138033876",
        "VehiclesAx": "{(EgoVehicle↦4.341545104980469),(Vehicles2↦-4.382525682449341),(Vehicles3↦-4.35371994972229),(Vehicles4↦-4.365746378898621),(Vehicles5↦-4.429678022861481)}",
        "VehiclesVx": "{(EgoVehicle↦29.341566562652588),(Vehicles2↦-8.353273868560791),(Vehicles3↦-8.646604418754578),(Vehicles4↦-8.286908268928528),(Vehicles5↦-9.24715280532837)}",
        "VehiclesY": "{(EgoVehicle↦2.398081733190338E-14),(Vehicles2↦8.000000238418579),(Vehicles3↦4.0000001192092896),(Vehicles4↦2.6648017126262857E-11),(Vehicles5↦4.0000001192092896)}",
        "VehiclesVy": "{(EgoVehicle↦-9.769962616701378E-14),(Vehicles2↦1.0658141036401503E-13),(Vehicles3↦1.3724132941206335E-10),(Vehicles4↦-7.919886968466017E-11),(Vehicles5↦1.0658141036401503E-13)}",
        "VehiclesX": "{(EgoVehicle↦200.0),(Vehicles2↦29.819348454475403),(Vehicles3↦35.017648339271545),(Vehicles4↦69.13500428199768),(Vehicles5↦100.59666633605957)}"
      },
      "probabilisticVariables": null,
      "activating": [
        "IDLE_12"
      ],
      "activatingOnlyWhenExecuted": true,
      "updating": null,
      "withPredicate": null
    },
    {
      "id": "IDLE_12",
      "execute": "IDLE",
      "after": "1000",
      "priority": 0,
      "additionalGuards": null,
      "activationKind": null,
      "fixedVariables": {
        "Crash": "FALSE",
        "VehiclesAy": "{(EgoVehicle↦9.769962616701378E-14),(Vehicles2↦-1.0658141036401503E-13),(Vehicles3↦-1.2933654147673224E-10),(Vehicles4↦7.481126829134155E-11),(Vehicles5↦1.0658141036401503E-13)}",
        "Reward": "0.9310211398149866",
        "VehiclesAx": "{(EgoVehicle↦0.5717253684997559),(Vehicles2↦-0.6099915504455566),(Vehicles3↦-0.605890154838562),(Vehicles4↦-0.6022977828979492),(Vehicles5↦-0.6437307596206665)}",
        "VehiclesVx": "{(EgoVehicle↦29.913291931152344),(Vehicles2↦-8.963265419006348),(Vehicles3↦-9.25249457359314),(Vehicles4↦-8.889206051826477),(Vehicles5↦-9.890883564949036)}",
        "VehiclesY": "{(EgoVehicle↦0.0),(Vehicles2↦8.000000238418579),(Vehicles3↦4.0000001192092896),(Vehicles4↦1.4761525335416081E-12),(Vehicles5↦4.0000001192092896)}",
        "VehiclesVy": "{(EgoVehicle↦0.0),(Vehicles2↦0.0),(Vehicles3↦7.904787935331115E-12),(Vehicles4↦-4.387601393318619E-12),(Vehicles5↦0.0)}",
        "VehiclesX": "{(EgoVehicle↦200.0),(Vehicles2↦21.135196089744568),(Vehicles3↦26.04323923587799),(Vehicles4↦60.5208158493042),(Vehicles5↦91.00416302680969)}"
      },
      "probabilisticVariables": null,
      "activating": [
        "SLOWER_13"
      ],
      "activatingOnlyWhenExecuted": true,
      "updating": null,
      "withPredicate": null
    },
    {
      "id": "SLOWER_13",
      "execute": "SLOWER",
      "after": "1000",
      "priority": 0,
      "additionalGuards": null,
      "activationKind": null,
      "fixedVariables": {
        "Crash": "FALSE",
        "VehiclesAy": "{(EgoVehicle↦0.0),(Vehicles2↦0.0),(Vehicles3↦-7.44293515708705E-12),(Vehicles4↦4.147793219999585E-12),(Vehicles5↦0.0)}",
        "Reward": "0.8172538126505332",
        "VehiclesAx": "{(EgoVehicle↦-4.2662739753723145),(Vehicles2↦4.2298537492752075),(Vehicles3↦4.220526218414307),(Vehicles4↦4.232713282108307),(Vehicles5↦4.2074596881866455)}",
        "VehiclesVx": "{(EgoVehicle↦25.64701795578003),(Vehicles2↦-4.73341166973114),(Vehicles3↦-5.031968355178833),(Vehicles4↦-4.65649276971817),(Vehicles5↦-5.68342387676239)}",
        "VehiclesY": "{(EgoVehicle↦2.6645352591003757E-15),(Vehicles2↦8.000000238418579),(Vehicles3↦4.0000001192092896),(Vehicles4↦7.993605777301127E-14),(Vehicles5↦4.0000001192092896)}",
        "VehiclesVy": "{(EgoVehicle↦0.0),(Vehicles2↦0.0),(Vehicles3↦4.618527782440651E-13),(Vehicles4↦-2.398081733190338E-13),(Vehicles5↦0.0)}",
        "VehiclesX": "{(EgoVehicle↦200.0),(Vehicles2↦14.510767161846161),(Vehicles3↦19.126611948013306),(Vehicles4↦53.97185683250427),(Vehicles5↦83.44231843948364)}"
      },
      "probabilisticVariables": null,
      "activating": [
        "IDLE_14"
      ],
      "activatingOnlyWhenExecuted": true,
      "updating": null,
      "withPredicate": null
    },
    {
      "id": "IDLE_14",
      "execute": "IDLE",
      "after": "1000",
      "priority": 0,
      "additionalGuards": null,
      "activationKind": null,
      "fixedVariables": {
        "Crash": "FALSE",
        "VehiclesAy": "{(EgoVehicle↦0.0),(Vehicles2↦0.0),(Vehicles3↦-4.263256414560601E-13),(Vehicles4↦2.220446049250313E-13),(Vehicles5↦0.0)}",
        "Reward": "0.8022721070157081",
        "VehiclesAx": "{(EgoVehicle↦-0.5618143081665039),(Vehicles2↦0.5267336964607239),(Vehicles3↦0.5104681849479675),(Vehicles4↦0.5271989107131958),(Vehicles5↦0.5141663551330566)}",
        "VehiclesVx": "{(EgoVehicle↦25.085203647613525),(Vehicles2↦-4.206677973270416),(Vehicles3↦-4.5215001702308655),(Vehicles4↦-4.129293859004974),(Vehicles5↦-5.1692575216293335)}",
        "VehiclesY": "{(EgoVehicle↦2.6645352591003757E-15),(Vehicles2↦8.000000238418579),(Vehicles3↦4.0000001192092896),(Vehicles4↦2.6645352591003757E-15),(Vehicles5↦4.0000001192092896)}",
        "VehiclesVy": "{(EgoVehicle↦0.0),(Vehicles2↦0.0),(Vehicles3↦3.552713678800501E-14),(Vehicles4↦-1.7763568394002505E-14),(Vehicles5↦0.0)}",
        "VehiclesX": "{(EgoVehicle↦200.0),(Vehicles2↦10.073159635066986),(Vehicles3↦14.38431590795517),(Vehicles4↦49.61147904396057),(Vehicles5↦78.04893851280212)}"
      },
      "probabilisticVariables": null,
      "activating": [
        "IDLE_15"
      ],
      "activatingOnlyWhenExecuted": true,
      "updating": null,
      "withPredicate": null
    },
    {
      "id": "IDLE_15",
      "execute": "IDLE",
      "after": "1000",
      "priority": 0,
      "additionalGuards": null,
      "activationKind": null,
      "fixedVariables": {
        "Crash": "FALSE",
        "VehiclesAy": "{(EgoVehicle↦0.0),(Vehicles2↦0.0),(Vehicles3↦-3.552713678800501E-14),(Vehicles4↦1.7763568394002505E-14),(Vehicles5↦0.0)}",
        "Reward": "0.8002992075082415",
        "VehiclesAx": "{(EgoVehicle↦-0.07398366928100586),(Vehicles2↦0.039964914321899414),(Vehicles3↦0.020550191402435303),(Vehicles4↦0.03943353891372681),(Vehicles5↦0.03603816032409668)}",
        "VehiclesVx": "{(EgoVehicle↦25.01121997833252),(Vehicles2↦-4.166713058948517),(Vehicles3↦-4.50094997882843),(Vehicles4↦-4.089860320091248),(Vehicles5↦-5.133219361305237)}",
        "VehiclesY": "{(EgoVehicle↦2.6645352591003757E-15),(Vehicles2↦8.000000238418579),(Vehicles3↦4.0000001192092896),(Vehicles4↦-1.3322676295501878E-15),(Vehicles5↦4.0000001192092896)}",
        "VehiclesVy": "{(EgoVehicle↦0.0),(Vehicles2↦0.0),(Vehicles3↦0.0),(Vehicles4↦0.0),(Vehicles5↦0.0)}",
        "VehiclesX": "{(EgoVehicle↦200.0),(Vehicles2↦5.893610045313835),(Vehicles3↦9.882323443889618),(Vehicles4↦45.50914168357849),(Vehicles5↦72.90458679199219)}"
      },
      "probabilisticVariables": null,
      "activating": [
        "SLOWER_16"
      ],
      "activatingOnlyWhenExecuted": true,
      "updating": null,
      "withPredicate": null
    },
    {
      "id": "SLOWER_16",
      "execute": "SLOWER",
      "after": "1000",
      "priority": 0,
      "additionalGuards": null,
      "activationKind": null,
      "fixedVariables": {
        "Crash": "FALSE",
        "VehiclesAy": "{(EgoVehicle↦0.0),(Vehicles2↦0.0),(Vehicles3↦0.0),(Vehicles4↦0.0),(Vehicles5↦0.0)}",
        "Reward": "0.684264367518232",
        "VehiclesAx": "{(EgoVehicle↦-4.351305961608887),(Vehicles2↦4.318204065784812),(Vehicles3↦4.297907147556543),(Vehicles4↦4.317474290728569),(Vehicles5↦4.321926683187485)}",
        "VehiclesVx": "{(EgoVehicle↦20.659914016723633),(Vehicles2↦0.15149100683629513),(Vehicles3↦-0.20304283127188683),(Vehicles4↦0.22761397063732147),(Vehicles5↦-0.8112926781177521)}",
        "VehiclesY": "{(EgoVehicle↦2.6645352591003757E-15),(Vehicles2↦8.000000238418579),(Vehicles3↦4.0000001192092896),(Vehicles4↦0.0),(Vehicles5↦4.0000001192092896)}",
        "VehiclesVy": "{(EgoVehicle↦0.0),(Vehicles2↦0.0),(Vehicles3↦0.0),(Vehicles4↦0.0),(Vehicles5↦0.0)}",
        "VehiclesX": "{(EgoVehicle↦200.0),(Vehicles2↦4.114022478461266),(Vehicles3↦7.760385423898697),(Vehicles4↦43.806108832359314),(Vehicles5↦70.15940546989441)}"
      },
      "probabilisticVariables": null,
      "activating": [
        "IDLE_17"
      ],
      "activatingOnlyWhenExecuted": true,
      "updating": null,
      "withPredicate": null
    },
    {
      "id": "IDLE_17",
      "execute": "IDLE",
      "after": "1000",
      "priority": 0,
      "additionalGuards": null,
      "activationKind": null,
      "fixedVariables": {
        "Crash": "FALSE",
        "VehiclesAy": "{(EgoVehicle↦0.0),(Vehicles2↦0.0),(Vehicles3↦0.0),(Vehicles4↦0.0),(Vehicles5↦0.0)}",
        "Reward": "0.6689840593713995",
        "VehiclesAx": "{(EgoVehicle↦-0.5730128288269043),(Vehicles2↦0.5407595727592707),(Vehicles3↦0.5209839902818203),(Vehicles4↦0.5402804166078568),(Vehicles5↦0.5512471497058868)}",
        "VehiclesVx": "{(EgoVehicle↦20.08690118789673),(Vehicles2↦0.6922505795955658),(Vehicles3↦0.31794115900993347),(Vehicles4↦0.7678943872451782),(Vehicles5↦-0.26004552841186523)}",
        "VehiclesY": "{(EgoVehicle↦2.6645352591003757E-15),(Vehicles2↦8.000000238418579),(Vehicles3↦4.0000001192092896),(Vehicles4↦0.0),(Vehicles5↦4.0000001192092896)}",
        "VehiclesVy": "{(EgoVehicle↦0.0),(Vehicles2↦0.0),(Vehicles3↦0.0),(Vehicles4↦0.0),(Vehicles5↦0.0)}",
        "VehiclesX": "{(EgoVehicle↦200.0),(Vehicles2↦4.568652808666229),(Vehicles3↦7.85248801112175),(Vehicles4↦44.33664083480835),(Vehicles5↦69.65494155883789)}"
      },
      "probabilisticVariables": null,
      "activating": [
        "IDLE_18"
      ],
      "activatingOnlyWhenExecuted": true,
      "updating": null,
      "withPredicate": null
    },
    {
      "id": "IDLE_18",
      "execute": "IDLE",
      "after": "1000",
      "priority": 0,
      "additionalGuards": null,
      "activationKind": null,
      "fixedVariables": {
        "Crash": "FALSE",
        "VehiclesAy": "{(EgoVehicle↦0.0),(Vehicles2↦0.0),(Vehicles3↦0.0),(Vehicles4↦0.0),(Vehicles5↦0.0)}",
        "Reward": "0.6669718377224338",
        "VehiclesAx": "{(EgoVehicle↦-0.07545709609985352),(Vehicles2↦0.04403814673423767),(Vehicles3↦0.025683380663394928),(Vehicles4↦0.0440535694360733),(Vehicles5↦0.06046682596206665)}",
        "VehiclesVx": "{(EgoVehicle↦20.011444091796875),(Vehicles2↦0.7362887263298035),(Vehicles3↦0.3436245396733284),(Vehicles4↦0.8119479566812515),(Vehicles5↦-0.19957870244979858)}",
        "VehiclesY": "{(EgoVehicle↦0.0),(Vehicles2↦8.000000238418579),(Vehicles3↦4.0000001192092896),(Vehicles4↦0.0),(Vehicles5↦4.0000001192092896)}",
        "VehiclesVy": "{(EgoVehicle↦0.0),(Vehicles2↦0.0),(Vehicles3↦0.0),(Vehicles4↦0.0),(Vehicles5↦0.0)}",
        "VehiclesX": "{(EgoVehicle↦200.0),(Vehicles2↦5.289896205067635),(Vehicles3↦8.191938698291779),(Vehicles4↦45.13348639011383),(Vehicles5↦69.43001747131348)}"
      },
      "probabilisticVariables": null,
      "activating": [
        "IDLE_19"
      ],
      "activatingOnlyWhenExecuted": true,
      "updating": null,
      "withPredicate": null
    },
    {
      "id": "IDLE_19",
      "execute": "IDLE",
      "after": "1000",
      "priority": 0,
      "additionalGuards": null,
      "activationKind": null,
      "fixedVariables": {
        "Crash": "FALSE",
        "VehiclesAy": "{(EgoVehicle↦0.0),(Vehicles2↦0.0),(Vehicles3↦0.0),(Vehicles4↦0.0),(Vehicles5↦0.0)}",
        "Reward": "0.6667068538015825",
        "VehiclesAx": "{(EgoVehicle↦-0.009937286376953125),(Vehicles2↦-0.020643174648284912),(Vehicles3↦-0.03698552027344704),(Vehicles4↦-0.020011886954307556),(Vehicles5↦0.000943448394536972)}",
        "VehiclesVx": "{(EgoVehicle↦20.001506805419922),(Vehicles2↦0.7156455516815186),(Vehicles3↦0.30663901939988136),(Vehicles4↦0.791936069726944),(Vehicles5↦-0.1986352540552616)}",
        "VehiclesY": "{(EgoVehicle↦2.6645352591003757E-15),(Vehicles2↦8.000000238418579),(Vehicles3↦4.0000001192092896),(Vehicles4↦0.0),(Vehicles5↦4.0000001192092896)}",
        "VehiclesVy": "{(EgoVehicle↦0.0),(Vehicles2↦0.0),(Vehicles3↦0.0),(Vehicles4↦0.0),(Vehicles5↦0.0)}",
        "VehiclesX": "{(EgoVehicle↦200.0),(Vehicles2↦6.019366532564163),(Vehicles3↦8.522029221057892),(Vehicles4↦45.93881666660309),(Vehicles5↦69.23187375068665)}"
      },
      "probabilisticVariables": null,
      "activating": [
        "IDLE_20"
      ],
      "activatingOnlyWhenExecuted": true,
      "updating": null,
      "withPredicate": null
    },
    {
      "id": "IDLE_20",
      "execute": "IDLE",
      "after": "1000",
      "priority": 0,
      "additionalGuards": null,
      "activationKind": null,
      "fixedVariables": {
        "Crash": "FALSE",
        "VehiclesAy": "{(EgoVehicle↦0.0),(Vehicles2↦0.0),(Vehicles3↦0.0),(Vehicles4↦0.0),(Vehicles5↦0.0)}",
        "Reward": "0.6666719587996597",
        "VehiclesAx": "{(EgoVehicle↦-0.0013089179992675781),(Vehicles2↦-0.028407499194145203),(Vehicles3↦-0.042347777634859085),(Vehicles4↦-0.02711378037929535),(Vehicles5↦-0.0024111196398735046)}",
        "VehiclesVx": "{(EgoVehicle↦20.000197887420654),(Vehicles2↦0.6872380524873734),(Vehicles3↦0.2642912417650223),(Vehicles4↦0.7648222893476486),(Vehicles5↦-0.20104637369513512)}",
        "VehiclesY": "{(EgoVehicle↦2.6645352591003757E-15),(Vehicles2↦8.000000238418579),(Vehicles3↦4.0000001192092896),(Vehicles4↦0.0),(Vehicles5↦4.0000001192092896)}",
        "VehiclesVy": "{(EgoVehicle↦0.0),(Vehicles2↦0.0),(Vehicles3↦0.0),(Vehicles4↦0.0),(Vehicles5↦0.0)}",
        "VehiclesX": "{(EgoVehicle↦200.0),(Vehicles2↦6.723777204751968),(Vehicles3↦8.811653405427933),(Vehicles4↦46.7199832201004),(Vehicles5↦69.03207302093506)}"
      },
      "probabilisticVariables": null,
      "activating": [
        "IDLE_21"
      ],
      "activatingOnlyWhenExecuted": true,
      "updating": null,
      "withPredicate": null
    },
    {
      "id": "IDLE_21",
      "execute": "IDLE",
      "after": "1000",
      "priority": 0,
      "additionalGuards": null,
      "activationKind": null,
      "fixedVariables": {
        "Crash": "FALSE",
        "VehiclesAy": "{(EgoVehicle↦-1.7763568394002505E-14),(Vehicles2↦1.7763568394002505E-14),(Vehicles3↦0.0),(Vehicles4↦1.7763568394002505E-14),(Vehicles5↦1.7763568394002505E-14)}",
        "Reward": "0.666667363573069",
        "VehiclesAx": "{(EgoVehicle↦-0.000171661376953125),(Vehicles2↦-0.028647631406784058),(Vehicles3↦-0.03993900492787361),(Vehicles4↦-0.026691555976867676),(Vehicles5↦0.0010481849312782288)}",
        "VehiclesVx": "{(EgoVehicle↦20.0000262260437),(Vehicles2↦0.6585904210805893),(Vehicles3↦0.22435223683714867),(Vehicles4↦0.738130733370781),(Vehicles5↦-0.1999981887638569)}",
        "VehiclesY": "{(EgoVehicle↦2.6645352591003757E-15),(Vehicles2↦8.000000238418579),(Vehicles3↦4.0000001192092896),(Vehicles4↦0.0),(Vehicles5↦4.0000001192092896)}",
        "VehiclesVy": "{(EgoVehicle↦-1.7763568394002505E-14),(Vehicles2↦1.7763568394002505E-14),(Vehicles3↦0.0),(Vehicles4↦1.7763568394002505E-14),(Vehicles5↦1.7763568394002505E-14)}",
        "VehiclesX": "{(EgoVehicle↦200.0),(Vehicles2↦7.399509102106094),(Vehicles3↦9.059703350067139),(Vehicles4↦47.474029660224915),(Vehicles5↦68.83113384246826)}"
      },
      "probabilisticVariables": null,
      "activating": [
        "IDLE_22"
      ],
      "activatingOnlyWhenExecuted": true,
      "updating": null,
      "withPredicate": null
    },
    {
      "id": "IDLE_22",
      "execute": "IDLE",
      "after": "1000",
      "priority": 0,
      "additionalGuards": null,
      "activationKind": null,
      "fixedVariables": {
        "Crash": "FALSE",
        "VehiclesAy": "{(EgoVehicle↦1.7763568394002505E-14),(Vehicles2↦-1.7763568394002505E-14),(Vehicles3↦0.0),(Vehicles4↦-1.7763568394002505E-14),(Vehicles5↦1.7763568394002505E-14)}",
        "Reward": "0.6666667584403493",
        "VehiclesAx": "{(EgoVehicle↦-2.384185791015625E-05),(Vehicles2↦-0.02786479890346527),(Vehicles3↦-0.036369506269693375),(Vehicles4↦-0.025276467204093933),(Vehicles5↦0.004862882196903229)}",
        "VehiclesVx": "{(EgoVehicle↦20.00000238418579),(Vehicles2↦0.630725622177124),(Vehicles3↦0.1879827305674553),(Vehicles4↦0.712854266166687),(Vehicles5↦-0.19513530656695366)}",
        "VehiclesY": "{(EgoVehicle↦2.6645352591003757E-15),(Vehicles2↦8.000000238418579),(Vehicles3↦4.0000001192092896),(Vehicles4↦0.0),(Vehicles5↦4.0000001192092896)}",
        "VehiclesVy": "{(EgoVehicle↦0.0),(Vehicles2↦0.0),(Vehicles3↦0.0),(Vehicles4↦0.0),(Vehicles5↦0.0)}",
        "VehiclesX": "{(EgoVehicle↦200.0),(Vehicles2↦8.04688110947609),(Vehicles3↦9.269209206104279),(Vehicles4↦48.20192754268646),(Vehicles5↦68.6327874660492)}"
      },
      "probabilisticVariables": null,
      "activating": [
        "IDLE_23"
      ],
      "activatingOnlyWhenExecuted": true,
      "updating": null,
      "withPredicate": null
    },
    {
      "id": "IDLE_23",
      "execute": "IDLE",
      "after": "1000",
      "priority": 0,
      "additionalGuards": null,
      "activationKind": null,
      "fixedVariables": {
        "Crash": "FALSE",
        "VehiclesAy": "{(EgoVehicle↦0.0),(Vehicles2↦0.0),(Vehicles3↦0.0),(Vehicles4↦0.0),(Vehicles5↦0.0)}",
        "Reward": "0.66666667875209",
        "VehiclesAx": "{(EgoVehicle↦-2.384185791015625E-06),(Vehicles2↦-0.026914477348327637),(Vehicles3↦-0.032581863924860954),(Vehicles4↦-0.02374306321144104),(Vehicles5↦0.008225981146097183)}",
        "VehiclesVx": "{(EgoVehicle↦20.0),(Vehicles2↦0.6038111448287964),(Vehicles3↦0.15540086664259434),(Vehicles4↦0.689111202955246),(Vehicles5↦-0.18690932542085648)}",
        "VehiclesY": "{(EgoVehicle↦2.6645352591003757E-15),(Vehicles2↦8.000000238418579),(Vehicles3↦4.0000001192092896),(Vehicles4↦-1.3322676295501878E-15),(Vehicles5↦4.0000001192092896)}",
        "VehiclesVy": "{(EgoVehicle↦0.0),(Vehicles2↦0.0),(Vehicles3↦0.0),(Vehicles4↦0.0),(Vehicles5↦0.0)}",
        "VehiclesX": "{(EgoVehicle↦200.0),(Vehicles2↦8.666761964559555),(Vehicles3↦9.443853050470352),(Vehicles4↦48.905161023139954),(Vehicles5↦68.44069957733154)}"
      },
      "probabilisticVariables": null,
      "activating": [
        "IDLE_24"
      ],
      "activatingOnlyWhenExecuted": true,
      "updating": null,
      "withPredicate": null
    },
    {
      "id": "IDLE_24",
      "execute": "IDLE",
      "after": "1000",
      "priority": 0,
      "additionalGuards": null,
      "activationKind": null,
      "fixedVariables": {
        "Crash": "FALSE",
        "VehiclesAy": "{(EgoVehicle↦0.0),(Vehicles2↦0.0),(Vehicles3↦0.0),(Vehicles4↦0.0),(Vehicles5↦0.0)}",
        "Reward": "0.6666666682581628",
        "VehiclesAx": "{(EgoVehicle↦0.0),(Vehicles2↦-0.025909915566444397),(Vehicles3↦-0.02876119688153267),(Vehicles4↦-0.022217407822608948),(Vehicles5↦0.011076629161834717)}",
        "VehiclesVx": "{(EgoVehicle↦20.0),(Vehicles2↦0.577901229262352),(Vehicles3↦0.12663966976106167),(Vehicles4↦0.666893795132637),(Vehicles5↦-0.17583269625902176)}",
        "VehiclesY": "{(EgoVehicle↦2.6645352591003757E-15),(Vehicles2↦8.000000238418579),(Vehicles3↦4.0000001192092896),(Vehicles4↦-1.3322676295501878E-15),(Vehicles5↦4.0000001192092896)}",
        "VehiclesVy": "{(EgoVehicle↦0.0),(Vehicles2↦0.0),(Vehicles3↦0.0),(Vehicles4↦0.0),(Vehicles5↦0.0)}",
        "VehiclesX": "{(EgoVehicle↦200.0),(Vehicles2↦9.260127693414688),(Vehicles3↦9.587445110082626),(Vehicles4↦49.585264921188354),(Vehicles5↦68.25801134109497)}"
      },
      "probabilisticVariables": null,
      "activating": [
        "IDLE_25"
      ],
      "activatingOnlyWhenExecuted": true,
      "updating": null,
      "withPredicate": null
    },
    {
      "id": "IDLE_25",
      "execute": "IDLE",
      "after": "1000",
      "priority": 0,
      "additionalGuards": null,
      "activationKind": null,
      "fixedVariables": {
        "Crash": "FALSE",
        "VehiclesAy": "{(EgoVehicle↦0.0),(Vehicles2↦0.0),(Vehicles3↦0.0),(Vehicles4↦0.0),(Vehicles5↦0.0)}",
        "Reward": "0.6666666668762464",
        "VehiclesAx": "{(EgoVehicle↦0.0),(Vehicles2↦-0.4762448277324438),(Vehicles3↦0.42639424093067646),(Vehicles4↦-0.020723864436149597),(Vehicles5↦0.013452805578708649)}",
        "VehiclesVx": "{(EgoVehicle↦20.0),(Vehicles2↦0.10165640152990818),(Vehicles3↦0.5530339106917381),(Vehicles4↦0.6461699306964874),(Vehicles5↦-0.1623798906803131)}",
        "VehiclesY": "{(EgoVehicle↦2.6645352591003757E-15),(Vehicles2↦4.0000001192092896),(Vehicles3↦8.000000238418579),(Vehicles4↦0.0),(Vehicles5↦4.0000001192092896)}",
        "VehiclesVy": "{(EgoVehicle↦0.0),(Vehicles2↦0.0),(Vehicles3↦0.0),(Vehicles4↦0.0),(Vehicles5↦0.0)}",
        "VehiclesX": "{(EgoVehicle↦200.0),(Vehicles2↦9.70379188656807),(Vehicles3↦9.827996790409088),(Vehicles4↦50.24375319480896),(Vehicles5↦68.08738708496094)}"
      },
      "probabilisticVariables": null,
      "activating": [
        "SLOWER_26"
      ],
      "activatingOnlyWhenExecuted": true,
      "updating": null,
      "withPredicate": null
    },
    {
      "id": "SLOWER_26",
      "execute": "SLOWER",
      "after": "1000",
      "priority": 0,
      "additionalGuards": null,
      "activationKind": null,
      "fixedVariables": {
        "Crash": "FALSE",
        "VehiclesAy": "{(EgoVehicle↦0.0),(Vehicles2↦0.0),(Vehicles3↦0.0),(Vehicles4↦0.0),(Vehicles5↦0.0)}",
        "Reward": "0.6666666666942657",
        "VehiclesAx": "{(EgoVehicle↦0.0),(Vehicles2↦-0.021300865337252617),(Vehicles3↦-0.023791268467903137),(Vehicles4↦-0.01927211880683899),(Vehicles5↦0.015404913574457169)}",
        "VehiclesVx": "{(EgoVehicle↦20.0),(Vehicles2↦0.08035553619265556),(Vehicles3↦0.529242642223835),(Vehicles4↦0.6268978118896484),(Vehicles5↦-0.14697497710585594)}",
        "VehiclesY": "{(EgoVehicle↦2.6645352591003757E-15),(Vehicles2↦4.0000001192092896),(Vehicles3↦8.000000238418579),(Vehicles4↦-1.3322676295501878E-15),(Vehicles5↦4.0000001192092896)}",
        "VehiclesVy": "{(EgoVehicle↦0.0),(Vehicles2↦0.0),(Vehicles3↦0.0),(Vehicles4↦0.0),(Vehicles5↦0.0)}",
        "VehiclesX": "{(EgoVehicle↦200.0),(Vehicles2↦9.796638786792755),(Vehicles3↦10.371427237987518),(Vehicles4↦50.88209509849548),(Vehicles5↦67.93102622032166)}"
      },
      "probabilisticVariables": null,
      "activating": [
        "SLOWER_27"
      ],
      "activatingOnlyWhenExecuted": true,
      "updating": null,
      "withPredicate": null
    },
    {
      "id": "SLOWER_27",
      "execute": "SLOWER",
      "after": "1000",
      "priority": 0,
      "additionalGuards": null,
      "activationKind": null,
      "fixedVariables": {
        "Crash": "FALSE",
        "VehiclesAy": "{(EgoVehicle↦0.0),(Vehicles2↦0.0),(Vehicles3↦0.0),(Vehicles4↦0.0),(Vehicles5↦0.0)}",
        "Reward": "0.6666666666703011",
        "VehiclesAx": "{(EgoVehicle↦0.0),(Vehicles2↦-0.017755464650690556),(Vehicles3↦-0.022685080766677856),(Vehicles4↦-0.017867833375930786),(Vehicles5↦0.01698319800198078)}",
        "VehiclesVx": "{(EgoVehicle↦20.0),(Vehicles2↦0.06260007154196501),(Vehicles3↦0.5065575614571571),(Vehicles4↦0.6090299785137177),(Vehicles5↦-0.12999177910387516)}",
        "VehiclesY": "{(EgoVehicle↦2.6645352591003757E-15),(Vehicles2↦4.0000001192092896),(Vehicles3↦8.000000238418579),(Vehicles4↦-1.3322676295501878E-15),(Vehicles5↦4.0000001192092896)}",
        "VehiclesVy": "{(EgoVehicle↦0.0),(Vehicles2↦0.0),(Vehicles3↦0.0),(Vehicles4↦0.0),(Vehicles5↦0.0)}",
        "VehiclesX": "{(EgoVehicle↦200.0),(Vehicles2↦9.869614988565445),(Vehicles3↦10.89150607585907),(Vehicles4↦51.50173902511597),(Vehicles5↦67.79073476791382)}"
      },
      "probabilisticVariables": null,
      "activating": [
        "FASTER_28"
      ],
      "activatingOnlyWhenExecuted": true,
      "updating": null,
      "withPredicate": null
    },
    {
      "id": "FASTER_28",
      "execute": "FASTER",
      "after": "1000",
      "priority": 0,
      "additionalGuards": null,
      "activationKind": null,
      "fixedVariables": {
        "Crash": "FALSE",
        "VehiclesAy": "{(EgoVehicle↦0.0),(Vehicles2↦0.0),(Vehicles3↦0.0),(Vehicles4↦0.0),(Vehicles5↦0.0)}",
        "Reward": "0.7824417009606982",
        "VehiclesAx": "{(EgoVehicle↦4.341564178466797),(Vehicles2↦-4.355943198315799),(Vehicles3↦-4.363116063177586),(Vehicles4↦-4.358078986406326),(Vehicles5↦-4.323328724130988)}",
        "VehiclesVx": "{(EgoVehicle↦24.341564178466797),(Vehicles2↦-4.293343126773834),(Vehicles3↦-3.8565585017204285),(Vehicles4↦-3.7490490078926086),(Vehicles5↦-4.453320503234863)}",
        "VehiclesY": "{(EgoVehicle↦2.6645352591003757E-15),(Vehicles2↦4.0000001192092896),(Vehicles3↦8.000000238418579),(Vehicles4↦-3.9968028886505635E-15),(Vehicles5↦4.0000001192092896)}",
        "VehiclesVy": "{(EgoVehicle↦0.0),(Vehicles2↦0.0),(Vehicles3↦0.0),(Vehicles4↦0.0),(Vehicles5↦0.0)}",
        "VehiclesX": "{(EgoVehicle↦200.0),(Vehicles2↦7.531138509511948),(Vehicles3↦8.994289487600327),(Vehicles4↦49.70899522304535),(Vehicles5↦65.27288556098938)}"
      },
      "probabilisticVariables": null,
      "activating": [
        "SLOWER_29"
      ],
      "activatingOnlyWhenExecuted": true,
      "updating": null,
      "withPredicate": null
    },
    {
      "id": "SLOWER_29",
      "execute": "SLOWER",
      "after": "1000",
      "priority": 0,
      "additionalGuards": null,
      "activationKind": null,
      "fixedVariables": {
        "Crash": "FALSE",
        "VehiclesAy": "{(EgoVehicle↦0.0),(Vehicles2↦0.0),(Vehicles3↦0.0),(Vehicles4↦0.0),(Vehicles5↦0.0)}",
        "Reward": "0.6819127617177325",
        "VehiclesAx": "{(EgoVehicle↦-3.76983642578125),(Vehicles2↦3.7586382031440735),(Vehicles3↦3.7494376581162214),(Vehicles4↦3.7546173681039363),(Vehicles5↦3.7890399992465973)}",
        "VehiclesVx": "{(EgoVehicle↦20.571727752685547),(Vehicles2↦-0.5347049236297607),(Vehicles3↦-0.10712084360420704),(Vehicles4↦0.005568360211327672),(Vehicles5↦-0.664280503988266)}",
        "VehiclesY": "{(EgoVehicle↦2.6645352591003757E-15),(Vehicles2↦4.0000001192092896),(Vehicles3↦8.000000238418579),(Vehicles4↦-1.3322676295501878E-15),(Vehicles5↦4.0000001192092896)}",
        "VehiclesVy": "{(EgoVehicle↦0.0),(Vehicles2↦0.0),(Vehicles3↦0.0),(Vehicles4↦0.0),(Vehicles5↦0.0)}",
        "VehiclesX": "{(EgoVehicle↦200.0),(Vehicles2↦5.312732979655266),(Vehicles3↦7.209140807390213),(Vehicles4↦48.033419251441956),(Vehicles5↦62.906843423843384)}"
      },
      "probabilisticVariables": null,
      "activating": [
        "IDLE_30"
      ],
      "activatingOnlyWhenExecuted": true,
      "updating": null,
      "withPredicate": null
    },
    {
      "id": "IDLE_30",
      "execute": "IDLE",
      "after": "1000",
      "priority": 0,
      "additionalGuards": null,
      "activationKind": null,
      "fixedVariables": {
        "Crash": "FALSE",
        "VehiclesAy": "{(EgoVehicle↦0.0),(Vehicles2↦0.0),(Vehicles3↦0.0),(Vehicles4↦0.0),(Vehicles5↦0.0)}",
        "Reward": "0.6686743828873832",
        "VehiclesAx": "{(EgoVehicle↦-0.49643754959106445),(Vehicles2↦0.4882147302851081),(Vehicles3↦0.4772146884351969),(Vehicles4↦0.4824619914870709),(Vehicles5↦0.5163711495697498)}",
        "VehiclesVx": "{(EgoVehicle↦20.075290203094482),(Vehicles2↦-0.04649019334465265),(Vehicles3↦0.37009384483098984),(Vehicles4↦0.4880303516983986),(Vehicles5↦-0.14790935441851616)}",
        "VehiclesY": "{(EgoVehicle↦2.6645352591003757E-15),(Vehicles2↦4.0000001192092896),(Vehicles3↦8.000000238418579),(Vehicles4↦-1.3322676295501878E-15),(Vehicles5↦4.0000001192092896)}",
        "VehiclesVy": "{(EgoVehicle↦0.0),(Vehicles2↦0.0),(Vehicles3↦0.0),(Vehicles4↦0.0),(Vehicles5↦0.0)}",
        "VehiclesX": "{(EgoVehicle↦200.0),(Vehicles2↦5.0483740866184235),(Vehicles3↦7.368101179599762),(Vehicles4↦48.30716550350189),(Vehicles5↦62.52434849739075)}"
      },
      "probabilisticVariables": null,
      "activating": [
        "IDLE_31"
      ],
      "activatingOnlyWhenExecuted": true,
      "updating": null,
      "withPredicate": null
    },
    {
      "id": "IDLE_31",
      "execute": "IDLE",
      "after": "1000",
      "priority": 0,
      "additionalGuards": null,
      "activationKind": null,
      "fixedVariables": {
        "Crash": "FALSE",
        "VehiclesAy": "{(EgoVehicle↦-1.7763568394002505E-14),(Vehicles2↦0.0),(Vehicles3↦1.7763568394002505E-14),(Vehicles4↦1.7763568394002505E-14),(Vehicles5↦1.7763568394002505E-14)}",
        "Reward": "0.6669310572800944",
        "VehiclesAx": "{(EgoVehicle↦-0.06537437438964844),(Vehicles2↦0.059902812354266644),(Vehicles3↦0.047336407005786896),(Vehicles4↦0.0525796040892601),(Vehicles5↦0.08582724258303642)}",
        "VehiclesVx": "{(EgoVehicle↦20.009915828704834),(Vehicles2↦0.01341261900961399),(Vehicles3↦0.41743025183677673),(Vehicles4↦0.5406099557876587),(Vehicles5↦-0.062082111835479736)}",
        "VehiclesY": "{(EgoVehicle↦2.6645352591003757E-15),(Vehicles2↦4.0000001192092896),(Vehicles3↦8.000000238418579),(Vehicles4↦-1.3322676295501878E-15),(Vehicles5↦4.0000001192092896)}",
        "VehiclesVy": "{(EgoVehicle↦-1.7763568394002505E-14),(Vehicles2↦0.0),(Vehicles3↦1.7763568394002505E-14),(Vehicles4↦1.7763568394002505E-14),(Vehicles5↦1.7763568394002505E-14)}",
        "VehiclesX": "{(EgoVehicle↦200.0),(Vehicles2↦5.035548284649849),(Vehicles3↦7.766948640346527),(Vehicles4↦48.826050758361816),(Vehicles5↦62.420654296875)}"
      },
      "probabilisticVariables": null,
      "activating": [
        "FASTER_32"
      ],
      "activatingOnlyWhenExecuted": true,
      "updating": null,
      "withPredicate": null
    },
    {
      "id": "FASTER_32",
      "execute": "FASTER",
      "after": "1000",
      "priority": 0,
      "additionalGuards": null,
      "activationKind": null,
      "fixedVariables": {
        "Crash": "FALSE",
        "VehiclesAy": "{(EgoVehicle↦1.7763568394002505E-14),(Vehicles2↦0.0),(Vehicles3↦-1.7763568394002505E-14),(Vehicles4↦-1.7763568394002505E-14),(Vehicles5↦1.7763568394002505E-14)}",
        "Reward": "0.7824765178311236",
        "VehiclesAx": "{(EgoVehicle↦4.332952499389648),(Vehicles2↦-4.33589824475348),(Vehicles3↦-4.349798411130905),(Vehicles4↦-4.3446266651153564),(Vehicles5↦-4.312156438827515)}",
        "VehiclesVx": "{(EgoVehicle↦24.342868328094482),(Vehicles2↦-4.322485625743866),(Vehicles3↦-3.9323681592941284),(Vehicles4↦-3.8040167093276978),(Vehicles5↦-4.374238550662994)}",
        "VehiclesY": "{(EgoVehicle↦2.6645352591003757E-15),(Vehicles2↦4.0000001192092896),(Vehicles3↦8.000000238418579),(Vehicles4↦-1.3322676295501878E-15),(Vehicles5↦4.0000001192092896)}",
        "VehiclesVy": "{(EgoVehicle↦0.0),(Vehicles2↦0.0),(Vehicles3↦0.0),(Vehicles4↦0.0),(Vehicles5↦0.0)}",
        "VehiclesX": "{(EgoVehicle↦200.0),(Vehicles2↦2.6572778820991516),(Vehicles3↦5.787233263254166),(Vehicles4↦46.97158932685852),(Vehicles5↦59.97655391693115)}"
      },
      "probabilisticVariables": null,
      "activating": [
        "IDLE_33"
      ],
      "activatingOnlyWhenExecuted": true,
      "updating": null,
      "withPredicate": null
    },
    {
      "id": "IDLE_33",
      "execute": "IDLE",
      "after": "1000",
      "priority": 0,
      "additionalGuards": null,
      "activationKind": null,
      "fixedVariables": {
        "Crash": "FALSE",
        "VehiclesAy": "{(EgoVehicle↦0.0),(Vehicles2↦0.0),(Vehicles3↦0.0),(Vehicles4↦0.0),(Vehicles5↦0.0)}",
        "Reward": "0.7976923809489546",
        "VehiclesAx": "{(EgoVehicle↦0.5705952644348145),(Vehicles2↦-0.19612282514572144),(Vehicles3↦-0.9613507986068726),(Vehicles4↦-0.5812028050422668),(Vehicles5↦-0.549597442150116)}",
        "VehiclesVx": "{(EgoVehicle↦24.913463592529297),(Vehicles2↦-4.518608450889587),(Vehicles3↦-4.893718957901001),(Vehicles4↦-4.385219514369965),(Vehicles5↦-4.92383599281311)}",
        "VehiclesY": "{(EgoVehicle↦2.6645352591003757E-15),(Vehicles2↦8.000000238418579),(Vehicles3↦4.0000001192092896),(Vehicles4↦-3.9968028886505635E-15),(Vehicles5↦4.0000001192092896)}",
        "VehiclesVy": "{(EgoVehicle↦0.0),(Vehicles2↦0.0),(Vehicles3↦0.0),(Vehicles4↦0.0),(Vehicles5↦0.0)}",
        "VehiclesX": "{(EgoVehicle↦200.0),(Vehicles2↦1.5337374992668629),(Vehicles3↦-1.9804123789072037),(Vehicles4↦42.84847378730774),(Vehicles5↦55.29593229293823)}"
      },
      "probabilisticVariables": null,
      "activating": [
        "SLOWER_34"
      ],
      "activatingOnlyWhenExecuted": true,
      "updating": null,
      "withPredicate": null
    },
    {
      "id": "SLOWER_34",
      "execute": "SLOWER",
      "after": "1000",
      "priority": 0,
      "additionalGuards": null,
      "activationKind": null,
      "fixedVariables": {
        "Crash": "FALSE",
        "VehiclesAy": "{(EgoVehicle↦-1.7763568394002505E-14),(Vehicles2↦1.7763568394002505E-14),(Vehicles3↦0.0),(Vehicles4↦1.7763568394002505E-14),(Vehicles5↦1.7763568394002505E-14)}",
        "Reward": "0.683921081716186",
        "VehiclesAx": "{(EgoVehicle↦-4.266424179077148),(Vehicles2↦4.251975081861019),(Vehicles3↦4.267871379852295),(Vehicles4↦4.256821507588029),(Vehicles5↦4.287497252225876)}",
        "VehiclesVx": "{(EgoVehicle↦20.64703941345215),(Vehicles2↦-0.26663336902856827),(Vehicles3↦-0.625847578048706),(Vehicles4↦-0.1283980067819357),(Vehicles5↦-0.6363387405872345)}",
        "VehiclesY": "{(EgoVehicle↦2.6645352591003757E-15),(Vehicles2↦8.000000238418579),(Vehicles3↦4.0000001192092896),(Vehicles4↦-1.3322676295501878E-15),(Vehicles5↦4.0000001192092896)}",
        "VehiclesVy": "{(EgoVehicle↦-1.7763568394002505E-14),(Vehicles2↦1.7763568394002505E-14),(Vehicles3↦0.0),(Vehicles4↦1.7763568394002505E-14),(Vehicles5↦1.7763568394002505E-14)}",
        "VehiclesX": "{(EgoVehicle↦200.0),(Vehicles2↦-0.6371360272169113),(Vehicles3↦-4.520100355148315),(Vehicles4↦40.81294536590576),(Vehicles5↦52.73413062095642)}"
      },
      "probabilisticVariables": null,
      "activating": [
        "SLOWER_35"
      ],
      "activatingOnlyWhenExecuted": true,
      "updating": null,
      "withPredicate": null
    },
    {
      "id": "SLOWER_35",
      "execute": "SLOWER",
      "after": "1000",
      "priority": 0,
      "additionalGuards": null,
      "activationKind": null,
      "fixedVariables": {
        "Crash": "FALSE",
        "VehiclesAy": "{(EgoVehicle↦1.7763568394002505E-14),(Vehicles2↦-1.7763568394002505E-14),(Vehicles3↦0.0),(Vehicles4↦-1.7763568394002505E-14),(Vehicles5↦1.7763568394002505E-14)}",
        "Reward": "0.6689388530106363",
        "VehiclesAx": "{(EgoVehicle↦-0.561833381652832),(Vehicles2↦0.5485758744180202),(Vehicles3↦0.5651558190584183),(Vehicles4↦0.5531793739646673),(Vehicles5↦0.5828819470480084)}",
        "VehiclesVx": "{(EgoVehicle↦20.085206031799316),(Vehicles2↦0.281942505389452),(Vehicles3↦-0.06069175899028778),(Vehicles4↦0.42478136718273163),(Vehicles5↦-0.053456793539226055)}",
        "VehiclesY": "{(EgoVehicle↦2.6645352591003757E-15),(Vehicles2↦8.000000238418579),(Vehicles3↦4.0000001192092896),(Vehicles4↦-1.3322676295501878E-15),(Vehicles5↦4.0000001192092896)}",
        "VehiclesVy": "{(EgoVehicle↦0.0),(Vehicles2↦0.0),(Vehicles3↦0.0),(Vehicles4↦0.0),(Vehicles5↦0.0)}",
        "VehiclesX": "{(EgoVehicle↦200.0),(Vehicles2↦-0.5992269609123468),(Vehicles3↦-4.834820330142975),(Vehicles4↦40.99095165729523),(Vehicles5↦52.416157722473145)}"
      },
      "probabilisticVariables": null,
      "activating": [
        "IDLE_36"
      ],
      "activatingOnlyWhenExecuted": true,
      "updating": null,
      "withPredicate": null
    },
    {
      "id": "IDLE_36",
      "execute": "IDLE",
      "after": "1000",
      "priority": 0,
      "additionalGuards": null,
      "activationKind": null,
      "fixedVariables": {
        "Crash": "FALSE",
        "VehiclesAy": "{(EgoVehicle↦0.0),(Vehicles2↦0.0),(Vehicles3↦0.0),(Vehicles4↦0.0),(Vehicles5↦0.0)}",
        "Reward": "0.666965884621428",
        "VehiclesAx": "{(EgoVehicle↦-0.07398605346679688),(Vehicles2↦0.061908792704343796),(Vehicles3↦0.07898160023614764),(Vehicles4↦0.06622381508350372),(Vehicles5↦0.09492574725300074)}",
        "VehiclesVx": "{(EgoVehicle↦20.01121997833252),(Vehicles2↦0.3438512980937958),(Vehicles3↦0.01828984124585986),(Vehicles4↦0.49100518226623535),(Vehicles5↦0.04146895371377468)}",
        "VehiclesY": "{(EgoVehicle↦2.6645352591003757E-15),(Vehicles2↦8.000000238418579),(Vehicles3↦4.0000001192092896),(Vehicles4↦-3.9968028886505635E-15),(Vehicles5↦4.0000001192092896)}",
        "VehiclesVy": "{(EgoVehicle↦0.0),(Vehicles2↦0.0),(Vehicles3↦0.0),(Vehicles4↦0.0),(Vehicles5↦0.0)}",
        "VehiclesX": "{(EgoVehicle↦200.0),(Vehicles2↦-0.2813941100612283),(Vehicles3↦-4.852825030684471),(Vehicles4↦41.45337641239166),(Vehicles5↦52.41190791130066)}"
      },
      "probabilisticVariables": null,
      "activating": [
        "IDLE_37"
      ],
      "activatingOnlyWhenExecuted": true,
      "updating": null,
      "withPredicate": null
    },
    {
      "id": "IDLE_37",
      "execute": "IDLE",
      "after": "1000",
      "priority": 0,
      "additionalGuards": null,
      "activationKind": null,
      "fixedVariables": {
        "Crash": "FALSE",
        "VehiclesAy": "{(EgoVehicle↦-1.7763568394002505E-14),(Vehicles2↦1.7763568394002505E-14),(Vehicles3↦0.0),(Vehicles4↦1.7763568394002505E-14),(Vehicles5↦1.7763568394002505E-14)}",
        "Reward": "0.6667060698541248",
        "VehiclesAx": "{(EgoVehicle↦-0.009741783142089844),(Vehicles2↦-0.0011693313717842102),(Vehicles3↦0.016221238765865564),(Vehicles4↦0.002817586064338684),(Vehicles5↦0.030505377799272537)}",
        "VehiclesVx": "{(EgoVehicle↦20.00147819519043),(Vehicles2↦0.34268196672201157),(Vehicles3↦0.034511080011725426),(Vehicles4↦0.49382276833057404),(Vehicles5↦0.07197433151304722)}",
        "VehiclesY": "{(EgoVehicle↦2.6645352591003757E-15),(Vehicles2↦8.000000238418579),(Vehicles3↦4.0000001192092896),(Vehicles4↦-1.3322676295501878E-15),(Vehicles5↦4.0000001192092896)}",
        "VehiclesVy": "{(EgoVehicle↦-1.7763568394002505E-14),(Vehicles2↦1.7763568394002505E-14),(Vehicles3↦0.0),(Vehicles4↦1.7763568394002505E-14),(Vehicles5↦1.7763568394002505E-14)}",
        "VehiclesX": "{(EgoVehicle↦200.0),(Vehicles2↦0.06337457452900708),(Vehicles3↦-4.826680198311806),(Vehicles4↦41.94692075252533),(Vehicles5↦52.46707201004028)}"
      },
      "probabilisticVariables": null,
      "activating": [
        "IDLE_38"
      ],
      "activatingOnlyWhenExecuted": true,
      "updating": null,
      "withPredicate": null
    },
    {
      "id": "IDLE_38",
      "execute": "IDLE",
      "after": "1000",
      "priority": 0,
      "additionalGuards": null,
      "activationKind": null,
      "fixedVariables": {
        "Crash": "FALSE",
        "VehiclesAy": "{(EgoVehicle↦1.7763568394002505E-14),(Vehicles2↦-1.7763568394002505E-14),(Vehicles3↦0.0),(Vehicles4↦-1.7763568394002505E-14),(Vehicles5↦1.7763568394002505E-14)}",
        "Reward": "0.6666718555637804",
        "VehiclesAx": "{(EgoVehicle↦-0.0012826919555664062),(Vehicles2↦-0.00848338007926941),(Vehicles3↦0.009066401980817318),(Vehicles4↦-0.004858262836933136),(Vehicles5↦0.0218131672590971)}",
        "VehiclesVx": "{(EgoVehicle↦20.000195503234863),(Vehicles2↦0.33419858664274216),(Vehicles3↦0.043577481992542744),(Vehicles4↦0.4889645054936409),(Vehicles5↦0.09378749877214432)}",
        "VehiclesY": "{(EgoVehicle↦2.6645352591003757E-15),(Vehicles2↦8.000000238418579),(Vehicles3↦4.0000001192092896),(Vehicles4↦-1.3322676295501878E-15),(Vehicles5↦4.0000001192092896)}",
        "VehiclesVy": "{(EgoVehicle↦0.0),(Vehicles2↦0.0),(Vehicles3↦0.0),(Vehicles4↦0.0),(Vehicles5↦0.0)}",
        "VehiclesX": "{(EgoVehicle↦200.0),(Vehicles2↦0.4027669783681631),(Vehicles3↦-4.788445681333542),(Vehicles4↦42.43893325328827),(Vehicles5↦52.547985315322876)}"
      },
      "probabilisticVariables": null,
      "activating": [
        "IDLE_39"
      ],
      "activatingOnlyWhenExecuted": true,
      "updating": null,
      "withPredicate": null
    },
    {
      "id": "IDLE_39",
      "execute": "IDLE",
      "after": "1000",
      "priority": 0,
      "additionalGuards": null,
      "activationKind": null,
      "fixedVariables": {
        "Crash": "FALSE",
        "VehiclesAy": "{(EgoVehicle↦0.0),(Vehicles2↦0.0),(Vehicles3↦0.0),(Vehicles4↦0.0),(Vehicles5↦0.0)}",
        "Reward": "0.6666673499782206",
        "VehiclesAx": "{(EgoVehicle↦-0.00016927719116210938),(Vehicles2↦-0.008474476635456085),(Vehicles3↦0.009092772379517555),(Vehicles4↦-0.005239062011241913),(Vehicles5↦0.02042291685938835)}",
        "VehiclesVx": "{(EgoVehicle↦20.0000262260437),(Vehicles2↦0.32572411000728607),(Vehicles3↦0.0526702543720603),(Vehicles4↦0.483725443482399),(Vehicles5↦0.11421041563153267)}",
        "VehiclesY": "{(EgoVehicle↦2.6645352591003757E-15),(Vehicles2↦8.000000238418579),(Vehicles3↦4.0000001192092896),(Vehicles4↦-3.9968028886505635E-15),(Vehicles5↦4.0000001192092896)}",
        "VehiclesVy": "{(EgoVehicle↦0.0),(Vehicles2↦0.0),(Vehicles3↦0.0),(Vehicles4↦0.0),(Vehicles5↦0.0)}",
        "VehiclesX": "{(EgoVehicle↦200.0),(Vehicles2↦0.7335125468671322),(Vehicles3↦-4.741290584206581),(Vehicles4↦42.925772070884705),(Vehicles5↦52.64999270439148)}"
      },
      "probabilisticVariables": null,
      "activating": [
        "IDLE_40"
      ],
      "activatingOnlyWhenExecuted": true,
      "updating": null,
      "withPredicate": null
    },
    {
      "id": "IDLE_40",
      "execute": "IDLE",
      "after": "1000",
      "priority": 0,
      "additionalGuards": null,
      "activationKind": null,
      "fixedVariables": {
        "Crash": "FALSE",
        "VehiclesAy": "{(EgoVehicle↦0.0),(Vehicles2↦0.0),(Vehicles3↦0.0),(Vehicles4↦0.0),(Vehicles5↦0.0)}",
        "Reward": "0.6666667566500811",
        "VehiclesAx": "{(EgoVehicle↦-2.384185791015625E-05),(Vehicles2↦-0.007524639368057251),(Vehicles3↦0.00993490219116211),(Vehicles4↦-0.0047013163566589355),(Vehicles5↦0.019965386018157005)}",
        "VehiclesVx": "{(EgoVehicle↦20.00000238418579),(Vehicles2↦0.3181994706392288),(Vehicles3↦0.06260515656322241),(Vehicles4↦0.47902412712574005),(Vehicles5↦0.13417580164968967)}",
        "VehiclesY": "{(EgoVehicle↦2.6645352591003757E-15),(Vehicles2↦8.000000238418579),(Vehicles3↦4.0000001192092896),(Vehicles4↦-3.9968028886505635E-15),(Vehicles5↦4.0000001192092896)}",
        "VehiclesVy": "{(EgoVehicle↦0.0),(Vehicles2↦0.0),(Vehicles3↦0.0),(Vehicles4↦0.0),(Vehicles5↦0.0)}",
        "VehiclesX": "{(EgoVehicle↦200.0),(Vehicles2↦1.0561435483396053),(Vehicles3↦-4.684716463088989),(Vehicles4↦43.40756833553314),(Vehicles5↦52.772217988967896)}"
      },
      "probabilisticVariables": null,
      "activating": [
        "IDLE_41"
      ],
      "activatingOnlyWhenExecuted": true,
      "updating": null,
      "withPredicate": null
    },
    {
      "id": "IDLE_41",
      "execute": "IDLE",
      "after": "1000",
      "priority": 0,
      "additionalGuards": null,
      "activationKind": null,
      "fixedVariables": {
        "Crash": "FALSE",
        "VehiclesAy": "{(EgoVehicle↦0.0),(Vehicles2↦0.0),(Vehicles3↦0.0),(Vehicles4↦0.0),(Vehicles5↦0.0)}",
        "Reward": "0.6666666785163344",
        "VehiclesAx": "{(EgoVehicle↦-2.384185791015625E-06),(Vehicles2↦-0.006476826965808868),(Vehicles3↦0.010765795595943928),(Vehicles4↦-0.00408269464969635),(Vehicles5↦0.0196085125207901)}",
        "VehiclesVx": "{(EgoVehicle↦20.0),(Vehicles2↦0.31172264367341995),(Vehicles3↦0.07337095215916634),(Vehicles4↦0.4749414324760437),(Vehicles5↦0.15378431417047977)}",
        "VehiclesY": "{(EgoVehicle↦2.6645352591003757E-15),(Vehicles2↦8.000000238418579),(Vehicles3↦4.0000001192092896),(Vehicles4↦-3.9968028886505635E-15),(Vehicles5↦4.0000001192092896)}",
        "VehiclesVy": "{(EgoVehicle↦0.0),(Vehicles2↦0.0),(Vehicles3↦0.0),(Vehicles4↦0.0),(Vehicles5↦0.0)}",
        "VehiclesX": "{(EgoVehicle↦200.0),(Vehicles2↦1.3716686517000198),(Vehicles3↦-4.61786724627018),(Vehicles4↦43.88490915298462),(Vehicles5↦52.914267778396606)}"
      },
      "probabilisticVariables": null,
      "activating": [
        "IDLE_42"
      ],
      "activatingOnlyWhenExecuted": true,
      "updating": null,
      "withPredicate": null
    },
    {
      "id": "IDLE_42",
      "execute": "IDLE",
      "after": "1000",
      "priority": 0,
      "additionalGuards": null,
      "activationKind": null,
      "fixedVariables": {
        "Crash": "FALSE",
        "VehiclesAy": "{(EgoVehicle↦0.0),(Vehicles2↦0.0),(Vehicles3↦0.0),(Vehicles4↦0.0),(Vehicles5↦0.0)}",
        "Reward": "0.6666666682271168",
        "VehiclesAx": "{(EgoVehicle↦0.0),(Vehicles2↦-0.0054444558918476105),(Vehicles3↦0.011487426236271858),(Vehicles4↦-0.0034915655851364136),(Vehicles5↦0.019248267635703087)}",
        "VehiclesVx": "{(EgoVehicle↦20.0),(Vehicles2↦0.30627818778157234),(Vehicles3↦0.0848583783954382),(Vehicles4↦0.4714498668909073),(Vehicles5↦0.17303258180618286)}",
        "VehiclesY": "{(EgoVehicle↦2.6645352591003757E-15),(Vehicles2↦8.000000238418579),(Vehicles3↦4.0000001192092896),(Vehicles4↦-3.9968028886505635E-15),(Vehicles5↦4.0000001192092896)}",
        "VehiclesVy": "{(EgoVehicle↦0.0),(Vehicles2↦0.0),(Vehicles3↦0.0),(Vehicles4↦0.0),(Vehicles5↦0.0)}",
        "VehiclesX": "{(EgoVehicle↦200.0),(Vehicles2↦1.6811320558190346),(Vehicles3↦-4.539954289793968),(Vehicles4↦44.35840845108032),(Vehicles5↦53.07577848434448)}"
      },
      "probabilisticVariables": null,
      "activating": [
        "IDLE_43"
      ],
      "activatingOnlyWhenExecuted": true,
      "updating": null,
      "withPredicate": null
    },
    {
      "id": "IDLE_43",
      "execute": "IDLE",
      "after": "1000",
      "priority": 0,
      "additionalGuards": null,
      "activationKind": null,
      "fixedVariables": {
        "Crash": "FALSE",
        "VehiclesAy": "{(EgoVehicle↦0.0),(Vehicles2↦0.0),(Vehicles3↦0.0),(Vehicles4↦0.0),(Vehicles5↦0.0)}",
        "Reward": "0.666666666872158",
        "VehiclesAx": "{(EgoVehicle↦0.0),(Vehicles2↦-0.004444364458322525),(Vehicles3↦0.012097274884581566),(Vehicles4↦-0.002940334379673004),(Vehicles5↦0.01887558028101921)}",
        "VehiclesVx": "{(EgoVehicle↦20.0),(Vehicles2↦0.3018338233232498),(Vehicles3↦0.09695565328001976),(Vehicles4↦0.4685095325112343),(Vehicles5↦0.19190816208720207)}",
        "VehiclesY": "{(EgoVehicle↦2.6645352591003757E-15),(Vehicles2↦8.000000238418579),(Vehicles3↦4.0000001192092896),(Vehicles4↦-3.9968028886505635E-15),(Vehicles5↦4.0000001192092896)}",
        "VehiclesVy": "{(EgoVehicle↦0.0),(Vehicles2↦0.0),(Vehicles3↦0.0),(Vehicles4↦0.0),(Vehicles5↦0.0)}",
        "VehiclesX": "{(EgoVehicle↦200.0),(Vehicles2↦1.9855540245771408),(Vehicles3↦-4.450301453471184),(Vehicles4↦44.828638434410095),(Vehicles5↦53.25639247894287)}"
      },
      "probabilisticVariables": null,
      "activating": [
        "IDLE_44"
      ],
      "activatingOnlyWhenExecuted": true,
      "updating": null,
      "withPredicate": null
    },
    {
      "id": "IDLE_44",
      "execute": "IDLE",
      "after": "1000",
      "priority": 0,
      "additionalGuards": null,
      "activationKind": null,
      "fixedVariables": {
        "Crash": "FALSE",
        "VehiclesAy": "{(EgoVehicle↦0.0),(Vehicles2↦0.0),(Vehicles3↦0.0),(Vehicles4↦0.0),(Vehicles5↦0.0)}",
        "Reward": "0.6666666666937272",
        "VehiclesAx": "{(EgoVehicle↦0.0),(Vehicles2↦-0.0034803710877895355),(Vehicles3↦0.012604799121618271),(Vehicles4↦-0.0024284422397613525),(Vehicles5↦0.01849314197897911)}",
        "VehiclesVx": "{(EgoVehicle↦20.0),(Vehicles2↦0.2983534522354603),(Vehicles3↦0.10956045240163803),(Vehicles4↦0.46608109027147293),(Vehicles5↦0.21040130406618118)}",
        "VehiclesY": "{(EgoVehicle↦2.6645352591003757E-15),(Vehicles2↦8.000000238418579),(Vehicles3↦4.0000001192092896),(Vehicles4↦-3.9968028886505635E-15),(Vehicles5↦4.0000001192092896)}",
        "VehiclesVy": "{(EgoVehicle↦0.0),(Vehicles2↦0.0),(Vehicles3↦0.0),(Vehicles4↦0.0),(Vehicles5↦0.0)}",
        "VehiclesX": "{(EgoVehicle↦200.0),(Vehicles2↦2.2859200835227966),(Vehicles3↦-4.348341003060341),(Vehicles4↦45.296138525009155),(Vehicles5↦53.45572829246521)}"
      },
      "probabilisticVariables": null,
      "activating": [
        "IDLE_45"
      ],
      "activatingOnlyWhenExecuted": true,
      "updating": null,
      "withPredicate": null
    },
    {
      "id": "IDLE_45",
      "execute": "IDLE",
      "after": "1000",
      "priority": 0,
      "additionalGuards": null,
      "activationKind": null,
      "fixedVariables": {
        "Crash": "FALSE",
        "VehiclesAy": "{(EgoVehicle↦0.0),(Vehicles2↦0.0),(Vehicles3↦0.0),(Vehicles4↦0.0),(Vehicles5↦0.0)}",
        "Reward": "0.6666666666702302",
        "VehiclesAx": "{(EgoVehicle↦0.0),(Vehicles2↦-0.0025542452931404114),(Vehicles3↦0.013020411133766174),(Vehicles4↦-0.0019540637731552124),(Vehicles5↦0.018104463815689087)}",
        "VehiclesVx": "{(EgoVehicle↦20.0),(Vehicles2↦0.29579920694231987),(Vehicles3↦0.1225808635354042),(Vehicles4↦0.4641270264983177),(Vehicles5↦0.22850576788187027)}",
        "VehiclesY": "{(EgoVehicle↦2.6645352591003757E-15),(Vehicles2↦8.000000238418579),(Vehicles3↦4.0000001192092896),(Vehicles4↦-3.9968028886505635E-15),(Vehicles5↦4.0000001192092896)}",
        "VehiclesVy": "{(EgoVehicle↦0.0),(Vehicles2↦0.0),(Vehicles3↦0.0),(Vehicles4↦0.0),(Vehicles5↦0.0)}",
        "VehiclesX": "{(EgoVehicle↦200.0),(Vehicles2↦2.583179250359535),(Vehicles3↦-4.233602061867714),(Vehicles4↦45.7614004611969),(Vehicles5↦53.67340445518494)}"
      },
      "probabilisticVariables": null,
      "activating": [
        "IDLE_46"
      ],
      "activatingOnlyWhenExecuted": true,
      "updating": null,
      "withPredicate": null
    },
    {
      "id": "IDLE_46",
      "execute": "IDLE",
      "after": "1000",
      "priority": 0,
      "additionalGuards": null,
      "activationKind": null,
      "fixedVariables": {
        "Crash": "FALSE",
        "VehiclesAy": "{(EgoVehicle↦0.0),(Vehicles2↦0.0),(Vehicles3↦0.0),(Vehicles4↦0.0),(Vehicles5↦0.0)}",
        "Reward": "0.6666666666671359",
        "VehiclesAx": "{(EgoVehicle↦0.0),(Vehicles2↦-0.0016672350466251373),(Vehicles3↦0.013353927060961723),(Vehicles4↦-0.001514926552772522),(Vehicles5↦0.017712675034999847)}",
        "VehiclesVx": "{(EgoVehicle↦20.0),(Vehicles2↦0.29413197189569473),(Vehicles3↦0.13593479059636593),(Vehicles4↦0.4626120999455452),(Vehicles5↦0.24621844291687012)}",
        "VehiclesY": "{(EgoVehicle↦2.6645352591003757E-15),(Vehicles2↦8.000000238418579),(Vehicles3↦4.0000001192092896),(Vehicles4↦-5.329070518200751E-15),(Vehicles5↦4.0000001192092896)}",
        "VehiclesVy": "{(EgoVehicle↦0.0),(Vehicles2↦0.0),(Vehicles3↦0.0),(Vehicles4↦0.0),(Vehicles5↦0.0)}",
        "VehiclesX": "{(EgoVehicle↦200.0),(Vehicles2↦2.8782421723008156),(Vehicles3↦-4.10570316016674),(Vehicles4↦46.224889159202576),(Vehicles5↦53.909021615982056)}"
      },
      "probabilisticVariables": null,
      "activating": [
        "IDLE_47"
      ],
      "activatingOnlyWhenExecuted": true,
      "updating": null,
      "withPredicate": null
    },
    {
      "id": "IDLE_47",
      "execute": "IDLE",
      "after": "1000",
      "priority": 0,
      "additionalGuards": null,
      "activationKind": null,
      "fixedVariables": {
        "Crash": "FALSE",
        "VehiclesAy": "{(EgoVehicle↦0.0),(Vehicles2↦0.0),(Vehicles3↦0.0),(Vehicles4↦0.0),(Vehicles5↦0.0)}",
        "Reward": "0.6666666666667284",
        "VehiclesAx": "{(EgoVehicle↦0.0),(Vehicles2↦-0.0008201412856578827),(Vehicles3↦0.013614455237984657),(Vehicles4↦-0.0011090189218521118),(Vehicles5↦0.01732034608721733)}",
        "VehiclesVx": "{(EgoVehicle↦20.0),(Vehicles2↦0.29331183061003685),(Vehicles3↦0.14954924583435059),(Vehicles4↦0.4615030810236931),(Vehicles5↦0.26353878900408745)}",
        "VehiclesY": "{(EgoVehicle↦0.0),(Vehicles2↦8.000000238418579),(Vehicles3↦4.0000001192092896),(Vehicles4↦-3.9968028886505635E-15),(Vehicles5↦4.0000001192092896)}",
        "VehiclesVy": "{(EgoVehicle↦0.0),(Vehicles2↦0.0),(Vehicles3↦0.0),(Vehicles4↦0.0),(Vehicles5↦0.0)}",
        "VehiclesX": "{(EgoVehicle↦200.0),(Vehicles2↦3.171980008482933),(Vehicles3↦-3.9643406867980957),(Vehicles4↦46.68702483177185),(Vehicles5↦54.16220426559448)}"
      },
      "probabilisticVariables": null,
      "activating": [
        "IDLE_48"
      ],
      "activatingOnlyWhenExecuted": true,
      "updating": null,
      "withPredicate": null
    },
    {
      "id": "IDLE_48",
      "execute": "IDLE",
      "after": "1000",
      "priority": 0,
      "additionalGuards": null,
      "activationKind": null,
      "fixedVariables": {
        "Crash": "FALSE",
        "VehiclesAy": "{(EgoVehicle↦0.0),(Vehicles2↦0.0),(Vehicles3↦0.0),(Vehicles4↦1.7763568394002505E-14),(Vehicles5↦0.0)}",
        "Reward": "0.6666666666666748",
        "VehiclesAx": "{(EgoVehicle↦0.0),(Vehicles2↦-1.346692442893982E-05),(Vehicles3↦0.013810303062200546),(Vehicles4↦-0.0007340684533119202),(Vehicles5↦0.016929544508457184)}",
        "VehiclesVx": "{(EgoVehicle↦20.0),(Vehicles2↦0.2932983636856079),(Vehicles3↦0.16335954889655113),(Vehicles4↦0.46076901257038116),(Vehicles5↦0.28046833351254463)}",
        "VehiclesY": "{(EgoVehicle↦2.6645352591003757E-15),(Vehicles2↦8.000000238418579),(Vehicles3↦4.0000001192092896),(Vehicles4↦-3.9968028886505635E-15),(Vehicles5↦4.0000001192092896)}",
        "VehiclesVy": "{(EgoVehicle↦0.0),(Vehicles2↦0.0),(Vehicles3↦0.0),(Vehicles4↦1.7763568394002505E-14),(Vehicles5↦0.0)}",
        "VehiclesX": "{(EgoVehicle↦200.0),(Vehicles2↦3.4652233123779297),(Vehicles3↦-3.8092806935310364),(Vehicles4↦47.14820683002472),(Vehicles5↦54.43254113197327)}"
      },
      "probabilisticVariables": null,
      "activating": [
        "IDLE_49"
      ],
      "activatingOnlyWhenExecuted": true,
      "updating": null,
      "withPredicate": null
    },
    {
      "id": "IDLE_49",
      "execute": "IDLE",
      "after": "1000",
      "priority": 0,
      "additionalGuards": null,
      "activationKind": null,
      "fixedVariables": {
        "Crash": "FALSE",
        "VehiclesAy": "{(EgoVehicle↦0.0),(Vehicles2↦0.0),(Vehicles3↦0.0),(Vehicles4↦-1.7763568394002505E-14),(Vehicles5↦0.0)}",
        "Reward": "0.6666666666666677",
        "VehiclesAx": "{(EgoVehicle↦0.0),(Vehicles2↦-0.11598978191614151),(Vehicles3↦0.13069136068224907),(Vehicles4↦-0.0003882870078086853),(Vehicles5↦0.01654200255870819)}",
        "VehiclesVx": "{(EgoVehicle↦20.0),(Vehicles2↦0.1773085817694664),(Vehicles3↦0.2940509095788002),(Vehicles4↦0.4603807255625725),(Vehicles5↦0.2970103360712528)}",
        "VehiclesY": "{(EgoVehicle↦2.6645352591003757E-15),(Vehicles2↦4.0000001192092896),(Vehicles3↦8.000000238418579),(Vehicles4↦-3.9968028886505635E-15),(Vehicles5↦4.0000001192092896)}",
        "VehiclesVy": "{(EgoVehicle↦0.0),(Vehicles2↦0.0),(Vehicles3↦0.0),(Vehicles4↦0.0),(Vehicles5↦0.0)}",
        "VehiclesX": "{(EgoVehicle↦200.0),(Vehicles2↦-3.6403506994247437),(Vehicles3↦3.758763149380684),(Vehicles4↦47.608792781829834),(Vehicles5↦54.7196626663208)}"
      },
      "probabilisticVariables": null,
      "activating": [
        "IDLE_50"
      ],
      "activatingOnlyWhenExecuted": true,
      "updating": null,
      "withPredicate": null
    },
    {
      "id": "IDLE_50",
      "execute": "IDLE",
      "after": "1000",
      "priority": 0,
      "additionalGuards": null,
      "activationKind": null,
      "fixedVariables": {
        "Crash": "FALSE",
        "VehiclesAy": "{(EgoVehicle↦-1.7763568394002505E-14),(Vehicles2↦1.7763568394002505E-14),(Vehicles3↦1.7763568394002505E-14),(Vehicles4↦1.7763568394002505E-14),(Vehicles5↦1.7763568394002505E-14)}",
        "Reward": "0.6666666666666669",
        "VehiclesAx": "{(EgoVehicle↦0.0),(Vehicles2↦0.014037564396858215),(Vehicles3↦0.001477990299463272),(Vehicles4↦-6.966292858123779E-05),(Vehicles5↦0.016159098595380783)}",
        "VehiclesVx": "{(EgoVehicle↦20.0),(Vehicles2↦0.19134614616632462),(Vehicles3↦0.2955288998782635),(Vehicles4↦0.46031106263399124),(Vehicles5↦0.3131694346666336)}",
        "VehiclesY": "{(EgoVehicle↦2.6645352591003757E-15),(Vehicles2↦4.0000001192092896),(Vehicles3↦8.000000238418579),(Vehicles4↦-1.3322676295501878E-15),(Vehicles5↦4.0000001192092896)}",
        "VehiclesVy": "{(EgoVehicle↦-1.7763568394002505E-14),(Vehicles2↦1.7763568394002505E-14),(Vehicles3↦1.7763568394002505E-14),(Vehicles4↦1.7763568394002505E-14),(Vehicles5↦1.7763568394002505E-14)}",
        "VehiclesX": "{(EgoVehicle↦200.0),(Vehicles2↦-3.4574322402477264),(Vehicles3↦4.053349047899246),(Vehicles4↦48.069122433662415),(Vehicles5↦55.02316355705261)}"
      },
      "probabilisticVariables": null,
      "activating": [
        "IDLE_51"
      ],
      "activatingOnlyWhenExecuted": true,
      "updating": null,
      "withPredicate": null
    },
    {
      "id": "IDLE_51",
      "execute": "IDLE",
      "after": "1000",
      "priority": 0,
      "additionalGuards": null,
      "activationKind": null,
      "fixedVariables": {
        "Crash": "FALSE",
        "VehiclesAy": "{(EgoVehicle↦1.7763568394002505E-14),(Vehicles2↦-1.7763568394002505E-14),(Vehicles3↦-1.7763568394002505E-14),(Vehicles4↦-1.7763568394002505E-14),(Vehicles5↦1.7763568394002505E-14)}",
        "Reward": "0.6666666666666669",
        "VehiclesAx": "{(EgoVehicle↦0.0),(Vehicles2↦0.014082007110118866),(Vehicles3↦0.0021631643176078796),(Vehicles4↦0.00022359192371368408),(Vehicles5↦0.015781819820404053)}",
        "VehiclesVx": "{(EgoVehicle↦20.0),(Vehicles2↦0.20542815327644348),(Vehicles3↦0.29769206419587135),(Vehicles4↦0.4605346545577049),(Vehicles5↦0.32895125448703766)}",
        "VehiclesY": "{(EgoVehicle↦2.6645352591003757E-15),(Vehicles2↦4.0000001192092896),(Vehicles3↦8.000000238418579),(Vehicles4↦-1.3322676295501878E-15),(Vehicles5↦4.0000001192092896)}",
        "VehiclesVy": "{(EgoVehicle↦0.0),(Vehicles2↦0.0),(Vehicles3↦0.0),(Vehicles4↦0.0),(Vehicles5↦0.0)}",
        "VehiclesX": "{(EgoVehicle↦200.0),(Vehicles2↦-3.2604552805423737),(Vehicles3↦4.349689930677414),(Vehicles4↦48.529499769210815),(Vehicles5↦55.342674255371094)}"
      },
      "probabilisticVariables": null,
      "activating": [
        "IDLE_52"
      ],
      "activatingOnlyWhenExecuted": true,
      "updating": null,
      "withPredicate": null
    },
    {
      "id": "IDLE_52",
      "execute": "IDLE",
      "after": "1000",
      "priority": 0,
      "additionalGuards": null,
      "activationKind": null,
      "fixedVariables": {
        "Crash": "FALSE",
        "VehiclesAy": "{(EgoVehicle↦0.0),(Vehicles2↦0.0),(Vehicles3↦0.0),(Vehicles4↦0.0),(Vehicles5↦0.0)}",
        "Reward": "0.6666666666666669",
        "VehiclesAx": "{(EgoVehicle↦0.0),(Vehicles2↦0.01408800482749939),(Vehicles3↦0.002808608114719391),(Vehicles4↦0.0004932284355163574),(Vehicles5↦0.015411190688610077)}",
        "VehiclesVx": "{(EgoVehicle↦20.0),(Vehicles2↦0.21951615810394287),(Vehicles3↦0.30050067231059074),(Vehicles4↦0.4610278829932213),(Vehicles5↦0.34436244517564774)}",
        "VehiclesY": "{(EgoVehicle↦2.6645352591003757E-15),(Vehicles2↦4.0000001192092896),(Vehicles3↦8.000000238418579),(Vehicles4↦-3.9968028886505635E-15),(Vehicles5↦4.0000001192092896)}",
        "VehiclesVy": "{(EgoVehicle↦0.0),(Vehicles2↦0.0),(Vehicles3↦0.0),(Vehicles4↦0.0),(Vehicles5↦0.0)}",
        "VehiclesX": "{(EgoVehicle↦200.0),(Vehicles2↦-3.0493909493088722),(Vehicles3↦4.648455232381821),(Vehicles4↦48.99021089076996),(Vehicles5↦55.67781925201416)}"
      },
      "probabilisticVariables": null,
      "activating": [
        "IDLE_53"
      ],
      "activatingOnlyWhenExecuted": true,
      "updating": null,
      "withPredicate": null
    },
    {
      "id": "IDLE_53",
      "execute": "IDLE",
      "after": "1000",
      "priority": 0,
      "additionalGuards": null,
      "activationKind": null,
      "fixedVariables": {
        "Crash": "FALSE",
        "VehiclesAy": "{(EgoVehicle↦0.0),(Vehicles2↦0.0),(Vehicles3↦0.0),(Vehicles4↦0.0),(Vehicles5↦0.0)}",
        "Reward": "0.6666666666666669",
        "VehiclesAx": "{(EgoVehicle↦0.0),(Vehicles2↦0.01406051218509674),(Vehicles3↦0.003414992243051529),(Vehicles4↦0.0007408857345581055),(Vehicles5↦0.015047751367092133)}",
        "VehiclesVx": "{(EgoVehicle↦20.0),(Vehicles2↦0.2335766702890396),(Vehicles3↦0.3039156645536423),(Vehicles4↦0.4617687687277794),(Vehicles5↦0.35941019654273987)}",
        "VehiclesY": "{(EgoVehicle↦2.6645352591003757E-15),(Vehicles2↦4.0000001192092896),(Vehicles3↦8.000000238418579),(Vehicles4↦-3.9968028886505635E-15),(Vehicles5↦4.0000001192092896)}",
        "VehiclesVy": "{(EgoVehicle↦0.0),(Vehicles2↦0.0),(Vehicles3↦0.0),(Vehicles4↦0.0),(Vehicles5↦0.0)}",
        "VehiclesX": "{(EgoVehicle↦200.0),(Vehicles2↦-2.824247069656849),(Vehicles3↦4.950274899601936),(Vehicles4↦49.451518058776855),(Vehicles5↦56.028228998184204)}"
      },
      "probabilisticVariables": null,
      "activating": [
        "IDLE_54"
      ],
      "activatingOnlyWhenExecuted": true,
      "updating": null,
      "withPredicate": null
    },
    {
      "id": "IDLE_54",
      "execute": "IDLE",
      "after": "1000",
      "priority": 0,
      "additionalGuards": null,
      "activationKind": null,
      "fixedVariables": {
        "Crash": "FALSE",
        "VehiclesAy": "{(EgoVehicle↦0.0),(Vehicles2↦0.0),(Vehicles3↦0.0),(Vehicles4↦0.0),(Vehicles5↦0.0)}",
        "Reward": "0.6666666666666669",
        "VehiclesAx": "{(EgoVehicle↦0.0),(Vehicles2↦0.014004018157720566),(Vehicles3↦0.003983229398727417),(Vehicles4↦0.0009680166840553284),(Vehicles5↦0.01469198614358902)}",
        "VehiclesVx": "{(EgoVehicle↦20.0),(Vehicles2↦0.24758068844676018),(Vehicles3↦0.3078988939523697),(Vehicles4↦0.4627367854118347),(Vehicles5↦0.3741021826863289)}",
        "VehiclesY": "{(EgoVehicle↦2.6645352591003757E-15),(Vehicles2↦4.0000001192092896),(Vehicles3↦8.000000238418579),(Vehicles4↦-3.9968028886505635E-15),(Vehicles5↦4.0000001192092896)}",
        "VehiclesVy": "{(EgoVehicle↦0.0),(Vehicles2↦0.0),(Vehicles3↦0.0),(Vehicles4↦0.0),(Vehicles5↦0.0)}",
        "VehiclesX": "{(EgoVehicle↦200.0),(Vehicles2↦-2.5850631296634674),(Vehicles3↦5.255740135908127),(Vehicles4↦49.91365671157837),(Vehicles5↦56.39354586601257)}"
      },
      "probabilisticVariables": null,
      "activating": [
        "IDLE_55"
      ],
      "activatingOnlyWhenExecuted": true,
      "updating": null,
      "withPredicate": null
    },
    {
      "id": "IDLE_55",
      "execute": "IDLE",
      "after": "1000",
      "priority": 0,
      "additionalGuards": null,
      "activationKind": null,
      "fixedVariables": {
        "Crash": "FALSE",
        "VehiclesAy": "{(EgoVehicle↦0.0),(Vehicles2↦0.0),(Vehicles3↦0.0),(Vehicles4↦0.0),(Vehicles5↦0.0)}",
        "Reward": "0.6666666666666669",
        "VehiclesAx": "{(EgoVehicle↦0.0),(Vehicles2↦0.013922452926635742),(Vehicles3↦0.0045143067836761475),(Vehicles4↦0.0011762231588363647),(Vehicles5↦0.014344342052936554)}",
        "VehiclesVx": "{(EgoVehicle↦20.0),(Vehicles2↦0.2615031413733959),(Vehicles3↦0.31241320073604584),(Vehicles4↦0.4639130085706711),(Vehicles5↦0.38844652473926544)}",
        "VehiclesY": "{(EgoVehicle↦2.6645352591003757E-15),(Vehicles2↦4.0000001192092896),(Vehicles3↦8.000000238418579),(Vehicles4↦-3.9968028886505635E-15),(Vehicles5↦4.0000001192092896)}",
        "VehiclesVy": "{(EgoVehicle↦0.0),(Vehicles2↦0.0),(Vehicles3↦0.0),(Vehicles4↦0.0),(Vehicles5↦0.0)}",
        "VehiclesX": "{(EgoVehicle↦200.0),(Vehicles2↦-2.3319061845541),(Vehicles3↦5.565403401851654),(Vehicles4↦50.37684440612793),(Vehicles5↦56.773412227630615)}"
      },
      "probabilisticVariables": null,
      "activating": [
        "IDLE_56"
      ],
      "activatingOnlyWhenExecuted": true,
      "updating": null,
      "withPredicate": null
    },
    {
      "id": "IDLE_56",
      "execute": "IDLE",
      "after": "1000",
      "priority": 0,
      "additionalGuards": null,
      "activationKind": null,
      "fixedVariables": {
        "Crash": "FALSE",
        "VehiclesAy": "{(EgoVehicle↦0.0),(Vehicles2↦0.0),(Vehicles3↦0.0),(Vehicles4↦0.0),(Vehicles5↦0.0)}",
        "Reward": "0.6666666666666669",
        "VehiclesAx": "{(EgoVehicle↦0.0),(Vehicles2↦0.013819392770528793),(Vehicles3↦0.005009323358535767),(Vehicles4↦0.001366734504699707),(Vehicles5↦0.014004930853843689)}",
        "VehiclesVx": "{(EgoVehicle↦20.0),(Vehicles2↦0.2753225341439247),(Vehicles3↦0.3174225240945816),(Vehicles4↦0.4652797430753708),(Vehicles5↦0.40245145559310913)}",
        "VehiclesY": "{(EgoVehicle↦2.6645352591003757E-15),(Vehicles2↦4.0000001192092896),(Vehicles3↦8.000000238418579),(Vehicles4↦-3.9968028886505635E-15),(Vehicles5↦4.0000001192092896)}",
        "VehiclesVy": "{(EgoVehicle↦0.0),(Vehicles2↦0.0),(Vehicles3↦0.0),(Vehicles4↦0.0),(Vehicles5↦0.0)}",
        "VehiclesX": "{(EgoVehicle↦200.0),(Vehicles2↦-2.0648662000894547),(Vehicles3↦5.879782140254974),(Vehicles4↦50.84128975868225),(Vehicles5↦57.16748833656311)}"
      },
      "probabilisticVariables": null,
      "activating": [
        "IDLE_57"
      ],
      "activatingOnlyWhenExecuted": true,
      "updating": null,
      "withPredicate": null
    },
    {
      "id": "IDLE_57",
      "execute": "IDLE",
      "after": "1000",
      "priority": 0,
      "additionalGuards": null,
      "activationKind": null,
      "fixedVariables": {
        "Crash": "FALSE",
        "VehiclesAy": "{(EgoVehicle↦0.0),(Vehicles2↦0.0),(Vehicles3↦0.0),(Vehicles4↦0.0),(Vehicles5↦0.0)}",
        "Reward": "0.6666666666666669",
        "VehiclesAx": "{(EgoVehicle↦0.0),(Vehicles2↦0.013698004186153412),(Vehicles3↦0.0054695457220077515),(Vehicles4↦0.0015409290790557861),(Vehicles5↦0.013674087822437286)}",
        "VehiclesVx": "{(EgoVehicle↦20.0),(Vehicles2↦0.2890205383300781),(Vehicles3↦0.32289206981658936),(Vehicles4↦0.4668206721544266),(Vehicles5↦0.4161255434155464)}",
        "VehiclesY": "{(EgoVehicle↦2.6645352591003757E-15),(Vehicles2↦4.0000001192092896),(Vehicles3↦8.000000238418579),(Vehicles4↦-3.9968028886505635E-15),(Vehicles5↦4.0000001192092896)}",
        "VehiclesVy": "{(EgoVehicle↦0.0),(Vehicles2↦0.0),(Vehicles3↦0.0),(Vehicles4↦0.0),(Vehicles5↦0.0)}",
        "VehiclesX": "{(EgoVehicle↦200.0),(Vehicles2↦-1.7840540036559105),(Vehicles3↦6.199357286095619),(Vehicles4↦51.30717158317566),(Vehicles5↦57.57543444633484)}"
      },
      "probabilisticVariables": null,
      "activating": [
        "FASTER_58"
      ],
      "activatingOnlyWhenExecuted": true,
      "updating": null,
      "withPredicate": null
    },
    {
      "id": "FASTER_58",
      "execute": "FASTER",
      "after": "1000",
      "priority": 0,
      "additionalGuards": null,
      "activationKind": null,
      "fixedVariables": {
        "Crash": "FALSE",
        "VehiclesAy": "{(EgoVehicle↦0.0),(Vehicles2↦0.0),(Vehicles3↦0.0),(Vehicles4↦0.0),(Vehicles5↦0.0)}",
        "Reward": "0.7824417009602195",
        "VehiclesAx": "{(EgoVehicle↦4.341564178466797),(Vehicles2↦-4.328002631664276),(Vehicles3↦-4.3356674909591675),(Vehicles4↦-4.339863732457161),(Vehicles5↦-4.328212030231953)}",
        "VehiclesVx": "{(EgoVehicle↦24.341564178466797),(Vehicles2↦-4.038982093334198),(Vehicles3↦-4.012775421142578),(Vehicles4↦-3.8730430603027344),(Vehicles5↦-3.9120864868164062)}",
        "VehiclesY": "{(EgoVehicle↦2.6645352591003757E-15),(Vehicles2↦4.0000001192092896),(Vehicles3↦8.000000238418579),(Vehicles4↦-3.9968028886505635E-15),(Vehicles5↦4.0000001192092896)}",
        "VehiclesVy": "{(EgoVehicle↦0.0),(Vehicles2↦0.0),(Vehicles3↦0.0),(Vehicles4↦0.0),(Vehicles5↦0.0)}",
        "VehiclesX": "{(EgoVehicle↦200.0),(Vehicles2↦-3.8846593350172043),(Vehicles3↦4.12951335310936),(Vehicles4↦49.37960207462311),(Vehicles5↦55.60186505317688)}"
      },
      "probabilisticVariables": null,
      "activating": [
        "IDLE_59"
      ],
      "activatingOnlyWhenExecuted": true,
      "updating": null,
      "withPredicate": null
    },
    {
      "id": "IDLE_59",
      "execute": "IDLE",
      "after": "1000",
      "priority": 0,
      "additionalGuards": null,
      "activationKind": null,
      "fixedVariables": {
        "Crash": "FALSE",
        "VehiclesAy": "{(EgoVehicle↦0.0),(Vehicles2↦0.0),(Vehicles3↦0.0),(Vehicles4↦0.0),(Vehicles5↦0.0)}",
        "Reward": "0.7976877960112224",
        "VehiclesAx": "{(EgoVehicle↦0.5717277526855469),(Vehicles2↦-0.5392313003540039),(Vehicles3↦-0.5845245718955994),(Vehicles4↦-0.5698835849761963),(Vehicles5↦-0.5586907267570496)}",
        "VehiclesVx": "{(EgoVehicle↦24.913291931152344),(Vehicles2↦-4.578213393688202),(Vehicles3↦-4.5972999930381775),(Vehicles4↦-4.442926645278931),(Vehicles5↦-4.470777213573456)}",
        "VehiclesY": "{(EgoVehicle↦2.6645352591003757E-15),(Vehicles2↦8.000000238418579),(Vehicles3↦4.0000001192092896),(Vehicles4↦-5.329070518200751E-15),(Vehicles5↦4.0000001192092896)}",
        "VehiclesVy": "{(EgoVehicle↦0.0),(Vehicles2↦0.0),(Vehicles3↦0.0),(Vehicles4↦0.0),(Vehicles5↦0.0)}",
        "VehiclesX": "{(EgoVehicle↦200.0),(Vehicles2↦-0.19617544021457434),(Vehicles3↦-8.233664184808731),(Vehicles4↦45.19188702106476),(Vehicles5↦51.37962102890015)}"
      },
      "probabilisticVariables": null,
      "activating": [
        "SLOWER_60"
      ],
      "activatingOnlyWhenExecuted": true,
      "updating": null,
      "withPredicate": null
    },
    {
      "id": "SLOWER_60",
      "execute": "SLOWER",
      "after": "1000",
      "priority": 0,
      "additionalGuards": null,
      "activationKind": null,
      "fixedVariables": {
        "Crash": "FALSE",
        "VehiclesAy": "{(EgoVehicle↦0.0),(Vehicles2↦0.0),(Vehicles3↦0.0),(Vehicles4↦0.0),(Vehicles5↦0.0)}",
        "Reward": "0.6839204779383777",
        "VehiclesAx": "{(EgoVehicle↦-4.2662739753723145),(Vehicles2↦4.272928666323423),(Vehicles3↦4.422624576836824),(Vehicles4↦4.251156449317932),(Vehicles5↦4.246285427361727)}",
        "VehiclesVx": "{(EgoVehicle↦20.64701795578003),(Vehicles2↦-0.3052847273647785),(Vehicles3↦-0.17467541620135307),(Vehicles4↦-0.19177019596099854),(Vehicles5↦-0.22449178621172905)}",
        "VehiclesY": "{(EgoVehicle↦2.6645352591003757E-15),(Vehicles2↦8.000000238418579),(Vehicles3↦-3.9968028886505635E-15),(Vehicles4↦4.0000001192092896),(Vehicles5↦8.000000238418579)}",
        "VehiclesVy": "{(EgoVehicle↦0.0),(Vehicles2↦0.0),(Vehicles3↦0.0),(Vehicles4↦0.0),(Vehicles5↦0.0)}",
        "VehiclesX": "{(EgoVehicle↦200.0),(Vehicles2↦-2.418227307498455),(Vehicles3↦43.10326874256134),(Vehicles4↦49.26748871803284),(Vehicles5↦63.28480839729309)}"
      },
      "probabilisticVariables": null,
      "activating": [
        "IDLE_61"
      ],
      "activatingOnlyWhenExecuted": true,
      "updating": null,
      "withPredicate": null
    },
    {
      "id": "IDLE_61",
      "execute": "IDLE",
      "after": "1000",
      "priority": 0,
      "additionalGuards": null,
      "activationKind": null,
      "fixedVariables": {
        "Crash": "FALSE",
        "VehiclesAy": "{(EgoVehicle↦0.0),(Vehicles2↦0.0),(Vehicles3↦0.0),(Vehicles4↦0.0),(Vehicles5↦0.0)}",
        "Reward": "0.6689387735008014",
        "VehiclesAx": "{(EgoVehicle↦-0.5618143081665039),(Vehicles2↦0.5688023194670677),(Vehicles3↦0.5639108084142208),(Vehicles4↦0.5742496624588966),(Vehicles5↦0.5744417198002338)}",
        "VehiclesVx": "{(EgoVehicle↦20.085203647613525),(Vehicles2↦0.2635175921022892),(Vehicles3↦0.38923539221286774),(Vehicles4↦0.3824794664978981),(Vehicles5↦0.3499499335885048)}",
        "VehiclesY": "{(EgoVehicle↦2.6645352591003757E-15),(Vehicles2↦8.000000238418579),(Vehicles3↦-3.9968028886505635E-15),(Vehicles4↦4.0000001192092896),(Vehicles5↦8.000000238418579)}",
        "VehiclesVy": "{(EgoVehicle↦0.0),(Vehicles2↦0.0),(Vehicles3↦0.0),(Vehicles4↦0.0),(Vehicles5↦0.0)}",
        "VehiclesX": "{(EgoVehicle↦200.0),(Vehicles2↦-2.4108126759529114),(Vehicles3↦43.239352107048035),(Vehicles4↦49.39064681529999),(Vehicles5↦63.37530016899109)}"
      },
      "probabilisticVariables": null,
      "activating": null,
      "activatingOnlyWhenExecuted": true,
      "updating": null,
      "withPredicate": null
    }
  ],
  "listeners": [],
  "metadata": {
    "fileType": "Timed_Trace",
    "formatVersion": 3,
    "savedAt": "2023-08-21T13:22:46.035094Z",
    "creator": "Simulation: HYPOTHESIS_TEST; SIGNIFICANCE : 0.05, PROBABILITY : 0.95, MAX_STEPS_BEFORE_PROPERTY : 0, EXECUTIONS : 1000, PREDICATE : Crash = FALSE, ENDING_TIME : 60000, HYPOTHESIS_CHECKING_TYPE : LEFT_TAILED, CHECKING_TYPE : PREDICATE_INVARIANT",
    "proB2KernelVersion": "4.12.2",
    "proBCliVersion": "1.12.2-final",
    "modelName": "HighwayEnvironment2"
  }
}