{
  "variables": {},
  "activations": [
    {
      "id": "$setup_constants",
      "execute": "$setup_constants",
      "after": "0",
      "priority": 0,
      "additionalGuards": null,
      "activationKind": null,
      "fixedVariables": null,
      "probabilisticVariables": null,
      "activating": null,
      "activatingOnlyWhenExecuted": true,
      "updating": null,
      "withPredicate": null
    },
    {
      "id": "$initialise_machine",
      "execute": "$initialise_machine",
      "after": "0",
      "priority": 0,
      "additionalGuards": null,
      "activationKind": null,
      "fixedVariables": {
        "Crash": "FALSE",
        "VehiclesAy": "{(EgoVehicle↦0.0),(Vehicles2↦0.0),(Vehicles3↦0.0),(Vehicles4↦0.0),(Vehicles5↦0.0)}",
        "Reward": "0.0",
        "VehiclesAx": "{(EgoVehicle↦0.0),(Vehicles2↦0.0),(Vehicles3↦0.0),(Vehicles4↦0.0),(Vehicles5↦0.0)}",
        "VehiclesVx": "{(EgoVehicle↦25.0),(Vehicles2↦-2.5227007269859314),(Vehicles3↦-3.9686203002929688),(Vehicles4↦-1.5181159973144531),(Vehicles5↦-1.7748664319515228)}",
        "VehiclesY": "{(EgoVehicle↦4.0000001192092896),(Vehicles2↦-4.0000001192092896),(Vehicles3↦0.0),(Vehicles4↦4.0000001192092896),(Vehicles5↦4.0000001192092896)}",
        "VehiclesVy": "{(EgoVehicle↦0.0),(Vehicles2↦0.0),(Vehicles3↦0.0),(Vehicles4↦0.0),(Vehicles5↦0.0)}",
        "VehiclesX": "{(EgoVehicle↦152.41084098815918),(Vehicles2↦26.049035787582397),(Vehicles3↦50.476062297821045),(Vehicles4↦72.57921099662781),(Vehicles5↦94.94021534919739)}"
      },
      "probabilisticVariables": null,
      "activating": [
        "LANE_RIGHT_2"
      ],
      "activatingOnlyWhenExecuted": true,
      "updating": null,
      "withPredicate": null
    },
    {
      "id": "LANE_RIGHT_2",
      "execute": "LANE_RIGHT",
      "after": "1000",
      "priority": 0,
      "additionalGuards": null,
      "activationKind": null,
      "fixedVariables": {
        "Crash": "FALSE",
        "VehiclesAy": "{(EgoVehicle↦1.0796338319778442),(Vehicles2↦-1.0796338319778442),(Vehicles3↦-1.0796338319778442),(Vehicles4↦-1.0796338319778442),(Vehicles5↦-1.0796338319778442)}",
        "Reward": "0.8660447183419508",
        "VehiclesAx": "{(EgoVehicle↦-0.023322105407714844),(Vehicles2↦-0.39012521505355835),(Vehicles3↦-0.2343505620956421),(Vehicles4↦-5.426700711250305),(Vehicles5↦-1.9937701523303986)}",
        "VehiclesVx": "{(EgoVehicle↦24.976677894592285),(Vehicles2↦-2.9128259420394897),(Vehicles3↦-4.202970862388611),(Vehicles4↦-6.944816708564758),(Vehicles5↦-3.7686365842819214)}",
        "VehiclesY": "{(EgoVehicle↦7.6599647998809814),(Vehicles2↦-7.6599647998809814),(Vehicles3↦-3.6599650382995605),(Vehicles4↦0.3400348797440529),(Vehicles5↦0.3400348797440529)}",
        "VehiclesVy": "{(EgoVehicle↦1.0796338319778442),(Vehicles2↦-1.0796338319778442),(Vehicles3↦-1.0796338319778442),(Vehicles4↦-1.0796338319778442),(Vehicles5↦-1.0796338319778442)}",
        "VehiclesX": "{(EgoVehicle↦177.09108591079712),(Vehicles2↦23.660863935947418),(Vehicles3↦46.71136140823364),(Vehicles4↦69.00109648704529),(Vehicles5↦92.60129928588867)}"
      },
      "probabilisticVariables": null,
      "activating": [
        "IDLE_3"
      ],
      "activatingOnlyWhenExecuted": true,
      "updating": null,
      "withPredicate": null
    },
    {
      "id": "IDLE_3",
      "execute": "IDLE",
      "after": "1000",
      "priority": 0,
      "additionalGuards": null,
      "activationKind": null,
      "fixedVariables": {
        "Crash": "FALSE",
        "VehiclesAy": "{(EgoVehicle↦-1.041519611608237),(Vehicles2↦1.041519611608237),(Vehicles3↦1.041519611608237),(Vehicles4↦1.041519611608237),(Vehicles5↦-1.1177480523474514)}",
        "Reward": "0.8666658918962077",
        "VehiclesAx": "{(EgoVehicle↦0.023293495178222656),(Vehicles2↦-0.2514183521270752),(Vehicles3↦-0.1741895079612732),(Vehicles4↦-1.6866374015808105),(Vehicles5↦-1.3982301950454712)}",
        "VehiclesVx": "{(EgoVehicle↦24.999971389770508),(Vehicles2↦-3.164244294166565),(Vehicles3↦-4.377160370349884),(Vehicles4↦-8.631454110145569),(Vehicles5↦-5.166866779327393)}",
        "VehiclesY": "{(EgoVehicle↦7.988499641418457),(Vehicles2↦-7.988499641418457),(Vehicles3↦-3.9884995222091675),(Vehicles4↦0.01150053832679987),(Vehicles5↦0.01150053832679987)}",
        "VehiclesVy": "{(EgoVehicle↦0.03811422036960721),(Vehicles2↦-0.03811422036960721),(Vehicles3↦-0.03811422036960721),(Vehicles4↦-0.03811422036960721),(Vehicles5↦-0.03811422036960721)}",
        "VehiclesX": "{(EgoVehicle↦200.0),(Vehicles2↦20.62651813030243),(Vehicles3↦42.4222856760025),(Vehicles4↦61.192357540130615),(Vehicles5↦88.22852373123169)}"
      },
      "probabilisticVariables": null,
      "activating": [
        "SLOWER_4"
      ],
      "activatingOnlyWhenExecuted": true,
      "updating": null,
      "withPredicate": null
    },
    {
      "id": "SLOWER_4",
      "execute": "SLOWER",
      "after": "1000",
      "priority": 0,
      "additionalGuards": null,
      "activationKind": null,
      "fixedVariables": {
        "Crash": "FALSE",
        "VehiclesAy": "{(EgoVehicle↦-0.036545634939102456),(Vehicles2↦0.036545634939102456),(Vehicles3↦0.036545634939102456),(Vehicles4↦0.036545634939102456),(Vehicles5↦-0.039682805800111964)}",
        "Reward": "0.7508916307850879",
        "VehiclesAx": "{(EgoVehicle↦-4.341535568237305),(Vehicles2↦4.214703440666199),(Vehicles3↦4.253476494923234),(Vehicles4↦3.920063078403473),(Vehicles5↦3.3279159665107727)}",
        "VehiclesVx": "{(EgoVehicle↦20.658435821533203),(Vehicles2↦1.0504591464996338),(Vehicles3↦-0.12368387542665005),(Vehicles4↦-4.711391031742096),(Vehicles5↦-1.8389508128166199)}",
        "VehiclesY": "{(EgoVehicle↦7.999458074569702),(Vehicles2↦-7.999458074569702),(Vehicles3↦-3.999457597732544),(Vehicles4↦0.0005422821996035054),(Vehicles5↦0.0005422821996035054)}",
        "VehiclesVy": "{(EgoVehicle↦0.0015685854305047542),(Vehicles2↦-0.0015685854305047542),(Vehicles3↦-0.0015685854305047542),(Vehicles4↦-0.0015685854305047542),(Vehicles5↦-0.0015685854305047542)}",
        "VehiclesX": "{(EgoVehicle↦200.0),(Vehicles2↦19.800637662410736),(Vehicles3↦40.400949120521545),(Vehicles4↦54.73969578742981),(Vehicles5↦85.02675890922546)}"
      },
      "probabilisticVariables": null,
      "activating": [
        "SLOWER_5"
      ],
      "activatingOnlyWhenExecuted": true,
      "updating": null,
      "withPredicate": null
    },
    {
      "id": "SLOWER_5",
      "execute": "SLOWER",
      "after": "1000",
      "priority": 0,
      "additionalGuards": null,
      "activationKind": null,
      "fixedVariables": {
        "Crash": "FALSE",
        "VehiclesAy": "{(EgoVehicle↦-0.0014723455842613475),(Vehicles2↦0.0014723455842613475),(Vehicles3↦0.0014723455842613475),(Vehicles4↦0.0014723455842613475),(Vehicles5↦-0.0016648252767481608)}",
        "Reward": "0.735645537315963",
        "VehiclesAx": "{(EgoVehicle↦-0.5717277526855469),(Vehicles2↦0.5018499493598938),(Vehicles3↦0.22733244113624096),(Vehicles4↦0.5124258995056152),(Vehicles5↦-0.2999289333820343)}",
        "VehiclesVx": "{(EgoVehicle↦20.086708068847656),(Vehicles2↦1.5523090958595276),(Vehicles3↦0.10364856570959091),(Vehicles4↦-4.198965132236481),(Vehicles5↦-2.138879746198654)}",
        "VehiclesY": "{(EgoVehicle↦7.999966621398926),(Vehicles2↦-7.999966621398926),(Vehicles3↦-3.999966859817505),(Vehicles4↦3.316687980259303E-05),(Vehicles5↦3.316687980259303E-05)}",
        "VehiclesVy": "{(EgoVehicle↦9.623984624340665E-05),(Vehicles2↦-9.623984624340665E-05),(Vehicles3↦-9.623984624340665E-05),(Vehicles4↦-9.623984624340665E-05),(Vehicles5↦-9.623984624340665E-05)}",
        "VehiclesX": "{(EgoVehicle↦200.0),(Vehicles2↦21.135175228118896),(Vehicles3↦40.53845703601837),(Vehicles4↦50.306445360183716),(Vehicles5↦83.1700325012207)}"
      },
      "probabilisticVariables": null,
      "activating": [
        "SLOWER_6"
      ],
      "activatingOnlyWhenExecuted": true,
      "updating": null,
      "withPredicate": null
    },
    {
      "id": "SLOWER_6",
      "execute": "SLOWER",
      "after": "1000",
      "priority": 0,
      "additionalGuards": null,
      "activationKind": null,
      "fixedVariables": {
        "Crash": "FALSE",
        "VehiclesAy": "{(EgoVehicle↦-9.025937401929696E-05),(Vehicles2↦9.025937401929696E-05),(Vehicles3↦9.025937401929696E-05),(Vehicles4↦9.025937401929696E-05),(Vehicles5↦-0.00010222031846751634)}",
        "Reward": "0.7336378211013791",
        "VehiclesAx": "{(EgoVehicle↦-0.07529020309448242),(Vehicles2↦0.037799328565597534),(Vehicles3↦-0.3614463843405247),(Vehicles4↦0.23237496614456177),(Vehicles5↦0.8694484829902649)}",
        "VehiclesVx": "{(EgoVehicle↦20.011417865753174),(Vehicles2↦1.5901084244251251),(Vehicles3↦-0.25779781863093376),(Vehicles4↦-3.966590166091919),(Vehicles5↦-1.2694312632083893)}",
        "VehiclesY": "{(EgoVehicle↦7.999998092651367),(Vehicles2↦-7.999998092651367),(Vehicles3↦-3.9999979734420776),(Vehicles4↦2.0593382146216754E-06),(Vehicles5↦2.0593382146216754E-06)}",
        "VehiclesVy": "{(EgoVehicle↦5.98047222410969E-06),(Vehicles2↦-5.98047222410969E-06),(Vehicles3↦-5.98047222410969E-06),(Vehicles4↦-5.98047222410969E-06),(Vehicles5↦-5.98047222410969E-06)}",
        "VehiclesX": "{(EgoVehicle↦200.0),(Vehicles2↦22.7121040225029),(Vehicles3↦40.48320949077606),(Vehicles4↦46.17319405078888),(Vehicles5↦81.26457333564758)}"
      },
      "probabilisticVariables": null,
      "activating": [
        "SLOWER_7"
      ],
      "activatingOnlyWhenExecuted": true,
      "updating": null,
      "withPredicate": null
    },
    {
      "id": "SLOWER_7",
      "execute": "SLOWER",
      "after": "1000",
      "priority": 0,
      "additionalGuards": null,
      "activationKind": null,
      "fixedVariables": {
        "Crash": "FALSE",
        "VehiclesAy": "{(EgoVehicle↦-5.608429418657579E-06),(Vehicles2↦5.608429418657579E-06),(Vehicles3↦5.608429418657579E-06),(Vehicles4↦5.608429418657579E-06),(Vehicles5↦-6.3525150295618005E-06)}",
        "Reward": "0.7333734304879762",
        "VehiclesAx": "{(EgoVehicle↦-0.009913444519042969),(Vehicles2↦-0.009177327156066895),(Vehicles3↦-0.20323557779192924),(Vehicles4↦0.5394428968429565),(Vehicles5↦0.8008841797709465)}",
        "VehiclesVx": "{(EgoVehicle↦20.00150442123413),(Vehicles2↦1.5809310972690582),(Vehicles3↦-0.461033396422863),(Vehicles4↦-3.4271472692489624),(Vehicles5↦-0.4685470834374428)}",
        "VehiclesY": "{(EgoVehicle↦7.999999523162842),(Vehicles2↦-7.999999523162842),(Vehicles3↦-3.999999761581421),(Vehicles4↦1.2809649874157003E-07),(Vehicles5↦1.2809649874157003E-07)}",
        "VehiclesVy": "{(EgoVehicle↦3.7204280545211077E-07),(Vehicles2↦-3.7204280545211077E-07),(Vehicles3↦-3.7204280545211077E-07),(Vehicles4↦-3.7204280545211077E-07),(Vehicles5↦-3.7204280545211077E-07)}",
        "VehiclesX": "{(EgoVehicle↦200.0),(Vehicles2↦24.298959970474243),(Vehicles3↦40.1332825422287),(Vehicles4↦42.406681180000305),(Vehicles5↦80.34574389457703)}"
      },
      "probabilisticVariables": null,
      "activating": [
        "IDLE_8"
      ],
      "activatingOnlyWhenExecuted": true,
      "updating": null,
      "withPredicate": null
    },
    {
      "id": "IDLE_8",
      "execute": "IDLE",
      "after": "1000",
      "priority": 0,
      "additionalGuards": null,
      "activationKind": null,
      "fixedVariables": {
        "Crash": "FALSE",
        "VehiclesAy": "{(EgoVehicle↦-3.488948507879286E-07),(Vehicles2↦3.488948596697128E-07),(Vehicles3↦3.488948596697128E-07),(Vehicles4↦3.488948596697128E-07),(Vehicles5↦-3.9519075123450875E-07)}",
        "Reward": "0.7333386136170722",
        "VehiclesAx": "{(EgoVehicle↦-0.0013065338134765625),(Vehicles2↦-0.007481426000595093),(Vehicles3↦-2.3287956789135933),(Vehicles4↦2.871330939233303),(Vehicles5↦0.4860652470961213)}",
        "VehiclesVx": "{(EgoVehicle↦20.000197887420654),(Vehicles2↦1.5734496712684631),(Vehicles3↦-2.7898290753364563),(Vehicles4↦-0.5558163300156593),(Vehicles5↦0.01751816365867853)}",
        "VehiclesY": "{(EgoVehicle↦8.000000238418579),(Vehicles2↦-8.000000238418579),(Vehicles3↦7.969856774536765E-09),(Vehicles4↦-4.0000001192092896),(Vehicles5↦7.969856774536765E-09)}",
        "VehiclesVy": "{(EgoVehicle↦2.314795466418218E-08),(Vehicles2↦-2.3147945782397983E-08),(Vehicles3↦-2.3147945782397983E-08),(Vehicles4↦-2.3147945782397983E-08),(Vehicles5↦-2.3147945782397983E-08)}",
        "VehiclesX": "{(EgoVehicle↦200.0),(Vehicles2↦25.876498222351074),(Vehicles3↦39.23329412937164),(Vehicles4↦39.62770402431488),(Vehicles5↦80.0921380519867)}"
      },
      "probabilisticVariables": null,
      "activating": [
        "SLOWER_9"
      ],
      "activatingOnlyWhenExecuted": true,
      "updating": null,
      "withPredicate": null
    },
    {
      "id": "SLOWER_9",
      "execute": "SLOWER",
      "after": "1000",
      "priority": 0,
      "additionalGuards": null,
      "activationKind": null,
      "fixedVariables": {
        "Crash": "FALSE",
        "VehiclesAy": "{(EgoVehicle↦-2.170770230236485E-08),(Vehicles2↦2.1707693420580654E-08),(Vehicles3↦2.1707693420580654E-08),(Vehicles4↦2.1707693420580654E-08),(Vehicles5↦-2.4588198144215312E-08)}",
        "Reward": "0.73333402867934",
        "VehiclesAx": "{(EgoVehicle↦-0.000171661376953125),(Vehicles2↦-0.0030308961868286133),(Vehicles3↦0.603424459695816),(Vehicles4↦-0.031198933720588684),(Vehicles5↦0.27687571477144957)}",
        "VehiclesVx": "{(EgoVehicle↦20.0000262260437),(Vehicles2↦1.5704187750816345),(Vehicles3↦-2.1864046156406403),(Vehicles4↦-0.587015263736248),(Vehicles5↦0.2943938784301281)}",
        "VehiclesY": "{(EgoVehicle↦8.000000238418579),(Vehicles2↦-8.000000238418579),(Vehicles3↦4.958806698596163E-10),(Vehicles4↦-4.0000001192092896),(Vehicles5↦4.958806698596163E-10)}",
        "VehiclesVy": "{(EgoVehicle↦1.440252361817329E-09),(Vehicles2↦-1.440252361817329E-09),(Vehicles3↦-1.440252361817329E-09),(Vehicles4↦-1.440252361817329E-09),(Vehicles5↦-1.440252361817329E-09)}",
        "VehiclesX": "{(EgoVehicle↦200.0),(Vehicles2↦27.448445558547974),(Vehicles3↦36.69063448905945),(Vehicles4↦39.055681228637695),(Vehicles5↦80.23366332054138)}"
      },
      "probabilisticVariables": null,
      "activating": [
        "SLOWER_10"
      ],
      "activatingOnlyWhenExecuted": true,
      "updating": null,
      "withPredicate": null
    },
    {
      "id": "SLOWER_10",
      "execute": "SLOWER",
      "after": "1000",
      "priority": 0,
      "additionalGuards": null,
      "activationKind": null,
      "fixedVariables": {
        "Crash": "FALSE",
        "VehiclesAy": "{(EgoVehicle↦-1.3506351592695864E-09),(Vehicles2↦1.3506351592695864E-09),(Vehicles3↦1.3506351592695864E-09),(Vehicles4↦1.3506351592695864E-09),(Vehicles5↦-1.5298695643650717E-09)}",
        "Reward": "0.7333334249015317",
        "VehiclesAx": "{(EgoVehicle↦-2.384185791015625E-05),(Vehicles2↦-0.0003586709499359131),(Vehicles3↦0.5135750770568848),(Vehicles4↦0.0037115439772605896),(Vehicles5↦0.1448301039636135)}",
        "VehiclesVx": "{(EgoVehicle↦20.00000238418579),(Vehicles2↦1.5700601041316986),(Vehicles3↦-1.6728295385837555),(Vehicles4↦-0.5833037197589874),(Vehicles5↦0.4392239823937416)}",
        "VehiclesY": "{(EgoVehicle↦8.000000238418579),(Vehicles2↦-8.000000238418579),(Vehicles3↦3.085265376512325E-11),(Vehicles4↦-4.0000001192092896),(Vehicles5↦3.085265376512325E-11)}",
        "VehiclesVy": "{(EgoVehicle↦8.961720254774264E-11),(Vehicles2↦-8.961720254774264E-11),(Vehicles3↦-8.961720254774264E-11),(Vehicles4↦-8.961720254774264E-11),(Vehicles5↦-8.961720254774264E-11)}",
        "VehiclesX": "{(EgoVehicle↦200.0),(Vehicles2↦29.018577933311462),(Vehicles3↦34.71778929233551),(Vehicles4↦38.468167185783386),(Vehicles5↦80.59412837028503)}"
      },
      "probabilisticVariables": null,
      "activating": [
        "SLOWER_11"
      ],
      "activatingOnlyWhenExecuted": true,
      "updating": null,
      "withPredicate": null
    },
    {
      "id": "SLOWER_11",
      "execute": "SLOWER",
      "after": "1000",
      "priority": 0,
      "additionalGuards": null,
      "activationKind": null,
      "fixedVariables": {
        "Crash": "FALSE",
        "VehiclesAy": "{(EgoVehicle↦-8.403944207202585E-11),(Vehicles2↦8.404832385622285E-11),(Vehicles3↦8.404832385622285E-11),(Vehicles4↦8.404832385622285E-11),(Vehicles5↦-9.518608123926242E-11)}",
        "Reward": "0.7333333453916969",
        "VehiclesAx": "{(EgoVehicle↦-2.384185791015625E-06),(Vehicles2↦0.0008270144462585449),(Vehicles3↦0.41136130690574646),(Vehicles4↦0.021831467747688293),(Vehicles5↦0.0651998445391655)}",
        "VehiclesVx": "{(EgoVehicle↦20.0),(Vehicles2↦1.5708871185779572),(Vehicles3↦-1.261468231678009),(Vehicles4↦-0.5614722520112991),(Vehicles5↦0.5044238269329071)}",
        "VehiclesY": "{(EgoVehicle↦8.000000238418579),(Vehicles2↦-8.000000238418579),(Vehicles3↦1.9184653865522705E-12),(Vehicles4↦-4.0000001192092896),(Vehicles5↦1.9184653865522705E-12)}",
        "VehiclesVy": "{(EgoVehicle↦5.5777604757167865E-12),(Vehicles2↦-5.568878691519785E-12),(Vehicles3↦-5.568878691519785E-12),(Vehicles4↦-5.568878691519785E-12),(Vehicles5↦-5.568878691519785E-12)}",
        "VehiclesX": "{(EgoVehicle↦200.0),(Vehicles2↦30.588915944099426),(Vehicles3↦33.21751356124878),(Vehicles4↦37.89260685443878),(Vehicles5↦81.06423020362854)}"
      },
      "probabilisticVariables": null,
      "activating": [
        "SLOWER_12"
      ],
      "activatingOnlyWhenExecuted": true,
      "updating": null,
      "withPredicate": null
    },
    {
      "id": "SLOWER_12",
      "execute": "SLOWER",
      "after": "1000",
      "priority": 0,
      "additionalGuards": null,
      "activationKind": null,
      "fixedVariables": {
        "Crash": "FALSE",
        "VehiclesAy": "{(EgoVehicle↦-5.240252676230739E-12),(Vehicles2↦5.231370892033738E-12),(Vehicles3↦5.231370892033738E-12),(Vehicles4↦5.231370892033738E-12),(Vehicles5↦-5.906386491005833E-12)}",
        "Reward": "0.733333334921266",
        "VehiclesAx": "{(EgoVehicle↦0.0),(Vehicles2↦-2.514178305864334),(Vehicles3↦2.8334449231624603),(Vehicles4↦0.030484162271022797),(Vehicles5↦0.01905631273984909)}",
        "VehiclesVx": "{(EgoVehicle↦20.0),(Vehicles2↦-0.943291187286377),(Vehicles3↦1.5719766914844513),(Vehicles4↦-0.5309880897402763),(Vehicles5↦0.5234801396727562)}",
        "VehiclesY": "{(EgoVehicle↦8.000000238418579),(Vehicles2↦1.1723955140041653E-13),(Vehicles3↦-8.000000238418579),(Vehicles4↦-4.0000001192092896),(Vehicles5↦1.1723955140041653E-13)}",
        "VehiclesVy": "{(EgoVehicle↦3.375077994860476E-13),(Vehicles2↦-3.375077994860476E-13),(Vehicles3↦-3.375077994860476E-13),(Vehicles4↦-3.375077994860476E-13),(Vehicles5↦-3.375077994860476E-13)}",
        "VehiclesX": "{(EgoVehicle↦200.0),(Vehicles2↦32.090142369270325),(Vehicles3↦32.1602463722229),(Vehicles4↦37.34288811683655),(Vehicles5↦81.57899379730225)}"
      },
      "probabilisticVariables": null,
      "activating": [
        "SLOWER_13"
      ],
      "activatingOnlyWhenExecuted": true,
      "updating": null,
      "withPredicate": null
    },
    {
      "id": "SLOWER_13",
      "execute": "SLOWER",
      "after": "1000",
      "priority": 0,
      "additionalGuards": null,
      "activationKind": null,
      "fixedVariables": {
        "Crash": "FALSE",
        "VehiclesAy": "{(EgoVehicle↦-3.019806626980426E-13),(Vehicles2↦3.1086244689504383E-13),(Vehicles3↦3.1086244689504383E-13),(Vehicles4↦3.1086244689504383E-13),(Vehicles5↦-3.6415315207705135E-13)}",
        "Reward": "0.7333333335424438",
        "VehiclesAx": "{(EgoVehicle↦0.0),(Vehicles2↦0.241803377866745),(Vehicles3↦0.0008127093315124512),(Vehicles4↦0.033993497490882874),(Vehicles5↦-0.006477832794189453)}",
        "VehiclesVx": "{(EgoVehicle↦20.0),(Vehicles2↦-0.701487809419632),(Vehicles3↦1.5727894008159637),(Vehicles4↦-0.49699459224939346),(Vehicles5↦0.5170023068785667)}",
        "VehiclesY": "{(EgoVehicle↦8.000000238418579),(Vehicles2↦7.993605777301127E-15),(Vehicles3↦-8.000000238418579),(Vehicles4↦-4.0000001192092896),(Vehicles5↦7.993605777301127E-15)}",
        "VehiclesVy": "{(EgoVehicle↦3.552713678800501E-14),(Vehicles2↦-2.6645352591003757E-14),(Vehicles3↦-2.6645352591003757E-14),(Vehicles4↦-2.6645352591003757E-14),(Vehicles5↦-2.6645352591003757E-14)}",
        "VehiclesX": "{(EgoVehicle↦200.0),(Vehicles2↦31.248965859413147),(Vehicles3↦33.73258411884308),(Vehicles4↦36.82534992694855),(Vehicles5↦82.10133910179138)}"
      },
      "probabilisticVariables": null,
      "activating": [
        "SLOWER_14"
      ],
      "activatingOnlyWhenExecuted": true,
      "updating": null,
      "withPredicate": null
    },
    {
      "id": "SLOWER_14",
      "execute": "SLOWER",
      "after": "1000",
      "priority": 0,
      "additionalGuards": null,
      "activationKind": null,
      "fixedVariables": {
        "Crash": "FALSE",
        "VehiclesAy": "{(EgoVehicle↦-3.552713678800501E-14),(Vehicles2↦2.6645352591003757E-14),(Vehicles3↦2.6645352591003757E-14),(Vehicles4↦2.6645352591003757E-14),(Vehicles5↦-2.6645352591003757E-14)}",
        "Reward": "0.7333333333608705",
        "VehiclesAx": "{(EgoVehicle↦0.0),(Vehicles2↦0.1828167587518692),(Vehicles3↦0.00023066997528076172),(Vehicles4↦0.034833066165447235),(Vehicles5↦-0.019590333104133606)}",
        "VehiclesVx": "{(EgoVehicle↦20.0),(Vehicles2↦-0.5186710506677628),(Vehicles3↦1.5730200707912445),(Vehicles4↦-0.46216152608394623),(Vehicles5↦0.49741197377443314)}",
        "VehiclesY": "{(EgoVehicle↦8.000000238418579),(Vehicles2↦0.0),(Vehicles3↦-8.000000238418579),(Vehicles4↦-4.0000001192092896),(Vehicles5↦0.0)}",
        "VehiclesVy": "{(EgoVehicle↦0.0),(Vehicles2↦0.0),(Vehicles3↦0.0),(Vehicles4↦0.0),(Vehicles5↦0.0)}",
        "VehiclesX": "{(EgoVehicle↦200.0),(Vehicles2↦30.62467873096466),(Vehicles3↦35.30552089214325),(Vehicles4↦36.34228706359863),(Vehicles5↦82.61119723320007)}"
      },
      "probabilisticVariables": null,
      "activating": [
        "SLOWER_15"
      ],
      "activatingOnlyWhenExecuted": true,
      "updating": null,
      "withPredicate": null
    },
    {
      "id": "SLOWER_15",
      "execute": "SLOWER",
      "after": "1000",
      "priority": 0,
      "additionalGuards": null,
      "activationKind": null,
      "fixedVariables": {
        "Crash": "FALSE",
        "VehiclesAy": "{(EgoVehicle↦0.0),(Vehicles2↦0.0),(Vehicles3↦0.0),(Vehicles4↦0.0),(Vehicles5↦0.0)}",
        "Reward": "0.7333333333369597",
        "VehiclesAx": "{(EgoVehicle↦0.0),(Vehicles2↦0.1387527585029602),(Vehicles3↦-2.0008140429854393),(Vehicles4↦2.0346649736166),(Vehicles5↦-0.02530917525291443)}",
        "VehiclesVx": "{(EgoVehicle↦20.0),(Vehicles2↦-0.37991829216480255),(Vehicles3↦-0.4277939721941948),(Vehicles4↦1.5725034475326538),(Vehicles5↦0.4721027985215187)}",
        "VehiclesY": "{(EgoVehicle↦8.000000238418579),(Vehicles2↦0.0),(Vehicles3↦-4.0000001192092896),(Vehicles4↦-8.000000238418579),(Vehicles5↦0.0)}",
        "VehiclesVy": "{(EgoVehicle↦0.0),(Vehicles2↦0.0),(Vehicles3↦0.0),(Vehicles4↦0.0),(Vehicles5↦0.0)}",
        "VehiclesX": "{(EgoVehicle↦200.0),(Vehicles2↦30.16451895236969),(Vehicles3↦35.893940925598145),(Vehicles4↦36.878398060798645),(Vehicles5↦83.09873938560486)}"
      },
      "probabilisticVariables": null,
      "activating": [
        "SLOWER_16"
      ],
      "activatingOnlyWhenExecuted": true,
      "updating": null,
      "withPredicate": null
    },
    {
      "id": "SLOWER_16",
      "execute": "SLOWER",
      "after": "1000",
      "priority": 0,
      "additionalGuards": null,
      "activationKind": null,
      "fixedVariables": {
        "Crash": "FALSE",
        "VehiclesAy": "{(EgoVehicle↦0.0),(Vehicles2↦0.0),(Vehicles3↦0.0),(Vehicles4↦0.0),(Vehicles5↦0.0)}",
        "Reward": "0.7333333333338109",
        "VehiclesAx": "{(EgoVehicle↦0.0),(Vehicles2↦0.10638704523444176),(Vehicles3↦0.033317841589450836),(Vehicles4↦-0.0013464689254760742),(Vehicles5↦-0.026676468551158905)}",
        "VehiclesVx": "{(EgoVehicle↦20.0),(Vehicles2↦-0.2735312469303608),(Vehicles3↦-0.39447613060474396),(Vehicles4↦1.5711569786071777),(Vehicles5↦0.4454263299703598)}",
        "VehiclesY": "{(EgoVehicle↦8.000000238418579),(Vehicles2↦0.0),(Vehicles3↦-4.0000001192092896),(Vehicles4↦-8.000000238418579),(Vehicles5↦0.0)}",
        "VehiclesVy": "{(EgoVehicle↦0.0),(Vehicles2↦0.0),(Vehicles3↦0.0),(Vehicles4↦0.0),(Vehicles5↦0.0)}",
        "VehiclesX": "{(EgoVehicle↦200.0),(Vehicles2↦29.82935607433319),(Vehicles3↦35.47957241535187),(Vehicles4↦38.45043182373047),(Vehicles5↦83.56015682220459)}"
      },
      "probabilisticVariables": null,
      "activating": [
        "SLOWER_17"
      ],
      "activatingOnlyWhenExecuted": true,
      "updating": null,
      "withPredicate": null
    },
    {
      "id": "SLOWER_17",
      "execute": "SLOWER",
      "after": "1000",
      "priority": 0,
      "additionalGuards": null,
      "activationKind": null,
      "fixedVariables": {
        "Crash": "FALSE",
        "VehiclesAy": "{(EgoVehicle↦0.0),(Vehicles2↦0.0),(Vehicles3↦0.0),(Vehicles4↦0.0),(Vehicles5↦0.0)}",
        "Reward": "0.7333333333333963",
        "VehiclesAx": "{(EgoVehicle↦0.0),(Vehicles2↦0.08275648579001427),(Vehicles3↦0.03204517066478729),(Vehicles4↦-0.0022095441818237305),(Vehicles5↦-0.025526881217956543)}",
        "VehiclesVx": "{(EgoVehicle↦20.0),(Vehicles2↦-0.19077476114034653),(Vehicles3↦-0.36243095993995667),(Vehicles4↦1.568947434425354),(Vehicles5↦0.41989944875240326)}",
        "VehiclesY": "{(EgoVehicle↦8.000000238418579),(Vehicles2↦0.0),(Vehicles3↦-4.0000001192092896),(Vehicles4↦-8.000000238418579),(Vehicles5↦0.0)}",
        "VehiclesVy": "{(EgoVehicle↦0.0),(Vehicles2↦0.0),(Vehicles3↦0.0),(Vehicles4↦0.0),(Vehicles5↦0.0)}",
        "VehiclesX": "{(EgoVehicle↦200.0),(Vehicles2↦29.590532183647156),(Vehicles3↦35.09801924228668),(Vehicles4↦40.02077281475067),(Vehicles5↦83.99521112442017)}"
      },
      "probabilisticVariables": null,
      "activating": [
        "SLOWER_18"
      ],
      "activatingOnlyWhenExecuted": true,
      "updating": null,
      "withPredicate": null
    },
    {
      "id": "SLOWER_18",
      "execute": "SLOWER",
      "after": "1000",
      "priority": 0,
      "additionalGuards": null,
      "activationKind": null,
      "fixedVariables": {
        "Crash": "FALSE",
        "VehiclesAy": "{(EgoVehicle↦0.0),(Vehicles2↦0.0),(Vehicles3↦0.0),(Vehicles4↦0.0),(Vehicles5↦0.0)}",
        "Reward": "0.7333333333333415",
        "VehiclesAx": "{(EgoVehicle↦0.0),(Vehicles2↦0.06548580713570118),(Vehicles3↦0.030719079077243805),(Vehicles4↦-0.0030763447284698486),(Vehicles5↦-0.0229707732796669)}",
        "VehiclesVx": "{(EgoVehicle↦20.0),(Vehicles2↦-0.12528895400464535),(Vehicles3↦-0.33171188086271286),(Vehicles4↦1.5658710896968842),(Vehicles5↦0.39692867547273636)}",
        "VehiclesY": "{(EgoVehicle↦8.000000238418579),(Vehicles2↦0.0),(Vehicles3↦-4.0000001192092896),(Vehicles4↦-8.000000238418579),(Vehicles5↦0.0)}",
        "VehiclesVy": "{(EgoVehicle↦0.0),(Vehicles2↦0.0),(Vehicles3↦0.0),(Vehicles4↦0.0),(Vehicles5↦0.0)}",
        "VehiclesX": "{(EgoVehicle↦200.0),(Vehicles2↦29.42712903022766),(Vehicles3↦34.747982025146484),(Vehicles4↦41.58855974674225),(Vehicles5↦84.40568447113037)}"
      },
      "probabilisticVariables": null,
      "activating": [
        "SLOWER_19"
      ],
      "activatingOnlyWhenExecuted": true,
      "updating": null,
      "withPredicate": null
    },
    {
      "id": "SLOWER_19",
      "execute": "SLOWER",
      "after": "1000",
      "priority": 0,
      "additionalGuards": null,
      "activationKind": null,
      "fixedVariables": {
        "Crash": "FALSE",
        "VehiclesAy": "{(EgoVehicle↦0.0),(Vehicles2↦0.0),(Vehicles3↦0.0),(Vehicles4↦0.0),(Vehicles5↦0.0)}",
        "Reward": "0.7333333333333344",
        "VehiclesAx": "{(EgoVehicle↦0.0),(Vehicles2↦0.05279728677123785),(Vehicles3↦0.029411297291517258),(Vehicles4↦-0.003929585218429565),(Vehicles5↦-0.019684433937072754)}",
        "VehiclesVx": "{(EgoVehicle↦20.0),(Vehicles2↦-0.0724916672334075),(Vehicles3↦-0.3023005835711956),(Vehicles4↦1.5619415044784546),(Vehicles5↦0.3772442415356636)}",
        "VehiclesY": "{(EgoVehicle↦8.000000238418579),(Vehicles2↦0.0),(Vehicles3↦-4.0000001192092896),(Vehicles4↦-8.000000238418579),(Vehicles5↦0.0)}",
        "VehiclesVy": "{(EgoVehicle↦0.0),(Vehicles2↦0.0),(Vehicles3↦0.0),(Vehicles4↦0.0),(Vehicles5↦0.0)}",
        "VehiclesX": "{(EgoVehicle↦200.0),(Vehicles2↦29.323825240135193),(Vehicles3↦34.42813754081726),(Vehicles4↦43.15292537212372),(Vehicles5↦84.79445576667786)}"
      },
      "probabilisticVariables": null,
      "activating": [
        "SLOWER_20"
      ],
      "activatingOnlyWhenExecuted": true,
      "updating": null,
      "withPredicate": null
    },
    {
      "id": "SLOWER_20",
      "execute": "SLOWER",
      "after": "1000",
      "priority": 0,
      "additionalGuards": null,
      "activationKind": null,
      "fixedVariables": {
        "Crash": "FALSE",
        "VehiclesAy": "{(EgoVehicle↦0.0),(Vehicles2↦0.0),(Vehicles3↦0.0),(Vehicles4↦0.0),(Vehicles5↦0.0)}",
        "Reward": "0.7333333333333334",
        "VehiclesAx": "{(EgoVehicle↦0.0),(Vehicles2↦0.04340797197073698),(Vehicles3↦0.028147511184215546),(Vehicles4↦-0.004758685827255249),(Vehicles5↦-0.016082562506198883)}",
        "VehiclesVx": "{(EgoVehicle↦20.0),(Vehicles2↦-0.029083695262670517),(Vehicles3↦-0.27415307238698006),(Vehicles4↦1.5571828186511993),(Vehicles5↦0.3611616790294647)}",
        "VehiclesY": "{(EgoVehicle↦8.000000238418579),(Vehicles2↦0.0),(Vehicles3↦-4.0000001192092896),(Vehicles4↦-8.000000238418579),(Vehicles5↦0.0)}",
        "VehiclesVy": "{(EgoVehicle↦0.0),(Vehicles2↦0.0),(Vehicles3↦0.0),(Vehicles4↦0.0),(Vehicles5↦0.0)}",
        "VehiclesX": "{(EgoVehicle↦200.0),(Vehicles2↦29.269343614578247),(Vehicles3↦34.137195348739624),(Vehicles4↦44.71302926540375),(Vehicles5↦85.16497611999512)}"
      },
      "probabilisticVariables": null,
      "activating": [
        "SLOWER_21"
      ],
      "activatingOnlyWhenExecuted": true,
      "updating": null,
      "withPredicate": null
    },
    {
      "id": "SLOWER_21",
      "execute": "SLOWER",
      "after": "1000",
      "priority": 0,
      "additionalGuards": null,
      "activationKind": null,
      "fixedVariables": {
        "Crash": "FALSE",
        "VehiclesAy": "{(EgoVehicle↦0.0),(Vehicles2↦0.0),(Vehicles3↦0.0),(Vehicles4↦0.0),(Vehicles5↦0.0)}",
        "Reward": "0.7333333333333334",
        "VehiclesAx": "{(EgoVehicle↦0.0),(Vehicles2↦0.03640815266408026),(Vehicles3↦0.02693329006433487),(Vehicles4↦-0.0055570900440216064),(Vehicles5↦-0.012419633567333221)}",
        "VehiclesVx": "{(EgoVehicle↦20.0),(Vehicles2↦0.007324457401409745),(Vehicles3↦-0.2472197823226452),(Vehicles4↦1.5516257286071777),(Vehicles5↦0.3487420454621315)}",
        "VehiclesY": "{(EgoVehicle↦8.000000238418579),(Vehicles2↦0.0),(Vehicles3↦-4.0000001192092896),(Vehicles4↦-8.000000238418579),(Vehicles5↦0.0)}",
        "VehiclesVy": "{(EgoVehicle↦0.0),(Vehicles2↦0.0),(Vehicles3↦0.0),(Vehicles4↦0.0),(Vehicles5↦0.0)}",
        "VehiclesX": "{(EgoVehicle↦200.0),(Vehicles2↦29.255303740501404),(Vehicles3↦33.87390971183777),(Vehicles4↦46.268051862716675),(Vehicles5↦85.52087545394897)}"
      },
      "probabilisticVariables": null,
      "activating": [
        "SLOWER_22"
      ],
      "activatingOnlyWhenExecuted": true,
      "updating": null,
      "withPredicate": null
    },
    {
      "id": "SLOWER_22",
      "execute": "SLOWER",
      "after": "1000",
      "priority": 0,
      "additionalGuards": null,
      "activationKind": null,
      "fixedVariables": {
        "Crash": "FALSE",
        "VehiclesAy": "{(EgoVehicle↦0.0),(Vehicles2↦0.0),(Vehicles3↦0.0),(Vehicles4↦0.0),(Vehicles5↦0.0)}",
        "Reward": "0.7333333333333334",
        "VehiclesAx": "{(EgoVehicle↦0.0),(Vehicles2↦0.0311562221031636),(Vehicles3↦0.025766827166080475),(Vehicles4↦-0.006321221590042114),(Vehicles5↦-0.00885114073753357)}",
        "VehiclesVx": "{(EgoVehicle↦20.0),(Vehicles2↦0.038480679504573345),(Vehicles3↦-0.2214529551565647),(Vehicles4↦1.5453045070171356),(Vehicles5↦0.33989090472459793)}",
        "VehiclesY": "{(EgoVehicle↦8.000000238418579),(Vehicles2↦0.0),(Vehicles3↦-4.0000001192092896),(Vehicles4↦-8.000000238418579),(Vehicles5↦0.0)}",
        "VehiclesVy": "{(EgoVehicle↦0.0),(Vehicles2↦0.0),(Vehicles3↦0.0),(Vehicles4↦0.0),(Vehicles5↦0.0)}",
        "VehiclesX": "{(EgoVehicle↦200.0),(Vehicles2↦29.275453090667725),(Vehicles3↦33.63708853721619),(Vehicles4↦47.817209362983704),(Vehicles5↦85.86580157279968)}"
      },
      "probabilisticVariables": null,
      "activating": [
        "SLOWER_23"
      ],
      "activatingOnlyWhenExecuted": true,
      "updating": null,
      "withPredicate": null
    },
    {
      "id": "SLOWER_23",
      "execute": "SLOWER",
      "after": "1000",
      "priority": 0,
      "additionalGuards": null,
      "activationKind": null,
      "fixedVariables": {
        "Crash": "FALSE",
        "VehiclesAy": "{(EgoVehicle↦0.0),(Vehicles2↦0.0),(Vehicles3↦0.0),(Vehicles4↦0.0),(Vehicles5↦0.0)}",
        "Reward": "0.7333333333333334",
        "VehiclesAx": "{(EgoVehicle↦0.0),(Vehicles2↦0.02719821408390999),(Vehicles3↦0.024644676595926285),(Vehicles4↦-0.007048249244689941),(Vehicles5↦-0.00546969473361969)}",
        "VehiclesVx": "{(EgoVehicle↦20.0),(Vehicles2↦0.06567889358848333),(Vehicles3↦-0.19680827856063843),(Vehicles4↦1.5382562577724457),(Vehicles5↦0.33442120999097824)}",
        "VehiclesY": "{(EgoVehicle↦8.000000238418579),(Vehicles2↦0.0),(Vehicles3↦-4.0000001192092896),(Vehicles4↦-8.000000238418579),(Vehicles5↦0.0)}",
        "VehiclesVy": "{(EgoVehicle↦0.0),(Vehicles2↦0.0),(Vehicles3↦0.0),(Vehicles4↦0.0),(Vehicles5↦0.0)}",
        "VehiclesX": "{(EgoVehicle↦200.0),(Vehicles2↦29.32508885860443),(Vehicles3↦33.42558145523071),(Vehicles4↦49.359750747680664),(Vehicles5↦86.2032413482666)}"
      },
      "probabilisticVariables": null,
      "activating": [
        "SLOWER_24"
      ],
      "activatingOnlyWhenExecuted": true,
      "updating": null,
      "withPredicate": null
    },
    {
      "id": "SLOWER_24",
      "execute": "SLOWER",
      "after": "1000",
      "priority": 0,
      "additionalGuards": null,
      "activationKind": null,
      "fixedVariables": {
        "Crash": "FALSE",
        "VehiclesAy": "{(EgoVehicle↦0.0),(Vehicles2↦0.0),(Vehicles3↦0.0),(Vehicles4↦0.0),(Vehicles5↦0.0)}",
        "Reward": "0.7333333333333334",
        "VehiclesAx": "{(EgoVehicle↦0.0),(Vehicles2↦0.024209911935031414),(Vehicles3↦0.02356370911002159),(Vehicles4↦-0.007737278938293457),(Vehicles5↦-0.0023277848958969116)}",
        "VehiclesVx": "{(EgoVehicle↦20.0),(Vehicles2↦0.08988880552351475),(Vehicles3↦-0.17324456945061684),(Vehicles4↦1.5305189788341522),(Vehicles5↦0.33209342509508133)}",
        "VehiclesY": "{(EgoVehicle↦8.000000238418579),(Vehicles2↦0.0),(Vehicles3↦-4.0000001192092896),(Vehicles4↦-8.000000238418579),(Vehicles5↦0.0)}",
        "VehiclesVy": "{(EgoVehicle↦0.0),(Vehicles2↦0.0),(Vehicles3↦0.0),(Vehicles4↦0.0),(Vehicles5↦0.0)}",
        "VehiclesX": "{(EgoVehicle↦200.0),(Vehicles2↦29.40065562725067),(Vehicles3↦33.238282799720764),(Vehicles4↦50.89496374130249),(Vehicles5↦86.53649091720581)}"
      },
      "probabilisticVariables": null,
      "activating": [
        "SLOWER_25"
      ],
      "activatingOnlyWhenExecuted": true,
      "updating": null,
      "withPredicate": null
    },
    {
      "id": "SLOWER_25",
      "execute": "SLOWER",
      "after": "1000",
      "priority": 0,
      "additionalGuards": null,
      "activationKind": null,
      "fixedVariables": {
        "Crash": "FALSE",
        "VehiclesAy": "{(EgoVehicle↦0.0),(Vehicles2↦0.0),(Vehicles3↦0.0),(Vehicles4↦0.0),(Vehicles5↦0.0)}",
        "Reward": "0.7333333333333334",
        "VehiclesAx": "{(EgoVehicle↦0.0),(Vehicles2↦0.021956637501716614),(Vehicles3↦0.022521913051605225),(Vehicles4↦-0.008386969566345215),(Vehicles5↦0.000548437237739563)}",
        "VehiclesVx": "{(EgoVehicle↦20.0),(Vehicles2↦0.11184544302523136),(Vehicles3↦-0.1507226563990116),(Vehicles4↦1.522132009267807),(Vehicles5↦0.3326418623328209)}",
        "VehiclesY": "{(EgoVehicle↦8.000000238418579),(Vehicles2↦0.0),(Vehicles3↦-4.0000001192092896),(Vehicles4↦-8.000000238418579),(Vehicles5↦0.0)}",
        "VehiclesVy": "{(EgoVehicle↦0.0),(Vehicles2↦0.0),(Vehicles3↦0.0),(Vehicles4↦0.0),(Vehicles5↦0.0)}",
        "VehiclesX": "{(EgoVehicle↦200.0),(Vehicles2↦29.499483108520508),(Vehicles3↦33.0741286277771),(Vehicles4↦52.42217779159546),(Vehicles5↦86.86858415603638)}"
      },
      "probabilisticVariables": null,
      "activating": [
        "SLOWER_26"
      ],
      "activatingOnlyWhenExecuted": true,
      "updating": null,
      "withPredicate": null
    },
    {
      "id": "SLOWER_26",
      "execute": "SLOWER",
      "after": "1000",
      "priority": 0,
      "additionalGuards": null,
      "activationKind": null,
      "fixedVariables": {
        "Crash": "FALSE",
        "VehiclesAy": "{(EgoVehicle↦0.0),(Vehicles2↦0.0),(Vehicles3↦0.0),(Vehicles4↦0.0),(Vehicles5↦0.0)}",
        "Reward": "0.7333333333333334",
        "VehiclesAx": "{(EgoVehicle↦0.0),(Vehicles2↦0.020265793427824974),(Vehicles3↦0.021518012508749962),(Vehicles4↦-0.0089968740940094),(Vehicles5↦0.003149956464767456)}",
        "VehiclesVx": "{(EgoVehicle↦20.0),(Vehicles2↦0.13211123645305634),(Vehicles3↦-0.12920464389026165),(Vehicles4↦1.5131351351737976),(Vehicles5↦0.33579181879758835)}",
        "VehiclesY": "{(EgoVehicle↦8.000000238418579),(Vehicles2↦0.0),(Vehicles3↦-4.0000001192092896),(Vehicles4↦-8.000000238418579),(Vehicles5↦0.0)}",
        "VehiclesVy": "{(EgoVehicle↦0.0),(Vehicles2↦0.0),(Vehicles3↦0.0),(Vehicles4↦0.0),(Vehicles5↦0.0)}",
        "VehiclesX": "{(EgoVehicle↦200.0),(Vehicles2↦29.619553685188293),(Vehicles3↦32.93209373950958),(Vehicles4↦53.94076108932495),(Vehicles5↦87.20228672027588)}"
      },
      "probabilisticVariables": null,
      "activating": [
        "SLOWER_27"
      ],
      "activatingOnlyWhenExecuted": true,
      "updating": null,
      "withPredicate": null
    },
    {
      "id": "SLOWER_27",
      "execute": "SLOWER",
      "after": "1000",
      "priority": 0,
      "additionalGuards": null,
      "activationKind": null,
      "fixedVariables": {
        "Crash": "FALSE",
        "VehiclesAy": "{(EgoVehicle↦0.0),(Vehicles2↦0.0),(Vehicles3↦0.0),(Vehicles4↦0.0),(Vehicles5↦0.0)}",
        "Reward": "0.7333333333333334",
        "VehiclesAx": "{(EgoVehicle↦0.0),(Vehicles2↦0.01900828443467617),(Vehicles3↦0.020551495254039764),(Vehicles4↦-0.00956699252128601),(Vehicles5↦0.005479194223880768)}",
        "VehiclesVx": "{(EgoVehicle↦20.0),(Vehicles2↦0.1511195208877325),(Vehicles3↦-0.10865314863622189),(Vehicles4↦1.5035681426525116),(Vehicles5↦0.3412710130214691)}",
        "VehiclesY": "{(EgoVehicle↦8.000000238418579),(Vehicles2↦0.0),(Vehicles3↦-4.0000001192092896),(Vehicles4↦-8.000000238418579),(Vehicles5↦0.0)}",
        "VehiclesVy": "{(EgoVehicle↦0.0),(Vehicles2↦0.0),(Vehicles3↦0.0),(Vehicles4↦0.0),(Vehicles5↦0.0)}",
        "VehiclesX": "{(EgoVehicle↦200.0),(Vehicles2↦29.759353399276733),(Vehicles3↦32.8111857175827),(Vehicles4↦55.450111627578735),(Vehicles5↦87.5400960445404)}"
      },
      "probabilisticVariables": null,
      "activating": [
        "SLOWER_28"
      ],
      "activatingOnlyWhenExecuted": true,
      "updating": null,
      "withPredicate": null
    },
    {
      "id": "SLOWER_28",
      "execute": "SLOWER",
      "after": "1000",
      "priority": 0,
      "additionalGuards": null,
      "activationKind": null,
      "fixedVariables": {
        "Crash": "FALSE",
        "VehiclesAy": "{(EgoVehicle↦0.0),(Vehicles2↦0.0),(Vehicles3↦0.0),(Vehicles4↦0.0),(Vehicles5↦0.0)}",
        "Reward": "0.7333333333333334",
        "VehiclesAx": "{(EgoVehicle↦0.0),(Vehicles2↦0.01808607019484043),(Vehicles3↦0.019622091203927994),(Vehicles4↦-0.010097324848175049),(Vehicles5↦0.00754576176404953)}",
        "VehiclesVx": "{(EgoVehicle↦20.0),(Vehicles2↦0.16920559108257294),(Vehicles3↦-0.08903105743229389),(Vehicles4↦1.4934708178043365),(Vehicles5↦0.34881677478551865)}",
        "VehiclesY": "{(EgoVehicle↦8.000000238418579),(Vehicles2↦0.0),(Vehicles3↦-4.0000001192092896),(Vehicles4↦-8.000000238418579),(Vehicles5↦0.0)}",
        "VehiclesVy": "{(EgoVehicle↦0.0),(Vehicles2↦0.0),(Vehicles3↦0.0),(Vehicles4↦0.0),(Vehicles5↦0.0)}",
        "VehiclesX": "{(EgoVehicle↦200.0),(Vehicles2↦29.917767643928528),(Vehicles3↦32.71045386791229),(Vehicles4↦56.94968104362488),(Vehicles5↦87.8842294216156)}"
      },
      "probabilisticVariables": null,
      "activating": [
        "SLOWER_29"
      ],
      "activatingOnlyWhenExecuted": true,
      "updating": null,
      "withPredicate": null
    },
    {
      "id": "SLOWER_29",
      "execute": "SLOWER",
      "after": "1000",
      "priority": 0,
      "additionalGuards": null,
      "activationKind": null,
      "fixedVariables": {
        "Crash": "FALSE",
        "VehiclesAy": "{(EgoVehicle↦0.0),(Vehicles2↦0.0),(Vehicles3↦0.0),(Vehicles4↦0.0),(Vehicles5↦0.0)}",
        "Reward": "0.7333333333333334",
        "VehiclesAx": "{(EgoVehicle↦0.0),(Vehicles2↦0.017423462122678757),(Vehicles3↦0.018729749135673046),(Vehicles4↦-0.010588020086288452),(Vehicles5↦0.009363926947116852)}",
        "VehiclesVx": "{(EgoVehicle↦20.0),(Vehicles2↦0.1866290532052517),(Vehicles3↦-0.07030130829662085),(Vehicles4↦1.482882797718048),(Vehicles5↦0.3581807017326355)}",
        "VehiclesY": "{(EgoVehicle↦8.000000238418579),(Vehicles2↦0.0),(Vehicles3↦-4.0000001192092896),(Vehicles4↦-8.000000238418579),(Vehicles5↦0.0)}",
        "VehiclesVy": "{(EgoVehicle↦0.0),(Vehicles2↦0.0),(Vehicles3↦0.0),(Vehicles4↦0.0),(Vehicles5↦0.0)}",
        "VehiclesX": "{(EgoVehicle↦200.0),(Vehicles2↦30.09398877620697),(Vehicles3↦32.62898325920105),(Vehicles4↦58.43895673751831),(Vehicles5↦88.23665976524353)}"
      },
      "probabilisticVariables": null,
      "activating": [
        "SLOWER_30"
      ],
      "activatingOnlyWhenExecuted": true,
      "updating": null,
      "withPredicate": null
    },
    {
      "id": "SLOWER_30",
      "execute": "SLOWER",
      "after": "1000",
      "priority": 0,
      "additionalGuards": null,
      "activationKind": null,
      "fixedVariables": {
        "Crash": "FALSE",
        "VehiclesAy": "{(EgoVehicle↦0.0),(Vehicles2↦0.0),(Vehicles3↦0.0),(Vehicles4↦0.0),(Vehicles5↦0.0)}",
        "Reward": "0.7333333333333334",
        "VehiclesAx": "{(EgoVehicle↦0.0),(Vehicles2↦0.016961488872766495),(Vehicles3↦0.01787434797734022),(Vehicles4↦-0.011039823293685913),(Vehicles5↦0.010950490832328796)}",
        "VehiclesVx": "{(EgoVehicle↦20.0),(Vehicles2↦0.2035905420780182),(Vehicles3↦-0.052426960319280624),(Vehicles4↦1.4718429744243622),(Vehicles5↦0.3691311925649643)}",
        "VehiclesY": "{(EgoVehicle↦8.000000238418579),(Vehicles2↦0.0),(Vehicles3↦-4.0000001192092896),(Vehicles4↦-8.000000238418579),(Vehicles5↦0.0)}",
        "VehiclesVy": "{(EgoVehicle↦0.0),(Vehicles2↦0.0),(Vehicles3↦0.0),(Vehicles4↦0.0),(Vehicles5↦0.0)}",
        "VehiclesX": "{(EgoVehicle↦200.0),(Vehicles2↦30.28743267059326),(Vehicles3↦32.565900683403015),(Vehicles4↦59.91745591163635),(Vehicles5↦88.59909772872925)}"
      },
      "probabilisticVariables": null,
      "activating": [
        "SLOWER_31"
      ],
      "activatingOnlyWhenExecuted": true,
      "updating": null,
      "withPredicate": null
    },
    {
      "id": "SLOWER_31",
      "execute": "SLOWER",
      "after": "1000",
      "priority": 0,
      "additionalGuards": null,
      "activationKind": null,
      "fixedVariables": {
        "Crash": "FALSE",
        "VehiclesAy": "{(EgoVehicle↦0.0),(Vehicles2↦0.0),(Vehicles3↦0.0),(Vehicles4↦0.0),(Vehicles5↦0.0)}",
        "Reward": "0.7333333333333334",
        "VehiclesAx": "{(EgoVehicle↦0.0),(Vehicles2↦0.016653556376695633),(Vehicles3↦0.01705570612102747),(Vehicles4↦-0.01145288348197937),(Vehicles5↦0.012323744595050812)}",
        "VehiclesVx": "{(EgoVehicle↦20.0),(Vehicles2↦0.22024409845471382),(Vehicles3↦-0.035371254198253155),(Vehicles4↦1.4603900909423828),(Vehicles5↦0.3814549371600151)}",
        "VehiclesY": "{(EgoVehicle↦8.000000238418579),(Vehicles2↦0.0),(Vehicles3↦-4.0000001192092896),(Vehicles4↦-8.000000238418579),(Vehicles5↦0.0)}",
        "VehiclesVy": "{(EgoVehicle↦0.0),(Vehicles2↦0.0),(Vehicles3↦0.0),(Vehicles4↦0.0),(Vehicles5↦0.0)}",
        "VehiclesX": "{(EgoVehicle↦200.0),(Vehicles2↦30.497702956199646),(Vehicles3↦32.52035975456238),(Vehicles4↦61.38474941253662),(Vehicles5↦88.97305727005005)}"
      },
      "probabilisticVariables": null,
      "activating": [
        "SLOWER_32"
      ],
      "activatingOnlyWhenExecuted": true,
      "updating": null,
      "withPredicate": null
    },
    {
      "id": "SLOWER_32",
      "execute": "SLOWER",
      "after": "1000",
      "priority": 0,
      "additionalGuards": null,
      "activationKind": null,
      "fixedVariables": {
        "Crash": "FALSE",
        "VehiclesAy": "{(EgoVehicle↦0.0),(Vehicles2↦0.0),(Vehicles3↦0.0),(Vehicles4↦0.0),(Vehicles5↦0.0)}",
        "Reward": "0.7333333333333334",
        "VehiclesAx": "{(EgoVehicle↦0.0),(Vehicles2↦0.01646280288696289),(Vehicles3↦0.01627351390197873),(Vehicles4↦-0.011828094720840454),(Vehicles5↦0.013502277433872223)}",
        "VehiclesVx": "{(EgoVehicle↦20.0),(Vehicles2↦0.2367069013416767),(Vehicles3↦-0.019097740296274424),(Vehicles4↦1.4485619962215424),(Vehicles5↦0.39495721459388733)}",
        "VehiclesY": "{(EgoVehicle↦8.000000238418579),(Vehicles2↦0.0),(Vehicles3↦-4.0000001192092896),(Vehicles4↦-8.000000238418579),(Vehicles5↦0.0)}",
        "VehiclesVy": "{(EgoVehicle↦0.0),(Vehicles2↦0.0),(Vehicles3↦0.0),(Vehicles4↦0.0),(Vehicles5↦0.0)}",
        "VehiclesX": "{(EgoVehicle↦200.0),(Vehicles2↦30.72454333305359),(Vehicles3↦32.49155879020691),(Vehicles4↦62.84043788909912),(Vehicles5↦89.35982584953308)}"
      },
      "probabilisticVariables": null,
      "activating": [
        "SLOWER_33"
      ],
      "activatingOnlyWhenExecuted": true,
      "updating": null,
      "withPredicate": null
    },
    {
      "id": "SLOWER_33",
      "execute": "SLOWER",
      "after": "1000",
      "priority": 0,
      "additionalGuards": null,
      "activationKind": null,
      "fixedVariables": {
        "Crash": "FALSE",
        "VehiclesAy": "{(EgoVehicle↦0.0),(Vehicles2↦0.0),(Vehicles3↦0.0),(Vehicles4↦0.0),(Vehicles5↦0.0)}",
        "Reward": "0.7333333333333334",
        "VehiclesAx": "{(EgoVehicle↦0.0),(Vehicles2↦0.01635972410440445),(Vehicles3↦0.015527294599451125),(Vehicles4↦-0.012166351079940796),(Vehicles5↦0.014504492282867432)}",
        "VehiclesVx": "{(EgoVehicle↦20.0),(Vehicles2↦0.25306662544608116),(Vehicles3↦-0.003570445696823299),(Vehicles4↦1.4363956451416016),(Vehicles5↦0.40946170687675476)}",
        "VehiclesY": "{(EgoVehicle↦8.000000238418579),(Vehicles2↦0.0),(Vehicles3↦-4.0000001192092896),(Vehicles4↦-8.000000238418579),(Vehicles5↦0.0)}",
        "VehiclesVy": "{(EgoVehicle↦0.0),(Vehicles2↦0.0),(Vehicles3↦0.0),(Vehicles4↦0.0),(Vehicles5↦0.0)}",
        "VehiclesX": "{(EgoVehicle↦200.0),(Vehicles2↦30.967798829078674),(Vehicles3↦32.478728890419006),(Vehicles4↦64.28415775299072),(Vehicles5↦89.76051211357117)}"
      },
      "probabilisticVariables": null,
      "activating": [
        "SLOWER_34"
      ],
      "activatingOnlyWhenExecuted": true,
      "updating": null,
      "withPredicate": null
    },
    {
      "id": "SLOWER_34",
      "execute": "SLOWER",
      "after": "1000",
      "priority": 0,
      "additionalGuards": null,
      "activationKind": null,
      "fixedVariables": {
        "Crash": "FALSE",
        "VehiclesAy": "{(EgoVehicle↦0.0),(Vehicles2↦0.0),(Vehicles3↦0.0),(Vehicles4↦0.0),(Vehicles5↦0.0)}",
        "Reward": "0.7333333333333334",
        "VehiclesAx": "{(EgoVehicle↦0.0),(Vehicles2↦0.016320906579494476),(Vehicles3↦0.014816455659456551),(Vehicles4↦-0.012468695640563965),(Vehicles5↦0.015348009765148163)}",
        "VehiclesVx": "{(EgoVehicle↦20.0),(Vehicles2↦0.26938753202557564),(Vehicles3↦0.011246009962633252),(Vehicles4↦1.4239269495010376),(Vehicles5↦0.4248097166419029)}",
        "VehiclesY": "{(EgoVehicle↦8.000000238418579),(Vehicles2↦0.0),(Vehicles3↦-4.0000001192092896),(Vehicles4↦-8.000000238418579),(Vehicles5↦0.0)}",
        "VehiclesVy": "{(EgoVehicle↦0.0),(Vehicles2↦0.0),(Vehicles3↦0.0),(Vehicles4↦0.0),(Vehicles5↦0.0)}",
        "VehiclesX": "{(EgoVehicle↦200.0),(Vehicles2↦31.227394938468933),(Vehicles3↦32.48113989830017),(Vehicles4↦65.71559309959412),(Vehicles5↦90.17605185508728)}"
      },
      "probabilisticVariables": null,
      "activating": [
        "IDLE_35"
      ],
      "activatingOnlyWhenExecuted": true,
      "updating": null,
      "withPredicate": null
    },
    {
      "id": "IDLE_35",
      "execute": "IDLE",
      "after": "1000",
      "priority": 0,
      "additionalGuards": null,
      "activationKind": null,
      "fixedVariables": {
        "Crash": "FALSE",
        "VehiclesAy": "{(EgoVehicle↦0.0),(Vehicles2↦0.0),(Vehicles3↦0.0),(Vehicles4↦0.0),(Vehicles5↦0.0)}",
        "Reward": "0.7333333333333334",
        "VehiclesAx": "{(EgoVehicle↦0.0),(Vehicles2↦0.016327574849128723),(Vehicles3↦0.014140269486233592),(Vehicles4↦-0.012735575437545776),(Vehicles5↦0.016049519181251526)}",
        "VehiclesVx": "{(EgoVehicle↦20.0),(Vehicles2↦0.28571510687470436),(Vehicles3↦0.025386279448866844),(Vehicles4↦1.4111913740634918),(Vehicles5↦0.44085923582315445)}",
        "VehiclesY": "{(EgoVehicle↦8.000000238418579),(Vehicles2↦0.0),(Vehicles3↦-4.0000001192092896),(Vehicles4↦-8.000000238418579),(Vehicles5↦0.0)}",
        "VehiclesVy": "{(EgoVehicle↦0.0),(Vehicles2↦0.0),(Vehicles3↦0.0),(Vehicles4↦0.0),(Vehicles5↦0.0)}",
        "VehiclesX": "{(EgoVehicle↦200.0),(Vehicles2↦31.503313779830933),(Vehicles3↦32.49809741973877),(Vehicles4↦67.13444590568542),(Vehicles5↦90.60723185539246)}"
      },
      "probabilisticVariables": null,
      "activating": [
        "SLOWER_36"
      ],
      "activatingOnlyWhenExecuted": true,
      "updating": null,
      "withPredicate": null
    },
    {
      "id": "SLOWER_36",
      "execute": "SLOWER",
      "after": "1000",
      "priority": 0,
      "additionalGuards": null,
      "activationKind": null,
      "fixedVariables": {
        "Crash": "FALSE",
        "VehiclesAy": "{(EgoVehicle↦0.0),(Vehicles2↦0.0),(Vehicles3↦0.0),(Vehicles4↦0.0),(Vehicles5↦0.0)}",
        "Reward": "0.7333333333333334",
        "VehiclesAx": "{(EgoVehicle↦0.0),(Vehicles2↦0.016364846378564835),(Vehicles3↦0.013497911859303713),(Vehicles4↦-0.012968629598617554),(Vehicles5↦0.016624629497528076)}",
        "VehiclesVx": "{(EgoVehicle↦20.0),(Vehicles2↦0.3020799532532692),(Vehicles3↦0.03888419130817056),(Vehicles4↦1.3982227444648743),(Vehicles5↦0.4574838653206825)}",
        "VehiclesY": "{(EgoVehicle↦8.000000238418579),(Vehicles2↦0.0),(Vehicles3↦-4.0000001192092896),(Vehicles4↦-8.000000238418579),(Vehicles5↦0.0)}",
        "VehiclesVy": "{(EgoVehicle↦0.0),(Vehicles2↦0.0),(Vehicles3↦0.0),(Vehicles4↦0.0),(Vehicles5↦0.0)}",
        "VehiclesX": "{(EgoVehicle↦200.0),(Vehicles2↦31.795570254325867),(Vehicles3↦32.52893090248108),(Vehicles4↦68.54046583175659),(Vehicles5↦91.05470180511475)}"
      },
      "probabilisticVariables": null,
      "activating": [
        "SLOWER_37"
      ],
      "activatingOnlyWhenExecuted": true,
      "updating": null,
      "withPredicate": null
    },
    {
      "id": "SLOWER_37",
      "execute": "SLOWER",
      "after": "1000",
      "priority": 0,
      "additionalGuards": null,
      "activationKind": null,
      "fixedVariables": {
        "Crash": "FALSE",
        "VehiclesAy": "{(EgoVehicle↦0.0),(Vehicles2↦0.0),(Vehicles3↦0.0),(Vehicles4↦0.0),(Vehicles5↦0.0)}",
        "Reward": "0.7333333333333334",
        "VehiclesAx": "{(EgoVehicle↦0.0),(Vehicles2↦0.01642093062400818),(Vehicles3↦0.01288846367970109),(Vehicles4↦-0.013168305158615112),(Vehicles5↦0.01708775758743286)}",
        "VehiclesVx": "{(EgoVehicle↦20.0),(Vehicles2↦0.3185008838772774),(Vehicles3↦0.05177265498787165),(Vehicles4↦1.3850544393062592),(Vehicles5↦0.4745716229081154)}",
        "VehiclesY": "{(EgoVehicle↦8.000000238418579),(Vehicles2↦0.0),(Vehicles3↦-4.0000001192092896),(Vehicles4↦-8.000000238418579),(Vehicles5↦0.0)}",
        "VehiclesVy": "{(EgoVehicle↦0.0),(Vehicles2↦0.0),(Vehicles3↦0.0),(Vehicles4↦0.0),(Vehicles5↦0.0)}",
        "VehiclesX": "{(EgoVehicle↦200.0),(Vehicles2↦32.104212045669556),(Vehicles3↦32.5730174779892),(Vehicles4↦69.93343234062195),(Vehicles5↦91.51898622512817)}"
      },
      "probabilisticVariables": null,
      "activating": [
        "SLOWER_38"
      ],
      "activatingOnlyWhenExecuted": true,
      "updating": null,
      "withPredicate": null
    },
    {
      "id": "SLOWER_38",
      "execute": "SLOWER",
      "after": "1000",
      "priority": 0,
      "additionalGuards": null,
      "activationKind": null,
      "fixedVariables": {
        "Crash": "FALSE",
        "VehiclesAy": "{(EgoVehicle↦0.0),(Vehicles2↦0.0),(Vehicles3↦0.0),(Vehicles4↦0.0),(Vehicles5↦0.0)}",
        "Reward": "0.7333333333333334",
        "VehiclesAx": "{(EgoVehicle↦0.0),(Vehicles2↦0.016486532986164093),(Vehicles3↦0.012310962192714214),(Vehicles4↦-0.013336390256881714),(Vehicles5↦0.017451941967010498)}",
        "VehiclesVx": "{(EgoVehicle↦20.0),(Vehicles2↦0.33498741686344147),(Vehicles3↦0.06408361718058586),(Vehicles4↦1.3717180490493774),(Vehicles5↦0.4920235648751259)}",
        "VehiclesY": "{(EgoVehicle↦8.000000238418579),(Vehicles2↦0.0),(Vehicles3↦-4.0000001192092896),(Vehicles4↦-8.000000238418579),(Vehicles5↦0.0)}",
        "VehiclesVy": "{(EgoVehicle↦0.0),(Vehicles2↦0.0),(Vehicles3↦0.0),(Vehicles4↦0.0),(Vehicles5↦0.0)}",
        "VehiclesX": "{(EgoVehicle↦200.0),(Vehicles2↦32.42930471897125),(Vehicles3↦32.62976109981537),(Vehicles4↦71.31316661834717),(Vehicles5↦92.00051426887512)}"
      },
      "probabilisticVariables": null,
      "activating": [
        "SLOWER_39"
      ],
      "activatingOnlyWhenExecuted": true,
      "updating": null,
      "withPredicate": null
    },
    {
      "id": "SLOWER_39",
      "execute": "SLOWER",
      "after": "1000",
      "priority": 0,
      "additionalGuards": null,
      "activationKind": null,
      "fixedVariables": {
        "Crash": "FALSE",
        "VehiclesAy": "{(EgoVehicle↦0.0),(Vehicles2↦0.0),(Vehicles3↦0.0),(Vehicles4↦0.0),(Vehicles5↦0.0)}",
        "Reward": "0.7333333333333334",
        "VehiclesAx": "{(EgoVehicle↦0.0),(Vehicles2↦-0.2591394353657961),(Vehicles3↦0.2874583937227726),(Vehicles4↦-0.013473331928253174),(Vehicles5↦0.01772921532392502)}",
        "VehiclesVx": "{(EgoVehicle↦20.0),(Vehicles2↦0.07584798149764538),(Vehicles3↦0.35154201090335846),(Vehicles4↦1.3582447171211243),(Vehicles5↦0.5097527801990509)}",
        "VehiclesY": "{(EgoVehicle↦8.000000238418579),(Vehicles2↦-4.0000001192092896),(Vehicles3↦0.0),(Vehicles4↦-8.000000238418579),(Vehicles5↦0.0)}",
        "VehiclesVy": "{(EgoVehicle↦0.0),(Vehicles2↦0.0),(Vehicles3↦0.0),(Vehicles4↦0.0),(Vehicles5↦0.0)}",
        "VehiclesX": "{(EgoVehicle↦200.0),(Vehicles2↦32.69859254360199),(Vehicles3↦32.77090787887573),(Vehicles4↦72.67950773239136),(Vehicles5↦92.49960780143738)}"
      },
      "probabilisticVariables": null,
      "activating": [
        "IDLE_40"
      ],
      "activatingOnlyWhenExecuted": true,
      "updating": null,
      "withPredicate": null
    },
    {
      "id": "IDLE_40",
      "execute": "IDLE",
      "after": "1000",
      "priority": 0,
      "additionalGuards": null,
      "activationKind": null,
      "fixedVariables": {
        "Crash": "FALSE",
        "VehiclesAy": "{(EgoVehicle↦0.0),(Vehicles2↦0.0),(Vehicles3↦0.0),(Vehicles4↦0.0),(Vehicles5↦0.0)}",
        "Reward": "0.7333333333333334",
        "VehiclesAx": "{(EgoVehicle↦0.0),(Vehicles2↦0.011247619986534119),(Vehicles3↦0.0166194885969162),(Vehicles4↦-0.013580471277236938),(Vehicles5↦0.017930231988430023)}",
        "VehiclesVx": "{(EgoVehicle↦20.0),(Vehicles2↦0.0870956014841795),(Vehicles3↦0.36816149950027466),(Vehicles4↦1.3446642458438873),(Vehicles5↦0.5276830121874809)}",
        "VehiclesY": "{(EgoVehicle↦8.000000238418579),(Vehicles2↦-4.0000001192092896),(Vehicles3↦0.0),(Vehicles4↦-8.000000238418579),(Vehicles5↦0.0)}",
        "VehiclesVy": "{(EgoVehicle↦0.0),(Vehicles2↦0.0),(Vehicles3↦0.0),(Vehicles4↦0.0),(Vehicles5↦0.0)}",
        "VehiclesX": "{(EgoVehicle↦200.0),(Vehicles2↦32.77897834777832),(Vehicles3↦33.129093050956726),(Vehicles4↦74.03232455253601),(Vehicles5↦93.016517162323)}"
      },
      "probabilisticVariables": null,
      "activating": [
        "IDLE_41"
      ],
      "activatingOnlyWhenExecuted": true,
      "updating": null,
      "withPredicate": null
    },
    {
      "id": "IDLE_41",
      "execute": "IDLE",
      "after": "1000",
      "priority": 0,
      "additionalGuards": null,
      "activationKind": null,
      "fixedVariables": {
        "Crash": "FALSE",
        "VehiclesAy": "{(EgoVehicle↦0.0),(Vehicles2↦0.0),(Vehicles3↦0.0),(Vehicles4↦0.0),(Vehicles5↦0.0)}",
        "Reward": "0.7333333333333334",
        "VehiclesAx": "{(EgoVehicle↦0.0),(Vehicles2↦0.010759644210338593),(Vehicles3↦0.01667723059654236),(Vehicles4↦-0.013659000396728516),(Vehicles5↦0.0180647149682045)}",
        "VehiclesVx": "{(EgoVehicle↦20.0),(Vehicles2↦0.09785524569451809),(Vehicles3↦0.384838730096817),(Vehicles4↦1.3310052454471588),(Vehicles5↦0.5457477271556854)}",
        "VehiclesY": "{(EgoVehicle↦8.000000238418579),(Vehicles2↦-4.0000001192092896),(Vehicles3↦0.0),(Vehicles4↦-8.000000238418579),(Vehicles5↦0.0)}",
        "VehiclesVy": "{(EgoVehicle↦0.0),(Vehicles2↦0.0),(Vehicles3↦0.0),(Vehicles4↦0.0),(Vehicles5↦0.0)}",
        "VehiclesX": "{(EgoVehicle↦200.0),(Vehicles2↦32.87041783332825),(Vehicles3↦33.50391983985901),(Vehicles4↦75.37153363227844),(Vehicles5↦93.55142116546631)}"
      },
      "probabilisticVariables": null,
      "activating": [
        "IDLE_42"
      ],
      "activatingOnlyWhenExecuted": true,
      "updating": null,
      "withPredicate": null
    },
    {
      "id": "IDLE_42",
      "execute": "IDLE",
      "after": "1000",
      "priority": 0,
      "additionalGuards": null,
      "activationKind": null,
      "fixedVariables": {
        "Crash": "FALSE",
        "VehiclesAy": "{(EgoVehicle↦0.0),(Vehicles2↦0.0),(Vehicles3↦0.0),(Vehicles4↦0.0),(Vehicles5↦0.0)}",
        "Reward": "0.7333333333333334",
        "VehiclesAx": "{(EgoVehicle↦0.0),(Vehicles2↦0.010299328714609146),(Vehicles3↦0.016724802553653717),(Vehicles4↦-0.013709962368011475),(Vehicles5↦0.018141232430934906)}",
        "VehiclesVx": "{(EgoVehicle↦20.0),(Vehicles2↦0.10815457440912724),(Vehicles3↦0.40156353265047073),(Vehicles4↦1.3172952830791473),(Vehicles5↦0.5638889595866203)}",
        "VehiclesY": "{(EgoVehicle↦8.000000238418579),(Vehicles2↦-4.0000001192092896),(Vehicles3↦0.0),(Vehicles4↦-8.000000238418579),(Vehicles5↦0.0)}",
        "VehiclesVy": "{(EgoVehicle↦0.0),(Vehicles2↦0.0),(Vehicles3↦0.0),(Vehicles4↦0.0),(Vehicles5↦0.0)}",
        "VehiclesX": "{(EgoVehicle↦200.0),(Vehicles2↦32.97242820262909),(Vehicles3↦33.89544486999512),(Vehicles4↦76.69705748558044),(Vehicles5↦94.10442113876343)}"
      },
      "probabilisticVariables": null,
      "activating": [
        "IDLE_43"
      ],
      "activatingOnlyWhenExecuted": true,
      "updating": null,
      "withPredicate": null
    },
    {
      "id": "IDLE_43",
      "execute": "IDLE",
      "after": "1000",
      "priority": 0,
      "additionalGuards": null,
      "activationKind": null,
      "fixedVariables": {
        "Crash": "FALSE",
        "VehiclesAy": "{(EgoVehicle↦0.0),(Vehicles2↦0.0),(Vehicles3↦0.0),(Vehicles4↦0.0),(Vehicles5↦0.0)}",
        "Reward": "0.7333333333333334",
        "VehiclesAx": "{(EgoVehicle↦0.0),(Vehicles2↦0.009865602478384972),(Vehicles3↦0.016760043799877167),(Vehicles4↦-0.01373395323753357),(Vehicles5↦0.018167570233345032)}",
        "VehiclesVx": "{(EgoVehicle↦20.0),(Vehicles2↦0.11802017688751221),(Vehicles3↦0.4183235764503479),(Vehicles4↦1.3035613298416138),(Vehicles5↦0.5820565298199654)}",
        "VehiclesY": "{(EgoVehicle↦8.000000238418579),(Vehicles2↦-4.0000001192092896),(Vehicles3↦0.0),(Vehicles4↦-8.000000238418579),(Vehicles5↦0.0)}",
        "VehiclesVy": "{(EgoVehicle↦0.0),(Vehicles2↦0.0),(Vehicles3↦0.0),(Vehicles4↦0.0),(Vehicles5↦0.0)}",
        "VehiclesX": "{(EgoVehicle↦200.0),(Vehicles2↦33.08456242084503),(Vehicles3↦34.303709864616394),(Vehicles4↦78.00886034965515),(Vehicles5↦94.67557668685913)}"
      },
      "probabilisticVariables": null,
      "activating": [
        "IDLE_44"
      ],
      "activatingOnlyWhenExecuted": true,
      "updating": null,
      "withPredicate": null
    },
    {
      "id": "IDLE_44",
      "execute": "IDLE",
      "after": "1000",
      "priority": 0,
      "additionalGuards": null,
      "activationKind": null,
      "fixedVariables": {
        "Crash": "FALSE",
        "VehiclesAy": "{(EgoVehicle↦0.0),(Vehicles2↦0.0),(Vehicles3↦0.0),(Vehicles4↦0.0),(Vehicles5↦0.0)}",
        "Reward": "0.7333333333333334",
        "VehiclesAx": "{(EgoVehicle↦0.0),(Vehicles2↦0.009457338601350784),(Vehicles3↦0.01678168773651123),(Vehicles4↦-0.013732612133026123),(Vehicles5↦0.018150396645069122)}",
        "VehiclesVx": "{(EgoVehicle↦20.0),(Vehicles2↦0.127477515488863),(Vehicles3↦0.43510526418685913),(Vehicles4↦1.2898287177085876),(Vehicles5↦0.6002069264650345)}",
        "VehiclesY": "{(EgoVehicle↦8.000000238418579),(Vehicles2↦-4.0000001192092896),(Vehicles3↦0.0),(Vehicles4↦-8.000000238418579),(Vehicles5↦0.0)}",
        "VehiclesVy": "{(EgoVehicle↦0.0),(Vehicles2↦0.0),(Vehicles3↦0.0),(Vehicles4↦0.0),(Vehicles5↦0.0)}",
        "VehiclesX": "{(EgoVehicle↦200.0),(Vehicles2↦33.20639729499817),(Vehicles3↦34.72874462604523),(Vehicles4↦79.30692434310913),(Vehicles5↦95.2648937702179)}"
      },
      "probabilisticVariables": null,
      "activating": [
        "IDLE_45"
      ],
      "activatingOnlyWhenExecuted": true,
      "updating": null,
      "withPredicate": null
    },
    {
      "id": "IDLE_45",
      "execute": "IDLE",
      "after": "1000",
      "priority": 0,
      "additionalGuards": null,
      "activationKind": null,
      "fixedVariables": {
        "Crash": "FALSE",
        "VehiclesAy": "{(EgoVehicle↦0.0),(Vehicles2↦0.0),(Vehicles3↦0.0),(Vehicles4↦0.0),(Vehicles5↦0.0)}",
        "Reward": "0.7333333333333334",
        "VehiclesAx": "{(EgoVehicle↦0.0),(Vehicles2↦0.009073447436094284),(Vehicles3↦0.016788877546787262),(Vehicles4↦-0.01370653510093689),(Vehicles5↦0.018095895648002625)}",
        "VehiclesVx": "{(EgoVehicle↦20.0),(Vehicles2↦0.13655096292495728),(Vehicles3↦0.4518941417336464),(Vehicles4↦1.2761221826076508),(Vehicles5↦0.6183028221130371)}",
        "VehiclesY": "{(EgoVehicle↦8.000000238418579),(Vehicles2↦-4.0000001192092896),(Vehicles3↦0.0),(Vehicles4↦-8.000000238418579),(Vehicles5↦0.0)}",
        "VehiclesVy": "{(EgoVehicle↦0.0),(Vehicles2↦0.0),(Vehicles3↦0.0),(Vehicles4↦0.0),(Vehicles5↦0.0)}",
        "VehiclesX": "{(EgoVehicle↦200.0),(Vehicles2↦33.337533473968506),(Vehicles3↦35.17056703567505),(Vehicles4↦80.59126734733582),(Vehicles5↦95.87234854698181)}"
      },
      "probabilisticVariables": null,
      "activating": [
        "IDLE_46"
      ],
      "activatingOnlyWhenExecuted": true,
      "updating": null,
      "withPredicate": null
    },
    {
      "id": "IDLE_46",
      "execute": "IDLE",
      "after": "1000",
      "priority": 0,
      "additionalGuards": null,
      "activationKind": null,
      "fixedVariables": {
        "Crash": "FALSE",
        "VehiclesAy": "{(EgoVehicle↦0.0),(Vehicles2↦0.0),(Vehicles3↦0.0),(Vehicles4↦0.0),(Vehicles5↦0.0)}",
        "Reward": "0.7333333333333334",
        "VehiclesAx": "{(EgoVehicle↦0.0),(Vehicles2↦0.008712876588106155),(Vehicles3↦0.016781315207481384),(Vehicles4↦-0.013657063245773315),(Vehicles5↦0.0180092453956604)}",
        "VehiclesVx": "{(EgoVehicle↦20.0),(Vehicles2↦0.14526383951306343),(Vehicles3↦0.4686754569411278),(Vehicles4↦1.2624651193618774),(Vehicles5↦0.6363120675086975)}",
        "VehiclesY": "{(EgoVehicle↦8.000000238418579),(Vehicles2↦-4.0000001192092896),(Vehicles3↦0.0),(Vehicles4↦-8.000000238418579),(Vehicles5↦0.0)}",
        "VehiclesVy": "{(EgoVehicle↦0.0),(Vehicles2↦0.0),(Vehicles3↦0.0),(Vehicles4↦0.0),(Vehicles5↦0.0)}",
        "VehiclesX": "{(EgoVehicle↦200.0),(Vehicles2↦33.477598428726196),(Vehicles3↦35.62917411327362),(Vehicles4↦81.86192512512207),(Vehicles5↦96.49786353111267)}"
      },
      "probabilisticVariables": null,
      "activating": [
        "IDLE_47"
      ],
      "activatingOnlyWhenExecuted": true,
      "updating": null,
      "withPredicate": null
    },
    {
      "id": "IDLE_47",
      "execute": "IDLE",
      "after": "1000",
      "priority": 0,
      "additionalGuards": null,
      "activationKind": null,
      "fixedVariables": {
        "Crash": "FALSE",
        "VehiclesAy": "{(EgoVehicle↦0.0),(Vehicles2↦0.0),(Vehicles3↦0.0),(Vehicles4↦0.0),(Vehicles5↦0.0)}",
        "Reward": "0.7333333333333334",
        "VehiclesAx": "{(EgoVehicle↦0.0),(Vehicles2↦0.008374536409974098),(Vehicles3↦0.016759037971496582),(Vehicles4↦-0.013584867119789124),(Vehicles5↦0.017895400524139404)}",
        "VehiclesVx": "{(EgoVehicle↦20.0),(Vehicles2↦0.15363837592303753),(Vehicles3↦0.48543449491262436),(Vehicles4↦1.2488802522420883),(Vehicles5↦0.6542074680328369)}",
        "VehiclesY": "{(EgoVehicle↦8.000000238418579),(Vehicles2↦-4.0000001192092896),(Vehicles3↦0.0),(Vehicles4↦-8.000000238418579),(Vehicles5↦0.0)}",
        "VehiclesVy": "{(EgoVehicle↦0.0),(Vehicles2↦0.0),(Vehicles3↦0.0),(Vehicles4↦0.0),(Vehicles5↦0.0)}",
        "VehiclesX": "{(EgoVehicle↦200.0),(Vehicles2↦33.62623751163483),(Vehicles3↦36.104556918144226),(Vehicles4↦83.11894536018372),(Vehicles5↦97.14134335517883)}"
      },
      "probabilisticVariables": null,
      "activating": [
        "IDLE_48"
      ],
      "activatingOnlyWhenExecuted": true,
      "updating": null,
      "withPredicate": null
    },
    {
      "id": "IDLE_48",
      "execute": "IDLE",
      "after": "1000",
      "priority": 0,
      "additionalGuards": null,
      "activationKind": null,
      "fixedVariables": {
        "Crash": "FALSE",
        "VehiclesAy": "{(EgoVehicle↦0.0),(Vehicles2↦0.0),(Vehicles3↦0.0),(Vehicles4↦0.0),(Vehicles5↦0.0)}",
        "Reward": "0.7333333333333334",
        "VehiclesAx": "{(EgoVehicle↦0.0),(Vehicles2↦0.008057383820414543),(Vehicles3↦0.016722343862056732),(Vehicles4↦-0.013491064310073853),(Vehicles5↦0.017758160829544067)}",
        "VehiclesVx": "{(EgoVehicle↦20.0),(Vehicles2↦0.16169575974345207),(Vehicles3↦0.5021568387746811),(Vehicles4↦1.2353891879320145),(Vehicles5↦0.671965628862381)}",
        "VehiclesY": "{(EgoVehicle↦8.000000238418579),(Vehicles2↦-4.0000001192092896),(Vehicles3↦0.0),(Vehicles4↦-8.000000238418579),(Vehicles5↦0.0)}",
        "VehiclesVy": "{(EgoVehicle↦0.0),(Vehicles2↦0.0),(Vehicles3↦0.0),(Vehicles4↦0.0),(Vehicles5↦0.0)}",
        "VehiclesX": "{(EgoVehicle↦200.0),(Vehicles2↦33.78312289714813),(Vehicles3↦36.59668266773224),(Vehicles4↦84.36242341995239),(Vehicles5↦97.80266284942627)}"
      },
      "probabilisticVariables": null,
      "activating": [
        "IDLE_49"
      ],
      "activatingOnlyWhenExecuted": true,
      "updating": null,
      "withPredicate": null
    },
    {
      "id": "IDLE_49",
      "execute": "IDLE",
      "after": "1000",
      "priority": 0,
      "additionalGuards": null,
      "activationKind": null,
      "fixedVariables": {
        "Crash": "FALSE",
        "VehiclesAy": "{(EgoVehicle↦0.0),(Vehicles2↦0.0),(Vehicles3↦0.0),(Vehicles4↦0.0),(Vehicles5↦0.0)}",
        "Reward": "0.7333333333333334",
        "VehiclesAx": "{(EgoVehicle↦0.0),(Vehicles2↦0.007760394364595413),(Vehicles3↦0.016671717166900635),(Vehicles4↦-0.013376697897911072),(Vehicles5↦0.01760132610797882)}",
        "VehiclesVx": "{(EgoVehicle↦20.0),(Vehicles2↦0.16945615410804749),(Vehicles3↦0.5188285559415817),(Vehicles4↦1.2220124900341034),(Vehicles5↦0.6895669549703598)}",
        "VehiclesY": "{(EgoVehicle↦8.000000238418579),(Vehicles2↦-4.0000001192092896),(Vehicles3↦0.0),(Vehicles4↦-8.000000238418579),(Vehicles5↦0.0)}",
        "VehiclesVy": "{(EgoVehicle↦0.0),(Vehicles2↦0.0),(Vehicles3↦0.0),(Vehicles4↦0.0),(Vehicles5↦0.0)}",
        "VehiclesX": "{(EgoVehicle↦200.0),(Vehicles2↦33.94794762134552),(Vehicles3↦37.105512619018555),(Vehicles4↦85.59244871139526),(Vehicles5↦98.481684923172)}"
      },
      "probabilisticVariables": null,
      "activating": [
        "IDLE_50"
      ],
      "activatingOnlyWhenExecuted": true,
      "updating": null,
      "withPredicate": null
    },
    {
      "id": "IDLE_50",
      "execute": "IDLE",
      "after": "1000",
      "priority": 0,
      "additionalGuards": null,
      "activationKind": null,
      "fixedVariables": {
        "Crash": "FALSE",
        "VehiclesAy": "{(EgoVehicle↦0.0),(Vehicles2↦0.0),(Vehicles3↦0.0),(Vehicles4↦0.0),(Vehicles5↦0.0)}",
        "Reward": "0.7333333333333334",
        "VehiclesAx": "{(EgoVehicle↦0.0),(Vehicles2↦0.007482580840587616),(Vehicles3↦0.016607753932476044),(Vehicles4↦-0.013242512941360474),(Vehicles5↦0.01742817461490631)}",
        "VehiclesVx": "{(EgoVehicle↦20.0),(Vehicles2↦0.1769387349486351),(Vehicles3↦0.5354363098740578),(Vehicles4↦1.208769977092743),(Vehicles5↦0.7069951295852661)}",
        "VehiclesY": "{(EgoVehicle↦8.000000238418579),(Vehicles2↦-4.0000001192092896),(Vehicles3↦0.0),(Vehicles4↦-8.000000238418579),(Vehicles5↦0.0)}",
        "VehiclesVy": "{(EgoVehicle↦0.0),(Vehicles2↦0.0),(Vehicles3↦0.0),(Vehicles4↦0.0),(Vehicles5↦0.0)}",
        "VehiclesX": "{(EgoVehicle↦200.0),(Vehicles2↦34.12041664123535),(Vehicles3↦37.63099014759064),(Vehicles4↦86.80915236473083),(Vehicles5↦99.17823672294617)}"
      },
      "probabilisticVariables": null,
      "activating": [
        "IDLE_51"
      ],
      "activatingOnlyWhenExecuted": true,
      "updating": null,
      "withPredicate": null
    },
    {
      "id": "IDLE_51",
      "execute": "IDLE",
      "after": "1000",
      "priority": 0,
      "additionalGuards": null,
      "activationKind": null,
      "fixedVariables": {
        "Crash": "FALSE",
        "VehiclesAy": "{(EgoVehicle↦0.0),(Vehicles2↦0.0),(Vehicles3↦0.0),(Vehicles4↦0.0),(Vehicles5↦0.0)}",
        "Reward": "0.7333333333333334",
        "VehiclesAx": "{(EgoVehicle↦0.0),(Vehicles2↦0.007222965359687805),(Vehicles3↦0.01653134822845459),(Vehicles4↦-0.013089850544929504),(Vehicles5↦0.01724131405353546)}",
        "VehiclesVx": "{(EgoVehicle↦20.0),(Vehicles2↦0.1841617003083229),(Vehicles3↦0.5519676581025124),(Vehicles4↦1.1956801265478134),(Vehicles5↦0.7242364436388016)}",
        "VehiclesY": "{(EgoVehicle↦8.000000238418579),(Vehicles2↦-4.0000001192092896),(Vehicles3↦0.0),(Vehicles4↦-8.000000238418579),(Vehicles5↦0.0)}",
        "VehiclesVy": "{(EgoVehicle↦0.0),(Vehicles2↦0.0),(Vehicles3↦0.0),(Vehicles4↦0.0),(Vehicles5↦0.0)}",
        "VehiclesX": "{(EgoVehicle↦200.0),(Vehicles2↦34.30026471614838),(Vehicles3↦38.173046708106995),(Vehicles4↦88.01267743110657),(Vehicles5↦99.89214539527893)}"
      },
      "probabilisticVariables": null,
      "activating": [
        "IDLE_52"
      ],
      "activatingOnlyWhenExecuted": true,
      "updating": null,
      "withPredicate": null
    },
    {
      "id": "IDLE_52",
      "execute": "IDLE",
      "after": "1000",
      "priority": 0,
      "additionalGuards": null,
      "activationKind": null,
      "fixedVariables": {
        "Crash": "FALSE",
        "VehiclesAy": "{(EgoVehicle↦0.0),(Vehicles2↦0.0),(Vehicles3↦0.0),(Vehicles4↦0.0),(Vehicles5↦0.0)}",
        "Reward": "0.7333333333333334",
        "VehiclesAx": "{(EgoVehicle↦0.0),(Vehicles2↦0.006980560719966888),(Vehicles3↦0.01644313335418701),(Vehicles4↦-0.012919381260871887),(Vehicles5↦0.017043277621269226)}",
        "VehiclesVx": "{(EgoVehicle↦20.0),(Vehicles2↦0.1911422610282898),(Vehicles3↦0.5684107914566994),(Vehicles4↦1.1827607452869415),(Vehicles5↦0.7412797212600708)}",
        "VehiclesY": "{(EgoVehicle↦8.000000238418579),(Vehicles2↦-4.0000001192092896),(Vehicles3↦0.0),(Vehicles4↦-8.000000238418579),(Vehicles5↦0.0)}",
        "VehiclesVy": "{(EgoVehicle↦0.0),(Vehicles2↦0.0),(Vehicles3↦0.0),(Vehicles4↦0.0),(Vehicles5↦0.0)}",
        "VehiclesX": "{(EgoVehicle↦200.0),(Vehicles2↦34.4872385263443),(Vehicles3↦38.73159885406494),(Vehicles4↦89.2031729221344),(Vehicles5↦100.62321424484253)}"
      },
      "probabilisticVariables": null,
      "activating": [
        "IDLE_53"
      ],
      "activatingOnlyWhenExecuted": true,
      "updating": null,
      "withPredicate": null
    },
    {
      "id": "IDLE_53",
      "execute": "IDLE",
      "after": "1000",
      "priority": 0,
      "additionalGuards": null,
      "activationKind": null,
      "fixedVariables": {
        "Crash": "FALSE",
        "VehiclesAy": "{(EgoVehicle↦0.0),(Vehicles2↦0.0),(Vehicles3↦0.0),(Vehicles4↦0.0),(Vehicles5↦0.0)}",
        "Reward": "0.7333333333333334",
        "VehiclesAx": "{(EgoVehicle↦0.0),(Vehicles2↦0.006754491478204727),(Vehicles3↦0.01634415239095688),(Vehicles4↦-0.01273222267627716),(Vehicles5↦0.016836151480674744)}",
        "VehiclesVx": "{(EgoVehicle↦20.0),(Vehicles2↦0.19789675250649452),(Vehicles3↦0.5847549438476562),(Vehicles4↦1.1700285226106644),(Vehicles5↦0.7581158727407455)}",
        "VehiclesY": "{(EgoVehicle↦8.000000238418579),(Vehicles2↦-4.0000001192092896),(Vehicles3↦0.0),(Vehicles4↦-8.000000238418579),(Vehicles5↦0.0)}",
        "VehiclesVy": "{(EgoVehicle↦0.0),(Vehicles2↦0.0),(Vehicles3↦0.0),(Vehicles4↦0.0),(Vehicles5↦0.0)}",
        "VehiclesX": "{(EgoVehicle↦200.0),(Vehicles2↦34.68109965324402),(Vehicles3↦39.306554198265076),(Vehicles4↦90.38082361221313),(Vehicles5↦101.37124061584473)}"
      },
      "probabilisticVariables": null,
      "activating": [
        "IDLE_54"
      ],
      "activatingOnlyWhenExecuted": true,
      "updating": null,
      "withPredicate": null
    },
    {
      "id": "IDLE_54",
      "execute": "IDLE",
      "after": "1000",
      "priority": 0,
      "additionalGuards": null,
      "activationKind": null,
      "fixedVariables": {
        "Crash": "FALSE",
        "VehiclesAy": "{(EgoVehicle↦0.0),(Vehicles2↦0.0),(Vehicles3↦0.0),(Vehicles4↦0.0),(Vehicles5↦0.0)}",
        "Reward": "0.7333333333333334",
        "VehiclesAx": "{(EgoVehicle↦0.0),(Vehicles2↦0.006543826311826706),(Vehicles3↦0.016235150396823883),(Vehicles4↦-0.012529417872428894),(Vehicles5↦0.016621798276901245)}",
        "VehiclesVx": "{(EgoVehicle↦20.0),(Vehicles2↦0.20444057881832123),(Vehicles3↦0.6009900942444801),(Vehicles4↦1.1574991047382355),(Vehicles5↦0.7747376710176468)}",
        "VehiclesY": "{(EgoVehicle↦8.000000238418579),(Vehicles2↦-4.0000001192092896),(Vehicles3↦0.0),(Vehicles4↦-8.000000238418579),(Vehicles5↦0.0)}",
        "VehiclesVy": "{(EgoVehicle↦0.0),(Vehicles2↦0.0),(Vehicles3↦0.0),(Vehicles4↦0.0),(Vehicles5↦0.0)}",
        "VehiclesX": "{(EgoVehicle↦200.0),(Vehicles2↦34.881630539894104),(Vehicles3↦39.89781439304352),(Vehicles4↦91.54582619667053),(Vehicles5↦102.13602781295776)}"
      },
      "probabilisticVariables": null,
      "activating": [
        "IDLE_55"
      ],
      "activatingOnlyWhenExecuted": true,
      "updating": null,
      "withPredicate": null
    },
    {
      "id": "IDLE_55",
      "execute": "IDLE",
      "after": "1000",
      "priority": 0,
      "additionalGuards": null,
      "activationKind": null,
      "fixedVariables": {
        "Crash": "FALSE",
        "VehiclesAy": "{(EgoVehicle↦0.0),(Vehicles2↦0.0),(Vehicles3↦0.0),(Vehicles4↦0.0),(Vehicles5↦0.0)}",
        "Reward": "0.7333333333333334",
        "VehiclesAx": "{(EgoVehicle↦0.0),(Vehicles2↦0.006347689777612686),(Vehicles3↦0.01611705869436264),(Vehicles4↦-0.012311935424804688),(Vehicles5↦0.016401708126068115)}",
        "VehiclesVx": "{(EgoVehicle↦20.0),(Vehicles2↦0.21078826859593391),(Vehicles3↦0.6171071529388428),(Vehicles4↦1.1451871693134308),(Vehicles5↦0.7911393791437149)}",
        "VehiclesY": "{(EgoVehicle↦8.000000238418579),(Vehicles2↦-4.0000001192092896),(Vehicles3↦0.0),(Vehicles4↦-8.000000238418579),(Vehicles5↦0.0)}",
        "VehiclesVy": "{(EgoVehicle↦0.0),(Vehicles2↦0.0),(Vehicles3↦0.0),(Vehicles4↦0.0),(Vehicles5↦0.0)}",
        "VehiclesX": "{(EgoVehicle↦200.0),(Vehicles2↦35.08862555027008),(Vehicles3↦40.50526022911072),(Vehicles4↦92.69838333129883),(Vehicles5↦102.91733741760254)}"
      },
      "probabilisticVariables": null,
      "activating": [
        "IDLE_56"
      ],
      "activatingOnlyWhenExecuted": true,
      "updating": null,
      "withPredicate": null
    },
    {
      "id": "IDLE_56",
      "execute": "IDLE",
      "after": "1000",
      "priority": 0,
      "additionalGuards": null,
      "activationKind": null,
      "fixedVariables": {
        "Crash": "FALSE",
        "VehiclesAy": "{(EgoVehicle↦0.0),(Vehicles2↦0.0),(Vehicles3↦0.0),(Vehicles4↦0.0),(Vehicles5↦0.0)}",
        "Reward": "0.7333333333333334",
        "VehiclesAx": "{(EgoVehicle↦0.0),(Vehicles2↦0.0061652809381484985),(Vehicles3↦0.015990734100341797),(Vehicles4↦-0.012080594897270203),(Vehicles5↦0.016177594661712646)}",
        "VehiclesVx": "{(EgoVehicle↦20.0),(Vehicles2↦0.2169535495340824),(Vehicles3↦0.6330978870391846),(Vehicles4↦1.1331065744161606),(Vehicles5↦0.8073169738054276)}",
        "VehiclesY": "{(EgoVehicle↦8.000000238418579),(Vehicles2↦-4.0000001192092896),(Vehicles3↦0.0),(Vehicles4↦-8.000000238418579),(Vehicles5↦0.0)}",
        "VehiclesVy": "{(EgoVehicle↦0.0),(Vehicles2↦0.0),(Vehicles3↦0.0),(Vehicles4↦0.0),(Vehicles5↦0.0)}",
        "VehiclesX": "{(EgoVehicle↦200.0),(Vehicles2↦35.30189394950867),(Vehicles3↦41.128772497177124),(Vehicles4↦93.83871555328369),(Vehicles5↦103.71496677398682)}"
      },
      "probabilisticVariables": null,
      "activating": [
        "IDLE_57"
      ],
      "activatingOnlyWhenExecuted": true,
      "updating": null,
      "withPredicate": null
    },
    {
      "id": "IDLE_57",
      "execute": "IDLE",
      "after": "1000",
      "priority": 0,
      "additionalGuards": null,
      "activationKind": null,
      "fixedVariables": {
        "Crash": "FALSE",
        "VehiclesAy": "{(EgoVehicle↦0.0),(Vehicles2↦0.0),(Vehicles3↦0.0),(Vehicles4↦0.0),(Vehicles5↦0.0)}",
        "Reward": "0.7333333333333334",
        "VehiclesAx": "{(EgoVehicle↦0.0),(Vehicles2↦0.0059957802295684814),(Vehicles3↦0.015856996178627014),(Vehicles4↦-0.011836811900138855),(Vehicles5↦0.01595035195350647)}",
        "VehiclesVx": "{(EgoVehicle↦20.0),(Vehicles2↦0.2229493297636509),(Vehicles3↦0.6489548832178116),(Vehicles4↦1.1212697625160217),(Vehicles5↦0.823267325758934)}",
        "VehiclesY": "{(EgoVehicle↦8.000000238418579),(Vehicles2↦-4.0000001192092896),(Vehicles3↦0.0),(Vehicles4↦-8.000000238418579),(Vehicles5↦0.0)}",
        "VehiclesVy": "{(EgoVehicle↦0.0),(Vehicles2↦0.0),(Vehicles3↦0.0),(Vehicles4↦0.0),(Vehicles5↦0.0)}",
        "VehiclesX": "{(EgoVehicle↦200.0),(Vehicles2↦35.52125692367554),(Vehicles3↦41.76822602748871),(Vehicles4↦94.9670672416687),(Vehicles5↦104.52868938446045)}"
      },
      "probabilisticVariables": null,
      "activating": [
        "IDLE_58"
      ],
      "activatingOnlyWhenExecuted": true,
      "updating": null,
      "withPredicate": null
    },
    {
      "id": "IDLE_58",
      "execute": "IDLE",
      "after": "1000",
      "priority": 0,
      "additionalGuards": null,
      "activationKind": null,
      "fixedVariables": {
        "Crash": "FALSE",
        "VehiclesAy": "{(EgoVehicle↦0.0),(Vehicles2↦0.0),(Vehicles3↦0.0),(Vehicles4↦0.0),(Vehicles5↦0.0)}",
        "Reward": "0.7333333333333334",
        "VehiclesAx": "{(EgoVehicle↦0.0),(Vehicles2↦0.005838349461555481),(Vehicles3↦0.01571670174598694),(Vehicles4↦-0.011581182479858398),(Vehicles5↦0.015721172094345093)}",
        "VehiclesVx": "{(EgoVehicle↦20.0),(Vehicles2↦0.22878767922520638),(Vehicles3↦0.6646715849637985),(Vehicles4↦1.1096885800361633),(Vehicles5↦0.8389884978532791)}",
        "VehiclesY": "{(EgoVehicle↦8.000000238418579),(Vehicles2↦-4.0000001192092896),(Vehicles3↦0.0),(Vehicles4↦-8.000000238418579),(Vehicles5↦0.0)}",
        "VehiclesVy": "{(EgoVehicle↦0.0),(Vehicles2↦0.0),(Vehicles3↦0.0),(Vehicles4↦0.0),(Vehicles5↦0.0)}",
        "VehiclesX": "{(EgoVehicle↦200.0),(Vehicles2↦35.7465535402298),(Vehicles3↦42.42347776889801),(Vehicles4↦96.08368873596191),(Vehicles5↦105.35826683044434)}"
      },
      "probabilisticVariables": null,
      "activating": [
        "IDLE_59"
      ],
      "activatingOnlyWhenExecuted": true,
      "updating": null,
      "withPredicate": null
    },
    {
      "id": "IDLE_59",
      "execute": "IDLE",
      "after": "1000",
      "priority": 0,
      "additionalGuards": null,
      "activationKind": null,
      "fixedVariables": {
        "Crash": "FALSE",
        "VehiclesAy": "{(EgoVehicle↦0.0),(Vehicles2↦0.0),(Vehicles3↦0.0),(Vehicles4↦0.0),(Vehicles5↦0.0)}",
        "Reward": "0.7333333333333334",
        "VehiclesAx": "{(EgoVehicle↦0.0),(Vehicles2↦0.005692336708307266),(Vehicles3↦0.015570446848869324),(Vehicles4↦-0.01131497323513031),(Vehicles5↦0.015490949153900146)}",
        "VehiclesVx": "{(EgoVehicle↦20.0),(Vehicles2↦0.23448001593351364),(Vehicles3↦0.6802420318126678),(Vehicles4↦1.098373606801033),(Vehicles5↦0.8544794470071793)}",
        "VehiclesY": "{(EgoVehicle↦8.000000238418579),(Vehicles2↦-4.0000001192092896),(Vehicles3↦0.0),(Vehicles4↦-8.000000238418579),(Vehicles5↦0.0)}",
        "VehiclesVy": "{(EgoVehicle↦0.0),(Vehicles2↦0.0),(Vehicles3↦0.0),(Vehicles4↦0.0),(Vehicles5↦0.0)}",
        "VehiclesX": "{(EgoVehicle↦200.0),(Vehicles2↦35.97763180732727),(Vehicles3↦43.094390630722046),(Vehicles4↦97.18882441520691),(Vehicles5↦106.20346069335938)}"
      },
      "probabilisticVariables": null,
      "activating": [
        "IDLE_60"
      ],
      "activatingOnlyWhenExecuted": true,
      "updating": null,
      "withPredicate": null
    },
    {
      "id": "IDLE_60",
      "execute": "IDLE",
      "after": "1000",
      "priority": 0,
      "additionalGuards": null,
      "activationKind": null,
      "fixedVariables": {
        "Crash": "FALSE",
        "VehiclesAy": "{(EgoVehicle↦0.0),(Vehicles2↦0.0),(Vehicles3↦0.0),(Vehicles4↦0.0),(Vehicles5↦0.0)}",
        "Reward": "0.7333333333333334",
        "VehiclesAx": "{(EgoVehicle↦0.0),(Vehicles2↦0.00555695965886116),(Vehicles3↦0.01541927456855774),(Vehicles4↦-0.01103915274143219),(Vehicles5↦0.015260428190231323)}",
        "VehiclesVx": "{(EgoVehicle↦20.0),(Vehicles2↦0.2400369755923748),(Vehicles3↦0.6956613063812256),(Vehicles4↦1.0873344540596008),(Vehicles5↦0.8697398751974106)}",
        "VehiclesY": "{(EgoVehicle↦8.000000238418579),(Vehicles2↦-4.0000001192092896),(Vehicles3↦0.0),(Vehicles4↦-8.000000238418579),(Vehicles5↦0.0)}",
        "VehiclesVy": "{(EgoVehicle↦0.0),(Vehicles2↦0.0),(Vehicles3↦0.0),(Vehicles4↦0.0),(Vehicles5↦0.0)}",
        "VehiclesX": "{(EgoVehicle↦200.0),(Vehicles2↦36.21434271335602),(Vehicles3↦43.78081262111664),(Vehicles4↦98.28276038169861),(Vehicles5↦107.06406831741333)}"
      },
      "probabilisticVariables": null,
      "activating": [
        "IDLE_61"
      ],
      "activatingOnlyWhenExecuted": true,
      "updating": null,
      "withPredicate": null
    },
    {
      "id": "IDLE_61",
      "execute": "IDLE",
      "after": "1000",
      "priority": 0,
      "additionalGuards": null,
      "activationKind": null,
      "fixedVariables": {
        "Crash": "FALSE",
        "VehiclesAy": "{(EgoVehicle↦0.0),(Vehicles2↦0.0),(Vehicles3↦0.0),(Vehicles4↦0.0),(Vehicles5↦0.0)}",
        "Reward": "0.7333333333333334",
        "VehiclesAx": "{(EgoVehicle↦0.0),(Vehicles2↦0.005431529134511948),(Vehicles3↦0.015263482928276062),(Vehicles4↦-0.010754615068435669),(Vehicles5↦0.015030354261398315)}",
        "VehiclesVx": "{(EgoVehicle↦20.0),(Vehicles2↦0.24546850472688675),(Vehicles3↦0.7109247893095016),(Vehicles4↦1.0765798389911652),(Vehicles5↦0.8847702294588089)}",
        "VehiclesY": "{(EgoVehicle↦8.000000238418579),(Vehicles2↦-4.0000001192092896),(Vehicles3↦0.0),(Vehicles4↦-8.000000238418579),(Vehicles5↦0.0)}",
        "VehiclesVy": "{(EgoVehicle↦0.0),(Vehicles2↦0.0),(Vehicles3↦0.0),(Vehicles4↦0.0),(Vehicles5↦0.0)}",
        "VehiclesX": "{(EgoVehicle↦200.0),(Vehicles2↦36.45656406879425),(Vehicles3↦44.48259174823761),(Vehicles4↦99.36577081680298),(Vehicles5↦107.93983936309814)}"
      },
      "probabilisticVariables": null,
      "activating": null,
      "activatingOnlyWhenExecuted": true,
      "updating": null,
      "withPredicate": null
    }
  ],
  "listeners": [],
  "metadata": {
    "fileType": "Timed_Trace",
    "formatVersion": 3,
    "savedAt": "2023-08-21T13:22:41.785891Z",
    "creator": "Simulation: HYPOTHESIS_TEST; SIGNIFICANCE : 0.05, PROBABILITY : 0.95, MAX_STEPS_BEFORE_PROPERTY : 0, EXECUTIONS : 1000, PREDICATE : Crash = FALSE, ENDING_TIME : 60000, HYPOTHESIS_CHECKING_TYPE : LEFT_TAILED, CHECKING_TYPE : PREDICATE_INVARIANT",
    "proB2KernelVersion": "4.12.2",
    "proBCliVersion": "1.12.2-final",
    "modelName": "HighwayEnvironment2"
  }
}