{
  "variables": {},
  "activations": [
    {
      "id": "$setup_constants",
      "execute": "$setup_constants",
      "after": "0",
      "priority": 0,
      "additionalGuards": null,
      "activationKind": null,
      "fixedVariables": null,
      "probabilisticVariables": null,
      "activating": null,
      "activatingOnlyWhenExecuted": true,
      "updating": null,
      "withPredicate": null
    },
    {
      "id": "$initialise_machine",
      "execute": "$initialise_machine",
      "after": "0",
      "priority": 0,
      "additionalGuards": null,
      "activationKind": null,
      "fixedVariables": {
        "Crash": "FALSE",
        "VehiclesAy": "{(EgoVehicle↦0.0),(Vehicles2↦0.0),(Vehicles3↦0.0),(Vehicles4↦0.0),(Vehicles5↦0.0)}",
        "Reward": "0.0",
        "VehiclesAx": "{(EgoVehicle↦0.0),(Vehicles2↦0.0),(Vehicles3↦0.0),(Vehicles4↦0.0),(Vehicles5↦0.0)}",
        "VehiclesVx": "{(EgoVehicle↦25.0),(Vehicles2↦-3.6730530858039856),(Vehicles3↦-1.4510078728199005),(Vehicles4↦-1.422858089208603),(Vehicles5↦-2.8686094284057617)}",
        "VehiclesY": "{(EgoVehicle↦4.0000001192092896),(Vehicles2↦4.0000001192092896),(Vehicles3↦-4.0000001192092896),(Vehicles4↦-4.0000001192092896),(Vehicles5↦-4.0000001192092896)}",
        "VehiclesVy": "{(EgoVehicle↦0.0),(Vehicles2↦0.0),(Vehicles3↦0.0),(Vehicles4↦0.0),(Vehicles5↦0.0)}",
        "VehiclesX": "{(EgoVehicle↦156.24414682388306),(Vehicles2↦23.915471136569977),(Vehicles3↦47.237616777420044),(Vehicles4↦72.33796119689941),(Vehicles5↦96.4515209197998)}"
      },
      "probabilisticVariables": null,
      "activating": [
        "IDLE_2"
      ],
      "activatingOnlyWhenExecuted": true,
      "updating": null,
      "withPredicate": null
    },
    {
      "id": "IDLE_2",
      "execute": "IDLE",
      "after": "1000",
      "priority": 0,
      "additionalGuards": null,
      "activationKind": null,
      "fixedVariables": {
        "Crash": "FALSE",
        "VehiclesAy": "{(EgoVehicle↦0.0),(Vehicles2↦0.0),(Vehicles3↦0.0),(Vehicles4↦0.0),(Vehicles5↦0.0)}",
        "Reward": "0.8333333333333334",
        "VehiclesAx": "{(EgoVehicle↦0.0),(Vehicles2↦-0.0964769721031189),(Vehicles3↦-5.83001896739006),(Vehicles4↦-5.7257623970508575),(Vehicles5↦-2.478228807449341)}",
        "VehiclesVx": "{(EgoVehicle↦25.0),(Vehicles2↦-3.7695300579071045),(Vehicles3↦-7.281026840209961),(Vehicles4↦-7.1486204862594604),(Vehicles5↦-5.3468382358551025)}",
        "VehiclesY": "{(EgoVehicle↦4.0000001192092896),(Vehicles2↦4.0000001192092896),(Vehicles3↦-4.0000001192092896),(Vehicles4↦-4.0000001192092896),(Vehicles5↦-4.0000001192092896)}",
        "VehiclesVy": "{(EgoVehicle↦0.0),(Vehicles2↦0.0),(Vehicles3↦0.0),(Vehicles4↦0.0),(Vehicles5↦0.0)}",
        "VehiclesX": "{(EgoVehicle↦181.24414682388306),(Vehicles2↦20.20006626844406),(Vehicles3↦43.386608362197876),(Vehicles4↦68.51510405540466),(Vehicles5↦92.57006645202637)}"
      },
      "probabilisticVariables": null,
      "activating": [
        "SLOWER_3"
      ],
      "activatingOnlyWhenExecuted": true,
      "updating": null,
      "withPredicate": null
    },
    {
      "id": "SLOWER_3",
      "execute": "SLOWER",
      "after": "1000",
      "priority": 0,
      "additionalGuards": null,
      "activationKind": null,
      "fixedVariables": {
        "Crash": "FALSE",
        "VehiclesAy": "{(EgoVehicle↦0.0),(Vehicles2↦0.0),(Vehicles3↦0.0),(Vehicles4↦0.0),(Vehicles5↦0.0)}",
        "Reward": "0.7175582990397805",
        "VehiclesAx": "{(EgoVehicle↦-4.341564178466797),(Vehicles2↦4.277934432029724),(Vehicles3↦1.2852197885513306),(Vehicles4↦2.0188790559768677),(Vehicles5↦2.3650547862052917)}",
        "VehiclesVx": "{(EgoVehicle↦20.658435821533203),(Vehicles2↦0.5084043741226196),(Vehicles3↦-5.99580705165863),(Vehicles4↦-5.129741430282593),(Vehicles5↦-2.981783449649811)}",
        "VehiclesY": "{(EgoVehicle↦4.0000001192092896),(Vehicles2↦4.0000001192092896),(Vehicles3↦-4.0000001192092896),(Vehicles4↦-4.0000001192092896),(Vehicles5↦-4.0000001192092896)}",
        "VehiclesVy": "{(EgoVehicle↦0.0),(Vehicles2↦0.0),(Vehicles3↦0.0),(Vehicles4↦0.0),(Vehicles5↦0.0)}",
        "VehiclesX": "{(EgoVehicle↦200.0),(Vehicles2↦18.798375129699707),(Vehicles3↦37.05742657184601),(Vehicles4↦62.63508200645447),(Vehicles5↦88.76740336418152)}"
      },
      "probabilisticVariables": null,
      "activating": [
        "SLOWER_4"
      ],
      "activatingOnlyWhenExecuted": true,
      "updating": null,
      "withPredicate": null
    },
    {
      "id": "SLOWER_4",
      "execute": "SLOWER",
      "after": "1000",
      "priority": 0,
      "additionalGuards": null,
      "activationKind": null,
      "fixedVariables": {
        "Crash": "FALSE",
        "VehiclesAy": "{(EgoVehicle↦0.0),(Vehicles2↦0.0),(Vehicles3↦0.0),(Vehicles4↦0.0),(Vehicles5↦4.887368977069855)}",
        "Reward": "0.7023122039887778",
        "VehiclesAx": "{(EgoVehicle↦-0.5717277526855469),(Vehicles2↦0.5270948261022568),(Vehicles3↦-0.6721746921539307),(Vehicles4↦-0.4533839225769043),(Vehicles5↦-1.5227308869361877)}",
        "VehiclesVx": "{(EgoVehicle↦20.086708068847656),(Vehicles2↦1.0354992002248764),(Vehicles3↦-6.667981743812561),(Vehicles4↦-5.583125352859497),(Vehicles5↦-4.5045143365859985)}",
        "VehiclesY": "{(EgoVehicle↦4.0000001192092896),(Vehicles2↦4.0000001192092896),(Vehicles3↦-4.0000001192092896),(Vehicles4↦-4.0000001192092896),(Vehicles5↦-1.9079130291938782)}",
        "VehiclesVy": "{(EgoVehicle↦0.0),(Vehicles2↦0.0),(Vehicles3↦0.0),(Vehicles4↦0.0),(Vehicles5↦4.887368977069855)}",
        "VehiclesX": "{(EgoVehicle↦200.0),(Vehicles2↦19.602325558662415),(Vehicles3↦30.79064190387726),(Vehicles4↦57.401591539382935),(Vehicles5↦85.20544171333313)}"
      },
      "probabilisticVariables": null,
      "activating": [
        "SLOWER_5"
      ],
      "activatingOnlyWhenExecuted": true,
      "updating": null,
      "withPredicate": null
    },
    {
      "id": "SLOWER_5",
      "execute": "SLOWER",
      "after": "1000",
      "priority": 0,
      "additionalGuards": null,
      "activationKind": null,
      "fixedVariables": {
        "Crash": "FALSE",
        "VehiclesAy": "{(EgoVehicle↦0.0),(Vehicles2↦0.0),(Vehicles3↦0.0),(Vehicles4↦0.0),(Vehicles5↦5.354401171207428)}",
        "Reward": "0.7003044877680695",
        "VehiclesAx": "{(EgoVehicle↦-0.07529020309448242),(Vehicles2↦0.05547955632209778),(Vehicles3↦-0.3466212749481201),(Vehicles4↦0.9611541032791138),(Vehicles5↦1.432739496231079)}",
        "VehiclesVx": "{(EgoVehicle↦20.011417865753174),(Vehicles2↦1.0909787565469742),(Vehicles3↦-7.014603018760681),(Vehicles4↦-4.621971249580383),(Vehicles5↦-3.0717748403549194)}",
        "VehiclesY": "{(EgoVehicle↦4.0000001192092896),(Vehicles2↦4.0000001192092896),(Vehicles3↦-4.0000001192092896),(Vehicles4↦-4.0000001192092896),(Vehicles5↦-0.17000966146588326)}",
        "VehiclesVy": "{(EgoVehicle↦0.0),(Vehicles2↦0.0),(Vehicles3↦0.0),(Vehicles4↦0.0),(Vehicles5↦0.46703219413757324)}",
        "VehiclesX": "{(EgoVehicle↦200.0),(Vehicles2↦20.669983327388763),(Vehicles3↦23.920445144176483),(Vehicles4↦51.910942792892456),(Vehicles5↦81.58237338066101)}"
      },
      "probabilisticVariables": null,
      "activating": [
        "SLOWER_6"
      ],
      "activatingOnlyWhenExecuted": true,
      "updating": null,
      "withPredicate": null
    },
    {
      "id": "SLOWER_6",
      "execute": "SLOWER",
      "after": "1000",
      "priority": 0,
      "additionalGuards": null,
      "activationKind": null,
      "fixedVariables": {
        "Crash": "FALSE",
        "VehiclesAy": "{(EgoVehicle↦0.0),(Vehicles2↦0.0),(Vehicles3↦0.0),(Vehicles4↦0.0),(Vehicles5↦0.5059085413813591)}",
        "Reward": "0.700040097154643",
        "VehiclesAx": "{(EgoVehicle↦-0.009913444519042969),(Vehicles2↦-7.619218602776527),(Vehicles3↦8.107857033610344),(Vehicles4↦1.5084925293922424),(Vehicles5↦0.6458912789821625)}",
        "VehiclesVx": "{(EgoVehicle↦20.00150442123413),(Vehicles2↦-6.528239846229553),(Vehicles3↦1.0932540148496628),(Vehicles4↦-3.113478720188141),(Vehicles5↦-2.425883561372757)}",
        "VehiclesY": "{(EgoVehicle↦4.0000001192092896),(Vehicles2↦-4.0000001192092896),(Vehicles3↦4.0000001192092896),(Vehicles4↦-4.0000001192092896),(Vehicles5↦-0.01399086182937026)}",
        "VehiclesVy": "{(EgoVehicle↦0.0),(Vehicles2↦0.0),(Vehicles3↦0.0),(Vehicles4↦0.0),(Vehicles5↦0.03887634724378586)}",
        "VehiclesX": "{(EgoVehicle↦200.0),(Vehicles2↦17.050914466381073),(Vehicles3↦21.76278978586197),(Vehicles4↦47.93389439582825),(Vehicles5↦78.78175377845764)}"
      },
      "probabilisticVariables": null,
      "activating": [
        "LANE_RIGHT_7"
      ],
      "activatingOnlyWhenExecuted": true,
      "updating": null,
      "withPredicate": null
    },
    {
      "id": "LANE_RIGHT_7",
      "execute": "LANE_RIGHT",
      "after": "1000",
      "priority": 0,
      "additionalGuards": null,
      "activationKind": null,
      "fixedVariables": {
        "Crash": "FALSE",
        "VehiclesAy": "{(EgoVehicle↦1.1458907276391983),(Vehicles2↦-1.1458907276391983),(Vehicles3↦-1.1458907276391983),(Vehicles4↦-1.1458907276391983),(Vehicles5↦-1.1039664968848228)}",
        "Reward": "0.7333333333333334",
        "VehiclesAx": "{(EgoVehicle↦-0.03415942192077637),(Vehicles2↦0.9129875898361206),(Vehicles3↦0.031220465898513794),(Vehicles4↦1.0541251301765442),(Vehicles5↦0.5535279214382172)}",
        "VehiclesVx": "{(EgoVehicle↦19.967344999313354),(Vehicles2↦-5.615252256393433),(Vehicles3↦1.1244744807481766),(Vehicles4↦-2.0593535900115967),(Vehicles5↦-1.8723556399345398)}",
        "VehiclesY": "{(EgoVehicle↦7.603688478469849),(Vehicles2↦-7.603688478469849),(Vehicles3↦0.3963112235069275),(Vehicles4↦-7.603688478469849),(Vehicles5↦-3.604775547981262)}",
        "VehiclesVy": "{(EgoVehicle↦1.1458907276391983),(Vehicles2↦-1.1458907276391983),(Vehicles3↦-1.1458907276391983),(Vehicles4↦-1.1458907276391983),(Vehicles5↦-1.1428428441286087)}",
        "VehiclesX": "{(EgoVehicle↦200.0),(Vehicles2↦11.245109140872955),(Vehicles3↦23.241950571537018),(Vehicles4↦45.65143585205078),(Vehicles5↦76.95975303649902)}"
      },
      "probabilisticVariables": null,
      "activating": [
        "IDLE_8"
      ],
      "activatingOnlyWhenExecuted": true,
      "updating": null,
      "withPredicate": null
    },
    {
      "id": "IDLE_8",
      "execute": "IDLE",
      "after": "1000",
      "priority": 0,
      "additionalGuards": null,
      "activationKind": null,
      "fixedVariables": {
        "Crash": "FALSE",
        "VehiclesAy": "{(EgoVehicle↦-1.0740863904356956),(Vehicles2↦7.824219241738319),(Vehicles3↦1.0740863904356956),(Vehicles4↦1.0740863904356956),(Vehicles5↦-1.2144196266308427)}",
        "Reward": "0.7333333333333334",
        "VehiclesAx": "{(EgoVehicle↦0.032552480697631836),(Vehicles2↦-0.6394350528717041),(Vehicles3↦-0.033993422985076904),(Vehicles4↦0.591968297958374),(Vehicles5↦0.3831753134727478)}",
        "VehiclesVx": "{(EgoVehicle↦19.999897480010986),(Vehicles2↦-6.254687309265137),(Vehicles3↦1.0904810577630997),(Vehicles4↦-1.4673852920532227),(Vehicles5↦-1.489180326461792)}",
        "VehiclesY": "{(EgoVehicle↦7.975276708602905),(Vehicles2↦-6.8340418338775635),(Vehicles3↦0.02472302969545126),(Vehicles4↦-7.975276708602905),(Vehicles5↦-3.975357413291931)}",
        "VehiclesVy": "{(EgoVehicle↦0.07180433720350266),(Vehicles2↦6.678328514099121),(Vehicles3↦-0.07180433720350266),(Vehicles4↦-0.07180433720350266),(Vehicles5↦-0.07157678250223398)}",
        "VehiclesX": "{(EgoVehicle↦200.0),(Vehicles2↦5.764943361282349),(Vehicles3↦24.33832436800003),(Vehicles4↦43.84165406227112),(Vehicles5↦75.23387670516968)}"
      },
      "probabilisticVariables": null,
      "activating": [
        "SLOWER_9"
      ],
      "activatingOnlyWhenExecuted": true,
      "updating": null,
      "withPredicate": null
    },
    {
      "id": "SLOWER_9",
      "execute": "SLOWER",
      "after": "1000",
      "priority": 0,
      "additionalGuards": null,
      "activationKind": null,
      "fixedVariables": {
        "Crash": "FALSE",
        "VehiclesAy": "{(EgoVehicle↦-0.06733645626809448),(Vehicles2↦-5.926166474819183),(Vehicles3↦0.06733645626809448),(Vehicles4↦0.06733645626809448),(Vehicles5↦-0.07602832658449188)}",
        "Reward": "0.73333341159356",
        "VehiclesAx": "{(EgoVehicle↦0.0001049041748046875),(Vehicles2↦3.0959194898605347),(Vehicles3↦-0.001317933201789856),(Vehicles4↦0.3407878428697586),(Vehicles5↦0.3290078043937683)}",
        "VehiclesVx": "{(EgoVehicle↦20.00000238418579),(Vehicles2↦-3.158767819404602),(Vehicles3↦1.0891631245613098),(Vehicles4↦-1.126597449183464),(Vehicles5↦-1.1601725220680237)}",
        "VehiclesY": "{(EgoVehicle↦7.998461723327637),(Vehicles2↦-4.271443605422974),(Vehicles3↦0.0015382920973934233),(Vehicles4↦-7.998461723327637),(Vehicles5↦-3.9984673261642456)}",
        "VehiclesVy": "{(EgoVehicle↦0.004467880935408175),(Vehicles2↦0.7521620392799377),(Vehicles3↦-0.004467880935408175),(Vehicles4↦-0.004467880935408175),(Vehicles5↦-0.004451544082257897)}",
        "VehiclesX": "{(EgoVehicle↦200.0),(Vehicles2↦1.306974422186613),(Vehicles3↦25.428232550621033),(Vehicles4↦42.52880811691284),(Vehicles5↦73.88243675231934)}"
      },
      "probabilisticVariables": null,
      "activating": [
        "SLOWER_10"
      ],
      "activatingOnlyWhenExecuted": true,
      "updating": null,
      "withPredicate": null
    },
    {
      "id": "SLOWER_10",
      "execute": "SLOWER",
      "after": "1000",
      "priority": 0,
      "additionalGuards": null,
      "activationKind": null,
      "fixedVariables": {
        "Crash": "FALSE",
        "VehiclesAy": "{(EgoVehicle↦-0.00418988982346491),(Vehicles2↦-0.6910653552040458),(Vehicles3↦0.00418988982346491),(Vehicles4↦0.00418988982346491),(Vehicles5↦-0.00472839834401384)}",
        "Reward": "0.7333333453401775",
        "VehiclesAx": "{(EgoVehicle↦-2.384185791015625E-06),(Vehicles2↦1.441255360841751),(Vehicles3↦-0.0014106184244155884),(Vehicles4↦0.1593509316444397),(Vehicles5↦0.260440856218338)}",
        "VehiclesVx": "{(EgoVehicle↦20.0),(Vehicles2↦-1.717512458562851),(Vehicles3↦1.0877525061368942),(Vehicles4↦-0.9672465175390244),(Vehicles5↦-0.8997316658496857)}",
        "VehiclesY": "{(EgoVehicle↦7.99990439414978),(Vehicles2↦-4.021536111831665),(Vehicles3↦9.571235204930417E-05),(Vehicles4↦-7.99990439414978),(Vehicles5↦-3.9999046325683594)}",
        "VehiclesVy": "{(EgoVehicle↦0.0002779911119432654),(Vehicles2↦0.06109668407589197),(Vehicles3↦-0.0002779911119432654),(Vehicles4↦-0.0002779911119432654),(Vehicles5↦-0.0002768542617559433)}",
        "VehiclesX": "{(EgoVehicle↦200.0),(Vehicles2↦-1.2317360378801823),(Vehicles3↦26.516851782798767),(Vehicles4↦41.47701561450958),(Vehicles5↦72.83126711845398)}"
      },
      "probabilisticVariables": null,
      "activating": [
        "SLOWER_11"
      ],
      "activatingOnlyWhenExecuted": true,
      "updating": null,
      "withPredicate": null
    },
    {
      "id": "SLOWER_11",
      "execute": "SLOWER",
      "after": "1000",
      "priority": 0,
      "additionalGuards": null,
      "activationKind": null,
      "fixedVariables": {
        "Crash": "FALSE",
        "VehiclesAy": "{(EgoVehicle↦-0.0002606945395200455),(Vehicles2↦-0.05674383573932573),(Vehicles3↦0.0002606945395200455),(Vehicles4↦0.0002606945395200455),(Vehicles5↦-0.0002940736726486648)}",
        "Reward": "0.7333333349210666",
        "VehiclesAx": "{(EgoVehicle↦0.0),(Vehicles2↦0.99953792989254),(Vehicles3↦-0.0017047673463821411),(Vehicles4↦0.05405701696872711),(Vehicles5↦0.20735867321491241)}",
        "VehiclesVx": "{(EgoVehicle↦20.0),(Vehicles2↦-0.717974528670311),(Vehicles3↦1.086047738790512),(Vehicles4↦-0.9131895005702972),(Vehicles5↦-0.6923729926347733)}",
        "VehiclesY": "{(EgoVehicle↦7.999993801116943),(Vehicles2↦-4.001509308815002),(Vehicles3↦5.955210554020596E-06),(Vehicles4↦-7.999993801116943),(Vehicles5↦-3.9999940395355225)}",
        "VehiclesVy": "{(EgoVehicle↦1.7296572423219914E-05),(Vehicles2↦0.00435284833656624),(Vehicles3↦-1.7296572423219914E-05),(Vehicles4↦-1.7296572423219914E-05),(Vehicles5↦-1.72194108927215E-05)}",
        "VehiclesX": "{(EgoVehicle↦200.0),(Vehicles2↦-2.518010698258877),(Vehicles3↦27.60394811630249),(Vehicles4↦40.537452697753906),(Vehicles5↦72.01818227767944)}"
      },
      "probabilisticVariables": null,
      "activating": [
        "SLOWER_12"
      ],
      "activatingOnlyWhenExecuted": true,
      "updating": null,
      "withPredicate": null
    },
    {
      "id": "SLOWER_12",
      "execute": "SLOWER",
      "after": "1000",
      "priority": 0,
      "additionalGuards": null,
      "activationKind": null,
      "fixedVariables": {
        "Crash": "FALSE",
        "VehiclesAy": "{(EgoVehicle↦-1.6220381766629544E-05),(Vehicles2↦-0.004069599926879164),(Vehicles3↦1.6220381766629544E-05),(Vehicles4↦1.6220381766629544E-05),(Vehicles5↦-1.8290468304371643E-05)}",
        "Reward": "0.733333333542443",
        "VehiclesAx": "{(EgoVehicle↦0.0),(Vehicles2↦0.6527317129075527),(Vehicles3↦-0.00196799635887146),(Vehicles4↦-0.0006295740604400635),(Vehicles5↦0.16672566533088684)}",
        "VehiclesVx": "{(EgoVehicle↦20.0),(Vehicles2↦-0.06524281576275826),(Vehicles3↦1.0840797424316406),(Vehicles4↦-0.9138190746307373),(Vehicles5↦-0.5256473273038864)}",
        "VehiclesY": "{(EgoVehicle↦7.999999523162842),(Vehicles2↦-4.000097036361694),(Vehicles3↦3.705324900238338E-07),(Vehicles4↦-7.999999523162842),(Vehicles5↦-3.999999761581421)}",
        "VehiclesVy": "{(EgoVehicle↦1.07619065659037E-06),(Vehicles2↦0.00028324840968707576),(Vehicles3↦-1.07619065659037E-06),(Vehicles4↦-1.07619065659037E-06),(Vehicles5↦-1.0710574116501448E-06)}",
        "VehiclesX": "{(EgoVehicle↦200.0),(Vehicles2↦-2.950940281152725),(Vehicles3↦28.689226508140564),(Vehicles4↦39.62690532207489),(Vehicles5↦71.39532566070557)}"
      },
      "probabilisticVariables": null,
      "activating": [
        "SLOWER_13"
      ],
      "activatingOnlyWhenExecuted": true,
      "updating": null,
      "withPredicate": null
    },
    {
      "id": "SLOWER_13",
      "execute": "SLOWER",
      "after": "1000",
      "priority": 0,
      "additionalGuards": null,
      "activationKind": null,
      "fixedVariables": {
        "Crash": "FALSE",
        "VehiclesAy": "{(EgoVehicle↦-1.0092302105135786E-06),(Vehicles2↦-0.0002658681694356346),(Vehicles3↦1.0092302193953628E-06),(Vehicles4↦1.0092302193953628E-06),(Vehicles5↦-1.1376818953579004E-06)}",
        "Reward": "0.7333333333608705",
        "VehiclesAx": "{(EgoVehicle↦0.0),(Vehicles2↦0.4000523127615452),(Vehicles3↦-0.0021713227033615112),(Vehicles4↦-0.024176985025405884),(Vehicles5↦0.13561300933361053)}",
        "VehiclesVx": "{(EgoVehicle↦20.0),(Vehicles2↦0.3348094969987869),(Vehicles3↦1.0819084197282791),(Vehicles4↦-0.9379960596561432),(Vehicles5↦-0.3900343179702759)}",
        "VehiclesY": "{(EgoVehicle↦8.000000238418579),(Vehicles2↦-4.000005841255188),(Vehicles3↦2.3054486320006617E-08),(Vehicles4↦-8.000000238418579),(Vehicles5↦-4.0000001192092896)}",
        "VehiclesVy": "{(EgoVehicle↦6.696044607679141E-08),(Vehicles2↦1.7380240251441137E-05),(Vehicles3↦-6.696043719500722E-08),(Vehicles4↦-6.696043719500722E-08),(Vehicles5↦-6.662448370775564E-08)}",
        "VehiclesX": "{(EgoVehicle↦200.0),(Vehicles2↦-2.839544415473938),(Vehicles3↦29.772451519966125),(Vehicles4↦38.70442509651184),(Vehicles5↦70.92610001564026)}"
      },
      "probabilisticVariables": null,
      "activating": [
        "SLOWER_14"
      ],
      "activatingOnlyWhenExecuted": true,
      "updating": null,
      "withPredicate": null
    },
    {
      "id": "SLOWER_14",
      "execute": "SLOWER",
      "after": "1000",
      "priority": 0,
      "additionalGuards": null,
      "activationKind": null,
      "fixedVariables": {
        "Crash": "FALSE",
        "VehiclesAy": "{(EgoVehicle↦-6.279417874566207E-08),(Vehicles2↦-1.635094236007717E-05),(Vehicles3↦6.279416986387787E-08),(Vehicles4↦6.279416986387787E-08),(Vehicles5↦-7.076883967727099E-08)}",
        "Reward": "0.7333333333369597",
        "VehiclesAx": "{(EgoVehicle↦0.0),(Vehicles2↦0.2296680584549904),(Vehicles3↦-0.21813742816448212),(Vehicles4↦-0.029663294553756714),(Vehicles5↦0.3318049153313041)}",
        "VehiclesVx": "{(EgoVehicle↦20.0),(Vehicles2↦0.5644775554537773),(Vehicles3↦0.863770991563797),(Vehicles4↦-0.9676593542098999),(Vehicles5↦-0.058229402638971806)}",
        "VehiclesY": "{(EgoVehicle↦8.000000238418579),(Vehicles2↦-4.000000476837158),(Vehicles3↦1.434447227666169E-09),(Vehicles4↦-8.000000238418579),(Vehicles5↦-4.0000001192092896)}",
        "VehiclesVy": "{(EgoVehicle↦4.1662673311293474E-09),(Vehicles2↦1.0292978913639672E-06),(Vehicles3↦-4.1662673311293474E-09),(Vehicles4↦-4.1662673311293474E-09),(Vehicles5↦-4.144355969515345E-09)}",
        "VehiclesX": "{(EgoVehicle↦200.0),(Vehicles2↦-2.402989938855171),(Vehicles3↦30.77789843082428),(Vehicles4↦37.754517793655396),(Vehicles5↦70.57463526725769)}"
      },
      "probabilisticVariables": null,
      "activating": [
        "SLOWER_15"
      ],
      "activatingOnlyWhenExecuted": true,
      "updating": null,
      "withPredicate": null
    },
    {
      "id": "SLOWER_15",
      "execute": "SLOWER",
      "after": "1000",
      "priority": 0,
      "additionalGuards": null,
      "activationKind": null,
      "fixedVariables": {
        "Crash": "FALSE",
        "VehiclesAy": "{(EgoVehicle↦-3.907043577555669E-09),(Vehicles2↦-9.696155345295665E-07),(Vehicles3↦3.907043577555669E-09),(Vehicles4↦3.907043577555669E-09),(Vehicles5↦-4.402211928322686E-09)}",
        "Reward": "0.7333333333338109",
        "VehiclesAx": "{(EgoVehicle↦0.0),(Vehicles2↦0.1418418064713478),(Vehicles3↦-0.12698709964752197),(Vehicles4↦-0.013341754674911499),(Vehicles5↦-0.003164573572576046)}",
        "VehiclesVx": "{(EgoVehicle↦20.0),(Vehicles2↦0.7063193619251251),(Vehicles3↦0.736783891916275),(Vehicles4↦-0.9810011088848114),(Vehicles5↦-0.06139397621154785)}",
        "VehiclesY": "{(EgoVehicle↦8.000000238418579),(Vehicles2↦-4.0000001192092896),(Vehicles3↦8.925127303882618E-11),(Vehicles4↦-8.000000238418579),(Vehicles5↦-4.0000001192092896)}",
        "VehiclesVy": "{(EgoVehicle↦2.5922375357367855E-10),(Vehicles2↦5.968235683440071E-08),(Vehicles3↦-2.5922375357367855E-10),(Vehicles4↦-2.5922375357367855E-10),(Vehicles5↦-2.5785595880734036E-10)}",
        "VehiclesX": "{(EgoVehicle↦200.0),(Vehicles2↦-1.7735803499817848),(Vehicles3↦31.582936644554138),(Vehicles4↦36.773183941841125),(Vehicles5↦70.50463557243347)}"
      },
      "probabilisticVariables": null,
      "activating": [
        "SLOWER_16"
      ],
      "activatingOnlyWhenExecuted": true,
      "updating": null,
      "withPredicate": null
    },
    {
      "id": "SLOWER_16",
      "execute": "SLOWER",
      "after": "1000",
      "priority": 0,
      "additionalGuards": null,
      "activationKind": null,
      "fixedVariables": {
        "Crash": "FALSE",
        "VehiclesAy": "{(EgoVehicle↦-2.430944334719243E-10),(Vehicles2↦-5.626381138768011E-08),(Vehicles3↦2.430944334719243E-10),(Vehicles4↦2.430944334719243E-10),(Vehicles5↦-2.738964610671246E-10)}",
        "Reward": "0.7333333333333963",
        "VehiclesAx": "{(EgoVehicle↦0.0),(Vehicles2↦0.06463848054409027),(Vehicles3↦-0.05667746067047119),(Vehicles4↦0.12300074100494385),(Vehicles5↦0.038416897878050804)}",
        "VehiclesVx": "{(EgoVehicle↦20.0),(Vehicles2↦0.7709578424692154),(Vehicles3↦0.6801064312458038),(Vehicles4↦-0.8580003678798676),(Vehicles5↦-0.022977078333497047)}",
        "VehiclesY": "{(EgoVehicle↦8.000000238418579),(Vehicles2↦-4.0000001192092896),(Vehicles3↦5.552891479965183E-12),(Vehicles4↦-8.000000238418579),(Vehicles5↦-4.0000001192092896)}",
        "VehiclesVy": "{(EgoVehicle↦1.6129320101754274E-11),(Vehicles2↦3.4185454467206E-09),(Vehicles3↦-1.6129320101754274E-11),(Vehicles4↦-1.6129320101754274E-11),(Vehicles5↦-1.6040502259784262E-11)}",
        "VehiclesX": "{(EgoVehicle↦200.0),(Vehicles2↦-1.0368512012064457),(Vehicles3↦32.293298840522766),(Vehicles4↦35.83299219608307),(Vehicles5↦70.45830488204956)}"
      },
      "probabilisticVariables": null,
      "activating": [
        "SLOWER_17"
      ],
      "activatingOnlyWhenExecuted": true,
      "updating": null,
      "withPredicate": null
    },
    {
      "id": "SLOWER_17",
      "execute": "SLOWER",
      "after": "1000",
      "priority": 0,
      "additionalGuards": null,
      "activationKind": null,
      "fixedVariables": {
        "Crash": "FALSE",
        "VehiclesAy": "{(EgoVehicle↦-1.511679670329613E-11),(Vehicles2↦-3.2236968650067865E-09),(Vehicles3↦1.511679670329613E-11),(Vehicles4↦1.511679670329613E-11),(Vehicles5↦-1.7035262089848402E-11)}",
        "Reward": "0.7333333333333415",
        "VehiclesAx": "{(EgoVehicle↦0.0),(Vehicles2↦0.02066880464553833),(Vehicles3↦-0.02318166196346283),(Vehicles4↦0.18624469637870789),(Vehicles5↦0.03753634751774371)}",
        "VehiclesVx": "{(EgoVehicle↦20.0),(Vehicles2↦0.7916266471147537),(Vehicles3↦0.656924769282341),(Vehicles4↦-0.6717556715011597),(Vehicles5↦0.01455926918424666)}",
        "VehiclesY": "{(EgoVehicle↦8.000000238418579),(Vehicles2↦-4.0000001192092896),(Vehicles3↦3.4372504842394846E-13),(Vehicles4↦-8.000000238418579),(Vehicles5↦-4.0000001192092896)}",
        "VehiclesVy": "{(EgoVehicle↦1.0125233984581428E-12),(Vehicles2↦1.9484858171381347E-10),(Vehicles3↦-1.0125233984581428E-12),(Vehicles4↦-1.0125233984581428E-12),(Vehicles5↦-9.947598300641403E-13)}",
        "VehiclesX": "{(EgoVehicle↦200.0),(Vehicles2↦-0.2550094621255994),(Vehicles3↦32.962337136268616),(Vehicles4↦35.04723906517029),(Vehicles5↦70.45068144798279)}"
      },
      "probabilisticVariables": null,
      "activating": [
        "SLOWER_18"
      ],
      "activatingOnlyWhenExecuted": true,
      "updating": null,
      "withPredicate": null
    },
    {
      "id": "SLOWER_18",
      "execute": "SLOWER",
      "after": "1000",
      "priority": 0,
      "additionalGuards": null,
      "activationKind": null,
      "fixedVariables": {
        "Crash": "FALSE",
        "VehiclesAy": "{(EgoVehicle↦-9.592326932761353E-13),(Vehicles2↦-1.837463514675619E-10),(Vehicles3↦9.592326932761353E-13),(Vehicles4↦9.592326932761353E-13),(Vehicles5↦-1.0480505352461478E-12)}",
        "Reward": "0.7333333333333344",
        "VehiclesAx": "{(EgoVehicle↦0.0),(Vehicles2↦-0.004438385367393494),(Vehicles3↦-0.007238909602165222),(Vehicles4↦0.19375532865524292),(Vehicles5↦0.03218324272893369)}",
        "VehiclesVx": "{(EgoVehicle↦20.0),(Vehicles2↦0.7871882617473602),(Vehicles3↦0.6496858596801758),(Vehicles4↦-0.47800034284591675),(Vehicles5↦0.04674251191318035)}",
        "VehiclesY": "{(EgoVehicle↦8.000000238418579),(Vehicles2↦-4.0000001192092896),(Vehicles3↦2.1316282072803006E-14),(Vehicles4↦-8.000000238418579),(Vehicles5↦-4.0000001192092896)}",
        "VehiclesVy": "{(EgoVehicle↦5.3290705182007514E-14),(Vehicles2↦1.1102230246251565E-11),(Vehicles3↦-5.3290705182007514E-14),(Vehicles4↦-5.3290705182007514E-14),(Vehicles5↦-5.3290705182007514E-14)}",
        "VehiclesX": "{(EgoVehicle↦200.0),(Vehicles2↦0.5363224539905787),(Vehicles3↦33.61552059650421),(Vehicles4↦34.45371687412262),(Vehicles5↦70.4785943031311)}"
      },
      "probabilisticVariables": null,
      "activating": [
        "SLOWER_19"
      ],
      "activatingOnlyWhenExecuted": true,
      "updating": null,
      "withPredicate": null
    },
    {
      "id": "SLOWER_19",
      "execute": "SLOWER",
      "after": "1000",
      "priority": 0,
      "additionalGuards": null,
      "activationKind": null,
      "fixedVariables": {
        "Crash": "FALSE",
        "VehiclesAy": "{(EgoVehicle↦-3.552713678800501E-14),(Vehicles2↦-1.0480505352461478E-11),(Vehicles3↦3.552713678800501E-14),(Vehicles4↦3.552713678800501E-14),(Vehicles5↦-7.105427357601002E-14)}",
        "Reward": "0.7333333333333334",
        "VehiclesAx": "{(EgoVehicle↦0.0),(Vehicles2↦-0.018494799733161926),(Vehicles3↦-0.9513278864324093),(Vehicles4↦1.1278576403856277),(Vehicles5↦0.026290593668818474)}",
        "VehiclesVx": "{(EgoVehicle↦20.0),(Vehicles2↦0.7686934620141983),(Vehicles3↦-0.3016420267522335),(Vehicles4↦0.649857297539711),(Vehicles5↦0.07303310558199883)}",
        "VehiclesY": "{(EgoVehicle↦8.000000238418579),(Vehicles2↦-4.0000001192092896),(Vehicles3↦-8.000000238418579),(Vehicles4↦0.0),(Vehicles5↦-4.0000001192092896)}",
        "VehiclesVy": "{(EgoVehicle↦1.7763568394002505E-14),(Vehicles2↦6.217248937900877E-13),(Vehicles3↦-1.7763568394002505E-14),(Vehicles4↦-1.7763568394002505E-14),(Vehicles5↦-1.7763568394002505E-14)}",
        "VehiclesX": "{(EgoVehicle↦200.0),(Vehicles2↦1.3169276528060436),(Vehicles3↦34.048137068748474),(Vehicles4↦34.26489233970642),(Vehicles5↦70.53630352020264)}"
      },
      "probabilisticVariables": null,
      "activating": [
        "IDLE_20"
      ],
      "activatingOnlyWhenExecuted": true,
      "updating": null,
      "withPredicate": null
    },
    {
      "id": "IDLE_20",
      "execute": "IDLE",
      "after": "1000",
      "priority": 0,
      "additionalGuards": null,
      "activationKind": null,
      "fixedVariables": {
        "Crash": "FALSE",
        "VehiclesAy": "{(EgoVehicle↦-1.7763568394002505E-14),(Vehicles2↦-5.861977570020827E-13),(Vehicles3↦1.7763568394002505E-14),(Vehicles4↦1.7763568394002505E-14),(Vehicles5↦-1.7763568394002505E-14)}",
        "Reward": "0.7333333333333334",
        "VehiclesAx": "{(EgoVehicle↦0.0),(Vehicles2↦-0.026055872440338135),(Vehicles3↦0.1510690338909626),(Vehicles4↦0.003423839807510376),(Vehicles5↦0.021234434098005295)}",
        "VehiclesVx": "{(EgoVehicle↦20.0),(Vehicles2↦0.7426375895738602),(Vehicles3↦-0.1505729928612709),(Vehicles4↦0.6532811373472214),(Vehicles5↦0.09426753968000412)}",
        "VehiclesY": "{(EgoVehicle↦8.000000238418579),(Vehicles2↦-4.0000001192092896),(Vehicles3↦-8.000000238418579),(Vehicles4↦0.0),(Vehicles5↦-4.0000001192092896)}",
        "VehiclesVy": "{(EgoVehicle↦0.0),(Vehicles2↦3.552713678800501E-14),(Vehicles3↦0.0),(Vehicles4↦0.0),(Vehicles5↦0.0)}",
        "VehiclesX": "{(EgoVehicle↦200.0),(Vehicles2↦2.0756207406520844),(Vehicles3↦33.809009194374084),(Vehicles4↦34.91595983505249),(Vehicles5↦70.61818838119507)}"
      },
      "probabilisticVariables": null,
      "activating": [
        "IDLE_21"
      ],
      "activatingOnlyWhenExecuted": true,
      "updating": null,
      "withPredicate": null
    },
    {
      "id": "IDLE_21",
      "execute": "IDLE",
      "after": "1000",
      "priority": 0,
      "additionalGuards": null,
      "activationKind": null,
      "fixedVariables": {
        "Crash": "FALSE",
        "VehiclesAy": "{(EgoVehicle↦0.0),(Vehicles2↦-3.552713678800501E-14),(Vehicles3↦0.0),(Vehicles4↦0.0),(Vehicles5↦0.0)}",
        "Reward": "0.7333333333333334",
        "VehiclesAx": "{(EgoVehicle↦0.0),(Vehicles2↦-0.029767975211143494),(Vehicles3↦0.1260647433809936),(Vehicles4↦0.00466175377368927),(Vehicles5↦0.01731869764626026)}",
        "VehiclesVx": "{(EgoVehicle↦20.0),(Vehicles2↦0.7128696143627167),(Vehicles3↦-0.0245082494802773),(Vehicles4↦0.6579428911209106),(Vehicles5↦0.11158623732626438)}",
        "VehiclesY": "{(EgoVehicle↦8.000000238418579),(Vehicles2↦-4.0000001192092896),(Vehicles3↦-8.000000238418579),(Vehicles4↦0.0),(Vehicles5↦-4.0000001192092896)}",
        "VehiclesVy": "{(EgoVehicle↦0.0),(Vehicles2↦0.0),(Vehicles3↦0.0),(Vehicles4↦0.0),(Vehicles5↦0.0)}",
        "VehiclesX": "{(EgoVehicle↦200.0),(Vehicles2↦2.80653890222311),(Vehicles3↦33.710747957229614),(Vehicles4↦35.571056604385376),(Vehicles5↦70.71965336799622)}"
      },
      "probabilisticVariables": null,
      "activating": [
        "IDLE_22"
      ],
      "activatingOnlyWhenExecuted": true,
      "updating": null,
      "withPredicate": null
    },
    {
      "id": "IDLE_22",
      "execute": "IDLE",
      "after": "1000",
      "priority": 0,
      "additionalGuards": null,
      "activationKind": null,
      "fixedVariables": {
        "Crash": "FALSE",
        "VehiclesAy": "{(EgoVehicle↦0.0),(Vehicles2↦0.0),(Vehicles3↦0.0),(Vehicles4↦0.0),(Vehicles5↦0.0)}",
        "Reward": "0.7333333333333334",
        "VehiclesAx": "{(EgoVehicle↦0.0),(Vehicles2↦-0.031178593635559082),(Vehicles3↦0.10451496811583638),(Vehicles4↦0.004938021302223206),(Vehicles5↦0.014437567442655563)}",
        "VehiclesVx": "{(EgoVehicle↦20.0),(Vehicles2↦0.6816910207271576),(Vehicles3↦0.08000671863555908),(Vehicles4↦0.6628809124231339),(Vehicles5↦0.12602380476891994)}",
        "VehiclesY": "{(EgoVehicle↦8.000000238418579),(Vehicles2↦-4.0000001192092896),(Vehicles3↦-8.000000238418579),(Vehicles4↦0.0),(Vehicles5↦-4.0000001192092896)}",
        "VehiclesVy": "{(EgoVehicle↦0.0),(Vehicles2↦0.0),(Vehicles3↦0.0),(Vehicles4↦0.0),(Vehicles5↦0.0)}",
        "VehiclesX": "{(EgoVehicle↦200.0),(Vehicles2↦3.5069841891527176),(Vehicles3↦33.72960388660431),(Vehicles4↦36.23097538948059),(Vehicles5↦70.83720564842224)}"
      },
      "probabilisticVariables": null,
      "activating": [
        "IDLE_23"
      ],
      "activatingOnlyWhenExecuted": true,
      "updating": null,
      "withPredicate": null
    },
    {
      "id": "IDLE_23",
      "execute": "IDLE",
      "after": "1000",
      "priority": 0,
      "additionalGuards": null,
      "activationKind": null,
      "fixedVariables": {
        "Crash": "FALSE",
        "VehiclesAy": "{(EgoVehicle↦0.0),(Vehicles2↦0.0),(Vehicles3↦0.0),(Vehicles4↦0.0),(Vehicles5↦0.0)}",
        "Reward": "0.7333333333333334",
        "VehiclesAx": "{(EgoVehicle↦0.0),(Vehicles2↦-0.031203776597976685),(Vehicles3↦0.0870952382683754),(Vehicles4↦0.004768893122673035),(Vehicles5↦0.01237199641764164)}",
        "VehiclesVx": "{(EgoVehicle↦20.0),(Vehicles2↦0.6504872441291809),(Vehicles3↦0.16710195690393448),(Vehicles4↦0.6676498055458069),(Vehicles5↦0.13839580118656158)}",
        "VehiclesY": "{(EgoVehicle↦8.000000238418579),(Vehicles2↦-4.0000001192092896),(Vehicles3↦-8.000000238418579),(Vehicles4↦0.0),(Vehicles5↦-4.0000001192092896)}",
        "VehiclesVy": "{(EgoVehicle↦0.0),(Vehicles2↦0.0),(Vehicles3↦0.0),(Vehicles4↦0.0),(Vehicles5↦0.0)}",
        "VehiclesX": "{(EgoVehicle↦200.0),(Vehicles2↦4.176156222820282),(Vehicles3↦33.845680952072144),(Vehicles4↦36.895787715911865),(Vehicles5↦70.96831798553467)}"
      },
      "probabilisticVariables": null,
      "activating": [
        "IDLE_24"
      ],
      "activatingOnlyWhenExecuted": true,
      "updating": null,
      "withPredicate": null
    },
    {
      "id": "IDLE_24",
      "execute": "IDLE",
      "after": "1000",
      "priority": 0,
      "additionalGuards": null,
      "activationKind": null,
      "fixedVariables": {
        "Crash": "FALSE",
        "VehiclesAy": "{(EgoVehicle↦0.0),(Vehicles2↦0.0),(Vehicles3↦0.0),(Vehicles4↦0.0),(Vehicles5↦0.0)}",
        "Reward": "0.7333333333333334",
        "VehiclesAx": "{(EgoVehicle↦0.0),(Vehicles2↦-0.030394606292247772),(Vehicles3↦0.07342701777815819),(Vehicles4↦0.004406198859214783),(Vehicles5↦0.010907221585512161)}",
        "VehiclesVx": "{(EgoVehicle↦20.0),(Vehicles2↦0.6200926378369331),(Vehicles3↦0.24052897468209267),(Vehicles4↦0.6720560044050217),(Vehicles5↦0.14930302277207375)}",
        "VehiclesY": "{(EgoVehicle↦8.000000238418579),(Vehicles2↦-4.0000001192092896),(Vehicles3↦-8.000000238418579),(Vehicles4↦0.0),(Vehicles5↦-4.0000001192092896)}",
        "VehiclesVy": "{(EgoVehicle↦0.0),(Vehicles2↦0.0),(Vehicles3↦0.0),(Vehicles4↦0.0),(Vehicles5↦0.0)}",
        "VehiclesX": "{(EgoVehicle↦200.0),(Vehicles2↦4.814397171139717),(Vehicles3↦34.04311537742615),(Vehicles4↦37.565234303474426),(Vehicles5↦71.11117243766785)}"
      },
      "probabilisticVariables": null,
      "activating": [
        "IDLE_25"
      ],
      "activatingOnlyWhenExecuted": true,
      "updating": null,
      "withPredicate": null
    },
    {
      "id": "IDLE_25",
      "execute": "IDLE",
      "after": "1000",
      "priority": 0,
      "additionalGuards": null,
      "activationKind": null,
      "fixedVariables": {
        "Crash": "FALSE",
        "VehiclesAy": "{(EgoVehicle↦0.0),(Vehicles2↦0.0),(Vehicles3↦0.0),(Vehicles4↦0.0),(Vehicles5↦0.0)}",
        "Reward": "0.7333333333333334",
        "VehiclesAx": "{(EgoVehicle↦0.0),(Vehicles2↦-0.029088295996189117),(Vehicles3↦0.06280772387981415),(Vehicles4↦0.003971680998802185),(Vehicles5↦0.009869709610939026)}",
        "VehiclesVx": "{(EgoVehicle↦20.0),(Vehicles2↦0.591004341840744),(Vehicles3↦0.3033366985619068),(Vehicles4↦0.6760276854038239),(Vehicles5↦0.15917273238301277)}",
        "VehiclesY": "{(EgoVehicle↦8.000000238418579),(Vehicles2↦-4.0000001192092896),(Vehicles3↦-8.000000238418579),(Vehicles4↦0.0),(Vehicles5↦-4.0000001192092896)}",
        "VehiclesVy": "{(EgoVehicle↦0.0),(Vehicles2↦0.0),(Vehicles3↦0.0),(Vehicles4↦0.0),(Vehicles5↦0.0)}",
        "VehiclesX": "{(EgoVehicle↦200.0),(Vehicles2↦5.422735959291458),(Vehicles3↦34.30951237678528),(Vehicles4↦38.23891282081604),(Vehicles5↦71.26449346542358)}"
      },
      "probabilisticVariables": null,
      "activating": [
        "IDLE_26"
      ],
      "activatingOnlyWhenExecuted": true,
      "updating": null,
      "withPredicate": null
    },
    {
      "id": "IDLE_26",
      "execute": "IDLE",
      "after": "1000",
      "priority": 0,
      "additionalGuards": null,
      "activationKind": null,
      "fixedVariables": {
        "Crash": "FALSE",
        "VehiclesAy": "{(EgoVehicle↦0.0),(Vehicles2↦0.0),(Vehicles3↦0.0),(Vehicles4↦0.0),(Vehicles5↦0.0)}",
        "Reward": "0.7333333333333334",
        "VehiclesAx": "{(EgoVehicle↦0.0),(Vehicles2↦-0.02749469131231308),(Vehicles3↦0.05453405901789665),(Vehicles4↦0.0035236775875091553),(Vehicles5↦-0.016612093895673752)}",
        "VehiclesVx": "{(EgoVehicle↦20.0),(Vehicles2↦0.5635096505284309),(Vehicles3↦0.35787075757980347),(Vehicles4↦0.679551362991333),(Vehicles5↦0.14256063848733902)}",
        "VehiclesY": "{(EgoVehicle↦8.000000238418579),(Vehicles2↦-4.0000001192092896),(Vehicles3↦-8.000000238418579),(Vehicles4↦0.0),(Vehicles5↦-4.0000001192092896)}",
        "VehiclesVy": "{(EgoVehicle↦0.0),(Vehicles2↦0.0),(Vehicles3↦0.0),(Vehicles4↦0.0),(Vehicles5↦0.0)}",
        "VehiclesX": "{(EgoVehicle↦200.0),(Vehicles2↦6.002607196569443),(Vehicles3↦34.63524580001831),(Vehicles4↦38.91638517379761),(Vehicles5↦71.42736911773682)}"
      },
      "probabilisticVariables": null,
      "activating": [
        "IDLE_27"
      ],
      "activatingOnlyWhenExecuted": true,
      "updating": null,
      "withPredicate": null
    },
    {
      "id": "IDLE_27",
      "execute": "IDLE",
      "after": "1000",
      "priority": 0,
      "additionalGuards": null,
      "activationKind": null,
      "fixedVariables": {
        "Crash": "FALSE",
        "VehiclesAy": "{(EgoVehicle↦0.0),(Vehicles2↦0.0),(Vehicles3↦0.0),(Vehicles4↦0.0),(Vehicles5↦0.0)}",
        "Reward": "0.7333333333333334",
        "VehiclesAx": "{(EgoVehicle↦0.0),(Vehicles2↦-0.020234249532222748),(Vehicles3↦-0.051656123250722885),(Vehicles4↦0.0030893832445144653),(Vehicles5↦0.3316142410039902)}",
        "VehiclesVx": "{(EgoVehicle↦20.0),(Vehicles2↦0.5432754009962082),(Vehicles3↦0.3062146343290806),(Vehicles4↦0.6826407462358475),(Vehicles5↦0.4741748794913292)}",
        "VehiclesY": "{(EgoVehicle↦8.000000238418579),(Vehicles2↦-4.0000001192092896),(Vehicles3↦-8.000000238418579),(Vehicles4↦0.0),(Vehicles5↦-4.0000001192092896)}",
        "VehiclesVy": "{(EgoVehicle↦0.0),(Vehicles2↦0.0),(Vehicles3↦0.0),(Vehicles4↦0.0),(Vehicles5↦0.0)}",
        "VehiclesX": "{(EgoVehicle↦200.0),(Vehicles2↦6.5543510019779205),(Vehicles3↦34.98997688293457),(Vehicles4↦39.59720730781555),(Vehicles5↦71.63180112838745)}"
      },
      "probabilisticVariables": null,
      "activating": [
        "IDLE_28"
      ],
      "activatingOnlyWhenExecuted": true,
      "updating": null,
      "withPredicate": null
    },
    {
      "id": "IDLE_28",
      "execute": "IDLE",
      "after": "1000",
      "priority": 0,
      "additionalGuards": null,
      "activationKind": null,
      "fixedVariables": {
        "Crash": "FALSE",
        "VehiclesAy": "{(EgoVehicle↦0.0),(Vehicles2↦0.0),(Vehicles3↦0.0),(Vehicles4↦0.0),(Vehicles5↦0.0)}",
        "Reward": "0.7333333333333334",
        "VehiclesAx": "{(EgoVehicle↦0.0),(Vehicles2↦0.0398530438542366),(Vehicles3↦-0.1629647146910429),(Vehicles4↦0.002680867910385132),(Vehicles5↦0.4019167646765709)}",
        "VehiclesVx": "{(EgoVehicle↦20.0),(Vehicles2↦0.5831284448504448),(Vehicles3↦0.14324991963803768),(Vehicles4↦0.6853216141462326),(Vehicles5↦0.8760916441679001)}",
        "VehiclesY": "{(EgoVehicle↦8.000000238418579),(Vehicles2↦-4.0000001192092896),(Vehicles3↦-8.000000238418579),(Vehicles4↦0.0),(Vehicles5↦-4.0000001192092896)}",
        "VehiclesVy": "{(EgoVehicle↦0.0),(Vehicles2↦0.0),(Vehicles3↦0.0),(Vehicles4↦0.0),(Vehicles5↦0.0)}",
        "VehiclesX": "{(EgoVehicle↦200.0),(Vehicles2↦7.109905034303665),(Vehicles3↦35.23377180099487),(Vehicles4↦40.28095304965973),(Vehicles5↦72.28190898895264)}"
      },
      "probabilisticVariables": null,
      "activating": [
        "IDLE_29"
      ],
      "activatingOnlyWhenExecuted": true,
      "updating": null,
      "withPredicate": null
    },
    {
      "id": "IDLE_29",
      "execute": "IDLE",
      "after": "1000",
      "priority": 0,
      "additionalGuards": null,
      "activationKind": null,
      "fixedVariables": {
        "Crash": "FALSE",
        "VehiclesAy": "{(EgoVehicle↦0.0),(Vehicles2↦0.0),(Vehicles3↦0.0),(Vehicles4↦0.0),(Vehicles5↦0.0)}",
        "Reward": "0.7333333333333334",
        "VehiclesAx": "{(EgoVehicle↦0.0),(Vehicles2↦0.06783667951822281),(Vehicles3↦-0.1661124685779214),(Vehicles4↦0.0023032724857330322),(Vehicles5↦0.24700552225112915)}",
        "VehiclesVx": "{(EgoVehicle↦20.0),(Vehicles2↦0.6509651243686676),(Vehicles3↦-0.02286254893988371),(Vehicles4↦0.6876248866319656),(Vehicles5↦1.1230971664190292)}",
        "VehiclesY": "{(EgoVehicle↦8.000000238418579),(Vehicles2↦-4.0000001192092896),(Vehicles3↦-8.000000238418579),(Vehicles4↦0.0),(Vehicles5↦-4.0000001192092896)}",
        "VehiclesVy": "{(EgoVehicle↦0.0),(Vehicles2↦0.0),(Vehicles3↦0.0),(Vehicles4↦0.0),(Vehicles5↦0.0)}",
        "VehiclesX": "{(EgoVehicle↦200.0),(Vehicles2↦7.71910548210144),(Vehicles3↦35.308992862701416),(Vehicles4↦40.967223048210144),(Vehicles5↦73.2666552066803)}"
      },
      "probabilisticVariables": null,
      "activating": [
        "IDLE_30"
      ],
      "activatingOnlyWhenExecuted": true,
      "updating": null,
      "withPredicate": null
    },
    {
      "id": "IDLE_30",
      "execute": "IDLE",
      "after": "1000",
      "priority": 0,
      "additionalGuards": null,
      "activationKind": null,
      "fixedVariables": {
        "Crash": "FALSE",
        "VehiclesAy": "{(EgoVehicle↦0.0),(Vehicles2↦0.0),(Vehicles3↦0.0),(Vehicles4↦0.0),(Vehicles5↦0.0)}",
        "Reward": "0.7333333333333334",
        "VehiclesAx": "{(EgoVehicle↦0.0),(Vehicles2↦0.07284499704837799),(Vehicles3↦-0.1380852283909917),(Vehicles4↦0.0019581615924835205),(Vehicles5↦0.14795832335948944)}",
        "VehiclesVx": "{(EgoVehicle↦20.0),(Vehicles2↦0.7238101214170456),(Vehicles3↦-0.1609477773308754),(Vehicles4↦0.6895830482244492),(Vehicles5↦1.2710554897785187)}",
        "VehiclesY": "{(EgoVehicle↦8.000000238418579),(Vehicles2↦-4.0000001192092896),(Vehicles3↦-8.000000238418579),(Vehicles4↦0.0),(Vehicles5↦-4.0000001192092896)}",
        "VehiclesVy": "{(EgoVehicle↦0.0),(Vehicles2↦0.0),(Vehicles3↦0.0),(Vehicles4↦0.0),(Vehicles5↦0.0)}",
        "VehiclesX": "{(EgoVehicle↦200.0),(Vehicles2↦8.399338275194168),(Vehicles3↦35.228231549263),(Vehicles4↦41.655659675598145),(Vehicles5↦74.45512413978577)}"
      },
      "probabilisticVariables": null,
      "activating": [
        "IDLE_31"
      ],
      "activatingOnlyWhenExecuted": true,
      "updating": null,
      "withPredicate": null
    },
    {
      "id": "IDLE_31",
      "execute": "IDLE",
      "after": "1000",
      "priority": 0,
      "additionalGuards": null,
      "activationKind": null,
      "fixedVariables": {
        "Crash": "FALSE",
        "VehiclesAy": "{(EgoVehicle↦0.0),(Vehicles2↦0.0),(Vehicles3↦0.0),(Vehicles4↦0.0),(Vehicles5↦0.0)}",
        "Reward": "0.7333333333333334",
        "VehiclesAx": "{(EgoVehicle↦0.0),(Vehicles2↦0.06792888045310974),(Vehicles3↦-0.10451488196849823),(Vehicles4↦0.0016455352306365967),(Vehicles5↦0.08639350533485413)}",
        "VehiclesVx": "{(EgoVehicle↦20.0),(Vehicles2↦0.7917390018701553),(Vehicles3↦-0.2654626592993736),(Vehicles4↦0.6912285834550858),(Vehicles5↦1.3574489951133728)}",
        "VehiclesY": "{(EgoVehicle↦8.000000238418579),(Vehicles2↦-4.0000001192092896),(Vehicles3↦-8.000000238418579),(Vehicles4↦0.0),(Vehicles5↦-4.0000001192092896)}",
        "VehiclesVy": "{(EgoVehicle↦0.0),(Vehicles2↦0.0),(Vehicles3↦0.0),(Vehicles4↦0.0),(Vehicles5↦0.0)}",
        "VehiclesX": "{(EgoVehicle↦200.0),(Vehicles2↦9.150910377502441),(Vehicles3↦35.02285182476044),(Vehicles4↦42.34592318534851),(Vehicles5↦75.76454281806946)}"
      },
      "probabilisticVariables": null,
      "activating": [
        "IDLE_32"
      ],
      "activatingOnlyWhenExecuted": true,
      "updating": null,
      "withPredicate": null
    },
    {
      "id": "IDLE_32",
      "execute": "IDLE",
      "after": "1000",
      "priority": 0,
      "additionalGuards": null,
      "activationKind": null,
      "fixedVariables": {
        "Crash": "FALSE",
        "VehiclesAy": "{(EgoVehicle↦0.0),(Vehicles2↦0.0),(Vehicles3↦0.0),(Vehicles4↦0.0),(Vehicles5↦0.0)}",
        "Reward": "0.7333333333333334",
        "VehiclesAx": "{(EgoVehicle↦0.0),(Vehicles2↦0.05967967212200165),(Vehicles3↦-0.07389195263385773),(Vehicles4↦0.0013645738363265991),(Vehicles5↦0.04879653453826904)}",
        "VehiclesVx": "{(EgoVehicle↦20.0),(Vehicles2↦0.851418673992157),(Vehicles3↦-0.33935461193323135),(Vehicles4↦0.6925931572914124),(Vehicles5↦1.4062455296516418)}",
        "VehiclesY": "{(EgoVehicle↦8.000000238418579),(Vehicles2↦-4.0000001192092896),(Vehicles3↦-8.000000238418579),(Vehicles4↦0.0),(Vehicles5↦-4.0000001192092896)}",
        "VehiclesVy": "{(EgoVehicle↦0.0),(Vehicles2↦0.0),(Vehicles3↦0.0),(Vehicles4↦0.0),(Vehicles5↦0.0)}",
        "VehiclesX": "{(EgoVehicle↦200.0),(Vehicles2↦9.967220574617386),(Vehicles3↦34.725579619407654),(Vehicles4↦43.037718534469604),(Vehicles5↦77.14381217956543)}"
      },
      "probabilisticVariables": null,
      "activating": [
        "IDLE_33"
      ],
      "activatingOnlyWhenExecuted": true,
      "updating": null,
      "withPredicate": null
    },
    {
      "id": "IDLE_33",
      "execute": "IDLE",
      "after": "1000",
      "priority": 0,
      "additionalGuards": null,
      "activationKind": null,
      "fixedVariables": {
        "Crash": "FALSE",
        "VehiclesAy": "{(EgoVehicle↦0.0),(Vehicles2↦0.0),(Vehicles3↦0.0),(Vehicles4↦0.0),(Vehicles5↦0.0)}",
        "Reward": "0.7333333333333334",
        "VehiclesAx": "{(EgoVehicle↦0.0),(Vehicles2↦0.0511430948972702),(Vehicles3↦-0.04844222217798233),(Vehicles4↦0.0011143088340759277),(Vehicles5↦0.02608656883239746)}",
        "VehiclesVx": "{(EgoVehicle↦20.0),(Vehicles2↦0.9025617688894272),(Vehicles3↦-0.3877968341112137),(Vehicles4↦0.6937074661254883),(Vehicles5↦1.4323320984840393)}",
        "VehiclesY": "{(EgoVehicle↦8.000000238418579),(Vehicles2↦-4.0000001192092896),(Vehicles3↦-8.000000238418579),(Vehicles4↦0.0),(Vehicles5↦-4.0000001192092896)}",
        "VehiclesVy": "{(EgoVehicle↦0.0),(Vehicles2↦0.0),(Vehicles3↦0.0),(Vehicles4↦0.0),(Vehicles5↦0.0)}",
        "VehiclesX": "{(EgoVehicle↦200.0),(Vehicles2↦10.839752107858658),(Vehicles3↦34.36502516269684),(Vehicles4↦43.73077750205994),(Vehicles5↦78.56188416481018)}"
      },
      "probabilisticVariables": null,
      "activating": [
        "IDLE_34"
      ],
      "activatingOnlyWhenExecuted": true,
      "updating": null,
      "withPredicate": null
    },
    {
      "id": "IDLE_34",
      "execute": "IDLE",
      "after": "1000",
      "priority": 0,
      "additionalGuards": null,
      "activationKind": null,
      "fixedVariables": {
        "Crash": "FALSE",
        "VehiclesAy": "{(EgoVehicle↦0.0),(Vehicles2↦0.0),(Vehicles3↦0.0),(Vehicles4↦0.0),(Vehicles5↦0.0)}",
        "Reward": "0.7333333333333334",
        "VehiclesAx": "{(EgoVehicle↦0.0),(Vehicles2↦0.04352547228336334),(Vehicles3↦-0.028159618377685547),(Vehicles4↦0.000893324613571167),(Vehicles5↦0.012463480234146118)}",
        "VehiclesVx": "{(EgoVehicle↦20.0),(Vehicles2↦0.9460872411727905),(Vehicles3↦-0.41595645248889923),(Vehicles4↦0.6946007907390594),(Vehicles5↦1.4447955787181854)}",
        "VehiclesY": "{(EgoVehicle↦8.000000238418579),(Vehicles2↦-4.0000001192092896),(Vehicles3↦-8.000000238418579),(Vehicles4↦0.0),(Vehicles5↦-4.0000001192092896)}",
        "VehiclesVy": "{(EgoVehicle↦0.0),(Vehicles2↦0.0),(Vehicles3↦0.0),(Vehicles4↦0.0),(Vehicles5↦0.0)}",
        "VehiclesX": "{(EgoVehicle↦200.0),(Vehicles2↦11.760284006595612),(Vehicles3↦33.96453261375427),(Vehicles4↦44.42485868930817),(Vehicles5↦80.00003099441528)}"
      },
      "probabilisticVariables": null,
      "activating": [
        "IDLE_35"
      ],
      "activatingOnlyWhenExecuted": true,
      "updating": null,
      "withPredicate": null
    },
    {
      "id": "IDLE_35",
      "execute": "IDLE",
      "after": "1000",
      "priority": 0,
      "additionalGuards": null,
      "activationKind": null,
      "fixedVariables": {
        "Crash": "FALSE",
        "VehiclesAy": "{(EgoVehicle↦0.0),(Vehicles2↦0.0),(Vehicles3↦0.0),(Vehicles4↦0.0),(Vehicles5↦0.0)}",
        "Reward": "0.7333333333333334",
        "VehiclesAx": "{(EgoVehicle↦0.0),(Vehicles2↦0.037148669362068176),(Vehicles3↦-0.012337826192378998),(Vehicles4↦0.0007002800703048706),(Vehicles5↦0.004328787326812744)}",
        "VehiclesVx": "{(EgoVehicle↦20.0),(Vehicles2↦0.9832359105348587),(Vehicles3↦-0.42829427868127823),(Vehicles4↦0.6953010708093643),(Vehicles5↦1.4491243660449982)}",
        "VehiclesY": "{(EgoVehicle↦8.000000238418579),(Vehicles2↦-4.0000001192092896),(Vehicles3↦-8.000000238418579),(Vehicles4↦0.0),(Vehicles5↦-4.0000001192092896)}",
        "VehiclesVy": "{(EgoVehicle↦0.0),(Vehicles2↦0.0),(Vehicles3↦0.0),(Vehicles4↦0.0),(Vehicles5↦0.0)}",
        "VehiclesX": "{(EgoVehicle↦200.0),(Vehicles2↦12.721692025661469),(Vehicles3↦33.54253172874451),(Vehicles4↦45.11975347995758),(Vehicles5↦81.44705295562744)}"
      },
      "probabilisticVariables": null,
      "activating": [
        "FASTER_36"
      ],
      "activatingOnlyWhenExecuted": true,
      "updating": null,
      "withPredicate": null
    },
    {
      "id": "FASTER_36",
      "execute": "FASTER",
      "after": "1000",
      "priority": 0,
      "additionalGuards": null,
      "activationKind": null,
      "fixedVariables": {
        "Crash": "FALSE",
        "VehiclesAy": "{(EgoVehicle↦0.0),(Vehicles2↦0.0),(Vehicles3↦0.0),(Vehicles4↦0.0),(Vehicles5↦1.7763568394002505E-14)}",
        "Reward": "0.8491083676268861",
        "VehiclesAx": "{(EgoVehicle↦4.341564178466797),(Vehicles2↦-4.309609308838844),(Vehicles3↦-4.3417104706168175),(Vehicles4↦-4.341030195355415),(Vehicles5↦-4.342074543237686)}",
        "VehiclesVx": "{(EgoVehicle↦24.341564178466797),(Vehicles2↦-3.3263733983039856),(Vehicles3↦-4.770004749298096),(Vehicles4↦-3.645729124546051),(Vehicles5↦-2.892950177192688)}",
        "VehiclesY": "{(EgoVehicle↦8.000000238418579),(Vehicles2↦-4.0000001192092896),(Vehicles3↦-8.000000238418579),(Vehicles4↦0.0),(Vehicles5↦-4.0000001192092896)}",
        "VehiclesVy": "{(EgoVehicle↦0.0),(Vehicles2↦0.0),(Vehicles3↦0.0),(Vehicles4↦0.0),(Vehicles5↦1.7763568394002505E-14)}",
        "VehiclesX": "{(EgoVehicle↦200.0),(Vehicles2↦11.323020607233047),(Vehicles3↦30.71826696395874),(Vehicles4↦43.42021942138672),(Vehicles5↦80.5012047290802)}"
      },
      "probabilisticVariables": null,
      "activating": [
        "SLOWER_37"
      ],
      "activatingOnlyWhenExecuted": true,
      "updating": null,
      "withPredicate": null
    },
    {
      "id": "SLOWER_37",
      "execute": "SLOWER",
      "after": "1000",
      "priority": 0,
      "additionalGuards": null,
      "activationKind": null,
      "fixedVariables": {
        "Crash": "FALSE",
        "VehiclesAy": "{(EgoVehicle↦0.0),(Vehicles2↦0.0),(Vehicles3↦0.0),(Vehicles4↦0.0),(Vehicles5↦1.7763568394002505E-14)}",
        "Reward": "0.7485794283843362",
        "VehiclesAx": "{(EgoVehicle↦-3.76983642578125),(Vehicles2↦3.7975889444351196),(Vehicles3↦3.779001533985138),(Vehicles4↦3.7702275812625885),(Vehicles5↦3.766455501317978)}",
        "VehiclesVx": "{(EgoVehicle↦20.571727752685547),(Vehicles2↦0.47121554613113403),(Vehicles3↦-0.9910032153129578),(Vehicles4↦0.12449845671653748),(Vehicles5↦0.8735053241252899)}",
        "VehiclesY": "{(EgoVehicle↦8.000000238418579),(Vehicles2↦-4.0000001192092896),(Vehicles3↦-8.000000238418579),(Vehicles4↦0.0),(Vehicles5↦-4.0000001192092896)}",
        "VehiclesVy": "{(EgoVehicle↦0.0),(Vehicles2↦0.0),(Vehicles3↦0.0),(Vehicles4↦0.0),(Vehicles5↦0.0)}",
        "VehiclesX": "{(EgoVehicle↦200.0),(Vehicles2↦10.087712854146957),(Vehicles3↦28.030946850776672),(Vehicles4↦41.85431897640228),(Vehicles5↦79.68673706054688)}"
      },
      "probabilisticVariables": null,
      "activating": [
        "IDLE_38"
      ],
      "activatingOnlyWhenExecuted": true,
      "updating": null,
      "withPredicate": null
    },
    {
      "id": "IDLE_38",
      "execute": "IDLE",
      "after": "1000",
      "priority": 0,
      "additionalGuards": null,
      "activationKind": null,
      "fixedVariables": {
        "Crash": "FALSE",
        "VehiclesAy": "{(EgoVehicle↦0.0),(Vehicles2↦0.0),(Vehicles3↦0.0),(Vehicles4↦0.0),(Vehicles5↦0.0)}",
        "Reward": "0.7353410495540414",
        "VehiclesAx": "{(EgoVehicle↦-0.49643754959106445),(Vehicles2↦0.5207783728837967),(Vehicles3↦0.512663722038269),(Vehicles4↦0.4967135936021805),(Vehicles5↦0.4913674294948578)}",
        "VehiclesVx": "{(EgoVehicle↦20.075290203094482),(Vehicles2↦0.9919939190149307),(Vehicles3↦-0.4783394932746887),(Vehicles4↦0.621212050318718),(Vehicles5↦1.3648727536201477)}",
        "VehiclesY": "{(EgoVehicle↦8.000000238418579),(Vehicles2↦-4.0000001192092896),(Vehicles3↦-8.000000238418579),(Vehicles4↦0.0),(Vehicles5↦-4.0000001192092896)}",
        "VehiclesVy": "{(EgoVehicle↦0.0),(Vehicles2↦0.0),(Vehicles3↦0.0),(Vehicles4↦0.0),(Vehicles5↦0.0)}",
        "VehiclesX": "{(EgoVehicle↦200.0),(Vehicles2↦10.84277555346489),(Vehicles3↦27.319809794425964),(Vehicles4↦42.25279986858368),(Vehicles5↦80.83217740058899)}"
      },
      "probabilisticVariables": null,
      "activating": [
        "IDLE_39"
      ],
      "activatingOnlyWhenExecuted": true,
      "updating": null,
      "withPredicate": null
    },
    {
      "id": "IDLE_39",
      "execute": "IDLE",
      "after": "1000",
      "priority": 0,
      "additionalGuards": null,
      "activationKind": null,
      "fixedVariables": {
        "Crash": "FALSE",
        "VehiclesAy": "{(EgoVehicle↦0.0),(Vehicles2↦0.0),(Vehicles3↦0.0),(Vehicles4↦0.0),(Vehicles5↦0.0)}",
        "Reward": "0.7335977239467599",
        "VehiclesAx": "{(EgoVehicle↦-0.06537437438964844),(Vehicles2↦0.08690334856510162),(Vehicles3↦0.0868968665599823),(Vehicles4↦0.06555333733558655),(Vehicles5↦-1.6543484665453434)}",
        "VehiclesVx": "{(EgoVehicle↦20.009915828704834),(Vehicles2↦1.0788972675800323),(Vehicles3↦-0.3914426267147064),(Vehicles4↦0.6867653876543045),(Vehicles5↦-0.2894757129251957)}",
        "VehiclesY": "{(EgoVehicle↦8.000000238418579),(Vehicles2↦-4.0000001192092896),(Vehicles3↦-8.000000238418579),(Vehicles4↦0.0),(Vehicles5↦-8.000000238418579)}",
        "VehiclesVy": "{(EgoVehicle↦0.0),(Vehicles2↦0.0),(Vehicles3↦0.0),(Vehicles4↦0.0),(Vehicles5↦0.0)}",
        "VehiclesX": "{(EgoVehicle↦200.0),(Vehicles2↦11.879649758338928),(Vehicles3↦26.885780692100525),(Vehicles4↦42.91015565395355),(Vehicles5↦81.05045557022095)}"
      },
      "probabilisticVariables": null,
      "activating": [
        "IDLE_40"
      ],
      "activatingOnlyWhenExecuted": true,
      "updating": null,
      "withPredicate": null
    },
    {
      "id": "IDLE_40",
      "execute": "IDLE",
      "after": "1000",
      "priority": 0,
      "additionalGuards": null,
      "activationKind": null,
      "fixedVariables": {
        "Crash": "FALSE",
        "VehiclesAy": "{(EgoVehicle↦0.0),(Vehicles2↦0.0),(Vehicles3↦0.0),(Vehicles4↦0.0),(Vehicles5↦0.0)}",
        "Reward": "0.7333681502042372",
        "VehiclesAx": "{(EgoVehicle↦-0.008609294891357422),(Vehicles2↦0.027786195278167725),(Vehicles3↦0.03405451774597168),(Vehicles4↦0.008712559938430786),(Vehicles5↦0.0689520314335823)}",
        "VehiclesVx": "{(EgoVehicle↦20.001306533813477),(Vehicles2↦1.1066834628582),(Vehicles3↦-0.35738810896873474),(Vehicles4↦0.6954779475927353),(Vehicles5↦-0.2205236814916134)}",
        "VehiclesY": "{(EgoVehicle↦8.000000238418579),(Vehicles2↦-4.0000001192092896),(Vehicles3↦-8.000000238418579),(Vehicles4↦0.0),(Vehicles5↦-8.000000238418579)}",
        "VehiclesVy": "{(EgoVehicle↦0.0),(Vehicles2↦0.0),(Vehicles3↦0.0),(Vehicles4↦0.0),(Vehicles5↦0.0)}",
        "VehiclesX": "{(EgoVehicle↦200.0),(Vehicles2↦12.971140444278717),(Vehicles3↦26.50899887084961),(Vehicles4↦43.60171854496002),(Vehicles5↦80.79023957252502)}"
      },
      "probabilisticVariables": null,
      "activating": [
        "IDLE_41"
      ],
      "activatingOnlyWhenExecuted": true,
      "updating": null,
      "withPredicate": null
    },
    {
      "id": "IDLE_41",
      "execute": "IDLE",
      "after": "1000",
      "priority": 0,
      "additionalGuards": null,
      "activationKind": null,
      "fixedVariables": {
        "Crash": "FALSE",
        "VehiclesAy": "{(EgoVehicle↦0.0),(Vehicles2↦0.0),(Vehicles3↦0.0),(Vehicles4↦0.0),(Vehicles5↦0.0)}",
        "Reward": "0.7333379182710655",
        "VehiclesAx": "{(EgoVehicle↦-0.0011348724365234375),(Vehicles2↦0.0183086097240448),(Vehicles3↦0.029428191483020782),(Vehicles4↦0.0011814385652542114),(Vehicles5↦0.05706252530217171)}",
        "VehiclesVx": "{(EgoVehicle↦20.000171661376953),(Vehicles2↦1.1249920725822449),(Vehicles3↦-0.32795991748571396),(Vehicles4↦0.6966593861579895),(Vehicles5↦-0.16346115618944168)}",
        "VehiclesY": "{(EgoVehicle↦8.000000238418579),(Vehicles2↦-4.0000001192092896),(Vehicles3↦-8.000000238418579),(Vehicles4↦0.0),(Vehicles5↦-8.000000238418579)}",
        "VehiclesVy": "{(EgoVehicle↦0.0),(Vehicles2↦0.0),(Vehicles3↦0.0),(Vehicles4↦0.0),(Vehicles5↦0.0)}",
        "VehiclesX": "{(EgoVehicle↦200.0),(Vehicles2↦14.085467159748077),(Vehicles3↦26.163360476493835),(Vehicles4↦44.29784417152405),(Vehicles5↦80.5930495262146)}"
      },
      "probabilisticVariables": null,
      "activating": [
        "IDLE_42"
      ],
      "activatingOnlyWhenExecuted": true,
      "updating": null,
      "withPredicate": null
    },
    {
      "id": "IDLE_42",
      "execute": "IDLE",
      "after": "1000",
      "priority": 0,
      "additionalGuards": null,
      "activationKind": null,
      "fixedVariables": {
        "Crash": "FALSE",
        "VehiclesAy": "{(EgoVehicle↦0.0),(Vehicles2↦0.0),(Vehicles3↦0.0),(Vehicles4↦0.0),(Vehicles5↦0.0)}",
        "Reward": "0.7333339371111417",
        "VehiclesAx": "{(EgoVehicle↦-0.00015020370483398438),(Vehicles2↦0.01559041440486908),(Vehicles3↦0.03045167773962021),(Vehicles4↦0.00015884637832641602),(Vehicles5↦0.05213696509599686)}",
        "VehiclesVx": "{(EgoVehicle↦20.00002145767212),(Vehicles2↦1.140582486987114),(Vehicles3↦-0.29750823974609375),(Vehicles4↦0.6968182325363159),(Vehicles5↦-0.11132419109344482)}",
        "VehiclesY": "{(EgoVehicle↦8.000000238418579),(Vehicles2↦-4.0000001192092896),(Vehicles3↦-8.000000238418579),(Vehicles4↦0.0),(Vehicles5↦-8.000000238418579)}",
        "VehiclesVy": "{(EgoVehicle↦0.0),(Vehicles2↦0.0),(Vehicles3↦0.0),(Vehicles4↦0.0),(Vehicles5↦0.0)}",
        "VehiclesX": "{(EgoVehicle↦200.0),(Vehicles2↦15.216848254203796),(Vehicles3↦25.847473740577698),(Vehicles4↦44.99459266662598),(Vehicles5↦80.45076131820679)}"
      },
      "probabilisticVariables": null,
      "activating": [
        "IDLE_43"
      ],
      "activatingOnlyWhenExecuted": true,
      "updating": null,
      "withPredicate": null
    },
    {
      "id": "IDLE_43",
      "execute": "IDLE",
      "after": "1000",
      "priority": 0,
      "additionalGuards": null,
      "activationKind": null,
      "fixedVariables": {
        "Crash": "FALSE",
        "VehiclesAy": "{(EgoVehicle↦0.0),(Vehicles2↦0.0),(Vehicles3↦0.0),(Vehicles4↦0.0),(Vehicles5↦0.0)}",
        "Reward": "0.7333334128431681",
        "VehiclesAx": "{(EgoVehicle↦-1.9073486328125E-05),(Vehicles2↦0.013936460018157959),(Vehicles3↦0.031670816242694855),(Vehicles4↦7.525086402893066E-06),(Vehicles5↦0.04849046468734741)}",
        "VehiclesVx": "{(EgoVehicle↦20.00000238418579),(Vehicles2↦1.154518947005272),(Vehicles3↦-0.2658374235033989),(Vehicles4↦0.6968257576227188),(Vehicles5↦-0.06283372640609741)}",
        "VehiclesY": "{(EgoVehicle↦8.000000238418579),(Vehicles2↦-4.0000001192092896),(Vehicles3↦-8.000000238418579),(Vehicles4↦0.0),(Vehicles5↦-8.000000238418579)}",
        "VehiclesVy": "{(EgoVehicle↦0.0),(Vehicles2↦0.0),(Vehicles3↦0.0),(Vehicles4↦0.0),(Vehicles5↦0.0)}",
        "VehiclesX": "{(EgoVehicle↦200.0),(Vehicles2↦16.363123059272766),(Vehicles3↦25.562551617622375),(Vehicles4↦45.691415667533875),(Vehicles5↦80.35910129547119)}"
      },
      "probabilisticVariables": null,
      "activating": [
        "FASTER_44"
      ],
      "activatingOnlyWhenExecuted": true,
      "updating": null,
      "withPredicate": null
    },
    {
      "id": "FASTER_44",
      "execute": "FASTER",
      "after": "1000",
      "priority": 0,
      "additionalGuards": null,
      "activationKind": null,
      "fixedVariables": {
        "Crash": "FALSE",
        "VehiclesAy": "{(EgoVehicle↦0.0),(Vehicles2↦0.0),(Vehicles3↦0.0),(Vehicles4↦0.0),(Vehicles5↦0.0)}",
        "Reward": "0.8491083780973171",
        "VehiclesAx": "{(EgoVehicle↦4.341561794281006),(Vehicles2↦-4.329001531004906),(Vehicles3↦-4.309077449142933),(Vehicles4↦-4.341580048203468),(Vehicles5↦-4.296233952045441)}",
        "VehiclesVx": "{(EgoVehicle↦24.341564178466797),(Vehicles2↦-3.174482583999634),(Vehicles3↦-4.574914872646332),(Vehicles4↦-3.6447542905807495),(Vehicles5↦-4.359067678451538)}",
        "VehiclesY": "{(EgoVehicle↦8.000000238418579),(Vehicles2↦-4.0000001192092896),(Vehicles3↦-8.000000238418579),(Vehicles4↦0.0),(Vehicles5↦-8.000000238418579)}",
        "VehiclesVy": "{(EgoVehicle↦0.0),(Vehicles2↦0.0),(Vehicles3↦0.0),(Vehicles4↦0.0),(Vehicles5↦0.0)}",
        "VehiclesX": "{(EgoVehicle↦200.0),(Vehicles2↦15.12770801782608),(Vehicles3↦22.914597392082214),(Vehicles4↦43.99317502975464),(Vehicles5↦77.9195785522461)}"
      },
      "probabilisticVariables": null,
      "activating": [
        "SLOWER_45"
      ],
      "activatingOnlyWhenExecuted": true,
      "updating": null,
      "withPredicate": null
    },
    {
      "id": "SLOWER_45",
      "execute": "SLOWER",
      "after": "1000",
      "priority": 0,
      "additionalGuards": null,
      "activationKind": null,
      "fixedVariables": {
        "Crash": "FALSE",
        "VehiclesAy": "{(EgoVehicle↦0.0),(Vehicles2↦0.0),(Vehicles3↦0.0),(Vehicles4↦0.0),(Vehicles5↦0.0)}",
        "Reward": "0.7485794297631584",
        "VehiclesAx": "{(EgoVehicle↦-3.76983642578125),(Vehicles2↦3.781174197793007),(Vehicles3↦3.8027484714984894),(Vehicles4↦3.769823471084237),(Vehicles5↦3.812344968318939)}",
        "VehiclesVx": "{(EgoVehicle↦20.571727752685547),(Vehicles2↦0.6066916137933731),(Vehicles3↦-0.7721664011478424),(Vehicles4↦0.1250691805034876),(Vehicles5↦-0.5467227101325989)}",
        "VehiclesY": "{(EgoVehicle↦8.000000238418579),(Vehicles2↦-4.0000001192092896),(Vehicles3↦-8.000000238418579),(Vehicles4↦0.0),(Vehicles5↦-8.000000238418579)}",
        "VehiclesVy": "{(EgoVehicle↦0.0),(Vehicles2↦0.0),(Vehicles3↦0.0),(Vehicles4↦0.0),(Vehicles5↦0.0)}",
        "VehiclesX": "{(EgoVehicle↦200.0),(Vehicles2↦14.037516713142395),(Vehicles3↦20.43249011039734),(Vehicles4↦42.42807626724243),(Vehicles5↦75.65739154815674)}"
      },
      "probabilisticVariables": null,
      "activating": [
        "SLOWER_46"
      ],
      "activatingOnlyWhenExecuted": true,
      "updating": null,
      "withPredicate": null
    },
    {
      "id": "SLOWER_46",
      "execute": "SLOWER",
      "after": "1000",
      "priority": 0,
      "additionalGuards": null,
      "activationKind": null,
      "fixedVariables": {
        "Crash": "FALSE",
        "VehiclesAy": "{(EgoVehicle↦0.0),(Vehicles2↦0.0),(Vehicles3↦0.0),(Vehicles4↦0.0),(Vehicles5↦0.0)}",
        "Reward": "0.7353410497356148",
        "VehiclesAx": "{(EgoVehicle↦-0.49643754959106445),(Vehicles2↦0.5066701769828796),(Vehicles3↦0.5294671468436718),(Vehicles4↦0.496446555480361),(Vehicles5↦0.5364133394323289)}",
        "VehiclesVx": "{(EgoVehicle↦20.075290203094482),(Vehicles2↦1.1133617907762527),(Vehicles3↦-0.2426992543041706),(Vehicles4↦0.6215157359838486),(Vehicles5↦-0.010309370700269938)}",
        "VehiclesY": "{(EgoVehicle↦8.000000238418579),(Vehicles2↦-4.0000001192092896),(Vehicles3↦-8.000000238418579),(Vehicles4↦0.0),(Vehicles5↦-8.000000238418579)}",
        "VehiclesVy": "{(EgoVehicle↦0.0),(Vehicles2↦0.0),(Vehicles3↦0.0),(Vehicles4↦0.0),(Vehicles5↦0.0)}",
        "VehiclesX": "{(EgoVehicle↦200.0),(Vehicles2↦14.922250807285309),(Vehicles3↦19.94740068912506),(Vehicles4↦42.82701313495636),(Vehicles5↦75.40071606636047)}"
      },
      "probabilisticVariables": null,
      "activating": [
        "SLOWER_47"
      ],
      "activatingOnlyWhenExecuted": true,
      "updating": null,
      "withPredicate": null
    },
    {
      "id": "SLOWER_47",
      "execute": "SLOWER",
      "after": "1000",
      "priority": 0,
      "additionalGuards": null,
      "activationKind": null,
      "fixedVariables": {
        "Crash": "FALSE",
        "VehiclesAy": "{(EgoVehicle↦0.0),(Vehicles2↦0.0),(Vehicles3↦0.0),(Vehicles4↦0.0),(Vehicles5↦0.0)}",
        "Reward": "0.7335977239706709",
        "VehiclesAx": "{(EgoVehicle↦-0.06537437438964844),(Vehicles2↦0.0745941698551178),(Vehicles3↦0.09827439673244953),(Vehicles4↦0.06541244685649872),(Vehicles5↦0.10305928299203515)}",
        "VehiclesVx": "{(EgoVehicle↦20.009915828704834),(Vehicles2↦1.1879559606313705),(Vehicles3↦-0.14442485757172108),(Vehicles4↦0.6869281828403473),(Vehicles5↦0.09274991229176521)}",
        "VehiclesY": "{(EgoVehicle↦8.000000238418579),(Vehicles2↦-4.0000001192092896),(Vehicles3↦-8.000000238418579),(Vehicles4↦0.0),(Vehicles5↦-8.000000238418579)}",
        "VehiclesVy": "{(EgoVehicle↦0.0),(Vehicles2↦0.0),(Vehicles3↦0.0),(Vehicles4↦0.0),(Vehicles5↦0.0)}",
        "VehiclesX": "{(EgoVehicle↦200.0),(Vehicles2↦16.075441241264343),(Vehicles3↦19.753944873809814),(Vehicles4↦43.484604358673096),(Vehicles5↦75.44171810150146)}"
      },
      "probabilisticVariables": null,
      "activating": [
        "SLOWER_48"
      ],
      "activatingOnlyWhenExecuted": true,
      "updating": null,
      "withPredicate": null
    },
    {
      "id": "SLOWER_48",
      "execute": "SLOWER",
      "after": "1000",
      "priority": 0,
      "additionalGuards": null,
      "activationKind": null,
      "fixedVariables": {
        "Crash": "FALSE",
        "VehiclesAy": "{(EgoVehicle↦0.0),(Vehicles2↦0.0),(Vehicles3↦0.0),(Vehicles4↦0.0),(Vehicles5↦0.0)}",
        "Reward": "0.733368150207386",
        "VehiclesAx": "{(EgoVehicle↦-0.008609294891357422),(Vehicles2↦0.016900300979614258),(Vehicles3↦0.04119378514587879),(Vehicles4↦0.008687302470207214),(Vehicles5↦0.04421798512339592)}",
        "VehiclesVx": "{(EgoVehicle↦20.001306533813477),(Vehicles2↦1.2048562616109848),(Vehicles3↦-0.10323107242584229),(Vehicles4↦0.6956154853105545),(Vehicles5↦0.13696789741516113)}",
        "VehiclesY": "{(EgoVehicle↦8.000000238418579),(Vehicles2↦-4.0000001192092896),(Vehicles3↦-8.000000238418579),(Vehicles4↦0.0),(Vehicles5↦-8.000000238418579)}",
        "VehiclesVy": "{(EgoVehicle↦0.0),(Vehicles2↦0.0),(Vehicles3↦0.0),(Vehicles4↦0.0),(Vehicles5↦0.0)}",
        "VehiclesX": "{(EgoVehicle↦200.0),(Vehicles2↦17.271535098552704),(Vehicles3↦19.62733417749405),(Vehicles4↦44.176310300827026),(Vehicles5↦75.55361986160278)}"
      },
      "probabilisticVariables": null,
      "activating": [
        "SLOWER_49"
      ],
      "activatingOnlyWhenExecuted": true,
      "updating": null,
      "withPredicate": null
    },
    {
      "id": "SLOWER_49",
      "execute": "SLOWER",
      "after": "1000",
      "priority": 0,
      "additionalGuards": null,
      "activationKind": null,
      "fixedVariables": {
        "Crash": "FALSE",
        "VehiclesAy": "{(EgoVehicle↦0.0),(Vehicles2↦0.0),(Vehicles3↦0.0),(Vehicles4↦0.0),(Vehicles5↦0.0)}",
        "Reward": "0.7333379182714802",
        "VehiclesAx": "{(EgoVehicle↦-0.0011348724365234375),(Vehicles2↦0.008569881319999695),(Vehicles3↦0.03326189238578081),(Vehicles4↦0.0012613087892532349),(Vehicles5↦0.034853946417570114)}",
        "VehiclesVx": "{(EgoVehicle↦20.000171661376953),(Vehicles2↦1.2134261429309845),(Vehicles3↦-0.06996918004006147),(Vehicles4↦0.6968767940998077),(Vehicles5↦0.17182184383273125)}",
        "VehiclesY": "{(EgoVehicle↦8.000000238418579),(Vehicles2↦-4.0000001192092896),(Vehicles3↦-8.000000238418579),(Vehicles4↦0.0),(Vehicles5↦-8.000000238418579)}",
        "VehiclesVy": "{(EgoVehicle↦0.0),(Vehicles2↦0.0),(Vehicles3↦0.0),(Vehicles4↦0.0),(Vehicles5↦0.0)}",
        "VehiclesX": "{(EgoVehicle↦200.0),(Vehicles2↦18.480056524276733),(Vehicles3↦19.53762173652649),(Vehicles4↦44.872596859931946),(Vehicles5↦75.70484280586243)}"
      },
      "probabilisticVariables": null,
      "activating": [
        "SLOWER_50"
      ],
      "activatingOnlyWhenExecuted": true,
      "updating": null,
      "withPredicate": null
    },
    {
      "id": "SLOWER_50",
      "execute": "SLOWER",
      "after": "1000",
      "priority": 0,
      "additionalGuards": null,
      "activationKind": null,
      "fixedVariables": {
        "Crash": "FALSE",
        "VehiclesAy": "{(EgoVehicle↦0.0),(Vehicles2↦0.0),(Vehicles3↦0.0),(Vehicles4↦0.0),(Vehicles5↦0.0)}",
        "Reward": "0.7333339371111963",
        "VehiclesAx": "{(EgoVehicle↦-0.00015020370483398438),(Vehicles2↦-1.251680206041783),(Vehicles3↦1.2901906250044703),(Vehicles4↦0.00033423304557800293),(Vehicles5↦0.03214465454220772)}",
        "VehiclesVx": "{(EgoVehicle↦20.00002145767212),(Vehicles2↦-0.0382540631107986),(Vehicles3↦1.2202214449644089),(Vehicles4↦0.6972110271453857),(Vehicles5↦0.20396649837493896)}",
        "VehiclesY": "{(EgoVehicle↦8.000000238418579),(Vehicles2↦-8.000000238418579),(Vehicles3↦-4.0000001192092896),(Vehicles4↦0.0),(Vehicles5↦-8.000000238418579)}",
        "VehiclesVy": "{(EgoVehicle↦0.0),(Vehicles2↦0.0),(Vehicles3↦0.0),(Vehicles4↦0.0),(Vehicles5↦0.0)}",
        "VehiclesX": "{(EgoVehicle↦200.0),(Vehicles2↦19.48041021823883),(Vehicles3↦19.69628483057022),(Vehicles4↦45.56962549686432),(Vehicles5↦75.88967680931091)}"
      },
      "probabilisticVariables": null,
      "activating": [
        "SLOWER_51"
      ],
      "activatingOnlyWhenExecuted": true,
      "updating": null,
      "withPredicate": null
    },
    {
      "id": "SLOWER_51",
      "execute": "SLOWER",
      "after": "1000",
      "priority": 0,
      "additionalGuards": null,
      "activationKind": null,
      "fixedVariables": {
        "Crash": "FALSE",
        "VehiclesAy": "{(EgoVehicle↦0.0),(Vehicles2↦0.0),(Vehicles3↦0.0),(Vehicles4↦0.0),(Vehicles5↦0.0)}",
        "Reward": "0.7333334128431753",
        "VehiclesAx": "{(EgoVehicle↦-1.9073486328125E-05),(Vehicles2↦0.030945847975090146),(Vehicles3↦0.005933865904808044),(Vehicles4↦0.0002688169479370117),(Vehicles5↦0.030434448271989822)}",
        "VehiclesVx": "{(EgoVehicle↦20.00000238418579),(Vehicles2↦-0.007308215135708451),(Vehicles3↦1.226155310869217),(Vehicles4↦0.6974798440933228),(Vehicles5↦0.2344009466469288)}",
        "VehiclesY": "{(EgoVehicle↦8.000000238418579),(Vehicles2↦-8.000000238418579),(Vehicles3↦-4.0000001192092896),(Vehicles4↦0.0),(Vehicles5↦-8.000000238418579)}",
        "VehiclesVy": "{(EgoVehicle↦0.0),(Vehicles2↦0.0),(Vehicles3↦0.0),(Vehicles4↦0.0),(Vehicles5↦0.0)}",
        "VehiclesX": "{(EgoVehicle↦200.0),(Vehicles2↦19.45459097623825),(Vehicles3↦20.918938517570496),(Vehicles4↦46.26694321632385),(Vehicles5↦76.10594034194946)}"
      },
      "probabilisticVariables": null,
      "activating": [
        "SLOWER_52"
      ],
      "activatingOnlyWhenExecuted": true,
      "updating": null,
      "withPredicate": null
    },
    {
      "id": "SLOWER_52",
      "execute": "SLOWER",
      "after": "1000",
      "priority": 0,
      "additionalGuards": null,
      "activationKind": null,
      "fixedVariables": {
        "Crash": "FALSE",
        "VehiclesAy": "{(EgoVehicle↦0.0),(Vehicles2↦0.0),(Vehicles3↦0.0),(Vehicles4↦0.0),(Vehicles5↦0.0)}",
        "Reward": "0.7333333438037651",
        "VehiclesAx": "{(EgoVehicle↦-2.384185791015625E-06),(Vehicles2↦0.030234543373808265),(Vehicles3↦0.005237683653831482),(Vehicles4↦0.0003219395875930786),(Vehicles5↦0.028964392840862274)}",
        "VehiclesVx": "{(EgoVehicle↦20.0),(Vehicles2↦0.022926328238099813),(Vehicles3↦1.2313929945230484),(Vehicles4↦0.6978017836809158),(Vehicles5↦0.26336533948779106)}",
        "VehiclesY": "{(EgoVehicle↦8.000000238418579),(Vehicles2↦-8.000000238418579),(Vehicles3↦-4.0000001192092896),(Vehicles4↦0.0),(Vehicles5↦-8.000000238418579)}",
        "VehiclesVy": "{(EgoVehicle↦0.0),(Vehicles2↦0.0),(Vehicles3↦0.0),(Vehicles4↦0.0),(Vehicles5↦0.0)}",
        "VehiclesX": "{(EgoVehicle↦200.0),(Vehicles2↦19.45943385362625),(Vehicles3↦22.147241234779358),(Vehicles4↦46.96454405784607),(Vehicles5↦76.35204195976257)}"
      },
      "probabilisticVariables": null,
      "activating": [
        "SLOWER_53"
      ],
      "activatingOnlyWhenExecuted": true,
      "updating": null,
      "withPredicate": null
    },
    {
      "id": "SLOWER_53",
      "execute": "SLOWER",
      "after": "1000",
      "priority": 0,
      "additionalGuards": null,
      "activationKind": null,
      "fixedVariables": {
        "Crash": "FALSE",
        "VehiclesAy": "{(EgoVehicle↦0.0),(Vehicles2↦0.0),(Vehicles3↦0.0),(Vehicles4↦0.0),(Vehicles5↦0.0)}",
        "Reward": "0.7333333347121557",
        "VehiclesAx": "{(EgoVehicle↦0.0),(Vehicles2↦0.029501405078917742),(Vehicles3↦0.0046043843030929565),(Vehicles4↦0.00039502978324890137),(Vehicles5↦0.02762245014309883)}",
        "VehiclesVx": "{(EgoVehicle↦20.0),(Vehicles2↦0.052427733317017555),(Vehicles3↦1.2359973788261414),(Vehicles4↦0.6981968134641647),(Vehicles5↦0.2909877896308899)}",
        "VehiclesY": "{(EgoVehicle↦8.000000238418579),(Vehicles2↦-8.000000238418579),(Vehicles3↦-4.0000001192092896),(Vehicles4↦0.0),(Vehicles5↦-8.000000238418579)}",
        "VehiclesVy": "{(EgoVehicle↦0.0),(Vehicles2↦0.0),(Vehicles3↦0.0),(Vehicles4↦0.0),(Vehicles5↦0.0)}",
        "VehiclesX": "{(EgoVehicle↦200.0),(Vehicles2↦19.49422061443329),(Vehicles3↦23.380525410175323),(Vehicles4↦47.6624995470047),(Vehicles5↦76.62655711174011)}"
      },
      "probabilisticVariables": null,
      "activating": [
        "SLOWER_54"
      ],
      "activatingOnlyWhenExecuted": true,
      "updating": null,
      "withPredicate": null
    },
    {
      "id": "SLOWER_54",
      "execute": "SLOWER",
      "after": "1000",
      "priority": 0,
      "additionalGuards": null,
      "activationKind": null,
      "fixedVariables": {
        "Crash": "FALSE",
        "VehiclesAy": "{(EgoVehicle↦0.0),(Vehicles2↦0.0),(Vehicles3↦0.0),(Vehicles4↦0.0),(Vehicles5↦0.0)}",
        "Reward": "0.7333333335149067",
        "VehiclesAx": "{(EgoVehicle↦0.0),(Vehicles2↦0.028747720643877983),(Vehicles3↦0.004017055034637451),(Vehicles4↦0.0004745274782180786),(Vehicles5↦0.026383474469184875)}",
        "VehiclesVx": "{(EgoVehicle↦20.0),(Vehicles2↦0.08117545396089554),(Vehicles3↦1.2400144338607788),(Vehicles4↦0.6986713409423828),(Vehicles5↦0.31737126410007477)}",
        "VehiclesY": "{(EgoVehicle↦8.000000238418579),(Vehicles2↦-8.000000238418579),(Vehicles3↦-4.0000001192092896),(Vehicles4↦0.0),(Vehicles5↦-8.000000238418579)}",
        "VehiclesVy": "{(EgoVehicle↦0.0),(Vehicles2↦0.0),(Vehicles3↦0.0),(Vehicles4↦0.0),(Vehicles5↦0.0)}",
        "VehiclesX": "{(EgoVehicle↦200.0),(Vehicles2↦19.55820769071579),(Vehicles3↦24.618174135684967),(Vehicles4↦48.360878229141235),(Vehicles5↦76.92819237709045)}"
      },
      "probabilisticVariables": null,
      "activating": [
        "SLOWER_55"
      ],
      "activatingOnlyWhenExecuted": true,
      "updating": null,
      "withPredicate": null
    },
    {
      "id": "SLOWER_55",
      "execute": "SLOWER",
      "after": "1000",
      "priority": 0,
      "additionalGuards": null,
      "activationKind": null,
      "fixedVariables": {
        "Crash": "FALSE",
        "VehiclesAy": "{(EgoVehicle↦0.0),(Vehicles2↦0.0),(Vehicles3↦0.0),(Vehicles4↦0.0),(Vehicles5↦0.0)}",
        "Reward": "0.7333333333572442",
        "VehiclesAx": "{(EgoVehicle↦0.0),(Vehicles2↦0.027982890605926514),(Vehicles3↦0.003470480442047119),(Vehicles4↦0.0005578994750976562),(Vehicles5↦0.02523507922887802)}",
        "VehiclesVx": "{(EgoVehicle↦20.0),(Vehicles2↦0.10915834456682205),(Vehicles3↦1.243484914302826),(Vehicles4↦0.6992292404174805),(Vehicles5↦0.3426063433289528)}",
        "VehiclesY": "{(EgoVehicle↦8.000000238418579),(Vehicles2↦-8.000000238418579),(Vehicles3↦-4.0000001192092896),(Vehicles4↦0.0),(Vehicles5↦-8.000000238418579)}",
        "VehiclesVy": "{(EgoVehicle↦0.0),(Vehicles2↦0.0),(Vehicles3↦0.0),(Vehicles4↦0.0),(Vehicles5↦0.0)}",
        "VehiclesX": "{(EgoVehicle↦200.0),(Vehicles2↦19.650638103485107),(Vehicles3↦25.859618186950684),(Vehicles4↦49.0597665309906),(Vehicles5↦77.25574970245361)}"
      },
      "probabilisticVariables": null,
      "activating": [
        "SLOWER_56"
      ],
      "activatingOnlyWhenExecuted": true,
      "updating": null,
      "withPredicate": null
    },
    {
      "id": "SLOWER_56",
      "execute": "SLOWER",
      "after": "1000",
      "priority": 0,
      "additionalGuards": null,
      "activationKind": null,
      "fixedVariables": {
        "Crash": "FALSE",
        "VehiclesAy": "{(EgoVehicle↦0.0),(Vehicles2↦0.0),(Vehicles3↦0.0),(Vehicles4↦0.0),(Vehicles5↦0.0)}",
        "Reward": "0.7333333333364821",
        "VehiclesAx": "{(EgoVehicle↦0.0),(Vehicles2↦0.02721535973250866),(Vehicles3↦0.0029613077640533447),(Vehicles4↦0.0006443262100219727),(Vehicles5↦0.024167895317077637)}",
        "VehiclesVx": "{(EgoVehicle↦20.0),(Vehicles2↦0.1363737042993307),(Vehicles3↦1.2464462220668793),(Vehicles4↦0.6998735666275024),(Vehicles5↦0.3667742386460304)}",
        "VehiclesY": "{(EgoVehicle↦8.000000238418579),(Vehicles2↦-8.000000238418579),(Vehicles3↦-4.0000001192092896),(Vehicles4↦0.0),(Vehicles5↦-8.000000238418579)}",
        "VehiclesVy": "{(EgoVehicle↦0.0),(Vehicles2↦0.0),(Vehicles3↦0.0),(Vehicles4↦0.0),(Vehicles5↦0.0)}",
        "VehiclesX": "{(EgoVehicle↦200.0),(Vehicles2↦19.77074295282364),(Vehicles3↦27.104327082633972),(Vehicles4↦49.75924789905548),(Vehicles5↦77.60810256004333)}"
      },
      "probabilisticVariables": null,
      "activating": [
        "SLOWER_57"
      ],
      "activatingOnlyWhenExecuted": true,
      "updating": null,
      "withPredicate": null
    },
    {
      "id": "SLOWER_57",
      "execute": "SLOWER",
      "after": "1000",
      "priority": 0,
      "additionalGuards": null,
      "activationKind": null,
      "fixedVariables": {
        "Crash": "FALSE",
        "VehiclesAy": "{(EgoVehicle↦0.0),(Vehicles2↦0.0),(Vehicles3↦0.0),(Vehicles4↦0.0),(Vehicles5↦0.0)}",
        "Reward": "0.7333333333337481",
        "VehiclesAx": "{(EgoVehicle↦0.0),(Vehicles2↦0.026451805606484413),(Vehicles3↦0.002486780285835266),(Vehicles4↦0.0007330626249313354),(Vehicles5↦0.02317391335964203)}",
        "VehiclesVx": "{(EgoVehicle↦20.0),(Vehicles2↦0.16282550990581512),(Vehicles3↦1.2489330023527145),(Vehicles4↦0.7006066292524338),(Vehicles5↦0.38994815200567245)}",
        "VehiclesY": "{(EgoVehicle↦8.000000238418579),(Vehicles2↦-8.000000238418579),(Vehicles3↦-4.0000001192092896),(Vehicles4↦0.0),(Vehicles5↦-8.000000238418579)}",
        "VehiclesVy": "{(EgoVehicle↦0.0),(Vehicles2↦0.0),(Vehicles3↦0.0),(Vehicles4↦0.0),(Vehicles5↦0.0)}",
        "VehiclesX": "{(EgoVehicle↦200.0),(Vehicles2↦19.91775929927826),(Vehicles3↦28.351804614067078),(Vehicles4↦50.4594087600708),(Vehicles5↦77.98422574996948)}"
      },
      "probabilisticVariables": null,
      "activating": [
        "SLOWER_58"
      ],
      "activatingOnlyWhenExecuted": true,
      "updating": null,
      "withPredicate": null
    },
    {
      "id": "SLOWER_58",
      "execute": "SLOWER",
      "after": "1000",
      "priority": 0,
      "additionalGuards": null,
      "activationKind": null,
      "fixedVariables": {
        "Crash": "FALSE",
        "VehiclesAy": "{(EgoVehicle↦0.0),(Vehicles2↦0.0),(Vehicles3↦0.0),(Vehicles4↦0.0),(Vehicles5↦0.0)}",
        "Reward": "0.733333333333388",
        "VehiclesAx": "{(EgoVehicle↦0.0),(Vehicles2↦0.025697331875562668),(Vehicles3↦0.0020445138216018677),(Vehicles4↦0.0008237361907958984),(Vehicles5↦0.02224605530500412)}",
        "VehiclesVx": "{(EgoVehicle↦20.0),(Vehicles2↦0.1885228417813778),(Vehicles3↦1.2509775161743164),(Vehicles4↦0.7014303654432297),(Vehicles5↦0.4121942073106766)}",
        "VehiclesY": "{(EgoVehicle↦8.000000238418579),(Vehicles2↦-8.000000238418579),(Vehicles3↦-4.0000001192092896),(Vehicles4↦0.0),(Vehicles5↦-8.000000238418579)}",
        "VehiclesVy": "{(EgoVehicle↦0.0),(Vehicles2↦0.0),(Vehicles3↦0.0),(Vehicles4↦0.0),(Vehicles5↦0.0)}",
        "VehiclesX": "{(EgoVehicle↦200.0),(Vehicles2↦20.090922713279724),(Vehicles3↦29.60159182548523),(Vehicles4↦51.160335540771484),(Vehicles5↦78.38314175605774)}"
      },
      "probabilisticVariables": null,
      "activating": [
        "SLOWER_59"
      ],
      "activatingOnlyWhenExecuted": true,
      "updating": null,
      "withPredicate": null
    },
    {
      "id": "SLOWER_59",
      "execute": "SLOWER",
      "after": "1000",
      "priority": 0,
      "additionalGuards": null,
      "activationKind": null,
      "fixedVariables": {
        "Crash": "FALSE",
        "VehiclesAy": "{(EgoVehicle↦0.0),(Vehicles2↦0.0),(Vehicles3↦0.0),(Vehicles4↦0.0),(Vehicles5↦0.0)}",
        "Reward": "0.7333333333333405",
        "VehiclesAx": "{(EgoVehicle↦0.0),(Vehicles2↦0.024955831468105316),(Vehicles3↦0.0016319751739501953),(Vehicles4↦0.0009156018495559692),(Vehicles5↦0.02137809991836548)}",
        "VehiclesVx": "{(EgoVehicle↦20.0),(Vehicles2↦0.2134786732494831),(Vehicles3↦1.2526094913482666),(Vehicles4↦0.7023459672927856),(Vehicles5↦0.43357230722904205)}",
        "VehiclesY": "{(EgoVehicle↦8.000000238418579),(Vehicles2↦-8.000000238418579),(Vehicles3↦-4.0000001192092896),(Vehicles4↦0.0),(Vehicles5↦-8.000000238418579)}",
        "VehiclesVy": "{(EgoVehicle↦0.0),(Vehicles2↦0.0),(Vehicles3↦0.0),(Vehicles4↦0.0),(Vehicles5↦0.0)}",
        "VehiclesX": "{(EgoVehicle↦200.0),(Vehicles2↦20.28948664665222),(Vehicles3↦30.853253602981567),(Vehicles4↦51.86212658882141),(Vehicles5↦78.80395650863647)}"
      },
      "probabilisticVariables": null,
      "activating": [
        "SLOWER_60"
      ],
      "activatingOnlyWhenExecuted": true,
      "updating": null,
      "withPredicate": null
    },
    {
      "id": "SLOWER_60",
      "execute": "SLOWER",
      "after": "1000",
      "priority": 0,
      "additionalGuards": null,
      "activationKind": null,
      "fixedVariables": {
        "Crash": "FALSE",
        "VehiclesAy": "{(EgoVehicle↦0.0),(Vehicles2↦0.0),(Vehicles3↦0.0),(Vehicles4↦0.0),(Vehicles5↦0.0)}",
        "Reward": "0.7333333333333343",
        "VehiclesAx": "{(EgoVehicle↦0.0),(Vehicles2↦0.02423018217086792),(Vehicles3↦0.0012476742267608643),(Vehicles4↦0.0010084360837936401),(Vehicles5↦0.020564794540405273)}",
        "VehiclesVx": "{(EgoVehicle↦20.0),(Vehicles2↦0.23770885542035103),(Vehicles3↦1.2538571655750275),(Vehicles4↦0.7033544033765793),(Vehicles5↦0.4541371017694473)}",
        "VehiclesY": "{(EgoVehicle↦8.000000238418579),(Vehicles2↦-8.000000238418579),(Vehicles3↦-4.0000001192092896),(Vehicles4↦0.0),(Vehicles5↦-8.000000238418579)}",
        "VehiclesVy": "{(EgoVehicle↦0.0),(Vehicles2↦0.0),(Vehicles3↦0.0),(Vehicles4↦0.0),(Vehicles5↦0.0)}",
        "VehiclesX": "{(EgoVehicle↦200.0),(Vehicles2↦20.512714982032776),(Vehicles3↦32.106390595436096),(Vehicles4↦52.56486535072327),(Vehicles5↦79.2458176612854)}"
      },
      "probabilisticVariables": null,
      "activating": [
        "SLOWER_61"
      ],
      "activatingOnlyWhenExecuted": true,
      "updating": null,
      "withPredicate": null
    },
    {
      "id": "SLOWER_61",
      "execute": "SLOWER",
      "after": "1000",
      "priority": 0,
      "additionalGuards": null,
      "activationKind": null,
      "fixedVariables": {
        "Crash": "FALSE",
        "VehiclesAy": "{(EgoVehicle↦0.0),(Vehicles2↦0.0),(Vehicles3↦0.0),(Vehicles4↦0.0),(Vehicles5↦0.0)}",
        "Reward": "0.7333333333333334",
        "VehiclesAx": "{(EgoVehicle↦0.0),(Vehicles2↦0.023522451519966125),(Vehicles3↦0.0008894503116607666),(Vehicles4↦0.001101568341255188),(Vehicles5↦0.01980111002922058)}",
        "VehiclesVx": "{(EgoVehicle↦20.0),(Vehicles2↦0.26123130694031715),(Vehicles3↦1.2547466158866882),(Vehicles4↦0.7044559717178345),(Vehicles5↦0.4739382117986679)}",
        "VehiclesY": "{(EgoVehicle↦8.000000238418579),(Vehicles2↦-8.000000238418579),(Vehicles3↦-4.0000001192092896),(Vehicles4↦0.0),(Vehicles5↦-8.000000238418579)}",
        "VehiclesVy": "{(EgoVehicle↦0.0),(Vehicles2↦0.0),(Vehicles3↦0.0),(Vehicles4↦0.0),(Vehicles5↦0.0)}",
        "VehiclesX": "{(EgoVehicle↦200.0),(Vehicles2↦20.759889483451843),(Vehicles3↦33.36063027381897),(Vehicles4↦53.26865315437317),(Vehicles5↦79.707932472229)}"
      },
      "probabilisticVariables": null,
      "activating": null,
      "activatingOnlyWhenExecuted": true,
      "updating": null,
      "withPredicate": null
    }
  ],
  "listeners": [],
  "metadata": {
    "fileType": "Timed_Trace",
    "formatVersion": 3,
    "savedAt": "2023-08-21T13:22:44.990043Z",
    "creator": "Simulation: HYPOTHESIS_TEST; SIGNIFICANCE : 0.05, PROBABILITY : 0.95, MAX_STEPS_BEFORE_PROPERTY : 0, EXECUTIONS : 1000, PREDICATE : Crash = FALSE, ENDING_TIME : 60000, HYPOTHESIS_CHECKING_TYPE : LEFT_TAILED, CHECKING_TYPE : PREDICATE_INVARIANT",
    "proB2KernelVersion": "4.12.2",
    "proBCliVersion": "1.12.2-final",
    "modelName": "HighwayEnvironment2"
  }
}