{
  "variables": {},
  "activations": [
    {
      "id": "$setup_constants",
      "execute": "$setup_constants",
      "after": "0",
      "priority": 0,
      "additionalGuards": null,
      "activationKind": null,
      "fixedVariables": null,
      "probabilisticVariables": null,
      "activating": null,
      "activatingOnlyWhenExecuted": true,
      "updating": null,
      "withPredicate": null
    },
    {
      "id": "$initialise_machine",
      "execute": "$initialise_machine",
      "after": "0",
      "priority": 0,
      "additionalGuards": null,
      "activationKind": null,
      "fixedVariables": {
        "Crash": "FALSE",
        "VehiclesAy": "{(EgoVehicle↦0.0),(Vehicles2↦0.0),(Vehicles3↦0.0),(Vehicles4↦0.0),(Vehicles5↦0.0)}",
        "Reward": "0.0",
        "VehiclesAx": "{(EgoVehicle↦0.0),(Vehicles2↦0.0),(Vehicles3↦0.0),(Vehicles4↦0.0),(Vehicles5↦0.0)}",
        "VehiclesVx": "{(EgoVehicle↦25.0),(Vehicles2↦-1.696608066558838),(Vehicles3↦-1.0329197347164154),(Vehicles4↦-1.949661672115326),(Vehicles5↦-1.7252813279628754)}",
        "VehiclesY": "{(EgoVehicle↦8.000000238418579),(Vehicles2↦-8.000000238418579),(Vehicles3↦-8.000000238418579),(Vehicles4↦0.0),(Vehicles5↦0.0)}",
        "VehiclesVy": "{(EgoVehicle↦0.0),(Vehicles2↦0.0),(Vehicles3↦0.0),(Vehicles4↦0.0),(Vehicles5↦0.0)}",
        "VehiclesX": "{(EgoVehicle↦154.49514389038086),(Vehicles2↦22.219690680503845),(Vehicles3↦49.16385114192963),(Vehicles4↦74.73525404930115),(Vehicles5↦98.67279529571533)}"
      },
      "probabilisticVariables": null,
      "activating": [
        "FASTER_2"
      ],
      "activatingOnlyWhenExecuted": true,
      "updating": null,
      "withPredicate": null
    },
    {
      "id": "FASTER_2",
      "execute": "FASTER",
      "after": "1000",
      "priority": 0,
      "additionalGuards": null,
      "activationKind": null,
      "fixedVariables": {
        "Crash": "FALSE",
        "VehiclesAy": "{(EgoVehicle↦0.0),(Vehicles2↦0.0),(Vehicles3↦0.0),(Vehicles4↦-6.468828320503235),(Vehicles5↦0.0)}",
        "Reward": "0.9824417009602194",
        "VehiclesAx": "{(EgoVehicle↦4.341564178466797),(Vehicles2↦-8.22391927242279),(Vehicles3↦-4.7071583569049835),(Vehicles4↦-10.403026640415192),(Vehicles5↦-5.966483503580093)}",
        "VehiclesVx": "{(EgoVehicle↦29.341564178466797),(Vehicles2↦-9.920527338981628),(Vehicles3↦-5.740078091621399),(Vehicles4↦-12.352688312530518),(Vehicles5↦-7.691764831542969)}",
        "VehiclesY": "{(EgoVehicle↦8.000000238418579),(Vehicles2↦-8.000000238418579),(Vehicles3↦-8.000000238418579),(Vehicles4↦-0.9095458388328552),(Vehicles5↦0.0)}",
        "VehiclesVy": "{(EgoVehicle↦0.0),(Vehicles2↦0.0),(Vehicles3↦0.0),(Vehicles4↦-6.468828320503235),(Vehicles5↦0.0)}",
        "VehiclesX": "{(EgoVehicle↦181.89020156860352),(Vehicles2↦16.13020896911621),(Vehicles3↦45.59173583984375),(Vehicles4↦67.9877758026123),(Vehicles5↦93.76914501190186)}"
      },
      "probabilisticVariables": null,
      "activating": [
        "SLOWER_3"
      ],
      "activatingOnlyWhenExecuted": true,
      "updating": null,
      "withPredicate": null
    },
    {
      "id": "SLOWER_3",
      "execute": "SLOWER",
      "after": "1000",
      "priority": 0,
      "additionalGuards": null,
      "activationKind": null,
      "fixedVariables": {
        "Crash": "FALSE",
        "VehiclesAy": "{(EgoVehicle↦0.0),(Vehicles2↦1.192592978477478),(Vehicles3↦0.0),(Vehicles4↦5.722080022096634),(Vehicles5↦-6.632146239280701)}",
        "Reward": "0.8819127617176695",
        "VehiclesAx": "{(EgoVehicle↦-3.76983642578125),(Vehicles2↦2.9153144359588623),(Vehicles3↦2.7438905835151672),(Vehicles4↦5.155537128448486),(Vehicles5↦2.0015376806259155)}",
        "VehiclesVx": "{(EgoVehicle↦25.571727752685547),(Vehicles2↦-7.005212903022766),(Vehicles3↦-2.9961875081062317),(Vehicles4↦-7.197151184082031),(Vehicles5↦-5.690227150917053)}",
        "VehiclesY": "{(EgoVehicle↦8.000000238418579),(Vehicles2↦-4.424732565879822),(Vehicles3↦-8.000000238418579),(Vehicles4↦-3.737309217453003),(Vehicles5↦-0.804939866065979)}",
        "VehiclesVy": "{(EgoVehicle↦0.0),(Vehicles2↦1.192592978477478),(Vehicles3↦0.0),(Vehicles4↦-0.746748298406601),(Vehicles5↦-6.632146239280701)}",
        "VehiclesX": "{(EgoVehicle↦200.0),(Vehicles2↦7.413025200366974),(Vehicles3↦41.63643419742584),(Vehicles4↦58.33404064178467),(Vehicles5↦87.77303695678711)}"
      },
      "probabilisticVariables": null,
      "activating": [
        "SLOWER_4"
      ],
      "activatingOnlyWhenExecuted": true,
      "updating": null,
      "withPredicate": null
    },
    {
      "id": "SLOWER_4",
      "execute": "SLOWER",
      "after": "1000",
      "priority": 0,
      "additionalGuards": null,
      "activationKind": null,
      "fixedVariables": {
        "Crash": "FALSE",
        "VehiclesAy": "{(EgoVehicle↦0.0),(Vehicles2↦-1.1062576528638601),(Vehicles3↦0.0),(Vehicles4↦0.6925462372601032),(Vehicles5↦-7.28581465780735)}",
        "Reward": "0.752899348593822",
        "VehiclesAx": "{(EgoVehicle↦-4.838001728057861),(Vehicles2↦4.8292481899261475),(Vehicles3↦3.9801818877458572),(Vehicles4↦3.998614251613617),(Vehicles5↦5.644475901499391)}",
        "VehiclesVx": "{(EgoVehicle↦20.733726024627686),(Vehicles2↦-2.1759647130966187),(Vehicles3↦0.9839943796396255),(Vehicles4↦-3.1985369324684143),(Vehicles5↦-0.04575124941766262)}",
        "VehiclesY": "{(EgoVehicle↦8.000000238418579),(Vehicles2↦-4.0306795835494995),(Vehicles3↦-8.000000238418579),(Vehicles4↦-3.980185031890869),(Vehicles5↦-3.7776668071746826)}",
        "VehiclesVy": "{(EgoVehicle↦0.0),(Vehicles2↦0.0863353256136179),(Vehicles3↦0.0),(Vehicles4↦-0.054202061146497726),(Vehicles5↦-0.6536684185266495)}",
        "VehiclesX": "{(EgoVehicle↦200.0),(Vehicles2↦3.107786737382412),(Vehicles3↦40.92583656311035),(Vehicles4↦53.60831618309021),(Vehicles5↦85.34956574440002)}"
      },
      "probabilisticVariables": null,
      "activating": [
        "FASTER_5"
      ],
      "activatingOnlyWhenExecuted": true,
      "updating": null,
      "withPredicate": null
    },
    {
      "id": "FASTER_5",
      "execute": "FASTER",
      "after": "1000",
      "priority": 0,
      "additionalGuards": null,
      "activationKind": null,
      "fixedVariables": {
        "Crash": "FALSE",
        "VehiclesAy": "{(EgoVehicle↦0.0),(Vehicles2↦-0.0800471450202167),(Vehicles3↦0.0),(Vehicles4↦0.04974020237568766),(Vehicles5↦-0.6915691331960261)}",
        "Reward": "0.8516849622290904",
        "VehiclesAx": "{(EgoVehicle↦3.7044596672058105),(Vehicles2↦-3.9012831449508667),(Vehicles3↦-4.213206842541695),(Vehicles4↦-3.9546754956245422),(Vehicles5↦-3.7933621648699045)}",
        "VehiclesVx": "{(EgoVehicle↦24.438185691833496),(Vehicles2↦-6.077247858047485),(Vehicles3↦-3.229212462902069),(Vehicles4↦-7.1532124280929565),(Vehicles5↦-3.839113414287567)}",
        "VehiclesY": "{(EgoVehicle↦8.000000238418579),(Vehicles2↦-4.002245306968689),(Vehicles3↦-8.000000238418579),(Vehicles4↦-3.998374342918396),(Vehicles5↦-3.9871076345443726)}",
        "VehiclesVy": "{(EgoVehicle↦0.0),(Vehicles2↦0.006288180593401194),(Vehicles3↦0.0),(Vehicles4↦-0.004461858770810068),(Vehicles5↦-0.03790071466937661)}",
        "VehiclesX": "{(EgoVehicle↦200.0),(Vehicles2↦-1.1881133541464806),(Vehicles3↦39.64380919933319),(Vehicles4↦48.213911056518555),(Vehicles5↦83.23721289634705)}"
      },
      "probabilisticVariables": null,
      "activating": [
        "IDLE_6"
      ],
      "activatingOnlyWhenExecuted": true,
      "updating": null,
      "withPredicate": null
    },
    {
      "id": "IDLE_6",
      "execute": "IDLE",
      "after": "1000",
      "priority": 0,
      "additionalGuards": null,
      "activationKind": null,
      "fixedVariables": {
        "Crash": "FALSE",
        "VehiclesAy": "{(EgoVehicle↦0.0),(Vehicles2↦-5.090677628759295),(Vehicles3↦0.0),(Vehicles4↦0.004094368705409579),(Vehicles5↦-0.040120325720636174)}",
        "Reward": "0.8646937673168624",
        "VehiclesAx": "{(EgoVehicle↦0.48783063888549805),(Vehicles2↦-1.4414554834365845),(Vehicles3↦-0.8143815398216248),(Vehicles4↦-0.3407710790634155),(Vehicles5↦-0.6463825702667236)}",
        "VehiclesVx": "{(EgoVehicle↦24.926016330718994),(Vehicles2↦-7.51870334148407),(Vehicles3↦-4.043594002723694),(Vehicles4↦-7.493983507156372),(Vehicles5↦-4.485495984554291)}",
        "VehiclesY": "{(EgoVehicle↦8.000000238418579),(Vehicles2↦-6.054685592651367),(Vehicles3↦-8.000000238418579),(Vehicles4↦-3.9998667240142822),(Vehicles5↦-3.9992419481277466)}",
        "VehiclesVy": "{(EgoVehicle↦0.0),(Vehicles2↦-5.0843894481658936),(Vehicles3↦0.0),(Vehicles4↦-0.0003674900654004887),(Vehicles5↦-0.0022196110512595624)}",
        "VehiclesX": "{(EgoVehicle↦200.0),(Vehicles2↦-7.905638217926025),(Vehicles3↦36.00406348705292),(Vehicles4↦40.83386957645416),(Vehicles5↦79.06774282455444)}"
      },
      "probabilisticVariables": null,
      "activating": [
        "FASTER_7"
      ],
      "activatingOnlyWhenExecuted": true,
      "updating": null,
      "withPredicate": null
    },
    {
      "id": "FASTER_7",
      "execute": "FASTER",
      "after": "1000",
      "priority": 0,
      "additionalGuards": null,
      "activationKind": null,
      "fixedVariables": {
        "Crash": "FALSE",
        "VehiclesAy": "{(EgoVehicle↦0.0),(Vehicles2↦5.0843894481658936),(Vehicles3↦-2.9595025807793718E-05),(Vehicles4↦0.0002350284285057569),(Vehicles5↦-0.0022396351414499804)}",
        "Reward": "0.982181895284525",
        "VehiclesAx": "{(EgoVehicle↦4.405803680419922),(Vehicles2↦-1.1554640531539917),(Vehicles3↦-7.592421174049377),(Vehicles4↦-1.567542552947998),(Vehicles5↦-5.284593999385834)}",
        "VehiclesVx": "{(EgoVehicle↦29.331820011138916),(Vehicles2↦-8.674167394638062),(Vehicles3↦-11.636015176773071),(Vehicles4↦-9.06152606010437),(Vehicles5↦-9.770089983940125)}",
        "VehiclesY": "{(EgoVehicle↦8.000000238418579),(Vehicles2↦-8.000000238418579),(Vehicles3↦-3.99998939037323),(Vehicles4↦-3.9999547004699707),(Vehicles5↦-7.999993085861206)}",
        "VehiclesVy": "{(EgoVehicle↦0.0),(Vehicles2↦0.0),(Vehicles3↦-2.9595025807793718E-05),(Vehicles4↦-0.00013246163689473178),(Vehicles5↦-2.0024090190418065E-05)}",
        "VehiclesX": "{(EgoVehicle↦200.0),(Vehicles2↦29.434290528297424),(Vehicles3↦31.011199951171875),(Vehicles4↦72.08368182182312),(Vehicles5↦92.09671020507812)}"
      },
      "probabilisticVariables": null,
      "activating": [
        "IDLE_8"
      ],
      "activatingOnlyWhenExecuted": true,
      "updating": null,
      "withPredicate": null
    },
    {
      "id": "IDLE_8",
      "execute": "IDLE",
      "after": "1000",
      "priority": 0,
      "additionalGuards": null,
      "activationKind": null,
      "fixedVariables": {
        "Crash": "FALSE",
        "VehiclesAy": "{(EgoVehicle↦0.0),(Vehicles2↦-2.316623834985876E-06),(Vehicles3↦2.9595025807793718E-05),(Vehicles4↦0.00012440621446785372),(Vehicles5↦-2.1335033864033903E-05)}",
        "Reward": "0.9976535829181268",
        "VehiclesAx": "{(EgoVehicle↦0.5801892280578613),(Vehicles2↦-3.2677674293518066),(Vehicles3↦2.2068381309509277),(Vehicles4↦-0.7463037967681885),(Vehicles5↦-0.7291096448898315)}",
        "VehiclesVx": "{(EgoVehicle↦29.912009239196777),(Vehicles2↦-11.941934823989868),(Vehicles3↦-9.429177045822144),(Vehicles4↦-9.807829856872559),(Vehicles5↦-10.499199628829956)}",
        "VehiclesY": "{(EgoVehicle↦8.000000238418579),(Vehicles2↦-3.9999990463256836),(Vehicles3↦-8.000000238418579),(Vehicles4↦-3.9999972581863403),(Vehicles5↦-7.999999523162842)}",
        "VehiclesVy": "{(EgoVehicle↦0.0),(Vehicles2↦-2.316623834985876E-06),(Vehicles3↦0.0),(Vehicles4↦-8.055422426878067E-06),(Vehicles5↦-1.3109436736158386E-06)}",
        "VehiclesX": "{(EgoVehicle↦200.0),(Vehicles2↦19.166220724582672),(Vehicles3↦20.36774307489395),(Vehicles4↦62.63505816459656),(Vehicles5↦81.95368647575378)}"
      },
      "probabilisticVariables": null,
      "activating": [
        "SLOWER_9"
      ],
      "activatingOnlyWhenExecuted": true,
      "updating": null,
      "withPredicate": null
    },
    {
      "id": "SLOWER_9",
      "execute": "SLOWER",
      "after": "1000",
      "priority": 0,
      "additionalGuards": null,
      "activationKind": null,
      "fixedVariables": {
        "Crash": "FALSE",
        "VehiclesAy": "{(EgoVehicle↦0.0),(Vehicles2↦2.1401579530788695E-06),(Vehicles3↦0.0),(Vehicles4↦7.556700438726693E-06),(Vehicles5↦-1.3983992364074993E-06)}",
        "Reward": "0.8839159725104803",
        "VehiclesAx": "{(EgoVehicle↦-4.26516056060791),(Vehicles2↦4.508839249610901),(Vehicles3↦4.1047269105911255),(Vehicles4↦4.108632802963257),(Vehicles5↦4.027693867683411)}",
        "VehiclesVx": "{(EgoVehicle↦25.646848678588867),(Vehicles2↦-7.433095574378967),(Vehicles3↦-5.324450135231018),(Vehicles4↦-5.699197053909302),(Vehicles5↦-6.471505761146545)}",
        "VehiclesY": "{(EgoVehicle↦8.000000238418579),(Vehicles2↦-3.999999761581421),(Vehicles3↦-8.000000238418579),(Vehicles4↦-3.999999761581421),(Vehicles5↦-8.000000238418579)}",
        "VehiclesVy": "{(EgoVehicle↦0.0),(Vehicles2↦-1.764658819070064E-07),(Vehicles3↦0.0),(Vehicles4↦-4.987219881513738E-07),(Vehicles5↦-8.745556279166067E-08)}",
        "VehiclesX": "{(EgoVehicle↦200.0),(Vehicles2↦9.677886962890625),(Vehicles3↦13.227282464504242),(Vehicles4↦55.11658787727356),(Vehicles5↦73.71969223022461)}"
      },
      "probabilisticVariables": null,
      "activating": [
        "SLOWER_10"
      ],
      "activatingOnlyWhenExecuted": true,
      "updating": null,
      "withPredicate": null
    },
    {
      "id": "SLOWER_10",
      "execute": "SLOWER",
      "after": "1000",
      "priority": 0,
      "additionalGuards": null,
      "activationKind": null,
      "fixedVariables": {
        "Crash": "FALSE",
        "VehiclesAy": "{(EgoVehicle↦0.0),(Vehicles2↦1.633346080609499E-07),(Vehicles3↦0.0),(Vehicles4↦4.6733087621930736E-07),(Vehicles5↦-9.345680673789047E-08)}",
        "Reward": "0.7531631458998711",
        "VehiclesAx": "{(EgoVehicle↦-4.903230667114258),(Vehicles2↦5.103936642408371),(Vehicles3↦4.732212983071804),(Vehicles4↦4.760411009192467),(Vehicles5↦4.5779575407505035)}",
        "VehiclesVx": "{(EgoVehicle↦20.74361801147461),(Vehicles2↦-2.3291589319705963),(Vehicles3↦-0.592237152159214),(Vehicles4↦-0.938786044716835),(Vehicles5↦-1.8935482203960419)}",
        "VehiclesY": "{(EgoVehicle↦8.000000238418579),(Vehicles2↦-4.0000001192092896),(Vehicles3↦-8.000000238418579),(Vehicles4↦-4.0000001192092896),(Vehicles5↦-8.000000238418579)}",
        "VehiclesVy": "{(EgoVehicle↦0.0),(Vehicles2↦-1.3131273846056501E-08),(Vehicles3↦0.0),(Vehicles4↦-3.139111193206645E-08),(Vehicles5↦-6.001243946229806E-09)}",
        "VehiclesX": "{(EgoVehicle↦200.0),(Vehicles2↦5.033515021204948),(Vehicles3↦10.540972650051117),(Vehicles4↦52.063941955566406),(Vehicles5↦69.8296070098877)}"
      },
      "probabilisticVariables": null,
      "activating": [
        "FASTER_11"
      ],
      "activatingOnlyWhenExecuted": true,
      "updating": null,
      "withPredicate": null
    },
    {
      "id": "FASTER_11",
      "execute": "FASTER",
      "after": "1000",
      "priority": 0,
      "additionalGuards": null,
      "activationKind": null,
      "fixedVariables": {
        "Crash": "FALSE",
        "VehiclesAy": "{(EgoVehicle↦0.0),(Vehicles2↦1.2155725315210475E-08),(Vehicles3↦0.0),(Vehicles4↦1.1567296401652971),(Vehicles5↦-6.428422238968778E-09)}",
        "Reward": "0.8517197009689816",
        "VehiclesAx": "{(EgoVehicle↦3.6958718299865723),(Vehicles2↦-3.374735563993454),(Vehicles3↦-3.8946911320090294),(Vehicles4↦-3.4522991627454758),(Vehicles5↦-4.093700796365738)}",
        "VehiclesVx": "{(EgoVehicle↦24.43948984146118),(Vehicles2↦-5.70389449596405),(Vehicles3↦-4.486928284168243),(Vehicles4↦-4.391085207462311),(Vehicles5↦-5.98724901676178)}",
        "VehiclesY": "{(EgoVehicle↦8.000000238418579),(Vehicles2↦-4.0000001192092896),(Vehicles3↦-8.000000238418579),(Vehicles4↦-0.39712049067020416),(Vehicles5↦-8.000000238418579)}",
        "VehiclesVy": "{(EgoVehicle↦0.0),(Vehicles2↦-9.755485308460266E-10),(Vehicles3↦0.0),(Vehicles4↦1.1567296087741852),(Vehicles5↦-4.2717829273897223E-10)}",
        "VehiclesX": "{(EgoVehicle↦200.0),(Vehicles2↦0.6868407130241394),(Vehicles3↦7.833088934421539),(Vehicles4↦48.709836602211),(Vehicles5↦65.74292182922363)}"
      },
      "probabilisticVariables": null,
      "activating": [
        "SLOWER_12"
      ],
      "activatingOnlyWhenExecuted": true,
      "updating": null,
      "withPredicate": null
    },
    {
      "id": "SLOWER_12",
      "execute": "SLOWER",
      "after": "1000",
      "priority": 0,
      "additionalGuards": null,
      "activationKind": null,
      "fixedVariables": {
        "Crash": "FALSE",
        "VehiclesAy": "{(EgoVehicle↦0.0),(Vehicles2↦9.092548935996092E-10),(Vehicles3↦0.0),(Vehicles4↦-1.0865636775270104),(Vehicles5↦-4.589129076748577E-10)}",
        "Reward": "0.7489233076721842",
        "VehiclesAx": "{(EgoVehicle↦-3.8548660278320312),(Vehicles2↦4.965383410453796),(Vehicles3↦3.617749363183975),(Vehicles4↦4.368742210790515),(Vehicles5↦3.4125858545303345)}",
        "VehiclesVx": "{(EgoVehicle↦20.58462381362915),(Vehicles2↦-0.7385110855102539),(Vehicles3↦-0.8691789209842682),(Vehicles4↦-0.022342996671795845),(Vehicles5↦-2.5746631622314453)}",
        "VehiclesY": "{(EgoVehicle↦8.000000238418579),(Vehicles2↦-4.0000001192092896),(Vehicles3↦-8.000000238418579),(Vehicles4↦-0.02377053815871477),(Vehicles5↦-8.000000238418579)}",
        "VehiclesVy": "{(EgoVehicle↦0.0),(Vehicles2↦-6.629363724641735E-11),(Vehicles3↦0.0),(Vehicles4↦0.07016593124717474),(Vehicles5↦-3.1734614935885475E-11)}",
        "VehiclesX": "{(EgoVehicle↦200.0),(Vehicles2↦-2.4104220792651176),(Vehicles3↦5.381198599934578),(Vehicles4↦46.68149948120117),(Vehicles5↦61.70748472213745)}"
      },
      "probabilisticVariables": null,
      "activating": [
        "FASTER_13"
      ],
      "activatingOnlyWhenExecuted": true,
      "updating": null,
      "withPredicate": null
    },
    {
      "id": "FASTER_13",
      "execute": "FASTER",
      "after": "1000",
      "priority": 0,
      "additionalGuards": null,
      "activationKind": null,
      "fixedVariables": {
        "Crash": "FALSE",
        "VehiclesAy": "{(EgoVehicle↦0.0),(Vehicles2↦6.629363724641735E-11),(Vehicles3↦-4.050093593832571E-12),(Vehicles4↦-0.06612881610635668),(Vehicles5↦6.633275151221012)}",
        "Reward": "0.8511613683628666",
        "VehiclesAx": "{(EgoVehicle↦3.833928108215332),(Vehicles2↦-4.243652820587158),(Vehicles3↦-2.9908551275730133),(Vehicles4↦-3.518842561170459),(Vehicles5↦-5.584031343460083)}",
        "VehiclesVx": "{(EgoVehicle↦24.418551921844482),(Vehicles2↦-4.982163906097412),(Vehicles3↦-3.8600340485572815),(Vehicles4↦-3.5411855578422546),(Vehicles5↦-8.158694505691528)}",
        "VehiclesY": "{(EgoVehicle↦8.000000238418579),(Vehicles2↦-8.000000238418579),(Vehicles3↦-4.0000001192092896),(Vehicles4↦-0.0013597510114777833),(Vehicles5↦-7.0316383838653564)}",
        "VehiclesVy": "{(EgoVehicle↦0.0),(Vehicles2↦0.0),(Vehicles3↦-4.050093593832571E-12),(Vehicles4↦0.0040371151408180594),(Vehicles5↦6.633275151252747)}",
        "VehiclesX": "{(EgoVehicle↦200.0),(Vehicles2↦2.2886959835886955),(Vehicles3↦-4.951413720846176),(Vehicles4↦44.68085765838623),(Vehicles5↦56.70163631439209)}"
      },
      "probabilisticVariables": null,
      "activating": [
        "SLOWER_14"
      ],
      "activatingOnlyWhenExecuted": true,
      "updating": null,
      "withPredicate": null
    },
    {
      "id": "SLOWER_14",
      "execute": "SLOWER",
      "after": "1000",
      "priority": 0,
      "additionalGuards": null,
      "activationKind": null,
      "fixedVariables": {
        "Crash": "FALSE",
        "VehiclesAy": "{(EgoVehicle↦0.0),(Vehicles2↦0.0),(Vehicles3↦3.810285420513537E-12),(Vehicles4↦-0.0038117512849566992),(Vehicles5↦7.359742149710655)}",
        "Reward": "0.7488497823907204",
        "VehiclesAx": "{(EgoVehicle↦-3.836684226989746),(Vehicles2↦3.92264723777771),(Vehicles3↦3.2654233649373055),(Vehicles4↦4.0448277071118355),(Vehicles5↦5.170355439186096)}",
        "VehiclesVx": "{(EgoVehicle↦20.581867694854736),(Vehicles2↦-1.0595166683197021),(Vehicles3↦-0.594610683619976),(Vehicles4↦0.5036421492695808),(Vehicles5↦-2.988339066505432)}",
        "VehiclesY": "{(EgoVehicle↦8.000000238418579),(Vehicles2↦-8.000000238418579),(Vehicles3↦-4.0000001192092896),(Vehicles4↦-7.560626727354247E-05),(Vehicles5↦-4.262111663818359)}",
        "VehiclesVy": "{(EgoVehicle↦0.0),(Vehicles2↦0.0),(Vehicles3↦-2.398081733190338E-13),(Vehicles4↦0.0002253638558613602),(Vehicles5↦0.7264669984579086)}",
        "VehiclesX": "{(EgoVehicle↦200.0),(Vehicles2↦-0.7206571288406849),(Vehicles3↦-6.843908131122589),(Vehicles4↦43.346139788627625),(Vehicles5↦51.58560872077942)}"
      },
      "probabilisticVariables": null,
      "activating": [
        "IDLE_15"
      ],
      "activatingOnlyWhenExecuted": true,
      "updating": null,
      "withPredicate": null
    },
    {
      "id": "IDLE_15",
      "execute": "IDLE",
      "after": "1000",
      "priority": 0,
      "additionalGuards": null,
      "activationKind": null,
      "fixedVariables": {
        "Crash": "FALSE",
        "VehiclesAy": "{(EgoVehicle↦0.0),(Vehicles2↦0.0),(Vehicles3↦2.220446049250313E-13),(Vehicles4↦-0.00021303774815351062),(Vehicles5↦0.7838142849504948)}",
        "Reward": "0.7353766517277217",
        "VehiclesAx": "{(EgoVehicle↦-0.5052423477172852),(Vehicles2↦1.1541404761373997),(Vehicles3↦0.041191466152668),(Vehicles4↦0.6469808891415596),(Vehicles5↦0.7836320996284485)}",
        "VehiclesVx": "{(EgoVehicle↦20.07662534713745),(Vehicles2↦0.09462380781769753),(Vehicles3↦-0.553419217467308),(Vehicles4↦1.1506230384111404),(Vehicles5↦-2.2047069668769836)}",
        "VehiclesY": "{(EgoVehicle↦8.000000238418579),(Vehicles2↦-8.000000238418579),(Vehicles3↦-4.0000001192092896),(Vehicles4↦-4.123716962567414E-06),(Vehicles5↦-4.020589113235474)}",
        "VehiclesVy": "{(EgoVehicle↦0.0),(Vehicles2↦0.0),(Vehicles3↦-1.7763568394002505E-14),(Vehicles4↦1.2326107707849587E-05),(Vehicles5↦0.057347286492586136)}",
        "VehiclesX": "{(EgoVehicle↦200.0),(Vehicles2↦-1.2121999636292458),(Vehicles3↦-7.365848869085312),(Vehicles4↦44.18931007385254),(Vehicles5↦48.999157547950745)}"
      },
      "probabilisticVariables": null,
      "activating": [
        "IDLE_16"
      ],
      "activatingOnlyWhenExecuted": true,
      "updating": null,
      "withPredicate": null
    },
    {
      "id": "IDLE_16",
      "execute": "IDLE",
      "after": "1000",
      "priority": 0,
      "additionalGuards": null,
      "activationKind": null,
      "fixedVariables": {
        "Crash": "FALSE",
        "VehiclesAy": "{(EgoVehicle↦0.0),(Vehicles2↦0.0),(Vehicles3↦1.7763568394002505E-14),(Vehicles4↦-1.1661512999694423E-05),(Vehicles5↦0.06176378112286329)}",
        "Reward": "0.7336024122988495",
        "VehiclesAx": "{(EgoVehicle↦-0.06653547286987305),(Vehicles2↦0.3991473652422428),(Vehicles3↦-0.2075207233428955),(Vehicles4↦0.16744203865528107),(Vehicles5↦0.27277782559394836)}",
        "VehiclesVx": "{(EgoVehicle↦20.010089874267578),(Vehicles2↦0.49377117305994034),(Vehicles3↦-0.7609399408102036),(Vehicles4↦1.3180650770664215),(Vehicles5↦-1.9319291412830353)}",
        "VehiclesY": "{(EgoVehicle↦8.000000238418579),(Vehicles2↦-8.000000238418579),(Vehicles3↦-4.0000001192092896),(Vehicles4↦-2.2188392989619388E-07),(Vehicles5↦-4.001579761505127)}",
        "VehiclesVy": "{(EgoVehicle↦0.0),(Vehicles2↦0.0),(Vehicles3↦0.0),(Vehicles4↦6.64594708155164E-07),(Vehicles5↦0.004416494630277157)}",
        "VehiclesX": "{(EgoVehicle↦200.0),(Vehicles2↦-0.9268383495509624),(Vehicles3↦-8.003173768520355),(Vehicles4↦45.41952610015869),(Vehicles5↦46.917566657066345)}"
      },
      "probabilisticVariables": null,
      "activating": [
        "IDLE_17"
      ],
      "activatingOnlyWhenExecuted": true,
      "updating": null,
      "withPredicate": null
    },
    {
      "id": "IDLE_17",
      "execute": "IDLE",
      "after": "1000",
      "priority": 0,
      "additionalGuards": null,
      "activationKind": null,
      "fixedVariables": {
        "Crash": "FALSE",
        "VehiclesAy": "{(EgoVehicle↦0.0),(Vehicles2↦0.0),(Vehicles3↦0.0),(Vehicles4↦0.00033301867951252007),(Vehicles5↦0.004416530089841331)}",
        "Reward": "0.7333687676003972",
        "VehiclesAx": "{(EgoVehicle↦-0.008761882781982422),(Vehicles2↦0.12647021561861038),(Vehicles3↦-0.15894897282123566),(Vehicles4↦-3.075678199529648),(Vehicles5↦3.334500640630722)}",
        "VehiclesVx": "{(EgoVehicle↦20.001327991485596),(Vehicles2↦0.6202413886785507),(Vehicles3↦-0.9198889136314392),(Vehicles4↦-1.7576131224632263),(Vehicles5↦1.4025714993476868)}",
        "VehiclesY": "{(EgoVehicle↦8.000000238418579),(Vehicles2↦-8.000000238418579),(Vehicles3↦-4.0000001192092896),(Vehicles4↦-4.000118851661682),(Vehicles5↦-1.1819733192197646E-08)}",
        "VehiclesVy": "{(EgoVehicle↦0.0),(Vehicles2↦0.0),(Vehicles3↦0.0),(Vehicles4↦0.00033368327422067523),(Vehicles5↦3.5459564173834224E-08)}",
        "VehiclesX": "{(EgoVehicle↦200.0),(Vehicles2↦-0.3674976993352175),(Vehicles3↦-8.832782506942749),(Vehicles4↦45.05937397480011),(Vehicles5↦46.77428901195526)}"
      },
      "probabilisticVariables": null,
      "activating": [
        "IDLE_18"
      ],
      "activatingOnlyWhenExecuted": true,
      "updating": null,
      "withPredicate": null
    },
    {
      "id": "IDLE_18",
      "execute": "IDLE",
      "after": "1000",
      "priority": 0,
      "additionalGuards": null,
      "activationKind": null,
      "fixedVariables": {
        "Crash": "FALSE",
        "VehiclesAy": "{(EgoVehicle↦0.0),(Vehicles2↦0.0),(Vehicles3↦0.0),(Vehicles4↦-0.00030886278409525403),(Vehicles5↦3.7336231883955406E-08)}",
        "Reward": "0.7333379995742635",
        "VehiclesAx": "{(EgoVehicle↦-0.0011539459228515625),(Vehicles2↦-0.016941986978054047),(Vehicles3↦-0.10281659662723541),(Vehicles4↦0.1385052502155304),(Vehicles5↦0.061174631118774414)}",
        "VehiclesVx": "{(EgoVehicle↦20.000174045562744),(Vehicles2↦0.6032994017004967),(Vehicles3↦-1.0227055102586746),(Vehicles4↦-1.619107872247696),(Vehicles5↦1.4637461304664612)}",
        "VehiclesY": "{(EgoVehicle↦8.000000238418579),(Vehicles2↦-8.000000238418579),(Vehicles3↦-4.0000001192092896),(Vehicles4↦-4.000008702278137),(Vehicles5↦-6.247375949897105E-10)}",
        "VehiclesVy": "{(EgoVehicle↦0.0),(Vehicles2↦0.0),(Vehicles3↦0.0),(Vehicles4↦2.4820490125421202E-05),(Vehicles5↦1.8766677101211826E-09)}",
        "VehiclesX": "{(EgoVehicle↦200.0),(Vehicles2↦0.25448091328144073),(Vehicles3↦-9.79759469628334),(Vehicles4↦43.359214067459106),(Vehicles5↦48.20249378681183)}"
      },
      "probabilisticVariables": null,
      "activating": [
        "IDLE_19"
      ],
      "activatingOnlyWhenExecuted": true,
      "updating": null,
      "withPredicate": null
    },
    {
      "id": "IDLE_19",
      "execute": "IDLE",
      "after": "1000",
      "priority": 0,
      "additionalGuards": null,
      "activationKind": null,
      "fixedVariables": {
        "Crash": "FALSE",
        "VehiclesAy": "{(EgoVehicle↦0.0),(Vehicles2↦0.0),(Vehicles3↦1.8220994491002784E-06),(Vehicles4↦-2.4820391448798773E-05),(Vehicles5↦1.8766677101211826E-09)}",
        "Reward": "0.7333339478177358",
        "VehiclesAx": "{(EgoVehicle↦-0.00015020370483398438),(Vehicles2↦-0.09879995137453079),(Vehicles3↦-0.4788491874933243),(Vehicles4↦3.132953941822052),(Vehicles5↦-4.932645559310913)}",
        "VehiclesVx": "{(EgoVehicle↦20.00002384185791),(Vehicles2↦0.5044994503259659),(Vehicles3↦-1.501554697751999),(Vehicles4↦1.513846069574356),(Vehicles5↦-3.468899428844452)}",
        "VehiclesY": "{(EgoVehicle↦8.000000238418579),(Vehicles2↦-8.000000238418579),(Vehicles3↦-4.000000476837158),(Vehicles4↦-3.2809754912932476E-11),(Vehicles5↦-8.000000238418579)}",
        "VehiclesVy": "{(EgoVehicle↦0.0),(Vehicles2↦0.0),(Vehicles3↦1.8220994491002784E-06),(Vehicles4↦9.867662242868391E-11),(Vehicles5↦0.0)}",
        "VehiclesX": "{(EgoVehicle↦200.0),(Vehicles2↦0.823083333671093),(Vehicles3↦41.78849458694458),(Vehicles4↦49.68694746494293),(Vehicles5↦74.25822019577026)}"
      },
      "probabilisticVariables": null,
      "activating": [
        "FASTER_20"
      ],
      "activatingOnlyWhenExecuted": true,
      "updating": null,
      "withPredicate": null
    },
    {
      "id": "FASTER_20",
      "execute": "FASTER",
      "after": "1000",
      "priority": 0,
      "additionalGuards": null,
      "activationKind": null,
      "fixedVariables": {
        "Crash": "FALSE",
        "VehiclesAy": "{(EgoVehicle↦0.0),(Vehicles2↦0.0),(Vehicles3↦-1.6898536081555449E-06),(Vehicles4↦-9.352518759442319E-11),(Vehicles5↦0.0)}",
        "Reward": "0.8491084485466428",
        "VehiclesAx": "{(EgoVehicle↦4.341542720794678),(Vehicles2↦-4.485488012433052),(Vehicles3↦-4.238655716180801),(Vehicles4↦-4.298281818628311),(Vehicles5↦-4.044822156429291)}",
        "VehiclesVx": "{(EgoVehicle↦24.341566562652588),(Vehicles2↦-3.980988562107086),(Vehicles3↦-5.7402104139328),(Vehicles4↦-2.784435749053955),(Vehicles5↦-7.513721585273743)}",
        "VehiclesY": "{(EgoVehicle↦8.000000238418579),(Vehicles2↦-8.000000238418579),(Vehicles3↦-4.0000001192092896),(Vehicles4↦-1.7146284392310918E-12),(Vehicles5↦-8.000000238418579)}",
        "VehiclesVy": "{(EgoVehicle↦0.0),(Vehicles2↦0.0),(Vehicles3↦1.3224584094473357E-07),(Vehicles4↦5.151434834260726E-12),(Vehicles5↦0.0)}",
        "VehiclesX": "{(EgoVehicle↦200.0),(Vehicles2↦-1.122511364519596),(Vehicles3↦37.934041023254395),(Vehicles4↦48.823484778404236),(Vehicles5↦68.51499080657959)}"
      },
      "probabilisticVariables": null,
      "activating": [
        "SLOWER_21"
      ],
      "activatingOnlyWhenExecuted": true,
      "updating": null,
      "withPredicate": null
    },
    {
      "id": "SLOWER_21",
      "execute": "SLOWER",
      "after": "1000",
      "priority": 0,
      "additionalGuards": null,
      "activationKind": null,
      "fixedVariables": {
        "Crash": "FALSE",
        "VehiclesAy": "{(EgoVehicle↦0.0),(Vehicles2↦0.0),(Vehicles3↦-1.2274412597435003E-07),(Vehicles4↦-4.884981308350689E-12),(Vehicles5↦0.0)}",
        "Reward": "0.7485794390404358",
        "VehiclesAx": "{(EgoVehicle↦-3.76983642578125),(Vehicles2↦3.6037544906139374),(Vehicles3↦3.8618025183677673),(Vehicles4↦3.8084595650434494),(Vehicles5↦4.039038717746735)}",
        "VehiclesVx": "{(EgoVehicle↦20.571730136871338),(Vehicles2↦-0.3772340714931488),(Vehicles3↦-1.878407895565033),(Vehicles4↦1.0240238159894943),(Vehicles5↦-3.474682867527008)}",
        "VehiclesY": "{(EgoVehicle↦8.000000238418579),(Vehicles2↦-8.000000238418579),(Vehicles3↦-4.0000001192092896),(Vehicles4↦-8.926193117986259E-14),(Vehicles5↦-8.000000238418579)}",
        "VehiclesVy": "{(EgoVehicle↦0.0),(Vehicles2↦0.0),(Vehicles3↦9.501714970383546E-09),(Vehicles4↦2.6645352591003757E-13),(Vehicles5↦0.0)}",
        "VehiclesX": "{(EgoVehicle↦200.0),(Vehicles2↦-3.0891764909029007),(Vehicles3↦34.311044216156006),(Vehicles4↦48.13447594642639),(Vehicles5↦63.19093108177185)}"
      },
      "probabilisticVariables": null,
      "activating": [
        "SLOWER_22"
      ],
      "activatingOnlyWhenExecuted": true,
      "updating": null,
      "withPredicate": null
    },
    {
      "id": "SLOWER_22",
      "execute": "SLOWER",
      "after": "1000",
      "priority": 0,
      "additionalGuards": null,
      "activationKind": null,
      "fixedVariables": {
        "Crash": "FALSE",
        "VehiclesAy": "{(EgoVehicle↦0.0),(Vehicles2↦0.0),(Vehicles3↦-8.825224995234748E-09),(Vehicles4↦-2.4868995751603507E-13),(Vehicles5↦0.0)}",
        "Reward": "0.7353410509573138",
        "VehiclesAx": "{(EgoVehicle↦-0.49643993377685547),(Vehicles2↦0.3228576900437474),(Vehicles3↦0.5798809230327606),(Vehicles4↦0.5316746979951859),(Vehicles5↦0.7366511225700378)}",
        "VehiclesVx": "{(EgoVehicle↦20.075290203094482),(Vehicles2↦-0.05437638144940138),(Vehicles3↦-1.2985269725322723),(Vehicles4↦1.5556985139846802),(Vehicles5↦-2.73803174495697)}",
        "VehiclesY": "{(EgoVehicle↦8.000000238418579),(Vehicles2↦-8.000000238418579),(Vehicles3↦-4.0000001192092896),(Vehicles4↦-3.9968028886505635E-15),(Vehicles5↦-8.000000238418579)}",
        "VehiclesVy": "{(EgoVehicle↦0.0),(Vehicles2↦0.0),(Vehicles3↦6.764899751487974E-10),(Vehicles4↦1.7763568394002505E-14),(Vehicles5↦0.0)}",
        "VehiclesX": "{(EgoVehicle↦200.0),(Vehicles2↦-3.2618194818496704),(Vehicles3↦32.74048566818237),(Vehicles4↦49.44669306278229),(Vehicles5↦60.088491439819336)}"
      },
      "probabilisticVariables": null,
      "activating": [
        "FASTER_23"
      ],
      "activatingOnlyWhenExecuted": true,
      "updating": null,
      "withPredicate": null
    },
    {
      "id": "FASTER_23",
      "execute": "FASTER",
      "after": "1000",
      "priority": 0,
      "additionalGuards": null,
      "activationKind": null,
      "fixedVariables": {
        "Crash": "FALSE",
        "VehiclesAy": "{(EgoVehicle↦0.0),(Vehicles2↦0.0),(Vehicles3↦-6.287237397373246E-10),(Vehicles4↦-1.7763568394002505E-14),(Vehicles5↦0.0)}",
        "Reward": "0.8493727584251057",
        "VehiclesAx": "{(EgoVehicle↦4.276187419891357),(Vehicles2↦-4.4476592959836125),(Vehicles3↦-4.199631959199905),(Vehicles4↦-4.24355536699295),(Vehicles5↦-4.0635305643081665)}",
        "VehiclesVx": "{(EgoVehicle↦24.35147762298584),(Vehicles2↦-4.502035677433014),(Vehicles3↦-5.498158931732178),(Vehicles4↦-2.6878568530082703),(Vehicles5↦-6.801562309265137)}",
        "VehiclesY": "{(EgoVehicle↦8.000000238418579),(Vehicles2↦-8.000000238418579),(Vehicles3↦-4.0000001192092896),(Vehicles4↦0.0),(Vehicles5↦-8.000000238418579)}",
        "VehiclesVy": "{(EgoVehicle↦0.0),(Vehicles2↦0.0),(Vehicles3↦4.7766235411472735E-11),(Vehicles4↦0.0),(Vehicles5↦0.0)}",
        "VehiclesX": "{(EgoVehicle↦200.0),(Vehicles2↦-5.744245648384094),(Vehicles3↦29.11408245563507),(Vehicles4↦48.656633496284485),(Vehicles5↦55.07862567901611)}"
      },
      "probabilisticVariables": null,
      "activating": [
        "SLOWER_24"
      ],
      "activatingOnlyWhenExecuted": true,
      "updating": null,
      "withPredicate": null
    },
    {
      "id": "SLOWER_24",
      "execute": "SLOWER",
      "after": "1000",
      "priority": 0,
      "additionalGuards": null,
      "activationKind": null,
      "fixedVariables": {
        "Crash": "FALSE",
        "VehiclesAy": "{(EgoVehicle↦0.0),(Vehicles2↦0.0),(Vehicles3↦-4.4426684553400264E-11),(Vehicles4↦0.0),(Vehicles5↦0.0)}",
        "Reward": "0.7486142452795749",
        "VehiclesAx": "{(EgoVehicle↦-3.7784433364868164),(Vehicles2↦3.6155644059181213),(Vehicles3↦3.8492681086063385),(Vehicles4↦3.8089829683303833),(Vehicles5↦3.9663827419281006)}",
        "VehiclesVx": "{(EgoVehicle↦20.573034286499023),(Vehicles2↦-0.8864712715148926),(Vehicles3↦-1.6488908231258392),(Vehicles4↦1.121126115322113),(Vehicles5↦-2.835179567337036)}",
        "VehiclesY": "{(EgoVehicle↦8.000000238418579),(Vehicles2↦-8.000000238418579),(Vehicles3↦-4.0000001192092896),(Vehicles4↦0.0),(Vehicles5↦-8.000000238418579)}",
        "VehiclesVy": "{(EgoVehicle↦0.0),(Vehicles2↦0.0),(Vehicles3↦3.339550858072471E-12),(Vehicles4↦0.0),(Vehicles5↦0.0)}",
        "VehiclesX": "{(EgoVehicle↦200.0),(Vehicles2↦-8.227910101413727),(Vehicles3↦25.729086995124817),(Vehicles4↦48.06555509567261),(Vehicles5↦50.438499450683594)}"
      },
      "probabilisticVariables": null,
      "activating": [
        "IDLE_25"
      ],
      "activatingOnlyWhenExecuted": true,
      "updating": null,
      "withPredicate": null
    },
    {
      "id": "IDLE_25",
      "execute": "IDLE",
      "after": "1000",
      "priority": 0,
      "additionalGuards": null,
      "activationKind": null,
      "fixedVariables": {
        "Crash": "FALSE",
        "VehiclesAy": "{(EgoVehicle↦0.0),(Vehicles2↦0.0),(Vehicles3↦-3.090860900556436E-12),(Vehicles4↦0.0),(Vehicles5↦0.0)}",
        "Reward": "0.7353456344949784",
        "VehiclesAx": "{(EgoVehicle↦-0.4975724220275879),(Vehicles2↦0.34768711775541306),(Vehicles3↦0.5634994059801102),(Vehicles4↦-3.2922373712062836),(Vehicles5↦4.482661783695221)}",
        "VehiclesVx": "{(EgoVehicle↦20.075461864471436),(Vehicles2↦-0.5387841537594795),(Vehicles3↦-1.085391417145729),(Vehicles4↦-2.1711112558841705),(Vehicles5↦1.6474822163581848)}",
        "VehiclesY": "{(EgoVehicle↦8.000000238418579),(Vehicles2↦-8.000000238418579),(Vehicles3↦-4.0000001192092896),(Vehicles4↦-8.000000238418579),(Vehicles5↦0.0)}",
        "VehiclesVy": "{(EgoVehicle↦0.0),(Vehicles2↦0.0),(Vehicles3↦2.4868995751603507E-13),(Vehicles4↦0.0),(Vehicles5↦0.0)}",
        "VehiclesX": "{(EgoVehicle↦200.0),(Vehicles2↦-8.901020139455795),(Vehicles3↦24.381421506404877),(Vehicles4↦47.94599413871765),(Vehicles5↦49.4728147983551)}"
      },
      "probabilisticVariables": null,
      "activating": [
        "FASTER_26"
      ],
      "activatingOnlyWhenExecuted": true,
      "updating": null,
      "withPredicate": null
    },
    {
      "id": "FASTER_26",
      "execute": "FASTER",
      "after": "1000",
      "priority": 0,
      "additionalGuards": null,
      "activationKind": null,
      "fixedVariables": {
        "Crash": "FALSE",
        "VehiclesAy": "{(EgoVehicle↦0.0),(Vehicles2↦1.7763568394002505E-14),(Vehicles3↦-2.4868995751603507E-13),(Vehicles4↦0.0),(Vehicles5↦0.0)}",
        "Reward": "0.8493733620185431",
        "VehiclesAx": "{(EgoVehicle↦4.2760396003723145),(Vehicles2↦-4.760989062488079),(Vehicles3↦-5.213518962264061),(Vehicles4↦-0.4301808774471283),(Vehicles5↦-6.518240869045258)}",
        "VehiclesVx": "{(EgoVehicle↦24.35150146484375),(Vehicles2↦-5.299773216247559),(Vehicles3↦-6.29891037940979),(Vehicles4↦-2.601292133331299),(Vehicles5↦-4.870758652687073)}",
        "VehiclesY": "{(EgoVehicle↦8.000000238418579),(Vehicles2↦-4.0000001192092896),(Vehicles3↦-8.000000238418579),(Vehicles4↦0.0),(Vehicles5↦-4.0000001192092896)}",
        "VehiclesVy": "{(EgoVehicle↦0.0),(Vehicles2↦1.7763568394002505E-14),(Vehicles3↦0.0),(Vehicles4↦0.0),(Vehicles5↦0.0)}",
        "VehiclesX": "{(EgoVehicle↦200.0),(Vehicles2↦20.962098240852356),(Vehicles3↦43.47660541534424),(Vehicles4↦48.772403597831726),(Vehicles5↦73.27368259429932)}"
      },
      "probabilisticVariables": null,
      "activating": [
        "SLOWER_27"
      ],
      "activatingOnlyWhenExecuted": true,
      "updating": null,
      "withPredicate": null
    },
    {
      "id": "SLOWER_27",
      "execute": "SLOWER",
      "after": "1000",
      "priority": 0,
      "additionalGuards": null,
      "activationKind": null,
      "fixedVariables": {
        "Crash": "FALSE",
        "VehiclesAy": "{(EgoVehicle↦0.0),(Vehicles2↦-1.7763568394002505E-14),(Vehicles3↦0.0),(Vehicles4↦0.0),(Vehicles5↦0.0)}",
        "Reward": "0.7486143247651306",
        "VehiclesAx": "{(EgoVehicle↦-3.7784647941589355),(Vehicles2↦3.836343288421631),(Vehicles3↦3.911300152540207),(Vehicles4↦3.8043861091136932),(Vehicles5↦3.8217083364725113)}",
        "VehiclesVx": "{(EgoVehicle↦20.573036670684814),(Vehicles2↦-1.4634299278259277),(Vehicles3↦-2.387610226869583),(Vehicles4↦1.2030939757823944),(Vehicles5↦-1.0490503162145615)}",
        "VehiclesY": "{(EgoVehicle↦8.000000238418579),(Vehicles2↦-4.0000001192092896),(Vehicles3↦-8.000000238418579),(Vehicles4↦0.0),(Vehicles5↦-4.0000001192092896)}",
        "VehiclesVy": "{(EgoVehicle↦0.0),(Vehicles2↦0.0),(Vehicles3↦0.0),(Vehicles4↦0.0),(Vehicles5↦0.0)}",
        "VehiclesX": "{(EgoVehicle↦200.0),(Vehicles2↦17.770186066627502),(Vehicles3↦39.3163800239563),(Vehicles4↦48.26600253582001),(Vehicles5↦70.50485014915466)}"
      },
      "probabilisticVariables": null,
      "activating": [
        "SLOWER_28"
      ],
      "activatingOnlyWhenExecuted": true,
      "updating": null,
      "withPredicate": null
    },
    {
      "id": "SLOWER_28",
      "execute": "SLOWER",
      "after": "1000",
      "priority": 0,
      "additionalGuards": null,
      "activationKind": null,
      "fixedVariables": {
        "Crash": "FALSE",
        "VehiclesAy": "{(EgoVehicle↦0.0),(Vehicles2↦0.0),(Vehicles3↦0.0),(Vehicles4↦0.0),(Vehicles5↦0.0)}",
        "Reward": "0.7353456449622119",
        "VehiclesAx": "{(EgoVehicle↦-0.4975748062133789),(Vehicles2↦0.5520692467689514),(Vehicles3↦0.6174339354038239),(Vehicles4↦0.5222885310649872),(Vehicles5↦0.5383629351854324)}",
        "VehiclesVx": "{(EgoVehicle↦20.075461864471436),(Vehicles2↦-0.9113606810569763),(Vehicles3↦-1.7701762914657593),(Vehicles4↦1.7253825068473816),(Vehicles5↦-0.510687381029129)}",
        "VehiclesY": "{(EgoVehicle↦8.000000238418579),(Vehicles2↦-4.0000001192092896),(Vehicles3↦-8.000000238418579),(Vehicles4↦0.0),(Vehicles5↦-4.0000001192092896)}",
        "VehiclesVy": "{(EgoVehicle↦0.0),(Vehicles2↦0.0),(Vehicles3↦0.0),(Vehicles4↦0.0),(Vehicles5↦0.0)}",
        "VehiclesX": "{(EgoVehicle↦200.0),(Vehicles2↦16.603301465511322),(Vehicles3↦37.25215792655945),(Vehicles4↦49.753567576408386),(Vehicles5↦69.74679827690125)}"
      },
      "probabilisticVariables": null,
      "activating": [
        "FASTER_29"
      ],
      "activatingOnlyWhenExecuted": true,
      "updating": null,
      "withPredicate": null
    },
    {
      "id": "FASTER_29",
      "execute": "FASTER",
      "after": "1000",
      "priority": 0,
      "additionalGuards": null,
      "activationKind": null,
      "fixedVariables": {
        "Crash": "FALSE",
        "VehiclesAy": "{(EgoVehicle↦0.0),(Vehicles2↦0.0),(Vehicles3↦0.0),(Vehicles4↦0.0),(Vehicles5↦0.0)}",
        "Reward": "0.8493733633969441",
        "VehiclesAx": "{(EgoVehicle↦4.2760396003723145),(Vehicles2↦-4.224606454372406),(Vehicles3↦-4.167147278785706),(Vehicles4↦-4.252427816390991),(Vehicles5↦-4.237509518861771)}",
        "VehiclesVx": "{(EgoVehicle↦24.35150146484375),(Vehicles2↦-5.135967135429382),(Vehicles3↦-5.937323570251465),(Vehicles4↦-2.5270453095436096),(Vehicles5↦-4.7481968998909)}",
        "VehiclesY": "{(EgoVehicle↦8.000000238418579),(Vehicles2↦-4.0000001192092896),(Vehicles3↦-8.000000238418579),(Vehicles4↦0.0),(Vehicles5↦-4.0000001192092896)}",
        "VehiclesVy": "{(EgoVehicle↦0.0),(Vehicles2↦0.0),(Vehicles3↦0.0),(Vehicles4↦0.0),(Vehicles5↦0.0)}",
        "VehiclesX": "{(EgoVehicle↦200.0),(Vehicles2↦13.353833556175232),(Vehicles3↦33.16743075847626),(Vehicles4↦49.12956357002258),(Vehicles5↦66.8927788734436)}"
      },
      "probabilisticVariables": null,
      "activating": [
        "IDLE_30"
      ],
      "activatingOnlyWhenExecuted": true,
      "updating": null,
      "withPredicate": null
    },
    {
      "id": "IDLE_30",
      "execute": "IDLE",
      "after": "1000",
      "priority": 0,
      "additionalGuards": null,
      "activationKind": null,
      "fixedVariables": {
        "Crash": "FALSE",
        "VehiclesAy": "{(EgoVehicle↦0.0),(Vehicles2↦0.0),(Vehicles3↦0.0),(Vehicles4↦0.0),(Vehicles5↦0.0)}",
        "Reward": "0.8643893592402012",
        "VehiclesAx": "{(EgoVehicle↦0.5630993843078613),(Vehicles2↦-0.5144530534744263),(Vehicles3↦-0.46353280544281006),(Vehicles4↦-0.5404999852180481),(Vehicles5↦-0.5266478657722473)}",
        "VehiclesVx": "{(EgoVehicle↦24.91460084915161),(Vehicles2↦-5.650420188903809),(Vehicles3↦-6.400856375694275),(Vehicles4↦-3.0675452947616577),(Vehicles5↦-5.274844765663147)}",
        "VehiclesY": "{(EgoVehicle↦8.000000238418579),(Vehicles2↦-4.0000001192092896),(Vehicles3↦-8.000000238418579),(Vehicles4↦0.0),(Vehicles5↦-4.0000001192092896)}",
        "VehiclesVy": "{(EgoVehicle↦0.0),(Vehicles2↦0.0),(Vehicles3↦0.0),(Vehicles4↦0.0),(Vehicles5↦0.0)}",
        "VehiclesX": "{(EgoVehicle↦200.0),(Vehicles2↦7.9268984496593475),(Vehicles3↦26.95998251438141),(Vehicles4↦46.30099833011627),(Vehicles5↦61.848682165145874)}"
      },
      "probabilisticVariables": null,
      "activating": [
        "IDLE_31"
      ],
      "activatingOnlyWhenExecuted": true,
      "updating": null,
      "withPredicate": null
    },
    {
      "id": "IDLE_31",
      "execute": "IDLE",
      "after": "1000",
      "priority": 0,
      "additionalGuards": null,
      "activationKind": null,
      "fixedVariables": {
        "Crash": "FALSE",
        "VehiclesAy": "{(EgoVehicle↦0.0),(Vehicles2↦0.0),(Vehicles3↦0.0),(Vehicles4↦0.0),(Vehicles5↦0.0)}",
        "Reward": "0.8663667743306712",
        "VehiclesAx": "{(EgoVehicle↦0.07415294647216797),(Vehicles2↦-0.02805769443511963),(Vehicles3↦0.017420649528503418),(Vehicles4↦-0.05248904228210449),(Vehicles5↦-0.03961801528930664)}",
        "VehiclesVx": "{(EgoVehicle↦24.98875379562378),(Vehicles2↦-5.678477883338928),(Vehicles3↦-6.3834357261657715),(Vehicles4↦-3.120034337043762),(Vehicles5↦-5.314462780952454)}",
        "VehiclesY": "{(EgoVehicle↦8.000000238418579),(Vehicles2↦-4.0000001192092896),(Vehicles3↦-8.000000238418579),(Vehicles4↦0.0),(Vehicles5↦-4.0000001192092896)}",
        "VehiclesVy": "{(EgoVehicle↦0.0),(Vehicles2↦0.0),(Vehicles3↦0.0),(Vehicles4↦0.0),(Vehicles5↦0.0)}",
        "VehiclesX": "{(EgoVehicle↦200.0),(Vehicles2↦2.254204824566841),(Vehicles3↦20.555442571640015),(Vehicles4↦43.20128262042999),(Vehicles5↦56.54689073562622)}"
      },
      "probabilisticVariables": null,
      "activating": [
        "SLOWER_32"
      ],
      "activatingOnlyWhenExecuted": true,
      "updating": null,
      "withPredicate": null
    },
    {
      "id": "SLOWER_32",
      "execute": "SLOWER",
      "after": "1000",
      "priority": 0,
      "additionalGuards": null,
      "activationKind": null,
      "fixedVariables": {
        "Crash": "FALSE",
        "VehiclesAy": "{(EgoVehicle↦0.0),(Vehicles2↦0.0),(Vehicles3↦0.0),(Vehicles4↦0.0),(Vehicles5↦0.0)}",
        "Reward": "0.7508521403782503",
        "VehiclesAx": "{(EgoVehicle↦-4.331798553466797),(Vehicles2↦4.375548958778381),(Vehicles3↦4.416458755731583),(Vehicles4↦4.352593943476677),(Vehicles5↦4.3645623326301575)}",
        "VehiclesVx": "{(EgoVehicle↦20.656955242156982),(Vehicles2↦-1.3029289245605469),(Vehicles3↦-1.9669769704341888),(Vehicles4↦1.2325596064329147),(Vehicles5↦-0.9499004483222961)}",
        "VehiclesY": "{(EgoVehicle↦8.000000238418579),(Vehicles2↦-4.0000001192092896),(Vehicles3↦-8.000000238418579),(Vehicles4↦0.0),(Vehicles5↦-4.0000001192092896)}",
        "VehiclesVy": "{(EgoVehicle↦0.0),(Vehicles2↦0.0),(Vehicles3↦0.0),(Vehicles4↦0.0),(Vehicles5↦0.0)}",
        "VehiclesX": "{(EgoVehicle↦200.0),(Vehicles2↦-1.016918197274208),(Vehicles3↦16.59606099128723),(Vehicles4↦42.47930645942688),(Vehicles5↦53.63534688949585)}"
      },
      "probabilisticVariables": null,
      "activating": [
        "IDLE_33"
      ],
      "activatingOnlyWhenExecuted": true,
      "updating": null,
      "withPredicate": null
    },
    {
      "id": "IDLE_33",
      "execute": "IDLE",
      "after": "1000",
      "priority": 0,
      "additionalGuards": null,
      "activationKind": null,
      "fixedVariables": {
        "Crash": "FALSE",
        "VehiclesAy": "{(EgoVehicle↦0.0),(Vehicles2↦0.0),(Vehicles3↦0.0),(Vehicles4↦0.0),(Vehicles5↦0.0)}",
        "Reward": "0.7356403367301948",
        "VehiclesAx": "{(EgoVehicle↦-0.5704426765441895),(Vehicles2↦0.6120284646749496),(Vehicles3↦0.6490679085254669),(Vehicles4↦0.5904277414083481),(Vehicles5↦0.6015666574239731)}",
        "VehiclesVx": "{(EgoVehicle↦20.086512565612793),(Vehicles2↦-0.6909004598855972),(Vehicles3↦-1.317909061908722),(Vehicles4↦1.8229873478412628),(Vehicles5↦-0.34833379089832306)}",
        "VehiclesY": "{(EgoVehicle↦8.000000238418579),(Vehicles2↦-4.0000001192092896),(Vehicles3↦-8.000000238418579),(Vehicles4↦0.0),(Vehicles5↦-4.0000001192092896)}",
        "VehiclesVy": "{(EgoVehicle↦0.0),(Vehicles2↦0.0),(Vehicles3↦0.0),(Vehicles4↦0.0),(Vehicles5↦0.0)}",
        "VehiclesX": "{(EgoVehicle↦200.0),(Vehicles2↦-1.9883567467331886),(Vehicles3↦14.975674450397491),(Vehicles4↦44.03461217880249),(Vehicles5↦53.01271080970764)}"
      },
      "probabilisticVariables": null,
      "activating": [
        "IDLE_34"
      ],
      "activatingOnlyWhenExecuted": true,
      "updating": null,
      "withPredicate": null
    },
    {
      "id": "IDLE_34",
      "execute": "IDLE",
      "after": "1000",
      "priority": 0,
      "additionalGuards": null,
      "activationKind": null,
      "fixedVariables": {
        "Crash": "FALSE",
        "VehiclesAy": "{(EgoVehicle↦0.0),(Vehicles2↦0.0),(Vehicles3↦0.0),(Vehicles4↦0.0),(Vehicles5↦0.0)}",
        "Reward": "0.7336371362497925",
        "VehiclesAx": "{(EgoVehicle↦-0.07512092590332031),(Vehicles2↦0.11470243334770203),(Vehicles3↦0.14843180775642395),(Vehicles4↦0.09434789419174194),(Vehicles5↦0.10472329333424568)}",
        "VehiclesVx": "{(EgoVehicle↦20.011391639709473),(Vehicles2↦-0.5761980265378952),(Vehicles3↦-1.169477254152298),(Vehicles4↦1.9173352420330048),(Vehicles5↦-0.24361049756407738)}",
        "VehiclesY": "{(EgoVehicle↦8.000000238418579),(Vehicles2↦-4.0000001192092896),(Vehicles3↦-8.000000238418579),(Vehicles4↦0.0),(Vehicles5↦-4.0000001192092896)}",
        "VehiclesVy": "{(EgoVehicle↦0.0),(Vehicles2↦0.0),(Vehicles3↦0.0),(Vehicles4↦0.0),(Vehicles5↦0.0)}",
        "VehiclesX": "{(EgoVehicle↦200.0),(Vehicles2↦-2.6218293234705925),(Vehicles3↦13.728931546211243),(Vehicles4↦45.90679109096527),(Vehicles5↦52.717775106430054)}"
      },
      "probabilisticVariables": null,
      "activating": [
        "FASTER_35"
      ],
      "activatingOnlyWhenExecuted": true,
      "updating": null,
      "withPredicate": null
    },
    {
      "id": "FASTER_35",
      "execute": "FASTER",
      "after": "1000",
      "priority": 0,
      "additionalGuards": null,
      "activationKind": null,
      "fixedVariables": {
        "Crash": "FALSE",
        "VehiclesAy": "{(EgoVehicle↦0.0),(Vehicles2↦0.0),(Vehicles3↦0.0),(Vehicles4↦0.0),(Vehicles5↦0.0)}",
        "Reward": "0.8491483745953089",
        "VehiclesAx": "{(EgoVehicle↦4.331672191619873),(Vehicles2↦-4.293948486447334),(Vehicles3↦-4.263076037168503),(Vehicles4↦-4.313153028488159),(Vehicles5↦-4.303480926901102)}",
        "VehiclesVx": "{(EgoVehicle↦24.343063831329346),(Vehicles2↦-4.8701465129852295),(Vehicles3↦-5.432553291320801),(Vehicles4↦-2.3958177864551544),(Vehicles5↦-4.547091424465179)}",
        "VehiclesY": "{(EgoVehicle↦8.000000238418579),(Vehicles2↦-4.0000001192092896),(Vehicles3↦-8.000000238418579),(Vehicles4↦0.0),(Vehicles5↦-4.0000001192092896)}",
        "VehiclesVy": "{(EgoVehicle↦0.0),(Vehicles2↦0.0),(Vehicles3↦0.0),(Vehicles4↦0.0),(Vehicles5↦0.0)}",
        "VehiclesX": "{(EgoVehicle↦200.0),(Vehicles2↦-5.5723994970321655),(Vehicles3↦10.19764319062233),(Vehicles4↦45.44198513031006),(Vehicles5↦50.095945596694946)}"
      },
      "probabilisticVariables": null,
      "activating": [
        "SLOWER_36"
      ],
      "activatingOnlyWhenExecuted": true,
      "updating": null,
      "withPredicate": null
    },
    {
      "id": "SLOWER_36",
      "execute": "SLOWER",
      "after": "1000",
      "priority": 0,
      "additionalGuards": null,
      "activationKind": null,
      "fixedVariables": {
        "Crash": "FALSE",
        "VehiclesAy": "{(EgoVehicle↦0.0),(Vehicles2↦0.0),(Vehicles3↦0.0),(Vehicles4↦0.0),(Vehicles5↦0.0)}",
        "Reward": "0.7485846967917005",
        "VehiclesAx": "{(EgoVehicle↦-3.7711381912231445),(Vehicles2↦3.2731087505817413),(Vehicles3↦4.369538277387619),(Vehicles4↦3.788990080356598),(Vehicles5↦3.798014298081398)}",
        "VehiclesVx": "{(EgoVehicle↦20.5719256401062),(Vehicles2↦-1.5970377624034882),(Vehicles3↦-1.0630150139331818),(Vehicles4↦1.3931722939014435),(Vehicles5↦-0.7490771263837814)}",
        "VehiclesY": "{(EgoVehicle↦8.000000238418579),(Vehicles2↦-8.000000238418579),(Vehicles3↦-4.0000001192092896),(Vehicles4↦0.0),(Vehicles5↦-4.0000001192092896)}",
        "VehiclesVy": "{(EgoVehicle↦0.0),(Vehicles2↦0.0),(Vehicles3↦0.0),(Vehicles4↦0.0),(Vehicles5↦0.0)}",
        "VehiclesX": "{(EgoVehicle↦200.0),(Vehicles2↦6.87154158949852),(Vehicles3↦-8.347633481025696),(Vehicles4↦45.133739709854126),(Vehicles5↦47.64008820056915)}"
      },
      "probabilisticVariables": null,
      "activating": [
        "IDLE_37"
      ],
      "activatingOnlyWhenExecuted": true,
      "updating": null,
      "withPredicate": null
    },
    {
      "id": "IDLE_37",
      "execute": "IDLE",
      "after": "1000",
      "priority": 0,
      "additionalGuards": null,
      "activationKind": null,
      "fixedVariables": {
        "Crash": "FALSE",
        "VehiclesAy": "{(EgoVehicle↦0.0),(Vehicles2↦0.0),(Vehicles3↦0.0),(Vehicles4↦0.0),(Vehicles5↦0.0)}",
        "Reward": "0.7353417433360813",
        "VehiclesAx": "{(EgoVehicle↦-0.4966092109680176),(Vehicles2↦0.5571924895048141),(Vehicles3↦0.5309918522834778),(Vehicles4↦0.5138362944126129),(Vehicles5↦0.5222621560096741)}",
        "VehiclesVx": "{(EgoVehicle↦20.075316429138184),(Vehicles2↦-1.039845272898674),(Vehicles3↦-0.532023161649704),(Vehicles4↦1.9070085883140564),(Vehicles5↦-0.22681497037410736)}",
        "VehiclesY": "{(EgoVehicle↦8.000000238418579),(Vehicles2↦-8.000000238418579),(Vehicles3↦-4.0000001192092896),(Vehicles4↦0.0),(Vehicles5↦-4.0000001192092896)}",
        "VehiclesVy": "{(EgoVehicle↦0.0),(Vehicles2↦0.0),(Vehicles3↦0.0),(Vehicles4↦0.0),(Vehicles5↦0.0)}",
        "VehiclesX": "{(EgoVehicle↦200.0),(Vehicles2↦5.572985112667084),(Vehicles3↦-9.122812002897263),(Vehicles4↦46.80781066417694),(Vehicles5↦47.17532694339752)}"
      },
      "probabilisticVariables": null,
      "activating": [
        "IDLE_38"
      ],
      "activatingOnlyWhenExecuted": true,
      "updating": null,
      "withPredicate": null
    },
    {
      "id": "IDLE_38",
      "execute": "IDLE",
      "after": "1000",
      "priority": 0,
      "additionalGuards": null,
      "activationKind": null,
      "fixedVariables": {
        "Crash": "FALSE",
        "VehiclesAy": "{(EgoVehicle↦0.0),(Vehicles2↦0.0),(Vehicles3↦0.0),(Vehicles4↦0.0),(Vehicles5↦0.0)}",
        "Reward": "0.7335978153090038",
        "VehiclesAx": "{(EgoVehicle↦-0.0653982162475586),(Vehicles2↦0.1225423812866211),(Vehicles3↦0.09827245026826859),(Vehicles4↦-2.0439178869128227),(Vehicles5↦2.2158559411764145)}",
        "VehiclesVx": "{(EgoVehicle↦20.009918212890625),(Vehicles2↦-0.9173028916120529),(Vehicles3↦-0.4337507113814354),(Vehicles4↦-0.13690929859876633),(Vehicles5↦1.9890409708023071)}",
        "VehiclesY": "{(EgoVehicle↦8.000000238418579),(Vehicles2↦-8.000000238418579),(Vehicles3↦-4.0000001192092896),(Vehicles4↦-4.0000001192092896),(Vehicles5↦0.0)}",
        "VehiclesVy": "{(EgoVehicle↦0.0),(Vehicles2↦0.0),(Vehicles3↦0.0),(Vehicles4↦0.0),(Vehicles5↦0.0)}",
        "VehiclesX": "{(EgoVehicle↦200.0),(Vehicles2↦4.592336714267731),(Vehicles3↦-9.605491161346436),(Vehicles4↦46.99448049068451),(Vehicles5↦48.75759780406952)}"
      },
      "probabilisticVariables": null,
      "activating": [
        "IDLE_39"
      ],
      "activatingOnlyWhenExecuted": true,
      "updating": null,
      "withPredicate": null
    },
    {
      "id": "IDLE_39",
      "execute": "IDLE",
      "after": "1000",
      "priority": 0,
      "additionalGuards": null,
      "activationKind": null,
      "fixedVariables": {
        "Crash": "FALSE",
        "VehiclesAy": "{(EgoVehicle↦0.0),(Vehicles2↦0.0),(Vehicles3↦0.0),(Vehicles4↦0.0),(Vehicles5↦0.0)}",
        "Reward": "0.7333681622354793",
        "VehiclesAx": "{(EgoVehicle↦-0.008611679077148438),(Vehicles2↦0.06262995302677155),(Vehicles3↦0.3288935124874115),(Vehicles4↦2.1506401523947716),(Vehicles5↦-2.391529679298401)}",
        "VehiclesVx": "{(EgoVehicle↦20.001306533813477),(Vehicles2↦-0.8546729385852814),(Vehicles3↦-0.1048571988940239),(Vehicles4↦2.0137308537960052),(Vehicles5↦-0.40248870849609375)}",
        "VehiclesY": "{(EgoVehicle↦8.000000238418579),(Vehicles2↦-8.000000238418579),(Vehicles3↦-4.0000001192092896),(Vehicles4↦0.0),(Vehicles5↦-8.000000238418579)}",
        "VehiclesVy": "{(EgoVehicle↦0.0),(Vehicles2↦0.0),(Vehicles3↦0.0),(Vehicles4↦0.0),(Vehicles5↦0.0)}",
        "VehiclesX": "{(EgoVehicle↦200.0),(Vehicles2↦3.7016306072473526),(Vehicles3↦46.87178134918213),(Vehicles4↦50.75786113739014),(Vehicles5↦60.380810499191284)}"
      },
      "probabilisticVariables": null,
      "activating": [
        "FASTER_40"
      ],
      "activatingOnlyWhenExecuted": true,
      "updating": null,
      "withPredicate": null
    },
    {
      "id": "FASTER_40",
      "execute": "FASTER",
      "after": "1000",
      "priority": 0,
      "additionalGuards": null,
      "activationKind": null,
      "fixedVariables": {
        "Crash": "FALSE",
        "VehiclesAy": "{(EgoVehicle↦0.0),(Vehicles2↦0.0),(Vehicles3↦0.0),(Vehicles4↦0.0),(Vehicles5↦0.0)}",
        "Reward": "0.8491129541489794",
        "VehiclesAx": "{(EgoVehicle↦4.340429306030273),(Vehicles2↦-4.289269894361496),(Vehicles3↦-4.317989237606525),(Vehicles4↦-4.324878305196762),(Vehicles5↦-4.302623867988586)}",
        "VehiclesVx": "{(EgoVehicle↦24.34173583984375),(Vehicles2↦-5.143942832946777),(Vehicles3↦-4.422846436500549),(Vehicles4↦-2.311147451400757),(Vehicles5↦-4.70511257648468)}",
        "VehiclesY": "{(EgoVehicle↦8.000000238418579),(Vehicles2↦-8.000000238418579),(Vehicles3↦-4.0000001192092896),(Vehicles4↦0.0),(Vehicles5↦-8.000000238418579)}",
        "VehiclesVy": "{(EgoVehicle↦0.0),(Vehicles2↦0.0),(Vehicles3↦0.0),(Vehicles4↦0.0),(Vehicles5↦0.0)}",
        "VehiclesX": "{(EgoVehicle↦200.0),(Vehicles2↦0.4732043482363224),(Vehicles3↦44.38154101371765),(Vehicles4↦50.383418798446655),(Vehicles5↦57.5991690158844)}"
      },
      "probabilisticVariables": null,
      "activating": [
        "IDLE_41"
      ],
      "activatingOnlyWhenExecuted": true,
      "updating": null,
      "withPredicate": null
    },
    {
      "id": "IDLE_41",
      "execute": "IDLE",
      "after": "1000",
      "priority": 0,
      "additionalGuards": null,
      "activationKind": null,
      "fixedVariables": {
        "Crash": "FALSE",
        "VehiclesAy": "{(EgoVehicle↦0.0),(Vehicles2↦0.0),(Vehicles3↦0.0),(Vehicles4↦0.0),(Vehicles5↦0.0)}",
        "Reward": "0.8643550666643375",
        "VehiclesAx": "{(EgoVehicle↦0.5715799331665039),(Vehicles2↦-0.5230420827865601),(Vehicles3↦-0.5500757694244385),(Vehicles4↦-0.5565261840820312),(Vehicles5↦-0.5357098579406738)}",
        "VehiclesVx": "{(EgoVehicle↦24.913315773010254),(Vehicles2↦-5.666984915733337),(Vehicles3↦-4.972922205924988),(Vehicles4↦-2.867673635482788),(Vehicles5↦-5.240822434425354)}",
        "VehiclesY": "{(EgoVehicle↦8.000000238418579),(Vehicles2↦-8.000000238418579),(Vehicles3↦-4.0000001192092896),(Vehicles4↦0.0),(Vehicles5↦-8.000000238418579)}",
        "VehiclesVy": "{(EgoVehicle↦0.0),(Vehicles2↦0.0),(Vehicles3↦0.0),(Vehicles4↦0.0),(Vehicles5↦0.0)}",
        "VehiclesX": "{(EgoVehicle↦200.0),(Vehicles2↦-4.966439306735992),(Vehicles3↦39.65205252170563),(Vehicles4↦47.76301383972168),(Vehicles5↦52.59323716163635)}"
      },
      "probabilisticVariables": null,
      "activating": [
        "SLOWER_42"
      ],
      "activatingOnlyWhenExecuted": true,
      "updating": null,
      "withPredicate": null
    },
    {
      "id": "SLOWER_42",
      "execute": "SLOWER",
      "after": "1000",
      "priority": 0,
      "additionalGuards": null,
      "activationKind": null,
      "fixedVariables": {
        "Crash": "FALSE",
        "VehiclesAy": "{(EgoVehicle↦0.0),(Vehicles2↦0.0),(Vehicles3↦0.0),(Vehicles4↦0.0),(Vehicles5↦0.0)}",
        "Reward": "0.7505872241423545",
        "VehiclesAx": "{(EgoVehicle↦-4.266295433044434),(Vehicles2↦4.312416166067123),(Vehicles3↦4.286918938159943),(Vehicles4↦4.280875474214554),(Vehicles5↦4.300373792648315)}",
        "VehiclesVx": "{(EgoVehicle↦20.64702033996582),(Vehicles2↦-1.354568749666214),(Vehicles3↦-0.6860032677650452),(Vehicles4↦1.4132018387317657),(Vehicles5↦-0.9404486417770386)}",
        "VehiclesY": "{(EgoVehicle↦8.000000238418579),(Vehicles2↦-8.000000238418579),(Vehicles3↦-4.0000001192092896),(Vehicles4↦0.0),(Vehicles5↦-8.000000238418579)}",
        "VehiclesVy": "{(EgoVehicle↦0.0),(Vehicles2↦0.0),(Vehicles3↦0.0),(Vehicles4↦0.0),(Vehicles5↦0.0)}",
        "VehiclesX": "{(EgoVehicle↦200.0),(Vehicles2↦-8.261251449584961),(Vehicles3↦37.04098463058472),(Vehicles4↦47.25475013256073),(Vehicles5↦49.71972405910492)}"
      },
      "probabilisticVariables": null,
      "activating": [
        "FASTER_43"
      ],
      "activatingOnlyWhenExecuted": true,
      "updating": null,
      "withPredicate": null
    },
    {
      "id": "FASTER_43",
      "execute": "FASTER",
      "after": "1000",
      "priority": 0,
      "additionalGuards": null,
      "activationKind": null,
      "fixedVariables": {
        "Crash": "FALSE",
        "VehiclesAy": "{(EgoVehicle↦0.0),(Vehicles2↦0.0),(Vehicles3↦0.0),(Vehicles4↦0.0),(Vehicles5↦0.0)}",
        "Reward": "0.85138048493507",
        "VehiclesAx": "{(EgoVehicle↦3.779747486114502),(Vehicles2↦-3.0913828313350677),(Vehicles3↦-1.6664084792137146),(Vehicles4↦-6.100977212190628),(Vehicles5↦-3.3109429478645325)}",
        "VehiclesVx": "{(EgoVehicle↦24.426767826080322),(Vehicles2↦-4.445951581001282),(Vehicles3↦-2.3524117469787598),(Vehicles4↦-4.687775373458862),(Vehicles5↦-4.251391589641571)}",
        "VehiclesY": "{(EgoVehicle↦8.000000238418579),(Vehicles2↦-4.0000001192092896),(Vehicles3↦0.0),(Vehicles4↦-8.000000238418579),(Vehicles5↦-8.000000238418579)}",
        "VehiclesVy": "{(EgoVehicle↦0.0),(Vehicles2↦0.0),(Vehicles3↦0.0),(Vehicles4↦0.0),(Vehicles5↦0.0)}",
        "VehiclesX": "{(EgoVehicle↦200.0),(Vehicles2↦34.2778354883194),(Vehicles3↦46.588510274887085),(Vehicles4↦46.707239747047424),(Vehicles5↦109.84662771224976)}"
      },
      "probabilisticVariables": null,
      "activating": [
        "SLOWER_44"
      ],
      "activatingOnlyWhenExecuted": true,
      "updating": null,
      "withPredicate": null
    },
    {
      "id": "SLOWER_44",
      "execute": "SLOWER",
      "after": "1000",
      "priority": 0,
      "additionalGuards": null,
      "activationKind": null,
      "fixedVariables": {
        "Crash": "FALSE",
        "VehiclesAy": "{(EgoVehicle↦0.0),(Vehicles2↦0.0),(Vehicles3↦0.0),(Vehicles4↦0.0),(Vehicles5↦0.0)}",
        "Reward": "0.7488786372479653",
        "VehiclesAx": "{(EgoVehicle↦-3.843820095062256),(Vehicles2↦3.862841874361038),(Vehicles3↦1.5393353998661041),(Vehicles4↦6.192891448736191),(Vehicles5↦3.8629867509007454)}",
        "VehiclesVx": "{(EgoVehicle↦20.582947731018066),(Vehicles2↦-0.5831097066402435),(Vehicles3↦-0.8130763471126556),(Vehicles4↦1.5051160752773285),(Vehicles5↦-0.38840483874082565)}",
        "VehiclesY": "{(EgoVehicle↦8.000000238418579),(Vehicles2↦-4.0000001192092896),(Vehicles3↦-8.000000238418579),(Vehicles4↦0.0),(Vehicles5↦-8.000000238418579)}",
        "VehiclesVy": "{(EgoVehicle↦0.0),(Vehicles2↦0.0),(Vehicles3↦0.0),(Vehicles4↦0.0),(Vehicles5↦0.0)}",
        "VehiclesX": "{(EgoVehicle↦200.0),(Vehicles2↦31.960028409957886),(Vehicles3↦44.15241181850433),(Vehicles4↦46.36209011077881),(Vehicles5↦107.72346258163452)}"
      },
      "probabilisticVariables": null,
      "activating": [
        "IDLE_45"
      ],
      "activatingOnlyWhenExecuted": true,
      "updating": null,
      "withPredicate": null
    },
    {
      "id": "IDLE_45",
      "execute": "IDLE",
      "after": "1000",
      "priority": 0,
      "additionalGuards": null,
      "activationKind": null,
      "fixedVariables": {
        "Crash": "FALSE",
        "VehiclesAy": "{(EgoVehicle↦0.0),(Vehicles2↦0.0),(Vehicles3↦0.0),(Vehicles4↦0.0),(Vehicles5↦0.0)}",
        "Reward": "0.7353804515443136",
        "VehiclesAx": "{(EgoVehicle↦-0.5061817169189453),(Vehicles2↦0.524473381228745),(Vehicles3↦0.5356286466121674),(Vehicles4↦0.5194862186908722),(Vehicles5↦0.5243853945285082)}",
        "VehiclesVx": "{(EgoVehicle↦20.07676601409912),(Vehicles2↦-0.05863632541149855),(Vehicles3↦-0.2774477005004883),(Vehicles4↦2.0246022939682007),(Vehicles5↦0.13598055578768253)}",
        "VehiclesY": "{(EgoVehicle↦8.000000238418579),(Vehicles2↦-4.0000001192092896),(Vehicles3↦-8.000000238418579),(Vehicles4↦0.0),(Vehicles5↦-8.000000238418579)}",
        "VehiclesVy": "{(EgoVehicle↦0.0),(Vehicles2↦0.0),(Vehicles3↦0.0),(Vehicles4↦0.0),(Vehicles5↦0.0)}",
        "VehiclesX": "{(EgoVehicle↦200.0),(Vehicles2↦31.66353404521942),(Vehicles3↦43.63046586513519),(Vehicles4↦48.15180003643036),(Vehicles5↦107.62165784835815)}"
      },
      "probabilisticVariables": null,
      "activating": [
        "FASTER_46"
      ],
      "activatingOnlyWhenExecuted": true,
      "updating": null,
      "withPredicate": null
    },
    {
      "id": "FASTER_46",
      "execute": "FASTER",
      "after": "1000",
      "priority": 0,
      "additionalGuards": null,
      "activationKind": null,
      "fixedVariables": {
        "Crash": "FALSE",
        "VehiclesAy": "{(EgoVehicle↦0.0),(Vehicles2↦0.0),(Vehicles3↦0.0),(Vehicles4↦0.0),(Vehicles5↦0.0)}",
        "Reward": "0.8493779469797724",
        "VehiclesAx": "{(EgoVehicle↦4.274907112121582),(Vehicles2↦-4.257303816266358),(Vehicles3↦-4.246794879436493),(Vehicles4↦-4.261986166238785),(Vehicles5↦-4.257594654336572)}",
        "VehiclesVx": "{(EgoVehicle↦24.351673126220703),(Vehicles2↦-4.3159401416778564),(Vehicles3↦-4.524242579936981),(Vehicles4↦-2.237383872270584),(Vehicles5↦-4.121614098548889)}",
        "VehiclesY": "{(EgoVehicle↦8.000000238418579),(Vehicles2↦-4.0000001192092896),(Vehicles3↦-8.000000238418579),(Vehicles4↦0.0),(Vehicles5↦-8.000000238418579)}",
        "VehiclesVy": "{(EgoVehicle↦0.0),(Vehicles2↦0.0),(Vehicles3↦0.0),(Vehicles4↦0.0),(Vehicles5↦0.0)}",
        "VehiclesX": "{(EgoVehicle↦200.0),(Vehicles2↦29.253700375556946),(Vehicles3↦41.00607633590698),(Vehicles4↦47.823309898376465),(Vehicles5↦105.40634393692017)}"
      },
      "probabilisticVariables": null,
      "activating": [
        "SLOWER_47"
      ],
      "activatingOnlyWhenExecuted": true,
      "updating": null,
      "withPredicate": null
    },
    {
      "id": "SLOWER_47",
      "execute": "SLOWER",
      "after": "1000",
      "priority": 0,
      "additionalGuards": null,
      "activationKind": null,
      "fixedVariables": {
        "Crash": "FALSE",
        "VehiclesAy": "{(EgoVehicle↦0.0),(Vehicles2↦0.0),(Vehicles3↦0.0),(Vehicles4↦0.0),(Vehicles5↦0.0)}",
        "Reward": "0.7486149285460332",
        "VehiclesAx": "{(EgoVehicle↦-3.7786126136779785),(Vehicles2↦3.7955651059746742),(Vehicles3↦3.8054775446653366),(Vehicles4↦3.7911666929721832),(Vehicles5↦3.7950988113880157)}",
        "VehiclesVx": "{(EgoVehicle↦20.573060512542725),(Vehicles2↦-0.5203750357031822),(Vehicles3↦-0.7187650352716446),(Vehicles4↦1.5537828207015991),(Vehicles5↦-0.3265152871608734)}",
        "VehiclesY": "{(EgoVehicle↦8.000000238418579),(Vehicles2↦-4.0000001192092896),(Vehicles3↦-8.000000238418579),(Vehicles4↦0.0),(Vehicles5↦-8.000000238418579)}",
        "VehiclesVy": "{(EgoVehicle↦0.0),(Vehicles2↦0.0),(Vehicles3↦0.0),(Vehicles4↦0.0),(Vehicles5↦0.0)}",
        "VehiclesX": "{(EgoVehicle↦200.0),(Vehicles2↦27.029097080230713),(Vehicles3↦38.57718110084534),(Vehicles4↦47.67548143863678),(Vehicles5↦103.37588787078857)}"
      },
      "probabilisticVariables": null,
      "activating": [
        "FASTER_48"
      ],
      "activatingOnlyWhenExecuted": true,
      "updating": null,
      "withPredicate": null
    },
    {
      "id": "FASTER_48",
      "execute": "FASTER",
      "after": "1000",
      "priority": 0,
      "additionalGuards": null,
      "activationKind": null,
      "fixedVariables": {
        "Crash": "FALSE",
        "VehiclesAy": "{(EgoVehicle↦0.0),(Vehicles2↦0.0),(Vehicles3↦0.0),(Vehicles4↦0.0),(Vehicles5↦0.0)}",
        "Reward": "0.8511207587660072",
        "VehiclesAx": "{(EgoVehicle↦3.843967914581299),(Vehicles2↦-3.8277489319443703),(Vehicles3↦-3.8183539360761642),(Vehicles4↦-3.8317643105983734),(Vehicles5↦-3.831760436296463)}",
        "VehiclesVx": "{(EgoVehicle↦24.417028427124023),(Vehicles2↦-4.3481239676475525),(Vehicles3↦-4.537118971347809),(Vehicles4↦-2.2779814898967743),(Vehicles5↦-4.158275723457336)}",
        "VehiclesY": "{(EgoVehicle↦8.000000238418579),(Vehicles2↦-4.0000001192092896),(Vehicles3↦-8.000000238418579),(Vehicles4↦0.0),(Vehicles5↦-8.000000238418579)}",
        "VehiclesVy": "{(EgoVehicle↦0.0),(Vehicles2↦0.0),(Vehicles3↦0.0),(Vehicles4↦0.0),(Vehicles5↦0.0)}",
        "VehiclesX": "{(EgoVehicle↦200.0),(Vehicles2↦24.394746124744415),(Vehicles3↦35.74822247028351),(Vehicles4↦47.11361527442932),(Vehicles5↦100.9345531463623)}"
      },
      "probabilisticVariables": null,
      "activating": [
        "SLOWER_49"
      ],
      "activatingOnlyWhenExecuted": true,
      "updating": null,
      "withPredicate": null
    },
    {
      "id": "SLOWER_49",
      "execute": "SLOWER",
      "after": "1000",
      "priority": 0,
      "additionalGuards": null,
      "activationKind": null,
      "fixedVariables": {
        "Crash": "FALSE",
        "VehiclesAy": "{(EgoVehicle↦0.0),(Vehicles2↦0.0),(Vehicles3↦0.0),(Vehicles4↦0.0),(Vehicles5↦0.0)}",
        "Reward": "0.7488444346248788",
        "VehiclesAx": "{(EgoVehicle↦-3.8353610038757324),(Vehicles2↦3.8470011949539185),(Vehicles3↦3.861270695924759),(Vehicles4↦3.8472330570220947),(Vehicles5↦3.896209988743067)}",
        "VehiclesVx": "{(EgoVehicle↦20.58166742324829),(Vehicles2↦-0.501122772693634),(Vehicles3↦-0.6758482754230499),(Vehicles4↦1.5692515671253204),(Vehicles5↦-0.26206573471426964)}",
        "VehiclesY": "{(EgoVehicle↦8.000000238418579),(Vehicles2↦-4.0000001192092896),(Vehicles3↦-8.000000238418579),(Vehicles4↦0.0),(Vehicles5↦-8.000000238418579)}",
        "VehiclesVy": "{(EgoVehicle↦0.0),(Vehicles2↦0.0),(Vehicles3↦0.0),(Vehicles4↦0.0),(Vehicles5↦0.0)}",
        "VehiclesX": "{(EgoVehicle↦200.0),(Vehicles2↦22.167660295963287),(Vehicles3↦33.33693444728851),(Vehicles4↦46.95621728897095),(Vehicles5↦98.91101121902466)}"
      },
      "probabilisticVariables": null,
      "activating": [
        "FASTER_50"
      ],
      "activatingOnlyWhenExecuted": true,
      "updating": null,
      "withPredicate": null
    },
    {
      "id": "FASTER_50",
      "execute": "FASTER",
      "after": "1000",
      "priority": 0,
      "additionalGuards": null,
      "activationKind": null,
      "fixedVariables": {
        "Crash": "FALSE",
        "VehiclesAy": "{(EgoVehicle↦0.0),(Vehicles2↦0.0),(Vehicles3↦0.0),(Vehicles4↦0.0),(Vehicles5↦0.0)}",
        "Reward": "0.8511509817887358",
        "VehiclesAx": "{(EgoVehicle↦3.836493492126465),(Vehicles2↦-3.8317620754241943),(Vehicles3↦-3.804025501012802),(Vehicles4↦-3.824942857027054),(Vehicles5↦-3.735854420810938)}",
        "VehiclesVx": "{(EgoVehicle↦24.418160915374756),(Vehicles2↦-4.332884848117828),(Vehicles3↦-4.479873776435852),(Vehicles4↦-2.2556912899017334),(Vehicles5↦-3.9979201555252075)}",
        "VehiclesY": "{(EgoVehicle↦8.000000238418579),(Vehicles2↦-4.0000001192092896),(Vehicles3↦-8.000000238418579),(Vehicles4↦0.0),(Vehicles5↦-8.000000238418579)}",
        "VehiclesVy": "{(EgoVehicle↦0.0),(Vehicles2↦0.0),(Vehicles3↦0.0),(Vehicles4↦0.0),(Vehicles5↦0.0)}",
        "VehiclesX": "{(EgoVehicle↦200.0),(Vehicles2↦19.55249011516571),(Vehicles3↦30.557027459144592),(Vehicles4↦46.41367793083191),(Vehicles5↦96.57139778137207)}"
      },
      "probabilisticVariables": null,
      "activating": [
        "SLOWER_51"
      ],
      "activatingOnlyWhenExecuted": true,
      "updating": null,
      "withPredicate": null
    },
    {
      "id": "SLOWER_51",
      "execute": "SLOWER",
      "after": "1000",
      "priority": 0,
      "additionalGuards": null,
      "activationKind": null,
      "fixedVariables": {
        "Crash": "FALSE",
        "VehiclesAy": "{(EgoVehicle↦0.0),(Vehicles2↦0.0),(Vehicles3↦0.0),(Vehicles4↦0.0),(Vehicles5↦0.0)}",
        "Reward": "0.748848414611411",
        "VehiclesAx": "{(EgoVehicle↦-3.836345672607422),(Vehicles2↦3.8360927999019623),(Vehicles3↦3.875674530863762),(Vehicles4↦3.8475944101810455),(Vehicles5↦3.941945545375347)}",
        "VehiclesVx": "{(EgoVehicle↦20.581815242767334),(Vehicles2↦-0.4967920482158661),(Vehicles3↦-0.6041992455720901),(Vehicles4↦1.5919031202793121),(Vehicles5↦-0.05597461014986038)}",
        "VehiclesY": "{(EgoVehicle↦8.000000238418579),(Vehicles2↦-4.0000001192092896),(Vehicles3↦-8.000000238418579),(Vehicles4↦0.0),(Vehicles5↦-8.000000238418579)}",
        "VehiclesVy": "{(EgoVehicle↦0.0),(Vehicles2↦0.0),(Vehicles3↦0.0),(Vehicles4↦0.0),(Vehicles5↦0.0)}",
        "VehiclesX": "{(EgoVehicle↦200.0),(Vehicles2↦17.33616143465042),(Vehicles3↦28.20877730846405),(Vehicles4↦46.27886414527893),(Vehicles5↦94.73243355751038)}"
      },
      "probabilisticVariables": null,
      "activating": [
        "FASTER_52"
      ],
      "activatingOnlyWhenExecuted": true,
      "updating": null,
      "withPredicate": null
    },
    {
      "id": "FASTER_52",
      "execute": "FASTER",
      "after": "1000",
      "priority": 0,
      "additionalGuards": null,
      "activationKind": null,
      "fixedVariables": {
        "Crash": "FALSE",
        "VehiclesAy": "{(EgoVehicle↦0.0),(Vehicles2↦0.0),(Vehicles3↦0.0),(Vehicles4↦0.0),(Vehicles5↦0.0)}",
        "Reward": "0.8511515059021887",
        "VehiclesAx": "{(EgoVehicle↦3.836367130279541),(Vehicles2↦-3.839399367570877),(Vehicles3↦-3.7926607578992844),(Vehicles4↦-3.8254089653491974),(Vehicles5↦-3.7396205589175224)}",
        "VehiclesVx": "{(EgoVehicle↦24.418182373046875),(Vehicles2↦-4.336191415786743),(Vehicles3↦-4.3968600034713745),(Vehicles4↦-2.2335058450698853),(Vehicles5↦-3.795595169067383)}",
        "VehiclesY": "{(EgoVehicle↦8.000000238418579),(Vehicles2↦-4.0000001192092896),(Vehicles3↦-8.000000238418579),(Vehicles4↦0.0),(Vehicles5↦-8.000000238418579)}",
        "VehiclesVy": "{(EgoVehicle↦0.0),(Vehicles2↦0.0),(Vehicles3↦0.0),(Vehicles4↦0.0),(Vehicles5↦0.0)}",
        "VehiclesX": "{(EgoVehicle↦200.0),(Vehicles2↦14.721940457820892),(Vehicles3↦25.50545334815979),(Vehicles4↦45.75880765914917),(Vehicles5↦92.59974360466003)}"
      },
      "probabilisticVariables": null,
      "activating": [
        "SLOWER_53"
      ],
      "activatingOnlyWhenExecuted": true,
      "updating": null,
      "withPredicate": null
    },
    {
      "id": "SLOWER_53",
      "execute": "SLOWER",
      "after": "1000",
      "priority": 0,
      "additionalGuards": null,
      "activationKind": null,
      "fixedVariables": {
        "Crash": "FALSE",
        "VehiclesAy": "{(EgoVehicle↦0.0),(Vehicles2↦0.0),(Vehicles3↦0.0),(Vehicles4↦0.0),(Vehicles5↦0.0)}",
        "Reward": "0.7488484836304665",
        "VehiclesAx": "{(EgoVehicle↦-3.83636474609375),(Vehicles2↦3.8320978358387947),(Vehicles3↦3.8819239288568497),(Vehicles4↦3.847041577100754),(Vehicles5↦3.9204079285264015)}",
        "VehiclesVx": "{(EgoVehicle↦20.581817626953125),(Vehicles2↦-0.5040935799479485),(Vehicles3↦-0.5149360746145248),(Vehicles4↦1.6135357320308685),(Vehicles5↦0.12481275945901871)}",
        "VehiclesY": "{(EgoVehicle↦8.000000238418579),(Vehicles2↦-4.0000001192092896),(Vehicles3↦-8.000000238418579),(Vehicles4↦0.0),(Vehicles5↦-8.000000238418579)}",
        "VehiclesVy": "{(EgoVehicle↦0.0),(Vehicles2↦0.0),(Vehicles3↦0.0),(Vehicles4↦0.0),(Vehicles5↦0.0)}",
        "VehiclesX": "{(EgoVehicle↦200.0),(Vehicles2↦12.50046044588089),(Vehicles3↦23.243117332458496),(Vehicles4↦45.64596116542816),(Vehicles5↦90.95516800880432)}"
      },
      "probabilisticVariables": null,
      "activating": [
        "FASTER_54"
      ],
      "activatingOnlyWhenExecuted": true,
      "updating": null,
      "withPredicate": null
    },
    {
      "id": "FASTER_54",
      "execute": "FASTER",
      "after": "1000",
      "priority": 0,
      "additionalGuards": null,
      "activationKind": null,
      "fixedVariables": {
        "Crash": "FALSE",
        "VehiclesAy": "{(EgoVehicle↦0.0),(Vehicles2↦0.0),(Vehicles3↦0.0),(Vehicles4↦0.0),(Vehicles5↦0.0)}",
        "Reward": "0.8511515149911176",
        "VehiclesAx": "{(EgoVehicle↦3.83636474609375),(Vehicles2↦-3.840954788029194),(Vehicles3↦-3.790758028626442),(Vehicles4↦-3.825952857732773),(Vehicles5↦-3.764660693705082)}",
        "VehiclesVx": "{(EgoVehicle↦24.418182373046875),(Vehicles2↦-4.345048367977142),(Vehicles3↦-4.305694103240967),(Vehicles4↦-2.2124171257019043),(Vehicles5↦-3.6398479342460632)}",
        "VehiclesY": "{(EgoVehicle↦8.000000238418579),(Vehicles2↦-4.0000001192092896),(Vehicles3↦-8.000000238418579),(Vehicles4↦0.0),(Vehicles5↦-8.000000238418579)}",
        "VehiclesVy": "{(EgoVehicle↦0.0),(Vehicles2↦0.0),(Vehicles3↦0.0),(Vehicles4↦0.0),(Vehicles5↦0.0)}",
        "VehiclesX": "{(EgoVehicle↦200.0),(Vehicles2↦9.878169745206833),(Vehicles3↦20.630109310150146),(Vehicles4↦45.14731764793396),(Vehicles5↦88.99322152137756)}"
      },
      "probabilisticVariables": null,
      "activating": [
        "IDLE_55"
      ],
      "activatingOnlyWhenExecuted": true,
      "updating": null,
      "withPredicate": null
    },
    {
      "id": "IDLE_55",
      "execute": "IDLE",
      "after": "1000",
      "priority": 0,
      "additionalGuards": null,
      "activationKind": null,
      "fixedVariables": {
        "Crash": "FALSE",
        "VehiclesAy": "{(EgoVehicle↦0.0),(Vehicles2↦0.0),(Vehicles3↦0.0),(Vehicles4↦0.0),(Vehicles5↦0.0)}",
        "Reward": "0.8646235191209154",
        "VehiclesAx": "{(EgoVehicle↦0.5051994323730469),(Vehicles2↦-0.5096450448036194),(Vehicles3↦-0.46063870191574097),(Vehicles4↦-0.4950454831123352),(Vehicles5↦-0.44406265020370483)}",
        "VehiclesVx": "{(EgoVehicle↦24.923381805419922),(Vehicles2↦-4.854693412780762),(Vehicles3↦-4.766332805156708),(Vehicles4↦-2.7074626088142395),(Vehicles5↦-4.083910584449768)}",
        "VehiclesY": "{(EgoVehicle↦8.000000238418579),(Vehicles2↦-4.0000001192092896),(Vehicles3↦-8.000000238418579),(Vehicles4↦0.0),(Vehicles5↦-8.000000238418579)}",
        "VehiclesVy": "{(EgoVehicle↦0.0),(Vehicles2↦0.0),(Vehicles3↦0.0),(Vehicles4↦0.0),(Vehicles5↦0.0)}",
        "VehiclesX": "{(EgoVehicle↦200.0),(Vehicles2↦5.252622067928314),(Vehicles3↦16.06365293264389),(Vehicles4↦42.6602840423584),(Vehicles5↦85.09989380836487)}"
      },
      "probabilisticVariables": null,
      "activating": [
        "IDLE_56"
      ],
      "activatingOnlyWhenExecuted": true,
      "updating": null,
      "withPredicate": null
    },
    {
      "id": "IDLE_56",
      "execute": "IDLE",
      "after": "1000",
      "priority": 0,
      "additionalGuards": null,
      "activationKind": null,
      "fixedVariables": {
        "Crash": "FALSE",
        "VehiclesAy": "{(EgoVehicle↦0.0),(Vehicles2↦0.0),(Vehicles3↦0.0),(Vehicles4↦0.0),(Vehicles5↦0.0)}",
        "Reward": "0.8663976101997365",
        "VehiclesAx": "{(EgoVehicle↦0.0665283203125),(Vehicles2↦-0.07060766220092773),(Vehicles3↦-0.02357184886932373),(Vehicles4↦-0.05661964416503906),(Vehicles5↦-0.013981163501739502)}",
        "VehiclesVx": "{(EgoVehicle↦24.989910125732422),(Vehicles2↦-4.9253010749816895),(Vehicles3↦-4.7899046540260315),(Vehicles4↦-2.7640822529792786),(Vehicles5↦-4.097891747951508)}",
        "VehiclesY": "{(EgoVehicle↦8.000000238418579),(Vehicles2↦-4.0000001192092896),(Vehicles3↦-8.000000238418579),(Vehicles4↦0.0),(Vehicles5↦-8.000000238418579)}",
        "VehiclesVy": "{(EgoVehicle↦0.0),(Vehicles2↦0.0),(Vehicles3↦0.0),(Vehicles4↦0.0),(Vehicles5↦0.0)}",
        "VehiclesX": "{(EgoVehicle↦200.0),(Vehicles2↦0.3595619695261121),(Vehicles3↦11.277943104505539),(Vehicles4↦39.920103549957275),(Vehicles5↦81.00091814994812)}"
      },
      "probabilisticVariables": null,
      "activating": [
        "SLOWER_57"
      ],
      "activatingOnlyWhenExecuted": true,
      "updating": null,
      "withPredicate": null
    },
    {
      "id": "SLOWER_57",
      "execute": "SLOWER",
      "after": "1000",
      "priority": 0,
      "additionalGuards": null,
      "activationKind": null,
      "fixedVariables": {
        "Crash": "FALSE",
        "VehiclesAy": "{(EgoVehicle↦0.0),(Vehicles2↦0.0),(Vehicles3↦0.0),(Vehicles4↦0.0),(Vehicles5↦0.0)}",
        "Reward": "0.7508562010688268",
        "VehiclesAx": "{(EgoVehicle↦-4.3328022956848145),(Vehicles2↦4.32917483150959),(Vehicles3↦4.373925551772118),(Vehicles4↦4.341887682676315),(Vehicles5↦4.378485735505819)}",
        "VehiclesVx": "{(EgoVehicle↦20.657107830047607),(Vehicles2↦-0.5961262434720993),(Vehicles3↦-0.4159791022539139),(Vehicles4↦1.5778054296970367),(Vehicles5↦0.28059398755431175)}",
        "VehiclesY": "{(EgoVehicle↦8.000000238418579),(Vehicles2↦-4.0000001192092896),(Vehicles3↦-8.000000238418579),(Vehicles4↦0.0),(Vehicles5↦-8.000000238418579)}",
        "VehiclesVy": "{(EgoVehicle↦0.0),(Vehicles2↦0.0),(Vehicles3↦0.0),(Vehicles4↦0.0),(Vehicles5↦0.0)}",
        "VehiclesX": "{(EgoVehicle↦200.0),(Vehicles2↦-2.1769987419247627),(Vehicles3↦8.894866704940796),(Vehicles4↦39.55007195472717),(Vehicles5↦79.31201457977295)}"
      },
      "probabilisticVariables": null,
      "activating": [
        "IDLE_58"
      ],
      "activatingOnlyWhenExecuted": true,
      "updating": null,
      "withPredicate": null
    },
    {
      "id": "IDLE_58",
      "execute": "IDLE",
      "after": "1000",
      "priority": 0,
      "additionalGuards": null,
      "activationKind": null,
      "fixedVariables": {
        "Crash": "FALSE",
        "VehiclesAy": "{(EgoVehicle↦0.0),(Vehicles2↦0.0),(Vehicles3↦0.0),(Vehicles4↦0.0),(Vehicles5↦0.0)}",
        "Reward": "0.7356408714713408",
        "VehiclesAx": "{(EgoVehicle↦-0.5705761909484863),(Vehicles2↦0.5674670008011162),(Vehicles3↦0.609818771481514),(Vehicles4↦0.57596355676651),(Vehicles5↦0.6107634492218494)}",
        "VehiclesVx": "{(EgoVehicle↦20.08653163909912),(Vehicles2↦-0.028659242670983076),(Vehicles3↦0.1938396692276001),(Vehicles4↦2.1537689864635468),(Vehicles5↦0.8913574367761612)}",
        "VehiclesY": "{(EgoVehicle↦8.000000238418579),(Vehicles2↦-4.0000001192092896),(Vehicles3↦-8.000000238418579),(Vehicles4↦0.0),(Vehicles5↦-8.000000238418579)}",
        "VehiclesVy": "{(EgoVehicle↦0.0),(Vehicles2↦0.0),(Vehicles3↦0.0),(Vehicles4↦0.0),(Vehicles5↦0.0)}",
        "VehiclesX": "{(EgoVehicle↦200.0),(Vehicles2↦-2.4596557021141052),(Vehicles3↦8.809497207403183),(Vehicles4↦41.445133090019226),(Vehicles5↦79.92384433746338)}"
      },
      "probabilisticVariables": null,
      "activating": [
        "IDLE_59"
      ],
      "activatingOnlyWhenExecuted": true,
      "updating": null,
      "withPredicate": null
    },
    {
      "id": "IDLE_59",
      "execute": "IDLE",
      "after": "1000",
      "priority": 0,
      "additionalGuards": null,
      "activationKind": null,
      "fixedVariables": {
        "Crash": "FALSE",
        "VehiclesAy": "{(EgoVehicle↦0.0),(Vehicles2↦0.0),(Vehicles3↦0.0),(Vehicles4↦0.0),(Vehicles5↦0.0)}",
        "Reward": "0.7336372066683795",
        "VehiclesAx": "{(EgoVehicle↦-0.0751352310180664),(Vehicles2↦0.07280712248757482),(Vehicles3↦0.11255083605647087),(Vehicles4↦0.07683932781219482),(Vehicles5↦0.11087417602539062)}",
        "VehiclesVx": "{(EgoVehicle↦20.011396408081055),(Vehicles2↦0.04414787981659174),(Vehicles3↦0.30639050528407097),(Vehicles4↦2.2306083142757416),(Vehicles5↦1.0022316128015518)}",
        "VehiclesY": "{(EgoVehicle↦8.000000238418579),(Vehicles2↦-4.0000001192092896),(Vehicles3↦-8.000000238418579),(Vehicles4↦0.0),(Vehicles5↦-8.000000238418579)}",
        "VehiclesVy": "{(EgoVehicle↦0.0),(Vehicles2↦0.0),(Vehicles3↦0.0),(Vehicles4↦0.0),(Vehicles5↦0.0)}",
        "VehiclesX": "{(EgoVehicle↦200.0),(Vehicles2↦-2.4478700011968613),(Vehicles3↦9.05989557504654),(Vehicles4↦43.64127516746521),(Vehicles5↦80.87126612663269)}"
      },
      "probabilisticVariables": null,
      "activating": [
        "IDLE_60"
      ],
      "activatingOnlyWhenExecuted": true,
      "updating": null,
      "withPredicate": null
    },
    {
      "id": "IDLE_60",
      "execute": "IDLE",
      "after": "1000",
      "priority": 0,
      "additionalGuards": null,
      "activationKind": null,
      "fixedVariables": {
        "Crash": "FALSE",
        "VehiclesAy": "{(EgoVehicle↦0.0),(Vehicles2↦0.0),(Vehicles3↦0.0),(Vehicles4↦0.0),(Vehicles5↦0.0)}",
        "Reward": "0.7333733495749856",
        "VehiclesAx": "{(EgoVehicle↦-0.00989675521850586),(Vehicles2↦0.008554565720260143),(Vehicles3↦0.04556523635983467),(Vehicles4↦0.009250044822692871),(Vehicles5↦-0.9650469617918134)}",
        "VehiclesVx": "{(EgoVehicle↦20.00149965286255),(Vehicles2↦0.05270244553685188),(Vehicles3↦0.35195574164390564),(Vehicles4↦2.2398583590984344),(Vehicles5↦0.037184651009738445)}",
        "VehiclesY": "{(EgoVehicle↦8.000000238418579),(Vehicles2↦-4.0000001192092896),(Vehicles3↦-8.000000238418579),(Vehicles4↦0.0),(Vehicles5↦-4.0000001192092896)}",
        "VehiclesVy": "{(EgoVehicle↦0.0),(Vehicles2↦0.0),(Vehicles3↦0.0),(Vehicles4↦0.0),(Vehicles5↦0.0)}",
        "VehiclesX": "{(EgoVehicle↦200.0),(Vehicles2↦-2.398882992565632),(Vehicles3↦9.386148303747177),(Vehicles4↦45.8772212266922),(Vehicles5↦81.44346475601196)}"
      },
      "probabilisticVariables": null,
      "activating": [
        "FASTER_61"
      ],
      "activatingOnlyWhenExecuted": true,
      "updating": null,
      "withPredicate": null
    },
    {
      "id": "FASTER_61",
      "execute": "FASTER",
      "after": "1000",
      "priority": 0,
      "additionalGuards": null,
      "activationKind": null,
      "fixedVariables": {
        "Crash": "FALSE",
        "VehiclesAy": "{(EgoVehicle↦0.0),(Vehicles2↦0.0),(Vehicles3↦0.0),(Vehicles4↦0.0),(Vehicles5↦0.0)}",
        "Reward": "0.8491136372554164",
        "VehiclesAx": "{(EgoVehicle↦4.340262413024902),(Vehicles2↦-4.340560156852007),(Vehicles3↦-4.306233376264572),(Vehicles4↦-4.342117756605148),(Vehicles5↦-4.32892560493201)}",
        "VehiclesVx": "{(EgoVehicle↦24.34176206588745),(Vehicles2↦-4.287857711315155),(Vehicles3↦-3.9542776346206665),(Vehicles4↦-2.102259397506714),(Vehicles5↦-4.291740953922272)}",
        "VehiclesY": "{(EgoVehicle↦8.000000238418579),(Vehicles2↦-4.0000001192092896),(Vehicles3↦-8.000000238418579),(Vehicles4↦0.0),(Vehicles5↦-4.0000001192092896)}",
        "VehiclesVy": "{(EgoVehicle↦0.0),(Vehicles2↦0.0),(Vehicles3↦0.0),(Vehicles4↦0.0),(Vehicles5↦0.0)}",
        "VehiclesX": "{(EgoVehicle↦200.0),(Vehicles2↦-4.740725085139275),(Vehicles3↦7.357499748468399),(Vehicles4↦45.722055435180664),(Vehicles5↦79.09047603607178)}"
      },
      "probabilisticVariables": null,
      "activating": null,
      "activatingOnlyWhenExecuted": true,
      "updating": null,
      "withPredicate": null
    }
  ],
  "listeners": [],
  "metadata": {
    "fileType": "Timed_Trace",
    "formatVersion": 3,
    "savedAt": "2023-08-21T13:23:13.656315Z",
    "creator": "Simulation: HYPOTHESIS_TEST; SIGNIFICANCE : 0.05, PROBABILITY : 0.95, MAX_STEPS_BEFORE_PROPERTY : 0, EXECUTIONS : 1000, PREDICATE : Crash = FALSE, ENDING_TIME : 60000, HYPOTHESIS_CHECKING_TYPE : LEFT_TAILED, CHECKING_TYPE : PREDICATE_INVARIANT",
    "proB2KernelVersion": "4.12.2",
    "proBCliVersion": "1.12.2-final",
    "modelName": "HighwayEnvironment2"
  }
}