{
  "variables": {},
  "activations": [
    {
      "id": "$setup_constants",
      "execute": "$setup_constants",
      "after": "0",
      "priority": 0,
      "additionalGuards": null,
      "activationKind": null,
      "fixedVariables": null,
      "probabilisticVariables": null,
      "activating": null,
      "activatingOnlyWhenExecuted": true,
      "updating": null,
      "withPredicate": null
    },
    {
      "id": "$initialise_machine",
      "execute": "$initialise_machine",
      "after": "0",
      "priority": 0,
      "additionalGuards": null,
      "activationKind": null,
      "fixedVariables": {
        "Crash": "FALSE",
        "VehiclesAy": "{(EgoVehicle↦0.0),(Vehicles2↦0.0),(Vehicles3↦0.0),(Vehicles4↦0.0),(Vehicles5↦0.0)}",
        "Reward": "0.0",
        "VehiclesAx": "{(EgoVehicle↦0.0),(Vehicles2↦0.0),(Vehicles3↦0.0),(Vehicles4↦0.0),(Vehicles5↦0.0)}",
        "VehiclesVx": "{(EgoVehicle↦25.0),(Vehicles2↦-3.7222304940223694),(Vehicles3↦-1.135767325758934),(Vehicles4↦-3.2601305842399597),(Vehicles5↦-1.1093243211507797)}",
        "VehiclesY": "{(EgoVehicle↦4.0000001192092896),(Vehicles2↦0.0),(Vehicles3↦-4.0000001192092896),(Vehicles4↦0.0),(Vehicles5↦-4.0000001192092896)}",
        "VehiclesVy": "{(EgoVehicle↦0.0),(Vehicles2↦0.0),(Vehicles3↦0.0),(Vehicles4↦0.0),(Vehicles5↦0.0)}",
        "VehiclesX": "{(EgoVehicle↦152.3815393447876),(Vehicles2↦24.579647183418274),(Vehicles3↦50.097620487213135),(Vehicles4↦73.88858199119568),(Vehicles5↦99.61772561073303)}"
      },
      "probabilisticVariables": null,
      "activating": [
        "LANE_RIGHT_2"
      ],
      "activatingOnlyWhenExecuted": true,
      "updating": null,
      "withPredicate": null
    },
    {
      "id": "LANE_RIGHT_2",
      "execute": "LANE_RIGHT",
      "after": "1000",
      "priority": 0,
      "additionalGuards": null,
      "activationKind": null,
      "fixedVariables": {
        "Crash": "FALSE",
        "VehiclesAy": "{(EgoVehicle↦1.0796338319778442),(Vehicles2↦-1.0796338319778442),(Vehicles3↦-1.0796338319778442),(Vehicles4↦-1.0796338319778442),(Vehicles5↦-1.0796338319778442)}",
        "Reward": "0.8660447183419508",
        "VehiclesAx": "{(EgoVehicle↦-0.023322105407714844),(Vehicles2↦-1.550157368183136),(Vehicles3↦-1.8037176877260208),(Vehicles4↦-1.7417797446250916),(Vehicles5↦-0.42180441319942474)}",
        "VehiclesVx": "{(EgoVehicle↦24.976677894592285),(Vehicles2↦-5.272387862205505),(Vehicles3↦-2.939485013484955),(Vehicles4↦-5.001910328865051),(Vehicles5↦-1.5311287343502045)}",
        "VehiclesY": "{(EgoVehicle↦7.6599647998809814),(Vehicles2↦-3.6599650382995605),(Vehicles3↦-7.6599647998809814),(Vehicles4↦-3.6599650382995605),(Vehicles5↦-7.6599647998809814)}",
        "VehiclesVy": "{(EgoVehicle↦1.0796338319778442),(Vehicles2↦-1.0796338319778442),(Vehicles3↦-1.0796338319778442),(Vehicles4↦-1.0796338319778442),(Vehicles5↦-1.0796338319778442)}",
        "VehiclesX": "{(EgoVehicle↦177.06178426742554),(Vehicles2↦20.464636385440826),(Vehicles3↦48.42002093791962),(Vehicles4↦70.27369141578674),(Vehicles5↦98.62921237945557)}"
      },
      "probabilisticVariables": null,
      "activating": [
        "FASTER_3"
      ],
      "activatingOnlyWhenExecuted": true,
      "updating": null,
      "withPredicate": null
    },
    {
      "id": "FASTER_3",
      "execute": "FASTER",
      "after": "1000",
      "priority": 0,
      "additionalGuards": null,
      "activationKind": null,
      "fixedVariables": {
        "Crash": "FALSE",
        "VehiclesAy": "{(EgoVehicle↦-1.0525126825086772),(Vehicles2↦1.0525126825086772),(Vehicles3↦1.0525126825086772),(Vehicles4↦1.0525126825086772),(Vehicles5↦-1.1067549814470112)}",
        "Reward": "0.9824413667099782",
        "VehiclesAx": "{(EgoVehicle↦4.364874362945557),(Vehicles2↦-5.3315430879592896),(Vehicles3↦-5.136878192424774),(Vehicles4↦-6.240256428718567),(Vehicles5↦-4.619166404008865)}",
        "VehiclesVx": "{(EgoVehicle↦29.341552257537842),(Vehicles2↦-10.603930950164795),(Vehicles3↦-8.076363205909729),(Vehicles4↦-11.242166757583618),(Vehicles5↦-6.15029513835907)}",
        "VehiclesY": "{(EgoVehicle↦7.993496417999268),(Vehicles2↦-3.993496298789978),(Vehicles3↦-7.993496417999268),(Vehicles4↦-3.993496298789978),(Vehicles5↦-7.993496417999268)}",
        "VehiclesVy": "{(EgoVehicle↦0.027121149469166994),(Vehicles2↦-0.027121149469166994),(Vehicles3↦-0.027121149469166994),(Vehicles4↦-0.027121149469166994),(Vehicles5↦-0.027121149469166994)}",
        "VehiclesX": "{(EgoVehicle↦200.0),(Vehicles2↦12.366476655006409),(Vehicles3↦42.706140875816345),(Vehicles4↦62.07388639450073),(Vehicles5↦94.57105994224548)}"
      },
      "probabilisticVariables": null,
      "activating": [
        "SLOWER_4"
      ],
      "activatingOnlyWhenExecuted": true,
      "updating": null,
      "withPredicate": null
    },
    {
      "id": "SLOWER_4",
      "execute": "SLOWER",
      "after": "1000",
      "priority": 0,
      "additionalGuards": null,
      "activationKind": null,
      "fixedVariables": {
        "Crash": "FALSE",
        "VehiclesAy": "{(EgoVehicle↦-0.02685490007934277),(Vehicles2↦0.02685490007934277),(Vehicles3↦0.02685490007934277),(Vehicles4↦0.02685490007934277),(Vehicles5↦-0.02738739885899122)}",
        "Reward": "0.8819127616807075",
        "VehiclesAx": "{(EgoVehicle↦-3.769824504852295),(Vehicles2↦3.0641955137252808),(Vehicles3↦3.4455353021621704),(Vehicles4↦2.8900301456451416),(Vehicles5↦3.603163957595825)}",
        "VehiclesVx": "{(EgoVehicle↦25.571727752685547),(Vehicles2↦-7.539735436439514),(Vehicles3↦-4.630827903747559),(Vehicles4↦-8.352136611938477),(Vehicles5↦-2.5471311807632446)}",
        "VehiclesY": "{(EgoVehicle↦7.999930143356323),(Vehicles2↦-3.9999300241470337),(Vehicles3↦-7.999930143356323),(Vehicles4↦-3.9999300241470337),(Vehicles5↦-7.999930143356323)}",
        "VehiclesVy": "{(EgoVehicle↦0.00026624938982422464),(Vehicles2↦-0.00026624938982422464),(Vehicles3↦-0.00026624938982422464),(Vehicles4↦-0.00026624938982422464),(Vehicles5↦-0.00026624938982422464)}",
        "VehiclesX": "{(EgoVehicle↦200.0),(Vehicles2↦3.5392586141824722),(Vehicles3↦36.55591607093811),(Vehicles4↦52.48751640319824),(Vehicles5↦90.42906165122986)}"
      },
      "probabilisticVariables": null,
      "activating": [
        "IDLE_5"
      ],
      "activatingOnlyWhenExecuted": true,
      "updating": null,
      "withPredicate": null
    },
    {
      "id": "IDLE_5",
      "execute": "IDLE",
      "after": "1000",
      "priority": 0,
      "additionalGuards": null,
      "activationKind": null,
      "fixedVariables": {
        "Crash": "FALSE",
        "VehiclesAy": "{(EgoVehicle↦-0.00026079883525653713),(Vehicles2↦0.00026079883525653713),(Vehicles3↦0.00026079883525653713),(Vehicles4↦0.00026079883525653713),(Vehicles5↦-0.007018667511147214)}",
        "Reward": "0.868674382887359",
        "VehiclesAx": "{(EgoVehicle↦-0.49643754959106445),(Vehicles2↦0.030370354652404785),(Vehicles3↦0.38769543170928955),(Vehicles4↦0.23278594017028809),(Vehicles5↦-5.12513279914856)}",
        "VehiclesVx": "{(EgoVehicle↦25.075290203094482),(Vehicles2↦-7.509365081787109),(Vehicles3↦-4.243132472038269),(Vehicles4↦-8.119350671768188),(Vehicles5↦-7.672263979911804)}",
        "VehiclesY": "{(EgoVehicle↦7.999998092651367),(Vehicles2↦-3.9999983310699463),(Vehicles3↦-7.999998092651367),(Vehicles4↦-3.9999983310699463),(Vehicles5↦-3.9975650310516357)}",
        "VehiclesVy": "{(EgoVehicle↦5.4505545676875045E-06),(Vehicles2↦-5.4505545676875045E-06),(Vehicles3↦-5.4505545676875045E-06),(Vehicles4↦-5.4505545676875045E-06),(Vehicles5↦-0.0067524181213229895)}",
        "VehiclesX": "{(EgoVehicle↦200.0),(Vehicles2↦-3.9302144199609756),(Vehicles3↦32.143598794937134),(Vehicles4↦44.27206516265869),(Vehicles5↦88.01828026771545)}"
      },
      "probabilisticVariables": null,
      "activating": [
        "SLOWER_6"
      ],
      "activatingOnlyWhenExecuted": true,
      "updating": null,
      "withPredicate": null
    },
    {
      "id": "SLOWER_6",
      "execute": "SLOWER",
      "after": "1000",
      "priority": 0,
      "additionalGuards": null,
      "activationKind": null,
      "fixedVariables": {
        "Crash": "FALSE",
        "VehiclesAy": "{(EgoVehicle↦-5.243021696799133E-06),(Vehicles2↦5.243021696799133E-06),(Vehicles3↦5.243021696799133E-06),(Vehicles4↦5.243021696799133E-06),(Vehicles5↦-0.007289067616511602)}",
        "Reward": "0.7511560229865405",
        "VehiclesAx": "{(EgoVehicle↦-4.406938552856445),(Vehicles2↦4.127146005630493),(Vehicles3↦4.4062489084899426),(Vehicles4↦4.421887397766113),(Vehicles5↦4.9474188685417175)}",
        "VehiclesVx": "{(EgoVehicle↦20.668351650238037),(Vehicles2↦-3.382219076156616),(Vehicles3↦0.1631164364516735),(Vehicles4↦-3.697463274002075),(Vehicles5↦-2.7248451113700867)}",
        "VehiclesY": "{(EgoVehicle↦8.000000238418579),(Vehicles2↦-3.999999761581421),(Vehicles3↦-8.000000238418579),(Vehicles4↦-3.999999761581421),(Vehicles5↦-3.9998080730438232)}",
        "VehiclesVy": "{(EgoVehicle↦2.075328708883717E-07),(Vehicles2↦-2.075328708883717E-07),(Vehicles3↦-2.075328708883717E-07),(Vehicles4↦-2.075328708883717E-07),(Vehicles5↦-0.0005366494951886125)}",
        "VehiclesX": "{(EgoVehicle↦200.0),(Vehicles2↦-9.133075177669525),(Vehicles3↦30.325376987457275),(Vehicles4↦38.575270771980286),(Vehicles5↦83.01095366477966)}"
      },
      "probabilisticVariables": null,
      "activating": [
        "FASTER_7"
      ],
      "activatingOnlyWhenExecuted": true,
      "updating": null,
      "withPredicate": null
    },
    {
      "id": "FASTER_7",
      "execute": "FASTER",
      "after": "1000",
      "priority": 0,
      "additionalGuards": null,
      "activationKind": null,
      "fixedVariables": {
        "Crash": "FALSE",
        "VehiclesAy": "{(EgoVehicle↦-1.9751404067847034E-07),(Vehicles2↦1.9751404956025453E-07),(Vehicles3↦1.9751404956025453E-07),(Vehicles4↦-4.050815295641996E-05),(Vehicles5↦-0.0005366595140099406)}",
        "Reward": "0.8514553884865679",
        "VehiclesAx": "{(EgoVehicle↦3.7612247467041016),(Vehicles2↦-0.16350388526916504),(Vehicles3↦-7.481518965214491),(Vehicles4↦-2.4181312322616577),(Vehicles5↦1.0451321303844452)}",
        "VehiclesVx": "{(EgoVehicle↦24.42957639694214),(Vehicles2↦-3.5457229614257812),(Vehicles3↦-7.318402528762817),(Vehicles4↦-6.115594506263733),(Vehicles5↦-1.6797129809856415)}",
        "VehiclesY": "{(EgoVehicle↦8.000000238418579),(Vehicles2↦-8.000000238418579),(Vehicles3↦-4.0000001192092896),(Vehicles4↦-3.999985456466675),(Vehicles5↦-8.000000238418579)}",
        "VehiclesVy": "{(EgoVehicle↦1.0018830209901353E-08),(Vehicles2↦-1.0018821328117156E-08),(Vehicles3↦-1.0018821328117156E-08),(Vehicles4↦-4.0715685827308334E-05),(Vehicles5↦-1.0018821328117156E-08)}",
        "VehiclesX": "{(EgoVehicle↦200.0),(Vehicles2↦28.4317284822464),(Vehicles3↦32.85273611545563),(Vehicles4↦78.36944460868835),(Vehicles5↦88.37746977806091)}"
      },
      "probabilisticVariables": null,
      "activating": [
        "SLOWER_8"
      ],
      "activatingOnlyWhenExecuted": true,
      "updating": null,
      "withPredicate": null
    },
    {
      "id": "SLOWER_8",
      "execute": "SLOWER",
      "after": "1000",
      "priority": 0,
      "additionalGuards": null,
      "activationKind": null,
      "fixedVariables": {
        "Crash": "FALSE",
        "VehiclesAy": "{(EgoVehicle↦-9.596803351996641E-09),(Vehicles2↦9.596785588428247E-09),(Vehicles3↦9.596785588428247E-09),(Vehicles4↦3.7727084531979926E-05),(Vehicles5↦-1.0440857067806064E-08)}",
        "Reward": "0.7488885010901378",
        "VehiclesAx": "{(EgoVehicle↦-3.846256732940674),(Vehicles2↦3.9222198724746704),(Vehicles3↦4.037161469459534),(Vehicles4↦4.120717793703079),(Vehicles5↦3.7878990173339844)}",
        "VehiclesVx": "{(EgoVehicle↦20.583319664001465),(Vehicles2↦0.37649691104888916),(Vehicles3↦-3.2812410593032837),(Vehicles4↦-1.9948767125606537),(Vehicles5↦2.108186036348343)}",
        "VehiclesY": "{(EgoVehicle↦8.000000238418579),(Vehicles2↦-8.000000238418579),(Vehicles3↦-4.0000001192092896),(Vehicles4↦-3.9999990463256836),(Vehicles5↦-8.000000238418579)}",
        "VehiclesVy": "{(EgoVehicle↦4.220268579047115E-10),(Vehicles2↦-4.220357396889085E-10),(Vehicles3↦-4.220357396889085E-10),(Vehicles4↦-2.988601295328408E-06),(Vehicles5↦-4.220357396889085E-10)}",
        "VehiclesX": "{(EgoVehicle↦200.0),(Vehicles2↦27.037110924720764),(Vehicles3↦27.73030996322632),(Vehicles4↦74.49111342430115),(Vehicles5↦88.79562616348267)}"
      },
      "probabilisticVariables": null,
      "activating": [
        "FASTER_9"
      ],
      "activatingOnlyWhenExecuted": true,
      "updating": null,
      "withPredicate": null
    },
    {
      "id": "FASTER_9",
      "execute": "FASTER",
      "after": "1000",
      "priority": 0,
      "additionalGuards": null,
      "activationKind": null,
      "fixedVariables": {
        "Crash": "FALSE",
        "VehiclesAy": "{(EgoVehicle↦-4.015987542516086E-10),(Vehicles2↦4.015987542516086E-10),(Vehicles3↦4.015987542516086E-10),(Vehicles4↦2.7747504027786363E-06),(Vehicles5↦-4.424727251262084E-10)}",
        "Reward": "0.8511567847800455",
        "VehiclesAx": "{(EgoVehicle↦3.8350605964660645),(Vehicles2↦-7.287763953208923),(Vehicles3↦-0.09379476308822632),(Vehicles4↦-3.615698367357254),(Vehicles5↦-3.887886554002762)}",
        "VehiclesVx": "{(EgoVehicle↦24.41838026046753),(Vehicles2↦-6.911267042160034),(Vehicles3↦-3.37503582239151),(Vehicles4↦-5.610575079917908),(Vehicles5↦-1.779700517654419)}",
        "VehiclesY": "{(EgoVehicle↦8.000000238418579),(Vehicles2↦-4.0000001192092896),(Vehicles3↦-8.000000238418579),(Vehicles4↦-3.999999761581421),(Vehicles5↦-8.000000238418579)}",
        "VehiclesVy": "{(EgoVehicle↦2.042810365310288E-11),(Vehicles2↦-2.043698543729988E-11),(Vehicles3↦-2.043698543729988E-11),(Vehicles4↦-2.1385089254977174E-07),(Vehicles5↦-2.043698543729988E-11)}",
        "VehiclesX": "{(EgoVehicle↦200.0),(Vehicles2↦22.415192425251007),(Vehicles3↦25.33119022846222),(Vehicles4↦70.47169804573059),(Vehicles5↦88.76674175262451)}"
      },
      "probabilisticVariables": null,
      "activating": [
        "FASTER_10"
      ],
      "activatingOnlyWhenExecuted": true,
      "updating": null,
      "withPredicate": null
    },
    {
      "id": "FASTER_10",
      "execute": "FASTER",
      "after": "1000",
      "priority": 0,
      "additionalGuards": null,
      "activationKind": null,
      "fixedVariables": {
        "Crash": "FALSE",
        "VehiclesAy": "{(EgoVehicle↦-1.9966250874858815E-11),(Vehicles2↦1.9966250874858815E-11),(Vehicles3↦1.9966250874858815E-11),(Vehicles4↦1.9886841506888686E-07),(Vehicles5↦-2.0907719999740948E-11)}",
        "Reward": "0.9803992473784423",
        "VehiclesAx": "{(EgoVehicle↦4.846591949462891),(Vehicles2↦-4.644761085510254),(Vehicles3↦-4.76403146982193),(Vehicles4↦-4.66155469417572),(Vehicles5↦-4.896983504295349)}",
        "VehiclesVx": "{(EgoVehicle↦29.26497220993042),(Vehicles2↦-11.556028127670288),(Vehicles3↦-8.13906729221344),(Vehicles4↦-10.272129774093628),(Vehicles5↦-6.676684021949768)}",
        "VehiclesY": "{(EgoVehicle↦8.000000238418579),(Vehicles2↦-4.0000001192092896),(Vehicles3↦-8.000000238418579),(Vehicles4↦-4.0000001192092896),(Vehicles5↦-8.000000238418579)}",
        "VehiclesVy": "{(EgoVehicle↦4.618527782440651E-13),(Vehicles2↦-4.707345624410664E-13),(Vehicles3↦-4.707345624410664E-13),(Vehicles4↦-1.498247748088488E-08),(Vehicles5↦-4.707345624410664E-13)}",
        "VehiclesX": "{(EgoVehicle↦200.0),(Vehicles2↦12.911655008792877),(Vehicles3↦19.31580752134323),(Vehicles4↦62.26370930671692),(Vehicles5↦84.29311513900757)}"
      },
      "probabilisticVariables": null,
      "activating": [
        "SLOWER_11"
      ],
      "activatingOnlyWhenExecuted": true,
      "updating": null,
      "withPredicate": null
    },
    {
      "id": "SLOWER_11",
      "execute": "SLOWER",
      "after": "1000",
      "priority": 0,
      "additionalGuards": null,
      "activationKind": null,
      "fixedVariables": {
        "Crash": "FALSE",
        "VehiclesAy": "{(EgoVehicle↦-4.618527782440651E-13),(Vehicles2↦4.707345624410664E-13),(Vehicles3↦4.707345624410664E-13),(Vehicles4↦1.3951693134117704E-08),(Vehicles5↦-4.707345624410664E-13)}",
        "Reward": "0.8816437966369417",
        "VehiclesAx": "{(EgoVehicle↦-3.703329563140869),(Vehicles2↦3.894217014312744),(Vehicles3↦3.780543804168701),(Vehicles4↦3.8642406463623047),(Vehicles5↦3.6547958850860596)}",
        "VehiclesVx": "{(EgoVehicle↦25.56164264678955),(Vehicles2↦-7.661811113357544),(Vehicles3↦-4.358523488044739),(Vehicles4↦-6.407889127731323),(Vehicles5↦-3.0218881368637085)}",
        "VehiclesY": "{(EgoVehicle↦8.000000238418579),(Vehicles2↦-4.0000001192092896),(Vehicles3↦-8.000000238418579),(Vehicles4↦-4.0000001192092896),(Vehicles5↦-8.000000238418579)}",
        "VehiclesVy": "{(EgoVehicle↦0.0),(Vehicles2↦0.0),(Vehicles3↦0.0),(Vehicles4↦-1.0307843467671773E-09),(Vehicles5↦0.0)}",
        "VehiclesX": "{(EgoVehicle↦200.0),(Vehicles2↦3.4759987145662308),(Vehicles3↦13.251133263111115),(Vehicles4↦54.100608825683594),(Vehicles5↦79.6390175819397)}"
      },
      "probabilisticVariables": null,
      "activating": [
        "IDLE_12"
      ],
      "activatingOnlyWhenExecuted": true,
      "updating": null,
      "withPredicate": null
    },
    {
      "id": "IDLE_12",
      "execute": "IDLE",
      "after": "1000",
      "priority": 0,
      "additionalGuards": null,
      "activationKind": null,
      "fixedVariables": {
        "Crash": "FALSE",
        "VehiclesAy": "{(EgoVehicle↦0.0),(Vehicles2↦0.0),(Vehicles3↦0.0),(Vehicles4↦9.609912865471415E-10),(Vehicles5↦0.0)}",
        "Reward": "0.8686389636174848",
        "VehiclesAx": "{(EgoVehicle↦-0.48768043518066406),(Vehicles2↦0.6645268201828003),(Vehicles3↦0.554710328578949),(Vehicles4↦0.6278961896896362),(Vehicles5↦0.3585508465766907)}",
        "VehiclesVx": "{(EgoVehicle↦25.073962211608887),(Vehicles2↦-6.997284293174744),(Vehicles3↦-3.80381315946579),(Vehicles4↦-5.779992938041687),(Vehicles5↦-2.663337290287018)}",
        "VehiclesY": "{(EgoVehicle↦8.000000238418579),(Vehicles2↦-4.0000001192092896),(Vehicles3↦-8.000000238418579),(Vehicles4↦-4.0000001192092896),(Vehicles5↦-8.000000238418579)}",
        "VehiclesVy": "{(EgoVehicle↦0.0),(Vehicles2↦0.0),(Vehicles3↦0.0),(Vehicles4↦-6.979306022003584E-11),(Vehicles5↦0.0)}",
        "VehiclesX": "{(EgoVehicle↦200.0),(Vehicles2↦-3.84485125541687),(Vehicles3↦9.189825505018234),(Vehicles4↦48.01926612854004),(Vehicles5↦76.84211134910583)}"
      },
      "probabilisticVariables": null,
      "activating": [
        "SLOWER_13"
      ],
      "activatingOnlyWhenExecuted": true,
      "updating": null,
      "withPredicate": null
    },
    {
      "id": "SLOWER_13",
      "execute": "SLOWER",
      "after": "1000",
      "priority": 0,
      "additionalGuards": null,
      "activationKind": null,
      "fixedVariables": {
        "Crash": "FALSE",
        "VehiclesAy": "{(EgoVehicle↦0.0),(Vehicles2↦0.0),(Vehicles3↦0.0),(Vehicles4↦6.513012351661018E-11),(Vehicles5↦0.0)}",
        "Reward": "0.7511513587205467",
        "VehiclesAx": "{(EgoVehicle↦-4.405786991119385),(Vehicles2↦7.6467714458703995),(Vehicles3↦1.374741643667221),(Vehicles4↦4.539171755313873),(Vehicles5↦4.234685301780701)}",
        "VehiclesVx": "{(EgoVehicle↦20.668175220489502),(Vehicles2↦0.6494871526956558),(Vehicles3↦-2.4290715157985687),(Vehicles4↦-1.2408211827278137),(Vehicles5↦1.5713480114936829)}",
        "VehiclesY": "{(EgoVehicle↦8.000000238418579),(Vehicles2↦-8.000000238418579),(Vehicles3↦-4.0000001192092896),(Vehicles4↦-4.0000001192092896),(Vehicles5↦-8.000000238418579)}",
        "VehiclesVy": "{(EgoVehicle↦0.0),(Vehicles2↦0.0),(Vehicles3↦0.0),(Vehicles4↦-4.6629367034256575E-12),(Vehicles5↦0.0)}",
        "VehiclesX": "{(EgoVehicle↦200.0),(Vehicles2↦7.837095856666565),(Vehicles3↦-8.345600217580795),(Vehicles4↦44.72300708293915),(Vehicles5↦76.54123306274414)}"
      },
      "probabilisticVariables": null,
      "activating": [
        "IDLE_14"
      ],
      "activatingOnlyWhenExecuted": true,
      "updating": null,
      "withPredicate": null
    },
    {
      "id": "IDLE_14",
      "execute": "IDLE",
      "after": "1000",
      "priority": 0,
      "additionalGuards": null,
      "activationKind": null,
      "fixedVariables": {
        "Crash": "FALSE",
        "VehiclesAy": "{(EgoVehicle↦0.0),(Vehicles2↦0.0),(Vehicles3↦-3.1086244689504383E-13),(Vehicles4↦4.7695181137896725E-12),(Vehicles5↦0.0)}",
        "Reward": "0.7356797399686865",
        "VehiclesAx": "{(EgoVehicle↦-0.5801844596862793),(Vehicles2↦0.6100466102361679),(Vehicles3↦1.904800422489643),(Vehicles4↦0.04737250506877899),(Vehicles5↦0.41678398847579956)}",
        "VehiclesVx": "{(EgoVehicle↦20.087990760803223),(Vehicles2↦1.2595337629318237),(Vehicles3↦-0.5242710933089256),(Vehicles4↦-1.1934486776590347),(Vehicles5↦1.9881319999694824)}",
        "VehiclesY": "{(EgoVehicle↦8.000000238418579),(Vehicles2↦-8.000000238418579),(Vehicles3↦-4.0000001192092896),(Vehicles4↦-3.730349362740526E-14),(Vehicles5↦-8.000000238418579)}",
        "VehiclesVy": "{(EgoVehicle↦0.0),(Vehicles2↦0.0),(Vehicles3↦-3.1086244689504383E-13),(Vehicles4↦1.0658141036401503E-13),(Vehicles5↦0.0)}",
        "VehiclesX": "{(EgoVehicle↦200.0),(Vehicles2↦8.819811046123505),(Vehicles3↦43.85654330253601),(Vehicles4↦76.55757069587708),(Vehicles5↦78.36599349975586)}"
      },
      "probabilisticVariables": null,
      "activating": [
        "FASTER_15"
      ],
      "activatingOnlyWhenExecuted": true,
      "updating": null,
      "withPredicate": null
    },
    {
      "id": "FASTER_15",
      "execute": "FASTER",
      "after": "1000",
      "priority": 0,
      "additionalGuards": null,
      "activationKind": null,
      "fixedVariables": {
        "Crash": "FALSE",
        "VehiclesAy": "{(EgoVehicle↦0.0),(Vehicles2↦0.0),(Vehicles3↦2.9309887850104133E-13),(Vehicles4↦-8.881784197001252E-14),(Vehicles5↦0.0)}",
        "Reward": "0.8494173594471796",
        "VehiclesAx": "{(EgoVehicle↦4.26516056060791),(Vehicles2↦-4.248200953006744),(Vehicles3↦-4.127573408186436),(Vehicles4↦-4.338609203696251),(Vehicles5↦-4.410902112722397)}",
        "VehiclesVx": "{(EgoVehicle↦24.353151321411133),(Vehicles2↦-2.9886671900749207),(Vehicles3↦-4.651844501495361),(Vehicles4↦-5.532057881355286),(Vehicles5↦-2.4227701127529144)}",
        "VehiclesY": "{(EgoVehicle↦8.000000238418579),(Vehicles2↦-8.000000238418579),(Vehicles3↦-4.0000001192092896),(Vehicles4↦0.0),(Vehicles5↦-8.000000238418579)}",
        "VehiclesVy": "{(EgoVehicle↦0.0),(Vehicles2↦0.0),(Vehicles3↦-1.7763568394002505E-14),(Vehicles4↦1.7763568394002505E-14),(Vehicles5↦0.0)}",
        "VehiclesX": "{(EgoVehicle↦200.0),(Vehicles2↦7.73407369852066),(Vehicles3↦41.03447198867798),(Vehicles4↦72.98091650009155),(Vehicles5↦77.94148325920105)}"
      },
      "probabilisticVariables": null,
      "activating": [
        "FASTER_16"
      ],
      "activatingOnlyWhenExecuted": true,
      "updating": null,
      "withPredicate": null
    },
    {
      "id": "FASTER_16",
      "execute": "FASTER",
      "after": "1000",
      "priority": 0,
      "additionalGuards": null,
      "activationKind": null,
      "fixedVariables": {
        "Crash": "FALSE",
        "VehiclesAy": "{(EgoVehicle↦0.0),(Vehicles2↦0.0),(Vehicles3↦1.7763568394002505E-14),(Vehicles4↦-1.7763568394002505E-14),(Vehicles5↦0.0)}",
        "Reward": "0.9801701872523036",
        "VehiclesAx": "{(EgoVehicle↦4.903230667114258),(Vehicles2↦-4.895369112491608),(Vehicles3↦-4.768850803375244),(Vehicles4↦-4.965339303016663),(Vehicles5↦-5.032761245965958)}",
        "VehiclesVx": "{(EgoVehicle↦29.25638198852539),(Vehicles2↦-7.884036302566528),(Vehicles3↦-9.420695304870605),(Vehicles4↦-10.497397184371948),(Vehicles5↦-7.455531358718872)}",
        "VehiclesY": "{(EgoVehicle↦8.000000238418579),(Vehicles2↦-8.000000238418579),(Vehicles3↦-4.0000001192092896),(Vehicles4↦0.0),(Vehicles5↦-8.000000238418579)}",
        "VehiclesVy": "{(EgoVehicle↦0.0),(Vehicles2↦0.0),(Vehicles3↦0.0),(Vehicles4↦0.0),(Vehicles5↦0.0)}",
        "VehiclesX": "{(EgoVehicle↦200.0),(Vehicles2↦2.04425361007452),(Vehicles3↦33.731892704963684),(Vehicles4↦64.7182047367096),(Vehicles5↦72.76085019111633)}"
      },
      "probabilisticVariables": null,
      "activating": [
        "SLOWER_17"
      ],
      "activatingOnlyWhenExecuted": true,
      "updating": null,
      "withPredicate": null
    },
    {
      "id": "SLOWER_17",
      "execute": "SLOWER",
      "after": "1000",
      "priority": 0,
      "additionalGuards": null,
      "activationKind": null,
      "fixedVariables": {
        "Crash": "FALSE",
        "VehiclesAy": "{(EgoVehicle↦0.0),(Vehicles2↦0.0),(Vehicles3↦0.0),(Vehicles4↦0.0),(Vehicles5↦0.0)}",
        "Reward": "0.8816136323404954",
        "VehiclesAx": "{(EgoVehicle↦-3.6958718299865723),(Vehicles2↦3.697047531604767),(Vehicles3↦3.823399543762207),(Vehicles4↦3.6448729038238525),(Vehicles5↦3.5785526037216187)}",
        "VehiclesVx": "{(EgoVehicle↦25.56051015853882),(Vehicles2↦-4.1869887709617615),(Vehicles3↦-5.597295761108398),(Vehicles4↦-6.852524280548096),(Vehicles5↦-3.8769787549972534)}",
        "VehiclesY": "{(EgoVehicle↦8.000000238418579),(Vehicles2↦-8.000000238418579),(Vehicles3↦-4.0000001192092896),(Vehicles4↦0.0),(Vehicles5↦-8.000000238418579)}",
        "VehiclesVy": "{(EgoVehicle↦0.0),(Vehicles2↦0.0),(Vehicles3↦0.0),(Vehicles4↦0.0),(Vehicles5↦0.0)}",
        "VehiclesX": "{(EgoVehicle↦200.0),(Vehicles2↦-3.7999846041202545),(Vehicles3↦26.40172243118286),(Vehicles4↦56.23839497566223),(Vehicles5↦67.2964334487915)}"
      },
      "probabilisticVariables": null,
      "activating": [
        "SLOWER_18"
      ],
      "activatingOnlyWhenExecuted": true,
      "updating": null,
      "withPredicate": null
    },
    {
      "id": "SLOWER_18",
      "execute": "SLOWER",
      "after": "1000",
      "priority": 0,
      "additionalGuards": null,
      "activationKind": null,
      "fixedVariables": {
        "Crash": "FALSE",
        "VehiclesAy": "{(EgoVehicle↦0.0),(Vehicles2↦0.0),(Vehicles3↦0.0),(Vehicles4↦0.0),(Vehicles5↦0.0)}",
        "Reward": "0.752859957070902",
        "VehiclesAx": "{(EgoVehicle↦-4.8282623291015625),(Vehicles2↦4.824121370911598),(Vehicles3↦4.9468619376420975),(Vehicles4↦4.787952750921249),(Vehicles5↦4.719459563493729)}",
        "VehiclesVx": "{(EgoVehicle↦20.732247829437256),(Vehicles2↦0.6371325999498367),(Vehicles3↦-0.650433823466301),(Vehicles4↦-2.0645715296268463),(Vehicles5↦0.8424808084964752)}",
        "VehiclesY": "{(EgoVehicle↦8.000000238418579),(Vehicles2↦-8.000000238418579),(Vehicles3↦-4.0000001192092896),(Vehicles4↦0.0),(Vehicles5↦-8.000000238418579)}",
        "VehiclesVy": "{(EgoVehicle↦0.0),(Vehicles2↦0.0),(Vehicles3↦0.0),(Vehicles4↦0.0),(Vehicles5↦0.0)}",
        "VehiclesX": "{(EgoVehicle↦200.0),(Vehicles2↦-5.324687063694),(Vehicles3↦23.516179621219635),(Vehicles4↦52.03246474266052),(Vehicles5↦66.03893041610718)}"
      },
      "probabilisticVariables": null,
      "activating": [
        "FASTER_19"
      ],
      "activatingOnlyWhenExecuted": true,
      "updating": null,
      "withPredicate": null
    },
    {
      "id": "FASTER_19",
      "execute": "FASTER",
      "after": "1000",
      "priority": 0,
      "additionalGuards": null,
      "activationKind": null,
      "fixedVariables": {
        "Crash": "FALSE",
        "VehiclesAy": "{(EgoVehicle↦0.0),(Vehicles2↦0.0),(Vehicles3↦0.0),(Vehicles4↦0.0),(Vehicles5↦0.0)}",
        "Reward": "0.8516797748680475",
        "VehiclesAx": "{(EgoVehicle↦3.705744743347168),(Vehicles2↦-3.7144703418016434),(Vehicles3↦-3.596813753247261),(Vehicles4↦-3.7359486520290375),(Vehicles5↦-3.8086919486522675)}",
        "VehiclesVx": "{(EgoVehicle↦24.437992572784424),(Vehicles2↦-3.0773377418518066),(Vehicles3↦-4.247247576713562),(Vehicles4↦-5.800520181655884),(Vehicles5↦-2.9662111401557922)}",
        "VehiclesY": "{(EgoVehicle↦8.000000238418579),(Vehicles2↦-8.000000238418579),(Vehicles3↦-4.0000001192092896),(Vehicles4↦0.0),(Vehicles5↦-8.000000238418579)}",
        "VehiclesVy": "{(EgoVehicle↦0.0),(Vehicles2↦0.0),(Vehicles3↦0.0),(Vehicles4↦0.0),(Vehicles5↦0.0)}",
        "VehiclesX": "{(EgoVehicle↦200.0),(Vehicles2↦-6.7350029945373535),(Vehicles3↦20.8657905459404),(Vehicles4↦47.910723090171814),(Vehicles5↦64.79553580284119)}"
      },
      "probabilisticVariables": null,
      "activating": [
        "SLOWER_20"
      ],
      "activatingOnlyWhenExecuted": true,
      "updating": null,
      "withPredicate": null
    },
    {
      "id": "SLOWER_20",
      "execute": "SLOWER",
      "after": "1000",
      "priority": 0,
      "additionalGuards": null,
      "activationKind": null,
      "fixedVariables": {
        "Crash": "FALSE",
        "VehiclesAy": "{(EgoVehicle↦0.0),(Vehicles2↦0.0),(Vehicles3↦0.0),(Vehicles4↦0.0),(Vehicles5↦0.0)}",
        "Reward": "0.7489180499140363",
        "VehiclesAx": "{(EgoVehicle↦-3.8535666465759277),(Vehicles2↦3.8406535238027573),(Vehicles3↦3.952963426709175),(Vehicles4↦3.832753300666809),(Vehicles5↦3.7548429518938065)}",
        "VehiclesVx": "{(EgoVehicle↦20.584425926208496),(Vehicles2↦0.7633157819509506),(Vehicles3↦-0.2942841500043869),(Vehicles4↦-1.9677668809890747),(Vehicles5↦0.7886318117380142)}",
        "VehiclesY": "{(EgoVehicle↦8.000000238418579),(Vehicles2↦-8.000000238418579),(Vehicles3↦-4.0000001192092896),(Vehicles4↦0.0),(Vehicles5↦-8.000000238418579)}",
        "VehiclesVy": "{(EgoVehicle↦0.0),(Vehicles2↦0.0),(Vehicles3↦0.0),(Vehicles4↦0.0),(Vehicles5↦0.0)}",
        "VehiclesX": "{(EgoVehicle↦200.0),(Vehicles2↦-7.691329717636108),(Vehicles3↦18.784897029399872),(Vehicles4↦44.227010011672974),(Vehicles5↦63.91538977622986)}"
      },
      "probabilisticVariables": null,
      "activating": [
        "IDLE_21"
      ],
      "activatingOnlyWhenExecuted": true,
      "updating": null,
      "withPredicate": null
    },
    {
      "id": "IDLE_21",
      "execute": "IDLE",
      "after": "1000",
      "priority": 0,
      "additionalGuards": null,
      "activationKind": null,
      "fixedVariables": {
        "Crash": "FALSE",
        "VehiclesAy": "{(EgoVehicle↦0.0),(Vehicles2↦0.0),(Vehicles3↦0.0),(Vehicles4↦0.0),(Vehicles5↦0.0)}",
        "Reward": "0.7353856416896399",
        "VehiclesAx": "{(EgoVehicle↦-0.5074644088745117),(Vehicles2↦0.49062885344028473),(Vehicles3↦0.5979482643306255),(Vehicles4↦0.49523890018463135),(Vehicles5↦0.4121509939432144)}",
        "VehiclesVx": "{(EgoVehicle↦20.076961517333984),(Vehicles2↦1.2539446353912354),(Vehicles3↦0.30366411432623863),(Vehicles4↦-1.4725279808044434),(Vehicles5↦1.2007828056812286)}",
        "VehiclesY": "{(EgoVehicle↦8.000000238418579),(Vehicles2↦-8.000000238418579),(Vehicles3↦-4.0000001192092896),(Vehicles4↦0.0),(Vehicles5↦-8.000000238418579)}",
        "VehiclesVy": "{(EgoVehicle↦0.0),(Vehicles2↦0.0),(Vehicles3↦0.0),(Vehicles4↦0.0),(Vehicles5↦0.0)}",
        "VehiclesX": "{(EgoVehicle↦200.0),(Vehicles2↦-6.654495745897293),(Vehicles3↦18.807436525821686),(Vehicles4↦42.5336480140686),(Vehicles5↦64.94559049606323)}"
      },
      "probabilisticVariables": null,
      "activating": [
        "IDLE_22"
      ],
      "activatingOnlyWhenExecuted": true,
      "updating": null,
      "withPredicate": null
    },
    {
      "id": "IDLE_22",
      "execute": "IDLE",
      "after": "1000",
      "priority": 0,
      "additionalGuards": null,
      "activationKind": null,
      "fixedVariables": {
        "Crash": "FALSE",
        "VehiclesAy": "{(EgoVehicle↦0.0),(Vehicles2↦0.0),(Vehicles3↦0.0),(Vehicles4↦0.0),(Vehicles5↦0.0)}",
        "Reward": "0.7336035961621473",
        "VehiclesAx": "{(EgoVehicle↦-0.06682634353637695),(Vehicles2↦0.0462852418422699),(Vehicles3↦0.14920728281140327),(Vehicles4↦0.06231576204299927),(Vehicles5↦-0.025341138243675232)}",
        "VehiclesVx": "{(EgoVehicle↦20.010135173797607),(Vehicles2↦1.3002298772335052),(Vehicles3↦0.4528713971376419),(Vehicles4↦-1.410212218761444),(Vehicles5↦1.1754416674375534)}",
        "VehiclesY": "{(EgoVehicle↦8.000000238418579),(Vehicles2↦-8.000000238418579),(Vehicles3↦-4.0000001192092896),(Vehicles4↦0.0),(Vehicles5↦-8.000000238418579)}",
        "VehiclesVy": "{(EgoVehicle↦0.0),(Vehicles2↦0.0),(Vehicles3↦0.0),(Vehicles4↦0.0),(Vehicles5↦0.0)}",
        "VehiclesX": "{(EgoVehicle↦200.0),(Vehicles2↦-5.371614173054695),(Vehicles3↦19.18153166770935),(Vehicles4↦41.09559953212738),(Vehicles5↦66.14612340927124)}"
      },
      "probabilisticVariables": null,
      "activating": [
        "IDLE_23"
      ],
      "activatingOnlyWhenExecuted": true,
      "updating": null,
      "withPredicate": null
    },
    {
      "id": "IDLE_23",
      "execute": "IDLE",
      "after": "1000",
      "priority": 0,
      "additionalGuards": null,
      "activationKind": null,
      "fixedVariables": {
        "Crash": "FALSE",
        "VehiclesAy": "{(EgoVehicle↦0.0),(Vehicles2↦0.0),(Vehicles3↦0.0),(Vehicles4↦0.0),(Vehicles5↦0.0)}",
        "Reward": "0.7333689235000908",
        "VehiclesAx": "{(EgoVehicle↦-0.008800029754638672),(Vehicles2↦-0.015216022729873657),(Vehicles3↦0.08392695337533951),(Vehicles4↦0.011109709739685059),(Vehicles5↦-0.08013442158699036)}",
        "VehiclesVx": "{(EgoVehicle↦20.00133514404297),(Vehicles2↦1.2850138545036316),(Vehicles3↦0.5367983505129814),(Vehicles4↦-1.399102509021759),(Vehicles5↦1.095307245850563)}",
        "VehiclesY": "{(EgoVehicle↦8.000000238418579),(Vehicles2↦-8.000000238418579),(Vehicles3↦-4.0000001192092896),(Vehicles4↦0.0),(Vehicles5↦-8.000000238418579)}",
        "VehiclesVy": "{(EgoVehicle↦0.0),(Vehicles2↦0.0),(Vehicles3↦0.0),(Vehicles4↦0.0),(Vehicles5↦0.0)}",
        "VehiclesX": "{(EgoVehicle↦200.0),(Vehicles2↦-4.075868055224419),(Vehicles3↦19.669856131076813),(Vehicles4↦39.69065546989441),(Vehicles5↦67.29057431221008)}"
      },
      "probabilisticVariables": null,
      "activating": [
        "IDLE_24"
      ],
      "activatingOnlyWhenExecuted": true,
      "updating": null,
      "withPredicate": null
    },
    {
      "id": "IDLE_24",
      "execute": "IDLE",
      "after": "1000",
      "priority": 0,
      "additionalGuards": null,
      "activationKind": null,
      "fixedVariables": {
        "Crash": "FALSE",
        "VehiclesAy": "{(EgoVehicle↦0.0),(Vehicles2↦0.0),(Vehicles3↦0.0),(Vehicles4↦0.0),(Vehicles5↦0.0)}",
        "Reward": "0.7333380201042643",
        "VehiclesAx": "{(EgoVehicle↦-0.0011587142944335938),(Vehicles2↦-0.02607196569442749),(Vehicles3↦0.06983190774917603),(Vehicles4↦0.009401291608810425),(Vehicles5↦-0.08426599204540253)}",
        "VehiclesVx": "{(EgoVehicle↦20.000176429748535),(Vehicles2↦1.258941888809204),(Vehicles3↦0.6066302582621574),(Vehicles4↦-1.3897012174129486),(Vehicles5↦1.0110412538051605)}",
        "VehiclesY": "{(EgoVehicle↦8.000000238418579),(Vehicles2↦-8.000000238418579),(Vehicles3↦-4.0000001192092896),(Vehicles4↦0.0),(Vehicles5↦-8.000000238418579)}",
        "VehiclesVy": "{(EgoVehicle↦0.0),(Vehicles2↦0.0),(Vehicles3↦0.0),(Vehicles4↦0.0),(Vehicles5↦0.0)}",
        "VehiclesX": "{(EgoVehicle↦200.0),(Vehicles2↦-2.8008613735437393),(Vehicles3↦20.235249400138855),(Vehicles4↦38.29505145549774),(Vehicles5↦68.35205554962158)}"
      },
      "probabilisticVariables": null,
      "activating": [
        "SLOWER_25"
      ],
      "activatingOnlyWhenExecuted": true,
      "updating": null,
      "withPredicate": null
    },
    {
      "id": "SLOWER_25",
      "execute": "SLOWER",
      "after": "1000",
      "priority": 0,
      "additionalGuards": null,
      "activationKind": null,
      "fixedVariables": {
        "Crash": "FALSE",
        "VehiclesAy": "{(EgoVehicle↦0.0),(Vehicles2↦0.0),(Vehicles3↦0.0),(Vehicles4↦0.0),(Vehicles5↦0.0)}",
        "Reward": "0.7333339505212749",
        "VehiclesAx": "{(EgoVehicle↦-0.000152587890625),(Vehicles2↦-0.03000028431415558),(Vehicles3↦0.0630887970328331),(Vehicles4↦0.013474225997924805),(Vehicles5↦-0.08140608668327332)}",
        "VehiclesVx": "{(EgoVehicle↦20.00002384185791),(Vehicles2↦1.2289416044950485),(Vehicles3↦0.6697190552949905),(Vehicles4↦-1.3762269914150238),(Vehicles5↦0.9296351671218872)}",
        "VehiclesY": "{(EgoVehicle↦8.000000238418579),(Vehicles2↦-8.000000238418579),(Vehicles3↦-4.0000001192092896),(Vehicles4↦0.0),(Vehicles5↦-8.000000238418579)}",
        "VehiclesVy": "{(EgoVehicle↦0.0),(Vehicles2↦0.0),(Vehicles3↦0.0),(Vehicles4↦0.0),(Vehicles5↦0.0)}",
        "VehiclesX": "{(EgoVehicle↦200.0),(Vehicles2↦-1.5536751598119736),(Vehicles3↦20.867569744586945),(Vehicles4↦36.9103878736496),(Vehicles5↦69.330233335495)}"
      },
      "probabilisticVariables": null,
      "activating": [
        "SLOWER_26"
      ],
      "activatingOnlyWhenExecuted": true,
      "updating": null,
      "withPredicate": null
    },
    {
      "id": "SLOWER_26",
      "execute": "SLOWER",
      "after": "1000",
      "priority": 0,
      "additionalGuards": null,
      "activationKind": null,
      "fixedVariables": {
        "Crash": "FALSE",
        "VehiclesAy": "{(EgoVehicle↦0.0),(Vehicles2↦0.0),(Vehicles3↦0.0),(Vehicles4↦0.0),(Vehicles5↦0.0)}",
        "Reward": "0.7333334146091115",
        "VehiclesAx": "{(EgoVehicle↦-2.1457672119140625E-05),(Vehicles2↦-0.032734423875808716),(Vehicles3↦0.057845041155815125),(Vehicles4↦0.01762092113494873),(Vehicles5↦-0.0773097574710846)}",
        "VehiclesVx": "{(EgoVehicle↦20.00000238418579),(Vehicles2↦1.1962071806192398),(Vehicles3↦0.7275640964508057),(Vehicles4↦-1.358606070280075),(Vehicles5↦0.8523254096508026)}",
        "VehiclesY": "{(EgoVehicle↦8.000000238418579),(Vehicles2↦-8.000000238418579),(Vehicles3↦-4.0000001192092896),(Vehicles4↦0.0),(Vehicles5↦-8.000000238418579)}",
        "VehiclesVy": "{(EgoVehicle↦0.0),(Vehicles2↦0.0),(Vehicles3↦0.0),(Vehicles4↦0.0),(Vehicles5↦0.0)}",
        "VehiclesX": "{(EgoVehicle↦200.0),(Vehicles2↦-0.33762960229068995),(Vehicles3↦21.56081646680832),(Vehicles4↦35.54089963436127),(Vehicles5↦70.22859454154968)}"
      },
      "probabilisticVariables": null,
      "activating": [
        "SLOWER_27"
      ],
      "activatingOnlyWhenExecuted": true,
      "updating": null,
      "withPredicate": null
    },
    {
      "id": "SLOWER_27",
      "execute": "SLOWER",
      "after": "1000",
      "priority": 0,
      "additionalGuards": null,
      "activationKind": null,
      "fixedVariables": {
        "Crash": "FALSE",
        "VehiclesAy": "{(EgoVehicle↦0.0),(Vehicles2↦0.0),(Vehicles3↦0.0),(Vehicles4↦0.0),(Vehicles5↦0.0)}",
        "Reward": "0.7333333440363164",
        "VehiclesAx": "{(EgoVehicle↦-2.384185791015625E-06),(Vehicles2↦-0.035011693835258484),(Vehicles3↦0.05325615406036377),(Vehicles4↦0.02114921808242798),(Vehicles5↦-0.0727749615907669)}",
        "VehiclesVx": "{(EgoVehicle↦20.0),(Vehicles2↦1.1611954867839813),(Vehicles3↦0.7808202505111694),(Vehicles4↦-1.337456852197647),(Vehicles5↦0.7795504480600357)}",
        "VehiclesY": "{(EgoVehicle↦8.000000238418579),(Vehicles2↦-8.000000238418579),(Vehicles3↦-4.0000001192092896),(Vehicles4↦0.0),(Vehicles5↦-8.000000238418579)}",
        "VehiclesVy": "{(EgoVehicle↦0.0),(Vehicles2↦0.0),(Vehicles3↦0.0),(Vehicles4↦0.0),(Vehicles5↦0.0)}",
        "VehiclesX": "{(EgoVehicle↦200.0),(Vehicles2↦0.8447400294244289),(Vehicles3↦22.310028970241547),(Vehicles4↦34.190499782562256),(Vehicles5↦71.05143666267395)}"
      },
      "probabilisticVariables": null,
      "activating": [
        "SLOWER_28"
      ],
      "activatingOnlyWhenExecuted": true,
      "updating": null,
      "withPredicate": null
    },
    {
      "id": "SLOWER_28",
      "execute": "SLOWER",
      "after": "1000",
      "priority": 0,
      "additionalGuards": null,
      "activationKind": null,
      "fixedVariables": {
        "Crash": "FALSE",
        "VehiclesAy": "{(EgoVehicle↦0.0),(Vehicles2↦0.0),(Vehicles3↦0.0),(Vehicles4↦0.0),(Vehicles5↦0.0)}",
        "Reward": "0.7333333347427796",
        "VehiclesAx": "{(EgoVehicle↦0.0),(Vehicles2↦-0.03691866993904114),(Vehicles3↦0.04914619028568268),(Vehicles4↦0.024033039808273315),(Vehicles5↦-0.06796792149543762)}",
        "VehiclesVx": "{(EgoVehicle↦20.0),(Vehicles2↦1.1242768168449402),(Vehicles3↦0.8299664407968521),(Vehicles4↦-1.3134238123893738),(Vehicles5↦0.7115825265645981)}",
        "VehiclesY": "{(EgoVehicle↦8.000000238418579),(Vehicles2↦-8.000000238418579),(Vehicles3↦-4.0000001192092896),(Vehicles4↦0.0),(Vehicles5↦-8.000000238418579)}",
        "VehiclesVy": "{(EgoVehicle↦0.0),(Vehicles2↦0.0),(Vehicles3↦0.0),(Vehicles4↦0.0),(Vehicles5↦0.0)}",
        "VehiclesX": "{(EgoVehicle↦200.0),(Vehicles2↦1.991306059062481),(Vehicles3↦23.11082035303116),(Vehicles4↦32.86244869232178),(Vehicles5↦71.80340886116028)}"
      },
      "probabilisticVariables": null,
      "activating": [
        "LANE_LEFT_29"
      ],
      "activatingOnlyWhenExecuted": true,
      "updating": null,
      "withPredicate": null
    },
    {
      "id": "LANE_LEFT_29",
      "execute": "LANE_LEFT",
      "after": "1000",
      "priority": 0,
      "additionalGuards": null,
      "activationKind": null,
      "fixedVariables": {
        "Crash": "FALSE",
        "VehiclesAy": "{(EgoVehicle↦-1.1458635330200195),(Vehicles2↦1.1458635330200195),(Vehicles3↦1.1458635330200195),(Vehicles4↦1.1458635330200195),(Vehicles5↦1.1458635330200195)}",
        "Reward": "0.7000000000000001",
        "VehiclesAx": "{(EgoVehicle↦-0.0328516960144043),(Vehicles2↦-0.005609914660453796),(Vehicles3↦0.07828973233699799),(Vehicles4↦0.059187114238739014),(Vehicles5↦-0.03012917935848236)}",
        "VehiclesVx": "{(EgoVehicle↦19.967148303985596),(Vehicles2↦1.1186669021844864),(Vehicles3↦0.9082561731338501),(Vehicles4↦-1.2542366981506348),(Vehicles5↦0.6814533472061157)}",
        "VehiclesY": "{(EgoVehicle↦4.396300435066223),(Vehicles2↦-4.396300435066223),(Vehicles3↦-0.39630044996738434),(Vehicles4↦3.6036994457244873),(Vehicles5↦-4.396300435066223)}",
        "VehiclesVy": "{(EgoVehicle↦-1.1458635330200195),(Vehicles2↦1.1458635330200195),(Vehicles3↦1.1458635330200195),(Vehicles4↦1.1458635330200195),(Vehicles5↦1.1458635330200195)}",
        "VehiclesX": "{(EgoVehicle↦200.0),(Vehicles2↦3.4869004040956497),(Vehicles3↦24.34583753347397),(Vehicles4↦31.945988535881042),(Vehicles5↦72.87598848342896)}"
      },
      "probabilisticVariables": null,
      "activating": [
        "IDLE_30"
      ],
      "activatingOnlyWhenExecuted": true,
      "updating": null,
      "withPredicate": null
    },
    {
      "id": "IDLE_30",
      "execute": "IDLE",
      "after": "1000",
      "priority": 0,
      "additionalGuards": null,
      "activationKind": null,
      "fixedVariables": {
        "Crash": "FALSE",
        "VehiclesAy": "{(EgoVehicle↦1.074060839600861),(Vehicles2↦-1.074060839600861),(Vehicles3↦-1.074060839600861),(Vehicles4↦-1.074060839600861),(Vehicles5↦1.217666226439178)}",
        "Reward": "0.7000000000000001",
        "VehiclesAx": "{(EgoVehicle↦0.03272294998168945),(Vehicles2↦-0.07236681878566742),(Vehicles3↦0.009351670742034912),(Vehicles4↦-0.004595667123794556),(Vehicles5↦-0.09062342345714569)}",
        "VehiclesVx": "{(EgoVehicle↦19.999871253967285),(Vehicles2↦1.046300083398819),(Vehicles3↦0.917607843875885),(Vehicles4↦-1.2588323652744293),(Vehicles5↦0.59082992374897)}",
        "VehiclesY": "{(EgoVehicle↦4.024722576141357),(Vehicles2↦-4.024722576141357),(Vehicles3↦-0.02472245693206787),(Vehicles4↦3.9752776622772217),(Vehicles5↦-4.024722576141357)}",
        "VehiclesVy": "{(EgoVehicle↦-0.07180269341915846),(Vehicles2↦0.07180269341915846),(Vehicles3↦0.07180269341915846),(Vehicles4↦0.07180269341915846),(Vehicles5↦0.07180269341915846)}",
        "VehiclesX": "{(EgoVehicle↦200.0),(Vehicles2↦4.562223330140114),(Vehicles3↦25.243613123893738),(Vehicles4↦30.675312876701355),(Vehicles5↦73.50630760192871)}"
      },
      "probabilisticVariables": null,
      "activating": [
        "IDLE_31"
      ],
      "activatingOnlyWhenExecuted": true,
      "updating": null,
      "withPredicate": null
    },
    {
      "id": "IDLE_31",
      "execute": "IDLE",
      "after": "1000",
      "priority": 0,
      "additionalGuards": null,
      "activationKind": null,
      "fixedVariables": {
        "Crash": "FALSE",
        "VehiclesAy": "{(EgoVehicle↦0.06733491318300366),(Vehicles2↦-0.06733491318300366),(Vehicles3↦-0.06733491318300366),(Vehicles4↦-0.06733491318300366),(Vehicles5↦0.07627047365531325)}",
        "Reward": "0.7000000000000001",
        "VehiclesAx": "{(EgoVehicle↦0.00012874603271484375),(Vehicles2↦-0.04059784114360809),(Vehicles3↦0.03888443112373352),(Vehicles4↦0.029352232813835144),(Vehicles5↦-0.052934400737285614)}",
        "VehiclesVx": "{(EgoVehicle↦20.0),(Vehicles2↦1.0057022422552109),(Vehicles3↦0.9564922749996185),(Vehicles4↦-1.2294801324605942),(Vehicles5↦0.5378955230116844)}",
        "VehiclesY": "{(EgoVehicle↦4.001538276672363),(Vehicles2↦-4.001538276672363),(Vehicles3↦-0.001538257347419858),(Vehicles4↦3.998461604118347),(Vehicles5↦-4.001538276672363)}",
        "VehiclesVy": "{(EgoVehicle↦-0.004467780236154795),(Vehicles2↦0.004467780236154795),(Vehicles3↦0.004467780236154795),(Vehicles4↦0.004467780236154795),(Vehicles5↦0.004467780236154795)}",
        "VehiclesX": "{(EgoVehicle↦200.0),(Vehicles2↦5.5922795087099075),(Vehicles3↦26.176953315734863),(Vehicles4↦29.428070783615112),(Vehicles5↦74.07549619674683)}"
      },
      "probabilisticVariables": null,
      "activating": [
        "IDLE_32"
      ],
      "activatingOnlyWhenExecuted": true,
      "updating": null,
      "withPredicate": null
    },
    {
      "id": "IDLE_32",
      "execute": "IDLE",
      "after": "1000",
      "priority": 0,
      "additionalGuards": null,
      "activationKind": null,
      "fixedVariables": {
        "Crash": "FALSE",
        "VehiclesAy": "{(EgoVehicle↦0.0041897953997249715),(Vehicles2↦-0.0041897953997249715),(Vehicles3↦-0.0041897953997249715),(Vehicles4↦-0.0041897953997249715),(Vehicles5↦0.004745765072584618)}",
        "Reward": "0.7000000000000001",
        "VehiclesAx": "{(EgoVehicle↦0.0),(Vehicles2↦-0.0409504771232605),(Vehicles3↦0.036213621497154236),(Vehicles4↦0.030458644032478333),(Vehicles5↦-0.047773756086826324)}",
        "VehiclesVx": "{(EgoVehicle↦20.0),(Vehicles2↦0.9647517651319504),(Vehicles3↦0.9927058964967728),(Vehicles4↦-1.1990214884281158),(Vehicles5↦0.4901217669248581)}",
        "VehiclesY": "{(EgoVehicle↦4.00009560585022),(Vehicles2↦-4.00009560585022),(Vehicles3↦-9.571019108989276E-05),(Vehicles4↦3.9999042749404907),(Vehicles5↦-4.00009560585022)}",
        "VehiclesVy": "{(EgoVehicle↦-0.0002779848364298232),(Vehicles2↦0.0002779848364298232),(Vehicles3↦0.0002779848364298232),(Vehicles4↦0.0002779848364298232),(Vehicles5↦0.0002779848364298232)}",
        "VehiclesX": "{(EgoVehicle↦200.0),(Vehicles2↦6.581626087427139),(Vehicles3↦27.148142457008362),(Vehicles4↦28.210708498954773),(Vehicles5↦74.59388375282288)}"
      },
      "probabilisticVariables": null,
      "activating": [
        "IDLE_33"
      ],
      "activatingOnlyWhenExecuted": true,
      "updating": null,
      "withPredicate": null
    },
    {
      "id": "IDLE_33",
      "execute": "IDLE",
      "after": "1000",
      "priority": 0,
      "additionalGuards": null,
      "activationKind": null,
      "fixedVariables": {
        "Crash": "FALSE",
        "VehiclesAy": "{(EgoVehicle↦0.0002606886528155883),(Vehicles2↦-0.0002606886528155883),(Vehicles3↦-0.0002606886528155883),(Vehicles4↦-0.0002606886528155883),(Vehicles5↦0.0002952810200440581)}",
        "Reward": "0.7000000000000001",
        "VehiclesAx": "{(EgoVehicle↦0.0),(Vehicles2↦-0.041100457310676575),(Vehicles3↦-2.16060608625412),(Vehicles4↦2.225375175476074),(Vehicles5↦-0.042866915464401245)}",
        "VehiclesVx": "{(EgoVehicle↦20.0),(Vehicles2↦0.9236513078212738),(Vehicles3↦-1.167900189757347),(Vehicles4↦1.0263536870479584),(Vehicles5↦0.44725485146045685)}",
        "VehiclesY": "{(EgoVehicle↦4.000005841255188),(Vehicles2↦-4.000005841255188),(Vehicles3↦3.9999940395355225),(Vehicles4↦-5.955076858299435E-06),(Vehicles5↦-4.000005841255188)}",
        "VehiclesVy": "{(EgoVehicle↦-1.7296183614234906E-05),(Vehicles2↦1.7296183614234906E-05),(Vehicles3↦1.7296183614234906E-05),(Vehicles4↦1.7296183614234906E-05),(Vehicles5↦1.7296183614234906E-05)}",
        "VehiclesX": "{(EgoVehicle↦200.0),(Vehicles2↦7.5299374759197235),(Vehicles3↦27.024096250534058),(Vehicles4↦28.15450429916382),(Vehicles5↦75.066477060318)}"
      },
      "probabilisticVariables": null,
      "activating": [
        "IDLE_34"
      ],
      "activatingOnlyWhenExecuted": true,
      "updating": null,
      "withPredicate": null
    },
    {
      "id": "IDLE_34",
      "execute": "IDLE",
      "after": "1000",
      "priority": 0,
      "additionalGuards": null,
      "activationKind": null,
      "fixedVariables": {
        "Crash": "FALSE",
        "VehiclesAy": "{(EgoVehicle↦1.6220017187151825E-05),(Vehicles2↦-1.6220017187151825E-05),(Vehicles3↦-1.6220017187151825E-05),(Vehicles4↦-1.6220017187151825E-05),(Vehicles5↦1.8372350041317986E-05)}",
        "Reward": "0.7000000000000067",
        "VehiclesAx": "{(EgoVehicle↦0.0),(Vehicles2↦-0.040939152240753174),(Vehicles3↦0.03151901066303253),(Vehicles4↦0.03128759562969208),(Vehicles5↦-0.03814149647951126)}",
        "VehiclesVx": "{(EgoVehicle↦20.0),(Vehicles2↦0.8827121555805206),(Vehicles3↦-1.1363811790943146),(Vehicles4↦1.0576412826776505),(Vehicles5↦0.4091133549809456)}",
        "VehiclesY": "{(EgoVehicle↦4.000000476837158),(Vehicles2↦-4.000000476837158),(Vehicles3↦3.999999761581421),(Vehicles4↦-3.705241340412613E-07),(Vehicles5↦-4.000000476837158)}",
        "VehiclesVy": "{(EgoVehicle↦-1.0761664270830806E-06),(Vehicles2↦1.0761664270830806E-06),(Vehicles3↦1.0761664270830806E-06),(Vehicles4↦1.0761664270830806E-06),(Vehicles5↦1.0761664270830806E-06)}",
        "VehiclesX": "{(EgoVehicle↦200.0),(Vehicles2↦8.4371879696846),(Vehicles3↦25.86877942085266),(Vehicles4↦29.193556308746338),(Vehicles5↦75.49810409545898)}"
      },
      "probabilisticVariables": null,
      "activating": [
        "IDLE_35"
      ],
      "activatingOnlyWhenExecuted": true,
      "updating": null,
      "withPredicate": null
    },
    {
      "id": "IDLE_35",
      "execute": "IDLE",
      "after": "1000",
      "priority": 0,
      "additionalGuards": null,
      "activationKind": null,
      "fixedVariables": {
        "Crash": "FALSE",
        "VehiclesAy": "{(EgoVehicle↦1.0092074820278185E-06),(Vehicles2↦-1.0092074731460343E-06),(Vehicles3↦-1.0092074731460343E-06),(Vehicles4↦-1.0092074731460343E-06),(Vehicles5↦1.143125381020127E-06)}",
        "Reward": "0.700000000000001",
        "VehiclesAx": "{(EgoVehicle↦0.0),(Vehicles2↦-0.040488094091415405),(Vehicles3↦0.03169730305671692),(Vehicles4↦0.029111430048942566),(Vehicles5↦-0.033640265464782715)}",
        "VehiclesVx": "{(EgoVehicle↦20.0),(Vehicles2↦0.8422240614891052),(Vehicles3↦-1.1046838760375977),(Vehicles4↦1.086752712726593),(Vehicles5↦0.3754730895161629)}",
        "VehiclesY": "{(EgoVehicle↦4.0000001192092896),(Vehicles2↦-4.0000001192092896),(Vehicles3↦4.0000001192092896),(Vehicles4↦-2.3053964071095834E-08),(Vehicles5↦-4.0000001192092896)}",
        "VehiclesVy": "{(EgoVehicle↦-6.695894505526212E-08),(Vehicles2↦6.695895393704632E-08),(Vehicles3↦6.695895393704632E-08),(Vehicles4↦6.695895393704632E-08),(Vehicles5↦6.695895393704632E-08)}",
        "VehiclesX": "{(EgoVehicle↦200.0),(Vehicles2↦9.303657710552216),(Vehicles3↦24.745070934295654),(Vehicles4↦30.263009667396545),(Vehicles5↦75.89340806007385)}"
      },
      "probabilisticVariables": null,
      "activating": [
        "IDLE_36"
      ],
      "activatingOnlyWhenExecuted": true,
      "updating": null,
      "withPredicate": null
    },
    {
      "id": "IDLE_36",
      "execute": "IDLE",
      "after": "1000",
      "priority": 0,
      "additionalGuards": null,
      "activationKind": null,
      "fixedVariables": {
        "Crash": "FALSE",
        "VehiclesAy": "{(EgoVehicle↦6.279276654197474E-08),(Vehicles2↦-6.279277542375894E-08),(Vehicles3↦-6.279277542375894E-08),(Vehicles4↦-6.279277542375894E-08),(Vehicles5↦7.11251324503337E-08)}",
        "Reward": "0.7000000000000001",
        "VehiclesAx": "{(EgoVehicle↦0.0),(Vehicles2↦-0.03977134823799133),(Vehicles3↦0.03169544041156769),(Vehicles4↦0.02710014581680298),(Vehicles5↦-0.029395408928394318)}",
        "VehiclesVx": "{(EgoVehicle↦20.0),(Vehicles2↦0.8024527132511139),(Vehicles3↦-1.07298843562603),(Vehicles4↦1.113852858543396),(Vehicles5↦0.34607768058776855)}",
        "VehiclesY": "{(EgoVehicle↦4.0000001192092896),(Vehicles2↦-4.0000001192092896),(Vehicles3↦4.0000001192092896),(Vehicles4↦-1.4344152532430599E-09),(Vehicles5↦-4.0000001192092896)}",
        "VehiclesVy": "{(EgoVehicle↦-4.1661785132873774E-09),(Vehicles2↦4.1661785132873774E-09),(Vehicles3↦4.1661785132873774E-09),(Vehicles4↦4.1661785132873774E-09),(Vehicles5↦4.1661785132873774E-09)}",
        "VehiclesX": "{(EgoVehicle↦200.0),(Vehicles2↦10.129906237125397),(Vehicles3↦23.653072118759155),(Vehicles4↦31.360754370689392),(Vehicles5↦76.25679969787598)}"
      },
      "probabilisticVariables": null,
      "activating": [
        "IDLE_37"
      ],
      "activatingOnlyWhenExecuted": true,
      "updating": null,
      "withPredicate": null
    },
    {
      "id": "IDLE_37",
      "execute": "IDLE",
      "after": "1000",
      "priority": 0,
      "additionalGuards": null,
      "activationKind": null,
      "fixedVariables": {
        "Crash": "FALSE",
        "VehiclesAy": "{(EgoVehicle↦3.906954759713699E-09),(Vehicles2↦-3.906954759713699E-09),(Vehicles3↦-3.906954759713699E-09),(Vehicles4↦-3.906954759713699E-09),(Vehicles5↦4.425402266861056E-09)}",
        "Reward": "0.7000000000000001",
        "VehiclesAx": "{(EgoVehicle↦0.0),(Vehicles2↦-0.03881484270095825),(Vehicles3↦0.031547099351882935),(Vehicles4↦0.0252377986907959),(Vehicles5↦-0.02542879432439804)}",
        "VehiclesVx": "{(EgoVehicle↦20.0),(Vehicles2↦0.7636378705501556),(Vehicles3↦-1.041441336274147),(Vehicles4↦1.139090657234192),(Vehicles5↦0.3206488862633705)}",
        "VehiclesY": "{(EgoVehicle↦4.0000001192092896),(Vehicles2↦-4.0000001192092896),(Vehicles3↦4.0000001192092896),(Vehicles4↦-8.924727623593753E-11),(Vehicles5↦-4.0000001192092896)}",
        "VehiclesVy": "{(EgoVehicle↦-2.5922375357367855E-10),(Vehicles2↦2.5922375357367855E-10),(Vehicles3↦2.5922375357367855E-10),(Vehicles4↦2.5922375357367855E-10),(Vehicles5↦2.5922375357367855E-10)}",
        "VehiclesX": "{(EgoVehicle↦200.0),(Vehicles2↦10.916747152805328),(Vehicles3↦22.59271889925003),(Vehicles4↦32.4848473072052),(Vehicles5↦76.59239768981934)}"
      },
      "probabilisticVariables": null,
      "activating": [
        "IDLE_38"
      ],
      "activatingOnlyWhenExecuted": true,
      "updating": null,
      "withPredicate": null
    },
    {
      "id": "IDLE_38",
      "execute": "IDLE",
      "after": "1000",
      "priority": 0,
      "additionalGuards": null,
      "activationKind": null,
      "fixedVariables": {
        "Crash": "FALSE",
        "VehiclesAy": "{(EgoVehicle↦2.430944334719243E-10),(Vehicles2↦-2.430944334719243E-10),(Vehicles3↦-2.430944334719243E-10),(Vehicles4↦-2.430944334719243E-10),(Vehicles5↦2.753530736754328E-10)}",
        "Reward": "0.7000000000000001",
        "VehiclesAx": "{(EgoVehicle↦0.0),(Vehicles2↦-0.03764636814594269),(Vehicles3↦0.03128044307231903),(Vehicles4↦0.023509860038757324),(Vehicles5↦-0.02175319939851761)}",
        "VehiclesVx": "{(EgoVehicle↦20.0),(Vehicles2↦0.725991502404213),(Vehicles3↦-1.010160893201828),(Vehicles4↦1.1626005172729492),(Vehicles5↦0.2988956868648529)}",
        "VehiclesY": "{(EgoVehicle↦4.0000001192092896),(Vehicles2↦-4.0000001192092896),(Vehicles3↦4.0000001192092896),(Vehicles4↦-5.551559212335633E-12),(Vehicles5↦-4.0000001192092896)}",
        "VehiclesVy": "{(EgoVehicle↦-1.6129320101754274E-11),(Vehicles2↦1.6129320101754274E-11),(Vehicles3↦1.6129320101754274E-11),(Vehicles4↦1.6129320101754274E-11),(Vehicles5↦1.6129320101754274E-11)}",
        "VehiclesX": "{(EgoVehicle↦200.0),(Vehicles2↦11.665225774049759),(Vehicles3↦21.56381607055664),(Vehicles4↦33.63347351551056),(Vehicles5↦76.90406441688538)}"
      },
      "probabilisticVariables": null,
      "activating": [
        "IDLE_39"
      ],
      "activatingOnlyWhenExecuted": true,
      "updating": null,
      "withPredicate": null
    },
    {
      "id": "IDLE_39",
      "execute": "IDLE",
      "after": "1000",
      "priority": 0,
      "additionalGuards": null,
      "activationKind": null,
      "fixedVariables": {
        "Crash": "FALSE",
        "VehiclesAy": "{(EgoVehicle↦1.511679670329613E-11),(Vehicles2↦-1.511679670329613E-11),(Vehicles3↦-1.511679670329613E-11),(Vehicles4↦-1.511679670329613E-11),(Vehicles5↦1.7141843500212417E-11)}",
        "Reward": "0.7000000000000001",
        "VehiclesAx": "{(EgoVehicle↦0.0),(Vehicles2↦-0.036293864250183105),(Vehicles3↦0.03091968595981598),(Vehicles4↦0.021904483437538147),(Vehicles5↦-0.01837337389588356)}",
        "VehiclesVx": "{(EgoVehicle↦20.0),(Vehicles2↦0.6896976381540298),(Vehicles3↦-0.979241207242012),(Vehicles4↦1.1845050007104874),(Vehicles5↦0.28052231296896935)}",
        "VehiclesY": "{(EgoVehicle↦4.0000001192092896),(Vehicles2↦-4.0000001192092896),(Vehicles3↦4.0000001192092896),(Vehicles4↦-3.4505731605349865E-13),(Vehicles5↦-4.0000001192092896)}",
        "VehiclesVy": "{(EgoVehicle↦-1.0125233984581428E-12),(Vehicles2↦1.0125233984581428E-12),(Vehicles3↦1.0125233984581428E-12),(Vehicles4↦1.0125233984581428E-12),(Vehicles5↦1.0125233984581428E-12)}",
        "VehiclesX": "{(EgoVehicle↦200.0),(Vehicles2↦12.376584857702255),(Vehicles3↦20.566055178642273),(Vehicles4↦34.80496108531952),(Vehicles5↦77.19535231590271)}"
      },
      "probabilisticVariables": null,
      "activating": [
        "IDLE_40"
      ],
      "activatingOnlyWhenExecuted": true,
      "updating": null,
      "withPredicate": null
    },
    {
      "id": "IDLE_40",
      "execute": "IDLE",
      "after": "1000",
      "priority": 0,
      "additionalGuards": null,
      "activationKind": null,
      "fixedVariables": {
        "Crash": "FALSE",
        "VehiclesAy": "{(EgoVehicle↦9.592326932761353E-13),(Vehicles2↦-9.592326932761353E-13),(Vehicles3↦-9.592326932761353E-13),(Vehicles4↦-9.592326932761353E-13),(Vehicles5↦1.0658141036401503E-12)}",
        "Reward": "0.7000000000000001",
        "VehiclesAx": "{(EgoVehicle↦0.0),(Vehicles2↦-0.03478579223155975),(Vehicles3↦0.030485019087791443),(Vehicles4↦0.02041064202785492),(Vehicles5↦-0.01528734341263771)}",
        "VehiclesVx": "{(EgoVehicle↦20.0),(Vehicles2↦0.6549118459224701),(Vehicles3↦-0.9487561881542206),(Vehicles4↦1.2049156427383423),(Vehicles5↦0.26523496955633163)}",
        "VehiclesY": "{(EgoVehicle↦4.0000001192092896),(Vehicles2↦-4.0000001192092896),(Vehicles3↦4.0000001192092896),(Vehicles4↦-2.1316282072803006E-14),(Vehicles5↦-4.0000001192092896)}",
        "VehiclesVy": "{(EgoVehicle↦-5.3290705182007514E-14),(Vehicles2↦5.3290705182007514E-14),(Vehicles3↦5.3290705182007514E-14),(Vehicles4↦5.3290705182007514E-14),(Vehicles5↦5.3290705182007514E-14)}",
        "VehiclesX": "{(EgoVehicle↦200.0),(Vehicles2↦13.052241504192352),(Vehicles3↦19.59904432296753),(Vehicles4↦35.997745394706726),(Vehicles5↦77.46952176094055)}"
      },
      "probabilisticVariables": null,
      "activating": [
        "IDLE_41"
      ],
      "activatingOnlyWhenExecuted": true,
      "updating": null,
      "withPredicate": null
    },
    {
      "id": "IDLE_41",
      "execute": "IDLE",
      "after": "1000",
      "priority": 0,
      "additionalGuards": null,
      "activationKind": null,
      "fixedVariables": {
        "Crash": "FALSE",
        "VehiclesAy": "{(EgoVehicle↦3.552713678800501E-14),(Vehicles2↦-3.552713678800501E-14),(Vehicles3↦-3.552713678800501E-14),(Vehicles4↦-3.552713678800501E-14),(Vehicles5↦7.105427357601002E-14)}",
        "Reward": "0.7000000000000001",
        "VehiclesAx": "{(EgoVehicle↦0.0),(Vehicles2↦-0.03315012902021408),(Vehicles3↦0.0299932062625885),(Vehicles4↦0.01901879906654358),(Vehicles5↦-0.012487843632698059)}",
        "VehiclesVx": "{(EgoVehicle↦20.0),(Vehicles2↦0.621761716902256),(Vehicles3↦-0.9187629818916321),(Vehicles4↦1.2239344418048859),(Vehicles5↦0.2527471259236336)}",
        "VehiclesY": "{(EgoVehicle↦4.0000001192092896),(Vehicles2↦-4.0000001192092896),(Vehicles3↦4.0000001192092896),(Vehicles4↦0.0),(Vehicles5↦-4.0000001192092896)}",
        "VehiclesVy": "{(EgoVehicle↦-1.7763568394002505E-14),(Vehicles2↦1.7763568394002505E-14),(Vehicles3↦1.7763568394002505E-14),(Vehicles4↦1.7763568394002505E-14),(Vehicles5↦1.7763568394002505E-14)}",
        "VehiclesX": "{(EgoVehicle↦200.0),(Vehicles2↦13.693758845329285),(Vehicles3↦18.662327527999878),(Vehicles4↦37.2103750705719),(Vehicles5↦77.7295470237732)}"
      },
      "probabilisticVariables": null,
      "activating": [
        "IDLE_42"
      ],
      "activatingOnlyWhenExecuted": true,
      "updating": null,
      "withPredicate": null
    },
    {
      "id": "IDLE_42",
      "execute": "IDLE",
      "after": "1000",
      "priority": 0,
      "additionalGuards": null,
      "activationKind": null,
      "fixedVariables": {
        "Crash": "FALSE",
        "VehiclesAy": "{(EgoVehicle↦1.7763568394002505E-14),(Vehicles2↦-1.7763568394002505E-14),(Vehicles3↦-1.7763568394002505E-14),(Vehicles4↦-1.7763568394002505E-14),(Vehicles5↦1.7763568394002505E-14)}",
        "Reward": "0.7000000000000001",
        "VehiclesAx": "{(EgoVehicle↦0.0),(Vehicles2↦-0.03141436725854874),(Vehicles3↦0.02945810556411743),(Vehicles4↦0.01772075891494751),(Vehicles5↦-0.00996353104710579)}",
        "VehiclesVx": "{(EgoVehicle↦20.0),(Vehicles2↦0.5903473496437073),(Vehicles3↦-0.8893048763275146),(Vehicles4↦1.2416552007198334),(Vehicles5↦0.2427835948765278)}",
        "VehiclesY": "{(EgoVehicle↦4.0000001192092896),(Vehicles2↦-4.0000001192092896),(Vehicles3↦4.0000001192092896),(Vehicles4↦0.0),(Vehicles5↦-4.0000001192092896)}",
        "VehiclesVy": "{(EgoVehicle↦0.0),(Vehicles2↦0.0),(Vehicles3↦0.0),(Vehicles4↦0.0),(Vehicles5↦0.0)}",
        "VehiclesX": "{(EgoVehicle↦200.0),(Vehicles2↦14.3028125166893),(Vehicles3↦17.75539219379425),(Vehicles4↦38.44150006771088),(Vehicles5↦77.97812223434448)}"
      },
      "probabilisticVariables": null,
      "activating": [
        "IDLE_43"
      ],
      "activatingOnlyWhenExecuted": true,
      "updating": null,
      "withPredicate": null
    },
    {
      "id": "IDLE_43",
      "execute": "IDLE",
      "after": "1000",
      "priority": 0,
      "additionalGuards": null,
      "activationKind": null,
      "fixedVariables": {
        "Crash": "FALSE",
        "VehiclesAy": "{(EgoVehicle↦0.0),(Vehicles2↦0.0),(Vehicles3↦0.0),(Vehicles4↦0.0),(Vehicles5↦0.0)}",
        "Reward": "0.7000000000000001",
        "VehiclesAx": "{(EgoVehicle↦0.0),(Vehicles2↦-0.029604360461235046),(Vehicles3↦0.028891488909721375),(Vehicles4↦0.01650899648666382),(Vehicles5↦-0.8044220320880413)}",
        "VehiclesVx": "{(EgoVehicle↦20.0),(Vehicles2↦0.5607429891824722),(Vehicles3↦-0.8604133874177933),(Vehicles4↦1.2581641972064972),(Vehicles5↦-0.5616384372115135)}",
        "VehiclesY": "{(EgoVehicle↦4.0000001192092896),(Vehicles2↦-4.0000001192092896),(Vehicles3↦4.0000001192092896),(Vehicles4↦0.0),(Vehicles5↦4.0000001192092896)}",
        "VehiclesVy": "{(EgoVehicle↦0.0),(Vehicles2↦0.0),(Vehicles3↦0.0),(Vehicles4↦0.0),(Vehicles5↦0.0)}",
        "VehiclesX": "{(EgoVehicle↦200.0),(Vehicles2↦14.88116979598999),(Vehicles3↦16.877689957618713),(Vehicles4↦39.68985080718994),(Vehicles5↦77.46899724006653)}"
      },
      "probabilisticVariables": null,
      "activating": [
        "IDLE_44"
      ],
      "activatingOnlyWhenExecuted": true,
      "updating": null,
      "withPredicate": null
    },
    {
      "id": "IDLE_44",
      "execute": "IDLE",
      "after": "1000",
      "priority": 0,
      "additionalGuards": null,
      "activationKind": null,
      "fixedVariables": {
        "Crash": "FALSE",
        "VehiclesAy": "{(EgoVehicle↦0.0),(Vehicles2↦0.0),(Vehicles3↦0.0),(Vehicles4↦0.0),(Vehicles5↦0.0)}",
        "Reward": "0.7000000000000001",
        "VehiclesAx": "{(EgoVehicle↦0.0),(Vehicles2↦-0.027744770050048828),(Vehicles3↦0.028302595019340515),(Vehicles4↦0.015376806259155273),(Vehicles5↦0.02712678164243698)}",
        "VehiclesVx": "{(EgoVehicle↦20.0),(Vehicles2↦0.5329982191324234),(Vehicles3↦-0.8321107923984528),(Vehicles4↦1.2735410034656525),(Vehicles5↦-0.5345116555690765)}",
        "VehiclesY": "{(EgoVehicle↦4.0000001192092896),(Vehicles2↦-4.0000001192092896),(Vehicles3↦4.0000001192092896),(Vehicles4↦0.0),(Vehicles5↦4.0000001192092896)}",
        "VehiclesVy": "{(EgoVehicle↦0.0),(Vehicles2↦0.0),(Vehicles3↦0.0),(Vehicles4↦0.0),(Vehicles5↦0.0)}",
        "VehiclesX": "{(EgoVehicle↦200.0),(Vehicles2↦15.430665016174316),(Vehicles3↦16.028645634651184),(Vehicles4↦40.95425307750702),(Vehicles5↦76.91829204559326)}"
      },
      "probabilisticVariables": null,
      "activating": [
        "IDLE_45"
      ],
      "activatingOnlyWhenExecuted": true,
      "updating": null,
      "withPredicate": null
    },
    {
      "id": "IDLE_45",
      "execute": "IDLE",
      "after": "1000",
      "priority": 0,
      "additionalGuards": null,
      "activationKind": null,
      "fixedVariables": {
        "Crash": "FALSE",
        "VehiclesAy": "{(EgoVehicle↦0.0),(Vehicles2↦0.0),(Vehicles3↦0.0),(Vehicles4↦0.0),(Vehicles5↦0.0)}",
        "Reward": "0.7000000000000001",
        "VehiclesAx": "{(EgoVehicle↦0.0),(Vehicles2↦-1.3374095410108566),(Vehicles3↦1.3392508402466774),(Vehicles4↦0.014318227767944336),(Vehicles5↦0.026123076677322388)}",
        "VehiclesVx": "{(EgoVehicle↦20.0),(Vehicles2↦-0.8044113218784332),(Vehicles3↦0.5071400478482246),(Vehicles4↦1.2878592312335968),(Vehicles5↦-0.5083885788917542)}",
        "VehiclesY": "{(EgoVehicle↦4.0000001192092896),(Vehicles2↦4.0000001192092896),(Vehicles3↦-4.0000001192092896),(Vehicles4↦0.0),(Vehicles5↦4.0000001192092896)}",
        "VehiclesVy": "{(EgoVehicle↦0.0),(Vehicles2↦0.0),(Vehicles3↦0.0),(Vehicles4↦0.0),(Vehicles5↦0.0)}",
        "VehiclesX": "{(EgoVehicle↦200.0),(Vehicles2↦15.207663178443909),(Vehicles3↦15.953168272972107),(Vehicles4↦42.233604192733765),(Vehicles5↦76.3943076133728)}"
      },
      "probabilisticVariables": null,
      "activating": [
        "SLOWER_46"
      ],
      "activatingOnlyWhenExecuted": true,
      "updating": null,
      "withPredicate": null
    },
    {
      "id": "SLOWER_46",
      "execute": "SLOWER",
      "after": "1000",
      "priority": 0,
      "additionalGuards": null,
      "activationKind": null,
      "fixedVariables": {
        "Crash": "FALSE",
        "VehiclesAy": "{(EgoVehicle↦0.0),(Vehicles2↦0.0),(Vehicles3↦0.0),(Vehicles4↦0.0),(Vehicles5↦0.0)}",
        "Reward": "0.7000000000000001",
        "VehiclesAx": "{(EgoVehicle↦0.0),(Vehicles2↦0.0270882248878479),(Vehicles3↦-0.02396523952484131),(Vehicles4↦0.01332804560661316),(Vehicles5↦0.02517830580472946)}",
        "VehiclesVx": "{(EgoVehicle↦20.0),(Vehicles2↦-0.7773230969905853),(Vehicles3↦0.48317480832338333),(Vehicles4↦1.30118727684021),(Vehicles5↦-0.4832102730870247)}",
        "VehiclesY": "{(EgoVehicle↦4.0000001192092896),(Vehicles2↦4.0000001192092896),(Vehicles3↦-4.0000001192092896),(Vehicles4↦0.0),(Vehicles5↦4.0000001192092896)}",
        "VehiclesVy": "{(EgoVehicle↦0.0),(Vehicles2↦0.0),(Vehicles3↦0.0),(Vehicles4↦0.0),(Vehicles5↦0.0)}",
        "VehiclesX": "{(EgoVehicle↦200.0),(Vehicles2↦14.414136111736298),(Vehicles3↦16.45057201385498),(Vehicles4↦43.526870012283325),(Vehicles5↦75.89606642723083)}"
      },
      "probabilisticVariables": null,
      "activating": [
        "SLOWER_47"
      ],
      "activatingOnlyWhenExecuted": true,
      "updating": null,
      "withPredicate": null
    },
    {
      "id": "SLOWER_47",
      "execute": "SLOWER",
      "after": "1000",
      "priority": 0,
      "additionalGuards": null,
      "activationKind": null,
      "fixedVariables": {
        "Crash": "FALSE",
        "VehiclesAy": "{(EgoVehicle↦0.0),(Vehicles2↦0.0),(Vehicles3↦0.0),(Vehicles4↦0.0),(Vehicles5↦0.0)}",
        "Reward": "0.7000000000000001",
        "VehiclesAx": "{(EgoVehicle↦0.0),(Vehicles2↦0.02647414803504944),(Vehicles3↦-0.022084377706050873),(Vehicles4↦0.012401342391967773),(Vehicles5↦0.024287663400173187)}",
        "VehiclesVx": "{(EgoVehicle↦20.0),(Vehicles2↦-0.7508489489555359),(Vehicles3↦0.46109043061733246),(Vehicles4↦1.3135886192321777),(Vehicles5↦-0.4589226096868515)}",
        "VehiclesY": "{(EgoVehicle↦4.0000001192092896),(Vehicles2↦4.0000001192092896),(Vehicles3↦-4.0000001192092896),(Vehicles4↦0.0),(Vehicles5↦4.0000001192092896)}",
        "VehiclesVy": "{(EgoVehicle↦0.0),(Vehicles2↦0.0),(Vehicles3↦0.0),(Vehicles4↦0.0),(Vehicles5↦0.0)}",
        "VehiclesX": "{(EgoVehicle↦200.0),(Vehicles2↦13.647451996803284),(Vehicles3↦16.924762725830078),(Vehicles4↦44.83309090137482),(Vehicles5↦75.42263865470886)}"
      },
      "probabilisticVariables": null,
      "activating": [
        "SLOWER_48"
      ],
      "activatingOnlyWhenExecuted": true,
      "updating": null,
      "withPredicate": null
    },
    {
      "id": "SLOWER_48",
      "execute": "SLOWER",
      "after": "1000",
      "priority": 0,
      "additionalGuards": null,
      "activationKind": null,
      "fixedVariables": {
        "Crash": "FALSE",
        "VehiclesAy": "{(EgoVehicle↦0.0),(Vehicles2↦0.0),(Vehicles3↦0.0),(Vehicles4↦0.0),(Vehicles5↦0.0)}",
        "Reward": "0.7000000000000001",
        "VehiclesAx": "{(EgoVehicle↦0.0),(Vehicles2↦0.025861337780952454),(Vehicles3↦-0.02023175358772278),(Vehicles4↦0.011533796787261963),(Vehicles5↦0.023446977138519287)}",
        "VehiclesVx": "{(EgoVehicle↦20.0),(Vehicles2↦-0.7249876111745834),(Vehicles3↦0.4408586770296097),(Vehicles4↦1.3251224160194397),(Vehicles5↦-0.4354756325483322)}",
        "VehiclesY": "{(EgoVehicle↦4.0000001192092896),(Vehicles2↦4.0000001192092896),(Vehicles3↦-4.0000001192092896),(Vehicles4↦0.0),(Vehicles5↦4.0000001192092896)}",
        "VehiclesVy": "{(EgoVehicle↦0.0),(Vehicles2↦0.0),(Vehicles3↦0.0),(Vehicles4↦0.0),(Vehicles5↦0.0)}",
        "VehiclesX": "{(EgoVehicle↦200.0),(Vehicles2↦12.906995415687561),(Vehicles3↦17.377613484859467),(Vehicles4↦46.151360869407654),(Vehicles5↦74.97316002845764)}"
      },
      "probabilisticVariables": null,
      "activating": [
        "SLOWER_49"
      ],
      "activatingOnlyWhenExecuted": true,
      "updating": null,
      "withPredicate": null
    },
    {
      "id": "SLOWER_49",
      "execute": "SLOWER",
      "after": "1000",
      "priority": 0,
      "additionalGuards": null,
      "activationKind": null,
      "fixedVariables": {
        "Crash": "FALSE",
        "VehiclesAy": "{(EgoVehicle↦0.0),(Vehicles2↦0.0),(Vehicles3↦0.0),(Vehicles4↦0.0),(Vehicles5↦0.0)}",
        "Reward": "0.7000000000000001",
        "VehiclesAx": "{(EgoVehicle↦0.0),(Vehicles2↦0.025253072381019592),(Vehicles3↦-0.018421262502670288),(Vehicles4↦0.010721385478973389),(Vehicles5↦0.022652335464954376)}",
        "VehiclesVx": "{(EgoVehicle↦20.0),(Vehicles2↦-0.6997345387935638),(Vehicles3↦0.4224374145269394),(Vehicles4↦1.335843801498413),(Vehicles5↦-0.41282329708337784)}",
        "VehiclesY": "{(EgoVehicle↦4.0000001192092896),(Vehicles2↦4.0000001192092896),(Vehicles3↦-4.0000001192092896),(Vehicles4↦0.0),(Vehicles5↦4.0000001192092896)}",
        "VehiclesVy": "{(EgoVehicle↦0.0),(Vehicles2↦0.0),(Vehicles3↦0.0),(Vehicles4↦0.0),(Vehicles5↦0.0)}",
        "VehiclesX": "{(EgoVehicle↦200.0),(Vehicles2↦12.192157655954361),(Vehicles3↦17.810961604118347),(Vehicles4↦47.480833530426025),(Vehicles5↦74.54680800437927)}"
      },
      "probabilisticVariables": null,
      "activating": [
        "SLOWER_50"
      ],
      "activatingOnlyWhenExecuted": true,
      "updating": null,
      "withPredicate": null
    },
    {
      "id": "SLOWER_50",
      "execute": "SLOWER",
      "after": "1000",
      "priority": 0,
      "additionalGuards": null,
      "activationKind": null,
      "fixedVariables": {
        "Crash": "FALSE",
        "VehiclesAy": "{(EgoVehicle↦0.0),(Vehicles2↦0.0),(Vehicles3↦0.0),(Vehicles4↦0.0),(Vehicles5↦0.0)}",
        "Reward": "0.7000000000000001",
        "VehiclesAx": "{(EgoVehicle↦0.0),(Vehicles2↦0.024652034044265747),(Vehicles3↦-0.01666449010372162),(Vehicles4↦0.009960830211639404),(Vehicles5↦0.021900348365306854)}",
        "VehiclesVx": "{(EgoVehicle↦20.0),(Vehicles2↦-0.6750825047492981),(Vehicles3↦0.4057729244232178),(Vehicles4↦1.3458046317100525),(Vehicles5↦-0.390922948718071)}",
        "VehiclesY": "{(EgoVehicle↦4.0000001192092896),(Vehicles2↦4.0000001192092896),(Vehicles3↦-4.0000001192092896),(Vehicles4↦0.0),(Vehicles5↦4.0000001192092896)}",
        "VehiclesVy": "{(EgoVehicle↦0.0),(Vehicles2↦0.0),(Vehicles3↦0.0),(Vehicles4↦0.0),(Vehicles5↦0.0)}",
        "VehiclesX": "{(EgoVehicle↦200.0),(Vehicles2↦11.502332240343094),(Vehicles3↦18.22659522294998),(Vehicles4↦48.8207221031189),(Vehicles5↦74.1428017616272)}"
      },
      "probabilisticVariables": null,
      "activating": [
        "SLOWER_51"
      ],
      "activatingOnlyWhenExecuted": true,
      "updating": null,
      "withPredicate": null
    },
    {
      "id": "SLOWER_51",
      "execute": "SLOWER",
      "after": "1000",
      "priority": 0,
      "additionalGuards": null,
      "activationKind": null,
      "fixedVariables": {
        "Crash": "FALSE",
        "VehiclesAy": "{(EgoVehicle↦0.0),(Vehicles2↦0.0),(Vehicles3↦0.0),(Vehicles4↦0.0),(Vehicles5↦0.0)}",
        "Reward": "0.7000000000000001",
        "VehiclesAx": "{(EgoVehicle↦0.0),(Vehicles2↦0.024060159921646118),(Vehicles3↦-0.014971047639846802),(Vehicles4↦0.009248405694961548),(Vehicles5↦0.021187812089920044)}",
        "VehiclesVx": "{(EgoVehicle↦20.0),(Vehicles2↦-0.651022344827652),(Vehicles3↦0.39080187678337097),(Vehicles4↦1.355053037405014),(Vehicles5↦-0.36973513662815094)}",
        "VehiclesY": "{(EgoVehicle↦4.0000001192092896),(Vehicles2↦4.0000001192092896),(Vehicles3↦-4.0000001192092896),(Vehicles4↦0.0),(Vehicles5↦4.0000001192092896)}",
        "VehiclesVy": "{(EgoVehicle↦0.0),(Vehicles2↦0.0),(Vehicles3↦0.0),(Vehicles4↦0.0),(Vehicles5↦0.0)}",
        "VehiclesX": "{(EgoVehicle↦200.0),(Vehicles2↦10.836920142173767),(Vehicles3↦18.626247346401215),(Vehicles4↦50.170278549194336),(Vehicles5↦73.76041412353516)}"
      },
      "probabilisticVariables": null,
      "activating": [
        "SLOWER_52"
      ],
      "activatingOnlyWhenExecuted": true,
      "updating": null,
      "withPredicate": null
    },
    {
      "id": "SLOWER_52",
      "execute": "SLOWER",
      "after": "1000",
      "priority": 0,
      "additionalGuards": null,
      "activationKind": null,
      "fixedVariables": {
        "Crash": "FALSE",
        "VehiclesAy": "{(EgoVehicle↦0.0),(Vehicles2↦0.0),(Vehicles3↦0.0),(Vehicles4↦0.0),(Vehicles5↦0.0)}",
        "Reward": "0.7000000000000001",
        "VehiclesAx": "{(EgoVehicle↦0.0),(Vehicles2↦0.023479163646697998),(Vehicles3↦-0.013348385691642761),(Vehicles4↦0.008581429719924927),(Vehicles5↦0.020512007176876068)}",
        "VehiclesVx": "{(EgoVehicle↦20.0),(Vehicles2↦-0.627543181180954),(Vehicles3↦0.3774534910917282),(Vehicles4↦1.363634467124939),(Vehicles5↦-0.34922312945127487)}",
        "VehiclesY": "{(EgoVehicle↦4.0000001192092896),(Vehicles2↦4.0000001192092896),(Vehicles3↦-4.0000001192092896),(Vehicles4↦0.0),(Vehicles5↦4.0000001192092896)}",
        "VehiclesVy": "{(EgoVehicle↦0.0),(Vehicles2↦0.0),(Vehicles3↦0.0),(Vehicles4↦0.0),(Vehicles5↦0.0)}",
        "VehiclesX": "{(EgoVehicle↦200.0),(Vehicles2↦10.195335745811462),(Vehicles3↦19.0115824341774),(Vehicles4↦51.52881741523743),(Vehicles5↦73.39893579483032)}"
      },
      "probabilisticVariables": null,
      "activating": [
        "SLOWER_53"
      ],
      "activatingOnlyWhenExecuted": true,
      "updating": null,
      "withPredicate": null
    },
    {
      "id": "SLOWER_53",
      "execute": "SLOWER",
      "after": "1000",
      "priority": 0,
      "additionalGuards": null,
      "activationKind": null,
      "fixedVariables": {
        "Crash": "FALSE",
        "VehiclesAy": "{(EgoVehicle↦0.0),(Vehicles2↦0.0),(Vehicles3↦0.0),(Vehicles4↦0.0),(Vehicles5↦0.0)}",
        "Reward": "0.7000000000000001",
        "VehiclesAx": "{(EgoVehicle↦0.0),(Vehicles2↦0.02291020005941391),(Vehicles3↦-0.011802129447460175),(Vehicles4↦0.007956922054290771),(Vehicles5↦0.019870251417160034)}",
        "VehiclesVx": "{(EgoVehicle↦20.0),(Vehicles2↦-0.6046329811215401),(Vehicles3↦0.36565136164426804),(Vehicles4↦1.3715913891792297),(Vehicles5↦-0.32935287803411484)}",
        "VehiclesY": "{(EgoVehicle↦4.0000001192092896),(Vehicles2↦4.0000001192092896),(Vehicles3↦-4.0000001192092896),(Vehicles4↦0.0),(Vehicles5↦4.0000001192092896)}",
        "VehiclesVy": "{(EgoVehicle↦0.0),(Vehicles2↦0.0),(Vehicles3↦0.0),(Vehicles4↦0.0),(Vehicles5↦0.0)}",
        "VehiclesX": "{(EgoVehicle↦200.0),(Vehicles2↦9.577001631259918),(Vehicles3↦19.384194910526276),(Vehicles4↦52.89568305015564),(Vehicles5↦73.05771112442017)}"
      },
      "probabilisticVariables": null,
      "activating": [
        "SLOWER_54"
      ],
      "activatingOnlyWhenExecuted": true,
      "updating": null,
      "withPredicate": null
    },
    {
      "id": "SLOWER_54",
      "execute": "SLOWER",
      "after": "1000",
      "priority": 0,
      "additionalGuards": null,
      "activationKind": null,
      "fixedVariables": {
        "Crash": "FALSE",
        "VehiclesAy": "{(EgoVehicle↦0.0),(Vehicles2↦0.0),(Vehicles3↦0.0),(Vehicles4↦0.0),(Vehicles5↦0.0)}",
        "Reward": "0.7000000000000001",
        "VehiclesAx": "{(EgoVehicle↦0.0),(Vehicles2↦0.022354163229465485),(Vehicles3↦-0.010336153209209442),(Vehicles4↦0.007372498512268066),(Vehicles5↦0.019260235130786896)}",
        "VehiclesVx": "{(EgoVehicle↦20.0),(Vehicles2↦-0.5822788178920746),(Vehicles3↦0.3553152084350586),(Vehicles4↦1.3789638876914978),(Vehicles5↦-0.31009264290332794)}",
        "VehiclesY": "{(EgoVehicle↦4.0000001192092896),(Vehicles2↦4.0000001192092896),(Vehicles3↦-4.0000001192092896),(Vehicles4↦0.0),(Vehicles5↦4.0000001192092896)}",
        "VehiclesVy": "{(EgoVehicle↦0.0),(Vehicles2↦0.0),(Vehicles3↦0.0),(Vehicles4↦0.0),(Vehicles5↦0.0)}",
        "VehiclesX": "{(EgoVehicle↦200.0),(Vehicles2↦8.981354534626007),(Vehicles3↦19.74559724330902),(Vehicles4↦54.270267486572266),(Vehicles5↦72.73610830307007)}"
      },
      "probabilisticVariables": null,
      "activating": [
        "SLOWER_55"
      ],
      "activatingOnlyWhenExecuted": true,
      "updating": null,
      "withPredicate": null
    },
    {
      "id": "SLOWER_55",
      "execute": "SLOWER",
      "after": "1000",
      "priority": 0,
      "additionalGuards": null,
      "activationKind": null,
      "fixedVariables": {
        "Crash": "FALSE",
        "VehiclesAy": "{(EgoVehicle↦0.0),(Vehicles2↦0.0),(Vehicles3↦0.0),(Vehicles4↦0.0),(Vehicles5↦0.0)}",
        "Reward": "0.7000000000000001",
        "VehiclesAx": "{(EgoVehicle↦0.0),(Vehicles2↦0.02181161195039749),(Vehicles3↦-0.008953027427196503),(Vehicles4↦0.006826072931289673),(Vehicles5↦0.018679779022932053)}",
        "VehiclesVx": "{(EgoVehicle↦20.0),(Vehicles2↦-0.5604672059416771),(Vehicles3↦0.3463621810078621),(Vehicles4↦1.3857899606227875),(Vehicles5↦-0.2914128638803959)}",
        "VehiclesY": "{(EgoVehicle↦4.0000001192092896),(Vehicles2↦4.0000001192092896),(Vehicles3↦-4.0000001192092896),(Vehicles4↦0.0),(Vehicles5↦4.0000001192092896)}",
        "VehiclesVy": "{(EgoVehicle↦0.0),(Vehicles2↦0.0),(Vehicles3↦0.0),(Vehicles4↦0.0),(Vehicles5↦0.0)}",
        "VehiclesX": "{(EgoVehicle↦200.0),(Vehicles2↦8.407843112945557),(Vehicles3↦20.097224414348602),(Vehicles4↦55.65200448036194),(Vehicles5↦72.43353128433228)}"
      },
      "probabilisticVariables": null,
      "activating": [
        "SLOWER_56"
      ],
      "activatingOnlyWhenExecuted": true,
      "updating": null,
      "withPredicate": null
    },
    {
      "id": "SLOWER_56",
      "execute": "SLOWER",
      "after": "1000",
      "priority": 0,
      "additionalGuards": null,
      "activationKind": null,
      "fixedVariables": {
        "Crash": "FALSE",
        "VehiclesAy": "{(EgoVehicle↦0.0),(Vehicles2↦0.0),(Vehicles3↦0.0),(Vehicles4↦0.0),(Vehicles5↦0.0)}",
        "Reward": "0.7000000000000001",
        "VehiclesAx": "{(EgoVehicle↦0.0),(Vehicles2↦0.02128303050994873),(Vehicles3↦-0.007653757929801941),(Vehicles4↦0.00631481409072876),(Vehicles5↦0.01812698319554329)}",
        "VehiclesVx": "{(EgoVehicle↦20.0),(Vehicles2↦-0.5391841754317284),(Vehicles3↦0.33870842307806015),(Vehicles4↦1.3921047747135162),(Vehicles5↦-0.2732858806848526)}",
        "VehiclesY": "{(EgoVehicle↦4.0000001192092896),(Vehicles2↦4.0000001192092896),(Vehicles3↦-4.0000001192092896),(Vehicles4↦0.0),(Vehicles5↦4.0000001192092896)}",
        "VehiclesVy": "{(EgoVehicle↦0.0),(Vehicles2↦0.0),(Vehicles3↦0.0),(Vehicles4↦0.0),(Vehicles5↦0.0)}",
        "VehiclesX": "{(EgoVehicle↦200.0),(Vehicles2↦7.855930924415588),(Vehicles3↦20.440423488616943),(Vehicles4↦57.04035758972168),(Vehicles5↦72.14941382408142)}"
      },
      "probabilisticVariables": null,
      "activating": [
        "SLOWER_57"
      ],
      "activatingOnlyWhenExecuted": true,
      "updating": null,
      "withPredicate": null
    },
    {
      "id": "SLOWER_57",
      "execute": "SLOWER",
      "after": "1000",
      "priority": 0,
      "additionalGuards": null,
      "activationKind": null,
      "fixedVariables": {
        "Crash": "FALSE",
        "VehiclesAy": "{(EgoVehicle↦0.0),(Vehicles2↦0.0),(Vehicles3↦0.0),(Vehicles4↦0.0),(Vehicles5↦0.0)}",
        "Reward": "0.7000000000000001",
        "VehiclesAx": "{(EgoVehicle↦0.0),(Vehicles2↦0.020768605172634125),(Vehicles3↦-0.006438344717025757),(Vehicles4↦0.005837380886077881),(Vehicles5↦0.017600003629922867)}",
        "VehiclesVx": "{(EgoVehicle↦20.0),(Vehicles2↦-0.5184155702590942),(Vehicles3↦0.3322700783610344),(Vehicles4↦1.3979421555995941),(Vehicles5↦-0.25568587705492973)}",
        "VehiclesY": "{(EgoVehicle↦4.0000001192092896),(Vehicles2↦4.0000001192092896),(Vehicles3↦-4.0000001192092896),(Vehicles4↦0.0),(Vehicles5↦4.0000001192092896)}",
        "VehiclesVy": "{(EgoVehicle↦0.0),(Vehicles2↦0.0),(Vehicles3↦0.0),(Vehicles4↦0.0),(Vehicles5↦0.0)}",
        "VehiclesX": "{(EgoVehicle↦200.0),(Vehicles2↦7.3250941932201385),(Vehicles3↦20.77646404504776),(Vehicles4↦58.43483805656433),(Vehicles5↦71.88320755958557)}"
      },
      "probabilisticVariables": null,
      "activating": [
        "SLOWER_58"
      ],
      "activatingOnlyWhenExecuted": true,
      "updating": null,
      "withPredicate": null
    },
    {
      "id": "SLOWER_58",
      "execute": "SLOWER",
      "after": "1000",
      "priority": 0,
      "additionalGuards": null,
      "activationKind": null,
      "fixedVariables": {
        "Crash": "FALSE",
        "VehiclesAy": "{(EgoVehicle↦0.0),(Vehicles2↦0.0),(Vehicles3↦0.0),(Vehicles4↦0.0),(Vehicles5↦0.0)}",
        "Reward": "0.7000000000000001",
        "VehiclesAx": "{(EgoVehicle↦0.0),(Vehicles2↦0.020268522202968597),(Vehicles3↦-0.005305744707584381),(Vehicles4↦0.005391538143157959),(Vehicles5↦0.017097201198339462)}",
        "VehiclesVx": "{(EgoVehicle↦20.0),(Vehicles2↦-0.49814704805612564),(Vehicles3↦0.32696433365345),(Vehicles4↦1.403333693742752),(Vehicles5↦-0.23858867585659027)}",
        "VehiclesY": "{(EgoVehicle↦4.0000001192092896),(Vehicles2↦4.0000001192092896),(Vehicles3↦-4.0000001192092896),(Vehicles4↦0.0),(Vehicles5↦4.0000001192092896)}",
        "VehiclesVy": "{(EgoVehicle↦0.0),(Vehicles2↦0.0),(Vehicles3↦0.0),(Vehicles4↦0.0),(Vehicles5↦0.0)}",
        "VehiclesX": "{(EgoVehicle↦200.0),(Vehicles2↦6.814825534820557),(Vehicles3↦21.106523275375366),(Vehicles4↦59.83496904373169),(Vehicles5↦71.63439989089966)}"
      },
      "probabilisticVariables": null,
      "activating": [
        "SLOWER_59"
      ],
      "activatingOnlyWhenExecuted": true,
      "updating": null,
      "withPredicate": null
    },
    {
      "id": "SLOWER_59",
      "execute": "SLOWER",
      "after": "1000",
      "priority": 0,
      "additionalGuards": null,
      "activationKind": null,
      "fixedVariables": {
        "Crash": "FALSE",
        "VehiclesAy": "{(EgoVehicle↦0.0),(Vehicles2↦0.0),(Vehicles3↦0.0),(Vehicles4↦0.0),(Vehicles5↦0.0)}",
        "Reward": "0.7000000000000001",
        "VehiclesAx": "{(EgoVehicle↦0.0),(Vehicles2↦0.019782595336437225),(Vehicles3↦-0.0042543187737464905),(Vehicles4↦0.004975497722625732),(Vehicles5↦0.016617048531770706)}",
        "VehiclesVx": "{(EgoVehicle↦20.0),(Vehicles2↦-0.4783644527196884),(Vehicles3↦0.3227100148797035),(Vehicles4↦1.4083091914653778),(Vehicles5↦-0.22197162732481956)}",
        "VehiclesY": "{(EgoVehicle↦4.0000001192092896),(Vehicles2↦4.0000001192092896),(Vehicles3↦-4.0000001192092896),(Vehicles4↦0.0),(Vehicles5↦4.0000001192092896)}",
        "VehiclesVy": "{(EgoVehicle↦0.0),(Vehicles2↦0.0),(Vehicles3↦0.0),(Vehicles4↦0.0),(Vehicles5↦0.0)}",
        "VehiclesX": "{(EgoVehicle↦200.0),(Vehicles2↦6.324630230665207),(Vehicles3↦21.431705355644226),(Vehicles4↦61.24032735824585),(Vehicles5↦71.40249609947205)}"
      },
      "probabilisticVariables": null,
      "activating": [
        "SLOWER_60"
      ],
      "activatingOnlyWhenExecuted": true,
      "updating": null,
      "withPredicate": null
    },
    {
      "id": "SLOWER_60",
      "execute": "SLOWER",
      "after": "1000",
      "priority": 0,
      "additionalGuards": null,
      "activationKind": null,
      "fixedVariables": {
        "Crash": "FALSE",
        "VehiclesAy": "{(EgoVehicle↦0.0),(Vehicles2↦0.0),(Vehicles3↦0.0),(Vehicles4↦0.0),(Vehicles5↦0.0)}",
        "Reward": "0.7000000000000001",
        "VehiclesAx": "{(EgoVehicle↦0.0),(Vehicles2↦0.019310936331748962),(Vehicles3↦-0.003281533718109131),(Vehicles4↦0.004588067531585693),(Vehicles5↦0.016158204525709152)}",
        "VehiclesVx": "{(EgoVehicle↦20.0),(Vehicles2↦-0.45905351638793945),(Vehicles3↦0.3194284811615944),(Vehicles4↦1.4128972589969635),(Vehicles5↦-0.2058134227991104)}",
        "VehiclesY": "{(EgoVehicle↦4.0000001192092896),(Vehicles2↦4.0000001192092896),(Vehicles3↦-4.0000001192092896),(Vehicles4↦0.0),(Vehicles5↦4.0000001192092896)}",
        "VehiclesVy": "{(EgoVehicle↦0.0),(Vehicles2↦0.0),(Vehicles3↦0.0),(Vehicles4↦0.0),(Vehicles5↦0.0)}",
        "VehiclesX": "{(EgoVehicle↦200.0),(Vehicles2↦5.854027345776558),(Vehicles3↦21.75302803516388),(Vehicles4↦62.65050172805786),(Vehicles5↦71.18702530860901)}"
      },
      "probabilisticVariables": null,
      "activating": [
        "SLOWER_61"
      ],
      "activatingOnlyWhenExecuted": true,
      "updating": null,
      "withPredicate": null
    },
    {
      "id": "SLOWER_61",
      "execute": "SLOWER",
      "after": "1000",
      "priority": 0,
      "additionalGuards": null,
      "activationKind": null,
      "fixedVariables": {
        "Crash": "FALSE",
        "VehiclesAy": "{(EgoVehicle↦0.0),(Vehicles2↦0.0),(Vehicles3↦0.0),(Vehicles4↦0.0),(Vehicles5↦0.0)}",
        "Reward": "0.7000000000000001",
        "VehiclesAx": "{(EgoVehicle↦0.0),(Vehicles2↦0.018853209912776947),(Vehicles3↦-0.0023844465613365173),(Vehicles4↦0.004227012395858765),(Vehicles5↦0.015719309449195862)}",
        "VehiclesVx": "{(EgoVehicle↦20.0),(Vehicles2↦-0.4402003064751625),(Vehicles3↦0.3170440346002579),(Vehicles4↦1.4171242713928223),(Vehicles5↦-0.19009411334991455)}",
        "VehiclesY": "{(EgoVehicle↦4.0000001192092896),(Vehicles2↦4.0000001192092896),(Vehicles3↦-4.0000001192092896),(Vehicles4↦0.0),(Vehicles5↦4.0000001192092896)}",
        "VehiclesVy": "{(EgoVehicle↦0.0),(Vehicles2↦0.0),(Vehicles3↦0.0),(Vehicles4↦0.0),(Vehicles5↦0.0)}",
        "VehiclesX": "{(EgoVehicle↦200.0),(Vehicles2↦5.402550846338272),(Vehicles3↦22.071434557437897),(Vehicles4↦64.06511664390564),(Vehicles5↦70.98753452301025)}"
      },
      "probabilisticVariables": null,
      "activating": null,
      "activatingOnlyWhenExecuted": true,
      "updating": null,
      "withPredicate": null
    }
  ],
  "listeners": [],
  "metadata": {
    "fileType": "Timed_Trace",
    "formatVersion": 3,
    "savedAt": "2023-08-21T13:22:26.729751Z",
    "creator": "Simulation: HYPOTHESIS_TEST; SIGNIFICANCE : 0.05, PROBABILITY : 0.95, MAX_STEPS_BEFORE_PROPERTY : 0, EXECUTIONS : 1000, PREDICATE : Crash = FALSE, ENDING_TIME : 60000, HYPOTHESIS_CHECKING_TYPE : LEFT_TAILED, CHECKING_TYPE : PREDICATE_INVARIANT",
    "proB2KernelVersion": "4.12.2",
    "proBCliVersion": "1.12.2-final",
    "modelName": "HighwayEnvironment2"
  }
}