{
  "variables": {},
  "activations": [
    {
      "id": "$setup_constants",
      "execute": "$setup_constants",
      "after": "0",
      "priority": 0,
      "additionalGuards": null,
      "activationKind": null,
      "fixedVariables": null,
      "probabilisticVariables": null,
      "activating": null,
      "activatingOnlyWhenExecuted": true,
      "updating": null,
      "withPredicate": null
    },
    {
      "id": "$initialise_machine",
      "execute": "$initialise_machine",
      "after": "0",
      "priority": 0,
      "additionalGuards": null,
      "activationKind": null,
      "fixedVariables": {
        "Crash": "FALSE",
        "VehiclesAy": "{(EgoVehicle↦0.0),(Vehicles2↦0.0),(Vehicles3↦0.0),(Vehicles4↦0.0),(Vehicles5↦0.0)}",
        "Reward": "0.0",
        "VehiclesAx": "{(EgoVehicle↦0.0),(Vehicles2↦0.0),(Vehicles3↦0.0),(Vehicles4↦0.0),(Vehicles5↦0.0)}",
        "VehiclesVx": "{(EgoVehicle↦25.0),(Vehicles2↦-3.3167293667793274),(Vehicles3↦-2.1036960184574127),(Vehicles4↦-1.1434949189424515),(Vehicles5↦-1.1360322684049606)}",
        "VehiclesY": "{(EgoVehicle↦4.0000001192092896),(Vehicles2↦4.0000001192092896),(Vehicles3↦-4.0000001192092896),(Vehicles4↦-4.0000001192092896),(Vehicles5↦-4.0000001192092896)}",
        "VehiclesVy": "{(EgoVehicle↦0.0),(Vehicles2↦0.0),(Vehicles3↦0.0),(Vehicles4↦0.0),(Vehicles5↦0.0)}",
        "VehiclesX": "{(EgoVehicle↦152.4044156074524),(Vehicles2↦22.06500470638275),(Vehicles3↦46.8445360660553),(Vehicles4↦72.48511910438538),(Vehicles5↦98.23936820030212)}"
      },
      "probabilisticVariables": null,
      "activating": [
        "IDLE_2"
      ],
      "activatingOnlyWhenExecuted": true,
      "updating": null,
      "withPredicate": null
    },
    {
      "id": "IDLE_2",
      "execute": "IDLE",
      "after": "1000",
      "priority": 0,
      "additionalGuards": null,
      "activationKind": null,
      "fixedVariables": {
        "Crash": "FALSE",
        "VehiclesAy": "{(EgoVehicle↦0.0),(Vehicles2↦0.0),(Vehicles3↦0.0),(Vehicles4↦0.0),(Vehicles5↦-1.2034952640533447)}",
        "Reward": "0.8333333333333334",
        "VehiclesAx": "{(EgoVehicle↦0.0),(Vehicles2↦-0.5356362462043762),(Vehicles3↦-5.049399584531784),(Vehicles4↦-4.778450056910515),(Vehicles5↦-1.32858045399189)}",
        "VehiclesVx": "{(EgoVehicle↦25.0),(Vehicles2↦-3.8523656129837036),(Vehicles3↦-7.153095602989197),(Vehicles4↦-5.921944975852966),(Vehicles5↦-2.4646127223968506)}",
        "VehiclesY": "{(EgoVehicle↦4.0000001192092896),(Vehicles2↦4.0000001192092896),(Vehicles3↦-4.0000001192092896),(Vehicles4↦-4.0000001192092896),(Vehicles5↦-2.8022743463516235)}",
        "VehiclesVy": "{(EgoVehicle↦0.0),(Vehicles2↦0.0),(Vehicles3↦0.0),(Vehicles4↦0.0),(Vehicles5↦-1.2034952640533447)}",
        "VehiclesX": "{(EgoVehicle↦177.4044156074524),(Vehicles2↦18.544697761535645),(Vehicles3↦42.45709478855133),(Vehicles4↦69.11624073982239),(Vehicles5↦96.52377367019653)}"
      },
      "probabilisticVariables": null,
      "activating": [
        "SLOWER_3"
      ],
      "activatingOnlyWhenExecuted": true,
      "updating": null,
      "withPredicate": null
    },
    {
      "id": "SLOWER_3",
      "execute": "SLOWER",
      "after": "1000",
      "priority": 0,
      "additionalGuards": null,
      "activationKind": null,
      "fixedVariables": {
        "Crash": "FALSE",
        "VehiclesAy": "{(EgoVehicle↦0.0),(Vehicles2↦0.0),(Vehicles3↦0.0),(Vehicles4↦0.0),(Vehicles5↦-1.4909591525793076)}",
        "Reward": "0.7175582990397805",
        "VehiclesAx": "{(EgoVehicle↦-4.341564178466797),(Vehicles2↦3.915707226842642),(Vehicles3↦2.349900007247925),(Vehicles4↦3.1372690200805664),(Vehicles5↦3.2956796884536743)}",
        "VehiclesVx": "{(EgoVehicle↦20.658435821533203),(Vehicles2↦0.06334161385893822),(Vehicles3↦-4.803195595741272),(Vehicles4↦-2.7846759557724),(Vehicles5↦0.8310669660568237)}",
        "VehiclesY": "{(EgoVehicle↦4.0000001192092896),(Vehicles2↦4.0000001192092896),(Vehicles3↦-4.0000001192092896),(Vehicles4↦-4.0000001192092896),(Vehicles5↦-3.9025511741638184)}",
        "VehiclesVy": "{(EgoVehicle↦0.0),(Vehicles2↦0.0),(Vehicles3↦0.0),(Vehicles4↦0.0),(Vehicles5↦-0.28746388852596283)}",
        "VehiclesX": "{(EgoVehicle↦200.0),(Vehicles2↦16.900311410427094),(Vehicles3↦36.73207759857178),(Vehicles4↦64.9859368801117),(Vehicles5↦95.99307179450989)}"
      },
      "probabilisticVariables": null,
      "activating": [
        "LANE_RIGHT_4"
      ],
      "activatingOnlyWhenExecuted": true,
      "updating": null,
      "withPredicate": null
    },
    {
      "id": "LANE_RIGHT_4",
      "execute": "LANE_RIGHT",
      "after": "1000",
      "priority": 0,
      "additionalGuards": null,
      "activationKind": null,
      "fixedVariables": {
        "Crash": "FALSE",
        "VehiclesAy": "{(EgoVehicle↦1.1575503647327423),(Vehicles2↦-1.1575503647327423),(Vehicles3↦-1.1575503647327423),(Vehicles4↦-1.1575503647327423),(Vehicles5↦-1.4609844237565994)}",
        "Reward": "0.7347553717229882",
        "VehiclesAx": "{(EgoVehicle↦-0.6051087379455566),(Vehicles2↦0.3609994240105152),(Vehicles3↦0.01096874475479126),(Vehicles4↦0.3088255226612091),(Vehicles5↦-0.12188412249088287)}",
        "VehiclesVx": "{(EgoVehicle↦20.053327083587646),(Vehicles2↦0.42434103786945343),(Vehicles3↦-4.792226850986481),(Vehicles4↦-2.475850433111191),(Vehicles5↦0.7091828435659409)}",
        "VehiclesY": "{(EgoVehicle↦7.599039316177368),(Vehicles2↦0.4009609669446945),(Vehicles3↦-7.599039316177368),(Vehicles4↦-7.599039316177368),(Vehicles5↦-7.593601226806641)}",
        "VehiclesVy": "{(EgoVehicle↦1.1575503647327423),(Vehicles2↦-1.1575503647327423),(Vehicles3↦-1.1575503647327423),(Vehicles4↦-1.1575503647327423),(Vehicles5↦-1.1735205352306366)}",
        "VehiclesX": "{(EgoVehicle↦200.0),(Vehicles2↦17.557096481323242),(Vehicles3↦32.3147714138031),(Vehicles4↦62.73617148399353),(Vehicles5↦97.20171093940735)}"
      },
      "probabilisticVariables": null,
      "activating": [
        "SLOWER_5"
      ],
      "activatingOnlyWhenExecuted": true,
      "updating": null,
      "withPredicate": null
    },
    {
      "id": "SLOWER_5",
      "execute": "SLOWER",
      "after": "1000",
      "priority": 0,
      "additionalGuards": null,
      "activationKind": null,
      "fixedVariables": {
        "Crash": "FALSE",
        "VehiclesAy": "{(EgoVehicle↦-1.0850363736972213),(Vehicles2↦-0.8988243341445923),(Vehicles3↦1.0850363736972213),(Vehicles4↦2.277010753750801),(Vehicles5↦-2.093670964241028)}",
        "Reward": "0.7336343175706367",
        "VehiclesAx": "{(EgoVehicle↦-0.042040348052978516),(Vehicles2↦-2.0065078884363174),(Vehicles3↦0.27958929538726807),(Vehicles4↦-0.04197463393211365),(Vehicles5↦-0.47125548124313354)}",
        "VehiclesVx": "{(EgoVehicle↦20.011286735534668),(Vehicles2↦-1.582166850566864),(Vehicles3↦-4.512637555599213),(Vehicles4↦-2.5178250670433044),(Vehicles5↦0.2379273623228073)}",
        "VehiclesY": "{(EgoVehicle↦7.975029230117798),(Vehicles2↦-3.2483636140823364),(Vehicles3↦-7.975029230117798),(Vehicles4↦-4.406647324562073),(Vehicles5↦-7.675595998764038)}",
        "VehiclesVy": "{(EgoVehicle↦0.07251399103552103),(Vehicles2↦-2.0563746988773346),(Vehicles3↦-0.07251399103552103),(Vehicles4↦1.1194603890180588),(Vehicles5↦-0.9201504290103912)}",
        "VehiclesX": "{(EgoVehicle↦200.0),(Vehicles2↦17.08075851202011),(Vehicles3↦27.42283344268799),(Vehicles4↦59.79565978050232),(Vehicles5↦97.5711464881897)}"
      },
      "probabilisticVariables": null,
      "activating": [
        "SLOWER_6"
      ],
      "activatingOnlyWhenExecuted": true,
      "updating": null,
      "withPredicate": null
    },
    {
      "id": "SLOWER_6",
      "execute": "SLOWER",
      "after": "1000",
      "priority": 0,
      "additionalGuards": null,
      "activationKind": null,
      "fixedVariables": {
        "Crash": "FALSE",
        "VehiclesAy": "{(EgoVehicle↦-0.06800265837227926),(Vehicles2↦1.8960371799767017),(Vehicles3↦0.06800265837227926),(Vehicles4↦0.9296522289514542),(Vehicles5↦-0.979007612913847)}",
        "Reward": "0.7333734169209144",
        "VehiclesAx": "{(EgoVehicle↦-0.009784698486328125),(Vehicles2↦-1.0493972897529602),(Vehicles3↦1.863839328289032),(Vehicles4↦0.10661303997039795),(Vehicles5↦-0.24319791526068002)}",
        "VehiclesVx": "{(EgoVehicle↦20.00150203704834),(Vehicles2↦-2.631564140319824),(Vehicles3↦-2.6487982273101807),(Vehicles4↦-2.4112120270729065),(Vehicles5↦-0.005270552937872708)}",
        "VehiclesY": "{(EgoVehicle↦7.998446702957153),(Vehicles2↦-3.941336989402771),(Vehicles3↦-7.998446702957153),(Vehicles4↦-0.7409407943487167),(Vehicles5↦-7.979689836502075)}",
        "VehiclesVy": "{(EgoVehicle↦0.004511332663241774),(Vehicles2↦-0.16033751890063286),(Vehicles3↦-0.004511332663241774),(Vehicles4↦2.049112617969513),(Vehicles5↦-0.058857183903455734)}",
        "VehiclesX": "{(EgoVehicle↦200.0),(Vehicles2↦15.061372518539429),(Vehicles3↦23.697729408740997),(Vehicles4↦56.90508484840393),(Vehicles5↦97.70969152450562)}"
      },
      "probabilisticVariables": null,
      "activating": [
        "FASTER_7"
      ],
      "activatingOnlyWhenExecuted": true,
      "updating": null,
      "withPredicate": null
    },
    {
      "id": "FASTER_7",
      "execute": "FASTER",
      "after": "1000",
      "priority": 0,
      "additionalGuards": null,
      "activationKind": null,
      "fixedVariables": {
        "Crash": "FALSE",
        "VehiclesAy": "{(EgoVehicle↦-0.00429055424319813),(Vehicles2↦0.1479695225134492),(Vehicles3↦0.00429055424319813),(Vehicles4↦-5.157531499862671),(Vehicles5↦-0.062490307027474046)}",
        "Reward": "0.8491136478839257",
        "VehiclesAx": "{(EgoVehicle↦4.340260028839111),(Vehicles2↦-4.006195068359375),(Vehicles3↦-2.997797131538391),(Vehicles4↦-4.02257114648819),(Vehicles5↦-4.495230006868951)}",
        "VehiclesVx": "{(EgoVehicle↦24.34176206588745),(Vehicles2↦-6.637759208679199),(Vehicles3↦-5.646595358848572),(Vehicles4↦-6.433783173561096),(Vehicles5↦-4.500500559806824)}",
        "VehiclesY": "{(EgoVehicle↦7.9999330043792725),(Vehicles2↦-3.995504379272461),(Vehicles3↦-7.9999330043792725),(Vehicles4↦-2.883906841278076),(Vehicles5↦-7.99875283241272)}",
        "VehiclesVy": "{(EgoVehicle↦0.00022077842004364356),(Vehicles2↦-0.012367996387183666),(Vehicles3↦-0.00022077842004364356),(Vehicles4↦-3.108418881893158),(Vehicles5↦-0.0036331231240183115)}",
        "VehiclesX": "{(EgoVehicle↦200.0),(Vehicles2↦10.489554703235626),(Vehicles3↦19.231702387332916),(Vehicles4↦51.95280909538269),(Vehicles5↦95.24057507514954)}"
      },
      "probabilisticVariables": null,
      "activating": [
        "SLOWER_8"
      ],
      "activatingOnlyWhenExecuted": true,
      "updating": null,
      "withPredicate": null
    },
    {
      "id": "SLOWER_8",
      "execute": "SLOWER",
      "after": "1000",
      "priority": 0,
      "additionalGuards": null,
      "activationKind": null,
      "fixedVariables": {
        "Crash": "FALSE",
        "VehiclesAy": "{(EgoVehicle↦-0.00021147026473045116),(Vehicles2↦0.011370791180524975),(Vehicles3↦0.00021147026473045116),(Vehicles4↦2.8815853223204613),(Vehicles5↦-0.0038594062243646476)}",
        "Reward": "0.7485801237302868",
        "VehiclesAx": "{(EgoVehicle↦-3.770008087158203),(Vehicles2↦3.441680371761322),(Vehicles3↦4.653119817376137),(Vehicles4↦5.413738414645195),(Vehicles5↦3.6934074014425278)}",
        "VehiclesVx": "{(EgoVehicle↦20.571753978729248),(Vehicles2↦-3.196078836917877),(Vehicles3↦-0.993475541472435),(Vehicles4↦-1.0200447589159012),(Vehicles5↦-0.807093158364296)}",
        "VehiclesY": "{(EgoVehicle↦7.999996662139893),(Vehicles2↦-3.999637484550476),(Vehicles3↦-7.999996662139893),(Vehicles4↦-3.922061562538147),(Vehicles5↦-7.999921560287476)}",
        "VehiclesVy": "{(EgoVehicle↦9.308155313192401E-06),(Vehicles2↦-0.0009972052066586912),(Vehicles3↦-9.308155313192401E-06),(Vehicles4↦-0.22683355957269669),(Vehicles5↦-0.00022628310034633614)}",
        "VehiclesX": "{(EgoVehicle↦200.0),(Vehicles2↦5.733781680464745),(Vehicles3↦16.050854325294495),(Vehicles4↦48.40854108333588),(Vehicles5↦92.78408288955688)}"
      },
      "probabilisticVariables": null,
      "activating": [
        "FASTER_9"
      ],
      "activatingOnlyWhenExecuted": true,
      "updating": null,
      "withPredicate": null
    },
    {
      "id": "FASTER_9",
      "execute": "FASTER",
      "after": "1000",
      "priority": 0,
      "additionalGuards": null,
      "activationKind": null,
      "fixedVariables": {
        "Crash": "FALSE",
        "VehiclesAy": "{(EgoVehicle↦-8.857347495450085E-06),(Vehicles2↦0.0009160669105767738),(Vehicles3↦8.857347495450085E-06),(Vehicles4↦0.21270327386446297),(Vehicles5↦-0.00024060892087618413)}",
        "Reward": "0.8511161754157927",
        "VehiclesAx": "{(EgoVehicle↦3.8451027870178223),(Vehicles2↦-3.6633524298667908),(Vehicles3↦-3.310939446091652),(Vehicles4↦-2.8801237791776657),(Vehicles5↦-3.869193121790886)}",
        "VehiclesVx": "{(EgoVehicle↦24.41685676574707),(Vehicles2↦-6.859431266784668),(Vehicles3↦-4.304414987564087),(Vehicles4↦-3.900168538093567),(Vehicles5↦-4.676286280155182)}",
        "VehiclesY": "{(EgoVehicle↦7.999999523162842),(Vehicles2↦-3.99997079372406),(Vehicles3↦-7.999999523162842),(Vehicles4↦-3.9952268600463867),(Vehicles5↦-7.999995231628418)}",
        "VehiclesVy": "{(EgoVehicle↦4.508078177423158E-07),(Vehicles2↦-8.113829608191736E-05),(Vehicles3↦-4.508078177423158E-07),(Vehicles4↦-0.014130285708233714),(Vehicles5↦-1.4325820529847988E-05)}",
        "VehiclesX": "{(EgoVehicle↦200.0),(Vehicles2↦0.4663325846195221),(Vehicles3↦13.172939419746399),(Vehicles4↦45.68445682525635),(Vehicles5↦89.8427963256836)}"
      },
      "probabilisticVariables": null,
      "activating": [
        "IDLE_10"
      ],
      "activatingOnlyWhenExecuted": true,
      "updating": null,
      "withPredicate": null
    },
    {
      "id": "IDLE_10",
      "execute": "IDLE",
      "after": "1000",
      "priority": 0,
      "additionalGuards": null,
      "activationKind": null,
      "fixedVariables": {
        "Crash": "FALSE",
        "VehiclesAy": "{(EgoVehicle↦-4.361630523419535E-07),(Vehicles2↦7.472122433682671E-05),(Vehicles3↦4.361630523419535E-07),(Vehicles4↦0.013326836851774715),(Vehicles5↦-1.5228538714495699E-05)}",
        "Reward": "0.8646188653496791",
        "VehiclesAx": "{(EgoVehicle↦0.5063509941101074),(Vehicles2↦-0.15010952949523926),(Vehicles3↦-0.20628660917282104),(Vehicles4↦0.1222112774848938),(Vehicles5↦-0.49630671739578247)}",
        "VehiclesVx": "{(EgoVehicle↦24.923207759857178),(Vehicles2↦-7.009540796279907),(Vehicles3↦-4.510701596736908),(Vehicles4↦-3.777957260608673),(Vehicles5↦-5.172592997550964)}",
        "VehiclesY": "{(EgoVehicle↦8.000000238418579),(Vehicles2↦-3.999997615814209),(Vehicles3↦-8.000000238418579),(Vehicles4↦-3.9997315406799316),(Vehicles5↦-7.999999523162842)}",
        "VehiclesVy": "{(EgoVehicle↦1.4644765400362303E-08),(Vehicles2↦-6.417071745090652E-06),(Vehicles3↦-1.4644765400362303E-08),(Vehicles4↦-0.0008034488564589992),(Vehicles5↦-9.027181846477106E-07)}",
        "VehiclesX": "{(EgoVehicle↦200.0),(Vehicles2↦-6.536582857370377),(Vehicles3↦8.723888546228409),(Vehicles4↦41.779348254203796),(Vehicles5↦84.8890483379364)}"
      },
      "probabilisticVariables": null,
      "activating": [
        "SLOWER_11"
      ],
      "activatingOnlyWhenExecuted": true,
      "updating": null,
      "withPredicate": null
    },
    {
      "id": "SLOWER_11",
      "execute": "SLOWER",
      "after": "1000",
      "priority": 0,
      "additionalGuards": null,
      "activationKind": null,
      "fixedVariables": {
        "Crash": "FALSE",
        "VehiclesAy": "{(EgoVehicle↦-1.4047127905314483E-08),(Vehicles2↦6.4164741075956044E-06),(Vehicles3↦-4.300466835971406E-05),(Vehicles4↦0.0008033915399430214),(Vehicles5↦1.4221320299157014E-06)}",
        "Reward": "0.750621963063881",
        "VehiclesAx": "{(EgoVehicle↦-4.274883270263672),(Vehicles2↦6.929754037410021),(Vehicles3↦5.394885763525963),(Vehicles4↦2.9116587340831757),(Vehicles5↦5.178813611273654)}",
        "VehiclesVx": "{(EgoVehicle↦20.648324489593506),(Vehicles2↦-0.0797867588698864),(Vehicles3↦0.8841841667890549),(Vehicles4↦-0.8662985265254974),(Vehicles5↦0.00622061372268945)}",
        "VehiclesY": "{(EgoVehicle↦8.000000238418579),(Vehicles2↦-8.000000238418579),(Vehicles3↦-3.9999858140945435),(Vehicles4↦-8.000000238418579),(Vehicles5↦-7.874544110109127E-07)}",
        "VehiclesVy": "{(EgoVehicle↦5.976374950478203E-10),(Vehicles2↦-5.976374950478203E-10),(Vehicles3↦-4.301931312511442E-05),(Vehicles4↦-5.7316515977845484E-08),(Vehicles5↦2.324850214563412E-06)}",
        "VehiclesX": "{(EgoVehicle↦200.0),(Vehicles2↦6.642574816942215),(Vehicles3↦40.530386567115784),(Vehicles4↦82.08598494529724),(Vehicles5↦87.06214427947998)}"
      },
      "probabilisticVariables": null,
      "activating": [
        "FASTER_12"
      ],
      "activatingOnlyWhenExecuted": true,
      "updating": null,
      "withPredicate": null
    },
    {
      "id": "FASTER_12",
      "execute": "FASTER",
      "after": "1000",
      "priority": 0,
      "additionalGuards": null,
      "activationKind": null,
      "fixedVariables": {
        "Crash": "FALSE",
        "VehiclesAy": "{(EgoVehicle↦-5.687361692707782E-10),(Vehicles2↦5.687361692707782E-10),(Vehicles3↦4.080017092178423E-05),(Vehicles4↦5.367972732983617E-08),(Vehicles5↦2.4583297530966775E-06)}",
        "Reward": "0.8513850596078637",
        "VehiclesAx": "{(EgoVehicle↦3.7786149978637695),(Vehicles2↦-3.7060645408928394),(Vehicles3↦-3.55297289788723),(Vehicles4↦-3.7345345318317413),(Vehicles5↦-3.626863335375674)}",
        "VehiclesVx": "{(EgoVehicle↦24.426939487457275),(Vehicles2↦-3.785851299762726),(Vehicles3↦-2.668788731098175),(Vehicles4↦-4.600833058357239),(Vehicles5↦-3.6206427216529846)}",
        "VehiclesY": "{(EgoVehicle↦8.000000238418579),(Vehicles2↦-8.000000238418579),(Vehicles3↦-3.9999994039535522),(Vehicles4↦-8.000000238418579),(Vehicles5↦-4.508939888125951E-08)}",
        "VehiclesVy": "{(EgoVehicle↦2.8901325777042075E-11),(Vehicles2↦-2.8901325777042075E-11),(Vehicles3↦-2.2191422033301933E-06),(Vehicles4↦-3.6367886480093148E-09),(Vehicles5↦1.3347953853326544E-07)}",
        "VehiclesX": "{(EgoVehicle↦200.0),(Vehicles2↦4.512207210063934),(Vehicles3↦39.43060040473938),(Vehicles4↦79.15206551551819),(Vehicles5↦85.0502610206604)}"
      },
      "probabilisticVariables": null,
      "activating": [
        "FASTER_13"
      ],
      "activatingOnlyWhenExecuted": true,
      "updating": null,
      "withPredicate": null
    },
    {
      "id": "FASTER_13",
      "execute": "FASTER",
      "after": "1000",
      "priority": 0,
      "additionalGuards": null,
      "activationKind": null,
      "fixedVariables": {
        "Crash": "FALSE",
        "VehiclesAy": "{(EgoVehicle↦-2.8244073746463982E-11),(Vehicles2↦2.8244073746463982E-11),(Vehicles3↦2.1071147138229662E-06),(Vehicles4↦3.4078073696264255E-09),(Vehicles5↦1.4103584078384301E-07)}",
        "Reward": "0.980429308261118",
        "VehiclesAx": "{(EgoVehicle↦4.839160442352295),(Vehicles2↦-4.81281191110611),(Vehicles3↦-4.716766178607941),(Vehicles4↦-4.788210988044739),(Vehicles5↦-4.744923412799835)}",
        "VehiclesVx": "{(EgoVehicle↦29.26609992980957),(Vehicles2↦-8.598663210868835),(Vehicles3↦-7.385554909706116),(Vehicles4↦-9.389044046401978),(Vehicles5↦-8.36556613445282)}",
        "VehiclesY": "{(EgoVehicle↦8.000000238418579),(Vehicles2↦-8.000000238418579),(Vehicles3↦-4.0000001192092896),(Vehicles4↦-8.000000238418579),(Vehicles5↦-2.548184330208869E-09)}",
        "VehiclesVy": "{(EgoVehicle↦6.572520305780927E-13),(Vehicles2↦-6.572520305780927E-13),(Vehicles3↦-1.1202748950722707E-07),(Vehicles4↦-2.2898127838288929E-10),(Vehicles5↦7.556302250577573E-09)}",
        "VehiclesX": "{(EgoVehicle↦200.0),(Vehicles2↦-1.9300220534205437),(Vehicles3↦34.14765000343323),(Vehicles4↦71.90167307853699),(Vehicles5↦78.80136370658875)}"
      },
      "probabilisticVariables": null,
      "activating": [
        "IDLE_14"
      ],
      "activatingOnlyWhenExecuted": true,
      "updating": null,
      "withPredicate": null
    },
    {
      "id": "IDLE_14",
      "execute": "IDLE",
      "after": "1000",
      "priority": 0,
      "additionalGuards": null,
      "activationKind": null,
      "fixedVariables": {
        "Crash": "FALSE",
        "VehiclesAy": "{(EgoVehicle↦-6.572520305780927E-13),(Vehicles2↦-5.590745644212802E-09),(Vehicles3↦1.1201311878039633E-07),(Vehicles4↦6.529621288109411E-10),(Vehicles5↦7.547580338496118E-09)}",
        "Reward": "0.99742278956525",
        "VehiclesAx": "{(EgoVehicle↦0.6372547149658203),(Vehicles2↦0.6341767311096191),(Vehicles3↦-2.586734890937805),(Vehicles4↦0.444260835647583),(Vehicles5↦-0.5800521373748779)}",
        "VehiclesVx": "{(EgoVehicle↦29.90335464477539),(Vehicles2↦-7.964486479759216),(Vehicles3↦-9.972289800643921),(Vehicles4↦-8.944783210754395),(Vehicles5↦-8.945618271827698)}",
        "VehiclesY": "{(EgoVehicle↦8.000000238418579),(Vehicles2↦-4.0000001192092896),(Vehicles3↦-8.000000238418579),(Vehicles4↦-1.428257512259279E-10),(Vehicles5↦-4.0000001192092896)}",
        "VehiclesVy": "{(EgoVehicle↦0.0),(Vehicles2↦-5.59140289624338E-09),(Vehicles3↦-1.4370726830748026E-11),(Vehicles4↦4.239808504280518E-10),(Vehicles5↦-8.72191208145523E-12)}",
        "VehiclesX": "{(EgoVehicle↦200.0),(Vehicles2↦26.437830924987793),(Vehicles3↦62.182557582855225),(Vehicles4↦70.10971903800964),(Vehicles5↦114.89460468292236)}"
      },
      "probabilisticVariables": null,
      "activating": [
        "SLOWER_15"
      ],
      "activatingOnlyWhenExecuted": true,
      "updating": null,
      "withPredicate": null
    },
    {
      "id": "SLOWER_15",
      "execute": "SLOWER",
      "after": "1000",
      "priority": 0,
      "additionalGuards": null,
      "activationKind": null,
      "fixedVariables": {
        "Crash": "FALSE",
        "VehiclesAy": "{(EgoVehicle↦0.0),(Vehicles2↦5.313705031539939E-09),(Vehicles3↦1.34736666268509E-11),(Vehicles4↦-4.0031977732724044E-10),(Vehicles5↦-9.201528428093297E-12)}",
        "Reward": "0.8838855799701838",
        "VehiclesAx": "{(EgoVehicle↦-4.257645606994629),(Vehicles2↦4.2768871784210205),(Vehicles3↦4.312269687652588),(Vehicles4↦4.293242394924164),(Vehicles5↦4.258252680301666)}",
        "VehiclesVx": "{(EgoVehicle↦25.64570903778076),(Vehicles2↦-3.687599301338196),(Vehicles3↦-5.660020112991333),(Vehicles4↦-4.651540815830231),(Vehicles5↦-4.6873655915260315)}",
        "VehiclesY": "{(EgoVehicle↦8.000000238418579),(Vehicles2↦-4.0000001192092896),(Vehicles3↦-8.000000238418579),(Vehicles4↦-7.965628157080573E-12),(Vehicles5↦-4.0000001192092896)}",
        "VehiclesVy": "{(EgoVehicle↦0.0),(Vehicles2↦-2.7769786470344116E-10),(Vehicles3↦-8.970602038971265E-13),(Vehicles4↦2.3661073100811336E-11),(Vehicles5↦-4.796163466380676E-13)}",
        "VehiclesX": "{(EgoVehicle↦200.0),(Vehicles2↦20.832207798957825),(Vehicles3↦54.58090901374817),(Vehicles4↦63.52933049201965),(Vehicles5↦108.29852819442749)}"
      },
      "probabilisticVariables": null,
      "activating": [
        "FASTER_16"
      ],
      "activatingOnlyWhenExecuted": true,
      "updating": null,
      "withPredicate": null
    },
    {
      "id": "FASTER_16",
      "execute": "FASTER",
      "after": "1000",
      "priority": 0,
      "additionalGuards": null,
      "activationKind": null,
      "fixedVariables": {
        "Crash": "FALSE",
        "VehiclesAy": "{(EgoVehicle↦0.0),(Vehicles2↦2.639133356296952E-10),(Vehicles3↦8.43769498715119E-13),(Vehicles4↦-2.234656903965515E-11),(Vehicles5↦-5.062616992290714E-13)}",
        "Reward": "0.9847092121771436",
        "VehiclesAx": "{(EgoVehicle↦3.7808871269226074),(Vehicles2↦-3.7852585315704346),(Vehicles3↦-3.72719407081604),(Vehicles4↦-3.7590280175209045),(Vehicles5↦-3.7856128811836243)}",
        "VehiclesVx": "{(EgoVehicle↦29.42659616470337),(Vehicles2↦-7.47285783290863),(Vehicles3↦-9.387214183807373),(Vehicles4↦-8.410568833351135),(Vehicles5↦-8.472978472709656)}",
        "VehiclesY": "{(EgoVehicle↦8.000000238418579),(Vehicles2↦-4.0000001192092896),(Vehicles3↦-8.000000238418579),(Vehicles4↦-4.4364512064021255E-13),(Vehicles5↦-4.0000001192092896)}",
        "VehiclesVy": "{(EgoVehicle↦0.0),(Vehicles2↦-1.3784529073745944E-11),(Vehicles3↦-5.3290705182007514E-14),(Vehicles4↦1.3145040611561853E-12),(Vehicles5↦-2.6645352591003757E-14)}",
        "VehiclesX": "{(EgoVehicle↦200.0),(Vehicles2↦15.058542788028717),(Vehicles3↦46.856725215911865),(Vehicles4↦56.80161714553833),(Vehicles5↦101.52384042739868)}"
      },
      "probabilisticVariables": null,
      "activating": [
        "IDLE_17"
      ],
      "activatingOnlyWhenExecuted": true,
      "updating": null,
      "withPredicate": null
    },
    {
      "id": "IDLE_17",
      "execute": "IDLE",
      "after": "1000",
      "priority": 0,
      "additionalGuards": null,
      "activationKind": null,
      "fixedVariables": {
        "Crash": "FALSE",
        "VehiclesAy": "{(EgoVehicle↦0.0),(Vehicles2↦1.3100631690576847E-11),(Vehicles3↦5.3290705182007514E-14),(Vehicles4↦-1.2434497875801753E-12),(Vehicles5↦-2.6645352591003757E-14)}",
        "Reward": "0.9979863983113934",
        "VehiclesAx": "{(EgoVehicle↦0.497894287109375),(Vehicles2↦-0.5164575576782227),(Vehicles3↦-0.4460865259170532),(Vehicles4↦-0.48434197902679443),(Vehicles5↦-0.505790114402771)}",
        "VehiclesVx": "{(EgoVehicle↦29.924490451812744),(Vehicles2↦-7.989315390586853),(Vehicles3↦-9.833300709724426),(Vehicles4↦-8.89491081237793),(Vehicles5↦-8.978768587112427)}",
        "VehiclesY": "{(EgoVehicle↦8.000000238418579),(Vehicles2↦-4.0000001192092896),(Vehicles3↦-8.000000238418579),(Vehicles4↦-2.7977620220553945E-14),(Vehicles5↦-4.0000001192092896)}",
        "VehiclesVy": "{(EgoVehicle↦0.0),(Vehicles2↦-6.838973831690964E-13),(Vehicles3↦0.0),(Vehicles4↦7.105427357601002E-14),(Vehicles5↦0.0)}",
        "VehiclesX": "{(EgoVehicle↦200.0),(Vehicles2↦7.304457575082779),(Vehicles3↦37.21574246883392),(Vehicles4↦48.122307658195496),(Vehicles5↦92.77322292327881)}"
      },
      "probabilisticVariables": null,
      "activating": [
        "SLOWER_18"
      ],
      "activatingOnlyWhenExecuted": true,
      "updating": null,
      "withPredicate": null
    },
    {
      "id": "SLOWER_18",
      "execute": "SLOWER",
      "after": "1000",
      "priority": 0,
      "additionalGuards": null,
      "activationKind": null,
      "fixedVariables": {
        "Crash": "FALSE",
        "VehiclesAy": "{(EgoVehicle↦0.0),(Vehicles2↦6.572520305780927E-13),(Vehicles3↦0.0),(Vehicles4↦-7.105427357601002E-14),(Vehicles5↦0.0)}",
        "Reward": "0.8839598000519805",
        "VehiclesAx": "{(EgoVehicle↦-4.275999069213867),(Vehicles2↦4.24894392490387),(Vehicles3↦4.325352907180786),(Vehicles4↦4.2846038937568665),(Vehicles5↦4.266359508037567)}",
        "VehiclesVx": "{(EgoVehicle↦25.648491382598877),(Vehicles2↦-3.7403714656829834),(Vehicles3↦-5.50794780254364),(Vehicles4↦-4.610306918621063),(Vehicles5↦-4.71240907907486)}",
        "VehiclesY": "{(EgoVehicle↦8.000000238418579),(Vehicles2↦-4.0000001192092896),(Vehicles3↦-8.000000238418579),(Vehicles4↦-3.9968028886505635E-15),(Vehicles5↦-4.0000001192092896)}",
        "VehiclesVy": "{(EgoVehicle↦0.0),(Vehicles2↦-2.6645352591003757E-14),(Vehicles3↦0.0),(Vehicles4↦0.0),(Vehicles5↦0.0)}",
        "VehiclesX": "{(EgoVehicle↦200.0),(Vehicles2↦1.6637282446026802),(Vehicles3↦29.761287569999695),(Vehicles4↦41.59002900123596),(Vehicles5↦86.14959120750427)}"
      },
      "probabilisticVariables": null,
      "activating": [
        "IDLE_19"
      ],
      "activatingOnlyWhenExecuted": true,
      "updating": null,
      "withPredicate": null
    },
    {
      "id": "IDLE_19",
      "execute": "IDLE",
      "after": "1000",
      "priority": 0,
      "additionalGuards": null,
      "activationKind": null,
      "fixedVariables": {
        "Crash": "FALSE",
        "VehiclesAy": "{(EgoVehicle↦0.0),(Vehicles2↦2.6645352591003757E-14),(Vehicles3↦0.0),(Vehicles4↦0.0),(Vehicles5↦0.0)}",
        "Reward": "0.8689439517215228",
        "VehiclesAx": "{(EgoVehicle↦-0.5630922317504883),(Vehicles2↦0.5309948325157166),(Vehicles3↦0.6096810102462769),(Vehicles4↦0.5688172578811646),(Vehicles5↦0.5526426434516907)}",
        "VehiclesVx": "{(EgoVehicle↦25.08539915084839),(Vehicles2↦-3.209376633167267),(Vehicles3↦-4.898266792297363),(Vehicles4↦-4.041489660739899),(Vehicles5↦-4.159766435623169)}",
        "VehiclesY": "{(EgoVehicle↦8.000000238418579),(Vehicles2↦-4.0000001192092896),(Vehicles3↦-8.000000238418579),(Vehicles4↦-3.9968028886505635E-15),(Vehicles5↦-4.0000001192092896)}",
        "VehiclesVy": "{(EgoVehicle↦0.0),(Vehicles2↦0.0),(Vehicles3↦0.0),(Vehicles4↦0.0),(Vehicles5↦0.0)}",
        "VehiclesX": "{(EgoVehicle↦200.0),(Vehicles2↦-1.7785422503948212),(Vehicles3↦24.582840502262115),(Vehicles4↦37.29282021522522),(Vehicles5↦81.74367547035217)}"
      },
      "probabilisticVariables": null,
      "activating": [
        "SLOWER_20"
      ],
      "activatingOnlyWhenExecuted": true,
      "updating": null,
      "withPredicate": null
    },
    {
      "id": "SLOWER_20",
      "execute": "SLOWER",
      "after": "1000",
      "priority": 0,
      "additionalGuards": null,
      "activationKind": null,
      "fixedVariables": {
        "Crash": "FALSE",
        "VehiclesAy": "{(EgoVehicle↦0.0),(Vehicles2↦0.0),(Vehicles3↦0.0),(Vehicles4↦0.0),(Vehicles5↦0.0)}",
        "Reward": "0.7511915217630537",
        "VehiclesAx": "{(EgoVehicle↦-4.415717124938965),(Vehicles2↦4.380661770701408),(Vehicles3↦4.459376335144043),(Vehicles4↦4.419812373816967),(Vehicles5↦4.405049812048674)}",
        "VehiclesVx": "{(EgoVehicle↦20.669682025909424),(Vehicles2↦1.1712851375341415),(Vehicles3↦-0.4388904571533203),(Vehicles4↦0.37832271307706833),(Vehicles5↦0.24528337642550468)}",
        "VehiclesY": "{(EgoVehicle↦8.000000238418579),(Vehicles2↦-4.0000001192092896),(Vehicles3↦-8.000000238418579),(Vehicles4↦-3.9968028886505635E-15),(Vehicles5↦-4.0000001192092896)}",
        "VehiclesVy": "{(EgoVehicle↦0.0),(Vehicles2↦0.0),(Vehicles3↦0.0),(Vehicles4↦0.0),(Vehicles5↦0.0)}",
        "VehiclesX": "{(EgoVehicle↦200.0),(Vehicles2↦-2.5657959282398224),(Vehicles3↦22.138243913650513),(Vehicles4↦35.68902909755707),(Vehicles5↦80.01560568809509)}"
      },
      "probabilisticVariables": null,
      "activating": [
        "IDLE_21"
      ],
      "activatingOnlyWhenExecuted": true,
      "updating": null,
      "withPredicate": null
    },
    {
      "id": "IDLE_21",
      "execute": "IDLE",
      "after": "1000",
      "priority": 0,
      "additionalGuards": null,
      "activationKind": null,
      "fixedVariables": {
        "Crash": "FALSE",
        "VehiclesAy": "{(EgoVehicle↦0.0),(Vehicles2↦0.0),(Vehicles3↦0.0),(Vehicles4↦0.0),(Vehicles5↦0.0)}",
        "Reward": "0.7356850289290167",
        "VehiclesAx": "{(EgoVehicle↦-0.5814933776855469),(Vehicles2↦0.5447684973478317),(Vehicles3↦0.6221732497215271),(Vehicles4↦0.584723986685276),(Vehicles5↦0.5709963478147984)}",
        "VehiclesVx": "{(EgoVehicle↦20.088188648223877),(Vehicles2↦1.7160536348819733),(Vehicles3↦0.1832827925682068),(Vehicles4↦0.9630466997623444),(Vehicles5↦0.816279724240303)}",
        "VehiclesY": "{(EgoVehicle↦8.000000238418579),(Vehicles2↦-4.0000001192092896),(Vehicles3↦-8.000000238418579),(Vehicles4↦-3.9968028886505635E-15),(Vehicles5↦-4.0000001192092896)}",
        "VehiclesVy": "{(EgoVehicle↦0.0),(Vehicles2↦0.0),(Vehicles3↦0.0),(Vehicles4↦0.0),(Vehicles5↦0.0)}",
        "VehiclesX": "{(EgoVehicle↦200.0),(Vehicles2↦-1.088318694382906),(Vehicles3↦22.03664928674698),(Vehicles4↦36.38947904109955),(Vehicles5↦80.57745099067688)}"
      },
      "probabilisticVariables": null,
      "activating": [
        "IDLE_22"
      ],
      "activatingOnlyWhenExecuted": true,
      "updating": null,
      "withPredicate": null
    },
    {
      "id": "IDLE_22",
      "execute": "IDLE",
      "after": "1000",
      "priority": 0,
      "additionalGuards": null,
      "activationKind": null,
      "fixedVariables": {
        "Crash": "FALSE",
        "VehiclesAy": "{(EgoVehicle↦0.0),(Vehicles2↦0.0),(Vehicles3↦0.0),(Vehicles4↦0.0),(Vehicles5↦0.0)}",
        "Reward": "0.7336430216422299",
        "VehiclesAx": "{(EgoVehicle↦-0.07657527923583984),(Vehicles2↦0.03898248076438904),(Vehicles3↦0.11428620666265488),(Vehicles4↦0.07939748466014862),(Vehicles5↦0.06649300456047058)}",
        "VehiclesVx": "{(EgoVehicle↦20.011613368988037),(Vehicles2↦1.7550361156463623),(Vehicles3↦0.29756899923086166),(Vehicles4↦1.042444184422493),(Vehicles5↦0.8827727288007736)}",
        "VehiclesY": "{(EgoVehicle↦8.000000238418579),(Vehicles2↦-4.0000001192092896),(Vehicles3↦-8.000000238418579),(Vehicles4↦-3.9968028886505635E-15),(Vehicles5↦-4.0000001192092896)}",
        "VehiclesVy": "{(EgoVehicle↦0.0),(Vehicles2↦0.0),(Vehicles3↦0.0),(Vehicles4↦0.0),(Vehicles5↦0.0)}",
        "VehiclesX": "{(EgoVehicle↦200.0),(Vehicles2↦0.6549867801368237),(Vehicles3↦22.27749675512314),(Vehicles4↦37.39591836929321),(Vehicles5↦81.43190145492554)}"
      },
      "probabilisticVariables": null,
      "activating": [
        "IDLE_23"
      ],
      "activatingOnlyWhenExecuted": true,
      "updating": null,
      "withPredicate": null
    },
    {
      "id": "IDLE_23",
      "execute": "IDLE",
      "after": "1000",
      "priority": 0,
      "additionalGuards": null,
      "activationKind": null,
      "fixedVariables": {
        "Crash": "FALSE",
        "VehiclesAy": "{(EgoVehicle↦0.0),(Vehicles2↦0.0),(Vehicles3↦0.0),(Vehicles4↦0.0),(Vehicles5↦0.0)}",
        "Reward": "0.7333741153328588",
        "VehiclesAx": "{(EgoVehicle↦-0.010085105895996094),(Vehicles2↦-0.027859210968017578),(Vehicles3↦0.044879280030727386),(Vehicles4↦0.012769773602485657),(Vehicles5↦0.0005724281072616577)}",
        "VehiclesVx": "{(EgoVehicle↦20.00152826309204),(Vehicles2↦1.7271769046783447),(Vehicles3↦0.34244827926158905),(Vehicles4↦1.0552139580249786),(Vehicles5↦0.8833451569080353)}",
        "VehiclesY": "{(EgoVehicle↦8.000000238418579),(Vehicles2↦-4.0000001192092896),(Vehicles3↦-8.000000238418579),(Vehicles4↦-3.9968028886505635E-15),(Vehicles5↦-4.0000001192092896)}",
        "VehiclesVy": "{(EgoVehicle↦0.0),(Vehicles2↦0.0),(Vehicles3↦0.0),(Vehicles4↦0.0),(Vehicles5↦0.0)}",
        "VehiclesX": "{(EgoVehicle↦200.0),(Vehicles2↦2.400420792400837),(Vehicles3↦22.5947767496109),(Vehicles4↦38.44500184059143),(Vehicles5↦82.31638669967651)}"
      },
      "probabilisticVariables": null,
      "activating": [
        "IDLE_24"
      ],
      "activatingOnlyWhenExecuted": true,
      "updating": null,
      "withPredicate": null
    },
    {
      "id": "IDLE_24",
      "execute": "IDLE",
      "after": "1000",
      "priority": 0,
      "additionalGuards": null,
      "activationKind": null,
      "fixedVariables": {
        "Crash": "FALSE",
        "VehiclesAy": "{(EgoVehicle↦0.0),(Vehicles2↦0.0),(Vehicles3↦0.0),(Vehicles4↦0.0),(Vehicles5↦0.0)}",
        "Reward": "0.7333387038024067",
        "VehiclesAx": "{(EgoVehicle↦-0.0013279914855957031),(Vehicles2↦-0.03661990165710449),(Vehicles3↦0.033286772668361664),(Vehicles4↦0.004036352038383484),(Vehicles5↦-0.0075151026248931885)}",
        "VehiclesVx": "{(EgoVehicle↦20.000200271606445),(Vehicles2↦1.6905570030212402),(Vehicles3↦0.3757350519299507),(Vehicles4↦1.0592503100633621),(Vehicles5↦0.8758300542831421)}",
        "VehiclesY": "{(EgoVehicle↦8.000000238418579),(Vehicles2↦-4.0000001192092896),(Vehicles3↦-8.000000238418579),(Vehicles4↦-3.9968028886505635E-15),(Vehicles5↦-4.0000001192092896)}",
        "VehiclesVy": "{(EgoVehicle↦0.0),(Vehicles2↦0.0),(Vehicles3↦0.0),(Vehicles4↦0.0),(Vehicles5↦0.0)}",
        "VehiclesX": "{(EgoVehicle↦200.0),(Vehicles2↦4.11314070224762),(Vehicles3↦22.95096516609192),(Vehicles4↦39.50202465057373),(Vehicles5↦83.19686651229858)}"
      },
      "probabilisticVariables": null,
      "activating": [
        "IDLE_25"
      ],
      "activatingOnlyWhenExecuted": true,
      "updating": null,
      "withPredicate": null
    },
    {
      "id": "IDLE_25",
      "execute": "IDLE",
      "after": "1000",
      "priority": 0,
      "additionalGuards": null,
      "activationKind": null,
      "fixedVariables": {
        "Crash": "FALSE",
        "VehiclesAy": "{(EgoVehicle↦0.0),(Vehicles2↦0.0),(Vehicles3↦0.0),(Vehicles4↦0.0),(Vehicles5↦0.0)}",
        "Reward": "0.7333340405555981",
        "VehiclesAx": "{(EgoVehicle↦-0.00017404556274414062),(Vehicles2↦-0.03753364086151123),(Vehicles3↦0.02939235419034958),(Vehicles4↦0.002996698021888733),(Vehicles5↦-0.20371071994304657)}",
        "VehiclesVx": "{(EgoVehicle↦20.0000262260437),(Vehicles2↦1.653023362159729),(Vehicles3↦0.4051274061203003),(Vehicles4↦1.0622470080852509),(Vehicles5↦0.6721193343400955)}",
        "VehiclesY": "{(EgoVehicle↦8.000000238418579),(Vehicles2↦-4.0000001192092896),(Vehicles3↦-8.000000238418579),(Vehicles4↦-3.9968028886505635E-15),(Vehicles5↦-8.000000238418579)}",
        "VehiclesVy": "{(EgoVehicle↦0.0),(Vehicles2↦0.0),(Vehicles3↦0.0),(Vehicles4↦0.0),(Vehicles5↦0.0)}",
        "VehiclesX": "{(EgoVehicle↦200.0),(Vehicles2↦5.788683518767357),(Vehicles3↦23.338697850704193),(Vehicles4↦40.56248962879181),(Vehicles5↦83.9068591594696)}"
      },
      "probabilisticVariables": null,
      "activating": [
        "IDLE_26"
      ],
      "activatingOnlyWhenExecuted": true,
      "updating": null,
      "withPredicate": null
    },
    {
      "id": "IDLE_26",
      "execute": "IDLE",
      "after": "1000",
      "priority": 0,
      "additionalGuards": null,
      "activationKind": null,
      "fixedVariables": {
        "Crash": "FALSE",
        "VehiclesAy": "{(EgoVehicle↦0.0),(Vehicles2↦0.0),(Vehicles3↦0.0),(Vehicles4↦0.0),(Vehicles5↦0.0)}",
        "Reward": "0.7333334264654834",
        "VehiclesAx": "{(EgoVehicle↦-2.384185791015625E-05),(Vehicles2↦-0.0372643768787384),(Vehicles3↦0.026603490114212036),(Vehicles4↦0.0030078738927841187),(Vehicles5↦0.009020045399665833)}",
        "VehiclesVx": "{(EgoVehicle↦20.00000238418579),(Vehicles2↦1.6157589852809906),(Vehicles3↦0.43173089623451233),(Vehicles4↦1.065254881978035),(Vehicles5↦0.6811393797397614)}",
        "VehiclesY": "{(EgoVehicle↦8.000000238418579),(Vehicles2↦-4.0000001192092896),(Vehicles3↦-8.000000238418579),(Vehicles4↦-3.9968028886505635E-15),(Vehicles5↦-8.000000238418579)}",
        "VehiclesVy": "{(EgoVehicle↦0.0),(Vehicles2↦0.0),(Vehicles3↦0.0),(Vehicles4↦0.0),(Vehicles5↦0.0)}",
        "VehiclesX": "{(EgoVehicle↦200.0),(Vehicles2↦7.426764816045761),(Vehicles3↦23.754677176475525),(Vehicles4↦41.62592887878418),(Vehicles5↦84.58283543586731)}"
      },
      "probabilisticVariables": null,
      "activating": [
        "IDLE_27"
      ],
      "activatingOnlyWhenExecuted": true,
      "updating": null,
      "withPredicate": null
    },
    {
      "id": "IDLE_27",
      "execute": "IDLE",
      "after": "1000",
      "priority": 0,
      "additionalGuards": null,
      "activationKind": null,
      "fixedVariables": {
        "Crash": "FALSE",
        "VehiclesAy": "{(EgoVehicle↦0.0),(Vehicles2↦0.0),(Vehicles3↦0.0),(Vehicles4↦0.0),(Vehicles5↦0.0)}",
        "Reward": "0.7333333455976495",
        "VehiclesAx": "{(EgoVehicle↦-2.384185791015625E-06),(Vehicles2↦-0.03671988844871521),(Vehicles3↦0.02405565232038498),(Vehicles4↦0.0031757354736328125),(Vehicles5↦0.006112009286880493)}",
        "VehiclesVx": "{(EgoVehicle↦20.0),(Vehicles2↦1.5790390968322754),(Vehicles3↦0.4557865485548973),(Vehicles4↦1.0684306174516678),(Vehicles5↦0.6872513890266418)}",
        "VehiclesY": "{(EgoVehicle↦8.000000238418579),(Vehicles2↦-4.0000001192092896),(Vehicles3↦-8.000000238418579),(Vehicles4↦-3.9968028886505635E-15),(Vehicles5↦-8.000000238418579)}",
        "VehiclesVy": "{(EgoVehicle↦0.0),(Vehicles2↦0.0),(Vehicles3↦0.0),(Vehicles4↦0.0),(Vehicles5↦0.0)}",
        "VehiclesX": "{(EgoVehicle↦200.0),(Vehicles2↦9.027785807847977),(Vehicles3↦24.19622838497162),(Vehicles4↦42.69244074821472),(Vehicles5↦85.26663780212402)}"
      },
      "probabilisticVariables": null,
      "activating": [
        "IDLE_28"
      ],
      "activatingOnlyWhenExecuted": true,
      "updating": null,
      "withPredicate": null
    },
    {
      "id": "IDLE_28",
      "execute": "IDLE",
      "after": "1000",
      "priority": 0,
      "additionalGuards": null,
      "activationKind": null,
      "fixedVariables": {
        "Crash": "FALSE",
        "VehiclesAy": "{(EgoVehicle↦0.0),(Vehicles2↦0.0),(Vehicles3↦0.0),(Vehicles4↦0.0),(Vehicles5↦0.0)}",
        "Reward": "0.7333333349483873",
        "VehiclesAx": "{(EgoVehicle↦0.0),(Vehicles2↦-0.03603935241699219),(Vehicles3↦0.021636709570884705),(Vehicles4↦0.003370940685272217),(Vehicles5↦0.0035327672958374023)}",
        "VehiclesVx": "{(EgoVehicle↦20.0),(Vehicles2↦1.5429997444152832),(Vehicles3↦0.477423258125782),(Vehicles4↦1.07180155813694),(Vehicles5↦0.6907841563224792)}",
        "VehiclesY": "{(EgoVehicle↦8.000000238418579),(Vehicles2↦-4.0000001192092896),(Vehicles3↦-8.000000238418579),(Vehicles4↦-3.9968028886505635E-15),(Vehicles5↦-8.000000238418579)}",
        "VehiclesVy": "{(EgoVehicle↦0.0),(Vehicles2↦0.0),(Vehicles3↦0.0),(Vehicles4↦0.0),(Vehicles5↦0.0)}",
        "VehiclesX": "{(EgoVehicle↦200.0),(Vehicles2↦10.592350363731384),(Vehicles3↦24.660858511924744),(Vehicles4↦43.76220107078552),(Vehicles5↦85.95549464225769)}"
      },
      "probabilisticVariables": null,
      "activating": [
        "IDLE_29"
      ],
      "activatingOnlyWhenExecuted": true,
      "updating": null,
      "withPredicate": null
    },
    {
      "id": "IDLE_29",
      "execute": "IDLE",
      "after": "1000",
      "priority": 0,
      "additionalGuards": null,
      "activationKind": null,
      "fixedVariables": {
        "Crash": "FALSE",
        "VehiclesAy": "{(EgoVehicle↦0.0),(Vehicles2↦0.0),(Vehicles3↦0.0),(Vehicles4↦0.0),(Vehicles5↦0.0)}",
        "Reward": "0.7333333335460154",
        "VehiclesAx": "{(EgoVehicle↦0.0),(Vehicles2↦-0.03525480628013611),(Vehicles3↦0.01933179795742035),(Vehicles4↦0.0035697966814041138),(Vehicles5↦0.0012324750423431396)}",
        "VehiclesVx": "{(EgoVehicle↦20.0),(Vehicles2↦1.507744938135147),(Vehicles3↦0.49675505608320236),(Vehicles4↦1.0753713548183441),(Vehicles5↦0.6920166313648224)}",
        "VehiclesY": "{(EgoVehicle↦8.000000238418579),(Vehicles2↦-4.0000001192092896),(Vehicles3↦-8.000000238418579),(Vehicles4↦-3.9968028886505635E-15),(Vehicles5↦-8.000000238418579)}",
        "VehiclesVy": "{(EgoVehicle↦0.0),(Vehicles2↦0.0),(Vehicles3↦0.0),(Vehicles4↦0.0),(Vehicles5↦0.0)}",
        "VehiclesX": "{(EgoVehicle↦200.0),(Vehicles2↦12.121181935071945),(Vehicles3↦25.14619529247284),(Vehicles4↦44.83541548252106),(Vehicles5↦86.64695024490356)}"
      },
      "probabilisticVariables": null,
      "activating": [
        "IDLE_30"
      ],
      "activatingOnlyWhenExecuted": true,
      "updating": null,
      "withPredicate": null
    },
    {
      "id": "IDLE_30",
      "execute": "IDLE",
      "after": "1000",
      "priority": 0,
      "additionalGuards": null,
      "activationKind": null,
      "fixedVariables": {
        "Crash": "FALSE",
        "VehiclesAy": "{(EgoVehicle↦0.0),(Vehicles2↦0.0),(Vehicles3↦0.0),(Vehicles4↦0.0),(Vehicles5↦0.0)}",
        "Reward": "0.7333333333613409",
        "VehiclesAx": "{(EgoVehicle↦0.0),(Vehicles2↦-0.03438025712966919),(Vehicles3↦0.01713838428258896),(Vehicles4↦0.003765299916267395),(Vehicles5↦-0.0008189678192138672)}",
        "VehiclesVx": "{(EgoVehicle↦20.0),(Vehicles2↦1.473364681005478),(Vehicles3↦0.5138934403657913),(Vehicles4↦1.0791366547346115),(Vehicles5↦0.6911976635456085)}",
        "VehiclesY": "{(EgoVehicle↦8.000000238418579),(Vehicles2↦-4.0000001192092896),(Vehicles3↦-8.000000238418579),(Vehicles4↦-3.9968028886505635E-15),(Vehicles5↦-8.000000238418579)}",
        "VehiclesVy": "{(EgoVehicle↦0.0),(Vehicles2↦0.0),(Vehicles3↦0.0),(Vehicles4↦0.0),(Vehicles5↦0.0)}",
        "VehiclesX": "{(EgoVehicle↦200.0),(Vehicles2↦13.61510157585144),(Vehicles3↦25.64997673034668),(Vehicles4↦45.912277698516846),(Vehicles5↦87.33879327774048)}"
      },
      "probabilisticVariables": null,
      "activating": [
        "FASTER_31"
      ],
      "activatingOnlyWhenExecuted": true,
      "updating": null,
      "withPredicate": null
    },
    {
      "id": "FASTER_31",
      "execute": "FASTER",
      "after": "1000",
      "priority": 0,
      "additionalGuards": null,
      "activationKind": null,
      "fixedVariables": {
        "Crash": "FALSE",
        "VehiclesAy": "{(EgoVehicle↦0.0),(Vehicles2↦0.0),(Vehicles3↦0.0),(Vehicles4↦0.0),(Vehicles5↦0.0)}",
        "Reward": "0.8491083676305745",
        "VehiclesAx": "{(EgoVehicle↦4.341564178466797),(Vehicles2↦-4.374990016222),(Vehicles3↦-4.326509013772011),(Vehicles4↦-4.337609633803368),(Vehicles5↦-4.344208389520645)}",
        "VehiclesVx": "{(EgoVehicle↦24.341564178466797),(Vehicles2↦-2.901625335216522),(Vehicles3↦-3.8126155734062195),(Vehicles4↦-3.258472979068756),(Vehicles5↦-3.6530107259750366)}",
        "VehiclesY": "{(EgoVehicle↦8.000000238418579),(Vehicles2↦-4.0000001192092896),(Vehicles3↦-8.000000238418579),(Vehicles4↦-3.9968028886505635E-15),(Vehicles5↦-8.000000238418579)}",
        "VehiclesVy": "{(EgoVehicle↦0.0),(Vehicles2↦0.0),(Vehicles3↦0.0),(Vehicles4↦0.0),(Vehicles5↦0.0)}",
        "VehiclesX": "{(EgoVehicle↦200.0),(Vehicles2↦12.679953873157501),(Vehicles3↦23.774991929531097),(Vehicles4↦44.59792077541351),(Vehicles5↦85.63400506973267)}"
      },
      "probabilisticVariables": null,
      "activating": [
        "SLOWER_32"
      ],
      "activatingOnlyWhenExecuted": true,
      "updating": null,
      "withPredicate": null
    },
    {
      "id": "SLOWER_32",
      "execute": "SLOWER",
      "after": "1000",
      "priority": 0,
      "additionalGuards": null,
      "activationKind": null,
      "fixedVariables": {
        "Crash": "FALSE",
        "VehiclesAy": "{(EgoVehicle↦0.0),(Vehicles2↦0.0),(Vehicles3↦0.0),(Vehicles4↦0.0),(Vehicles5↦0.0)}",
        "Reward": "0.7485794283848218",
        "VehiclesAx": "{(EgoVehicle↦-3.76983642578125),(Vehicles2↦3.7374332547187805),(Vehicles3↦3.7829143134877086),(Vehicles4↦3.7739702686667442),(Vehicles5↦3.765567047521472)}",
        "VehiclesVx": "{(EgoVehicle↦20.571727752685547),(Vehicles2↦0.8358079195022583),(Vehicles3↦-0.029701259918510914),(Vehicles4↦0.5154972895979881),(Vehicles5↦0.11255632154643536)}",
        "VehiclesY": "{(EgoVehicle↦8.000000238418579),(Vehicles2↦-4.0000001192092896),(Vehicles3↦-8.000000238418579),(Vehicles4↦-3.9968028886505635E-15),(Vehicles5↦-8.000000238418579)}",
        "VehiclesVy": "{(EgoVehicle↦0.0),(Vehicles2↦0.0),(Vehicles3↦0.0),(Vehicles4↦0.0),(Vehicles5↦0.0)}",
        "VehiclesX": "{(EgoVehicle↦200.0),(Vehicles2↦11.844946444034576),(Vehicles3↦22.04742431640625),(Vehicles4↦43.42074990272522),(Vehicles5↦84.059077501297)}"
      },
      "probabilisticVariables": null,
      "activating": [
        "IDLE_33"
      ],
      "activatingOnlyWhenExecuted": true,
      "updating": null,
      "withPredicate": null
    },
    {
      "id": "IDLE_33",
      "execute": "IDLE",
      "after": "1000",
      "priority": 0,
      "additionalGuards": null,
      "activationKind": null,
      "fixedVariables": {
        "Crash": "FALSE",
        "VehiclesAy": "{(EgoVehicle↦0.0),(Vehicles2↦0.0),(Vehicles3↦0.0),(Vehicles4↦0.0),(Vehicles5↦0.0)}",
        "Reward": "0.7353410495541054",
        "VehiclesAx": "{(EgoVehicle↦-0.49643754959106445),(Vehicles2↦0.46510785818099976),(Vehicles3↦0.5076491506770253),(Vehicles4↦0.5007459595799446),(Vehicles5↦0.4908084962517023)}",
        "VehiclesVx": "{(EgoVehicle↦20.075290203094482),(Vehicles2↦1.300915777683258),(Vehicles3↦0.4779478907585144),(Vehicles4↦1.0162432491779327),(Vehicles5↦0.6033648177981377)}",
        "VehiclesY": "{(EgoVehicle↦8.000000238418579),(Vehicles2↦-4.0000001192092896),(Vehicles3↦-8.000000238418579),(Vehicles4↦-3.9968028886505635E-15),(Vehicles5↦-8.000000238418579)}",
        "VehiclesVy": "{(EgoVehicle↦0.0),(Vehicles2↦0.0),(Vehicles3↦0.0),(Vehicles4↦0.0),(Vehicles5↦0.0)}",
        "VehiclesX": "{(EgoVehicle↦200.0),(Vehicles2↦12.942001223564148),(Vehicles3↦22.29621708393097),(Vehicles4↦44.211819767951965),(Vehicles5↦84.44333076477051)}"
      },
      "probabilisticVariables": null,
      "activating": [
        "IDLE_34"
      ],
      "activatingOnlyWhenExecuted": true,
      "updating": null,
      "withPredicate": null
    },
    {
      "id": "IDLE_34",
      "execute": "IDLE",
      "after": "1000",
      "priority": 0,
      "additionalGuards": null,
      "activationKind": null,
      "fixedVariables": {
        "Crash": "FALSE",
        "VehiclesAy": "{(EgoVehicle↦0.0),(Vehicles2↦0.0),(Vehicles3↦0.0),(Vehicles4↦0.0),(Vehicles5↦0.0)}",
        "Reward": "0.7335977239467683",
        "VehiclesAx": "{(EgoVehicle↦-0.06537437438964844),(Vehicles2↦0.03507941961288452),(Vehicles3↦0.07485464215278625),(Vehicles4↦0.06984412670135498),(Vehicles5↦0.05902435630559921)}",
        "VehiclesVx": "{(EgoVehicle↦20.009915828704834),(Vehicles2↦1.3359951972961426),(Vehicles3↦0.5528025329113007),(Vehicles4↦1.0860873758792877),(Vehicles5↦0.6623891741037369)}",
        "VehiclesY": "{(EgoVehicle↦8.000000238418579),(Vehicles2↦-4.0000001192092896),(Vehicles3↦-8.000000238418579),(Vehicles4↦-3.9968028886505635E-15),(Vehicles5↦-8.000000238418579)}",
        "VehiclesVy": "{(EgoVehicle↦0.0),(Vehicles2↦0.0),(Vehicles3↦0.0),(Vehicles4↦0.0),(Vehicles5↦0.0)}",
        "VehiclesX": "{(EgoVehicle↦200.0),(Vehicles2↦14.266784489154816),(Vehicles3↦22.814153134822845),(Vehicles4↦45.26590406894684),(Vehicles5↦85.0802481174469)}"
      },
      "probabilisticVariables": null,
      "activating": [
        "FASTER_35"
      ],
      "activatingOnlyWhenExecuted": true,
      "updating": null,
      "withPredicate": null
    },
    {
      "id": "FASTER_35",
      "execute": "FASTER",
      "after": "1000",
      "priority": 0,
      "additionalGuards": null,
      "activationKind": null,
      "fixedVariables": {
        "Crash": "FALSE",
        "VehiclesAy": "{(EgoVehicle↦0.0),(Vehicles2↦0.0),(Vehicles3↦0.0),(Vehicles4↦0.0),(Vehicles5↦0.0)}",
        "Reward": "0.849143184497791",
        "VehiclesAx": "{(EgoVehicle↦4.332952499389648),(Vehicles2↦-4.362310767173767),(Vehicles3↦-4.325001984834671),(Vehicles4↦-4.328332096338272),(Vehicles5↦-4.339379444718361)}",
        "VehiclesVx": "{(EgoVehicle↦24.342868328094482),(Vehicles2↦-3.0263155698776245),(Vehicles3↦-3.7721994519233704),(Vehicles4↦-3.2422447204589844),(Vehicles5↦-3.676990270614624)}",
        "VehiclesY": "{(EgoVehicle↦8.000000238418579),(Vehicles2↦-4.0000001192092896),(Vehicles3↦-8.000000238418579),(Vehicles4↦-3.9968028886505635E-15),(Vehicles5↦-8.000000238418579)}",
        "VehiclesVy": "{(EgoVehicle↦0.0),(Vehicles2↦0.0),(Vehicles3↦0.0),(Vehicles4↦0.0),(Vehicles5↦0.0)}",
        "VehiclesX": "{(EgoVehicle↦200.0),(Vehicles2↦13.200654089450836),(Vehicles3↦20.97993642091751),(Vehicles4↦43.963515758514404),(Vehicles5↦83.3497405052185)}"
      },
      "probabilisticVariables": null,
      "activating": [
        "IDLE_36"
      ],
      "activatingOnlyWhenExecuted": true,
      "updating": null,
      "withPredicate": null
    },
    {
      "id": "IDLE_36",
      "execute": "IDLE",
      "after": "1000",
      "priority": 0,
      "additionalGuards": null,
      "activationKind": null,
      "fixedVariables": {
        "Crash": "FALSE",
        "VehiclesAy": "{(EgoVehicle↦0.0),(Vehicles2↦0.0),(Vehicles3↦0.0),(Vehicles4↦0.0),(Vehicles5↦0.0)}",
        "Reward": "0.8643590476156214",
        "VehiclesAx": "{(EgoVehicle↦0.5705952644348145),(Vehicles2↦-0.5991125106811523),(Vehicles3↦-0.5639386177062988),(Vehicles4↦-0.5658280849456787),(Vehicles5↦-0.576707124710083)}",
        "VehiclesVx": "{(EgoVehicle↦24.913463592529297),(Vehicles2↦-3.625428080558777),(Vehicles3↦-4.336138069629669),(Vehicles4↦-3.808072805404663),(Vehicles5↦-4.253697395324707)}",
        "VehiclesY": "{(EgoVehicle↦8.000000238418579),(Vehicles2↦-4.0000001192092896),(Vehicles3↦-8.000000238418579),(Vehicles4↦-3.9968028886505635E-15),(Vehicles5↦-8.000000238418579)}",
        "VehiclesVy": "{(EgoVehicle↦0.0),(Vehicles2↦0.0),(Vehicles3↦0.0),(Vehicles4↦0.0),(Vehicles5↦0.0)}",
        "VehiclesX": "{(EgoVehicle↦200.0),(Vehicles2↦9.84809324145317),(Vehicles3↦16.89572036266327),(Vehicles4↦40.40839374065399),(Vehicles5↦79.35550212860107)}"
      },
      "probabilisticVariables": null,
      "activating": [
        "SLOWER_37"
      ],
      "activatingOnlyWhenExecuted": true,
      "updating": null,
      "withPredicate": null
    },
    {
      "id": "SLOWER_37",
      "execute": "SLOWER",
      "after": "1000",
      "priority": 0,
      "additionalGuards": null,
      "activationKind": null,
      "fixedVariables": {
        "Crash": "FALSE",
        "VehiclesAy": "{(EgoVehicle↦0.0),(Vehicles2↦0.0),(Vehicles3↦0.0),(Vehicles4↦0.0),(Vehicles5↦0.0)}",
        "Reward": "0.7505877483828528",
        "VehiclesAx": "{(EgoVehicle↦-4.266424179077148),(Vehicles2↦4.2386724054813385),(Vehicles3↦4.272000114433467),(Vehicles4↦4.271326027810574),(Vehicles5↦4.2607862915610895)}",
        "VehiclesVx": "{(EgoVehicle↦20.64703941345215),(Vehicles2↦0.6132443249225616),(Vehicles3↦-0.0641379551962018),(Vehicles4↦0.4632532224059105),(Vehicles5↦0.007088896236382425)}",
        "VehiclesY": "{(EgoVehicle↦8.000000238418579),(Vehicles2↦-4.0000001192092896),(Vehicles3↦-8.000000238418579),(Vehicles4↦-3.9968028886505635E-15),(Vehicles5↦-8.000000238418579)}",
        "VehiclesVy": "{(EgoVehicle↦0.0),(Vehicles2↦0.0),(Vehicles3↦0.0),(Vehicles4↦0.0),(Vehicles5↦0.0)}",
        "VehiclesX": "{(EgoVehicle↦200.0),(Vehicles2↦8.565115928649902),(Vehicles3↦14.915502071380615),(Vehicles4↦38.95588219165802),(Vehicles5↦77.45311856269836)}"
      },
      "probabilisticVariables": null,
      "activating": [
        "IDLE_38"
      ],
      "activatingOnlyWhenExecuted": true,
      "updating": null,
      "withPredicate": null
    },
    {
      "id": "IDLE_38",
      "execute": "IDLE",
      "after": "1000",
      "priority": 0,
      "additionalGuards": null,
      "activationKind": null,
      "fixedVariables": {
        "Crash": "FALSE",
        "VehiclesAy": "{(EgoVehicle↦0.0),(Vehicles2↦0.0),(Vehicles3↦0.0),(Vehicles4↦0.0),(Vehicles5↦0.0)}",
        "Reward": "0.7356055196773029",
        "VehiclesAx": "{(EgoVehicle↦-0.561833381652832),(Vehicles2↦0.5348088592290878),(Vehicles3↦0.5665130587294698),(Vehicles4↦0.5668623372912407),(Vehicles5↦0.5567000393057242)}",
        "VehiclesVx": "{(EgoVehicle↦20.085206031799316),(Vehicles2↦1.1480531841516495),(Vehicles3↦0.502375103533268),(Vehicles4↦1.0301155596971512),(Vehicles5↦0.5637889355421066)}",
        "VehiclesY": "{(EgoVehicle↦8.000000238418579),(Vehicles2↦-4.0000001192092896),(Vehicles3↦-8.000000238418579),(Vehicles4↦-3.9968028886505635E-15),(Vehicles5↦-8.000000238418579)}",
        "VehiclesVy": "{(EgoVehicle↦0.0),(Vehicles2↦0.0),(Vehicles3↦0.0),(Vehicles4↦0.0),(Vehicles5↦0.0)}",
        "VehiclesX": "{(EgoVehicle↦200.0),(Vehicles2↦9.477433562278748),(Vehicles3↦15.16324132680893),(Vehicles4↦39.73107635974884),(Vehicles5↦77.7680516242981)}"
      },
      "probabilisticVariables": null,
      "activating": [
        "IDLE_39"
      ],
      "activatingOnlyWhenExecuted": true,
      "updating": null,
      "withPredicate": null
    },
    {
      "id": "IDLE_39",
      "execute": "IDLE",
      "after": "1000",
      "priority": 0,
      "additionalGuards": null,
      "activationKind": null,
      "fixedVariables": {
        "Crash": "FALSE",
        "VehiclesAy": "{(EgoVehicle↦0.0),(Vehicles2↦0.0),(Vehicles3↦0.0),(Vehicles4↦0.0),(Vehicles5↦0.0)}",
        "Reward": "0.7336325512880947",
        "VehiclesAx": "{(EgoVehicle↦-0.07398605346679688),(Vehicles2↦0.04767492413520813),(Vehicles3↦0.07791612297296524),(Vehicles4↦0.07913336157798767),(Vehicles5↦0.0693279504776001)}",
        "VehiclesVx": "{(EgoVehicle↦20.01121997833252),(Vehicles2↦1.1957281082868576),(Vehicles3↦0.5802912265062332),(Vehicles4↦1.1092489212751389),(Vehicles5↦0.6331168860197067)}",
        "VehiclesY": "{(EgoVehicle↦8.000000238418579),(Vehicles2↦-4.0000001192092896),(Vehicles3↦-8.000000238418579),(Vehicles4↦-3.9968028886505635E-15),(Vehicles5↦-8.000000238418579)}",
        "VehiclesVy": "{(EgoVehicle↦0.0),(Vehicles2↦0.0),(Vehicles3↦0.0),(Vehicles4↦0.0),(Vehicles5↦0.0)}",
        "VehiclesX": "{(EgoVehicle↦200.0),(Vehicles2↦10.6557197868824),(Vehicles3↦15.708059072494507),(Vehicles4↦40.80405831336975),(Vehicles5↦78.37075591087341)}"
      },
      "probabilisticVariables": null,
      "activating": [
        "IDLE_40"
      ],
      "activatingOnlyWhenExecuted": true,
      "updating": null,
      "withPredicate": null
    },
    {
      "id": "IDLE_40",
      "execute": "IDLE",
      "after": "1000",
      "priority": 0,
      "additionalGuards": null,
      "activationKind": null,
      "fixedVariables": {
        "Crash": "FALSE",
        "VehiclesAy": "{(EgoVehicle↦0.0),(Vehicles2↦0.0),(Vehicles3↦0.0),(Vehicles4↦0.0),(Vehicles5↦0.0)}",
        "Reward": "0.7333727365207916",
        "VehiclesAx": "{(EgoVehicle↦-0.009741783142089844),(Vehicles2↦-0.015852004289627075),(Vehicles3↦0.013039857149124146),(Vehicles4↦0.015000402927398682),(Vehicles5↦0.00551663339138031)}",
        "VehiclesVx": "{(EgoVehicle↦20.00147819519043),(Vehicles2↦1.1798761039972305),(Vehicles3↦0.5933310836553574),(Vehicles4↦1.1242493242025375),(Vehicles5↦0.638633519411087)}",
        "VehiclesY": "{(EgoVehicle↦8.000000238418579),(Vehicles2↦-4.0000001192092896),(Vehicles3↦-8.000000238418579),(Vehicles4↦-3.9968028886505635E-15),(Vehicles5↦-8.000000238418579)}",
        "VehiclesVy": "{(EgoVehicle↦0.0),(Vehicles2↦0.0),(Vehicles3↦0.0),(Vehicles4↦0.0),(Vehicles5↦0.0)}",
        "VehiclesX": "{(EgoVehicle↦200.0),(Vehicles2↦11.846527457237244),(Vehicles3↦16.295090317726135),(Vehicles4↦41.920775175094604),(Vehicles5↦79.00752425193787)}"
      },
      "probabilisticVariables": null,
      "activating": [
        "IDLE_41"
      ],
      "activatingOnlyWhenExecuted": true,
      "updating": null,
      "withPredicate": null
    },
    {
      "id": "IDLE_41",
      "execute": "IDLE",
      "after": "1000",
      "priority": 0,
      "additionalGuards": null,
      "activationKind": null,
      "fixedVariables": {
        "Crash": "FALSE",
        "VehiclesAy": "{(EgoVehicle↦0.0),(Vehicles2↦0.0),(Vehicles3↦0.0),(Vehicles4↦0.0),(Vehicles5↦0.0)}",
        "Reward": "0.7333385222304472",
        "VehiclesAx": "{(EgoVehicle↦-0.0012826919555664062),(Vehicles2↦-0.023584812879562378),(Vehicles3↦0.004040822386741638),(Vehicles4↦0.006642863154411316),(Vehicles5↦-0.0025487691164016724)}",
        "VehiclesVx": "{(EgoVehicle↦20.000195503234863),(Vehicles2↦1.1562912911176682),(Vehicles3↦0.597371906042099),(Vehicles4↦1.1308921873569489),(Vehicles5↦0.6360847502946854)}",
        "VehiclesY": "{(EgoVehicle↦8.000000238418579),(Vehicles2↦-4.0000001192092896),(Vehicles3↦-8.000000238418579),(Vehicles4↦-3.9968028886505635E-15),(Vehicles5↦-8.000000238418579)}",
        "VehiclesVy": "{(EgoVehicle↦0.0),(Vehicles2↦0.0),(Vehicles3↦0.0),(Vehicles4↦0.0),(Vehicles5↦0.0)}",
        "VehiclesX": "{(EgoVehicle↦200.0),(Vehicles2↦13.017106056213379),(Vehicles3↦16.8902724981308),(Vehicles4↦43.04786920547485),(Vehicles5↦79.6453058719635)}"
      },
      "probabilisticVariables": null,
      "activating": [
        "IDLE_42"
      ],
      "activatingOnlyWhenExecuted": true,
      "updating": null,
      "withPredicate": null
    },
    {
      "id": "IDLE_42",
      "execute": "IDLE",
      "after": "1000",
      "priority": 0,
      "additionalGuards": null,
      "activationKind": null,
      "fixedVariables": {
        "Crash": "FALSE",
        "VehiclesAy": "{(EgoVehicle↦0.0),(Vehicles2↦0.0),(Vehicles3↦0.0),(Vehicles4↦0.0),(Vehicles5↦0.0)}",
        "Reward": "0.7333340166448874",
        "VehiclesAx": "{(EgoVehicle↦-0.00016927719116210938),(Vehicles2↦-0.023958012461662292),(Vehicles3↦0.002465955913066864),(Vehicles4↦0.005623847246170044),(Vehicles5↦-0.003293454647064209)}",
        "VehiclesVx": "{(EgoVehicle↦20.0000262260437),(Vehicles2↦1.1323332786560059),(Vehicles3↦0.5998378619551659),(Vehicles4↦1.136516034603119),(Vehicles5↦0.6327912956476212)}",
        "VehiclesY": "{(EgoVehicle↦8.000000238418579),(Vehicles2↦-4.0000001192092896),(Vehicles3↦-8.000000238418579),(Vehicles4↦-3.9968028886505635E-15),(Vehicles5↦-8.000000238418579)}",
        "VehiclesVy": "{(EgoVehicle↦0.0),(Vehicles2↦0.0),(Vehicles3↦0.0),(Vehicles4↦0.0),(Vehicles5↦0.0)}",
        "VehiclesX": "{(EgoVehicle↦200.0),(Vehicles2↦14.163778722286224),(Vehicles3↦17.488689720630646),(Vehicles4↦44.181028008461),(Vehicles5↦80.2800714969635)}"
      },
      "probabilisticVariables": null,
      "activating": [
        "IDLE_43"
      ],
      "activatingOnlyWhenExecuted": true,
      "updating": null,
      "withPredicate": null
    },
    {
      "id": "IDLE_43",
      "execute": "IDLE",
      "after": "1000",
      "priority": 0,
      "additionalGuards": null,
      "activationKind": null,
      "fixedVariables": {
        "Crash": "FALSE",
        "VehiclesAy": "{(EgoVehicle↦0.0),(Vehicles2↦0.0),(Vehicles3↦0.0),(Vehicles4↦0.0),(Vehicles5↦0.0)}",
        "Reward": "0.7333334233167479",
        "VehiclesAx": "{(EgoVehicle↦-2.384185791015625E-05),(Vehicles2↦-0.02335093915462494),(Vehicles3↦0.001926124095916748),(Vehicles4↦0.005565062165260315),(Vehicles5↦-0.003084540367126465)}",
        "VehiclesVx": "{(EgoVehicle↦20.00000238418579),(Vehicles2↦1.108982339501381),(Vehicles3↦0.6017639860510826),(Vehicles4↦1.1420810967683792),(Vehicles5↦0.6297067552804947)}",
        "VehiclesY": "{(EgoVehicle↦8.000000238418579),(Vehicles2↦-4.0000001192092896),(Vehicles3↦-8.000000238418579),(Vehicles4↦-3.9968028886505635E-15),(Vehicles5↦-8.000000238418579)}",
        "VehiclesVy": "{(EgoVehicle↦0.0),(Vehicles2↦0.0),(Vehicles3↦0.0),(Vehicles4↦0.0),(Vehicles5↦0.0)}",
        "VehiclesX": "{(EgoVehicle↦200.0),(Vehicles2↦15.28671532869339),(Vehicles3↦18.089330196380615),(Vehicles4↦45.31976580619812),(Vehicles5↦80.9116005897522)}"
      },
      "probabilisticVariables": null,
      "activating": [
        "FASTER_44"
      ],
      "activatingOnlyWhenExecuted": true,
      "updating": null,
      "withPredicate": null
    },
    {
      "id": "FASTER_44",
      "execute": "FASTER",
      "after": "1000",
      "priority": 0,
      "additionalGuards": null,
      "activationKind": null,
      "fixedVariables": {
        "Crash": "FALSE",
        "VehiclesAy": "{(EgoVehicle↦0.0),(Vehicles2↦0.0),(Vehicles3↦0.0),(Vehicles4↦0.0),(Vehicles5↦0.0)}",
        "Reward": "0.8491083794765539",
        "VehiclesAx": "{(EgoVehicle↦4.341561794281006),(Vehicles2↦-4.364169016480446),(Vehicles3↦-4.339989684522152),(Vehicles4↦-4.335936978459358),(Vehicles5↦-4.344317987561226)}",
        "VehiclesVx": "{(EgoVehicle↦24.341564178466797),(Vehicles2↦-3.255186676979065),(Vehicles3↦-3.7382256984710693),(Vehicles4↦-3.193855881690979),(Vehicles5↦-3.714611232280731)}",
        "VehiclesY": "{(EgoVehicle↦8.000000238418579),(Vehicles2↦-4.0000001192092896),(Vehicles3↦-8.000000238418579),(Vehicles4↦-3.9968028886505635E-15),(Vehicles5↦-8.000000238418579)}",
        "VehiclesVy": "{(EgoVehicle↦0.0),(Vehicles2↦0.0),(Vehicles3↦0.0),(Vehicles4↦0.0),(Vehicles5↦0.0)}",
        "VehiclesX": "{(EgoVehicle↦200.0),(Vehicles2↦13.991531729698181),(Vehicles3↦16.296687722206116),(Vehicles4↦44.06903088092804),(Vehicles5↦79.14511561393738)}"
      },
      "probabilisticVariables": null,
      "activating": [
        "SLOWER_45"
      ],
      "activatingOnlyWhenExecuted": true,
      "updating": null,
      "withPredicate": null
    },
    {
      "id": "SLOWER_45",
      "execute": "SLOWER",
      "after": "1000",
      "priority": 0,
      "additionalGuards": null,
      "activationKind": null,
      "fixedVariables": {
        "Crash": "FALSE",
        "VehiclesAy": "{(EgoVehicle↦0.0),(Vehicles2↦0.0),(Vehicles3↦0.0),(Vehicles4↦0.0),(Vehicles5↦0.0)}",
        "Reward": "0.7485794299447862",
        "VehiclesAx": "{(EgoVehicle↦-3.76983642578125),(Vehicles2↦3.7480009347200394),(Vehicles3↦3.7711285380646586),(Vehicles4↦3.7755342572927475),(Vehicles5↦3.7674274062737823)}",
        "VehiclesVx": "{(EgoVehicle↦20.571727752685547),(Vehicles2↦0.4928142577409744),(Vehicles3↦0.032902839593589306),(Vehicles4↦0.5816783756017685),(Vehicles5↦0.05281617399305105)}",
        "VehiclesY": "{(EgoVehicle↦8.000000238418579),(Vehicles2↦-4.0000001192092896),(Vehicles3↦-8.000000238418579),(Vehicles4↦-3.9968028886505635E-15),(Vehicles5↦-8.000000238418579)}",
        "VehiclesVy": "{(EgoVehicle↦0.0),(Vehicles2↦0.0),(Vehicles3↦0.0),(Vehicles4↦0.0),(Vehicles5↦0.0)}",
        "VehiclesX": "{(EgoVehicle↦200.0),(Vehicles2↦12.807212769985199),(Vehicles3↦14.638662338256836),(Vehicles4↦42.957112193107605),(Vehicles5↦77.50917673110962)}"
      },
      "probabilisticVariables": null,
      "activating": [
        "SLOWER_46"
      ],
      "activatingOnlyWhenExecuted": true,
      "updating": null,
      "withPredicate": null
    },
    {
      "id": "SLOWER_46",
      "execute": "SLOWER",
      "after": "1000",
      "priority": 0,
      "additionalGuards": null,
      "activationKind": null,
      "fixedVariables": {
        "Crash": "FALSE",
        "VehiclesAy": "{(EgoVehicle↦0.0),(Vehicles2↦0.0),(Vehicles3↦0.0),(Vehicles4↦0.0),(Vehicles5↦0.0)}",
        "Reward": "0.7353410497595328",
        "VehiclesAx": "{(EgoVehicle↦-0.49643754959106445),(Vehicles2↦0.47538481652736664),(Vehicles3↦0.4975047381594777),(Vehicles4↦0.5022061616182327),(Vehicles5↦0.4943806165829301)}",
        "VehiclesVx": "{(EgoVehicle↦20.075290203094482),(Vehicles2↦0.9681990742683411),(Vehicles3↦0.530407577753067),(Vehicles4↦1.0838845372200012),(Vehicles5↦0.5471967905759811)}",
        "VehiclesY": "{(EgoVehicle↦8.000000238418579),(Vehicles2↦-4.0000001192092896),(Vehicles3↦-8.000000238418579),(Vehicles4↦-3.9968028886505635E-15),(Vehicles5↦-8.000000238418579)}",
        "VehiclesVy": "{(EgoVehicle↦0.0),(Vehicles2↦0.0),(Vehicles3↦0.0),(Vehicles4↦0.0),(Vehicles5↦0.0)}",
        "VehiclesX": "{(EgoVehicle↦200.0),(Vehicles2↦13.565407693386078),(Vehicles3↦14.945872128009796),(Vehicles4↦43.81495714187622),(Vehicles5↦77.83500552177429)}"
      },
      "probabilisticVariables": null,
      "activating": [
        "IDLE_47"
      ],
      "activatingOnlyWhenExecuted": true,
      "updating": null,
      "withPredicate": null
    },
    {
      "id": "IDLE_47",
      "execute": "IDLE",
      "after": "1000",
      "priority": 0,
      "additionalGuards": null,
      "activationKind": null,
      "fixedVariables": {
        "Crash": "FALSE",
        "VehiclesAy": "{(EgoVehicle↦0.0),(Vehicles2↦0.0),(Vehicles3↦0.0),(Vehicles4↦0.0),(Vehicles5↦0.0)}",
        "Reward": "0.7335977239738205",
        "VehiclesAx": "{(EgoVehicle↦-0.06537437438964844),(Vehicles2↦0.04510514438152313),(Vehicles3↦0.06625905632972717),(Vehicles4↦0.07120393216609955),(Vehicles5↦0.06366632878780365)}",
        "VehiclesVx": "{(EgoVehicle↦20.009915828704834),(Vehicles2↦1.0133042186498642),(Vehicles3↦0.5966666340827942),(Vehicles4↦1.1550884693861008),(Vehicles5↦0.6108631193637848)}",
        "VehiclesY": "{(EgoVehicle↦8.000000238418579),(Vehicles2↦-4.0000001192092896),(Vehicles3↦-8.000000238418579),(Vehicles4↦-3.9968028886505635E-15),(Vehicles5↦-8.000000238418579)}",
        "VehiclesVy": "{(EgoVehicle↦0.0),(Vehicles2↦0.0),(Vehicles3↦0.0),(Vehicles4↦0.0),(Vehicles5↦0.0)}",
        "VehiclesX": "{(EgoVehicle↦200.0),(Vehicles2↦14.561499655246735),(Vehicles3↦15.512710809707642),(Vehicles4↦44.93723213672638),(Vehicles5↦78.41755747795105)}"
      },
      "probabilisticVariables": null,
      "activating": [
        "IDLE_48"
      ],
      "activatingOnlyWhenExecuted": true,
      "updating": null,
      "withPredicate": null
    },
    {
      "id": "IDLE_48",
      "execute": "IDLE",
      "after": "1000",
      "priority": 0,
      "additionalGuards": null,
      "activationKind": null,
      "fixedVariables": {
        "Crash": "FALSE",
        "VehiclesAy": "{(EgoVehicle↦0.0),(Vehicles2↦0.0),(Vehicles3↦0.0),(Vehicles4↦0.0),(Vehicles5↦0.0)}",
        "Reward": "0.7333681502078008",
        "VehiclesAx": "{(EgoVehicle↦-0.008609294891357422),(Vehicles2↦-0.010872483253479004),(Vehicles3↦0.009354837238788605),(Vehicles4↦0.0144948810338974),(Vehicles5↦0.007250197231769562)}",
        "VehiclesVx": "{(EgoVehicle↦20.001306533813477),(Vehicles2↦1.0024317353963852),(Vehicles3↦0.6060214713215828),(Vehicles4↦1.1695833504199982),(Vehicles5↦0.6181133165955544)}",
        "VehiclesY": "{(EgoVehicle↦8.000000238418579),(Vehicles2↦-4.0000001192092896),(Vehicles3↦-8.000000238418579),(Vehicles4↦-3.9968028886505635E-15),(Vehicles5↦-8.000000238418579)}",
        "VehiclesVy": "{(EgoVehicle↦0.0),(Vehicles2↦0.0),(Vehicles3↦0.0),(Vehicles4↦0.0),(Vehicles5↦0.0)}",
        "VehiclesX": "{(EgoVehicle↦200.0),(Vehicles2↦15.571698546409607),(Vehicles3↦16.114434599876404),(Vehicles4↦46.09942138195038),(Vehicles5↦79.03259992599487)}"
      },
      "probabilisticVariables": null,
      "activating": [
        "FASTER_49"
      ],
      "activatingOnlyWhenExecuted": true,
      "updating": null,
      "withPredicate": null
    },
    {
      "id": "FASTER_49",
      "execute": "FASTER",
      "after": "1000",
      "priority": 0,
      "additionalGuards": null,
      "activationKind": null,
      "fixedVariables": {
        "Crash": "FALSE",
        "VehiclesAy": "{(EgoVehicle↦0.0),(Vehicles2↦0.0),(Vehicles3↦0.0),(Vehicles4↦0.0),(Vehicles5↦0.0)}",
        "Reward": "0.8491129525650876",
        "VehiclesAx": "{(EgoVehicle↦4.340429306030273),(Vehicles2↦-4.359121546149254),(Vehicles3↦-4.339783973991871),(Vehicles4↦-4.33449313044548),(Vehicles5↦-4.34144202619791)}",
        "VehiclesVx": "{(EgoVehicle↦24.34173583984375),(Vehicles2↦-3.3566898107528687),(Vehicles3↦-3.733762502670288),(Vehicles4↦-3.164909780025482),(Vehicles5↦-3.723328709602356)}",
        "VehiclesY": "{(EgoVehicle↦8.000000238418579),(Vehicles2↦-4.0000001192092896),(Vehicles3↦-8.000000238418579),(Vehicles4↦-3.9968028886505635E-15),(Vehicles5↦-8.000000238418579)}",
        "VehiclesVy": "{(EgoVehicle↦0.0),(Vehicles2↦0.0),(Vehicles3↦0.0),(Vehicles4↦0.0),(Vehicles5↦0.0)}",
        "VehiclesX": "{(EgoVehicle↦200.0),(Vehicles2↦14.172153174877167),(Vehicles3↦14.32628482580185),(Vehicles4↦44.87693905830383),(Vehicles5↦77.25584506988525)}"
      },
      "probabilisticVariables": null,
      "activating": [
        "SLOWER_50"
      ],
      "activatingOnlyWhenExecuted": true,
      "updating": null,
      "withPredicate": null
    },
    {
      "id": "SLOWER_50",
      "execute": "SLOWER",
      "after": "1000",
      "priority": 0,
      "additionalGuards": null,
      "activationKind": null,
      "fixedVariables": {
        "Crash": "FALSE",
        "VehiclesAy": "{(EgoVehicle↦0.0),(Vehicles2↦0.0),(Vehicles3↦0.0),(Vehicles4↦0.0),(Vehicles5↦0.0)}",
        "Reward": "0.7485800321622064",
        "VehiclesAx": "{(EgoVehicle↦-3.769984245300293),(Vehicles2↦3.3934936998412013),(Vehicles3↦4.129156246781349),(Vehicles4↦3.7759674340486526),(Vehicles5↦3.7693148152902722)}",
        "VehiclesVx": "{(EgoVehicle↦20.571751594543457),(Vehicles2↦0.03680388908833265),(Vehicles3↦0.3953937441110611),(Vehicles4↦0.6110576540231705),(Vehicles5↦0.04598610568791628)}",
        "VehiclesY": "{(EgoVehicle↦8.000000238418579),(Vehicles2↦-8.000000238418579),(Vehicles3↦-4.0000001192092896),(Vehicles4↦-3.9968028886505635E-15),(Vehicles5↦-8.000000238418579)}",
        "VehiclesVy": "{(EgoVehicle↦0.0),(Vehicles2↦0.0),(Vehicles3↦0.0),(Vehicles4↦0.0),(Vehicles5↦0.0)}",
        "VehiclesX": "{(EgoVehicle↦200.0),(Vehicles2↦12.672503292560577),(Vehicles3↦12.88798451423645),(Vehicles4↦43.794164061546326),(Vehicles5↦75.61196684837341)}"
      },
      "probabilisticVariables": null,
      "activating": [
        "SLOWER_51"
      ],
      "activatingOnlyWhenExecuted": true,
      "updating": null,
      "withPredicate": null
    },
    {
      "id": "SLOWER_51",
      "execute": "SLOWER",
      "after": "1000",
      "priority": 0,
      "additionalGuards": null,
      "activationKind": null,
      "fixedVariables": {
        "Crash": "FALSE",
        "VehiclesAy": "{(EgoVehicle↦0.0),(Vehicles2↦0.0),(Vehicles3↦0.0),(Vehicles4↦0.0),(Vehicles5↦0.0)}",
        "Reward": "0.7353411290638846",
        "VehiclesAx": "{(EgoVehicle↦-0.4964590072631836),(Vehicles2↦0.49700793344527483),(Vehicles3↦0.4793485254049301),(Vehicles4↦0.5024827271699905),(Vehicles5↦0.49612424802035093)}",
        "VehiclesVx": "{(EgoVehicle↦20.075292587280273),(Vehicles2↦0.5338118225336075),(Vehicles3↦0.8747422695159912),(Vehicles4↦1.113540381193161),(Vehicles5↦0.5421103537082672)}",
        "VehiclesY": "{(EgoVehicle↦8.000000238418579),(Vehicles2↦-8.000000238418579),(Vehicles3↦-4.0000001192092896),(Vehicles4↦-3.9968028886505635E-15),(Vehicles5↦-8.000000238418579)}",
        "VehiclesVy": "{(EgoVehicle↦0.0),(Vehicles2↦0.0),(Vehicles3↦0.0),(Vehicles4↦0.0),(Vehicles5↦0.0)}",
        "VehiclesX": "{(EgoVehicle↦200.0),(Vehicles2↦12.983404099941254),(Vehicles3↦13.550347089767456),(Vehicles4↦44.68150436878204),(Vehicles5↦75.93166828155518)}"
      },
      "probabilisticVariables": null,
      "activating": [
        "SLOWER_52"
      ],
      "activatingOnlyWhenExecuted": true,
      "updating": null,
      "withPredicate": null
    },
    {
      "id": "SLOWER_52",
      "execute": "SLOWER",
      "after": "1000",
      "priority": 0,
      "additionalGuards": null,
      "activationKind": null,
      "fixedVariables": {
        "Crash": "FALSE",
        "VehiclesAy": "{(EgoVehicle↦0.0),(Vehicles2↦0.0),(Vehicles3↦0.0),(Vehicles4↦0.0),(Vehicles5↦0.0)}",
        "Reward": "0.7335977344171919",
        "VehiclesAx": "{(EgoVehicle↦-0.06537675857543945),(Vehicles2↦0.06592188030481339),(Vehicles3↦0.049056485295295715),(Vehicles4↦0.0714372843503952),(Vehicles5↦0.06536897271871567)}",
        "VehiclesVx": "{(EgoVehicle↦20.009915828704834),(Vehicles2↦0.5997337028384209),(Vehicles3↦0.9237987548112869),(Vehicles4↦1.1849776655435562),(Vehicles5↦0.6074793264269829)}",
        "VehiclesY": "{(EgoVehicle↦8.000000238418579),(Vehicles2↦-8.000000238418579),(Vehicles3↦-4.0000001192092896),(Vehicles4↦-3.9968028886505635E-15),(Vehicles5↦-8.000000238418579)}",
        "VehiclesVy": "{(EgoVehicle↦0.0),(Vehicles2↦0.0),(Vehicles3↦0.0),(Vehicles4↦0.0),(Vehicles5↦0.0)}",
        "VehiclesX": "{(EgoVehicle↦200.0),(Vehicles2↦13.553500175476074),(Vehicles3↦14.454564452171326),(Vehicles4↦45.83353102207184),(Vehicles5↦76.50981545448303)}"
      },
      "probabilisticVariables": null,
      "activating": [
        "SLOWER_53"
      ],
      "activatingOnlyWhenExecuted": true,
      "updating": null,
      "withPredicate": null
    },
    {
      "id": "SLOWER_53",
      "execute": "SLOWER",
      "after": "1000",
      "priority": 0,
      "additionalGuards": null,
      "activationKind": null,
      "fixedVariables": {
        "Crash": "FALSE",
        "VehiclesAy": "{(EgoVehicle↦0.0),(Vehicles2↦0.0),(Vehicles3↦0.0),(Vehicles4↦0.0),(Vehicles5↦0.0)}",
        "Reward": "0.7333681515830596",
        "VehiclesAx": "{(EgoVehicle↦-0.008609294891357422),(Vehicles2↦0.009174235165119171),(Vehicles3↦-0.00692412257194519),(Vehicles4↦0.014701038599014282),(Vehicles5↦0.008916817605495453)}",
        "VehiclesVx": "{(EgoVehicle↦20.001306533813477),(Vehicles2↦0.60890793800354),(Vehicles3↦0.9168746322393417),(Vehicles4↦1.1996787041425705),(Vehicles5↦0.6163961440324783)}",
        "VehiclesY": "{(EgoVehicle↦8.000000238418579),(Vehicles2↦-8.000000238418579),(Vehicles3↦-4.0000001192092896),(Vehicles4↦-3.9968028886505635E-15),(Vehicles5↦-8.000000238418579)}",
        "VehiclesVy": "{(EgoVehicle↦0.0),(Vehicles2↦0.0),(Vehicles3↦0.0),(Vehicles4↦0.0),(Vehicles5↦0.0)}",
        "VehiclesX": "{(EgoVehicle↦200.0),(Vehicles2↦14.158205687999725),(Vehicles3↦15.376836061477661),(Vehicles4↦47.02569246292114),(Vehicles5↦77.1221399307251)}"
      },
      "probabilisticVariables": null,
      "activating": [
        "SLOWER_54"
      ],
      "activatingOnlyWhenExecuted": true,
      "updating": null,
      "withPredicate": null
    },
    {
      "id": "SLOWER_54",
      "execute": "SLOWER",
      "after": "1000",
      "priority": 0,
      "additionalGuards": null,
      "activationKind": null,
      "fixedVariables": {
        "Crash": "FALSE",
        "VehiclesAy": "{(EgoVehicle↦0.0),(Vehicles2↦0.0),(Vehicles3↦0.0),(Vehicles4↦0.0),(Vehicles5↦0.0)}",
        "Reward": "0.7333379184526388",
        "VehiclesAx": "{(EgoVehicle↦-0.0011348724365234375),(Vehicles2↦0.0017406418919563293),(Vehicles3↦-0.013615339994430542),(Vehicles4↦0.007252693176269531),(Vehicles5↦0.0017450377345085144)}",
        "VehiclesVx": "{(EgoVehicle↦20.000171661376953),(Vehicles2↦0.6106485798954964),(Vehicles3↦0.9032592922449112),(Vehicles4↦1.20693139731884),(Vehicles5↦0.6181411817669868)}",
        "VehiclesY": "{(EgoVehicle↦8.000000238418579),(Vehicles2↦-8.000000238418579),(Vehicles3↦-4.0000001192092896),(Vehicles4↦-3.9968028886505635E-15),(Vehicles5↦-8.000000238418579)}",
        "VehiclesVy": "{(EgoVehicle↦0.0),(Vehicles2↦0.0),(Vehicles3↦0.0),(Vehicles4↦0.0),(Vehicles5↦0.0)}",
        "VehiclesX": "{(EgoVehicle↦200.0),(Vehicles2↦14.767977595329285),(Vehicles3↦16.288374364376068),(Vehicles4↦48.228442668914795),(Vehicles5↦77.73938179016113)}"
      },
      "probabilisticVariables": null,
      "activating": [
        "IDLE_55"
      ],
      "activatingOnlyWhenExecuted": true,
      "updating": null,
      "withPredicate": null
    },
    {
      "id": "IDLE_55",
      "execute": "IDLE",
      "after": "1000",
      "priority": 0,
      "additionalGuards": null,
      "activationKind": null,
      "fixedVariables": {
        "Crash": "FALSE",
        "VehiclesAy": "{(EgoVehicle↦0.0),(Vehicles2↦0.0),(Vehicles3↦0.0),(Vehicles4↦0.0),(Vehicles5↦0.0)}",
        "Reward": "0.7333339371350526",
        "VehiclesAx": "{(EgoVehicle↦-0.00015020370483398438),(Vehicles2↦0.0008169189095497131),(Vehicles3↦-0.013819262385368347),(Vehicles4↦0.006291493773460388),(Vehicles5↦0.0010514631867408752)}",
        "VehiclesVx": "{(EgoVehicle↦20.00002145767212),(Vehicles2↦0.6114654988050461),(Vehicles3↦0.8894400298595428),(Vehicles4↦1.2132228910923004),(Vehicles5↦0.6191926449537277)}",
        "VehiclesY": "{(EgoVehicle↦8.000000238418579),(Vehicles2↦-8.000000238418579),(Vehicles3↦-4.0000001192092896),(Vehicles4↦-3.9968028886505635E-15),(Vehicles5↦-8.000000238418579)}",
        "VehiclesVy": "{(EgoVehicle↦0.0),(Vehicles2↦0.0),(Vehicles3↦0.0),(Vehicles4↦0.0),(Vehicles5↦0.0)}",
        "VehiclesX": "{(EgoVehicle↦200.0),(Vehicles2↦15.37896990776062),(Vehicles3↦17.186065018177032),(Vehicles4↦49.437910318374634),(Vehicles5↦78.35794687271118)}"
      },
      "probabilisticVariables": null,
      "activating": [
        "SLOWER_56"
      ],
      "activatingOnlyWhenExecuted": true,
      "updating": null,
      "withPredicate": null
    },
    {
      "id": "SLOWER_56",
      "execute": "SLOWER",
      "after": "1000",
      "priority": 0,
      "additionalGuards": null,
      "activationKind": null,
      "fixedVariables": {
        "Crash": "FALSE",
        "VehiclesAy": "{(EgoVehicle↦0.0),(Vehicles2↦0.0),(Vehicles3↦0.0),(Vehicles4↦0.0),(Vehicles5↦0.0)}",
        "Reward": "0.733333412846317",
        "VehiclesAx": "{(EgoVehicle↦-1.9073486328125E-05),(Vehicles2↦0.0007639825344085693),(Vehicles3↦-0.013173520565032959),(Vehicles4↦0.006181076169013977),(Vehicles5↦0.0011989474296569824)}",
        "VehiclesVx": "{(EgoVehicle↦20.00000238418579),(Vehicles2↦0.6122294813394547),(Vehicles3↦0.8762665092945099),(Vehicles4↦1.2194039672613144),(Vehicles5↦0.6203915923833847)}",
        "VehiclesY": "{(EgoVehicle↦8.000000238418579),(Vehicles2↦-8.000000238418579),(Vehicles3↦-4.0000001192092896),(Vehicles4↦-3.9968028886505635E-15),(Vehicles5↦-8.000000238418579)}",
        "VehiclesVy": "{(EgoVehicle↦0.0),(Vehicles2↦0.0),(Vehicles3↦0.0),(Vehicles4↦0.0),(Vehicles5↦0.0)}",
        "VehiclesX": "{(EgoVehicle↦200.0),(Vehicles2↦15.990737080574036),(Vehicles3↦18.070177733898163),(Vehicles4↦50.6536066532135),(Vehicles5↦78.97759675979614)}"
      },
      "probabilisticVariables": null,
      "activating": [
        "SLOWER_57"
      ],
      "activatingOnlyWhenExecuted": true,
      "updating": null,
      "withPredicate": null
    },
    {
      "id": "SLOWER_57",
      "execute": "SLOWER",
      "after": "1000",
      "priority": 0,
      "additionalGuards": null,
      "activationKind": null,
      "fixedVariables": {
        "Crash": "FALSE",
        "VehiclesAy": "{(EgoVehicle↦0.0),(Vehicles2↦0.0),(Vehicles3↦0.0),(Vehicles4↦0.0),(Vehicles5↦0.0)}",
        "Reward": "0.7333333438041789",
        "VehiclesAx": "{(EgoVehicle↦-2.384185791015625E-06),(Vehicles2↦0.0008369237184524536),(Vehicles3↦-0.01242123544216156),(Vehicles4↦0.0061796605587005615),(Vehicles5↦0.0014446303248405457)}",
        "VehiclesVx": "{(EgoVehicle↦20.0),(Vehicles2↦0.6130664050579071),(Vehicles3↦0.8638452738523483),(Vehicles4↦1.225583627820015),(Vehicles5↦0.6218362227082253)}",
        "VehiclesY": "{(EgoVehicle↦8.000000238418579),(Vehicles2↦-8.000000238418579),(Vehicles3↦-4.0000001192092896),(Vehicles4↦-3.9968028886505635E-15),(Vehicles5↦-8.000000238418579)}",
        "VehiclesVy": "{(EgoVehicle↦0.0),(Vehicles2↦0.0),(Vehicles3↦0.0),(Vehicles4↦0.0),(Vehicles5↦0.0)}",
        "VehiclesX": "{(EgoVehicle↦200.0),(Vehicles2↦16.603294014930725),(Vehicles3↦18.94141435623169),(Vehicles4↦51.875483989715576),(Vehicles5↦79.5985460281372)}"
      },
      "probabilisticVariables": null,
      "activating": [
        "SLOWER_58"
      ],
      "activatingOnlyWhenExecuted": true,
      "updating": null,
      "withPredicate": null
    },
    {
      "id": "SLOWER_58",
      "execute": "SLOWER",
      "after": "1000",
      "priority": 0,
      "additionalGuards": null,
      "activationKind": null,
      "fixedVariables": {
        "Crash": "FALSE",
        "VehiclesAy": "{(EgoVehicle↦0.0),(Vehicles2↦0.0),(Vehicles3↦0.0),(Vehicles4↦0.0),(Vehicles5↦0.0)}",
        "Reward": "0.7333333347122101",
        "VehiclesAx": "{(EgoVehicle↦0.0),(Vehicles2↦0.0009357184171676636),(Vehicles3↦-0.011661425232887268),(Vehicles4↦0.006189420819282532),(Vehicles5↦0.0016903877258300781)}",
        "VehiclesVx": "{(EgoVehicle↦20.0),(Vehicles2↦0.6140021234750748),(Vehicles3↦0.8521838486194611),(Vehicles4↦1.2317730486392975),(Vehicles5↦0.6235266104340553)}",
        "VehiclesY": "{(EgoVehicle↦8.000000238418579),(Vehicles2↦-8.000000238418579),(Vehicles3↦-4.0000001192092896),(Vehicles4↦-3.9968028886505635E-15),(Vehicles5↦-8.000000238418579)}",
        "VehiclesVy": "{(EgoVehicle↦0.0),(Vehicles2↦0.0),(Vehicles3↦0.0),(Vehicles4↦0.0),(Vehicles5↦0.0)}",
        "VehiclesX": "{(EgoVehicle↦200.0),(Vehicles2↦17.216727137565613),(Vehicles3↦19.8005348443985),(Vehicles4↦53.10354232788086),(Vehicles5↦80.22103905677795)}"
      },
      "probabilisticVariables": null,
      "activating": [
        "SLOWER_59"
      ],
      "activatingOnlyWhenExecuted": true,
      "updating": null,
      "withPredicate": null
    },
    {
      "id": "SLOWER_59",
      "execute": "SLOWER",
      "after": "1000",
      "priority": 0,
      "additionalGuards": null,
      "activationKind": null,
      "fixedVariables": {
        "Crash": "FALSE",
        "VehiclesAy": "{(EgoVehicle↦0.0),(Vehicles2↦0.0),(Vehicles3↦0.0),(Vehicles4↦0.0),(Vehicles5↦0.0)}",
        "Reward": "0.7333333335149139",
        "VehiclesAx": "{(EgoVehicle↦0.0),(Vehicles2↦0.001045316457748413),(Vehicles3↦-0.010907948017120361),(Vehicles4↦0.006197839975357056),(Vehicles5↦0.0019232556223869324)}",
        "VehiclesVx": "{(EgoVehicle↦20.0),(Vehicles2↦0.6150474399328232),(Vehicles3↦0.8412759006023407),(Vehicles4↦1.2379708886146545),(Vehicles5↦0.6254498660564423)}",
        "VehiclesY": "{(EgoVehicle↦8.000000238418579),(Vehicles2↦-8.000000238418579),(Vehicles3↦-4.0000001192092896),(Vehicles4↦-3.9968028886505635E-15),(Vehicles5↦-8.000000238418579)}",
        "VehiclesVy": "{(EgoVehicle↦0.0),(Vehicles2↦0.0),(Vehicles3↦0.0),(Vehicles4↦0.0),(Vehicles5↦0.0)}",
        "VehiclesX": "{(EgoVehicle↦200.0),(Vehicles2↦17.831137776374817),(Vehicles3↦20.648296177387238),(Vehicles4↦54.337793588638306),(Vehicles5↦80.84532022476196)}"
      },
      "probabilisticVariables": null,
      "activating": [
        "SLOWER_60"
      ],
      "activatingOnlyWhenExecuted": true,
      "updating": null,
      "withPredicate": null
    },
    {
      "id": "SLOWER_60",
      "execute": "SLOWER",
      "after": "1000",
      "priority": 0,
      "additionalGuards": null,
      "activationKind": null,
      "fixedVariables": {
        "Crash": "FALSE",
        "VehiclesAy": "{(EgoVehicle↦0.0),(Vehicles2↦0.0),(Vehicles3↦0.0),(Vehicles4↦0.0),(Vehicles5↦0.0)}",
        "Reward": "0.7333333333572453",
        "VehiclesAx": "{(EgoVehicle↦0.0),(Vehicles2↦0.0011619925498962402),(Vehicles3↦-0.01016370952129364),(Vehicles4↦0.00620327889919281),(Vehicles5↦0.002141520380973816)}",
        "VehiclesVx": "{(EgoVehicle↦20.0),(Vehicles2↦0.6162094324827194),(Vehicles3↦0.8311121910810471),(Vehicles4↦1.2441741675138474),(Vehicles5↦0.6275913864374161)}",
        "VehiclesY": "{(EgoVehicle↦8.000000238418579),(Vehicles2↦-8.000000238418579),(Vehicles3↦-4.0000001192092896),(Vehicles4↦-3.9968028886505635E-15),(Vehicles5↦-8.000000238418579)}",
        "VehiclesVy": "{(EgoVehicle↦0.0),(Vehicles2↦0.0),(Vehicles3↦0.0),(Vehicles4↦0.0),(Vehicles5↦0.0)}",
        "VehiclesX": "{(EgoVehicle↦200.0),(Vehicles2↦18.44664067029953),(Vehicles3↦21.485446393489838),(Vehicles4↦55.57824373245239),(Vehicles5↦81.4716100692749)}"
      },
      "probabilisticVariables": null,
      "activating": [
        "SLOWER_61"
      ],
      "activatingOnlyWhenExecuted": true,
      "updating": null,
      "withPredicate": null
    },
    {
      "id": "SLOWER_61",
      "execute": "SLOWER",
      "after": "1000",
      "priority": 0,
      "additionalGuards": null,
      "activationKind": null,
      "fixedVariables": {
        "Crash": "FALSE",
        "VehiclesAy": "{(EgoVehicle↦0.0),(Vehicles2↦0.0),(Vehicles3↦0.0),(Vehicles4↦0.0),(Vehicles5↦0.0)}",
        "Reward": "0.7333333333364823",
        "VehiclesAx": "{(EgoVehicle↦0.0),(Vehicles2↦0.0012837722897529602),(Vehicles3↦-0.009429976344108582),(Vehicles4↦0.006205663084983826),(Vehicles5↦0.0023449212312698364)}",
        "VehiclesVx": "{(EgoVehicle↦20.0),(Vehicles2↦0.6174932047724724),(Vehicles3↦0.8216822147369385),(Vehicles4↦1.2503798305988312),(Vehicles5↦0.6299363076686859)}",
        "VehiclesY": "{(EgoVehicle↦8.000000238418579),(Vehicles2↦-8.000000238418579),(Vehicles3↦-4.0000001192092896),(Vehicles4↦-3.9968028886505635E-15),(Vehicles5↦-8.000000238418579)}",
        "VehiclesVy": "{(EgoVehicle↦0.0),(Vehicles2↦0.0),(Vehicles3↦0.0),(Vehicles4↦0.0),(Vehicles5↦0.0)}",
        "VehiclesX": "{(EgoVehicle↦200.0),(Vehicles2↦19.063353538513184),(Vehicles3↦22.312729060649872),(Vehicles4↦56.824904680252075),(Vehicles5↦82.10012316703796)}"
      },
      "probabilisticVariables": null,
      "activating": null,
      "activatingOnlyWhenExecuted": true,
      "updating": null,
      "withPredicate": null
    }
  ],
  "listeners": [],
  "metadata": {
    "fileType": "Timed_Trace",
    "formatVersion": 3,
    "savedAt": "2023-08-21T13:23:18.179681Z",
    "creator": "Simulation: HYPOTHESIS_TEST; SIGNIFICANCE : 0.05, PROBABILITY : 0.95, MAX_STEPS_BEFORE_PROPERTY : 0, EXECUTIONS : 1000, PREDICATE : Crash = FALSE, ENDING_TIME : 60000, HYPOTHESIS_CHECKING_TYPE : LEFT_TAILED, CHECKING_TYPE : PREDICATE_INVARIANT",
    "proB2KernelVersion": "4.12.2",
    "proBCliVersion": "1.12.2-final",
    "modelName": "HighwayEnvironment2"
  }
}