{
  "variables": {},
  "activations": [
    {
      "id": "$setup_constants",
      "execute": "$setup_constants",
      "after": "0",
      "priority": 0,
      "additionalGuards": null,
      "activationKind": null,
      "fixedVariables": null,
      "probabilisticVariables": null,
      "activating": null,
      "activatingOnlyWhenExecuted": true,
      "updating": null,
      "withPredicate": null
    },
    {
      "id": "$initialise_machine",
      "execute": "$initialise_machine",
      "after": "0",
      "priority": 0,
      "additionalGuards": null,
      "activationKind": null,
      "fixedVariables": {
        "Crash": "FALSE",
        "VehiclesAy": "{(EgoVehicle↦0.0),(Vehicles2↦0.0),(Vehicles3↦0.0),(Vehicles4↦0.0),(Vehicles5↦0.0)}",
        "Reward": "0.0",
        "VehiclesAx": "{(EgoVehicle↦0.0),(Vehicles2↦0.0),(Vehicles3↦0.0),(Vehicles4↦0.0),(Vehicles5↦0.0)}",
        "VehiclesVx": "{(EgoVehicle↦25.0),(Vehicles2↦-3.1476348638534546),(Vehicles3↦-3.3369863033294678),(Vehicles4↦-2.7842172980308533),(Vehicles5↦-3.5120120644569397)}",
        "VehiclesY": "{(EgoVehicle↦8.000000238418579),(Vehicles2↦-4.0000001192092896),(Vehicles3↦0.0),(Vehicles4↦-4.0000001192092896),(Vehicles5↦0.0)}",
        "VehiclesVy": "{(EgoVehicle↦0.0),(Vehicles2↦0.0),(Vehicles3↦0.0),(Vehicles4↦0.0),(Vehicles5↦0.0)}",
        "VehiclesX": "{(EgoVehicle↦155.1484227180481),(Vehicles2↦23.115450143814087),(Vehicles3↦44.275325536727905),(Vehicles4↦69.04519200325012),(Vehicles5↦91.31029844284058)}"
      },
      "probabilisticVariables": null,
      "activating": [
        "IDLE_2"
      ],
      "activatingOnlyWhenExecuted": true,
      "updating": null,
      "withPredicate": null
    },
    {
      "id": "IDLE_2",
      "execute": "IDLE",
      "after": "1000",
      "priority": 0,
      "additionalGuards": null,
      "activationKind": null,
      "fixedVariables": {
        "Crash": "FALSE",
        "VehiclesAy": "{(EgoVehicle↦0.0),(Vehicles2↦-5.22127628326416),(Vehicles3↦0.0),(Vehicles4↦0.0),(Vehicles5↦0.0)}",
        "Reward": "0.8666666666666667",
        "VehiclesAx": "{(EgoVehicle↦0.0),(Vehicles2↦-2.467108368873596),(Vehicles3↦-1.89885675907135),(Vehicles4↦-0.4794839024543762),(Vehicles5↦-1.842416226863861)}",
        "VehiclesVx": "{(EgoVehicle↦25.0),(Vehicles2↦-5.614743232727051),(Vehicles3↦-5.235843062400818),(Vehicles4↦-3.2637012004852295),(Vehicles5↦-5.354428291320801)}",
        "VehiclesY": "{(EgoVehicle↦8.000000238418579),(Vehicles2↦-5.981492400169373),(Vehicles3↦0.0),(Vehicles4↦-4.0000001192092896),(Vehicles5↦0.0)}",
        "VehiclesVy": "{(EgoVehicle↦0.0),(Vehicles2↦-5.22127628326416),(Vehicles3↦0.0),(Vehicles4↦0.0),(Vehicles5↦0.0)}",
        "VehiclesX": "{(EgoVehicle↦180.1484227180481),(Vehicles2↦18.89585554599762),(Vehicles3↦40.06745219230652),(Vehicles4↦66.05001091957092),(Vehicles5↦86.90699338912964)}"
      },
      "probabilisticVariables": null,
      "activating": [
        "IDLE_3"
      ],
      "activatingOnlyWhenExecuted": true,
      "updating": null,
      "withPredicate": null
    },
    {
      "id": "IDLE_3",
      "execute": "IDLE",
      "after": "1000",
      "priority": 0,
      "additionalGuards": null,
      "activationKind": null,
      "fixedVariables": {
        "Crash": "FALSE",
        "VehiclesAy": "{(EgoVehicle↦0.0),(Vehicles2↦4.830494709312916),(Vehicles3↦0.0),(Vehicles4↦0.0),(Vehicles5↦0.0)}",
        "Reward": "0.8666666666666667",
        "VehiclesAx": "{(EgoVehicle↦0.0),(Vehicles2↦0.7318404316902161),(Vehicles3↦-0.9406751394271851),(Vehicles4↦-0.27802199125289917),(Vehicles5↦-0.7234036922454834)}",
        "VehiclesVx": "{(EgoVehicle↦25.0),(Vehicles2↦-4.882902801036835),(Vehicles3↦-6.176518201828003),(Vehicles4↦-3.5417231917381287),(Vehicles5↦-6.077831983566284)}",
        "VehiclesY": "{(EgoVehicle↦8.000000238418579),(Vehicles2↦-7.866022825241089),(Vehicles3↦0.0),(Vehicles4↦-4.0000001192092896),(Vehicles5↦0.0)}",
        "VehiclesVy": "{(EgoVehicle↦0.0),(Vehicles2↦-0.39078157395124435),(Vehicles3↦0.0),(Vehicles4↦0.0),(Vehicles5↦0.0)}",
        "VehiclesX": "{(EgoVehicle↦200.0),(Vehicles2↦13.758239150047302),(Vehicles3↦34.40551459789276),(Vehicles4↦62.66084313392639),(Vehicles5↦81.21359944343567)}"
      },
      "probabilisticVariables": null,
      "activating": [
        "SLOWER_4"
      ],
      "activatingOnlyWhenExecuted": true,
      "updating": null,
      "withPredicate": null
    },
    {
      "id": "SLOWER_4",
      "execute": "SLOWER",
      "after": "1000",
      "priority": 0,
      "additionalGuards": null,
      "activationKind": null,
      "fixedVariables": {
        "Crash": "FALSE",
        "VehiclesAy": "{(EgoVehicle↦0.0),(Vehicles2↦0.36698237992823124),(Vehicles3↦0.0),(Vehicles4↦0.0),(Vehicles5↦0.0)}",
        "Reward": "0.750891632373114",
        "VehiclesAx": "{(EgoVehicle↦-4.341564178466797),(Vehicles2↦4.493534192442894),(Vehicles3↦3.8579143583774567),(Vehicles4↦4.187178611755371),(Vehicles5↦4.048653393983841)}",
        "VehiclesVx": "{(EgoVehicle↦20.658435821533203),(Vehicles2↦-0.38936860859394073),(Vehicles3↦-2.3186038434505463),(Vehicles4↦0.6454554200172424),(Vehicles5↦-2.0291785895824432)}",
        "VehiclesY": "{(EgoVehicle↦8.000000238418579),(Vehicles2↦-7.991862058639526),(Vehicles3↦0.0),(Vehicles4↦-4.0000001192092896),(Vehicles5↦0.0)}",
        "VehiclesVy": "{(EgoVehicle↦0.0),(Vehicles2↦-0.023799194023013115),(Vehicles3↦0.0),(Vehicles4↦0.0),(Vehicles5↦0.0)}",
        "VehiclesX": "{(EgoVehicle↦200.0),(Vehicles2↦11.345107853412628),(Vehicles3↦30.404701828956604),(Vehicles4↦61.445558071136475),(Vehicles5↦77.391117811203)}"
      },
      "probabilisticVariables": null,
      "activating": [
        "SLOWER_5"
      ],
      "activatingOnlyWhenExecuted": true,
      "updating": null,
      "withPredicate": null
    },
    {
      "id": "SLOWER_5",
      "execute": "SLOWER",
      "after": "1000",
      "priority": 0,
      "additionalGuards": null,
      "activationKind": null,
      "fixedVariables": {
        "Crash": "FALSE",
        "VehiclesAy": "{(EgoVehicle↦0.0),(Vehicles2↦0.022366329067153856),(Vehicles3↦0.0),(Vehicles4↦0.0),(Vehicles5↦0.0)}",
        "Reward": "0.735645537322111",
        "VehiclesAx": "{(EgoVehicle↦-0.5717277526855469),(Vehicles2↦0.6050323881208897),(Vehicles3↦0.33511921763420105),(Vehicles4↦0.47744251787662506),(Vehicles5↦0.48245206475257874)}",
        "VehiclesVx": "{(EgoVehicle↦20.086708068847656),(Vehicles2↦0.21566377952694893),(Vehicles3↦-1.9834846258163452),(Vehicles4↦1.1228979378938675),(Vehicles5↦-1.5467265248298645)}",
        "VehiclesY": "{(EgoVehicle↦8.000000238418579),(Vehicles2↦-7.999510288238525),(Vehicles3↦0.0),(Vehicles4↦-4.0000001192092896),(Vehicles5↦0.0)}",
        "VehiclesVy": "{(EgoVehicle↦0.0),(Vehicles2↦-0.0014328649558592588),(Vehicles3↦0.0),(Vehicles4↦0.0),(Vehicles5↦0.0)}",
        "VehiclesX": "{(EgoVehicle↦200.0),(Vehicles2↦11.29099354147911),(Vehicles3↦28.292232751846313),(Vehicles4↦62.36560344696045),(Vehicles5↦75.6302535533905)}"
      },
      "probabilisticVariables": null,
      "activating": [
        "SLOWER_6"
      ],
      "activatingOnlyWhenExecuted": true,
      "updating": null,
      "withPredicate": null
    },
    {
      "id": "SLOWER_6",
      "execute": "SLOWER",
      "after": "1000",
      "priority": 0,
      "additionalGuards": null,
      "activationKind": null,
      "fixedVariables": {
        "Crash": "FALSE",
        "VehiclesAy": "{(EgoVehicle↦0.0),(Vehicles2↦0.0013466195741784759),(Vehicles3↦0.0),(Vehicles4↦0.0),(Vehicles5↦0.0)}",
        "Reward": "0.7336378211014029",
        "VehiclesAx": "{(EgoVehicle↦-0.07529020309448242),(Vehicles2↦0.04889402538537979),(Vehicles3↦-0.018752962350845337),(Vehicles4↦0.009386539459228516),(Vehicles5↦0.09360164403915405)}",
        "VehiclesVx": "{(EgoVehicle↦20.011417865753174),(Vehicles2↦0.2645578049123287),(Vehicles3↦-2.0022375881671906),(Vehicles4↦1.132284477353096),(Vehicles5↦-1.4531248807907104)}",
        "VehiclesY": "{(EgoVehicle↦8.000000238418579),(Vehicles2↦-7.999970197677612),(Vehicles3↦0.0),(Vehicles4↦-4.0000001192092896),(Vehicles5↦0.0)}",
        "VehiclesVy": "{(EgoVehicle↦0.0),(Vehicles2↦-8.624538168078288E-05),(Vehicles3↦0.0),(Vehicles4↦0.0),(Vehicles5↦0.0)}",
        "VehiclesX": "{(EgoVehicle↦200.0),(Vehicles2↦11.540914326906204),(Vehicles3↦26.304012537002563),(Vehicles4↦63.50204944610596),(Vehicles5↦74.12620186805725)}"
      },
      "probabilisticVariables": null,
      "activating": [
        "SLOWER_7"
      ],
      "activatingOnlyWhenExecuted": true,
      "updating": null,
      "withPredicate": null
    },
    {
      "id": "SLOWER_7",
      "execute": "SLOWER",
      "after": "1000",
      "priority": 0,
      "additionalGuards": null,
      "activationKind": null,
      "fixedVariables": {
        "Crash": "FALSE",
        "VehiclesAy": "{(EgoVehicle↦0.0),(Vehicles2↦8.103006280180125E-05),(Vehicles3↦0.0),(Vehicles4↦0.0),(Vehicles5↦0.0)}",
        "Reward": "0.7333734304879762",
        "VehiclesAx": "{(EgoVehicle↦-0.009913444519042969),(Vehicles2↦-0.04573807120323181),(Vehicles3↦0.0010254979133605957),(Vehicles4↦-0.03987021744251251),(Vehicles5↦0.08479326963424683)}",
        "VehiclesVx": "{(EgoVehicle↦20.00150442123413),(Vehicles2↦0.2188197337090969),(Vehicles3↦-2.00121209025383),(Vehicles4↦1.0924142599105835),(Vehicles5↦-1.3683316111564636)}",
        "VehiclesY": "{(EgoVehicle↦8.000000238418579),(Vehicles2↦-7.999998092651367),(Vehicles3↦0.0),(Vehicles4↦-4.0000001192092896),(Vehicles5↦0.0)}",
        "VehiclesVy": "{(EgoVehicle↦0.0),(Vehicles2↦-5.215318878981634E-06),(Vehicles3↦0.0),(Vehicles4↦0.0),(Vehicles5↦0.0)}",
        "VehiclesX": "{(EgoVehicle↦200.0),(Vehicles2↦11.790227144956589),(Vehicles3↦24.298489093780518),(Vehicles4↦64.6188735961914),(Vehicles5↦72.70541787147522)}"
      },
      "probabilisticVariables": null,
      "activating": [
        "SLOWER_8"
      ],
      "activatingOnlyWhenExecuted": true,
      "updating": null,
      "withPredicate": null
    },
    {
      "id": "SLOWER_8",
      "execute": "SLOWER",
      "after": "1000",
      "priority": 0,
      "additionalGuards": null,
      "activationKind": null,
      "fixedVariables": {
        "Crash": "FALSE",
        "VehiclesAy": "{(EgoVehicle↦0.0),(Vehicles2↦4.897749832366571E-06),(Vehicles3↦0.0),(Vehicles4↦0.0),(Vehicles5↦0.0)}",
        "Reward": "0.7333386136170722",
        "VehiclesAx": "{(EgoVehicle↦-0.0013065338134765625),(Vehicles2↦-0.06758958101272583),(Vehicles3↦0.04326179623603821),(Vehicles4↦-0.03782890737056732),(Vehicles5↦0.1024588942527771)}",
        "VehiclesVx": "{(EgoVehicle↦20.000197887420654),(Vehicles2↦0.15123015269637108),(Vehicles3↦-1.9579502940177917),(Vehicles4↦1.0545853525400162),(Vehicles5↦-1.2658727169036865)}",
        "VehiclesY": "{(EgoVehicle↦8.000000238418579),(Vehicles2↦-8.000000238418579),(Vehicles3↦0.0),(Vehicles4↦-4.0000001192092896),(Vehicles5↦0.0)}",
        "VehiclesVy": "{(EgoVehicle↦0.0),(Vehicles2↦-3.175690466150627E-07),(Vehicles3↦0.0),(Vehicles4↦0.0),(Vehicles5↦0.0)}",
        "VehiclesX": "{(EgoVehicle↦200.0),(Vehicles2↦11.982860416173935),(Vehicles3↦22.31171578168869),(Vehicles4↦65.6956434249878),(Vehicles5↦71.37700915336609)}"
      },
      "probabilisticVariables": null,
      "activating": [
        "SLOWER_9"
      ],
      "activatingOnlyWhenExecuted": true,
      "updating": null,
      "withPredicate": null
    },
    {
      "id": "SLOWER_9",
      "execute": "SLOWER",
      "after": "1000",
      "priority": 0,
      "additionalGuards": null,
      "activationKind": null,
      "fixedVariables": {
        "Crash": "FALSE",
        "VehiclesAy": "{(EgoVehicle↦0.0),(Vehicles2↦2.9807850410179526E-07),(Vehicles3↦0.0),(Vehicles4↦0.0),(Vehicles5↦0.0)}",
        "Reward": "0.73333402867934",
        "VehiclesAx": "{(EgoVehicle↦-0.000171661376953125),(Vehicles2↦-0.07378766313195229),(Vehicles3↦0.07144004106521606),(Vehicles4↦-0.03135070204734802),(Vehicles5↦0.11014111340045929)}",
        "VehiclesVx": "{(EgoVehicle↦20.0000262260437),(Vehicles2↦0.07744248956441879),(Vehicles3↦-1.8865102529525757),(Vehicles4↦1.0232346504926682),(Vehicles5↦-1.1557316035032272)}",
        "VehiclesY": "{(EgoVehicle↦8.000000238418579),(Vehicles2↦-8.000000238418579),(Vehicles3↦0.0),(Vehicles4↦-4.0000001192092896),(Vehicles5↦0.0)}",
        "VehiclesVy": "{(EgoVehicle↦0.0),(Vehicles2↦-1.9490542513267428E-08),(Vehicles3↦0.0),(Vehicles4↦0.0),(Vehicles5↦0.0)}",
        "VehiclesX": "{(EgoVehicle↦200.0),(Vehicles2↦12.104801833629608),(Vehicles3↦20.380662381649017),(Vehicles4↦66.73719882965088),(Vehicles5↦70.15498280525208)}"
      },
      "probabilisticVariables": null,
      "activating": [
        "SLOWER_10"
      ],
      "activatingOnlyWhenExecuted": true,
      "updating": null,
      "withPredicate": null
    },
    {
      "id": "SLOWER_10",
      "execute": "SLOWER",
      "after": "1000",
      "priority": 0,
      "additionalGuards": null,
      "activationKind": null,
      "fixedVariables": {
        "Crash": "FALSE",
        "VehiclesAy": "{(EgoVehicle↦0.0),(Vehicles2↦1.828451168250922E-08),(Vehicles3↦-6.673316955566406),(Vehicles4↦0.0),(Vehicles5↦0.0)}",
        "Reward": "0.7333334249015317",
        "VehiclesAx": "{(EgoVehicle↦-2.384185791015625E-05),(Vehicles2↦-0.07495014957385138),(Vehicles3↦-1.1806973814964294),(Vehicles4↦-0.026001334190368652),(Vehicles5↦0.10925248265266418)}",
        "VehiclesVx": "{(EgoVehicle↦20.00000238418579),(Vehicles2↦0.002492339990567416),(Vehicles3↦-3.067207634449005),(Vehicles4↦0.9972333163022995),(Vehicles5↦-1.046479120850563)}",
        "VehiclesY": "{(EgoVehicle↦8.000000238418579),(Vehicles2↦-8.000000238418579),(Vehicles3↦-0.9385376572608948),(Vehicles4↦-4.0000001192092896),(Vehicles5↦0.0)}",
        "VehiclesVy": "{(EgoVehicle↦0.0),(Vehicles2↦-1.206030830758209E-09),(Vehicles3↦-6.673316955566406),(Vehicles4↦0.0),(Vehicles5↦0.0)}",
        "VehiclesX": "{(EgoVehicle↦200.0),(Vehicles2↦12.152250856161118),(Vehicles3↦18.4048593044281),(Vehicles4↦67.74966716766357),(Vehicles5↦69.0432608127594)}"
      },
      "probabilisticVariables": null,
      "activating": [
        "LANE_LEFT_11"
      ],
      "activatingOnlyWhenExecuted": true,
      "updating": null,
      "withPredicate": null
    },
    {
      "id": "LANE_LEFT_11",
      "execute": "LANE_LEFT",
      "after": "1000",
      "priority": 0,
      "additionalGuards": null,
      "activationKind": null,
      "fixedVariables": {
        "Crash": "FALSE",
        "VehiclesAy": "{(EgoVehicle↦-1.1458636075258255),(Vehicles2↦1.1458636087318563),(Vehicles3↦7.118027172982693),(Vehicles4↦1.1458636075258255),(Vehicles5↦1.1458636075258255)}",
        "Reward": "0.7000000000000001",
        "VehiclesAx": "{(EgoVehicle↦-0.03285408020019531),(Vehicles2↦-0.04120011784834787),(Vehicles3↦1.559033989906311),(Vehicles4↦-1.9071634113788605),(Vehicles5↦2.054394856095314)}",
        "VehiclesVx": "{(EgoVehicle↦19.967148303985596),(Vehicles2↦-0.03870777785778046),(Vehicles3↦-1.508173644542694),(Vehicles4↦-0.909930095076561),(Vehicles5↦1.007915735244751)}",
        "VehiclesY": "{(EgoVehicle↦4.396300435066223),(Vehicles2↦-4.396300435066223),(Vehicles3↦-0.14788785204291344),(Vehicles4↦3.6036994457244873),(Vehicles5↦-0.3963004946708679)}",
        "VehiclesVy": "{(EgoVehicle↦-1.1458636075258255),(Vehicles2↦1.1458636075258255),(Vehicles3↦0.44471021741628647),(Vehicles4↦1.1458636075258255),(Vehicles5↦1.1458636075258255)}",
        "VehiclesX": "{(EgoVehicle↦200.0),(Vehicles2↦12.511597573757172),(Vehicles3↦16.747385263442993),(Vehicles4↦68.42541098594666),(Vehicles5↦69.12437677383423)}"
      },
      "probabilisticVariables": null,
      "activating": [
        "LANE_RIGHT_12"
      ],
      "activatingOnlyWhenExecuted": true,
      "updating": null,
      "withPredicate": null
    },
    {
      "id": "LANE_RIGHT_12",
      "execute": "LANE_RIGHT",
      "after": "1000",
      "priority": 0,
      "additionalGuards": null,
      "activationKind": null,
      "fixedVariables": {
        "Crash": "FALSE",
        "VehiclesAy": "{(EgoVehicle↦2.2204431891441345),(Vehicles2↦-2.2204431891441345),(Vehicles3↦-1.5698176994919777),(Vehicles4↦-2.2204431891441345),(Vehicles5↦0.07128402590751648)}",
        "Reward": "0.7333333333333334",
        "VehiclesAx": "{(EgoVehicle↦0.003962516784667969),(Vehicles2↦-0.07622367702424526),(Vehicles3↦0.3428070992231369),(Vehicles4↦0.09216338396072388),(Vehicles5↦-0.023566409945487976)}",
        "VehiclesVx": "{(EgoVehicle↦19.971110820770264),(Vehicles2↦-0.11493145488202572),(Vehicles3↦-1.1653665453195572),(Vehicles4↦-0.8177667111158371),(Vehicles5↦0.984349325299263)}",
        "VehiclesY": "{(EgoVehicle↦7.628213882446289),(Vehicles2↦-7.628213882446289),(Vehicles3↦-3.6104228496551514),(Vehicles4↦0.3717864453792572),(Vehicles5↦-3.628213405609131)}",
        "VehiclesVy": "{(EgoVehicle↦1.074579581618309),(Vehicles2↦-1.074579581618309),(Vehicles3↦-1.1251074820756912),(Vehicles4↦-1.074579581618309),(Vehicles5↦-1.074579581618309)}",
        "VehiclesX": "{(EgoVehicle↦200.0),(Vehicles2↦12.720370292663574),(Vehicles3↦15.669174492359161),(Vehicles4↦67.83111691474915),(Vehicles5↦70.40083408355713)}"
      },
      "probabilisticVariables": null,
      "activating": [
        "IDLE_13"
      ],
      "activatingOnlyWhenExecuted": true,
      "updating": null,
      "withPredicate": null
    },
    {
      "id": "IDLE_13",
      "execute": "IDLE",
      "after": "1000",
      "priority": 0,
      "additionalGuards": null,
      "activationKind": null,
      "fixedVariables": {
        "Crash": "FALSE",
        "VehiclesAy": "{(EgoVehicle↦-1.0072025284171104),(Vehicles2↦1.0072025284171104),(Vehicles3↦1.0542006930336356),(Vehicles4↦1.0072025284171104),(Vehicles5↦-1.1419566348195076)}",
        "Reward": "0.7333333333333334",
        "VehiclesAx": "{(EgoVehicle↦0.028775930404663086),(Vehicles2↦-0.09886032901704311),(Vehicles3↦0.21204233169555664),(Vehicles4↦0.059276893734931946),(Vehicles5↦-0.04674866795539856)}",
        "VehiclesVx": "{(EgoVehicle↦19.999886751174927),(Vehicles2↦-0.21379178389906883),(Vehicles3↦-0.9533242136240005),(Vehicles4↦-0.7584898173809052),(Vehicles5↦0.9376006573438644)}",
        "VehiclesY": "{(EgoVehicle↦7.976800918579102),(Vehicles2↦-7.976800918579102),(Vehicles3↦-3.9755637645721436),(Vehicles4↦0.023198737297207117),(Vehicles5↦-3.9768011569976807)}",
        "VehiclesVy": "{(EgoVehicle↦0.06737705320119858),(Vehicles2↦-0.06737705320119858),(Vehicles3↦-0.0709067890420556),(Vehicles4↦-0.06737705320119858),(Vehicles5↦-0.06737705320119858)}",
        "VehiclesX": "{(EgoVehicle↦200.0),(Vehicles2↦12.552984058856964),(Vehicles3↦14.581964910030365),(Vehicles4↦67.02497601509094),(Vehicles5↦71.35365605354309)}"
      },
      "probabilisticVariables": null,
      "activating": [
        "FASTER_14"
      ],
      "activatingOnlyWhenExecuted": true,
      "updating": null,
      "withPredicate": null
    },
    {
      "id": "FASTER_14",
      "execute": "FASTER",
      "after": "1000",
      "priority": 0,
      "additionalGuards": null,
      "activationKind": null,
      "fixedVariables": {
        "Crash": "FALSE",
        "VehiclesAy": "{(EgoVehicle↦-0.06407946406397969),(Vehicles2↦0.06407946406397969),(Vehicles3↦0.06736804032698274),(Vehicles4↦0.06407946406397969),(Vehicles5↦-0.07067464233841747)}",
        "Reward": "0.84910836169803",
        "VehiclesAx": "{(EgoVehicle↦4.34167742729187),(Vehicles2↦-4.409412685781717),(Vehicles3↦-4.162873849272728),(Vehicles4↦-4.261422902345657),(Vehicles5↦-4.358647093176842)}",
        "VehiclesVx": "{(EgoVehicle↦24.341564178466797),(Vehicles2↦-4.623204469680786),(Vehicles3↦-5.1161980628967285),(Vehicles4↦-5.0199127197265625),(Vehicles5↦-3.4210464358329773)}",
        "VehiclesY": "{(EgoVehicle↦7.999004602432251),(Vehicles2↦-7.999004602432251),(Vehicles3↦-3.9989200830459595),(Vehicles4↦0.0009955987916328013),(Vehicles5↦-3.9990044832229614)}",
        "VehiclesVy": "{(EgoVehicle↦0.0032975891372188926),(Vehicles2↦-0.0032975891372188926),(Vehicles3↦-0.0035387487150728703),(Vehicles4↦-0.0032975891372188926),(Vehicles5↦-0.0032975891372188926)}",
        "VehiclesX": "{(EgoVehicle↦200.0),(Vehicles2↦9.916748851537704),(Vehicles3↦11.308994144201279),(Vehicles4↦63.90403509140015),(Vehicles5↦69.88924741744995)}"
      },
      "probabilisticVariables": null,
      "activating": [
        "IDLE_15"
      ],
      "activatingOnlyWhenExecuted": true,
      "updating": null,
      "withPredicate": null
    },
    {
      "id": "IDLE_15",
      "execute": "IDLE",
      "after": "1000",
      "priority": 0,
      "additionalGuards": null,
      "activationKind": null,
      "fixedVariables": {
        "Crash": "FALSE",
        "VehiclesAy": "{(EgoVehicle↦-0.00319042263981828),(Vehicles2↦0.00319042263981828),(Vehicles3↦0.0034153808064729674),(Vehicles4↦0.00319042263981828),(Vehicles5↦-0.003404755634619505)}",
        "Reward": "0.8643544626753688",
        "VehiclesAx": "{(EgoVehicle↦0.5717277526855469),(Vehicles2↦-0.6370103359222412),(Vehicles3↦-0.4340529441833496),(Vehicles4↦-0.49864232540130615),(Vehicles5↦-0.5880683660507202)}",
        "VehiclesVx": "{(EgoVehicle↦24.913291931152344),(Vehicles2↦-5.260214805603027),(Vehicles3↦-5.550251007080078),(Vehicles4↦-5.518555045127869),(Vehicles5↦-4.0091148018836975)}",
        "VehiclesY": "{(EgoVehicle↦7.9999680519104),(Vehicles2↦-7.9999680519104),(Vehicles3↦-3.9999622106552124),(Vehicles4↦3.2174194529943634E-05),(Vehicles5↦-3.999967932701111)}",
        "VehiclesVy": "{(EgoVehicle↦0.00010716649740061257),(Vehicles2↦-0.00010716649740061257),(Vehicles3↦-0.00012336790859990288),(Vehicles4↦-0.00010716649740061257),(Vehicles5↦-0.00010716649740061257)}",
        "VehiclesX": "{(EgoVehicle↦200.0),(Vehicles2↦4.951832070946693),(Vehicles3↦5.935137718915939),(Vehicles4↦58.5985004901886),(Vehicles5↦66.14622473716736)}"
      },
      "probabilisticVariables": null,
      "activating": [
        "IDLE_16"
      ],
      "activatingOnlyWhenExecuted": true,
      "updating": null,
      "withPredicate": null
    },
    {
      "id": "IDLE_16",
      "execute": "IDLE",
      "after": "1000",
      "priority": 0,
      "additionalGuards": null,
      "activationKind": null,
      "fixedVariables": {
        "Crash": "FALSE",
        "VehiclesAy": "{(EgoVehicle↦-0.00010380085427641461),(Vehicles2↦0.00010380085427641461),(Vehicles3↦0.00011892813830627347),(Vehicles4↦0.00010380085427641461),(Vehicles5↦-0.00011053214052481053)}",
        "Reward": "0.8663621788990686",
        "VehiclesAx": "{(EgoVehicle↦0.07529020309448242),(Vehicles2↦-0.13801753520965576),(Vehicles3↦0.03453254699707031),(Vehicles4↦-0.008624792098999023),(Vehicles5↦-0.09118199348449707)}",
        "VehiclesVx": "{(EgoVehicle↦24.988582134246826),(Vehicles2↦-5.398232340812683),(Vehicles3↦-5.515718460083008),(Vehicles4↦-5.527179837226868),(Vehicles5↦-4.100296795368195)}",
        "VehiclesY": "{(EgoVehicle↦7.9999988079071045),(Vehicles2↦-7.9999988079071045),(Vehicles3↦-3.999998688697815),(Vehicles4↦1.0097918448082055E-06),(Vehicles5↦-3.9999990463256836)}",
        "VehiclesVy": "{(EgoVehicle↦3.365643124197959E-06),(Vehicles2↦-3.365643124197959E-06),(Vehicles3↦-4.439770293629408E-06),(Vehicles4↦-3.365643124197959E-06),(Vehicles5↦-3.365643124197959E-06)}",
        "VehiclesX": "{(EgoVehicle↦200.0),(Vehicles2↦-0.3752168733626604),(Vehicles3↦0.3891173517331481),(Vehicles4↦53.06556224822998),(Vehicles5↦62.089186906814575)}"
      },
      "probabilisticVariables": null,
      "activating": [
        "SLOWER_17"
      ],
      "activatingOnlyWhenExecuted": true,
      "updating": null,
      "withPredicate": null
    },
    {
      "id": "SLOWER_17",
      "execute": "SLOWER",
      "after": "1000",
      "priority": 0,
      "additionalGuards": null,
      "activationKind": null,
      "fixedVariables": {
        "Crash": "FALSE",
        "VehiclesAy": "{(EgoVehicle↦-3.2288472695540804E-06),(Vehicles2↦3.1583955895087E-06),(Vehicles3↦4.302974447867314E-06),(Vehicles4↦3.2288472784358646E-06),(Vehicles5↦-3.5024389699600533E-06)}",
        "Reward": "0.7508515352185339",
        "VehiclesAx": "{(EgoVehicle↦-4.331650733947754),(Vehicles2↦4.304543137550354),(Vehicles3↦4.389074966311455),(Vehicles4↦4.39263679087162),(Vehicles5↦4.31614451110363)}",
        "VehiclesVx": "{(EgoVehicle↦20.656931400299072),(Vehicles2↦-1.093689203262329),(Vehicles3↦-1.126643493771553),(Vehicles4↦-1.1345430463552475),(Vehicles5↦0.21584771573543549)}",
        "VehiclesY": "{(EgoVehicle↦8.000000238418579),(Vehicles2↦-3.999999761581421),(Vehicles3↦-8.000000238418579),(Vehicles4↦4.7283542414788826E-08),(Vehicles5↦-4.0000001192092896)}",
        "VehiclesVy": "{(EgoVehicle↦1.3679585464387856E-07),(Vehicles2↦-2.0724753468925883E-07),(Vehicles3↦-1.3679584576209436E-07),(Vehicles4↦-1.3679584576209436E-07),(Vehicles5↦-1.3679584576209436E-07)}",
        "VehiclesX": "{(EgoVehicle↦200.0),(Vehicles2↦-2.699550800025463),(Vehicles3↦-3.4080997109413147),(Vehicles4↦49.95279610157013),(Vehicles5↦60.37225127220154)}"
      },
      "probabilisticVariables": null,
      "activating": [
        "FASTER_18"
      ],
      "activatingOnlyWhenExecuted": true,
      "updating": null,
      "withPredicate": null
    },
    {
      "id": "FASTER_18",
      "execute": "FASTER",
      "after": "1000",
      "priority": 0,
      "additionalGuards": null,
      "activationKind": null,
      "fixedVariables": {
        "Crash": "FALSE",
        "VehiclesAy": "{(EgoVehicle↦-1.3018052413826808E-07),(Vehicles2↦1.9605260526134316E-07),(Vehicles3↦1.301805063746997E-07),(Vehicles4↦1.301805063746997E-07),(Vehicles5↦-1.4341118514948903E-07)}",
        "Reward": "0.851415291331933",
        "VehiclesAx": "{(EgoVehicle↦3.7711429595947266),(Vehicles2↦-3.6948245763778687),(Vehicles3↦-3.828400894999504),(Vehicles4↦-3.715144470334053),(Vehicles5↦-3.7862401455640793)}",
        "VehiclesVx": "{(EgoVehicle↦24.4280743598938),(Vehicles2↦-4.788513779640198),(Vehicles3↦-4.955044388771057),(Vehicles4↦-4.8496875166893005),(Vehicles5↦-3.570392429828644)}",
        "VehiclesY": "{(EgoVehicle↦8.000000238418579),(Vehicles2↦-4.0000001192092896),(Vehicles3↦-8.000000238418579),(Vehicles4↦1.999339360736485E-09),(Vehicles5↦-4.0000001192092896)}",
        "VehiclesVy": "{(EgoVehicle↦6.615330505610473E-09),(Vehicles2↦-1.1194929427915667E-08),(Vehicles3↦-6.61533938739467E-09),(Vehicles4↦-6.61533938739467E-09),(Vehicles5↦-6.61533938739467E-09)}",
        "VehiclesX": "{(EgoVehicle↦200.0),(Vehicles2↦-5.842132866382599),(Vehicles3↦-6.638259440660477),(Vehicles4↦46.760642528533936),(Vehicles5↦58.50164294242859)}"
      },
      "probabilisticVariables": null,
      "activating": [
        "SLOWER_19"
      ],
      "activatingOnlyWhenExecuted": true,
      "updating": null,
      "withPredicate": null
    },
    {
      "id": "SLOWER_19",
      "execute": "SLOWER",
      "after": "1000",
      "priority": 0,
      "additionalGuards": null,
      "activationKind": null,
      "fixedVariables": {
        "Crash": "FALSE",
        "VehiclesAy": "{(EgoVehicle↦-6.3366378810769675E-09),(Vehicles2↦1.06208286609899E-08),(Vehicles3↦6.3366467628611645E-09),(Vehicles4↦6.3366467628611645E-09),(Vehicles5↦-6.894032011928175E-09)}",
        "Reward": "0.7488832208064",
        "VehiclesAx": "{(EgoVehicle↦-3.8449525833129883),(Vehicles2↦3.910718187689781),(Vehicles3↦3.7906359136104584),(Vehicles4↦3.896564394235611),(Vehicles5↦1.459605097770691)}",
        "VehiclesVx": "{(EgoVehicle↦20.58312177658081),(Vehicles2↦-0.8777955919504166),(Vehicles3↦-1.1644084751605988),(Vehicles4↦-0.9531231224536896),(Vehicles5↦-2.110787332057953)}",
        "VehiclesY": "{(EgoVehicle↦8.000000238418579),(Vehicles2↦-4.0000001192092896),(Vehicles3↦-8.000000238418579),(Vehicles4↦9.629363972862848E-11),(Vehicles5↦-8.000000238418579)}",
        "VehiclesVy": "{(EgoVehicle↦2.786926245335053E-10),(Vehicles2↦-5.741007669257669E-10),(Vehicles3↦-2.786926245335053E-10),(Vehicles4↦-2.786926245335053E-10),(Vehicles5↦-2.786926245335053E-10)}",
        "VehiclesX": "{(EgoVehicle↦200.0),(Vehicles2↦-8.482502400875092),(Vehicles3↦-9.494169801473618),(Vehicles4↦44.053030014038086),(Vehicles5↦56.17327690124512)}"
      },
      "probabilisticVariables": null,
      "activating": [
        "IDLE_20"
      ],
      "activatingOnlyWhenExecuted": true,
      "updating": null,
      "withPredicate": null
    },
    {
      "id": "IDLE_20",
      "execute": "IDLE",
      "after": "1000",
      "priority": 0,
      "additionalGuards": null,
      "activationKind": null,
      "fixedVariables": {
        "Crash": "FALSE",
        "VehiclesAy": "{(EgoVehicle↦-2.615685446016869E-10),(Vehicles2↦5.380496048701389E-10),(Vehicles3↦2.615685446016869E-10),(Vehicles4↦2.615685446016869E-10),(Vehicles5↦-2.958167044653237E-10)}",
        "Reward": "0.7353810551404861",
        "VehiclesAx": "{(EgoVehicle↦-0.5063319206237793),(Vehicles2↦0.5639085546135902),(Vehicles3↦0.7653700187802315),(Vehicles4↦-0.6187073886394501),(Vehicles5↦2.862935960292816)}",
        "VehiclesVx": "{(EgoVehicle↦20.07678985595703),(Vehicles2↦-0.3138870373368263),(Vehicles3↦-0.3990384563803673),(Vehicles4↦-1.5718305110931396),(Vehicles5↦0.7521486282348633)}",
        "VehiclesY": "{(EgoVehicle↦8.000000238418579),(Vehicles2↦-4.0000001192092896),(Vehicles3↦5.899281063648232E-12),(Vehicles4↦-8.000000238418579),(Vehicles5↦-4.0000001192092896)}",
        "VehiclesVy": "{(EgoVehicle↦1.7124079931818414E-11),(Vehicles2↦-3.605116205562808E-11),(Vehicles3↦-1.7124079931818414E-11),(Vehicles4↦-1.7124079931818414E-11),(Vehicles5↦-1.7124079931818414E-11)}",
        "VehiclesX": "{(EgoVehicle↦200.0),(Vehicles2↦-9.057363867759705),(Vehicles3↦43.39861869812012),(Vehicles4↦54.35497164726257),(Vehicles5↦57.58001208305359)}"
      },
      "probabilisticVariables": null,
      "activating": [
        "IDLE_21"
      ],
      "activatingOnlyWhenExecuted": true,
      "updating": null,
      "withPredicate": null
    },
    {
      "id": "IDLE_21",
      "execute": "IDLE",
      "after": "1000",
      "priority": 0,
      "additionalGuards": null,
      "activationKind": null,
      "fixedVariables": {
        "Crash": "FALSE",
        "VehiclesAy": "{(EgoVehicle↦-1.6058265828178264E-11),(Vehicles2↦3.377742530119576E-11),(Vehicles3↦1.6058265828178264E-11),(Vehicles4↦1.6058265828178264E-11),(Vehicles5↦-1.8189894035458565E-11)}",
        "Reward": "0.7336029921721354",
        "VehiclesAx": "{(EgoVehicle↦-0.06667852401733398),(Vehicles2↦0.11771060526371002),(Vehicles3↦0.11102370917797089),(Vehicles4↦0.0980791449546814),(Vehicles5↦0.053176507353782654)}",
        "VehiclesVx": "{(EgoVehicle↦20.010111331939697),(Vehicles2↦-0.1961764320731163),(Vehicles3↦-0.2880147472023964),(Vehicles4↦-1.4737513661384583),(Vehicles5↦0.8053251355886459)}",
        "VehiclesY": "{(EgoVehicle↦8.000000238418579),(Vehicles2↦-4.0000001192092896),(Vehicles3↦3.6504133049675147E-13),(Vehicles4↦-8.000000238418579),(Vehicles5↦-4.0000001192092896)}",
        "VehiclesVy": "{(EgoVehicle↦1.0658141036401503E-12),(Vehicles2↦-2.2737367544323206E-12),(Vehicles3↦-1.0658141036401503E-12),(Vehicles4↦-1.0658141036401503E-12),(Vehicles5↦-1.0658141036401503E-12)}",
        "VehiclesX": "{(EgoVehicle↦200.0),(Vehicles2↦-9.313584119081497),(Vehicles3↦43.054357171058655),(Vehicles4↦52.832573652267456),(Vehicles5↦58.36349129676819)}"
      },
      "probabilisticVariables": null,
      "activating": [
        "SLOWER_22"
      ],
      "activatingOnlyWhenExecuted": true,
      "updating": null,
      "withPredicate": null
    },
    {
      "id": "SLOWER_22",
      "execute": "SLOWER",
      "after": "1000",
      "priority": 0,
      "additionalGuards": null,
      "activationKind": null,
      "fixedVariables": {
        "Crash": "FALSE",
        "VehiclesAy": "{(EgoVehicle↦-1.0125233984581428E-12),(Vehicles2↦2.1316282072803006E-12),(Vehicles3↦1.0125233984581428E-12),(Vehicles4↦1.0125233984581428E-12),(Vehicles5↦-1.1191048088221578E-12)}",
        "Reward": "0.7333688439623115",
        "VehiclesAx": "{(EgoVehicle↦-0.008778572082519531),(Vehicles2↦0.05445568822324276),(Vehicles3↦0.0501052662730217),(Vehicles4↦0.039177387952804565),(Vehicles5↦-0.004051104187965393)}",
        "VehiclesVx": "{(EgoVehicle↦20.001332759857178),(Vehicles2↦-0.14172074384987354),(Vehicles3↦-0.2379094809293747),(Vehicles4↦-1.4345739781856537),(Vehicles5↦0.8012740314006805)}",
        "VehiclesY": "{(EgoVehicle↦8.000000238418579),(Vehicles2↦-4.0000001192092896),(Vehicles3↦2.398081733190338E-14),(Vehicles4↦-8.000000238418579),(Vehicles5↦-4.0000001192092896)}",
        "VehiclesVy": "{(EgoVehicle↦5.3290705182007514E-14),(Vehicles2↦-1.4210854715202004E-13),(Vehicles3↦-5.3290705182007514E-14),(Vehicles4↦-5.3290705182007514E-14),(Vehicles5↦-5.3290705182007514E-14)}",
        "VehiclesX": "{(EgoVehicle↦200.0),(Vehicles2↦-9.486256539821625),(Vehicles3↦42.78794527053833),(Vehicles4↦51.375895738601685),(Vehicles5↦59.16847586631775)}"
      },
      "probabilisticVariables": null,
      "activating": [
        "SLOWER_23"
      ],
      "activatingOnlyWhenExecuted": true,
      "updating": null,
      "withPredicate": null
    },
    {
      "id": "SLOWER_23",
      "execute": "SLOWER",
      "after": "1000",
      "priority": 0,
      "additionalGuards": null,
      "activationKind": null,
      "fixedVariables": {
        "Crash": "FALSE",
        "VehiclesAy": "{(EgoVehicle↦-5.3290705182007514E-14),(Vehicles2↦1.4210854715202004E-13),(Vehicles3↦5.3290705182007514E-14),(Vehicles4↦5.3290705182007514E-14),(Vehicles5↦-5.3290705182007514E-14)}",
        "Reward": "0.7333380096301534",
        "VehiclesAx": "{(EgoVehicle↦-0.0011563301086425781),(Vehicles2↦0.04235907457768917),(Vehicles3↦0.03978872671723366),(Vehicles4↦0.030765682458877563),(Vehicles5↦-0.010952204465866089)}",
        "VehiclesVx": "{(EgoVehicle↦20.000176429748535),(Vehicles2↦-0.09936166927218437),(Vehicles3↦-0.19812075421214104),(Vehicles4↦-1.4038082957267761),(Vehicles5↦0.7903218269348145)}",
        "VehiclesY": "{(EgoVehicle↦8.000000238418579),(Vehicles2↦-4.0000001192092896),(Vehicles3↦0.0),(Vehicles4↦-8.000000238418579),(Vehicles5↦-4.0000001192092896)}",
        "VehiclesVy": "{(EgoVehicle↦0.0),(Vehicles2↦0.0),(Vehicles3↦0.0),(Vehicles4↦0.0),(Vehicles5↦0.0)}",
        "VehiclesX": "{(EgoVehicle↦200.0),(Vehicles2↦-9.610529989004135),(Vehicles3↦42.56632924079895),(Vehicles4↦49.95385706424713),(Vehicles5↦59.96548533439636)}"
      },
      "probabilisticVariables": null,
      "activating": [
        "SLOWER_24"
      ],
      "activatingOnlyWhenExecuted": true,
      "updating": null,
      "withPredicate": null
    },
    {
      "id": "SLOWER_24",
      "execute": "SLOWER",
      "after": "1000",
      "priority": 0,
      "additionalGuards": null,
      "activationKind": null,
      "fixedVariables": {
        "Crash": "FALSE",
        "VehiclesAy": "{(EgoVehicle↦0.0),(Vehicles2↦0.0),(Vehicles3↦0.0),(Vehicles4↦0.0),(Vehicles5↦0.0)}",
        "Reward": "0.733333949141968",
        "VehiclesAx": "{(EgoVehicle↦-0.000152587890625),(Vehicles2↦0.03756526857614517),(Vehicles3↦0.03637455403804779),(Vehicles4↦0.029176026582717896),(Vehicles5↦-0.011190474033355713)}",
        "VehiclesVx": "{(EgoVehicle↦20.00002384185791),(Vehicles2↦-0.0617964006960392),(Vehicles3↦-0.16174620017409325),(Vehicles4↦-1.3746322691440582),(Vehicles5↦0.7791313529014587)}",
        "VehiclesY": "{(EgoVehicle↦8.000000238418579),(Vehicles2↦-4.0000001192092896),(Vehicles3↦0.0),(Vehicles4↦-8.000000238418579),(Vehicles5↦-4.0000001192092896)}",
        "VehiclesVy": "{(EgoVehicle↦0.0),(Vehicles2↦0.0),(Vehicles3↦0.0),(Vehicles4↦0.0),(Vehicles5↦0.0)}",
        "VehiclesX": "{(EgoVehicle↦200.0),(Vehicles2↦-9.69456285238266),(Vehicles3↦42.38296449184418),(Vehicles4↦48.56178164482117),(Vehicles5↦60.7512891292572)}"
      },
      "probabilisticVariables": null,
      "activating": [
        "SLOWER_25"
      ],
      "activatingOnlyWhenExecuted": true,
      "updating": null,
      "withPredicate": null
    },
    {
      "id": "SLOWER_25",
      "execute": "SLOWER",
      "after": "1000",
      "priority": 0,
      "additionalGuards": null,
      "activationKind": null,
      "fixedVariables": {
        "Crash": "FALSE",
        "VehiclesAy": "{(EgoVehicle↦0.0),(Vehicles2↦0.0),(Vehicles3↦0.0),(Vehicles4↦0.0),(Vehicles5↦0.0)}",
        "Reward": "0.7333334144274745",
        "VehiclesAx": "{(EgoVehicle↦-2.1457672119140625E-05),(Vehicles2↦0.03418354783207178),(Vehicles3↦0.03407485783100128),(Vehicles4↦0.028637200593948364),(Vehicles5↦-0.010526031255722046)}",
        "VehiclesVx": "{(EgoVehicle↦20.00000238418579),(Vehicles2↦-0.02761285286396742),(Vehicles3↦-0.12767134234309196),(Vehicles4↦-1.3459950685501099),(Vehicles5↦0.7686053216457367)}",
        "VehiclesY": "{(EgoVehicle↦8.000000238418579),(Vehicles2↦-4.0000001192092896),(Vehicles3↦0.0),(Vehicles4↦-8.000000238418579),(Vehicles5↦-4.0000001192092896)}",
        "VehiclesVy": "{(EgoVehicle↦0.0),(Vehicles2↦0.0),(Vehicles3↦0.0),(Vehicles4↦0.0),(Vehicles5↦0.0)}",
        "VehiclesX": "{(EgoVehicle↦200.0),(Vehicles2↦-9.742441773414612),(Vehicles3↦42.23501682281494),(Vehicles4↦47.19863533973694),(Vehicles5↦61.52614951133728)}"
      },
      "probabilisticVariables": null,
      "activating": [
        "SLOWER_26"
      ],
      "activatingOnlyWhenExecuted": true,
      "updating": null,
      "withPredicate": null
    },
    {
      "id": "SLOWER_26",
      "execute": "SLOWER",
      "after": "1000",
      "priority": 0,
      "additionalGuards": null,
      "activationKind": null,
      "fixedVariables": {
        "Crash": "FALSE",
        "VehiclesAy": "{(EgoVehicle↦0.0),(Vehicles2↦0.0),(Vehicles3↦0.0),(Vehicles4↦0.0),(Vehicles5↦0.0)}",
        "Reward": "0.7333333440123972",
        "VehiclesAx": "{(EgoVehicle↦-2.384185791015625E-06),(Vehicles2↦0.031353897938970476),(Vehicles3↦0.03209961578249931),(Vehicles4↦0.028365254402160645),(Vehicles5↦-0.009726062417030334)}",
        "VehiclesVx": "{(EgoVehicle↦20.0),(Vehicles2↦0.0037410450750030577),(Vehicles3↦-0.09557172656059265),(Vehicles4↦-1.3176298141479492),(Vehicles5↦0.7588792592287064)}",
        "VehiclesY": "{(EgoVehicle↦8.000000238418579),(Vehicles2↦-4.0000001192092896),(Vehicles3↦0.0),(Vehicles4↦-8.000000238418579),(Vehicles5↦-4.0000001192092896)}",
        "VehiclesVy": "{(EgoVehicle↦0.0),(Vehicles2↦0.0),(Vehicles3↦0.0),(Vehicles4↦0.0),(Vehicles5↦0.0)}",
        "VehiclesX": "{(EgoVehicle↦200.0),(Vehicles2↦-9.757303446531296),(Vehicles3↦42.12033450603485),(Vehicles4↦45.86400091648102),(Vehicles5↦62.290799617767334)}"
      },
      "probabilisticVariables": null,
      "activating": [
        "SLOWER_27"
      ],
      "activatingOnlyWhenExecuted": true,
      "updating": null,
      "withPredicate": null
    },
    {
      "id": "SLOWER_27",
      "execute": "SLOWER",
      "after": "1000",
      "priority": 0,
      "additionalGuards": null,
      "activationKind": null,
      "fixedVariables": {
        "Crash": "FALSE",
        "VehiclesAy": "{(EgoVehicle↦0.0),(Vehicles2↦0.0),(Vehicles3↦0.0),(Vehicles4↦0.0),(Vehicles5↦0.0)}",
        "Reward": "0.7333333347396298",
        "VehiclesAx": "{(EgoVehicle↦0.0),(Vehicles2↦0.028899678436573595),(Vehicles3↦0.030321641825139523),(Vehicles4↦0.028231889009475708),(Vehicles5↦-0.008899495005607605)}",
        "VehiclesVx": "{(EgoVehicle↦20.0),(Vehicles2↦0.03264072351157665),(Vehicles3↦-0.06525008473545313),(Vehicles4↦-1.2893979251384735),(Vehicles5↦0.7499797642230988)}",
        "VehiclesY": "{(EgoVehicle↦8.000000238418579),(Vehicles2↦-4.0000001192092896),(Vehicles3↦0.0),(Vehicles4↦-8.000000238418579),(Vehicles5↦-4.0000001192092896)}",
        "VehiclesVy": "{(EgoVehicle↦0.0),(Vehicles2↦0.0),(Vehicles3↦0.0),(Vehicles4↦0.0),(Vehicles5↦0.0)}",
        "VehiclesX": "{(EgoVehicle↦200.0),(Vehicles2↦-9.741818904876709),(Vehicles3↦42.03702509403229),(Vehicles4↦44.55766975879669),(Vehicles5↦63.04605007171631)}"
      },
      "probabilisticVariables": null,
      "activating": [
        "SLOWER_28"
      ],
      "activatingOnlyWhenExecuted": true,
      "updating": null,
      "withPredicate": null
    },
    {
      "id": "SLOWER_28",
      "execute": "SLOWER",
      "after": "1000",
      "priority": 0,
      "additionalGuards": null,
      "activationKind": null,
      "fixedVariables": {
        "Crash": "FALSE",
        "VehiclesAy": "{(EgoVehicle↦0.0),(Vehicles2↦0.0),(Vehicles3↦0.0),(Vehicles4↦0.0),(Vehicles5↦0.0)}",
        "Reward": "0.7333333335185245",
        "VehiclesAx": "{(EgoVehicle↦0.0),(Vehicles2↦0.026748687960207462),(Vehicles3↦0.02870469121262431),(Vehicles4↦0.02819731831550598),(Vehicles5↦-0.008067339658737183)}",
        "VehiclesVx": "{(EgoVehicle↦20.0),(Vehicles2↦0.059389411471784115),(Vehicles3↦-0.03654539352282882),(Vehicles4↦-1.2612006068229675),(Vehicles5↦0.7419124245643616)}",
        "VehiclesY": "{(EgoVehicle↦8.000000238418579),(Vehicles2↦-4.0000001192092896),(Vehicles3↦0.0),(Vehicles4↦-8.000000238418579),(Vehicles5↦-4.0000001192092896)}",
        "VehiclesVy": "{(EgoVehicle↦0.0),(Vehicles2↦0.0),(Vehicles3↦0.0),(Vehicles4↦0.0),(Vehicles5↦0.0)}",
        "VehiclesX": "{(EgoVehicle↦200.0),(Vehicles2↦-9.69831719994545),(Vehicles3↦41.983380913734436),(Vehicles4↦43.27954947948456),(Vehicles5↦63.79273533821106)}"
      },
      "probabilisticVariables": null,
      "activating": [
        "SLOWER_29"
      ],
      "activatingOnlyWhenExecuted": true,
      "updating": null,
      "withPredicate": null
    },
    {
      "id": "SLOWER_29",
      "execute": "SLOWER",
      "after": "1000",
      "priority": 0,
      "additionalGuards": null,
      "activationKind": null,
      "fixedVariables": {
        "Crash": "FALSE",
        "VehiclesAy": "{(EgoVehicle↦0.0),(Vehicles2↦0.0),(Vehicles3↦0.0),(Vehicles4↦0.0),(Vehicles5↦0.0)}",
        "Reward": "0.7333333333577206",
        "VehiclesAx": "{(EgoVehicle↦0.0),(Vehicles2↦0.024852748028934002),(Vehicles3↦0.02722755423747003),(Vehicles4↦0.028234943747520447),(Vehicles5↦-0.007238313555717468)}",
        "VehiclesVx": "{(EgoVehicle↦20.0),(Vehicles2↦0.08424215950071812),(Vehicles3↦-0.009317839285358787),(Vehicles4↦-1.232965663075447),(Vehicles5↦0.7346741110086441)}",
        "VehiclesY": "{(EgoVehicle↦8.000000238418579),(Vehicles2↦-4.0000001192092896),(Vehicles3↦0.0),(Vehicles4↦-8.000000238418579),(Vehicles5↦-4.0000001192092896)}",
        "VehiclesVy": "{(EgoVehicle↦0.0),(Vehicles2↦0.0),(Vehicles3↦0.0),(Vehicles4↦0.0),(Vehicles5↦0.0)}",
        "VehiclesX": "{(EgoVehicle↦200.0),(Vehicles2↦-9.628844261169434),(Vehicles3↦41.95784032344818),(Vehicles4↦42.02963709831238),(Vehicles5↦64.53168988227844)}"
      },
      "probabilisticVariables": null,
      "activating": [
        "SLOWER_30"
      ],
      "activatingOnlyWhenExecuted": true,
      "updating": null,
      "withPredicate": null
    },
    {
      "id": "SLOWER_30",
      "execute": "SLOWER",
      "after": "1000",
      "priority": 0,
      "additionalGuards": null,
      "activationKind": null,
      "fixedVariables": {
        "Crash": "FALSE",
        "VehiclesAy": "{(EgoVehicle↦0.0),(Vehicles2↦0.0),(Vehicles3↦0.0),(Vehicles4↦0.0),(Vehicles5↦0.0)}",
        "Reward": "0.7333333333365447",
        "VehiclesAx": "{(EgoVehicle↦0.0),(Vehicles2↦0.023174388334155083),(Vehicles3↦-1.1953263788018376),(Vehicles4↦1.2495213409420103),(Vehicles5↦-0.006418302655220032)}",
        "VehiclesVx": "{(EgoVehicle↦20.0),(Vehicles2↦0.1074165478348732),(Vehicles3↦-1.2046442180871964),(Vehicles4↦0.0165556778665632),(Vehicles5↦0.7282558083534241)}",
        "VehiclesY": "{(EgoVehicle↦8.000000238418579),(Vehicles2↦-4.0000001192092896),(Vehicles3↦-8.000000238418579),(Vehicles4↦0.0),(Vehicles5↦-4.0000001192092896)}",
        "VehiclesVy": "{(EgoVehicle↦0.0),(Vehicles2↦0.0),(Vehicles3↦0.0),(Vehicles4↦0.0),(Vehicles5↦0.0)}",
        "VehiclesX": "{(EgoVehicle↦200.0),(Vehicles2↦-9.535206109285355),(Vehicles3↦40.80799221992493),(Vehicles4↦41.95897579193115),(Vehicles5↦65.26373028755188)}"
      },
      "probabilisticVariables": null,
      "activating": [
        "IDLE_31"
      ],
      "activatingOnlyWhenExecuted": true,
      "updating": null,
      "withPredicate": null
    },
    {
      "id": "IDLE_31",
      "execute": "IDLE",
      "after": "1000",
      "priority": 0,
      "additionalGuards": null,
      "activationKind": null,
      "fixedVariables": {
        "Crash": "FALSE",
        "VehiclesAy": "{(EgoVehicle↦0.0),(Vehicles2↦0.0),(Vehicles3↦0.0),(Vehicles4↦0.0),(Vehicles5↦0.0)}",
        "Reward": "0.7333333333337563",
        "VehiclesAx": "{(EgoVehicle↦0.0),(Vehicles2↦0.021683238446712494),(Vehicles3↦0.028437748551368713),(Vehicles4↦0.024628500686958432),(Vehicles5↦-0.005612000823020935)}",
        "VehiclesVx": "{(EgoVehicle↦20.0),(Vehicles2↦0.1290997862815857),(Vehicles3↦-1.1762064695358276),(Vehicles4↦0.04118417855352163),(Vehicles5↦0.7226438075304031)}",
        "VehiclesY": "{(EgoVehicle↦8.000000238418579),(Vehicles2↦-4.0000001192092896),(Vehicles3↦-8.000000238418579),(Vehicles4↦0.0),(Vehicles5↦-4.0000001192092896)}",
        "VehiclesVy": "{(EgoVehicle↦0.0),(Vehicles2↦0.0),(Vehicles3↦0.0),(Vehicles4↦0.0),(Vehicles5↦0.0)}",
        "VehiclesX": "{(EgoVehicle↦200.0),(Vehicles2↦-9.419003874063492),(Vehicles3↦39.614713191986084),(Vehicles4↦41.98547899723053),(Vehicles5↦65.98967909812927)}"
      },
      "probabilisticVariables": null,
      "activating": [
        "IDLE_32"
      ],
      "activatingOnlyWhenExecuted": true,
      "updating": null,
      "withPredicate": null
    },
    {
      "id": "IDLE_32",
      "execute": "IDLE",
      "after": "1000",
      "priority": 0,
      "additionalGuards": null,
      "activationKind": null,
      "fixedVariables": {
        "Crash": "FALSE",
        "VehiclesAy": "{(EgoVehicle↦0.0),(Vehicles2↦0.0),(Vehicles3↦0.0),(Vehicles4↦0.0),(Vehicles5↦0.0)}",
        "Reward": "0.733333333333389",
        "VehiclesAx": "{(EgoVehicle↦0.0),(Vehicles2↦0.020354194566607475),(Vehicles3↦0.028567016124725342),(Vehicles4↦0.02348048146814108),(Vehicles5↦-0.0048238784074783325)}",
        "VehiclesVx": "{(EgoVehicle↦20.0),(Vehicles2↦0.14945398084819317),(Vehicles3↦-1.1476394534111023),(Vehicles4↦0.06466466002166271),(Vehicles5↦0.7178199291229248)}",
        "VehiclesY": "{(EgoVehicle↦8.000000238418579),(Vehicles2↦-4.0000001192092896),(Vehicles3↦-8.000000238418579),(Vehicles4↦0.0),(Vehicles5↦-4.0000001192092896)}",
        "VehiclesVy": "{(EgoVehicle↦0.0),(Vehicles2↦0.0),(Vehicles3↦0.0),(Vehicles4↦0.0),(Vehicles5↦0.0)}",
        "VehiclesX": "{(EgoVehicle↦200.0),(Vehicles2↦-9.281662106513977),(Vehicles3↦38.44992220401764),(Vehicles4↦42.03614294528961),(Vehicles5↦66.71032905578613)}"
      },
      "probabilisticVariables": null,
      "activating": [
        "SLOWER_33"
      ],
      "activatingOnlyWhenExecuted": true,
      "updating": null,
      "withPredicate": null
    },
    {
      "id": "SLOWER_33",
      "execute": "SLOWER",
      "after": "1000",
      "priority": 0,
      "additionalGuards": null,
      "activationKind": null,
      "fixedVariables": {
        "Crash": "FALSE",
        "VehiclesAy": "{(EgoVehicle↦0.0),(Vehicles2↦0.0),(Vehicles3↦0.0),(Vehicles4↦0.0),(Vehicles5↦0.0)}",
        "Reward": "0.7333333333333406",
        "VehiclesAx": "{(EgoVehicle↦0.0),(Vehicles2↦0.019166311249136925),(Vehicles3↦0.028695911169052124),(Vehicles4↦0.02241908572614193),(Vehicles5↦-0.004056915640830994)}",
        "VehiclesVx": "{(EgoVehicle↦20.0),(Vehicles2↦0.1686202920973301),(Vehicles3↦-1.1189435422420502),(Vehicles4↦0.08708374574780464),(Vehicles5↦0.7137630134820938)}",
        "VehiclesY": "{(EgoVehicle↦8.000000238418579),(Vehicles2↦-4.0000001192092896),(Vehicles3↦-8.000000238418579),(Vehicles4↦0.0),(Vehicles5↦-4.0000001192092896)}",
        "VehiclesVy": "{(EgoVehicle↦0.0),(Vehicles2↦0.0),(Vehicles3↦0.0),(Vehicles4↦0.0),(Vehicles5↦0.0)}",
        "VehiclesX": "{(EgoVehicle↦200.0),(Vehicles2↦-9.124451130628586),(Vehicles3↦37.31375336647034),(Vehicles4↦42.10985600948334),(Vehicles5↦67.4264669418335)}"
      },
      "probabilisticVariables": null,
      "activating": [
        "IDLE_34"
      ],
      "activatingOnlyWhenExecuted": true,
      "updating": null,
      "withPredicate": null
    },
    {
      "id": "IDLE_34",
      "execute": "IDLE",
      "after": "1000",
      "priority": 0,
      "additionalGuards": null,
      "activationKind": null,
      "fixedVariables": {
        "Crash": "FALSE",
        "VehiclesAy": "{(EgoVehicle↦0.0),(Vehicles2↦0.0),(Vehicles3↦0.0),(Vehicles4↦0.0),(Vehicles5↦0.0)}",
        "Reward": "0.7333333333333343",
        "VehiclesAx": "{(EgoVehicle↦0.0),(Vehicles2↦0.018101874738931656),(Vehicles3↦0.028813257813453674),(Vehicles4↦0.02143537625670433),(Vehicles5↦-0.003314092755317688)}",
        "VehiclesVx": "{(EgoVehicle↦20.0),(Vehicles2↦0.18672216683626175),(Vehicles3↦-1.0901302844285965),(Vehicles4↦0.10851912200450897),(Vehicles5↦0.7104489207267761)}",
        "VehiclesY": "{(EgoVehicle↦8.000000238418579),(Vehicles2↦-4.0000001192092896),(Vehicles3↦-8.000000238418579),(Vehicles4↦0.0),(Vehicles5↦-4.0000001192092896)}",
        "VehiclesVy": "{(EgoVehicle↦0.0),(Vehicles2↦0.0),(Vehicles3↦0.0),(Vehicles4↦0.0),(Vehicles5↦0.0)}",
        "VehiclesX": "{(EgoVehicle↦200.0),(Vehicles2↦-8.948510140180588),(Vehicles3↦36.20632588863373),(Vehicles4↦42.20559000968933),(Vehicles5↦68.13884377479553)}"
      },
      "probabilisticVariables": null,
      "activating": [
        "IDLE_35"
      ],
      "activatingOnlyWhenExecuted": true,
      "updating": null,
      "withPredicate": null
    },
    {
      "id": "IDLE_35",
      "execute": "IDLE",
      "after": "1000",
      "priority": 0,
      "additionalGuards": null,
      "activationKind": null,
      "fixedVariables": {
        "Crash": "FALSE",
        "VehiclesAy": "{(EgoVehicle↦0.0),(Vehicles2↦0.0),(Vehicles3↦0.0),(Vehicles4↦0.0),(Vehicles5↦0.0)}",
        "Reward": "0.7333333333333334",
        "VehiclesAx": "{(EgoVehicle↦0.0),(Vehicles2↦0.01714589074254036),(Vehicles3↦0.028911009430885315),(Vehicles4↦0.02052154392004013),(Vehicles5↦-0.002597495913505554)}",
        "VehiclesVx": "{(EgoVehicle↦20.0),(Vehicles2↦0.2038680575788021),(Vehicles3↦-1.0612192749977112),(Vehicles4↦0.1290406659245491),(Vehicles5↦0.7078514248132706)}",
        "VehiclesY": "{(EgoVehicle↦8.000000238418579),(Vehicles2↦-4.0000001192092896),(Vehicles3↦-8.000000238418579),(Vehicles4↦0.0),(Vehicles5↦-4.0000001192092896)}",
        "VehiclesVy": "{(EgoVehicle↦0.0),(Vehicles2↦0.0),(Vehicles3↦0.0),(Vehicles4↦0.0),(Vehicles5↦0.0)}",
        "VehiclesX": "{(EgoVehicle↦200.0),(Vehicles2↦-8.754856884479523),(Vehicles3↦35.127753019332886),(Vehicles4↦42.32238829135895),(Vehicles5↦68.84819865226746)}"
      },
      "probabilisticVariables": null,
      "activating": [
        "IDLE_36"
      ],
      "activatingOnlyWhenExecuted": true,
      "updating": null,
      "withPredicate": null
    },
    {
      "id": "IDLE_36",
      "execute": "IDLE",
      "after": "1000",
      "priority": 0,
      "additionalGuards": null,
      "activationKind": null,
      "fixedVariables": {
        "Crash": "FALSE",
        "VehiclesAy": "{(EgoVehicle↦0.0),(Vehicles2↦0.0),(Vehicles3↦0.0),(Vehicles4↦0.0),(Vehicles5↦0.0)}",
        "Reward": "0.7333333333333334",
        "VehiclesAx": "{(EgoVehicle↦0.0),(Vehicles2↦0.01628544181585312),(Vehicles3↦0.02898275852203369),(Vehicles4↦0.019670790061354637),(Vehicles5↦-0.0019089877605438232)}",
        "VehiclesVx": "{(EgoVehicle↦20.0),(Vehicles2↦0.22015349939465523),(Vehicles3↦-1.0322365164756775),(Vehicles4↦0.14871145598590374),(Vehicles5↦0.7059424370527267)}",
        "VehiclesY": "{(EgoVehicle↦8.000000238418579),(Vehicles2↦-4.0000001192092896),(Vehicles3↦-8.000000238418579),(Vehicles4↦0.0),(Vehicles5↦-4.0000001192092896)}",
        "VehiclesVy": "{(EgoVehicle↦0.0),(Vehicles2↦0.0),(Vehicles3↦0.0),(Vehicles4↦0.0),(Vehicles5↦0.0)}",
        "VehiclesX": "{(EgoVehicle↦200.0),(Vehicles2↦-8.544409275054932),(Vehicles3↦34.078121185302734),(Vehicles4↦42.459362745285034),(Vehicles5↦69.55523490905762)}"
      },
      "probabilisticVariables": null,
      "activating": [
        "IDLE_37"
      ],
      "activatingOnlyWhenExecuted": true,
      "updating": null,
      "withPredicate": null
    },
    {
      "id": "IDLE_37",
      "execute": "IDLE",
      "after": "1000",
      "priority": 0,
      "additionalGuards": null,
      "activationKind": null,
      "fixedVariables": {
        "Crash": "FALSE",
        "VehiclesAy": "{(EgoVehicle↦0.0),(Vehicles2↦0.0),(Vehicles3↦0.0),(Vehicles4↦0.0),(Vehicles5↦0.0)}",
        "Reward": "0.7333333333333334",
        "VehiclesAx": "{(EgoVehicle↦0.0),(Vehicles2↦0.015509407967329025),(Vehicles3↦0.02902403473854065),(Vehicles4↦0.01887715421617031),(Vehicles5↦-0.001249760389328003)}",
        "VehiclesVx": "{(EgoVehicle↦20.0),(Vehicles2↦0.23566290736198425),(Vehicles3↦-1.0032124817371368),(Vehicles4↦0.16758861020207405),(Vehicles5↦0.7046926766633987)}",
        "VehiclesY": "{(EgoVehicle↦8.000000238418579),(Vehicles2↦-4.0000001192092896),(Vehicles3↦-8.000000238418579),(Vehicles4↦0.0),(Vehicles5↦-4.0000001192092896)}",
        "VehiclesVy": "{(EgoVehicle↦0.0),(Vehicles2↦0.0),(Vehicles3↦0.0),(Vehicles4↦0.0),(Vehicles5↦0.0)}",
        "VehiclesX": "{(EgoVehicle↦200.0),(Vehicles2↦-8.317992836236954),(Vehicles3↦33.05749297142029),(Vehicles4↦42.61568784713745),(Vehicles5↦70.2606201171875)}"
      },
      "probabilisticVariables": null,
      "activating": [
        "IDLE_38"
      ],
      "activatingOnlyWhenExecuted": true,
      "updating": null,
      "withPredicate": null
    },
    {
      "id": "IDLE_38",
      "execute": "IDLE",
      "after": "1000",
      "priority": 0,
      "additionalGuards": null,
      "activationKind": null,
      "fixedVariables": {
        "Crash": "FALSE",
        "VehiclesAy": "{(EgoVehicle↦0.0),(Vehicles2↦0.0),(Vehicles3↦0.0),(Vehicles4↦0.0),(Vehicles5↦0.0)}",
        "Reward": "0.7333333333333334",
        "VehiclesAx": "{(EgoVehicle↦0.0),(Vehicles2↦0.01480819657444954),(Vehicles3↦0.029032453894615173),(Vehicles4↦0.018135402351617813),(Vehicles5↦-0.0006207823753356934)}",
        "VehiclesVx": "{(EgoVehicle↦20.0),(Vehicles2↦0.2504711039364338),(Vehicles3↦-0.9741800278425217),(Vehicles4↦0.18572401255369186),(Vehicles5↦0.704071894288063)}",
        "VehiclesY": "{(EgoVehicle↦8.000000238418579),(Vehicles2↦-4.0000001192092896),(Vehicles3↦-8.000000238418579),(Vehicles4↦0.0),(Vehicles5↦-4.0000001192092896)}",
        "VehiclesVy": "{(EgoVehicle↦0.0),(Vehicles2↦0.0),(Vehicles3↦0.0),(Vehicles4↦0.0),(Vehicles5↦0.0)}",
        "VehiclesX": "{(EgoVehicle↦200.0),(Vehicles2↦-8.076353371143341),(Vehicles3↦32.065895199775696),(Vehicles4↦42.79058575630188),(Vehicles5↦70.96501588821411)}"
      },
      "probabilisticVariables": null,
      "activating": [
        "IDLE_39"
      ],
      "activatingOnlyWhenExecuted": true,
      "updating": null,
      "withPredicate": null
    },
    {
      "id": "IDLE_39",
      "execute": "IDLE",
      "after": "1000",
      "priority": 0,
      "additionalGuards": null,
      "activationKind": null,
      "fixedVariables": {
        "Crash": "FALSE",
        "VehiclesAy": "{(EgoVehicle↦0.0),(Vehicles2↦0.0),(Vehicles3↦0.0),(Vehicles4↦0.0),(Vehicles5↦0.0)}",
        "Reward": "0.7333333333333334",
        "VehiclesAx": "{(EgoVehicle↦0.0),(Vehicles2↦0.014173407107591629),(Vehicles3↦0.02900637686252594),(Vehicles4↦0.01744082197546959),(Vehicles5↦-2.2649765014648438E-05)}",
        "VehiclesVx": "{(EgoVehicle↦20.0),(Vehicles2↦0.2646445110440254),(Vehicles3↦-0.9451736509799957),(Vehicles4↦0.20316483452916145),(Vehicles5↦0.7040492445230484)}",
        "VehiclesY": "{(EgoVehicle↦8.000000238418579),(Vehicles2↦-4.0000001192092896),(Vehicles3↦-8.000000238418579),(Vehicles4↦0.0),(Vehicles5↦-4.0000001192092896)}",
        "VehiclesVy": "{(EgoVehicle↦0.0),(Vehicles2↦0.0),(Vehicles3↦0.0),(Vehicles4↦0.0),(Vehicles5↦0.0)}",
        "VehiclesX": "{(EgoVehicle↦200.0),(Vehicles2↦-7.8201644122600555),(Vehicles3↦31.10332190990448),(Vehicles4↦42.983341217041016),(Vehicles5↦71.66903614997864)}"
      },
      "probabilisticVariables": null,
      "activating": [
        "IDLE_40"
      ],
      "activatingOnlyWhenExecuted": true,
      "updating": null,
      "withPredicate": null
    },
    {
      "id": "IDLE_40",
      "execute": "IDLE",
      "after": "1000",
      "priority": 0,
      "additionalGuards": null,
      "activationKind": null,
      "fixedVariables": {
        "Crash": "FALSE",
        "VehiclesAy": "{(EgoVehicle↦0.0),(Vehicles2↦0.0),(Vehicles3↦0.0),(Vehicles4↦0.0),(Vehicles5↦0.0)}",
        "Reward": "0.7333333333333334",
        "VehiclesAx": "{(EgoVehicle↦0.0),(Vehicles2↦0.013597756624221802),(Vehicles3↦0.028945431113243103),(Vehicles4↦0.016789380460977554),(Vehicles5↦0.0005442649126052856)}",
        "VehiclesVx": "{(EgoVehicle↦20.0),(Vehicles2↦0.2782422676682472),(Vehicles3↦-0.9162282198667526),(Vehicles4↦0.219954214990139),(Vehicles5↦0.7045935094356537)}",
        "VehiclesY": "{(EgoVehicle↦8.000000238418579),(Vehicles2↦-4.0000001192092896),(Vehicles3↦-8.000000238418579),(Vehicles4↦0.0),(Vehicles5↦-4.0000001192092896)}",
        "VehiclesVy": "{(EgoVehicle↦0.0),(Vehicles2↦0.0),(Vehicles3↦0.0),(Vehicles4↦0.0),(Vehicles5↦0.0)}",
        "VehiclesX": "{(EgoVehicle↦200.0),(Vehicles2↦-7.550037652254105),(Vehicles3↦30.169731378555298),(Vehicles4↦43.19327175617218),(Vehicles5↦72.3732590675354)}"
      },
      "probabilisticVariables": null,
      "activating": [
        "IDLE_41"
      ],
      "activatingOnlyWhenExecuted": true,
      "updating": null,
      "withPredicate": null
    },
    {
      "id": "IDLE_41",
      "execute": "IDLE",
      "after": "1000",
      "priority": 0,
      "additionalGuards": null,
      "activationKind": null,
      "fixedVariables": {
        "Crash": "FALSE",
        "VehiclesAy": "{(EgoVehicle↦0.0),(Vehicles2↦0.0),(Vehicles3↦0.0),(Vehicles4↦0.0),(Vehicles5↦0.0)}",
        "Reward": "0.7333333333333334",
        "VehiclesAx": "{(EgoVehicle↦0.0),(Vehicles2↦0.013074744492769241),(Vehicles3↦0.028850212693214417),(Vehicles4↦0.016177352517843246),(Vehicles5↦0.0010799616575241089)}",
        "VehiclesVx": "{(EgoVehicle↦20.0),(Vehicles2↦0.29131701216101646),(Vehicles3↦-0.8873780071735382),(Vehicles4↦0.23613156750798225),(Vehicles5↦0.7056734710931778)}",
        "VehiclesY": "{(EgoVehicle↦8.000000238418579),(Vehicles2↦-4.0000001192092896),(Vehicles3↦-8.000000238418579),(Vehicles4↦0.0),(Vehicles5↦-4.0000001192092896)}",
        "VehiclesVy": "{(EgoVehicle↦0.0),(Vehicles2↦0.0),(Vehicles3↦0.0),(Vehicles4↦0.0),(Vehicles5↦0.0)}",
        "VehiclesX": "{(EgoVehicle↦200.0),(Vehicles2↦-7.26652517914772),(Vehicles3↦29.26505208015442),(Vehicles4↦43.419745564460754),(Vehicles5↦73.07823896408081)}"
      },
      "probabilisticVariables": null,
      "activating": [
        "IDLE_42"
      ],
      "activatingOnlyWhenExecuted": true,
      "updating": null,
      "withPredicate": null
    },
    {
      "id": "IDLE_42",
      "execute": "IDLE",
      "after": "1000",
      "priority": 0,
      "additionalGuards": null,
      "activationKind": null,
      "fixedVariables": {
        "Crash": "FALSE",
        "VehiclesAy": "{(EgoVehicle↦0.0),(Vehicles2↦0.0),(Vehicles3↦0.0),(Vehicles4↦0.0),(Vehicles5↦0.0)}",
        "Reward": "0.7333333333333334",
        "VehiclesAx": "{(EgoVehicle↦0.0),(Vehicles2↦0.012598782777786255),(Vehicles3↦0.02872169017791748),(Vehicles4↦0.015601497143507004),(Vehicles5↦0.0015848129987716675)}",
        "VehiclesVx": "{(EgoVehicle↦20.0),(Vehicles2↦0.3039157949388027),(Vehicles3↦-0.8586563169956207),(Vehicles4↦0.25173306465148926),(Vehicles5↦0.7072582840919495)}",
        "VehiclesY": "{(EgoVehicle↦8.000000238418579),(Vehicles2↦-4.0000001192092896),(Vehicles3↦-8.000000238418579),(Vehicles4↦0.0),(Vehicles5↦-4.0000001192092896)}",
        "VehiclesVy": "{(EgoVehicle↦0.0),(Vehicles2↦0.0),(Vehicles3↦0.0),(Vehicles4↦0.0),(Vehicles5↦0.0)}",
        "VehiclesX": "{(EgoVehicle↦200.0),(Vehicles2↦-6.970132142305374),(Vehicles3↦28.38917374610901),(Vehicles4↦43.66216063499451),(Vehicles5↦73.78451228141785)}"
      },
      "probabilisticVariables": null,
      "activating": [
        "IDLE_43"
      ],
      "activatingOnlyWhenExecuted": true,
      "updating": null,
      "withPredicate": null
    },
    {
      "id": "IDLE_43",
      "execute": "IDLE",
      "after": "1000",
      "priority": 0,
      "additionalGuards": null,
      "activationKind": null,
      "fixedVariables": {
        "Crash": "FALSE",
        "VehiclesAy": "{(EgoVehicle↦0.0),(Vehicles2↦0.0),(Vehicles3↦0.0),(Vehicles4↦0.0),(Vehicles5↦0.0)}",
        "Reward": "0.7333333333333334",
        "VehiclesAx": "{(EgoVehicle↦0.0),(Vehicles2↦0.012164842337369919),(Vehicles3↦0.028561651706695557),(Vehicles4↦0.015058871358633041),(Vehicles5↦0.0020588934421539307)}",
        "VehiclesVx": "{(EgoVehicle↦20.0),(Vehicles2↦0.31608063727617264),(Vehicles3↦-0.8300946652889252),(Vehicles4↦0.2667919360101223),(Vehicles5↦0.7093171775341034)}",
        "VehiclesY": "{(EgoVehicle↦8.000000238418579),(Vehicles2↦-4.0000001192092896),(Vehicles3↦-8.000000238418579),(Vehicles4↦0.0),(Vehicles5↦-4.0000001192092896)}",
        "VehiclesVy": "{(EgoVehicle↦0.0),(Vehicles2↦0.0),(Vehicles3↦0.0),(Vehicles4↦0.0),(Vehicles5↦0.0)}",
        "VehiclesX": "{(EgoVehicle↦200.0),(Vehicles2↦-6.6613174974918365),(Vehicles3↦27.541956305503845),(Vehicles4↦43.91995966434479),(Vehicles5↦74.49255585670471)}"
      },
      "probabilisticVariables": null,
      "activating": [
        "IDLE_44"
      ],
      "activatingOnlyWhenExecuted": true,
      "updating": null,
      "withPredicate": null
    },
    {
      "id": "IDLE_44",
      "execute": "IDLE",
      "after": "1000",
      "priority": 0,
      "additionalGuards": null,
      "activationKind": null,
      "fixedVariables": {
        "Crash": "FALSE",
        "VehiclesAy": "{(EgoVehicle↦0.0),(Vehicles2↦0.0),(Vehicles3↦0.0),(Vehicles4↦0.0),(Vehicles5↦0.0)}",
        "Reward": "0.7333333333333334",
        "VehiclesAx": "{(EgoVehicle↦0.0),(Vehicles2↦0.011768527328968048),(Vehicles3↦0.028372034430503845),(Vehicles4↦0.014546848833560944),(Vehicles5↦0.0025028735399246216)}",
        "VehiclesVx": "{(EgoVehicle↦20.0),(Vehicles2↦0.3278491646051407),(Vehicles3↦-0.8017226308584213),(Vehicles4↦0.28133878484368324),(Vehicles5↦0.711820051074028)}",
        "VehiclesY": "{(EgoVehicle↦8.000000238418579),(Vehicles2↦-4.0000001192092896),(Vehicles3↦-8.000000238418579),(Vehicles4↦0.0),(Vehicles5↦-4.0000001192092896)}",
        "VehiclesVy": "{(EgoVehicle↦0.0),(Vehicles2↦0.0),(Vehicles3↦0.0),(Vehicles4↦0.0),(Vehicles5↦0.0)}",
        "VehiclesX": "{(EgoVehicle↦200.0),(Vehicles2↦-6.340499222278595),(Vehicles3↦26.72322690486908),(Vehicles4↦44.192612171173096),(Vehicles5↦75.20284056663513)}"
      },
      "probabilisticVariables": null,
      "activating": [
        "IDLE_45"
      ],
      "activatingOnlyWhenExecuted": true,
      "updating": null,
      "withPredicate": null
    },
    {
      "id": "IDLE_45",
      "execute": "IDLE",
      "after": "1000",
      "priority": 0,
      "additionalGuards": null,
      "activationKind": null,
      "fixedVariables": {
        "Crash": "FALSE",
        "VehiclesAy": "{(EgoVehicle↦0.0),(Vehicles2↦0.0),(Vehicles3↦0.0),(Vehicles4↦0.0),(Vehicles5↦0.0)}",
        "Reward": "0.7333333333333334",
        "VehiclesAx": "{(EgoVehicle↦0.0),(Vehicles2↦0.01140587031841278),(Vehicles3↦0.028154850006103516),(Vehicles4↦0.014063064008951187),(Vehicles5↦0.002917647361755371)}",
        "VehiclesVx": "{(EgoVehicle↦20.0),(Vehicles2↦0.33925503492355347),(Vehicles3↦-0.7735677808523178),(Vehicles4↦0.29540184885263443),(Vehicles5↦0.7147376984357834)}",
        "VehiclesY": "{(EgoVehicle↦8.000000238418579),(Vehicles2↦-4.0000001192092896),(Vehicles3↦-8.000000238418579),(Vehicles4↦0.0),(Vehicles5↦-4.0000001192092896)}",
        "VehiclesVy": "{(EgoVehicle↦0.0),(Vehicles2↦0.0),(Vehicles3↦0.0),(Vehicles4↦0.0),(Vehicles5↦0.0)}",
        "VehiclesX": "{(EgoVehicle↦200.0),(Vehicles2↦-6.0080599039793015),(Vehicles3↦25.932785868644714),(Vehicles4↦44.47961151599884),(Vehicles5↦75.91579556465149)}"
      },
      "probabilisticVariables": null,
      "activating": [
        "IDLE_46"
      ],
      "activatingOnlyWhenExecuted": true,
      "updating": null,
      "withPredicate": null
    },
    {
      "id": "IDLE_46",
      "execute": "IDLE",
      "after": "1000",
      "priority": 0,
      "additionalGuards": null,
      "activationKind": null,
      "fixedVariables": {
        "Crash": "FALSE",
        "VehiclesAy": "{(EgoVehicle↦0.0),(Vehicles2↦0.0),(Vehicles3↦0.0),(Vehicles4↦0.0),(Vehicles5↦0.0)}",
        "Reward": "0.7333333333333334",
        "VehiclesAx": "{(EgoVehicle↦0.0),(Vehicles2↦0.011073462665081024),(Vehicles3↦0.027912557125091553),(Vehicles4↦0.013605374842882156),(Vehicles5↦0.0033036619424819946)}",
        "VehiclesVx": "{(EgoVehicle↦20.0),(Vehicles2↦0.3503284975886345),(Vehicles3↦-0.7456552237272263),(Vehicles4↦0.3090072236955166),(Vehicles5↦0.7180413603782654)}",
        "VehiclesY": "{(EgoVehicle↦8.000000238418579),(Vehicles2↦-4.0000001192092896),(Vehicles3↦-8.000000238418579),(Vehicles4↦0.0),(Vehicles5↦-4.0000001192092896)}",
        "VehiclesVy": "{(EgoVehicle↦0.0),(Vehicles2↦0.0),(Vehicles3↦0.0),(Vehicles4↦0.0),(Vehicles5↦0.0)}",
        "VehiclesX": "{(EgoVehicle↦200.0),(Vehicles2↦-5.664350092411041),(Vehicles3↦25.170403718948364),(Vehicles4↦44.78049278259277),(Vehicles5↦76.63182020187378)}"
      },
      "probabilisticVariables": null,
      "activating": [
        "IDLE_47"
      ],
      "activatingOnlyWhenExecuted": true,
      "updating": null,
      "withPredicate": null
    },
    {
      "id": "IDLE_47",
      "execute": "IDLE",
      "after": "1000",
      "priority": 0,
      "additionalGuards": null,
      "activationKind": null,
      "fixedVariables": {
        "Crash": "FALSE",
        "VehiclesAy": "{(EgoVehicle↦0.0),(Vehicles2↦0.0),(Vehicles3↦0.0),(Vehicles4↦0.0),(Vehicles5↦0.0)}",
        "Reward": "0.7333333333333334",
        "VehiclesAx": "{(EgoVehicle↦0.0),(Vehicles2↦0.010768063366413116),(Vehicles3↦0.027647465467453003),(Vehicles4↦0.013171900063753128),(Vehicles5↦0.003662109375)}",
        "VehiclesVx": "{(EgoVehicle↦20.0),(Vehicles2↦0.3610965609550476),(Vehicles3↦-0.7180077582597733),(Vehicles4↦0.3221791237592697),(Vehicles5↦0.7217034697532654)}",
        "VehiclesY": "{(EgoVehicle↦8.000000238418579),(Vehicles2↦-4.0000001192092896),(Vehicles3↦-8.000000238418579),(Vehicles4↦0.0),(Vehicles5↦-4.0000001192092896)}",
        "VehiclesVy": "{(EgoVehicle↦0.0),(Vehicles2↦0.0),(Vehicles3↦0.0),(Vehicles4↦0.0),(Vehicles5↦0.0)}",
        "VehiclesX": "{(EgoVehicle↦200.0),(Vehicles2↦-5.309690907597542),(Vehicles3↦24.435828626155853),(Vehicles4↦45.0948029756546),(Vehicles5↦77.35130190849304)}"
      },
      "probabilisticVariables": null,
      "activating": [
        "FASTER_48"
      ],
      "activatingOnlyWhenExecuted": true,
      "updating": null,
      "withPredicate": null
    },
    {
      "id": "FASTER_48",
      "execute": "FASTER",
      "after": "1000",
      "priority": 0,
      "additionalGuards": null,
      "activationKind": null,
      "fixedVariables": {
        "Crash": "FALSE",
        "VehiclesAy": "{(EgoVehicle↦0.0),(Vehicles2↦0.0),(Vehicles3↦0.0),(Vehicles4↦0.0),(Vehicles5↦0.0)}",
        "Reward": "0.8491083676268861",
        "VehiclesAx": "{(EgoVehicle↦4.341564178466797),(Vehicles2↦-4.331076741218567),(Vehicles3↦-4.3142019957304),(Vehicles4↦-4.328803047537804),(Vehicles5↦-4.337573945522308)}",
        "VehiclesVx": "{(EgoVehicle↦24.341564178466797),(Vehicles2↦-3.9699801802635193),(Vehicles3↦-5.032209753990173),(Vehicles4↦-4.006623923778534),(Vehicles5↦-3.615870475769043)}",
        "VehiclesY": "{(EgoVehicle↦8.000000238418579),(Vehicles2↦-4.0000001192092896),(Vehicles3↦-8.000000238418579),(Vehicles4↦0.0),(Vehicles5↦-4.0000001192092896)}",
        "VehiclesVy": "{(EgoVehicle↦0.0),(Vehicles2↦0.0),(Vehicles3↦0.0),(Vehicles4↦0.0),(Vehicles5↦0.0)}",
        "VehiclesX": "{(EgoVehicle↦200.0),(Vehicles2↦-7.339439541101456),(Vehicles3↦21.33372724056244),(Vehicles4↦43.02705526351929),(Vehicles5↦75.67951679229736)}"
      },
      "probabilisticVariables": null,
      "activating": [
        "SLOWER_49"
      ],
      "activatingOnlyWhenExecuted": true,
      "updating": null,
      "withPredicate": null
    },
    {
      "id": "SLOWER_49",
      "execute": "SLOWER",
      "after": "1000",
      "priority": 0,
      "additionalGuards": null,
      "activationKind": null,
      "fixedVariables": {
        "Crash": "FALSE",
        "VehiclesAy": "{(EgoVehicle↦0.0),(Vehicles2↦0.0),(Vehicles3↦0.0),(Vehicles4↦0.0),(Vehicles5↦0.0)}",
        "Reward": "0.7485794283843362",
        "VehiclesAx": "{(EgoVehicle↦-3.76983642578125),(Vehicles2↦3.7800618819892406),(Vehicles3↦3.796893358230591),(Vehicles4↦3.78220584243536),(Vehicles5↦3.774107899516821)}",
        "VehiclesVx": "{(EgoVehicle↦20.571727752685547),(Vehicles2↦-0.18991829827427864),(Vehicles3↦-1.2353163957595825),(Vehicles4↦-0.22441808134317398),(Vehicles5↦0.15823742374777794)}",
        "VehiclesY": "{(EgoVehicle↦8.000000238418579),(Vehicles2↦-4.0000001192092896),(Vehicles3↦-8.000000238418579),(Vehicles4↦0.0),(Vehicles5↦-4.0000001192092896)}",
        "VehiclesVy": "{(EgoVehicle↦0.0),(Vehicles2↦0.0),(Vehicles3↦0.0),(Vehicles4↦0.0),(Vehicles5↦0.0)}",
        "VehiclesX": "{(EgoVehicle↦200.0),(Vehicles2↦-9.225646406412125),(Vehicles3↦18.39202791452408),(Vehicles4↦41.10507369041443),(Vehicles5↦74.14498925209045)}"
      },
      "probabilisticVariables": null,
      "activating": [
        "IDLE_50"
      ],
      "activatingOnlyWhenExecuted": true,
      "updating": null,
      "withPredicate": null
    },
    {
      "id": "IDLE_50",
      "execute": "IDLE",
      "after": "1000",
      "priority": 0,
      "additionalGuards": null,
      "activationKind": null,
      "fixedVariables": {
        "Crash": "FALSE",
        "VehiclesAy": "{(EgoVehicle↦0.0),(Vehicles2↦0.0),(Vehicles3↦0.0),(Vehicles4↦0.0),(Vehicles5↦0.0)}",
        "Reward": "0.7353410495540414",
        "VehiclesAx": "{(EgoVehicle↦-0.49643754959106445),(Vehicles2↦0.5064273066818714),(Vehicles3↦0.5231684446334839),(Vehicles4↦0.5084389075636864),(Vehicles5↦0.5011173523962498)}",
        "VehiclesVx": "{(EgoVehicle↦20.075290203094482),(Vehicles2↦0.3165090084075928),(Vehicles3↦-0.7121479511260986),(Vehicles4↦0.2840208262205124),(Vehicles5↦0.6593547761440277)}",
        "VehiclesY": "{(EgoVehicle↦8.000000238418579),(Vehicles2↦-4.0000001192092896),(Vehicles3↦-8.000000238418579),(Vehicles4↦0.0),(Vehicles5↦-4.0000001192092896)}",
        "VehiclesVy": "{(EgoVehicle↦0.0),(Vehicles2↦0.0),(Vehicles3↦0.0),(Vehicles4↦0.0),(Vehicles5↦0.0)}",
        "VehiclesX": "{(EgoVehicle↦200.0),(Vehicles2↦-9.137686342000961),(Vehicles3↦17.441296577453613),(Vehicles4↦41.1593496799469),(Vehicles5↦74.57892298698425)}"
      },
      "probabilisticVariables": null,
      "activating": [
        "IDLE_51"
      ],
      "activatingOnlyWhenExecuted": true,
      "updating": null,
      "withPredicate": null
    },
    {
      "id": "IDLE_51",
      "execute": "IDLE",
      "after": "1000",
      "priority": 0,
      "additionalGuards": null,
      "activationKind": null,
      "fixedVariables": {
        "Crash": "FALSE",
        "VehiclesAy": "{(EgoVehicle↦0.0),(Vehicles2↦0.0),(Vehicles3↦0.0),(Vehicles4↦0.0),(Vehicles5↦0.0)}",
        "Reward": "0.7335977239467599",
        "VehiclesAx": "{(EgoVehicle↦-0.06537437438964844),(Vehicles2↦0.07515821605920792),(Vehicles3↦0.09172629565000534),(Vehicles4↦0.07702160626649857),(Vehicles5↦0.07065020501613617)}",
        "VehiclesVx": "{(EgoVehicle↦20.009915828704834),(Vehicles2↦0.3916672244668007),(Vehicles3↦-0.6204216554760933),(Vehicles4↦0.36104243248701096),(Vehicles5↦0.7300049811601639)}",
        "VehiclesY": "{(EgoVehicle↦8.000000238418579),(Vehicles2↦-4.0000001192092896),(Vehicles3↦-8.000000238418579),(Vehicles4↦0.0),(Vehicles5↦-4.0000001192092896)}",
        "VehiclesVy": "{(EgoVehicle↦0.0),(Vehicles2↦0.0),(Vehicles3↦0.0),(Vehicles4↦0.0),(Vehicles5↦0.0)}",
        "VehiclesX": "{(EgoVehicle↦200.0),(Vehicles2↦-8.781185001134872),(Vehicles3↦16.775786876678467),(Vehicles4↦41.48412048816681),(Vehicles5↦75.27639865875244)}"
      },
      "probabilisticVariables": null,
      "activating": [
        "IDLE_52"
      ],
      "activatingOnlyWhenExecuted": true,
      "updating": null,
      "withPredicate": null
    },
    {
      "id": "IDLE_52",
      "execute": "IDLE",
      "after": "1000",
      "priority": 0,
      "additionalGuards": null,
      "activationKind": null,
      "fixedVariables": {
        "Crash": "FALSE",
        "VehiclesAy": "{(EgoVehicle↦0.0),(Vehicles2↦0.0),(Vehicles3↦0.0),(Vehicles4↦0.0),(Vehicles5↦0.0)}",
        "Reward": "0.7333681502042372",
        "VehiclesAx": "{(EgoVehicle↦-0.008609294891357422),(Vehicles2↦0.0182274729013443),(Vehicles3↦0.03450945019721985),(Vehicles4↦0.0199199840426445),(Vehicles5↦0.014574751257896423)}",
        "VehiclesVx": "{(EgoVehicle↦20.001306533813477),(Vehicles2↦0.409894697368145),(Vehicles3↦-0.5859122052788734),(Vehicles4↦0.38096241652965546),(Vehicles5↦0.7445797324180603)}",
        "VehiclesY": "{(EgoVehicle↦8.000000238418579),(Vehicles2↦-4.0000001192092896),(Vehicles3↦-8.000000238418579),(Vehicles4↦0.0),(Vehicles5↦-4.0000001192092896)}",
        "VehiclesVy": "{(EgoVehicle↦0.0),(Vehicles2↦0.0),(Vehicles3↦0.0),(Vehicles4↦0.0),(Vehicles5↦0.0)}",
        "VehiclesX": "{(EgoVehicle↦200.0),(Vehicles2↦-8.380909264087677),(Vehicles3↦16.17051362991333),(Vehicles4↦41.854462027549744),(Vehicles5↦76.01348757743835)}"
      },
      "probabilisticVariables": null,
      "activating": [
        "IDLE_53"
      ],
      "activatingOnlyWhenExecuted": true,
      "updating": null,
      "withPredicate": null
    },
    {
      "id": "IDLE_53",
      "execute": "IDLE",
      "after": "1000",
      "priority": 0,
      "additionalGuards": null,
      "activationKind": null,
      "fixedVariables": {
        "Crash": "FALSE",
        "VehiclesAy": "{(EgoVehicle↦0.0),(Vehicles2↦0.0),(Vehicles3↦0.0),(Vehicles4↦0.0),(Vehicles5↦0.0)}",
        "Reward": "0.7333379182710655",
        "VehiclesAx": "{(EgoVehicle↦-0.0011348724365234375),(Vehicles2↦0.010622404515743256),(Vehicles3↦0.026500113308429718),(Vehicles4↦0.012124478816986084),(Vehicles5↦0.007786303758621216)}",
        "VehiclesVx": "{(EgoVehicle↦20.000171661376953),(Vehicles2↦0.42051710188388824),(Vehicles3↦-0.5594120919704437),(Vehicles4↦0.39308689534664154),(Vehicles5↦0.7523660361766815)}",
        "VehiclesY": "{(EgoVehicle↦8.000000238418579),(Vehicles2↦-4.0000001192092896),(Vehicles3↦-8.000000238418579),(Vehicles4↦0.0),(Vehicles5↦-4.0000001192092896)}",
        "VehiclesVy": "{(EgoVehicle↦0.0),(Vehicles2↦0.0),(Vehicles3↦0.0),(Vehicles4↦0.0),(Vehicles5↦0.0)}",
        "VehiclesX": "{(EgoVehicle↦200.0),(Vehicles2↦-7.966584712266922),(Vehicles3↦15.595419704914093),(Vehicles4↦42.24047064781189),(Vehicles5↦76.76129937171936)}"
      },
      "probabilisticVariables": null,
      "activating": [
        "IDLE_54"
      ],
      "activatingOnlyWhenExecuted": true,
      "updating": null,
      "withPredicate": null
    },
    {
      "id": "IDLE_54",
      "execute": "IDLE",
      "after": "1000",
      "priority": 0,
      "additionalGuards": null,
      "activationKind": null,
      "fixedVariables": {
        "Crash": "FALSE",
        "VehiclesAy": "{(EgoVehicle↦0.0),(Vehicles2↦0.0),(Vehicles3↦0.0),(Vehicles4↦0.0),(Vehicles5↦0.0)}",
        "Reward": "0.7333339371111417",
        "VehiclesAx": "{(EgoVehicle↦-0.00015020370483398438),(Vehicles2↦0.009535104036331177),(Vehicles3↦0.024905912578105927),(Vehicles4↦0.01083463430404663),(Vehicles5↦0.007430240511894226)}",
        "VehiclesVx": "{(EgoVehicle↦20.00002145767212),(Vehicles2↦0.4300522059202194),(Vehicles3↦-0.5345061793923378),(Vehicles4↦0.40392152965068817),(Vehicles5↦0.7597962766885757)}",
        "VehiclesY": "{(EgoVehicle↦8.000000238418579),(Vehicles2↦-4.0000001192092896),(Vehicles3↦-8.000000238418579),(Vehicles4↦0.0),(Vehicles5↦-4.0000001192092896)}",
        "VehiclesVy": "{(EgoVehicle↦0.0),(Vehicles2↦0.0),(Vehicles3↦0.0),(Vehicles4↦0.0),(Vehicles5↦0.0)}",
        "VehiclesX": "{(EgoVehicle↦200.0),(Vehicles2↦-7.542223483324051),(Vehicles3↦15.046043694019318),(Vehicles4↦42.637938261032104),(Vehicles5↦77.51660943031311)}"
      },
      "probabilisticVariables": null,
      "activating": [
        "IDLE_55"
      ],
      "activatingOnlyWhenExecuted": true,
      "updating": null,
      "withPredicate": null
    },
    {
      "id": "IDLE_55",
      "execute": "IDLE",
      "after": "1000",
      "priority": 0,
      "additionalGuards": null,
      "activationKind": null,
      "fixedVariables": {
        "Crash": "FALSE",
        "VehiclesAy": "{(EgoVehicle↦0.0),(Vehicles2↦0.0),(Vehicles3↦0.0),(Vehicles4↦0.0),(Vehicles5↦0.0)}",
        "Reward": "0.7333334128431681",
        "VehiclesAx": "{(EgoVehicle↦-1.9073486328125E-05),(Vehicles2↦0.00932149589061737),(Vehicles3↦0.024106837809085846),(Vehicles4↦0.010413378477096558),(Vehicles5↦0.007850825786590576)}",
        "VehiclesVx": "{(EgoVehicle↦20.00000238418579),(Vehicles2↦0.4393737018108368),(Vehicles3↦-0.510399341583252),(Vehicles4↦0.41433490812778473),(Vehicles5↦0.7676471024751663)}",
        "VehiclesY": "{(EgoVehicle↦8.000000238418579),(Vehicles2↦-4.0000001192092896),(Vehicles3↦-8.000000238418579),(Vehicles4↦0.0),(Vehicles5↦-4.0000001192092896)}",
        "VehiclesVy": "{(EgoVehicle↦0.0),(Vehicles2↦0.0),(Vehicles3↦0.0),(Vehicles4↦0.0),(Vehicles5↦0.0)}",
        "VehiclesX": "{(EgoVehicle↦200.0),(Vehicles2↦-7.108433544635773),(Vehicles3↦14.521238207817078),(Vehicles4↦43.046051263809204),(Vehicles5↦78.27951312065125)}"
      },
      "probabilisticVariables": null,
      "activating": [
        "IDLE_56"
      ],
      "activatingOnlyWhenExecuted": true,
      "updating": null,
      "withPredicate": null
    },
    {
      "id": "IDLE_56",
      "execute": "IDLE",
      "after": "1000",
      "priority": 0,
      "additionalGuards": null,
      "activationKind": null,
      "fixedVariables": {
        "Crash": "FALSE",
        "VehiclesAy": "{(EgoVehicle↦0.0),(Vehicles2↦0.0),(Vehicles3↦0.0),(Vehicles4↦0.0),(Vehicles5↦0.0)}",
        "Reward": "0.7333333438037642",
        "VehiclesAx": "{(EgoVehicle↦-2.384185791015625E-06),(Vehicles2↦0.009232945740222931),(Vehicles3↦0.023379959166049957),(Vehicles4↦0.010117627680301666),(Vehicles5↦0.008305534720420837)}",
        "VehiclesVx": "{(EgoVehicle↦20.0),(Vehicles2↦0.4486066475510597),(Vehicles3↦-0.487019382417202),(Vehicles4↦0.4244525358080864),(Vehicles5↦0.7759526371955872)}",
        "VehiclesY": "{(EgoVehicle↦8.000000238418579),(Vehicles2↦-4.0000001192092896),(Vehicles3↦-8.000000238418579),(Vehicles4↦0.0),(Vehicles5↦-4.0000001192092896)}",
        "VehiclesVy": "{(EgoVehicle↦0.0),(Vehicles2↦0.0),(Vehicles3↦0.0),(Vehicles4↦0.0),(Vehicles5↦0.0)}",
        "VehiclesX": "{(EgoVehicle↦200.0),(Vehicles2↦-6.665360927581787),(Vehicles3↦14.020249247550964),(Vehicles4↦43.464455008506775),(Vehicles5↦79.05044555664062)}"
      },
      "probabilisticVariables": null,
      "activating": [
        "IDLE_57"
      ],
      "activatingOnlyWhenExecuted": true,
      "updating": null,
      "withPredicate": null
    },
    {
      "id": "IDLE_57",
      "execute": "IDLE",
      "after": "1000",
      "priority": 0,
      "additionalGuards": null,
      "activationKind": null,
      "fixedVariables": {
        "Crash": "FALSE",
        "VehiclesAy": "{(EgoVehicle↦0.0),(Vehicles2↦0.0),(Vehicles3↦0.0),(Vehicles4↦0.0),(Vehicles5↦0.0)}",
        "Reward": "0.7333333347121554",
        "VehiclesAx": "{(EgoVehicle↦0.0),(Vehicles2↦0.009167678654193878),(Vehicles3↦0.022645331919193268),(Vehicles4↦0.00984884798526764),(Vehicles5↦0.008705556392669678)}",
        "VehiclesVx": "{(EgoVehicle↦20.0),(Vehicles2↦0.4577743262052536),(Vehicles3↦-0.46437405049800873),(Vehicles4↦0.43430138379335403),(Vehicles5↦0.7846581935882568)}",
        "VehiclesY": "{(EgoVehicle↦8.000000238418579),(Vehicles2↦-4.0000001192092896),(Vehicles3↦-8.000000238418579),(Vehicles4↦0.0),(Vehicles5↦-4.0000001192092896)}",
        "VehiclesVy": "{(EgoVehicle↦0.0),(Vehicles2↦0.0),(Vehicles3↦0.0),(Vehicles4↦0.0),(Vehicles5↦0.0)}",
        "VehiclesX": "{(EgoVehicle↦200.0),(Vehicles2↦-6.213082373142242),(Vehicles3↦13.542348146438599),(Vehicles4↦43.89286935329437),(Vehicles5↦79.82985377311707)}"
      },
      "probabilisticVariables": null,
      "activating": [
        "IDLE_58"
      ],
      "activatingOnlyWhenExecuted": true,
      "updating": null,
      "withPredicate": null
    },
    {
      "id": "IDLE_58",
      "execute": "IDLE",
      "after": "1000",
      "priority": 0,
      "additionalGuards": null,
      "activationKind": null,
      "fixedVariables": {
        "Crash": "FALSE",
        "VehiclesAy": "{(EgoVehicle↦0.0),(Vehicles2↦0.0),(Vehicles3↦0.0),(Vehicles4↦0.0),(Vehicles5↦0.0)}",
        "Reward": "0.7333333335149067",
        "VehiclesAx": "{(EgoVehicle↦0.0),(Vehicles2↦0.009110309183597565),(Vehicles3↦0.02190474420785904),(Vehicles4↦0.00959351658821106),(Vehicles5↦0.009048879146575928)}",
        "VehiclesVx": "{(EgoVehicle↦20.0),(Vehicles2↦0.46688463538885117),(Vehicles3↦-0.4424693062901497),(Vehicles4↦0.4438949003815651),(Vehicles5↦0.7937070727348328)}",
        "VehiclesY": "{(EgoVehicle↦8.000000238418579),(Vehicles2↦-4.0000001192092896),(Vehicles3↦-8.000000238418579),(Vehicles4↦0.0),(Vehicles5↦-4.0000001192092896)}",
        "VehiclesVy": "{(EgoVehicle↦0.0),(Vehicles2↦0.0),(Vehicles3↦0.0),(Vehicles4↦0.0),(Vehicles5↦0.0)}",
        "VehiclesX": "{(EgoVehicle↦200.0),(Vehicles2↦-5.751659348607063),(Vehicles3↦13.086794316768646),(Vehicles4↦44.33102905750275),(Vehicles5↦80.6181013584137)}"
      },
      "probabilisticVariables": null,
      "activating": [
        "IDLE_59"
      ],
      "activatingOnlyWhenExecuted": true,
      "updating": null,
      "withPredicate": null
    },
    {
      "id": "IDLE_59",
      "execute": "IDLE",
      "after": "1000",
      "priority": 0,
      "additionalGuards": null,
      "activationKind": null,
      "fixedVariables": {
        "Crash": "FALSE",
        "VehiclesAy": "{(EgoVehicle↦0.0),(Vehicles2↦0.0),(Vehicles3↦0.0),(Vehicles4↦0.0),(Vehicles5↦0.0)}",
        "Reward": "0.7333333333572442",
        "VehiclesAx": "{(EgoVehicle↦0.0),(Vehicles2↦0.009057559072971344),(Vehicles3↦0.021167434751987457),(Vehicles4↦0.009349174797534943),(Vehicles5↦0.009343475103378296)}",
        "VehiclesVx": "{(EgoVehicle↦20.0),(Vehicles2↦0.4759421944618225),(Vehicles3↦-0.42130187153816223),(Vehicles4↦0.45324407517910004),(Vehicles5↦0.8030505478382111)}",
        "VehiclesY": "{(EgoVehicle↦8.000000238418579),(Vehicles2↦-4.0000001192092896),(Vehicles3↦-8.000000238418579),(Vehicles4↦0.0),(Vehicles5↦-4.0000001192092896)}",
        "VehiclesVy": "{(EgoVehicle↦0.0),(Vehicles2↦0.0),(Vehicles3↦0.0),(Vehicles4↦0.0),(Vehicles5↦0.0)}",
        "VehiclesX": "{(EgoVehicle↦200.0),(Vehicles2↦-5.281147733330727),(Vehicles3↦12.652851641178131),(Vehicles4↦44.7786808013916),(Vehicles5↦81.41552805900574)}"
      },
      "probabilisticVariables": null,
      "activating": [
        "IDLE_60"
      ],
      "activatingOnlyWhenExecuted": true,
      "updating": null,
      "withPredicate": null
    },
    {
      "id": "IDLE_60",
      "execute": "IDLE",
      "after": "1000",
      "priority": 0,
      "additionalGuards": null,
      "activationKind": null,
      "fixedVariables": {
        "Crash": "FALSE",
        "VehiclesAy": "{(EgoVehicle↦0.0),(Vehicles2↦0.0),(Vehicles3↦0.0),(Vehicles4↦0.0),(Vehicles5↦0.0)}",
        "Reward": "0.7333333333364821",
        "VehiclesAx": "{(EgoVehicle↦0.0),(Vehicles2↦0.009008385241031647),(Vehicles3↦0.020441263914108276),(Vehicles4↦0.009115003049373627),(Vehicles5↦0.009597092866897583)}",
        "VehiclesVx": "{(EgoVehicle↦20.0),(Vehicles2↦0.48495057970285416),(Vehicles3↦-0.40086060762405396),(Vehicles4↦0.46235907822847366),(Vehicles5↦0.8126476407051086)}",
        "VehiclesY": "{(EgoVehicle↦8.000000238418579),(Vehicles2↦-4.0000001192092896),(Vehicles3↦-8.000000238418579),(Vehicles4↦0.0),(Vehicles5↦-4.0000001192092896)}",
        "VehiclesVy": "{(EgoVehicle↦0.0),(Vehicles2↦0.0),(Vehicles3↦0.0),(Vehicles4↦0.0),(Vehicles5↦0.0)}",
        "VehiclesX": "{(EgoVehicle↦200.0),(Vehicles2↦-4.8015981912612915),(Vehicles3↦12.239783257246017),(Vehicles4↦45.235589146614075),(Vehicles5↦82.2223961353302)}"
      },
      "probabilisticVariables": null,
      "activating": [
        "FASTER_61"
      ],
      "activatingOnlyWhenExecuted": true,
      "updating": null,
      "withPredicate": null
    },
    {
      "id": "FASTER_61",
      "execute": "FASTER",
      "after": "1000",
      "priority": 0,
      "additionalGuards": null,
      "activationKind": null,
      "fixedVariables": {
        "Crash": "FALSE",
        "VehiclesAy": "{(EgoVehicle↦0.0),(Vehicles2↦0.0),(Vehicles3↦0.0),(Vehicles4↦0.0),(Vehicles5↦0.0)}",
        "Reward": "0.8491083676273008",
        "VehiclesAx": "{(EgoVehicle↦4.341564178466797),(Vehicles2↦-4.332601763308048),(Vehicles3↦-4.321832358837128),(Vehicles4↦-4.332673437893391),(Vehicles5↦-4.331748187541962)}",
        "VehiclesVx": "{(EgoVehicle↦24.341564178466797),(Vehicles2↦-3.847651183605194),(Vehicles3↦-4.722692966461182),(Vehicles4↦-3.870314359664917),(Vehicles5↦-3.519100546836853)}",
        "VehiclesY": "{(EgoVehicle↦8.000000238418579),(Vehicles2↦-4.0000001192092896),(Vehicles3↦-8.000000238418579),(Vehicles4↦0.0),(Vehicles5↦-4.0000001192092896)}",
        "VehiclesVy": "{(EgoVehicle↦0.0),(Vehicles2↦0.0),(Vehicles3↦0.0),(Vehicles4↦0.0),(Vehicles5↦0.0)}",
        "VehiclesX": "{(EgoVehicle↦200.0),(Vehicles2↦-6.708121299743652),(Vehicles3↦9.451809525489807),(Vehicles4↦43.30646097660065),(Vehicles5↦80.64389228820801)}"
      },
      "probabilisticVariables": null,
      "activating": null,
      "activatingOnlyWhenExecuted": true,
      "updating": null,
      "withPredicate": null
    }
  ],
  "listeners": [],
  "metadata": {
    "fileType": "Timed_Trace",
    "formatVersion": 3,
    "savedAt": "2023-08-21T13:22:52.752341Z",
    "creator": "Simulation: HYPOTHESIS_TEST; SIGNIFICANCE : 0.05, PROBABILITY : 0.95, MAX_STEPS_BEFORE_PROPERTY : 0, EXECUTIONS : 1000, PREDICATE : Crash = FALSE, ENDING_TIME : 60000, HYPOTHESIS_CHECKING_TYPE : LEFT_TAILED, CHECKING_TYPE : PREDICATE_INVARIANT",
    "proB2KernelVersion": "4.12.2",
    "proBCliVersion": "1.12.2-final",
    "modelName": "HighwayEnvironment2"
  }
}