{
  "variables": {},
  "activations": [
    {
      "id": "$setup_constants",
      "execute": "$setup_constants",
      "after": "0",
      "priority": 0,
      "additionalGuards": null,
      "activationKind": null,
      "fixedVariables": null,
      "probabilisticVariables": null,
      "activating": null,
      "activatingOnlyWhenExecuted": true,
      "updating": null,
      "withPredicate": null
    },
    {
      "id": "$initialise_machine",
      "execute": "$initialise_machine",
      "after": "0",
      "priority": 0,
      "additionalGuards": null,
      "activationKind": null,
      "fixedVariables": {
        "Crash": "FALSE",
        "VehiclesAy": "{(EgoVehicle↦0.0),(Vehicles2↦0.0),(Vehicles3↦0.0),(Vehicles4↦0.0),(Vehicles5↦0.0)}",
        "Reward": "0.0",
        "VehiclesAx": "{(EgoVehicle↦0.0),(Vehicles2↦0.0),(Vehicles3↦0.0),(Vehicles4↦0.0),(Vehicles5↦0.0)}",
        "VehiclesVx": "{(EgoVehicle↦25.0),(Vehicles2↦-3.4817981719970703),(Vehicles3↦-3.513418734073639),(Vehicles4↦-2.24608913064003),(Vehicles5↦-3.0940669775009155)}",
        "VehiclesY": "{(EgoVehicle↦0.0),(Vehicles2↦0.0),(Vehicles3↦0.0),(Vehicles4↦8.000000238418579),(Vehicles5↦4.0000001192092896)}",
        "VehiclesVy": "{(EgoVehicle↦0.0),(Vehicles2↦0.0),(Vehicles3↦0.0),(Vehicles4↦0.0),(Vehicles5↦0.0)}",
        "VehiclesX": "{(EgoVehicle↦152.15160846710205),(Vehicles2↦23.209962248802185),(Vehicles3↦47.71662354469299),(Vehicles4↦70.24998068809509),(Vehicles5↦93.11038255691528)}"
      },
      "probabilisticVariables": null,
      "activating": [
        "LANE_RIGHT_2"
      ],
      "activatingOnlyWhenExecuted": true,
      "updating": null,
      "withPredicate": null
    },
    {
      "id": "LANE_RIGHT_2",
      "execute": "LANE_RIGHT",
      "after": "1000",
      "priority": 0,
      "additionalGuards": null,
      "activationKind": null,
      "fixedVariables": {
        "Crash": "FALSE",
        "VehiclesAy": "{(EgoVehicle↦1.0796338319778442),(Vehicles2↦1.0560961812734604),(Vehicles3↦-1.0796338319778442),(Vehicles4↦-1.0796338319778442),(Vehicles5↦-1.0796338319778442)}",
        "Reward": "0.8327113850086175",
        "VehiclesAx": "{(EgoVehicle↦-0.023322105407714844),(Vehicles2↦-4.064822196960449),(Vehicles3↦-0.9651544690132141),(Vehicles4↦-1.1374945938587189),(Vehicles5↦-0.5096343159675598)}",
        "VehiclesVx": "{(EgoVehicle↦24.976677894592285),(Vehicles2↦-7.5466203689575195),(Vehicles3↦-4.478573203086853),(Vehicles4↦-3.383583724498749),(Vehicles5↦-3.6037012934684753)}",
        "VehiclesY": "{(EgoVehicle↦3.6599650382995605),(Vehicles2↦-0.4374631494283676),(Vehicles3↦-3.6599650382995605),(Vehicles4↦4.34003484249115),(Vehicles5↦0.3400348797440529)}",
        "VehiclesVy": "{(EgoVehicle↦1.0796338319778442),(Vehicles2↦1.0560961812734604),(Vehicles3↦-1.0796338319778442),(Vehicles4↦-1.0796338319778442),(Vehicles5↦-1.0796338319778442)}",
        "VehiclesX": "{(EgoVehicle↦176.83185338974),(Vehicles2↦17.409832775592804),(Vehicles3↦44.08740997314453),(Vehicles4↦67.80957579612732),(Vehicles5↦90.21293520927429)}"
      },
      "probabilisticVariables": null,
      "activating": [
        "LANE_RIGHT_3"
      ],
      "activatingOnlyWhenExecuted": true,
      "updating": null,
      "withPredicate": null
    },
    {
      "id": "LANE_RIGHT_3",
      "execute": "LANE_RIGHT",
      "after": "1000",
      "priority": 0,
      "additionalGuards": null,
      "activationKind": null,
      "fixedVariables": {
        "Crash": "FALSE",
        "VehiclesAy": "{(EgoVehicle↦0.037668049335479736),(Vehicles2↦-2.0054256916046143),(Vehicles3↦-0.037668049335479736),(Vehicles4↦-0.037668049335479736),(Vehicles5↦-2.196935713291168)}",
        "Reward": "0.8660005399738949",
        "VehiclesAx": "{(EgoVehicle↦-0.0016570091247558594),(Vehicles2↦1.0970062017440796),(Vehicles3↦-0.5542629957199097),(Vehicles4↦-0.684763491153717),(Vehicles5↦-0.5728814005851746)}",
        "VehiclesVx": "{(EgoVehicle↦24.97502088546753),(Vehicles2↦-6.44961416721344),(Vehicles3↦-5.032836198806763),(Vehicles4↦-4.068347215652466),(Vehicles5↦-4.17658269405365)}",
        "VehiclesY": "{(EgoVehicle↦7.648639440536499),(Vehicles2↦-3.7078131437301636),(Vehicles3↦-7.648639440536499),(Vehicles4↦0.35136057436466217),(Vehicles5↦-3.6486393213272095)}",
        "VehiclesVy": "{(EgoVehicle↦1.117301881313324),(Vehicles2↦-0.9493295103311539),(Vehicles3↦-1.117301881313324),(Vehicles4↦-1.117301881313324),(Vehicles5↦-1.117301881313324)}",
        "VehiclesX": "{(EgoVehicle↦200.0),(Vehicles2↦10.748127102851868),(Vehicles3↦39.71010446548462),(Vehicles4↦64.47927355766296),(Vehicles5↦86.69956922531128)}"
      },
      "probabilisticVariables": null,
      "activating": [
        "IDLE_4"
      ],
      "activatingOnlyWhenExecuted": true,
      "updating": null,
      "withPredicate": null
    },
    {
      "id": "IDLE_4",
      "execute": "IDLE",
      "after": "1000",
      "priority": 0,
      "additionalGuards": null,
      "activationKind": null,
      "fixedVariables": {
        "Crash": "FALSE",
        "VehiclesAy": "{(EgoVehicle↦-1.078004245646298),(Vehicles2↦0.9218891547061503),(Vehicles3↦1.078004245646298),(Vehicles4↦1.078004245646298),(Vehicles5↦-1.15659951698035)}",
        "Reward": "0.8666658430372319",
        "VehiclesAx": "{(EgoVehicle↦0.0249481201171875),(Vehicles2↦0.5791258811950684),(Vehicles3↦-0.29440224170684814),(Vehicles4↦-0.44145405292510986),(Vehicles5↦-0.29862046241760254)}",
        "VehiclesVx": "{(EgoVehicle↦24.999969005584717),(Vehicles2↦-5.870488286018372),(Vehicles3↦-5.327238440513611),(Vehicles4↦-4.509801268577576),(Vehicles5↦-4.475203156471252)}",
        "VehiclesY": "{(EgoVehicle↦7.988144159317017),(Vehicles2↦-3.9922828674316406),(Vehicles3↦-7.988144159317017),(Vehicles4↦0.011855648830533028),(Vehicles5↦-3.9881443977355957)}",
        "VehiclesVy": "{(EgoVehicle↦0.03929763566702604),(Vehicles2↦-0.027440355625003576),(Vehicles3↦-0.03929763566702604),(Vehicles4↦-0.03929763566702604),(Vehicles5↦-0.03929763566702604)}",
        "VehiclesX": "{(EgoVehicle↦200.0),(Vehicles2↦4.543415457010269),(Vehicles3↦34.53294038772583),(Vehicles4↦60.20708680152893),(Vehicles5↦82.37705826759338)}"
      },
      "probabilisticVariables": null,
      "activating": [
        "IDLE_5"
      ],
      "activatingOnlyWhenExecuted": true,
      "updating": null,
      "withPredicate": null
    },
    {
      "id": "IDLE_5",
      "execute": "IDLE",
      "after": "1000",
      "priority": 0,
      "additionalGuards": null,
      "activationKind": null,
      "fixedVariables": {
        "Crash": "FALSE",
        "VehiclesAy": "{(EgoVehicle↦-0.03805157859460451),(Vehicles2↦0.02698919142858358),(Vehicles3↦0.03805157859460451),(Vehicles4↦0.03805157859460451),(Vehicles5↦-0.04054369273944758)}",
        "Reward": "0.8666666658385823",
        "VehiclesAx": "{(EgoVehicle↦3.0994415283203125E-05),(Vehicles2↦0.3612726926803589),(Vehicles3↦-0.12710630893707275),(Vehicles4↦-0.25720059871673584),(Vehicles5↦-0.13594180345535278)}",
        "VehiclesVx": "{(EgoVehicle↦25.0),(Vehicles2↦-5.509215593338013),(Vehicles3↦-5.454344749450684),(Vehicles4↦-4.7670018672943115),(Vehicles5↦-4.611144959926605)}",
        "VehiclesY": "{(EgoVehicle↦7.999626159667969),(Vehicles2↦-3.99990177154541),(Vehicles3↦-7.999626159667969),(Vehicles4↦0.00037409018841572106),(Vehicles5↦-3.999626040458679)}",
        "VehiclesVy": "{(EgoVehicle↦0.0012460570724215358),(Vehicles2↦-0.0004511641964199953),(Vehicles3↦-0.0012460570724215358),(Vehicles4↦-0.0012460570724215358),(Vehicles5↦-0.0012460570724215358)}",
        "VehiclesX": "{(EgoVehicle↦200.0),(Vehicles2↦-1.1674460023641586),(Vehicles3↦29.146873950958252),(Vehicles4↦55.58463931083679),(Vehicles5↦77.84004211425781)}"
      },
      "probabilisticVariables": null,
      "activating": [
        "SLOWER_6"
      ],
      "activatingOnlyWhenExecuted": true,
      "updating": null,
      "withPredicate": null
    },
    {
      "id": "SLOWER_6",
      "execute": "SLOWER",
      "after": "1000",
      "priority": 0,
      "additionalGuards": null,
      "activationKind": null,
      "fixedVariables": {
        "Crash": "FALSE",
        "VehiclesAy": "{(EgoVehicle↦-0.0011953586727031507),(Vehicles2↦0.0004521362328091527),(Vehicles3↦0.0011953586727031507),(Vehicles4↦0.0011953586727031507),(Vehicles5↦-0.001296755472139921)}",
        "Reward": "0.750891632371455",
        "VehiclesAx": "{(EgoVehicle↦-4.341564178466797),(Vehicles2↦4.553861767053604),(Vehicles3↦4.288586303591728),(Vehicles4↦4.181329645216465),(Vehicles5↦4.272599741816521)}",
        "VehiclesVx": "{(EgoVehicle↦20.658435821533203),(Vehicles2↦-0.9553538262844086),(Vehicles3↦-1.1657584458589554),(Vehicles4↦-0.5856722220778465),(Vehicles5↦-0.33854521811008453)}",
        "VehiclesY": "{(EgoVehicle↦7.9999823570251465),(Vehicles2↦-4.000000476837158),(Vehicles3↦-7.9999823570251465),(Vehicles4↦1.7524468148621963E-05),(Vehicles5↦-3.9999825954437256)}",
        "VehiclesVy": "{(EgoVehicle↦5.069839971838519E-05),(Vehicles2↦9.72036389157438E-07),(Vehicles3↦-5.069839971838519E-05),(Vehicles4↦-5.069839971838519E-05),(Vehicles5↦-5.069839971838519E-05)}",
        "VehiclesX": "{(EgoVehicle↦200.0),(Vehicles2↦-4.187623038887978),(Vehicles3↦26.062187552452087),(Vehicles4↦53.14258933067322),(Vehicles5↦75.59272646903992)}"
      },
      "probabilisticVariables": null,
      "activating": [
        "FASTER_7"
      ],
      "activatingOnlyWhenExecuted": true,
      "updating": null,
      "withPredicate": null
    },
    {
      "id": "FASTER_7",
      "execute": "FASTER",
      "after": "1000",
      "priority": 0,
      "additionalGuards": null,
      "activationKind": null,
      "fixedVariables": {
        "Crash": "FALSE",
        "VehiclesAy": "{(EgoVehicle↦-4.824663477620561E-05),(Vehicles2↦-1.2555481987419626E-07),(Vehicles3↦4.824663477620561E-05),(Vehicles4↦4.824663477620561E-05),(Vehicles5↦-5.315016466056477E-05)}",
        "Reward": "0.8514205716156606",
        "VehiclesAx": "{(EgoVehicle↦3.76983642578125),(Vehicles2↦-3.645462840795517),(Vehicles3↦-3.783489093184471),(Vehicles4↦-3.869856931269169),(Vehicles5↦-3.805878683924675)}",
        "VehiclesVx": "{(EgoVehicle↦24.428272247314453),(Vehicles2↦-4.6008166670799255),(Vehicles3↦-4.9492475390434265),(Vehicles4↦-4.455529153347015),(Vehicles5↦-4.1444239020347595)}",
        "VehiclesY": "{(EgoVehicle↦7.999999523162842),(Vehicles2↦-4.000000476837158),(Vehicles3↦-7.999999523162842),(Vehicles4↦7.40995403702982E-07),(Vehicles5↦-3.9999994039535522)}",
        "VehiclesVy": "{(EgoVehicle↦2.4517649421795795E-06),(Vehicles2↦8.464815692832417E-07),(Vehicles3↦-2.4517649421795795E-06),(Vehicles4↦-2.4517649421795795E-06),(Vehicles5↦-2.4517649421795795E-06)}",
        "VehiclesX": "{(EgoVehicle↦200.0),(Vehicles2↦-7.1676284074783325),(Vehicles3↦22.809062898159027),(Vehicles4↦50.433480739593506),(Vehicles5↦73.15831184387207)}"
      },
      "probabilisticVariables": null,
      "activating": [
        "SLOWER_8"
      ],
      "activatingOnlyWhenExecuted": true,
      "updating": null,
      "withPredicate": null
    },
    {
      "id": "SLOWER_8",
      "execute": "SLOWER",
      "after": "1000",
      "priority": 0,
      "additionalGuards": null,
      "activationKind": null,
      "fixedVariables": {
        "Crash": "FALSE",
        "VehiclesAy": "{(EgoVehicle↦-2.348476559888013E-06),(Vehicles2↦-7.414809033434722E-07),(Vehicles3↦2.348476559888013E-06),(Vehicles4↦2.348476559888013E-06),(Vehicles5↦-2.555053324471146E-06)}",
        "Reward": "0.7488839161524057",
        "VehiclesAx": "{(EgoVehicle↦-3.8451242446899414),(Vehicles2↦3.9187805354595184),(Vehicles3↦3.8523367792367935),(Vehicles4↦3.7830475717782974),(Vehicles5↦3.825048618018627)}",
        "VehiclesVx": "{(EgoVehicle↦20.58314800262451),(Vehicles2↦-0.6820361316204071),(Vehicles3↦-1.096910759806633),(Vehicles4↦-0.672481581568718),(Vehicles5↦-0.31937528401613235)}",
        "VehiclesY": "{(EgoVehicle↦8.000000238418579),(Vehicles2↦-4.0000001192092896),(Vehicles3↦-8.000000238418579),(Vehicles4↦3.568838025103105E-08),(Vehicles5↦-4.0000001192092896)}",
        "VehiclesVy": "{(EgoVehicle↦1.0328838229156645E-07),(Vehicles2↦1.0500066593976953E-07),(Vehicles3↦-1.0328838229156645E-07),(Vehicles4↦-1.0328838229156645E-07),(Vehicles5↦-1.0328838229156645E-07)}",
        "VehiclesX": "{(EgoVehicle↦200.0),(Vehicles2↦-9.614773094654083),(Vehicles3↦19.98271644115448),(Vehicles4↦48.0719268321991),(Vehicles5↦71.1262047290802)}"
      },
      "probabilisticVariables": null,
      "activating": [
        "FASTER_9"
      ],
      "activatingOnlyWhenExecuted": true,
      "updating": null,
      "withPredicate": null
    },
    {
      "id": "FASTER_9",
      "execute": "FASTER",
      "after": "1000",
      "priority": 0,
      "additionalGuards": null,
      "activationKind": null,
      "fixedVariables": {
        "Crash": "FALSE",
        "VehiclesAy": "{(EgoVehicle↦-9.828649893961483E-08),(Vehicles2↦-1.1000254929172115E-07),(Vehicles3↦9.828649893961483E-08),(Vehicles4↦9.828649893961483E-08),(Vehicles5↦-1.0829026564351807E-07)}",
        "Reward": "0.8511561810022372",
        "VehiclesAx": "{(EgoVehicle↦3.8352084159851074),(Vehicles2↦-4.232035726308823),(Vehicles3↦-3.4486881643533707),(Vehicles4↦-3.4947938472032547),(Vehicles5↦-3.9068401977419853)}",
        "VehiclesVx": "{(EgoVehicle↦24.41835641860962),(Vehicles2↦-4.91407185792923),(Vehicles3↦-4.545598924160004),(Vehicles4↦-4.167275428771973),(Vehicles5↦-4.226215481758118)}",
        "VehiclesY": "{(EgoVehicle↦8.000000238418579),(Vehicles2↦-8.000000238418579),(Vehicles3↦1.511534897247202E-09),(Vehicles4↦-4.0000001192092896),(Vehicles5↦-8.000000238418579)}",
        "VehiclesVy": "{(EgoVehicle↦5.001883351951619E-09),(Vehicles2↦-5.001883351951619E-09),(Vehicles3↦-5.001883351951619E-09),(Vehicles4↦-5.001883351951619E-09),(Vehicles5↦-5.001883351951619E-09)}",
        "VehiclesX": "{(EgoVehicle↦200.0),(Vehicles2↦16.77670031785965),(Vehicles3↦45.267024636268616),(Vehicles4↦68.68565082550049),(Vehicles5↦87.44211792945862)}"
      },
      "probabilisticVariables": null,
      "activating": [
        "SLOWER_10"
      ],
      "activatingOnlyWhenExecuted": true,
      "updating": null,
      "withPredicate": null
    },
    {
      "id": "SLOWER_10",
      "execute": "SLOWER",
      "after": "1000",
      "priority": 0,
      "additionalGuards": null,
      "activationKind": null,
      "fixedVariables": {
        "Crash": "FALSE",
        "VehiclesAy": "{(EgoVehicle↦-4.7911541400935675E-09),(Vehicles2↦4.7911541400935675E-09),(Vehicles3↦4.7911541400935675E-09),(Vehicles4↦4.7911541400935675E-09),(Vehicles5↦-5.212612563809671E-09)}",
        "Reward": "0.7488490992815017",
        "VehiclesAx": "{(EgoVehicle↦-3.836514949798584),(Vehicles2↦3.8598842918872833),(Vehicles3↦3.814139813184738),(Vehicles4↦3.8268598914146423),(Vehicles5↦3.83892260491848)}",
        "VehiclesVx": "{(EgoVehicle↦20.581841468811035),(Vehicles2↦-1.0541875660419464),(Vehicles3↦-0.7314591109752655),(Vehicles4↦-0.3404155373573303),(Vehicles5↦-0.38729287683963776)}",
        "VehiclesY": "{(EgoVehicle↦8.000000238418579),(Vehicles2↦-8.000000238418579),(Vehicles3↦7.281375502543597E-11),(Vehicles4↦-4.0000001192092896),(Vehicles5↦-8.000000238418579)}",
        "VehiclesVy": "{(EgoVehicle↦2.107292118580517E-10),(Vehicles2↦-2.107292118580517E-10),(Vehicles3↦-2.107292118580517E-10),(Vehicles4↦-2.107292118580517E-10),(Vehicles5↦-2.107292118580517E-10)}",
        "VehiclesX": "{(EgoVehicle↦200.0),(Vehicles2↦13.98814469575882),(Vehicles3↦42.82793700695038),(Vehicles4↦66.63082838058472),(Vehicles5↦85.33329367637634)}"
      },
      "probabilisticVariables": null,
      "activating": [
        "IDLE_11"
      ],
      "activatingOnlyWhenExecuted": true,
      "updating": null,
      "withPredicate": null
    },
    {
      "id": "IDLE_11",
      "execute": "IDLE",
      "after": "1000",
      "priority": 0,
      "additionalGuards": null,
      "activationKind": null,
      "fixedVariables": {
        "Crash": "FALSE",
        "VehiclesAy": "{(EgoVehicle↦-1.9777957049882389E-10),(Vehicles2↦1.9777957049882389E-10),(Vehicles3↦1.9777957049882389E-10),(Vehicles4↦1.9777957049882389E-10),(Vehicles5↦-2.2367885321727954E-10)}",
        "Reward": "0.7353765617709521",
        "VehiclesAx": "{(EgoVehicle↦-0.505220890045166),(Vehicles2↦0.5308675393462181),(Vehicles3↦0.4929020442068577),(Vehicles4↦0.4964255727827549),(Vehicles5↦0.5079398863017559)}",
        "VehiclesVx": "{(EgoVehicle↦20.07662057876587),(Vehicles2↦-0.5233200266957283),(Vehicles3↦-0.23855706676840782),(Vehicles4↦0.15601003542542458),(Vehicles5↦0.12064700946211815)}",
        "VehiclesY": "{(EgoVehicle↦8.000000238418579),(Vehicles2↦-8.000000238418579),(Vehicles3↦4.460432023734029E-12),(Vehicles4↦-4.0000001192092896),(Vehicles5↦-8.000000238418579)}",
        "VehiclesVy": "{(EgoVehicle↦1.2949641359227826E-11),(Vehicles2↦-1.2949641359227826E-11),(Vehicles3↦-1.2949641359227826E-11),(Vehicles4↦-1.2949641359227826E-11),(Vehicles5↦-1.2949641359227826E-11)}",
        "VehiclesX": "{(EgoVehicle↦200.0),(Vehicles2↦13.222825527191162),(Vehicles3↦42.36961603164673),(Vehicles4↦66.56559109687805),(Vehicles5↦85.22577285766602)}"
      },
      "probabilisticVariables": null,
      "activating": [
        "IDLE_12"
      ],
      "activatingOnlyWhenExecuted": true,
      "updating": null,
      "withPredicate": null
    },
    {
      "id": "IDLE_12",
      "execute": "IDLE",
      "after": "1000",
      "priority": 0,
      "additionalGuards": null,
      "activationKind": null,
      "fixedVariables": {
        "Crash": "FALSE",
        "VehiclesAy": "{(EgoVehicle↦-1.2150280781497713E-11),(Vehicles2↦1.2150280781497713E-11),(Vehicles3↦1.2150280781497713E-11),(Vehicles4↦1.2150280781497713E-11),(Vehicles5↦-1.3749001936957939E-11)}",
        "Reward": "0.7336024004526905",
        "VehiclesAx": "{(EgoVehicle↦-0.06653070449829102),(Vehicles2↦0.09279180318117142),(Vehicles3↦0.06076999008655548),(Vehicles4↦0.05755886435508728),(Vehicles5↦0.06960010156035423)}",
        "VehiclesVx": "{(EgoVehicle↦20.010089874267578),(Vehicles2↦-0.4305282235145569),(Vehicles3↦-0.17778707668185234),(Vehicles4↦0.21356889978051186),(Vehicles5↦0.19024711102247238)}",
        "VehiclesY": "{(EgoVehicle↦8.000000238418579),(Vehicles2↦-8.000000238418579),(Vehicles3↦2.7711166694643907E-13),(Vehicles4↦-4.0000001192092896),(Vehicles5↦-8.000000238418579)}",
        "VehiclesVy": "{(EgoVehicle↦7.993605777301127E-13),(Vehicles2↦-7.993605777301127E-13),(Vehicles3↦-7.993605777301127E-13),(Vehicles4↦-7.993605777301127E-13),(Vehicles5↦-7.993605777301127E-13)}",
        "VehiclesX": "{(EgoVehicle↦200.0),(Vehicles2↦12.74670660495758),(Vehicles3↦42.165037989616394),(Vehicles4↦66.75475239753723),(Vehicles5↦85.38432121276855)}"
      },
      "probabilisticVariables": null,
      "activating": [
        "IDLE_13"
      ],
      "activatingOnlyWhenExecuted": true,
      "updating": null,
      "withPredicate": null
    },
    {
      "id": "IDLE_13",
      "execute": "IDLE",
      "after": "1000",
      "priority": 0,
      "additionalGuards": null,
      "activationKind": null,
      "fixedVariables": {
        "Crash": "FALSE",
        "VehiclesAy": "{(EgoVehicle↦-7.638334409421077E-13),(Vehicles2↦7.549516567451064E-13),(Vehicles3↦7.549516567451064E-13),(Vehicles4↦7.549516567451064E-13),(Vehicles5↦-8.43769498715119E-13)}",
        "Reward": "0.7333687660404092",
        "VehiclesAx": "{(EgoVehicle↦-0.008761882781982422),(Vehicles2↦0.034742094576358795),(Vehicles3↦0.0072966329753398895),(Vehicles4↦-0.000830627977848053),(Vehicles5↦0.012141317129135132)}",
        "VehiclesVx": "{(EgoVehicle↦20.001327991485596),(Vehicles2↦-0.3957861289381981),(Vehicles3↦-0.17049044370651245),(Vehicles4↦0.2127382718026638),(Vehicles5↦0.2023884281516075)}",
        "VehiclesY": "{(EgoVehicle↦8.000000238418579),(Vehicles2↦-8.000000238418579),(Vehicles3↦1.865174681370263E-14),(Vehicles4↦-4.0000001192092896),(Vehicles5↦-8.000000238418579)}",
        "VehiclesVy": "{(EgoVehicle↦3.552713678800501E-14),(Vehicles2↦-4.440892098500626E-14),(Vehicles3↦-4.440892098500626E-14),(Vehicles4↦-4.440892098500626E-14),(Vehicles5↦-4.440892098500626E-14)}",
        "VehiclesX": "{(EgoVehicle↦200.0),(Vehicles2↦12.33144924044609),(Vehicles3↦41.99122190475464),(Vehicles4↦66.96937680244446),(Vehicles5↦85.58073043823242)}"
      },
      "probabilisticVariables": null,
      "activating": [
        "IDLE_14"
      ],
      "activatingOnlyWhenExecuted": true,
      "updating": null,
      "withPredicate": null
    },
    {
      "id": "IDLE_14",
      "execute": "IDLE",
      "after": "1000",
      "priority": 0,
      "additionalGuards": null,
      "activationKind": null,
      "fixedVariables": {
        "Crash": "FALSE",
        "VehiclesAy": "{(EgoVehicle↦-3.552713678800501E-14),(Vehicles2↦4.440892098500626E-14),(Vehicles3↦4.440892098500626E-14),(Vehicles4↦4.440892098500626E-14),(Vehicles5↦-4.440892098500626E-14)}",
        "Reward": "0.7333379993688331",
        "VehiclesAx": "{(EgoVehicle↦-0.0011539459228515625),(Vehicles2↦0.02639535814523697),(Vehicles3↦0.002509988844394684),(Vehicles4↦-0.009185150265693665),(Vehicles5↦0.004789978265762329)}",
        "VehiclesVx": "{(EgoVehicle↦20.000174045562744),(Vehicles2↦-0.3693907707929611),(Vehicles3↦-0.16798045486211777),(Vehicles4↦0.20355312153697014),(Vehicles5↦0.20717840641736984)}",
        "VehiclesY": "{(EgoVehicle↦8.000000238418579),(Vehicles2↦-8.000000238418579),(Vehicles3↦0.0),(Vehicles4↦-4.0000001192092896),(Vehicles5↦-8.000000238418579)}",
        "VehiclesVy": "{(EgoVehicle↦0.0),(Vehicles2↦0.0),(Vehicles3↦0.0),(Vehicles4↦0.0),(Vehicles5↦0.0)}",
        "VehiclesX": "{(EgoVehicle↦200.0),(Vehicles2↦11.946466565132141),(Vehicles3↦41.82173013687134),(Vehicles4↦67.17867255210876),(Vehicles5↦85.78519225120544)}"
      },
      "probabilisticVariables": null,
      "activating": [
        "IDLE_15"
      ],
      "activatingOnlyWhenExecuted": true,
      "updating": null,
      "withPredicate": null
    },
    {
      "id": "IDLE_15",
      "execute": "IDLE",
      "after": "1000",
      "priority": 0,
      "additionalGuards": null,
      "activationKind": null,
      "fixedVariables": {
        "Crash": "FALSE",
        "VehiclesAy": "{(EgoVehicle↦0.0),(Vehicles2↦0.0),(Vehicles3↦0.0),(Vehicles4↦0.0),(Vehicles5↦0.0)}",
        "Reward": "0.7333339477906832",
        "VehiclesAx": "{(EgoVehicle↦-0.00015020370483398438),(Vehicles2↦0.024438388645648956),(Vehicles3↦0.003354828804731369),(Vehicles4↦-0.010895784944295883),(Vehicles5↦0.00399317592382431)}",
        "VehiclesVx": "{(EgoVehicle↦20.00002384185791),(Vehicles2↦-0.34495238214731216),(Vehicles3↦-0.1646256260573864),(Vehicles4↦0.19265733659267426),(Vehicles5↦0.21117158234119415)}",
        "VehiclesY": "{(EgoVehicle↦8.000000238418579),(Vehicles2↦-8.000000238418579),(Vehicles3↦0.0),(Vehicles4↦-4.0000001192092896),(Vehicles5↦-8.000000238418579)}",
        "VehiclesVy": "{(EgoVehicle↦0.0),(Vehicles2↦0.0),(Vehicles3↦0.0),(Vehicles4↦0.0),(Vehicles5↦0.0)}",
        "VehiclesX": "{(EgoVehicle↦200.0),(Vehicles2↦11.586955189704895),(Vehicles3↦41.65499806404114),(Vehicles4↦67.37794280052185),(Vehicles5↦85.99397540092468)}"
      },
      "probabilisticVariables": null,
      "activating": [
        "IDLE_16"
      ],
      "activatingOnlyWhenExecuted": true,
      "updating": null,
      "withPredicate": null
    },
    {
      "id": "IDLE_16",
      "execute": "IDLE",
      "after": "1000",
      "priority": 0,
      "additionalGuards": null,
      "activationKind": null,
      "fixedVariables": {
        "Crash": "FALSE",
        "VehiclesAy": "{(EgoVehicle↦0.0),(Vehicles2↦0.0),(Vehicles3↦0.0),(Vehicles4↦0.0),(Vehicles5↦0.0)}",
        "Reward": "0.7333334142495275",
        "VehiclesAx": "{(EgoVehicle↦-2.1457672119140625E-05),(Vehicles2↦0.02327028661966324),(Vehicles3↦0.004418548196554184),(Vehicles4↦-0.011613946408033371),(Vehicles5↦0.004023648798465729)}",
        "VehiclesVx": "{(EgoVehicle↦20.00000238418579),(Vehicles2↦-0.3216820955276489),(Vehicles3↦-0.16020707786083221),(Vehicles4↦0.18104339018464088),(Vehicles5↦0.21519523113965988)}",
        "VehiclesY": "{(EgoVehicle↦8.000000238418579),(Vehicles2↦-8.000000238418579),(Vehicles3↦0.0),(Vehicles4↦-4.0000001192092896),(Vehicles5↦-8.000000238418579)}",
        "VehiclesVy": "{(EgoVehicle↦0.0),(Vehicles2↦0.0),(Vehicles3↦0.0),(Vehicles4↦0.0),(Vehicles5↦0.0)}",
        "VehiclesX": "{(EgoVehicle↦200.0),(Vehicles2↦11.251398175954819),(Vehicles3↦41.49206578731537),(Vehicles4↦67.56600141525269),(Vehicles5↦86.20675206184387)}"
      },
      "probabilisticVariables": null,
      "activating": [
        "IDLE_17"
      ],
      "activatingOnlyWhenExecuted": true,
      "updating": null,
      "withPredicate": null
    },
    {
      "id": "IDLE_17",
      "execute": "IDLE",
      "after": "1000",
      "priority": 0,
      "additionalGuards": null,
      "activationKind": null,
      "fixedVariables": {
        "Crash": "FALSE",
        "VehiclesAy": "{(EgoVehicle↦0.0),(Vehicles2↦0.0),(Vehicles3↦0.0),(Vehicles4↦0.0),(Vehicles5↦0.0)}",
        "Reward": "0.7333333439889639",
        "VehiclesAx": "{(EgoVehicle↦-2.384185791015625E-06),(Vehicles2↦0.022209156304597855),(Vehicles3↦0.005157105624675751),(Vehicles4↦-0.012055225670337677),(Vehicles5↦0.004134252667427063)}",
        "VehiclesVx": "{(EgoVehicle↦20.0),(Vehicles2↦-0.29947293922305107),(Vehicles3↦-0.15504997223615646),(Vehicles4↦0.1689881645143032),(Vehicles5↦0.21932948380708694)}",
        "VehiclesY": "{(EgoVehicle↦8.000000238418579),(Vehicles2↦-8.000000238418579),(Vehicles3↦0.0),(Vehicles4↦-4.0000001192092896),(Vehicles5↦-8.000000238418579)}",
        "VehiclesVy": "{(EgoVehicle↦0.0),(Vehicles2↦0.0),(Vehicles3↦0.0),(Vehicles4↦0.0),(Vehicles5↦0.0)}",
        "VehiclesX": "{(EgoVehicle↦200.0),(Vehicles2↦10.938682407140732),(Vehicles3↦41.33387506008148),(Vehicles4↦67.74224638938904),(Vehicles5↦86.42358779907227)}"
      },
      "probabilisticVariables": null,
      "activating": [
        "IDLE_18"
      ],
      "activatingOnlyWhenExecuted": true,
      "updating": null,
      "withPredicate": null
    },
    {
      "id": "IDLE_18",
      "execute": "IDLE",
      "after": "1000",
      "priority": 0,
      "additionalGuards": null,
      "activationKind": null,
      "fixedVariables": {
        "Crash": "FALSE",
        "VehiclesAy": "{(EgoVehicle↦0.0),(Vehicles2↦0.0),(Vehicles3↦0.0),(Vehicles4↦0.0),(Vehicles5↦0.0)}",
        "Reward": "0.7333333347365439",
        "VehiclesAx": "{(EgoVehicle↦0.0),(Vehicles2↦0.02119382843375206),(Vehicles3↦0.005611451342701912),(Vehicles4↦-0.01230454072356224),(Vehicles5↦0.004231985658407211)}",
        "VehiclesVx": "{(EgoVehicle↦20.0),(Vehicles2↦-0.278279110789299),(Vehicles3↦-0.14943852089345455),(Vehicles4↦0.15668362379074097),(Vehicles5↦0.22356146946549416)}",
        "VehiclesY": "{(EgoVehicle↦8.000000238418579),(Vehicles2↦-8.000000238418579),(Vehicles3↦0.0),(Vehicles4↦-4.0000001192092896),(Vehicles5↦-8.000000238418579)}",
        "VehiclesVy": "{(EgoVehicle↦0.0),(Vehicles2↦0.0),(Vehicles3↦0.0),(Vehicles4↦0.0),(Vehicles5↦0.0)}",
        "VehiclesX": "{(EgoVehicle↦200.0),(Vehicles2↦10.647766292095184),(Vehicles3↦41.1810427904129),(Vehicles4↦67.90632605552673),(Vehicles5↦86.64460778236389)}"
      },
      "probabilisticVariables": null,
      "activating": [
        "IDLE_19"
      ],
      "activatingOnlyWhenExecuted": true,
      "updating": null,
      "withPredicate": null
    },
    {
      "id": "IDLE_19",
      "execute": "IDLE",
      "after": "1000",
      "priority": 0,
      "additionalGuards": null,
      "activationKind": null,
      "fixedVariables": {
        "Crash": "FALSE",
        "VehiclesAy": "{(EgoVehicle↦0.0),(Vehicles2↦0.0),(Vehicles3↦0.0),(Vehicles4↦0.0),(Vehicles5↦0.0)}",
        "Reward": "0.7333333335181184",
        "VehiclesAx": "{(EgoVehicle↦0.0),(Vehicles2↦0.02022966742515564),(Vehicles3↦0.0058634113520383835),(Vehicles4↦-0.012375088408589363),(Vehicles5↦0.004308559000492096)}",
        "VehiclesVx": "{(EgoVehicle↦20.0),(Vehicles2↦-0.25804944336414337),(Vehicles3↦-0.14357510954141617),(Vehicles4↦0.1443085353821516),(Vehicles5↦0.22787002846598625)}",
        "VehiclesY": "{(EgoVehicle↦8.000000238418579),(Vehicles2↦-8.000000238418579),(Vehicles3↦0.0),(Vehicles4↦-4.0000001192092896),(Vehicles5↦-8.000000238418579)}",
        "VehiclesVy": "{(EgoVehicle↦0.0),(Vehicles2↦0.0),(Vehicles3↦0.0),(Vehicles4↦0.0),(Vehicles5↦0.0)}",
        "VehiclesX": "{(EgoVehicle↦200.0),(Vehicles2↦10.377654433250427),(Vehicles3↦41.033935546875),(Vehicles4↦68.05806159973145),(Vehicles5↦86.86988353729248)}"
      },
      "probabilisticVariables": null,
      "activating": [
        "IDLE_20"
      ],
      "activatingOnlyWhenExecuted": true,
      "updating": null,
      "withPredicate": null
    },
    {
      "id": "IDLE_20",
      "execute": "IDLE",
      "after": "1000",
      "priority": 0,
      "additionalGuards": null,
      "activationKind": null,
      "fixedVariables": {
        "Crash": "FALSE",
        "VehiclesAy": "{(EgoVehicle↦0.0),(Vehicles2↦0.0),(Vehicles3↦0.0),(Vehicles4↦0.0),(Vehicles5↦0.0)}",
        "Reward": "0.7333333333576671",
        "VehiclesAx": "{(EgoVehicle↦0.0),(Vehicles2↦0.019322503358125687),(Vehicles3↦0.0059767719358205795),(Vehicles4↦-0.012277103960514069),(Vehicles5↦0.00436585396528244)}",
        "VehiclesVx": "{(EgoVehicle↦20.0),(Vehicles2↦-0.23872694000601768),(Vehicles3↦-0.1375983376055956),(Vehicles4↦0.13203143142163754),(Vehicles5↦0.2322358824312687)}",
        "VehiclesY": "{(EgoVehicle↦8.000000238418579),(Vehicles2↦-8.000000238418579),(Vehicles3↦0.0),(Vehicles4↦-4.0000001192092896),(Vehicles5↦-8.000000238418579)}",
        "VehiclesVy": "{(EgoVehicle↦0.0),(Vehicles2↦0.0),(Vehicles3↦0.0),(Vehicles4↦0.0),(Vehicles5↦0.0)}",
        "VehiclesX": "{(EgoVehicle↦200.0),(Vehicles2↦10.12740433216095),(Vehicles3↦40.89274704456329),(Vehicles4↦68.19744110107422),(Vehicles5↦87.09949851036072)}"
      },
      "probabilisticVariables": null,
      "activating": [
        "IDLE_21"
      ],
      "activatingOnlyWhenExecuted": true,
      "updating": null,
      "withPredicate": null
    },
    {
      "id": "IDLE_21",
      "execute": "IDLE",
      "after": "1000",
      "priority": 0,
      "additionalGuards": null,
      "activationKind": null,
      "fixedVariables": {
        "Crash": "FALSE",
        "VehiclesAy": "{(EgoVehicle↦0.0),(Vehicles2↦0.0),(Vehicles3↦0.0),(Vehicles4↦0.0),(Vehicles5↦0.0)}",
        "Reward": "0.7333333333365378",
        "VehiclesAx": "{(EgoVehicle↦0.0),(Vehicles2↦0.0184735469520092),(Vehicles3↦0.005997354164719582),(Vehicles4↦-0.012024203315377235),(Vehicles5↦0.004406347870826721)}",
        "VehiclesVx": "{(EgoVehicle↦20.0),(Vehicles2↦-0.22025339305400848),(Vehicles3↦-0.131600983440876),(Vehicles4↦0.1200072281062603),(Vehicles5↦0.2366422303020954)}",
        "VehiclesY": "{(EgoVehicle↦8.000000238418579),(Vehicles2↦-8.000000238418579),(Vehicles3↦0.0),(Vehicles4↦-4.0000001192092896),(Vehicles5↦-8.000000238418579)}",
        "VehiclesVy": "{(EgoVehicle↦0.0),(Vehicles2↦0.0),(Vehicles3↦0.0),(Vehicles4↦0.0),(Vehicles5↦0.0)}",
        "VehiclesX": "{(EgoVehicle↦200.0),(Vehicles2↦9.896132349967957),(Vehicles3↦40.757548809051514),(Vehicles4↦68.3246374130249),(Vehicles5↦87.33349442481995)}"
      },
      "probabilisticVariables": null,
      "activating": [
        "IDLE_22"
      ],
      "activatingOnlyWhenExecuted": true,
      "updating": null,
      "withPredicate": null
    },
    {
      "id": "IDLE_22",
      "execute": "IDLE",
      "after": "1000",
      "priority": 0,
      "additionalGuards": null,
      "activationKind": null,
      "fixedVariables": {
        "Crash": "FALSE",
        "VehiclesAy": "{(EgoVehicle↦0.0),(Vehicles2↦0.0),(Vehicles3↦0.0),(Vehicles4↦0.0),(Vehicles5↦0.0)}",
        "Reward": "0.7333333333337553",
        "VehiclesAx": "{(EgoVehicle↦0.0),(Vehicles2↦0.017681121826171875),(Vehicles3↦0.00595802441239357),(Vehicles4↦-0.01163240522146225),(Vehicles5↦0.004432275891304016)}",
        "VehiclesVx": "{(EgoVehicle↦20.0),(Vehicles2↦-0.2025722712278366),(Vehicles3↦-0.12564295902848244),(Vehicles4↦0.10837482288479805),(Vehicles5↦0.24107450619339943)}",
        "VehiclesY": "{(EgoVehicle↦8.000000238418579),(Vehicles2↦-8.000000238418579),(Vehicles3↦0.0),(Vehicles4↦-4.0000001192092896),(Vehicles5↦-8.000000238418579)}",
        "VehiclesVy": "{(EgoVehicle↦0.0),(Vehicles2↦0.0),(Vehicles3↦0.0),(Vehicles4↦0.0),(Vehicles5↦0.0)}",
        "VehiclesX": "{(EgoVehicle↦200.0),(Vehicles2↦9.683012217283249),(Vehicles3↦40.62833487987518),(Vehicles4↦68.43995451927185),(Vehicles5↦87.57190704345703)}"
      },
      "probabilisticVariables": null,
      "activating": [
        "IDLE_23"
      ],
      "activatingOnlyWhenExecuted": true,
      "updating": null,
      "withPredicate": null
    },
    {
      "id": "IDLE_23",
      "execute": "IDLE",
      "after": "1000",
      "priority": 0,
      "additionalGuards": null,
      "activationKind": null,
      "fixedVariables": {
        "Crash": "FALSE",
        "VehiclesAy": "{(EgoVehicle↦0.0),(Vehicles2↦0.0),(Vehicles3↦0.0),(Vehicles4↦0.0),(Vehicles5↦0.0)}",
        "Reward": "0.7333333333333889",
        "VehiclesAx": "{(EgoVehicle↦0.0),(Vehicles2↦0.016942042857408524),(Vehicles3↦0.005882559344172478),(Vehicles4↦-0.011118929833173752),(Vehicles5↦0.004445482045412064)}",
        "VehiclesVx": "{(EgoVehicle↦20.0),(Vehicles2↦-0.18563022837042809),(Vehicles3↦-0.11976039968430996),(Vehicles4↦0.0972558930516243),(Vehicles5↦0.2455199882388115)}",
        "VehiclesY": "{(EgoVehicle↦8.000000238418579),(Vehicles2↦-8.000000238418579),(Vehicles3↦0.0),(Vehicles4↦-4.0000001192092896),(Vehicles5↦-8.000000238418579)}",
        "VehiclesVy": "{(EgoVehicle↦0.0),(Vehicles2↦0.0),(Vehicles3↦0.0),(Vehicles4↦0.0),(Vehicles5↦0.0)}",
        "VehiclesX": "{(EgoVehicle↦200.0),(Vehicles2↦9.487274289131165),(Vehicles3↦40.505051612854004),(Vehicles4↦68.54383945465088),(Vehicles5↦87.81476020812988)}"
      },
      "probabilisticVariables": null,
      "activating": [
        "IDLE_24"
      ],
      "activatingOnlyWhenExecuted": true,
      "updating": null,
      "withPredicate": null
    },
    {
      "id": "IDLE_24",
      "execute": "IDLE",
      "after": "1000",
      "priority": 0,
      "additionalGuards": null,
      "activationKind": null,
      "fixedVariables": {
        "Crash": "FALSE",
        "VehiclesAy": "{(EgoVehicle↦0.0),(Vehicles2↦0.0),(Vehicles3↦0.0),(Vehicles4↦0.0),(Vehicles5↦0.0)}",
        "Reward": "0.7333333333333406",
        "VehiclesAx": "{(EgoVehicle↦0.0),(Vehicles2↦0.01625247299671173),(Vehicles3↦0.0057882629334926605),(Vehicles4↦-0.010501304641366005),(Vehicles5↦0.004447605460882187)}",
        "VehiclesVx": "{(EgoVehicle↦20.0),(Vehicles2↦-0.16937775537371635),(Vehicles3↦-0.1139721367508173),(Vehicles4↦0.0867545884102583),(Vehicles5↦0.24996759369969368)}",
        "VehiclesY": "{(EgoVehicle↦8.000000238418579),(Vehicles2↦-8.000000238418579),(Vehicles3↦0.0),(Vehicles4↦-4.0000001192092896),(Vehicles5↦-8.000000238418579)}",
        "VehiclesVy": "{(EgoVehicle↦0.0),(Vehicles2↦0.0),(Vehicles3↦0.0),(Vehicles4↦0.0),(Vehicles5↦0.0)}",
        "VehiclesX": "{(EgoVehicle↦200.0),(Vehicles2↦9.308198094367981),(Vehicles3↦40.38761556148529),(Vehicles4↦68.63684058189392),(Vehicles5↦88.06205987930298)}"
      },
      "probabilisticVariables": null,
      "activating": [
        "IDLE_25"
      ],
      "activatingOnlyWhenExecuted": true,
      "updating": null,
      "withPredicate": null
    },
    {
      "id": "IDLE_25",
      "execute": "IDLE",
      "after": "1000",
      "priority": 0,
      "additionalGuards": null,
      "activationKind": null,
      "fixedVariables": {
        "Crash": "FALSE",
        "VehiclesAy": "{(EgoVehicle↦0.0),(Vehicles2↦0.0),(Vehicles3↦0.0),(Vehicles4↦0.0),(Vehicles5↦0.0)}",
        "Reward": "0.7333333333333343",
        "VehiclesAx": "{(EgoVehicle↦0.0),(Vehicles2↦0.015608500689268112),(Vehicles3↦0.005687735974788666),(Vehicles4↦-0.0097966892644763),(Vehicles5↦0.004440136253833771)}",
        "VehiclesVx": "{(EgoVehicle↦20.0),(Vehicles2↦-0.15376925468444824),(Vehicles3↦-0.10828440077602863),(Vehicles4↦0.076957899145782),(Vehicles5↦0.25440772995352745)}",
        "VehiclesY": "{(EgoVehicle↦8.000000238418579),(Vehicles2↦-8.000000238418579),(Vehicles3↦0.0),(Vehicles4↦-4.0000001192092896),(Vehicles5↦-8.000000238418579)}",
        "VehiclesVy": "{(EgoVehicle↦0.0),(Vehicles2↦0.0),(Vehicles3↦0.0),(Vehicles4↦0.0),(Vehicles5↦0.0)}",
        "VehiclesX": "{(EgoVehicle↦200.0),(Vehicles2↦9.145113825798035),(Vehicles3↦40.275925397872925),(Vehicles4↦68.71961951255798),(Vehicles5↦88.31380009651184)}"
      },
      "probabilisticVariables": null,
      "activating": [
        "IDLE_26"
      ],
      "activatingOnlyWhenExecuted": true,
      "updating": null,
      "withPredicate": null
    },
    {
      "id": "IDLE_26",
      "execute": "IDLE",
      "after": "1000",
      "priority": 0,
      "additionalGuards": null,
      "activationKind": null,
      "fixedVariables": {
        "Crash": "FALSE",
        "VehiclesAy": "{(EgoVehicle↦0.0),(Vehicles2↦0.0),(Vehicles3↦0.0),(Vehicles4↦0.0),(Vehicles5↦0.0)}",
        "Reward": "0.7333333333333334",
        "VehiclesAx": "{(EgoVehicle↦0.0),(Vehicles2↦0.015006344765424728),(Vehicles3↦0.005590077489614487),(Vehicles4↦-0.009021484293043613),(Vehicles5↦0.004424452781677246)}",
        "VehiclesVx": "{(EgoVehicle↦20.0),(Vehicles2↦-0.1387629099190235),(Vehicles3↦-0.10269432328641415),(Vehicles4↦0.06793641485273838),(Vehicles5↦0.2588321827352047)}",
        "VehiclesY": "{(EgoVehicle↦8.000000238418579),(Vehicles2↦-8.000000238418579),(Vehicles3↦0.0),(Vehicles4↦-4.0000001192092896),(Vehicles5↦-8.000000238418579)}",
        "VehiclesVy": "{(EgoVehicle↦0.0),(Vehicles2↦0.0),(Vehicles3↦0.0),(Vehicles4↦0.0),(Vehicles5↦0.0)}",
        "VehiclesX": "{(EgoVehicle↦200.0),(Vehicles2↦8.997393399477005),(Vehicles3↦40.169885754585266),(Vehicles4↦68.79290342330933),(Vehicles5↦88.56998085975647)}"
      },
      "probabilisticVariables": null,
      "activating": [
        "LANE_LEFT_27"
      ],
      "activatingOnlyWhenExecuted": true,
      "updating": null,
      "withPredicate": null
    },
    {
      "id": "LANE_LEFT_27",
      "execute": "LANE_LEFT",
      "after": "1000",
      "priority": 0,
      "additionalGuards": null,
      "activationKind": null,
      "fixedVariables": {
        "Crash": "FALSE",
        "VehiclesAy": "{(EgoVehicle↦-1.1458635330200195),(Vehicles2↦1.1458635330200195),(Vehicles3↦1.1458635330200195),(Vehicles4↦1.1458635330200195),(Vehicles5↦1.1458635330200195)}",
        "Reward": "0.7000000000000001",
        "VehiclesAx": "{(EgoVehicle↦-0.0328516960144043),(Vehicles2↦0.047294506803154945),(Vehicles3↦0.03835379611700773),(Vehicles4↦0.024660928174853325),(Vehicles5↦0.03725389018654823)}",
        "VehiclesVx": "{(EgoVehicle↦19.967148303985596),(Vehicles2↦-0.09146840311586857),(Vehicles3↦-0.06434052716940641),(Vehicles4↦0.0925973430275917),(Vehicles5↦0.29608607292175293)}",
        "VehiclesY": "{(EgoVehicle↦4.396300435066223),(Vehicles2↦-4.396300435066223),(Vehicles3↦3.6036994457244873),(Vehicles4↦-0.39630044996738434),(Vehicles5↦-4.396300435066223)}",
        "VehiclesVy": "{(EgoVehicle↦-1.1458635330200195),(Vehicles2↦1.1458635330200195),(Vehicles3↦1.1458635330200195),(Vehicles4↦1.1458635330200195),(Vehicles5↦1.1458635330200195)}",
        "VehiclesX": "{(EgoVehicle↦200.0),(Vehicles2↦9.251044690608978),(Vehicles3↦40.45599102973938),(Vehicles4↦69.24408674240112),(Vehicles5↦89.21716809272766)}"
      },
      "probabilisticVariables": null,
      "activating": [
        "LANE_RIGHT_28"
      ],
      "activatingOnlyWhenExecuted": true,
      "updating": null,
      "withPredicate": null
    },
    {
      "id": "LANE_RIGHT_28",
      "execute": "LANE_RIGHT",
      "after": "1000",
      "priority": 0,
      "additionalGuards": null,
      "activationKind": null,
      "fixedVariables": {
        "Crash": "FALSE",
        "VehiclesAy": "{(EgoVehicle↦2.2204431146383286),(Vehicles2↦-2.2204431146383286),(Vehicles3↦-2.2204431146383286),(Vehicles4↦-2.2204431146383286),(Vehicles5↦0.07128395140171051)}",
        "Reward": "0.7333333333333334",
        "VehiclesAx": "{(EgoVehicle↦0.003962516784667969),(Vehicles2↦0.009950399398803711),(Vehicles3↦0.0014639366418123245),(Vehicles4↦-0.011283038184046745),(Vehicles5↦0.00041017308831214905)}",
        "VehiclesVx": "{(EgoVehicle↦19.971110820770264),(Vehicles2↦-0.08151800371706486),(Vehicles3↦-0.06287659052759409),(Vehicles4↦0.08131430484354496),(Vehicles5↦0.2964962460100651)}",
        "VehiclesY": "{(EgoVehicle↦7.628213882446289),(Vehicles2↦-7.628213882446289),(Vehicles3↦0.3717864453792572),(Vehicles4↦-3.628213405609131),(Vehicles5↦-7.628213882446289)}",
        "VehiclesVy": "{(EgoVehicle↦1.074579581618309),(Vehicles2↦-1.074579581618309),(Vehicles3↦-1.074579581618309),(Vehicles4↦-1.074579581618309),(Vehicles5↦-1.074579581618309)}",
        "VehiclesX": "{(EgoVehicle↦200.0),(Vehicles2↦9.441731125116348),(Vehicles3↦40.670377016067505),(Vehicles4↦69.61023211479187),(Vehicles5↦89.79155421257019)}"
      },
      "probabilisticVariables": null,
      "activating": [
        "IDLE_29"
      ],
      "activatingOnlyWhenExecuted": true,
      "updating": null,
      "withPredicate": null
    },
    {
      "id": "IDLE_29",
      "execute": "IDLE",
      "after": "1000",
      "priority": 0,
      "additionalGuards": null,
      "activationKind": null,
      "fixedVariables": {
        "Crash": "FALSE",
        "VehiclesAy": "{(EgoVehicle↦-1.0072025284171104),(Vehicles2↦1.0072025284171104),(Vehicles3↦1.0072025284171104),(Vehicles4↦1.0072025284171104),(Vehicles5↦-1.1419566348195076)}",
        "Reward": "0.7333333333333334",
        "VehiclesAx": "{(EgoVehicle↦0.028775930404663086),(Vehicles2↦-0.015358645468950272),(Vehicles3↦-0.023406348191201687),(Vehicles4↦-0.03519607242196798),(Vehicles5↦-0.024435333907604218)}",
        "VehiclesVx": "{(EgoVehicle↦19.999886751174927),(Vehicles2↦-0.09687664918601513),(Vehicles3↦-0.08628293871879578),(Vehicles4↦0.04611823242157698),(Vehicles5↦0.27206091210246086)}",
        "VehiclesY": "{(EgoVehicle↦7.976800918579102),(Vehicles2↦-7.976800918579102),(Vehicles3↦0.023198737297207117),(Vehicles4↦-3.9768011569976807),(Vehicles5↦-7.976800918579102)}",
        "VehiclesVy": "{(EgoVehicle↦0.06737705320119858),(Vehicles2↦-0.06737705320119858),(Vehicles3↦-0.06737705320119858),(Vehicles4↦-0.06737705320119858),(Vehicles5↦-0.06737705320119858)}",
        "VehiclesX": "{(EgoVehicle↦200.0),(Vehicles2↦9.341380000114441),(Vehicles3↦40.585413575172424),(Vehicles4↦69.66466903686523),(Vehicles5↦90.06555080413818)}"
      },
      "probabilisticVariables": null,
      "activating": [
        "IDLE_30"
      ],
      "activatingOnlyWhenExecuted": true,
      "updating": null,
      "withPredicate": null
    },
    {
      "id": "IDLE_30",
      "execute": "IDLE",
      "after": "1000",
      "priority": 0,
      "additionalGuards": null,
      "activationKind": null,
      "fixedVariables": {
        "Crash": "FALSE",
        "VehiclesAy": "{(EgoVehicle↦-0.06318462692433968),(Vehicles2↦0.06318462692433968),(Vehicles3↦0.06318462692433968),(Vehicles4↦0.06318462692433968),(Vehicles5↦-0.07156947947805747)}",
        "Reward": "0.7333333333333334",
        "VehiclesAx": "{(EgoVehicle↦0.00011324882507324219),(Vehicles2↦0.012836344540119171),(Vehicles3↦0.005216160789132118),(Vehicles4↦-0.005618268623948097),(Vehicles5↦0.004189871251583099)}",
        "VehiclesVx": "{(EgoVehicle↦20.0),(Vehicles2↦-0.08404030464589596),(Vehicles3↦-0.08106677792966366),(Vehicles4↦0.04049996379762888),(Vehicles5↦0.27625078335404396)}",
        "VehiclesY": "{(EgoVehicle↦7.998556852340698),(Vehicles2↦-7.998556852340698),(Vehicles3↦0.0014434528711717576),(Vehicles4↦-3.99855637550354),(Vehicles5↦-7.998556852340698)}",
        "VehiclesVy": "{(EgoVehicle↦0.004192426276858896),(Vehicles2↦-0.004192426276858896),(Vehicles3↦-0.004192426276858896),(Vehicles4↦-0.004192426276858896),(Vehicles5↦-0.004192426276858896)}",
        "VehiclesX": "{(EgoVehicle↦200.0),(Vehicles2↦9.249624609947205),(Vehicles3↦40.50116837024689),(Vehicles4↦69.70841884613037),(Vehicles5↦90.33924341201782)}"
      },
      "probabilisticVariables": null,
      "activating": [
        "IDLE_31"
      ],
      "activatingOnlyWhenExecuted": true,
      "updating": null,
      "withPredicate": null
    },
    {
      "id": "IDLE_31",
      "execute": "IDLE",
      "after": "1000",
      "priority": 0,
      "additionalGuards": null,
      "activationKind": null,
      "fixedVariables": {
        "Crash": "FALSE",
        "VehiclesAy": "{(EgoVehicle↦-0.003931573919544462),(Vehicles2↦0.003931573919544462),(Vehicles3↦0.003931573919544462),(Vehicles4↦0.003931573919544462),(Vehicles5↦-0.00445327863417333)}",
        "Reward": "0.7333333333333334",
        "VehiclesAx": "{(EgoVehicle↦0.0),(Vehicles2↦0.012508626095950603),(Vehicles3↦0.00530783087015152),(Vehicles4↦-0.004584339912980795),(Vehicles5↦0.004262309521436691)}",
        "VehiclesVx": "{(EgoVehicle↦20.0),(Vehicles2↦-0.07153167854994535),(Vehicles3↦-0.07575894705951214),(Vehicles4↦0.035915623884648085),(Vehicles5↦0.28051309287548065)}",
        "VehiclesY": "{(EgoVehicle↦7.999910116195679),(Vehicles2↦-7.999910116195679),(Vehicles3↦8.981147584563587E-05),(Vehicles4↦-3.999910354614258),(Vehicles5↦-7.999910116195679)}",
        "VehiclesVy": "{(EgoVehicle↦0.0002608523573144339),(Vehicles2↦-0.0002608523573144339),(Vehicles3↦-0.0002608523573144339),(Vehicles4↦-0.0002608523573144339),(Vehicles5↦-0.0002608523573144339)}",
        "VehiclesX": "{(EgoVehicle↦200.0),(Vehicles2↦9.170621633529663),(Vehicles3↦40.42222499847412),(Vehicles4↦69.74700689315796),(Vehicles5↦90.61720371246338)}"
      },
      "probabilisticVariables": null,
      "activating": [
        "IDLE_32"
      ],
      "activatingOnlyWhenExecuted": true,
      "updating": null,
      "withPredicate": null
    },
    {
      "id": "IDLE_32",
      "execute": "IDLE",
      "after": "1000",
      "priority": 0,
      "additionalGuards": null,
      "activationKind": null,
      "fixedVariables": {
        "Crash": "FALSE",
        "VehiclesAy": "{(EgoVehicle↦-0.0002446221549234906),(Vehicles2↦0.0002446221549234906),(Vehicles3↦0.0002446221549234906),(Vehicles4↦0.0002446221549234906),(Vehicles5↦-0.0002770825597053772)}",
        "Reward": "0.7333333333333334",
        "VehiclesAx": "{(EgoVehicle↦0.0),(Vehicles2↦0.012093656696379185),(Vehicles3↦0.005306205712258816),(Vehicles4↦-0.0036658532917499542),(Vehicles5↦0.004220195114612579)}",
        "VehiclesVx": "{(EgoVehicle↦20.0),(Vehicles2↦-0.05943802185356617),(Vehicles3↦-0.07045274134725332),(Vehicles4↦0.03224977059289813),(Vehicles5↦0.28473328799009323)}",
        "VehiclesY": "{(EgoVehicle↦7.999994516372681),(Vehicles2↦-7.999994516372681),(Vehicles3↦5.58805925265915E-06),(Vehicles4↦-3.999994397163391),(Vehicles5↦-7.999994516372681)}",
        "VehiclesVy": "{(EgoVehicle↦1.6230202390943305E-05),(Vehicles2↦-1.6230202390943305E-05),(Vehicles3↦-1.6230202390943305E-05),(Vehicles4↦-1.6230202390943305E-05),(Vehicles5↦-1.6230202390943305E-05)}",
        "VehiclesX": "{(EgoVehicle↦200.0),(Vehicles2↦9.103959798812866),(Vehicles3↦40.3485894203186),(Vehicles4↦69.7813868522644),(Vehicles5↦90.89940786361694)}"
      },
      "probabilisticVariables": null,
      "activating": [
        "IDLE_33"
      ],
      "activatingOnlyWhenExecuted": true,
      "updating": null,
      "withPredicate": null
    },
    {
      "id": "IDLE_33",
      "execute": "IDLE",
      "after": "1000",
      "priority": 0,
      "additionalGuards": null,
      "activationKind": null,
      "fixedVariables": {
        "Crash": "FALSE",
        "VehiclesAy": "{(EgoVehicle↦-1.5220361220258383E-05),(Vehicles2↦1.5220361220258383E-05),(Vehicles3↦1.5220361220258383E-05),(Vehicles4↦1.5220361220258383E-05),(Vehicles5↦-1.7240043561628227E-05)}",
        "Reward": "0.7333333333333334",
        "VehiclesAx": "{(EgoVehicle↦0.0),(Vehicles2↦0.011701243929564953),(Vehicles3↦0.005322466604411602),(Vehicles4↦-0.0027589756064116955),(Vehicles5↦0.004175975918769836)}",
        "VehiclesVx": "{(EgoVehicle↦20.0),(Vehicles2↦-0.04773677792400122),(Vehicles3↦-0.06513027474284172),(Vehicles4↦0.029490794986486435),(Vehicles5↦0.28890926390886307)}",
        "VehiclesY": "{(EgoVehicle↦7.999999523162842),(Vehicles2↦-7.999999523162842),(Vehicles3↦3.4768836343346265E-07),(Vehicles4↦-3.999999761581421),(Vehicles5↦-7.999999523162842)}",
        "VehiclesVy": "{(EgoVehicle↦1.009841170684922E-06),(Vehicles2↦-1.009841170684922E-06),(Vehicles3↦-1.009841170684922E-06),(Vehicles4↦-1.009841170684922E-06),(Vehicles5↦-1.009841170684922E-06)}",
        "VehiclesX": "{(EgoVehicle↦200.0),(Vehicles2↦9.049232304096222),(Vehicles3↦40.28026461601257),(Vehicles4↦69.81245875358582),(Vehicles5↦91.18581414222717)}"
      },
      "probabilisticVariables": null,
      "activating": [
        "IDLE_34"
      ],
      "activatingOnlyWhenExecuted": true,
      "updating": null,
      "withPredicate": null
    },
    {
      "id": "IDLE_34",
      "execute": "IDLE",
      "after": "1000",
      "priority": 0,
      "additionalGuards": null,
      "activationKind": null,
      "fixedVariables": {
        "Crash": "FALSE",
        "VehiclesAy": "{(EgoVehicle↦-9.470089779028967E-07),(Vehicles2↦9.470089690211125E-07),(Vehicles3↦9.470089690211125E-07),(Vehicles4↦9.470089690211125E-07),(Vehicles5↦-1.0726733723487314E-06)}",
        "Reward": "0.7333333333333334",
        "VehiclesAx": "{(EgoVehicle↦0.0),(Vehicles2↦0.01133008161559701),(Vehicles3↦0.005356087349355221),(Vehicles4↦-0.0018700375221669674),(Vehicles5↦0.004130583256483078)}",
        "VehiclesVx": "{(EgoVehicle↦20.0),(Vehicles2↦-0.03640669630840421),(Vehicles3↦-0.0597741873934865),(Vehicles4↦0.027620757464319468),(Vehicles5↦0.29303984716534615)}",
        "VehiclesY": "{(EgoVehicle↦8.000000238418579),(Vehicles2↦-8.000000238418579),(Vehicles3↦2.163312728953315E-08),(Vehicles4↦-4.0000001192092896),(Vehicles5↦-8.000000238418579)}",
        "VehiclesVy": "{(EgoVehicle↦6.283219278202523E-08),(Vehicles2↦-6.283220166380943E-08),(Vehicles3↦-6.283220166380943E-08),(Vehicles4↦-6.283220166380943E-08),(Vehicles5↦-6.283220166380943E-08)}",
        "VehiclesX": "{(EgoVehicle↦200.0),(Vehicles2↦9.006056934595108),(Vehicles3↦40.2172714471817),(Vehicles4↦69.84113454818726),(Vehicles5↦91.47638082504272)}"
      },
      "probabilisticVariables": null,
      "activating": [
        "IDLE_35"
      ],
      "activatingOnlyWhenExecuted": true,
      "updating": null,
      "withPredicate": null
    },
    {
      "id": "IDLE_35",
      "execute": "IDLE",
      "after": "1000",
      "priority": 0,
      "additionalGuards": null,
      "activationKind": null,
      "fixedVariables": {
        "Crash": "FALSE",
        "VehiclesAy": "{(EgoVehicle↦-5.8922768886304766E-08),(Vehicles2↦5.892277776808896E-08),(Vehicles3↦5.892277776808896E-08),(Vehicles4↦5.892277776808896E-08),(Vehicles5↦-6.67416255595299E-08)}",
        "Reward": "0.7333333333333334",
        "VehiclesAx": "{(EgoVehicle↦0.0),(Vehicles2↦0.010978621430695057),(Vehicles3↦0.005405806005001068),(Vehicles4↦-0.001004722435027361),(Vehicles5↦0.004084482789039612)}",
        "VehiclesVx": "{(EgoVehicle↦20.0),(Vehicles2↦-0.02542807487770915),(Vehicles3↦-0.05436838138848543),(Vehicles4↦0.026616035029292107),(Vehicles5↦0.29712432995438576)}",
        "VehiclesY": "{(EgoVehicle↦8.000000238418579),(Vehicles2↦-8.000000238418579),(Vehicles3↦1.3460086378813685E-09),(Vehicles4↦-4.0000001192092896),(Vehicles5↦-8.000000238418579)}",
        "VehiclesVy": "{(EgoVehicle↦3.909423895720465E-09),(Vehicles2↦-3.909423895720465E-09),(Vehicles3↦-3.909423895720465E-09),(Vehicles4↦-3.909423895720465E-09),(Vehicles5↦-3.909423895720465E-09)}",
        "VehiclesX": "{(EgoVehicle↦200.0),(Vehicles2↦8.974068611860275),(Vehicles3↦40.15965461730957),(Vehicles4↦69.86828446388245),(Vehicles5↦91.7710542678833)}"
      },
      "probabilisticVariables": null,
      "activating": [
        "IDLE_36"
      ],
      "activatingOnlyWhenExecuted": true,
      "updating": null,
      "withPredicate": null
    },
    {
      "id": "IDLE_36",
      "execute": "IDLE",
      "after": "1000",
      "priority": 0,
      "additionalGuards": null,
      "activationKind": null,
      "fixedVariables": {
        "Crash": "FALSE",
        "VehiclesAy": "{(EgoVehicle↦-3.666169590132995E-09),(Vehicles2↦3.666178471917192E-09),(Vehicles3↦3.666178471917192E-09),(Vehicles4↦3.666178471917192E-09),(Vehicles5↦-4.1526693195237385E-09)}",
        "Reward": "0.7333333333333334",
        "VehiclesAx": "{(EgoVehicle↦0.0),(Vehicles2↦0.01064544660039246),(Vehicles3↦0.00547017902135849),(Vehicles4↦-0.00016773352399468422),(Vehicles5↦0.004038047045469284)}",
        "VehiclesVx": "{(EgoVehicle↦20.0),(Vehicles2↦-0.01478262827731669),(Vehicles3↦-0.04889820236712694),(Vehicles4↦0.026448301505297422),(Vehicles5↦0.30116237699985504)}",
        "VehiclesY": "{(EgoVehicle↦8.000000238418579),(Vehicles2↦-8.000000238418579),(Vehicles3↦8.374900772878391E-11),(Vehicles4↦-4.0000001192092896),(Vehicles5↦-8.000000238418579)}",
        "VehiclesVy": "{(EgoVehicle↦2.432543055874703E-10),(Vehicles2↦-2.432454238032733E-10),(Vehicles3↦-2.432454238032733E-10),(Vehicles4↦-2.432454238032733E-10),(Vehicles5↦-2.432454238032733E-10)}",
        "VehiclesX": "{(EgoVehicle↦200.0),(Vehicles2↦8.952924609184265),(Vehicles3↦40.107470750808716),(Vehicles4↦69.89476680755615),(Vehicles5↦92.06979870796204)}"
      },
      "probabilisticVariables": null,
      "activating": [
        "IDLE_37"
      ],
      "activatingOnlyWhenExecuted": true,
      "updating": null,
      "withPredicate": null
    },
    {
      "id": "IDLE_37",
      "execute": "IDLE",
      "after": "1000",
      "priority": 0,
      "additionalGuards": null,
      "activationKind": null,
      "fixedVariables": {
        "Crash": "FALSE",
        "VehiclesAy": "{(EgoVehicle↦-2.2811974531578016E-10),(Vehicles2↦2.2811086353158316E-10),(Vehicles3↦2.2811086353158316E-10),(Vehicles4↦2.2811086353158316E-10),(Vehicles5↦-2.5837998407496343E-10)}",
        "Reward": "0.7333333333333334",
        "VehiclesAx": "{(EgoVehicle↦0.0),(Vehicles2↦0.010329272481612861),(Vehicles3↦0.005547627806663513),(Vehicles4↦0.0006371550261974335),(Vehicles5↦0.003991629928350449)}",
        "VehiclesVx": "{(EgoVehicle↦20.0),(Vehicles2↦-0.004453355795703828),(Vehicles3↦-0.04335057456046343),(Vehicles4↦0.027085456531494856),(Vehicles5↦0.3051540069282055)}",
        "VehiclesY": "{(EgoVehicle↦8.000000238418579),(Vehicles2↦-8.000000238418579),(Vehicles3↦5.211830966800335E-12),(Vehicles4↦-4.0000001192092896),(Vehicles5↦-8.000000238418579)}",
        "VehiclesVy": "{(EgoVehicle↦1.5134560271690134E-11),(Vehicles2↦-1.5134560271690134E-11),(Vehicles3↦-1.5134560271690134E-11),(Vehicles4↦-1.5134560271690134E-11),(Vehicles5↦-1.5134560271690134E-11)}",
        "VehiclesX": "{(EgoVehicle↦200.0),(Vehicles2↦8.942298591136932),(Vehicles3↦40.06078243255615),(Vehicles4↦69.92140412330627),(Vehicles5↦92.37256050109863)}"
      },
      "probabilisticVariables": null,
      "activating": [
        "IDLE_38"
      ],
      "activatingOnlyWhenExecuted": true,
      "updating": null,
      "withPredicate": null
    },
    {
      "id": "IDLE_38",
      "execute": "IDLE",
      "after": "1000",
      "priority": 0,
      "additionalGuards": null,
      "activationKind": null,
      "fixedVariables": {
        "Crash": "FALSE",
        "VehiclesAy": "{(EgoVehicle↦-1.4193091146808001E-11),(Vehicles2↦1.4193091146808001E-11),(Vehicles3↦1.4193091146808001E-11),(Vehicles4↦1.4193091146808001E-11),(Vehicles5↦-1.6076029396572267E-11)}",
        "Reward": "0.7333333333333334",
        "VehiclesAx": "{(EgoVehicle↦0.0),(Vehicles2↦0.010028936667367816),(Vehicles3↦0.005636515561491251),(Vehicles4↦0.001406981609761715),(Vehicles5↦0.003945454955101013)}",
        "VehiclesVx": "{(EgoVehicle↦20.0),(Vehicles2↦0.005575580871663988),(Vehicles3↦-0.03771405899897218),(Vehicles4↦0.02849243814125657),(Vehicles5↦0.3090994618833065)}",
        "VehiclesY": "{(EgoVehicle↦8.000000238418579),(Vehicles2↦-8.000000238418579),(Vehicles3↦3.2240876635114546E-13),(Vehicles4↦-4.0000001192092896),(Vehicles5↦-8.000000238418579)}",
        "VehiclesVy": "{(EgoVehicle↦9.414691248821327E-13),(Vehicles2↦-9.414691248821327E-13),(Vehicles3↦-9.414691248821327E-13),(Vehicles4↦-9.414691248821327E-13),(Vehicles5↦-9.414691248821327E-13)}",
        "VehiclesX": "{(EgoVehicle↦200.0),(Vehicles2↦8.941880613565445),(Vehicles3↦40.01967906951904),(Vehicles4↦69.9489951133728),(Vehicles5↦92.67929792404175)}"
      },
      "probabilisticVariables": null,
      "activating": [
        "IDLE_39"
      ],
      "activatingOnlyWhenExecuted": true,
      "updating": null,
      "withPredicate": null
    },
    {
      "id": "IDLE_39",
      "execute": "IDLE",
      "after": "1000",
      "priority": 0,
      "additionalGuards": null,
      "activationKind": null,
      "fixedVariables": {
        "Crash": "FALSE",
        "VehiclesAy": "{(EgoVehicle↦-8.881784197001252E-13),(Vehicles2↦8.881784197001252E-13),(Vehicles3↦8.881784197001252E-13),(Vehicles4↦8.881784197001252E-13),(Vehicles5↦-9.947598300641403E-13)}",
        "Reward": "0.7333333333333334",
        "VehiclesAx": "{(EgoVehicle↦0.0),(Vehicles2↦0.009743375121615827),(Vehicles3↦0.005735177546739578),(Vehicles4↦0.002139532007277012),(Vehicles5↦0.003899764269590378)}",
        "VehiclesVx": "{(EgoVehicle↦20.0),(Vehicles2↦0.015318955993279815),(Vehicles3↦-0.0319788814522326),(Vehicles4↦0.030631970148533583),(Vehicles5↦0.3129992261528969)}",
        "VehiclesY": "{(EgoVehicle↦8.000000238418579),(Vehicles2↦-8.000000238418579),(Vehicles3↦1.865174681370263E-14),(Vehicles4↦-4.0000001192092896),(Vehicles5↦-8.000000238418579)}",
        "VehiclesVy": "{(EgoVehicle↦5.3290705182007514E-14),(Vehicles2↦-5.3290705182007514E-14),(Vehicles3↦-5.3290705182007514E-14),(Vehicles4↦-5.3290705182007514E-14),(Vehicles5↦-5.3290705182007514E-14)}",
        "VehiclesX": "{(EgoVehicle↦200.0),(Vehicles2↦8.951375633478165),(Vehicles3↦39.98425304889679),(Vehicles4↦69.97828483581543),(Vehicles5↦92.98996329307556)}"
      },
      "probabilisticVariables": null,
      "activating": [
        "IDLE_40"
      ],
      "activatingOnlyWhenExecuted": true,
      "updating": null,
      "withPredicate": null
    },
    {
      "id": "IDLE_40",
      "execute": "IDLE",
      "after": "1000",
      "priority": 0,
      "additionalGuards": null,
      "activationKind": null,
      "fixedVariables": {
        "Crash": "FALSE",
        "VehiclesAy": "{(EgoVehicle↦-5.3290705182007514E-14),(Vehicles2↦5.3290705182007514E-14),(Vehicles3↦5.3290705182007514E-14),(Vehicles4↦5.3290705182007514E-14),(Vehicles5↦-5.3290705182007514E-14)}",
        "Reward": "0.7333333333333334",
        "VehiclesAx": "{(EgoVehicle↦0.0),(Vehicles2↦0.009471616940572858),(Vehicles3↦0.005841974634677172),(Vehicles4↦0.002833262551575899),(Vehicles5↦0.0038546696305274963)}",
        "VehiclesVx": "{(EgoVehicle↦20.0),(Vehicles2↦0.024790572933852673),(Vehicles3↦-0.026136906817555428),(Vehicles4↦0.03346523270010948),(Vehicles5↦0.3168538957834244)}",
        "VehiclesY": "{(EgoVehicle↦8.000000238418579),(Vehicles2↦-8.000000238418579),(Vehicles3↦2.6645352591003757E-15),(Vehicles4↦-4.0000001192092896),(Vehicles5↦-8.000000238418579)}",
        "VehiclesVy": "{(EgoVehicle↦0.0),(Vehicles2↦0.0),(Vehicles3↦0.0),(Vehicles4↦0.0),(Vehicles5↦0.0)}",
        "VehiclesX": "{(EgoVehicle↦200.0),(Vehicles2↦8.970504254102707),(Vehicles3↦39.95459973812103),(Vehicles4↦70.00999450683594),(Vehicles5↦93.30450892448425)}"
      },
      "probabilisticVariables": null,
      "activating": [
        "IDLE_41"
      ],
      "activatingOnlyWhenExecuted": true,
      "updating": null,
      "withPredicate": null
    },
    {
      "id": "IDLE_41",
      "execute": "IDLE",
      "after": "1000",
      "priority": 0,
      "additionalGuards": null,
      "activationKind": null,
      "fixedVariables": {
        "Crash": "FALSE",
        "VehiclesAy": "{(EgoVehicle↦0.0),(Vehicles2↦0.0),(Vehicles3↦0.0),(Vehicles4↦0.0),(Vehicles5↦0.0)}",
        "Reward": "0.7333333333333334",
        "VehiclesAx": "{(EgoVehicle↦0.0),(Vehicles2↦0.009212770964950323),(Vehicles3↦0.005955314263701439),(Vehicles4↦0.0034872000105679035),(Vehicles5↦0.003810375928878784)}",
        "VehiclesVx": "{(EgoVehicle↦20.0),(Vehicles2↦0.034003343898802996),(Vehicles3↦-0.02018159255385399),(Vehicles4↦0.036952432710677385),(Vehicles5↦0.32066427171230316)}",
        "VehiclesY": "{(EgoVehicle↦8.000000238418579),(Vehicles2↦-8.000000238418579),(Vehicles3↦2.6645352591003757E-15),(Vehicles4↦-4.0000001192092896),(Vehicles5↦-8.000000238418579)}",
        "VehiclesVy": "{(EgoVehicle↦0.0),(Vehicles2↦0.0),(Vehicles3↦0.0),(Vehicles4↦0.0),(Vehicles5↦0.0)}",
        "VehiclesX": "{(EgoVehicle↦200.0),(Vehicles2↦8.999000489711761),(Vehicles3↦39.93083834648132),(Vehicles4↦70.04480361938477),(Vehicles5↦93.622887134552)}"
      },
      "probabilisticVariables": null,
      "activating": [
        "IDLE_42"
      ],
      "activatingOnlyWhenExecuted": true,
      "updating": null,
      "withPredicate": null
    },
    {
      "id": "IDLE_42",
      "execute": "IDLE",
      "after": "1000",
      "priority": 0,
      "additionalGuards": null,
      "activationKind": null,
      "fixedVariables": {
        "Crash": "FALSE",
        "VehiclesAy": "{(EgoVehicle↦0.0),(Vehicles2↦0.0),(Vehicles3↦0.0),(Vehicles4↦0.0),(Vehicles5↦0.0)}",
        "Reward": "0.7333333333333334",
        "VehiclesAx": "{(EgoVehicle↦0.0),(Vehicles2↦0.008966021705418825),(Vehicles3↦0.006073667900636792),(Vehicles4↦0.004100885707885027),(Vehicles5↦0.0037669017910957336)}",
        "VehiclesVx": "{(EgoVehicle↦20.0),(Vehicles2↦0.04296936560422182),(Vehicles3↦-0.014107924653217196),(Vehicles4↦0.04105331841856241),(Vehicles5↦0.3244311735033989)}",
        "VehiclesY": "{(EgoVehicle↦8.000000238418579),(Vehicles2↦-8.000000238418579),(Vehicles3↦2.6645352591003757E-15),(Vehicles4↦-4.0000001192092896),(Vehicles5↦-8.000000238418579)}",
        "VehiclesVy": "{(EgoVehicle↦0.0),(Vehicles2↦0.0),(Vehicles3↦0.0),(Vehicles4↦0.0),(Vehicles5↦0.0)}",
        "VehiclesX": "{(EgoVehicle↦200.0),(Vehicles2↦9.036609530448914),(Vehicles3↦39.91307616233826),(Vehicles4↦70.08334994316101),(Vehicles5↦93.94506216049194)}"
      },
      "probabilisticVariables": null,
      "activating": [
        "IDLE_43"
      ],
      "activatingOnlyWhenExecuted": true,
      "updating": null,
      "withPredicate": null
    },
    {
      "id": "IDLE_43",
      "execute": "IDLE",
      "after": "1000",
      "priority": 0,
      "additionalGuards": null,
      "activationKind": null,
      "fixedVariables": {
        "Crash": "FALSE",
        "VehiclesAy": "{(EgoVehicle↦0.0),(Vehicles2↦0.0),(Vehicles3↦0.0),(Vehicles4↦0.0),(Vehicles5↦0.0)}",
        "Reward": "0.7333333333333334",
        "VehiclesAx": "{(EgoVehicle↦0.0),(Vehicles2↦0.008730622939765453),(Vehicles3↦0.006195590831339359),(Vehicles4↦0.0046742986887693405),(Vehicles5↦0.0037243589758872986)}",
        "VehiclesVx": "{(EgoVehicle↦20.0),(Vehicles2↦0.051699988543987274),(Vehicles3↦-0.007912333821877837),(Vehicles4↦0.04572761710733175),(Vehicles5↦0.3281555324792862)}",
        "VehiclesY": "{(EgoVehicle↦8.000000238418579),(Vehicles2↦-8.000000238418579),(Vehicles3↦2.6645352591003757E-15),(Vehicles4↦-4.0000001192092896),(Vehicles5↦-8.000000238418579)}",
        "VehiclesVy": "{(EgoVehicle↦0.0),(Vehicles2↦0.0),(Vehicles3↦0.0),(Vehicles4↦0.0),(Vehicles5↦0.0)}",
        "VehiclesX": "{(EgoVehicle↦200.0),(Vehicles2↦9.083089232444763),(Vehicles3↦39.90143537521362),(Vehicles4↦70.12622952461243),(Vehicles5↦94.27098631858826)}"
      },
      "probabilisticVariables": null,
      "activating": [
        "IDLE_44"
      ],
      "activatingOnlyWhenExecuted": true,
      "updating": null,
      "withPredicate": null
    },
    {
      "id": "IDLE_44",
      "execute": "IDLE",
      "after": "1000",
      "priority": 0,
      "additionalGuards": null,
      "activationKind": null,
      "fixedVariables": {
        "Crash": "FALSE",
        "VehiclesAy": "{(EgoVehicle↦0.0),(Vehicles2↦0.0),(Vehicles3↦0.0),(Vehicles4↦0.0),(Vehicles5↦0.0)}",
        "Reward": "0.7333333333333334",
        "VehiclesAx": "{(EgoVehicle↦0.0),(Vehicles2↦0.008505876176059246),(Vehicles3↦0.0063197371491696686),(Vehicles4↦0.005207797512412071),(Vehicles5↦0.0036827847361564636)}",
        "VehiclesVx": "{(EgoVehicle↦20.0),(Vehicles2↦0.06020586472004652),(Vehicles3↦-0.0015925966727081686),(Vehicles4↦0.050935414619743824),(Vehicles5↦0.33183831721544266)}",
        "VehiclesY": "{(EgoVehicle↦8.000000238418579),(Vehicles2↦-8.000000238418579),(Vehicles3↦2.6645352591003757E-15),(Vehicles4↦-4.0000001192092896),(Vehicles5↦-8.000000238418579)}",
        "VehiclesVy": "{(EgoVehicle↦0.0),(Vehicles2↦0.0),(Vehicles3↦0.0),(Vehicles4↦0.0),(Vehicles5↦0.0)}",
        "VehiclesX": "{(EgoVehicle↦200.0),(Vehicles2↦9.138209372758865),(Vehicles3↦39.89604115486145),(Vehicles4↦70.1740026473999),(Vehicles5↦94.6006178855896)}"
      },
      "probabilisticVariables": null,
      "activating": [
        "IDLE_45"
      ],
      "activatingOnlyWhenExecuted": true,
      "updating": null,
      "withPredicate": null
    },
    {
      "id": "IDLE_45",
      "execute": "IDLE",
      "after": "1000",
      "priority": 0,
      "additionalGuards": null,
      "activationKind": null,
      "fixedVariables": {
        "Crash": "FALSE",
        "VehiclesAy": "{(EgoVehicle↦0.0),(Vehicles2↦0.0),(Vehicles3↦0.0),(Vehicles4↦0.0),(Vehicles5↦0.0)}",
        "Reward": "0.7333333333333334",
        "VehiclesAx": "{(EgoVehicle↦0.0),(Vehicles2↦0.008291141130030155),(Vehicles3↦0.006444861501222476),(Vehicles4↦0.005702045746147633),(Vehicles5↦0.003642253577709198)}",
        "VehiclesVx": "{(EgoVehicle↦20.0),(Vehicles2↦0.06849700585007668),(Vehicles3↦0.004852264828514308),(Vehicles4↦0.05663746036589146),(Vehicles5↦0.33548057079315186)}",
        "VehiclesY": "{(EgoVehicle↦8.000000238418579),(Vehicles2↦-8.000000238418579),(Vehicles3↦2.6645352591003757E-15),(Vehicles4↦-4.0000001192092896),(Vehicles5↦-8.000000238418579)}",
        "VehiclesVy": "{(EgoVehicle↦0.0),(Vehicles2↦0.0),(Vehicles3↦0.0),(Vehicles4↦0.0),(Vehicles5↦0.0)}",
        "VehiclesX": "{(EgoVehicle↦200.0),(Vehicles2↦9.201747924089432),(Vehicles3↦39.89701569080353),(Vehicles4↦70.22717595100403),(Vehicles5↦94.93391513824463)}"
      },
      "probabilisticVariables": null,
      "activating": [
        "IDLE_46"
      ],
      "activatingOnlyWhenExecuted": true,
      "updating": null,
      "withPredicate": null
    },
    {
      "id": "IDLE_46",
      "execute": "IDLE",
      "after": "1000",
      "priority": 0,
      "additionalGuards": null,
      "activationKind": null,
      "fixedVariables": {
        "Crash": "FALSE",
        "VehiclesAy": "{(EgoVehicle↦0.0),(Vehicles2↦0.0),(Vehicles3↦0.0),(Vehicles4↦0.0),(Vehicles5↦0.0)}",
        "Reward": "0.7333333333333334",
        "VehiclesAx": "{(EgoVehicle↦0.0),(Vehicles2↦0.008085831068456173),(Vehicles3↦0.006569824472535402),(Vehicles4↦0.006157970055937767),(Vehicles5↦0.0036026909947395325)}",
        "VehiclesVx": "{(EgoVehicle↦20.0),(Vehicles2↦0.07658283691853285),(Vehicles3↦0.01142208930104971),(Vehicles4↦0.06279543042182922),(Vehicles5↦0.3390832617878914)}",
        "VehiclesY": "{(EgoVehicle↦8.000000238418579),(Vehicles2↦-8.000000238418579),(Vehicles3↦2.6645352591003757E-15),(Vehicles4↦-4.0000001192092896),(Vehicles5↦-8.000000238418579)}",
        "VehiclesVy": "{(EgoVehicle↦0.0),(Vehicles2↦0.0),(Vehicles3↦0.0),(Vehicles4↦0.0),(Vehicles5↦0.0)}",
        "VehiclesX": "{(EgoVehicle↦200.0),(Vehicles2↦9.273495525121689),(Vehicles3↦39.90448713302612),(Vehicles4↦70.28624415397644),(Vehicles5↦95.27084231376648)}"
      },
      "probabilisticVariables": null,
      "activating": [
        "IDLE_47"
      ],
      "activatingOnlyWhenExecuted": true,
      "updating": null,
      "withPredicate": null
    },
    {
      "id": "IDLE_47",
      "execute": "IDLE",
      "after": "1000",
      "priority": 0,
      "additionalGuards": null,
      "activationKind": null,
      "fixedVariables": {
        "Crash": "FALSE",
        "VehiclesAy": "{(EgoVehicle↦0.0),(Vehicles2↦0.0),(Vehicles3↦0.0),(Vehicles4↦0.0),(Vehicles5↦0.0)}",
        "Reward": "0.7333333333333334",
        "VehiclesAx": "{(EgoVehicle↦0.0),(Vehicles2↦0.007889396511018276),(Vehicles3↦0.006693596951663494),(Vehicles4↦0.006576701998710632),(Vehicles5↦0.0035641714930534363)}",
        "VehiclesVx": "{(EgoVehicle↦20.0),(Vehicles2↦0.08447223342955112),(Vehicles3↦0.018115686252713203),(Vehicles4↦0.06937213242053986),(Vehicles5↦0.3426474332809448)}",
        "VehiclesY": "{(EgoVehicle↦8.000000238418579),(Vehicles2↦-8.000000238418579),(Vehicles3↦2.6645352591003757E-15),(Vehicles4↦-4.0000001192092896),(Vehicles5↦-8.000000238418579)}",
        "VehiclesVy": "{(EgoVehicle↦0.0),(Vehicles2↦0.0),(Vehicles3↦0.0),(Vehicles4↦0.0),(Vehicles5↦0.0)}",
        "VehiclesX": "{(EgoVehicle↦200.0),(Vehicles2↦9.3532495200634),(Vehicles3↦39.918577671051025),(Vehicles4↦70.35163640975952),(Vehicles5↦95.61135172843933)}"
      },
      "probabilisticVariables": null,
      "activating": [
        "IDLE_48"
      ],
      "activatingOnlyWhenExecuted": true,
      "updating": null,
      "withPredicate": null
    },
    {
      "id": "IDLE_48",
      "execute": "IDLE",
      "after": "1000",
      "priority": 0,
      "additionalGuards": null,
      "activationKind": null,
      "fixedVariables": {
        "Crash": "FALSE",
        "VehiclesAy": "{(EgoVehicle↦0.0),(Vehicles2↦0.0),(Vehicles3↦0.0),(Vehicles4↦0.0),(Vehicles5↦0.0)}",
        "Reward": "0.7333333333333334",
        "VehiclesAx": "{(EgoVehicle↦0.0),(Vehicles2↦0.007701339200139046),(Vehicles3↦0.006815255619585514),(Vehicles4↦0.006959540769457817),(Vehicles5↦0.00352662056684494)}",
        "VehiclesVx": "{(EgoVehicle↦20.0),(Vehicles2↦0.09217357262969017),(Vehicles3↦0.024930941872298717),(Vehicles4↦0.07633167318999767),(Vehicles5↦0.34617405384778976)}",
        "VehiclesY": "{(EgoVehicle↦8.000000238418579),(Vehicles2↦-8.000000238418579),(Vehicles3↦2.6645352591003757E-15),(Vehicles4↦-4.0000001192092896),(Vehicles5↦-8.000000238418579)}",
        "VehiclesVy": "{(EgoVehicle↦0.0),(Vehicles2↦0.0),(Vehicles3↦0.0),(Vehicles4↦0.0),(Vehicles5↦0.0)}",
        "VehiclesX": "{(EgoVehicle↦200.0),(Vehicles2↦9.440816938877106),(Vehicles3↦39.939409494400024),(Vehicles4↦70.42376399040222),(Vehicles5↦95.9554135799408)}"
      },
      "probabilisticVariables": null,
      "activating": [
        "IDLE_49"
      ],
      "activatingOnlyWhenExecuted": true,
      "updating": null,
      "withPredicate": null
    },
    {
      "id": "IDLE_49",
      "execute": "IDLE",
      "after": "1000",
      "priority": 0,
      "additionalGuards": null,
      "activationKind": null,
      "fixedVariables": {
        "Crash": "FALSE",
        "VehiclesAy": "{(EgoVehicle↦0.0),(Vehicles2↦0.0),(Vehicles3↦0.0),(Vehicles4↦0.0),(Vehicles5↦0.0)}",
        "Reward": "0.7333333333333334",
        "VehiclesAx": "{(EgoVehicle↦0.0),(Vehicles2↦0.007521174848079681),(Vehicles3↦0.006933982949703932),(Vehicles4↦0.007307911291718483),(Vehicles5↦0.003490149974822998)}",
        "VehiclesVx": "{(EgoVehicle↦20.0),(Vehicles2↦0.09969474747776985),(Vehicles3↦0.03186492482200265),(Vehicles4↦0.08363958448171616),(Vehicles5↦0.34966420382261276)}",
        "VehiclesY": "{(EgoVehicle↦8.000000238418579),(Vehicles2↦-8.000000238418579),(Vehicles3↦2.6645352591003757E-15),(Vehicles4↦-4.0000001192092896),(Vehicles5↦-8.000000238418579)}",
        "VehiclesVy": "{(EgoVehicle↦0.0),(Vehicles2↦0.0),(Vehicles3↦0.0),(Vehicles4↦0.0),(Vehicles5↦0.0)}",
        "VehiclesX": "{(EgoVehicle↦200.0),(Vehicles2↦9.536013007164001),(Vehicles3↦39.96710479259491),(Vehicles4↦70.50299048423767),(Vehicles5↦96.30298614501953)}"
      },
      "probabilisticVariables": null,
      "activating": [
        "IDLE_50"
      ],
      "activatingOnlyWhenExecuted": true,
      "updating": null,
      "withPredicate": null
    },
    {
      "id": "IDLE_50",
      "execute": "IDLE",
      "after": "1000",
      "priority": 0,
      "additionalGuards": null,
      "activationKind": null,
      "fixedVariables": {
        "Crash": "FALSE",
        "VehiclesAy": "{(EgoVehicle↦0.0),(Vehicles2↦0.0),(Vehicles3↦0.0),(Vehicles4↦0.0),(Vehicles5↦0.0)}",
        "Reward": "0.7333333333333334",
        "VehiclesAx": "{(EgoVehicle↦0.0),(Vehicles2↦0.007348470389842987),(Vehicles3↦0.00704906415194273),(Vehicles4↦0.007623340934514999),(Vehicles5↦0.0034546107053756714)}",
        "VehiclesVx": "{(EgoVehicle↦20.0),(Vehicles2↦0.10704321786761284),(Vehicles3↦0.03891398897394538),(Vehicles4↦0.09126292541623116),(Vehicles5↦0.35311881452798843)}",
        "VehiclesY": "{(EgoVehicle↦8.000000238418579),(Vehicles2↦-8.000000238418579),(Vehicles3↦2.6645352591003757E-15),(Vehicles4↦-4.0000001192092896),(Vehicles5↦-8.000000238418579)}",
        "VehiclesVy": "{(EgoVehicle↦0.0),(Vehicles2↦0.0),(Vehicles3↦0.0),(Vehicles4↦0.0),(Vehicles5↦0.0)}",
        "VehiclesX": "{(EgoVehicle↦200.0),(Vehicles2↦9.63866114616394),(Vehicles3↦40.00177979469299),(Vehicles4↦70.58965563774109),(Vehicles5↦96.65403366088867)}"
      },
      "probabilisticVariables": null,
      "activating": [
        "IDLE_51"
      ],
      "activatingOnlyWhenExecuted": true,
      "updating": null,
      "withPredicate": null
    },
    {
      "id": "IDLE_51",
      "execute": "IDLE",
      "after": "1000",
      "priority": 0,
      "additionalGuards": null,
      "activationKind": null,
      "fixedVariables": {
        "Crash": "FALSE",
        "VehiclesAy": "{(EgoVehicle↦0.0),(Vehicles2↦0.0),(Vehicles3↦0.0),(Vehicles4↦0.0),(Vehicles5↦0.0)}",
        "Reward": "0.7333333333333334",
        "VehiclesAx": "{(EgoVehicle↦0.0),(Vehicles2↦0.007182806730270386),(Vehicles3↦0.007159884553402662),(Vehicles4↦0.007907385006546974),(Vehicles5↦0.003420040011405945)}",
        "VehiclesVx": "{(EgoVehicle↦20.0),(Vehicles2↦0.11422602459788322),(Vehicles3↦0.04607387352734804),(Vehicles4↦0.09917031042277813),(Vehicles5↦0.3565388545393944)}",
        "VehiclesY": "{(EgoVehicle↦8.000000238418579),(Vehicles2↦-8.000000238418579),(Vehicles3↦2.6645352591003757E-15),(Vehicles4↦-4.0000001192092896),(Vehicles5↦-8.000000238418579)}",
        "VehiclesVy": "{(EgoVehicle↦0.0),(Vehicles2↦0.0),(Vehicles3↦0.0),(Vehicles4↦0.0),(Vehicles5↦0.0)}",
        "VehiclesX": "{(EgoVehicle↦200.0),(Vehicles2↦9.748589992523193),(Vehicles3↦40.04354774951935),(Vehicles4↦70.68406343460083),(Vehicles5↦97.00852632522583)}"
      },
      "probabilisticVariables": null,
      "activating": [
        "IDLE_52"
      ],
      "activatingOnlyWhenExecuted": true,
      "updating": null,
      "withPredicate": null
    },
    {
      "id": "IDLE_52",
      "execute": "IDLE",
      "after": "1000",
      "priority": 0,
      "additionalGuards": null,
      "activationKind": null,
      "fixedVariables": {
        "Crash": "FALSE",
        "VehiclesAy": "{(EgoVehicle↦0.0),(Vehicles2↦0.0),(Vehicles3↦0.0),(Vehicles4↦0.0),(Vehicles5↦0.0)}",
        "Reward": "0.7333333333333334",
        "VehiclesAx": "{(EgoVehicle↦0.0),(Vehicles2↦0.00702383928000927),(Vehicles3↦0.007265908643603325),(Vehicles4↦0.00816168263554573),(Vehicles5↦0.0033864378929138184)}",
        "VehiclesVx": "{(EgoVehicle↦20.0),(Vehicles2↦0.1212498638778925),(Vehicles3↦0.053339782170951366),(Vehicles4↦0.10733199305832386),(Vehicles5↦0.3599252924323082)}",
        "VehiclesY": "{(EgoVehicle↦8.000000238418579),(Vehicles2↦-8.000000238418579),(Vehicles3↦2.6645352591003757E-15),(Vehicles4↦-4.0000001192092896),(Vehicles5↦-8.000000238418579)}",
        "VehiclesVy": "{(EgoVehicle↦0.0),(Vehicles2↦0.0),(Vehicles3↦0.0),(Vehicles4↦0.0),(Vehicles5↦0.0)}",
        "VehiclesX": "{(EgoVehicle↦200.0),(Vehicles2↦9.865638613700867),(Vehicles3↦40.09252190589905),(Vehicles4↦70.7864761352539),(Vehicles5↦97.36642241477966)}"
      },
      "probabilisticVariables": null,
      "activating": [
        "IDLE_53"
      ],
      "activatingOnlyWhenExecuted": true,
      "updating": null,
      "withPredicate": null
    },
    {
      "id": "IDLE_53",
      "execute": "IDLE",
      "after": "1000",
      "priority": 0,
      "additionalGuards": null,
      "activationKind": null,
      "fixedVariables": {
        "Crash": "FALSE",
        "VehiclesAy": "{(EgoVehicle↦0.0),(Vehicles2↦0.0),(Vehicles3↦0.0),(Vehicles4↦0.0),(Vehicles5↦0.0)}",
        "Reward": "0.7333333333333334",
        "VehiclesAx": "{(EgoVehicle↦0.0),(Vehicles2↦0.006871158257126808),(Vehicles3↦0.007366710342466831),(Vehicles4↦0.008387826383113861),(Vehicles5↦0.003353692591190338)}",
        "VehiclesVx": "{(EgoVehicle↦20.0),(Vehicles2↦0.1281210221350193),(Vehicles3↦0.0607064925134182),(Vehicles4↦0.11571981944143772),(Vehicles5↦0.36327898502349854)}",
        "VehiclesY": "{(EgoVehicle↦8.000000238418579),(Vehicles2↦-8.000000238418579),(Vehicles3↦2.6645352591003757E-15),(Vehicles4↦-4.0000001192092896),(Vehicles5↦-8.000000238418579)}",
        "VehiclesVy": "{(EgoVehicle↦0.0),(Vehicles2↦0.0),(Vehicles3↦0.0),(Vehicles4↦0.0),(Vehicles5↦0.0)}",
        "VehiclesX": "{(EgoVehicle↦200.0),(Vehicles2↦9.989648312330246),(Vehicles3↦40.14880061149597),(Vehicles4↦70.89715003967285),(Vehicles5↦97.72769212722778)}"
      },
      "probabilisticVariables": null,
      "activating": [
        "IDLE_54"
      ],
      "activatingOnlyWhenExecuted": true,
      "updating": null,
      "withPredicate": null
    },
    {
      "id": "IDLE_54",
      "execute": "IDLE",
      "after": "1000",
      "priority": 0,
      "additionalGuards": null,
      "activationKind": null,
      "fixedVariables": {
        "Crash": "FALSE",
        "VehiclesAy": "{(EgoVehicle↦0.0),(Vehicles2↦0.0),(Vehicles3↦0.0),(Vehicles4↦0.0),(Vehicles5↦0.0)}",
        "Reward": "0.7333333333333334",
        "VehiclesAx": "{(EgoVehicle↦0.0),(Vehicles2↦0.0067244842648506165),(Vehicles3↦0.007461928762495518),(Vehicles4↦0.008587474003434181),(Vehicles5↦0.0033218413591384888)}",
        "VehiclesVx": "{(EgoVehicle↦20.0),(Vehicles2↦0.13484550639986992),(Vehicles3↦0.06816842127591372),(Vehicles4↦0.1243072934448719),(Vehicles5↦0.366600826382637)}",
        "VehiclesY": "{(EgoVehicle↦8.000000238418579),(Vehicles2↦-8.000000238418579),(Vehicles3↦2.6645352591003757E-15),(Vehicles4↦-4.0000001192092896),(Vehicles5↦-8.000000238418579)}",
        "VehiclesVy": "{(EgoVehicle↦0.0),(Vehicles2↦0.0),(Vehicles3↦0.0),(Vehicles4↦0.0),(Vehicles5↦0.0)}",
        "VehiclesX": "{(EgoVehicle↦200.0),(Vehicles2↦10.120470821857452),(Vehicles3↦40.212482213974),(Vehicles4↦71.0162878036499),(Vehicles5↦98.09229969978333)}"
      },
      "probabilisticVariables": null,
      "activating": [
        "IDLE_55"
      ],
      "activatingOnlyWhenExecuted": true,
      "updating": null,
      "withPredicate": null
    },
    {
      "id": "IDLE_55",
      "execute": "IDLE",
      "after": "1000",
      "priority": 0,
      "additionalGuards": null,
      "activationKind": null,
      "fixedVariables": {
        "Crash": "FALSE",
        "VehiclesAy": "{(EgoVehicle↦0.0),(Vehicles2↦0.0),(Vehicles3↦0.0),(Vehicles4↦0.0),(Vehicles5↦0.0)}",
        "Reward": "0.7333333333333334",
        "VehiclesAx": "{(EgoVehicle↦0.0),(Vehicles2↦0.006583472713828087),(Vehicles3↦0.007551279850304127),(Vehicles4↦0.008762199431657791),(Vehicles5↦0.0032908841967582703)}",
        "VehiclesVx": "{(EgoVehicle↦20.0),(Vehicles2↦0.141428979113698),(Vehicles3↦0.07571970112621784),(Vehicles4↦0.1330694928765297),(Vehicles5↦0.3698917105793953)}",
        "VehiclesY": "{(EgoVehicle↦8.000000238418579),(Vehicles2↦-8.000000238418579),(Vehicles3↦2.6645352591003757E-15),(Vehicles4↦-4.0000001192092896),(Vehicles5↦-8.000000238418579)}",
        "VehiclesVy": "{(EgoVehicle↦0.0),(Vehicles2↦0.0),(Vehicles3↦0.0),(Vehicles4↦0.0),(Vehicles5↦0.0)}",
        "VehiclesX": "{(EgoVehicle↦200.0),(Vehicles2↦10.257960855960846),(Vehicles3↦40.28366506099701),(Vehicles4↦71.14408612251282),(Vehicles5↦98.46022129058838)}"
      },
      "probabilisticVariables": null,
      "activating": [
        "IDLE_56"
      ],
      "activatingOnlyWhenExecuted": true,
      "updating": null,
      "withPredicate": null
    },
    {
      "id": "IDLE_56",
      "execute": "IDLE",
      "after": "1000",
      "priority": 0,
      "additionalGuards": null,
      "activationKind": null,
      "fixedVariables": {
        "Crash": "FALSE",
        "VehiclesAy": "{(EgoVehicle↦0.0),(Vehicles2↦0.0),(Vehicles3↦0.0),(Vehicles4↦0.0),(Vehicles5↦0.0)}",
        "Reward": "0.7333333333333334",
        "VehiclesAx": "{(EgoVehicle↦0.0),(Vehicles2↦0.006447853520512581),(Vehicles3↦0.0076345354318618774),(Vehicles4↦0.008913595229387283),(Vehicles5↦0.003260672092437744)}",
        "VehiclesVx": "{(EgoVehicle↦20.0),(Vehicles2↦0.1478768326342106),(Vehicles3↦0.08335423655807972),(Vehicles4↦0.14198308810591698),(Vehicles5↦0.37315238267183304)}",
        "VehiclesY": "{(EgoVehicle↦8.000000238418579),(Vehicles2↦-8.000000238418579),(Vehicles3↦2.6645352591003757E-15),(Vehicles4↦-4.0000001192092896),(Vehicles5↦-8.000000238418579)}",
        "VehiclesVy": "{(EgoVehicle↦0.0),(Vehicles2↦0.0),(Vehicles3↦0.0),(Vehicles4↦0.0),(Vehicles5↦0.0)}",
        "VehiclesX": "{(EgoVehicle↦200.0),(Vehicles2↦10.401979833841324),(Vehicles3↦40.36243259906769),(Vehicles4↦71.28071188926697),(Vehicles5↦98.83142113685608)}"
      },
      "probabilisticVariables": null,
      "activating": [
        "IDLE_57"
      ],
      "activatingOnlyWhenExecuted": true,
      "updating": null,
      "withPredicate": null
    },
    {
      "id": "IDLE_57",
      "execute": "IDLE",
      "after": "1000",
      "priority": 0,
      "additionalGuards": null,
      "activationKind": null,
      "fixedVariables": {
        "Crash": "FALSE",
        "VehiclesAy": "{(EgoVehicle↦0.0),(Vehicles2↦0.0),(Vehicles3↦0.0),(Vehicles4↦0.0),(Vehicles5↦0.0)}",
        "Reward": "0.7333333333333334",
        "VehiclesAx": "{(EgoVehicle↦0.0),(Vehicles2↦0.0063173286616802216),(Vehicles3↦0.00771157443523407),(Vehicles4↦0.009043170139193535),(Vehicles5↦0.0032312795519828796)}",
        "VehiclesVx": "{(EgoVehicle↦20.0),(Vehicles2↦0.1541941612958908),(Vehicles3↦0.09106581099331379),(Vehicles4↦0.1510262582451105),(Vehicles5↦0.3763836622238159)}",
        "VehiclesY": "{(EgoVehicle↦8.000000238418579),(Vehicles2↦-8.000000238418579),(Vehicles3↦2.6645352591003757E-15),(Vehicles4↦-4.0000001192092896),(Vehicles5↦-8.000000238418579)}",
        "VehiclesVy": "{(EgoVehicle↦0.0),(Vehicles2↦0.0),(Vehicles3↦0.0),(Vehicles4↦0.0),(Vehicles5↦0.0)}",
        "VehiclesX": "{(EgoVehicle↦200.0),(Vehicles2↦10.552393645048141),(Vehicles3↦40.44886529445648),(Vehicles4↦71.42630219459534),(Vehicles5↦99.20586943626404)}"
      },
      "probabilisticVariables": null,
      "activating": [
        "IDLE_58"
      ],
      "activatingOnlyWhenExecuted": true,
      "updating": null,
      "withPredicate": null
    },
    {
      "id": "IDLE_58",
      "execute": "IDLE",
      "after": "1000",
      "priority": 0,
      "additionalGuards": null,
      "activationKind": null,
      "fixedVariables": {
        "Crash": "FALSE",
        "VehiclesAy": "{(EgoVehicle↦0.0),(Vehicles2↦0.0),(Vehicles3↦0.0),(Vehicles4↦0.0),(Vehicles5↦0.0)}",
        "Reward": "0.7333333333333334",
        "VehiclesAx": "{(EgoVehicle↦0.0),(Vehicles2↦0.006191674619913101),(Vehicles3↦0.007782261818647385),(Vehicles4↦0.00915241427719593),(Vehicles5↦0.003202669322490692)}",
        "VehiclesVx": "{(EgoVehicle↦20.0),(Vehicles2↦0.1603858359158039),(Vehicles3↦0.09884807281196117),(Vehicles4↦0.16017867252230644),(Vehicles5↦0.3795863315463066)}",
        "VehiclesY": "{(EgoVehicle↦8.000000238418579),(Vehicles2↦-8.000000238418579),(Vehicles3↦2.6645352591003757E-15),(Vehicles4↦-4.0000001192092896),(Vehicles5↦-8.000000238418579)}",
        "VehiclesVy": "{(EgoVehicle↦0.0),(Vehicles2↦0.0),(Vehicles3↦0.0),(Vehicles4↦0.0),(Vehicles5↦0.0)}",
        "VehiclesX": "{(EgoVehicle↦200.0),(Vehicles2↦10.709074139595032),(Vehicles3↦40.54303765296936),(Vehicles4↦71.58098220825195),(Vehicles5↦99.58353638648987)}"
      },
      "probabilisticVariables": null,
      "activating": [
        "IDLE_59"
      ],
      "activatingOnlyWhenExecuted": true,
      "updating": null,
      "withPredicate": null
    },
    {
      "id": "IDLE_59",
      "execute": "IDLE",
      "after": "1000",
      "priority": 0,
      "additionalGuards": null,
      "activationKind": null,
      "fixedVariables": {
        "Crash": "FALSE",
        "VehiclesAy": "{(EgoVehicle↦0.0),(Vehicles2↦0.0),(Vehicles3↦0.0),(Vehicles4↦0.0),(Vehicles5↦0.0)}",
        "Reward": "0.7333333333333334",
        "VehiclesAx": "{(EgoVehicle↦0.0),(Vehicles2↦0.006070639938116074),(Vehicles3↦0.007846569642424583),(Vehicles4↦0.009242761880159378),(Vehicles5↦0.003174729645252228)}",
        "VehiclesVx": "{(EgoVehicle↦20.0),(Vehicles2↦0.16645647585391998),(Vehicles3↦0.10669464245438576),(Vehicles4↦0.16942143440246582),(Vehicles5↦0.38276106119155884)}",
        "VehiclesY": "{(EgoVehicle↦8.000000238418579),(Vehicles2↦-8.000000238418579),(Vehicles3↦2.6645352591003757E-15),(Vehicles4↦-4.0000001192092896),(Vehicles5↦-8.000000238418579)}",
        "VehiclesVy": "{(EgoVehicle↦0.0),(Vehicles2↦0.0),(Vehicles3↦0.0),(Vehicles4↦0.0),(Vehicles5↦0.0)}",
        "VehiclesX": "{(EgoVehicle↦200.0),(Vehicles2↦10.871897637844086),(Vehicles3↦40.645021200180054),(Vehicles4↦71.74485325813293),(Vehicles5↦99.96439218521118)}"
      },
      "probabilisticVariables": null,
      "activating": [
        "IDLE_60"
      ],
      "activatingOnlyWhenExecuted": true,
      "updating": null,
      "withPredicate": null
    },
    {
      "id": "IDLE_60",
      "execute": "IDLE",
      "after": "1000",
      "priority": 0,
      "additionalGuards": null,
      "activationKind": null,
      "fixedVariables": {
        "Crash": "FALSE",
        "VehiclesAy": "{(EgoVehicle↦0.0),(Vehicles2↦0.0),(Vehicles3↦0.0),(Vehicles4↦0.0),(Vehicles5↦0.0)}",
        "Reward": "0.7333333333333334",
        "VehiclesAx": "{(EgoVehicle↦0.0),(Vehicles2↦0.005954001098871231),(Vehicles3↦0.007904507219791412),(Vehicles4↦0.00931551679968834),(Vehicles5↦0.003147535026073456)}",
        "VehiclesVx": "{(EgoVehicle↦20.0),(Vehicles2↦0.17241047695279121),(Vehicles3↦0.11459914967417717),(Vehicles4↦0.17873695120215416),(Vehicles5↦0.3859085962176323)}",
        "VehiclesY": "{(EgoVehicle↦8.000000238418579),(Vehicles2↦-8.000000238418579),(Vehicles3↦2.6645352591003757E-15),(Vehicles4↦-4.0000001192092896),(Vehicles5↦-8.000000238418579)}",
        "VehiclesVy": "{(EgoVehicle↦0.0),(Vehicles2↦0.0),(Vehicles3↦0.0),(Vehicles4↦0.0),(Vehicles5↦0.0)}",
        "VehiclesX": "{(EgoVehicle↦200.0),(Vehicles2↦11.040744930505753),(Vehicles3↦40.7548725605011),(Vehicles4↦71.91799283027649),(Vehicles5↦100.34841299057007)}"
      },
      "probabilisticVariables": null,
      "activating": [
        "IDLE_61"
      ],
      "activatingOnlyWhenExecuted": true,
      "updating": null,
      "withPredicate": null
    },
    {
      "id": "IDLE_61",
      "execute": "IDLE",
      "after": "1000",
      "priority": 0,
      "additionalGuards": null,
      "activationKind": null,
      "fixedVariables": {
        "Crash": "FALSE",
        "VehiclesAy": "{(EgoVehicle↦0.0),(Vehicles2↦0.0),(Vehicles3↦0.0),(Vehicles4↦0.0),(Vehicles5↦0.0)}",
        "Reward": "0.7333333333333334",
        "VehiclesAx": "{(EgoVehicle↦0.0),(Vehicles2↦0.005841534584760666),(Vehicles3↦0.007956093177199364),(Vehicles4↦0.009372066706418991),(Vehicles5↦0.0031209737062454224)}",
        "VehiclesVx": "{(EgoVehicle↦20.0),(Vehicles2↦0.17825201153755188),(Vehicles3↦0.12255524285137653),(Vehicles4↦0.18810901790857315),(Vehicles5↦0.3890295699238777)}",
        "VehiclesY": "{(EgoVehicle↦8.000000238418579),(Vehicles2↦-8.000000238418579),(Vehicles3↦2.6645352591003757E-15),(Vehicles4↦-4.0000001192092896),(Vehicles5↦-8.000000238418579)}",
        "VehiclesVy": "{(EgoVehicle↦0.0),(Vehicles2↦0.0),(Vehicles3↦0.0),(Vehicles4↦0.0),(Vehicles5↦0.0)}",
        "VehiclesX": "{(EgoVehicle↦200.0),(Vehicles2↦11.21550127863884),(Vehicles3↦40.87265133857727),(Vehicles4↦72.10047245025635),(Vehicles5↦100.73556900024414)}"
      },
      "probabilisticVariables": null,
      "activating": null,
      "activatingOnlyWhenExecuted": true,
      "updating": null,
      "withPredicate": null
    }
  ],
  "listeners": [],
  "metadata": {
    "fileType": "Timed_Trace",
    "formatVersion": 3,
    "savedAt": "2023-08-21T13:22:25.869585Z",
    "creator": "Simulation: HYPOTHESIS_TEST; SIGNIFICANCE : 0.05, PROBABILITY : 0.95, MAX_STEPS_BEFORE_PROPERTY : 0, EXECUTIONS : 1000, PREDICATE : Crash = FALSE, ENDING_TIME : 60000, HYPOTHESIS_CHECKING_TYPE : LEFT_TAILED, CHECKING_TYPE : PREDICATE_INVARIANT",
    "proB2KernelVersion": "4.12.2",
    "proBCliVersion": "1.12.2-final",
    "modelName": "HighwayEnvironment2"
  }
}