{
  "variables": {},
  "activations": [
    {
      "id": "$setup_constants",
      "execute": "$setup_constants",
      "after": "0",
      "priority": 0,
      "additionalGuards": null,
      "activationKind": null,
      "fixedVariables": null,
      "probabilisticVariables": null,
      "activating": null,
      "activatingOnlyWhenExecuted": true,
      "updating": null,
      "withPredicate": null
    },
    {
      "id": "$initialise_machine",
      "execute": "$initialise_machine",
      "after": "0",
      "priority": 0,
      "additionalGuards": null,
      "activationKind": null,
      "fixedVariables": {
        "Crash": "FALSE",
        "VehiclesAy": "{(EgoVehicle↦0.0),(Vehicles2↦0.0),(Vehicles3↦0.0),(Vehicles4↦0.0),(Vehicles5↦0.0)}",
        "Reward": "0.0",
        "VehiclesAx": "{(EgoVehicle↦0.0),(Vehicles2↦0.0),(Vehicles3↦0.0),(Vehicles4↦0.0),(Vehicles5↦0.0)}",
        "VehiclesVx": "{(EgoVehicle↦25.0),(Vehicles2↦-1.0703520476818085),(Vehicles3↦-2.417626976966858),(Vehicles4↦-3.38614821434021),(Vehicles5↦-1.296728253364563)}",
        "VehiclesY": "{(EgoVehicle↦8.000000238418579),(Vehicles2↦-4.0000001192092896),(Vehicles3↦0.0),(Vehicles4↦-4.0000001192092896),(Vehicles5↦-8.000000238418579)}",
        "VehiclesVy": "{(EgoVehicle↦0.0),(Vehicles2↦0.0),(Vehicles3↦0.0),(Vehicles4↦0.0),(Vehicles5↦0.0)}",
        "VehiclesX": "{(EgoVehicle↦154.5715570449829),(Vehicles2↦26.11742615699768),(Vehicles3↦48.42492640018463),(Vehicles4↦69.80836391448975),(Vehicles5↦95.60757279396057)}"
      },
      "probabilisticVariables": null,
      "activating": [
        "IDLE_2"
      ],
      "activatingOnlyWhenExecuted": true,
      "updating": null,
      "withPredicate": null
    },
    {
      "id": "IDLE_2",
      "execute": "IDLE",
      "after": "1000",
      "priority": 0,
      "additionalGuards": null,
      "activationKind": null,
      "fixedVariables": {
        "Crash": "FALSE",
        "VehiclesAy": "{(EgoVehicle↦0.0),(Vehicles2↦-6.55498743057251),(Vehicles3↦0.0),(Vehicles4↦0.0),(Vehicles5↦0.0)}",
        "Reward": "0.8666666666666667",
        "VehiclesAx": "{(EgoVehicle↦0.0),(Vehicles2↦-3.9619936048984528),(Vehicles3↦-0.6476977467536926),(Vehicles4↦-0.3991249203681946),(Vehicles5↦-5.72621762752533)}",
        "VehiclesVx": "{(EgoVehicle↦25.0),(Vehicles2↦-5.032345652580261),(Vehicles3↦-3.0653247237205505),(Vehicles4↦-3.7852731347084045),(Vehicles5↦-7.022945880889893)}",
        "VehiclesY": "{(EgoVehicle↦8.000000238418579),(Vehicles2↦-4.7929898500442505),(Vehicles3↦0.0),(Vehicles4↦-4.0000001192092896),(Vehicles5↦-8.000000238418579)}",
        "VehiclesVy": "{(EgoVehicle↦0.0),(Vehicles2↦-6.55498743057251),(Vehicles3↦0.0),(Vehicles4↦0.0),(Vehicles5↦0.0)}",
        "VehiclesX": "{(EgoVehicle↦179.5715570449829),(Vehicles2↦23.547443747520447),(Vehicles3↦45.769065618515015),(Vehicles4↦66.35979413986206),(Vehicles5↦91.91084504127502)}"
      },
      "probabilisticVariables": null,
      "activating": [
        "IDLE_3"
      ],
      "activatingOnlyWhenExecuted": true,
      "updating": null,
      "withPredicate": null
    },
    {
      "id": "IDLE_3",
      "execute": "IDLE",
      "after": "1000",
      "priority": 0,
      "additionalGuards": null,
      "activationKind": null,
      "fixedVariables": {
        "Crash": "FALSE",
        "VehiclesAy": "{(EgoVehicle↦0.0),(Vehicles2↦5.8792537450790405),(Vehicles3↦0.0),(Vehicles4↦0.0),(Vehicles5↦0.0)}",
        "Reward": "0.8666666666666667",
        "VehiclesAx": "{(EgoVehicle↦0.0),(Vehicles2↦0.1899281144142151),(Vehicles3↦-0.6540483236312866),(Vehicles4↦-0.556003749370575),(Vehicles5↦-1.5710526704788208)}",
        "VehiclesVx": "{(EgoVehicle↦25.0),(Vehicles2↦-4.842417538166046),(Vehicles3↦-3.719373047351837),(Vehicles4↦-4.3412768840789795),(Vehicles5↦-8.593998551368713)}",
        "VehiclesY": "{(EgoVehicle↦8.000000238418579),(Vehicles2↦-7.766937732696533),(Vehicles3↦0.0),(Vehicles4↦-4.0000001192092896),(Vehicles5↦-8.000000238418579)}",
        "VehiclesVy": "{(EgoVehicle↦0.0),(Vehicles2↦-0.6757336854934692),(Vehicles3↦0.0),(Vehicles4↦0.0),(Vehicles5↦0.0)}",
        "VehiclesX": "{(EgoVehicle↦200.0),(Vehicles2↦18.74469816684723),(Vehicles3↦42.41931140422821),(Vehicles4↦62.208837270736694),(Vehicles5↦84.01569724082947)}"
      },
      "probabilisticVariables": null,
      "activating": [
        "SLOWER_4"
      ],
      "activatingOnlyWhenExecuted": true,
      "updating": null,
      "withPredicate": null
    },
    {
      "id": "SLOWER_4",
      "execute": "SLOWER",
      "after": "1000",
      "priority": 0,
      "additionalGuards": null,
      "activationKind": null,
      "fixedVariables": {
        "Crash": "FALSE",
        "VehiclesAy": "{(EgoVehicle↦0.0),(Vehicles2↦0.6337812030687928),(Vehicles3↦0.0),(Vehicles4↦0.0),(Vehicles5↦0.0)}",
        "Reward": "0.750891632373114",
        "VehiclesAx": "{(EgoVehicle↦-4.341564178466797),(Vehicles2↦4.038596525788307),(Vehicles3↦4.044716656208038),(Vehicles4↦4.297664319165051),(Vehicles5↦4.381473064422607)}",
        "VehiclesVx": "{(EgoVehicle↦20.658435821533203),(Vehicles2↦-0.803821012377739),(Vehicles3↦0.32534360885620117),(Vehicles4↦-0.04361256491392851),(Vehicles5↦-4.212525486946106)}",
        "VehiclesY": "{(EgoVehicle↦8.000000238418579),(Vehicles2↦-7.9854676723480225),(Vehicles3↦0.0),(Vehicles4↦-4.0000001192092896),(Vehicles5↦-8.000000238418579)}",
        "VehiclesVy": "{(EgoVehicle↦0.0),(Vehicles2↦-0.04195248242467642),(Vehicles3↦0.0),(Vehicles4↦0.0),(Vehicles5↦0.0)}",
        "VehiclesX": "{(EgoVehicle↦200.0),(Vehicles2↦16.182398796081543),(Vehicles3↦40.9542053937912),(Vehicles4↦60.24245619773865),(Vehicles5↦77.77566313743591)}"
      },
      "probabilisticVariables": null,
      "activating": [
        "SLOWER_5"
      ],
      "activatingOnlyWhenExecuted": true,
      "updating": null,
      "withPredicate": null
    },
    {
      "id": "SLOWER_5",
      "execute": "SLOWER",
      "after": "1000",
      "priority": 0,
      "additionalGuards": null,
      "activationKind": null,
      "fixedVariables": {
        "Crash": "FALSE",
        "VehiclesAy": "{(EgoVehicle↦0.0),(Vehicles2↦0.03926832665456459),(Vehicles3↦0.0),(Vehicles4↦0.0),(Vehicles5↦0.0)}",
        "Reward": "0.735645537322111",
        "VehiclesAx": "{(EgoVehicle↦-0.5717277526855469),(Vehicles2↦0.2924778684973717),(Vehicles3↦0.4632222652435303),(Vehicles4↦0.5497280834242702),(Vehicles5↦1.0286256670951843)}",
        "VehiclesVx": "{(EgoVehicle↦20.086708068847656),(Vehicles2↦-0.5113431438803673),(Vehicles3↦0.7885658740997314),(Vehicles4↦0.5061155185103416),(Vehicles5↦-3.1838998198509216)}",
        "VehiclesY": "{(EgoVehicle↦8.000000238418579),(Vehicles2↦-7.999065399169922),(Vehicles3↦0.0),(Vehicles4↦-4.0000001192092896),(Vehicles5↦-8.000000238418579)}",
        "VehiclesVy": "{(EgoVehicle↦0.0),(Vehicles2↦-0.002684155770111829),(Vehicles3↦0.0),(Vehicles4↦0.0),(Vehicles5↦0.0)}",
        "VehiclesX": "{(EgoVehicle↦200.0),(Vehicles2↦15.576635301113129),(Vehicles3↦41.542258858680725),(Vehicles4↦60.504353046417236),(Vehicles5↦74.0455150604248)}"
      },
      "probabilisticVariables": null,
      "activating": [
        "SLOWER_6"
      ],
      "activatingOnlyWhenExecuted": true,
      "updating": null,
      "withPredicate": null
    },
    {
      "id": "SLOWER_6",
      "execute": "SLOWER",
      "after": "1000",
      "priority": 0,
      "additionalGuards": null,
      "activationKind": null,
      "fixedVariables": {
        "Crash": "FALSE",
        "VehiclesAy": "{(EgoVehicle↦0.0),(Vehicles2↦0.0025076862948480994),(Vehicles3↦0.0),(Vehicles4↦0.0),(Vehicles5↦0.0)}",
        "Reward": "0.7336378211014029",
        "VehiclesAx": "{(EgoVehicle↦-0.07529020309448242),(Vehicles2↦-0.12316498905420303),(Vehicles3↦0.040136128664016724),(Vehicles4↦0.06264742463827133),(Vehicles5↦0.6274411082267761)}",
        "VehiclesVx": "{(EgoVehicle↦20.011417865753174),(Vehicles2↦-0.6345081329345703),(Vehicles3↦0.8287020027637482),(Vehicles4↦0.568762943148613),(Vehicles5↦-2.5564587116241455)}",
        "VehiclesY": "{(EgoVehicle↦8.000000238418579),(Vehicles2↦-7.999938011169434),(Vehicles3↦0.0),(Vehicles4↦-4.0000001192092896),(Vehicles5↦-8.000000238418579)}",
        "VehiclesVy": "{(EgoVehicle↦0.0),(Vehicles2↦-0.0001764694752637297),(Vehicles3↦0.0),(Vehicles4↦0.0),(Vehicles5↦0.0)}",
        "VehiclesX": "{(EgoVehicle↦200.0),(Vehicles2↦15.02058357000351),(Vehicles3↦42.35525131225586),(Vehicles4↦61.04646921157837),(Vehicles5↦71.12275958061218)}"
      },
      "probabilisticVariables": null,
      "activating": [
        "SLOWER_7"
      ],
      "activatingOnlyWhenExecuted": true,
      "updating": null,
      "withPredicate": null
    },
    {
      "id": "SLOWER_7",
      "execute": "SLOWER",
      "after": "1000",
      "priority": 0,
      "additionalGuards": null,
      "activationKind": null,
      "fixedVariables": {
        "Crash": "FALSE",
        "VehiclesAy": "{(EgoVehicle↦0.0),(Vehicles2↦0.00016465985027025454),(Vehicles3↦0.0),(Vehicles4↦0.0),(Vehicles5↦0.0)}",
        "Reward": "0.7333734304879762",
        "VehiclesAx": "{(EgoVehicle↦-0.009913444519042969),(Vehicles2↦-0.10664157569408417),(Vehicles3↦-0.007077008485794067),(Vehicles4↦0.0015526264905929565),(Vehicles5↦0.538322925567627)}",
        "VehiclesVx": "{(EgoVehicle↦20.00150442123413),(Vehicles2↦-0.7411497086286545),(Vehicles3↦0.8216249942779541),(Vehicles4↦0.5703155696392059),(Vehicles5↦-2.0181357860565186)}",
        "VehiclesY": "{(EgoVehicle↦8.000000238418579),(Vehicles2↦-7.999995946884155),(Vehicles3↦0.0),(Vehicles4↦-4.0000001192092896),(Vehicles5↦-8.000000238418579)}",
        "VehiclesVy": "{(EgoVehicle↦0.0),(Vehicles2↦-1.1809624993475154E-05),(Vehicles3↦0.0),(Vehicles4↦0.0),(Vehicles5↦0.0)}",
        "VehiclesX": "{(EgoVehicle↦200.0),(Vehicles2↦14.338816702365875),(Vehicles3↦43.18245053291321),(Vehicles4↦61.61712408065796),(Vehicles5↦68.78745555877686)}"
      },
      "probabilisticVariables": null,
      "activating": [
        "SLOWER_8"
      ],
      "activatingOnlyWhenExecuted": true,
      "updating": null,
      "withPredicate": null
    },
    {
      "id": "SLOWER_8",
      "execute": "SLOWER",
      "after": "1000",
      "priority": 0,
      "additionalGuards": null,
      "activationKind": null,
      "fixedVariables": {
        "Crash": "FALSE",
        "VehiclesAy": "{(EgoVehicle↦0.0),(Vehicles2↦1.1011880758360348E-05),(Vehicles3↦0.0),(Vehicles4↦0.0),(Vehicles5↦0.0)}",
        "Reward": "0.7333386136170722",
        "VehiclesAx": "{(EgoVehicle↦-0.0013065338134765625),(Vehicles2↦-0.047103315591812134),(Vehicles3↦-0.021581724286079407),(Vehicles4↦-0.004859417676925659),(Vehicles5↦0.46294093132019043)}",
        "VehiclesVx": "{(EgoVehicle↦20.000197887420654),(Vehicles2↦-0.7882530242204666),(Vehicles3↦0.8000432699918747),(Vehicles4↦0.5654561519622803),(Vehicles5↦-1.5551948547363281)}",
        "VehiclesY": "{(EgoVehicle↦8.000000238418579),(Vehicles2↦-7.999999523162842),(Vehicles3↦0.0),(Vehicles4↦-4.0000001192092896),(Vehicles5↦-8.000000238418579)}",
        "VehiclesVy": "{(EgoVehicle↦0.0),(Vehicles2↦-7.977442351148056E-07),(Vehicles3↦0.0),(Vehicles4↦0.0),(Vehicles5↦0.0)}",
        "VehiclesX": "{(EgoVehicle↦200.0),(Vehicles2↦13.574254512786865),(Vehicles3↦43.99660527706146),(Vehicles4↦62.185561656951904),(Vehicles5↦66.96072220802307)}"
      },
      "probabilisticVariables": null,
      "activating": [
        "IDLE_9"
      ],
      "activatingOnlyWhenExecuted": true,
      "updating": null,
      "withPredicate": null
    },
    {
      "id": "IDLE_9",
      "execute": "IDLE",
      "after": "1000",
      "priority": 0,
      "additionalGuards": null,
      "activationKind": null,
      "fixedVariables": {
        "Crash": "FALSE",
        "VehiclesAy": "{(EgoVehicle↦0.0),(Vehicles2↦7.437054438952373E-07),(Vehicles3↦0.0),(Vehicles4↦0.0),(Vehicles5↦0.0)}",
        "Reward": "0.73333402867934",
        "VehiclesAx": "{(EgoVehicle↦-0.000171661376953125),(Vehicles2↦0.002788454294204712),(Vehicles3↦-0.03729380667209625),(Vehicles4↦-0.004676878452301025),(Vehicles5↦0.3858848661184311)}",
        "VehiclesVx": "{(EgoVehicle↦20.0000262260437),(Vehicles2↦-0.7854645699262619),(Vehicles3↦0.7627494633197784),(Vehicles4↦0.5607792735099792),(Vehicles5↦-1.169309988617897)}",
        "VehiclesY": "{(EgoVehicle↦8.000000238418579),(Vehicles2↦-8.000000238418579),(Vehicles3↦0.0),(Vehicles4↦-4.0000001192092896),(Vehicles5↦-8.000000238418579)}",
        "VehiclesVy": "{(EgoVehicle↦0.0),(Vehicles2↦-5.403879121956834E-08),(Vehicles3↦0.0),(Vehicles4↦0.0),(Vehicles5↦0.0)}",
        "VehiclesX": "{(EgoVehicle↦200.0),(Vehicles2↦12.783730030059814),(Vehicles3↦44.78306174278259),(Vehicles4↦62.74908781051636),(Vehicles5↦65.56587815284729)}"
      },
      "probabilisticVariables": null,
      "activating": [
        "IDLE_10"
      ],
      "activatingOnlyWhenExecuted": true,
      "updating": null,
      "withPredicate": null
    },
    {
      "id": "IDLE_10",
      "execute": "IDLE",
      "after": "1000",
      "priority": 0,
      "additionalGuards": null,
      "activationKind": null,
      "fixedVariables": {
        "Crash": "FALSE",
        "VehiclesAy": "{(EgoVehicle↦0.0),(Vehicles2↦5.038525152656348E-08),(Vehicles3↦0.0),(Vehicles4↦0.0),(Vehicles5↦0.0)}",
        "Reward": "0.7333334249015317",
        "VehiclesAx": "{(EgoVehicle↦-2.384185791015625E-05),(Vehicles2↦0.03790415823459625),(Vehicles3↦-0.054070502519607544),(Vehicles4↦-0.0039099156856536865),(Vehicles5↦0.31557925045490265)}",
        "VehiclesVx": "{(EgoVehicle↦20.00000238418579),(Vehicles2↦-0.7475604116916656),(Vehicles3↦0.7086789608001709),(Vehicles4↦0.5568693578243256),(Vehicles5↦-0.8537307381629944)}",
        "VehiclesY": "{(EgoVehicle↦8.000000238418579),(Vehicles2↦-8.000000238418579),(Vehicles3↦0.0),(Vehicles4↦-4.0000001192092896),(Vehicles5↦-8.000000238418579)}",
        "VehiclesVy": "{(EgoVehicle↦0.0),(Vehicles2↦-3.653539693004859E-09),(Vehicles3↦0.0),(Vehicles4↦0.0),(Vehicles5↦0.0)}",
        "VehiclesX": "{(EgoVehicle↦200.0),(Vehicles2↦12.011166661977768),(Vehicles3↦45.52552402019501),(Vehicles4↦63.308244943618774),(Vehicles5↦64.52800631523132)}"
      },
      "probabilisticVariables": null,
      "activating": [
        "IDLE_11"
      ],
      "activatingOnlyWhenExecuted": true,
      "updating": null,
      "withPredicate": null
    },
    {
      "id": "IDLE_11",
      "execute": "IDLE",
      "after": "1000",
      "priority": 0,
      "additionalGuards": null,
      "activationKind": null,
      "fixedVariables": {
        "Crash": "FALSE",
        "VehiclesAy": "{(EgoVehicle↦0.0),(Vehicles2↦1.9754613972482815),(Vehicles3↦0.0),(Vehicles4↦0.0),(Vehicles5↦0.0)}",
        "Reward": "0.7333333453916969",
        "VehiclesAx": "{(EgoVehicle↦-2.384185791015625E-06),(Vehicles2↦-0.024844110012054443),(Vehicles3↦-0.07056467235088348),(Vehicles4↦-1.154106929898262),(Vehicles5↦1.4073838666081429)}",
        "VehiclesVx": "{(EgoVehicle↦20.0),(Vehicles2↦-0.7724045217037201),(Vehicles3↦0.6381142884492874),(Vehicles4↦-0.5972375720739365),(Vehicles5↦0.5536531284451485)}",
        "VehiclesY": "{(EgoVehicle↦8.000000238418579),(Vehicles2↦-4.694558501243591),(Vehicles3↦0.0),(Vehicles4↦-8.000000238418579),(Vehicles5↦-4.0000001192092896)}",
        "VehiclesVy": "{(EgoVehicle↦0.0),(Vehicles2↦1.9754613935947418),(Vehicles3↦0.0),(Vehicles4↦0.0),(Vehicles5↦0.0)}",
        "VehiclesX": "{(EgoVehicle↦200.0),(Vehicles2↦10.881749540567398),(Vehicles3↦46.20727598667145),(Vehicles4↦63.781118392944336),(Vehicles5↦63.86377811431885)}"
      },
      "probabilisticVariables": null,
      "activating": [
        "SLOWER_12"
      ],
      "activatingOnlyWhenExecuted": true,
      "updating": null,
      "withPredicate": null
    },
    {
      "id": "SLOWER_12",
      "execute": "SLOWER",
      "after": "1000",
      "priority": 0,
      "additionalGuards": null,
      "activationKind": null,
      "fixedVariables": {
        "Crash": "FALSE",
        "VehiclesAy": "{(EgoVehicle↦0.0),(Vehicles2↦-1.8430788069963455),(Vehicles3↦0.0),(Vehicles4↦0.0),(Vehicles5↦0.0)}",
        "Reward": "0.733333334921266",
        "VehiclesAx": "{(EgoVehicle↦0.0),(Vehicles2↦0.37387434393167496),(Vehicles3↦-0.08665293455123901),(Vehicles4↦0.20913098007440567),(Vehicles5↦-0.002621263265609741)}",
        "VehiclesVx": "{(EgoVehicle↦20.0),(Vehicles2↦-0.39853017777204514),(Vehicles3↦0.5514613538980484),(Vehicles4↦-0.3881065919995308),(Vehicles5↦0.5510318651795387)}",
        "VehiclesY": "{(EgoVehicle↦8.000000238418579),(Vehicles2↦-4.045866966247559),(Vehicles3↦0.0),(Vehicles4↦-8.000000238418579),(Vehicles5↦-4.0000001192092896)}",
        "VehiclesVy": "{(EgoVehicle↦0.0),(Vehicles2↦0.1323825865983963),(Vehicles3↦0.0),(Vehicles4↦0.0),(Vehicles5↦0.0)}",
        "VehiclesX": "{(EgoVehicle↦200.0),(Vehicles2↦10.309480875730515),(Vehicles3↦46.81200981140137),(Vehicles4↦63.27088475227356),(Vehicles5↦64.41633701324463)}"
      },
      "probabilisticVariables": null,
      "activating": [
        "SLOWER_13"
      ],
      "activatingOnlyWhenExecuted": true,
      "updating": null,
      "withPredicate": null
    },
    {
      "id": "SLOWER_13",
      "execute": "SLOWER",
      "after": "1000",
      "priority": 0,
      "additionalGuards": null,
      "activationKind": null,
      "fixedVariables": {
        "Crash": "FALSE",
        "VehiclesAy": "{(EgoVehicle↦0.0),(Vehicles2↦-0.12386284244712442),(Vehicles3↦0.0),(Vehicles4↦0.0),(Vehicles5↦0.0)}",
        "Reward": "0.7333333335424438",
        "VehiclesAx": "{(EgoVehicle↦0.0),(Vehicles2↦0.19460046663880348),(Vehicles3↦-0.10279674082994461),(Vehicles4↦0.17209764569997787),(Vehicles5↦-0.0020967796444892883)}",
        "VehiclesVx": "{(EgoVehicle↦20.0),(Vehicles2↦-0.20392971113324165),(Vehicles3↦0.4486646130681038),(Vehicles4↦-0.21600894629955292),(Vehicles5↦0.5489350855350494)}",
        "VehiclesY": "{(EgoVehicle↦8.000000238418579),(Vehicles2↦-4.002941608428955),(Vehicles3↦0.0),(Vehicles4↦-8.000000238418579),(Vehicles5↦-4.0000001192092896)}",
        "VehiclesVy": "{(EgoVehicle↦0.0),(Vehicles2↦0.00851974415127188),(Vehicles3↦0.0),(Vehicles4↦0.0),(Vehicles5↦0.0)}",
        "VehiclesX": "{(EgoVehicle↦200.0),(Vehicles2↦9.99457761645317),(Vehicles3↦47.32365906238556),(Vehicles4↦62.95421123504639),(Vehicles5↦64.96648788452148)}"
      },
      "probabilisticVariables": null,
      "activating": [
        "SLOWER_14"
      ],
      "activatingOnlyWhenExecuted": true,
      "updating": null,
      "withPredicate": null
    },
    {
      "id": "SLOWER_14",
      "execute": "SLOWER",
      "after": "1000",
      "priority": 0,
      "additionalGuards": null,
      "activationKind": null,
      "fixedVariables": {
        "Crash": "FALSE",
        "VehiclesAy": "{(EgoVehicle↦0.0),(Vehicles2↦-0.007981307098816615),(Vehicles3↦0.0),(Vehicles4↦0.0),(Vehicles5↦0.0)}",
        "Reward": "0.7333333333608705",
        "VehiclesAx": "{(EgoVehicle↦0.0),(Vehicles2↦0.13680501375347376),(Vehicles3↦-0.11951271444559097),(Vehicles4↦0.1434306288138032),(Vehicles5↦-0.0016204267740249634)}",
        "VehiclesVx": "{(EgoVehicle↦20.0),(Vehicles2↦-0.0671246973797679),(Vehicles3↦0.3291518986225128),(Vehicles4↦-0.07257831748574972),(Vehicles5↦0.5473146587610245)}",
        "VehiclesY": "{(EgoVehicle↦8.000000238418579),(Vehicles2↦-4.0001853704452515),(Vehicles3↦0.0),(Vehicles4↦-8.000000238418579),(Vehicles5↦-4.0000001192092896)}",
        "VehiclesVy": "{(EgoVehicle↦0.0),(Vehicles2↦0.0005384370524552651),(Vehicles3↦0.0),(Vehicles4↦0.0),(Vehicles5↦0.0)}",
        "VehiclesX": "{(EgoVehicle↦200.0),(Vehicles2↦9.849055856466293),(Vehicles3↦47.72588908672333),(Vehicles4↦62.79758810997009),(Vehicles5↦65.51473736763)}"
      },
      "probabilisticVariables": null,
      "activating": [
        "SLOWER_15"
      ],
      "activatingOnlyWhenExecuted": true,
      "updating": null,
      "withPredicate": null
    },
    {
      "id": "SLOWER_15",
      "execute": "SLOWER",
      "after": "1000",
      "priority": 0,
      "additionalGuards": null,
      "activationKind": null,
      "fixedVariables": {
        "Crash": "FALSE",
        "VehiclesAy": "{(EgoVehicle↦0.0),(Vehicles2↦-0.0005048462185186509),(Vehicles3↦0.0),(Vehicles4↦0.0),(Vehicles5↦0.0)}",
        "Reward": "0.7333333333369597",
        "VehiclesAx": "{(EgoVehicle↦0.0),(Vehicles2↦0.09905091719701886),(Vehicles3↦-0.13710714876651764),(Vehicles4↦0.12124039698392153),(Vehicles5↦-0.0011780112981796265)}",
        "VehiclesVx": "{(EgoVehicle↦20.0),(Vehicles2↦0.03192621981725097),(Vehicles3↦0.19204474985599518),(Vehicles4↦0.048662079498171806),(Vehicles5↦0.5461366474628448)}",
        "VehiclesY": "{(EgoVehicle↦8.000000238418579),(Vehicles2↦-4.000011563301086),(Vehicles3↦0.0),(Vehicles4↦-8.000000238418579),(Vehicles5↦-4.0000001192092896)}",
        "VehiclesVy": "{(EgoVehicle↦0.0),(Vehicles2↦3.359083393661422E-05),(Vehicles3↦0.0),(Vehicles4↦0.0),(Vehicles5↦0.0)}",
        "VehiclesX": "{(EgoVehicle↦200.0),(Vehicles2↦9.823977947235107),(Vehicles3↦48.001644015312195),(Vehicles4↦62.77506351470947),(Vehicles5↦66.06155037879944)}"
      },
      "probabilisticVariables": null,
      "activating": [
        "SLOWER_16"
      ],
      "activatingOnlyWhenExecuted": true,
      "updating": null,
      "withPredicate": null
    },
    {
      "id": "SLOWER_16",
      "execute": "SLOWER",
      "after": "1000",
      "priority": 0,
      "additionalGuards": null,
      "activationKind": null,
      "fixedVariables": {
        "Crash": "FALSE",
        "VehiclesAy": "{(EgoVehicle↦0.0),(Vehicles2↦-3.151514562205193E-05),(Vehicles3↦0.0),(Vehicles4↦0.0),(Vehicles5↦0.0)}",
        "Reward": "0.7333333333338109",
        "VehiclesAx": "{(EgoVehicle↦0.0),(Vehicles2↦0.07408797973766923),(Vehicles3↦-0.15556079568341374),(Vehicles4↦0.10394681245088577),(Vehicles5↦-0.0007604435086250305)}",
        "VehiclesVx": "{(EgoVehicle↦20.0),(Vehicles2↦0.1060141995549202),(Vehicles3↦0.036483954172581434),(Vehicles4↦0.15260889194905758),(Vehicles5↦0.5453762039542198)}",
        "VehiclesY": "{(EgoVehicle↦8.000000238418579),(Vehicles2↦-4.000000834465027),(Vehicles3↦0.0),(Vehicles4↦-8.000000238418579),(Vehicles5↦-4.0000001192092896)}",
        "VehiclesVy": "{(EgoVehicle↦0.0),(Vehicles2↦2.075688314562285E-06),(Vehicles3↦0.0),(Vehicles4↦0.0),(Vehicles5↦0.0)}",
        "VehiclesX": "{(EgoVehicle↦200.0),(Vehicles2↦9.887154400348663),(Vehicles3↦48.132967948913574),(Vehicles4↦62.86652684211731),(Vehicles5↦66.60735011100769)}"
      },
      "probabilisticVariables": null,
      "activating": [
        "SLOWER_17"
      ],
      "activatingOnlyWhenExecuted": true,
      "updating": null,
      "withPredicate": null
    },
    {
      "id": "SLOWER_17",
      "execute": "SLOWER",
      "after": "1000",
      "priority": 0,
      "additionalGuards": null,
      "activationKind": null,
      "fixedVariables": {
        "Crash": "FALSE",
        "VehiclesAy": "{(EgoVehicle↦0.0),(Vehicles2↦-1.948353602898578E-06),(Vehicles3↦0.0),(Vehicles4↦0.0),(Vehicles5↦0.0)}",
        "Reward": "0.7333333333333963",
        "VehiclesAx": "{(EgoVehicle↦0.0),(Vehicles2↦0.05734611302614212),(Vehicles3↦-0.17448884202167392),(Vehicles4↦0.0903181079775095),(Vehicles5↦-0.0003624334931373596)}",
        "VehiclesVx": "{(EgoVehicle↦20.0),(Vehicles2↦0.16336031258106232),(Vehicles3↦-0.13800488784909248),(Vehicles4↦0.24292699992656708),(Vehicles5↦0.5450137704610825)}",
        "VehiclesY": "{(EgoVehicle↦8.000000238418579),(Vehicles2↦-4.0000001192092896),(Vehicles3↦0.0),(Vehicles4↦-8.000000238418579),(Vehicles5↦-4.0000001192092896)}",
        "VehiclesVy": "{(EgoVehicle↦0.0),(Vehicles2↦1.273347116637069E-07),(Vehicles3↦0.0),(Vehicles4↦0.0),(Vehicles5↦0.0)}",
        "VehiclesX": "{(EgoVehicle↦200.0),(Vehicles2↦10.01720130443573),(Vehicles3↦48.10117185115814),(Vehicles4↦63.056230545043945),(Vehicles5↦67.15254783630371)}"
      },
      "probabilisticVariables": null,
      "activating": [
        "SLOWER_18"
      ],
      "activatingOnlyWhenExecuted": true,
      "updating": null,
      "withPredicate": null
    },
    {
      "id": "SLOWER_18",
      "execute": "SLOWER",
      "after": "1000",
      "priority": 0,
      "additionalGuards": null,
      "activationKind": null,
      "fixedVariables": {
        "Crash": "FALSE",
        "VehiclesAy": "{(EgoVehicle↦0.0),(Vehicles2↦-1.1956784007338683E-07),(Vehicles3↦0.0),(Vehicles4↦0.0),(Vehicles5↦0.0)}",
        "Reward": "0.7333333333333415",
        "VehiclesAx": "{(EgoVehicle↦0.0),(Vehicles2↦0.04587220028042793),(Vehicles3↦-0.193148422986269),(Vehicles4↦0.07942996919155121),(Vehicles5↦1.9073486328125E-05)}",
        "VehiclesVx": "{(EgoVehicle↦20.0),(Vehicles2↦0.20923251286149025),(Vehicles3↦-0.3311533108353615),(Vehicles4↦0.3223569691181183),(Vehicles5↦0.5450328439474106)}",
        "VehiclesY": "{(EgoVehicle↦8.000000238418579),(Vehicles2↦-4.0000001192092896),(Vehicles3↦0.0),(Vehicles4↦-8.000000238418579),(Vehicles5↦-4.0000001192092896)}",
        "VehiclesVy": "{(EgoVehicle↦0.0),(Vehicles2↦7.766871590320079E-09),(Vehicles3↦0.0),(Vehicles4↦0.0),(Vehicles5↦0.0)}",
        "VehiclesX": "{(EgoVehicle↦200.0),(Vehicles2↦10.199671238660812),(Vehicles3↦47.88736701011658),(Vehicles4↦63.331711292266846),(Vehicles5↦67.69753694534302)}"
      },
      "probabilisticVariables": null,
      "activating": [
        "SLOWER_19"
      ],
      "activatingOnlyWhenExecuted": true,
      "updating": null,
      "withPredicate": null
    },
    {
      "id": "SLOWER_19",
      "execute": "SLOWER",
      "after": "1000",
      "priority": 0,
      "additionalGuards": null,
      "activationKind": null,
      "fixedVariables": {
        "Crash": "FALSE",
        "VehiclesAy": "{(EgoVehicle↦0.0),(Vehicles2↦-7.295319903732889E-09),(Vehicles3↦0.0),(Vehicles4↦0.0),(Vehicles5↦0.0)}",
        "Reward": "0.7333333333333344",
        "VehiclesAx": "{(EgoVehicle↦0.0),(Vehicles2↦0.03779059275984764),(Vehicles3↦-0.21048877388238907),(Vehicles4↦0.07060237228870392),(Vehicles5↦0.00038567930459976196)}",
        "VehiclesVx": "{(EgoVehicle↦20.0),(Vehicles2↦0.2470231056213379),(Vehicles3↦-0.5416420847177505),(Vehicles4↦0.3929593414068222),(Vehicles5↦0.5454185232520103)}",
        "VehiclesY": "{(EgoVehicle↦8.000000238418579),(Vehicles2↦-4.0000001192092896),(Vehicles3↦0.0),(Vehicles4↦-8.000000238418579),(Vehicles5↦-4.0000001192092896)}",
        "VehiclesVy": "{(EgoVehicle↦0.0),(Vehicles2↦4.715516865871905E-10),(Vehicles3↦0.0),(Vehicles4↦0.0),(Vehicles5↦0.0)}",
        "VehiclesX": "{(EgoVehicle↦200.0),(Vehicles2↦10.42456403374672),(Vehicles3↦47.47332036495209),(Vehicles4↦63.68294358253479),(Vehicles5↦68.24269890785217)}"
      },
      "probabilisticVariables": null,
      "activating": [
        "SLOWER_20"
      ],
      "activatingOnlyWhenExecuted": true,
      "updating": null,
      "withPredicate": null
    },
    {
      "id": "SLOWER_20",
      "execute": "SLOWER",
      "after": "1000",
      "priority": 0,
      "additionalGuards": null,
      "activationKind": null,
      "fixedVariables": {
        "Crash": "FALSE",
        "VehiclesAy": "{(EgoVehicle↦0.0),(Vehicles2↦-4.4302339574642247E-10),(Vehicles3↦0.0),(Vehicles4↦0.0),(Vehicles5↦0.0)}",
        "Reward": "0.7333333333333334",
        "VehiclesAx": "{(EgoVehicle↦0.0),(Vehicles2↦0.031919628381729126),(Vehicles3↦-0.22524721920490265),(Vehicles4↦0.06333950906991959),(Vehicles5↦0.000738091766834259)}",
        "VehiclesVx": "{(EgoVehicle↦20.0),(Vehicles2↦0.278942734003067),(Vehicles3↦-0.7668893039226532),(Vehicles4↦0.4562988504767418),(Vehicles5↦0.5461566150188446)}",
        "VehiclesY": "{(EgoVehicle↦8.000000238418579),(Vehicles2↦-4.0000001192092896),(Vehicles3↦0.0),(Vehicles4↦-8.000000238418579),(Vehicles5↦-4.0000001192092896)}",
        "VehiclesVy": "{(EgoVehicle↦0.0),(Vehicles2↦2.8528290840768022E-11),(Vehicles3↦0.0),(Vehicles4↦0.0),(Vehicles5↦0.0)}",
        "VehiclesX": "{(EgoVehicle↦200.0),(Vehicles2↦10.684757679700851),(Vehicles3↦46.84262275695801),(Vehicles4↦64.10176753997803),(Vehicles5↦68.78838539123535)}"
      },
      "probabilisticVariables": null,
      "activating": [
        "SLOWER_21"
      ],
      "activatingOnlyWhenExecuted": true,
      "updating": null,
      "withPredicate": null
    },
    {
      "id": "SLOWER_21",
      "execute": "SLOWER",
      "after": "1000",
      "priority": 0,
      "additionalGuards": null,
      "activationKind": null,
      "fixedVariables": {
        "Crash": "FALSE",
        "VehiclesAy": "{(EgoVehicle↦0.0),(Vehicles2↦-2.680522470654978E-11),(Vehicles3↦0.0),(Vehicles4↦0.0),(Vehicles5↦0.0)}",
        "Reward": "0.7333333333333334",
        "VehiclesAx": "{(EgoVehicle↦0.0),(Vehicles2↦0.027515701949596405),(Vehicles3↦-0.23608863353729248),(Vehicles4↦0.05727972835302353),(Vehicles5↦0.001076534390449524)}",
        "VehiclesVx": "{(EgoVehicle↦20.0),(Vehicles2↦0.3064584359526634),(Vehicles3↦-1.0029779374599457),(Vehicles4↦0.5135785788297653),(Vehicles5↦0.5472331494092941)}",
        "VehiclesY": "{(EgoVehicle↦8.000000238418579),(Vehicles2↦-4.0000001192092896),(Vehicles3↦0.0),(Vehicles4↦-8.000000238418579),(Vehicles5↦-4.0000001192092896)}",
        "VehiclesVy": "{(EgoVehicle↦0.0),(Vehicles2↦1.723066134218243E-12),(Vehicles3↦0.0),(Vehicles4↦0.0),(Vehicles5↦0.0)}",
        "VehiclesX": "{(EgoVehicle↦200.0),(Vehicles2↦10.975013673305511),(Vehicles3↦45.98197638988495),(Vehicles4↦64.58142399787903),(Vehicles5↦69.33494210243225)}"
      },
      "probabilisticVariables": null,
      "activating": [
        "SLOWER_22"
      ],
      "activatingOnlyWhenExecuted": true,
      "updating": null,
      "withPredicate": null
    },
    {
      "id": "SLOWER_22",
      "execute": "SLOWER",
      "after": "1000",
      "priority": 0,
      "additionalGuards": null,
      "activationKind": null,
      "fixedVariables": {
        "Crash": "FALSE",
        "VehiclesAy": "{(EgoVehicle↦0.0),(Vehicles2↦-1.616484723854228E-12),(Vehicles3↦0.0),(Vehicles4↦0.0),(Vehicles5↦0.0)}",
        "Reward": "0.7333333333333334",
        "VehiclesAx": "{(EgoVehicle↦0.0),(Vehicles2↦0.02410888671875),(Vehicles3↦-0.24177923798561096),(Vehicles4↦0.05215819925069809),(Vehicles5↦0.0014010071754455566)}",
        "VehiclesVx": "{(EgoVehicle↦20.0),(Vehicles2↦0.3305673226714134),(Vehicles3↦-1.2447571754455566),(Vehicles4↦0.5657367780804634),(Vehicles5↦0.5486341565847397)}",
        "VehiclesY": "{(EgoVehicle↦8.000000238418579),(Vehicles2↦-4.0000001192092896),(Vehicles3↦0.0),(Vehicles4↦-8.000000238418579),(Vehicles5↦-4.0000001192092896)}",
        "VehiclesVy": "{(EgoVehicle↦0.0),(Vehicles2↦1.0658141036401503E-13),(Vehicles3↦0.0),(Vehicles4↦0.0),(Vehicles5↦0.0)}",
        "VehiclesX": "{(EgoVehicle↦200.0),(Vehicles2↦11.29135712981224),(Vehicles3↦44.88250911235809),(Vehicles4↦65.11623859405518),(Vehicles5↦69.88271474838257)}"
      },
      "probabilisticVariables": null,
      "activating": [
        "SLOWER_23"
      ],
      "activatingOnlyWhenExecuted": true,
      "updating": null,
      "withPredicate": null
    },
    {
      "id": "SLOWER_23",
      "execute": "SLOWER",
      "after": "1000",
      "priority": 0,
      "additionalGuards": null,
      "activationKind": null,
      "fixedVariables": {
        "Crash": "FALSE",
        "VehiclesAy": "{(EgoVehicle↦0.0),(Vehicles2↦-8.881784197001252E-14),(Vehicles3↦0.0),(Vehicles4↦0.0),(Vehicles5↦0.0)}",
        "Reward": "0.7333333333333334",
        "VehiclesAx": "{(EgoVehicle↦0.0),(Vehicles2↦0.021399371325969696),(Vehicles3↦-0.24137094616889954),(Vehicles4↦0.047779232263565063),(Vehicles5↦0.0017114728689193726)}",
        "VehiclesVx": "{(EgoVehicle↦20.0),(Vehicles2↦0.3519666939973831),(Vehicles3↦-1.4861281216144562),(Vehicles4↦0.6135160103440285),(Vehicles5↦0.5503456294536591)}",
        "VehiclesY": "{(EgoVehicle↦8.000000238418579),(Vehicles2↦-4.0000001192092896),(Vehicles3↦0.0),(Vehicles4↦-8.000000238418579),(Vehicles5↦-4.0000001192092896)}",
        "VehiclesVy": "{(EgoVehicle↦0.0),(Vehicles2↦1.7763568394002505E-14),(Vehicles3↦0.0),(Vehicles4↦0.0),(Vehicles5↦0.0)}",
        "VehiclesX": "{(EgoVehicle↦200.0),(Vehicles2↦11.630678176879883),(Vehicles3↦43.54090988636017),(Vehicles4↦65.70141315460205),(Vehicles5↦70.43200731277466)}"
      },
      "probabilisticVariables": null,
      "activating": [
        "SLOWER_24"
      ],
      "activatingOnlyWhenExecuted": true,
      "updating": null,
      "withPredicate": null
    },
    {
      "id": "SLOWER_24",
      "execute": "SLOWER",
      "after": "1000",
      "priority": 0,
      "additionalGuards": null,
      "activationKind": null,
      "fixedVariables": {
        "Crash": "FALSE",
        "VehiclesAy": "{(EgoVehicle↦0.0),(Vehicles2↦-1.7763568394002505E-14),(Vehicles3↦0.0),(Vehicles4↦0.0),(Vehicles5↦0.0)}",
        "Reward": "0.7333333333333334",
        "VehiclesAx": "{(EgoVehicle↦0.0),(Vehicles2↦0.01919317990541458),(Vehicles3↦-0.23436486721038818),(Vehicles4↦0.043996311724185944),(Vehicles5↦0.0020078569650650024)}",
        "VehiclesVx": "{(EgoVehicle↦20.0),(Vehicles2↦0.3711598739027977),(Vehicles3↦-1.7204929888248444),(Vehicles4↦0.6575123220682144),(Vehicles5↦0.5523534864187241)}",
        "VehiclesY": "{(EgoVehicle↦8.000000238418579),(Vehicles2↦-4.0000001192092896),(Vehicles3↦0.0),(Vehicles4↦-8.000000238418579),(Vehicles5↦-4.0000001192092896)}",
        "VehiclesVy": "{(EgoVehicle↦0.0),(Vehicles2↦0.0),(Vehicles3↦0.0),(Vehicles4↦0.0),(Vehicles5↦0.0)}",
        "VehiclesX": "{(EgoVehicle↦200.0),(Vehicles2↦11.990482360124588),(Vehicles3↦41.960209608078),(Vehicles4↦66.33281111717224),(Vehicles5↦70.98313570022583)}"
      },
      "probabilisticVariables": null,
      "activating": [
        "IDLE_25"
      ],
      "activatingOnlyWhenExecuted": true,
      "updating": null,
      "withPredicate": null
    },
    {
      "id": "IDLE_25",
      "execute": "IDLE",
      "after": "1000",
      "priority": 0,
      "additionalGuards": null,
      "activationKind": null,
      "fixedVariables": {
        "Crash": "FALSE",
        "VehiclesAy": "{(EgoVehicle↦0.0),(Vehicles2↦0.0),(Vehicles3↦0.0),(Vehicles4↦0.0),(Vehicles5↦0.0)}",
        "Reward": "0.7333333333333334",
        "VehiclesAx": "{(EgoVehicle↦0.0),(Vehicles2↦0.017362236976623535),(Vehicles3↦-0.22081956267356873),(Vehicles4↦0.040698498487472534),(Vehicles5↦0.0022901594638824463)}",
        "VehiclesVx": "{(EgoVehicle↦20.0),(Vehicles2↦0.38852211087942123),(Vehicles3↦-1.941312551498413),(Vehicles4↦0.698210820555687),(Vehicles5↦0.5546436458826065)}",
        "VehiclesY": "{(EgoVehicle↦8.000000238418579),(Vehicles2↦-4.0000001192092896),(Vehicles3↦0.0),(Vehicles4↦-8.000000238418579),(Vehicles5↦-4.0000001192092896)}",
        "VehiclesVy": "{(EgoVehicle↦0.0),(Vehicles2↦0.0),(Vehicles3↦0.0),(Vehicles4↦0.0),(Vehicles5↦0.0)}",
        "VehiclesX": "{(EgoVehicle↦200.0),(Vehicles2↦12.368720769882202),(Vehicles3↦40.150055289268494),(Vehicles4↦67.00685024261475),(Vehicles5↦71.53638005256653)}"
      },
      "probabilisticVariables": null,
      "activating": [
        "SLOWER_26"
      ],
      "activatingOnlyWhenExecuted": true,
      "updating": null,
      "withPredicate": null
    },
    {
      "id": "SLOWER_26",
      "execute": "SLOWER",
      "after": "1000",
      "priority": 0,
      "additionalGuards": null,
      "activationKind": null,
      "fixedVariables": {
        "Crash": "FALSE",
        "VehiclesAy": "{(EgoVehicle↦0.0),(Vehicles2↦0.0),(Vehicles3↦0.0),(Vehicles4↦0.0),(Vehicles5↦0.0)}",
        "Reward": "0.7333333333333334",
        "VehiclesAx": "{(EgoVehicle↦0.0),(Vehicles2↦0.015819929540157318),(Vehicles3↦-0.2013738453388214),(Vehicles4↦0.03780059516429901),(Vehicles5↦0.0025584548711776733)}",
        "VehiclesVx": "{(EgoVehicle↦20.0),(Vehicles2↦0.40434204041957855),(Vehicles3↦-2.1426863968372345),(Vehicles4↦0.736011415719986),(Vehicles5↦0.5572021007537842)}",
        "VehiclesY": "{(EgoVehicle↦8.000000238418579),(Vehicles2↦-4.0000001192092896),(Vehicles3↦0.0),(Vehicles4↦-8.000000238418579),(Vehicles5↦-4.0000001192092896)}",
        "VehiclesVy": "{(EgoVehicle↦0.0),(Vehicles2↦0.0),(Vehicles3↦0.0),(Vehicles4↦0.0),(Vehicles5↦0.0)}",
        "VehiclesX": "{(EgoVehicle↦200.0),(Vehicles2↦12.76368498802185),(Vehicles3↦38.12642693519592),(Vehicles4↦67.72039532661438),(Vehicles5↦72.09202647209167)}"
      },
      "probabilisticVariables": null,
      "activating": [
        "IDLE_27"
      ],
      "activatingOnlyWhenExecuted": true,
      "updating": null,
      "withPredicate": null
    },
    {
      "id": "IDLE_27",
      "execute": "IDLE",
      "after": "1000",
      "priority": 0,
      "additionalGuards": null,
      "activationKind": null,
      "fixedVariables": {
        "Crash": "FALSE",
        "VehiclesAy": "{(EgoVehicle↦0.0),(Vehicles2↦0.0),(Vehicles3↦0.0),(Vehicles4↦0.0),(Vehicles5↦0.0)}",
        "Reward": "0.7333333333333334",
        "VehiclesAx": "{(EgoVehicle↦0.0),(Vehicles2↦0.01450609415769577),(Vehicles3↦-0.17717361450195312),(Vehicles4↦0.03523610532283783),(Vehicles5↦0.0028128549456596375)}",
        "VehiclesVx": "{(EgoVehicle↦20.0),(Vehicles2↦0.4188481345772743),(Vehicles3↦-2.3198600113391876),(Vehicles4↦0.7712475210428238),(Vehicles5↦0.5600149556994438)}",
        "VehiclesY": "{(EgoVehicle↦8.000000238418579),(Vehicles2↦-4.0000001192092896),(Vehicles3↦0.0),(Vehicles4↦-8.000000238418579),(Vehicles5↦-4.0000001192092896)}",
        "VehiclesVy": "{(EgoVehicle↦0.0),(Vehicles2↦0.0),(Vehicles3↦0.0),(Vehicles4↦0.0),(Vehicles5↦0.0)}",
        "VehiclesX": "{(EgoVehicle↦200.0),(Vehicles2↦13.173925876617432),(Vehicles3↦35.91077923774719),(Vehicles4↦68.470698595047),(Vehicles5↦72.65033721923828)}"
      },
      "probabilisticVariables": null,
      "activating": [
        "IDLE_28"
      ],
      "activatingOnlyWhenExecuted": true,
      "updating": null,
      "withPredicate": null
    },
    {
      "id": "IDLE_28",
      "execute": "IDLE",
      "after": "1000",
      "priority": 0,
      "additionalGuards": null,
      "activationKind": null,
      "fixedVariables": {
        "Crash": "FALSE",
        "VehiclesAy": "{(EgoVehicle↦0.0),(Vehicles2↦0.0),(Vehicles3↦0.0),(Vehicles4↦0.0),(Vehicles5↦0.0)}",
        "Reward": "0.7333333333333334",
        "VehiclesAx": "{(EgoVehicle↦0.0),(Vehicles2↦0.013377554714679718),(Vehicles3↦-0.1497150957584381),(Vehicles4↦0.03295235335826874),(Vehicles5↦0.0030535459518432617)}",
        "VehiclesVx": "{(EgoVehicle↦20.0),(Vehicles2↦0.43222568929195404),(Vehicles3↦-2.4695751070976257),(Vehicles4↦0.8041998744010925),(Vehicles5↦0.5630685016512871)}",
        "VehiclesY": "{(EgoVehicle↦8.000000238418579),(Vehicles2↦-4.0000001192092896),(Vehicles3↦0.0),(Vehicles4↦-8.000000238418579),(Vehicles5↦-4.0000001192092896)}",
        "VehiclesVy": "{(EgoVehicle↦0.0),(Vehicles2↦0.0),(Vehicles3↦0.0),(Vehicles4↦0.0),(Vehicles5↦0.0)}",
        "VehiclesX": "{(EgoVehicle↦200.0),(Vehicles2↦13.598209619522095),(Vehicles3↦33.5287481546402),(Vehicles4↦69.25529837608337),(Vehicles5↦73.21155071258545)}"
      },
      "probabilisticVariables": null,
      "activating": [
        "SLOWER_29"
      ],
      "activatingOnlyWhenExecuted": true,
      "updating": null,
      "withPredicate": null
    },
    {
      "id": "SLOWER_29",
      "execute": "SLOWER",
      "after": "1000",
      "priority": 0,
      "additionalGuards": null,
      "activationKind": null,
      "fixedVariables": {
        "Crash": "FALSE",
        "VehiclesAy": "{(EgoVehicle↦0.0),(Vehicles2↦0.0),(Vehicles3↦0.0),(Vehicles4↦0.0),(Vehicles5↦0.0)}",
        "Reward": "0.7333333333333334",
        "VehiclesAx": "{(EgoVehicle↦0.0),(Vehicles2↦0.012402348220348358),(Vehicles3↦-0.1206400990486145),(Vehicles4↦0.030907467007637024),(Vehicles5↦0.003280751407146454)}",
        "VehiclesVx": "{(EgoVehicle↦20.0),(Vehicles2↦0.4446280375123024),(Vehicles3↦-2.5902152061462402),(Vehicles4↦0.8351073414087296),(Vehicles5↦0.5663492530584335)}",
        "VehiclesY": "{(EgoVehicle↦8.000000238418579),(Vehicles2↦-4.0000001192092896),(Vehicles3↦0.0),(Vehicles4↦-8.000000238418579),(Vehicles5↦-4.0000001192092896)}",
        "VehiclesVy": "{(EgoVehicle↦0.0),(Vehicles2↦0.0),(Vehicles3↦0.0),(Vehicles4↦0.0),(Vehicles5↦0.0)}",
        "VehiclesX": "{(EgoVehicle↦200.0),(Vehicles2↦14.035467803478241),(Vehicles3↦31.00856840610504),(Vehicles4↦70.07201313972473),(Vehicles5↦73.77591729164124)}"
      },
      "probabilisticVariables": null,
      "activating": [
        "SLOWER_30"
      ],
      "activatingOnlyWhenExecuted": true,
      "updating": null,
      "withPredicate": null
    },
    {
      "id": "SLOWER_30",
      "execute": "SLOWER",
      "after": "1000",
      "priority": 0,
      "additionalGuards": null,
      "activationKind": null,
      "fixedVariables": {
        "Crash": "FALSE",
        "VehiclesAy": "{(EgoVehicle↦0.0),(Vehicles2↦0.0),(Vehicles3↦0.0),(Vehicles4↦0.0),(Vehicles5↦0.0)}",
        "Reward": "0.7333333333333334",
        "VehiclesAx": "{(EgoVehicle↦0.0),(Vehicles2↦0.011555962264537811),(Vehicles3↦-0.09153038263320923),(Vehicles4↦0.02906717360019684),(Vehicles5↦-3.7216540426015854)}",
        "VehiclesVx": "{(EgoVehicle↦20.0),(Vehicles2↦0.4561839997768402),(Vehicles3↦-2.6817455887794495),(Vehicles4↦0.8641745150089264),(Vehicles5↦-3.155304789543152)}",
        "VehiclesY": "{(EgoVehicle↦8.000000238418579),(Vehicles2↦-4.0000001192092896),(Vehicles3↦0.0),(Vehicles4↦-8.000000238418579),(Vehicles5↦0.0)}",
        "VehiclesVy": "{(EgoVehicle↦0.0),(Vehicles2↦0.0),(Vehicles3↦0.0),(Vehicles4↦0.0),(Vehicles5↦0.0)}",
        "VehiclesX": "{(EgoVehicle↦200.0),(Vehicles2↦14.48478102684021),(Vehicles3↦28.379446268081665),(Vehicles4↦70.91888785362244),(Vehicles5↦72.96230792999268)}"
      },
      "probabilisticVariables": null,
      "activating": [
        "SLOWER_31"
      ],
      "activatingOnlyWhenExecuted": true,
      "updating": null,
      "withPredicate": null
    },
    {
      "id": "SLOWER_31",
      "execute": "SLOWER",
      "after": "1000",
      "priority": 0,
      "additionalGuards": null,
      "activationKind": null,
      "fixedVariables": {
        "Crash": "FALSE",
        "VehiclesAy": "{(EgoVehicle↦0.0),(Vehicles2↦0.0),(Vehicles3↦0.0),(Vehicles4↦0.0),(Vehicles5↦0.0)}",
        "Reward": "0.7333333333333334",
        "VehiclesAx": "{(EgoVehicle↦0.0),(Vehicles2↦0.010819248855113983),(Vehicles3↦-0.06373971700668335),(Vehicles4↦-3.9296026527881622),(Vehicles5↦4.046883136034012)}",
        "VehiclesVx": "{(EgoVehicle↦20.0),(Vehicles2↦0.4670032486319542),(Vehicles3↦-2.745485305786133),(Vehicles4↦-3.065428137779236),(Vehicles5↦0.89157834649086)}",
        "VehiclesY": "{(EgoVehicle↦8.000000238418579),(Vehicles2↦-4.0000001192092896),(Vehicles3↦0.0),(Vehicles4↦0.0),(Vehicles5↦-8.000000238418579)}",
        "VehiclesVy": "{(EgoVehicle↦0.0),(Vehicles2↦0.0),(Vehicles3↦0.0),(Vehicles4↦0.0),(Vehicles5↦0.0)}",
        "VehiclesX": "{(EgoVehicle↦200.0),(Vehicles2↦14.945349097251892),(Vehicles3↦25.670063495635986),(Vehicles4↦69.84261870384216),(Vehicles5↦71.79415225982666)}"
      },
      "probabilisticVariables": null,
      "activating": [
        "SLOWER_32"
      ],
      "activatingOnlyWhenExecuted": true,
      "updating": null,
      "withPredicate": null
    },
    {
      "id": "SLOWER_32",
      "execute": "SLOWER",
      "after": "1000",
      "priority": 0,
      "additionalGuards": null,
      "activationKind": null,
      "fixedVariables": {
        "Crash": "FALSE",
        "VehiclesAy": "{(EgoVehicle↦0.0),(Vehicles2↦0.0),(Vehicles3↦0.0),(Vehicles4↦0.0),(Vehicles5↦0.0)}",
        "Reward": "0.7333333333333334",
        "VehiclesAx": "{(EgoVehicle↦0.0),(Vehicles2↦0.010176673531532288),(Vehicles3↦-0.03829151391983032),(Vehicles4↦0.09274005889892578),(Vehicles5↦0.02589404582977295)}",
        "VehiclesVx": "{(EgoVehicle↦20.0),(Vehicles2↦0.4771799221634865),(Vehicles3↦-2.783776819705963),(Vehicles4↦-2.97268807888031),(Vehicles5↦0.9174723923206329)}",
        "VehiclesY": "{(EgoVehicle↦8.000000238418579),(Vehicles2↦-4.0000001192092896),(Vehicles3↦0.0),(Vehicles4↦0.0),(Vehicles5↦-8.000000238418579)}",
        "VehiclesVy": "{(EgoVehicle↦0.0),(Vehicles2↦0.0),(Vehicles3↦0.0),(Vehicles4↦0.0),(Vehicles5↦0.0)}",
        "VehiclesX": "{(EgoVehicle↦200.0),(Vehicles2↦15.416470170021057),(Vehicles3↦22.90733903646469),(Vehicles4↦66.81415438652039),(Vehicles5↦72.69620299339294)}"
      },
      "probabilisticVariables": null,
      "activating": [
        "LANE_LEFT_33"
      ],
      "activatingOnlyWhenExecuted": true,
      "updating": null,
      "withPredicate": null
    },
    {
      "id": "LANE_LEFT_33",
      "execute": "LANE_LEFT",
      "after": "1000",
      "priority": 0,
      "additionalGuards": null,
      "activationKind": null,
      "fixedVariables": {
        "Crash": "FALSE",
        "VehiclesAy": "{(EgoVehicle↦-1.1458635330200195),(Vehicles2↦1.1458635330200195),(Vehicles3↦1.1458635330200195),(Vehicles4↦1.1458635330200195),(Vehicles5↦1.1458635330200195)}",
        "Reward": "0.7000000000000001",
        "VehiclesAx": "{(EgoVehicle↦-0.0328516960144043),(Vehicles2↦0.04246760159730911),(Vehicles3↦0.017008185386657715),(Vehicles4↦0.12633711099624634),(Vehicles5↦0.057370662689208984)}",
        "VehiclesVx": "{(EgoVehicle↦19.967148303985596),(Vehicles2↦0.5196475237607956),(Vehicles3↦-2.7667686343193054),(Vehicles4↦-2.8463509678840637),(Vehicles5↦0.9748430550098419)}",
        "VehiclesY": "{(EgoVehicle↦4.396300435066223),(Vehicles2↦-0.39630044996738434),(Vehicles3↦3.6036994457244873),(Vehicles4↦3.6036994457244873),(Vehicles5↦-4.396300435066223)}",
        "VehiclesVy": "{(EgoVehicle↦-1.1458635330200195),(Vehicles2↦1.1458635330200195),(Vehicles3↦1.1458635330200195),(Vehicles4↦1.1458635330200195),(Vehicles5↦1.1458635330200195)}",
        "VehiclesX": "{(EgoVehicle↦200.0),(Vehicles2↦16.28413200378418),(Vehicles3↦20.502153038978577),(Vehicles4↦64.26546573638916),(Vehicles5↦74.01018142700195)}"
      },
      "probabilisticVariables": null,
      "activating": [
        "IDLE_34"
      ],
      "activatingOnlyWhenExecuted": true,
      "updating": null,
      "withPredicate": null
    },
    {
      "id": "IDLE_34",
      "execute": "IDLE",
      "after": "1000",
      "priority": 0,
      "additionalGuards": null,
      "activationKind": null,
      "fixedVariables": {
        "Crash": "FALSE",
        "VehiclesAy": "{(EgoVehicle↦1.074060839600861),(Vehicles2↦-1.074060839600861),(Vehicles3↦-1.074060839600861),(Vehicles4↦-1.074060839600861),(Vehicles5↦1.217666226439178)}",
        "Reward": "0.7000000000000001",
        "VehiclesAx": "{(EgoVehicle↦0.03272294998168945),(Vehicles2↦-0.023598112165927887),(Vehicles3↦-0.02943485975265503),(Vehicles4↦0.05997389554977417),(Vehicles5↦-0.009461864829063416)}",
        "VehiclesVx": "{(EgoVehicle↦19.999871253967285),(Vehicles2↦0.4960494115948677),(Vehicles3↦-2.7962034940719604),(Vehicles4↦-2.7863770723342896),(Vehicles5↦0.9653811901807785)}",
        "VehiclesY": "{(EgoVehicle↦4.024722576141357),(Vehicles2↦-0.02472245693206787),(Vehicles3↦3.9752776622772217),(Vehicles4↦3.9752776622772217),(Vehicles5↦-4.024722576141357)}",
        "VehiclesVy": "{(EgoVehicle↦-0.07180269341915846),(Vehicles2↦0.07180269341915846),(Vehicles3↦0.07180269341915846),(Vehicles4↦0.07180269341915846),(Vehicles5↦0.07180269341915846)}",
        "VehiclesX": "{(EgoVehicle↦200.0),(Vehicles2↦16.77989959716797),(Vehicles3↦17.707736790180206),(Vehicles4↦61.42873764038086),(Vehicles5↦74.96685981750488)}"
      },
      "probabilisticVariables": null,
      "activating": [
        "IDLE_35"
      ],
      "activatingOnlyWhenExecuted": true,
      "updating": null,
      "withPredicate": null
    },
    {
      "id": "IDLE_35",
      "execute": "IDLE",
      "after": "1000",
      "priority": 0,
      "additionalGuards": null,
      "activationKind": null,
      "fixedVariables": {
        "Crash": "FALSE",
        "VehiclesAy": "{(EgoVehicle↦0.06733491318300366),(Vehicles2↦-0.06733491318300366),(Vehicles3↦-0.06733491318300366),(Vehicles4↦-0.06733491318300366),(Vehicles5↦0.07627047365531325)}",
        "Reward": "0.7000000000000001",
        "VehiclesAx": "{(EgoVehicle↦0.00012874603271484375),(Vehicles2↦-3.2733063772320747),(Vehicles3↦3.3008208125829697),(Vehicles4↦0.09072303771972656),(Vehicles5↦0.021979957818984985)}",
        "VehiclesVx": "{(EgoVehicle↦20.0),(Vehicles2↦-2.777256965637207),(Vehicles3↦0.5046173185110092),(Vehicles4↦-2.695654034614563),(Vehicles5↦0.9873611479997635)}",
        "VehiclesY": "{(EgoVehicle↦4.001538276672363),(Vehicles2↦3.998461604118347),(Vehicles3↦-0.001538257347419858),(Vehicles4↦3.998461604118347),(Vehicles5↦-4.001538276672363)}",
        "VehiclesVy": "{(EgoVehicle↦-0.004467780236154795),(Vehicles2↦0.004467780236154795),(Vehicles3↦0.004467780236154795),(Vehicles4↦0.004467780236154795),(Vehicles5↦0.004467780236154795)}",
        "VehiclesX": "{(EgoVehicle↦200.0),(Vehicles2↦14.917923510074615),(Vehicles3↦17.279350757598877),(Vehicles4↦58.67877006530762),(Vehicles5↦75.94106197357178)}"
      },
      "probabilisticVariables": null,
      "activating": [
        "LANE_LEFT_36"
      ],
      "activatingOnlyWhenExecuted": true,
      "updating": null,
      "withPredicate": null
    },
    {
      "id": "LANE_LEFT_36",
      "execute": "LANE_LEFT",
      "after": "1000",
      "priority": 0,
      "additionalGuards": null,
      "activationKind": null,
      "fixedVariables": {
        "Crash": "FALSE",
        "VehiclesAy": "{(EgoVehicle↦-1.1416717967949808),(Vehicles2↦1.1416717967949808),(Vehicles3↦1.1416717967949808),(Vehicles4↦1.1416717967949808),(Vehicles5↦1.1506073572672904)}",
        "Reward": "0.6666666666666666",
        "VehiclesAx": "{(EgoVehicle↦-0.032868385314941406),(Vehicles2↦0.06456196308135986),(Vehicles3↦0.04118874669075012),(Vehicles4↦0.12118518352508545),(Vehicles5↦0.05391530692577362)}",
        "VehiclesVx": "{(EgoVehicle↦19.96713161468506),(Vehicles2↦-2.712695002555847),(Vehicles3↦0.5458060652017593),(Vehicles4↦-2.5744688510894775),(Vehicles5↦1.041276454925537)}",
        "VehiclesY": "{(EgoVehicle↦0.39639540016651154),(Vehicles2↦7.603604793548584),(Vehicles3↦3.6036046743392944),(Vehicles4↦7.603604793548584),(Vehicles5↦-0.39639540016651154)}",
        "VehiclesVy": "{(EgoVehicle↦-1.1461395770311356),(Vehicles2↦1.1461395770311356),(Vehicles3↦1.1461395770311356),(Vehicles4↦1.1461395770311356),(Vehicles5↦1.1461395770311356)}",
        "VehiclesX": "{(EgoVehicle↦200.0),(Vehicles2↦12.539368867874146),(Vehicles3↦18.174239993095398),(Vehicles4↦56.405580043792725),(Vehicles5↦77.32384204864502)}"
      },
      "probabilisticVariables": null,
      "activating": [
        "FASTER_37"
      ],
      "activatingOnlyWhenExecuted": true,
      "updating": null,
      "withPredicate": null
    },
    {
      "id": "FASTER_37",
      "execute": "FASTER",
      "after": "1000",
      "priority": 0,
      "additionalGuards": null,
      "activationKind": null,
      "fixedVariables": {
        "Crash": "FALSE",
        "VehiclesAy": "{(EgoVehicle↦1.0896179312840104),(Vehicles2↦-1.0896179312840104),(Vehicles3↦-1.0896179312840104),(Vehicles4↦-1.0896179312840104),(Vehicles5↦1.2026612227782607)}",
        "Reward": "0.7824399510310953",
        "VehiclesAx": "{(EgoVehicle↦4.37436580657959),(Vehicles2↦-4.332907199859619),(Vehicles3↦-4.366372302174568),(Vehicles4↦-4.288991689682007),(Vehicles5↦-4.354296028614044)}",
        "VehiclesVx": "{(EgoVehicle↦24.34149742126465),(Vehicles2↦-7.045602202415466),(Vehicles3↦-3.820566236972809),(Vehicles4↦-6.863460540771484),(Vehicles5↦-3.313019573688507)}",
        "VehiclesY": "{(EgoVehicle↦0.017067535780370235),(Vehicles2↦7.982932806015015),(Vehicles3↦3.9829323291778564),(Vehicles4↦7.982932806015015),(Vehicles5↦-0.017067535780370235)}",
        "VehiclesVy": "{(EgoVehicle↦-0.05652164574712515),(Vehicles2↦0.05652164574712515),(Vehicles3↦0.05652164574712515),(Vehicles4↦0.05652164574712515),(Vehicles5↦0.05652164574712515)}",
        "VehiclesX": "{(EgoVehicle↦200.0),(Vehicles2↦7.419970631599426),(Vehicles3↦16.300657391548157),(Vehicles4↦51.4428973197937),(Vehicles5↦75.9506106376648)}"
      },
      "probabilisticVariables": null,
      "activating": [
        "IDLE_38"
      ],
      "activatingOnlyWhenExecuted": true,
      "updating": null,
      "withPredicate": null
    },
    {
      "id": "IDLE_38",
      "execute": "IDLE",
      "after": "1000",
      "priority": 0,
      "additionalGuards": null,
      "activationKind": null,
      "fixedVariables": {
        "Crash": "FALSE",
        "VehiclesAy": "{(EgoVehicle↦0.054684061906300485),(Vehicles2↦-0.054684061906300485),(Vehicles3↦-0.054684061906300485),(Vehicles4↦-0.054684061906300485),(Vehicles5↦0.05835922958794981)}",
        "Reward": "0.7976877942040401",
        "VehiclesAx": "{(EgoVehicle↦0.5717945098876953),(Vehicles2↦-0.5230456590652466),(Vehicles3↦-0.5640870332717896),(Vehicles4↦-0.4895716905593872),(Vehicles5↦-0.5526283383369446)}",
        "VehiclesVx": "{(EgoVehicle↦24.913291931152344),(Vehicles2↦-7.568647861480713),(Vehicles3↦-4.384653270244598),(Vehicles4↦-7.353032231330872),(Vehicles5↦-3.8656479120254517)}",
        "VehiclesY": "{(EgoVehicle↦0.0005517009703908116),(Vehicles2↦7.99944806098938),(Vehicles3↦3.999448299407959),(Vehicles4↦7.99944806098938),(Vehicles5↦-0.0005517009703908116)}",
        "VehiclesVy": "{(EgoVehicle↦-0.0018375838408246636),(Vehicles2↦0.0018375838408246636),(Vehicles3↦0.0018375838408246636),(Vehicles4↦0.0018375838408246636),(Vehicles5↦0.0018375838408246636)}",
        "VehiclesX": "{(EgoVehicle↦200.0),(Vehicles2↦0.07791847456246614),(Vehicles3↦12.167741358280182),(Vehicles4↦44.29712891578674),(Vehicles5↦72.3298728466034)}"
      },
      "probabilisticVariables": null,
      "activating": [
        "IDLE_39"
      ],
      "activatingOnlyWhenExecuted": true,
      "updating": null,
      "withPredicate": null
    },
    {
      "id": "IDLE_39",
      "execute": "IDLE",
      "after": "1000",
      "priority": 0,
      "additionalGuards": null,
      "activationKind": null,
      "fixedVariables": {
        "Crash": "FALSE",
        "VehiclesAy": "{(EgoVehicle↦0.0017798704266169807),(Vehicles2↦-0.0017798704266169807),(Vehicles3↦-0.0017798704266169807),(Vehicles4↦-0.0017798704266169807),(Vehicles5↦0.0018952972550323466)}",
        "Reward": "0.7996955122301532",
        "VehiclesAx": "{(EgoVehicle↦0.07529020309448242),(Vehicles2↦-0.02132713794708252),(Vehicles3↦-0.06783246994018555),(Vehicles4↦0.0037115812301635742),(Vehicles5↦-0.5140000581741333)}",
        "VehiclesVx": "{(EgoVehicle↦24.988582134246826),(Vehicles2↦-7.589974999427795),(Vehicles3↦-4.452485740184784),(Vehicles4↦-7.349320650100708),(Vehicles5↦-4.379647970199585)}",
        "VehiclesY": "{(EgoVehicle↦1.731576094243792E-05),(Vehicles2↦7.9999823570251465),(Vehicles3↦3.9999825954437256),(Vehicles4↦7.9999823570251465),(Vehicles5↦3.9999825954437256)}",
        "VehiclesVy": "{(EgoVehicle↦-5.7713414207682945E-05),(Vehicles2↦5.7713414207682945E-05),(Vehicles3↦5.7713414207682945E-05),(Vehicles4↦5.7713414207682945E-05),(Vehicles5↦5.7713414207682945E-05)}",
        "VehiclesX": "{(EgoVehicle↦200.0),(Vehicles2↦-7.511022686958313),(Vehicles3↦7.744555175304413),(Vehicles4↦36.934420466423035),(Vehicles5↦68.41249465942383)}"
      },
      "probabilisticVariables": null,
      "activating": [
        "SLOWER_40"
      ],
      "activatingOnlyWhenExecuted": true,
      "updating": null,
      "withPredicate": null
    },
    {
      "id": "SLOWER_40",
      "execute": "SLOWER",
      "after": "1000",
      "priority": 0,
      "additionalGuards": null,
      "activationKind": null,
      "fixedVariables": {
        "Crash": "FALSE",
        "VehiclesAy": "{(EgoVehicle↦5.5367652151971924E-05),(Vehicles2↦-5.5367652151971924E-05),(Vehicles3↦-5.5367652151971924E-05),(Vehicles4↦-5.5367652151971924E-05),(Vehicles5↦6.0059176263393965E-05)}",
        "Reward": "0.6841848685518008",
        "VehiclesAx": "{(EgoVehicle↦-4.331650733947754),(Vehicles2↦7.476376937702298),(Vehicles3↦1.5106192231178284),(Vehicles4↦7.306313780136406),(Vehicles5↦4.806236922740936)}",
        "VehiclesVx": "{(EgoVehicle↦20.656931400299072),(Vehicles2↦-0.11359806172549725),(Vehicles3↦-2.9418665170669556),(Vehicles4↦-0.043006869964301586),(Vehicles5↦0.4265889525413513)}",
        "VehiclesY": "{(EgoVehicle↦8.108137308227015E-07),(Vehicles2↦3.9999990463256836),(Vehicles3↦7.999999523162842),(Vehicles4↦3.9999990463256836),(Vehicles5↦-8.108137308227015E-07)}",
        "VehiclesVy": "{(EgoVehicle↦-2.3457620557110204E-06),(Vehicles2↦2.3457620557110204E-06),(Vehicles3↦2.3457620557110204E-06),(Vehicles4↦2.3457620557110204E-06),(Vehicles5↦2.3457620557110204E-06)}",
        "VehiclesX": "{(EgoVehicle↦200.0),(Vehicles2↦5.684573203325272),(Vehicles3↦32.00526535511017),(Vehicles4↦66.4244294166565),(Vehicles5↦66.90414547920227)}"
      },
      "probabilisticVariables": null,
      "activating": [
        "FASTER_41"
      ],
      "activatingOnlyWhenExecuted": true,
      "updating": null,
      "withPredicate": null
    },
    {
      "id": "FASTER_41",
      "execute": "FASTER",
      "after": "1000",
      "priority": 0,
      "additionalGuards": null,
      "activationKind": null,
      "fixedVariables": {
        "Crash": "FALSE",
        "VehiclesAy": "{(EgoVehicle↦2.232322984241364E-06),(Vehicles2↦-2.232322984241364E-06),(Vehicles3↦-2.232322984241364E-06),(Vehicles4↦-2.232322984241364E-06),(Vehicles5↦2.459201127180677E-06)}",
        "Reward": "0.7847486246652582",
        "VehiclesAx": "{(EgoVehicle↦3.7711429595947266),(Vehicles2↦-3.764092968776822),(Vehicles3↦-3.6984461545944214),(Vehicles4↦-3.7660547764971852),(Vehicles5↦-3.754315972328186)}",
        "VehiclesVx": "{(EgoVehicle↦24.4280743598938),(Vehicles2↦-3.8776910305023193),(Vehicles3↦-6.640312671661377),(Vehicles4↦-3.809061646461487),(Vehicles5↦-3.3277270197868347)}",
        "VehiclesY": "{(EgoVehicle↦3.428450057185728E-08),(Vehicles2↦4.0000001192092896),(Vehicles3↦8.000000238418579),(Vehicles4↦4.0000001192092896),(Vehicles5↦-3.428450057185728E-08)}",
        "VehiclesVy": "{(EgoVehicle↦-1.1343907146965648E-07),(Vehicles2↦1.1343907146965648E-07),(Vehicles3↦1.1343907146965648E-07),(Vehicles4↦1.1343907146965648E-07),(Vehicles5↦1.1343907146965648E-07)}",
        "VehiclesX": "{(EgoVehicle↦200.0),(Vehicles2↦3.4934256225824356),(Vehicles3↦27.012339234352112),(Vehicles4↦64.30306434631348),(Vehicles5↦65.25713801383972)}"
      },
      "probabilisticVariables": null,
      "activating": [
        "IDLE_42"
      ],
      "activatingOnlyWhenExecuted": true,
      "updating": null,
      "withPredicate": null
    },
    {
      "id": "IDLE_42",
      "execute": "IDLE",
      "after": "1000",
      "priority": 0,
      "additionalGuards": null,
      "activationKind": null,
      "fixedVariables": {
        "Crash": "FALSE",
        "VehiclesAy": "{(EgoVehicle↦1.0975410802416263E-07),(Vehicles2↦-1.0975410802416263E-07),(Vehicles3↦-1.0975410802416263E-07),(Vehicles4↦-1.0975410802416263E-07),(Vehicles5↦1.1712403491515033E-07)}",
        "Reward": "0.797991588433285",
        "VehiclesAx": "{(EgoVehicle↦0.4966092109680176),(Vehicles2↦-0.489729642868042),(Vehicles3↦-0.4269057512283325),(Vehicles4↦-0.4914391040802002),(Vehicles5↦-0.48046231269836426)}",
        "VehiclesVx": "{(EgoVehicle↦24.924683570861816),(Vehicles2↦-4.367420673370361),(Vehicles3↦-7.0672184228897095),(Vehicles4↦-4.300500750541687),(Vehicles5↦-3.808189332485199)}",
        "VehiclesY": "{(EgoVehicle↦1.1064695826235038E-09),(Vehicles2↦4.0000001192092896),(Vehicles3↦8.000000238418579),(Vehicles4↦4.0000001192092896),(Vehicles5↦-1.1064695826235038E-09)}",
        "VehiclesVy": "{(EgoVehicle↦-3.6849634454938496E-09),(Vehicles2↦3.6849634454938496E-09),(Vehicles3↦3.6849634454938496E-09),(Vehicles4↦3.6849634454938496E-09),(Vehicles5↦3.6849634454938496E-09)}",
        "VehiclesX": "{(EgoVehicle↦200.0),(Vehicles2↦-0.6554602179676294),(Vehicles3↦20.126181840896606),(Vehicles4↦60.22210717201233),(Vehicles5↦61.661964654922485)}"
      },
      "probabilisticVariables": null,
      "activating": [
        "IDLE_43"
      ],
      "activatingOnlyWhenExecuted": true,
      "updating": null,
      "withPredicate": null
    },
    {
      "id": "IDLE_43",
      "execute": "IDLE",
      "after": "1000",
      "priority": 0,
      "additionalGuards": null,
      "activationKind": null,
      "fixedVariables": {
        "Crash": "FALSE",
        "VehiclesAy": "{(EgoVehicle↦3.5692337974069233E-09),(Vehicles2↦-3.5692337974069233E-09),(Vehicles3↦-3.5692337974069233E-09),(Vehicles4↦-3.5692337974069233E-09),(Vehicles5↦3.800693093580776E-09)}",
        "Reward": "0.7997355178183749",
        "VehiclesAx": "{(EgoVehicle↦0.0653982162475586),(Vehicles2↦-0.058660805225372314),(Vehicles3↦0.0014585256576538086),(Vehicles4↦-0.060147643089294434),(Vehicles5↦-0.04987984895706177)}",
        "VehiclesVx": "{(EgoVehicle↦24.990081787109375),(Vehicles2↦-4.426081478595734),(Vehicles3↦-7.065759897232056),(Vehicles4↦-4.3606483936309814),(Vehicles5↦-3.8580691814422607)}",
        "VehiclesY": "{(EgoVehicle↦3.4721558961336996E-11),(Vehicles2↦4.0000001192092896),(Vehicles3↦8.000000238418579),(Vehicles4↦4.0000001192092896),(Vehicles5↦-3.4720226693707446E-11)}",
        "VehiclesVy": "{(EgoVehicle↦-1.1572964808692632E-10),(Vehicles2↦1.1572964808692632E-10),(Vehicles3↦1.1572964808692632E-10),(Vehicles4↦1.1572964808692632E-10),(Vehicles5↦1.1572964808692632E-10)}",
        "VehiclesX": "{(EgoVehicle↦200.0),(Vehicles2↦-5.056252330541611),(Vehicles3↦13.04985135793686),(Vehicles4↦55.88762164115906),(Vehicles5↦57.82395601272583)}"
      },
      "probabilisticVariables": null,
      "activating": [
        "IDLE_44"
      ],
      "activatingOnlyWhenExecuted": true,
      "updating": null,
      "withPredicate": null
    },
    {
      "id": "IDLE_44",
      "execute": "IDLE",
      "after": "1000",
      "priority": 0,
      "additionalGuards": null,
      "activationKind": null,
      "fixedVariables": {
        "Crash": "FALSE",
        "VehiclesAy": "{(EgoVehicle↦1.1210588013454981E-10),(Vehicles2↦-1.1210588013454981E-10),(Vehicles3↦-1.1210588013454981E-10),(Vehicles4↦-1.1210588013454981E-10),(Vehicles5↦1.1935341603930283E-10)}",
        "Reward": "0.7999651710707325",
        "VehiclesAx": "{(EgoVehicle↦0.008611679077148438),(Vehicles2↦-2.5841352343559265),(Vehicles3↦2.6376762986183167),(Vehicles4↦-2.378607988357544),(Vehicles5↦-0.5058711767196655)}",
        "VehiclesVx": "{(EgoVehicle↦24.998693466186523),(Vehicles2↦-7.01021671295166),(Vehicles3↦-4.428083598613739),(Vehicles4↦-6.739256381988525),(Vehicles5↦-4.363940358161926)}",
        "VehiclesY": "{(EgoVehicle↦1.084465850453853E-12),(Vehicles2↦8.000000238418579),(Vehicles3↦4.0000001192092896),(Vehicles4↦8.000000238418579),(Vehicles5↦4.0000001192092896)}",
        "VehiclesVy": "{(EgoVehicle↦-3.623767952376511E-12),(Vehicles2↦3.623767952376511E-12),(Vehicles3↦3.623767952376511E-12),(Vehicles4↦3.623767952376511E-12),(Vehicles5↦3.623767952376511E-12)}",
        "VehiclesX": "{(EgoVehicle↦200.0),(Vehicles2↦6.005212292075157),(Vehicles3↦-9.484431892633438),(Vehicles4↦51.13356113433838),(Vehicles5↦51.52434706687927)}"
      },
      "probabilisticVariables": null,
      "activating": [
        "SLOWER_45"
      ],
      "activatingOnlyWhenExecuted": true,
      "updating": null,
      "withPredicate": null
    },
    {
      "id": "SLOWER_45",
      "execute": "SLOWER",
      "after": "1000",
      "priority": 0,
      "additionalGuards": null,
      "activationKind": null,
      "fixedVariables": {
        "Crash": "FALSE",
        "VehiclesAy": "{(EgoVehicle↦3.481659405224491E-12),(Vehicles2↦-3.481659405224491E-12),(Vehicles3↦-3.481659405224491E-12),(Vehicles4↦-3.481659405224491E-12),(Vehicles5↦3.765876499528531E-12)}",
        "Reward": "0.6842203791807823",
        "VehiclesAx": "{(EgoVehicle↦-4.340429306030273),(Vehicles2↦4.402032494544983),(Vehicles3↦2.084673196077347),(Vehicles4↦6.7211286432575434),(Vehicles5↦4.866986498236656)}",
        "VehiclesVx": "{(EgoVehicle↦20.65826416015625),(Vehicles2↦-2.6081842184066772),(Vehicles3↦-2.343410402536392),(Vehicles4↦-0.018127738730981946),(Vehicles5↦0.5030461400747299)}",
        "VehiclesY": "{(EgoVehicle↦5.062616992290714E-14),(Vehicles2↦8.000000238418579),(Vehicles3↦8.000000238418579),(Vehicles4↦4.0000001192092896),(Vehicles5↦-5.1958437552457326E-14)}",
        "VehiclesVy": "{(EgoVehicle↦-1.4210854715202004E-13),(Vehicles2↦1.4210854715202004E-13),(Vehicles3↦1.4210854715202004E-13),(Vehicles4↦1.4210854715202004E-13),(Vehicles5↦1.4210854715202004E-13)}",
        "VehiclesX": "{(EgoVehicle↦200.0),(Vehicles2↦1.4142711646854877),(Vehicles3↦46.81108295917511),(Vehicles4↦49.55699145793915),(Vehicles5↦52.51561999320984)}"
      },
      "probabilisticVariables": null,
      "activating": [
        "FASTER_46"
      ],
      "activatingOnlyWhenExecuted": true,
      "updating": null,
      "withPredicate": null
    },
    {
      "id": "FASTER_46",
      "execute": "FASTER",
      "after": "1000",
      "priority": 0,
      "additionalGuards": null,
      "activationKind": null,
      "fixedVariables": {
        "Crash": "FALSE",
        "VehiclesAy": "{(EgoVehicle↦1.2434497875801753E-13),(Vehicles2↦-1.2434497875801753E-13),(Vehicles3↦-1.2434497875801753E-13),(Vehicles4↦-1.2434497875801753E-13),(Vehicles5↦1.5987211554602254E-13)}",
        "Reward": "0.7847533009620783",
        "VehiclesAx": "{(EgoVehicle↦3.769984245300293),(Vehicles2↦-3.7107878923416138),(Vehicles3↦-3.716741055250168),(Vehicles4↦-3.764545739395544),(Vehicles5↦-3.7561338394880295)}",
        "VehiclesVx": "{(EgoVehicle↦24.428248405456543),(Vehicles2↦-6.318972110748291),(Vehicles3↦-6.06015145778656),(Vehicles4↦-3.782673478126526),(Vehicles5↦-3.2530876994132996)}",
        "VehiclesY": "{(EgoVehicle↦2.6645352591003757E-15),(Vehicles2↦8.000000238418579),(Vehicles3↦8.000000238418579),(Vehicles4↦4.0000001192092896),(Vehicles5↦-3.9968028886505635E-15)}",
        "VehiclesVy": "{(EgoVehicle↦-1.7763568394002505E-14),(Vehicles2↦1.7763568394002505E-14),(Vehicles3↦1.7763568394002505E-14),(Vehicles4↦1.7763568394002505E-14),(Vehicles5↦1.7763568394002505E-14)}",
        "VehiclesX": "{(EgoVehicle↦200.0),(Vehicles2↦-3.249792382121086),(Vehicles3↦42.409393191337585),(Vehicles4↦47.461289167404175),(Vehicles5↦50.944507122039795)}"
      },
      "probabilisticVariables": null,
      "activating": [
        "FASTER_47"
      ],
      "activatingOnlyWhenExecuted": true,
      "updating": null,
      "withPredicate": null
    },
    {
      "id": "FASTER_47",
      "execute": "FASTER",
      "after": "1000",
      "priority": 0,
      "additionalGuards": null,
      "activationKind": null,
      "fixedVariables": {
        "Crash": "FALSE",
        "VehiclesAy": "{(EgoVehicle↦1.7763568394002505E-14),(Vehicles2↦-1.7763568394002505E-14),(Vehicles3↦-1.7763568394002505E-14),(Vehicles4↦-1.7763568394002505E-14),(Vehicles5↦1.7763568394002505E-14)}",
        "Reward": "0.9137672385354726",
        "VehiclesAx": "{(EgoVehicle↦4.8380231857299805),(Vehicles2↦-4.527996778488159),(Vehicles3↦-2.5550562143325806),(Vehicles4↦-4.295076131820679),(Vehicles5↦-7.2686925530433655)}",
        "VehiclesVx": "{(EgoVehicle↦29.266271591186523),(Vehicles2↦-10.84696888923645),(Vehicles3↦-8.61520767211914),(Vehicles4↦-8.077749609947205),(Vehicles5↦-10.521780252456665)}",
        "VehiclesY": "{(EgoVehicle↦2.6645352591003757E-15),(Vehicles2↦8.000000238418579),(Vehicles3↦4.0000001192092896),(Vehicles4↦-1.3322676295501878E-15),(Vehicles5↦8.000000238418579)}",
        "VehiclesVy": "{(EgoVehicle↦0.0),(Vehicles2↦0.0),(Vehicles3↦0.0),(Vehicles4↦0.0),(Vehicles5↦0.0)}",
        "VehiclesX": "{(EgoVehicle↦200.0),(Vehicles2↦33.7009459733963),(Vehicles3↦41.01186990737915),(Vehicles4↦45.02786099910736),(Vehicles5↦83.37322473526001)}"
      },
      "probabilisticVariables": null,
      "activating": [
        "SLOWER_48"
      ],
      "activatingOnlyWhenExecuted": true,
      "updating": null,
      "withPredicate": null
    },
    {
      "id": "SLOWER_48",
      "execute": "SLOWER",
      "after": "1000",
      "priority": 0,
      "additionalGuards": null,
      "activationKind": null,
      "fixedVariables": {
        "Crash": "FALSE",
        "VehiclesAy": "{(EgoVehicle↦0.0),(Vehicles2↦0.0),(Vehicles3↦0.0),(Vehicles4↦0.0),(Vehicles5↦0.0)}",
        "Reward": "0.814981693963519",
        "VehiclesAx": "{(EgoVehicle↦-3.7044572830200195),(Vehicles2↦3.7537485361099243),(Vehicles3↦3.7099897861480713),(Vehicles4↦3.7173569202423096),(Vehicles5↦3.7480849027633667)}",
        "VehiclesVx": "{(EgoVehicle↦25.561814308166504),(Vehicles2↦-7.093220353126526),(Vehicles3↦-4.905217885971069),(Vehicles4↦-4.360392689704895),(Vehicles5↦-6.773695349693298)}",
        "VehiclesY": "{(EgoVehicle↦2.6645352591003757E-15),(Vehicles2↦8.000000238418579),(Vehicles3↦4.0000001192092896),(Vehicles4↦-1.3322676295501878E-15),(Vehicles5↦8.000000238418579)}",
        "VehiclesVy": "{(EgoVehicle↦0.0),(Vehicles2↦0.0),(Vehicles3↦0.0),(Vehicles4↦0.0),(Vehicles5↦0.0)}",
        "VehiclesX": "{(EgoVehicle↦200.0),(Vehicles2↦24.91743713617325),(Vehicles3↦34.4424694776535),(Vehicles4↦38.9989048242569),(Vehicles5↦74.91262555122375)}"
      },
      "probabilisticVariables": null,
      "activating": [
        "IDLE_49"
      ],
      "activatingOnlyWhenExecuted": true,
      "updating": null,
      "withPredicate": null
    },
    {
      "id": "IDLE_49",
      "execute": "IDLE",
      "after": "1000",
      "priority": 0,
      "additionalGuards": null,
      "activationKind": null,
      "fixedVariables": {
        "Crash": "FALSE",
        "VehiclesAy": "{(EgoVehicle↦0.0),(Vehicles2↦0.0),(Vehicles3↦0.0),(Vehicles4↦0.0),(Vehicles5↦0.0)}",
        "Reward": "0.8019728979705046",
        "VehiclesAx": "{(EgoVehicle↦-0.48783063888549805),(Vehicles2↦0.5353200435638428),(Vehicles3↦0.49339890480041504),(Vehicles4↦0.5002933740615845),(Vehicles5↦0.529865026473999)}",
        "VehiclesVx": "{(EgoVehicle↦25.073983669281006),(Vehicles2↦-6.557900309562683),(Vehicles3↦-4.411818981170654),(Vehicles4↦-3.8600993156433105),(Vehicles5↦-6.243830323219299)}",
        "VehiclesY": "{(EgoVehicle↦2.6645352591003757E-15),(Vehicles2↦8.000000238418579),(Vehicles3↦4.0000001192092896),(Vehicles4↦-3.9968028886505635E-15),(Vehicles5↦8.000000238418579)}",
        "VehiclesVy": "{(EgoVehicle↦0.0),(Vehicles2↦0.0),(Vehicles3↦0.0),(Vehicles4↦0.0),(Vehicles5↦0.0)}",
        "VehiclesX": "{(EgoVehicle↦200.0),(Vehicles2↦18.112468719482422),(Vehicles3↦29.808589816093445),(Vehicles4↦34.91264581680298),(Vehicles5↦68.42498183250427)}"
      },
      "probabilisticVariables": null,
      "activating": [
        "SLOWER_50"
      ],
      "activatingOnlyWhenExecuted": true,
      "updating": null,
      "withPredicate": null
    },
    {
      "id": "SLOWER_50",
      "execute": "SLOWER",
      "after": "1000",
      "priority": 0,
      "additionalGuards": null,
      "activationKind": null,
      "fixedVariables": {
        "Crash": "FALSE",
        "VehiclesAy": "{(EgoVehicle↦0.0),(Vehicles2↦0.0),(Vehicles3↦0.0),(Vehicles4↦0.0),(Vehicles5↦0.0)}",
        "Reward": "0.6844847712005054",
        "VehiclesAx": "{(EgoVehicle↦-4.405803680419922),(Vehicles2↦4.451598525047302),(Vehicles3↦4.411405750215636),(Vehicles4↦4.4178567454218864),(Vehicles5↦4.446339905261993)}",
        "VehiclesVx": "{(EgoVehicle↦20.668179988861084),(Vehicles2↦-2.106301784515381),(Vehicles3↦-0.0004132309550186619),(Vehicles4↦0.5577574297785759),(Vehicles5↦-1.797490417957306)}",
        "VehiclesY": "{(EgoVehicle↦2.6645352591003757E-15),(Vehicles2↦8.000000238418579),(Vehicles3↦4.0000001192092896),(Vehicles4↦-1.3322676295501878E-15),(Vehicles5↦8.000000238418579)}",
        "VehiclesVy": "{(EgoVehicle↦0.0),(Vehicles2↦0.0),(Vehicles3↦0.0),(Vehicles4↦0.0),(Vehicles5↦0.0)}",
        "VehiclesX": "{(EgoVehicle↦200.0),(Vehicles2↦14.003519713878632),(Vehicles3↦27.829509973526),(Vehicles4↦33.48790109157562),(Vehicles5↦64.62798118591309)}"
      },
      "probabilisticVariables": null,
      "activating": [
        "IDLE_51"
      ],
      "activatingOnlyWhenExecuted": true,
      "updating": null,
      "withPredicate": null
    },
    {
      "id": "IDLE_51",
      "execute": "IDLE",
      "after": "1000",
      "priority": 0,
      "additionalGuards": null,
      "activationKind": null,
      "fixedVariables": {
        "Crash": "FALSE",
        "VehiclesAy": "{(EgoVehicle↦0.0),(Vehicles2↦0.0),(Vehicles3↦0.0),(Vehicles4↦0.0),(Vehicles5↦0.0)}",
        "Reward": "0.6690130837246206",
        "VehiclesAx": "{(EgoVehicle↦-0.5801892280578613),(Vehicles2↦0.6243813037872314),(Vehicles3↦0.5858160027855774),(Vehicles4↦0.5918509140610695),(Vehicles5↦0.6193084269762039)}",
        "VehiclesVx": "{(EgoVehicle↦20.087990760803223),(Vehicles2↦-1.4819204807281494),(Vehicles3↦0.5854027718305588),(Vehicles4↦1.1496083438396454),(Vehicles5↦-1.178181990981102)}",
        "VehiclesY": "{(EgoVehicle↦2.6645352591003757E-15),(Vehicles2↦8.000000238418579),(Vehicles3↦4.0000001192092896),(Vehicles4↦-1.3322676295501878E-15),(Vehicles5↦8.000000238418579)}",
        "VehiclesVy": "{(EgoVehicle↦0.0),(Vehicles2↦0.0),(Vehicles3↦0.0),(Vehicles4↦0.0),(Vehicles5↦0.0)}",
        "VehiclesX": "{(EgoVehicle↦200.0),(Vehicles2↦12.235084921121597),(Vehicles3↦28.151413798332214),(Vehicles4↦34.37041938304901),(Vehicles5↦63.166314363479614)}"
      },
      "probabilisticVariables": null,
      "activating": [
        "IDLE_52"
      ],
      "activatingOnlyWhenExecuted": true,
      "updating": null,
      "withPredicate": null
    },
    {
      "id": "IDLE_52",
      "execute": "IDLE",
      "after": "1000",
      "priority": 0,
      "additionalGuards": null,
      "activationKind": null,
      "fixedVariables": {
        "Crash": "FALSE",
        "VehiclesAy": "{(EgoVehicle↦0.0),(Vehicles2↦0.0),(Vehicles3↦0.0),(Vehicles4↦0.0),(Vehicles5↦0.0)}",
        "Reward": "0.6669756598594837",
        "VehiclesAx": "{(EgoVehicle↦-0.07640361785888672),(Vehicles2↦0.1190844178199768),(Vehicles3↦0.08205287158489227),(Vehicles4↦0.08769728243350983),(Vehicles5↦0.11418640613555908)}",
        "VehiclesVx": "{(EgoVehicle↦20.011587142944336),(Vehicles2↦-1.3628360629081726),(Vehicles3↦0.667455643415451),(Vehicles4↦1.2373056262731552),(Vehicles5↦-1.063995584845543)}",
        "VehiclesY": "{(EgoVehicle↦2.6645352591003757E-15),(Vehicles2↦8.000000238418579),(Vehicles3↦4.0000001192092896),(Vehicles4↦-1.3322676295501878E-15),(Vehicles5↦8.000000238418579)}",
        "VehiclesVy": "{(EgoVehicle↦0.0),(Vehicles2↦0.0),(Vehicles3↦0.0),(Vehicles4↦0.0),(Vehicles5↦0.0)}",
        "VehiclesX": "{(EgoVehicle↦200.0),(Vehicles2↦10.812503099441528),(Vehicles3↦28.78122329711914),(Vehicles4↦35.566723346710205),(Vehicles5↦62.04550266265869)}"
      },
      "probabilisticVariables": null,
      "activating": [
        "IDLE_53"
      ],
      "activatingOnlyWhenExecuted": true,
      "updating": null,
      "withPredicate": null
    },
    {
      "id": "IDLE_53",
      "execute": "IDLE",
      "after": "1000",
      "priority": 0,
      "additionalGuards": null,
      "activationKind": null,
      "fixedVariables": {
        "Crash": "FALSE",
        "VehiclesAy": "{(EgoVehicle↦0.0),(Vehicles2↦0.0),(Vehicles3↦0.0),(Vehicles4↦0.0),(Vehicles5↦0.0)}",
        "Reward": "0.6667073571282723",
        "VehiclesAx": "{(EgoVehicle↦-0.010061264038085938),(Vehicles2↦0.051312148571014404),(Vehicles3↦0.015728026628494263),(Vehicles4↦0.021005496382713318),(Vehicles5↦0.04657916724681854)}",
        "VehiclesVx": "{(EgoVehicle↦20.00152587890625),(Vehicles2↦-1.3115239143371582),(Vehicles3↦0.6831836700439453),(Vehicles4↦1.2583111226558685),(Vehicles5↦-1.0174164175987244)}",
        "VehiclesY": "{(EgoVehicle↦2.6645352591003757E-15),(Vehicles2↦8.000000238418579),(Vehicles3↦4.0000001192092896),(Vehicles4↦-1.3322676295501878E-15),(Vehicles5↦8.000000238418579)}",
        "VehiclesVy": "{(EgoVehicle↦0.0),(Vehicles2↦0.0),(Vehicles3↦0.0),(Vehicles4↦0.0),(Vehicles5↦0.0)}",
        "VehiclesX": "{(EgoVehicle↦200.0),(Vehicles2↦9.471829235553741),(Vehicles3↦29.456493258476257),(Vehicles4↦36.81398332118988),(Vehicles5↦61.00175976753235)}"
      },
      "probabilisticVariables": null,
      "activating": [
        "IDLE_54"
      ],
      "activatingOnlyWhenExecuted": true,
      "updating": null,
      "withPredicate": null
    },
    {
      "id": "IDLE_54",
      "execute": "IDLE",
      "after": "1000",
      "priority": 0,
      "additionalGuards": null,
      "activationKind": null,
      "fixedVariables": {
        "Crash": "FALSE",
        "VehiclesAy": "{(EgoVehicle↦0.0),(Vehicles2↦0.0),(Vehicles3↦0.0),(Vehicles4↦0.0),(Vehicles5↦0.0)}",
        "Reward": "0.6666720250813637",
        "VehiclesAx": "{(EgoVehicle↦-0.0013256072998046875),(Vehicles2↦0.04122123122215271),(Vehicles3↦0.007004290819168091),(Vehicles4↦0.011937171220779419),(Vehicles5↦0.036644190549850464)}",
        "VehiclesVx": "{(EgoVehicle↦20.000200271606445),(Vehicles2↦-1.2703026831150055),(Vehicles3↦0.6901879608631134),(Vehicles4↦1.270248293876648),(Vehicles5↦-0.9807722270488739)}",
        "VehiclesY": "{(EgoVehicle↦2.6645352591003757E-15),(Vehicles2↦8.000000238418579),(Vehicles3↦4.0000001192092896),(Vehicles4↦-1.3322676295501878E-15),(Vehicles5↦8.000000238418579)}",
        "VehiclesVy": "{(EgoVehicle↦0.0),(Vehicles2↦0.0),(Vehicles3↦0.0),(Vehicles4↦0.0),(Vehicles5↦0.0)}",
        "VehiclesX": "{(EgoVehicle↦200.0),(Vehicles2↦8.177100121974945),(Vehicles3↦30.142679810523987),(Vehicles4↦38.07729482650757),(Vehicles5↦59.999293088912964)}"
      },
      "probabilisticVariables": null,
      "activating": [
        "IDLE_55"
      ],
      "activatingOnlyWhenExecuted": true,
      "updating": null,
      "withPredicate": null
    },
    {
      "id": "IDLE_55",
      "execute": "IDLE",
      "after": "1000",
      "priority": 0,
      "additionalGuards": null,
      "activationKind": null,
      "fixedVariables": {
        "Crash": "FALSE",
        "VehiclesAy": "{(EgoVehicle↦0.0),(Vehicles2↦0.0),(Vehicles3↦0.0),(Vehicles4↦0.0),(Vehicles5↦0.0)}",
        "Reward": "0.6666673723015238",
        "VehiclesAx": "{(EgoVehicle↦-0.00017404556274414062),(Vehicles2↦0.038786381483078),(Vehicles3↦0.005862563848495483),(Vehicles4↦0.010471194982528687),(Vehicles5↦0.03435678780078888)}",
        "VehiclesVx": "{(EgoVehicle↦20.0000262260437),(Vehicles2↦-1.2315163016319275),(Vehicles3↦0.6960505247116089),(Vehicles4↦1.2807194888591766),(Vehicles5↦-0.946415439248085)}",
        "VehiclesY": "{(EgoVehicle↦0.0),(Vehicles2↦8.000000238418579),(Vehicles3↦4.0000001192092896),(Vehicles4↦0.0),(Vehicles5↦8.000000238418579)}",
        "VehiclesVy": "{(EgoVehicle↦0.0),(Vehicles2↦0.0),(Vehicles3↦0.0),(Vehicles4↦0.0),(Vehicles5↦0.0)}",
        "VehiclesX": "{(EgoVehicle↦200.0),(Vehicles2↦6.922438740730286),(Vehicles3↦30.835238099098206),(Vehicles4↦39.35178518295288),(Vehicles5↦59.0323805809021)}"
      },
      "probabilisticVariables": null,
      "activating": [
        "IDLE_56"
      ],
      "activatingOnlyWhenExecuted": true,
      "updating": null,
      "withPredicate": null
    },
    {
      "id": "IDLE_56",
      "execute": "IDLE",
      "after": "1000",
      "priority": 0,
      "additionalGuards": null,
      "activationKind": null,
      "fixedVariables": {
        "Crash": "FALSE",
        "VehiclesAy": "{(EgoVehicle↦0.0),(Vehicles2↦0.0),(Vehicles3↦0.0),(Vehicles4↦0.0),(Vehicles5↦0.0)}",
        "Reward": "0.6666667595897754",
        "VehiclesAx": "{(EgoVehicle↦-2.384185791015625E-05),(Vehicles2↦0.03741554915904999),(Vehicles3↦0.005715787410736084),(Vehicles4↦0.010019540786743164),(Vehicles5↦0.033125728368759155)}",
        "VehiclesVx": "{(EgoVehicle↦20.00000238418579),(Vehicles2↦-1.1941007524728775),(Vehicles3↦0.701766312122345),(Vehicles4↦1.2907390296459198),(Vehicles5↦-0.9132897108793259)}",
        "VehiclesY": "{(EgoVehicle↦2.6645352591003757E-15),(Vehicles2↦8.000000238418579),(Vehicles3↦4.0000001192092896),(Vehicles4↦-1.3322676295501878E-15),(Vehicles5↦8.000000238418579)}",
        "VehiclesVy": "{(EgoVehicle↦0.0),(Vehicles2↦0.0),(Vehicles3↦0.0),(Vehicles4↦0.0),(Vehicles5↦0.0)}",
        "VehiclesX": "{(EgoVehicle↦200.0),(Vehicles2↦5.70598691701889),(Vehicles3↦31.533578038215637),(Vehicles4↦40.636539459228516),(Vehicles5↦58.099305629730225)}"
      },
      "probabilisticVariables": null,
      "activating": [
        "IDLE_57"
      ],
      "activatingOnlyWhenExecuted": true,
      "updating": null,
      "withPredicate": null
    },
    {
      "id": "IDLE_57",
      "execute": "IDLE",
      "after": "1000",
      "priority": 0,
      "additionalGuards": null,
      "activationKind": null,
      "fixedVariables": {
        "Crash": "FALSE",
        "VehiclesAy": "{(EgoVehicle↦0.0),(Vehicles2↦0.0),(Vehicles3↦0.0),(Vehicles4↦0.0),(Vehicles5↦0.0)}",
        "Reward": "0.6666666789034547",
        "VehiclesAx": "{(EgoVehicle↦-2.384185791015625E-06),(Vehicles2↦0.03623694181442261),(Vehicles3↦0.005697011947631836),(Vehicles4↦0.009713619947433472),(Vehicles5↦0.03207944333553314)}",
        "VehiclesVx": "{(EgoVehicle↦20.0),(Vehicles2↦-1.157863810658455),(Vehicles3↦0.7074633240699768),(Vehicles4↦1.3004526495933533),(Vehicles5↦-0.8812102675437927)}",
        "VehiclesY": "{(EgoVehicle↦2.6645352591003757E-15),(Vehicles2↦8.000000238418579),(Vehicles3↦4.0000001192092896),(Vehicles4↦-1.3322676295501878E-15),(Vehicles5↦8.000000238418579)}",
        "VehiclesVy": "{(EgoVehicle↦0.0),(Vehicles2↦0.0),(Vehicles3↦0.0),(Vehicles4↦0.0),(Vehicles5↦0.0)}",
        "VehiclesX": "{(EgoVehicle↦200.0),(Vehicles2↦4.526471719145775),(Vehicles3↦32.23762512207031),(Vehicles4↦41.93118512630463),(Vehicles5↦57.19892382621765)}"
      },
      "probabilisticVariables": null,
      "activating": [
        "IDLE_58"
      ],
      "activatingOnlyWhenExecuted": true,
      "updating": null,
      "withPredicate": null
    },
    {
      "id": "IDLE_58",
      "execute": "IDLE",
      "after": "1000",
      "priority": 0,
      "additionalGuards": null,
      "activationKind": null,
      "fixedVariables": {
        "Crash": "FALSE",
        "VehiclesAy": "{(EgoVehicle↦0.0),(Vehicles2↦0.0),(Vehicles3↦0.0),(Vehicles4↦0.0),(Vehicles5↦0.0)}",
        "Reward": "0.6666666682780956",
        "VehiclesAx": "{(EgoVehicle↦0.0),(Vehicles2↦0.03513209521770477),(Vehicles3↦0.005692243576049805),(Vehicles4↦0.009438395500183105),(Vehicles5↦0.031100213527679443)}",
        "VehiclesVx": "{(EgoVehicle↦20.0),(Vehicles2↦-1.1227317154407501),(Vehicles3↦0.7131555676460266),(Vehicles4↦1.3098910450935364),(Vehicles5↦-0.8501100540161133)}",
        "VehiclesY": "{(EgoVehicle↦2.6645352591003757E-15),(Vehicles2↦8.000000238418579),(Vehicles3↦4.0000001192092896),(Vehicles4↦-1.3322676295501878E-15),(Vehicles5↦8.000000238418579)}",
        "VehiclesVy": "{(EgoVehicle↦0.0),(Vehicles2↦0.0),(Vehicles3↦0.0),(Vehicles4↦0.0),(Vehicles5↦0.0)}",
        "VehiclesX": "{(EgoVehicle↦200.0),(Vehicles2↦3.3827468752861023),(Vehicles3↦32.94736444950104),(Vehicles4↦43.23543608188629),(Vehicles5↦56.33023381233215)}"
      },
      "probabilisticVariables": null,
      "activating": [
        "IDLE_59"
      ],
      "activatingOnlyWhenExecuted": true,
      "updating": null,
      "withPredicate": null
    },
    {
      "id": "IDLE_59",
      "execute": "IDLE",
      "after": "1000",
      "priority": 0,
      "additionalGuards": null,
      "activationKind": null,
      "fixedVariables": {
        "Crash": "FALSE",
        "VehiclesAy": "{(EgoVehicle↦0.0),(Vehicles2↦0.0),(Vehicles3↦0.0),(Vehicles4↦0.0),(Vehicles5↦0.0)}",
        "Reward": "0.6666666668788713",
        "VehiclesAx": "{(EgoVehicle↦0.0),(Vehicles2↦0.03408201038837433),(Vehicles3↦0.005686506628990173),(Vehicles4↦0.009178072214126587),(Vehicles5↦0.03016941249370575)}",
        "VehiclesVx": "{(EgoVehicle↦20.0),(Vehicles2↦-1.0886497050523758),(Vehicles3↦0.7188420742750168),(Vehicles4↦1.319069117307663),(Vehicles5↦-0.8199406415224075)}",
        "VehiclesY": "{(EgoVehicle↦2.6645352591003757E-15),(Vehicles2↦8.000000238418579),(Vehicles3↦4.0000001192092896),(Vehicles4↦-1.3322676295501878E-15),(Vehicles5↦8.000000238418579)}",
        "VehiclesVy": "{(EgoVehicle↦0.0),(Vehicles2↦0.0),(Vehicles3↦0.0),(Vehicles4↦0.0),(Vehicles5↦0.0)}",
        "VehiclesX": "{(EgoVehicle↦200.0),(Vehicles2↦2.2737300023436546),(Vehicles3↦33.66279602050781),(Vehicles4↦44.549018144607544),(Vehicles5↦55.49226403236389)}"
      },
      "probabilisticVariables": null,
      "activating": [
        "IDLE_60"
      ],
      "activatingOnlyWhenExecuted": true,
      "updating": null,
      "withPredicate": null
    },
    {
      "id": "IDLE_60",
      "execute": "IDLE",
      "after": "1000",
      "priority": 0,
      "additionalGuards": null,
      "activationKind": null,
      "fixedVariables": {
        "Crash": "FALSE",
        "VehiclesAy": "{(EgoVehicle↦0.0),(Vehicles2↦0.0),(Vehicles3↦0.0),(Vehicles4↦0.0),(Vehicles5↦0.0)}",
        "Reward": "0.6666666666946114",
        "VehiclesAx": "{(EgoVehicle↦0.0),(Vehicles2↦0.0330815464258194),(Vehicles3↦0.005678161978721619),(Vehicles4↦0.008929669857025146),(Vehicles5↦0.029282346367836)}",
        "VehiclesVx": "{(EgoVehicle↦20.0),(Vehicles2↦-1.0555681586265564),(Vehicles3↦0.7245202362537384),(Vehicles4↦1.327998787164688),(Vehicles5↦-0.7906582951545715)}",
        "VehiclesY": "{(EgoVehicle↦2.6645352591003757E-15),(Vehicles2↦8.000000238418579),(Vehicles3↦4.0000001192092896),(Vehicles4↦-1.3322676295501878E-15),(Vehicles5↦8.000000238418579)}",
        "VehiclesVy": "{(EgoVehicle↦0.0),(Vehicles2↦0.0),(Vehicles3↦0.0),(Vehicles4↦0.0),(Vehicles5↦0.0)}",
        "VehiclesX": "{(EgoVehicle↦200.0),(Vehicles2↦1.1983910575509071),(Vehicles3↦34.38391089439392),(Vehicles4↦45.87167799472809),(Vehicles5↦54.6841025352478)}"
      },
      "probabilisticVariables": null,
      "activating": [
        "SLOWER_61"
      ],
      "activatingOnlyWhenExecuted": true,
      "updating": null,
      "withPredicate": null
    },
    {
      "id": "SLOWER_61",
      "execute": "SLOWER",
      "after": "1000",
      "priority": 0,
      "additionalGuards": null,
      "activationKind": null,
      "fixedVariables": {
        "Crash": "FALSE",
        "VehiclesAy": "{(EgoVehicle↦0.0),(Vehicles2↦0.0),(Vehicles3↦0.0),(Vehicles4↦0.0),(Vehicles5↦0.0)}",
        "Reward": "0.6666666666703467",
        "VehiclesAx": "{(EgoVehicle↦0.0),(Vehicles2↦0.032126978039741516),(Vehicles3↦0.005666986107826233),(Vehicles4↦0.008692145347595215),(Vehicles5↦0.028435736894607544)}",
        "VehiclesVx": "{(EgoVehicle↦20.0),(Vehicles2↦-1.0234411805868149),(Vehicles3↦0.7301872223615646),(Vehicles4↦1.3366909325122833),(Vehicles5↦-0.762222558259964)}",
        "VehiclesY": "{(EgoVehicle↦2.6645352591003757E-15),(Vehicles2↦8.000000238418579),(Vehicles3↦4.0000001192092896),(Vehicles4↦-1.3322676295501878E-15),(Vehicles5↦8.000000238418579)}",
        "VehiclesVy": "{(EgoVehicle↦0.0),(Vehicles2↦0.0),(Vehicles3↦0.0),(Vehicles4↦0.0),(Vehicles5↦0.0)}",
        "VehiclesX": "{(EgoVehicle↦200.0),(Vehicles2↦0.15574825229123235),(Vehicles3↦35.11069715023041),(Vehicles4↦47.203171253204346),(Vehicles5↦53.904885053634644)}"
      },
      "probabilisticVariables": null,
      "activating": null,
      "activatingOnlyWhenExecuted": true,
      "updating": null,
      "withPredicate": null
    }
  ],
  "listeners": [],
  "metadata": {
    "fileType": "Timed_Trace",
    "formatVersion": 3,
    "savedAt": "2023-08-21T13:22:44.687936Z",
    "creator": "Simulation: HYPOTHESIS_TEST; SIGNIFICANCE : 0.05, PROBABILITY : 0.95, MAX_STEPS_BEFORE_PROPERTY : 0, EXECUTIONS : 1000, PREDICATE : Crash = FALSE, ENDING_TIME : 60000, HYPOTHESIS_CHECKING_TYPE : LEFT_TAILED, CHECKING_TYPE : PREDICATE_INVARIANT",
    "proB2KernelVersion": "4.12.2",
    "proBCliVersion": "1.12.2-final",
    "modelName": "HighwayEnvironment2"
  }
}