{
  "variables": {},
  "activations": [
    {
      "id": "$setup_constants",
      "execute": "$setup_constants",
      "after": "0",
      "priority": 0,
      "additionalGuards": null,
      "activationKind": null,
      "fixedVariables": null,
      "probabilisticVariables": null,
      "activating": null,
      "activatingOnlyWhenExecuted": true,
      "updating": null,
      "withPredicate": null
    },
    {
      "id": "$initialise_machine",
      "execute": "$initialise_machine",
      "after": "0",
      "priority": 0,
      "additionalGuards": null,
      "activationKind": null,
      "fixedVariables": {
        "Crash": "FALSE",
        "VehiclesAy": "{(EgoVehicle↦0.0),(Vehicles2↦0.0),(Vehicles3↦0.0),(Vehicles4↦0.0),(Vehicles5↦0.0)}",
        "Reward": "0.0",
        "VehiclesAx": "{(EgoVehicle↦0.0),(Vehicles2↦0.0),(Vehicles3↦0.0),(Vehicles4↦0.0),(Vehicles5↦0.0)}",
        "VehiclesVx": "{(EgoVehicle↦25.0),(Vehicles2↦-1.586979478597641),(Vehicles3↦-3.778316378593445),(Vehicles4↦-1.6409391164779663),(Vehicles5↦-2.3881463706493378)}",
        "VehiclesY": "{(EgoVehicle↦0.0),(Vehicles2↦0.0),(Vehicles3↦4.0000001192092896),(Vehicles4↦8.000000238418579),(Vehicles5↦8.000000238418579)}",
        "VehiclesVy": "{(EgoVehicle↦0.0),(Vehicles2↦0.0),(Vehicles3↦0.0),(Vehicles4↦0.0),(Vehicles5↦0.0)}",
        "VehiclesX": "{(EgoVehicle↦155.47314882278442),(Vehicles2↦26.755288243293762),(Vehicles3↦47.44262993335724),(Vehicles4↦70.93768119812012),(Vehicles5↦97.04801440238953)}"
      },
      "probabilisticVariables": null,
      "activating": [
        "LANE_RIGHT_2"
      ],
      "activatingOnlyWhenExecuted": true,
      "updating": null,
      "withPredicate": null
    },
    {
      "id": "LANE_RIGHT_2",
      "execute": "LANE_RIGHT",
      "after": "1000",
      "priority": 0,
      "additionalGuards": null,
      "activationKind": null,
      "fixedVariables": {
        "Crash": "FALSE",
        "VehiclesAy": "{(EgoVehicle↦1.0796338319778442),(Vehicles2↦-1.0796338319778442),(Vehicles3↦-1.0796338319778442),(Vehicles4↦-1.0796338319778442),(Vehicles5↦-1.0796338319778442)}",
        "Reward": "0.8327113850086175",
        "VehiclesAx": "{(EgoVehicle↦-0.023322105407714844),(Vehicles2↦-0.5261428654193878),(Vehicles3↦-0.4725426435470581),(Vehicles4↦-4.583145380020142),(Vehicles5↦-0.6031401455402374)}",
        "VehiclesVx": "{(EgoVehicle↦24.976677894592285),(Vehicles2↦-2.113122344017029),(Vehicles3↦-4.250859022140503),(Vehicles4↦-6.224084496498108),(Vehicles5↦-2.991286516189575)}",
        "VehiclesY": "{(EgoVehicle↦3.6599650382995605),(Vehicles2↦-3.6599650382995605),(Vehicles3↦0.3400348797440529),(Vehicles4↦4.34003484249115),(Vehicles5↦4.34003484249115)}",
        "VehiclesVy": "{(EgoVehicle↦1.0796338319778442),(Vehicles2↦-1.0796338319778442),(Vehicles3↦-1.0796338319778442),(Vehicles4↦-1.0796338319778442),(Vehicles5↦-1.0796338319778442)}",
        "VehiclesX": "{(EgoVehicle↦180.15339374542236),(Vehicles2↦25.240913033485413),(Vehicles3↦43.790388107299805),(Vehicles4↦67.38970875740051),(Vehicles5↦94.74061131477356)}"
      },
      "probabilisticVariables": null,
      "activating": [
        "LANE_RIGHT_3"
      ],
      "activatingOnlyWhenExecuted": true,
      "updating": null,
      "withPredicate": null
    },
    {
      "id": "LANE_RIGHT_3",
      "execute": "LANE_RIGHT",
      "after": "1000",
      "priority": 0,
      "additionalGuards": null,
      "activationKind": null,
      "fixedVariables": {
        "Crash": "FALSE",
        "VehiclesAy": "{(EgoVehicle↦0.037668049335479736),(Vehicles2↦-0.037668049335479736),(Vehicles3↦-0.037668049335479736),(Vehicles4↦-0.037668049335479736),(Vehicles5↦-2.196935713291168)}",
        "Reward": "0.8660005399738949",
        "VehiclesAx": "{(EgoVehicle↦-0.0016570091247558594),(Vehicles2↦-0.29660627245903015),(Vehicles3↦-0.42961806058883667),(Vehicles4↦-1.0781913995742798),(Vehicles5↦-0.7325124740600586)}",
        "VehiclesVx": "{(EgoVehicle↦24.97502088546753),(Vehicles2↦-2.409728616476059),(Vehicles3↦-4.68047708272934),(Vehicles4↦-7.302275896072388),(Vehicles5↦-3.723798990249634)}",
        "VehiclesY": "{(EgoVehicle↦7.648639440536499),(Vehicles2↦-7.648639440536499),(Vehicles3↦-3.6486393213272095),(Vehicles4↦0.35136057436466217),(Vehicles5↦0.35136057436466217)}",
        "VehiclesVy": "{(EgoVehicle↦1.117301881313324),(Vehicles2↦-1.117301881313324),(Vehicles3↦-1.117301881313324),(Vehicles4↦-1.117301881313324),(Vehicles5↦-1.117301881313324)}",
        "VehiclesX": "{(EgoVehicle↦200.0),(Vehicles2↦23.35008978843689),(Vehicles3↦39.71144258975983),(Vehicles4↦60.96498370170593),(Vehicles5↦91.81132316589355)}"
      },
      "probabilisticVariables": null,
      "activating": [
        "IDLE_4"
      ],
      "activatingOnlyWhenExecuted": true,
      "updating": null,
      "withPredicate": null
    },
    {
      "id": "IDLE_4",
      "execute": "IDLE",
      "after": "1000",
      "priority": 0,
      "additionalGuards": null,
      "activationKind": null,
      "fixedVariables": {
        "Crash": "FALSE",
        "VehiclesAy": "{(EgoVehicle↦-1.078004245646298),(Vehicles2↦1.078004245646298),(Vehicles3↦1.078004245646298),(Vehicles4↦1.078004245646298),(Vehicles5↦-1.15659951698035)}",
        "Reward": "0.8666658430372319",
        "VehiclesAx": "{(EgoVehicle↦0.0249481201171875),(Vehicles2↦-0.18977120518684387),(Vehicles3↦-0.322704017162323),(Vehicles4↦-0.21431386470794678),(Vehicles5↦-0.6364405155181885)}",
        "VehiclesVx": "{(EgoVehicle↦24.999969005584717),(Vehicles2↦-2.599499821662903),(Vehicles3↦-5.003181099891663),(Vehicles4↦-7.5165897607803345),(Vehicles5↦-4.360239505767822)}",
        "VehiclesY": "{(EgoVehicle↦7.988144159317017),(Vehicles2↦-7.988144159317017),(Vehicles3↦-3.9881443977355957),(Vehicles4↦0.011855648830533028),(Vehicles5↦0.011855648830533028)}",
        "VehiclesVy": "{(EgoVehicle↦0.03929763566702604),(Vehicles2↦-0.03929763566702604),(Vehicles3↦-0.03929763566702604),(Vehicles4↦-0.03929763566702604),(Vehicles5↦-0.03929763566702604)}",
        "VehiclesX": "{(EgoVehicle↦200.0),(Vehicles2↦20.84565907716751),(Vehicles3↦34.88136827945709),(Vehicles4↦53.53017449378967),(Vehicles5↦87.80685067176819)}"
      },
      "probabilisticVariables": null,
      "activating": [
        "SLOWER_5"
      ],
      "activatingOnlyWhenExecuted": true,
      "updating": null,
      "withPredicate": null
    },
    {
      "id": "SLOWER_5",
      "execute": "SLOWER",
      "after": "1000",
      "priority": 0,
      "additionalGuards": null,
      "activationKind": null,
      "fixedVariables": {
        "Crash": "FALSE",
        "VehiclesAy": "{(EgoVehicle↦-0.03768095397390425),(Vehicles2↦0.03768095397390425),(Vehicles3↦0.03768095397390425),(Vehicles4↦0.03768095397390425),(Vehicles5↦-0.040914317360147834)}",
        "Reward": "0.75089163068621",
        "VehiclesAx": "{(EgoVehicle↦-4.341533184051514),(Vehicles2↦4.239334315061569),(Vehicles3↦4.1410695761442184),(Vehicles4↦4.434361159801483),(Vehicles5↦3.9181096479296684)}",
        "VehiclesVx": "{(EgoVehicle↦20.658435821533203),(Vehicles2↦1.6398344933986664),(Vehicles3↦-0.8621115237474442),(Vehicles4↦-3.0822286009788513),(Vehicles5↦-0.44212985783815384)}",
        "VehiclesY": "{(EgoVehicle↦7.999440908432007),(Vehicles2↦-7.999440908432007),(Vehicles3↦-3.999441146850586),(Vehicles4↦0.0005589070060523227),(Vehicles5↦0.0005589070060523227)}",
        "VehiclesVy": "{(EgoVehicle↦0.0016166816931217909),(Vehicles2↦-0.0016166816931217909),(Vehicles3↦-0.0016166816931217909),(Vehicles4↦-0.0016166816931217909),(Vehicles5↦-0.0016166816931217909)}",
        "VehiclesX": "{(EgoVehicle↦200.0),(Vehicles2↦20.59885561466217),(Vehicles3↦32.18693435192108),(Vehicles4↦48.43309223651886),(Vehicles5↦85.65787672996521)}"
      },
      "probabilisticVariables": null,
      "activating": [
        "SLOWER_6"
      ],
      "activatingOnlyWhenExecuted": true,
      "updating": null,
      "withPredicate": null
    },
    {
      "id": "SLOWER_6",
      "execute": "SLOWER",
      "after": "1000",
      "priority": 0,
      "additionalGuards": null,
      "activationKind": null,
      "fixedVariables": {
        "Crash": "FALSE",
        "VehiclesAy": "{(EgoVehicle↦-0.0015174917280091904),(Vehicles2↦0.0015174917280091904),(Vehicles3↦0.0015174917280091904),(Vehicles4↦0.0015174917280091904),(Vehicles5↦-0.0017158716582343914)}",
        "Reward": "0.7356455373155804",
        "VehiclesAx": "{(EgoVehicle↦-0.5717277526855469),(Vehicles2↦0.48489004373550415),(Vehicles3↦0.43705426156520844),(Vehicles4↦0.763828456401825),(Vehicles5↦0.30893776565790176)}",
        "VehiclesVx": "{(EgoVehicle↦20.086708068847656),(Vehicles2↦2.1247245371341705),(Vehicles3↦-0.4250572621822357),(Vehicles4↦-2.3184001445770264),(Vehicles5↦-0.13319209218025208)}",
        "VehiclesY": "{(EgoVehicle↦7.9999659061431885),(Vehicles2↦-7.9999659061431885),(Vehicles3↦-3.999965786933899),(Vehicles4↦3.4183567549916916E-05),(Vehicles5↦3.4183567549916916E-05)}",
        "VehiclesVy": "{(EgoVehicle↦9.918996511260048E-05),(Vehicles2↦-9.918996511260048E-05),(Vehicles3↦-9.918996511260048E-05),(Vehicles4↦-9.918996511260048E-05),(Vehicles5↦-9.918996511260048E-05)}",
        "VehiclesX": "{(EgoVehicle↦200.0),(Vehicles2↦22.517992556095123),(Vehicles3↦31.58167004585266),(Vehicles4↦45.7388699054718),(Vehicles5↦85.41482090950012)}"
      },
      "probabilisticVariables": null,
      "activating": [
        "SLOWER_7"
      ],
      "activatingOnlyWhenExecuted": true,
      "updating": null,
      "withPredicate": null
    },
    {
      "id": "SLOWER_7",
      "execute": "SLOWER",
      "after": "1000",
      "priority": 0,
      "additionalGuards": null,
      "activationKind": null,
      "fixedVariables": {
        "Crash": "FALSE",
        "VehiclesAy": "{(EgoVehicle↦-9.302616945205955E-05),(Vehicles2↦9.302616945205955E-05),(Vehicles3↦9.302616945205955E-05),(Vehicles4↦9.302616945205955E-05),(Vehicles5↦-0.0001053537607731414)}",
        "Reward": "0.7336378211013775",
        "VehiclesAx": "{(EgoVehicle↦-0.07529020309448242),(Vehicles2↦0.005257725715637207),(Vehicles3↦-0.00858791172504425),(Vehicles4↦0.2962459623813629),(Vehicles5↦-0.06824839860200882)}",
        "VehiclesVx": "{(EgoVehicle↦20.011417865753174),(Vehicles2↦2.1299822628498077),(Vehicles3↦-0.43364517390727997),(Vehicles4↦-2.0221541821956635),(Vehicles5↦-0.2014404907822609)}",
        "VehiclesY": "{(EgoVehicle↦7.999998092651367),(Vehicles2↦-7.999998092651367),(Vehicles3↦-3.9999979734420776),(Vehicles4↦2.122464422882331E-06),(Vehicles5↦2.122464422882331E-06)}",
        "VehiclesVy": "{(EgoVehicle↦6.163795660540927E-06),(Vehicles2↦-6.163795660540927E-06),(Vehicles3↦-6.163795660540927E-06),(Vehicles4↦-6.163795660540927E-06),(Vehicles5↦-6.163795660540927E-06)}",
        "VehiclesX": "{(EgoVehicle↦200.0),(Vehicles2↦24.65496063232422),(Vehicles3↦31.161171197891235),(Vehicles4↦43.549615144729614),(Vehicles5↦85.25784015655518)}"
      },
      "probabilisticVariables": null,
      "activating": [
        "SLOWER_8"
      ],
      "activatingOnlyWhenExecuted": true,
      "updating": null,
      "withPredicate": null
    },
    {
      "id": "SLOWER_8",
      "execute": "SLOWER",
      "after": "1000",
      "priority": 0,
      "additionalGuards": null,
      "activationKind": null,
      "fixedVariables": {
        "Crash": "FALSE",
        "VehiclesAy": "{(EgoVehicle↦-5.7803483599627725E-06),(Vehicles2↦5.7803483599627725E-06),(Vehicles3↦5.7803483599627725E-06),(Vehicles4↦5.7803483599627725E-06),(Vehicles5↦-6.547242961119082E-06)}",
        "Reward": "0.7333734304879762",
        "VehiclesAx": "{(EgoVehicle↦-0.009913444519042969),(Vehicles2↦-0.04583388566970825),(Vehicles3↦-0.038623958826065063),(Vehicles4↦0.23021608591079712),(Vehicles5↦-0.053129829466342926)}",
        "VehiclesVx": "{(EgoVehicle↦20.00150442123413),(Vehicles2↦2.0841483771800995),(Vehicles3↦-0.47226913273334503),(Vehicles4↦-1.7919380962848663),(Vehicles5↦-0.2545703202486038)}",
        "VehiclesY": "{(EgoVehicle↦7.999999523162842),(Vehicles2↦-7.999999523162842),(Vehicles3↦-3.999999761581421),(Vehicles4↦1.3202312842963693E-07),(Vehicles5↦1.3202312842963693E-07)}",
        "VehiclesVy": "{(EgoVehicle↦3.834473005781547E-07),(Vehicles2↦-3.834473005781547E-07),(Vehicles3↦-3.834473005781547E-07),(Vehicles4↦-3.834473005781547E-07),(Vehicles5↦-3.834473005781547E-07)}",
        "VehiclesX": "{(EgoVehicle↦200.0),(Vehicles2↦26.7671138048172),(Vehicles3↦30.71131706237793),(Vehicles4↦41.62176549434662),(Vehicles5↦85.0316047668457)}"
      },
      "probabilisticVariables": null,
      "activating": [
        "SLOWER_9"
      ],
      "activatingOnlyWhenExecuted": true,
      "updating": null,
      "withPredicate": null
    },
    {
      "id": "SLOWER_9",
      "execute": "SLOWER",
      "after": "1000",
      "priority": 0,
      "additionalGuards": null,
      "activationKind": null,
      "fixedVariables": {
        "Crash": "FALSE",
        "VehiclesAy": "{(EgoVehicle↦-3.5958978017447407E-07),(Vehicles2↦3.5958978017447407E-07),(Vehicles3↦3.5958978017447407E-07),(Vehicles4↦3.5958978017447407E-07),(Vehicles5↦-4.073048209818353E-07)}",
        "Reward": "0.7333386136170722",
        "VehiclesAx": "{(EgoVehicle↦-0.0013065338134765625),(Vehicles2↦-0.04379093647003174),(Vehicles3↦-0.02466149628162384),(Vehicles4↦0.20824909210205078),(Vehicles5↦-0.012999344617128372)}",
        "VehiclesVx": "{(EgoVehicle↦20.000197887420654),(Vehicles2↦2.0403574407100677),(Vehicles3↦-0.49693062901496887),(Vehicles4↦-1.5836890041828156),(Vehicles5↦-0.2675696648657322)}",
        "VehiclesY": "{(EgoVehicle↦8.000000238418579),(Vehicles2↦-8.000000238418579),(Vehicles3↦-4.0000001192092896),(Vehicles4↦8.21416268337316E-09),(Vehicles5↦8.21416268337316E-09)}",
        "VehiclesVy": "{(EgoVehicle↦2.385752040368061E-08),(Vehicles2↦-2.385752040368061E-08),(Vehicles3↦-2.385752040368061E-08),(Vehicles4↦-2.385752040368061E-08),(Vehicles5↦-2.385752040368061E-08)}",
        "VehiclesX": "{(EgoVehicle↦200.0),(Vehicles2↦28.833234310150146),(Vehicles3↦30.227991938591003),(Vehicles4↦39.914676547050476),(Vehicles5↦84.76918935775757)}"
      },
      "probabilisticVariables": null,
      "activating": [
        "SLOWER_10"
      ],
      "activatingOnlyWhenExecuted": true,
      "updating": null,
      "withPredicate": null
    },
    {
      "id": "SLOWER_10",
      "execute": "SLOWER",
      "after": "1000",
      "priority": 0,
      "additionalGuards": null,
      "activationKind": null,
      "fixedVariables": {
        "Crash": "FALSE",
        "VehiclesAy": "{(EgoVehicle↦-2.237310781083579E-08),(Vehicles2↦2.237310781083579E-08),(Vehicles3↦2.237310781083579E-08),(Vehicles4↦2.237310781083579E-08),(Vehicles5↦-2.534193299652543E-08)}",
        "Reward": "0.73333402867934",
        "VehiclesAx": "{(EgoVehicle↦-0.000171661376953125),(Vehicles2↦-2.549522742629051),(Vehicles3↦2.49971941113472),(Vehicles4↦0.18837615847587585),(Vehicles5↦0.011426806449890137)}",
        "VehiclesVx": "{(EgoVehicle↦20.0000262260437),(Vehicles2↦-0.5091653019189835),(Vehicles3↦2.002788782119751),(Vehicles4↦-1.3953128457069397),(Vehicles5↦-0.25614285841584206)}",
        "VehiclesY": "{(EgoVehicle↦8.000000238418579),(Vehicles2↦-4.0000001192092896),(Vehicles3↦-8.000000238418579),(Vehicles4↦5.11081843512784E-10),(Vehicles5↦5.11081843512784E-10)}",
        "VehiclesVy": "{(EgoVehicle↦1.4844125928448193E-09),(Vehicles2↦-1.4844125928448193E-09),(Vehicles3↦-1.4844125928448193E-09),(Vehicles4↦-1.4844125928448193E-09),(Vehicles5↦-1.4844125928448193E-09)}",
        "VehiclesX": "{(EgoVehicle↦200.0),(Vehicles2↦29.72537875175476),(Vehicles3↦30.858114361763),(Vehicles4↦38.40797543525696),(Vehicles5↦84.50487852096558)}"
      },
      "probabilisticVariables": null,
      "activating": [
        "SLOWER_11"
      ],
      "activatingOnlyWhenExecuted": true,
      "updating": null,
      "withPredicate": null
    },
    {
      "id": "SLOWER_11",
      "execute": "SLOWER",
      "after": "1000",
      "priority": 0,
      "additionalGuards": null,
      "activationKind": null,
      "fixedVariables": {
        "Crash": "FALSE",
        "VehiclesAy": "{(EgoVehicle↦-1.3920598007644003E-09),(Vehicles2↦1.3920598007644003E-09),(Vehicles3↦1.3920598007644003E-09),(Vehicles4↦1.3920598007644003E-09),(Vehicles5↦-1.5767653849252383E-09)}",
        "Reward": "0.7333334249015317",
        "VehiclesAx": "{(EgoVehicle↦-2.384185791015625E-05),(Vehicles2↦-0.0045860931277275085),(Vehicles3↦-0.03294244408607483),(Vehicles4↦0.16759701073169708),(Vehicles5↦0.02185611054301262)}",
        "VehiclesVx": "{(EgoVehicle↦20.00000238418579),(Vehicles2↦-0.513751395046711),(Vehicles3↦1.9698463380336761),(Vehicles4↦-1.2277158349752426),(Vehicles5↦-0.23428674787282944)}",
        "VehiclesY": "{(EgoVehicle↦8.000000238418579),(Vehicles2↦-4.0000001192092896),(Vehicles3↦-8.000000238418579),(Vehicles4↦3.1801228317362984E-11),(Vehicles5↦3.1801228317362984E-11)}",
        "VehiclesVy": "{(EgoVehicle↦9.235279208041902E-11),(Vehicles2↦-9.235279208041902E-11),(Vehicles3↦-9.235279208041902E-11),(Vehicles4↦-9.235279208041902E-11),(Vehicles5↦-9.235279208041902E-11)}",
        "VehiclesX": "{(EgoVehicle↦200.0),(Vehicles2↦29.21392321586609),(Vehicles3↦32.847434282302856),(Vehicles4↦37.08137571811676),(Vehicles5↦84.25705432891846)}"
      },
      "probabilisticVariables": null,
      "activating": [
        "SLOWER_12"
      ],
      "activatingOnlyWhenExecuted": true,
      "updating": null,
      "withPredicate": null
    },
    {
      "id": "SLOWER_12",
      "execute": "SLOWER",
      "after": "1000",
      "priority": 0,
      "additionalGuards": null,
      "activationKind": null,
      "fixedVariables": {
        "Crash": "FALSE",
        "VehiclesAy": "{(EgoVehicle↦-8.661515948915621E-11),(Vehicles2↦8.661515948915621E-11),(Vehicles3↦8.661515948915621E-11),(Vehicles4↦8.661515948915621E-11),(Vehicles5↦-9.809042467168183E-11)}",
        "Reward": "0.7333333453916969",
        "VehiclesAx": "{(EgoVehicle↦-2.384185791015625E-06),(Vehicles2↦-0.00020384788513183594),(Vehicles3↦-0.030054599046707153),(Vehicles4↦0.14696002006530762),(Vehicles5↦0.023916736245155334)}",
        "VehiclesVx": "{(EgoVehicle↦20.0),(Vehicles2↦-0.5139552429318428),(Vehicles3↦1.939791738986969),(Vehicles4↦-1.080755814909935),(Vehicles5↦-0.2103700116276741)}",
        "VehiclesY": "{(EgoVehicle↦8.000000238418579),(Vehicles2↦-4.0000001192092896),(Vehicles3↦-8.000000238418579),(Vehicles4↦1.979749697511579E-12),(Vehicles5↦1.979749697511579E-12)}",
        "VehiclesVy": "{(EgoVehicle↦5.737632591262809E-12),(Vehicles2↦-5.737632591262809E-12),(Vehicles3↦-5.737632591262809E-12),(Vehicles4↦-5.737632591262809E-12),(Vehicles5↦-5.737632591262809E-12)}",
        "VehiclesX": "{(EgoVehicle↦200.0),(Vehicles2↦28.699830174446106),(Vehicles3↦34.80508327484131),(Vehicles4↦35.91406047344208),(Vehicles5↦84.03238654136658)}"
      },
      "probabilisticVariables": null,
      "activating": [
        "SLOWER_13"
      ],
      "activatingOnlyWhenExecuted": true,
      "updating": null,
      "withPredicate": null
    },
    {
      "id": "SLOWER_13",
      "execute": "SLOWER",
      "after": "1000",
      "priority": 0,
      "additionalGuards": null,
      "activationKind": null,
      "fixedVariables": {
        "Crash": "FALSE",
        "VehiclesAy": "{(EgoVehicle↦-5.382361223382759E-12),(Vehicles2↦5.382361223382759E-12),(Vehicles3↦5.382361223382759E-12),(Vehicles4↦5.382361223382759E-12),(Vehicles5↦-6.092903959142859E-12)}",
        "Reward": "0.733333334921266",
        "VehiclesAx": "{(EgoVehicle↦0.0),(Vehicles2↦0.00234309583902359),(Vehicles3↦-2.8930647671222687),(Vehicles4↦2.9921165853738785),(Vehicles5↦0.02187425270676613)}",
        "VehiclesVx": "{(EgoVehicle↦20.0),(Vehicles2↦-0.5116121470928192),(Vehicles3↦-0.9532730281352997),(Vehicles4↦1.9113607704639435),(Vehicles5↦-0.18849575892090797)}",
        "VehiclesY": "{(EgoVehicle↦8.000000238418579),(Vehicles2↦-4.0000001192092896),(Vehicles3↦1.2523315717771766E-13),(Vehicles4↦-8.000000238418579),(Vehicles5↦1.2523315717771766E-13)}",
        "VehiclesVy": "{(EgoVehicle↦3.552713678800501E-13),(Vehicles2↦-3.552713678800501E-13),(Vehicles3↦-3.552713678800501E-13),(Vehicles4↦-3.552713678800501E-13),(Vehicles5↦-3.552713678800501E-13)}",
        "VehiclesX": "{(EgoVehicle↦200.0),(Vehicles2↦28.186655044555664),(Vehicles3↦34.885790944099426),(Vehicles4↦36.733412742614746),(Vehicles5↦83.8310182094574)}"
      },
      "probabilisticVariables": null,
      "activating": [
        "SLOWER_14"
      ],
      "activatingOnlyWhenExecuted": true,
      "updating": null,
      "withPredicate": null
    },
    {
      "id": "SLOWER_14",
      "execute": "SLOWER",
      "after": "1000",
      "priority": 0,
      "additionalGuards": null,
      "activationKind": null,
      "fixedVariables": {
        "Crash": "FALSE",
        "VehiclesAy": "{(EgoVehicle↦-3.375077994860476E-13),(Vehicles2↦3.375077994860476E-13),(Vehicles3↦3.375077994860476E-13),(Vehicles4↦3.375077994860476E-13),(Vehicles5↦-3.730349362740526E-13)}",
        "Reward": "0.7333333335424438",
        "VehiclesAx": "{(EgoVehicle↦0.0),(Vehicles2↦0.003957971930503845),(Vehicles3↦0.10979019105434418),(Vehicles4↦-0.027643293142318726),(Vehicles5↦0.018288791179656982)}",
        "VehiclesVx": "{(EgoVehicle↦20.0),(Vehicles2↦-0.5076541751623154),(Vehicles3↦-0.8434828370809555),(Vehicles4↦1.8837174773216248),(Vehicles5↦-0.170206967741251)}",
        "VehiclesY": "{(EgoVehicle↦8.000000238418579),(Vehicles2↦-4.0000001192092896),(Vehicles3↦7.993605777301127E-15),(Vehicles4↦-8.000000238418579),(Vehicles5↦7.993605777301127E-15)}",
        "VehiclesVy": "{(EgoVehicle↦1.7763568394002505E-14),(Vehicles2↦-1.7763568394002505E-14),(Vehicles3↦-1.7763568394002505E-14),(Vehicles4↦-1.7763568394002505E-14),(Vehicles5↦-1.7763568394002505E-14)}",
        "VehiclesX": "{(EgoVehicle↦200.0),(Vehicles2↦27.676519751548767),(Vehicles3↦33.97777080535889),(Vehicles4↦38.63367736339569),(Vehicles5↦83.650141954422)}"
      },
      "probabilisticVariables": null,
      "activating": [
        "SLOWER_15"
      ],
      "activatingOnlyWhenExecuted": true,
      "updating": null,
      "withPredicate": null
    },
    {
      "id": "SLOWER_15",
      "execute": "SLOWER",
      "after": "1000",
      "priority": 0,
      "additionalGuards": null,
      "activationKind": null,
      "fixedVariables": {
        "Crash": "FALSE",
        "VehiclesAy": "{(EgoVehicle↦-1.7763568394002505E-14),(Vehicles2↦1.7763568394002505E-14),(Vehicles3↦1.7763568394002505E-14),(Vehicles4↦1.7763568394002505E-14),(Vehicles5↦-1.7763568394002505E-14)}",
        "Reward": "0.7333333333608705",
        "VehiclesAx": "{(EgoVehicle↦0.0),(Vehicles2↦0.005137622356414795),(Vehicles3↦0.09416051208972931),(Vehicles4↦-0.02737671136856079),(Vehicles5↦0.014478471130132675)}",
        "VehiclesVx": "{(EgoVehicle↦20.0),(Vehicles2↦-0.5025165528059006),(Vehicles3↦-0.7493223249912262),(Vehicles4↦1.856340765953064),(Vehicles5↦-0.15572849661111832)}",
        "VehiclesY": "{(EgoVehicle↦8.000000238418579),(Vehicles2↦-4.0000001192092896),(Vehicles3↦0.0),(Vehicles4↦-8.000000238418579),(Vehicles5↦0.0)}",
        "VehiclesVy": "{(EgoVehicle↦0.0),(Vehicles2↦0.0),(Vehicles3↦0.0),(Vehicles4↦0.0),(Vehicles5↦0.0)}",
        "VehiclesX": "{(EgoVehicle↦200.0),(Vehicles2↦27.170836925506592),(Vehicles3↦33.17311704158783),(Vehicles4↦40.50643742084503),(Vehicles5↦83.48602652549744)}"
      },
      "probabilisticVariables": null,
      "activating": [
        "SLOWER_16"
      ],
      "activatingOnlyWhenExecuted": true,
      "updating": null,
      "withPredicate": null
    },
    {
      "id": "SLOWER_16",
      "execute": "SLOWER",
      "after": "1000",
      "priority": 0,
      "additionalGuards": null,
      "activationKind": null,
      "fixedVariables": {
        "Crash": "FALSE",
        "VehiclesAy": "{(EgoVehicle↦0.0),(Vehicles2↦0.0),(Vehicles3↦0.0),(Vehicles4↦0.0),(Vehicles5↦0.0)}",
        "Reward": "0.7333333333369597",
        "VehiclesAx": "{(EgoVehicle↦0.0),(Vehicles2↦0.006126202642917633),(Vehicles3↦0.080619677901268),(Vehicles4↦-0.027413666248321533),(Vehicles5↦0.011012544855475426)}",
        "VehiclesVx": "{(EgoVehicle↦20.0),(Vehicles2↦-0.49639035016298294),(Vehicles3↦-0.6687026470899582),(Vehicles4↦1.8289270997047424),(Vehicles5↦-0.1447159517556429)}",
        "VehiclesY": "{(EgoVehicle↦8.000000238418579),(Vehicles2↦-4.0000001192092896),(Vehicles3↦0.0),(Vehicles4↦-8.000000238418579),(Vehicles5↦0.0)}",
        "VehiclesVy": "{(EgoVehicle↦0.0),(Vehicles2↦0.0),(Vehicles3↦0.0),(Vehicles4↦0.0),(Vehicles5↦0.0)}",
        "VehiclesX": "{(EgoVehicle↦200.0),(Vehicles2↦26.670697331428528),(Vehicles3↦32.45704472064972),(Vehicles4↦42.351824045181274),(Vehicles5↦83.33495855331421)}"
      },
      "probabilisticVariables": null,
      "activating": [
        "SLOWER_17"
      ],
      "activatingOnlyWhenExecuted": true,
      "updating": null,
      "withPredicate": null
    },
    {
      "id": "SLOWER_17",
      "execute": "SLOWER",
      "after": "1000",
      "priority": 0,
      "additionalGuards": null,
      "activationKind": null,
      "fixedVariables": {
        "Crash": "FALSE",
        "VehiclesAy": "{(EgoVehicle↦0.0),(Vehicles2↦0.0),(Vehicles3↦0.0),(Vehicles4↦0.0),(Vehicles5↦0.0)}",
        "Reward": "0.7333333333338109",
        "VehiclesAx": "{(EgoVehicle↦0.0),(Vehicles2↦0.007026754319667816),(Vehicles3↦0.06903417408466339),(Vehicles4↦-0.02760857343673706),(Vehicles5↦0.008068131282925606)}",
        "VehiclesVx": "{(EgoVehicle↦20.0),(Vehicles2↦-0.4893635958433151),(Vehicles3↦-0.5996684730052948),(Vehicles4↦1.8013185262680054),(Vehicles5↦-0.13664782047271729)}",
        "VehiclesY": "{(EgoVehicle↦8.000000238418579),(Vehicles2↦-4.0000001192092896),(Vehicles3↦0.0),(Vehicles4↦-8.000000238418579),(Vehicles5↦0.0)}",
        "VehiclesVy": "{(EgoVehicle↦0.0),(Vehicles2↦0.0),(Vehicles3↦0.0),(Vehicles4↦0.0),(Vehicles5↦0.0)}",
        "VehiclesX": "{(EgoVehicle↦200.0),(Vehicles2↦26.177045702934265),(Vehicles3↦31.816810369491577),(Vehicles4↦44.169726967811584),(Vehicles5↦83.19368362426758)}"
      },
      "probabilisticVariables": null,
      "activating": [
        "SLOWER_18"
      ],
      "activatingOnlyWhenExecuted": true,
      "updating": null,
      "withPredicate": null
    },
    {
      "id": "SLOWER_18",
      "execute": "SLOWER",
      "after": "1000",
      "priority": 0,
      "additionalGuards": null,
      "activationKind": null,
      "fixedVariables": {
        "Crash": "FALSE",
        "VehiclesAy": "{(EgoVehicle↦0.0),(Vehicles2↦0.0),(Vehicles3↦0.0),(Vehicles4↦0.0),(Vehicles5↦0.0)}",
        "Reward": "0.7333333333333963",
        "VehiclesAx": "{(EgoVehicle↦0.0),(Vehicles2↦0.007871575653553009),(Vehicles3↦0.05918912589550018),(Vehicles4↦-0.027867108583450317),(Vehicles5↦0.005646059289574623)}",
        "VehiclesVx": "{(EgoVehicle↦20.0),(Vehicles2↦-0.4814920201897621),(Vehicles3↦-0.5404793471097946),(Vehicles4↦1.773451417684555),(Vehicles5↦-0.13100176118314266)}",
        "VehiclesY": "{(EgoVehicle↦8.000000238418579),(Vehicles2↦-4.0000001192092896),(Vehicles3↦0.0),(Vehicles4↦-8.000000238418579),(Vehicles5↦0.0)}",
        "VehiclesVy": "{(EgoVehicle↦0.0),(Vehicles2↦0.0),(Vehicles3↦0.0),(Vehicles4↦0.0),(Vehicles5↦0.0)}",
        "VehiclesX": "{(EgoVehicle↦200.0),(Vehicles2↦25.69076716899872),(Vehicles3↦31.241542100906372),(Vehicles4↦45.959919691085815),(Vehicles5↦83.05946588516235)}"
      },
      "probabilisticVariables": null,
      "activating": [
        "SLOWER_19"
      ],
      "activatingOnlyWhenExecuted": true,
      "updating": null,
      "withPredicate": null
    },
    {
      "id": "SLOWER_19",
      "execute": "SLOWER",
      "after": "1000",
      "priority": 0,
      "additionalGuards": null,
      "activationKind": null,
      "fixedVariables": {
        "Crash": "FALSE",
        "VehiclesAy": "{(EgoVehicle↦0.0),(Vehicles2↦0.0),(Vehicles3↦0.0),(Vehicles4↦0.0),(Vehicles5↦0.0)}",
        "Reward": "0.7333333333333415",
        "VehiclesAx": "{(EgoVehicle↦0.0),(Vehicles2↦0.008662231266498566),(Vehicles3↦0.05084395408630371),(Vehicles4↦-0.028128325939178467),(Vehicles5↦0.003685262054204941)}",
        "VehiclesVx": "{(EgoVehicle↦20.0),(Vehicles2↦-0.47282978892326355),(Vehicles3↦-0.4896353930234909),(Vehicles4↦1.7453230917453766),(Vehicles5↦-0.12731649912893772)}",
        "VehiclesY": "{(EgoVehicle↦8.000000238418579),(Vehicles2↦-4.0000001192092896),(Vehicles3↦0.0),(Vehicles4↦-8.000000238418579),(Vehicles5↦0.0)}",
        "VehiclesVy": "{(EgoVehicle↦0.0),(Vehicles2↦0.0),(Vehicles3↦0.0),(Vehicles4↦0.0),(Vehicles5↦0.0)}",
        "VehiclesX": "{(EgoVehicle↦200.0),(Vehicles2↦25.21267831325531),(Vehicles3↦30.722013115882874),(Vehicles4↦47.722139954566956),(Vehicles5↦82.93008208274841)}"
      },
      "probabilisticVariables": null,
      "activating": [
        "SLOWER_20"
      ],
      "activatingOnlyWhenExecuted": true,
      "updating": null,
      "withPredicate": null
    },
    {
      "id": "SLOWER_20",
      "execute": "SLOWER",
      "after": "1000",
      "priority": 0,
      "additionalGuards": null,
      "activationKind": null,
      "fixedVariables": {
        "Crash": "FALSE",
        "VehiclesAy": "{(EgoVehicle↦0.0),(Vehicles2↦0.0),(Vehicles3↦0.0),(Vehicles4↦0.0),(Vehicles5↦0.0)}",
        "Reward": "0.7333333333333344",
        "VehiclesAx": "{(EgoVehicle↦0.0),(Vehicles2↦0.009390115737915039),(Vehicles3↦0.043766237795352936),(Vehicles4↦-0.028355419635772705),(Vehicles5↦0.0021156203001737595)}",
        "VehiclesVx": "{(EgoVehicle↦20.0),(Vehicles2↦-0.4634396731853485),(Vehicles3↦-0.44586915522813797),(Vehicles4↦1.7169676721096039),(Vehicles5↦-0.12520087882876396)}",
        "VehiclesY": "{(EgoVehicle↦8.000000238418579),(Vehicles2↦-4.0000001192092896),(Vehicles3↦0.0),(Vehicles4↦-8.000000238418579),(Vehicles5↦0.0)}",
        "VehiclesVy": "{(EgoVehicle↦0.0),(Vehicles2↦0.0),(Vehicles3↦0.0),(Vehicles4↦0.0),(Vehicles5↦0.0)}",
        "VehiclesX": "{(EgoVehicle↦200.0),(Vehicles2↦24.743549525737762),(Vehicles3↦30.25040328502655),(Vehicles4↦49.45613741874695),(Vehicles5↦82.80372023582458)}"
      },
      "probabilisticVariables": null,
      "activating": [
        "SLOWER_21"
      ],
      "activatingOnlyWhenExecuted": true,
      "updating": null,
      "withPredicate": null
    },
    {
      "id": "SLOWER_21",
      "execute": "SLOWER",
      "after": "1000",
      "priority": 0,
      "additionalGuards": null,
      "activationKind": null,
      "fixedVariables": {
        "Crash": "FALSE",
        "VehiclesAy": "{(EgoVehicle↦0.0),(Vehicles2↦0.0),(Vehicles3↦0.0),(Vehicles4↦0.0),(Vehicles5↦0.0)}",
        "Reward": "0.7333333333333334",
        "VehiclesAx": "{(EgoVehicle↦0.0),(Vehicles2↦0.010046102106571198),(Vehicles3↦0.03774963319301605),(Vehicles4↦-0.02852529287338257),(Vehicles5↦0.0008774548768997192)}",
        "VehiclesVx": "{(EgoVehicle↦20.0),(Vehicles2↦-0.4533935710787773),(Vehicles3↦-0.4081195220351219),(Vehicles4↦1.6884423792362213),(Vehicles5↦-0.12432342395186424)}",
        "VehiclesY": "{(EgoVehicle↦8.000000238418579),(Vehicles2↦-4.0000001192092896),(Vehicles3↦0.0),(Vehicles4↦-8.000000238418579),(Vehicles5↦0.0)}",
        "VehiclesVy": "{(EgoVehicle↦0.0),(Vehicles2↦0.0),(Vehicles3↦0.0),(Vehicles4↦0.0),(Vehicles5↦0.0)}",
        "VehiclesX": "{(EgoVehicle↦200.0),(Vehicles2↦24.284078180789948),(Vehicles3↦29.8200786113739),(Vehicles4↦51.16170644760132),(Vehicles5↦82.67896175384521)}"
      },
      "probabilisticVariables": null,
      "activating": [
        "SLOWER_22"
      ],
      "activatingOnlyWhenExecuted": true,
      "updating": null,
      "withPredicate": null
    },
    {
      "id": "SLOWER_22",
      "execute": "SLOWER",
      "after": "1000",
      "priority": 0,
      "additionalGuards": null,
      "activationKind": null,
      "fixedVariables": {
        "Crash": "FALSE",
        "VehiclesAy": "{(EgoVehicle↦0.0),(Vehicles2↦0.0),(Vehicles3↦0.0),(Vehicles4↦0.0),(Vehicles5↦0.0)}",
        "Reward": "0.7333333333333334",
        "VehiclesAx": "{(EgoVehicle↦0.0),(Vehicles2↦0.010624192655086517),(Vehicles3↦0.03261938691139221),(Vehicles4↦-0.028625130653381348),(Vehicles5↦-7.437542080879211E-05)}",
        "VehiclesVx": "{(EgoVehicle↦20.0),(Vehicles2↦-0.4427693784236908),(Vehicles3↦-0.3755001351237297),(Vehicles4↦1.65981724858284),(Vehicles5↦-0.12439779937267303)}",
        "VehiclesY": "{(EgoVehicle↦8.000000238418579),(Vehicles2↦-4.0000001192092896),(Vehicles3↦0.0),(Vehicles4↦-8.000000238418579),(Vehicles5↦0.0)}",
        "VehiclesVy": "{(EgoVehicle↦0.0),(Vehicles2↦0.0),(Vehicles3↦0.0),(Vehicles4↦0.0),(Vehicles5↦0.0)}",
        "VehiclesX": "{(EgoVehicle↦200.0),(Vehicles2↦23.834891617298126),(Vehicles3↦29.42538559436798),(Vehicles4↦52.838701009750366),(Vehicles5↦82.55467414855957)}"
      },
      "probabilisticVariables": null,
      "activating": [
        "SLOWER_23"
      ],
      "activatingOnlyWhenExecuted": true,
      "updating": null,
      "withPredicate": null
    },
    {
      "id": "SLOWER_23",
      "execute": "SLOWER",
      "after": "1000",
      "priority": 0,
      "additionalGuards": null,
      "activationKind": null,
      "fixedVariables": {
        "Crash": "FALSE",
        "VehiclesAy": "{(EgoVehicle↦0.0),(Vehicles2↦0.0),(Vehicles3↦0.0),(Vehicles4↦0.0),(Vehicles5↦0.0)}",
        "Reward": "0.7333333333333334",
        "VehiclesAx": "{(EgoVehicle↦0.0),(Vehicles2↦0.011122375726699829),(Vehicles3↦0.028232485055923462),(Vehicles4↦-0.02864748239517212),(Vehicles5↦-0.0007728394120931625)}",
        "VehiclesVx": "{(EgoVehicle↦20.0),(Vehicles2↦-0.43164700269699097),(Vehicles3↦-0.34726765006780624),(Vehicles4↦1.6311697661876678),(Vehicles5↦-0.1251706387847662)}",
        "VehiclesY": "{(EgoVehicle↦8.000000238418579),(Vehicles2↦-4.0000001192092896),(Vehicles3↦0.0),(Vehicles4↦-8.000000238418579),(Vehicles5↦0.0)}",
        "VehiclesVy": "{(EgoVehicle↦0.0),(Vehicles2↦0.0),(Vehicles3↦0.0),(Vehicles4↦0.0),(Vehicles5↦0.0)}",
        "VehiclesX": "{(EgoVehicle↦200.0),(Vehicles2↦23.396533727645874),(Vehicles3↦29.06150221824646),(Vehicles4↦54.487061500549316),(Vehicles5↦82.43001103401184)}"
      },
      "probabilisticVariables": null,
      "activating": [
        "SLOWER_24"
      ],
      "activatingOnlyWhenExecuted": true,
      "updating": null,
      "withPredicate": null
    },
    {
      "id": "SLOWER_24",
      "execute": "SLOWER",
      "after": "1000",
      "priority": 0,
      "additionalGuards": null,
      "activationKind": null,
      "fixedVariables": {
        "Crash": "FALSE",
        "VehiclesAy": "{(EgoVehicle↦0.0),(Vehicles2↦0.0),(Vehicles3↦0.0),(Vehicles4↦0.0),(Vehicles5↦0.0)}",
        "Reward": "0.7333333333333334",
        "VehiclesAx": "{(EgoVehicle↦0.0),(Vehicles2↦0.01154191792011261),(Vehicles3↦0.024474039673805237),(Vehicles4↦-0.028589516878128052),(Vehicles5↦-0.001242486760020256)}",
        "VehiclesVx": "{(EgoVehicle↦20.0),(Vehicles2↦-0.42010508477687836),(Vehicles3↦-0.322793610394001),(Vehicles4↦1.6025802493095398),(Vehicles5↦-0.12641312554478645)}",
        "VehiclesY": "{(EgoVehicle↦8.000000238418579),(Vehicles2↦-4.0000001192092896),(Vehicles3↦0.0),(Vehicles4↦-8.000000238418579),(Vehicles5↦0.0)}",
        "VehiclesVy": "{(EgoVehicle↦0.0),(Vehicles2↦0.0),(Vehicles3↦0.0),(Vehicles4↦0.0),(Vehicles5↦0.0)}",
        "VehiclesX": "{(EgoVehicle↦200.0),(Vehicles2↦22.969473898410797),(Vehicles3↦28.72430384159088),(Vehicles4↦56.10678791999817),(Vehicles5↦82.3043704032898)}"
      },
      "probabilisticVariables": null,
      "activating": [
        "SLOWER_25"
      ],
      "activatingOnlyWhenExecuted": true,
      "updating": null,
      "withPredicate": null
    },
    {
      "id": "SLOWER_25",
      "execute": "SLOWER",
      "after": "1000",
      "priority": 0,
      "additionalGuards": null,
      "activationKind": null,
      "fixedVariables": {
        "Crash": "FALSE",
        "VehiclesAy": "{(EgoVehicle↦0.0),(Vehicles2↦0.0),(Vehicles3↦0.0),(Vehicles4↦0.0),(Vehicles5↦0.0)}",
        "Reward": "0.7333333333333334",
        "VehiclesAx": "{(EgoVehicle↦0.0),(Vehicles2↦0.011886544525623322),(Vehicles3↦0.021252203732728958),(Vehicles4↦-0.028450340032577515),(Vehicles5↦-0.0015030615031719208)}",
        "VehiclesVx": "{(EgoVehicle↦20.0),(Vehicles2↦-0.40821854025125504),(Vehicles3↦-0.30154140666127205),(Vehicles4↦1.5741299092769623),(Vehicles5↦-0.12791618704795837)}",
        "VehiclesY": "{(EgoVehicle↦8.000000238418579),(Vehicles2↦-4.0000001192092896),(Vehicles3↦0.0),(Vehicles4↦-8.000000238418579),(Vehicles5↦0.0)}",
        "VehiclesVy": "{(EgoVehicle↦0.0),(Vehicles2↦0.0),(Vehicles3↦0.0),(Vehicles4↦0.0),(Vehicles5↦0.0)}",
        "VehiclesX": "{(EgoVehicle↦200.0),(Vehicles2↦22.554098069667816),(Vehicles3↦28.410249948501587),(Vehicles4↦57.69796967506409),(Vehicles5↦82.17737078666687)}"
      },
      "probabilisticVariables": null,
      "activating": [
        "SLOWER_26"
      ],
      "activatingOnlyWhenExecuted": true,
      "updating": null,
      "withPredicate": null
    },
    {
      "id": "SLOWER_26",
      "execute": "SLOWER",
      "after": "1000",
      "priority": 0,
      "additionalGuards": null,
      "activationKind": null,
      "fixedVariables": {
        "Crash": "FALSE",
        "VehiclesAy": "{(EgoVehicle↦0.0),(Vehicles2↦0.0),(Vehicles3↦0.0),(Vehicles4↦0.0),(Vehicles5↦0.0)}",
        "Reward": "0.7333333333333334",
        "VehiclesAx": "{(EgoVehicle↦0.0),(Vehicles2↦0.01216161996126175),(Vehicles3↦0.018493719398975372),(Vehicles4↦-0.02823054790496826),(Vehicles5↦-0.001572025939822197)}",
        "VehiclesVx": "{(EgoVehicle↦20.0),(Vehicles2↦-0.3960569202899933),(Vehicles3↦-0.2830476872622967),(Vehicles4↦1.545899361371994),(Vehicles5↦-0.12948821298778057)}",
        "VehiclesY": "{(EgoVehicle↦8.000000238418579),(Vehicles2↦-4.0000001192092896),(Vehicles3↦0.0),(Vehicles4↦-8.000000238418579),(Vehicles5↦0.0)}",
        "VehiclesVy": "{(EgoVehicle↦0.0),(Vehicles2↦0.0),(Vehicles3↦0.0),(Vehicles4↦0.0),(Vehicles5↦0.0)}",
        "VehiclesX": "{(EgoVehicle↦200.0),(Vehicles2↦22.15072512626648),(Vehicles3↦28.116309642791748),(Vehicles4↦59.260791540145874),(Vehicles5↦82.04882740974426)}"
      },
      "probabilisticVariables": null,
      "activating": [
        "SLOWER_27"
      ],
      "activatingOnlyWhenExecuted": true,
      "updating": null,
      "withPredicate": null
    },
    {
      "id": "SLOWER_27",
      "execute": "SLOWER",
      "after": "1000",
      "priority": 0,
      "additionalGuards": null,
      "activationKind": null,
      "fixedVariables": {
        "Crash": "FALSE",
        "VehiclesAy": "{(EgoVehicle↦0.0),(Vehicles2↦0.0),(Vehicles3↦0.0),(Vehicles4↦0.0),(Vehicles5↦0.0)}",
        "Reward": "0.7333333333333334",
        "VehiclesAx": "{(EgoVehicle↦0.0),(Vehicles2↦0.012373402714729309),(Vehicles3↦0.01613963395357132),(Vehicles4↦-0.027932822704315186),(Vehicles5↦-0.001466255635023117)}",
        "VehiclesVx": "{(EgoVehicle↦20.0),(Vehicles2↦-0.383683517575264),(Vehicles3↦-0.26690805330872536),(Vehicles4↦1.5179665386676788),(Vehicles5↦-0.1309544686228037)}",
        "VehiclesY": "{(EgoVehicle↦8.000000238418579),(Vehicles2↦-4.0000001192092896),(Vehicles3↦0.0),(Vehicles4↦-8.000000238418579),(Vehicles5↦0.0)}",
        "VehiclesVy": "{(EgoVehicle↦0.0),(Vehicles2↦0.0),(Vehicles3↦0.0),(Vehicles4↦0.0),(Vehicles5↦0.0)}",
        "VehiclesX": "{(EgoVehicle↦200.0),(Vehicles2↦21.759602427482605),(Vehicles3↦27.839890122413635),(Vehicles4↦60.795485973358154),(Vehicles5↦81.9187343120575)}"
      },
      "probabilisticVariables": null,
      "activating": [
        "SLOWER_28"
      ],
      "activatingOnlyWhenExecuted": true,
      "updating": null,
      "withPredicate": null
    },
    {
      "id": "SLOWER_28",
      "execute": "SLOWER",
      "after": "1000",
      "priority": 0,
      "additionalGuards": null,
      "activationKind": null,
      "fixedVariables": {
        "Crash": "FALSE",
        "VehiclesAy": "{(EgoVehicle↦0.0),(Vehicles2↦0.0),(Vehicles3↦0.0),(Vehicles4↦0.0),(Vehicles5↦0.0)}",
        "Reward": "0.7333333333333334",
        "VehiclesAx": "{(EgoVehicle↦0.0),(Vehicles2↦0.012528486549854279),(Vehicles3↦0.01414179801940918),(Vehicles4↦-0.027559399604797363),(Vehicles5↦-0.0012028682976961136)}",
        "VehiclesVx": "{(EgoVehicle↦20.0),(Vehicles2↦-0.3711550310254097),(Vehicles3↦-0.2527662552893162),(Vehicles4↦1.4904071390628815),(Vehicles5↦-0.1321573369204998)}",
        "VehiclesY": "{(EgoVehicle↦8.000000238418579),(Vehicles2↦-4.0000001192092896),(Vehicles3↦0.0),(Vehicles4↦-8.000000238418579),(Vehicles5↦0.0)}",
        "VehiclesVy": "{(EgoVehicle↦0.0),(Vehicles2↦0.0),(Vehicles3↦0.0),(Vehicles4↦0.0),(Vehicles5↦0.0)}",
        "VehiclesX": "{(EgoVehicle↦200.0),(Vehicles2↦21.380920708179474),(Vehicles3↦27.57878601551056),(Vehicles4↦62.302398681640625),(Vehicles5↦81.7872703075409)}"
      },
      "probabilisticVariables": null,
      "activating": [
        "SLOWER_29"
      ],
      "activatingOnlyWhenExecuted": true,
      "updating": null,
      "withPredicate": null
    },
    {
      "id": "SLOWER_29",
      "execute": "SLOWER",
      "after": "1000",
      "priority": 0,
      "additionalGuards": null,
      "activationKind": null,
      "fixedVariables": {
        "Crash": "FALSE",
        "VehiclesAy": "{(EgoVehicle↦0.0),(Vehicles2↦0.0),(Vehicles3↦0.0),(Vehicles4↦0.0),(Vehicles5↦0.0)}",
        "Reward": "0.7333333333333334",
        "VehiclesAx": "{(EgoVehicle↦0.0),(Vehicles2↦0.012633316218852997),(Vehicles3↦0.012460127472877502),(Vehicles4↦-0.027114450931549072),(Vehicles5↦-0.0007995311170816422)}",
        "VehiclesVx": "{(EgoVehicle↦20.0),(Vehicles2↦-0.3585217148065567),(Vehicles3↦-0.24030612781643867),(Vehicles4↦1.4632926881313324),(Vehicles5↦-0.13295686803758144)}",
        "VehiclesY": "{(EgoVehicle↦8.000000238418579),(Vehicles2↦-4.0000001192092896),(Vehicles3↦0.0),(Vehicles4↦-8.000000238418579),(Vehicles5↦0.0)}",
        "VehiclesVy": "{(EgoVehicle↦0.0),(Vehicles2↦0.0),(Vehicles3↦0.0),(Vehicles4↦0.0),(Vehicles5↦0.0)}",
        "VehiclesX": "{(EgoVehicle↦200.0),(Vehicles2↦21.01481258869171),(Vehicles3↦27.331125736236572),(Vehicles4↦63.781923055648804),(Vehicles5↦81.65475726127625)}"
      },
      "probabilisticVariables": null,
      "activating": [
        "SLOWER_30"
      ],
      "activatingOnlyWhenExecuted": true,
      "updating": null,
      "withPredicate": null
    },
    {
      "id": "SLOWER_30",
      "execute": "SLOWER",
      "after": "1000",
      "priority": 0,
      "additionalGuards": null,
      "activationKind": null,
      "fixedVariables": {
        "Crash": "FALSE",
        "VehiclesAy": "{(EgoVehicle↦0.0),(Vehicles2↦0.0),(Vehicles3↦0.0),(Vehicles4↦0.0),(Vehicles5↦0.0)}",
        "Reward": "0.7333333333333334",
        "VehiclesAx": "{(EgoVehicle↦0.0),(Vehicles2↦0.012694187462329865),(Vehicles3↦0.011060517281293869),(Vehicles4↦-0.026601552963256836),(Vehicles5↦-0.00027441419661045074)}",
        "VehiclesVx": "{(EgoVehicle↦20.0),(Vehicles2↦-0.34582752734422684),(Vehicles3↦-0.2292456105351448),(Vehicles4↦1.4366911351680756),(Vehicles5↦-0.1332312822341919)}",
        "VehiclesY": "{(EgoVehicle↦8.000000238418579),(Vehicles2↦-4.0000001192092896),(Vehicles3↦0.0),(Vehicles4↦-8.000000238418579),(Vehicles5↦0.0)}",
        "VehiclesVy": "{(EgoVehicle↦0.0),(Vehicles2↦0.0),(Vehicles3↦0.0),(Vehicles4↦0.0),(Vehicles5↦0.0)}",
        "VehiclesX": "{(EgoVehicle↦200.0),(Vehicles2↦20.661364495754242),(Vehicles3↦27.09534466266632),(Vehicles4↦65.23452997207642),(Vehicles5↦81.52164220809937)}"
      },
      "probabilisticVariables": null,
      "activating": [
        "SLOWER_31"
      ],
      "activatingOnlyWhenExecuted": true,
      "updating": null,
      "withPredicate": null
    },
    {
      "id": "SLOWER_31",
      "execute": "SLOWER",
      "after": "1000",
      "priority": 0,
      "additionalGuards": null,
      "activationKind": null,
      "fixedVariables": {
        "Crash": "FALSE",
        "VehiclesAy": "{(EgoVehicle↦0.0),(Vehicles2↦0.0),(Vehicles3↦0.0),(Vehicles4↦0.0),(Vehicles5↦0.0)}",
        "Reward": "0.7333333333333334",
        "VehiclesAx": "{(EgoVehicle↦0.0),(Vehicles2↦0.012717023491859436),(Vehicles3↦0.009913258254528046),(Vehicles4↦-0.026025325059890747),(Vehicles5↦0.0003540795296430588)}",
        "VehiclesVx": "{(EgoVehicle↦20.0),(Vehicles2↦-0.3331105038523674),(Vehicles3↦-0.21933235228061676),(Vehicles4↦1.4106658101081848),(Vehicles5↦-0.13287720270454884)}",
        "VehiclesY": "{(EgoVehicle↦8.000000238418579),(Vehicles2↦-4.0000001192092896),(Vehicles3↦0.0),(Vehicles4↦-8.000000238418579),(Vehicles5↦0.0)}",
        "VehiclesVy": "{(EgoVehicle↦0.0),(Vehicles2↦0.0),(Vehicles3↦0.0),(Vehicles4↦0.0),(Vehicles5↦0.0)}",
        "VehiclesX": "{(EgoVehicle↦200.0),(Vehicles2↦20.320624113082886),(Vehicles3↦26.87014639377594),(Vehicles4↦66.66076183319092),(Vehicles5↦81.38850331306458)}"
      },
      "probabilisticVariables": null,
      "activating": [
        "SLOWER_32"
      ],
      "activatingOnlyWhenExecuted": true,
      "updating": null,
      "withPredicate": null
    },
    {
      "id": "SLOWER_32",
      "execute": "SLOWER",
      "after": "1000",
      "priority": 0,
      "additionalGuards": null,
      "activationKind": null,
      "fixedVariables": {
        "Crash": "FALSE",
        "VehiclesAy": "{(EgoVehicle↦0.0),(Vehicles2↦0.0),(Vehicles3↦0.0),(Vehicles4↦0.0),(Vehicles5↦0.0)}",
        "Reward": "0.7333333333333334",
        "VehiclesAx": "{(EgoVehicle↦0.0),(Vehicles2↦0.012706927955150604),(Vehicles3↦0.008992068469524384),(Vehicles4↦-0.025390684604644775),(Vehicles5↦0.0010676309466362)}",
        "VehiclesVx": "{(EgoVehicle↦20.0),(Vehicles2↦-0.3204035758972168),(Vehicles3↦-0.21034028381109238),(Vehicles4↦1.38527512550354),(Vehicles5↦-0.13180957175791264)}",
        "VehiclesY": "{(EgoVehicle↦8.000000238418579),(Vehicles2↦-4.0000001192092896),(Vehicles3↦0.0),(Vehicles4↦-8.000000238418579),(Vehicles5↦0.0)}",
        "VehiclesVy": "{(EgoVehicle↦0.0),(Vehicles2↦0.0),(Vehicles3↦0.0),(Vehicles4↦0.0),(Vehicles5↦0.0)}",
        "VehiclesX": "{(EgoVehicle↦200.0),(Vehicles2↦19.99259740114212),(Vehicles3↦26.654475927352905),(Vehicles4↦68.06122064590454),(Vehicles5↦81.25599026679993)}"
      },
      "probabilisticVariables": null,
      "activating": [
        "SLOWER_33"
      ],
      "activatingOnlyWhenExecuted": true,
      "updating": null,
      "withPredicate": null
    },
    {
      "id": "SLOWER_33",
      "execute": "SLOWER",
      "after": "1000",
      "priority": 0,
      "additionalGuards": null,
      "activationKind": null,
      "fixedVariables": {
        "Crash": "FALSE",
        "VehiclesAy": "{(EgoVehicle↦0.0),(Vehicles2↦0.0),(Vehicles3↦0.0),(Vehicles4↦0.0),(Vehicles5↦0.0)}",
        "Reward": "0.7333333333333334",
        "VehiclesAx": "{(EgoVehicle↦0.0),(Vehicles2↦0.012668874114751816),(Vehicles3↦0.008273087441921234),(Vehicles4↦-0.02470254898071289),(Vehicles5↦0.0018483679741621017)}",
        "VehiclesVx": "{(EgoVehicle↦20.0),(Vehicles2↦-0.307734701782465),(Vehicles3↦-0.20206719636917114),(Vehicles4↦1.3605725765228271),(Vehicles5↦-0.12996120378375053)}",
        "VehiclesY": "{(EgoVehicle↦8.000000238418579),(Vehicles2↦-4.0000001192092896),(Vehicles3↦0.0),(Vehicles4↦-8.000000238418579),(Vehicles5↦0.0)}",
        "VehiclesVy": "{(EgoVehicle↦0.0),(Vehicles2↦0.0),(Vehicles3↦0.0),(Vehicles4↦0.0),(Vehicles5↦0.0)}",
        "VehiclesX": "{(EgoVehicle↦200.0),(Vehicles2↦19.677266478538513),(Vehicles3↦26.447495818138123),(Vehicles4↦69.43655610084534),(Vehicles5↦81.12485408782959)}"
      },
      "probabilisticVariables": null,
      "activating": [
        "SLOWER_34"
      ],
      "activatingOnlyWhenExecuted": true,
      "updating": null,
      "withPredicate": null
    },
    {
      "id": "SLOWER_34",
      "execute": "SLOWER",
      "after": "1000",
      "priority": 0,
      "additionalGuards": null,
      "activationKind": null,
      "fixedVariables": {
        "Crash": "FALSE",
        "VehiclesAy": "{(EgoVehicle↦0.0),(Vehicles2↦0.0),(Vehicles3↦0.0),(Vehicles4↦0.0),(Vehicles5↦0.0)}",
        "Reward": "0.7333333333333334",
        "VehiclesAx": "{(EgoVehicle↦0.0),(Vehicles2↦0.01260705292224884),(Vehicles3↦0.007734484970569611),(Vehicles4↦-0.023966282606124878),(Vehicles5↦0.002679247409105301)}",
        "VehiclesVx": "{(EgoVehicle↦20.0),(Vehicles2↦-0.29512764886021614),(Vehicles3↦-0.19433271139860153),(Vehicles4↦1.3366062939167023),(Vehicles5↦-0.12728195637464523)}",
        "VehiclesY": "{(EgoVehicle↦8.000000238418579),(Vehicles2↦-4.0000001192092896),(Vehicles3↦0.0),(Vehicles4↦-8.000000238418579),(Vehicles5↦0.0)}",
        "VehiclesVy": "{(EgoVehicle↦0.0),(Vehicles2↦0.0),(Vehicles3↦0.0),(Vehicles4↦0.0),(Vehicles5↦0.0)}",
        "VehiclesX": "{(EgoVehicle↦200.0),(Vehicles2↦19.374580681324005),(Vehicles3↦26.24855935573578),(Vehicles4↦70.78748345375061),(Vehicles5↦80.99589943885803)}"
      },
      "probabilisticVariables": null,
      "activating": [
        "SLOWER_35"
      ],
      "activatingOnlyWhenExecuted": true,
      "updating": null,
      "withPredicate": null
    },
    {
      "id": "SLOWER_35",
      "execute": "SLOWER",
      "after": "1000",
      "priority": 0,
      "additionalGuards": null,
      "activationKind": null,
      "fixedVariables": {
        "Crash": "FALSE",
        "VehiclesAy": "{(EgoVehicle↦0.0),(Vehicles2↦0.0),(Vehicles3↦0.0),(Vehicles4↦0.0),(Vehicles5↦0.0)}",
        "Reward": "0.7333333333333334",
        "VehiclesAx": "{(EgoVehicle↦0.0),(Vehicles2↦0.012525301426649094),(Vehicles3↦0.0073560141026973724),(Vehicles4↦-0.02318739891052246),(Vehicles5↦0.003544250503182411)}",
        "VehiclesVx": "{(EgoVehicle↦20.0),(Vehicles2↦-0.28260234743356705),(Vehicles3↦-0.18697669729590416),(Vehicles4↦1.3134188950061798),(Vehicles5↦-0.12373770587146282)}",
        "VehiclesY": "{(EgoVehicle↦8.000000238418579),(Vehicles2↦-4.0000001192092896),(Vehicles3↦0.0),(Vehicles4↦-8.000000238418579),(Vehicles5↦0.0)}",
        "VehiclesVy": "{(EgoVehicle↦0.0),(Vehicles2↦0.0),(Vehicles3↦0.0),(Vehicles4↦0.0),(Vehicles5↦0.0)}",
        "VehiclesX": "{(EgoVehicle↦200.0),(Vehicles2↦19.084469974040985),(Vehicles3↦26.05719268321991),(Vehicles4↦72.11474776268005),(Vehicles5↦80.86996674537659)}"
      },
      "probabilisticVariables": null,
      "activating": [
        "SLOWER_36"
      ],
      "activatingOnlyWhenExecuted": true,
      "updating": null,
      "withPredicate": null
    },
    {
      "id": "SLOWER_36",
      "execute": "SLOWER",
      "after": "1000",
      "priority": 0,
      "additionalGuards": null,
      "activationKind": null,
      "fixedVariables": {
        "Crash": "FALSE",
        "VehiclesAy": "{(EgoVehicle↦0.0),(Vehicles2↦0.0),(Vehicles3↦0.0),(Vehicles4↦0.0),(Vehicles5↦0.0)}",
        "Reward": "0.7333333333333334",
        "VehiclesAx": "{(EgoVehicle↦0.0),(Vehicles2↦0.01242687925696373),(Vehicles3↦0.007118862122297287),(Vehicles4↦-0.022371560335159302),(Vehicles5↦0.004428680986166)}",
        "VehiclesVx": "{(EgoVehicle↦20.0),(Vehicles2↦-0.2701754681766033),(Vehicles3↦-0.17985783517360687),(Vehicles4↦1.2910473346710205),(Vehicles5↦-0.11930902488529682)}",
        "VehiclesY": "{(EgoVehicle↦8.000000238418579),(Vehicles2↦-4.0000001192092896),(Vehicles3↦0.0),(Vehicles4↦-8.000000238418579),(Vehicles5↦0.0)}",
        "VehiclesVy": "{(EgoVehicle↦0.0),(Vehicles2↦0.0),(Vehicles3↦0.0),(Vehicles4↦0.0),(Vehicles5↦0.0)}",
        "VehiclesX": "{(EgoVehicle↦200.0),(Vehicles2↦18.80684643983841),(Vehicles3↦25.873076915740967),(Vehicles4↦73.41915369033813),(Vehicles5↦80.74792623519897)}"
      },
      "probabilisticVariables": null,
      "activating": [
        "SLOWER_37"
      ],
      "activatingOnlyWhenExecuted": true,
      "updating": null,
      "withPredicate": null
    },
    {
      "id": "SLOWER_37",
      "execute": "SLOWER",
      "after": "1000",
      "priority": 0,
      "additionalGuards": null,
      "activationKind": null,
      "fixedVariables": {
        "Crash": "FALSE",
        "VehiclesAy": "{(EgoVehicle↦0.0),(Vehicles2↦0.0),(Vehicles3↦0.0),(Vehicles4↦0.0),(Vehicles5↦0.0)}",
        "Reward": "0.7333333333333334",
        "VehiclesAx": "{(EgoVehicle↦0.0),(Vehicles2↦0.012314729392528534),(Vehicles3↦0.007005389779806137),(Vehicles4↦-0.021524429321289062),(Vehicles5↦0.005319276824593544)}",
        "VehiclesVx": "{(EgoVehicle↦20.0),(Vehicles2↦-0.2578607387840748),(Vehicles3↦-0.17285244539380074),(Vehicles4↦1.2695229053497314),(Vehicles5↦-0.11398974806070328)}",
        "VehiclesY": "{(EgoVehicle↦8.000000238418579),(Vehicles2↦-4.0000001192092896),(Vehicles3↦0.0),(Vehicles4↦-8.000000238418579),(Vehicles5↦0.0)}",
        "VehiclesVy": "{(EgoVehicle↦0.0),(Vehicles2↦0.0),(Vehicles3↦0.0),(Vehicles4↦0.0),(Vehicles5↦0.0)}",
        "VehiclesX": "{(EgoVehicle↦200.0),(Vehicles2↦18.54160577058792),(Vehicles3↦25.696027278900146),(Vehicles4↦74.70151782035828),(Vehicles5↦80.63067197799683)}"
      },
      "probabilisticVariables": null,
      "activating": [
        "SLOWER_38"
      ],
      "activatingOnlyWhenExecuted": true,
      "updating": null,
      "withPredicate": null
    },
    {
      "id": "SLOWER_38",
      "execute": "SLOWER",
      "after": "1000",
      "priority": 0,
      "additionalGuards": null,
      "activationKind": null,
      "fixedVariables": {
        "Crash": "FALSE",
        "VehiclesAy": "{(EgoVehicle↦0.0),(Vehicles2↦0.0),(Vehicles3↦0.0),(Vehicles4↦0.0),(Vehicles5↦0.0)}",
        "Reward": "0.7333333333333334",
        "VehiclesAx": "{(EgoVehicle↦0.0),(Vehicles2↦0.012191366404294968),(Vehicles3↦0.006999149918556213),(Vehicles4↦-0.02065137028694153),(Vehicles5↦0.006204312667250633)}",
        "VehiclesVx": "{(EgoVehicle↦20.0),(Vehicles2↦-0.24566937237977982),(Vehicles3↦-0.16585329547524452),(Vehicles4↦1.24887153506279),(Vehicles5↦-0.10778543539345264)}",
        "VehiclesY": "{(EgoVehicle↦8.000000238418579),(Vehicles2↦-4.0000001192092896),(Vehicles3↦0.0),(Vehicles4↦-8.000000238418579),(Vehicles5↦0.0)}",
        "VehiclesVy": "{(EgoVehicle↦0.0),(Vehicles2↦0.0),(Vehicles3↦0.0),(Vehicles4↦0.0),(Vehicles5↦0.0)}",
        "VehiclesX": "{(EgoVehicle↦200.0),(Vehicles2↦18.28863173723221),(Vehicles3↦25.52596926689148),(Vehicles4↦75.9627103805542),(Vehicles5↦80.51909804344177)}"
      },
      "probabilisticVariables": null,
      "activating": [
        "SLOWER_39"
      ],
      "activatingOnlyWhenExecuted": true,
      "updating": null,
      "withPredicate": null
    },
    {
      "id": "SLOWER_39",
      "execute": "SLOWER",
      "after": "1000",
      "priority": 0,
      "additionalGuards": null,
      "activationKind": null,
      "fixedVariables": {
        "Crash": "FALSE",
        "VehiclesAy": "{(EgoVehicle↦0.0),(Vehicles2↦0.0),(Vehicles3↦0.0),(Vehicles4↦0.0),(Vehicles5↦0.0)}",
        "Reward": "0.7333333333333334",
        "VehiclesAx": "{(EgoVehicle↦0.0),(Vehicles2↦0.012058950960636139),(Vehicles3↦0.0070847757160663605),(Vehicles4↦-0.019757971167564392),(Vehicles5↦0.007073581218719482)}",
        "VehiclesVx": "{(EgoVehicle↦20.0),(Vehicles2↦-0.23361042141914368),(Vehicles3↦-0.15876851975917816),(Vehicles4↦1.2291135638952255),(Vehicles5↦-0.10071185417473316)}",
        "VehiclesY": "{(EgoVehicle↦8.000000238418579),(Vehicles2↦-4.0000001192092896),(Vehicles3↦0.0),(Vehicles4↦-8.000000238418579),(Vehicles5↦0.0)}",
        "VehiclesVy": "{(EgoVehicle↦0.0),(Vehicles2↦0.0),(Vehicles3↦0.0),(Vehicles4↦0.0),(Vehicles5↦0.0)}",
        "VehiclesX": "{(EgoVehicle↦200.0),(Vehicles2↦18.047797679901123),(Vehicles3↦25.36294162273407),(Vehicles4↦77.2036075592041),(Vehicles5↦80.41406869888306)}"
      },
      "probabilisticVariables": null,
      "activating": [
        "SLOWER_40"
      ],
      "activatingOnlyWhenExecuted": true,
      "updating": null,
      "withPredicate": null
    },
    {
      "id": "SLOWER_40",
      "execute": "SLOWER",
      "after": "1000",
      "priority": 0,
      "additionalGuards": null,
      "activationKind": null,
      "fixedVariables": {
        "Crash": "FALSE",
        "VehiclesAy": "{(EgoVehicle↦0.0),(Vehicles2↦0.0),(Vehicles3↦0.0),(Vehicles4↦0.0),(Vehicles5↦0.0)}",
        "Reward": "0.7333333333333334",
        "VehiclesAx": "{(EgoVehicle↦0.0),(Vehicles2↦0.011919420212507248),(Vehicles3↦0.007247999310493469),(Vehicles4↦-0.018849670886993408),(Vehicles5↦0.007918458431959152)}",
        "VehiclesVx": "{(EgoVehicle↦20.0),(Vehicles2↦-0.22169100120663643),(Vehicles3↦-0.1515205204486847),(Vehicles4↦1.2102638930082321),(Vehicles5↦-0.09279339574277401)}",
        "VehiclesY": "{(EgoVehicle↦8.000000238418579),(Vehicles2↦-4.0000001192092896),(Vehicles3↦0.0),(Vehicles4↦-8.000000238418579),(Vehicles5↦0.0)}",
        "VehiclesVy": "{(EgoVehicle↦0.0),(Vehicles2↦0.0),(Vehicles3↦0.0),(Vehicles4↦0.0),(Vehicles5↦0.0)}",
        "VehiclesX": "{(EgoVehicle↦200.0),(Vehicles2↦17.818966507911682),(Vehicles3↦25.207054615020752),(Vehicles4↦78.42510938644409),(Vehicles5↦80.31646013259888)}"
      },
      "probabilisticVariables": null,
      "activating": [
        "SLOWER_41"
      ],
      "activatingOnlyWhenExecuted": true,
      "updating": null,
      "withPredicate": null
    },
    {
      "id": "SLOWER_41",
      "execute": "SLOWER",
      "after": "1000",
      "priority": 0,
      "additionalGuards": null,
      "activationKind": null,
      "fixedVariables": {
        "Crash": "FALSE",
        "VehiclesAy": "{(EgoVehicle↦0.0),(Vehicles2↦0.0),(Vehicles3↦0.0),(Vehicles4↦0.0),(Vehicles5↦0.0)}",
        "Reward": "0.7333333333333334",
        "VehiclesAx": "{(EgoVehicle↦0.0),(Vehicles2↦0.011774320155382156),(Vehicles3↦0.007475642487406731),(Vehicles4↦-0.017931684851646423),(Vehicles5↦0.008731810376048088)}",
        "VehiclesVx": "{(EgoVehicle↦20.0),(Vehicles2↦-0.20991668105125427),(Vehicles3↦-0.14404487796127796),(Vehicles4↦1.1923322081565857),(Vehicles5↦-0.08406158536672592)}",
        "VehiclesY": "{(EgoVehicle↦8.000000238418579),(Vehicles2↦-4.0000001192092896),(Vehicles3↦0.0),(Vehicles4↦-8.000000238418579),(Vehicles5↦0.0)}",
        "VehiclesVy": "{(EgoVehicle↦0.0),(Vehicles2↦0.0),(Vehicles3↦0.0),(Vehicles4↦0.0),(Vehicles5↦0.0)}",
        "VehiclesX": "{(EgoVehicle↦200.0),(Vehicles2↦17.601996660232544),(Vehicles3↦25.058504939079285),(Vehicles4↦79.62812781333923),(Vehicles5↦80.22709488868713)}"
      },
      "probabilisticVariables": null,
      "activating": [
        "SLOWER_42"
      ],
      "activatingOnlyWhenExecuted": true,
      "updating": null,
      "withPredicate": null
    },
    {
      "id": "SLOWER_42",
      "execute": "SLOWER",
      "after": "1000",
      "priority": 0,
      "additionalGuards": null,
      "activationKind": null,
      "fixedVariables": {
        "Crash": "FALSE",
        "VehiclesAy": "{(EgoVehicle↦0.0),(Vehicles2↦0.0),(Vehicles3↦0.0),(Vehicles4↦0.0),(Vehicles5↦0.0)}",
        "Reward": "0.7333333333333334",
        "VehiclesAx": "{(EgoVehicle↦0.0),(Vehicles2↦0.011625103652477264),(Vehicles3↦0.0077555980533361435),(Vehicles4↦-1.266885926015675),(Vehicles5↦1.2593850120902061)}",
        "VehiclesVx": "{(EgoVehicle↦20.0),(Vehicles2↦-0.198291577398777),(Vehicles3↦-0.13628927990794182),(Vehicles4↦-0.07455371785908937),(Vehicles5↦1.1753234267234802)}",
        "VehiclesY": "{(EgoVehicle↦8.000000238418579),(Vehicles2↦-4.0000001192092896),(Vehicles3↦0.0),(Vehicles4↦0.0),(Vehicles5↦-8.000000238418579)}",
        "VehiclesVy": "{(EgoVehicle↦0.0),(Vehicles2↦0.0),(Vehicles3↦0.0),(Vehicles4↦0.0),(Vehicles5↦0.0)}",
        "VehiclesX": "{(EgoVehicle↦200.0),(Vehicles2↦17.39674210548401),(Vehicles3↦24.917538464069366),(Vehicles4↦80.1467776298523),(Vehicles5↦80.81358075141907)}"
      },
      "probabilisticVariables": null,
      "activating": [
        "SLOWER_43"
      ],
      "activatingOnlyWhenExecuted": true,
      "updating": null,
      "withPredicate": null
    },
    {
      "id": "SLOWER_43",
      "execute": "SLOWER",
      "after": "1000",
      "priority": 0,
      "additionalGuards": null,
      "activationKind": null,
      "fixedVariables": {
        "Crash": "FALSE",
        "VehiclesAy": "{(EgoVehicle↦0.0),(Vehicles2↦0.0),(Vehicles3↦0.0),(Vehicles4↦0.0),(Vehicles5↦0.0)}",
        "Reward": "0.7333333333333334",
        "VehiclesAx": "{(EgoVehicle↦0.0),(Vehicles2↦0.011472906917333603),(Vehicles3↦0.008076773956418037),(Vehicles4↦0.01024218276143074),(Vehicles5↦-0.016085952520370483)}",
        "VehiclesVx": "{(EgoVehicle↦20.0),(Vehicles2↦-0.1868186704814434),(Vehicles3↦-0.12821250595152378),(Vehicles4↦-0.06431153509765863),(Vehicles5↦1.1592374742031097)}",
        "VehiclesY": "{(EgoVehicle↦8.000000238418579),(Vehicles2↦-4.0000001192092896),(Vehicles3↦0.0),(Vehicles4↦0.0),(Vehicles5↦-8.000000238418579)}",
        "VehiclesVy": "{(EgoVehicle↦0.0),(Vehicles2↦0.0),(Vehicles3↦0.0),(Vehicles4↦0.0),(Vehicles5↦0.0)}",
        "VehiclesX": "{(EgoVehicle↦200.0),(Vehicles2↦17.20305234193802),(Vehicles3↦24.784453213214874),(Vehicles4↦80.07626533508301),(Vehicles5↦81.98239803314209)}"
      },
      "probabilisticVariables": null,
      "activating": [
        "SLOWER_44"
      ],
      "activatingOnlyWhenExecuted": true,
      "updating": null,
      "withPredicate": null
    },
    {
      "id": "SLOWER_44",
      "execute": "SLOWER",
      "after": "1000",
      "priority": 0,
      "additionalGuards": null,
      "activationKind": null,
      "fixedVariables": {
        "Crash": "FALSE",
        "VehiclesAy": "{(EgoVehicle↦0.0),(Vehicles2↦0.0),(Vehicles3↦0.0),(Vehicles4↦0.0),(Vehicles5↦0.0)}",
        "Reward": "0.7333333333333334",
        "VehiclesAx": "{(EgoVehicle↦0.0),(Vehicles2↦0.011318754404783249),(Vehicles3↦0.008429186418652534),(Vehicles4↦0.010931477881968021),(Vehicles5↦-0.015167221426963806)}",
        "VehiclesVx": "{(EgoVehicle↦20.0),(Vehicles2↦-0.17549991607666016),(Vehicles3↦-0.11978331953287125),(Vehicles4↦-0.05338005721569061),(Vehicles5↦1.144070252776146)}",
        "VehiclesY": "{(EgoVehicle↦8.000000238418579),(Vehicles2↦-4.0000001192092896),(Vehicles3↦0.0),(Vehicles4↦0.0),(Vehicles5↦-8.000000238418579)}",
        "VehiclesVy": "{(EgoVehicle↦0.0),(Vehicles2↦0.0),(Vehicles3↦0.0),(Vehicles4↦0.0),(Vehicles5↦0.0)}",
        "VehiclesX": "{(EgoVehicle↦200.0),(Vehicles2↦17.020773887634277),(Vehicles3↦24.65958297252655),(Vehicles4↦80.01627326011658),(Vehicles5↦83.13549160957336)}"
      },
      "probabilisticVariables": null,
      "activating": [
        "SLOWER_45"
      ],
      "activatingOnlyWhenExecuted": true,
      "updating": null,
      "withPredicate": null
    },
    {
      "id": "SLOWER_45",
      "execute": "SLOWER",
      "after": "1000",
      "priority": 0,
      "additionalGuards": null,
      "activationKind": null,
      "fixedVariables": {
        "Crash": "FALSE",
        "VehiclesAy": "{(EgoVehicle↦0.0),(Vehicles2↦0.0),(Vehicles3↦0.0),(Vehicles4↦0.0),(Vehicles5↦0.0)}",
        "Reward": "0.7333333333333334",
        "VehiclesAx": "{(EgoVehicle↦0.0),(Vehicles2↦0.011163484305143356),(Vehicles3↦0.008803848177194595),(Vehicles4↦0.011573522351682186),(Vehicles5↦-0.014256909489631653)}",
        "VehiclesVx": "{(EgoVehicle↦20.0),(Vehicles2↦-0.1643364317715168),(Vehicles3↦-0.11097947135567665),(Vehicles4↦-0.04180653486400843),(Vehicles5↦1.1298133432865143)}",
        "VehiclesY": "{(EgoVehicle↦8.000000238418579),(Vehicles2↦-4.0000001192092896),(Vehicles3↦0.0),(Vehicles4↦0.0),(Vehicles5↦-8.000000238418579)}",
        "VehiclesVy": "{(EgoVehicle↦0.0),(Vehicles2↦0.0),(Vehicles3↦0.0),(Vehicles4↦0.0),(Vehicles5↦0.0)}",
        "VehiclesX": "{(EgoVehicle↦200.0),(Vehicles2↦16.84975177049637),(Vehicles3↦24.543289840221405),(Vehicles4↦79.96746897697449),(Vehicles5↦84.27379131317139)}"
      },
      "probabilisticVariables": null,
      "activating": [
        "SLOWER_46"
      ],
      "activatingOnlyWhenExecuted": true,
      "updating": null,
      "withPredicate": null
    },
    {
      "id": "SLOWER_46",
      "execute": "SLOWER",
      "after": "1000",
      "priority": 0,
      "additionalGuards": null,
      "activationKind": null,
      "fixedVariables": {
        "Crash": "FALSE",
        "VehiclesAy": "{(EgoVehicle↦0.0),(Vehicles2↦0.0),(Vehicles3↦0.0),(Vehicles4↦0.0),(Vehicles5↦0.0)}",
        "Reward": "0.7333333333333334",
        "VehiclesAx": "{(EgoVehicle↦0.0),(Vehicles2↦0.011007850989699364),(Vehicles3↦0.009192749857902527),(Vehicles4↦0.012167009990662336),(Vehicles5↦-0.013358592987060547)}",
        "VehiclesVx": "{(EgoVehicle↦20.0),(Vehicles2↦-0.15332858078181744),(Vehicles3↦-0.10178672149777412),(Vehicles4↦-0.02963952487334609),(Vehicles5↦1.1164547502994537)}",
        "VehiclesY": "{(EgoVehicle↦8.000000238418579),(Vehicles2↦-4.0000001192092896),(Vehicles3↦0.0),(Vehicles4↦0.0),(Vehicles5↦-8.000000238418579)}",
        "VehiclesVy": "{(EgoVehicle↦0.0),(Vehicles2↦0.0),(Vehicles3↦0.0),(Vehicles4↦0.0),(Vehicles5↦0.0)}",
        "VehiclesX": "{(EgoVehicle↦200.0),(Vehicles2↦16.689831018447876),(Vehicles3↦24.43595677614212),(Vehicles4↦79.93048429489136),(Vehicles5↦85.39818525314331)}"
      },
      "probabilisticVariables": null,
      "activating": [
        "SLOWER_47"
      ],
      "activatingOnlyWhenExecuted": true,
      "updating": null,
      "withPredicate": null
    },
    {
      "id": "SLOWER_47",
      "execute": "SLOWER",
      "after": "1000",
      "priority": 0,
      "additionalGuards": null,
      "activationKind": null,
      "fixedVariables": {
        "Crash": "FALSE",
        "VehiclesAy": "{(EgoVehicle↦0.0),(Vehicles2↦0.0),(Vehicles3↦0.0),(Vehicles4↦0.0),(Vehicles5↦0.0)}",
        "Reward": "0.7333333333333334",
        "VehiclesAx": "{(EgoVehicle↦0.0),(Vehicles2↦0.01085241325199604),(Vehicles3↦0.00958888791501522),(Vehicles4↦0.012711429735645652),(Vehicles5↦-0.012475550174713135)}",
        "VehiclesVx": "{(EgoVehicle↦20.0),(Vehicles2↦-0.1424761675298214),(Vehicles3↦-0.0921978335827589),(Vehicles4↦-0.01692809513770044),(Vehicles5↦1.1039792001247406)}",
        "VehiclesY": "{(EgoVehicle↦8.000000238418579),(Vehicles2↦-4.0000001192092896),(Vehicles3↦0.0),(Vehicles4↦0.0),(Vehicles5↦-8.000000238418579)}",
        "VehiclesVy": "{(EgoVehicle↦0.0),(Vehicles2↦0.0),(Vehicles3↦0.0),(Vehicles4↦0.0),(Vehicles5↦0.0)}",
        "VehiclesX": "{(EgoVehicle↦200.0),(Vehicles2↦16.540855169296265),(Vehicles3↦24.337972700595856),(Vehicles4↦79.90589141845703),(Vehicles5↦86.5095853805542)}"
      },
      "probabilisticVariables": null,
      "activating": [
        "SLOWER_48"
      ],
      "activatingOnlyWhenExecuted": true,
      "updating": null,
      "withPredicate": null
    },
    {
      "id": "SLOWER_48",
      "execute": "SLOWER",
      "after": "1000",
      "priority": 0,
      "additionalGuards": null,
      "activationKind": null,
      "fixedVariables": {
        "Crash": "FALSE",
        "VehiclesAy": "{(EgoVehicle↦0.0),(Vehicles2↦0.0),(Vehicles3↦0.0),(Vehicles4↦0.0),(Vehicles5↦0.0)}",
        "Reward": "0.7333333333333334",
        "VehiclesAx": "{(EgoVehicle↦0.0),(Vehicles2↦0.010697701945900917),(Vehicles3↦0.009986096993088722),(Vehicles4↦0.013206934090703726),(Vehicles5↦-0.011610910296440125)}",
        "VehiclesVx": "{(EgoVehicle↦20.0),(Vehicles2↦-0.13177846558392048),(Vehicles3↦-0.08221173658967018),(Vehicles4↦-0.0037211610469967127),(Vehicles5↦1.0923682898283005)}",
        "VehiclesY": "{(EgoVehicle↦8.000000238418579),(Vehicles2↦-4.0000001192092896),(Vehicles3↦0.0),(Vehicles4↦0.0),(Vehicles5↦-8.000000238418579)}",
        "VehiclesVy": "{(EgoVehicle↦0.0),(Vehicles2↦0.0),(Vehicles3↦0.0),(Vehicles4↦0.0),(Vehicles5↦0.0)}",
        "VehiclesX": "{(EgoVehicle↦200.0),(Vehicles2↦16.402670741081238),(Vehicles3↦24.249738454818726),(Vehicles4↦79.89420294761658),(Vehicles5↦87.60885000228882)}"
      },
      "probabilisticVariables": null,
      "activating": [
        "SLOWER_49"
      ],
      "activatingOnlyWhenExecuted": true,
      "updating": null,
      "withPredicate": null
    },
    {
      "id": "SLOWER_49",
      "execute": "SLOWER",
      "after": "1000",
      "priority": 0,
      "additionalGuards": null,
      "activationKind": null,
      "fixedVariables": {
        "Crash": "FALSE",
        "VehiclesAy": "{(EgoVehicle↦0.0),(Vehicles2↦0.0),(Vehicles3↦0.0),(Vehicles4↦0.0),(Vehicles5↦0.0)}",
        "Reward": "0.7333333333333334",
        "VehiclesAx": "{(EgoVehicle↦0.0),(Vehicles2↦0.010544117540121078),(Vehicles3↦0.010379157029092312),(Vehicles4↦0.013654251815751195),(Vehicles5↦-0.01076720654964447)}",
        "VehiclesVx": "{(EgoVehicle↦20.0),(Vehicles2↦-0.1212343480437994),(Vehicles3↦-0.07183257956057787),(Vehicles4↦0.009933090768754482),(Vehicles5↦1.081601083278656)}",
        "VehiclesY": "{(EgoVehicle↦8.000000238418579),(Vehicles2↦-4.0000001192092896),(Vehicles3↦0.0),(Vehicles4↦0.0),(Vehicles5↦-8.000000238418579)}",
        "VehiclesVy": "{(EgoVehicle↦0.0),(Vehicles2↦0.0),(Vehicles3↦0.0),(Vehicles4↦0.0),(Vehicles5↦0.0)}",
        "VehiclesX": "{(EgoVehicle↦200.0),(Vehicles2↦16.27512127161026),(Vehicles3↦24.171647429466248),(Vehicles4↦79.89591360092163),(Vehicles5↦88.69684338569641)}"
      },
      "probabilisticVariables": null,
      "activating": [
        "SLOWER_50"
      ],
      "activatingOnlyWhenExecuted": true,
      "updating": null,
      "withPredicate": null
    },
    {
      "id": "SLOWER_50",
      "execute": "SLOWER",
      "after": "1000",
      "priority": 0,
      "additionalGuards": null,
      "activationKind": null,
      "fixedVariables": {
        "Crash": "FALSE",
        "VehiclesAy": "{(EgoVehicle↦0.0),(Vehicles2↦0.0),(Vehicles3↦0.0),(Vehicles4↦0.0),(Vehicles5↦0.0)}",
        "Reward": "0.7333333333333334",
        "VehiclesAx": "{(EgoVehicle↦0.0),(Vehicles2↦0.010392013937234879),(Vehicles3↦0.010763555765151978),(Vehicles4↦0.014054554048925638),(Vehicles5↦-0.009946748614311218)}",
        "VehiclesVx": "{(EgoVehicle↦20.0),(Vehicles2↦-0.11084233410656452),(Vehicles3↦-0.06106902379542589),(Vehicles4↦0.02398764481768012),(Vehicles5↦1.0716543346643448)}",
        "VehiclesY": "{(EgoVehicle↦8.000000238418579),(Vehicles2↦-4.0000001192092896),(Vehicles3↦0.0),(Vehicles4↦0.0),(Vehicles5↦-8.000000238418579)}",
        "VehiclesVy": "{(EgoVehicle↦0.0),(Vehicles2↦0.0),(Vehicles3↦0.0),(Vehicles4↦0.0),(Vehicles5↦0.0)}",
        "VehiclesX": "{(EgoVehicle↦200.0),(Vehicles2↦16.158056259155273),(Vehicles3↦24.1040900349617),(Vehicles4↦79.91143465042114),(Vehicles5↦89.77439999580383)}"
      },
      "probabilisticVariables": null,
      "activating": [
        "SLOWER_51"
      ],
      "activatingOnlyWhenExecuted": true,
      "updating": null,
      "withPredicate": null
    },
    {
      "id": "SLOWER_51",
      "execute": "SLOWER",
      "after": "1000",
      "priority": 0,
      "additionalGuards": null,
      "activationKind": null,
      "fixedVariables": {
        "Crash": "FALSE",
        "VehiclesAy": "{(EgoVehicle↦0.0),(Vehicles2↦0.0),(Vehicles3↦0.0),(Vehicles4↦0.0),(Vehicles5↦0.0)}",
        "Reward": "0.7333333333333334",
        "VehiclesAx": "{(EgoVehicle↦0.0),(Vehicles2↦0.010241670534014702),(Vehicles3↦0.011135595850646496),(Vehicles4↦0.014409387949854136),(Vehicles5↦-0.009151175618171692)}",
        "VehiclesVx": "{(EgoVehicle↦20.0),(Vehicles2↦-0.10060066357254982),(Vehicles3↦-0.049933427944779396),(Vehicles4↦0.038397032767534256),(Vehicles5↦1.062503159046173)}",
        "VehiclesY": "{(EgoVehicle↦8.000000238418579),(Vehicles2↦-4.0000001192092896),(Vehicles3↦0.0),(Vehicles4↦0.0),(Vehicles5↦-8.000000238418579)}",
        "VehiclesVy": "{(EgoVehicle↦0.0),(Vehicles2↦0.0),(Vehicles3↦0.0),(Vehicles4↦0.0),(Vehicles5↦0.0)}",
        "VehiclesX": "{(EgoVehicle↦200.0),(Vehicles2↦16.05132222175598),(Vehicles3↦24.047446250915527),(Vehicles4↦79.94115948677063),(Vehicles5↦90.84233045578003)}"
      },
      "probabilisticVariables": null,
      "activating": [
        "SLOWER_52"
      ],
      "activatingOnlyWhenExecuted": true,
      "updating": null,
      "withPredicate": null
    },
    {
      "id": "SLOWER_52",
      "execute": "SLOWER",
      "after": "1000",
      "priority": 0,
      "additionalGuards": null,
      "activationKind": null,
      "fixedVariables": {
        "Crash": "FALSE",
        "VehiclesAy": "{(EgoVehicle↦0.0),(Vehicles2↦0.0),(Vehicles3↦0.0),(Vehicles4↦0.0),(Vehicles5↦0.0)}",
        "Reward": "0.7333333333333334",
        "VehiclesAx": "{(EgoVehicle↦0.0),(Vehicles2↦0.010093310847878456),(Vehicles3↦0.011492217890918255),(Vehicles4↦0.014720568433403969),(Vehicles5↦-0.00838249921798706)}",
        "VehiclesVx": "{(EgoVehicle↦20.0),(Vehicles2↦-0.09050735272467136),(Vehicles3↦-0.03844121005386114),(Vehicles4↦0.053117601200938225),(Vehicles5↦1.054120659828186)}",
        "VehiclesY": "{(EgoVehicle↦8.000000238418579),(Vehicles2↦-4.0000001192092896),(Vehicles3↦0.0),(Vehicles4↦0.0),(Vehicles5↦-8.000000238418579)}",
        "VehiclesVy": "{(EgoVehicle↦0.0),(Vehicles2↦0.0),(Vehicles3↦0.0),(Vehicles4↦0.0),(Vehicles5↦0.0)}",
        "VehiclesX": "{(EgoVehicle↦200.0),(Vehicles2↦15.954771637916565),(Vehicles3↦24.002081155776978),(Vehicles4↦79.98542189598083),(Vehicles5↦91.90142154693604)}"
      },
      "probabilisticVariables": null,
      "activating": [
        "SLOWER_53"
      ],
      "activatingOnlyWhenExecuted": true,
      "updating": null,
      "withPredicate": null
    },
    {
      "id": "SLOWER_53",
      "execute": "SLOWER",
      "after": "1000",
      "priority": 0,
      "additionalGuards": null,
      "activationKind": null,
      "fixedVariables": {
        "Crash": "FALSE",
        "VehiclesAy": "{(EgoVehicle↦0.0),(Vehicles2↦0.0),(Vehicles3↦0.0),(Vehicles4↦0.0),(Vehicles5↦0.0)}",
        "Reward": "0.7333333333333334",
        "VehiclesAx": "{(EgoVehicle↦0.0),(Vehicles2↦0.009947102516889572),(Vehicles3↦0.011830981820821762),(Vehicles4↦0.0149901257827878),(Vehicles5↦-0.007641538977622986)}",
        "VehiclesVx": "{(EgoVehicle↦20.0),(Vehicles2↦-0.08056025020778179),(Vehicles3↦-0.02661022823303938),(Vehicles4↦0.06810772698372602),(Vehicles5↦1.046479120850563)}",
        "VehiclesY": "{(EgoVehicle↦8.000000238418579),(Vehicles2↦-4.0000001192092896),(Vehicles3↦0.0),(Vehicles4↦0.0),(Vehicles5↦-8.000000238418579)}",
        "VehiclesVy": "{(EgoVehicle↦0.0),(Vehicles2↦0.0),(Vehicles3↦0.0),(Vehicles4↦0.0),(Vehicles5↦0.0)}",
        "VehiclesX": "{(EgoVehicle↦200.0),(Vehicles2↦15.868254005908966),(Vehicles3↦23.968346416950226),(Vehicles4↦80.04451990127563),(Vehicles5↦92.9524302482605)}"
      },
      "probabilisticVariables": null,
      "activating": [
        "SLOWER_54"
      ],
      "activatingOnlyWhenExecuted": true,
      "updating": null,
      "withPredicate": null
    },
    {
      "id": "SLOWER_54",
      "execute": "SLOWER",
      "after": "1000",
      "priority": 0,
      "additionalGuards": null,
      "activationKind": null,
      "fixedVariables": {
        "Crash": "FALSE",
        "VehiclesAy": "{(EgoVehicle↦0.0),(Vehicles2↦0.0),(Vehicles3↦0.0),(Vehicles4↦0.0),(Vehicles5↦0.0)}",
        "Reward": "0.7333333333333334",
        "VehiclesAx": "{(EgoVehicle↦0.0),(Vehicles2↦0.009803194552659988),(Vehicles3↦0.012150011025369167),(Vehicles4↦0.015220227651298046),(Vehicles5↦-0.006929636001586914)}",
        "VehiclesVx": "{(EgoVehicle↦20.0),(Vehicles2↦-0.0707570556551218),(Vehicles3↦-0.014460217207670212),(Vehicles4↦0.08332795463502407),(Vehicles5↦1.0395494848489761)}",
        "VehiclesY": "{(EgoVehicle↦8.000000238418579),(Vehicles2↦-4.0000001192092896),(Vehicles3↦0.0),(Vehicles4↦0.0),(Vehicles5↦-8.000000238418579)}",
        "VehiclesVy": "{(EgoVehicle↦0.0),(Vehicles2↦0.0),(Vehicles3↦0.0),(Vehicles4↦0.0),(Vehicles5↦0.0)}",
        "VehiclesX": "{(EgoVehicle↦200.0),(Vehicles2↦15.791626274585724),(Vehicles3↦23.946571350097656),(Vehicles4↦80.11869788169861),(Vehicles5↦93.9960777759552)}"
      },
      "probabilisticVariables": null,
      "activating": [
        "SLOWER_55"
      ],
      "activatingOnlyWhenExecuted": true,
      "updating": null,
      "withPredicate": null
    },
    {
      "id": "SLOWER_55",
      "execute": "SLOWER",
      "after": "1000",
      "priority": 0,
      "additionalGuards": null,
      "activationKind": null,
      "fixedVariables": {
        "Crash": "FALSE",
        "VehiclesAy": "{(EgoVehicle↦0.0),(Vehicles2↦0.0),(Vehicles3↦0.0),(Vehicles4↦0.0),(Vehicles5↦0.0)}",
        "Reward": "0.7333333333333334",
        "VehiclesAx": "{(EgoVehicle↦0.0),(Vehicles2↦0.009661703370511532),(Vehicles3↦0.012447905173758045),(Vehicles4↦0.015413137152791023),(Vehicles5↦-0.006247088313102722)}",
        "VehiclesVx": "{(EgoVehicle↦20.0),(Vehicles2↦-0.06109535228461027),(Vehicles3↦-0.002012312033912167),(Vehicles4↦0.0987410917878151),(Vehicles5↦1.0333023965358734)}",
        "VehiclesY": "{(EgoVehicle↦8.000000238418579),(Vehicles2↦-4.0000001192092896),(Vehicles3↦0.0),(Vehicles4↦0.0),(Vehicles5↦-8.000000238418579)}",
        "VehiclesVy": "{(EgoVehicle↦0.0),(Vehicles2↦0.0),(Vehicles3↦0.0),(Vehicles4↦0.0),(Vehicles5↦0.0)}",
        "VehiclesX": "{(EgoVehicle↦200.0),(Vehicles2↦15.724745392799377),(Vehicles3↦23.93706738948822),(Vehicles4↦80.20817637443542),(Vehicles5↦95.03307938575745)}"
      },
      "probabilisticVariables": null,
      "activating": [
        "SLOWER_56"
      ],
      "activatingOnlyWhenExecuted": true,
      "updating": null,
      "withPredicate": null
    },
    {
      "id": "SLOWER_56",
      "execute": "SLOWER",
      "after": "1000",
      "priority": 0,
      "additionalGuards": null,
      "activationKind": null,
      "fixedVariables": {
        "Crash": "FALSE",
        "VehiclesAy": "{(EgoVehicle↦0.0),(Vehicles2↦0.0),(Vehicles3↦0.0),(Vehicles4↦0.0),(Vehicles5↦0.0)}",
        "Reward": "0.7333333333333334",
        "VehiclesAx": "{(EgoVehicle↦0.0),(Vehicles2↦0.00952268484979868),(Vehicles3↦0.012723706749966368),(Vehicles4↦0.015571154654026031),(Vehicles5↦-0.005594566464424133)}",
        "VehiclesVx": "{(EgoVehicle↦20.0),(Vehicles2↦-0.05157266743481159),(Vehicles3↦0.010711394716054201),(Vehicles4↦0.11431224644184113),(Vehicles5↦1.0277078300714493)}",
        "VehiclesY": "{(EgoVehicle↦8.000000238418579),(Vehicles2↦-4.0000001192092896),(Vehicles3↦0.0),(Vehicles4↦0.0),(Vehicles5↦-8.000000238418579)}",
        "VehiclesVy": "{(EgoVehicle↦0.0),(Vehicles2↦0.0),(Vehicles3↦0.0),(Vehicles4↦0.0),(Vehicles5↦0.0)}",
        "VehiclesX": "{(EgoVehicle↦200.0),(Vehicles2↦15.667469799518585),(Vehicles3↦23.94012361764908),(Vehicles4↦80.31313419342041),(Vehicles5↦96.06409072875977)}"
      },
      "probabilisticVariables": null,
      "activating": [
        "IDLE_57"
      ],
      "activatingOnlyWhenExecuted": true,
      "updating": null,
      "withPredicate": null
    },
    {
      "id": "IDLE_57",
      "execute": "IDLE",
      "after": "1000",
      "priority": 0,
      "additionalGuards": null,
      "activationKind": null,
      "fixedVariables": {
        "Crash": "FALSE",
        "VehiclesAy": "{(EgoVehicle↦0.0),(Vehicles2↦0.0),(Vehicles3↦0.0),(Vehicles4↦0.0),(Vehicles5↦0.0)}",
        "Reward": "0.7333333333333334",
        "VehiclesAx": "{(EgoVehicle↦0.0),(Vehicles2↦0.009386204183101654),(Vehicles3↦0.012976827565580606),(Vehicles4↦0.01569659449160099),(Vehicles5↦-0.7719952054321766)}",
        "VehiclesVx": "{(EgoVehicle↦20.0),(Vehicles2↦-0.04218646325170994),(Vehicles3↦0.023688222281634808),(Vehicles4↦0.13000884093344212),(Vehicles5↦0.2557126246392727)}",
        "VehiclesY": "{(EgoVehicle↦8.000000238418579),(Vehicles2↦-4.0000001192092896),(Vehicles3↦0.0),(Vehicles4↦0.0),(Vehicles5↦-4.0000001192092896)}",
        "VehiclesVy": "{(EgoVehicle↦0.0),(Vehicles2↦0.0),(Vehicles3↦0.0),(Vehicles4↦0.0),(Vehicles5↦0.0)}",
        "VehiclesX": "{(EgoVehicle↦200.0),(Vehicles2↦15.619662404060364),(Vehicles3↦23.95600527524948),(Vehicles4↦80.43371438980103),(Vehicles5↦96.90821766853333)}"
      },
      "probabilisticVariables": null,
      "activating": [
        "IDLE_58"
      ],
      "activatingOnlyWhenExecuted": true,
      "updating": null,
      "withPredicate": null
    },
    {
      "id": "IDLE_58",
      "execute": "IDLE",
      "after": "1000",
      "priority": 0,
      "additionalGuards": null,
      "activationKind": null,
      "fixedVariables": {
        "Crash": "FALSE",
        "VehiclesAy": "{(EgoVehicle↦0.0),(Vehicles2↦0.0),(Vehicles3↦0.0),(Vehicles4↦0.0),(Vehicles5↦0.0)}",
        "Reward": "0.7333333333333334",
        "VehiclesAx": "{(EgoVehicle↦0.0),(Vehicles2↦0.009252286981791258),(Vehicles3↦0.013207008596509695),(Vehicles4↦0.015791747719049454),(Vehicles5↦0.00841144472360611)}",
        "VehiclesVx": "{(EgoVehicle↦20.0),(Vehicles2↦-0.03293417626991868),(Vehicles3↦0.0368952308781445),(Vehicles4↦0.14580058865249157),(Vehicles5↦0.2641240693628788)}",
        "VehiclesY": "{(EgoVehicle↦8.000000238418579),(Vehicles2↦-4.0000001192092896),(Vehicles3↦0.0),(Vehicles4↦0.0),(Vehicles5↦-4.0000001192092896)}",
        "VehiclesVy": "{(EgoVehicle↦0.0),(Vehicles2↦0.0),(Vehicles3↦0.0),(Vehicles4↦0.0),(Vehicles5↦0.0)}",
        "VehiclesX": "{(EgoVehicle↦200.0),(Vehicles2↦15.58118760585785),(Vehicles3↦23.984959721565247),(Vehicles4↦80.57003617286682),(Vehicles5↦97.167307138443)}"
      },
      "probabilisticVariables": null,
      "activating": [
        "IDLE_59"
      ],
      "activatingOnlyWhenExecuted": true,
      "updating": null,
      "withPredicate": null
    },
    {
      "id": "IDLE_59",
      "execute": "IDLE",
      "after": "1000",
      "priority": 0,
      "additionalGuards": null,
      "activationKind": null,
      "fixedVariables": {
        "Crash": "FALSE",
        "VehiclesAy": "{(EgoVehicle↦0.0),(Vehicles2↦0.0),(Vehicles3↦0.0),(Vehicles4↦0.0),(Vehicles5↦0.0)}",
        "Reward": "0.7333333333333334",
        "VehiclesAx": "{(EgoVehicle↦0.0),(Vehicles2↦0.009120951872318983),(Vehicles3↦0.01341426046565175),(Vehicles4↦0.015858830884099007),(Vehicles5↦0.008264891803264618)}",
        "VehiclesVx": "{(EgoVehicle↦20.0),(Vehicles2↦-0.023813224397599697),(Vehicles3↦0.05030949134379625),(Vehicles4↦0.16165941953659058),(Vehicles5↦0.2723889611661434)}",
        "VehiclesY": "{(EgoVehicle↦8.000000238418579),(Vehicles2↦-4.0000001192092896),(Vehicles3↦0.0),(Vehicles4↦0.0),(Vehicles5↦-4.0000001192092896)}",
        "VehiclesVy": "{(EgoVehicle↦0.0),(Vehicles2↦0.0),(Vehicles3↦0.0),(Vehicles4↦0.0),(Vehicles5↦0.0)}",
        "VehiclesX": "{(EgoVehicle↦200.0),(Vehicles2↦15.551912784576416),(Vehicles3↦24.027204513549805),(Vehicles4↦80.722177028656),(Vehicles5↦97.4347472190857)}"
      },
      "probabilisticVariables": null,
      "activating": [
        "IDLE_60"
      ],
      "activatingOnlyWhenExecuted": true,
      "updating": null,
      "withPredicate": null
    },
    {
      "id": "IDLE_60",
      "execute": "IDLE",
      "after": "1000",
      "priority": 0,
      "additionalGuards": null,
      "activationKind": null,
      "fixedVariables": {
        "Crash": "FALSE",
        "VehiclesAy": "{(EgoVehicle↦0.0),(Vehicles2↦0.0),(Vehicles3↦0.0),(Vehicles4↦0.0),(Vehicles5↦0.0)}",
        "Reward": "0.7333333333333334",
        "VehiclesAx": "{(EgoVehicle↦0.0),(Vehicles2↦0.00899219885468483),(Vehicles3↦0.013598836958408356),(Vehicles4↦0.015900060534477234),(Vehicles5↦0.00812498852610588)}",
        "VehiclesVx": "{(EgoVehicle↦20.0),(Vehicles2↦-0.014821025542914867),(Vehicles3↦0.06390832830220461),(Vehicles4↦0.1775594800710678),(Vehicles5↦0.2805139496922493)}",
        "VehiclesY": "{(EgoVehicle↦8.000000238418579),(Vehicles2↦-4.0000001192092896),(Vehicles3↦0.0),(Vehicles4↦0.0),(Vehicles5↦-4.0000001192092896)}",
        "VehiclesVy": "{(EgoVehicle↦0.0),(Vehicles2↦0.0),(Vehicles3↦0.0),(Vehicles4↦0.0),(Vehicles5↦0.0)}",
        "VehiclesX": "{(EgoVehicle↦200.0),(Vehicles2↦15.531706809997559),(Vehicles3↦24.082939326763153),(Vehicles4↦80.89019060134888),(Vehicles5↦97.71040081977844)}"
      },
      "probabilisticVariables": null,
      "activating": [
        "IDLE_61"
      ],
      "activatingOnlyWhenExecuted": true,
      "updating": null,
      "withPredicate": null
    },
    {
      "id": "IDLE_61",
      "execute": "IDLE",
      "after": "1000",
      "priority": 0,
      "additionalGuards": null,
      "activationKind": null,
      "fixedVariables": {
        "Crash": "FALSE",
        "VehiclesAy": "{(EgoVehicle↦0.0),(Vehicles2↦0.0),(Vehicles3↦0.0),(Vehicles4↦0.0),(Vehicles5↦0.0)}",
        "Reward": "0.7333333333333334",
        "VehiclesAx": "{(EgoVehicle↦0.0),(Vehicles2↦0.008866014541126788),(Vehicles3↦0.013761171139776707),(Vehicles4↦0.015917494893074036),(Vehicles5↦0.007991120219230652)}",
        "VehiclesVx": "{(EgoVehicle↦20.0),(Vehicles2↦-0.00595501100178808),(Vehicles3↦0.07766949944198132),(Vehicles4↦0.19347697496414185),(Vehicles5↦0.28850506991147995)}",
        "VehiclesY": "{(EgoVehicle↦8.000000238418579),(Vehicles2↦-4.0000001192092896),(Vehicles3↦0.0),(Vehicles4↦0.0),(Vehicles5↦-4.0000001192092896)}",
        "VehiclesVy": "{(EgoVehicle↦0.0),(Vehicles2↦0.0),(Vehicles3↦0.0),(Vehicles4↦0.0),(Vehicles5↦0.0)}",
        "VehiclesX": "{(EgoVehicle↦200.0),(Vehicles2↦15.52044153213501),(Vehicles3↦24.15233999490738),(Vehicles4↦81.07411861419678),(Vehicles5↦97.9941189289093)}"
      },
      "probabilisticVariables": null,
      "activating": null,
      "activatingOnlyWhenExecuted": true,
      "updating": null,
      "withPredicate": null
    }
  ],
  "listeners": [],
  "metadata": {
    "fileType": "Timed_Trace",
    "formatVersion": 3,
    "savedAt": "2023-08-21T13:23:14.192497Z",
    "creator": "Simulation: HYPOTHESIS_TEST; SIGNIFICANCE : 0.05, PROBABILITY : 0.95, MAX_STEPS_BEFORE_PROPERTY : 0, EXECUTIONS : 1000, PREDICATE : Crash = FALSE, ENDING_TIME : 60000, HYPOTHESIS_CHECKING_TYPE : LEFT_TAILED, CHECKING_TYPE : PREDICATE_INVARIANT",
    "proB2KernelVersion": "4.12.2",
    "proBCliVersion": "1.12.2-final",
    "modelName": "HighwayEnvironment2"
  }
}