Status,Trace,Trace Length,Estimated Value
FAIL,Trace 1,24,543.9269608259201
SUCCESS,Trace 1,62,1350.596055984497
SUCCESS,Trace 1,62,1255.5009949207306
SUCCESS,Trace 1,62,1425.5630254745483
SUCCESS,Trace 1,62,1430.5477607250214
SUCCESS,Trace 1,62,1335.6000566482544
SUCCESS,Trace 1,62,1280.5171692371368
SUCCESS,Trace 1,62,1375.6275236606598
FAIL,Trace 1,31,658.5349416732788
SUCCESS,Trace 1,62,1445.6176924705505
SUCCESS,Trace 1,62,1355.7099604606628
SUCCESS,Trace 1,62,1365.7099413871765
SUCCESS,Trace 1,62,1260.5373656749725
SUCCESS,Trace 1,62,1255.7344698905945
SUCCESS,Trace 1,62,1410.4889488220215
SUCCESS,Trace 1,62,1284.5658159255981
SUCCESS,Trace 1,62,1249.9438667297363
SUCCESS,Trace 1,62,1410.554541349411
FAIL,Trace 1,12,283.56202006340027
SUCCESS,Trace 1,62,1370.5554974079132
SUCCESS,Trace 1,62,1300.5349671840668
SUCCESS,Trace 1,62,1295.6449282169342
SUCCESS,Trace 1,62,1390.6362473964691
FAIL,Trace 1,20,435.70996046066284
SUCCESS,Trace 1,62,1330.5635261535645
SUCCESS,Trace 1,62,1335.7349610328674
SUCCESS,Trace 1,62,1360.7080268859863
SUCCESS,Trace 1,62,1235.7014322280884
SUCCESS,Trace 1,62,1315.5553197860718
SUCCESS,Trace 1,62,1365.5446302890778
SUCCESS,Trace 1,62,1350.5701124668121
SUCCESS,Trace 1,62,1330.6041634082794
SUCCESS,Trace 1,62,1285.62983751297
FAIL,Trace 1,9,183.33567261695862
SUCCESS,Trace 1,62,1315.6684350967407
SUCCESS,Trace 1,62,1305.6917357444763
SUCCESS,Trace 1,62,1285.58323264122
SUCCESS,Trace 1,62,1275.6545984745026
SUCCESS,Trace 1,62,1275.668910741806
SUCCESS,Trace 1,62,1524.0138018131256
SUCCESS,Trace 1,62,1450.6299781799316
SUCCESS,Trace 1,62,1360.758295059204
SUCCESS,Trace 1,62,1345.6689965724945
SUCCESS,Trace 1,62,1275.723569393158
SUCCESS,Trace 1,62,1275.758295059204
SUCCESS,Trace 1,62,1305.6475520133972
SUCCESS,Trace 1,62,1390.7228875160217
SUCCESS,Trace 1,62,1329.9516916275024
SUCCESS,Trace 1,62,1325.6257724761963
FAIL,Trace 1,8,185.6046438217163
SUCCESS,Trace 1,62,1265.6129240989685
SUCCESS,Trace 1,62,1299.929974079132
FAIL,Trace 1,30,623.5099768638611
SUCCESS,Trace 1,62,1364.8676979541779
FAIL,Trace 1,6,129.30501341819763
SUCCESS,Trace 1,62,1285.5611371994019
FAIL,Trace 1,24,560.7111716270447
FAIL,Trace 1,22,455.97495913505554
SUCCESS,Trace 1,62,1365.6899046897888
SUCCESS,Trace 1,62,1370.652723312378
SUCCESS,Trace 1,62,1250.7115626335144
SUCCESS,Trace 1,62,1305.701982975006
SUCCESS,Trace 1,62,1474.0745306015015
SUCCESS,Trace 1,62,1295.6687486171722
SUCCESS,Trace 1,62,1275.7349610328674
FAIL,Trace 1,10,229.04075980186462
SUCCESS,Trace 1,62,1320.7253122329712
SUCCESS,Trace 1,62,1275.7349610328674
SUCCESS,Trace 1,62,1270.6440162658691
SUCCESS,Trace 1,62,1285.7253122329712
SUCCESS,Trace 1,62,1275.6883668899536
SUCCESS,Trace 1,62,1319.9299097061157
SUCCESS,Trace 1,62,1324.7435688972473
SUCCESS,Trace 1,62,1350.7019400596619
SUCCESS,Trace 1,62,1330.5876672267914
SUCCESS,Trace 1,62,1265.6689977645874
SUCCESS,Trace 1,62,1385.5690276622772
SUCCESS,Trace 1,62,1310.6312704086304
SUCCESS,Trace 1,62,1340.6064176559448
SUCCESS,Trace 1,62,1310.644838809967
SUCCESS,Trace 1,62,1400.7229399681091
SUCCESS,Trace 1,62,1265.4555940628052
SUCCESS,Trace 1,62,1285.7132172584534
SUCCESS,Trace 1,62,1440.7075989246368
SUCCESS,Trace 1,62,1390.5094110965729
FAIL,Trace 1,15,341.74062967300415
SUCCESS,Trace 1,62,1360.6859946250916
SUCCESS,Trace 1,62,1275.5825626850128
SUCCESS,Trace 1,62,1300.7018840312958
SUCCESS,Trace 1,62,1340.6357645988464
FAIL,Trace 1,21,438.90197694301605
SUCCESS,Trace 1,62,1385.701813697815
SUCCESS,Trace 1,62,1410.461049079895
SUCCESS,Trace 1,62,1350.7099747657776
SUCCESS,Trace 1,62,1275.709958076477
SUCCESS,Trace 1,62,1335.6161773204803
SUCCESS,Trace 1,62,1320.725440979004
SUCCESS,Trace 1,62,1458.9945983886719
SUCCESS,Trace 1,62,1415.6799411773682
SUCCESS,Trace 1,62,1255.7019627094269
SUCCESS,Trace 1,62,1295.524652004242
SUCCESS,Trace 1,62,1405.6507849693298
SUCCESS,Trace 1,62,1305.644600391388
SUCCESS,Trace 1,62,1335.701481103897
SUCCESS,Trace 1,62,1399.86741065979
SUCCESS,Trace 1,62,1275.645124912262
SUCCESS,Trace 1,62,1425.5756425857544
FAIL,Trace 1,14,288.9502936601639
SUCCESS,Trace 1,62,1334.830231666565
SUCCESS,Trace 1,62,1260.513515472412
SUCCESS,Trace 1,62,1345.6488847732544
SUCCESS,Trace 1,62,1275.7253098487854
SUCCESS,Trace 1,62,1300.7099771499634
SUCCESS,Trace 1,62,1400.676999092102
SUCCESS,Trace 1,62,1349.9687480926514
SUCCESS,Trace 1,62,1365.441311597824
SUCCESS,Trace 1,62,1300.6882238388062
SUCCESS,Trace 1,62,1255.7349586486816
SUCCESS,Trace 1,62,1304.9898171424866
SUCCESS,Trace 1,62,1430.732982158661
SUCCESS,Trace 1,62,1295.7074165344238
SUCCESS,Trace 1,62,1290.6049275398254
SUCCESS,Trace 1,62,1340.6923139095306
SUCCESS,Trace 1,62,1360.676507949829
SUCCESS,Trace 1,62,1309.102429151535
SUCCESS,Trace 1,62,1300.725313425064
FAIL,Trace 1,40,860.7405853271484
SUCCESS,Trace 1,62,1260.67697763443
SUCCESS,Trace 1,62,1365.5901956558228
SUCCESS,Trace 1,62,1390.630190372467
SUCCESS,Trace 1,62,1290.6935048103333
SUCCESS,Trace 1,62,1330.5413949489594
SUCCESS,Trace 1,62,1384.68980550766
FAIL,Trace 1,11,256.75891876220703
SUCCESS,Trace 1,62,1385.6371879577637
FAIL,Trace 1,6,128.26326966285706
SUCCESS,Trace 1,62,1359.8907780647278
SUCCESS,Trace 1,62,1450.5600154399872
FAIL,Trace 1,15,318.95029604434967
SUCCESS,Trace 1,62,1295.6690001487732
SUCCESS,Trace 1,62,1260.6375813484192
SUCCESS,Trace 1,62,1405.6837892532349
SUCCESS,Trace 1,62,1375.6178259849548
SUCCESS,Trace 1,62,1295.6177687644958
SUCCESS,Trace 1,62,1290.6466722488403
SUCCESS,Trace 1,62,1235.734941959381
SUCCESS,Trace 1,62,1340.5966186523438
SUCCESS,Trace 1,62,1265.6689977645874
SUCCESS,Trace 1,62,1300.7349586486816
SUCCESS,Trace 1,62,1349.8637914657593
SUCCESS,Trace 1,62,1250.6690394878387
SUCCESS,Trace 1,62,1345.5654335021973
SUCCESS,Trace 1,62,1285.0998544692993
SUCCESS,Trace 1,62,1340.6069612503052
SUCCESS,Trace 1,62,1389.9205803871155
SUCCESS,Trace 1,62,1295.5302286148071
SUCCESS,Trace 1,62,1325.5893969535828
SUCCESS,Trace 1,62,1345.7076001167297
SUCCESS,Trace 1,62,1350.675232410431
SUCCESS,Trace 1,62,1280.6723177433014
SUCCESS,Trace 1,62,1300.611653327942
SUCCESS,Trace 1,62,1280.6923341751099
SUCCESS,Trace 1,62,1330.669252872467
SUCCESS,Trace 1,62,1395.6245255470276
SUCCESS,Trace 1,62,1270.7451462745667
SUCCESS,Trace 1,62,1365.6310141086578
SUCCESS,Trace 1,62,1410.7168054580688
SUCCESS,Trace 1,62,1315.6321823596954
SUCCESS,Trace 1,62,1350.7247138023376
SUCCESS,Trace 1,62,1419.2007088661194
SUCCESS,Trace 1,62,1315.403916835785
FAIL,Trace 1,31,635.9572970867157
SUCCESS,Trace 1,62,1320.7111644744873
SUCCESS,Trace 1,62,1245.7018887996674
SUCCESS,Trace 1,62,1310.6785917282104
SUCCESS,Trace 1,62,1310.6269764900208
SUCCESS,Trace 1,62,1315.6434607505798
SUCCESS,Trace 1,62,1250.707961320877
SUCCESS,Trace 1,62,1395.5730831623077
SUCCESS,Trace 1,62,1350.677707195282
SUCCESS,Trace 1,62,1315.099859237671
SUCCESS,Trace 1,62,1350.6708323955536
SUCCESS,Trace 1,62,1334.9402272701263
SUCCESS,Trace 1,62,1260.6568312644958
FAIL,Trace 1,30,633.9269608259201
SUCCESS,Trace 1,62,1404.9484765529633
SUCCESS,Trace 1,62,1255.7349395751953
SUCCESS,Trace 1,62,1285.7099318504333
SUCCESS,Trace 1,62,1310.6860733032227
SUCCESS,Trace 1,62,1300.6770372390747
SUCCESS,Trace 1,62,1420.537427663803
SUCCESS,Trace 1,62,1350.7349395751953
FAIL,Trace 1,25,520.998295545578
SUCCESS,Trace 1,62,1300.573947429657
SUCCESS,Trace 1,62,1385.6689882278442
FAIL,Trace 1,17,393.5582959651947
SUCCESS,Trace 1,62,1265.6669116020203
SUCCESS,Trace 1,62,1255.7349586486816
SUCCESS,Trace 1,62,1320.7349562644958
SUCCESS,Trace 1,62,1345.7582926750183
SUCCESS,Trace 1,62,1325.6212759017944
SUCCESS,Trace 1,62,1330.6786239147186
SUCCESS,Trace 1,62,1350.5620121955872
SUCCESS,Trace 1,62,1300.717306137085
SUCCESS,Trace 1,62,1240.7253122329712
SUCCESS,Trace 1,62,1300.6266260147095
SUCCESS,Trace 1,62,1350.6247234344482
SUCCESS,Trace 1,62,1265.7252371311188
SUCCESS,Trace 1,62,1285.725314617157
SUCCESS,Trace 1,62,1320.6923341751099
FAIL,Trace 1,16,348.95029604434967
SUCCESS,Trace 1,62,1320.476826429367
SUCCESS,Trace 1,62,1435.7014107704163
FAIL,Trace 1,41,830.7349419593811
SUCCESS,Trace 1,62,1405.678641796112
SUCCESS,Trace 1,62,1275.6802344322205
FAIL,Trace 1,23,543.9502954483032
SUCCESS,Trace 1,62,1305.5547940731049
SUCCESS,Trace 1,62,1335.5618906021118
SUCCESS,Trace 1,62,1350.644245147705
SUCCESS,Trace 1,62,1355.456508398056
FAIL,Trace 1,27,588.5099625587463
SUCCESS,Trace 1,62,1390.593763589859
SUCCESS,Trace 1,62,1300.6278502941132
SUCCESS,Trace 1,62,1535.6093168258667
SUCCESS,Trace 1,62,1315.5398166179657
SUCCESS,Trace 1,62,1255.043523311615
SUCCESS,Trace 1,62,1300.5983233451843
SUCCESS,Trace 1,62,1445.6731021404266
SUCCESS,Trace 1,62,1425.722873210907
SUCCESS,Trace 1,62,1350.3278374671936
SUCCESS,Trace 1,62,1275.7349610328674
SUCCESS,Trace 1,62,1315.7019793987274
SUCCESS,Trace 1,62,1255.646984577179
SUCCESS,Trace 1,62,1309.799599647522
SUCCESS,Trace 1,62,1280.6263649463654
SUCCESS,Trace 1,62,1355.551438331604
SUCCESS,Trace 1,62,1324.857441186905
SUCCESS,Trace 1,62,1340.5254566669464
SUCCESS,Trace 1,62,1385.6680476665497
SUCCESS,Trace 1,62,1335.6418907642365
SUCCESS,Trace 1,62,1270.3648126125336
SUCCESS,Trace 1,62,1335.6542944908142
SUCCESS,Trace 1,62,1335.677490234375
SUCCESS,Trace 1,62,1310.66920876503
SUCCESS,Trace 1,62,1349.9963891506195
FAIL,Trace 1,29,661.7582929134369
SUCCESS,Trace 1,62,1350.6298756599426
SUCCESS,Trace 1,62,1315.6769490242004
SUCCESS,Trace 1,62,1375.4190063476562
SUCCESS,Trace 1,62,1304.7793936729431
SUCCESS,Trace 1,62,1385.6351280212402
SUCCESS,Trace 1,62,1285.7079672813416
SUCCESS,Trace 1,62,1270.6298768520355
SUCCESS,Trace 1,62,1235.5736184120178
SUCCESS,Trace 1,62,1475.521514415741
SUCCESS,Trace 1,62,1315.690131187439
SUCCESS,Trace 1,62,1285.6395423412323
SUCCESS,Trace 1,62,1300.5972075462341
SUCCESS,Trace 1,62,1270.5669736862183
FAIL,Trace 1,9,188.5545915365219
SUCCESS,Trace 1,62,1279.9682140350342
SUCCESS,Trace 1,62,1300.7349562644958
SUCCESS,Trace 1,62,1290.5381739139557
SUCCESS,Trace 1,62,1320.7349562644958
SUCCESS,Trace 1,62,1325.5840051174164
SUCCESS,Trace 1,62,1310.5581450462341
SUCCESS,Trace 1,62,1359.9783945083618
SUCCESS,Trace 1,62,1370.6248950958252
SUCCESS,Trace 1,62,1290.7018792629242
SUCCESS,Trace 1,62,1250.7582926750183
FAIL,Trace 1,23,491.7099606990814
SUCCESS,Trace 1,62,1325.576810836792
SUCCESS,Trace 1,62,1485.6502294540405
SUCCESS,Trace 1,62,1340.6512641906738
SUCCESS,Trace 1,62,1330.6935048103333
SUCCESS,Trace 1,62,1340.7099795341492
FAIL,Trace 1,30,703.5582947731018
SUCCESS,Trace 1,62,1280.7099270820618
SUCCESS,Trace 1,62,1280.677318572998
SUCCESS,Trace 1,62,1349.8460483551025
SUCCESS,Trace 1,62,1320.655381679535
SUCCESS,Trace 1,62,1395.693461894989
SUCCESS,Trace 1,62,1255.6785380840302
FAIL,Trace 1,11,250.65937280654907
FAIL,Trace 1,23,511.7582952976227
SUCCESS,Trace 1,62,1369.1576445102692
SUCCESS,Trace 1,62,1330.5881345272064
FAIL,Trace 1,37,788.9502948522568
FAIL,Trace 1,30,660.7582950592041
SUCCESS,Trace 1,62,1395.5531978607178
SUCCESS,Trace 1,62,1265.6838536262512
SUCCESS,Trace 1,62,1290.5888962745667
SUCCESS,Trace 1,62,1345.5939888954163
SUCCESS,Trace 1,62,1429.9259614944458
SUCCESS,Trace 1,62,1350.555077791214
SUCCESS,Trace 1,62,1270.634582042694
SUCCESS,Trace 1,62,1309.9942803382874
SUCCESS,Trace 1,62,1350.7019770145416
FAIL,Trace 1,8,185.62798023223877
SUCCESS,Trace 1,62,1260.6202578544617
SUCCESS,Trace 1,62,1380.658746957779
SUCCESS,Trace 1,62,1295.7349586486816
FAIL,Trace 1,54,1178.8277691602707
SUCCESS,Trace 1,62,1295.6778311729431
SUCCESS,Trace 1,62,1385.6917667388916
SUCCESS,Trace 1,62,1299.9195837974548
SUCCESS,Trace 1,62,1330.707573890686
SUCCESS,Trace 1,62,1360.6348729133606
SUCCESS,Trace 1,62,1425.6869292259216
FAIL,Trace 1,23,560.7228922843933
FAIL,Trace 1,10,231.73970222473145
SUCCESS,Trace 1,62,1355.7582831382751
SUCCESS,Trace 1,62,1270.7099771499634
SUCCESS,Trace 1,62,1305.74059009552
SUCCESS,Trace 1,62,1370.758295059204
SUCCESS,Trace 1,62,1350.6584644317627
SUCCESS,Trace 1,62,1360.6015539169312
SUCCESS,Trace 1,62,1270.645661354065
SUCCESS,Trace 1,62,1250.7014298439026
SUCCESS,Trace 1,62,1285.7344937324524
SUCCESS,Trace 1,62,1340.600596666336
SUCCESS,Trace 1,62,1359.8583161830902
SUCCESS,Trace 1,62,1310.73495388031
SUCCESS,Trace 1,62,1325.5834472179413
FAIL,Trace 1,11,215.7582926750183
SUCCESS,Trace 1,62,1325.6918323040009
SUCCESS,Trace 1,62,1285.635859966278
SUCCESS,Trace 1,62,1295.6355237960815
SUCCESS,Trace 1,62,1295.6743729114532
SUCCESS,Trace 1,62,1320.6882238388062
SUCCESS,Trace 1,62,1260.5254864692688
SUCCESS,Trace 1,62,1290.5383968353271
SUCCESS,Trace 1,62,1370.6003892421722
SUCCESS,Trace 1,62,1305.6512916088104
SUCCESS,Trace 1,62,1315.6746447086334
SUCCESS,Trace 1,62,1315.64297914505
SUCCESS,Trace 1,62,1384.1331386566162
SUCCESS,Trace 1,62,1305.6451201438904
SUCCESS,Trace 1,62,1300.6457257270813
SUCCESS,Trace 1,62,1350.6411683559418
SUCCESS,Trace 1,62,1265.6262874603271
SUCCESS,Trace 1,62,1285.6508588790894
FAIL,Trace 1,26,595.6827473640442
SUCCESS,Trace 1,62,1385.5965209007263
SUCCESS,Trace 1,62,1295.6685066223145
SUCCESS,Trace 1,62,1425.5153501033783
SUCCESS,Trace 1,62,1280.7405853271484
SUCCESS,Trace 1,62,1305.639100074768
SUCCESS,Trace 1,62,1430.659728050232
SUCCESS,Trace 1,62,1509.786126613617
SUCCESS,Trace 1,62,1435.6787061691284
SUCCESS,Trace 1,62,1375.7015681266785
SUCCESS,Trace 1,62,1330.6232452392578
SUCCESS,Trace 1,62,1320.6486904621124
FAIL,Trace 1,35,703.558292388916
SUCCESS,Trace 1,62,1275.7019591331482
SUCCESS,Trace 1,62,1340.6017696857452
SUCCESS,Trace 1,62,1330.7099509239197
SUCCESS,Trace 1,62,1255.7011246681213
FAIL,Trace 1,8,163.56201171875
SUCCESS,Trace 1,62,1339.9174404144287
SUCCESS,Trace 1,62,1340.645557641983
SUCCESS,Trace 1,62,1250.6923282146454
FAIL,Trace 1,5,103.29656839370728
SUCCESS,Trace 1,62,1335.664885044098
SUCCESS,Trace 1,62,1235.75829744339
SUCCESS,Trace 1,62,1265.5496096611023
SUCCESS,Trace 1,62,1320.6221842765808
SUCCESS,Trace 1,62,1295.6356739997864
FAIL,Trace 1,36,766.7099630832672
SUCCESS,Trace 1,62,1299.8999512195587
SUCCESS,Trace 1,62,1440.0592064857483
SUCCESS,Trace 1,62,1310.5867218971252
SUCCESS,Trace 1,62,1290.6684350967407
FAIL,Trace 1,25,580.7582926750183
SUCCESS,Trace 1,62,1340.6687808036804
SUCCESS,Trace 1,62,1444.087085723877
SUCCESS,Trace 1,62,1285.6999135017395
SUCCESS,Trace 1,62,1320.6198263168335
SUCCESS,Trace 1,62,1305.6672644615173
SUCCESS,Trace 1,62,1330.6068217754364
SUCCESS,Trace 1,62,1245.653589963913
SUCCESS,Trace 1,62,1320.709969997406
SUCCESS,Trace 1,62,1385.6219267845154
SUCCESS,Trace 1,62,1370.5691051483154
SUCCESS,Trace 1,62,1320.2646112442017
SUCCESS,Trace 1,62,1310.6709325313568
FAIL,Trace 1,22,513.5582947731018
SUCCESS,Trace 1,62,1375.635404586792
FAIL,Trace 1,57,1166.6649377346039
SUCCESS,Trace 1,62,1344.8103642463684
SUCCESS,Trace 1,62,1320.5750632286072
SUCCESS,Trace 1,62,1254.9568367004395
SUCCESS,Trace 1,62,1285.6689834594727
SUCCESS,Trace 1,62,1265.7582926750183
SUCCESS,Trace 1,62,1364.9605536460876
SUCCESS,Trace 1,62,1335.6797313690186
SUCCESS,Trace 1,62,1350.6882011890411
SUCCESS,Trace 1,62,1395.7023453712463
SUCCESS,Trace 1,62,1390.701973438263
SUCCESS,Trace 1,62,1310.5449533462524
FAIL,Trace 1,11,218.95032048225403
FAIL,Trace 1,13,291.73497200012207
SUCCESS,Trace 1,62,1360.7013726234436
SUCCESS,Trace 1,62,1265.6442523002625
SUCCESS,Trace 1,62,1375.5143427848816
SUCCESS,Trace 1,62,1265.6216180324554
SUCCESS,Trace 1,62,1265.7349586486816
SUCCESS,Trace 1,62,1265.6578481197357
SUCCESS,Trace 1,62,1360.610510110855
SUCCESS,Trace 1,62,1265.7349586486816
SUCCESS,Trace 1,62,1270.6552636623383
SUCCESS,Trace 1,62,1350.6785678863525
SUCCESS,Trace 1,62,1360.7582879066467
FAIL,Trace 1,16,353.2624650001526
SUCCESS,Trace 1,62,1360.5335903167725
SUCCESS,Trace 1,62,1310.758261680603
SUCCESS,Trace 1,62,1345.661301612854
SUCCESS,Trace 1,62,1395.6137299537659
SUCCESS,Trace 1,62,1470.6665587425232
SUCCESS,Trace 1,62,1320.6670200824738
SUCCESS,Trace 1,62,1254.8779237270355
SUCCESS,Trace 1,62,1400.559686422348
SUCCESS,Trace 1,62,1409.2432475090027
SUCCESS,Trace 1,62,1375.7172012329102
SUCCESS,Trace 1,62,1265.709958076477
SUCCESS,Trace 1,62,1340.5256843566895
SUCCESS,Trace 1,62,1285.70148229599
SUCCESS,Trace 1,62,1290.6433939933777
SUCCESS,Trace 1,62,1290.643470287323
SUCCESS,Trace 1,62,1295.7349610328674
SUCCESS,Trace 1,62,1275.6117630004883
SUCCESS,Trace 1,62,1300.6827449798584
SUCCESS,Trace 1,62,1330.6915044784546
SUCCESS,Trace 1,62,1470.597140789032
FAIL,Trace 1,14,313.53500962257385
SUCCESS,Trace 1,62,1270.7099771499634
SUCCESS,Trace 1,62,1394.8663449287415
SUCCESS,Trace 1,62,1300.758295059204
SUCCESS,Trace 1,62,1285.7019805908203
SUCCESS,Trace 1,62,1255.701379776001
SUCCESS,Trace 1,62,1385.7582879066467
FAIL,Trace 1,15,298.950292468071
SUCCESS,Trace 1,62,1340.7349491119385
SUCCESS,Trace 1,62,1245.701961517334
SUCCESS,Trace 1,62,1295.4155218601227
SUCCESS,Trace 1,62,1334.9426651000977
SUCCESS,Trace 1,62,1275.6866097450256
FAIL,Trace 1,16,335.73495864868164
SUCCESS,Trace 1,62,1320.6706404685974
SUCCESS,Trace 1,62,1395.6486296653748
SUCCESS,Trace 1,62,1255.5898010730743
SUCCESS,Trace 1,62,1335.6019055843353
SUCCESS,Trace 1,62,1325.6460750102997
SUCCESS,Trace 1,62,1270.7011222839355
SUCCESS,Trace 1,62,1280.7099795341492
SUCCESS,Trace 1,62,1360.6528770923615
SUCCESS,Trace 1,62,1390.537110567093
SUCCESS,Trace 1,62,1540.5220127105713
SUCCESS,Trace 1,62,1285.709958076477
SUCCESS,Trace 1,62,1324.9454164505005
SUCCESS,Trace 1,62,1339.2516267299652
SUCCESS,Trace 1,62,1245.734941959381
SUCCESS,Trace 1,62,1310.7020163536072
FAIL,Trace 1,23,506.70997977256775
SUCCESS,Trace 1,62,1285.6456017494202
SUCCESS,Trace 1,62,1290.5887603759766
FAIL,Trace 1,26,548.5349607467651
SUCCESS,Trace 1,62,1250.7253122329712
SUCCESS,Trace 1,62,1230.7253122329712
FAIL,Trace 1,17,340.9982931613922
SUCCESS,Trace 1,62,1275.701870918274
FAIL,Trace 1,19,410.7582950592041
SUCCESS,Trace 1,62,1335.6310534477234
SUCCESS,Trace 1,62,1355.6568431854248
FAIL,Trace 1,15,350.74058532714844
SUCCESS,Trace 1,62,1305.7099771499634
FAIL,Trace 1,35,776.7582952976227
FAIL,Trace 1,10,220.75803518295288
SUCCESS,Trace 1,62,1384.9383699893951
SUCCESS,Trace 1,62,1640.5029034614563
SUCCESS,Trace 1,62,1230.6399929523468
SUCCESS,Trace 1,62,1330.5695748329163
SUCCESS,Trace 1,62,1255.7014679908752
SUCCESS,Trace 1,62,1340.6451070308685
SUCCESS,Trace 1,62,1250.653681755066
SUCCESS,Trace 1,62,1295.6202960014343
SUCCESS,Trace 1,62,1450.675847530365
SUCCESS,Trace 1,62,1285.6510555744171
SUCCESS,Trace 1,62,1365.560827255249
SUCCESS,Trace 1,62,1235.701950788498
SUCCESS,Trace 1,62,1350.5864942073822
SUCCESS,Trace 1,62,1305.6725454330444
SUCCESS,Trace 1,62,1385.6525802612305
SUCCESS,Trace 1,62,1295.6263625621796
SUCCESS,Trace 1,62,1315.6209516525269
SUCCESS,Trace 1,62,1444.857075214386
SUCCESS,Trace 1,62,1250.521388053894
SUCCESS,Trace 1,62,1365.7005596160889
SUCCESS,Trace 1,62,1270.7582902908325
SUCCESS,Trace 1,62,1295.2226948738098
FAIL,Trace 1,31,646.7406404018402
SUCCESS,Trace 1,62,1290.612553358078
SUCCESS,Trace 1,62,1265.6881928443909
SUCCESS,Trace 1,62,1285.7582879066467
SUCCESS,Trace 1,62,1370.6592679023743
SUCCESS,Trace 1,62,1445.5859005451202
SUCCESS,Trace 1,62,1315.659236907959
SUCCESS,Trace 1,62,1320.5498266220093
SUCCESS,Trace 1,62,1265.6731045246124
SUCCESS,Trace 1,62,1405.625637769699
SUCCESS,Trace 1,62,1340.6878352165222
SUCCESS,Trace 1,62,1360.6939721107483
FAIL,Trace 1,12,243.4818196296692
SUCCESS,Trace 1,62,1360.7172441482544
SUCCESS,Trace 1,62,1280.6512534618378
SUCCESS,Trace 1,62,1354.9563384056091
SUCCESS,Trace 1,62,1300.6117582321167
SUCCESS,Trace 1,62,1329.7409677505493
FAIL,Trace 1,16,380.7099461555481
SUCCESS,Trace 1,62,1435.0573635101318
SUCCESS,Trace 1,62,1355.6709599494934
SUCCESS,Trace 1,62,1255.7018971443176
SUCCESS,Trace 1,62,1320.7349562644958
SUCCESS,Trace 1,62,1255.5743217468262
SUCCESS,Trace 1,62,1305.7115864753723
SUCCESS,Trace 1,62,1235.7253015041351
SUCCESS,Trace 1,62,1280.7100248336792
SUCCESS,Trace 1,62,1299.9433493614197
SUCCESS,Trace 1,62,1325.658459663391
SUCCESS,Trace 1,62,1375.7019805908203
SUCCESS,Trace 1,62,1370.630235671997
SUCCESS,Trace 1,62,1315.7248377799988
SUCCESS,Trace 1,62,1320.668911933899
SUCCESS,Trace 1,62,1420.0983500480652
SUCCESS,Trace 1,62,1275.6214690208435
SUCCESS,Trace 1,62,1414.7609865665436
SUCCESS,Trace 1,62,1324.8169326782227
SUCCESS,Trace 1,62,1345.660638809204
SUCCESS,Trace 1,62,1300.6785917282104
SUCCESS,Trace 1,62,1395.7349562644958
SUCCESS,Trace 1,62,1325.6842613220215
SUCCESS,Trace 1,62,1294.8617029190063
SUCCESS,Trace 1,62,1320.709946155548
SUCCESS,Trace 1,62,1295.7253110408783
SUCCESS,Trace 1,62,1265.6161725521088
SUCCESS,Trace 1,62,1240.6439888477325
FAIL,Trace 1,21,415.974942445755
SUCCESS,Trace 1,62,1310.6532526016235
SUCCESS,Trace 1,62,1500.6448197364807
SUCCESS,Trace 1,62,1345.6307923793793
FAIL,Trace 1,33,750.9499800205231
SUCCESS,Trace 1,62,1325.6162071228027
SUCCESS,Trace 1,62,1340.636968612671
SUCCESS,Trace 1,62,1295.7099628448486
SUCCESS,Trace 1,62,1360.5489587783813
SUCCESS,Trace 1,62,1260.6763982772827
SUCCESS,Trace 1,62,1275.6630325317383
SUCCESS,Trace 1,62,1275.6452143192291
SUCCESS,Trace 1,62,1305.678563117981
SUCCESS,Trace 1,62,1305.6535589694977
FAIL,Trace 1,18,378.53495836257935
SUCCESS,Trace 1,62,1275.6690311431885
SUCCESS,Trace 1,62,1340.758295059204
SUCCESS,Trace 1,62,1349.845314025879
FAIL,Trace 1,17,338.950292468071
SUCCESS,Trace 1,62,1290.678141117096
SUCCESS,Trace 1,62,1360.6603693962097
SUCCESS,Trace 1,62,1305.6979751586914
FAIL,Trace 1,34,711.734961271286
FAIL,Trace 1,16,378.9505022764206
SUCCESS,Trace 1,62,1360.6441473960876
SUCCESS,Trace 1,62,1270.6689035892487
SUCCESS,Trace 1,62,1305.5563044548035
SUCCESS,Trace 1,62,1329.1834390163422
SUCCESS,Trace 1,62,1300.6958770751953
SUCCESS,Trace 1,62,1235.7019221782684
SUCCESS,Trace 1,62,1375.6354689598083
SUCCESS,Trace 1,62,1295.678608417511
SUCCESS,Trace 1,62,1449.8620402812958
FAIL,Trace 1,20,388.9269417524338
SUCCESS,Trace 1,62,1345.654512643814
SUCCESS,Trace 1,62,1314.8500347137451
SUCCESS,Trace 1,62,1375.7216906547546
FAIL,Trace 1,34,753.8624280691147
SUCCESS,Trace 1,62,1245.7099604606628
SUCCESS,Trace 1,62,1305.7582902908325
SUCCESS,Trace 1,62,1360.7349157333374
FAIL,Trace 1,19,456.7582952976227
SUCCESS,Trace 1,62,1350.6515955924988
SUCCESS,Trace 1,62,1320.7041835784912
SUCCESS,Trace 1,62,1295.7015788555145
SUCCESS,Trace 1,62,1250.7019293308258
SUCCESS,Trace 1,62,1280.5139636993408
SUCCESS,Trace 1,62,1300.6683504581451
SUCCESS,Trace 1,62,1315.64159989357
SUCCESS,Trace 1,62,1300.0515413284302
SUCCESS,Trace 1,62,1360.6947040557861
SUCCESS,Trace 1,62,1315.6531298160553
FAIL,Trace 1,24,488.950292468071
SUCCESS,Trace 1,62,1380.4853987693787
SUCCESS,Trace 1,62,1464.9772095680237
SUCCESS,Trace 1,62,1300.6751489639282
SUCCESS,Trace 1,62,1325.699541568756
FAIL,Trace 1,8,168.56319546699524
SUCCESS,Trace 1,62,1250.6472325325012
SUCCESS,Trace 1,62,1310.6041431427002
SUCCESS,Trace 1,62,1280.7115983963013
SUCCESS,Trace 1,62,1280.527732372284
SUCCESS,Trace 1,62,1415.6639862060547
SUCCESS,Trace 1,62,1419.9558568000793
FAIL,Trace 1,14,273.50996017456055
SUCCESS,Trace 1,62,1275.6530976295471
SUCCESS,Trace 1,62,1360.6255221366882
SUCCESS,Trace 1,62,1409.943299293518
SUCCESS,Trace 1,62,1344.9624466896057
SUCCESS,Trace 1,62,1335.665626525879
SUCCESS,Trace 1,62,1370.6877493858337
SUCCESS,Trace 1,62,1355.7223391532898
SUCCESS,Trace 1,62,1250.7019758224487
SUCCESS,Trace 1,62,1295.6732201576233
SUCCESS,Trace 1,62,1295.590819120407
SUCCESS,Trace 1,62,1255.7344698905945
SUCCESS,Trace 1,62,1375.524823665619
SUCCESS,Trace 1,62,1410.6731629371643
FAIL,Trace 1,23,538.5582947731018
SUCCESS,Trace 1,62,1355.530617237091
SUCCESS,Trace 1,62,1310.618051290512
SUCCESS,Trace 1,62,1285.641541481018
SUCCESS,Trace 1,62,1300.647475719452
SUCCESS,Trace 1,62,1330.6345462799072
SUCCESS,Trace 1,62,1330.6898665428162
FAIL,Trace 1,8,170.75633764266968
SUCCESS,Trace 1,62,1419.976646900177
SUCCESS,Trace 1,62,1260.7019782066345
SUCCESS,Trace 1,62,1270.7019591331482
SUCCESS,Trace 1,62,1380.5422163009644
SUCCESS,Trace 1,62,1250.7019329071045
FAIL,Trace 1,37,758.558292388916
SUCCESS,Trace 1,62,1320.7582902908325
SUCCESS,Trace 1,62,1284.957867860794
SUCCESS,Trace 1,62,1315.6683945655823
SUCCESS,Trace 1,62,1325.5678570270538
FAIL,Trace 1,28,600.9106481075287
SUCCESS,Trace 1,62,1240.734941959381
SUCCESS,Trace 1,62,1304.8626351356506
SUCCESS,Trace 1,62,1320.6914520263672
SUCCESS,Trace 1,62,1250.7253110408783
FAIL,Trace 1,32,643.9269584417343
SUCCESS,Trace 1,62,1300.7582926750183
SUCCESS,Trace 1,62,1309.9445581436157
FAIL,Trace 1,24,480.94992995262146
SUCCESS,Trace 1,62,1320.5758202075958
SUCCESS,Trace 1,62,1310.4263722896576
SUCCESS,Trace 1,62,1404.1078674793243
SUCCESS,Trace 1,62,1270.691728591919
SUCCESS,Trace 1,62,1305.019701719284
SUCCESS,Trace 1,62,1285.6235563755035
SUCCESS,Trace 1,62,1350.5901753902435
SUCCESS,Trace 1,62,1335.6785070896149
SUCCESS,Trace 1,62,1355.7018625736237
SUCCESS,Trace 1,62,1285.6802439689636
SUCCESS,Trace 1,62,1280.0131464004517
SUCCESS,Trace 1,62,1270.6649351119995
SUCCESS,Trace 1,62,1270.6595993041992
SUCCESS,Trace 1,62,1345.0998544692993
SUCCESS,Trace 1,62,1280.7253098487854
SUCCESS,Trace 1,62,1245.701961517334
SUCCESS,Trace 1,62,1320.734944343567
SUCCESS,Trace 1,62,1304.9721121788025
SUCCESS,Trace 1,62,1310.6778526306152
SUCCESS,Trace 1,62,1260.7019233703613
SUCCESS,Trace 1,62,1360.5291748046875
SUCCESS,Trace 1,62,1260.709958076477
SUCCESS,Trace 1,62,1290.693485736847
SUCCESS,Trace 1,62,1325.6353271007538
SUCCESS,Trace 1,62,1289.2846822738647
SUCCESS,Trace 1,62,1350.5530560016632
SUCCESS,Trace 1,62,1285.5253529548645
SUCCESS,Trace 1,62,1315.6649541854858
SUCCESS,Trace 1,62,1310.6672656536102
FAIL,Trace 1,50,1023.5099768638611
SUCCESS,Trace 1,62,1275.6457090377808
SUCCESS,Trace 1,62,1345.5559992790222
SUCCESS,Trace 1,62,1370.725313425064
SUCCESS,Trace 1,62,1290.622787475586
SUCCESS,Trace 1,62,1324.1343808174133
SUCCESS,Trace 1,62,1365.5980849266052
SUCCESS,Trace 1,62,1365.666754245758
SUCCESS,Trace 1,62,1280.6683719158173
SUCCESS,Trace 1,62,1260.5893468856812
FAIL,Trace 1,21,420.90967059135437
SUCCESS,Trace 1,62,1310.6584668159485
SUCCESS,Trace 1,62,1474.2460632324219
SUCCESS,Trace 1,62,1320.6608366966248
SUCCESS,Trace 1,62,1330.6743931770325
SUCCESS,Trace 1,62,1320.6689822673798
SUCCESS,Trace 1,62,1465.59583902359
SUCCESS,Trace 1,62,1375.6055200099945
SUCCESS,Trace 1,62,1330.6669116020203
SUCCESS,Trace 1,62,1315.674388408661
SUCCESS,Trace 1,62,1255.7349586486816
SUCCESS,Trace 1,62,1385.6493592262268
SUCCESS,Trace 1,62,1310.707607269287
SUCCESS,Trace 1,62,1284.9568021297455
SUCCESS,Trace 1,62,1290.6156647205353
SUCCESS,Trace 1,62,1305.6550788879395
FAIL,Trace 1,12,228.95029604434967
SUCCESS,Trace 1,62,1255.734760761261
SUCCESS,Trace 1,62,1355.633932352066
SUCCESS,Trace 1,62,1330.61084151268
SUCCESS,Trace 1,62,1255.7582902908325
SUCCESS,Trace 1,62,1360.7349562644958
SUCCESS,Trace 1,62,1260.734941959381
SUCCESS,Trace 1,58,1280.9311997890472
SUCCESS,Trace 1,62,1275.5782890319824
SUCCESS,Trace 1,62,1330.709946155548
SUCCESS,Trace 1,62,1315.6271576881409
SUCCESS,Trace 1,62,1375.7344937324524
SUCCESS,Trace 1,62,1335.7015705108643
SUCCESS,Trace 1,62,1300.6842184066772
SUCCESS,Trace 1,62,1355.651148557663
SUCCESS,Trace 1,62,1250.640105009079
SUCCESS,Trace 1,62,1370.7228875160217
SUCCESS,Trace 1,62,1410.6026792526245
SUCCESS,Trace 1,62,1335.6917262077332
SUCCESS,Trace 1,62,1309.8455572128296
SUCCESS,Trace 1,62,1390.5827724933624
FAIL,Trace 1,20,420.9982931613922
SUCCESS,Trace 1,62,1330.597983598709
SUCCESS,Trace 1,62,1285.7115578651428
FAIL,Trace 1,37,728.8934272527695
FAIL,Trace 1,8,184.23761367797852
SUCCESS,Trace 1,62,1330.7344961166382
SUCCESS,Trace 1,62,1265.6218004226685
SUCCESS,Trace 1,62,1310.6318950653076
SUCCESS,Trace 1,62,1290.6466269493103
SUCCESS,Trace 1,62,1280.7099556922913
SUCCESS,Trace 1,62,1399.8028886318207
SUCCESS,Trace 1,62,1240.6689810752869
SUCCESS,Trace 1,62,1330.6874907016754
SUCCESS,Trace 1,62,1355.7175874710083
SUCCESS,Trace 1,62,1310.6443619728088
SUCCESS,Trace 1,62,1480.6434679031372
SUCCESS,Trace 1,62,1265.6875872612
SUCCESS,Trace 1,62,1380.6292128562927
FAIL,Trace 1,16,370.99831223487854
FAIL,Trace 1,14,276.7582929134369
SUCCESS,Trace 1,62,1230.7015705108643
FAIL,Trace 1,5,108.18682909011841
SUCCESS,Trace 1,62,1275.5218815803528
SUCCESS,Trace 1,62,1280.734941959381
SUCCESS,Trace 1,62,1370.615258216858
SUCCESS,Trace 1,62,1325.6046795845032
SUCCESS,Trace 1,62,1270.7582902908325
SUCCESS,Trace 1,62,1355.644519329071
SUCCESS,Trace 1,62,1329.8295557498932
SUCCESS,Trace 1,62,1379.1267037391663
SUCCESS,Trace 1,62,1289.994101524353
SUCCESS,Trace 1,62,1315.5555868148804
SUCCESS,Trace 1,62,1325.6481099128723
FAIL,Trace 1,25,515.7349395751953
SUCCESS,Trace 1,62,1304.8549962043762
SUCCESS,Trace 1,62,1375.6543183326721
FAIL,Trace 1,14,285.70996046066284
SUCCESS,Trace 1,62,1410.734941959381
FAIL,Trace 1,23,473.49144220352173
SUCCESS,Trace 1,62,1265.6786465644836
SUCCESS,Trace 1,62,1335.032000541687
SUCCESS,Trace 1,62,1420.531096458435
SUCCESS,Trace 1,62,1370.7405948638916
SUCCESS,Trace 1,62,1305.694236755371
FAIL,Trace 1,14,308.90218675136566
SUCCESS,Trace 1,62,1294.9345421791077
SUCCESS,Trace 1,62,1290.6683897972107
SUCCESS,Trace 1,62,1355.6724882125854
SUCCESS,Trace 1,62,1350.6691598892212
SUCCESS,Trace 1,62,1319.957218170166
SUCCESS,Trace 1,62,1365.7014167308807
SUCCESS,Trace 1,62,1425.6585121154785
SUCCESS,Trace 1,62,1329.9220943450928
SUCCESS,Trace 1,62,1294.8491144180298
SUCCESS,Trace 1,62,1365.617709159851
SUCCESS,Trace 1,62,1280.594139099121
SUCCESS,Trace 1,62,1355.5886149406433
SUCCESS,Trace 1,62,1290.6782341003418
SUCCESS,Trace 1,62,1365.678174495697
SUCCESS,Trace 1,62,1340.6781733036041
SUCCESS,Trace 1,62,1340.5393469333649
SUCCESS,Trace 1,62,1365.6912088394165
SUCCESS,Trace 1,62,1320.7076156139374
SUCCESS,Trace 1,62,1260.673087835312
SUCCESS,Trace 1,62,1305.002417564392
SUCCESS,Trace 1,62,1380.662887096405
SUCCESS,Trace 1,62,1314.1288304328918
SUCCESS,Trace 1,62,1430.668523311615
SUCCESS,Trace 1,62,1380.6782293319702
SUCCESS,Trace 1,62,1260.3876054286957
SUCCESS,Trace 1,62,1365.5782115459442
SUCCESS,Trace 1,62,1310.6710052490234
SUCCESS,Trace 1,62,1245.7116413116455
SUCCESS,Trace 1,62,1395.7076501846313
SUCCESS,Trace 1,62,1240.5486500263214
SUCCESS,Trace 1,62,1314.926335811615
SUCCESS,Trace 1,62,1459.9104070663452
FAIL,Trace 1,12,285.97952246665955
SUCCESS,Trace 1,62,1265.6553053855896
SUCCESS,Trace 1,62,1260.7582926750183
SUCCESS,Trace 1,62,1340.693211555481
SUCCESS,Trace 1,62,1250.7582926750183
FAIL,Trace 1,7,134.77868974208832
SUCCESS,Trace 1,62,1324.1544020175934
SUCCESS,Trace 1,62,1285.530731678009
SUCCESS,Trace 1,62,1284.2073583602905
SUCCESS,Trace 1,62,1335.676373243332
SUCCESS,Trace 1,62,1285.678141117096
SUCCESS,Trace 1,62,1355.6664943695068
SUCCESS,Trace 1,62,1310.6593656539917
SUCCESS,Trace 1,62,1310.4928946495056
SUCCESS,Trace 1,62,1410.6740951538086
SUCCESS,Trace 1,62,1445.409437417984
SUCCESS,Trace 1,62,1285.6745791435242
SUCCESS,Trace 1,62,1275.7349610328674
FAIL,Trace 1,11,226.75829410552979
SUCCESS,Trace 1,62,1305.6390988826752
FAIL,Trace 1,13,301.7350435256958
SUCCESS,Trace 1,62,1260.701425075531
SUCCESS,Trace 1,62,1275.709958076477
SUCCESS,Trace 1,62,1310.669457912445
SUCCESS,Trace 1,62,1310.6012916564941
SUCCESS,Trace 1,62,1365.5793762207031
SUCCESS,Trace 1,62,1294.9783182144165
SUCCESS,Trace 1,62,1270.076506137848
SUCCESS,Trace 1,62,1305.7082271575928
SUCCESS,Trace 1,62,1354.9766612052917
SUCCESS,Trace 1,62,1315.6001389026642
SUCCESS,Trace 1,62,1305.6661117076874
SUCCESS,Trace 1,62,1420.6561994552612
SUCCESS,Trace 1,62,1245.7019329071045
SUCCESS,Trace 1,62,1260.692331790924
SUCCESS,Trace 1,62,1354.084279537201
SUCCESS,Trace 1,62,1305.6923127174377
SUCCESS,Trace 1,62,1315.5022740364075
SUCCESS,Trace 1,62,1240.6439995765686
FAIL,Trace 1,10,201.71003341674805
SUCCESS,Trace 1,62,1300.7217907905579
SUCCESS,Trace 1,62,1235.7018876075745
SUCCESS,Trace 1,62,1320.6632566452026
FAIL,Trace 1,24,500.9282100200653
SUCCESS,Trace 1,62,1375.695651769638
SUCCESS,Trace 1,62,1369.9070620536804
SUCCESS,Trace 1,62,1389.084095954895
FAIL,Trace 1,29,608.9502948522568
SUCCESS,Trace 1,62,1300.6924629211426
SUCCESS,Trace 1,62,1295.7014834880829
SUCCESS,Trace 1,62,1265.5246233940125
SUCCESS,Trace 1,62,1360.7228803634644
SUCCESS,Trace 1,62,1429.94943857193
SUCCESS,Trace 1,62,1325.631810426712
SUCCESS,Trace 1,62,1275.758295059204
SUCCESS,Trace 1,62,1335.73495388031
SUCCESS,Trace 1,62,1300.5404770374298
SUCCESS,Trace 1,62,1330.7228827476501
FAIL,Trace 1,31,628.5349416732788
SUCCESS,Trace 1,62,1315.6690001487732
FAIL,Trace 1,19,433.95029604434967
SUCCESS,Trace 1,62,1255.6395387649536
SUCCESS,Trace 1,62,1310.676999092102
SUCCESS,Trace 1,62,1330.665090084076
SUCCESS,Trace 1,62,1355.529911518097
SUCCESS,Trace 1,62,1335.586314201355
SUCCESS,Trace 1,62,1265.692331790924
SUCCESS,Trace 1,62,1285.6508469581604
SUCCESS,Trace 1,62,1405.66326379776
SUCCESS,Trace 1,62,1365.5082547664642
SUCCESS,Trace 1,62,1250.5757057666779
SUCCESS,Trace 1,62,1260.7019591331482
FAIL,Trace 1,30,668.9030998945236
SUCCESS,Trace 1,62,1360.6917786598206
SUCCESS,Trace 1,62,1340.5307471752167
SUCCESS,Trace 1,62,1300.5229187011719
SUCCESS,Trace 1,62,1280.6746244430542
SUCCESS,Trace 1,62,1295.5118227005005
SUCCESS,Trace 1,62,1255.6684517860413
SUCCESS,Trace 1,62,1270.688226222992
SUCCESS,Trace 1,62,1274.2440366744995
SUCCESS,Trace 1,62,1380.6386518478394
SUCCESS,Trace 1,62,1295.6123566627502
SUCCESS,Trace 1,62,1270.610671043396
SUCCESS,Trace 1,62,1280.0434482097626
SUCCESS,Trace 1,62,1315.6510496139526
SUCCESS,Trace 1,62,1320.73495388031
FAIL,Trace 1,23,493.8395297527313
SUCCESS,Trace 1,62,1315.7349562644958
SUCCESS,Trace 1,62,1340.6231033802032
SUCCESS,Trace 1,62,1414.1700625419617
SUCCESS,Trace 1,62,1325.617916584015
SUCCESS,Trace 1,62,1499.238727092743
SUCCESS,Trace 1,62,1250.7582926750183
FAIL,Trace 1,6,129.32199239730835
SUCCESS,Trace 1,62,1319.2266869544983
SUCCESS,Trace 1,62,1319.9898147583008
SUCCESS,Trace 1,62,1290.6781017780304
FAIL,Trace 1,15,331.734961271286
SUCCESS,Trace 1,62,1294.9215173721313
SUCCESS,Trace 1,62,1275.7349371910095
SUCCESS,Trace 1,62,1295.702030658722
SUCCESS,Trace 1,62,1430.599136352539
SUCCESS,Trace 1,62,1265.6769943237305
SUCCESS,Trace 1,62,1320.5871963500977
SUCCESS,Trace 1,62,1290.6838822364807
SUCCESS,Trace 1,62,1420.6758093833923
SUCCESS,Trace 1,62,1250.7582926750183
SUCCESS,Trace 1,62,1285.7582926750183
SUCCESS,Trace 1,62,1320.701515674591
SUCCESS,Trace 1,62,1359.916535615921
SUCCESS,Trace 1,62,1309.0177178382874
SUCCESS,Trace 1,62,1255.7176160812378
SUCCESS,Trace 1,62,1330.6684112548828
SUCCESS,Trace 1,62,1270.5972278118134
FAIL,Trace 1,13,260.95160484313965
SUCCESS,Trace 1,62,1430.4363787174225
SUCCESS,Trace 1,62,1365.6217956542969
SUCCESS,Trace 1,62,1329.82759475708
SUCCESS,Trace 1,62,1260.5917799472809
SUCCESS,Trace 1,62,1315.6171774864197
SUCCESS,Trace 1,62,1290.6553769111633
SUCCESS,Trace 1,62,1255.7349395751953
SUCCESS,Trace 1,62,1370.7041597366333
SUCCESS,Trace 1,62,1395.6530690193176
FAIL,Trace 1,22,520.6816864013672
FAIL,Trace 1,52,1070.9532344341278
FAIL,Trace 1,12,286.75891876220703
SUCCESS,Trace 1,62,1335.678632259369
SUCCESS,Trace 1,62,1335.6706297397614
SUCCESS,Trace 1,62,1260.7253122329712
SUCCESS,Trace 1,62,1384.885892868042
SUCCESS,Trace 1,62,1415.6533288955688
SUCCESS,Trace 1,62,1479.1340804100037
SUCCESS,Trace 1,62,1295.6386065483093
SUCCESS,Trace 1,62,1290.6725466251373
SUCCESS,Trace 1,62,1285.7116055488586
SUCCESS,Trace 1,62,1385.6665909290314
SUCCESS,Trace 1,62,1340.6592071056366
SUCCESS,Trace 1,62,1310.6923341751099
SUCCESS,Trace 1,62,1315.7349562644958
SUCCESS,Trace 1,62,1270.025417804718
SUCCESS,Trace 1,62,1325.6964361667633
SUCCESS,Trace 1,62,1335.6399500370026
SUCCESS,Trace 1,62,1270.7582902908325
FAIL,Trace 1,33,680.9499609470367
SUCCESS,Trace 1,62,1295.6350827217102
SUCCESS,Trace 1,62,1290.7582902908325
SUCCESS,Trace 1,62,1260.6216168403625
SUCCESS,Trace 1,62,1414.1826963424683
SUCCESS,Trace 1,62,1325.6731045246124
SUCCESS,Trace 1,62,1320.7018983364105
SUCCESS,Trace 1,62,1480.7014441490173
SUCCESS,Trace 1,62,1305.6923151016235
SUCCESS,Trace 1,62,1265.6985425949097
FAIL,Trace 1,12,265.97594141960144
SUCCESS,Trace 1,62,1290.725314617157
SUCCESS,Trace 1,62,1400.6159710884094
SUCCESS,Trace 1,62,1285.5989170074463
SUCCESS,Trace 1,62,1395.6628918647766
SUCCESS,Trace 1,62,1290.6775617599487
SUCCESS,Trace 1,62,1374.9183094501495
SUCCESS,Trace 1,62,1389.9173140525818
SUCCESS,Trace 1,62,1459.8028421401978
SUCCESS,Trace 1,62,1260.7014894485474
SUCCESS,Trace 1,62,1315.7019639015198
FAIL,Trace 1,17,350.9982931613922
SUCCESS,Trace 1,62,1315.6475520133972
FAIL,Trace 1,16,326.7582929134369
SUCCESS,Trace 1,62,1245.6689429283142
SUCCESS,Trace 1,62,1295.5514657497406
SUCCESS,Trace 1,62,1310.691773891449
SUCCESS,Trace 1,62,1319.8160827159882
SUCCESS,Trace 1,62,1295.5932784080505
SUCCESS,Trace 1,62,1330.61687707901
SUCCESS,Trace 1,62,1280.569248199463
SUCCESS,Trace 1,62,1319.821058511734
SUCCESS,Trace 1,62,1340.4751920700073
SUCCESS,Trace 1,62,1290.6456518173218
SUCCESS,Trace 1,62,1285.5750012397766
SUCCESS,Trace 1,62,1240.734941959381
SUCCESS,Trace 1,62,1395.0625097751617
FAIL,Trace 1,6,129.30501341819763
SUCCESS,Trace 1,62,1250.7099604606628
FAIL,Trace 1,50,1068.9502948522568
SUCCESS,Trace 1,62,1340.709445476532
SUCCESS,Trace 1,62,1300.758295059204
SUCCESS,Trace 1,62,1339.8691880702972
SUCCESS,Trace 1,62,1360.591629743576
SUCCESS,Trace 1,62,1294.9687504768372
SUCCESS,Trace 1,62,1250.6769800186157
SUCCESS,Trace 1,62,1320.6740760803223
SUCCESS,Trace 1,62,1415.0515222549438
SUCCESS,Trace 1,62,1375.6495094299316
