Status,Trace,Trace Length,Estimated Value
SUCCESS,Trace 1,24,23.650012887960376
SUCCESS,Trace 1,62,22.143578524781052
SUCCESS,Trace 1,62,20.58620100250701
SUCCESS,Trace 1,62,23.373086830917554
SUCCESS,Trace 1,62,23.453417429036424
SUCCESS,Trace 1,62,21.897676887532853
SUCCESS,Trace 1,62,20.996037617623163
SUCCESS,Trace 1,62,22.553414703232825
SUCCESS,Trace 1,31,21.951943127302364
SUCCESS,Trace 1,62,23.700955575460814
SUCCESS,Trace 1,62,22.22554580638474
SUCCESS,Trace 1,62,22.38947963119672
SUCCESS,Trace 1,62,20.668168754959172
SUCCESS,Trace 1,62,20.586201460678307
SUCCESS,Trace 1,62,23.127185095407796
SUCCESS,Trace 1,62,21.06396520143129
SUCCESS,Trace 1,62,20.491807035333093
SUCCESS,Trace 1,62,23.127184444240726
SUCCESS,Trace 1,12,25.778365460309114
SUCCESS,Trace 1,62,22.47144746977298
SUCCESS,Trace 1,62,21.323906466580894
SUCCESS,Trace 1,62,21.241939220793967
SUCCESS,Trace 1,62,22.799100856843083
SUCCESS,Trace 1,20,22.934647061640728
SUCCESS,Trace 1,62,21.815709217324102
SUCCESS,Trace 1,62,21.89767699393502
SUCCESS,Trace 1,62,22.30751299873751
SUCCESS,Trace 1,62,20.258332655334545
SUCCESS,Trace 1,62,21.569808122013782
SUCCESS,Trace 1,62,22.38948015992566
SUCCESS,Trace 1,62,22.14357863146368
SUCCESS,Trace 1,62,21.815709675069176
SUCCESS,Trace 1,62,21.078004822022653
SUCCESS,Trace 1,9,22.945245327710428
SUCCESS,Trace 1,62,21.56980797238725
SUCCESS,Trace 1,62,21.405873750207185
SUCCESS,Trace 1,62,21.078004791369036
SUCCESS,Trace 1,62,20.914070416418117
SUCCESS,Trace 1,62,20.91406990504409
SUCCESS,Trace 1,62,24.987568888573712
SUCCESS,Trace 1,62,23.782922799060675
SUCCESS,Trace 1,62,22.307513033757445
SUCCESS,Trace 1,62,22.06161141774676
SUCCESS,Trace 1,62,20.914041953688663
SUCCESS,Trace 1,62,20.914070410806623
SUCCESS,Trace 1,62,21.405873668982725
SUCCESS,Trace 1,62,22.79931630412529
SUCCESS,Trace 1,62,21.803279104202076
SUCCESS,Trace 1,62,21.733742511247613
SUCCESS,Trace 1,8,26.52075948884585
SUCCESS,Trace 1,62,20.75013607475214
SUCCESS,Trace 1,62,21.311475442903635
SUCCESS,Trace 1,30,21.502010102747747
SUCCESS,Trace 1,62,22.377052845065883
SUCCESS,Trace 1,6,25.92016764488277
SUCCESS,Trace 1,62,21.078004793112797
SUCCESS,Trace 1,24,24.380795494070934
SUCCESS,Trace 1,22,21.714204511058288
SUCCESS,Trace 1,62,22.38948025205259
SUCCESS,Trace 1,62,22.471447398578576
SUCCESS,Trace 1,62,20.504234357368144
SUCCESS,Trace 1,62,21.405873642687848
SUCCESS,Trace 1,62,24.16792900354966
SUCCESS,Trace 1,62,21.241935451419867
SUCCESS,Trace 1,62,20.914070436557967
SUCCESS,Trace 1,10,25.44897331131829
SUCCESS,Trace 1,62,21.651775306340607
SUCCESS,Trace 1,62,20.914070436557967
SUCCESS,Trace 1,62,20.832103201464008
SUCCESS,Trace 1,62,21.07800481453733
SUCCESS,Trace 1,62,20.9140703320177
SUCCESS,Trace 1,62,21.6393442653732
SUCCESS,Trace 1,62,21.719674496558476
SUCCESS,Trace 1,62,22.143578600680307
SUCCESS,Trace 1,62,21.81407321568374
SUCCESS,Trace 1,62,20.750136004415857
SUCCESS,Trace 1,62,22.71734912359439
SUCCESS,Trace 1,62,21.487840890052286
SUCCESS,Trace 1,62,21.97964421680607
SUCCESS,Trace 1,62,21.487840748953033
SUCCESS,Trace 1,62,22.96325072836576
SUCCESS,Trace 1,62,20.750135994141182
SUCCESS,Trace 1,62,21.078004796153206
SUCCESS,Trace 1,62,23.618988387601892
SUCCESS,Trace 1,62,22.799316269999192
SUCCESS,Trace 1,15,24.411306611749293
SUCCESS,Trace 1,62,22.307484648591583
SUCCESS,Trace 1,62,20.914070319051042
SUCCESS,Trace 1,62,21.323906352708082
SUCCESS,Trace 1,62,21.979644142957522
SUCCESS,Trace 1,21,21.947514652941983
SUCCESS,Trace 1,62,22.717349008261877
SUCCESS,Trace 1,62,23.127185076816207
SUCCESS,Trace 1,62,22.143578539042643
SUCCESS,Trace 1,62,20.914070357463956
SUCCESS,Trace 1,62,21.897676953057594
SUCCESS,Trace 1,62,21.65177529575016
SUCCESS,Trace 1,62,23.92202735554225
SUCCESS,Trace 1,62,23.209123996802706
SUCCESS,Trace 1,62,20.586201579731956
SUCCESS,Trace 1,62,21.24193919748998
SUCCESS,Trace 1,62,23.04521783557917
SUCCESS,Trace 1,62,21.40587366334141
SUCCESS,Trace 1,62,21.897676878078094
SUCCESS,Trace 1,62,22.95079125399694
SUCCESS,Trace 1,62,20.914070410047852
SUCCESS,Trace 1,62,23.373086233145916
SUCCESS,Trace 1,14,22.22694566616645
SUCCESS,Trace 1,62,21.885246356000536
SUCCESS,Trace 1,62,20.668168796351075
SUCCESS,Trace 1,62,22.06161135222386
SUCCESS,Trace 1,62,20.914070349222808
SUCCESS,Trace 1,62,21.323906446980114
SUCCESS,Trace 1,62,22.96325076494642
SUCCESS,Trace 1,62,22.131175894204215
SUCCESS,Trace 1,62,22.38948030306015
SUCCESS,Trace 1,62,21.323906443668562
SUCCESS,Trace 1,62,20.58620154501394
SUCCESS,Trace 1,62,21.39365824163369
SUCCESS,Trace 1,62,23.45502185666829
SUCCESS,Trace 1,62,21.241939179065763
SUCCESS,Trace 1,62,21.15997201599787
SUCCESS,Trace 1,62,21.97964413487741
SUCCESS,Trace 1,62,22.307512981075554
SUCCESS,Trace 1,62,21.463222720902817
SUCCESS,Trace 1,62,21.323906476516694
SUCCESS,Trace 1,40,22.07072538948744
SUCCESS,Trace 1,62,20.668168734405693
SUCCESS,Trace 1,62,22.38948034067149
SUCCESS,Trace 1,62,22.7993162297245
SUCCESS,Trace 1,62,21.159972026808337
SUCCESS,Trace 1,62,21.815709723040516
SUCCESS,Trace 1,62,22.704946538343865
SUCCESS,Trace 1,11,25.675891876220703
SUCCESS,Trace 1,62,22.717349001182498
SUCCESS,Trace 1,6,25.6876831488645
SUCCESS,Trace 1,62,22.296719002551203
SUCCESS,Trace 1,62,23.78267887785002
SUCCESS,Trace 1,15,22.782164003167832
SUCCESS,Trace 1,62,21.2419393221894
SUCCESS,Trace 1,62,20.668168768928748
SUCCESS,Trace 1,62,23.045217952642385
SUCCESS,Trace 1,62,22.5534147149992
SUCCESS,Trace 1,62,21.24193921881557
SUCCESS,Trace 1,62,21.159972067695925
SUCCESS,Trace 1,62,20.258332690749032
SUCCESS,Trace 1,62,21.979644119526732
SUCCESS,Trace 1,62,20.750136004415857
SUCCESS,Trace 1,62,21.323906463046725
SUCCESS,Trace 1,62,22.131175930826192
SUCCESS,Trace 1,62,20.504234296382183
SUCCESS,Trace 1,62,22.06161136967255
SUCCESS,Trace 1,62,21.067210729004906
SUCCESS,Trace 1,62,21.97940024363479
SUCCESS,Trace 1,62,22.786889003636038
SUCCESS,Trace 1,62,21.24051778763257
SUCCESS,Trace 1,62,21.73374249665195
SUCCESS,Trace 1,62,22.06161135340435
SUCCESS,Trace 1,62,22.143578535947082
SUCCESS,Trace 1,62,20.99603386944078
SUCCESS,Trace 1,62,21.322269457618027
SUCCESS,Trace 1,62,20.996037657093797
SUCCESS,Trace 1,62,21.815709766951592
SUCCESS,Trace 1,62,22.881283531194484
SUCCESS,Trace 1,62,20.831887643845356
SUCCESS,Trace 1,62,22.389480308189665
SUCCESS,Trace 1,62,23.127185080698318
SUCCESS,Trace 1,62,21.56980815177853
SUCCESS,Trace 1,62,22.143578612569033
SUCCESS,Trace 1,62,23.26625805460482
SUCCESS,Trace 1,62,21.569808150335856
SUCCESS,Trace 1,31,21.199943179577915
SUCCESS,Trace 1,62,21.65177525514111
SUCCESS,Trace 1,62,20.422267103508474
SUCCESS,Trace 1,62,21.487840944121054
SUCCESS,Trace 1,62,21.487840869215873
SUCCESS,Trace 1,62,21.569808074743214
SUCCESS,Trace 1,62,20.504234328431817
SUCCESS,Trace 1,62,22.881283589193718
SUCCESS,Trace 1,62,22.14357866132253
SUCCESS,Trace 1,62,21.559014085863456
SUCCESS,Trace 1,62,22.14355068697759
SUCCESS,Trace 1,62,21.88688269421796
SUCCESS,Trace 1,62,20.668168661059273
SUCCESS,Trace 1,30,21.86035504907202
SUCCESS,Trace 1,62,23.0344238583853
SUCCESS,Trace 1,62,20.586201503623236
SUCCESS,Trace 1,62,21.078004856977916
SUCCESS,Trace 1,62,21.487840811563327
SUCCESS,Trace 1,62,21.323906370988173
SUCCESS,Trace 1,62,23.291091239327077
SUCCESS,Trace 1,62,22.143578552803074
SUCCESS,Trace 1,25,21.708262314399082
SUCCESS,Trace 1,62,21.323906513872426
SUCCESS,Trace 1,62,22.71734913730271
SUCCESS,Trace 1,17,24.59739349782467
SUCCESS,Trace 1,62,20.75013594366939
SUCCESS,Trace 1,62,20.58620154501394
SUCCESS,Trace 1,62,21.65177527642073
SUCCESS,Trace 1,62,22.061611355328168
SUCCESS,Trace 1,62,21.733742628274236
SUCCESS,Trace 1,62,21.815709749055436
SUCCESS,Trace 1,62,22.143578433288003
SUCCESS,Trace 1,62,21.323906516258436
SUCCESS,Trace 1,62,20.340299896504543
SUCCESS,Trace 1,62,21.32390650814528
SUCCESS,Trace 1,62,22.143546453477065
SUCCESS,Trace 1,62,20.750135898491727
SUCCESS,Trace 1,62,21.078004853622218
SUCCESS,Trace 1,62,21.65177535386925
SUCCESS,Trace 1,16,23.26335306962331
SUCCESS,Trace 1,62,21.651775309012677
SUCCESS,Trace 1,62,23.537020689225027
SUCCESS,Trace 1,41,20.768957352629332
SUCCESS,Trace 1,62,23.045217916621503
SUCCESS,Trace 1,62,20.914070356894367
SUCCESS,Trace 1,23,24.72501342946833
SUCCESS,Trace 1,62,21.405873632501333
SUCCESS,Trace 1,62,21.897676901620436
SUCCESS,Trace 1,62,22.143578425211413
SUCCESS,Trace 1,62,22.22554577939189
SUCCESS,Trace 1,27,22.636857548817588
SUCCESS,Trace 1,62,22.79931625902789
SUCCESS,Trace 1,62,21.323906397893982
SUCCESS,Trace 1,62,25.17636543200753
SUCCESS,Trace 1,62,21.569808150299767
SUCCESS,Trace 1,62,20.57540749084804
SUCCESS,Trace 1,62,21.32390635726665
SUCCESS,Trace 1,62,23.700955617206514
SUCCESS,Trace 1,62,23.373086724145487
SUCCESS,Trace 1,62,22.14215722204634
SUCCESS,Trace 1,62,20.914070436557967
SUCCESS,Trace 1,62,21.56980814161229
SUCCESS,Trace 1,62,20.586201409861886
SUCCESS,Trace 1,62,21.475410331819514
SUCCESS,Trace 1,62,20.996037525116908
SUCCESS,Trace 1,62,22.22554577889417
SUCCESS,Trace 1,62,21.72131146376893
SUCCESS,Trace 1,62,21.979644172510415
SUCCESS,Trace 1,62,22.717348987762705
SUCCESS,Trace 1,62,21.897676955172614
SUCCESS,Trace 1,62,20.830466292049877
SUCCESS,Trace 1,62,21.89767690538371
SUCCESS,Trace 1,62,21.89767321427148
SUCCESS,Trace 1,62,21.48784082130991
SUCCESS,Trace 1,62,22.132784502969965
SUCCESS,Trace 1,29,23.634224746908462
SUCCESS,Trace 1,62,22.143578720432675
SUCCESS,Trace 1,62,21.56980811124242
SUCCESS,Trace 1,62,22.55341473317828
SUCCESS,Trace 1,62,21.391837726443654
SUCCESS,Trace 1,62,22.71571251833457
SUCCESS,Trace 1,62,21.07800474398442
SUCCESS,Trace 1,62,20.83210317333189
SUCCESS,Trace 1,62,20.25833270542434
SUCCESS,Trace 1,62,24.192730558664476
SUCCESS,Trace 1,62,21.56977968749187
SUCCESS,Trace 1,62,21.078004718236915
SUCCESS,Trace 1,62,21.323906494770117
SUCCESS,Trace 1,62,20.83068176638531
SUCCESS,Trace 1,9,23.63007236933848
SUCCESS,Trace 1,62,20.983634871075385
SUCCESS,Trace 1,62,21.323906423961713
SUCCESS,Trace 1,62,21.159971918496737
SUCCESS,Trace 1,62,21.65177527642073
SUCCESS,Trace 1,62,21.733742453987727
SUCCESS,Trace 1,62,21.487840947011424
SUCCESS,Trace 1,62,22.29511032959886
SUCCESS,Trace 1,62,22.471447407790432
SUCCESS,Trace 1,62,21.159972038898278
SUCCESS,Trace 1,62,20.50423430614784
SUCCESS,Trace 1,23,22.352649746722985
SUCCESS,Trace 1,62,21.73374252616127
SUCCESS,Trace 1,62,24.356693405225805
SUCCESS,Trace 1,62,21.979644167167006
SUCCESS,Trace 1,62,21.815709727630693
SUCCESS,Trace 1,62,21.97964419098316
SUCCESS,Trace 1,30,24.26063085424489
SUCCESS,Trace 1,62,20.996037563769143
SUCCESS,Trace 1,62,20.996009189853122
SUCCESS,Trace 1,62,22.12953947449005
SUCCESS,Trace 1,62,21.651559785547175
SUCCESS,Trace 1,62,22.881283554255585
SUCCESS,Trace 1,62,20.586201553975222
SUCCESS,Trace 1,11,25.105483316406826
SUCCESS,Trace 1,23,23.261740695346486
SUCCESS,Trace 1,62,22.446829372115847
SUCCESS,Trace 1,62,21.815709685341204
SUCCESS,Trace 1,37,21.915285968118244
SUCCESS,Trace 1,30,22.78476879514497
SUCCESS,Trace 1,62,22.879646445650828
SUCCESS,Trace 1,62,20.75013597718088
SUCCESS,Trace 1,62,21.159972039708105
SUCCESS,Trace 1,62,22.06158304965151
SUCCESS,Trace 1,62,23.442623037232963
SUCCESS,Trace 1,62,22.143363087937182
SUCCESS,Trace 1,62,20.83210314475104
SUCCESS,Trace 1,62,21.477046791903742
SUCCESS,Trace 1,62,22.14357859433056
SUCCESS,Trace 1,8,26.520759170959824
SUCCESS,Trace 1,62,20.668168762178553
SUCCESS,Trace 1,62,22.635381762314218
SUCCESS,Trace 1,62,21.24193924993197
SUCCESS,Trace 1,54,22.244345174656907
SUCCESS,Trace 1,62,21.24193918945713
SUCCESS,Trace 1,62,22.71734898989325
SUCCESS,Trace 1,62,21.311479159136848
SUCCESS,Trace 1,62,21.81570918407092
SUCCESS,Trace 1,62,22.307513026952268
SUCCESS,Trace 1,62,23.37308672415804
SUCCESS,Trace 1,23,25.489013383440735
SUCCESS,Trace 1,10,25.751448646877773
SUCCESS,Trace 1,62,22.225545625217624
SUCCESS,Trace 1,62,20.832103168312955
SUCCESS,Trace 1,62,21.40587366412307
SUCCESS,Trace 1,62,22.47144745998695
SUCCESS,Trace 1,62,22.14194203986496
SUCCESS,Trace 1,62,22.307513048261878
SUCCESS,Trace 1,62,20.832103073441075
SUCCESS,Trace 1,62,20.504234255593794
SUCCESS,Trace 1,62,21.07800475348116
SUCCESS,Trace 1,62,21.97964423819934
SUCCESS,Trace 1,62,22.29508569083209
SUCCESS,Trace 1,62,21.487840811106206
SUCCESS,Trace 1,62,21.73374247953367
SUCCESS,Trace 1,11,21.57582926750183
SUCCESS,Trace 1,62,21.73374199989811
SUCCESS,Trace 1,62,21.078004713190477
SUCCESS,Trace 1,62,21.241939276234866
SUCCESS,Trace 1,62,21.241724125422767
SUCCESS,Trace 1,62,21.651775295625292
SUCCESS,Trace 1,62,20.668168793563478
SUCCESS,Trace 1,62,21.159971968731664
SUCCESS,Trace 1,62,22.471447391697026
SUCCESS,Trace 1,62,21.405873687456655
SUCCESS,Trace 1,62,21.569808128775584
SUCCESS,Trace 1,62,21.569803890564696
SUCCESS,Trace 1,62,22.69269884149029
SUCCESS,Trace 1,62,21.405873684748652
SUCCESS,Trace 1,62,21.323906453718468
SUCCESS,Trace 1,62,22.143578507950895
SUCCESS,Trace 1,62,20.750135981949878
SUCCESS,Trace 1,62,21.07800475820779
SUCCESS,Trace 1,26,23.830331785836652
SUCCESS,Trace 1,62,22.717348642793837
SUCCESS,Trace 1,62,21.24193917075322
SUCCESS,Trace 1,62,23.373086796591497
SUCCESS,Trace 1,62,20.99603763487876
SUCCESS,Trace 1,62,21.405841657712326
SUCCESS,Trace 1,62,23.45505393111753
SUCCESS,Trace 1,62,24.754098468987134
SUCCESS,Trace 1,62,23.537021234631993
SUCCESS,Trace 1,62,22.55341456714347
SUCCESS,Trace 1,62,21.814287891066908
SUCCESS,Trace 1,62,21.65177528766023
SUCCESS,Trace 1,35,20.692890952615176
SUCCESS,Trace 1,62,20.914070372737946
SUCCESS,Trace 1,62,21.97801083800214
SUCCESS,Trace 1,62,21.81570958447121
SUCCESS,Trace 1,62,20.586201488587765
SUCCESS,Trace 1,8,23.366001674107142
SUCCESS,Trace 1,62,21.96721682018459
SUCCESS,Trace 1,62,21.97964421897439
SUCCESS,Trace 1,62,20.50423430365983
SUCCESS,Trace 1,5,25.859603467179063
SUCCESS,Trace 1,62,21.89767688255094
SUCCESS,Trace 1,62,20.258332744973604
SUCCESS,Trace 1,62,20.750136007412333
SUCCESS,Trace 1,62,21.65177535992606
SUCCESS,Trace 1,62,21.241939319274422
SUCCESS,Trace 1,36,21.907379908916386
SUCCESS,Trace 1,62,21.311690922455497
SUCCESS,Trace 1,62,23.60819438961933
SUCCESS,Trace 1,62,21.486203858571315
SUCCESS,Trace 1,62,21.15997199357402
SUCCESS,Trace 1,25,24.19826219479243
SUCCESS,Trace 1,62,21.9796441784599
SUCCESS,Trace 1,62,23.676337539099823
SUCCESS,Trace 1,62,21.078004863465363
SUCCESS,Trace 1,62,21.651775373733983
SUCCESS,Trace 1,62,21.405845294529463
SUCCESS,Trace 1,62,21.81570974121166
SUCCESS,Trace 1,62,20.422267104201712
SUCCESS,Trace 1,62,21.651775182184092
SUCCESS,Trace 1,62,22.71734907202846
SUCCESS,Trace 1,62,22.4714474751627
SUCCESS,Trace 1,62,21.65174708905807
SUCCESS,Trace 1,62,21.48781257646486
SUCCESS,Trace 1,22,24.45515689395723
SUCCESS,Trace 1,62,22.553386322632047
SUCCESS,Trace 1,57,20.834969575213602
SUCCESS,Trace 1,62,22.04918032963039
SUCCESS,Trace 1,62,21.65177526722041
SUCCESS,Trace 1,62,20.57398612709266
SUCCESS,Trace 1,62,21.07800489365331
SUCCESS,Trace 1,62,20.750135945492104
SUCCESS,Trace 1,62,22.37707757630277
SUCCESS,Trace 1,62,21.89767694471464
SUCCESS,Trace 1,62,22.143578627267463
SUCCESS,Trace 1,62,22.881283463856644
SUCCESS,Trace 1,62,22.799316243353886
SUCCESS,Trace 1,62,21.48781255477364
SUCCESS,Trace 1,11,21.895032048225403
SUCCESS,Trace 1,13,24.313192299774215
SUCCESS,Trace 1,62,22.307512927883177
SUCCESS,Trace 1,62,20.750135959148665
SUCCESS,Trace 1,62,22.5534145516564
SUCCESS,Trace 1,62,20.75013600489155
SUCCESS,Trace 1,62,20.75013597124345
SUCCESS,Trace 1,62,20.7501359296146
SUCCESS,Trace 1,62,22.307512978635966
SUCCESS,Trace 1,62,20.75013597124345
SUCCESS,Trace 1,62,20.832103240217265
SUCCESS,Trace 1,62,22.143578524381628
SUCCESS,Trace 1,62,22.307512916502404
SUCCESS,Trace 1,16,23.562531966256635
SUCCESS,Trace 1,62,22.30751304799677
SUCCESS,Trace 1,62,21.48784035541972
SUCCESS,Trace 1,62,22.061611420660604
SUCCESS,Trace 1,62,22.88128350222265
SUCCESS,Trace 1,62,24.110791676275305
SUCCESS,Trace 1,62,21.651559700825548
SUCCESS,Trace 1,62,20.57377425648102
SUCCESS,Trace 1,62,22.96325065753035
SUCCESS,Trace 1,62,23.102348319819715
SUCCESS,Trace 1,62,22.553414660603973
SUCCESS,Trace 1,62,20.750135931234446
SUCCESS,Trace 1,62,21.979644101025418
SUCCESS,Trace 1,62,21.078004747346963
SUCCESS,Trace 1,62,21.159971977343123
SUCCESS,Trace 1,62,21.15994368941835
SUCCESS,Trace 1,62,21.241939289016983
SUCCESS,Trace 1,62,20.912433386201748
SUCCESS,Trace 1,62,21.32390645638042
SUCCESS,Trace 1,62,21.815706011226673
SUCCESS,Trace 1,62,24.110791708465204
SUCCESS,Trace 1,14,24.1198739808559
SUCCESS,Trace 1,62,20.83210316829159
SUCCESS,Trace 1,62,22.86888073198786
SUCCESS,Trace 1,62,21.323906476380394
SUCCESS,Trace 1,62,21.078004879373676
SUCCESS,Trace 1,62,20.58620156972815
SUCCESS,Trace 1,62,22.717348982076174
SUCCESS,Trace 1,15,21.35359231914793
SUCCESS,Trace 1,62,21.979644011624707
SUCCESS,Trace 1,62,20.42226713306446
SUCCESS,Trace 1,62,21.24193920312047
SUCCESS,Trace 1,62,21.885461502818956
SUCCESS,Trace 1,62,20.914070419941325
SUCCESS,Trace 1,16,22.38388628305669
SUCCESS,Trace 1,62,21.651775307247938
SUCCESS,Trace 1,62,22.881283565830838
SUCCESS,Trace 1,62,20.586201609161755
SUCCESS,Trace 1,62,21.89767693894774
SUCCESS,Trace 1,62,21.733742595402596
SUCCESS,Trace 1,62,20.832103088847013
SUCCESS,Trace 1,62,20.99603763360611
SUCCESS,Trace 1,62,22.307512953591672
SUCCESS,Trace 1,62,22.799316281355377
SUCCESS,Trace 1,62,25.258332769378388
SUCCESS,Trace 1,62,21.078004783393247
SUCCESS,Trace 1,62,21.721339893466794
SUCCESS,Trace 1,62,21.956634660354272
SUCCESS,Trace 1,62,20.42226711647825
SUCCESS,Trace 1,62,21.487840757492666
SUCCESS,Trace 1,23,23.034467994926878
SUCCESS,Trace 1,62,21.078004382986066
SUCCESS,Trace 1,62,21.159971906442994
SUCCESS,Trace 1,26,21.942331853757345
SUCCESS,Trace 1,62,20.50423432273405
SUCCESS,Trace 1,62,20.17636547034529
SUCCESS,Trace 1,17,21.312393322587013
SUCCESS,Trace 1,62,20.914070371297512
SUCCESS,Trace 1,19,22.819905281066895
SUCCESS,Trace 1,62,21.89767698043374
SUCCESS,Trace 1,62,22.225545782464813
SUCCESS,Trace 1,15,25.054163481653557
SUCCESS,Trace 1,62,21.40587366009487
SUCCESS,Trace 1,35,22.845832214635962
SUCCESS,Trace 1,10,24.528670575883652
SUCCESS,Trace 1,62,22.704921719357714
SUCCESS,Trace 1,62,26.897433011562956
SUCCESS,Trace 1,62,20.176365494137595
SUCCESS,Trace 1,62,21.81570967062572
SUCCESS,Trace 1,62,20.586201549040712
SUCCESS,Trace 1,62,21.97964408839341
SUCCESS,Trace 1,62,20.5042343581767
SUCCESS,Trace 1,62,21.24193917706688
SUCCESS,Trace 1,62,23.782922812192616
SUCCESS,Trace 1,62,21.07800475809364
SUCCESS,Trace 1,62,22.38948020300057
SUCCESS,Trace 1,62,20.25833268593528
SUCCESS,Trace 1,62,22.143578603787347
SUCCESS,Trace 1,62,21.40587369271608
SUCCESS,Trace 1,62,22.717349068515258
SUCCESS,Trace 1,62,21.24193927391603
SUCCESS,Trace 1,62,21.569808011712073
SUCCESS,Trace 1,62,23.68855296746847
SUCCESS,Trace 1,62,20.50423429321513
SUCCESS,Trace 1,62,22.389480187764068
SUCCESS,Trace 1,62,20.832103119521843
SUCCESS,Trace 1,62,21.241938659770714
SUCCESS,Trace 1,31,21.558609878796787
SUCCESS,Trace 1,62,21.159971983965452
SUCCESS,Trace 1,62,20.750135443257896
SUCCESS,Trace 1,62,21.078004719781095
SUCCESS,Trace 1,62,22.47144744728346
SUCCESS,Trace 1,62,23.700951415367264
SUCCESS,Trace 1,62,21.569808096578743
SUCCESS,Trace 1,62,21.651775316343087
SUCCESS,Trace 1,62,20.750135983823053
SUCCESS,Trace 1,62,23.045217879111885
SUCCESS,Trace 1,62,21.979644199466644
SUCCESS,Trace 1,62,22.307297462743787
SUCCESS,Trace 1,12,22.177301878783737
SUCCESS,Trace 1,62,22.30751296674764
SUCCESS,Trace 1,62,20.996037623406522
SUCCESS,Trace 1,62,22.213330271807983
SUCCESS,Trace 1,62,21.323906398407026
SUCCESS,Trace 1,62,21.80491574093479
SUCCESS,Trace 1,16,25.383884151424777
SUCCESS,Trace 1,62,23.526202551284285
SUCCESS,Trace 1,62,22.225545758532014
SUCCESS,Trace 1,62,20.586201551012607
SUCCESS,Trace 1,62,21.65177527642073
SUCCESS,Trace 1,62,20.58620159293719
SUCCESS,Trace 1,62,21.40587364567477
SUCCESS,Trace 1,62,20.25833266163853
SUCCESS,Trace 1,62,20.996037501903892
SUCCESS,Trace 1,62,21.311479019280583
SUCCESS,Trace 1,62,21.732105896121166
SUCCESS,Trace 1,62,22.553414715439253
SUCCESS,Trace 1,62,22.47120345914131
SUCCESS,Trace 1,62,21.569807966244376
SUCCESS,Trace 1,62,21.651775300843237
SUCCESS,Trace 1,62,23.280300820460084
SUCCESS,Trace 1,62,20.91407034011943
SUCCESS,Trace 1,62,23.196936753477363
SUCCESS,Trace 1,62,21.721127994459277
SUCCESS,Trace 1,62,22.061611382172636
SUCCESS,Trace 1,62,21.32369104200432
SUCCESS,Trace 1,62,22.88128347314204
SUCCESS,Trace 1,62,21.73374245054223
SUCCESS,Trace 1,62,21.229536583878964
SUCCESS,Trace 1,62,21.651774791333963
SUCCESS,Trace 1,62,21.24193922168978
SUCCESS,Trace 1,62,20.750135913583758
SUCCESS,Trace 1,62,20.340299916347032
SUCCESS,Trace 1,21,20.799914729577356
SUCCESS,Trace 1,62,21.48784087672124
SUCCESS,Trace 1,62,24.602594898126277
SUCCESS,Trace 1,62,22.061611384228357
SUCCESS,Trace 1,33,23.468696754260833
SUCCESS,Trace 1,62,21.733742586751507
SUCCESS,Trace 1,62,21.979644115730107
SUCCESS,Trace 1,62,21.241939287792782
SUCCESS,Trace 1,62,22.30751304838044
SUCCESS,Trace 1,62,20.668168766776294
SUCCESS,Trace 1,62,20.91407027197715
SUCCESS,Trace 1,62,20.91407042494093
SUCCESS,Trace 1,62,21.405873786889842
SUCCESS,Trace 1,62,21.405873609757244
SUCCESS,Trace 1,18,22.268134938808696
SUCCESS,Trace 1,62,20.914070375043906
SUCCESS,Trace 1,62,21.97964418129843
SUCCESS,Trace 1,62,22.129542533276737
SUCCESS,Trace 1,17,21.184393279254436
SUCCESS,Trace 1,62,21.15997200295803
SUCCESS,Trace 1,62,22.307512925622728
SUCCESS,Trace 1,62,21.40565811147056
SUCCESS,Trace 1,34,21.568433238438015
SUCCESS,Trace 1,16,25.26336681842804
SUCCESS,Trace 1,62,22.307513066094124
SUCCESS,Trace 1,62,20.83210309254954
SUCCESS,Trace 1,62,21.405873706285757
SUCCESS,Trace 1,62,21.792696379614473
SUCCESS,Trace 1,62,21.323906414764974
SUCCESS,Trace 1,62,20.2583326995108
SUCCESS,Trace 1,62,22.5534141400585
SUCCESS,Trace 1,62,21.241939221781596
SUCCESS,Trace 1,62,23.77049558038342
SUCCESS,Trace 1,20,20.47106809990821
SUCCESS,Trace 1,62,22.06161136012355
SUCCESS,Trace 1,62,21.557592579403856
SUCCESS,Trace 1,62,22.553386305922693
SUCCESS,Trace 1,34,22.84697859642814
SUCCESS,Trace 1,62,20.42226711786097
SUCCESS,Trace 1,62,21.405873611325124
SUCCESS,Trace 1,62,22.30751305892987
SUCCESS,Trace 1,19,25.375460849867927
SUCCESS,Trace 1,62,22.14357806416776
SUCCESS,Trace 1,62,21.651560244806273
SUCCESS,Trace 1,62,21.241939227883176
SUCCESS,Trace 1,62,20.504234312061136
SUCCESS,Trace 1,62,20.996037615214377
SUCCESS,Trace 1,62,21.323906353273756
SUCCESS,Trace 1,62,21.569808113457057
SUCCESS,Trace 1,62,21.31311241711892
SUCCESS,Trace 1,62,22.30748457616234
SUCCESS,Trace 1,62,21.569807942657118
SUCCESS,Trace 1,24,21.258708368177
SUCCESS,Trace 1,62,22.635381818561918
SUCCESS,Trace 1,62,24.0177901709153
SUCCESS,Trace 1,62,21.323690915436302
SUCCESS,Trace 1,62,21.733742526416005
SUCCESS,Trace 1,8,24.08379015202342
SUCCESS,Trace 1,62,20.504233964823843
SUCCESS,Trace 1,62,21.487840881050836
SUCCESS,Trace 1,62,20.99603762061855
SUCCESS,Trace 1,62,20.99603769227726
SUCCESS,Trace 1,62,23.20912025154835
SUCCESS,Trace 1,62,23.278904136496415
SUCCESS,Trace 1,14,21.04294568736968
SUCCESS,Trace 1,62,20.914070318642175
SUCCESS,Trace 1,62,22.30751300412714
SUCCESS,Trace 1,62,23.11475776845884
SUCCESS,Trace 1,62,22.04939590215936
SUCCESS,Trace 1,62,21.897676915735804
SUCCESS,Trace 1,62,22.47144738885789
SUCCESS,Trace 1,62,22.225545741169356
SUCCESS,Trace 1,62,20.504234309420664
SUCCESS,Trace 1,62,21.241939290378614
SUCCESS,Trace 1,62,21.241939226855788
SUCCESS,Trace 1,62,20.586201460678307
SUCCESS,Trace 1,62,22.55341464148531
SUCCESS,Trace 1,62,23.127185201715644
SUCCESS,Trace 1,23,24.479922489686444
SUCCESS,Trace 1,62,22.223693717140915
SUCCESS,Trace 1,62,21.487840862105557
SUCCESS,Trace 1,62,21.07800480069403
SUCCESS,Trace 1,62,21.32390647431854
SUCCESS,Trace 1,62,21.81570967788028
SUCCESS,Trace 1,62,21.815709763493427
SUCCESS,Trace 1,8,24.393762520381383
SUCCESS,Trace 1,62,23.278688491577967
SUCCESS,Trace 1,62,20.6681687747352
SUCCESS,Trace 1,62,20.83210315962347
SUCCESS,Trace 1,62,22.635381820579283
SUCCESS,Trace 1,62,20.504234349684385
SUCCESS,Trace 1,37,21.07106367746989
SUCCESS,Trace 1,62,21.651775250669385
SUCCESS,Trace 1,62,21.067210801807057
SUCCESS,Trace 1,62,21.56980806552138
SUCCESS,Trace 1,62,21.7337424082766
SUCCESS,Trace 1,28,22.25919660470711
SUCCESS,Trace 1,62,20.340299903363988
SUCCESS,Trace 1,62,21.393446303172805
SUCCESS,Trace 1,62,21.651775146859332
SUCCESS,Trace 1,62,20.504234303656993
SUCCESS,Trace 1,32,20.772590130287192
SUCCESS,Trace 1,62,21.32390643729538
SUCCESS,Trace 1,62,21.47543810294013
SUCCESS,Trace 1,24,20.91296931567294
SUCCESS,Trace 1,62,21.65177525245607
SUCCESS,Trace 1,62,21.487840889252723
SUCCESS,Trace 1,62,23.020388026601857
SUCCESS,Trace 1,62,20.83210314079016
SUCCESS,Trace 1,62,21.39507958190019
SUCCESS,Trace 1,62,21.077817564233914
SUCCESS,Trace 1,62,22.143578511075763
SUCCESS,Trace 1,62,21.8976484904159
SUCCESS,Trace 1,62,22.225545803466105
SUCCESS,Trace 1,62,21.078004344426724
SUCCESS,Trace 1,62,20.98382207213855
SUCCESS,Trace 1,62,20.832103174066113
SUCCESS,Trace 1,62,20.8321030956155
SUCCESS,Trace 1,62,22.050817286381957
SUCCESS,Trace 1,62,20.996037562337563
SUCCESS,Trace 1,62,20.42226713313471
SUCCESS,Trace 1,62,21.651775352001962
SUCCESS,Trace 1,62,21.39365821626184
SUCCESS,Trace 1,62,21.48784090956021
SUCCESS,Trace 1,62,20.66816875346563
SUCCESS,Trace 1,62,22.307512980049594
SUCCESS,Trace 1,62,20.668168718120217
SUCCESS,Trace 1,62,21.159972012087366
SUCCESS,Trace 1,62,21.733742522780318
SUCCESS,Trace 1,62,21.13674740095904
SUCCESS,Trace 1,62,22.14357852308091
SUCCESS,Trace 1,62,21.078004718755444
SUCCESS,Trace 1,62,21.56980813476852
SUCCESS,Trace 1,62,21.48784093196919
SUCCESS,Trace 1,50,20.888944754687444
SUCCESS,Trace 1,62,20.914070400163904
SUCCESS,Trace 1,62,22.061611450141015
SUCCESS,Trace 1,62,22.47144745742585
SUCCESS,Trace 1,62,21.159971928798885
SUCCESS,Trace 1,62,21.708884163993016
SUCCESS,Trace 1,62,22.3894802365681
SUCCESS,Trace 1,62,22.389451888254133
SUCCESS,Trace 1,62,20.996037516398005
SUCCESS,Trace 1,62,20.66816883098965
SUCCESS,Trace 1,21,21.049914743867056
SUCCESS,Trace 1,62,21.486204374031942
SUCCESS,Trace 1,62,24.169533799598025
SUCCESS,Trace 1,62,21.651775320269998
SUCCESS,Trace 1,62,21.815709674678377
SUCCESS,Trace 1,62,21.651775366097326
SUCCESS,Trace 1,62,24.028824509444643
SUCCESS,Trace 1,62,22.55341421669083
SUCCESS,Trace 1,62,21.815709760573643
SUCCESS,Trace 1,62,21.569808064192294
SUCCESS,Trace 1,62,20.58620154501394
SUCCESS,Trace 1,62,22.71734918438724
SUCCESS,Trace 1,62,21.487840892442343
SUCCESS,Trace 1,62,21.065789265299994
SUCCESS,Trace 1,62,21.159971964024752
SUCCESS,Trace 1,62,21.4058699311963
SUCCESS,Trace 1,12,20.813663276759062
SUCCESS,Trace 1,62,20.586198300978147
SUCCESS,Trace 1,62,22.22554583794333
SUCCESS,Trace 1,62,21.815709752872955
SUCCESS,Trace 1,62,20.586201480177582
SUCCESS,Trace 1,62,22.30751298133876
SUCCESS,Trace 1,62,20.668168755539902
SUCCESS,Trace 1,58,22.473654324395905
SUCCESS,Trace 1,62,20.914070387667582
SUCCESS,Trace 1,62,21.81570921756347
SUCCESS,Trace 1,62,21.569808004350243
SUCCESS,Trace 1,62,22.553414591642035
SUCCESS,Trace 1,62,21.89767690131045
SUCCESS,Trace 1,62,21.32390649562977
SUCCESS,Trace 1,62,22.225545763965926
SUCCESS,Trace 1,62,20.504234342071353
SUCCESS,Trace 1,62,22.47144748747935
SUCCESS,Trace 1,62,23.127184469810796
SUCCESS,Trace 1,62,21.897676870313234
SUCCESS,Trace 1,62,21.473801215201043
SUCCESS,Trace 1,62,22.799316343288336
SUCCESS,Trace 1,20,22.15780490323117
SUCCESS,Trace 1,62,21.81570973692152
SUCCESS,Trace 1,62,21.07800427114386
SUCCESS,Trace 1,37,20.248619231298647
SUCCESS,Trace 1,8,26.371656029245873
SUCCESS,Trace 1,62,21.81570972696047
SUCCESS,Trace 1,62,20.75013590960633
SUCCESS,Trace 1,62,21.487840801864085
SUCCESS,Trace 1,62,21.159972001763432
SUCCESS,Trace 1,62,20.996037531494217
SUCCESS,Trace 1,62,22.949186368874532
SUCCESS,Trace 1,62,20.340299936536407
SUCCESS,Trace 1,62,21.815709666091678
SUCCESS,Trace 1,62,22.225545247069125
SUCCESS,Trace 1,62,21.487840915372068
SUCCESS,Trace 1,62,24.27448213626546
SUCCESS,Trace 1,62,20.750135929837665
SUCCESS,Trace 1,62,22.635353440879225
SUCCESS,Trace 1,16,24.73322081565857
SUCCESS,Trace 1,14,21.28909945487976
SUCCESS,Trace 1,62,20.176365442974962
SUCCESS,Trace 1,5,27.060288354265946
SUCCESS,Trace 1,62,20.91407040727909
SUCCESS,Trace 1,62,20.996037608779954
SUCCESS,Trace 1,62,22.471447480453655
SUCCESS,Trace 1,62,21.73374257867748
SUCCESS,Trace 1,62,20.832103119521843
SUCCESS,Trace 1,62,22.225545022865724
SUCCESS,Trace 1,62,21.804915765069453
SUCCESS,Trace 1,62,22.61051985511765
SUCCESS,Trace 1,62,21.149152807219664
SUCCESS,Trace 1,62,21.56817480934464
SUCCESS,Trace 1,62,21.733742629739435
SUCCESS,Trace 1,25,21.489928822974647
SUCCESS,Trace 1,62,21.393259268701737
SUCCESS,Trace 1,62,22.553414620573243
SUCCESS,Trace 1,14,21.98140724534762
SUCCESS,Trace 1,62,23.127185132372503
SUCCESS,Trace 1,23,21.525376968021387
SUCCESS,Trace 1,62,20.750135932979575
SUCCESS,Trace 1,62,21.88688289630486
SUCCESS,Trace 1,62,23.289483057659186
SUCCESS,Trace 1,62,22.47144743605123
SUCCESS,Trace 1,62,21.405873595001907
SUCCESS,Trace 1,14,23.765423297476097
SUCCESS,Trace 1,62,21.22972374035333
SUCCESS,Trace 1,62,21.15997206442037
SUCCESS,Trace 1,62,22.22554579081978
SUCCESS,Trace 1,62,22.143578590862347
SUCCESS,Trace 1,62,21.639559774193494
SUCCESS,Trace 1,62,22.389480108985044
SUCCESS,Trace 1,62,23.373086824408315
SUCCESS,Trace 1,62,21.80330702310044
SUCCESS,Trace 1,62,21.229508188486598
SUCCESS,Trace 1,62,22.38947963278499
SUCCESS,Trace 1,62,20.99603758164946
SUCCESS,Trace 1,62,22.22554585442905
SUCCESS,Trace 1,62,21.159971969964296
SUCCESS,Trace 1,62,22.389480195090833
SUCCESS,Trace 1,62,21.979644063295176
SUCCESS,Trace 1,62,21.978007572995644
SUCCESS,Trace 1,62,22.389480274742432
SUCCESS,Trace 1,62,21.651774858358824
SUCCESS,Trace 1,62,20.668168768900546
SUCCESS,Trace 1,62,21.39507931459245
SUCCESS,Trace 1,62,22.63538186237636
SUCCESS,Trace 1,62,21.544950137536215
SUCCESS,Trace 1,62,23.455053977335094
SUCCESS,Trace 1,62,22.635381875269584
SUCCESS,Trace 1,62,20.668168788475516
SUCCESS,Trace 1,62,22.38948029604118
SUCCESS,Trace 1,62,21.487840938872207
SUCCESS,Trace 1,62,20.42226711397267
SUCCESS,Trace 1,62,22.881283492109077
SUCCESS,Trace 1,62,20.340299904406308
SUCCESS,Trace 1,62,21.557377526477246
SUCCESS,Trace 1,62,23.934210649669247
SUCCESS,Trace 1,12,26.004986242001337
SUCCESS,Trace 1,62,20.750135972245882
SUCCESS,Trace 1,62,20.66816873237735
SUCCESS,Trace 1,62,21.97964413770486
SUCCESS,Trace 1,62,20.50423430614784
SUCCESS,Trace 1,7,22.540000192132922
SUCCESS,Trace 1,62,21.708912082744035
SUCCESS,Trace 1,62,21.07800471926624
SUCCESS,Trace 1,62,21.05499535840501
SUCCESS,Trace 1,62,21.897676886587732
SUCCESS,Trace 1,62,21.07800478180814
SUCCESS,Trace 1,62,22.225513593276062
SUCCESS,Trace 1,62,21.487840903354076
SUCCESS,Trace 1,62,21.487840972557215
SUCCESS,Trace 1,62,23.127185102335428
SUCCESS,Trace 1,62,23.69910724159105
SUCCESS,Trace 1,62,21.07800477904025
SUCCESS,Trace 1,62,20.914070436557967
SUCCESS,Trace 1,11,22.67582941055298
SUCCESS,Trace 1,62,21.4058736164273
SUCCESS,Trace 1,13,25.146531593572025
SUCCESS,Trace 1,62,20.668168696698892
SUCCESS,Trace 1,62,20.914070357463956
SUCCESS,Trace 1,62,21.487596983601627
SUCCESS,Trace 1,62,21.48784082522894
SUCCESS,Trace 1,62,22.387659723434766
SUCCESS,Trace 1,62,21.229723729177632
SUCCESS,Trace 1,62,20.821309152689246
SUCCESS,Trace 1,62,21.40584526013285
SUCCESS,Trace 1,62,22.213114844604448
SUCCESS,Trace 1,62,21.569808038296454
SUCCESS,Trace 1,62,21.405873593413407
SUCCESS,Trace 1,62,23.291119526066066
SUCCESS,Trace 1,62,20.4222671366714
SUCCESS,Trace 1,62,20.668168765479514
SUCCESS,Trace 1,62,22.200712092680995
SUCCESS,Trace 1,62,21.405873646995698
SUCCESS,Trace 1,62,21.569804307958673
SUCCESS,Trace 1,62,20.340299938449593
SUCCESS,Trace 1,10,22.417596349511584
SUCCESS,Trace 1,62,21.323690867809017
SUCCESS,Trace 1,62,20.25833266894777
SUCCESS,Trace 1,62,21.65177533218607
SUCCESS,Trace 1,24,21.782534508702213
SUCCESS,Trace 1,62,22.55341090011207
SUCCESS,Trace 1,62,22.459016470681313
SUCCESS,Trace 1,62,22.77445839114188
SUCCESS,Trace 1,29,21.748224816152028
SUCCESS,Trace 1,62,21.323906498962366
SUCCESS,Trace 1,62,21.241939195784003
SUCCESS,Trace 1,62,20.750135997869805
SUCCESS,Trace 1,62,22.307512956060595
SUCCESS,Trace 1,62,23.44425982304556
SUCCESS,Trace 1,62,21.733742446014556
SUCCESS,Trace 1,62,20.914070410806623
SUCCESS,Trace 1,62,21.897676876679977
SUCCESS,Trace 1,62,21.323881840920443
SUCCESS,Trace 1,62,21.815709716475993
SUCCESS,Trace 1,31,20.951943127302364
SUCCESS,Trace 1,62,21.569808174718666
SUCCESS,Trace 1,19,24.10834978024165
SUCCESS,Trace 1,62,20.586201573994654
SUCCESS,Trace 1,62,21.487840928880843
SUCCESS,Trace 1,62,21.81549419918554
SUCCESS,Trace 1,62,22.22554580180425
SUCCESS,Trace 1,62,21.897676987977864
SUCCESS,Trace 1,62,20.750135978664517
SUCCESS,Trace 1,62,21.078004797610387
SUCCESS,Trace 1,62,23.045217900497114
SUCCESS,Trace 1,62,22.389480178611485
SUCCESS,Trace 1,62,20.504019214802113
SUCCESS,Trace 1,62,20.668168733894245
SUCCESS,Trace 1,30,23.067251479227266
SUCCESS,Trace 1,62,22.307512978827365
SUCCESS,Trace 1,62,21.979644222877393
SUCCESS,Trace 1,62,21.323906397878964
SUCCESS,Trace 1,62,20.996037668051173
SUCCESS,Trace 1,62,21.241939224262286
SUCCESS,Trace 1,62,20.58620152437977
SUCCESS,Trace 1,62,20.83210320356283
SUCCESS,Trace 1,62,20.891060873157436
SUCCESS,Trace 1,62,22.635381891422234
SUCCESS,Trace 1,62,21.241939285613324
SUCCESS,Trace 1,62,20.832103155260626
SUCCESS,Trace 1,62,20.985243609944458
SUCCESS,Trace 1,62,21.569808061546556
SUCCESS,Trace 1,62,21.651775237335716
SUCCESS,Trace 1,23,22.452286254201542
SUCCESS,Trace 1,62,21.569808063305974
SUCCESS,Trace 1,62,21.979644207440348
SUCCESS,Trace 1,62,23.186142854662798
SUCCESS,Trace 1,62,21.73374264221742
SUCCESS,Trace 1,62,24.577973502038642
SUCCESS,Trace 1,62,20.50423430614784
SUCCESS,Trace 1,6,25.92016773807557
SUCCESS,Trace 1,62,21.62855022424207
SUCCESS,Trace 1,62,21.63955984189294
SUCCESS,Trace 1,62,21.15997199619653
SUCCESS,Trace 1,15,23.69702120488961
SUCCESS,Trace 1,62,21.229536518823917
SUCCESS,Trace 1,62,20.91407031699724
SUCCESS,Trace 1,62,21.24193924709961
SUCCESS,Trace 1,62,23.455025566010615
SUCCESS,Trace 1,62,20.75013593267803
SUCCESS,Trace 1,62,21.651775275425116
SUCCESS,Trace 1,62,21.159972005649692
SUCCESS,Trace 1,62,23.29111938536954
SUCCESS,Trace 1,62,20.50423430614784
SUCCESS,Trace 1,62,21.07800479795112
SUCCESS,Trace 1,62,21.65177522147003
SUCCESS,Trace 1,62,22.295110260442485
SUCCESS,Trace 1,62,21.46322288124006
SUCCESS,Trace 1,62,20.586201563409738
SUCCESS,Trace 1,62,21.815709763639582
SUCCESS,Trace 1,62,20.83210315975308
SUCCESS,Trace 1,13,21.749859232037306
SUCCESS,Trace 1,62,23.45505014587772
SUCCESS,Trace 1,62,22.389480240794228
SUCCESS,Trace 1,62,21.801673749237775
SUCCESS,Trace 1,62,20.66816886113139
SUCCESS,Trace 1,62,21.569779784450382
SUCCESS,Trace 1,62,21.15997203069444
SUCCESS,Trace 1,62,20.586201503623236
SUCCESS,Trace 1,62,22.471231884051182
SUCCESS,Trace 1,62,22.881283516508727
SUCCESS,Trace 1,22,24.79801416685724
SUCCESS,Trace 1,52,20.99996657452694
SUCCESS,Trace 1,12,26.068992614746094
SUCCESS,Trace 1,62,21.897676944891785
SUCCESS,Trace 1,62,21.89767691298039
SUCCESS,Trace 1,62,20.66816874896356
SUCCESS,Trace 1,62,22.705133653485117
SUCCESS,Trace 1,62,23.209148637312783
SUCCESS,Trace 1,62,24.251472607628017
SUCCESS,Trace 1,62,21.24051783610025
SUCCESS,Trace 1,62,21.15997205507384
SUCCESS,Trace 1,62,21.07800478157153
SUCCESS,Trace 1,62,22.71734889821008
SUCCESS,Trace 1,62,21.979400190291557
SUCCESS,Trace 1,62,21.487840935782316
SUCCESS,Trace 1,62,21.569808063305974
SUCCESS,Trace 1,62,20.821309139066745
SUCCESS,Trace 1,62,21.733742500564343
SUCCESS,Trace 1,62,21.897676933798316
SUCCESS,Trace 1,62,20.832103119521843
SUCCESS,Trace 1,33,21.281196709630045
SUCCESS,Trace 1,62,21.240302194546487
SUCCESS,Trace 1,62,21.159971971980863
SUCCESS,Trace 1,62,20.668168757439105
SUCCESS,Trace 1,62,23.184505727611853
SUCCESS,Trace 1,62,21.7337425412001
SUCCESS,Trace 1,62,21.65177533312018
SUCCESS,Trace 1,62,24.274726041155816
SUCCESS,Trace 1,62,21.40587367071821
SUCCESS,Trace 1,62,20.749948792192885
SUCCESS,Trace 1,12,24.181752456069997
SUCCESS,Trace 1,62,21.159972066737097
SUCCESS,Trace 1,62,22.963247603507792
SUCCESS,Trace 1,62,21.078004807216047
SUCCESS,Trace 1,62,22.881282976242165
SUCCESS,Trace 1,62,21.15994408781542
SUCCESS,Trace 1,62,22.54119913189876
SUCCESS,Trace 1,62,22.786913686536533
SUCCESS,Trace 1,62,23.932789336363705
SUCCESS,Trace 1,62,20.668168690379265
SUCCESS,Trace 1,62,21.56980815575603
SUCCESS,Trace 1,17,21.937393322587013
SUCCESS,Trace 1,62,21.569808095212235
SUCCESS,Trace 1,16,21.783886194229126
SUCCESS,Trace 1,62,20.422267140126884
SUCCESS,Trace 1,62,21.241939245719482
SUCCESS,Trace 1,62,21.487840903156425
SUCCESS,Trace 1,62,21.637951259977186
SUCCESS,Trace 1,62,21.241939220451343
SUCCESS,Trace 1,62,21.815709676686026
SUCCESS,Trace 1,62,20.996037623602607
SUCCESS,Trace 1,62,21.63934798538006
SUCCESS,Trace 1,62,21.97964427425779
SUCCESS,Trace 1,62,21.15997207101917
SUCCESS,Trace 1,62,21.078004855044448
SUCCESS,Trace 1,62,20.340299903363988
SUCCESS,Trace 1,62,22.881283455248
SUCCESS,Trace 1,6,25.92016764488277
SUCCESS,Trace 1,62,20.504234330975198
SUCCESS,Trace 1,50,21.815312139841975
SUCCESS,Trace 1,62,21.979644148068026
SUCCESS,Trace 1,62,21.323906476380394
SUCCESS,Trace 1,62,21.96724148759498
SUCCESS,Trace 1,62,22.307513037207393
SUCCESS,Trace 1,62,21.229536589026935
SUCCESS,Trace 1,62,20.504234347561283
SUCCESS,Trace 1,62,21.651775328861515
SUCCESS,Trace 1,62,23.19835829481587
SUCCESS,Trace 1,62,22.553414634239147
