Status,Trace,Trace Length,Estimated Value
FAIL,Trace 1,24,17.88626555311934
SUCCESS,Trace 1,62,46.58339778471051
SUCCESS,Trace 1,62,44.384765819528866
SUCCESS,Trace 1,62,48.416660360555326
SUCCESS,Trace 1,62,48.48292316504678
SUCCESS,Trace 1,62,43.55119946040343
SUCCESS,Trace 1,62,44.016785311643645
SUCCESS,Trace 1,62,47.219262838566564
SUCCESS,Trace 1,31,22.21959844516077
SUCCESS,Trace 1,62,46.949805218379105
SUCCESS,Trace 1,62,47.45226560289435
SUCCESS,Trace 1,62,47.7189319386801
SUCCESS,Trace 1,62,43.65183549868082
SUCCESS,Trace 1,62,42.919585990087256
SUCCESS,Trace 1,62,46.61303871587622
SUCCESS,Trace 1,62,45.129495939226416
SUCCESS,Trace 1,62,43.532715921849935
SUCCESS,Trace 1,62,48.51543558812985
FAIL,Trace 1,12,8.419824325029674
SUCCESS,Trace 1,62,46.51744472346168
SUCCESS,Trace 1,62,45.350128075623964
SUCCESS,Trace 1,62,42.517736978733225
SUCCESS,Trace 1,62,48.084509097382266
FAIL,Trace 1,20,13.85226560337748
SUCCESS,Trace 1,62,43.749236793696184
SUCCESS,Trace 1,62,46.95293221979076
SUCCESS,Trace 1,62,46.95309346077512
SUCCESS,Trace 1,62,44.185371575831496
SUCCESS,Trace 1,62,45.950478471731195
SUCCESS,Trace 1,62,46.2485096312204
SUCCESS,Trace 1,62,47.118932269561014
SUCCESS,Trace 1,62,46.35109391894662
SUCCESS,Trace 1,62,43.85201008746959
FAIL,Trace 1,9,5.085208642710089
SUCCESS,Trace 1,62,45.385367858234666
SUCCESS,Trace 1,62,44.1859923273931
SUCCESS,Trace 1,62,43.48378251598927
SUCCESS,Trace 1,62,44.585689279773966
SUCCESS,Trace 1,62,44.819548165595236
SUCCESS,Trace 1,62,49.97427466294915
SUCCESS,Trace 1,62,47.05013281837517
SUCCESS,Trace 1,62,47.620221169036355
SUCCESS,Trace 1,62,46.98625877721565
SUCCESS,Trace 1,62,45.15346937431171
SUCCESS,Trace 1,62,45.353554502369704
SUCCESS,Trace 1,62,44.45246989974595
SUCCESS,Trace 1,62,45.2859436480895
SUCCESS,Trace 1,62,46.76537856799216
SUCCESS,Trace 1,62,43.75177962741914
FAIL,Trace 1,8,4.48279049787636
SUCCESS,Trace 1,62,44.35230949723033
SUCCESS,Trace 1,62,45.831465923533266
SUCCESS,Trace 1,30,21.052266072573936
SUCCESS,Trace 1,62,46.93209932376321
FAIL,Trace 1,6,2.8455725130846887
SUCCESS,Trace 1,62,44.48467678315888
FAIL,Trace 1,24,17.8522978426992
FAIL,Trace 1,22,15.086265553124058
SUCCESS,Trace 1,62,44.65261025618507
SUCCESS,Trace 1,62,47.05073935575516
SUCCESS,Trace 1,62,40.81897495124175
SUCCESS,Trace 1,62,45.452932428384685
SUCCESS,Trace 1,62,49.309301640035564
SUCCESS,Trace 1,62,42.819248974150845
SUCCESS,Trace 1,62,45.352932219790766
FAIL,Trace 1,10,6.150540980252457
SUCCESS,Trace 1,62,46.08688783570306
SUCCESS,Trace 1,62,45.352932219790766
SUCCESS,Trace 1,62,44.15226607257394
SUCCESS,Trace 1,62,42.52022116903638
SUCCESS,Trace 1,62,41.45355450236967
SUCCESS,Trace 1,62,46.39813102599237
SUCCESS,Trace 1,62,43.395026528364994
SUCCESS,Trace 1,62,46.58626455231266
SUCCESS,Trace 1,62,46.1163186280323
SUCCESS,Trace 1,62,44.78626555312401
SUCCESS,Trace 1,62,46.149853419997186
SUCCESS,Trace 1,62,44.085369043949434
SUCCESS,Trace 1,62,44.55038388599221
SUCCESS,Trace 1,62,44.551408757792366
SUCCESS,Trace 1,62,47.55261171669166
SUCCESS,Trace 1,62,44.9195587893028
SUCCESS,Trace 1,62,45.5856858275079
SUCCESS,Trace 1,62,49.48641541510171
SUCCESS,Trace 1,62,47.21575894600417
FAIL,Trace 1,15,9.686415920617415
SUCCESS,Trace 1,62,43.718980447044785
SUCCESS,Trace 1,62,44.983587177100176
SUCCESS,Trace 1,62,45.885957087628874
SUCCESS,Trace 1,62,45.01881837551135
FAIL,Trace 1,21,14.45226607257331
SUCCESS,Trace 1,62,45.6853818003598
SUCCESS,Trace 1,62,47.01546521813193
SUCCESS,Trace 1,62,47.31893273924059
SUCCESS,Trace 1,62,45.318932269560506
SUCCESS,Trace 1,62,44.884747517739136
SUCCESS,Trace 1,62,46.5202211690358
SUCCESS,Trace 1,62,49.27670676680669
SUCCESS,Trace 1,62,48.25146506795459
SUCCESS,Trace 1,62,42.55293167241411
SUCCESS,Trace 1,62,44.78254320882412
SUCCESS,Trace 1,62,47.651563808620764
SUCCESS,Trace 1,62,44.48442879141773
SUCCESS,Trace 1,62,46.08625164030973
SUCCESS,Trace 1,62,46.29734038990448
SUCCESS,Trace 1,62,44.35141613827901
SUCCESS,Trace 1,62,48.38201721774081
FAIL,Trace 1,14,9.086887819991302
SUCCESS,Trace 1,62,46.46385003800867
SUCCESS,Trace 1,62,43.85218807397081
SUCCESS,Trace 1,62,46.183970296798456
SUCCESS,Trace 1,62,44.42022116903638
SUCCESS,Trace 1,62,45.98559940590727
SUCCESS,Trace 1,62,48.018932739240654
SUCCESS,Trace 1,62,46.366712844906424
SUCCESS,Trace 1,62,46.42021929676144
SUCCESS,Trace 1,62,45.253554383004214
SUCCESS,Trace 1,62,44.819598886457435
SUCCESS,Trace 1,62,46.1330617167622
SUCCESS,Trace 1,62,48.71954633313063
SUCCESS,Trace 1,62,45.21886454534944
SUCCESS,Trace 1,62,43.3861157525353
SUCCESS,Trace 1,62,44.55321068270177
SUCCESS,Trace 1,62,46.818040265172044
SUCCESS,Trace 1,62,42.77880884684016
SUCCESS,Trace 1,62,44.42022026513694
SUCCESS,Trace 1,40,29.086415705997695
SUCCESS,Trace 1,62,44.385598936715574
SUCCESS,Trace 1,62,46.98392927520409
SUCCESS,Trace 1,62,47.38653148556343
SUCCESS,Trace 1,62,45.45182680040985
SUCCESS,Trace 1,62,46.35006619082478
SUCCESS,Trace 1,62,47.9296512890598
FAIL,Trace 1,11,7.419824326617608
SUCCESS,Trace 1,62,47.55032503390636
FAIL,Trace 1,6,2.7457116664885066
SUCCESS,Trace 1,62,45.23305577344059
SUCCESS,Trace 1,62,48.64991666656074
FAIL,Trace 1,15,9.220221153321008
SUCCESS,Trace 1,62,45.38626555312409
SUCCESS,Trace 1,62,42.453083491509574
SUCCESS,Trace 1,62,46.31823434613417
SUCCESS,Trace 1,62,46.58490092089681
SUCCESS,Trace 1,62,45.118229432025466
SUCCESS,Trace 1,62,44.718124037686415
SUCCESS,Trace 1,62,44.28626511101367
SUCCESS,Trace 1,62,45.683149739360125
SUCCESS,Trace 1,62,44.48626555312346
SUCCESS,Trace 1,62,46.0195988864574
SUCCESS,Trace 1,62,43.597203961354566
SUCCESS,Trace 1,62,44.252924037787814
SUCCESS,Trace 1,62,44.851826458742465
SUCCESS,Trace 1,62,45.60266286999654
SUCCESS,Trace 1,62,45.81706518643187
SUCCESS,Trace 1,62,47.13209493536713
SUCCESS,Trace 1,62,44.049231804395916
SUCCESS,Trace 1,62,45.51804640049117
SUCCESS,Trace 1,62,46.653082195796316
SUCCESS,Trace 1,62,46.851339614750096
SUCCESS,Trace 1,62,45.45172919524055
SUCCESS,Trace 1,62,45.816310738635316
SUCCESS,Trace 1,62,42.786887835703034
SUCCESS,Trace 1,62,46.75293221796616
SUCCESS,Trace 1,62,45.55086334545713
SUCCESS,Trace 1,62,45.219870608483895
SUCCESS,Trace 1,62,46.08437227443128
SUCCESS,Trace 1,62,48.78578158335744
SUCCESS,Trace 1,62,43.61959888645744
SUCCESS,Trace 1,62,45.81932566066369
SUCCESS,Trace 1,62,48.912018766112
SUCCESS,Trace 1,62,46.15233388695415
FAIL,Trace 1,31,19.852461214393955
SUCCESS,Trace 1,62,46.3522978067281
SUCCESS,Trace 1,62,42.68595716217484
SUCCESS,Trace 1,62,45.28564185124076
SUCCESS,Trace 1,62,45.68426556516705
SUCCESS,Trace 1,62,45.151371826254646
SUCCESS,Trace 1,62,42.51971001395107
SUCCESS,Trace 1,62,46.717912880568065
SUCCESS,Trace 1,62,47.251405405125375
SUCCESS,Trace 1,62,46.40266277842472
SUCCESS,Trace 1,62,47.31835029277076
SUCCESS,Trace 1,62,46.43333747631456
SUCCESS,Trace 1,62,44.81751564754681
SUCCESS,Trace 1,30,21.48626555312407
SUCCESS,Trace 1,62,48.56659649283452
SUCCESS,Trace 1,62,44.81959844515997
SUCCESS,Trace 1,62,45.585598117656716
SUCCESS,Trace 1,62,45.71829540378427
SUCCESS,Trace 1,62,45.08559709530908
SUCCESS,Trace 1,62,47.81772658658385
SUCCESS,Trace 1,62,47.35293177666589
FAIL,Trace 1,25,17.42022116903634
SUCCESS,Trace 1,62,43.085592526036315
SUCCESS,Trace 1,62,47.15288339057679
FAIL,Trace 1,17,12.35355438302724
SUCCESS,Trace 1,62,41.384451010059024
SUCCESS,Trace 1,62,44.819598886457435
SUCCESS,Trace 1,62,46.552932219790186
SUCCESS,Trace 1,62,47.22022116903636
SUCCESS,Trace 1,62,45.51744668984896
SUCCESS,Trace 1,62,46.65226615673172
SUCCESS,Trace 1,62,43.91586328404057
SUCCESS,Trace 1,62,45.71912806628579
SUCCESS,Trace 1,62,42.62022116903635
SUCCESS,Trace 1,62,44.95355450236906
SUCCESS,Trace 1,62,45.28678489291683
SUCCESS,Trace 1,62,44.95324655529235
SUCCESS,Trace 1,62,45.48688783570304
SUCCESS,Trace 1,62,45.086887833633874
FAIL,Trace 1,16,11.086887819987197
SUCCESS,Trace 1,62,45.381911006757335
SUCCESS,Trace 1,62,46.78537100125955
SUCCESS,Trace 1,41,28.61959844516078
SUCCESS,Trace 1,62,48.35230996463988
SUCCESS,Trace 1,62,45.25235246548693
FAIL,Trace 1,23,17.686887833633424
SUCCESS,Trace 1,62,45.65112053278801
SUCCESS,Trace 1,62,46.31673602012
SUCCESS,Trace 1,62,47.150513467606125
SUCCESS,Trace 1,62,47.11800026823824
FAIL,Trace 1,27,19.518932270048865
SUCCESS,Trace 1,62,45.651496764825026
SUCCESS,Trace 1,62,44.08485964012408
SUCCESS,Trace 1,62,50.88379120757855
SUCCESS,Trace 1,62,44.71766941165063
SUCCESS,Trace 1,62,44.43537347839972
SUCCESS,Trace 1,62,45.71760187596818
SUCCESS,Trace 1,62,49.85293211436713
SUCCESS,Trace 1,62,45.41927671675932
SUCCESS,Trace 1,62,47.11601084943573
SUCCESS,Trace 1,62,45.352932219790766
SUCCESS,Trace 1,62,44.919597982557505
SUCCESS,Trace 1,62,44.71812918620039
SUCCESS,Trace 1,62,45.86372302914616
SUCCESS,Trace 1,62,43.75355439694608
SUCCESS,Trace 1,62,46.85033532867949
SUCCESS,Trace 1,62,46.49662526596275
SUCCESS,Trace 1,62,46.617875496138005
SUCCESS,Trace 1,62,46.7519842925377
SUCCESS,Trace 1,62,45.250984110332276
SUCCESS,Trace 1,62,45.016310678000934
SUCCESS,Trace 1,62,45.28411458936385
SUCCESS,Trace 1,62,46.85139973424017
SUCCESS,Trace 1,62,45.58591260132288
SUCCESS,Trace 1,62,43.7341165231153
SUCCESS,Trace 1,29,20.020221169036333
SUCCESS,Trace 1,62,45.05012980143212
SUCCESS,Trace 1,62,45.152264773599
SUCCESS,Trace 1,62,47.051928730732456
SUCCESS,Trace 1,62,42.73007952493936
SUCCESS,Trace 1,62,48.283603483928836
SUCCESS,Trace 1,62,45.186425416670275
SUCCESS,Trace 1,62,44.88599235887335
SUCCESS,Trace 1,62,43.418704909164816
SUCCESS,Trace 1,62,49.98205104217804
SUCCESS,Trace 1,62,46.05261638322904
SUCCESS,Trace 1,62,45.219272583095304
SUCCESS,Trace 1,62,45.08347162849031
SUCCESS,Trace 1,62,44.782665428512786
FAIL,Trace 1,9,5.082795238456181
SUCCESS,Trace 1,62,45.36581916215671
SUCCESS,Trace 1,62,46.01959888645744
SUCCESS,Trace 1,62,45.1841205807182
SUCCESS,Trace 1,62,46.55293221979072
SUCCESS,Trace 1,62,46.45107838976731
SUCCESS,Trace 1,62,45.18478743833944
SUCCESS,Trace 1,62,47.59942389566078
SUCCESS,Trace 1,62,47.683757967526894
SUCCESS,Trace 1,62,45.65262336460167
SUCCESS,Trace 1,62,44.68688783570303
FAIL,Trace 1,23,16.05226560289323
SUCCESS,Trace 1,62,44.85043230465976
SUCCESS,Trace 1,62,50.35067268197466
SUCCESS,Trace 1,62,46.318780149748626
SUCCESS,Trace 1,62,44.68516014039283
SUCCESS,Trace 1,62,47.05226607257396
SUCCESS,Trace 1,30,23.220221169036325
SUCCESS,Trace 1,62,45.452264787453046
SUCCESS,Trace 1,62,43.01893793946642
SUCCESS,Trace 1,62,44.396774025471636
SUCCESS,Trace 1,62,43.985019590440125
SUCCESS,Trace 1,62,48.38515890464823
SUCCESS,Trace 1,62,42.68533443874733
FAIL,Trace 1,11,7.2161149012343
FAIL,Trace 1,23,16.620221169031606
SUCCESS,Trace 1,62,47.51174980386178
SUCCESS,Trace 1,62,45.98642293719246
SUCCESS,Trace 1,37,27.020221169036343
SUCCESS,Trace 1,30,21.886887835703003
SUCCESS,Trace 1,62,48.4147521290929
SUCCESS,Trace 1,62,44.71910952407701
SUCCESS,Trace 1,62,45.11803615645259
SUCCESS,Trace 1,62,46.95227270688595
SUCCESS,Trace 1,62,48.99890511016529
SUCCESS,Trace 1,62,47.05195897755718
SUCCESS,Trace 1,62,45.153554486685955
SUCCESS,Trace 1,62,46.133180897559804
SUCCESS,Trace 1,62,45.9195979825569
FAIL,Trace 1,8,4.483412861437604
SUCCESS,Trace 1,62,43.28408635003933
SUCCESS,Trace 1,62,46.28510618841083
SUCCESS,Trace 1,62,45.88626555312409
SUCCESS,Trace 1,54,39.85215178763915
SUCCESS,Trace 1,62,45.81807558546802
SUCCESS,Trace 1,62,46.88511392515136
SUCCESS,Trace 1,62,45.86452221688818
SUCCESS,Trace 1,62,46.48641479749905
SUCCESS,Trace 1,62,46.251142761685095
SUCCESS,Trace 1,62,48.31831820861792
FAIL,Trace 1,23,16.95261044470579
FAIL,Trace 1,10,6.5499187892417225
SUCCESS,Trace 1,62,47.4868878356713
SUCCESS,Trace 1,62,45.18559940587253
SUCCESS,Trace 1,62,45.98641574462141
SUCCESS,Trace 1,62,47.88688783570302
SUCCESS,Trace 1,62,47.35089243317444
SUCCESS,Trace 1,62,47.28353750422311
SUCCESS,Trace 1,62,43.818976022175
SUCCESS,Trace 1,62,44.58537157583148
SUCCESS,Trace 1,62,45.45291993631004
SUCCESS,Trace 1,62,46.5843981652322
SUCCESS,Trace 1,62,47.49787125274073
SUCCESS,Trace 1,62,46.286265553124075
SUCCESS,Trace 1,62,46.11864831920996
FAIL,Trace 1,11,6.220221155149215
SUCCESS,Trace 1,62,46.05266085176459
SUCCESS,Trace 1,62,45.48537528325383
SUCCESS,Trace 1,62,45.452039591678655
SUCCESS,Trace 1,62,45.385297594394785
SUCCESS,Trace 1,62,43.98688783570284
SUCCESS,Trace 1,62,44.48497676013545
SUCCESS,Trace 1,62,45.282546345784496
SUCCESS,Trace 1,62,47.04981047952305
SUCCESS,Trace 1,62,44.91912001947274
SUCCESS,Trace 1,62,44.119749058591985
SUCCESS,Trace 1,62,43.28567735881586
SUCCESS,Trace 1,62,47.87775973323562
SUCCESS,Trace 1,62,45.11808268454108
SUCCESS,Trace 1,62,44.18576400857502
SUCCESS,Trace 1,62,45.285522422192045
SUCCESS,Trace 1,62,43.019865177376964
SUCCESS,Trace 1,62,43.91907137383192
FAIL,Trace 1,26,17.851539908253784
SUCCESS,Trace 1,62,46.75110508995644
SUCCESS,Trace 1,62,45.41870301613627
SUCCESS,Trace 1,62,47.88314749555031
SUCCESS,Trace 1,62,45.35308222503556
SUCCESS,Trace 1,62,44.91880140006896
SUCCESS,Trace 1,62,49.15354784373874
SUCCESS,Trace 1,62,51.029230106147345
SUCCESS,Trace 1,62,48.818969508503386
SUCCESS,Trace 1,62,47.95204195639939
SUCCESS,Trace 1,62,46.78328650656837
SUCCESS,Trace 1,62,46.31773099893291
SUCCESS,Trace 1,35,24.220221169036343
SUCCESS,Trace 1,62,44.88626510999904
SUCCESS,Trace 1,62,46.18328244159076
SUCCESS,Trace 1,62,46.785598936223
SUCCESS,Trace 1,62,44.7520300720902
FAIL,Trace 1,8,4.419825125590176
SUCCESS,Trace 1,62,46.9977984646161
SUCCESS,Trace 1,62,46.58533431923393
SUCCESS,Trace 1,62,43.92021440677893
FAIL,Trace 1,5,2.013462830304775
SUCCESS,Trace 1,62,45.38626555129887
SUCCESS,Trace 1,62,42.28688783570303
SUCCESS,Trace 1,62,44.95293221979078
SUCCESS,Trace 1,62,44.28653979053867
SUCCESS,Trace 1,62,44.118703378094246
SUCCESS,Trace 1,36,25.98559893622767
SUCCESS,Trace 1,62,45.53154486717525
SUCCESS,Trace 1,62,48.66824550253237
SUCCESS,Trace 1,62,46.182312711794715
SUCCESS,Trace 1,62,42.45203220353414
FAIL,Trace 1,25,17.22022116903578
SUCCESS,Trace 1,62,46.584500793568075
SUCCESS,Trace 1,62,47.51085352059246
SUCCESS,Trace 1,62,43.51866428457285
SUCCESS,Trace 1,62,43.2165285961825
SUCCESS,Trace 1,62,44.019552710010586
SUCCESS,Trace 1,62,45.483421833746725
SUCCESS,Trace 1,62,44.41800225302592
SUCCESS,Trace 1,62,46.51893273924052
SUCCESS,Trace 1,62,47.4183402865223
SUCCESS,Trace 1,62,45.91574925430572
SUCCESS,Trace 1,62,45.951996039799205
SUCCESS,Trace 1,62,46.25169222057286
FAIL,Trace 1,22,16.553554502097132
SUCCESS,Trace 1,62,45.01847168079524
SUCCESS,Trace 1,57,40.81773160962306
SUCCESS,Trace 1,62,44.02915588272437
SUCCESS,Trace 1,62,45.01850298921274
SUCCESS,Trace 1,62,44.03306171672918
SUCCESS,Trace 1,62,45.2529317784946
SUCCESS,Trace 1,62,45.08688783570304
SUCCESS,Trace 1,62,47.36561475137898
SUCCESS,Trace 1,62,44.28567234583553
SUCCESS,Trace 1,62,46.51982923243999
SUCCESS,Trace 1,62,45.485969373780726
SUCCESS,Trace 1,62,48.18625890801353
SUCCESS,Trace 1,62,45.35214059957744
FAIL,Trace 1,11,6.020220264608449
FAIL,Trace 1,13,8.75292533814517
SUCCESS,Trace 1,62,47.018703393996084
SUCCESS,Trace 1,62,44.985598135428454
SUCCESS,Trace 1,62,46.64916545716463
SUCCESS,Trace 1,62,44.119021821565376
SUCCESS,Trace 1,62,45.08626555312411
SUCCESS,Trace 1,62,41.78596837736223
SUCCESS,Trace 1,62,46.0835201792951
SUCCESS,Trace 1,62,45.08626555312411
SUCCESS,Trace 1,62,42.9868869294781
SUCCESS,Trace 1,62,45.91897473804702
SUCCESS,Trace 1,62,47.620221063612725
FAIL,Trace 1,16,10.479081807581268
SUCCESS,Trace 1,62,46.25106379857611
SUCCESS,Trace 1,62,46.286887035142506
SUCCESS,Trace 1,62,45.91763463455091
SUCCESS,Trace 1,62,47.516939220676534
SUCCESS,Trace 1,62,50.41777494210124
SUCCESS,Trace 1,62,42.7849928871105
SUCCESS,Trace 1,62,42.466006474287894
SUCCESS,Trace 1,62,45.384997518710286
SUCCESS,Trace 1,62,48.9131531677083
SUCCESS,Trace 1,62,47.81912535401183
SUCCESS,Trace 1,62,45.05226560289386
SUCCESS,Trace 1,62,45.11517300785089
SUCCESS,Trace 1,62,41.88625246607491
SUCCESS,Trace 1,62,44.68470343115976
SUCCESS,Trace 1,62,43.18558491161366
SUCCESS,Trace 1,62,45.8862655531241
SUCCESS,Trace 1,62,43.61631368476517
SUCCESS,Trace 1,62,42.11820653282041
SUCCESS,Trace 1,62,46.68598534417485
SUCCESS,Trace 1,62,48.149257075583336
FAIL,Trace 1,14,9.619591563974913
SUCCESS,Trace 1,62,45.1855994059073
SUCCESS,Trace 1,62,45.930648891124925
SUCCESS,Trace 1,62,46.02022116903637
SUCCESS,Trace 1,62,44.386265553124105
SUCCESS,Trace 1,62,44.65203674296795
SUCCESS,Trace 1,62,44.28688783546274
FAIL,Trace 1,15,8.686887835431016
SUCCESS,Trace 1,62,47.08626555288331
SUCCESS,Trace 1,62,43.78626511182749
SUCCESS,Trace 1,62,44.75101093623939
SUCCESS,Trace 1,62,44.69847102410527
SUCCESS,Trace 1,62,43.51830954572843
FAIL,Trace 1,16,10.41959888642158
SUCCESS,Trace 1,62,44.186415038114546
SUCCESS,Trace 1,62,46.85150953180184
SUCCESS,Trace 1,62,42.88580305477131
SUCCESS,Trace 1,62,44.41780549218391
SUCCESS,Trace 1,62,45.78564748686542
SUCCESS,Trace 1,62,45.15203007209019
SUCCESS,Trace 1,62,45.45226607257396
SUCCESS,Trace 1,62,47.11926805951891
SUCCESS,Trace 1,62,45.817556214701455
SUCCESS,Trace 1,62,51.28199645682346
SUCCESS,Trace 1,62,45.58559893671556
SUCCESS,Trace 1,62,45.39942389565658
SUCCESS,Trace 1,62,45.080874402721804
SUCCESS,Trace 1,62,44.552931778494134
SUCCESS,Trace 1,62,45.85293001237435
FAIL,Trace 1,23,16.452266072573305
SUCCESS,Trace 1,62,44.352308296160274
SUCCESS,Trace 1,62,45.01652986180082
FAIL,Trace 1,26,18.286265553124068
SUCCESS,Trace 1,62,43.62022116903638
SUCCESS,Trace 1,62,43.8868878218199
FAIL,Trace 1,17,11.020221169031617
SUCCESS,Trace 1,62,44.48626276166029
FAIL,Trace 1,19,13.020221169035713
SUCCESS,Trace 1,62,46.55016137278942
SUCCESS,Trace 1,62,46.8189288172988
FAIL,Trace 1,15,10.486415625278637
SUCCESS,Trace 1,62,46.1189327392406
SUCCESS,Trace 1,35,26.086887835703006
FAIL,Trace 1,10,6.153547622312035
SUCCESS,Trace 1,62,48.23333941414649
SUCCESS,Trace 1,62,52.94855767897063
SUCCESS,Trace 1,62,41.15258338616135
SUCCESS,Trace 1,62,45.719585677657754
SUCCESS,Trace 1,62,43.48537246244888
SUCCESS,Trace 1,62,45.58532260233873
SUCCESS,Trace 1,62,43.584977631935075
SUCCESS,Trace 1,62,44.35163020115254
SUCCESS,Trace 1,62,48.71802266214627
SUCCESS,Trace 1,62,45.18543886989185
SUCCESS,Trace 1,62,45.751967017679206
SUCCESS,Trace 1,62,44.11955489556823
SUCCESS,Trace 1,62,47.252266066579864
SUCCESS,Trace 1,62,46.1184012861061
SUCCESS,Trace 1,62,46.950735491243336
SUCCESS,Trace 1,62,44.919912166417014
SUCCESS,Trace 1,62,46.04989218085234
SUCCESS,Trace 1,62,49.32952202358202
SUCCESS,Trace 1,62,43.850503545398496
SUCCESS,Trace 1,62,46.08534830623166
SUCCESS,Trace 1,62,43.22022116903637
SUCCESS,Trace 1,62,45.11705444053526
FAIL,Trace 1,31,19.953083676736867
SUCCESS,Trace 1,62,44.185024366804264
SUCCESS,Trace 1,62,42.78688703514252
SUCCESS,Trace 1,62,45.620221169035766
SUCCESS,Trace 1,62,47.318459970857795
SUCCESS,Trace 1,62,48.14953059814655
SUCCESS,Trace 1,62,45.951792488230126
SUCCESS,Trace 1,62,46.452588253973964
SUCCESS,Trace 1,62,45.05293221951831
SUCCESS,Trace 1,62,47.818980576057875
SUCCESS,Trace 1,62,45.98500887708401
SUCCESS,Trace 1,62,44.218505992035205
FAIL,Trace 1,12,6.853553597941781
SUCCESS,Trace 1,62,45.985793253757976
SUCCESS,Trace 1,62,44.28544659392273
SUCCESS,Trace 1,62,45.93304862012858
SUCCESS,Trace 1,62,45.083859817552046
SUCCESS,Trace 1,62,45.70219052584144
FAIL,Trace 1,16,11.585598499651171
SUCCESS,Trace 1,62,49.06819631455536
SUCCESS,Trace 1,62,45.75309029015117
SUCCESS,Trace 1,62,41.01925153642735
SUCCESS,Trace 1,62,46.55293221979077
SUCCESS,Trace 1,62,43.35258486976072
SUCCESS,Trace 1,62,45.85230901146163
SUCCESS,Trace 1,62,44.12017762025981
SUCCESS,Trace 1,62,42.05226738938686
SUCCESS,Trace 1,62,45.8318228594118
SUCCESS,Trace 1,62,46.684225766507765
SUCCESS,Trace 1,62,47.15293221979079
SUCCESS,Trace 1,62,46.351019168542315
SUCCESS,Trace 1,62,46.385995884677456
SUCCESS,Trace 1,62,45.35262041070121
SUCCESS,Trace 1,62,49.202622772841906
SUCCESS,Trace 1,62,44.850743773409505
SUCCESS,Trace 1,62,47.89615204080427
SUCCESS,Trace 1,62,46.02933109930364
SUCCESS,Trace 1,62,46.884283688975266
SUCCESS,Trace 1,62,45.38564179835616
SUCCESS,Trace 1,62,48.552932205907794
SUCCESS,Trace 1,62,46.18579325661241
SUCCESS,Trace 1,62,44.16527143959816
SUCCESS,Trace 1,62,46.51893193868009
SUCCESS,Trace 1,62,42.28688771658142
SUCCESS,Trace 1,62,44.584444219328674
SUCCESS,Trace 1,62,43.852222053255026
FAIL,Trace 1,21,13.819598445160754
SUCCESS,Trace 1,62,45.38408674564714
SUCCESS,Trace 1,62,50.31895078267469
SUCCESS,Trace 1,62,47.01750829030057
SUCCESS,Trace 1,33,25.118932739240595
SUCCESS,Trace 1,62,44.45107688696524
SUCCESS,Trace 1,62,43.550319237095536
SUCCESS,Trace 1,62,45.85226560338223
SUCCESS,Trace 1,62,46.2830610714834
SUCCESS,Trace 1,62,43.11803726241683
SUCCESS,Trace 1,62,45.21932748628665
SUCCESS,Trace 1,62,42.6855834709043
SUCCESS,Trace 1,62,45.41809482559205
SUCCESS,Trace 1,62,46.01800159964439
FAIL,Trace 1,18,12.152932219754856
SUCCESS,Trace 1,62,43.852881986379
SUCCESS,Trace 1,62,47.086887835703024
SUCCESS,Trace 1,62,47.163378026581476
FAIL,Trace 1,17,11.020221169031617
SUCCESS,Trace 1,62,44.18562997947606
SUCCESS,Trace 1,62,44.28427665872949
SUCCESS,Trace 1,62,45.9519460847521
SUCCESS,Trace 1,34,24.152932219790742
FAIL,Trace 1,16,10.953547620483349
SUCCESS,Trace 1,62,47.31893273924063
SUCCESS,Trace 1,62,43.885957189727144
SUCCESS,Trace 1,62,44.95137541348992
SUCCESS,Trace 1,62,46.245359277258636
SUCCESS,Trace 1,62,45.98569023352349
SUCCESS,Trace 1,62,44.08622079428933
SUCCESS,Trace 1,62,45.15027910065941
SUCCESS,Trace 1,62,42.7189757649016
SUCCESS,Trace 1,62,49.79839852788828
FAIL,Trace 1,20,12.952931778493284
SUCCESS,Trace 1,62,45.01898068151302
SUCCESS,Trace 1,62,45.831090312024436
SUCCESS,Trace 1,62,44.05257845604526
SUCCESS,Trace 1,34,25.084544752724966
SUCCESS,Trace 1,62,44.5189322695597
SUCCESS,Trace 1,62,46.1535545023697
SUCCESS,Trace 1,62,47.61959767941163
FAIL,Trace 1,19,13.220221049693897
SUCCESS,Trace 1,62,44.985495548615454
SUCCESS,Trace 1,62,42.65211153441232
SUCCESS,Trace 1,62,44.219584758612875
SUCCESS,Trace 1,62,44.45292502081175
SUCCESS,Trace 1,62,44.88532556651806
SUCCESS,Trace 1,62,45.71839610991665
SUCCESS,Trace 1,62,45.75226141625455
SUCCESS,Trace 1,62,45.96804110686749
SUCCESS,Trace 1,62,47.58684076738973
SUCCESS,Trace 1,62,45.91825325159577
FAIL,Trace 1,24,16.420221169036335
SUCCESS,Trace 1,62,46.450097079377954
SUCCESS,Trace 1,62,49.766059015716884
SUCCESS,Trace 1,62,44.25133725301702
SUCCESS,Trace 1,62,42.75198776790741
FAIL,Trace 1,8,4.549924764871465
SUCCESS,Trace 1,62,42.91901843604371
SUCCESS,Trace 1,62,44.48552116299673
SUCCESS,Trace 1,62,44.75230926343403
SUCCESS,Trace 1,62,44.018354303940875
SUCCESS,Trace 1,62,48.48437293268223
SUCCESS,Trace 1,62,49.03215611871256
FAIL,Trace 1,14,8.518932266867196
SUCCESS,Trace 1,62,45.21741605415975
SUCCESS,Trace 1,62,47.25001393930244
SUCCESS,Trace 1,62,45.09848809219147
SUCCESS,Trace 1,62,46.43316287048113
SUCCESS,Trace 1,62,45.718629598893074
SUCCESS,Trace 1,62,45.48500673349614
SUCCESS,Trace 1,62,46.785929140791644
SUCCESS,Trace 1,62,41.88626555309109
SUCCESS,Trace 1,62,45.852932219790766
SUCCESS,Trace 1,62,45.68407133364557
SUCCESS,Trace 1,62,42.919585990087256
SUCCESS,Trace 1,62,45.85095561571666
SUCCESS,Trace 1,62,48.91959722823886
FAIL,Trace 1,23,16.020221168763864
SUCCESS,Trace 1,62,46.24835927212981
SUCCESS,Trace 1,62,45.65153044468635
SUCCESS,Trace 1,62,44.31886335981766
SUCCESS,Trace 1,62,45.95102662486594
SUCCESS,Trace 1,62,46.550254660567646
SUCCESS,Trace 1,62,43.018929998377956
FAIL,Trace 1,8,4.4201690151668815
SUCCESS,Trace 1,62,49.132710743185974
SUCCESS,Trace 1,62,42.252932219757604
SUCCESS,Trace 1,62,44.81959843127764
SUCCESS,Trace 1,62,47.55129987676532
SUCCESS,Trace 1,62,42.65293100980119
SUCCESS,Trace 1,37,23.75355450236968
SUCCESS,Trace 1,62,46.55355450236912
SUCCESS,Trace 1,62,44.834738744549185
SUCCESS,Trace 1,62,43.252036742932106
SUCCESS,Trace 1,62,45.985547096288265
FAIL,Trace 1,28,19.25308061533121
SUCCESS,Trace 1,62,44.41959844516
SUCCESS,Trace 1,62,42.998095247767274
SUCCESS,Trace 1,62,46.15261016780847
SUCCESS,Trace 1,62,44.38688771682169
SUCCESS,Trace 1,32,22.15293221979074
SUCCESS,Trace 1,62,46.02022116903635
SUCCESS,Trace 1,62,46.1985217479602
FAIL,Trace 1,24,16.11893145411971
SUCCESS,Trace 1,62,44.88339643471018
SUCCESS,Trace 1,62,46.05047537684662
SUCCESS,Trace 1,62,48.01277248054596
SUCCESS,Trace 1,62,43.88599232787791
SUCCESS,Trace 1,62,42.268027627801686
SUCCESS,Trace 1,62,43.88386813296947
SUCCESS,Trace 1,62,46.8497189797401
SUCCESS,Trace 1,62,46.718661950515205
SUCCESS,Trace 1,62,47.28596101163771
SUCCESS,Trace 1,62,44.91901931281178
SUCCESS,Trace 1,62,45.46701733267445
SUCCESS,Trace 1,62,45.151064942191695
SUCCESS,Trace 1,62,43.92022116903636
SUCCESS,Trace 1,62,47.20266286999655
SUCCESS,Trace 1,62,41.920221168763916
SUCCESS,Trace 1,62,44.18626509794433
SUCCESS,Trace 1,62,46.55293177895384
SUCCESS,Trace 1,62,45.965922959013405
SUCCESS,Trace 1,62,46.21807602630492
SUCCESS,Trace 1,62,42.41955940812821
SUCCESS,Trace 1,62,45.78594202822961
SUCCESS,Trace 1,62,44.91893226955968
SUCCESS,Trace 1,62,43.81849298239348
SUCCESS,Trace 1,62,45.18506168440188
SUCCESS,Trace 1,62,43.81425825690428
SUCCESS,Trace 1,62,46.318070527001446
SUCCESS,Trace 1,62,45.183777704686946
SUCCESS,Trace 1,62,43.58439871476471
SUCCESS,Trace 1,62,44.518327949359715
SUCCESS,Trace 1,50,35.71893273924062
SUCCESS,Trace 1,62,43.285641119351155
SUCCESS,Trace 1,62,45.484552608261914
SUCCESS,Trace 1,62,47.42022106380179
SUCCESS,Trace 1,62,44.78503349469028
SUCCESS,Trace 1,62,45.77779633280439
SUCCESS,Trace 1,62,45.01770791305772
SUCCESS,Trace 1,62,47.5844467130411
SUCCESS,Trace 1,62,45.25173017693774
SUCCESS,Trace 1,62,44.18502095675982
FAIL,Trace 1,21,13.884524521471716
SUCCESS,Trace 1,62,46.284225766507795
SUCCESS,Trace 1,62,48.94656184536503
SUCCESS,Trace 1,62,43.751835132141515
SUCCESS,Trace 1,62,46.01886341960744
SUCCESS,Trace 1,62,45.48626499316555
SUCCESS,Trace 1,62,49.51588899202403
SUCCESS,Trace 1,62,47.11789742382536
SUCCESS,Trace 1,62,46.384450934562295
SUCCESS,Trace 1,62,45.18552991430225
SUCCESS,Trace 1,62,44.819598886457435
SUCCESS,Trace 1,62,45.218195567235526
SUCCESS,Trace 1,62,44.853082349945076
SUCCESS,Trace 1,62,45.43301772587296
SUCCESS,Trace 1,62,45.61688452134339
SUCCESS,Trace 1,62,44.75354677556297
FAIL,Trace 1,12,7.086887820227949
SUCCESS,Trace 1,62,44.819593606140685
SUCCESS,Trace 1,62,45.65165035640787
SUCCESS,Trace 1,62,45.18460126930118
SUCCESS,Trace 1,62,44.82022116903637
SUCCESS,Trace 1,62,47.61959888645685
SUCCESS,Trace 1,62,42.95293177895384
SUCCESS,Trace 1,58,43.251765257051616
SUCCESS,Trace 1,62,43.582967204789796
SUCCESS,Trace 1,62,46.78559849992317
SUCCESS,Trace 1,62,45.08427052593184
SUCCESS,Trace 1,62,45.58625326617317
SUCCESS,Trace 1,62,46.88537528997349
SUCCESS,Trace 1,62,43.1857919324229
SUCCESS,Trace 1,62,45.95214535781105
SUCCESS,Trace 1,62,44.38625844001
SUCCESS,Trace 1,62,43.9526102564748
SUCCESS,Trace 1,62,48.083165094780306
SUCCESS,Trace 1,62,46.08599222524265
SUCCESS,Trace 1,62,45.59676102952161
SUCCESS,Trace 1,62,48.05052331256255
FAIL,Trace 1,20,13.753554502364944
SUCCESS,Trace 1,62,44.38412429447487
SUCCESS,Trace 1,62,43.71897496546867
SUCCESS,Trace 1,37,25.285371433703943
FAIL,Trace 1,8,4.711567485155095
SUCCESS,Trace 1,62,45.11958657625551
SUCCESS,Trace 1,62,43.552307925662845
SUCCESS,Trace 1,62,44.61925354547313
SUCCESS,Trace 1,62,44.41812293695305
SUCCESS,Trace 1,62,45.45226560289299
SUCCESS,Trace 1,62,47.362289813873716
SUCCESS,Trace 1,62,42.88626511182666
SUCCESS,Trace 1,62,46.252314030775615
SUCCESS,Trace 1,62,43.55246909918543
SUCCESS,Trace 1,62,45.48384959927186
SUCCESS,Trace 1,62,47.35049263257403
SUCCESS,Trace 1,62,43.45236146693008
SUCCESS,Trace 1,62,47.2501124032221
FAIL,Trace 1,16,11.620220262779764
FAIL,Trace 1,14,7.753554500540912
SUCCESS,Trace 1,62,44.085375262038674
FAIL,Trace 1,5,1.984982129562962
SUCCESS,Trace 1,62,44.68559808332389
SUCCESS,Trace 1,62,45.486265111016685
SUCCESS,Trace 1,62,46.717286325447304
SUCCESS,Trace 1,62,45.0845469223156
SUCCESS,Trace 1,62,41.220221169036336
SUCCESS,Trace 1,62,47.283854209806485
SUCCESS,Trace 1,62,45.59953669081257
SUCCESS,Trace 1,62,45.34425813853251
SUCCESS,Trace 1,62,44.86738896558762
SUCCESS,Trace 1,62,46.04872217945229
SUCCESS,Trace 1,62,44.58394942237358
FAIL,Trace 1,25,17.019598444349985
SUCCESS,Trace 1,62,44.99877159791453
SUCCESS,Trace 1,62,47.750781875208574
FAIL,Trace 1,14,8.65226560106424
SUCCESS,Trace 1,62,48.552931700531325
FAIL,Trace 1,23,15.618438473310652
SUCCESS,Trace 1,62,43.45231013190456
SUCCESS,Trace 1,62,44.301732878557864
SUCCESS,Trace 1,62,47.44837195330273
SUCCESS,Trace 1,62,44.41974920271921
SUCCESS,Trace 1,62,42.951846433129795
FAIL,Trace 1,14,9.585592524261697
SUCCESS,Trace 1,62,45.56549453098282
SUCCESS,Trace 1,62,44.61870317557996
SUCCESS,Trace 1,62,46.95169824097273
SUCCESS,Trace 1,62,47.084510924940865
SUCCESS,Trace 1,62,45.166059528383116
SUCCESS,Trace 1,62,47.65260589372686
SUCCESS,Trace 1,62,47.217560257799235
SUCCESS,Trace 1,62,43.498802108699884
SUCCESS,Trace 1,62,44.09651069961543
SUCCESS,Trace 1,62,47.08480563384549
SUCCESS,Trace 1,62,44.68426942283632
SUCCESS,Trace 1,62,45.38476509843523
SUCCESS,Trace 1,62,45.68475300736153
SUCCESS,Trace 1,62,47.684751371607064
SUCCESS,Trace 1,62,46.45229165027601
SUCCESS,Trace 1,62,46.54836354416997
SUCCESS,Trace 1,62,46.98509882450925
SUCCESS,Trace 1,62,46.28641573564206
SUCCESS,Trace 1,62,44.91959844435002
SUCCESS,Trace 1,62,42.53427711630615
SUCCESS,Trace 1,62,47.75101032881752
SUCCESS,Trace 1,62,42.67764502241727
SUCCESS,Trace 1,62,46.48449388207016
SUCCESS,Trace 1,62,48.084752767387606
SUCCESS,Trace 1,62,43.420221169036374
SUCCESS,Trace 1,62,44.38296148230313
SUCCESS,Trace 1,62,45.41789338172351
SUCCESS,Trace 1,62,42.61897709868485
SUCCESS,Trace 1,62,47.953083531968204
SUCCESS,Trace 1,62,43.28469941577374
SUCCESS,Trace 1,62,45.43224848481362
SUCCESS,Trace 1,62,46.69761097107919
FAIL,Trace 1,12,8.015198936368726
SUCCESS,Trace 1,62,41.785020968051576
SUCCESS,Trace 1,62,44.953554502369705
SUCCESS,Trace 1,62,46.08515234651638
SUCCESS,Trace 1,62,44.68688783570303
FAIL,Trace 1,7,3.2993780516752844
SUCCESS,Trace 1,62,45.17920545750254
SUCCESS,Trace 1,62,45.3816490351904
SUCCESS,Trace 1,62,44.04782278412931
SUCCESS,Trace 1,62,44.051904249932086
SUCCESS,Trace 1,62,45.28562997915334
SUCCESS,Trace 1,62,46.05198270487229
SUCCESS,Trace 1,62,43.4535545023697
SUCCESS,Trace 1,62,46.11808608683115
SUCCESS,Trace 1,62,45.41797594002462
SUCCESS,Trace 1,62,49.581983667411805
SUCCESS,Trace 1,62,45.286068676493215
SUCCESS,Trace 1,62,45.352932219790766
FAIL,Trace 1,11,6.620220264608448
SUCCESS,Trace 1,62,45.21838960797163
FAIL,Trace 1,13,9.019546627373455
SUCCESS,Trace 1,62,44.818704757783316
SUCCESS,Trace 1,62,45.318932269560534
SUCCESS,Trace 1,62,45.81872817822526
SUCCESS,Trace 1,62,45.816914043031396
SUCCESS,Trace 1,62,47.449614401319955
SUCCESS,Trace 1,62,45.83275521899249
SUCCESS,Trace 1,62,45.202040145310235
SUCCESS,Trace 1,62,46.11888610569628
SUCCESS,Trace 1,62,47.36604425706349
SUCCESS,Trace 1,62,45.850216533218834
SUCCESS,Trace 1,62,43.91859860111083
SUCCESS,Trace 1,62,45.8174987114223
SUCCESS,Trace 1,62,44.252931007972805
SUCCESS,Trace 1,62,44.75355450236971
SUCCESS,Trace 1,62,46.94477631375056
SUCCESS,Trace 1,62,45.65320470765836
SUCCESS,Trace 1,62,43.38594812550824
SUCCESS,Trace 1,62,44.085598935362675
FAIL,Trace 1,10,5.718886091319956
SUCCESS,Trace 1,62,46.01924788460829
SUCCESS,Trace 1,62,44.15262383056766
SUCCESS,Trace 1,62,44.884353472550586
FAIL,Trace 1,24,16.319874611168178
SUCCESS,Trace 1,62,47.9856847870662
SUCCESS,Trace 1,62,47.26418819579937
SUCCESS,Trace 1,62,46.310319655223246
SUCCESS,Trace 1,29,20.620221169036338
SUCCESS,Trace 1,62,44.65355450233381
SUCCESS,Trace 1,62,45.68625166735022
SUCCESS,Trace 1,62,44.95226560289389
SUCCESS,Trace 1,62,43.68594357021884
SUCCESS,Trace 1,62,48.765318586583646
SUCCESS,Trace 1,62,45.78590522981191
SUCCESS,Trace 1,62,41.35355450236966
SUCCESS,Trace 1,62,46.95293221796254
SUCCESS,Trace 1,62,43.317730241862435
SUCCESS,Trace 1,62,42.885943570168074
SUCCESS,Trace 1,31,20.519598445160764
SUCCESS,Trace 1,62,45.58626553741272
FAIL,Trace 1,19,12.82022115332046
SUCCESS,Trace 1,62,44.618696545608785
SUCCESS,Trace 1,62,45.31893273924065
SUCCESS,Trace 1,62,46.751069113508755
SUCCESS,Trace 1,62,47.2180003170496
SUCCESS,Trace 1,62,46.852207191402364
SUCCESS,Trace 1,62,44.85355450236968
SUCCESS,Trace 1,62,44.285781628019166
SUCCESS,Trace 1,62,47.85102041880851
SUCCESS,Trace 1,62,46.81608250808951
SUCCESS,Trace 1,62,44.45110566493643
SUCCESS,Trace 1,62,44.58626509713051
SUCCESS,Trace 1,30,22.018962688920556
SUCCESS,Trace 1,62,46.58598810474142
SUCCESS,Trace 1,62,45.217439146211625
SUCCESS,Trace 1,62,45.816597359230975
SUCCESS,Trace 1,62,43.91974889170163
SUCCESS,Trace 1,62,44.85136893963369
SUCCESS,Trace 1,62,42.11870490916475
SUCCESS,Trace 1,62,42.92022116903637
SUCCESS,Trace 1,62,41.61503894768371
SUCCESS,Trace 1,62,46.41790388604912
SUCCESS,Trace 1,62,42.5515312873501
SUCCESS,Trace 1,62,45.1517340824177
SUCCESS,Trace 1,62,45.001732006461594
SUCCESS,Trace 1,62,42.751574215322606
SUCCESS,Trace 1,62,46.55293221975902
FAIL,Trace 1,23,15.985412065998496
SUCCESS,Trace 1,62,46.41959888645739
SUCCESS,Trace 1,62,46.550596848267496
SUCCESS,Trace 1,62,48.34453499130185
SUCCESS,Trace 1,62,45.55244942797933
SUCCESS,Trace 1,62,51.046366101428404
SUCCESS,Trace 1,62,44.68688783570303
FAIL,Trace 1,6,3.012687628103113
SUCCESS,Trace 1,62,43.41359117436176
SUCCESS,Trace 1,62,46.533061716762184
SUCCESS,Trace 1,62,45.58517613400464
FAIL,Trace 1,15,10.219598767119141
SUCCESS,Trace 1,62,45.76457390431174
SUCCESS,Trace 1,62,45.352931776665095
SUCCESS,Trace 1,62,43.752930187701644
SUCCESS,Trace 1,62,46.21685642539658
SUCCESS,Trace 1,62,42.6189327389957
SUCCESS,Trace 1,62,45.117413481027725
SUCCESS,Trace 1,62,44.75244973832859
SUCCESS,Trace 1,62,47.884688552458066
SUCCESS,Trace 1,62,44.68688783570303
SUCCESS,Trace 1,62,45.62022116903635
SUCCESS,Trace 1,62,46.485373893395646
SUCCESS,Trace 1,62,47.566090556124685
SUCCESS,Trace 1,62,44.279082544111894
SUCCESS,Trace 1,62,40.8858030547713
SUCCESS,Trace 1,62,45.885370425802954
SUCCESS,Trace 1,62,44.88404466769564
FAIL,Trace 1,13,7.452308209846448
SUCCESS,Trace 1,62,48.315602739155324
SUCCESS,Trace 1,62,45.11746068446079
SUCCESS,Trace 1,62,46.36263838174389
SUCCESS,Trace 1,62,44.45164292246957
SUCCESS,Trace 1,62,45.6520777831555
SUCCESS,Trace 1,62,42.91835620877928
SUCCESS,Trace 1,62,44.8195984451599
SUCCESS,Trace 1,62,47.48544433674406
SUCCESS,Trace 1,62,46.15132165206682
FAIL,Trace 1,22,16.051511539354134
SUCCESS,Trace 1,52,37.452352879320344
FAIL,Trace 1,12,8.419824325029674
SUCCESS,Trace 1,62,46.21897635550085
SUCCESS,Trace 1,62,46.18640810281871
SUCCESS,Trace 1,62,43.753554502369695
SUCCESS,Trace 1,62,48.16701559617332
SUCCESS,Trace 1,62,48.68496826102183
SUCCESS,Trace 1,62,49.87866445080805
SUCCESS,Trace 1,62,44.48457563170952
SUCCESS,Trace 1,62,45.718401917324336
SUCCESS,Trace 1,62,41.71897620571128
SUCCESS,Trace 1,62,44.451944884589224
SUCCESS,Trace 1,62,45.38508175765687
SUCCESS,Trace 1,62,45.753554502369674
SUCCESS,Trace 1,62,46.41959888645739
SUCCESS,Trace 1,62,41.90155731741657
SUCCESS,Trace 1,62,46.6535476244366
SUCCESS,Trace 1,62,46.75223759069614
SUCCESS,Trace 1,62,45.22022116903634
SUCCESS,Trace 1,33,23.252265602032505
SUCCESS,Trace 1,62,45.78360228240298
SUCCESS,Trace 1,62,45.75355450236913
SUCCESS,Trace 1,62,43.11871728199612
SUCCESS,Trace 1,62,48.8448719791378
SUCCESS,Trace 1,62,46.652932219790195
SUCCESS,Trace 1,62,46.38595737515062
SUCCESS,Trace 1,62,49.818705200092694
SUCCESS,Trace 1,62,42.65355450236969
SUCCESS,Trace 1,62,45.05196111512131
FAIL,Trace 1,12,8.019546628961388
SUCCESS,Trace 1,62,44.48688783570304
SUCCESS,Trace 1,62,48.218034654422276
SUCCESS,Trace 1,62,43.785916231138025
SUCCESS,Trace 1,62,48.184343843455494
SUCCESS,Trace 1,62,45.15227777739339
SUCCESS,Trace 1,62,47.533677142374735
SUCCESS,Trace 1,62,48.031128289553564
SUCCESS,Trace 1,62,47.662288542273814
SUCCESS,Trace 1,62,44.18625265675393
SUCCESS,Trace 1,62,45.51959844516082
FAIL,Trace 1,17,10.786887835667123
SUCCESS,Trace 1,62,44.58580323307928
FAIL,Trace 1,16,10.286887835667182
SUCCESS,Trace 1,62,43.75288746109347
SUCCESS,Trace 1,62,43.48529552365057
SUCCESS,Trace 1,62,45.91844727036227
SUCCESS,Trace 1,62,45.797733848361965
SUCCESS,Trace 1,62,45.75123028767777
SUCCESS,Trace 1,62,46.619749077954694
SUCCESS,Trace 1,62,42.685012878602215
SUCCESS,Trace 1,62,44.764187024198336
SUCCESS,Trace 1,62,45.51870071405997
SUCCESS,Trace 1,62,44.98564219995535
SUCCESS,Trace 1,62,44.48474399680426
SUCCESS,Trace 1,62,44.41959844516
SUCCESS,Trace 1,62,47.61505962423129
FAIL,Trace 1,6,2.8455725130846887
SUCCESS,Trace 1,62,44.652265602893884
SUCCESS,Trace 1,50,37.086887835703024
SUCCESS,Trace 1,62,46.45225190087787
SUCCESS,Trace 1,62,46.02022116903637
SUCCESS,Trace 1,62,45.39708585573746
SUCCESS,Trace 1,62,45.05262126788346
SUCCESS,Trace 1,62,45.0667128449064
SUCCESS,Trace 1,62,44.51893226956056
SUCCESS,Trace 1,62,43.35218816836569
SUCCESS,Trace 1,62,49.0347073038499
SUCCESS,Trace 1,62,45.518196337139344
