{
  "variables": {},
  "activations": [
    {
      "id": "$setup_constants",
      "execute": "$setup_constants",
      "after": "0",
      "priority": 0,
      "additionalGuards": null,
      "activationKind": null,
      "fixedVariables": null,
      "probabilisticVariables": null,
      "activating": null,
      "activatingOnlyWhenExecuted": true,
      "updating": null,
      "withPredicate": null
    },
    {
      "id": "$initialise_machine",
      "execute": "$initialise_machine",
      "after": "0",
      "priority": 0,
      "additionalGuards": null,
      "activationKind": null,
      "fixedVariables": {
        "Crash": "FALSE",
        "VehiclesAy": "{(EgoVehicle↦0.0),(Vehicles2↦0.0),(Vehicles3↦0.0),(Vehicles4↦0.0),(Vehicles5↦0.0)}",
        "Reward": "0.0",
        "VehiclesAx": "{(EgoVehicle↦0.0),(Vehicles2↦0.0),(Vehicles3↦0.0),(Vehicles4↦0.0),(Vehicles5↦0.0)}",
        "VehiclesVx": "{(EgoVehicle↦25.0),(Vehicles2↦-1.9871331751346588),(Vehicles3↦-3.4013086557388306),(Vehicles4↦-3.242146372795105),(Vehicles5↦-3.6479908227920532)}",
        "VehiclesY": "{(EgoVehicle↦0.0),(Vehicles2↦8.000000238418579),(Vehicles3↦4.0000001192092896),(Vehicles4↦8.000000238418579),(Vehicles5↦4.0000001192092896)}",
        "VehiclesVy": "{(EgoVehicle↦0.0),(Vehicles2↦0.0),(Vehicles3↦0.0),(Vehicles4↦0.0),(Vehicles5↦0.0)}",
        "VehiclesX": "{(EgoVehicle↦149.741530418396),(Vehicles2↦25.82983374595642),(Vehicles3↦50.68475008010864),(Vehicles4↦71.86609506607056),(Vehicles5↦95.69177627563477)}"
      },
      "probabilisticVariables": null,
      "activating": [
        "FASTER_2"
      ],
      "activatingOnlyWhenExecuted": true,
      "updating": null,
      "withPredicate": null
    },
    {
      "id": "FASTER_2",
      "execute": "FASTER",
      "after": "1000",
      "priority": 0,
      "additionalGuards": null,
      "activationKind": null,
      "fixedVariables": {
        "Crash": "FALSE",
        "VehiclesAy": "{(EgoVehicle↦0.0),(Vehicles2↦0.0),(Vehicles3↦0.0),(Vehicles4↦0.0),(Vehicles5↦0.0)}",
        "Reward": "0.9157750342935529",
        "VehiclesAx": "{(EgoVehicle↦4.341564178466797),(Vehicles2↦-6.763986796140671),(Vehicles3↦-6.229274868965149),(Vehicles4↦-6.21637225151062),(Vehicles5↦-4.665839672088623)}",
        "VehiclesVx": "{(EgoVehicle↦29.341564178466797),(Vehicles2↦-8.75111997127533),(Vehicles3↦-9.63058352470398),(Vehicles4↦-9.458518624305725),(Vehicles5↦-8.313830494880676)}",
        "VehiclesY": "{(EgoVehicle↦0.0),(Vehicles2↦8.000000238418579),(Vehicles3↦4.0000001192092896),(Vehicles4↦8.000000238418579),(Vehicles5↦4.0000001192092896)}",
        "VehiclesVy": "{(EgoVehicle↦0.0),(Vehicles2↦0.0),(Vehicles3↦0.0),(Vehicles4↦0.0),(Vehicles5↦0.0)}",
        "VehiclesX": "{(EgoVehicle↦177.13658809661865),(Vehicles2↦20.324425399303436),(Vehicles3↦43.981438875198364),(Vehicles4↦65.3800904750824),(Vehicles5↦89.58382606506348)}"
      },
      "probabilisticVariables": null,
      "activating": [
        "FASTER_3"
      ],
      "activatingOnlyWhenExecuted": true,
      "updating": null,
      "withPredicate": null
    },
    {
      "id": "FASTER_3",
      "execute": "FASTER",
      "after": "1000",
      "priority": 0,
      "additionalGuards": null,
      "activationKind": null,
      "fixedVariables": {
        "Crash": "FALSE",
        "VehiclesAy": "{(EgoVehicle↦0.0),(Vehicles2↦0.0),(Vehicles3↦0.0),(Vehicles4↦0.0),(Vehicles5↦0.0)}",
        "Reward": "0.9310211293445557",
        "VehiclesAx": "{(EgoVehicle↦0.5717277526855469),(Vehicles2↦-1.7852145433425903),(Vehicles3↦-1.3219201564788818),(Vehicles4↦-1.5671342611312866),(Vehicles5↦-0.7441222667694092)}",
        "VehiclesVx": "{(EgoVehicle↦29.913291931152344),(Vehicles2↦-10.53633451461792),(Vehicles3↦-10.952503681182861),(Vehicles4↦-11.025652885437012),(Vehicles5↦-9.057952761650085)}",
        "VehiclesY": "{(EgoVehicle↦0.0),(Vehicles2↦8.000000238418579),(Vehicles3↦4.0000001192092896),(Vehicles4↦8.000000238418579),(Vehicles5↦4.0000001192092896)}",
        "VehiclesVy": "{(EgoVehicle↦0.0),(Vehicles2↦0.0),(Vehicles3↦0.0),(Vehicles4↦0.0),(Vehicles5↦0.0)}",
        "VehiclesX": "{(EgoVehicle↦200.0),(Vehicles2↦10.715263336896896),(Vehicles3↦33.680883049964905),(Vehicles4↦55.159991979599),(Vehicles5↦80.87788820266724)}"
      },
      "probabilisticVariables": null,
      "activating": [
        "IDLE_4"
      ],
      "activatingOnlyWhenExecuted": true,
      "updating": null,
      "withPredicate": null
    },
    {
      "id": "IDLE_4",
      "execute": "IDLE",
      "after": "1000",
      "priority": 0,
      "additionalGuards": null,
      "activationKind": null,
      "fixedVariables": {
        "Crash": "FALSE",
        "VehiclesAy": "{(EgoVehicle↦0.0),(Vehicles2↦0.0),(Vehicles3↦0.0),(Vehicles4↦0.0),(Vehicles5↦0.0)}",
        "Reward": "0.9330288455652638",
        "VehiclesAx": "{(EgoVehicle↦0.07529020309448242),(Vehicles2↦-0.7735860347747803),(Vehicles3↦-0.35616397857666016),(Vehicles4↦-0.6194674968719482),(Vehicles5↦-0.17693400382995605)}",
        "VehiclesVx": "{(EgoVehicle↦29.988582134246826),(Vehicles2↦-11.3099205493927),(Vehicles3↦-11.308667659759521),(Vehicles4↦-11.64512038230896),(Vehicles5↦-9.234886765480042)}",
        "VehiclesY": "{(EgoVehicle↦0.0),(Vehicles2↦8.000000238418579),(Vehicles3↦4.0000001192092896),(Vehicles4↦8.000000238418579),(Vehicles5↦4.0000001192092896)}",
        "VehiclesVy": "{(EgoVehicle↦0.0),(Vehicles2↦0.0),(Vehicles3↦0.0),(Vehicles4↦0.0),(Vehicles5↦0.0)}",
        "VehiclesX": "{(EgoVehicle↦200.0),(Vehicles2↦-0.17069799359887838),(Vehicles3↦22.550168633461),(Vehicles4↦43.84881854057312),(Vehicles5↦71.73368334770203)}"
      },
      "probabilisticVariables": null,
      "activating": [
        "FASTER_5"
      ],
      "activatingOnlyWhenExecuted": true,
      "updating": null,
      "withPredicate": null
    },
    {
      "id": "FASTER_5",
      "execute": "FASTER",
      "after": "1000",
      "priority": 0,
      "additionalGuards": null,
      "activationKind": null,
      "fixedVariables": {
        "Crash": "FALSE",
        "VehiclesAy": "{(EgoVehicle↦0.0),(Vehicles2↦0.0),(Vehicles3↦0.0),(Vehicles4↦0.0),(Vehicles5↦0.0)}",
        "Reward": "0.9332932361786904",
        "VehiclesAx": "{(EgoVehicle↦0.009913444519042969),(Vehicles2↦-0.07303595542907715),(Vehicles3↦-0.6350409984588623),(Vehicles4↦2.337592840194702),(Vehicles5↦-2.3180729150772095)}",
        "VehiclesVx": "{(EgoVehicle↦29.99849557876587),(Vehicles2↦-11.382956504821777),(Vehicles3↦-11.943708658218384),(Vehicles4↦-9.307527542114258),(Vehicles5↦-11.552959680557251)}",
        "VehiclesY": "{(EgoVehicle↦0.0),(Vehicles2↦4.0000001192092896),(Vehicles3↦8.000000238418579),(Vehicles4↦4.0000001192092896),(Vehicles5↦8.000000238418579)}",
        "VehiclesVy": "{(EgoVehicle↦0.0),(Vehicles2↦0.0),(Vehicles3↦0.0),(Vehicles4↦0.0),(Vehicles5↦0.0)}",
        "VehiclesX": "{(EgoVehicle↦200.0),(Vehicles2↦11.198686808347702),(Vehicles3↦32.06730782985687),(Vehicles4↦62.46592998504639),(Vehicles5↦80.76653480529785)}"
      },
      "probabilisticVariables": null,
      "activating": [
        "FASTER_6"
      ],
      "activatingOnlyWhenExecuted": true,
      "updating": null,
      "withPredicate": null
    },
    {
      "id": "FASTER_6",
      "execute": "FASTER",
      "after": "1000",
      "priority": 0,
      "additionalGuards": null,
      "activationKind": null,
      "fixedVariables": {
        "Crash": "FALSE",
        "VehiclesAy": "{(EgoVehicle↦0.0),(Vehicles2↦0.0),(Vehicles3↦0.0),(Vehicles4↦0.0),(Vehicles5↦0.0)}",
        "Reward": "0.9333280530495944",
        "VehiclesAx": "{(EgoVehicle↦0.0013065338134765625),(Vehicles2↦0.03734946250915527),(Vehicles3↦-0.13740301132202148),(Vehicles4↦-0.041823387145996094),(Vehicles5↦-0.02155303955078125)}",
        "VehiclesVx": "{(EgoVehicle↦29.999802112579346),(Vehicles2↦-11.345607042312622),(Vehicles3↦-12.081111669540405),(Vehicles4↦-9.349350929260254),(Vehicles5↦-11.574512720108032)}",
        "VehiclesY": "{(EgoVehicle↦0.0),(Vehicles2↦4.0000001192092896),(Vehicles3↦8.000000238418579),(Vehicles4↦4.0000001192092896),(Vehicles5↦8.000000238418579)}",
        "VehiclesVy": "{(EgoVehicle↦0.0),(Vehicles2↦0.0),(Vehicles3↦0.0),(Vehicles4↦0.0),(Vehicles5↦0.0)}",
        "VehiclesX": "{(EgoVehicle↦200.0),(Vehicles2↦-0.17497014487162232),(Vehicles3↦20.059050619602203),(Vehicles4↦53.140151500701904),(Vehicles5↦69.19836401939392)}"
      },
      "probabilisticVariables": null,
      "activating": [
        "FASTER_7"
      ],
      "activatingOnlyWhenExecuted": true,
      "updating": null,
      "withPredicate": null
    },
    {
      "id": "FASTER_7",
      "execute": "FASTER",
      "after": "1000",
      "priority": 0,
      "additionalGuards": null,
      "activationKind": null,
      "fixedVariables": {
        "Crash": "FALSE",
        "VehiclesAy": "{(EgoVehicle↦0.0),(Vehicles2↦0.0),(Vehicles3↦0.0),(Vehicles4↦0.0),(Vehicles5↦0.0)}",
        "Reward": "0.9333326379873266",
        "VehiclesAx": "{(EgoVehicle↦0.000171661376953125),(Vehicles2↦-0.7785546779632568),(Vehicles3↦2.703866958618164),(Vehicles4↦-2.1863973140716553),(Vehicles5↦-0.4922449588775635)}",
        "VehiclesVx": "{(EgoVehicle↦29.9999737739563),(Vehicles2↦-12.124161720275879),(Vehicles3↦-9.377244710922241),(Vehicles4↦-11.53574824333191),(Vehicles5↦-12.066757678985596)}",
        "VehiclesY": "{(EgoVehicle↦0.0),(Vehicles2↦8.000000238418579),(Vehicles3↦4.0000001192092896),(Vehicles4↦8.000000238418579),(Vehicles5↦0.0)}",
        "VehiclesVy": "{(EgoVehicle↦0.0),(Vehicles2↦0.0),(Vehicles3↦0.0),(Vehicles4↦0.0),(Vehicles5↦0.0)}",
        "VehiclesX": "{(EgoVehicle↦200.0),(Vehicles2↦7.954934239387512),(Vehicles3↦43.77885460853577),(Vehicles4↦57.636016607284546),(Vehicles5↦75.80777406692505)}"
      },
      "probabilisticVariables": null,
      "activating": [
        "FASTER_8"
      ],
      "activatingOnlyWhenExecuted": true,
      "updating": null,
      "withPredicate": null
    },
    {
      "id": "FASTER_8",
      "execute": "FASTER",
      "after": "1000",
      "priority": 0,
      "additionalGuards": null,
      "activationKind": null,
      "fixedVariables": {
        "Crash": "FALSE",
        "VehiclesAy": "{(EgoVehicle↦0.0),(Vehicles2↦0.0),(Vehicles3↦0.0),(Vehicles4↦0.0),(Vehicles5↦0.0)}",
        "Reward": "0.9333332417651349",
        "VehiclesAx": "{(EgoVehicle↦2.384185791015625E-05),(Vehicles2↦0.014071464538574219),(Vehicles3↦-0.02033829689025879),(Vehicles4↦0.06864070892333984),(Vehicles5↦0.1518416404724121)}",
        "VehiclesVx": "{(EgoVehicle↦29.99999761581421),(Vehicles2↦-12.110090255737305),(Vehicles3↦-9.3975830078125),(Vehicles4↦-11.46710753440857),(Vehicles5↦-11.914916038513184)}",
        "VehiclesY": "{(EgoVehicle↦0.0),(Vehicles2↦8.000000238418579),(Vehicles3↦4.0000001192092896),(Vehicles4↦8.000000238418579),(Vehicles5↦0.0)}",
        "VehiclesVy": "{(EgoVehicle↦0.0),(Vehicles2↦0.0),(Vehicles3↦0.0),(Vehicles4↦0.0),(Vehicles5↦0.0)}",
        "VehiclesX": "{(EgoVehicle↦200.0),(Vehicles2↦-4.167095571756363),(Vehicles3↦34.39302742481232),(Vehicles4↦46.126145124435425),(Vehicles5↦63.802480697631836)}"
      },
      "probabilisticVariables": null,
      "activating": [
        "SLOWER_9"
      ],
      "activatingOnlyWhenExecuted": true,
      "updating": null,
      "withPredicate": null
    },
    {
      "id": "SLOWER_9",
      "execute": "SLOWER",
      "after": "1000",
      "priority": 0,
      "additionalGuards": null,
      "activationKind": null,
      "fixedVariables": {
        "Crash": "FALSE",
        "VehiclesAy": "{(EgoVehicle↦0.0),(Vehicles2↦0.0),(Vehicles3↦0.0),(Vehicles4↦0.0),(Vehicles5↦0.0)}",
        "Reward": "0.817558286981417",
        "VehiclesAx": "{(EgoVehicle↦-4.341561794281006),(Vehicles2↦7.0380353927612305),(Vehicles3↦2.3538756370544434),(Vehicles4↦4.032479524612427),(Vehicles5↦6.119426488876343)}",
        "VehiclesVx": "{(EgoVehicle↦25.658435821533203),(Vehicles2↦-5.072054862976074),(Vehicles3↦-7.043707370758057),(Vehicles4↦-7.434628009796143),(Vehicles5↦-5.795489549636841)}",
        "VehiclesY": "{(EgoVehicle↦0.0),(Vehicles2↦4.0000001192092896),(Vehicles3↦8.000000238418579),(Vehicles4↦0.0),(Vehicles5↦8.000000238418579)}",
        "VehiclesVy": "{(EgoVehicle↦0.0),(Vehicles2↦0.0),(Vehicles3↦0.0),(Vehicles4↦0.0),(Vehicles5↦0.0)}",
        "VehiclesX": "{(EgoVehicle↦200.0),(Vehicles2↦27.38383710384369),(Vehicles3↦37.08622753620148),(Vehicles4↦54.33938503265381),(Vehicles5↦94.07075643539429)}"
      },
      "probabilisticVariables": null,
      "activating": [
        "FASTER_10"
      ],
      "activatingOnlyWhenExecuted": true,
      "updating": null,
      "withPredicate": null
    },
    {
      "id": "FASTER_10",
      "execute": "FASTER",
      "after": "1000",
      "priority": 0,
      "additionalGuards": null,
      "activationKind": null,
      "fixedVariables": {
        "Crash": "FALSE",
        "VehiclesAy": "{(EgoVehicle↦0.0),(Vehicles2↦0.0),(Vehicles3↦0.0),(Vehicles4↦0.0),(Vehicles5↦0.0)}",
        "Reward": "0.9180872366943978",
        "VehiclesAx": "{(EgoVehicle↦3.76983642578125),(Vehicles2↦-3.783414363861084),(Vehicles3↦-3.6840200424194336),(Vehicles4↦-3.6476027965545654),(Vehicles5↦-3.7407690286636353)}",
        "VehiclesVx": "{(EgoVehicle↦29.428272247314453),(Vehicles2↦-8.855469226837158),(Vehicles3↦-10.72772741317749),(Vehicles4↦-11.082230806350708),(Vehicles5↦-9.536258578300476)}",
        "VehiclesY": "{(EgoVehicle↦0.0),(Vehicles2↦4.0000001192092896),(Vehicles3↦8.000000238418579),(Vehicles4↦0.0),(Vehicles5↦8.000000238418579)}",
        "VehiclesVy": "{(EgoVehicle↦0.0),(Vehicles2↦0.0),(Vehicles3↦0.0),(Vehicles4↦0.0),(Vehicles5↦0.0)}",
        "VehiclesX": "{(EgoVehicle↦200.0),(Vehicles2↦20.22654265165329),(Vehicles3↦27.997112274169922),(Vehicles4↦44.875314831733704),(Vehicles5↦86.20697259902954)}"
      },
      "probabilisticVariables": null,
      "activating": [
        "IDLE_11"
      ],
      "activatingOnlyWhenExecuted": true,
      "updating": null,
      "withPredicate": null
    },
    {
      "id": "IDLE_11",
      "execute": "IDLE",
      "after": "1000",
      "priority": 0,
      "additionalGuards": null,
      "activationKind": null,
      "fixedVariables": {
        "Crash": "FALSE",
        "VehiclesAy": "{(EgoVehicle↦0.0),(Vehicles2↦0.0),(Vehicles3↦0.0),(Vehicles4↦0.0),(Vehicles5↦0.0)}",
        "Reward": "0.9313256169035147",
        "VehiclesAx": "{(EgoVehicle↦0.49643754959106445),(Vehicles2↦-0.5086410045623779),(Vehicles3↦-0.41160106658935547),(Vehicles4↦-0.3900003433227539),(Vehicles5↦-0.4652470350265503)}",
        "VehiclesVx": "{(EgoVehicle↦29.924709796905518),(Vehicles2↦-9.364110231399536),(Vehicles3↦-11.139328479766846),(Vehicles4↦-11.472231149673462),(Vehicles5↦-10.001505613327026)}",
        "VehiclesY": "{(EgoVehicle↦0.0),(Vehicles2↦4.0000001192092896),(Vehicles3↦8.000000238418579),(Vehicles4↦0.0),(Vehicles5↦8.000000238418579)}",
        "VehiclesVy": "{(EgoVehicle↦0.0),(Vehicles2↦0.0),(Vehicles3↦0.0),(Vehicles4↦0.0),(Vehicles5↦0.0)}",
        "VehiclesX": "{(EgoVehicle↦200.0),(Vehicles2↦11.092247813940048),(Vehicles3↦17.02965945005417),(Vehicles4↦33.56298208236694),(Vehicles5↦76.40923261642456)}"
      },
      "probabilisticVariables": null,
      "activating": [
        "SLOWER_12"
      ],
      "activatingOnlyWhenExecuted": true,
      "updating": null,
      "withPredicate": null
    },
    {
      "id": "SLOWER_12",
      "execute": "SLOWER",
      "after": "1000",
      "priority": 0,
      "additionalGuards": null,
      "activationKind": null,
      "fixedVariables": {
        "Crash": "FALSE",
        "VehiclesAy": "{(EgoVehicle↦0.0),(Vehicles2↦0.0),(Vehicles3↦0.0),(Vehicles4↦0.0),(Vehicles5↦0.0)}",
        "Reward": "0.8172939083988168",
        "VehiclesAx": "{(EgoVehicle↦-4.276187419891357),(Vehicles2↦4.264728426933289),(Vehicles3↦4.357547163963318),(Vehicles4↦4.368917942047119),(Vehicles5↦4.307863712310791)}",
        "VehiclesVx": "{(EgoVehicle↦25.64852237701416),(Vehicles2↦-5.099381804466248),(Vehicles3↦-6.781781315803528),(Vehicles4↦-7.103313207626343),(Vehicles5↦-5.693641901016235)}",
        "VehiclesY": "{(EgoVehicle↦0.0),(Vehicles2↦4.0000001192092896),(Vehicles3↦8.000000238418579),(Vehicles4↦0.0),(Vehicles5↦8.000000238418579)}",
        "VehiclesVy": "{(EgoVehicle↦0.0),(Vehicles2↦0.0),(Vehicles3↦0.0),(Vehicles4↦0.0),(Vehicles5↦0.0)}",
        "VehiclesX": "{(EgoVehicle↦200.0),(Vehicles2↦4.082508757710457),(Vehicles3↦8.282209187746048),(Vehicles4↦24.487844109535217),(Vehicles5↦68.7794029712677)}"
      },
      "probabilisticVariables": null,
      "activating": [
        "SLOWER_13"
      ],
      "activatingOnlyWhenExecuted": true,
      "updating": null,
      "withPredicate": null
    },
    {
      "id": "SLOWER_13",
      "execute": "SLOWER",
      "after": "1000",
      "priority": 0,
      "additionalGuards": null,
      "activationKind": null,
      "fixedVariables": {
        "Crash": "FALSE",
        "VehiclesAy": "{(EgoVehicle↦0.0),(Vehicles2↦0.0),(Vehicles3↦0.0),(Vehicles4↦0.0),(Vehicles5↦0.0)}",
        "Reward": "0.6865023528206947",
        "VehiclesAx": "{(EgoVehicle↦-4.904685020446777),(Vehicles2↦4.893591869622469),(Vehicles3↦4.981454312801361),(Vehicles4↦4.986005425453186),(Vehicles5↦4.935945197939873)}",
        "VehiclesVx": "{(EgoVehicle↦20.743837356567383),(Vehicles2↦-0.2057899348437786),(Vehicles3↦-1.8003270030021667),(Vehicles4↦-2.1173077821731567),(Vehicles5↦-0.7576967030763626)}",
        "VehiclesY": "{(EgoVehicle↦0.0),(Vehicles2↦4.0000001192092896),(Vehicles3↦8.000000238418579),(Vehicles4↦0.0),(Vehicles5↦8.000000238418579)}",
        "VehiclesVy": "{(EgoVehicle↦0.0),(Vehicles2↦0.0),(Vehicles3↦0.0),(Vehicles4↦0.0),(Vehicles5↦0.0)}",
        "VehiclesX": "{(EgoVehicle↦200.0),(Vehicles2↦1.6843823716044426),(Vehicles3↦4.237236455082893),(Vehicles4↦20.123596489429474),(Vehicles5↦65.80403447151184)}"
      },
      "probabilisticVariables": null,
      "activating": [
        "SLOWER_14"
      ],
      "activatingOnlyWhenExecuted": true,
      "updating": null,
      "withPredicate": null
    },
    {
      "id": "SLOWER_14",
      "execute": "SLOWER",
      "after": "1000",
      "priority": 0,
      "additionalGuards": null,
      "activationKind": null,
      "fixedVariables": {
        "Crash": "FALSE",
        "VehiclesAy": "{(EgoVehicle↦0.0),(Vehicles2↦0.0),(Vehicles3↦0.0),(Vehicles4↦0.0),(Vehicles5↦0.0)}",
        "Reward": "0.6692787734853042",
        "VehiclesAx": "{(EgoVehicle↦-0.6458830833435059),(Vehicles2↦0.6349497847259045),(Vehicles3↦0.7177337259054184),(Vehicles4↦0.7178851962089539),(Vehicles5↦0.6762673240154982)}",
        "VehiclesVx": "{(EgoVehicle↦20.097954273223877),(Vehicles2↦0.42915984988212585),(Vehicles3↦-1.0825932770967484),(Vehicles4↦-1.3994225859642029),(Vehicles5↦-0.08142937906086445)}",
        "VehiclesY": "{(EgoVehicle↦0.0),(Vehicles2↦4.0000001192092896),(Vehicles3↦8.000000238418579),(Vehicles4↦0.0),(Vehicles5↦8.000000238418579)}",
        "VehiclesVy": "{(EgoVehicle↦0.0),(Vehicles2↦0.0),(Vehicles3↦0.0),(Vehicles4↦0.0),(Vehicles5↦0.0)}",
        "VehiclesX": "{(EgoVehicle↦200.0),(Vehicles2↦1.830519549548626),(Vehicles3↦2.8223516419529915),(Vehicles4↦18.392066657543182),(Vehicles5↦65.41487574577332)}"
      },
      "probabilisticVariables": null,
      "activating": [
        "SLOWER_15"
      ],
      "activatingOnlyWhenExecuted": true,
      "updating": null,
      "withPredicate": null
    },
    {
      "id": "SLOWER_15",
      "execute": "SLOWER",
      "after": "1000",
      "priority": 0,
      "additionalGuards": null,
      "activationKind": null,
      "fixedVariables": {
        "Crash": "FALSE",
        "VehiclesAy": "{(EgoVehicle↦0.0),(Vehicles2↦0.0),(Vehicles3↦0.0),(Vehicles4↦0.0),(Vehicles5↦0.0)}",
        "Reward": "0.6670106478115079",
        "VehiclesAx": "{(EgoVehicle↦-0.08505582809448242),(Vehicles2↦-1.359696313738823),(Vehicles3↦1.5859154984354973),(Vehicles4↦0.14947399497032166),(Vehicles5↦0.11433809762820601)}",
        "VehiclesVx": "{(EgoVehicle↦20.012898445129395),(Vehicles2↦-0.9305364638566971),(Vehicles3↦0.5033222213387489),(Vehicles4↦-1.2499485909938812),(Vehicles5↦0.032908718567341566)}",
        "VehiclesY": "{(EgoVehicle↦0.0),(Vehicles2↦8.000000238418579),(Vehicles3↦4.0000001192092896),(Vehicles4↦0.0),(Vehicles5↦8.000000238418579)}",
        "VehiclesVy": "{(EgoVehicle↦0.0),(Vehicles2↦0.0),(Vehicles3↦0.0),(Vehicles4↦0.0),(Vehicles5↦0.0)}",
        "VehiclesX": "{(EgoVehicle↦200.0),(Vehicles2↦1.8138591200113297),(Vehicles3↦2.302243188023567),(Vehicles4↦17.065879702568054),(Vehicles5↦65.39217829704285)}"
      },
      "probabilisticVariables": null,
      "activating": [
        "SLOWER_16"
      ],
      "activatingOnlyWhenExecuted": true,
      "updating": null,
      "withPredicate": null
    },
    {
      "id": "SLOWER_16",
      "execute": "SLOWER",
      "after": "1000",
      "priority": 0,
      "additionalGuards": null,
      "activationKind": null,
      "fixedVariables": {
        "Crash": "FALSE",
        "VehiclesAy": "{(EgoVehicle↦0.0),(Vehicles2↦0.0),(Vehicles3↦0.0),(Vehicles4↦0.0),(Vehicles5↦0.0)}",
        "Reward": "0.6667119645952054",
        "VehiclesAx": "{(EgoVehicle↦-0.011200904846191406),(Vehicles2↦0.07362924516201019),(Vehicles3↦0.0002958253026008606),(Vehicles4↦0.06943710148334503),(Vehicles5↦0.03930044127628207)}",
        "VehiclesVx": "{(EgoVehicle↦20.001697540283203),(Vehicles2↦-0.8569072186946869),(Vehicles3↦0.5036180466413498),(Vehicles4↦-1.1805114895105362),(Vehicles5↦0.07220915984362364)}",
        "VehiclesY": "{(EgoVehicle↦0.0),(Vehicles2↦8.000000238418579),(Vehicles3↦4.0000001192092896),(Vehicles4↦0.0),(Vehicles5↦8.000000238418579)}",
        "VehiclesVy": "{(EgoVehicle↦0.0),(Vehicles2↦0.0),(Vehicles3↦0.0),(Vehicles4↦0.0),(Vehicles5↦0.0)}",
        "VehiclesX": "{(EgoVehicle↦200.0),(Vehicles2↦0.9148253127932549),(Vehicles3↦2.807384543120861),(Vehicles4↦15.845850110054016),(Vehicles5↦65.44259786605835)}"
      },
      "probabilisticVariables": null,
      "activating": [
        "SLOWER_17"
      ],
      "activatingOnlyWhenExecuted": true,
      "updating": null,
      "withPredicate": null
    },
    {
      "id": "SLOWER_17",
      "execute": "SLOWER",
      "after": "1000",
      "priority": 0,
      "additionalGuards": null,
      "activationKind": null,
      "fixedVariables": {
        "Crash": "FALSE",
        "VehiclesAy": "{(EgoVehicle↦0.0),(Vehicles2↦0.0),(Vehicles3↦0.0),(Vehicles4↦0.0),(Vehicles5↦0.0)}",
        "Reward": "0.6666726318259805",
        "VehiclesAx": "{(EgoVehicle↦-0.0014734268188476562),(Vehicles2↦0.059686750173568726),(Vehicles3↦-0.009459666907787323),(Vehicles4↦0.05463555455207825),(Vehicles5↦0.02838269341737032)}",
        "VehiclesVx": "{(EgoVehicle↦20.000224113464355),(Vehicles2↦-0.7972204685211182),(Vehicles3↦0.49415837973356247),(Vehicles4↦-1.125875934958458),(Vehicles5↦0.10059185326099396)}",
        "VehiclesY": "{(EgoVehicle↦0.0),(Vehicles2↦8.000000238418579),(Vehicles3↦4.0000001192092896),(Vehicles4↦0.0),(Vehicles5↦8.000000238418579)}",
        "VehiclesVy": "{(EgoVehicle↦0.0),(Vehicles2↦0.0),(Vehicles3↦0.0),(Vehicles4↦0.0),(Vehicles5↦0.0)}",
        "VehiclesX": "{(EgoVehicle↦200.0),(Vehicles2↦0.0823387352284044),(Vehicles3↦3.307444602251053),(Vehicles4↦14.687785506248474),(Vehicles5↦65.52647948265076)}"
      },
      "probabilisticVariables": null,
      "activating": [
        "SLOWER_18"
      ],
      "activatingOnlyWhenExecuted": true,
      "updating": null,
      "withPredicate": null
    },
    {
      "id": "SLOWER_18",
      "execute": "SLOWER",
      "after": "1000",
      "priority": 0,
      "additionalGuards": null,
      "activationKind": null,
      "fixedVariables": {
        "Crash": "FALSE",
        "VehiclesAy": "{(EgoVehicle↦0.0),(Vehicles2↦0.0),(Vehicles3↦0.0),(Vehicles4↦0.0),(Vehicles5↦0.0)}",
        "Reward": "0.6666674522020495",
        "VehiclesAx": "{(EgoVehicle↦-0.00019550323486328125),(Vehicles2↦0.054565221071243286),(Vehicles3↦-0.0107651948928833),(Vehicles4↦0.04915066063404083),(Vehicles5↦0.02594112418591976)}",
        "VehiclesVx": "{(EgoVehicle↦20.000028610229492),(Vehicles2↦-0.7426552474498749),(Vehicles3↦0.48339318484067917),(Vehicles4↦-1.0767252743244171),(Vehicles5↦0.12653297744691372)}",
        "VehiclesY": "{(EgoVehicle↦0.0),(Vehicles2↦8.000000238418579),(Vehicles3↦4.0000001192092896),(Vehicles4↦0.0),(Vehicles5↦8.000000238418579)}",
        "VehiclesVy": "{(EgoVehicle↦0.0),(Vehicles2↦0.0),(Vehicles3↦0.0),(Vehicles4↦0.0),(Vehicles5↦0.0)}",
        "VehiclesX": "{(EgoVehicle↦200.0),(Vehicles2↦-0.692733796313405),(Vehicles3↦3.7973280996084213),(Vehicles4↦13.581904768943787),(Vehicles5↦65.63757061958313)}"
      },
      "probabilisticVariables": null,
      "activating": [
        "SLOWER_19"
      ],
      "activatingOnlyWhenExecuted": true,
      "updating": null,
      "withPredicate": null
    },
    {
      "id": "SLOWER_19",
      "execute": "SLOWER",
      "after": "1000",
      "priority": 0,
      "additionalGuards": null,
      "activationKind": null,
      "fixedVariables": {
        "Crash": "FALSE",
        "VehiclesAy": "{(EgoVehicle↦0.0),(Vehicles2↦0.0),(Vehicles3↦0.0),(Vehicles4↦0.0),(Vehicles5↦0.0)}",
        "Reward": "0.6666667701116554",
        "VehiclesAx": "{(EgoVehicle↦-2.384185791015625E-05),(Vehicles2↦0.050918981432914734),(Vehicles3↦-0.010940171778202057),(Vehicles4↦0.04546552896499634),(Vehicles5↦0.024662474170327187)}",
        "VehiclesVx": "{(EgoVehicle↦20.000004768371582),(Vehicles2↦-0.6917362660169601),(Vehicles3↦0.4724530130624771),(Vehicles4↦-1.0312597453594208),(Vehicles5↦0.1511954516172409)}",
        "VehiclesY": "{(EgoVehicle↦0.0),(Vehicles2↦8.000000238418579),(Vehicles3↦4.0000001192092896),(Vehicles4↦0.0),(Vehicles5↦8.000000238418579)}",
        "VehiclesVy": "{(EgoVehicle↦0.0),(Vehicles2↦0.0),(Vehicles3↦0.0),(Vehicles4↦0.0),(Vehicles5↦0.0)}",
        "VehiclesX": "{(EgoVehicle↦200.0),(Vehicles2↦-1.4147532172501087),(Vehicles3↦4.276348650455475),(Vehicles4↦12.523627281188965),(Vehicles5↦65.7740592956543)}"
      },
      "probabilisticVariables": null,
      "activating": [
        "SLOWER_20"
      ],
      "activatingOnlyWhenExecuted": true,
      "updating": null,
      "withPredicate": null
    },
    {
      "id": "SLOWER_20",
      "execute": "SLOWER",
      "after": "1000",
      "priority": 0,
      "additionalGuards": null,
      "activationKind": null,
      "fixedVariables": {
        "Crash": "FALSE",
        "VehiclesAy": "{(EgoVehicle↦0.0),(Vehicles2↦0.0),(Vehicles3↦0.0),(Vehicles4↦0.0),(Vehicles5↦0.0)}",
        "Reward": "0.666666680289052",
        "VehiclesAx": "{(EgoVehicle↦-4.76837158203125E-06),(Vehicles2↦0.047754570841789246),(Vehicles3↦-0.010942891240119934),(Vehicles4↦0.04247158765792847),(Vehicles5↦0.02358943223953247)}",
        "VehiclesVx": "{(EgoVehicle↦20.0),(Vehicles2↦-0.6439816951751709),(Vehicles3↦0.4615101218223572),(Vehicles4↦-0.9887881577014923),(Vehicles5↦0.17478488385677338)}",
        "VehiclesY": "{(EgoVehicle↦0.0),(Vehicles2↦8.000000238418579),(Vehicles3↦4.0000001192092896),(Vehicles4↦0.0),(Vehicles5↦8.000000238418579)}",
        "VehiclesVy": "{(EgoVehicle↦0.0),(Vehicles2↦0.0),(Vehicles3↦0.0),(Vehicles4↦0.0),(Vehicles5↦0.0)}",
        "VehiclesX": "{(EgoVehicle↦200.0),(Vehicles2↦-2.08714846521616),(Vehicles3↦4.744422063231468),(Vehicles4↦11.509576439857483),(Vehicles5↦65.93477129936218)}"
      },
      "probabilisticVariables": null,
      "activating": [
        "SLOWER_21"
      ],
      "activatingOnlyWhenExecuted": true,
      "updating": null,
      "withPredicate": null
    },
    {
      "id": "SLOWER_21",
      "execute": "SLOWER",
      "after": "1000",
      "priority": 0,
      "additionalGuards": null,
      "activationKind": null,
      "fixedVariables": {
        "Crash": "FALSE",
        "VehiclesAy": "{(EgoVehicle↦0.0),(Vehicles2↦0.0),(Vehicles3↦0.0),(Vehicles4↦0.0),(Vehicles5↦0.0)}",
        "Reward": "0.666666668460561",
        "VehiclesAx": "{(EgoVehicle↦0.0),(Vehicles2↦0.04491198807954788),(Vehicles3↦-0.010896921157836914),(Vehicles4↦0.0399317592382431),(Vehicles5↦0.02259688451886177)}",
        "VehiclesVx": "{(EgoVehicle↦20.0),(Vehicles2↦-0.599069707095623),(Vehicles3↦0.45061320066452026),(Vehicles4↦-0.9488563984632492),(Vehicles5↦0.19738176837563515)}",
        "VehiclesY": "{(EgoVehicle↦0.0),(Vehicles2↦8.000000238418579),(Vehicles3↦4.0000001192092896),(Vehicles4↦0.0),(Vehicles5↦8.000000238418579)}",
        "VehiclesVy": "{(EgoVehicle↦0.0),(Vehicles2↦0.0),(Vehicles3↦0.0),(Vehicles4↦0.0),(Vehicles5↦0.0)}",
        "VehiclesX": "{(EgoVehicle↦200.0),(Vehicles2↦-2.712949365377426),(Vehicles3↦5.201568454504013),(Vehicles4↦10.536948591470718),(Vehicles5↦66.1186695098877)}"
      },
      "probabilisticVariables": null,
      "activating": [
        "SLOWER_22"
      ],
      "activatingOnlyWhenExecuted": true,
      "updating": null,
      "withPredicate": null
    },
    {
      "id": "SLOWER_22",
      "execute": "SLOWER",
      "after": "1000",
      "priority": 0,
      "additionalGuards": null,
      "activationKind": null,
      "fixedVariables": {
        "Crash": "FALSE",
        "VehiclesAy": "{(EgoVehicle↦0.0),(Vehicles2↦0.0),(Vehicles3↦0.0),(Vehicles4↦0.0),(Vehicles5↦0.0)}",
        "Reward": "0.6666666669028997",
        "VehiclesAx": "{(EgoVehicle↦0.0),(Vehicles2↦0.042341165244579315),(Vehicles3↦-0.010817907750606537),(Vehicles4↦0.03774367272853851),(Vehicles5↦0.02166684716939926)}",
        "VehiclesVx": "{(EgoVehicle↦20.0),(Vehicles2↦-0.5567285418510437),(Vehicles3↦0.4397952929139137),(Vehicles4↦-0.9111127257347107),(Vehicles5↦0.2190486155450344)}",
        "VehiclesY": "{(EgoVehicle↦0.0),(Vehicles2↦8.000000238418579),(Vehicles3↦4.0000001192092896),(Vehicles4↦0.0),(Vehicles5↦8.000000238418579)}",
        "VehiclesVy": "{(EgoVehicle↦0.0),(Vehicles2↦0.0),(Vehicles3↦0.0),(Vehicles4↦0.0),(Vehicles5↦0.0)}",
        "VehiclesX": "{(EgoVehicle↦200.0),(Vehicles2↦-3.2948870211839676),(Vehicles3↦5.647847056388855),(Vehicles4↦9.603352099657059),(Vehicles5↦66.32478833198547)}"
      },
      "probabilisticVariables": null,
      "activating": [
        "SLOWER_23"
      ],
      "activatingOnlyWhenExecuted": true,
      "updating": null,
      "withPredicate": null
    },
    {
      "id": "SLOWER_23",
      "execute": "SLOWER",
      "after": "1000",
      "priority": 0,
      "additionalGuards": null,
      "activationKind": null,
      "fixedVariables": {
        "Crash": "FALSE",
        "VehiclesAy": "{(EgoVehicle↦0.0),(Vehicles2↦0.0),(Vehicles3↦0.0),(Vehicles4↦0.0),(Vehicles5↦0.0)}",
        "Reward": "0.6666666666977755",
        "VehiclesAx": "{(EgoVehicle↦0.0),(Vehicles2↦0.040008723735809326),(Vehicles3↦-0.010708235204219818),(Vehicles4↦0.035838931798934937),(Vehicles5↦0.02079429104924202)}",
        "VehiclesVx": "{(EgoVehicle↦20.0),(Vehicles2↦-0.5167198181152344),(Vehicles3↦0.4290870577096939),(Vehicles4↦-0.8752737939357758),(Vehicles5↦0.23984290659427643)}",
        "VehiclesY": "{(EgoVehicle↦0.0),(Vehicles2↦8.000000238418579),(Vehicles3↦4.0000001192092896),(Vehicles4↦0.0),(Vehicles5↦8.000000238418579)}",
        "VehiclesVy": "{(EgoVehicle↦0.0),(Vehicles2↦0.0),(Vehicles3↦0.0),(Vehicles4↦0.0),(Vehicles5↦0.0)}",
        "VehiclesX": "{(EgoVehicle↦200.0),(Vehicles2↦-3.8354340940713882),(Vehicles3↦6.083349138498306),(Vehicles4↦8.706717938184738),(Vehicles5↦66.55222773551941)}"
      },
      "probabilisticVariables": null,
      "activating": [
        "SLOWER_24"
      ],
      "activatingOnlyWhenExecuted": true,
      "updating": null,
      "withPredicate": null
    },
    {
      "id": "SLOWER_24",
      "execute": "SLOWER",
      "after": "1000",
      "priority": 0,
      "additionalGuards": null,
      "activationKind": null,
      "fixedVariables": {
        "Crash": "FALSE",
        "VehiclesAy": "{(EgoVehicle↦0.0),(Vehicles2↦0.0),(Vehicles3↦0.0),(Vehicles4↦0.0),(Vehicles5↦0.0)}",
        "Reward": "0.6666666666707632",
        "VehiclesAx": "{(EgoVehicle↦0.0),(Vehicles2↦0.03788631409406662),(Vehicles3↦-0.010569579899311066),(Vehicles4↦0.034164637327194214),(Vehicles5↦0.01997537910938263)}",
        "VehiclesVx": "{(EgoVehicle↦20.0),(Vehicles2↦-0.47883350402116776),(Vehicles3↦0.41851747781038284),(Vehicles4↦-0.8411091566085815),(Vehicles5↦0.25981828570365906)}",
        "VehiclesY": "{(EgoVehicle↦0.0),(Vehicles2↦8.000000238418579),(Vehicles3↦4.0000001192092896),(Vehicles4↦0.0),(Vehicles5↦8.000000238418579)}",
        "VehiclesVy": "{(EgoVehicle↦0.0),(Vehicles2↦0.0),(Vehicles3↦0.0),(Vehicles4↦0.0),(Vehicles5↦0.0)}",
        "VehiclesX": "{(EgoVehicle↦200.0),(Vehicles2↦-4.3368373066186905),(Vehicles3↦6.508196145296097),(Vehicles4↦7.845235615968704),(Vehicles5↦66.80012345314026)}"
      },
      "probabilisticVariables": null,
      "activating": [
        "SLOWER_25"
      ],
      "activatingOnlyWhenExecuted": true,
      "updating": null,
      "withPredicate": null
    },
    {
      "id": "SLOWER_25",
      "execute": "SLOWER",
      "after": "1000",
      "priority": 0,
      "additionalGuards": null,
      "activationKind": null,
      "fixedVariables": {
        "Crash": "FALSE",
        "VehiclesAy": "{(EgoVehicle↦0.0),(Vehicles2↦0.0),(Vehicles3↦0.0),(Vehicles4↦0.0),(Vehicles5↦0.0)}",
        "Reward": "0.6666666666672061",
        "VehiclesAx": "{(EgoVehicle↦0.0),(Vehicles2↦0.03594905138015747),(Vehicles3↦-0.010403543710708618),(Vehicles4↦0.03267988562583923),(Vehicles5↦0.019206292927265167)}",
        "VehiclesVx": "{(EgoVehicle↦20.0),(Vehicles2↦-0.4428844526410103),(Vehicles3↦0.4081139340996742),(Vehicles4↦-0.8084292709827423),(Vehicles5↦0.2790245786309242)}",
        "VehiclesY": "{(EgoVehicle↦0.0),(Vehicles2↦8.000000238418579),(Vehicles3↦4.0000001192092896),(Vehicles4↦0.0),(Vehicles5↦8.000000238418579)}",
        "VehiclesVy": "{(EgoVehicle↦0.0),(Vehicles2↦0.0),(Vehicles3↦0.0),(Vehicles4↦0.0),(Vehicles5↦0.0)}",
        "VehiclesX": "{(EgoVehicle↦200.0),(Vehicles2↦-4.8011429607868195),(Vehicles3↦6.922537833452225),(Vehicles4↦7.017310708761215),(Vehicles5↦67.06768274307251)}"
      },
      "probabilisticVariables": null,
      "activating": [
        "SLOWER_26"
      ],
      "activatingOnlyWhenExecuted": true,
      "updating": null,
      "withPredicate": null
    },
    {
      "id": "SLOWER_26",
      "execute": "SLOWER",
      "after": "1000",
      "priority": 0,
      "additionalGuards": null,
      "activationKind": null,
      "fixedVariables": {
        "Crash": "FALSE",
        "VehiclesAy": "{(EgoVehicle↦0.0),(Vehicles2↦0.0),(Vehicles3↦0.0),(Vehicles4↦0.0),(Vehicles5↦0.0)}",
        "Reward": "0.6666666666667377",
        "VehiclesAx": "{(EgoVehicle↦0.0),(Vehicles2↦0.03417540341615677),(Vehicles3↦-1.185191459953785),(Vehicles4↦1.206330917775631),(Vehicles5↦0.018483325839042664)}",
        "VehiclesVx": "{(EgoVehicle↦20.0),(Vehicles2↦-0.4087090492248535),(Vehicles3↦-0.7770775258541107),(Vehicles4↦0.39790164679288864),(Vehicles5↦0.2975079044699669)}",
        "VehiclesY": "{(EgoVehicle↦0.0),(Vehicles2↦8.000000238418579),(Vehicles3↦0.0),(Vehicles4↦4.0000001192092896),(Vehicles5↦8.000000238418579)}",
        "VehiclesVy": "{(EgoVehicle↦0.0),(Vehicles2↦0.0),(Vehicles3↦0.0),(Vehicles4↦0.0),(Vehicles5↦0.0)}",
        "VehiclesX": "{(EgoVehicle↦200.0),(Vehicles2↦-5.230221524834633),(Vehicles3↦6.221522763371468),(Vehicles4↦7.326550781726837),(Vehicles5↦67.35415458679199)}"
      },
      "probabilisticVariables": null,
      "activating": [
        "SLOWER_27"
      ],
      "activatingOnlyWhenExecuted": true,
      "updating": null,
      "withPredicate": null
    },
    {
      "id": "SLOWER_27",
      "execute": "SLOWER",
      "after": "1000",
      "priority": 0,
      "additionalGuards": null,
      "activationKind": null,
      "fixedVariables": {
        "Crash": "FALSE",
        "VehiclesAy": "{(EgoVehicle↦0.0),(Vehicles2↦0.0),(Vehicles3↦0.0),(Vehicles4↦0.0),(Vehicles5↦0.0)}",
        "Reward": "0.666666666666676",
        "VehiclesAx": "{(EgoVehicle↦0.0),(Vehicles2↦-0.33821433782577515),(Vehicles3↦0.40091507136821747),(Vehicles4↦-0.009997785091400146),(Vehicles5↦0.017802976071834564)}",
        "VehiclesVx": "{(EgoVehicle↦20.0),(Vehicles2↦-0.7469233870506287),(Vehicles3↦-0.37616245448589325),(Vehicles4↦0.3879038617014885),(Vehicles5↦0.31531088054180145)}",
        "VehiclesY": "{(EgoVehicle↦0.0),(Vehicles2↦0.0),(Vehicles3↦8.000000238418579),(Vehicles4↦4.0000001192092896),(Vehicles5↦8.000000238418579)}",
        "VehiclesVy": "{(EgoVehicle↦0.0),(Vehicles2↦0.0),(Vehicles3↦0.0),(Vehicles4↦0.0),(Vehicles5↦0.0)}",
        "VehiclesX": "{(EgoVehicle↦200.0),(Vehicles2↦5.456598103046417),(Vehicles3↦-5.625787004828453),(Vehicles4↦7.720434665679932),(Vehicles5↦67.65883564949036)}"
      },
      "probabilisticVariables": null,
      "activating": [
        "SLOWER_28"
      ],
      "activatingOnlyWhenExecuted": true,
      "updating": null,
      "withPredicate": null
    },
    {
      "id": "SLOWER_28",
      "execute": "SLOWER",
      "after": "1000",
      "priority": 0,
      "additionalGuards": null,
      "activationKind": null,
      "fixedVariables": {
        "Crash": "TRUE",
        "VehiclesAy": "{(EgoVehicle↦0.0),(Vehicles2↦0.0),(Vehicles3↦0.0),(Vehicles4↦0.0),(Vehicles5↦0.0)}",
        "Reward": "0.0",
        "VehiclesAx": "{(EgoVehicle↦-3.999999761581421),(Vehicles2↦0.16805272549390793),(Vehicles3↦4.03104655444622),(Vehicles4↦3.9902376011013985),(Vehicles5↦4.017161801457405)}",
        "VehiclesVx": "{(EgoVehicle↦16.00000023841858),(Vehicles2↦-0.5788706615567207),(Vehicles3↦3.654884099960327),(Vehicles4↦4.378141462802887),(Vehicles5↦4.3324726819992065)}",
        "VehiclesY": "{(EgoVehicle↦0.0),(Vehicles2↦0.0),(Vehicles3↦8.000000238418579),(Vehicles4↦4.0000001192092896),(Vehicles5↦8.000000238418579)}",
        "VehiclesVy": "{(EgoVehicle↦0.0),(Vehicles2↦0.0),(Vehicles3↦0.0),(Vehicles4↦0.0),(Vehicles5↦0.0)}",
        "VehiclesX": "{(EgoVehicle↦200.0),(Vehicles2↦5.000000074505806),(Vehicles3↦-5.850107595324516),(Vehicles4↦8.243722468614578),(Vehicles5↦68.12037229537964)}"
      },
      "probabilisticVariables": null,
      "activating": null,
      "activatingOnlyWhenExecuted": true,
      "updating": null,
      "withPredicate": null
    }
  ],
  "listeners": [],
  "metadata": {
    "fileType": "Timed_Trace",
    "formatVersion": 3,
    "savedAt": "2023-08-21T06:51:48.055417Z",
    "creator": "Simulation: HYPOTHESIS_TEST; SIGNIFICANCE : 0.05, PROBABILITY : 0.95, MAX_STEPS_BEFORE_PROPERTY : 0, EXECUTIONS : 1000, PREDICATE : Crash = FALSE, ENDING_TIME : 60000, HYPOTHESIS_CHECKING_TYPE : LEFT_TAILED, CHECKING_TYPE : PREDICATE_INVARIANT",
    "proB2KernelVersion": "4.12.2",
    "proBCliVersion": "1.12.2-final",
    "modelName": "HighwayEnvironment2"
  }
}