{
  "variables": {},
  "activations": [
    {
      "id": "$setup_constants",
      "execute": "$setup_constants",
      "after": "0",
      "priority": 0,
      "additionalGuards": null,
      "activationKind": null,
      "fixedVariables": null,
      "probabilisticVariables": null,
      "activating": null,
      "activatingOnlyWhenExecuted": true,
      "updating": null,
      "withPredicate": null
    },
    {
      "id": "$initialise_machine",
      "execute": "$initialise_machine",
      "after": "0",
      "priority": 0,
      "additionalGuards": null,
      "activationKind": null,
      "fixedVariables": {
        "Crash": "FALSE",
        "VehiclesAy": "{(EgoVehicle↦0.0),(Vehicles2↦0.0),(Vehicles3↦0.0),(Vehicles4↦0.0),(Vehicles5↦0.0)}",
        "Reward": "0.0",
        "VehiclesAx": "{(EgoVehicle↦0.0),(Vehicles2↦0.0),(Vehicles3↦0.0),(Vehicles4↦0.0),(Vehicles5↦0.0)}",
        "VehiclesVx": "{(EgoVehicle↦25.0),(Vehicles2↦-1.1458690464496613),(Vehicles3↦-2.3304590582847595),(Vehicles4↦-1.9917330145835876),(Vehicles5↦-1.0592558979988098)}",
        "VehiclesY": "{(EgoVehicle↦4.0000001192092896),(Vehicles2↦-4.0000001192092896),(Vehicles3↦-4.0000001192092896),(Vehicles4↦0.0),(Vehicles5↦0.0)}",
        "VehiclesVy": "{(EgoVehicle↦0.0),(Vehicles2↦0.0),(Vehicles3↦0.0),(Vehicles4↦0.0),(Vehicles5↦0.0)}",
        "VehiclesX": "{(EgoVehicle↦153.56686115264893),(Vehicles2↦24.541954696178436),(Vehicles3↦50.51363706588745),(Vehicles4↦76.06558203697205),(Vehicles5↦102.506422996521)}"
      },
      "probabilisticVariables": null,
      "activating": [
        "LANE_RIGHT_2"
      ],
      "activatingOnlyWhenExecuted": true,
      "updating": null,
      "withPredicate": null
    },
    {
      "id": "LANE_RIGHT_2",
      "execute": "LANE_RIGHT",
      "after": "1000",
      "priority": 0,
      "additionalGuards": null,
      "activationKind": null,
      "fixedVariables": {
        "Crash": "FALSE",
        "VehiclesAy": "{(EgoVehicle↦1.0796338319778442),(Vehicles2↦-1.0796338319778442),(Vehicles3↦-1.0796338319778442),(Vehicles4↦1.0595247894525528),(Vehicles5↦-1.0796338319778442)}",
        "Reward": "0.8660447183419508",
        "VehiclesAx": "{(EgoVehicle↦-0.023322105407714844),(Vehicles2↦-5.013228505849838),(Vehicles3↦-0.6645026803016663),(Vehicles4↦-3.8231542706489563),(Vehicles5↦-3.0726107954978943)}",
        "VehiclesVx": "{(EgoVehicle↦24.976677894592285),(Vehicles2↦-6.1590975522994995),(Vehicles3↦-2.994961738586426),(Vehicles4↦-5.814887285232544),(Vehicles5↦-4.131866693496704)}",
        "VehiclesY": "{(EgoVehicle↦7.6599647998809814),(Vehicles2↦-7.6599647998809814),(Vehicles3↦-7.6599647998809814),(Vehicles4↦-0.41708582639694214),(Vehicles5↦-3.6599650382995605)}",
        "VehiclesVy": "{(EgoVehicle↦1.0796338319778442),(Vehicles2↦-1.0796338319778442),(Vehicles3↦-1.0796338319778442),(Vehicles4↦1.0595247894525528),(Vehicles5↦-1.0796338319778442)}",
        "VehiclesX": "{(EgoVehicle↦178.24710607528687),(Vehicles2↦21.387392282485962),(Vehicles3↦48.20221960544586),(Vehicles4↦71.8519389629364),(Vehicles5↦100.46670436859131)}"
      },
      "probabilisticVariables": null,
      "activating": [
        "LANE_LEFT_3"
      ],
      "activatingOnlyWhenExecuted": true,
      "updating": null,
      "withPredicate": null
    },
    {
      "id": "LANE_LEFT_3",
      "execute": "LANE_LEFT",
      "after": "1000",
      "priority": 0,
      "additionalGuards": null,
      "activationKind": null,
      "fixedVariables": {
        "Crash": "FALSE",
        "VehiclesAy": "{(EgoVehicle↦-2.121664881706238),(Vehicles2↦2.121664881706238),(Vehicles3↦2.121664881706238),(Vehicles4↦0.12539498507976532),(Vehicles5↦-0.037602782249450684)}",
        "Reward": "0.8327539729717545",
        "VehiclesAx": "{(EgoVehicle↦0.0015950202941894531),(Vehicles2↦-1.2610799074172974),(Vehicles3↦-0.4373800754547119),(Vehicles4↦0.9853261709213257),(Vehicles5↦-2.2845399379730225)}",
        "VehiclesVx": "{(EgoVehicle↦24.978272914886475),(Vehicles2↦-7.420177459716797),(Vehicles3↦-3.4323418140411377),(Vehicles4↦-4.829561114311218),(Vehicles5↦-6.416406631469727)}",
        "VehiclesY": "{(EgoVehicle↦4.328726649284363),(Vehicles2↦-4.328726649284363),(Vehicles3↦-4.328726649284363),(Vehicles4↦3.6225990056991577),(Vehicles5↦-0.32872673124074936)}",
        "VehiclesVy": "{(EgoVehicle↦-1.0420310497283936),(Vehicles2↦1.0420310497283936),(Vehicles3↦1.0420310497283936),(Vehicles4↦1.1849197745323181),(Vehicles5↦1.0420310497283936)}",
        "VehiclesX": "{(EgoVehicle↦200.0),(Vehicles2↦14.814208447933197),(Vehicles3↦45.26243805885315),(Vehicles4↦66.75567626953125),(Vehicles5↦95.53511142730713)}"
      },
      "probabilisticVariables": null,
      "activating": [
        "LANE_RIGHT_4"
      ],
      "activatingOnlyWhenExecuted": true,
      "updating": null,
      "withPredicate": null
    },
    {
      "id": "LANE_RIGHT_4",
      "execute": "LANE_RIGHT",
      "after": "1000",
      "priority": 0,
      "additionalGuards": null,
      "activationKind": null,
      "fixedVariables": {
        "Crash": "FALSE",
        "VehiclesAy": "{(EgoVehicle↦2.085227370262146),(Vehicles2↦-2.085227370262146),(Vehicles3↦-2.085227370262146),(Vehicles4↦-2.2196414321660995),(Vehicles5↦-0.0011652708053588867)}",
        "Reward": "0.8660860092472137",
        "VehiclesAx": "{(EgoVehicle↦-4.76837158203125E-05),(Vehicles2↦-0.1363903284072876),(Vehicles3↦-0.28476208448410034),(Vehicles4↦0.6170031428337097),(Vehicles5↦-0.8934152126312256)}",
        "VehiclesVx": "{(EgoVehicle↦24.978225231170654),(Vehicles2↦-7.5565677881240845),(Vehicles3↦-3.717103898525238),(Vehicles4↦-4.2125579714775085),(Vehicles5↦-7.309821844100952)}",
        "VehiclesY": "{(EgoVehicle↦7.670924663543701),(Vehicles2↦-7.670924663543701),(Vehicles3↦-7.670924663543701),(Vehicles4↦0.3262201175093651),(Vehicles5↦-3.6709249019622803)}",
        "VehiclesVy": "{(EgoVehicle↦1.0431963205337524),(Vehicles2↦-1.0431963205337524),(Vehicles3↦-1.0431963205337524),(Vehicles4↦-1.0347216576337814),(Vehicles5↦-1.0431963205337524)}",
        "VehiclesX": "{(EgoVehicle↦200.0),(Vehicles2↦7.541889697313309),(Vehicles3↦41.954851150512695),(Vehicles4↦62.44506239891052),(Vehicles5↦88.9277994632721)}"
      },
      "probabilisticVariables": null,
      "activating": [
        "IDLE_5"
      ],
      "activatingOnlyWhenExecuted": true,
      "updating": null,
      "withPredicate": null
    },
    {
      "id": "IDLE_5",
      "execute": "IDLE",
      "after": "1000",
      "priority": 0,
      "additionalGuards": null,
      "activationKind": null,
      "fixedVariables": {
        "Crash": "FALSE",
        "VehiclesAy": "{(EgoVehicle↦-1.0062279738485813),(Vehicles2↦2.2035690397024155),(Vehicles3↦1.0062279738485813),(Vehicles4↦0.9982278593815863),(Vehicles5↦-1.0801646672189236)}",
        "Reward": "0.8666659377816259",
        "VehiclesAx": "{(EgoVehicle↦0.02174854278564453),(Vehicles2↦0.718502402305603),(Vehicles3↦-0.20753294229507446),(Vehicles4↦0.3455117344856262),(Vehicles5↦-0.2104783058166504)}",
        "VehiclesVx": "{(EgoVehicle↦24.9999737739563),(Vehicles2↦-6.8380653858184814),(Vehicles3↦-3.9246368408203125),(Vehicles4↦-3.8670462369918823),(Vehicles5↦-7.5203001499176025)}",
        "VehiclesY": "{(EgoVehicle↦7.988843679428101),(Vehicles2↦-4.411835789680481),(Vehicles3↦-7.988843679428101),(Vehicles4↦0.010997824603691697),(Vehicles5↦-3.9888432025909424)}",
        "VehiclesVy": "{(EgoVehicle↦0.03696834668517113),(Vehicles2↦1.160372719168663),(Vehicles3↦-0.03696834668517113),(Vehicles4↦-0.03649379825219512),(Vehicles5↦-0.03696834668517113)}",
        "VehiclesX": "{(EgoVehicle↦200.0),(Vehicles2↦-0.3223571227863431),(Vehicles3↦38.13854455947876),(Vehicles4↦58.377230167388916),(Vehicles5↦81.48772716522217)}"
      },
      "probabilisticVariables": null,
      "activating": [
        "IDLE_6"
      ],
      "activatingOnlyWhenExecuted": true,
      "updating": null,
      "withPredicate": null
    },
    {
      "id": "IDLE_6",
      "execute": "IDLE",
      "after": "1000",
      "priority": 0,
      "additionalGuards": null,
      "activationKind": null,
      "fixedVariables": {
        "Crash": "FALSE",
        "VehiclesAy": "{(EgoVehicle↦-0.035795130461337976),(Vehicles2↦-1.075572445988655),(Vehicles3↦0.035795130461337976),(Vehicles4↦0.035346273725735955),(Vehicles5↦-0.03814156290900428)}",
        "Reward": "0.8666666659325674",
        "VehiclesAx": "{(EgoVehicle↦2.6226043701171875E-05),(Vehicles2↦1.0668456554412842),(Vehicles3↦-0.11749088764190674),(Vehicles4↦0.20493537187576294),(Vehicles5↦0.12612402439117432)}",
        "VehiclesVx": "{(EgoVehicle↦25.0),(Vehicles2↦-5.771219730377197),(Vehicles3↦-4.042127728462219),(Vehicles4↦-3.6621108651161194),(Vehicles5↦-7.394176125526428)}",
        "VehiclesY": "{(EgoVehicle↦7.999647617340088),(Vehicles2↦-4.029482960700989),(Vehicles3↦-7.999647617340088),(Vehicles4↦0.0003436675469856709),(Vehicles5↦-3.999647855758667)}",
        "VehiclesVy": "{(EgoVehicle↦0.0011732162238331512),(Vehicles2↦0.08480027318000793),(Vehicles3↦-0.0011732162238331512),(Vehicles4↦-0.001147524526459165),(Vehicles5↦-0.0011732162238331512)}",
        "VehiclesX": "{(EgoVehicle↦200.0),(Vehicles2↦-6.68257400393486),(Vehicles3↦34.16246175765991),(Vehicles4↦54.602259397506714),(Vehicles5↦74.0020751953125)}"
      },
      "probabilisticVariables": null,
      "activating": [
        "FASTER_7"
      ],
      "activatingOnlyWhenExecuted": true,
      "updating": null,
      "withPredicate": null
    },
    {
      "id": "FASTER_7",
      "execute": "FASTER",
      "after": "1000",
      "priority": 0,
      "additionalGuards": null,
      "activationKind": null,
      "fixedVariables": {
        "Crash": "FALSE",
        "VehiclesAy": "{(EgoVehicle↦-0.0011477705879769928),(Vehicles2↦-0.08482571881586409),(Vehicles3↦0.0011491359850879235),(Vehicles4↦0.0011220788906030066),(Vehicles5↦-0.0011986618596893095)}",
        "Reward": "0.9824417009599253",
        "VehiclesAx": "{(EgoVehicle↦4.341564178466797),(Vehicles2↦-2.6844531297683716),(Vehicles3↦-3.8562530279159546),(Vehicles4↦-7.822078168392181),(Vehicles5↦-1.0543721914291382)}",
        "VehiclesVx": "{(EgoVehicle↦29.341564178466797),(Vehicles2↦-8.455672860145569),(Vehicles3↦-7.898380756378174),(Vehicles4↦-11.4841890335083),(Vehicles5↦-8.448548316955566)}",
        "VehiclesY": "{(EgoVehicle↦7.999993801116943),(Vehicles2↦-7.999993801116943),(Vehicles3↦5.492440891430306E-06),(Vehicles4↦-3.9999940395355225),(Vehicles5↦-7.999993801116943)}",
        "VehiclesVy": "{(EgoVehicle↦2.5445635856158333E-05),(Vehicles2↦-2.5445635856158333E-05),(Vehicles3↦-2.408023874522769E-05),(Vehicles4↦-2.5445635856158333E-05),(Vehicles5↦-2.5445635856158333E-05)}",
        "VehiclesX": "{(EgoVehicle↦200.0),(Vehicles2↦27.69356667995453),(Vehicles3↦48.593273758888245),(Vehicles4↦64.30826783180237),(Vehicles5↦106.11592531204224)}"
      },
      "probabilisticVariables": null,
      "activating": [
        "FASTER_8"
      ],
      "activatingOnlyWhenExecuted": true,
      "updating": null,
      "withPredicate": null
    },
    {
      "id": "FASTER_8",
      "execute": "FASTER",
      "after": "1000",
      "priority": 0,
      "additionalGuards": null,
      "activationKind": null,
      "fixedVariables": {
        "Crash": "FALSE",
        "VehiclesAy": "{(EgoVehicle↦-2.539673458201719E-05),(Vehicles2↦2.539673458201719E-05),(Vehicles3↦2.4103242850515016E-05),(Vehicles4↦2.539673458201719E-05),(Vehicles5↦-2.656021351299387E-05)}",
        "Reward": "0.9976877960112223",
        "VehiclesAx": "{(EgoVehicle↦0.5717277526855469),(Vehicles2↦-0.6140971183776855),(Vehicles3↦-0.5254513025283813),(Vehicles4↦-0.291675329208374),(Vehicles5↦-1.9978630542755127)}",
        "VehiclesVx": "{(EgoVehicle↦29.913291931152344),(Vehicles2↦-9.069769978523254),(Vehicles3↦-8.423832058906555),(Vehicles4↦-11.775864362716675),(Vehicles5↦-10.446411371231079)}",
        "VehiclesY": "{(EgoVehicle↦8.000000238418579),(Vehicles2↦-8.000000238418579),(Vehicles3↦-3.696253436658026E-08),(Vehicles4↦-4.0000001192092896),(Vehicles5↦-3.999999761581421)}",
        "VehiclesVy": "{(EgoVehicle↦4.890127414114431E-08),(Vehicles2↦-4.890127414114431E-08),(Vehicles3↦2.3004105287327548E-08),(Vehicles4↦-4.890127414114431E-08),(Vehicles5↦-1.1145776568355359E-06)}",
        "VehiclesX": "{(EgoVehicle↦200.0),(Vehicles2↦18.903668224811554),(Vehicles3↦40.4015451669693),(Vehicles4↦52.6208221912384),(Vehicles5↦96.89648747444153)}"
      },
      "probabilisticVariables": null,
      "activating": [
        "SLOWER_9"
      ],
      "activatingOnlyWhenExecuted": true,
      "updating": null,
      "withPredicate": null
    },
    {
      "id": "SLOWER_9",
      "execute": "SLOWER",
      "after": "1000",
      "priority": 0,
      "additionalGuards": null,
      "activationKind": null,
      "fixedVariables": {
        "Crash": "FALSE",
        "VehiclesAy": "{(EgoVehicle↦-5.566666239076312E-08),(Vehicles2↦5.566667127254732E-08),(Vehicles3↦-1.2465388721238924E-08),(Vehicles4↦5.566667127254732E-08),(Vehicles5↦-1.1776269559504726E-06)}",
        "Reward": "0.8839204779383776",
        "VehiclesAx": "{(EgoVehicle↦-4.2662739753723145),(Vehicles2↦4.2428794503211975),(Vehicles3↦4.278395175933838),(Vehicles4↦4.528161287307739),(Vehicles5↦4.369710683822632)}",
        "VehiclesVx": "{(EgoVehicle↦25.64701795578003),(Vehicles2↦-4.826890528202057),(Vehicles3↦-4.145436882972717),(Vehicles4↦-7.2477030754089355),(Vehicles5↦-6.076700687408447)}",
        "VehiclesY": "{(EgoVehicle↦8.000000238418579),(Vehicles2↦-8.000000238418579),(Vehicles3↦-3.460272068878112E-09),(Vehicles4↦-4.0000001192092896),(Vehicles5↦-4.0000001192092896)}",
        "VehiclesVy": "{(EgoVehicle↦-6.765388249618809E-09),(Vehicles2↦6.765397131403006E-09),(Vehicles3↦1.0538716566088624E-08),(Vehicles4↦6.765397131403006E-09),(Vehicles5↦-6.304929911493673E-08)}",
        "VehiclesX": "{(EgoVehicle↦200.0),(Vehicles2↦12.176872789859772),(Vehicles3↦34.33811962604523),(Vehicles4↦43.305739760398865),(Vehicles5↦88.85054588317871)}"
      },
      "probabilisticVariables": null,
      "activating": [
        "LANE_LEFT_10"
      ],
      "activatingOnlyWhenExecuted": true,
      "updating": null,
      "withPredicate": null
    },
    {
      "id": "LANE_LEFT_10",
      "execute": "LANE_LEFT",
      "after": "1000",
      "priority": 0,
      "additionalGuards": null,
      "activationKind": null,
      "fixedVariables": {
        "Crash": "FALSE",
        "VehiclesAy": "{(EgoVehicle↦-1.0915433547792208),(Vehicles2↦1.091543354779212),(Vehicles3↦1.0915433510058925),(Vehicles4↦1.091543354779212),(Vehicles5↦1.09154329849531)}",
        "Reward": "0.8349718494765641",
        "VehiclesAx": "{(EgoVehicle↦-0.5855727195739746),(Vehicles2↦0.5741697549819946),(Vehicles3↦0.5782255530357361),(Vehicles4↦0.8105194568634033),(Vehicles5↦0.6340247392654419)}",
        "VehiclesVx": "{(EgoVehicle↦25.061445236206055),(Vehicles2↦-4.252720773220062),(Vehicles3↦-3.567211329936981),(Vehicles4↦-6.437183618545532),(Vehicles5↦-5.442675948143005)}",
        "VehiclesY": "{(EgoVehicle↦4.344733715057373),(Vehicles2↦-4.344733715057373),(Vehicles3↦3.6552661657333374),(Vehicles4↦-0.34473375231027603),(Vehicles5↦-0.34473375231027603)}",
        "VehiclesVy": "{(EgoVehicle↦-1.091543361544609),(Vehicles2↦1.091543361544609),(Vehicles3↦1.091543361544609),(Vehicles4↦1.091543361544609),(Vehicles5↦1.091543361544609)}",
        "VehiclesX": "{(EgoVehicle↦200.0),(Vehicles2↦7.968484610319138),(Vehicles3↦30.814704298973083),(Vehicles4↦36.77509129047394),(Vehicles5↦83.42039585113525)}"
      },
      "probabilisticVariables": null,
      "activating": [
        "SLOWER_11"
      ],
      "activatingOnlyWhenExecuted": true,
      "updating": null,
      "withPredicate": null
    },
    {
      "id": "SLOWER_11",
      "execute": "SLOWER",
      "after": "1000",
      "priority": 0,
      "additionalGuards": null,
      "activationKind": null,
      "fixedVariables": {
        "Crash": "FALSE",
        "VehiclesAy": "{(EgoVehicle↦1.0420198319479823),(Vehicles2↦-1.0420198319479823),(Vehicles3↦-1.0420198319479823),(Vehicles4↦-1.0420198319479823),(Vehicles5↦1.1410668911412358)}",
        "Reward": "0.7178559244410135",
        "VehiclesAx": "{(EgoVehicle↦-4.391849040985107),(Vehicles2↦4.387923078611493),(Vehicles3↦4.373544901609421),(Vehicles4↦4.575857073068619),(Vehicles5↦4.407603591680527)}",
        "VehiclesVx": "{(EgoVehicle↦20.669596195220947),(Vehicles2↦0.13520230539143085),(Vehicles3↦0.8063335716724396),(Vehicles4↦-1.8613265454769135),(Vehicles5↦-1.0350723564624786)}",
        "VehiclesY": "{(EgoVehicle↦4.017144441604614),(Vehicles2↦-4.017144441604614),(Vehicles3↦3.982855439186096),(Vehicles4↦-0.017144510988146067),(Vehicles5↦-0.017144510988146067)}",
        "VehiclesVy": "{(EgoVehicle↦-0.04952352959662676),(Vehicles2↦0.04952352959662676),(Vehicles3↦0.04952352959662676),(Vehicles4↦0.04952352959662676),(Vehicles5↦0.04952352959662676)}",
        "VehiclesX": "{(EgoVehicle↦200.0),(Vehicles2↦6.129620224237442),(Vehicles3↦29.656702280044556),(Vehicles4↦32.83061981201172),(Vehicles5↦80.40187358856201)}"
      },
      "probabilisticVariables": null,
      "activating": [
        "LANE_RIGHT_12"
      ],
      "activatingOnlyWhenExecuted": true,
      "updating": null,
      "withPredicate": null
    },
    {
      "id": "LANE_RIGHT_12",
      "execute": "LANE_RIGHT",
      "after": "1000",
      "priority": 0,
      "additionalGuards": null,
      "activationKind": null,
      "fixedVariables": {
        "Crash": "FALSE",
        "VehiclesAy": "{(EgoVehicle↦1.2042490812018514),(Vehicles2↦-1.2042490812018514),(Vehicles3↦-1.2042490812018514),(Vehicles4↦-1.2042490812018514),(Vehicles5↦-1.1052020220085979)}",
        "Reward": "0.7347991817581319",
        "VehiclesAx": "{(EgoVehicle↦-0.614626407623291),(Vehicles2↦0.6153023522347212),(Vehicles3↦0.5902595818042755),(Vehicles4↦0.7607375830411911),(Vehicles5↦0.6117219105362892)}",
        "VehiclesVx": "{(EgoVehicle↦20.054969787597656),(Vehicles2↦0.750504657626152),(Vehicles3↦1.396593153476715),(Vehicles4↦-1.1005889624357224),(Vehicles5↦-0.4233504459261894)}",
        "VehiclesY": "{(EgoVehicle↦7.599999904632568),(Vehicles2↦-7.599999904632568),(Vehicles3↦0.39999979734420776),(Vehicles4↦-3.6000001430511475),(Vehicles5↦-3.6000001430511475)}",
        "VehiclesVy": "{(EgoVehicle↦1.1547255516052246),(Vehicles2↦-1.1547255516052246),(Vehicles3↦-1.1547255516052246),(Vehicles4↦-1.1547255516052246),(Vehicles5↦-1.1547255516052246)}",
        "VehiclesX": "{(EgoVehicle↦200.0),(Vehicles2↦6.958429515361786),(Vehicles3↦31.14725947380066),(Vehicles4↦31.724178791046143),(Vehicles5↦80.06033897399902)}"
      },
      "probabilisticVariables": null,
      "activating": [
        "IDLE_13"
      ],
      "activatingOnlyWhenExecuted": true,
      "updating": null,
      "withPredicate": null
    },
    {
      "id": "IDLE_13",
      "execute": "IDLE",
      "after": "1000",
      "priority": 0,
      "additionalGuards": null,
      "activationKind": null,
      "fixedVariables": {
        "Crash": "FALSE",
        "VehiclesAy": "{(EgoVehicle↦-1.082386844791472),(Vehicles2↦1.082386844791472),(Vehicles3↦1.082386844791472),(Vehicles4↦1.082386844791472),(Vehicles5↦-1.2270642584189773)}",
        "Reward": "0.7336395232377058",
        "VehiclesAx": "{(EgoVehicle↦-0.043487548828125),(Vehicles2↦0.046937018632888794),(Vehicles3↦-2.339768037199974),(Vehicles4↦2.513032928109169),(Vehicles5↦0.030662938952445984)}",
        "VehiclesVx": "{(EgoVehicle↦20.01148223876953),(Vehicles2↦0.7974416762590408),(Vehicles3↦-0.943174883723259),(Vehicles4↦1.4124439656734467),(Vehicles5↦-0.39268750697374344)}",
        "VehiclesY": "{(EgoVehicle↦7.9750893115997314),(Vehicles2↦-7.9750893115997314),(Vehicles3↦-3.9750895500183105),(Vehicles4↦0.024910365231335163),(Vehicles5↦-3.9750895500183105)}",
        "VehiclesVy": "{(EgoVehicle↦0.07233870681375265),(Vehicles2↦-0.07233870681375265),(Vehicles3↦-0.07233870681375265),(Vehicles4↦-0.07233870681375265),(Vehicles5↦-0.07233870681375265)}",
        "VehiclesX": "{(EgoVehicle↦200.0),(Vehicles2↦7.724540680646896),(Vehicles3↦30.68588078022003),(Vehicles4↦32.54737854003906),(Vehicles5↦79.64679598808289)}"
      },
      "probabilisticVariables": null,
      "activating": [
        "IDLE_14"
      ],
      "activatingOnlyWhenExecuted": true,
      "updating": null,
      "withPredicate": null
    },
    {
      "id": "IDLE_14",
      "execute": "IDLE",
      "after": "1000",
      "priority": 0,
      "additionalGuards": null,
      "activationKind": null,
      "fixedVariables": {
        "Crash": "FALSE",
        "VehiclesAy": "{(EgoVehicle↦-0.06783829012420028),(Vehicles2↦0.06783829012420028),(Vehicles3↦0.06783829012420028),(Vehicles4↦0.06783829012420028),(Vehicles5↦-0.07683912350330502)}",
        "Reward": "0.7333741002741513",
        "VehiclesAx": "{(EgoVehicle↦-0.009953975677490234),(Vehicles2↦0.015032291412353516),(Vehicles3↦0.0978618860244751),(Vehicles4↦-0.01934543251991272),(Vehicles5↦-0.007374994456768036)}",
        "VehiclesVx": "{(EgoVehicle↦20.00152826309204),(Vehicles2↦0.8124739676713943),(Vehicles3↦-0.8453129976987839),(Vehicles4↦1.393098533153534),(Vehicles5↦-0.4000625014305115)}",
        "VehiclesY": "{(EgoVehicle↦7.99845027923584),(Vehicles2↦-7.99845027923584),(Vehicles3↦-3.998450517654419),(Vehicles4↦0.0015495203551836312),(Vehicles5↦-3.998450517654419)}",
        "VehiclesVy": "{(EgoVehicle↦0.004500416689552367),(Vehicles2↦-0.004500416689552367),(Vehicles3↦-0.004500416689552367),(Vehicles4↦-0.004500416689552367),(Vehicles5↦-0.004500416689552367)}",
        "VehiclesX": "{(EgoVehicle↦200.0),(Vehicles2↦8.529370278120041),(Vehicles3↦29.785165190696716),(Vehicles4↦33.95364284515381),(Vehicles5↦79.25283312797546)}"
      },
      "probabilisticVariables": null,
      "activating": [
        "IDLE_15"
      ],
      "activatingOnlyWhenExecuted": true,
      "updating": null,
      "withPredicate": null
    },
    {
      "id": "IDLE_15",
      "execute": "IDLE",
      "after": "1000",
      "priority": 0,
      "additionalGuards": null,
      "activationKind": null,
      "fixedVariables": {
        "Crash": "FALSE",
        "VehiclesAy": "{(EgoVehicle↦-0.004220407390675973),(Vehicles2↦0.004220407390675973),(Vehicles3↦0.004220407390675973),(Vehicles4↦0.004220407390675973),(Vehicles5↦-0.00478042598842876)}",
        "Reward": "0.7333387035450684",
        "VehiclesAx": "{(EgoVehicle↦-0.0013279914855957031),(Vehicles2↦0.007318034768104553),(Vehicles3↦0.06882764399051666),(Vehicles4↦-0.028703957796096802),(Vehicles5↦-0.017175115644931793)}",
        "VehiclesVx": "{(EgoVehicle↦20.000200271606445),(Vehicles2↦0.8197920024394989),(Vehicles3↦-0.7764853537082672),(Vehicles4↦1.3643945753574371),(Vehicles5↦-0.41723761707544327)}",
        "VehiclesY": "{(EgoVehicle↦7.999903678894043),(Vehicles2↦-7.999903678894043),(Vehicles3↦-3.9999035596847534),(Vehicles4↦9.640742791816592E-05),(Vehicles5↦-3.9999035596847534)}",
        "VehiclesVy": "{(EgoVehicle↦0.0002800092988763936),(Vehicles2↦-0.0002800092988763936),(Vehicles3↦-0.0002800092988763936),(Vehicles4↦-0.0002800092988763936),(Vehicles5↦-0.0002800092988763936)}",
        "VehiclesX": "{(EgoVehicle↦200.0),(Vehicles2↦9.3449205160141),(Vehicles3↦28.969016671180725),(Vehicles4↦35.335493087768555),(Vehicles5↦78.84609699249268)}"
      },
      "probabilisticVariables": null,
      "activating": [
        "IDLE_16"
      ],
      "activatingOnlyWhenExecuted": true,
      "updating": null,
      "withPredicate": null
    },
    {
      "id": "IDLE_16",
      "execute": "IDLE",
      "after": "1000",
      "priority": 0,
      "additionalGuards": null,
      "activationKind": null,
      "fixedVariables": {
        "Crash": "FALSE",
        "VehiclesAy": "{(EgoVehicle↦-0.0002625872059525136),(Vehicles2↦0.0002625872059525136),(Vehicles3↦0.0002625872059525136),(Vehicles4↦0.0002625872059525136),(Vehicles5↦-0.00029743139180027356)}",
        "Reward": "0.7333340405283909",
        "VehiclesAx": "{(EgoVehicle↦-0.00017404556274414062),(Vehicles2↦0.006629079580307007),(Vehicles3↦0.051981955766677856),(Vehicles4↦-0.03004118800163269),(Vehicles5↦-0.017478689551353455)}",
        "VehiclesVx": "{(EgoVehicle↦20.0000262260437),(Vehicles2↦0.8264210820198059),(Vehicles3↦-0.7245033979415894),(Vehicles4↦1.3343533873558044),(Vehicles5↦-0.4347163066267967)}",
        "VehiclesY": "{(EgoVehicle↦7.999993801116943),(Vehicles2↦-7.999993801116943),(Vehicles3↦-3.9999940395355225),(Vehicles4↦5.998429060127819E-06),(Vehicles5↦-3.9999940395355225)}",
        "VehiclesVy": "{(EgoVehicle↦1.7422092923879973E-05),(Vehicles2↦-1.7422092923879973E-05),(Vehicles3↦-1.7422092923879973E-05),(Vehicles4↦-1.7422092923879973E-05),(Vehicles5↦-1.7422092923879973E-05)}",
        "VehiclesX": "{(EgoVehicle↦200.0),(Vehicles2↦10.16736626625061),(Vehicles3↦28.214439749717712),(Vehicles4↦36.68789863586426),(Vehicles5↦78.42177152633667)}"
      },
      "probabilisticVariables": null,
      "activating": [
        "IDLE_17"
      ],
      "activatingOnlyWhenExecuted": true,
      "updating": null,
      "withPredicate": null
    },
    {
      "id": "IDLE_17",
      "execute": "IDLE",
      "after": "1000",
      "priority": 0,
      "additionalGuards": null,
      "activationKind": null,
      "fixedVariables": {
        "Crash": "FALSE",
        "VehiclesAy": "{(EgoVehicle↦-1.6338092763135137E-05),(Vehicles2↦1.633809283418941E-05),(Vehicles3↦1.633809283418941E-05),(Vehicles4↦1.633809283418941E-05),(Vehicles5↦-1.8506093013570535E-05)}",
        "Reward": "0.7333334264619266",
        "VehiclesAx": "{(EgoVehicle↦-2.384185791015625E-05),(Vehicles2↦0.006660744547843933),(Vehicles3↦0.03993585705757141),(Vehicles4↦-0.03004506230354309),(Vehicles5↦-0.015582628548145294)}",
        "VehiclesVx": "{(EgoVehicle↦20.00000238418579),(Vehicles2↦0.8330818265676498),(Vehicles3↦-0.6845675408840179),(Vehicles4↦1.3043083250522614),(Vehicles5↦-0.450298935174942)}",
        "VehiclesY": "{(EgoVehicle↦7.999999523162842),(Vehicles2↦-7.999999523162842),(Vehicles3↦-3.999999761581421),(Vehicles4↦3.7322128321193304E-07),(Vehicles5↦-3.999999761581421)}",
        "VehiclesVy": "{(EgoVehicle↦1.0840001607448357E-06),(Vehicles2↦-1.0840000896905622E-06),(Vehicles3↦-1.0840000896905622E-06),(Vehicles4↦-1.0840000896905622E-06),(Vehicles5↦-1.0840000896905622E-06)}",
        "VehiclesX": "{(EgoVehicle↦200.0),(Vehicles2↦10.996448993682861),(Vehicles3↦27.506735920906067),(Vehicles4↦38.010215759277344),(Vehicles5↦77.98062562942505)}"
      },
      "probabilisticVariables": null,
      "activating": [
        "IDLE_18"
      ],
      "activatingOnlyWhenExecuted": true,
      "updating": null,
      "withPredicate": null
    },
    {
      "id": "IDLE_18",
      "execute": "IDLE",
      "after": "1000",
      "priority": 0,
      "additionalGuards": null,
      "activationKind": null,
      "fixedVariables": {
        "Crash": "FALSE",
        "VehiclesAy": "{(EgoVehicle↦-1.0165538100181948E-06),(Vehicles2↦1.0165537389639212E-06),(Vehicles3↦1.0165537389639212E-06),(Vehicles4↦1.0165537389639212E-06),(Vehicles5↦-1.1514464404172031E-06)}",
        "Reward": "0.7333333455971811",
        "VehiclesAx": "{(EgoVehicle↦-2.384185791015625E-06),(Vehicles2↦0.006648823618888855),(Vehicles3↦0.03101259469985962),(Vehicles4↦-0.029706954956054688),(Vehicles5↦-0.012879669666290283)}",
        "VehiclesVx": "{(EgoVehicle↦20.0),(Vehicles2↦0.8397306501865387),(Vehicles3↦-0.6535549461841583),(Vehicles4↦1.2746013700962067),(Vehicles5↦-0.4631786048412323)}",
        "VehiclesY": "{(EgoVehicle↦8.000000238418579),(Vehicles2↦-8.000000238418579),(Vehicles3↦-4.0000001192092896),(Vehicles4↦2.3221779166249235E-08),(Vehicles5↦-4.0000001192092896)}",
        "VehiclesVy": "{(EgoVehicle↦6.744635072664096E-08),(Vehicles2↦-6.744635072664096E-08),(Vehicles3↦-6.744635072664096E-08),(Vehicles4↦-6.744635072664096E-08),(Vehicles5↦-6.744635072664096E-08)}",
        "VehiclesX": "{(EgoVehicle↦200.0),(Vehicles2↦11.832195520401001),(Vehicles3↦26.835182309150696),(Vehicles4↦39.302605390548706),(Vehicles5↦77.52494215965271)}"
      },
      "probabilisticVariables": null,
      "activating": [
        "IDLE_19"
      ],
      "activatingOnlyWhenExecuted": true,
      "updating": null,
      "withPredicate": null
    },
    {
      "id": "IDLE_19",
      "execute": "IDLE",
      "after": "1000",
      "priority": 0,
      "additionalGuards": null,
      "activationKind": null,
      "fixedVariables": {
        "Crash": "FALSE",
        "VehiclesAy": "{(EgoVehicle↦-6.324984980210502E-08),(Vehicles2↦6.324984092032082E-08),(Vehicles3↦6.324984092032082E-08),(Vehicles4↦6.324984092032082E-08),(Vehicles5↦-7.16428605329611E-08)}",
        "Reward": "0.7333333349483256",
        "VehiclesAx": "{(EgoVehicle↦0.0),(Vehicles2↦0.006544142961502075),(Vehicles3↦0.024433955550193787),(Vehicles4↦-0.029210969805717468),(Vehicles5↦-0.009820051491260529)}",
        "VehiclesVx": "{(EgoVehicle↦20.0),(Vehicles2↦0.8462747931480408),(Vehicles3↦-0.6291209906339645),(Vehicles4↦1.2453904002904892),(Vehicles5↦-0.47299865633249283)}",
        "VehiclesY": "{(EgoVehicle↦8.000000238418579),(Vehicles2↦-8.000000238418579),(Vehicles3↦-4.0000001192092896),(Vehicles4↦1.4448549023882151E-09),(Vehicles5↦-4.0000001192092896)}",
        "VehiclesVy": "{(EgoVehicle↦4.19650092453594E-09),(Vehicles2↦-4.196509806320137E-09),(Vehicles3↦-4.196509806320137E-09),(Vehicles4↦-4.196509806320137E-09),(Vehicles5↦-4.196509806320137E-09)}",
        "VehiclesX": "{(EgoVehicle↦200.0),(Vehicles2↦12.67455518245697),(Vehicles3↦26.191848516464233),(Vehicles4↦40.565478801727295),(Vehicles5↦77.05758213996887)}"
      },
      "probabilisticVariables": null,
      "activating": [
        "IDLE_20"
      ],
      "activatingOnlyWhenExecuted": true,
      "updating": null,
      "withPredicate": null
    },
    {
      "id": "IDLE_20",
      "execute": "IDLE",
      "after": "1000",
      "priority": 0,
      "additionalGuards": null,
      "activationKind": null,
      "fixedVariables": {
        "Crash": "FALSE",
        "VehiclesAy": "{(EgoVehicle↦-3.935394232712497E-09),(Vehicles2↦3.935403114496694E-09),(Vehicles3↦3.935403114496694E-09),(Vehicles4↦3.935403114496694E-09),(Vehicles5↦-4.4576164981435795E-09)}",
        "Reward": "0.7333333335460073",
        "VehiclesAx": "{(EgoVehicle↦0.0),(Vehicles2↦0.00637248158454895),(Vehicles3↦0.019658319652080536),(Vehicles4↦-0.028612911701202393),(Vehicles5↦-0.006635449826717377)}",
        "VehiclesVx": "{(EgoVehicle↦20.0),(Vehicles2↦0.8526472747325897),(Vehicles3↦-0.609462670981884),(Vehicles4↦1.2167774885892868),(Vehicles5↦-0.4796341061592102)}",
        "VehiclesY": "{(EgoVehicle↦8.000000238418579),(Vehicles2↦-8.000000238418579),(Vehicles3↦-4.0000001192092896),(Vehicles4↦8.989609057152848E-11),(Vehicles5↦-4.0000001192092896)}",
        "VehiclesVy": "{(EgoVehicle↦2.611066918234428E-10),(Vehicles2↦-2.611066918234428E-10),(Vehicles3↦-2.611066918234428E-10),(Vehicles4↦-2.611066918234428E-10),(Vehicles5↦-2.611066918234428E-10)}",
        "VehiclesX": "{(EgoVehicle↦200.0),(Vehicles2↦13.523395359516144),(Vehicles3↦25.570914149284363),(Vehicles4↦41.79937243461609),(Vehicles5↦76.58167481422424)}"
      },
      "probabilisticVariables": null,
      "activating": [
        "IDLE_21"
      ],
      "activatingOnlyWhenExecuted": true,
      "updating": null,
      "withPredicate": null
    },
    {
      "id": "IDLE_21",
      "execute": "IDLE",
      "after": "1000",
      "priority": 0,
      "additionalGuards": null,
      "activationKind": null,
      "fixedVariables": {
        "Crash": "FALSE",
        "VehiclesAy": "{(EgoVehicle↦-2.4487079031132453E-10),(Vehicles2↦2.448619085271275E-10),(Vehicles3↦2.448619085271275E-10),(Vehicles4↦2.448619085271275E-10),(Vehicles5↦-2.773514751197581E-10)}",
        "Reward": "0.7333333333613398",
        "VehiclesAx": "{(EgoVehicle↦0.0),(Vehicles2↦0.006157681345939636),(Vehicles3↦0.01627393066883087),(Vehicles4↦-0.027938932180404663),(Vehicles5↦-0.0034679844975471497)}",
        "VehiclesVx": "{(EgoVehicle↦20.0),(Vehicles2↦0.8588049560785294),(Vehicles3↦-0.5931887403130531),(Vehicles4↦1.1888385564088821),(Vehicles5↦-0.48310209065675735)}",
        "VehiclesY": "{(EgoVehicle↦8.000000238418579),(Vehicles2↦-8.000000238418579),(Vehicles3↦-4.0000001192092896),(Vehicles4↦5.5928595088516886E-12),(Vehicles5↦-4.0000001192092896)}",
        "VehiclesVy": "{(EgoVehicle↦1.623590151211829E-11),(Vehicles2↦-1.624478329631529E-11),(Vehicles3↦-1.624478329631529E-11),(Vehicles4↦-1.624478329631529E-11),(Vehicles5↦-1.624478329631529E-11)}",
        "VehiclesX": "{(EgoVehicle↦200.0),(Vehicles2↦14.378523826599121),(Vehicles3↦24.968183040618896),(Vehicles4↦43.00491809844971),(Vehicles5↦76.10040307044983)}"
      },
      "probabilisticVariables": null,
      "activating": [
        "IDLE_22"
      ],
      "activatingOnlyWhenExecuted": true,
      "updating": null,
      "withPredicate": null
    },
    {
      "id": "IDLE_22",
      "execute": "IDLE",
      "after": "1000",
      "priority": 0,
      "additionalGuards": null,
      "activationKind": null,
      "fixedVariables": {
        "Crash": "FALSE",
        "VehiclesAy": "{(EgoVehicle↦-1.5223378113660146E-11),(Vehicles2↦1.5232259897857148E-11),(Vehicles3↦1.5232259897857148E-11),(Vehicles4↦1.5232259897857148E-11),(Vehicles5↦-1.7257306694773433E-11)}",
        "Reward": "0.7333333333370214",
        "VehiclesAx": "{(EgoVehicle↦0.0),(Vehicles2↦0.005915910005569458),(Vehicles3↦0.013962872326374054),(Vehicles4↦-0.02720482647418976),(Vehicles5↦-0.00040788203477859497)}",
        "VehiclesVx": "{(EgoVehicle↦20.0),(Vehicles2↦0.8647208660840988),(Vehicles3↦-0.5792258679866791),(Vehicles4↦1.1616337299346924),(Vehicles5↦-0.48350997269153595)}",
        "VehiclesY": "{(EgoVehicle↦8.000000238418579),(Vehicles2↦-8.000000238418579),(Vehicles3↦-4.0000001192092896),(Vehicles4↦3.4372504842394846E-13),(Vehicles5↦-4.0000001192092896)}",
        "VehiclesVy": "{(EgoVehicle↦1.0125233984581428E-12),(Vehicles2↦-1.0125233984581428E-12),(Vehicles3↦-1.0125233984581428E-12),(Vehicles4↦-1.0125233984581428E-12),(Vehicles5↦-1.0125233984581428E-12)}",
        "VehiclesX": "{(EgoVehicle↦200.0),(Vehicles2↦15.239715576171875),(Vehicles3↦24.380728602409363),(Vehicles4↦44.18281316757202),(Vehicles5↦75.61689615249634)}"
      },
      "probabilisticVariables": null,
      "activating": [
        "IDLE_23"
      ],
      "activatingOnlyWhenExecuted": true,
      "updating": null,
      "withPredicate": null
    },
    {
      "id": "IDLE_23",
      "execute": "IDLE",
      "after": "1000",
      "priority": 0,
      "additionalGuards": null,
      "activationKind": null,
      "fixedVariables": {
        "Crash": "FALSE",
        "VehiclesAy": "{(EgoVehicle↦-9.414691248821327E-13),(Vehicles2↦9.414691248821327E-13),(Vehicles3↦9.414691248821327E-13),(Vehicles4↦9.592326932761353E-13),(Vehicles5↦-1.0658141036401503E-12)}",
        "Reward": "0.7333333333338191",
        "VehiclesAx": "{(EgoVehicle↦0.0),(Vehicles2↦0.005658194422721863),(Vehicles3↦0.012478791177272797),(Vehicles4↦-0.02642117440700531),(Vehicles5↦0.0024881958961486816)}",
        "VehiclesVx": "{(EgoVehicle↦20.0),(Vehicles2↦0.8703790605068207),(Vehicles3↦-0.5667470768094063),(Vehicles4↦1.135212555527687),(Vehicles5↦-0.48102177679538727)}",
        "VehiclesY": "{(EgoVehicle↦8.000000238418579),(Vehicles2↦-8.000000238418579),(Vehicles3↦-4.0000001192092896),(Vehicles4↦1.865174681370263E-14),(Vehicles5↦-4.0000001192092896)}",
        "VehiclesVy": "{(EgoVehicle↦7.105427357601002E-14),(Vehicles2↦-7.105427357601002E-14),(Vehicles3↦-7.105427357601002E-14),(Vehicles4↦-5.3290705182007514E-14),(Vehicles5↦-5.3290705182007514E-14)}",
        "VehiclesX": "{(EgoVehicle↦200.0),(Vehicles2↦16.10672026872635),(Vehicles3↦23.806585371494293),(Vehicles4↦45.33381462097168),(Vehicles5↦75.13415813446045)}"
      },
      "probabilisticVariables": null,
      "activating": [
        "IDLE_24"
      ],
      "activatingOnlyWhenExecuted": true,
      "updating": null,
      "withPredicate": null
    },
    {
      "id": "IDLE_24",
      "execute": "IDLE",
      "after": "1000",
      "priority": 0,
      "additionalGuards": null,
      "activationKind": null,
      "fixedVariables": {
        "Crash": "FALSE",
        "VehiclesAy": "{(EgoVehicle↦-7.105427357601002E-14),(Vehicles2↦7.105427357601002E-14),(Vehicles3↦7.105427357601002E-14),(Vehicles4↦5.3290705182007514E-14),(Vehicles5↦-5.3290705182007514E-14)}",
        "Reward": "0.7333333333333973",
        "VehiclesAx": "{(EgoVehicle↦0.0),(Vehicles2↦0.005391761660575867),(Vehicles3↦0.011629760265350342),(Vehicles4↦-0.025595873594284058),(Vehicles5↦0.005186162889003754)}",
        "VehiclesVx": "{(EgoVehicle↦20.0),(Vehicles2↦0.8757708221673965),(Vehicles3↦-0.5551173165440559),(Vehicles4↦1.109616681933403),(Vehicles5↦-0.4758356139063835)}",
        "VehiclesY": "{(EgoVehicle↦8.000000238418579),(Vehicles2↦-8.000000238418579),(Vehicles3↦-4.0000001192092896),(Vehicles4↦0.0),(Vehicles5↦-4.0000001192092896)}",
        "VehiclesVy": "{(EgoVehicle↦0.0),(Vehicles2↦0.0),(Vehicles3↦0.0),(Vehicles4↦0.0),(Vehicles5↦0.0)}",
        "VehiclesX": "{(EgoVehicle↦200.0),(Vehicles2↦16.97927713394165),(Vehicles3↦23.24453592300415),(Vehicles4↦46.45872116088867),(Vehicles5↦74.65500235557556)}"
      },
      "probabilisticVariables": null,
      "activating": [
        "IDLE_25"
      ],
      "activatingOnlyWhenExecuted": true,
      "updating": null,
      "withPredicate": null
    },
    {
      "id": "IDLE_25",
      "execute": "IDLE",
      "after": "1000",
      "priority": 0,
      "additionalGuards": null,
      "activationKind": null,
      "fixedVariables": {
        "Crash": "FALSE",
        "VehiclesAy": "{(EgoVehicle↦0.0),(Vehicles2↦0.0),(Vehicles3↦0.0),(Vehicles4↦0.0),(Vehicles5↦0.0)}",
        "Reward": "0.7333333333333418",
        "VehiclesAx": "{(EgoVehicle↦0.0),(Vehicles2↦0.005121976137161255),(Vehicles3↦0.011265017092227936),(Vehicles4↦-0.024735406041145325),(Vehicles5↦0.007667616009712219)}",
        "VehiclesVx": "{(EgoVehicle↦20.0),(Vehicles2↦0.8808927983045578),(Vehicles3↦-0.543852299451828),(Vehicles4↦1.0848812758922577),(Vehicles5↦-0.4681679978966713)}",
        "VehiclesY": "{(EgoVehicle↦8.000000238418579),(Vehicles2↦-8.000000238418579),(Vehicles3↦-4.0000001192092896),(Vehicles4↦-1.3322676295501878E-15),(Vehicles5↦-4.0000001192092896)}",
        "VehiclesVy": "{(EgoVehicle↦0.0),(Vehicles2↦0.0),(Vehicles3↦0.0),(Vehicles4↦0.0),(Vehicles5↦0.0)}",
        "VehiclesX": "{(EgoVehicle↦200.0),(Vehicles2↦17.85711795091629),(Vehicles3↦22.69393801689148),(Vehicles4↦47.55837321281433),(Vehicles5↦74.18204545974731)}"
      },
      "probabilisticVariables": null,
      "activating": [
        "IDLE_26"
      ],
      "activatingOnlyWhenExecuted": true,
      "updating": null,
      "withPredicate": null
    },
    {
      "id": "IDLE_26",
      "execute": "IDLE",
      "after": "1000",
      "priority": 0,
      "additionalGuards": null,
      "activationKind": null,
      "fixedVariables": {
        "Crash": "FALSE",
        "VehiclesAy": "{(EgoVehicle↦0.0),(Vehicles2↦0.0),(Vehicles3↦0.0),(Vehicles4↦0.0),(Vehicles5↦0.0)}",
        "Reward": "0.7333333333333344",
        "VehiclesAx": "{(EgoVehicle↦0.0),(Vehicles2↦0.004852265119552612),(Vehicles3↦0.011265426874160767),(Vehicles4↦-0.023845508694648743),(Vehicles5↦0.009924806654453278)}",
        "VehiclesVx": "{(EgoVehicle↦20.0),(Vehicles2↦0.8857450634241104),(Vehicles3↦-0.5325868725776672),(Vehicles4↦1.061035767197609),(Vehicles5↦-0.458243191242218)}",
        "VehiclesY": "{(EgoVehicle↦8.000000238418579),(Vehicles2↦-8.000000238418579),(Vehicles3↦-4.0000001192092896),(Vehicles4↦-1.3322676295501878E-15),(Vehicles5↦-4.0000001192092896)}",
        "VehiclesVy": "{(EgoVehicle↦0.0),(Vehicles2↦0.0),(Vehicles3↦0.0),(Vehicles4↦0.0),(Vehicles5↦0.0)}",
        "VehiclesX": "{(EgoVehicle↦200.0),(Vehicles2↦18.73997449874878),(Vehicles3↦22.154580056667328),(Vehicles4↦48.63364398479462),(Vehicles5↦73.7176775932312)}"
      },
      "probabilisticVariables": null,
      "activating": [
        "SLOWER_27"
      ],
      "activatingOnlyWhenExecuted": true,
      "updating": null,
      "withPredicate": null
    },
    {
      "id": "SLOWER_27",
      "execute": "SLOWER",
      "after": "1000",
      "priority": 0,
      "additionalGuards": null,
      "activationKind": null,
      "fixedVariables": {
        "Crash": "FALSE",
        "VehiclesAy": "{(EgoVehicle↦0.0),(Vehicles2↦0.0),(Vehicles3↦0.0),(Vehicles4↦0.0),(Vehicles5↦0.0)}",
        "Reward": "0.7333333333333334",
        "VehiclesAx": "{(EgoVehicle↦0.0),(Vehicles2↦0.0045856088399887085),(Vehicles3↦0.011536180973052979),(Vehicles4↦-0.022931471467018127),(Vehicles5↦0.011957883834838867)}",
        "VehiclesVx": "{(EgoVehicle↦20.0),(Vehicles2↦0.8903306722640991),(Vehicles3↦-0.5210506916046143),(Vehicles4↦1.0381042957305908),(Vehicles5↦-0.44628530740737915)}",
        "VehiclesY": "{(EgoVehicle↦8.000000238418579),(Vehicles2↦-8.000000238418579),(Vehicles3↦-4.0000001192092896),(Vehicles4↦-1.3322676295501878E-15),(Vehicles5↦-4.0000001192092896)}",
        "VehiclesVy": "{(EgoVehicle↦0.0),(Vehicles2↦0.0),(Vehicles3↦0.0),(Vehicles4↦0.0),(Vehicles5↦0.0)}",
        "VehiclesX": "{(EgoVehicle↦200.0),(Vehicles2↦19.62757408618927),(Vehicles3↦21.626576781272888),(Vehicles4↦49.68543350696564),(Vehicles5↦73.26406240463257)}"
      },
      "probabilisticVariables": null,
      "activating": [
        "IDLE_28"
      ],
      "activatingOnlyWhenExecuted": true,
      "updating": null,
      "withPredicate": null
    },
    {
      "id": "IDLE_28",
      "execute": "IDLE",
      "after": "1000",
      "priority": 0,
      "additionalGuards": null,
      "activationKind": null,
      "fixedVariables": {
        "Crash": "FALSE",
        "VehiclesAy": "{(EgoVehicle↦0.0),(Vehicles2↦0.0),(Vehicles3↦0.0),(Vehicles4↦0.0),(Vehicles5↦0.0)}",
        "Reward": "0.7333333333333334",
        "VehiclesAx": "{(EgoVehicle↦0.0),(Vehicles2↦0.004323944449424744),(Vehicles3↦0.012001395225524902),(Vehicles4↦-0.02199821174144745),(Vehicles5↦0.013771988451480865)}",
        "VehiclesVx": "{(EgoVehicle↦20.0),(Vehicles2↦0.8946546167135239),(Vehicles3↦-0.5090492963790894),(Vehicles4↦1.0161060839891434),(Vehicles5↦-0.4325133189558983)}",
        "VehiclesY": "{(EgoVehicle↦8.000000238418579),(Vehicles2↦-8.000000238418579),(Vehicles3↦-4.0000001192092896),(Vehicles4↦-1.3322676295501878E-15),(Vehicles5↦-4.0000001192092896)}",
        "VehiclesVy": "{(EgoVehicle↦0.0),(Vehicles2↦0.0),(Vehicles3↦0.0),(Vehicles4↦0.0),(Vehicles5↦0.0)}",
        "VehiclesX": "{(EgoVehicle↦200.0),(Vehicles2↦20.51965445280075),(Vehicles3↦21.110284328460693),(Vehicles4↦50.71466565132141),(Vehicles5↦72.82314896583557)}"
      },
      "probabilisticVariables": null,
      "activating": [
        "IDLE_29"
      ],
      "activatingOnlyWhenExecuted": true,
      "updating": null,
      "withPredicate": null
    },
    {
      "id": "IDLE_29",
      "execute": "IDLE",
      "after": "1000",
      "priority": 0,
      "additionalGuards": null,
      "activationKind": null,
      "fixedVariables": {
        "Crash": "FALSE",
        "VehiclesAy": "{(EgoVehicle↦0.0),(Vehicles2↦0.0),(Vehicles3↦0.0),(Vehicles4↦0.0),(Vehicles5↦0.0)}",
        "Reward": "0.7333333333333334",
        "VehiclesAx": "{(EgoVehicle↦0.0),(Vehicles2↦-1.3911032304167747),(Vehicles3↦1.4077731221914291),(Vehicles4↦-0.021050795912742615),(Vehicles5↦0.01537613570690155)}",
        "VehiclesVx": "{(EgoVehicle↦20.0),(Vehicles2↦-0.4964486137032509),(Vehicles3↦0.8987238258123398),(Vehicles4↦0.9950552880764008),(Vehicles5↦-0.41713718324899673)}",
        "VehiclesY": "{(EgoVehicle↦8.000000238418579),(Vehicles2↦-4.0000001192092896),(Vehicles3↦-8.000000238418579),(Vehicles4↦-1.3322676295501878E-15),(Vehicles5↦-4.0000001192092896)}",
        "VehiclesVy": "{(EgoVehicle↦0.0),(Vehicles2↦0.0),(Vehicles3↦0.0),(Vehicles4↦0.0),(Vehicles5↦0.0)}",
        "VehiclesX": "{(EgoVehicle↦200.0),(Vehicles2↦20.60622274875641),(Vehicles3↦21.415957808494568),(Vehicles4↦51.72227621078491),(Vehicles5↦72.3966658115387)}"
      },
      "probabilisticVariables": null,
      "activating": [
        "FASTER_30"
      ],
      "activatingOnlyWhenExecuted": true,
      "updating": null,
      "withPredicate": null
    },
    {
      "id": "FASTER_30",
      "execute": "FASTER",
      "after": "1000",
      "priority": 0,
      "additionalGuards": null,
      "activationKind": null,
      "fixedVariables": {
        "Crash": "FALSE",
        "VehiclesAy": "{(EgoVehicle↦0.0),(Vehicles2↦0.0),(Vehicles3↦0.0),(Vehicles4↦0.0),(Vehicles5↦0.0)}",
        "Reward": "0.8491083676268861",
        "VehiclesAx": "{(EgoVehicle↦4.341564178466797),(Vehicles2↦-4.328278265893459),(Vehicles3↦-4.337741360068321),(Vehicles4↦-4.361657351255417),(Vehicles5↦-4.324782155454159)}",
        "VehiclesVx": "{(EgoVehicle↦24.341564178466797),(Vehicles2↦-4.82472687959671),(Vehicles3↦-3.4390175342559814),(Vehicles4↦-3.366602063179016),(Vehicles5↦-4.7419193387031555)}",
        "VehiclesY": "{(EgoVehicle↦8.000000238418579),(Vehicles2↦-4.0000001192092896),(Vehicles3↦-8.000000238418579),(Vehicles4↦-1.3322676295501878E-15),(Vehicles5↦-4.0000001192092896)}",
        "VehiclesVy": "{(EgoVehicle↦0.0),(Vehicles2↦0.0),(Vehicles3↦0.0),(Vehicles4↦0.0),(Vehicles5↦0.0)}",
        "VehiclesX": "{(EgoVehicle↦200.0),(Vehicles2↦17.719969153404236),(Vehicles3↦19.92116868495941),(Vehicles4↦50.314152240753174),(Vehicles5↦69.59107518196106)}"
      },
      "probabilisticVariables": null,
      "activating": [
        "FASTER_31"
      ],
      "activatingOnlyWhenExecuted": true,
      "updating": null,
      "withPredicate": null
    },
    {
      "id": "FASTER_31",
      "execute": "FASTER",
      "after": "1000",
      "priority": 0,
      "additionalGuards": null,
      "activationKind": null,
      "fixedVariables": {
        "Crash": "FALSE",
        "VehiclesAy": "{(EgoVehicle↦0.0),(Vehicles2↦0.0),(Vehicles3↦0.0),(Vehicles4↦0.0),(Vehicles5↦0.0)}",
        "Reward": "0.9801294969714419",
        "VehiclesAx": "{(EgoVehicle↦4.913291931152344),(Vehicles2↦-4.899274408817291),(Vehicles3↦-4.909707307815552),(Vehicles4↦-4.932423830032349),(Vehicles5↦-4.895291030406952)}",
        "VehiclesVx": "{(EgoVehicle↦29.25485610961914),(Vehicles2↦-9.724001288414001),(Vehicles3↦-8.348724842071533),(Vehicles4↦-8.299025893211365),(Vehicles5↦-9.637210369110107)}",
        "VehiclesY": "{(EgoVehicle↦8.000000238418579),(Vehicles2↦-4.0000001192092896),(Vehicles3↦-8.000000238418579),(Vehicles4↦-1.3322676295501878E-15),(Vehicles5↦-4.0000001192092896)}",
        "VehiclesVy": "{(EgoVehicle↦0.0),(Vehicles2↦0.0),(Vehicles3↦0.0),(Vehicles4↦0.0),(Vehicles5↦0.0)}",
        "VehiclesX": "{(EgoVehicle↦200.0),(Vehicles2↦10.19032895565033),(Vehicles3↦13.77314180135727),(Vehicles4↦44.22936141490936),(Vehicles5↦62.14580535888672)}"
      },
      "probabilisticVariables": null,
      "activating": [
        "IDLE_32"
      ],
      "activatingOnlyWhenExecuted": true,
      "updating": null,
      "withPredicate": null
    },
    {
      "id": "IDLE_32",
      "execute": "IDLE",
      "after": "1000",
      "priority": 0,
      "additionalGuards": null,
      "activationKind": null,
      "fixedVariables": {
        "Crash": "FALSE",
        "VehiclesAy": "{(EgoVehicle↦0.0),(Vehicles2↦0.0),(Vehicles3↦0.0),(Vehicles4↦0.0),(Vehicles5↦0.0)}",
        "Reward": "0.9973833082431529",
        "VehiclesAx": "{(EgoVehicle↦0.6470179557800293),(Vehicles2↦-0.6322509050369263),(Vehicles3↦-0.6436598300933838),(Vehicles4↦-0.6651860475540161),(Vehicles5↦-0.62796950340271)}",
        "VehiclesVx": "{(EgoVehicle↦29.90187406539917),(Vehicles2↦-10.356252193450928),(Vehicles3↦-8.992384672164917),(Vehicles4↦-8.96421194076538),(Vehicles5↦-10.265179872512817)}",
        "VehiclesY": "{(EgoVehicle↦8.000000238418579),(Vehicles2↦-4.0000001192092896),(Vehicles3↦-8.000000238418579),(Vehicles4↦-1.3322676295501878E-15),(Vehicles5↦-4.0000001192092896)}",
        "VehiclesVy": "{(EgoVehicle↦0.0),(Vehicles2↦0.0),(Vehicles3↦0.0),(Vehicles4↦0.0),(Vehicles5↦0.0)}",
        "VehiclesX": "{(EgoVehicle↦200.0),(Vehicles2↦0.1152417273260653),(Vehicles3↦5.068845301866531),(Vehicles4↦35.56605577468872),(Vehicles5↦52.159202098846436)}"
      },
      "probabilisticVariables": null,
      "activating": [
        "SLOWER_33"
      ],
      "activatingOnlyWhenExecuted": true,
      "updating": null,
      "withPredicate": null
    },
    {
      "id": "SLOWER_33",
      "execute": "SLOWER",
      "after": "1000",
      "priority": 0,
      "additionalGuards": null,
      "activationKind": null,
      "fixedVariables": {
        "Crash": "FALSE",
        "VehiclesAy": "{(EgoVehicle↦0.0),(Vehicles2↦0.0),(Vehicles3↦0.0),(Vehicles4↦0.0),(Vehicles5↦0.0)}",
        "Reward": "0.8838803807837348",
        "VehiclesAx": "{(EgoVehicle↦-4.2563605308532715),(Vehicles2↦5.623368322849274),(Vehicles3↦2.908002734184265),(Vehicles4↦4.2391520738601685),(Vehicles5↦4.276297092437744)}",
        "VehiclesVx": "{(EgoVehicle↦25.6455135345459),(Vehicles2↦-4.732883870601654),(Vehicles3↦-6.084381937980652),(Vehicles4↦-4.725059866905212),(Vehicles5↦-5.988882780075073)}",
        "VehiclesY": "{(EgoVehicle↦8.000000238418579),(Vehicles2↦-8.000000238418579),(Vehicles3↦-4.0000001192092896),(Vehicles4↦-1.3322676295501878E-15),(Vehicles5↦-4.0000001192092896)}",
        "VehiclesVy": "{(EgoVehicle↦0.0),(Vehicles2↦0.0),(Vehicles3↦0.0),(Vehicles4↦0.0),(Vehicles5↦0.0)}",
        "VehiclesX": "{(EgoVehicle↦200.0),(Vehicles2↦-1.574208028614521),(Vehicles3↦-7.8868068754673),(Vehicles4↦28.94294261932373),(Vehicles5↦44.249990582466125)}"
      },
      "probabilisticVariables": null,
      "activating": [
        "SLOWER_34"
      ],
      "activatingOnlyWhenExecuted": true,
      "updating": null,
      "withPredicate": null
    },
    {
      "id": "SLOWER_34",
      "execute": "SLOWER",
      "after": "1000",
      "priority": 0,
      "additionalGuards": null,
      "activationKind": null,
      "fixedVariables": {
        "Crash": "FALSE",
        "VehiclesAy": "{(EgoVehicle↦0.0),(Vehicles2↦0.0),(Vehicles3↦0.0),(Vehicles4↦0.0),(Vehicles5↦0.0)}",
        "Reward": "0.7531584589235097",
        "VehiclesAx": "{(EgoVehicle↦-4.902071952819824),(Vehicles2↦4.905008003115654),(Vehicles3↦6.245139539241791),(Vehicles4↦3.6589305102825165),(Vehicles5↦6.2422701343894005)}",
        "VehiclesVx": "{(EgoVehicle↦20.743441581726074),(Vehicles2↦0.17212413251399994),(Vehicles3↦0.16075760126113892),(Vehicles4↦-1.066129356622696),(Vehicles5↦0.25338735431432724)}",
        "VehiclesY": "{(EgoVehicle↦8.000000238418579),(Vehicles2↦-8.000000238418579),(Vehicles3↦-1.3322676295501878E-15),(Vehicles4↦-4.0000001192092896),(Vehicles5↦-8.000000238418579)}",
        "VehiclesVy": "{(EgoVehicle↦0.0),(Vehicles2↦0.0),(Vehicles3↦0.0),(Vehicles4↦0.0),(Vehicles5↦0.0)}",
        "VehiclesX": "{(EgoVehicle↦200.0),(Vehicles2↦-3.6016304045915604),(Vehicles3↦26.915577054023743),(Vehicles4↦40.97359776496887),(Vehicles5↦77.85269618034363)}"
      },
      "probabilisticVariables": null,
      "activating": [
        "IDLE_35"
      ],
      "activatingOnlyWhenExecuted": true,
      "updating": null,
      "withPredicate": null
    },
    {
      "id": "IDLE_35",
      "execute": "IDLE",
      "after": "1000",
      "priority": 0,
      "additionalGuards": null,
      "activationKind": null,
      "fixedVariables": {
        "Crash": "FALSE",
        "VehiclesAy": "{(EgoVehicle↦0.0),(Vehicles2↦0.0),(Vehicles3↦0.0),(Vehicles4↦0.0),(Vehicles5↦0.0)}",
        "Reward": "0.7359440494604348",
        "VehiclesAx": "{(EgoVehicle↦-0.6455397605895996),(Vehicles2↦0.648282989859581),(Vehicles3↦0.630229040980339),(Vehicles4↦0.6668347492814064),(Vehicles5↦0.6437920406460762)}",
        "VehiclesVx": "{(EgoVehicle↦20.097901821136475),(Vehicles2↦0.8204071223735809),(Vehicles3↦0.790986642241478),(Vehicles4↦-0.3992946073412895),(Vehicles5↦0.8971793949604034)}",
        "VehiclesY": "{(EgoVehicle↦8.000000238418579),(Vehicles2↦-8.000000238418579),(Vehicles3↦-1.3322676295501878E-15),(Vehicles4↦-4.0000001192092896),(Vehicles5↦-8.000000238418579)}",
        "VehiclesVy": "{(EgoVehicle↦0.0),(Vehicles2↦0.0),(Vehicles3↦0.0),(Vehicles4↦0.0),(Vehicles5↦0.0)}",
        "VehiclesX": "{(EgoVehicle↦200.0),(Vehicles2↦-3.0722763389348984),(Vehicles3↦27.426251769065857),(Vehicles4↦40.27206003665924),(Vehicles5↦78.46150398254395)}"
      },
      "probabilisticVariables": null,
      "activating": [
        "IDLE_36"
      ],
      "activatingOnlyWhenExecuted": true,
      "updating": null,
      "withPredicate": null
    },
    {
      "id": "IDLE_36",
      "execute": "IDLE",
      "after": "1000",
      "priority": 0,
      "additionalGuards": null,
      "activationKind": null,
      "fixedVariables": {
        "Crash": "FALSE",
        "VehiclesAy": "{(EgoVehicle↦0.0),(Vehicles2↦0.0),(Vehicles3↦0.0),(Vehicles4↦0.0),(Vehicles5↦0.0)}",
        "Reward": "0.7336771313418405",
        "VehiclesAx": "{(EgoVehicle↦-0.08501052856445312),(Vehicles2↦0.08757069706916809),(Vehicles3↦0.0706278532743454),(Vehicles4↦0.10679833590984344),(Vehicles5↦0.08324623107910156)}",
        "VehiclesVx": "{(EgoVehicle↦20.01289129257202),(Vehicles2↦0.907977819442749),(Vehicles3↦0.8616144955158234),(Vehicles4↦-0.2924962714314461),(Vehicles5↦0.980425626039505)}",
        "VehiclesY": "{(EgoVehicle↦8.000000238418579),(Vehicles2↦-8.000000238418579),(Vehicles3↦-1.3322676295501878E-15),(Vehicles4↦-4.0000001192092896),(Vehicles5↦-8.000000238418579)}",
        "VehiclesVy": "{(EgoVehicle↦0.0),(Vehicles2↦0.0),(Vehicles3↦0.0),(Vehicles4↦0.0),(Vehicles5↦0.0)}",
        "VehiclesX": "{(EgoVehicle↦200.0),(Vehicles2↦-2.2039344534277916),(Vehicles3↦28.2583087682724),(Vehicles4↦39.92834389209747),(Vehicles5↦79.40487861633301)}"
      },
      "probabilisticVariables": null,
      "activating": [
        "IDLE_37"
      ],
      "activatingOnlyWhenExecuted": true,
      "updating": null,
      "withPredicate": null
    },
    {
      "id": "IDLE_37",
      "execute": "IDLE",
      "after": "1000",
      "priority": 0,
      "additionalGuards": null,
      "activationKind": null,
      "fixedVariables": {
        "Crash": "FALSE",
        "VehiclesAy": "{(EgoVehicle↦0.0),(Vehicles2↦0.0),(Vehicles3↦0.0),(Vehicles4↦0.0),(Vehicles5↦0.0)}",
        "Reward": "0.7333786071451532",
        "VehiclesAx": "{(EgoVehicle↦-0.01119375228881836),(Vehicles2↦0.013586953282356262),(Vehicles3↦-0.002273544669151306),(Vehicles4↦0.033371616154909134),(Vehicles5↦0.009448155760765076)}",
        "VehiclesVx": "{(EgoVehicle↦20.001697540283203),(Vehicles2↦0.9215647727251053),(Vehicles3↦0.8593409508466721),(Vehicles4↦-0.25912465527653694),(Vehicles5↦0.9898737818002701)}",
        "VehiclesY": "{(EgoVehicle↦8.000000238418579),(Vehicles2↦-8.000000238418579),(Vehicles3↦-1.3322676295501878E-15),(Vehicles4↦-4.0000001192092896),(Vehicles5↦-8.000000238418579)}",
        "VehiclesVy": "{(EgoVehicle↦0.0),(Vehicles2↦0.0),(Vehicles3↦0.0),(Vehicles4↦0.0),(Vehicles5↦0.0)}",
        "VehiclesX": "{(EgoVehicle↦200.0),(Vehicles2↦-1.2888111174106598),(Vehicles3↦29.120638966560364),(Vehicles4↦39.6508663892746),(Vehicles5↦80.39077520370483)}"
      },
      "probabilisticVariables": null,
      "activating": [
        "IDLE_38"
      ],
      "activatingOnlyWhenExecuted": true,
      "updating": null,
      "withPredicate": null
    },
    {
      "id": "IDLE_38",
      "execute": "IDLE",
      "after": "1000",
      "priority": 0,
      "additionalGuards": null,
      "activationKind": null,
      "fixedVariables": {
        "Crash": "FALSE",
        "VehiclesAy": "{(EgoVehicle↦0.0),(Vehicles2↦0.0),(Vehicles3↦0.0),(Vehicles4↦0.0),(Vehicles5↦0.0)}",
        "Reward": "0.7333392953167829",
        "VehiclesAx": "{(EgoVehicle↦-0.0014734268188476562),(Vehicles2↦0.003709942102432251),(Vehicles3↦-0.011099427938461304),(Vehicles4↦0.023944154381752014),(Vehicles5↦-0.00022687017917633057)}",
        "VehiclesVx": "{(EgoVehicle↦20.000224113464355),(Vehicles2↦0.9252747148275375),(Vehicles3↦0.8482415229082108),(Vehicles4↦-0.23518050089478493),(Vehicles5↦0.9896469116210938)}",
        "VehiclesY": "{(EgoVehicle↦8.000000238418579),(Vehicles2↦-8.000000238418579),(Vehicles3↦-1.3322676295501878E-15),(Vehicles4↦-4.0000001192092896),(Vehicles5↦-8.000000238418579)}",
        "VehiclesVy": "{(EgoVehicle↦0.0),(Vehicles2↦0.0),(Vehicles3↦0.0),(Vehicles4↦0.0),(Vehicles5↦0.0)}",
        "VehiclesX": "{(EgoVehicle↦200.0),(Vehicles2↦-0.36552674137055874),(Vehicles3↦29.97569441795349),(Vehicles4↦39.401522278785706),(Vehicles5↦81.38077855110168)}"
      },
      "probabilisticVariables": null,
      "activating": [
        "IDLE_39"
      ],
      "activatingOnlyWhenExecuted": true,
      "updating": null,
      "withPredicate": null
    },
    {
      "id": "IDLE_39",
      "execute": "IDLE",
      "after": "1000",
      "priority": 0,
      "additionalGuards": null,
      "activationKind": null,
      "fixedVariables": {
        "Crash": "FALSE",
        "VehiclesAy": "{(EgoVehicle↦0.0),(Vehicles2↦0.0),(Vehicles3↦0.0),(Vehicles4↦0.0),(Vehicles5↦0.0)}",
        "Reward": "0.7333341184504953",
        "VehiclesAx": "{(EgoVehicle↦-0.00019550323486328125),(Vehicles2↦0.0022857636213302612),(Vehicles3↦-0.011506006121635437),(Vehicles4↦0.022872500121593475),(Vehicles5↦-0.0014355778694152832)}",
        "VehiclesVx": "{(EgoVehicle↦20.000028610229492),(Vehicles2↦0.9275604784488678),(Vehicles3↦0.8367355167865753),(Vehicles4↦-0.21230800077319145),(Vehicles5↦0.9882113337516785)}",
        "VehiclesY": "{(EgoVehicle↦8.000000238418579),(Vehicles2↦-8.000000238418579),(Vehicles3↦-1.3322676295501878E-15),(Vehicles4↦-4.0000001192092896),(Vehicles5↦-8.000000238418579)}",
        "VehiclesVy": "{(EgoVehicle↦0.0),(Vehicles2↦0.0),(Vehicles3↦0.0),(Vehicles4↦0.0),(Vehicles5↦0.0)}",
        "VehiclesX": "{(EgoVehicle↦200.0),(Vehicles2↦0.5607027560472488),(Vehicles3↦30.81929385662079),(Vehicles4↦39.1755074262619),(Vehicles5↦82.36987590789795)}"
      },
      "probabilisticVariables": null,
      "activating": [
        "IDLE_40"
      ],
      "activatingOnlyWhenExecuted": true,
      "updating": null,
      "withPredicate": null
    },
    {
      "id": "IDLE_40",
      "execute": "IDLE",
      "after": "1000",
      "priority": 0,
      "additionalGuards": null,
      "activationKind": null,
      "fixedVariables": {
        "Crash": "FALSE",
        "VehiclesAy": "{(EgoVehicle↦0.0),(Vehicles2↦0.0),(Vehicles3↦0.0),(Vehicles4↦0.0),(Vehicles5↦0.0)}",
        "Reward": "0.7333334367232477",
        "VehiclesAx": "{(EgoVehicle↦-2.384185791015625E-05),(Vehicles2↦0.001985505223274231),(Vehicles3↦-0.010824128985404968),(Vehicles4↦0.02283744513988495),(Vehicles5↦-0.0015094876289367676)}",
        "VehiclesVx": "{(EgoVehicle↦20.000004768371582),(Vehicles2↦0.929545983672142),(Vehicles3↦0.8259113878011703),(Vehicles4↦-0.1894705556333065),(Vehicles5↦0.9867018461227417)}",
        "VehiclesY": "{(EgoVehicle↦8.000000238418579),(Vehicles2↦-8.000000238418579),(Vehicles3↦-1.3322676295501878E-15),(Vehicles4↦-4.0000001192092896),(Vehicles5↦-8.000000238418579)}",
        "VehiclesVy": "{(EgoVehicle↦0.0),(Vehicles2↦0.0),(Vehicles3↦0.0),(Vehicles4↦0.0),(Vehicles5↦0.0)}",
        "VehiclesX": "{(EgoVehicle↦200.0),(Vehicles2↦1.489071361720562),(Vehicles3↦31.651636958122253),(Vehicles4↦38.97233009338379),(Vehicles5↦83.35747718811035)}"
      },
      "probabilisticVariables": null,
      "activating": [
        "IDLE_41"
      ],
      "activatingOnlyWhenExecuted": true,
      "updating": null,
      "withPredicate": null
    },
    {
      "id": "IDLE_41",
      "execute": "IDLE",
      "after": "1000",
      "priority": 0,
      "additionalGuards": null,
      "activationKind": null,
      "fixedVariables": {
        "Crash": "FALSE",
        "VehiclesAy": "{(EgoVehicle↦0.0),(Vehicles2↦0.0),(Vehicles3↦0.0),(Vehicles4↦0.0),(Vehicles5↦0.0)}",
        "Reward": "0.7333333469484661",
        "VehiclesAx": "{(EgoVehicle↦-4.76837158203125E-06),(Vehicles2↦0.0018439441919326782),(Vehicles3↦-0.010020583868026733),(Vehicles4↦0.022882632911205292),(Vehicles5↦-0.001416131854057312)}",
        "VehiclesVx": "{(EgoVehicle↦20.0),(Vehicles2↦0.9313899278640747),(Vehicles3↦0.8158908039331436),(Vehicles4↦-0.1665879227221012),(Vehicles5↦0.9852857142686844)}",
        "VehiclesY": "{(EgoVehicle↦8.000000238418579),(Vehicles2↦-8.000000238418579),(Vehicles3↦-1.3322676295501878E-15),(Vehicles4↦-4.0000001192092896),(Vehicles5↦-8.000000238418579)}",
        "VehiclesVy": "{(EgoVehicle↦0.0),(Vehicles2↦0.0),(Vehicles3↦0.0),(Vehicles4↦0.0),(Vehicles5↦0.0)}",
        "VehiclesX": "{(EgoVehicle↦200.0),(Vehicles2↦2.4193644523620605),(Vehicles3↦32.473474740982056),(Vehicles4↦38.7920081615448),(Vehicles5↦84.34360027313232)}"
      },
      "probabilisticVariables": null,
      "activating": [
        "IDLE_42"
      ],
      "activatingOnlyWhenExecuted": true,
      "updating": null,
      "withPredicate": null
    },
    {
      "id": "IDLE_42",
      "execute": "IDLE",
      "after": "1000",
      "priority": 0,
      "additionalGuards": null,
      "activationKind": null,
      "fixedVariables": {
        "Crash": "FALSE",
        "VehiclesAy": "{(EgoVehicle↦0.0),(Vehicles2↦0.0),(Vehicles3↦0.0),(Vehicles4↦0.0),(Vehicles5↦0.0)}",
        "Reward": "0.7333333351262726",
        "VehiclesAx": "{(EgoVehicle↦0.0),(Vehicles2↦0.0017338991165161133),(Vehicles3↦-0.00922366976737976),(Vehicles4↦0.02288905903697014),(Vehicles5↦-0.0012849271297454834)}",
        "VehiclesVx": "{(EgoVehicle↦20.0),(Vehicles2↦0.9331238269805908),(Vehicles3↦0.8066671341657639),(Vehicles4↦-0.14369886368513107),(Vehicles5↦0.9840007871389389)}",
        "VehiclesY": "{(EgoVehicle↦8.000000238418579),(Vehicles2↦-8.000000238418579),(Vehicles3↦-1.3322676295501878E-15),(Vehicles4↦-4.0000001192092896),(Vehicles5↦-8.000000238418579)}",
        "VehiclesVy": "{(EgoVehicle↦0.0),(Vehicles2↦0.0),(Vehicles3↦0.0),(Vehicles4↦0.0),(Vehicles5↦0.0)}",
        "VehiclesX": "{(EgoVehicle↦200.0),(Vehicles2↦3.3514562994241714),(Vehicles3↦33.2856148481369),(Vehicles4↦38.6345773935318),(Vehicles5↦85.32836437225342)}"
      },
      "probabilisticVariables": null,
      "activating": [
        "IDLE_43"
      ],
      "activatingOnlyWhenExecuted": true,
      "updating": null,
      "withPredicate": null
    },
    {
      "id": "IDLE_43",
      "execute": "IDLE",
      "after": "1000",
      "priority": 0,
      "additionalGuards": null,
      "activationKind": null,
      "fixedVariables": {
        "Crash": "FALSE",
        "VehiclesAy": "{(EgoVehicle↦0.0),(Vehicles2↦0.0),(Vehicles3↦0.0),(Vehicles4↦0.0),(Vehicles5↦0.0)}",
        "Reward": "0.7333333335694405",
        "VehiclesAx": "{(EgoVehicle↦0.0),(Vehicles2↦0.0016382336616516113),(Vehicles3↦-0.008451417088508606),(Vehicles4↦0.022847214713692665),(Vehicles5↦-0.0011349469423294067)}",
        "VehiclesVx": "{(EgoVehicle↦20.0),(Vehicles2↦0.9347620606422424),(Vehicles3↦0.7982157170772552),(Vehicles4↦-0.12085164897143841),(Vehicles5↦0.9828658401966095)}",
        "VehiclesY": "{(EgoVehicle↦8.000000238418579),(Vehicles2↦-8.000000238418579),(Vehicles3↦-1.3322676295501878E-15),(Vehicles4↦-4.0000001192092896),(Vehicles5↦-8.000000238418579)}",
        "VehiclesVy": "{(EgoVehicle↦0.0),(Vehicles2↦0.0),(Vehicles3↦0.0),(Vehicles4↦0.0),(Vehicles5↦0.0)}",
        "VehiclesX": "{(EgoVehicle↦200.0),(Vehicles2↦4.285242408514023),(Vehicles3↦34.08883810043335),(Vehicles4↦38.500022888183594),(Vehicles5↦86.31189465522766)}"
      },
      "probabilisticVariables": null,
      "activating": [
        "IDLE_44"
      ],
      "activatingOnlyWhenExecuted": true,
      "updating": null,
      "withPredicate": null
    },
    {
      "id": "IDLE_44",
      "execute": "IDLE",
      "after": "1000",
      "priority": 0,
      "additionalGuards": null,
      "activationKind": null,
      "fixedVariables": {
        "Crash": "FALSE",
        "VehiclesAy": "{(EgoVehicle↦0.0),(Vehicles2↦0.0),(Vehicles3↦0.0),(Vehicles4↦0.0),(Vehicles5↦0.0)}",
        "Reward": "0.7333333333644257",
        "VehiclesAx": "{(EgoVehicle↦0.0),(Vehicles2↦0.0015547871589660645),(Vehicles3↦-0.007706731557846069),(Vehicles4↦0.02276148647069931),(Vehicles5↦-0.0009703636169433594)}",
        "VehiclesVx": "{(EgoVehicle↦20.0),(Vehicles2↦0.9363168478012085),(Vehicles3↦0.7905089855194092),(Vehicles4↦-0.0980901625007391),(Vehicles5↦0.9818954765796661)}",
        "VehiclesY": "{(EgoVehicle↦8.000000238418579),(Vehicles2↦-8.000000238418579),(Vehicles3↦-1.3322676295501878E-15),(Vehicles4↦-4.0000001192092896),(Vehicles5↦-8.000000238418579)}",
        "VehiclesVy": "{(EgoVehicle↦0.0),(Vehicles2↦0.0),(Vehicles3↦0.0),(Vehicles4↦0.0),(Vehicles5↦0.0)}",
        "VehiclesX": "{(EgoVehicle↦200.0),(Vehicles2↦5.220632627606392),(Vehicles3↦34.883913397789),(Vehicles4↦38.38828504085541),(Vehicles5↦87.2943639755249)}"
      },
      "probabilisticVariables": null,
      "activating": [
        "IDLE_45"
      ],
      "activatingOnlyWhenExecuted": true,
      "updating": null,
      "withPredicate": null
    },
    {
      "id": "IDLE_45",
      "execute": "IDLE",
      "after": "1000",
      "priority": 0,
      "additionalGuards": null,
      "activationKind": null,
      "fixedVariables": {
        "Crash": "FALSE",
        "VehiclesAy": "{(EgoVehicle↦0.0),(Vehicles2↦0.0),(Vehicles3↦0.0),(Vehicles4↦0.0),(Vehicles5↦0.0)}",
        "Reward": "0.7333333333374278",
        "VehiclesAx": "{(EgoVehicle↦0.0),(Vehicles2↦0.0014826655387878418),(Vehicles3↦-0.006990507245063782),(Vehicles4↦0.02263746690005064),(Vehicles5↦-0.0007936358451843262)}",
        "VehiclesVx": "{(EgoVehicle↦20.0),(Vehicles2↦0.9377995133399963),(Vehicles3↦0.7835184782743454),(Vehicles4↦-0.07545269560068846),(Vehicles5↦0.9811018407344818)}",
        "VehiclesY": "{(EgoVehicle↦8.000000238418579),(Vehicles2↦-8.000000238418579),(Vehicles3↦-1.3322676295501878E-15),(Vehicles4↦-4.0000001192092896),(Vehicles5↦-8.000000238418579)}",
        "VehiclesVy": "{(EgoVehicle↦0.0),(Vehicles2↦0.0),(Vehicles3↦0.0),(Vehicles4↦0.0),(Vehicles5↦0.0)}",
        "VehiclesX": "{(EgoVehicle↦200.0),(Vehicles2↦6.157547980546951),(Vehicles3↦35.671570897102356),(Vehicles4↦38.29926252365112),(Vehicles5↦88.27592730522156)}"
      },
      "probabilisticVariables": null,
      "activating": [
        "IDLE_46"
      ],
      "activatingOnlyWhenExecuted": true,
      "updating": null,
      "withPredicate": null
    },
    {
      "id": "IDLE_46",
      "execute": "IDLE",
      "after": "1000",
      "priority": 0,
      "additionalGuards": null,
      "activationKind": null,
      "fixedVariables": {
        "Crash": "FALSE",
        "VehiclesAy": "{(EgoVehicle↦0.0),(Vehicles2↦0.0),(Vehicles3↦0.0),(Vehicles4↦0.0),(Vehicles5↦0.0)}",
        "Reward": "0.7333333333338725",
        "VehiclesAx": "{(EgoVehicle↦0.0),(Vehicles2↦0.0014217197895050049),(Vehicles3↦-0.00630304217338562),(Vehicles4↦0.022480417974293232),(Vehicles5↦-0.0006066262722015381)}",
        "VehiclesVx": "{(EgoVehicle↦20.0),(Vehicles2↦0.9392212331295013),(Vehicles3↦0.7772154361009598),(Vehicles4↦-0.052972277626395226),(Vehicles5↦0.9804952144622803)}",
        "VehiclesY": "{(EgoVehicle↦8.000000238418579),(Vehicles2↦-8.000000238418579),(Vehicles3↦-1.3322676295501878E-15),(Vehicles4↦-4.0000001192092896),(Vehicles5↦-8.000000238418579)}",
        "VehiclesVy": "{(EgoVehicle↦0.0),(Vehicles2↦0.0),(Vehicles3↦0.0),(Vehicles4↦0.0),(Vehicles5↦0.0)}",
        "VehiclesX": "{(EgoVehicle↦200.0),(Vehicles2↦7.095920294523239),(Vehicles3↦36.45251393318176),(Vehicles4↦38.23281526565552),(Vehicles5↦89.25676941871643)}"
      },
      "probabilisticVariables": null,
      "activating": [
        "IDLE_47"
      ],
      "activatingOnlyWhenExecuted": true,
      "updating": null,
      "withPredicate": null
    },
    {
      "id": "IDLE_47",
      "execute": "IDLE",
      "after": "1000",
      "priority": 0,
      "additionalGuards": null,
      "activationKind": null,
      "fixedVariables": {
        "Crash": "FALSE",
        "VehiclesAy": "{(EgoVehicle↦0.0),(Vehicles2↦0.0),(Vehicles3↦0.0),(Vehicles4↦0.0),(Vehicles5↦0.0)}",
        "Reward": "0.7333333333334043",
        "VehiclesAx": "{(EgoVehicle↦0.0),(Vehicles2↦0.0013715028762817383),(Vehicles3↦-0.005644708871841431),(Vehicles4↦0.02229503123089671),(Vehicles5↦-0.0004108250141143799)}",
        "VehiclesVx": "{(EgoVehicle↦20.0),(Vehicles2↦0.9405927360057831),(Vehicles3↦0.7715707272291183),(Vehicles4↦-0.030677246395498514),(Vehicles5↦0.9800843894481659)}",
        "VehiclesY": "{(EgoVehicle↦8.000000238418579),(Vehicles2↦-8.000000238418579),(Vehicles3↦-1.3322676295501878E-15),(Vehicles4↦-4.0000001192092896),(Vehicles5↦-8.000000238418579)}",
        "VehiclesVy": "{(EgoVehicle↦0.0),(Vehicles2↦0.0),(Vehicles3↦0.0),(Vehicles4↦0.0),(Vehicles5↦0.0)}",
        "VehiclesX": "{(EgoVehicle↦200.0),(Vehicles2↦8.035694062709808),(Vehicles3↦37.22741901874542),(Vehicles4↦38.18877637386322),(Vehicles5↦90.2370810508728)}"
      },
      "probabilisticVariables": null,
      "activating": [
        "IDLE_48"
      ],
      "activatingOnlyWhenExecuted": true,
      "updating": null,
      "withPredicate": null
    },
    {
      "id": "IDLE_48",
      "execute": "IDLE",
      "after": "1000",
      "priority": 0,
      "additionalGuards": null,
      "activationKind": null,
      "fixedVariables": {
        "Crash": "FALSE",
        "VehiclesAy": "{(EgoVehicle↦0.0),(Vehicles2↦0.0),(Vehicles3↦0.0),(Vehicles4↦0.0),(Vehicles5↦0.0)}",
        "Reward": "0.7333333333333427",
        "VehiclesAx": "{(EgoVehicle↦0.0),(Vehicles2↦0.0013316422700881958),(Vehicles3↦-0.005015358328819275),(Vehicles4↦0.02208552206866443),(Vehicles5↦-0.00020831823348999023)}",
        "VehiclesVx": "{(EgoVehicle↦20.0),(Vehicles2↦0.9419243782758713),(Vehicles3↦0.7665553689002991),(Vehicles4↦-0.008591724326834083),(Vehicles5↦0.9798760712146759)}",
        "VehiclesY": "{(EgoVehicle↦8.000000238418579),(Vehicles2↦-8.000000238418579),(Vehicles3↦-1.3322676295501878E-15),(Vehicles4↦-4.0000001192092896),(Vehicles5↦-8.000000238418579)}",
        "VehiclesVy": "{(EgoVehicle↦0.0),(Vehicles2↦0.0),(Vehicles3↦0.0),(Vehicles4↦0.0),(Vehicles5↦0.0)}",
        "VehiclesX": "{(EgoVehicle↦200.0),(Vehicles2↦8.976822346448898),(Vehicles3↦37.99693584442139),(Vehicles4↦38.16695213317871),(Vehicles5↦91.21707081794739)}"
      },
      "probabilisticVariables": null,
      "activating": [
        "IDLE_49"
      ],
      "activatingOnlyWhenExecuted": true,
      "updating": null,
      "withPredicate": null
    },
    {
      "id": "IDLE_49",
      "execute": "IDLE",
      "after": "1000",
      "priority": 0,
      "additionalGuards": null,
      "activationKind": null,
      "fixedVariables": {
        "Crash": "FALSE",
        "VehiclesAy": "{(EgoVehicle↦0.0),(Vehicles2↦0.0),(Vehicles3↦0.0),(Vehicles4↦0.0),(Vehicles5↦0.0)}",
        "Reward": "0.7333333333333346",
        "VehiclesAx": "{(EgoVehicle↦0.0),(Vehicles2↦0.0013017654418945312),(Vehicles3↦-0.7532914774492383),(Vehicles4↦0.7707322516944259),(Vehicles5↦-2.980232238769531E-07)}",
        "VehiclesVx": "{(EgoVehicle↦20.0),(Vehicles2↦0.9432261437177658),(Vehicles3↦0.013263891451060772),(Vehicles4↦0.7621405273675919),(Vehicles5↦0.979875773191452)}",
        "VehiclesY": "{(EgoVehicle↦8.000000238418579),(Vehicles2↦-8.000000238418579),(Vehicles3↦-4.0000001192092896),(Vehicles4↦-1.3322676295501878E-15),(Vehicles5↦-8.000000238418579)}",
        "VehiclesVy": "{(EgoVehicle↦0.0),(Vehicles2↦0.0),(Vehicles3↦0.0),(Vehicles4↦0.0),(Vehicles5↦0.0)}",
        "VehiclesX": "{(EgoVehicle↦200.0),(Vehicles2↦9.919269382953644),(Vehicles3↦38.16712200641632),(Vehicles4↦38.76167833805084),(Vehicles5↦92.19692945480347)}"
      },
      "probabilisticVariables": null,
      "activating": [
        "IDLE_50"
      ],
      "activatingOnlyWhenExecuted": true,
      "updating": null,
      "withPredicate": null
    },
    {
      "id": "IDLE_50",
      "execute": "IDLE",
      "after": "1000",
      "priority": 0,
      "additionalGuards": null,
      "activationKind": null,
      "fixedVariables": {
        "Crash": "FALSE",
        "VehiclesAy": "{(EgoVehicle↦0.0),(Vehicles2↦0.0),(Vehicles3↦0.0),(Vehicles4↦0.0),(Vehicles5↦0.0)}",
        "Reward": "0.7333333333333335",
        "VehiclesAx": "{(EgoVehicle↦0.0),(Vehicles2↦0.0012812763452529907),(Vehicles3↦0.02160862786695361),(Vehicles4↦-0.003842860460281372),(Vehicles5↦0.00021182000637054443)}",
        "VehiclesVx": "{(EgoVehicle↦20.0),(Vehicles2↦0.9445074200630188),(Vehicles3↦0.03487251931801438),(Vehicles4↦0.7582976669073105),(Vehicles5↦0.9800875931978226)}",
        "VehiclesY": "{(EgoVehicle↦8.000000238418579),(Vehicles2↦-8.000000238418579),(Vehicles3↦-4.0000001192092896),(Vehicles4↦-1.3322676295501878E-15),(Vehicles5↦-8.000000238418579)}",
        "VehiclesVy": "{(EgoVehicle↦0.0),(Vehicles2↦0.0),(Vehicles3↦0.0),(Vehicles4↦0.0),(Vehicles5↦0.0)}",
        "VehiclesX": "{(EgoVehicle↦200.0),(Vehicles2↦10.863009095191956),(Vehicles3↦38.18904757499695),(Vehicles4↦39.522236585617065),(Vehicles5↦93.17687153816223)}"
      },
      "probabilisticVariables": null,
      "activating": [
        "LANE_LEFT_51"
      ],
      "activatingOnlyWhenExecuted": true,
      "updating": null,
      "withPredicate": null
    },
    {
      "id": "LANE_LEFT_51",
      "execute": "LANE_LEFT",
      "after": "1000",
      "priority": 0,
      "additionalGuards": null,
      "activationKind": null,
      "fixedVariables": {
        "Crash": "FALSE",
        "VehiclesAy": "{(EgoVehicle↦-1.1458635330200195),(Vehicles2↦1.1458635330200195),(Vehicles3↦1.1458635330200195),(Vehicles4↦1.1458635330200195),(Vehicles5↦1.1458635330200195)}",
        "Reward": "0.7000000000000001",
        "VehiclesAx": "{(EgoVehicle↦-0.0328516960144043),(Vehicles2↦0.03412202000617981),(Vehicles3↦0.05419954424723983),(Vehicles4↦0.02955324947834015),(Vehicles5↦0.03327853977680206)}",
        "VehiclesVx": "{(EgoVehicle↦19.967148303985596),(Vehicles2↦0.9786294400691986),(Vehicles3↦0.08907206356525421),(Vehicles4↦0.7878509163856506),(Vehicles5↦1.0133661329746246)}",
        "VehiclesY": "{(EgoVehicle↦4.396300435066223),(Vehicles2↦-4.396300435066223),(Vehicles3↦-0.39630044996738434),(Vehicles4↦3.6036994457244873),(Vehicles5↦-4.396300435066223)}",
        "VehiclesVy": "{(EgoVehicle↦-1.1458635330200195),(Vehicles2↦1.1458635330200195),(Vehicles3↦1.1458635330200195),(Vehicles4↦1.1458635330200195),(Vehicles5↦1.1458635330200195)}",
        "VehiclesX": "{(EgoVehicle↦200.0),(Vehicles2↦12.194618582725525),(Vehicles3↦38.61907422542572),(Vehicles4↦40.66576659679413),(Vehicles5↦94.54370737075806)}"
      },
      "probabilisticVariables": null,
      "activating": [
        "IDLE_52"
      ],
      "activatingOnlyWhenExecuted": true,
      "updating": null,
      "withPredicate": null
    },
    {
      "id": "IDLE_52",
      "execute": "IDLE",
      "after": "1000",
      "priority": 0,
      "additionalGuards": null,
      "activationKind": null,
      "fixedVariables": {
        "Crash": "FALSE",
        "VehiclesAy": "{(EgoVehicle↦1.074060839600861),(Vehicles2↦-1.074060839600861),(Vehicles3↦-1.074060839600861),(Vehicles4↦-1.074060839600861),(Vehicles5↦1.217666226439178)}",
        "Reward": "0.7000000000000001",
        "VehiclesAx": "{(EgoVehicle↦0.03272294998168945),(Vehicles2↦-0.03145590424537659),(Vehicles3↦-0.011648405343294144),(Vehicles4↦-0.035505667328834534),(Vehicles5↦-0.03208041191101074)}",
        "VehiclesVx": "{(EgoVehicle↦19.999871253967285),(Vehicles2↦0.947173535823822),(Vehicles3↦0.07742365822196007),(Vehicles4↦0.7523452490568161),(Vehicles5↦0.9812857210636139)}",
        "VehiclesY": "{(EgoVehicle↦4.024722576141357),(Vehicles2↦-4.024722576141357),(Vehicles3↦-0.02472245693206787),(Vehicles4↦3.9752776622772217),(Vehicles5↦-4.024722576141357)}",
        "VehiclesVy": "{(EgoVehicle↦-0.07180269341915846),(Vehicles2↦0.07180269341915846),(Vehicles3↦0.07180269341915846),(Vehicles4↦0.07180269341915846),(Vehicles5↦0.07180269341915846)}",
        "VehiclesX": "{(EgoVehicle↦200.0),(Vehicles2↦13.146188855171204),(Vehicles3↦38.689032196998596),(Vehicles4↦41.42489731311798),(Vehicles5↦95.52974700927734)}"
      },
      "probabilisticVariables": null,
      "activating": [
        "IDLE_53"
      ],
      "activatingOnlyWhenExecuted": true,
      "updating": null,
      "withPredicate": null
    },
    {
      "id": "IDLE_53",
      "execute": "IDLE",
      "after": "1000",
      "priority": 0,
      "additionalGuards": null,
      "activationKind": null,
      "fixedVariables": {
        "Crash": "FALSE",
        "VehiclesAy": "{(EgoVehicle↦0.06733491318300366),(Vehicles2↦-0.06733491318300366),(Vehicles3↦-0.06733491318300366),(Vehicles4↦-0.06733491318300366),(Vehicles5↦0.07627047365531325)}",
        "Reward": "0.7000000000000001",
        "VehiclesAx": "{(EgoVehicle↦0.00012874603271484375),(Vehicles2↦0.0011442601680755615),(Vehicles3↦0.020664362236857414),(Vehicles4↦-0.0024212896823883057),(Vehicles5↦0.0007309764623641968)}",
        "VehiclesVx": "{(EgoVehicle↦20.0),(Vehicles2↦0.9483177959918976),(Vehicles3↦0.09808802045881748),(Vehicles4↦0.7499239593744278),(Vehicles5↦0.9820166975259781)}",
        "VehiclesY": "{(EgoVehicle↦4.001538276672363),(Vehicles2↦-4.001538276672363),(Vehicles3↦-0.001538257347419858),(Vehicles4↦3.998461604118347),(Vehicles5↦-4.001538276672363)}",
        "VehiclesVy": "{(EgoVehicle↦-0.004467780236154795),(Vehicles2↦0.004467780236154795),(Vehicles3↦0.004467780236154795),(Vehicles4↦0.004467780236154795),(Vehicles5↦0.004467780236154795)}",
        "VehiclesX": "{(EgoVehicle↦200.0),(Vehicles2↦14.093761146068573),(Vehicles3↦38.77468705177307),(Vehicles4↦42.176178097724915),(Vehicles5↦96.51125073432922)}"
      },
      "probabilisticVariables": null,
      "activating": [
        "IDLE_54"
      ],
      "activatingOnlyWhenExecuted": true,
      "updating": null,
      "withPredicate": null
    },
    {
      "id": "IDLE_54",
      "execute": "IDLE",
      "after": "1000",
      "priority": 0,
      "additionalGuards": null,
      "activationKind": null,
      "fixedVariables": {
        "Crash": "FALSE",
        "VehiclesAy": "{(EgoVehicle↦0.0041897953997249715),(Vehicles2↦-0.0041897953997249715),(Vehicles3↦-0.0041897953997249715),(Vehicles4↦-0.0041897953997249715),(Vehicles5↦0.004745765072584618)}",
        "Reward": "0.7000000000000001",
        "VehiclesAx": "{(EgoVehicle↦0.0),(Vehicles2↦0.0012852996587753296),(Vehicles3↦0.020502964034676552),(Vehicles4↦-0.0018300116062164307),(Vehicles5↦0.00107496976852417)}",
        "VehiclesVx": "{(EgoVehicle↦20.0),(Vehicles2↦0.9496030956506729),(Vehicles3↦0.11859098449349403),(Vehicles4↦0.7480939477682114),(Vehicles5↦0.9830916672945023)}",
        "VehiclesY": "{(EgoVehicle↦4.00009560585022),(Vehicles2↦-4.00009560585022),(Vehicles3↦-9.571019108989276E-05),(Vehicles4↦3.9999042749404907),(Vehicles5↦-4.00009560585022)}",
        "VehiclesVy": "{(EgoVehicle↦-0.0002779848364298232),(Vehicles2↦0.0002779848364298232),(Vehicles3↦0.0002779848364298232),(Vehicles4↦0.0002779848364298232),(Vehicles5↦0.0002779848364298232)}",
        "VehiclesX": "{(EgoVehicle↦200.0),(Vehicles2↦15.042592585086823),(Vehicles3↦38.8810008764267),(Vehicles4↦42.925333976745605),(Vehicles5↦97.49367833137512)}"
      },
      "probabilisticVariables": null,
      "activating": [
        "IDLE_55"
      ],
      "activatingOnlyWhenExecuted": true,
      "updating": null,
      "withPredicate": null
    },
    {
      "id": "IDLE_55",
      "execute": "IDLE",
      "after": "1000",
      "priority": 0,
      "additionalGuards": null,
      "activationKind": null,
      "fixedVariables": {
        "Crash": "FALSE",
        "VehiclesAy": "{(EgoVehicle↦0.0002606886528155883),(Vehicles2↦-0.0002606886528155883),(Vehicles3↦-0.0002606886528155883),(Vehicles4↦-0.0002606886528155883),(Vehicles5↦0.0002952810200440581)}",
        "Reward": "0.7000000000000001",
        "VehiclesAx": "{(EgoVehicle↦0.0),(Vehicles2↦0.001306086778640747),(Vehicles3↦0.02020861953496933),(Vehicles4↦-0.0013915449380874634),(Vehicles5↦0.0012900680303573608)}",
        "VehiclesVx": "{(EgoVehicle↦20.0),(Vehicles2↦0.9509091824293137),(Vehicles3↦0.13879960402846336),(Vehicles4↦0.7467024028301239),(Vehicles5↦0.9843817353248596)}",
        "VehiclesY": "{(EgoVehicle↦4.000005841255188),(Vehicles2↦-4.000005841255188),(Vehicles3↦-5.955076858299435E-06),(Vehicles4↦3.9999940395355225),(Vehicles5↦-4.000005841255188)}",
        "VehiclesVy": "{(EgoVehicle↦-1.7296183614234906E-05),(Vehicles2↦1.7296183614234906E-05),(Vehicles3↦1.7296183614234906E-05),(Vehicles4↦1.7296183614234906E-05),(Vehicles5↦1.7296183614234906E-05)}",
        "VehiclesX": "{(EgoVehicle↦200.0),(Vehicles2↦15.992715954780579),(Vehicles3↦39.007699489593506),(Vehicles4↦43.67283880710602),(Vehicles5↦98.47726821899414)}"
      },
      "probabilisticVariables": null,
      "activating": [
        "SLOWER_56"
      ],
      "activatingOnlyWhenExecuted": true,
      "updating": null,
      "withPredicate": null
    },
    {
      "id": "SLOWER_56",
      "execute": "SLOWER",
      "after": "1000",
      "priority": 0,
      "additionalGuards": null,
      "activationKind": null,
      "fixedVariables": {
        "Crash": "FALSE",
        "VehiclesAy": "{(EgoVehicle↦1.6220017187151825E-05),(Vehicles2↦-1.6220017187151825E-05),(Vehicles3↦-1.6220017187151825E-05),(Vehicles4↦-1.6220017187151825E-05),(Vehicles5↦1.8372350041317986E-05)}",
        "Reward": "0.7000000000000001",
        "VehiclesAx": "{(EgoVehicle↦0.0),(Vehicles2↦0.0013331323862075806),(Vehicles3↦0.019909795373678207),(Vehicles4↦-0.0009781867265701294),(Vehicles5↦0.0015022605657577515)}",
        "VehiclesVx": "{(EgoVehicle↦20.0),(Vehicles2↦0.9522423148155212),(Vehicles3↦0.15870939940214157),(Vehicles4↦0.7457242161035538),(Vehicles5↦0.9858839958906174)}",
        "VehiclesY": "{(EgoVehicle↦4.000000476837158),(Vehicles2↦-4.000000476837158),(Vehicles3↦-3.705241340412613E-07),(Vehicles4↦3.999999761581421),(Vehicles5↦-4.000000476837158)}",
        "VehiclesVy": "{(EgoVehicle↦-1.0761664270830806E-06),(Vehicles2↦1.0761664270830806E-06),(Vehicles3↦1.0761664270830806E-06),(Vehicles4↦1.0761664270830806E-06),(Vehicles5↦1.0761664270830806E-06)}",
        "VehiclesX": "{(EgoVehicle↦200.0),(Vehicles2↦16.94415509700775),(Vehicles3↦39.15448486804962),(Vehicles4↦44.41911578178406),(Vehicles5↦99.46223497390747)}"
      },
      "probabilisticVariables": null,
      "activating": [
        "IDLE_57"
      ],
      "activatingOnlyWhenExecuted": true,
      "updating": null,
      "withPredicate": null
    },
    {
      "id": "IDLE_57",
      "execute": "IDLE",
      "after": "1000",
      "priority": 0,
      "additionalGuards": null,
      "activationKind": null,
      "fixedVariables": {
        "Crash": "FALSE",
        "VehiclesAy": "{(EgoVehicle↦1.0092074820278185E-06),(Vehicles2↦-1.0092074731460343E-06),(Vehicles3↦-1.0092074731460343E-06),(Vehicles4↦-1.0092074731460343E-06),(Vehicles5↦1.143125381020127E-06)}",
        "Reward": "0.7000000000000001",
        "VehiclesAx": "{(EgoVehicle↦0.0),(Vehicles2↦0.0013665109872817993),(Vehicles3↦0.019608289003372192),(Vehicles4↦-0.0005884468555450439),(Vehicles5↦0.0017114728689193726)}",
        "VehiclesVx": "{(EgoVehicle↦20.0),(Vehicles2↦0.953608825802803),(Vehicles3↦0.17831768840551376),(Vehicles4↦0.7451357692480087),(Vehicles5↦0.9875954687595367)}",
        "VehiclesY": "{(EgoVehicle↦4.0000001192092896),(Vehicles2↦-4.0000001192092896),(Vehicles3↦-2.3053964071095834E-08),(Vehicles4↦4.0000001192092896),(Vehicles5↦-4.0000001192092896)}",
        "VehiclesVy": "{(EgoVehicle↦-6.695894505526212E-08),(Vehicles2↦6.695895393704632E-08),(Vehicles3↦6.695895393704632E-08),(Vehicles4↦6.695895393704632E-08),(Vehicles5↦6.695895393704632E-08)}",
        "VehiclesX": "{(EgoVehicle↦200.0),(Vehicles2↦17.896941304206848),(Vehicles3↦39.321061968803406),(Vehicles4↦45.164576172828674),(Vehicles5↦100.44878721237183)}"
      },
      "probabilisticVariables": null,
      "activating": [
        "IDLE_58"
      ],
      "activatingOnlyWhenExecuted": true,
      "updating": null,
      "withPredicate": null
    },
    {
      "id": "IDLE_58",
      "execute": "IDLE",
      "after": "1000",
      "priority": 0,
      "additionalGuards": null,
      "activationKind": null,
      "fixedVariables": {
        "Crash": "FALSE",
        "VehiclesAy": "{(EgoVehicle↦6.279276654197474E-08),(Vehicles2↦-6.279277542375894E-08),(Vehicles3↦-6.279277542375894E-08),(Vehicles4↦-6.279277542375894E-08),(Vehicles5↦7.11251324503337E-08)}",
        "Reward": "0.7000000000000001",
        "VehiclesAx": "{(EgoVehicle↦0.0),(Vehicles2↦0.0014057010412216187),(Vehicles3↦0.019305311143398285),(Vehicles4↦-0.0002216547727584839),(Vehicles5↦0.001917034387588501)}",
        "VehiclesVx": "{(EgoVehicle↦20.0),(Vehicles2↦0.9550145268440247),(Vehicles3↦0.19762299954891205),(Vehicles4↦0.7449141144752502),(Vehicles5↦0.9895125031471252)}",
        "VehiclesY": "{(EgoVehicle↦4.0000001192092896),(Vehicles2↦-4.0000001192092896),(Vehicles3↦-1.4344152532430599E-09),(Vehicles4↦4.0000001192092896),(Vehicles5↦-4.0000001192092896)}",
        "VehiclesVy": "{(EgoVehicle↦-4.1661785132873774E-09),(Vehicles2↦4.1661785132873774E-09),(Vehicles3↦4.1661785132873774E-09),(Vehicles4↦4.1661785132873774E-09),(Vehicles5↦4.1661785132873774E-09)}",
        "VehiclesX": "{(EgoVehicle↦200.0),(Vehicles2↦18.851108849048615),(Vehicles3↦39.507126808166504),(Vehicles4↦45.909592509269714),(Vehicles5↦101.43712759017944)}"
      },
      "probabilisticVariables": null,
      "activating": [
        "IDLE_59"
      ],
      "activatingOnlyWhenExecuted": true,
      "updating": null,
      "withPredicate": null
    },
    {
      "id": "IDLE_59",
      "execute": "IDLE",
      "after": "1000",
      "priority": 0,
      "additionalGuards": null,
      "activationKind": null,
      "fixedVariables": {
        "Crash": "FALSE",
        "VehiclesAy": "{(EgoVehicle↦3.906954759713699E-09),(Vehicles2↦-3.906954759713699E-09),(Vehicles3↦-3.906954759713699E-09),(Vehicles4↦-3.906954759713699E-09),(Vehicles5↦4.425402266861056E-09)}",
        "Reward": "0.7000000000000001",
        "VehiclesAx": "{(EgoVehicle↦0.0),(Vehicles2↦0.001450181007385254),(Vehicles3↦0.019001886248588562),(Vehicles4↦0.00012315809726715088),(Vehicles5↦0.002118349075317383)}",
        "VehiclesVx": "{(EgoVehicle↦20.0),(Vehicles2↦0.9564647078514099),(Vehicles3↦0.2166248857975006),(Vehicles4↦0.7450372725725174),(Vehicles5↦0.9916308522224426)}",
        "VehiclesY": "{(EgoVehicle↦4.0000001192092896),(Vehicles2↦-4.0000001192092896),(Vehicles3↦-8.924727623593753E-11),(Vehicles4↦4.0000001192092896),(Vehicles5↦-4.0000001192092896)}",
        "VehiclesVy": "{(EgoVehicle↦-2.5922375357367855E-10),(Vehicles2↦2.5922375357367855E-10),(Vehicles3↦2.5922375357367855E-10),(Vehicles4↦2.5922375357367855E-10),(Vehicles5↦2.5922375357367855E-10)}",
        "VehiclesX": "{(EgoVehicle↦200.0),(Vehicles2↦19.806700944900513),(Vehicles3↦39.71237540245056),(Vehicles4↦46.654531359672546),(Vehicles5↦102.42747068405151)}"
      },
      "probabilisticVariables": null,
      "activating": [
        "IDLE_60"
      ],
      "activatingOnlyWhenExecuted": true,
      "updating": null,
      "withPredicate": null
    },
    {
      "id": "IDLE_60",
      "execute": "IDLE",
      "after": "1000",
      "priority": 0,
      "additionalGuards": null,
      "activationKind": null,
      "fixedVariables": {
        "Crash": "FALSE",
        "VehiclesAy": "{(EgoVehicle↦2.430944334719243E-10),(Vehicles2↦-2.430944334719243E-10),(Vehicles3↦-2.430944334719243E-10),(Vehicles4↦-2.430944334719243E-10),(Vehicles5↦2.753530736754328E-10)}",
        "Reward": "0.7000000000000001",
        "VehiclesAx": "{(EgoVehicle↦0.0),(Vehicles2↦0.0014995783567428589),(Vehicles3↦0.018698815256357193),(Vehicles4↦0.0004471093416213989),(Vehicles5↦0.0023148953914642334)}",
        "VehiclesVx": "{(EgoVehicle↦20.0),(Vehicles2↦0.9579642862081528),(Vehicles3↦0.2353237010538578),(Vehicles4↦0.7454843819141388),(Vehicles5↦0.9939457476139069)}",
        "VehiclesY": "{(EgoVehicle↦4.0000001192092896),(Vehicles2↦-4.0000001192092896),(Vehicles3↦-5.552891479965183E-12),(Vehicles4↦4.0000001192092896),(Vehicles5↦-4.0000001192092896)}",
        "VehiclesVy": "{(EgoVehicle↦-1.6129320101754274E-11),(Vehicles2↦1.6129320101754274E-11),(Vehicles3↦1.6129320101754274E-11),(Vehicles4↦1.6129320101754274E-11),(Vehicles5↦1.6129320101754274E-11)}",
        "VehiclesX": "{(EgoVehicle↦200.0),(Vehicles2↦20.763760805130005),(Vehicles3↦39.936503767967224),(Vehicles4↦47.399720549583435),(Vehicles5↦103.42001914978027)}"
      },
      "probabilisticVariables": null,
      "activating": [
        "IDLE_61"
      ],
      "activatingOnlyWhenExecuted": true,
      "updating": null,
      "withPredicate": null
    },
    {
      "id": "IDLE_61",
      "execute": "IDLE",
      "after": "1000",
      "priority": 0,
      "additionalGuards": null,
      "activationKind": null,
      "fixedVariables": {
        "Crash": "FALSE",
        "VehiclesAy": "{(EgoVehicle↦1.5134560271690134E-11),(Vehicles2↦-1.5134560271690134E-11),(Vehicles3↦-1.511679670329613E-11),(Vehicles4↦-1.511679670329613E-11),(Vehicles5↦1.7124079931818414E-11)}",
        "Reward": "0.7000000000000001",
        "VehiclesAx": "{(EgoVehicle↦0.0),(Vehicles2↦0.0015534460544586182),(Vehicles3↦0.018396954983472824),(Vehicles4↦0.0007507205009460449),(Vehicles5↦0.0025062263011932373)}",
        "VehiclesVx": "{(EgoVehicle↦20.0),(Vehicles2↦0.9595177322626114),(Vehicles3↦0.2537206560373306),(Vehicles4↦0.7462351024150848),(Vehicles5↦0.9964519739151001)}",
        "VehiclesY": "{(EgoVehicle↦4.0000001192092896),(Vehicles2↦-4.0000001192092896),(Vehicles3↦-3.4505731605349865E-13),(Vehicles4↦4.0000001192092896),(Vehicles5↦-4.0000001192092896)}",
        "VehiclesVy": "{(EgoVehicle↦-9.947598300641403E-13),(Vehicles2↦9.947598300641403E-13),(Vehicles3↦1.0125233984581428E-12),(Vehicles4↦1.0125233984581428E-12),(Vehicles5↦9.947598300641403E-13)}",
        "VehiclesX": "{(EgoVehicle↦200.0),(Vehicles2↦21.72234207391739),(Vehicles3↦40.179210901260376),(Vehicles4↦48.14548194408417),(Vehicles5↦104.41495180130005)}"
      },
      "probabilisticVariables": null,
      "activating": null,
      "activatingOnlyWhenExecuted": true,
      "updating": null,
      "withPredicate": null
    }
  ],
  "listeners": [],
  "metadata": {
    "fileType": "Timed_Trace",
    "formatVersion": 3,
    "savedAt": "2023-08-21T06:52:40.817069Z",
    "creator": "Simulation: HYPOTHESIS_TEST; SIGNIFICANCE : 0.05, PROBABILITY : 0.95, MAX_STEPS_BEFORE_PROPERTY : 0, EXECUTIONS : 1000, PREDICATE : Crash = FALSE, ENDING_TIME : 60000, HYPOTHESIS_CHECKING_TYPE : LEFT_TAILED, CHECKING_TYPE : PREDICATE_INVARIANT",
    "proB2KernelVersion": "4.12.2",
    "proBCliVersion": "1.12.2-final",
    "modelName": "HighwayEnvironment2"
  }
}