{
  "variables": {},
  "activations": [
    {
      "id": "$setup_constants",
      "execute": "$setup_constants",
      "after": "0",
      "priority": 0,
      "additionalGuards": null,
      "activationKind": null,
      "fixedVariables": null,
      "probabilisticVariables": null,
      "activating": null,
      "activatingOnlyWhenExecuted": true,
      "updating": null,
      "withPredicate": null
    },
    {
      "id": "$initialise_machine",
      "execute": "$initialise_machine",
      "after": "0",
      "priority": 0,
      "additionalGuards": null,
      "activationKind": null,
      "fixedVariables": {
        "Crash": "FALSE",
        "VehiclesAy": "{(EgoVehicle↦0.0),(Vehicles2↦0.0),(Vehicles3↦0.0),(Vehicles4↦0.0),(Vehicles5↦0.0)}",
        "Reward": "0.0",
        "VehiclesAx": "{(EgoVehicle↦0.0),(Vehicles2↦0.0),(Vehicles3↦0.0),(Vehicles4↦0.0),(Vehicles5↦0.0)}",
        "VehiclesVx": "{(EgoVehicle↦25.0),(Vehicles2↦-3.765207827091217),(Vehicles3↦-2.3119789361953735),(Vehicles4↦-2.154589742422104),(Vehicles5↦-2.1301499009132385)}",
        "VehiclesY": "{(EgoVehicle↦0.0),(Vehicles2↦0.0),(Vehicles3↦4.0000001192092896),(Vehicles4↦8.000000238418579),(Vehicles5↦0.0)}",
        "VehiclesVy": "{(EgoVehicle↦0.0),(Vehicles2↦0.0),(Vehicles3↦0.0),(Vehicles4↦0.0),(Vehicles5↦0.0)}",
        "VehiclesX": "{(EgoVehicle↦153.67618799209595),(Vehicles2↦21.66195958852768),(Vehicles3↦44.63048875331879),(Vehicles4↦67.06234216690063),(Vehicles5↦92.21740961074829)}"
      },
      "probabilisticVariables": null,
      "activating": [
        "LANE_RIGHT_2"
      ],
      "activatingOnlyWhenExecuted": true,
      "updating": null,
      "withPredicate": null
    },
    {
      "id": "LANE_RIGHT_2",
      "execute": "LANE_RIGHT",
      "after": "1000",
      "priority": 0,
      "additionalGuards": null,
      "activationKind": null,
      "fixedVariables": {
        "Crash": "FALSE",
        "VehiclesAy": "{(EgoVehicle↦1.0796338319778442),(Vehicles2↦-1.0796338319778442),(Vehicles3↦-1.0796338319778442),(Vehicles4↦-1.0796338319778442),(Vehicles5↦-1.0796338319778442)}",
        "Reward": "0.8327113850086175",
        "VehiclesAx": "{(EgoVehicle↦-0.023322105407714844),(Vehicles2↦-0.8600720763206482),(Vehicles3↦-0.11621654033660889),(Vehicles4↦-0.6659294664859772),(Vehicles5↦-5.136735737323761)}",
        "VehiclesVx": "{(EgoVehicle↦24.976677894592285),(Vehicles2↦-4.625279903411865),(Vehicles3↦-2.4281954765319824),(Vehicles4↦-2.820519208908081),(Vehicles5↦-7.2668856382369995)}",
        "VehiclesY": "{(EgoVehicle↦3.6599650382995605),(Vehicles2↦-3.6599650382995605),(Vehicles3↦0.3400348797440529),(Vehicles4↦4.34003484249115),(Vehicles5↦-3.6599650382995605)}",
        "VehiclesVy": "{(EgoVehicle↦1.0796338319778442),(Vehicles2↦-1.0796338319778442),(Vehicles3↦-1.0796338319778442),(Vehicles4↦-1.0796338319778442),(Vehicles5↦-1.0796338319778442)}",
        "VehiclesX": "{(EgoVehicle↦178.3564329147339),(Vehicles2↦17.871209979057312),(Vehicles3↦42.581140995025635),(Vehicles4↦64.97324109077454),(Vehicles5↦88.09853792190552)}"
      },
      "probabilisticVariables": null,
      "activating": [
        "IDLE_3"
      ],
      "activatingOnlyWhenExecuted": true,
      "updating": null,
      "withPredicate": null
    },
    {
      "id": "IDLE_3",
      "execute": "IDLE",
      "after": "1000",
      "priority": 0,
      "additionalGuards": null,
      "activationKind": null,
      "fixedVariables": {
        "Crash": "FALSE",
        "VehiclesAy": "{(EgoVehicle↦-1.041519611608237),(Vehicles2↦1.041519611608237),(Vehicles3↦1.041519611608237),(Vehicles4↦1.041519611608237),(Vehicles5↦-1.1177480523474514)}",
        "Reward": "0.8333325585628742",
        "VehiclesAx": "{(EgoVehicle↦0.023293495178222656),(Vehicles2↦-0.8821171522140503),(Vehicles3↦-1.096591055393219),(Vehicles4↦-0.7369458675384521),(Vehicles5↦-1.5736192464828491)}",
        "VehiclesVx": "{(EgoVehicle↦24.999971389770508),(Vehicles2↦-5.5073970556259155),(Vehicles3↦-3.5247865319252014),(Vehicles4↦-3.557465076446533),(Vehicles5↦-8.840504884719849)}",
        "VehiclesY": "{(EgoVehicle↦3.9884995222091675),(Vehicles2↦-3.9884995222091675),(Vehicles3↦0.01150053832679987),(Vehicles4↦4.011500716209412),(Vehicles5↦-3.9884995222091675)}",
        "VehiclesVy": "{(EgoVehicle↦0.03811422036960721),(Vehicles2↦-0.03811422036960721),(Vehicles3↦-0.03811422036960721),(Vehicles4↦-0.03811422036960721),(Vehicles5↦-0.03811422036960721)}",
        "VehiclesX": "{(EgoVehicle↦200.0),(Vehicles2↦12.872959673404694),(Vehicles3↦39.78322148323059),(Vehicles4↦61.82704567909241),(Vehicles5↦79.73589301109314)}"
      },
      "probabilisticVariables": null,
      "activating": [
        "LANE_RIGHT_4"
      ],
      "activatingOnlyWhenExecuted": true,
      "updating": null,
      "withPredicate": null
    },
    {
      "id": "LANE_RIGHT_4",
      "execute": "LANE_RIGHT",
      "after": "1000",
      "priority": 0,
      "additionalGuards": null,
      "activationKind": null,
      "fixedVariables": {
        "Crash": "FALSE",
        "VehiclesAy": "{(EgoVehicle↦1.0427140141837299),(Vehicles2↦-1.0427140141837299),(Vehicles3↦-1.0427140141837299),(Vehicles4↦-1.0427140141837299),(Vehicles5↦-1.1189424549229443)}",
        "Reward": "0.8660433407867411",
        "VehiclesAx": "{(EgoVehicle↦-0.023345947265625),(Vehicles2↦-0.42168259620666504),(Vehicles3↦-0.6731897592544556),(Vehicles4↦-0.3261512517929077),(Vehicles5↦1.6608566045761108)}",
        "VehiclesVx": "{(EgoVehicle↦24.976625442504883),(Vehicles2↦-5.929079651832581),(Vehicles3↦-4.197976291179657),(Vehicles4↦-3.883616328239441),(Vehicles5↦-7.179648280143738)}",
        "VehiclesY": "{(EgoVehicle↦7.659607887268066),(Vehicles2↦-7.659607887268066),(Vehicles3↦-3.659607768058777),(Vehicles4↦0.34039219468832016),(Vehicles5↦-7.659607887268066)}",
        "VehiclesVy": "{(EgoVehicle↦1.080828234553337),(Vehicles2↦-1.080828234553337),(Vehicles3↦-1.080828234553337),(Vehicles4↦-1.080828234553337),(Vehicles5↦-1.080828234553337)}",
        "VehiclesX": "{(EgoVehicle↦200.0),(Vehicles2↦7.470171898603439),(Vehicles3↦36.2547904253006),(Vehicles4↦58.42745304107666),(Vehicles5↦71.90911173820496)}"
      },
      "probabilisticVariables": null,
      "activating": [
        "FASTER_5"
      ],
      "activatingOnlyWhenExecuted": true,
      "updating": null,
      "withPredicate": null
    },
    {
      "id": "FASTER_5",
      "execute": "FASTER",
      "after": "1000",
      "priority": 0,
      "additionalGuards": null,
      "activationKind": null,
      "fixedVariables": {
        "Crash": "FALSE",
        "VehiclesAy": "{(EgoVehicle↦-1.0536815016530454),(Vehicles2↦1.0536815016530454),(Vehicles3↦1.0536815016530454),(Vehicles4↦1.0536815016530454),(Vehicles5↦-1.1079749674536288)}",
        "Reward": "0.9824413660790343",
        "VehiclesAx": "{(EgoVehicle↦4.364926815032959),(Vehicles2↦-4.4663697481155396),(Vehicles3↦-4.667936265468597),(Vehicles4↦-4.502662420272827),(Vehicles5↦-3.172827363014221)}",
        "VehiclesVx": "{(EgoVehicle↦29.341552257537842),(Vehicles2↦-10.39544939994812),(Vehicles3↦-8.865912556648254),(Vehicles4↦-8.386278748512268),(Vehicles5↦-10.352475643157959)}",
        "VehiclesY": "{(EgoVehicle↦7.993490695953369),(Vehicles2↦-7.993490695953369),(Vehicles3↦-3.9934905767440796),(Vehicles4↦0.006509545957669616),(Vehicles5↦-7.993490695953369)}",
        "VehiclesVy": "{(EgoVehicle↦0.02714673290029168),(Vehicles2↦-0.02714673290029168),(Vehicles3↦-0.02714673290029168),(Vehicles4↦-0.02714673290029168),(Vehicles5↦-0.02714673290029168)}",
        "VehiclesX": "{(EgoVehicle↦200.0),(Vehicles2↦-0.9322299621999264),(Vehicles3↦29.501038789749146),(Vehicles4↦52.06294059753418),(Vehicles5↦62.8250777721405)}"
      },
      "probabilisticVariables": null,
      "activating": [
        "IDLE_6"
      ],
      "activatingOnlyWhenExecuted": true,
      "updating": null,
      "withPredicate": null
    },
    {
      "id": "IDLE_6",
      "execute": "IDLE",
      "after": "1000",
      "priority": 0,
      "additionalGuards": null,
      "activationKind": null,
      "fixedVariables": {
        "Crash": "FALSE",
        "VehiclesAy": "{(EgoVehicle↦-0.027052436607846175),(Vehicles2↦0.027052436607846175),(Vehicles3↦0.027052436607846175),(Vehicles4↦0.027052436607846175),(Vehicles5↦-0.026907423580269096)}",
        "Reward": "0.9976877960072589",
        "VehiclesAx": "{(EgoVehicle↦0.571739673614502),(Vehicles2↦0.8282762765884399),(Vehicles3↦-0.13508260250091553),(Vehicles4↦-1.7209511995315552),(Vehicles5↦0.5546128749847412)}",
        "VehiclesVx": "{(EgoVehicle↦29.913291931152344),(Vehicles2↦-9.56717312335968),(Vehicles3↦-9.00099515914917),(Vehicles4↦-10.107229948043823),(Vehicles5↦-9.797862768173218)}",
        "VehiclesY": "{(EgoVehicle↦8.000001668930054),(Vehicles2↦-4.000001907348633),(Vehicles3↦-1.816889721339976E-06),(Vehicles4↦-8.000001668930054),(Vehicles5↦-4.000116348266602)}",
        "VehiclesVy": "{(EgoVehicle↦9.429629244550597E-05),(Vehicles2↦-9.429629244550597E-05),(Vehicles3↦-9.429629244550597E-05),(Vehicles4↦-9.429629244550597E-05),(Vehicles5↦0.00023930932002258487)}",
        "VehiclesX": "{(EgoVehicle↦200.0),(Vehicles2↦20.258893072605133),(Vehicles3↦43.339431285858154),(Vehicles4↦52.510303258895874),(Vehicles5↦85.03824472427368)}"
      },
      "probabilisticVariables": null,
      "activating": [
        "SLOWER_7"
      ],
      "activatingOnlyWhenExecuted": true,
      "updating": null,
      "withPredicate": null
    },
    {
      "id": "SLOWER_7",
      "execute": "SLOWER",
      "after": "1000",
      "priority": 0,
      "additionalGuards": null,
      "activationKind": null,
      "fixedVariables": {
        "Crash": "FALSE",
        "VehiclesAy": "{(EgoVehicle↦-0.00010054475296783494),(Vehicles2↦0.00010054475296783494),(Vehicles3↦0.00010054475296783494),(Vehicles4↦0.00010054475296783494),(Vehicles5↦0.00026590817697069724)}",
        "Reward": "0.8839204779383575",
        "VehiclesAx": "{(EgoVehicle↦-4.2662739753723145),(Vehicles2↦4.215151071548462),(Vehicles3↦4.259611070156097),(Vehicles4↦4.802282452583313),(Vehicles5↦4.393183588981628)}",
        "VehiclesVx": "{(EgoVehicle↦25.64701795578003),(Vehicles2↦-5.352022051811218),(Vehicles3↦-4.7413840889930725),(Vehicles4↦-5.30494749546051),(Vehicles5↦-5.404679179191589)}",
        "VehiclesY": "{(EgoVehicle↦8.000002384185791),(Vehicles2↦-4.000001907348633),(Vehicles3↦-2.0648419081226166E-06),(Vehicles4↦-8.000002384185791),(Vehicles5↦-4.000009059906006)}",
        "VehiclesVy": "{(EgoVehicle↦-6.248460522328969E-06),(Vehicles2↦6.248460522328969E-06),(Vehicles3↦6.248460522328969E-06),(Vehicles4↦6.248460522328969E-06),(Vehicles5↦2.659885694811237E-05)}",
        "VehiclesX": "{(EgoVehicle↦200.0),(Vehicles2↦13.020779192447662),(Vehicles3↦36.68780326843262),(Vehicles4↦44.98974680900574),(Vehicles5↦77.65156030654907)}"
      },
      "probabilisticVariables": null,
      "activating": [
        "IDLE_8"
      ],
      "activatingOnlyWhenExecuted": true,
      "updating": null,
      "withPredicate": null
    },
    {
      "id": "IDLE_8",
      "execute": "IDLE",
      "after": "1000",
      "priority": 0,
      "additionalGuards": null,
      "activationKind": null,
      "fixedVariables": {
        "Crash": "FALSE",
        "VehiclesAy": "{(EgoVehicle↦6.005286845578439E-06),(Vehicles2↦-6.005286845578439E-06),(Vehicles3↦-6.005286845578439E-06),(Vehicles4↦-6.005286845578439E-06),(Vehicles5↦2.8070604827235002E-05)}",
        "Reward": "0.8689387735008015",
        "VehiclesAx": "{(EgoVehicle↦-0.5618143081665039),(Vehicles2↦0.5447962880134583),(Vehicles3↦0.5643793940544128),(Vehicles4↦0.9039348363876343),(Vehicles5↦0.621112585067749)}",
        "VehiclesVx": "{(EgoVehicle↦25.085203647613525),(Vehicles2↦-4.80722576379776),(Vehicles3↦-4.17700469493866),(Vehicles4↦-4.401012659072876),(Vehicles5↦-4.78356659412384)}",
        "VehiclesY": "{(EgoVehicle↦8.000000238418579),(Vehicles2↦-4.0000001192092896),(Vehicles3↦-7.378842603600333E-08),(Vehicles4↦-8.000000238418579),(Vehicles5↦-4.000000476837158)}",
        "VehiclesVy": "{(EgoVehicle↦-2.431736767505299E-07),(Vehicles2↦2.431736767505299E-07),(Vehicles3↦2.431736767505299E-07),(Vehicles4↦2.431736767505299E-07),(Vehicles5↦1.4717478791226313E-06)}",
        "VehiclesX": "{(EgoVehicle↦200.0),(Vehicles2↦7.970210164785385),(Vehicles3↦32.25722908973694),(Vehicles4↦40.14408588409424),(Vehicles5↦72.58461713790894)}"
      },
      "probabilisticVariables": null,
      "activating": [
        "SLOWER_9"
      ],
      "activatingOnlyWhenExecuted": true,
      "updating": null,
      "withPredicate": null
    },
    {
      "id": "SLOWER_9",
      "execute": "SLOWER",
      "after": "1000",
      "priority": 0,
      "additionalGuards": null,
      "activationKind": null,
      "fixedVariables": {
        "Crash": "FALSE",
        "VehiclesAy": "{(EgoVehicle↦2.3306755636554044E-07),(Vehicles2↦-2.3306755636554044E-07),(Vehicles3↦-2.3306755636554044E-07),(Vehicles4↦-2.3306755636554044E-07),(Vehicles5↦1.555697686228541E-06)}",
        "Reward": "0.7511908398574444",
        "VehiclesAx": "{(EgoVehicle↦-4.415547847747803),(Vehicles2↦4.411926604807377),(Vehicles3↦4.416573233902454),(Vehicles4↦4.630682934075594),(Vehicles5↦4.435499049723148)}",
        "VehiclesVx": "{(EgoVehicle↦20.669655799865723),(Vehicles2↦-0.39529915899038315),(Vehicles3↦0.2395685389637947),(Vehicles4↦0.22967027500271797),(Vehicles5↦-0.348067544400692)}",
        "VehiclesY": "{(EgoVehicle↦8.000000238418579),(Vehicles2↦-4.0000001192092896),(Vehicles3↦-3.4947365001869457E-09),(Vehicles4↦-8.000000238418579),(Vehicles5↦-4.0000001192092896)}",
        "VehiclesVy": "{(EgoVehicle↦-1.0106120384989481E-08),(Vehicles2↦1.0106120384989481E-08),(Vehicles3↦1.0106120384989481E-08),(Vehicles4↦1.0106120384989481E-08),(Vehicles5↦8.394980710590971E-08)}",
        "VehiclesX": "{(EgoVehicle↦200.0),(Vehicles2↦5.596824735403061),(Vehicles3↦30.51682412624359),(Vehicles4↦38.27303647994995),(Vehicles5↦70.24722695350647)}"
      },
      "probabilisticVariables": null,
      "activating": [
        "SLOWER_10"
      ],
      "activatingOnlyWhenExecuted": true,
      "updating": null,
      "withPredicate": null
    },
    {
      "id": "SLOWER_10",
      "execute": "SLOWER",
      "after": "1000",
      "priority": 0,
      "additionalGuards": null,
      "activationKind": null,
      "fixedVariables": {
        "Crash": "FALSE",
        "VehiclesAy": "{(EgoVehicle↦9.48600309413905E-09),(Vehicles2↦-9.485994212354854E-09),(Vehicles3↦-9.485994212354854E-09),(Vehicles4↦-9.485994212354854E-09),(Vehicles5↦8.90039153489397E-08)}",
        "Reward": "0.7356849391307473",
        "VehiclesAx": "{(EgoVehicle↦-0.5814695358276367),(Vehicles2↦0.5819079466164112),(Vehicles3↦0.5779190734028816),(Vehicles4↦0.7157913409173489),(Vehicles5↦0.5797270499169827)}",
        "VehiclesVx": "{(EgoVehicle↦20.088186264038086),(Vehicles2↦0.18660878762602806),(Vehicles3↦0.8174876123666763),(Vehicles4↦0.9454616159200668),(Vehicles5↦0.23165950551629066)}",
        "VehiclesY": "{(EgoVehicle↦8.000000238418579),(Vehicles2↦-4.0000001192092896),(Vehicles3↦-2.1371171499140473E-10),(Vehicles4↦-8.000000238418579),(Vehicles5↦-4.0000001192092896)}",
        "VehiclesVy": "{(EgoVehicle↦-6.201172908504304E-10),(Vehicles2↦6.201261726346274E-10),(Vehicles3↦6.201261726346274E-10),(Vehicles4↦6.201261726346274E-10),(Vehicles5↦5.054108243029987E-09)}",
        "VehiclesX": "{(EgoVehicle↦200.0),(Vehicles2↦5.522357299923897),(Vehicles3↦31.076133251190186),(Vehicles4↦38.88227641582489),(Vehicles5↦70.22045850753784)}"
      },
      "probabilisticVariables": null,
      "activating": [
        "IDLE_11"
      ],
      "activatingOnlyWhenExecuted": true,
      "updating": null,
      "withPredicate": null
    },
    {
      "id": "IDLE_11",
      "execute": "IDLE",
      "after": "1000",
      "priority": 0,
      "additionalGuards": null,
      "activationKind": null,
      "fixedVariables": {
        "Crash": "FALSE",
        "VehiclesAy": "{(EgoVehicle↦5.81579229219642E-10),(Vehicles2↦-5.81579229219642E-10),(Vehicles3↦-5.81579229219642E-10),(Vehicles4↦-5.81579229219642E-10),(Vehicles5↦5.35910871235501E-09)}",
        "Reward": "0.7336430098169434",
        "VehiclesAx": "{(EgoVehicle↦-0.07657289505004883),(Vehicles2↦0.07719175890088081),(Vehicles3↦0.06858997046947479),(Vehicles4↦0.15999391674995422),(Vehicles5↦0.06387807428836823)}",
        "VehiclesVx": "{(EgoVehicle↦20.011613368988037),(Vehicles2↦0.2638005465269089),(Vehicles3↦0.8860775828361511),(Vehicles4↦1.105455532670021),(Vehicles5↦0.2955375798046589)}",
        "VehiclesY": "{(EgoVehicle↦8.000000238418579),(Vehicles2↦-4.0000001192092896),(Vehicles3↦-1.326805332269032E-11),(Vehicles4↦-8.000000238418579),(Vehicles5↦-4.0000001192092896)}",
        "VehiclesVy": "{(EgoVehicle↦-3.8538061630788434E-11),(Vehicles2↦3.8546943414985435E-11),(Vehicles3↦3.8546943414985435E-11),(Vehicles4↦3.8546943414985435E-11),(Vehicles5↦3.05000469325023E-10)}",
        "VehiclesX": "{(EgoVehicle↦200.0),(Vehicles2↦5.751517787575722),(Vehicles3↦31.932982802391052),(Vehicles4↦39.906540513038635),(Vehicles5↦70.48985362052917)}"
      },
      "probabilisticVariables": null,
      "activating": [
        "IDLE_12"
      ],
      "activatingOnlyWhenExecuted": true,
      "updating": null,
      "withPredicate": null
    },
    {
      "id": "IDLE_12",
      "execute": "IDLE",
      "after": "1000",
      "priority": 0,
      "additionalGuards": null,
      "activationKind": null,
      "fixedVariables": {
        "Crash": "FALSE",
        "VehiclesAy": "{(EgoVehicle↦3.61488616817951E-11),(Vehicles2↦-3.61666252501891E-11),(Vehicles3↦-3.61666252501891E-11),(Vehicles4↦-3.61666252501891E-11),(Vehicles5↦3.234390533179976E-10)}",
        "Reward": "0.7333741137756195",
        "VehiclesAx": "{(EgoVehicle↦-0.010085105895996094),(Vehicles2↦0.009559616446495056),(Vehicles3↦-0.0011699646711349487),(Vehicles4↦0.06129719316959381),(Vehicles5↦-0.00715993344783783)}",
        "VehiclesVx": "{(EgoVehicle↦20.00152826309204),(Vehicles2↦0.27336016297340393),(Vehicles3↦0.8849076181650162),(Vehicles4↦1.1667527258396149),(Vehicles5↦0.28837764635682106)}",
        "VehiclesY": "{(EgoVehicle↦8.000000238418579),(Vehicles2↦-4.0000001192092896),(Vehicles3↦-8.246736626915663E-13),(Vehicles4↦-8.000000238418579),(Vehicles5↦-4.0000001192092896)}",
        "VehiclesVy": "{(EgoVehicle↦-2.389199948993337E-12),(Vehicles2↦2.3803181647963356E-12),(Vehicles3↦2.3803181647963356E-12),(Vehicles4↦2.3803181647963356E-12),(Vehicles5↦1.84385839929746E-11)}",
        "VehiclesX": "{(EgoVehicle↦200.0),(Vehicles2↦6.020781025290489),(Vehicles3↦32.82032907009125),(Vehicles4↦41.04008078575134),(Vehicles5↦70.78424096107483)}"
      },
      "probabilisticVariables": null,
      "activating": [
        "IDLE_13"
      ],
      "activatingOnlyWhenExecuted": true,
      "updating": null,
      "withPredicate": null
    },
    {
      "id": "IDLE_13",
      "execute": "IDLE",
      "after": "1000",
      "priority": 0,
      "additionalGuards": null,
      "activationKind": null,
      "fixedVariables": {
        "Crash": "FALSE",
        "VehiclesAy": "{(EgoVehicle↦2.2293278334473143E-12),(Vehicles2↦-2.220446049250313E-12),(Vehicles3↦-2.220446049250313E-12),(Vehicles4↦-2.220446049250313E-12),(Vehicles5↦1.9557688801796758E-11)}",
        "Reward": "0.733338703597338",
        "VehiclesAx": "{(EgoVehicle↦-0.0013279914855957031),(Vehicles2↦-0.0005451776087284088),(Vehicles3↦-0.011944770812988281),(Vehicles4↦0.031780749559402466),(Vehicles5↦-0.016745515167713165)}",
        "VehiclesVx": "{(EgoVehicle↦20.000200271606445),(Vehicles2↦0.2728149853646755),(Vehicles3↦0.8729628473520279),(Vehicles4↦1.1985334753990173),(Vehicles5↦0.2716321311891079)}",
        "VehiclesY": "{(EgoVehicle↦8.000000238418579),(Vehicles2↦-4.0000001192092896),(Vehicles3↦-5.1958437552457326E-14),(Vehicles4↦-8.000000238418579),(Vehicles5↦-4.0000001192092896)}",
        "VehiclesVy": "{(EgoVehicle↦-1.5987211554602254E-13),(Vehicles2↦1.5987211554602254E-13),(Vehicles3↦1.5987211554602254E-13),(Vehicles4↦1.5987211554602254E-13),(Vehicles5↦1.1191048088221578E-12)}",
        "VehiclesX": "{(EgoVehicle↦200.0),(Vehicles2↦6.29422664642334),(Vehicles3↦33.70077610015869),(Vehicles4↦42.221078276634216),(Vehicles5↦71.06608748435974)}"
      },
      "probabilisticVariables": null,
      "activating": [
        "IDLE_14"
      ],
      "activatingOnlyWhenExecuted": true,
      "updating": null,
      "withPredicate": null
    },
    {
      "id": "IDLE_14",
      "execute": "IDLE",
      "after": "1000",
      "priority": 0,
      "additionalGuards": null,
      "activationKind": null,
      "fixedVariables": {
        "Crash": "FALSE",
        "VehiclesAy": "{(EgoVehicle↦1.4210854715202004E-13),(Vehicles2↦-1.4210854715202004E-13),(Vehicles3↦-1.4210854715202004E-13),(Vehicles4↦-1.4210854715202004E-13),(Vehicles5↦1.1901590823981678E-12)}",
        "Reward": "0.7333340405285932",
        "VehiclesAx": "{(EgoVehicle↦-0.00017404556274414062),(Vehicles2↦-0.0028135068714618683),(Vehicles3↦-0.014086142182350159),(Vehicles4↦0.01681804656982422),(Vehicles5↦-0.016644448041915894)}",
        "VehiclesVx": "{(EgoVehicle↦20.0000262260437),(Vehicles2↦0.27000147849321365),(Vehicles3↦0.8588767051696777),(Vehicles4↦1.2153515219688416),(Vehicles5↦0.254987683147192)}",
        "VehiclesY": "{(EgoVehicle↦8.000000238418579),(Vehicles2↦-4.0000001192092896),(Vehicles3↦-1.3322676295501878E-15),(Vehicles4↦-8.000000238418579),(Vehicles5↦-4.0000001192092896)}",
        "VehiclesVy": "{(EgoVehicle↦-1.7763568394002505E-14),(Vehicles2↦1.7763568394002505E-14),(Vehicles3↦1.7763568394002505E-14),(Vehicles4↦1.7763568394002505E-14),(Vehicles5↦7.105427357601002E-14)}",
        "VehiclesX": "{(EgoVehicle↦200.0),(Vehicles2↦6.5660178661346436),(Vehicles3↦34.56817865371704),(Vehicles4↦43.42727065086365),(Vehicles5↦71.33093476295471)}"
      },
      "probabilisticVariables": null,
      "activating": [
        "IDLE_15"
      ],
      "activatingOnlyWhenExecuted": true,
      "updating": null,
      "withPredicate": null
    },
    {
      "id": "IDLE_15",
      "execute": "IDLE",
      "after": "1000",
      "priority": 0,
      "additionalGuards": null,
      "activationKind": null,
      "fixedVariables": {
        "Crash": "FALSE",
        "VehiclesAy": "{(EgoVehicle↦1.7763568394002505E-14),(Vehicles2↦-1.7763568394002505E-14),(Vehicles3↦-1.7763568394002505E-14),(Vehicles4↦-1.7763568394002505E-14),(Vehicles5↦7.105427357601002E-14)}",
        "Reward": "0.7333334264619272",
        "VehiclesAx": "{(EgoVehicle↦-2.384185791015625E-05),(Vehicles2↦-0.0037176907062530518),(Vehicles3↦-0.014474242925643921),(Vehicles4↦0.007078349590301514),(Vehicles5↦-0.014447234570980072)}",
        "VehiclesVx": "{(EgoVehicle↦20.00000238418579),(Vehicles2↦0.2662837877869606),(Vehicles3↦0.8444024622440338),(Vehicles4↦1.222429871559143),(Vehicles5↦0.24054044857621193)}",
        "VehiclesY": "{(EgoVehicle↦8.000000238418579),(Vehicles2↦-4.0000001192092896),(Vehicles3↦0.0),(Vehicles4↦-8.000000238418579),(Vehicles5↦-4.0000001192092896)}",
        "VehiclesVy": "{(EgoVehicle↦0.0),(Vehicles2↦0.0),(Vehicles3↦0.0),(Vehicles4↦0.0),(Vehicles5↦0.0)}",
        "VehiclesX": "{(EgoVehicle↦200.0),(Vehicles2↦6.8345807492733),(Vehicles3↦35.42126417160034),(Vehicles4↦44.64610517024994),(Vehicles5↦71.5799331665039)}"
      },
      "probabilisticVariables": null,
      "activating": [
        "IDLE_16"
      ],
      "activatingOnlyWhenExecuted": true,
      "updating": null,
      "withPredicate": null
    },
    {
      "id": "IDLE_16",
      "execute": "IDLE",
      "after": "1000",
      "priority": 0,
      "additionalGuards": null,
      "activationKind": null,
      "fixedVariables": {
        "Crash": "FALSE",
        "VehiclesAy": "{(EgoVehicle↦0.0),(Vehicles2↦0.0),(Vehicles3↦0.0),(Vehicles4↦0.0),(Vehicles5↦0.0)}",
        "Reward": "0.7333333455971811",
        "VehiclesAx": "{(EgoVehicle↦-2.384185791015625E-06),(Vehicles2↦-0.004128832370042801),(Vehicles3↦-0.014220178127288818),(Vehicles4↦5.7891011238098145E-05),(Vehicles5↦-0.011616218835115433)}",
        "VehiclesVx": "{(EgoVehicle↦20.0),(Vehicles2↦0.2621549554169178),(Vehicles3↦0.830182284116745),(Vehicles4↦1.2224877625703812),(Vehicles5↦0.2289242297410965)}",
        "VehiclesY": "{(EgoVehicle↦8.000000238418579),(Vehicles2↦-4.0000001192092896),(Vehicles3↦0.0),(Vehicles4↦-8.000000238418579),(Vehicles5↦-4.0000001192092896)}",
        "VehiclesVy": "{(EgoVehicle↦0.0),(Vehicles2↦0.0),(Vehicles3↦0.0),(Vehicles4↦0.0),(Vehicles5↦0.0)}",
        "VehiclesX": "{(EgoVehicle↦200.0),(Vehicles2↦7.099232077598572),(Vehicles3↦36.25994026660919),(Vehicles4↦45.86904048919678),(Vehicles5↦71.81558609008789)}"
      },
      "probabilisticVariables": null,
      "activating": [
        "IDLE_17"
      ],
      "activatingOnlyWhenExecuted": true,
      "updating": null,
      "withPredicate": null
    },
    {
      "id": "IDLE_17",
      "execute": "IDLE",
      "after": "1000",
      "priority": 0,
      "additionalGuards": null,
      "activationKind": null,
      "fixedVariables": {
        "Crash": "FALSE",
        "VehiclesAy": "{(EgoVehicle↦0.0),(Vehicles2↦0.0),(Vehicles3↦0.0),(Vehicles4↦0.0),(Vehicles5↦0.0)}",
        "Reward": "0.7333333349483256",
        "VehiclesAx": "{(EgoVehicle↦0.0),(Vehicles2↦-0.0042106956243515015),(Vehicles3↦-0.013622194528579712),(Vehicles4↦-0.00532686710357666),(Vehicles5↦-0.008616726845502853)}",
        "VehiclesVx": "{(EgoVehicle↦20.0),(Vehicles2↦0.2579442597925663),(Vehicles3↦0.8165600895881653),(Vehicles4↦1.2171608954668045),(Vehicles5↦0.22030750289559364)}",
        "VehiclesY": "{(EgoVehicle↦8.000000238418579),(Vehicles2↦-4.0000001192092896),(Vehicles3↦0.0),(Vehicles4↦-8.000000238418579),(Vehicles5↦-4.0000001192092896)}",
        "VehiclesVy": "{(EgoVehicle↦0.0),(Vehicles2↦0.0),(Vehicles3↦0.0),(Vehicles4↦0.0),(Vehicles5↦0.0)}",
        "VehiclesX": "{(EgoVehicle↦200.0),(Vehicles2↦7.359697669744492),(Vehicles3↦37.08461821079254),(Vehicles4↦47.08978235721588),(Vehicles5↦72.04082608222961)}"
      },
      "probabilisticVariables": null,
      "activating": [
        "IDLE_18"
      ],
      "activatingOnlyWhenExecuted": true,
      "updating": null,
      "withPredicate": null
    },
    {
      "id": "IDLE_18",
      "execute": "IDLE",
      "after": "1000",
      "priority": 0,
      "additionalGuards": null,
      "activationKind": null,
      "fixedVariables": {
        "Crash": "FALSE",
        "VehiclesAy": "{(EgoVehicle↦0.0),(Vehicles2↦0.0),(Vehicles3↦0.0),(Vehicles4↦0.0),(Vehicles5↦0.0)}",
        "Reward": "0.7333333335460073",
        "VehiclesAx": "{(EgoVehicle↦0.0),(Vehicles2↦-0.004038643091917038),(Vehicles3↦-0.012824535369873047),(Vehicles4↦-0.00966198742389679),(Vehicles5↦-0.005667153745889664)}",
        "VehiclesVx": "{(EgoVehicle↦20.0),(Vehicles2↦0.25390561670064926),(Vehicles3↦0.8037355542182922),(Vehicles4↦1.2074989080429077),(Vehicles5↦0.21464034914970398)}",
        "VehiclesY": "{(EgoVehicle↦8.000000238418579),(Vehicles2↦-4.0000001192092896),(Vehicles3↦0.0),(Vehicles4↦-8.000000238418579),(Vehicles5↦-4.0000001192092896)}",
        "VehiclesVy": "{(EgoVehicle↦0.0),(Vehicles2↦0.0),(Vehicles3↦0.0),(Vehicles4↦0.0),(Vehicles5↦0.0)}",
        "VehiclesX": "{(EgoVehicle↦200.0),(Vehicles2↦7.6160043478012085),(Vehicles3↦37.89597749710083),(Vehicles4↦48.30339252948761),(Vehicles5↦72.25863337516785)}"
      },
      "probabilisticVariables": null,
      "activating": [
        "IDLE_19"
      ],
      "activatingOnlyWhenExecuted": true,
      "updating": null,
      "withPredicate": null
    },
    {
      "id": "IDLE_19",
      "execute": "IDLE",
      "after": "1000",
      "priority": 0,
      "additionalGuards": null,
      "activationKind": null,
      "fixedVariables": {
        "Crash": "FALSE",
        "VehiclesAy": "{(EgoVehicle↦0.0),(Vehicles2↦0.0),(Vehicles3↦0.0),(Vehicles4↦0.0),(Vehicles5↦0.0)}",
        "Reward": "0.7333333333613398",
        "VehiclesAx": "{(EgoVehicle↦0.0),(Vehicles2↦-0.0036712735891342163),(Vehicles3↦-0.011917203664779663),(Vehicles4↦-0.01328296959400177),(Vehicles5↦-0.002882611006498337)}",
        "VehiclesVx": "{(EgoVehicle↦20.0),(Vehicles2↦0.25023434311151505),(Vehicles3↦0.7918183505535126),(Vehicles4↦1.194215938448906),(Vehicles5↦0.21175773814320564)}",
        "VehiclesY": "{(EgoVehicle↦8.000000238418579),(Vehicles2↦-4.0000001192092896),(Vehicles3↦0.0),(Vehicles4↦-8.000000238418579),(Vehicles5↦-4.0000001192092896)}",
        "VehiclesVy": "{(EgoVehicle↦0.0),(Vehicles2↦0.0),(Vehicles3↦0.0),(Vehicles4↦0.0),(Vehicles5↦0.0)}",
        "VehiclesX": "{(EgoVehicle↦200.0),(Vehicles2↦7.868405431509018),(Vehicles3↦38.694870471954346),(Vehicles4↦49.505844712257385),(Vehicles5↦72.47191071510315)}"
      },
      "probabilisticVariables": null,
      "activating": [
        "IDLE_20"
      ],
      "activatingOnlyWhenExecuted": true,
      "updating": null,
      "withPredicate": null
    },
    {
      "id": "IDLE_20",
      "execute": "IDLE",
      "after": "1000",
      "priority": 0,
      "additionalGuards": null,
      "activationKind": null,
      "fixedVariables": {
        "Crash": "FALSE",
        "VehiclesAy": "{(EgoVehicle↦0.0),(Vehicles2↦0.0),(Vehicles3↦0.0),(Vehicles4↦0.0),(Vehicles5↦0.0)}",
        "Reward": "0.7333333333370214",
        "VehiclesAx": "{(EgoVehicle↦0.0),(Vehicles2↦-0.003157220780849457),(Vehicles3↦-0.010958164930343628),(Vehicles4↦-0.016383230686187744),(Vehicles5↦-0.0003214925527572632)}",
        "VehiclesVx": "{(EgoVehicle↦20.0),(Vehicles2↦0.2470771223306656),(Vehicles3↦0.780860185623169),(Vehicles4↦1.1778327077627182),(Vehicles5↦0.21143624559044838)}",
        "VehiclesY": "{(EgoVehicle↦8.000000238418579),(Vehicles2↦-4.0000001192092896),(Vehicles3↦0.0),(Vehicles4↦-8.000000238418579),(Vehicles5↦-4.0000001192092896)}",
        "VehiclesVy": "{(EgoVehicle↦0.0),(Vehicles2↦0.0),(Vehicles3↦0.0),(Vehicles4↦0.0),(Vehicles5↦0.0)}",
        "VehiclesX": "{(EgoVehicle↦200.0),(Vehicles2↦8.117330819368362),(Vehicles3↦39.48222994804382),(Vehicles4↦50.69373846054077),(Vehicles5↦72.68334031105042)}"
      },
      "probabilisticVariables": null,
      "activating": [
        "IDLE_21"
      ],
      "activatingOnlyWhenExecuted": true,
      "updating": null,
      "withPredicate": null
    },
    {
      "id": "IDLE_21",
      "execute": "IDLE",
      "after": "1000",
      "priority": 0,
      "additionalGuards": null,
      "activationKind": null,
      "fixedVariables": {
        "Crash": "FALSE",
        "VehiclesAy": "{(EgoVehicle↦0.0),(Vehicles2↦0.0),(Vehicles3↦0.0),(Vehicles4↦0.0),(Vehicles5↦0.0)}",
        "Reward": "0.7333333333338191",
        "VehiclesAx": "{(EgoVehicle↦0.0),(Vehicles2↦-0.0025363266468048096),(Vehicles3↦-0.009984821081161499),(Vehicles4↦-0.019073039293289185),(Vehicles5↦0.0019914470613002777)}",
        "VehiclesVx": "{(EgoVehicle↦20.0),(Vehicles2↦0.24454079568386078),(Vehicles3↦0.7708753645420074),(Vehicles4↦1.158759668469429),(Vehicles5↦0.21342769265174866)}",
        "VehiclesY": "{(EgoVehicle↦8.000000238418579),(Vehicles2↦-4.0000001192092896),(Vehicles3↦0.0),(Vehicles4↦-8.000000238418579),(Vehicles5↦-4.0000001192092896)}",
        "VehiclesVy": "{(EgoVehicle↦0.0),(Vehicles2↦0.0),(Vehicles3↦0.0),(Vehicles4↦0.0),(Vehicles5↦0.0)}",
        "VehiclesX": "{(EgoVehicle↦200.0),(Vehicles2↦8.36334079504013),(Vehicles3↦40.259018540382385),(Vehicles4↦51.86414122581482),(Vehicles5↦72.8954017162323)}"
      },
      "probabilisticVariables": null,
      "activating": [
        "IDLE_22"
      ],
      "activatingOnlyWhenExecuted": true,
      "updating": null,
      "withPredicate": null
    },
    {
      "id": "IDLE_22",
      "execute": "IDLE",
      "after": "1000",
      "priority": 0,
      "additionalGuards": null,
      "activationKind": null,
      "fixedVariables": {
        "Crash": "FALSE",
        "VehiclesAy": "{(EgoVehicle↦0.0),(Vehicles2↦0.0),(Vehicles3↦0.0),(Vehicles4↦0.0),(Vehicles5↦0.0)}",
        "Reward": "0.7333333333333973",
        "VehiclesAx": "{(EgoVehicle↦0.0),(Vehicles2↦-0.0018405169248580933),(Vehicles3↦-0.009021013975143433),(Vehicles4↦-0.02141512930393219),(Vehicles5↦0.004051625728607178)}",
        "VehiclesVx": "{(EgoVehicle↦20.0),(Vehicles2↦0.24270027875900269),(Vehicles3↦0.761854350566864),(Vehicles4↦1.1373445391654968),(Vehicles5↦0.21747931838035583)}",
        "VehiclesY": "{(EgoVehicle↦8.000000238418579),(Vehicles2↦-4.0000001192092896),(Vehicles3↦0.0),(Vehicles4↦-8.000000238418579),(Vehicles5↦-4.0000001192092896)}",
        "VehiclesVy": "{(EgoVehicle↦0.0),(Vehicles2↦0.0),(Vehicles3↦0.0),(Vehicles4↦0.0),(Vehicles5↦0.0)}",
        "VehiclesX": "{(EgoVehicle↦200.0),(Vehicles2↦8.607087284326553),(Vehicles3↦41.02620780467987),(Vehicles4↦53.01451086997986),(Vehicles5↦73.11029434204102)}"
      },
      "probabilisticVariables": null,
      "activating": [
        "IDLE_23"
      ],
      "activatingOnlyWhenExecuted": true,
      "updating": null,
      "withPredicate": null
    },
    {
      "id": "IDLE_23",
      "execute": "IDLE",
      "after": "1000",
      "priority": 0,
      "additionalGuards": null,
      "activationKind": null,
      "fixedVariables": {
        "Crash": "FALSE",
        "VehiclesAy": "{(EgoVehicle↦0.0),(Vehicles2↦0.0),(Vehicles3↦0.0),(Vehicles4↦0.0),(Vehicles5↦0.0)}",
        "Reward": "0.7333333333333418",
        "VehiclesAx": "{(EgoVehicle↦0.0),(Vehicles2↦-0.0010955333709716797),(Vehicles3↦-0.008081644773483276),(Vehicles4↦-0.023444294929504395),(Vehicles5↦0.0058663636445999146)}",
        "VehiclesVx": "{(EgoVehicle↦20.0),(Vehicles2↦0.241604745388031),(Vehicles3↦0.7537727057933807),(Vehicles4↦1.1139002442359924),(Vehicles5↦0.22334568202495575)}",
        "VehiclesY": "{(EgoVehicle↦8.000000238418579),(Vehicles2↦-4.0000001192092896),(Vehicles3↦0.0),(Vehicles4↦-8.000000238418579),(Vehicles5↦-4.0000001192092896)}",
        "VehiclesVy": "{(EgoVehicle↦0.0),(Vehicles2↦0.0),(Vehicles3↦0.0),(Vehicles4↦0.0),(Vehicles5↦0.0)}",
        "VehiclesX": "{(EgoVehicle↦200.0),(Vehicles2↦8.849288523197174),(Vehicles3↦41.784754395484924),(Vehicles4↦54.14262413978577),(Vehicles5↦73.32998514175415)}"
      },
      "probabilisticVariables": null,
      "activating": [
        "IDLE_24"
      ],
      "activatingOnlyWhenExecuted": true,
      "updating": null,
      "withPredicate": null
    },
    {
      "id": "IDLE_24",
      "execute": "IDLE",
      "after": "1000",
      "priority": 0,
      "additionalGuards": null,
      "activationKind": null,
      "fixedVariables": {
        "Crash": "FALSE",
        "VehiclesAy": "{(EgoVehicle↦0.0),(Vehicles2↦0.0),(Vehicles3↦0.0),(Vehicles4↦0.0),(Vehicles5↦0.0)}",
        "Reward": "0.7333333333333344",
        "VehiclesAx": "{(EgoVehicle↦0.0),(Vehicles2↦-0.00032182782888412476),(Vehicles3↦-0.007175952196121216),(Vehicles4↦-0.025180727243423462),(Vehicles5↦0.007449667900800705)}",
        "VehiclesVx": "{(EgoVehicle↦20.0),(Vehicles2↦0.24128291755914688),(Vehicles3↦0.7465967535972595),(Vehicles4↦1.088719516992569),(Vehicles5↦0.23079534992575645)}",
        "VehiclesY": "{(EgoVehicle↦8.000000238418579),(Vehicles2↦-4.0000001192092896),(Vehicles3↦0.0),(Vehicles4↦-8.000000238418579),(Vehicles5↦-4.0000001192092896)}",
        "VehiclesVy": "{(EgoVehicle↦0.0),(Vehicles2↦0.0),(Vehicles3↦0.0),(Vehicles4↦0.0),(Vehicles5↦0.0)}",
        "VehiclesX": "{(EgoVehicle↦200.0),(Vehicles2↦9.09070149064064),(Vehicles3↦42.53558814525604),(Vehicles4↦55.24657964706421),(Vehicles5↦73.55619072914124)}"
      },
      "probabilisticVariables": null,
      "activating": [
        "IDLE_25"
      ],
      "activatingOnlyWhenExecuted": true,
      "updating": null,
      "withPredicate": null
    },
    {
      "id": "IDLE_25",
      "execute": "IDLE",
      "after": "1000",
      "priority": 0,
      "additionalGuards": null,
      "activationKind": null,
      "fixedVariables": {
        "Crash": "FALSE",
        "VehiclesAy": "{(EgoVehicle↦0.0),(Vehicles2↦0.0),(Vehicles3↦0.0),(Vehicles4↦0.0),(Vehicles5↦0.0)}",
        "Reward": "0.7333333333333334",
        "VehiclesAx": "{(EgoVehicle↦0.0),(Vehicles2↦0.0004641711711883545),(Vehicles3↦-0.006309449672698975),(Vehicles4↦-0.026636570692062378),(Vehicles5↦0.008819028735160828)}",
        "VehiclesVx": "{(EgoVehicle↦20.0),(Vehicles2↦0.24174708873033524),(Vehicles3↦0.7402873039245605),(Vehicles4↦1.0620829463005066),(Vehicles5↦0.23961437866091728)}",
        "VehiclesY": "{(EgoVehicle↦8.000000238418579),(Vehicles2↦-4.0000001192092896),(Vehicles3↦0.0),(Vehicles4↦-8.000000238418579),(Vehicles5↦-4.0000001192092896)}",
        "VehiclesVy": "{(EgoVehicle↦0.0),(Vehicles2↦0.0),(Vehicles3↦0.0),(Vehicles4↦0.0),(Vehicles5↦0.0)}",
        "VehiclesX": "{(EgoVehicle↦200.0),(Vehicles2↦9.33210700750351),(Vehicles3↦43.2795912027359),(Vehicles4↦56.32475018501282),(Vehicles5↦73.79041314125061)}"
      },
      "probabilisticVariables": null,
      "activating": [
        "IDLE_26"
      ],
      "activatingOnlyWhenExecuted": true,
      "updating": null,
      "withPredicate": null
    },
    {
      "id": "IDLE_26",
      "execute": "IDLE",
      "after": "1000",
      "priority": 0,
      "additionalGuards": null,
      "activationKind": null,
      "fixedVariables": {
        "Crash": "FALSE",
        "VehiclesAy": "{(EgoVehicle↦0.0),(Vehicles2↦0.0),(Vehicles3↦0.0),(Vehicles4↦0.0),(Vehicles5↦0.0)}",
        "Reward": "0.7333333333333334",
        "VehiclesAx": "{(EgoVehicle↦0.0),(Vehicles2↦0.0012493878602981567),(Vehicles3↦-0.005485415458679199),(Vehicles4↦-0.027821063995361328),(Vehicles5↦0.009993370622396469)}",
        "VehiclesVx": "{(EgoVehicle↦20.0),(Vehicles2↦0.2429964765906334),(Vehicles3↦0.7348018884658813),(Vehicles4↦1.0342618823051453),(Vehicles5↦0.24960774928331375)}",
        "VehiclesY": "{(EgoVehicle↦8.000000238418579),(Vehicles2↦-4.0000001192092896),(Vehicles3↦0.0),(Vehicles4↦-8.000000238418579),(Vehicles5↦-4.0000001192092896)}",
        "VehiclesVy": "{(EgoVehicle↦0.0),(Vehicles2↦0.0),(Vehicles3↦0.0),(Vehicles4↦0.0),(Vehicles5↦0.0)}",
        "VehiclesX": "{(EgoVehicle↦200.0),(Vehicles2↦9.574291855096817),(Vehicles3↦44.017621874809265),(Vehicles4↦57.37578868865967),(Vehicles5↦74.03393983840942)}"
      },
      "probabilisticVariables": null,
      "activating": [
        "IDLE_27"
      ],
      "activatingOnlyWhenExecuted": true,
      "updating": null,
      "withPredicate": null
    },
    {
      "id": "IDLE_27",
      "execute": "IDLE",
      "after": "1000",
      "priority": 0,
      "additionalGuards": null,
      "activationKind": null,
      "fixedVariables": {
        "Crash": "FALSE",
        "VehiclesAy": "{(EgoVehicle↦0.0),(Vehicles2↦0.0),(Vehicles3↦0.0),(Vehicles4↦0.0),(Vehicles5↦0.0)}",
        "Reward": "0.7333333333333334",
        "VehiclesAx": "{(EgoVehicle↦0.0),(Vehicles2↦0.0020233727991580963),(Vehicles3↦-0.0047050416469573975),(Vehicles4↦-0.02874217927455902),(Vehicles5↦0.010991860181093216)}",
        "VehiclesVx": "{(EgoVehicle↦20.0),(Vehicles2↦0.2450198493897915),(Vehicles3↦0.730096846818924),(Vehicles4↦1.0055197030305862),(Vehicles5↦0.26059960946440697)}",
        "VehiclesY": "{(EgoVehicle↦8.000000238418579),(Vehicles2↦-4.0000001192092896),(Vehicles3↦0.0),(Vehicles4↦-8.000000238418579),(Vehicles5↦-4.0000001192092896)}",
        "VehiclesVy": "{(EgoVehicle↦0.0),(Vehicles2↦0.0),(Vehicles3↦0.0),(Vehicles4↦0.0),(Vehicles5↦0.0)}",
        "VehiclesX": "{(EgoVehicle↦200.0),(Vehicles2↦9.81803610920906),(Vehicles3↦44.750481843948364),(Vehicles4↦58.398622274398804),(Vehicles5↦74.28786754608154)}"
      },
      "probabilisticVariables": null,
      "activating": [
        "IDLE_28"
      ],
      "activatingOnlyWhenExecuted": true,
      "updating": null,
      "withPredicate": null
    },
    {
      "id": "IDLE_28",
      "execute": "IDLE",
      "after": "1000",
      "priority": 0,
      "additionalGuards": null,
      "activationKind": null,
      "fixedVariables": {
        "Crash": "FALSE",
        "VehiclesAy": "{(EgoVehicle↦0.0),(Vehicles2↦0.0),(Vehicles3↦0.0),(Vehicles4↦0.0),(Vehicles5↦0.0)}",
        "Reward": "0.7333333333333334",
        "VehiclesAx": "{(EgoVehicle↦0.0),(Vehicles2↦0.002777986228466034),(Vehicles3↦-0.003969147801399231),(Vehicles4↦-0.029409155249595642),(Vehicles5↦0.011833030730485916)}",
        "VehiclesVx": "{(EgoVehicle↦20.0),(Vehicles2↦0.24779783561825752),(Vehicles3↦0.7261276990175247),(Vehicles4↦0.9761105477809906),(Vehicles5↦0.2724326401948929)}",
        "VehiclesY": "{(EgoVehicle↦8.000000238418579),(Vehicles2↦-4.0000001192092896),(Vehicles3↦0.0),(Vehicles4↦-8.000000238418579),(Vehicles5↦-4.0000001192092896)}",
        "VehiclesVy": "{(EgoVehicle↦0.0),(Vehicles2↦0.0),(Vehicles3↦0.0),(Vehicles4↦0.0),(Vehicles5↦0.0)}",
        "VehiclesX": "{(EgoVehicle↦200.0),(Vehicles2↦10.064107924699783),(Vehicles3↦45.478931069374084),(Vehicles4↦59.39241647720337),(Vehicles5↦74.55313801765442)}"
      },
      "probabilisticVariables": null,
      "activating": [
        "FASTER_29"
      ],
      "activatingOnlyWhenExecuted": true,
      "updating": null,
      "withPredicate": null
    },
    {
      "id": "FASTER_29",
      "execute": "FASTER",
      "after": "1000",
      "priority": 0,
      "additionalGuards": null,
      "activationKind": null,
      "fixedVariables": {
        "Crash": "FALSE",
        "VehiclesAy": "{(EgoVehicle↦0.0),(Vehicles2↦0.0),(Vehicles3↦0.0),(Vehicles4↦0.0),(Vehicles5↦0.0)}",
        "Reward": "0.8491083676268861",
        "VehiclesAx": "{(EgoVehicle↦4.341564178466797),(Vehicles2↦-4.3380569107830524),(Vehicles3↦-4.34484101831913),(Vehicles4↦-4.371395856142044),(Vehicles5↦-4.329029396176338)}",
        "VehiclesVx": "{(EgoVehicle↦24.341564178466797),(Vehicles2↦-4.090259075164795),(Vehicles3↦-3.6187133193016052),(Vehicles4↦-3.3952853083610535),(Vehicles5↦-4.056596755981445)}",
        "VehiclesY": "{(EgoVehicle↦8.000000238418579),(Vehicles2↦-4.0000001192092896),(Vehicles3↦0.0),(Vehicles4↦-8.000000238418579),(Vehicles5↦-4.0000001192092896)}",
        "VehiclesVy": "{(EgoVehicle↦0.0),(Vehicles2↦0.0),(Vehicles3↦0.0),(Vehicles4↦0.0),(Vehicles5↦0.0)}",
        "VehiclesX": "{(EgoVehicle↦200.0),(Vehicles2↦7.918189465999603),(Vehicles3↦43.80863308906555),(Vehicles4↦57.9615592956543),(Vehicles5↦72.43547439575195)}"
      },
      "probabilisticVariables": null,
      "activating": [
        "IDLE_30"
      ],
      "activatingOnlyWhenExecuted": true,
      "updating": null,
      "withPredicate": null
    },
    {
      "id": "IDLE_30",
      "execute": "IDLE",
      "after": "1000",
      "priority": 0,
      "additionalGuards": null,
      "activationKind": null,
      "fixedVariables": {
        "Crash": "FALSE",
        "VehiclesAy": "{(EgoVehicle↦0.0),(Vehicles2↦0.0),(Vehicles3↦0.0),(Vehicles4↦0.0),(Vehicles5↦0.0)}",
        "Reward": "0.864354462677889",
        "VehiclesAx": "{(EgoVehicle↦0.5717277526855469),(Vehicles2↦-0.5675235390663147),(Vehicles3↦-0.5743569135665894),(Vehicles4↦-0.6017515063285828),(Vehicles5↦-0.5586165189743042)}",
        "VehiclesVx": "{(EgoVehicle↦24.913291931152344),(Vehicles2↦-4.65778261423111),(Vehicles3↦-4.193070232868195),(Vehicles4↦-3.9970368146896362),(Vehicles5↦-4.6152132749557495)}",
        "VehiclesY": "{(EgoVehicle↦8.000000238418579),(Vehicles2↦-4.0000001192092896),(Vehicles3↦2.6645352591003757E-15),(Vehicles4↦-8.000000238418579),(Vehicles5↦-4.0000001192092896)}",
        "VehiclesVy": "{(EgoVehicle↦0.0),(Vehicles2↦0.0),(Vehicles3↦0.0),(Vehicles4↦0.0),(Vehicles5↦0.0)}",
        "VehiclesX": "{(EgoVehicle↦200.0),(Vehicles2↦3.5141587257385254),(Vehicles3↦39.87342119216919),(Vehicles4↦54.23887372016907),(Vehicles5↦68.06868314743042)}"
      },
      "probabilisticVariables": null,
      "activating": [
        "IDLE_31"
      ],
      "activatingOnlyWhenExecuted": true,
      "updating": null,
      "withPredicate": null
    },
    {
      "id": "IDLE_31",
      "execute": "IDLE",
      "after": "1000",
      "priority": 0,
      "additionalGuards": null,
      "activationKind": null,
      "fixedVariables": {
        "Crash": "FALSE",
        "VehiclesAy": "{(EgoVehicle↦0.0),(Vehicles2↦0.0),(Vehicles3↦0.0),(Vehicles4↦0.0),(Vehicles5↦0.0)}",
        "Reward": "0.8663621788985972",
        "VehiclesAx": "{(EgoVehicle↦0.07529020309448242),(Vehicles2↦-0.07042050361633301),(Vehicles3↦-0.07731139659881592),(Vehicles4↦-0.10528385639190674),(Vehicles5↦-0.06170809268951416)}",
        "VehiclesVx": "{(EgoVehicle↦24.988582134246826),(Vehicles2↦-4.728203117847443),(Vehicles3↦-4.2703816294670105),(Vehicles4↦-4.102320671081543),(Vehicles5↦-4.676921367645264)}",
        "VehiclesY": "{(EgoVehicle↦8.000000238418579),(Vehicles2↦-4.0000001192092896),(Vehicles3↦2.6645352591003757E-15),(Vehicles4↦-8.000000238418579),(Vehicles5↦-4.0000001192092896)}",
        "VehiclesVy": "{(EgoVehicle↦0.0),(Vehicles2↦0.0),(Vehicles3↦0.0),(Vehicles4↦0.0),(Vehicles5↦0.0)}",
        "VehiclesX": "{(EgoVehicle↦200.0),(Vehicles2↦-1.1832620948553085),(Vehicles3↦35.63795983791351),(Vehicles4↦50.18829107284546),(Vehicles5↦63.417333364486694)}"
      },
      "probabilisticVariables": null,
      "activating": [
        "IDLE_32"
      ],
      "activatingOnlyWhenExecuted": true,
      "updating": null,
      "withPredicate": null
    },
    {
      "id": "IDLE_32",
      "execute": "IDLE",
      "after": "1000",
      "priority": 0,
      "additionalGuards": null,
      "activationKind": null,
      "fixedVariables": {
        "Crash": "FALSE",
        "VehiclesAy": "{(EgoVehicle↦1.7763568394002505E-14),(Vehicles2↦-1.7763568394002505E-14),(Vehicles3↦-1.7763568394002505E-14),(Vehicles4↦-1.7763568394002505E-14),(Vehicles5↦-1.7763568394002505E-14)}",
        "Reward": "0.8666265695120238",
        "VehiclesAx": "{(EgoVehicle↦0.009913444519042969),(Vehicles2↦-0.00441819429397583),(Vehicles3↦-0.011371374130249023),(Vehicles4↦-0.0396767258644104),(Vehicles5↦0.0040405988693237305)}",
        "VehiclesVx": "{(EgoVehicle↦24.99849557876587),(Vehicles2↦-4.7326213121414185),(Vehicles3↦-4.2817530035972595),(Vehicles4↦-4.141997396945953),(Vehicles5↦-4.67288076877594)}",
        "VehiclesY": "{(EgoVehicle↦8.000000238418579),(Vehicles2↦-4.0000001192092896),(Vehicles3↦2.6645352591003757E-15),(Vehicles4↦-8.000000238418579),(Vehicles5↦-4.0000001192092896)}",
        "VehiclesVy": "{(EgoVehicle↦1.7763568394002505E-14),(Vehicles2↦-1.7763568394002505E-14),(Vehicles3↦-1.7763568394002505E-14),(Vehicles4↦-1.7763568394002505E-14),(Vehicles5↦-1.7763568394002505E-14)}",
        "VehiclesX": "{(EgoVehicle↦200.0),(Vehicles2↦-5.9147849678993225),(Vehicles3↦31.361481547355652),(Vehicles4↦46.068572998046875),(Vehicles5↦58.74049663543701)}"
      },
      "probabilisticVariables": null,
      "activating": [
        "SLOWER_33"
      ],
      "activatingOnlyWhenExecuted": true,
      "updating": null,
      "withPredicate": null
    },
    {
      "id": "SLOWER_33",
      "execute": "SLOWER",
      "after": "1000",
      "priority": 0,
      "additionalGuards": null,
      "activationKind": null,
      "fixedVariables": {
        "Crash": "FALSE",
        "VehiclesAy": "{(EgoVehicle↦-1.7763568394002505E-14),(Vehicles2↦1.7763568394002505E-14),(Vehicles3↦1.7763568394002505E-14),(Vehicles4↦1.7763568394002505E-14),(Vehicles5↦-1.7763568394002505E-14)}",
        "Reward": "0.7508863520893748",
        "VehiclesAx": "{(EgoVehicle↦-4.34025764465332),(Vehicles2↦4.346343576908112),(Vehicles3↦4.339327807538211),(Vehicles4↦4.31091682985425),(Vehicles5↦4.354504011571407)}",
        "VehiclesVx": "{(EgoVehicle↦20.65823793411255),(Vehicles2↦-0.3862777352333069),(Vehicles3↦0.057574803940951824),(Vehicles4↦0.16891943290829659),(Vehicles5↦-0.3183767572045326)}",
        "VehiclesY": "{(EgoVehicle↦8.000000238418579),(Vehicles2↦-4.0000001192092896),(Vehicles3↦0.0),(Vehicles4↦-8.000000238418579),(Vehicles5↦-4.0000001192092896)}",
        "VehiclesVy": "{(EgoVehicle↦0.0),(Vehicles2↦0.0),(Vehicles3↦0.0),(Vehicles4↦0.0),(Vehicles5↦0.0)}",
        "VehiclesX": "{(EgoVehicle↦200.0),(Vehicles2↦-8.250676095485687),(Vehicles3↦29.47365939617157),(Vehicles4↦44.309139251708984),(Vehicles5↦56.467634439468384)}"
      },
      "probabilisticVariables": null,
      "activating": [
        "IDLE_34"
      ],
      "activatingOnlyWhenExecuted": true,
      "updating": null,
      "withPredicate": null
    },
    {
      "id": "IDLE_34",
      "execute": "IDLE",
      "after": "1000",
      "priority": 0,
      "additionalGuards": null,
      "activationKind": null,
      "fixedVariables": {
        "Crash": "FALSE",
        "VehiclesAy": "{(EgoVehicle↦0.0),(Vehicles2↦0.0),(Vehicles3↦0.0),(Vehicles4↦0.0),(Vehicles5↦0.0)}",
        "Reward": "0.7356448419761042",
        "VehiclesAx": "{(EgoVehicle↦-0.5715560913085938),(Vehicles2↦0.5781920813024044),(Vehicles3↦0.5711146490648389),(Vehicles4↦0.5428081564605236),(Vehicles5↦0.5860208161175251)}",
        "VehiclesVx": "{(EgoVehicle↦20.086681842803955),(Vehicles2↦0.19191434606909752),(Vehicles3↦0.6286894530057907),(Vehicles4↦0.7117275893688202),(Vehicles5↦0.2676440589129925)}",
        "VehiclesY": "{(EgoVehicle↦8.000000238418579),(Vehicles2↦-4.0000001192092896),(Vehicles3↦0.0),(Vehicles4↦-8.000000238418579),(Vehicles5↦-4.0000001192092896)}",
        "VehiclesVy": "{(EgoVehicle↦0.0),(Vehicles2↦0.0),(Vehicles3↦0.0),(Vehicles4↦0.0),(Vehicles5↦0.0)}",
        "VehiclesX": "{(EgoVehicle↦200.0),(Vehicles2↦-8.319038152694702),(Vehicles3↦29.846322536468506),(Vehicles4↦44.78181004524231),(Vehicles5↦56.47033452987671)}"
      },
      "probabilisticVariables": null,
      "activating": [
        "IDLE_35"
      ],
      "activatingOnlyWhenExecuted": true,
      "updating": null,
      "withPredicate": null
    },
    {
      "id": "IDLE_35",
      "execute": "IDLE",
      "after": "1000",
      "priority": 0,
      "additionalGuards": null,
      "activationKind": null,
      "fixedVariables": {
        "Crash": "FALSE",
        "VehiclesAy": "{(EgoVehicle↦0.0),(Vehicles2↦0.0),(Vehicles3↦0.0),(Vehicles4↦0.0),(Vehicles5↦0.0)}",
        "Reward": "0.7336377295332044",
        "VehiclesAx": "{(EgoVehicle↦-0.07526636123657227),(Vehicles2↦0.08241279050707817),(Vehicles3↦0.0752771645784378),(Vehicles4↦0.04726588726043701),(Vehicles5↦0.08988650515675545)}",
        "VehiclesVx": "{(EgoVehicle↦20.011415481567383),(Vehicles2↦0.2743271365761757),(Vehicles3↦0.7039666175842285),(Vehicles4↦0.7589934766292572),(Vehicles5↦0.3575305640697479)}",
        "VehiclesY": "{(EgoVehicle↦8.000000238418579),(Vehicles2↦-4.0000001192092896),(Vehicles3↦0.0),(Vehicles4↦-8.000000238418579),(Vehicles5↦-4.0000001192092896)}",
        "VehiclesVy": "{(EgoVehicle↦0.0),(Vehicles2↦0.0),(Vehicles3↦0.0),(Vehicles4↦0.0),(Vehicles5↦0.0)}",
        "VehiclesX": "{(EgoVehicle↦200.0),(Vehicles2↦-8.082782477140427),(Vehicles3↦30.516502261161804),(Vehicles4↦45.52379250526428),(Vehicles5↦56.78533911705017)}"
      },
      "probabilisticVariables": null,
      "activating": [
        "IDLE_36"
      ],
      "activatingOnlyWhenExecuted": true,
      "updating": null,
      "withPredicate": null
    },
    {
      "id": "IDLE_36",
      "execute": "IDLE",
      "after": "1000",
      "priority": 0,
      "additionalGuards": null,
      "activationKind": null,
      "fixedVariables": {
        "Crash": "FALSE",
        "VehiclesAy": "{(EgoVehicle↦0.0),(Vehicles2↦0.0),(Vehicles3↦0.0),(Vehicles4↦0.0),(Vehicles5↦0.0)}",
        "Reward": "0.7333734184296127",
        "VehiclesAx": "{(EgoVehicle↦-0.009913444519042969),(Vehicles2↦0.01752929762005806),(Vehicles3↦0.010340139269828796),(Vehicles4↦-0.017203986644744873),(Vehicles5↦0.024632811546325684)}",
        "VehiclesVx": "{(EgoVehicle↦20.00150203704834),(Vehicles2↦0.29185643419623375),(Vehicles3↦0.7143067568540573),(Vehicles4↦0.7417894899845123),(Vehicles5↦0.3821633756160736)}",
        "VehiclesY": "{(EgoVehicle↦8.000000238418579),(Vehicles2↦-4.0000001192092896),(Vehicles3↦0.0),(Vehicles4↦-8.000000238418579),(Vehicles5↦-4.0000001192092896)}",
        "VehiclesVy": "{(EgoVehicle↦0.0),(Vehicles2↦0.0),(Vehicles3↦0.0),(Vehicles4↦0.0),(Vehicles5↦0.0)}",
        "VehiclesX": "{(EgoVehicle↦200.0),(Vehicles2↦-7.79997706413269),(Vehicles3↦31.226077675819397),(Vehicles4↦46.2773323059082),(Vehicles5↦57.15422034263611)}"
      },
      "probabilisticVariables": null,
      "activating": [
        "IDLE_37"
      ],
      "activatingOnlyWhenExecuted": true,
      "updating": null,
      "withPredicate": null
    },
    {
      "id": "IDLE_37",
      "execute": "IDLE",
      "after": "1000",
      "priority": 0,
      "additionalGuards": null,
      "activationKind": null,
      "fixedVariables": {
        "Crash": "FALSE",
        "VehiclesAy": "{(EgoVehicle↦0.0),(Vehicles2↦0.0),(Vehicles3↦0.0),(Vehicles4↦0.0),(Vehicles5↦0.0)}",
        "Reward": "0.7333386120291396",
        "VehiclesAx": "{(EgoVehicle↦-0.0013041496276855469),(Vehicles2↦0.009356047958135605),(Vehicles3↦0.0021191686391830444),(Vehicles4↦-0.024805068969726562),(Vehicles5↦0.01608092337846756)}",
        "VehiclesVx": "{(EgoVehicle↦20.000197887420654),(Vehicles2↦0.30121248215436935),(Vehicles3↦0.7164259254932404),(Vehicles4↦0.7169844210147858),(Vehicles5↦0.39824429899454117)}",
        "VehiclesY": "{(EgoVehicle↦8.000000238418579),(Vehicles2↦-4.0000001192092896),(Vehicles3↦0.0),(Vehicles4↦-8.000000238418579),(Vehicles5↦-4.0000001192092896)}",
        "VehiclesVy": "{(EgoVehicle↦0.0),(Vehicles2↦0.0),(Vehicles3↦0.0),(Vehicles4↦0.0),(Vehicles5↦0.0)}",
        "VehiclesX": "{(EgoVehicle↦200.0),(Vehicles2↦-7.504213601350784),(Vehicles3↦31.941398978233337),(Vehicles4↦47.009313106536865),(Vehicles5↦57.543009519577026)}"
      },
      "probabilisticVariables": null,
      "activating": [
        "IDLE_38"
      ],
      "activatingOnlyWhenExecuted": true,
      "updating": null,
      "withPredicate": null
    },
    {
      "id": "IDLE_38",
      "execute": "IDLE",
      "after": "1000",
      "priority": 0,
      "additionalGuards": null,
      "activationKind": null,
      "fixedVariables": {
        "Crash": "FALSE",
        "VehiclesAy": "{(EgoVehicle↦0.0),(Vehicles2↦0.0),(Vehicles3↦0.0),(Vehicles4↦0.0),(Vehicles5↦0.0)}",
        "Reward": "0.7333340284702298",
        "VehiclesAx": "{(EgoVehicle↦-0.000171661376953125),(Vehicles2↦0.008618440479040146),(Vehicles3↦0.001340433955192566),(Vehicles4↦-0.024830028414726257),(Vehicles5↦0.014961957931518555)}",
        "VehiclesVx": "{(EgoVehicle↦20.0000262260437),(Vehicles2↦0.3098309226334095),(Vehicles3↦0.7177663594484329),(Vehicles4↦0.6921543926000595),(Vehicles5↦0.4132062569260597)}",
        "VehiclesY": "{(EgoVehicle↦8.000000238418579),(Vehicles2↦-4.0000001192092896),(Vehicles3↦0.0),(Vehicles4↦-8.000000238418579),(Vehicles5↦-4.0000001192092896)}",
        "VehiclesVy": "{(EgoVehicle↦0.0),(Vehicles2↦0.0),(Vehicles3↦0.0),(Vehicles4↦0.0),(Vehicles5↦0.0)}",
        "VehiclesX": "{(EgoVehicle↦200.0),(Vehicles2↦-7.19955787062645),(Vehicles3↦32.65836238861084),(Vehicles4↦47.71629869937897),(Vehicles5↦57.94726610183716)}"
      },
      "probabilisticVariables": null,
      "activating": [
        "IDLE_39"
      ],
      "activatingOnlyWhenExecuted": true,
      "updating": null,
      "withPredicate": null
    },
    {
      "id": "IDLE_39",
      "execute": "IDLE",
      "after": "1000",
      "priority": 0,
      "additionalGuards": null,
      "activationKind": null,
      "fixedVariables": {
        "Crash": "FALSE",
        "VehiclesAy": "{(EgoVehicle↦0.0),(Vehicles2↦0.0),(Vehicles3↦0.0),(Vehicles4↦0.0),(Vehicles5↦0.0)}",
        "Reward": "0.7333334248739946",
        "VehiclesAx": "{(EgoVehicle↦-2.384185791015625E-05),(Vehicles2↦0.00882880762219429),(Vehicles3↦0.0015168637037277222),(Vehicles4↦-0.023784339427947998),(Vehicles5↦0.014792606234550476)}",
        "VehiclesVx": "{(EgoVehicle↦20.00000238418579),(Vehicles2↦0.3186597302556038),(Vehicles3↦0.7192832231521606),(Vehicles4↦0.6683700531721115),(Vehicles5↦0.4279988631606102)}",
        "VehiclesY": "{(EgoVehicle↦8.000000238418579),(Vehicles2↦-4.0000001192092896),(Vehicles3↦0.0),(Vehicles4↦-8.000000238418579),(Vehicles5↦-4.0000001192092896)}",
        "VehiclesVy": "{(EgoVehicle↦0.0),(Vehicles2↦0.0),(Vehicles3↦0.0),(Vehicles4↦0.0),(Vehicles5↦0.0)}",
        "VehiclesX": "{(EgoVehicle↦200.0),(Vehicles2↦-6.88621923327446),(Vehicles3↦33.37671160697937),(Vehicles4↦48.39884340763092),(Vehicles5↦58.36639404296875)}"
      },
      "probabilisticVariables": null,
      "activating": [
        "IDLE_40"
      ],
      "activatingOnlyWhenExecuted": true,
      "updating": null,
      "withPredicate": null
    },
    {
      "id": "IDLE_40",
      "execute": "IDLE",
      "after": "1000",
      "priority": 0,
      "additionalGuards": null,
      "activationKind": null,
      "fixedVariables": {
        "Crash": "FALSE",
        "VehiclesAy": "{(EgoVehicle↦0.0),(Vehicles2↦0.0),(Vehicles3↦0.0),(Vehicles4↦0.0),(Vehicles5↦0.0)}",
        "Reward": "0.7333333453880706",
        "VehiclesAx": "{(EgoVehicle↦-2.384185791015625E-06),(Vehicles2↦0.009134076535701752),(Vehicles3↦0.0017953664064407349),(Vehicles4↦-0.02253882586956024),(Vehicles5↦0.014723539352416992)}",
        "VehiclesVx": "{(EgoVehicle↦20.0),(Vehicles2↦0.32779380679130554),(Vehicles3↦0.7210785895586014),(Vehicles4↦0.6458312273025513),(Vehicles5↦0.4427224025130272)}",
        "VehiclesY": "{(EgoVehicle↦8.000000238418579),(Vehicles2↦-4.0000001192092896),(Vehicles3↦0.0),(Vehicles4↦-8.000000238418579),(Vehicles5↦-4.0000001192092896)}",
        "VehiclesVy": "{(EgoVehicle↦0.0),(Vehicles2↦0.0),(Vehicles3↦0.0),(Vehicles4↦0.0),(Vehicles5↦0.0)}",
        "VehiclesX": "{(EgoVehicle↦200.0),(Vehicles2↦-6.563929468393326),(Vehicles3↦34.09669101238251),(Vehicles4↦49.05809462070465),(Vehicles5↦58.800292015075684)}"
      },
      "probabilisticVariables": null,
      "activating": [
        "IDLE_41"
      ],
      "activatingOnlyWhenExecuted": true,
      "updating": null,
      "withPredicate": null
    },
    {
      "id": "IDLE_41",
      "execute": "IDLE",
      "after": "1000",
      "priority": 0,
      "additionalGuards": null,
      "activationKind": null,
      "fixedVariables": {
        "Crash": "FALSE",
        "VehiclesAy": "{(EgoVehicle↦0.0),(Vehicles2↦0.0),(Vehicles3↦0.0),(Vehicles4↦0.0),(Vehicles5↦0.0)}",
        "Reward": "0.7333333349207884",
        "VehiclesAx": "{(EgoVehicle↦0.0),(Vehicles2↦0.00942319631576538),(Vehicles3↦0.002065226435661316),(Vehicles4↦-0.021221190690994263),(Vehicles5↦0.014646574854850769)}",
        "VehiclesVx": "{(EgoVehicle↦20.0),(Vehicles2↦0.3372170031070709),(Vehicles3↦0.7231438159942627),(Vehicles4↦0.624610036611557),(Vehicles5↦0.45736897736787796)}",
        "VehiclesY": "{(EgoVehicle↦8.000000238418579),(Vehicles2↦-4.0000001192092896),(Vehicles3↦0.0),(Vehicles4↦-8.000000238418579),(Vehicles5↦-4.0000001192092896)}",
        "VehiclesVy": "{(EgoVehicle↦0.0),(Vehicles2↦0.0),(Vehicles3↦0.0),(Vehicles4↦0.0),(Vehicles5↦0.0)}",
        "VehiclesX": "{(EgoVehicle↦200.0),(Vehicles2↦-6.232388690114021),(Vehicles3↦34.81857478618622),(Vehicles4↦49.69533085823059),(Vehicles5↦59.24887657165527)}"
      },
      "probabilisticVariables": null,
      "activating": [
        "IDLE_42"
      ],
      "activatingOnlyWhenExecuted": true,
      "updating": null,
      "withPredicate": null
    },
    {
      "id": "IDLE_42",
      "execute": "IDLE",
      "after": "1000",
      "priority": 0,
      "additionalGuards": null,
      "activationKind": null,
      "fixedVariables": {
        "Crash": "FALSE",
        "VehiclesAy": "{(EgoVehicle↦0.0),(Vehicles2↦0.0),(Vehicles3↦0.0),(Vehicles4↦0.0),(Vehicles5↦0.0)}",
        "Reward": "0.7333333335423808",
        "VehiclesAx": "{(EgoVehicle↦0.0),(Vehicles2↦0.009683109819889069),(Vehicles3↦0.002313181757926941),(Vehicles4↦-0.01986101269721985),(Vehicles5↦0.01455068588256836)}",
        "VehiclesVx": "{(EgoVehicle↦20.0),(Vehicles2↦0.34690011292696),(Vehicles3↦0.7254569977521896),(Vehicles4↦0.6047490239143372),(Vehicles5↦0.4719196632504463)}",
        "VehiclesY": "{(EgoVehicle↦8.000000238418579),(Vehicles2↦-4.0000001192092896),(Vehicles3↦0.0),(Vehicles4↦-8.000000238418579),(Vehicles5↦-4.0000001192092896)}",
        "VehiclesVy": "{(EgoVehicle↦0.0),(Vehicles2↦0.0),(Vehicles3↦0.0),(Vehicles4↦0.0),(Vehicles5↦0.0)}",
        "VehiclesX": "{(EgoVehicle↦200.0),(Vehicles2↦-5.891318246722221),(Vehicles3↦35.542625188827515),(Vehicles4↦50.31188726425171),(Vehicles5↦59.71207618713379)}"
      },
      "probabilisticVariables": null,
      "activating": [
        "IDLE_43"
      ],
      "activatingOnlyWhenExecuted": true,
      "updating": null,
      "withPredicate": null
    },
    {
      "id": "IDLE_43",
      "execute": "IDLE",
      "after": "1000",
      "priority": 0,
      "additionalGuards": null,
      "activationKind": null,
      "fixedVariables": {
        "Crash": "FALSE",
        "VehiclesAy": "{(EgoVehicle↦0.0),(Vehicles2↦0.0),(Vehicles3↦0.0),(Vehicles4↦0.0),(Vehicles5↦0.0)}",
        "Reward": "0.7333333333608621",
        "VehiclesAx": "{(EgoVehicle↦0.0),(Vehicles2↦0.009913519024848938),(Vehicles3↦0.002538934350013733),(Vehicles4↦-0.018473714590072632),(Vehicles5↦0.014437325298786163)}",
        "VehiclesVx": "{(EgoVehicle↦20.0),(Vehicles2↦0.35681363195180893),(Vehicles3↦0.7279959321022034),(Vehicles4↦0.5862753093242645),(Vehicles5↦0.4863569885492325)}",
        "VehiclesY": "{(EgoVehicle↦8.000000238418579),(Vehicles2↦-4.0000001192092896),(Vehicles3↦0.0),(Vehicles4↦-8.000000238418579),(Vehicles5↦-4.0000001192092896)}",
        "VehiclesVy": "{(EgoVehicle↦0.0),(Vehicles2↦0.0),(Vehicles3↦0.0),(Vehicles4↦0.0),(Vehicles5↦0.0)}",
        "VehiclesX": "{(EgoVehicle↦200.0),(Vehicles2↦-5.540469661355019),(Vehicles3↦36.2690806388855),(Vehicles4↦50.9091317653656),(Vehicles5↦60.18977761268616)}"
      },
      "probabilisticVariables": null,
      "activating": [
        "IDLE_44"
      ],
      "activatingOnlyWhenExecuted": true,
      "updating": null,
      "withPredicate": null
    },
    {
      "id": "IDLE_44",
      "execute": "IDLE",
      "after": "1000",
      "priority": 0,
      "additionalGuards": null,
      "activationKind": null,
      "fixedVariables": {
        "Crash": "FALSE",
        "VehiclesAy": "{(EgoVehicle↦0.0),(Vehicles2↦0.0),(Vehicles3↦0.0),(Vehicles4↦0.0),(Vehicles5↦0.0)}",
        "Reward": "0.7333333333369585",
        "VehiclesAx": "{(EgoVehicle↦0.0),(Vehicles2↦0.01011587679386139),(Vehicles3↦0.0027435272932052612),(Vehicles4↦-0.017072223126888275),(Vehicles5↦0.014309175312519073)}",
        "VehiclesVx": "{(EgoVehicle↦20.0),(Vehicles2↦0.3669295087456703),(Vehicles3↦0.7307394593954086),(Vehicles4↦0.5692030861973763),(Vehicles5↦0.5006661638617516)}",
        "VehiclesY": "{(EgoVehicle↦8.000000238418579),(Vehicles2↦-4.0000001192092896),(Vehicles3↦0.0),(Vehicles4↦-8.000000238418579),(Vehicles5↦-4.0000001192092896)}",
        "VehiclesVy": "{(EgoVehicle↦0.0),(Vehicles2↦0.0),(Vehicles3↦0.0),(Vehicles4↦0.0),(Vehicles5↦0.0)}",
        "VehiclesX": "{(EgoVehicle↦200.0),(Vehicles2↦-5.179625004529953),(Vehicles3↦36.9981586933136),(Vehicles4↦51.48846507072449),(Vehicles5↦60.68187355995178)}"
      },
      "probabilisticVariables": null,
      "activating": [
        "IDLE_45"
      ],
      "activatingOnlyWhenExecuted": true,
      "updating": null,
      "withPredicate": null
    },
    {
      "id": "IDLE_45",
      "execute": "IDLE",
      "after": "1000",
      "priority": 0,
      "additionalGuards": null,
      "activationKind": null,
      "fixedVariables": {
        "Crash": "FALSE",
        "VehiclesAy": "{(EgoVehicle↦0.0),(Vehicles2↦0.0),(Vehicles3↦0.0),(Vehicles4↦0.0),(Vehicles5↦0.0)}",
        "Reward": "0.7333333333338108",
        "VehiclesAx": "{(EgoVehicle↦0.0),(Vehicles2↦0.0102919340133667),(Vehicles3↦0.00292852520942688),(Vehicles4↦-0.01566823571920395),(Vehicles5↦0.014168694615364075)}",
        "VehiclesVx": "{(EgoVehicle↦20.0),(Vehicles2↦0.377221442759037),(Vehicles3↦0.7336679846048355),(Vehicles4↦0.5535348504781723),(Vehicles5↦0.5148348584771156)}",
        "VehiclesY": "{(EgoVehicle↦8.000000238418579),(Vehicles2↦-4.0000001192092896),(Vehicles3↦0.0),(Vehicles4↦-8.000000238418579),(Vehicles5↦-4.0000001192092896)}",
        "VehiclesVy": "{(EgoVehicle↦0.0),(Vehicles2↦0.0),(Vehicles3↦0.0),(Vehicles4↦0.0),(Vehicles5↦0.0)}",
        "VehiclesX": "{(EgoVehicle↦200.0),(Vehicles2↦-4.808591678738594),(Vehicles3↦37.730056047439575),(Vehicles4↦52.05129384994507),(Vehicles5↦61.188215017318726)}"
      },
      "probabilisticVariables": null,
      "activating": [
        "IDLE_46"
      ],
      "activatingOnlyWhenExecuted": true,
      "updating": null,
      "withPredicate": null
    },
    {
      "id": "IDLE_46",
      "execute": "IDLE",
      "after": "1000",
      "priority": 0,
      "additionalGuards": null,
      "activationKind": null,
      "fixedVariables": {
        "Crash": "FALSE",
        "VehiclesAy": "{(EgoVehicle↦0.0),(Vehicles2↦0.0),(Vehicles3↦0.0),(Vehicles4↦0.0),(Vehicles5↦0.0)}",
        "Reward": "0.7333333333333961",
        "VehiclesAx": "{(EgoVehicle↦0.0),(Vehicles2↦0.01044340431690216),(Vehicles3↦0.0030951201915740967),(Vehicles4↦-0.014272108674049377),(Vehicles5↦0.01401808112859726)}",
        "VehiclesVx": "{(EgoVehicle↦20.0),(Vehicles2↦0.3876648470759392),(Vehicles3↦0.7367631047964096),(Vehicles4↦0.5392627418041229),(Vehicles5↦0.5288529396057129)}",
        "VehiclesY": "{(EgoVehicle↦8.000000238418579),(Vehicles2↦-4.0000001192092896),(Vehicles3↦0.0),(Vehicles4↦-8.000000238418579),(Vehicles5↦-4.0000001192092896)}",
        "VehiclesVy": "{(EgoVehicle↦0.0),(Vehicles2↦0.0),(Vehicles3↦0.0),(Vehicles4↦0.0),(Vehicles5↦0.0)}",
        "VehiclesX": "{(EgoVehicle↦200.0),(Vehicles2↦-4.42720428109169),(Vehicles3↦38.464948534965515),(Vehicles4↦52.59900689125061),(Vehicles5↦61.70867085456848)}"
      },
      "probabilisticVariables": null,
      "activating": [
        "IDLE_47"
      ],
      "activatingOnlyWhenExecuted": true,
      "updating": null,
      "withPredicate": null
    },
    {
      "id": "IDLE_47",
      "execute": "IDLE",
      "after": "1000",
      "priority": 0,
      "additionalGuards": null,
      "activationKind": null,
      "fixedVariables": {
        "Crash": "FALSE",
        "VehiclesAy": "{(EgoVehicle↦0.0),(Vehicles2↦0.0),(Vehicles3↦0.0),(Vehicles4↦0.0),(Vehicles5↦0.0)}",
        "Reward": "0.7333333333333415",
        "VehiclesAx": "{(EgoVehicle↦0.0),(Vehicles2↦0.010571815073490143),(Vehicles3↦0.003244653344154358),(Vehicles4↦-0.01289326697587967),(Vehicles5↦0.013859160244464874)}",
        "VehiclesVx": "{(EgoVehicle↦20.0),(Vehicles2↦0.3982366621494293),(Vehicles3↦0.740007758140564),(Vehicles4↦0.5263694748282433),(Vehicles5↦0.5427120998501778)}",
        "VehiclesY": "{(EgoVehicle↦8.000000238418579),(Vehicles2↦-4.0000001192092896),(Vehicles3↦0.0),(Vehicles4↦-8.000000238418579),(Vehicles5↦-4.0000001192092896)}",
        "VehiclesVy": "{(EgoVehicle↦0.0),(Vehicles2↦0.0),(Vehicles3↦0.0),(Vehicles4↦0.0),(Vehicles5↦0.0)}",
        "VehiclesX": "{(EgoVehicle↦200.0),(Vehicles2↦-4.03531976044178),(Vehicles3↦39.20300006866455),(Vehicles4↦53.133004903793335),(Vehicles5↦62.243080139160156)}"
      },
      "probabilisticVariables": null,
      "activating": [
        "IDLE_48"
      ],
      "activatingOnlyWhenExecuted": true,
      "updating": null,
      "withPredicate": null
    },
    {
      "id": "IDLE_48",
      "execute": "IDLE",
      "after": "1000",
      "priority": 0,
      "additionalGuards": null,
      "activationKind": null,
      "fixedVariables": {
        "Crash": "FALSE",
        "VehiclesAy": "{(EgoVehicle↦0.0),(Vehicles2↦0.0),(Vehicles3↦0.0),(Vehicles4↦0.0),(Vehicles5↦0.0)}",
        "Reward": "0.7333333333333344",
        "VehiclesAx": "{(EgoVehicle↦0.0),(Vehicles2↦0.010678991675376892),(Vehicles3↦0.00337846577167511),(Vehicles4↦-0.01153990626335144),(Vehicles5↦0.01369372010231018)}",
        "VehiclesVx": "{(EgoVehicle↦20.0),(Vehicles2↦0.4089156538248062),(Vehicles3↦0.7433862239122391),(Vehicles4↦0.5148295685648918),(Vehicles5↦0.556405819952488)}",
        "VehiclesY": "{(EgoVehicle↦8.000000238418579),(Vehicles2↦-4.0000001192092896),(Vehicles3↦0.0),(Vehicles4↦-8.000000238418579),(Vehicles5↦-4.0000001192092896)}",
        "VehiclesVy": "{(EgoVehicle↦0.0),(Vehicles2↦0.0),(Vehicles3↦0.0),(Vehicles4↦0.0),(Vehicles5↦0.0)}",
        "VehiclesX": "{(EgoVehicle↦200.0),(Vehicles2↦-3.632819280028343),(Vehicles3↦39.944347739219666),(Vehicles4↦53.65464687347412),(Vehicles5↦62.791281938552856)}"
      },
      "probabilisticVariables": null,
      "activating": [
        "IDLE_49"
      ],
      "activatingOnlyWhenExecuted": true,
      "updating": null,
      "withPredicate": null
    },
    {
      "id": "IDLE_49",
      "execute": "IDLE",
      "after": "1000",
      "priority": 0,
      "additionalGuards": null,
      "activationKind": null,
      "fixedVariables": {
        "Crash": "FALSE",
        "VehiclesAy": "{(EgoVehicle↦0.0),(Vehicles2↦0.0),(Vehicles3↦0.0),(Vehicles4↦0.0),(Vehicles5↦0.0)}",
        "Reward": "0.7333333333333334",
        "VehiclesAx": "{(EgoVehicle↦0.0),(Vehicles2↦0.01076631247997284),(Vehicles3↦0.0034974515438079834),(Vehicles4↦-0.010219328105449677),(Vehicles5↦0.01352306455373764)}",
        "VehiclesVx": "{(EgoVehicle↦20.0),(Vehicles2↦0.41968196630477905),(Vehicles3↦0.7468836754560471),(Vehicles4↦0.5046102404594421),(Vehicles5↦0.5699288845062256)}",
        "VehiclesY": "{(EgoVehicle↦8.000000238418579),(Vehicles2↦-4.0000001192092896),(Vehicles3↦0.0),(Vehicles4↦-8.000000238418579),(Vehicles5↦-4.0000001192092896)}",
        "VehiclesVy": "{(EgoVehicle↦0.0),(Vehicles2↦0.0),(Vehicles3↦0.0),(Vehicles4↦0.0),(Vehicles5↦0.0)}",
        "VehiclesX": "{(EgoVehicle↦200.0),(Vehicles2↦-3.2196033746004105),(Vehicles3↦40.689122676849365),(Vehicles4↦54.16528582572937),(Vehicles5↦63.35310935974121)}"
      },
      "probabilisticVariables": null,
      "activating": [
        "IDLE_50"
      ],
      "activatingOnlyWhenExecuted": true,
      "updating": null,
      "withPredicate": null
    },
    {
      "id": "IDLE_50",
      "execute": "IDLE",
      "after": "1000",
      "priority": 0,
      "additionalGuards": null,
      "activationKind": null,
      "fixedVariables": {
        "Crash": "FALSE",
        "VehiclesAy": "{(EgoVehicle↦0.0),(Vehicles2↦0.0),(Vehicles3↦0.0),(Vehicles4↦0.0),(Vehicles5↦0.0)}",
        "Reward": "0.7333333333333334",
        "VehiclesAx": "{(EgoVehicle↦0.0),(Vehicles2↦0.010835304856300354),(Vehicles3↦0.003602951765060425),(Vehicles4↦-0.008937381207942963),(Vehicles5↦0.01334846019744873)}",
        "VehiclesVx": "{(EgoVehicle↦20.0),(Vehicles2↦0.4305172711610794),(Vehicles3↦0.7504866272211075),(Vehicles4↦0.4956728592514992),(Vehicles5↦0.5832773447036743)}",
        "VehiclesY": "{(EgoVehicle↦8.000000238418579),(Vehicles2↦-4.0000001192092896),(Vehicles3↦0.0),(Vehicles4↦-8.000000238418579),(Vehicles5↦-4.0000001192092896)}",
        "VehiclesVy": "{(EgoVehicle↦0.0),(Vehicles2↦0.0),(Vehicles3↦0.0),(Vehicles4↦0.0),(Vehicles5↦0.0)}",
        "VehiclesX": "{(EgoVehicle↦200.0),(Vehicles2↦-2.795592322945595),(Vehicles3↦41.43744111061096),(Vehicles4↦54.666221141815186),(Vehicles5↦63.92839550971985)}"
      },
      "probabilisticVariables": null,
      "activating": [
        "IDLE_51"
      ],
      "activatingOnlyWhenExecuted": true,
      "updating": null,
      "withPredicate": null
    },
    {
      "id": "IDLE_51",
      "execute": "IDLE",
      "after": "1000",
      "priority": 0,
      "additionalGuards": null,
      "activationKind": null,
      "fixedVariables": {
        "Crash": "FALSE",
        "VehiclesAy": "{(EgoVehicle↦0.0),(Vehicles2↦0.0),(Vehicles3↦0.0),(Vehicles4↦0.0),(Vehicles5↦0.0)}",
        "Reward": "0.7333333333333334",
        "VehiclesAx": "{(EgoVehicle↦0.0),(Vehicles2↦0.010887496173381805),(Vehicles3↦0.0036957859992980957),(Vehicles4↦-0.007699355483055115),(Vehicles5↦0.013170987367630005)}",
        "VehiclesVx": "{(EgoVehicle↦20.0),(Vehicles2↦0.4414047673344612),(Vehicles3↦0.7541824132204056),(Vehicles4↦0.48797350376844406),(Vehicles5↦0.5964483320713043)}",
        "VehiclesY": "{(EgoVehicle↦8.000000238418579),(Vehicles2↦-4.0000001192092896),(Vehicles3↦0.0),(Vehicles4↦-8.000000238418579),(Vehicles5↦-4.0000001192092896)}",
        "VehiclesVy": "{(EgoVehicle↦0.0),(Vehicles2↦0.0),(Vehicles3↦0.0),(Vehicles4↦0.0),(Vehicles5↦0.0)}",
        "VehiclesX": "{(EgoVehicle↦200.0),(Vehicles2↦-2.360723540186882),(Vehicles3↦42.189398407936096),(Vehicles4↦55.158716440200806),(Vehicles5↦64.51695561408997)}"
      },
      "probabilisticVariables": null,
      "activating": [
        "IDLE_52"
      ],
      "activatingOnlyWhenExecuted": true,
      "updating": null,
      "withPredicate": null
    },
    {
      "id": "IDLE_52",
      "execute": "IDLE",
      "after": "1000",
      "priority": 0,
      "additionalGuards": null,
      "activationKind": null,
      "fixedVariables": {
        "Crash": "FALSE",
        "VehiclesAy": "{(EgoVehicle↦0.0),(Vehicles2↦0.0),(Vehicles3↦0.0),(Vehicles4↦0.0),(Vehicles5↦0.0)}",
        "Reward": "0.7333333333333334",
        "VehiclesAx": "{(EgoVehicle↦0.0),(Vehicles2↦0.01092415302991867),(Vehicles3↦0.0037770718336105347),(Vehicles4↦-0.0065091997385025024),(Vehicles5↦0.012991465628147125)}",
        "VehiclesVx": "{(EgoVehicle↦20.0),(Vehicles2↦0.4523289203643799),(Vehicles3↦0.7579594850540161),(Vehicles4↦0.48146430402994156),(Vehicles5↦0.6094397976994514)}",
        "VehiclesY": "{(EgoVehicle↦8.000000238418579),(Vehicles2↦-4.0000001192092896),(Vehicles3↦0.0),(Vehicles4↦-8.000000238418579),(Vehicles5↦-4.0000001192092896)}",
        "VehiclesVy": "{(EgoVehicle↦0.0),(Vehicles2↦0.0),(Vehicles3↦0.0),(Vehicles4↦0.0),(Vehicles5↦0.0)}",
        "VehiclesX": "{(EgoVehicle↦200.0),(Vehicles2↦-1.914951391518116),(Vehicles3↦42.94508695602417),(Vehicles4↦55.643993616104126),(Vehicles5↦65.11861681938171)}"
      },
      "probabilisticVariables": null,
      "activating": [
        "IDLE_53"
      ],
      "activatingOnlyWhenExecuted": true,
      "updating": null,
      "withPredicate": null
    },
    {
      "id": "IDLE_53",
      "execute": "IDLE",
      "after": "1000",
      "priority": 0,
      "additionalGuards": null,
      "activationKind": null,
      "fixedVariables": {
        "Crash": "FALSE",
        "VehiclesAy": "{(EgoVehicle↦0.0),(Vehicles2↦0.0),(Vehicles3↦0.0),(Vehicles4↦0.0),(Vehicles5↦0.0)}",
        "Reward": "0.7333333333333334",
        "VehiclesAx": "{(EgoVehicle↦0.0),(Vehicles2↦0.010946467518806458),(Vehicles3↦0.003847554326057434),(Vehicles4↦-0.005370117723941803),(Vehicles5↦0.012810751795768738)}",
        "VehiclesVx": "{(EgoVehicle↦20.0),(Vehicles2↦0.46327538788318634),(Vehicles3↦0.7618070393800735),(Vehicles4↦0.47609418630599976),(Vehicles5↦0.6222505494952202)}",
        "VehiclesY": "{(EgoVehicle↦8.000000238418579),(Vehicles2↦-4.0000001192092896),(Vehicles3↦0.0),(Vehicles4↦-8.000000238418579),(Vehicles5↦-4.0000001192092896)}",
        "VehiclesVy": "{(EgoVehicle↦0.0),(Vehicles2↦0.0),(Vehicles3↦0.0),(Vehicles4↦0.0),(Vehicles5↦0.0)}",
        "VehiclesX": "{(EgoVehicle↦200.0),(Vehicles2↦-1.4582451432943344),(Vehicles3↦43.704578280448914),(Vehicles4↦56.123220920562744),(Vehicles5↦65.73319435119629)}"
      },
      "probabilisticVariables": null,
      "activating": [
        "IDLE_54"
      ],
      "activatingOnlyWhenExecuted": true,
      "updating": null,
      "withPredicate": null
    },
    {
      "id": "IDLE_54",
      "execute": "IDLE",
      "after": "1000",
      "priority": 0,
      "additionalGuards": null,
      "activationKind": null,
      "fixedVariables": {
        "Crash": "FALSE",
        "VehiclesAy": "{(EgoVehicle↦0.0),(Vehicles2↦0.0),(Vehicles3↦0.0),(Vehicles4↦0.0),(Vehicles5↦0.0)}",
        "Reward": "0.7333333333333334",
        "VehiclesAx": "{(EgoVehicle↦0.0),(Vehicles2↦0.010955780744552612),(Vehicles3↦0.003908127546310425),(Vehicles4↦-0.004284568130970001),(Vehicles5↦0.012629516422748566)}",
        "VehiclesVx": "{(EgoVehicle↦20.0),(Vehicles2↦0.47423116862773895),(Vehicles3↦0.765715166926384),(Vehicles4↦0.47180961817502975),(Vehicles5↦0.6348800659179688)}",
        "VehiclesY": "{(EgoVehicle↦8.000000238418579),(Vehicles2↦-4.0000001192092896),(Vehicles3↦0.0),(Vehicles4↦-8.000000238418579),(Vehicles5↦-4.0000001192092896)}",
        "VehiclesVy": "{(EgoVehicle↦0.0),(Vehicles2↦0.0),(Vehicles3↦0.0),(Vehicles4↦0.0),(Vehicles5↦0.0)}",
        "VehiclesX": "{(EgoVehicle↦200.0),(Vehicles2↦-0.9905877523124218),(Vehicles3↦44.46794390678406),(Vehicles4↦56.59751892089844),(Vehicles5↦66.36050939559937)}"
      },
      "probabilisticVariables": null,
      "activating": [
        "IDLE_55"
      ],
      "activatingOnlyWhenExecuted": true,
      "updating": null,
      "withPredicate": null
    },
    {
      "id": "IDLE_55",
      "execute": "IDLE",
      "after": "1000",
      "priority": 0,
      "additionalGuards": null,
      "activationKind": null,
      "fixedVariables": {
        "Crash": "FALSE",
        "VehiclesAy": "{(EgoVehicle↦0.0),(Vehicles2↦0.0),(Vehicles3↦0.0),(Vehicles4↦0.0),(Vehicles5↦0.0)}",
        "Reward": "0.7333333333333334",
        "VehiclesAx": "{(EgoVehicle↦0.0),(Vehicles2↦0.010953135788440704),(Vehicles3↦0.003959685564041138),(Vehicles4↦-0.0032539665699005127),(Vehicles5↦0.012448206543922424)}",
        "VehiclesVx": "{(EgoVehicle↦20.0),(Vehicles2↦0.48518430441617966),(Vehicles3↦0.7696748524904251),(Vehicles4↦0.46855565160512924),(Vehicles5↦0.6473282724618912)}",
        "VehiclesY": "{(EgoVehicle↦8.000000238418579),(Vehicles2↦-4.0000001192092896),(Vehicles3↦0.0),(Vehicles4↦-8.000000238418579),(Vehicles5↦-4.0000001192092896)}",
        "VehiclesVy": "{(EgoVehicle↦0.0),(Vehicles2↦0.0),(Vehicles3↦0.0),(Vehicles4↦0.0),(Vehicles5↦0.0)}",
        "VehiclesX": "{(EgoVehicle↦200.0),(Vehicles2↦-0.5119746550917625),(Vehicles3↦45.23524045944214),(Vehicles4↦57.06794261932373),(Vehicles5↦67.00038313865662)}"
      },
      "probabilisticVariables": null,
      "activating": [
        "FASTER_56"
      ],
      "activatingOnlyWhenExecuted": true,
      "updating": null,
      "withPredicate": null
    },
    {
      "id": "FASTER_56",
      "execute": "FASTER",
      "after": "1000",
      "priority": 0,
      "additionalGuards": null,
      "activationKind": null,
      "fixedVariables": {
        "Crash": "FALSE",
        "VehiclesAy": "{(EgoVehicle↦0.0),(Vehicles2↦0.0),(Vehicles3↦0.0),(Vehicles4↦0.0),(Vehicles5↦0.0)}",
        "Reward": "0.8491083676268861",
        "VehiclesAx": "{(EgoVehicle↦4.341564178466797),(Vehicles2↦-4.330624155700207),(Vehicles3↦-4.337560907006264),(Vehicles4↦-4.343843124806881),(Vehicles5↦-4.329296126961708)}",
        "VehiclesVx": "{(EgoVehicle↦24.341564178466797),(Vehicles2↦-3.845439851284027),(Vehicles3↦-3.5678860545158386),(Vehicles4↦-3.8752874732017517),(Vehicles5↦-3.681967854499817)}",
        "VehiclesY": "{(EgoVehicle↦8.000000238418579),(Vehicles2↦-4.0000001192092896),(Vehicles3↦2.6645352591003757E-15),(Vehicles4↦-8.000000238418579),(Vehicles5↦-4.0000001192092896)}",
        "VehiclesVy": "{(EgoVehicle↦0.0),(Vehicles2↦0.0),(Vehicles3↦0.0),(Vehicles4↦0.0),(Vehicles5↦0.0)}",
        "VehiclesX": "{(EgoVehicle↦200.0),(Vehicles2↦-2.4174747988581657),(Vehicles3↦43.61145198345184),(Vehicles4↦55.14044761657715),(Vehicles5↦65.25757312774658)}"
      },
      "probabilisticVariables": null,
      "activating": [
        "IDLE_57"
      ],
      "activatingOnlyWhenExecuted": true,
      "updating": null,
      "withPredicate": null
    },
    {
      "id": "IDLE_57",
      "execute": "IDLE",
      "after": "1000",
      "priority": 0,
      "additionalGuards": null,
      "activationKind": null,
      "fixedVariables": {
        "Crash": "FALSE",
        "VehiclesAy": "{(EgoVehicle↦0.0),(Vehicles2↦0.0),(Vehicles3↦0.0),(Vehicles4↦0.0),(Vehicles5↦0.0)}",
        "Reward": "0.864354462677889",
        "VehiclesAx": "{(EgoVehicle↦0.5717277526855469),(Vehicles2↦-0.5608123540878296),(Vehicles3↦-0.5676904320716858),(Vehicles4↦-0.5730897188186646),(Vehicles5↦-0.5596411228179932)}",
        "VehiclesVx": "{(EgoVehicle↦24.913291931152344),(Vehicles2↦-4.406252205371857),(Vehicles3↦-4.135576486587524),(Vehicles4↦-4.448377192020416),(Vehicles5↦-4.24160897731781)}",
        "VehiclesY": "{(EgoVehicle↦8.000000238418579),(Vehicles2↦-4.0000001192092896),(Vehicles3↦2.6645352591003757E-15),(Vehicles4↦-8.000000238418579),(Vehicles5↦-4.0000001192092896)}",
        "VehiclesVy": "{(EgoVehicle↦0.0),(Vehicles2↦0.0),(Vehicles3↦0.0),(Vehicles4↦0.0),(Vehicles5↦0.0)}",
        "VehiclesX": "{(EgoVehicle↦200.0),(Vehicles2↦-6.5739452838897705),(Vehicles3↦39.729779958724976),(Vehicles4↦50.9491503238678),(Vehicles5↦61.26505136489868)}"
      },
      "probabilisticVariables": null,
      "activating": [
        "IDLE_58"
      ],
      "activatingOnlyWhenExecuted": true,
      "updating": null,
      "withPredicate": null
    },
    {
      "id": "IDLE_58",
      "execute": "IDLE",
      "after": "1000",
      "priority": 0,
      "additionalGuards": null,
      "activationKind": null,
      "fixedVariables": {
        "Crash": "FALSE",
        "VehiclesAy": "{(EgoVehicle↦1.7763568394002505E-14),(Vehicles2↦-1.7763568394002505E-14),(Vehicles3↦-1.7763568394002505E-14),(Vehicles4↦-1.7763568394002505E-14),(Vehicles5↦0.0)}",
        "Reward": "0.8663621788985972",
        "VehiclesAx": "{(EgoVehicle↦0.07529020309448242),(Vehicles2↦0.1994529366493225),(Vehicles3↦-0.38858890533447266),(Vehicles4↦0.14338821172714233),(Vehicles5↦0.10423600673675537)}",
        "VehiclesVx": "{(EgoVehicle↦24.988582134246826),(Vehicles2↦-4.206799268722534),(Vehicles3↦-4.524165391921997),(Vehicles4↦-4.304988980293274),(Vehicles5↦-4.137372970581055)}",
        "VehiclesY": "{(EgoVehicle↦8.000000238418579),(Vehicles2↦2.6645352591003757E-15),(Vehicles3↦-8.000000238418579),(Vehicles4↦-4.0000001192092896),(Vehicles5↦0.0)}",
        "VehiclesVy": "{(EgoVehicle↦1.7763568394002505E-14),(Vehicles2↦-1.7763568394002505E-14),(Vehicles3↦-1.7763568394002505E-14),(Vehicles4↦-1.7763568394002505E-14),(Vehicles5↦0.0)}",
        "VehiclesX": "{(EgoVehicle↦200.0),(Vehicles2↦35.5542927980423),(Vehicles3↦46.45897150039673),(Vehicles4↦56.98668956756592),(Vehicles5↦108.55778455734253)}"
      },
      "probabilisticVariables": null,
      "activating": [
        "IDLE_59"
      ],
      "activatingOnlyWhenExecuted": true,
      "updating": null,
      "withPredicate": null
    },
    {
      "id": "IDLE_59",
      "execute": "IDLE",
      "after": "1000",
      "priority": 0,
      "additionalGuards": null,
      "activationKind": null,
      "fixedVariables": {
        "Crash": "FALSE",
        "VehiclesAy": "{(EgoVehicle↦-1.7763568394002505E-14),(Vehicles2↦1.7763568394002505E-14),(Vehicles3↦1.7763568394002505E-14),(Vehicles4↦1.7763568394002505E-14),(Vehicles5↦0.0)}",
        "Reward": "0.8666265695120238",
        "VehiclesAx": "{(EgoVehicle↦0.009913444519042969),(Vehicles2↦-0.005826056003570557),(Vehicles3↦-0.009606480598449707),(Vehicles4↦0.0018173456192016602),(Vehicles5↦-0.00489354133605957)}",
        "VehiclesVx": "{(EgoVehicle↦24.99849557876587),(Vehicles2↦-4.212625324726105),(Vehicles3↦-4.533771872520447),(Vehicles4↦-4.303171634674072),(Vehicles5↦-4.142266511917114)}",
        "VehiclesY": "{(EgoVehicle↦8.000000238418579),(Vehicles2↦0.0),(Vehicles3↦-8.000000238418579),(Vehicles4↦-4.0000001192092896),(Vehicles5↦0.0)}",
        "VehiclesVy": "{(EgoVehicle↦0.0),(Vehicles2↦0.0),(Vehicles3↦0.0),(Vehicles4↦0.0),(Vehicles5↦0.0)}",
        "VehiclesX": "{(EgoVehicle↦200.0),(Vehicles2↦31.34365975856781),(Vehicles3↦41.929396986961365),(Vehicles4↦52.68093943595886),(Vehicles5↦104.4169545173645)}"
      },
      "probabilisticVariables": null,
      "activating": [
        "LANE_LEFT_60"
      ],
      "activatingOnlyWhenExecuted": true,
      "updating": null,
      "withPredicate": null
    },
    {
      "id": "LANE_LEFT_60",
      "execute": "LANE_LEFT",
      "after": "1000",
      "priority": 0,
      "additionalGuards": null,
      "activationKind": null,
      "fixedVariables": {
        "Crash": "FALSE",
        "VehiclesAy": "{(EgoVehicle↦-1.0796057432889938),(Vehicles2↦1.0796057432889938),(Vehicles3↦1.0796057432889938),(Vehicles4↦1.0796057432889938),(Vehicles5↦1.0796057432889938)}",
        "Reward": "0.8327061321626962",
        "VehiclesAx": "{(EgoVehicle↦-0.02201557159423828),(Vehicles2↦0.02612084150314331),(Vehicles3↦0.02307713031768799),(Vehicles4↦0.03357350826263428),(Vehicles5↦0.02692878246307373)}",
        "VehiclesVx": "{(EgoVehicle↦24.97648000717163),(Vehicles2↦-4.186504483222961),(Vehicles3↦-4.510694742202759),(Vehicles4↦-4.269598126411438),(Vehicles5↦-4.1153377294540405)}",
        "VehiclesY": "{(EgoVehicle↦4.340023756027222),(Vehicles2↦3.6599761247634888),(Vehicles3↦-4.340023756027222),(Vehicles4↦-0.34002386033535004),(Vehicles5↦3.6599761247634888)}",
        "VehiclesVy": "{(EgoVehicle↦-1.0796057432889938),(Vehicles2↦1.0796057432889938),(Vehicles3↦1.0796057432889938),(Vehicles4↦1.0796057432889938),(Vehicles5↦1.0796057432889938)}",
        "VehiclesX": "{(EgoVehicle↦200.0),(Vehicles2↦27.45172083377838),(Vehicles3↦37.715038657188416),(Vehicles4↦48.70144724845886),(Vehicles5↦100.59571266174316)}"
      },
      "probabilisticVariables": null,
      "activating": [
        "IDLE_61"
      ],
      "activatingOnlyWhenExecuted": true,
      "updating": null,
      "withPredicate": null
    },
    {
      "id": "IDLE_61",
      "execute": "IDLE",
      "after": "1000",
      "priority": 0,
      "additionalGuards": null,
      "activationKind": null,
      "fixedVariables": {
        "Crash": "FALSE",
        "VehiclesAy": "{(EgoVehicle↦1.0414928873069584),(Vehicles2↦-1.0414928873069584),(Vehicles3↦-1.0414928873069584),(Vehicles4↦-1.0414928873069584),(Vehicles5↦1.1177185992710292)}",
        "Reward": "0.8333318632715421",
        "VehiclesAx": "{(EgoVehicle↦0.02346515655517578),(Vehicles2↦-0.019350051879882812),(Vehicles3↦-0.021704435348510742),(Vehicles4↦-0.012081265449523926),(Vehicles5↦-0.018658041954040527)}",
        "VehiclesVx": "{(EgoVehicle↦24.999945163726807),(Vehicles2↦-4.205854535102844),(Vehicles3↦-4.5323991775512695),(Vehicles4↦-4.281679391860962),(Vehicles5↦-4.133995771408081)}",
        "VehiclesY": "{(EgoVehicle↦4.011500000953674),(Vehicles2↦3.988499879837036),(Vehicles3↦-4.011500000953674),(Vehicles4↦-0.0115001171361655),(Vehicles5↦3.988499879837036)}",
        "VehiclesVy": "{(EgoVehicle↦-0.0381128559820354),(Vehicles2↦0.0381128559820354),(Vehicles3↦0.0381128559820354),(Vehicles4↦0.0381128559820354),(Vehicles5↦0.0381128559820354)}",
        "VehiclesX": "{(EgoVehicle↦200.0),(Vehicles2↦23.24715107679367),(Vehicles3↦33.18528234958649),(Vehicles4↦44.41670775413513),(Vehicles5↦96.46259546279907)}"
      },
      "probabilisticVariables": null,
      "activating": null,
      "activatingOnlyWhenExecuted": true,
      "updating": null,
      "withPredicate": null
    }
  ],
  "listeners": [],
  "metadata": {
    "fileType": "Timed_Trace",
    "formatVersion": 3,
    "savedAt": "2023-08-21T06:51:56.479451Z",
    "creator": "Simulation: HYPOTHESIS_TEST; SIGNIFICANCE : 0.05, PROBABILITY : 0.95, MAX_STEPS_BEFORE_PROPERTY : 0, EXECUTIONS : 1000, PREDICATE : Crash = FALSE, ENDING_TIME : 60000, HYPOTHESIS_CHECKING_TYPE : LEFT_TAILED, CHECKING_TYPE : PREDICATE_INVARIANT",
    "proB2KernelVersion": "4.12.2",
    "proBCliVersion": "1.12.2-final",
    "modelName": "HighwayEnvironment2"
  }
}