{
  "variables": {},
  "activations": [
    {
      "id": "$setup_constants",
      "execute": "$setup_constants",
      "after": "0",
      "priority": 0,
      "additionalGuards": null,
      "activationKind": null,
      "fixedVariables": null,
      "probabilisticVariables": null,
      "activating": null,
      "activatingOnlyWhenExecuted": true,
      "updating": null,
      "withPredicate": null
    },
    {
      "id": "$initialise_machine",
      "execute": "$initialise_machine",
      "after": "0",
      "priority": 0,
      "additionalGuards": null,
      "activationKind": null,
      "fixedVariables": {
        "Crash": "FALSE",
        "VehiclesAy": "{(EgoVehicle↦0.0),(Vehicles2↦0.0),(Vehicles3↦0.0),(Vehicles4↦0.0),(Vehicles5↦0.0)}",
        "Reward": "0.0",
        "VehiclesAx": "{(EgoVehicle↦0.0),(Vehicles2↦0.0),(Vehicles3↦0.0),(Vehicles4↦0.0),(Vehicles5↦0.0)}",
        "VehiclesVx": "{(EgoVehicle↦25.0),(Vehicles2↦-3.4798428416252136),(Vehicles3↦-2.0113325119018555),(Vehicles4↦-2.7055951952934265),(Vehicles5↦-1.474301517009735)}",
        "VehiclesY": "{(EgoVehicle↦4.0000001192092896),(Vehicles2↦0.0),(Vehicles3↦-4.0000001192092896),(Vehicles4↦0.0),(Vehicles5↦0.0)}",
        "VehiclesVy": "{(EgoVehicle↦0.0),(Vehicles2↦0.0),(Vehicles3↦0.0),(Vehicles4↦0.0),(Vehicles5↦0.0)}",
        "VehiclesX": "{(EgoVehicle↦150.44410228729248),(Vehicles2↦24.585819244384766),(Vehicles3↦48.68934452533722),(Vehicles4↦70.63475847244263),(Vehicles5↦93.08024048805237)}"
      },
      "probabilisticVariables": null,
      "activating": [
        "LANE_RIGHT_2"
      ],
      "activatingOnlyWhenExecuted": true,
      "updating": null,
      "withPredicate": null
    },
    {
      "id": "LANE_RIGHT_2",
      "execute": "LANE_RIGHT",
      "after": "1000",
      "priority": 0,
      "additionalGuards": null,
      "activationKind": null,
      "fixedVariables": {
        "Crash": "FALSE",
        "VehiclesAy": "{(EgoVehicle↦1.0796338319778442),(Vehicles2↦-1.0796338319778442),(Vehicles3↦-1.0796338319778442),(Vehicles4↦-1.0796338319778442),(Vehicles5↦2.134754955768585)}",
        "Reward": "0.8660447183419508",
        "VehiclesAx": "{(EgoVehicle↦-0.023322105407714844),(Vehicles2↦-2.13604599237442),(Vehicles3↦-0.34223541617393494),(Vehicles4↦-5.795635282993317),(Vehicles5↦-6.265979111194611)}",
        "VehiclesVx": "{(EgoVehicle↦24.976677894592285),(Vehicles2↦-5.615888833999634),(Vehicles3↦-2.3535679280757904),(Vehicles4↦-8.501230478286743),(Vehicles5↦-7.740280628204346)}",
        "VehiclesY": "{(EgoVehicle↦7.6599647998809814),(Vehicles2↦-3.6599650382995605),(Vehicles3↦-7.6599647998809814),(Vehicles4↦-3.6599650382995605),(Vehicles5↦-0.9278430640697479)}",
        "VehiclesVy": "{(EgoVehicle↦1.0796338319778442),(Vehicles2↦-1.0796338319778442),(Vehicles3↦-1.0796338319778442),(Vehicles4↦-1.0796338319778442),(Vehicles5↦2.134754955768585)}",
        "VehiclesX": "{(EgoVehicle↦175.12434720993042),(Vehicles2↦20.546072721481323),(Vehicles3↦46.838030219078064),(Vehicles4↦65.84891676902771),(Vehicles5↦89.19826149940491)}"
      },
      "probabilisticVariables": null,
      "activating": [
        "FASTER_3"
      ],
      "activatingOnlyWhenExecuted": true,
      "updating": null,
      "withPredicate": null
    },
    {
      "id": "FASTER_3",
      "execute": "FASTER",
      "after": "1000",
      "priority": 0,
      "additionalGuards": null,
      "activationKind": null,
      "fixedVariables": {
        "Crash": "FALSE",
        "VehiclesAy": "{(EgoVehicle↦-1.0525126825086772),(Vehicles2↦-5.529427528381348),(Vehicles3↦1.0525126825086772),(Vehicles4↦1.0525126825086772),(Vehicles5↦2.3895255848765373)}",
        "Reward": "0.9824413667099782",
        "VehiclesAx": "{(EgoVehicle↦4.364874362945557),(Vehicles2↦-7.299256324768066),(Vehicles3↦-4.596120268106461),(Vehicles4↦-4.439619779586792),(Vehicles5↦-3.122631311416626)}",
        "VehiclesVx": "{(EgoVehicle↦29.341552257537842),(Vehicles2↦-12.9151451587677),(Vehicles3↦-6.949688196182251),(Vehicles4↦-12.940850257873535),(Vehicles5↦-10.862911939620972)}",
        "VehiclesY": "{(EgoVehicle↦7.993496417999268),(Vehicles2↦-4.946254849433899),(Vehicles3↦-7.993496417999268),(Vehicles4↦-3.993496298789978),(Vehicles5↦-0.09294150955975056)}",
        "VehiclesVy": "{(EgoVehicle↦0.027121149469166994),(Vehicles2↦-6.609061360359192),(Vehicles3↦-0.027121149469166994),(Vehicles4↦-0.027121149469166994),(Vehicles5↦0.2547706291079521)}",
        "VehiclesX": "{(EgoVehicle↦200.0),(Vehicles2↦11.617639660835266),(Vehicles3↦41.96900129318237),(Vehicles4↦54.51643466949463),(Vehicles5↦79.70287799835205)}"
      },
      "probabilisticVariables": null,
      "activating": [
        "IDLE_4"
      ],
      "activatingOnlyWhenExecuted": true,
      "updating": null,
      "withPredicate": null
    },
    {
      "id": "IDLE_4",
      "execute": "IDLE",
      "after": "1000",
      "priority": 0,
      "additionalGuards": null,
      "activationKind": null,
      "fixedVariables": {
        "Crash": "FALSE",
        "VehiclesAy": "{(EgoVehicle↦-0.027026898560507107),(Vehicles2↦5.870962142944336),(Vehicles3↦0.027026898560507107),(Vehicles4↦0.027026898560507107),(Vehicles5↦0.2749402425251901)}",
        "Reward": "0.9976877960072628",
        "VehiclesAx": "{(EgoVehicle↦0.571739673614502),(Vehicles2↦0.3335285186767578),(Vehicles3↦-0.7201802730560303),(Vehicles4↦0.10331034660339355),(Vehicles5↦0.1840674877166748)}",
        "VehiclesVx": "{(EgoVehicle↦29.913291931152344),(Vehicles2↦-12.581616640090942),(Vehicles3↦-7.669868469238281),(Vehicles4↦-12.837539911270142),(Vehicles5↦-10.678844451904297)}",
        "VehiclesY": "{(EgoVehicle↦8.000001668930054),(Vehicles2↦-7.731879472732544),(Vehicles3↦-8.000001668930054),(Vehicles4↦-4.000001907348633),(Vehicles5↦-0.007022898411378264)}",
        "VehiclesVy": "{(EgoVehicle↦9.42509086598875E-05),(Vehicles2↦-0.738099217414856),(Vehicles3↦-9.42509086598875E-05),(Vehicles4↦-9.42509086598875E-05),(Vehicles5↦0.020169613417237997)}",
        "VehiclesX": "{(EgoVehicle↦200.0),(Vehicles2↦-0.9281715378165245),(Vehicles3↦34.63939428329468),(Vehicles4↦41.57052040100098),(Vehicles5↦68.7499463558197)}"
      },
      "probabilisticVariables": null,
      "activating": [
        "IDLE_5"
      ],
      "activatingOnlyWhenExecuted": true,
      "updating": null,
      "withPredicate": null
    },
    {
      "id": "IDLE_5",
      "execute": "IDLE",
      "after": "1000",
      "priority": 0,
      "additionalGuards": null,
      "activationKind": null,
      "fixedVariables": {
        "Crash": "FALSE",
        "VehiclesAy": "{(EgoVehicle↦-0.00010026566940268822),(Vehicles2↦0.7381052321755988),(Vehicles3↦0.00010026566940268822),(Vehicles4↦0.001414081971233827),(Vehicles5↦0.020175628177980798)}",
        "Reward": "0.9996955122319143",
        "VehiclesAx": "{(EgoVehicle↦0.07529020309448242),(Vehicles2↦4.739121794700623),(Vehicles3↦-4.9601149559021),(Vehicles4↦2.9294484853744507),(Vehicles5↦-2.453697919845581)}",
        "VehiclesVx": "{(EgoVehicle↦29.988582134246826),(Vehicles2↦-7.84249484539032),(Vehicles3↦-12.62998342514038),(Vehicles4↦-9.908091425895691),(Vehicles5↦-13.132542371749878)}",
        "VehiclesY": "{(EgoVehicle↦8.000001668930054),(Vehicles2↦-8.000001668930054),(Vehicles3↦-4.000001907348633),(Vehicles4↦-0.0004503647651290521),(Vehicles5↦-4.000001907348633)}",
        "VehiclesVy": "{(EgoVehicle↦-6.014760742800718E-06),(Vehicles2↦6.014760742800718E-06),(Vehicles3↦6.014760742800718E-06),(Vehicles4↦0.0013198310625739396),(Vehicles5↦6.014760742800718E-06)}",
        "VehiclesX": "{(EgoVehicle↦200.0),(Vehicles2↦26.88589096069336),(Vehicles3↦28.82426381111145),(Vehicles4↦58.39988589286804),(Vehicles5↦79.5501708984375)}"
      },
      "probabilisticVariables": null,
      "activating": [
        "IDLE_6"
      ],
      "activatingOnlyWhenExecuted": true,
      "updating": null,
      "withPredicate": null
    },
    {
      "id": "IDLE_6",
      "execute": "IDLE",
      "after": "1000",
      "priority": 0,
      "additionalGuards": null,
      "activationKind": null,
      "fixedVariables": {
        "Crash": "FALSE",
        "VehiclesAy": "{(EgoVehicle↦5.895750891937723E-06),(Vehicles2↦-5.895750891937723E-06),(Vehicles3↦-5.895750891937723E-06),(Vehicles4↦-0.001240858464370831),(Vehicles5↦6.133770593663712E-06)}",
        "Reward": "0.9999599028453572",
        "VehiclesAx": "{(EgoVehicle↦0.009913444519042969),(Vehicles2↦-4.668505787849426),(Vehicles3↦4.711654186248779),(Vehicles4↦0.4972010850906372),(Vehicles5↦0.18291354179382324)}",
        "VehiclesVx": "{(EgoVehicle↦29.99849557876587),(Vehicles2↦-12.511000633239746),(Vehicles3↦-7.918329238891602),(Vehicles4↦-9.410890340805054),(Vehicles5↦-12.949628829956055)}",
        "VehiclesY": "{(EgoVehicle↦8.000000238418579),(Vehicles2↦-4.0000001192092896),(Vehicles3↦-8.000000238418579),(Vehicles4↦-2.6724050258053467E-05),(Vehicles5↦-4.0000001192092896)}",
        "VehiclesVy": "{(EgoVehicle↦-1.1900985086299443E-07),(Vehicles2↦1.1900985086299443E-07),(Vehicles3↦1.1900985086299443E-07),(Vehicles4↦7.897259820310865E-05),(Vehicles5↦1.1900985086299443E-07)}",
        "VehiclesX": "{(EgoVehicle↦200.0),(Vehicles2↦16.24670922756195),(Vehicles3↦19.00962144136429),(Vehicles4↦48.711591958999634),(Vehicles5↦66.4681077003479)}"
      },
      "probabilisticVariables": null,
      "activating": [
        "SLOWER_7"
      ],
      "activatingOnlyWhenExecuted": true,
      "updating": null,
      "withPredicate": null
    },
    {
      "id": "SLOWER_7",
      "execute": "SLOWER",
      "after": "1000",
      "priority": 0,
      "additionalGuards": null,
      "activationKind": null,
      "fixedVariables": {
        "Crash": "FALSE",
        "VehiclesAy": "{(EgoVehicle↦1.1812399947075392E-07),(Vehicles2↦-1.1812399947075392E-07),(Vehicles3↦-1.1812399947075392E-07),(Vehicles4↦-7.444680221624367E-05),(Vehicles5↦1.1989570225523494E-07)}",
        "Reward": "0.8842196854227081",
        "VehiclesAx": "{(EgoVehicle↦-4.34025764465332),(Vehicles2↦4.430021643638611),(Vehicles3↦4.2934635281562805),(Vehicles4↦4.6183353662490845),(Vehicles5↦4.695987105369568)}",
        "VehiclesVx": "{(EgoVehicle↦25.65823793411255),(Vehicles2↦-8.080978989601135),(Vehicles3↦-3.624865710735321),(Vehicles4↦-4.792554974555969),(Vehicles5↦-8.253641724586487)}",
        "VehiclesY": "{(EgoVehicle↦8.000000238418579),(Vehicles2↦-4.0000001192092896),(Vehicles3↦-8.000000238418579),(Vehicles4↦-1.5253153833327815E-06),(Vehicles5↦-4.0000001192092896)}",
        "VehiclesVy": "{(EgoVehicle↦-8.858513922405109E-10),(Vehicles2↦8.858513922405109E-10),(Vehicles3↦8.858513922405109E-10),(Vehicles4↦4.525795986864978E-06),(Vehicles5↦8.858513922405109E-10)}",
        "VehiclesX": "{(EgoVehicle↦200.0),(Vehicles2↦6.166565790772438),(Vehicles3↦13.465745747089386),(Vehicles4↦41.82078838348389),(Vehicles5↦56.048595905303955)}"
      },
      "probabilisticVariables": null,
      "activating": [
        "IDLE_8"
      ],
      "activatingOnlyWhenExecuted": true,
      "updating": null,
      "withPredicate": null
    },
    {
      "id": "IDLE_8",
      "execute": "IDLE",
      "after": "1000",
      "priority": 0,
      "additionalGuards": null,
      "activationKind": null,
      "fixedVariables": {
        "Crash": "FALSE",
        "VehiclesAy": "{(EgoVehicle↦8.72519834160812E-10),(Vehicles2↦-8.72528715945009E-10),(Vehicles3↦-8.72528715945009E-10),(Vehicles4↦-4.272252063231008E-06),(Vehicles5↦8.991740685360128E-10)}",
        "Reward": "0.8689781753094376",
        "VehiclesAx": "{(EgoVehicle↦-0.5715560913085938),(Vehicles2↦0.6681489944458008),(Vehicles3↦0.5361893773078918),(Vehicles4↦0.7051810622215271),(Vehicles5↦0.9645920991897583)}",
        "VehiclesVx": "{(EgoVehicle↦25.086681842803955),(Vehicles2↦-7.4128299951553345),(Vehicles3↦-3.088676333427429),(Vehicles4↦-4.087373912334442),(Vehicles5↦-7.2890496253967285)}",
        "VehiclesY": "{(EgoVehicle↦8.000000238418579),(Vehicles2↦-4.0000001192092896),(Vehicles3↦-8.000000238418579),(Vehicles4↦-8.528824047004946E-08),(Vehicles5↦-4.0000001192092896)}",
        "VehiclesVy": "{(EgoVehicle↦-1.333155807969888E-11),(Vehicles2↦1.3322676295501878E-11),(Vehicles3↦1.3322676295501878E-11),(Vehicles4↦2.535439236339698E-07),(Vehicles5↦1.3322676295501878E-11)}",
        "VehiclesX": "{(EgoVehicle↦200.0),(Vehicles2↦-1.5618471428751945),(Vehicles3↦10.141348838806152),(Vehicles4↦37.40588128566742),(Vehicles5↦48.267337679862976)}"
      },
      "probabilisticVariables": null,
      "activating": [
        "SLOWER_9"
      ],
      "activatingOnlyWhenExecuted": true,
      "updating": null,
      "withPredicate": null
    },
    {
      "id": "SLOWER_9",
      "execute": "SLOWER",
      "after": "1000",
      "priority": 0,
      "additionalGuards": null,
      "activationKind": null,
      "fixedVariables": {
        "Crash": "FALSE",
        "VehiclesAy": "{(EgoVehicle↦1.2860823517257813E-11),(Vehicles2↦-1.2860823517257813E-11),(Vehicles3↦-1.2860823517257813E-11),(Vehicles4↦-2.3948727445599616E-07),(Vehicles5↦1.3784529073745944E-11)}",
        "Reward": "0.751196028572985",
        "VehiclesAx": "{(EgoVehicle↦-4.416830539703369),(Vehicles2↦4.533161818981171),(Vehicles3↦4.388071894645691),(Vehicles4↦4.463308677077293),(Vehicles5↦4.792694002389908)}",
        "VehiclesVx": "{(EgoVehicle↦20.669851303100586),(Vehicles2↦-2.879668176174164),(Vehicles3↦1.2993955612182617),(Vehicles4↦0.37593476474285126),(Vehicles5↦-2.4963556230068207)}",
        "VehiclesY": "{(EgoVehicle↦8.000000238418579),(Vehicles2↦-4.0000001192092896),(Vehicles3↦-8.000000238418579),(Vehicles4↦-4.726516511510681E-09),(Vehicles5↦-4.0000001192092896)}",
        "VehiclesVy": "{(EgoVehicle↦-4.707345624410664E-13),(Vehicles2↦4.618527782440651E-13),(Vehicles3↦4.618527782440651E-13),(Vehicles4↦1.4056649177973668E-08),(Vehicles5↦4.618527782440651E-13)}",
        "VehiclesX": "{(EgoVehicle↦200.0),(Vehicles2↦-6.493203341960907),(Vehicles3↦9.477365016937256),(Vehicles4↦35.77895760536194),(Vehicles5↦43.567776679992676)}"
      },
      "probabilisticVariables": null,
      "activating": [
        "IDLE_10"
      ],
      "activatingOnlyWhenExecuted": true,
      "updating": null,
      "withPredicate": null
    },
    {
      "id": "IDLE_10",
      "execute": "IDLE",
      "after": "1000",
      "priority": 0,
      "additionalGuards": null,
      "activationKind": null,
      "fixedVariables": {
        "Crash": "FALSE",
        "VehiclesAy": "{(EgoVehicle↦4.440892098500626E-13),(Vehicles2↦-4.263256414560601E-13),(Vehicles3↦-4.263256414560601E-13),(Vehicles4↦-1.327927989791533E-08),(Vehicles5↦4.973799150320701E-13)}",
        "Reward": "0.7356856224183903",
        "VehiclesAx": "{(EgoVehicle↦-0.5816411972045898),(Vehicles2↦0.7162366807460785),(Vehicles3↦0.556483268737793),(Vehicles4↦0.576922819018364),(Vehicles5↦0.9187933802604675)}",
        "VehiclesVx": "{(EgoVehicle↦20.088210105895996),(Vehicles2↦-2.1634314954280853),(Vehicles3↦1.8558788299560547),(Vehicles4↦0.9528575837612152),(Vehicles5↦-1.5775622427463531)}",
        "VehiclesY": "{(EgoVehicle↦8.000000238418579),(Vehicles2↦-4.0000001192092896),(Vehicles3↦-8.000000238418579),(Vehicles4↦-2.615228034130723E-10),(Vehicles5↦-4.0000001192092896)}",
        "VehiclesVy": "{(EgoVehicle↦-2.6645352591003757E-14),(Vehicles2↦3.552713678800501E-14),(Vehicles3↦3.552713678800501E-14),(Vehicles4↦7.773692800583376E-10),(Vehicles5↦3.552713678800501E-14)}",
        "VehiclesX": "{(EgoVehicle↦200.0),(Vehicles2↦-8.999399840831757),(Vehicles3↦11.087364703416824),(Vehicles4↦36.47693693637848),(Vehicles5↦41.53062403202057)}"
      },
      "probabilisticVariables": null,
      "activating": [
        "IDLE_11"
      ],
      "activatingOnlyWhenExecuted": true,
      "updating": null,
      "withPredicate": null
    },
    {
      "id": "IDLE_11",
      "execute": "IDLE",
      "after": "1000",
      "priority": 0,
      "additionalGuards": null,
      "activationKind": null,
      "fixedVariables": {
        "Crash": "FALSE",
        "VehiclesAy": "{(EgoVehicle↦2.6645352591003757E-14),(Vehicles2↦-3.552713678800501E-14),(Vehicles3↦4.305888978706207E-11),(Vehicles4↦-7.773692800583376E-10),(Vehicles5↦-1.5165646516379638E-09)}",
        "Reward": "0.7336430997972091",
        "VehiclesAx": "{(EgoVehicle↦-0.07659435272216797),(Vehicles2↦4.072479605674744),(Vehicles3↦-0.8606988936662674),(Vehicles4↦-2.16095007956028),(Vehicles5↦2.3612160235643387)}",
        "VehiclesVx": "{(EgoVehicle↦20.011615753173828),(Vehicles2↦1.9090481102466583),(Vehicles3↦0.9951799362897873),(Vehicles4↦-1.2080924957990646),(Vehicles5↦0.7836537808179855)}",
        "VehiclesY": "{(EgoVehicle↦8.000000238418579),(Vehicles2↦-8.000000238418579),(Vehicles3↦-1.4511059021060646E-11),(Vehicles4↦-4.0000001192092896),(Vehicles5↦-4.0000001192092896)}",
        "VehiclesVy": "{(EgoVehicle↦0.0),(Vehicles2↦0.0),(Vehicles3↦4.3094416923850076E-11),(Vehicles4↦0.0),(Vehicles5↦-1.5166001787747518E-09)}",
        "VehiclesX": "{(EgoVehicle↦200.0),(Vehicles2↦12.976042926311493),(Vehicles3↦37.46009171009064),(Vehicles4↦40.116000175476074),(Vehicles5↦91.64533615112305)}"
      },
      "probabilisticVariables": null,
      "activating": [
        "SLOWER_12"
      ],
      "activatingOnlyWhenExecuted": true,
      "updating": null,
      "withPredicate": null
    },
    {
      "id": "SLOWER_12",
      "execute": "SLOWER",
      "after": "1000",
      "priority": 0,
      "additionalGuards": null,
      "activationKind": null,
      "fixedVariables": {
        "Crash": "FALSE",
        "VehiclesAy": "{(EgoVehicle↦0.0),(Vehicles2↦0.0),(Vehicles3↦-4.069633519065974E-11),(Vehicles4↦0.0),(Vehicles5↦-1.602806776190846E-09)}",
        "Reward": "0.7333741256248726",
        "VehiclesAx": "{(EgoVehicle↦-0.010085105895996094),(Vehicles2↦-0.012765079736709595),(Vehicles3↦-0.04087023437023163),(Vehicles4↦0.26056133210659027),(Vehicles5↦0.056688934564590454)}",
        "VehiclesVx": "{(EgoVehicle↦20.001530647277832),(Vehicles2↦1.8962830305099487),(Vehicles3↦0.9543097019195557),(Vehicles4↦-0.9475311636924744),(Vehicles5↦0.840342715382576)}",
        "VehiclesY": "{(EgoVehicle↦8.000000238418579),(Vehicles2↦-8.000000238418579),(Vehicles3↦-8.113509863960644E-13),(Vehicles4↦-4.0000001192092896),(Vehicles5↦-4.0000001192092896)}",
        "VehiclesVy": "{(EgoVehicle↦0.0),(Vehicles2↦0.0),(Vehicles3↦2.398081733190338E-12),(Vehicles4↦0.0),(Vehicles5↦-8.620659741609416E-11)}",
        "VehiclesX": "{(EgoVehicle↦200.0),(Vehicles2↦14.881502091884613),(Vehicles3↦38.44142258167267),(Vehicles4↦39.016881585121155),(Vehicles5↦92.4537718296051)}"
      },
      "probabilisticVariables": null,
      "activating": [
        "SLOWER_13"
      ],
      "activatingOnlyWhenExecuted": true,
      "updating": null,
      "withPredicate": null
    },
    {
      "id": "SLOWER_13",
      "execute": "SLOWER",
      "after": "1000",
      "priority": 0,
      "additionalGuards": null,
      "activationKind": null,
      "fixedVariables": {
        "Crash": "FALSE",
        "VehiclesAy": "{(EgoVehicle↦0.0),(Vehicles2↦0.0),(Vehicles3↦-2.398081733190338E-12),(Vehicles4↦1.4210854715202004E-13),(Vehicles5↦-9.108269694024784E-11)}",
        "Reward": "0.7333387051577335",
        "VehiclesAx": "{(EgoVehicle↦-0.0013303756713867188),(Vehicles2↦-0.02166569232940674),(Vehicles3↦-1.6875535249710083),(Vehicles4↦1.8432940542697906),(Vehicles5↦0.04099056124687195)}",
        "VehiclesVx": "{(EgoVehicle↦20.000200271606445),(Vehicles2↦1.874617338180542),(Vehicles3↦-0.7332438230514526),(Vehicles4↦0.8957628905773163),(Vehicles5↦0.8813332766294479)}",
        "VehiclesY": "{(EgoVehicle↦8.000000238418579),(Vehicles2↦-8.000000238418579),(Vehicles3↦-4.0000001192092896),(Vehicles4↦-4.6629367034256575E-14),(Vehicles5↦-4.0000001192092896)}",
        "VehiclesVy": "{(EgoVehicle↦0.0),(Vehicles2↦0.0),(Vehicles3↦0.0),(Vehicles4↦1.4210854715202004E-13),(Vehicles5↦-4.8760995241536875E-12)}",
        "VehiclesX": "{(EgoVehicle↦200.0),(Vehicles2↦16.769352555274963),(Vehicles3↦38.15804421901703),(Vehicles4↦39.37300443649292),(Vehicles5↦93.31124424934387)}"
      },
      "probabilisticVariables": null,
      "activating": [
        "IDLE_14"
      ],
      "activatingOnlyWhenExecuted": true,
      "updating": null,
      "withPredicate": null
    },
    {
      "id": "IDLE_14",
      "execute": "IDLE",
      "after": "1000",
      "priority": 0,
      "additionalGuards": null,
      "activationKind": null,
      "fixedVariables": {
        "Crash": "FALSE",
        "VehiclesAy": "{(EgoVehicle↦0.0),(Vehicles2↦0.0),(Vehicles3↦0.0),(Vehicles4↦-1.2434497875801753E-13),(Vehicles5↦-5.142553050063725E-12)}",
        "Reward": "0.7333340407340775",
        "VehiclesAx": "{(EgoVehicle↦-0.00017404556274414062),(Vehicles2↦-0.02340555191040039),(Vehicles3↦0.18126163631677628),(Vehicles4↦-0.06375603377819061),(Vehicles5↦0.03355443477630615)}",
        "VehiclesVx": "{(EgoVehicle↦20.0000262260437),(Vehicles2↦1.8512117862701416),(Vehicles3↦-0.5519821867346764),(Vehicles4↦0.8320068567991257),(Vehicles5↦0.9148877114057541)}",
        "VehiclesY": "{(EgoVehicle↦8.000000238418579),(Vehicles2↦-8.000000238418579),(Vehicles3↦-4.0000001192092896),(Vehicles4↦-3.9968028886505635E-15),(Vehicles5↦-4.0000001192092896)}",
        "VehiclesVy": "{(EgoVehicle↦0.0),(Vehicles2↦0.0),(Vehicles3↦0.0),(Vehicles4↦1.7763568394002505E-14),(Vehicles5↦-2.6645352591003757E-13)}",
        "VehiclesX": "{(EgoVehicle↦200.0),(Vehicles2↦18.634694814682007),(Vehicles3↦37.49965727329254),(Vehicles4↦40.243467688560486),(Vehicles5↦94.20650005340576)}"
      },
      "probabilisticVariables": null,
      "activating": [
        "IDLE_15"
      ],
      "activatingOnlyWhenExecuted": true,
      "updating": null,
      "withPredicate": null
    },
    {
      "id": "IDLE_15",
      "execute": "IDLE",
      "after": "1000",
      "priority": 0,
      "additionalGuards": null,
      "activationKind": null,
      "fixedVariables": {
        "Crash": "FALSE",
        "VehiclesAy": "{(EgoVehicle↦0.0),(Vehicles2↦0.0),(Vehicles3↦0.0),(Vehicles4↦-1.7763568394002505E-14),(Vehicles5↦-2.8421709430404007E-13)}",
        "Reward": "0.7333334264889869",
        "VehiclesAx": "{(EgoVehicle↦-2.384185791015625E-05),(Vehicles2↦-0.02442196011543274),(Vehicles3↦0.15459131449460983),(Vehicles4↦-0.06476648151874542),(Vehicles5↦0.027798935770988464)}",
        "VehiclesVx": "{(EgoVehicle↦20.00000238418579),(Vehicles2↦1.8267898261547089),(Vehicles3↦-0.39739087224006653),(Vehicles4↦0.7672403752803802),(Vehicles5↦0.9426866471767426)}",
        "VehiclesY": "{(EgoVehicle↦8.000000238418579),(Vehicles2↦-8.000000238418579),(Vehicles3↦-4.0000001192092896),(Vehicles4↦-3.9968028886505635E-15),(Vehicles5↦-4.0000001192092896)}",
        "VehiclesVy": "{(EgoVehicle↦0.0),(Vehicles2↦0.0),(Vehicles3↦0.0),(Vehicles4↦0.0),(Vehicles5↦-1.7763568394002505E-14)}",
        "VehiclesX": "{(EgoVehicle↦200.0),(Vehicles2↦20.476219058036804),(Vehicles3↦37.011438608169556),(Vehicles4↦41.0495400428772),(Vehicles5↦95.13293504714966)}"
      },
      "probabilisticVariables": null,
      "activating": [
        "IDLE_16"
      ],
      "activatingOnlyWhenExecuted": true,
      "updating": null,
      "withPredicate": null
    },
    {
      "id": "IDLE_16",
      "execute": "IDLE",
      "after": "1000",
      "priority": 0,
      "additionalGuards": null,
      "activationKind": null,
      "fixedVariables": {
        "Crash": "FALSE",
        "VehiclesAy": "{(EgoVehicle↦0.0),(Vehicles2↦0.0),(Vehicles3↦0.0),(Vehicles4↦0.0),(Vehicles5↦-1.7763568394002505E-14)}",
        "Reward": "0.7333333456007445",
        "VehiclesAx": "{(EgoVehicle↦-2.384185791015625E-06),(Vehicles2↦-0.025482922792434692),(Vehicles3↦0.13270841911435127),(Vehicles4↦-0.06344348192214966),(Vehicles5↦0.02282857894897461)}",
        "VehiclesVx": "{(EgoVehicle↦20.0),(Vehicles2↦1.8013069033622742),(Vehicles3↦-0.26468245312571526),(Vehicles4↦0.7037968933582306),(Vehicles5↦0.9655152261257172)}",
        "VehiclesY": "{(EgoVehicle↦8.000000238418579),(Vehicles2↦-8.000000238418579),(Vehicles3↦-4.0000001192092896),(Vehicles4↦-3.9968028886505635E-15),(Vehicles5↦-4.0000001192092896)}",
        "VehiclesVy": "{(EgoVehicle↦0.0),(Vehicles2↦0.0),(Vehicles3↦0.0),(Vehicles4↦0.0),(Vehicles5↦0.0)}",
        "VehiclesX": "{(EgoVehicle↦200.0),(Vehicles2↦22.292904555797577),(Vehicles3↦36.6687148809433),(Vehicles4↦41.79122745990753),(Vehicles5↦96.085125207901)}"
      },
      "probabilisticVariables": null,
      "activating": [
        "IDLE_17"
      ],
      "activatingOnlyWhenExecuted": true,
      "updating": null,
      "withPredicate": null
    },
    {
      "id": "IDLE_17",
      "execute": "IDLE",
      "after": "1000",
      "priority": 0,
      "additionalGuards": null,
      "activationKind": null,
      "fixedVariables": {
        "Crash": "FALSE",
        "VehiclesAy": "{(EgoVehicle↦0.0),(Vehicles2↦0.0),(Vehicles3↦0.0),(Vehicles4↦0.0),(Vehicles5↦0.0)}",
        "Reward": "0.7333333349487949",
        "VehiclesAx": "{(EgoVehicle↦0.0),(Vehicles2↦-0.026639699935913086),(Vehicles3↦0.11471202597022057),(Vehicles4↦-0.06054311990737915),(Vehicles5↦0.01848183572292328)}",
        "VehiclesVx": "{(EgoVehicle↦20.0),(Vehicles2↦1.774667203426361),(Vehicles3↦-0.1499704271554947),(Vehicles4↦0.6432537734508514),(Vehicles5↦0.9839970618486404)}",
        "VehiclesY": "{(EgoVehicle↦8.000000238418579),(Vehicles2↦-8.000000238418579),(Vehicles3↦-4.0000001192092896),(Vehicles4↦-3.9968028886505635E-15),(Vehicles5↦-4.0000001192092896)}",
        "VehiclesVy": "{(EgoVehicle↦0.0),(Vehicles2↦0.0),(Vehicles3↦0.0),(Vehicles4↦0.0),(Vehicles5↦0.0)}",
        "VehiclesX": "{(EgoVehicle↦200.0),(Vehicles2↦24.08365160226822),(Vehicles3↦36.45122051239014),(Vehicles4↦42.470523715019226),(Vehicles5↦97.05835580825806)}"
      },
      "probabilisticVariables": null,
      "activating": [
        "IDLE_18"
      ],
      "activatingOnlyWhenExecuted": true,
      "updating": null,
      "withPredicate": null
    },
    {
      "id": "IDLE_18",
      "execute": "IDLE",
      "after": "1000",
      "priority": 0,
      "additionalGuards": null,
      "activationKind": null,
      "fixedVariables": {
        "Crash": "FALSE",
        "VehiclesAy": "{(EgoVehicle↦0.0),(Vehicles2↦0.0),(Vehicles3↦0.0),(Vehicles4↦0.0),(Vehicles5↦0.0)}",
        "Reward": "0.733333333546069",
        "VehiclesAx": "{(EgoVehicle↦0.0),(Vehicles2↦-0.027866512537002563),(Vehicles3↦0.0998567184433341),(Vehicles4↦-0.056532472372055054),(Vehicles5↦0.014689862728118896)}",
        "VehiclesVx": "{(EgoVehicle↦20.0),(Vehicles2↦1.7468006908893585),(Vehicles3↦-0.05011370871216059),(Vehicles4↦0.5867213010787964),(Vehicles5↦0.9986869245767593)}",
        "VehiclesY": "{(EgoVehicle↦8.000000238418579),(Vehicles2↦-8.000000238418579),(Vehicles3↦-4.0000001192092896),(Vehicles4↦-3.9968028886505635E-15),(Vehicles5↦-4.0000001192092896)}",
        "VehiclesVy": "{(EgoVehicle↦0.0),(Vehicles2↦0.0),(Vehicles3↦0.0),(Vehicles4↦0.0),(Vehicles5↦0.0)}",
        "VehiclesX": "{(EgoVehicle↦200.0),(Vehicles2↦25.84727108478546),(Vehicles3↦36.34227216243744),(Vehicles4↦43.090808391571045),(Vehicles5↦98.04850816726685)}"
      },
      "probabilisticVariables": null,
      "activating": [
        "IDLE_19"
      ],
      "activatingOnlyWhenExecuted": true,
      "updating": null,
      "withPredicate": null
    },
    {
      "id": "IDLE_19",
      "execute": "IDLE",
      "after": "1000",
      "priority": 0,
      "additionalGuards": null,
      "activationKind": null,
      "fixedVariables": {
        "Crash": "FALSE",
        "VehiclesAy": "{(EgoVehicle↦0.0),(Vehicles2↦0.0),(Vehicles3↦0.0),(Vehicles4↦0.0),(Vehicles5↦0.0)}",
        "Reward": "0.733333333361348",
        "VehiclesAx": "{(EgoVehicle↦0.0),(Vehicles2↦-0.02913638949394226),(Vehicles3↦0.08751843823119998),(Vehicles4↦-0.05175761878490448),(Vehicles5↦0.011396259069442749)}",
        "VehiclesVx": "{(EgoVehicle↦20.0),(Vehicles2↦1.7176643013954163),(Vehicles3↦0.03740472951903939),(Vehicles4↦0.5349636822938919),(Vehicles5↦1.010083183646202)}",
        "VehiclesY": "{(EgoVehicle↦8.000000238418579),(Vehicles2↦-8.000000238418579),(Vehicles3↦-4.0000001192092896),(Vehicles4↦-3.9968028886505635E-15),(Vehicles5↦-4.0000001192092896)}",
        "VehiclesVy": "{(EgoVehicle↦0.0),(Vehicles2↦0.0),(Vehicles3↦0.0),(Vehicles4↦0.0),(Vehicles5↦0.0)}",
        "VehiclesX": "{(EgoVehicle↦200.0),(Vehicles2↦27.582520246505737),(Vehicles3↦36.32806837558746),(Vehicles4↦43.656423687934875),(Vehicles5↦99.05200004577637)}"
      },
      "probabilisticVariables": null,
      "activating": [
        "SLOWER_20"
      ],
      "activatingOnlyWhenExecuted": true,
      "updating": null,
      "withPredicate": null
    },
    {
      "id": "SLOWER_20",
      "execute": "SLOWER",
      "after": "1000",
      "priority": 0,
      "additionalGuards": null,
      "activationKind": null,
      "fixedVariables": {
        "Crash": "FALSE",
        "VehiclesAy": "{(EgoVehicle↦0.0),(Vehicles2↦0.0),(Vehicles3↦0.0),(Vehicles4↦0.0),(Vehicles5↦1.7763568394002505E-14)}",
        "Reward": "0.7333333333370224",
        "VehiclesAx": "{(EgoVehicle↦0.0),(Vehicles2↦-0.030428022146224976),(Vehicles3↦0.07719082524999976),(Vehicles4↦-0.046494267880916595),(Vehicles5↦0.008550211787223816)}",
        "VehiclesVx": "{(EgoVehicle↦20.0),(Vehicles2↦1.6872362792491913),(Vehicles3↦0.11459555476903915),(Vehicles4↦0.4884694144129753),(Vehicles5↦1.018633395433426)}",
        "VehiclesY": "{(EgoVehicle↦8.000000238418579),(Vehicles2↦-8.000000238418579),(Vehicles3↦-4.0000001192092896),(Vehicles4↦-3.9968028886505635E-15),(Vehicles5↦-4.0000001192092896)}",
        "VehiclesVy": "{(EgoVehicle↦0.0),(Vehicles2↦0.0),(Vehicles3↦0.0),(Vehicles4↦0.0),(Vehicles5↦1.7763568394002505E-14)}",
        "VehiclesX": "{(EgoVehicle↦200.0),(Vehicles2↦29.288116097450256),(Vehicles3↦36.39710545539856),(Vehicles4↦44.17235255241394),(Vehicles5↦100.06572008132935)}"
      },
      "probabilisticVariables": null,
      "activating": [
        "SLOWER_21"
      ],
      "activatingOnlyWhenExecuted": true,
      "updating": null,
      "withPredicate": null
    },
    {
      "id": "SLOWER_21",
      "execute": "SLOWER",
      "after": "1000",
      "priority": 0,
      "additionalGuards": null,
      "activationKind": null,
      "fixedVariables": {
        "Crash": "FALSE",
        "VehiclesAy": "{(EgoVehicle↦0.0),(Vehicles2↦0.0),(Vehicles3↦0.0),(Vehicles4↦0.0),(Vehicles5↦1.7763568394002505E-14)}",
        "Reward": "0.7333333333338192",
        "VehiclesAx": "{(EgoVehicle↦0.0),(Vehicles2↦-0.03172367811203003),(Vehicles3↦0.06847241893410683),(Vehicles4↦-0.04096735268831253),(Vehicles5↦0.0061052292585372925)}",
        "VehiclesVx": "{(EgoVehicle↦20.0),(Vehicles2↦1.6555126011371613),(Vehicles3↦0.18306797370314598),(Vehicles4↦0.4475020617246628),(Vehicles5↦1.0247386246919632)}",
        "VehiclesY": "{(EgoVehicle↦8.000000238418579),(Vehicles2↦-8.000000238418579),(Vehicles3↦-4.0000001192092896),(Vehicles4↦-3.9968028886505635E-15),(Vehicles5↦-4.0000001192092896)}",
        "VehiclesVy": "{(EgoVehicle↦0.0),(Vehicles2↦0.0),(Vehicles3↦0.0),(Vehicles4↦0.0),(Vehicles5↦0.0)}",
        "VehiclesX": "{(EgoVehicle↦200.0),(Vehicles2↦30.96276819705963),(Vehicles3↦36.53973042964935),(Vehicles4↦44.64398920536041),(Vehicles5↦101.08697414398193)}"
      },
      "probabilisticVariables": null,
      "activating": [
        "SLOWER_22"
      ],
      "activatingOnlyWhenExecuted": true,
      "updating": null,
      "withPredicate": null
    },
    {
      "id": "SLOWER_22",
      "execute": "SLOWER",
      "after": "1000",
      "priority": 0,
      "additionalGuards": null,
      "activationKind": null,
      "fixedVariables": {
        "Crash": "FALSE",
        "VehiclesAy": "{(EgoVehicle↦0.0),(Vehicles2↦0.0),(Vehicles3↦0.0),(Vehicles4↦0.0),(Vehicles5↦0.0)}",
        "Reward": "0.7333333333333973",
        "VehiclesAx": "{(EgoVehicle↦0.0),(Vehicles2↦-0.03300696611404419),(Vehicles3↦0.06104905158281326),(Vehicles4↦-0.03536060452461243),(Vehicles5↦0.004019811749458313)}",
        "VehiclesVx": "{(EgoVehicle↦20.0),(Vehicles2↦1.622505635023117),(Vehicles3↦0.24411702528595924),(Vehicles4↦0.41214145720005035),(Vehicles5↦1.0287584364414215)}",
        "VehiclesY": "{(EgoVehicle↦8.000000238418579),(Vehicles2↦-8.000000238418579),(Vehicles3↦-4.0000001192092896),(Vehicles4↦-3.9968028886505635E-15),(Vehicles5↦-4.0000001192092896)}",
        "VehiclesVy": "{(EgoVehicle↦0.0),(Vehicles2↦0.0),(Vehicles3↦0.0),(Vehicles4↦0.0),(Vehicles5↦0.0)}",
        "VehiclesX": "{(EgoVehicle↦200.0),(Vehicles2↦32.60518014431),(Vehicles3↦36.7477685213089),(Vehicles4↦45.076897740364075),(Vehicles5↦102.11347341537476)}"
      },
      "probabilisticVariables": null,
      "activating": [
        "SLOWER_23"
      ],
      "activatingOnlyWhenExecuted": true,
      "updating": null,
      "withPredicate": null
    },
    {
      "id": "SLOWER_23",
      "execute": "SLOWER",
      "after": "1000",
      "priority": 0,
      "additionalGuards": null,
      "activationKind": null,
      "fixedVariables": {
        "Crash": "FALSE",
        "VehiclesAy": "{(EgoVehicle↦0.0),(Vehicles2↦0.0),(Vehicles3↦0.0),(Vehicles4↦0.0),(Vehicles5↦0.0)}",
        "Reward": "0.7333333333333418",
        "VehiclesAx": "{(EgoVehicle↦0.0),(Vehicles2↦-0.03426402807235718),(Vehicles3↦0.054676104336977005),(Vehicles4↦-0.02982117235660553),(Vehicles5↦0.002256631851196289)}",
        "VehiclesVx": "{(EgoVehicle↦20.0),(Vehicles2↦1.5882416069507599),(Vehicles3↦0.29879312962293625),(Vehicles4↦0.3823202848434448),(Vehicles5↦1.0310150682926178)}",
        "VehiclesY": "{(EgoVehicle↦8.000000238418579),(Vehicles2↦-8.000000238418579),(Vehicles3↦-4.0000001192092896),(Vehicles4↦-3.9968028886505635E-15),(Vehicles5↦-4.0000001192092896)}",
        "VehiclesVy": "{(EgoVehicle↦0.0),(Vehicles2↦0.0),(Vehicles3↦0.0),(Vehicles4↦0.0),(Vehicles5↦0.0)}",
        "VehiclesX": "{(EgoVehicle↦200.0),(Vehicles2↦34.2140793800354),(Vehicles3↦37.014228105545044),(Vehicles4↦45.476675033569336),(Vehicles5↦103.14326286315918)}"
      },
      "probabilisticVariables": null,
      "activating": [
        "SLOWER_24"
      ],
      "activatingOnlyWhenExecuted": true,
      "updating": null,
      "withPredicate": null
    },
    {
      "id": "SLOWER_24",
      "execute": "SLOWER",
      "after": "1000",
      "priority": 0,
      "additionalGuards": null,
      "activationKind": null,
      "fixedVariables": {
        "Crash": "FALSE",
        "VehiclesAy": "{(EgoVehicle↦0.0),(Vehicles2↦0.0),(Vehicles3↦0.0),(Vehicles4↦0.0),(Vehicles5↦1.7763568394002505E-14)}",
        "Reward": "0.7333333333333344",
        "VehiclesAx": "{(EgoVehicle↦0.0),(Vehicles2↦-0.03548040986061096),(Vehicles3↦0.04916328936815262),(Vehicles4↦-0.024463795125484467),(Vehicles5↦0.0007823854684829712)}",
        "VehiclesVx": "{(EgoVehicle↦20.0),(Vehicles2↦1.552761197090149),(Vehicles3↦0.34795641899108887),(Vehicles4↦0.35785648971796036),(Vehicles5↦1.0317974537611008)}",
        "VehiclesY": "{(EgoVehicle↦8.000000238418579),(Vehicles2↦-8.000000238418579),(Vehicles3↦-4.0000001192092896),(Vehicles4↦-3.9968028886505635E-15),(Vehicles5↦-4.0000001192092896)}",
        "VehiclesVy": "{(EgoVehicle↦0.0),(Vehicles2↦0.0),(Vehicles3↦0.0),(Vehicles4↦0.0),(Vehicles5↦1.7763568394002505E-14)}",
        "VehiclesX": "{(EgoVehicle↦200.0),(Vehicles2↦35.78822314739227),(Vehicles3↦37.33309805393219),(Vehicles4↦45.84878981113434),(Vehicles5↦104.1746973991394)}"
      },
      "probabilisticVariables": null,
      "activating": [
        "SLOWER_25"
      ],
      "activatingOnlyWhenExecuted": true,
      "updating": null,
      "withPredicate": null
    },
    {
      "id": "SLOWER_25",
      "execute": "SLOWER",
      "after": "1000",
      "priority": 0,
      "additionalGuards": null,
      "activationKind": null,
      "fixedVariables": {
        "Crash": "FALSE",
        "VehiclesAy": "{(EgoVehicle↦0.0),(Vehicles2↦0.0),(Vehicles3↦0.0),(Vehicles4↦0.0),(Vehicles5↦1.7763568394002505E-14)}",
        "Reward": "0.7333333333333334",
        "VehiclesAx": "{(EgoVehicle↦0.0),(Vehicles2↦-0.03664344549179077),(Vehicles3↦0.04436183720827103),(Vehicles4↦-0.019374191761016846),(Vehicles5↦-0.00043272972106933594)}",
        "VehiclesVx": "{(EgoVehicle↦20.0),(Vehicles2↦1.5161177515983582),(Vehicles3↦0.3923182561993599),(Vehicles4↦0.3384822979569435),(Vehicles5↦1.0313647240400314)}",
        "VehiclesY": "{(EgoVehicle↦8.000000238418579),(Vehicles2↦-8.000000238418579),(Vehicles3↦-4.0000001192092896),(Vehicles4↦-3.9968028886505635E-15),(Vehicles5↦-4.0000001192092896)}",
        "VehiclesVy": "{(EgoVehicle↦0.0),(Vehicles2↦0.0),(Vehicles3↦0.0),(Vehicles4↦0.0),(Vehicles5↦0.0)}",
        "VehiclesX": "{(EgoVehicle↦200.0),(Vehicles2↦37.32641637325287),(Vehicles3↦37.69915699958801),(Vehicles4↦46.19850218296051),(Vehicles5↦105.2064061164856)}"
      },
      "probabilisticVariables": null,
      "activating": [
        "LANE_LEFT_26"
      ],
      "activatingOnlyWhenExecuted": true,
      "updating": null,
      "withPredicate": null
    },
    {
      "id": "LANE_LEFT_26",
      "execute": "LANE_LEFT",
      "after": "1000",
      "priority": 0,
      "additionalGuards": null,
      "activationKind": null,
      "fixedVariables": {
        "Crash": "FALSE",
        "VehiclesAy": "{(EgoVehicle↦-1.1458635330200195),(Vehicles2↦1.1458635330200195),(Vehicles3↦1.1458635330200195),(Vehicles4↦1.1458635330200195),(Vehicles5↦1.1458635330200195)}",
        "Reward": "0.7000000000000001",
        "VehiclesAx": "{(EgoVehicle↦-0.0328516960144043),(Vehicles2↦-1.0507924854755402),(Vehicles3↦1.1189111694693565),(Vehicles4↦0.018239319324493408),(Vehicles5↦0.03143623471260071)}",
        "VehiclesVx": "{(EgoVehicle↦19.967148303985596),(Vehicles2↦0.465325266122818),(Vehicles3↦1.5112294256687164),(Vehicles4↦0.3567216172814369),(Vehicles5↦1.0628009587526321)}",
        "VehiclesY": "{(EgoVehicle↦4.396300435066223),(Vehicles2↦-0.39630044996738434),(Vehicles3↦-4.396300435066223),(Vehicles4↦3.6036994457244873),(Vehicles5↦-0.39630044996738434)}",
        "VehiclesVy": "{(EgoVehicle↦-1.1458635330200195),(Vehicles2↦1.1458635330200195),(Vehicles3↦1.1458635330200195),(Vehicles4↦1.1458635330200195),(Vehicles5↦1.1458635330200195)}",
        "VehiclesX": "{(EgoVehicle↦200.0),(Vehicles2↦38.494446873664856),(Vehicles3↦39.21411633491516),(Vehicles4↦46.91736698150635),(Vehicles5↦106.62387609481812)}"
      },
      "probabilisticVariables": null,
      "activating": [
        "IDLE_27"
      ],
      "activatingOnlyWhenExecuted": true,
      "updating": null,
      "withPredicate": null
    },
    {
      "id": "IDLE_27",
      "execute": "IDLE",
      "after": "1000",
      "priority": 0,
      "additionalGuards": null,
      "activationKind": null,
      "fixedVariables": {
        "Crash": "FALSE",
        "VehiclesAy": "{(EgoVehicle↦1.074060839600861),(Vehicles2↦-1.074060839600861),(Vehicles3↦-1.074060839600861),(Vehicles4↦-1.074060839600861),(Vehicles5↦1.217666226439178)}",
        "Reward": "0.7000000000000001",
        "VehiclesAx": "{(EgoVehicle↦0.03272294998168945),(Vehicles2↦0.003726780414581299),(Vehicles3↦-0.07148265838623047),(Vehicles4↦-0.04294116050004959),(Vehicles5↦-0.034914687275886536)}",
        "VehiclesVx": "{(EgoVehicle↦19.999871253967285),(Vehicles2↦0.4690520465373993),(Vehicles3↦1.439746767282486),(Vehicles4↦0.31378045678138733),(Vehicles5↦1.0278862714767456)}",
        "VehiclesY": "{(EgoVehicle↦4.024722576141357),(Vehicles2↦-0.02472245693206787),(Vehicles3↦-4.024722576141357),(Vehicles4↦3.9752776622772217),(Vehicles5↦-0.02472245693206787)}",
        "VehiclesVy": "{(EgoVehicle↦-0.07180269341915846),(Vehicles2↦0.07180269341915846),(Vehicles3↦0.07180269341915846),(Vehicles4↦0.07180269341915846),(Vehicles5↦0.07180269341915846)}",
        "VehiclesX": "{(EgoVehicle↦200.0),(Vehicles2↦38.9470636844635),(Vehicles3↦40.68235456943512),(Vehicles4↦47.24209904670715),(Vehicles5↦107.65827894210815)}"
      },
      "probabilisticVariables": null,
      "activating": [
        "IDLE_28"
      ],
      "activatingOnlyWhenExecuted": true,
      "updating": null,
      "withPredicate": null
    },
    {
      "id": "IDLE_28",
      "execute": "IDLE",
      "after": "1000",
      "priority": 0,
      "additionalGuards": null,
      "activationKind": null,
      "fixedVariables": {
        "Crash": "FALSE",
        "VehiclesAy": "{(EgoVehicle↦0.06733491318300366),(Vehicles2↦-0.06733491318300366),(Vehicles3↦-0.06733491318300366),(Vehicles4↦-0.06733491318300366),(Vehicles5↦0.07627047365531325)}",
        "Reward": "0.7000000000000001",
        "VehiclesAx": "{(EgoVehicle↦0.00012874603271484375),(Vehicles2↦0.03304425626993179),(Vehicles3↦-0.03981783986091614),(Vehicles4↦-0.006339028477668762),(Vehicles5↦-0.0029102712869644165)}",
        "VehiclesVx": "{(EgoVehicle↦20.0),(Vehicles2↦0.5020963028073311),(Vehicles3↦1.3999289274215698),(Vehicles4↦0.30744142830371857),(Vehicles5↦1.0249760001897812)}",
        "VehiclesY": "{(EgoVehicle↦4.001538276672363),(Vehicles2↦-0.001538257347419858),(Vehicles3↦-4.001538276672363),(Vehicles4↦3.998461604118347),(Vehicles5↦-0.001538257347419858)}",
        "VehiclesVy": "{(EgoVehicle↦-0.004467780236154795),(Vehicles2↦0.004467780236154795),(Vehicles3↦0.004467780236154795),(Vehicles4↦0.004467780236154795),(Vehicles5↦0.004467780236154795)}",
        "VehiclesX": "{(EgoVehicle↦200.0),(Vehicles2↦39.429521560668945),(Vehicles3↦42.10618734359741),(Vehicles4↦47.5529819726944),(Vehicles5↦108.68499279022217)}"
      },
      "probabilisticVariables": null,
      "activating": [
        "IDLE_29"
      ],
      "activatingOnlyWhenExecuted": true,
      "updating": null,
      "withPredicate": null
    },
    {
      "id": "IDLE_29",
      "execute": "IDLE",
      "after": "1000",
      "priority": 0,
      "additionalGuards": null,
      "activationKind": null,
      "fixedVariables": {
        "Crash": "FALSE",
        "VehiclesAy": "{(EgoVehicle↦0.0041897953997249715),(Vehicles2↦-0.0041897953997249715),(Vehicles3↦-0.0041897953997249715),(Vehicles4↦-0.0041897953997249715),(Vehicles5↦0.004745765072584618)}",
        "Reward": "0.7000000000000001",
        "VehiclesAx": "{(EgoVehicle↦0.0),(Vehicles2↦0.03026265650987625),(Vehicles3↦-0.04051998257637024),(Vehicles4↦-0.002597291022539139),(Vehicles5↦-0.003208145499229431)}",
        "VehiclesVx": "{(EgoVehicle↦20.0),(Vehicles2↦0.5323589593172073),(Vehicles3↦1.3594089448451996),(Vehicles4↦0.30484413728117943),(Vehicles5↦1.0217678546905518)}",
        "VehiclesY": "{(EgoVehicle↦4.00009560585022),(Vehicles2↦-9.571019108989276E-05),(Vehicles3↦-4.00009560585022),(Vehicles4↦3.9999042749404907),(Vehicles5↦-9.571019108989276E-05)}",
        "VehiclesVy": "{(EgoVehicle↦-0.0002779848364298232),(Vehicles2↦0.0002779848364298232),(Vehicles3↦0.0002779848364298232),(Vehicles4↦0.0002779848364298232),(Vehicles5↦0.0002779848364298232)}",
        "VehiclesX": "{(EgoVehicle↦200.0),(Vehicles2↦39.94394242763519),(Vehicles3↦43.48997175693512),(Vehicles4↦47.859108448028564),(Vehicles5↦109.7087025642395)}"
      },
      "probabilisticVariables": null,
      "activating": [
        "IDLE_30"
      ],
      "activatingOnlyWhenExecuted": true,
      "updating": null,
      "withPredicate": null
    },
    {
      "id": "IDLE_30",
      "execute": "IDLE",
      "after": "1000",
      "priority": 0,
      "additionalGuards": null,
      "activationKind": null,
      "fixedVariables": {
        "Crash": "FALSE",
        "VehiclesAy": "{(EgoVehicle↦0.0002606886528155883),(Vehicles2↦-0.0002606886528155883),(Vehicles3↦-0.0002606886528155883),(Vehicles4↦-0.0002606886528155883),(Vehicles5↦0.0002952810200440581)}",
        "Reward": "0.7000000000000001",
        "VehiclesAx": "{(EgoVehicle↦0.0),(Vehicles2↦0.027672573924064636),(Vehicles3↦-0.04124000668525696),(Vehicles4↦0.0006288103759288788),(Vehicles5↦-0.7887816801667213)}",
        "VehiclesVx": "{(EgoVehicle↦20.0),(Vehicles2↦0.560031533241272),(Vehicles3↦1.3181689381599426),(Vehicles4↦0.3054729476571083),(Vehicles5↦0.2329861745238304)}",
        "VehiclesY": "{(EgoVehicle↦4.000005841255188),(Vehicles2↦-5.955076858299435E-06),(Vehicles3↦-4.000005841255188),(Vehicles4↦3.9999940395355225),(Vehicles5↦3.9999940395355225)}",
        "VehiclesVy": "{(EgoVehicle↦-1.7296183614234906E-05),(Vehicles2↦1.7296183614234906E-05),(Vehicles3↦1.7296183614234906E-05),(Vehicles4↦1.7296183614234906E-05),(Vehicles5↦1.7296183614234906E-05)}",
        "VehiclesX": "{(EgoVehicle↦200.0),(Vehicles2↦40.48756659030914),(Vehicles3↦44.8329359292984),(Vehicles4↦48.16396236419678),(Vehicles5↦110.61638593673706)}"
      },
      "probabilisticVariables": null,
      "activating": [
        "IDLE_31"
      ],
      "activatingOnlyWhenExecuted": true,
      "updating": null,
      "withPredicate": null
    },
    {
      "id": "IDLE_31",
      "execute": "IDLE",
      "after": "1000",
      "priority": 0,
      "additionalGuards": null,
      "activationKind": null,
      "fixedVariables": {
        "Crash": "FALSE",
        "VehiclesAy": "{(EgoVehicle↦1.6220017187151825E-05),(Vehicles2↦-1.6220017187151825E-05),(Vehicles3↦-1.6220017187151825E-05),(Vehicles4↦-1.6220017187151825E-05),(Vehicles5↦1.8372350041317986E-05)}",
        "Reward": "0.7000000000000001",
        "VehiclesAx": "{(EgoVehicle↦0.0),(Vehicles2↦0.02536039799451828),(Vehicles3↦-0.041841715574264526),(Vehicles4↦0.0034798309206962585),(Vehicles5↦0.04235396161675453)}",
        "VehiclesVx": "{(EgoVehicle↦20.0),(Vehicles2↦0.5853919312357903),(Vehicles3↦1.276327222585678),(Vehicles4↦0.30895277857780457),(Vehicles5↦0.27534013614058495)}",
        "VehiclesY": "{(EgoVehicle↦4.000000476837158),(Vehicles2↦-3.705241340412613E-07),(Vehicles3↦-4.000000476837158),(Vehicles4↦3.999999761581421),(Vehicles5↦3.999999761581421)}",
        "VehiclesVy": "{(EgoVehicle↦-1.0761664270830806E-06),(Vehicles2↦1.0761664270830806E-06),(Vehicles3↦1.0761664270830806E-06),(Vehicles4↦1.0761664270830806E-06),(Vehicles5↦1.0761664270830806E-06)}",
        "VehiclesX": "{(EgoVehicle↦200.0),(Vehicles2↦41.05791747570038),(Vehicles3↦46.13441228866577),(Vehicles4↦48.47061336040497),(Vehicles5↦110.86652278900146)}"
      },
      "probabilisticVariables": null,
      "activating": [
        "IDLE_32"
      ],
      "activatingOnlyWhenExecuted": true,
      "updating": null,
      "withPredicate": null
    },
    {
      "id": "IDLE_32",
      "execute": "IDLE",
      "after": "1000",
      "priority": 0,
      "additionalGuards": null,
      "activationKind": null,
      "fixedVariables": {
        "Crash": "FALSE",
        "VehiclesAy": "{(EgoVehicle↦1.0092074820278185E-06),(Vehicles2↦-1.0092074731460343E-06),(Vehicles3↦-1.0092074731460343E-06),(Vehicles4↦-1.0092074731460343E-06),(Vehicles5↦1.143125381020127E-06)}",
        "Reward": "0.7000000000000001",
        "VehiclesAx": "{(EgoVehicle↦0.0),(Vehicles2↦0.023292861878871918),(Vehicles3↦-0.04231661558151245),(Vehicles4↦0.005975887179374695),(Vehicles5↦0.03992566838860512)}",
        "VehiclesVx": "{(EgoVehicle↦20.0),(Vehicles2↦0.6086847931146622),(Vehicles3↦1.2340106070041656),(Vehicles4↦0.31492866575717926),(Vehicles5↦0.31526580452919006)}",
        "VehiclesY": "{(EgoVehicle↦4.0000001192092896),(Vehicles2↦-2.3053969400166352E-08),(Vehicles3↦-4.0000001192092896),(Vehicles4↦4.0000001192092896),(Vehicles5↦4.0000001192092896)}",
        "VehiclesVy": "{(EgoVehicle↦-6.695894505526212E-08),(Vehicles2↦6.695895393704632E-08),(Vehicles3↦6.695895393704632E-08),(Vehicles4↦6.695895393704632E-08),(Vehicles5↦6.695895393704632E-08)}",
        "VehiclesX": "{(EgoVehicle↦200.0),(Vehicles2↦41.65278077125549),(Vehicles3↦47.39384651184082),(Vehicles4↦48.78177046775818),(Vehicles5↦111.15801334381104)}"
      },
      "probabilisticVariables": null,
      "activating": [
        "IDLE_33"
      ],
      "activatingOnlyWhenExecuted": true,
      "updating": null,
      "withPredicate": null
    },
    {
      "id": "IDLE_33",
      "execute": "IDLE",
      "after": "1000",
      "priority": 0,
      "additionalGuards": null,
      "activationKind": null,
      "fixedVariables": {
        "Crash": "FALSE",
        "VehiclesAy": "{(EgoVehicle↦6.279276654197474E-08),(Vehicles2↦-6.279277542375894E-08),(Vehicles3↦-6.279277542375894E-08),(Vehicles4↦-6.279277542375894E-08),(Vehicles5↦7.11251324503337E-08)}",
        "Reward": "0.7000000000000001",
        "VehiclesAx": "{(EgoVehicle↦0.0),(Vehicles2↦0.02144165337085724),(Vehicles3↦-0.042657703161239624),(Vehicles4↦0.008140727877616882),(Vehicles5↦0.037704743444919586)}",
        "VehiclesVx": "{(EgoVehicle↦20.0),(Vehicles2↦0.6301264464855194),(Vehicles3↦1.191352903842926),(Vehicles4↦0.32306939363479614),(Vehicles5↦0.35297054797410965)}",
        "VehiclesY": "{(EgoVehicle↦4.0000001192092896),(Vehicles2↦-1.4344152532430599E-09),(Vehicles3↦-4.0000001192092896),(Vehicles4↦4.0000001192092896),(Vehicles5↦4.0000001192092896)}",
        "VehiclesVy": "{(EgoVehicle↦-4.1661785132873774E-09),(Vehicles2↦4.1661785132873774E-09),(Vehicles3↦4.1661785132873774E-09),(Vehicles4↦4.1661785132873774E-09),(Vehicles5↦4.1661785132873774E-09)}",
        "VehiclesX": "{(EgoVehicle↦200.0),(Vehicles2↦42.27018356323242),(Vehicles3↦48.61081540584564),(Vehicles4↦49.099794030189514),(Vehicles5↦111.48853302001953)}"
      },
      "probabilisticVariables": null,
      "activating": [
        "IDLE_34"
      ],
      "activatingOnlyWhenExecuted": true,
      "updating": null,
      "withPredicate": null
    },
    {
      "id": "IDLE_34",
      "execute": "IDLE",
      "after": "1000",
      "priority": 0,
      "additionalGuards": null,
      "activationKind": null,
      "fixedVariables": {
        "Crash": "FALSE",
        "VehiclesAy": "{(EgoVehicle↦3.906954759713699E-09),(Vehicles2↦-3.906954759713699E-09),(Vehicles3↦-3.906954759713699E-09),(Vehicles4↦-3.906954759713699E-09),(Vehicles5↦4.425402266861056E-09)}",
        "Reward": "0.7000000000000001",
        "VehiclesAx": "{(EgoVehicle↦0.0),(Vehicles2↦0.01978248357772827),(Vehicles3↦-0.8582834526896477),(Vehicles4↦0.8254244178533554),(Vehicles5↦0.03566652536392212)}",
        "VehiclesVx": "{(EgoVehicle↦20.0),(Vehicles2↦0.6499089300632477),(Vehicles3↦0.33306945115327835),(Vehicles4↦1.1484938114881516),(Vehicles5↦0.38863707333803177)}",
        "VehiclesY": "{(EgoVehicle↦4.0000001192092896),(Vehicles2↦-8.924727623593753E-11),(Vehicles3↦4.0000001192092896),(Vehicles4↦-4.0000001192092896),(Vehicles5↦4.0000001192092896)}",
        "VehiclesVy": "{(EgoVehicle↦-2.5922375357367855E-10),(Vehicles2↦2.5922375357367855E-10),(Vehicles3↦2.5922375357367855E-10),(Vehicles4↦2.5922375357367855E-10),(Vehicles5↦2.5922375357367855E-10)}",
        "VehiclesX": "{(EgoVehicle↦200.0),(Vehicles2↦42.90834963321686),(Vehicles3↦49.42672848701477),(Vehicles4↦49.785032868385315),(Vehicles5↦111.85592412948608)}"
      },
      "probabilisticVariables": null,
      "activating": [
        "IDLE_35"
      ],
      "activatingOnlyWhenExecuted": true,
      "updating": null,
      "withPredicate": null
    },
    {
      "id": "IDLE_35",
      "execute": "IDLE",
      "after": "1000",
      "priority": 0,
      "additionalGuards": null,
      "activationKind": null,
      "fixedVariables": {
        "Crash": "FALSE",
        "VehiclesAy": "{(EgoVehicle↦2.430944334719243E-10),(Vehicles2↦-2.430944334719243E-10),(Vehicles3↦-2.430944334719243E-10),(Vehicles4↦-2.430944334719243E-10),(Vehicles5↦2.753530736754328E-10)}",
        "Reward": "0.7000000000000001",
        "VehiclesAx": "{(EgoVehicle↦0.0),(Vehicles2↦0.01829475164413452),(Vehicles3↦0.011580847203731537),(Vehicles4↦-0.04291616380214691),(Vehicles5↦0.03379009664058685)}",
        "VehiclesVx": "{(EgoVehicle↦20.0),(Vehicles2↦0.6682036817073822),(Vehicles3↦0.3446502983570099),(Vehicles4↦1.1055776476860046),(Vehicles5↦0.4224271699786186)}",
        "VehiclesY": "{(EgoVehicle↦4.0000001192092896),(Vehicles2↦-5.552891479965183E-12),(Vehicles3↦4.0000001192092896),(Vehicles4↦-4.0000001192092896),(Vehicles5↦4.0000001192092896)}",
        "VehiclesVy": "{(EgoVehicle↦-1.6129320101754274E-11),(Vehicles2↦1.6129320101754274E-11),(Vehicles3↦1.6129320101754274E-11),(Vehicles4↦1.6129320101754274E-11),(Vehicles5↦1.6129320101754274E-11)}",
        "VehiclesX": "{(EgoVehicle↦200.0),(Vehicles2↦43.5656875371933),(Vehicles3↦49.76431429386139),(Vehicles4↦50.916361808776855),(Vehicles5↦112.2582197189331)}"
      },
      "probabilisticVariables": null,
      "activating": [
        "LANE_LEFT_36"
      ],
      "activatingOnlyWhenExecuted": true,
      "updating": null,
      "withPredicate": null
    },
    {
      "id": "LANE_LEFT_36",
      "execute": "LANE_LEFT",
      "after": "1000",
      "priority": 0,
      "additionalGuards": null,
      "activationKind": null,
      "fixedVariables": {
        "Crash": "FALSE",
        "VehiclesAy": "{(EgoVehicle↦-1.1458635330038902),(Vehicles2↦1.1458635330038902),(Vehicles3↦1.1458635330038902),(Vehicles4↦1.1458635330038902),(Vehicles5↦1.1458635330361489)}",
        "Reward": "0.6666666666666666",
        "VehiclesAx": "{(EgoVehicle↦-0.0328516960144043),(Vehicles2↦0.04981227219104767),(Vehicles3↦0.04576195031404495),(Vehicles4↦-0.009973645210266113),(Vehicles5↦0.06490975618362427)}",
        "VehiclesVx": "{(EgoVehicle↦19.967148303985596),(Vehicles2↦0.7180159538984299),(Vehicles3↦0.39041224867105484),(Vehicles4↦1.0956040024757385),(Vehicles5↦0.4873369261622429)}",
        "VehiclesY": "{(EgoVehicle↦0.39630044996738434),(Vehicles2↦3.6036994457244873),(Vehicles3↦7.603699207305908),(Vehicles4↦-0.39630044996738434),(Vehicles5↦7.603699207305908)}",
        "VehiclesVy": "{(EgoVehicle↦-1.1458635330200195),(Vehicles2↦1.1458635330200195),(Vehicles3↦1.1458635330200195),(Vehicles4↦1.1458635330200195),(Vehicles5↦1.1458635330200195)}",
        "VehiclesX": "{(EgoVehicle↦200.0),(Vehicles2↦44.627371430397034),(Vehicles3↦50.50062537193298),(Vehicles4↦52.39138603210449),(Vehicles5↦113.08020353317261)}"
      },
      "probabilisticVariables": null,
      "activating": [
        "LANE_RIGHT_37"
      ],
      "activatingOnlyWhenExecuted": true,
      "updating": null,
      "withPredicate": null
    },
    {
      "id": "LANE_RIGHT_37",
      "execute": "LANE_RIGHT",
      "after": "1000",
      "priority": 0,
      "additionalGuards": null,
      "activationKind": null,
      "fixedVariables": {
        "Crash": "FALSE",
        "VehiclesAy": "{(EgoVehicle↦2.2204431146383286),(Vehicles2↦-2.2204431146383286),(Vehicles3↦-2.2204431146383286),(Vehicles4↦-2.2204431146383286),(Vehicles5↦0.07128395140171051)}",
        "Reward": "0.7000000000000001",
        "VehiclesAx": "{(EgoVehicle↦0.003962516784667969),(Vehicles2↦0.011800304055213928),(Vehicles3↦0.010050088167190552),(Vehicles4↦-0.04654929041862488),(Vehicles5↦0.026490874588489532)}",
        "VehiclesVx": "{(EgoVehicle↦19.971110820770264),(Vehicles2↦0.7298162579536438),(Vehicles3↦0.4004623368382454),(Vehicles4↦1.0490547120571136),(Vehicles5↦0.5138278007507324)}",
        "VehiclesY": "{(EgoVehicle↦3.628213405609131),(Vehicles2↦0.3717864453792572),(Vehicles3↦4.37178647518158),(Vehicles4↦-3.628213405609131),(Vehicles5↦4.37178647518158)}",
        "VehiclesVy": "{(EgoVehicle↦1.074579581618309),(Vehicles2↦-1.074579581618309),(Vehicles3↦-1.074579581618309),(Vehicles4↦-1.074579581618309),(Vehicles5↦-1.074579581618309)}",
        "VehiclesX": "{(EgoVehicle↦200.0),(Vehicles2↦45.6283301115036),(Vehicles3↦51.17310881614685),(Vehicles4↦53.746479749679565),(Vehicles5↦113.8563871383667)}"
      },
      "probabilisticVariables": null,
      "activating": [
        "FASTER_38"
      ],
      "activatingOnlyWhenExecuted": true,
      "updating": null,
      "withPredicate": null
    },
    {
      "id": "FASTER_38",
      "execute": "FASTER",
      "after": "1000",
      "priority": 0,
      "additionalGuards": null,
      "activationKind": null,
      "fixedVariables": {
        "Crash": "FALSE",
        "VehiclesAy": "{(EgoVehicle↦-1.021551489830017),(Vehicles2↦1.021551489830017),(Vehicles3↦1.021551489830017),(Vehicles4↦1.021551489830017),(Vehicles5↦-1.127607673406601)}",
        "Reward": "0.8157734940025093",
        "VehiclesAx": "{(EgoVehicle↦4.370396137237549),(Vehicles2↦-4.355704486370087),(Vehicles3↦-4.355479367077351),(Vehicles4↦-4.412592202425003),(Vehicles5↦-4.341428875923157)}",
        "VehiclesVx": "{(EgoVehicle↦24.341506958007812),(Vehicles2↦-3.625888228416443),(Vehicles3↦-3.9550170302391052),(Vehicles4↦-3.3635374903678894),(Vehicles5↦-3.8276010751724243)}",
        "VehiclesY": "{(EgoVehicle↦3.983986973762512),(Vehicles2↦0.016012861859053373),(Vehicles3↦4.016012907028198),(Vehicles4↦-3.983986973762512),(Vehicles5↦4.016012907028198)}",
        "VehiclesVy": "{(EgoVehicle↦0.05302809178829193),(Vehicles2↦-0.05302809178829193),(Vehicles3↦-0.05302809178829193),(Vehicles4↦-0.05302809178829193),(Vehicles5↦-0.05302809178829193)}",
        "VehiclesX": "{(EgoVehicle↦200.0),(Vehicles2↦43.94483268260956),(Vehicles3↦49.16020333766937),(Vehicles4↦52.35934853553772),(Vehicles5↦111.9626522064209)}"
      },
      "probabilisticVariables": null,
      "activating": [
        "LANE_RIGHT_39"
      ],
      "activatingOnlyWhenExecuted": true,
      "updating": null,
      "withPredicate": null
    },
    {
      "id": "LANE_RIGHT_39",
      "execute": "LANE_RIGHT",
      "after": "1000",
      "priority": 0,
      "additionalGuards": null,
      "activationKind": null,
      "fixedVariables": {
        "Crash": "FALSE",
        "VehiclesAy": "{(EgoVehicle↦1.0158270597457886),(Vehicles2↦-1.0158270597457886),(Vehicles3↦-1.0158270597457886),(Vehicles4↦-1.0158270597457886),(Vehicles5↦-1.1218832433223724)}",
        "Reward": "0.8637427530304973",
        "VehiclesAx": "{(EgoVehicle↦0.5488467216491699),(Vehicles2↦-0.5351176857948303),(Vehicles3↦-0.5332067608833313),(Vehicles4↦-0.5905073881149292),(Vehicles5↦-0.5212646722793579)}",
        "VehiclesVx": "{(EgoVehicle↦24.890353679656982),(Vehicles2↦-4.161005914211273),(Vehicles3↦-4.4882237911224365),(Vehicles4↦-3.9540448784828186),(Vehicles5↦-4.348865747451782)}",
        "VehiclesY": "{(EgoVehicle↦7.664329290390015),(Vehicles2↦-3.6643295288085938),(Vehicles3↦0.3356703892350197),(Vehicles4↦-7.664329290390015),(Vehicles5↦0.3356703892350197)}",
        "VehiclesVy": "{(EgoVehicle↦1.0688551515340805),(Vehicles2↦-1.0688551515340805),(Vehicles3↦-1.0688551515340805),(Vehicles4↦-1.0688551515340805),(Vehicles5↦-1.0688551515340805)}",
        "VehiclesX": "{(EgoVehicle↦200.0),(Vehicles2↦40.3378427028656),(Vehicles3↦45.22472321987152),(Vehicles4↦48.99243116378784),(Vehicles5↦108.15951824188232)}"
      },
      "probabilisticVariables": null,
      "activating": [
        "IDLE_40"
      ],
      "activatingOnlyWhenExecuted": true,
      "updating": null,
      "withPredicate": null
    },
    {
      "id": "IDLE_40",
      "execute": "IDLE",
      "after": "1000",
      "priority": 0,
      "additionalGuards": null,
      "activationKind": null,
      "fixedVariables": {
        "Crash": "FALSE",
        "VehiclesAy": "{(EgoVehicle↦-1.0312894592061639),(Vehicles2↦1.0312894592061639),(Vehicles3↦1.0312894592061639),(Vehicles4↦1.0312894592061639),(Vehicles5↦-1.1064208438619971)}",
        "Reward": "0.866361425924231",
        "VehiclesAx": "{(EgoVehicle↦0.09819984436035156),(Vehicles2↦-0.08533120155334473),(Vehicles3↦-0.08199155330657959),(Vehicles4↦-0.13917922973632812),(Vehicles5↦-0.07190704345703125)}",
        "VehiclesVx": "{(EgoVehicle↦24.988553524017334),(Vehicles2↦-4.246337115764618),(Vehicles3↦-4.570215344429016),(Vehicles4↦-4.093224108219147),(Vehicles5↦-4.4207727909088135)}",
        "VehiclesY": "{(EgoVehicle↦7.988669157028198),(Vehicles2↦-3.9886693954467773),(Vehicles3↦0.011330773355439305),(Vehicles4↦-7.988669157028198),(Vehicles5↦0.011330773355439305)}",
        "VehiclesVy": "{(EgoVehicle↦0.03756569232791662),(Vehicles2↦-0.03756569232791662),(Vehicles3↦-0.03756569232791662),(Vehicles4↦-0.03756569232791662),(Vehicles5↦-0.03756569232791662)}",
        "VehiclesX": "{(EgoVehicle↦200.0),(Vehicles2↦36.12120449542999),(Vehicles3↦40.682098269462585),(Vehicles4↦44.96108889579773),(Vehicles5↦103.76043319702148)}"
      },
      "probabilisticVariables": null,
      "activating": [
        "IDLE_41"
      ],
      "activatingOnlyWhenExecuted": true,
      "updating": null,
      "withPredicate": null
    },
    {
      "id": "IDLE_41",
      "execute": "IDLE",
      "after": "1000",
      "priority": 0,
      "additionalGuards": null,
      "activationKind": null,
      "fixedVariables": {
        "Crash": "FALSE",
        "VehiclesAy": "{(EgoVehicle↦-0.03637473200797103),(Vehicles2↦0.03637473200797103),(Vehicles3↦0.03637473200797103),(Vehicles4↦0.03637473200797103),(Vehicles5↦-0.03875665264786221)}",
        "Reward": "0.8666265687555054",
        "VehiclesAx": "{(EgoVehicle↦0.009942054748535156),(Vehicles2↦0.0021573901176452637),(Vehicles3↦0.006697475910186768),(Vehicles4↦-0.050100088119506836),(Vehicles5↦0.015146434307098389)}",
        "VehiclesVx": "{(EgoVehicle↦24.99849557876587),(Vehicles2↦-4.244179725646973),(Vehicles3↦-4.563517868518829),(Vehicles4↦-4.143324196338654),(Vehicles5↦-4.405626356601715)}",
        "VehiclesY": "{(EgoVehicle↦7.999642610549927),(Vehicles2↦-3.999642491340637),(Vehicles3↦0.0003575390946934931),(Vehicles4↦-7.999642610549927),(Vehicles5↦0.0003575390946934931)}",
        "VehiclesVy": "{(EgoVehicle↦0.0011909603199455887),(Vehicles2↦-0.0011909603199455887),(Vehicles3↦-0.0011909603199455887),(Vehicles4↦-0.0011909603199455887),(Vehicles5↦-0.0011909603199455887)}",
        "VehiclesX": "{(EgoVehicle↦200.0),(Vehicles2↦31.874272227287292),(Vehicles3↦36.11301779747009),(Vehicles4↦40.846237540245056),(Vehicles5↦99.34428930282593)}"
      },
      "probabilisticVariables": null,
      "activating": [
        "IDLE_42"
      ],
      "activatingOnlyWhenExecuted": true,
      "updating": null,
      "withPredicate": null
    },
    {
      "id": "IDLE_42",
      "execute": "IDLE",
      "after": "1000",
      "priority": 0,
      "additionalGuards": null,
      "activationKind": null,
      "fixedVariables": {
        "Crash": "FALSE",
        "VehiclesAy": "{(EgoVehicle↦-0.0011536727606653585),(Vehicles2↦0.0011536727606653585),(Vehicles3↦0.0011536727606653585),(Vehicles4↦0.0011536727606653585),(Vehicles5↦-0.001228247879225819)}",
        "Reward": "0.866661386382186",
        "VehiclesAx": "{(EgoVehicle↦0.0013065338134765625),(Vehicles2↦0.01010805368423462),(Vehicles3↦0.01564711332321167),(Vehicles4↦-0.04050791263580322),(Vehicles5↦0.022657811641693115)}",
        "VehiclesVx": "{(EgoVehicle↦24.999802112579346),(Vehicles2↦-4.234071671962738),(Vehicles3↦-4.547870755195618),(Vehicles4↦-4.183832108974457),(Vehicles5↦-4.382968544960022)}",
        "VehiclesY": "{(EgoVehicle↦7.999988794326782),(Vehicles2↦-3.9999886751174927),(Vehicles3↦1.1187300515302923E-05),(Vehicles4↦-7.999988794326782),(Vehicles5↦1.1187300515302923E-05)}",
        "VehiclesVy": "{(EgoVehicle↦3.72875592802302E-05),(Vehicles2↦-3.72875592802302E-05),(Vehicles3↦-3.72875592802302E-05),(Vehicles4↦-3.72875592802302E-05),(Vehicles5↦-3.72875592802302E-05)}",
        "VehiclesX": "{(EgoVehicle↦200.0),(Vehicles2↦27.633988857269287),(Vehicles3↦31.55553936958313),(Vehicles4↦36.68643236160278),(Vehicles5↦94.94761824607849)}"
      },
      "probabilisticVariables": null,
      "activating": [
        "SLOWER_43"
      ],
      "activatingOnlyWhenExecuted": true,
      "updating": null,
      "withPredicate": null
    },
    {
      "id": "SLOWER_43",
      "execute": "SLOWER",
      "after": "1000",
      "priority": 0,
      "additionalGuards": null,
      "activationKind": null,
      "fixedVariables": {
        "Crash": "FALSE",
        "VehiclesAy": "{(EgoVehicle↦-3.5772625324170804E-05),(Vehicles2↦3.5772625324170804E-05),(Vehicles3↦3.5772625324170804E-05),(Vehicles4↦3.5772625324170804E-05),(Vehicles5↦-3.880249323628959E-05)}",
        "Reward": "0.7508909370271057",
        "VehiclesAx": "{(EgoVehicle↦-4.341392517089844),(Vehicles2↦4.352193586528301),(Vehicles3↦4.358554482460022),(Vehicles4↦4.303270541131496),(Vehicles5↦4.364300563465804)}",
        "VehiclesVx": "{(EgoVehicle↦20.658409595489502),(Vehicles2↦0.1181219145655632),(Vehicles3↦-0.1893162727355957),(Vehicles4↦0.11943843215703964),(Vehicles5↦-0.01866798149421811)}",
        "VehiclesY": "{(EgoVehicle↦7.999999523162842),(Vehicles2↦-3.9999994039535522),(Vehicles3↦5.236435072220047E-07),(Vehicles4↦-7.999999523162842),(Vehicles5↦5.236435072220047E-07)}",
        "VehiclesVy": "{(EgoVehicle↦1.5149339560593944E-06),(Vehicles2↦-1.5149339560593944E-06),(Vehicles3↦-1.5149339560593944E-06),(Vehicles4↦-1.5149339560593944E-06),(Vehicles5↦-1.5149339560593944E-06)}",
        "VehiclesX": "{(EgoVehicle↦200.0),(Vehicles2↦25.799250602722168),(Vehicles3↦29.409486055374146),(Vehicles4↦34.88222658634186),(Vehicles5↦92.96886324882507)}"
      },
      "probabilisticVariables": null,
      "activating": [
        "LANE_LEFT_44"
      ],
      "activatingOnlyWhenExecuted": true,
      "updating": null,
      "withPredicate": null
    },
    {
      "id": "LANE_LEFT_44",
      "execute": "LANE_LEFT",
      "after": "1000",
      "priority": 0,
      "additionalGuards": null,
      "activationKind": null,
      "fixedVariables": {
        "Crash": "FALSE",
        "VehiclesAy": "{(EgoVehicle↦-1.1575513581260566),(Vehicles2↦1.1575513581260566),(Vehicles3↦1.1575513581260566),(Vehicles4↦1.1575513581260566),(Vehicles5↦1.1575483282581445)}",
        "Reward": "0.7014219475112023",
        "VehiclesAx": "{(EgoVehicle↦-0.6050872802734375),(Vehicles2↦0.6153447553515434),(Vehicles3↦0.6223702803254128),(Vehicles4↦0.5681636556982994),(Vehicles5↦0.6270060245878994)}",
        "VehiclesVx": "{(EgoVehicle↦20.053322315216064),(Vehicles2↦0.7334666699171066),(Vehicles3↦0.43305400758981705),(Vehicles4↦0.687602087855339),(Vehicles5↦0.6083380430936813)}",
        "VehiclesY": "{(EgoVehicle↦4.400960683822632),(Vehicles2↦-0.4009607434272766),(Vehicles3↦3.5990391969680786),(Vehicles4↦-4.400960683822632),(Vehicles5↦3.5990391969680786)}",
        "VehiclesVy": "{(EgoVehicle↦-1.1575498431921005),(Vehicles2↦1.1575498431921005),(Vehicles3↦1.1575498431921005),(Vehicles4↦1.1575498431921005),(Vehicles5↦1.1575498431921005)}",
        "VehiclesX": "{(EgoVehicle↦200.0),(Vehicles2↦26.613423228263855),(Vehicles3↦29.918983578681946),(Vehicles4↦35.67869961261749),(Vehicles5↦93.65094304084778)}"
      },
      "probabilisticVariables": null,
      "activating": [
        "LANE_RIGHT_45"
      ],
      "activatingOnlyWhenExecuted": true,
      "updating": null,
      "withPredicate": null
    },
    {
      "id": "LANE_RIGHT_45",
      "execute": "LANE_RIGHT",
      "after": "1000",
      "priority": 0,
      "additionalGuards": null,
      "activationKind": null,
      "fixedVariables": {
        "Crash": "FALSE",
        "VehiclesAy": "{(EgoVehicle↦2.2329972684383392),(Vehicles2↦-2.2329972684383392),(Vehicles3↦-2.2329972684383392),(Vehicles4↦-2.2329972684383392),(Vehicles5↦0.08210241794586182)}",
        "Reward": "0.7333333333333334",
        "VehiclesAx": "{(EgoVehicle↦-0.07082343101501465),(Vehicles2↦0.08059889078140259),(Vehicles3↦0.08815176784992218),(Vehicles4↦0.03520488739013672),(Vehicles5↦0.09181305766105652)}",
        "VehiclesVx": "{(EgoVehicle↦19.98249888420105),(Vehicles2↦0.8140655606985092),(Vehicles3↦0.5212057754397392),(Vehicles4↦0.7228069752454758),(Vehicles5↦0.7001511007547379)}",
        "VehiclesY": "{(EgoVehicle↦7.627835512161255),(Vehicles2↦-3.6278353929519653),(Vehicles3↦0.3721645921468735),(Vehicles4↦-7.627835512161255),(Vehicles5↦0.3721645921468735)}",
        "VehiclesVy": "{(EgoVehicle↦1.0754474252462387),(Vehicles2↦-1.0754474252462387),(Vehicles3↦-1.0754474252462387),(Vehicles4↦-1.0754474252462387),(Vehicles5↦-1.0754474252462387)}",
        "VehiclesX": "{(EgoVehicle↦200.0),(Vehicles2↦27.666547894477844),(Vehicles3↦30.674681067466736),(Vehicles4↦36.667659878730774),(Vehicles5↦94.58345770835876)}"
      },
      "probabilisticVariables": null,
      "activating": [
        "IDLE_46"
      ],
      "activatingOnlyWhenExecuted": true,
      "updating": null,
      "withPredicate": null
    },
    {
      "id": "IDLE_46",
      "execute": "IDLE",
      "after": "1000",
      "priority": 0,
      "additionalGuards": null,
      "activationKind": null,
      "fixedVariables": {
        "Crash": "FALSE",
        "VehiclesAy": "{(EgoVehicle↦-1.0080179944634438),(Vehicles2↦1.0080179944634438),(Vehicles3↦1.0080179944634438),(Vehicles4↦1.0080179944634438),(Vehicles5↦-1.1428768560290337)}",
        "Reward": "0.7333703979673327",
        "VehiclesAx": "{(EgoVehicle↦0.018891096115112305),(Vehicles2↦-0.009544193744659424),(Vehicles3↦-0.0015844032168388367),(Vehicles4↦-0.0531112402677536),(Vehicles5↦0.0012223422527313232)}",
        "VehiclesVx": "{(EgoVehicle↦20.001389980316162),(Vehicles2↦0.8045213669538498),(Vehicles3↦0.5196213722229004),(Vehicles4↦0.6696957349777222),(Vehicles5↦0.7013734430074692)}",
        "VehiclesY": "{(EgoVehicle↦7.976783037185669),(Vehicles2↦-3.9767829179763794),(Vehicles3↦0.02321717608720064),(Vehicles4↦-7.976783037185669),(Vehicles5↦0.02321717608720064)}",
        "VehiclesVy": "{(EgoVehicle↦0.06742943078279495),(Vehicles2↦-0.06742943078279495),(Vehicles3↦-0.06742943078279495),(Vehicles4↦-0.06742943078279495),(Vehicles5↦-0.06742943078279495)}",
        "VehiclesX": "{(EgoVehicle↦200.0),(Vehicles2↦28.465592861175537),(Vehicles3↦31.18402063846588),(Vehicles4↦37.35786974430084),(Vehicles5↦95.2729344367981)}"
      },
      "probabilisticVariables": null,
      "activating": [
        "IDLE_47"
      ],
      "activatingOnlyWhenExecuted": true,
      "updating": null,
      "withPredicate": null
    },
    {
      "id": "IDLE_47",
      "execute": "IDLE",
      "after": "1000",
      "priority": 0,
      "additionalGuards": null,
      "activationKind": null,
      "fixedVariables": {
        "Crash": "FALSE",
        "VehiclesAy": "{(EgoVehicle↦-0.06323383218841627),(Vehicles2↦0.06323383218841627),(Vehicles3↦0.06323383218841627),(Vehicles4↦0.06323383218841627),(Vehicles5↦-0.07162502937717363)}",
        "Reward": "0.7333386016727124",
        "VehiclesAx": "{(EgoVehicle↦-0.0011920928955078125),(Vehicles2↦0.01016169786453247),(Vehicles3↦0.01842305064201355),(Vehicles4↦-0.03154560923576355),(Vehicles5↦0.02048105001449585)}",
        "VehiclesVx": "{(EgoVehicle↦20.000197887420654),(Vehicles2↦0.8146830648183823),(Vehicles3↦0.5380444228649139),(Vehicles4↦0.6381501257419586),(Vehicles5↦0.721854493021965)}",
        "VehiclesY": "{(EgoVehicle↦7.998555421829224),(Vehicles2↦-3.998555302619934),(Vehicles3↦0.0014445483684539795),(Vehicles4↦-7.998555421829224),(Vehicles5↦0.0014445483684539795)}",
        "VehiclesVy": "{(EgoVehicle↦0.00419559859437868),(Vehicles2↦-0.00419559859437868),(Vehicles3↦-0.00419559859437868),(Vehicles4↦-0.00419559859437868),(Vehicles5↦-0.00419559859437868)}",
        "VehiclesX": "{(EgoVehicle↦200.0),(Vehicles2↦29.274356365203857),(Vehicles3↦31.711167097091675),(Vehicles4↦38.01497519016266),(Vehicles5↦95.98271250724792)}"
      },
      "probabilisticVariables": null,
      "activating": [
        "IDLE_48"
      ],
      "activatingOnlyWhenExecuted": true,
      "updating": null,
      "withPredicate": null
    },
    {
      "id": "IDLE_48",
      "execute": "IDLE",
      "after": "1000",
      "priority": 0,
      "additionalGuards": null,
      "activationKind": null,
      "fixedVariables": {
        "Crash": "FALSE",
        "VehiclesAy": "{(EgoVehicle↦-0.003934549586119829),(Vehicles2↦0.003934549586119829),(Vehicles3↦0.003934549586119829),(Vehicles4↦0.003934549586119829),(Vehicles5↦-0.004456647602637531)}",
        "Reward": "0.733334028606372",
        "VehiclesAx": "{(EgoVehicle↦-0.000171661376953125),(Vehicles2↦0.008808299899101257),(Vehicles3↦0.017279312014579773),(Vehicles4↦-0.031013935804367065),(Vehicles5↦0.018681883811950684)}",
        "VehiclesVx": "{(EgoVehicle↦20.0000262260437),(Vehicles2↦0.8234913647174835),(Vehicles3↦0.5553237348794937),(Vehicles4↦0.6071361899375916),(Vehicles5↦0.7405363768339157)}",
        "VehiclesY": "{(EgoVehicle↦7.999910116195679),(Vehicles2↦-3.999909996986389),(Vehicles3↦8.98792077350663E-05),(Vehicles4↦-7.999910116195679),(Vehicles5↦8.98792077350663E-05)}",
        "VehiclesVy": "{(EgoVehicle↦0.00026104900825885125),(Vehicles2↦-0.00026104900825885125),(Vehicles3↦-0.00026104900825885125),(Vehicles4↦-0.00026104900825885125),(Vehicles5↦-0.00026104900825885125)}",
        "VehiclesX": "{(EgoVehicle↦200.0),(Vehicles2↦30.09261190891266),(Vehicles3↦32.25616216659546),(Vehicles4↦38.640618324279785),(Vehicles5↦96.71212434768677)}"
      },
      "probabilisticVariables": null,
      "activating": [
        "IDLE_49"
      ],
      "activatingOnlyWhenExecuted": true,
      "updating": null,
      "withPredicate": null
    },
    {
      "id": "IDLE_49",
      "execute": "IDLE",
      "after": "1000",
      "priority": 0,
      "additionalGuards": null,
      "activationKind": null,
      "fixedVariables": {
        "Crash": "FALSE",
        "VehiclesAy": "{(EgoVehicle↦-0.0002448065777116426),(Vehicles2↦0.0002448065777116426),(Vehicles3↦0.0002448065777116426),(Vehicles4↦0.0002448065777116426),(Vehicles5↦-0.0002772914388060599)}",
        "Reward": "0.7333334248977296",
        "VehiclesAx": "{(EgoVehicle↦-2.384185791015625E-05),(Vehicles2↦0.008367672562599182),(Vehicles3↦0.01696847379207611),(Vehicles4↦-0.02955302596092224),(Vehicles5↦0.01779802143573761)}",
        "VehiclesVx": "{(EgoVehicle↦20.00000238418579),(Vehicles2↦0.8318590372800827),(Vehicles3↦0.5722922086715698),(Vehicles4↦0.5775831639766693),(Vehicles5↦0.7583343982696533)}",
        "VehiclesY": "{(EgoVehicle↦7.999994516372681),(Vehicles2↦-3.999994397163391),(Vehicles3↦5.592269985754683E-06),(Vehicles4↦-7.999994516372681),(Vehicles5↦5.592269985754683E-06)}",
        "VehiclesVy": "{(EgoVehicle↦1.624243054720864E-05),(Vehicles2↦-1.624243054720864E-05),(Vehicles3↦-1.624243054720864E-05),(Vehicles4↦-1.624243054720864E-05),(Vehicles5↦-1.624243054720864E-05)}",
        "VehiclesX": "{(EgoVehicle↦200.0),(Vehicles2↦30.919477343559265),(Vehicles3↦32.81829059123993),(Vehicles4↦39.235806465148926),(Vehicles5↦97.45984077453613)}"
      },
      "probabilisticVariables": null,
      "activating": [
        "IDLE_50"
      ],
      "activatingOnlyWhenExecuted": true,
      "updating": null,
      "withPredicate": null
    },
    {
      "id": "IDLE_50",
      "execute": "IDLE",
      "after": "1000",
      "priority": 0,
      "additionalGuards": null,
      "activationKind": null,
      "fixedVariables": {
        "Crash": "FALSE",
        "VehiclesAy": "{(EgoVehicle↦-1.5231828527362268E-05),(Vehicles2↦1.5231828527362268E-05),(Vehicles3↦1.5231828527362268E-05),(Vehicles4↦1.5231828527362268E-05),(Vehicles5↦-1.7253032567055016E-05)}",
        "Reward": "0.7333333453912187",
        "VehiclesAx": "{(EgoVehicle↦-2.384185791015625E-06),(Vehicles2↦0.008092820644378662),(Vehicles3↦0.016754120588302612),(Vehicles4↦-0.027918629348278046),(Vehicles5↦0.0170830637216568)}",
        "VehiclesVx": "{(EgoVehicle↦20.0),(Vehicles2↦0.8399518579244614),(Vehicles3↦0.5890463292598724),(Vehicles4↦0.5496645346283913),(Vehicles5↦0.7754174619913101)}",
        "VehiclesY": "{(EgoVehicle↦7.999999523162842),(Vehicles2↦-3.999999761581421),(Vehicles3↦3.4795031922385533E-07),(Vehicles4↦-7.999999523162842),(Vehicles5↦3.4795031922385533E-07)}",
        "VehiclesVy": "{(EgoVehicle↦1.0106020198463739E-06),(Vehicles2↦-1.0106020198463739E-06),(Vehicles3↦-1.0106020198463739E-06),(Vehicles4↦-1.0106020198463739E-06),(Vehicles5↦-1.0106020198463739E-06)}",
        "VehiclesX": "{(EgoVehicle↦200.0),(Vehicles2↦31.754592061042786),(Vehicles3↦33.39730203151703),(Vehicles4↦39.80208933353424),(Vehicles5↦98.22506308555603)}"
      },
      "probabilisticVariables": null,
      "activating": [
        "IDLE_51"
      ],
      "activatingOnlyWhenExecuted": true,
      "updating": null,
      "withPredicate": null
    },
    {
      "id": "IDLE_51",
      "execute": "IDLE",
      "after": "1000",
      "priority": 0,
      "additionalGuards": null,
      "activationKind": null,
      "fixedVariables": {
        "Crash": "FALSE",
        "VehiclesAy": "{(EgoVehicle↦-9.477224871545786E-07),(Vehicles2↦9.477224871545786E-07),(Vehicles3↦9.477224871545786E-07),(Vehicles4↦9.477224871545786E-07),(Vehicles5↦-1.0734815525381691E-06)}",
        "Reward": "0.7333333349212031",
        "VehiclesAx": "{(EgoVehicle↦0.0),(Vehicles2↦0.00786811113357544),(Vehicles3↦0.01652989536523819),(Vehicles4↦-0.026235878467559814),(Vehicles5↦0.016422271728515625)}",
        "VehiclesVx": "{(EgoVehicle↦20.0),(Vehicles2↦0.8478199690580368),(Vehicles3↦0.6055762246251106),(Vehicles4↦0.5234286561608315),(Vehicles5↦0.7918397337198257)}",
        "VehiclesY": "{(EgoVehicle↦8.000000238418579),(Vehicles2↦-4.0000001192092896),(Vehicles3↦2.1649426251713066E-08),(Vehicles4↦-8.000000238418579),(Vehicles5↦2.1649426251713066E-08)}",
        "VehiclesVy": "{(EgoVehicle↦6.287953269179525E-08),(Vehicles2↦-6.287953269179525E-08),(Vehicles3↦-6.287953269179525E-08),(Vehicles4↦-6.287953269179525E-08),(Vehicles5↦-6.287953269179525E-08)}",
        "VehiclesX": "{(EgoVehicle↦200.0),(Vehicles2↦32.5977087020874),(Vehicles3↦33.99297893047333),(Vehicles4↦40.341123938560486),(Vehicles5↦99.00709986686707)}"
      },
      "probabilisticVariables": null,
      "activating": [
        "IDLE_52"
      ],
      "activatingOnlyWhenExecuted": true,
      "updating": null,
      "withPredicate": null
    },
    {
      "id": "IDLE_52",
      "execute": "IDLE",
      "after": "1000",
      "priority": 0,
      "additionalGuards": null,
      "activationKind": null,
      "fixedVariables": {
        "Crash": "FALSE",
        "VehiclesAy": "{(EgoVehicle↦-5.896717780728977E-08),(Vehicles2↦5.896718668907397E-08),(Vehicles3↦5.896718668907397E-08),(Vehicles4↦5.896718668907397E-08),(Vehicles5↦-6.679187869451653E-08)}",
        "Reward": "0.7333333335424356",
        "VehiclesAx": "{(EgoVehicle↦0.0),(Vehicles2↦0.007530003786087036),(Vehicles3↦0.01527879387140274),(Vehicles4↦-0.024532191455364227),(Vehicles5↦-0.014321133494377136)}",
        "VehiclesVx": "{(EgoVehicle↦20.0),(Vehicles2↦0.8553499728441238),(Vehicles3↦0.6208550184965134),(Vehicles4↦0.4988964647054672),(Vehicles5↦0.7775186002254486)}",
        "VehiclesY": "{(EgoVehicle↦8.000000238418579),(Vehicles2↦-4.0000001192092896),(Vehicles3↦1.3470211612798266E-09),(Vehicles4↦-8.000000238418579),(Vehicles5↦1.3470238258150857E-09)}",
        "VehiclesVy": "{(EgoVehicle↦3.912354884505476E-09),(Vehicles2↦-3.912346002721279E-09),(Vehicles3↦-3.912346002721279E-09),(Vehicles4↦-3.912346002721279E-09),(Vehicles5↦-3.912346002721279E-09)}",
        "VehiclesX": "{(EgoVehicle↦200.0),(Vehicles2↦33.4485650062561),(Vehicles3↦34.60497856140137),(Vehicles4↦40.85460305213928),(Vehicles5↦99.79844689369202)}"
      },
      "probabilisticVariables": null,
      "activating": [
        "IDLE_53"
      ],
      "activatingOnlyWhenExecuted": true,
      "updating": null,
      "withPredicate": null
    },
    {
      "id": "IDLE_53",
      "execute": "IDLE",
      "after": "1000",
      "priority": 0,
      "additionalGuards": null,
      "activationKind": null,
      "fixedVariables": {
        "Crash": "FALSE",
        "VehiclesAy": "{(EgoVehicle↦-3.6689229432340653E-09),(Vehicles2↦3.6689140614498683E-09),(Vehicles3↦3.6689140614498683E-09),(Vehicles4↦3.6689140614498683E-09),(Vehicles5↦-4.155777943992689E-09)}",
        "Reward": "0.7333333333608695",
        "VehiclesAx": "{(EgoVehicle↦0.0),(Vehicles2↦0.010936707258224487),(Vehicles3↦0.008798539638519287),(Vehicles4↦-0.0228215754032135),(Vehicles5↦-0.04816606640815735)}",
        "VehiclesVx": "{(EgoVehicle↦20.0),(Vehicles2↦0.8662866801023483),(Vehicles3↦0.6296535581350327),(Vehicles4↦0.4760748893022537),(Vehicles5↦0.7293525338172913)}",
        "VehiclesY": "{(EgoVehicle↦8.000000238418579),(Vehicles2↦-4.0000001192092896),(Vehicles3↦8.381295657500232E-11),(Vehicles4↦-8.000000238418579),(Vehicles5↦8.381295657500232E-11)}",
        "VehiclesVy": "{(EgoVehicle↦2.434319412714103E-10),(Vehicles2↦-2.434319412714103E-10),(Vehicles3↦-2.434319412714103E-10),(Vehicles4↦-2.434319412714103E-10),(Vehicles5↦-2.434319412714103E-10)}",
        "VehiclesX": "{(EgoVehicle↦200.0),(Vehicles2↦34.30774509906769),(Vehicles3↦35.2299690246582),(Vehicles4↦41.344234347343445),(Vehicles5↦100.55758953094482)}"
      },
      "probabilisticVariables": null,
      "activating": [
        "IDLE_54"
      ],
      "activatingOnlyWhenExecuted": true,
      "updating": null,
      "withPredicate": null
    },
    {
      "id": "IDLE_54",
      "execute": "IDLE",
      "after": "1000",
      "priority": 0,
      "additionalGuards": null,
      "activationKind": null,
      "fixedVariables": {
        "Crash": "FALSE",
        "VehiclesAy": "{(EgoVehicle↦-2.282796174313262E-10),(Vehicles2↦2.282796174313262E-10),(Vehicles3↦2.282796174313262E-10),(Vehicles4↦2.282796174313262E-10),(Vehicles5↦-2.5858426511149446E-10)}",
        "Reward": "0.7333333333369595",
        "VehiclesAx": "{(EgoVehicle↦0.0),(Vehicles2↦0.01854538917541504),(Vehicles3↦0.0017915666103363037),(Vehicles4↦-0.021115578711032867),(Vehicles5↦-0.049630776047706604)}",
        "VehiclesVx": "{(EgoVehicle↦20.0),(Vehicles2↦0.8848320692777634),(Vehicles3↦0.631445124745369),(Vehicles4↦0.45495931059122086),(Vehicles5↦0.6797217577695847)}",
        "VehiclesY": "{(EgoVehicle↦8.000000238418579),(Vehicles2↦-4.0000001192092896),(Vehicles3↦5.214495502059435E-12),(Vehicles4↦-8.000000238418579),(Vehicles5↦5.214495502059435E-12)}",
        "VehiclesVy": "{(EgoVehicle↦1.5152323840084136E-11),(Vehicles2↦-1.5152323840084136E-11),(Vehicles3↦-1.5152323840084136E-11),(Vehicles4↦-1.5152323840084136E-11),(Vehicles5↦-1.5152323840084136E-11)}",
        "VehiclesX": "{(EgoVehicle↦200.0),(Vehicles2↦35.18082797527313),(Vehicles3↦35.8608216047287),(Vehicles4↦41.81172549724579),(Vehicles5↦101.26663446426392)}"
      },
      "probabilisticVariables": null,
      "activating": [
        "IDLE_55"
      ],
      "activatingOnlyWhenExecuted": true,
      "updating": null,
      "withPredicate": null
    },
    {
      "id": "IDLE_55",
      "execute": "IDLE",
      "after": "1000",
      "priority": 0,
      "additionalGuards": null,
      "activationKind": null,
      "fixedVariables": {
        "Crash": "FALSE",
        "VehiclesAy": "{(EgoVehicle↦-1.4210854715202004E-11),(Vehicles2↦1.4210854715202004E-11),(Vehicles3↦1.4210854715202004E-11),(Vehicles4↦1.4210854715202004E-11),(Vehicles5↦-1.609379296496627E-11)}",
        "Reward": "0.7333333333338109",
        "VehiclesAx": "{(EgoVehicle↦0.0),(Vehicles2↦0.02544105052947998),(Vehicles3↦-0.003045499324798584),(Vehicles4↦-0.019424855709075928),(Vehicles5↦-0.04149481654167175)}",
        "VehiclesVx": "{(EgoVehicle↦20.0),(Vehicles2↦0.9102731198072433),(Vehicles3↦0.6283996254205704),(Vehicles4↦0.43553445488214493),(Vehicles5↦0.6382269412279129)}",
        "VehiclesY": "{(EgoVehicle↦8.000000238418579),(Vehicles2↦-4.0000001192092896),(Vehicles3↦3.2240876635114546E-13),(Vehicles4↦-8.000000238418579),(Vehicles5↦3.2240876635114546E-13)}",
        "VehiclesVy": "{(EgoVehicle↦9.414691248821327E-13),(Vehicles2↦-9.414691248821327E-13),(Vehicles3↦-9.414691248821327E-13),(Vehicles4↦-9.414691248821327E-13),(Vehicles5↦-9.414691248821327E-13)}",
        "VehiclesX": "{(EgoVehicle↦200.0),(Vehicles2↦36.07536852359772),(Vehicles3↦36.49134039878845),(Vehicles4↦42.25878119468689),(Vehicles5↦101.92898511886597)}"
      },
      "probabilisticVariables": null,
      "activating": [
        "IDLE_56"
      ],
      "activatingOnlyWhenExecuted": true,
      "updating": null,
      "withPredicate": null
    },
    {
      "id": "IDLE_56",
      "execute": "IDLE",
      "after": "1000",
      "priority": 0,
      "additionalGuards": null,
      "activationKind": null,
      "fixedVariables": {
        "Crash": "FALSE",
        "VehiclesAy": "{(EgoVehicle↦-8.881784197001252E-13),(Vehicles2↦8.881784197001252E-13),(Vehicles3↦8.881784197001252E-13),(Vehicles4↦8.881784197001252E-13),(Vehicles5↦-9.947598300641403E-13)}",
        "Reward": "0.7333333333333963",
        "VehiclesAx": "{(EgoVehicle↦0.0),(Vehicles2↦0.0301264226436615),(Vehicles3↦-0.0057167187333106995),(Vehicles4↦-0.017759017646312714),(Vehicles5↦-0.03175828605890274)}",
        "VehiclesVx": "{(EgoVehicle↦20.0),(Vehicles2↦0.9403995424509048),(Vehicles3↦0.6226829066872597),(Vehicles4↦0.4177754372358322),(Vehicles5↦0.6064686551690102)}",
        "VehiclesY": "{(EgoVehicle↦8.000000238418579),(Vehicles2↦-4.0000001192092896),(Vehicles3↦1.865174681370263E-14),(Vehicles4↦-8.000000238418579),(Vehicles5↦1.865174681370263E-14)}",
        "VehiclesVy": "{(EgoVehicle↦5.3290705182007514E-14),(Vehicles2↦-5.3290705182007514E-14),(Vehicles3↦-5.3290705182007514E-14),(Vehicles4↦-5.3290705182007514E-14),(Vehicles5↦-5.3290705182007514E-14)}",
        "VehiclesX": "{(EgoVehicle↦200.0),(Vehicles2↦36.99741065502167),(Vehicles3↦37.117594480514526),(Vehicles4↦42.687079310417175),(Vehicles5↦102.55374908447266)}"
      },
      "probabilisticVariables": null,
      "activating": [
        "IDLE_57"
      ],
      "activatingOnlyWhenExecuted": true,
      "updating": null,
      "withPredicate": null
    },
    {
      "id": "IDLE_57",
      "execute": "IDLE",
      "after": "1000",
      "priority": 0,
      "additionalGuards": null,
      "activationKind": null,
      "fixedVariables": {
        "Crash": "FALSE",
        "VehiclesAy": "{(EgoVehicle↦-5.3290705182007514E-14),(Vehicles2↦5.3290705182007514E-14),(Vehicles3↦5.3290705182007514E-14),(Vehicles4↦5.3290705182007514E-14),(Vehicles5↦-5.3290705182007514E-14)}",
        "Reward": "0.7333333333333415",
        "VehiclesAx": "{(EgoVehicle↦0.0),(Vehicles2↦-0.32455191016197205),(Vehicles3↦0.3504033759236336),(Vehicles4↦-0.016126595437526703),(Vehicles5↦-0.02307157963514328)}",
        "VehiclesVx": "{(EgoVehicle↦20.0),(Vehicles2↦0.6158476322889328),(Vehicles3↦0.9730862826108932),(Vehicles4↦0.4016488417983055),(Vehicles5↦0.5833970755338669)}",
        "VehiclesY": "{(EgoVehicle↦8.000000238418579),(Vehicles2↦0.0),(Vehicles3↦-4.0000001192092896),(Vehicles4↦-8.000000238418579),(Vehicles5↦0.0)}",
        "VehiclesVy": "{(EgoVehicle↦0.0),(Vehicles2↦0.0),(Vehicles3↦0.0),(Vehicles4↦0.0),(Vehicles5↦0.0)}",
        "VehiclesX": "{(EgoVehicle↦200.0),(Vehicles2↦37.737587094306946),(Vehicles3↦37.950751185417175),(Vehicles4↦43.09827387332916),(Vehicles5↦103.1503677368164)}"
      },
      "probabilisticVariables": null,
      "activating": [
        "SLOWER_58"
      ],
      "activatingOnlyWhenExecuted": true,
      "updating": null,
      "withPredicate": null
    },
    {
      "id": "SLOWER_58",
      "execute": "SLOWER",
      "after": "1000",
      "priority": 0,
      "additionalGuards": null,
      "activationKind": null,
      "fixedVariables": {
        "Crash": "FALSE",
        "VehiclesAy": "{(EgoVehicle↦0.0),(Vehicles2↦0.0),(Vehicles3↦0.0),(Vehicles4↦0.0),(Vehicles5↦0.0)}",
        "Reward": "0.7333333333333344",
        "VehiclesAx": "{(EgoVehicle↦0.0),(Vehicles2↦-0.0069891661405563354),(Vehicles3↦0.03367029130458832),(Vehicles4↦-0.014535263180732727),(Vehicles5↦-0.016033388674259186)}",
        "VehiclesVx": "{(EgoVehicle↦20.0),(Vehicles2↦0.6088584661483765),(Vehicles3↦1.0067565739154816),(Vehicles4↦0.3871135786175728),(Vehicles5↦0.5673636868596077)}",
        "VehiclesY": "{(EgoVehicle↦8.000000238418579),(Vehicles2↦0.0),(Vehicles3↦-4.0000001192092896),(Vehicles4↦-8.000000238418579),(Vehicles5↦0.0)}",
        "VehiclesVy": "{(EgoVehicle↦0.0),(Vehicles2↦0.0),(Vehicles3↦0.0),(Vehicles4↦0.0),(Vehicles5↦0.0)}",
        "VehiclesX": "{(EgoVehicle↦200.0),(Vehicles2↦38.350626826286316),(Vehicles3↦38.93727362155914),(Vehicles4↦43.4939831495285),(Vehicles5↦103.72685194015503)}"
      },
      "probabilisticVariables": null,
      "activating": [
        "SLOWER_59"
      ],
      "activatingOnlyWhenExecuted": true,
      "updating": null,
      "withPredicate": null
    },
    {
      "id": "SLOWER_59",
      "execute": "SLOWER",
      "after": "1000",
      "priority": 0,
      "additionalGuards": null,
      "activationKind": null,
      "fixedVariables": {
        "Crash": "FALSE",
        "VehiclesAy": "{(EgoVehicle↦0.0),(Vehicles2↦0.0),(Vehicles3↦0.0),(Vehicles4↦0.0),(Vehicles5↦0.0)}",
        "Reward": "0.7333333333333334",
        "VehiclesAx": "{(EgoVehicle↦0.0),(Vehicles2↦-0.006597749888896942),(Vehicles3↦0.03363654017448425),(Vehicles4↦-0.012991391122341156),(Vehicles5↦-0.010526850819587708)}",
        "VehiclesVx": "{(EgoVehicle↦20.0),(Vehicles2↦0.6022607162594795),(Vehicles3↦1.0403931140899658),(Vehicles4↦0.37412218749523163),(Vehicles5↦0.55683683604002)}",
        "VehiclesY": "{(EgoVehicle↦8.000000238418579),(Vehicles2↦0.0),(Vehicles3↦-4.0000001192092896),(Vehicles4↦-8.000000238418579),(Vehicles5↦0.0)}",
        "VehiclesVy": "{(EgoVehicle↦0.0),(Vehicles2↦0.0),(Vehicles3↦0.0),(Vehicles4↦0.0),(Vehicles5↦0.0)}",
        "VehiclesX": "{(EgoVehicle↦200.0),(Vehicles2↦38.95680010318756),(Vehicles3↦39.95751738548279),(Vehicles4↦43.87578070163727),(Vehicles5↦104.28961515426636)}"
      },
      "probabilisticVariables": null,
      "activating": [
        "IDLE_60"
      ],
      "activatingOnlyWhenExecuted": true,
      "updating": null,
      "withPredicate": null
    },
    {
      "id": "IDLE_60",
      "execute": "IDLE",
      "after": "1000",
      "priority": 0,
      "additionalGuards": null,
      "activationKind": null,
      "fixedVariables": {
        "Crash": "FALSE",
        "VehiclesAy": "{(EgoVehicle↦0.0),(Vehicles2↦0.0),(Vehicles3↦0.0),(Vehicles4↦0.0),(Vehicles5↦0.0)}",
        "Reward": "0.7333333333333334",
        "VehiclesAx": "{(EgoVehicle↦0.0),(Vehicles2↦-0.005922913551330566),(Vehicles3↦0.03301352262496948),(Vehicles4↦-0.011500492691993713),(Vehicles5↦-0.00624682754278183)}",
        "VehiclesVx": "{(EgoVehicle↦20.0),(Vehicles2↦0.596337802708149),(Vehicles3↦1.0734066367149353),(Vehicles4↦0.3626216948032379),(Vehicles5↦0.5505900084972382)}",
        "VehiclesY": "{(EgoVehicle↦8.000000238418579),(Vehicles2↦0.0),(Vehicles3↦-4.0000001192092896),(Vehicles4↦-8.000000238418579),(Vehicles5↦0.0)}",
        "VehiclesVy": "{(EgoVehicle↦0.0),(Vehicles2↦0.0),(Vehicles3↦0.0),(Vehicles4↦0.0),(Vehicles5↦0.0)}",
        "VehiclesX": "{(EgoVehicle↦200.0),(Vehicles2↦39.556631445884705),(Vehicles3↦41.011181473731995),(Vehicles4↦44.24518346786499),(Vehicles5↦104.84365224838257)}"
      },
      "probabilisticVariables": null,
      "activating": [
        "IDLE_61"
      ],
      "activatingOnlyWhenExecuted": true,
      "updating": null,
      "withPredicate": null
    },
    {
      "id": "IDLE_61",
      "execute": "IDLE",
      "after": "1000",
      "priority": 0,
      "additionalGuards": null,
      "activationKind": null,
      "fixedVariables": {
        "Crash": "FALSE",
        "VehiclesAy": "{(EgoVehicle↦0.0),(Vehicles2↦0.0),(Vehicles3↦0.0),(Vehicles4↦0.0),(Vehicles5↦0.0)}",
        "Reward": "0.7333333333333334",
        "VehiclesAx": "{(EgoVehicle↦0.0),(Vehicles2↦-0.005114749073982239),(Vehicles3↦0.032087042927742004),(Vehicles4↦-0.010067075490951538),(Vehicles5↦-0.002892427146434784)}",
        "VehiclesVx": "{(EgoVehicle↦20.0),(Vehicles2↦0.5912230536341667),(Vehicles3↦1.1054936796426773),(Vehicles4↦0.3525546193122864),(Vehicles5↦0.5476975813508034)}",
        "VehiclesY": "{(EgoVehicle↦8.000000238418579),(Vehicles2↦0.0),(Vehicles3↦-4.0000001192092896),(Vehicles4↦-8.000000238418579),(Vehicles5↦0.0)}",
        "VehiclesVy": "{(EgoVehicle↦0.0),(Vehicles2↦0.0),(Vehicles3↦0.0),(Vehicles4↦0.0),(Vehicles5↦0.0)}",
        "VehiclesX": "{(EgoVehicle↦200.0),(Vehicles2↦40.150853991508484),(Vehicles3↦42.09750294685364),(Vehicles4↦44.60366666316986),(Vehicles5↦105.39284944534302)}"
      },
      "probabilisticVariables": null,
      "activating": null,
      "activatingOnlyWhenExecuted": true,
      "updating": null,
      "withPredicate": null
    }
  ],
  "listeners": [],
  "metadata": {
    "fileType": "Timed_Trace",
    "formatVersion": 3,
    "savedAt": "2023-08-21T06:52:04.953648Z",
    "creator": "Simulation: HYPOTHESIS_TEST; SIGNIFICANCE : 0.05, PROBABILITY : 0.95, MAX_STEPS_BEFORE_PROPERTY : 0, EXECUTIONS : 1000, PREDICATE : Crash = FALSE, ENDING_TIME : 60000, HYPOTHESIS_CHECKING_TYPE : LEFT_TAILED, CHECKING_TYPE : PREDICATE_INVARIANT",
    "proB2KernelVersion": "4.12.2",
    "proBCliVersion": "1.12.2-final",
    "modelName": "HighwayEnvironment2"
  }
}