{
  "variables": {},
  "activations": [
    {
      "id": "$setup_constants",
      "execute": "$setup_constants",
      "after": "0",
      "priority": 0,
      "additionalGuards": null,
      "activationKind": null,
      "fixedVariables": null,
      "probabilisticVariables": null,
      "activating": null,
      "activatingOnlyWhenExecuted": true,
      "updating": null,
      "withPredicate": null
    },
    {
      "id": "$initialise_machine",
      "execute": "$initialise_machine",
      "after": "0",
      "priority": 0,
      "additionalGuards": null,
      "activationKind": null,
      "fixedVariables": {
        "Crash": "FALSE",
        "VehiclesAy": "{(EgoVehicle↦0.0),(Vehicles2↦0.0),(Vehicles3↦0.0),(Vehicles4↦0.0),(Vehicles5↦0.0)}",
        "Reward": "0.0",
        "VehiclesAx": "{(EgoVehicle↦0.0),(Vehicles2↦0.0),(Vehicles3↦0.0),(Vehicles4↦0.0),(Vehicles5↦0.0)}",
        "VehiclesVx": "{(EgoVehicle↦25.0),(Vehicles2↦-3.6565598845481873),(Vehicles3↦-2.3784328997135162),(Vehicles4↦-1.0835376381874084),(Vehicles5↦-3.388991355895996)}",
        "VehiclesY": "{(EgoVehicle↦4.0000001192092896),(Vehicles2↦0.0),(Vehicles3↦4.0000001192092896),(Vehicles4↦-4.0000001192092896),(Vehicles5↦-4.0000001192092896)}",
        "VehiclesVy": "{(EgoVehicle↦0.0),(Vehicles2↦0.0),(Vehicles3↦0.0),(Vehicles4↦0.0),(Vehicles5↦0.0)}",
        "VehiclesX": "{(EgoVehicle↦152.49881744384766),(Vehicles2↦24.133744835853577),(Vehicles3↦46.321386098861694),(Vehicles4↦68.73433589935303),(Vehicles5↦92.6406979560852)}"
      },
      "probabilisticVariables": null,
      "activating": [
        "LANE_RIGHT_2"
      ],
      "activatingOnlyWhenExecuted": true,
      "updating": null,
      "withPredicate": null
    },
    {
      "id": "LANE_RIGHT_2",
      "execute": "LANE_RIGHT",
      "after": "1000",
      "priority": 0,
      "additionalGuards": null,
      "activationKind": null,
      "fixedVariables": {
        "Crash": "FALSE",
        "VehiclesAy": "{(EgoVehicle↦1.0796338319778442),(Vehicles2↦-1.0796338319778442),(Vehicles3↦-1.0796338319778442),(Vehicles4↦-1.0796338319778442),(Vehicles5↦-1.0796338319778442)}",
        "Reward": "0.8660447183419508",
        "VehiclesAx": "{(EgoVehicle↦-0.023322105407714844),(Vehicles2↦-0.22916316986083984),(Vehicles3↦-0.9319333732128143),(Vehicles4↦-5.622120201587677),(Vehicles5↦-0.29495298862457275)}",
        "VehiclesVx": "{(EgoVehicle↦24.976677894592285),(Vehicles2↦-3.885723054409027),(Vehicles3↦-3.3103662729263306),(Vehicles4↦-6.7056578397750854),(Vehicles5↦-3.683944344520569)}",
        "VehiclesY": "{(EgoVehicle↦7.6599647998809814),(Vehicles2↦-3.6599650382995605),(Vehicles3↦0.3400348797440529),(Vehicles4↦-7.6599647998809814),(Vehicles5↦-7.6599647998809814)}",
        "VehiclesVy": "{(EgoVehicle↦1.0796338319778442),(Vehicles2↦-1.0796338319778442),(Vehicles3↦-1.0796338319778442),(Vehicles4↦-1.0796338319778442),(Vehicles5↦-1.0796338319778442)}",
        "VehiclesX": "{(EgoVehicle↦177.17907428741455),(Vehicles2↦20.69186121225357),(Vehicles3↦43.84697079658508),(Vehicles4↦65.57055115699768),(Vehicles5↦89.43604826927185)}"
      },
      "probabilisticVariables": null,
      "activating": [
        "IDLE_3"
      ],
      "activatingOnlyWhenExecuted": true,
      "updating": null,
      "withPredicate": null
    },
    {
      "id": "IDLE_3",
      "execute": "IDLE",
      "after": "1000",
      "priority": 0,
      "additionalGuards": null,
      "activationKind": null,
      "fixedVariables": {
        "Crash": "FALSE",
        "VehiclesAy": "{(EgoVehicle↦-1.041519611608237),(Vehicles2↦1.041519611608237),(Vehicles3↦1.041519611608237),(Vehicles4↦1.041519611608237),(Vehicles5↦-1.1177480523474514)}",
        "Reward": "0.8666658918962077",
        "VehiclesAx": "{(EgoVehicle↦0.023293495178222656),(Vehicles2↦-0.16575902700424194),(Vehicles3↦-0.6287026405334473),(Vehicles4↦-1.7240381240844727),(Vehicles5↦-1.2996092438697815)}",
        "VehiclesVx": "{(EgoVehicle↦24.999971389770508),(Vehicles2↦-4.051482081413269),(Vehicles3↦-3.939068913459778),(Vehicles4↦-8.429695963859558),(Vehicles5↦-4.98355358839035)}",
        "VehiclesY": "{(EgoVehicle↦7.988499641418457),(Vehicles2↦-3.9884995222091675),(Vehicles3↦0.01150053832679987),(Vehicles4↦-7.988499641418457),(Vehicles5↦-7.988499641418457)}",
        "VehiclesVy": "{(EgoVehicle↦0.03811422036960721),(Vehicles2↦-0.03811422036960721),(Vehicles3↦-0.03811422036960721),(Vehicles4↦-0.03811422036960721),(Vehicles5↦-0.03811422036960721)}",
        "VehiclesX": "{(EgoVehicle↦200.0),(Vehicles2↦16.69790744781494),(Vehicles3↦40.25240242481232),(Vehicles4↦57.98493027687073),(Vehicles5↦85.26063561439514)}"
      },
      "probabilisticVariables": null,
      "activating": [
        "IDLE_4"
      ],
      "activatingOnlyWhenExecuted": true,
      "updating": null,
      "withPredicate": null
    },
    {
      "id": "IDLE_4",
      "execute": "IDLE",
      "after": "1000",
      "priority": 0,
      "additionalGuards": null,
      "activationKind": null,
      "fixedVariables": {
        "Crash": "FALSE",
        "VehiclesAy": "{(EgoVehicle↦-0.03690516830829438),(Vehicles2↦0.03690516830829438),(Vehicles3↦0.03690516830829438),(Vehicles4↦0.03690516830829438),(Vehicles5↦1.96177241159603)}",
        "Reward": "0.8666666658870362",
        "VehiclesAx": "{(EgoVehicle↦2.86102294921875E-05),(Vehicles2↦-0.4560154676437378),(Vehicles3↦-0.38004547357559204),(Vehicles4↦-0.5664581060409546),(Vehicles5↦-0.43152838945388794)}",
        "VehiclesVx": "{(EgoVehicle↦25.0),(Vehicles2↦-4.507497549057007),(Vehicles3↦-4.31911438703537),(Vehicles4↦-8.996154069900513),(Vehicles5↦-5.415081977844238)}",
        "VehiclesY": "{(EgoVehicle↦7.999636888504028),(Vehicles2↦-3.9996371269226074),(Vehicles3↦0.0003629883358371444),(Vehicles4↦-7.999636888504028),(Vehicles5↦-4.698314666748047)}",
        "VehiclesVy": "{(EgoVehicle↦0.001209052061312832),(Vehicles2↦-0.001209052061312832),(Vehicles3↦-0.001209052061312832),(Vehicles4↦-0.001209052061312832),(Vehicles5↦1.9998866319656372)}",
        "VehiclesX": "{(EgoVehicle↦200.0),(Vehicles2↦12.594176828861237),(Vehicles3↦36.14717423915863),(Vehicles4↦49.28103685379028),(Vehicles5↦79.60355281829834)}"
      },
      "probabilisticVariables": null,
      "activating": [
        "SLOWER_5"
      ],
      "activatingOnlyWhenExecuted": true,
      "updating": null,
      "withPredicate": null
    },
    {
      "id": "SLOWER_5",
      "execute": "SLOWER",
      "after": "1000",
      "priority": 0,
      "additionalGuards": null,
      "activationKind": null,
      "fixedVariables": {
        "Crash": "FALSE",
        "VehiclesAy": "{(EgoVehicle↦-0.001159856901722378),(Vehicles2↦0.001159856901722378),(Vehicles3↦0.001159856901722378),(Vehicles4↦0.001159856901722378),(Vehicles5↦2.1286287251859903)}",
        "Reward": "0.7508916323715519",
        "VehiclesAx": "{(EgoVehicle↦-4.341564178466797),(Vehicles2↦3.7379684299230576),(Vehicles3↦4.10368399694562),(Vehicles4↦6.292093992233276),(Vehicles5↦4.789817184209824)}",
        "VehiclesVx": "{(EgoVehicle↦20.658435821533203),(Vehicles2↦-0.7695291191339493),(Vehicles3↦-0.2154303900897503),(Vehicles4↦-2.7040600776672363),(Vehicles5↦-0.6252647936344147)}",
        "VehiclesY": "{(EgoVehicle↦7.999983072280884),(Vehicles2↦-3.9999829530715942),(Vehicles3↦1.7004867913783528E-05),(Vehicles4↦-7.999983072280884),(Vehicles5↦-4.0441789627075195)}",
        "VehiclesVy": "{(EgoVehicle↦4.919515959045384E-05),(Vehicles2↦-4.919515959045384E-05),(Vehicles3↦-4.919515959045384E-05),(Vehicles4↦-4.919515959045384E-05),(Vehicles5↦0.12874209322035313)}",
        "VehiclesX": "{(EgoVehicle↦200.0),(Vehicles2↦10.200662165880203),(Vehicles3↦34.119027853012085),(Vehicles4↦43.49837005138397),(Vehicles5↦76.82390809059143)}"
      },
      "probabilisticVariables": null,
      "activating": [
        "SLOWER_6"
      ],
      "activatingOnlyWhenExecuted": true,
      "updating": null,
      "withPredicate": null
    },
    {
      "id": "SLOWER_6",
      "execute": "SLOWER",
      "after": "1000",
      "priority": 0,
      "additionalGuards": null,
      "activationKind": null,
      "fixedVariables": {
        "Crash": "FALSE",
        "VehiclesAy": "{(EgoVehicle↦-4.617757014102608E-05),(Vehicles2↦4.617757014102608E-05),(Vehicles3↦4.617757014102608E-05),(Vehicles4↦4.617757014102608E-05),(Vehicles5↦0.1366414752556011)}",
        "Reward": "0.7356455373221049",
        "VehiclesAx": "{(EgoVehicle↦-0.5717277526855469),(Vehicles2↦0.30461274087429047),(Vehicles3↦0.4242267273366451),(Vehicles4↦2.0278384536504745),(Vehicles5↦0.7597377058118582)}",
        "VehiclesVx": "{(EgoVehicle↦20.086708068847656),(Vehicles2↦-0.4649163782596588),(Vehicles3↦0.20879633724689484),(Vehicles4↦-0.6762216240167618),(Vehicles5↦0.1344729121774435)}",
        "VehiclesY": "{(EgoVehicle↦7.9999988079071045),(Vehicles2↦-3.9999990463256836),(Vehicles3↦1.0399422762930044E-06),(Vehicles4↦-7.9999988079071045),(Vehicles5↦-4.002702713012695)}",
        "VehiclesVy": "{(EgoVehicle↦3.01758944942776E-06),(Vehicles2↦-3.01758944942776E-06),(Vehicles3↦-3.01758944942776E-06),(Vehicles4↦-3.01758944942776E-06),(Vehicles5↦0.007899382035247982)}",
        "VehiclesX": "{(EgoVehicle↦200.0),(Vehicles2↦9.622285515069962),(Vehicles3↦34.15427803993225),(Vehicles4↦41.73204004764557),(Vehicles5↦76.5988290309906)}"
      },
      "probabilisticVariables": null,
      "activating": [
        "IDLE_7"
      ],
      "activatingOnlyWhenExecuted": true,
      "updating": null,
      "withPredicate": null
    },
    {
      "id": "IDLE_7",
      "execute": "IDLE",
      "after": "1000",
      "priority": 0,
      "additionalGuards": null,
      "activationKind": null,
      "fixedVariables": {
        "Crash": "FALSE",
        "VehiclesAy": "{(EgoVehicle↦-2.8300728338592762E-06),(Vehicles2↦2.8300728338592762E-06),(Vehicles3↦2.8300728338592762E-06),(Vehicles4↦2.8300728338592762E-06),(Vehicles5↦0.008376461410080083)}",
        "Reward": "0.7336378211014029",
        "VehiclesAx": "{(EgoVehicle↦-0.07529020309448242),(Vehicles2↦-0.0358688086271286),(Vehicles3↦-0.014177672564983368),(Vehicles4↦1.0601381585001945),(Vehicles5↦0.17488756217062473)}",
        "VehiclesVx": "{(EgoVehicle↦20.011417865753174),(Vehicles2↦-0.5007851868867874),(Vehicles3↦0.19461866468191147),(Vehicles4↦0.38391653448343277),(Vehicles5↦0.30936047434806824)}",
        "VehiclesY": "{(EgoVehicle↦8.000000238418579),(Vehicles2↦-3.999999761581421),(Vehicles3↦6.457017320826708E-08),(Vehicles4↦-8.000000238418579),(Vehicles5↦-4.000162839889526)}",
        "VehiclesVy": "{(EgoVehicle↦1.8751661556848376E-07),(Vehicles2↦-1.8751661556848376E-07),(Vehicles3↦-1.8751661556848376E-07),(Vehicles4↦-1.8751661556848376E-07),(Vehicles5↦0.00047707937483210117)}",
        "VehiclesX": "{(EgoVehicle↦200.0),(Vehicles2↦9.145984053611755),(Vehicles3↦34.365132451057434),(Vehicles4↦41.5260910987854),(Vehicles5↦76.81968212127686)}"
      },
      "probabilisticVariables": null,
      "activating": [
        "IDLE_8"
      ],
      "activatingOnlyWhenExecuted": true,
      "updating": null,
      "withPredicate": null
    },
    {
      "id": "IDLE_8",
      "execute": "IDLE",
      "after": "1000",
      "priority": 0,
      "additionalGuards": null,
      "activationKind": null,
      "fixedVariables": {
        "Crash": "FALSE",
        "VehiclesAy": "{(EgoVehicle↦-1.758512802041423E-07),(Vehicles2↦1.758512802041423E-07),(Vehicles3↦1.758512802041423E-07),(Vehicles4↦1.758512802041423E-07),(Vehicles5↦0.0005056522422819398)}",
        "Reward": "0.7333734304879762",
        "VehiclesAx": "{(EgoVehicle↦-0.009913444519042969),(Vehicles2↦-0.024666152894496918),(Vehicles3↦-0.04202691838145256),(Vehicles4↦0.6114925071597099),(Vehicles5↦0.06316285580396652)}",
        "VehiclesVx": "{(EgoVehicle↦20.00150442123413),(Vehicles2↦-0.5254513397812843),(Vehicles3↦0.1525917463004589),(Vehicles4↦0.9954090416431427),(Vehicles5↦0.37252333015203476)}",
        "VehiclesY": "{(EgoVehicle↦8.000000238418579),(Vehicles2↦-4.0000001192092896),(Vehicles3↦4.0164431780453924E-09),(Vehicles4↦-8.000000238418579),(Vehicles5↦-4.000009775161743)}",
        "VehiclesVy": "{(EgoVehicle↦1.1665335364341445E-08),(Vehicles2↦-1.1665335364341445E-08),(Vehicles3↦-1.1665335364341445E-08),(Vehicles4↦-1.1665335364341445E-08),(Vehicles5↦2.8572867449838668E-05)}",
        "VehiclesX": "{(EgoVehicle↦200.0),(Vehicles2↦8.632643520832062),(Vehicles3↦34.54205393791199),(Vehicles4↦42.182451486587524),(Vehicles5↦77.1584153175354)}"
      },
      "probabilisticVariables": null,
      "activating": [
        "IDLE_9"
      ],
      "activatingOnlyWhenExecuted": true,
      "updating": null,
      "withPredicate": null
    },
    {
      "id": "IDLE_9",
      "execute": "IDLE",
      "after": "1000",
      "priority": 0,
      "additionalGuards": null,
      "activationKind": null,
      "fixedVariables": {
        "Crash": "FALSE",
        "VehiclesAy": "{(EgoVehicle↦-1.0939533723330896E-08),(Vehicles2↦1.0939533723330896E-08),(Vehicles3↦1.0939533723330896E-08),(Vehicles4↦1.0939533723330896E-08),(Vehicles5↦3.02764014747936E-05)}",
        "Reward": "0.7333386136170722",
        "VehiclesAx": "{(EgoVehicle↦-0.0013065338134765625),(Vehicles2↦0.00463634729385376),(Vehicles3↦-0.026288041844964027),(Vehicles4↦0.32676711678504944),(Vehicles5↦0.0306658074259758)}",
        "VehiclesVx": "{(EgoVehicle↦20.000197887420654),(Vehicles2↦-0.5208149924874306),(Vehicles3↦0.12630370445549488),(Vehicles4↦1.3221761584281921),(Vehicles5↦0.40318913757801056)}",
        "VehiclesY": "{(EgoVehicle↦8.000000238418579),(Vehicles2↦-4.0000001192092896),(Vehicles3↦2.4989343927472873E-10),(Vehicles4↦-8.000000238418579),(Vehicles5↦-4.000000476837158)}",
        "VehiclesVy": "{(EgoVehicle↦7.258016410105483E-10),(Vehicles2↦-7.258016410105483E-10),(Vehicles3↦-7.258016410105483E-10),(Vehicles4↦-7.258016410105483E-10),(Vehicles5↦1.7035340249549336E-06)}",
        "VehiclesX": "{(EgoVehicle↦200.0),(Vehicles2↦8.107182383537292),(Vehicles3↦34.68277454376221),(Vehicles4↦43.32678020000458),(Vehicles5↦77.54473090171814)}"
      },
      "probabilisticVariables": null,
      "activating": [
        "IDLE_10"
      ],
      "activatingOnlyWhenExecuted": true,
      "updating": null,
      "withPredicate": null
    },
    {
      "id": "IDLE_10",
      "execute": "IDLE",
      "after": "1000",
      "priority": 0,
      "additionalGuards": null,
      "activationKind": null,
      "fixedVariables": {
        "Crash": "FALSE",
        "VehiclesAy": "{(EgoVehicle↦-6.80646650152994E-10),(Vehicles2↦6.80655531937191E-10),(Vehicles3↦6.80655531937191E-10),(Vehicles4↦6.80655531937191E-10),(Vehicles5↦1.8048405792114863E-06)}",
        "Reward": "0.73333402867934",
        "VehiclesAx": "{(EgoVehicle↦-0.000171661376953125),(Vehicles2↦0.021899044513702393),(Vehicles3↦-0.011626919731497765),(Vehicles4↦0.14278307557106018),(Vehicles5↦0.017377696931362152)}",
        "VehiclesVx": "{(EgoVehicle↦20.0000262260437),(Vehicles2↦-0.4989159479737282),(Vehicles3↦0.11467678472399712),(Vehicles4↦1.4649592339992523),(Vehicles5↦0.4205668345093727)}",
        "VehiclesY": "{(EgoVehicle↦8.000000238418579),(Vehicles2↦-4.0000001192092896),(Vehicles3↦1.5547563236850692E-11),(Vehicles4↦-8.000000238418579),(Vehicles5↦-4.0000001192092896)}",
        "VehiclesVy": "{(EgoVehicle↦4.515499085755437E-11),(Vehicles2↦-4.5146109073357366E-11),(Vehicles3↦-4.5146109073357366E-11),(Vehicles4↦-4.5146109073357366E-11),(Vehicles5↦1.0130655425655277E-07)}",
        "VehiclesX": "{(EgoVehicle↦200.0),(Vehicles2↦7.5941771268844604),(Vehicles3↦34.80345010757446),(Vehicles4↦44.71761882305145),(Vehicles5↦77.95557379722595)}"
      },
      "probabilisticVariables": null,
      "activating": [
        "IDLE_11"
      ],
      "activatingOnlyWhenExecuted": true,
      "updating": null,
      "withPredicate": null
    },
    {
      "id": "IDLE_11",
      "execute": "IDLE",
      "after": "1000",
      "priority": 0,
      "additionalGuards": null,
      "activationKind": null,
      "fixedVariables": {
        "Crash": "FALSE",
        "VehiclesAy": "{(EgoVehicle↦-4.234834705130197E-11),(Vehicles2↦4.234834705130197E-11),(Vehicles3↦4.234834705130197E-11),(Vehicles4↦4.234834705130197E-11),(Vehicles5↦1.0732172484040348E-07)}",
        "Reward": "0.7333334249015317",
        "VehiclesAx": "{(EgoVehicle↦-2.384185791015625E-05),(Vehicles2↦0.030143707990646362),(Vehicles3↦-0.0015745032578706741),(Vehicles4↦0.027901530265808105),(Vehicles5↦0.01108262687921524)}",
        "VehiclesVx": "{(EgoVehicle↦20.00000238418579),(Vehicles2↦-0.4687722399830818),(Vehicles3↦0.11310228146612644),(Vehicles4↦1.4928607642650604),(Vehicles5↦0.43164946138858795)}",
        "VehiclesY": "{(EgoVehicle↦8.000000238418579),(Vehicles2↦-4.0000001192092896),(Vehicles3↦9.672262990534364E-13),(Vehicles4↦-8.000000238418579),(Vehicles5↦-4.0000001192092896)}",
        "VehiclesVy": "{(EgoVehicle↦2.8066438062523957E-12),(Vehicles2↦-2.7977620220553945E-12),(Vehicles3↦-2.7977620220553945E-12),(Vehicles4↦-2.7977620220553945E-12),(Vehicles5↦6.015170583850704E-09)}",
        "VehiclesX": "{(EgoVehicle↦200.0),(Vehicles2↦7.106906175613403),(Vehicles3↦34.91685390472412),(Vehicles4↦46.20082378387451),(Vehicles5↦78.38091254234314)}"
      },
      "probabilisticVariables": null,
      "activating": [
        "IDLE_12"
      ],
      "activatingOnlyWhenExecuted": true,
      "updating": null,
      "withPredicate": null
    },
    {
      "id": "IDLE_12",
      "execute": "IDLE",
      "after": "1000",
      "priority": 0,
      "additionalGuards": null,
      "activationKind": null,
      "fixedVariables": {
        "Crash": "FALSE",
        "VehiclesAy": "{(EgoVehicle↦-2.6290081223123707E-12),(Vehicles2↦2.6290081223123707E-12),(Vehicles3↦2.6290081223123707E-12),(Vehicles4↦2.6290081223123707E-12),(Vehicles5↦6.3719518550442444E-09)}",
        "Reward": "0.7333333453916969",
        "VehiclesAx": "{(EgoVehicle↦-2.384185791015625E-06),(Vehicles2↦0.03338035196065903),(Vehicles3↦0.004930216819047928),(Vehicles4↦-0.04177868366241455),(Vehicles5↦0.00795513391494751)}",
        "VehiclesVx": "{(EgoVehicle↦20.0),(Vehicles2↦-0.4353918880224228),(Vehicles3↦0.11803249828517437),(Vehicles4↦1.4510820806026459),(Vehicles5↦0.43960459530353546)}",
        "VehiclesY": "{(EgoVehicle↦8.000000238418579),(Vehicles2↦-4.0000001192092896),(Vehicles3↦6.128431095930864E-14),(Vehicles4↦-8.000000238418579),(Vehicles5↦-4.0000001192092896)}",
        "VehiclesVy": "{(EgoVehicle↦1.7763568394002505E-13),(Vehicles2↦-1.687538997430238E-13),(Vehicles3↦-1.687538997430238E-13),(Vehicles4↦-1.687538997430238E-13),(Vehicles5↦3.567812711935403E-10)}",
        "VehiclesX": "{(EgoVehicle↦200.0),(Vehicles2↦6.651356071233749),(Vehicles3↦35.03151834011078),(Vehicles4↦47.68121540546417),(Vehicles5↦78.8159191608429)}"
      },
      "probabilisticVariables": null,
      "activating": [
        "IDLE_13"
      ],
      "activatingOnlyWhenExecuted": true,
      "updating": null,
      "withPredicate": null
    },
    {
      "id": "IDLE_13",
      "execute": "IDLE",
      "after": "1000",
      "priority": 0,
      "additionalGuards": null,
      "activationKind": null,
      "fixedVariables": {
        "Crash": "FALSE",
        "VehiclesAy": "{(EgoVehicle↦-1.5987211554602254E-13),(Vehicles2↦1.509903313490213E-13),(Vehicles3↦1.509903313490213E-13),(Vehicles4↦1.509903313490213E-13),(Vehicles5↦3.779199175824033E-10)}",
        "Reward": "0.733333334921266",
        "VehiclesAx": "{(EgoVehicle↦0.0),(Vehicles2↦0.03402281552553177),(Vehicles3↦0.00902530737221241),(Vehicles4↦-0.08315950632095337),(Vehicles5↦0.00636909157037735)}",
        "VehiclesVx": "{(EgoVehicle↦20.0),(Vehicles2↦-0.401369072496891),(Vehicles3↦0.12705780565738678),(Vehicles4↦1.3679225742816925),(Vehicles5↦0.4459736868739128)}",
        "VehiclesY": "{(EgoVehicle↦8.000000238418579),(Vehicles2↦-4.0000001192092896),(Vehicles3↦2.6645352591003757E-15),(Vehicles4↦-8.000000238418579),(Vehicles5↦-4.0000001192092896)}",
        "VehiclesVy": "{(EgoVehicle↦1.7763568394002505E-14),(Vehicles2↦-1.7763568394002505E-14),(Vehicles3↦-1.7763568394002505E-14),(Vehicles4↦-1.7763568394002505E-14),(Vehicles5↦2.113864638886298E-11)}",
        "VehiclesX": "{(EgoVehicle↦200.0),(Vehicles2↦6.229587271809578),(Vehicles3↦35.1529061794281),(Vehicles4↦49.10152554512024),(Vehicles5↦79.25816178321838)}"
      },
      "probabilisticVariables": null,
      "activating": [
        "IDLE_14"
      ],
      "activatingOnlyWhenExecuted": true,
      "updating": null,
      "withPredicate": null
    },
    {
      "id": "IDLE_14",
      "execute": "IDLE",
      "after": "1000",
      "priority": 0,
      "additionalGuards": null,
      "activationKind": null,
      "fixedVariables": {
        "Crash": "FALSE",
        "VehiclesAy": "{(EgoVehicle↦-1.7763568394002505E-14),(Vehicles2↦1.7763568394002505E-14),(Vehicles3↦1.7763568394002505E-14),(Vehicles4↦1.7763568394002505E-14),(Vehicles5↦2.2382096176443156E-11)}",
        "Reward": "0.7333333335424438",
        "VehiclesAx": "{(EgoVehicle↦0.0),(Vehicles2↦0.03337755799293518),(Vehicles3↦0.011518113315105438),(Vehicles4↦-0.10718166828155518),(Vehicles5↦0.005547739565372467)}",
        "VehiclesVx": "{(EgoVehicle↦20.0),(Vehicles2↦-0.36799151450395584),(Vehicles3↦0.13857591897249222),(Vehicles4↦1.2607409060001373),(Vehicles5↦0.4515214264392853)}",
        "VehiclesY": "{(EgoVehicle↦8.000000238418579),(Vehicles2↦-4.0000001192092896),(Vehicles3↦0.0),(Vehicles4↦-8.000000238418579),(Vehicles5↦-4.0000001192092896)}",
        "VehiclesVy": "{(EgoVehicle↦0.0),(Vehicles2↦0.0),(Vehicles3↦0.0),(Vehicles4↦0.0),(Vehicles5↦1.2434497875801753E-12)}",
        "VehiclesX": "{(EgoVehicle↦200.0),(Vehicles2↦5.841651931405067),(Vehicles3↦35.28442084789276),(Vehicles4↦50.42799711227417),(Vehicles5↦79.70640063285828)}"
      },
      "probabilisticVariables": null,
      "activating": [
        "IDLE_15"
      ],
      "activatingOnlyWhenExecuted": true,
      "updating": null,
      "withPredicate": null
    },
    {
      "id": "IDLE_15",
      "execute": "IDLE",
      "after": "1000",
      "priority": 0,
      "additionalGuards": null,
      "activationKind": null,
      "fixedVariables": {
        "Crash": "FALSE",
        "VehiclesAy": "{(EgoVehicle↦0.0),(Vehicles2↦0.0),(Vehicles3↦0.0),(Vehicles4↦0.0),(Vehicles5↦1.3145040611561853E-12)}",
        "Reward": "0.7333333333608705",
        "VehiclesAx": "{(EgoVehicle↦0.0),(Vehicles2↦0.03213360905647278),(Vehicles3↦0.012950263917446136),(Vehicles4↦-0.12053221464157104),(Vehicles5↦0.005107484757900238)}",
        "VehiclesVx": "{(EgoVehicle↦20.0),(Vehicles2↦-0.33585790544748306),(Vehicles3↦0.15152618288993835),(Vehicles4↦1.1402086913585663),(Vehicles5↦0.4566289111971855)}",
        "VehiclesY": "{(EgoVehicle↦8.000000238418579),(Vehicles2↦-4.0000001192092896),(Vehicles3↦0.0),(Vehicles4↦-8.000000238418579),(Vehicles5↦-4.0000001192092896)}",
        "VehiclesVy": "{(EgoVehicle↦0.0),(Vehicles2↦0.0),(Vehicles3↦0.0),(Vehicles4↦0.0),(Vehicles5↦7.105427357601002E-14)}",
        "VehiclesX": "{(EgoVehicle↦200.0),(Vehicles2↦5.486626550555229),(Vehicles3↦35.4280948638916),(Vehicles4↦51.641279458999634),(Vehicles5↦80.159991979599)}"
      },
      "probabilisticVariables": null,
      "activating": [
        "IDLE_16"
      ],
      "activatingOnlyWhenExecuted": true,
      "updating": null,
      "withPredicate": null
    },
    {
      "id": "IDLE_16",
      "execute": "IDLE",
      "after": "1000",
      "priority": 0,
      "additionalGuards": null,
      "activationKind": null,
      "fixedVariables": {
        "Crash": "FALSE",
        "VehiclesAy": "{(EgoVehicle↦0.0),(Vehicles2↦0.0),(Vehicles3↦0.0),(Vehicles4↦0.0),(Vehicles5↦7.105427357601002E-14)}",
        "Reward": "0.7333333333369597",
        "VehiclesAx": "{(EgoVehicle↦0.0),(Vehicles2↦0.03064984455704689),(Vehicles3↦0.013682916760444641),(Vehicles4↦-0.12716270983219147),(Vehicles5↦0.004856884479522705)}",
        "VehiclesVx": "{(EgoVehicle↦20.0),(Vehicles2↦-0.3052080608904362),(Vehicles3↦0.165209099650383),(Vehicles4↦1.0130459815263748),(Vehicles5↦0.4614857956767082)}",
        "VehiclesY": "{(EgoVehicle↦8.000000238418579),(Vehicles2↦-4.0000001192092896),(Vehicles3↦0.0),(Vehicles4↦-8.000000238418579),(Vehicles5↦-4.0000001192092896)}",
        "VehiclesVy": "{(EgoVehicle↦0.0),(Vehicles2↦0.0),(Vehicles3↦0.0),(Vehicles4↦0.0),(Vehicles5↦0.0)}",
        "VehiclesX": "{(EgoVehicle↦200.0),(Vehicles2↦5.163151398301125),(Vehicles3↦35.585057735443115),(Vehicles4↦52.73095369338989),(Vehicles5↦80.6185781955719)}"
      },
      "probabilisticVariables": null,
      "activating": [
        "IDLE_17"
      ],
      "activatingOnlyWhenExecuted": true,
      "updating": null,
      "withPredicate": null
    },
    {
      "id": "IDLE_17",
      "execute": "IDLE",
      "after": "1000",
      "priority": 0,
      "additionalGuards": null,
      "activationKind": null,
      "fixedVariables": {
        "Crash": "FALSE",
        "VehiclesAy": "{(EgoVehicle↦0.0),(Vehicles2↦0.0),(Vehicles3↦0.0),(Vehicles4↦0.0),(Vehicles5↦0.0)}",
        "Reward": "0.7333333333338109",
        "VehiclesAx": "{(EgoVehicle↦0.0),(Vehicles2↦0.029109567403793335),(Vehicles3↦0.013957470655441284),(Vehicles4↦-0.12936949729919434),(Vehicles5↦0.004699081182479858)}",
        "VehiclesVx": "{(EgoVehicle↦20.0),(Vehicles2↦-0.27609849348664284),(Vehicles3↦0.17916657030582428),(Vehicles4↦0.8836764842271805),(Vehicles5↦0.4661848768591881)}",
        "VehiclesY": "{(EgoVehicle↦8.000000238418579),(Vehicles2↦-4.0000001192092896),(Vehicles3↦0.0),(Vehicles4↦-8.000000238418579),(Vehicles5↦-4.0000001192092896)}",
        "VehiclesVy": "{(EgoVehicle↦0.0),(Vehicles2↦0.0),(Vehicles3↦0.0),(Vehicles4↦0.0),(Vehicles5↦0.0)}",
        "VehiclesX": "{(EgoVehicle↦200.0),(Vehicles2↦4.86970990896225),(Vehicles3↦35.7558399438858),(Vehicles4↦53.69228720664978),(Vehicles5↦81.08195066452026)}"
      },
      "probabilisticVariables": null,
      "activating": [
        "IDLE_18"
      ],
      "activatingOnlyWhenExecuted": true,
      "updating": null,
      "withPredicate": null
    },
    {
      "id": "IDLE_18",
      "execute": "IDLE",
      "after": "1000",
      "priority": 0,
      "additionalGuards": null,
      "activationKind": null,
      "fixedVariables": {
        "Crash": "FALSE",
        "VehiclesAy": "{(EgoVehicle↦0.0),(Vehicles2↦0.0),(Vehicles3↦0.0),(Vehicles4↦0.0),(Vehicles5↦0.0)}",
        "Reward": "0.7333333333333963",
        "VehiclesAx": "{(EgoVehicle↦0.0),(Vehicles2↦0.02760292962193489),(Vehicles3↦0.013935957103967667),(Vehicles4↦-0.12848816812038422),(Vehicles5↦0.004584453999996185)}",
        "VehiclesVx": "{(EgoVehicle↦20.0),(Vehicles2↦-0.24849556386470795),(Vehicles3↦0.19310252740979195),(Vehicles4↦0.7551883161067963),(Vehicles5↦0.47076933085918427)}",
        "VehiclesY": "{(EgoVehicle↦8.000000238418579),(Vehicles2↦-4.0000001192092896),(Vehicles3↦0.0),(Vehicles4↦-8.000000238418579),(Vehicles5↦-4.0000001192092896)}",
        "VehiclesVy": "{(EgoVehicle↦0.0),(Vehicles2↦0.0),(Vehicles3↦0.0),(Vehicles4↦0.0),(Vehicles5↦0.0)}",
        "VehiclesX": "{(EgoVehicle↦200.0),(Vehicles2↦4.604770615696907),(Vehicles3↦35.94059348106384),(Vehicles4↦54.52439785003662),(Vehicles5↦81.54997825622559)}"
      },
      "probabilisticVariables": null,
      "activating": [
        "IDLE_19"
      ],
      "activatingOnlyWhenExecuted": true,
      "updating": null,
      "withPredicate": null
    },
    {
      "id": "IDLE_19",
      "execute": "IDLE",
      "after": "1000",
      "priority": 0,
      "additionalGuards": null,
      "activationKind": null,
      "fixedVariables": {
        "Crash": "FALSE",
        "VehiclesAy": "{(EgoVehicle↦0.0),(Vehicles2↦0.0),(Vehicles3↦0.0),(Vehicles4↦0.0),(Vehicles5↦0.0)}",
        "Reward": "0.7333333333333415",
        "VehiclesAx": "{(EgoVehicle↦0.0),(Vehicles2↦0.026171207427978516),(Vehicles3↦0.013727676123380661),(Vehicles4↦-0.1253174990415573),(Vehicles5↦0.004486702382564545)}",
        "VehiclesVx": "{(EgoVehicle↦20.0),(Vehicles2↦-0.22232435643672943),(Vehicles3↦0.2068302035331726),(Vehicles4↦0.629870817065239),(Vehicles5↦0.4752560332417488)}",
        "VehiclesY": "{(EgoVehicle↦8.000000238418579),(Vehicles2↦-4.0000001192092896),(Vehicles3↦0.0),(Vehicles4↦-8.000000238418579),(Vehicles5↦-4.0000001192092896)}",
        "VehiclesVy": "{(EgoVehicle↦0.0),(Vehicles2↦0.0),(Vehicles3↦0.0),(Vehicles4↦0.0),(Vehicles5↦0.0)}",
        "VehiclesX": "{(EgoVehicle↦200.0),(Vehicles2↦4.366854578256607),(Vehicles3↦36.1392080783844),(Vehicles4↦55.229127407073975),(Vehicles5↦82.02255368232727)}"
      },
      "probabilisticVariables": null,
      "activating": [
        "IDLE_20"
      ],
      "activatingOnlyWhenExecuted": true,
      "updating": null,
      "withPredicate": null
    },
    {
      "id": "IDLE_20",
      "execute": "IDLE",
      "after": "1000",
      "priority": 0,
      "additionalGuards": null,
      "activationKind": null,
      "fixedVariables": {
        "Crash": "FALSE",
        "VehiclesAy": "{(EgoVehicle↦0.0),(Vehicles2↦0.0),(Vehicles3↦0.0),(Vehicles4↦0.0),(Vehicles5↦0.0)}",
        "Reward": "0.7333333333333344",
        "VehiclesAx": "{(EgoVehicle↦0.0),(Vehicles2↦0.024830158799886703),(Vehicles3↦0.013406481593847275),(Vehicles4↦-0.12036822736263275),(Vehicles5↦0.004391707479953766)}",
        "VehiclesVx": "{(EgoVehicle↦20.0),(Vehicles2↦-0.19749419763684273),(Vehicles3↦0.22023668512701988),(Vehicles4↦0.5095025897026062),(Vehicles5↦0.4796477407217026)}",
        "VehiclesY": "{(EgoVehicle↦8.000000238418579),(Vehicles2↦-4.0000001192092896),(Vehicles3↦0.0),(Vehicles4↦-8.000000238418579),(Vehicles5↦-4.0000001192092896)}",
        "VehiclesVy": "{(EgoVehicle↦0.0),(Vehicles2↦0.0),(Vehicles3↦0.0),(Vehicles4↦0.0),(Vehicles5↦0.0)}",
        "VehiclesX": "{(EgoVehicle↦200.0),(Vehicles2↦4.154565557837486),(Vehicles3↦36.35143041610718),(Vehicles4↦55.810391902923584),(Vehicles5↦82.49956965446472)}"
      },
      "probabilisticVariables": null,
      "activating": [
        "IDLE_21"
      ],
      "activatingOnlyWhenExecuted": true,
      "updating": null,
      "withPredicate": null
    },
    {
      "id": "IDLE_21",
      "execute": "IDLE",
      "after": "1000",
      "priority": 0,
      "additionalGuards": null,
      "activationKind": null,
      "fixedVariables": {
        "Crash": "FALSE",
        "VehiclesAy": "{(EgoVehicle↦0.0),(Vehicles2↦0.0),(Vehicles3↦0.0),(Vehicles4↦0.0),(Vehicles5↦0.0)}",
        "Reward": "0.7333333333333334",
        "VehiclesAx": "{(EgoVehicle↦0.0),(Vehicles2↦0.02358248457312584),(Vehicles3↦0.01302255317568779),(Vehicles4↦-0.11400580406188965),(Vehicles5↦0.004291944205760956)}",
        "VehiclesVx": "{(EgoVehicle↦20.0),(Vehicles2↦-0.1739117130637169),(Vehicles3↦0.23325923830270767),(Vehicles4↦0.39549678564071655),(Vehicles5↦0.48393968492746353)}",
        "VehiclesY": "{(EgoVehicle↦8.000000238418579),(Vehicles2↦-4.0000001192092896),(Vehicles3↦0.0),(Vehicles4↦-8.000000238418579),(Vehicles5↦-4.0000001192092896)}",
        "VehiclesVy": "{(EgoVehicle↦0.0),(Vehicles2↦0.0),(Vehicles3↦0.0),(Vehicles4↦0.0),(Vehicles5↦0.0)}",
        "VehiclesX": "{(EgoVehicle↦200.0),(Vehicles2↦3.9666004478931427),(Vehicles3↦36.576908826828),(Vehicles4↦56.27373456954956),(Vehicles5↦82.98094272613525)}"
      },
      "probabilisticVariables": null,
      "activating": [
        "IDLE_22"
      ],
      "activatingOnlyWhenExecuted": true,
      "updating": null,
      "withPredicate": null
    },
    {
      "id": "IDLE_22",
      "execute": "IDLE",
      "after": "1000",
      "priority": 0,
      "additionalGuards": null,
      "activationKind": null,
      "fixedVariables": {
        "Crash": "FALSE",
        "VehiclesAy": "{(EgoVehicle↦0.0),(Vehicles2↦0.0),(Vehicles3↦0.0),(Vehicles4↦0.0),(Vehicles5↦0.0)}",
        "Reward": "0.7333333333333334",
        "VehiclesAx": "{(EgoVehicle↦0.0),(Vehicles2↦0.022424738854169846),(Vehicles3↦0.012609865516424179),(Vehicles4↦-0.10652761906385422),(Vehicles5↦0.004183351993560791)}",
        "VehiclesVx": "{(EgoVehicle↦20.0),(Vehicles2↦-0.15148697420954704),(Vehicles3↦0.24586910381913185),(Vehicles4↦0.28896916657686234),(Vehicles5↦0.4881230369210243)}",
        "VehiclesY": "{(EgoVehicle↦8.000000238418579),(Vehicles2↦-4.0000001192092896),(Vehicles3↦0.0),(Vehicles4↦-8.000000238418579),(Vehicles5↦-4.0000001192092896)}",
        "VehiclesVy": "{(EgoVehicle↦0.0),(Vehicles2↦0.0),(Vehicles3↦0.0),(Vehicles4↦0.0),(Vehicles5↦0.0)}",
        "VehiclesX": "{(EgoVehicle↦200.0),(Vehicles2↦3.8017477840185165),(Vehicles3↦36.81524395942688),(Vehicles4↦56.625986099243164),(Vehicles5↦83.46656560897827)}"
      },
      "probabilisticVariables": null,
      "activating": [
        "IDLE_23"
      ],
      "activatingOnlyWhenExecuted": true,
      "updating": null,
      "withPredicate": null
    },
    {
      "id": "IDLE_23",
      "execute": "IDLE",
      "after": "1000",
      "priority": 0,
      "additionalGuards": null,
      "activationKind": null,
      "fixedVariables": {
        "Crash": "FALSE",
        "VehiclesAy": "{(EgoVehicle↦0.0),(Vehicles2↦0.0),(Vehicles3↦0.0),(Vehicles4↦0.0),(Vehicles5↦0.0)}",
        "Reward": "0.7333333333333334",
        "VehiclesAx": "{(EgoVehicle↦0.0),(Vehicles2↦0.0213506817817688),(Vehicles3↦0.012191422283649445),(Vehicles4↦-0.09820127859711647),(Vehicles5↦0.004064254462718964)}",
        "VehiclesVx": "{(EgoVehicle↦20.0),(Vehicles2↦-0.13013629242777824),(Vehicles3↦0.2580605261027813),(Vehicles4↦0.19076788797974586),(Vehicles5↦0.4921872913837433)}",
        "VehiclesY": "{(EgoVehicle↦8.000000238418579),(Vehicles2↦-4.0000001192092896),(Vehicles3↦0.0),(Vehicles4↦-8.000000238418579),(Vehicles5↦-4.0000001192092896)}",
        "VehiclesVy": "{(EgoVehicle↦0.0),(Vehicles2↦0.0),(Vehicles3↦0.0),(Vehicles4↦0.0),(Vehicles5↦0.0)}",
        "VehiclesX": "{(EgoVehicle↦200.0),(Vehicles2↦3.6588840186595917),(Vehicles3↦37.06602156162262),(Vehicles4↦56.87498450279236),(Vehicles5↦83.9563250541687)}"
      },
      "probabilisticVariables": null,
      "activating": [
        "IDLE_24"
      ],
      "activatingOnlyWhenExecuted": true,
      "updating": null,
      "withPredicate": null
    },
    {
      "id": "IDLE_24",
      "execute": "IDLE",
      "after": "1000",
      "priority": 0,
      "additionalGuards": null,
      "activationKind": null,
      "fixedVariables": {
        "Crash": "FALSE",
        "VehiclesAy": "{(EgoVehicle↦0.0),(Vehicles2↦0.0),(Vehicles3↦0.0),(Vehicles4↦0.0),(Vehicles5↦0.0)}",
        "Reward": "0.7333333333333334",
        "VehiclesAx": "{(EgoVehicle↦0.0),(Vehicles2↦0.020353225991129875),(Vehicles3↦0.011782646179199219),(Vehicles4↦-0.08928021416068077),(Vehicles5↦0.003934204578399658)}",
        "VehiclesVx": "{(EgoVehicle↦20.0),(Vehicles2↦-0.10978306643664837),(Vehicles3↦0.2698431722819805),(Vehicles4↦0.1014876738190651),(Vehicles5↦0.49612149596214294)}",
        "VehiclesY": "{(EgoVehicle↦8.000000238418579),(Vehicles2↦-4.0000001192092896),(Vehicles3↦0.0),(Vehicles4↦-8.000000238418579),(Vehicles5↦-4.0000001192092896)}",
        "VehiclesVy": "{(EgoVehicle↦0.0),(Vehicles2↦0.0),(Vehicles3↦0.0),(Vehicles4↦0.0),(Vehicles5↦0.0)}",
        "VehiclesX": "{(EgoVehicle↦200.0),(Vehicles2↦3.5369660705327988),(Vehicles3↦37.32882738113403),(Vehicles4↦57.02930688858032),(Vehicles5↦84.45009589195251)}"
      },
      "probabilisticVariables": null,
      "activating": [
        "IDLE_25"
      ],
      "activatingOnlyWhenExecuted": true,
      "updating": null,
      "withPredicate": null
    },
    {
      "id": "IDLE_25",
      "execute": "IDLE",
      "after": "1000",
      "priority": 0,
      "additionalGuards": null,
      "activationKind": null,
      "fixedVariables": {
        "Crash": "FALSE",
        "VehiclesAy": "{(EgoVehicle↦0.0),(Vehicles2↦0.0),(Vehicles3↦0.0),(Vehicles4↦0.0),(Vehicles5↦0.0)}",
        "Reward": "0.7333333333333334",
        "VehiclesAx": "{(EgoVehicle↦0.0),(Vehicles2↦0.019425218924880028),(Vehicles3↦0.011393595486879349),(Vehicles4↦-0.08000606670975685),(Vehicles5↦0.0037935376167297363)}",
        "VehiclesVx": "{(EgoVehicle↦20.0),(Vehicles2↦-0.09035784751176834),(Vehicles3↦0.28123676776885986),(Vehicles4↦0.021481607109308243),(Vehicles5↦0.4999150335788727)}",
        "VehiclesY": "{(EgoVehicle↦8.000000238418579),(Vehicles2↦-4.0000001192092896),(Vehicles3↦0.0),(Vehicles4↦-8.000000238418579),(Vehicles5↦-4.0000001192092896)}",
        "VehiclesVy": "{(EgoVehicle↦0.0),(Vehicles2↦0.0),(Vehicles3↦0.0),(Vehicles4↦0.0),(Vehicles5↦0.0)}",
        "VehiclesX": "{(EgoVehicle↦200.0),(Vehicles2↦3.435024619102478),(Vehicles3↦37.60325908660889),(Vehicles4↦57.0980429649353),(Vehicles5↦84.9477469921112)}"
      },
      "probabilisticVariables": null,
      "activating": [
        "IDLE_26"
      ],
      "activatingOnlyWhenExecuted": true,
      "updating": null,
      "withPredicate": null
    },
    {
      "id": "IDLE_26",
      "execute": "IDLE",
      "after": "1000",
      "priority": 0,
      "additionalGuards": null,
      "activationKind": null,
      "fixedVariables": {
        "Crash": "FALSE",
        "VehiclesAy": "{(EgoVehicle↦0.0),(Vehicles2↦0.0),(Vehicles3↦0.0),(Vehicles4↦0.0),(Vehicles5↦0.0)}",
        "Reward": "0.7333333333333334",
        "VehiclesAx": "{(EgoVehicle↦0.0),(Vehicles2↦0.018560043536126614),(Vehicles3↦0.011030752211809158),(Vehicles4↦-0.07060509640723467),(Vehicles5↦0.0036433711647987366)}",
        "VehiclesVx": "{(EgoVehicle↦20.0),(Vehicles2↦-0.07179780397564173),(Vehicles3↦0.292267519980669),(Vehicles4↦-0.049123489297926426),(Vehicles5↦0.5035584047436714)}",
        "VehiclesY": "{(EgoVehicle↦8.000000238418579),(Vehicles2↦-4.0000001192092896),(Vehicles3↦0.0),(Vehicles4↦-8.000000238418579),(Vehicles5↦-4.0000001192092896)}",
        "VehiclesVy": "{(EgoVehicle↦0.0),(Vehicles2↦0.0),(Vehicles3↦0.0),(Vehicles4↦0.0),(Vehicles5↦0.0)}",
        "VehiclesX": "{(EgoVehicle↦200.0),(Vehicles2↦3.352157771587372),(Vehicles3↦37.88893520832062),(Vehicles4↦57.090526819229126),(Vehicles5↦85.44913530349731)}"
      },
      "probabilisticVariables": null,
      "activating": [
        "IDLE_27"
      ],
      "activatingOnlyWhenExecuted": true,
      "updating": null,
      "withPredicate": null
    },
    {
      "id": "IDLE_27",
      "execute": "IDLE",
      "after": "1000",
      "priority": 0,
      "additionalGuards": null,
      "activationKind": null,
      "fixedVariables": {
        "Crash": "FALSE",
        "VehiclesAy": "{(EgoVehicle↦0.0),(Vehicles2↦0.0),(Vehicles3↦0.0),(Vehicles4↦0.0),(Vehicles5↦0.0)}",
        "Reward": "0.7333333333333334",
        "VehiclesAx": "{(EgoVehicle↦0.0),(Vehicles2↦0.01775161363184452),(Vehicles3↦0.010697916150093079),(Vehicles4↦-0.06128206383436918),(Vehicles5↦0.003484860062599182)}",
        "VehiclesVx": "{(EgoVehicle↦20.0),(Vehicles2↦-0.05404619034379721),(Vehicles3↦0.3029654361307621),(Vehicles4↦-0.11040555313229561),(Vehicles5↦0.5070432648062706)}",
        "VehiclesY": "{(EgoVehicle↦8.000000238418579),(Vehicles2↦-4.0000001192092896),(Vehicles3↦0.0),(Vehicles4↦-8.000000238418579),(Vehicles5↦-4.0000001192092896)}",
        "VehiclesVy": "{(EgoVehicle↦0.0),(Vehicles2↦0.0),(Vehicles3↦0.0),(Vehicles4↦0.0),(Vehicles5↦0.0)}",
        "VehiclesX": "{(EgoVehicle↦200.0),(Vehicles2↦3.287522867321968),(Vehicles3↦38.18550705909729),(Vehicles4↦57.01615810394287),(Vehicles5↦85.95409989356995)}"
      },
      "probabilisticVariables": null,
      "activating": [
        "IDLE_28"
      ],
      "activatingOnlyWhenExecuted": true,
      "updating": null,
      "withPredicate": null
    },
    {
      "id": "IDLE_28",
      "execute": "IDLE",
      "after": "1000",
      "priority": 0,
      "additionalGuards": null,
      "activationKind": null,
      "fixedVariables": {
        "Crash": "FALSE",
        "VehiclesAy": "{(EgoVehicle↦0.0),(Vehicles2↦0.0),(Vehicles3↦0.0),(Vehicles4↦0.0),(Vehicles5↦0.0)}",
        "Reward": "0.7333333333333334",
        "VehiclesAx": "{(EgoVehicle↦0.0),(Vehicles2↦0.016994541510939598),(Vehicles3↦0.010397005826234818),(Vehicles4↦-0.05221446976065636),(Vehicles5↦0.0033196061849594116)}",
        "VehiclesVx": "{(EgoVehicle↦20.0),(Vehicles2↦-0.03705164883285761),(Vehicles3↦0.3133624419569969),(Vehicles4↦-0.16262002289295197),(Vehicles5↦0.51036287099123)}",
        "VehiclesY": "{(EgoVehicle↦8.000000238418579),(Vehicles2↦-4.0000001192092896),(Vehicles3↦0.0),(Vehicles4↦-8.000000238418579),(Vehicles5↦-4.0000001192092896)}",
        "VehiclesVy": "{(EgoVehicle↦0.0),(Vehicles2↦0.0),(Vehicles3↦0.0),(Vehicles4↦0.0),(Vehicles5↦0.0)}",
        "VehiclesX": "{(EgoVehicle↦200.0),(Vehicles2↦3.2403331249952316),(Vehicles3↦38.492655754089355),(Vehicles4↦56.88415169715881),(Vehicles5↦86.46247982978821)}"
      },
      "probabilisticVariables": null,
      "activating": [
        "IDLE_29"
      ],
      "activatingOnlyWhenExecuted": true,
      "updating": null,
      "withPredicate": null
    },
    {
      "id": "IDLE_29",
      "execute": "IDLE",
      "after": "1000",
      "priority": 0,
      "additionalGuards": null,
      "activationKind": null,
      "fixedVariables": {
        "Crash": "FALSE",
        "VehiclesAy": "{(EgoVehicle↦0.0),(Vehicles2↦0.0),(Vehicles3↦0.0),(Vehicles4↦0.0),(Vehicles5↦0.0)}",
        "Reward": "0.7333333333333334",
        "VehiclesAx": "{(EgoVehicle↦0.0),(Vehicles2↦0.016284033190459013),(Vehicles3↦0.010128691792488098),(Vehicles4↦-0.04354849457740784),(Vehicles5↦0.0031491369009017944)}",
        "VehiclesVx": "{(EgoVehicle↦20.0),(Vehicles2↦-0.020767615642398596),(Vehicles3↦0.323491133749485),(Vehicles4↦-0.2061685174703598),(Vehicles5↦0.5135120078921318)}",
        "VehiclesY": "{(EgoVehicle↦8.000000238418579),(Vehicles2↦-4.0000001192092896),(Vehicles3↦0.0),(Vehicles4↦-8.000000238418579),(Vehicles5↦-4.0000001192092896)}",
        "VehiclesVy": "{(EgoVehicle↦0.0),(Vehicles2↦0.0),(Vehicles3↦0.0),(Vehicles4↦0.0),(Vehicles5↦0.0)}",
        "VehiclesX": "{(EgoVehicle↦200.0),(Vehicles2↦3.2098501920700073),(Vehicles3↦38.810089230537415),(Vehicles4↦56.70343637466431),(Vehicles5↦86.97412014007568)}"
      },
      "probabilisticVariables": null,
      "activating": [
        "IDLE_30"
      ],
      "activatingOnlyWhenExecuted": true,
      "updating": null,
      "withPredicate": null
    },
    {
      "id": "IDLE_30",
      "execute": "IDLE",
      "after": "1000",
      "priority": 0,
      "additionalGuards": null,
      "activationKind": null,
      "fixedVariables": {
        "Crash": "FALSE",
        "VehiclesAy": "{(EgoVehicle↦0.0),(Vehicles2↦0.0),(Vehicles3↦0.0),(Vehicles4↦0.0),(Vehicles5↦0.0)}",
        "Reward": "0.7333333333333334",
        "VehiclesAx": "{(EgoVehicle↦0.0),(Vehicles2↦0.01561586803290993),(Vehicles3↦0.009892545640468597),(Vehicles4↦-0.03539716824889183),(Vehicles5↦0.0029749050736427307)}",
        "VehiclesVx": "{(EgoVehicle↦20.0),(Vehicles2↦-0.005151747609488666),(Vehicles3↦0.3333836793899536),(Vehicles4↦-0.24156568571925163),(Vehicles5↦0.5164869129657745)}",
        "VehiclesY": "{(EgoVehicle↦8.000000238418579),(Vehicles2↦-4.0000001192092896),(Vehicles3↦0.0),(Vehicles4↦-8.000000238418579),(Vehicles5↦-4.0000001192092896)}",
        "VehiclesVy": "{(EgoVehicle↦0.0),(Vehicles2↦0.0),(Vehicles3↦0.0),(Vehicles4↦0.0),(Vehicles5↦0.0)}",
        "VehiclesX": "{(EgoVehicle↦200.0),(Vehicles2↦3.1953807920217514),(Vehicles3↦39.13755416870117),(Vehicles4↦56.482481956481934),(Vehicles5↦87.48883605003357)}"
      },
      "probabilisticVariables": null,
      "activating": [
        "IDLE_31"
      ],
      "activatingOnlyWhenExecuted": true,
      "updating": null,
      "withPredicate": null
    },
    {
      "id": "IDLE_31",
      "execute": "IDLE",
      "after": "1000",
      "priority": 0,
      "additionalGuards": null,
      "activationKind": null,
      "fixedVariables": {
        "Crash": "FALSE",
        "VehiclesAy": "{(EgoVehicle↦0.0),(Vehicles2↦0.0),(Vehicles3↦0.0),(Vehicles4↦0.0),(Vehicles5↦0.0)}",
        "Reward": "0.7333333333333334",
        "VehiclesAx": "{(EgoVehicle↦0.0),(Vehicles2↦0.014986334717832506),(Vehicles3↦0.009687654674053192),(Vehicles4↦-0.027840696275234222),(Vehicles5↦0.0027985870838165283)}",
        "VehiclesVx": "{(EgoVehicle↦20.0),(Vehicles2↦0.00983458710834384),(Vehicles3↦0.3430713340640068),(Vehicles4↦-0.26940638199448586),(Vehicles5↦0.5192855000495911)}",
        "VehiclesY": "{(EgoVehicle↦8.000000238418579),(Vehicles2↦-4.0000001192092896),(Vehicles3↦0.0),(Vehicles4↦-8.000000238418579),(Vehicles5↦-4.0000001192092896)}",
        "VehiclesVy": "{(EgoVehicle↦0.0),(Vehicles2↦0.0),(Vehicles3↦0.0),(Vehicles4↦0.0),(Vehicles5↦0.0)}",
        "VehiclesX": "{(EgoVehicle↦200.0),(Vehicles2↦3.196272626519203),(Vehicles3↦39.47483003139496),(Vehicles4↦56.229203939437866),(Vehicles5↦88.00645470619202)}"
      },
      "probabilisticVariables": null,
      "activating": [
        "IDLE_32"
      ],
      "activatingOnlyWhenExecuted": true,
      "updating": null,
      "withPredicate": null
    },
    {
      "id": "IDLE_32",
      "execute": "IDLE",
      "after": "1000",
      "priority": 0,
      "additionalGuards": null,
      "activationKind": null,
      "fixedVariables": {
        "Crash": "FALSE",
        "VehiclesAy": "{(EgoVehicle↦0.0),(Vehicles2↦0.0),(Vehicles3↦0.0),(Vehicles4↦0.0),(Vehicles5↦0.0)}",
        "Reward": "0.7333333333333334",
        "VehiclesAx": "{(EgoVehicle↦0.0),(Vehicles2↦0.014392156153917313),(Vehicles3↦0.009512528777122498),(Vehicles4↦-0.020928699523210526),(Vehicles5↦0.002621486783027649)}",
        "VehiclesVx": "{(EgoVehicle↦20.0),(Vehicles2↦0.024226743262261152),(Vehicles3↦0.3525838628411293),(Vehicles4↦-0.2903350815176964),(Vehicles5↦0.5219069868326187)}",
        "VehiclesY": "{(EgoVehicle↦8.000000238418579),(Vehicles2↦-4.0000001192092896),(Vehicles3↦0.0),(Vehicles4↦-8.000000238418579),(Vehicles5↦-4.0000001192092896)}",
        "VehiclesVy": "{(EgoVehicle↦0.0),(Vehicles2↦0.0),(Vehicles3↦0.0),(Vehicles4↦0.0),(Vehicles5↦0.0)}",
        "VehiclesX": "{(EgoVehicle↦200.0),(Vehicles2↦3.2119102776050568),(Vehicles3↦39.82171714305878),(Vehicles4↦55.95089793205261),(Vehicles5↦88.52680325508118)}"
      },
      "probabilisticVariables": null,
      "activating": [
        "SLOWER_33"
      ],
      "activatingOnlyWhenExecuted": true,
      "updating": null,
      "withPredicate": null
    },
    {
      "id": "SLOWER_33",
      "execute": "SLOWER",
      "after": "1000",
      "priority": 0,
      "additionalGuards": null,
      "activationKind": null,
      "fixedVariables": {
        "Crash": "FALSE",
        "VehiclesAy": "{(EgoVehicle↦0.0),(Vehicles2↦0.0),(Vehicles3↦0.0),(Vehicles4↦0.0),(Vehicles5↦0.0)}",
        "Reward": "0.7333333333333334",
        "VehiclesAx": "{(EgoVehicle↦0.0),(Vehicles2↦0.013830445241183043),(Vehicles3↦0.009365342557430267),(Vehicles4↦-0.014683883637189865),(Vehicles5↦0.002444945275783539)}",
        "VehiclesVx": "{(EgoVehicle↦20.0),(Vehicles2↦0.038057188503444195),(Vehicles3↦0.36194920539855957),(Vehicles4↦-0.30501896515488625),(Vehicles5↦0.5243519321084023)}",
        "VehiclesY": "{(EgoVehicle↦8.000000238418579),(Vehicles2↦-4.0000001192092896),(Vehicles3↦0.0),(Vehicles4↦-8.000000238418579),(Vehicles5↦-4.0000001192092896)}",
        "VehiclesVy": "{(EgoVehicle↦0.0),(Vehicles2↦0.0),(Vehicles3↦0.0),(Vehicles4↦0.0),(Vehicles5↦0.0)}",
        "VehiclesX": "{(EgoVehicle↦200.0),(Vehicles2↦3.241712972521782),(Vehicles3↦40.17806053161621),(Vehicles4↦55.654215812683105),(Vehicles5↦89.04970288276672)}"
      },
      "probabilisticVariables": null,
      "activating": [
        "IDLE_34"
      ],
      "activatingOnlyWhenExecuted": true,
      "updating": null,
      "withPredicate": null
    },
    {
      "id": "IDLE_34",
      "execute": "IDLE",
      "after": "1000",
      "priority": 0,
      "additionalGuards": null,
      "activationKind": null,
      "fixedVariables": {
        "Crash": "FALSE",
        "VehiclesAy": "{(EgoVehicle↦0.0),(Vehicles2↦0.0),(Vehicles3↦0.0),(Vehicles4↦0.0),(Vehicles5↦0.0)}",
        "Reward": "0.7333333333333334",
        "VehiclesAx": "{(EgoVehicle↦0.0),(Vehicles2↦0.013298639096319675),(Vehicles3↦0.009244158864021301),(Vehicles4↦-0.009106341749429703),(Vehicles5↦0.0022701919078826904)}",
        "VehiclesVx": "{(EgoVehicle↦20.0),(Vehicles2↦0.05135582759976387),(Vehicles3↦0.37119336426258087),(Vehicles4↦-0.31412530690431595),(Vehicles5↦0.5266221240162849)}",
        "VehiclesY": "{(EgoVehicle↦8.000000238418579),(Vehicles2↦-4.0000001192092896),(Vehicles3↦0.0),(Vehicles4↦-8.000000238418579),(Vehicles5↦-4.0000001192092896)}",
        "VehiclesVy": "{(EgoVehicle↦0.0),(Vehicles2↦0.0),(Vehicles3↦0.0),(Vehicles4↦0.0),(Vehicles5↦0.0)}",
        "VehiclesX": "{(EgoVehicle↦200.0),(Vehicles2↦3.2851308584213257),(Vehicles3↦40.54371416568756),(Vehicles4↦55.34513592720032),(Vehicles5↦89.57497477531433)}"
      },
      "probabilisticVariables": null,
      "activating": [
        "IDLE_35"
      ],
      "activatingOnlyWhenExecuted": true,
      "updating": null,
      "withPredicate": null
    },
    {
      "id": "IDLE_35",
      "execute": "IDLE",
      "after": "1000",
      "priority": 0,
      "additionalGuards": null,
      "activationKind": null,
      "fixedVariables": {
        "Crash": "FALSE",
        "VehiclesAy": "{(EgoVehicle↦0.0),(Vehicles2↦0.0),(Vehicles3↦0.0),(Vehicles4↦0.0),(Vehicles5↦0.0)}",
        "Reward": "0.7333333333333334",
        "VehiclesAx": "{(EgoVehicle↦0.0),(Vehicles2↦0.012794467620551586),(Vehicles3↦0.009146854281425476),(Vehicles4↦-0.004178211092948914),(Vehicles5↦0.0020983070135116577)}",
        "VehiclesVx": "{(EgoVehicle↦20.0),(Vehicles2↦0.06415029522031546),(Vehicles3↦0.38034021854400635),(Vehicles4↦-0.31830351799726486),(Vehicles5↦0.5287204310297966)}",
        "VehiclesY": "{(EgoVehicle↦8.000000238418579),(Vehicles2↦-4.0000001192092896),(Vehicles3↦0.0),(Vehicles4↦-8.000000238418579),(Vehicles5↦-4.0000001192092896)}",
        "VehiclesVy": "{(EgoVehicle↦0.0),(Vehicles2↦0.0),(Vehicles3↦0.0),(Vehicles4↦0.0),(Vehicles5↦0.0)}",
        "VehiclesX": "{(EgoVehicle↦200.0),(Vehicles2↦3.3416438847780228),(Vehicles3↦40.91857373714447),(Vehicles4↦55.028969049453735),(Vehicles5↦90.10245203971863)}"
      },
      "probabilisticVariables": null,
      "activating": [
        "IDLE_36"
      ],
      "activatingOnlyWhenExecuted": true,
      "updating": null,
      "withPredicate": null
    },
    {
      "id": "IDLE_36",
      "execute": "IDLE",
      "after": "1000",
      "priority": 0,
      "additionalGuards": null,
      "activationKind": null,
      "fixedVariables": {
        "Crash": "FALSE",
        "VehiclesAy": "{(EgoVehicle↦0.0),(Vehicles2↦0.0),(Vehicles3↦0.0),(Vehicles4↦0.0),(Vehicles5↦0.0)}",
        "Reward": "0.7333333333333334",
        "VehiclesAx": "{(EgoVehicle↦0.0),(Vehicles2↦0.012315912172198296),(Vehicles3↦0.009071268141269684),(Vehicles4↦0.00013172626495361328),(Vehicles5↦0.0019302591681480408)}",
        "VehiclesVx": "{(EgoVehicle↦20.0),(Vehicles2↦0.07646620739251375),(Vehicles3↦0.38941148668527603),(Vehicles4↦-0.31817179173231125),(Vehicles5↦0.5306506901979446)}",
        "VehiclesY": "{(EgoVehicle↦8.000000238418579),(Vehicles2↦-4.0000001192092896),(Vehicles3↦0.0),(Vehicles4↦-8.000000238418579),(Vehicles5↦-4.0000001192092896)}",
        "VehiclesVy": "{(EgoVehicle↦0.0),(Vehicles2↦0.0),(Vehicles3↦0.0),(Vehicles4↦0.0),(Vehicles5↦0.0)}",
        "VehiclesX": "{(EgoVehicle↦200.0),(Vehicles2↦3.4107577055692673),(Vehicles3↦41.30254685878754),(Vehicles4↦54.71039414405823),(Vehicles5↦90.63195586204529)}"
      },
      "probabilisticVariables": null,
      "activating": [
        "IDLE_37"
      ],
      "activatingOnlyWhenExecuted": true,
      "updating": null,
      "withPredicate": null
    },
    {
      "id": "IDLE_37",
      "execute": "IDLE",
      "after": "1000",
      "priority": 0,
      "additionalGuards": null,
      "activationKind": null,
      "fixedVariables": {
        "Crash": "FALSE",
        "VehiclesAy": "{(EgoVehicle↦0.0),(Vehicles2↦0.0),(Vehicles3↦0.0),(Vehicles4↦0.0),(Vehicles5↦0.0)}",
        "Reward": "0.7333333333333334",
        "VehiclesAx": "{(EgoVehicle↦0.0),(Vehicles2↦0.011861161328852177),(Vehicles3↦0.009015277028083801),(Vehicles4↦0.0038640201091766357),(Vehicles5↦0.0017668306827545166)}",
        "VehiclesVx": "{(EgoVehicle↦20.0),(Vehicles2↦0.08832736872136593),(Vehicles3↦0.39842676371335983),(Vehicles4↦-0.3143077716231346),(Vehicles5↦0.5324175208806992)}",
        "VehiclesY": "{(EgoVehicle↦8.000000238418579),(Vehicles2↦-4.0000001192092896),(Vehicles3↦0.0),(Vehicles4↦-8.000000238418579),(Vehicles5↦-4.0000001192092896)}",
        "VehiclesVy": "{(EgoVehicle↦0.0),(Vehicles2↦0.0),(Vehicles3↦0.0),(Vehicles4↦0.0),(Vehicles5↦0.0)}",
        "VehiclesX": "{(EgoVehicle↦200.0),(Vehicles2↦3.4920040518045425),(Vehicles3↦41.69556796550751),(Vehicles4↦54.39349412918091),(Vehicles5↦91.16332530975342)}"
      },
      "probabilisticVariables": null,
      "activating": [
        "IDLE_38"
      ],
      "activatingOnlyWhenExecuted": true,
      "updating": null,
      "withPredicate": null
    },
    {
      "id": "IDLE_38",
      "execute": "IDLE",
      "after": "1000",
      "priority": 0,
      "additionalGuards": null,
      "activationKind": null,
      "fixedVariables": {
        "Crash": "FALSE",
        "VehiclesAy": "{(EgoVehicle↦0.0),(Vehicles2↦0.0),(Vehicles3↦0.0),(Vehicles4↦0.0),(Vehicles5↦0.0)}",
        "Reward": "0.7333333333333334",
        "VehiclesAx": "{(EgoVehicle↦0.0),(Vehicles2↦0.011428603902459145),(Vehicles3↦0.00897679477930069),(Vehicles4↦0.007064938545227051),(Vehicles5↦0.0016088783740997314)}",
        "VehiclesVx": "{(EgoVehicle↦20.0),(Vehicles2↦0.09975597262382507),(Vehicles3↦0.4074035584926605),(Vehicles4↦-0.30724283307790756),(Vehicles5↦0.5340263992547989)}",
        "VehiclesY": "{(EgoVehicle↦8.000000238418579),(Vehicles2↦-4.0000001192092896),(Vehicles3↦0.0),(Vehicles4↦-8.000000238418579),(Vehicles5↦-4.0000001192092896)}",
        "VehiclesVy": "{(EgoVehicle↦0.0),(Vehicles2↦0.0),(Vehicles3↦0.0),(Vehicles4↦0.0),(Vehicles5↦0.0)}",
        "VehiclesX": "{(EgoVehicle↦200.0),(Vehicles2↦3.584936633706093),(Vehicles3↦42.09758937358856),(Vehicles4↦54.08177375793457),(Vehicles5↦91.69639945030212)}"
      },
      "probabilisticVariables": null,
      "activating": [
        "IDLE_39"
      ],
      "activatingOnlyWhenExecuted": true,
      "updating": null,
      "withPredicate": null
    },
    {
      "id": "IDLE_39",
      "execute": "IDLE",
      "after": "1000",
      "priority": 0,
      "additionalGuards": null,
      "activationKind": null,
      "fixedVariables": {
        "Crash": "FALSE",
        "VehiclesAy": "{(EgoVehicle↦0.0),(Vehicles2↦0.0),(Vehicles3↦0.0),(Vehicles4↦0.0),(Vehicles5↦0.0)}",
        "Reward": "0.7333333333333334",
        "VehiclesAx": "{(EgoVehicle↦0.0),(Vehicles2↦0.011016782373189926),(Vehicles3↦0.008953660726547241),(Vehicles4↦0.009783431887626648),(Vehicles5↦0.00145692378282547)}",
        "VehiclesVx": "{(EgoVehicle↦20.0),(Vehicles2↦0.110772754997015),(Vehicles3↦0.41635721921920776),(Vehicles4↦-0.2974594011902809),(Vehicles5↦0.5354833230376244)}",
        "VehiclesY": "{(EgoVehicle↦8.000000238418579),(Vehicles2↦-4.0000001192092896),(Vehicles3↦0.0),(Vehicles4↦-8.000000238418579),(Vehicles5↦-4.0000001192092896)}",
        "VehiclesVy": "{(EgoVehicle↦0.0),(Vehicles2↦0.0),(Vehicles3↦0.0),(Vehicles4↦0.0),(Vehicles5↦0.0)}",
        "VehiclesX": "{(EgoVehicle↦200.0),(Vehicles2↦3.689131513237953),(Vehicles3↦42.508575320243835),(Vehicles4↦53.77824902534485),(Vehicles5↦92.23102331161499)}"
      },
      "probabilisticVariables": null,
      "activating": [
        "IDLE_40"
      ],
      "activatingOnlyWhenExecuted": true,
      "updating": null,
      "withPredicate": null
    },
    {
      "id": "IDLE_40",
      "execute": "IDLE",
      "after": "1000",
      "priority": 0,
      "additionalGuards": null,
      "activationKind": null,
      "fixedVariables": {
        "Crash": "FALSE",
        "VehiclesAy": "{(EgoVehicle↦0.0),(Vehicles2↦0.0),(Vehicles3↦0.0),(Vehicles4↦0.0),(Vehicles5↦0.0)}",
        "Reward": "0.7333333333333334",
        "VehiclesAx": "{(EgoVehicle↦0.0),(Vehicles2↦0.010624369606375694),(Vehicles3↦0.00894404947757721),(Vehicles4↦0.012069009244441986),(Vehicles5↦0.0013114884495735168)}",
        "VehiclesVx": "{(EgoVehicle↦20.0),(Vehicles2↦0.1213971246033907),(Vehicles3↦0.425301268696785),(Vehicles4↦-0.28539039194583893),(Vehicles5↦0.5367948114871979)}",
        "VehiclesY": "{(EgoVehicle↦8.000000238418579),(Vehicles2↦-4.0000001192092896),(Vehicles3↦0.0),(Vehicles4↦-8.000000238418579),(Vehicles5↦-4.0000001192092896)}",
        "VehiclesVy": "{(EgoVehicle↦0.0),(Vehicles2↦0.0),(Vehicles3↦0.0),(Vehicles4↦0.0),(Vehicles5↦0.0)}",
        "VehiclesX": "{(EgoVehicle↦200.0),(Vehicles2↦3.8041844964027405),(Vehicles3↦42.928510904312134),(Vehicles4↦53.48544716835022),(Vehicles5↦92.7670419216156)}"
      },
      "probabilisticVariables": null,
      "activating": [
        "IDLE_41"
      ],
      "activatingOnlyWhenExecuted": true,
      "updating": null,
      "withPredicate": null
    },
    {
      "id": "IDLE_41",
      "execute": "IDLE",
      "after": "1000",
      "priority": 0,
      "additionalGuards": null,
      "activationKind": null,
      "fixedVariables": {
        "Crash": "FALSE",
        "VehiclesAy": "{(EgoVehicle↦0.0),(Vehicles2↦0.0),(Vehicles3↦0.0),(Vehicles4↦0.0),(Vehicles5↦0.0)}",
        "Reward": "0.7333333333333334",
        "VehiclesAx": "{(EgoVehicle↦0.0),(Vehicles2↦0.010250192135572433),(Vehicles3↦0.008946061134338379),(Vehicles4↦0.013969950377941132),(Vehicles5↦0.0011730939149856567)}",
        "VehiclesVx": "{(EgoVehicle↦20.0),(Vehicles2↦0.13164731673896313),(Vehicles3↦0.43424732983112335),(Vehicles4↦-0.2714204415678978),(Vehicles5↦0.5379679054021835)}",
        "VehiclesY": "{(EgoVehicle↦8.000000238418579),(Vehicles2↦-4.0000001192092896),(Vehicles3↦0.0),(Vehicles4↦-8.000000238418579),(Vehicles5↦-4.0000001192092896)}",
        "VehiclesVy": "{(EgoVehicle↦0.0),(Vehicles2↦0.0),(Vehicles3↦0.0),(Vehicles4↦0.0),(Vehicles5↦0.0)}",
        "VehiclesX": "{(EgoVehicle↦200.0),(Vehicles2↦3.9297107607126236),(Vehicles3↦43.35739016532898),(Vehicles4↦53.20550799369812),(Vehicles5↦93.30431818962097)}"
      },
      "probabilisticVariables": null,
      "activating": [
        "SLOWER_42"
      ],
      "activatingOnlyWhenExecuted": true,
      "updating": null,
      "withPredicate": null
    },
    {
      "id": "SLOWER_42",
      "execute": "SLOWER",
      "after": "1000",
      "priority": 0,
      "additionalGuards": null,
      "activationKind": null,
      "fixedVariables": {
        "Crash": "FALSE",
        "VehiclesAy": "{(EgoVehicle↦0.0),(Vehicles2↦0.0),(Vehicles3↦0.0),(Vehicles4↦0.0),(Vehicles5↦0.0)}",
        "Reward": "0.7333333333333334",
        "VehiclesAx": "{(EgoVehicle↦0.0),(Vehicles2↦0.009893151000142097),(Vehicles3↦0.008957907557487488),(Vehicles4↦0.015532057732343674),(Vehicles5↦0.001042000949382782)}",
        "VehiclesVx": "{(EgoVehicle↦20.0),(Vehicles2↦0.14154046773910522),(Vehicles3↦0.44320523738861084),(Vehicles4↦-0.2558883838355541),(Vehicles5↦0.5390099063515663)}",
        "VehiclesY": "{(EgoVehicle↦8.000000238418579),(Vehicles2↦-4.0000001192092896),(Vehicles3↦0.0),(Vehicles4↦-8.000000238418579),(Vehicles5↦-4.0000001192092896)}",
        "VehiclesVy": "{(EgoVehicle↦0.0),(Vehicles2↦0.0),(Vehicles3↦0.0),(Vehicles4↦0.0),(Vehicles5↦0.0)}",
        "VehiclesX": "{(EgoVehicle↦200.0),(Vehicles2↦4.065343365073204),(Vehicles3↦43.79521906375885),(Vehicles4↦52.940189838409424),(Vehicles5↦93.84270906448364)}"
      },
      "probabilisticVariables": null,
      "activating": [
        "IDLE_43"
      ],
      "activatingOnlyWhenExecuted": true,
      "updating": null,
      "withPredicate": null
    },
    {
      "id": "IDLE_43",
      "execute": "IDLE",
      "after": "1000",
      "priority": 0,
      "additionalGuards": null,
      "activationKind": null,
      "fixedVariables": {
        "Crash": "FALSE",
        "VehiclesAy": "{(EgoVehicle↦0.0),(Vehicles2↦0.0),(Vehicles3↦0.0),(Vehicles4↦0.0),(Vehicles5↦0.0)}",
        "Reward": "0.7333333333333334",
        "VehiclesAx": "{(EgoVehicle↦0.0),(Vehicles2↦0.009552277624607086),(Vehicles3↦0.008978061378002167),(Vehicles4↦0.016798079013824463),(Vehicles5↦0.0009185448288917542)}",
        "VehiclesVx": "{(EgoVehicle↦20.0),(Vehicles2↦0.1510927453637123),(Vehicles3↦0.452183298766613),(Vehicles4↦-0.23909030482172966),(Vehicles5↦0.5399284511804581)}",
        "VehiclesY": "{(EgoVehicle↦8.000000238418579),(Vehicles2↦-4.0000001192092896),(Vehicles3↦0.0),(Vehicles4↦-8.000000238418579),(Vehicles5↦-4.0000001192092896)}",
        "VehiclesVy": "{(EgoVehicle↦0.0),(Vehicles2↦0.0),(Vehicles3↦0.0),(Vehicles4↦0.0),(Vehicles5↦0.0)}",
        "VehiclesX": "{(EgoVehicle↦200.0),(Vehicles2↦4.210731387138367),(Vehicles3↦44.24201250076294),(Vehicles4↦52.69092917442322),(Vehicles5↦94.38209533691406)}"
      },
      "probabilisticVariables": null,
      "activating": [
        "IDLE_44"
      ],
      "activatingOnlyWhenExecuted": true,
      "updating": null,
      "withPredicate": null
    },
    {
      "id": "IDLE_44",
      "execute": "IDLE",
      "after": "1000",
      "priority": 0,
      "additionalGuards": null,
      "activationKind": null,
      "fixedVariables": {
        "Crash": "FALSE",
        "VehiclesAy": "{(EgoVehicle↦0.0),(Vehicles2↦0.0),(Vehicles3↦0.0),(Vehicles4↦0.0),(Vehicles5↦0.0)}",
        "Reward": "0.7333333333333334",
        "VehiclesAx": "{(EgoVehicle↦0.0),(Vehicles2↦0.009226668626070023),(Vehicles3↦0.009004883468151093),(Vehicles4↦0.017806999385356903),(Vehicles5↦0.0008028373122215271)}",
        "VehiclesVx": "{(EgoVehicle↦20.0),(Vehicles2↦0.16031941398978233),(Vehicles3↦0.4611881822347641),(Vehicles4↦-0.22128330543637276),(Vehicles5↦0.5407312884926796)}",
        "VehiclesY": "{(EgoVehicle↦8.000000238418579),(Vehicles2↦-4.0000001192092896),(Vehicles3↦0.0),(Vehicles4↦-8.000000238418579),(Vehicles5↦-4.0000001192092896)}",
        "VehiclesVy": "{(EgoVehicle↦0.0),(Vehicles2↦0.0),(Vehicles3↦0.0),(Vehicles4↦0.0),(Vehicles5↦0.0)}",
        "VehiclesX": "{(EgoVehicle↦200.0),(Vehicles2↦4.36554029583931),(Vehicles3↦44.6977972984314),(Vehicles4↦52.45888829231262),(Vehicles5↦94.92235779762268)}"
      },
      "probabilisticVariables": null,
      "activating": [
        "IDLE_45"
      ],
      "activatingOnlyWhenExecuted": true,
      "updating": null,
      "withPredicate": null
    },
    {
      "id": "IDLE_45",
      "execute": "IDLE",
      "after": "1000",
      "priority": 0,
      "additionalGuards": null,
      "activationKind": null,
      "fixedVariables": {
        "Crash": "FALSE",
        "VehiclesAy": "{(EgoVehicle↦0.0),(Vehicles2↦0.0),(Vehicles3↦0.0),(Vehicles4↦0.0),(Vehicles5↦0.0)}",
        "Reward": "0.7333333333333334",
        "VehiclesAx": "{(EgoVehicle↦0.0),(Vehicles2↦0.008915476500988007),(Vehicles3↦0.009037069976329803),(Vehicles4↦0.018594171851873398),(Vehicles5↦0.0006950646638870239)}",
        "VehiclesVx": "{(EgoVehicle↦20.0),(Vehicles2↦0.16923489049077034),(Vehicles3↦0.4702252522110939),(Vehicles4↦-0.20268913358449936),(Vehicles5↦0.5414263531565666)}",
        "VehiclesY": "{(EgoVehicle↦8.000000238418579),(Vehicles2↦-4.0000001192092896),(Vehicles3↦0.0),(Vehicles4↦-8.000000238418579),(Vehicles5↦-4.0000001192092896)}",
        "VehiclesVy": "{(EgoVehicle↦0.0),(Vehicles2↦0.0),(Vehicles3↦0.0),(Vehicles4↦0.0),(Vehicles5↦0.0)}",
        "VehiclesX": "{(EgoVehicle↦200.0),(Vehicles2↦4.529450088739395),(Vehicles3↦45.16259729862213),(Vehicles4↦52.244991064071655),(Vehicles5↦95.46337723731995)}"
      },
      "probabilisticVariables": null,
      "activating": [
        "FASTER_46"
      ],
      "activatingOnlyWhenExecuted": true,
      "updating": null,
      "withPredicate": null
    },
    {
      "id": "FASTER_46",
      "execute": "FASTER",
      "after": "1000",
      "priority": 0,
      "additionalGuards": null,
      "activationKind": null,
      "fixedVariables": {
        "Crash": "FALSE",
        "VehiclesAy": "{(EgoVehicle↦0.0),(Vehicles2↦0.0),(Vehicles3↦0.0),(Vehicles4↦0.0),(Vehicles5↦0.0)}",
        "Reward": "0.8491083676268861",
        "VehiclesAx": "{(EgoVehicle↦4.341564178466797),(Vehicles2↦-4.332945663481951),(Vehicles3↦-4.332490302622318),(Vehicles4↦-4.32237271219492),(Vehicles5↦-4.340968541800976)}",
        "VehiclesVx": "{(EgoVehicle↦24.341564178466797),(Vehicles2↦-4.16371077299118),(Vehicles3↦-3.8622650504112244),(Vehicles4↦-4.525061845779419),(Vehicles5↦-3.799542188644409)}",
        "VehiclesY": "{(EgoVehicle↦8.000000238418579),(Vehicles2↦-4.0000001192092896),(Vehicles3↦0.0),(Vehicles4↦-8.000000238418579),(Vehicles5↦-4.0000001192092896)}",
        "VehiclesVy": "{(EgoVehicle↦0.0),(Vehicles2↦0.0),(Vehicles3↦0.0),(Vehicles4↦0.0),(Vehicles5↦0.0)}",
        "VehiclesX": "{(EgoVehicle↦200.0),(Vehicles2↦2.3070938885211945),(Vehicles3↦43.241387605667114),(Vehicles4↦49.654874205589294),(Vehicles5↦93.60998272895813)}"
      },
      "probabilisticVariables": null,
      "activating": [
        "IDLE_47"
      ],
      "activatingOnlyWhenExecuted": true,
      "updating": null,
      "withPredicate": null
    },
    {
      "id": "IDLE_47",
      "execute": "IDLE",
      "after": "1000",
      "priority": 0,
      "additionalGuards": null,
      "activationKind": null,
      "fixedVariables": {
        "Crash": "FALSE",
        "VehiclesAy": "{(EgoVehicle↦0.0),(Vehicles2↦0.0),(Vehicles3↦0.0),(Vehicles4↦0.0),(Vehicles5↦0.0)}",
        "Reward": "0.864354462677889",
        "VehiclesAx": "{(EgoVehicle↦0.5717277526855469),(Vehicles2↦-0.5633953213691711),(Vehicles3↦-0.5626159906387329),(Vehicles4↦-0.5521029233932495),(Vehicles5↦-0.5712249875068665)}",
        "VehiclesVx": "{(EgoVehicle↦24.913291931152344),(Vehicles2↦-4.727106094360352),(Vehicles3↦-4.424881041049957),(Vehicles4↦-5.0771647691726685),(Vehicles5↦-4.370767176151276)}",
        "VehiclesY": "{(EgoVehicle↦8.000000238418579),(Vehicles2↦-4.0000001192092896),(Vehicles3↦0.0),(Vehicles4↦-8.000000238418579),(Vehicles5↦-4.0000001192092896)}",
        "VehiclesVy": "{(EgoVehicle↦0.0),(Vehicles2↦0.0),(Vehicles3↦0.0),(Vehicles4↦0.0),(Vehicles5↦0.0)}",
        "VehiclesX": "{(EgoVehicle↦200.0),(Vehicles2↦-2.1686604246497154),(Vehicles3↦39.06736373901367),(Vehicles4↦44.82223391532898),(Vehicles5↦89.49525356292725)}"
      },
      "probabilisticVariables": null,
      "activating": [
        "IDLE_48"
      ],
      "activatingOnlyWhenExecuted": true,
      "updating": null,
      "withPredicate": null
    },
    {
      "id": "IDLE_48",
      "execute": "IDLE",
      "after": "1000",
      "priority": 0,
      "additionalGuards": null,
      "activationKind": null,
      "fixedVariables": {
        "Crash": "FALSE",
        "VehiclesAy": "{(EgoVehicle↦0.0),(Vehicles2↦0.0),(Vehicles3↦0.0),(Vehicles4↦0.0),(Vehicles5↦0.0)}",
        "Reward": "0.8663621788985972",
        "VehiclesAx": "{(EgoVehicle↦0.07529020309448242),(Vehicles2↦-0.06722807884216309),(Vehicles3↦-0.06613582372665405),(Vehicles4↦-0.055367350578308105),(Vehicles5↦-0.07486999034881592)}",
        "VehiclesVx": "{(EgoVehicle↦24.988582134246826),(Vehicles2↦-4.794334173202515),(Vehicles3↦-4.491016864776611),(Vehicles4↦-5.132532119750977),(Vehicles5↦-4.4456371665000916)}",
        "VehiclesY": "{(EgoVehicle↦8.000000238418579),(Vehicles2↦-4.0000001192092896),(Vehicles3↦0.0),(Vehicles4↦-8.000000238418579),(Vehicles5↦-4.0000001192092896)}",
        "VehiclesVy": "{(EgoVehicle↦0.0),(Vehicles2↦0.0),(Vehicles3↦0.0),(Vehicles4↦0.0),(Vehicles5↦0.0)}",
        "VehiclesX": "{(EgoVehicle↦200.0),(Vehicles2↦-6.93405494093895),(Vehicles3↦34.60460603237152),(Vehicles4↦39.71148431301117),(Vehicles5↦85.08312702178955)}"
      },
      "probabilisticVariables": null,
      "activating": [
        "SLOWER_49"
      ],
      "activatingOnlyWhenExecuted": true,
      "updating": null,
      "withPredicate": null
    },
    {
      "id": "SLOWER_49",
      "execute": "SLOWER",
      "after": "1000",
      "priority": 0,
      "additionalGuards": null,
      "activationKind": null,
      "fixedVariables": {
        "Crash": "FALSE",
        "VehiclesAy": "{(EgoVehicle↦0.0),(Vehicles2↦0.0),(Vehicles3↦0.0),(Vehicles4↦0.0),(Vehicles5↦0.0)}",
        "Reward": "0.7508515352184709",
        "VehiclesAx": "{(EgoVehicle↦-4.331650733947754),(Vehicles2↦4.339449889957905),(Vehicles3↦4.340845113620162),(Vehicles4↦4.351751580834389),(Vehicles5↦4.331992911174893)}",
        "VehiclesVx": "{(EgoVehicle↦20.656931400299072),(Vehicles2↦-0.45488428324460983),(Vehicles3↦-0.15017175115644932),(Vehicles4↦-0.7807805389165878),(Vehicles5↦-0.11364425532519817)}",
        "VehiclesY": "{(EgoVehicle↦8.000000238418579),(Vehicles2↦-4.0000001192092896),(Vehicles3↦0.0),(Vehicles4↦-8.000000238418579),(Vehicles5↦-4.0000001192092896)}",
        "VehiclesVy": "{(EgoVehicle↦0.0),(Vehicles2↦0.0),(Vehicles3↦0.0),(Vehicles4↦0.0),(Vehicles5↦0.0)}",
        "VehiclesX": "{(EgoVehicle↦200.0),(Vehicles2↦-9.335655719041824),(Vehicles3↦32.50685632228851),(Vehicles4↦36.97657585144043),(Vehicles5↦83.02722573280334)}"
      },
      "probabilisticVariables": null,
      "activating": [
        "SLOWER_50"
      ],
      "activatingOnlyWhenExecuted": true,
      "updating": null,
      "withPredicate": null
    },
    {
      "id": "SLOWER_50",
      "execute": "SLOWER",
      "after": "1000",
      "priority": 0,
      "additionalGuards": null,
      "activationKind": null,
      "fixedVariables": {
        "Crash": "FALSE",
        "VehiclesAy": "{(EgoVehicle↦0.0),(Vehicles2↦0.0),(Vehicles3↦0.0),(Vehicles4↦0.0),(Vehicles5↦0.0)}",
        "Reward": "0.7356402570383721",
        "VehiclesAx": "{(EgoVehicle↦-0.5704212188720703),(Vehicles2↦0.5779743380844593),(Vehicles3↦0.5796610657125711),(Vehicles4↦0.5906074121594429),(Vehicles5↦0.5706983711570501)}",
        "VehiclesVx": "{(EgoVehicle↦20.086510181427002),(Vehicles2↦0.12309005483984947),(Vehicles3↦0.4294893145561218),(Vehicles4↦-0.19017312675714493),(Vehicles5↦0.45705411583185196)}",
        "VehiclesY": "{(EgoVehicle↦8.000000238418579),(Vehicles2↦-4.0000001192092896),(Vehicles3↦0.0),(Vehicles4↦-8.000000238418579),(Vehicles5↦-4.0000001192092896)}",
        "VehiclesVy": "{(EgoVehicle↦0.0),(Vehicles2↦0.0),(Vehicles3↦0.0),(Vehicles4↦0.0),(Vehicles5↦0.0)}",
        "VehiclesX": "{(EgoVehicle↦200.0),(Vehicles2↦-9.472821652889252),(Vehicles3↦32.67505466938019),(Vehicles4↦36.51854395866394),(Vehicles5↦83.22837352752686)}"
      },
      "probabilisticVariables": null,
      "activating": [
        "IDLE_51"
      ],
      "activatingOnlyWhenExecuted": true,
      "updating": null,
      "withPredicate": null
    },
    {
      "id": "IDLE_51",
      "execute": "IDLE",
      "after": "1000",
      "priority": 0,
      "additionalGuards": null,
      "activationKind": null,
      "fixedVariables": {
        "Crash": "FALSE",
        "VehiclesAy": "{(EgoVehicle↦0.0),(Vehicles2↦0.0),(Vehicles3↦0.0),(Vehicles4↦0.0),(Vehicles5↦0.0)}",
        "Reward": "0.7336371257553961",
        "VehiclesAx": "{(EgoVehicle↦-0.0751185417175293),(Vehicles2↦0.082430150359869),(Vehicles3↦0.08439723402261734),(Vehicles4↦0.09530208073556423),(Vehicles5↦0.07533229887485504)}",
        "VehiclesVx": "{(EgoVehicle↦20.011391639709473),(Vehicles2↦0.20552020519971848),(Vehicles3↦0.5138865485787392),(Vehicles4↦-0.0948710460215807),(Vehicles5↦0.532386414706707)}",
        "VehiclesY": "{(EgoVehicle↦8.000000238418579),(Vehicles2↦-4.0000001192092896),(Vehicles3↦0.0),(Vehicles4↦-8.000000238418579),(Vehicles5↦-4.0000001192092896)}",
        "VehiclesVy": "{(EgoVehicle↦0.0),(Vehicles2↦0.0),(Vehicles3↦0.0),(Vehicles4↦0.0),(Vehicles5↦0.0)}",
        "VehiclesX": "{(EgoVehicle↦200.0),(Vehicles2↦-9.305348247289658),(Vehicles3↦33.1496924161911),(Vehicles4↦36.377888917922974),(Vehicles5↦83.72695446014404)}"
      },
      "probabilisticVariables": null,
      "activating": [
        "IDLE_52"
      ],
      "activatingOnlyWhenExecuted": true,
      "updating": null,
      "withPredicate": null
    },
    {
      "id": "IDLE_52",
      "execute": "IDLE",
      "after": "1000",
      "priority": 0,
      "additionalGuards": null,
      "activationKind": null,
      "fixedVariables": {
        "Crash": "FALSE",
        "VehiclesAy": "{(EgoVehicle↦0.0),(Vehicles2↦0.0),(Vehicles3↦0.0),(Vehicles4↦0.0),(Vehicles5↦0.0)}",
        "Reward": "0.7333733389197779",
        "VehiclesAx": "{(EgoVehicle↦-0.009891986846923828),(Vehicles2↦0.01697620376944542),(Vehicles3↦0.019212327897548676),(Vehicles4↦0.030008689500391483),(Vehicles5↦0.010053738951683044)}",
        "VehiclesVx": "{(EgoVehicle↦20.00149965286255),(Vehicles2↦0.2224964089691639),(Vehicles3↦0.5330988764762878),(Vehicles4↦-0.06486235652118921),(Vehicles5↦0.54244015365839)}",
        "VehiclesY": "{(EgoVehicle↦8.000000238418579),(Vehicles2↦-4.0000001192092896),(Vehicles3↦0.0),(Vehicles4↦-8.000000238418579),(Vehicles5↦-4.0000001192092896)}",
        "VehiclesVy": "{(EgoVehicle↦0.0),(Vehicles2↦0.0),(Vehicles3↦0.0),(Vehicles4↦0.0),(Vehicles5↦0.0)}",
        "VehiclesX": "{(EgoVehicle↦200.0),(Vehicles2↦-9.091519564390182),(Vehicles3↦33.67276191711426),(Vehicles4↦36.296528577804565),(Vehicles5↦84.26486849784851)}"
      },
      "probabilisticVariables": null,
      "activating": [
        "IDLE_53"
      ],
      "activatingOnlyWhenExecuted": true,
      "updating": null,
      "withPredicate": null
    },
    {
      "id": "IDLE_53",
      "execute": "IDLE",
      "after": "1000",
      "priority": 0,
      "additionalGuards": null,
      "activationKind": null,
      "fixedVariables": {
        "Crash": "FALSE",
        "VehiclesAy": "{(EgoVehicle↦0.0),(Vehicles2↦0.0),(Vehicles3↦0.0),(Vehicles4↦0.0),(Vehicles5↦0.0)}",
        "Reward": "0.7333386015587088",
        "VehiclesAx": "{(EgoVehicle↦-0.0013017654418945312),(Vehicles2↦0.008167997002601624),(Vehicles3↦0.010661706328392029),(Vehicles4↦0.02129498403519392),(Vehicles5↦0.0014184415340423584)}",
        "VehiclesVx": "{(EgoVehicle↦20.000197887420654),(Vehicles2↦0.23066440597176552),(Vehicles3↦0.5437605828046799),(Vehicles4↦-0.04356737248599529),(Vehicles5↦0.5438585951924324)}",
        "VehiclesY": "{(EgoVehicle↦8.000000238418579),(Vehicles2↦-4.0000001192092896),(Vehicles3↦0.0),(Vehicles4↦-8.000000238418579),(Vehicles5↦-4.0000001192092896)}",
        "VehiclesVy": "{(EgoVehicle↦0.0),(Vehicles2↦0.0),(Vehicles3↦0.0),(Vehicles4↦0.0),(Vehicles5↦0.0)}",
        "VehiclesX": "{(EgoVehicle↦200.0),(Vehicles2↦-8.865541219711304),(Vehicles3↦34.21032130718231),(Vehicles4↦36.2403929233551),(Vehicles5↦84.80807542800903)}"
      },
      "probabilisticVariables": null,
      "activating": [
        "IDLE_54"
      ],
      "activatingOnlyWhenExecuted": true,
      "updating": null,
      "withPredicate": null
    },
    {
      "id": "IDLE_54",
      "execute": "IDLE",
      "after": "1000",
      "priority": 0,
      "additionalGuards": null,
      "activationKind": null,
      "fixedVariables": {
        "Crash": "FALSE",
        "VehiclesAy": "{(EgoVehicle↦0.0),(Vehicles2↦0.0),(Vehicles3↦0.0),(Vehicles4↦0.0),(Vehicles5↦0.0)}",
        "Reward": "0.7333340270914075",
        "VehiclesAx": "{(EgoVehicle↦-0.000171661376953125),(Vehicles2↦0.006827320903539658),(Vehicles3↦0.00956714153289795),(Vehicles4↦0.019993248861283064),(Vehicles5↦0.00024847686290740967)}",
        "VehiclesVx": "{(EgoVehicle↦20.0000262260437),(Vehicles2↦0.23749172687530518),(Vehicles3↦0.5533277243375778),(Vehicles4↦-0.02357412362471223),(Vehicles5↦0.5441070720553398)}",
        "VehiclesY": "{(EgoVehicle↦8.000000238418579),(Vehicles2↦-4.0000001192092896),(Vehicles3↦0.0),(Vehicles4↦-8.000000238418579),(Vehicles5↦-4.0000001192092896)}",
        "VehiclesVy": "{(EgoVehicle↦0.0),(Vehicles2↦0.0),(Vehicles3↦0.0),(Vehicles4↦0.0),(Vehicles5↦0.0)}",
        "VehiclesX": "{(EgoVehicle↦200.0),(Vehicles2↦-8.632103353738785),(Vehicles3↦34.7579300403595),(Vehicles4↦36.20486557483673),(Vehicles5↦85.35206317901611)}"
      },
      "probabilisticVariables": null,
      "activating": [
        "IDLE_55"
      ],
      "activatingOnlyWhenExecuted": true,
      "updating": null,
      "withPredicate": null
    },
    {
      "id": "IDLE_55",
      "execute": "IDLE",
      "after": "1000",
      "priority": 0,
      "additionalGuards": null,
      "activationKind": null,
      "fixedVariables": {
        "Crash": "FALSE",
        "VehiclesAy": "{(EgoVehicle↦0.0),(Vehicles2↦0.0),(Vehicles3↦0.0),(Vehicles4↦0.0),(Vehicles5↦0.0)}",
        "Reward": "0.7333334246924212",
        "VehiclesAx": "{(EgoVehicle↦-2.384185791015625E-05),(Vehicles2↦0.006477665156126022),(Vehicles3↦0.009452030062675476),(Vehicles4↦0.01963600021554157),(Vehicles5↦6.73532485961914E-05)}",
        "VehiclesVx": "{(EgoVehicle↦20.00000238418579),(Vehicles2↦0.2439693920314312),(Vehicles3↦0.5627797544002533),(Vehicles4↦-0.003938123409170657),(Vehicles5↦0.544174425303936)}",
        "VehiclesY": "{(EgoVehicle↦8.000000238418579),(Vehicles2↦-4.0000001192092896),(Vehicles3↦0.0),(Vehicles4↦-8.000000238418579),(Vehicles5↦-4.0000001192092896)}",
        "VehiclesVy": "{(EgoVehicle↦0.0),(Vehicles2↦0.0),(Vehicles3↦0.0),(Vehicles4↦0.0),(Vehicles5↦0.0)}",
        "VehiclesX": "{(EgoVehicle↦200.0),(Vehicles2↦-8.392001688480377),(Vehicles3↦35.31503975391388),(Vehicles4↦36.18916571140289),(Vehicles5↦85.89620590209961)}"
      },
      "probabilisticVariables": null,
      "activating": [
        "IDLE_56"
      ],
      "activatingOnlyWhenExecuted": true,
      "updating": null,
      "withPredicate": null
    },
    {
      "id": "IDLE_56",
      "execute": "IDLE",
      "after": "1000",
      "priority": 0,
      "additionalGuards": null,
      "activationKind": null,
      "fixedVariables": {
        "Crash": "FALSE",
        "VehiclesAy": "{(EgoVehicle↦0.0),(Vehicles2↦0.0),(Vehicles3↦0.0),(Vehicles4↦0.0),(Vehicles5↦0.0)}",
        "Reward": "0.7333333453641598",
        "VehiclesAx": "{(EgoVehicle↦-2.384185791015625E-06),(Vehicles2↦0.006265807896852493),(Vehicles3↦0.009463392198085785),(Vehicles4↦0.019377725257072598),(Vehicles5↦2.216547727584839E-05)}",
        "VehiclesVx": "{(EgoVehicle↦20.0),(Vehicles2↦0.2502351999282837),(Vehicles3↦0.5722431465983391),(Vehicles4↦0.01543960184790194),(Vehicles5↦0.5441965907812119)}",
        "VehiclesY": "{(EgoVehicle↦8.000000238418579),(Vehicles2↦-4.0000001192092896),(Vehicles3↦0.0),(Vehicles4↦-8.000000238418579),(Vehicles5↦-4.0000001192092896)}",
        "VehiclesVy": "{(EgoVehicle↦0.0),(Vehicles2↦0.0),(Vehicles3↦0.0),(Vehicles4↦0.0),(Vehicles5↦0.0)}",
        "VehiclesX": "{(EgoVehicle↦200.0),(Vehicles2↦-8.145510405302048),(Vehicles3↦35.88160276412964),(Vehicles4↦36.19300127029419),(Vehicles5↦86.44039034843445)}"
      },
      "probabilisticVariables": null,
      "activating": [
        "IDLE_57"
      ],
      "activatingOnlyWhenExecuted": true,
      "updating": null,
      "withPredicate": null
    },
    {
      "id": "IDLE_57",
      "execute": "IDLE",
      "after": "1000",
      "priority": 0,
      "additionalGuards": null,
      "activationKind": null,
      "fixedVariables": {
        "Crash": "FALSE",
        "VehiclesAy": "{(EgoVehicle↦0.0),(Vehicles2↦0.0),(Vehicles3↦0.0),(Vehicles4↦0.0),(Vehicles5↦0.0)}",
        "Reward": "0.7333333349176397",
        "VehiclesAx": "{(EgoVehicle↦0.0),(Vehicles2↦0.006079096347093582),(Vehicles3↦-0.5376912211067975),(Vehicles4↦0.5662920454051346),(Vehicles5↦1.862645149230957E-07)}",
        "VehiclesVx": "{(EgoVehicle↦20.0),(Vehicles2↦0.2563142962753773),(Vehicles3↦0.034551925491541624),(Vehicles4↦0.5817316472530365),(Vehicles5↦0.5441967770457268)}",
        "VehiclesY": "{(EgoVehicle↦8.000000238418579),(Vehicles2↦-4.0000001192092896),(Vehicles3↦-8.000000238418579),(Vehicles4↦0.0),(Vehicles5↦-4.0000001192092896)}",
        "VehiclesVy": "{(EgoVehicle↦0.0),(Vehicles2↦0.0),(Vehicles3↦0.0),(Vehicles4↦0.0),(Vehicles5↦0.0)}",
        "VehiclesX": "{(EgoVehicle↦200.0),(Vehicles2↦-7.892829179763794),(Vehicles3↦36.21610701084137),(Vehicles4↦36.457639932632446),(Vehicles5↦86.98458671569824)}"
      },
      "probabilisticVariables": null,
      "activating": [
        "IDLE_58"
      ],
      "activatingOnlyWhenExecuted": true,
      "updating": null,
      "withPredicate": null
    },
    {
      "id": "IDLE_58",
      "execute": "IDLE",
      "after": "1000",
      "priority": 0,
      "additionalGuards": null,
      "activationKind": null,
      "fixedVariables": {
        "Crash": "FALSE",
        "VehiclesAy": "{(EgoVehicle↦0.0),(Vehicles2↦0.0),(Vehicles3↦0.0),(Vehicles4↦0.0),(Vehicles5↦0.0)}",
        "Reward": "0.7333333335419664",
        "VehiclesAx": "{(EgoVehicle↦0.0),(Vehicles2↦0.005902424454689026),(Vehicles3↦0.018830255139619112),(Vehicles4↦0.009512454271316528),(Vehicles5↦-1.3597309589385986E-05)}",
        "VehiclesVx": "{(EgoVehicle↦20.0),(Vehicles2↦0.2622167207300663),(Vehicles3↦0.053382180631160736),(Vehicles4↦0.591244101524353),(Vehicles5↦0.5441831797361374)}",
        "VehiclesY": "{(EgoVehicle↦8.000000238418579),(Vehicles2↦-4.0000001192092896),(Vehicles3↦-8.000000238418579),(Vehicles4↦0.0),(Vehicles5↦-4.0000001192092896)}",
        "VehiclesVy": "{(EgoVehicle↦0.0),(Vehicles2↦0.0),(Vehicles3↦0.0),(Vehicles4↦0.0),(Vehicles5↦0.0)}",
        "VehiclesX": "{(EgoVehicle↦200.0),(Vehicles2↦-7.634139806032181),(Vehicles3↦36.258214712142944),(Vehicles4↦37.04317510128021),(Vehicles5↦87.52877712249756)}"
      },
      "probabilisticVariables": null,
      "activating": [
        "IDLE_59"
      ],
      "activatingOnlyWhenExecuted": true,
      "updating": null,
      "withPredicate": null
    },
    {
      "id": "IDLE_59",
      "execute": "IDLE",
      "after": "1000",
      "priority": 0,
      "additionalGuards": null,
      "activationKind": null,
      "fixedVariables": {
        "Crash": "FALSE",
        "VehiclesAy": "{(EgoVehicle↦0.0),(Vehicles2↦0.0),(Vehicles3↦0.0),(Vehicles4↦0.0),(Vehicles5↦0.0)}",
        "Reward": "0.7333333333608075",
        "VehiclesAx": "{(EgoVehicle↦0.0),(Vehicles2↦0.005733482539653778),(Vehicles3↦0.018533999100327492),(Vehicles4↦0.009533017873764038),(Vehicles5↦-2.130866050720215E-05)}",
        "VehiclesVx": "{(EgoVehicle↦20.0),(Vehicles2↦0.2679502032697201),(Vehicles3↦0.07191617973148823),(Vehicles4↦0.6007771193981171),(Vehicles5↦0.5441618710756302)}",
        "VehiclesY": "{(EgoVehicle↦8.000000238418579),(Vehicles2↦-4.0000001192092896),(Vehicles3↦-8.000000238418579),(Vehicles4↦0.0),(Vehicles5↦-4.0000001192092896)}",
        "VehiclesVy": "{(EgoVehicle↦0.0),(Vehicles2↦0.0),(Vehicles3↦0.0),(Vehicles4↦0.0),(Vehicles5↦0.0)}",
        "VehiclesX": "{(EgoVehicle↦200.0),(Vehicles2↦-7.369616627693176),(Vehicles3↦36.31903529167175),(Vehicles4↦37.63822913169861),(Vehicles5↦88.07295560836792)}"
      },
      "probabilisticVariables": null,
      "activating": [
        "IDLE_60"
      ],
      "activatingOnlyWhenExecuted": true,
      "updating": null,
      "withPredicate": null
    },
    {
      "id": "IDLE_60",
      "execute": "IDLE",
      "after": "1000",
      "priority": 0,
      "additionalGuards": null,
      "activationKind": null,
      "fixedVariables": {
        "Crash": "FALSE",
        "VehiclesAy": "{(EgoVehicle↦0.0),(Vehicles2↦0.0),(Vehicles3↦0.0),(Vehicles4↦0.0),(Vehicles5↦0.0)}",
        "Reward": "0.7333333333369514",
        "VehiclesAx": "{(EgoVehicle↦0.0),(Vehicles2↦0.005571749061346054),(Vehicles3↦0.018227044492959976),(Vehicles4↦0.009550005197525024),(Vehicles5↦-2.3692846298217773E-05)}",
        "VehiclesVx": "{(EgoVehicle↦20.0),(Vehicles2↦0.27352195233106613),(Vehicles3↦0.0901432242244482),(Vehicles4↦0.6103271245956421),(Vehicles5↦0.544138178229332)}",
        "VehiclesY": "{(EgoVehicle↦8.000000238418579),(Vehicles2↦-4.0000001192092896),(Vehicles3↦-8.000000238418579),(Vehicles4↦0.0),(Vehicles5↦-4.0000001192092896)}",
        "VehiclesVy": "{(EgoVehicle↦0.0),(Vehicles2↦0.0),(Vehicles3↦0.0),(Vehicles4↦0.0),(Vehicles5↦0.0)}",
        "VehiclesX": "{(EgoVehicle↦200.0),(Vehicles2↦-7.099425047636032),(Vehicles3↦36.39826476573944),(Vehicles4↦38.242825865745544),(Vehicles5↦88.6171042919159)}"
      },
      "probabilisticVariables": null,
      "activating": [
        "IDLE_61"
      ],
      "activatingOnlyWhenExecuted": true,
      "updating": null,
      "withPredicate": null
    },
    {
      "id": "IDLE_61",
      "execute": "IDLE",
      "after": "1000",
      "priority": 0,
      "additionalGuards": null,
      "activationKind": null,
      "fixedVariables": {
        "Crash": "FALSE",
        "VehiclesAy": "{(EgoVehicle↦0.0),(Vehicles2↦0.0),(Vehicles3↦0.0),(Vehicles4↦0.0),(Vehicles5↦0.0)}",
        "Reward": "0.7333333333338098",
        "VehiclesAx": "{(EgoVehicle↦0.0),(Vehicles2↦0.005416851490736008),(Vehicles3↦0.017912471666932106),(Vehicles4↦0.009563080966472626),(Vehicles5↦-2.0936131477355957E-05)}",
        "VehiclesVx": "{(EgoVehicle↦20.0),(Vehicles2↦0.27893880382180214),(Vehicles3↦0.10805569589138031),(Vehicles4↦0.6198902055621147),(Vehicles5↦0.5441172420978546)}",
        "VehiclesY": "{(EgoVehicle↦8.000000238418579),(Vehicles2↦-4.0000001192092896),(Vehicles3↦-8.000000238418579),(Vehicles4↦0.0),(Vehicles5↦-4.0000001192092896)}",
        "VehiclesVy": "{(EgoVehicle↦0.0),(Vehicles2↦0.0),(Vehicles3↦0.0),(Vehicles4↦0.0),(Vehicles5↦0.0)}",
        "VehiclesX": "{(EgoVehicle↦200.0),(Vehicles2↦-6.8237245082855225),(Vehicles3↦36.495599150657654),(Vehicles4↦38.856977224349976),(Vehicles5↦89.16123509407043)}"
      },
      "probabilisticVariables": null,
      "activating": null,
      "activatingOnlyWhenExecuted": true,
      "updating": null,
      "withPredicate": null
    }
  ],
  "listeners": [],
  "metadata": {
    "fileType": "Timed_Trace",
    "formatVersion": 3,
    "savedAt": "2023-08-21T06:52:46.676002Z",
    "creator": "Simulation: HYPOTHESIS_TEST; SIGNIFICANCE : 0.05, PROBABILITY : 0.95, MAX_STEPS_BEFORE_PROPERTY : 0, EXECUTIONS : 1000, PREDICATE : Crash = FALSE, ENDING_TIME : 60000, HYPOTHESIS_CHECKING_TYPE : LEFT_TAILED, CHECKING_TYPE : PREDICATE_INVARIANT",
    "proB2KernelVersion": "4.12.2",
    "proBCliVersion": "1.12.2-final",
    "modelName": "HighwayEnvironment2"
  }
}