{
  "variables": {},
  "activations": [
    {
      "id": "$setup_constants",
      "execute": "$setup_constants",
      "after": "0",
      "priority": 0,
      "additionalGuards": null,
      "activationKind": null,
      "fixedVariables": null,
      "probabilisticVariables": null,
      "activating": null,
      "activatingOnlyWhenExecuted": true,
      "updating": null,
      "withPredicate": null
    },
    {
      "id": "$initialise_machine",
      "execute": "$initialise_machine",
      "after": "0",
      "priority": 0,
      "additionalGuards": null,
      "activationKind": null,
      "fixedVariables": {
        "Crash": "FALSE",
        "VehiclesAy": "{(EgoVehicle↦0.0),(Vehicles2↦0.0),(Vehicles3↦0.0),(Vehicles4↦0.0),(Vehicles5↦0.0)}",
        "Reward": "0.0",
        "VehiclesAx": "{(EgoVehicle↦0.0),(Vehicles2↦0.0),(Vehicles3↦0.0),(Vehicles4↦0.0),(Vehicles5↦0.0)}",
        "VehiclesVx": "{(EgoVehicle↦25.0),(Vehicles2↦-3.319615423679352),(Vehicles3↦-3.1401926279067993),(Vehicles4↦-2.536156475543976),(Vehicles5↦-2.9350745677948)}",
        "VehiclesY": "{(EgoVehicle↦4.0000001192092896),(Vehicles2↦4.0000001192092896),(Vehicles3↦-4.0000001192092896),(Vehicles4↦4.0000001192092896),(Vehicles5↦0.0)}",
        "VehiclesVy": "{(EgoVehicle↦0.0),(Vehicles2↦0.0),(Vehicles3↦0.0),(Vehicles4↦0.0),(Vehicles5↦0.0)}",
        "VehiclesX": "{(EgoVehicle↦153.71013879776),(Vehicles2↦24.190232157707214),(Vehicles3↦46.322065591812134),(Vehicles4↦72.162526845932),(Vehicles5↦95.91208696365356)}"
      },
      "probabilisticVariables": null,
      "activating": [
        "FASTER_2"
      ],
      "activatingOnlyWhenExecuted": true,
      "updating": null,
      "withPredicate": null
    },
    {
      "id": "FASTER_2",
      "execute": "FASTER",
      "after": "1000",
      "priority": 0,
      "additionalGuards": null,
      "activationKind": null,
      "fixedVariables": {
        "Crash": "FALSE",
        "VehiclesAy": "{(EgoVehicle↦0.0),(Vehicles2↦0.0),(Vehicles3↦0.0),(Vehicles4↦0.0),(Vehicles5↦0.0)}",
        "Reward": "0.9491083676268861",
        "VehiclesAx": "{(EgoVehicle↦4.341564178466797),(Vehicles2↦-5.863833129405975),(Vehicles3↦-4.604644179344177),(Vehicles4↦-5.2443429827690125),(Vehicles5↦-8.359293937683105)}",
        "VehiclesVx": "{(EgoVehicle↦29.341564178466797),(Vehicles2↦-9.183448553085327),(Vehicles3↦-7.744836807250977),(Vehicles4↦-7.780499458312988),(Vehicles5↦-11.294368505477905)}",
        "VehiclesY": "{(EgoVehicle↦4.0000001192092896),(Vehicles2↦4.0000001192092896),(Vehicles3↦-4.0000001192092896),(Vehicles4↦4.0000001192092896),(Vehicles5↦0.0)}",
        "VehiclesVy": "{(EgoVehicle↦0.0),(Vehicles2↦0.0),(Vehicles3↦0.0),(Vehicles4↦0.0),(Vehicles5↦0.0)}",
        "VehiclesX": "{(EgoVehicle↦181.10519647598267),(Vehicles2↦17.75921732187271),(Vehicles3↦40.687912702560425),(Vehicles4↦66.81538820266724),(Vehicles5↦88.56427073478699)}"
      },
      "probabilisticVariables": null,
      "activating": [
        "IDLE_3"
      ],
      "activatingOnlyWhenExecuted": true,
      "updating": null,
      "withPredicate": null
    },
    {
      "id": "IDLE_3",
      "execute": "IDLE",
      "after": "1000",
      "priority": 0,
      "additionalGuards": null,
      "activationKind": null,
      "fixedVariables": {
        "Crash": "FALSE",
        "VehiclesAy": "{(EgoVehicle↦0.0),(Vehicles2↦0.0),(Vehicles3↦0.0),(Vehicles4↦0.0),(Vehicles5↦0.0)}",
        "Reward": "0.964354462677889",
        "VehiclesAx": "{(EgoVehicle↦0.5717277526855469),(Vehicles2↦-1.222594976425171),(Vehicles3↦-1.1673438549041748),(Vehicles4↦-1.0342299938201904),(Vehicles5↦-1.327730417251587)}",
        "VehiclesVx": "{(EgoVehicle↦29.913291931152344),(Vehicles2↦-10.406043529510498),(Vehicles3↦-8.912180662155151),(Vehicles4↦-8.814729452133179),(Vehicles5↦-12.622098922729492)}",
        "VehiclesY": "{(EgoVehicle↦4.0000001192092896),(Vehicles2↦4.0000001192092896),(Vehicles3↦-4.0000001192092896),(Vehicles4↦4.0000001192092896),(Vehicles5↦0.0)}",
        "VehiclesVy": "{(EgoVehicle↦0.0),(Vehicles2↦0.0),(Vehicles3↦0.0),(Vehicles4↦0.0),(Vehicles5↦0.0)}",
        "VehiclesX": "{(EgoVehicle↦200.0),(Vehicles2↦7.957804948091507),(Vehicles3↦32.43958652019501),(Vehicles4↦58.51226449012756),(Vehicles5↦76.33811831474304)}"
      },
      "probabilisticVariables": null,
      "activating": [
        "IDLE_4"
      ],
      "activatingOnlyWhenExecuted": true,
      "updating": null,
      "withPredicate": null
    },
    {
      "id": "IDLE_4",
      "execute": "IDLE",
      "after": "1000",
      "priority": 0,
      "additionalGuards": null,
      "activationKind": null,
      "fixedVariables": {
        "Crash": "FALSE",
        "VehiclesAy": "{(EgoVehicle↦0.0),(Vehicles2↦0.0),(Vehicles3↦0.0),(Vehicles4↦0.0),(Vehicles5↦0.0)}",
        "Reward": "0.9663621788985971",
        "VehiclesAx": "{(EgoVehicle↦0.07529020309448242),(Vehicles2↦-0.3545701503753662),(Vehicles3↦-0.6172245740890503),(Vehicles4↦-0.33328473567962646),(Vehicles5↦0.24039864540100098)}",
        "VehiclesVx": "{(EgoVehicle↦29.988582134246826),(Vehicles2↦-10.760613679885864),(Vehicles3↦-9.529405236244202),(Vehicles4↦-9.148014187812805),(Vehicles5↦-12.381700277328491)}",
        "VehiclesY": "{(EgoVehicle↦4.0000001192092896),(Vehicles2↦4.0000001192092896),(Vehicles3↦-4.0000001192092896),(Vehicles4↦4.0000001192092896),(Vehicles5↦0.0)}",
        "VehiclesVy": "{(EgoVehicle↦0.0),(Vehicles2↦0.0),(Vehicles3↦0.0),(Vehicles4↦0.0),(Vehicles5↦0.0)}",
        "VehiclesX": "{(EgoVehicle↦200.0),(Vehicles2↦-2.6213349774479866),(Vehicles3↦23.253625631332397),(Vehicles4↦49.54126477241516),(Vehicles5↦64.16815519332886)}"
      },
      "probabilisticVariables": null,
      "activating": [
        "IDLE_5"
      ],
      "activatingOnlyWhenExecuted": true,
      "updating": null,
      "withPredicate": null
    },
    {
      "id": "IDLE_5",
      "execute": "IDLE",
      "after": "1000",
      "priority": 0,
      "additionalGuards": null,
      "activationKind": null,
      "fixedVariables": {
        "Crash": "FALSE",
        "VehiclesAy": "{(EgoVehicle↦0.0),(Vehicles2↦0.0),(Vehicles3↦0.0),(Vehicles4↦0.0),(Vehicles5↦0.12258165515959263)}",
        "Reward": "0.9666265695120236",
        "VehiclesAx": "{(EgoVehicle↦0.009913444519042969),(Vehicles2↦1.34141206741333),(Vehicles3↦0.22198379039764404),(Vehicles4↦-3.715192675590515),(Vehicles5↦2.43716299533844)}",
        "VehiclesVx": "{(EgoVehicle↦29.99849557876587),(Vehicles2↦-9.419201612472534),(Vehicles3↦-9.307421445846558),(Vehicles4↦-12.86320686340332),(Vehicles5↦-9.944537281990051)}",
        "VehiclesY": "{(EgoVehicle↦4.0000001192092896),(Vehicles2↦-4.0000001192092896),(Vehicles3↦4.0000001192092896),(Vehicles4↦0.0),(Vehicles5↦-0.042110323905944824)}",
        "VehiclesVy": "{(EgoVehicle↦0.0),(Vehicles2↦0.0),(Vehicles3↦0.0),(Vehicles4↦0.0),(Vehicles5↦0.12258165515959263)}",
        "VehiclesX": "{(EgoVehicle↦200.0),(Vehicles2↦13.77430409193039),(Vehicles3↦40.321704745292664),(Vehicles4↦51.521241664886475),(Vehicles5↦86.87602877616882)}"
      },
      "probabilisticVariables": null,
      "activating": [
        "LANE_RIGHT_6"
      ],
      "activatingOnlyWhenExecuted": true,
      "updating": null,
      "withPredicate": null
    },
    {
      "id": "LANE_RIGHT_6",
      "execute": "LANE_RIGHT",
      "after": "1000",
      "priority": 0,
      "additionalGuards": null,
      "activationKind": null,
      "fixedVariables": {
        "Crash": "FALSE",
        "VehiclesAy": "{(EgoVehicle↦1.030355542898178),(Vehicles2↦-1.030355542898178),(Vehicles3↦-1.030355542898178),(Vehicles4↦-1.030355542898178),(Vehicles5↦-0.9002299513667822)}",
        "Reward": "0.9995227406846995",
        "VehiclesAx": "{(EgoVehicle↦-0.016393661499023438),(Vehicles2↦0.06660163402557373),(Vehicles3↦-0.07328331470489502),(Vehicles4↦0.09790301322937012),(Vehicles5↦0.15294551849365234)}",
        "VehiclesVx": "{(EgoVehicle↦29.982101917266846),(Vehicles2↦-9.35259997844696),(Vehicles3↦-9.380704760551453),(Vehicles4↦-12.76530385017395),(Vehicles5↦-9.791591763496399)}",
        "VehiclesY": "{(EgoVehicle↦7.703225612640381),(Vehicles2↦-7.703225612640381),(Vehicles3↦0.2967744916677475),(Vehicles4↦-3.7032254934310913),(Vehicles5↦-3.705808997154236)}",
        "VehiclesVy": "{(EgoVehicle↦1.030355542898178),(Vehicles2↦-1.030355542898178),(Vehicles3↦-1.030355542898178),(Vehicles4↦-1.030355542898178),(Vehicles5↦-1.0228116065263748)}",
        "VehiclesX": "{(EgoVehicle↦200.0),(Vehicles2↦4.6548992395401),(Vehicles3↦31.250646710395813),(Vehicles4↦38.941359519958496),(Vehicles5↦77.2618055343628)}"
      },
      "probabilisticVariables": null,
      "activating": [
        "SLOWER_7"
      ],
      "activatingOnlyWhenExecuted": true,
      "updating": null,
      "withPredicate": null
    },
    {
      "id": "SLOWER_7",
      "execute": "SLOWER",
      "after": "1000",
      "priority": 0,
      "additionalGuards": null,
      "activationKind": null,
      "fixedVariables": {
        "Crash": "FALSE",
        "VehiclesAy": "{(EgoVehicle↦-1.006418492179364),(Vehicles2↦1.006418492179364),(Vehicles3↦1.006418492179364),(Vehicles4↦1.006418492179364),(Vehicles5↦-1.046291426755488)}",
        "Reward": "0.8842239726113924",
        "VehiclesAx": "{(EgoVehicle↦-4.323701858520508),(Vehicles2↦4.3370771408081055),(Vehicles3↦4.26778256893158),(Vehicles4↦4.604173898696899),(Vehicles5↦4.45628821849823)}",
        "VehiclesVx": "{(EgoVehicle↦25.658400058746338),(Vehicles2↦-5.015522837638855),(Vehicles3↦-5.112922191619873),(Vehicles4↦-8.16112995147705),(Vehicles5↦-5.335303544998169)}",
        "VehiclesY": "{(EgoVehicle↦7.9928977489471436),(Vehicles2↦-7.9928977489471436),(Vehicles3↦0.007102536270394921),(Vehicles4↦-3.992897629737854),(Vehicles5↦-3.9930535554885864)}",
        "VehiclesVy": "{(EgoVehicle↦0.023937050718814135),(Vehicles2↦-0.023937050718814135),(Vehicles3↦-0.023937050718814135),(Vehicles4↦-0.023937050718814135),(Vehicles5↦-0.023479820229113102)}",
        "VehiclesX": "{(EgoVehicle↦200.0),(Vehicles2↦-2.3102354258298874),(Vehicles3↦24.225595593452454),(Vehicles4↦28.65965962409973),(Vehicles5↦69.90395784378052)}"
      },
      "probabilisticVariables": null,
      "activating": [
        "SLOWER_8"
      ],
      "activatingOnlyWhenExecuted": true,
      "updating": null,
      "withPredicate": null
    },
    {
      "id": "SLOWER_8",
      "execute": "SLOWER",
      "after": "1000",
      "priority": 0,
      "additionalGuards": null,
      "activationKind": null,
      "fixedVariables": {
        "Crash": "FALSE",
        "VehiclesAy": "{(EgoVehicle↦-0.023010817312751897),(Vehicles2↦0.023010817312751897),(Vehicles3↦0.023010817312751897),(Vehicles4↦0.023010817312751897),(Vehicles5↦-0.02437873547023628)}",
        "Reward": "0.7532037442422975",
        "VehiclesAx": "{(EgoVehicle↦-4.9132585525512695),(Vehicles2↦4.907091725617647),(Vehicles3↦4.876722414046526),(Vehicles4↦5.251262187957764),(Vehicles5↦5.034940652549267)}",
        "VehiclesVx": "{(EgoVehicle↦20.74514150619507),(Vehicles2↦-0.10843111202120781),(Vehicles3↦-0.2361997775733471),(Vehicles4↦-2.909867763519287),(Vehicles5↦-0.30036289244890213)}",
        "VehiclesY": "{(EgoVehicle↦7.999679803848267),(Vehicles2↦-7.999679803848267),(Vehicles3↦0.00032024719985201955),(Vehicles4↦-3.999679684638977),(Vehicles5↦-3.999688982963562)}",
        "VehiclesVy": "{(EgoVehicle↦0.0009262334060622379),(Vehicles2↦-0.0009262334060622379),(Vehicles3↦-0.0009262334060622379),(Vehicles4↦-0.0009262334060622379),(Vehicles5↦-0.0008989152411231771)}",
        "VehiclesX": "{(EgoVehicle↦200.0),(Vehicles2↦-4.616662114858627),(Vehicles3↦21.807336807250977),(Vehicles4↦23.342815041542053),(Vehicles5↦67.32878088951111)}"
      },
      "probabilisticVariables": null,
      "activating": [
        "SLOWER_9"
      ],
      "activatingOnlyWhenExecuted": true,
      "updating": null,
      "withPredicate": null
    },
    {
      "id": "SLOWER_9",
      "execute": "SLOWER",
      "after": "1000",
      "priority": 0,
      "additionalGuards": null,
      "activationKind": null,
      "fixedVariables": {
        "Crash": "FALSE",
        "VehiclesAy": "{(EgoVehicle↦-0.0008695440965311718),(Vehicles2↦0.0008695440965311718),(Vehicles3↦0.0008695440965311718),(Vehicles4↦0.0008695440965311718),(Vehicles5↦-0.0009539934990243637)}",
        "Reward": "0.7359500130296849",
        "VehiclesAx": "{(EgoVehicle↦-0.6470155715942383),(Vehicles2↦0.6300981156527996),(Vehicles3↦-1.6936458833515644),(Vehicles4↦3.2954752072691917),(Vehicles5↦0.7554971426725388)}",
        "VehiclesVx": "{(EgoVehicle↦20.09812593460083),(Vehicles2↦0.5216670036315918),(Vehicles3↦-1.9298456609249115),(Vehicles4↦0.38560744374990463),(Vehicles5↦0.4551342502236366)}",
        "VehiclesY": "{(EgoVehicle↦7.999980211257935),(Vehicles2↦-7.999980211257935),(Vehicles3↦-3.9999804496765137),(Vehicles4↦1.9539089407771826E-05),(Vehicles5↦-3.999981164932251)}",
        "VehiclesVy": "{(EgoVehicle↦5.66893095310661E-05),(Vehicles2↦-5.66893095310661E-05),(Vehicles3↦-5.66893095310661E-05),(Vehicles4↦-5.66893095310661E-05),(Vehicles5↦-5.507825790118659E-05)}",
        "VehiclesX": "{(EgoVehicle↦200.0),(Vehicles2↦-4.374288767576218),(Vehicles3↦20.924870669841766),(Vehicles4↦21.917298436164856),(Vehicles5↦67.42981672286987)}"
      },
      "probabilisticVariables": null,
      "activating": [
        "IDLE_10"
      ],
      "activatingOnlyWhenExecuted": true,
      "updating": null,
      "withPredicate": null
    },
    {
      "id": "IDLE_10",
      "execute": "IDLE",
      "after": "1000",
      "priority": 0,
      "additionalGuards": null,
      "activationKind": null,
      "fixedVariables": {
        "Crash": "FALSE",
        "VehiclesAy": "{(EgoVehicle↦-5.316715004255457E-05),(Vehicles2↦5.316715004255457E-05),(Vehicles3↦5.316715004255457E-05),(Vehicles4↦5.316715004255457E-05),(Vehicles5↦-5.8506502682575956E-05)}",
        "Reward": "0.7336779166681048",
        "VehiclesAx": "{(EgoVehicle↦-0.08520364761352539),(Vehicles2↦0.06194029003381729),(Vehicles3↦0.387628972530365),(Vehicles4↦0.06676431745290756),(Vehicles5↦0.18047552555799484)}",
        "VehiclesVx": "{(EgoVehicle↦20.012922286987305),(Vehicles2↦0.5836072936654091),(Vehicles3↦-1.5422166883945465),(Vehicles4↦0.4523717612028122),(Vehicles5↦0.6356097757816315)}",
        "VehiclesY": "{(EgoVehicle↦7.9999988079071045),(Vehicles2↦-7.9999988079071045),(Vehicles3↦-3.999998688697815),(Vehicles4↦1.2128539026434737E-06),(Vehicles5↦-3.999998688697815)}",
        "VehiclesVy": "{(EgoVehicle↦3.5221594885115337E-06),(Vehicles2↦-3.5221594885115337E-06),(Vehicles3↦-3.5221594885115337E-06),(Vehicles4↦-3.5221594885115337E-06),(Vehicles5↦-3.428244781389367E-06)}",
        "VehiclesX": "{(EgoVehicle↦200.0),(Vehicles2↦-3.8145266473293304),(Vehicles3↦19.165922701358795),(Vehicles4↦22.342117130756378),(Vehicles5↦67.97109246253967)}"
      },
      "probabilisticVariables": null,
      "activating": [
        "IDLE_11"
      ],
      "activatingOnlyWhenExecuted": true,
      "updating": null,
      "withPredicate": null
    },
    {
      "id": "IDLE_11",
      "execute": "IDLE",
      "after": "1000",
      "priority": 0,
      "additionalGuards": null,
      "activationKind": null,
      "fixedVariables": {
        "Crash": "FALSE",
        "VehiclesAy": "{(EgoVehicle↦-3.3030520896204507E-06),(Vehicles2↦3.3030520896204507E-06),(Vehicles3↦3.3030520896204507E-06),(Vehicles4↦3.3030520896204507E-06),(Vehicles5↦-3.6419330484704915E-06)}",
        "Reward": "0.7333787105626045",
        "VehiclesAx": "{(EgoVehicle↦-0.011219978332519531),(Vehicles2↦-0.01614414155483246),(Vehicles3↦0.27554765343666077),(Vehicles4↦-0.0030470266938209534),(Vehicles5↦0.09425096213817596)}",
        "VehiclesVx": "{(EgoVehicle↦20.001702308654785),(Vehicles2↦0.5674631521105766),(Vehicles3↦-1.2666690349578857),(Vehicles4↦0.44932473450899124),(Vehicles5↦0.7298607379198074)}",
        "VehiclesY": "{(EgoVehicle↦8.000000238418579),(Vehicles2↦-8.000000238418579),(Vehicles3↦-3.999999761581421),(Vehicles4↦7.544011282334395E-08),(Vehicles5↦-3.999999761581421)}",
        "VehiclesVy": "{(EgoVehicle↦2.19107398891083E-07),(Vehicles2↦-2.19107398891083E-07),(Vehicles3↦-2.19107398891083E-07),(Vehicles4↦-2.19107398891083E-07),(Vehicles5↦-2.1368826708112465E-07)}",
        "VehiclesX": "{(EgoVehicle↦200.0),(Vehicles2↦-3.235406056046486),(Vehicles3↦17.738714814186096),(Vehicles4↦22.794710099697113),(Vehicles5↦68.64703297615051)}"
      },
      "probabilisticVariables": null,
      "activating": [
        "IDLE_12"
      ],
      "activatingOnlyWhenExecuted": true,
      "updating": null,
      "withPredicate": null
    },
    {
      "id": "IDLE_12",
      "execute": "IDLE",
      "after": "1000",
      "priority": 0,
      "additionalGuards": null,
      "activationKind": null,
      "fixedVariables": {
        "Crash": "FALSE",
        "VehiclesAy": "{(EgoVehicle↦-2.0547489043565292E-07),(Vehicles2↦2.0547489931743712E-07),(Vehicles3↦2.0547489931743712E-07),(Vehicles4↦2.0547489931743712E-07),(Vehicles5↦-2.2701084567700036E-07)}",
        "Reward": "0.733339308935542",
        "VehiclesAx": "{(EgoVehicle↦-0.0014781951904296875),(Vehicles2↦-0.028755515813827515),(Vehicles3↦0.2286078780889511),(Vehicles4↦-0.010103285312652588),(Vehicles5↦0.07357791066169739)}",
        "VehiclesVx": "{(EgoVehicle↦20.000224113464355),(Vehicles2↦0.5387076362967491),(Vehicles3↦-1.0380611568689346),(Vehicles4↦0.43922144919633865),(Vehicles5↦0.8034386485815048)}",
        "VehiclesY": "{(EgoVehicle↦8.000000238418579),(Vehicles2↦-8.000000238418579),(Vehicles3↦-4.0000001192092896),(Vehicles4↦4.693682775780417E-09),(Vehicles5↦-4.0000001192092896)}",
        "VehiclesVy": "{(EgoVehicle↦1.363250845543007E-08),(Vehicles2↦-1.3632499573645873E-08),(Vehicles3↦-1.3632499573645873E-08),(Vehicles4↦-1.3632499573645873E-08),(Vehicles5↦-1.3322578595875711E-08)}",
        "VehiclesX": "{(EgoVehicle↦200.0),(Vehicles2↦-2.679026871919632),(Vehicles3↦16.56654328107834),(Vehicles4↦23.240043222904205),(Vehicles5↦69.40736770629883)}"
      },
      "probabilisticVariables": null,
      "activating": [
        "IDLE_13"
      ],
      "activatingOnlyWhenExecuted": true,
      "updating": null,
      "withPredicate": null
    },
    {
      "id": "IDLE_13",
      "execute": "IDLE",
      "after": "1000",
      "priority": 0,
      "additionalGuards": null,
      "activationKind": null,
      "fixedVariables": {
        "Crash": "FALSE",
        "VehiclesAy": "{(EgoVehicle↦-1.278429806461645E-08),(Vehicles2↦1.2784280301048057E-08),(Vehicles3↦1.2784280301048057E-08),(Vehicles4↦1.2784280301048057E-08),(Vehicles5↦-1.4153203053979269E-08)}",
        "Reward": "0.7333341202439123",
        "VehiclesAx": "{(EgoVehicle↦-0.00019550323486328125),(Vehicles2↦-0.03213316202163696),(Vehicles3↦0.1943979412317276),(Vehicles4↦-0.009554661810398102),(Vehicles5↦0.06271369755268097)}",
        "VehiclesVx": "{(EgoVehicle↦20.000028610229492),(Vehicles2↦0.5065744742751122),(Vehicles3↦-0.843663215637207),(Vehicles4↦0.42966678738594055),(Vehicles5↦0.8661523461341858)}",
        "VehiclesY": "{(EgoVehicle↦8.000000238418579),(Vehicles2↦-8.000000238418579),(Vehicles3↦-4.0000001192092896),(Vehicles4↦2.920410580031785E-10),(Vehicles5↦-4.0000001192092896)}",
        "VehiclesVy": "{(EgoVehicle↦8.482103908136196E-10),(Vehicles2↦-8.482192725978166E-10),(Vehicles3↦-8.482192725978166E-10),(Vehicles4↦-8.482192725978166E-10),(Vehicles5↦-8.306244581035571E-10)}",
        "VehiclesX": "{(EgoVehicle↦200.0),(Vehicles2↦-2.1530000492930412),(Vehicles3↦15.60870110988617),(Vehicles4↦23.675349354743958),(Vehicles5↦70.23663520812988)}"
      },
      "probabilisticVariables": null,
      "activating": [
        "IDLE_14"
      ],
      "activatingOnlyWhenExecuted": true,
      "updating": null,
      "withPredicate": null
    },
    {
      "id": "IDLE_14",
      "execute": "IDLE",
      "after": "1000",
      "priority": 0,
      "additionalGuards": null,
      "activationKind": null,
      "fixedVariables": {
        "Crash": "FALSE",
        "VehiclesAy": "{(EgoVehicle↦-7.954348291150382E-10),(Vehicles2↦7.954437108992352E-10),(Vehicles3↦7.954437108992352E-10),(Vehicles4↦7.954437108992352E-10),(Vehicles5↦-8.824230235404684E-10)}",
        "Reward": "0.7333334369594179",
        "VehiclesAx": "{(EgoVehicle↦-2.384185791015625E-05),(Vehicles2↦-0.033829398453235626),(Vehicles3↦0.16642212867736816),(Vehicles4↦-0.008387602865695953),(Vehicles5↦0.05421660840511322)}",
        "VehiclesVx": "{(EgoVehicle↦20.000004768371582),(Vehicles2↦0.4727450758218765),(Vehicles3↦-0.6772410869598389),(Vehicles4↦0.4212791845202446),(Vehicles5↦0.920368954539299)}",
        "VehiclesY": "{(EgoVehicle↦8.000000238418579),(Vehicles2↦-8.000000238418579),(Vehicles3↦-4.0000001192092896),(Vehicles4↦1.8169465931805462E-11),(Vehicles5↦-4.0000001192092896)}",
        "VehiclesVy": "{(EgoVehicle↦5.277556169858144E-11),(Vehicles2↦-5.277556169858144E-11),(Vehicles3↦-5.277556169858144E-11),(Vehicles4↦-5.277556169858144E-11),(Vehicles5↦-5.1798565436911304E-11)}",
        "VehiclesX": "{(EgoVehicle↦200.0),(Vehicles2↦-1.659851148724556),(Vehicles3↦14.833633601665497),(Vehicles4↦24.10157173871994),(Vehicles5↦71.12510204315186)}"
      },
      "probabilisticVariables": null,
      "activating": [
        "IDLE_15"
      ],
      "activatingOnlyWhenExecuted": true,
      "updating": null,
      "withPredicate": null
    },
    {
      "id": "IDLE_15",
      "execute": "IDLE",
      "after": "1000",
      "priority": 0,
      "additionalGuards": null,
      "activationKind": null,
      "fixedVariables": {
        "Crash": "FALSE",
        "VehiclesAy": "{(EgoVehicle↦-4.948930154569098E-11),(Vehicles2↦4.948930154569098E-11),(Vehicles3↦4.948930154569098E-11),(Vehicles4↦4.948930154569098E-11),(Vehicles5↦-5.502265310042276E-11)}",
        "Reward": "0.7333333469795668",
        "VehiclesAx": "{(EgoVehicle↦-4.76837158203125E-06),(Vehicles2↦-0.03491304814815521),(Vehicles3↦0.1434309035539627),(Vehicles4↦-0.007364526391029358),(Vehicles5↦0.046973973512649536)}",
        "VehiclesVx": "{(EgoVehicle↦20.0),(Vehicles2↦0.4378320276737213),(Vehicles3↦-0.5338101834058762),(Vehicles4↦0.41391465812921524),(Vehicles5↦0.9673429280519485)}",
        "VehiclesY": "{(EgoVehicle↦8.000000238418579),(Vehicles2↦-8.000000238418579),(Vehicles3↦-4.0000001192092896),(Vehicles4↦1.1297629498585593E-12),(Vehicles5↦-4.0000001192092896)}",
        "VehiclesVy": "{(EgoVehicle↦3.2862601528904634E-12),(Vehicles2↦-3.2862601528904634E-12),(Vehicles3↦-3.2862601528904634E-12),(Vehicles4↦-3.2862601528904634E-12),(Vehicles5↦-3.2240876635114546E-12)}",
        "VehiclesX": "{(EgoVehicle↦200.0),(Vehicles2↦-1.2010026723146439),(Vehicles3↦14.2154261469841),(Vehicles4↦24.51983094215393),(Vehicles5↦72.0647931098938)}"
      },
      "probabilisticVariables": null,
      "activating": [
        "IDLE_16"
      ],
      "activatingOnlyWhenExecuted": true,
      "updating": null,
      "withPredicate": null
    },
    {
      "id": "IDLE_16",
      "execute": "IDLE",
      "after": "1000",
      "priority": 0,
      "additionalGuards": null,
      "activationKind": null,
      "fixedVariables": {
        "Crash": "FALSE",
        "VehiclesAy": "{(EgoVehicle↦-3.0730973321624333E-12),(Vehicles2↦3.0730973321624333E-12),(Vehicles3↦3.0730973321624333E-12),(Vehicles4↦3.0730973321624333E-12),(Vehicles5↦-3.4372504842394846E-12)}",
        "Reward": "0.7333333351303682",
        "VehiclesAx": "{(EgoVehicle↦0.0),(Vehicles2↦-0.03557313233613968),(Vehicles3↦0.12460380792617798),(Vehicles4↦-0.006496012210845947),(Vehicles5↦0.04070505499839783)}",
        "VehiclesVx": "{(EgoVehicle↦20.0),(Vehicles2↦0.40225889533758163),(Vehicles3↦-0.4092063754796982),(Vehicles4↦0.4074186459183693),(Vehicles5↦1.0080479830503464)}",
        "VehiclesY": "{(EgoVehicle↦8.000000238418579),(Vehicles2↦-8.000000238418579),(Vehicles3↦-4.0000001192092896),(Vehicles4↦6.927791673660977E-14),(Vehicles5↦-4.0000001192092896)}",
        "VehiclesVy": "{(EgoVehicle↦2.1316282072803006E-13),(Vehicles2↦-2.1316282072803006E-13),(Vehicles3↦-2.1316282072803006E-13),(Vehicles4↦-2.1316282072803006E-13),(Vehicles5↦-2.1316282072803006E-13)}",
        "VehiclesX": "{(EgoVehicle↦200.0),(Vehicles2↦-0.7773622404783964),(Vehicles3↦13.732816278934479),(Vehicles4↦24.931082129478455),(Vehicles5↦73.04888963699341)}"
      },
      "probabilisticVariables": null,
      "activating": [
        "IDLE_17"
      ],
      "activatingOnlyWhenExecuted": true,
      "updating": null,
      "withPredicate": null
    },
    {
      "id": "IDLE_17",
      "execute": "IDLE",
      "after": "1000",
      "priority": 0,
      "additionalGuards": null,
      "activationKind": null,
      "fixedVariables": {
        "Crash": "FALSE",
        "VehiclesAy": "{(EgoVehicle↦-1.9539925233402755E-13),(Vehicles2↦1.9539925233402755E-13),(Vehicles3↦1.9539925233402755E-13),(Vehicles4↦1.9539925233402755E-13),(Vehicles5↦-2.3092638912203256E-13)}",
        "Reward": "0.73333333356998",
        "VehiclesAx": "{(EgoVehicle↦0.0),(Vehicles2↦-0.03587361425161362),(Vehicles3↦0.10916454717516899),(Vehicles4↦-0.0057320669293403625),(Vehicles5↦0.03524996340274811)}",
        "VehiclesVx": "{(EgoVehicle↦20.0),(Vehicles2↦0.366385281085968),(Vehicles3↦-0.3000418283045292),(Vehicles4↦0.40168657898902893),(Vehicles5↦1.0432979464530945)}",
        "VehiclesY": "{(EgoVehicle↦8.000000238418579),(Vehicles2↦-8.000000238418579),(Vehicles3↦-4.0000001192092896),(Vehicles4↦2.6645352591003757E-15),(Vehicles5↦-4.0000001192092896)}",
        "VehiclesVy": "{(EgoVehicle↦1.7763568394002505E-14),(Vehicles2↦-1.7763568394002505E-14),(Vehicles3↦-1.7763568394002505E-14),(Vehicles4↦-1.7763568394002505E-14),(Vehicles5↦-1.7763568394002505E-14)}",
        "VehiclesX": "{(EgoVehicle↦200.0),(Vehicles2↦-0.38944194093346596),(Vehicles3↦13.36839348077774),(Vehicles4↦25.33614933490753),(Vehicles5↦74.0714430809021)}"
      },
      "probabilisticVariables": null,
      "activating": [
        "IDLE_18"
      ],
      "activatingOnlyWhenExecuted": true,
      "updating": null,
      "withPredicate": null
    },
    {
      "id": "IDLE_18",
      "execute": "IDLE",
      "after": "1000",
      "priority": 0,
      "additionalGuards": null,
      "activationKind": null,
      "fixedVariables": {
        "Crash": "FALSE",
        "VehiclesAy": "{(EgoVehicle↦-1.7763568394002505E-14),(Vehicles2↦1.7763568394002505E-14),(Vehicles3↦1.7763568394002505E-14),(Vehicles4↦1.7763568394002505E-14),(Vehicles5↦-1.7763568394002505E-14)}",
        "Reward": "0.7333333333644968",
        "VehiclesAx": "{(EgoVehicle↦0.0),(Vehicles2↦-0.03585893660783768),(Vehicles3↦0.09642692282795906),(Vehicles4↦-0.005036927759647369),(Vehicles5↦0.03048136830329895)}",
        "VehiclesVx": "{(EgoVehicle↦20.0),(Vehicles2↦0.33052634447813034),(Vehicles3↦-0.20361490547657013),(Vehicles4↦0.39664965122938156),(Vehicles5↦1.0737793147563934)}",
        "VehiclesY": "{(EgoVehicle↦8.000000238418579),(Vehicles2↦-8.000000238418579),(Vehicles3↦-4.0000001192092896),(Vehicles4↦2.6645352591003757E-15),(Vehicles5↦-4.0000001192092896)}",
        "VehiclesVy": "{(EgoVehicle↦0.0),(Vehicles2↦0.0),(Vehicles3↦0.0),(Vehicles4↦0.0),(Vehicles5↦0.0)}",
        "VehiclesX": "{(EgoVehicle↦200.0),(Vehicles2↦-0.03741300315596163),(Vehicles3↦13.107849657535553),(Vehicles4↦25.735768675804138),(Vehicles5↦75.12729167938232)}"
      },
      "probabilisticVariables": null,
      "activating": [
        "IDLE_19"
      ],
      "activatingOnlyWhenExecuted": true,
      "updating": null,
      "withPredicate": null
    },
    {
      "id": "IDLE_19",
      "execute": "IDLE",
      "after": "1000",
      "priority": 0,
      "additionalGuards": null,
      "activationKind": null,
      "fixedVariables": {
        "Crash": "FALSE",
        "VehiclesAy": "{(EgoVehicle↦0.0),(Vehicles2↦0.0),(Vehicles3↦0.0),(Vehicles4↦0.0),(Vehicles5↦0.0)}",
        "Reward": "0.7333333333374371",
        "VehiclesAx": "{(EgoVehicle↦0.0),(Vehicles2↦-0.03556819632649422),(Vehicles3↦0.08582527749240398),(Vehicles4↦-0.004389211535453796),(Vehicles5↦0.02629302442073822)}",
        "VehiclesVx": "{(EgoVehicle↦20.0),(Vehicles2↦0.2949581481516361),(Vehicles3↦-0.11778962798416615),(Vehicles4↦0.39226043969392776),(Vehicles5↦1.1000723391771317)}",
        "VehiclesY": "{(EgoVehicle↦8.000000238418579),(Vehicles2↦-8.000000238418579),(Vehicles3↦-4.0000001192092896),(Vehicles4↦2.6645352591003757E-15),(Vehicles5↦-4.0000001192092896)}",
        "VehiclesVy": "{(EgoVehicle↦0.0),(Vehicles2↦0.0),(Vehicles3↦0.0),(Vehicles4↦0.0),(Vehicles5↦0.0)}",
        "VehiclesX": "{(EgoVehicle↦200.0),(Vehicles2↦0.2788526937365532),(Vehicles3↦12.939338386058807),(Vehicles4↦26.130613684654236),(Vehicles5↦76.21189951896667)}"
      },
      "probabilisticVariables": null,
      "activating": [
        "IDLE_20"
      ],
      "activatingOnlyWhenExecuted": true,
      "updating": null,
      "withPredicate": null
    },
    {
      "id": "IDLE_20",
      "execute": "IDLE",
      "after": "1000",
      "priority": 0,
      "additionalGuards": null,
      "activationKind": null,
      "fixedVariables": {
        "Crash": "FALSE",
        "VehiclesAy": "{(EgoVehicle↦0.0),(Vehicles2↦0.0),(Vehicles3↦0.0),(Vehicles4↦0.0),(Vehicles5↦0.0)}",
        "Reward": "0.7333333333338738",
        "VehiclesAx": "{(EgoVehicle↦0.0),(Vehicles2↦-0.03503721207380295),(Vehicles3↦0.07691174279898405),(Vehicles4↦-0.003776662051677704),(Vehicles5↦0.02259671688079834)}",
        "VehiclesVx": "{(EgoVehicle↦20.0),(Vehicles2↦0.2599209360778332),(Vehicles3↦-0.040877885185182095),(Vehicles4↦0.38848377764225006),(Vehicles5↦1.12266905605793)}",
        "VehiclesY": "{(EgoVehicle↦8.000000238418579),(Vehicles2↦-8.000000238418579),(Vehicles3↦-4.0000001192092896),(Vehicles4↦2.6645352591003757E-15),(Vehicles5↦-4.0000001192092896)}",
        "VehiclesVy": "{(EgoVehicle↦0.0),(Vehicles2↦0.0),(Vehicles3↦0.0),(Vehicles4↦0.0),(Vehicles5↦0.0)}",
        "VehiclesX": "{(EgoVehicle↦200.0),(Vehicles2↦0.5597447045147419),(Vehicles3↦12.852969765663147),(Vehicles4↦26.521313190460205),(Vehicles5↦77.32129096984863)}"
      },
      "probabilisticVariables": null,
      "activating": [
        "IDLE_21"
      ],
      "activatingOnlyWhenExecuted": true,
      "updating": null,
      "withPredicate": null
    },
    {
      "id": "IDLE_21",
      "execute": "IDLE",
      "after": "1000",
      "priority": 0,
      "additionalGuards": null,
      "activationKind": null,
      "fixedVariables": {
        "Crash": "FALSE",
        "VehiclesAy": "{(EgoVehicle↦0.0),(Vehicles2↦0.0),(Vehicles3↦0.0),(Vehicles4↦0.0),(Vehicles5↦0.0)}",
        "Reward": "0.7333333333334044",
        "VehiclesAx": "{(EgoVehicle↦0.0),(Vehicles2↦-0.034298449754714966),(Vehicles3↦0.0693391589447856),(Vehicles4↦-0.003192499279975891),(Vehicles5↦0.019319728016853333)}",
        "VehiclesVx": "{(EgoVehicle↦20.0),(Vehicles2↦0.2256224863231182),(Vehicles3↦0.0284612737596035),(Vehicles4↦0.38529127836227417),(Vehicles5↦1.1419887840747833)}",
        "VehiclesY": "{(EgoVehicle↦8.000000238418579),(Vehicles2↦-8.000000238418579),(Vehicles3↦-4.0000001192092896),(Vehicles4↦2.6645352591003757E-15),(Vehicles5↦-4.0000001192092896)}",
        "VehiclesVy": "{(EgoVehicle↦0.0),(Vehicles2↦0.0),(Vehicles3↦0.0),(Vehicles4↦0.0),(Vehicles5↦0.0)}",
        "VehiclesX": "{(EgoVehicle↦200.0),(Vehicles2↦0.8058796636760235),(Vehicles3↦12.840385735034943),(Vehicles4↦26.908475160598755),(Vehicles5↦78.45193147659302)}"
      },
      "probabilisticVariables": null,
      "activating": [
        "IDLE_22"
      ],
      "activatingOnlyWhenExecuted": true,
      "updating": null,
      "withPredicate": null
    },
    {
      "id": "IDLE_22",
      "execute": "IDLE",
      "after": "1000",
      "priority": 0,
      "additionalGuards": null,
      "activationKind": null,
      "fixedVariables": {
        "Crash": "FALSE",
        "VehiclesAy": "{(EgoVehicle↦0.0),(Vehicles2↦0.0),(Vehicles3↦0.0),(Vehicles4↦0.0),(Vehicles5↦0.0)}",
        "Reward": "0.7333333333333427",
        "VehiclesAx": "{(EgoVehicle↦0.0),(Vehicles2↦-0.03338117152452469),(Vehicles3↦0.0628406461328268),(Vehicles4↦-0.002632923424243927),(Vehicles5↦0.016402527689933777)}",
        "VehiclesVx": "{(EgoVehicle↦20.0),(Vehicles2↦0.19224131479859352),(Vehicles3↦0.0913019198924303),(Vehicles4↦0.38265835493803024),(Vehicles5↦1.158391311764717)}",
        "VehiclesY": "{(EgoVehicle↦8.000000238418579),(Vehicles2↦-8.000000238418579),(Vehicles3↦-4.0000001192092896),(Vehicles4↦2.6645352591003757E-15),(Vehicles5↦-4.0000001192092896)}",
        "VehiclesVy": "{(EgoVehicle↦0.0),(Vehicles2↦0.0),(Vehicles3↦0.0),(Vehicles4↦0.0),(Vehicles5↦0.0)}",
        "VehiclesX": "{(EgoVehicle↦200.0),(Vehicles2↦1.01806977763772),(Vehicles3↦12.894466519355774),(Vehicles4↦27.29266881942749),(Vehicles5↦79.60070371627808)}"
      },
      "probabilisticVariables": null,
      "activating": [
        "IDLE_23"
      ],
      "activatingOnlyWhenExecuted": true,
      "updating": null,
      "withPredicate": null
    },
    {
      "id": "IDLE_23",
      "execute": "IDLE",
      "after": "1000",
      "priority": 0,
      "additionalGuards": null,
      "activationKind": null,
      "fixedVariables": {
        "Crash": "FALSE",
        "VehiclesAy": "{(EgoVehicle↦0.0),(Vehicles2↦0.0),(Vehicles3↦0.0),(Vehicles4↦0.0),(Vehicles5↦0.0)}",
        "Reward": "0.7333333333333346",
        "VehiclesAx": "{(EgoVehicle↦0.0),(Vehicles2↦-0.032311566174030304),(Vehicles3↦0.057211192324757576),(Vehicles4↦-0.002095736563205719),(Vehicles5↦0.013796165585517883)}",
        "VehiclesVx": "{(EgoVehicle↦20.0),(Vehicles2↦0.15992974862456322),(Vehicles3↦0.14851311221718788),(Vehicles4↦0.3805626183748245),(Vehicles5↦1.172187477350235)}",
        "VehiclesY": "{(EgoVehicle↦8.000000238418579),(Vehicles2↦-8.000000238418579),(Vehicles3↦-4.0000001192092896),(Vehicles4↦2.6645352591003757E-15),(Vehicles5↦-4.0000001192092896)}",
        "VehiclesVy": "{(EgoVehicle↦0.0),(Vehicles2↦0.0),(Vehicles3↦0.0),(Vehicles4↦0.0),(Vehicles5↦0.0)}",
        "VehiclesX": "{(EgoVehicle↦200.0),(Vehicles2↦1.1972954496741295),(Vehicles3↦13.009072840213776),(Vehicles4↦27.674448490142822),(Vehicles5↦80.76481223106384)}"
      },
      "probabilisticVariables": null,
      "activating": [
        "IDLE_24"
      ],
      "activatingOnlyWhenExecuted": true,
      "updating": null,
      "withPredicate": null
    },
    {
      "id": "IDLE_24",
      "execute": "IDLE",
      "after": "1000",
      "priority": 0,
      "additionalGuards": null,
      "activationKind": null,
      "fixedVariables": {
        "Crash": "FALSE",
        "VehiclesAy": "{(EgoVehicle↦0.0),(Vehicles2↦0.0),(Vehicles3↦0.0),(Vehicles4↦0.0),(Vehicles5↦0.0)}",
        "Reward": "0.7333333333333335",
        "VehiclesAx": "{(EgoVehicle↦0.0),(Vehicles2↦-0.031113149598240852),(Vehicles3↦0.052292607724666595),(Vehicles4↦-0.0015798956155776978),(Vehicles5↦0.011460632085800171)}",
        "VehiclesVx": "{(EgoVehicle↦20.0),(Vehicles2↦0.12881659902632236),(Vehicles3↦0.20080571994185448),(Vehicles4↦0.3789827227592468),(Vehicles5↦1.1836481094360352)}",
        "VehiclesY": "{(EgoVehicle↦8.000000238418579),(Vehicles2↦-8.000000238418579),(Vehicles3↦-4.0000001192092896),(Vehicles4↦2.6645352591003757E-15),(Vehicles5↦-4.0000001192092896)}",
        "VehiclesVy": "{(EgoVehicle↦0.0),(Vehicles2↦0.0),(Vehicles3↦0.0),(Vehicles4↦0.0),(Vehicles5↦0.0)}",
        "VehiclesX": "{(EgoVehicle↦200.0),(Vehicles2↦1.344679482281208),(Vehicles3↦13.17887157201767),(Vehicles4↦28.054338693618774),(Vehicles5↦81.94175958633423)}"
      },
      "probabilisticVariables": null,
      "activating": [
        "IDLE_25"
      ],
      "activatingOnlyWhenExecuted": true,
      "updating": null,
      "withPredicate": null
    },
    {
      "id": "IDLE_25",
      "execute": "IDLE",
      "after": "1000",
      "priority": 0,
      "additionalGuards": null,
      "activationKind": null,
      "fixedVariables": {
        "Crash": "FALSE",
        "VehiclesAy": "{(EgoVehicle↦0.0),(Vehicles2↦0.0),(Vehicles3↦0.0),(Vehicles4↦0.0),(Vehicles5↦0.0)}",
        "Reward": "0.7333333333333334",
        "VehiclesAx": "{(EgoVehicle↦0.0),(Vehicles2↦-0.02980731427669525),(Vehicles3↦0.04796193912625313),(Vehicles4↦-0.001084841787815094),(Vehicles5↦0.009362548589706421)}",
        "VehiclesVx": "{(EgoVehicle↦20.0),(Vehicles2↦0.09900928474962711),(Vehicles3↦0.2487676590681076),(Vehicles4↦0.37789788097143173),(Vehicles5↦1.1930106580257416)}",
        "VehiclesY": "{(EgoVehicle↦8.000000238418579),(Vehicles2↦-8.000000238418579),(Vehicles3↦-4.0000001192092896),(Vehicles4↦2.6645352591003757E-15),(Vehicles5↦-4.0000001192092896)}",
        "VehiclesVy": "{(EgoVehicle↦0.0),(Vehicles2↦0.0),(Vehicles3↦0.0),(Vehicles4↦0.0),(Vehicles5↦0.0)}",
        "VehiclesX": "{(EgoVehicle↦200.0),(Vehicles2↦1.461464911699295),(Vehicles3↦13.399186730384827),(Vehicles4↦28.432849049568176),(Vehicles5↦83.12931060791016)}"
      },
      "probabilisticVariables": null,
      "activating": [
        "IDLE_26"
      ],
      "activatingOnlyWhenExecuted": true,
      "updating": null,
      "withPredicate": null
    },
    {
      "id": "IDLE_26",
      "execute": "IDLE",
      "after": "1000",
      "priority": 0,
      "additionalGuards": null,
      "activationKind": null,
      "fixedVariables": {
        "Crash": "FALSE",
        "VehiclesAy": "{(EgoVehicle↦0.0),(Vehicles2↦0.0),(Vehicles3↦0.0),(Vehicles4↦0.0),(Vehicles5↦0.0)}",
        "Reward": "0.7333333333333334",
        "VehiclesAx": "{(EgoVehicle↦0.0),(Vehicles2↦-0.028413543477654457),(Vehicles3↦0.04412256181240082),(Vehicles4↦-0.0006102025508880615),(Vehicles5↦-2.0263897627592087)}",
        "VehiclesVx": "{(EgoVehicle↦20.0),(Vehicles2↦0.07059574127197266),(Vehicles3↦0.2928902208805084),(Vehicles4↦0.37728767842054367),(Vehicles5↦-0.8333791047334671)}",
        "VehiclesY": "{(EgoVehicle↦8.000000238418579),(Vehicles2↦-8.000000238418579),(Vehicles3↦-4.0000001192092896),(Vehicles4↦2.6645352591003757E-15),(Vehicles5↦-8.000000238418579)}",
        "VehiclesVy": "{(EgoVehicle↦0.0),(Vehicles2↦0.0),(Vehicles3↦0.0),(Vehicles4↦0.0),(Vehicles5↦0.0)}",
        "VehiclesX": "{(EgoVehicle↦200.0),(Vehicles2↦1.5489941462874413),(Vehicles3↦13.66589367389679),(Vehicles4↦28.810465335845947),(Vehicles5↦82.40293860435486)}"
      },
      "probabilisticVariables": null,
      "activating": [
        "IDLE_27"
      ],
      "activatingOnlyWhenExecuted": true,
      "updating": null,
      "withPredicate": null
    },
    {
      "id": "IDLE_27",
      "execute": "IDLE",
      "after": "1000",
      "priority": 0,
      "additionalGuards": null,
      "activationKind": null,
      "fixedVariables": {
        "Crash": "FALSE",
        "VehiclesAy": "{(EgoVehicle↦0.0),(Vehicles2↦0.0),(Vehicles3↦0.0),(Vehicles4↦0.0),(Vehicles5↦0.0)}",
        "Reward": "0.7333333333333334",
        "VehiclesAx": "{(EgoVehicle↦0.0),(Vehicles2↦-0.026949704624712467),(Vehicles3↦0.04069797694683075),(Vehicles4↦-0.000155717134475708),(Vehicles5↦0.0437474250793457)}",
        "VehiclesVx": "{(EgoVehicle↦20.0),(Vehicles2↦0.04364603664726019),(Vehicles3↦0.3335881978273392),(Vehicles4↦0.37713196128606796),(Vehicles5↦-0.7896316796541214)}",
        "VehiclesY": "{(EgoVehicle↦8.000000238418579),(Vehicles2↦-8.000000238418579),(Vehicles3↦-4.0000001192092896),(Vehicles4↦2.6645352591003757E-15),(Vehicles5↦-8.000000238418579)}",
        "VehiclesVy": "{(EgoVehicle↦0.0),(Vehicles2↦0.0),(Vehicles3↦0.0),(Vehicles4↦0.0),(Vehicles5↦0.0)}",
        "VehiclesX": "{(EgoVehicle↦200.0),(Vehicles2↦1.608690619468689),(Vehicles3↦13.975322246551514),(Vehicles4↦29.187655448913574),(Vehicles5↦81.58727288246155)}"
      },
      "probabilisticVariables": null,
      "activating": [
        "IDLE_28"
      ],
      "activatingOnlyWhenExecuted": true,
      "updating": null,
      "withPredicate": null
    },
    {
      "id": "IDLE_28",
      "execute": "IDLE",
      "after": "1000",
      "priority": 0,
      "additionalGuards": null,
      "activationKind": null,
      "fixedVariables": {
        "Crash": "FALSE",
        "VehiclesAy": "{(EgoVehicle↦0.0),(Vehicles2↦0.0),(Vehicles3↦0.0),(Vehicles4↦0.0),(Vehicles5↦0.0)}",
        "Reward": "0.7333333333333334",
        "VehiclesAx": "{(EgoVehicle↦0.0),(Vehicles2↦-0.025432375259697437),(Vehicles3↦0.037626661360263824),(Vehicles4↦0.00027865171432495117),(Vehicles5↦0.04122726619243622)}",
        "VehiclesVx": "{(EgoVehicle↦20.0),(Vehicles2↦0.018213661387562752),(Vehicles3↦0.371214859187603),(Vehicles4↦0.3774106130003929),(Vehicles5↦-0.7484044134616852)}",
        "VehiclesY": "{(EgoVehicle↦8.000000238418579),(Vehicles2↦-8.000000238418579),(Vehicles3↦-4.0000001192092896),(Vehicles4↦2.6645352591003757E-15),(Vehicles5↦-8.000000238418579)}",
        "VehiclesVy": "{(EgoVehicle↦0.0),(Vehicles2↦0.0),(Vehicles3↦0.0),(Vehicles4↦0.0),(Vehicles5↦0.0)}",
        "VehiclesX": "{(EgoVehicle↦200.0),(Vehicles2↦1.6420405358076096),(Vehicles3↦14.324194192886353),(Vehicles4↦29.564863443374634),(Vehicles5↦80.81432580947876)}"
      },
      "probabilisticVariables": null,
      "activating": [
        "IDLE_29"
      ],
      "activatingOnlyWhenExecuted": true,
      "updating": null,
      "withPredicate": null
    },
    {
      "id": "IDLE_29",
      "execute": "IDLE",
      "after": "1000",
      "priority": 0,
      "additionalGuards": null,
      "activationKind": null,
      "fixedVariables": {
        "Crash": "FALSE",
        "VehiclesAy": "{(EgoVehicle↦0.0),(Vehicles2↦0.0),(Vehicles3↦0.0),(Vehicles4↦0.0),(Vehicles5↦0.0)}",
        "Reward": "0.7333333333333334",
        "VehiclesAx": "{(EgoVehicle↦0.0),(Vehicles2↦-0.023876846535131335),(Vehicles3↦0.034858882427215576),(Vehicles4↦0.0006931647658348083),(Vehicles5↦0.03896370530128479)}",
        "VehiclesVx": "{(EgoVehicle↦20.0),(Vehicles2↦-0.0056631851475685835),(Vehicles3↦0.4060737416148186),(Vehicles4↦0.3781037777662277),(Vehicles5↦-0.7094407081604004)}",
        "VehiclesY": "{(EgoVehicle↦8.000000238418579),(Vehicles2↦-8.000000238418579),(Vehicles3↦-4.0000001192092896),(Vehicles4↦2.6645352591003757E-15),(Vehicles5↦-8.000000238418579)}",
        "VehiclesVy": "{(EgoVehicle↦0.0),(Vehicles2↦0.0),(Vehicles3↦0.0),(Vehicles4↦0.0),(Vehicles5↦0.0)}",
        "VehiclesX": "{(EgoVehicle↦200.0),(Vehicles2↦1.6505777835845947),(Vehicles3↦14.709562063217163),(Vehicles4↦29.94251847267151),(Vehicles5↦80.08167743682861)}"
      },
      "probabilisticVariables": null,
      "activating": [
        "IDLE_30"
      ],
      "activatingOnlyWhenExecuted": true,
      "updating": null,
      "withPredicate": null
    },
    {
      "id": "IDLE_30",
      "execute": "IDLE",
      "after": "1000",
      "priority": 0,
      "additionalGuards": null,
      "activationKind": null,
      "fixedVariables": {
        "Crash": "FALSE",
        "VehiclesAy": "{(EgoVehicle↦0.0),(Vehicles2↦0.0),(Vehicles3↦0.0),(Vehicles4↦0.0),(Vehicles5↦0.0)}",
        "Reward": "0.7333333333333334",
        "VehiclesAx": "{(EgoVehicle↦0.0),(Vehicles2↦-0.02229726524092257),(Vehicles3↦0.03235388547182083),(Vehicles4↦0.0010880455374717712),(Vehicles5↦0.03692068159580231)}",
        "VehiclesVx": "{(EgoVehicle↦20.0),(Vehicles2↦-0.027960450388491154),(Vehicles3↦0.4384276270866394),(Vehicles4↦0.3791918233036995),(Vehicles5↦-0.6725200265645981)}",
        "VehiclesY": "{(EgoVehicle↦8.000000238418579),(Vehicles2↦-8.000000238418579),(Vehicles3↦-4.0000001192092896),(Vehicles4↦2.6645352591003757E-15),(Vehicles5↦-8.000000238418579)}",
        "VehiclesVy": "{(EgoVehicle↦0.0),(Vehicles2↦0.0),(Vehicles3↦0.0),(Vehicles4↦0.0),(Vehicles5↦0.0)}",
        "VehiclesX": "{(EgoVehicle↦200.0),(Vehicles2↦1.6358688473701477),(Vehicles3↦15.128768980503082),(Vehicles4↦30.32102882862091),(Vehicles5↦79.38715815544128)}"
      },
      "probabilisticVariables": null,
      "activating": [
        "IDLE_31"
      ],
      "activatingOnlyWhenExecuted": true,
      "updating": null,
      "withPredicate": null
    },
    {
      "id": "IDLE_31",
      "execute": "IDLE",
      "after": "1000",
      "priority": 0,
      "additionalGuards": null,
      "activationKind": null,
      "fixedVariables": {
        "Crash": "FALSE",
        "VehiclesAy": "{(EgoVehicle↦0.0),(Vehicles2↦0.0),(Vehicles3↦0.0),(Vehicles4↦0.0),(Vehicles5↦0.0)}",
        "Reward": "0.7333333333333334",
        "VehiclesAx": "{(EgoVehicle↦0.0),(Vehicles2↦-0.020706639625132084),(Vehicles3↦0.030077993869781494),(Vehicles4↦0.0014635547995567322),(Vehicles5↦0.0350690633058548)}",
        "VehiclesVx": "{(EgoVehicle↦20.0),(Vehicles2↦-0.04866709001362324),(Vehicles3↦0.4685056209564209),(Vehicles4↦0.3806553781032562),(Vehicles5↦-0.6374509632587433)}",
        "VehiclesY": "{(EgoVehicle↦8.000000238418579),(Vehicles2↦-8.000000238418579),(Vehicles3↦-4.0000001192092896),(Vehicles4↦2.6645352591003757E-15),(Vehicles5↦-8.000000238418579)}",
        "VehiclesVy": "{(EgoVehicle↦0.0),(Vehicles2↦0.0),(Vehicles3↦0.0),(Vehicles4↦0.0),(Vehicles5↦0.0)}",
        "VehiclesX": "{(EgoVehicle↦200.0),(Vehicles2↦1.5994982793927193),(Vehicles3↦15.579400956630707),(Vehicles4↦30.700775980949402),(Vehicles5↦78.72880697250366)}"
      },
      "probabilisticVariables": null,
      "activating": [
        "IDLE_32"
      ],
      "activatingOnlyWhenExecuted": true,
      "updating": null,
      "withPredicate": null
    },
    {
      "id": "IDLE_32",
      "execute": "IDLE",
      "after": "1000",
      "priority": 0,
      "additionalGuards": null,
      "activationKind": null,
      "fixedVariables": {
        "Crash": "FALSE",
        "VehiclesAy": "{(EgoVehicle↦0.0),(Vehicles2↦0.0),(Vehicles3↦0.0),(Vehicles4↦0.0),(Vehicles5↦0.0)}",
        "Reward": "0.7333333333333334",
        "VehiclesAx": "{(EgoVehicle↦0.0),(Vehicles2↦-0.019116862677037716),(Vehicles3↦0.028003044426441193),(Vehicles4↦0.0018199160695075989),(Vehicles5↦0.033384114503860474)}",
        "VehiclesVx": "{(EgoVehicle↦20.0),(Vehicles2↦-0.06778395269066095),(Vehicles3↦0.4965086653828621),(Vehicles4↦0.3824752941727638),(Vehicles5↦-0.6040668487548828)}",
        "VehiclesY": "{(EgoVehicle↦8.000000238418579),(Vehicles2↦-8.000000238418579),(Vehicles3↦-4.0000001192092896),(Vehicles4↦2.6645352591003757E-15),(Vehicles5↦-8.000000238418579)}",
        "VehiclesVy": "{(EgoVehicle↦0.0),(Vehicles2↦0.0),(Vehicles3↦0.0),(Vehicles4↦0.0),(Vehicles5↦0.0)}",
        "VehiclesX": "{(EgoVehicle↦200.0),(Vehicles2↦1.5430575236678123),(Vehicles3↦16.05926603078842),(Vehicles4↦31.08213245868683),(Vehicles5↦78.10484170913696)}"
      },
      "probabilisticVariables": null,
      "activating": [
        "IDLE_33"
      ],
      "activatingOnlyWhenExecuted": true,
      "updating": null,
      "withPredicate": null
    },
    {
      "id": "IDLE_33",
      "execute": "IDLE",
      "after": "1000",
      "priority": 0,
      "additionalGuards": null,
      "activationKind": null,
      "fixedVariables": {
        "Crash": "FALSE",
        "VehiclesAy": "{(EgoVehicle↦0.0),(Vehicles2↦0.0),(Vehicles3↦0.0),(Vehicles4↦0.0),(Vehicles5↦0.0)}",
        "Reward": "0.7333333333333334",
        "VehiclesAx": "{(EgoVehicle↦0.0),(Vehicles2↦-0.01753868069499731),(Vehicles3↦0.026105567812919617),(Vehicles4↦0.0021575763821601868),(Vehicles5↦0.031845420598983765)}",
        "VehiclesVx": "{(EgoVehicle↦20.0),(Vehicles2↦-0.08532263338565826),(Vehicles3↦0.5226142331957817),(Vehicles4↦0.384632870554924),(Vehicles5↦-0.572221428155899)}",
        "VehiclesY": "{(EgoVehicle↦8.000000238418579),(Vehicles2↦-8.000000238418579),(Vehicles3↦-4.0000001192092896),(Vehicles4↦2.6645352591003757E-15),(Vehicles5↦-8.000000238418579)}",
        "VehiclesVy": "{(EgoVehicle↦0.0),(Vehicles2↦0.0),(Vehicles3↦0.0),(Vehicles4↦0.0),(Vehicles5↦0.0)}",
        "VehiclesX": "{(EgoVehicle↦200.0),(Vehicles2↦1.468132622539997),(Vehicles3↦16.566362977027893),(Vehicles4↦31.465443968772888),(Vehicles5↦77.51362919807434)}"
      },
      "probabilisticVariables": null,
      "activating": [
        "IDLE_34"
      ],
      "activatingOnlyWhenExecuted": true,
      "updating": null,
      "withPredicate": null
    },
    {
      "id": "IDLE_34",
      "execute": "IDLE",
      "after": "1000",
      "priority": 0,
      "additionalGuards": null,
      "activationKind": null,
      "fixedVariables": {
        "Crash": "FALSE",
        "VehiclesAy": "{(EgoVehicle↦0.0),(Vehicles2↦0.0),(Vehicles3↦0.0),(Vehicles4↦0.0),(Vehicles5↦0.0)}",
        "Reward": "0.7333333333333334",
        "VehiclesAx": "{(EgoVehicle↦0.0),(Vehicles2↦-0.01598171889781952),(Vehicles3↦0.024365372955799103),(Vehicles4↦0.002476908266544342),(Vehicles5↦0.030435621738433838)}",
        "VehiclesVx": "{(EgoVehicle↦20.0),(Vehicles2↦-0.10130435228347778),(Vehicles3↦0.5469796061515808),(Vehicles4↦0.38710977882146835),(Vehicles5↦-0.5417858064174652)}",
        "VehiclesY": "{(EgoVehicle↦8.000000238418579),(Vehicles2↦-8.000000238418579),(Vehicles3↦-4.0000001192092896),(Vehicles4↦2.6645352591003757E-15),(Vehicles5↦-8.000000238418579)}",
        "VehiclesVy": "{(EgoVehicle↦0.0),(Vehicles2↦0.0),(Vehicles3↦0.0),(Vehicles4↦0.0),(Vehicles5↦0.0)}",
        "VehiclesX": "{(EgoVehicle↦200.0),(Vehicles2↦1.3762937858700752),(Vehicles3↦17.09885597229004),(Vehicles4↦31.851041316986084),(Vehicles5↦76.95369124412537)}"
      },
      "probabilisticVariables": null,
      "activating": [
        "IDLE_35"
      ],
      "activatingOnlyWhenExecuted": true,
      "updating": null,
      "withPredicate": null
    },
    {
      "id": "IDLE_35",
      "execute": "IDLE",
      "after": "1000",
      "priority": 0,
      "additionalGuards": null,
      "activationKind": null,
      "fixedVariables": {
        "Crash": "FALSE",
        "VehiclesAy": "{(EgoVehicle↦0.0),(Vehicles2↦0.0),(Vehicles3↦0.0),(Vehicles4↦0.0),(Vehicles5↦0.0)}",
        "Reward": "0.7333333333333334",
        "VehiclesAx": "{(EgoVehicle↦0.0),(Vehicles2↦-0.014454498887062073),(Vehicles3↦0.022765547037124634),(Vehicles4↦0.002778284251689911),(Vehicles5↦0.0291399285197258)}",
        "VehiclesVx": "{(EgoVehicle↦20.0),(Vehicles2↦-0.11575885117053986),(Vehicles3↦0.5697451531887054),(Vehicles4↦0.38988806307315826),(Vehicles5↦-0.5126458778977394)}",
        "VehiclesY": "{(EgoVehicle↦8.000000238418579),(Vehicles2↦-8.000000238418579),(Vehicles3↦-4.0000001192092896),(Vehicles4↦2.6645352591003757E-15),(Vehicles5↦-8.000000238418579)}",
        "VehiclesVy": "{(EgoVehicle↦0.0),(Vehicles2↦0.0),(Vehicles3↦0.0),(Vehicles4↦0.0),(Vehicles5↦0.0)}",
        "VehiclesX": "{(EgoVehicle↦200.0),(Vehicles2↦1.2690868228673935),(Vehicles3↦17.655064165592194),(Vehicles4↦32.239240407943726),(Vehicles5↦76.4236569404602)}"
      },
      "probabilisticVariables": null,
      "activating": [
        "IDLE_36"
      ],
      "activatingOnlyWhenExecuted": true,
      "updating": null,
      "withPredicate": null
    },
    {
      "id": "IDLE_36",
      "execute": "IDLE",
      "after": "1000",
      "priority": 0,
      "additionalGuards": null,
      "activationKind": null,
      "fixedVariables": {
        "Crash": "FALSE",
        "VehiclesAy": "{(EgoVehicle↦0.0),(Vehicles2↦0.0),(Vehicles3↦0.0),(Vehicles4↦0.0),(Vehicles5↦0.0)}",
        "Reward": "0.7333333333333334",
        "VehiclesAx": "{(EgoVehicle↦0.0),(Vehicles2↦-0.012964373454451561),(Vehicles3↦0.02129141241312027),(Vehicles4↦0.003062300384044647),(Vehicles5↦0.02794560045003891)}",
        "VehiclesVx": "{(EgoVehicle↦20.0),(Vehicles2↦-0.12872322462499142),(Vehicles3↦0.5910365656018257),(Vehicles4↦0.3929503634572029),(Vehicles5↦-0.4847002774477005)}",
        "VehiclesY": "{(EgoVehicle↦8.000000238418579),(Vehicles2↦-8.000000238418579),(Vehicles3↦-4.0000001192092896),(Vehicles4↦2.6645352591003757E-15),(Vehicles5↦-8.000000238418579)}",
        "VehiclesVy": "{(EgoVehicle↦0.0),(Vehicles2↦0.0),(Vehicles3↦0.0),(Vehicles4↦0.0),(Vehicles5↦0.0)}",
        "VehiclesX": "{(EgoVehicle↦200.0),(Vehicles2↦1.1480246670544147),(Vehicles3↦18.233439326286316),(Vehicles4↦32.630330324172974),(Vehicles5↦75.92228055000305)}"
      },
      "probabilisticVariables": null,
      "activating": [
        "IDLE_37"
      ],
      "activatingOnlyWhenExecuted": true,
      "updating": null,
      "withPredicate": null
    },
    {
      "id": "IDLE_37",
      "execute": "IDLE",
      "after": "1000",
      "priority": 0,
      "additionalGuards": null,
      "activationKind": null,
      "fixedVariables": {
        "Crash": "FALSE",
        "VehiclesAy": "{(EgoVehicle↦0.0),(Vehicles2↦0.0),(Vehicles3↦0.0),(Vehicles4↦0.0),(Vehicles5↦0.0)}",
        "Reward": "0.7333333333333334",
        "VehiclesAx": "{(EgoVehicle↦0.0),(Vehicles2↦-0.011517619714140892),(Vehicles3↦0.019930265843868256),(Vehicles4↦0.0033292919397354126),(Vehicles5↦0.02684183418750763)}",
        "VehiclesVx": "{(EgoVehicle↦20.0),(Vehicles2↦-0.1402408443391323),(Vehicles3↦0.610966831445694),(Vehicles4↦0.3962796553969383),(Vehicles5↦-0.45785844326019287)}",
        "VehiclesY": "{(EgoVehicle↦8.000000238418579),(Vehicles2↦-8.000000238418579),(Vehicles3↦-4.0000001192092896),(Vehicles4↦2.6645352591003757E-15),(Vehicles5↦-8.000000238418579)}",
        "VehiclesVy": "{(EgoVehicle↦0.0),(Vehicles2↦0.0),(Vehicles3↦0.0),(Vehicles4↦0.0),(Vehicles5↦0.0)}",
        "VehiclesX": "{(EgoVehicle↦200.0),(Vehicles2↦1.0145805776119232),(Vehicles3↦18.832552433013916),(Vehicles4↦33.02459120750427),(Vehicles5↦75.44840574264526)}"
      },
      "probabilisticVariables": null,
      "activating": [
        "IDLE_38"
      ],
      "activatingOnlyWhenExecuted": true,
      "updating": null,
      "withPredicate": null
    },
    {
      "id": "IDLE_38",
      "execute": "IDLE",
      "after": "1000",
      "priority": 0,
      "additionalGuards": null,
      "activationKind": null,
      "fixedVariables": {
        "Crash": "FALSE",
        "VehiclesAy": "{(EgoVehicle↦0.0),(Vehicles2↦0.0),(Vehicles3↦0.0),(Vehicles4↦0.0),(Vehicles5↦0.0)}",
        "Reward": "0.7333333333333334",
        "VehiclesAx": "{(EgoVehicle↦0.0),(Vehicles2↦-0.010119499638676643),(Vehicles3↦0.018671154975891113),(Vehicles4↦0.0035798922181129456),(Vehicles5↦0.025819092988967896)}",
        "VehiclesVx": "{(EgoVehicle↦20.0),(Vehicles2↦-0.15036034397780895),(Vehicles3↦0.6296379864215851),(Vehicles4↦0.39985954761505127),(Vehicles5↦-0.432039350271225)}",
        "VehiclesY": "{(EgoVehicle↦8.000000238418579),(Vehicles2↦-8.000000238418579),(Vehicles3↦-4.0000001192092896),(Vehicles4↦2.6645352591003757E-15),(Vehicles5↦-8.000000238418579)}",
        "VehiclesVy": "{(EgoVehicle↦0.0),(Vehicles2↦0.0),(Vehicles3↦0.0),(Vehicles4↦0.0),(Vehicles5↦0.0)}",
        "VehiclesX": "{(EgoVehicle↦200.0),(Vehicles2↦0.8701820857822895),(Vehicles3↦19.45108473300934),(Vehicles4↦33.422285318374634),(Vehicles5↦75.0009536743164)}"
      },
      "probabilisticVariables": null,
      "activating": [
        "IDLE_39"
      ],
      "activatingOnlyWhenExecuted": true,
      "updating": null,
      "withPredicate": null
    },
    {
      "id": "IDLE_39",
      "execute": "IDLE",
      "after": "1000",
      "priority": 0,
      "additionalGuards": null,
      "activationKind": null,
      "fixedVariables": {
        "Crash": "FALSE",
        "VehiclesAy": "{(EgoVehicle↦0.0),(Vehicles2↦0.0),(Vehicles3↦0.0),(Vehicles4↦0.0),(Vehicles5↦0.0)}",
        "Reward": "0.7333333333333334",
        "VehiclesAx": "{(EgoVehicle↦0.0),(Vehicles2↦-0.008774222806096077),(Vehicles3↦0.01750454306602478),(Vehicles4↦0.0038146600127220154),(Vehicles5↦0.024869181215763092)}",
        "VehiclesVx": "{(EgoVehicle↦20.0),(Vehicles2↦-0.15913456678390503),(Vehicles3↦0.6471425294876099),(Vehicles4↦0.4036742076277733),(Vehicles5↦-0.4071701690554619)}",
        "VehiclesY": "{(EgoVehicle↦8.000000238418579),(Vehicles2↦-8.000000238418579),(Vehicles3↦-4.0000001192092896),(Vehicles4↦2.6645352591003757E-15),(Vehicles5↦-8.000000238418579)}",
        "VehiclesVy": "{(EgoVehicle↦0.0),(Vehicles2↦0.0),(Vehicles3↦0.0),(Vehicles4↦0.0),(Vehicles5↦0.0)}",
        "VehiclesX": "{(EgoVehicle↦200.0),(Vehicles2↦0.7162066642194986),(Vehicles3↦20.087814331054688),(Vehicles4↦33.82365107536316),(Vehicles5↦74.57893490791321)}"
      },
      "probabilisticVariables": null,
      "activating": [
        "IDLE_40"
      ],
      "activatingOnlyWhenExecuted": true,
      "updating": null,
      "withPredicate": null
    },
    {
      "id": "IDLE_40",
      "execute": "IDLE",
      "after": "1000",
      "priority": 0,
      "additionalGuards": null,
      "activationKind": null,
      "fixedVariables": {
        "Crash": "FALSE",
        "VehiclesAy": "{(EgoVehicle↦0.0),(Vehicles2↦0.0),(Vehicles3↦0.0),(Vehicles4↦0.0),(Vehicles5↦0.0)}",
        "Reward": "0.7333333333333334",
        "VehiclesAx": "{(EgoVehicle↦0.0),(Vehicles2↦-0.007485058158636093),(Vehicles3↦0.016422048211097717),(Vehicles4↦0.0040340423583984375),(Vehicles5↦0.023984909057617188)}",
        "VehiclesVx": "{(EgoVehicle↦20.0),(Vehicles2↦-0.16661962494254112),(Vehicles3↦0.6635645776987076),(Vehicles4↦0.4077082499861717),(Vehicles5↦-0.3831852599978447)}",
        "VehiclesY": "{(EgoVehicle↦8.000000238418579),(Vehicles2↦-8.000000238418579),(Vehicles3↦-4.0000001192092896),(Vehicles4↦2.6645352591003757E-15),(Vehicles5↦-8.000000238418579)}",
        "VehiclesVy": "{(EgoVehicle↦0.0),(Vehicles2↦0.0),(Vehicles3↦0.0),(Vehicles4↦0.0),(Vehicles5↦0.0)}",
        "VehiclesX": "{(EgoVehicle↦200.0),(Vehicles2↦0.5539772566407919),(Vehicles3↦20.74161022901535),(Vehicles4↦34.22892093658447),(Vehicles5↦74.18142557144165)}"
      },
      "probabilisticVariables": null,
      "activating": [
        "IDLE_41"
      ],
      "activatingOnlyWhenExecuted": true,
      "updating": null,
      "withPredicate": null
    },
    {
      "id": "IDLE_41",
      "execute": "IDLE",
      "after": "1000",
      "priority": 0,
      "additionalGuards": null,
      "activationKind": null,
      "fixedVariables": {
        "Crash": "FALSE",
        "VehiclesAy": "{(EgoVehicle↦0.0),(Vehicles2↦0.0),(Vehicles3↦0.0),(Vehicles4↦0.0),(Vehicles5↦0.0)}",
        "Reward": "0.7333333333333334",
        "VehiclesAx": "{(EgoVehicle↦0.0),(Vehicles2↦-0.0062544457614421844),(Vehicles3↦0.015416070818901062),(Vehicles4↦0.004238709807395935),(Vehicles5↦0.023159906268119812)}",
        "VehiclesVx": "{(EgoVehicle↦20.0),(Vehicles2↦-0.1728740707039833),(Vehicles3↦0.6789806485176086),(Vehicles4↦0.41194695979356766),(Vehicles5↦-0.3600253537297249)}",
        "VehiclesY": "{(EgoVehicle↦8.000000238418579),(Vehicles2↦-8.000000238418579),(Vehicles3↦-4.0000001192092896),(Vehicles4↦2.6645352591003757E-15),(Vehicles5↦-8.000000238418579)}",
        "VehiclesVy": "{(EgoVehicle↦0.0),(Vehicles2↦0.0),(Vehicles3↦0.0),(Vehicles4↦0.0),(Vehicles5↦0.0)}",
        "VehiclesX": "{(EgoVehicle↦200.0),(Vehicles2↦0.38475978653877974),(Vehicles3↦21.411418914794922),(Vehicles4↦34.638309478759766),(Vehicles5↦73.80756735801697)}"
      },
      "probabilisticVariables": null,
      "activating": [
        "IDLE_42"
      ],
      "activatingOnlyWhenExecuted": true,
      "updating": null,
      "withPredicate": null
    },
    {
      "id": "IDLE_42",
      "execute": "IDLE",
      "after": "1000",
      "priority": 0,
      "additionalGuards": null,
      "activationKind": null,
      "fixedVariables": {
        "Crash": "FALSE",
        "VehiclesAy": "{(EgoVehicle↦0.0),(Vehicles2↦0.0),(Vehicles3↦0.0),(Vehicles4↦0.0),(Vehicles5↦0.0)}",
        "Reward": "0.7333333333333334",
        "VehiclesAx": "{(EgoVehicle↦0.0),(Vehicles2↦-0.005083978176116943),(Vehicles3↦0.014480352401733398),(Vehicles4↦0.004429183900356293),(Vehicles5↦0.022388659417629242)}",
        "VehiclesVx": "{(EgoVehicle↦20.0),(Vehicles2↦-0.17795804888010025),(Vehicles3↦0.693461000919342),(Vehicles4↦0.41637614369392395),(Vehicles5↦-0.33763669431209564)}",
        "VehiclesY": "{(EgoVehicle↦8.000000238418579),(Vehicles2↦-8.000000238418579),(Vehicles3↦-4.0000001192092896),(Vehicles4↦2.6645352591003757E-15),(Vehicles5↦-8.000000238418579)}",
        "VehiclesVy": "{(EgoVehicle↦0.0),(Vehicles2↦0.0),(Vehicles3↦0.0),(Vehicles4↦0.0),(Vehicles5↦0.0)}",
        "VehiclesX": "{(EgoVehicle↦200.0),(Vehicles2↦0.2097609220072627),(Vehicles3↦22.096262872219086),(Vehicles4↦35.0520133972168),(Vehicles5↦73.45656156539917)}"
      },
      "probabilisticVariables": null,
      "activating": [
        "IDLE_43"
      ],
      "activatingOnlyWhenExecuted": true,
      "updating": null,
      "withPredicate": null
    },
    {
      "id": "IDLE_43",
      "execute": "IDLE",
      "after": "1000",
      "priority": 0,
      "additionalGuards": null,
      "activationKind": null,
      "fixedVariables": {
        "Crash": "FALSE",
        "VehiclesAy": "{(EgoVehicle↦0.0),(Vehicles2↦0.0),(Vehicles3↦0.0),(Vehicles4↦0.0),(Vehicles5↦0.0)}",
        "Reward": "0.7333333333333334",
        "VehiclesAx": "{(EgoVehicle↦0.0),(Vehicles2↦-0.003974568098783493),(Vehicles3↦0.013608857989311218),(Vehicles4↦0.004605986177921295),(Vehicles5↦0.021666251122951508)}",
        "VehiclesVx": "{(EgoVehicle↦20.0),(Vehicles2↦-0.18193261697888374),(Vehicles3↦0.7070698589086533),(Vehicles4↦0.42098212987184525),(Vehicles5↦-0.31597044318914413)}",
        "VehiclesY": "{(EgoVehicle↦8.000000238418579),(Vehicles2↦-8.000000238418579),(Vehicles3↦-4.0000001192092896),(Vehicles4↦2.6645352591003757E-15),(Vehicles5↦-8.000000238418579)}",
        "VehiclesVy": "{(EgoVehicle↦0.0),(Vehicles2↦0.0),(Vehicles3↦0.0),(Vehicles4↦0.0),(Vehicles5↦0.0)}",
        "VehiclesX": "{(EgoVehicle↦200.0),(Vehicles2↦0.03012675151694566),(Vehicles3↦22.795234620571136),(Vehicles4↦35.47022044658661),(Vehicles5↦73.12764525413513)}"
      },
      "probabilisticVariables": null,
      "activating": [
        "IDLE_44"
      ],
      "activatingOnlyWhenExecuted": true,
      "updating": null,
      "withPredicate": null
    },
    {
      "id": "IDLE_44",
      "execute": "IDLE",
      "after": "1000",
      "priority": 0,
      "additionalGuards": null,
      "activationKind": null,
      "fixedVariables": {
        "Crash": "FALSE",
        "VehiclesAy": "{(EgoVehicle↦0.0),(Vehicles2↦0.0),(Vehicles3↦0.0),(Vehicles4↦0.0),(Vehicles5↦0.0)}",
        "Reward": "0.7333333333333334",
        "VehiclesAx": "{(EgoVehicle↦0.0),(Vehicles2↦-0.0029264576733112335),(Vehicles3↦0.012796521186828613),(Vehicles4↦0.004769749939441681),(Vehicles5↦0.02098826691508293)}",
        "VehiclesVx": "{(EgoVehicle↦20.0),(Vehicles2↦-0.18485907465219498),(Vehicles3↦0.7198663800954819),(Vehicles4↦0.4257518798112869),(Vehicles5↦-0.2949821762740612)}",
        "VehiclesY": "{(EgoVehicle↦8.000000238418579),(Vehicles2↦-8.000000238418579),(Vehicles3↦-4.0000001192092896),(Vehicles4↦2.6645352591003757E-15),(Vehicles5↦-8.000000238418579)}",
        "VehiclesVy": "{(EgoVehicle↦0.0),(Vehicles2↦0.0),(Vehicles3↦0.0),(Vehicles4↦0.0),(Vehicles5↦0.0)}",
        "VehiclesX": "{(EgoVehicle↦200.0),(Vehicles2↦-0.15305784763768315),(Vehicles3↦23.507486283779144),(Vehicles4↦35.89309751987457),(Vehicles5↦72.82012104988098)}"
      },
      "probabilisticVariables": null,
      "activating": [
        "IDLE_45"
      ],
      "activatingOnlyWhenExecuted": true,
      "updating": null,
      "withPredicate": null
    },
    {
      "id": "IDLE_45",
      "execute": "IDLE",
      "after": "1000",
      "priority": 0,
      "additionalGuards": null,
      "activationKind": null,
      "fixedVariables": {
        "Crash": "FALSE",
        "VehiclesAy": "{(EgoVehicle↦0.0),(Vehicles2↦0.0),(Vehicles3↦0.0),(Vehicles4↦0.0),(Vehicles5↦0.0)}",
        "Reward": "0.7333333333333334",
        "VehiclesAx": "{(EgoVehicle↦0.0),(Vehicles2↦-0.0019393675029277802),(Vehicles3↦0.012038648128509521),(Vehicles4↦0.004921033978462219),(Vehicles5↦0.02035088837146759)}",
        "VehiclesVx": "{(EgoVehicle↦20.0),(Vehicles2↦-0.18679844215512276),(Vehicles3↦0.7319050282239914),(Vehicles4↦0.43067291378974915),(Vehicles5↦-0.2746312879025936)}",
        "VehiclesY": "{(EgoVehicle↦8.000000238418579),(Vehicles2↦-8.000000238418579),(Vehicles3↦-4.0000001192092896),(Vehicles4↦2.6645352591003757E-15),(Vehicles5↦-8.000000238418579)}",
        "VehiclesVy": "{(EgoVehicle↦0.0),(Vehicles2↦0.0),(Vehicles3↦0.0),(Vehicles4↦0.0),(Vehicles5↦0.0)}",
        "VehiclesX": "{(EgoVehicle↦200.0),(Vehicles2↦-0.3387692151591182),(Vehicles3↦24.232226610183716),(Vehicles4↦36.32080554962158),(Vehicles5↦72.53332734107971)}"
      },
      "probabilisticVariables": null,
      "activating": [
        "IDLE_46"
      ],
      "activatingOnlyWhenExecuted": true,
      "updating": null,
      "withPredicate": null
    },
    {
      "id": "IDLE_46",
      "execute": "IDLE",
      "after": "1000",
      "priority": 0,
      "additionalGuards": null,
      "activationKind": null,
      "fixedVariables": {
        "Crash": "FALSE",
        "VehiclesAy": "{(EgoVehicle↦0.0),(Vehicles2↦0.0),(Vehicles3↦0.0),(Vehicles4↦0.0),(Vehicles5↦0.0)}",
        "Reward": "0.7333333333333334",
        "VehiclesAx": "{(EgoVehicle↦0.0),(Vehicles2↦-0.0010124966502189636),(Vehicles3↦0.011330991983413696),(Vehicles4↦0.005060359835624695),(Vehicles5↦0.019750595092773438)}",
        "VehiclesVx": "{(EgoVehicle↦20.0),(Vehicles2↦-0.18781093880534172),(Vehicles3↦0.7432360202074051),(Vehicles4↦0.43573327362537384),(Vehicles5↦-0.2548806928098202)}",
        "VehiclesY": "{(EgoVehicle↦8.000000238418579),(Vehicles2↦-8.000000238418579),(Vehicles3↦-4.0000001192092896),(Vehicles4↦2.6645352591003757E-15),(Vehicles5↦-8.000000238418579)}",
        "VehiclesVy": "{(EgoVehicle↦0.0),(Vehicles2↦0.0),(Vehicles3↦0.0),(Vehicles4↦0.0),(Vehicles5↦0.0)}",
        "VehiclesX": "{(EgoVehicle↦200.0),(Vehicles2↦-0.526044424623251),(Vehicles3↦24.968719482421875),(Vehicles4↦36.753490567207336),(Vehicles5↦72.26664423942566)}"
      },
      "probabilisticVariables": null,
      "activating": [
        "IDLE_47"
      ],
      "activatingOnlyWhenExecuted": true,
      "updating": null,
      "withPredicate": null
    },
    {
      "id": "IDLE_47",
      "execute": "IDLE",
      "after": "1000",
      "priority": 0,
      "additionalGuards": null,
      "activationKind": null,
      "fixedVariables": {
        "Crash": "FALSE",
        "VehiclesAy": "{(EgoVehicle↦0.0),(Vehicles2↦0.0),(Vehicles3↦0.0),(Vehicles4↦0.0),(Vehicles5↦0.0)}",
        "Reward": "0.7333333333333334",
        "VehiclesAx": "{(EgoVehicle↦0.0),(Vehicles2↦-0.00014469027519226074),(Vehicles3↦0.010669976472854614),(Vehicles4↦0.005188323557376862),(Vehicles5↦0.01918429508805275)}",
        "VehiclesVx": "{(EgoVehicle↦20.0),(Vehicles2↦-0.18795562908053398),(Vehicles3↦0.7539059966802597),(Vehicles4↦0.4409215971827507),(Vehicles5↦-0.23569639772176743)}",
        "VehiclesY": "{(EgoVehicle↦8.000000238418579),(Vehicles2↦-8.000000238418579),(Vehicles3↦-4.0000001192092896),(Vehicles4↦2.6645352591003757E-15),(Vehicles5↦-8.000000238418579)}",
        "VehiclesVy": "{(EgoVehicle↦0.0),(Vehicles2↦0.0),(Vehicles3↦0.0),(Vehicles4↦0.0),(Vehicles5↦0.0)}",
        "VehiclesX": "{(EgoVehicle↦200.0),(Vehicles2↦-0.7139803376048803),(Vehicles3↦25.716274976730347),(Vehicles4↦37.19128966331482),(Vehicles5↦72.01948165893555)}"
      },
      "probabilisticVariables": null,
      "activating": [
        "IDLE_48"
      ],
      "activatingOnlyWhenExecuted": true,
      "updating": null,
      "withPredicate": null
    },
    {
      "id": "IDLE_48",
      "execute": "IDLE",
      "after": "1000",
      "priority": 0,
      "additionalGuards": null,
      "activationKind": null,
      "fixedVariables": {
        "Crash": "FALSE",
        "VehiclesAy": "{(EgoVehicle↦0.0),(Vehicles2↦0.0),(Vehicles3↦0.0),(Vehicles4↦0.0),(Vehicles5↦0.0)}",
        "Reward": "0.7333333333333334",
        "VehiclesAx": "{(EgoVehicle↦0.0),(Vehicles2↦0.0006655976176261902),(Vehicles3↦0.010052025318145752),(Vehicles4↦0.0053054094314575195),(Vehicles5↦0.018649250268936157)}",
        "VehiclesVx": "{(EgoVehicle↦20.0),(Vehicles2↦-0.1872900314629078),(Vehicles3↦0.7639580219984055),(Vehicles4↦0.4462270066142082),(Vehicles5↦-0.21704714745283127)}",
        "VehiclesY": "{(EgoVehicle↦8.000000238418579),(Vehicles2↦-8.000000238418579),(Vehicles3↦-4.0000001192092896),(Vehicles4↦2.6645352591003757E-15),(Vehicles5↦-8.000000238418579)}",
        "VehiclesVy": "{(EgoVehicle↦0.0),(Vehicles2↦0.0),(Vehicles3↦0.0),(Vehicles4↦0.0),(Vehicles5↦0.0)}",
        "VehiclesX": "{(EgoVehicle↦200.0),(Vehicles2↦-0.9017323143780231),(Vehicles3↦26.474249362945557),(Vehicles4↦37.63432502746582),(Vehicles5↦71.79128527641296)}"
      },
      "probabilisticVariables": null,
      "activating": [
        "IDLE_49"
      ],
      "activatingOnlyWhenExecuted": true,
      "updating": null,
      "withPredicate": null
    },
    {
      "id": "IDLE_49",
      "execute": "IDLE",
      "after": "1000",
      "priority": 0,
      "additionalGuards": null,
      "activationKind": null,
      "fixedVariables": {
        "Crash": "FALSE",
        "VehiclesAy": "{(EgoVehicle↦0.0),(Vehicles2↦0.0),(Vehicles3↦0.0),(Vehicles4↦0.0),(Vehicles5↦0.0)}",
        "Reward": "0.7333333333333334",
        "VehiclesAx": "{(EgoVehicle↦0.0),(Vehicles2↦0.0014201365411281586),(Vehicles3↦0.00947415828704834),(Vehicles4↦0.005412138998508453),(Vehicles5↦0.018142927438020706)}",
        "VehiclesVx": "{(EgoVehicle↦20.0),(Vehicles2↦-0.18586989492177963),(Vehicles3↦0.7734321802854538),(Vehicles4↦0.4516391456127167),(Vehicles5↦-0.19890422001481056)}",
        "VehiclesY": "{(EgoVehicle↦8.000000238418579),(Vehicles2↦-8.000000238418579),(Vehicles3↦-4.0000001192092896),(Vehicles4↦2.6645352591003757E-15),(Vehicles5↦-8.000000238418579)}",
        "VehiclesVy": "{(EgoVehicle↦0.0),(Vehicles2↦0.0),(Vehicles3↦0.0),(Vehicles4↦0.0),(Vehicles5↦0.0)}",
        "VehiclesX": "{(EgoVehicle↦200.0),(Vehicles2↦-1.088512409478426),(Vehicles3↦27.242040634155273),(Vehicles4↦38.08270990848541),(Vehicles5↦71.58153653144836)}"
      },
      "probabilisticVariables": null,
      "activating": [
        "IDLE_50"
      ],
      "activatingOnlyWhenExecuted": true,
      "updating": null,
      "withPredicate": null
    },
    {
      "id": "IDLE_50",
      "execute": "IDLE",
      "after": "1000",
      "priority": 0,
      "additionalGuards": null,
      "activationKind": null,
      "fixedVariables": {
        "Crash": "FALSE",
        "VehiclesAy": "{(EgoVehicle↦0.0),(Vehicles2↦0.0),(Vehicles3↦0.0),(Vehicles4↦0.0),(Vehicles5↦0.0)}",
        "Reward": "0.7333333333333334",
        "VehiclesAx": "{(EgoVehicle↦0.0),(Vehicles2↦0.002120938152074814),(Vehicles3↦0.008933544158935547),(Vehicles4↦0.005509071052074432),(Vehicles5↦0.017663072794675827)}",
        "VehiclesVx": "{(EgoVehicle↦20.0),(Vehicles2↦-0.18374895676970482),(Vehicles3↦0.7823657244443893),(Vehicles4↦0.4571482166647911),(Vehicles5↦-0.18124114722013474)}",
        "VehiclesY": "{(EgoVehicle↦8.000000238418579),(Vehicles2↦-8.000000238418579),(Vehicles3↦-4.0000001192092896),(Vehicles4↦2.6645352591003757E-15),(Vehicles5↦-8.000000238418579)}",
        "VehiclesVy": "{(EgoVehicle↦0.0),(Vehicles2↦0.0),(Vehicles3↦0.0),(Vehicles4↦0.0),(Vehicles5↦0.0)}",
        "VehiclesX": "{(EgoVehicle↦200.0),(Vehicles2↦-1.27358790487051),(Vehicles3↦28.01908850669861),(Vehicles4↦38.536545634269714),(Vehicles5↦71.38973474502563)}"
      },
      "probabilisticVariables": null,
      "activating": [
        "IDLE_51"
      ],
      "activatingOnlyWhenExecuted": true,
      "updating": null,
      "withPredicate": null
    },
    {
      "id": "IDLE_51",
      "execute": "IDLE",
      "after": "1000",
      "priority": 0,
      "additionalGuards": null,
      "activationKind": null,
      "fixedVariables": {
        "Crash": "FALSE",
        "VehiclesAy": "{(EgoVehicle↦0.0),(Vehicles2↦0.0),(Vehicles3↦0.0),(Vehicles4↦0.0),(Vehicles5↦0.0)}",
        "Reward": "0.7333333333333334",
        "VehiclesAx": "{(EgoVehicle↦0.0),(Vehicles2↦0.002770163118839264),(Vehicles3↦0.00842757523059845),(Vehicles4↦0.005596689879894257),(Vehicles5↦0.017207693308591843)}",
        "VehiclesVx": "{(EgoVehicle↦20.0),(Vehicles2↦-0.18097879365086555),(Vehicles3↦0.7907932996749878),(Vehicles4↦0.46274490654468536),(Vehicles5↦-0.1640334539115429)}",
        "VehiclesY": "{(EgoVehicle↦8.000000238418579),(Vehicles2↦-8.000000238418579),(Vehicles3↦-4.0000001192092896),(Vehicles4↦2.6645352591003757E-15),(Vehicles5↦-8.000000238418579)}",
        "VehiclesVy": "{(EgoVehicle↦0.0),(Vehicles2↦0.0),(Vehicles3↦0.0),(Vehicles4↦0.0),(Vehicles5↦0.0)}",
        "VehiclesX": "{(EgoVehicle↦200.0),(Vehicles2↦-1.4562787488102913),(Vehicles3↦28.8048654794693),(Vehicles4↦38.99592459201813),(Vehicles5↦71.21541500091553)}"
      },
      "probabilisticVariables": null,
      "activating": [
        "IDLE_52"
      ],
      "activatingOnlyWhenExecuted": true,
      "updating": null,
      "withPredicate": null
    },
    {
      "id": "IDLE_52",
      "execute": "IDLE",
      "after": "1000",
      "priority": 0,
      "additionalGuards": null,
      "activationKind": null,
      "fixedVariables": {
        "Crash": "FALSE",
        "VehiclesAy": "{(EgoVehicle↦0.0),(Vehicles2↦0.0),(Vehicles3↦0.0),(Vehicles4↦0.0),(Vehicles5↦0.0)}",
        "Reward": "0.7333333333333334",
        "VehiclesAx": "{(EgoVehicle↦0.0),(Vehicles2↦0.0033700652420520782),(Vehicles3↦0.007953867316246033),(Vehicles4↦0.005675479769706726),(Vehicles5↦0.016774898394942284)}",
        "VehiclesVx": "{(EgoVehicle↦20.0),(Vehicles2↦-0.17760872840881348),(Vehicles3↦0.7987471669912338),(Vehicles4↦0.4684203863143921),(Vehicles5↦-0.1472585555166006)}",
        "VehiclesY": "{(EgoVehicle↦8.000000238418579),(Vehicles2↦-8.000000238418579),(Vehicles3↦-4.0000001192092896),(Vehicles4↦2.6645352591003757E-15),(Vehicles5↦-8.000000238418579)}",
        "VehiclesVy": "{(EgoVehicle↦0.0),(Vehicles2↦0.0),(Vehicles3↦0.0),(Vehicles4↦0.0),(Vehicles5↦0.0)}",
        "VehiclesX": "{(EgoVehicle↦200.0),(Vehicles2↦-1.6359556466341019),(Vehicles3↦29.59887683391571),(Vehicles4↦39.460933208465576),(Vehicles5↦71.05812430381775)}"
      },
      "probabilisticVariables": null,
      "activating": [
        "IDLE_53"
      ],
      "activatingOnlyWhenExecuted": true,
      "updating": null,
      "withPredicate": null
    },
    {
      "id": "IDLE_53",
      "execute": "IDLE",
      "after": "1000",
      "priority": 0,
      "additionalGuards": null,
      "activationKind": null,
      "fixedVariables": {
        "Crash": "FALSE",
        "VehiclesAy": "{(EgoVehicle↦0.0),(Vehicles2↦0.0),(Vehicles3↦0.0),(Vehicles4↦0.0),(Vehicles5↦0.0)}",
        "Reward": "0.7333333333333334",
        "VehiclesAx": "{(EgoVehicle↦0.0),(Vehicles2↦0.0039230287075042725),(Vehicles3↦0.007510483264923096),(Vehicles4↦0.005745850503444672),(Vehicles5↦0.01636306755244732)}",
        "VehiclesVx": "{(EgoVehicle↦20.0),(Vehicles2↦-0.1736856997013092),(Vehicles3↦0.8062576502561569),(Vehicles4↦0.47416623681783676),(Vehicles5↦-0.1308954879641533)}",
        "VehiclesY": "{(EgoVehicle↦8.000000238418579),(Vehicles2↦-8.000000238418579),(Vehicles3↦-4.0000001192092896),(Vehicles4↦2.6645352591003757E-15),(Vehicles5↦-8.000000238418579)}",
        "VehiclesVy": "{(EgoVehicle↦0.0),(Vehicles2↦0.0),(Vehicles3↦0.0),(Vehicles4↦0.0),(Vehicles5↦0.0)}",
        "VehiclesX": "{(EgoVehicle↦200.0),(Vehicles2↦-1.8120374530553818),(Vehicles3↦30.400660634040833),(Vehicles4↦39.93164598941803),(Vehicles5↦70.9174394607544)}"
      },
      "probabilisticVariables": null,
      "activating": [
        "IDLE_54"
      ],
      "activatingOnlyWhenExecuted": true,
      "updating": null,
      "withPredicate": null
    },
    {
      "id": "IDLE_54",
      "execute": "IDLE",
      "after": "1000",
      "priority": 0,
      "additionalGuards": null,
      "activationKind": null,
      "fixedVariables": {
        "Crash": "FALSE",
        "VehiclesAy": "{(EgoVehicle↦0.0),(Vehicles2↦0.0),(Vehicles3↦0.0),(Vehicles4↦0.0),(Vehicles5↦0.0)}",
        "Reward": "0.7333333333333334",
        "VehiclesAx": "{(EgoVehicle↦0.0),(Vehicles2↦0.00443141907453537),(Vehicles3↦0.007095262408256531),(Vehicles4↦0.005808323621749878),(Vehicles5↦0.01597067341208458)}",
        "VehiclesVx": "{(EgoVehicle↦20.0),(Vehicles2↦-0.16925428062677383),(Vehicles3↦0.8133529126644135),(Vehicles4↦0.47997456043958664),(Vehicles5↦-0.11492481455206871)}",
        "VehiclesY": "{(EgoVehicle↦8.000000238418579),(Vehicles2↦-8.000000238418579),(Vehicles3↦-4.0000001192092896),(Vehicles4↦2.6645352591003757E-15),(Vehicles5↦-8.000000238418579)}",
        "VehiclesVy": "{(EgoVehicle↦0.0),(Vehicles2↦0.0),(Vehicles3↦0.0),(Vehicles4↦0.0),(Vehicles5↦0.0)}",
        "VehiclesX": "{(EgoVehicle↦200.0),(Vehicles2↦-1.9839895889163017),(Vehicles3↦31.20979070663452),(Vehicles4↦40.40813148021698),(Vehicles5↦70.79296708106995)}"
      },
      "probabilisticVariables": null,
      "activating": [
        "IDLE_55"
      ],
      "activatingOnlyWhenExecuted": true,
      "updating": null,
      "withPredicate": null
    },
    {
      "id": "IDLE_55",
      "execute": "IDLE",
      "after": "1000",
      "priority": 0,
      "additionalGuards": null,
      "activationKind": null,
      "fixedVariables": {
        "Crash": "FALSE",
        "VehiclesAy": "{(EgoVehicle↦0.0),(Vehicles2↦0.0),(Vehicles3↦0.0),(Vehicles4↦0.0),(Vehicles5↦0.0)}",
        "Reward": "0.7333333333333334",
        "VehiclesAx": "{(EgoVehicle↦0.0),(Vehicles2↦0.004897639155387878),(Vehicles3↦0.006706342101097107),(Vehicles4↦0.005863308906555176),(Vehicles5↦0.015596328303217888)}",
        "VehiclesVx": "{(EgoVehicle↦20.0),(Vehicles2↦-0.16435664147138596),(Vehicles3↦0.8200592547655106),(Vehicles4↦0.4858378693461418),(Vehicles5↦-0.09932848624885082)}",
        "VehiclesY": "{(EgoVehicle↦8.000000238418579),(Vehicles2↦-8.000000238418579),(Vehicles3↦-4.0000001192092896),(Vehicles4↦2.6645352591003757E-15),(Vehicles5↦-8.000000238418579)}",
        "VehiclesVy": "{(EgoVehicle↦0.0),(Vehicles2↦0.0),(Vehicles3↦0.0),(Vehicles4↦0.0),(Vehicles5↦0.0)}",
        "VehiclesX": "{(EgoVehicle↦200.0),(Vehicles2↦-2.1513205021619797),(Vehicles3↦32.02585577964783),(Vehicles4↦40.89044630527496),(Vehicles5↦70.68430781364441)}"
      },
      "probabilisticVariables": null,
      "activating": [
        "IDLE_56"
      ],
      "activatingOnlyWhenExecuted": true,
      "updating": null,
      "withPredicate": null
    },
    {
      "id": "IDLE_56",
      "execute": "IDLE",
      "after": "1000",
      "priority": 0,
      "additionalGuards": null,
      "activationKind": null,
      "fixedVariables": {
        "Crash": "FALSE",
        "VehiclesAy": "{(EgoVehicle↦0.0),(Vehicles2↦0.0),(Vehicles3↦0.0),(Vehicles4↦0.0),(Vehicles5↦0.0)}",
        "Reward": "0.7333333333333334",
        "VehiclesAx": "{(EgoVehicle↦0.0),(Vehicles2↦0.005324035882949829),(Vehicles3↦0.006342083215713501),(Vehicles4↦0.005911216139793396),(Vehicles5↦0.015238812193274498)}",
        "VehiclesVx": "{(EgoVehicle↦20.0),(Vehicles2↦-0.15903260558843613),(Vehicles3↦0.8264013379812241),(Vehicles4↦0.4917490854859352),(Vehicles5↦-0.08408967405557632)}",
        "VehiclesY": "{(EgoVehicle↦8.000000238418579),(Vehicles2↦-8.000000238418579),(Vehicles3↦-4.0000001192092896),(Vehicles4↦2.6645352591003757E-15),(Vehicles5↦-8.000000238418579)}",
        "VehiclesVy": "{(EgoVehicle↦0.0),(Vehicles2↦0.0),(Vehicles3↦0.0),(Vehicles4↦0.0),(Vehicles5↦0.0)}",
        "VehiclesX": "{(EgoVehicle↦200.0),(Vehicles2↦-2.3135801777243614),(Vehicles3↦32.848480343818665),(Vehicles4↦41.37864708900452),(Vehicles5↦70.59110403060913)}"
      },
      "probabilisticVariables": null,
      "activating": [
        "IDLE_57"
      ],
      "activatingOnlyWhenExecuted": true,
      "updating": null,
      "withPredicate": null
    },
    {
      "id": "IDLE_57",
      "execute": "IDLE",
      "after": "1000",
      "priority": 0,
      "additionalGuards": null,
      "activationKind": null,
      "fixedVariables": {
        "Crash": "FALSE",
        "VehiclesAy": "{(EgoVehicle↦0.0),(Vehicles2↦0.0),(Vehicles3↦0.0),(Vehicles4↦0.0),(Vehicles5↦0.0)}",
        "Reward": "0.7333333333333334",
        "VehiclesAx": "{(EgoVehicle↦0.0),(Vehicles2↦0.005712965503334999),(Vehicles3↦0.006001070141792297),(Vehicles4↦0.005952417850494385),(Vehicles5↦0.014896946959197521)}",
        "VehiclesVx": "{(EgoVehicle↦20.0),(Vehicles2↦-0.15331964008510113),(Vehicles3↦0.8324024081230164),(Vehicles4↦0.4977015033364296),(Vehicles5↦-0.0691927270963788)}",
        "VehiclesY": "{(EgoVehicle↦8.000000238418579),(Vehicles2↦-8.000000238418579),(Vehicles3↦-4.0000001192092896),(Vehicles4↦2.6645352591003757E-15),(Vehicles5↦-8.000000238418579)}",
        "VehiclesVy": "{(EgoVehicle↦0.0),(Vehicles2↦0.0),(Vehicles3↦0.0),(Vehicles4↦0.0),(Vehicles5↦0.0)}",
        "VehiclesX": "{(EgoVehicle↦200.0),(Vehicles2↦-2.470357157289982),(Vehicles3↦33.67730677127838),(Vehicles4↦41.872772574424744),(Vehicles5↦70.51299810409546)}"
      },
      "probabilisticVariables": null,
      "activating": [
        "IDLE_58"
      ],
      "activatingOnlyWhenExecuted": true,
      "updating": null,
      "withPredicate": null
    },
    {
      "id": "IDLE_58",
      "execute": "IDLE",
      "after": "1000",
      "priority": 0,
      "additionalGuards": null,
      "activationKind": null,
      "fixedVariables": {
        "Crash": "FALSE",
        "VehiclesAy": "{(EgoVehicle↦0.0),(Vehicles2↦0.0),(Vehicles3↦0.0),(Vehicles4↦0.0),(Vehicles5↦0.0)}",
        "Reward": "0.7333333333333334",
        "VehiclesAx": "{(EgoVehicle↦0.0),(Vehicles2↦0.0060667190700769424),(Vehicles3↦0.005681738257408142),(Vehicles4↦0.005987323820590973),(Vehicles5↦0.01456970814615488)}",
        "VehiclesVx": "{(EgoVehicle↦20.0),(Vehicles2↦-0.14725292101502419),(Vehicles3↦0.8380841463804245),(Vehicles4↦0.5036888271570206),(Vehicles5↦-0.05462301895022392)}",
        "VehiclesY": "{(EgoVehicle↦8.000000238418579),(Vehicles2↦-8.000000238418579),(Vehicles3↦-4.0000001192092896),(Vehicles4↦2.6645352591003757E-15),(Vehicles5↦-8.000000238418579)}",
        "VehiclesVy": "{(EgoVehicle↦0.0),(Vehicles2↦0.0),(Vehicles3↦0.0),(Vehicles4↦0.0),(Vehicles5↦0.0)}",
        "VehiclesX": "{(EgoVehicle↦200.0),(Vehicles2↦-2.6212770491838455),(Vehicles3↦34.51200723648071),(Vehicles4↦42.372867465019226),(Vehicles5↦70.44966220855713)}"
      },
      "probabilisticVariables": null,
      "activating": [
        "IDLE_59"
      ],
      "activatingOnlyWhenExecuted": true,
      "updating": null,
      "withPredicate": null
    },
    {
      "id": "IDLE_59",
      "execute": "IDLE",
      "after": "1000",
      "priority": 0,
      "additionalGuards": null,
      "activationKind": null,
      "fixedVariables": {
        "Crash": "FALSE",
        "VehiclesAy": "{(EgoVehicle↦0.0),(Vehicles2↦0.0),(Vehicles3↦0.0),(Vehicles4↦0.0),(Vehicles5↦0.0)}",
        "Reward": "0.7333333333333334",
        "VehiclesAx": "{(EgoVehicle↦0.0),(Vehicles2↦0.006387503817677498),(Vehicles3↦0.00538259744644165),(Vehicles4↦0.006016381084918976),(Vehicles5↦0.014256141148507595)}",
        "VehiclesVx": "{(EgoVehicle↦20.0),(Vehicles2↦-0.1408654171973467),(Vehicles3↦0.8434667438268661),(Vehicles4↦0.5097052082419395),(Vehicles5↦-0.04036687780171633)}",
        "VehiclesY": "{(EgoVehicle↦8.000000238418579),(Vehicles2↦-8.000000238418579),(Vehicles3↦-4.0000001192092896),(Vehicles4↦2.6645352591003757E-15),(Vehicles5↦-8.000000238418579)}",
        "VehiclesVy": "{(EgoVehicle↦0.0),(Vehicles2↦0.0),(Vehicles3↦0.0),(Vehicles4↦0.0),(Vehicles5↦0.0)}",
        "VehiclesX": "{(EgoVehicle↦200.0),(Vehicles2↦-2.765999361872673),(Vehicles3↦35.35226881504059),(Vehicles4↦42.87896156311035),(Vehicles5↦70.4007625579834)}"
      },
      "probabilisticVariables": null,
      "activating": [
        "IDLE_60"
      ],
      "activatingOnlyWhenExecuted": true,
      "updating": null,
      "withPredicate": null
    },
    {
      "id": "IDLE_60",
      "execute": "IDLE",
      "after": "1000",
      "priority": 0,
      "additionalGuards": null,
      "activationKind": null,
      "fixedVariables": {
        "Crash": "FALSE",
        "VehiclesAy": "{(EgoVehicle↦0.0),(Vehicles2↦0.0),(Vehicles3↦0.0),(Vehicles4↦0.0),(Vehicles5↦0.0)}",
        "Reward": "0.7333333333333334",
        "VehiclesAx": "{(EgoVehicle↦0.0),(Vehicles2↦0.006677452474832535),(Vehicles3↦0.005102530121803284),(Vehicles4↦0.006039775907993317),(Vehicles5↦0.013955363538116217)}",
        "VehiclesVx": "{(EgoVehicle↦20.0),(Vehicles2↦-0.13418796472251415),(Vehicles3↦0.8485692739486694),(Vehicles4↦0.5157449841499329),(Vehicles5↦-0.02641151426360011)}",
        "VehiclesY": "{(EgoVehicle↦8.000000238418579),(Vehicles2↦-8.000000238418579),(Vehicles3↦-4.0000001192092896),(Vehicles4↦2.6645352591003757E-15),(Vehicles5↦-8.000000238418579)}",
        "VehiclesVy": "{(EgoVehicle↦0.0),(Vehicles2↦0.0),(Vehicles3↦0.0),(Vehicles4↦0.0),(Vehicles5↦0.0)}",
        "VehiclesX": "{(EgoVehicle↦200.0),(Vehicles2↦-2.9042158275842667),(Vehicles3↦36.19779646396637),(Vehicles4↦43.39107871055603),(Vehicles5↦70.36600112915039)}"
      },
      "probabilisticVariables": null,
      "activating": [
        "IDLE_61"
      ],
      "activatingOnlyWhenExecuted": true,
      "updating": null,
      "withPredicate": null
    },
    {
      "id": "IDLE_61",
      "execute": "IDLE",
      "after": "1000",
      "priority": 0,
      "additionalGuards": null,
      "activationKind": null,
      "fixedVariables": {
        "Crash": "FALSE",
        "VehiclesAy": "{(EgoVehicle↦0.0),(Vehicles2↦0.0),(Vehicles3↦0.0),(Vehicles4↦0.0),(Vehicles5↦0.0)}",
        "Reward": "0.7333333333333334",
        "VehiclesAx": "{(EgoVehicle↦0.0),(Vehicles2↦0.006938623264431953),(Vehicles3↦0.004840493202209473),(Vehicles4↦0.006057955324649811),(Vehicles5↦0.013666573213413358)}",
        "VehiclesVx": "{(EgoVehicle↦20.0),(Vehicles2↦-0.1272493414580822),(Vehicles3↦0.8534097671508789),(Vehicles4↦0.5218029394745827),(Vehicles5↦-0.012744941050186753)}",
        "VehiclesY": "{(EgoVehicle↦8.000000238418579),(Vehicles2↦-8.000000238418579),(Vehicles3↦-4.0000001192092896),(Vehicles4↦2.6645352591003757E-15),(Vehicles5↦-8.000000238418579)}",
        "VehiclesVy": "{(EgoVehicle↦0.0),(Vehicles2↦0.0),(Vehicles3↦0.0),(Vehicles4↦0.0),(Vehicles5↦0.0)}",
        "VehiclesX": "{(EgoVehicle↦200.0),(Vehicles2↦-3.0356481671333313),(Vehicles3↦37.04832196235657),(Vehicles4↦43.90924572944641),(Vehicles5↦70.34507989883423)}"
      },
      "probabilisticVariables": null,
      "activating": null,
      "activatingOnlyWhenExecuted": true,
      "updating": null,
      "withPredicate": null
    }
  ],
  "listeners": [],
  "metadata": {
    "fileType": "Timed_Trace",
    "formatVersion": 3,
    "savedAt": "2023-08-21T06:52:12.344579Z",
    "creator": "Simulation: HYPOTHESIS_TEST; SIGNIFICANCE : 0.05, PROBABILITY : 0.95, MAX_STEPS_BEFORE_PROPERTY : 0, EXECUTIONS : 1000, PREDICATE : Crash = FALSE, ENDING_TIME : 60000, HYPOTHESIS_CHECKING_TYPE : LEFT_TAILED, CHECKING_TYPE : PREDICATE_INVARIANT",
    "proB2KernelVersion": "4.12.2",
    "proBCliVersion": "1.12.2-final",
    "modelName": "HighwayEnvironment2"
  }
}