{
  "variables": {},
  "activations": [
    {
      "id": "$setup_constants",
      "execute": "$setup_constants",
      "after": "0",
      "priority": 0,
      "additionalGuards": null,
      "activationKind": null,
      "fixedVariables": null,
      "probabilisticVariables": null,
      "activating": null,
      "activatingOnlyWhenExecuted": true,
      "updating": null,
      "withPredicate": null
    },
    {
      "id": "$initialise_machine",
      "execute": "$initialise_machine",
      "after": "0",
      "priority": 0,
      "additionalGuards": null,
      "activationKind": null,
      "fixedVariables": {
        "Crash": "FALSE",
        "VehiclesAy": "{(EgoVehicle↦0.0),(Vehicles2↦0.0),(Vehicles3↦0.0),(Vehicles4↦0.0),(Vehicles5↦0.0)}",
        "Reward": "0.0",
        "VehiclesAx": "{(EgoVehicle↦0.0),(Vehicles2↦0.0),(Vehicles3↦0.0),(Vehicles4↦0.0),(Vehicles5↦0.0)}",
        "VehiclesVx": "{(EgoVehicle↦25.0),(Vehicles2↦-3.1043845415115356),(Vehicles3↦-1.744130402803421),(Vehicles4↦-3.352736234664917),(Vehicles5↦-2.9903680086135864)}",
        "VehiclesY": "{(EgoVehicle↦0.0),(Vehicles2↦0.0),(Vehicles3↦8.000000238418579),(Vehicles4↦8.000000238418579),(Vehicles5↦8.000000238418579)}",
        "VehiclesVy": "{(EgoVehicle↦0.0),(Vehicles2↦0.0),(Vehicles3↦0.0),(Vehicles4↦0.0),(Vehicles5↦0.0)}",
        "VehiclesX": "{(EgoVehicle↦154.9368143081665),(Vehicles2↦23.695173859596252),(Vehicles3↦49.77644085884094),(Vehicles4↦72.45476841926575),(Vehicles5↦95.17631530761719)}"
      },
      "probabilisticVariables": null,
      "activating": [
        "LANE_RIGHT_2"
      ],
      "activatingOnlyWhenExecuted": true,
      "updating": null,
      "withPredicate": null
    },
    {
      "id": "LANE_RIGHT_2",
      "execute": "LANE_RIGHT",
      "after": "1000",
      "priority": 0,
      "additionalGuards": null,
      "activationKind": null,
      "fixedVariables": {
        "Crash": "FALSE",
        "VehiclesAy": "{(EgoVehicle↦1.0796338319778442),(Vehicles2↦-1.0796338319778442),(Vehicles3↦-1.0796338319778442),(Vehicles4↦-1.0796338319778442),(Vehicles5↦-3.0795273184776306)}",
        "Reward": "0.8327113850086175",
        "VehiclesAx": "{(EgoVehicle↦-0.023322105407714844),(Vehicles2↦-0.49779146909713745),(Vehicles3↦-5.976676791906357),(Vehicles4↦-4.736383557319641),(Vehicles5↦-0.7619023323059082)}",
        "VehiclesVx": "{(EgoVehicle↦24.976677894592285),(Vehicles2↦-3.602176010608673),(Vehicles3↦-7.720807194709778),(Vehicles4↦-8.089119791984558),(Vehicles5↦-3.7522703409194946)}",
        "VehiclesY": "{(EgoVehicle↦3.6599650382995605),(Vehicles2↦-3.6599650382995605),(Vehicles3↦4.34003484249115),(Vehicles4↦4.34003484249115),(Vehicles5↦1.0259588062763214)}",
        "VehiclesVy": "{(EgoVehicle↦1.0796338319778442),(Vehicles2↦-1.0796338319778442),(Vehicles3↦-1.0796338319778442),(Vehicles4↦-1.0796338319778442),(Vehicles5↦-3.0795273184776306)}",
        "VehiclesX": "{(EgoVehicle↦179.61705923080444),(Vehicles2↦20.710057020187378),(Vehicles3↦45.95206081867218),(Vehicles4↦67.1189546585083),(Vehicles5↦91.80939793586731)}"
      },
      "probabilisticVariables": null,
      "activating": [
        "LANE_RIGHT_3"
      ],
      "activatingOnlyWhenExecuted": true,
      "updating": null,
      "withPredicate": null
    },
    {
      "id": "LANE_RIGHT_3",
      "execute": "LANE_RIGHT",
      "after": "1000",
      "priority": 0,
      "additionalGuards": null,
      "activationKind": null,
      "fixedVariables": {
        "Crash": "FALSE",
        "VehiclesAy": "{(EgoVehicle↦0.037668049335479736),(Vehicles2↦-0.037668049335479736),(Vehicles3↦-0.037668049335479736),(Vehicles4↦-0.037668049335479736),(Vehicles5↦-4.309217408299446)}",
        "Reward": "0.8660005399738949",
        "VehiclesAx": "{(EgoVehicle↦-0.0016570091247558594),(Vehicles2↦-0.47331541776657104),(Vehicles3↦-3.1957679986953735),(Vehicles4↦1.4992070198059082),(Vehicles5↦0.01384049654006958)}",
        "VehiclesVx": "{(EgoVehicle↦24.97502088546753),(Vehicles2↦-4.075491428375244),(Vehicles3↦-10.916575193405151),(Vehicles4↦-6.58991277217865),(Vehicles5↦-3.738429844379425)}",
        "VehiclesY": "{(EgoVehicle↦7.648639440536499),(Vehicles2↦-7.648639440536499),(Vehicles3↦0.35136057436466217),(Vehicles4↦0.35136057436466217),(Vehicles5↦-3.610964298248291)}",
        "VehiclesVy": "{(EgoVehicle↦1.117301881313324),(Vehicles2↦-1.117301881313324),(Vehicles3↦-1.117301881313324),(Vehicles4↦-1.117301881313324),(Vehicles5↦-1.2296900898218155)}",
        "VehiclesX": "{(EgoVehicle↦200.0),(Vehicles2↦17.261233925819397),(Vehicles3↦36.794716119766235),(Vehicles4↦60.028231143951416),(Vehicles5↦88.46033811569214)}"
      },
      "probabilisticVariables": null,
      "activating": [
        "SLOWER_4"
      ],
      "activatingOnlyWhenExecuted": true,
      "updating": null,
      "withPredicate": null
    },
    {
      "id": "SLOWER_4",
      "execute": "SLOWER",
      "after": "1000",
      "priority": 0,
      "additionalGuards": null,
      "activationKind": null,
      "fixedVariables": {
        "Crash": "FALSE",
        "VehiclesAy": "{(EgoVehicle↦-1.0669453162699938),(Vehicles2↦1.0669453162699938),(Vehicles3↦-0.2262374758720398),(Vehicles4↦1.0669453162699938),(Vehicles5↦-1.2861583707854152)}",
        "Reward": "0.7508899957293784",
        "VehiclesAx": "{(EgoVehicle↦-4.316647052764893),(Vehicles2↦3.9963920414447784),(Vehicles3↦5.264136791229248),(Vehicles4↦5.308144241571426),(Vehicles5↦4.223767854273319)}",
        "VehiclesVx": "{(EgoVehicle↦20.658373832702637),(Vehicles2↦-0.0790993869304657),(Vehicles3↦-5.652438402175903),(Vehicles4↦-1.2817685306072235),(Vehicles5↦0.4853380098938942)}",
        "VehiclesY": "{(EgoVehicle↦7.9825708866119385),(Vehicles2↦-7.9825708866119385),(Vehicles3↦-3.5019278526306152),(Vehicles4↦0.017429096158593893),(Vehicles5↦-3.980518341064453)}",
        "VehiclesVy": "{(EgoVehicle↦0.05035656504333019),(Vehicles2↦-0.05035656504333019),(Vehicles3↦-1.3435393571853638),(Vehicles4↦-0.05035656504333019),(Vehicles5↦-0.05646828096359968)}",
        "VehiclesX": "{(EgoVehicle↦200.0),(Vehicles2↦15.420287847518921),(Vehicles3↦27.746862173080444),(Vehicles4↦56.24545216560364),(Vehicles5↦87.05853223800659)}"
      },
      "probabilisticVariables": null,
      "activating": [
        "FASTER_5"
      ],
      "activatingOnlyWhenExecuted": true,
      "updating": null,
      "withPredicate": null
    },
    {
      "id": "FASTER_5",
      "execute": "FASTER",
      "after": "1000",
      "priority": 0,
      "additionalGuards": null,
      "activationKind": null,
      "fixedVariables": {
        "Crash": "FALSE",
        "VehiclesAy": "{(EgoVehicle↦-0.04791563915205188),(Vehicles2↦0.04791563915205188),(Vehicles3↦1.2169287912547588),(Vehicles4↦0.04791563915205188),(Vehicles5↦-0.0592449217219837)}",
        "Reward": "0.8514205683636291",
        "VehiclesAx": "{(EgoVehicle↦3.7698984146118164),(Vehicles2↦-3.970067650079727),(Vehicles3↦-1.853967308998108),(Vehicles4↦-3.1681139767169952),(Vehicles5↦-3.8471022620797157)}",
        "VehiclesVx": "{(EgoVehicle↦24.428272247314453),(Vehicles2↦-4.049167037010193),(Vehicles3↦-7.506405711174011),(Vehicles4↦-4.449882507324219),(Vehicles5↦-3.3617642521858215)}",
        "VehiclesY": "{(EgoVehicle↦7.999262094497681),(Vehicles2↦-7.999262094497681),(Vehicles3↦-3.9545130729675293),(Vehicles4↦0.0007377606234513223),(Vehicles5↦-3.9991493225097656)}",
        "VehiclesVy": "{(EgoVehicle↦0.0024409258912783116),(Vehicles2↦-0.0024409258912783116),(Vehicles3↦-0.12661056593060493),(Vehicles4↦-0.0024409258912783116),(Vehicles5↦-0.002776640758384019)}",
        "VehiclesX": "{(EgoVehicle↦200.0),(Vehicles2↦13.173526525497437),(Vehicles3↦20.841708779335022),(Vehicles4↦53.15042734146118),(Vehicles5↦85.43140292167664)}"
      },
      "probabilisticVariables": null,
      "activating": [
        "IDLE_6"
      ],
      "activatingOnlyWhenExecuted": true,
      "updating": null,
      "withPredicate": null
    },
    {
      "id": "IDLE_6",
      "execute": "IDLE",
      "after": "1000",
      "priority": 0,
      "additionalGuards": null,
      "activationKind": null,
      "fixedVariables": {
        "Crash": "FALSE",
        "VehiclesAy": "{(EgoVehicle↦-0.0023616233465872938),(Vehicles2↦0.0023616233465872938),(Vehicles3↦0.11651904904283583),(Vehicles4↦0.0023616233465872938),(Vehicles5↦-0.002874532001442276)}",
        "Reward": "0.8646589504425943",
        "VehiclesAx": "{(EgoVehicle↦0.49643754959106445),(Vehicles2↦-0.6160673499107361),(Vehicles3↦0.9094369411468506),(Vehicles4↦-0.15421926975250244),(Vehicles5↦-0.5494233965873718)}",
        "VehiclesVx": "{(EgoVehicle↦24.924709796905518),(Vehicles2↦-4.665234386920929),(Vehicles3↦-6.596968770027161),(Vehicles4↦-4.604101777076721),(Vehicles5↦-3.9111876487731934)}",
        "VehiclesY": "{(EgoVehicle↦7.999975919723511),(Vehicles2↦-7.999975919723511),(Vehicles3↦-3.9964499473571777),(Vehicles4↦2.381199101364473E-05),(Vehicles5↦-3.9999700784683228)}",
        "VehiclesVy": "{(EgoVehicle↦7.930254469101783E-05),(Vehicles2↦-7.930254469101783E-05),(Vehicles3↦-0.010091516887769103),(Vehicles4↦-7.930254469101783E-05),(Vehicles5↦-9.78912430582568E-05)}",
        "VehiclesX": "{(EgoVehicle↦200.0),(Vehicles2↦8.797511458396912),(Vehicles3↦13.660119473934174),(Vehicles4↦48.57969284057617),(Vehicles5↦81.77267909049988)}"
      },
      "probabilisticVariables": null,
      "activating": [
        "IDLE_7"
      ],
      "activatingOnlyWhenExecuted": true,
      "updating": null,
      "withPredicate": null
    },
    {
      "id": "IDLE_7",
      "execute": "IDLE",
      "after": "1000",
      "priority": 0,
      "additionalGuards": null,
      "activationKind": null,
      "fixedVariables": {
        "Crash": "FALSE",
        "VehiclesAy": "{(EgoVehicle↦-7.681208700205389E-05),(Vehicles2↦7.681208700205389E-05),(Vehicles3↦0.009378945105709136),(Vehicles4↦7.681208700205389E-05),(Vehicles5↦-0.00010141624926518489)}",
        "Reward": "0.8664022760532367",
        "VehiclesAx": "{(EgoVehicle↦0.06537437438964844),(Vehicles2↦-0.13331115245819092),(Vehicles3↦0.9194433689117432),(Vehicles4↦0.11986613273620605),(Vehicles5↦-0.09706944227218628)}",
        "VehiclesVx": "{(EgoVehicle↦24.990084171295166),(Vehicles2↦-4.79854553937912),(Vehicles3↦-5.6775254011154175),(Vehicles4↦-4.484235644340515),(Vehicles5↦-4.00825709104538)}",
        "VehiclesY": "{(EgoVehicle↦7.999999523162842),(Vehicles2↦-7.999999523162842),(Vehicles3↦-3.9997533559799194),(Vehicles4↦7.472239360595267E-07),(Vehicles5↦-3.9999990463256836)}",
        "VehiclesVy": "{(EgoVehicle↦2.490457688963943E-06),(Vehicles2↦-2.490457688963943E-06),(Vehicles3↦-0.0007125717820599675),(Vehicles4↦-2.490457688963943E-06),(Vehicles5↦-3.525006206928083E-06)}",
        "VehiclesX": "{(EgoVehicle↦200.0),(Vehicles2↦4.065798223018646),(Vehicles3↦7.4516549706459045),(Vehicles4↦44.023001194000244),(Vehicles5↦77.81127095222473)}"
      },
      "probabilisticVariables": null,
      "activating": [
        "IDLE_8"
      ],
      "activatingOnlyWhenExecuted": true,
      "updating": null,
      "withPredicate": null
    },
    {
      "id": "IDLE_8",
      "execute": "IDLE",
      "after": "1000",
      "priority": 0,
      "additionalGuards": null,
      "activationKind": null,
      "fixedVariables": {
        "Crash": "FALSE",
        "VehiclesAy": "{(EgoVehicle↦-2.4125805708763437E-06),(Vehicles2↦2.4125805708763437E-06),(Vehicles3↦0.000666427281430515),(Vehicles4↦2.4125805708763437E-06),(Vehicles5↦-3.6606259179450262E-06)}",
        "Reward": "0.8666318497957629",
        "VehiclesAx": "{(EgoVehicle↦0.008609294891357422),(Vehicles2↦-0.044274330139160156),(Vehicles3↦0.6411218643188477),(Vehicles4↦0.08718699216842651),(Vehicles5↦-0.0247916579246521)}",
        "VehiclesVx": "{(EgoVehicle↦24.998693466186523),(Vehicles2↦-4.84281986951828),(Vehicles3↦-5.03640353679657),(Vehicles4↦-4.397048652172089),(Vehicles5↦-4.033048748970032)}",
        "VehiclesY": "{(EgoVehicle↦8.000000238418579),(Vehicles2↦-8.000000238418579),(Vehicles3↦-3.9999840259552),(Vehicles4↦2.3363495138539747E-08),(Vehicles5↦-4.0000001192092896)}",
        "VehiclesVy": "{(EgoVehicle↦7.787711808759923E-08),(Vehicles2↦-7.787711808759923E-08),(Vehicles3↦-4.614450062945252E-05),(Vehicles4↦-7.787711808759923E-08),(Vehicles5↦-1.3561971101694326E-07)}",
        "VehiclesX": "{(EgoVehicle↦200.0),(Vehicles2↦-0.7537571247667074),(Vehicles3↦2.052164077758789),(Vehicles4↦39.577555656433105),(Vehicles5↦73.79078269004822)}"
      },
      "probabilisticVariables": null,
      "activating": [
        "IDLE_9"
      ],
      "activatingOnlyWhenExecuted": true,
      "updating": null,
      "withPredicate": null
    },
    {
      "id": "IDLE_9",
      "execute": "IDLE",
      "after": "1000",
      "priority": 0,
      "additionalGuards": null,
      "activationKind": null,
      "fixedVariables": {
        "Crash": "FALSE",
        "VehiclesAy": "{(EgoVehicle↦-7.544326052766337E-08),(Vehicles2↦-2.7425583226659E-06),(Vehicles3↦4.61420667630108E-05),(Vehicles4↦7.544325164587917E-08),(Vehicles5↦-1.4128070269237014E-07)}",
        "Reward": "0.8666620817289346",
        "VehiclesAx": "{(EgoVehicle↦0.0011348724365234375),(Vehicles2↦0.2154141664505005),(Vehicles3↦0.17643898725509644),(Vehicles4↦0.045465826988220215),(Vehicles5↦-0.007242560386657715)}",
        "VehiclesVx": "{(EgoVehicle↦24.999828338623047),(Vehicles2↦-4.6274057030677795),(Vehicles3↦-4.859964549541473),(Vehicles4↦-4.351582825183868),(Vehicles5↦-4.0402913093566895)}",
        "VehiclesY": "{(EgoVehicle↦8.000000238418579),(Vehicles2↦-3.9999990463256836),(Vehicles3↦-8.000000238418579),(Vehicles4↦7.301599325160169E-10),(Vehicles5↦-4.0000001192092896)}",
        "VehiclesVy": "{(EgoVehicle↦2.433857559935859E-09),(Vehicles2↦-2.8204354407534993E-06),(Vehicles3↦-2.433866441720056E-09),(Vehicles4↦-2.433866441720056E-09),(Vehicles5↦-5.660991675426885E-09)}",
        "VehiclesX": "{(EgoVehicle↦200.0),(Vehicles2↦-2.8051886707544327),(Vehicles3↦-5.604805424809456),(Vehicles4↦35.20135283470154),(Vehicles5↦69.75404620170593)}"
      },
      "probabilisticVariables": null,
      "activating": [
        "IDLE_10"
      ],
      "activatingOnlyWhenExecuted": true,
      "updating": null,
      "withPredicate": null
    },
    {
      "id": "IDLE_10",
      "execute": "IDLE",
      "after": "1000",
      "priority": 0,
      "additionalGuards": null,
      "activationKind": null,
      "fixedVariables": {
        "Crash": "FALSE",
        "VehiclesAy": "{(EgoVehicle↦-2.3577939600727404E-09),(Vehicles2↦2.6542735653833915E-06),(Vehicles3↦2.3578117236411344E-09),(Vehicles4↦2.177378277679054E-09),(Vehicles5↦-5.737046393505807E-09)}",
        "Reward": "0.8666660628888584",
        "VehiclesAx": "{(EgoVehicle↦0.00015020370483398438),(Vehicles2↦0.2511259913444519),(Vehicles3↦0.5283188819885254),(Vehicles4↦0.3109976649284363),(Vehicles5↦-1.6217726469039917)}",
        "VehiclesVx": "{(EgoVehicle↦24.99997854232788),(Vehicles2↦-4.376279711723328),(Vehicles3↦-4.331645667552948),(Vehicles4↦-4.040585160255432),(Vehicles5↦-5.662063956260681)}",
        "VehiclesY": "{(EgoVehicle↦8.000000238418579),(Vehicles2↦-4.0000001192092896),(Vehicles3↦2.2819079958935617E-11),(Vehicles4↦-4.0000001192092896),(Vehicles5↦-8.000000238418579)}",
        "VehiclesVy": "{(EgoVehicle↦7.606359986311872E-11),(Vehicles2↦-1.6616187537010774E-07),(Vehicles3↦-7.605471807892172E-11),(Vehicles4↦-2.5648816404100216E-10),(Vehicles5↦-7.605471807892172E-11)}",
        "VehiclesX": "{(EgoVehicle↦200.0),(Vehicles2↦-7.322128117084503),(Vehicles3↦30.859237909317017),(Vehicles4↦65.7132625579834),(Vehicles5↦67.84736514091492)}"
      },
      "probabilisticVariables": null,
      "activating": [
        "SLOWER_11"
      ],
      "activatingOnlyWhenExecuted": true,
      "updating": null,
      "withPredicate": null
    },
    {
      "id": "SLOWER_11",
      "execute": "SLOWER",
      "after": "1000",
      "priority": 0,
      "additionalGuards": null,
      "activationKind": null,
      "fixedVariables": {
        "Crash": "FALSE",
        "VehiclesAy": "{(EgoVehicle↦-7.297273896256229E-11),(Vehicles2↦1.5659164631642852E-07),(Vehicles3↦7.295497539416829E-11),(Vehicles4↦2.433164780768493E-10),(Vehicles5↦-7.915446076367516E-11)}",
        "Reward": "0.750891552863279",
        "VehiclesAx": "{(EgoVehicle↦-4.341545104980469),(Vehicles2↦4.492614651098847),(Vehicles3↦4.347497157286853),(Vehicles4↦4.344629719853401),(Vehicles5↦4.548811167478561)}",
        "VehiclesVx": "{(EgoVehicle↦20.658433437347412),(Vehicles2↦0.11633493937551975),(Vehicles3↦0.0158514897339046),(Vehicles4↦0.30404455959796906),(Vehicles5↦-1.1132527887821198)}",
        "VehiclesY": "{(EgoVehicle↦8.000000238418579),(Vehicles2↦-4.0000001192092896),(Vehicles3↦1.0684786388992507E-12),(Vehicles4↦-4.0000001192092896),(Vehicles5↦-8.000000238418579)}",
        "VehiclesVy": "{(EgoVehicle↦3.090860900556436E-12),(Vehicles2↦-9.570229053679213E-09),(Vehicles3↦-3.099742684753437E-12),(Vehicles4↦-1.3171685964152857E-11),(Vehicles5↦-3.099742684753437E-12)}",
        "VehiclesX": "{(EgoVehicle↦200.0),(Vehicles2↦-9.236723929643631),(Vehicles3↦28.925830125808716),(Vehicles4↦64.0687882900238),(Vehicles5↦64.66644406318665)}"
      },
      "probabilisticVariables": null,
      "activating": [
        "IDLE_12"
      ],
      "activatingOnlyWhenExecuted": true,
      "updating": null,
      "withPredicate": null
    },
    {
      "id": "IDLE_12",
      "execute": "IDLE",
      "after": "1000",
      "priority": 0,
      "additionalGuards": null,
      "activationKind": null,
      "fixedVariables": {
        "Crash": "FALSE",
        "VehiclesAy": "{(EgoVehicle↦-2.9132252166164108E-12),(Vehicles2↦9.026495106922994E-09),(Vehicles3↦2.9132252166164108E-12),(Vehicles4↦1.2985168496015831E-11),(Vehicles5↦-3.8546943414985435E-12)}",
        "Reward": "0.73564552685168",
        "VehiclesAx": "{(EgoVehicle↦-0.5717253684997559),(Vehicles2↦0.6615541037172079),(Vehicles3↦0.5701743368990719),(Vehicles4↦-0.6743655353784561),(Vehicles5↦1.9936874508857727)}",
        "VehiclesVx": "{(EgoVehicle↦20.086708068847656),(Vehicles2↦0.7778890430927277),(Vehicles3↦0.5860258266329765),(Vehicles4↦-0.37032097578048706),(Vehicles5↦0.880434662103653)}",
        "VehiclesY": "{(EgoVehicle↦8.000000238418579),(Vehicles2↦-4.0000001192092896),(Vehicles3↦6.394884621840902E-14),(Vehicles4↦-8.000000238418579),(Vehicles5↦-4.0000001192092896)}",
        "VehiclesVy": "{(EgoVehicle↦1.7763568394002505E-13),(Vehicles2↦-5.437339467562197E-10),(Vehicles3↦-1.865174681370263E-13),(Vehicles4↦-1.865174681370263E-13),(Vehicles5↦-7.549516567451064E-13)}",
        "VehiclesX": "{(EgoVehicle↦200.0),(Vehicles2↦-8.765315264463425),(Vehicles3↦29.25688624382019),(Vehicles4↦63.9396607875824),(Vehicles5↦64.69001173973083)}"
      },
      "probabilisticVariables": null,
      "activating": [
        "IDLE_13"
      ],
      "activatingOnlyWhenExecuted": true,
      "updating": null,
      "withPredicate": null
    },
    {
      "id": "IDLE_13",
      "execute": "IDLE",
      "after": "1000",
      "priority": 0,
      "additionalGuards": null,
      "activationKind": null,
      "fixedVariables": {
        "Crash": "FALSE",
        "VehiclesAy": "{(EgoVehicle↦-1.5987211554602254E-13),(Vehicles2↦5.130917912765653E-10),(Vehicles3↦1.687538997430238E-13),(Vehicles4↦1.687538997430238E-13),(Vehicles5↦-7.993605777301127E-13)}",
        "Reward": "0.7336378197225807",
        "VehiclesAx": "{(EgoVehicle↦-0.07529020309448242),(Vehicles2↦0.12841880321502686),(Vehicles3↦0.0697370246052742),(Vehicles4↦0.21735885180532932),(Vehicles5↦0.08061960339546204)}",
        "VehiclesVx": "{(EgoVehicle↦20.011417865753174),(Vehicles2↦0.9063078463077545),(Vehicles3↦0.6557628512382507),(Vehicles4↦-0.15296212397515774),(Vehicles5↦0.961054265499115)}",
        "VehiclesY": "{(EgoVehicle↦8.000000238418579),(Vehicles2↦-4.0000001192092896),(Vehicles3↦2.6645352591003757E-15),(Vehicles4↦-8.000000238418579),(Vehicles5↦-4.0000001192092896)}",
        "VehiclesVy": "{(EgoVehicle↦1.7763568394002505E-14),(Vehicles2↦-3.064215547965432E-11),(Vehicles3↦-1.7763568394002505E-14),(Vehicles4↦-1.7763568394002505E-14),(Vehicles5↦-4.440892098500626E-14)}",
        "VehiclesX": "{(EgoVehicle↦200.0),(Vehicles2↦-7.922414690256119),(Vehicles3↦29.882454872131348),(Vehicles4↦63.669782876968384),(Vehicles5↦65.61408042907715)}"
      },
      "probabilisticVariables": null,
      "activating": [
        "SLOWER_14"
      ],
      "activatingOnlyWhenExecuted": true,
      "updating": null,
      "withPredicate": null
    },
    {
      "id": "SLOWER_14",
      "execute": "SLOWER",
      "after": "1000",
      "priority": 0,
      "additionalGuards": null,
      "activationKind": null,
      "fixedVariables": {
        "Crash": "FALSE",
        "VehiclesAy": "{(EgoVehicle↦-1.7763568394002505E-14),(Vehicles2↦2.8919089345436078E-11),(Vehicles3↦1.7763568394002505E-14),(Vehicles4↦1.7763568394002505E-14),(Vehicles5↦-4.440892098500626E-14)}",
        "Reward": "0.7333734303064029",
        "VehiclesAx": "{(EgoVehicle↦-0.009913444519042969),(Vehicles2↦0.04133082926273346),(Vehicles3↦0.0021982938051223755),(Vehicles4↦0.12867349898442626),(Vehicles5↦0.015456080436706543)}",
        "VehiclesVx": "{(EgoVehicle↦20.00150442123413),(Vehicles2↦0.947638675570488),(Vehicles3↦0.6579611450433731),(Vehicles4↦-0.024288624990731478),(Vehicles5↦0.9765103459358215)}",
        "VehiclesY": "{(EgoVehicle↦8.000000238418579),(Vehicles2↦-4.0000001192092896),(Vehicles3↦0.0),(Vehicles4↦-8.000000238418579),(Vehicles5↦-4.0000001192092896)}",
        "VehiclesVy": "{(EgoVehicle↦0.0),(Vehicles2↦-1.723066134218243E-12),(Vehicles3↦0.0),(Vehicles4↦0.0),(Vehicles5↦0.0)}",
        "VehiclesX": "{(EgoVehicle↦200.0),(Vehicles2↦-6.99676051735878),(Vehicles3↦30.540725588798523),(Vehicles4↦63.5714590549469),(Vehicles5↦66.58281683921814)}"
      },
      "probabilisticVariables": null,
      "activating": [
        "IDLE_15"
      ],
      "activatingOnlyWhenExecuted": true,
      "updating": null,
      "withPredicate": null
    },
    {
      "id": "IDLE_15",
      "execute": "IDLE",
      "after": "1000",
      "priority": 0,
      "additionalGuards": null,
      "activationKind": null,
      "fixedVariables": {
        "Crash": "FALSE",
        "VehiclesAy": "{(EgoVehicle↦0.0),(Vehicles2↦1.6253665080512292E-12),(Vehicles3↦0.0),(Vehicles4↦0.0),(Vehicles5↦0.0)}",
        "Reward": "0.7333386135931614",
        "VehiclesAx": "{(EgoVehicle↦-0.0013065338134765625),(Vehicles2↦0.019991174340248108),(Vehicles3↦-0.007620006799697876),(Vehicles4↦0.10143899591639638),(Vehicles5↦0.006860643625259399)}",
        "VehiclesVx": "{(EgoVehicle↦20.000197887420654),(Vehicles2↦0.9676298499107361),(Vehicles3↦0.6503411382436752),(Vehicles4↦0.0771503709256649),(Vehicles5↦0.9833709895610809)}",
        "VehiclesY": "{(EgoVehicle↦8.000000238418579),(Vehicles2↦-4.0000001192092896),(Vehicles3↦0.0),(Vehicles4↦-8.000000238418579),(Vehicles5↦-4.0000001192092896)}",
        "VehiclesVy": "{(EgoVehicle↦0.0),(Vehicles2↦-9.769962616701378E-14),(Vehicles3↦0.0),(Vehicles4↦0.0),(Vehicles5↦0.0)}",
        "VehiclesX": "{(EgoVehicle↦200.0),(Vehicles2↦-6.040162965655327),(Vehicles3↦31.195908784866333),(Vehicles4↦63.589268922805786),(Vehicles5↦67.56227016448975)}"
      },
      "probabilisticVariables": null,
      "activating": [
        "IDLE_16"
      ],
      "activatingOnlyWhenExecuted": true,
      "updating": null,
      "withPredicate": null
    },
    {
      "id": "IDLE_16",
      "execute": "IDLE",
      "after": "1000",
      "priority": 0,
      "additionalGuards": null,
      "activationKind": null,
      "fixedVariables": {
        "Crash": "FALSE",
        "VehiclesAy": "{(EgoVehicle↦0.0),(Vehicles2↦7.993605777301127E-14),(Vehicles3↦0.0),(Vehicles4↦0.0),(Vehicles5↦0.0)}",
        "Reward": "0.7333340286761914",
        "VehiclesAx": "{(EgoVehicle↦-0.000171661376953125),(Vehicles2↦0.011455565690994263),(Vehicles3↦-0.009468793869018555),(Vehicles4↦0.08536230772733688),(Vehicles5↦0.005676448345184326)}",
        "VehiclesVx": "{(EgoVehicle↦20.0000262260437),(Vehicles2↦0.9790854156017303),(Vehicles3↦0.6408723443746567),(Vehicles4↦0.16251267865300179),(Vehicles5↦0.9890474379062653)}",
        "VehiclesY": "{(EgoVehicle↦8.000000238418579),(Vehicles2↦-4.0000001192092896),(Vehicles3↦0.0),(Vehicles4↦-8.000000238418579),(Vehicles5↦-4.0000001192092896)}",
        "VehiclesVy": "{(EgoVehicle↦0.0),(Vehicles2↦-1.7763568394002505E-14),(Vehicles3↦0.0),(Vehicles4↦0.0),(Vehicles5↦0.0)}",
        "VehiclesX": "{(EgoVehicle↦200.0),(Vehicles2↦-5.067482590675354),(Vehicles3↦31.842532753944397),(Vehicles4↦63.70165944099426),(Vehicles5↦68.5479462146759)}"
      },
      "probabilisticVariables": null,
      "activating": [
        "IDLE_17"
      ],
      "activatingOnlyWhenExecuted": true,
      "updating": null,
      "withPredicate": null
    },
    {
      "id": "IDLE_17",
      "execute": "IDLE",
      "after": "1000",
      "priority": 0,
      "additionalGuards": null,
      "activationKind": null,
      "fixedVariables": {
        "Crash": "FALSE",
        "VehiclesAy": "{(EgoVehicle↦0.0),(Vehicles2↦1.7763568394002505E-14),(Vehicles3↦0.0),(Vehicles4↦0.0),(Vehicles5↦0.0)}",
        "Reward": "0.7333334249011171",
        "VehiclesAx": "{(EgoVehicle↦-2.384185791015625E-05),(Vehicles2↦0.007046535611152649),(Vehicles3↦-0.01007772982120514),(Vehicles4↦0.07313467562198639),(Vehicles5↦0.005473494529724121)}",
        "VehiclesVx": "{(EgoVehicle↦20.00000238418579),(Vehicles2↦0.986131951212883),(Vehicles3↦0.6307946145534515),(Vehicles4↦0.23564735427498817),(Vehicles5↦0.9945209324359894)}",
        "VehiclesY": "{(EgoVehicle↦8.000000238418579),(Vehicles2↦-4.0000001192092896),(Vehicles3↦0.0),(Vehicles4↦-8.000000238418579),(Vehicles5↦-4.0000001192092896)}",
        "VehiclesVy": "{(EgoVehicle↦0.0),(Vehicles2↦0.0),(Vehicles3↦0.0),(Vehicles4↦0.0),(Vehicles5↦0.0)}",
        "VehiclesX": "{(EgoVehicle↦200.0),(Vehicles2↦-4.085322469472885),(Vehicles3↦32.479408383369446),(Vehicles4↦63.894301652908325),(Vehicles5↦69.53918933868408)}"
      },
      "probabilisticVariables": null,
      "activating": [
        "IDLE_18"
      ],
      "activatingOnlyWhenExecuted": true,
      "updating": null,
      "withPredicate": null
    },
    {
      "id": "IDLE_18",
      "execute": "IDLE",
      "after": "1000",
      "priority": 0,
      "additionalGuards": null,
      "activationKind": null,
      "fixedVariables": {
        "Crash": "FALSE",
        "VehiclesAy": "{(EgoVehicle↦0.0),(Vehicles2↦0.0),(Vehicles3↦0.0),(Vehicles4↦0.0),(Vehicles5↦0.0)}",
        "Reward": "0.7333333453916423",
        "VehiclesAx": "{(EgoVehicle↦-2.384185791015625E-06),(Vehicles2↦0.004613623023033142),(Vehicles3↦-0.010424219071865082),(Vehicles4↦0.06326057016849518),(Vehicles5↦0.005419477820396423)}",
        "VehiclesVx": "{(EgoVehicle↦20.0),(Vehicles2↦0.9907455742359161),(Vehicles3↦0.6203703954815865),(Vehicles4↦0.29890792444348335),(Vehicles5↦0.9999404102563858)}",
        "VehiclesY": "{(EgoVehicle↦8.000000238418579),(Vehicles2↦-4.0000001192092896),(Vehicles3↦0.0),(Vehicles4↦-8.000000238418579),(Vehicles5↦-4.0000001192092896)}",
        "VehiclesVy": "{(EgoVehicle↦0.0),(Vehicles2↦0.0),(Vehicles3↦0.0),(Vehicles4↦0.0),(Vehicles5↦0.0)}",
        "VehiclesX": "{(EgoVehicle↦200.0),(Vehicles2↦-3.0972033739089966),(Vehicles3↦33.10605585575104),(Vehicles4↦64.15596604347229),(Vehicles5↦70.53588032722473)}"
      },
      "probabilisticVariables": null,
      "activating": [
        "IDLE_19"
      ],
      "activatingOnlyWhenExecuted": true,
      "updating": null,
      "withPredicate": null
    },
    {
      "id": "IDLE_19",
      "execute": "IDLE",
      "after": "1000",
      "priority": 0,
      "additionalGuards": null,
      "activationKind": null,
      "fixedVariables": {
        "Crash": "FALSE",
        "VehiclesAy": "{(EgoVehicle↦0.0),(Vehicles2↦0.0),(Vehicles3↦0.0),(Vehicles4↦0.0),(Vehicles5↦0.0)}",
        "Reward": "0.7333333349212587",
        "VehiclesAx": "{(EgoVehicle↦0.0),(Vehicles2↦0.003279969096183777),(Vehicles3↦-0.0106826052069664),(Vehicles4↦0.05513602867722511),(Vehicles5↦0.0054054707288742065)}",
        "VehiclesVx": "{(EgoVehicle↦20.0),(Vehicles2↦0.9940255433320999),(Vehicles3↦0.6096877902746201),(Vehicles4↦0.35404395312070847),(Vehicles5↦1.00534588098526)}",
        "VehiclesY": "{(EgoVehicle↦8.000000238418579),(Vehicles2↦-4.0000001192092896),(Vehicles3↦0.0),(Vehicles4↦-8.000000238418579),(Vehicles5↦-4.0000001192092896)}",
        "VehiclesVy": "{(EgoVehicle↦0.0),(Vehicles2↦0.0),(Vehicles3↦0.0),(Vehicles4↦0.0),(Vehicles5↦0.0)}",
        "VehiclesX": "{(EgoVehicle↦200.0),(Vehicles2↦-2.1050695329904556),(Vehicles3↦33.72217118740082),(Vehicles4↦64.47752118110657),(Vehicles5↦71.53798341751099)}"
      },
      "probabilisticVariables": null,
      "activating": [
        "IDLE_20"
      ],
      "activatingOnlyWhenExecuted": true,
      "updating": null,
      "withPredicate": null
    },
    {
      "id": "IDLE_20",
      "execute": "IDLE",
      "after": "1000",
      "priority": 0,
      "additionalGuards": null,
      "activationKind": null,
      "fixedVariables": {
        "Crash": "FALSE",
        "VehiclesAy": "{(EgoVehicle↦0.0),(Vehicles2↦0.0),(Vehicles3↦0.0),(Vehicles4↦0.0),(Vehicles5↦0.0)}",
        "Reward": "0.7333333335424429",
        "VehiclesAx": "{(EgoVehicle↦0.0),(Vehicles2↦0.002581551671028137),(Vehicles3↦-0.010898225009441376),(Vehicles4↦0.048373155295848846),(Vehicles5↦0.005412846803665161)}",
        "VehiclesVx": "{(EgoVehicle↦20.0),(Vehicles2↦0.996607095003128),(Vehicles3↦0.5987895652651787),(Vehicles4↦0.4024171084165573),(Vehicles5↦1.0107587277889252)}",
        "VehiclesY": "{(EgoVehicle↦8.000000238418579),(Vehicles2↦-4.0000001192092896),(Vehicles3↦0.0),(Vehicles4↦-8.000000238418579),(Vehicles5↦-4.0000001192092896)}",
        "VehiclesVy": "{(EgoVehicle↦0.0),(Vehicles2↦0.0),(Vehicles3↦0.0),(Vehicles4↦0.0),(Vehicles5↦0.0)}",
        "VehiclesX": "{(EgoVehicle↦200.0),(Vehicles2↦-1.1099732480943203),(Vehicles3↦34.327515959739685),(Vehicles4↦64.85140919685364),(Vehicles5↦72.54549264907837)}"
      },
      "probabilisticVariables": null,
      "activating": [
        "IDLE_21"
      ],
      "activatingOnlyWhenExecuted": true,
      "updating": null,
      "withPredicate": null
    },
    {
      "id": "IDLE_21",
      "execute": "IDLE",
      "after": "1000",
      "priority": 0,
      "additionalGuards": null,
      "activationKind": null,
      "fixedVariables": {
        "Crash": "FALSE",
        "VehiclesAy": "{(EgoVehicle↦0.0),(Vehicles2↦0.0),(Vehicles3↦0.0),(Vehicles4↦0.0),(Vehicles5↦0.0)}",
        "Reward": "0.7333333333608704",
        "VehiclesAx": "{(EgoVehicle↦0.0),(Vehicles2↦0.0022521615028381348),(Vehicles3↦-0.011087357997894287),(Vehicles4↦0.042687393724918365),(Vehicles5↦0.00543348491191864)}",
        "VehiclesVx": "{(EgoVehicle↦20.0),(Vehicles2↦0.9988592565059662),(Vehicles3↦0.5877022072672844),(Vehicles4↦0.4451045021414757),(Vehicles5↦1.0161922127008438)}",
        "VehiclesY": "{(EgoVehicle↦8.000000238418579),(Vehicles2↦-4.0000001192092896),(Vehicles3↦0.0),(Vehicles4↦-8.000000238418579),(Vehicles5↦-4.0000001192092896)}",
        "VehiclesVy": "{(EgoVehicle↦0.0),(Vehicles2↦0.0),(Vehicles3↦0.0),(Vehicles4↦0.0),(Vehicles5↦0.0)}",
        "VehiclesX": "{(EgoVehicle↦200.0),(Vehicles2↦-0.1124492147937417),(Vehicles3↦34.921884536743164),(Vehicles4↦65.27131795883179),(Vehicles5↦73.55841994285583)}"
      },
      "probabilisticVariables": null,
      "activating": [
        "IDLE_22"
      ],
      "activatingOnlyWhenExecuted": true,
      "updating": null,
      "withPredicate": null
    },
    {
      "id": "IDLE_22",
      "execute": "IDLE",
      "after": "1000",
      "priority": 0,
      "additionalGuards": null,
      "activationKind": null,
      "fixedVariables": {
        "Crash": "FALSE",
        "VehiclesAy": "{(EgoVehicle↦0.0),(Vehicles2↦0.0),(Vehicles3↦0.0),(Vehicles4↦0.0),(Vehicles5↦0.0)}",
        "Reward": "0.7333333333369597",
        "VehiclesAx": "{(EgoVehicle↦0.0),(Vehicles2↦0.00213623046875),(Vehicles3↦-0.011256635189056396),(Vehicles4↦0.03786396235227585),(Vehicles5↦0.005461275577545166)}",
        "VehiclesVx": "{(EgoVehicle↦20.0),(Vehicles2↦1.0009954869747162),(Vehicles3↦0.576445572078228),(Vehicles4↦0.4829684644937515),(Vehicles5↦1.021653488278389)}",
        "VehiclesY": "{(EgoVehicle↦8.000000238418579),(Vehicles2↦-4.0000001192092896),(Vehicles3↦0.0),(Vehicles4↦-8.000000238418579),(Vehicles5↦-4.0000001192092896)}",
        "VehiclesVy": "{(EgoVehicle↦0.0),(Vehicles2↦0.0),(Vehicles3↦0.0),(Vehicles4↦0.0),(Vehicles5↦0.0)}",
        "VehiclesX": "{(EgoVehicle↦200.0),(Vehicles2↦0.8872678503394127),(Vehicles3↦35.50509810447693),(Vehicles4↦65.73192477226257),(Vehicles5↦74.57679510116577)}"
      },
      "probabilisticVariables": null,
      "activating": [
        "IDLE_23"
      ],
      "activatingOnlyWhenExecuted": true,
      "updating": null,
      "withPredicate": null
    },
    {
      "id": "IDLE_23",
      "execute": "IDLE",
      "after": "1000",
      "priority": 0,
      "additionalGuards": null,
      "activationKind": null,
      "fixedVariables": {
        "Crash": "FALSE",
        "VehiclesAy": "{(EgoVehicle↦0.0),(Vehicles2↦0.0),(Vehicles3↦0.0),(Vehicles4↦0.0),(Vehicles5↦0.0)}",
        "Reward": "0.7333333333338109",
        "VehiclesAx": "{(EgoVehicle↦0.0),(Vehicles2↦0.002142488956451416),(Vehicles3↦-0.011408179998397827),(Vehicles4↦0.03373879939317703),(Vehicles5↦0.005491673946380615)}",
        "VehiclesVx": "{(EgoVehicle↦20.0),(Vehicles2↦1.0031379759311676),(Vehicles3↦0.5650373920798302),(Vehicles4↦0.5167072638869286),(Vehicles5↦1.0271451622247696)}",
        "VehiclesY": "{(EgoVehicle↦8.000000238418579),(Vehicles2↦-4.0000001192092896),(Vehicles3↦0.0),(Vehicles4↦-8.000000238418579),(Vehicles5↦-4.0000001192092896)}",
        "VehiclesVy": "{(EgoVehicle↦0.0),(Vehicles2↦0.0),(Vehicles3↦0.0),(Vehicles4↦0.0),(Vehicles5↦0.0)}",
        "VehiclesX": "{(EgoVehicle↦200.0),(Vehicles2↦1.8891165032982826),(Vehicles3↦36.07699275016785),(Vehicles4↦66.22869372367859),(Vehicles5↦75.60064196586609)}"
      },
      "probabilisticVariables": null,
      "activating": [
        "IDLE_24"
      ],
      "activatingOnlyWhenExecuted": true,
      "updating": null,
      "withPredicate": null
    },
    {
      "id": "IDLE_24",
      "execute": "IDLE",
      "after": "1000",
      "priority": 0,
      "additionalGuards": null,
      "activationKind": null,
      "fixedVariables": {
        "Crash": "FALSE",
        "VehiclesAy": "{(EgoVehicle↦0.0),(Vehicles2↦0.0),(Vehicles3↦0.0),(Vehicles4↦0.0),(Vehicles5↦0.0)}",
        "Reward": "0.7333333333333963",
        "VehiclesAx": "{(EgoVehicle↦0.0),(Vehicles2↦0.0022169947624206543),(Vehicles3↦-0.011542290449142456),(Vehicles4↦0.03018561750650406),(Vehicles5↦0.005521252751350403)}",
        "VehiclesVx": "{(EgoVehicle↦20.0),(Vehicles2↦1.0053549706935883),(Vehicles3↦0.5534951016306877),(Vehicles4↦0.5468928813934326),(Vehicles5↦1.03266641497612)}",
        "VehiclesY": "{(EgoVehicle↦8.000000238418579),(Vehicles2↦-4.0000001192092896),(Vehicles3↦0.0),(Vehicles4↦-8.000000238418579),(Vehicles5↦-4.0000001192092896)}",
        "VehiclesVy": "{(EgoVehicle↦0.0),(Vehicles2↦0.0),(Vehicles3↦0.0),(Vehicles4↦0.0),(Vehicles5↦0.0)}",
        "VehiclesX": "{(EgoVehicle↦200.0),(Vehicles2↦2.8931334614753723),(Vehicles3↦36.63742244243622),(Vehicles4↦66.75773859024048),(Vehicles5↦76.62999629974365)}"
      },
      "probabilisticVariables": null,
      "activating": [
        "IDLE_25"
      ],
      "activatingOnlyWhenExecuted": true,
      "updating": null,
      "withPredicate": null
    },
    {
      "id": "IDLE_25",
      "execute": "IDLE",
      "after": "1000",
      "priority": 0,
      "additionalGuards": null,
      "activationKind": null,
      "fixedVariables": {
        "Crash": "FALSE",
        "VehiclesAy": "{(EgoVehicle↦0.0),(Vehicles2↦0.0),(Vehicles3↦0.0),(Vehicles4↦0.0),(Vehicles5↦0.0)}",
        "Reward": "0.7333333333333415",
        "VehiclesAx": "{(EgoVehicle↦0.0),(Vehicles2↦0.0023283809423446655),(Vehicles3↦-0.011658184230327606),(Vehicles4↦0.02710588276386261),(Vehicles5↦0.005547702312469482)}",
        "VehiclesVx": "{(EgoVehicle↦20.0),(Vehicles2↦1.007683351635933),(Vehicles3↦0.5418369174003601),(Vehicles4↦0.5739987641572952),(Vehicles5↦1.0382141172885895)}",
        "VehiclesY": "{(EgoVehicle↦8.000000238418579),(Vehicles2↦-4.0000001192092896),(Vehicles3↦0.0),(Vehicles4↦-8.000000238418579),(Vehicles5↦-4.0000001192092896)}",
        "VehiclesVy": "{(EgoVehicle↦0.0),(Vehicles2↦0.0),(Vehicles3↦0.0),(Vehicles4↦0.0),(Vehicles5↦0.0)}",
        "VehiclesX": "{(EgoVehicle↦200.0),(Vehicles2↦3.899409994482994),(Vehicles3↦37.186262011528015),(Vehicles4↦67.31570363044739),(Vehicles5↦77.66488194465637)}"
      },
      "probabilisticVariables": null,
      "activating": [
        "IDLE_26"
      ],
      "activatingOnlyWhenExecuted": true,
      "updating": null,
      "withPredicate": null
    },
    {
      "id": "IDLE_26",
      "execute": "IDLE",
      "after": "1000",
      "priority": 0,
      "additionalGuards": null,
      "activationKind": null,
      "fixedVariables": {
        "Crash": "FALSE",
        "VehiclesAy": "{(EgoVehicle↦0.0),(Vehicles2↦0.0),(Vehicles3↦0.0),(Vehicles4↦0.0),(Vehicles5↦0.0)}",
        "Reward": "0.7333333333333344",
        "VehiclesAx": "{(EgoVehicle↦0.0),(Vehicles2↦0.0024577975273132324),(Vehicles3↦-0.011754930019378662),(Vehicles4↦0.024422407150268555),(Vehicles5↦0.005570054054260254)}",
        "VehiclesVx": "{(EgoVehicle↦20.0),(Vehicles2↦1.0101411491632462),(Vehicles3↦0.5300819873809814),(Vehicles4↦0.5984211713075638),(Vehicles5↦1.0437841713428497)}",
        "VehiclesY": "{(EgoVehicle↦8.000000238418579),(Vehicles2↦-4.0000001192092896),(Vehicles3↦0.0),(Vehicles4↦-8.000000238418579),(Vehicles5↦-4.0000001192092896)}",
        "VehiclesVy": "{(EgoVehicle↦0.0),(Vehicles2↦0.0),(Vehicles3↦0.0),(Vehicles4↦0.0),(Vehicles5↦0.0)}",
        "VehiclesX": "{(EgoVehicle↦200.0),(Vehicles2↦4.9080658704042435),(Vehicles3↦37.72340416908264),(Vehicles4↦67.89966821670532),(Vehicles5↦78.70532274246216)}"
      },
      "probabilisticVariables": null,
      "activating": [
        "IDLE_27"
      ],
      "activatingOnlyWhenExecuted": true,
      "updating": null,
      "withPredicate": null
    },
    {
      "id": "IDLE_27",
      "execute": "IDLE",
      "after": "1000",
      "priority": 0,
      "additionalGuards": null,
      "activationKind": null,
      "fixedVariables": {
        "Crash": "FALSE",
        "VehiclesAy": "{(EgoVehicle↦0.0),(Vehicles2↦0.0),(Vehicles3↦0.0),(Vehicles4↦0.0),(Vehicles5↦0.0)}",
        "Reward": "0.7333333333333334",
        "VehiclesAx": "{(EgoVehicle↦0.0),(Vehicles2↦0.002594292163848877),(Vehicles3↦-0.19756123423576355),(Vehicles4↦-0.08017051964998245),(Vehicles5↦-0.4232896864414215)}",
        "VehiclesVx": "{(EgoVehicle↦20.0),(Vehicles2↦1.012735441327095),(Vehicles3↦0.3325207531452179),(Vehicles4↦0.5182506516575813),(Vehicles5↦0.6204944849014282)}",
        "VehiclesY": "{(EgoVehicle↦8.000000238418579),(Vehicles2↦-4.0000001192092896),(Vehicles3↦-8.000000238418579),(Vehicles4↦0.0),(Vehicles5↦-8.000000238418579)}",
        "VehiclesVy": "{(EgoVehicle↦0.0),(Vehicles2↦0.0),(Vehicles3↦0.0),(Vehicles4↦0.0),(Vehicles5↦0.0)}",
        "VehiclesX": "{(EgoVehicle↦200.0),(Vehicles2↦5.919233709573746),(Vehicles3↦-9.704504162073135),(Vehicles4↦38.248759508132935),(Vehicles5↦68.50709915161133)}"
      },
      "probabilisticVariables": null,
      "activating": [
        "IDLE_28"
      ],
      "activatingOnlyWhenExecuted": true,
      "updating": null,
      "withPredicate": null
    },
    {
      "id": "IDLE_28",
      "execute": "IDLE",
      "after": "1000",
      "priority": 0,
      "additionalGuards": null,
      "activationKind": null,
      "fixedVariables": {
        "Crash": "FALSE",
        "VehiclesAy": "{(EgoVehicle↦0.0),(Vehicles2↦0.0),(Vehicles3↦0.0),(Vehicles4↦0.0),(Vehicles5↦0.0)}",
        "Reward": "0.7333333333333334",
        "VehiclesAx": "{(EgoVehicle↦0.0),(Vehicles2↦0.0027316808700561523),(Vehicles3↦0.013103708624839783),(Vehicles4↦-0.011886358261108398),(Vehicles5↦0.020009130239486694)}",
        "VehiclesVx": "{(EgoVehicle↦20.0),(Vehicles2↦1.0154671221971512),(Vehicles3↦0.3456244617700577),(Vehicles4↦0.5063642933964729),(Vehicles5↦0.6405036151409149)}",
        "VehiclesY": "{(EgoVehicle↦8.000000238418579),(Vehicles2↦-4.0000001192092896),(Vehicles3↦-8.000000238418579),(Vehicles4↦0.0),(Vehicles5↦-8.000000238418579)}",
        "VehiclesVy": "{(EgoVehicle↦0.0),(Vehicles2↦0.0),(Vehicles3↦0.0),(Vehicles4↦0.0),(Vehicles5↦0.0)}",
        "VehiclesX": "{(EgoVehicle↦200.0),(Vehicles2↦6.933050602674484),(Vehicles3↦-9.366727620363235),(Vehicles4↦38.7622594833374),(Vehicles5↦69.13574934005737)}"
      },
      "probabilisticVariables": null,
      "activating": [
        "IDLE_29"
      ],
      "activatingOnlyWhenExecuted": true,
      "updating": null,
      "withPredicate": null
    },
    {
      "id": "IDLE_29",
      "execute": "IDLE",
      "after": "1000",
      "priority": 0,
      "additionalGuards": null,
      "activationKind": null,
      "fixedVariables": {
        "Crash": "FALSE",
        "VehiclesAy": "{(EgoVehicle↦0.0),(Vehicles2↦0.0),(Vehicles3↦0.0),(Vehicles4↦0.0),(Vehicles5↦0.0)}",
        "Reward": "0.7333333333333334",
        "VehiclesAx": "{(EgoVehicle↦0.0),(Vehicles2↦0.0028661638498306274),(Vehicles3↦0.012914799153804779),(Vehicles4↦-0.01191902905702591),(Vehicles5↦0.01818932592868805)}",
        "VehiclesVx": "{(EgoVehicle↦20.0),(Vehicles2↦1.0183332860469818),(Vehicles3↦0.35853926092386246),(Vehicles4↦0.494445264339447),(Vehicles5↦0.658692941069603)}",
        "VehiclesY": "{(EgoVehicle↦8.000000238418579),(Vehicles2↦-4.0000001192092896),(Vehicles3↦-8.000000238418579),(Vehicles4↦0.0),(Vehicles5↦-8.000000238418579)}",
        "VehiclesVy": "{(EgoVehicle↦0.0),(Vehicles2↦0.0),(Vehicles3↦0.0),(Vehicles4↦0.0),(Vehicles5↦0.0)}",
        "VehiclesX": "{(EgoVehicle↦200.0),(Vehicles2↦7.949654012918472),(Vehicles3↦-9.015920758247375),(Vehicles4↦39.263856410980225),(Vehicles5↦69.78366374969482)}"
      },
      "probabilisticVariables": null,
      "activating": [
        "IDLE_30"
      ],
      "activatingOnlyWhenExecuted": true,
      "updating": null,
      "withPredicate": null
    },
    {
      "id": "IDLE_30",
      "execute": "IDLE",
      "after": "1000",
      "priority": 0,
      "additionalGuards": null,
      "activationKind": null,
      "fixedVariables": {
        "Crash": "FALSE",
        "VehiclesAy": "{(EgoVehicle↦0.0),(Vehicles2↦0.0),(Vehicles3↦0.0),(Vehicles4↦0.0),(Vehicles5↦0.0)}",
        "Reward": "0.7333333333333334",
        "VehiclesAx": "{(EgoVehicle↦0.0),(Vehicles2↦-0.6470883637666702),(Vehicles3↦0.6627896800637245),(Vehicles4↦-0.011928603053092957),(Vehicles5↦0.016580820083618164)}",
        "VehiclesVx": "{(EgoVehicle↦20.0),(Vehicles2↦0.3712449222803116),(Vehicles3↦1.021328940987587),(Vehicles4↦0.48251666128635406),(Vehicles5↦0.6752737611532211)}",
        "VehiclesY": "{(EgoVehicle↦8.000000238418579),(Vehicles2↦-8.000000238418579),(Vehicles3↦-4.0000001192092896),(Vehicles4↦0.0),(Vehicles5↦-8.000000238418579)}",
        "VehiclesVy": "{(EgoVehicle↦0.0),(Vehicles2↦0.0),(Vehicles3↦0.0),(Vehicles4↦0.0),(Vehicles5↦0.0)}",
        "VehiclesX": "{(EgoVehicle↦200.0),(Vehicles2↦-8.652281761169434),(Vehicles3↦8.969175070524216),(Vehicles4↦39.75352942943573),(Vehicles5↦70.4491138458252)}"
      },
      "probabilisticVariables": null,
      "activating": [
        "IDLE_31"
      ],
      "activatingOnlyWhenExecuted": true,
      "updating": null,
      "withPredicate": null
    },
    {
      "id": "IDLE_31",
      "execute": "IDLE",
      "after": "1000",
      "priority": 0,
      "additionalGuards": null,
      "activationKind": null,
      "fixedVariables": {
        "Crash": "FALSE",
        "VehiclesAy": "{(EgoVehicle↦0.0),(Vehicles2↦0.0),(Vehicles3↦0.0),(Vehicles4↦0.0),(Vehicles5↦0.0)}",
        "Reward": "0.7333333333333334",
        "VehiclesAx": "{(EgoVehicle↦0.0),(Vehicles2↦0.012480653822422028),(Vehicles3↦0.003119036555290222),(Vehicles4↦-0.01191452145576477),(Vehicles5↦0.015155822038650513)}",
        "VehiclesVx": "{(EgoVehicle↦20.0),(Vehicles2↦0.3837255761027336),(Vehicles3↦1.0244479775428772),(Vehicles4↦0.4706021398305893),(Vehicles5↦0.6904295831918716)}",
        "VehiclesY": "{(EgoVehicle↦8.000000238418579),(Vehicles2↦-8.000000238418579),(Vehicles3↦-4.0000001192092896),(Vehicles4↦0.0),(Vehicles5↦-8.000000238418579)}",
        "VehiclesVy": "{(EgoVehicle↦0.0),(Vehicles2↦0.0),(Vehicles3↦0.0),(Vehicles4↦0.0),(Vehicles5↦0.0)}",
        "VehiclesX": "{(EgoVehicle↦200.0),(Vehicles2↦-8.27602669596672),(Vehicles3↦9.991741925477982),(Vehicles4↦40.23127853870392),(Vehicles5↦71.1305558681488)}"
      },
      "probabilisticVariables": null,
      "activating": [
        "IDLE_32"
      ],
      "activatingOnlyWhenExecuted": true,
      "updating": null,
      "withPredicate": null
    },
    {
      "id": "IDLE_32",
      "execute": "IDLE",
      "after": "1000",
      "priority": 0,
      "additionalGuards": null,
      "activationKind": null,
      "fixedVariables": {
        "Crash": "FALSE",
        "VehiclesAy": "{(EgoVehicle↦0.0),(Vehicles2↦0.0),(Vehicles3↦0.0),(Vehicles4↦0.0),(Vehicles5↦0.0)}",
        "Reward": "0.7333333333333334",
        "VehiclesAx": "{(EgoVehicle↦0.0),(Vehicles2↦0.012243576347827911),(Vehicles3↦0.003235861659049988),(Vehicles4↦-0.011876262724399567),(Vehicles5↦0.01389138400554657)}",
        "VehiclesVx": "{(EgoVehicle↦20.0),(Vehicles2↦0.3959691524505615),(Vehicles3↦1.0276838392019272),(Vehicles4↦0.45872587710618973),(Vehicles5↦0.7043209671974182)}",
        "VehiclesY": "{(EgoVehicle↦8.000000238418579),(Vehicles2↦-8.000000238418579),(Vehicles3↦-4.0000001192092896),(Vehicles4↦0.0),(Vehicles5↦-8.000000238418579)}",
        "VehiclesVy": "{(EgoVehicle↦0.0),(Vehicles2↦0.0),(Vehicles3↦0.0),(Vehicles4↦0.0),(Vehicles5↦0.0)}",
        "VehiclesX": "{(EgoVehicle↦200.0),(Vehicles2↦-7.887384295463562),(Vehicles3↦11.01747527718544),(Vehicles4↦40.6971275806427),(Vehicles5↦71.82663679122925)}"
      },
      "probabilisticVariables": null,
      "activating": [
        "IDLE_33"
      ],
      "activatingOnlyWhenExecuted": true,
      "updating": null,
      "withPredicate": null
    },
    {
      "id": "IDLE_33",
      "execute": "IDLE",
      "after": "1000",
      "priority": 0,
      "additionalGuards": null,
      "activationKind": null,
      "fixedVariables": {
        "Crash": "FALSE",
        "VehiclesAy": "{(EgoVehicle↦0.0),(Vehicles2↦0.0),(Vehicles3↦0.0),(Vehicles4↦0.0),(Vehicles5↦0.0)}",
        "Reward": "0.7333333333333334",
        "VehiclesAx": "{(EgoVehicle↦0.0),(Vehicles2↦0.011997781693935394),(Vehicles3↦0.0033458322286605835),(Vehicles4↦-0.011813677847385406),(Vehicles5↦0.012767761945724487)}",
        "VehiclesVx": "{(EgoVehicle↦20.0),(Vehicles2↦0.4079669341444969),(Vehicles3↦1.0310296714305878),(Vehicles4↦0.4469121992588043),(Vehicles5↦0.7170887291431427)}",
        "VehiclesY": "{(EgoVehicle↦8.000000238418579),(Vehicles2↦-8.000000238418579),(Vehicles3↦-4.0000001192092896),(Vehicles4↦0.0),(Vehicles5↦-8.000000238418579)}",
        "VehiclesVy": "{(EgoVehicle↦0.0),(Vehicles2↦0.0),(Vehicles3↦0.0),(Vehicles4↦0.0),(Vehicles5↦0.0)}",
        "VehiclesX": "{(EgoVehicle↦200.0),(Vehicles2↦-7.486595958471298),(Vehicles3↦12.046489119529724),(Vehicles4↦41.15112125873566),(Vehicles5↦72.53614664077759)}"
      },
      "probabilisticVariables": null,
      "activating": [
        "IDLE_34"
      ],
      "activatingOnlyWhenExecuted": true,
      "updating": null,
      "withPredicate": null
    },
    {
      "id": "IDLE_34",
      "execute": "IDLE",
      "after": "1000",
      "priority": 0,
      "additionalGuards": null,
      "activationKind": null,
      "fixedVariables": {
        "Crash": "FALSE",
        "VehiclesAy": "{(EgoVehicle↦0.0),(Vehicles2↦0.0),(Vehicles3↦0.0),(Vehicles4↦0.0),(Vehicles5↦0.0)}",
        "Reward": "0.7333333333333334",
        "VehiclesAx": "{(EgoVehicle↦0.0),(Vehicles2↦0.011746175587177277),(Vehicles3↦0.0034489482641220093),(Vehicles4↦-0.011726655066013336),(Vehicles5↦0.011768341064453125)}",
        "VehiclesVx": "{(EgoVehicle↦20.0),(Vehicles2↦0.4197131097316742),(Vehicles3↦1.0344786196947098),(Vehicles4↦0.435185544192791),(Vehicles5↦0.7288570702075958)}",
        "VehiclesY": "{(EgoVehicle↦8.000000238418579),(Vehicles2↦-8.000000238418579),(Vehicles3↦-4.0000001192092896),(Vehicles4↦0.0),(Vehicles5↦-8.000000238418579)}",
        "VehiclesVy": "{(EgoVehicle↦0.0),(Vehicles2↦0.0),(Vehicles3↦0.0),(Vehicles4↦0.0),(Vehicles5↦0.0)}",
        "VehiclesX": "{(EgoVehicle↦200.0),(Vehicles2↦-7.073909789323807),(Vehicles3↦13.07889074087143),(Vehicles4↦41.59333407878876),(Vehicles5↦73.25801849365234)}"
      },
      "probabilisticVariables": null,
      "activating": [
        "IDLE_35"
      ],
      "activatingOnlyWhenExecuted": true,
      "updating": null,
      "withPredicate": null
    },
    {
      "id": "IDLE_35",
      "execute": "IDLE",
      "after": "1000",
      "priority": 0,
      "additionalGuards": null,
      "activationKind": null,
      "fixedVariables": {
        "Crash": "FALSE",
        "VehiclesAy": "{(EgoVehicle↦0.0),(Vehicles2↦0.0),(Vehicles3↦0.0),(Vehicles4↦0.0),(Vehicles5↦0.0)}",
        "Reward": "0.7333333333333334",
        "VehiclesAx": "{(EgoVehicle↦0.0),(Vehicles2↦0.011491253972053528),(Vehicles3↦0.0035452842712402344),(Vehicles4↦-0.011615343391895294),(Vehicles5↦0.01087881624698639)}",
        "VehiclesVx": "{(EgoVehicle↦20.0),(Vehicles2↦0.4312043637037277),(Vehicles3↦1.03802390396595),(Vehicles4↦0.4235702008008957),(Vehicles5↦0.7397358864545822)}",
        "VehiclesY": "{(EgoVehicle↦8.000000238418579),(Vehicles2↦-8.000000238418579),(Vehicles3↦-4.0000001192092896),(Vehicles4↦0.0),(Vehicles5↦-8.000000238418579)}",
        "VehiclesVy": "{(EgoVehicle↦0.0),(Vehicles2↦0.0),(Vehicles3↦0.0),(Vehicles4↦0.0),(Vehicles5↦0.0)}",
        "VehiclesX": "{(EgoVehicle↦200.0),(Vehicles2↦-6.649579852819443),(Vehicles3↦14.114779233932495),(Vehicles4↦42.02386438846588),(Vehicles5↦73.99129867553711)}"
      },
      "probabilisticVariables": null,
      "activating": [
        "IDLE_36"
      ],
      "activatingOnlyWhenExecuted": true,
      "updating": null,
      "withPredicate": null
    },
    {
      "id": "IDLE_36",
      "execute": "IDLE",
      "after": "1000",
      "priority": 0,
      "additionalGuards": null,
      "activationKind": null,
      "fixedVariables": {
        "Crash": "FALSE",
        "VehiclesAy": "{(EgoVehicle↦0.0),(Vehicles2↦0.0),(Vehicles3↦0.0),(Vehicles4↦0.0),(Vehicles5↦0.0)}",
        "Reward": "0.7333333333333334",
        "VehiclesAx": "{(EgoVehicle↦0.0),(Vehicles2↦0.011235177516937256),(Vehicles3↦0.0036352872848510742),(Vehicles4↦-0.011480040848255157),(Vehicles5↦0.010086819529533386)}",
        "VehiclesVx": "{(EgoVehicle↦20.0),(Vehicles2↦0.442439541220665),(Vehicles3↦1.041659191250801),(Vehicles4↦0.41209015995264053),(Vehicles5↦0.7498227059841156)}",
        "VehiclesY": "{(EgoVehicle↦8.000000238418579),(Vehicles2↦-8.000000238418579),(Vehicles3↦-4.0000001192092896),(Vehicles4↦0.0),(Vehicles5↦-8.000000238418579)}",
        "VehiclesVy": "{(EgoVehicle↦0.0),(Vehicles2↦0.0),(Vehicles3↦0.0),(Vehicles4↦0.0),(Vehicles5↦0.0)}",
        "VehiclesX": "{(EgoVehicle↦200.0),(Vehicles2↦-6.213860958814621),(Vehicles3↦15.154251456260681),(Vehicles4↦42.44283139705658),(Vehicles5↦74.73512887954712)}"
      },
      "probabilisticVariables": null,
      "activating": [
        "IDLE_37"
      ],
      "activatingOnlyWhenExecuted": true,
      "updating": null,
      "withPredicate": null
    },
    {
      "id": "IDLE_37",
      "execute": "IDLE",
      "after": "1000",
      "priority": 0,
      "additionalGuards": null,
      "activationKind": null,
      "fixedVariables": {
        "Crash": "FALSE",
        "VehiclesAy": "{(EgoVehicle↦0.0),(Vehicles2↦0.0),(Vehicles3↦0.0),(Vehicles4↦0.0),(Vehicles5↦0.0)}",
        "Reward": "0.7333333333333334",
        "VehiclesAx": "{(EgoVehicle↦0.0),(Vehicles2↦0.010979771614074707),(Vehicles3↦0.0037188082933425903),(Vehicles4↦-0.011321082711219788),(Vehicles5↦0.009381622076034546)}",
        "VehiclesVx": "{(EgoVehicle↦20.0),(Vehicles2↦0.4534193128347397),(Vehicles3↦1.0453779995441437),(Vehicles4↦0.40076907724142075),(Vehicles5↦0.7592043280601501)}",
        "VehiclesY": "{(EgoVehicle↦8.000000238418579),(Vehicles2↦-8.000000238418579),(Vehicles3↦-4.0000001192092896),(Vehicles4↦0.0),(Vehicles5↦-8.000000238418579)}",
        "VehiclesVy": "{(EgoVehicle↦0.0),(Vehicles2↦0.0),(Vehicles3↦0.0),(Vehicles4↦0.0),(Vehicles5↦0.0)}",
        "VehiclesX": "{(EgoVehicle↦200.0),(Vehicles2↦-5.767009407281876),(Vehicles3↦16.197390854358673),(Vehicles4↦42.85037815570831),(Vehicles5↦75.4887580871582)}"
      },
      "probabilisticVariables": null,
      "activating": [
        "IDLE_38"
      ],
      "activatingOnlyWhenExecuted": true,
      "updating": null,
      "withPredicate": null
    },
    {
      "id": "IDLE_38",
      "execute": "IDLE",
      "after": "1000",
      "priority": 0,
      "additionalGuards": null,
      "activationKind": null,
      "fixedVariables": {
        "Crash": "FALSE",
        "VehiclesAy": "{(EgoVehicle↦0.0),(Vehicles2↦0.0),(Vehicles3↦0.0),(Vehicles4↦0.0),(Vehicles5↦0.0)}",
        "Reward": "0.7333333333333334",
        "VehiclesAx": "{(EgoVehicle↦0.0),(Vehicles2↦0.010726414620876312),(Vehicles3↦0.0037964433431625366),(Vehicles4↦-0.011139214038848877),(Vehicles5↦0.008753836154937744)}",
        "VehiclesVx": "{(EgoVehicle↦20.0),(Vehicles2↦0.464145727455616),(Vehicles3↦1.0491744428873062),(Vehicles4↦0.38962986320257187),(Vehicles5↦0.7679581642150879)}",
        "VehiclesY": "{(EgoVehicle↦8.000000238418579),(Vehicles2↦-8.000000238418579),(Vehicles3↦-4.0000001192092896),(Vehicles4↦0.0),(Vehicles5↦-8.000000238418579)}",
        "VehiclesVy": "{(EgoVehicle↦0.0),(Vehicles2↦0.0),(Vehicles3↦0.0),(Vehicles4↦0.0),(Vehicles5↦0.0)}",
        "VehiclesX": "{(EgoVehicle↦200.0),(Vehicles2↦-5.309279263019562),(Vehicles3↦17.244280874729156),(Vehicles4↦43.24667751789093),(Vehicles5↦76.25150680541992)}"
      },
      "probabilisticVariables": null,
      "activating": [
        "IDLE_39"
      ],
      "activatingOnlyWhenExecuted": true,
      "updating": null,
      "withPredicate": null
    },
    {
      "id": "IDLE_39",
      "execute": "IDLE",
      "after": "1000",
      "priority": 0,
      "additionalGuards": null,
      "activationKind": null,
      "fixedVariables": {
        "Crash": "FALSE",
        "VehiclesAy": "{(EgoVehicle↦0.0),(Vehicles2↦0.0),(Vehicles3↦0.0),(Vehicles4↦0.0),(Vehicles5↦0.0)}",
        "Reward": "0.7333333333333334",
        "VehiclesAx": "{(EgoVehicle↦0.0),(Vehicles2↦0.010476522147655487),(Vehicles3↦0.003868192434310913),(Vehicles4↦-0.010935068130493164),(Vehicles5↦0.008195191621780396)}",
        "VehiclesVx": "{(EgoVehicle↦20.0),(Vehicles2↦0.4746222496032715),(Vehicles3↦1.0530426353216171),(Vehicles4↦0.3786947950720787),(Vehicles5↦0.7761533558368683)}",
        "VehiclesY": "{(EgoVehicle↦8.000000238418579),(Vehicles2↦-8.000000238418579),(Vehicles3↦-4.0000001192092896),(Vehicles4↦0.0),(Vehicles5↦-8.000000238418579)}",
        "VehiclesVy": "{(EgoVehicle↦0.0),(Vehicles2↦0.0),(Vehicles3↦0.0),(Vehicles4↦0.0),(Vehicles5↦0.0)}",
        "VehiclesX": "{(EgoVehicle↦200.0),(Vehicles2↦-4.840923100709915),(Vehicles3↦18.29499751329422),(Vehicles4↦43.631914258003235),(Vehicles5↦77.022784948349)}"
      },
      "probabilisticVariables": null,
      "activating": [
        "IDLE_40"
      ],
      "activatingOnlyWhenExecuted": true,
      "updating": null,
      "withPredicate": null
    },
    {
      "id": "IDLE_40",
      "execute": "IDLE",
      "after": "1000",
      "priority": 0,
      "additionalGuards": null,
      "activationKind": null,
      "fixedVariables": {
        "Crash": "FALSE",
        "VehiclesAy": "{(EgoVehicle↦0.0),(Vehicles2↦0.0),(Vehicles3↦0.0),(Vehicles4↦0.0),(Vehicles5↦0.0)}",
        "Reward": "0.7333333333333334",
        "VehiclesAx": "{(EgoVehicle↦0.0),(Vehicles2↦0.010230951011180878),(Vehicles3↦0.003934428095817566),(Vehicles4↦-0.01070946455001831),(Vehicles5↦0.007698386907577515)}",
        "VehiclesVx": "{(EgoVehicle↦20.0),(Vehicles2↦0.48485320061445236),(Vehicles3↦1.0569770634174347),(Vehicles4↦0.3679853305220604),(Vehicles5↦0.7838517427444458)}",
        "VehiclesY": "{(EgoVehicle↦8.000000238418579),(Vehicles2↦-8.000000238418579),(Vehicles3↦-4.0000001192092896),(Vehicles4↦0.0),(Vehicles5↦-8.000000238418579)}",
        "VehiclesVy": "{(EgoVehicle↦0.0),(Vehicles2↦0.0),(Vehicles3↦0.0),(Vehicles4↦0.0),(Vehicles5↦0.0)}",
        "VehiclesX": "{(EgoVehicle↦200.0),(Vehicles2↦-4.362189024686813),(Vehicles3↦19.349609315395355),(Vehicles4↦44.006308913230896),(Vehicles5↦77.80205607414246)}"
      },
      "probabilisticVariables": null,
      "activating": [
        "IDLE_41"
      ],
      "activatingOnlyWhenExecuted": true,
      "updating": null,
      "withPredicate": null
    },
    {
      "id": "IDLE_41",
      "execute": "IDLE",
      "after": "1000",
      "priority": 0,
      "additionalGuards": null,
      "activationKind": null,
      "fixedVariables": {
        "Crash": "FALSE",
        "VehiclesAy": "{(EgoVehicle↦0.0),(Vehicles2↦0.0),(Vehicles3↦0.0),(Vehicles4↦0.0),(Vehicles5↦0.0)}",
        "Reward": "0.7333333333333334",
        "VehiclesAx": "{(EgoVehicle↦0.0),(Vehicles2↦0.00999055802822113),(Vehicles3↦0.003995448350906372),(Vehicles4↦-0.01046348363161087),(Vehicles5↦0.007257014513015747)}",
        "VehiclesVx": "{(EgoVehicle↦20.0),(Vehicles2↦0.4948437586426735),(Vehicles3↦1.060972511768341),(Vehicles4↦0.3575218468904495),(Vehicles5↦0.7911087572574615)}",
        "VehiclesY": "{(EgoVehicle↦8.000000238418579),(Vehicles2↦-8.000000238418579),(Vehicles3↦-4.0000001192092896),(Vehicles4↦0.0),(Vehicles5↦-8.000000238418579)}",
        "VehiclesVy": "{(EgoVehicle↦0.0),(Vehicles2↦0.0),(Vehicles3↦0.0),(Vehicles4↦0.0),(Vehicles5↦0.0)}",
        "VehiclesX": "{(EgoVehicle↦200.0),(Vehicles2↦-3.8733206689357758),(Vehicles3↦20.408180356025696),(Vehicles4↦44.37008798122406),(Vehicles5↦78.58884334564209)}"
      },
      "probabilisticVariables": null,
      "activating": [
        "IDLE_42"
      ],
      "activatingOnlyWhenExecuted": true,
      "updating": null,
      "withPredicate": null
    },
    {
      "id": "IDLE_42",
      "execute": "IDLE",
      "after": "1000",
      "priority": 0,
      "additionalGuards": null,
      "activationKind": null,
      "fixedVariables": {
        "Crash": "FALSE",
        "VehiclesAy": "{(EgoVehicle↦0.0),(Vehicles2↦0.0),(Vehicles3↦0.0),(Vehicles4↦0.0),(Vehicles5↦0.0)}",
        "Reward": "0.7333333333333334",
        "VehiclesAx": "{(EgoVehicle↦0.0),(Vehicles2↦0.009756051003932953),(Vehicles3↦0.004051476716995239),(Vehicles4↦-0.010198093950748444),(Vehicles5↦0.006865411996841431)}",
        "VehiclesVx": "{(EgoVehicle↦20.0),(Vehicles2↦0.5045998096466064),(Vehicles3↦1.0650239884853363),(Vehicles4↦0.3473237529397011),(Vehicles5↦0.797974169254303)}",
        "VehiclesY": "{(EgoVehicle↦8.000000238418579),(Vehicles2↦-8.000000238418579),(Vehicles3↦-4.0000001192092896),(Vehicles4↦0.0),(Vehicles5↦-8.000000238418579)}",
        "VehiclesVy": "{(EgoVehicle↦0.0),(Vehicles2↦0.0),(Vehicles3↦0.0),(Vehicles4↦0.0),(Vehicles5↦0.0)}",
        "VehiclesX": "{(EgoVehicle↦200.0),(Vehicles2↦-3.374556079506874),(Vehicles3↦21.470768749713898),(Vehicles4↦44.72350776195526),(Vehicles5↦79.38272953033447)}"
      },
      "probabilisticVariables": null,
      "activating": [
        "IDLE_43"
      ],
      "activatingOnlyWhenExecuted": true,
      "updating": null,
      "withPredicate": null
    },
    {
      "id": "IDLE_43",
      "execute": "IDLE",
      "after": "1000",
      "priority": 0,
      "additionalGuards": null,
      "activationKind": null,
      "fixedVariables": {
        "Crash": "FALSE",
        "VehiclesAy": "{(EgoVehicle↦0.0),(Vehicles2↦0.0),(Vehicles3↦0.0),(Vehicles4↦0.0),(Vehicles5↦0.0)}",
        "Reward": "0.7333333333333334",
        "VehiclesAx": "{(EgoVehicle↦0.0),(Vehicles2↦0.009527839720249176),(Vehicles3↦0.004102736711502075),(Vehicles4↦-0.009914562106132507),(Vehicles5↦0.006518363952636719)}",
        "VehiclesVx": "{(EgoVehicle↦20.0),(Vehicles2↦0.5141276493668556),(Vehicles3↦1.0691267251968384),(Vehicles4↦0.3374091908335686),(Vehicles5↦0.8044925332069397)}",
        "VehiclesY": "{(EgoVehicle↦8.000000238418579),(Vehicles2↦-8.000000238418579),(Vehicles3↦-4.0000001192092896),(Vehicles4↦0.0),(Vehicles5↦-8.000000238418579)}",
        "VehiclesVy": "{(EgoVehicle↦0.0),(Vehicles2↦0.0),(Vehicles3↦0.0),(Vehicles4↦0.0),(Vehicles5↦0.0)}",
        "VehiclesX": "{(EgoVehicle↦200.0),(Vehicles2↦-2.8661269694566727),(Vehicles3↦22.537429630756378),(Vehicles4↦45.066842436790466),(Vehicles5↦80.18333911895752)}"
      },
      "probabilisticVariables": null,
      "activating": [
        "FASTER_44"
      ],
      "activatingOnlyWhenExecuted": true,
      "updating": null,
      "withPredicate": null
    },
    {
      "id": "FASTER_44",
      "execute": "FASTER",
      "after": "1000",
      "priority": 0,
      "additionalGuards": null,
      "activationKind": null,
      "fixedVariables": {
        "Crash": "FALSE",
        "VehiclesAy": "{(EgoVehicle↦0.0),(Vehicles2↦0.0),(Vehicles3↦0.0),(Vehicles4↦0.0),(Vehicles5↦0.0)}",
        "Reward": "0.8491083676268861",
        "VehiclesAx": "{(EgoVehicle↦4.341564178466797),(Vehicles2↦-4.33225754648447),(Vehicles3↦-4.33741420507431),(Vehicles4↦-4.351177923381329),(Vehicles5↦-4.3353524804115295)}",
        "VehiclesVx": "{(EgoVehicle↦24.341564178466797),(Vehicles2↦-3.8181298971176147),(Vehicles3↦-3.268287479877472),(Vehicles4↦-4.01376873254776),(Vehicles5↦-3.53085994720459)}",
        "VehiclesY": "{(EgoVehicle↦8.000000238418579),(Vehicles2↦-8.000000238418579),(Vehicles3↦-4.0000001192092896),(Vehicles4↦0.0),(Vehicles5↦-8.000000238418579)}",
        "VehiclesVy": "{(EgoVehicle↦0.0),(Vehicles2↦0.0),(Vehicles3↦0.0),(Vehicles4↦0.0),(Vehicles5↦0.0)}",
        "VehiclesX": "{(EgoVehicle↦200.0),(Vehicles2↦-4.743321239948273),(Vehicles3↦21.213151514530182),(Vehicles4↦43.00532042980194),(Vehicles5↦78.59527468681335)}"
      },
      "probabilisticVariables": null,
      "activating": [
        "IDLE_45"
      ],
      "activatingOnlyWhenExecuted": true,
      "updating": null,
      "withPredicate": null
    },
    {
      "id": "IDLE_45",
      "execute": "IDLE",
      "after": "1000",
      "priority": 0,
      "additionalGuards": null,
      "activationKind": null,
      "fixedVariables": {
        "Crash": "FALSE",
        "VehiclesAy": "{(EgoVehicle↦0.0),(Vehicles2↦0.0),(Vehicles3↦0.0),(Vehicles4↦0.0),(Vehicles5↦0.0)}",
        "Reward": "0.864354462677889",
        "VehiclesAx": "{(EgoVehicle↦0.5717277526855469),(Vehicles2↦-0.5626365542411804),(Vehicles3↦-0.5675366520881653),(Vehicles4↦-0.5810263752937317),(Vehicles5↦-0.5657881498336792)}",
        "VehiclesVx": "{(EgoVehicle↦24.913291931152344),(Vehicles2↦-4.380766451358795),(Vehicles3↦-3.835824131965637),(Vehicles4↦-4.594795107841492),(Vehicles5↦-4.096648097038269)}",
        "VehiclesY": "{(EgoVehicle↦8.000000238418579),(Vehicles2↦-8.000000238418579),(Vehicles3↦-4.0000001192092896),(Vehicles4↦0.0),(Vehicles5↦-8.000000238418579)}",
        "VehiclesVy": "{(EgoVehicle↦0.0),(Vehicles2↦0.0),(Vehicles3↦0.0),(Vehicles4↦0.0),(Vehicles5↦0.0)}",
        "VehiclesX": "{(EgoVehicle↦200.0),(Vehicles2↦-8.873196691274643),(Vehicles3↦17.631137371063232),(Vehicles4↦38.6724054813385),(Vehicles5↦74.75141286849976)}"
      },
      "probabilisticVariables": null,
      "activating": [
        "IDLE_46"
      ],
      "activatingOnlyWhenExecuted": true,
      "updating": null,
      "withPredicate": null
    },
    {
      "id": "IDLE_46",
      "execute": "IDLE",
      "after": "1000",
      "priority": 0,
      "additionalGuards": null,
      "activationKind": null,
      "fixedVariables": {
        "Crash": "FALSE",
        "VehiclesAy": "{(EgoVehicle↦0.0),(Vehicles2↦0.0),(Vehicles3↦0.0),(Vehicles4↦0.0),(Vehicles5↦0.0)}",
        "Reward": "0.8663621788985972",
        "VehiclesAx": "{(EgoVehicle↦0.07529020309448242),(Vehicles2↦0.4738834500312805),(Vehicles3↦-0.8432275056838989),(Vehicles4↦0.42855918407440186),(Vehicles5↦0.26173800230026245)}",
        "VehiclesVx": "{(EgoVehicle↦24.988582134246826),(Vehicles2↦-3.9068830013275146),(Vehicles3↦-4.679051637649536),(Vehicles4↦-4.16623592376709),(Vehicles5↦-3.8349100947380066)}",
        "VehiclesY": "{(EgoVehicle↦8.000000238418579),(Vehicles2↦-4.0000001192092896),(Vehicles3↦0.0),(Vehicles4↦-8.000000238418579),(Vehicles5↦-4.0000001192092896)}",
        "VehiclesVy": "{(EgoVehicle↦0.0),(Vehicles2↦0.0),(Vehicles3↦0.0),(Vehicles4↦0.0),(Vehicles5↦0.0)}",
        "VehiclesX": "{(EgoVehicle↦200.0),(Vehicles2↦13.755469024181366),(Vehicles3↦34.032464027404785),(Vehicles4↦70.61553001403809),(Vehicles5↦88.67421746253967)}"
      },
      "probabilisticVariables": null,
      "activating": [
        "SLOWER_47"
      ],
      "activatingOnlyWhenExecuted": true,
      "updating": null,
      "withPredicate": null
    },
    {
      "id": "SLOWER_47",
      "execute": "SLOWER",
      "after": "1000",
      "priority": 0,
      "additionalGuards": null,
      "activationKind": null,
      "fixedVariables": {
        "Crash": "FALSE",
        "VehiclesAy": "{(EgoVehicle↦0.0),(Vehicles2↦0.0),(Vehicles3↦0.0),(Vehicles4↦0.0),(Vehicles5↦0.0)}",
        "Reward": "0.7508515352184709",
        "VehiclesAx": "{(EgoVehicle↦-4.331650733947754),(Vehicles2↦4.3359144032001495),(Vehicles3↦4.323025122284889),(Vehicles4↦4.337140992283821),(Vehicles5↦4.336884059011936)}",
        "VehiclesVx": "{(EgoVehicle↦20.656931400299072),(Vehicles2↦0.4290314018726349),(Vehicles3↦-0.3560265153646469),(Vehicles4↦0.17090506851673126),(Vehicles5↦0.5019739642739296)}",
        "VehiclesY": "{(EgoVehicle↦8.000000238418579),(Vehicles2↦-4.0000001192092896),(Vehicles3↦0.0),(Vehicles4↦-8.000000238418579),(Vehicles5↦-4.0000001192092896)}",
        "VehiclesVy": "{(EgoVehicle↦0.0),(Vehicles2↦0.0),(Vehicles3↦0.0),(Vehicles4↦0.0),(Vehicles5↦0.0)}",
        "VehiclesX": "{(EgoVehicle↦200.0),(Vehicles2↦12.239881604909897),(Vehicles3↦31.739526987075806),(Vehicles4↦68.8410997390747),(Vehicles5↦87.23099827766418)}"
      },
      "probabilisticVariables": null,
      "activating": [
        "SLOWER_48"
      ],
      "activatingOnlyWhenExecuted": true,
      "updating": null,
      "withPredicate": null
    },
    {
      "id": "SLOWER_48",
      "execute": "SLOWER",
      "after": "1000",
      "priority": 0,
      "additionalGuards": null,
      "activationKind": null,
      "fixedVariables": {
        "Crash": "FALSE",
        "VehiclesAy": "{(EgoVehicle↦0.0),(Vehicles2↦0.0),(Vehicles3↦0.0),(Vehicles4↦0.0),(Vehicles5↦0.0)}",
        "Reward": "0.7356402570383721",
        "VehiclesAx": "{(EgoVehicle↦-0.5704212188720703),(Vehicles2↦0.5747191607952118),(Vehicles3↦0.5621538311243057),(Vehicles4↦0.5757308751344681),(Vehicles5↦0.5756250396370888)}",
        "VehiclesVx": "{(EgoVehicle↦20.086510181427002),(Vehicles2↦1.0037505626678467),(Vehicles3↦0.2061273157596588),(Vehicles4↦0.7466359436511993),(Vehicles5↦1.0775990039110184)}",
        "VehiclesY": "{(EgoVehicle↦8.000000238418579),(Vehicles2↦-4.0000001192092896),(Vehicles3↦0.0),(Vehicles4↦-8.000000238418579),(Vehicles5↦-4.0000001192092896)}",
        "VehiclesVy": "{(EgoVehicle↦0.0),(Vehicles2↦0.0),(Vehicles3↦0.0),(Vehicles4↦0.0),(Vehicles5↦0.0)}",
        "VehiclesX": "{(EgoVehicle↦200.0),(Vehicles2↦12.985308468341827),(Vehicles3↦31.694841384887695),(Vehicles4↦69.32882070541382),(Vehicles5↦88.04973363876343)}"
      },
      "probabilisticVariables": null,
      "activating": [
        "IDLE_49"
      ],
      "activatingOnlyWhenExecuted": true,
      "updating": null,
      "withPredicate": null
    },
    {
      "id": "IDLE_49",
      "execute": "IDLE",
      "after": "1000",
      "priority": 0,
      "additionalGuards": null,
      "activationKind": null,
      "fixedVariables": {
        "Crash": "FALSE",
        "VehiclesAy": "{(EgoVehicle↦0.0),(Vehicles2↦0.0),(Vehicles3↦0.0),(Vehicles4↦0.0),(Vehicles5↦0.0)}",
        "Reward": "0.7336371257553961",
        "VehiclesAx": "{(EgoVehicle↦-0.0751185417175293),(Vehicles2↦0.07944121956825256),(Vehicles3↦0.06721319630742073),(Vehicles4↦0.08026480674743652),(Vehicles5↦0.08028648793697357)}",
        "VehiclesVx": "{(EgoVehicle↦20.011391639709473),(Vehicles2↦1.0831917822360992),(Vehicles3↦0.27334051206707954),(Vehicles4↦0.8269007503986359),(Vehicles5↦1.157885491847992)}",
        "VehiclesY": "{(EgoVehicle↦8.000000238418579),(Vehicles2↦-4.0000001192092896),(Vehicles3↦0.0),(Vehicles4↦-8.000000238418579),(Vehicles5↦-4.0000001192092896)}",
        "VehiclesVy": "{(EgoVehicle↦0.0),(Vehicles2↦0.0),(Vehicles3↦0.0),(Vehicles4↦0.0),(Vehicles5↦0.0)}",
        "VehiclesX": "{(EgoVehicle↦200.0),(Vehicles2↦14.03222531080246),(Vehicles3↦31.939217448234558),(Vehicles4↦70.1189637184143),(Vehicles5↦89.17083740234375)}"
      },
      "probabilisticVariables": null,
      "activating": [
        "IDLE_50"
      ],
      "activatingOnlyWhenExecuted": true,
      "updating": null,
      "withPredicate": null
    },
    {
      "id": "IDLE_50",
      "execute": "IDLE",
      "after": "1000",
      "priority": 0,
      "additionalGuards": null,
      "activationKind": null,
      "fixedVariables": {
        "Crash": "FALSE",
        "VehiclesAy": "{(EgoVehicle↦0.0),(Vehicles2↦0.0),(Vehicles3↦0.0),(Vehicles4↦0.0),(Vehicles5↦0.0)}",
        "Reward": "0.7333733389197779",
        "VehiclesAx": "{(EgoVehicle↦-0.009891986846923828),(Vehicles2↦0.014240294694900513),(Vehicles3↦0.002361312508583069),(Vehicles4↦0.014899671077728271),(Vehicles5↦0.015027746558189392)}",
        "VehiclesVx": "{(EgoVehicle↦20.00149965286255),(Vehicles2↦1.0974320769309998),(Vehicles3↦0.2757018245756626),(Vehicles4↦0.8418004214763641),(Vehicles5↦1.1729132384061813)}",
        "VehiclesY": "{(EgoVehicle↦8.000000238418579),(Vehicles2↦-4.0000001192092896),(Vehicles3↦0.0),(Vehicles4↦-8.000000238418579),(Vehicles5↦-4.0000001192092896)}",
        "VehiclesVy": "{(EgoVehicle↦0.0),(Vehicles2↦0.0),(Vehicles3↦0.0),(Vehicles4↦0.0),(Vehicles5↦0.0)}",
        "VehiclesX": "{(EgoVehicle↦200.0),(Vehicles2↦15.122611820697784),(Vehicles3↦32.214972376823425),(Vehicles4↦70.95333337783813),(Vehicles5↦90.33623933792114)}"
      },
      "probabilisticVariables": null,
      "activating": [
        "IDLE_51"
      ],
      "activatingOnlyWhenExecuted": true,
      "updating": null,
      "withPredicate": null
    },
    {
      "id": "IDLE_51",
      "execute": "IDLE",
      "after": "1000",
      "priority": 0,
      "additionalGuards": null,
      "activationKind": null,
      "fixedVariables": {
        "Crash": "FALSE",
        "VehiclesAy": "{(EgoVehicle↦0.0),(Vehicles2↦0.0),(Vehicles3↦0.0),(Vehicles4↦0.0),(Vehicles5↦0.0)}",
        "Reward": "0.7333386015587088",
        "VehiclesAx": "{(EgoVehicle↦-0.0013017654418945312),(Vehicles2↦0.005672276020050049),(Vehicles3↦-0.005847383290529251),(Vehicles4↦0.006189197301864624),(Vehicles5↦0.0064048171043396)}",
        "VehiclesVx": "{(EgoVehicle↦20.000197887420654),(Vehicles2↦1.1031043529510498),(Vehicles3↦0.26985444128513336),(Vehicles4↦0.8479896187782288),(Vehicles5↦1.179318055510521)}",
        "VehiclesY": "{(EgoVehicle↦8.000000238418579),(Vehicles2↦-4.0000001192092896),(Vehicles3↦0.0),(Vehicles4↦-8.000000238418579),(Vehicles5↦-4.0000001192092896)}",
        "VehiclesVy": "{(EgoVehicle↦0.0),(Vehicles2↦0.0),(Vehicles3↦0.0),(Vehicles4↦0.0),(Vehicles5↦0.0)}",
        "VehiclesX": "{(EgoVehicle↦200.0),(Vehicles2↦16.222508251667023),(Vehicles3↦32.48850405216217),(Vehicles4↦71.79781794548035),(Vehicles5↦91.51191711425781)}"
      },
      "probabilisticVariables": null,
      "activating": [
        "IDLE_52"
      ],
      "activatingOnlyWhenExecuted": true,
      "updating": null,
      "withPredicate": null
    },
    {
      "id": "IDLE_52",
      "execute": "IDLE",
      "after": "1000",
      "priority": 0,
      "additionalGuards": null,
      "activationKind": null,
      "fixedVariables": {
        "Crash": "FALSE",
        "VehiclesAy": "{(EgoVehicle↦0.0),(Vehicles2↦0.0),(Vehicles3↦0.0),(Vehicles4↦0.0),(Vehicles5↦0.0)}",
        "Reward": "0.7333340270914075",
        "VehiclesAx": "{(EgoVehicle↦-0.000171661376953125),(Vehicles2↦0.004559606313705444),(Vehicles3↦-0.006592068821191788),(Vehicles4↦0.004953593015670776),(Vehicles5↦0.005239993333816528)}",
        "VehiclesVx": "{(EgoVehicle↦20.0000262260437),(Vehicles2↦1.1076639592647552),(Vehicles3↦0.2632623724639416),(Vehicles4↦0.8529432117938995),(Vehicles5↦1.1845580488443375)}",
        "VehiclesY": "{(EgoVehicle↦8.000000238418579),(Vehicles2↦-4.0000001192092896),(Vehicles3↦0.0),(Vehicles4↦-8.000000238418579),(Vehicles5↦-4.0000001192092896)}",
        "VehiclesVy": "{(EgoVehicle↦0.0),(Vehicles2↦0.0),(Vehicles3↦0.0),(Vehicles4↦0.0),(Vehicles5↦0.0)}",
        "VehiclesX": "{(EgoVehicle↦200.0),(Vehicles2↦17.327462136745453),(Vehicles3↦32.755714654922485),(Vehicles4↦72.64782190322876),(Vehicles5↦92.69335865974426)}"
      },
      "probabilisticVariables": null,
      "activating": [
        "IDLE_53"
      ],
      "activatingOnlyWhenExecuted": true,
      "updating": null,
      "withPredicate": null
    },
    {
      "id": "IDLE_53",
      "execute": "IDLE",
      "after": "1000",
      "priority": 0,
      "additionalGuards": null,
      "activationKind": null,
      "fixedVariables": {
        "Crash": "FALSE",
        "VehiclesAy": "{(EgoVehicle↦0.0),(Vehicles2↦0.0),(Vehicles3↦0.0),(Vehicles4↦0.0),(Vehicles5↦0.0)}",
        "Reward": "0.7333334246924212",
        "VehiclesAx": "{(EgoVehicle↦-2.384185791015625E-05),(Vehicles2↦0.0044264644384384155),(Vehicles3↦-0.006350185722112656),(Vehicles4↦0.004715025424957275),(Vehicles5↦0.005057230591773987)}",
        "VehiclesVx": "{(EgoVehicle↦20.00000238418579),(Vehicles2↦1.1120904237031937),(Vehicles3↦0.2569121867418289),(Vehicles4↦0.8576582372188568),(Vehicles5↦1.1896152794361115)}",
        "VehiclesY": "{(EgoVehicle↦8.000000238418579),(Vehicles2↦-4.0000001192092896),(Vehicles3↦0.0),(Vehicles4↦-8.000000238418579),(Vehicles5↦-4.0000001192092896)}",
        "VehiclesVy": "{(EgoVehicle↦0.0),(Vehicles2↦0.0),(Vehicles3↦0.0),(Vehicles4↦0.0),(Vehicles5↦0.0)}",
        "VehiclesX": "{(EgoVehicle↦200.0),(Vehicles2↦18.436898291110992),(Vehicles3↦33.01641047000885),(Vehicles4↦73.50266575813293),(Vehicles5↦93.87994408607483)}"
      },
      "probabilisticVariables": null,
      "activating": [
        "IDLE_54"
      ],
      "activatingOnlyWhenExecuted": true,
      "updating": null,
      "withPredicate": null
    },
    {
      "id": "IDLE_54",
      "execute": "IDLE",
      "after": "1000",
      "priority": 0,
      "additionalGuards": null,
      "activationKind": null,
      "fixedVariables": {
        "Crash": "FALSE",
        "VehiclesAy": "{(EgoVehicle↦0.0),(Vehicles2↦0.0),(Vehicles3↦0.0),(Vehicles4↦0.0),(Vehicles5↦0.0)}",
        "Reward": "0.7333333453641598",
        "VehiclesAx": "{(EgoVehicle↦-2.384185791015625E-06),(Vehicles2↦0.00442013144493103),(Vehicles3↦-0.005975980311632156),(Vehicles4↦0.004618838429450989),(Vehicles5↦0.0050036609172821045)}",
        "VehiclesVx": "{(EgoVehicle↦20.0),(Vehicles2↦1.1165105551481247),(Vehicles3↦0.25093620643019676),(Vehicles4↦0.8622770756483078),(Vehicles5↦1.1946189403533936)}",
        "VehiclesY": "{(EgoVehicle↦8.000000238418579),(Vehicles2↦-4.0000001192092896),(Vehicles3↦0.0),(Vehicles4↦-8.000000238418579),(Vehicles5↦-4.0000001192092896)}",
        "VehiclesVy": "{(EgoVehicle↦0.0),(Vehicles2↦0.0),(Vehicles3↦0.0),(Vehicles4↦0.0),(Vehicles5↦0.0)}",
        "VehiclesX": "{(EgoVehicle↦200.0),(Vehicles2↦19.550755620002747),(Vehicles3↦33.2709014415741),(Vehicles4↦74.36217665672302),(Vehicles5↦95.07156610488892)}"
      },
      "probabilisticVariables": null,
      "activating": [
        "IDLE_55"
      ],
      "activatingOnlyWhenExecuted": true,
      "updating": null,
      "withPredicate": null
    },
    {
      "id": "IDLE_55",
      "execute": "IDLE",
      "after": "1000",
      "priority": 0,
      "additionalGuards": null,
      "activationKind": null,
      "fixedVariables": {
        "Crash": "FALSE",
        "VehiclesAy": "{(EgoVehicle↦0.0),(Vehicles2↦0.0),(Vehicles3↦0.0),(Vehicles4↦0.0),(Vehicles5↦0.0)}",
        "Reward": "0.7333333349176397",
        "VehiclesAx": "{(EgoVehicle↦0.0),(Vehicles2↦0.0044283270835876465),(Vehicles3↦-0.005582980811595917),(Vehicles4↦0.004551485180854797),(Vehicles5↦0.004967227578163147)}",
        "VehiclesVx": "{(EgoVehicle↦20.0),(Vehicles2↦1.1209388822317123),(Vehicles3↦0.24535322561860085),(Vehicles4↦0.8668285608291626),(Vehicles5↦1.1995861679315567)}",
        "VehiclesY": "{(EgoVehicle↦8.000000238418579),(Vehicles2↦-4.0000001192092896),(Vehicles3↦0.0),(Vehicles4↦-8.000000238418579),(Vehicles5↦-4.0000001192092896)}",
        "VehiclesVy": "{(EgoVehicle↦0.0),(Vehicles2↦0.0),(Vehicles3↦0.0),(Vehicles4↦0.0),(Vehicles5↦0.0)}",
        "VehiclesX": "{(EgoVehicle↦200.0),(Vehicles2↦20.669037103652954),(Vehicles3↦33.519572019577026),(Vehicles4↦75.22627711296082),(Vehicles5↦96.26817107200623)}"
      },
      "probabilisticVariables": null,
      "activating": [
        "IDLE_56"
      ],
      "activatingOnlyWhenExecuted": true,
      "updating": null,
      "withPredicate": null
    },
    {
      "id": "IDLE_56",
      "execute": "IDLE",
      "after": "1000",
      "priority": 0,
      "additionalGuards": null,
      "activationKind": null,
      "fixedVariables": {
        "Crash": "FALSE",
        "VehiclesAy": "{(EgoVehicle↦0.0),(Vehicles2↦0.0),(Vehicles3↦0.0),(Vehicles4↦0.0),(Vehicles5↦0.0)}",
        "Reward": "0.7333333335419664",
        "VehiclesAx": "{(EgoVehicle↦0.0),(Vehicles2↦0.004436597228050232),(Vehicles3↦-0.0051872618496418),(Vehicles4↦0.004496723413467407),(Vehicles5↦0.004932805895805359)}",
        "VehiclesVx": "{(EgoVehicle↦20.0),(Vehicles2↦1.1253754794597626),(Vehicles3↦0.24016596376895905),(Vehicles4↦0.87132528424263),(Vehicles5↦1.204518973827362)}",
        "VehiclesY": "{(EgoVehicle↦8.000000238418579),(Vehicles2↦-4.0000001192092896),(Vehicles3↦0.0),(Vehicles4↦-8.000000238418579),(Vehicles5↦-4.0000001192092896)}",
        "VehiclesVy": "{(EgoVehicle↦0.0),(Vehicles2↦0.0),(Vehicles3↦0.0),(Vehicles4↦0.0),(Vehicles5↦0.0)}",
        "VehiclesX": "{(EgoVehicle↦200.0),(Vehicles2↦21.791750192642212),(Vehicles3↦33.762818574905396),(Vehicles4↦76.09490752220154),(Vehicles5↦97.46973514556885)}"
      },
      "probabilisticVariables": null,
      "activating": [
        "IDLE_57"
      ],
      "activatingOnlyWhenExecuted": true,
      "updating": null,
      "withPredicate": null
    },
    {
      "id": "IDLE_57",
      "execute": "IDLE",
      "after": "1000",
      "priority": 0,
      "additionalGuards": null,
      "activationKind": null,
      "fixedVariables": {
        "Crash": "FALSE",
        "VehiclesAy": "{(EgoVehicle↦0.0),(Vehicles2↦0.0),(Vehicles3↦0.0),(Vehicles4↦0.0),(Vehicles5↦0.0)}",
        "Reward": "0.7333333333608075",
        "VehiclesAx": "{(EgoVehicle↦0.0),(Vehicles2↦-0.49790024757385254),(Vehicles3↦0.8896524459123611),(Vehicles4↦-0.6359513103961945),(Vehicles5↦-0.3287424147129059)}",
        "VehiclesVx": "{(EgoVehicle↦20.0),(Vehicles2↦0.62747523188591),(Vehicles3↦1.1298184096813202),(Vehicles4↦0.23537397384643555),(Vehicles5↦0.8757765591144562)}",
        "VehiclesY": "{(EgoVehicle↦8.000000238418579),(Vehicles2↦-8.000000238418579),(Vehicles3↦-4.0000001192092896),(Vehicles4↦0.0),(Vehicles5↦-8.000000238418579)}",
        "VehiclesVy": "{(EgoVehicle↦0.0),(Vehicles2↦0.0),(Vehicles3↦0.0),(Vehicles4↦0.0),(Vehicles5↦0.0)}",
        "VehiclesX": "{(EgoVehicle↦200.0),(Vehicles2↦-9.846873581409454),(Vehicles3↦22.918902337551117),(Vehicles4↦34.00103449821472),(Vehicles5↦76.96802020072937)}"
      },
      "probabilisticVariables": null,
      "activating": [
        "IDLE_58"
      ],
      "activatingOnlyWhenExecuted": true,
      "updating": null,
      "withPredicate": null
    },
    {
      "id": "IDLE_58",
      "execute": "IDLE",
      "after": "1000",
      "priority": 0,
      "additionalGuards": null,
      "activationKind": null,
      "fixedVariables": {
        "Crash": "FALSE",
        "VehiclesAy": "{(EgoVehicle↦0.0),(Vehicles2↦0.0),(Vehicles3↦0.0),(Vehicles4↦0.0),(Vehicles5↦0.0)}",
        "Reward": "0.7333333333369514",
        "VehiclesAx": "{(EgoVehicle↦0.0),(Vehicles2↦0.006936937570571899),(Vehicles3↦0.0044474005699157715),(Vehicles4↦-0.0043984875082969666),(Vehicles5↦0.004413872957229614)}",
        "VehiclesVx": "{(EgoVehicle↦20.0),(Vehicles2↦0.6344121694564819),(Vehicles3↦1.134265810251236),(Vehicles4↦0.23097548633813858),(Vehicles5↦0.8801904320716858)}",
        "VehiclesY": "{(EgoVehicle↦8.000000238418579),(Vehicles2↦-8.000000238418579),(Vehicles3↦-4.0000001192092896),(Vehicles4↦0.0),(Vehicles5↦-8.000000238418579)}",
        "VehiclesVy": "{(EgoVehicle↦0.0),(Vehicles2↦0.0),(Vehicles3↦0.0),(Vehicles4↦0.0),(Vehicles5↦0.0)}",
        "VehiclesX": "{(EgoVehicle↦200.0),(Vehicles2↦-9.216613322496414),(Vehicles3↦24.050499498844147),(Vehicles4↦34.234619140625),(Vehicles5↦77.84556150436401)}"
      },
      "probabilisticVariables": null,
      "activating": [
        "IDLE_59"
      ],
      "activatingOnlyWhenExecuted": true,
      "updating": null,
      "withPredicate": null
    },
    {
      "id": "IDLE_59",
      "execute": "IDLE",
      "after": "1000",
      "priority": 0,
      "additionalGuards": null,
      "activationKind": null,
      "fixedVariables": {
        "Crash": "FALSE",
        "VehiclesAy": "{(EgoVehicle↦0.0),(Vehicles2↦0.0),(Vehicles3↦0.0),(Vehicles4↦0.0),(Vehicles5↦0.0)}",
        "Reward": "0.7333333333338098",
        "VehiclesAx": "{(EgoVehicle↦0.0),(Vehicles2↦0.006815195083618164),(Vehicles3↦0.004449933767318726),(Vehicles4↦-0.004007909446954727),(Vehicles5↦0.0043836236000061035)}",
        "VehiclesVx": "{(EgoVehicle↦20.0),(Vehicles2↦0.6412273645401001),(Vehicles3↦1.1387157440185547),(Vehicles4↦0.22696757689118385),(Vehicles5↦0.8845740556716919)}",
        "VehiclesY": "{(EgoVehicle↦8.000000238418579),(Vehicles2↦-8.000000238418579),(Vehicles3↦-4.0000001192092896),(Vehicles4↦0.0),(Vehicles5↦-8.000000238418579)}",
        "VehiclesVy": "{(EgoVehicle↦0.0),(Vehicles2↦0.0),(Vehicles3↦0.0),(Vehicles4↦0.0),(Vehicles5↦0.0)}",
        "VehiclesX": "{(EgoVehicle↦200.0),(Vehicles2↦-8.579465746879578),(Vehicles3↦25.18654465675354),(Vehicles4↦34.46395993232727),(Vehicles5↦78.72750759124756)}"
      },
      "probabilisticVariables": null,
      "activating": [
        "IDLE_60"
      ],
      "activatingOnlyWhenExecuted": true,
      "updating": null,
      "withPredicate": null
    },
    {
      "id": "IDLE_60",
      "execute": "IDLE",
      "after": "1000",
      "priority": 0,
      "additionalGuards": null,
      "activationKind": null,
      "fixedVariables": {
        "Crash": "FALSE",
        "VehiclesAy": "{(EgoVehicle↦0.0),(Vehicles2↦0.0),(Vehicles3↦0.0),(Vehicles4↦0.0),(Vehicles5↦0.0)}",
        "Reward": "0.733333333333396",
        "VehiclesAx": "{(EgoVehicle↦0.0),(Vehicles2↦0.006698593497276306),(Vehicles3↦0.004450753331184387),(Vehicles4↦-0.003621205687522888),(Vehicles5↦0.004359260201454163)}",
        "VehiclesVx": "{(EgoVehicle↦20.0),(Vehicles2↦0.6479259580373764),(Vehicles3↦1.143166497349739),(Vehicles4↦0.22334637120366096),(Vehicles5↦0.8889333158731461)}",
        "VehiclesY": "{(EgoVehicle↦8.000000238418579),(Vehicles2↦-8.000000238418579),(Vehicles3↦-4.0000001192092896),(Vehicles4↦0.0),(Vehicles5↦-8.000000238418579)}",
        "VehiclesVy": "{(EgoVehicle↦0.0),(Vehicles2↦0.0),(Vehicles3↦0.0),(Vehicles4↦0.0),(Vehicles5↦0.0)}",
        "VehiclesX": "{(EgoVehicle↦200.0),(Vehicles2↦-7.935549318790436),(Vehicles3↦26.327040791511536),(Vehicles4↦34.68944728374481),(Vehicles5↦79.61382865905762)}"
      },
      "probabilisticVariables": null,
      "activating": [
        "IDLE_61"
      ],
      "activatingOnlyWhenExecuted": true,
      "updating": null,
      "withPredicate": null
    },
    {
      "id": "IDLE_61",
      "execute": "IDLE",
      "after": "1000",
      "priority": 0,
      "additionalGuards": null,
      "activationKind": null,
      "fixedVariables": {
        "Crash": "FALSE",
        "VehiclesAy": "{(EgoVehicle↦0.0),(Vehicles2↦0.0),(Vehicles3↦0.0),(Vehicles4↦0.0),(Vehicles5↦0.0)}",
        "Reward": "0.7333333333333415",
        "VehiclesAx": "{(EgoVehicle↦0.0),(Vehicles2↦0.006587132811546326),(Vehicles3↦0.004449784755706787),(Vehicles4↦-0.0032393448054790497),(Vehicles5↦0.004340410232543945)}",
        "VehiclesVx": "{(EgoVehicle↦20.0),(Vehicles2↦0.6545130908489227),(Vehicles3↦1.1476162821054459),(Vehicles4↦0.22010702639818192),(Vehicles5↦0.89327372610569)}",
        "VehiclesY": "{(EgoVehicle↦8.000000238418579),(Vehicles2↦-8.000000238418579),(Vehicles3↦-4.0000001192092896),(Vehicles4↦0.0),(Vehicles5↦-8.000000238418579)}",
        "VehiclesVy": "{(EgoVehicle↦0.0),(Vehicles2↦0.0),(Vehicles3↦0.0),(Vehicles4↦0.0),(Vehicles5↦0.0)}",
        "VehiclesX": "{(EgoVehicle↦200.0),(Vehicles2↦-7.284980267286301),(Vehicles3↦27.471989393234253),(Vehicles4↦34.911468625068665),(Vehicles5↦80.50450086593628)}"
      },
      "probabilisticVariables": null,
      "activating": null,
      "activatingOnlyWhenExecuted": true,
      "updating": null,
      "withPredicate": null
    }
  ],
  "listeners": [],
  "metadata": {
    "fileType": "Timed_Trace",
    "formatVersion": 3,
    "savedAt": "2023-08-21T06:52:08.685872Z",
    "creator": "Simulation: HYPOTHESIS_TEST; SIGNIFICANCE : 0.05, PROBABILITY : 0.95, MAX_STEPS_BEFORE_PROPERTY : 0, EXECUTIONS : 1000, PREDICATE : Crash = FALSE, ENDING_TIME : 60000, HYPOTHESIS_CHECKING_TYPE : LEFT_TAILED, CHECKING_TYPE : PREDICATE_INVARIANT",
    "proB2KernelVersion": "4.12.2",
    "proBCliVersion": "1.12.2-final",
    "modelName": "HighwayEnvironment2"
  }
}