{
  "variables": {},
  "activations": [
    {
      "id": "$setup_constants",
      "execute": "$setup_constants",
      "after": "0",
      "priority": 0,
      "additionalGuards": null,
      "activationKind": null,
      "fixedVariables": null,
      "probabilisticVariables": null,
      "activating": null,
      "activatingOnlyWhenExecuted": true,
      "updating": null,
      "withPredicate": null
    },
    {
      "id": "$initialise_machine",
      "execute": "$initialise_machine",
      "after": "0",
      "priority": 0,
      "additionalGuards": null,
      "activationKind": null,
      "fixedVariables": {
        "Crash": "FALSE",
        "VehiclesAy": "{(EgoVehicle↦0.0),(Vehicles2↦0.0),(Vehicles3↦0.0),(Vehicles4↦0.0),(Vehicles5↦0.0)}",
        "Reward": "0.0",
        "VehiclesAx": "{(EgoVehicle↦0.0),(Vehicles2↦0.0),(Vehicles3↦0.0),(Vehicles4↦0.0),(Vehicles5↦0.0)}",
        "VehiclesVx": "{(EgoVehicle↦25.0),(Vehicles2↦-2.946944832801819),(Vehicles3↦-1.4747366309165955),(Vehicles4↦-3.6857837438583374),(Vehicles5↦-2.33522966504097)}",
        "VehiclesY": "{(EgoVehicle↦0.0),(Vehicles2↦0.0),(Vehicles3↦4.0000001192092896),(Vehicles4↦8.000000238418579),(Vehicles5↦0.0)}",
        "VehiclesVy": "{(EgoVehicle↦0.0),(Vehicles2↦0.0),(Vehicles3↦0.0),(Vehicles4↦0.0),(Vehicles5↦0.0)}",
        "VehiclesX": "{(EgoVehicle↦154.16492223739624),(Vehicles2↦22.95207530260086),(Vehicles3↦47.52369821071625),(Vehicles4↦68.66329312324524),(Vehicles5↦93.64774823188782)}"
      },
      "probabilisticVariables": null,
      "activating": [
        "LANE_RIGHT_2"
      ],
      "activatingOnlyWhenExecuted": true,
      "updating": null,
      "withPredicate": null
    },
    {
      "id": "LANE_RIGHT_2",
      "execute": "LANE_RIGHT",
      "after": "1000",
      "priority": 0,
      "additionalGuards": null,
      "activationKind": null,
      "fixedVariables": {
        "Crash": "FALSE",
        "VehiclesAy": "{(EgoVehicle↦1.0796338319778442),(Vehicles2↦-1.0796338319778442),(Vehicles3↦-1.0796338319778442),(Vehicles4↦-1.0796338319778442),(Vehicles5↦-1.0796338319778442)}",
        "Reward": "0.8327113850086175",
        "VehiclesAx": "{(EgoVehicle↦-0.023322105407714844),(Vehicles2↦-0.8650287985801697),(Vehicles3↦-1.1447781324386597),(Vehicles4↦-0.3665772080421448),(Vehicles5↦-2.1180449426174164)}",
        "VehiclesVx": "{(EgoVehicle↦24.976677894592285),(Vehicles2↦-3.8119736313819885),(Vehicles3↦-2.619514763355255),(Vehicles4↦-4.052360951900482),(Vehicles5↦-4.453274607658386)}",
        "VehiclesY": "{(EgoVehicle↦3.6599650382995605),(Vehicles2↦-3.6599650382995605),(Vehicles3↦0.3400348797440529),(Vehicles4↦4.34003484249115),(Vehicles5↦-3.6599650382995605)}",
        "VehiclesVy": "{(EgoVehicle↦1.0796338319778442),(Vehicles2↦-1.0796338319778442),(Vehicles3↦-1.0796338319778442),(Vehicles4↦-1.0796338319778442),(Vehicles5↦-1.0796338319778442)}",
        "VehiclesX": "{(EgoVehicle↦178.84517908096313),(Vehicles2↦19.943100214004517),(Vehicles3↦45.83137333393097),(Vehicles4↦65.11747241020203),(Vehicles5↦90.67718386650085)}"
      },
      "probabilisticVariables": null,
      "activating": [
        "LANE_RIGHT_3"
      ],
      "activatingOnlyWhenExecuted": true,
      "updating": null,
      "withPredicate": null
    },
    {
      "id": "LANE_RIGHT_3",
      "execute": "LANE_RIGHT",
      "after": "1000",
      "priority": 0,
      "additionalGuards": null,
      "activationKind": null,
      "fixedVariables": {
        "Crash": "FALSE",
        "VehiclesAy": "{(EgoVehicle↦0.037668049335479736),(Vehicles2↦-0.037668049335479736),(Vehicles3↦-0.037668049335479736),(Vehicles4↦-0.037668049335479736),(Vehicles5↦-2.196935713291168)}",
        "Reward": "0.8660005399738949",
        "VehiclesAx": "{(EgoVehicle↦-0.0016570091247558594),(Vehicles2↦-0.6245428323745728),(Vehicles3↦-0.6089642643928528),(Vehicles4↦-0.1851251721382141),(Vehicles5↦-1.400836706161499)}",
        "VehiclesVx": "{(EgoVehicle↦24.97502088546753),(Vehicles2↦-4.436516463756561),(Vehicles3↦-3.228479027748108),(Vehicles4↦-4.237486124038696),(Vehicles5↦-5.854111313819885)}",
        "VehiclesY": "{(EgoVehicle↦7.648639440536499),(Vehicles2↦-7.648639440536499),(Vehicles3↦-3.6486393213272095),(Vehicles4↦0.35136057436466217),(Vehicles5↦-7.648639440536499)}",
        "VehiclesVy": "{(EgoVehicle↦1.117301881313324),(Vehicles2↦-1.117301881313324),(Vehicles3↦-1.117301881313324),(Vehicles4↦-1.117301881313324),(Vehicles5↦-1.117301881313324)}",
        "VehiclesX": "{(EgoVehicle↦200.0),(Vehicles2↦16.22086465358734),(Vehicles3↦43.30179691314697),(Vehicles4↦61.335551738739014),(Vehicles5↦85.98905205726624)}"
      },
      "probabilisticVariables": null,
      "activating": [
        "FASTER_4"
      ],
      "activatingOnlyWhenExecuted": true,
      "updating": null,
      "withPredicate": null
    },
    {
      "id": "FASTER_4",
      "execute": "FASTER",
      "after": "1000",
      "priority": 0,
      "additionalGuards": null,
      "activationKind": null,
      "fixedVariables": {
        "Crash": "FALSE",
        "VehiclesAy": "{(EgoVehicle↦-1.0893604787997901),(Vehicles2↦1.0893604787997901),(Vehicles3↦1.0893604787997901),(Vehicles4↦1.0893604787997901),(Vehicles5↦-1.1452432838268578)}",
        "Reward": "0.9824413461860831",
        "VehiclesAx": "{(EgoVehicle↦4.3665289878845215),(Vehicles2↦-4.850710928440094),(Vehicles3↦-4.7733074426651),(Vehicles4↦-4.458441138267517),(Vehicles5↦-5.423867106437683)}",
        "VehiclesVx": "{(EgoVehicle↦29.34154987335205),(Vehicles2↦-9.287227392196655),(Vehicles3↦-8.001786470413208),(Vehicles4↦-8.695927262306213),(Vehicles5↦-11.277978420257568)}",
        "VehiclesY": "{(EgoVehicle↦7.99330472946167),(Vehicles2↦-7.99330472946167),(Vehicles3↦-3.9933046102523804),(Vehicles4↦0.006695416057482362),(Vehicles5↦-7.99330472946167)}",
        "VehiclesVy": "{(EgoVehicle↦0.02794140251353383),(Vehicles2↦-0.02794140251353383),(Vehicles3↦-0.02794140251353383),(Vehicles4↦-0.02794140251353383),(Vehicles5↦-0.02794140251353383)}",
        "VehiclesX": "{(EgoVehicle↦200.0),(Vehicles2↦9.16661024093628),(Vehicles3↦37.48160898685455),(Vehicles4↦54.64048981666565),(Vehicles5↦77.26666331291199)}"
      },
      "probabilisticVariables": null,
      "activating": [
        "IDLE_5"
      ],
      "activatingOnlyWhenExecuted": true,
      "updating": null,
      "withPredicate": null
    },
    {
      "id": "IDLE_5",
      "execute": "IDLE",
      "after": "1000",
      "priority": 0,
      "additionalGuards": null,
      "activationKind": null,
      "fixedVariables": {
        "Crash": "FALSE",
        "VehiclesAy": "{(EgoVehicle↦-0.027845542535942513),(Vehicles2↦0.027845542535942513),(Vehicles3↦0.027845542535942513),(Vehicles4↦0.027845542535942513),(Vehicles5↦-0.028037262491125148)}",
        "Reward": "0.9976877960071264",
        "VehiclesAx": "{(EgoVehicle↦0.571742057800293),(Vehicles2↦-0.9756326675415039),(Vehicles3↦-0.846061110496521),(Vehicles4↦-0.6314873695373535),(Vehicles5↦-1.2791657447814941)}",
        "VehiclesVx": "{(EgoVehicle↦29.913291931152344),(Vehicles2↦-10.26286005973816),(Vehicles3↦-8.847847580909729),(Vehicles4↦-9.327414631843567),(Vehicles5↦-12.557144165039062)}",
        "VehiclesY": "{(EgoVehicle↦8.000002384185791),(Vehicles2↦-8.000002384185791),(Vehicles3↦-4.0000022649765015),(Vehicles4↦-2.2135311610327335E-06),(Vehicles5↦-8.000002384185791)}",
        "VehiclesVy": "{(EgoVehicle↦9.585997759131715E-05),(Vehicles2↦-9.585997759131715E-05),(Vehicles3↦-9.585997759131715E-05),(Vehicles4↦-9.585997759131715E-05),(Vehicles5↦-9.585997759131715E-05)}",
        "VehiclesX": "{(EgoVehicle↦200.0),(Vehicles2↦-0.6027529947459698),(Vehicles3↦29.046106338500977),(Vehicles4↦45.603469014167786),(Vehicles5↦65.36450982093811)}"
      },
      "probabilisticVariables": null,
      "activating": [
        "IDLE_6"
      ],
      "activatingOnlyWhenExecuted": true,
      "updating": null,
      "withPredicate": null
    },
    {
      "id": "IDLE_6",
      "execute": "IDLE",
      "after": "1000",
      "priority": 0,
      "additionalGuards": null,
      "activationKind": null,
      "fixedVariables": {
        "Crash": "FALSE",
        "VehiclesAy": "{(EgoVehicle↦-0.00010207551952134963),(Vehicles2↦0.00010207551952134963),(Vehicles3↦0.00010207551952134963),(Vehicles4↦0.00010207551952134963),(Vehicles5↦-8.964443566128466E-05)}",
        "Reward": "0.9996955122319133",
        "VehiclesAx": "{(EgoVehicle↦0.07529020309448242),(Vehicles2↦1.1506068706512451),(Vehicles3↦-0.5942642688751221),(Vehicles4↦-3.7293797731399536),(Vehicles5↦2.5660091638565063)}",
        "VehiclesVx": "{(EgoVehicle↦29.988582134246826),(Vehicles2↦-9.112253189086914),(Vehicles3↦-9.442111849784851),(Vehicles4↦-13.05679440498352),(Vehicles5↦-9.991135001182556)}",
        "VehiclesY": "{(EgoVehicle↦8.000001668930054),(Vehicles2↦-4.000001907348633),(Vehicles3↦-1.8936242440759088E-06),(Vehicles4↦-8.000001668930054),(Vehicles5↦-4.000001907348633)}",
        "VehiclesVy": "{(EgoVehicle↦-6.2155419300324866E-06),(Vehicles2↦6.2155419300324866E-06),(Vehicles3↦6.2155419300324866E-06),(Vehicles4↦6.2155419300324866E-06),(Vehicles5↦6.2155419300324866E-06)}",
        "VehiclesX": "{(EgoVehicle↦200.0),(Vehicles2↦20.07598876953125),(Vehicles3↦36.217328906059265),(Vehicles4↦52.57664918899536),(Vehicles5↦85.22593975067139)}"
      },
      "probabilisticVariables": null,
      "activating": [
        "IDLE_7"
      ],
      "activatingOnlyWhenExecuted": true,
      "updating": null,
      "withPredicate": null
    },
    {
      "id": "IDLE_7",
      "execute": "IDLE",
      "after": "1000",
      "priority": 0,
      "additionalGuards": null,
      "activationKind": null,
      "fixedVariables": {
        "Crash": "FALSE",
        "VehiclesAy": "{(EgoVehicle↦6.092985973538134E-06),(Vehicles2↦-6.092985973538134E-06),(Vehicles3↦-6.092985973538134E-06),(Vehicles4↦-6.092985973538134E-06),(Vehicles5↦6.338097886526839E-06)}",
        "Reward": "0.9999599028453572",
        "VehiclesAx": "{(EgoVehicle↦0.009913444519042969),(Vehicles2↦-0.14957964420318604),(Vehicles3↦-0.034212470054626465),(Vehicles4↦-0.22615551948547363),(Vehicles5↦-0.1067739725112915)}",
        "VehiclesVx": "{(EgoVehicle↦29.99849557876587),(Vehicles2↦-9.2618328332901),(Vehicles3↦-9.476324319839478),(Vehicles4↦-13.282949924468994),(Vehicles5↦-10.097908973693848)}",
        "VehiclesY": "{(EgoVehicle↦8.000000238418579),(Vehicles2↦-4.0000001192092896),(Vehicles3↦-2.8643444949238983E-08),(Vehicles4↦-8.000000238418579),(Vehicles5↦-4.0000001192092896)}",
        "VehiclesVy": "{(EgoVehicle↦-1.2255595649435236E-07),(Vehicles2↦1.2255595649435236E-07),(Vehicles3↦1.2255595649435236E-07),(Vehicles4↦1.2255595649435236E-07),(Vehicles5↦1.2255595649435236E-07)}",
        "VehiclesX": "{(EgoVehicle↦200.0),(Vehicles2↦10.89940220117569),(Vehicles3↦26.759031414985657),(Vehicles4↦39.41377103328705),(Vehicles5↦75.18782615661621)}"
      },
      "probabilisticVariables": null,
      "activating": [
        "SLOWER_8"
      ],
      "activatingOnlyWhenExecuted": true,
      "updating": null,
      "withPredicate": null
    },
    {
      "id": "SLOWER_8",
      "execute": "SLOWER",
      "after": "1000",
      "priority": 0,
      "additionalGuards": null,
      "activationKind": null,
      "fixedVariables": {
        "Crash": "FALSE",
        "VehiclesAy": "{(EgoVehicle↦1.2165048524082067E-07),(Vehicles2↦-1.2165047635903647E-07),(Vehicles3↦-1.2165047635903647E-07),(Vehicles4↦-1.2165047635903647E-07),(Vehicles5↦1.2346143662966824E-07)}",
        "Reward": "0.8842196854227081",
        "VehiclesAx": "{(EgoVehicle↦-4.34025764465332),(Vehicles2↦4.230400919914246),(Vehicles3↦4.326156377792358),(Vehicles4↦4.275467395782471),(Vehicles5↦4.272558689117432)}",
        "VehiclesVx": "{(EgoVehicle↦25.65823793411255),(Vehicles2↦-5.0314319133758545),(Vehicles3↦-5.150167942047119),(Vehicles4↦-9.007482528686523),(Vehicles5↦-5.825350284576416)}",
        "VehiclesY": "{(EgoVehicle↦8.000000238418579),(Vehicles2↦-4.0000001192092896),(Vehicles3↦-2.1996937604740197E-10),(Vehicles4↦-8.000000238418579),(Vehicles5↦-4.0000001192092896)}",
        "VehiclesVy": "{(EgoVehicle↦-9.054712535316867E-10),(Vehicles2↦9.054801353158837E-10),(Vehicles3↦9.054801353158837E-10),(Vehicles4↦9.054801353158837E-10),(Vehicles5↦9.054801353158837E-10)}",
        "VehiclesX": "{(EgoVehicle↦200.0),(Vehicles2↦3.9861097931861877),(Vehicles3↦19.67075765132904),(Vehicles4↦28.488999605178833),(Vehicles5↦67.45525598526001)}"
      },
      "probabilisticVariables": null,
      "activating": [
        "SLOWER_9"
      ],
      "activatingOnlyWhenExecuted": true,
      "updating": null,
      "withPredicate": null
    },
    {
      "id": "SLOWER_9",
      "execute": "SLOWER",
      "after": "1000",
      "priority": 0,
      "additionalGuards": null,
      "activationKind": null,
      "fixedVariables": {
        "Crash": "FALSE",
        "VehiclesAy": "{(EgoVehicle↦8.855316480094189E-10),(Vehicles2↦-8.855494115778129E-10),(Vehicles3↦-8.855494115778129E-10),(Vehicles4↦-8.855494115778129E-10),(Vehicles5↦9.254108590539545E-10)}",
        "Reward": "0.7532031410158848",
        "VehiclesAx": "{(EgoVehicle↦-4.913120269775391),(Vehicles2↦4.822131767868996),(Vehicles3↦4.905574433505535),(Vehicles4↦4.956665635108948),(Vehicles5↦4.865142181515694)}",
        "VehiclesVx": "{(EgoVehicle↦20.745117664337158),(Vehicles2↦-0.20930014550685883),(Vehicles3↦-0.24459350854158401),(Vehicles4↦-4.050816893577576),(Vehicles5↦-0.9602081030607224)}",
        "VehiclesY": "{(EgoVehicle↦8.000000238418579),(Vehicles2↦-4.0000001192092896),(Vehicles3↦-6.815881192778761E-12),(Vehicles4↦-8.000000238418579),(Vehicles5↦-4.0000001192092896)}",
        "VehiclesVy": "{(EgoVehicle↦-1.993960552226781E-11),(Vehicles2↦1.993072373807081E-11),(Vehicles3↦1.993072373807081E-11),(Vehicles4↦1.993072373807081E-11),(Vehicles5↦1.993072373807081E-11)}",
        "VehiclesX": "{(EgoVehicle↦200.0),(Vehicles2↦1.6274426132440567),(Vehicles3↦17.227526009082794),(Vehicles4↦22.202129662036896),(Vehicles5↦64.31981921195984)}"
      },
      "probabilisticVariables": null,
      "activating": [
        "SLOWER_10"
      ],
      "activatingOnlyWhenExecuted": true,
      "updating": null,
      "withPredicate": null
    },
    {
      "id": "SLOWER_10",
      "execute": "SLOWER",
      "after": "1000",
      "priority": 0,
      "additionalGuards": null,
      "activationKind": null,
      "fixedVariables": {
        "Crash": "FALSE",
        "VehiclesAy": "{(EgoVehicle↦1.8749446439869644E-11),(Vehicles2↦-1.8740564655672642E-11),(Vehicles3↦-1.8740564655672642E-11),(Vehicles4↦-1.8740564655672642E-11),(Vehicles5↦2.1120882820468978E-11)}",
        "Reward": "0.7359499335219821",
        "VehiclesAx": "{(EgoVehicle↦-0.6469941139221191),(Vehicles2↦0.5684740096330643),(Vehicles3↦0.6435373798012733),(Vehicles4↦0.7640969753265381),(Vehicles5↦-1.5861127525568008)}",
        "VehiclesVx": "{(EgoVehicle↦20.09812355041504),(Vehicles2↦0.35917386412620544),(Vehicles3↦0.39894387125968933),(Vehicles4↦-3.2867199182510376),(Vehicles5↦-2.546320855617523)}",
        "VehiclesY": "{(EgoVehicle↦8.000000238418579),(Vehicles2↦-4.0000001192092896),(Vehicles3↦-4.143352327901084E-13),(Vehicles4↦-8.000000238418579),(Vehicles5↦-8.000000238418579)}",
        "VehiclesVy": "{(EgoVehicle↦-1.1901590823981678E-12),(Vehicles2↦1.1901590823981678E-12),(Vehicles3↦1.1901590823981678E-12),(Vehicles4↦1.1901590823981678E-12),(Vehicles5↦1.1901590823981678E-12)}",
        "VehiclesX": "{(EgoVehicle↦200.0),(Vehicles2↦1.7428405582904816),(Vehicles3↦17.338217794895172),(Vehicles4↦18.550404906272888),(Vehicles5↦61.59700155258179)}"
      },
      "probabilisticVariables": null,
      "activating": [
        "SLOWER_11"
      ],
      "activatingOnlyWhenExecuted": true,
      "updating": null,
      "withPredicate": null
    },
    {
      "id": "SLOWER_11",
      "execute": "SLOWER",
      "after": "1000",
      "priority": 0,
      "additionalGuards": null,
      "activationKind": null,
      "fixedVariables": {
        "Crash": "FALSE",
        "VehiclesAy": "{(EgoVehicle↦1.1191048088221578E-12),(Vehicles2↦-1.1191048088221578E-12),(Vehicles3↦-1.1191048088221578E-12),(Vehicles4↦-1.1191048088221578E-12),(Vehicles5↦1.2612133559741778E-12)}",
        "Reward": "0.7336779061976823",
        "VehiclesAx": "{(EgoVehicle↦-0.08520126342773438),(Vehicles2↦0.015236549079418182),(Vehicles3↦-3.4377680718898773),(Vehicles4↦3.769899271428585),(Vehicles5↦0.3624109923839569)}",
        "VehiclesVx": "{(EgoVehicle↦20.012922286987305),(Vehicles2↦0.3744104132056236),(Vehicles3↦-3.038824200630188),(Vehicles4↦0.48317935317754745),(Vehicles5↦-2.1839098632335663)}",
        "VehiclesY": "{(EgoVehicle↦8.000000238418579),(Vehicles2↦-4.0000001192092896),(Vehicles3↦-8.000000238418579),(Vehicles4↦-2.531308496145357E-14),(Vehicles5↦-8.000000238418579)}",
        "VehiclesVy": "{(EgoVehicle↦-7.105427357601002E-14),(Vehicles2↦7.105427357601002E-14),(Vehicles3↦7.105427357601002E-14),(Vehicles4↦7.105427357601002E-14),(Vehicles5↦7.105427357601002E-14)}",
        "VehiclesX": "{(EgoVehicle↦200.0),(Vehicles2↦2.120460756123066),(Vehicles3↦15.373072028160095),(Vehicles4↦17.783625423908234),(Vehicles5↦59.210753440856934)}"
      },
      "probabilisticVariables": null,
      "activating": [
        "SLOWER_12"
      ],
      "activatingOnlyWhenExecuted": true,
      "updating": null,
      "withPredicate": null
    },
    {
      "id": "SLOWER_12",
      "execute": "SLOWER",
      "after": "1000",
      "priority": 0,
      "additionalGuards": null,
      "activationKind": null,
      "fixedVariables": {
        "Crash": "FALSE",
        "VehiclesAy": "{(EgoVehicle↦7.105427357601002E-14),(Vehicles2↦-7.105427357601002E-14),(Vehicles3↦-7.105427357601002E-14),(Vehicles4↦-7.105427357601002E-14),(Vehicles5↦7.105427357601002E-14)}",
        "Reward": "0.7333787091837826",
        "VehiclesAx": "{(EgoVehicle↦-0.011219978332519531),(Vehicles2↦-0.05264498293399811),(Vehicles3↦0.19795089960098267),(Vehicles4↦0.011745542287826538),(Vehicles5↦0.25909796357154846)}",
        "VehiclesVx": "{(EgoVehicle↦20.001702308654785),(Vehicles2↦0.3217654302716255),(Vehicles3↦-2.8408733010292053),(Vehicles4↦0.494924895465374),(Vehicles5↦-1.9248118996620178)}",
        "VehiclesY": "{(EgoVehicle↦8.000000238418579),(Vehicles2↦-4.0000001192092896),(Vehicles3↦-8.000000238418579),(Vehicles4↦-1.3322676295501878E-15),(Vehicles5↦-8.000000238418579)}",
        "VehiclesVy": "{(EgoVehicle↦0.0),(Vehicles2↦0.0),(Vehicles3↦0.0),(Vehicles4↦0.0),(Vehicles5↦0.0)}",
        "VehiclesX": "{(EgoVehicle↦200.0),(Vehicles2↦2.475099451839924),(Vehicles3↦12.413913756608963),(Vehicles4↦18.273113667964935),(Vehicles5↦57.134634256362915)}"
      },
      "probabilisticVariables": null,
      "activating": [
        "SLOWER_13"
      ],
      "activatingOnlyWhenExecuted": true,
      "updating": null,
      "withPredicate": null
    },
    {
      "id": "SLOWER_13",
      "execute": "SLOWER",
      "after": "1000",
      "priority": 0,
      "additionalGuards": null,
      "activationKind": null,
      "fixedVariables": {
        "Crash": "FALSE",
        "VehiclesAy": "{(EgoVehicle↦0.0),(Vehicles2↦0.0),(Vehicles3↦0.0),(Vehicles4↦0.0),(Vehicles5↦0.0)}",
        "Reward": "0.7333393087539686",
        "VehiclesAx": "{(EgoVehicle↦-0.0014781951904296875),(Vehicles2↦-0.05784276872873306),(Vehicles3↦0.1966378092765808),(Vehicles4↦0.0028794631361961365),(Vehicles5↦0.21904274821281433)}",
        "VehiclesVx": "{(EgoVehicle↦20.000224113464355),(Vehicles2↦0.26392266154289246),(Vehicles3↦-2.6442354917526245),(Vehicles4↦0.49780435860157013),(Vehicles5↦-1.7057691514492035)}",
        "VehiclesY": "{(EgoVehicle↦8.000000238418579),(Vehicles2↦-4.0000001192092896),(Vehicles3↦-8.000000238418579),(Vehicles4↦-1.3322676295501878E-15),(Vehicles5↦-8.000000238418579)}",
        "VehiclesVy": "{(EgoVehicle↦0.0),(Vehicles2↦0.0),(Vehicles3↦0.0),(Vehicles4↦0.0),(Vehicles5↦0.0)}",
        "VehiclesX": "{(EgoVehicle↦200.0),(Vehicles2↦2.773633971810341),(Vehicles3↦9.651732444763184),(Vehicles4↦18.769362568855286),(Vehicles5↦55.30003309249878)}"
      },
      "probabilisticVariables": null,
      "activating": [
        "SLOWER_14"
      ],
      "activatingOnlyWhenExecuted": true,
      "updating": null,
      "withPredicate": null
    },
    {
      "id": "SLOWER_14",
      "execute": "SLOWER",
      "after": "1000",
      "priority": 0,
      "additionalGuards": null,
      "activationKind": null,
      "fixedVariables": {
        "Crash": "FALSE",
        "VehiclesAy": "{(EgoVehicle↦0.0),(Vehicles2↦0.0),(Vehicles3↦0.0),(Vehicles4↦0.0),(Vehicles5↦0.0)}",
        "Reward": "0.7333341202200013",
        "VehiclesAx": "{(EgoVehicle↦-0.00019550323486328125),(Vehicles2↦-0.05555093288421631),(Vehicles3↦0.19332244992256165),(Vehicles4↦0.002101697027683258),(Vehicles5↦0.18958911299705505)}",
        "VehiclesVx": "{(EgoVehicle↦20.000028610229492),(Vehicles2↦0.20837172865867615),(Vehicles3↦-2.450913041830063),(Vehicles4↦0.4999060556292534),(Vehicles5↦-1.5161800384521484)}",
        "VehiclesY": "{(EgoVehicle↦8.000000238418579),(Vehicles2↦-4.0000001192092896),(Vehicles3↦-8.000000238418579),(Vehicles4↦-1.3322676295501878E-15),(Vehicles5↦-8.000000238418579)}",
        "VehiclesVy": "{(EgoVehicle↦0.0),(Vehicles2↦0.0),(Vehicles3↦0.0),(Vehicles4↦0.0),(Vehicles5↦0.0)}",
        "VehiclesX": "{(EgoVehicle↦200.0),(Vehicles2↦3.015107661485672),(Vehicles3↦7.085324078798294),(Vehicles4↦19.268007576465607),(Vehicles5↦53.67225408554077)}"
      },
      "probabilisticVariables": null,
      "activating": [
        "SLOWER_15"
      ],
      "activatingOnlyWhenExecuted": true,
      "updating": null,
      "withPredicate": null
    },
    {
      "id": "SLOWER_15",
      "execute": "SLOWER",
      "after": "1000",
      "priority": 0,
      "additionalGuards": null,
      "activationKind": null,
      "fixedVariables": {
        "Crash": "FALSE",
        "VehiclesAy": "{(EgoVehicle↦0.0),(Vehicles2↦0.0),(Vehicles3↦0.0),(Vehicles4↦0.0),(Vehicles5↦0.0)}",
        "Reward": "0.7333334369562691",
        "VehiclesAx": "{(EgoVehicle↦-2.384185791015625E-05),(Vehicles2↦-0.052728597074747086),(Vehicles3↦0.1847580075263977),(Vehicles4↦0.0022173672914505005),(Vehicles5↦0.16475901007652283)}",
        "VehiclesVx": "{(EgoVehicle↦20.000004768371582),(Vehicles2↦0.15564313158392906),(Vehicles3↦-2.266155034303665),(Vehicles4↦0.5021234229207039),(Vehicles5↦-1.3514210283756256)}",
        "VehiclesY": "{(EgoVehicle↦8.000000238418579),(Vehicles2↦-4.0000001192092896),(Vehicles3↦-8.000000238418579),(Vehicles4↦-1.3322676295501878E-15),(Vehicles5↦-8.000000238418579)}",
        "VehiclesVy": "{(EgoVehicle↦0.0),(Vehicles2↦0.0),(Vehicles3↦0.0),(Vehicles4↦0.0),(Vehicles5↦0.0)}",
        "VehiclesX": "{(EgoVehicle↦200.0),(Vehicles2↦3.202168643474579),(Vehicles3↦4.709160700440407),(Vehicles4↦19.768786430358887),(Vehicles5↦52.223795652389526)}"
      },
      "probabilisticVariables": null,
      "activating": [
        "SLOWER_16"
      ],
      "activatingOnlyWhenExecuted": true,
      "updating": null,
      "withPredicate": null
    },
    {
      "id": "SLOWER_16",
      "execute": "SLOWER",
      "after": "1000",
      "priority": 0,
      "additionalGuards": null,
      "activationKind": null,
      "fixedVariables": {
        "Crash": "FALSE",
        "VehiclesAy": "{(EgoVehicle↦0.0),(Vehicles2↦0.0),(Vehicles3↦0.0),(Vehicles4↦0.0),(Vehicles5↦0.0)}",
        "Reward": "0.7333333469791521",
        "VehiclesAx": "{(EgoVehicle↦-4.76837158203125E-06),(Vehicles2↦-2.248809989541769),(Vehicles3↦2.3717087786644697),(Vehicles4↦0.0023508071899414062),(Vehicles5↦0.14387749135494232)}",
        "VehiclesVx": "{(EgoVehicle↦20.0),(Vehicles2↦-2.09316685795784),(Vehicles3↦0.10555374436080456),(Vehicles4↦0.5044742301106453),(Vehicles5↦-1.2075435370206833)}",
        "VehiclesY": "{(EgoVehicle↦8.000000238418579),(Vehicles2↦-8.000000238418579),(Vehicles3↦-4.0000001192092896),(Vehicles4↦-1.3322676295501878E-15),(Vehicles5↦-8.000000238418579)}",
        "VehiclesVy": "{(EgoVehicle↦0.0),(Vehicles2↦0.0),(Vehicles3↦0.0),(Vehicles4↦0.0),(Vehicles5↦0.0)}",
        "VehiclesX": "{(EgoVehicle↦200.0),(Vehicles2↦2.513217367231846),(Vehicles3↦3.337572142481804),(Vehicles4↦20.271842181682587),(Vehicles5↦50.93144774436951)}"
      },
      "probabilisticVariables": null,
      "activating": [
        "IDLE_17"
      ],
      "activatingOnlyWhenExecuted": true,
      "updating": null,
      "withPredicate": null
    },
    {
      "id": "IDLE_17",
      "execute": "IDLE",
      "after": "1000",
      "priority": 0,
      "additionalGuards": null,
      "activationKind": null,
      "fixedVariables": {
        "Crash": "FALSE",
        "VehiclesAy": "{(EgoVehicle↦0.0),(Vehicles2↦0.0),(Vehicles3↦0.0),(Vehicles4↦0.0),(Vehicles5↦0.0)}",
        "Reward": "0.7333333351303136",
        "VehiclesAx": "{(EgoVehicle↦0.0),(Vehicles2↦0.15992939472198486),(Vehicles3↦-0.047598304226994514),(Vehicles4↦0.002429559826850891),(Vehicles5↦0.12654952704906464)}",
        "VehiclesVx": "{(EgoVehicle↦20.0),(Vehicles2↦-1.933237463235855),(Vehicles3↦0.05795544013381004),(Vehicles4↦0.5069037899374962),(Vehicles5↦-1.0809940099716187)}",
        "VehiclesY": "{(EgoVehicle↦8.000000238418579),(Vehicles2↦-8.000000238418579),(Vehicles3↦-4.0000001192092896),(Vehicles4↦-1.3322676295501878E-15),(Vehicles5↦-8.000000238418579)}",
        "VehiclesVy": "{(EgoVehicle↦0.0),(Vehicles2↦0.0),(Vehicles3↦0.0),(Vehicles4↦0.0),(Vehicles5↦0.0)}",
        "VehiclesX": "{(EgoVehicle↦200.0),(Vehicles2↦0.48508220352232456),(Vehicles3↦3.423890843987465),(Vehicles4↦20.77728360891342),(Vehicles5↦49.775782227516174)}"
      },
      "probabilisticVariables": null,
      "activating": [
        "IDLE_18"
      ],
      "activatingOnlyWhenExecuted": true,
      "updating": null,
      "withPredicate": null
    },
    {
      "id": "IDLE_18",
      "execute": "IDLE",
      "after": "1000",
      "priority": 0,
      "additionalGuards": null,
      "activationKind": null,
      "fixedVariables": {
        "Crash": "FALSE",
        "VehiclesAy": "{(EgoVehicle↦0.0),(Vehicles2↦0.0),(Vehicles3↦0.0),(Vehicles4↦0.0),(Vehicles5↦0.0)}",
        "Reward": "0.7333333335699727",
        "VehiclesAx": "{(EgoVehicle↦0.0),(Vehicles2↦0.14684230089187622),(Vehicles3↦-0.045172759564593434),(Vehicles4↦0.0024694204330444336),(Vehicles5↦0.11226192116737366)}",
        "VehiclesVx": "{(EgoVehicle↦20.0),(Vehicles2↦-1.7863951623439789),(Vehicles3↦0.012782680569216609),(Vehicles4↦0.5093732103705406),(Vehicles5↦-0.968732088804245)}",
        "VehiclesY": "{(EgoVehicle↦8.000000238418579),(Vehicles2↦-8.000000238418579),(Vehicles3↦-4.0000001192092896),(Vehicles4↦-1.3322676295501878E-15),(Vehicles5↦-8.000000238418579)}",
        "VehiclesVy": "{(EgoVehicle↦0.0),(Vehicles2↦0.0),(Vehicles3↦0.0),(Vehicles4↦0.0),(Vehicles5↦0.0)}",
        "VehiclesX": "{(EgoVehicle↦200.0),(Vehicles2↦-1.3883915729820728),(Vehicles3↦3.4635841846466064),(Vehicles4↦21.285173296928406),(Vehicles5↦48.74072968959808)}"
      },
      "probabilisticVariables": null,
      "activating": [
        "IDLE_19"
      ],
      "activatingOnlyWhenExecuted": true,
      "updating": null,
      "withPredicate": null
    },
    {
      "id": "IDLE_19",
      "execute": "IDLE",
      "after": "1000",
      "priority": 0,
      "additionalGuards": null,
      "activationKind": null,
      "fixedVariables": {
        "Crash": "FALSE",
        "VehiclesAy": "{(EgoVehicle↦0.0),(Vehicles2↦0.0),(Vehicles3↦0.0),(Vehicles4↦0.0),(Vehicles5↦0.0)}",
        "Reward": "0.7333333333644957",
        "VehiclesAx": "{(EgoVehicle↦0.0),(Vehicles2↦0.13444453477859497),(Vehicles3↦-0.04275855026207864),(Vehicles4↦0.002487264573574066),(Vehicles5↦0.10047353804111481)}",
        "VehiclesVx": "{(EgoVehicle↦20.0),(Vehicles2↦-1.651950627565384),(Vehicles3↦-0.029975869692862034),(Vehicles4↦0.5118604749441147),(Vehicles5↦-0.8682585507631302)}",
        "VehiclesY": "{(EgoVehicle↦8.000000238418579),(Vehicles2↦-8.000000238418579),(Vehicles3↦-4.0000001192092896),(Vehicles4↦-1.3322676295501878E-15),(Vehicles5↦-8.000000238418579)}",
        "VehiclesVy": "{(EgoVehicle↦0.0),(Vehicles2↦0.0),(Vehicles3↦0.0),(Vehicles4↦0.0),(Vehicles5↦0.0)}",
        "VehiclesX": "{(EgoVehicle↦200.0),(Vehicles2↦-3.1200556084513664),(Vehicles3↦3.4590698778629303),(Vehicles4↦21.795541048049927),(Vehicles5↦47.813042998313904)}"
      },
      "probabilisticVariables": null,
      "activating": [
        "IDLE_20"
      ],
      "activatingOnlyWhenExecuted": true,
      "updating": null,
      "withPredicate": null
    },
    {
      "id": "IDLE_20",
      "execute": "IDLE",
      "after": "1000",
      "priority": 0,
      "additionalGuards": null,
      "activationKind": null,
      "fixedVariables": {
        "Crash": "FALSE",
        "VehiclesAy": "{(EgoVehicle↦0.0),(Vehicles2↦0.0),(Vehicles3↦0.0),(Vehicles4↦0.0),(Vehicles5↦0.0)}",
        "Reward": "0.7333333333374371",
        "VehiclesAx": "{(EgoVehicle↦0.0),(Vehicles2↦1.581646567210555),(Vehicles3↦-1.498891762457788),(Vehicles4↦0.002493821084499359),(Vehicles5↦0.09069204330444336)}",
        "VehiclesVx": "{(EgoVehicle↦20.0),(Vehicles2↦-0.07030406035482883),(Vehicles3↦-1.52886763215065),(Vehicles4↦0.514354296028614),(Vehicles5↦-0.7775665074586868)}",
        "VehiclesY": "{(EgoVehicle↦8.000000238418579),(Vehicles2↦-4.0000001192092896),(Vehicles3↦-8.000000238418579),(Vehicles4↦-1.3322676295501878E-15),(Vehicles5↦-8.000000238418579)}",
        "VehiclesVy": "{(EgoVehicle↦0.0),(Vehicles2↦0.0),(Vehicles3↦0.0),(Vehicles4↦0.0),(Vehicles5↦0.0)}",
        "VehiclesX": "{(EgoVehicle↦200.0),(Vehicles2↦3.4127674996852875),(Vehicles3↦-4.721909761428833),(Vehicles4↦22.30839878320694),(Vehicles5↦46.981772780418396)}"
      },
      "probabilisticVariables": null,
      "activating": [
        "IDLE_21"
      ],
      "activatingOnlyWhenExecuted": true,
      "updating": null,
      "withPredicate": null
    },
    {
      "id": "IDLE_21",
      "execute": "IDLE",
      "after": "1000",
      "priority": 0,
      "additionalGuards": null,
      "activationKind": null,
      "fixedVariables": {
        "Crash": "FALSE",
        "VehiclesAy": "{(EgoVehicle↦0.0),(Vehicles2↦0.0),(Vehicles3↦0.0),(Vehicles4↦0.0),(Vehicles5↦0.0)}",
        "Reward": "0.7333333333338737",
        "VehiclesAx": "{(EgoVehicle↦0.0),(Vehicles2↦-0.03787250258028507),(Vehicles3↦0.11287271976470947),(Vehicles4↦0.0024952366948127747),(Vehicles5↦0.0825037807226181)}",
        "VehiclesVx": "{(EgoVehicle↦20.0),(Vehicles2↦-0.1081765629351139),(Vehicles3↦-1.4159949123859406),(Vehicles4↦0.5168495327234268),(Vehicles5↦-0.6950627267360687)}",
        "VehiclesY": "{(EgoVehicle↦8.000000238418579),(Vehicles2↦-4.0000001192092896),(Vehicles3↦-8.000000238418579),(Vehicles4↦-1.3322676295501878E-15),(Vehicles5↦-8.000000238418579)}",
        "VehiclesVy": "{(EgoVehicle↦0.0),(Vehicles2↦0.0),(Vehicles3↦0.0),(Vehicles4↦0.0),(Vehicles5↦0.0)}",
        "VehiclesX": "{(EgoVehicle↦200.0),(Vehicles2↦3.3271171152591705),(Vehicles3↦-6.204857677221298),(Vehicles4↦22.823750972747803),(Vehicles5↦46.23780846595764)}"
      },
      "probabilisticVariables": null,
      "activating": [
        "IDLE_22"
      ],
      "activatingOnlyWhenExecuted": true,
      "updating": null,
      "withPredicate": null
    },
    {
      "id": "IDLE_22",
      "execute": "IDLE",
      "after": "1000",
      "priority": 0,
      "additionalGuards": null,
      "activationKind": null,
      "fixedVariables": {
        "Crash": "FALSE",
        "VehiclesAy": "{(EgoVehicle↦0.0),(Vehicles2↦0.0),(Vehicles3↦0.0),(Vehicles4↦0.0),(Vehicles5↦0.0)}",
        "Reward": "0.7333333333334044",
        "VehiclesAx": "{(EgoVehicle↦0.0),(Vehicles2↦-0.03539388068020344),(Vehicles3↦0.10379597544670105),(Vehicles4↦0.0024951621890068054),(Vehicles5↦0.07557753473520279)}",
        "VehiclesVx": "{(EgoVehicle↦20.0),(Vehicles2↦-0.14357044361531734),(Vehicles3↦-1.3121989369392395),(Vehicles4↦0.5193446949124336),(Vehicles5↦-0.6194851920008659)}",
        "VehiclesY": "{(EgoVehicle↦8.000000238418579),(Vehicles2↦-4.0000001192092896),(Vehicles3↦-8.000000238418579),(Vehicles4↦-1.3322676295501878E-15),(Vehicles5↦-8.000000238418579)}",
        "VehiclesVy": "{(EgoVehicle↦0.0),(Vehicles2↦0.0),(Vehicles3↦0.0),(Vehicles4↦0.0),(Vehicles5↦0.0)}",
        "VehiclesX": "{(EgoVehicle↦200.0),(Vehicles2↦3.2045837491750717),(Vehicles3↦-7.578651607036591),(Vehicles4↦23.341599106788635),(Vehicles5↦45.573487877845764)}"
      },
      "probabilisticVariables": null,
      "activating": [
        "IDLE_23"
      ],
      "activatingOnlyWhenExecuted": true,
      "updating": null,
      "withPredicate": null
    },
    {
      "id": "IDLE_23",
      "execute": "IDLE",
      "after": "1000",
      "priority": 0,
      "additionalGuards": null,
      "activationKind": null,
      "fixedVariables": {
        "Crash": "FALSE",
        "VehiclesAy": "{(EgoVehicle↦0.0),(Vehicles2↦0.0),(Vehicles3↦0.0),(Vehicles4↦0.0),(Vehicles5↦0.0)}",
        "Reward": "0.7333333333333427",
        "VehiclesAx": "{(EgoVehicle↦0.0),(Vehicles2↦-0.03290153108537197),(Vehicles3↦0.09576767683029175),(Vehicles4↦0.0024952739477157593),(Vehicles5↦0.06965458393096924)}",
        "VehiclesVx": "{(EgoVehicle↦20.0),(Vehicles2↦-0.17647197470068932),(Vehicles3↦-1.2164312601089478),(Vehicles4↦0.5218399688601494),(Vehicles5↦-0.5498306080698967)}",
        "VehiclesY": "{(EgoVehicle↦8.000000238418579),(Vehicles2↦-4.0000001192092896),(Vehicles3↦-8.000000238418579),(Vehicles4↦-1.3322676295501878E-15),(Vehicles5↦-8.000000238418579)}",
        "VehiclesVy": "{(EgoVehicle↦0.0),(Vehicles2↦0.0),(Vehicles3↦0.0),(Vehicles4↦0.0),(Vehicles5↦0.0)}",
        "VehiclesX": "{(EgoVehicle↦200.0),(Vehicles2↦3.0476531013846397),(Vehicles3↦-8.85194018483162),(Vehicles4↦23.861941695213318),(Vehicles5↦44.98230218887329)}"
      },
      "probabilisticVariables": null,
      "activating": [
        "IDLE_24"
      ],
      "activatingOnlyWhenExecuted": true,
      "updating": null,
      "withPredicate": null
    },
    {
      "id": "IDLE_24",
      "execute": "IDLE",
      "after": "1000",
      "priority": 0,
      "additionalGuards": null,
      "activationKind": null,
      "fixedVariables": {
        "Crash": "FALSE",
        "VehiclesAy": "{(EgoVehicle↦0.0),(Vehicles2↦0.0),(Vehicles3↦0.0),(Vehicles4↦0.0),(Vehicles5↦0.0)}",
        "Reward": "0.7333333333333346",
        "VehiclesAx": "{(EgoVehicle↦0.0),(Vehicles2↦-0.030408315360546112),(Vehicles3↦1.7407678067684174),(Vehicles4↦-1.0071351379156113),(Vehicles5↦0.08530467748641968)}",
        "VehiclesVx": "{(EgoVehicle↦20.0),(Vehicles2↦-0.20688029006123543),(Vehicles3↦0.5243365466594696),(Vehicles4↦-0.4852951690554619),(Vehicles5↦-0.464525930583477)}",
        "VehiclesY": "{(EgoVehicle↦8.000000238418579),(Vehicles2↦-4.0000001192092896),(Vehicles3↦-1.3322676295501878E-15),(Vehicles4↦-8.000000238418579),(Vehicles5↦-4.0000001192092896)}",
        "VehiclesVy": "{(EgoVehicle↦0.0),(Vehicles2↦0.0),(Vehicles3↦0.0),(Vehicles4↦0.0),(Vehicles5↦0.0)}",
        "VehiclesX": "{(EgoVehicle↦200.0),(Vehicles2↦2.85881869494915),(Vehicles3↦24.38478022813797),(Vehicles4↦44.45866942405701),(Vehicles5↦58.316969871520996)}"
      },
      "probabilisticVariables": null,
      "activating": [
        "IDLE_25"
      ],
      "activatingOnlyWhenExecuted": true,
      "updating": null,
      "withPredicate": null
    },
    {
      "id": "IDLE_25",
      "execute": "IDLE",
      "after": "1000",
      "priority": 0,
      "additionalGuards": null,
      "activationKind": null,
      "fixedVariables": {
        "Crash": "FALSE",
        "VehiclesAy": "{(EgoVehicle↦0.0),(Vehicles2↦0.0),(Vehicles3↦0.0),(Vehicles4↦0.0),(Vehicles5↦0.0)}",
        "Reward": "0.7333333333333335",
        "VehiclesAx": "{(EgoVehicle↦0.0),(Vehicles2↦-0.027928762137889862),(Vehicles3↦0.002499520778656006),(Vehicles4↦0.06006699055433273),(Vehicles5↦-0.004395022988319397)}",
        "VehiclesVx": "{(EgoVehicle↦20.0),(Vehicles2↦-0.2348090521991253),(Vehicles3↦0.5268360674381256),(Vehicles4↦-0.42522817850112915),(Vehicles5↦-0.4689209535717964)}",
        "VehiclesY": "{(EgoVehicle↦8.000000238418579),(Vehicles2↦-4.0000001192092896),(Vehicles3↦-1.3322676295501878E-15),(Vehicles4↦-8.000000238418579),(Vehicles5↦-4.0000001192092896)}",
        "VehiclesVy": "{(EgoVehicle↦0.0),(Vehicles2↦0.0),(Vehicles3↦0.0),(Vehicles4↦0.0),(Vehicles5↦0.0)}",
        "VehiclesX": "{(EgoVehicle↦200.0),(Vehicles2↦2.64056958258152),(Vehicles3↦24.91011619567871),(Vehicles4↦43.997734785079956),(Vehicles5↦57.85056948661804)}"
      },
      "probabilisticVariables": null,
      "activating": [
        "SLOWER_26"
      ],
      "activatingOnlyWhenExecuted": true,
      "updating": null,
      "withPredicate": null
    },
    {
      "id": "SLOWER_26",
      "execute": "SLOWER",
      "after": "1000",
      "priority": 0,
      "additionalGuards": null,
      "activationKind": null,
      "fixedVariables": {
        "Crash": "FALSE",
        "VehiclesAy": "{(EgoVehicle↦0.0),(Vehicles2↦0.0),(Vehicles3↦0.0),(Vehicles4↦0.0),(Vehicles5↦0.0)}",
        "Reward": "0.7333333333333334",
        "VehiclesAx": "{(EgoVehicle↦0.0),(Vehicles2↦-0.025477465242147446),(Vehicles3↦0.002504102885723114),(Vehicles4↦0.056131333112716675),(Vehicles5↦-0.00299111008644104)}",
        "VehiclesVx": "{(EgoVehicle↦20.0),(Vehicles2↦-0.26028651744127274),(Vehicles3↦0.5293401703238487),(Vehicles4↦-0.3690968453884125),(Vehicles5↦-0.47191206365823746)}",
        "VehiclesY": "{(EgoVehicle↦8.000000238418579),(Vehicles2↦-4.0000001192092896),(Vehicles3↦-1.3322676295501878E-15),(Vehicles4↦-8.000000238418579),(Vehicles5↦-4.0000001192092896)}",
        "VehiclesVy": "{(EgoVehicle↦0.0),(Vehicles2↦0.0),(Vehicles3↦0.0),(Vehicles4↦0.0),(Vehicles5↦0.0)}",
        "VehiclesX": "{(EgoVehicle↦200.0),(Vehicles2↦2.3953748866915703),(Vehicles3↦25.4379540681839),(Vehicles4↦43.59525442123413),(Vehicles5↦57.38034248352051)}"
      },
      "probabilisticVariables": null,
      "activating": [
        "IDLE_27"
      ],
      "activatingOnlyWhenExecuted": true,
      "updating": null,
      "withPredicate": null
    },
    {
      "id": "IDLE_27",
      "execute": "IDLE",
      "after": "1000",
      "priority": 0,
      "additionalGuards": null,
      "activationKind": null,
      "fixedVariables": {
        "Crash": "FALSE",
        "VehiclesAy": "{(EgoVehicle↦0.0),(Vehicles2↦0.0),(Vehicles3↦0.0),(Vehicles4↦0.0),(Vehicles5↦0.0)}",
        "Reward": "0.7333333333333334",
        "VehiclesAx": "{(EgoVehicle↦0.0),(Vehicles2↦-0.023068580776453018),(Vehicles3↦0.0025103986263275146),(Vehicles4↦0.052637308835983276),(Vehicles5↦-0.0016400963068008423)}",
        "VehiclesVx": "{(EgoVehicle↦20.0),(Vehicles2↦-0.28335509821772575),(Vehicles3↦0.5318505689501762),(Vehicles4↦-0.3164595365524292),(Vehicles5↦-0.4735521599650383)}",
        "VehiclesY": "{(EgoVehicle↦8.000000238418579),(Vehicles2↦-4.0000001192092896),(Vehicles3↦-1.3322676295501878E-15),(Vehicles4↦-8.000000238418579),(Vehicles5↦-4.0000001192092896)}",
        "VehiclesVy": "{(EgoVehicle↦0.0),(Vehicles2↦0.0),(Vehicles3↦0.0),(Vehicles4↦0.0),(Vehicles5↦0.0)}",
        "VehiclesX": "{(EgoVehicle↦200.0),(Vehicles2↦2.125670202076435),(Vehicles3↦25.968298316001892),(Vehicles4↦43.24747622013092),(Vehicles5↦56.90767168998718)}"
      },
      "probabilisticVariables": null,
      "activating": [
        "IDLE_28"
      ],
      "activatingOnlyWhenExecuted": true,
      "updating": null,
      "withPredicate": null
    },
    {
      "id": "IDLE_28",
      "execute": "IDLE",
      "after": "1000",
      "priority": 0,
      "additionalGuards": null,
      "activationKind": null,
      "fixedVariables": {
        "Crash": "FALSE",
        "VehiclesAy": "{(EgoVehicle↦0.0),(Vehicles2↦0.0),(Vehicles3↦0.0),(Vehicles4↦0.0),(Vehicles5↦0.0)}",
        "Reward": "0.7333333333333334",
        "VehiclesAx": "{(EgoVehicle↦0.0),(Vehicles2↦-0.020714886486530304),(Vehicles3↦0.0025181844830513),(Vehicles4↦0.04951350390911102),(Vehicles5↦-0.0003489851951599121)}",
        "VehiclesVx": "{(EgoVehicle↦20.0),(Vehicles2↦-0.30406998470425606),(Vehicles3↦0.5343687534332275),(Vehicles4↦-0.2669460326433182),(Vehicles5↦-0.4739011451601982)}",
        "VehiclesY": "{(EgoVehicle↦8.000000238418579),(Vehicles2↦-4.0000001192092896),(Vehicles3↦-1.3322676295501878E-15),(Vehicles4↦-8.000000238418579),(Vehicles5↦-4.0000001192092896)}",
        "VehiclesVy": "{(EgoVehicle↦0.0),(Vehicles2↦0.0),(Vehicles3↦0.0),(Vehicles4↦0.0),(Vehicles5↦0.0)}",
        "VehiclesX": "{(EgoVehicle↦200.0),(Vehicles2↦1.8338434398174286),(Vehicles3↦26.501154899597168),(Vehicles4↦42.951059341430664),(Vehicles5↦56.43388032913208)}"
      },
      "probabilisticVariables": null,
      "activating": [
        "IDLE_29"
      ],
      "activatingOnlyWhenExecuted": true,
      "updating": null,
      "withPredicate": null
    },
    {
      "id": "IDLE_29",
      "execute": "IDLE",
      "after": "1000",
      "priority": 0,
      "additionalGuards": null,
      "activationKind": null,
      "fixedVariables": {
        "Crash": "FALSE",
        "VehiclesAy": "{(EgoVehicle↦0.0),(Vehicles2↦0.0),(Vehicles3↦0.0),(Vehicles4↦0.0),(Vehicles5↦0.0)}",
        "Reward": "0.7333333333333334",
        "VehiclesAx": "{(EgoVehicle↦0.0),(Vehicles2↦-0.018427912145853043),(Vehicles3↦0.0025273486971855164),(Vehicles4↦0.04670348018407822),(Vehicles5↦0.0008773431181907654)}",
        "VehiclesVx": "{(EgoVehicle↦20.0),(Vehicles2↦-0.3224978968501091),(Vehicles3↦0.536896102130413),(Vehicles4↦-0.22024255245923996),(Vehicles5↦-0.47302380204200745)}",
        "VehiclesY": "{(EgoVehicle↦8.000000238418579),(Vehicles2↦-4.0000001192092896),(Vehicles3↦-1.3322676295501878E-15),(Vehicles4↦-8.000000238418579),(Vehicles5↦-4.0000001192092896)}",
        "VehiclesVy": "{(EgoVehicle↦0.0),(Vehicles2↦0.0),(Vehicles3↦0.0),(Vehicles4↦0.0),(Vehicles5↦0.0)}",
        "VehiclesX": "{(EgoVehicle↦200.0),(Vehicles2↦1.5222221612930298),(Vehicles3↦27.036532759666443),(Vehicles4↦42.7030086517334),(Vehicles5↦55.96023201942444)}"
      },
      "probabilisticVariables": null,
      "activating": [
        "IDLE_30"
      ],
      "activatingOnlyWhenExecuted": true,
      "updating": null,
      "withPredicate": null
    },
    {
      "id": "IDLE_30",
      "execute": "IDLE",
      "after": "1000",
      "priority": 0,
      "additionalGuards": null,
      "activationKind": null,
      "fixedVariables": {
        "Crash": "FALSE",
        "VehiclesAy": "{(EgoVehicle↦0.0),(Vehicles2↦0.0),(Vehicles3↦0.0),(Vehicles4↦0.0),(Vehicles5↦0.0)}",
        "Reward": "0.7333333333333334",
        "VehiclesAx": "{(EgoVehicle↦0.0),(Vehicles2↦-0.01621730625629425),(Vehicles3↦0.002537667751312256),(Vehicles4↦0.044161975383758545),(Vehicles5↦0.0020356476306915283)}",
        "VehiclesVx": "{(EgoVehicle↦20.0),(Vehicles2↦-0.33871520310640335),(Vehicles3↦0.5394337698817253),(Vehicles4↦-0.17608057707548141),(Vehicles5↦-0.4709881544113159)}",
        "VehiclesY": "{(EgoVehicle↦8.000000238418579),(Vehicles2↦-4.0000001192092896),(Vehicles3↦-1.3322676295501878E-15),(Vehicles4↦-8.000000238418579),(Vehicles5↦-4.0000001192092896)}",
        "VehiclesVy": "{(EgoVehicle↦0.0),(Vehicles2↦0.0),(Vehicles3↦0.0),(Vehicles4↦0.0),(Vehicles5↦0.0)}",
        "VehiclesX": "{(EgoVehicle↦200.0),(Vehicles2↦1.1930637992918491),(Vehicles3↦27.574443817138672),(Vehicles4↦42.5006240606308),(Vehicles5↦55.48793077468872)}"
      },
      "probabilisticVariables": null,
      "activating": [
        "IDLE_31"
      ],
      "activatingOnlyWhenExecuted": true,
      "updating": null,
      "withPredicate": null
    },
    {
      "id": "IDLE_31",
      "execute": "IDLE",
      "after": "1000",
      "priority": 0,
      "additionalGuards": null,
      "activationKind": null,
      "fixedVariables": {
        "Crash": "FALSE",
        "VehiclesAy": "{(EgoVehicle↦0.0),(Vehicles2↦0.0),(Vehicles3↦0.0),(Vehicles4↦0.0),(Vehicles5↦0.0)}",
        "Reward": "0.7333333333333334",
        "VehiclesAx": "{(EgoVehicle↦0.0),(Vehicles2↦-0.01409132033586502),(Vehicles3↦0.0025489553809165955),(Vehicles4↦0.04185238853096962),(Vehicles5↦0.003123953938484192)}",
        "VehiclesVx": "{(EgoVehicle↦20.0),(Vehicles2↦-0.35280652344226837),(Vehicles3↦0.5419827252626419),(Vehicles4↦-0.1342281885445118),(Vehicles5↦-0.4678642004728317)}",
        "VehiclesY": "{(EgoVehicle↦8.000000238418579),(Vehicles2↦-4.0000001192092896),(Vehicles3↦-1.3322676295501878E-15),(Vehicles4↦-8.000000238418579),(Vehicles5↦-4.0000001192092896)}",
        "VehiclesVy": "{(EgoVehicle↦0.0),(Vehicles2↦0.0),(Vehicles3↦0.0),(Vehicles4↦0.0),(Vehicles5↦0.0)}",
        "VehiclesX": "{(EgoVehicle↦200.0),(Vehicles2↦0.8485455065965652),(Vehicles3↦28.11489701271057),(Vehicles4↦42.34146177768707),(Vehicles5↦55.01810908317566)}"
      },
      "probabilisticVariables": null,
      "activating": [
        "IDLE_32"
      ],
      "activatingOnlyWhenExecuted": true,
      "updating": null,
      "withPredicate": null
    },
    {
      "id": "IDLE_32",
      "execute": "IDLE",
      "after": "1000",
      "priority": 0,
      "additionalGuards": null,
      "activationKind": null,
      "fixedVariables": {
        "Crash": "FALSE",
        "VehiclesAy": "{(EgoVehicle↦0.0),(Vehicles2↦0.0),(Vehicles3↦0.0),(Vehicles4↦0.0),(Vehicles5↦0.0)}",
        "Reward": "0.7333333333333334",
        "VehiclesAx": "{(EgoVehicle↦0.0),(Vehicles2↦-0.012056268751621246),(Vehicles3↦0.0025610998272895813),(Vehicles4↦0.0397445447742939),(Vehicles5↦0.004141665995121002)}",
        "VehiclesVx": "{(EgoVehicle↦20.0),(Vehicles2↦-0.3648627921938896),(Vehicles3↦0.5445438250899315),(Vehicles4↦-0.0944836437702179),(Vehicles5↦-0.4637225344777107)}",
        "VehiclesY": "{(EgoVehicle↦8.000000238418579),(Vehicles2↦-4.0000001192092896),(Vehicles3↦-1.3322676295501878E-15),(Vehicles4↦-8.000000238418579),(Vehicles5↦-4.0000001192092896)}",
        "VehiclesVy": "{(EgoVehicle↦0.0),(Vehicles2↦0.0),(Vehicles3↦0.0),(Vehicles4↦0.0),(Vehicles5↦0.0)}",
        "VehiclesX": "{(EgoVehicle↦200.0),(Vehicles2↦0.49075749702751637),(Vehicles3↦28.657901287078857),(Vehicles4↦42.22329258918762),(Vehicles5↦54.55182194709778)}"
      },
      "probabilisticVariables": null,
      "activating": [
        "IDLE_33"
      ],
      "activatingOnlyWhenExecuted": true,
      "updating": null,
      "withPredicate": null
    },
    {
      "id": "IDLE_33",
      "execute": "IDLE",
      "after": "1000",
      "priority": 0,
      "additionalGuards": null,
      "activationKind": null,
      "fixedVariables": {
        "Crash": "FALSE",
        "VehiclesAy": "{(EgoVehicle↦0.0),(Vehicles2↦0.0),(Vehicles3↦0.0),(Vehicles4↦0.0),(Vehicles5↦0.0)}",
        "Reward": "0.7333333333333334",
        "VehiclesAx": "{(EgoVehicle↦0.0),(Vehicles2↦-0.010117031633853912),(Vehicles3↦0.0025739148259162903),(Vehicles4↦0.037813554517924786),(Vehicles5↦0.005088821053504944)}",
        "VehiclesVx": "{(EgoVehicle↦20.0),(Vehicles2↦-0.37497982382774353),(Vehicles3↦0.5471177399158478),(Vehicles4↦-0.05667008925229311),(Vehicles5↦-0.4586337134242058)}",
        "VehiclesY": "{(EgoVehicle↦8.000000238418579),(Vehicles2↦-4.0000001192092896),(Vehicles3↦-1.3322676295501878E-15),(Vehicles4↦-8.000000238418579),(Vehicles5↦-4.0000001192092896)}",
        "VehiclesVy": "{(EgoVehicle↦0.0),(Vehicles2↦0.0),(Vehicles3↦0.0),(Vehicles4↦0.0),(Vehicles5↦0.0)}",
        "VehiclesX": "{(EgoVehicle↦200.0),(Vehicles2↦0.12169668916612864),(Vehicles3↦29.203474521636963),(Vehicles4↦42.14408099651337),(Vehicles5↦54.09006476402283)}"
      },
      "probabilisticVariables": null,
      "activating": [
        "IDLE_34"
      ],
      "activatingOnlyWhenExecuted": true,
      "updating": null,
      "withPredicate": null
    },
    {
      "id": "IDLE_34",
      "execute": "IDLE",
      "after": "1000",
      "priority": 0,
      "additionalGuards": null,
      "activationKind": null,
      "fixedVariables": {
        "Crash": "FALSE",
        "VehiclesAy": "{(EgoVehicle↦0.0),(Vehicles2↦0.0),(Vehicles3↦0.0),(Vehicles4↦0.0),(Vehicles5↦0.0)}",
        "Reward": "0.7333333333333334",
        "VehiclesAx": "{(EgoVehicle↦0.0),(Vehicles2↦-0.008276961743831635),(Vehicles3↦0.002587251365184784),(Vehicles4↦0.03603846067562699),(Vehicles5↦0.005966462194919586)}",
        "VehiclesVx": "{(EgoVehicle↦20.0),(Vehicles2↦-0.38325678557157516),(Vehicles3↦0.5497049912810326),(Vehicles4↦-0.020631628576666117),(Vehicles5↦-0.4526672512292862)}",
        "VehiclesY": "{(EgoVehicle↦8.000000238418579),(Vehicles2↦-4.0000001192092896),(Vehicles3↦-1.3322676295501878E-15),(Vehicles4↦-8.000000238418579),(Vehicles5↦-4.0000001192092896)}",
        "VehiclesVy": "{(EgoVehicle↦0.0),(Vehicles2↦0.0),(Vehicles3↦0.0),(Vehicles4↦0.0),(Vehicles5↦0.0)}",
        "VehiclesX": "{(EgoVehicle↦200.0),(Vehicles2↦-0.25673708878457546),(Vehicles3↦29.751625657081604),(Vehicles4↦42.101964354515076),(Vehicles5↦53.63374948501587)}"
      },
      "probabilisticVariables": null,
      "activating": [
        "IDLE_35"
      ],
      "activatingOnlyWhenExecuted": true,
      "updating": null,
      "withPredicate": null
    },
    {
      "id": "IDLE_35",
      "execute": "IDLE",
      "after": "1000",
      "priority": 0,
      "additionalGuards": null,
      "activationKind": null,
      "fixedVariables": {
        "Crash": "FALSE",
        "VehiclesAy": "{(EgoVehicle↦0.0),(Vehicles2↦0.0),(Vehicles3↦0.0),(Vehicles4↦0.0),(Vehicles5↦0.0)}",
        "Reward": "0.7333333333333334",
        "VehiclesAx": "{(EgoVehicle↦0.0),(Vehicles2↦-0.006538070738315582),(Vehicles3↦0.002600923180580139),(Vehicles4↦0.03440159955061972),(Vehicles5↦0.006776079535484314)}",
        "VehiclesVx": "{(EgoVehicle↦20.0),(Vehicles2↦-0.38979485630989075),(Vehicles3↦0.5523059144616127),(Vehicles4↦0.013769970973953605),(Vehicles5↦-0.4458911716938019)}",
        "VehiclesY": "{(EgoVehicle↦8.000000238418579),(Vehicles2↦-4.0000001192092896),(Vehicles3↦-1.3322676295501878E-15),(Vehicles4↦-8.000000238418579),(Vehicles5↦-4.0000001192092896)}",
        "VehiclesVy": "{(EgoVehicle↦0.0),(Vehicles2↦0.0),(Vehicles3↦0.0),(Vehicles4↦0.0),(Vehicles5↦0.0)}",
        "VehiclesX": "{(EgoVehicle↦200.0),(Vehicles2↦-0.6427441257983446),(Vehicles3↦30.302369594573975),(Vehicles4↦42.0952171087265),(Vehicles5↦53.18372845649719)}"
      },
      "probabilisticVariables": null,
      "activating": [
        "IDLE_36"
      ],
      "activatingOnlyWhenExecuted": true,
      "updating": null,
      "withPredicate": null
    },
    {
      "id": "IDLE_36",
      "execute": "IDLE",
      "after": "1000",
      "priority": 0,
      "additionalGuards": null,
      "activationKind": null,
      "fixedVariables": {
        "Crash": "FALSE",
        "VehiclesAy": "{(EgoVehicle↦0.0),(Vehicles2↦0.0),(Vehicles3↦0.0),(Vehicles4↦0.0),(Vehicles5↦0.0)}",
        "Reward": "0.7333333333333334",
        "VehiclesAx": "{(EgoVehicle↦0.0),(Vehicles2↦-0.004901103675365448),(Vehicles3↦0.002614818513393402),(Vehicles4↦0.03288787440396845),(Vehicles5↦0.007519684731960297)}",
        "VehiclesVx": "{(EgoVehicle↦20.0),(Vehicles2↦-0.3946959599852562),(Vehicles3↦0.5549207329750061),(Vehicles4↦0.04665784537792206),(Vehicles5↦-0.4383714869618416)}",
        "VehiclesY": "{(EgoVehicle↦8.000000238418579),(Vehicles2↦-4.0000001192092896),(Vehicles3↦-1.3322676295501878E-15),(Vehicles4↦-8.000000238418579),(Vehicles5↦-4.0000001192092896)}",
        "VehiclesVy": "{(EgoVehicle↦0.0),(Vehicles2↦0.0),(Vehicles3↦0.0),(Vehicles4↦0.0),(Vehicles5↦0.0)}",
        "VehiclesX": "{(EgoVehicle↦200.0),(Vehicles2↦-1.0346263647079468),(Vehicles3↦30.85572123527527),(Vehicles4↦42.122259736061096),(Vehicles5↦52.74078845977783)}"
      },
      "probabilisticVariables": null,
      "activating": [
        "IDLE_37"
      ],
      "activatingOnlyWhenExecuted": true,
      "updating": null,
      "withPredicate": null
    },
    {
      "id": "IDLE_37",
      "execute": "IDLE",
      "after": "1000",
      "priority": 0,
      "additionalGuards": null,
      "activationKind": null,
      "fixedVariables": {
        "Crash": "FALSE",
        "VehiclesAy": "{(EgoVehicle↦0.0),(Vehicles2↦0.0),(Vehicles3↦0.0),(Vehicles4↦0.0),(Vehicles5↦0.0)}",
        "Reward": "0.7333333333333334",
        "VehiclesAx": "{(EgoVehicle↦0.0),(Vehicles2↦-0.0033657625317573547),(Vehicles3↦0.002628900110721588),(Vehicles4↦0.031484346836805344),(Vehicles5↦0.00819958746433258)}",
        "VehiclesVx": "{(EgoVehicle↦20.0),(Vehicles2↦-0.39806172251701355),(Vehicles3↦0.5575496330857277),(Vehicles4↦0.0781421922147274),(Vehicles5↦-0.430171899497509)}",
        "VehiclesY": "{(EgoVehicle↦8.000000238418579),(Vehicles2↦-4.0000001192092896),(Vehicles3↦-1.3322676295501878E-15),(Vehicles4↦-8.000000238418579),(Vehicles5↦-4.0000001192092896)}",
        "VehiclesVy": "{(EgoVehicle↦0.0),(Vehicles2↦0.0),(Vehicles3↦0.0),(Vehicles4↦0.0),(Vehicles5↦0.0)}",
        "VehiclesX": "{(EgoVehicle↦200.0),(Vehicles2↦-1.4307874254882336),(Vehicles3↦31.41169250011444),(Vehicles4↦42.18162000179291),(Vehicles5↦52.30564475059509)}"
      },
      "probabilisticVariables": null,
      "activating": [
        "IDLE_38"
      ],
      "activatingOnlyWhenExecuted": true,
      "updating": null,
      "withPredicate": null
    },
    {
      "id": "IDLE_38",
      "execute": "IDLE",
      "after": "1000",
      "priority": 0,
      "additionalGuards": null,
      "activationKind": null,
      "fixedVariables": {
        "Crash": "FALSE",
        "VehiclesAy": "{(EgoVehicle↦0.0),(Vehicles2↦0.0),(Vehicles3↦0.0),(Vehicles4↦0.0),(Vehicles5↦0.0)}",
        "Reward": "0.7333333333333334",
        "VehiclesAx": "{(EgoVehicle↦0.0),(Vehicles2↦-0.0019307807087898254),(Vehicles3↦0.002642981708049774),(Vehicles4↦0.030179815366864204),(Vehicles5↦0.008818544447422028)}",
        "VehiclesVx": "{(EgoVehicle↦20.0),(Vehicles2↦-0.3999925032258034),(Vehicles3↦0.5601926147937775),(Vehicles4↦0.1083220075815916),(Vehicles5↦-0.421353355050087)}",
        "VehiclesY": "{(EgoVehicle↦8.000000238418579),(Vehicles2↦-4.0000001192092896),(Vehicles3↦-1.3322676295501878E-15),(Vehicles4↦-8.000000238418579),(Vehicles5↦-4.0000001192092896)}",
        "VehiclesVy": "{(EgoVehicle↦0.0),(Vehicles2↦0.0),(Vehicles3↦0.0),(Vehicles4↦0.0),(Vehicles5↦0.0)}",
        "VehiclesX": "{(EgoVehicle↦200.0),(Vehicles2↦-1.829732209444046),(Vehicles3↦31.970298290252686),(Vehicles4↦42.27193295955658),(Vehicles5↦51.878952980041504)}"
      },
      "probabilisticVariables": null,
      "activating": [
        "IDLE_39"
      ],
      "activatingOnlyWhenExecuted": true,
      "updating": null,
      "withPredicate": null
    },
    {
      "id": "IDLE_39",
      "execute": "IDLE",
      "after": "1000",
      "priority": 0,
      "additionalGuards": null,
      "activationKind": null,
      "fixedVariables": {
        "Crash": "FALSE",
        "VehiclesAy": "{(EgoVehicle↦0.0),(Vehicles2↦0.0),(Vehicles3↦0.0),(Vehicles4↦0.0),(Vehicles5↦0.0)}",
        "Reward": "0.7333333333333334",
        "VehiclesAx": "{(EgoVehicle↦0.0),(Vehicles2↦-0.0005941838026046753),(Vehicles3↦0.002656988799571991),(Vehicles4↦0.028964560478925705),(Vehicles5↦0.0093793123960495)}",
        "VehiclesVx": "{(EgoVehicle↦20.0),(Vehicles2↦-0.40058668702840805),(Vehicles3↦0.5628496035933495),(Vehicles4↦0.1372865680605173),(Vehicles5↦-0.4119740426540375)}",
        "VehiclesY": "{(EgoVehicle↦8.000000238418579),(Vehicles2↦-4.0000001192092896),(Vehicles3↦-1.3322676295501878E-15),(Vehicles4↦-8.000000238418579),(Vehicles5↦-4.0000001192092896)}",
        "VehiclesVy": "{(EgoVehicle↦0.0),(Vehicles2↦0.0),(Vehicles3↦0.0),(Vehicles4↦0.0),(Vehicles5↦0.0)}",
        "VehiclesX": "{(EgoVehicle↦200.0),(Vehicles2↦-2.2300655022263527),(Vehicles3↦32.53155052661896),(Vehicles4↦42.39193499088287),(Vehicles5↦51.46130919456482)}"
      },
      "probabilisticVariables": null,
      "activating": [
        "IDLE_40"
      ],
      "activatingOnlyWhenExecuted": true,
      "updating": null,
      "withPredicate": null
    },
    {
      "id": "IDLE_40",
      "execute": "IDLE",
      "after": "1000",
      "priority": 0,
      "additionalGuards": null,
      "activationKind": null,
      "fixedVariables": {
        "Crash": "FALSE",
        "VehiclesAy": "{(EgoVehicle↦0.0),(Vehicles2↦0.0),(Vehicles3↦0.0),(Vehicles4↦0.0),(Vehicles5↦0.0)}",
        "Reward": "0.7333333333333334",
        "VehiclesAx": "{(EgoVehicle↦0.0),(Vehicles2↦0.0006466731429100037),(Vehicles3↦0.0026708468794822693),(Vehicles4↦0.027830051258206367),(Vehicles5↦0.009884834289550781)}",
        "VehiclesVx": "{(EgoVehicle↦20.0),(Vehicles2↦-0.39994001388549805),(Vehicles3↦0.5655204504728317),(Vehicles4↦0.16511661931872368),(Vehicles5↦-0.4020892083644867)}",
        "VehiclesY": "{(EgoVehicle↦8.000000238418579),(Vehicles2↦-4.0000001192092896),(Vehicles3↦-1.3322676295501878E-15),(Vehicles4↦-8.000000238418579),(Vehicles5↦-4.0000001192092896)}",
        "VehiclesVy": "{(EgoVehicle↦0.0),(Vehicles2↦0.0),(Vehicles3↦0.0),(Vehicles4↦0.0),(Vehicles5↦0.0)}",
        "VehiclesX": "{(EgoVehicle↦200.0),(Vehicles2↦-2.630488947033882),(Vehicles3↦33.09547007083893),(Vehicles4↦42.540442943573),(Vehicles5↦51.05324983596802)}"
      },
      "probabilisticVariables": null,
      "activating": [
        "IDLE_41"
      ],
      "activatingOnlyWhenExecuted": true,
      "updating": null,
      "withPredicate": null
    },
    {
      "id": "IDLE_41",
      "execute": "IDLE",
      "after": "1000",
      "priority": 0,
      "additionalGuards": null,
      "activationKind": null,
      "fixedVariables": {
        "Crash": "FALSE",
        "VehiclesAy": "{(EgoVehicle↦0.0),(Vehicles2↦0.0),(Vehicles3↦0.0),(Vehicles4↦0.0),(Vehicles5↦0.0)}",
        "Reward": "0.7333333333333334",
        "VehiclesAx": "{(EgoVehicle↦0.0),(Vehicles2↦0.0017950311303138733),(Vehicles3↦0.0026844441890716553),(Vehicles4↦0.02676885575056076),(Vehicles5↦0.010338202118873596)}",
        "VehiclesVx": "{(EgoVehicle↦20.0),(Vehicles2↦-0.3981449827551842),(Vehicles3↦0.5682048946619034),(Vehicles4↦0.19188547506928444),(Vehicles5↦-0.3917510062456131)}",
        "VehiclesY": "{(EgoVehicle↦8.000000238418579),(Vehicles2↦-4.0000001192092896),(Vehicles3↦-1.3322676295501878E-15),(Vehicles4↦-8.000000238418579),(Vehicles5↦-4.0000001192092896)}",
        "VehiclesVy": "{(EgoVehicle↦0.0),(Vehicles2↦0.0),(Vehicles3↦0.0),(Vehicles4↦0.0),(Vehicles5↦0.0)}",
        "VehiclesX": "{(EgoVehicle↦200.0),(Vehicles2↦-3.029799275100231),(Vehicles3↦33.662062883377075),(Vehicles4↦42.71634817123413),(Vehicles5↦50.65526366233826)}"
      },
      "probabilisticVariables": null,
      "activating": [
        "IDLE_42"
      ],
      "activatingOnlyWhenExecuted": true,
      "updating": null,
      "withPredicate": null
    },
    {
      "id": "IDLE_42",
      "execute": "IDLE",
      "after": "1000",
      "priority": 0,
      "additionalGuards": null,
      "activationKind": null,
      "fixedVariables": {
        "Crash": "FALSE",
        "VehiclesAy": "{(EgoVehicle↦0.0),(Vehicles2↦0.0),(Vehicles3↦0.0),(Vehicles4↦0.0),(Vehicles5↦0.0)}",
        "Reward": "0.7333333333333334",
        "VehiclesAx": "{(EgoVehicle↦0.0),(Vehicles2↦0.002854466438293457),(Vehicles3↦0.0026978179812431335),(Vehicles4↦0.02577437087893486),(Vehicles5↦0.010742470622062683)}",
        "VehiclesVx": "{(EgoVehicle↦20.0),(Vehicles2↦-0.3952905163168907),(Vehicles3↦0.5709027126431465),(Vehicles4↦0.2176598459482193),(Vehicles5↦-0.3810085356235504)}",
        "VehiclesY": "{(EgoVehicle↦8.000000238418579),(Vehicles2↦-4.0000001192092896),(Vehicles3↦-1.3322676295501878E-15),(Vehicles4↦-8.000000238418579),(Vehicles5↦-4.0000001192092896)}",
        "VehiclesVy": "{(EgoVehicle↦0.0),(Vehicles2↦0.0),(Vehicles3↦0.0),(Vehicles4↦0.0),(Vehicles5↦0.0)}",
        "VehiclesX": "{(EgoVehicle↦200.0),(Vehicles2↦-3.426883742213249),(Vehicles3↦34.23134386539459),(Vehicles4↦42.91861951351166),(Vehicles5↦50.26777982711792)}"
      },
      "probabilisticVariables": null,
      "activating": [
        "IDLE_43"
      ],
      "activatingOnlyWhenExecuted": true,
      "updating": null,
      "withPredicate": null
    },
    {
      "id": "IDLE_43",
      "execute": "IDLE",
      "after": "1000",
      "priority": 0,
      "additionalGuards": null,
      "activationKind": null,
      "fixedVariables": {
        "Crash": "FALSE",
        "VehiclesAy": "{(EgoVehicle↦0.0),(Vehicles2↦0.0),(Vehicles3↦0.0),(Vehicles4↦0.0),(Vehicles5↦0.0)}",
        "Reward": "0.7333333333333334",
        "VehiclesAx": "{(EgoVehicle↦0.0),(Vehicles2↦0.0038288161158561707),(Vehicles3↦0.002710781991481781),(Vehicles4↦0.02484077587723732),(Vehicles5↦0.011100620031356812)}",
        "VehiclesVx": "{(EgoVehicle↦20.0),(Vehicles2↦-0.39146170020103455),(Vehicles3↦0.5736134946346283),(Vehicles4↦0.24250062182545662),(Vehicles5↦-0.3699079155921936)}",
        "VehiclesY": "{(EgoVehicle↦8.000000238418579),(Vehicles2↦-4.0000001192092896),(Vehicles3↦-1.3322676295501878E-15),(Vehicles4↦-8.000000238418579),(Vehicles5↦-4.0000001192092896)}",
        "VehiclesVy": "{(EgoVehicle↦0.0),(Vehicles2↦0.0),(Vehicles3↦0.0),(Vehicles4↦0.0),(Vehicles5↦0.0)}",
        "VehiclesX": "{(EgoVehicle↦200.0),(Vehicles2↦-3.8207173347473145),(Vehicles3↦34.80333089828491),(Vehicles4↦43.14628839492798),(Vehicles5↦49.89118576049805)}"
      },
      "probabilisticVariables": null,
      "activating": [
        "IDLE_44"
      ],
      "activatingOnlyWhenExecuted": true,
      "updating": null,
      "withPredicate": null
    },
    {
      "id": "IDLE_44",
      "execute": "IDLE",
      "after": "1000",
      "priority": 0,
      "additionalGuards": null,
      "activationKind": null,
      "fixedVariables": {
        "Crash": "FALSE",
        "VehiclesAy": "{(EgoVehicle↦0.0),(Vehicles2↦0.0),(Vehicles3↦0.0),(Vehicles4↦0.0),(Vehicles5↦0.0)}",
        "Reward": "0.7333333333333334",
        "VehiclesAx": "{(EgoVehicle↦0.0),(Vehicles2↦0.004722177982330322),(Vehicles3↦0.002723298966884613),(Vehicles4↦0.023962892591953278),(Vehicles5↦0.01141570508480072)}",
        "VehiclesVx": "{(EgoVehicle↦20.0),(Vehicles2↦-0.3867395222187042),(Vehicles3↦0.5763367936015129),(Vehicles4↦0.2664635144174099),(Vehicles5↦-0.3584922105073929)}",
        "VehiclesY": "{(EgoVehicle↦8.000000238418579),(Vehicles2↦-4.0000001192092896),(Vehicles3↦-1.3322676295501878E-15),(Vehicles4↦-8.000000238418579),(Vehicles5↦-4.0000001192092896)}",
        "VehiclesVy": "{(EgoVehicle↦0.0),(Vehicles2↦0.0),(Vehicles3↦0.0),(Vehicles4↦0.0),(Vehicles5↦0.0)}",
        "VehiclesX": "{(EgoVehicle↦200.0),(Vehicles2↦-4.210358485579491),(Vehicles3↦35.37803292274475),(Vehicles4↦43.39844286441803),(Vehicles5↦49.52581822872162)}"
      },
      "probabilisticVariables": null,
      "activating": [
        "IDLE_45"
      ],
      "activatingOnlyWhenExecuted": true,
      "updating": null,
      "withPredicate": null
    },
    {
      "id": "IDLE_45",
      "execute": "IDLE",
      "after": "1000",
      "priority": 0,
      "additionalGuards": null,
      "activationKind": null,
      "fixedVariables": {
        "Crash": "FALSE",
        "VehiclesAy": "{(EgoVehicle↦0.0),(Vehicles2↦0.0),(Vehicles3↦0.0),(Vehicles4↦0.0),(Vehicles5↦0.0)}",
        "Reward": "0.7333333333333334",
        "VehiclesAx": "{(EgoVehicle↦0.0),(Vehicles2↦0.0055387988686561584),(Vehicles3↦0.002735443413257599),(Vehicles4↦0.023136083036661148),(Vehicles5↦0.01169063150882721)}",
        "VehiclesVx": "{(EgoVehicle↦20.0),(Vehicles2↦-0.38120072335004807),(Vehicles3↦0.5790722370147705),(Vehicles4↦0.28959959745407104),(Vehicles5↦-0.3468015789985657)}",
        "VehiclesY": "{(EgoVehicle↦8.000000238418579),(Vehicles2↦-4.0000001192092896),(Vehicles3↦-1.3322676295501878E-15),(Vehicles4↦-8.000000238418579),(Vehicles5↦-4.0000001192092896)}",
        "VehiclesVy": "{(EgoVehicle↦0.0),(Vehicles2↦0.0),(Vehicles3↦0.0),(Vehicles4↦0.0),(Vehicles5↦0.0)}",
        "VehiclesX": "{(EgoVehicle↦200.0),(Vehicles2↦-4.594944790005684),(Vehicles3↦35.955461859703064),(Vehicles4↦43.674224615097046),(Vehicles5↦49.17198419570923)}"
      },
      "probabilisticVariables": null,
      "activating": [
        "IDLE_46"
      ],
      "activatingOnlyWhenExecuted": true,
      "updating": null,
      "withPredicate": null
    },
    {
      "id": "IDLE_46",
      "execute": "IDLE",
      "after": "1000",
      "priority": 0,
      "additionalGuards": null,
      "activationKind": null,
      "fixedVariables": {
        "Crash": "FALSE",
        "VehiclesAy": "{(EgoVehicle↦0.0),(Vehicles2↦0.0),(Vehicles3↦0.0),(Vehicles4↦0.0),(Vehicles5↦0.0)}",
        "Reward": "0.7333333333333334",
        "VehiclesAx": "{(EgoVehicle↦0.0),(Vehicles2↦0.0062828510999679565),(Vehicles3↦0.0027470663189888),(Vehicles4↦0.022356249392032623),(Vehicles5↦0.011928193271160126)}",
        "VehiclesVx": "{(EgoVehicle↦20.0),(Vehicles2↦-0.3749178722500801),(Vehicles3↦0.5818193033337593),(Vehicles4↦0.31195584684610367),(Vehicles5↦-0.33487338572740555)}",
        "VehiclesY": "{(EgoVehicle↦8.000000238418579),(Vehicles2↦-4.0000001192092896),(Vehicles3↦-1.3322676295501878E-15),(Vehicles4↦-8.000000238418579),(Vehicles5↦-4.0000001192092896)}",
        "VehiclesVy": "{(EgoVehicle↦0.0),(Vehicles2↦0.0),(Vehicles3↦0.0),(Vehicles4↦0.0),(Vehicles5↦0.0)}",
        "VehiclesX": "{(EgoVehicle↦200.0),(Vehicles2↦-4.973689094185829),(Vehicles3↦36.535632610321045),(Vehicles4↦43.97282898426056),(Vehicles5↦48.82993400096893)}"
      },
      "probabilisticVariables": null,
      "activating": [
        "IDLE_47"
      ],
      "activatingOnlyWhenExecuted": true,
      "updating": null,
      "withPredicate": null
    },
    {
      "id": "IDLE_47",
      "execute": "IDLE",
      "after": "1000",
      "priority": 0,
      "additionalGuards": null,
      "activationKind": null,
      "fixedVariables": {
        "Crash": "FALSE",
        "VehiclesAy": "{(EgoVehicle↦0.0),(Vehicles2↦0.0),(Vehicles3↦0.0),(Vehicles4↦0.0),(Vehicles5↦0.0)}",
        "Reward": "0.7333333333333334",
        "VehiclesAx": "{(EgoVehicle↦0.0),(Vehicles2↦0.006958767771720886),(Vehicles3↦0.002758130431175232),(Vehicles4↦0.021619684994220734),(Vehicles5↦0.01213114708662033)}",
        "VehiclesVx": "{(EgoVehicle↦20.0),(Vehicles2↦-0.3679591044783592),(Vehicles3↦0.5845774337649345),(Vehicles4↦0.3335755318403244),(Vehicles5↦-0.3227422386407852)}",
        "VehiclesY": "{(EgoVehicle↦8.000000238418579),(Vehicles2↦-4.0000001192092896),(Vehicles3↦-1.3322676295501878E-15),(Vehicles4↦-8.000000238418579),(Vehicles5↦-4.0000001192092896)}",
        "VehiclesVy": "{(EgoVehicle↦0.0),(Vehicles2↦0.0),(Vehicles3↦0.0),(Vehicles4↦0.0),(Vehicles5↦0.0)}",
        "VehiclesX": "{(EgoVehicle↦200.0),(Vehicles2↦-5.345875024795532),(Vehicles3↦37.11855411529541),(Vehicles4↦44.293490052223206),(Vehicles5↦48.499900102615356)}"
      },
      "probabilisticVariables": null,
      "activating": [
        "IDLE_48"
      ],
      "activatingOnlyWhenExecuted": true,
      "updating": null,
      "withPredicate": null
    },
    {
      "id": "IDLE_48",
      "execute": "IDLE",
      "after": "1000",
      "priority": 0,
      "additionalGuards": null,
      "activationKind": null,
      "fixedVariables": {
        "Crash": "FALSE",
        "VehiclesAy": "{(EgoVehicle↦0.0),(Vehicles2↦0.0),(Vehicles3↦0.0),(Vehicles4↦0.0),(Vehicles5↦0.0)}",
        "Reward": "0.7333333333333334",
        "VehiclesAx": "{(EgoVehicle↦0.0),(Vehicles2↦0.007570572197437286),(Vehicles3↦0.0027686357498168945),(Vehicles4↦0.020922981202602386),(Vehicles5↦0.012302156537771225)}",
        "VehiclesVx": "{(EgoVehicle↦20.0),(Vehicles2↦-0.36038853228092194),(Vehicles3↦0.5873460695147514),(Vehicles4↦0.3544985130429268),(Vehicles5↦-0.310440082103014)}",
        "VehiclesY": "{(EgoVehicle↦8.000000238418579),(Vehicles2↦-4.0000001192092896),(Vehicles3↦-1.3322676295501878E-15),(Vehicles4↦-8.000000238418579),(Vehicles5↦-4.0000001192092896)}",
        "VehiclesVy": "{(EgoVehicle↦0.0),(Vehicles2↦0.0),(Vehicles3↦0.0),(Vehicles4↦0.0),(Vehicles5↦0.0)}",
        "VehiclesX": "{(EgoVehicle↦200.0),(Vehicles2↦-5.7108525186777115),(Vehicles3↦37.704238295555115),(Vehicles4↦44.6354866027832),(Vehicles5↦48.18206429481506)}"
      },
      "probabilisticVariables": null,
      "activating": [
        "IDLE_49"
      ],
      "activatingOnlyWhenExecuted": true,
      "updating": null,
      "withPredicate": null
    },
    {
      "id": "IDLE_49",
      "execute": "IDLE",
      "after": "1000",
      "priority": 0,
      "additionalGuards": null,
      "activationKind": null,
      "fixedVariables": {
        "Crash": "FALSE",
        "VehiclesAy": "{(EgoVehicle↦0.0),(Vehicles2↦0.0),(Vehicles3↦0.0),(Vehicles4↦0.0),(Vehicles5↦0.0)}",
        "Reward": "0.7333333333333334",
        "VehiclesAx": "{(EgoVehicle↦0.0),(Vehicles2↦0.008122511208057404),(Vehicles3↦0.002778582274913788),(Vehicles4↦0.020263269543647766),(Vehicles5↦0.012443587183952332)}",
        "VehiclesVx": "{(EgoVehicle↦20.0),(Vehicles2↦-0.35226602107286453),(Vehicles3↦0.5901246517896652),(Vehicles4↦0.37476178258657455),(Vehicles5↦-0.29799649491906166)}",
        "VehiclesY": "{(EgoVehicle↦8.000000238418579),(Vehicles2↦-4.0000001192092896),(Vehicles3↦-1.3322676295501878E-15),(Vehicles4↦-8.000000238418579),(Vehicles5↦-4.0000001192092896)}",
        "VehiclesVy": "{(EgoVehicle↦0.0),(Vehicles2↦0.0),(Vehicles3↦0.0),(Vehicles4↦0.0),(Vehicles5↦0.0)}",
        "VehiclesX": "{(EgoVehicle↦200.0),(Vehicles2↦-6.06803372502327),(Vehicles3↦38.292694091796875),(Vehicles4↦44.99814212322235),(Vehicles5↦47.876593470573425)}"
      },
      "probabilisticVariables": null,
      "activating": [
        "IDLE_50"
      ],
      "activatingOnlyWhenExecuted": true,
      "updating": null,
      "withPredicate": null
    },
    {
      "id": "IDLE_50",
      "execute": "IDLE",
      "after": "1000",
      "priority": 0,
      "additionalGuards": null,
      "activationKind": null,
      "fixedVariables": {
        "Crash": "FALSE",
        "VehiclesAy": "{(EgoVehicle↦0.0),(Vehicles2↦0.0),(Vehicles3↦0.0),(Vehicles4↦0.0),(Vehicles5↦0.0)}",
        "Reward": "0.7333333333333334",
        "VehiclesAx": "{(EgoVehicle↦0.0),(Vehicles2↦0.008618533611297607),(Vehicles3↦0.0027878955006599426),(Vehicles4↦0.01963771879673004),(Vehicles5↦0.01255786046385765)}",
        "VehiclesVx": "{(EgoVehicle↦20.0),(Vehicles2↦-0.3436474874615669),(Vehicles3↦0.5929125472903252),(Vehicles4↦0.3943995013833046),(Vehicles5↦-0.285438634455204)}",
        "VehiclesY": "{(EgoVehicle↦8.000000238418579),(Vehicles2↦-4.0000001192092896),(Vehicles3↦-1.3322676295501878E-15),(Vehicles4↦-8.000000238418579),(Vehicles5↦-4.0000001192092896)}",
        "VehiclesVy": "{(EgoVehicle↦0.0),(Vehicles2↦0.0),(Vehicles3↦0.0),(Vehicles4↦0.0),(Vehicles5↦0.0)}",
        "VehiclesX": "{(EgoVehicle↦200.0),(Vehicles2↦-6.416890025138855),(Vehicles3↦38.883933424949646),(Vehicles4↦45.380809903144836),(Vehicles5↦47.58360981941223)}"
      },
      "probabilisticVariables": null,
      "activating": [
        "IDLE_51"
      ],
      "activatingOnlyWhenExecuted": true,
      "updating": null,
      "withPredicate": null
    },
    {
      "id": "IDLE_51",
      "execute": "IDLE",
      "after": "1000",
      "priority": 0,
      "additionalGuards": null,
      "activationKind": null,
      "fixedVariables": {
        "Crash": "FALSE",
        "VehiclesAy": "{(EgoVehicle↦0.0),(Vehicles2↦0.0),(Vehicles3↦0.0),(Vehicles4↦0.0),(Vehicles5↦0.0)}",
        "Reward": "0.7333333333333334",
        "VehiclesAx": "{(EgoVehicle↦0.0),(Vehicles2↦0.009062550961971283),(Vehicles3↦0.0027966126799583435),(Vehicles4↦0.019043944776058197),(Vehicles5↦0.012647174298763275)}",
        "VehiclesVx": "{(EgoVehicle↦20.0),(Vehicles2↦-0.33458493649959564),(Vehicles3↦0.5957091599702835),(Vehicles4↦0.4134434461593628),(Vehicles5↦-0.27279146015644073)}",
        "VehiclesY": "{(EgoVehicle↦8.000000238418579),(Vehicles2↦-4.0000001192092896),(Vehicles3↦-1.3322676295501878E-15),(Vehicles4↦-8.000000238418579),(Vehicles5↦-4.0000001192092896)}",
        "VehiclesVy": "{(EgoVehicle↦0.0),(Vehicles2↦0.0),(Vehicles3↦0.0),(Vehicles4↦0.0),(Vehicles5↦0.0)}",
        "VehiclesX": "{(EgoVehicle↦200.0),(Vehicles2↦-6.756945699453354),(Vehicles3↦39.477965235710144),(Vehicles4↦45.782873034477234),(Vehicles5↦47.303226590156555)}"
      },
      "probabilisticVariables": null,
      "activating": [
        "IDLE_52"
      ],
      "activatingOnlyWhenExecuted": true,
      "updating": null,
      "withPredicate": null
    },
    {
      "id": "IDLE_52",
      "execute": "IDLE",
      "after": "1000",
      "priority": 0,
      "additionalGuards": null,
      "activationKind": null,
      "fixedVariables": {
        "Crash": "FALSE",
        "VehiclesAy": "{(EgoVehicle↦0.0),(Vehicles2↦0.0),(Vehicles3↦0.0),(Vehicles4↦0.0),(Vehicles5↦0.0)}",
        "Reward": "0.7333333333333334",
        "VehiclesAx": "{(EgoVehicle↦0.0),(Vehicles2↦0.009458214044570923),(Vehicles3↦0.0028046593070030212),(Vehicles4↦0.0184796005487442),(Vehicles5↦0.012713633477687836)}",
        "VehiclesVx": "{(EgoVehicle↦20.0),(Vehicles2↦-0.3251267224550247),(Vehicles3↦0.5985138192772865),(Vehicles4↦0.431923046708107),(Vehicles5↦-0.2600778266787529)}",
        "VehiclesY": "{(EgoVehicle↦8.000000238418579),(Vehicles2↦-4.0000001192092896),(Vehicles3↦-1.3322676295501878E-15),(Vehicles4↦-8.000000238418579),(Vehicles5↦-4.0000001192092896)}",
        "VehiclesVy": "{(EgoVehicle↦0.0),(Vehicles2↦0.0),(Vehicles3↦0.0),(Vehicles4↦0.0),(Vehicles5↦0.0)}",
        "VehiclesX": "{(EgoVehicle↦200.0),(Vehicles2↦-7.087777554988861),(Vehicles3↦40.07479548454285),(Vehicles4↦46.20375037193298),(Vehicles5↦47.03551530838013)}"
      },
      "probabilisticVariables": null,
      "activating": [
        "IDLE_53"
      ],
      "activatingOnlyWhenExecuted": true,
      "updating": null,
      "withPredicate": null
    },
    {
      "id": "IDLE_53",
      "execute": "IDLE",
      "after": "1000",
      "priority": 0,
      "additionalGuards": null,
      "activationKind": null,
      "fixedVariables": {
        "Crash": "FALSE",
        "VehiclesAy": "{(EgoVehicle↦0.0),(Vehicles2↦0.0),(Vehicles3↦0.0),(Vehicles4↦0.0),(Vehicles5↦0.0)}",
        "Reward": "0.7333333333333334",
        "VehiclesAx": "{(EgoVehicle↦0.0),(Vehicles2↦0.00980909913778305),(Vehicles3↦0.0028120726346969604),(Vehicles4↦0.017942748963832855),(Vehicles5↦0.012759193778038025)}",
        "VehiclesVx": "{(EgoVehicle↦20.0),(Vehicles2↦-0.31531762331724167),(Vehicles3↦0.6013258919119835),(Vehicles4↦0.44986579567193985),(Vehicles5↦-0.24731863290071487)}",
        "VehiclesY": "{(EgoVehicle↦8.000000238418579),(Vehicles2↦-4.0000001192092896),(Vehicles3↦-1.3322676295501878E-15),(Vehicles4↦-8.000000238418579),(Vehicles5↦-4.0000001192092896)}",
        "VehiclesVy": "{(EgoVehicle↦0.0),(Vehicles2↦0.0),(Vehicles3↦0.0),(Vehicles4↦0.0),(Vehicles5↦0.0)}",
        "VehiclesX": "{(EgoVehicle↦200.0),(Vehicles2↦-7.409007102251053),(Vehicles3↦40.67443311214447),(Vehicles4↦46.64289355278015),(Vehicles5↦46.78053855895996)}"
      },
      "probabilisticVariables": null,
      "activating": [
        "IDLE_54"
      ],
      "activatingOnlyWhenExecuted": true,
      "updating": null,
      "withPredicate": null
    },
    {
      "id": "IDLE_54",
      "execute": "IDLE",
      "after": "1000",
      "priority": 0,
      "additionalGuards": null,
      "activationKind": null,
      "fixedVariables": {
        "Crash": "FALSE",
        "VehiclesAy": "{(EgoVehicle↦0.0),(Vehicles2↦0.0),(Vehicles3↦0.0),(Vehicles4↦0.0),(Vehicles5↦0.0)}",
        "Reward": "0.7333333333333334",
        "VehiclesAx": "{(EgoVehicle↦0.0),(Vehicles2↦0.010118559002876282),(Vehicles3↦0.0028188154101371765),(Vehicles4↦-0.6843987666070461),(Vehicles5↦0.7146159559488297)}",
        "VehiclesVx": "{(EgoVehicle↦20.0),(Vehicles2↦-0.3051990643143654),(Vehicles3↦0.6041447073221207),(Vehicles4↦-0.23453297093510628),(Vehicles5↦0.4672973230481148)}",
        "VehiclesY": "{(EgoVehicle↦8.000000238418579),(Vehicles2↦-4.0000001192092896),(Vehicles3↦-1.3322676295501878E-15),(Vehicles4↦-4.0000001192092896),(Vehicles5↦-8.000000238418579)}",
        "VehiclesVy": "{(EgoVehicle↦0.0),(Vehicles2↦0.0),(Vehicles3↦0.0),(Vehicles4↦0.0),(Vehicles5↦0.0)}",
        "VehiclesX": "{(EgoVehicle↦200.0),(Vehicles2↦-7.720300555229187),(Vehicles3↦41.27688705921173),(Vehicles4↦46.53833210468292),(Vehicles5↦47.09977209568024)}"
      },
      "probabilisticVariables": null,
      "activating": [
        "IDLE_55"
      ],
      "activatingOnlyWhenExecuted": true,
      "updating": null,
      "withPredicate": null
    },
    {
      "id": "IDLE_55",
      "execute": "IDLE",
      "after": "1000",
      "priority": 0,
      "additionalGuards": null,
      "activationKind": null,
      "fixedVariables": {
        "Crash": "FALSE",
        "VehiclesAy": "{(EgoVehicle↦0.0),(Vehicles2↦0.0),(Vehicles3↦0.0),(Vehicles4↦0.0),(Vehicles5↦0.0)}",
        "Reward": "0.7333333333333334",
        "VehiclesAx": "{(EgoVehicle↦0.0),(Vehicles2↦0.01038968563079834),(Vehicles3↦0.002824924886226654),(Vehicles4↦0.01279480755329132),(Vehicles5↦0.016944222152233124)}",
        "VehiclesVx": "{(EgoVehicle↦20.0),(Vehicles2↦-0.29480937868356705),(Vehicles3↦0.6069696322083473),(Vehicles4↦-0.22173816338181496),(Vehicles5↦0.4842415452003479)}",
        "VehiclesY": "{(EgoVehicle↦8.000000238418579),(Vehicles2↦-4.0000001192092896),(Vehicles3↦-1.3322676295501878E-15),(Vehicles4↦-4.0000001192092896),(Vehicles5↦-8.000000238418579)}",
        "VehiclesVy": "{(EgoVehicle↦0.0),(Vehicles2↦0.0),(Vehicles3↦0.0),(Vehicles4↦0.0),(Vehicles5↦0.0)}",
        "VehiclesX": "{(EgoVehicle↦200.0),(Vehicles2↦-8.021363615989685),(Vehicles3↦41.88216030597687),(Vehicles4↦46.30891680717468),(Vehicles5↦47.57388532161713)}"
      },
      "probabilisticVariables": null,
      "activating": [
        "IDLE_56"
      ],
      "activatingOnlyWhenExecuted": true,
      "updating": null,
      "withPredicate": null
    },
    {
      "id": "IDLE_56",
      "execute": "IDLE",
      "after": "1000",
      "priority": 0,
      "additionalGuards": null,
      "activationKind": null,
      "fixedVariables": {
        "Crash": "FALSE",
        "VehiclesAy": "{(EgoVehicle↦0.0),(Vehicles2↦0.0),(Vehicles3↦0.0),(Vehicles4↦0.0),(Vehicles5↦0.0)}",
        "Reward": "0.7333333333333334",
        "VehiclesAx": "{(EgoVehicle↦0.0),(Vehicles2↦0.010625552386045456),(Vehicles3↦0.0028303638100624084),(Vehicles4↦0.012788157910108566),(Vehicles5↦0.016479194164276123)}",
        "VehiclesVx": "{(EgoVehicle↦20.0),(Vehicles2↦-0.2841838262975216),(Vehicles3↦0.6097999960184097),(Vehicles4↦-0.2089500054717064),(Vehicles5↦0.500720739364624)}",
        "VehiclesY": "{(EgoVehicle↦8.000000238418579),(Vehicles2↦-4.0000001192092896),(Vehicles3↦-1.3322676295501878E-15),(Vehicles4↦-4.0000001192092896),(Vehicles5↦-8.000000238418579)}",
        "VehiclesVy": "{(EgoVehicle↦0.0),(Vehicles2↦0.0),(Vehicles3↦0.0),(Vehicles4↦0.0),(Vehicles5↦0.0)}",
        "VehiclesX": "{(EgoVehicle↦200.0),(Vehicles2↦-8.311940729618073),(Vehicles3↦42.4902617931366),(Vehicles4↦46.09229564666748),(Vehicles5↦48.06475341320038)}"
      },
      "probabilisticVariables": null,
      "activating": [
        "IDLE_57"
      ],
      "activatingOnlyWhenExecuted": true,
      "updating": null,
      "withPredicate": null
    },
    {
      "id": "IDLE_57",
      "execute": "IDLE",
      "after": "1000",
      "priority": 0,
      "additionalGuards": null,
      "activationKind": null,
      "fixedVariables": {
        "Crash": "FALSE",
        "VehiclesAy": "{(EgoVehicle↦0.0),(Vehicles2↦0.0),(Vehicles3↦0.0),(Vehicles4↦0.0),(Vehicles5↦0.0)}",
        "Reward": "0.7333333333333334",
        "VehiclesAx": "{(EgoVehicle↦0.0),(Vehicles2↦0.010828953236341476),(Vehicles3↦0.0028351694345474243),(Vehicles4↦0.01276722177863121),(Vehicles5↦0.016035176813602448)}",
        "VehiclesVx": "{(EgoVehicle↦20.0),(Vehicles2↦-0.2733548730611801),(Vehicles3↦0.6126351654529572),(Vehicles4↦-0.19618278369307518),(Vehicles5↦0.5167559161782265)}",
        "VehiclesY": "{(EgoVehicle↦8.000000238418579),(Vehicles2↦-4.0000001192092896),(Vehicles3↦-1.3322676295501878E-15),(Vehicles4↦-4.0000001192092896),(Vehicles5↦-8.000000238418579)}",
        "VehiclesVy": "{(EgoVehicle↦0.0),(Vehicles2↦0.0),(Vehicles3↦0.0),(Vehicles4↦0.0),(Vehicles5↦0.0)}",
        "VehiclesX": "{(EgoVehicle↦200.0),(Vehicles2↦-8.591807633638382),(Vehicles3↦43.10119450092316),(Vehicles4↦45.88845372200012),(Vehicles5↦48.5719233751297)}"
      },
      "probabilisticVariables": null,
      "activating": [
        "IDLE_58"
      ],
      "activatingOnlyWhenExecuted": true,
      "updating": null,
      "withPredicate": null
    },
    {
      "id": "IDLE_58",
      "execute": "IDLE",
      "after": "1000",
      "priority": 0,
      "additionalGuards": null,
      "activationKind": null,
      "fixedVariables": {
        "Crash": "FALSE",
        "VehiclesAy": "{(EgoVehicle↦0.0),(Vehicles2↦0.0),(Vehicles3↦0.0),(Vehicles4↦0.0),(Vehicles5↦0.0)}",
        "Reward": "0.7333333333333334",
        "VehiclesAx": "{(EgoVehicle↦0.0),(Vehicles2↦0.011002495884895325),(Vehicles3↦0.0028392672538757324),(Vehicles4↦0.012733377516269684),(Vehicles5↦0.015610717236995697)}",
        "VehiclesVx": "{(EgoVehicle↦20.0),(Vehicles2↦-0.2623523771762848),(Vehicles3↦0.6154744327068329),(Vehicles4↦-0.1834494061768055),(Vehicles5↦0.5323666334152222)}",
        "VehiclesY": "{(EgoVehicle↦8.000000238418579),(Vehicles2↦-4.0000001192092896),(Vehicles3↦-1.3322676295501878E-15),(Vehicles4↦-4.0000001192092896),(Vehicles5↦-8.000000238418579)}",
        "VehiclesVy": "{(EgoVehicle↦0.0),(Vehicles2↦0.0),(Vehicles3↦0.0),(Vehicles4↦0.0),(Vehicles5↦0.0)}",
        "VehiclesX": "{(EgoVehicle↦200.0),(Vehicles2↦-8.860774338245392),(Vehicles3↦43.714967370033264),(Vehicles4↦45.6973671913147),(Vehicles5↦49.09495711326599)}"
      },
      "probabilisticVariables": null,
      "activating": [
        "IDLE_59"
      ],
      "activatingOnlyWhenExecuted": true,
      "updating": null,
      "withPredicate": null
    },
    {
      "id": "IDLE_59",
      "execute": "IDLE",
      "after": "1000",
      "priority": 0,
      "additionalGuards": null,
      "activationKind": null,
      "fixedVariables": {
        "Crash": "FALSE",
        "VehiclesAy": "{(EgoVehicle↦0.0),(Vehicles2↦0.0),(Vehicles3↦0.0),(Vehicles4↦0.0),(Vehicles5↦0.0)}",
        "Reward": "0.7333333333333334",
        "VehiclesAx": "{(EgoVehicle↦0.0),(Vehicles2↦0.011148620396852493),(Vehicles3↦0.002842731773853302),(Vehicles4↦0.012687873095273972),(Vehicles5↦0.015204697847366333)}",
        "VehiclesVx": "{(EgoVehicle↦20.0),(Vehicles2↦-0.2512037567794323),(Vehicles3↦0.6183171644806862),(Vehicles4↦-0.17076153308153152),(Vehicles5↦0.5475713312625885)}",
        "VehiclesY": "{(EgoVehicle↦8.000000238418579),(Vehicles2↦-4.0000001192092896),(Vehicles3↦-1.3322676295501878E-15),(Vehicles4↦-4.0000001192092896),(Vehicles5↦-8.000000238418579)}",
        "VehiclesVy": "{(EgoVehicle↦0.0),(Vehicles2↦0.0),(Vehicles3↦0.0),(Vehicles4↦0.0),(Vehicles5↦0.0)}",
        "VehiclesX": "{(EgoVehicle↦200.0),(Vehicles2↦-9.11867767572403),(Vehicles3↦44.33157742023468),(Vehicles4↦45.5189973115921),(Vehicles5↦49.633437395095825)}"
      },
      "probabilisticVariables": null,
      "activating": [
        "IDLE_60"
      ],
      "activatingOnlyWhenExecuted": true,
      "updating": null,
      "withPredicate": null
    },
    {
      "id": "IDLE_60",
      "execute": "IDLE",
      "after": "1000",
      "priority": 0,
      "additionalGuards": null,
      "activationKind": null,
      "fixedVariables": {
        "Crash": "FALSE",
        "VehiclesAy": "{(EgoVehicle↦0.0),(Vehicles2↦0.0),(Vehicles3↦0.0),(Vehicles4↦0.0),(Vehicles5↦0.0)}",
        "Reward": "0.7333333333333334",
        "VehiclesAx": "{(EgoVehicle↦0.0),(Vehicles2↦0.011269636452198029),(Vehicles3↦0.0028455257415771484),(Vehicles4↦0.012631881982088089),(Vehicles5↦0.014816001057624817)}",
        "VehiclesVx": "{(EgoVehicle↦20.0),(Vehicles2↦-0.23993412032723427),(Vehicles3↦0.6211626902222633),(Vehicles4↦-0.15812965109944344),(Vehicles5↦0.5623873323202133)}",
        "VehiclesY": "{(EgoVehicle↦8.000000238418579),(Vehicles2↦-4.0000001192092896),(Vehicles3↦-1.3322676295501878E-15),(Vehicles4↦-4.0000001192092896),(Vehicles5↦-8.000000238418579)}",
        "VehiclesVy": "{(EgoVehicle↦0.0),(Vehicles2↦0.0),(Vehicles3↦0.0),(Vehicles4↦0.0),(Vehicles5↦0.0)}",
        "VehiclesX": "{(EgoVehicle↦200.0),(Vehicles2↦-9.36538279056549),(Vehicles3↦44.95103359222412),(Vehicles4↦45.35329341888428),(Vehicles5↦50.186967849731445)}"
      },
      "probabilisticVariables": null,
      "activating": [
        "IDLE_61"
      ],
      "activatingOnlyWhenExecuted": true,
      "updating": null,
      "withPredicate": null
    },
    {
      "id": "IDLE_61",
      "execute": "IDLE",
      "after": "1000",
      "priority": 0,
      "additionalGuards": null,
      "activationKind": null,
      "fixedVariables": {
        "Crash": "FALSE",
        "VehiclesAy": "{(EgoVehicle↦0.0),(Vehicles2↦0.0),(Vehicles3↦0.0),(Vehicles4↦0.0),(Vehicles5↦0.0)}",
        "Reward": "0.7333333333333334",
        "VehiclesAx": "{(EgoVehicle↦0.0),(Vehicles2↦0.011367686092853546),(Vehicles3↦-0.7667258474975824),(Vehicles4↦0.78214006498456),(Vehicles5↦0.01444350928068161)}",
        "VehiclesVx": "{(EgoVehicle↦20.0),(Vehicles2↦-0.22856643423438072),(Vehicles3↦-0.1455631572753191),(Vehicles4↦0.6240104138851166),(Vehicles5↦0.5768308416008949)}",
        "VehiclesY": "{(EgoVehicle↦8.000000238418579),(Vehicles2↦-4.0000001192092896),(Vehicles3↦-4.0000001192092896),(Vehicles4↦-1.3322676295501878E-15),(Vehicles5↦-8.000000238418579)}",
        "VehiclesVy": "{(EgoVehicle↦0.0),(Vehicles2↦0.0),(Vehicles3↦0.0),(Vehicles4↦0.0),(Vehicles5↦0.0)}",
        "VehiclesX": "{(EgoVehicle↦200.0),(Vehicles2↦-9.600776433944702),(Vehicles3↦45.20019590854645),(Vehicles4↦45.57333290576935),(Vehicles5↦50.75516104698181)}"
      },
      "probabilisticVariables": null,
      "activating": null,
      "activatingOnlyWhenExecuted": true,
      "updating": null,
      "withPredicate": null
    }
  ],
  "listeners": [],
  "metadata": {
    "fileType": "Timed_Trace",
    "formatVersion": 3,
    "savedAt": "2023-08-21T06:52:18.719551Z",
    "creator": "Simulation: HYPOTHESIS_TEST; SIGNIFICANCE : 0.05, PROBABILITY : 0.95, MAX_STEPS_BEFORE_PROPERTY : 0, EXECUTIONS : 1000, PREDICATE : Crash = FALSE, ENDING_TIME : 60000, HYPOTHESIS_CHECKING_TYPE : LEFT_TAILED, CHECKING_TYPE : PREDICATE_INVARIANT",
    "proB2KernelVersion": "4.12.2",
    "proBCliVersion": "1.12.2-final",
    "modelName": "HighwayEnvironment2"
  }
}