{
  "variables": {},
  "activations": [
    {
      "id": "$setup_constants",
      "execute": "$setup_constants",
      "after": "0",
      "priority": 0,
      "additionalGuards": null,
      "activationKind": null,
      "fixedVariables": null,
      "probabilisticVariables": null,
      "activating": null,
      "activatingOnlyWhenExecuted": true,
      "updating": null,
      "withPredicate": null
    },
    {
      "id": "$initialise_machine",
      "execute": "$initialise_machine",
      "after": "0",
      "priority": 0,
      "additionalGuards": null,
      "activationKind": null,
      "fixedVariables": {
        "Crash": "FALSE",
        "VehiclesAy": "{(EgoVehicle↦0.0),(Vehicles2↦0.0),(Vehicles3↦0.0),(Vehicles4↦0.0),(Vehicles5↦0.0)}",
        "Reward": "0.0",
        "VehiclesAx": "{(EgoVehicle↦0.0),(Vehicles2↦0.0),(Vehicles3↦0.0),(Vehicles4↦0.0),(Vehicles5↦0.0)}",
        "VehiclesVx": "{(EgoVehicle↦25.0),(Vehicles2↦-3.9435774087905884),(Vehicles3↦-1.1208339780569077),(Vehicles4↦-3.400687873363495),(Vehicles5↦-3.5714608430862427)}",
        "VehiclesY": "{(EgoVehicle↦0.0),(Vehicles2↦0.0),(Vehicles3↦8.000000238418579),(Vehicles4↦8.000000238418579),(Vehicles5↦4.0000001192092896)}",
        "VehiclesVy": "{(EgoVehicle↦0.0),(Vehicles2↦0.0),(Vehicles3↦0.0),(Vehicles4↦0.0),(Vehicles5↦0.0)}",
        "VehiclesX": "{(EgoVehicle↦150.76336860656738),(Vehicles2↦24.021488428115845),(Vehicles3↦51.03852152824402),(Vehicles4↦75.14594793319702),(Vehicles5↦97.83887267112732)}"
      },
      "probabilisticVariables": null,
      "activating": [
        "LANE_RIGHT_2"
      ],
      "activatingOnlyWhenExecuted": true,
      "updating": null,
      "withPredicate": null
    },
    {
      "id": "LANE_RIGHT_2",
      "execute": "LANE_RIGHT",
      "after": "1000",
      "priority": 0,
      "additionalGuards": null,
      "activationKind": null,
      "fixedVariables": {
        "Crash": "FALSE",
        "VehiclesAy": "{(EgoVehicle↦1.0796338319778442),(Vehicles2↦-1.0796338319778442),(Vehicles3↦-1.0796338319778442),(Vehicles4↦-1.0796338319778442),(Vehicles5↦-1.0796338319778442)}",
        "Reward": "0.8327113850086175",
        "VehiclesAx": "{(EgoVehicle↦-0.023322105407714844),(Vehicles2↦-0.3866884112358093),(Vehicles3↦-5.698225274682045),(Vehicles4↦-0.865665078163147),(Vehicles5↦-0.3722688555717468)}",
        "VehiclesVx": "{(EgoVehicle↦24.976677894592285),(Vehicles2↦-4.330265820026398),(Vehicles3↦-6.819059252738953),(Vehicles4↦-4.266352951526642),(Vehicles5↦-3.9437296986579895)}",
        "VehiclesY": "{(EgoVehicle↦3.6599650382995605),(Vehicles2↦-3.6599650382995605),(Vehicles3↦4.34003484249115),(Vehicles4↦4.34003484249115),(Vehicles5↦0.3400348797440529)}",
        "VehiclesVy": "{(EgoVehicle↦1.0796338319778442),(Vehicles2↦-1.0796338319778442),(Vehicles3↦-1.0796338319778442),(Vehicles4↦-1.0796338319778442),(Vehicles5↦-1.0796338319778442)}",
        "VehiclesX": "{(EgoVehicle↦175.44361352920532),(Vehicles2↦20.22157311439514),(Vehicles3↦47.83744215965271),(Vehicles4↦71.65499925613403),(Vehicles5↦94.41860318183899)}"
      },
      "probabilisticVariables": null,
      "activating": [
        "LANE_RIGHT_3"
      ],
      "activatingOnlyWhenExecuted": true,
      "updating": null,
      "withPredicate": null
    },
    {
      "id": "LANE_RIGHT_3",
      "execute": "LANE_RIGHT",
      "after": "1000",
      "priority": 0,
      "additionalGuards": null,
      "activationKind": null,
      "fixedVariables": {
        "Crash": "FALSE",
        "VehiclesAy": "{(EgoVehicle↦0.037668049335479736),(Vehicles2↦-0.037668049335479736),(Vehicles3↦-0.037668049335479736),(Vehicles4↦-0.037668049335479736),(Vehicles5↦-2.196935713291168)}",
        "Reward": "0.8660005399738949",
        "VehiclesAx": "{(EgoVehicle↦-0.0016570091247558594),(Vehicles2↦-0.2686631679534912),(Vehicles3↦-1.7579293251037598),(Vehicles4↦-0.4257205128669739),(Vehicles5↦-0.281105637550354)}",
        "VehiclesVx": "{(EgoVehicle↦24.97502088546753),(Vehicles2↦-4.598928987979889),(Vehicles3↦-8.576988577842712),(Vehicles4↦-4.692073464393616),(Vehicles5↦-4.2248353362083435)}",
        "VehiclesY": "{(EgoVehicle↦7.648639440536499),(Vehicles2↦-7.648639440536499),(Vehicles3↦0.35136057436466217),(Vehicles4↦0.35136057436466217),(Vehicles5↦-3.6486393213272095)}",
        "VehiclesVy": "{(EgoVehicle↦1.117301881313324),(Vehicles2↦-1.117301881313324),(Vehicles3↦-1.117301881313324),(Vehicles4↦-1.117301881313324),(Vehicles5↦-1.117301881313324)}",
        "VehiclesX": "{(EgoVehicle↦200.0),(Vehicles2↦16.12924039363861),(Vehicles3↦40.43441414833069),(Vehicles4↦67.54986047744751),(Vehicles5↦90.71020483970642)}"
      },
      "probabilisticVariables": null,
      "activating": [
        "IDLE_4"
      ],
      "activatingOnlyWhenExecuted": true,
      "updating": null,
      "withPredicate": null
    },
    {
      "id": "IDLE_4",
      "execute": "IDLE",
      "after": "1000",
      "priority": 0,
      "additionalGuards": null,
      "activationKind": null,
      "fixedVariables": {
        "Crash": "FALSE",
        "VehiclesAy": "{(EgoVehicle↦-1.078004245646298),(Vehicles2↦1.078004245646298),(Vehicles3↦-0.925268679857254),(Vehicles4↦1.078004245646298),(Vehicles5↦-1.15659951698035)}",
        "Reward": "0.8666658430372319",
        "VehiclesAx": "{(EgoVehicle↦0.0249481201171875),(Vehicles2↦-0.1957961916923523),(Vehicles3↦0.18997907638549805),(Vehicles4↦-0.24361789226531982),(Vehicles5↦-0.2398166060447693)}",
        "VehiclesVx": "{(EgoVehicle↦24.999969005584717),(Vehicles2↦-4.794725179672241),(Vehicles3↦-8.387009501457214),(Vehicles4↦-4.9356913566589355),(Vehicles5↦-4.464651942253113)}",
        "VehiclesY": "{(EgoVehicle↦7.988144159317017),(Vehicles2↦-7.988144159317017),(Vehicles3↦-3.2615972757339478),(Vehicles4↦0.011855648830533028),(Vehicles5↦-3.9881443977355957)}",
        "VehiclesVy": "{(EgoVehicle↦0.03929763566702604),(Vehicles2↦-0.03929763566702604),(Vehicles3↦-2.042570561170578),(Vehicles4↦-0.03929763566702604),(Vehicles5↦-0.03929763566702604)}",
        "VehiclesX": "{(EgoVehicle↦200.0),(Vehicles2↦11.434629559516907),(Vehicles3↦31.261223554611206),(Vehicles4↦62.73813247680664),(Vehicles5↦86.37464046478271)}"
      },
      "probabilisticVariables": null,
      "activating": [
        "SLOWER_5"
      ],
      "activatingOnlyWhenExecuted": true,
      "updating": null,
      "withPredicate": null
    },
    {
      "id": "SLOWER_5",
      "execute": "SLOWER",
      "after": "1000",
      "priority": 0,
      "additionalGuards": null,
      "activationKind": null,
      "fixedVariables": {
        "Crash": "FALSE",
        "VehiclesAy": "{(EgoVehicle↦-0.03768095397390425),(Vehicles2↦0.03768095397390425),(Vehicles3↦1.8756584823131561),(Vehicles4↦0.03768095397390425),(Vehicles5↦-0.040914317360147834)}",
        "Reward": "0.75089163068621",
        "VehiclesAx": "{(EgoVehicle↦-4.341533184051514),(Vehicles2↦4.234151281416416),(Vehicles3↦5.850559175014496),(Vehicles4↦4.225107952952385),(Vehicles5↦4.163337349891663)}",
        "VehiclesVx": "{(EgoVehicle↦20.658435821533203),(Vehicles2↦-0.560573898255825),(Vehicles3↦-2.5364503264427185),(Vehicles4↦-0.7105834037065506),(Vehicles5↦-0.3013145923614502)}",
        "VehiclesY": "{(EgoVehicle↦7.999440908432007),(Vehicles2↦-7.999440908432007),(Vehicles3↦-3.940976142883301),(Vehicles4↦0.0005589070060523227),(Vehicles5↦-3.999441146850586)}",
        "VehiclesVy": "{(EgoVehicle↦0.0016166816931217909),(Vehicles2↦-0.0016166816931217909),(Vehicles3↦-0.16691207885742188),(Vehicles4↦-0.0016166816931217909),(Vehicles5↦-0.0016166816931217909)}",
        "VehiclesX": "{(EgoVehicle↦200.0),(Vehicles2↦8.988025039434433),(Vehicles3↦25.96201002597809),(Vehicles4↦60.14517545700073),(Vehicles5↦84.23144221305847)}"
      },
      "probabilisticVariables": null,
      "activating": [
        "FASTER_6"
      ],
      "activatingOnlyWhenExecuted": true,
      "updating": null,
      "withPredicate": null
    },
    {
      "id": "FASTER_6",
      "execute": "FASTER",
      "after": "1000",
      "priority": 0,
      "additionalGuards": null,
      "activationKind": null,
      "fixedVariables": {
        "Crash": "FALSE",
        "VehiclesAy": "{(EgoVehicle↦-0.0015384785638161702),(Vehicles2↦0.0015384785638161702),(Vehicles3↦0.15485137118957937),(Vehicles4↦0.0015384785638161702),(Vehicles5↦-0.0016948848224274116)}",
        "Reward": "0.8514205716123259",
        "VehiclesAx": "{(EgoVehicle↦3.76983642578125),(Vehicles2↦-3.837677575647831),(Vehicles3↦-2.814425528049469),(Vehicles4↦-3.8448672741651535),(Vehicles5↦-3.958447575569153)}",
        "VehiclesVx": "{(EgoVehicle↦24.428272247314453),(Vehicles2↦-4.398251473903656),(Vehicles3↦-5.3508758544921875),(Vehicles4↦-4.555450677871704),(Vehicles5↦-4.259762167930603)}",
        "VehiclesY": "{(EgoVehicle↦7.999976634979248),(Vehicles2↦-7.999976634979248),(Vehicles3↦-3.9958022832870483),(Vehicles4↦2.3635433535673656E-05),(Vehicles5↦-3.9999765157699585)}",
        "VehiclesVy": "{(EgoVehicle↦7.820312930562068E-05),(Vehicles2↦-7.820312930562068E-05),(Vehicles3↦-0.012060707667842507),(Vehicles4↦-7.820312930562068E-05),(Vehicles5↦-7.820312930562068E-05)}",
        "VehiclesX": "{(EgoVehicle↦200.0),(Vehicles2↦6.318193674087524),(Vehicles3↦21.761247515678406),(Vehicles4↦57.32676982879639),(Vehicles5↦81.77631497383118)}"
      },
      "probabilisticVariables": null,
      "activating": [
        "FASTER_7"
      ],
      "activatingOnlyWhenExecuted": true,
      "updating": null,
      "withPredicate": null
    },
    {
      "id": "FASTER_7",
      "execute": "FASTER",
      "after": "1000",
      "priority": 0,
      "additionalGuards": null,
      "activationKind": null,
      "fixedVariables": {
        "Crash": "FALSE",
        "VehiclesAy": "{(EgoVehicle↦-7.643643400001565E-05),(Vehicles2↦7.643643400001565E-05),(Vehicles3↦0.011260432147537358),(Vehicles4↦7.643643400001565E-05),(Vehicles5↦-7.99698246112257E-05)}",
        "Reward": "0.9804339847395099",
        "VehiclesAx": "{(EgoVehicle↦4.838001728057861),(Vehicles2↦-4.88132506608963),(Vehicles3↦-4.2209964990615845),(Vehicles4↦-5.022791028022766),(Vehicles5↦-4.635332822799683)}",
        "VehiclesVx": "{(EgoVehicle↦29.266273975372314),(Vehicles2↦-9.279576539993286),(Vehicles3↦-9.571872353553772),(Vehicles4↦-9.57824170589447),(Vehicles5↦-8.895094990730286)}",
        "VehiclesY": "{(EgoVehicle↦7.999999523162842),(Vehicles2↦-7.999999523162842),(Vehicles3↦-3.9997243881225586),(Vehicles4↦4.1518715931943007E-07),(Vehicles5↦-3.999999761581421)}",
        "VehiclesVy": "{(EgoVehicle↦1.766695305605026E-06),(Vehicles2↦-1.766695305605026E-06),(Vehicles3↦-0.0008002755203051493),(Vehicles4↦-1.766695305605026E-06),(Vehicles5↦-1.766695305605026E-06)}",
        "VehiclesX": "{(EgoVehicle↦200.0),(Vehicles2↦-0.7678378373384476),(Vehicles3↦14.008617401123047),(Vehicles4↦50.03446936607361),(Vehicles5↦74.93802905082703)}"
      },
      "probabilisticVariables": null,
      "activating": [
        "IDLE_8"
      ],
      "activatingOnlyWhenExecuted": true,
      "updating": null,
      "withPredicate": null
    },
    {
      "id": "IDLE_8",
      "execute": "IDLE",
      "after": "1000",
      "priority": 0,
      "additionalGuards": null,
      "activationKind": null,
      "fixedVariables": {
        "Crash": "FALSE",
        "VehiclesAy": "{(EgoVehicle↦-1.7626051196373282E-06),(Vehicles2↦-4.8570826010063683E-05),(Vehicles3↦0.0008002714301191816),(Vehicles4↦1.7626051196373282E-06),(Vehicles5↦-1.770785491572724E-06)}",
        "Reward": "0.9974234053977957",
        "VehiclesAx": "{(EgoVehicle↦0.6371045112609863),(Vehicles2↦-0.5302560329437256),(Vehicles3↦-0.8506184816360474),(Vehicles4↦0.15977442264556885),(Vehicles5↦-2.045740485191345)}",
        "VehiclesVx": "{(EgoVehicle↦29.9033784866333),(Vehicles2↦-9.809832572937012),(Vehicles3↦-10.42249083518982),(Vehicles4↦-9.418467283248901),(Vehicles5↦-10.94083547592163)}",
        "VehiclesY": "{(EgoVehicle↦8.000000238418579),(Vehicles2↦-3.9999825954437256),(Vehicles3↦-7.038409854942529E-10),(Vehicles4↦-4.0000001192092896),(Vehicles5↦-8.000000238418579)}",
        "VehiclesVy": "{(EgoVehicle↦4.090185967697835E-09),(Vehicles2↦-5.033752131566871E-05),(Vehicles3↦-4.090185967697835E-09),(Vehicles4↦-4.090185967697835E-09),(Vehicles5↦-4.090185967697835E-09)}",
        "VehiclesX": "{(EgoVehicle↦200.0),(Vehicles2↦4.259495437145233),(Vehicles3↦40.020743012428284),(Vehicles4↦65.74215888977051),(Vehicles5↦81.11099600791931)}"
      },
      "probabilisticVariables": null,
      "activating": [
        "SLOWER_9"
      ],
      "activatingOnlyWhenExecuted": true,
      "updating": null,
      "withPredicate": null
    },
    {
      "id": "SLOWER_9",
      "execute": "SLOWER",
      "after": "1000",
      "priority": 0,
      "additionalGuards": null,
      "activationKind": null,
      "fixedVariables": {
        "Crash": "FALSE",
        "VehiclesAy": "{(EgoVehicle↦-4.543299070292051E-09),(Vehicles2↦4.72776855531265E-05),(Vehicles3↦4.543299070292051E-09),(Vehicles4↦4.543299070292051E-09),(Vehicles5↦-3.637072865103619E-09)}",
        "Reward": "0.8838856610674739",
        "VehiclesAx": "{(EgoVehicle↦-4.257667064666748),(Vehicles2↦4.506228566169739),(Vehicles3↦4.077701568603516),(Vehicles4↦4.322101473808289),(Vehicles5↦4.366969466209412)}",
        "VehiclesVx": "{(EgoVehicle↦25.645711421966553),(Vehicles2↦-5.303604006767273),(Vehicles3↦-6.344789266586304),(Vehicles4↦-5.096365809440613),(Vehicles5↦-6.573866009712219)}",
        "VehiclesY": "{(EgoVehicle↦8.000000238418579),(Vehicles2↦-3.9999990463256836),(Vehicles3↦-1.4812817639153764E-10),(Vehicles4↦-4.0000001192092896),(Vehicles5↦-8.000000238418579)}",
        "VehiclesVy": "{(EgoVehicle↦-4.531131025942159E-10),(Vehicles2↦-3.059835762542207E-06),(Vehicles3↦4.531131025942159E-10),(Vehicles4↦4.531131025942159E-10),(Vehicles5↦4.531131025942159E-10)}",
        "VehiclesX": "{(EgoVehicle↦200.0),(Vehicles2↦-3.0924275517463684),(Vehicles3↦31.87221884727478),(Vehicles4↦58.70112180709839),(Vehicles5↦72.56278395652771)}"
      },
      "probabilisticVariables": null,
      "activating": [
        "SLOWER_10"
      ],
      "activatingOnlyWhenExecuted": true,
      "updating": null,
      "withPredicate": null
    },
    {
      "id": "SLOWER_10",
      "execute": "SLOWER",
      "after": "1000",
      "priority": 0,
      "additionalGuards": null,
      "activationKind": null,
      "fixedVariables": {
        "Crash": "FALSE",
        "VehiclesAy": "{(EgoVehicle↦4.313260859589718E-10),(Vehicles2↦2.8779168737003147E-06),(Vehicles3↦-4.313349677431688E-10),(Vehicles4↦-4.313349677431688E-10),(Vehicles5↦4.74891237445263E-10)}",
        "Reward": "0.7531591542695164",
        "VehiclesAx": "{(EgoVehicle↦-4.902243614196777),(Vehicles2↦5.052597001194954),(Vehicles3↦4.758602827787399),(Vehicles4↦4.93919936940074),(Vehicles5↦5.007284730672836)}",
        "VehiclesVx": "{(EgoVehicle↦20.743467807769775),(Vehicles2↦-0.25100700557231903),(Vehicles3↦-1.5861864387989044),(Vehicles4↦-0.15716644003987312),(Vehicles5↦-1.566581279039383)}",
        "VehiclesY": "{(EgoVehicle↦8.000000238418579),(Vehicles2↦-3.999999761581421),(Vehicles3↦-7.552625191920015E-12),(Vehicles4↦-4.0000001192092896),(Vehicles5↦-8.000000238418579)}",
        "VehiclesVy": "{(EgoVehicle↦-2.1787016635244072E-11),(Vehicles2↦-1.819188888418921E-07),(Vehicles3↦2.177813485104707E-11),(Vehicles4↦2.177813485104707E-11),(Vehicles5↦2.177813485104707E-11)}",
        "VehiclesX": "{(EgoVehicle↦200.0),(Vehicles2↦-5.6253451853990555),(Vehicles3↦28.17145586013794),(Vehicles4↦56.3255250453949),(Vehicles5↦68.73581409454346)}"
      },
      "probabilisticVariables": null,
      "activating": [
        "SLOWER_11"
      ],
      "activatingOnlyWhenExecuted": true,
      "updating": null,
      "withPredicate": null
    },
    {
      "id": "SLOWER_11",
      "execute": "SLOWER",
      "after": "1000",
      "priority": 0,
      "additionalGuards": null,
      "activationKind": null,
      "fixedVariables": {
        "Crash": "FALSE",
        "VehiclesAy": "{(EgoVehicle↦2.0454749005693884E-11),(Vehicles2↦1.7124872186968787E-07),(Vehicles3↦-2.0445867221496883E-11),(Vehicles4↦-2.0445867221496883E-11),(Vehicles5↦2.311040248059726E-11)}",
        "Reward": "0.7359441410286331",
        "VehiclesAx": "{(EgoVehicle↦-0.6455636024475098),(Vehicles2↦0.734265148639679),(Vehicles3↦0.5356971919536591),(Vehicles4↦0.6668226979672909),(Vehicles5↦0.7431598007678986)}",
        "VehiclesVx": "{(EgoVehicle↦20.097904205322266),(Vehicles2↦0.4832581430673599),(Vehicles3↦-1.0504892468452454),(Vehicles4↦0.5096562579274178),(Vehicles5↦-0.8234214782714844)}",
        "VehiclesY": "{(EgoVehicle↦8.000000238418579),(Vehicles2↦-4.0000001192092896),(Vehicles3↦-4.622968674539152E-13),(Vehicles4↦-4.0000001192092896),(Vehicles5↦-8.000000238418579)}",
        "VehiclesVy": "{(EgoVehicle↦-1.3322676295501878E-12),(Vehicles2↦-1.0670166972204242E-08),(Vehicles3↦1.3322676295501878E-12),(Vehicles4↦1.3322676295501878E-12),(Vehicles5↦1.3322676295501878E-12)}",
        "VehiclesX": "{(EgoVehicle↦200.0),(Vehicles2↦-5.480921640992165),(Vehicles3↦26.894953846931458),(Vehicles4↦56.53393268585205),(Vehicles5↦67.56505966186523)}"
      },
      "probabilisticVariables": null,
      "activating": [
        "SLOWER_12"
      ],
      "activatingOnlyWhenExecuted": true,
      "updating": null,
      "withPredicate": null
    },
    {
      "id": "SLOWER_12",
      "execute": "SLOWER",
      "after": "1000",
      "priority": 0,
      "additionalGuards": null,
      "activationKind": null,
      "fixedVariables": {
        "Crash": "FALSE",
        "VehiclesAy": "{(EgoVehicle↦1.2434497875801753E-12),(Vehicles2↦1.0049268084344476E-08),(Vehicles3↦-1.2434497875801753E-12),(Vehicles4↦-1.2434497875801753E-12),(Vehicles5↦1.4210854715202004E-12)}",
        "Reward": "0.7336771434002042",
        "VehiclesAx": "{(EgoVehicle↦-0.08501052856445312),(Vehicles2↦0.13594362884759903),(Vehicles3↦0.003547370433807373),(Vehicles4↦0.09699985384941101),(Vehicles5↦0.17418988049030304)}",
        "VehiclesVx": "{(EgoVehicle↦20.012893676757812),(Vehicles2↦0.619201771914959),(Vehicles3↦-1.046941876411438),(Vehicles4↦0.6066561117768288),(Vehicles5↦-0.6492315977811813)}",
        "VehiclesY": "{(EgoVehicle↦8.000000238418579),(Vehicles2↦-4.0000001192092896),(Vehicles3↦-2.7977620220553945E-14),(Vehicles4↦-4.0000001192092896),(Vehicles5↦-8.000000238418579)}",
        "VehiclesVy": "{(EgoVehicle↦-8.881784197001252E-14),(Vehicles2↦-6.208988878597665E-10),(Vehicles3↦8.881784197001252E-14),(Vehicles4↦8.881784197001252E-14),(Vehicles5↦8.881784197001252E-14)}",
        "VehiclesX": "{(EgoVehicle↦200.0),(Vehicles2↦-4.928076267242432),(Vehicles3↦25.856730341911316),(Vehicles4↦57.095855474472046),(Vehicles5↦66.82488322257996)}"
      },
      "probabilisticVariables": null,
      "activating": [
        "SLOWER_13"
      ],
      "activatingOnlyWhenExecuted": true,
      "updating": null,
      "withPredicate": null
    },
    {
      "id": "SLOWER_13",
      "execute": "SLOWER",
      "after": "1000",
      "priority": 0,
      "additionalGuards": null,
      "activationKind": null,
      "fixedVariables": {
        "Crash": "FALSE",
        "VehiclesAy": "{(EgoVehicle↦7.105427357601002E-14),(Vehicles2↦5.849276618619115E-10),(Vehicles3↦-7.105427357601002E-14),(Vehicles4↦-7.105427357601002E-14),(Vehicles5↦1.0658141036401503E-13)}",
        "Reward": "0.7333786087330858",
        "VehiclesAx": "{(EgoVehicle↦-0.011196136474609375),(Vehicles2↦0.03933381289243698),(Vehicles3↦-0.04728473722934723),(Vehicles4↦0.017522312700748444),(Vehicles5↦0.09207528084516525)}",
        "VehiclesVx": "{(EgoVehicle↦20.001697540283203),(Vehicles2↦0.6585355848073959),(Vehicles3↦-1.0942266136407852),(Vehicles4↦0.6241784244775772),(Vehicles5↦-0.5571563169360161)}",
        "VehiclesY": "{(EgoVehicle↦8.000000238418579),(Vehicles2↦-4.0000001192092896),(Vehicles3↦-3.9968028886505635E-15),(Vehicles4↦-4.0000001192092896),(Vehicles5↦-8.000000238418579)}",
        "VehiclesVy": "{(EgoVehicle↦-1.7763568394002505E-14),(Vehicles2↦-3.597122599785507E-11),(Vehicles3↦1.7763568394002505E-14),(Vehicles4↦1.7763568394002505E-14),(Vehicles5↦1.7763568394002505E-14)}",
        "VehiclesX": "{(EgoVehicle↦200.0),(Vehicles2↦-4.2900532484054565),(Vehicles3↦24.79093372821808),(Vehicles4↦57.71156549453735),(Vehicles5↦66.21482372283936)}"
      },
      "probabilisticVariables": null,
      "activating": [
        "SLOWER_14"
      ],
      "activatingOnlyWhenExecuted": true,
      "updating": null,
      "withPredicate": null
    },
    {
      "id": "SLOWER_14",
      "execute": "SLOWER",
      "after": "1000",
      "priority": 0,
      "additionalGuards": null,
      "activationKind": null,
      "fixedVariables": {
        "Crash": "FALSE",
        "VehiclesAy": "{(EgoVehicle↦1.7763568394002505E-14),(Vehicles2↦3.389288849575678E-11),(Vehicles3↦-1.7763568394002505E-14),(Vehicles4↦-1.7763568394002505E-14),(Vehicles5↦1.7763568394002505E-14)}",
        "Reward": "0.7333392955258934",
        "VehiclesAx": "{(EgoVehicle↦-0.0014734268188476562),(Vehicles2↦0.01599051058292389),(Vehicles3↦-0.03868617117404938),(Vehicles4↦0.004266873002052307),(Vehicles5↦0.0746738538146019)}",
        "VehiclesVx": "{(EgoVehicle↦20.000224113464355),(Vehicles2↦0.6745260953903198),(Vehicles3↦-1.1329127848148346),(Vehicles4↦0.6284452974796295),(Vehicles5↦-0.4824824631214142)}",
        "VehiclesY": "{(EgoVehicle↦8.000000238418579),(Vehicles2↦-4.0000001192092896),(Vehicles3↦-1.3322676295501878E-15),(Vehicles4↦-4.0000001192092896),(Vehicles5↦-8.000000238418579)}",
        "VehiclesVy": "{(EgoVehicle↦0.0),(Vehicles2↦-2.078337502098293E-12),(Vehicles3↦0.0),(Vehicles4↦0.0),(Vehicles5↦0.0)}",
        "VehiclesX": "{(EgoVehicle↦200.0),(Vehicles2↦-3.6240708082914352),(Vehicles3↦23.680154979228973),(Vehicles4↦58.337897062301636),(Vehicles5↦65.68834781646729)}"
      },
      "probabilisticVariables": null,
      "activating": [
        "SLOWER_15"
      ],
      "activatingOnlyWhenExecuted": true,
      "updating": null,
      "withPredicate": null
    },
    {
      "id": "SLOWER_15",
      "execute": "SLOWER",
      "after": "1000",
      "priority": 0,
      "additionalGuards": null,
      "activationKind": null,
      "fixedVariables": {
        "Crash": "FALSE",
        "VehiclesAy": "{(EgoVehicle↦0.0),(Vehicles2↦1.9628743075372768E-12),(Vehicles3↦0.0),(Vehicles4↦0.0),(Vehicles5↦0.0)}",
        "Reward": "0.7333341184780325",
        "VehiclesAx": "{(EgoVehicle↦-0.00019550323486328125),(Vehicles2↦0.006625056266784668),(Vehicles3↦-0.025440752506256104),(Vehicles4↦0.0007662177085876465),(Vehicles5↦0.0665060430765152)}",
        "VehiclesVx": "{(EgoVehicle↦20.000028610229492),(Vehicles2↦0.6811511516571045),(Vehicles3↦-1.1583535373210907),(Vehicles4↦0.6292115151882172),(Vehicles5↦-0.415976420044899)}",
        "VehiclesY": "{(EgoVehicle↦8.000000238418579),(Vehicles2↦-4.0000001192092896),(Vehicles3↦-1.3322676295501878E-15),(Vehicles4↦-4.0000001192092896),(Vehicles5↦-8.000000238418579)}",
        "VehiclesVy": "{(EgoVehicle↦0.0),(Vehicles2↦-1.1546319456101628E-13),(Vehicles3↦0.0),(Vehicles4↦0.0),(Vehicles5↦0.0)}",
        "VehiclesX": "{(EgoVehicle↦200.0),(Vehicles2↦-2.9463758692145348),(Vehicles3↦22.536063194274902),(Vehicles4↦58.96681547164917),(Vehicles5↦65.23301601409912)}"
      },
      "probabilisticVariables": null,
      "activating": [
        "SLOWER_16"
      ],
      "activatingOnlyWhenExecuted": true,
      "updating": null,
      "withPredicate": null
    },
    {
      "id": "SLOWER_16",
      "execute": "SLOWER",
      "after": "1000",
      "priority": 0,
      "additionalGuards": null,
      "activationKind": null,
      "fixedVariables": {
        "Crash": "FALSE",
        "VehiclesAy": "{(EgoVehicle↦0.0),(Vehicles2↦9.769962616701378E-14),(Vehicles3↦0.0),(Vehicles4↦0.0),(Vehicles5↦0.0)}",
        "Reward": "0.7333334367268739",
        "VehiclesAx": "{(EgoVehicle↦-2.384185791015625E-05),(Vehicles2↦0.001692250370979309),(Vehicles3↦-0.014098286628723145),(Vehicles4↦-0.0007745623588562012),(Vehicles5↦0.060259439051151276)}",
        "VehiclesVx": "{(EgoVehicle↦20.000004768371582),(Vehicles2↦0.6828434020280838),(Vehicles3↦-1.1724518239498138),(Vehicles4↦0.628436952829361),(Vehicles5↦-0.3557169809937477)}",
        "VehiclesY": "{(EgoVehicle↦8.000000238418579),(Vehicles2↦-4.0000001192092896),(Vehicles3↦-1.3322676295501878E-15),(Vehicles4↦-4.0000001192092896),(Vehicles5↦-8.000000238418579)}",
        "VehiclesVy": "{(EgoVehicle↦0.0),(Vehicles2↦-1.7763568394002505E-14),(Vehicles3↦0.0),(Vehicles4↦0.0),(Vehicles5↦0.0)}",
        "VehiclesX": "{(EgoVehicle↦200.0),(Vehicles2↦-2.2642571479082108),(Vehicles3↦21.371257305145264),(Vehicles4↦59.595805406570435),(Vehicles5↦64.84159827232361)}"
      },
      "probabilisticVariables": null,
      "activating": [
        "SLOWER_17"
      ],
      "activatingOnlyWhenExecuted": true,
      "updating": null,
      "withPredicate": null
    },
    {
      "id": "SLOWER_17",
      "execute": "SLOWER",
      "after": "1000",
      "priority": 0,
      "additionalGuards": null,
      "activationKind": null,
      "fixedVariables": {
        "Crash": "FALSE",
        "VehiclesAy": "{(EgoVehicle↦0.0),(Vehicles2↦1.7763568394002505E-14),(Vehicles3↦0.0),(Vehicles4↦0.0),(Vehicles5↦0.0)}",
        "Reward": "0.7333333469489435",
        "VehiclesAx": "{(EgoVehicle↦-4.76837158203125E-06),(Vehicles2↦-0.00110626220703125),(Vehicles3↦-0.004990175366401672),(Vehicles4↦-0.0016041100025177002),(Vehicles5↦0.05491279065608978)}",
        "VehiclesVx": "{(EgoVehicle↦20.0),(Vehicles2↦0.6817371398210526),(Vehicles3↦-1.1774419993162155),(Vehicles4↦0.6268328428268433),(Vehicles5↦-0.30080419033765793)}",
        "VehiclesY": "{(EgoVehicle↦8.000000238418579),(Vehicles2↦-4.0000001192092896),(Vehicles3↦-1.3322676295501878E-15),(Vehicles4↦-4.0000001192092896),(Vehicles5↦-8.000000238418579)}",
        "VehiclesVy": "{(EgoVehicle↦0.0),(Vehicles2↦0.0),(Vehicles3↦0.0),(Vehicles4↦0.0),(Vehicles5↦0.0)}",
        "VehiclesX": "{(EgoVehicle↦200.0),(Vehicles2↦-1.5816902741789818),(Vehicles3↦20.196162164211273),(Vehicles4↦60.22365093231201),(Vehicles5↦64.50824737548828)}"
      },
      "probabilisticVariables": null,
      "activating": [
        "SLOWER_18"
      ],
      "activatingOnlyWhenExecuted": true,
      "updating": null,
      "withPredicate": null
    },
    {
      "id": "SLOWER_18",
      "execute": "SLOWER",
      "after": "1000",
      "priority": 0,
      "additionalGuards": null,
      "activationKind": null,
      "fixedVariables": {
        "Crash": "FALSE",
        "VehiclesAy": "{(EgoVehicle↦0.0),(Vehicles2↦0.0),(Vehicles3↦0.0),(Vehicles4↦0.0),(Vehicles5↦0.0)}",
        "Reward": "0.7333333351263356",
        "VehiclesAx": "{(EgoVehicle↦0.0),(Vehicles2↦-0.0026930123567581177),(Vehicles3↦0.0022511929273605347),(Vehicles4↦-0.002030879259109497),(Vehicles5↦0.05025528371334076)}",
        "VehiclesVx": "{(EgoVehicle↦20.0),(Vehicles2↦0.6790441274642944),(Vehicles3↦-1.175190806388855),(Vehicles4↦0.6248019635677338),(Vehicles5↦-0.25054890662431717)}",
        "VehiclesY": "{(EgoVehicle↦8.000000238418579),(Vehicles2↦-4.0000001192092896),(Vehicles3↦-1.3322676295501878E-15),(Vehicles4↦-4.0000001192092896),(Vehicles5↦-8.000000238418579)}",
        "VehiclesVy": "{(EgoVehicle↦0.0),(Vehicles2↦0.0),(Vehicles3↦0.0),(Vehicles4↦0.0),(Vehicles5↦0.0)}",
        "VehiclesX": "{(EgoVehicle↦200.0),(Vehicles2↦-0.9009376168251038),(Vehicles3↦19.019106030464172),(Vehicles4↦60.849690437316895),(Vehicles5↦64.22789096832275)}"
      },
      "probabilisticVariables": null,
      "activating": [
        "SLOWER_19"
      ],
      "activatingOnlyWhenExecuted": true,
      "updating": null,
      "withPredicate": null
    },
    {
      "id": "SLOWER_19",
      "execute": "SLOWER",
      "after": "1000",
      "priority": 0,
      "additionalGuards": null,
      "activationKind": null,
      "fixedVariables": {
        "Crash": "FALSE",
        "VehiclesAy": "{(EgoVehicle↦0.0),(Vehicles2↦0.0),(Vehicles3↦0.0),(Vehicles4↦0.0),(Vehicles5↦0.0)}",
        "Reward": "0.7333333335694489",
        "VehiclesAx": "{(EgoVehicle↦0.0),(Vehicles2↦-0.003558322787284851),(Vehicles3↦0.007989630103111267),(Vehicles4↦-0.0021927058696746826),(Vehicles5↦0.04618152976036072)}",
        "VehiclesVx": "{(EgoVehicle↦20.0),(Vehicles2↦0.6754858046770096),(Vehicles3↦-1.1672011762857437),(Vehicles4↦0.6226092576980591),(Vehicles5↦-0.20436737686395645)}",
        "VehiclesY": "{(EgoVehicle↦8.000000238418579),(Vehicles2↦-4.0000001192092896),(Vehicles3↦-1.3322676295501878E-15),(Vehicles4↦-4.0000001192092896),(Vehicles5↦-8.000000238418579)}",
        "VehiclesVy": "{(EgoVehicle↦0.0),(Vehicles2↦0.0),(Vehicles3↦0.0),(Vehicles4↦0.0),(Vehicles5↦0.0)}",
        "VehiclesX": "{(EgoVehicle↦200.0),(Vehicles2↦-0.2232682192698121),(Vehicles3↦17.84670352935791),(Vehicles4↦61.47361993789673),(Vehicles5↦63.99611830711365)}"
      },
      "probabilisticVariables": null,
      "activating": [
        "SLOWER_20"
      ],
      "activatingOnlyWhenExecuted": true,
      "updating": null,
      "withPredicate": null
    },
    {
      "id": "SLOWER_20",
      "execute": "SLOWER",
      "after": "1000",
      "priority": 0,
      "additionalGuards": null,
      "activationKind": null,
      "fixedVariables": {
        "Crash": "FALSE",
        "VehiclesAy": "{(EgoVehicle↦0.0),(Vehicles2↦0.0),(Vehicles3↦0.0),(Vehicles4↦0.0),(Vehicles5↦0.0)}",
        "Reward": "0.7333333333644267",
        "VehiclesAx": "{(EgoVehicle↦0.0),(Vehicles2↦-0.003986284136772156),(Vehicles3↦0.012515410780906677),(Vehicles4↦-0.002175047993659973),(Vehicles5↦0.042606424540281296)}",
        "VehiclesVx": "{(EgoVehicle↦20.0),(Vehicles2↦0.6714995205402374),(Vehicles3↦-1.154685765504837),(Vehicles4↦0.6204342097043991),(Vehicles5↦-0.16176095232367516)}",
        "VehiclesY": "{(EgoVehicle↦8.000000238418579),(Vehicles2↦-4.0000001192092896),(Vehicles3↦-1.3322676295501878E-15),(Vehicles4↦-4.0000001192092896),(Vehicles5↦-8.000000238418579)}",
        "VehiclesVy": "{(EgoVehicle↦0.0),(Vehicles2↦0.0),(Vehicles3↦0.0),(Vehicles4↦0.0),(Vehicles5↦0.0)}",
        "VehiclesX": "{(EgoVehicle↦200.0),(Vehicles2↦0.450644688680768),(Vehicles3↦16.684189438819885),(Vehicles4↦62.09535598754883),(Vehicles5↦63.80906105041504)}"
      },
      "probabilisticVariables": null,
      "activating": [
        "SLOWER_21"
      ],
      "activatingOnlyWhenExecuted": true,
      "updating": null,
      "withPredicate": null
    },
    {
      "id": "SLOWER_21",
      "execute": "SLOWER",
      "after": "1000",
      "priority": 0,
      "additionalGuards": null,
      "activationKind": null,
      "fixedVariables": {
        "Crash": "FALSE",
        "VehiclesAy": "{(EgoVehicle↦0.0),(Vehicles2↦0.0),(Vehicles3↦0.0),(Vehicles4↦0.0),(Vehicles5↦0.0)}",
        "Reward": "0.7333333333374279",
        "VehiclesAx": "{(EgoVehicle↦0.0),(Vehicles2↦-0.004145950078964233),(Vehicles3↦0.01605592668056488),(Vehicles4↦-0.0020358338952064514),(Vehicles5↦0.039456430822610855)}",
        "VehiclesVx": "{(EgoVehicle↦20.0),(Vehicles2↦0.6673535704612732),(Vehicles3↦-1.1386298388242722),(Vehicles4↦0.6183983758091927),(Vehicles5↦-0.1223045215010643)}",
        "VehiclesY": "{(EgoVehicle↦8.000000238418579),(Vehicles2↦-4.0000001192092896),(Vehicles3↦-1.3322676295501878E-15),(Vehicles4↦-4.0000001192092896),(Vehicles5↦-8.000000238418579)}",
        "VehiclesVy": "{(EgoVehicle↦0.0),(Vehicles2↦0.0),(Vehicles3↦0.0),(Vehicles4↦0.0),(Vehicles5↦0.0)}",
        "VehiclesX": "{(EgoVehicle↦200.0),(Vehicles2↦1.1204907670617104),(Vehicles3↦15.5356764793396),(Vehicles4↦62.71495819091797),(Vehicles5↦63.66332173347473)}"
      },
      "probabilisticVariables": null,
      "activating": [
        "SLOWER_22"
      ],
      "activatingOnlyWhenExecuted": true,
      "updating": null,
      "withPredicate": null
    },
    {
      "id": "SLOWER_22",
      "execute": "SLOWER",
      "after": "1000",
      "priority": 0,
      "additionalGuards": null,
      "activationKind": null,
      "fixedVariables": {
        "Crash": "FALSE",
        "VehiclesAy": "{(EgoVehicle↦0.0),(Vehicles2↦0.0),(Vehicles3↦0.0),(Vehicles4↦0.0),(Vehicles5↦0.0)}",
        "Reward": "0.7333333333338725",
        "VehiclesAx": "{(EgoVehicle↦0.0),(Vehicles2↦-0.00413849949836731),(Vehicles3↦0.018791109323501587),(Vehicles4↦-0.0018157437443733215),(Vehicles5↦0.03666868433356285)}",
        "VehiclesVx": "{(EgoVehicle↦20.0),(Vehicles2↦0.6632150709629059),(Vehicles3↦-1.1198387295007706),(Vehicles4↦0.6165826320648193),(Vehicles5↦-0.08563583716750145)}",
        "VehiclesY": "{(EgoVehicle↦8.000000238418579),(Vehicles2↦-4.0000001192092896),(Vehicles3↦-1.3322676295501878E-15),(Vehicles4↦-4.0000001192092896),(Vehicles5↦-8.000000238418579)}",
        "VehiclesVy": "{(EgoVehicle↦0.0),(Vehicles2↦0.0),(Vehicles3↦0.0),(Vehicles4↦0.0),(Vehicles5↦0.0)}",
        "VehiclesX": "{(EgoVehicle↦200.0),(Vehicles2↦1.7861833795905113),(Vehicles3↦14.404372870922089),(Vehicles4↦63.332611322402954),(Vehicles5↦63.555896282196045)}"
      },
      "probabilisticVariables": null,
      "activating": [
        "SLOWER_23"
      ],
      "activatingOnlyWhenExecuted": true,
      "updating": null,
      "withPredicate": null
    },
    {
      "id": "SLOWER_23",
      "execute": "SLOWER",
      "after": "1000",
      "priority": 0,
      "additionalGuards": null,
      "activationKind": null,
      "fixedVariables": {
        "Crash": "FALSE",
        "VehiclesAy": "{(EgoVehicle↦0.0),(Vehicles2↦0.0),(Vehicles3↦0.0),(Vehicles4↦0.0),(Vehicles5↦0.0)}",
        "Reward": "0.7333333333334043",
        "VehiclesAx": "{(EgoVehicle↦0.0),(Vehicles2↦-0.004025399684906006),(Vehicles3↦0.020865872502326965),(Vehicles4↦-0.6680282391607761),(Vehicles5↦0.7006752677261829)}",
        "VehiclesVx": "{(EgoVehicle↦20.0),(Vehicles2↦0.6591896712779999),(Vehicles3↦-1.0989728569984436),(Vehicles4↦-0.0514456070959568),(Vehicles5↦0.6150394305586815)}",
        "VehiclesY": "{(EgoVehicle↦8.000000238418579),(Vehicles2↦-4.0000001192092896),(Vehicles3↦-1.3322676295501878E-15),(Vehicles4↦-8.000000238418579),(Vehicles5↦-4.0000001192092896)}",
        "VehiclesVy": "{(EgoVehicle↦0.0),(Vehicles2↦0.0),(Vehicles3↦0.0),(Vehicles4↦0.0),(Vehicles5↦0.0)}",
        "VehiclesX": "{(EgoVehicle↦200.0),(Vehicles2↦2.44777612388134),(Vehicles3↦13.292737305164337),(Vehicles4↦63.48412036895752),(Vehicles5↦63.948553800582886)}"
      },
      "probabilisticVariables": null,
      "activating": [
        "SLOWER_24"
      ],
      "activatingOnlyWhenExecuted": true,
      "updating": null,
      "withPredicate": null
    },
    {
      "id": "SLOWER_24",
      "execute": "SLOWER",
      "after": "1000",
      "priority": 0,
      "additionalGuards": null,
      "activationKind": null,
      "fixedVariables": {
        "Crash": "FALSE",
        "VehiclesAy": "{(EgoVehicle↦0.0),(Vehicles2↦0.0),(Vehicles3↦0.0),(Vehicles4↦0.0),(Vehicles5↦0.0)}",
        "Reward": "0.7333333333333427",
        "VehiclesAx": "{(EgoVehicle↦0.0),(Vehicles2↦-0.0038444995880126953),(Vehicles3↦0.02239912748336792),(Vehicles4↦0.03197674872353673),(Vehicles5↦-0.0012382492423057556)}",
        "VehiclesVx": "{(EgoVehicle↦20.0),(Vehicles2↦0.6553451716899872),(Vehicles3↦-1.0765737295150757),(Vehicles4↦-0.019468858372420073),(Vehicles5↦0.6138011813163757)}",
        "VehiclesY": "{(EgoVehicle↦8.000000238418579),(Vehicles2↦-4.0000001192092896),(Vehicles3↦-1.3322676295501878E-15),(Vehicles4↦-8.000000238418579),(Vehicles5↦-4.0000001192092896)}",
        "VehiclesVy": "{(EgoVehicle↦0.0),(Vehicles2↦0.0),(Vehicles3↦0.0),(Vehicles4↦0.0),(Vehicles5↦0.0)}",
        "VehiclesX": "{(EgoVehicle↦200.0),(Vehicles2↦3.1054114922881126),(Vehicles3↦12.20262125134468),(Vehicles4↦63.44563364982605),(Vehicles5↦64.56307172775269)}"
      },
      "probabilisticVariables": null,
      "activating": [
        "SLOWER_25"
      ],
      "activatingOnlyWhenExecuted": true,
      "updating": null,
      "withPredicate": null
    },
    {
      "id": "SLOWER_25",
      "execute": "SLOWER",
      "after": "1000",
      "priority": 0,
      "additionalGuards": null,
      "activationKind": null,
      "fixedVariables": {
        "Crash": "FALSE",
        "VehiclesAy": "{(EgoVehicle↦0.0),(Vehicles2↦0.0),(Vehicles3↦0.0),(Vehicles4↦0.0),(Vehicles5↦0.0)}",
        "Reward": "0.7333333333333346",
        "VehiclesAx": "{(EgoVehicle↦0.0),(Vehicles2↦-0.0036194175481796265),(Vehicles3↦0.023488923907279968),(Vehicles4↦0.02999125048518181),(Vehicles5↦-0.0009150058031082153)}",
        "VehiclesVx": "{(EgoVehicle↦20.0),(Vehicles2↦0.6517257541418076),(Vehicles3↦-1.0530848056077957),(Vehicles4↦0.010522392112761736),(Vehicles5↦0.6128861755132675)}",
        "VehiclesY": "{(EgoVehicle↦8.000000238418579),(Vehicles2↦-4.0000001192092896),(Vehicles3↦-1.3322676295501878E-15),(Vehicles4↦-8.000000238418579),(Vehicles5↦-4.0000001192092896)}",
        "VehiclesVy": "{(EgoVehicle↦0.0),(Vehicles2↦0.0),(Vehicles3↦0.0),(Vehicles4↦0.0),(Vehicles5↦0.0)}",
        "VehiclesX": "{(EgoVehicle↦200.0),(Vehicles2↦3.7592895328998566),(Vehicles3↦11.135371774435043),(Vehicles4↦63.43831419944763),(Vehicles5↦65.17648100852966)}"
      },
      "probabilisticVariables": null,
      "activating": [
        "SLOWER_26"
      ],
      "activatingOnlyWhenExecuted": true,
      "updating": null,
      "withPredicate": null
    },
    {
      "id": "SLOWER_26",
      "execute": "SLOWER",
      "after": "1000",
      "priority": 0,
      "additionalGuards": null,
      "activationKind": null,
      "fixedVariables": {
        "Crash": "FALSE",
        "VehiclesAy": "{(EgoVehicle↦0.0),(Vehicles2↦0.0),(Vehicles3↦0.0),(Vehicles4↦0.0),(Vehicles5↦0.0)}",
        "Reward": "0.7333333333333335",
        "VehiclesAx": "{(EgoVehicle↦0.0),(Vehicles2↦-0.003365054726600647),(Vehicles3↦0.02421744167804718),(Vehicles4↦0.028202838730067015),(Vehicles5↦-0.0005833804607391357)}",
        "VehiclesVx": "{(EgoVehicle↦20.0),(Vehicles2↦0.6483606994152069),(Vehicles3↦-1.0288673639297485),(Vehicles4↦0.03872523084282875),(Vehicles5↦0.6123027950525284)}",
        "VehiclesY": "{(EgoVehicle↦8.000000238418579),(Vehicles2↦-4.0000001192092896),(Vehicles3↦-1.3322676295501878E-15),(Vehicles4↦-8.000000238418579),(Vehicles5↦-4.0000001192092896)}",
        "VehiclesVy": "{(EgoVehicle↦0.0),(Vehicles2↦0.0),(Vehicles3↦0.0),(Vehicles4↦0.0),(Vehicles5↦0.0)}",
        "VehiclesX": "{(EgoVehicle↦200.0),(Vehicles2↦4.409648105502129),(Vehicles3↦10.091927647590637),(Vehicles4↦63.46025466918945),(Vehicles5↦65.78910946846008)}"
      },
      "probabilisticVariables": null,
      "activating": [
        "SLOWER_27"
      ],
      "activatingOnlyWhenExecuted": true,
      "updating": null,
      "withPredicate": null
    },
    {
      "id": "SLOWER_27",
      "execute": "SLOWER",
      "after": "1000",
      "priority": 0,
      "additionalGuards": null,
      "activationKind": null,
      "fixedVariables": {
        "Crash": "FALSE",
        "VehiclesAy": "{(EgoVehicle↦0.0),(Vehicles2↦0.0),(Vehicles3↦0.0),(Vehicles4↦0.0),(Vehicles5↦0.0)}",
        "Reward": "0.7333333333333334",
        "VehiclesAx": "{(EgoVehicle↦0.0),(Vehicles2↦-0.003091469407081604),(Vehicles3↦0.024653226137161255),(Vehicles4↦0.026585632003843784),(Vehicles5↦-0.000250302255153656)}",
        "VehiclesVx": "{(EgoVehicle↦20.0),(Vehicles2↦0.6452692300081253),(Vehicles3↦-1.0042141377925873),(Vehicles4↦0.06531086284667253),(Vehicles5↦0.6120524927973747)}",
        "VehiclesY": "{(EgoVehicle↦8.000000238418579),(Vehicles2↦-4.0000001192092896),(Vehicles3↦-1.3322676295501878E-15),(Vehicles4↦-8.000000238418579),(Vehicles5↦-4.0000001192092896)}",
        "VehiclesVy": "{(EgoVehicle↦0.0),(Vehicles2↦0.0),(Vehicles3↦0.0),(Vehicles4↦0.0),(Vehicles5↦0.0)}",
        "VehiclesX": "{(EgoVehicle↦200.0),(Vehicles2↦5.056749656796455),(Vehicles3↦9.072896838188171),(Vehicles4↦63.509732484817505),(Vehicles5↦66.40128493309021)}"
      },
      "probabilisticVariables": null,
      "activating": [
        "SLOWER_28"
      ],
      "activatingOnlyWhenExecuted": true,
      "updating": null,
      "withPredicate": null
    },
    {
      "id": "SLOWER_28",
      "execute": "SLOWER",
      "after": "1000",
      "priority": 0,
      "additionalGuards": null,
      "activationKind": null,
      "fixedVariables": {
        "Crash": "FALSE",
        "VehiclesAy": "{(EgoVehicle↦0.0),(Vehicles2↦0.0),(Vehicles3↦0.0),(Vehicles4↦0.0),(Vehicles5↦0.0)}",
        "Reward": "0.7333333333333334",
        "VehiclesAx": "{(EgoVehicle↦0.0),(Vehicles2↦-0.0028052181005477905),(Vehicles3↦0.024853646755218506),(Vehicles4↦0.025117886252701283),(Vehicles5↦-1.346227116882801)}",
        "VehiclesVx": "{(EgoVehicle↦20.0),(Vehicles2↦0.6424640119075775),(Vehicles3↦-0.9793604910373688),(Vehicles4↦0.09042874909937382),(Vehicles5↦-0.7341746240854263)}",
        "VehiclesY": "{(EgoVehicle↦8.000000238418579),(Vehicles2↦-4.0000001192092896),(Vehicles3↦-1.3322676295501878E-15),(Vehicles4↦-8.000000238418579),(Vehicles5↦-1.3322676295501878E-15)}",
        "VehiclesVy": "{(EgoVehicle↦0.0),(Vehicles2↦0.0),(Vehicles3↦0.0),(Vehicles4↦0.0),(Vehicles5↦0.0)}",
        "VehiclesX": "{(EgoVehicle↦200.0),(Vehicles2↦5.700873583555222),(Vehicles3↦8.078616857528687),(Vehicles4↦63.585203886032104),(Vehicles5↦66.32762551307678)}"
      },
      "probabilisticVariables": null,
      "activating": [
        "SLOWER_29"
      ],
      "activatingOnlyWhenExecuted": true,
      "updating": null,
      "withPredicate": null
    },
    {
      "id": "SLOWER_29",
      "execute": "SLOWER",
      "after": "1000",
      "priority": 0,
      "additionalGuards": null,
      "activationKind": null,
      "fixedVariables": {
        "Crash": "FALSE",
        "VehiclesAy": "{(EgoVehicle↦0.0),(Vehicles2↦0.0),(Vehicles3↦0.0),(Vehicles4↦0.0),(Vehicles5↦0.0)}",
        "Reward": "0.7333333333333334",
        "VehiclesAx": "{(EgoVehicle↦0.0),(Vehicles2↦-0.002511069178581238),(Vehicles3↦0.02486683428287506),(Vehicles4↦0.023781219497323036),(Vehicles5↦0.033912286162376404)}",
        "VehiclesVx": "{(EgoVehicle↦20.0),(Vehicles2↦0.6399529427289963),(Vehicles3↦-0.9544936567544937),(Vehicles4↦0.11420996859669685),(Vehicles5↦-0.7002623379230499)}",
        "VehiclesY": "{(EgoVehicle↦8.000000238418579),(Vehicles2↦-4.0000001192092896),(Vehicles3↦-1.3322676295501878E-15),(Vehicles4↦-8.000000238418579),(Vehicles5↦-1.3322676295501878E-15)}",
        "VehiclesVy": "{(EgoVehicle↦0.0),(Vehicles2↦0.0),(Vehicles3↦0.0),(Vehicles4↦0.0),(Vehicles5↦0.0)}",
        "VehiclesX": "{(EgoVehicle↦200.0),(Vehicles2↦6.3423097133636475),(Vehicles3↦7.109208405017853),(Vehicles4↦63.6852502822876),(Vehicles5↦65.60722589492798)}"
      },
      "probabilisticVariables": null,
      "activating": [
        "SLOWER_30"
      ],
      "activatingOnlyWhenExecuted": true,
      "updating": null,
      "withPredicate": null
    },
    {
      "id": "SLOWER_30",
      "execute": "SLOWER",
      "after": "1000",
      "priority": 0,
      "additionalGuards": null,
      "activationKind": null,
      "fixedVariables": {
        "Crash": "FALSE",
        "VehiclesAy": "{(EgoVehicle↦0.0),(Vehicles2↦0.0),(Vehicles3↦0.0),(Vehicles4↦0.0),(Vehicles5↦0.0)}",
        "Reward": "0.7333333333333334",
        "VehiclesAx": "{(EgoVehicle↦0.0),(Vehicles2↦-1.5697140991687775),(Vehicles3↦1.5922341495752335),(Vehicles4↦0.022560013458132744),(Vehicles5↦0.03146462142467499)}",
        "VehiclesVx": "{(EgoVehicle↦20.0),(Vehicles2↦-0.9297611564397812),(Vehicles3↦0.6377404928207397),(Vehicles4↦0.1367699820548296),(Vehicles5↦-0.6687977164983749)}",
        "VehiclesY": "{(EgoVehicle↦8.000000238418579),(Vehicles2↦-1.3322676295501878E-15),(Vehicles3↦-4.0000001192092896),(Vehicles4↦-8.000000238418579),(Vehicles5↦-1.3322676295501878E-15)}",
        "VehiclesVy": "{(EgoVehicle↦0.0),(Vehicles2↦0.0),(Vehicles3↦0.0),(Vehicles4↦0.0),(Vehicles5↦0.0)}",
        "VehiclesX": "{(EgoVehicle↦200.0),(Vehicles2↦6.16462342441082),(Vehicles3↦6.981353461742401),(Vehicles4↦63.80857825279236),(Vehicles5↦64.91973400115967)}"
      },
      "probabilisticVariables": null,
      "activating": [
        "SLOWER_31"
      ],
      "activatingOnlyWhenExecuted": true,
      "updating": null,
      "withPredicate": null
    },
    {
      "id": "SLOWER_31",
      "execute": "SLOWER",
      "after": "1000",
      "priority": 0,
      "additionalGuards": null,
      "activationKind": null,
      "fixedVariables": {
        "Crash": "FALSE",
        "VehiclesAy": "{(EgoVehicle↦0.0),(Vehicles2↦0.0),(Vehicles3↦0.0),(Vehicles4↦0.0),(Vehicles5↦0.0)}",
        "Reward": "0.7333333333333334",
        "VehiclesAx": "{(EgoVehicle↦0.0),(Vehicles2↦0.024483948945999146),(Vehicles3↦-0.0019118934869766235),(Vehicles4↦0.021440992131829262),(Vehicles5↦0.029305964708328247)}",
        "VehiclesVx": "{(EgoVehicle↦20.0),(Vehicles2↦-0.905277207493782),(Vehicles3↦0.6358285993337631),(Vehicles4↦0.15821097418665886),(Vehicles5↦-0.6394917517900467)}",
        "VehiclesY": "{(EgoVehicle↦8.000000238418579),(Vehicles2↦-1.3322676295501878E-15),(Vehicles3↦-4.0000001192092896),(Vehicles4↦-8.000000238418579),(Vehicles5↦-1.3322676295501878E-15)}",
        "VehiclesVy": "{(EgoVehicle↦0.0),(Vehicles2↦0.0),(Vehicles3↦0.0),(Vehicles4↦0.0),(Vehicles5↦0.0)}",
        "VehiclesX": "{(EgoVehicle↦200.0),(Vehicles2↦5.244679376482964),(Vehicles3↦7.618305087089539),(Vehicles4↦63.954007625579834),(Vehicles5↦64.26281929016113)}"
      },
      "probabilisticVariables": null,
      "activating": [
        "SLOWER_32"
      ],
      "activatingOnlyWhenExecuted": true,
      "updating": null,
      "withPredicate": null
    },
    {
      "id": "SLOWER_32",
      "execute": "SLOWER",
      "after": "1000",
      "priority": 0,
      "additionalGuards": null,
      "activationKind": null,
      "fixedVariables": {
        "Crash": "TRUE",
        "VehiclesAy": "{(EgoVehicle↦0.0),(Vehicles2↦0.0),(Vehicles3↦0.0),(Vehicles4↦0.0),(Vehicles5↦0.0)}",
        "Reward": "0.06666666666666665",
        "VehiclesAx": "{(EgoVehicle↦-9.759999513626099),(Vehicles2↦0.44674351811408997),(Vehicles3↦9.758388176560402),(Vehicles4↦8.989695329219103),(Vehicles5↦10.578115656971931)}",
        "VehiclesVx": "{(EgoVehicle↦10.240000486373901),(Vehicles2↦-0.4585336893796921),(Vehicles3↦10.394216775894165),(Vehicles4↦9.147906303405762),(Vehicles5↦9.938623905181885)}",
        "VehiclesY": "{(EgoVehicle↦8.000000238418579),(Vehicles2↦-1.3322676295501878E-15),(Vehicles3↦-4.0000001192092896),(Vehicles4↦-1.3322676295501878E-15),(Vehicles5↦-8.000000238418579)}",
        "VehiclesVy": "{(EgoVehicle↦0.0),(Vehicles2↦0.0),(Vehicles3↦0.0),(Vehicles4↦0.0),(Vehicles5↦0.0)}",
        "VehiclesX": "{(EgoVehicle↦200.0),(Vehicles2↦5.000000074505806),(Vehicles3↦10.770215094089508),(Vehicles4↦66.15118384361267),(Vehicles5↦66.63721203804016)}"
      },
      "probabilisticVariables": null,
      "activating": null,
      "activatingOnlyWhenExecuted": true,
      "updating": null,
      "withPredicate": null
    }
  ],
  "listeners": [],
  "metadata": {
    "fileType": "Timed_Trace",
    "formatVersion": 3,
    "savedAt": "2023-08-21T06:52:47.875893Z",
    "creator": "Simulation: HYPOTHESIS_TEST; SIGNIFICANCE : 0.05, PROBABILITY : 0.95, MAX_STEPS_BEFORE_PROPERTY : 0, EXECUTIONS : 1000, PREDICATE : Crash = FALSE, ENDING_TIME : 60000, HYPOTHESIS_CHECKING_TYPE : LEFT_TAILED, CHECKING_TYPE : PREDICATE_INVARIANT",
    "proB2KernelVersion": "4.12.2",
    "proBCliVersion": "1.12.2-final",
    "modelName": "HighwayEnvironment2"
  }
}