{
  "variables": {},
  "activations": [
    {
      "id": "$setup_constants",
      "execute": "$setup_constants",
      "after": "0",
      "priority": 0,
      "additionalGuards": null,
      "activationKind": null,
      "fixedVariables": null,
      "probabilisticVariables": null,
      "activating": null,
      "activatingOnlyWhenExecuted": true,
      "updating": null,
      "withPredicate": null
    },
    {
      "id": "$initialise_machine",
      "execute": "$initialise_machine",
      "after": "0",
      "priority": 0,
      "additionalGuards": null,
      "activationKind": null,
      "fixedVariables": {
        "Crash": "FALSE",
        "VehiclesAy": "{(EgoVehicle↦0.0),(Vehicles2↦0.0),(Vehicles3↦0.0),(Vehicles4↦0.0),(Vehicles5↦0.0)}",
        "Reward": "0.0",
        "VehiclesAx": "{(EgoVehicle↦0.0),(Vehicles2↦0.0),(Vehicles3↦0.0),(Vehicles4↦0.0),(Vehicles5↦0.0)}",
        "VehiclesVx": "{(EgoVehicle↦25.0),(Vehicles2↦-2.9418930411338806),(Vehicles3↦-3.050980269908905),(Vehicles4↦-2.594900131225586),(Vehicles5↦-1.556924432516098)}",
        "VehiclesY": "{(EgoVehicle↦8.000000238418579),(Vehicles2↦0.0),(Vehicles3↦0.0),(Vehicles4↦-8.000000238418579),(Vehicles5↦-8.000000238418579)}",
        "VehiclesVy": "{(EgoVehicle↦0.0),(Vehicles2↦0.0),(Vehicles3↦0.0),(Vehicles4↦0.0),(Vehicles5↦0.0)}",
        "VehiclesX": "{(EgoVehicle↦154.80774641036987),(Vehicles2↦25.337719917297363),(Vehicles3↦50.85514783859253),(Vehicles4↦75.97105503082275),(Vehicles5↦98.0257511138916)}"
      },
      "probabilisticVariables": null,
      "activating": [
        "LANE_LEFT_2"
      ],
      "activatingOnlyWhenExecuted": true,
      "updating": null,
      "withPredicate": null
    },
    {
      "id": "LANE_LEFT_2",
      "execute": "LANE_LEFT",
      "after": "1000",
      "priority": 0,
      "additionalGuards": null,
      "activationKind": null,
      "fixedVariables": {
        "Crash": "FALSE",
        "VehiclesAy": "{(EgoVehicle↦-1.0796338319778442),(Vehicles2↦1.0796338319778442),(Vehicles3↦1.0796338319778442),(Vehicles4↦1.0796338319778442),(Vehicles5↦7.585535645484924)}",
        "Reward": "0.8327113850086175",
        "VehiclesAx": "{(EgoVehicle↦-0.023322105407714844),(Vehicles2↦-4.324735701084137),(Vehicles3↦-0.7570722699165344),(Vehicles4↦-5.023037791252136),(Vehicles5↦-4.100690633058548)}",
        "VehiclesVx": "{(EgoVehicle↦24.976677894592285),(Vehicles2↦-7.266628742218018),(Vehicles3↦-3.8080525398254395),(Vehicles4↦-7.617937922477722),(Vehicles5↦-5.657615065574646)}",
        "VehiclesY": "{(EgoVehicle↦4.34003484249115),(Vehicles2↦3.6599650382995605),(Vehicles3↦3.6599650382995605),(Vehicles4↦-4.34003484249115),(Vehicles5↦-3.527954578399658)}",
        "VehiclesVy": "{(EgoVehicle↦-1.0796338319778442),(Vehicles2↦1.0796338319778442),(Vehicles3↦1.0796338319778442),(Vehicles4↦1.0796338319778442),(Vehicles5↦7.585535645484924)}",
        "VehiclesX": "{(EgoVehicle↦179.48800325393677),(Vehicles2↦20.55934965610504),(Vehicles3↦47.76761531829834),(Vehicles4↦71.37492895126343),(Vehicles5↦95.38419246673584)}"
      },
      "probabilisticVariables": null,
      "activating": [
        "FASTER_3"
      ],
      "activatingOnlyWhenExecuted": true,
      "updating": null,
      "withPredicate": null
    },
    {
      "id": "FASTER_3",
      "execute": "FASTER",
      "after": "1000",
      "priority": 0,
      "additionalGuards": null,
      "activationKind": null,
      "fixedVariables": {
        "Crash": "FALSE",
        "VehiclesAy": "{(EgoVehicle↦1.0525126825086772),(Vehicles2↦-1.0525126825086772),(Vehicles3↦-1.0525126825086772),(Vehicles4↦-1.7821160703897476),(Vehicles5↦6.282299906015396)}",
        "Reward": "0.9491080333766447",
        "VehiclesAx": "{(EgoVehicle↦4.364874362945557),(Vehicles2↦-5.312515497207642),(Vehicles3↦-4.751119613647461),(Vehicles4↦-6.159128546714783),(Vehicles5↦-4.878121018409729)}",
        "VehiclesVx": "{(EgoVehicle↦29.341552257537842),(Vehicles2↦-12.57914423942566),(Vehicles3↦-8.5591721534729),(Vehicles4↦-13.777066469192505),(Vehicles5↦-10.535736083984375)}",
        "VehiclesY": "{(EgoVehicle↦4.006503582000732),(Vehicles2↦3.993496298789978),(Vehicles3↦3.993496298789978),(Vehicles4↦-3.7279196977615356),(Vehicles5↦-3.532491087913513)}",
        "VehiclesVy": "{(EgoVehicle↦-0.027121149469166994),(Vehicles2↦0.027121149469166994),(Vehicles3↦0.027121149469166994),(Vehicles4↦-0.7024822384119034),(Vehicles5↦-1.3032357394695282)}",
        "VehiclesX": "{(EgoVehicle↦200.0),(Vehicles2↦10.377193987369537),(Vehicles3↦41.36892855167389),(Vehicles4↦60.25380492210388),(Vehicles5↦87.19167113304138)}"
      },
      "probabilisticVariables": null,
      "activating": [
        "LANE_LEFT_4"
      ],
      "activatingOnlyWhenExecuted": true,
      "updating": null,
      "withPredicate": null
    },
    {
      "id": "LANE_LEFT_4",
      "execute": "LANE_LEFT",
      "after": "1000",
      "priority": 0,
      "additionalGuards": null,
      "activationKind": null,
      "fixedVariables": {
        "Crash": "FALSE",
        "VehiclesAy": "{(EgoVehicle↦-0.9910520236007869),(Vehicles2↦0.9910520236007869),(Vehicles3↦0.9910520236007869),(Vehicles4↦1.6473685204982758),(Vehicles5↦-0.37758447229862213)}",
        "Reward": "0.930558914769911",
        "VehiclesAx": "{(EgoVehicle↦0.5544066429138184),(Vehicles2↦-0.5923950672149658),(Vehicles3↦-0.7418513298034668),(Vehicles4↦-0.625457763671875),(Vehicles5↦0.3519272804260254)}",
        "VehiclesVx": "{(EgoVehicle↦29.89595890045166),(Vehicles2↦-13.171539306640625),(Vehicles3↦-9.301023483276367),(Vehicles4↦-14.40252423286438),(Vehicles5↦-10.18380880355835)}",
        "VehiclesY": "{(EgoVehicle↦0.2919534221291542),(Vehicles2↦7.7080464363098145),(Vehicles3↦7.7080464363098145),(Vehicles4↦-0.2643951326608658),(Vehicles5↦-0.26011814922094345)}",
        "VehiclesVy": "{(EgoVehicle↦-1.018173173069954),(Vehicles2↦1.018173173069954),(Vehicles3↦1.018173173069954),(Vehicles4↦0.9448862820863724),(Vehicles5↦0.9256512671709061)}",
        "VehiclesX": "{(EgoVehicle↦200.0),(Vehicles2↦-2.28929053992033),(Vehicles3↦32.689785957336426),(Vehicles4↦46.33155167102814),(Vehicles5↦77.03708410263062)}"
      },
      "probabilisticVariables": null,
      "activating": [
        "SLOWER_5"
      ],
      "activatingOnlyWhenExecuted": true,
      "updating": null,
      "withPredicate": null
    },
    {
      "id": "SLOWER_5",
      "execute": "SLOWER",
      "after": "1000",
      "priority": 0,
      "additionalGuards": null,
      "activationKind": null,
      "fixedVariables": {
        "Crash": "FALSE",
        "VehiclesAy": "{(EgoVehicle↦0.9948310442268848),(Vehicles2↦-0.9948310442268848),(Vehicles3↦2.1639900654554367),(Vehicles4↦-0.9273237199522555),(Vehicles5↦0.9489933960139751)}",
        "Reward": "0.8172535280132563",
        "VehiclesAx": "{(EgoVehicle↦-4.248950481414795),(Vehicles2↦8.037994503974915),(Vehicles3↦-0.4624861478805542),(Vehicles4↦8.982675671577454),(Vehicles5↦6.549069285392761)}",
        "VehiclesVx": "{(EgoVehicle↦25.647008419036865),(Vehicles2↦-5.1335448026657104),(Vehicles3↦-9.763509631156921),(Vehicles4↦-5.419848561286926),(Vehicles5↦-3.6347395181655884)}",
        "VehiclesY": "{(EgoVehicle↦0.0069171886425465345),(Vehicles2↦7.9930830001831055),(Vehicles3↦2.832690954208374),(Vehicles4↦-0.004944943240843713),(Vehicles5↦7.9930830001831055)}",
        "VehiclesVy": "{(EgoVehicle↦-0.023342128843069077),(Vehicles2↦0.023342128843069077),(Vehicles3↦3.1821632385253906),(Vehicles4↦0.017562562134116888),(Vehicles5↦0.023342128843069077)}",
        "VehiclesX": "{(EgoVehicle↦200.0),(Vehicles2↦25.68894624710083),(Vehicles3↦33.997637033462524),(Vehicles4↦69.42156553268433),(Vehicles5↦100.03565549850464)}"
      },
      "probabilisticVariables": null,
      "activating": [
        "SLOWER_6"
      ],
      "activatingOnlyWhenExecuted": true,
      "updating": null,
      "withPredicate": null
    },
    {
      "id": "SLOWER_6",
      "execute": "SLOWER",
      "after": "1000",
      "priority": 0,
      "additionalGuards": null,
      "activationKind": null,
      "fixedVariables": {
        "Crash": "FALSE",
        "VehiclesAy": "{(EgoVehicle↦0.02244129114842508),(Vehicles2↦-0.02244129114842508),(Vehicles3↦-2.90673965588212),(Vehicles4↦-0.017006994894472882),(Vehicles5↦0.024242966537713073)}",
        "Reward": "0.6864970720189709",
        "VehiclesAx": "{(EgoVehicle↦-4.903368949890137),(Vehicles2↦4.879486802965403),(Vehicles3↦6.8568310141563416),(Vehicles4↦5.175064653158188),(Vehicles5↦4.869788438081741)}",
        "VehiclesVx": "{(EgoVehicle↦20.74363946914673),(Vehicles2↦-0.25405799970030785),(Vehicles3↦-2.90667861700058),(Vehicles4↦-0.2447839081287384),(Vehicles5↦1.235048919916153)}",
        "VehiclesY": "{(EgoVehicle↦0.0003114490391453728),(Vehicles2↦7.999688386917114),(Vehicles3↦3.90228009223938),(Vehicles4↦-0.0001941015216289088),(Vehicles5↦7.999688386917114)}",
        "VehiclesVy": "{(EgoVehicle↦-0.0009008376946439967),(Vehicles2↦0.0009008376946439967),(Vehicles3↦0.2754235826432705),(Vehicles4↦0.0005555672396440059),(Vehicles5↦0.0009008376946439967)}",
        "VehiclesX": "{(EgoVehicle↦200.0),(Vehicles2↦23.247508704662323),(Vehicles3↦27.897220849990845),(Vehicles4↦66.83121919631958),(Vehicles5↦99.09058213233948)}"
      },
      "probabilisticVariables": null,
      "activating": [
        "FASTER_7"
      ],
      "activatingOnlyWhenExecuted": true,
      "updating": null,
      "withPredicate": null
    },
    {
      "id": "FASTER_7",
      "execute": "FASTER",
      "after": "1000",
      "priority": 0,
      "additionalGuards": null,
      "activationKind": null,
      "fixedVariables": {
        "Crash": "FALSE",
        "VehiclesAy": "{(EgoVehicle↦0.000857359668771096),(Vehicles2↦-0.000857359668771096),(Vehicles3↦-0.25506635662168264),(Vehicles4↦-0.0005322669562701776),(Vehicles5↦0.0009443157205168973)}",
        "Reward": "0.7850531124322964",
        "VehiclesAx": "{(EgoVehicle↦3.695852756500244),(Vehicles2↦-3.6885672248899937),(Vehicles3↦-2.5318309664726257),(Vehicles4↦-3.5863785445690155),(Vehicles5↦-3.7116405367851257)}",
        "VehiclesVx": "{(EgoVehicle↦24.439492225646973),(Vehicles2↦-3.9426252245903015),(Vehicles3↦-5.438509583473206),(Vehicles4↦-3.831162452697754),(Vehicles5↦-2.476591616868973)}",
        "VehiclesY": "{(EgoVehicle↦1.314200153501588E-05),(Vehicles2↦7.99998664855957),(Vehicles3↦3.9929122924804688),(Vehicles4↦-6.2921531025494915E-06),(Vehicles5↦7.99998664855957)}",
        "VehiclesVy": "{(EgoVehicle↦-4.3478025872900616E-05),(Vehicles2↦4.3478025872900616E-05),(Vehicles3↦0.02035722602158785),(Vehicles4↦2.330028337382828E-05),(Vehicles5↦4.3478025872900616E-05)}",
        "VehiclesX": "{(EgoVehicle↦200.0),(Vehicles2↦20.955735445022583),(Vehicles3↦23.45544695854187),(Vehicles4↦64.60175514221191),(Vehicles5↦98.27943444252014)}"
      },
      "probabilisticVariables": null,
      "activating": [
        "IDLE_8"
      ],
      "activatingOnlyWhenExecuted": true,
      "updating": null,
      "withPredicate": null
    },
    {
      "id": "IDLE_8",
      "execute": "IDLE",
      "after": "1000",
      "priority": 0,
      "additionalGuards": null,
      "activationKind": null,
      "fixedVariables": {
        "Crash": "FALSE",
        "VehiclesAy": "{(EgoVehicle↦4.206577926879618E-05),(Vehicles2↦-4.206577926879618E-05),(Vehicles3↦-0.01900090923300013),(Vehicles4↦-2.3059203080322277E-05),(Vehicles5↦4.4890272477005055E-05)}",
        "Reward": "0.7980316855879269",
        "VehiclesAx": "{(EgoVehicle↦0.4866957664489746),(Vehicles2↦-0.4630082845687866),(Vehicles3↦0.2611374855041504),(Vehicles4↦-0.48262864351272583),(Vehicles5↦-0.49270883202552795)}",
        "VehiclesVx": "{(EgoVehicle↦24.926187992095947),(Vehicles2↦-4.405633509159088),(Vehicles3↦-5.177372097969055),(Vehicles4↦-4.31379109621048),(Vehicles5↦-2.9693004488945007)}",
        "VehiclesY": "{(EgoVehicle↦4.240561395363329E-07),(Vehicles2↦7.999999523162842),(Vehicles3↦3.9995334148406982),(Vehicles4↦-2.6181808721048583E-08),(Vehicles5↦7.999999523162842)}",
        "VehiclesVy": "{(EgoVehicle↦-1.412246604104439E-06),(Vehicles2↦1.412246604104439E-06),(Vehicles3↦0.0013563167885877192),(Vehicles4↦2.410802935060019E-07),(Vehicles5↦1.412246604104439E-06)}",
        "VehiclesX": "{(EgoVehicle↦200.0),(Vehicles2↦16.75318479537964),(Vehicles3↦18.076232075691223),(Vehicles4↦60.510414838790894),(Vehicles5↦95.53138017654419)}"
      },
      "probabilisticVariables": null,
      "activating": [
        "FASTER_9"
      ],
      "activatingOnlyWhenExecuted": true,
      "updating": null,
      "withPredicate": null
    },
    {
      "id": "FASTER_9",
      "execute": "FASTER",
      "after": "1000",
      "priority": 0,
      "additionalGuards": null,
      "activationKind": null,
      "fixedVariables": {
        "Crash": "FALSE",
        "VehiclesAy": "{(EgoVehicle↦1.3815250987647687E-06),(Vehicles2↦-1.3815250987647687E-06),(Vehicles3↦-0.0012716791025013663),(Vehicles4↦-2.785442010377892E-07),(Vehicles5↦1.4429681094441094E-06)}",
        "Reward": "0.9155158323956668",
        "VehiclesAx": "{(EgoVehicle↦4.405655860900879),(Vehicles2↦-4.373863637447357),(Vehicles3↦-3.956458568572998),(Vehicles4↦-4.469276964664459),(Vehicles5↦-4.406317174434662)}",
        "VehiclesVx": "{(EgoVehicle↦29.331843852996826),(Vehicles2↦-8.779497146606445),(Vehicles3↦-9.133830666542053),(Vehicles4↦-8.783068060874939),(Vehicles5↦-7.375617623329163)}",
        "VehiclesY": "{(EgoVehicle↦7.182348049639131E-09),(Vehicles2↦8.000000238418579),(Vehicles3↦3.9999711513519287),(Vehicles4↦1.6027368765492156E-08),(Vehicles5↦8.000000238418579)}",
        "VehiclesVy": "{(EgoVehicle↦-3.072150533967033E-08),(Vehicles2↦3.072150533967033E-08),(Vehicles3↦8.463768608635291E-05),(Vehicles4↦-3.74639075317873E-08),(Vehicles5↦3.072150533967033E-08)}",
        "VehiclesX": "{(EgoVehicle↦200.0),(Vehicles2↦9.92942601442337),(Vehicles3↦10.667398571968079),(Vehicles4↦53.745037317276),(Vehicles5↦90.13108611106873)}"
      },
      "probabilisticVariables": null,
      "activating": [
        "FASTER_10"
      ],
      "activatingOnlyWhenExecuted": true,
      "updating": null,
      "withPredicate": null
    },
    {
      "id": "FASTER_10",
      "execute": "FASTER",
      "after": "1000",
      "priority": 0,
      "additionalGuards": null,
      "activationKind": null,
      "fixedVariables": {
        "Crash": "FALSE",
        "VehiclesAy": "{(EgoVehicle↦3.066165099596674E-08),(Vehicles2↦-3.066164211418254E-08),(Vehicles3↦-7.955778130508406E-05),(Vehicles4↦3.3516656117171806E-08),(Vehicles5↦3.6600162900413125E-08)}",
        "Reward": "0.930986995761295",
        "VehiclesAx": "{(EgoVehicle↦0.5801677703857422),(Vehicles2↦-0.5449211597442627),(Vehicles3↦-0.3235667943954468),(Vehicles4↦-0.6869053840637207),(Vehicles5↦-2.2712677717208862)}",
        "VehiclesVx": "{(EgoVehicle↦29.91201162338257),(Vehicles2↦-9.324418306350708),(Vehicles3↦-9.4573974609375),(Vehicles4↦-9.46997344493866),(Vehicles5↦-9.646885395050049)}",
        "VehiclesY": "{(EgoVehicle↦-1.5500933869816436E-11),(Vehicles2↦8.000000238418579),(Vehicles3↦3.9999983310699463),(Vehicles4↦1.3832082146336688E-09),(Vehicles5↦4.0000001192092896)}",
        "VehiclesVy": "{(EgoVehicle↦-5.985434370359144E-11),(Vehicles2↦5.986322548778844E-11),(Vehicles3↦5.079904781268851E-06),(Vehicles4↦-3.9472514146154936E-09),(Vehicles5↦5.878657560742795E-09)}",
        "VehiclesX": "{(EgoVehicle↦200.0),(Vehicles2↦0.8438215591013432),(Vehicles3↦1.3280222192406654),(Vehicles4↦44.60192620754242),(Vehicles5↦81.44398927688599)}"
      },
      "probabilisticVariables": null,
      "activating": [
        "IDLE_11"
      ],
      "activatingOnlyWhenExecuted": true,
      "updating": null,
      "withPredicate": null
    },
    {
      "id": "IDLE_11",
      "execute": "IDLE",
      "after": "1000",
      "priority": 0,
      "additionalGuards": null,
      "activationKind": null,
      "fixedVariables": {
        "Crash": "FALSE",
        "VehiclesAy": "{(EgoVehicle↦6.73860967026485E-11),(Vehicles2↦2.9820768077115645E-07),(Vehicles3↦-5.07991231302185E-06),(Vehicles4↦3.70107500202721E-09),(Vehicles5↦6.221867465683317E-09)}",
        "Reward": "0.9330243506077974",
        "VehiclesAx": "{(EgoVehicle↦0.0764012336730957),(Vehicles2↦-0.06827771663665771),(Vehicles3↦0.09271621704101562),(Vehicles4↦-0.21004021167755127),(Vehicles5↦-0.01715540885925293)}",
        "VehiclesVx": "{(EgoVehicle↦29.988412857055664),(Vehicles2↦-9.392696022987366),(Vehicles3↦-9.364681243896484),(Vehicles4↦-9.680013656616211),(Vehicles5↦-9.664040803909302)}",
        "VehiclesY": "{(EgoVehicle↦-2.232880547126115E-12),(Vehicles2↦3.999999761581421),(Vehicles3↦8.000000238418579),(Vehicles4↦8.394618333795734E-11),(Vehicles5↦4.0000001192092896)}",
        "VehiclesVy": "{(EgoVehicle↦7.531752999057062E-12),(Vehicles2↦2.9826754399664424E-07),(Vehicles3↦-7.531752999057062E-12),(Vehicles4↦-2.461764125882837E-10),(Vehicles5↦3.432099049405224E-10)}",
        "VehiclesX": "{(EgoVehicle↦200.0),(Vehicles2↦-8.108169585466385),(Vehicles3↦-8.508292585611343),(Vehicles4↦35.0380003452301),(Vehicles5↦71.77984714508057)}"
      },
      "probabilisticVariables": null,
      "activating": [
        "IDLE_12"
      ],
      "activatingOnlyWhenExecuted": true,
      "updating": null,
      "withPredicate": null
    },
    {
      "id": "IDLE_12",
      "execute": "IDLE",
      "after": "1000",
      "priority": 0,
      "additionalGuards": null,
      "activationKind": null,
      "fixedVariables": {
        "Crash": "FALSE",
        "VehiclesAy": "{(EgoVehicle↦-7.407408020299044E-12),(Vehicles2↦-2.982821101227273E-07),(Vehicles3↦2.8421709430404007E-11),(Vehicles4↦2.460520676095257E-10),(Vehicles5↦3.430855599617644E-10)}",
        "Reward": "0.9332926442501353",
        "VehiclesAx": "{(EgoVehicle↦0.010061264038085938),(Vehicles2↦-0.4468226432800293),(Vehicles3↦-0.2625495195388794),(Vehicles4↦1.6481393575668335),(Vehicles5↦-2.0060062408447266)}",
        "VehiclesVx": "{(EgoVehicle↦29.99847412109375),(Vehicles2↦-9.839518666267395),(Vehicles3↦-9.627230763435364),(Vehicles4↦-8.031874299049377),(Vehicles5↦-11.670047044754028)}",
        "VehiclesY": "{(EgoVehicle↦-3.064215547965432E-14),(Vehicles2↦4.990674540295004E-12),(Vehicles3↦4.0000001192092896),(Vehicles4↦8.000000238418579),(Vehicles5↦2.930988785010413E-14)}",
        "VehiclesVy": "{(EgoVehicle↦1.2434497875801753E-13),(Vehicles2↦-1.4566126083082054E-11),(Vehicles3↦2.0889956431346945E-11),(Vehicles4↦-1.2434497875801753E-13),(Vehicles5↦-1.2434497875801753E-13)}",
        "VehiclesX": "{(EgoVehicle↦200.0),(Vehicles2↦25.293567776679993),(Vehicles3↦62.12981939315796),(Vehicles4↦66.4117693901062),(Vehicles5↦90.98756909370422)}"
      },
      "probabilisticVariables": null,
      "activating": [
        "LANE_RIGHT_13"
      ],
      "activatingOnlyWhenExecuted": true,
      "updating": null,
      "withPredicate": null
    },
    {
      "id": "LANE_RIGHT_13",
      "execute": "LANE_RIGHT",
      "after": "1000",
      "priority": 0,
      "additionalGuards": null,
      "activationKind": null,
      "fixedVariables": {
        "Crash": "FALSE",
        "VehiclesAy": "{(EgoVehicle↦1.030355170369024),(Vehicles2↦-1.0303551703545821),(Vehicles3↦-1.0303551703900382),(Vehicles4↦-1.030355170369024),(Vehicles5↦-1.0303551703692726)}",
        "Reward": "0.9661893297309022",
        "VehiclesAx": "{(EgoVehicle↦-0.016374588012695312),(Vehicles2↦-0.14087975025177002),(Vehicles3↦0.05462527275085449),(Vehicles4↦0.021091699600219727),(Vehicles5↦-0.07849574089050293)}",
        "VehiclesVx": "{(EgoVehicle↦29.982099533081055),(Vehicles2↦-9.980398416519165),(Vehicles3↦-9.57260549068451),(Vehicles4↦-8.010782599449158),(Vehicles5↦-11.748542785644531)}",
        "VehiclesY": "{(EgoVehicle↦3.70322585105896),(Vehicles2↦-3.70322585105896),(Vehicles3↦0.29677431285381317),(Vehicles4↦4.296774387359619),(Vehicles5↦-3.70322585105896)}",
        "VehiclesVy": "{(EgoVehicle↦1.0303551703691483),(Vehicles2↦-1.0303551703691483),(Vehicles3↦-1.0303551703691483),(Vehicles4↦-1.0303551703691483),(Vehicles5↦-1.0303551703691483)}",
        "VehiclesX": "{(EgoVehicle↦200.0),(Vehicles2↦15.667246282100677),(Vehicles3↦52.79420018196106),(Vehicles4↦58.657509088516235),(Vehicles5↦79.55259680747986)}"
      },
      "probabilisticVariables": null,
      "activating": [
        "LANE_RIGHT_14"
      ],
      "activatingOnlyWhenExecuted": true,
      "updating": null,
      "withPredicate": null
    },
    {
      "id": "LANE_RIGHT_14",
      "execute": "LANE_RIGHT",
      "after": "1000",
      "priority": 0,
      "additionalGuards": null,
      "activationKind": null,
      "fixedVariables": {
        "Crash": "FALSE",
        "VehiclesAy": "{(EgoVehicle↦0.015611127018928528),(Vehicles2↦-0.015611127018928528),(Vehicles3↦-0.015611127018928528),(Vehicles4↦-0.015611127018928528),(Vehicles5↦-2.076321467757225)}",
        "Reward": "0.9995129036527913",
        "VehiclesAx": "{(EgoVehicle↦-0.0003647804260253906),(Vehicles2↦-0.15864014625549316),(Vehicles3↦0.03237783908843994),(Vehicles4↦0.005121827125549316),(Vehicles5↦-0.06224870681762695)}",
        "VehiclesVx": "{(EgoVehicle↦29.98173475265503),(Vehicles2↦-10.139038562774658),(Vehicles3↦-9.54022765159607),(Vehicles4↦-8.005660772323608),(Vehicles5↦-11.810791492462158)}",
        "VehiclesY": "{(EgoVehicle↦7.69985818862915),(Vehicles2↦-7.69985818862915),(Vehicles3↦-3.699858069419861),(Vehicles4↦0.300141803920269),(Vehicles5↦-7.69985818862915)}",
        "VehiclesVy": "{(EgoVehicle↦1.0459662973880768),(Vehicles2↦-1.0459662973880768),(Vehicles3↦-1.0459662973880768),(Vehicles4↦-1.0459662973880768),(Vehicles5↦-1.0459662973880768)}",
        "VehiclesX": "{(EgoVehicle↦200.0),(Vehicles2↦5.923707038164139),(Vehicles3↦43.53535771369934),(Vehicles4↦50.94916224479675),(Vehicles5↦68.0770993232727)}"
      },
      "probabilisticVariables": null,
      "activating": [
        "IDLE_15"
      ],
      "activatingOnlyWhenExecuted": true,
      "updating": null,
      "withPredicate": null
    },
    {
      "id": "IDLE_15",
      "execute": "IDLE",
      "after": "1000",
      "priority": 0,
      "additionalGuards": null,
      "activationKind": null,
      "fixedVariables": {
        "Crash": "FALSE",
        "VehiclesAy": "{(EgoVehicle↦-1.030139826470986),(Vehicles2↦1.030139826470986),(Vehicles3↦1.030139826470986),(Vehicles4↦1.030139826470986),(Vehicles5↦-1.0617927683051676)}",
        "Reward": "0.9999997957568253",
        "VehiclesAx": "{(EgoVehicle↦0.018258094787597656),(Vehicles2↦-0.17426013946533203),(Vehicles3↦0.00905454158782959),(Vehicles4↦-0.013599395751953125),(Vehicles5↦-0.05247950553894043)}",
        "VehiclesVx": "{(EgoVehicle↦29.999992847442627),(Vehicles2↦-10.31329870223999),(Vehicles3↦-9.53117311000824),(Vehicles4↦-8.019260168075562),(Vehicles5↦-11.863270998001099)}",
        "VehiclesY": "{(EgoVehicle↦7.996562719345093),(Vehicles2↦-7.996562719345093),(Vehicles3↦-3.9965626001358032),(Vehicles4↦0.003437386709265411),(Vehicles5↦-7.996562719345093)}",
        "VehiclesVy": "{(EgoVehicle↦0.015826470917090774),(Vehicles2↦-0.015826470917090774),(Vehicles3↦-0.015826470917090774),(Vehicles4↦-0.015826470917090774),(Vehicles5↦-0.015826470917090774)}",
        "VehiclesX": "{(EgoVehicle↦200.0),(Vehicles2↦-4.293534532189369),(Vehicles3↦33.99098813533783),(Vehicles4↦42.92997717857361),(Vehicles5↦56.235116720199585)}"
      },
      "probabilisticVariables": null,
      "activating": [
        "IDLE_16"
      ],
      "activatingOnlyWhenExecuted": true,
      "updating": null,
      "withPredicate": null
    },
    {
      "id": "IDLE_16",
      "execute": "IDLE",
      "after": "1000",
      "priority": 0,
      "additionalGuards": null,
      "activationKind": null,
      "fixedVariables": {
        "Crash": "FALSE",
        "VehiclesAy": "{(EgoVehicle↦-0.01587234147336858),(Vehicles2↦0.01587234147336858),(Vehicles3↦0.01587234147336858),(Vehicles4↦0.01587234147336858),(Vehicles5↦-0.01578060036081297)}",
        "Reward": "0.9999999877626914",
        "VehiclesAx": "{(EgoVehicle↦7.152557373046875E-06),(Vehicles2↦0.8057624101638794),(Vehicles3↦1.5163975954055786),(Vehicles4↦-3.8541817665100098),(Vehicles5↦-0.13866066932678223)}",
        "VehiclesVx": "{(EgoVehicle↦30.0),(Vehicles2↦-9.50753629207611),(Vehicles3↦-8.014775514602661),(Vehicles4↦-11.873441934585571),(Vehicles5↦-12.00193166732788)}",
        "VehiclesY": "{(EgoVehicle↦8.000030279159546),(Vehicles2↦-4.000030159950256),(Vehicles3↦-3.0240427804528736E-05),(Vehicles4↦-8.000030279159546),(Vehicles5↦-8.000030279159546)}",
        "VehiclesVy": "{(EgoVehicle↦-4.587055627780501E-05),(Vehicles2↦4.587055627780501E-05),(Vehicles3↦4.587055627780501E-05),(Vehicles4↦4.587055627780501E-05),(Vehicles5↦4.587055627780501E-05)}",
        "VehiclesX": "{(EgoVehicle↦200.0),(Vehicles2↦24.46952760219574),(Vehicles3↦34.91252362728119),(Vehicles4↦44.366031885147095),(Vehicles5↦92.09959506988525)}"
      },
      "probabilisticVariables": null,
      "activating": [
        "SLOWER_17"
      ],
      "activatingOnlyWhenExecuted": true,
      "updating": null,
      "withPredicate": null
    },
    {
      "id": "SLOWER_17",
      "execute": "SLOWER",
      "after": "1000",
      "priority": 0,
      "additionalGuards": null,
      "activationKind": null,
      "fixedVariables": {
        "Crash": "FALSE",
        "VehiclesAy": "{(EgoVehicle↦3.98360253939245E-05),(Vehicles2↦-3.98360253939245E-05),(Vehicles3↦-3.98360253939245E-05),(Vehicles4↦-3.98360253939245E-05),(Vehicles5↦5.1905087161685515E-05)}",
        "Reward": "0.884224964095054",
        "VehiclesAx": "{(EgoVehicle↦-4.341564178466797),(Vehicles2↦4.362250566482544),(Vehicles3↦4.345850944519043),(Vehicles4↦4.3510520458221436),(Vehicles5↦4.468645453453064)}",
        "VehiclesVx": "{(EgoVehicle↦25.658435821533203),(Vehicles2↦-5.145285725593567),(Vehicles3↦-3.668924570083618),(Vehicles4↦-7.522389888763428),(Vehicles5↦-7.533286213874817)}",
        "VehiclesY": "{(EgoVehicle↦8.000001668930054),(Vehicles2↦-4.000001907348633),(Vehicles3↦-1.9151934225192235E-06),(Vehicles4↦-8.000001668930054),(Vehicles5↦-8.000001668930054)}",
        "VehiclesVy": "{(EgoVehicle↦-6.034530883880507E-06),(Vehicles2↦6.034530883880507E-06),(Vehicles3↦6.034530883880507E-06),(Vehicles4↦6.034530883880507E-06),(Vehicles5↦6.034530883880507E-06)}",
        "VehiclesX": "{(EgoVehicle↦200.0),(Vehicles2↦17.36554205417633),(Vehicles3↦29.294541478157043),(Vehicles4↦34.89004373550415),(Vehicles5↦82.54430890083313)}"
      },
      "probabilisticVariables": null,
      "activating": [
        "SLOWER_18"
      ],
      "activatingOnlyWhenExecuted": true,
      "updating": null,
      "withPredicate": null
    },
    {
      "id": "SLOWER_18",
      "execute": "SLOWER",
      "after": "1000",
      "priority": 0,
      "additionalGuards": null,
      "activationKind": null,
      "fixedVariables": {
        "Crash": "FALSE",
        "VehiclesAy": "{(EgoVehicle↦5.7623808480400385E-06),(Vehicles2↦-5.7623808480400385E-06),(Vehicles3↦-5.7623808480400385E-06),(Vehicles4↦-5.7623808480400385E-06),(Vehicles5↦6.306680919720975E-06)}",
        "Reward": "0.753203836149694",
        "VehiclesAx": "{(EgoVehicle↦-4.913291931152344),(Vehicles2↦4.9315364472568035),(Vehicles3↦4.91736002266407),(Vehicles4↦4.938274919986725),(Vehicles5↦5.030936002731323)}",
        "VehiclesVx": "{(EgoVehicle↦20.74514389038086),(Vehicles2↦-0.21374927833676338),(Vehicles3↦1.248435452580452),(Vehicles4↦-2.584114968776703),(Vehicles5↦-2.5023502111434937)}",
        "VehiclesY": "{(EgoVehicle↦8.000000238418579),(Vehicles2↦-4.0000001192092896),(Vehicles3↦-9.429673042404829E-08),(Vehicles4↦-8.000000238418579),(Vehicles5↦-8.000000238418579)}",
        "VehiclesVy": "{(EgoVehicle↦-2.7215003584046826E-07),(Vehicles2↦2.7215003584046826E-07),(Vehicles3↦2.7215003584046826E-07),(Vehicles4↦2.7215003584046826E-07),(Vehicles5↦2.7215003584046826E-07)}",
        "VehiclesX": "{(EgoVehicle↦200.0),(Vehicles2↦14.938193559646606),(Vehicles3↦28.33772301673889),(Vehicles4↦30.087023973464966),(Vehicles5↦77.76929140090942)}"
      },
      "probabilisticVariables": null,
      "activating": [
        "IDLE_19"
      ],
      "activatingOnlyWhenExecuted": true,
      "updating": null,
      "withPredicate": null
    },
    {
      "id": "IDLE_19",
      "execute": "IDLE",
      "after": "1000",
      "priority": 0,
      "additionalGuards": null,
      "activationKind": null,
      "fixedVariables": {
        "Crash": "FALSE",
        "VehiclesAy": "{(EgoVehicle↦2.554348466077272E-07),(Vehicles2↦-2.55434837725943E-07),(Vehicles3↦-2.55434837725943E-07),(Vehicles4↦-2.55434837725943E-07),(Vehicles5↦2.8886523395499353E-07)}",
        "Reward": "0.735950025062237",
        "VehiclesAx": "{(EgoVehicle↦-0.6470179557800293),(Vehicles2↦0.6632066331803799),(Vehicles3↦-3.148777261376381),(Vehicles4↦4.483410865068436),(Vehicles5↦0.7554326951503754)}",
        "VehiclesVx": "{(EgoVehicle↦20.09812593460083),(Vehicles2↦0.4494573548436165),(Vehicles3↦-1.900341808795929),(Vehicles4↦1.8992958962917328),(Vehicles5↦-1.7469175159931183)}",
        "VehiclesY": "{(EgoVehicle↦8.000000238418579),(Vehicles2↦-4.0000001192092896),(Vehicles3↦-8.000000238418579),(Vehicles4↦-5.761334076481717E-09),(Vehicles5↦-8.000000238418579)}",
        "VehiclesVy": "{(EgoVehicle↦-1.6715189232741068E-08),(Vehicles2↦1.6715198114525265E-08),(Vehicles3↦1.6715198114525265E-08),(Vehicles4↦1.6715198114525265E-08),(Vehicles5↦1.6715198114525265E-08)}",
        "VehiclesX": "{(EgoVehicle↦200.0),(Vehicles2↦15.088003873825073),(Vehicles3↦27.87373960018158),(Vehicles4↦29.94464635848999),(Vehicles5↦75.66795945167542)}"
      },
      "probabilisticVariables": null,
      "activating": [
        "IDLE_20"
      ],
      "activatingOnlyWhenExecuted": true,
      "updating": null,
      "withPredicate": null
    },
    {
      "id": "IDLE_20",
      "execute": "IDLE",
      "after": "1000",
      "priority": 0,
      "additionalGuards": null,
      "activationKind": null,
      "fixedVariables": {
        "Crash": "FALSE",
        "VehiclesAy": "{(EgoVehicle↦1.5676633324801514E-08),(Vehicles2↦-1.5676633324801514E-08),(Vehicles3↦-1.5676633324801514E-08),(Vehicles4↦-1.5676633324801514E-08),(Vehicles5↦1.7753762904249015E-08)}",
        "Reward": "0.733677918252366",
        "VehiclesAx": "{(EgoVehicle↦-0.08520364761352539),(Vehicles2↦0.09964026510715485),(Vehicles3↦0.13054460287094116),(Vehicles4↦0.08882254362106323),(Vehicles5↦0.18493175506591797)}",
        "VehiclesVx": "{(EgoVehicle↦20.012922286987305),(Vehicles2↦0.5490976199507713),(Vehicles3↦-1.7697972059249878),(Vehicles4↦1.988118439912796),(Vehicles5↦-1.5619857609272003)}",
        "VehiclesY": "{(EgoVehicle↦8.000000238418579),(Vehicles2↦-4.0000001192092896),(Vehicles3↦-8.000000238418579),(Vehicles4↦-3.576285934059342E-10),(Vehicles5↦-8.000000238418579)}",
        "VehiclesVy": "{(EgoVehicle↦-1.0385559079395534E-09),(Vehicles2↦1.0385647897237504E-09),(Vehicles3↦1.0385647897237504E-09),(Vehicles4↦1.0385647897237504E-09),(Vehicles5↦1.0385647897237504E-09)}",
        "VehiclesX": "{(EgoVehicle↦200.0),(Vehicles2↦15.590368211269379),(Vehicles3↦26.03796422481537),(Vehicles4↦31.892409920692444),(Vehicles5↦74.00860786437988)}"
      },
      "probabilisticVariables": null,
      "activating": [
        "IDLE_21"
      ],
      "activatingOnlyWhenExecuted": true,
      "updating": null,
      "withPredicate": null
    },
    {
      "id": "IDLE_21",
      "execute": "IDLE",
      "after": "1000",
      "priority": 0,
      "additionalGuards": null,
      "activationKind": null,
      "fixedVariables": {
        "Crash": "FALSE",
        "VehiclesAy": "{(EgoVehicle↦9.739498096905663E-10),(Vehicles2↦-9.739409279063693E-10),(Vehicles3↦-9.739586914747633E-10),(Vehicles4↦-9.739586914747633E-10),(Vehicles5↦1.1031708879727375E-09)}",
        "Reward": "0.7333787107712307",
        "VehiclesAx": "{(EgoVehicle↦-0.011219978332519531),(Vehicles2↦0.024149231612682343),(Vehicles3↦0.0625118613243103),(Vehicles4↦0.014619529247283936),(Vehicles5↦0.10295882821083069)}",
        "VehiclesVx": "{(EgoVehicle↦20.001702308654785),(Vehicles2↦0.5732468515634537),(Vehicles3↦-1.7072853446006775),(Vehicles4↦2.00273796916008),(Vehicles5↦-1.4590269327163696)}",
        "VehiclesY": "{(EgoVehicle↦8.000000238418579),(Vehicles2↦-4.0000001192092896),(Vehicles3↦-8.000000238418579),(Vehicles4↦-2.2244872610599487E-11),(Vehicles5↦-8.000000238418579)}",
        "VehiclesVy": "{(EgoVehicle↦-6.460609824898711E-11),(Vehicles2↦6.462386181738111E-11),(Vehicles3↦6.460609824898711E-11),(Vehicles4↦6.460609824898711E-11),(Vehicles5↦6.460609824898711E-11)}",
        "VehiclesX": "{(EgoVehicle↦200.0),(Vehicles2↦16.150939464569092),(Vehicles3↦24.29448813199997),(Vehicles4↦33.88809561729431),(Vehicles5↦72.49011397361755)}"
      },
      "probabilisticVariables": null,
      "activating": [
        "IDLE_22"
      ],
      "activatingOnlyWhenExecuted": true,
      "updating": null,
      "withPredicate": null
    },
    {
      "id": "IDLE_22",
      "execute": "IDLE",
      "after": "1000",
      "priority": 0,
      "additionalGuards": null,
      "activationKind": null,
      "fixedVariables": {
        "Crash": "FALSE",
        "VehiclesAy": "{(EgoVehicle↦6.058265000774554E-11),(Vehicles2↦-6.060929536033655E-11),(Vehicles3↦-6.059153179194254E-11),(Vehicles4↦-6.059153179194254E-11),(Vehicles5↦6.862066470603168E-11)}",
        "Reward": "0.7333393089630152",
        "VehiclesAx": "{(EgoVehicle↦-0.0014781951904296875),(Vehicles2↦0.013103075325489044),(Vehicles3↦0.056608766317367554),(Vehicles4↦0.0046637654304504395),(Vehicles5↦0.08597210049629211)}",
        "VehiclesVx": "{(EgoVehicle↦20.000224113464355),(Vehicles2↦0.5863499268889427),(Vehicles3↦-1.65067657828331),(Vehicles4↦2.0074017345905304),(Vehicles5↦-1.3730548322200775)}",
        "VehiclesY": "{(EgoVehicle↦8.000000238418579),(Vehicles2↦-4.0000001192092896),(Vehicles3↦-8.000000238418579),(Vehicles4↦-1.3842260671026452E-12),(Vehicles5↦-8.000000238418579)}",
        "VehiclesVy": "{(EgoVehicle↦-4.023448241241567E-12),(Vehicles2↦4.014566457044566E-12),(Vehicles3↦4.014566457044566E-12),(Vehicles4↦4.014566457044566E-12),(Vehicles5↦4.014566457044566E-12)}",
        "VehiclesX": "{(EgoVehicle↦200.0),(Vehicles2↦16.729748249053955),(Vehicles3↦22.609835863113403),(Vehicles4↦35.89293956756592),(Vehicles5↦71.06625437736511)}"
      },
      "probabilisticVariables": null,
      "activating": [
        "IDLE_23"
      ],
      "activatingOnlyWhenExecuted": true,
      "updating": null,
      "withPredicate": null
    },
    {
      "id": "IDLE_23",
      "execute": "IDLE",
      "after": "1000",
      "priority": 0,
      "additionalGuards": null,
      "activationKind": null,
      "fixedVariables": {
        "Crash": "FALSE",
        "VehiclesAy": "{(EgoVehicle↦3.7836400679225335E-12),(Vehicles2↦-3.765876499528531E-12),(Vehicles3↦-3.765876499528531E-12),(Vehicles4↦-3.765876499528531E-12),(Vehicles5↦4.263256414560601E-12)}",
        "Reward": "0.7333341202475302",
        "VehiclesAx": "{(EgoVehicle↦-0.00019550323486328125),(Vehicles2↦0.010689422488212585),(Vehicles3↦0.05751773715019226),(Vehicles4↦0.003174692392349243),(Vehicles5↦0.07817462086677551)}",
        "VehiclesVx": "{(EgoVehicle↦20.000028610229492),(Vehicles2↦0.5970393493771553),(Vehicles3↦-1.5931588411331177),(Vehicles4↦2.0105764269828796),(Vehicles5↦-1.294880211353302)}",
        "VehiclesY": "{(EgoVehicle↦8.000000238418579),(Vehicles2↦-4.0000001192092896),(Vehicles3↦-8.000000238418579),(Vehicles4↦-8.526512829121202E-14),(Vehicles5↦-8.000000238418579)}",
        "VehiclesVy": "{(EgoVehicle↦-2.398081733190338E-13),(Vehicles2↦2.4868995751603507E-13),(Vehicles3↦2.4868995751603507E-13),(Vehicles4↦2.4868995751603507E-13),(Vehicles5↦2.4868995751603507E-13)}",
        "VehiclesX": "{(EgoVehicle↦200.0),(Vehicles2↦17.320488393306732),(Vehicles3↦20.982076227664948),(Vehicles4↦37.901657819747925),(Vehicles5↦69.72498893737793)}"
      },
      "probabilisticVariables": null,
      "activating": [
        "IDLE_24"
      ],
      "activatingOnlyWhenExecuted": true,
      "updating": null,
      "withPredicate": null
    },
    {
      "id": "IDLE_24",
      "execute": "IDLE",
      "after": "1000",
      "priority": 0,
      "additionalGuards": null,
      "activationKind": null,
      "fixedVariables": {
        "Crash": "FALSE",
        "VehiclesAy": "{(EgoVehicle↦2.220446049250313E-13),(Vehicles2↦-2.1316282072803006E-13),(Vehicles3↦-2.3092638912203256E-13),(Vehicles4↦-2.3092638912203256E-13),(Vehicles5↦2.6645352591003757E-13)}",
        "Reward": "0.7333334369598942",
        "VehiclesAx": "{(EgoVehicle↦-2.384185791015625E-05),(Vehicles2↦0.009538605809211731),(Vehicles3↦0.05828738212585449),(Vehicles4↦0.0028070807456970215),(Vehicles5↦0.07217273116111755)}",
        "VehiclesVx": "{(EgoVehicle↦20.000004768371582),(Vehicles2↦0.606577955186367),(Vehicles3↦-1.5348714590072632),(Vehicles4↦2.0133835077285767),(Vehicles5↦-1.2227074801921844)}",
        "VehiclesY": "{(EgoVehicle↦8.000000238418579),(Vehicles2↦-4.0000001192092896),(Vehicles3↦-8.000000238418579),(Vehicles4↦-6.661338147750939E-15),(Vehicles5↦-8.000000238418579)}",
        "VehiclesVy": "{(EgoVehicle↦-1.7763568394002505E-14),(Vehicles2↦3.552713678800501E-14),(Vehicles3↦1.7763568394002505E-14),(Vehicles4↦1.7763568394002505E-14),(Vehicles5↦1.7763568394002505E-14)}",
        "VehiclesX": "{(EgoVehicle↦200.0),(Vehicles2↦17.92141944169998),(Vehicles3↦19.41220313310623),(Vehicles4↦39.91337716579437),(Vehicles5↦68.4594213962555)}"
      },
      "probabilisticVariables": null,
      "activating": [
        "IDLE_25"
      ],
      "activatingOnlyWhenExecuted": true,
      "updating": null,
      "withPredicate": null
    },
    {
      "id": "IDLE_25",
      "execute": "IDLE",
      "after": "1000",
      "priority": 0,
      "additionalGuards": null,
      "activationKind": null,
      "fixedVariables": {
        "Crash": "FALSE",
        "VehiclesAy": "{(EgoVehicle↦1.7763568394002505E-14),(Vehicles2↦-3.552713678800501E-14),(Vehicles3↦-1.7763568394002505E-14),(Vehicles4↦-1.7763568394002505E-14),(Vehicles5↦1.7763568394002505E-14)}",
        "Reward": "0.7333333469796294",
        "VehiclesAx": "{(EgoVehicle↦-4.76837158203125E-06),(Vehicles2↦-2.08317618817091),(Vehicles3↦2.150113321840763),(Vehicles4↦0.0025932490825653076),(Vehicles5↦0.06693579256534576)}",
        "VehiclesVx": "{(EgoVehicle↦20.0),(Vehicles2↦-1.4765982329845428),(Vehicles3↦0.6152418628334999),(Vehicles4↦2.015976756811142),(Vehicles5↦-1.1557716876268387)}",
        "VehiclesY": "{(EgoVehicle↦8.000000238418579),(Vehicles2↦-8.000000238418579),(Vehicles3↦-4.0000001192092896),(Vehicles4↦-1.3322676295501878E-15),(Vehicles5↦-8.000000238418579)}",
        "VehiclesVy": "{(EgoVehicle↦0.0),(Vehicles2↦0.0),(Vehicles3↦0.0),(Vehicles4↦0.0),(Vehicles5↦0.0)}",
        "VehiclesX": "{(EgoVehicle↦200.0),(Vehicles2↦17.900671064853668),(Vehicles3↦18.531528115272522),(Vehicles4↦41.92781150341034),(Vehicles5↦67.26388335227966)}"
      },
      "probabilisticVariables": null,
      "activating": [
        "IDLE_26"
      ],
      "activatingOnlyWhenExecuted": true,
      "updating": null,
      "withPredicate": null
    },
    {
      "id": "IDLE_26",
      "execute": "IDLE",
      "after": "1000",
      "priority": 0,
      "additionalGuards": null,
      "activationKind": null,
      "fixedVariables": {
        "Crash": "FALSE",
        "VehiclesAy": "{(EgoVehicle↦0.0),(Vehicles2↦0.0),(Vehicles3↦0.0),(Vehicles4↦0.0),(Vehicles5↦0.0)}",
        "Reward": "0.7333333351303765",
        "VehiclesAx": "{(EgoVehicle↦0.0),(Vehicles2↦0.057605206966400146),(Vehicles3↦0.007921867072582245),(Vehicles4↦0.002406090497970581),(Vehicles5↦0.062270089983940125)}",
        "VehiclesVx": "{(EgoVehicle↦20.0),(Vehicles2↦-1.4189930260181427),(Vehicles3↦0.6231637299060822),(Vehicles4↦2.0183828473091125),(Vehicles5↦-1.0935015976428986)}",
        "VehiclesY": "{(EgoVehicle↦8.000000238418579),(Vehicles2↦-8.000000238418579),(Vehicles3↦-4.0000001192092896),(Vehicles4↦-1.3322676295501878E-15),(Vehicles5↦-8.000000238418579)}",
        "VehiclesVy": "{(EgoVehicle↦0.0),(Vehicles2↦0.0),(Vehicles3↦0.0),(Vehicles4↦0.0),(Vehicles5↦0.0)}",
        "VehiclesX": "{(EgoVehicle↦200.0),(Vehicles2↦16.447189450263977),(Vehicles3↦19.149993360042572),(Vehicles4↦43.944767117500305),(Vehicles5↦66.13337397575378)}"
      },
      "probabilisticVariables": null,
      "activating": [
        "IDLE_27"
      ],
      "activatingOnlyWhenExecuted": true,
      "updating": null,
      "withPredicate": null
    },
    {
      "id": "IDLE_27",
      "execute": "IDLE",
      "after": "1000",
      "priority": 0,
      "additionalGuards": null,
      "activationKind": null,
      "fixedVariables": {
        "Crash": "FALSE",
        "VehiclesAy": "{(EgoVehicle↦0.0),(Vehicles2↦0.0),(Vehicles3↦0.0),(Vehicles4↦0.0),(Vehicles5↦0.0)}",
        "Reward": "0.733333333569981",
        "VehiclesAx": "{(EgoVehicle↦0.0),(Vehicles2↦0.056467652320861816),(Vehicles3↦0.007282048463821411),(Vehicles4↦0.0022283196449279785),(Vehicles5↦0.05809471011161804)}",
        "VehiclesVx": "{(EgoVehicle↦20.0),(Vehicles2↦-1.3625253736972809),(Vehicles3↦0.6304457783699036),(Vehicles4↦2.0206111669540405),(Vehicles5↦-1.0354068875312805)}",
        "VehiclesY": "{(EgoVehicle↦8.000000238418579),(Vehicles2↦-8.000000238418579),(Vehicles3↦-4.0000001192092896),(Vehicles4↦-1.3322676295501878E-15),(Vehicles5↦-8.000000238418579)}",
        "VehiclesVy": "{(EgoVehicle↦0.0),(Vehicles2↦0.0),(Vehicles3↦0.0),(Vehicles4↦0.0),(Vehicles5↦0.0)}",
        "VehiclesX": "{(EgoVehicle↦200.0),(Vehicles2↦15.050888061523438),(Vehicles3↦19.77611780166626),(Vehicles4↦45.96405327320099),(Vehicles5↦65.0634229183197)}"
      },
      "probabilisticVariables": null,
      "activating": [
        "IDLE_28"
      ],
      "activatingOnlyWhenExecuted": true,
      "updating": null,
      "withPredicate": null
    },
    {
      "id": "IDLE_28",
      "execute": "IDLE",
      "after": "1000",
      "priority": 0,
      "additionalGuards": null,
      "activationKind": null,
      "fixedVariables": {
        "Crash": "FALSE",
        "VehiclesAy": "{(EgoVehicle↦0.0),(Vehicles2↦0.0),(Vehicles3↦0.0),(Vehicles4↦0.0),(Vehicles5↦0.0)}",
        "Reward": "0.7333333333644968",
        "VehiclesAx": "{(EgoVehicle↦0.0),(Vehicles2↦0.05501165986061096),(Vehicles3↦0.006730630993843079),(Vehicles4↦0.0020575523376464844),(Vehicles5↦0.054348334670066833)}",
        "VehiclesVx": "{(EgoVehicle↦20.0),(Vehicles2↦-1.30751371383667),(Vehicles3↦0.6371764093637466),(Vehicles4↦2.022668719291687),(Vehicles5↦-0.9810585528612137)}",
        "VehiclesY": "{(EgoVehicle↦8.000000238418579),(Vehicles2↦-8.000000238418579),(Vehicles3↦-4.0000001192092896),(Vehicles4↦-1.3322676295501878E-15),(Vehicles5↦-8.000000238418579)}",
        "VehiclesVy": "{(EgoVehicle↦0.0),(Vehicles2↦0.0),(Vehicles3↦0.0),(Vehicles4↦0.0),(Vehicles5↦0.0)}",
        "VehiclesX": "{(EgoVehicle↦200.0),(Vehicles2↦13.710494339466095),(Vehicles3↦20.409296452999115),(Vehicles4↦47.98550009727478),(Vehicles5↦64.05004262924194)}"
      },
      "probabilisticVariables": null,
      "activating": [
        "FASTER_29"
      ],
      "activatingOnlyWhenExecuted": true,
      "updating": null,
      "withPredicate": null
    },
    {
      "id": "FASTER_29",
      "execute": "FASTER",
      "after": "1000",
      "priority": 0,
      "additionalGuards": null,
      "activationKind": null,
      "fixedVariables": {
        "Crash": "FALSE",
        "VehiclesAy": "{(EgoVehicle↦0.0),(Vehicles2↦0.0),(Vehicles3↦0.0),(Vehicles4↦0.0),(Vehicles5↦0.0)}",
        "Reward": "0.8491083676309898",
        "VehiclesAx": "{(EgoVehicle↦4.341564178466797),(Vehicles2↦-4.288211464881897),(Vehicles3↦-4.3353066593408585),(Vehicles4↦-4.339670538902283),(Vehicles5↦-4.290586039423943)}",
        "VehiclesVx": "{(EgoVehicle↦24.341564178466797),(Vehicles2↦-5.595725178718567),(Vehicles3↦-3.698130249977112),(Vehicles4↦-2.3170018196105957),(Vehicles5↦-5.271644592285156)}",
        "VehiclesY": "{(EgoVehicle↦8.000000238418579),(Vehicles2↦-8.000000238418579),(Vehicles3↦-4.0000001192092896),(Vehicles4↦-1.3322676295501878E-15),(Vehicles5↦-8.000000238418579)}",
        "VehiclesVy": "{(EgoVehicle↦0.0),(Vehicles2↦0.0),(Vehicles3↦0.0),(Vehicles4↦0.0),(Vehicles5↦0.0)}",
        "VehiclesX": "{(EgoVehicle↦200.0),(Vehicles2↦10.029397904872894),(Vehicles3↦18.653948605060577),(Vehicles4↦47.613880038261414),(Vehicles5↦60.69456934928894)}"
      },
      "probabilisticVariables": null,
      "activating": [
        "IDLE_30"
      ],
      "activatingOnlyWhenExecuted": true,
      "updating": null,
      "withPredicate": null
    },
    {
      "id": "IDLE_30",
      "execute": "IDLE",
      "after": "1000",
      "priority": 0,
      "additionalGuards": null,
      "activationKind": null,
      "fixedVariables": {
        "Crash": "FALSE",
        "VehiclesAy": "{(EgoVehicle↦0.0),(Vehicles2↦0.0),(Vehicles3↦0.0),(Vehicles4↦0.0),(Vehicles5↦0.0)}",
        "Reward": "0.8643544626784294",
        "VehiclesAx": "{(EgoVehicle↦0.5717277526855469),(Vehicles2↦-0.5201524496078491),(Vehicles3↦-0.5658763647079468),(Vehicles4↦-0.5699935555458069),(Vehicles5↦-0.523790717124939)}",
        "VehiclesVx": "{(EgoVehicle↦24.913291931152344),(Vehicles2↦-6.115877628326416),(Vehicles3↦-4.264006614685059),(Vehicles4↦-2.8869953751564026),(Vehicles5↦-5.795435309410095)}",
        "VehiclesY": "{(EgoVehicle↦8.000000238418579),(Vehicles2↦-8.000000238418579),(Vehicles3↦-4.0000001192092896),(Vehicles4↦-1.3322676295501878E-15),(Vehicles5↦-8.000000238418579)}",
        "VehiclesVy": "{(EgoVehicle↦0.0),(Vehicles2↦0.0),(Vehicles3↦0.0),(Vehicles4↦0.0),(Vehicles5↦0.0)}",
        "VehiclesX": "{(EgoVehicle↦200.0),(Vehicles2↦4.139049723744392),(Vehicles3↦14.642789959907532),(Vehicles4↦44.98218297958374),(Vehicles5↦55.12692928314209)}"
      },
      "probabilisticVariables": null,
      "activating": [
        "IDLE_31"
      ],
      "activatingOnlyWhenExecuted": true,
      "updating": null,
      "withPredicate": null
    },
    {
      "id": "IDLE_31",
      "execute": "IDLE",
      "after": "1000",
      "priority": 0,
      "additionalGuards": null,
      "activationKind": null,
      "fixedVariables": {
        "Crash": "FALSE",
        "VehiclesAy": "{(EgoVehicle↦0.0),(Vehicles2↦0.0),(Vehicles3↦0.0),(Vehicles4↦0.0),(Vehicles5↦0.0)}",
        "Reward": "0.8663621788986684",
        "VehiclesAx": "{(EgoVehicle↦0.07529020309448242),(Vehicles2↦-0.025546550750732422),(Vehicles3↦-0.06978124380111694),(Vehicles4↦-0.07370650768280029),(Vehicles5↦-0.03010272979736328)}",
        "VehiclesVx": "{(EgoVehicle↦24.988582134246826),(Vehicles2↦-6.141424179077148),(Vehicles3↦-4.3337878584861755),(Vehicles4↦-2.960701882839203),(Vehicles5↦-5.8255380392074585)}",
        "VehiclesY": "{(EgoVehicle↦8.000000238418579),(Vehicles2↦-8.000000238418579),(Vehicles3↦-4.0000001192092896),(Vehicles4↦-1.3322676295501878E-15),(Vehicles5↦-8.000000238418579)}",
        "VehiclesVy": "{(EgoVehicle↦0.0),(Vehicles2↦0.0),(Vehicles3↦0.0),(Vehicles4↦0.0),(Vehicles5↦0.0)}",
        "VehiclesX": "{(EgoVehicle↦200.0),(Vehicles2↦-1.998317427933216),(Vehicles3↦10.33947765827179),(Vehicles4↦42.054298520088196),(Vehicles5↦49.30824637413025)}"
      },
      "probabilisticVariables": null,
      "activating": [
        "IDLE_32"
      ],
      "activatingOnlyWhenExecuted": true,
      "updating": null,
      "withPredicate": null
    },
    {
      "id": "IDLE_32",
      "execute": "IDLE",
      "after": "1000",
      "priority": 0,
      "additionalGuards": null,
      "activationKind": null,
      "fixedVariables": {
        "Crash": "FALSE",
        "VehiclesAy": "{(EgoVehicle↦0.0),(Vehicles2↦0.0),(Vehicles3↦0.0),(Vehicles4↦0.0),(Vehicles5↦0.0)}",
        "Reward": "0.8666265695120332",
        "VehiclesAx": "{(EgoVehicle↦0.009913444519042969),(Vehicles2↦1.8029394745826721),(Vehicles3↦-1.7696508765220642),(Vehicles4↦-0.00847846269607544),(Vehicles5↦0.032776594161987305)}",
        "VehiclesVx": "{(EgoVehicle↦24.99849557876587),(Vehicles2↦-4.338484704494476),(Vehicles3↦-6.10343873500824),(Vehicles4↦-2.9691803455352783),(Vehicles5↦-5.792761445045471)}",
        "VehiclesY": "{(EgoVehicle↦8.000000238418579),(Vehicles2↦-4.0000001192092896),(Vehicles3↦-8.000000238418579),(Vehicles4↦-1.3322676295501878E-15),(Vehicles5↦-8.000000238418579)}",
        "VehiclesVy": "{(EgoVehicle↦0.0),(Vehicles2↦0.0),(Vehicles3↦0.0),(Vehicles4↦0.0),(Vehicles5↦0.0)}",
        "VehiclesX": "{(EgoVehicle↦200.0),(Vehicles2↦6.002328544855118),(Vehicles3↦-8.125904202461243),(Vehicles4↦39.08871412277222),(Vehicles5↦43.49450469017029)}"
      },
      "probabilisticVariables": null,
      "activating": [
        "IDLE_33"
      ],
      "activatingOnlyWhenExecuted": true,
      "updating": null,
      "withPredicate": null
    },
    {
      "id": "IDLE_33",
      "execute": "IDLE",
      "after": "1000",
      "priority": 0,
      "additionalGuards": null,
      "activationKind": null,
      "fixedVariables": {
        "Crash": "FALSE",
        "VehiclesAy": "{(EgoVehicle↦0.0),(Vehicles2↦0.0),(Vehicles3↦0.0),(Vehicles4↦0.0),(Vehicles5↦0.0)}",
        "Reward": "0.8666613863829289",
        "VehiclesAx": "{(EgoVehicle↦0.0013065338134765625),(Vehicles2↦0.003669261932373047),(Vehicles3↦3.1342479586601257),(Vehicles4↦-2.784467339515686),(Vehicles5↦1.6056010127067566)}",
        "VehiclesVx": "{(EgoVehicle↦24.999802112579346),(Vehicles2↦-4.334815442562103),(Vehicles3↦-2.969190776348114),(Vehicles4↦-5.753647685050964),(Vehicles5↦-4.187160432338715)}",
        "VehiclesY": "{(EgoVehicle↦8.000000238418579),(Vehicles2↦-4.0000001192092896),(Vehicles3↦-1.3322676295501878E-15),(Vehicles4↦-8.000000238418579),(Vehicles5↦-4.0000001192092896)}",
        "VehiclesVy": "{(EgoVehicle↦0.0),(Vehicles2↦0.0),(Vehicles3↦0.0),(Vehicles4↦0.0),(Vehicles5↦0.0)}",
        "VehiclesX": "{(EgoVehicle↦200.0),(Vehicles2↦1.665131188929081),(Vehicles3↦36.11934185028076),(Vehicles4↦37.717366218566895),(Vehicles5↦81.35682940483093)}"
      },
      "probabilisticVariables": null,
      "activating": [
        "IDLE_34"
      ],
      "activatingOnlyWhenExecuted": true,
      "updating": null,
      "withPredicate": null
    },
    {
      "id": "IDLE_34",
      "execute": "IDLE",
      "after": "1000",
      "priority": 0,
      "additionalGuards": null,
      "activationKind": null,
      "fixedVariables": {
        "Crash": "FALSE",
        "VehiclesAy": "{(EgoVehicle↦0.0),(Vehicles2↦0.0),(Vehicles3↦0.0),(Vehicles4↦0.0),(Vehicles5↦0.0)}",
        "Reward": "0.86666597132066",
        "VehiclesAx": "{(EgoVehicle↦0.000171661376953125),(Vehicles2↦0.00460207462310791),(Vehicles3↦-2.746281325817108),(Vehicles4↦2.785443961620331),(Vehicles5↦-0.003101825714111328)}",
        "VehiclesVx": "{(EgoVehicle↦24.9999737739563),(Vehicles2↦-4.330213367938995),(Vehicles3↦-5.715472102165222),(Vehicles4↦-2.9682037234306335),(Vehicles5↦-4.190262258052826)}",
        "VehiclesY": "{(EgoVehicle↦8.000000238418579),(Vehicles2↦-4.0000001192092896),(Vehicles3↦-8.000000238418579),(Vehicles4↦-1.3322676295501878E-15),(Vehicles5↦-4.0000001192092896)}",
        "VehiclesVy": "{(EgoVehicle↦0.0),(Vehicles2↦0.0),(Vehicles3↦0.0),(Vehicles4↦0.0),(Vehicles5↦0.0)}",
        "VehiclesX": "{(EgoVehicle↦200.0),(Vehicles2↦-2.6678549125790596),(Vehicles3↦31.979119777679443),(Vehicles4↦33.150532841682434),(Vehicles5↦77.16832756996155)}"
      },
      "probabilisticVariables": null,
      "activating": [
        "SLOWER_35"
      ],
      "activatingOnlyWhenExecuted": true,
      "updating": null,
      "withPredicate": null
    },
    {
      "id": "SLOWER_35",
      "execute": "SLOWER",
      "after": "1000",
      "priority": 0,
      "additionalGuards": null,
      "activationKind": null,
      "fixedVariables": {
        "Crash": "FALSE",
        "VehiclesAy": "{(EgoVehicle↦0.0),(Vehicles2↦0.0),(Vehicles3↦0.0),(Vehicles4↦0.0),(Vehicles5↦0.0)}",
        "Reward": "0.7508915408049154",
        "VehiclesAx": "{(EgoVehicle↦-4.341540336608887),(Vehicles2↦4.34615068603307),(Vehicles3↦4.3779924511909485),(Vehicles4↦4.342569708824158),(Vehicles5↦4.339514132589102)}",
        "VehiclesVx": "{(EgoVehicle↦20.658433437347412),(Vehicles2↦0.015937318094074726),(Vehicles3↦-1.3374796509742737),(Vehicles4↦1.3743659853935242),(Vehicles5↦0.14925187453627586)}",
        "VehiclesY": "{(EgoVehicle↦8.000000238418579),(Vehicles2↦-4.0000001192092896),(Vehicles3↦-8.000000238418579),(Vehicles4↦-1.3322676295501878E-15),(Vehicles5↦-4.0000001192092896)}",
        "VehiclesVy": "{(EgoVehicle↦0.0),(Vehicles2↦0.0),(Vehicles3↦0.0),(Vehicles4↦0.0),(Vehicles5↦0.0)}",
        "VehiclesX": "{(EgoVehicle↦200.0),(Vehicles2↦-4.601163417100906),(Vehicles3↦28.67342233657837),(Vehicles4↦32.57779777050018),(Vehicles5↦75.37223696708679)}"
      },
      "probabilisticVariables": null,
      "activating": [
        "IDLE_36"
      ],
      "activatingOnlyWhenExecuted": true,
      "updating": null,
      "withPredicate": null
    },
    {
      "id": "IDLE_36",
      "execute": "IDLE",
      "after": "1000",
      "priority": 0,
      "additionalGuards": null,
      "activationKind": null,
      "fixedVariables": {
        "Crash": "FALSE",
        "VehiclesAy": "{(EgoVehicle↦0.0),(Vehicles2↦0.0),(Vehicles3↦0.0),(Vehicles4↦0.0),(Vehicles5↦0.0)}",
        "Reward": "0.7356455252637474",
        "VehiclesAx": "{(EgoVehicle↦-0.5717253684997559),(Vehicles2↦0.5762028647586703),(Vehicles3↦0.6064382195472717),(Vehicles4↦0.5726280808448792),(Vehicles5↦0.5705343373119831)}",
        "VehiclesVx": "{(EgoVehicle↦20.086708068847656),(Vehicles2↦0.5921401828527451),(Vehicles3↦-0.731041431427002),(Vehicles4↦1.9469940662384033),(Vehicles5↦0.719786211848259)}",
        "VehiclesY": "{(EgoVehicle↦8.000000238418579),(Vehicles2↦-4.0000001192092896),(Vehicles3↦-8.000000238418579),(Vehicles4↦-1.3322676295501878E-15),(Vehicles5↦-4.0000001192092896)}",
        "VehiclesVy": "{(EgoVehicle↦0.0),(Vehicles2↦0.0),(Vehicles3↦0.0),(Vehicles4↦0.0),(Vehicles5↦0.0)}",
        "VehiclesX": "{(EgoVehicle↦200.0),(Vehicles2↦-4.26802821457386),(Vehicles3↦27.665358781814575),(Vehicles4↦34.267932176589966),(Vehicles5↦75.8363425731659)}"
      },
      "probabilisticVariables": null,
      "activating": [
        "IDLE_37"
      ],
      "activatingOnlyWhenExecuted": true,
      "updating": null,
      "withPredicate": null
    },
    {
      "id": "IDLE_37",
      "execute": "IDLE",
      "after": "1000",
      "priority": 0,
      "additionalGuards": null,
      "activationKind": null,
      "fixedVariables": {
        "Crash": "FALSE",
        "VehiclesAy": "{(EgoVehicle↦0.0),(Vehicles2↦0.0),(Vehicles3↦0.0),(Vehicles4↦0.0),(Vehicles5↦0.0)}",
        "Reward": "0.7336378195134703",
        "VehiclesAx": "{(EgoVehicle↦-0.07529020309448242),(Vehicles2↦0.07966212928295135),(Vehicles3↦0.10840289294719696),(Vehicles4↦0.07607027888298035),(Vehicles5↦0.07486842572689056)}",
        "VehiclesVx": "{(EgoVehicle↦20.011417865753174),(Vehicles2↦0.6718023121356964),(Vehicles3↦-0.622638538479805),(Vehicles4↦2.0230643451213837),(Vehicles5↦0.7946546375751495)}",
        "VehiclesY": "{(EgoVehicle↦8.000000238418579),(Vehicles2↦-4.0000001192092896),(Vehicles3↦-8.000000238418579),(Vehicles4↦-1.3322676295501878E-15),(Vehicles5↦-4.0000001192092896)}",
        "VehiclesVy": "{(EgoVehicle↦0.0),(Vehicles2↦0.0),(Vehicles3↦0.0),(Vehicles4↦0.0),(Vehicles5↦0.0)}",
        "VehiclesX": "{(EgoVehicle↦200.0),(Vehicles2↦-3.6325976252555847),(Vehicles3↦26.989218592643738),(Vehicles4↦36.256784200668335),(Vehicles5↦76.59743428230286)}"
      },
      "probabilisticVariables": null,
      "activating": [
        "IDLE_38"
      ],
      "activatingOnlyWhenExecuted": true,
      "updating": null,
      "withPredicate": null
    },
    {
      "id": "IDLE_38",
      "execute": "IDLE",
      "after": "1000",
      "priority": 0,
      "additionalGuards": null,
      "activationKind": null,
      "fixedVariables": {
        "Crash": "FALSE",
        "VehiclesAy": "{(EgoVehicle↦0.0),(Vehicles2↦0.0),(Vehicles3↦0.0),(Vehicles4↦0.0),(Vehicles5↦0.0)}",
        "Reward": "0.7333734302788657",
        "VehiclesAx": "{(EgoVehicle↦-0.009913444519042969),(Vehicles2↦0.014208108186721802),(Vehicles3↦0.04155520349740982),(Vehicles4↦0.010579228401184082),(Vehicles5↦0.010202601552009583)}",
        "VehiclesVx": "{(EgoVehicle↦20.00150442123413),(Vehicles2↦0.6860104203224182),(Vehicles3↦-0.5810833349823952),(Vehicles4↦2.0336435735225677),(Vehicles5↦0.8048572391271591)}",
        "VehiclesY": "{(EgoVehicle↦8.000000238418579),(Vehicles2↦-4.0000001192092896),(Vehicles3↦-8.000000238418579),(Vehicles4↦-1.3322676295501878E-15),(Vehicles5↦-4.0000001192092896)}",
        "VehiclesVy": "{(EgoVehicle↦0.0),(Vehicles2↦0.0),(Vehicles3↦0.0),(Vehicles4↦0.0),(Vehicles5↦0.0)}",
        "VehiclesX": "{(EgoVehicle↦200.0),(Vehicles2↦-2.953603118658066),(Vehicles3↦26.38481855392456),(Vehicles4↦38.28559219837189),(Vehicles5↦77.397620677948)}"
      },
      "probabilisticVariables": null,
      "activating": [
        "IDLE_39"
      ],
      "activatingOnlyWhenExecuted": true,
      "updating": null,
      "withPredicate": null
    },
    {
      "id": "IDLE_39",
      "execute": "IDLE",
      "after": "1000",
      "priority": 0,
      "additionalGuards": null,
      "activationKind": null,
      "fixedVariables": {
        "Crash": "FALSE",
        "VehiclesAy": "{(EgoVehicle↦0.0),(Vehicles2↦0.0),(Vehicles3↦0.0),(Vehicles4↦0.0),(Vehicles5↦0.0)}",
        "Reward": "0.7333386135895351",
        "VehiclesAx": "{(EgoVehicle↦-0.0013065338134765625),(Vehicles2↦0.005540624260902405),(Vehicles3↦0.03158539533615112),(Vehicles4↦0.0018581748008728027),(Vehicles5↦0.0022430717945098877)}",
        "VehiclesVx": "{(EgoVehicle↦20.000197887420654),(Vehicles2↦0.6915510445833206),(Vehicles3↦-0.549497939646244),(Vehicles4↦2.0355017483234406),(Vehicles5↦0.807100310921669)}",
        "VehiclesY": "{(EgoVehicle↦8.000000238418579),(Vehicles2↦-4.0000001192092896),(Vehicles3↦-8.000000238418579),(Vehicles4↦-1.3322676295501878E-15),(Vehicles5↦-4.0000001192092896)}",
        "VehiclesVy": "{(EgoVehicle↦0.0),(Vehicles2↦0.0),(Vehicles3↦0.0),(Vehicles4↦0.0),(Vehicles5↦0.0)}",
        "VehiclesX": "{(EgoVehicle↦200.0),(Vehicles2↦-2.265174500644207),(Vehicles3↦25.816673040390015),(Vehicles4↦40.32018482685089),(Vehicles5↦78.2035231590271)}"
      },
      "probabilisticVariables": null,
      "activating": [
        "IDLE_40"
      ],
      "activatingOnlyWhenExecuted": true,
      "updating": null,
      "withPredicate": null
    },
    {
      "id": "IDLE_40",
      "execute": "IDLE",
      "after": "1000",
      "priority": 0,
      "additionalGuards": null,
      "activationKind": null,
      "fixedVariables": {
        "Crash": "FALSE",
        "VehiclesAy": "{(EgoVehicle↦0.0),(Vehicles2↦0.0),(Vehicles3↦0.0),(Vehicles4↦0.0),(Vehicles5↦0.0)}",
        "Reward": "0.7333340286757138",
        "VehiclesAx": "{(EgoVehicle↦-0.000171661376953125),(Vehicles2↦0.004366859793663025),(Vehicles3↦0.02919211983680725),(Vehicles4↦0.0006163120269775391),(Vehicles5↦0.0017027556896209717)}",
        "VehiclesVx": "{(EgoVehicle↦20.0000262260437),(Vehicles2↦0.6959179043769836),(Vehicles3↦-0.5203058198094368),(Vehicles4↦2.036118060350418),(Vehicles5↦0.80880306661129)}",
        "VehiclesY": "{(EgoVehicle↦8.000000238418579),(Vehicles2↦-4.0000001192092896),(Vehicles3↦-8.000000238418579),(Vehicles4↦-1.3322676295501878E-15),(Vehicles5↦-4.0000001192092896)}",
        "VehiclesVy": "{(EgoVehicle↦0.0),(Vehicles2↦0.0),(Vehicles3↦0.0),(Vehicles4↦0.0),(Vehicles5↦0.0)}",
        "VehiclesX": "{(EgoVehicle↦200.0),(Vehicles2↦-1.5718480572104454),(Vehicles3↦25.278976559638977),(Vehicles4↦42.3559695482254),(Vehicles5↦79.0112853050232)}"
      },
      "probabilisticVariables": null,
      "activating": [
        "IDLE_41"
      ],
      "activatingOnlyWhenExecuted": true,
      "updating": null,
      "withPredicate": null
    },
    {
      "id": "IDLE_41",
      "execute": "IDLE",
      "after": "1000",
      "priority": 0,
      "additionalGuards": null,
      "activationKind": null,
      "fixedVariables": {
        "Crash": "FALSE",
        "VehiclesAy": "{(EgoVehicle↦0.0),(Vehicles2↦0.0),(Vehicles3↦0.0),(Vehicles4↦0.0),(Vehicles5↦0.0)}",
        "Reward": "0.7333334249010542",
        "VehiclesAx": "{(EgoVehicle↦-2.384185791015625E-05),(Vehicles2↦0.004192963242530823),(Vehicles3↦0.027874447405338287),(Vehicles4↦0.00036343932151794434),(Vehicles5↦0.002093687653541565)}",
        "VehiclesVx": "{(EgoVehicle↦20.00000238418579),(Vehicles2↦0.7001108676195145),(Vehicles3↦-0.4924313724040985),(Vehicles4↦2.036481499671936),(Vehicles5↦0.8108967542648315)}",
        "VehiclesY": "{(EgoVehicle↦8.000000238418579),(Vehicles2↦-4.0000001192092896),(Vehicles3↦-8.000000238418579),(Vehicles4↦-1.3322676295501878E-15),(Vehicles5↦-4.0000001192092896)}",
        "VehiclesVy": "{(EgoVehicle↦0.0),(Vehicles2↦0.0),(Vehicles3↦0.0),(Vehicles4↦0.0),(Vehicles5↦0.0)}",
        "VehiclesX": "{(EgoVehicle↦200.0),(Vehicles2↦-0.8742482401430607),(Vehicles3↦24.769912660121918),(Vehicles4↦44.39224302768707),(Vehicles5↦79.82088923454285)}"
      },
      "probabilisticVariables": null,
      "activating": [
        "IDLE_42"
      ],
      "activatingOnlyWhenExecuted": true,
      "updating": null,
      "withPredicate": null
    },
    {
      "id": "IDLE_42",
      "execute": "IDLE",
      "after": "1000",
      "priority": 0,
      "additionalGuards": null,
      "activationKind": null,
      "fixedVariables": {
        "Crash": "FALSE",
        "VehiclesAy": "{(EgoVehicle↦0.0),(Vehicles2↦0.0),(Vehicles3↦0.0),(Vehicles4↦0.0),(Vehicles5↦0.0)}",
        "Reward": "0.733333345391634",
        "VehiclesAx": "{(EgoVehicle↦-2.384185791015625E-06),(Vehicles2↦0.004162266850471497),(Vehicles3↦0.026768818497657776),(Vehicles4↦0.00024378299713134766),(Vehicles5↦0.002564564347267151)}",
        "VehiclesVx": "{(EgoVehicle↦20.0),(Vehicles2↦0.704273134469986),(Vehicles3↦-0.46566255390644073),(Vehicles4↦2.0367252826690674),(Vehicles5↦0.8134613186120987)}",
        "VehiclesY": "{(EgoVehicle↦8.000000238418579),(Vehicles2↦-4.0000001192092896),(Vehicles3↦-8.000000238418579),(Vehicles4↦-1.3322676295501878E-15),(Vehicles5↦-4.0000001192092896)}",
        "VehiclesVy": "{(EgoVehicle↦0.0),(Vehicles2↦0.0),(Vehicles3↦0.0),(Vehicles4↦0.0),(Vehicles5↦0.0)}",
        "VehiclesX": "{(EgoVehicle↦200.0),(Vehicles2↦-0.17247159266844392),(Vehicles3↦24.288272857666016),(Vehicles4↦46.42882943153381),(Vehicles5↦80.6327760219574)}"
      },
      "probabilisticVariables": null,
      "activating": [
        "FASTER_43"
      ],
      "activatingOnlyWhenExecuted": true,
      "updating": null,
      "withPredicate": null
    },
    {
      "id": "FASTER_43",
      "execute": "FASTER",
      "after": "1000",
      "priority": 0,
      "additionalGuards": null,
      "activationKind": null,
      "fixedVariables": {
        "Crash": "FALSE",
        "VehiclesAy": "{(EgoVehicle↦0.0),(Vehicles2↦0.0),(Vehicles3↦0.0),(Vehicles4↦0.0),(Vehicles5↦0.0)}",
        "Reward": "0.8491083692148106",
        "VehiclesAx": "{(EgoVehicle↦4.341564178466797),(Vehicles2↦-4.33740422129631),(Vehicles3↦-4.315808936953545),(Vehicles4↦-4.341418445110321),(Vehicles5↦-4.338558092713356)}",
        "VehiclesVx": "{(EgoVehicle↦24.341564178466797),(Vehicles2↦-3.6331310868263245),(Vehicles3↦-4.781471490859985),(Vehicles4↦-2.3046931624412537),(Vehicles5↦-3.5250967741012573)}",
        "VehiclesY": "{(EgoVehicle↦8.000000238418579),(Vehicles2↦-4.0000001192092896),(Vehicles3↦-8.000000238418579),(Vehicles4↦-1.3322676295501878E-15),(Vehicles5↦-4.0000001192092896)}",
        "VehiclesVy": "{(EgoVehicle↦0.0),(Vehicles2↦0.0),(Vehicles3↦0.0),(Vehicles4↦0.0),(Vehicles5↦0.0)}",
        "VehiclesX": "{(EgoVehicle↦200.0),(Vehicles2↦-1.861596666276455),(Vehicles3↦21.437929570674896),(Vehicles4↦46.070560812950134),(Vehicles5↦79.05234098434448)}"
      },
      "probabilisticVariables": null,
      "activating": [
        "FASTER_44"
      ],
      "activatingOnlyWhenExecuted": true,
      "updating": null,
      "withPredicate": null
    },
    {
      "id": "FASTER_44",
      "execute": "FASTER",
      "after": "1000",
      "priority": 0,
      "additionalGuards": null,
      "activationKind": null,
      "fixedVariables": {
        "Crash": "FALSE",
        "VehiclesAy": "{(EgoVehicle↦0.0),(Vehicles2↦0.0),(Vehicles3↦0.0),(Vehicles4↦0.0),(Vehicles5↦0.0)}",
        "Reward": "0.9801294971805512",
        "VehiclesAx": "{(EgoVehicle↦4.913291931152344),(Vehicles2↦-4.909123480319977),(Vehicles3↦-4.88848090171814),(Vehicles4↦-4.9132391810417175),(Vehicles5↦-5.92131495475769)}",
        "VehiclesVx": "{(EgoVehicle↦29.25485610961914),(Vehicles2↦-8.542254567146301),(Vehicles3↦-9.669952392578125),(Vehicles4↦-7.217932343482971),(Vehicles5↦-9.446411728858948)}",
        "VehiclesY": "{(EgoVehicle↦8.000000238418579),(Vehicles2↦-4.0000001192092896),(Vehicles3↦-8.000000238418579),(Vehicles4↦-1.3322676295501878E-15),(Vehicles5↦-8.000000238418579)}",
        "VehiclesVy": "{(EgoVehicle↦0.0),(Vehicles2↦0.0),(Vehicles3↦0.0),(Vehicles4↦0.0),(Vehicles5↦0.0)}",
        "VehiclesX": "{(EgoVehicle↦200.0),(Vehicles2↦-8.203522115945816),(Vehicles3↦13.955993950366974),(Vehicles4↦41.05543494224548),(Vehicles5↦71.83550000190735)}"
      },
      "probabilisticVariables": null,
      "activating": [
        "SLOWER_45"
      ],
      "activatingOnlyWhenExecuted": true,
      "updating": null,
      "withPredicate": null
    },
    {
      "id": "SLOWER_45",
      "execute": "SLOWER",
      "after": "1000",
      "priority": 0,
      "additionalGuards": null,
      "activationKind": null,
      "fixedVariables": {
        "Crash": "FALSE",
        "VehiclesAy": "{(EgoVehicle↦0.0),(Vehicles2↦0.0),(Vehicles3↦0.0),(Vehicles4↦0.0),(Vehicles5↦0.0)}",
        "Reward": "0.881608273977137",
        "VehiclesAx": "{(EgoVehicle↦-3.6945462226867676),(Vehicles2↦2.5907766819000244),(Vehicles3↦6.146530210971832),(Vehicles4↦1.48442804813385),(Vehicles5↦4.7097378969192505)}",
        "VehiclesVx": "{(EgoVehicle↦25.560309886932373),(Vehicles2↦-5.951477885246277),(Vehicles3↦-3.5234221816062927),(Vehicles4↦-5.733504295349121),(Vehicles5↦-4.736673831939697)}",
        "VehiclesY": "{(EgoVehicle↦8.000000238418579),(Vehicles2↦-8.000000238418579),(Vehicles3↦-1.3322676295501878E-15),(Vehicles4↦-8.000000238418579),(Vehicles5↦-4.0000001192092896)}",
        "VehiclesVy": "{(EgoVehicle↦0.0),(Vehicles2↦0.0),(Vehicles3↦0.0),(Vehicles4↦0.0),(Vehicles5↦0.0)}",
        "VehiclesX": "{(EgoVehicle↦200.0),(Vehicles2↦6.333810091018677),(Vehicles3↦35.87562143802643),(Vehicles4↦64.43460583686829),(Vehicles5↦66.42273664474487)}"
      },
      "probabilisticVariables": null,
      "activating": [
        "IDLE_46"
      ],
      "activatingOnlyWhenExecuted": true,
      "updating": null,
      "withPredicate": null
    },
    {
      "id": "IDLE_46",
      "execute": "IDLE",
      "after": "1000",
      "priority": 0,
      "additionalGuards": null,
      "activationKind": null,
      "fixedVariables": {
        "Crash": "FALSE",
        "VehiclesAy": "{(EgoVehicle↦0.0),(Vehicles2↦0.0),(Vehicles3↦0.0),(Vehicles4↦0.0),(Vehicles5↦0.0)}",
        "Reward": "0.8686342857363583",
        "VehiclesAx": "{(EgoVehicle↦-0.4865241050720215),(Vehicles2↦0.5096280574798584),(Vehicles3↦0.4864040017127991),(Vehicles4↦0.5043506622314453),(Vehicles5↦0.4906100034713745)}",
        "VehiclesVx": "{(EgoVehicle↦25.07378578186035),(Vehicles2↦-5.4418498277664185),(Vehicles3↦-3.0370181798934937),(Vehicles4↦-5.229153633117676),(Vehicles5↦-4.246063828468323)}",
        "VehiclesY": "{(EgoVehicle↦8.000000238418579),(Vehicles2↦-8.000000238418579),(Vehicles3↦-1.3322676295501878E-15),(Vehicles4↦-8.000000238418579),(Vehicles5↦-4.0000001192092896)}",
        "VehiclesVy": "{(EgoVehicle↦0.0),(Vehicles2↦0.0),(Vehicles3↦0.0),(Vehicles4↦0.0),(Vehicles5↦0.0)}",
        "VehiclesX": "{(EgoVehicle↦200.0),(Vehicles2↦0.6600329652428627),(Vehicles3↦32.62055516242981),(Vehicles4↦58.97666811943054),(Vehicles5↦61.956071853637695)}"
      },
      "probabilisticVariables": null,
      "activating": [
        "LANE_LEFT_47"
      ],
      "activatingOnlyWhenExecuted": true,
      "updating": null,
      "withPredicate": null
    },
    {
      "id": "LANE_LEFT_47",
      "execute": "LANE_LEFT",
      "after": "1000",
      "priority": 0,
      "additionalGuards": null,
      "activationKind": null,
      "fixedVariables": {
        "Crash": "FALSE",
        "VehiclesAy": "{(EgoVehicle↦-1.0810094326734543),(Vehicles2↦1.0810094326734543),(Vehicles3↦1.0810094326734543),(Vehicles4↦1.0810094326734543),(Vehicles5↦1.0810094326734543)}",
        "Reward": "0.8329691511225601",
        "VehiclesAx": "{(EgoVehicle↦-0.08744239807128906),(Vehicles2↦0.10977089405059814),(Vehicles3↦0.08724063634872437),(Vehicles4↦0.10476469993591309),(Vehicles5↦0.09181380271911621)}",
        "VehiclesVx": "{(EgoVehicle↦24.986343383789062),(Vehicles2↦-5.33207893371582),(Vehicles3↦-2.9497775435447693),(Vehicles4↦-5.124388933181763),(Vehicles5↦-4.1542500257492065)}",
        "VehiclesY": "{(EgoVehicle↦4.340575218200684),(Vehicles2↦-4.340575218200684),(Vehicles3↦3.659424662590027),(Vehicles4↦-4.340575218200684),(Vehicles5↦-0.3405751883983612)}",
        "VehiclesVy": "{(EgoVehicle↦-1.0810094326734543),(Vehicles2↦1.0810094326734543),(Vehicles3↦1.0810094326734543),(Vehicles4↦1.0810094326734543),(Vehicles5↦1.0810094326734543)}",
        "VehiclesX": "{(EgoVehicle↦200.0),(Vehicles2↦-4.418415203690529),(Vehicles3↦29.937872290611267),(Vehicles4↦54.10889387130737),(Vehicles5↦58.0661416053772)}"
      },
      "probabilisticVariables": null,
      "activating": [
        "IDLE_48"
      ],
      "activatingOnlyWhenExecuted": true,
      "updating": null,
      "withPredicate": null
    },
    {
      "id": "IDLE_48",
      "execute": "IDLE",
      "after": "1000",
      "priority": 0,
      "additionalGuards": null,
      "activationKind": null,
      "fixedVariables": {
        "Crash": "FALSE",
        "VehiclesAy": "{(EgoVehicle↦1.042828292120248),(Vehicles2↦-1.042828292120248),(Vehicles3↦-1.042828292120248),(Vehicles4↦-1.042828292120248),(Vehicles5↦1.1191905732266605)}",
        "Reward": "0.8333666774045742",
        "VehiclesAx": "{(EgoVehicle↦0.014905929565429688),(Vehicles2↦0.006693601608276367),(Vehicles3↦-0.015187263488769531),(Vehicles4↦0.0019371509552001953),(Vehicles5↦-0.010282695293426514)}",
        "VehiclesVx": "{(EgoVehicle↦25.001249313354492),(Vehicles2↦-5.325385332107544),(Vehicles3↦-2.964964807033539),(Vehicles4↦-5.1224517822265625),(Vehicles5↦-4.164532721042633)}",
        "VehiclesY": "{(EgoVehicle↦4.011521100997925),(Vehicles2↦-4.011521100997925),(Vehicles3↦3.9884787797927856),(Vehicles4↦-4.011521100997925),(Vehicles5↦-0.011521206703037024)}",
        "VehiclesVy": "{(EgoVehicle↦-0.038181140553206205),(Vehicles2↦0.038181140553206205),(Vehicles3↦0.038181140553206205),(Vehicles4↦0.038181140553206205),(Vehicles5↦0.038181140553206205)}",
        "VehiclesX": "{(EgoVehicle↦200.0),(Vehicles2↦-9.756799042224884),(Vehicles3↦26.9729882478714),(Vehicles4↦48.97627532482147),(Vehicles5↦53.89872193336487)}"
      },
      "probabilisticVariables": null,
      "activating": [
        "SLOWER_49"
      ],
      "activatingOnlyWhenExecuted": true,
      "updating": null,
      "withPredicate": null
    },
    {
      "id": "SLOWER_49",
      "execute": "SLOWER",
      "after": "1000",
      "priority": 0,
      "additionalGuards": null,
      "activationKind": null,
      "fixedVariables": {
        "Crash": "FALSE",
        "VehiclesAy": "{(EgoVehicle↦0.03660972331999801),(Vehicles2↦-0.03660972331999801),(Vehicles3↦-0.03660972331999801),(Vehicles4↦-0.03660972331999801),(Vehicles5↦0.0397525577864144)}",
        "Reward": "0.7175627908155705",
        "VehiclesAx": "{(EgoVehicle↦-4.342644214630127),(Vehicles2↦6.70271173119545),(Vehicles3↦2.201552093029022),(Vehicles4↦5.305412635207176),(Vehicles5↦3.5558513924479485)}",
        "VehiclesVx": "{(EgoVehicle↦20.658605098724365),(Vehicles2↦1.3773263990879059),(Vehicles3↦-0.7634127140045166),(Vehicles4↦0.1829608529806137),(Vehicles5↦-0.6086813285946846)}",
        "VehiclesY": "{(EgoVehicle↦4.0005433559417725),(Vehicles2↦3.9994568824768066),(Vehicles3↦-4.0005433559417725),(Vehicles4↦-0.0005432626203401014),(Vehicles5↦-4.0005433559417725)}",
        "VehiclesVy": "{(EgoVehicle↦-0.0015714172332081944),(Vehicles2↦0.0015714172332081944),(Vehicles3↦0.0015714172332081944),(Vehicles4↦0.0015714172332081944),(Vehicles5↦0.0015714172332081944)}",
        "VehiclesX": "{(EgoVehicle↦200.0),(Vehicles2↦26.403537392616272),(Vehicles3↦46.25606834888458),(Vehicles4↦52.13176608085632),(Vehicles5↦106.12010955810547)}"
      },
      "probabilisticVariables": null,
      "activating": [
        "FASTER_50"
      ],
      "activatingOnlyWhenExecuted": true,
      "updating": null,
      "withPredicate": null
    },
    {
      "id": "FASTER_50",
      "execute": "FASTER",
      "after": "1000",
      "priority": 0,
      "additionalGuards": null,
      "activationKind": null,
      "fixedVariables": {
        "Crash": "FALSE",
        "VehiclesAy": "{(EgoVehicle↦0.0014954029893488041),(Vehicles2↦-0.0014954029893488041),(Vehicles3↦-0.0014954029893488041),(Vehicles4↦-0.0014954029893488041),(Vehicles5↦0.0016474314770675846)}",
        "Reward": "0.8180878299986225",
        "VehiclesAx": "{(EgoVehicle↦3.769688606262207),(Vehicles2↦-3.770115077495575),(Vehicles3↦-3.753724694252014),(Vehicles4↦-3.764645680785179),(Vehicles5↦-3.7567393109202385)}",
        "VehiclesVx": "{(EgoVehicle↦24.428293704986572),(Vehicles2↦-2.392788678407669),(Vehicles3↦-4.517137408256531),(Vehicles4↦-3.5816848278045654),(Vehicles5↦-4.365420639514923)}",
        "VehiclesY": "{(EgoVehicle↦4.000023007392883),(Vehicles2↦3.999976873397827),(Vehicles3↦-4.000023007392883),(Vehicles4↦-2.2973896193434484E-05),(Vehicles5↦-4.000023007392883)}",
        "VehiclesVy": "{(EgoVehicle↦-7.601424385939026E-05),(Vehicles2↦7.601424385939026E-05),(Vehicles3↦7.601424385939026E-05),(Vehicles4↦7.601424385939026E-05),(Vehicles5↦7.601424385939026E-05)}",
        "VehiclesX": "{(EgoVehicle↦200.0),(Vehicles2↦25.701117515563965),(Vehicles3↦43.41949224472046),(Vehicles4↦50.23714303970337),(Vehicles5↦103.43705415725708)}"
      },
      "probabilisticVariables": null,
      "activating": [
        "IDLE_51"
      ],
      "activatingOnlyWhenExecuted": true,
      "updating": null,
      "withPredicate": null
    },
    {
      "id": "IDLE_51",
      "execute": "IDLE",
      "after": "1000",
      "priority": 0,
      "additionalGuards": null,
      "activationKind": null,
      "fixedVariables": {
        "Crash": "FALSE",
        "VehiclesAy": "{(EgoVehicle↦7.354494186984084E-05),(Vehicles2↦-7.354494186984084E-05),(Vehicles3↦-7.354494186984084E-05),(Vehicles4↦-7.354494186984084E-05),(Vehicles5↦7.848354584893968E-05)}",
        "Reward": "0.8313256950345242",
        "VehiclesAx": "{(EgoVehicle↦0.49642086029052734),(Vehicles2↦-0.4969145357608795),(Vehicles3↦-0.48086345195770264),(Vehicles4↦-0.49120694398880005),(Vehicles5↦-0.483744740486145)}",
        "VehiclesVx": "{(EgoVehicle↦24.9247145652771),(Vehicles2↦-2.8897032141685486),(Vehicles3↦-4.998000860214233),(Vehicles4↦-4.0728917717933655),(Vehicles5↦-4.849165380001068)}",
        "VehiclesY": "{(EgoVehicle↦4.000000834465027),(Vehicles2↦3.9999994039535522),(Vehicles3↦-4.000000834465027),(Vehicles4↦-7.414473088829254E-07),(Vehicles5↦-4.000000834465027)}",
        "VehiclesVy": "{(EgoVehicle↦-2.4693019895494217E-06),(Vehicles2↦2.4693019895494217E-06),(Vehicles3↦2.4693019895494217E-06),(Vehicles4↦2.4693019895494217E-06),(Vehicles5↦2.4693019895494217E-06)}",
        "VehiclesX": "{(EgoVehicle↦200.0),(Vehicles2↦23.03428053855896),(Vehicles3↦38.63475322723389),(Vehicles4↦46.383678913116455),(Vehicles5↦98.80286455154419)}"
      },
      "probabilisticVariables": null,
      "activating": [
        "SLOWER_52"
      ],
      "activatingOnlyWhenExecuted": true,
      "updating": null,
      "withPredicate": null
    },
    {
      "id": "SLOWER_52",
      "execute": "SLOWER",
      "after": "1000",
      "priority": 0,
      "additionalGuards": null,
      "activationKind": null,
      "fixedVariables": {
        "Crash": "FALSE",
        "VehiclesAy": "{(EgoVehicle↦2.3685343997215114E-06),(Vehicles2↦-2.3685343997215114E-06),(Vehicles3↦-2.3685343997215114E-06),(Vehicles4↦-2.3685343997215114E-06),(Vehicles5↦2.570069579377332E-06)}",
        "Reward": "0.7172939186876744",
        "VehiclesAx": "{(EgoVehicle↦-4.2761921882629395),(Vehicles2↦4.275631904602051),(Vehicles3↦4.291359409689903),(Vehicles4↦4.281550832092762),(Vehicles5↦4.288600534200668)}",
        "VehiclesVx": "{(EgoVehicle↦20.64852237701416),(Vehicles2↦1.3859286904335022),(Vehicles3↦-0.7066414505243301),(Vehicles4↦0.20865906029939651),(Vehicles5↦-0.5605648458003998)}",
        "VehiclesY": "{(EgoVehicle↦4.0000001192092896),(Vehicles2↦4.0000001192092896),(Vehicles3↦-4.0000001192092896),(Vehicles4↦-3.4828923745067186E-08),(Vehicles5↦-4.0000001192092896)}",
        "VehiclesVy": "{(EgoVehicle↦-1.0076758982791034E-07),(Vehicles2↦1.0076758982791034E-07),(Vehicles3↦1.0076758982791034E-07),(Vehicles4↦1.0076758982791034E-07),(Vehicles5↦1.0076758982791034E-07)}",
        "VehiclesX": "{(EgoVehicle↦200.0),(Vehicles2↦22.503358125686646),(Vehicles3↦36.00184917449951),(Vehicles4↦44.67191696166992),(Vehicles5↦96.31768465042114)}"
      },
      "probabilisticVariables": null,
      "activating": [
        "LANE_RIGHT_53"
      ],
      "activatingOnlyWhenExecuted": true,
      "updating": null,
      "withPredicate": null
    },
    {
      "id": "LANE_RIGHT_53",
      "execute": "LANE_RIGHT",
      "after": "1000",
      "priority": 0,
      "additionalGuards": null,
      "activationKind": null,
      "fixedVariables": {
        "Crash": "FALSE",
        "VehiclesAy": "{(EgoVehicle↦1.1573774630188716),(Vehicles2↦-1.1573774630188716),(Vehicles3↦-1.1573774630188716),(Vehicles4↦-1.1573774630188716),(Vehicles5↦-1.157377261483692)}",
        "Reward": "0.7347207645632784",
        "VehiclesAx": "{(EgoVehicle↦-0.5964946746826172),(Vehicles2↦0.5958710610866547),(Vehicles3↦0.6112903077155352),(Vehicles4↦0.6019773706793785),(Vehicles5↦0.6086439965292811)}",
        "VehiclesVx": "{(EgoVehicle↦20.052027702331543),(Vehicles2↦1.9817997515201569),(Vehicles3↦-0.09535114280879498),(Vehicles4↦0.810636430978775),(Vehicles5↦0.04807915072888136)}",
        "VehiclesY": "{(EgoVehicle↦7.599108695983887),(Vehicles2↦0.40089158713817596),(Vehicles3↦-7.599108695983887),(Vehicles4↦-3.599108576774597),(Vehicles5↦-7.599108695983887)}",
        "VehiclesVy": "{(EgoVehicle↦1.1573773622512817),(Vehicles2↦-1.1573773622512817),(Vehicles3↦-1.1573773622512817),(Vehicles4↦-1.1573773622512817),(Vehicles5↦-1.1573773622512817)}",
        "VehiclesX": "{(EgoVehicle↦200.0),(Vehicles2↦24.576354026794434),(Vehicles3↦35.98846793174744),(Vehicles4↦45.570072531700134),(Vehicles5↦96.44930958747864)}"
      },
      "probabilisticVariables": null,
      "activating": [
        "SLOWER_54"
      ],
      "activatingOnlyWhenExecuted": true,
      "updating": null,
      "withPredicate": null
    },
    {
      "id": "SLOWER_54",
      "execute": "SLOWER",
      "after": "1000",
      "priority": 0,
      "additionalGuards": null,
      "activationKind": null,
      "fixedVariables": {
        "Crash": "FALSE",
        "VehiclesAy": "{(EgoVehicle↦-1.0848739417269826),(Vehicles2↦1.0848739417269826),(Vehicles3↦1.0848739417269826),(Vehicles4↦1.0848739417269826),(Vehicles5↦-1.2298807827755809)}",
        "Reward": "0.7336297338022119",
        "VehiclesAx": "{(EgoVehicle↦-0.040912628173828125),(Vehicles2↦0.040231943130493164),(Vehicles3↦0.0553562305867672),(Vehicles4↦0.046502724289894104),(Vehicles5↦0.05281343590468168)}",
        "VehiclesVx": "{(EgoVehicle↦20.011115074157715),(Vehicles2↦2.02203169465065),(Vehicles3↦-0.03999491222202778),(Vehicles4↦0.8571391552686691),(Vehicles5↦0.10089258663356304)}",
        "VehiclesY": "{(EgoVehicle↦7.975032806396484),(Vehicles2↦0.02496697660535574),(Vehicles3↦-7.975032806396484),(Vehicles4↦-3.9750330448150635),(Vehicles5↦-7.975032806396484)}",
        "VehiclesVy": "{(EgoVehicle↦0.07250342052429914),(Vehicles2↦-0.07250342052429914),(Vehicles3↦-0.07250342052429914),(Vehicles4↦-0.07250342052429914),(Vehicles5↦-0.07250342052429914)}",
        "VehiclesX": "{(EgoVehicle↦200.0),(Vehicles2↦26.570814847946167),(Vehicles3↦35.91184914112091),(Vehicles4↦46.39586806297302),(Vehicles5↦96.51510119438171)}"
      },
      "probabilisticVariables": null,
      "activating": [
        "SLOWER_55"
      ],
      "activatingOnlyWhenExecuted": true,
      "updating": null,
      "withPredicate": null
    },
    {
      "id": "SLOWER_55",
      "execute": "SLOWER",
      "after": "1000",
      "priority": 0,
      "additionalGuards": null,
      "activationKind": null,
      "fixedVariables": {
        "Crash": "FALSE",
        "VehiclesAy": "{(EgoVehicle↦-0.06799273483920842),(Vehicles2↦0.06799273483920842),(Vehicles3↦0.06799273483920842),(Vehicles4↦0.06799273483920842),(Vehicles5↦-0.07701410620938987)}",
        "Reward": "0.7333728131704159",
        "VehiclesAx": "{(EgoVehicle↦-0.00963449478149414),(Vehicles2↦0.008896291255950928),(Vehicles3↦0.023737752344459295),(Vehicles4↦0.01531057059764862),(Vehicles5↦0.021290462464094162)}",
        "VehiclesVx": "{(EgoVehicle↦20.00148057937622),(Vehicles2↦2.030927985906601),(Vehicles3↦-0.016257159877568483),(Vehicles4↦0.8724497258663177),(Vehicles5↦0.1221830490976572)}",
        "VehiclesY": "{(EgoVehicle↦7.998446702957153),(Vehicles2↦0.0015530552482232451),(Vehicles3↦-7.998446702957153),(Vehicles4↦-3.9984469413757324),(Vehicles5↦-7.998446702957153)}",
        "VehiclesVy": "{(EgoVehicle↦0.004510685685090721),(Vehicles2↦-0.004510685685090721),(Vehicles3↦-0.004510685685090721),(Vehicles4↦-0.004510685685090721),(Vehicles5↦-0.004510685685090721)}",
        "VehiclesX": "{(EgoVehicle↦200.0),(Vehicles2↦28.59783172607422),(Vehicles3↦35.882800817489624),(Vehicles4↦47.26054668426514),(Vehicles5↦96.62594795227051)}"
      },
      "probabilisticVariables": null,
      "activating": [
        "SLOWER_56"
      ],
      "activatingOnlyWhenExecuted": true,
      "updating": null,
      "withPredicate": null
    },
    {
      "id": "SLOWER_56",
      "execute": "SLOWER",
      "after": "1000",
      "priority": 0,
      "additionalGuards": null,
      "activationKind": null,
      "fixedVariables": {
        "Crash": "FALSE",
        "VehiclesAy": "{(EgoVehicle↦-0.004230037284287391),(Vehicles2↦0.004230037284287391),(Vehicles3↦0.004230037284287391),(Vehicles4↦0.004230037284287391),(Vehicles5↦-0.00479133408589405)}",
        "Reward": "0.7333385340578148",
        "VehiclesAx": "{(EgoVehicle↦-0.0012850761413574219),(Vehicles2↦0.0004932284355163574),(Vehicles3↦0.015063358296174556),(Vehicles4↦0.0070320069789886475),(Vehicles5↦0.012704338878393173)}",
        "VehiclesVx": "{(EgoVehicle↦20.000195503234863),(Vehicles2↦2.0314212143421173),(Vehicles3↦-0.0011938015813939273),(Vehicles4↦0.8794817328453064),(Vehicles5↦0.13488738797605038)}",
        "VehiclesY": "{(EgoVehicle↦7.999903678894043),(Vehicles2↦9.662746379035525E-05),(Vehicles3↦-7.999903678894043),(Vehicles4↦-3.9999032020568848),(Vehicles5↦-7.999903678894043)}",
        "VehiclesVy": "{(EgoVehicle↦0.0002806484008033294),(Vehicles2↦-0.0002806484008033294),(Vehicles3↦-0.0002806484008033294),(Vehicles4↦-0.0002806484008033294),(Vehicles5↦-0.0002806484008033294)}",
        "VehiclesX": "{(EgoVehicle↦200.0),(Vehicles2↦30.62915802001953),(Vehicles3↦35.8727902173996),(Vehicles4↦48.1359988451004),(Vehicles5↦96.75343036651611)}"
      },
      "probabilisticVariables": null,
      "activating": [
        "SLOWER_57"
      ],
      "activatingOnlyWhenExecuted": true,
      "updating": null,
      "withPredicate": null
    },
    {
      "id": "SLOWER_57",
      "execute": "SLOWER",
      "after": "1000",
      "priority": 0,
      "additionalGuards": null,
      "activationKind": null,
      "fixedVariables": {
        "Crash": "FALSE",
        "VehiclesAy": "{(EgoVehicle↦-0.00026318654022361443),(Vehicles2↦0.00026318654022361443),(Vehicles3↦0.00026318654022361443),(Vehicles4↦0.00026318654022361443),(Vehicles5↦-0.0002981102613830444)}",
        "Reward": "0.7333340182091123",
        "VehiclesAx": "{(EgoVehicle↦-0.00016927719116210938),(Vehicles2↦-0.0006739795207977295),(Vehicles3↦0.013634917268063873),(Vehicles4↦0.005971342325210571),(Vehicles5↦0.011357655748724937)}",
        "VehiclesVx": "{(EgoVehicle↦20.0000262260437),(Vehicles2↦2.0307472348213196),(Vehicles3↦0.012441115686669946),(Vehicles4↦0.885453075170517),(Vehicles5↦0.14624504372477531)}",
        "VehiclesY": "{(EgoVehicle↦7.999993801116943),(Vehicles2↦6.012121275489335E-06),(Vehicles3↦-7.999993801116943),(Vehicles4↦-3.9999940395355225),(Vehicles5↦-7.999993801116943)}",
        "VehiclesVy": "{(EgoVehicle↦1.7461860579714994E-05),(Vehicles2↦-1.7461860579714994E-05),(Vehicles3↦-1.7461860579714994E-05),(Vehicles4↦-1.7461860579714994E-05),(Vehicles5↦-1.7461860579714994E-05)}",
        "VehiclesX": "{(EgoVehicle↦200.0),(Vehicles2↦32.660338282585144),(Vehicles3↦35.87709963321686),(Vehicles4↦49.01789128780365),(Vehicles5↦96.89289927482605)}"
      },
      "probabilisticVariables": null,
      "activating": [
        "IDLE_58"
      ],
      "activatingOnlyWhenExecuted": true,
      "updating": null,
      "withPredicate": null
    },
    {
      "id": "IDLE_58",
      "execute": "IDLE",
      "after": "1000",
      "priority": 0,
      "additionalGuards": null,
      "activationKind": null,
      "fixedVariables": {
        "Crash": "FALSE",
        "VehiclesAy": "{(EgoVehicle↦-1.6375386167055694E-05),(Vehicles2↦1.6375386167055694E-05),(Vehicles3↦1.6375386167055694E-05),(Vehicles4↦1.6375386167055694E-05),(Vehicles5↦-1.8548334992374294E-05)}",
        "Reward": "0.7333334235227623",
        "VehiclesAx": "{(EgoVehicle↦-2.384185791015625E-05),(Vehicles2↦-0.0008697807788848877),(Vehicles3↦0.01318767317570746),(Vehicles4↦0.005866214632987976),(Vehicles5↦0.010986309498548508)}",
        "VehiclesVx": "{(EgoVehicle↦20.00000238418579),(Vehicles2↦2.0298774540424347),(Vehicles3↦0.025628788862377405),(Vehicles4↦0.8913192898035049),(Vehicles5↦0.15723135322332382)}",
        "VehiclesY": "{(EgoVehicle↦7.999999523162842),(Vehicles2↦3.740732097412547E-07),(Vehicles3↦-7.999999523162842),(Vehicles4↦-3.999999761581421),(Vehicles5↦-7.999999523162842)}",
        "VehiclesVy": "{(EgoVehicle↦1.0864744126592996E-06),(Vehicles2↦-1.0864744126592996E-06),(Vehicles3↦-1.0864744126592996E-06),(Vehicles4↦-1.0864744126592996E-06),(Vehicles5↦-1.0864744126592996E-06)}",
        "VehiclesX": "{(EgoVehicle↦200.0),(Vehicles2↦34.69074368476868),(Vehicles3↦35.89484095573425),(Vehicles4↦49.90569055080414),(Vehicles5↦97.0435619354248)}"
      },
      "probabilisticVariables": null,
      "activating": [
        "SLOWER_59"
      ],
      "activatingOnlyWhenExecuted": true,
      "updating": null,
      "withPredicate": null
    },
    {
      "id": "SLOWER_59",
      "execute": "SLOWER",
      "after": "1000",
      "priority": 0,
      "additionalGuards": null,
      "activationKind": null,
      "fixedVariables": {
        "Crash": "FALSE",
        "VehiclesAy": "{(EgoVehicle↦-1.0188741228489562E-06),(Vehicles2↦1.018874113967172E-06),(Vehicles3↦1.018874113967172E-06),(Vehicles4↦1.018874113967172E-06),(Vehicles5↦-1.1540747113514271E-06)}",
        "Reward": "0.7333333452101307",
        "VehiclesAx": "{(EgoVehicle↦-2.384185791015625E-06),(Vehicles2↦-1.9913692469708622),(Vehicles3↦2.0033137663267553),(Vehicles4↦0.005876198410987854),(Vehicles5↦0.010748635977506638)}",
        "VehiclesVx": "{(EgoVehicle↦20.0),(Vehicles2↦0.03850820707157254),(Vehicles3↦2.0289425551891327),(Vehicles4↦0.8971954882144928),(Vehicles5↦0.16797998920083046)}",
        "VehiclesY": "{(EgoVehicle↦8.000000238418579),(Vehicles2↦-8.000000238418579),(Vehicles3↦2.3274787430693777E-08),(Vehicles4↦-4.0000001192092896),(Vehicles5↦-8.000000238418579)}",
        "VehiclesVy": "{(EgoVehicle↦6.760028981034338E-08),(Vehicles2↦-6.760029869212758E-08),(Vehicles3↦-6.760029869212758E-08),(Vehicles4↦-6.760029869212758E-08),(Vehicles5↦-6.760029869212758E-08)}",
        "VehiclesX": "{(EgoVehicle↦200.0),(Vehicles2↦35.925644636154175),(Vehicles3↦36.72025203704834),(Vehicles4↦50.799357891082764),(Vehicles5↦97.20510840415955)}"
      },
      "probabilisticVariables": null,
      "activating": [
        "LANE_LEFT_60"
      ],
      "activatingOnlyWhenExecuted": true,
      "updating": null,
      "withPredicate": null
    },
    {
      "id": "LANE_LEFT_60",
      "execute": "LANE_LEFT",
      "after": "1000",
      "priority": 0,
      "additionalGuards": null,
      "activationKind": null,
      "fixedVariables": {
        "Crash": "FALSE",
        "VehiclesAy": "{(EgoVehicle↦-1.1458636006203093),(Vehicles2↦1.1458636006203182),(Vehicles3↦1.1458636006203182),(Vehicles4↦1.1458636006203182),(Vehicles5↦1.1458634654197208)}",
        "Reward": "0.7000000000000001",
        "VehiclesAx": "{(EgoVehicle↦-0.0328516960144043),(Vehicles2↦0.04545061616227031),(Vehicles3↦0.031870901584625244),(Vehicles4↦0.038743987679481506),(Vehicles5↦0.04338568076491356)}",
        "VehiclesVx": "{(EgoVehicle↦19.967148303985596),(Vehicles2↦0.08395882323384285),(Vehicles3↦2.060813456773758),(Vehicles4↦0.9359394758939743),(Vehicles5↦0.21136566996574402)}",
        "VehiclesY": "{(EgoVehicle↦4.396300435066223),(Vehicles2↦-4.396300435066223),(Vehicles3↦3.6036994457244873),(Vehicles4↦-0.39630044996738434),(Vehicles5↦-4.396300435066223)}",
        "VehiclesVy": "{(EgoVehicle↦-1.1458635330200195),(Vehicles2↦1.1458635330200195),(Vehicles3↦1.1458635330200195),(Vehicles4↦1.1458635330200195),(Vehicles5↦1.1458635330200195)}",
        "VehiclesX": "{(EgoVehicle↦200.0),(Vehicles2↦36.35580837726593),(Vehicles3↦39.13539946079254),(Vehicles4↦52.08550691604614),(Vehicles5↦97.76391386985779)}"
      },
      "probabilisticVariables": null,
      "activating": [
        "LANE_RIGHT_61"
      ],
      "activatingOnlyWhenExecuted": true,
      "updating": null,
      "withPredicate": null
    },
    {
      "id": "LANE_RIGHT_61",
      "execute": "LANE_RIGHT",
      "after": "1000",
      "priority": 0,
      "additionalGuards": null,
      "activationKind": null,
      "fixedVariables": {
        "Crash": "FALSE",
        "VehiclesAy": "{(EgoVehicle↦2.2204431146383286),(Vehicles2↦-2.2204431146383286),(Vehicles3↦-2.2204431146383286),(Vehicles4↦-2.2204431146383286),(Vehicles5↦0.07128395140171051)}",
        "Reward": "0.7333333333333334",
        "VehiclesAx": "{(EgoVehicle↦0.003962516784667969),(Vehicles2↦0.008366648107767105),(Vehicles3↦-0.004985630512237549),(Vehicles4↦0.0019364804029464722),(Vehicles5↦0.00636320561170578)}",
        "VehiclesVx": "{(EgoVehicle↦19.971110820770264),(Vehicles2↦0.09232547134160995),(Vehicles3↦2.0558278262615204),(Vehicles4↦0.9378759562969208),(Vehicles5↦0.2177288755774498)}",
        "VehiclesY": "{(EgoVehicle↦7.628213882446289),(Vehicles2↦-7.628213882446289),(Vehicles3↦0.3717864453792572),(Vehicles4↦-3.628213405609131),(Vehicles5↦-7.628213882446289)}",
        "VehiclesVy": "{(EgoVehicle↦1.074579581618309),(Vehicles2↦-1.074579581618309),(Vehicles3↦-1.074579581618309),(Vehicles4↦-1.074579581618309),(Vehicles5↦-1.074579581618309)}",
        "VehiclesX": "{(EgoVehicle↦200.0),(Vehicles2↦36.72126829624176),(Vehicles3↦41.47235453128815),(Vehicles4↦53.30035090446472),(Vehicles5↦98.25597405433655)}"
      },
      "probabilisticVariables": null,
      "activating": null,
      "activatingOnlyWhenExecuted": true,
      "updating": null,
      "withPredicate": null
    }
  ],
  "listeners": [],
  "metadata": {
    "fileType": "Timed_Trace",
    "formatVersion": 3,
    "savedAt": "2023-08-21T06:52:50.664672Z",
    "creator": "Simulation: HYPOTHESIS_TEST; SIGNIFICANCE : 0.05, PROBABILITY : 0.95, MAX_STEPS_BEFORE_PROPERTY : 0, EXECUTIONS : 1000, PREDICATE : Crash = FALSE, ENDING_TIME : 60000, HYPOTHESIS_CHECKING_TYPE : LEFT_TAILED, CHECKING_TYPE : PREDICATE_INVARIANT",
    "proB2KernelVersion": "4.12.2",
    "proBCliVersion": "1.12.2-final",
    "modelName": "HighwayEnvironment2"
  }
}