{
  "variables": {},
  "activations": [
    {
      "id": "$setup_constants",
      "execute": "$setup_constants",
      "after": "0",
      "priority": 0,
      "additionalGuards": null,
      "activationKind": null,
      "fixedVariables": null,
      "probabilisticVariables": null,
      "activating": null,
      "activatingOnlyWhenExecuted": true,
      "updating": null,
      "withPredicate": null
    },
    {
      "id": "$initialise_machine",
      "execute": "$initialise_machine",
      "after": "0",
      "priority": 0,
      "additionalGuards": null,
      "activationKind": null,
      "fixedVariables": {
        "Crash": "FALSE",
        "VehiclesAy": "{(EgoVehicle↦0.0),(Vehicles2↦0.0),(Vehicles3↦0.0),(Vehicles4↦0.0),(Vehicles5↦0.0)}",
        "Reward": "0.0",
        "VehiclesAx": "{(EgoVehicle↦0.0),(Vehicles2↦0.0),(Vehicles3↦0.0),(Vehicles4↦0.0),(Vehicles5↦0.0)}",
        "VehiclesVx": "{(EgoVehicle↦25.0),(Vehicles2↦-1.4688163995742798),(Vehicles3↦-3.6953935027122498),(Vehicles4↦-3.475036323070526),(Vehicles5↦-1.1692997813224792)}",
        "VehiclesY": "{(EgoVehicle↦4.0000001192092896),(Vehicles2↦-4.0000001192092896),(Vehicles3↦-4.0000001192092896),(Vehicles4↦-4.0000001192092896),(Vehicles5↦0.0)}",
        "VehiclesVy": "{(EgoVehicle↦0.0),(Vehicles2↦0.0),(Vehicles3↦0.0),(Vehicles4↦0.0),(Vehicles5↦0.0)}",
        "VehiclesX": "{(EgoVehicle↦149.14977550506592),(Vehicles2↦25.819307565689087),(Vehicles3↦47.36495018005371),(Vehicles4↦72.43226766586304),(Vehicles5↦95.70334553718567)}"
      },
      "probabilisticVariables": null,
      "activating": [
        "LANE_RIGHT_2"
      ],
      "activatingOnlyWhenExecuted": true,
      "updating": null,
      "withPredicate": null
    },
    {
      "id": "LANE_RIGHT_2",
      "execute": "LANE_RIGHT",
      "after": "1000",
      "priority": 0,
      "additionalGuards": null,
      "activationKind": null,
      "fixedVariables": {
        "Crash": "FALSE",
        "VehiclesAy": "{(EgoVehicle↦1.0796338319778442),(Vehicles2↦-1.0796338319778442),(Vehicles3↦5.43659508228302),(Vehicles4↦-1.0796338319778442),(Vehicles5↦-1.0796338319778442)}",
        "Reward": "0.8660447183419508",
        "VehiclesAx": "{(EgoVehicle↦-0.023322105407714844),(Vehicles2↦-5.976676940917969),(Vehicles3↦-5.330320298671722),(Vehicles4↦-0.9150317311286926),(Vehicles5↦-0.4494212567806244)}",
        "VehiclesVx": "{(EgoVehicle↦24.976677894592285),(Vehicles2↦-7.4454933404922485),(Vehicles3↦-9.025713801383972),(Vehicles4↦-4.390068054199219),(Vehicles5↦-1.6187210381031036)}",
        "VehiclesY": "{(EgoVehicle↦7.6599647998809814),(Vehicles2↦-7.6599647998809814),(Vehicles3↦-6.690399169921875),(Vehicles4↦-7.6599647998809814),(Vehicles5↦-3.6599650382995605)}",
        "VehiclesVy": "{(EgoVehicle↦1.0796338319778442),(Vehicles2↦-1.0796338319778442),(Vehicles3↦5.43659508228302),(Vehicles4↦-1.0796338319778442),(Vehicles5↦-1.0796338319778442)}",
        "VehiclesX": "{(EgoVehicle↦173.83002042770386),(Vehicles2↦22.270244359970093),(Vehicles3↦41.77938997745514),(Vehicles4↦68.91719698905945),(Vehicles5↦94.64797973632812)}"
      },
      "probabilisticVariables": null,
      "activating": [
        "IDLE_3"
      ],
      "activatingOnlyWhenExecuted": true,
      "updating": null,
      "withPredicate": null
    },
    {
      "id": "IDLE_3",
      "execute": "IDLE",
      "after": "1000",
      "priority": 0,
      "additionalGuards": null,
      "activationKind": null,
      "fixedVariables": {
        "Crash": "FALSE",
        "VehiclesAy": "{(EgoVehicle↦-1.041519611608237),(Vehicles2↦1.041519611608237),(Vehicles3↦-4.722767397761345),(Vehicles4↦1.041519611608237),(Vehicles5↦-1.1177480523474514)}",
        "Reward": "0.8666658918962077",
        "VehiclesAx": "{(EgoVehicle↦0.023293495178222656),(Vehicles2↦-2.5572234392166138),(Vehicles3↦1.8364179134368896),(Vehicles4↦-1.0886263847351074),(Vehicles5↦-0.329962819814682)}",
        "VehiclesVx": "{(EgoVehicle↦24.999971389770508),(Vehicles2↦-10.002716779708862),(Vehicles3↦-7.1892958879470825),(Vehicles4↦-5.478694438934326),(Vehicles5↦-1.9486838579177856)}",
        "VehiclesY": "{(EgoVehicle↦7.988499641418457),(Vehicles2↦-7.988499641418457),(Vehicles3↦-4.256109595298767),(Vehicles4↦-7.988499641418457),(Vehicles5↦-3.9884995222091675)}",
        "VehiclesVy": "{(EgoVehicle↦0.03811422036960721),(Vehicles2↦-0.03811422036960721),(Vehicles3↦0.7138276845216751),(Vehicles4↦-0.03811422036960721),(Vehicles5↦-0.03811422036960721)}",
        "VehiclesX": "{(EgoVehicle↦198.82631301879883),(Vehicles2↦12.836989760398865),(Vehicles3↦33.66950452327728),(Vehicles4↦64.07318115234375),(Vehicles5↦92.87671446800232)}"
      },
      "probabilisticVariables": null,
      "activating": [
        "FASTER_4"
      ],
      "activatingOnlyWhenExecuted": true,
      "updating": null,
      "withPredicate": null
    },
    {
      "id": "FASTER_4",
      "execute": "FASTER",
      "after": "1000",
      "priority": 0,
      "additionalGuards": null,
      "activationKind": null,
      "fixedVariables": {
        "Crash": "FALSE",
        "VehiclesAy": "{(EgoVehicle↦-0.03727416326000821),(Vehicles2↦0.03727416326000821),(Vehicles3↦-0.658425628207624),(Vehicles4↦0.03727416326000821),(Vehicles5↦-0.03895427747920621)}",
        "Reward": "0.9824417006395386",
        "VehiclesAx": "{(EgoVehicle↦4.341592788696289),(Vehicles2↦-2.7403175830841064),(Vehicles3↦-3.3888310194015503),(Vehicles4↦-5.201270580291748),(Vehicles5↦-4.546253085136414)}",
        "VehiclesVx": "{(EgoVehicle↦29.341564178466797),(Vehicles2↦-12.743034362792969),(Vehicles3↦-10.578126907348633),(Vehicles4↦-10.679965019226074),(Vehicles5↦-6.494936943054199)}",
        "VehiclesY": "{(EgoVehicle↦7.999802827835083),(Vehicles2↦-7.999802827835083),(Vehicles3↦-4.019525527954102),(Vehicles4↦-7.999802827835083),(Vehicles5↦-3.999803066253662)}",
        "VehiclesVy": "{(EgoVehicle↦0.0008400571095990017),(Vehicles2↦-0.0008400571095990017),(Vehicles3↦0.05540205631405115),(Vehicles4↦-0.0008400571095990017),(Vehicles5↦-0.0008400571095990017)}",
        "VehiclesX": "{(EgoVehicle↦200.0),(Vehicles2↦1.1230820789933205),(Vehicles3↦24.506977200508118),(Vehicles4↦55.83535432815552),(Vehicles5↦88.44476342201233)}"
      },
      "probabilisticVariables": null,
      "activating": [
        "IDLE_5"
      ],
      "activatingOnlyWhenExecuted": true,
      "updating": null,
      "withPredicate": null
    },
    {
      "id": "IDLE_5",
      "execute": "IDLE",
      "after": "1000",
      "priority": 0,
      "additionalGuards": null,
      "activationKind": null,
      "fixedVariables": {
        "Crash": "FALSE",
        "VehiclesAy": "{(EgoVehicle↦-0.0008382901080494776),(Vehicles2↦0.004715110189863481),(Vehicles3↦-0.055403823315600675),(Vehicles4↦0.0008382901080494776),(Vehicles5↦-0.0008418241111485258)}",
        "Reward": "0.9976877960112208",
        "VehiclesAx": "{(EgoVehicle↦0.5717277526855469),(Vehicles2↦2.175387144088745),(Vehicles3↦-1.2935066223144531),(Vehicles4↦3.4714877605438232),(Vehicles5↦-8.93520474433899)}",
        "VehiclesVx": "{(EgoVehicle↦29.913291931152344),(Vehicles2↦-10.567647218704224),(Vehicles3↦-11.871633529663086),(Vehicles4↦-7.208477258682251),(Vehicles5↦-15.430141687393188)}",
        "VehiclesY": "{(EgoVehicle↦8.000000238418579),(Vehicles2↦-4.001347661018372),(Vehicles3↦-8.000000238418579),(Vehicles4↦-4.000000476837158),(Vehicles5↦-8.000000238418579)}",
        "VehiclesVy": "{(EgoVehicle↦1.7670015495241387E-06),(Vehicles2↦0.003875053080264479),(Vehicles3↦-1.7670015495241387E-06),(Vehicles4↦-1.7670015495241387E-06),(Vehicles5↦-1.7670015495241387E-06)}",
        "VehiclesX": "{(EgoVehicle↦200.0),(Vehicles2↦13.86938989162445),(Vehicles3↦44.57420110702515),(Vehicles4↦81.57380819320679),(Vehicles5↦101.14156007766724)}"
      },
      "probabilisticVariables": null,
      "activating": [
        "FASTER_6"
      ],
      "activatingOnlyWhenExecuted": true,
      "updating": null,
      "withPredicate": null
    },
    {
      "id": "FASTER_6",
      "execute": "FASTER",
      "after": "1000",
      "priority": 0,
      "additionalGuards": null,
      "activationKind": null,
      "fixedVariables": {
        "Crash": "FALSE",
        "VehiclesAy": "{(EgoVehicle↦-1.9708200049706193E-06),(Vehicles2↦-0.0036206847653375007),(Vehicles3↦1.9708200049706193E-06),(Vehicles4↦1.9708200049706193E-06),(Vehicles5↦-1.563183094077658E-06)}",
        "Reward": "0.9996955122319305",
        "VehiclesAx": "{(EgoVehicle↦0.07529020309448242),(Vehicles2↦0.2777385711669922),(Vehicles3↦-0.4924774169921875),(Vehicles4↦-0.17831504344940186),(Vehicles5↦0.5079996585845947)}",
        "VehiclesVx": "{(EgoVehicle↦29.988582134246826),(Vehicles2↦-10.289908647537231),(Vehicles3↦-12.364110946655273),(Vehicles4↦-7.386792302131653),(Vehicles5↦-14.922142028808594)}",
        "VehiclesY": "{(EgoVehicle↦8.000000238418579),(Vehicles2↦-4.000087738037109),(Vehicles3↦-8.000000238418579),(Vehicles4↦-4.0000001192092896),(Vehicles5↦-8.000000238418579)}",
        "VehiclesVy": "{(EgoVehicle↦-2.0381845544648058E-07),(Vehicles2↦0.0002543683149269782),(Vehicles3↦2.0381845544648058E-07),(Vehicles4↦2.0381845544648058E-07),(Vehicles5↦2.0381845544648058E-07)}",
        "VehiclesX": "{(EgoVehicle↦200.0),(Vehicles2↦3.415452316403389),(Vehicles3↦32.479485869407654),(Vehicles4↦74.28018450737),(Vehicles5↦85.8912467956543)}"
      },
      "probabilisticVariables": null,
      "activating": [
        "FASTER_7"
      ],
      "activatingOnlyWhenExecuted": true,
      "updating": null,
      "withPredicate": null
    },
    {
      "id": "FASTER_7",
      "execute": "FASTER",
      "after": "1000",
      "priority": 0,
      "additionalGuards": null,
      "activationKind": null,
      "fixedVariables": {
        "Crash": "FALSE",
        "VehiclesAy": "{(EgoVehicle↦2.001816135077661E-07),(Vehicles2↦-0.00023820583578526566),(Vehicles3↦-2.001816135077661E-07),(Vehicles4↦-2.001816135077661E-07),(Vehicles5↦2.0745529738519508E-07)}",
        "Reward": "0.9999599028453572",
        "VehiclesAx": "{(EgoVehicle↦0.009913444519042969),(Vehicles2↦0.20728230476379395),(Vehicles3↦-0.26141881942749023),(Vehicles4↦-0.08903801441192627),(Vehicles5↦0.6485390663146973)}",
        "VehiclesVx": "{(EgoVehicle↦29.99849557876587),(Vehicles2↦-10.082626342773438),(Vehicles3↦-12.625529766082764),(Vehicles4↦-7.475830316543579),(Vehicles5↦-14.273602962493896)}",
        "VehiclesY": "{(EgoVehicle↦8.000000238418579),(Vehicles2↦-4.000005483627319),(Vehicles3↦-8.000000238418579),(Vehicles4↦-4.0000001192092896),(Vehicles5↦-8.000000238418579)}",
        "VehiclesVy": "{(EgoVehicle↦-3.6368419387144968E-09),(Vehicles2↦1.6162479141712538E-05),(Vehicles3↦3.6368419387144968E-09),(Vehicles4↦3.6368419387144968E-09),(Vehicles5↦3.6368419387144968E-09)}",
        "VehiclesX": "{(EgoVehicle↦200.0),(Vehicles2↦-6.784965842962265),(Vehicles3↦19.997429847717285),(Vehicles4↦66.85479283332825),(Vehicles5↦71.22596502304077)}"
      },
      "probabilisticVariables": null,
      "activating": [
        "IDLE_8"
      ],
      "activatingOnlyWhenExecuted": true,
      "updating": null,
      "withPredicate": null
    },
    {
      "id": "IDLE_8",
      "execute": "IDLE",
      "after": "1000",
      "priority": 0,
      "additionalGuards": null,
      "activationKind": null,
      "fixedVariables": {
        "Crash": "FALSE",
        "VehiclesAy": "{(EgoVehicle↦3.637232737219165E-09),(Vehicles2↦-1.616247952362926E-05),(Vehicles3↦-3.637223855434968E-09),(Vehicles4↦-3.637223855434968E-09),(Vehicles5↦3.6364600219940257E-09)}",
        "Reward": "0.9999947197162612",
        "VehiclesAx": "{(EgoVehicle↦0.0013065338134765625),(Vehicles2↦-2.663673162460327),(Vehicles3↦-1.0143649578094482),(Vehicles4↦-0.06576895713806152),(Vehicles5↦5.775707960128784)}",
        "VehiclesVx": "{(EgoVehicle↦29.999802112579346),(Vehicles2↦-12.746299505233765),(Vehicles3↦-13.639894723892212),(Vehicles4↦-7.541599273681641),(Vehicles5↦-8.497895002365112)}",
        "VehiclesY": "{(EgoVehicle↦8.000000238418579),(Vehicles2↦-8.000000238418579),(Vehicles3↦-8.000000238418579),(Vehicles4↦-4.0000001192092896),(Vehicles5↦4.020783705982467E-12)}",
        "VehiclesVy": "{(EgoVehicle↦3.907985046680551E-13),(Vehicles2↦-3.8191672047105385E-13),(Vehicles3↦-3.8191672047105385E-13),(Vehicles4↦-3.8191672047105385E-13),(Vehicles5↦-3.8191672047105385E-13)}",
        "VehiclesX": "{(EgoVehicle↦200.0),(Vehicles2↦7.314125448465347),(Vehicles3↦57.20991492271423),(Vehicles4↦59.35155153274536),(Vehicles5↦79.27730679512024)}"
      },
      "probabilisticVariables": null,
      "activating": [
        "IDLE_9"
      ],
      "activatingOnlyWhenExecuted": true,
      "updating": null,
      "withPredicate": null
    },
    {
      "id": "IDLE_9",
      "execute": "IDLE",
      "after": "1000",
      "priority": 0,
      "additionalGuards": null,
      "activationKind": null,
      "fixedVariables": {
        "Crash": "FALSE",
        "VehiclesAy": "{(EgoVehicle↦6.217248937900877E-13),(Vehicles2↦-6.306066779870889E-13),(Vehicles3↦-6.306066779870889E-13),(Vehicles4↦-6.306066779870889E-13),(Vehicles5↦-1.3944401189291966E-12)}",
        "Reward": "0.9999993046539931",
        "VehiclesAx": "{(EgoVehicle↦0.000171661376953125),(Vehicles2↦-0.01924276351928711),(Vehicles3↦0.5659890174865723),(Vehicles4↦-0.05571126937866211),(Vehicles5↦-0.11512935161590576)}",
        "VehiclesVx": "{(EgoVehicle↦29.9999737739563),(Vehicles2↦-12.765542268753052),(Vehicles3↦-13.07390570640564),(Vehicles4↦-7.597310543060303),(Vehicles5↦-8.613024353981018)}",
        "VehiclesY": "{(EgoVehicle↦8.000000238418579),(Vehicles2↦-8.000000238418579),(Vehicles3↦-8.000000238418579),(Vehicles4↦-4.0000001192092896),(Vehicles5↦2.9043434324194095E-13)}",
        "VehiclesVy": "{(EgoVehicle↦1.0125233984581428E-12),(Vehicles2↦-1.0125233984581428E-12),(Vehicles3↦-1.0125233984581428E-12),(Vehicles4↦-1.0125233984581428E-12),(Vehicles5↦-1.0125233984581428E-12)}",
        "VehiclesX": "{(EgoVehicle↦200.0),(Vehicles2↦-5.446718633174896),(Vehicles3↦43.80282163619995),(Vehicles4↦51.78709626197815),(Vehicles5↦70.73253393173218)}"
      },
      "probabilisticVariables": null,
      "activating": [
        "IDLE_10"
      ],
      "activatingOnlyWhenExecuted": true,
      "updating": null,
      "withPredicate": null
    },
    {
      "id": "IDLE_10",
      "execute": "IDLE",
      "after": "1000",
      "priority": 0,
      "additionalGuards": null,
      "activationKind": null,
      "fixedVariables": {
        "Crash": "FALSE",
        "VehiclesAy": "{(EgoVehicle↦-9.947598300641403E-13),(Vehicles2↦9.947598300641403E-13),(Vehicles3↦9.947598300641403E-13),(Vehicles4↦9.947598300641403E-13),(Vehicles5↦-1.0302869668521453E-12)}",
        "Reward": "0.9999999084318016",
        "VehiclesAx": "{(EgoVehicle↦2.384185791015625E-05),(Vehicles2↦0.17410039901733398),(Vehicles3↦5.4264092445373535),(Vehicles4↦-1.1231440305709839),(Vehicles5↦-2.347695231437683)}",
        "VehiclesVx": "{(EgoVehicle↦29.99999761581421),(Vehicles2↦-12.591441869735718),(Vehicles3↦-7.647496461868286),(Vehicles4↦-8.720454573631287),(Vehicles5↦-10.960719585418701)}",
        "VehiclesY": "{(EgoVehicle↦8.000000238418579),(Vehicles2↦-8.000000238418579),(Vehicles3↦-4.0000001192092896),(Vehicles4↦2.6645352591003757E-15),(Vehicles5↦-8.000000238418579)}",
        "VehiclesVy": "{(EgoVehicle↦1.7763568394002505E-14),(Vehicles2↦-1.7763568394002505E-14),(Vehicles3↦-1.7763568394002505E-14),(Vehicles4↦-1.7763568394002505E-14),(Vehicles5↦-1.7763568394002505E-14)}",
        "VehiclesX": "{(EgoVehicle↦200.0),(Vehicles2↦30.928680300712585),(Vehicles3↦44.16938126087189),(Vehicles4↦62.0760977268219),(Vehicles5↦73.92139434814453)}"
      },
      "probabilisticVariables": null,
      "activating": [
        "IDLE_11"
      ],
      "activatingOnlyWhenExecuted": true,
      "updating": null,
      "withPredicate": null
    },
    {
      "id": "IDLE_11",
      "execute": "IDLE",
      "after": "1000",
      "priority": 0,
      "additionalGuards": null,
      "activationKind": null,
      "fixedVariables": {
        "Crash": "FALSE",
        "VehiclesAy": "{(EgoVehicle↦-1.7763568394002505E-14),(Vehicles2↦1.7763568394002505E-14),(Vehicles3↦1.7763568394002505E-14),(Vehicles4↦1.7763568394002505E-14),(Vehicles5↦-1.7763568394002505E-14)}",
        "Reward": "0.9999999879416365",
        "VehiclesAx": "{(EgoVehicle↦2.384185791015625E-06),(Vehicles2↦0.40092945098876953),(Vehicles3↦-0.046967267990112305),(Vehicles4↦-0.10324954986572266),(Vehicles5↦0.1820695400238037)}",
        "VehiclesVx": "{(EgoVehicle↦30.0),(Vehicles2↦-12.190512418746948),(Vehicles3↦-7.694463729858398),(Vehicles4↦-8.82370412349701),(Vehicles5↦-10.778650045394897)}",
        "VehiclesY": "{(EgoVehicle↦8.000000238418579),(Vehicles2↦-8.000000238418579),(Vehicles3↦-4.0000001192092896),(Vehicles4↦0.0),(Vehicles5↦-8.000000238418579)}",
        "VehiclesVy": "{(EgoVehicle↦0.0),(Vehicles2↦0.0),(Vehicles3↦0.0),(Vehicles4↦0.0),(Vehicles5↦0.0)}",
        "VehiclesX": "{(EgoVehicle↦200.0),(Vehicles2↦18.50379705429077),(Vehicles3↦36.50290369987488),(Vehicles4↦53.31409573554993),(Vehicles5↦63.035959005355835)}"
      },
      "probabilisticVariables": null,
      "activating": [
        "IDLE_12"
      ],
      "activatingOnlyWhenExecuted": true,
      "updating": null,
      "withPredicate": null
    },
    {
      "id": "IDLE_12",
      "execute": "IDLE",
      "after": "1000",
      "priority": 0,
      "additionalGuards": null,
      "activationKind": null,
      "fixedVariables": {
        "Crash": "FALSE",
        "VehiclesAy": "{(EgoVehicle↦0.0),(Vehicles2↦0.0),(Vehicles3↦0.0),(Vehicles4↦0.0),(Vehicles5↦0.0)}",
        "Reward": "0.9999999984120672",
        "VehiclesAx": "{(EgoVehicle↦0.0),(Vehicles2↦0.3294718265533447),(Vehicles3↦-0.04508554935455322),(Vehicles4↦-0.10072767734527588),(Vehicles5↦0.15410900115966797)}",
        "VehiclesVx": "{(EgoVehicle↦30.0),(Vehicles2↦-11.861040592193604),(Vehicles3↦-7.739549279212952),(Vehicles4↦-8.924431800842285),(Vehicles5↦-10.62454104423523)}",
        "VehiclesY": "{(EgoVehicle↦8.000000238418579),(Vehicles2↦-8.000000238418579),(Vehicles3↦-4.0000001192092896),(Vehicles4↦0.0),(Vehicles5↦-8.000000238418579)}",
        "VehiclesVy": "{(EgoVehicle↦0.0),(Vehicles2↦0.0),(Vehicles3↦0.0),(Vehicles4↦0.0),(Vehicles5↦0.0)}",
        "VehiclesX": "{(EgoVehicle↦200.0),(Vehicles2↦6.450296938419342),(Vehicles3↦28.790292143821716),(Vehicles4↦44.44993436336517),(Vehicles5↦52.3209810256958)}"
      },
      "probabilisticVariables": null,
      "activating": [
        "IDLE_13"
      ],
      "activatingOnlyWhenExecuted": true,
      "updating": null,
      "withPredicate": null
    },
    {
      "id": "IDLE_13",
      "execute": "IDLE",
      "after": "1000",
      "priority": 0,
      "additionalGuards": null,
      "activationKind": null,
      "fixedVariables": {
        "Crash": "FALSE",
        "VehiclesAy": "{(EgoVehicle↦0.0),(Vehicles2↦0.0),(Vehicles3↦0.0),(Vehicles4↦0.0),(Vehicles5↦0.0)}",
        "Reward": "0.9999999997908896",
        "VehiclesAx": "{(EgoVehicle↦0.0),(Vehicles2↦0.27054667472839355),(Vehicles3↦-0.04398941993713379),(Vehicles4↦-0.09878993034362793),(Vehicles5↦0.1312112808227539)}",
        "VehiclesVx": "{(EgoVehicle↦30.0),(Vehicles2↦-11.59049391746521),(Vehicles3↦-7.7835386991500854),(Vehicles4↦-9.023221731185913),(Vehicles5↦-10.493329763412476)}",
        "VehiclesY": "{(EgoVehicle↦8.000000238418579),(Vehicles2↦-8.000000238418579),(Vehicles3↦-4.0000001192092896),(Vehicles4↦0.0),(Vehicles5↦-8.000000238418579)}",
        "VehiclesVy": "{(EgoVehicle↦0.0),(Vehicles2↦0.0),(Vehicles3↦0.0),(Vehicles4↦0.0),(Vehicles5↦0.0)}",
        "VehiclesX": "{(EgoVehicle↦200.0),(Vehicles2↦-5.29831275343895),(Vehicles3↦21.033082902431488),(Vehicles4↦35.48583686351776),(Vehicles5↦41.750568151474)}"
      },
      "probabilisticVariables": null,
      "activating": [
        "IDLE_14"
      ],
      "activatingOnlyWhenExecuted": true,
      "updating": null,
      "withPredicate": null
    },
    {
      "id": "IDLE_14",
      "execute": "IDLE",
      "after": "1000",
      "priority": 0,
      "additionalGuards": null,
      "activationKind": null,
      "fixedVariables": {
        "Crash": "FALSE",
        "VehiclesAy": "{(EgoVehicle↦0.0),(Vehicles2↦0.0),(Vehicles3↦0.0),(Vehicles4↦0.0),(Vehicles5↦0.0)}",
        "Reward": "0.9999999999724629",
        "VehiclesAx": "{(EgoVehicle↦0.0),(Vehicles2↦3.763611912727356),(Vehicles3↦-1.3365042209625244),(Vehicles4↦-1.3574767112731934),(Vehicles5↦1.796836256980896)}",
        "VehiclesVx": "{(EgoVehicle↦30.0),(Vehicles2↦-7.826882004737854),(Vehicles3↦-9.12004292011261),(Vehicles4↦-10.380698442459106),(Vehicles5↦-8.69649350643158)}",
        "VehiclesY": "{(EgoVehicle↦8.000000238418579),(Vehicles2↦-4.0000001192092896),(Vehicles3↦0.0),(Vehicles4↦-8.000000238418579),(Vehicles5↦-8.000000238418579)}",
        "VehiclesVy": "{(EgoVehicle↦0.0),(Vehicles2↦0.0),(Vehicles3↦0.0),(Vehicles4↦0.0),(Vehicles5↦0.0)}",
        "VehiclesX": "{(EgoVehicle↦200.0),(Vehicles2↦13.232167065143585),(Vehicles3↦26.42371654510498),(Vehicles4↦31.30362629890442),(Vehicles5↦95.49846649169922)}"
      },
      "probabilisticVariables": null,
      "activating": [
        "SLOWER_15"
      ],
      "activatingOnlyWhenExecuted": true,
      "updating": null,
      "withPredicate": null
    },
    {
      "id": "SLOWER_15",
      "execute": "SLOWER",
      "after": "1000",
      "priority": 0,
      "additionalGuards": null,
      "activationKind": null,
      "fixedVariables": {
        "Crash": "FALSE",
        "VehiclesAy": "{(EgoVehicle↦0.0),(Vehicles2↦0.0),(Vehicles3↦0.0),(Vehicles4↦0.0),(Vehicles5↦0.0)}",
        "Reward": "0.8842249657028208",
        "VehiclesAx": "{(EgoVehicle↦-4.341564178466797),(Vehicles2↦4.298626184463501),(Vehicles3↦4.2470782995224),(Vehicles4↦4.439145922660828),(Vehicles5↦4.331409335136414)}",
        "VehiclesVx": "{(EgoVehicle↦25.658435821533203),(Vehicles2↦-3.528255820274353),(Vehicles3↦-4.87296462059021),(Vehicles4↦-5.941552519798279),(Vehicles5↦-4.365084171295166)}",
        "VehiclesY": "{(EgoVehicle↦8.000000238418579),(Vehicles2↦-4.0000001192092896),(Vehicles3↦0.0),(Vehicles4↦-8.000000238418579),(Vehicles5↦-8.000000238418579)}",
        "VehiclesVy": "{(EgoVehicle↦0.0),(Vehicles2↦0.0),(Vehicles3↦0.0),(Vehicles4↦0.0),(Vehicles5↦0.0)}",
        "VehiclesX": "{(EgoVehicle↦200.0),(Vehicles2↦7.78314471244812),(Vehicles3↦19.66073364019394),(Vehicles4↦23.35810363292694),(Vehicles5↦89.19289708137512)}"
      },
      "probabilisticVariables": null,
      "activating": [
        "SLOWER_16"
      ],
      "activatingOnlyWhenExecuted": true,
      "updating": null,
      "withPredicate": null
    },
    {
      "id": "SLOWER_16",
      "execute": "SLOWER",
      "after": "1000",
      "priority": 0,
      "additionalGuards": null,
      "activationKind": null,
      "fixedVariables": {
        "Crash": "FALSE",
        "VehiclesAy": "{(EgoVehicle↦0.0),(Vehicles2↦0.0),(Vehicles3↦0.0),(Vehicles4↦0.0),(Vehicles5↦0.0)}",
        "Reward": "0.753203836361414",
        "VehiclesAx": "{(EgoVehicle↦-4.913291931152344),(Vehicles2↦4.870648682117462),(Vehicles3↦4.821671019308269),(Vehicles4↦4.99864786863327),(Vehicles5↦2.8438077867031097)}",
        "VehiclesVx": "{(EgoVehicle↦20.74514389038086),(Vehicles2↦1.3423928618431091),(Vehicles3↦-0.05129360128194094),(Vehicles4↦-0.9429046511650085),(Vehicles5↦-1.5212763845920563)}",
        "VehiclesY": "{(EgoVehicle↦8.000000238418579),(Vehicles2↦-4.0000001192092896),(Vehicles3↦0.0),(Vehicles4↦-8.000000238418579),(Vehicles5↦0.0)}",
        "VehiclesVy": "{(EgoVehicle↦0.0),(Vehicles2↦0.0),(Vehicles3↦0.0),(Vehicles4↦0.0),(Vehicles5↦0.0)}",
        "VehiclesX": "{(EgoVehicle↦200.0),(Vehicles2↦6.94827064871788),(Vehicles3↦17.461329698562622),(Vehicles4↦20.162035524845123),(Vehicles5↦86.93680167198181)}"
      },
      "probabilisticVariables": null,
      "activating": [
        "SLOWER_17"
      ],
      "activatingOnlyWhenExecuted": true,
      "updating": null,
      "withPredicate": null
    },
    {
      "id": "SLOWER_17",
      "execute": "SLOWER",
      "after": "1000",
      "priority": 0,
      "additionalGuards": null,
      "activationKind": null,
      "fixedVariables": {
        "Crash": "FALSE",
        "VehiclesAy": "{(EgoVehicle↦0.0),(Vehicles2↦0.0),(Vehicles3↦0.0),(Vehicles4↦0.0),(Vehicles5↦0.0)}",
        "Reward": "0.7359500250901175",
        "VehiclesAx": "{(EgoVehicle↦-0.6470179557800293),(Vehicles2↦0.6046368181705475),(Vehicles3↦0.5588424252346158),(Vehicles4↦0.72238365188241),(Vehicles5↦0.6910435855388641)}",
        "VehiclesVx": "{(EgoVehicle↦20.09812593460083),(Vehicles2↦1.9470296800136566),(Vehicles3↦0.5075488239526749),(Vehicles4↦-0.2205209992825985),(Vehicles5↦-0.8302327990531921)}",
        "VehiclesY": "{(EgoVehicle↦8.000000238418579),(Vehicles2↦-4.0000001192092896),(Vehicles3↦0.0),(Vehicles4↦-8.000000238418579),(Vehicles5↦0.0)}",
        "VehiclesVy": "{(EgoVehicle↦0.0),(Vehicles2↦0.0),(Vehicles3↦0.0),(Vehicles4↦0.0),(Vehicles5↦0.0)}",
        "VehiclesX": "{(EgoVehicle↦200.0),(Vehicles2↦8.630622923374176),(Vehicles3↦17.731399834156036),(Vehicles4↦19.606932997703552),(Vehicles5↦85.79037189483643)}"
      },
      "probabilisticVariables": null,
      "activating": [
        "IDLE_18"
      ],
      "activatingOnlyWhenExecuted": true,
      "updating": null,
      "withPredicate": null
    },
    {
      "id": "IDLE_18",
      "execute": "IDLE",
      "after": "1000",
      "priority": 0,
      "additionalGuards": null,
      "activationKind": null,
      "fixedVariables": {
        "Crash": "FALSE",
        "VehiclesAy": "{(EgoVehicle↦0.0),(Vehicles2↦0.0),(Vehicles3↦0.0),(Vehicles4↦0.0),(Vehicles5↦0.0)}",
        "Reward": "0.7336779182560375",
        "VehiclesAx": "{(EgoVehicle↦-0.08520364761352539),(Vehicles2↦0.04310294985771179),(Vehicles3↦0.001043267548084259),(Vehicles4↦0.1523446897044778),(Vehicles5↦0.12594878673553467)}",
        "VehiclesVx": "{(EgoVehicle↦20.012922286987305),(Vehicles2↦1.9901326298713684),(Vehicles3↦0.5085920915007591),(Vehicles4↦-0.06817630957812071),(Vehicles5↦-0.7042840123176575)}",
        "VehiclesY": "{(EgoVehicle↦8.000000238418579),(Vehicles2↦-4.0000001192092896),(Vehicles3↦0.0),(Vehicles4↦-8.000000238418579),(Vehicles5↦0.0)}",
        "VehiclesVy": "{(EgoVehicle↦0.0),(Vehicles2↦0.0),(Vehicles3↦0.0),(Vehicles4↦0.0),(Vehicles5↦0.0)}",
        "VehiclesX": "{(EgoVehicle↦200.0),(Vehicles2↦10.607791692018509),(Vehicles3↦18.251945078372955),(Vehicles4↦19.46086883544922),(Vehicles5↦85.02366542816162)}"
      },
      "probabilisticVariables": null,
      "activating": [
        "IDLE_19"
      ],
      "activatingOnlyWhenExecuted": true,
      "updating": null,
      "withPredicate": null
    },
    {
      "id": "IDLE_19",
      "execute": "IDLE",
      "after": "1000",
      "priority": 0,
      "additionalGuards": null,
      "activationKind": null,
      "fixedVariables": {
        "Crash": "FALSE",
        "VehiclesAy": "{(EgoVehicle↦0.0),(Vehicles2↦0.0),(Vehicles3↦0.0),(Vehicles4↦0.0),(Vehicles5↦0.0)}",
        "Reward": "0.7333787107717141",
        "VehiclesAx": "{(EgoVehicle↦-0.011219978332519531),(Vehicles2↦-0.030553042888641357),(Vehicles3↦-0.06841007620096207),(Vehicles4↦0.07153079757699743),(Vehicles5↦0.049426257610321045)}",
        "VehiclesVx": "{(EgoVehicle↦20.001702308654785),(Vehicles2↦1.959579586982727),(Vehicles3↦0.44018201529979706),(Vehicles4↦0.0033544879988767207),(Vehicles5↦-0.6548577547073364)}",
        "VehiclesY": "{(EgoVehicle↦8.000000238418579),(Vehicles2↦-4.0000001192092896),(Vehicles3↦0.0),(Vehicles4↦-8.000000238418579),(Vehicles5↦0.0)}",
        "VehiclesVy": "{(EgoVehicle↦0.0),(Vehicles2↦0.0),(Vehicles3↦0.0),(Vehicles4↦0.0),(Vehicles5↦0.0)}",
        "VehiclesX": "{(EgoVehicle↦200.0),(Vehicles2↦12.587375938892365),(Vehicles3↦18.734493851661682),(Vehicles4↦19.423505663871765),(Vehicles5↦84.3410313129425)}"
      },
      "probabilisticVariables": null,
      "activating": [
        "IDLE_20"
      ],
      "activatingOnlyWhenExecuted": true,
      "updating": null,
      "withPredicate": null
    },
    {
      "id": "IDLE_20",
      "execute": "IDLE",
      "after": "1000",
      "priority": 0,
      "additionalGuards": null,
      "activationKind": null,
      "fixedVariables": {
        "Crash": "FALSE",
        "VehiclesAy": "{(EgoVehicle↦0.0),(Vehicles2↦0.0),(Vehicles3↦0.0),(Vehicles4↦0.0),(Vehicles5↦0.0)}",
        "Reward": "0.733339308963079",
        "VehiclesAx": "{(EgoVehicle↦-0.0014781951904296875),(Vehicles2↦-0.03990292549133301),(Vehicles3↦-0.07318530231714249),(Vehicles4↦0.05606549879303202),(Vehicles5↦0.037703365087509155)}",
        "VehiclesVx": "{(EgoVehicle↦20.000224113464355),(Vehicles2↦1.919676661491394),(Vehicles3↦0.36699671298265457),(Vehicles4↦0.05941998679190874),(Vehicles5↦-0.6171543896198273)}",
        "VehiclesY": "{(EgoVehicle↦8.000000238418579),(Vehicles2↦-4.0000001192092896),(Vehicles3↦0.0),(Vehicles4↦-8.000000238418579),(Vehicles5↦0.0)}",
        "VehiclesVy": "{(EgoVehicle↦0.0),(Vehicles2↦0.0),(Vehicles3↦0.0),(Vehicles4↦0.0),(Vehicles5↦0.0)}",
        "VehiclesX": "{(EgoVehicle↦200.0),(Vehicles2↦14.531184732913971),(Vehicles3↦19.145213067531586),(Vehicles4↦19.449929893016815),(Vehicles5↦83.7016224861145)}"
      },
      "probabilisticVariables": null,
      "activating": [
        "IDLE_21"
      ],
      "activatingOnlyWhenExecuted": true,
      "updating": null,
      "withPredicate": null
    },
    {
      "id": "IDLE_21",
      "execute": "IDLE",
      "after": "1000",
      "priority": 0,
      "additionalGuards": null,
      "activationKind": null,
      "fixedVariables": {
        "Crash": "FALSE",
        "VehiclesAy": "{(EgoVehicle↦0.0),(Vehicles2↦0.0),(Vehicles3↦0.0),(Vehicles4↦0.0),(Vehicles5↦0.0)}",
        "Reward": "0.7333341202475384",
        "VehiclesAx": "{(EgoVehicle↦-0.00019550323486328125),(Vehicles2↦-0.04071831703186035),(Vehicles3↦-0.06915586069226265),(Vehicles4↦0.04994512069970369),(Vehicles5↦0.034858621656894684)}",
        "VehiclesVx": "{(EgoVehicle↦20.000028610229492),(Vehicles2↦1.8789583444595337),(Vehicles3↦0.2978408522903919),(Vehicles4↦0.10936510749161243),(Vehicles5↦-0.5822957679629326)}",
        "VehiclesY": "{(EgoVehicle↦8.000000238418579),(Vehicles2↦-4.0000001192092896),(Vehicles3↦0.0),(Vehicles4↦-8.000000238418579),(Vehicles5↦0.0)}",
        "VehiclesVy": "{(EgoVehicle↦0.0),(Vehicles2↦0.0),(Vehicles3↦0.0),(Vehicles4↦0.0),(Vehicles5↦0.0)}",
        "VehiclesX": "{(EgoVehicle↦200.0),(Vehicles2↦16.43456220626831),(Vehicles3↦19.48414146900177),(Vehicles4↦19.529713690280914),(Vehicles5↦83.09854865074158)}"
      },
      "probabilisticVariables": null,
      "activating": [
        "IDLE_22"
      ],
      "activatingOnlyWhenExecuted": true,
      "updating": null,
      "withPredicate": null
    },
    {
      "id": "IDLE_22",
      "execute": "IDLE",
      "after": "1000",
      "priority": 0,
      "additionalGuards": null,
      "activationKind": null,
      "fixedVariables": {
        "Crash": "FALSE",
        "VehiclesAy": "{(EgoVehicle↦0.0),(Vehicles2↦0.0),(Vehicles3↦0.0),(Vehicles4↦0.0),(Vehicles5↦0.0)}",
        "Reward": "0.7333334369598954",
        "VehiclesAx": "{(EgoVehicle↦-2.384185791015625E-05),(Vehicles2↦-0.04033997654914856),(Vehicles3↦-0.14282402582466602),(Vehicles4↦0.1247094664722681),(Vehicles5↦0.033438540995121)}",
        "VehiclesVx": "{(EgoVehicle↦20.000004768371582),(Vehicles2↦1.8386183679103851),(Vehicles3↦0.1550168264657259),(Vehicles4↦0.23407457396388054),(Vehicles5↦-0.5488572269678116)}",
        "VehiclesY": "{(EgoVehicle↦8.000000238418579),(Vehicles2↦-4.0000001192092896),(Vehicles3↦-8.000000238418579),(Vehicles4↦0.0),(Vehicles5↦0.0)}",
        "VehiclesVy": "{(EgoVehicle↦0.0),(Vehicles2↦0.0),(Vehicles3↦0.0),(Vehicles4↦0.0),(Vehicles5↦0.0)}",
        "VehiclesX": "{(EgoVehicle↦200.0),(Vehicles2↦18.297341465950012),(Vehicles3↦19.657647609710693),(Vehicles4↦19.756026566028595),(Vehicles5↦82.52972364425659)}"
      },
      "probabilisticVariables": null,
      "activating": [
        "LANE_LEFT_23"
      ],
      "activatingOnlyWhenExecuted": true,
      "updating": null,
      "withPredicate": null
    },
    {
      "id": "LANE_LEFT_23",
      "execute": "LANE_LEFT",
      "after": "1000",
      "priority": 0,
      "additionalGuards": null,
      "activationKind": null,
      "fixedVariables": {
        "Crash": "FALSE",
        "VehiclesAy": "{(EgoVehicle↦-1.1458636075258255),(Vehicles2↦1.1458636075258255),(Vehicles3↦1.1458636075258255),(Vehicles4↦1.1458636075258255),(Vehicles5↦1.1458636075258255)}",
        "Reward": "0.7000000000000001",
        "VehiclesAx": "{(EgoVehicle↦-0.03285646438598633),(Vehicles2↦-1.6086654551327229),(Vehicles3↦0.053826747462153435),(Vehicles4↦1.59766199067235),(Vehicles5↦0.06524506956338882)}",
        "VehiclesVx": "{(EgoVehicle↦19.967148303985596),(Vehicles2↦0.22995291277766228),(Vehicles3↦0.20884357392787933),(Vehicles4↦1.8317365646362305),(Vehicles5↦-0.48361215740442276)}",
        "VehiclesY": "{(EgoVehicle↦4.396300435066223),(Vehicles2↦-4.396300435066223),(Vehicles3↦3.6036994457244873),(Vehicles4↦-0.3963004946708679),(Vehicles5↦3.6036994457244873)}",
        "VehiclesVy": "{(EgoVehicle↦-1.1458636075258255),(Vehicles2↦1.1458636075258255),(Vehicles3↦1.1458636075258255),(Vehicles4↦1.1458636075258255),(Vehicles5↦1.1458636075258255)}",
        "VehiclesX": "{(EgoVehicle↦200.0),(Vehicles2↦20.216356217861176),(Vehicles3↦20.353002846240997),(Vehicles4↦20.506606996059418),(Vehicles5↦82.38049149513245)}"
      },
      "probabilisticVariables": null,
      "activating": [
        "IDLE_24"
      ],
      "activatingOnlyWhenExecuted": true,
      "updating": null,
      "withPredicate": null
    },
    {
      "id": "IDLE_24",
      "execute": "IDLE",
      "after": "1000",
      "priority": 0,
      "additionalGuards": null,
      "activationKind": null,
      "fixedVariables": {
        "Crash": "FALSE",
        "VehiclesAy": "{(EgoVehicle↦1.0740609094500542),(Vehicles2↦-1.0740609094500542),(Vehicles3↦-1.0740609094500542),(Vehicles4↦-1.0740609094500542),(Vehicles5↦1.2176663056015968)}",
        "Reward": "0.7000000000000001",
        "VehiclesAx": "{(EgoVehicle↦0.03272294998168945),(Vehicles2↦0.006286725401878357),(Vehicles3↦-0.08505209349095821),(Vehicles4↦-0.0717519223690033),(Vehicles5↦-0.0011915713548660278)}",
        "VehiclesVx": "{(EgoVehicle↦19.999871253967285),(Vehicles2↦0.23623963817954063),(Vehicles3↦0.12379148043692112),(Vehicles4↦1.7599846422672272),(Vehicles5↦-0.4848037287592888)}",
        "VehiclesY": "{(EgoVehicle↦4.024722576141357),(Vehicles2↦-4.024722576141357),(Vehicles3↦3.9752776622772217),(Vehicles4↦-0.02472245693206787),(Vehicles5↦3.9752776622772217)}",
        "VehiclesVy": "{(EgoVehicle↦-0.07180269807577133),(Vehicles2↦0.07180269807577133),(Vehicles3↦0.07180269807577133),(Vehicles4↦0.07180269807577133),(Vehicles5↦0.07180269807577133)}",
        "VehiclesX": "{(EgoVehicle↦200.0),(Vehicles2↦20.434574782848358),(Vehicles3↦20.512887835502625),(Vehicles4↦22.295105457305908),(Vehicles5↦81.88198804855347)}"
      },
      "probabilisticVariables": null,
      "activating": [
        "SLOWER_25"
      ],
      "activatingOnlyWhenExecuted": true,
      "updating": null,
      "withPredicate": null
    },
    {
      "id": "SLOWER_25",
      "execute": "SLOWER",
      "after": "1000",
      "priority": 0,
      "additionalGuards": null,
      "activationKind": null,
      "fixedVariables": {
        "Crash": "FALSE",
        "VehiclesAy": "{(EgoVehicle↦0.06733491754857823),(Vehicles2↦-0.06733491754857823),(Vehicles3↦-0.06733491754857823),(Vehicles4↦-0.06733491754857823),(Vehicles5↦0.07627047860296443)}",
        "Reward": "0.7000000000000001",
        "VehiclesAx": "{(EgoVehicle↦0.00012874603271484375),(Vehicles2↦-0.15918501187115908),(Vehicles3↦0.1486498024314642),(Vehicles4↦-0.038372427225112915),(Vehicles5↦0.03066129982471466)}",
        "VehiclesVx": "{(EgoVehicle↦20.0),(Vehicles2↦0.07705462630838156),(Vehicles3↦0.2724412828683853),(Vehicles4↦1.7216122150421143),(Vehicles5↦-0.4541424289345741)}",
        "VehiclesY": "{(EgoVehicle↦4.001538276672363),(Vehicles2↦3.998461604118347),(Vehicles3↦-4.001538276672363),(Vehicles4↦-0.001538257347419858),(Vehicles5↦3.998461604118347)}",
        "VehiclesVy": "{(EgoVehicle↦-0.004467780527193099),(Vehicles2↦0.004467780527193099),(Vehicles3↦0.004467780527193099),(Vehicles4↦0.004467780527193099),(Vehicles5↦0.004467780527193099)}",
        "VehiclesX": "{(EgoVehicle↦200.0),(Vehicles2↦20.617473125457764),(Vehicles3↦20.685438811779022),(Vehicles4↦24.0396186709404),(Vehicles5↦81.40944838523865)}"
      },
      "probabilisticVariables": null,
      "activating": [
        "SLOWER_26"
      ],
      "activatingOnlyWhenExecuted": true,
      "updating": null,
      "withPredicate": null
    },
    {
      "id": "SLOWER_26",
      "execute": "SLOWER",
      "after": "1000",
      "priority": 0,
      "additionalGuards": null,
      "activationKind": null,
      "fixedVariables": {
        "Crash": "FALSE",
        "VehiclesAy": "{(EgoVehicle↦0.004189795672573382),(Vehicles2↦-0.004189795672573382),(Vehicles3↦-0.004189795672573382),(Vehicles4↦-0.004189795672573382),(Vehicles5↦0.0047457653818128165)}",
        "Reward": "0.7000000000000001",
        "VehiclesAx": "{(EgoVehicle↦0.0),(Vehicles2↦-0.04100250778719783),(Vehicles3↦0.033976249396800995),(Vehicles4↦-0.03738671541213989),(Vehicles5↦0.03012869507074356)}",
        "VehiclesVx": "{(EgoVehicle↦20.0),(Vehicles2↦0.03605211852118373),(Vehicles3↦0.3064175322651863),(Vehicles4↦1.6842254996299744),(Vehicles5↦-0.42401373386383057)}",
        "VehiclesY": "{(EgoVehicle↦4.00009560585022),(Vehicles2↦3.9999042749404907),(Vehicles3↦-4.00009560585022),(Vehicles4↦-9.571020200382918E-05),(Vehicles5↦3.9999042749404907)}",
        "VehiclesVy": "{(EgoVehicle↦-0.0002779848546197172),(Vehicles2↦0.0002779848546197172),(Vehicles3↦0.0002779848546197172),(Vehicles4↦0.0002779848546197172),(Vehicles5↦0.0002779848546197172)}",
        "VehiclesX": "{(EgoVehicle↦200.0),(Vehicles2↦20.677684247493744),(Vehicles3↦20.971646904945374),(Vehicles4↦25.74620544910431),(Vehicles5↦80.9674084186554)}"
      },
      "probabilisticVariables": null,
      "activating": [
        "SLOWER_27"
      ],
      "activatingOnlyWhenExecuted": true,
      "updating": null,
      "withPredicate": null
    },
    {
      "id": "SLOWER_27",
      "execute": "SLOWER",
      "after": "1000",
      "priority": 0,
      "additionalGuards": null,
      "activationKind": null,
      "fixedVariables": {
        "Crash": "FALSE",
        "VehiclesAy": "{(EgoVehicle↦0.00026068866986861394),(Vehicles2↦-0.00026068866986861394),(Vehicles3↦-0.00026068866986861394),(Vehicles4↦-0.00026068866986861394),(Vehicles5↦0.0002952810393708205)}",
        "Reward": "0.7000000000039043",
        "VehiclesAx": "{(EgoVehicle↦0.0),(Vehicles2↦-0.03557647425623145),(Vehicles3↦0.031897202134132385),(Vehicles4↦-0.03646045923233032),(Vehicles5↦0.029523558914661407)}",
        "VehiclesVx": "{(EgoVehicle↦20.0),(Vehicles2↦0.00047564426495227963),(Vehicles3↦0.3383147343993187),(Vehicles4↦1.647765040397644),(Vehicles5↦-0.39449017494916916)}",
        "VehiclesY": "{(EgoVehicle↦4.000005841255188),(Vehicles2↦3.9999940395355225),(Vehicles3↦-4.000005841255188),(Vehicles4↦-5.955076858299435E-06),(Vehicles5↦3.9999940395355225)}",
        "VehiclesVy": "{(EgoVehicle↦-1.7296184751103283E-05),(Vehicles2↦1.7296184751103283E-05),(Vehicles3↦1.7296184751103283E-05),(Vehicles4↦1.7296184751103283E-05),(Vehicles5↦1.7296184751103283E-05)}",
        "VehiclesX": "{(EgoVehicle↦200.0),(Vehicles2↦20.69908082485199),(Vehicles3↦21.290980279445648),(Vehicles4↦27.415770292282104),(Vehicles5↦80.55525422096252)}"
      },
      "probabilisticVariables": null,
      "activating": [
        "SLOWER_28"
      ],
      "activatingOnlyWhenExecuted": true,
      "updating": null,
      "withPredicate": null
    },
    {
      "id": "SLOWER_28",
      "execute": "SLOWER",
      "after": "1000",
      "priority": 0,
      "additionalGuards": null,
      "activationKind": null,
      "fixedVariables": {
        "Crash": "FALSE",
        "VehiclesAy": "{(EgoVehicle↦1.622001825296593E-05),(Vehicles2↦-1.6220018324020202E-05),(Vehicles3↦-1.6220018324020202E-05),(Vehicles4↦-1.6220018324020202E-05),(Vehicles5↦1.8372351178186364E-05)}",
        "Reward": "0.7000000000005397",
        "VehiclesAx": "{(EgoVehicle↦0.0),(Vehicles2↦-0.030386330690816976),(Vehicles3↦0.030049048364162445),(Vehicles4↦-0.0354728102684021),(Vehicles5↦0.028953514993190765)}",
        "VehiclesVx": "{(EgoVehicle↦20.0),(Vehicles2↦-0.029910686425864697),(Vehicles3↦0.36836378276348114),(Vehicles4↦1.612292230129242),(Vehicles5↦-0.3655366599559784)}",
        "VehiclesY": "{(EgoVehicle↦4.000000476837158),(Vehicles2↦3.999999761581421),(Vehicles3↦-4.000000476837158),(Vehicles4↦-3.705241766738254E-07),(Vehicles5↦3.999999761581421)}",
        "VehiclesVy": "{(EgoVehicle↦-1.0761664981373542E-06),(Vehicles2↦1.0761664270830806E-06),(Vehicles3↦1.0761664270830806E-06),(Vehicles4↦1.0761664270830806E-06),(Vehicles5↦1.0761664270830806E-06)}",
        "VehiclesX": "{(EgoVehicle↦200.0),(Vehicles2↦20.6869974732399),(Vehicles3↦21.641454100608826),(Vehicles4↦29.049262404441833),(Vehicles5↦80.17238974571228)}"
      },
      "probabilisticVariables": null,
      "activating": [
        "SLOWER_29"
      ],
      "activatingOnlyWhenExecuted": true,
      "updating": null,
      "withPredicate": null
    },
    {
      "id": "SLOWER_29",
      "execute": "SLOWER",
      "after": "1000",
      "priority": 0,
      "additionalGuards": null,
      "activationKind": null,
      "fixedVariables": {
        "Crash": "FALSE",
        "VehiclesAy": "{(EgoVehicle↦1.009207553082092E-06),(Vehicles2↦-1.0092074731460343E-06),(Vehicles3↦-1.0092074731460343E-06),(Vehicles4↦-1.0092074731460343E-06),(Vehicles5↦1.143125381020127E-06)}",
        "Reward": "0.7000000000000711",
        "VehiclesAx": "{(EgoVehicle↦0.0),(Vehicles2↦-0.025473772548139095),(Vehicles3↦0.028397738933563232),(Vehicles4↦-0.03442943096160889),(Vehicles5↦0.028405524790287018)}",
        "VehiclesVx": "{(EgoVehicle↦20.0),(Vehicles2↦-0.05538445897400379),(Vehicles3↦0.3967615216970444),(Vehicles4↦1.577862799167633),(Vehicles5↦-0.3371311351656914)}",
        "VehiclesY": "{(EgoVehicle↦4.0000001192092896),(Vehicles2↦4.0000001192092896),(Vehicles3↦-4.0000001192092896),(Vehicles4↦-2.3053969400166352E-08),(Vehicles5↦4.0000001192092896)}",
        "VehiclesVy": "{(EgoVehicle↦-6.695894505526212E-08),(Vehicles2↦6.695895393704632E-08),(Vehicles3↦6.695895393704632E-08),(Vehicles4↦6.695895393704632E-08),(Vehicles5↦6.695895393704632E-08)}",
        "VehiclesX": "{(EgoVehicle↦200.0),(Vehicles2↦20.646515488624573),(Vehicles3↦22.021301090717316),(Vehicles4↦30.647698044776917),(Vehicles5↦79.81825470924377)}"
      },
      "probabilisticVariables": null,
      "activating": [
        "SLOWER_30"
      ],
      "activatingOnlyWhenExecuted": true,
      "updating": null,
      "withPredicate": null
    },
    {
      "id": "SLOWER_30",
      "execute": "SLOWER",
      "after": "1000",
      "priority": 0,
      "additionalGuards": null,
      "activationKind": null,
      "fixedVariables": {
        "Crash": "FALSE",
        "VehiclesAy": "{(EgoVehicle↦6.279276654197474E-08),(Vehicles2↦-6.279277542375894E-08),(Vehicles3↦-6.279277542375894E-08),(Vehicles4↦-6.279277542375894E-08),(Vehicles5↦7.11251324503337E-08)}",
        "Reward": "0.7000000000000094",
        "VehiclesAx": "{(EgoVehicle↦0.0),(Vehicles2↦-0.020869243890047073),(Vehicles3↦0.026915110647678375),(Vehicles4↦-0.033337175846099854),(Vehicles5↦0.027870256453752518)}",
        "VehiclesVx": "{(EgoVehicle↦20.0),(Vehicles2↦-0.07625370286405087),(Vehicles3↦0.42367663234472275),(Vehicles4↦1.5445256233215332),(Vehicles5↦-0.30926087871193886)}",
        "VehiclesY": "{(EgoVehicle↦4.0000001192092896),(Vehicles2↦4.0000001192092896),(Vehicles3↦-4.0000001192092896),(Vehicles4↦-1.4344152532430599E-09),(Vehicles5↦4.0000001192092896)}",
        "VehiclesVy": "{(EgoVehicle↦-4.1661785132873774E-09),(Vehicles2↦4.1661785132873774E-09),(Vehicles3↦4.1661785132873774E-09),(Vehicles4↦4.1661785132873774E-09),(Vehicles5↦4.1661785132873774E-09)}",
        "VehiclesX": "{(EgoVehicle↦200.0),(Vehicles2↦20.582428574562073),(Vehicles3↦22.42894172668457),(Vehicles4↦32.212138175964355),(Vehicles5↦79.49231266975403)}"
      },
      "probabilisticVariables": null,
      "activating": [
        "SLOWER_31"
      ],
      "activatingOnlyWhenExecuted": true,
      "updating": null,
      "withPredicate": null
    },
    {
      "id": "SLOWER_31",
      "execute": "SLOWER",
      "after": "1000",
      "priority": 0,
      "additionalGuards": null,
      "activationKind": null,
      "fixedVariables": {
        "Crash": "FALSE",
        "VehiclesAy": "{(EgoVehicle↦3.906954759713699E-09),(Vehicles2↦-3.906954759713699E-09),(Vehicles3↦-3.906954759713699E-09),(Vehicles4↦-3.906954759713699E-09),(Vehicles5↦4.425402266861056E-09)}",
        "Reward": "0.7000000000000012",
        "VehiclesAx": "{(EgoVehicle↦0.0),(Vehicles2↦-0.01659233123064041),(Vehicles3↦0.02557758241891861),(Vehicles4↦-0.032203495502471924),(Vehicles5↦0.027341600507497787)}",
        "VehiclesVx": "{(EgoVehicle↦20.0),(Vehicles2↦-0.09284603409469128),(Vehicles3↦0.44925421476364136),(Vehicles4↦1.5123221278190613),(Vehicles5↦-0.28191927820444107)}",
        "VehiclesY": "{(EgoVehicle↦4.0000001192092896),(Vehicles2↦4.0000001192092896),(Vehicles3↦-4.0000001192092896),(Vehicles4↦-8.924994077119663E-11),(Vehicles5↦4.0000001192092896)}",
        "VehiclesVy": "{(EgoVehicle↦-2.5922375357367855E-10),(Vehicles2↦2.5922375357367855E-10),(Vehicles3↦2.5922375357367855E-10),(Vehicles4↦2.5922375357367855E-10),(Vehicles5↦2.5922375357367855E-10)}",
        "VehiclesX": "{(EgoVehicle↦200.0),(Vehicles2↦20.499208569526672),(Vehicles3↦22.862951457500458),(Vehicles4↦33.743688464164734),(Vehicles5↦79.19403314590454)}"
      },
      "probabilisticVariables": null,
      "activating": [
        "SLOWER_32"
      ],
      "activatingOnlyWhenExecuted": true,
      "updating": null,
      "withPredicate": null
    },
    {
      "id": "SLOWER_32",
      "execute": "SLOWER",
      "after": "1000",
      "priority": 0,
      "additionalGuards": null,
      "activationKind": null,
      "fixedVariables": {
        "Crash": "FALSE",
        "VehiclesAy": "{(EgoVehicle↦2.430944334719243E-10),(Vehicles2↦-2.430944334719243E-10),(Vehicles3↦-2.430944334719243E-10),(Vehicles4↦-2.430944334719243E-10),(Vehicles5↦2.753530736754328E-10)}",
        "Reward": "0.7000000000000002",
        "VehiclesAx": "{(EgoVehicle↦0.0),(Vehicles2↦-0.012653069570660591),(Vehicles3↦0.024365819990634918),(Vehicles4↦-0.03103494644165039),(Vehicles5↦0.026815645396709442)}",
        "VehiclesVx": "{(EgoVehicle↦20.0),(Vehicles2↦-0.10549910366535187),(Vehicles3↦0.4736200347542763),(Vehicles4↦1.4812871813774109),(Vehicles5↦-0.25510363280773163)}",
        "VehiclesY": "{(EgoVehicle↦4.0000001192092896),(Vehicles2↦4.0000001192092896),(Vehicles3↦-4.0000001192092896),(Vehicles4↦-5.552891479965183E-12),(Vehicles5↦4.0000001192092896)}",
        "VehiclesVy": "{(EgoVehicle↦-1.6129320101754274E-11),(Vehicles2↦1.6129320101754274E-11),(Vehicles3↦1.6129320101754274E-11),(Vehicles4↦1.6129320101754274E-11),(Vehicles5↦1.6129320101754274E-11)}",
        "VehiclesX": "{(EgoVehicle↦200.0),(Vehicles2↦20.40099948644638),(Vehicles3↦23.32204431295395),(Vehicles4↦35.243502259254456),(Vehicles5↦78.92287969589233)}"
      },
      "probabilisticVariables": null,
      "activating": [
        "SLOWER_33"
      ],
      "activatingOnlyWhenExecuted": true,
      "updating": null,
      "withPredicate": null
    },
    {
      "id": "SLOWER_33",
      "execute": "SLOWER",
      "after": "1000",
      "priority": 0,
      "additionalGuards": null,
      "activationKind": null,
      "fixedVariables": {
        "Crash": "FALSE",
        "VehiclesAy": "{(EgoVehicle↦1.511679670329613E-11),(Vehicles2↦-1.511679670329613E-11),(Vehicles3↦-1.511679670329613E-11),(Vehicles4↦-1.511679670329613E-11),(Vehicles5↦1.7141843500212417E-11)}",
        "Reward": "0.7000000000000001",
        "VehiclesAx": "{(EgoVehicle↦0.0),(Vehicles2↦-0.009053228422999382),(Vehicles3↦0.023263506591320038),(Vehicles4↦-0.029839277267456055),(Vehicles5↦0.026290249079465866)}",
        "VehiclesVx": "{(EgoVehicle↦20.0),(Vehicles2↦-0.11455233208835125),(Vehicles3↦0.4968835413455963),(Vehicles4↦1.4514479041099548),(Vehicles5↦-0.22881338372826576)}",
        "VehiclesY": "{(EgoVehicle↦4.0000001192092896),(Vehicles2↦4.0000001192092896),(Vehicles3↦-4.0000001192092896),(Vehicles4↦-3.4505731605349865E-13),(Vehicles5↦4.0000001192092896)}",
        "VehiclesVy": "{(EgoVehicle↦-1.0125233984581428E-12),(Vehicles2↦1.0125233984581428E-12),(Vehicles3↦1.0125233984581428E-12),(Vehicles4↦1.0125233984581428E-12),(Vehicles5↦1.0125233984581428E-12)}",
        "VehiclesX": "{(EgoVehicle↦200.0),(Vehicles2↦20.291605591773987),(Vehicles3↦23.805053532123566),(Vehicles4↦36.712756752967834),(Vehicles5↦78.67833971977234)}"
      },
      "probabilisticVariables": null,
      "activating": [
        "SLOWER_34"
      ],
      "activatingOnlyWhenExecuted": true,
      "updating": null,
      "withPredicate": null
    },
    {
      "id": "SLOWER_34",
      "execute": "SLOWER",
      "after": "1000",
      "priority": 0,
      "additionalGuards": null,
      "activationKind": null,
      "fixedVariables": {
        "Crash": "FALSE",
        "VehiclesAy": "{(EgoVehicle↦9.592326932761353E-13),(Vehicles2↦-9.592326932761353E-13),(Vehicles3↦-9.592326932761353E-13),(Vehicles4↦-9.592326932761353E-13),(Vehicles5↦1.0658141036401503E-12)}",
        "Reward": "0.7000000000000001",
        "VehiclesAx": "{(EgoVehicle↦0.0),(Vehicles2↦-0.0057878438383340836),(Vehicles3↦0.022256821393966675),(Vehicles4↦-0.028623342514038086),(Vehicles5↦0.025764424353837967)}",
        "VehiclesVx": "{(EgoVehicle↦20.0),(Vehicles2↦-0.12034017592668533),(Vehicles3↦0.519140362739563),(Vehicles4↦1.4228245615959167),(Vehicles5↦-0.2030489593744278)}",
        "VehiclesY": "{(EgoVehicle↦4.0000001192092896),(Vehicles2↦4.0000001192092896),(Vehicles3↦-4.0000001192092896),(Vehicles4↦-2.1316282072803006E-14),(Vehicles5↦4.0000001192092896)}",
        "VehiclesVy": "{(EgoVehicle↦-5.3290705182007514E-14),(Vehicles2↦5.3290705182007514E-14),(Vehicles3↦5.3290705182007514E-14),(Vehicles4↦5.3290705182007514E-14),(Vehicles5↦5.3290705182007514E-14)}",
        "VehiclesX": "{(EgoVehicle↦200.0),(Vehicles2↦20.17448991537094),(Vehicles3↦24.310916662216187),(Vehicles4↦38.15265893936157),(Vehicles5↦78.4598708152771)}"
      },
      "probabilisticVariables": null,
      "activating": [
        "SLOWER_35"
      ],
      "activatingOnlyWhenExecuted": true,
      "updating": null,
      "withPredicate": null
    },
    {
      "id": "SLOWER_35",
      "execute": "SLOWER",
      "after": "1000",
      "priority": 0,
      "additionalGuards": null,
      "activationKind": null,
      "fixedVariables": {
        "Crash": "FALSE",
        "VehiclesAy": "{(EgoVehicle↦3.552713678800501E-14),(Vehicles2↦-3.552713678800501E-14),(Vehicles3↦-3.552713678800501E-14),(Vehicles4↦-3.552713678800501E-14),(Vehicles5↦7.105427357601002E-14)}",
        "Reward": "0.7000000000000001",
        "VehiclesAx": "{(EgoVehicle↦0.0),(Vehicles2↦-0.0028465501964092255),(Vehicles3↦0.021334215998649597),(Vehicles4↦-0.02739444375038147),(Vehicles5↦0.025238022208213806)}",
        "VehiclesVx": "{(EgoVehicle↦20.0),(Vehicles2↦-0.12318672612309456),(Vehicles3↦0.5404745787382126),(Vehicles4↦1.3954301178455353),(Vehicles5↦-0.177810937166214)}",
        "VehiclesY": "{(EgoVehicle↦4.0000001192092896),(Vehicles2↦4.0000001192092896),(Vehicles3↦-4.0000001192092896),(Vehicles4↦-1.3322676295501878E-15),(Vehicles5↦4.0000001192092896)}",
        "VehiclesVy": "{(EgoVehicle↦-1.7763568394002505E-14),(Vehicles2↦1.7763568394002505E-14),(Vehicles3↦1.7763568394002505E-14),(Vehicles4↦1.7763568394002505E-14),(Vehicles5↦1.7763568394002505E-14)}",
        "VehiclesX": "{(EgoVehicle↦200.0),(Vehicles2↦20.05278766155243),(Vehicles3↦24.838662147521973),(Vehicles4↦39.564427733421326),(Vehicles5↦78.26696038246155)}"
      },
      "probabilisticVariables": null,
      "activating": [
        "SLOWER_36"
      ],
      "activatingOnlyWhenExecuted": true,
      "updating": null,
      "withPredicate": null
    },
    {
      "id": "SLOWER_36",
      "execute": "SLOWER",
      "after": "1000",
      "priority": 0,
      "additionalGuards": null,
      "activationKind": null,
      "fixedVariables": {
        "Crash": "FALSE",
        "VehiclesAy": "{(EgoVehicle↦1.7763568394002505E-14),(Vehicles2↦-1.7763568394002505E-14),(Vehicles3↦-1.7763568394002505E-14),(Vehicles4↦-1.7763568394002505E-14),(Vehicles5↦1.7763568394002505E-14)}",
        "Reward": "0.7000000000000001",
        "VehiclesAx": "{(EgoVehicle↦0.0),(Vehicles2↦-0.00021494925022125244),(Vehicles3↦0.020485632121562958),(Vehicles4↦-0.02615898847579956),(Vehicles5↦0.024711405858397484)}",
        "VehiclesVx": "{(EgoVehicle↦20.0),(Vehicles2↦-0.12340167537331581),(Vehicles3↦0.5609602108597755),(Vehicles4↦1.3692711293697357),(Vehicles5↦-0.1530995313078165)}",
        "VehiclesY": "{(EgoVehicle↦4.0000001192092896),(Vehicles2↦4.0000001192092896),(Vehicles3↦-4.0000001192092896),(Vehicles4↦0.0),(Vehicles5↦4.0000001192092896)}",
        "VehiclesVy": "{(EgoVehicle↦0.0),(Vehicles2↦0.0),(Vehicles3↦0.0),(Vehicles4↦0.0),(Vehicles5↦0.0)}",
        "VehiclesX": "{(EgoVehicle↦200.0),(Vehicles2↦19.929316639900208),(Vehicles3↦25.387394428253174),(Vehicles4↦40.94929397106171),(Vehicles5↦78.09907793998718)}"
      },
      "probabilisticVariables": null,
      "activating": [
        "SLOWER_37"
      ],
      "activatingOnlyWhenExecuted": true,
      "updating": null,
      "withPredicate": null
    },
    {
      "id": "SLOWER_37",
      "execute": "SLOWER",
      "after": "1000",
      "priority": 0,
      "additionalGuards": null,
      "activationKind": null,
      "fixedVariables": {
        "Crash": "FALSE",
        "VehiclesAy": "{(EgoVehicle↦0.0),(Vehicles2↦0.0),(Vehicles3↦0.0),(Vehicles4↦0.0),(Vehicles5↦0.0)}",
        "Reward": "0.7000000000000001",
        "VehiclesAx": "{(EgoVehicle↦0.0),(Vehicles2↦0.0021243002265691757),(Vehicles3↦0.019702725112438202),(Vehicles4↦-0.024923235177993774),(Vehicles5↦0.02418527379631996)}",
        "VehiclesVx": "{(EgoVehicle↦20.0),(Vehicles2↦-0.12127737514674664),(Vehicles3↦0.5806629359722137),(Vehicles4↦1.344347894191742),(Vehicles5↦-0.12891425751149654)}",
        "VehiclesY": "{(EgoVehicle↦4.0000001192092896),(Vehicles2↦4.0000001192092896),(Vehicles3↦-4.0000001192092896),(Vehicles4↦0.0),(Vehicles5↦4.0000001192092896)}",
        "VehiclesVy": "{(EgoVehicle↦0.0),(Vehicles2↦0.0),(Vehicles3↦0.0),(Vehicles4↦0.0),(Vehicles5↦0.0)}",
        "VehiclesX": "{(EgoVehicle↦200.0),(Vehicles2↦19.80658918619156),(Vehicles3↦25.956296920776367),(Vehicles4↦42.30849742889404),(Vehicles5↦77.9556930065155)}"
      },
      "probabilisticVariables": null,
      "activating": [
        "SLOWER_38"
      ],
      "activatingOnlyWhenExecuted": true,
      "updating": null,
      "withPredicate": null
    },
    {
      "id": "SLOWER_38",
      "execute": "SLOWER",
      "after": "1000",
      "priority": 0,
      "additionalGuards": null,
      "activationKind": null,
      "fixedVariables": {
        "Crash": "FALSE",
        "VehiclesAy": "{(EgoVehicle↦0.0),(Vehicles2↦0.0),(Vehicles3↦0.0),(Vehicles4↦0.0),(Vehicles5↦0.0)}",
        "Reward": "0.7000000000000001",
        "VehiclesAx": "{(EgoVehicle↦0.0),(Vehicles2↦0.004190355539321899),(Vehicles3↦0.01897800713777542),(Vehicles4↦-0.023693889379501343),(Vehicles5↦0.02366054803133011)}",
        "VehiclesVx": "{(EgoVehicle↦20.0),(Vehicles2↦-0.11708701960742474),(Vehicles3↦0.5996409431099892),(Vehicles4↦1.3206540048122406),(Vehicles5↦-0.10525370948016644)}",
        "VehiclesY": "{(EgoVehicle↦4.0000001192092896),(Vehicles2↦4.0000001192092896),(Vehicles3↦-4.0000001192092896),(Vehicles4↦0.0),(Vehicles5↦4.0000001192092896)}",
        "VehiclesVy": "{(EgoVehicle↦0.0),(Vehicles2↦0.0),(Vehicles3↦0.0),(Vehicles4↦0.0),(Vehicles5↦0.0)}",
        "VehiclesX": "{(EgoVehicle↦200.0),(Vehicles2↦19.686833024024963),(Vehicles3↦26.544606685638428),(Vehicles4↦43.64326894283295),(Vehicles5↦77.83628702163696)}"
      },
      "probabilisticVariables": null,
      "activating": [
        "SLOWER_39"
      ],
      "activatingOnlyWhenExecuted": true,
      "updating": null,
      "withPredicate": null
    },
    {
      "id": "SLOWER_39",
      "execute": "SLOWER",
      "after": "1000",
      "priority": 0,
      "additionalGuards": null,
      "activationKind": null,
      "fixedVariables": {
        "Crash": "FALSE",
        "VehiclesAy": "{(EgoVehicle↦0.0),(Vehicles2↦0.0),(Vehicles3↦0.0),(Vehicles4↦0.0),(Vehicles5↦0.0)}",
        "Reward": "0.7000000000000001",
        "VehiclesAx": "{(EgoVehicle↦0.0),(Vehicles2↦0.006003454327583313),(Vehicles3↦0.018305368721485138),(Vehicles4↦-0.02247557044029236),(Vehicles5↦0.023138215765357018)}",
        "VehiclesVx": "{(EgoVehicle↦20.0),(Vehicles2↦-0.11108356527984142),(Vehicles3↦0.6179463118314743),(Vehicles4↦1.2981784343719482),(Vehicles5↦-0.08211549371480942)}",
        "VehiclesY": "{(EgoVehicle↦4.0000001192092896),(Vehicles2↦4.0000001192092896),(Vehicles3↦-4.0000001192092896),(Vehicles4↦0.0),(Vehicles5↦4.0000001192092896)}",
        "VehiclesVy": "{(EgoVehicle↦0.0),(Vehicles2↦0.0),(Vehicles3↦0.0),(Vehicles4↦0.0),(Vehicles5↦0.0)}",
        "VehiclesX": "{(EgoVehicle↦200.0),(Vehicles2↦19.57201212644577),(Vehicles3↦27.151623368263245),(Vehicles4↦44.95483636856079),(Vehicles5↦77.74032950401306)}"
      },
      "probabilisticVariables": null,
      "activating": [
        "SLOWER_40"
      ],
      "activatingOnlyWhenExecuted": true,
      "updating": null,
      "withPredicate": null
    },
    {
      "id": "SLOWER_40",
      "execute": "SLOWER",
      "after": "1000",
      "priority": 0,
      "additionalGuards": null,
      "activationKind": null,
      "fixedVariables": {
        "Crash": "FALSE",
        "VehiclesAy": "{(EgoVehicle↦0.0),(Vehicles2↦0.0),(Vehicles3↦0.0),(Vehicles4↦0.0),(Vehicles5↦0.0)}",
        "Reward": "0.7000000000000001",
        "VehiclesAx": "{(EgoVehicle↦0.0),(Vehicles2↦0.007584141567349434),(Vehicles3↦0.017679184675216675),(Vehicles4↦-0.021273791790008545),(Vehicles5↦0.022619296796619892)}",
        "VehiclesVx": "{(EgoVehicle↦20.0),(Vehicles2↦-0.10349942371249199),(Vehicles3↦0.635625496506691),(Vehicles4↦1.2769046425819397),(Vehicles5↦-0.059496196918189526)}",
        "VehiclesY": "{(EgoVehicle↦4.0000001192092896),(Vehicles2↦4.0000001192092896),(Vehicles3↦-4.0000001192092896),(Vehicles4↦0.0),(Vehicles5↦4.0000001192092896)}",
        "VehiclesVy": "{(EgoVehicle↦0.0),(Vehicles2↦0.0),(Vehicles3↦0.0),(Vehicles4↦0.0),(Vehicles5↦0.0)}",
        "VehiclesX": "{(EgoVehicle↦200.0),(Vehicles2↦19.46384459733963),(Vehicles3↦27.77668833732605),(Vehicles4↦46.244409680366516),(Vehicles5↦77.66730189323425)}"
      },
      "probabilisticVariables": null,
      "activating": [
        "FASTER_41"
      ],
      "activatingOnlyWhenExecuted": true,
      "updating": null,
      "withPredicate": null
    },
    {
      "id": "FASTER_41",
      "execute": "FASTER",
      "after": "1000",
      "priority": 0,
      "additionalGuards": null,
      "activationKind": null,
      "fixedVariables": {
        "Crash": "FALSE",
        "VehiclesAy": "{(EgoVehicle↦0.0),(Vehicles2↦0.0),(Vehicles3↦0.0),(Vehicles4↦0.0),(Vehicles5↦0.0)}",
        "Reward": "0.8157750342935528",
        "VehiclesAx": "{(EgoVehicle↦4.341564178466797),(Vehicles2↦-4.332611132413149),(Vehicles3↦-4.324469044804573),(Vehicles4↦-4.361657202243805),(Vehicles5↦-4.3194588692858815)}",
        "VehiclesVx": "{(EgoVehicle↦24.341564178466797),(Vehicles2↦-4.436110556125641),(Vehicles3↦-3.688843548297882),(Vehicles4↦-3.0847525596618652),(Vehicles5↦-4.378955066204071)}",
        "VehiclesY": "{(EgoVehicle↦4.0000001192092896),(Vehicles2↦4.0000001192092896),(Vehicles3↦-4.0000001192092896),(Vehicles4↦0.0),(Vehicles5↦4.0000001192092896)}",
        "VehiclesVy": "{(EgoVehicle↦0.0),(Vehicles2↦0.0),(Vehicles3↦0.0),(Vehicles4↦0.0),(Vehicles5↦0.0)}",
        "VehiclesX": "{(EgoVehicle↦200.0),(Vehicles2↦16.96876287460327),(Vehicles3↦26.024135947227478),(Vehicles4↦45.118123292922974),(Vehicles5↦75.22162795066833)}"
      },
      "probabilisticVariables": null,
      "activating": [
        "FASTER_42"
      ],
      "activatingOnlyWhenExecuted": true,
      "updating": null,
      "withPredicate": null
    },
    {
      "id": "FASTER_42",
      "execute": "FASTER",
      "after": "1000",
      "priority": 0,
      "additionalGuards": null,
      "activationKind": null,
      "fixedVariables": {
        "Crash": "FALSE",
        "VehiclesAy": "{(EgoVehicle↦0.0),(Vehicles2↦0.0),(Vehicles3↦0.0),(Vehicles4↦0.0),(Vehicles5↦0.0)}",
        "Reward": "0.9467961636381084",
        "VehiclesAx": "{(EgoVehicle↦4.913291931152344),(Vehicles2↦-4.903163015842438),(Vehicles3↦-4.896744191646576),(Vehicles4↦-4.932230114936829),(Vehicles5↦-4.891696870326996)}",
        "VehiclesVx": "{(EgoVehicle↦29.25485610961914),(Vehicles2↦-9.339273571968079),(Vehicles3↦-8.585587739944458),(Vehicles4↦-8.016982674598694),(Vehicles5↦-9.270651936531067)}",
        "VehiclesY": "{(EgoVehicle↦4.0000001192092896),(Vehicles2↦4.0000001192092896),(Vehicles3↦-4.0000001192092896),(Vehicles4↦0.0),(Vehicles5↦4.0000001192092896)}",
        "VehiclesVy": "{(EgoVehicle↦0.0),(Vehicles2↦0.0),(Vehicles3↦0.0),(Vehicles4↦0.0),(Vehicles5↦0.0)}",
        "VehiclesX": "{(EgoVehicle↦200.0),(Vehicles2↦9.826155751943588),(Vehicles3↦19.631493091583252),(Vehicles4↦39.31524157524109),(Vehicles5↦68.14088821411133)}"
      },
      "probabilisticVariables": null,
      "activating": [
        "SLOWER_43"
      ],
      "activatingOnlyWhenExecuted": true,
      "updating": null,
      "withPredicate": null
    },
    {
      "id": "SLOWER_43",
      "execute": "SLOWER",
      "after": "1000",
      "priority": 0,
      "additionalGuards": null,
      "activationKind": null,
      "fixedVariables": {
        "Crash": "FALSE",
        "VehiclesAy": "{(EgoVehicle↦0.0),(Vehicles2↦0.0),(Vehicles3↦0.0),(Vehicles4↦0.0),(Vehicles5↦0.0)}",
        "Reward": "0.8482749406162667",
        "VehiclesAx": "{(EgoVehicle↦-3.6945462226867676),(Vehicles2↦3.7056779861450195),(Vehicles3↦3.7105807662010193),(Vehicles4↦3.6767354607582092),(Vehicles5↦3.715638518333435)}",
        "VehiclesVx": "{(EgoVehicle↦25.560309886932373),(Vehicles2↦-5.633595585823059),(Vehicles3↦-4.875006973743439),(Vehicles4↦-4.340247213840485),(Vehicles5↦-5.555013418197632)}",
        "VehiclesY": "{(EgoVehicle↦4.0000001192092896),(Vehicles2↦4.0000001192092896),(Vehicles3↦-4.0000001192092896),(Vehicles4↦0.0),(Vehicles5↦4.0000001192092896)}",
        "VehiclesVy": "{(EgoVehicle↦0.0),(Vehicles2↦0.0),(Vehicles3↦0.0),(Vehicles4↦0.0),(Vehicles5↦0.0)}",
        "VehiclesX": "{(EgoVehicle↦200.0),(Vehicles2↦2.5293901562690735),(Vehicles3↦13.090486824512482),(Vehicles4↦33.329176902770996),(Vehicles5↦60.91684103012085)}"
      },
      "probabilisticVariables": null,
      "activating": [
        "SLOWER_44"
      ],
      "activatingOnlyWhenExecuted": true,
      "updating": null,
      "withPredicate": null
    },
    {
      "id": "SLOWER_44",
      "execute": "SLOWER",
      "after": "1000",
      "priority": 0,
      "additionalGuards": null,
      "activationKind": null,
      "fixedVariables": {
        "Crash": "FALSE",
        "VehiclesAy": "{(EgoVehicle↦0.0),(Vehicles2↦0.0),(Vehicles3↦0.0),(Vehicles4↦0.0),(Vehicles5↦0.0)}",
        "Reward": "0.7195259181058459",
        "VehiclesAx": "{(EgoVehicle↦-4.828088283538818),(Vehicles2↦4.840067848563194),(Vehicles3↦4.843641116749495),(Vehicles4↦4.81137290596962),(Vehicles5↦4.848684743046761)}",
        "VehiclesVx": "{(EgoVehicle↦20.732221603393555),(Vehicles2↦-0.7935277372598648),(Vehicles3↦-0.03136585699394345),(Vehicles4↦0.47112569212913513),(Vehicles5↦-0.7063286751508713)}",
        "VehiclesY": "{(EgoVehicle↦4.0000001192092896),(Vehicles2↦4.0000001192092896),(Vehicles3↦-4.0000001192092896),(Vehicles4↦0.0),(Vehicles5↦4.0000001192092896)}",
        "VehiclesVy": "{(EgoVehicle↦0.0),(Vehicles2↦0.0),(Vehicles3↦0.0),(Vehicles4↦0.0),(Vehicles5↦0.0)}",
        "VehiclesX": "{(EgoVehicle↦200.0),(Vehicles2↦-0.43601831421256065),(Vehicles3↦10.885195434093475),(Vehicles4↦31.6456139087677),(Vehicles5↦58.03356170654297)}"
      },
      "probabilisticVariables": null,
      "activating": [
        "SLOWER_45"
      ],
      "activatingOnlyWhenExecuted": true,
      "updating": null,
      "withPredicate": null
    },
    {
      "id": "SLOWER_45",
      "execute": "SLOWER",
      "after": "1000",
      "priority": 0,
      "additionalGuards": null,
      "activationKind": null,
      "fixedVariables": {
        "Crash": "FALSE",
        "VehiclesAy": "{(EgoVehicle↦0.0),(Vehicles2↦0.0),(Vehicles3↦0.0),(Vehicles4↦0.0),(Vehicles5↦0.0)}",
        "Reward": "0.7025713143184653",
        "VehiclesAx": "{(EgoVehicle↦-0.6357979774475098),(Vehicles2↦0.6484853662550449),(Vehicles3↦0.6508963112719357),(Vehicles4↦0.6201436370611191),(Vehicles5↦0.6559055531397462)}",
        "VehiclesVx": "{(EgoVehicle↦20.096423625946045),(Vehicles2↦-0.14504237100481987),(Vehicles3↦0.6195304542779922),(Vehicles4↦1.0912693291902542),(Vehicles5↦-0.05042312201112509)}",
        "VehiclesY": "{(EgoVehicle↦4.0000001192092896),(Vehicles2↦4.0000001192092896),(Vehicles3↦-4.0000001192092896),(Vehicles4↦0.0),(Vehicles5↦4.0000001192092896)}",
        "VehiclesVy": "{(EgoVehicle↦0.0),(Vehicles2↦0.0),(Vehicles3↦0.0),(Vehicles4↦0.0),(Vehicles5↦0.0)}",
        "VehiclesX": "{(EgoVehicle↦200.0),(Vehicles2↦-0.8737791329622269),(Vehicles3↦11.210647970438004),(Vehicles4↦32.46113657951355),(Vehicles5↦57.686060667037964)}"
      },
      "probabilisticVariables": null,
      "activating": [
        "IDLE_46"
      ],
      "activatingOnlyWhenExecuted": true,
      "updating": null,
      "withPredicate": null
    },
    {
      "id": "IDLE_46",
      "execute": "IDLE",
      "after": "1000",
      "priority": 0,
      "additionalGuards": null,
      "activationKind": null,
      "fixedVariables": {
        "Crash": "FALSE",
        "VehiclesAy": "{(EgoVehicle↦0.0),(Vehicles2↦0.0),(Vehicles3↦0.0),(Vehicles4↦0.0),(Vehicles5↦0.0)}",
        "Reward": "0.7003386092929667",
        "VehiclesAx": "{(EgoVehicle↦-0.0837254524230957),(Vehicles2↦0.09699869900941849),(Vehicles3↦0.09839639067649841),(Vehicles4↦0.06909772753715515),(Vehicles5↦0.10335401631891727)}",
        "VehiclesVx": "{(EgoVehicle↦20.01269817352295),(Vehicles2↦-0.04804367199540138),(Vehicles3↦0.7179268449544907),(Vehicles4↦1.1603670567274094),(Vehicles5↦0.05293089430779219)}",
        "VehiclesY": "{(EgoVehicle↦4.0000001192092896),(Vehicles2↦4.0000001192092896),(Vehicles3↦-4.0000001192092896),(Vehicles4↦0.0),(Vehicles5↦4.0000001192092896)}",
        "VehiclesVy": "{(EgoVehicle↦0.0),(Vehicles2↦0.0),(Vehicles3↦0.0),(Vehicles4↦0.0),(Vehicles5↦0.0)}",
        "VehiclesX": "{(EgoVehicle↦200.0),(Vehicles2↦-0.9673663415014744),(Vehicles3↦11.882267892360687),(Vehicles4↦33.59266221523285),(Vehicles5↦57.689714431762695)}"
      },
      "probabilisticVariables": null,
      "activating": [
        "IDLE_47"
      ],
      "activatingOnlyWhenExecuted": true,
      "updating": null,
      "withPredicate": null
    },
    {
      "id": "IDLE_47",
      "execute": "IDLE",
      "after": "1000",
      "priority": 0,
      "additionalGuards": null,
      "activationKind": null,
      "fixedVariables": {
        "Crash": "FALSE",
        "VehiclesAy": "{(EgoVehicle↦0.0),(Vehicles2↦0.0),(Vehicles3↦0.0),(Vehicles4↦0.0),(Vehicles5↦0.0)}",
        "Reward": "0.7000445905241768",
        "VehiclesAx": "{(EgoVehicle↦-0.011026859283447266),(Vehicles2↦0.024772719480097294),(Vehicles3↦0.025290027260780334),(Vehicles4↦-0.002615302801132202),(Vehicles5↦0.030181542970240116)}",
        "VehiclesVx": "{(EgoVehicle↦20.001671314239502),(Vehicles2↦-0.02327095251530409),(Vehicles3↦0.743216872215271),(Vehicles4↦1.1577517539262772),(Vehicles5↦0.0831124372780323)}",
        "VehiclesY": "{(EgoVehicle↦4.0000001192092896),(Vehicles2↦4.0000001192092896),(Vehicles3↦-4.0000001192092896),(Vehicles4↦0.0),(Vehicles5↦4.0000001192092896)}",
        "VehiclesVy": "{(EgoVehicle↦0.0),(Vehicles2↦0.0),(Vehicles3↦0.0),(Vehicles4↦0.0),(Vehicles5↦0.0)}",
        "VehiclesX": "{(EgoVehicle↦200.0),(Vehicles2↦-1.0038627311587334),(Vehicles3↦12.612015008926392),(Vehicles4↦34.753578901290894),(Vehicles5↦57.75642991065979)}"
      },
      "probabilisticVariables": null,
      "activating": [
        "IDLE_48"
      ],
      "activatingOnlyWhenExecuted": true,
      "updating": null,
      "withPredicate": null
    },
    {
      "id": "IDLE_48",
      "execute": "IDLE",
      "after": "1000",
      "priority": 0,
      "additionalGuards": null,
      "activationKind": null,
      "fixedVariables": {
        "Crash": "FALSE",
        "VehiclesAy": "{(EgoVehicle↦0.0),(Vehicles2↦0.0),(Vehicles3↦0.0),(Vehicles4↦0.0),(Vehicles5↦0.0)}",
        "Reward": "0.7000058720031838",
        "VehiclesAx": "{(EgoVehicle↦-0.0014519691467285156),(Vehicles2↦0.015576730947941542),(Vehicles3↦0.015332028269767761),(Vehicles4↦-0.011240243911743164),(Vehicles5↦0.020145075395703316)}",
        "VehiclesVx": "{(EgoVehicle↦20.000219345092773),(Vehicles2↦-0.007694221567362547),(Vehicles3↦0.7585489004850388),(Vehicles4↦1.146511510014534),(Vehicles5↦0.10325751267373562)}",
        "VehiclesY": "{(EgoVehicle↦4.0000001192092896),(Vehicles2↦4.0000001192092896),(Vehicles3↦-4.0000001192092896),(Vehicles4↦0.0),(Vehicles5↦4.0000001192092896)}",
        "VehiclesVy": "{(EgoVehicle↦0.0),(Vehicles2↦0.0),(Vehicles3↦0.0),(Vehicles4↦0.0),(Vehicles5↦0.0)}",
        "VehiclesX": "{(EgoVehicle↦200.0),(Vehicles2↦-1.0207094252109528),(Vehicles3↦13.36161494255066),(Vehicles4↦35.90697944164276),(Vehicles5↦57.84785747528076)}"
      },
      "probabilisticVariables": null,
      "activating": [
        "IDLE_49"
      ],
      "activatingOnlyWhenExecuted": true,
      "updating": null,
      "withPredicate": null
    },
    {
      "id": "IDLE_49",
      "execute": "IDLE",
      "after": "1000",
      "priority": 0,
      "additionalGuards": null,
      "activationKind": null,
      "fixedVariables": {
        "Crash": "FALSE",
        "VehiclesAy": "{(EgoVehicle↦0.0),(Vehicles2↦0.0),(Vehicles3↦0.0),(Vehicles4↦0.0),(Vehicles5↦0.0)}",
        "Reward": "0.700000773267909",
        "VehiclesAx": "{(EgoVehicle↦-0.00019073486328125),(Vehicles2↦0.014608316123485565),(Vehicles3↦0.01370653510093689),(Vehicles4↦-0.011591687798500061),(Vehicles5↦0.018430957570672035)}",
        "VehiclesVx": "{(EgoVehicle↦20.000028610229492),(Vehicles2↦0.006914094556123018),(Vehicles3↦0.7722554355859756),(Vehicles4↦1.134919822216034),(Vehicles5↦0.12168847024440765)}",
        "VehiclesY": "{(EgoVehicle↦4.0000001192092896),(Vehicles2↦4.0000001192092896),(Vehicles3↦-4.0000001192092896),(Vehicles4↦0.0),(Vehicles5↦4.0000001192092896)}",
        "VehiclesVy": "{(EgoVehicle↦0.0),(Vehicles2↦0.0),(Vehicles3↦0.0),(Vehicles4↦0.0),(Vehicles5↦0.0)}",
        "VehiclesX": "{(EgoVehicle↦200.0),(Vehicles2↦-1.0225515812635422),(Vehicles3↦14.125703275203705),(Vehicles4↦37.048813700675964),(Vehicles5↦57.95854926109314)}"
      },
      "probabilisticVariables": null,
      "activating": [
        "IDLE_50"
      ],
      "activatingOnlyWhenExecuted": true,
      "updating": null,
      "withPredicate": null
    },
    {
      "id": "IDLE_50",
      "execute": "IDLE",
      "after": "1000",
      "priority": 0,
      "additionalGuards": null,
      "activationKind": null,
      "fixedVariables": {
        "Crash": "FALSE",
        "VehiclesAy": "{(EgoVehicle↦0.0),(Vehicles2↦0.0),(Vehicles3↦0.0),(Vehicles4↦0.0),(Vehicles5↦0.0)}",
        "Reward": "0.7000001018295189",
        "VehiclesAx": "{(EgoVehicle↦-2.384185791015625E-05),(Vehicles2↦0.01465959008783102),(Vehicles3↦0.013193711638450623),(Vehicles4↦-0.010888278484344482),(Vehicles5↦0.017821146175265312)}",
        "VehiclesVx": "{(EgoVehicle↦20.000004768371582),(Vehicles2↦0.02157368464395404),(Vehicles3↦0.7854491472244263),(Vehicles4↦1.1240315437316895),(Vehicles5↦0.13950961641967297)}",
        "VehiclesY": "{(EgoVehicle↦4.0000001192092896),(Vehicles2↦4.0000001192092896),(Vehicles3↦-4.0000001192092896),(Vehicles4↦0.0),(Vehicles5↦4.0000001192092896)}",
        "VehiclesVy": "{(EgoVehicle↦0.0),(Vehicles2↦0.0),(Vehicles3↦0.0),(Vehicles4↦0.0),(Vehicles5↦0.0)}",
        "VehiclesX": "{(EgoVehicle↦200.0),(Vehicles2↦-1.0097844526171684),(Vehicles3↦14.903266727924347),(Vehicles4↦38.17931413650513),(Vehicles5↦58.08740854263306)}"
      },
      "probabilisticVariables": null,
      "activating": [
        "IDLE_51"
      ],
      "activatingOnlyWhenExecuted": true,
      "updating": null,
      "withPredicate": null
    },
    {
      "id": "IDLE_51",
      "execute": "IDLE",
      "after": "1000",
      "priority": 0,
      "additionalGuards": null,
      "activationKind": null,
      "fixedVariables": {
        "Crash": "FALSE",
        "VehiclesAy": "{(EgoVehicle↦0.0),(Vehicles2↦0.0),(Vehicles3↦0.0),(Vehicles4↦0.0),(Vehicles5↦0.0)}",
        "Reward": "0.7000000134096486",
        "VehiclesAx": "{(EgoVehicle↦-4.76837158203125E-06),(Vehicles2↦0.014789325650781393),(Vehicles3↦0.012841522693634033),(Vehicles4↦-0.010080784559249878),(Vehicles5↦0.017365263774991035)}",
        "VehiclesVx": "{(EgoVehicle↦20.0),(Vehicles2↦0.03636301029473543),(Vehicles3↦0.7982906699180603),(Vehicles4↦1.1139507591724396),(Vehicles5↦0.156874880194664)}",
        "VehiclesY": "{(EgoVehicle↦4.0000001192092896),(Vehicles2↦4.0000001192092896),(Vehicles3↦-4.0000001192092896),(Vehicles4↦0.0),(Vehicles5↦4.0000001192092896)}",
        "VehiclesVy": "{(EgoVehicle↦0.0),(Vehicles2↦0.0),(Vehicles3↦0.0),(Vehicles4↦0.0),(Vehicles5↦0.0)}",
        "VehiclesX": "{(EgoVehicle↦200.0),(Vehicles2↦-0.9823042899370193),(Vehicles3↦15.693879127502441),(Vehicles4↦39.29924666881561),(Vehicles5↦58.233898878097534)}"
      },
      "probabilisticVariables": null,
      "activating": [
        "IDLE_52"
      ],
      "activatingOnlyWhenExecuted": true,
      "updating": null,
      "withPredicate": null
    },
    {
      "id": "IDLE_52",
      "execute": "IDLE",
      "after": "1000",
      "priority": 0,
      "additionalGuards": null,
      "activationKind": null,
      "fixedVariables": {
        "Crash": "FALSE",
        "VehiclesAy": "{(EgoVehicle↦0.0),(Vehicles2↦0.0),(Vehicles3↦0.0),(Vehicles4↦0.0),(Vehicles5↦0.0)}",
        "Reward": "0.7000000017658796",
        "VehiclesAx": "{(EgoVehicle↦0.0),(Vehicles2↦0.014880704693496227),(Vehicles3↦0.012523680925369263),(Vehicles4↦-0.009294003248214722),(Vehicles5↦0.016938243061304092)}",
        "VehiclesVx": "{(EgoVehicle↦20.0),(Vehicles2↦0.05124371498823166),(Vehicles3↦0.8108143508434296),(Vehicles4↦1.1046567559242249),(Vehicles5↦0.1738131232559681)}",
        "VehiclesY": "{(EgoVehicle↦4.0000001192092896),(Vehicles2↦4.0000001192092896),(Vehicles3↦-4.0000001192092896),(Vehicles4↦0.0),(Vehicles5↦4.0000001192092896)}",
        "VehiclesVy": "{(EgoVehicle↦0.0),(Vehicles2↦0.0),(Vehicles3↦0.0),(Vehicles4↦0.0),(Vehicles5↦0.0)}",
        "VehiclesX": "{(EgoVehicle↦200.0),(Vehicles2↦-0.9399943053722382),(Vehicles3↦16.497203707695007),(Vehicles4↦40.40941894054413),(Vehicles5↦58.397579193115234)}"
      },
      "probabilisticVariables": null,
      "activating": [
        "IDLE_53"
      ],
      "activatingOnlyWhenExecuted": true,
      "updating": null,
      "withPredicate": null
    },
    {
      "id": "IDLE_53",
      "execute": "IDLE",
      "after": "1000",
      "priority": 0,
      "additionalGuards": null,
      "activationKind": null,
      "fixedVariables": {
        "Crash": "FALSE",
        "VehiclesAy": "{(EgoVehicle↦0.0),(Vehicles2↦0.0),(Vehicles3↦0.0),(Vehicles4↦0.0),(Vehicles5↦0.0)}",
        "Reward": "0.7000000002325439",
        "VehiclesAx": "{(EgoVehicle↦0.0),(Vehicles2↦0.014924672432243824),(Vehicles3↦0.012222528457641602),(Vehicles4↦-0.008544251322746277),(Vehicles5↦0.01652369275689125)}",
        "VehiclesVx": "{(EgoVehicle↦20.0),(Vehicles2↦0.06616838742047548),(Vehicles3↦0.8230368793010712),(Vehicles4↦1.0961125046014786),(Vehicles5↦0.19033681601285934)}",
        "VehiclesY": "{(EgoVehicle↦4.0000001192092896),(Vehicles2↦4.0000001192092896),(Vehicles3↦-4.0000001192092896),(Vehicles4↦0.0),(Vehicles5↦4.0000001192092896)}",
        "VehiclesVy": "{(EgoVehicle↦0.0),(Vehicles2↦0.0),(Vehicles3↦0.0),(Vehicles4↦0.0),(Vehicles5↦0.0)}",
        "VehiclesX": "{(EgoVehicle↦200.0),(Vehicles2↦-0.8827825076878071),(Vehicles3↦17.312930524349213),(Vehicles4↦41.510599851608276),(Vehicles5↦58.57803821563721)}"
      },
      "probabilisticVariables": null,
      "activating": [
        "IDLE_54"
      ],
      "activatingOnlyWhenExecuted": true,
      "updating": null,
      "withPredicate": null
    },
    {
      "id": "IDLE_54",
      "execute": "IDLE",
      "after": "1000",
      "priority": 0,
      "additionalGuards": null,
      "activationKind": null,
      "fixedVariables": {
        "Crash": "FALSE",
        "VehiclesAy": "{(EgoVehicle↦0.0),(Vehicles2↦0.0),(Vehicles3↦0.0),(Vehicles4↦0.0),(Vehicles5↦0.0)}",
        "Reward": "0.7000000000306231",
        "VehiclesAx": "{(EgoVehicle↦0.0),(Vehicles2↦0.014925687573850155),(Vehicles3↦0.011934712529182434),(Vehicles4↦-0.00783279538154602),(Vehicles5↦0.016119424253702164)}",
        "VehiclesVx": "{(EgoVehicle↦20.0),(Vehicles2↦0.08109407499432564),(Vehicles3↦0.8349715918302536),(Vehicles4↦1.0882797092199326),(Vehicles5↦0.2064562402665615)}",
        "VehiclesY": "{(EgoVehicle↦4.0000001192092896),(Vehicles2↦4.0000001192092896),(Vehicles3↦-4.0000001192092896),(Vehicles4↦0.0),(Vehicles5↦4.0000001192092896)}",
        "VehiclesVy": "{(EgoVehicle↦0.0),(Vehicles2↦0.0),(Vehicles3↦0.0),(Vehicles4↦0.0),(Vehicles5↦0.0)}",
        "VehiclesX": "{(EgoVehicle↦200.0),(Vehicles2↦-0.8106422610580921),(Vehicles3↦18.14076453447342),(Vehicles4↦42.60352551937103),(Vehicles5↦58.77485275268555)}"
      },
      "probabilisticVariables": null,
      "activating": [
        "IDLE_55"
      ],
      "activatingOnlyWhenExecuted": true,
      "updating": null,
      "withPredicate": null
    },
    {
      "id": "IDLE_55",
      "execute": "IDLE",
      "after": "1000",
      "priority": 0,
      "additionalGuards": null,
      "activationKind": null,
      "fixedVariables": {
        "Crash": "FALSE",
        "VehiclesAy": "{(EgoVehicle↦0.0),(Vehicles2↦0.0),(Vehicles3↦0.0),(Vehicles4↦0.0),(Vehicles5↦0.0)}",
        "Reward": "0.7000000000040326",
        "VehiclesAx": "{(EgoVehicle↦0.0),(Vehicles2↦0.014889314770698547),(Vehicles3↦0.01165933907032013),(Vehicles4↦-0.007159188389778137),(Vehicles5↦0.01572519540786743)}",
        "VehiclesVx": "{(EgoVehicle↦20.0),(Vehicles2↦0.09598338976502419),(Vehicles3↦0.8466309309005737),(Vehicles4↦1.0811205208301544),(Vehicles5↦0.22218143567442894)}",
        "VehiclesY": "{(EgoVehicle↦4.0000001192092896),(Vehicles2↦4.0000001192092896),(Vehicles3↦-4.0000001192092896),(Vehicles4↦0.0),(Vehicles5↦4.0000001192092896)}",
        "VehiclesVy": "{(EgoVehicle↦0.0),(Vehicles2↦0.0),(Vehicles3↦0.0),(Vehicles4↦0.0),(Vehicles5↦0.0)}",
        "VehiclesX": "{(EgoVehicle↦200.0),(Vehicles2↦-0.7235882338136435),(Vehicles3↦18.980421125888824),(Vehicles4↦43.68888735771179),(Vehicles5↦58.987629413604736)}"
      },
      "probabilisticVariables": null,
      "activating": [
        "IDLE_56"
      ],
      "activatingOnlyWhenExecuted": true,
      "updating": null,
      "withPredicate": null
    },
    {
      "id": "IDLE_56",
      "execute": "IDLE",
      "after": "1000",
      "priority": 0,
      "additionalGuards": null,
      "activationKind": null,
      "fixedVariables": {
        "Crash": "FALSE",
        "VehiclesAy": "{(EgoVehicle↦0.0),(Vehicles2↦0.0),(Vehicles3↦0.0),(Vehicles4↦0.0),(Vehicles5↦0.0)}",
        "Reward": "0.700000000000531",
        "VehiclesAx": "{(EgoVehicle↦0.0),(Vehicles2↦0.014820722863078117),(Vehicles3↦0.01139514148235321),(Vehicles4↦-0.006522610783576965),(Vehicles5↦0.015340857207775116)}",
        "VehiclesVx": "{(EgoVehicle↦20.0),(Vehicles2↦0.1108041126281023),(Vehicles3↦0.8580260723829269),(Vehicles4↦1.0745979100465775),(Vehicles5↦0.23752229288220406)}",
        "VehiclesY": "{(EgoVehicle↦4.0000001192092896),(Vehicles2↦4.0000001192092896),(Vehicles3↦-4.0000001192092896),(Vehicles4↦0.0),(Vehicles5↦4.0000001192092896)}",
        "VehiclesVy": "{(EgoVehicle↦0.0),(Vehicles2↦0.0),(Vehicles3↦0.0),(Vehicles4↦0.0),(Vehicles5↦0.0)}",
        "VehiclesX": "{(EgoVehicle↦200.0),(Vehicles2↦-0.6216698791831732),(Vehicles3↦19.83163058757782),(Vehicles4↦44.7673499584198),(Vehicles5↦59.215980768203735)}"
      },
      "probabilisticVariables": null,
      "activating": [
        "IDLE_57"
      ],
      "activatingOnlyWhenExecuted": true,
      "updating": null,
      "withPredicate": null
    },
    {
      "id": "IDLE_57",
      "execute": "IDLE",
      "after": "1000",
      "priority": 0,
      "additionalGuards": null,
      "activationKind": null,
      "fixedVariables": {
        "Crash": "FALSE",
        "VehiclesAy": "{(EgoVehicle↦0.0),(Vehicles2↦0.0),(Vehicles3↦0.0),(Vehicles4↦0.0),(Vehicles5↦0.0)}",
        "Reward": "0.7000000000000699",
        "VehiclesAx": "{(EgoVehicle↦0.0),(Vehicles2↦0.0147244893014431),(Vehicles3↦0.011141747236251831),(Vehicles4↦-0.005921646952629089),(Vehicles5↦0.014966335147619247)}",
        "VehiclesVx": "{(EgoVehicle↦20.0),(Vehicles2↦0.1255286019295454),(Vehicles3↦0.8691678196191788),(Vehicles4↦1.0686762630939484),(Vehicles5↦0.2524886280298233)}",
        "VehiclesY": "{(EgoVehicle↦4.0000001192092896),(Vehicles2↦4.0000001192092896),(Vehicles3↦-4.0000001192092896),(Vehicles4↦0.0),(Vehicles5↦4.0000001192092896)}",
        "VehiclesVy": "{(EgoVehicle↦0.0),(Vehicles2↦0.0),(Vehicles3↦0.0),(Vehicles4↦0.0),(Vehicles5↦0.0)}",
        "VehiclesX": "{(EgoVehicle↦200.0),(Vehicles2↦-0.5049672909080982),(Vehicles3↦20.694133639335632),(Vehicles4↦45.83953320980072),(Vehicles5↦59.459513425827026)}"
      },
      "probabilisticVariables": null,
      "activating": [
        "FASTER_58"
      ],
      "activatingOnlyWhenExecuted": true,
      "updating": null,
      "withPredicate": null
    },
    {
      "id": "FASTER_58",
      "execute": "FASTER",
      "after": "1000",
      "priority": 0,
      "additionalGuards": null,
      "activationKind": null,
      "fixedVariables": {
        "Crash": "FALSE",
        "VehiclesAy": "{(EgoVehicle↦0.0),(Vehicles2↦0.0),(Vehicles3↦0.0),(Vehicles4↦0.0),(Vehicles5↦0.0)}",
        "Reward": "0.815775034293562",
        "VehiclesAx": "{(EgoVehicle↦4.341564178466797),(Vehicles2↦-4.326958982273936),(Vehicles3↦-4.330665543675423),(Vehicles4↦-4.34691920876503),(Vehicles5↦-4.326962307095528)}",
        "VehiclesVx": "{(EgoVehicle↦24.341564178466797),(Vehicles2↦-4.201430380344391),(Vehicles3↦-3.461497724056244),(Vehicles4↦-3.2782429456710815),(Vehicles5↦-4.074473679065704)}",
        "VehiclesY": "{(EgoVehicle↦4.0000001192092896),(Vehicles2↦4.0000001192092896),(Vehicles3↦-4.0000001192092896),(Vehicles4↦0.0),(Vehicles5↦4.0000001192092896)}",
        "VehiclesVy": "{(EgoVehicle↦0.0),(Vehicles2↦0.0),(Vehicles3↦0.0),(Vehicles4↦0.0),(Vehicles5↦0.0)}",
        "VehiclesX": "{(EgoVehicle↦200.0),(Vehicles2↦-2.7686480432748795),(Vehicles3↦19.17261779308319),(Vehicles4↦44.51096057891846),(Vehicles5↦57.3228120803833)}"
      },
      "probabilisticVariables": null,
      "activating": [
        "IDLE_59"
      ],
      "activatingOnlyWhenExecuted": true,
      "updating": null,
      "withPredicate": null
    },
    {
      "id": "IDLE_59",
      "execute": "IDLE",
      "after": "1000",
      "priority": 0,
      "additionalGuards": null,
      "activationKind": null,
      "fixedVariables": {
        "Crash": "FALSE",
        "VehiclesAy": "{(EgoVehicle↦0.0),(Vehicles2↦0.0),(Vehicles3↦0.0),(Vehicles4↦0.0),(Vehicles5↦0.0)}",
        "Reward": "0.8310211293445567",
        "VehiclesAx": "{(EgoVehicle↦0.5717277526855469),(Vehicles2↦-0.5572637915611267),(Vehicles3↦-0.5610644817352295),(Vehicles4↦-0.5765509605407715),(Vehicles5↦-0.5574819445610046)}",
        "VehiclesVx": "{(EgoVehicle↦24.913291931152344),(Vehicles2↦-4.758694171905518),(Vehicles3↦-4.022562205791473),(Vehicles4↦-3.854793906211853),(Vehicles5↦-4.631955623626709)}",
        "VehiclesY": "{(EgoVehicle↦4.0000001192092896),(Vehicles2↦4.0000001192092896),(Vehicles3↦-4.0000001192092896),(Vehicles4↦0.0),(Vehicles5↦4.0000001192092896)}",
        "VehiclesVy": "{(EgoVehicle↦0.0),(Vehicles2↦0.0),(Vehicles3↦0.0),(Vehicles4↦0.0),(Vehicles5↦0.0)}",
        "VehiclesX": "{(EgoVehicle↦200.0),(Vehicles2↦-7.279679924249649),(Vehicles3↦15.400005877017975),(Vehicles4↦40.91534912586212),(Vehicles5↦52.938663959503174)}"
      },
      "probabilisticVariables": null,
      "activating": [
        "IDLE_60"
      ],
      "activatingOnlyWhenExecuted": true,
      "updating": null,
      "withPredicate": null
    },
    {
      "id": "IDLE_60",
      "execute": "IDLE",
      "after": "1000",
      "priority": 0,
      "additionalGuards": null,
      "activationKind": null,
      "fixedVariables": {
        "Crash": "FALSE",
        "VehiclesAy": "{(EgoVehicle↦0.0),(Vehicles2↦0.0),(Vehicles3↦0.0),(Vehicles4↦0.0),(Vehicles5↦0.0)}",
        "Reward": "0.833028845565264",
        "VehiclesAx": "{(EgoVehicle↦0.07529020309448242),(Vehicles2↦0.6712812185287476),(Vehicles3↦0.088157057762146),(Vehicles4↦-0.8385506272315979),(Vehicles5↦0.6282004714012146)}",
        "VehiclesVx": "{(EgoVehicle↦24.988582134246826),(Vehicles2↦-4.08741295337677),(Vehicles3↦-3.9344051480293274),(Vehicles4↦-4.693344533443451),(Vehicles5↦-4.003755152225494)}",
        "VehiclesY": "{(EgoVehicle↦4.0000001192092896),(Vehicles2↦-4.0000001192092896),(Vehicles3↦0.0),(Vehicles4↦4.0000001192092896),(Vehicles5↦0.0)}",
        "VehiclesVy": "{(EgoVehicle↦0.0),(Vehicles2↦0.0),(Vehicles3↦0.0),(Vehicles4↦0.0),(Vehicles5↦0.0)}",
        "VehiclesX": "{(EgoVehicle↦200.0),(Vehicles2↦11.340101808309555),(Vehicles3↦37.017253041267395),(Vehicles4↦48.27076494693756),(Vehicles5↦105.03381490707397)}"
      },
      "probabilisticVariables": null,
      "activating": [
        "LANE_RIGHT_61"
      ],
      "activatingOnlyWhenExecuted": true,
      "updating": null,
      "withPredicate": null
    },
    {
      "id": "LANE_RIGHT_61",
      "execute": "LANE_RIGHT",
      "after": "1000",
      "priority": 0,
      "additionalGuards": null,
      "activationKind": null,
      "fixedVariables": {
        "Crash": "FALSE",
        "VehiclesAy": "{(EgoVehicle↦1.0794205218553543),(Vehicles2↦-1.0794205218553543),(Vehicles3↦-1.0794205218553543),(Vehicles4↦-1.0794205218553543),(Vehicles5↦-1.0794205218553543)}",
        "Reward": "0.866004829587984",
        "VehiclesAx": "{(EgoVehicle↦-0.013401508331298828),(Vehicles2↦0.02362161874771118),(Vehicles3↦0.009549260139465332),(Vehicles4↦0.026964843273162842),(Vehicles5↦0.01666039228439331)}",
        "VehiclesVx": "{(EgoVehicle↦24.975180625915527),(Vehicles2↦-4.063791334629059),(Vehicles3↦-3.924855887889862),(Vehicles4↦-4.666379690170288),(Vehicles5↦-3.987094759941101)}",
        "VehiclesY": "{(EgoVehicle↦7.660048484802246),(Vehicles2↦-7.660048484802246),(Vehicles3↦-3.660048723220825),(Vehicles4↦0.33995117247104645),(Vehicles5↦-3.660048723220825)}",
        "VehiclesVy": "{(EgoVehicle↦1.0794205218553543),(Vehicles2↦-1.0794205218553543),(Vehicles3↦-1.0794205218553543),(Vehicles4↦-1.0794205218553543),(Vehicles5↦-1.0794205218553543)}",
        "VehiclesX": "{(EgoVehicle↦200.0),(Vehicles2↦7.571183890104294),(Vehicles3↦33.39565992355347),(Vehicles4↦43.89726221561432),(Vehicles5↦101.34576559066772)}"
      },
      "probabilisticVariables": null,
      "activating": null,
      "activatingOnlyWhenExecuted": true,
      "updating": null,
      "withPredicate": null
    }
  ],
  "listeners": [],
  "metadata": {
    "fileType": "Timed_Trace",
    "formatVersion": 3,
    "savedAt": "2023-08-21T06:52:01.427625Z",
    "creator": "Simulation: HYPOTHESIS_TEST; SIGNIFICANCE : 0.05, PROBABILITY : 0.95, MAX_STEPS_BEFORE_PROPERTY : 0, EXECUTIONS : 1000, PREDICATE : Crash = FALSE, ENDING_TIME : 60000, HYPOTHESIS_CHECKING_TYPE : LEFT_TAILED, CHECKING_TYPE : PREDICATE_INVARIANT",
    "proB2KernelVersion": "4.12.2",
    "proBCliVersion": "1.12.2-final",
    "modelName": "HighwayEnvironment2"
  }
}