{
  "variables": {},
  "activations": [
    {
      "id": "$setup_constants",
      "execute": "$setup_constants",
      "after": "0",
      "priority": 0,
      "additionalGuards": null,
      "activationKind": null,
      "fixedVariables": null,
      "probabilisticVariables": null,
      "activating": null,
      "activatingOnlyWhenExecuted": true,
      "updating": null,
      "withPredicate": null
    },
    {
      "id": "$initialise_machine",
      "execute": "$initialise_machine",
      "after": "0",
      "priority": 0,
      "additionalGuards": null,
      "activationKind": null,
      "fixedVariables": {
        "Crash": "FALSE",
        "VehiclesAy": "{(EgoVehicle↦0.0),(Vehicles2↦0.0),(Vehicles3↦0.0),(Vehicles4↦0.0),(Vehicles5↦0.0)}",
        "Reward": "0.0",
        "VehiclesAx": "{(EgoVehicle↦0.0),(Vehicles2↦0.0),(Vehicles3↦0.0),(Vehicles4↦0.0),(Vehicles5↦0.0)}",
        "VehiclesVx": "{(EgoVehicle↦25.0),(Vehicles2↦-3.5549521446228027),(Vehicles3↦-1.2700851261615753),(Vehicles4↦-1.4907355606555939),(Vehicles5↦-3.2353463768959045)}",
        "VehiclesY": "{(EgoVehicle↦4.0000001192092896),(Vehicles2↦0.0),(Vehicles3↦4.0000001192092896),(Vehicles4↦-4.0000001192092896),(Vehicles5↦4.0000001192092896)}",
        "VehiclesVy": "{(EgoVehicle↦0.0),(Vehicles2↦0.0),(Vehicles3↦0.0),(Vehicles4↦0.0),(Vehicles5↦0.0)}",
        "VehiclesX": "{(EgoVehicle↦153.60909700393677),(Vehicles2↦21.837274730205536),(Vehicles3↦45.34152448177338),(Vehicles4↦71.47979736328125),(Vehicles5↦93.4843361377716)}"
      },
      "probabilisticVariables": null,
      "activating": [
        "LANE_RIGHT_2"
      ],
      "activatingOnlyWhenExecuted": true,
      "updating": null,
      "withPredicate": null
    },
    {
      "id": "LANE_RIGHT_2",
      "execute": "LANE_RIGHT",
      "after": "1000",
      "priority": 0,
      "additionalGuards": null,
      "activationKind": null,
      "fixedVariables": {
        "Crash": "FALSE",
        "VehiclesAy": "{(EgoVehicle↦1.0796338319778442),(Vehicles2↦-1.0796338319778442),(Vehicles3↦-1.0796338319778442),(Vehicles4↦-1.0796338319778442),(Vehicles5↦-7.454955577850342)}",
        "Reward": "0.8660447183419508",
        "VehiclesAx": "{(EgoVehicle↦-0.023322105407714844),(Vehicles2↦-0.2072387933731079),(Vehicles3↦-3.083854764699936),(Vehicles4↦-0.41813895106315613),(Vehicles5↦-6.657666862010956)}",
        "VehiclesVx": "{(EgoVehicle↦24.976677894592285),(Vehicles2↦-3.7621909379959106),(Vehicles3↦-4.353939890861511),(Vehicles4↦-1.90887451171875),(Vehicles5↦-9.89301323890686)}",
        "VehiclesY": "{(EgoVehicle↦7.6599647998809814),(Vehicles2↦-3.6599650382995605),(Vehicles3↦0.3400348797440529),(Vehicles4↦-7.6599647998809814),(Vehicles5↦-0.6596910953521729)}",
        "VehiclesVy": "{(EgoVehicle↦1.0796338319778442),(Vehicles2↦-1.0796338319778442),(Vehicles3↦-1.0796338319778442),(Vehicles4↦-1.0796338319778442),(Vehicles5↦-7.454955577850342)}",
        "VehiclesX": "{(EgoVehicle↦178.2893419265747),(Vehicles2↦18.519841134548187),(Vehicles3↦43.09245049953461),(Vehicles4↦70.19742727279663),(Vehicles5↦88.05144429206848)}"
      },
      "probabilisticVariables": null,
      "activating": [
        "IDLE_3"
      ],
      "activatingOnlyWhenExecuted": true,
      "updating": null,
      "withPredicate": null
    },
    {
      "id": "IDLE_3",
      "execute": "IDLE",
      "after": "1000",
      "priority": 0,
      "additionalGuards": null,
      "activationKind": null,
      "fixedVariables": {
        "Crash": "FALSE",
        "VehiclesAy": "{(EgoVehicle↦-1.041519611608237),(Vehicles2↦-4.163389801979065),(Vehicles3↦1.041519611608237),(Vehicles4↦1.041519611608237),(Vehicles5↦-8.282292410731316)}",
        "Reward": "0.8666658918962077",
        "VehiclesAx": "{(EgoVehicle↦0.023293495178222656),(Vehicles2↦-2.1051567792892456),(Vehicles3↦-1.2279391288757324),(Vehicles4↦-0.7887387275695801),(Vehicles5↦-0.03212869167327881)}",
        "VehiclesVx": "{(EgoVehicle↦24.999971389770508),(Vehicles2↦-5.867347717285156),(Vehicles3↦-5.581879019737244),(Vehicles4↦-2.69761323928833),(Vehicles5↦-9.92514193058014)}",
        "VehiclesY": "{(EgoVehicle↦7.988499641418457),(Vehicles2↦-5.9744274616241455),(Vehicles3↦0.01150053832679987),(Vehicles4↦-7.988499641418457),(Vehicles5↦-3.685068726539612)}",
        "VehiclesVy": "{(EgoVehicle↦0.03811422036960721),(Vehicles2↦-5.243023633956909),(Vehicles3↦-0.03811422036960721),(Vehicles4↦-0.03811422036960721),(Vehicles5↦-0.8273368328809738)}",
        "VehiclesX": "{(EgoVehicle↦200.0),(Vehicles2↦13.999250531196594),(Vehicles3↦37.71201968193054),(Vehicles4↦67.91806817054749),(Vehicles5↦78.5315454006195)}"
      },
      "probabilisticVariables": null,
      "activating": [
        "IDLE_4"
      ],
      "activatingOnlyWhenExecuted": true,
      "updating": null,
      "withPredicate": null
    },
    {
      "id": "IDLE_4",
      "execute": "IDLE",
      "after": "1000",
      "priority": 0,
      "additionalGuards": null,
      "activationKind": null,
      "fixedVariables": {
        "Crash": "FALSE",
        "VehiclesAy": "{(EgoVehicle↦-0.03690516830829438),(Vehicles2↦4.84117541462183),(Vehicles3↦0.03690516830829438),(Vehicles4↦0.03690516830829438),(Vehicles5↦-0.9112832136452198)}",
        "Reward": "0.8666666658870362",
        "VehiclesAx": "{(EgoVehicle↦2.86102294921875E-05),(Vehicles2↦0.2631247043609619),(Vehicles3↦1.222752332687378),(Vehicles4↦-0.40032505989074707),(Vehicles5↦-0.028107166290283203)}",
        "VehiclesVx": "{(EgoVehicle↦25.0),(Vehicles2↦-5.604223012924194),(Vehicles3↦-4.359126687049866),(Vehicles4↦-3.097938299179077),(Vehicles5↦-9.953249096870422)}",
        "VehiclesY": "{(EgoVehicle↦7.999636888504028),(Vehicles2↦-7.859611988067627),(Vehicles3↦0.0003629883358371444),(Vehicles4↦-7.999636888504028),(Vehicles5↦-3.968264937400818)}",
        "VehiclesVy": "{(EgoVehicle↦0.001209052061312832),(Vehicles2↦-0.4018482193350792),(Vehicles3↦-0.001209052061312832),(Vehicles4↦-0.001209052061312832),(Vehicles5↦-0.08394638076424599)}",
        "VehiclesX": "{(EgoVehicle↦200.0),(Vehicles2↦8.428805321455002),(Vehicles3↦32.656630873680115),(Vehicles4↦65.04214406013489),(Vehicles5↦68.51692199707031)}"
      },
      "probabilisticVariables": null,
      "activating": [
        "LANE_LEFT_5"
      ],
      "activatingOnlyWhenExecuted": true,
      "updating": null,
      "withPredicate": null
    },
    {
      "id": "LANE_LEFT_5",
      "execute": "LANE_LEFT",
      "after": "1000",
      "priority": 0,
      "additionalGuards": null,
      "activationKind": null,
      "fixedVariables": {
        "Crash": "FALSE",
        "VehiclesAy": "{(EgoVehicle↦-1.0808054821245605),(Vehicles2↦1.454695276916027),(Vehicles3↦1.0808054821245605),(Vehicles4↦1.072402121280902),(Vehicles5↦0.9956500492990017)}",
        "Reward": "0.8327114281175779",
        "VehiclesAx": "{(EgoVehicle↦-0.023322105407714844),(Vehicles2↦-0.047959089279174805),(Vehicles3↦0.8268976211547852),(Vehicles4↦-6.256279945373535),(Vehicles5↦6.638528406620026)}",
        "VehiclesVx": "{(EgoVehicle↦24.976677894592285),(Vehicles2↦-5.652182102203369),(Vehicles3↦-3.5322290658950806),(Vehicles4↦-9.354218244552612),(Vehicles5↦-3.3147206902503967)}",
        "VehiclesY": "{(EgoVehicle↦4.340023756027222),(Vehicles2↦-4.330675721168518),(Vehicles3↦3.6599761247634888),(Vehicles4↦-0.33688460290431976),(Vehicles5↦-4.340023756027222)}",
        "VehiclesVy": "{(EgoVehicle↦-1.0795964300632477),(Vehicles2↦1.0528470575809479),(Vehicles3↦1.0795964300632477),(Vehicles4↦1.0711930692195892),(Vehicles5↦1.0795964300632477)}",
        "VehiclesX": "{(EgoVehicle↦200.0),(Vehicles2↦3.109750710427761),(Vehicles3↦28.967931866645813),(Vehicles4↦59.0912401676178),(Vehicles5↦62.1593713760376)}"
      },
      "probabilisticVariables": null,
      "activating": [
        "IDLE_6"
      ],
      "activatingOnlyWhenExecuted": true,
      "updating": null,
      "withPredicate": null
    },
    {
      "id": "IDLE_6",
      "execute": "IDLE",
      "after": "1000",
      "priority": 0,
      "additionalGuards": null,
      "activationKind": null,
      "fixedVariables": {
        "Crash": "FALSE",
        "VehiclesAy": "{(EgoVehicle↦1.0414833668619394),(Vehicles2↦-1.0165255097672343),(Vehicles3↦-1.0414833668619394),(Vehicles4↦-1.033878279849887),(Vehicles5↦1.117709493264556)}",
        "Reward": "0.8333325586099322",
        "VehiclesAx": "{(EgoVehicle↦0.023293495178222656),(Vehicles2↦-0.025775432586669922),(Vehicles3↦0.4704713821411133),(Vehicles4↦0.6797569990158081),(Vehicles5↦-0.18771052360534668)}",
        "VehiclesVx": "{(EgoVehicle↦24.999971389770508),(Vehicles2↦-5.677957534790039),(Vehicles3↦-3.0617576837539673),(Vehicles4↦-8.674461245536804),(Vehicles5↦-3.5024312138557434)}",
        "VehiclesY": "{(EgoVehicle↦4.011500358581543),(Vehicles2↦-4.010874509811401),(Vehicles3↦3.988499879837036),(Vehicles4↦-0.011206129565834999),(Vehicles5↦-4.011500358581543)}",
        "VehiclesVy": "{(EgoVehicle↦-0.03811306320130825),(Vehicles2↦0.03632154781371355),(Vehicles3↦0.03811306320130825),(Vehicles4↦0.03731478936970234),(Vehicles5↦0.03811306320130825)}",
        "VehiclesX": "{(EgoVehicle↦200.0),(Vehicles2↦-2.5671465322375298),(Vehicles3↦25.63396990299225),(Vehicles4↦49.997907876968384),(Vehicles5↦58.75520706176758)}"
      },
      "probabilisticVariables": null,
      "activating": [
        "SLOWER_7"
      ],
      "activatingOnlyWhenExecuted": true,
      "updating": null,
      "withPredicate": null
    },
    {
      "id": "SLOWER_7",
      "execute": "SLOWER",
      "after": "1000",
      "priority": 0,
      "additionalGuards": null,
      "activationKind": null,
      "fixedVariables": {
        "Crash": "FALSE",
        "VehiclesAy": "{(EgoVehicle↦0.036544524773489684),(Vehicles2↦-0.03487277994281612),(Vehicles3↦-0.036544524773489684),(Vehicles4↦-0.03581691111321561),(Vehicles5↦0.03968160162912682)}",
        "Reward": "0.7175582974518497",
        "VehiclesAx": "{(EgoVehicle↦-4.341535568237305),(Vehicles2↦4.376191794872284),(Vehicles3↦4.6279507875442505),(Vehicles4↦4.997937977313995),(Vehicles5↦4.21373724937439)}",
        "VehiclesVx": "{(EgoVehicle↦20.658435821533203),(Vehicles2↦-1.3017657399177551),(Vehicles3↦1.5661931037902832),(Vehicles4↦-3.676523268222809),(Vehicles5↦0.7113060355186462)}",
        "VehiclesY": "{(EgoVehicle↦4.0005422830581665),(Vehicles2↦-4.000500440597534),(Vehicles3↦3.999457597732544),(Vehicles4↦-0.0005165463080629706),(Vehicles5↦-4.0005422830581665)}",
        "VehiclesVy": "{(EgoVehicle↦-0.0015685384278185666),(Vehicles2↦0.0014487678708974272),(Vehicles3↦0.0015685384278185666),(Vehicles4↦0.0014978782564867288),(Vehicles5↦0.0015685384278185666)}",
        "VehiclesX": "{(EgoVehicle↦200.0),(Vehicles2↦-5.838187038898468),(Vehicles3↦25.094911456108093),(Vehicles4↦43.98810267448425),(Vehicles5↦57.59469270706177)}"
      },
      "probabilisticVariables": null,
      "activating": [
        "LANE_RIGHT_8"
      ],
      "activatingOnlyWhenExecuted": true,
      "updating": null,
      "withPredicate": null
    },
    {
      "id": "LANE_RIGHT_8",
      "execute": "LANE_RIGHT",
      "after": "1000",
      "priority": 0,
      "additionalGuards": null,
      "activationKind": null,
      "fixedVariables": {
        "Crash": "FALSE",
        "VehiclesAy": "{(EgoVehicle↦1.1590234612231143),(Vehicles2↦-1.1589116627874319),(Vehicles3↦-1.1590234612231143),(Vehicles4↦-1.158958687010454),(Vehicles5↦-1.1558863843674771)}",
        "Reward": "0.7347555187057039",
        "VehiclesAx": "{(EgoVehicle↦-0.6051039695739746),(Vehicles2↦0.6563737243413925),(Vehicles3↦0.7610735297203064),(Vehicles4↦1.1584845185279846),(Vehicles5↦0.49573883414268494)}",
        "VehiclesVx": "{(EgoVehicle↦20.05333185195923),(Vehicles2↦-0.6453920155763626),(Vehicles3↦2.3272666335105896),(Vehicles4↦-2.518038749694824),(Vehicles5↦1.2070448696613312)}",
        "VehiclesY": "{(EgoVehicle↦7.599072217941284),(Vehicles2↦-7.599069356918335),(Vehicles3↦0.4009281098842621),(Vehicles4↦-3.5990699529647827),(Vehicles5↦-7.599072217941284)}",
        "VehiclesVy": "{(EgoVehicle↦1.1574549227952957),(Vehicles2↦-1.1574628949165344),(Vehicles3↦-1.1574549227952957),(Vehicles4↦-1.1574608087539673),(Vehicles5↦-1.1574549227952957)}",
        "VehiclesX": "{(EgoVehicle↦200.0),(Vehicles2↦-6.42840638756752),(Vehicles3↦27.423354983329773),(Vehicles4↦41.233667731285095),(Vehicles5↦58.95301103591919)}"
      },
      "probabilisticVariables": null,
      "activating": [
        "IDLE_9"
      ],
      "activatingOnlyWhenExecuted": true,
      "updating": null,
      "withPredicate": null
    },
    {
      "id": "IDLE_9",
      "execute": "IDLE",
      "after": "1000",
      "priority": 0,
      "additionalGuards": null,
      "activationKind": null,
      "fixedVariables": {
        "Crash": "FALSE",
        "VehiclesAy": "{(EgoVehicle↦-1.0849468503147364),(Vehicles2↦1.0849542962387204),(Vehicles3↦1.0849468503147364),(Vehicles4↦1.0849522706121206),(Vehicles5↦-1.229962995275855)}",
        "Reward": "0.7336343181426205",
        "VehiclesAx": "{(EgoVehicle↦-0.04204511642456055),(Vehicles2↦0.09843524545431137),(Vehicles3↦0.1184341311454773),(Vehicles4↦0.4866768419742584),(Vehicles5↦-0.0571722537279129)}",
        "VehiclesVx": "{(EgoVehicle↦20.011286735534668),(Vehicles2↦-0.5469567701220512),(Vehicles3↦2.445700764656067),(Vehicles4↦-2.031361907720566),(Vehicles5↦1.1498726159334183)}",
        "VehiclesY": "{(EgoVehicle↦7.97503137588501),(Vehicles2↦-7.97503137588501),(Vehicles3↦0.024968627840280533),(Vehicles4↦-3.97503125667572),(Vehicles5↦-7.97503137588501)}",
        "VehiclesVy": "{(EgoVehicle↦0.07250807248055935),(Vehicles2↦-0.072508598677814),(Vehicles3↦-0.07250807248055935),(Vehicles4↦-0.07250853814184666),(Vehicles5↦-0.07250807248055935)}",
        "VehiclesX": "{(EgoVehicle↦200.0),(Vehicles2↦-7.037796080112457),(Vehicles3↦29.79961335659027),(Vehicles4↦38.91530930995941),(Vehicles5↦60.133302211761475)}"
      },
      "probabilisticVariables": null,
      "activating": [
        "IDLE_10"
      ],
      "activatingOnlyWhenExecuted": true,
      "updating": null,
      "withPredicate": null
    },
    {
      "id": "IDLE_10",
      "execute": "IDLE",
      "after": "1000",
      "priority": 0,
      "additionalGuards": null,
      "activationKind": null,
      "fixedVariables": {
        "Crash": "FALSE",
        "VehiclesAy": "{(EgoVehicle↦-0.06799710798077285),(Vehicles2↦0.06799759954446927),(Vehicles3↦0.06799710798077285),(Vehicles4↦0.06799753871746361),(Vehicles5↦-0.07701903698034585)}",
        "Reward": "0.7333734169231291",
        "VehiclesAx": "{(EgoVehicle↦-0.009784698486328125),(Vehicles2↦0.06519988179206848),(Vehicles3↦0.03779500722885132),(Vehicles4↦0.3600926697254181),(Vehicles5↦-0.08285924792289734)}",
        "VehiclesVx": "{(EgoVehicle↦20.00150203704834),(Vehicles2↦-0.48175688832998276),(Vehicles3↦2.483495771884918),(Vehicles4↦-1.6712692379951477),(Vehicles5↦1.067013368010521)}",
        "VehiclesY": "{(EgoVehicle↦7.998446702957153),(Vehicles2↦-7.998446702957153),(Vehicles3↦0.0015531516401097178),(Vehicles4↦-3.9984469413757324),(Vehicles5↦-7.998446702957153)}",
        "VehiclesVy": "{(EgoVehicle↦0.004510964499786496),(Vehicles2↦-0.00451099913334474),(Vehicles3↦-0.004510964499786496),(Vehicles4↦-0.004510999424383044),(Vehicles5↦-0.004510964499786496)}",
        "VehiclesX": "{(EgoVehicle↦200.0),(Vehicles2↦-7.556997239589691),(Vehicles3↦32.264870405197144),(Vehicles4↦37.03620135784149),(Vehicles5↦61.25102639198303)}"
      },
      "probabilisticVariables": null,
      "activating": [
        "IDLE_11"
      ],
      "activatingOnlyWhenExecuted": true,
      "updating": null,
      "withPredicate": null
    },
    {
      "id": "IDLE_11",
      "execute": "IDLE",
      "after": "1000",
      "priority": 0,
      "additionalGuards": null,
      "activationKind": null,
      "fixedVariables": {
        "Crash": "FALSE",
        "VehiclesAy": "{(EgoVehicle↦-0.004230298836773727),(Vehicles2↦0.004230331196595216),(Vehicles3↦0.004230298836773727),(Vehicles4↦0.004230331178405322),(Vehicles5↦-0.004791630162799265)}",
        "Reward": "0.7333386135645573",
        "VehiclesAx": "{(EgoVehicle↦-0.0013041496276855469),(Vehicles2↦0.052796341478824615),(Vehicles3↦-0.000800788402557373),(Vehicles4↦0.2768886089324951),(Vehicles5↦-0.08613467216491699)}",
        "VehiclesVx": "{(EgoVehicle↦20.000197887420654),(Vehicles2↦-0.42896054685115814),(Vehicles3↦2.482694983482361),(Vehicles4↦-1.3943806290626526),(Vehicles5↦0.9808786958456039)}",
        "VehiclesY": "{(EgoVehicle↦7.999903678894043),(Vehicles2↦-7.999903678894043),(Vehicles3↦9.663341188570485E-05),(Vehicles4↦-3.9999032020568848),(Vehicles5↦-7.999903678894043)}",
        "VehiclesVy": "{(EgoVehicle↦0.0002806656630127691),(Vehicles2↦-0.0002806679367495235),(Vehicles3↦-0.0002806656630127691),(Vehicles4↦-0.0002806682459777221),(Vehicles5↦-0.0002806656630127691)}",
        "VehiclesX": "{(EgoVehicle↦200.0),(Vehicles2↦-8.017057925462723),(Vehicles3↦34.75015163421631),(Vehicles4↦35.48109233379364),(Vehicles5↦62.28339076042175)}"
      },
      "probabilisticVariables": null,
      "activating": [
        "IDLE_12"
      ],
      "activatingOnlyWhenExecuted": true,
      "updating": null,
      "withPredicate": null
    },
    {
      "id": "IDLE_12",
      "execute": "IDLE",
      "after": "1000",
      "priority": 0,
      "additionalGuards": null,
      "activationKind": null,
      "fixedVariables": {
        "Crash": "FALSE",
        "VehiclesAy": "{(EgoVehicle↦-0.000263202729229306),(Vehicles2↦0.00026320485631003976),(Vehicles3↦0.00026320254619349726),(Vehicles4↦0.000263205312194259),(Vehicles5↦-0.00029812859679623216)}",
        "Reward": "0.7333340286791369",
        "VehiclesAx": "{(EgoVehicle↦-0.000171661376953125),(Vehicles2↦0.046562813222408295),(Vehicles3↦-3.657875955104828),(Vehicles4↦3.855372816324234),(Vehicles5↦-0.08244402706623077)}",
        "VehiclesVx": "{(EgoVehicle↦20.0000262260437),(Vehicles2↦-0.38239773362874985),(Vehicles3↦-1.175180971622467),(Vehicles4↦2.4609921872615814),(Vehicles5↦0.8984346687793732)}",
        "VehiclesY": "{(EgoVehicle↦7.999993801116943),(Vehicles2↦-7.999993801116943),(Vehicles3↦-3.9999940395355225),(Vehicles4↦6.012490302964579E-06),(Vehicles5↦-7.999993801116943)}",
        "VehiclesVy": "{(EgoVehicle↦1.7462933783463086E-05),(Vehicles2↦-1.7463080439483747E-05),(Vehicles3↦-1.7463116819271818E-05),(Vehicles4↦-1.7462933783463086E-05),(Vehicles5↦-1.7462933783463086E-05)}",
        "VehiclesX": "{(EgoVehicle↦200.0),(Vehicles2↦-8.426940441131592),(Vehicles3↦34.17830169200897),(Vehicles4↦37.22549378871918),(Vehicles5↦63.230931758880615)}"
      },
      "probabilisticVariables": null,
      "activating": [
        "IDLE_13"
      ],
      "activatingOnlyWhenExecuted": true,
      "updating": null,
      "withPredicate": null
    },
    {
      "id": "IDLE_13",
      "execute": "IDLE",
      "after": "1000",
      "priority": 0,
      "additionalGuards": null,
      "activationKind": null,
      "fixedVariables": {
        "Crash": "FALSE",
        "VehiclesAy": "{(EgoVehicle↦-1.6376392579786625E-05),(Vehicles2↦1.6376529714534627E-05),(Vehicles3↦1.637656275477184E-05),(Vehicles4↦1.6376392579786625E-05),(Vehicles5↦-1.8549474987139547E-05)}",
        "Reward": "0.733333424901531",
        "VehiclesAx": "{(EgoVehicle↦-2.384185791015625E-05),(Vehicles2↦0.04109829664230347),(Vehicles3↦0.1770910620689392),(Vehicles4↦-0.0359053909778595),(Vehicles5↦-0.07773563265800476)}",
        "VehiclesVx": "{(EgoVehicle↦20.00000238418579),(Vehicles2↦-0.3412994369864464),(Vehicles3↦-0.9980899095535278),(Vehicles4↦2.425086796283722),(Vehicles5↦0.8206990361213684)}",
        "VehiclesY": "{(EgoVehicle↦7.999999523162842),(Vehicles2↦-7.999999523162842),(Vehicles3↦-3.999999761581421),(Vehicles4↦3.7409618869332917E-07),(Vehicles5↦-7.999999523162842)}",
        "VehiclesVy": "{(EgoVehicle↦1.086541203676461E-06),(Vehicles2↦-1.0865507249491202E-06),(Vehicles3↦-1.0865540644999783E-06),(Vehicles4↦-1.086541203676461E-06),(Vehicles5↦-1.086541203676461E-06)}",
        "VehiclesX": "{(EgoVehicle↦200.0),(Vehicles2↦-8.79247635602951),(Vehicles3↦33.076828718185425),(Vehicles4↦39.67309892177582),(Vehicles5↦64.09788131713867)}"
      },
      "probabilisticVariables": null,
      "activating": [
        "IDLE_14"
      ],
      "activatingOnlyWhenExecuted": true,
      "updating": null,
      "withPredicate": null
    },
    {
      "id": "IDLE_14",
      "execute": "IDLE",
      "after": "1000",
      "priority": 0,
      "additionalGuards": null,
      "activationKind": null,
      "fixedVariables": {
        "Crash": "FALSE",
        "VehiclesAy": "{(EgoVehicle↦-1.018936739427545E-06),(Vehicles2↦1.0189456567388788E-06),(Vehicles3↦1.0189487209544268E-06),(Vehicles4↦1.018936739427545E-06),(Vehicles5↦-1.154145667925377E-06)}",
        "Reward": "0.7333333453916969",
        "VehiclesAx": "{(EgoVehicle↦-2.384185791015625E-06),(Vehicles2↦0.03603499382734299),(Vehicles3↦0.14604032039642334),(Vehicles4↦-0.0468955934047699),(Vehicles5↦-0.07272318005561829)}",
        "VehiclesVx": "{(EgoVehicle↦20.0),(Vehicles2↦-0.3052644431591034),(Vehicles3↦-0.8520495891571045),(Vehicles4↦2.378191202878952),(Vehicles5↦0.7479758560657501)}",
        "VehiclesY": "{(EgoVehicle↦8.000000238418579),(Vehicles2↦-8.000000238418579),(Vehicles3↦-4.0000001192092896),(Vehicles4↦2.3276218286127914E-08),(Vehicles5↦-8.000000238418579)}",
        "VehiclesVy": "{(EgoVehicle↦6.760446424891597E-08),(Vehicles2↦-6.760506821024137E-08),(Vehicles3↦-6.760534354555148E-08),(Vehicles4↦-6.760446424891597E-08),(Vehicles5↦-6.760446424891597E-08)}",
        "VehiclesX": "{(EgoVehicle↦200.0),(Vehicles2↦-9.118975698947906),(Vehicles3↦32.139283418655396),(Vehicles4↦42.08022654056549),(Vehicles5↦64.88908529281616)}"
      },
      "probabilisticVariables": null,
      "activating": [
        "IDLE_15"
      ],
      "activatingOnlyWhenExecuted": true,
      "updating": null,
      "withPredicate": null
    },
    {
      "id": "IDLE_15",
      "execute": "IDLE",
      "after": "1000",
      "priority": 0,
      "additionalGuards": null,
      "activationKind": null,
      "fixedVariables": {
        "Crash": "FALSE",
        "VehiclesAy": "{(EgoVehicle↦-6.339812230748976E-08),(Vehicles2↦6.339868185989417E-08),(Vehicles3↦6.339894831342008E-08),(Vehicles4↦6.339812230748976E-08),(Vehicles5↦-7.181080619034219E-08)}",
        "Reward": "0.733333334921266",
        "VehiclesAx": "{(EgoVehicle↦0.0),(Vehicles2↦0.03147924318909645),(Vehicles3↦0.12290246784687042),(Vehicles4↦-0.05624324083328247),(Vehicles5↦-0.06750300526618958)}",
        "VehiclesVx": "{(EgoVehicle↦20.0),(Vehicles2↦-0.27378519997000694),(Vehicles3↦-0.7291471213102341),(Vehicles4↦2.3219479620456696),(Vehicles5↦0.6804728507995605)}",
        "VehiclesY": "{(EgoVehicle↦8.000000238418579),(Vehicles2↦-8.000000238418579),(Vehicles3↦-4.0000001192092896),(Vehicles4↦1.4482415267025317E-09),(Vehicles5↦-8.000000238418579)}",
        "VehiclesVy": "{(EgoVehicle↦4.206341941426217E-09),(Vehicles2↦-4.206386350347202E-09),(Vehicles3↦-4.206395232131399E-09),(Vehicles4↦-4.206341941426217E-09),(Vehicles5↦-4.206341941426217E-09)}",
        "VehiclesX": "{(EgoVehicle↦200.0),(Vehicles2↦-9.41130593419075),(Vehicles3↦31.33799433708191),(Vehicles4↦44.43662464618683),(Vehicles5↦65.6096339225769)}"
      },
      "probabilisticVariables": null,
      "activating": [
        "IDLE_16"
      ],
      "activatingOnlyWhenExecuted": true,
      "updating": null,
      "withPredicate": null
    },
    {
      "id": "IDLE_16",
      "execute": "IDLE",
      "after": "1000",
      "priority": 0,
      "additionalGuards": null,
      "activationKind": null,
      "fixedVariables": {
        "Crash": "FALSE",
        "VehiclesAy": "{(EgoVehicle↦-3.944613524708984E-09),(Vehicles2↦3.944666815414166E-09),(Vehicles3↦3.944675697198363E-09),(Vehicles4↦3.944622406493181E-09),(Vehicles5↦-4.468061476359253E-09)}",
        "Reward": "0.7333333335424438",
        "VehiclesAx": "{(EgoVehicle↦0.0),(Vehicles2↦0.027489271014928818),(Vehicles3↦0.10538764297962189),(Vehicles4↦-0.06474137306213379),(Vehicles5↦-0.06212938576936722)}",
        "VehiclesVx": "{(EgoVehicle↦20.0),(Vehicles2↦-0.24629592895507812),(Vehicles3↦-0.6237594783306122),(Vehicles4↦2.2572065889835358),(Vehicles5↦0.6183434650301933)}",
        "VehiclesY": "{(EgoVehicle↦8.000000238418579),(Vehicles2↦-8.000000238418579),(Vehicles3↦-4.0000001192092896),(Vehicles4↦9.01065888569974E-11),(Vehicles5↦-8.000000238418579)}",
        "VehiclesVy": "{(EgoVehicle↦2.617284167172329E-10),(Vehicles2↦-2.617195349330359E-10),(Vehicles3↦-2.617195349330359E-10),(Vehicles4↦-2.617195349330359E-10),(Vehicles5↦-2.617195349330359E-10)}",
        "VehiclesX": "{(EgoVehicle↦200.0),(Vehicles2↦-9.673799574375153),(Vehicles3↦30.65222203731537),(Vehicles4↦46.73333466053009),(Vehicles5↦66.26482009887695)}"
      },
      "probabilisticVariables": null,
      "activating": [
        "FASTER_17"
      ],
      "activatingOnlyWhenExecuted": true,
      "updating": null,
      "withPredicate": null
    },
    {
      "id": "FASTER_17",
      "execute": "FASTER",
      "after": "1000",
      "priority": 0,
      "additionalGuards": null,
      "activationKind": null,
      "fixedVariables": {
        "Crash": "FALSE",
        "VehiclesAy": "{(EgoVehicle↦-2.489208839051571E-10),(Vehicles2↦2.489120021209601E-10),(Vehicles3↦2.489120021209601E-10),(Vehicles4↦2.489120021209601E-10),(Vehicles5↦-2.745270677451117E-10)}",
        "Reward": "0.8491083676544234",
        "VehiclesAx": "{(EgoVehicle↦4.341564178466797),(Vehicles2↦-4.6271586418151855),(Vehicles3↦-1.5333805978298187),(Vehicles4↦-6.037092953920364),(Vehicles5↦-4.264431409537792)}",
        "VehiclesVx": "{(EgoVehicle↦24.341564178466797),(Vehicles2↦-4.873454570770264),(Vehicles3↦-2.157140076160431),(Vehicles4↦-3.7798863649368286),(Vehicles5↦-3.646087944507599)}",
        "VehiclesY": "{(EgoVehicle↦8.000000238418579),(Vehicles2↦-4.0000001192092896),(Vehicles3↦3.866240660954645E-12),(Vehicles4↦-8.000000238418579),(Vehicles5↦-4.0000001192092896)}",
        "VehiclesVy": "{(EgoVehicle↦1.2807532812075806E-11),(Vehicles2↦-1.2807532812075806E-11),(Vehicles3↦-1.2807532812075806E-11),(Vehicles4↦-1.2807532812075806E-11),(Vehicles5↦-1.2807532812075806E-11)}",
        "VehiclesX": "{(EgoVehicle↦200.0),(Vehicles2↦27.671101689338684),(Vehicles3↦46.56699597835541),(Vehicles4↦64.46499824523926),(Vehicles5↦89.741450548172)}"
      },
      "probabilisticVariables": null,
      "activating": [
        "FASTER_18"
      ],
      "activatingOnlyWhenExecuted": true,
      "updating": null,
      "withPredicate": null
    },
    {
      "id": "FASTER_18",
      "execute": "FASTER",
      "after": "1000",
      "priority": 0,
      "additionalGuards": null,
      "activationKind": null,
      "fixedVariables": {
        "Crash": "FALSE",
        "VehiclesAy": "{(EgoVehicle↦-1.2523315717771766E-11),(Vehicles2↦1.2523315717771766E-11),(Vehicles3↦1.2523315717771766E-11),(Vehicles4↦1.2523315717771766E-11),(Vehicles5↦-1.3091749906379846E-11)}",
        "Reward": "0.9801294969750681",
        "VehiclesAx": "{(EgoVehicle↦4.913291931152344),(Vehicles2↦-4.832080006599426),(Vehicles3↦-4.993827641010284),(Vehicles4↦-4.964475035667419),(Vehicles5↦-4.896837770938873)}",
        "VehiclesVx": "{(EgoVehicle↦29.25485610961914),(Vehicles2↦-9.70553457736969),(Vehicles3↦-7.150967717170715),(Vehicles4↦-8.744361400604248),(Vehicles5↦-8.542925715446472)}",
        "VehiclesY": "{(EgoVehicle↦8.000000238418579),(Vehicles2↦-4.0000001192092896),(Vehicles3↦6.661338147750939E-14),(Vehicles4↦-8.000000238418579),(Vehicles5↦-4.0000001192092896)}",
        "VehiclesVy": "{(EgoVehicle↦2.8421709430404007E-13),(Vehicles2↦-2.8421709430404007E-13),(Vehicles3↦-2.8421709430404007E-13),(Vehicles4↦-2.8421709430404007E-13),(Vehicles5↦-2.8421709430404007E-13)}",
        "VehiclesX": "{(EgoVehicle↦200.0),(Vehicles2↦20.1204314827919),(Vehicles3↦41.667792201042175),(Vehicles4↦57.953739166259766),(Vehicles5↦83.39153528213501)}"
      },
      "probabilisticVariables": null,
      "activating": [
        "IDLE_19"
      ],
      "activatingOnlyWhenExecuted": true,
      "updating": null,
      "withPredicate": null
    },
    {
      "id": "IDLE_19",
      "execute": "IDLE",
      "after": "1000",
      "priority": 0,
      "additionalGuards": null,
      "activationKind": null,
      "fixedVariables": {
        "Crash": "FALSE",
        "VehiclesAy": "{(EgoVehicle↦-2.8421709430404007E-13),(Vehicles2↦2.8421709430404007E-13),(Vehicles3↦2.8421709430404007E-13),(Vehicles4↦2.8421709430404007E-13),(Vehicles5↦-2.8421709430404007E-13)}",
        "Reward": "0.9973833082436304",
        "VehiclesAx": "{(EgoVehicle↦0.6470179557800293),(Vehicles2↦-0.5743807554244995),(Vehicles3↦-0.7350534200668335),(Vehicles4↦-0.6927657127380371),(Vehicles5↦-0.6311935186386108)}",
        "VehiclesVx": "{(EgoVehicle↦29.90187406539917),(Vehicles2↦-10.27991533279419),(Vehicles3↦-7.886021137237549),(Vehicles4↦-9.437127113342285),(Vehicles5↦-9.174119234085083)}",
        "VehiclesY": "{(EgoVehicle↦8.000000238418579),(Vehicles2↦-4.0000001192092896),(Vehicles3↦0.0),(Vehicles4↦-8.000000238418579),(Vehicles5↦-4.0000001192092896)}",
        "VehiclesVy": "{(EgoVehicle↦0.0),(Vehicles2↦0.0),(Vehicles3↦0.0),(Vehicles4↦0.0),(Vehicles5↦0.0)}",
        "VehiclesX": "{(EgoVehicle↦200.0),(Vehicles2↦10.087636858224869),(Vehicles3↦34.12526845932007),(Vehicles4↦48.83371293544769),(Vehicles5↦74.49805736541748)}"
      },
      "probabilisticVariables": null,
      "activating": [
        "SLOWER_20"
      ],
      "activatingOnlyWhenExecuted": true,
      "updating": null,
      "withPredicate": null
    },
    {
      "id": "SLOWER_20",
      "execute": "SLOWER",
      "after": "1000",
      "priority": 0,
      "additionalGuards": null,
      "activationKind": null,
      "fixedVariables": {
        "Crash": "FALSE",
        "VehiclesAy": "{(EgoVehicle↦0.0),(Vehicles2↦0.0),(Vehicles3↦0.0),(Vehicles4↦0.0),(Vehicles5↦0.0)}",
        "Reward": "0.8838803807837977",
        "VehiclesAx": "{(EgoVehicle↦-4.2563605308532715),(Vehicles2↦4.321961402893066),(Vehicles3↦4.161114692687988),(Vehicles4↦4.215928316116333),(Vehicles5↦4.2717161774635315)}",
        "VehiclesVx": "{(EgoVehicle↦25.6455135345459),(Vehicles2↦-5.957953929901123),(Vehicles3↦-3.7249064445495605),(Vehicles4↦-5.221198797225952),(Vehicles5↦-4.9024030566215515)}",
        "VehiclesY": "{(EgoVehicle↦8.000000238418579),(Vehicles2↦-4.0000001192092896),(Vehicles3↦0.0),(Vehicles4↦-8.000000238418579),(Vehicles5↦-4.0000001192092896)}",
        "VehiclesVy": "{(EgoVehicle↦0.0),(Vehicles2↦0.0),(Vehicles3↦0.0),(Vehicles4↦0.0),(Vehicles5↦0.0)}",
        "VehiclesX": "{(EgoVehicle↦200.0),(Vehicles2↦2.182532101869583),(Vehicles3↦28.549769520759583),(Vehicles4↦41.728052496910095),(Vehicles5↦67.6781415939331)}"
      },
      "probabilisticVariables": null,
      "activating": [
        "SLOWER_21"
      ],
      "activatingOnlyWhenExecuted": true,
      "updating": null,
      "withPredicate": null
    },
    {
      "id": "SLOWER_21",
      "execute": "SLOWER",
      "after": "1000",
      "priority": 0,
      "additionalGuards": null,
      "activationKind": null,
      "fixedVariables": {
        "Crash": "FALSE",
        "VehiclesAy": "{(EgoVehicle↦0.0),(Vehicles2↦0.0),(Vehicles3↦0.0),(Vehicles4↦0.0),(Vehicles5↦0.0)}",
        "Reward": "0.753158458923518",
        "VehiclesAx": "{(EgoVehicle↦-4.902071952819824),(Vehicles2↦4.96185265481472),(Vehicles3↦4.799995198845863),(Vehicles4↦4.866667687892914),(Vehicles5↦4.9178588355425745)}",
        "VehiclesVx": "{(EgoVehicle↦20.743441581726074),(Vehicles2↦-0.9961012750864029),(Vehicles3↦1.0750887542963028),(Vehicles4↦-0.35453110933303833),(Vehicles5↦0.015455778921023011)}",
        "VehiclesY": "{(EgoVehicle↦8.000000238418579),(Vehicles2↦-4.0000001192092896),(Vehicles3↦0.0),(Vehicles4↦-8.000000238418579),(Vehicles5↦-4.0000001192092896)}",
        "VehiclesVy": "{(EgoVehicle↦0.0),(Vehicles2↦0.0),(Vehicles3↦0.0),(Vehicles4↦0.0),(Vehicles5↦0.0)}",
        "VehiclesX": "{(EgoVehicle↦200.0),(Vehicles2↦-1.0468163527548313),(Vehicles3↦27.48883068561554),(Vehicles4↦39.19658064842224),(Vehicles5↦65.48628807067871)}"
      },
      "probabilisticVariables": null,
      "activating": [
        "IDLE_22"
      ],
      "activatingOnlyWhenExecuted": true,
      "updating": null,
      "withPredicate": null
    },
    {
      "id": "IDLE_22",
      "execute": "IDLE",
      "after": "1000",
      "priority": 0,
      "additionalGuards": null,
      "activationKind": null,
      "fixedVariables": {
        "Crash": "FALSE",
        "VehiclesAy": "{(EgoVehicle↦0.0),(Vehicles2↦0.0),(Vehicles3↦0.0),(Vehicles4↦0.0),(Vehicles5↦0.0)}",
        "Reward": "0.7359440494604358",
        "VehiclesAx": "{(EgoVehicle↦-0.6455397605895996),(Vehicles2↦0.7004229910671711),(Vehicles3↦0.537121519446373),(Vehicles4↦0.6146242283284664),(Vehicles5↦0.6598340009804815)}",
        "VehiclesVx": "{(EgoVehicle↦20.097901821136475),(Vehicles2↦-0.2956782840192318),(Vehicles3↦1.6122102737426758),(Vehicles4↦0.2600931189954281),(Vehicles5↦0.6752897799015045)}",
        "VehiclesY": "{(EgoVehicle↦8.000000238418579),(Vehicles2↦-4.0000001192092896),(Vehicles3↦0.0),(Vehicles4↦-8.000000238418579),(Vehicles5↦-4.0000001192092896)}",
        "VehiclesVy": "{(EgoVehicle↦0.0),(Vehicles2↦0.0),(Vehicles3↦0.0),(Vehicles4↦0.0),(Vehicles5↦0.0)}",
        "VehiclesX": "{(EgoVehicle↦200.0),(Vehicles2↦-1.6644775867462158),(Vehicles3↦28.877156972885132),(Vehicles4↦39.18546736240387),(Vehicles5↦65.86381793022156)}"
      },
      "probabilisticVariables": null,
      "activating": [
        "IDLE_23"
      ],
      "activatingOnlyWhenExecuted": true,
      "updating": null,
      "withPredicate": null
    },
    {
      "id": "IDLE_23",
      "execute": "IDLE",
      "after": "1000",
      "priority": 0,
      "additionalGuards": null,
      "activationKind": null,
      "fixedVariables": {
        "Crash": "FALSE",
        "VehiclesAy": "{(EgoVehicle↦0.0),(Vehicles2↦0.0),(Vehicles3↦0.0),(Vehicles4↦0.0),(Vehicles5↦0.0)}",
        "Reward": "0.7336771313418406",
        "VehiclesAx": "{(EgoVehicle↦-0.08501052856445312),(Vehicles2↦0.13546384871006012),(Vehicles3↦-0.029061734676361084),(Vehicles4↦0.05798058584332466),(Vehicles5↦0.09638458490371704)}",
        "VehiclesVx": "{(EgoVehicle↦20.01289129257202),(Vehicles2↦-0.16021443530917168),(Vehicles3↦1.5831485390663147),(Vehicles4↦0.31807370483875275),(Vehicles5↦0.7716743648052216)}",
        "VehiclesY": "{(EgoVehicle↦8.000000238418579),(Vehicles2↦-4.0000001192092896),(Vehicles3↦0.0),(Vehicles4↦-8.000000238418579),(Vehicles5↦-4.0000001192092896)}",
        "VehiclesVy": "{(EgoVehicle↦0.0),(Vehicles2↦0.0),(Vehicles3↦0.0),(Vehicles4↦0.0),(Vehicles5↦0.0)}",
        "VehiclesX": "{(EgoVehicle↦200.0),(Vehicles2↦-1.8927386030554771),(Vehicles3↦30.491048097610474),(Vehicles4↦39.481356739997864),(Vehicles5↦66.5907621383667)}"
      },
      "probabilisticVariables": null,
      "activating": [
        "IDLE_24"
      ],
      "activatingOnlyWhenExecuted": true,
      "updating": null,
      "withPredicate": null
    },
    {
      "id": "IDLE_24",
      "execute": "IDLE",
      "after": "1000",
      "priority": 0,
      "additionalGuards": null,
      "activationKind": null,
      "fixedVariables": {
        "Crash": "FALSE",
        "VehiclesAy": "{(EgoVehicle↦0.0),(Vehicles2↦0.0),(Vehicles3↦0.0),(Vehicles4↦0.0),(Vehicles5↦0.0)}",
        "Reward": "0.7333786071451532",
        "VehiclesAx": "{(EgoVehicle↦-0.01119375228881836),(Vehicles2↦0.057621318846940994),(Vehicles3↦-0.10736420750617981),(Vehicles4↦-0.01245945692062378),(Vehicles5↦0.020620301365852356)}",
        "VehiclesVx": "{(EgoVehicle↦20.001697540283203),(Vehicles2↦-0.10259311646223068),(Vehicles3↦1.4757843315601349),(Vehicles4↦0.30561424791812897),(Vehicles5↦0.7922946661710739)}",
        "VehiclesY": "{(EgoVehicle↦8.000000238418579),(Vehicles2↦-4.0000001192092896),(Vehicles3↦0.0),(Vehicles4↦-8.000000238418579),(Vehicles5↦-4.0000001192092896)}",
        "VehiclesVy": "{(EgoVehicle↦0.0),(Vehicles2↦0.0),(Vehicles3↦0.0),(Vehicles4↦0.0),(Vehicles5↦0.0)}",
        "VehiclesX": "{(EgoVehicle↦200.0),(Vehicles2↦-2.027902565896511),(Vehicles3↦32.033246755599976),(Vehicles4↦39.7958904504776),(Vehicles5↦67.3724889755249)}"
      },
      "probabilisticVariables": null,
      "activating": [
        "IDLE_25"
      ],
      "activatingOnlyWhenExecuted": true,
      "updating": null,
      "withPredicate": null
    },
    {
      "id": "IDLE_25",
      "execute": "IDLE",
      "after": "1000",
      "priority": 0,
      "additionalGuards": null,
      "activationKind": null,
      "fixedVariables": {
        "Crash": "FALSE",
        "VehiclesAy": "{(EgoVehicle↦0.0),(Vehicles2↦0.0),(Vehicles3↦0.0),(Vehicles4↦0.0),(Vehicles5↦0.0)}",
        "Reward": "0.7333392953167829",
        "VehiclesAx": "{(EgoVehicle↦-0.0014734268188476562),(Vehicles2↦0.04433661699295044),(Vehicles3↦-0.11992886662483215),(Vehicles4↦-0.019191838800907135),(Vehicles5↦0.010032951831817627)}",
        "VehiclesVx": "{(EgoVehicle↦20.000224113464355),(Vehicles2↦-0.05825649946928024),(Vehicles3↦1.3558554649353027),(Vehicles4↦0.28642240911722183),(Vehicles5↦0.8023276180028915)}",
        "VehiclesY": "{(EgoVehicle↦8.000000238418579),(Vehicles2↦-4.0000001192092896),(Vehicles3↦0.0),(Vehicles4↦-8.000000238418579),(Vehicles5↦-4.0000001192092896)}",
        "VehiclesVy": "{(EgoVehicle↦0.0),(Vehicles2↦0.0),(Vehicles3↦0.0),(Vehicles4↦0.0),(Vehicles5↦0.0)}",
        "VehiclesX": "{(EgoVehicle↦200.0),(Vehicles2↦-2.112271450459957),(Vehicles3↦33.46143662929535),(Vehicles4↦40.09382426738739),(Vehicles5↦68.16905736923218)}"
      },
      "probabilisticVariables": null,
      "activating": [
        "IDLE_26"
      ],
      "activatingOnlyWhenExecuted": true,
      "updating": null,
      "withPredicate": null
    },
    {
      "id": "IDLE_26",
      "execute": "IDLE",
      "after": "1000",
      "priority": 0,
      "additionalGuards": null,
      "activationKind": null,
      "fixedVariables": {
        "Crash": "FALSE",
        "VehiclesAy": "{(EgoVehicle↦0.0),(Vehicles2↦0.0),(Vehicles3↦0.0),(Vehicles4↦0.0),(Vehicles5↦0.0)}",
        "Reward": "0.7333341184504953",
        "VehiclesAx": "{(EgoVehicle↦-0.00019550323486328125),(Vehicles2↦0.03995839739218354),(Vehicles3↦-0.12216031551361084),(Vehicles4↦-0.017766766250133514),(Vehicles5↦0.008557885885238647)}",
        "VehiclesVx": "{(EgoVehicle↦20.000028610229492),(Vehicles2↦-0.0182981020770967),(Vehicles3↦1.233695149421692),(Vehicles4↦0.2686556428670883),(Vehicles5↦0.8108855038881302)}",
        "VehiclesY": "{(EgoVehicle↦8.000000238418579),(Vehicles2↦-4.0000001192092896),(Vehicles3↦0.0),(Vehicles4↦-8.000000238418579),(Vehicles5↦-4.0000001192092896)}",
        "VehiclesVy": "{(EgoVehicle↦0.0),(Vehicles2↦0.0),(Vehicles3↦0.0),(Vehicles4↦0.0),(Vehicles5↦0.0)}",
        "VehiclesX": "{(EgoVehicle↦200.0),(Vehicles2↦-2.1542849019169807),(Vehicles3↦34.76845622062683),(Vehicles4↦40.37296175956726),(Vehicles5↦68.97483468055725)}"
      },
      "probabilisticVariables": null,
      "activating": [
        "IDLE_27"
      ],
      "activatingOnlyWhenExecuted": true,
      "updating": null,
      "withPredicate": null
    },
    {
      "id": "IDLE_27",
      "execute": "IDLE",
      "after": "1000",
      "priority": 0,
      "additionalGuards": null,
      "activationKind": null,
      "fixedVariables": {
        "Crash": "FALSE",
        "VehiclesAy": "{(EgoVehicle↦0.0),(Vehicles2↦0.0),(Vehicles3↦0.0),(Vehicles4↦0.0),(Vehicles5↦0.0)}",
        "Reward": "0.7333334367232477",
        "VehiclesAx": "{(EgoVehicle↦-2.384185791015625E-05),(Vehicles2↦0.03710766090080142),(Vehicles3↦-0.12136660516262054),(Vehicles4↦-0.015446189790964127),(Vehicles5↦0.008500814437866211)}",
        "VehiclesVx": "{(EgoVehicle↦20.000004768371582),(Vehicles2↦0.01880955882370472),(Vehicles3↦1.1123285442590714),(Vehicles4↦0.2532094530761242),(Vehicles5↦0.8193863183259964)}",
        "VehiclesY": "{(EgoVehicle↦8.000000238418579),(Vehicles2↦-4.0000001192092896),(Vehicles3↦0.0),(Vehicles4↦-8.000000238418579),(Vehicles5↦-4.0000001192092896)}",
        "VehiclesVy": "{(EgoVehicle↦0.0),(Vehicles2↦0.0),(Vehicles3↦0.0),(Vehicles4↦0.0),(Vehicles5↦0.0)}",
        "VehiclesX": "{(EgoVehicle↦200.0),(Vehicles2↦-2.1575363352894783),(Vehicles3↦35.95345914363861),(Vehicles4↦40.63525199890137),(Vehicles5↦69.7891116142273)}"
      },
      "probabilisticVariables": null,
      "activating": [
        "IDLE_28"
      ],
      "activatingOnlyWhenExecuted": true,
      "updating": null,
      "withPredicate": null
    },
    {
      "id": "IDLE_28",
      "execute": "IDLE",
      "after": "1000",
      "priority": 0,
      "additionalGuards": null,
      "activationKind": null,
      "fixedVariables": {
        "Crash": "FALSE",
        "VehiclesAy": "{(EgoVehicle↦0.0),(Vehicles2↦0.0),(Vehicles3↦0.0),(Vehicles4↦0.0),(Vehicles5↦0.0)}",
        "Reward": "0.7333333469484661",
        "VehiclesAx": "{(EgoVehicle↦-4.76837158203125E-06),(Vehicles2↦0.03475047182291746),(Vehicles3↦-0.11864498257637024),(Vehicles4↦-0.013159047812223434),(Vehicles5↦0.008674710988998413)}",
        "VehiclesVx": "{(EgoVehicle↦20.0),(Vehicles2↦0.05356003064662218),(Vehicles3↦0.9936835616827011),(Vehicles4↦0.24005040526390076),(Vehicles5↦0.8280610293149948)}",
        "VehiclesY": "{(EgoVehicle↦8.000000238418579),(Vehicles2↦-4.0000001192092896),(Vehicles3↦0.0),(Vehicles4↦-8.000000238418579),(Vehicles5↦-4.0000001192092896)}",
        "VehiclesVy": "{(EgoVehicle↦0.0),(Vehicles2↦0.0),(Vehicles3↦0.0),(Vehicles4↦0.0),(Vehicles5↦0.0)}",
        "VehiclesX": "{(EgoVehicle↦200.0),(Vehicles2↦-2.1246513351798058),(Vehicles3↦37.01804280281067),(Vehicles4↦40.88301956653595),(Vehicles5↦70.61194777488708)}"
      },
      "probabilisticVariables": null,
      "activating": [
        "IDLE_29"
      ],
      "activatingOnlyWhenExecuted": true,
      "updating": null,
      "withPredicate": null
    },
    {
      "id": "IDLE_29",
      "execute": "IDLE",
      "after": "1000",
      "priority": 0,
      "additionalGuards": null,
      "activationKind": null,
      "fixedVariables": {
        "Crash": "FALSE",
        "VehiclesAy": "{(EgoVehicle↦0.0),(Vehicles2↦0.0),(Vehicles3↦0.0),(Vehicles4↦0.0),(Vehicles5↦0.0)}",
        "Reward": "0.7333333351262726",
        "VehiclesAx": "{(EgoVehicle↦0.0),(Vehicles2↦0.032693990506231785),(Vehicles3↦-0.11433355510234833),(Vehicles4↦-0.01101585105061531),(Vehicles5↦0.008845552802085876)}",
        "VehiclesVx": "{(EgoVehicle↦20.0),(Vehicles2↦0.08625402115285397),(Vehicles3↦0.8793500065803528),(Vehicles4↦0.22903455421328545),(Vehicles5↦0.8369065821170807)}",
        "VehiclesY": "{(EgoVehicle↦8.000000238418579),(Vehicles2↦-4.0000001192092896),(Vehicles3↦0.0),(Vehicles4↦-8.000000238418579),(Vehicles5↦-4.0000001192092896)}",
        "VehiclesVy": "{(EgoVehicle↦0.0),(Vehicles2↦0.0),(Vehicles3↦0.0),(Vehicles4↦0.0),(Vehicles5↦0.0)}",
        "VehiclesX": "{(EgoVehicle↦200.0),(Vehicles2↦-2.0578593015670776),(Vehicles3↦37.96559274196625),(Vehicles4↦41.118499636650085),(Vehicles5↦71.44353985786438)}"
      },
      "probabilisticVariables": null,
      "activating": [
        "IDLE_30"
      ],
      "activatingOnlyWhenExecuted": true,
      "updating": null,
      "withPredicate": null
    },
    {
      "id": "IDLE_30",
      "execute": "IDLE",
      "after": "1000",
      "priority": 0,
      "additionalGuards": null,
      "activationKind": null,
      "fixedVariables": {
        "Crash": "FALSE",
        "VehiclesAy": "{(EgoVehicle↦0.0),(Vehicles2↦0.0),(Vehicles3↦0.0),(Vehicles4↦0.0),(Vehicles5↦0.0)}",
        "Reward": "0.7333333335694405",
        "VehiclesAx": "{(EgoVehicle↦0.0),(Vehicles2↦0.030867327004671097),(Vehicles3↦-0.10869048535823822),(Vehicles4↦-0.00902663916349411),(Vehicles5↦0.008959174156188965)}",
        "VehiclesVx": "{(EgoVehicle↦20.0),(Vehicles2↦0.11712134815752506),(Vehicles3↦0.7706595212221146),(Vehicles4↦0.22000791504979134),(Vehicles5↦0.8458657562732697)}",
        "VehiclesY": "{(EgoVehicle↦8.000000238418579),(Vehicles2↦-4.0000001192092896),(Vehicles3↦0.0),(Vehicles4↦-8.000000238418579),(Vehicles5↦-4.0000001192092896)}",
        "VehiclesVy": "{(EgoVehicle↦0.0),(Vehicles2↦0.0),(Vehicles3↦0.0),(Vehicles4↦0.0),(Vehicles5↦0.0)}",
        "VehiclesX": "{(EgoVehicle↦200.0),(Vehicles2↦-1.9591201096773148),(Vehicles3↦38.80096673965454),(Vehicles4↦41.3437694311142),(Vehicles5↦72.28401899337769)}"
      },
      "probabilisticVariables": null,
      "activating": [
        "IDLE_31"
      ],
      "activatingOnlyWhenExecuted": true,
      "updating": null,
      "withPredicate": null
    },
    {
      "id": "IDLE_31",
      "execute": "IDLE",
      "after": "1000",
      "priority": 0,
      "additionalGuards": null,
      "activationKind": null,
      "fixedVariables": {
        "Crash": "FALSE",
        "VehiclesAy": "{(EgoVehicle↦0.0),(Vehicles2↦0.0),(Vehicles3↦0.0),(Vehicles4↦0.0),(Vehicles5↦0.0)}",
        "Reward": "0.7333333333644257",
        "VehiclesAx": "{(EgoVehicle↦0.0),(Vehicles2↦0.029226811602711678),(Vehicles3↦-0.10196305811405182),(Vehicles4↦-0.007190406322479248),(Vehicles5↦0.009010210633277893)}",
        "VehiclesVx": "{(EgoVehicle↦20.0),(Vehicles2↦0.14634815976023674),(Vehicles3↦0.6686964631080627),(Vehicles4↦0.2128175087273121),(Vehicles5↦0.8548759669065475)}",
        "VehiclesY": "{(EgoVehicle↦8.000000238418579),(Vehicles2↦-4.0000001192092896),(Vehicles3↦0.0),(Vehicles4↦-8.000000238418579),(Vehicles5↦-4.0000001192092896)}",
        "VehiclesVy": "{(EgoVehicle↦0.0),(Vehicles2↦0.0),(Vehicles3↦0.0),(Vehicles4↦0.0),(Vehicles5↦0.0)}",
        "VehiclesX": "{(EgoVehicle↦200.0),(Vehicles2↦-1.8301833420991898),(Vehicles3↦39.53026533126831),(Vehicles4↦41.560760140419006),(Vehicles5↦73.13348650932312)}"
      },
      "probabilisticVariables": null,
      "activating": [
        "IDLE_32"
      ],
      "activatingOnlyWhenExecuted": true,
      "updating": null,
      "withPredicate": null
    },
    {
      "id": "IDLE_32",
      "execute": "IDLE",
      "after": "1000",
      "priority": 0,
      "additionalGuards": null,
      "activationKind": null,
      "fixedVariables": {
        "Crash": "FALSE",
        "VehiclesAy": "{(EgoVehicle↦0.0),(Vehicles2↦0.0),(Vehicles3↦0.0),(Vehicles4↦0.0),(Vehicles5↦0.0)}",
        "Reward": "0.7333333333374278",
        "VehiclesAx": "{(EgoVehicle↦0.0),(Vehicles2↦0.027741193771362305),(Vehicles3↦-0.09438958019018173),(Vehicles4↦-0.005504116415977478),(Vehicles5↦0.009009167551994324)}",
        "VehiclesVx": "{(EgoVehicle↦20.0),(Vehicles2↦0.17408935353159904),(Vehicles3↦0.574306882917881),(Vehicles4↦0.2073133923113346),(Vehicles5↦0.8638851344585419)}",
        "VehiclesY": "{(EgoVehicle↦8.000000238418579),(Vehicles2↦-4.0000001192092896),(Vehicles3↦0.0),(Vehicles4↦-8.000000238418579),(Vehicles5↦-4.0000001192092896)}",
        "VehiclesVy": "{(EgoVehicle↦0.0),(Vehicles2↦0.0),(Vehicles3↦0.0),(Vehicles4↦0.0),(Vehicles5↦0.0)}",
        "VehiclesX": "{(EgoVehicle↦200.0),(Vehicles2↦-1.6726255416870117),(Vehicles3↦40.16057252883911),(Vehicles4↦41.77124798297882),(Vehicles5↦73.99197220802307)}"
      },
      "probabilisticVariables": null,
      "activating": [
        "IDLE_33"
      ],
      "activatingOnlyWhenExecuted": true,
      "updating": null,
      "withPredicate": null
    },
    {
      "id": "IDLE_33",
      "execute": "IDLE",
      "after": "1000",
      "priority": 0,
      "additionalGuards": null,
      "activationKind": null,
      "fixedVariables": {
        "Crash": "FALSE",
        "VehiclesAy": "{(EgoVehicle↦0.0),(Vehicles2↦0.0),(Vehicles3↦0.0),(Vehicles4↦0.0),(Vehicles5↦0.0)}",
        "Reward": "0.7333333333338725",
        "VehiclesAx": "{(EgoVehicle↦0.0),(Vehicles2↦0.02638738602399826),(Vehicles3↦-0.08619759231805801),(Vehicles4↦-0.003963150084018707),(Vehicles5↦0.008969604969024658)}",
        "VehiclesVx": "{(EgoVehicle↦20.0),(Vehicles2↦0.2004767395555973),(Vehicles3↦0.488109290599823),(Vehicles4↦0.2033502422273159),(Vehicles5↦0.8728547394275665)}",
        "VehiclesY": "{(EgoVehicle↦8.000000238418579),(Vehicles2↦-4.0000001192092896),(Vehicles3↦0.0),(Vehicles4↦-8.000000238418579),(Vehicles5↦-4.0000001192092896)}",
        "VehiclesVy": "{(EgoVehicle↦0.0),(Vehicles2↦0.0),(Vehicles3↦0.0),(Vehicles4↦0.0),(Vehicles5↦0.0)}",
        "VehiclesX": "{(EgoVehicle↦200.0),(Vehicles2↦-1.4878776855766773),(Vehicles3↦40.69972634315491),(Vehicles4↦41.97686016559601),(Vehicles5↦74.85944628715515)}"
      },
      "probabilisticVariables": null,
      "activating": [
        "IDLE_34"
      ],
      "activatingOnlyWhenExecuted": true,
      "updating": null,
      "withPredicate": null
    },
    {
      "id": "IDLE_34",
      "execute": "IDLE",
      "after": "1000",
      "priority": 0,
      "additionalGuards": null,
      "activationKind": null,
      "fixedVariables": {
        "Crash": "FALSE",
        "VehiclesAy": "{(EgoVehicle↦0.0),(Vehicles2↦0.0),(Vehicles3↦0.0),(Vehicles4↦0.0),(Vehicles5↦0.0)}",
        "Reward": "0.7333333333334043",
        "VehiclesAx": "{(EgoVehicle↦0.0),(Vehicles2↦0.025147702544927597),(Vehicles3↦-0.0776025652885437),(Vehicles4↦-0.0025611184537410736),(Vehicles5↦0.00890396535396576)}",
        "VehiclesVx": "{(EgoVehicle↦20.0),(Vehicles2↦0.2256244421005249),(Vehicles3↦0.4105067253112793),(Vehicles4↦0.20078912377357483),(Vehicles5↦0.8817587047815323)}",
        "VehiclesY": "{(EgoVehicle↦8.000000238418579),(Vehicles2↦-4.0000001192092896),(Vehicles3↦0.0),(Vehicles4↦-8.000000238418579),(Vehicles5↦-4.0000001192092896)}",
        "VehiclesVy": "{(EgoVehicle↦0.0),(Vehicles2↦0.0),(Vehicles3↦0.0),(Vehicles4↦0.0),(Vehicles5↦0.0)}",
        "VehiclesX": "{(EgoVehicle↦200.0),(Vehicles2↦-1.2772468850016594),(Vehicles3↦41.15609526634216),(Vehicles4↦42.17907786369324),(Vehicles5↦75.7358729839325)}"
      },
      "probabilisticVariables": null,
      "activating": [
        "IDLE_35"
      ],
      "activatingOnlyWhenExecuted": true,
      "updating": null,
      "withPredicate": null
    },
    {
      "id": "IDLE_35",
      "execute": "IDLE",
      "after": "1000",
      "priority": 0,
      "additionalGuards": null,
      "activationKind": null,
      "fixedVariables": {
        "Crash": "FALSE",
        "VehiclesAy": "{(EgoVehicle↦0.0),(Vehicles2↦0.0),(Vehicles3↦0.0),(Vehicles4↦0.0),(Vehicles5↦0.0)}",
        "Reward": "0.7333333333333427",
        "VehiclesAx": "{(EgoVehicle↦0.0),(Vehicles2↦0.024008378386497498),(Vehicles3↦-0.06880652159452438),(Vehicles4↦-0.0012901797890663147),(Vehicles5↦0.008821636438369751)}",
        "VehiclesVx": "{(EgoVehicle↦20.0),(Vehicles2↦0.2496328204870224),(Vehicles3↦0.3417002037167549),(Vehicles4↦0.19949894398450851),(Vehicles5↦0.890580341219902)}",
        "VehiclesY": "{(EgoVehicle↦8.000000238418579),(Vehicles2↦-4.0000001192092896),(Vehicles3↦0.0),(Vehicles4↦-8.000000238418579),(Vehicles5↦-4.0000001192092896)}",
        "VehiclesVy": "{(EgoVehicle↦0.0),(Vehicles2↦0.0),(Vehicles3↦0.0),(Vehicles4↦0.0),(Vehicles5↦0.0)}",
        "VehiclesX": "{(EgoVehicle↦200.0),(Vehicles2↦-1.0419316589832306),(Vehicles3↦41.53837263584137),(Vehicles4↦42.37925410270691),(Vehicles5↦76.62116289138794)}"
      },
      "probabilisticVariables": null,
      "activating": [
        "IDLE_36"
      ],
      "activatingOnlyWhenExecuted": true,
      "updating": null,
      "withPredicate": null
    },
    {
      "id": "IDLE_36",
      "execute": "IDLE",
      "after": "1000",
      "priority": 0,
      "additionalGuards": null,
      "activationKind": null,
      "fixedVariables": {
        "Crash": "FALSE",
        "VehiclesAy": "{(EgoVehicle↦0.0),(Vehicles2↦0.0),(Vehicles3↦0.0),(Vehicles4↦0.0),(Vehicles5↦0.0)}",
        "Reward": "0.7333333333333346",
        "VehiclesAx": "{(EgoVehicle↦0.0),(Vehicles2↦0.022958051413297653),(Vehicles3↦-0.05999524146318436),(Vehicles4↦-0.00014159828424453735),(Vehicles5↦0.008729249238967896)}",
        "VehiclesVx": "{(EgoVehicle↦20.0),(Vehicles2↦0.27259087190032005),(Vehicles3↦0.28170496225357056),(Vehicles4↦0.19935734570026398),(Vehicles5↦0.8993095904588699)}",
        "VehiclesY": "{(EgoVehicle↦8.000000238418579),(Vehicles2↦-4.0000001192092896),(Vehicles3↦0.0),(Vehicles4↦-8.000000238418579),(Vehicles5↦-4.0000001192092896)}",
        "VehiclesVy": "{(EgoVehicle↦0.0),(Vehicles2↦0.0),(Vehicles3↦0.0),(Vehicles4↦0.0),(Vehicles5↦0.0)}",
        "VehiclesX": "{(EgoVehicle↦200.0),(Vehicles2↦-0.7830348797142506),(Vehicles3↦41.85537397861481),(Vehicles4↦42.57861077785492),(Vehicles5↦77.51524448394775)}"
      },
      "probabilisticVariables": null,
      "activating": [
        "IDLE_37"
      ],
      "activatingOnlyWhenExecuted": true,
      "updating": null,
      "withPredicate": null
    },
    {
      "id": "IDLE_37",
      "execute": "IDLE",
      "after": "1000",
      "priority": 0,
      "additionalGuards": null,
      "activationKind": null,
      "fixedVariables": {
        "Crash": "FALSE",
        "VehiclesAy": "{(EgoVehicle↦0.0),(Vehicles2↦0.0),(Vehicles3↦0.0),(Vehicles4↦0.0),(Vehicles5↦0.0)}",
        "Reward": "0.7333333333333335",
        "VehiclesAx": "{(EgoVehicle↦0.0),(Vehicles2↦0.021987278014421463),(Vehicles3↦-0.05133461207151413),(Vehicles4↦0.0008937902748584747),(Vehicles5↦0.00863097608089447)}",
        "VehiclesVx": "{(EgoVehicle↦20.0),(Vehicles2↦0.2945781499147415),(Vehicles3↦0.23037035018205643),(Vehicles4↦0.20025113597512245),(Vehicles5↦0.9079405665397644)}",
        "VehiclesY": "{(EgoVehicle↦8.000000238418579),(Vehicles2↦-4.0000001192092896),(Vehicles3↦0.0),(Vehicles4↦-8.000000238418579),(Vehicles5↦-4.0000001192092896)}",
        "VehiclesVy": "{(EgoVehicle↦0.0),(Vehicles2↦0.0),(Vehicles3↦0.0),(Vehicles4↦0.0),(Vehicles5↦0.0)}",
        "VehiclesX": "{(EgoVehicle↦200.0),(Vehicles2↦-0.5015743896365166),(Vehicles3↦42.11586117744446),(Vehicles4↦42.778244614601135),(Vehicles5↦78.41801643371582)}"
      },
      "probabilisticVariables": null,
      "activating": [
        "IDLE_38"
      ],
      "activatingOnlyWhenExecuted": true,
      "updating": null,
      "withPredicate": null
    },
    {
      "id": "IDLE_38",
      "execute": "IDLE",
      "after": "1000",
      "priority": 0,
      "additionalGuards": null,
      "activationKind": null,
      "fixedVariables": {
        "Crash": "FALSE",
        "VehiclesAy": "{(EgoVehicle↦0.0),(Vehicles2↦0.0),(Vehicles3↦0.0),(Vehicles4↦0.0),(Vehicles5↦0.0)}",
        "Reward": "0.7333333333333334",
        "VehiclesAx": "{(EgoVehicle↦0.0),(Vehicles2↦0.02108793705701828),(Vehicles3↦-0.04296734929084778),(Vehicles4↦0.0018251687288284302),(Vehicles5↦0.008529573678970337)}",
        "VehiclesVx": "{(EgoVehicle↦20.0),(Vehicles2↦0.3156660869717598),(Vehicles3↦0.18740300089120865),(Vehicles4↦0.20207630470395088),(Vehicles5↦0.9164701402187347)}",
        "VehiclesY": "{(EgoVehicle↦8.000000238418579),(Vehicles2↦-4.0000001192092896),(Vehicles3↦0.0),(Vehicles4↦-8.000000238418579),(Vehicles5↦-4.0000001192092896)}",
        "VehiclesVy": "{(EgoVehicle↦0.0),(Vehicles2↦0.0),(Vehicles3↦0.0),(Vehicles4↦0.0),(Vehicles5↦0.0)}",
        "VehiclesX": "{(EgoVehicle↦200.0),(Vehicles2↦-0.19849182572215796),(Vehicles3↦42.32839047908783),(Vehicles4↦42.97915697097778),(Vehicles5↦79.32937741279602)}"
      },
      "probabilisticVariables": null,
      "activating": [
        "IDLE_39"
      ],
      "activatingOnlyWhenExecuted": true,
      "updating": null,
      "withPredicate": null
    },
    {
      "id": "IDLE_39",
      "execute": "IDLE",
      "after": "1000",
      "priority": 0,
      "additionalGuards": null,
      "activationKind": null,
      "fixedVariables": {
        "Crash": "FALSE",
        "VehiclesAy": "{(EgoVehicle↦0.0),(Vehicles2↦0.0),(Vehicles3↦0.0),(Vehicles4↦0.0),(Vehicles5↦0.0)}",
        "Reward": "0.7333333333333334",
        "VehiclesAx": "{(EgoVehicle↦0.0),(Vehicles2↦0.020252875983715057),(Vehicles3↦-0.03501041792333126),(Vehicles4↦0.002661552280187607),(Vehicles5↦0.008426755666732788)}",
        "VehiclesVx": "{(EgoVehicle↦20.0),(Vehicles2↦0.33591896295547485),(Vehicles3↦0.1523925829678774),(Vehicles4↦0.2047378569841385),(Vehicles5↦0.9248968958854675)}",
        "VehiclesY": "{(EgoVehicle↦8.000000238418579),(Vehicles2↦-4.0000001192092896),(Vehicles3↦0.0),(Vehicles4↦-8.000000238418579),(Vehicles5↦-4.0000001192092896)}",
        "VehiclesVy": "{(EgoVehicle↦0.0),(Vehicles2↦0.0),(Vehicles3↦0.0),(Vehicles4↦0.0),(Vehicles5↦0.0)}",
        "VehiclesX": "{(EgoVehicle↦200.0),(Vehicles2↦0.1253398135304451),(Vehicles3↦42.50117242336273),(Vehicles4↦43.18223297595978),(Vehicles5↦80.24922609329224)}"
      },
      "probabilisticVariables": null,
      "activating": [
        "IDLE_40"
      ],
      "activatingOnlyWhenExecuted": true,
      "updating": null,
      "withPredicate": null
    },
    {
      "id": "IDLE_40",
      "execute": "IDLE",
      "after": "1000",
      "priority": 0,
      "additionalGuards": null,
      "activationKind": null,
      "fixedVariables": {
        "Crash": "FALSE",
        "VehiclesAy": "{(EgoVehicle↦0.0),(Vehicles2↦0.0),(Vehicles3↦0.0),(Vehicles4↦0.0),(Vehicles5↦0.0)}",
        "Reward": "0.7333333333333334",
        "VehiclesAx": "{(EgoVehicle↦0.0),(Vehicles2↦0.01947600394487381),(Vehicles3↦-0.02755383960902691),(Vehicles4↦0.003411397337913513),(Vehicles5↦0.008323267102241516)}",
        "VehiclesVx": "{(EgoVehicle↦20.0),(Vehicles2↦0.35539496690034866),(Vehicles3↦0.12483874335885048),(Vehicles4↦0.208149254322052),(Vehicles5↦0.933220162987709)}",
        "VehiclesY": "{(EgoVehicle↦8.000000238418579),(Vehicles2↦-4.0000001192092896),(Vehicles3↦0.0),(Vehicles4↦-8.000000238418579),(Vehicles5↦-4.0000001192092896)}",
        "VehiclesVy": "{(EgoVehicle↦0.0),(Vehicles2↦0.0),(Vehicles3↦0.0),(Vehicles4↦0.0),(Vehicles5↦0.0)}",
        "VehiclesX": "{(EgoVehicle↦200.0),(Vehicles2↦0.46910918317735195),(Vehicles3↦42.64196753501892),(Vehicles4↦43.388280272483826),(Vehicles5↦81.17746114730835)}"
      },
      "probabilisticVariables": null,
      "activating": [
        "IDLE_41"
      ],
      "activatingOnlyWhenExecuted": true,
      "updating": null,
      "withPredicate": null
    },
    {
      "id": "IDLE_41",
      "execute": "IDLE",
      "after": "1000",
      "priority": 0,
      "additionalGuards": null,
      "activationKind": null,
      "fixedVariables": {
        "Crash": "FALSE",
        "VehiclesAy": "{(EgoVehicle↦0.0),(Vehicles2↦0.0),(Vehicles3↦0.0),(Vehicles4↦0.0),(Vehicles5↦0.0)}",
        "Reward": "0.7333333333333334",
        "VehiclesAx": "{(EgoVehicle↦0.0),(Vehicles2↦0.01875169575214386),(Vehicles3↦-0.020661121234297752),(Vehicles4↦0.004082731902599335),(Vehicles5↦0.008219555020332336)}",
        "VehiclesVx": "{(EgoVehicle↦20.0),(Vehicles2↦0.3741466626524925),(Vehicles3↦0.10417762212455273),(Vehicles4↦0.21223198622465134),(Vehicles5↦0.9414397180080414)}",
        "VehiclesY": "{(EgoVehicle↦8.000000238418579),(Vehicles2↦-4.0000001192092896),(Vehicles3↦0.0),(Vehicles4↦-8.000000238418579),(Vehicles5↦-4.0000001192092896)}",
        "VehiclesVy": "{(EgoVehicle↦0.0),(Vehicles2↦0.0),(Vehicles3↦0.0),(Vehicles4↦0.0),(Vehicles5↦0.0)}",
        "VehiclesX": "{(EgoVehicle↦200.0),(Vehicles2↦0.8320608176290989),(Vehicles3↦42.75801479816437),(Vehicles4↦43.59801113605499),(Vehicles5↦82.11397528648376)}"
      },
      "probabilisticVariables": null,
      "activating": [
        "IDLE_42"
      ],
      "activatingOnlyWhenExecuted": true,
      "updating": null,
      "withPredicate": null
    },
    {
      "id": "IDLE_42",
      "execute": "IDLE",
      "after": "1000",
      "priority": 0,
      "additionalGuards": null,
      "activationKind": null,
      "fixedVariables": {
        "Crash": "FALSE",
        "VehiclesAy": "{(EgoVehicle↦0.0),(Vehicles2↦0.0),(Vehicles3↦0.0),(Vehicles4↦0.0),(Vehicles5↦0.0)}",
        "Reward": "0.7333333333333334",
        "VehiclesAx": "{(EgoVehicle↦0.0),(Vehicles2↦0.018075108528137207),(Vehicles3↦-0.014370772987604141),(Vehicles4↦0.004682894796133041),(Vehicles5↦0.008115991950035095)}",
        "VehiclesVx": "{(EgoVehicle↦20.0),(Vehicles2↦0.39222177118062973),(Vehicles3↦0.08980684913694859),(Vehicles4↦0.21691488102078438),(Vehicles5↦0.9495557099580765)}",
        "VehiclesY": "{(EgoVehicle↦8.000000238418579),(Vehicles2↦-4.0000001192092896),(Vehicles3↦0.0),(Vehicles4↦-8.000000238418579),(Vehicles5↦-4.0000001192092896)}",
        "VehiclesVy": "{(EgoVehicle↦0.0),(Vehicles2↦0.0),(Vehicles3↦0.0),(Vehicles4↦0.0),(Vehicles5↦0.0)}",
        "VehiclesX": "{(EgoVehicle↦200.0),(Vehicles2↦1.2134898453950882),(Vehicles3↦42.855966091156006),(Vehicles4↦43.81207227706909),(Vehicles5↦83.05866718292236)}"
      },
      "probabilisticVariables": null,
      "activating": [
        "IDLE_43"
      ],
      "activatingOnlyWhenExecuted": true,
      "updating": null,
      "withPredicate": null
    },
    {
      "id": "IDLE_43",
      "execute": "IDLE",
      "after": "1000",
      "priority": 0,
      "additionalGuards": null,
      "activationKind": null,
      "fixedVariables": {
        "Crash": "FALSE",
        "VehiclesAy": "{(EgoVehicle↦0.0),(Vehicles2↦0.0),(Vehicles3↦0.0),(Vehicles4↦0.0),(Vehicles5↦0.0)}",
        "Reward": "0.7333333333333334",
        "VehiclesAx": "{(EgoVehicle↦0.0),(Vehicles2↦0.01744180917739868),(Vehicles3↦-0.00869915820658207),(Vehicles4↦0.005218666046857834),(Vehicles5↦0.008012428879737854)}",
        "VehiclesVx": "{(EgoVehicle↦20.0),(Vehicles2↦0.4096635803580284),(Vehicles3↦0.08110769093036652),(Vehicles4↦0.2221335470676422),(Vehicles5↦0.9575681388378143)}",
        "VehiclesY": "{(EgoVehicle↦8.000000238418579),(Vehicles2↦-4.0000001192092896),(Vehicles3↦0.0),(Vehicles4↦-8.000000238418579),(Vehicles5↦-4.0000001192092896)}",
        "VehiclesVy": "{(EgoVehicle↦0.0),(Vehicles2↦0.0),(Vehicles3↦0.0),(Vehicles4↦0.0),(Vehicles5↦0.0)}",
        "VehiclesX": "{(EgoVehicle↦200.0),(Vehicles2↦1.6127374023199081),(Vehicles3↦42.94186532497406),(Vehicles4↦44.03103291988373),(Vehicles5↦84.01143550872803)}"
      },
      "probabilisticVariables": null,
      "activating": [
        "IDLE_44"
      ],
      "activatingOnlyWhenExecuted": true,
      "updating": null,
      "withPredicate": null
    },
    {
      "id": "IDLE_44",
      "execute": "IDLE",
      "after": "1000",
      "priority": 0,
      "additionalGuards": null,
      "activationKind": null,
      "fixedVariables": {
        "Crash": "FALSE",
        "VehiclesAy": "{(EgoVehicle↦0.0),(Vehicles2↦0.0),(Vehicles3↦0.0),(Vehicles4↦0.0),(Vehicles5↦0.0)}",
        "Reward": "0.7333333333333334",
        "VehiclesAx": "{(EgoVehicle↦0.0),(Vehicles2↦0.016848072409629822),(Vehicles3↦-0.0036438507959246635),(Vehicles4↦0.005696192383766174),(Vehicles5↦0.00790916383266449)}",
        "VehiclesVx": "{(EgoVehicle↦20.0),(Vehicles2↦0.42651165276765823),(Vehicles3↦0.07746384013444185),(Vehicles4↦0.2278297394514084),(Vehicles5↦0.9654773026704788)}",
        "VehiclesY": "{(EgoVehicle↦8.000000238418579),(Vehicles2↦-4.0000001192092896),(Vehicles3↦0.0),(Vehicles4↦-8.000000238418579),(Vehicles5↦-4.0000001192092896)}",
        "VehiclesVy": "{(EgoVehicle↦0.0),(Vehicles2↦0.0),(Vehicles3↦0.0),(Vehicles4↦0.0),(Vehicles5↦0.0)}",
        "VehiclesX": "{(EgoVehicle↦200.0),(Vehicles2↦2.029186114668846),(Vehicles3↦43.02113354206085),(Vehicles4↦44.25540864467621),(Vehicles5↦84.97217893600464)}"
      },
      "probabilisticVariables": null,
      "activating": [
        "IDLE_45"
      ],
      "activatingOnlyWhenExecuted": true,
      "updating": null,
      "withPredicate": null
    },
    {
      "id": "IDLE_45",
      "execute": "IDLE",
      "after": "1000",
      "priority": 0,
      "additionalGuards": null,
      "activationKind": null,
      "fixedVariables": {
        "Crash": "FALSE",
        "VehiclesAy": "{(EgoVehicle↦0.0),(Vehicles2↦0.0),(Vehicles3↦0.0),(Vehicles4↦0.0),(Vehicles5↦0.0)}",
        "Reward": "0.7333333333333334",
        "VehiclesAx": "{(EgoVehicle↦0.0),(Vehicles2↦0.016290321946144104),(Vehicles3↦0.0008126208558678627),(Vehicles4↦0.006121024489402771),(Vehicles5↦0.007805973291397095)}",
        "VehiclesVx": "{(EgoVehicle↦20.0),(Vehicles2↦0.44280197471380234),(Vehicles3↦0.07827646099030972),(Vehicles4↦0.23395076394081116),(Vehicles5↦0.9732832759618759)}",
        "VehiclesY": "{(EgoVehicle↦8.000000238418579),(Vehicles2↦-4.0000001192092896),(Vehicles3↦0.0),(Vehicles4↦-8.000000238418579),(Vehicles5↦-4.0000001192092896)}",
        "VehiclesVy": "{(EgoVehicle↦0.0),(Vehicles2↦0.0),(Vehicles3↦0.0),(Vehicles4↦0.0),(Vehicles5↦0.0)}",
        "VehiclesX": "{(EgoVehicle↦200.0),(Vehicles2↦2.462257258594036),(Vehicles3↦43.09858977794647),(Vehicles4↦44.485655426979065),(Vehicles5↦85.94078421592712)}"
      },
      "probabilisticVariables": null,
      "activating": [
        "IDLE_46"
      ],
      "activatingOnlyWhenExecuted": true,
      "updating": null,
      "withPredicate": null
    },
    {
      "id": "IDLE_46",
      "execute": "IDLE",
      "after": "1000",
      "priority": 0,
      "additionalGuards": null,
      "activationKind": null,
      "fixedVariables": {
        "Crash": "FALSE",
        "VehiclesAy": "{(EgoVehicle↦0.0),(Vehicles2↦0.0),(Vehicles3↦0.0),(Vehicles4↦0.0),(Vehicles5↦0.0)}",
        "Reward": "0.7333333333333334",
        "VehiclesAx": "{(EgoVehicle↦0.0),(Vehicles2↦0.015765540301799774),(Vehicles3↦0.004699165001511574),(Vehicles4↦0.006498228758573532),(Vehicles5↦0.007703155279159546)}",
        "VehiclesVx": "{(EgoVehicle↦20.0),(Vehicles2↦0.4585675150156021),(Vehicles3↦0.08297562599182129),(Vehicles4↦0.2404489926993847),(Vehicles5↦0.9809864312410355)}",
        "VehiclesY": "{(EgoVehicle↦8.000000238418579),(Vehicles2↦-4.0000001192092896),(Vehicles3↦0.0),(Vehicles4↦-8.000000238418579),(Vehicles5↦-4.0000001192092896)}",
        "VehiclesVy": "{(EgoVehicle↦0.0),(Vehicles2↦0.0),(Vehicles3↦0.0),(Vehicles4↦0.0),(Vehicles5↦0.0)}",
        "VehiclesX": "{(EgoVehicle↦200.0),(Vehicles2↦2.911406196653843),(Vehicles3↦43.17845702171326),(Vehicles4↦44.72217559814453),(Vehicles5↦86.91716194152832)}"
      },
      "probabilisticVariables": null,
      "activating": [
        "IDLE_47"
      ],
      "activatingOnlyWhenExecuted": true,
      "updating": null,
      "withPredicate": null
    },
    {
      "id": "IDLE_47",
      "execute": "IDLE",
      "after": "1000",
      "priority": 0,
      "additionalGuards": null,
      "activationKind": null,
      "fixedVariables": {
        "Crash": "FALSE",
        "VehiclesAy": "{(EgoVehicle↦0.0),(Vehicles2↦0.0),(Vehicles3↦0.0),(Vehicles4↦0.0),(Vehicles5↦0.0)}",
        "Reward": "0.7333333333333334",
        "VehiclesAx": "{(EgoVehicle↦0.0),(Vehicles2↦0.015270896255970001),(Vehicles3↦0.008052634075284004),(Vehicles4↦0.006832350045442581),(Vehicles5↦0.007600411772727966)}",
        "VehiclesVx": "{(EgoVehicle↦20.0),(Vehicles2↦0.4738384112715721),(Vehicles3↦0.0910282600671053),(Vehicles4↦0.24728134274482727),(Vehicles5↦0.9885868430137634)}",
        "VehiclesY": "{(EgoVehicle↦8.000000238418579),(Vehicles2↦-4.0000001192092896),(Vehicles3↦0.0),(Vehicles4↦-8.000000238418579),(Vehicles5↦-4.0000001192092896)}",
        "VehiclesVy": "{(EgoVehicle↦0.0),(Vehicles2↦0.0),(Vehicles3↦0.0),(Vehicles4↦0.0),(Vehicles5↦0.0)}",
        "VehiclesX": "{(EgoVehicle↦200.0),(Vehicles2↦3.3761203289031982),(Vehicles3↦43.26440691947937),(Vehicles4↦44.96533274650574),(Vehicles5↦87.90119290351868)}"
      },
      "probabilisticVariables": null,
      "activating": [
        "IDLE_48"
      ],
      "activatingOnlyWhenExecuted": true,
      "updating": null,
      "withPredicate": null
    },
    {
      "id": "IDLE_48",
      "execute": "IDLE",
      "after": "1000",
      "priority": 0,
      "additionalGuards": null,
      "activationKind": null,
      "fixedVariables": {
        "Crash": "FALSE",
        "VehiclesAy": "{(EgoVehicle↦0.0),(Vehicles2↦0.0),(Vehicles3↦0.0),(Vehicles4↦0.0),(Vehicles5↦0.0)}",
        "Reward": "0.7333333333333334",
        "VehiclesAx": "{(EgoVehicle↦0.0),(Vehicles2↦0.0148039311170578),(Vehicles3↦0.010914923623204231),(Vehicles4↦0.007127448916435242),(Vehicles5↦0.007497966289520264)}",
        "VehiclesVx": "{(EgoVehicle↦20.0),(Vehicles2↦0.4886423423886299),(Vehicles3↦0.10194318369030952),(Vehicles4↦0.2544087916612625),(Vehicles5↦0.9960848093032837)}",
        "VehiclesY": "{(EgoVehicle↦8.000000238418579),(Vehicles2↦-4.0000001192092896),(Vehicles3↦0.0),(Vehicles4↦-8.000000238418579),(Vehicles5↦-4.0000001192092896)}",
        "VehiclesVy": "{(EgoVehicle↦0.0),(Vehicles2↦0.0),(Vehicles3↦0.0),(Vehicles4↦0.0),(Vehicles5↦0.0)}",
        "VehiclesX": "{(EgoVehicle↦200.0),(Vehicles2↦3.8559168577194214),(Vehicles3↦43.35958957672119),(Vehicles4↦45.21544277667999),(Vehicles5↦88.89278769493103)}"
      },
      "probabilisticVariables": null,
      "activating": [
        "IDLE_49"
      ],
      "activatingOnlyWhenExecuted": true,
      "updating": null,
      "withPredicate": null
    },
    {
      "id": "IDLE_49",
      "execute": "IDLE",
      "after": "1000",
      "priority": 0,
      "additionalGuards": null,
      "activationKind": null,
      "fixedVariables": {
        "Crash": "FALSE",
        "VehiclesAy": "{(EgoVehicle↦0.0),(Vehicles2↦0.0),(Vehicles3↦0.0),(Vehicles4↦0.0),(Vehicles5↦0.0)}",
        "Reward": "0.7333333333333334",
        "VehiclesAx": "{(EgoVehicle↦0.0),(Vehicles2↦0.014362446963787079),(Vehicles3↦0.013330448418855667),(Vehicles4↦0.007387232035398483),(Vehicles5↦0.007395818829536438)}",
        "VehiclesVx": "{(EgoVehicle↦20.0),(Vehicles2↦0.503004789352417),(Vehicles3↦0.11527363210916519),(Vehicles4↦0.261796023696661),(Vehicles5↦1.0034806281328201)}",
        "VehiclesY": "{(EgoVehicle↦8.000000238418579),(Vehicles2↦-4.0000001192092896),(Vehicles3↦0.0),(Vehicles4↦-8.000000238418579),(Vehicles5↦-4.0000001192092896)}",
        "VehiclesVy": "{(EgoVehicle↦0.0),(Vehicles2↦0.0),(Vehicles3↦0.0),(Vehicles4↦0.0),(Vehicles5↦0.0)}",
        "VehiclesX": "{(EgoVehicle↦200.0),(Vehicles2↦4.350338503718376),(Vehicles3↦43.46668720245361),(Vehicles4↦45.47278881072998),(Vehicles5↦89.89183902740479)}"
      },
      "probabilisticVariables": null,
      "activating": [
        "IDLE_50"
      ],
      "activatingOnlyWhenExecuted": true,
      "updating": null,
      "withPredicate": null
    },
    {
      "id": "IDLE_50",
      "execute": "IDLE",
      "after": "1000",
      "priority": 0,
      "additionalGuards": null,
      "activationKind": null,
      "fixedVariables": {
        "Crash": "FALSE",
        "VehiclesAy": "{(EgoVehicle↦0.0),(Vehicles2↦0.0),(Vehicles3↦0.0),(Vehicles4↦0.0),(Vehicles5↦0.0)}",
        "Reward": "0.7333333333333334",
        "VehiclesAx": "{(EgoVehicle↦0.0),(Vehicles2↦0.013944469392299652),(Vehicles3↦0.01534411683678627),(Vehicles4↦0.007614977657794952),(Vehicles5↦0.007293969392776489)}",
        "VehiclesVx": "{(EgoVehicle↦20.0),(Vehicles2↦0.5169492587447166),(Vehicles3↦0.13061774894595146),(Vehicles4↦0.26941100135445595),(Vehicles5↦1.0107745975255966)}",
        "VehiclesY": "{(EgoVehicle↦8.000000238418579),(Vehicles2↦-4.0000001192092896),(Vehicles3↦0.0),(Vehicles4↦-8.000000238418579),(Vehicles5↦-4.0000001192092896)}",
        "VehiclesVy": "{(EgoVehicle↦0.0),(Vehicles2↦0.0),(Vehicles3↦0.0),(Vehicles4↦0.0),(Vehicles5↦0.0)}",
        "VehiclesX": "{(EgoVehicle↦200.0),(Vehicles2↦4.858953505754471),(Vehicles3↦43.587952852249146),(Vehicles4↦45.73761224746704),(Vehicles5↦90.89824557304382)}"
      },
      "probabilisticVariables": null,
      "activating": [
        "IDLE_51"
      ],
      "activatingOnlyWhenExecuted": true,
      "updating": null,
      "withPredicate": null
    },
    {
      "id": "IDLE_51",
      "execute": "IDLE",
      "after": "1000",
      "priority": 0,
      "additionalGuards": null,
      "activationKind": null,
      "fixedVariables": {
        "Crash": "FALSE",
        "VehiclesAy": "{(EgoVehicle↦0.0),(Vehicles2↦0.0),(Vehicles3↦0.0),(Vehicles4↦0.0),(Vehicles5↦0.0)}",
        "Reward": "0.7333333333333334",
        "VehiclesAx": "{(EgoVehicle↦0.0),(Vehicles2↦0.013548098504543304),(Vehicles3↦0.01699993386864662),(Vehicles4↦0.007813684642314911),(Vehicles5↦0.007192492485046387)}",
        "VehiclesVx": "{(EgoVehicle↦20.0),(Vehicles2↦0.53049735724926),(Vehicles3↦0.14761768281459808),(Vehicles4↦0.27722468599677086),(Vehicles5↦1.017967090010643)}",
        "VehiclesY": "{(EgoVehicle↦8.000000238418579),(Vehicles2↦-4.0000001192092896),(Vehicles3↦0.0),(Vehicles4↦-8.000000238418579),(Vehicles5↦-4.0000001192092896)}",
        "VehiclesVy": "{(EgoVehicle↦0.0),(Vehicles2↦0.0),(Vehicles3↦0.0),(Vehicles4↦0.0),(Vehicles5↦0.0)}",
        "VehiclesX": "{(EgoVehicle↦200.0),(Vehicles2↦5.381352826952934),(Vehicles3↦43.72525215148926),(Vehicles4↦46.01013362407684),(Vehicles5↦91.91190600395203)}"
      },
      "probabilisticVariables": null,
      "activating": [
        "IDLE_52"
      ],
      "activatingOnlyWhenExecuted": true,
      "updating": null,
      "withPredicate": null
    },
    {
      "id": "IDLE_52",
      "execute": "IDLE",
      "after": "1000",
      "priority": 0,
      "additionalGuards": null,
      "activationKind": null,
      "fixedVariables": {
        "Crash": "FALSE",
        "VehiclesAy": "{(EgoVehicle↦0.0),(Vehicles2↦0.0),(Vehicles3↦0.0),(Vehicles4↦0.0),(Vehicles5↦0.0)}",
        "Reward": "0.7333333333333334",
        "VehiclesAx": "{(EgoVehicle↦0.0),(Vehicles2↦0.013171806931495667),(Vehicles3↦0.01833980903029442),(Vehicles4↦0.007986016571521759),(Vehicles5↦0.0070914626121521)}",
        "VehiclesVx": "{(EgoVehicle↦20.0),(Vehicles2↦0.5436691641807556),(Vehicles3↦0.1659574918448925),(Vehicles4↦0.2852107025682926),(Vehicles5↦1.025058552622795)}",
        "VehiclesY": "{(EgoVehicle↦8.000000238418579),(Vehicles2↦-4.0000001192092896),(Vehicles3↦0.0),(Vehicles4↦-8.000000238418579),(Vehicles5↦-4.0000001192092896)}",
        "VehiclesVy": "{(EgoVehicle↦0.0),(Vehicles2↦0.0),(Vehicles3↦0.0),(Vehicles4↦0.0),(Vehicles5↦0.0)}",
        "VehiclesX": "{(EgoVehicle↦200.0),(Vehicles2↦5.917148292064667),(Vehicles3↦43.8801109790802),(Vehicles4↦46.29054069519043),(Vehicles5↦92.93271899223328)}"
      },
      "probabilisticVariables": null,
      "activating": [
        "IDLE_53"
      ],
      "activatingOnlyWhenExecuted": true,
      "updating": null,
      "withPredicate": null
    },
    {
      "id": "IDLE_53",
      "execute": "IDLE",
      "after": "1000",
      "priority": 0,
      "additionalGuards": null,
      "activationKind": null,
      "fixedVariables": {
        "Crash": "FALSE",
        "VehiclesAy": "{(EgoVehicle↦0.0),(Vehicles2↦0.0),(Vehicles3↦0.0),(Vehicles4↦0.0),(Vehicles5↦0.0)}",
        "Reward": "0.7333333333333334",
        "VehiclesAx": "{(EgoVehicle↦0.0),(Vehicles2↦0.012814030051231384),(Vehicles3↦0.01940295100212097),(Vehicles4↦0.008134357631206512),(Vehicles5↦0.006990954279899597)}",
        "VehiclesVx": "{(EgoVehicle↦20.0),(Vehicles2↦0.556483194231987),(Vehicles3↦0.18536044284701347),(Vehicles4↦0.29334506019949913),(Vehicles5↦1.0320495069026947)}",
        "VehiclesY": "{(EgoVehicle↦8.000000238418579),(Vehicles2↦-4.0000001192092896),(Vehicles3↦0.0),(Vehicles4↦-8.000000238418579),(Vehicles5↦-4.0000001192092896)}",
        "VehiclesVy": "{(EgoVehicle↦0.0),(Vehicles2↦0.0),(Vehicles3↦0.0),(Vehicles4↦0.0),(Vehicles5↦0.0)}",
        "VehiclesX": "{(EgoVehicle↦200.0),(Vehicles2↦6.465970724821091),(Vehicles3↦44.05375421047211),(Vehicles4↦46.578994393348694),(Vehicles5↦93.96057724952698)}"
      },
      "probabilisticVariables": null,
      "activating": [
        "IDLE_54"
      ],
      "activatingOnlyWhenExecuted": true,
      "updating": null,
      "withPredicate": null
    },
    {
      "id": "IDLE_54",
      "execute": "IDLE",
      "after": "1000",
      "priority": 0,
      "additionalGuards": null,
      "activationKind": null,
      "fixedVariables": {
        "Crash": "FALSE",
        "VehiclesAy": "{(EgoVehicle↦0.0),(Vehicles2↦0.0),(Vehicles3↦0.0),(Vehicles4↦0.0),(Vehicles5↦0.0)}",
        "Reward": "0.7333333333333334",
        "VehiclesAx": "{(EgoVehicle↦0.0),(Vehicles2↦0.012473464012145996),(Vehicles3↦0.02022547647356987),(Vehicles4↦0.008260942995548248),(Vehicles5↦0.00689089298248291)}",
        "VehiclesVx": "{(EgoVehicle↦20.0),(Vehicles2↦0.568956658244133),(Vehicles3↦0.20558591932058334),(Vehicles4↦0.3016060031950474),(Vehicles5↦1.0389403998851776)}",
        "VehiclesY": "{(EgoVehicle↦8.000000238418579),(Vehicles2↦-4.0000001192092896),(Vehicles3↦0.0),(Vehicles4↦-8.000000238418579),(Vehicles5↦-4.0000001192092896)}",
        "VehiclesVy": "{(EgoVehicle↦0.0),(Vehicles2↦0.0),(Vehicles3↦0.0),(Vehicles4↦0.0),(Vehicles5↦0.0)}",
        "VehiclesX": "{(EgoVehicle↦200.0),(Vehicles2↦7.0274703204631805),(Vehicles3↦44.24714744091034),(Vehicles4↦46.87563478946686),(Vehicles5↦94.99539136886597)}"
      },
      "probabilisticVariables": null,
      "activating": [
        "IDLE_55"
      ],
      "activatingOnlyWhenExecuted": true,
      "updating": null,
      "withPredicate": null
    },
    {
      "id": "IDLE_55",
      "execute": "IDLE",
      "after": "1000",
      "priority": 0,
      "additionalGuards": null,
      "activationKind": null,
      "fixedVariables": {
        "Crash": "FALSE",
        "VehiclesAy": "{(EgoVehicle↦0.0),(Vehicles2↦0.0),(Vehicles3↦0.0),(Vehicles4↦0.0),(Vehicles5↦0.0)}",
        "Reward": "0.7333333333333334",
        "VehiclesAx": "{(EgoVehicle↦0.0),(Vehicles2↦0.012148916721343994),(Vehicles3↦0.020840037614107132),(Vehicles4↦0.00836765393614769),(Vehicles5↦0.006791427731513977)}",
        "VehiclesVx": "{(EgoVehicle↦20.0),(Vehicles2↦0.581105574965477),(Vehicles3↦0.22642595693469048),(Vehicles4↦0.30997365713119507),(Vehicles5↦1.0457318276166916)}",
        "VehiclesY": "{(EgoVehicle↦8.000000238418579),(Vehicles2↦-4.0000001192092896),(Vehicles3↦0.0),(Vehicles4↦-8.000000238418579),(Vehicles5↦-4.0000001192092896)}",
        "VehiclesVy": "{(EgoVehicle↦0.0),(Vehicles2↦0.0),(Vehicles3↦0.0),(Vehicles4↦0.0),(Vehicles5↦0.0)}",
        "VehiclesX": "{(EgoVehicle↦200.0),(Vehicles2↦7.601311802864075),(Vehicles3↦44.46102678775787),(Vehicles4↦47.18058109283447),(Vehicles5↦96.03706002235413)}"
      },
      "probabilisticVariables": null,
      "activating": [
        "IDLE_56"
      ],
      "activatingOnlyWhenExecuted": true,
      "updating": null,
      "withPredicate": null
    },
    {
      "id": "IDLE_56",
      "execute": "IDLE",
      "after": "1000",
      "priority": 0,
      "additionalGuards": null,
      "activationKind": null,
      "fixedVariables": {
        "Crash": "FALSE",
        "VehiclesAy": "{(EgoVehicle↦0.0),(Vehicles2↦0.0),(Vehicles3↦0.0),(Vehicles4↦0.0),(Vehicles5↦0.0)}",
        "Reward": "0.7333333333333334",
        "VehiclesAx": "{(EgoVehicle↦0.0),(Vehicles2↦0.011839233338832855),(Vehicles3↦0.021276064217090607),(Vehicles4↦0.008456297218799591),(Vehicles5↦0.006692558526992798)}",
        "VehiclesVx": "{(EgoVehicle↦20.0),(Vehicles2↦0.5929448083043098),(Vehicles3↦0.24770202115178108),(Vehicles4↦0.31842995434999466),(Vehicles5↦1.0524243861436844)}",
        "VehiclesY": "{(EgoVehicle↦8.000000238418579),(Vehicles2↦-4.0000001192092896),(Vehicles3↦0.0),(Vehicles4↦-8.000000238418579),(Vehicles5↦-4.0000001192092896)}",
        "VehiclesVy": "{(EgoVehicle↦0.0),(Vehicles2↦0.0),(Vehicles3↦0.0),(Vehicles4↦0.0),(Vehicles5↦0.0)}",
        "VehiclesX": "{(EgoVehicle↦200.0),(Vehicles2↦8.187177032232285),(Vehicles3↦44.695934653282166),(Vehicles4↦47.49392867088318),(Vehicles5↦97.08547592163086)}"
      },
      "probabilisticVariables": null,
      "activating": [
        "IDLE_57"
      ],
      "activatingOnlyWhenExecuted": true,
      "updating": null,
      "withPredicate": null
    },
    {
      "id": "IDLE_57",
      "execute": "IDLE",
      "after": "1000",
      "priority": 0,
      "additionalGuards": null,
      "activationKind": null,
      "fixedVariables": {
        "Crash": "FALSE",
        "VehiclesAy": "{(EgoVehicle↦0.0),(Vehicles2↦0.0),(Vehicles3↦0.0),(Vehicles4↦0.0),(Vehicles5↦0.0)}",
        "Reward": "0.7333333333333334",
        "VehiclesAx": "{(EgoVehicle↦0.0),(Vehicles2↦0.011543482542037964),(Vehicles3↦0.02155965194106102),(Vehicles4↦0.008528456091880798),(Vehicles5↦0.0065945833921432495)}",
        "VehiclesVx": "{(EgoVehicle↦20.0),(Vehicles2↦0.6044882908463478),(Vehicles3↦0.2692616730928421),(Vehicles4↦0.32695841044187546),(Vehicles5↦1.0590189695358276)}",
        "VehiclesY": "{(EgoVehicle↦8.000000238418579),(Vehicles2↦-4.0000001192092896),(Vehicles3↦0.0),(Vehicles4↦-8.000000238418579),(Vehicles5↦-4.0000001192092896)}",
        "VehiclesVy": "{(EgoVehicle↦0.0),(Vehicles2↦0.0),(Vehicles3↦0.0),(Vehicles4↦0.0),(Vehicles5↦0.0)}",
        "VehiclesX": "{(EgoVehicle↦200.0),(Vehicles2↦8.784762769937515),(Vehicles3↦44.95224356651306),(Vehicles4↦47.81576693058014),(Vehicles5↦98.14054369926453)}"
      },
      "probabilisticVariables": null,
      "activating": [
        "IDLE_58"
      ],
      "activatingOnlyWhenExecuted": true,
      "updating": null,
      "withPredicate": null
    },
    {
      "id": "IDLE_58",
      "execute": "IDLE",
      "after": "1000",
      "priority": 0,
      "additionalGuards": null,
      "activationKind": null,
      "fixedVariables": {
        "Crash": "FALSE",
        "VehiclesAy": "{(EgoVehicle↦0.0),(Vehicles2↦0.0),(Vehicles3↦0.0),(Vehicles4↦0.0),(Vehicles5↦0.0)}",
        "Reward": "0.7333333333333334",
        "VehiclesAx": "{(EgoVehicle↦0.0),(Vehicles2↦0.01126062124967575),(Vehicles3↦0.02171386033296585),(Vehicles4↦0.00858556479215622),(Vehicles5↦0.006497129797935486)}",
        "VehiclesVx": "{(EgoVehicle↦20.0),(Vehicles2↦0.6157489120960236),(Vehicles3↦0.29097553342580795),(Vehicles4↦0.3355439752340317),(Vehicles5↦1.0655160993337631)}",
        "VehiclesY": "{(EgoVehicle↦8.000000238418579),(Vehicles2↦-4.0000001192092896),(Vehicles3↦0.0),(Vehicles4↦-8.000000238418579),(Vehicles5↦-4.0000001192092896)}",
        "VehiclesVy": "{(EgoVehicle↦0.0),(Vehicles2↦0.0),(Vehicles3↦0.0),(Vehicles4↦0.0),(Vehicles5↦0.0)}",
        "VehiclesX": "{(EgoVehicle↦200.0),(Vehicles2↦9.393776953220367),(Vehicles3↦45.23018300533295),(Vehicles4↦48.14615547657013),(Vehicles5↦99.20217394828796)}"
      },
      "probabilisticVariables": null,
      "activating": [
        "FASTER_59"
      ],
      "activatingOnlyWhenExecuted": true,
      "updating": null,
      "withPredicate": null
    },
    {
      "id": "FASTER_59",
      "execute": "FASTER",
      "after": "1000",
      "priority": 0,
      "additionalGuards": null,
      "activationKind": null,
      "fixedVariables": {
        "Crash": "FALSE",
        "VehiclesAy": "{(EgoVehicle↦0.0),(Vehicles2↦0.0),(Vehicles3↦0.0),(Vehicles4↦0.0),(Vehicles5↦0.0)}",
        "Reward": "0.8491083676268861",
        "VehiclesAx": "{(EgoVehicle↦4.341564178466797),(Vehicles2↦-4.3305738270282745),(Vehicles3↦-4.31980486959219),(Vehicles4↦-4.332934841513634),(Vehicles5↦-4.335163161158562)}",
        "VehiclesVx": "{(EgoVehicle↦24.341564178466797),(Vehicles2↦-3.714824914932251),(Vehicles3↦-4.028829336166382),(Vehicles4↦-3.997390866279602),(Vehicles5↦-3.2696470618247986)}",
        "VehiclesY": "{(EgoVehicle↦8.000000238418579),(Vehicles2↦-4.0000001192092896),(Vehicles3↦0.0),(Vehicles4↦-8.000000238418579),(Vehicles5↦-4.0000001192092896)}",
        "VehiclesVy": "{(EgoVehicle↦0.0),(Vehicles2↦0.0),(Vehicles3↦0.0),(Vehicles4↦0.0),(Vehicles5↦0.0)}",
        "VehiclesX": "{(EgoVehicle↦200.0),(Vehicles2↦7.6188817620277405),(Vehicles3↦43.13480257987976),(Vehicles4↦46.09008431434631),(Vehicles5↦97.87519574165344)}"
      },
      "probabilisticVariables": null,
      "activating": [
        "IDLE_60"
      ],
      "activatingOnlyWhenExecuted": true,
      "updating": null,
      "withPredicate": null
    },
    {
      "id": "IDLE_60",
      "execute": "IDLE",
      "after": "1000",
      "priority": 0,
      "additionalGuards": null,
      "activationKind": null,
      "fixedVariables": {
        "Crash": "FALSE",
        "VehiclesAy": "{(EgoVehicle↦0.0),(Vehicles2↦0.0),(Vehicles3↦0.0),(Vehicles4↦0.0),(Vehicles5↦0.0)}",
        "Reward": "0.864354462677889",
        "VehiclesAx": "{(EgoVehicle↦0.5717277526855469),(Vehicles2↦-0.5640676617622375),(Vehicles3↦-0.5500161647796631),(Vehicles4↦-0.5664753913879395),(Vehicles5↦-0.9185412526130676)}",
        "VehiclesVx": "{(EgoVehicle↦24.913291931152344),(Vehicles2↦-4.2788925766944885),(Vehicles3↦-4.578845500946045),(Vehicles4↦-4.5638662576675415),(Vehicles5↦-4.188188314437866)}",
        "VehiclesY": "{(EgoVehicle↦8.000000238418579),(Vehicles2↦-4.0000001192092896),(Vehicles3↦0.0),(Vehicles4↦-8.000000238418579),(Vehicles5↦-4.0000001192092896)}",
        "VehiclesVy": "{(EgoVehicle↦0.0),(Vehicles2↦0.0),(Vehicles3↦0.0),(Vehicles4↦0.0),(Vehicles5↦0.0)}",
        "VehiclesX": "{(EgoVehicle↦200.0),(Vehicles2↦3.592970222234726),(Vehicles3↦38.799265027046204),(Vehicles4↦41.78048372268677),(Vehicles5↦94.25329566001892)}"
      },
      "probabilisticVariables": null,
      "activating": [
        "IDLE_61"
      ],
      "activatingOnlyWhenExecuted": true,
      "updating": null,
      "withPredicate": null
    },
    {
      "id": "IDLE_61",
      "execute": "IDLE",
      "after": "1000",
      "priority": 0,
      "additionalGuards": null,
      "activationKind": null,
      "fixedVariables": {
        "Crash": "FALSE",
        "VehiclesAy": "{(EgoVehicle↦0.0),(Vehicles2↦0.0),(Vehicles3↦0.0),(Vehicles4↦0.0),(Vehicles5↦0.0)}",
        "Reward": "0.8663621788985972",
        "VehiclesAx": "{(EgoVehicle↦0.07529020309448242),(Vehicles2↦-0.10278165340423584),(Vehicles3↦-0.05369991064071655),(Vehicles4↦-0.017942488193511963),(Vehicles5↦-0.5314135551452637)}",
        "VehiclesVx": "{(EgoVehicle↦24.988582134246826),(Vehicles2↦-4.381674230098724),(Vehicles3↦-4.6325454115867615),(Vehicles4↦-4.5818087458610535),(Vehicles5↦-4.71960186958313)}",
        "VehiclesY": "{(EgoVehicle↦8.000000238418579),(Vehicles2↦-4.0000001192092896),(Vehicles3↦0.0),(Vehicles4↦-8.000000238418579),(Vehicles5↦-4.0000001192092896)}",
        "VehiclesVy": "{(EgoVehicle↦0.0),(Vehicles2↦0.0),(Vehicles3↦0.0),(Vehicles4↦0.0),(Vehicles5↦0.0)}",
        "VehiclesX": "{(EgoVehicle↦200.0),(Vehicles2↦-0.7364681456238031),(Vehicles3↦34.18753445148468),(Vehicles4↦37.187203764915466),(Vehicles5↦89.80955481529236)}"
      },
      "probabilisticVariables": null,
      "activating": null,
      "activatingOnlyWhenExecuted": true,
      "updating": null,
      "withPredicate": null
    }
  ],
  "listeners": [],
  "metadata": {
    "fileType": "Timed_Trace",
    "formatVersion": 3,
    "savedAt": "2023-08-21T06:52:45.176146Z",
    "creator": "Simulation: HYPOTHESIS_TEST; SIGNIFICANCE : 0.05, PROBABILITY : 0.95, MAX_STEPS_BEFORE_PROPERTY : 0, EXECUTIONS : 1000, PREDICATE : Crash = FALSE, ENDING_TIME : 60000, HYPOTHESIS_CHECKING_TYPE : LEFT_TAILED, CHECKING_TYPE : PREDICATE_INVARIANT",
    "proB2KernelVersion": "4.12.2",
    "proBCliVersion": "1.12.2-final",
    "modelName": "HighwayEnvironment2"
  }
}