{
  "variables": {},
  "activations": [
    {
      "id": "$setup_constants",
      "execute": "$setup_constants",
      "after": "0",
      "priority": 0,
      "additionalGuards": null,
      "activationKind": null,
      "fixedVariables": null,
      "probabilisticVariables": null,
      "activating": null,
      "activatingOnlyWhenExecuted": true,
      "updating": null,
      "withPredicate": null
    },
    {
      "id": "$initialise_machine",
      "execute": "$initialise_machine",
      "after": "0",
      "priority": 0,
      "additionalGuards": null,
      "activationKind": null,
      "fixedVariables": {
        "Crash": "FALSE",
        "VehiclesAy": "{(EgoVehicle↦0.0),(Vehicles2↦0.0),(Vehicles3↦0.0),(Vehicles4↦0.0),(Vehicles5↦0.0)}",
        "Reward": "0.0",
        "VehiclesAx": "{(EgoVehicle↦0.0),(Vehicles2↦0.0),(Vehicles3↦0.0),(Vehicles4↦0.0),(Vehicles5↦0.0)}",
        "VehiclesVx": "{(EgoVehicle↦25.0),(Vehicles2↦-1.8943706154823303),(Vehicles3↦-3.36262047290802),(Vehicles4↦-2.0917099714279175),(Vehicles5↦-3.613307774066925)}",
        "VehiclesY": "{(EgoVehicle↦8.000000238418579),(Vehicles2↦-4.0000001192092896),(Vehicles3↦-8.000000238418579),(Vehicles4↦-4.0000001192092896),(Vehicles5↦0.0)}",
        "VehiclesVy": "{(EgoVehicle↦0.0),(Vehicles2↦0.0),(Vehicles3↦0.0),(Vehicles4↦0.0),(Vehicles5↦0.0)}",
        "VehiclesX": "{(EgoVehicle↦152.87178754806519),(Vehicles2↦22.00668752193451),(Vehicles3↦46.160462498664856),(Vehicles4↦69.70750689506531),(Vehicles5↦93.17677021026611)}"
      },
      "probabilisticVariables": null,
      "activating": [
        "FASTER_2"
      ],
      "activatingOnlyWhenExecuted": true,
      "updating": null,
      "withPredicate": null
    },
    {
      "id": "FASTER_2",
      "execute": "FASTER",
      "after": "1000",
      "priority": 0,
      "additionalGuards": null,
      "activationKind": null,
      "fixedVariables": {
        "Crash": "FALSE",
        "VehiclesAy": "{(EgoVehicle↦0.0),(Vehicles2↦0.0),(Vehicles3↦0.0),(Vehicles4↦0.0),(Vehicles5↦0.0)}",
        "Reward": "0.9824417009602194",
        "VehiclesAx": "{(EgoVehicle↦4.341564178466797),(Vehicles2↦-6.321388781070709),(Vehicles3↦-5.099849104881287),(Vehicles4↦-5.76414167881012),(Vehicles5↦-4.696658551692963)}",
        "VehiclesVx": "{(EgoVehicle↦29.341564178466797),(Vehicles2↦-8.21575939655304),(Vehicles3↦-8.462469577789307),(Vehicles4↦-7.855851650238037),(Vehicles5↦-8.309966325759888)}",
        "VehiclesY": "{(EgoVehicle↦8.000000238418579),(Vehicles2↦-4.0000001192092896),(Vehicles3↦-8.000000238418579),(Vehicles4↦-4.0000001192092896),(Vehicles5↦0.0)}",
        "VehiclesVy": "{(EgoVehicle↦0.0),(Vehicles2↦0.0),(Vehicles3↦0.0),(Vehicles4↦0.0),(Vehicles5↦0.0)}",
        "VehiclesX": "{(EgoVehicle↦180.26684522628784),(Vehicles2↦16.798150539398193),(Vehicles3↦40.053826570510864),(Vehicles4↦64.62259888648987),(Vehicles5↦87.00404763221741)}"
      },
      "probabilisticVariables": null,
      "activating": [
        "FASTER_3"
      ],
      "activatingOnlyWhenExecuted": true,
      "updating": null,
      "withPredicate": null
    },
    {
      "id": "FASTER_3",
      "execute": "FASTER",
      "after": "1000",
      "priority": 0,
      "additionalGuards": null,
      "activationKind": null,
      "fixedVariables": {
        "Crash": "FALSE",
        "VehiclesAy": "{(EgoVehicle↦0.0),(Vehicles2↦0.0),(Vehicles3↦0.0),(Vehicles4↦0.0),(Vehicles5↦0.0)}",
        "Reward": "0.9976877960112223",
        "VehiclesAx": "{(EgoVehicle↦0.5717277526855469),(Vehicles2↦-1.559116244316101),(Vehicles3↦-0.9497123956680298),(Vehicles4↦-1.5992748737335205),(Vehicles5↦-0.7369011640548706)}",
        "VehiclesVx": "{(EgoVehicle↦29.913291931152344),(Vehicles2↦-9.77487564086914),(Vehicles3↦-9.412181973457336),(Vehicles4↦-9.455126523971558),(Vehicles5↦-9.046867489814758)}",
        "VehiclesY": "{(EgoVehicle↦8.000000238418579),(Vehicles2↦-4.0000001192092896),(Vehicles3↦-8.000000238418579),(Vehicles4↦-4.0000001192092896),(Vehicles5↦0.0)}",
        "VehiclesVy": "{(EgoVehicle↦0.0),(Vehicles2↦0.0),(Vehicles3↦0.0),(Vehicles4↦0.0),(Vehicles5↦0.0)}",
        "VehiclesX": "{(EgoVehicle↦200.0),(Vehicles2↦7.825616747140884),(Vehicles3↦31.105995178222656),(Vehicles4↦56.01074695587158),(Vehicles5↦78.30260396003723)}"
      },
      "probabilisticVariables": null,
      "activating": [
        "IDLE_4"
      ],
      "activatingOnlyWhenExecuted": true,
      "updating": null,
      "withPredicate": null
    },
    {
      "id": "IDLE_4",
      "execute": "IDLE",
      "after": "1000",
      "priority": 0,
      "additionalGuards": null,
      "activationKind": null,
      "fixedVariables": {
        "Crash": "FALSE",
        "VehiclesAy": "{(EgoVehicle↦0.0),(Vehicles2↦0.0),(Vehicles3↦0.0),(Vehicles4↦0.0),(Vehicles5↦0.0)}",
        "Reward": "0.9996955122319305",
        "VehiclesAx": "{(EgoVehicle↦0.07529020309448242),(Vehicles2↦-0.652468204498291),(Vehicles3↦-0.2894085645675659),(Vehicles4↦-0.7980108261108398),(Vehicles5↦-0.15942752361297607)}",
        "VehiclesVx": "{(EgoVehicle↦29.988582134246826),(Vehicles2↦-10.427343845367432),(Vehicles3↦-9.701590538024902),(Vehicles4↦-10.253137350082397),(Vehicles5↦-9.206295013427734)}",
        "VehiclesY": "{(EgoVehicle↦8.000000238418579),(Vehicles2↦-4.0000001192092896),(Vehicles3↦-8.000000238418579),(Vehicles4↦-4.0000001192092896),(Vehicles5↦0.0)}",
        "VehiclesVy": "{(EgoVehicle↦0.0),(Vehicles2↦0.0),(Vehicles3↦0.0),(Vehicles4↦0.0),(Vehicles5↦0.0)}",
        "VehiclesX": "{(EgoVehicle↦200.0),(Vehicles2↦-2.243872359395027),(Vehicles3↦21.557918190956116),(Vehicles4↦46.20558321475983),(Vehicles5↦69.1788911819458)}"
      },
      "probabilisticVariables": null,
      "activating": [
        "IDLE_5"
      ],
      "activatingOnlyWhenExecuted": true,
      "updating": null,
      "withPredicate": null
    },
    {
      "id": "IDLE_5",
      "execute": "IDLE",
      "after": "1000",
      "priority": 0,
      "additionalGuards": null,
      "activationKind": null,
      "fixedVariables": {
        "Crash": "FALSE",
        "VehiclesAy": "{(EgoVehicle↦0.0),(Vehicles2↦0.0),(Vehicles3↦0.0),(Vehicles4↦0.0),(Vehicles5↦0.0)}",
        "Reward": "0.9999599028453572",
        "VehiclesAx": "{(EgoVehicle↦0.009913444519042969),(Vehicles2↦0.582842230796814),(Vehicles3↦-1.0872876644134521),(Vehicles4↦0.9600257873535156),(Vehicles5↦-0.14215052127838135)}",
        "VehiclesVx": "{(EgoVehicle↦29.99849557876587),(Vehicles2↦-9.844501614570618),(Vehicles3↦-10.788878202438354),(Vehicles4↦-9.293111562728882),(Vehicles5↦-9.348445534706116)}",
        "VehiclesY": "{(EgoVehicle↦8.000000238418579),(Vehicles2↦-8.000000238418579),(Vehicles3↦-4.0000001192092896),(Vehicles4↦0.0),(Vehicles5↦-8.000000238418579)}",
        "VehiclesVy": "{(EgoVehicle↦0.0),(Vehicles2↦0.0),(Vehicles3↦0.0),(Vehicles4↦0.0),(Vehicles5↦0.0)}",
        "VehiclesX": "{(EgoVehicle↦200.0),(Vehicles2↦11.792968213558197),(Vehicles3↦35.72399914264679),(Vehicles4↦59.93497967720032),(Vehicles5↦84.2500388622284)}"
      },
      "probabilisticVariables": null,
      "activating": [
        "IDLE_6"
      ],
      "activatingOnlyWhenExecuted": true,
      "updating": null,
      "withPredicate": null
    },
    {
      "id": "IDLE_6",
      "execute": "IDLE",
      "after": "1000",
      "priority": 0,
      "additionalGuards": null,
      "activationKind": null,
      "fixedVariables": {
        "Crash": "FALSE",
        "VehiclesAy": "{(EgoVehicle↦0.0),(Vehicles2↦0.0),(Vehicles3↦0.0),(Vehicles4↦0.0),(Vehicles5↦0.0)}",
        "Reward": "0.9999947197162612",
        "VehiclesAx": "{(EgoVehicle↦0.0013065338134765625),(Vehicles2↦-0.08876323699951172),(Vehicles3↦-0.39136767387390137),(Vehicles4↦-0.055657029151916504),(Vehicles5↦-0.2836102247238159)}",
        "VehiclesVx": "{(EgoVehicle↦29.999802112579346),(Vehicles2↦-9.93326485157013),(Vehicles3↦-11.180245876312256),(Vehicles4↦-9.348768591880798),(Vehicles5↦-9.632055759429932)}",
        "VehiclesY": "{(EgoVehicle↦8.000000238418579),(Vehicles2↦-8.000000238418579),(Vehicles3↦-4.0000001192092896),(Vehicles4↦0.0),(Vehicles5↦-8.000000238418579)}",
        "VehiclesVy": "{(EgoVehicle↦0.0),(Vehicles2↦0.0),(Vehicles3↦0.0),(Vehicles4↦0.0),(Vehicles5↦0.0)}",
        "VehiclesX": "{(EgoVehicle↦200.0),(Vehicles2↦1.9100051373243332),(Vehicles3↦24.768997728824615),(Vehicles4↦50.617432594299316),(Vehicles5↦74.78067874908447)}"
      },
      "probabilisticVariables": null,
      "activating": [
        "IDLE_7"
      ],
      "activatingOnlyWhenExecuted": true,
      "updating": null,
      "withPredicate": null
    },
    {
      "id": "IDLE_7",
      "execute": "IDLE",
      "after": "1000",
      "priority": 0,
      "additionalGuards": null,
      "activationKind": null,
      "fixedVariables": {
        "Crash": "FALSE",
        "VehiclesAy": "{(EgoVehicle↦0.0),(Vehicles2↦0.0),(Vehicles3↦0.0),(Vehicles4↦0.0),(Vehicles5↦0.0)}",
        "Reward": "0.9999993046539931",
        "VehiclesAx": "{(EgoVehicle↦0.000171661376953125),(Vehicles2↦-0.06019949913024902),(Vehicles3↦-0.2861332893371582),(Vehicles4↦-0.03209054470062256),(Vehicles5↦-0.19901394844055176)}",
        "VehiclesVx": "{(EgoVehicle↦29.9999737739563),(Vehicles2↦-9.993464350700378),(Vehicles3↦-11.466379165649414),(Vehicles4↦-9.380859136581421),(Vehicles5↦-9.831069707870483)}",
        "VehiclesY": "{(EgoVehicle↦8.000000238418579),(Vehicles2↦-8.000000238418579),(Vehicles3↦-4.0000001192092896),(Vehicles4↦0.0),(Vehicles5↦-8.000000238418579)}",
        "VehiclesVy": "{(EgoVehicle↦0.0),(Vehicles2↦0.0),(Vehicles3↦0.0),(Vehicles4↦0.0),(Vehicles5↦0.0)}",
        "VehiclesX": "{(EgoVehicle↦200.0),(Vehicles2↦-8.049090206623077),(Vehicles3↦13.466927409172058),(Vehicles4↦41.254231333732605),(Vehicles5↦65.0626540184021)}"
      },
      "probabilisticVariables": null,
      "activating": [
        "IDLE_8"
      ],
      "activatingOnlyWhenExecuted": true,
      "updating": null,
      "withPredicate": null
    },
    {
      "id": "IDLE_8",
      "execute": "IDLE",
      "after": "1000",
      "priority": 0,
      "additionalGuards": null,
      "activationKind": null,
      "fixedVariables": {
        "Crash": "FALSE",
        "VehiclesAy": "{(EgoVehicle↦0.0),(Vehicles2↦0.0),(Vehicles3↦0.0),(Vehicles4↦0.0),(Vehicles5↦0.0)}",
        "Reward": "0.9999999084318016",
        "VehiclesAx": "{(EgoVehicle↦2.384185791015625E-05),(Vehicles2↦-1.6771835088729858),(Vehicles3↦2.069944143295288),(Vehicles4↦-3.556220531463623),(Vehicles5↦-0.12636005878448486)}",
        "VehiclesVx": "{(EgoVehicle↦29.99999761581421),(Vehicles2↦-11.670647859573364),(Vehicles3↦-9.396435022354126),(Vehicles4↦-12.937079668045044),(Vehicles5↦-9.957429766654968)}",
        "VehiclesY": "{(EgoVehicle↦8.000000238418579),(Vehicles2↦-4.0000001192092896),(Vehicles3↦0.0),(Vehicles4↦-4.0000001192092896),(Vehicles5↦-8.000000238418579)}",
        "VehiclesVy": "{(EgoVehicle↦0.0),(Vehicles2↦0.0),(Vehicles3↦0.0),(Vehicles4↦0.0),(Vehicles5↦0.0)}",
        "VehiclesX": "{(EgoVehicle↦200.0),(Vehicles2↦1.9130520522594452),(Vehicles3↦31.866085529327393),(Vehicles4↦52.14039087295532),(Vehicles5↦55.17587661743164)}"
      },
      "probabilisticVariables": null,
      "activating": [
        "SLOWER_9"
      ],
      "activatingOnlyWhenExecuted": true,
      "updating": null,
      "withPredicate": null
    },
    {
      "id": "SLOWER_9",
      "execute": "SLOWER",
      "after": "1000",
      "priority": 0,
      "additionalGuards": null,
      "activationKind": null,
      "fixedVariables": {
        "Crash": "FALSE",
        "VehiclesAy": "{(EgoVehicle↦0.0),(Vehicles2↦0.0),(Vehicles3↦0.0),(Vehicles4↦0.0),(Vehicles5↦0.0)}",
        "Reward": "0.8842249536480837",
        "VehiclesAx": "{(EgoVehicle↦-4.341561794281006),(Vehicles2↦4.201816916465759),(Vehicles3↦4.33651328086853),(Vehicles4↦4.566912651062012),(Vehicles5↦4.269660711288452)}",
        "VehiclesVx": "{(EgoVehicle↦25.658435821533203),(Vehicles2↦-7.468830943107605),(Vehicles3↦-5.059921741485596),(Vehicles4↦-8.370167016983032),(Vehicles5↦-5.687769055366516)}",
        "VehiclesY": "{(EgoVehicle↦8.000000238418579),(Vehicles2↦-4.0000001192092896),(Vehicles3↦0.0),(Vehicles4↦-4.0000001192092896),(Vehicles5↦-8.000000238418579)}",
        "VehiclesVy": "{(EgoVehicle↦0.0),(Vehicles2↦0.0),(Vehicles3↦0.0),(Vehicles4↦0.0),(Vehicles5↦0.0)}",
        "VehiclesX": "{(EgoVehicle↦200.0),(Vehicles2↦-7.423007488250732),(Vehicles3↦24.862046539783478),(Vehicles4↦41.689711809158325),(Vehicles5↦47.5812166929245)}"
      },
      "probabilisticVariables": null,
      "activating": [
        "SLOWER_10"
      ],
      "activatingOnlyWhenExecuted": true,
      "updating": null,
      "withPredicate": null
    },
    {
      "id": "SLOWER_10",
      "execute": "SLOWER",
      "after": "1000",
      "priority": 0,
      "additionalGuards": null,
      "activationKind": null,
      "fixedVariables": {
        "Crash": "FALSE",
        "VehiclesAy": "{(EgoVehicle↦0.0),(Vehicles2↦0.0),(Vehicles3↦0.0),(Vehicles4↦0.0),(Vehicles5↦0.0)}",
        "Reward": "0.7532038347739589",
        "VehiclesAx": "{(EgoVehicle↦-4.913291931152344),(Vehicles2↦7.323365835472941),(Vehicles3↦1.8101274967193604),(Vehicles4↦7.558227479457855),(Vehicles5↦3.9941364526748657)}",
        "VehiclesVx": "{(EgoVehicle↦20.74514389038086),(Vehicles2↦-0.14546510763466358),(Vehicles3↦-3.2497942447662354),(Vehicles4↦-0.811939537525177),(Vehicles5↦-1.6936326026916504)}",
        "VehiclesY": "{(EgoVehicle↦8.000000238418579),(Vehicles2↦0.0),(Vehicles3↦-4.0000001192092896),(Vehicles4↦-8.000000238418579),(Vehicles5↦-4.0000001192092896)}",
        "VehiclesVy": "{(EgoVehicle↦0.0),(Vehicles2↦0.0),(Vehicles3↦0.0),(Vehicles4↦0.0),(Vehicles5↦0.0)}",
        "VehiclesX": "{(EgoVehicle↦200.0),(Vehicles2↦22.512684762477875),(Vehicles3↦36.114487051963806),(Vehicles4↦44.58690285682678),(Vehicles5↦84.08191800117493)}"
      },
      "probabilisticVariables": null,
      "activating": [
        "SLOWER_11"
      ],
      "activatingOnlyWhenExecuted": true,
      "updating": null,
      "withPredicate": null
    },
    {
      "id": "SLOWER_11",
      "execute": "SLOWER",
      "after": "1000",
      "priority": 0,
      "additionalGuards": null,
      "activationKind": null,
      "fixedVariables": {
        "Crash": "FALSE",
        "VehiclesAy": "{(EgoVehicle↦0.0),(Vehicles2↦0.0),(Vehicles3↦0.0),(Vehicles4↦0.0),(Vehicles5↦0.0)}",
        "Reward": "0.73595002488107",
        "VehiclesAx": "{(EgoVehicle↦-0.6470179557800293),(Vehicles2↦0.6516121048480272),(Vehicles3↦0.8329302072525024),(Vehicles4↦0.6274709105491638),(Vehicles5↦0.7115346193313599)}",
        "VehiclesVx": "{(EgoVehicle↦20.09812593460083),(Vehicles2↦0.5061469972133636),(Vehicles3↦-2.416864037513733),(Vehicles4↦-0.18446862697601318),(Vehicles5↦-0.9820979833602905)}",
        "VehiclesY": "{(EgoVehicle↦8.000000238418579),(Vehicles2↦0.0),(Vehicles3↦-4.0000001192092896),(Vehicles4↦-8.000000238418579),(Vehicles5↦-4.0000001192092896)}",
        "VehiclesVy": "{(EgoVehicle↦0.0),(Vehicles2↦0.0),(Vehicles3↦0.0),(Vehicles4↦0.0),(Vehicles5↦0.0)}",
        "VehiclesX": "{(EgoVehicle↦200.0),(Vehicles2↦22.725796699523926),(Vehicles3↦33.297693729400635),(Vehicles4↦44.12316679954529),(Vehicles5↦82.77098536491394)}"
      },
      "probabilisticVariables": null,
      "activating": [
        "SLOWER_12"
      ],
      "activatingOnlyWhenExecuted": true,
      "updating": null,
      "withPredicate": null
    },
    {
      "id": "SLOWER_12",
      "execute": "SLOWER",
      "after": "1000",
      "priority": 0,
      "additionalGuards": null,
      "activationKind": null,
      "fixedVariables": {
        "Crash": "FALSE",
        "VehiclesAy": "{(EgoVehicle↦0.0),(Vehicles2↦0.0),(Vehicles3↦0.0),(Vehicles4↦0.0),(Vehicles5↦0.0)}",
        "Reward": "0.7336779182285086",
        "VehiclesAx": "{(EgoVehicle↦-0.08520364761352539),(Vehicles2↦0.091559998691082),(Vehicles3↦0.2504602074623108),(Vehicles4↦0.07262115366756916),(Vehicles5↦0.1487962156534195)}",
        "VehiclesVx": "{(EgoVehicle↦20.012922286987305),(Vehicles2↦0.5977069959044456),(Vehicles3↦-2.166403830051422),(Vehicles4↦-0.11184747330844402),(Vehicles5↦-0.833301767706871)}",
        "VehiclesY": "{(EgoVehicle↦8.000000238418579),(Vehicles2↦0.0),(Vehicles3↦-4.0000001192092896),(Vehicles4↦-8.000000238418579),(Vehicles5↦-4.0000001192092896)}",
        "VehiclesVy": "{(EgoVehicle↦0.0),(Vehicles2↦0.0),(Vehicles3↦0.0),(Vehicles4↦0.0),(Vehicles5↦0.0)}",
        "VehiclesX": "{(EgoVehicle↦200.0),(Vehicles2↦23.281393945217133),(Vehicles3↦30.995523929595947),(Vehicles4↦43.98041069507599),(Vehicles5↦81.86150193214417)}"
      },
      "probabilisticVariables": null,
      "activating": [
        "SLOWER_13"
      ],
      "activatingOnlyWhenExecuted": true,
      "updating": null,
      "withPredicate": null
    },
    {
      "id": "SLOWER_13",
      "execute": "SLOWER",
      "after": "1000",
      "priority": 0,
      "additionalGuards": null,
      "activationKind": null,
      "fixedVariables": {
        "Crash": "FALSE",
        "VehiclesAy": "{(EgoVehicle↦0.0),(Vehicles2↦0.0),(Vehicles3↦0.0),(Vehicles4↦0.0),(Vehicles5↦0.0)}",
        "Reward": "0.7333787107680889",
        "VehiclesAx": "{(EgoVehicle↦-0.011219978332519531),(Vehicles2↦0.01839820295572281),(Vehicles3↦0.15773281455039978),(Vehicles4↦-0.00022152438759803772),(Vehicles5↦0.07193699479103088)}",
        "VehiclesVx": "{(EgoVehicle↦20.001702308654785),(Vehicles2↦0.6161051988601685),(Vehicles3↦-2.0086710155010223),(Vehicles4↦-0.11206899769604206),(Vehicles5↦-0.7613647729158401)}",
        "VehiclesY": "{(EgoVehicle↦8.000000238418579),(Vehicles2↦0.0),(Vehicles3↦-4.0000001192092896),(Vehicles4↦-8.000000238418579),(Vehicles5↦-4.0000001192092896)}",
        "VehiclesVy": "{(EgoVehicle↦0.0),(Vehicles2↦0.0),(Vehicles3↦0.0),(Vehicles4↦0.0),(Vehicles5↦0.0)}",
        "VehiclesX": "{(EgoVehicle↦200.0),(Vehicles2↦23.88812154531479),(Vehicles3↦28.895321488380432),(Vehicles4↦43.870216608047485),(Vehicles5↦81.05895519256592)}"
      },
      "probabilisticVariables": null,
      "activating": [
        "SLOWER_14"
      ],
      "activatingOnlyWhenExecuted": true,
      "updating": null,
      "withPredicate": null
    },
    {
      "id": "SLOWER_14",
      "execute": "SLOWER",
      "after": "1000",
      "priority": 0,
      "additionalGuards": null,
      "activationKind": null,
      "fixedVariables": {
        "Crash": "FALSE",
        "VehiclesAy": "{(EgoVehicle↦0.0),(Vehicles2↦0.0),(Vehicles3↦0.0),(Vehicles4↦0.0),(Vehicles5↦0.0)}",
        "Reward": "0.7333393089626016",
        "VehiclesAx": "{(EgoVehicle↦-0.0014781951904296875),(Vehicles2↦0.008976906538009644),(Vehicles3↦0.13157159090042114),(Vehicles4↦-0.011077933013439178),(Vehicles5↦0.058368146419525146)}",
        "VehiclesVx": "{(EgoVehicle↦20.000224113464355),(Vehicles2↦0.6250821053981781),(Vehicles3↦-1.8770994246006012),(Vehicles4↦-0.12314693070948124),(Vehicles5↦-0.702996626496315)}",
        "VehiclesY": "{(EgoVehicle↦8.000000238418579),(Vehicles2↦0.0),(Vehicles3↦-4.0000001192092896),(Vehicles4↦-8.000000238418579),(Vehicles5↦-4.0000001192092896)}",
        "VehiclesVy": "{(EgoVehicle↦0.0),(Vehicles2↦0.0),(Vehicles3↦0.0),(Vehicles4↦0.0),(Vehicles5↦0.0)}",
        "VehiclesX": "{(EgoVehicle↦200.0),(Vehicles2↦24.508029222488403),(Vehicles3↦26.94072425365448),(Vehicles4↦43.754059076309204),(Vehicles5↦80.32148480415344)}"
      },
      "probabilisticVariables": null,
      "activating": [
        "SLOWER_15"
      ],
      "activatingOnlyWhenExecuted": true,
      "updating": null,
      "withPredicate": null
    },
    {
      "id": "SLOWER_15",
      "execute": "SLOWER",
      "after": "1000",
      "priority": 0,
      "additionalGuards": null,
      "activationKind": null,
      "fixedVariables": {
        "Crash": "FALSE",
        "VehiclesAy": "{(EgoVehicle↦0.0),(Vehicles2↦0.0),(Vehicles3↦0.0),(Vehicles4↦0.0),(Vehicles5↦0.0)}",
        "Reward": "0.7333341202474756",
        "VehiclesAx": "{(EgoVehicle↦-0.00019550323486328125),(Vehicles2↦-2.386029064655304),(Vehicles3↦2.5099458545446396),(Vehicles4↦-0.013740230351686478),(Vehicles5↦0.05295075476169586)}",
        "VehiclesVx": "{(EgoVehicle↦20.000028610229492),(Vehicles2↦-1.7609469592571259),(Vehicles3↦0.6328464299440384),(Vehicles4↦-0.13688716106116772),(Vehicles5↦-0.6500458717346191)}",
        "VehiclesY": "{(EgoVehicle↦8.000000238418579),(Vehicles2↦-4.0000001192092896),(Vehicles3↦0.0),(Vehicles4↦-8.000000238418579),(Vehicles5↦-4.0000001192092896)}",
        "VehiclesVy": "{(EgoVehicle↦0.0),(Vehicles2↦0.0),(Vehicles3↦0.0),(Vehicles4↦0.0),(Vehicles5↦0.0)}",
        "VehiclesX": "{(EgoVehicle↦200.0),(Vehicles2↦25.111159682273865),(Vehicles3↦25.136247277259827),(Vehicles4↦43.62553954124451),(Vehicles5↦79.64003086090088)}"
      },
      "probabilisticVariables": null,
      "activating": [
        "IDLE_16"
      ],
      "activatingOnlyWhenExecuted": true,
      "updating": null,
      "withPredicate": null
    },
    {
      "id": "IDLE_16",
      "execute": "IDLE",
      "after": "1000",
      "priority": 0,
      "additionalGuards": null,
      "activationKind": null,
      "fixedVariables": {
        "Crash": "FALSE",
        "VehiclesAy": "{(EgoVehicle↦0.0),(Vehicles2↦0.0),(Vehicles3↦0.0),(Vehicles4↦0.0),(Vehicles5↦0.0)}",
        "Reward": "0.733333436959887",
        "VehiclesAx": "{(EgoVehicle↦-2.384185791015625E-05),(Vehicles2↦0.1039038598537445),(Vehicles3↦0.007548853754997253),(Vehicles4↦-0.014697927981615067),(Vehicles5↦0.04872266203165054)}",
        "VehiclesVx": "{(EgoVehicle↦20.000004768371582),(Vehicles2↦-1.6570430994033813),(Vehicles3↦0.6403952836990356),(Vehicles4↦-0.15158508904278278),(Vehicles5↦-0.6013232097029686)}",
        "VehiclesY": "{(EgoVehicle↦8.000000238418579),(Vehicles2↦-4.0000001192092896),(Vehicles3↦0.0),(Vehicles4↦-8.000000238418579),(Vehicles5↦-4.0000001192092896)}",
        "VehiclesVy": "{(EgoVehicle↦0.0),(Vehicles2↦0.0),(Vehicles3↦0.0),(Vehicles4↦0.0),(Vehicles5↦0.0)}",
        "VehiclesX": "{(EgoVehicle↦200.0),(Vehicles2↦23.39266985654831),(Vehicles3↦25.77212154865265),(Vehicles4↦43.48280727863312),(Vehicles5↦79.00979518890381)}"
      },
      "probabilisticVariables": null,
      "activating": [
        "IDLE_17"
      ],
      "activatingOnlyWhenExecuted": true,
      "updating": null,
      "withPredicate": null
    },
    {
      "id": "IDLE_17",
      "execute": "IDLE",
      "after": "1000",
      "priority": 0,
      "additionalGuards": null,
      "activationKind": null,
      "fixedVariables": {
        "Crash": "FALSE",
        "VehiclesAy": "{(EgoVehicle↦0.0),(Vehicles2↦0.0),(Vehicles3↦0.0),(Vehicles4↦0.0),(Vehicles5↦6.669650673866272)}",
        "Reward": "0.7333333469796285",
        "VehiclesAx": "{(EgoVehicle↦-4.76837158203125E-06),(Vehicles2↦0.09357884526252747),(Vehicles3↦0.007431209087371826),(Vehicles4↦-0.014714999124407768),(Vehicles5↦-1.1347951367497444)}",
        "VehiclesVx": "{(EgoVehicle↦20.0),(Vehicles2↦-1.5634642541408539),(Vehicles3↦0.6478264927864075),(Vehicles4↦-0.16630008816719055),(Vehicles5↦-1.736118346452713)}",
        "VehiclesY": "{(EgoVehicle↦8.000000238418579),(Vehicles2↦-4.0000001192092896),(Vehicles3↦0.0),(Vehicles4↦-8.000000238418579),(Vehicles5↦-3.1246601343154907)}",
        "VehiclesVy": "{(EgoVehicle↦0.0),(Vehicles2↦0.0),(Vehicles3↦0.0),(Vehicles4↦0.0),(Vehicles5↦6.669650673866272)}",
        "VehiclesX": "{(EgoVehicle↦200.0),(Vehicles2↦21.773818135261536),(Vehicles3↦26.415500044822693),(Vehicles4↦43.32530498504639),(Vehicles5↦78.32688689231873)}"
      },
      "probabilisticVariables": null,
      "activating": [
        "SLOWER_18"
      ],
      "activatingOnlyWhenExecuted": true,
      "updating": null,
      "withPredicate": null
    },
    {
      "id": "SLOWER_18",
      "execute": "SLOWER",
      "after": "1000",
      "priority": 0,
      "additionalGuards": null,
      "activationKind": null,
      "fixedVariables": {
        "Crash": "FALSE",
        "VehiclesAy": "{(EgoVehicle↦0.0),(Vehicles2↦0.0),(Vehicles3↦0.0),(Vehicles4↦0.0),(Vehicles5↦7.34314389526844)}",
        "Reward": "0.7333333351303764",
        "VehiclesAx": "{(EgoVehicle↦0.0),(Vehicles2↦0.35571277141571045),(Vehicles3↦-1.1236572265625),(Vehicles4↦-0.014019906520843506),(Vehicles5↦1.3661734387278557)}",
        "VehiclesVx": "{(EgoVehicle↦20.0),(Vehicles2↦-1.2077514827251434),(Vehicles3↦-0.47583073377609253),(Vehicles4↦-0.18031999468803406),(Vehicles5↦-0.36994490772485733)}",
        "VehiclesY": "{(EgoVehicle↦8.000000238418579),(Vehicles2↦-4.0000001192092896),(Vehicles3↦0.0),(Vehicles4↦-8.000000238418579),(Vehicles5↦-0.23326130211353302)}",
        "VehiclesVy": "{(EgoVehicle↦0.0),(Vehicles2↦0.0),(Vehicles3↦0.0),(Vehicles4↦0.0),(Vehicles5↦0.6734932214021683)}",
        "VehiclesX": "{(EgoVehicle↦200.0),(Vehicles2↦20.234040915966034),(Vehicles3↦26.65877640247345),(Vehicles4↦43.153318762779236),(Vehicles5↦77.50309705734253)}"
      },
      "probabilisticVariables": null,
      "activating": [
        "SLOWER_19"
      ],
      "activatingOnlyWhenExecuted": true,
      "updating": null,
      "withPredicate": null
    },
    {
      "id": "SLOWER_19",
      "execute": "SLOWER",
      "after": "1000",
      "priority": 0,
      "additionalGuards": null,
      "activationKind": null,
      "fixedVariables": {
        "Crash": "FALSE",
        "VehiclesAy": "{(EgoVehicle↦0.0),(Vehicles2↦0.0),(Vehicles3↦0.0),(Vehicles4↦0.0),(Vehicles5↦0.7165947323665023)}",
        "Reward": "0.733333333569981",
        "VehiclesAx": "{(EgoVehicle↦0.0),(Vehicles2↦0.6547863036394119),(Vehicles3↦-0.539318397641182),(Vehicles4↦-0.012830644845962524),(Vehicles5↦0.2829363103955984)}",
        "VehiclesVx": "{(EgoVehicle↦20.0),(Vehicles2↦-0.5529651790857315),(Vehicles3↦-1.0151491314172745),(Vehicles4↦-0.19315063953399658),(Vehicles5↦-0.08700859732925892)}",
        "VehiclesY": "{(EgoVehicle↦8.000000238418579),(Vehicles2↦-4.0000001192092896),(Vehicles3↦0.0),(Vehicles4↦-8.000000238418579),(Vehicles5↦-0.014834225177764893)}",
        "VehiclesVy": "{(EgoVehicle↦0.0),(Vehicles2↦0.0),(Vehicles3↦0.0),(Vehicles4↦0.0),(Vehicles5↦0.04310151096433401)}",
        "VehiclesX": "{(EgoVehicle↦200.0),(Vehicles2↦19.315549731254578),(Vehicles3↦25.92358887195587),(Vehicles4↦42.96775758266449),(Vehicles5↦77.25823521614075)}"
      },
      "probabilisticVariables": null,
      "activating": [
        "SLOWER_20"
      ],
      "activatingOnlyWhenExecuted": true,
      "updating": null,
      "withPredicate": null
    },
    {
      "id": "SLOWER_20",
      "execute": "SLOWER",
      "after": "1000",
      "priority": 0,
      "additionalGuards": null,
      "activationKind": null,
      "fixedVariables": {
        "Crash": "FALSE",
        "VehiclesAy": "{(EgoVehicle↦0.0),(Vehicles2↦0.0),(Vehicles3↦0.0),(Vehicles4↦0.0),(Vehicles5↦0.045783779060002416)}",
        "Reward": "0.7333333333644968",
        "VehiclesAx": "{(EgoVehicle↦0.0),(Vehicles2↦0.377481859177351),(Vehicles3↦-0.16976624727249146),(Vehicles4↦-0.011350437998771667),(Vehicles5↦0.19890437833964825)}",
        "VehiclesVx": "{(EgoVehicle↦20.0),(Vehicles2↦-0.1754833199083805),(Vehicles3↦-1.184915378689766),(Vehicles4↦-0.20450107753276825),(Vehicles5↦0.11189578101038933)}",
        "VehiclesY": "{(EgoVehicle↦8.000000238418579),(Vehicles2↦-4.0000001192092896),(Vehicles3↦0.0),(Vehicles4↦-8.000000238418579),(Vehicles5↦-0.0009197292092721909)}",
        "VehiclesVy": "{(EgoVehicle↦0.0),(Vehicles2↦0.0),(Vehicles3↦0.0),(Vehicles4↦0.0),(Vehicles5↦0.0026822680956684053)}",
        "VehiclesX": "{(EgoVehicle↦200.0),(Vehicles2↦18.930907547473907),(Vehicles3↦24.82183277606964),(Vehicles4↦42.76994168758392),(Vehicles5↦77.25560665130615)}"
      },
      "probabilisticVariables": null,
      "activating": [
        "SLOWER_21"
      ],
      "activatingOnlyWhenExecuted": true,
      "updating": null,
      "withPredicate": null
    },
    {
      "id": "SLOWER_21",
      "execute": "SLOWER",
      "after": "1000",
      "priority": 0,
      "additionalGuards": null,
      "activationKind": null,
      "fixedVariables": {
        "Crash": "FALSE",
        "VehiclesAy": "{(EgoVehicle↦0.0),(Vehicles2↦0.0),(Vehicles3↦0.0),(Vehicles4↦0.0),(Vehicles5↦0.0028460017711040564)}",
        "Reward": "0.7333333333374371",
        "VehiclesAx": "{(EgoVehicle↦0.0),(Vehicles2↦0.20829845452681184),(Vehicles3↦-0.006858259439468384),(Vehicles4↦-0.009741727262735367),(Vehicles5↦0.1490410603582859)}",
        "VehiclesVx": "{(EgoVehicle↦20.0),(Vehicles2↦0.03281513461843133),(Vehicles3↦-1.1917736381292343),(Vehicles4↦-0.21424280479550362),(Vehicles5↦0.26093684136867523)}",
        "VehiclesY": "{(EgoVehicle↦8.000000238418579),(Vehicles2↦-4.0000001192092896),(Vehicles3↦0.0),(Vehicles4↦-8.000000238418579),(Vehicles5↦-5.5982873163884506E-05)}",
        "VehiclesVy": "{(EgoVehicle↦0.0),(Vehicles2↦0.0),(Vehicles3↦0.0),(Vehicles4↦0.0),(Vehicles5↦0.0001637336754356511)}",
        "VehiclesX": "{(EgoVehicle↦200.0),(Vehicles2↦18.848881125450134),(Vehicles3↦23.625744879245758),(Vehicles4↦42.56141185760498),(Vehicles5↦77.43037343025208)}"
      },
      "probabilisticVariables": null,
      "activating": [
        "LANE_LEFT_22"
      ],
      "activatingOnlyWhenExecuted": true,
      "updating": null,
      "withPredicate": null
    },
    {
      "id": "LANE_LEFT_22",
      "execute": "LANE_LEFT",
      "after": "1000",
      "priority": 0,
      "additionalGuards": null,
      "activationKind": null,
      "fixedVariables": {
        "Crash": "FALSE",
        "VehiclesAy": "{(EgoVehicle↦-1.1458635330200195),(Vehicles2↦1.1458635330200195),(Vehicles3↦1.1458635330200195),(Vehicles4↦1.1458635330200195),(Vehicles5↦1.146037175967649)}",
        "Reward": "0.7000000000000001",
        "VehiclesAx": "{(EgoVehicle↦-0.0328516960144043),(Vehicles2↦0.14436458935961127),(Vehicles3↦0.09845100343227386),(Vehicles4↦0.02473214641213417),(Vehicles5↦0.14800306409597397)}",
        "VehiclesVx": "{(EgoVehicle↦19.967148303985596),(Vehicles2↦0.1771797239780426),(Vehicles3↦-1.0933226346969604),(Vehicles4↦-0.18951065838336945),(Vehicles5↦0.4089399054646492)}",
        "VehiclesY": "{(EgoVehicle↦4.396300435066223),(Vehicles2↦-0.39630044996738434),(Vehicles3↦3.6036994457244873),(Vehicles4↦-4.396300435066223),(Vehicles5↦3.6036962270736694)}",
        "VehiclesVy": "{(EgoVehicle↦-1.1458635330200195),(Vehicles2↦1.1458635330200195),(Vehicles3↦1.1458635330200195),(Vehicles4↦1.1458635330200195),(Vehicles5↦1.1458734422922134)}",
        "VehiclesX": "{(EgoVehicle↦200.0),(Vehicles2↦19.3185493350029),(Vehicles3↦22.84318208694458),(Vehicles4↦42.730388045310974),(Vehicles5↦78.12618613243103)}"
      },
      "probabilisticVariables": null,
      "activating": [
        "IDLE_23"
      ],
      "activatingOnlyWhenExecuted": true,
      "updating": null,
      "withPredicate": null
    },
    {
      "id": "IDLE_23",
      "execute": "IDLE",
      "after": "1000",
      "priority": 0,
      "additionalGuards": null,
      "activationKind": null,
      "fixedVariables": {
        "Crash": "FALSE",
        "VehiclesAy": "{(EgoVehicle↦1.074060839600861),(Vehicles2↦-1.074060839600861),(Vehicles3↦-1.074060839600861),(Vehicles4↦-1.074060839600861),(Vehicles5↦1.217676722444594)}",
        "Reward": "0.7000000000000001",
        "VehiclesAx": "{(EgoVehicle↦0.03272294998168945),(Vehicles2↦0.025475546717643738),(Vehicles3↦0.062226057052612305),(Vehicles4↦-0.039282478392124176),(Vehicles5↦0.05911245942115784)}",
        "VehiclesVx": "{(EgoVehicle↦19.999871253967285),(Vehicles2↦0.20265527069568634),(Vehicles3↦-1.0310965776443481),(Vehicles4↦-0.22879313677549362),(Vehicles5↦0.46805236488580704)}",
        "VehiclesY": "{(EgoVehicle↦4.024722576141357),(Vehicles2↦-0.02472245693206787),(Vehicles3↦3.9752776622772217),(Vehicles4↦-4.024722576141357),(Vehicles5↦3.975277304649353)}",
        "VehiclesVy": "{(EgoVehicle↦-0.07180269341915846),(Vehicles2↦0.07180269341915846),(Vehicles3↦0.07180269341915846),(Vehicles4↦0.07180269341915846),(Vehicles5↦0.07180328015238047)}",
        "VehiclesX": "{(EgoVehicle↦200.0),(Vehicles2↦19.494512677192688),(Vehicles3↦21.758979558944702),(Vehicles4↦42.51056611537933),(Vehicles5↦78.54583859443665)}"
      },
      "probabilisticVariables": null,
      "activating": [
        "IDLE_24"
      ],
      "activatingOnlyWhenExecuted": true,
      "updating": null,
      "withPredicate": null
    },
    {
      "id": "IDLE_24",
      "execute": "IDLE",
      "after": "1000",
      "priority": 0,
      "additionalGuards": null,
      "activationKind": null,
      "fixedVariables": {
        "Crash": "FALSE",
        "VehiclesAy": "{(EgoVehicle↦0.06733491318300366),(Vehicles2↦-0.06733491318300366),(Vehicles3↦-0.06733491318300366),(Vehicles4↦-0.06733491318300366),(Vehicles5↦0.0762710947310552)}",
        "Reward": "0.7000000000000001",
        "VehiclesAx": "{(EgoVehicle↦0.00012874603271484375),(Vehicles2↦0.029350705444812775),(Vehicles3↦0.10330617427825928),(Vehicles4↦-0.005230698734521866),(Vehicles5↦0.07535796612501144)}",
        "VehiclesVx": "{(EgoVehicle↦20.0),(Vehicles2↦0.23200597614049911),(Vehicles3↦-0.9277904033660889),(Vehicles4↦-0.2340238355100155),(Vehicles5↦0.5434103310108185)}",
        "VehiclesY": "{(EgoVehicle↦4.001538276672363),(Vehicles2↦-0.001538257347419858),(Vehicles3↦3.998461604118347),(Vehicles4↦-4.001538276672363),(Vehicles5↦3.998461604118347)}",
        "VehiclesVy": "{(EgoVehicle↦-0.004467780236154795),(Vehicles2↦0.004467780236154795),(Vehicles3↦0.004467780236154795),(Vehicles4↦0.004467780236154795),(Vehicles5↦0.004467814578674734)}",
        "VehiclesX": "{(EgoVehicle↦200.0),(Vehicles2↦19.710490107536316),(Vehicles3↦20.768973231315613),(Vehicles4↦42.27951169013977),(Vehicles5↦79.04507517814636)}"
      },
      "probabilisticVariables": null,
      "activating": [
        "IDLE_25"
      ],
      "activatingOnlyWhenExecuted": true,
      "updating": null,
      "withPredicate": null
    },
    {
      "id": "IDLE_25",
      "execute": "IDLE",
      "after": "1000",
      "priority": 0,
      "additionalGuards": null,
      "activationKind": null,
      "fixedVariables": {
        "Crash": "FALSE",
        "VehiclesAy": "{(EgoVehicle↦0.0041897953997249715),(Vehicles2↦-0.0041897953997249715),(Vehicles3↦-0.0041897953997249715),(Vehicles4↦-0.0041897953997249715),(Vehicles5↦0.004745801434182795)}",
        "Reward": "0.7000000000000001",
        "VehiclesAx": "{(EgoVehicle↦0.0),(Vehicles2↦-1.0576808080077171),(Vehicles3↦1.174028068780899),(Vehicles4↦-0.0037694722414016724),(Vehicles5↦0.0637301430106163)}",
        "VehiclesVx": "{(EgoVehicle↦20.0),(Vehicles2↦-0.825674831867218),(Vehicles3↦0.24623766541481018),(Vehicles4↦-0.23779330775141716),(Vehicles5↦0.6071404740214348)}",
        "VehiclesY": "{(EgoVehicle↦4.00009560585022),(Vehicles2↦3.9999042749404907),(Vehicles3↦-9.571019108989276E-05),(Vehicles4↦-4.00009560585022),(Vehicles5↦3.9999042749404907)}",
        "VehiclesVy": "{(EgoVehicle↦-0.0002779848364298232),(Vehicles2↦0.0002779848364298232),(Vehicles3↦0.0002779848364298232),(Vehicles4↦0.0002779848364298232),(Vehicles5↦0.0002779868555080611)}",
        "VehiclesX": "{(EgoVehicle↦200.0),(Vehicles2↦19.882358610630035),(Vehicles3↦19.94905173778534),(Vehicles4↦42.04387664794922),(Vehicles5↦79.61477637290955)}"
      },
      "probabilisticVariables": null,
      "activating": [
        "IDLE_26"
      ],
      "activatingOnlyWhenExecuted": true,
      "updating": null,
      "withPredicate": null
    },
    {
      "id": "IDLE_26",
      "execute": "IDLE",
      "after": "1000",
      "priority": 0,
      "additionalGuards": null,
      "activationKind": null,
      "fixedVariables": {
        "Crash": "FALSE",
        "VehiclesAy": "{(EgoVehicle↦0.0002606886528155883),(Vehicles2↦-0.0002606886528155883),(Vehicles3↦-0.0002606886528155883),(Vehicles4↦-0.0002606886528155883),(Vehicles5↦0.0002952831562197389)}",
        "Reward": "0.7000000000000001",
        "VehiclesAx": "{(EgoVehicle↦0.0),(Vehicles2↦0.09656429290771484),(Vehicles3↦0.006238725036382675),(Vehicles4↦-0.0025644153356552124),(Vehicles5↦0.055028386414051056)}",
        "VehiclesVx": "{(EgoVehicle↦20.0),(Vehicles2↦-0.7291105389595032),(Vehicles3↦0.25247639045119286),(Vehicles4↦-0.24035772308707237),(Vehicles5↦0.6621688604354858)}",
        "VehiclesY": "{(EgoVehicle↦4.000005841255188),(Vehicles2↦3.9999940395355225),(Vehicles3↦-5.955076858299435E-06),(Vehicles4↦-4.000005841255188),(Vehicles5↦3.9999940395355225)}",
        "VehiclesVy": "{(EgoVehicle↦-1.7296183614234906E-05),(Vehicles2↦1.7296183614234906E-05),(Vehicles3↦1.7296183614234906E-05),(Vehicles4↦1.7296183614234906E-05),(Vehicles5↦1.729630071167776E-05)}",
        "VehiclesX": "{(EgoVehicle↦200.0),(Vehicles2↦19.09583956003189),(Vehicles3↦20.198234915733337),(Vehicles4↦41.80496633052826),(Vehicles5↦80.24452924728394)}"
      },
      "probabilisticVariables": null,
      "activating": [
        "IDLE_27"
      ],
      "activatingOnlyWhenExecuted": true,
      "updating": null,
      "withPredicate": null
    },
    {
      "id": "IDLE_27",
      "execute": "IDLE",
      "after": "1000",
      "priority": 0,
      "additionalGuards": null,
      "activationKind": null,
      "fixedVariables": {
        "Crash": "FALSE",
        "VehiclesAy": "{(EgoVehicle↦1.6220017187151825E-05),(Vehicles2↦-1.6220017187151825E-05),(Vehicles3↦-1.6220017187151825E-05),(Vehicles4↦-1.6220017187151825E-05),(Vehicles5↦1.837247388891683E-05)}",
        "Reward": "0.7000000000000001",
        "VehiclesAx": "{(EgoVehicle↦0.0),(Vehicles2↦0.08953966200351715),(Vehicles3↦0.0021137483417987823),(Vehicles4↦-0.0014846399426460266),(Vehicles5↦0.04838481545448303)}",
        "VehiclesVx": "{(EgoVehicle↦20.0),(Vehicles2↦-0.639570876955986),(Vehicles3↦0.25459013879299164),(Vehicles4↦-0.2418423630297184),(Vehicles5↦0.7105536758899689)}",
        "VehiclesY": "{(EgoVehicle↦4.000000476837158),(Vehicles2↦3.999999761581421),(Vehicles3↦-3.705241340412613E-07),(Vehicles4↦-4.000000476837158),(Vehicles5↦3.999999761581421)}",
        "VehiclesVy": "{(EgoVehicle↦-1.0761664270830806E-06),(Vehicles2↦1.0761664270830806E-06),(Vehicles3↦1.0761664270830806E-06),(Vehicles4↦1.0761664270830806E-06),(Vehicles5↦1.0761731772390704E-06)}",
        "VehiclesX": "{(EgoVehicle↦200.0),(Vehicles2↦18.403126299381256),(Vehicles3↦20.451785624027252),(Vehicles4↦41.563934087753296),(Vehicles5↦80.92651963233948)}"
      },
      "probabilisticVariables": null,
      "activating": [
        "IDLE_28"
      ],
      "activatingOnlyWhenExecuted": true,
      "updating": null,
      "withPredicate": null
    },
    {
      "id": "IDLE_28",
      "execute": "IDLE",
      "after": "1000",
      "priority": 0,
      "additionalGuards": null,
      "activationKind": null,
      "fixedVariables": {
        "Crash": "FALSE",
        "VehiclesAy": "{(EgoVehicle↦1.0092074820278185E-06),(Vehicles2↦-1.0092074731460343E-06),(Vehicles3↦-1.0092074731460343E-06),(Vehicles4↦-1.0092074731460343E-06),(Vehicles5↦1.143132504211053E-06)}",
        "Reward": "0.7000000000000001",
        "VehiclesAx": "{(EgoVehicle↦0.0),(Vehicles2↦0.0823531299829483),(Vehicles3↦4.0903687477111816E-05),(Vehicles4↦-0.0005204416811466217),(Vehicles5↦0.04315599799156189)}",
        "VehiclesVx": "{(EgoVehicle↦20.0),(Vehicles2↦-0.5572177469730377),(Vehicles3↦0.25463104248046875),(Vehicles4↦-0.24236280471086502),(Vehicles5↦0.7537096738815308)}",
        "VehiclesY": "{(EgoVehicle↦4.0000001192092896),(Vehicles2↦4.0000001192092896),(Vehicles3↦-2.3053969400166352E-08),(Vehicles4↦-4.0000001192092896),(Vehicles5↦4.0000001192092896)}",
        "VehiclesVy": "{(EgoVehicle↦-6.695894505526212E-08),(Vehicles2↦6.695895393704632E-08),(Vehicles3↦6.695895393704632E-08),(Vehicles4↦6.695895393704632E-08),(Vehicles5↦6.695932697198259E-08)}",
        "VehiclesX": "{(EgoVehicle↦200.0),(Vehicles2↦17.797060310840607),(Vehicles3↦20.706504583358765),(Vehicles4↦41.32181107997894),(Vehicles5↦81.65470957756042)}"
      },
      "probabilisticVariables": null,
      "activating": [
        "IDLE_29"
      ],
      "activatingOnlyWhenExecuted": true,
      "updating": null,
      "withPredicate": null
    },
    {
      "id": "IDLE_29",
      "execute": "IDLE",
      "after": "1000",
      "priority": 0,
      "additionalGuards": null,
      "activationKind": null,
      "fixedVariables": {
        "Crash": "FALSE",
        "VehiclesAy": "{(EgoVehicle↦6.279276654197474E-08),(Vehicles2↦-6.279277542375894E-08),(Vehicles3↦-6.279277542375894E-08),(Vehicles4↦-6.279277542375894E-08),(Vehicles5↦7.112552324883836E-08)}",
        "Reward": "0.7000000000000001",
        "VehiclesAx": "{(EgoVehicle↦0.0),(Vehicles2↦0.07557779550552368),(Vehicles3↦-0.0009472109377384186),(Vehicles4↦0.0003398023545742035),(Vehicles5↦0.038923174142837524)}",
        "VehiclesVx": "{(EgoVehicle↦20.0),(Vehicles2↦-0.48163995146751404),(Vehicles3↦0.25368383154273033),(Vehicles4↦-0.24202300235629082),(Vehicles5↦0.7926328480243683)}",
        "VehiclesY": "{(EgoVehicle↦4.0000001192092896),(Vehicles2↦4.0000001192092896),(Vehicles3↦-1.4344152532430599E-09),(Vehicles4↦-4.0000001192092896),(Vehicles5↦4.0000001192092896)}",
        "VehiclesVy": "{(EgoVehicle↦-4.1661785132873774E-09),(Vehicles2↦4.1661785132873774E-09),(Vehicles3↦4.1661785132873774E-09),(Vehicles4↦4.1661785132873774E-09),(Vehicles5↦4.1661962768557714E-09)}",
        "VehiclesX": "{(EgoVehicle↦200.0),(Vehicles2↦17.270591855049133),(Vehicles3↦20.96080780029297),(Vehicles4↦41.07951819896698),(Vehicles5↦82.42429494857788)}"
      },
      "probabilisticVariables": null,
      "activating": [
        "IDLE_30"
      ],
      "activatingOnlyWhenExecuted": true,
      "updating": null,
      "withPredicate": null
    },
    {
      "id": "IDLE_30",
      "execute": "IDLE",
      "after": "1000",
      "priority": 0,
      "additionalGuards": null,
      "activationKind": null,
      "fixedVariables": {
        "Crash": "FALSE",
        "VehiclesAy": "{(EgoVehicle↦3.906954759713699E-09),(Vehicles2↦-3.906954759713699E-09),(Vehicles3↦-3.906954759713699E-09),(Vehicles4↦-3.906954759713699E-09),(Vehicles5↦4.42542003042945E-09)}",
        "Reward": "0.7000000000000001",
        "VehiclesAx": "{(EgoVehicle↦0.0),(Vehicles2↦0.06942149251699448),(Vehicles3↦-0.0013638660311698914),(Vehicles4↦0.0011085718870162964),(Vehicles5↦0.035410672426223755)}",
        "VehiclesVx": "{(EgoVehicle↦20.0),(Vehicles2↦-0.41221845895051956),(Vehicles3↦0.25231996551156044),(Vehicles4↦-0.24091443046927452),(Vehicles5↦0.828043520450592)}",
        "VehiclesY": "{(EgoVehicle↦4.0000001192092896),(Vehicles2↦4.0000001192092896),(Vehicles3↦-8.924727623593753E-11),(Vehicles4↦-4.0000001192092896),(Vehicles5↦4.0000001192092896)}",
        "VehiclesVy": "{(EgoVehicle↦-2.5922375357367855E-10),(Vehicles2↦2.5922375357367855E-10),(Vehicles3↦2.5922375357367855E-10),(Vehicles4↦2.5922375357367855E-10),(Vehicles5↦2.5922375357367855E-10)}",
        "VehiclesX": "{(EgoVehicle↦200.0),(Vehicles2↦16.817186772823334),(Vehicles3↦21.213965117931366),(Vehicles4↦40.837880969047546),(Vehicles5↦83.23134779930115)}"
      },
      "probabilisticVariables": null,
      "activating": [
        "IDLE_31"
      ],
      "activatingOnlyWhenExecuted": true,
      "updating": null,
      "withPredicate": null
    },
    {
      "id": "IDLE_31",
      "execute": "IDLE",
      "after": "1000",
      "priority": 0,
      "additionalGuards": null,
      "activationKind": null,
      "fixedVariables": {
        "Crash": "FALSE",
        "VehiclesAy": "{(EgoVehicle↦2.430944334719243E-10),(Vehicles2↦-2.430944334719243E-10),(Vehicles3↦-2.430944334719243E-10),(Vehicles4↦-2.430944334719243E-10),(Vehicles5↦2.753530736754328E-10)}",
        "Reward": "0.7000000000000001",
        "VehiclesAx": "{(EgoVehicle↦0.0),(Vehicles2↦0.06391990929841995),(Vehicles3↦-0.0014808960258960724),(Vehicles4↦0.001797955483198166),(Vehicles5↦0.032434165477752686)}",
        "VehiclesVx": "{(EgoVehicle↦20.0),(Vehicles2↦-0.3482985496520996),(Vehicles3↦0.25083906948566437),(Vehicles4↦-0.23911647498607635),(Vehicles5↦0.8604776859283447)}",
        "VehiclesY": "{(EgoVehicle↦4.0000001192092896),(Vehicles2↦4.0000001192092896),(Vehicles3↦-5.552891479965183E-12),(Vehicles4↦-4.0000001192092896),(Vehicles5↦4.0000001192092896)}",
        "VehiclesVy": "{(EgoVehicle↦-1.6129320101754274E-11),(Vehicles2↦1.6129320101754274E-11),(Vehicles3↦1.6129320101754274E-11),(Vehicles4↦1.6129320101754274E-11),(Vehicles5↦1.6129320101754274E-11)}",
        "VehiclesX": "{(EgoVehicle↦200.0),(Vehicles2↦16.430950164794922),(Vehicles3↦21.465693414211273),(Vehicles4↦40.59763252735138),(Vehicles5↦84.07258987426758)}"
      },
      "probabilisticVariables": null,
      "activating": [
        "IDLE_32"
      ],
      "activatingOnlyWhenExecuted": true,
      "updating": null,
      "withPredicate": null
    },
    {
      "id": "IDLE_32",
      "execute": "IDLE",
      "after": "1000",
      "priority": 0,
      "additionalGuards": null,
      "activationKind": null,
      "fixedVariables": {
        "Crash": "FALSE",
        "VehiclesAy": "{(EgoVehicle↦1.511679670329613E-11),(Vehicles2↦-1.511679670329613E-11),(Vehicles3↦-1.511679670329613E-11),(Vehicles4↦-1.511679670329613E-11),(Vehicles5↦1.7141843500212417E-11)}",
        "Reward": "0.7000000000000001",
        "VehiclesAx": "{(EgoVehicle↦0.0),(Vehicles2↦0.059034563601017),(Vehicles3↦-0.0014421157538890839),(Vehicles4↦0.002419259399175644),(Vehicles5↦0.029868483543395996)}",
        "VehiclesVx": "{(EgoVehicle↦20.0),(Vehicles2↦-0.2892639860510826),(Vehicles3↦0.24939695373177528),(Vehicles4↦-0.2366972155869007),(Vehicles5↦0.8903461694717407)}",
        "VehiclesY": "{(EgoVehicle↦4.0000001192092896),(Vehicles2↦4.0000001192092896),(Vehicles3↦-3.4505731605349865E-13),(Vehicles4↦-4.0000001192092896),(Vehicles5↦4.0000001192092896)}",
        "VehiclesVy": "{(EgoVehicle↦-1.0125233984581428E-12),(Vehicles2↦1.0125233984581428E-12),(Vehicles3↦1.0125233984581428E-12),(Vehicles4↦1.0125233984581428E-12),(Vehicles5↦1.0125233984581428E-12)}",
        "VehiclesX": "{(EgoVehicle↦200.0),(Vehicles2↦16.106633841991425),(Vehicles3↦21.71594947576523),(Vehicles4↦40.359437465667725),(Vehicles5↦84.9452018737793)}"
      },
      "probabilisticVariables": null,
      "activating": [
        "IDLE_33"
      ],
      "activatingOnlyWhenExecuted": true,
      "updating": null,
      "withPredicate": null
    },
    {
      "id": "IDLE_33",
      "execute": "IDLE",
      "after": "1000",
      "priority": 0,
      "additionalGuards": null,
      "activationKind": null,
      "fixedVariables": {
        "Crash": "FALSE",
        "VehiclesAy": "{(EgoVehicle↦9.592326932761353E-13),(Vehicles2↦-9.592326932761353E-13),(Vehicles3↦-9.592326932761353E-13),(Vehicles4↦-9.592326932761353E-13),(Vehicles5↦1.0658141036401503E-12)}",
        "Reward": "0.7000000000000001",
        "VehiclesAx": "{(EgoVehicle↦0.0),(Vehicles2↦0.054699983447790146),(Vehicles3↦-0.0013235397636890411),(Vehicles4↦0.0029825232923030853),(Vehicles5↦0.027625933289527893)}",
        "VehiclesVx": "{(EgoVehicle↦20.0),(Vehicles2↦-0.23456400260329247),(Vehicles3↦0.24807341396808624),(Vehicles4↦-0.23371469229459763),(Vehicles5↦0.9179721027612686)}",
        "VehiclesY": "{(EgoVehicle↦4.0000001192092896),(Vehicles2↦4.0000001192092896),(Vehicles3↦-2.1316282072803006E-14),(Vehicles4↦-4.0000001192092896),(Vehicles5↦4.0000001192092896)}",
        "VehiclesVy": "{(EgoVehicle↦-5.3290705182007514E-14),(Vehicles2↦5.3290705182007514E-14),(Vehicles3↦5.3290705182007514E-14),(Vehicles4↦5.3290705182007514E-14),(Vehicles5↦5.3290705182007514E-14)}",
        "VehiclesX": "{(EgoVehicle↦200.0),(Vehicles2↦15.839576721191406),(Vehicles3↦21.96480482816696),(Vehicles4↦40.1238888502121),(Vehicles5↦85.8467698097229)}"
      },
      "probabilisticVariables": null,
      "activating": [
        "IDLE_34"
      ],
      "activatingOnlyWhenExecuted": true,
      "updating": null,
      "withPredicate": null
    },
    {
      "id": "IDLE_34",
      "execute": "IDLE",
      "after": "1000",
      "priority": 0,
      "additionalGuards": null,
      "activationKind": null,
      "fixedVariables": {
        "Crash": "FALSE",
        "VehiclesAy": "{(EgoVehicle↦5.3290705182007514E-14),(Vehicles2↦-5.3290705182007514E-14),(Vehicles3↦-5.3290705182007514E-14),(Vehicles4↦-5.3290705182007514E-14),(Vehicles5↦5.3290705182007514E-14)}",
        "Reward": "0.7000000000000001",
        "VehiclesAx": "{(EgoVehicle↦0.0),(Vehicles2↦0.05084622651338577),(Vehicles3↦-0.0011654756963253021),(Vehicles4↦0.003496520221233368),(Vehicles5↦0.02564452588558197)}",
        "VehiclesVx": "{(EgoVehicle↦20.0),(Vehicles2↦-0.1837177760899067),(Vehicles3↦0.24690793827176094),(Vehicles4↦-0.23021817207336426),(Vehicles5↦0.9436166286468506)}",
        "VehiclesY": "{(EgoVehicle↦4.0000001192092896),(Vehicles2↦4.0000001192092896),(Vehicles3↦0.0),(Vehicles4↦-4.0000001192092896),(Vehicles5↦4.0000001192092896)}",
        "VehiclesVy": "{(EgoVehicle↦0.0),(Vehicles2↦0.0),(Vehicles3↦0.0),(Vehicles4↦0.0),(Vehicles5↦0.0)}",
        "VehiclesX": "{(EgoVehicle↦200.0),(Vehicles2↦15.625642240047455),(Vehicles3↦22.212398052215576),(Vehicles4↦39.89153504371643),(Vehicles5↦86.77514791488647)}"
      },
      "probabilisticVariables": null,
      "activating": [
        "IDLE_35"
      ],
      "activatingOnlyWhenExecuted": true,
      "updating": null,
      "withPredicate": null
    },
    {
      "id": "IDLE_35",
      "execute": "IDLE",
      "after": "1000",
      "priority": 0,
      "additionalGuards": null,
      "activationKind": null,
      "fixedVariables": {
        "Crash": "FALSE",
        "VehiclesAy": "{(EgoVehicle↦0.0),(Vehicles2↦0.0),(Vehicles3↦0.0),(Vehicles4↦0.0),(Vehicles5↦0.0)}",
        "Reward": "0.7000000000000001",
        "VehiclesAx": "{(EgoVehicle↦0.0),(Vehicles2↦0.04740799777209759),(Vehicles3↦-0.0009892135858535767),(Vehicles4↦0.003968831151723862),(Vehicles5↦0.02387821674346924)}",
        "VehiclesVx": "{(EgoVehicle↦20.0),(Vehicles2↦-0.1363097783178091),(Vehicles3↦0.24591872468590736),(Vehicles4↦-0.2262493409216404),(Vehicles5↦0.9674948453903198)}",
        "VehiclesY": "{(EgoVehicle↦4.0000001192092896),(Vehicles2↦4.0000001192092896),(Vehicles3↦0.0),(Vehicles4↦-4.0000001192092896),(Vehicles5↦4.0000001192092896)}",
        "VehiclesVy": "{(EgoVehicle↦0.0),(Vehicles2↦0.0),(Vehicles3↦0.0),(Vehicles4↦0.0),(Vehicles5↦0.0)}",
        "VehiclesX": "{(EgoVehicle↦200.0),(Vehicles2↦15.461146831512451),(Vehicles3↦22.458896040916443),(Vehicles4↦39.66286778450012),(Vehicles5↦87.72845268249512)}"
      },
      "probabilisticVariables": null,
      "activating": [
        "IDLE_36"
      ],
      "activatingOnlyWhenExecuted": true,
      "updating": null,
      "withPredicate": null
    },
    {
      "id": "IDLE_36",
      "execute": "IDLE",
      "after": "1000",
      "priority": 0,
      "additionalGuards": null,
      "activationKind": null,
      "fixedVariables": {
        "Crash": "FALSE",
        "VehiclesAy": "{(EgoVehicle↦0.0),(Vehicles2↦0.0),(Vehicles3↦0.0),(Vehicles4↦0.0),(Vehicles5↦0.0)}",
        "Reward": "0.7000000000000001",
        "VehiclesAx": "{(EgoVehicle↦0.0),(Vehicles2↦0.04432791844010353),(Vehicles3↦-0.000806022435426712),(Vehicles4↦0.004405714571475983),(Vehicles5↦0.022292807698249817)}",
        "VehiclesVx": "{(EgoVehicle↦20.0),(Vehicles2↦-0.09198185987770557),(Vehicles3↦0.24511270225048065),(Vehicles4↦-0.2218436263501644),(Vehicles5↦0.9897876530885696)}",
        "VehiclesY": "{(EgoVehicle↦4.0000001192092896),(Vehicles2↦4.0000001192092896),(Vehicles3↦0.0),(Vehicles4↦-4.0000001192092896),(Vehicles5↦4.0000001192092896)}",
        "VehiclesVy": "{(EgoVehicle↦0.0),(Vehicles2↦0.0),(Vehicles3↦0.0),(Vehicles4↦0.0),(Vehicles5↦0.0)}",
        "VehiclesX": "{(EgoVehicle↦200.0),(Vehicles2↦15.342801809310913),(Vehicles3↦22.704477608203888),(Vehicles4↦39.43834602832794),(Vehicles5↦88.70497941970825)}"
      },
      "probabilisticVariables": null,
      "activating": [
        "IDLE_37"
      ],
      "activatingOnlyWhenExecuted": true,
      "updating": null,
      "withPredicate": null
    },
    {
      "id": "IDLE_37",
      "execute": "IDLE",
      "after": "1000",
      "priority": 0,
      "additionalGuards": null,
      "activationKind": null,
      "fixedVariables": {
        "Crash": "FALSE",
        "VehiclesAy": "{(EgoVehicle↦0.0),(Vehicles2↦0.0),(Vehicles3↦0.0),(Vehicles4↦0.0),(Vehicles5↦0.0)}",
        "Reward": "0.7000000000000001",
        "VehiclesAx": "{(EgoVehicle↦0.0),(Vehicles2↦0.04155699163675308),(Vehicles3↦-0.0006219558417797089),(Vehicles4↦0.00481240451335907),(Vehicles5↦0.02086140215396881)}",
        "VehiclesVx": "{(EgoVehicle↦20.0),(Vehicles2↦-0.05042486824095249),(Vehicles3↦0.24449074640870094),(Vehicles4↦-0.21703122183680534),(Vehicles5↦1.0106490552425385)}",
        "VehiclesY": "{(EgoVehicle↦4.0000001192092896),(Vehicles2↦4.0000001192092896),(Vehicles3↦0.0),(Vehicles4↦-4.0000001192092896),(Vehicles5↦4.0000001192092896)}",
        "VehiclesVy": "{(EgoVehicle↦0.0),(Vehicles2↦0.0),(Vehicles3↦0.0),(Vehicles4↦0.0),(Vehicles5↦0.0)}",
        "VehiclesX": "{(EgoVehicle↦200.0),(Vehicles2↦15.26765376329422),(Vehicles3↦22.949327528476715),(Vehicles4↦39.218395948410034),(Vehicles5↦89.70322608947754)}"
      },
      "probabilisticVariables": null,
      "activating": [
        "IDLE_38"
      ],
      "activatingOnlyWhenExecuted": true,
      "updating": null,
      "withPredicate": null
    },
    {
      "id": "IDLE_38",
      "execute": "IDLE",
      "after": "1000",
      "priority": 0,
      "additionalGuards": null,
      "activationKind": null,
      "fixedVariables": {
        "Crash": "FALSE",
        "VehiclesAy": "{(EgoVehicle↦0.0),(Vehicles2↦0.0),(Vehicles3↦0.0),(Vehicles4↦0.0),(Vehicles5↦0.0)}",
        "Reward": "0.7000000000000001",
        "VehiclesAx": "{(EgoVehicle↦0.0),(Vehicles2↦0.039053831715136766),(Vehicles3↦-0.00044016167521476746),(Vehicles4↦0.0051931291818618774),(Vehicles5↦0.019562989473342896)}",
        "VehiclesVx": "{(EgoVehicle↦20.0),(Vehicles2↦-0.011371036525815725),(Vehicles3↦0.24405058473348618),(Vehicles4↦-0.21183809265494347),(Vehicles5↦1.0302120447158813)}",
        "VehiclesY": "{(EgoVehicle↦4.0000001192092896),(Vehicles2↦4.0000001192092896),(Vehicles3↦0.0),(Vehicles4↦-4.0000001192092896),(Vehicles5↦4.0000001192092896)}",
        "VehiclesVy": "{(EgoVehicle↦0.0),(Vehicles2↦0.0),(Vehicles3↦0.0),(Vehicles4↦0.0),(Vehicles5↦0.0)}",
        "VehiclesX": "{(EgoVehicle↦200.0),(Vehicles2↦15.233039855957031),(Vehicles3↦23.19362759590149),(Vehicles4↦39.003413915634155),(Vehicles5↦90.72179794311523)}"
      },
      "probabilisticVariables": null,
      "activating": [
        "IDLE_39"
      ],
      "activatingOnlyWhenExecuted": true,
      "updating": null,
      "withPredicate": null
    },
    {
      "id": "IDLE_39",
      "execute": "IDLE",
      "after": "1000",
      "priority": 0,
      "additionalGuards": null,
      "activationKind": null,
      "fixedVariables": {
        "Crash": "FALSE",
        "VehiclesAy": "{(EgoVehicle↦0.0),(Vehicles2↦0.0),(Vehicles3↦0.0),(Vehicles4↦0.0),(Vehicles5↦0.0)}",
        "Reward": "0.7000000000000001",
        "VehiclesAx": "{(EgoVehicle↦0.0),(Vehicles2↦0.03678364446386695),(Vehicles3↦-0.000262334942817688),(Vehicles4↦0.005551371723413467),(Vehicles5↦0.018380582332611084)}",
        "VehiclesVx": "{(EgoVehicle↦20.0),(Vehicles2↦0.025412607938051224),(Vehicles3↦0.2437882497906685),(Vehicles4↦-0.20628672093153),(Vehicles5↦1.0485926270484924)}",
        "VehiclesY": "{(EgoVehicle↦4.0000001192092896),(Vehicles2↦4.0000001192092896),(Vehicles3↦0.0),(Vehicles4↦-4.0000001192092896),(Vehicles5↦4.0000001192092896)}",
        "VehiclesVy": "{(EgoVehicle↦0.0),(Vehicles2↦0.0),(Vehicles3↦0.0),(Vehicles4↦0.0),(Vehicles5↦0.0)}",
        "VehiclesX": "{(EgoVehicle↦200.0),(Vehicles2↦15.23655503988266),(Vehicles3↦23.437559604644775),(Vehicles4↦38.79376947879791),(Vehicles5↦91.75944924354553)}"
      },
      "probabilisticVariables": null,
      "activating": [
        "IDLE_40"
      ],
      "activatingOnlyWhenExecuted": true,
      "updating": null,
      "withPredicate": null
    },
    {
      "id": "IDLE_40",
      "execute": "IDLE",
      "after": "1000",
      "priority": 0,
      "additionalGuards": null,
      "activationKind": null,
      "fixedVariables": {
        "Crash": "FALSE",
        "VehiclesAy": "{(EgoVehicle↦0.0),(Vehicles2↦0.0),(Vehicles3↦0.0),(Vehicles4↦0.0),(Vehicles5↦0.0)}",
        "Reward": "0.7000000000000001",
        "VehiclesAx": "{(EgoVehicle↦0.0),(Vehicles2↦0.034717158414423466),(Vehicles3↦-8.938834071159363E-05),(Vehicles4↦0.005889814347028732),(Vehicles5↦0.01730002462863922)}",
        "VehiclesVx": "{(EgoVehicle↦20.0),(Vehicles2↦0.06012976635247469),(Vehicles3↦0.2436988614499569),(Vehicles4↦-0.20039690658450127),(Vehicles5↦1.0658926516771317)}",
        "VehiclesY": "{(EgoVehicle↦4.0000001192092896),(Vehicles2↦4.0000001192092896),(Vehicles3↦0.0),(Vehicles4↦-4.0000001192092896),(Vehicles5↦4.0000001192092896)}",
        "VehiclesVy": "{(EgoVehicle↦0.0),(Vehicles2↦0.0),(Vehicles3↦0.0),(Vehicles4↦0.0),(Vehicles5↦0.0)}",
        "VehiclesX": "{(EgoVehicle↦200.0),(Vehicles2↦15.276013314723969),(Vehicles3↦23.68129789829254),(Vehicles4↦38.58981132507324),(Vehicles5↦92.8150475025177)}"
      },
      "probabilisticVariables": null,
      "activating": [
        "IDLE_41"
      ],
      "activatingOnlyWhenExecuted": true,
      "updating": null,
      "withPredicate": null
    },
    {
      "id": "IDLE_41",
      "execute": "IDLE",
      "after": "1000",
      "priority": 0,
      "additionalGuards": null,
      "activationKind": null,
      "fixedVariables": {
        "Crash": "FALSE",
        "VehiclesAy": "{(EgoVehicle↦0.0),(Vehicles2↦0.0),(Vehicles3↦0.0),(Vehicles4↦0.0),(Vehicles5↦0.0)}",
        "Reward": "0.7000000000000001",
        "VehiclesAx": "{(EgoVehicle↦0.0),(Vehicles2↦0.03282965626567602),(Vehicles3↦7.819384336471558E-05),(Vehicles4↦0.006210580468177795),(Vehicles5↦0.016309618949890137)}",
        "VehiclesVx": "{(EgoVehicle↦20.0),(Vehicles2↦0.09295942261815071),(Vehicles3↦0.2437770552933216),(Vehicles4↦-0.19418632611632347),(Vehicles5↦1.0822022706270218)}",
        "VehiclesY": "{(EgoVehicle↦4.0000001192092896),(Vehicles2↦4.0000001192092896),(Vehicles3↦0.0),(Vehicles4↦-4.0000001192092896),(Vehicles5↦4.0000001192092896)}",
        "VehiclesVy": "{(EgoVehicle↦0.0),(Vehicles2↦0.0),(Vehicles3↦0.0),(Vehicles4↦0.0),(Vehicles5↦0.0)}",
        "VehiclesX": "{(EgoVehicle↦200.0),(Vehicles2↦15.3494194149971),(Vehicles3↦23.925015330314636),(Vehicles4↦38.391873240470886),(Vehicles5↦93.88753771781921)}"
      },
      "probabilisticVariables": null,
      "activating": [
        "IDLE_42"
      ],
      "activatingOnlyWhenExecuted": true,
      "updating": null,
      "withPredicate": null
    },
    {
      "id": "IDLE_42",
      "execute": "IDLE",
      "after": "1000",
      "priority": 0,
      "additionalGuards": null,
      "activationKind": null,
      "fixedVariables": {
        "Crash": "FALSE",
        "VehiclesAy": "{(EgoVehicle↦0.0),(Vehicles2↦0.0),(Vehicles3↦0.0),(Vehicles4↦0.0),(Vehicles5↦0.0)}",
        "Reward": "0.7000000000000001",
        "VehiclesAx": "{(EgoVehicle↦0.0),(Vehicles2↦0.031100166961550713),(Vehicles3↦0.00024020671844482422),(Vehicles4↦0.00651530921459198),(Vehicles5↦0.015399456024169922)}",
        "VehiclesVx": "{(EgoVehicle↦20.0),(Vehicles2↦0.12405958957970142),(Vehicles3↦0.24401726201176643),(Vehicles4↦-0.1876710169017315),(Vehicles5↦1.0976017266511917)}",
        "VehiclesY": "{(EgoVehicle↦4.0000001192092896),(Vehicles2↦4.0000001192092896),(Vehicles3↦0.0),(Vehicles4↦-4.0000001192092896),(Vehicles5↦4.0000001192092896)}",
        "VehiclesVy": "{(EgoVehicle↦0.0),(Vehicles2↦0.0),(Vehicles3↦0.0),(Vehicles4↦0.0),(Vehicles5↦0.0)}",
        "VehiclesX": "{(EgoVehicle↦200.0),(Vehicles2↦15.45495092868805),(Vehicles3↦24.168875813484192),(Vehicles4↦38.200268149375916),(Vehicles5↦94.97597217559814)}"
      },
      "probabilisticVariables": null,
      "activating": [
        "IDLE_43"
      ],
      "activatingOnlyWhenExecuted": true,
      "updating": null,
      "withPredicate": null
    },
    {
      "id": "IDLE_43",
      "execute": "IDLE",
      "after": "1000",
      "priority": 0,
      "additionalGuards": null,
      "activationKind": null,
      "fixedVariables": {
        "Crash": "FALSE",
        "VehiclesAy": "{(EgoVehicle↦0.0),(Vehicles2↦0.0),(Vehicles3↦0.0),(Vehicles4↦0.0),(Vehicles5↦0.0)}",
        "Reward": "0.7000000000000001",
        "VehiclesAx": "{(EgoVehicle↦0.0),(Vehicles2↦0.02951080910861492),(Vehicles3↦0.00039651989936828613),(Vehicles4↦0.006805248558521271),(Vehicles5↦0.014560967683792114)}",
        "VehiclesVx": "{(EgoVehicle↦20.0),(Vehicles2↦0.15357039868831635),(Vehicles3↦0.24441378191113472),(Vehicles4↦-0.18086576834321022),(Vehicles5↦1.1121626943349838)}",
        "VehiclesY": "{(EgoVehicle↦4.0000001192092896),(Vehicles2↦4.0000001192092896),(Vehicles3↦0.0),(Vehicles4↦-4.0000001192092896),(Vehicles5↦4.0000001192092896)}",
        "VehiclesVy": "{(EgoVehicle↦0.0),(Vehicles2↦0.0),(Vehicles3↦0.0),(Vehicles4↦0.0),(Vehicles5↦0.0)}",
        "VehiclesX": "{(EgoVehicle↦200.0),(Vehicles2↦15.590937435626984),(Vehicles3↦24.413038790225983),(Vehicles4↦38.015297055244446),(Vehicles5↦96.07946276664734)}"
      },
      "probabilisticVariables": null,
      "activating": [
        "IDLE_44"
      ],
      "activatingOnlyWhenExecuted": true,
      "updating": null,
      "withPredicate": null
    },
    {
      "id": "IDLE_44",
      "execute": "IDLE",
      "after": "1000",
      "priority": 0,
      "additionalGuards": null,
      "activationKind": null,
      "fixedVariables": {
        "Crash": "FALSE",
        "VehiclesAy": "{(EgoVehicle↦0.0),(Vehicles2↦0.0),(Vehicles3↦0.0),(Vehicles4↦0.0),(Vehicles5↦0.0)}",
        "Reward": "0.7000000000000001",
        "VehiclesAx": "{(EgoVehicle↦0.0),(Vehicles2↦0.02804625779390335),(Vehicles3↦0.0005471333861351013),(Vehicles4↦0.007081292569637299),(Vehicles5↦0.013786852359771729)}",
        "VehiclesVx": "{(EgoVehicle↦20.0),(Vehicles2↦0.1816166564822197),(Vehicles3↦0.24496091529726982),(Vehicles4↦-0.17378447577357292),(Vehicles5↦1.1259495466947556)}",
        "VehiclesY": "{(EgoVehicle↦4.0000001192092896),(Vehicles2↦4.0000001192092896),(Vehicles3↦0.0),(Vehicles4↦-4.0000001192092896),(Vehicles5↦4.0000001192092896)}",
        "VehiclesVy": "{(EgoVehicle↦0.0),(Vehicles2↦0.0),(Vehicles3↦0.0),(Vehicles4↦0.0),(Vehicles5↦0.0)}",
        "VehiclesX": "{(EgoVehicle↦200.0),(Vehicles2↦15.75583815574646),(Vehicles3↦24.657659232616425),(Vehicles4↦37.83724308013916),(Vehicles5↦97.19719886779785)}"
      },
      "probabilisticVariables": null,
      "activating": [
        "IDLE_45"
      ],
      "activatingOnlyWhenExecuted": true,
      "updating": null,
      "withPredicate": null
    },
    {
      "id": "IDLE_45",
      "execute": "IDLE",
      "after": "1000",
      "priority": 0,
      "additionalGuards": null,
      "activationKind": null,
      "fixedVariables": {
        "Crash": "FALSE",
        "VehiclesAy": "{(EgoVehicle↦0.0),(Vehicles2↦0.0),(Vehicles3↦0.0),(Vehicles4↦0.0),(Vehicles5↦0.0)}",
        "Reward": "0.7000000000000001",
        "VehiclesAx": "{(EgoVehicle↦0.0),(Vehicles2↦0.026693269610404968),(Vehicles3↦0.0006920099258422852),(Vehicles4↦0.007344130426645279),(Vehicles5↦-1.2176611926406622)}",
        "VehiclesVx": "{(EgoVehicle↦20.0),(Vehicles2↦0.20830992609262466),(Vehicles3↦0.2456529252231121),(Vehicles4↦-0.16644034534692764),(Vehicles5↦-0.09171164594590664)}",
        "VehiclesY": "{(EgoVehicle↦4.0000001192092896),(Vehicles2↦4.0000001192092896),(Vehicles3↦0.0),(Vehicles4↦-4.0000001192092896),(Vehicles5↦-4.0000001192092896)}",
        "VehiclesVy": "{(EgoVehicle↦0.0),(Vehicles2↦0.0),(Vehicles3↦0.0),(Vehicles4↦0.0),(Vehicles5↦0.0)}",
        "VehiclesX": "{(EgoVehicle↦200.0),(Vehicles2↦15.948235988616943),(Vehicles3↦24.902886152267456),(Vehicles4↦37.66637444496155),(Vehicles5↦97.71918058395386)}"
      },
      "probabilisticVariables": null,
      "activating": [
        "SLOWER_46"
      ],
      "activatingOnlyWhenExecuted": true,
      "updating": null,
      "withPredicate": null
    },
    {
      "id": "SLOWER_46",
      "execute": "SLOWER",
      "after": "1000",
      "priority": 0,
      "additionalGuards": null,
      "activationKind": null,
      "fixedVariables": {
        "Crash": "FALSE",
        "VehiclesAy": "{(EgoVehicle↦0.0),(Vehicles2↦0.0),(Vehicles3↦0.0),(Vehicles4↦0.0),(Vehicles5↦0.0)}",
        "Reward": "0.7000000000000001",
        "VehiclesAx": "{(EgoVehicle↦0.0),(Vehicles2↦0.025440417230129242),(Vehicles3↦0.0008312240242958069),(Vehicles4↦0.007594246417284012),(Vehicles5↦0.010822564363479614)}",
        "VehiclesVx": "{(EgoVehicle↦20.0),(Vehicles2↦0.2337503433227539),(Vehicles3↦0.2464841492474079),(Vehicles4↦-0.15884609892964363),(Vehicles5↦-0.08088908158242702)}",
        "VehiclesY": "{(EgoVehicle↦4.0000001192092896),(Vehicles2↦4.0000001192092896),(Vehicles3↦0.0),(Vehicles4↦-4.0000001192092896),(Vehicles5↦-4.0000001192092896)}",
        "VehiclesVy": "{(EgoVehicle↦0.0),(Vehicles2↦0.0),(Vehicles3↦0.0),(Vehicles4↦0.0),(Vehicles5↦0.0)}",
        "VehiclesX": "{(EgoVehicle↦200.0),(Vehicles2↦16.166819632053375),(Vehicles3↦25.1488596200943),(Vehicles4↦37.50295341014862),(Vehicles5↦97.63179421424866)}"
      },
      "probabilisticVariables": null,
      "activating": [
        "SLOWER_47"
      ],
      "activatingOnlyWhenExecuted": true,
      "updating": null,
      "withPredicate": null
    },
    {
      "id": "SLOWER_47",
      "execute": "SLOWER",
      "after": "1000",
      "priority": 0,
      "additionalGuards": null,
      "activationKind": null,
      "fixedVariables": {
        "Crash": "FALSE",
        "VehiclesAy": "{(EgoVehicle↦0.0),(Vehicles2↦0.0),(Vehicles3↦0.0),(Vehicles4↦0.0),(Vehicles5↦0.0)}",
        "Reward": "0.7000000000000001",
        "VehiclesAx": "{(EgoVehicle↦0.0),(Vehicles2↦0.02427767962217331),(Vehicles3↦0.0009648501873016357),(Vehicles4↦0.007831975817680359),(Vehicles5↦0.010931105352938175)}",
        "VehiclesVx": "{(EgoVehicle↦20.0),(Vehicles2↦0.2580280229449272),(Vehicles3↦0.24744899943470955),(Vehicles4↦-0.15101412311196327),(Vehicles5↦-0.06995797622948885)}",
        "VehiclesY": "{(EgoVehicle↦4.0000001192092896),(Vehicles2↦4.0000001192092896),(Vehicles3↦0.0),(Vehicles4↦-4.0000001192092896),(Vehicles5↦-4.0000001192092896)}",
        "VehiclesVy": "{(EgoVehicle↦0.0),(Vehicles2↦0.0),(Vehicles3↦0.0),(Vehicles4↦0.0),(Vehicles5↦0.0)}",
        "VehiclesX": "{(EgoVehicle↦200.0),(Vehicles2↦16.4103701710701),(Vehicles3↦25.395721197128296),(Vehicles4↦37.34722137451172),(Vehicles5↦97.55526781082153)}"
      },
      "probabilisticVariables": null,
      "activating": [
        "SLOWER_48"
      ],
      "activatingOnlyWhenExecuted": true,
      "updating": null,
      "withPredicate": null
    },
    {
      "id": "SLOWER_48",
      "execute": "SLOWER",
      "after": "1000",
      "priority": 0,
      "additionalGuards": null,
      "activationKind": null,
      "fixedVariables": {
        "Crash": "FALSE",
        "VehiclesAy": "{(EgoVehicle↦0.0),(Vehicles2↦0.0),(Vehicles3↦0.0),(Vehicles4↦0.0),(Vehicles5↦0.0)}",
        "Reward": "0.7000000000000001",
        "VehiclesAx": "{(EgoVehicle↦0.0),(Vehicles2↦0.02319641411304474),(Vehicles3↦0.0010929442942142487),(Vehicles4↦0.008057532832026482),(Vehicles5↦0.011035469360649586)}",
        "VehiclesVx": "{(EgoVehicle↦20.0),(Vehicles2↦0.28122443705797195),(Vehicles3↦0.2485419437289238),(Vehicles4↦-0.1429565902799368),(Vehicles5↦-0.058922506868839264)}",
        "VehiclesY": "{(EgoVehicle↦4.0000001192092896),(Vehicles2↦4.0000001192092896),(Vehicles3↦0.0),(Vehicles4↦-4.0000001192092896),(Vehicles5↦-4.0000001192092896)}",
        "VehiclesVy": "{(EgoVehicle↦0.0),(Vehicles2↦0.0),(Vehicles3↦0.0),(Vehicles4↦0.0),(Vehicles5↦0.0)}",
        "VehiclesX": "{(EgoVehicle↦200.0),(Vehicles2↦16.67775958776474),(Vehicles3↦25.643596053123474),(Vehicles4↦37.199413776397705),(Vehicles5↦97.48971462249756)}"
      },
      "probabilisticVariables": null,
      "activating": [
        "SLOWER_49"
      ],
      "activatingOnlyWhenExecuted": true,
      "updating": null,
      "withPredicate": null
    },
    {
      "id": "SLOWER_49",
      "execute": "SLOWER",
      "after": "1000",
      "priority": 0,
      "additionalGuards": null,
      "activationKind": null,
      "fixedVariables": {
        "Crash": "FALSE",
        "VehiclesAy": "{(EgoVehicle↦0.0),(Vehicles2↦0.0),(Vehicles3↦0.0),(Vehicles4↦0.0),(Vehicles5↦0.0)}",
        "Reward": "0.7000000000000001",
        "VehiclesAx": "{(EgoVehicle↦0.0),(Vehicles2↦0.022188853472471237),(Vehicles3↦0.0012155808508396149),(Vehicles4↦0.008271094411611557),(Vehicles5↦0.011133872903883457)}",
        "VehiclesVx": "{(EgoVehicle↦20.0),(Vehicles2↦0.3034132905304432),(Vehicles3↦0.2497575245797634),(Vehicles4↦-0.13468549586832523),(Vehicles5↦-0.04778863396495581)}",
        "VehiclesY": "{(EgoVehicle↦4.0000001192092896),(Vehicles2↦4.0000001192092896),(Vehicles3↦0.0),(Vehicles4↦-4.0000001192092896),(Vehicles5↦-4.0000001192092896)}",
        "VehiclesVy": "{(EgoVehicle↦0.0),(Vehicles2↦0.0),(Vehicles3↦0.0),(Vehicles4↦0.0),(Vehicles5↦0.0)}",
        "VehiclesX": "{(EgoVehicle↦200.0),(Vehicles2↦16.967937350273132),(Vehicles3↦25.89261531829834),(Vehicles4↦37.05974817276001),(Vehicles5↦97.43523597717285)}"
      },
      "probabilisticVariables": null,
      "activating": [
        "IDLE_50"
      ],
      "activatingOnlyWhenExecuted": true,
      "updating": null,
      "withPredicate": null
    },
    {
      "id": "IDLE_50",
      "execute": "IDLE",
      "after": "1000",
      "priority": 0,
      "additionalGuards": null,
      "activationKind": null,
      "fixedVariables": {
        "Crash": "FALSE",
        "VehiclesAy": "{(EgoVehicle↦0.0),(Vehicles2↦0.0),(Vehicles3↦0.0),(Vehicles4↦0.0),(Vehicles5↦0.0)}",
        "Reward": "0.7000000000000001",
        "VehiclesAx": "{(EgoVehicle↦0.0),(Vehicles2↦0.021248329430818558),(Vehicles3↦0.0013329088687896729),(Vehicles4↦0.008472809568047523),(Vehicles5↦0.011224921327084303)}",
        "VehiclesVx": "{(EgoVehicle↦20.0),(Vehicles2↦0.32466161996126175),(Vehicles3↦0.2510904334485531),(Vehicles4↦-0.1262126863002777),(Vehicles5↦-0.036563712637871504)}",
        "VehiclesY": "{(EgoVehicle↦4.0000001192092896),(Vehicles2↦4.0000001192092896),(Vehicles3↦0.0),(Vehicles4↦-4.0000001192092896),(Vehicles5↦-4.0000001192092896)}",
        "VehiclesVy": "{(EgoVehicle↦0.0),(Vehicles2↦0.0),(Vehicles3↦0.0),(Vehicles4↦0.0),(Vehicles5↦0.0)}",
        "VehiclesX": "{(EgoVehicle↦200.0),(Vehicles2↦17.27992296218872),(Vehicles3↦26.142895221710205),(Vehicles4↦36.928436160087585),(Vehicles5↦97.39193320274353)}"
      },
      "probabilisticVariables": null,
      "activating": [
        "LANE_LEFT_51"
      ],
      "activatingOnlyWhenExecuted": true,
      "updating": null,
      "withPredicate": null
    },
    {
      "id": "LANE_LEFT_51",
      "execute": "LANE_LEFT",
      "after": "1000",
      "priority": 0,
      "additionalGuards": null,
      "activationKind": null,
      "fixedVariables": {
        "Crash": "FALSE",
        "VehiclesAy": "{(EgoVehicle↦-1.1458635330200195),(Vehicles2↦1.1458635330200195),(Vehicles3↦1.1458635330200195),(Vehicles4↦1.1458635330200195),(Vehicles5↦1.1458635330200195)}",
        "Reward": "0.6666666666666666",
        "VehiclesAx": "{(EgoVehicle↦-0.0328516960144043),(Vehicles2↦0.053220875561237335),(Vehicles3↦0.03429705277085304),(Vehicles4↦0.041514802724123),(Vehicles5↦0.04415961855556816)}",
        "VehiclesVx": "{(EgoVehicle↦19.967148303985596),(Vehicles2↦0.3778824955224991),(Vehicles3↦0.28538748621940613),(Vehicles4↦-0.08469788357615471),(Vehicles5↦0.007595905917696655)}",
        "VehiclesY": "{(EgoVehicle↦0.39630044996738434),(Vehicles2↦7.603699207305908),(Vehicles3↦3.6036994457244873),(Vehicles4↦-0.39630044996738434),(Vehicles5↦-0.39630044996738434)}",
        "VehiclesVy": "{(EgoVehicle↦-1.1458635330200195),(Vehicles2↦1.1458635330200195),(Vehicles3↦1.1458635330200195),(Vehicles4↦1.1458635330200195),(Vehicles5↦1.1458635330200195)}",
        "VehiclesX": "{(EgoVehicle↦200.0),(Vehicles2↦17.999394237995148),(Vehicles3↦26.781150698661804),(Vehicles4↦37.192267179489136),(Vehicles5↦97.74647951126099)}"
      },
      "probabilisticVariables": null,
      "activating": [
        "LANE_RIGHT_52"
      ],
      "activatingOnlyWhenExecuted": true,
      "updating": null,
      "withPredicate": null
    },
    {
      "id": "LANE_RIGHT_52",
      "execute": "LANE_RIGHT",
      "after": "1000",
      "priority": 0,
      "additionalGuards": null,
      "activationKind": null,
      "fixedVariables": {
        "Crash": "FALSE",
        "VehiclesAy": "{(EgoVehicle↦2.2204431146383286),(Vehicles2↦-2.2204431146383286),(Vehicles3↦-2.2204431146383286),(Vehicles4↦-2.2204431146383286),(Vehicles5↦0.07128395140171051)}",
        "Reward": "0.7000000000000001",
        "VehiclesAx": "{(EgoVehicle↦0.003962516784667969),(Vehicles2↦0.015581846237182617),(Vehicles3↦-0.0024112313985824585),(Vehicles4↦0.004877811297774315),(Vehicles5↦0.007417842862196267)}",
        "VehiclesVx": "{(EgoVehicle↦19.971110820770264),(Vehicles2↦0.3934643417596817),(Vehicles3↦0.28297625482082367),(Vehicles4↦-0.0798200722783804),(Vehicles5↦0.015013748779892921)}",
        "VehiclesY": "{(EgoVehicle↦3.628213405609131),(Vehicles2↦4.37178647518158),(Vehicles3↦0.3717864453792572),(Vehicles4↦-3.628213405609131),(Vehicles5↦-3.628213405609131)}",
        "VehiclesVy": "{(EgoVehicle↦1.074579581618309),(Vehicles2↦-1.074579581618309),(Vehicles3↦-1.074579581618309),(Vehicles4↦-1.074579581618309),(Vehicles5↦-1.074579581618309)}",
        "VehiclesX": "{(EgoVehicle↦200.0),(Vehicles2↦18.661707639694214),(Vehicles3↦27.34369933605194),(Vehicles4↦37.38763928413391),(Vehicles5↦98.03516864776611)}"
      },
      "probabilisticVariables": null,
      "activating": [
        "LANE_RIGHT_53"
      ],
      "activatingOnlyWhenExecuted": true,
      "updating": null,
      "withPredicate": null
    },
    {
      "id": "LANE_RIGHT_53",
      "execute": "LANE_RIGHT",
      "after": "1000",
      "priority": 0,
      "additionalGuards": null,
      "activationKind": null,
      "fixedVariables": {
        "Crash": "FALSE",
        "VehiclesAy": "{(EgoVehicle↦0.13818450272083282),(Vehicles2↦-0.13818450272083282),(Vehicles3↦-0.13818450272083282),(Vehicles4↦-0.13818450272083282),(Vehicles5↦-2.287343665957451)}",
        "Reward": "0.7333333333333334",
        "VehiclesAx": "{(EgoVehicle↦-0.007914304733276367),(Vehicles2↦0.026687122881412506),(Vehicles3↦0.009568780660629272),(Vehicles4↦0.016922540962696075),(Vehicles5↦0.01935965847223997)}",
        "VehiclesVx": "{(EgoVehicle↦19.963196516036987),(Vehicles2↦0.4201514646410942),(Vehicles3↦0.29254503548145294),(Vehicles4↦-0.06289753131568432),(Vehicles5↦0.03437340725213289)}",
        "VehiclesY": "{(EgoVehicle↦7.580697298049927),(Vehicles2↦0.41930289566516876),(Vehicles3↦-3.580697178840637),(Vehicles4↦-7.580697298049927),(Vehicles5↦-7.580697298049927)}",
        "VehiclesVy": "{(EgoVehicle↦1.2127640843391418),(Vehicles2↦-1.2127640843391418),(Vehicles3↦-1.2127640843391418),(Vehicles4↦-1.2127640843391418),(Vehicles5↦-1.2127640843391418)}",
        "VehiclesX": "{(EgoVehicle↦200.0),(Vehicles2↦19.503293931484222),(Vehicles3↦28.067880868911743),(Vehicles4↦37.75196373462677),(Vehicles5↦98.49531054496765)}"
      },
      "probabilisticVariables": null,
      "activating": [
        "SLOWER_54"
      ],
      "activatingOnlyWhenExecuted": true,
      "updating": null,
      "withPredicate": null
    },
    {
      "id": "SLOWER_54",
      "execute": "SLOWER",
      "after": "1000",
      "priority": 0,
      "additionalGuards": null,
      "activationKind": null,
      "fixedVariables": {
        "Crash": "FALSE",
        "VehiclesAy": "{(EgoVehicle↦-1.136809247545898),(Vehicles2↦1.136809247545898),(Vehicles3↦1.136809247545898),(Vehicles4↦1.136809247545898),(Vehicles5↦-1.2887189211323857)}",
        "Reward": "0.7333333333333334",
        "VehiclesAx": "{(EgoVehicle↦0.03665924072265625),(Vehicles2↦-0.018613412976264954),(Vehicles3↦-0.034908559173345566),(Vehicles4↦-0.02749670296907425),(Vehicles5↦-0.02516101987566799)}",
        "VehiclesVx": "{(EgoVehicle↦19.999855756759644),(Vehicles2↦0.40153805166482925),(Vehicles3↦0.2576364763081074),(Vehicles4↦-0.09039423428475857),(Vehicles5↦0.009212387376464903)}",
        "VehiclesY": "{(EgoVehicle↦7.973848342895508),(Vehicles2↦0.026152007281780243),(Vehicles3↦-3.9738478660583496),(Vehicles4↦-7.973848342895508),(Vehicles5↦-7.973848342895508)}",
        "VehiclesVy": "{(EgoVehicle↦0.07595483679324389),(Vehicles2↦-0.07595483679324389),(Vehicles3↦-0.07595483679324389),(Vehicles4↦-0.07595483679324389),(Vehicles5↦-0.07595483679324389)}",
        "VehiclesX": "{(EgoVehicle↦200.0),(Vehicles2↦19.89983469247818),(Vehicles3↦28.330233693122864),(Vehicles4↦37.6618355512619),(Vehicles5↦98.5033929347992)}"
      },
      "probabilisticVariables": null,
      "activating": [
        "SLOWER_55"
      ],
      "activatingOnlyWhenExecuted": true,
      "updating": null,
      "withPredicate": null
    },
    {
      "id": "SLOWER_55",
      "execute": "SLOWER",
      "after": "1000",
      "priority": 0,
      "additionalGuards": null,
      "activationKind": null,
      "fixedVariables": {
        "Crash": "FALSE",
        "VehiclesAy": "{(EgoVehicle↦-0.07122872018953785),(Vehicles2↦0.07122872018953785),(Vehicles3↦0.07122872018953785),(Vehicles4↦0.07122872018953785),(Vehicles5↦-0.08068095339694992)}",
        "Reward": "0.7333333333333334",
        "VehiclesAx": "{(EgoVehicle↦0.0001442432403564453),(Vehicles2↦0.017219409346580505),(Vehicles3↦0.0016996264457702637),(Vehicles4↦0.0091630220413208),(Vehicles5↦0.011398472706787288)}",
        "VehiclesVx": "{(EgoVehicle↦20.0),(Vehicles2↦0.41875746101140976),(Vehicles3↦0.25933610275387764),(Vehicles4↦-0.08123121224343777),(Vehicles5↦0.02061086008325219)}",
        "VehiclesY": "{(EgoVehicle↦7.998373031616211),(Vehicles2↦0.0016272024367935956),(Vehicles3↦-3.9983729124069214),(Vehicles4↦-7.998373031616211),(Vehicles5↦-7.998373031616211)}",
        "VehiclesVy": "{(EgoVehicle↦0.004726116603706032),(Vehicles2↦-0.004726116603706032),(Vehicles3↦-0.004726116603706032),(Vehicles4↦-0.004726116603706032),(Vehicles5↦-0.004726116603706032)}",
        "VehiclesX": "{(EgoVehicle↦200.0),(Vehicles2↦20.308248698711395),(Vehicles3↦28.58847975730896),(Vehicles4↦37.57503032684326),(Vehicles5↦98.51710200309753)}"
      },
      "probabilisticVariables": null,
      "activating": [
        "SLOWER_56"
      ],
      "activatingOnlyWhenExecuted": true,
      "updating": null,
      "withPredicate": null
    },
    {
      "id": "SLOWER_56",
      "execute": "SLOWER",
      "after": "1000",
      "priority": 0,
      "additionalGuards": null,
      "activationKind": null,
      "fixedVariables": {
        "Crash": "FALSE",
        "VehiclesAy": "{(EgoVehicle↦-0.00443205810370273),(Vehicles2↦0.00443205810370273),(Vehicles3↦0.00443205810370273),(Vehicles4↦0.00443205810370273),(Vehicles5↦-0.0050201751037093345)}",
        "Reward": "0.7333333333333334",
        "VehiclesAx": "{(EgoVehicle↦0.0),(Vehicles2↦0.016718991100788116),(Vehicles3↦0.0019304268062114716),(Vehicles4↦0.009438791312277317),(Vehicles5↦0.011575059033930302)}",
        "VehiclesVx": "{(EgoVehicle↦20.0),(Vehicles2↦0.4354764521121979),(Vehicles3↦0.2612665295600891),(Vehicles4↦-0.07179242093116045),(Vehicles5↦0.03218591911718249)}",
        "VehiclesY": "{(EgoVehicle↦7.999898672103882),(Vehicles2↦0.00010124435357283801),(Vehicles3↦-3.999898910522461),(Vehicles4↦-7.999898672103882),(Vehicles5↦-7.999898672103882)}",
        "VehiclesVy": "{(EgoVehicle↦0.00029405850000330247),(Vehicles2↦-0.00029405850000330247),(Vehicles3↦-0.00029405850000330247),(Vehicles4↦-0.00029405850000330247),(Vehicles5↦-0.00029405850000330247)}",
        "VehiclesX": "{(EgoVehicle↦200.0),(Vehicles2↦20.733743906021118),(Vehicles3↦28.84857952594757),(Vehicles4↦37.497565150260925),(Vehicles5↦98.54233860969543)}"
      },
      "probabilisticVariables": null,
      "activating": [
        "SLOWER_57"
      ],
      "activatingOnlyWhenExecuted": true,
      "updating": null,
      "withPredicate": null
    },
    {
      "id": "SLOWER_57",
      "execute": "SLOWER",
      "after": "1000",
      "priority": 0,
      "additionalGuards": null,
      "activationKind": null,
      "fixedVariables": {
        "Crash": "FALSE",
        "VehiclesAy": "{(EgoVehicle↦-0.00027576221555136726),(Vehicles2↦0.00027576221555136726),(Vehicles3↦0.00027576221555136726),(Vehicles4↦0.00027576221555136726),(Vehicles5↦-0.0003123547844552377)}",
        "Reward": "0.7333333333333334",
        "VehiclesAx": "{(EgoVehicle↦0.0),(Vehicles2↦0.016112513840198517),(Vehicles3↦0.0020141713321208954),(Vehicles4↦0.009560990147292614),(Vehicles5↦0.011599066201597452)}",
        "VehiclesVx": "{(EgoVehicle↦20.0),(Vehicles2↦0.4515889659523964),(Vehicles3↦0.26328070089221),(Vehicles4↦-0.062231430783867836),(Vehicles5↦0.043784985318779945)}",
        "VehiclesY": "{(EgoVehicle↦7.999993801116943),(Vehicles2↦6.299411552390666E-06),(Vehicles3↦-3.999993681907654),(Vehicles4↦-7.999993801116943),(Vehicles5↦-7.999993801116943)}",
        "VehiclesVy": "{(EgoVehicle↦1.8296284451935207E-05),(Vehicles2↦-1.8296284451935207E-05),(Vehicles3↦-1.8296284451935207E-05),(Vehicles4↦-1.8296284451935207E-05),(Vehicles5↦-1.8296284451935207E-05)}",
        "VehiclesX": "{(EgoVehicle↦200.0),(Vehicles2↦21.17571234703064),(Vehicles3↦29.11064624786377),(Vehicles4↦37.42958605289459),(Vehicles5↦98.57916235923767)}"
      },
      "probabilisticVariables": null,
      "activating": [
        "SLOWER_58"
      ],
      "activatingOnlyWhenExecuted": true,
      "updating": null,
      "withPredicate": null
    },
    {
      "id": "SLOWER_58",
      "execute": "SLOWER",
      "after": "1000",
      "priority": 0,
      "additionalGuards": null,
      "activationKind": null,
      "fixedVariables": {
        "Crash": "FALSE",
        "VehiclesAy": "{(EgoVehicle↦-1.7157891889496568E-05),(Vehicles2↦1.7157891889496568E-05),(Vehicles3↦1.7157891889496568E-05),(Vehicles4↦1.7157891889496568E-05),(Vehicles5↦-1.9434677014373847E-05)}",
        "Reward": "0.7333333333333334",
        "VehiclesAx": "{(EgoVehicle↦0.0),(Vehicles2↦0.015539266169071198),(Vehicles3↦0.002093017101287842),(Vehicles4↦0.009671817533671856),(Vehicles5↦0.011612707749009132)}",
        "VehiclesVx": "{(EgoVehicle↦20.0),(Vehicles2↦0.4671282321214676),(Vehicles3↦0.26537371799349785),(Vehicles4↦-0.05255961325019598),(Vehicles5↦0.05539769306778908)}",
        "VehiclesY": "{(EgoVehicle↦7.999999523162842),(Vehicles2↦3.9194861756186583E-07),(Vehicles3↦-3.999999761581421),(Vehicles4↦-7.999999523162842),(Vehicles5↦-7.999999523162842)}",
        "VehiclesVy": "{(EgoVehicle↦1.1383925624386393E-06),(Vehicles2↦-1.1383925624386393E-06),(Vehicles3↦-1.1383925624386393E-06),(Vehicles4↦-1.1383925624386393E-06),(Vehicles5↦-1.1383925624386393E-06)}",
        "VehiclesX": "{(EgoVehicle↦200.0),(Vehicles2↦21.633562445640564),(Vehicles3↦29.374757409095764),(Vehicles4↦37.37121522426605),(Vehicles5↦98.62759113311768)}"
      },
      "probabilisticVariables": null,
      "activating": [
        "SLOWER_59"
      ],
      "activatingOnlyWhenExecuted": true,
      "updating": null,
      "withPredicate": null
    },
    {
      "id": "SLOWER_59",
      "execute": "SLOWER",
      "after": "1000",
      "priority": 0,
      "additionalGuards": null,
      "activationKind": null,
      "fixedVariables": {
        "Crash": "FALSE",
        "VehiclesAy": "{(EgoVehicle↦-1.0675619144251414E-06),(Vehicles2↦1.0675619144251414E-06),(Vehicles3↦1.0675619144251414E-06),(Vehicles4↦1.0675619144251414E-06),(Vehicles5↦-1.2092232104521372E-06)}",
        "Reward": "0.7333333333333334",
        "VehiclesAx": "{(EgoVehicle↦0.0),(Vehicles2↦0.01499716192483902),(Vehicles3↦0.0021675974130630493),(Vehicles4↦0.009772060438990593),(Vehicles5↦0.011616838164627552)}",
        "VehiclesVx": "{(EgoVehicle↦20.0),(Vehicles2↦0.4821253940463066),(Vehicles3↦0.2675413154065609),(Vehicles4↦-0.04278755281120539),(Vehicles5↦0.06701453123241663)}",
        "VehiclesY": "{(EgoVehicle↦8.000000238418579),(Vehicles2↦2.4386993757730124E-08),(Vehicles3↦-4.0000001192092896),(Vehicles4↦-8.000000238418579),(Vehicles5↦-8.000000238418579)}",
        "VehiclesVy": "{(EgoVehicle↦7.083064801349792E-08),(Vehicles2↦-7.083064801349792E-08),(Vehicles3↦-7.083064801349792E-08),(Vehicles4↦-7.083064801349792E-08),(Vehicles5↦-7.083064801349792E-08)}",
        "VehiclesX": "{(EgoVehicle↦200.0),(Vehicles2↦22.106730937957764),(Vehicles3↦29.640993475914),(Vehicles4↦37.32255697250366),(Vehicles5↦98.6876368522644)}"
      },
      "probabilisticVariables": null,
      "activating": [
        "SLOWER_60"
      ],
      "activatingOnlyWhenExecuted": true,
      "updating": null,
      "withPredicate": null
    },
    {
      "id": "SLOWER_60",
      "execute": "SLOWER",
      "after": "1000",
      "priority": 0,
      "additionalGuards": null,
      "activationKind": null,
      "fixedVariables": {
        "Crash": "FALSE",
        "VehiclesAy": "{(EgoVehicle↦-6.642355998565108E-08),(Vehicles2↦6.642355998565108E-08),(Vehicles3↦6.642355998565108E-08),(Vehicles4↦6.642355998565108E-08),(Vehicles5↦-7.523773604134476E-08)}",
        "Reward": "0.7333333333333334",
        "VehiclesAx": "{(EgoVehicle↦0.0),(Vehicles2↦0.014484040439128876),(Vehicles3↦0.002238098531961441),(Vehicles4↦0.009861970320343971),(Vehicles5↦0.011611790396273136)}",
        "VehiclesVx": "{(EgoVehicle↦20.0),(Vehicles2↦0.4966094344854355),(Vehicles3↦0.26977941393852234),(Vehicles4↦-0.032925582490861416),(Vehicles5↦0.07862632162868977)}",
        "VehiclesY": "{(EgoVehicle↦8.000000238418579),(Vehicles2↦1.5173542422530772E-09),(Vehicles3↦-4.0000001192092896),(Vehicles4↦-8.000000238418579),(Vehicles5↦-8.000000238418579)}",
        "VehiclesVy": "{(EgoVehicle↦4.407088027846839E-09),(Vehicles2↦-4.407088027846839E-09),(Vehicles3↦-4.407088027846839E-09),(Vehicles4↦-4.407088027846839E-09),(Vehicles5↦-4.407088027846839E-09)}",
        "VehiclesX": "{(EgoVehicle↦200.0),(Vehicles2↦22.594690322875977),(Vehicles3↦29.909422993659973),(Vehicles4↦37.28370666503906),(Vehicles5↦98.75929355621338)}"
      },
      "probabilisticVariables": null,
      "activating": [
        "SLOWER_61"
      ],
      "activatingOnlyWhenExecuted": true,
      "updating": null,
      "withPredicate": null
    },
    {
      "id": "SLOWER_61",
      "execute": "SLOWER",
      "after": "1000",
      "priority": 0,
      "additionalGuards": null,
      "activationKind": null,
      "fixedVariables": {
        "Crash": "FALSE",
        "VehiclesAy": "{(EgoVehicle↦-4.132871822548623E-09),(Vehicles2↦4.132871822548623E-09),(Vehicles3↦4.132871822548623E-09),(Vehicles4↦4.132871822548623E-09),(Vehicles5↦-4.681304233145056E-09)}",
        "Reward": "0.7333333333333334",
        "VehiclesAx": "{(EgoVehicle↦0.0),(Vehicles2↦0.013997815549373627),(Vehicles3↦0.002304632216691971),(Vehicles4↦0.009941821917891502),(Vehicles5↦0.01159796491265297)}",
        "VehiclesVx": "{(EgoVehicle↦20.0),(Vehicles2↦0.5106072500348091),(Vehicles3↦0.2720840461552143),(Vehicles4↦-0.022983760572969913),(Vehicles5↦0.09022428654134274)}",
        "VehiclesY": "{(EgoVehicle↦8.000000238418579),(Vehicles2↦9.440981330044451E-11),(Vehicles3↦-4.0000001192092896),(Vehicles4↦-8.000000238418579),(Vehicles5↦-8.000000238418579)}",
        "VehiclesVy": "{(EgoVehicle↦2.7421620529821666E-10),(Vehicles2↦-2.7421620529821666E-10),(Vehicles3↦-2.7421620529821666E-10),(Vehicles4↦-2.7421620529821666E-10),(Vehicles5↦-2.7421620529821666E-10)}",
        "VehiclesX": "{(EgoVehicle↦200.0),(Vehicles2↦23.09693694114685),(Vehicles3↦30.18012046813965),(Vehicles4↦37.25475370883942),(Vehicles5↦98.8425612449646)}"
      },
      "probabilisticVariables": null,
      "activating": null,
      "activatingOnlyWhenExecuted": true,
      "updating": null,
      "withPredicate": null
    }
  ],
  "listeners": [],
  "metadata": {
    "fileType": "Timed_Trace",
    "formatVersion": 3,
    "savedAt": "2023-08-21T06:52:04.384156Z",
    "creator": "Simulation: HYPOTHESIS_TEST; SIGNIFICANCE : 0.05, PROBABILITY : 0.95, MAX_STEPS_BEFORE_PROPERTY : 0, EXECUTIONS : 1000, PREDICATE : Crash = FALSE, ENDING_TIME : 60000, HYPOTHESIS_CHECKING_TYPE : LEFT_TAILED, CHECKING_TYPE : PREDICATE_INVARIANT",
    "proB2KernelVersion": "4.12.2",
    "proBCliVersion": "1.12.2-final",
    "modelName": "HighwayEnvironment2"
  }
}