{
  "variables": {},
  "activations": [
    {
      "id": "$setup_constants",
      "execute": "$setup_constants",
      "after": "0",
      "priority": 0,
      "additionalGuards": null,
      "activationKind": null,
      "fixedVariables": null,
      "probabilisticVariables": null,
      "activating": null,
      "activatingOnlyWhenExecuted": true,
      "updating": null,
      "withPredicate": null
    },
    {
      "id": "$initialise_machine",
      "execute": "$initialise_machine",
      "after": "0",
      "priority": 0,
      "additionalGuards": null,
      "activationKind": null,
      "fixedVariables": {
        "Crash": "FALSE",
        "VehiclesAy": "{(EgoVehicle↦0.0),(Vehicles2↦0.0),(Vehicles3↦0.0),(Vehicles4↦0.0),(Vehicles5↦0.0)}",
        "Reward": "0.0",
        "VehiclesAx": "{(EgoVehicle↦0.0),(Vehicles2↦0.0),(Vehicles3↦0.0),(Vehicles4↦0.0),(Vehicles5↦0.0)}",
        "VehiclesVx": "{(EgoVehicle↦25.0),(Vehicles2↦-3.023407757282257),(Vehicles3↦-1.4902964234352112),(Vehicles4↦-2.4621564149856567),(Vehicles5↦-1.5108580887317657)}",
        "VehiclesY": "{(EgoVehicle↦4.0000001192092896),(Vehicles2↦0.0),(Vehicles3↦-4.0000001192092896),(Vehicles4↦-4.0000001192092896),(Vehicles5↦4.0000001192092896)}",
        "VehiclesVy": "{(EgoVehicle↦0.0),(Vehicles2↦0.0),(Vehicles3↦0.0),(Vehicles4↦0.0),(Vehicles5↦0.0)}",
        "VehiclesX": "{(EgoVehicle↦154.936945438385),(Vehicles2↦22.925518453121185),(Vehicles3↦45.660775899887085),(Vehicles4↦69.181227684021),(Vehicles5↦92.50392317771912)}"
      },
      "probabilisticVariables": null,
      "activating": [
        "LANE_RIGHT_2"
      ],
      "activatingOnlyWhenExecuted": true,
      "updating": null,
      "withPredicate": null
    },
    {
      "id": "LANE_RIGHT_2",
      "execute": "LANE_RIGHT",
      "after": "1000",
      "priority": 0,
      "additionalGuards": null,
      "activationKind": null,
      "fixedVariables": {
        "Crash": "FALSE",
        "VehiclesAy": "{(EgoVehicle↦1.0796338319778442),(Vehicles2↦-1.0796338319778442),(Vehicles3↦-1.0796338319778442),(Vehicles4↦-1.0796338319778442),(Vehicles5↦-1.0796338319778442)}",
        "Reward": "0.8660447183419508",
        "VehiclesAx": "{(EgoVehicle↦-0.023322105407714844),(Vehicles2↦-0.47793328762054443),(Vehicles3↦-5.229871571063995),(Vehicles4↦-0.8714604377746582),(Vehicles5↦-0.9899593889713287)}",
        "VehiclesVx": "{(EgoVehicle↦24.976677894592285),(Vehicles2↦-3.5013410449028015),(Vehicles3↦-6.7201679944992065),(Vehicles4↦-3.333616852760315),(Vehicles5↦-2.5008174777030945)}",
        "VehiclesY": "{(EgoVehicle↦7.6599647998809814),(Vehicles2↦-3.6599650382995605),(Vehicles3↦-7.6599647998809814),(Vehicles4↦-7.6599647998809814),(Vehicles5↦0.3400348797440529)}",
        "VehiclesVy": "{(EgoVehicle↦1.0796338319778442),(Vehicles2↦-1.0796338319778442),(Vehicles3↦-1.0796338319778442),(Vehicles4↦-1.0796338319778442),(Vehicles5↦-1.0796338319778442)}",
        "VehiclesX": "{(EgoVehicle↦179.61719036102295),(Vehicles2↦19.99943256378174),(Vehicles3↦42.13215112686157),(Vehicles4↦66.6382372379303),(Vehicles5↦90.84864258766174)}"
      },
      "probabilisticVariables": null,
      "activating": [
        "FASTER_3"
      ],
      "activatingOnlyWhenExecuted": true,
      "updating": null,
      "withPredicate": null
    },
    {
      "id": "FASTER_3",
      "execute": "FASTER",
      "after": "1000",
      "priority": 0,
      "additionalGuards": null,
      "activationKind": null,
      "fixedVariables": {
        "Crash": "FALSE",
        "VehiclesAy": "{(EgoVehicle↦-1.0525126825086772),(Vehicles2↦1.0525126825086772),(Vehicles3↦1.0525126825086772),(Vehicles4↦1.0525126825086772),(Vehicles5↦-1.1067549814470112)}",
        "Reward": "0.9824413667099782",
        "VehiclesAx": "{(EgoVehicle↦4.364874362945557),(Vehicles2↦-4.65815931558609),(Vehicles3↦-5.6470876932144165),(Vehicles4↦-4.904967546463013),(Vehicles5↦-4.870961606502533)}",
        "VehiclesVx": "{(EgoVehicle↦29.341552257537842),(Vehicles2↦-8.159500360488892),(Vehicles3↦-12.367255687713623),(Vehicles4↦-8.238584399223328),(Vehicles5↦-7.371779084205627)}",
        "VehiclesY": "{(EgoVehicle↦7.993496417999268),(Vehicles2↦-3.993496298789978),(Vehicles3↦-7.993496417999268),(Vehicles4↦-7.993496417999268),(Vehicles5↦0.006503580836579204)}",
        "VehiclesVy": "{(EgoVehicle↦0.027121149469166994),(Vehicles2↦-0.027121149469166994),(Vehicles3↦-0.027121149469166994),(Vehicles4↦-0.027121149469166994),(Vehicles5↦-0.027121149469166994)}",
        "VehiclesX": "{(EgoVehicle↦200.0),(Vehicles2↦13.953937590122223),(Vehicles3↦32.30881094932556),(Vehicles4↦60.65595746040344),(Vehicles5↦85.70425510406494)}"
      },
      "probabilisticVariables": null,
      "activating": [
        "IDLE_4"
      ],
      "activatingOnlyWhenExecuted": true,
      "updating": null,
      "withPredicate": null
    },
    {
      "id": "IDLE_4",
      "execute": "IDLE",
      "after": "1000",
      "priority": 0,
      "additionalGuards": null,
      "activationKind": null,
      "fixedVariables": {
        "Crash": "FALSE",
        "VehiclesAy": "{(EgoVehicle↦-0.027026898560507107),(Vehicles2↦0.027026898560507107),(Vehicles3↦0.027026898560507107),(Vehicles4↦0.027026898560507107),(Vehicles5↦-0.02721540037782688)}",
        "Reward": "0.9976877960072628",
        "VehiclesAx": "{(EgoVehicle↦0.571739673614502),(Vehicles2↦-0.7476949691772461),(Vehicles3↦-0.6345987319946289),(Vehicles4↦-0.9471690654754639),(Vehicles5↦-0.8478832244873047)}",
        "VehiclesVx": "{(EgoVehicle↦29.913291931152344),(Vehicles2↦-8.907195329666138),(Vehicles3↦-13.001854419708252),(Vehicles4↦-9.185753464698792),(Vehicles5↦-8.219662308692932)}",
        "VehiclesY": "{(EgoVehicle↦8.000001668930054),(Vehicles2↦-4.000001907348633),(Vehicles3↦-8.000001668930054),(Vehicles4↦-8.000001668930054),(Vehicles5↦-1.8026956354333379E-06)}",
        "VehiclesVy": "{(EgoVehicle↦9.42509086598875E-05),(Vehicles2↦-9.42509086598875E-05),(Vehicles3↦-9.42509086598875E-05),(Vehicles4↦-9.42509086598875E-05),(Vehicles5↦-9.42509086598875E-05)}",
        "VehiclesX": "{(EgoVehicle↦200.0),(Vehicles2↦5.401672422885895),(Vehicles3↦19.554829597473145),(Vehicles4↦51.94247364997864),(Vehicles5↦77.89668440818787)}"
      },
      "probabilisticVariables": null,
      "activating": [
        "IDLE_5"
      ],
      "activatingOnlyWhenExecuted": true,
      "updating": null,
      "withPredicate": null
    },
    {
      "id": "IDLE_5",
      "execute": "IDLE",
      "after": "1000",
      "priority": 0,
      "additionalGuards": null,
      "activationKind": null,
      "fixedVariables": {
        "Crash": "FALSE",
        "VehiclesAy": "{(EgoVehicle↦-0.00010026566940268822),(Vehicles2↦0.00010026566940268822),(Vehicles3↦0.00010026566940268822),(Vehicles4↦0.00010026566940268822),(Vehicles5↦-8.823614791708678E-05)}",
        "Reward": "0.9996955122319143",
        "VehiclesAx": "{(EgoVehicle↦0.07529020309448242),(Vehicles2↦-0.18268108367919922),(Vehicles3↦0.2038419246673584),(Vehicles4↦-0.36188244819641113),(Vehicles5↦-0.2727699279785156)}",
        "VehiclesVx": "{(EgoVehicle↦29.988582134246826),(Vehicles2↦-9.089876413345337),(Vehicles3↦-12.798012495040894),(Vehicles4↦-9.547635912895203),(Vehicles5↦-8.492432236671448)}",
        "VehiclesY": "{(EgoVehicle↦8.000001668930054),(Vehicles2↦-4.000001907348633),(Vehicles3↦-8.000001668930054),(Vehicles4↦-8.000001668930054),(Vehicles5↦-1.8340517158321745E-06)}",
        "VehiclesVy": "{(EgoVehicle↦-6.014760742800718E-06),(Vehicles2↦6.014760742800718E-06),(Vehicles3↦6.014760742800718E-06),(Vehicles4↦6.014760742800718E-06),(Vehicles5↦6.014760742800718E-06)}",
        "VehiclesX": "{(EgoVehicle↦200.0),(Vehicles2↦-3.594329208135605),(Vehicles3↦6.609902530908585),(Vehicles4↦42.59529113769531),(Vehicles5↦69.55153942108154)}"
      },
      "probabilisticVariables": null,
      "activating": [
        "IDLE_6"
      ],
      "activatingOnlyWhenExecuted": true,
      "updating": null,
      "withPredicate": null
    },
    {
      "id": "IDLE_6",
      "execute": "IDLE",
      "after": "1000",
      "priority": 0,
      "additionalGuards": null,
      "activationKind": null,
      "fixedVariables": {
        "Crash": "FALSE",
        "VehiclesAy": "{(EgoVehicle↦5.895750891937723E-06),(Vehicles2↦-5.895750891937723E-06),(Vehicles3↦-5.895750891937723E-06),(Vehicles4↦-5.895750891937723E-06),(Vehicles5↦6.133770593663712E-06)}",
        "Reward": "0.9999599028453572",
        "VehiclesAx": "{(EgoVehicle↦0.009913444519042969),(Vehicles2↦-3.358556032180786),(Vehicles3↦3.0052733421325684),(Vehicles4↦0.90160071849823),(Vehicles5↦-0.7893210649490356)}",
        "VehiclesVx": "{(EgoVehicle↦29.99849557876587),(Vehicles2↦-12.448432445526123),(Vehicles3↦-9.792739152908325),(Vehicles4↦-8.646035194396973),(Vehicles5↦-9.281753301620483)}",
        "VehiclesY": "{(EgoVehicle↦8.000000238418579),(Vehicles2↦-8.000000238418579),(Vehicles3↦-8.000000238418579),(Vehicles4↦-2.7837167237976246E-08),(Vehicles5↦-4.0000001192092896)}",
        "VehiclesVy": "{(EgoVehicle↦-1.1900985086299443E-07),(Vehicles2↦1.1900985086299443E-07),(Vehicles3↦1.1900985086299443E-07),(Vehicles4↦1.1900985086299443E-07),(Vehicles5↦1.1900985086299443E-07)}",
        "VehiclesX": "{(EgoVehicle↦200.0),(Vehicles2↦-6.050913408398628),(Vehicles3↦32.94496834278107),(Vehicles4↦60.99252104759216),(Vehicles5↦79.672110080719)}"
      },
      "probabilisticVariables": null,
      "activating": [
        "IDLE_7"
      ],
      "activatingOnlyWhenExecuted": true,
      "updating": null,
      "withPredicate": null
    },
    {
      "id": "IDLE_7",
      "execute": "IDLE",
      "after": "1000",
      "priority": 0,
      "additionalGuards": null,
      "activationKind": null,
      "fixedVariables": {
        "Crash": "FALSE",
        "VehiclesAy": "{(EgoVehicle↦1.1884043971122082E-07),(Vehicles2↦-1.1884043971122082E-07),(Vehicles3↦-1.1884043971122082E-07),(Vehicles4↦-1.1884043971122082E-07),(Vehicles5↦1.1917926201476803E-07)}",
        "Reward": "0.9999947197162612",
        "VehiclesAx": "{(EgoVehicle↦0.0013065338134765625),(Vehicles2↦2.45089054107666),(Vehicles3↦1.0399013757705688),(Vehicles4↦-0.6113952398300171),(Vehicles5↦-2.4706530570983887)}",
        "VehiclesVx": "{(EgoVehicle↦29.999802112579346),(Vehicles2↦-9.997541904449463),(Vehicles3↦-8.752837777137756),(Vehicles4↦-9.25743043422699),(Vehicles5↦-11.752406358718872)}",
        "VehiclesY": "{(EgoVehicle↦8.000000238418579),(Vehicles2↦-8.000000238418579),(Vehicles3↦7.912870358950386E-11),(Vehicles4↦-4.0000001192092896),(Vehicles5↦-8.000000238418579)}",
        "VehiclesVy": "{(EgoVehicle↦-1.6941115177360189E-10),(Vehicles2↦1.6941115177360189E-10),(Vehicles3↦1.6941115177360189E-10),(Vehicles4↦1.6941115177360189E-10),(Vehicles5↦1.6941115177360189E-10)}",
        "VehiclesX": "{(EgoVehicle↦200.0),(Vehicles2↦23.06808829307556),(Vehicles3↦52.301061153411865),(Vehicles4↦70.3978955745697),(Vehicles5↦88.0526602268219)}"
      },
      "probabilisticVariables": null,
      "activating": [
        "FASTER_8"
      ],
      "activatingOnlyWhenExecuted": true,
      "updating": null,
      "withPredicate": null
    },
    {
      "id": "FASTER_8",
      "execute": "FASTER",
      "after": "1000",
      "priority": 0,
      "additionalGuards": null,
      "activationKind": null,
      "fixedVariables": {
        "Crash": "FALSE",
        "VehiclesAy": "{(EgoVehicle↦1.9985790800092218E-10),(Vehicles2↦-1.9986678978511918E-10),(Vehicles3↦-1.9986678978511918E-10),(Vehicles4↦-1.9986678978511918E-10),(Vehicles5↦1.389555137620846E-10)}",
        "Reward": "0.9999993046539931",
        "VehiclesAx": "{(EgoVehicle↦0.000171661376953125),(Vehicles2↦-0.18231749534606934),(Vehicles3↦-0.07978439331054688),(Vehicles4↦0.04101395606994629),(Vehicles5↦-0.14804959297180176)}",
        "VehiclesVx": "{(EgoVehicle↦29.9999737739563),(Vehicles2↦-10.179859399795532),(Vehicles3↦-8.832622170448303),(Vehicles4↦-9.216416478157043),(Vehicles5↦-11.900455951690674)}",
        "VehiclesY": "{(EgoVehicle↦8.000000238418579),(Vehicles2↦-8.000000238418579),(Vehicles3↦8.960832076354563E-12),(Vehicles4↦-4.0000001192092896),(Vehicles5↦-8.000000238418579)}",
        "VehiclesVy": "{(EgoVehicle↦3.044675622732029E-11),(Vehicles2↦-3.0455638011517294E-11),(Vehicles3↦-3.0455638011517294E-11),(Vehicles4↦-3.0455638011517294E-11),(Vehicles5↦-3.0455638011517294E-11)}",
        "VehiclesX": "{(EgoVehicle↦200.0),(Vehicles2↦12.996146082878113),(Vehicles3↦43.51460635662079),(Vehicles4↦61.15621328353882),(Vehicles5↦76.23515725135803)}"
      },
      "probabilisticVariables": null,
      "activating": [
        "IDLE_9"
      ],
      "activatingOnlyWhenExecuted": true,
      "updating": null,
      "withPredicate": null
    },
    {
      "id": "IDLE_9",
      "execute": "IDLE",
      "after": "1000",
      "priority": 0,
      "additionalGuards": null,
      "activationKind": null,
      "fixedVariables": {
        "Crash": "FALSE",
        "VehiclesAy": "{(EgoVehicle↦-2.991384917550022E-11),(Vehicles2↦2.993161274389422E-11),(Vehicles3↦2.993161274389422E-11),(Vehicles4↦2.993161274389422E-11),(Vehicles5↦-3.097966327914037E-11)}",
        "Reward": "0.9999999084318016",
        "VehiclesAx": "{(EgoVehicle↦2.384185791015625E-05),(Vehicles2↦-0.165938138961792),(Vehicles3↦-0.06245315074920654),(Vehicles4↦0.04486203193664551),(Vehicles5↦-0.08431315422058105)}",
        "VehiclesVx": "{(EgoVehicle↦29.99999761581421),(Vehicles2↦-10.345797538757324),(Vehicles3↦-8.89507532119751),(Vehicles4↦-9.171554446220398),(Vehicles5↦-11.984769105911255)}",
        "VehiclesY": "{(EgoVehicle↦8.000000238418579),(Vehicles2↦-8.000000238418579),(Vehicles3↦1.1723955140041653E-13),(Vehicles4↦-4.0000001192092896),(Vehicles5↦-8.000000238418579)}",
        "VehiclesVy": "{(EgoVehicle↦5.329070518200751E-13),(Vehicles2↦-5.240252676230739E-13),(Vehicles3↦-5.240252676230739E-13),(Vehicles4↦-5.240252676230739E-13),(Vehicles5↦-5.240252676230739E-13)}",
        "VehiclesX": "{(EgoVehicle↦200.0),(Vehicles2↦2.748728170990944),(Vehicles3↦34.655895829200745),(Vehicles4↦51.95770859718323),(Vehicles5↦64.29659128189087)}"
      },
      "probabilisticVariables": null,
      "activating": [
        "SLOWER_10"
      ],
      "activatingOnlyWhenExecuted": true,
      "updating": null,
      "withPredicate": null
    },
    {
      "id": "SLOWER_10",
      "execute": "SLOWER",
      "after": "1000",
      "priority": 0,
      "additionalGuards": null,
      "activationKind": null,
      "fixedVariables": {
        "Crash": "FALSE",
        "VehiclesAy": "{(EgoVehicle↦-5.329070518200751E-13),(Vehicles2↦5.240252676230739E-13),(Vehicles3↦5.240252676230739E-13),(Vehicles4↦5.240252676230739E-13),(Vehicles5↦-5.240252676230739E-13)}",
        "Reward": "0.8842249536480837",
        "VehiclesAx": "{(EgoVehicle↦-4.341561794281006),(Vehicles2↦4.189669489860535),(Vehicles3↦4.290452003479004),(Vehicles4↦4.385095536708832),(Vehicles5↦4.304842948913574)}",
        "VehiclesVx": "{(EgoVehicle↦25.658435821533203),(Vehicles2↦-6.1561280488967896),(Vehicles3↦-4.604623317718506),(Vehicles4↦-4.786458909511566),(Vehicles5↦-7.679926156997681)}",
        "VehiclesY": "{(EgoVehicle↦8.000000238418579),(Vehicles2↦-8.000000238418579),(Vehicles3↦0.0),(Vehicles4↦-4.0000001192092896),(Vehicles5↦-8.000000238418579)}",
        "VehiclesVy": "{(EgoVehicle↦0.0),(Vehicles2↦0.0),(Vehicles3↦0.0),(Vehicles4↦0.0),(Vehicles5↦0.0)}",
        "VehiclesX": "{(EgoVehicle↦200.0),(Vehicles2↦-5.26384599506855),(Vehicles3↦28.13470959663391),(Vehicles4↦45.19883990287781),(Vehicles5↦54.68892455101013)}"
      },
      "probabilisticVariables": null,
      "activating": [
        "SLOWER_11"
      ],
      "activatingOnlyWhenExecuted": true,
      "updating": null,
      "withPredicate": null
    },
    {
      "id": "SLOWER_11",
      "execute": "SLOWER",
      "after": "1000",
      "priority": 0,
      "additionalGuards": null,
      "activationKind": null,
      "fixedVariables": {
        "Crash": "FALSE",
        "VehiclesAy": "{(EgoVehicle↦0.0),(Vehicles2↦0.0),(Vehicles3↦0.0),(Vehicles4↦0.0),(Vehicles5↦0.0)}",
        "Reward": "0.7532038347739589",
        "VehiclesAx": "{(EgoVehicle↦-4.913291931152344),(Vehicles2↦4.774778783321381),(Vehicles3↦4.869670402258635),(Vehicles4↦4.953654706478119),(Vehicles5↦4.911849200725555)}",
        "VehiclesVx": "{(EgoVehicle↦20.74514389038086),(Vehicles2↦-1.381349265575409),(Vehicles3↦0.2650470845401287),(Vehicles4↦0.16719579696655273),(Vehicles5↦-2.7680769562721252)}",
        "VehiclesY": "{(EgoVehicle↦8.000000238418579),(Vehicles2↦-8.000000238418579),(Vehicles3↦0.0),(Vehicles4↦-4.0000001192092896),(Vehicles5↦-8.000000238418579)}",
        "VehiclesVy": "{(EgoVehicle↦0.0),(Vehicles2↦0.0),(Vehicles3↦0.0),(Vehicles4↦0.0),(Vehicles5↦0.0)}",
        "VehiclesX": "{(EgoVehicle↦200.0),(Vehicles2↦-8.765986561775208),(Vehicles3↦26.22261345386505),(Vehicles4↦43.139269948005676),(Vehicles5↦49.7164785861969)}"
      },
      "probabilisticVariables": null,
      "activating": [
        "IDLE_12"
      ],
      "activatingOnlyWhenExecuted": true,
      "updating": null,
      "withPredicate": null
    },
    {
      "id": "IDLE_12",
      "execute": "IDLE",
      "after": "1000",
      "priority": 0,
      "additionalGuards": null,
      "activationKind": null,
      "fixedVariables": {
        "Crash": "FALSE",
        "VehiclesAy": "{(EgoVehicle↦0.0),(Vehicles2↦0.0),(Vehicles3↦0.0),(Vehicles4↦0.0),(Vehicles5↦0.0)}",
        "Reward": "0.73595002488107",
        "VehiclesAx": "{(EgoVehicle↦-0.6470179557800293),(Vehicles2↦0.5219819396734238),(Vehicles3↦0.6084293313324451),(Vehicles4↦0.6838339567184448),(Vehicles5↦0.6713075935840607)}",
        "VehiclesVx": "{(EgoVehicle↦20.09812593460083),(Vehicles2↦-0.8593673259019852),(Vehicles3↦0.8734764158725739),(Vehicles4↦0.8510297536849976),(Vehicles5↦-2.0967693626880646)}",
        "VehiclesY": "{(EgoVehicle↦8.000000238418579),(Vehicles2↦-8.000000238418579),(Vehicles3↦0.0),(Vehicles4↦-4.0000001192092896),(Vehicles5↦-8.000000238418579)}",
        "VehiclesVy": "{(EgoVehicle↦0.0),(Vehicles2↦0.0),(Vehicles3↦0.0),(Vehicles4↦0.0),(Vehicles5↦0.0)}",
        "VehiclesX": "{(EgoVehicle↦200.0),(Vehicles2↦-9.84150767326355),(Vehicles3↦26.82882845401764),(Vehicles4↦43.6784029006958),(Vehicles5↦47.31331765651703)}"
      },
      "probabilisticVariables": null,
      "activating": [
        "IDLE_13"
      ],
      "activatingOnlyWhenExecuted": true,
      "updating": null,
      "withPredicate": null
    },
    {
      "id": "IDLE_13",
      "execute": "IDLE",
      "after": "1000",
      "priority": 0,
      "additionalGuards": null,
      "activationKind": null,
      "fixedVariables": {
        "Crash": "FALSE",
        "VehiclesAy": "{(EgoVehicle↦0.0),(Vehicles2↦0.0),(Vehicles3↦0.0),(Vehicles4↦0.0),(Vehicles5↦0.0)}",
        "Reward": "0.7336779182285086",
        "VehiclesAx": "{(EgoVehicle↦-0.08520364761352539),(Vehicles2↦1.7829517275094986),(Vehicles3↦0.09623736143112183),(Vehicles4↦-2.819965034723282),(Vehicles5↦2.5731925666332245)}",
        "VehiclesVx": "{(EgoVehicle↦20.012922286987305),(Vehicles2↦0.9235844016075134),(Vehicles3↦0.9697137773036957),(Vehicles4↦-1.9689352810382843),(Vehicles5↦0.4764232039451599)}",
        "VehiclesY": "{(EgoVehicle↦8.000000238418579),(Vehicles2↦0.0),(Vehicles3↦-4.0000001192092896),(Vehicles4↦-8.000000238418579),(Vehicles5↦0.0)}",
        "VehiclesVy": "{(EgoVehicle↦0.0),(Vehicles2↦0.0),(Vehicles3↦0.0),(Vehicles4↦0.0),(Vehicles5↦0.0)}",
        "VehiclesX": "{(EgoVehicle↦200.0),(Vehicles2↦27.735033631324768),(Vehicles3↦44.59008276462555),(Vehicles4↦45.27938365936279),(Vehicles5↦95.89437246322632)}"
      },
      "probabilisticVariables": null,
      "activating": [
        "SLOWER_14"
      ],
      "activatingOnlyWhenExecuted": true,
      "updating": null,
      "withPredicate": null
    },
    {
      "id": "SLOWER_14",
      "execute": "SLOWER",
      "after": "1000",
      "priority": 0,
      "additionalGuards": null,
      "activationKind": null,
      "fixedVariables": {
        "Crash": "FALSE",
        "VehiclesAy": "{(EgoVehicle↦0.0),(Vehicles2↦0.0),(Vehicles3↦0.0),(Vehicles4↦0.0),(Vehicles5↦0.0)}",
        "Reward": "0.7333787107680889",
        "VehiclesAx": "{(EgoVehicle↦-0.011219978332519531),(Vehicles2↦-0.021330788731575012),(Vehicles3↦-2.872132360935211),(Vehicles4↦2.9804090410470963),(Vehicles5↦-2.1115288138389587)}",
        "VehiclesVx": "{(EgoVehicle↦20.001702308654785),(Vehicles2↦0.9022536128759384),(Vehicles3↦-1.9024185836315155),(Vehicles4↦1.011473760008812),(Vehicles5↦-1.6351056098937988)}",
        "VehiclesY": "{(EgoVehicle↦8.000000238418579),(Vehicles2↦0.0),(Vehicles3↦-8.000000238418579),(Vehicles4↦-4.0000001192092896),(Vehicles5↦-8.000000238418579)}",
        "VehiclesVy": "{(EgoVehicle↦0.0),(Vehicles2↦0.0),(Vehicles3↦0.0),(Vehicles4↦0.0),(Vehicles5↦0.0)}",
        "VehiclesX": "{(EgoVehicle↦200.0),(Vehicles2↦28.651612997055054),(Vehicles3↦43.33793520927429),(Vehicles4↦45.57842016220093),(Vehicles5↦94.29380297660828)}"
      },
      "probabilisticVariables": null,
      "activating": [
        "SLOWER_15"
      ],
      "activatingOnlyWhenExecuted": true,
      "updating": null,
      "withPredicate": null
    },
    {
      "id": "SLOWER_15",
      "execute": "SLOWER",
      "after": "1000",
      "priority": 0,
      "additionalGuards": null,
      "activationKind": null,
      "fixedVariables": {
        "Crash": "FALSE",
        "VehiclesAy": "{(EgoVehicle↦0.0),(Vehicles2↦0.0),(Vehicles3↦0.0),(Vehicles4↦0.0),(Vehicles5↦0.0)}",
        "Reward": "0.7333393089626016",
        "VehiclesAx": "{(EgoVehicle↦-0.0014781951904296875),(Vehicles2↦-0.02909727394580841),(Vehicles3↦0.06514012813568115),(Vehicles4↦0.029487162828445435),(Vehicles5↦0.13657093048095703)}",
        "VehiclesVx": "{(EgoVehicle↦20.000224113464355),(Vehicles2↦0.87315633893013),(Vehicles3↦-1.8372784554958344),(Vehicles4↦1.0409609228372574),(Vehicles5↦-1.4985346794128418)}",
        "VehiclesY": "{(EgoVehicle↦8.000000238418579),(Vehicles2↦0.0),(Vehicles3↦-8.000000238418579),(Vehicles4↦-4.0000001192092896),(Vehicles5↦-8.000000238418579)}",
        "VehiclesVy": "{(EgoVehicle↦0.0),(Vehicles2↦0.0),(Vehicles3↦0.0),(Vehicles4↦0.0),(Vehicles5↦0.0)}",
        "VehiclesX": "{(EgoVehicle↦200.0),(Vehicles2↦29.542309045791626),(Vehicles3↦41.461268067359924),(Vehicles4↦46.602100133895874),(Vehicles5↦92.71478652954102)}"
      },
      "probabilisticVariables": null,
      "activating": [
        "SLOWER_16"
      ],
      "activatingOnlyWhenExecuted": true,
      "updating": null,
      "withPredicate": null
    },
    {
      "id": "SLOWER_16",
      "execute": "SLOWER",
      "after": "1000",
      "priority": 0,
      "additionalGuards": null,
      "activationKind": null,
      "fixedVariables": {
        "Crash": "FALSE",
        "VehiclesAy": "{(EgoVehicle↦0.0),(Vehicles2↦0.0),(Vehicles3↦0.0),(Vehicles4↦0.0),(Vehicles5↦0.0)}",
        "Reward": "0.7333341202474756",
        "VehiclesAx": "{(EgoVehicle↦-0.00019550323486328125),(Vehicles2↦-0.028733760118484497),(Vehicles3↦0.0690104067325592),(Vehicles4↦0.026036053895950317),(Vehicles5↦0.12110024690628052)}",
        "VehiclesVx": "{(EgoVehicle↦20.000028610229492),(Vehicles2↦0.8444225788116455),(Vehicles3↦-1.7682680487632751),(Vehicles4↦1.0669969767332077),(Vehicles5↦-1.3774344325065613)}",
        "VehiclesY": "{(EgoVehicle↦8.000000238418579),(Vehicles2↦0.0),(Vehicles3↦-8.000000238418579),(Vehicles4↦-4.0000001192092896),(Vehicles5↦-8.000000238418579)}",
        "VehiclesVy": "{(EgoVehicle↦0.0),(Vehicles2↦0.0),(Vehicles3↦0.0),(Vehicles4↦0.0),(Vehicles5↦0.0)}",
        "VehiclesX": "{(EgoVehicle↦200.0),(Vehicles2↦30.403879284858704),(Vehicles3↦39.65131938457489),(Vehicles4↦47.65366315841675),(Vehicles5↦91.2657618522644)}"
      },
      "probabilisticVariables": null,
      "activating": [
        "SLOWER_17"
      ],
      "activatingOnlyWhenExecuted": true,
      "updating": null,
      "withPredicate": null
    },
    {
      "id": "SLOWER_17",
      "execute": "SLOWER",
      "after": "1000",
      "priority": 0,
      "additionalGuards": null,
      "activationKind": null,
      "fixedVariables": {
        "Crash": "FALSE",
        "VehiclesAy": "{(EgoVehicle↦0.0),(Vehicles2↦0.0),(Vehicles3↦0.0),(Vehicles4↦0.0),(Vehicles5↦0.0)}",
        "Reward": "0.733333436959887",
        "VehiclesAx": "{(EgoVehicle↦-2.384185791015625E-05),(Vehicles2↦-0.027438104152679443),(Vehicles3↦0.07163107395172119),(Vehicles4↦0.023998543620109558),(Vehicles5↦0.10899454355239868)}",
        "VehiclesVx": "{(EgoVehicle↦20.000004768371582),(Vehicles2↦0.8169844746589661),(Vehicles3↦-1.696636974811554),(Vehicles4↦1.0909955203533173),(Vehicles5↦-1.2684398889541626)}",
        "VehiclesY": "{(EgoVehicle↦8.000000238418579),(Vehicles2↦0.0),(Vehicles3↦-8.000000238418579),(Vehicles4↦-4.0000001192092896),(Vehicles5↦-8.000000238418579)}",
        "VehiclesVy": "{(EgoVehicle↦0.0),(Vehicles2↦0.0),(Vehicles3↦0.0),(Vehicles4↦0.0),(Vehicles5↦0.0)}",
        "VehiclesX": "{(EgoVehicle↦200.0),(Vehicles2↦31.237217783927917),(Vehicles3↦37.911561131477356),(Vehicles4↦48.73040318489075),(Vehicles5↦89.93280529975891)}"
      },
      "probabilisticVariables": null,
      "activating": [
        "SLOWER_18"
      ],
      "activatingOnlyWhenExecuted": true,
      "updating": null,
      "withPredicate": null
    },
    {
      "id": "SLOWER_18",
      "execute": "SLOWER",
      "after": "1000",
      "priority": 0,
      "additionalGuards": null,
      "activationKind": null,
      "fixedVariables": {
        "Crash": "FALSE",
        "VehiclesAy": "{(EgoVehicle↦0.0),(Vehicles2↦0.0),(Vehicles3↦0.0),(Vehicles4↦0.0),(Vehicles5↦0.0)}",
        "Reward": "0.7333333469796285",
        "VehiclesAx": "{(EgoVehicle↦-4.76837158203125E-06),(Vehicles2↦-0.026088207960128784),(Vehicles3↦0.07268786430358887),(Vehicles4↦0.022349581122398376),(Vehicles5↦0.09888105094432831)}",
        "VehiclesVx": "{(EgoVehicle↦20.0),(Vehicles2↦0.7908962666988373),(Vehicles3↦-1.623949110507965),(Vehicles4↦1.1133451014757156),(Vehicles5↦-1.1695588380098343)}",
        "VehiclesY": "{(EgoVehicle↦8.000000238418579),(Vehicles2↦0.0),(Vehicles3↦-8.000000238418579),(Vehicles4↦-4.0000001192092896),(Vehicles5↦-8.000000238418579)}",
        "VehiclesVy": "{(EgoVehicle↦0.0),(Vehicles2↦0.0),(Vehicles3↦0.0),(Vehicles4↦0.0),(Vehicles5↦0.0)}",
        "VehiclesX": "{(EgoVehicle↦200.0),(Vehicles2↦32.043659687042236),(Vehicles3↦36.24396622180939),(Vehicles4↦49.83046054840088),(Vehicles5↦88.70466351509094)}"
      },
      "probabilisticVariables": null,
      "activating": [
        "SLOWER_19"
      ],
      "activatingOnlyWhenExecuted": true,
      "updating": null,
      "withPredicate": null
    },
    {
      "id": "SLOWER_19",
      "execute": "SLOWER",
      "after": "1000",
      "priority": 0,
      "additionalGuards": null,
      "activationKind": null,
      "fixedVariables": {
        "Crash": "FALSE",
        "VehiclesAy": "{(EgoVehicle↦0.0),(Vehicles2↦0.0),(Vehicles3↦0.0),(Vehicles4↦0.0),(Vehicles5↦0.0)}",
        "Reward": "0.7333333351303764",
        "VehiclesAx": "{(EgoVehicle↦0.0),(Vehicles2↦-0.024758651852607727),(Vehicles3↦0.07254883646965027),(Vehicles4↦0.020914003252983093),(Vehicles5↦0.09028881788253784)}",
        "VehiclesVx": "{(EgoVehicle↦20.0),(Vehicles2↦0.7661376148462296),(Vehicles3↦-1.5514002740383148),(Vehicles4↦1.1342591047286987),(Vehicles5↦-1.0792700201272964)}",
        "VehiclesY": "{(EgoVehicle↦8.000000238418579),(Vehicles2↦0.0),(Vehicles3↦-8.000000238418579),(Vehicles4↦-4.0000001192092896),(Vehicles5↦-8.000000238418579)}",
        "VehiclesVy": "{(EgoVehicle↦0.0),(Vehicles2↦0.0),(Vehicles3↦0.0),(Vehicles4↦0.0),(Vehicles5↦0.0)}",
        "VehiclesX": "{(EgoVehicle↦200.0),(Vehicles2↦32.824546098709106),(Vehicles3↦34.649085998535156),(Vehicles4↦50.952279567718506),(Vehicles5↦87.57185339927673)}"
      },
      "probabilisticVariables": null,
      "activating": [
        "SLOWER_20"
      ],
      "activatingOnlyWhenExecuted": true,
      "updating": null,
      "withPredicate": null
    },
    {
      "id": "SLOWER_20",
      "execute": "SLOWER",
      "after": "1000",
      "priority": 0,
      "additionalGuards": null,
      "activationKind": null,
      "fixedVariables": {
        "Crash": "FALSE",
        "VehiclesAy": "{(EgoVehicle↦0.0),(Vehicles2↦0.0),(Vehicles3↦0.0),(Vehicles4↦0.0),(Vehicles5↦0.0)}",
        "Reward": "0.733333333569981",
        "VehiclesAx": "{(EgoVehicle↦0.0),(Vehicles2↦-2.245970293879509),(Vehicles3↦2.294100522994995),(Vehicles4↦0.019638165831565857),(Vehicles5↦0.08292078971862793)}",
        "VehiclesVx": "{(EgoVehicle↦20.0),(Vehicles2↦-1.4798326790332794),(Vehicles3↦0.7427002489566803),(Vehicles4↦1.1538972705602646),(Vehicles5↦-0.9963492304086685)}",
        "VehiclesY": "{(EgoVehicle↦8.000000238418579),(Vehicles2↦-8.000000238418579),(Vehicles3↦0.0),(Vehicles4↦-4.0000001192092896),(Vehicles5↦-8.000000238418579)}",
        "VehiclesVy": "{(EgoVehicle↦0.0),(Vehicles2↦0.0),(Vehicles3↦0.0),(Vehicles4↦0.0),(Vehicles5↦0.0)}",
        "VehiclesX": "{(EgoVehicle↦200.0),(Vehicles2↦33.12641978263855),(Vehicles3↦33.58120322227478),(Vehicles4↦52.094489336013794),(Vehicles5↦86.52629852294922)}"
      },
      "probabilisticVariables": null,
      "activating": [
        "SLOWER_21"
      ],
      "activatingOnlyWhenExecuted": true,
      "updating": null,
      "withPredicate": null
    },
    {
      "id": "SLOWER_21",
      "execute": "SLOWER",
      "after": "1000",
      "priority": 0,
      "additionalGuards": null,
      "activationKind": null,
      "fixedVariables": {
        "Crash": "FALSE",
        "VehiclesAy": "{(EgoVehicle↦0.0),(Vehicles2↦0.0),(Vehicles3↦0.0),(Vehicles4↦0.0),(Vehicles5↦0.0)}",
        "Reward": "0.7333333333644968",
        "VehiclesAx": "{(EgoVehicle↦0.0),(Vehicles2↦0.07001638412475586),(Vehicles3↦-0.022112131118774414),(Vehicles4↦0.018491670489311218),(Vehicles5↦0.07654957473278046)}",
        "VehiclesVx": "{(EgoVehicle↦20.0),(Vehicles2↦-1.4098162949085236),(Vehicles3↦0.7205881178379059),(Vehicles4↦1.1723889410495758),(Vehicles5↦-0.9197996556758881)}",
        "VehiclesY": "{(EgoVehicle↦8.000000238418579),(Vehicles2↦-8.000000238418579),(Vehicles3↦0.0),(Vehicles4↦-4.0000001192092896),(Vehicles5↦-8.000000238418579)}",
        "VehiclesVy": "{(EgoVehicle↦0.0),(Vehicles2↦0.0),(Vehicles3↦0.0),(Vehicles4↦0.0),(Vehicles5↦0.0)}",
        "VehiclesX": "{(EgoVehicle↦200.0),(Vehicles2↦31.674733757972717),(Vehicles3↦34.31495130062103),(Vehicles4↦53.255873918533325),(Vehicles5↦85.56104302406311)}"
      },
      "probabilisticVariables": null,
      "activating": [
        "SLOWER_22"
      ],
      "activatingOnlyWhenExecuted": true,
      "updating": null,
      "withPredicate": null
    },
    {
      "id": "SLOWER_22",
      "execute": "SLOWER",
      "after": "1000",
      "priority": 0,
      "additionalGuards": null,
      "activationKind": null,
      "fixedVariables": {
        "Crash": "FALSE",
        "VehiclesAy": "{(EgoVehicle↦0.0),(Vehicles2↦0.0),(Vehicles3↦0.0),(Vehicles4↦0.0),(Vehicles5↦0.0)}",
        "Reward": "0.7333333333374371",
        "VehiclesAx": "{(EgoVehicle↦0.0),(Vehicles2↦0.06809502840042114),(Vehicles3↦-0.020777806639671326),(Vehicles4↦0.01745276153087616),(Vehicles5↦0.07099568843841553)}",
        "VehiclesVx": "{(EgoVehicle↦20.0),(Vehicles2↦-1.3417212665081024),(Vehicles3↦0.6998103111982346),(Vehicles4↦1.189841702580452),(Vehicles5↦-0.8488039672374725)}",
        "VehiclesY": "{(EgoVehicle↦8.000000238418579),(Vehicles2↦-8.000000238418579),(Vehicles3↦0.0),(Vehicles4↦-4.0000001192092896),(Vehicles5↦-8.000000238418579)}",
        "VehiclesVy": "{(EgoVehicle↦0.0),(Vehicles2↦0.0),(Vehicles3↦0.0),(Vehicles4↦0.0),(Vehicles5↦0.0)}",
        "VehiclesX": "{(EgoVehicle↦200.0),(Vehicles2↦30.292320251464844),(Vehicles3↦35.027122497558594),(Vehicles4↦54.4353187084198),(Vehicles5↦84.67005491256714)}"
      },
      "probabilisticVariables": null,
      "activating": [
        "SLOWER_23"
      ],
      "activatingOnlyWhenExecuted": true,
      "updating": null,
      "withPredicate": null
    },
    {
      "id": "SLOWER_23",
      "execute": "SLOWER",
      "after": "1000",
      "priority": 0,
      "additionalGuards": null,
      "activationKind": null,
      "fixedVariables": {
        "Crash": "FALSE",
        "VehiclesAy": "{(EgoVehicle↦0.0),(Vehicles2↦0.0),(Vehicles3↦0.0),(Vehicles4↦0.0),(Vehicles5↦0.0)}",
        "Reward": "0.7333333333338738",
        "VehiclesAx": "{(EgoVehicle↦0.0),(Vehicles2↦0.0659489631652832),(Vehicles3↦-0.019434913992881775),(Vehicles4↦0.016505345702171326),(Vehicles5↦0.0661170482635498)}",
        "VehiclesVx": "{(EgoVehicle↦20.0),(Vehicles2↦-1.2757723033428192),(Vehicles3↦0.6803753972053528),(Vehicles4↦1.2063470482826233),(Vehicles5↦-0.7826869189739227)}",
        "VehiclesY": "{(EgoVehicle↦8.000000238418579),(Vehicles2↦-8.000000238418579),(Vehicles3↦0.0),(Vehicles4↦-4.0000001192092896),(Vehicles5↦-8.000000238418579)}",
        "VehiclesVy": "{(EgoVehicle↦0.0),(Vehicles2↦0.0),(Vehicles3↦0.0),(Vehicles4↦0.0),(Vehicles5↦0.0)}",
        "VehiclesX": "{(EgoVehicle↦200.0),(Vehicles2↦28.977155685424805),(Vehicles3↦35.71905195713043),(Vehicles4↦55.631840229034424),(Vehicles5↦83.84806513786316)}"
      },
      "probabilisticVariables": null,
      "activating": [
        "IDLE_24"
      ],
      "activatingOnlyWhenExecuted": true,
      "updating": null,
      "withPredicate": null
    },
    {
      "id": "IDLE_24",
      "execute": "IDLE",
      "after": "1000",
      "priority": 0,
      "additionalGuards": null,
      "activationKind": null,
      "fixedVariables": {
        "Crash": "FALSE",
        "VehiclesAy": "{(EgoVehicle↦0.0),(Vehicles2↦0.0),(Vehicles3↦0.0),(Vehicles4↦0.0),(Vehicles5↦0.0)}",
        "Reward": "0.7333333333334044",
        "VehiclesAx": "{(EgoVehicle↦0.0),(Vehicles2↦0.06368190050125122),(Vehicles3↦-0.018086805939674377),(Vehicles4↦0.015636831521987915),(Vehicles5↦0.06180077791213989)}",
        "VehiclesVx": "{(EgoVehicle↦20.0),(Vehicles2↦-1.212090402841568),(Vehicles3↦0.6622885912656784),(Vehicles4↦1.2219838798046112),(Vehicles5↦-0.7208861410617828)}",
        "VehiclesY": "{(EgoVehicle↦8.000000238418579),(Vehicles2↦-8.000000238418579),(Vehicles3↦0.0),(Vehicles4↦-4.0000001192092896),(Vehicles5↦-8.000000238418579)}",
        "VehiclesVy": "{(EgoVehicle↦0.0),(Vehicles2↦0.0),(Vehicles3↦0.0),(Vehicles4↦0.0),(Vehicles5↦0.0)}",
        "VehiclesX": "{(EgoVehicle↦200.0),(Vehicles2↦27.727040648460388),(Vehicles3↦36.39208376407623),(Vehicles4↦56.8445086479187),(Vehicles5↦83.09042453765869)}"
      },
      "probabilisticVariables": null,
      "activating": [
        "IDLE_25"
      ],
      "activatingOnlyWhenExecuted": true,
      "updating": null,
      "withPredicate": null
    },
    {
      "id": "IDLE_25",
      "execute": "IDLE",
      "after": "1000",
      "priority": 0,
      "additionalGuards": null,
      "activationKind": null,
      "fixedVariables": {
        "Crash": "FALSE",
        "VehiclesAy": "{(EgoVehicle↦0.0),(Vehicles2↦0.0),(Vehicles3↦0.0),(Vehicles4↦0.0),(Vehicles5↦0.0)}",
        "Reward": "0.7333333333333427",
        "VehiclesAx": "{(EgoVehicle↦0.0),(Vehicles2↦0.061367154121398926),(Vehicles3↦-0.01673869788646698),(Vehicles4↦0.01483723521232605),(Vehicles5↦0.05795702338218689)}",
        "VehiclesVx": "{(EgoVehicle↦20.0),(Vehicles2↦-1.150723248720169),(Vehicles3↦0.6455498933792114),(Vehicles4↦1.2368211150169373),(Vehicles5↦-0.662929117679596)}",
        "VehiclesY": "{(EgoVehicle↦8.000000238418579),(Vehicles2↦-8.000000238418579),(Vehicles3↦0.0),(Vehicles4↦-4.0000001192092896),(Vehicles5↦-8.000000238418579)}",
        "VehiclesVy": "{(EgoVehicle↦0.0),(Vehicles2↦0.0),(Vehicles3↦0.0),(Vehicles4↦0.0),(Vehicles5↦0.0)}",
        "VehiclesX": "{(EgoVehicle↦200.0),(Vehicles2↦26.53968334197998),(Vehicles3↦37.04756796360016),(Vehicles4↦58.0724835395813),(Vehicles5↦82.39300847053528)}"
      },
      "probabilisticVariables": null,
      "activating": [
        "IDLE_26"
      ],
      "activatingOnlyWhenExecuted": true,
      "updating": null,
      "withPredicate": null
    },
    {
      "id": "IDLE_26",
      "execute": "IDLE",
      "after": "1000",
      "priority": 0,
      "additionalGuards": null,
      "activationKind": null,
      "fixedVariables": {
        "Crash": "FALSE",
        "VehiclesAy": "{(EgoVehicle↦0.0),(Vehicles2↦0.0),(Vehicles3↦0.0),(Vehicles4↦0.0),(Vehicles5↦0.0)}",
        "Reward": "0.7333333333333346",
        "VehiclesAx": "{(EgoVehicle↦0.0),(Vehicles2↦0.059055835008621216),(Vehicles3↦-0.015396848320960999),(Vehicles4↦0.014098584651947021),(Vehicles5↦0.05451329052448273)}",
        "VehiclesVx": "{(EgoVehicle↦20.0),(Vehicles2↦-1.0916674137115479),(Vehicles3↦0.6301530450582504),(Vehicles4↦1.2509196996688843),(Vehicles5↦-0.6084158271551132)}",
        "VehiclesY": "{(EgoVehicle↦8.000000238418579),(Vehicles2↦-8.000000238418579),(Vehicles3↦0.0),(Vehicles4↦-4.0000001192092896),(Vehicles5↦-8.000000238418579)}",
        "VehiclesVy": "{(EgoVehicle↦0.0),(Vehicles2↦0.0),(Vehicles3↦0.0),(Vehicles4↦0.0),(Vehicles5↦0.0)}",
        "VehiclesX": "{(EgoVehicle↦200.0),(Vehicles2↦25.41276514530182),(Vehicles3↦37.68685162067413),(Vehicles4↦59.31500196456909),(Vehicles5↦81.75215125083923)}"
      },
      "probabilisticVariables": null,
      "activating": [
        "IDLE_27"
      ],
      "activatingOnlyWhenExecuted": true,
      "updating": null,
      "withPredicate": null
    },
    {
      "id": "IDLE_27",
      "execute": "IDLE",
      "after": "1000",
      "priority": 0,
      "additionalGuards": null,
      "activationKind": null,
      "fixedVariables": {
        "Crash": "FALSE",
        "VehiclesAy": "{(EgoVehicle↦0.0),(Vehicles2↦0.0),(Vehicles3↦0.0),(Vehicles4↦0.0),(Vehicles5↦0.0)}",
        "Reward": "0.7333333333333335",
        "VehiclesAx": "{(EgoVehicle↦0.0),(Vehicles2↦0.056782886385917664),(Vehicles3↦-0.014067515730857849),(Vehicles4↦0.013414472341537476),(Vehicles5↦0.05141124129295349)}",
        "VehiclesVx": "{(EgoVehicle↦20.0),(Vehicles2↦-1.0348845273256302),(Vehicles3↦0.6160855293273926),(Vehicles4↦1.2643341720104218),(Vehicles5↦-0.5570045858621597)}",
        "VehiclesY": "{(EgoVehicle↦8.000000238418579),(Vehicles2↦-8.000000238418579),(Vehicles3↦0.0),(Vehicles4↦-4.0000001192092896),(Vehicles5↦-8.000000238418579)}",
        "VehiclesVy": "{(EgoVehicle↦0.0),(Vehicles2↦0.0),(Vehicles3↦0.0),(Vehicles4↦0.0),(Vehicles5↦0.0)}",
        "VehiclesX": "{(EgoVehicle↦200.0),(Vehicles2↦24.34399127960205),(Vehicles3↦38.311272859573364),(Vehicles4↦60.5713427066803),(Vehicles5↦81.16453289985657)}"
      },
      "probabilisticVariables": null,
      "activating": [
        "IDLE_28"
      ],
      "activatingOnlyWhenExecuted": true,
      "updating": null,
      "withPredicate": null
    },
    {
      "id": "IDLE_28",
      "execute": "IDLE",
      "after": "1000",
      "priority": 0,
      "additionalGuards": null,
      "activationKind": null,
      "fixedVariables": {
        "Crash": "FALSE",
        "VehiclesAy": "{(EgoVehicle↦0.0),(Vehicles2↦0.0),(Vehicles3↦0.0),(Vehicles4↦0.0),(Vehicles5↦0.0)}",
        "Reward": "0.7333333333333334",
        "VehiclesAx": "{(EgoVehicle↦0.0),(Vehicles2↦0.054571330547332764),(Vehicles3↦-0.012756958603858948),(Vehicles4↦0.012779086828231812),(Vehicles5↦0.04860319197177887)}",
        "VehiclesVx": "{(EgoVehicle↦20.0),(Vehicles2↦-0.9803131967782974),(Vehicles3↦0.6033285707235336),(Vehicles4↦1.2771132588386536),(Vehicles5↦-0.5084013938903809)}",
        "VehiclesY": "{(EgoVehicle↦8.000000238418579),(Vehicles2↦-8.000000238418579),(Vehicles3↦0.0),(Vehicles4↦-4.0000001192092896),(Vehicles5↦-8.000000238418579)}",
        "VehiclesVy": "{(EgoVehicle↦0.0),(Vehicles2↦0.0),(Vehicles3↦0.0),(Vehicles4↦0.0),(Vehicles5↦0.0)}",
        "VehiclesX": "{(EgoVehicle↦200.0),(Vehicles2↦23.331108689308167),(Vehicles3↦38.92215192317963),(Vehicles4↦61.84083819389343),(Vehicles5↦80.62718510627747)}"
      },
      "probabilisticVariables": null,
      "activating": [
        "IDLE_29"
      ],
      "activatingOnlyWhenExecuted": true,
      "updating": null,
      "withPredicate": null
    },
    {
      "id": "IDLE_29",
      "execute": "IDLE",
      "after": "1000",
      "priority": 0,
      "additionalGuards": null,
      "activationKind": null,
      "fixedVariables": {
        "Crash": "FALSE",
        "VehiclesAy": "{(EgoVehicle↦0.0),(Vehicles2↦0.0),(Vehicles3↦0.0),(Vehicles4↦0.0),(Vehicles5↦0.0)}",
        "Reward": "0.7333333333333334",
        "VehiclesAx": "{(EgoVehicle↦0.0),(Vehicles2↦0.052435994148254395),(Vehicles3↦-0.01147102564573288),(Vehicles4↦0.012188106775283813),(Vehicles5↦0.04604991525411606)}",
        "VehiclesVx": "{(EgoVehicle↦20.0),(Vehicles2↦-0.927877202630043),(Vehicles3↦0.5918575450778008),(Vehicles4↦1.2893013656139374),(Vehicles5↦-0.4623514786362648)}",
        "VehiclesY": "{(EgoVehicle↦8.000000238418579),(Vehicles2↦-8.000000238418579),(Vehicles3↦0.0),(Vehicles4↦-4.0000001192092896),(Vehicles5↦-8.000000238418579)}",
        "VehiclesVy": "{(EgoVehicle↦0.0),(Vehicles2↦0.0),(Vehicles3↦0.0),(Vehicles4↦0.0),(Vehicles5↦0.0)}",
        "VehiclesX": "{(EgoVehicle↦200.0),(Vehicles2↦22.371937334537506),(Vehicles3↦39.52079117298126),(Vehicles4↦63.12286853790283),(Vehicles5↦80.13739585876465)}"
      },
      "probabilisticVariables": null,
      "activating": [
        "IDLE_30"
      ],
      "activatingOnlyWhenExecuted": true,
      "updating": null,
      "withPredicate": null
    },
    {
      "id": "IDLE_30",
      "execute": "IDLE",
      "after": "1000",
      "priority": 0,
      "additionalGuards": null,
      "activationKind": null,
      "fixedVariables": {
        "Crash": "FALSE",
        "VehiclesAy": "{(EgoVehicle↦0.0),(Vehicles2↦0.0),(Vehicles3↦0.0),(Vehicles4↦0.0),(Vehicles5↦0.0)}",
        "Reward": "0.7333333333333334",
        "VehiclesAx": "{(EgoVehicle↦0.0),(Vehicles2↦0.05038537085056305),(Vehicles3↦-0.010214932262897491),(Vehicles4↦0.011637359857559204),(Vehicles5↦0.043718889355659485)}",
        "VehiclesVx": "{(EgoVehicle↦20.0),(Vehicles2↦-0.87749183177948),(Vehicles3↦0.5816426128149033),(Vehicles4↦1.3009387254714966),(Vehicles5↦-0.4186325892806053)}",
        "VehiclesY": "{(EgoVehicle↦8.000000238418579),(Vehicles2↦-8.000000238418579),(Vehicles3↦0.0),(Vehicles4↦-4.0000001192092896),(Vehicles5↦-8.000000238418579)}",
        "VehiclesVy": "{(EgoVehicle↦0.0),(Vehicles2↦0.0),(Vehicles3↦0.0),(Vehicles4↦0.0),(Vehicles5↦0.0)}",
        "VehiclesX": "{(EgoVehicle↦200.0),(Vehicles2↦21.464374661445618),(Vehicles3↦40.108463168144226),(Vehicles4↦64.41686749458313),(Vehicles5↦79.69270944595337)}"
      },
      "probabilisticVariables": null,
      "activating": [
        "IDLE_31"
      ],
      "activatingOnlyWhenExecuted": true,
      "updating": null,
      "withPredicate": null
    },
    {
      "id": "IDLE_31",
      "execute": "IDLE",
      "after": "1000",
      "priority": 0,
      "additionalGuards": null,
      "activationKind": null,
      "fixedVariables": {
        "Crash": "FALSE",
        "VehiclesAy": "{(EgoVehicle↦0.0),(Vehicles2↦0.0),(Vehicles3↦0.0),(Vehicles4↦0.0),(Vehicles5↦0.0)}",
        "Reward": "0.7333333333333334",
        "VehiclesAx": "{(EgoVehicle↦0.0),(Vehicles2↦0.04842400550842285),(Vehicles3↦-0.00899340957403183),(Vehicles4↦0.011123120784759521),(Vehicles5↦0.04158280789852142)}",
        "VehiclesVx": "{(EgoVehicle↦20.0),(Vehicles2↦-0.8290678262710571),(Vehicles3↦0.5726492032408714),(Vehicles4↦1.312061846256256),(Vehicles5↦-0.3770497813820839)}",
        "VehiclesY": "{(EgoVehicle↦8.000000238418579),(Vehicles2↦-8.000000238418579),(Vehicles3↦0.0),(Vehicles4↦-4.0000001192092896),(Vehicles5↦-8.000000238418579)}",
        "VehiclesVy": "{(EgoVehicle↦0.0),(Vehicles2↦0.0),(Vehicles3↦0.0),(Vehicles4↦0.0),(Vehicles5↦0.0)}",
        "VehiclesX": "{(EgoVehicle↦200.0),(Vehicles2↦20.606406033039093),(Vehicles3↦40.686410665512085),(Vehicles4↦65.72229862213135),(Vehicles5↦79.29087281227112)}"
      },
      "probabilisticVariables": null,
      "activating": [
        "IDLE_32"
      ],
      "activatingOnlyWhenExecuted": true,
      "updating": null,
      "withPredicate": null
    },
    {
      "id": "IDLE_32",
      "execute": "IDLE",
      "after": "1000",
      "priority": 0,
      "additionalGuards": null,
      "activationKind": null,
      "fixedVariables": {
        "Crash": "FALSE",
        "VehiclesAy": "{(EgoVehicle↦0.0),(Vehicles2↦0.0),(Vehicles3↦0.0),(Vehicles4↦0.0),(Vehicles5↦0.0)}",
        "Reward": "0.7333333333333334",
        "VehiclesAx": "{(EgoVehicle↦0.0),(Vehicles2↦0.04655331373214722),(Vehicles3↦-0.007810443639755249),(Vehicles4↦0.010642558336257935),(Vehicles5↦0.0396188348531723)}",
        "VehiclesVx": "{(EgoVehicle↦20.0),(Vehicles2↦-0.7825145125389099),(Vehicles3↦0.5648387596011162),(Vehicles4↦1.322704404592514),(Vehicles5↦-0.3374309465289116)}",
        "VehiclesY": "{(EgoVehicle↦8.000000238418579),(Vehicles2↦-8.000000238418579),(Vehicles3↦0.0),(Vehicles4↦-4.0000001192092896),(Vehicles5↦-8.000000238418579)}",
        "VehiclesVy": "{(EgoVehicle↦0.0),(Vehicles2↦0.0),(Vehicles3↦0.0),(Vehicles4↦0.0),(Vehicles5↦0.0)}",
        "VehiclesX": "{(EgoVehicle↦200.0),(Vehicles2↦19.796106219291687),(Vehicles3↦41.25584363937378),(Vehicles4↦67.0386552810669),(Vehicles5↦78.92982363700867)}"
      },
      "probabilisticVariables": null,
      "activating": [
        "IDLE_33"
      ],
      "activatingOnlyWhenExecuted": true,
      "updating": null,
      "withPredicate": null
    },
    {
      "id": "IDLE_33",
      "execute": "IDLE",
      "after": "1000",
      "priority": 0,
      "additionalGuards": null,
      "activationKind": null,
      "fixedVariables": {
        "Crash": "FALSE",
        "VehiclesAy": "{(EgoVehicle↦0.0),(Vehicles2↦0.0),(Vehicles3↦0.0),(Vehicles4↦0.0),(Vehicles5↦0.0)}",
        "Reward": "0.7333333333333334",
        "VehiclesAx": "{(EgoVehicle↦0.0),(Vehicles2↦0.04477269947528839),(Vehicles3↦-0.006669387221336365),(Vehicles4↦0.010192692279815674),(Vehicles5↦0.03780750557780266)}",
        "VehiclesVx": "{(EgoVehicle↦20.0),(Vehicles2↦-0.7377418130636215),(Vehicles3↦0.5581693723797798),(Vehicles4↦1.3328970968723297),(Vehicles5↦-0.29962344095110893)}",
        "VehiclesY": "{(EgoVehicle↦8.000000238418579),(Vehicles2↦-8.000000238418579),(Vehicles3↦0.0),(Vehicles4↦-4.0000001192092896),(Vehicles5↦-8.000000238418579)}",
        "VehiclesVy": "{(EgoVehicle↦0.0),(Vehicles2↦0.0),(Vehicles3↦0.0),(Vehicles4↦0.0),(Vehicles5↦0.0)}",
        "VehiclesX": "{(EgoVehicle↦200.0),(Vehicles2↦19.031639397144318),(Vehicles3↦41.81792438030243),(Vehicles4↦68.36546659469604),(Vehicles5↦78.6076545715332)}"
      },
      "probabilisticVariables": null,
      "activating": [
        "IDLE_34"
      ],
      "activatingOnlyWhenExecuted": true,
      "updating": null,
      "withPredicate": null
    },
    {
      "id": "IDLE_34",
      "execute": "IDLE",
      "after": "1000",
      "priority": 0,
      "additionalGuards": null,
      "activationKind": null,
      "fixedVariables": {
        "Crash": "FALSE",
        "VehiclesAy": "{(EgoVehicle↦0.0),(Vehicles2↦0.0),(Vehicles3↦0.0),(Vehicles4↦0.0),(Vehicles5↦0.0)}",
        "Reward": "0.7333333333333334",
        "VehiclesAx": "{(EgoVehicle↦0.0),(Vehicles2↦0.043080076575279236),(Vehicles3↦-0.00557292252779007),(Vehicles4↦0.009771138429641724),(Vehicles5↦0.036132149398326874)}",
        "VehiclesVx": "{(EgoVehicle↦20.0),(Vehicles2↦-0.6946617364883423),(Vehicles3↦0.5525964498519897),(Vehicles4↦1.3426682353019714),(Vehicles5↦-0.26349129155278206)}",
        "VehiclesY": "{(EgoVehicle↦8.000000238418579),(Vehicles2↦-8.000000238418579),(Vehicles3↦0.0),(Vehicles4↦-4.0000001192092896),(Vehicles5↦-8.000000238418579)}",
        "VehiclesVy": "{(EgoVehicle↦0.0),(Vehicles2↦0.0),(Vehicles3↦0.0),(Vehicles4↦0.0),(Vehicles5↦0.0)}",
        "VehiclesX": "{(EgoVehicle↦200.0),(Vehicles2↦18.311262130737305),(Vehicles3↦42.37377941608429),(Vehicles4↦69.7023093700409),(Vehicles5↦78.32261323928833)}"
      },
      "probabilisticVariables": null,
      "activating": [
        "IDLE_35"
      ],
      "activatingOnlyWhenExecuted": true,
      "updating": null,
      "withPredicate": null
    },
    {
      "id": "IDLE_35",
      "execute": "IDLE",
      "after": "1000",
      "priority": 0,
      "additionalGuards": null,
      "activationKind": null,
      "fixedVariables": {
        "Crash": "FALSE",
        "VehiclesAy": "{(EgoVehicle↦0.0),(Vehicles2↦0.0),(Vehicles3↦0.0),(Vehicles4↦0.0),(Vehicles5↦0.0)}",
        "Reward": "0.7333333333333334",
        "VehiclesAx": "{(EgoVehicle↦0.0),(Vehicles2↦0.04147276282310486),(Vehicles3↦-0.0045232102274894714),(Vehicles4↦0.009375810623168945),(Vehicles5↦0.03457847982645035)}",
        "VehiclesVx": "{(EgoVehicle↦20.0),(Vehicles2↦-0.6531889736652374),(Vehicles3↦0.5480732396245003),(Vehicles4↦1.3520440459251404),(Vehicles5↦-0.2289128117263317)}",
        "VehiclesY": "{(EgoVehicle↦8.000000238418579),(Vehicles2↦-8.000000238418579),(Vehicles3↦0.0),(Vehicles4↦-4.0000001192092896),(Vehicles5↦-8.000000238418579)}",
        "VehiclesVy": "{(EgoVehicle↦0.0),(Vehicles2↦0.0),(Vehicles3↦0.0),(Vehicles4↦0.0),(Vehicles5↦0.0)}",
        "VehiclesX": "{(EgoVehicle↦200.0),(Vehicles2↦17.633314430713654),(Vehicles3↦42.924484610557556),(Vehicles4↦71.04875445365906),(Vehicles5↦78.07307243347168)}"
      },
      "probabilisticVariables": null,
      "activating": [
        "IDLE_36"
      ],
      "activatingOnlyWhenExecuted": true,
      "updating": null,
      "withPredicate": null
    },
    {
      "id": "IDLE_36",
      "execute": "IDLE",
      "after": "1000",
      "priority": 0,
      "additionalGuards": null,
      "activationKind": null,
      "fixedVariables": {
        "Crash": "FALSE",
        "VehiclesAy": "{(EgoVehicle↦0.0),(Vehicles2↦0.0),(Vehicles3↦0.0),(Vehicles4↦0.0),(Vehicles5↦0.0)}",
        "Reward": "0.7333333333333334",
        "VehiclesAx": "{(EgoVehicle↦0.0),(Vehicles2↦0.03994695842266083),(Vehicles3↦-0.0035215914249420166),(Vehicles4↦0.009004324674606323),(Vehicles5↦0.03313412889838219)}",
        "VehiclesVx": "{(EgoVehicle↦20.0),(Vehicles2↦-0.6132420152425766),(Vehicles3↦0.5445516481995583),(Vehicles4↦1.3610483705997467),(Vehicles5↦-0.19577868282794952)}",
        "VehiclesY": "{(EgoVehicle↦8.000000238418579),(Vehicles2↦-8.000000238418579),(Vehicles3↦0.0),(Vehicles4↦-4.0000001192092896),(Vehicles5↦-8.000000238418579)}",
        "VehiclesVy": "{(EgoVehicle↦0.0),(Vehicles2↦0.0),(Vehicles3↦0.0),(Vehicles4↦0.0),(Vehicles5↦0.0)}",
        "VehiclesX": "{(EgoVehicle↦200.0),(Vehicles2↦16.996222734451294),(Vehicles3↦43.47107112407684),(Vehicles4↦72.40443229675293),(Vehicles5↦77.85752415657043)}"
      },
      "probabilisticVariables": null,
      "activating": [
        "IDLE_37"
      ],
      "activatingOnlyWhenExecuted": true,
      "updating": null,
      "withPredicate": null
    },
    {
      "id": "IDLE_37",
      "execute": "IDLE",
      "after": "1000",
      "priority": 0,
      "additionalGuards": null,
      "activationKind": null,
      "fixedVariables": {
        "Crash": "FALSE",
        "VehiclesAy": "{(EgoVehicle↦0.0),(Vehicles2↦0.0),(Vehicles3↦0.0),(Vehicles4↦0.0),(Vehicles5↦0.0)}",
        "Reward": "0.7333333333333334",
        "VehiclesAx": "{(EgoVehicle↦0.0),(Vehicles2↦0.03849916160106659),(Vehicles3↦-0.002569146454334259),(Vehicles4↦0.008655339479446411),(Vehicles5↦0.031788330525159836)}",
        "VehiclesVx": "{(EgoVehicle↦20.0),(Vehicles2↦-0.57474285364151),(Vehicles3↦0.541982501745224),(Vehicles4↦1.3697037100791931),(Vehicles5↦-0.1639903523027897)}",
        "VehiclesY": "{(EgoVehicle↦8.000000238418579),(Vehicles2↦-8.000000238418579),(Vehicles3↦0.0),(Vehicles4↦-4.0000001192092896),(Vehicles5↦-8.000000238418579)}",
        "VehiclesVy": "{(EgoVehicle↦0.0),(Vehicles2↦0.0),(Vehicles3↦0.0),(Vehicles4↦0.0),(Vehicles5↦0.0)}",
        "VehiclesX": "{(EgoVehicle↦200.0),(Vehicles2↦16.398493945598602),(Vehicles3↦44.014522433280945),(Vehicles4↦73.76896739006042),(Vehicles5↦77.67456769943237)}"
      },
      "probabilisticVariables": null,
      "activating": [
        "IDLE_38"
      ],
      "activatingOnlyWhenExecuted": true,
      "updating": null,
      "withPredicate": null
    },
    {
      "id": "IDLE_38",
      "execute": "IDLE",
      "after": "1000",
      "priority": 0,
      "additionalGuards": null,
      "activationKind": null,
      "fixedVariables": {
        "Crash": "FALSE",
        "VehiclesAy": "{(EgoVehicle↦0.0),(Vehicles2↦0.0),(Vehicles3↦0.0),(Vehicles4↦0.0),(Vehicles5↦0.0)}",
        "Reward": "0.7333333333333334",
        "VehiclesAx": "{(EgoVehicle↦0.0),(Vehicles2↦0.037125349044799805),(Vehicles3↦-0.0016662850975990295),(Vehicles4↦0.00832676887512207),(Vehicles5↦0.03053167834877968)}",
        "VehiclesVx": "{(EgoVehicle↦20.0),(Vehicles2↦-0.5376175045967102),(Vehicles3↦0.540316216647625),(Vehicles4↦1.3780304789543152),(Vehicles5↦-0.13345867395401)}",
        "VehiclesY": "{(EgoVehicle↦8.000000238418579),(Vehicles2↦-8.000000238418579),(Vehicles3↦0.0),(Vehicles4↦-4.0000001192092896),(Vehicles5↦-8.000000238418579)}",
        "VehiclesVy": "{(EgoVehicle↦0.0),(Vehicles2↦0.0),(Vehicles3↦0.0),(Vehicles4↦0.0),(Vehicles5↦0.0)}",
        "VehiclesX": "{(EgoVehicle↦200.0),(Vehicles2↦15.838707983493805),(Vehicles3↦44.55576539039612),(Vehicles4↦75.1420259475708),(Vehicles5↦77.52288579940796)}"
      },
      "probabilisticVariables": null,
      "activating": [
        "IDLE_39"
      ],
      "activatingOnlyWhenExecuted": true,
      "updating": null,
      "withPredicate": null
    },
    {
      "id": "IDLE_39",
      "execute": "IDLE",
      "after": "1000",
      "priority": 0,
      "additionalGuards": null,
      "activationKind": null,
      "fixedVariables": {
        "Crash": "FALSE",
        "VehiclesAy": "{(EgoVehicle↦0.0),(Vehicles2↦0.0),(Vehicles3↦0.0),(Vehicles4↦0.0),(Vehicles5↦0.0)}",
        "Reward": "0.7333333333333334",
        "VehiclesAx": "{(EgoVehicle↦0.0),(Vehicles2↦0.035821497440338135),(Vehicles3↦-0.0008130818605422974),(Vehicles4↦0.008017569780349731),(Vehicles5↦0.029355967417359352)}",
        "VehiclesVx": "{(EgoVehicle↦20.0),(Vehicles2↦-0.5017960071563721),(Vehicles3↦0.5395031347870827),(Vehicles4↦1.386048048734665),(Vehicles5↦-0.10410270653665066)}",
        "VehiclesY": "{(EgoVehicle↦8.000000238418579),(Vehicles2↦-8.000000238418579),(Vehicles3↦0.0),(Vehicles4↦-4.0000001192092896),(Vehicles5↦-8.000000238418579)}",
        "VehiclesVy": "{(EgoVehicle↦0.0),(Vehicles2↦0.0),(Vehicles3↦0.0),(Vehicles4↦0.0),(Vehicles5↦0.0)}",
        "VehiclesX": "{(EgoVehicle↦200.0),(Vehicles2↦15.315520763397217),(Vehicles3↦45.095691084861755),(Vehicles4↦76.52329206466675),(Vehicles5↦77.40126252174377)}"
      },
      "probabilisticVariables": null,
      "activating": [
        "FASTER_40"
      ],
      "activatingOnlyWhenExecuted": true,
      "updating": null,
      "withPredicate": null
    },
    {
      "id": "FASTER_40",
      "execute": "FASTER",
      "after": "1000",
      "priority": 0,
      "additionalGuards": null,
      "activationKind": null,
      "fixedVariables": {
        "Crash": "FALSE",
        "VehiclesAy": "{(EgoVehicle↦0.0),(Vehicles2↦0.0),(Vehicles3↦0.0),(Vehicles4↦0.0),(Vehicles5↦0.0)}",
        "Reward": "0.8491083676268861",
        "VehiclesAx": "{(EgoVehicle↦4.341564178466797),(Vehicles2↦-4.306980073451996),(Vehicles3↦-4.341572858393192),(Vehicles4↦-5.803460627794266),(Vehicles5↦-2.8436867240816355)}",
        "VehiclesVx": "{(EgoVehicle↦24.341564178466797),(Vehicles2↦-4.808776080608368),(Vehicles3↦-3.8020697236061096),(Vehicles4↦-4.417412579059601),(Vehicles5↦-2.947789430618286)}",
        "VehiclesY": "{(EgoVehicle↦8.000000238418579),(Vehicles2↦-8.000000238418579),(Vehicles3↦0.0),(Vehicles4↦-8.000000238418579),(Vehicles5↦-4.0000001192092896)}",
        "VehiclesVy": "{(EgoVehicle↦0.0),(Vehicles2↦0.0),(Vehicles3↦0.0),(Vehicles4↦0.0),(Vehicles5↦0.0)}",
        "VehiclesX": "{(EgoVehicle↦200.0),(Vehicles2↦12.432592362165451),(Vehicles3↦43.24006736278534),(Vehicles4↦74.91348385810852),(Vehicles5↦75.5173921585083)}"
      },
      "probabilisticVariables": null,
      "activating": [
        "IDLE_41"
      ],
      "activatingOnlyWhenExecuted": true,
      "updating": null,
      "withPredicate": null
    },
    {
      "id": "IDLE_41",
      "execute": "IDLE",
      "after": "1000",
      "priority": 0,
      "additionalGuards": null,
      "activationKind": null,
      "fixedVariables": {
        "Crash": "FALSE",
        "VehiclesAy": "{(EgoVehicle↦0.0),(Vehicles2↦0.0),(Vehicles3↦0.0),(Vehicles4↦0.0),(Vehicles5↦0.0)}",
        "Reward": "0.864354462677889",
        "VehiclesAx": "{(EgoVehicle↦0.5717277526855469),(Vehicles2↦-0.5383202433586121),(Vehicles3↦-0.5709823966026306),(Vehicles4↦-0.5445095896720886),(Vehicles5↦-0.5642774701118469)}",
        "VehiclesVx": "{(EgoVehicle↦24.913291931152344),(Vehicles2↦-5.34709632396698),(Vehicles3↦-4.37305212020874),(Vehicles4↦-4.9619221687316895),(Vehicles5↦-3.512066900730133)}",
        "VehiclesY": "{(EgoVehicle↦8.000000238418579),(Vehicles2↦-8.000000238418579),(Vehicles3↦0.0),(Vehicles4↦-8.000000238418579),(Vehicles5↦-4.0000001192092896)}",
        "VehiclesVy": "{(EgoVehicle↦0.0),(Vehicles2↦0.0),(Vehicles3↦0.0),(Vehicles4↦0.0),(Vehicles5↦0.0)}",
        "VehiclesX": "{(EgoVehicle↦200.0),(Vehicles2↦7.321872562170029),(Vehicles3↦39.12283778190613),(Vehicles4↦70.19163966178894),(Vehicles5↦72.25720286369324)}"
      },
      "probabilisticVariables": null,
      "activating": [
        "IDLE_42"
      ],
      "activatingOnlyWhenExecuted": true,
      "updating": null,
      "withPredicate": null
    },
    {
      "id": "IDLE_42",
      "execute": "IDLE",
      "after": "1000",
      "priority": 0,
      "additionalGuards": null,
      "activationKind": null,
      "fixedVariables": {
        "Crash": "FALSE",
        "VehiclesAy": "{(EgoVehicle↦0.0),(Vehicles2↦0.0),(Vehicles3↦0.0),(Vehicles4↦0.0),(Vehicles5↦0.0)}",
        "Reward": "0.8663621788985972",
        "VehiclesAx": "{(EgoVehicle↦0.07529020309448242),(Vehicles2↦-0.04299759864807129),(Vehicles3↦-0.07383525371551514),(Vehicles4↦-0.049043893814086914),(Vehicles5↦-0.06809771060943604)}",
        "VehiclesVx": "{(EgoVehicle↦24.988582134246826),(Vehicles2↦-5.390093922615051),(Vehicles3↦-4.446887373924255),(Vehicles4↦-5.010966062545776),(Vehicles5↦-3.580164611339569)}",
        "VehiclesY": "{(EgoVehicle↦8.000000238418579),(Vehicles2↦-8.000000238418579),(Vehicles3↦0.0),(Vehicles4↦-8.000000238418579),(Vehicles5↦-4.0000001192092896)}",
        "VehiclesVy": "{(EgoVehicle↦0.0),(Vehicles2↦0.0),(Vehicles3↦0.0),(Vehicles4↦0.0),(Vehicles5↦0.0)}",
        "VehiclesX": "{(EgoVehicle↦200.0),(Vehicles2↦1.94624625146389),(Vehicles3↦34.70878005027771),(Vehicles4↦65.19875526428223),(Vehicles5↦68.70650053024292)}"
      },
      "probabilisticVariables": null,
      "activating": [
        "LANE_LEFT_43"
      ],
      "activatingOnlyWhenExecuted": true,
      "updating": null,
      "withPredicate": null
    },
    {
      "id": "LANE_LEFT_43",
      "execute": "LANE_LEFT",
      "after": "1000",
      "priority": 0,
      "additionalGuards": null,
      "activationKind": null,
      "fixedVariables": {
        "Crash": "FALSE",
        "VehiclesAy": "{(EgoVehicle↦-1.0794205218553543),(Vehicles2↦1.0794205218553543),(Vehicles3↦1.0794205218553543),(Vehicles4↦1.0794205218553543),(Vehicles5↦1.0794205218553543)}",
        "Reward": "0.8326714962546505",
        "VehiclesAx": "{(EgoVehicle↦-0.013401508331298828),(Vehicles2↦0.044631361961364746),(Vehicles3↦0.015515685081481934),(Vehicles4↦0.03872960805892944),(Vehicles5↦0.020347237586975098)}",
        "VehiclesVx": "{(EgoVehicle↦24.975180625915527),(Vehicles2↦-5.3454625606536865),(Vehicles3↦-4.431371688842773),(Vehicles4↦-4.972236454486847),(Vehicles5↦-3.559817373752594)}",
        "VehiclesY": "{(EgoVehicle↦4.339951157569885),(Vehicles2↦-4.339951157569885),(Vehicles3↦3.660048723220825),(Vehicles4↦-4.339951157569885),(Vehicles5↦-0.33995117247104645)}",
        "VehiclesVy": "{(EgoVehicle↦-1.0794205218553543),(Vehicles2↦1.0794205218553543),(Vehicles3↦1.0794205218553543),(Vehicles4↦1.0794205218553543),(Vehicles5↦1.0794205218553543)}",
        "VehiclesX": "{(EgoVehicle↦200.0),(Vehicles2↦-3.1168829649686813),(Vehicles3↦30.577075481414795),(Vehicles4↦60.51238179206848),(Vehicles5↦65.44352173805237)}"
      },
      "probabilisticVariables": null,
      "activating": [
        "IDLE_44"
      ],
      "activatingOnlyWhenExecuted": true,
      "updating": null,
      "withPredicate": null
    },
    {
      "id": "IDLE_44",
      "execute": "IDLE",
      "after": "1000",
      "priority": 0,
      "additionalGuards": null,
      "activationKind": null,
      "fixedVariables": {
        "Crash": "FALSE",
        "VehiclesAy": "{(EgoVehicle↦1.0413166671060026),(Vehicles2↦-1.0413166671060026),(Vehicles3↦-1.0413166671060026),(Vehicles4↦-1.0413166671060026),(Vehicles5↦1.117524376604706)}",
        "Reward": "0.8333272786943144",
        "VehiclesAx": "{(EgoVehicle↦0.024592876434326172),(Vehicles2↦0.005629062652587891),(Vehicles3↦-0.02186030149459839),(Vehicles4↦-0.00012814998626708984),(Vehicles5↦-0.017876923084259033)}",
        "VehiclesVx": "{(EgoVehicle↦24.999773502349854),(Vehicles2↦-5.339833498001099),(Vehicles3↦-4.453231990337372),(Vehicles4↦-4.972364604473114),(Vehicles5↦-3.577694296836853)}",
        "VehiclesY": "{(EgoVehicle↦4.011497497558594),(Vehicles2↦-4.011497497558594),(Vehicles3↦3.9885027408599854),(Vehicles4↦-4.011497497558594),(Vehicles5↦-0.011497337836772203)}",
        "VehiclesVy": "{(EgoVehicle↦-0.03810385474935174),(Vehicles2↦0.03810385474935174),(Vehicles3↦0.03810385474935174),(Vehicles4↦0.03810385474935174),(Vehicles5↦0.03810385474935174)}",
        "VehiclesX": "{(EgoVehicle↦200.0),(Vehicles2↦-8.470507711172104),(Vehicles3↦26.126420497894287),(Vehicles4↦55.52967190742493),(Vehicles5↦61.86608076095581)}"
      },
      "probabilisticVariables": null,
      "activating": [
        "SLOWER_45"
      ],
      "activatingOnlyWhenExecuted": true,
      "updating": null,
      "withPredicate": null
    },
    {
      "id": "SLOWER_45",
      "execute": "SLOWER",
      "after": "1000",
      "priority": 0,
      "additionalGuards": null,
      "activationKind": null,
      "fixedVariables": {
        "Crash": "FALSE",
        "VehiclesAy": "{(EgoVehicle↦0.03653570791357197),(Vehicles2↦-0.03653570791357197),(Vehicles3↦-0.03653570791357197),(Vehicles4↦-0.03653570791357197),(Vehicles5↦0.03967200158513151)}",
        "Reward": "0.7175576021066336",
        "VehiclesAx": "{(EgoVehicle↦-4.341363906860352),(Vehicles2↦5.231268545612693),(Vehicles3↦3.845876529812813),(Vehicles4↦5.742528811097145),(Vehicles5↦3.4944596234709024)}",
        "VehiclesVx": "{(EgoVehicle↦20.658409595489502),(Vehicles2↦-0.1085649523884058),(Vehicles3↦-0.607355460524559),(Vehicles4↦0.7701642066240311),(Vehicles5↦-0.08323467336595058)}",
        "VehiclesY": "{(EgoVehicle↦4.0005422830581665),(Vehicles2↦3.9994579553604126),(Vehicles3↦-4.0005422830581665),(Vehicles4↦-0.0005421303649200127),(Vehicles5↦3.9994579553604126)}",
        "VehiclesVy": "{(EgoVehicle↦-0.0015681468357797712),(Vehicles2↦0.0015681468357797712),(Vehicles3↦0.0015681468357797712),(Vehicles4↦0.0015681468357797712),(Vehicles5↦0.0015681468357797712)}",
        "VehiclesX": "{(EgoVehicle↦200.0),(Vehicles2↦24.06940758228302),(Vehicles3↦52.96177268028259),(Vehicles4↦60.68594455718994),(Vehicles5↦86.61025166511536)}"
      },
      "probabilisticVariables": null,
      "activating": [
        "IDLE_46"
      ],
      "activatingOnlyWhenExecuted": true,
      "updating": null,
      "withPredicate": null
    },
    {
      "id": "IDLE_46",
      "execute": "IDLE",
      "after": "1000",
      "priority": 0,
      "additionalGuards": null,
      "activationKind": null,
      "fixedVariables": {
        "Crash": "FALSE",
        "VehiclesAy": "{(EgoVehicle↦0.001471933883294696),(Vehicles2↦-0.001471933883294696),(Vehicles3↦-0.001471933883294696),(Vehicles4↦-0.001471933883294696),(Vehicles5↦0.0016643597882648464)}",
        "Reward": "0.7023121124144346",
        "VehiclesAx": "{(EgoVehicle↦-0.5717062950134277),(Vehicles2↦0.5755408946424723),(Vehicles3↦0.5945790349505842),(Vehicles4↦0.5779942125082016),(Vehicles5↦0.581951541826129)}",
        "VehiclesVx": "{(EgoVehicle↦20.086703300476074),(Vehicles2↦0.46697594225406647),(Vehicles3↦-0.012776425573974848),(Vehicles4↦1.3481584191322327),(Vehicles5↦0.4987168684601784)}",
        "VehiclesY": "{(EgoVehicle↦4.000033020973206),(Vehicles2↦3.999966859817505),(Vehicles3↦-4.000033020973206),(Vehicles4↦-3.315760841360316E-05),(Vehicles5↦3.999966859817505)}",
        "VehiclesVy": "{(EgoVehicle↦-9.621295248507522E-05),(Vehicles2↦9.621295248507522E-05),(Vehicles3↦9.621295248507522E-05),(Vehicles4↦9.621295248507522E-05),(Vehicles5↦9.621295248507522E-05)}",
        "VehiclesX": "{(EgoVehicle↦200.0),(Vehicles2↦24.27772283554077),(Vehicles3↦52.67900824546814),(Vehicles4↦61.77402138710022),(Vehicles5↦86.84649467468262)}"
      },
      "probabilisticVariables": null,
      "activating": [
        "IDLE_47"
      ],
      "activatingOnlyWhenExecuted": true,
      "updating": null,
      "withPredicate": null
    },
    {
      "id": "IDLE_47",
      "execute": "IDLE",
      "after": "1000",
      "priority": 0,
      "additionalGuards": null,
      "activationKind": null,
      "fixedVariables": {
        "Crash": "FALSE",
        "VehiclesAy": "{(EgoVehicle↦9.023415088904585E-05),(Vehicles2↦-9.023415088904585E-05),(Vehicles3↦-9.023415088904585E-05),(Vehicles4↦-9.023415088904585E-05),(Vehicles5↦0.00010219175408110459)}",
        "Reward": "0.700304475709682",
        "VehiclesAx": "{(EgoVehicle↦-0.07528543472290039),(Vehicles2↦0.079612135887146),(Vehicles3↦0.09742713766172528),(Vehicles4↦0.08137837052345276),(Vehicles5↦0.08558765053749084)}",
        "VehiclesVx": "{(EgoVehicle↦20.011417865753174),(Vehicles2↦0.5465880781412125),(Vehicles3↦0.08465071208775043),(Vehicles4↦1.4295367896556854),(Vehicles5↦0.5843045189976692)}",
        "VehiclesY": "{(EgoVehicle↦4.000001907348633),(Vehicles2↦3.9999979734420776),(Vehicles3↦-4.000001907348633),(Vehicles4↦-2.0587628455359663E-06),(Vehicles5↦3.9999979734420776)}",
        "VehiclesVy": "{(EgoVehicle↦-5.9788015960293706E-06),(Vehicles2↦5.9788015960293706E-06),(Vehicles3↦5.9788015960293706E-06),(Vehicles4↦5.9788015960293706E-06),(Vehicles5↦5.9788015960293706E-06)}",
        "VehiclesX": "{(EgoVehicle↦200.0),(Vehicles2↦24.78792369365692),(Vehicles3↦52.71667838096619),(Vehicles4↦63.166165351867676),(Vehicles5↦87.39085793495178)}"
      },
      "probabilisticVariables": null,
      "activating": [
        "LANE_RIGHT_48"
      ],
      "activatingOnlyWhenExecuted": true,
      "updating": null,
      "withPredicate": null
    },
    {
      "id": "LANE_RIGHT_48",
      "execute": "LANE_RIGHT",
      "after": "1000",
      "priority": 0,
      "additionalGuards": null,
      "activationKind": null,
      "fixedVariables": {
        "Crash": "FALSE",
        "VehiclesAy": "{(EgoVehicle↦1.1460752968577026),(Vehicles2↦-1.1460752968577026),(Vehicles3↦-1.1460752968577026),(Vehicles4↦-1.1460752968577026),(Vehicles5↦-1.1460633392545105)}",
        "Reward": "0.7333333333333334",
        "VehiclesAx": "{(EgoVehicle↦-0.042775869369506836),(Vehicles2↦0.04755385220050812),(Vehicles3↦0.06422183476388454),(Vehicles4↦0.04868149757385254),(Vehicles5↦0.05311604589223862)}",
        "VehiclesVx": "{(EgoVehicle↦19.968641996383667),(Vehicles2↦0.5941419303417206),(Vehicles3↦0.14887254685163498),(Vehicles4↦1.478218287229538),(Vehicles5↦0.6374205648899078)}",
        "VehiclesY": "{(EgoVehicle↦7.6036176681518555),(Vehicles2↦0.3963821232318878),(Vehicles3↦-7.6036176681518555),(Vehicles4↦-3.6036179065704346),(Vehicles5↦0.3963821232318878)}",
        "VehiclesVy": "{(EgoVehicle↦1.1460693180561066),(Vehicles2↦-1.1460693180561066),(Vehicles3↦-1.1460693180561066),(Vehicles4↦-1.1460693180561066),(Vehicles5↦-1.1460693180561066)}",
        "VehiclesX": "{(EgoVehicle↦200.0),(Vehicles2↦25.728267431259155),(Vehicles3↦53.201842308044434),(Vehicles4↦64.98996019363403),(Vehicles5↦88.37117552757263)}"
      },
      "probabilisticVariables": null,
      "activating": [
        "IDLE_49"
      ],
      "activatingOnlyWhenExecuted": true,
      "updating": null,
      "withPredicate": null
    },
    {
      "id": "IDLE_49",
      "execute": "IDLE",
      "after": "1000",
      "priority": 0,
      "additionalGuards": null,
      "activationKind": null,
      "fixedVariables": {
        "Crash": "FALSE",
        "VehiclesAy": "{(EgoVehicle↦-1.0742541495710611),(Vehicles2↦1.0742541495710611),(Vehicles3↦1.0742541495710611),(Vehicles4↦1.0742541495710611),(Vehicles5↦-1.217884486541152)}",
        "Reward": "0.7333351751519337",
        "VehiclesAx": "{(EgoVehicle↦0.03142714500427246),(Vehicles2↦-0.02623278647661209),(Vehicles3↦-0.010640202090144157),(Vehicles4↦-0.02569735050201416),(Vehicles5↦-0.021062567830085754)}",
        "VehiclesVx": "{(EgoVehicle↦20.00006914138794),(Vehicles2↦0.5679091438651085),(Vehicles3↦0.13823234476149082),(Vehicles4↦1.4525209367275238),(Vehicles5↦0.6163579970598221)}",
        "VehiclesY": "{(EgoVehicle↦7.975273132324219),(Vehicles2↦0.024726809933781624),(Vehicles3↦-7.975273132324219),(Vehicles4↦-3.975273013114929),(Vehicles5↦0.024726809933781624)}",
        "VehiclesVy": "{(EgoVehicle↦0.07181516848504543),(Vehicles2↦-0.07181516848504543),(Vehicles3↦-0.07181516848504543),(Vehicles4↦-0.07181516848504543),(Vehicles5↦-0.07181516848504543)}",
        "VehiclesX": "{(EgoVehicle↦200.0),(Vehicles2↦26.29760205745697),(Vehicles3↦53.3322274684906),(Vehicles4↦66.44362807273865),(Vehicles5↦88.98589015007019)}"
      },
      "probabilisticVariables": null,
      "activating": [
        "IDLE_50"
      ],
      "activatingOnlyWhenExecuted": true,
      "updating": null,
      "withPredicate": null
    },
    {
      "id": "IDLE_50",
      "execute": "IDLE",
      "after": "1000",
      "priority": 0,
      "additionalGuards": null,
      "activationKind": null,
      "fixedVariables": {
        "Crash": "FALSE",
        "VehiclesAy": "{(EgoVehicle↦-0.06734662427334115),(Vehicles2↦0.06734662427334115),(Vehicles3↦0.06734662427334115),(Vehicles4↦0.06734662427334115),(Vehicles5↦-0.07628371269674972)}",
        "Reward": "0.7333340153398948",
        "VehiclesAx": "{(EgoVehicle↦-4.291534423828125E-05),(Vehicles2↦0.005618929862976074),(Vehicles3↦0.020203320309519768),(Vehicles4↦0.005605816841125488),(Vehicles5↦0.01041799783706665)}",
        "VehiclesVx": "{(EgoVehicle↦20.0000262260437),(Vehicles2↦0.5735280737280846),(Vehicles3↦0.1584356650710106),(Vehicles4↦1.4581267535686493),(Vehicles5↦0.6267759948968887)}",
        "VehiclesY": "{(EgoVehicle↦7.998461723327637),(Vehicles2↦0.0015385208535008132),(Vehicles3↦-7.998461723327637),(Vehicles4↦-3.998461604118347),(Vehicles5↦0.0015385208535008132)}",
        "VehiclesVy": "{(EgoVehicle↦0.004468544211704284),(Vehicles2↦-0.004468544211704284),(Vehicles3↦-0.004468544211704284),(Vehicles4↦-0.004468544211704284),(Vehicles5↦-0.004468544211704284)}",
        "VehiclesX": "{(EgoVehicle↦200.0),(Vehicles2↦26.86769962310791),(Vehicles3↦53.478556871414185),(Vehicles4↦67.8983747959137),(Vehicles5↦89.60638046264648)}"
      },
      "probabilisticVariables": null,
      "activating": [
        "IDLE_51"
      ],
      "activatingOnlyWhenExecuted": true,
      "updating": null,
      "withPredicate": null
    },
    {
      "id": "IDLE_51",
      "execute": "IDLE",
      "after": "1000",
      "priority": 0,
      "additionalGuards": null,
      "activationKind": null,
      "fixedVariables": {
        "Crash": "FALSE",
        "VehiclesAy": "{(EgoVehicle↦-0.004190511936030816),(Vehicles2↦0.004190511936030816),(Vehicles3↦0.004190511936030816),(Vehicles4↦0.004190511936030816),(Vehicles5↦-0.004746576487377752)}",
        "Reward": "0.7333334248463709",
        "VehiclesAx": "{(EgoVehicle↦-2.384185791015625E-05),(Vehicles2↦0.005946047604084015),(Vehicles3↦0.019585508853197098),(Vehicles4↦0.005425512790679932),(Vehicles5↦0.010394155979156494)}",
        "VehiclesVx": "{(EgoVehicle↦20.00000238418579),(Vehicles2↦0.5794741213321686),(Vehicles3↦0.1780211739242077),(Vehicles4↦1.4635522663593292),(Vehicles5↦0.6371701508760452)}",
        "VehiclesY": "{(EgoVehicle↦7.99990439414978),(Vehicles2↦9.572652925271541E-05),(Vehicles3↦-7.99990439414978),(Vehicles4↦-3.9999042749404907),(Vehicles5↦9.572652925271541E-05)}",
        "VehiclesVy": "{(EgoVehicle↦0.00027803227567346767),(Vehicles2↦-0.00027803227567346767),(Vehicles3↦-0.00027803227567346767),(Vehicles4↦-0.00027803227567346767),(Vehicles5↦-0.00027803227567346767)}",
        "VehiclesX": "{(EgoVehicle↦200.0),(Vehicles2↦27.4435818195343),(Vehicles3↦53.644877672195435),(Vehicles4↦69.35868859291077),(Vehicles5↦90.2373194694519)}"
      },
      "probabilisticVariables": null,
      "activating": [
        "IDLE_52"
      ],
      "activatingOnlyWhenExecuted": true,
      "updating": null,
      "withPredicate": null
    },
    {
      "id": "IDLE_52",
      "execute": "IDLE",
      "after": "1000",
      "priority": 0,
      "additionalGuards": null,
      "activationKind": null,
      "fixedVariables": {
        "Crash": "FALSE",
        "VehiclesAy": "{(EgoVehicle↦-0.0002607331418857939),(Vehicles2↦0.0002607331418857939),(Vehicles3↦0.0002607331418857939),(Vehicles4↦0.0002607331418857939),(Vehicles5↦-0.00029533140946114145)}",
        "Reward": "0.7333333453910199",
        "VehiclesAx": "{(EgoVehicle↦-2.384185791015625E-06),(Vehicles2↦0.006244368851184845),(Vehicles3↦0.01899823546409607),(Vehicles4↦0.005255639553070068),(Vehicles5↦0.01036129891872406)}",
        "VehiclesVx": "{(EgoVehicle↦20.0),(Vehicles2↦0.5857184901833534),(Vehicles3↦0.19701940938830376),(Vehicles4↦1.4688079059123993),(Vehicles5↦0.6475314497947693)}",
        "VehiclesY": "{(EgoVehicle↦7.999993801116943),(Vehicles2↦5.95609253650764E-06),(Vehicles3↦-7.999993801116943),(Vehicles4↦-3.9999940395355225),(Vehicles5↦5.95609253650764E-06)}",
        "VehiclesVy": "{(EgoVehicle↦1.729913378767378E-05),(Vehicles2↦-1.729913378767378E-05),(Vehicles3↦-1.729913378767378E-05),(Vehicles4↦-1.729913378767378E-05),(Vehicles5↦-1.729913378767378E-05)}",
        "VehiclesX": "{(EgoVehicle↦200.0),(Vehicles2↦28.02552878856659),(Vehicles3↦53.830546140670776),(Vehicles4↦70.82435488700867),(Vehicles5↦90.87863564491272)}"
      },
      "probabilisticVariables": null,
      "activating": [
        "IDLE_53"
      ],
      "activatingOnlyWhenExecuted": true,
      "updating": null,
      "withPredicate": null
    },
    {
      "id": "IDLE_53",
      "execute": "IDLE",
      "after": "1000",
      "priority": 0,
      "additionalGuards": null,
      "activationKind": null,
      "fixedVariables": {
        "Crash": "FALSE",
        "VehiclesAy": "{(EgoVehicle↦-1.622278375634778E-05),(Vehicles2↦1.6222783827402054E-05),(Vehicles3↦1.6222783827402054E-05),(Vehicles4↦1.6222783827402054E-05),(Vehicles5↦-1.837548374794551E-05)}",
        "Reward": "0.7333333349212023",
        "VehiclesAx": "{(EgoVehicle↦0.0),(Vehicles2↦0.006530061364173889),(Vehicles3↦0.01845400780439377),(Vehicles4↦0.005109906196594238),(Vehicles5↦0.010334476828575134)}",
        "VehiclesVx": "{(EgoVehicle↦20.0),(Vehicles2↦0.5922485515475273),(Vehicles3↦0.21547341719269753),(Vehicles4↦1.4739178121089935),(Vehicles5↦0.6578659266233444)}",
        "VehiclesY": "{(EgoVehicle↦7.999999523162842),(Vehicles2↦3.705873581338892E-07),(Vehicles3↦-7.999999523162842),(Vehicles4↦-3.999999761581421),(Vehicles5↦3.705873581338892E-07)}",
        "VehiclesVy": "{(EgoVehicle↦1.076350031326001E-06),(Vehicles2↦-1.0763499602717275E-06),(Vehicles3↦-1.0763499602717275E-06),(Vehicles4↦-1.0763499602717275E-06),(Vehicles5↦-1.0763499602717275E-06)}",
        "VehiclesX": "{(EgoVehicle↦200.0),(Vehicles2↦28.61383855342865),(Vehicles3↦54.034990072250366),(Vehicles4↦72.29521870613098),(Vehicles5↦91.53030514717102)}"
      },
      "probabilisticVariables": null,
      "activating": [
        "IDLE_54"
      ],
      "activatingOnlyWhenExecuted": true,
      "updating": null,
      "withPredicate": null
    },
    {
      "id": "IDLE_54",
      "execute": "IDLE",
      "after": "1000",
      "priority": 0,
      "additionalGuards": null,
      "activationKind": null,
      "fixedVariables": {
        "Crash": "FALSE",
        "VehiclesAy": "{(EgoVehicle↦-1.0093796731780458E-06),(Vehicles2↦1.0093796021237722E-06),(Vehicles3↦1.0093796021237722E-06),(Vehicles4↦1.0093796021237722E-06),(Vehicles5↦-1.1433203184196827E-06)}",
        "Reward": "0.7333333335424356",
        "VehiclesAx": "{(EgoVehicle↦0.0),(Vehicles2↦0.006790496408939362),(Vehicles3↦0.017936788499355316),(Vehicles4↦0.004973411560058594),(Vehicles5↦0.0103006511926651)}",
        "VehiclesVx": "{(EgoVehicle↦20.0),(Vehicles2↦0.5990390479564667),(Vehicles3↦0.23341020569205284),(Vehicles4↦1.4788912236690521),(Vehicles5↦0.6681665778160095)}",
        "VehiclesY": "{(EgoVehicle↦8.000000238418579),(Vehicles2↦2.3057899589673525E-08),(Vehicles3↦-8.000000238418579),(Vehicles4↦-4.0000001192092896),(Vehicles5↦2.3057899589673525E-08)}",
        "VehiclesVy": "{(EgoVehicle↦6.697035814795527E-08),(Vehicles2↦-6.697035814795527E-08),(Vehicles3↦-6.697035814795527E-08),(Vehicles4↦-6.697035814795527E-08),(Vehicles5↦-6.697035814795527E-08)}",
        "VehiclesX": "{(EgoVehicle↦200.0),(Vehicles2↦29.20878231525421),(Vehicles3↦54.2576789855957),(Vehicles4↦73.77113699913025),(Vehicles5↦92.19229221343994)}"
      },
      "probabilisticVariables": null,
      "activating": [
        "IDLE_55"
      ],
      "activatingOnlyWhenExecuted": true,
      "updating": null,
      "withPredicate": null
    },
    {
      "id": "IDLE_55",
      "execute": "IDLE",
      "after": "1000",
      "priority": 0,
      "additionalGuards": null,
      "activationKind": null,
      "fixedVariables": {
        "Crash": "FALSE",
        "VehiclesAy": "{(EgoVehicle↦-6.280346909193213E-08),(Vehicles2↦2.0787160437407692E-07),(Vehicles3↦6.280346909193213E-08),(Vehicles4↦6.280346909193213E-08),(Vehicles5↦-7.11372472039784E-08)}",
        "Reward": "0.7333333333608695",
        "VehiclesAx": "{(EgoVehicle↦0.0),(Vehicles2↦0.22718772292137146),(Vehicles3↦0.3726542554795742),(Vehicles4↦-1.2280379608273506),(Vehicles5↦0.8155685663223267)}",
        "VehiclesVx": "{(EgoVehicle↦20.0),(Vehicles2↦0.8262267708778381),(Vehicles3↦0.606064461171627),(Vehicles4↦0.2508532628417015),(Vehicles5↦1.4837351441383362)}",
        "VehiclesY": "{(EgoVehicle↦8.000000238418579),(Vehicles2↦-4.0000001192092896),(Vehicles3↦1.434660390486897E-09),(Vehicles4↦-8.000000238418579),(Vehicles5↦-4.0000001192092896)}",
        "VehiclesVy": "{(EgoVehicle↦4.1668890560231375E-09),(Vehicles2↦1.4090124622612166E-07),(Vehicles3↦-4.1668890560231375E-09),(Vehicles4↦-4.1668890560231375E-09),(Vehicles5↦-4.1668890560231375E-09)}",
        "VehiclesX": "{(EgoVehicle↦200.0),(Vehicles2↦-9.804587066173553),(Vehicles3↦29.81061339378357),(Vehicles4↦54.49810028076172),(Vehicles5↦75.25197267532349)}"
      },
      "probabilisticVariables": null,
      "activating": [
        "IDLE_56"
      ],
      "activatingOnlyWhenExecuted": true,
      "updating": null,
      "withPredicate": null
    },
    {
      "id": "IDLE_56",
      "execute": "IDLE",
      "after": "1000",
      "priority": 0,
      "additionalGuards": null,
      "activationKind": null,
      "fixedVariables": {
        "Crash": "FALSE",
        "VehiclesAy": "{(EgoVehicle↦-3.907629775312671E-09),(Vehicles2↦-1.3294039646893907E-07),(Vehicles3↦3.907629775312671E-09),(Vehicles4↦3.907629775312671E-09),(Vehicles5↦-4.426148336733604E-09)}",
        "Reward": "0.7333333333369595",
        "VehiclesAx": "{(EgoVehicle↦0.0),(Vehicles2↦0.03563486039638519),(Vehicles3↦0.00723622739315033),(Vehicles4↦0.01697111874818802),(Vehicles5↦0.004720836877822876)}",
        "VehiclesVx": "{(EgoVehicle↦20.0),(Vehicles2↦0.8618616312742233),(Vehicles3↦0.6133006885647774),(Vehicles4↦0.2678243815898895),(Vehicles5↦1.488455981016159)}",
        "VehiclesY": "{(EgoVehicle↦8.000000238418579),(Vehicles2↦-4.0000001192092896),(Vehicles3↦8.926459571512169E-11),(Vehicles4↦-8.000000238418579),(Vehicles5↦-4.0000001192092896)}",
        "VehiclesVy": "{(EgoVehicle↦2.5925928071046656E-10),(Vehicles2↦7.960849757182586E-09),(Vehicles3↦-2.5925928071046656E-10),(Vehicles4↦-2.5925928071046656E-10),(Vehicles5↦-2.5925928071046656E-10)}",
        "VehiclesX": "{(EgoVehicle↦200.0),(Vehicles2↦-8.963362127542496),(Vehicles3↦30.41955828666687),(Vehicles4↦54.75578308105469),(Vehicles5↦76.73760652542114)}"
      },
      "probabilisticVariables": null,
      "activating": [
        "IDLE_57"
      ],
      "activatingOnlyWhenExecuted": true,
      "updating": null,
      "withPredicate": null
    },
    {
      "id": "IDLE_57",
      "execute": "IDLE",
      "after": "1000",
      "priority": 0,
      "additionalGuards": null,
      "activationKind": null,
      "fixedVariables": {
        "Crash": "FALSE",
        "VehiclesAy": "{(EgoVehicle↦-2.431299606087123E-10),(Vehicles2↦-7.512905852991025E-09),(Vehicles3↦2.431299606087123E-10),(Vehicles4↦2.431299606087123E-10),(Vehicles5↦-2.7538860081222083E-10)}",
        "Reward": "0.7333333333338109",
        "VehiclesAx": "{(EgoVehicle↦0.0),(Vehicles2↦0.028222203254699707),(Vehicles3↦0.007424354553222656),(Vehicles4↦0.016519632190465927),(Vehicles5↦0.004603713750839233)}",
        "VehiclesVx": "{(EgoVehicle↦20.0),(Vehicles2↦0.890083834528923),(Vehicles3↦0.620725043118),(Vehicles4↦0.28434401378035545),(Vehicles5↦1.4930596947669983)}",
        "VehiclesY": "{(EgoVehicle↦8.000000238418579),(Vehicles2↦-4.0000001192092896),(Vehicles3↦5.555556015224283E-12),(Vehicles4↦-8.000000238418579),(Vehicles5↦-4.0000001192092896)}",
        "VehiclesVy": "{(EgoVehicle↦1.6129320101754274E-11),(Vehicles2↦4.4794390419156116E-10),(Vehicles3↦-1.6129320101754274E-11),(Vehicles4↦-1.6129320101754274E-11),(Vehicles5↦-1.6129320101754274E-11)}",
        "VehiclesX": "{(EgoVehicle↦200.0),(Vehicles2↦-8.08975026011467),(Vehicles3↦31.035813689231873),(Vehicles4↦55.030250549316406),(Vehicles5↦78.22791337966919)}"
      },
      "probabilisticVariables": null,
      "activating": [
        "IDLE_58"
      ],
      "activatingOnlyWhenExecuted": true,
      "updating": null,
      "withPredicate": null
    },
    {
      "id": "IDLE_58",
      "execute": "IDLE",
      "after": "1000",
      "priority": 0,
      "additionalGuards": null,
      "activationKind": null,
      "fixedVariables": {
        "Crash": "FALSE",
        "VehiclesAy": "{(EgoVehicle↦-1.511679670329613E-11),(Vehicles2↦-4.228262184824416E-10),(Vehicles3↦1.511679670329613E-11),(Vehicles4↦1.511679670329613E-11),(Vehicles5↦-1.7141843500212417E-11)}",
        "Reward": "0.7333333333333963",
        "VehiclesAx": "{(EgoVehicle↦0.0),(Vehicles2↦0.02357669174671173),(Vehicles3↦0.007591359317302704),(Vehicles4↦0.016087312251329422),(Vehicles5↦0.0044921040534973145)}",
        "VehiclesVx": "{(EgoVehicle↦20.0),(Vehicles2↦0.9136605262756348),(Vehicles3↦0.6283164024353027),(Vehicles4↦0.3004313260316849),(Vehicles5↦1.4975517988204956)}",
        "VehiclesY": "{(EgoVehicle↦8.000000238418579),(Vehicles2↦-4.0000001192092896),(Vehicles3↦3.4638958368304884E-13),(Vehicles4↦-8.000000238418579),(Vehicles5↦-4.0000001192092896)}",
        "VehiclesVy": "{(EgoVehicle↦1.0125233984581428E-12),(Vehicles2↦2.511768570911954E-11),(Vehicles3↦-1.0125233984581428E-12),(Vehicles4↦-1.0125233984581428E-12),(Vehicles5↦-1.0125233984581428E-12)}",
        "VehiclesX": "{(EgoVehicle↦200.0),(Vehicles2↦-7.18994215130806),(Vehicles3↦31.65956139564514),(Vehicles4↦55.32106161117554),(Vehicles5↦79.72277998924255)}"
      },
      "probabilisticVariables": null,
      "activating": [
        "IDLE_59"
      ],
      "activatingOnlyWhenExecuted": true,
      "updating": null,
      "withPredicate": null
    },
    {
      "id": "IDLE_59",
      "execute": "IDLE",
      "after": "1000",
      "priority": 0,
      "additionalGuards": null,
      "activationKind": null,
      "fixedVariables": {
        "Crash": "FALSE",
        "VehiclesAy": "{(EgoVehicle↦-9.592326932761353E-13),(Vehicles2↦-2.3714363805993344E-11),(Vehicles3↦9.592326932761353E-13),(Vehicles4↦9.592326932761353E-13),(Vehicles5↦-1.0658141036401503E-12)}",
        "Reward": "0.7333333333333415",
        "VehiclesAx": "{(EgoVehicle↦0.0),(Vehicles2↦0.020579248666763306),(Vehicles3↦0.0077386945486068726),(Vehicles4↦0.01567307859659195),(Vehicles5↦0.004386007785797119)}",
        "VehiclesVx": "{(EgoVehicle↦20.0),(Vehicles2↦0.9342397749423981),(Vehicles3↦0.6360550969839096),(Vehicles4↦0.3161044046282768),(Vehicles5↦1.5019378066062927)}",
        "VehiclesY": "{(EgoVehicle↦8.000000238418579),(Vehicles2↦-4.0000001192092896),(Vehicles3↦2.398081733190338E-14),(Vehicles4↦-8.000000238418579),(Vehicles5↦-4.0000001192092896)}",
        "VehiclesVy": "{(EgoVehicle↦5.3290705182007514E-14),(Vehicles2↦1.4033219031261979E-12),(Vehicles3↦-5.3290705182007514E-14),(Vehicles4↦-5.3290705182007514E-14),(Vehicles5↦-5.3290705182007514E-14)}",
        "VehiclesX": "{(EgoVehicle↦200.0),(Vehicles2↦-6.267857551574707),(Vehicles3↦32.29096233844757),(Vehicles4↦55.627793073654175),(Vehicles5↦81.22209310531616)}"
      },
      "probabilisticVariables": null,
      "activating": [
        "IDLE_60"
      ],
      "activatingOnlyWhenExecuted": true,
      "updating": null,
      "withPredicate": null
    },
    {
      "id": "IDLE_60",
      "execute": "IDLE",
      "after": "1000",
      "priority": 0,
      "additionalGuards": null,
      "activationKind": null,
      "fixedVariables": {
        "Crash": "FALSE",
        "VehiclesAy": "{(EgoVehicle↦-5.3290705182007514E-14),(Vehicles2↦-1.3145040611561853E-12),(Vehicles3↦5.3290705182007514E-14),(Vehicles4↦5.3290705182007514E-14),(Vehicles5↦-5.3290705182007514E-14)}",
        "Reward": "0.7333333333333344",
        "VehiclesAx": "{(EgoVehicle↦0.0),(Vehicles2↦0.018567368388175964),(Vehicles3↦0.007867589592933655),(Vehicles4↦0.015275850892066956),(Vehicles5↦0.004284679889678955)}",
        "VehiclesVx": "{(EgoVehicle↦20.0),(Vehicles2↦0.952807143330574),(Vehicles3↦0.6439226865768433),(Vehicles4↦0.3313802555203438),(Vehicles5↦1.5062224864959717)}",
        "VehiclesY": "{(EgoVehicle↦8.000000238418579),(Vehicles2↦-4.0000001192092896),(Vehicles3↦2.6645352591003757E-15),(Vehicles4↦-8.000000238418579),(Vehicles5↦-4.0000001192092896)}",
        "VehiclesVy": "{(EgoVehicle↦0.0),(Vehicles2↦8.881784197001252E-14),(Vehicles3↦0.0),(Vehicles4↦0.0),(Vehicles5↦0.0)}",
        "VehiclesX": "{(EgoVehicle↦200.0),(Vehicles2↦-5.326057597994804),(Vehicles3↦32.93015658855438),(Vehicles4↦55.95003962516785),(Vehicles5↦82.7257513999939)}"
      },
      "probabilisticVariables": null,
      "activating": [
        "IDLE_61"
      ],
      "activatingOnlyWhenExecuted": true,
      "updating": null,
      "withPredicate": null
    },
    {
      "id": "IDLE_61",
      "execute": "IDLE",
      "after": "1000",
      "priority": 0,
      "additionalGuards": null,
      "activationKind": null,
      "fixedVariables": {
        "Crash": "FALSE",
        "VehiclesAy": "{(EgoVehicle↦0.0),(Vehicles2↦-8.881784197001252E-14),(Vehicles3↦0.0),(Vehicles4↦0.0),(Vehicles5↦0.0)}",
        "Reward": "0.7333333333333334",
        "VehiclesAx": "{(EgoVehicle↦0.0),(Vehicles2↦0.01714959740638733),(Vehicles3↦0.007979422807693481),(Vehicles4↦0.014894716441631317),(Vehicles5↦0.004188269376754761)}",
        "VehiclesVx": "{(EgoVehicle↦20.0),(Vehicles2↦0.9699567407369614),(Vehicles3↦0.6519021093845367),(Vehicles4↦0.3462749719619751),(Vehicles5↦1.5104107558727264)}",
        "VehiclesY": "{(EgoVehicle↦8.000000238418579),(Vehicles2↦-4.0000001192092896),(Vehicles3↦2.6645352591003757E-15),(Vehicles4↦-8.000000238418579),(Vehicles5↦-4.0000001192092896)}",
        "VehiclesVy": "{(EgoVehicle↦0.0),(Vehicles2↦0.0),(Vehicles3↦0.0),(Vehicles4↦0.0),(Vehicles5↦0.0)}",
        "VehiclesX": "{(EgoVehicle↦200.0),(Vehicles2↦-4.366294294595718),(Vehicles3↦33.57726335525513),(Vehicles4↦56.287407875061035),(Vehicles5↦84.23365950584412)}"
      },
      "probabilisticVariables": null,
      "activating": null,
      "activatingOnlyWhenExecuted": true,
      "updating": null,
      "withPredicate": null
    }
  ],
  "listeners": [],
  "metadata": {
    "fileType": "Timed_Trace",
    "formatVersion": 3,
    "savedAt": "2023-08-21T06:51:47.805007Z",
    "creator": "Simulation: HYPOTHESIS_TEST; SIGNIFICANCE : 0.05, PROBABILITY : 0.95, MAX_STEPS_BEFORE_PROPERTY : 0, EXECUTIONS : 1000, PREDICATE : Crash = FALSE, ENDING_TIME : 60000, HYPOTHESIS_CHECKING_TYPE : LEFT_TAILED, CHECKING_TYPE : PREDICATE_INVARIANT",
    "proB2KernelVersion": "4.12.2",
    "proBCliVersion": "1.12.2-final",
    "modelName": "HighwayEnvironment2"
  }
}