{
  "variables": {},
  "activations": [
    {
      "id": "$setup_constants",
      "execute": "$setup_constants",
      "after": "0",
      "priority": 0,
      "additionalGuards": null,
      "activationKind": null,
      "fixedVariables": null,
      "probabilisticVariables": null,
      "activating": null,
      "activatingOnlyWhenExecuted": true,
      "updating": null,
      "withPredicate": null
    },
    {
      "id": "$initialise_machine",
      "execute": "$initialise_machine",
      "after": "0",
      "priority": 0,
      "additionalGuards": null,
      "activationKind": null,
      "fixedVariables": {
        "Crash": "FALSE",
        "VehiclesAy": "{(EgoVehicle↦0.0),(Vehicles2↦0.0),(Vehicles3↦0.0),(Vehicles4↦0.0),(Vehicles5↦0.0)}",
        "Reward": "0.0",
        "VehiclesAx": "{(EgoVehicle↦0.0),(Vehicles2↦0.0),(Vehicles3↦0.0),(Vehicles4↦0.0),(Vehicles5↦0.0)}",
        "VehiclesVx": "{(EgoVehicle↦25.0),(Vehicles2↦-2.286211848258972),(Vehicles3↦-2.56824791431427),(Vehicles4↦-1.5916948020458221),(Vehicles5↦-3.908129334449768)}",
        "VehiclesY": "{(EgoVehicle↦8.000000238418579),(Vehicles2↦0.0),(Vehicles3↦0.0),(Vehicles4↦-4.0000001192092896),(Vehicles5↦-8.000000238418579)}",
        "VehiclesVy": "{(EgoVehicle↦0.0),(Vehicles2↦0.0),(Vehicles3↦0.0),(Vehicles4↦0.0),(Vehicles5↦0.0)}",
        "VehiclesX": "{(EgoVehicle↦156.1312198638916),(Vehicles2↦22.989964485168457),(Vehicles3↦47.490713000297546),(Vehicles4↦73.55653643608093),(Vehicles5↦95.87129354476929)}"
      },
      "probabilisticVariables": null,
      "activating": [
        "LANE_LEFT_2"
      ],
      "activatingOnlyWhenExecuted": true,
      "updating": null,
      "withPredicate": null
    },
    {
      "id": "LANE_LEFT_2",
      "execute": "LANE_LEFT",
      "after": "1000",
      "priority": 0,
      "additionalGuards": null,
      "activationKind": null,
      "fixedVariables": {
        "Crash": "FALSE",
        "VehiclesAy": "{(EgoVehicle↦-1.0796338319778442),(Vehicles2↦-1.050395891070366),(Vehicles3↦1.0796338319778442),(Vehicles4↦1.0796338319778442),(Vehicles5↦1.0796338319778442)}",
        "Reward": "0.8327113850086175",
        "VehiclesAx": "{(EgoVehicle↦-0.023322105407714844),(Vehicles2↦-4.30601179599762),(Vehicles3↦-0.2709519863128662),(Vehicles4↦-1.2404121458530426),(Vehicles5↦-2.771778702735901)}",
        "VehiclesVx": "{(EgoVehicle↦24.976677894592285),(Vehicles2↦-6.592223644256592),(Vehicles3↦-2.8391999006271362),(Vehicles4↦-2.8321069478988647),(Vehicles5↦-6.679908037185669)}",
        "VehiclesY": "{(EgoVehicle↦4.34003484249115),(Vehicles2↦0.4288485646247864),(Vehicles3↦3.6599650382995605),(Vehicles4↦-0.3400348797440529),(Vehicles5↦-4.34003484249115)}",
        "VehiclesVy": "{(EgoVehicle↦-1.0796338319778442),(Vehicles2↦-1.050395891070366),(Vehicles3↦1.0796338319778442),(Vehicles4↦1.0796338319778442),(Vehicles5↦1.0796338319778442)}",
        "VehiclesX": "{(EgoVehicle↦180.81146478652954),(Vehicles2↦18.359370529651642),(Vehicles3↦45.126768946647644),(Vehicles4↦71.78838849067688),(Vehicles5↦90.77171683311462)}"
      },
      "probabilisticVariables": null,
      "activating": [
        "LANE_RIGHT_3"
      ],
      "activatingOnlyWhenExecuted": true,
      "updating": null,
      "withPredicate": null
    },
    {
      "id": "LANE_RIGHT_3",
      "execute": "LANE_RIGHT",
      "after": "1000",
      "priority": 0,
      "additionalGuards": null,
      "activationKind": null,
      "fixedVariables": {
        "Crash": "FALSE",
        "VehiclesAy": "{(EgoVehicle↦2.121664881706238),(Vehicles2↦-0.1479417085647583),(Vehicles3↦-2.121664881706238),(Vehicles4↦-2.121664881706238),(Vehicles5↦0.037602782249450684)}",
        "Reward": "0.8660873063050877",
        "VehiclesAx": "{(EgoVehicle↦0.0015950202941894531),(Vehicles2↦0.6317442655563354),(Vehicles3↦-0.6523409485816956),(Vehicles4↦-0.6528231501579285),(Vehicles5↦-0.4453444480895996)}",
        "VehiclesVx": "{(EgoVehicle↦24.978272914886475),(Vehicles2↦-5.960479378700256),(Vehicles3↦-3.491540849208832),(Vehicles4↦-3.484930098056793),(Vehicles5↦-7.1252524852752686)}",
        "VehiclesY": "{(EgoVehicle↦7.6712729930877686),(Vehicles2↦-3.6165465116500854),(Vehicles3↦0.32872673124074936),(Vehicles4↦-3.6712732315063477),(Vehicles5↦-7.6712729930877686)}",
        "VehiclesVy": "{(EgoVehicle↦1.0420310497283936),(Vehicles2↦-1.1983375996351242),(Vehicles3↦-1.0420310497283936),(Vehicles4↦-1.0420310497283936),(Vehicles5↦-1.0420310497283936)}",
        "VehiclesX": "{(EgoVehicle↦200.0),(Vehicles2↦12.341520935297012),(Vehicles3↦42.286741733551025),(Vehicles4↦68.73195171356201),(Vehicles5↦84.08626914024353)}"
      },
      "probabilisticVariables": null,
      "activating": [
        "IDLE_4"
      ],
      "activatingOnlyWhenExecuted": true,
      "updating": null,
      "withPredicate": null
    },
    {
      "id": "IDLE_4",
      "execute": "IDLE",
      "after": "1000",
      "priority": 0,
      "additionalGuards": null,
      "activationKind": null,
      "fixedVariables": {
        "Crash": "FALSE",
        "VehiclesAy": "{(EgoVehicle↦-1.0050988011062145),(Vehicles2↦1.1507781688123941),(Vehicles3↦1.0050988011062145),(Vehicles4↦1.0050988011062145),(Vehicles5↦-1.0789632983505726)}",
        "Reward": "0.8666659392043794",
        "VehiclesAx": "{(EgoVehicle↦0.02170085906982422),(Vehicles2↦0.34961163997650146),(Vehicles3↦-0.4599076509475708),(Vehicles4↦0.19386589527130127),(Vehicles5↦0.069846510887146)}",
        "VehiclesVx": "{(EgoVehicle↦24.9999737739563),(Vehicles2↦-5.610867738723755),(Vehicles3↦-3.9514485001564026),(Vehicles4↦-3.291064202785492),(Vehicles5↦-7.055405974388123)}",
        "VehiclesY": "{(EgoVehicle↦7.98885440826416),(Vehicles2↦-3.985158920288086),(Vehicles3↦0.011145851807668805),(Vehicles4↦-3.9888542890548706),(Vehicles5↦-7.98885440826416)}",
        "VehiclesVy": "{(EgoVehicle↦0.03693224862217903),(Vehicles2↦-0.047559430822730064),(Vehicles3↦-0.03693224862217903),(Vehicles4↦-0.03693224862217903),(Vehicles5↦-0.03693224862217903)}",
        "VehiclesX": "{(EgoVehicle↦200.0),(Vehicles2↦6.518065184354782),(Vehicles3↦38.58460783958435),(Vehicles4↦65.32518267631531),(Vehicles5↦76.95798873901367)}"
      },
      "probabilisticVariables": null,
      "activating": [
        "IDLE_5"
      ],
      "activatingOnlyWhenExecuted": true,
      "updating": null,
      "withPredicate": null
    },
    {
      "id": "IDLE_5",
      "execute": "IDLE",
      "after": "1000",
      "priority": 0,
      "additionalGuards": null,
      "activationKind": null,
      "fixedVariables": {
        "Crash": "FALSE",
        "VehiclesAy": "{(EgoVehicle↦-0.035760159080382437),(Vehicles2↦0.045690409460803494),(Vehicles3↦0.035760159080382437),(Vehicles4↦0.035760159080382437),(Vehicles5↦-0.038104338163975626)}",
        "Reward": "0.8666666659339767",
        "VehiclesAx": "{(EgoVehicle↦2.6226043701171875E-05),(Vehicles2↦0.2948582172393799),(Vehicles3↦-0.28410494327545166),(Vehicles4↦0.1156267523765564),(Vehicles5↦0.2454698085784912)}",
        "VehiclesVx": "{(EgoVehicle↦25.0),(Vehicles2↦-5.316009521484375),(Vehicles3↦-4.235553443431854),(Vehicles4↦-3.1754374504089355),(Vehicles5↦-6.809936165809631)}",
        "VehiclesY": "{(EgoVehicle↦7.999648332595825),(Vehicles2↦-3.999407172203064),(Vehicles3↦0.0003518991870805621),(Vehicles4↦-3.9996482133865356),(Vehicles5↦-7.999648332595825)}",
        "VehiclesVy": "{(EgoVehicle↦0.0011720895417965949),(Vehicles2↦-0.0018690213619265705),(Vehicles3↦-0.0011720895417965949),(Vehicles4↦-0.0011720895417965949),(Vehicles5↦-0.0011720895417965949)}",
        "VehiclesX": "{(EgoVehicle↦200.0),(Vehicles2↦1.030709221959114),(Vehicles3↦34.51094627380371),(Vehicles4↦62.08639740943909),(Vehicles5↦69.99536156654358)}"
      },
      "probabilisticVariables": null,
      "activating": [
        "SLOWER_6"
      ],
      "activatingOnlyWhenExecuted": true,
      "updating": null,
      "withPredicate": null
    },
    {
      "id": "SLOWER_6",
      "execute": "SLOWER",
      "after": "1000",
      "priority": 0,
      "additionalGuards": null,
      "activationKind": null,
      "fixedVariables": {
        "Crash": "FALSE",
        "VehiclesAy": "{(EgoVehicle↦-0.0011243959079365595),(Vehicles2↦0.0017769210535334423),(Vehicles3↦0.0011243959079365595),(Vehicles4↦0.0011243959079365595),(Vehicles5↦-0.0012197831756566302)}",
        "Reward": "0.7508916323716458",
        "VehiclesAx": "{(EgoVehicle↦-4.341564178466797),(Vehicles2↦4.573743715882301),(Vehicles3↦4.091480923816562),(Vehicles4↦3.8837897777557373),(Vehicles5↦4.613504558801651)}",
        "VehiclesVx": "{(EgoVehicle↦20.658435821533203),(Vehicles2↦-0.7422658056020737),(Vehicles3↦-0.14407251961529255),(Vehicles4↦0.7083523273468018),(Vehicles5↦-2.1964316070079803)}",
        "VehiclesY": "{(EgoVehicle↦7.999983787536621),(Vehicles2↦-3.9999682903289795),(Vehicles3↦1.6485861124238E-05),(Vehicles4↦-3.9999836683273315),(Vehicles5↦-7.999983787536621)}",
        "VehiclesVy": "{(EgoVehicle↦4.7693633860035334E-05),(Vehicles2↦-9.210030839312822E-05),(Vehicles3↦-4.7693633860035334E-05),(Vehicles4↦-4.7693633860035334E-05),(Vehicles5↦-4.7693633860035334E-05)}",
        "VehiclesX": "{(EgoVehicle↦200.0),(Vehicles2↦-1.7929162830114365),(Vehicles3↦32.578244805336),(Vehicles4↦61.33235692977905),(Vehicles5↦65.68966507911682)}"
      },
      "probabilisticVariables": null,
      "activating": [
        "SLOWER_7"
      ],
      "activatingOnlyWhenExecuted": true,
      "updating": null,
      "withPredicate": null
    },
    {
      "id": "SLOWER_7",
      "execute": "SLOWER",
      "after": "1000",
      "priority": 0,
      "additionalGuards": null,
      "activationKind": null,
      "fixedVariables": {
        "Crash": "FALSE",
        "VehiclesAy": "{(EgoVehicle↦-4.476814325471423E-05),(Vehicles2↦8.640518672109465E-05),(Vehicles3↦4.476814325471423E-05),(Vehicles4↦4.476814325471423E-05),(Vehicles5↦-5.0619124465356435E-05)}",
        "Reward": "0.7356455373221054",
        "VehiclesAx": "{(EgoVehicle↦-0.5717277526855469),(Vehicles2↦0.6019450444728136),(Vehicles3↦0.8517706859856844),(Vehicles4↦-0.8709129691123962),(Vehicles5↦0.8244103193283081)}",
        "VehiclesVx": "{(EgoVehicle↦20.086708068847656),(Vehicles2↦-0.14032076112926006),(Vehicles3↦0.7076981663703918),(Vehicles4↦-0.16256064176559448),(Vehicles5↦-1.3720212876796722)}",
        "VehiclesY": "{(EgoVehicle↦7.9999988079071045),(Vehicles2↦-3.9999979734420776),(Vehicles3↦1.0082025880819856E-06),(Vehicles4↦-3.9999990463256836),(Vehicles5↦-7.9999988079071045)}",
        "VehiclesVy": "{(EgoVehicle↦2.9254906053211016E-06),(Vehicles2↦-5.695121672033565E-06),(Vehicles3↦-2.9254906053211016E-06),(Vehicles4↦-2.9254906053211016E-06),(Vehicles5↦-2.9254906053211016E-06)}",
        "VehiclesX": "{(EgoVehicle↦200.0),(Vehicles2↦-2.1899566054344177),(Vehicles3↦32.82301425933838),(Vehicles4↦61.679887771606445),(Vehicles5↦63.91207575798035)}"
      },
      "probabilisticVariables": null,
      "activating": [
        "IDLE_8"
      ],
      "activatingOnlyWhenExecuted": true,
      "updating": null,
      "withPredicate": null
    },
    {
      "id": "IDLE_8",
      "execute": "IDLE",
      "after": "1000",
      "priority": 0,
      "additionalGuards": null,
      "activationKind": null,
      "fixedVariables": {
        "Crash": "FALSE",
        "VehiclesAy": "{(EgoVehicle↦-2.743697127272071E-06),(Vehicles2↦5.3396378874026595E-06),(Vehicles3↦2.743697127272071E-06),(Vehicles4↦2.743697127272071E-06),(Vehicles5↦-3.107284083370132E-06)}",
        "Reward": "0.7336378211014029",
        "VehiclesAx": "{(EgoVehicle↦-0.07529020309448242),(Vehicles2↦-0.024202419444918633),(Vehicles3↦0.3193846344947815),(Vehicles4↦-0.5652247369289398),(Vehicles5↦0.29505006968975067)}",
        "VehiclesVx": "{(EgoVehicle↦20.011417865753174),(Vehicles2↦-0.1645231805741787),(Vehicles3↦1.0270828008651733),(Vehicles4↦-0.7277853786945343),(Vehicles5↦-1.0769712179899216)}",
        "VehiclesY": "{(EgoVehicle↦8.000000238418579),(Vehicles2↦-3.999999761581421),(Vehicles3↦6.259945095621333E-08),(Vehicles4↦-3.999999761581421),(Vehicles5↦-8.000000238418579)}",
        "VehiclesVy": "{(EgoVehicle↦1.8179347804903045E-07),(Vehicles2↦-3.554837846309056E-07),(Vehicles3↦-1.8179347804903045E-07),(Vehicles4↦-1.8179347804903045E-07),(Vehicles5↦-1.8179347804903045E-07)}",
        "VehiclesX": "{(EgoVehicle↦200.0),(Vehicles2↦-2.3237962275743484),(Vehicles3↦33.68097543716431),(Vehicles4↦61.2623393535614),(Vehicles5↦62.672269344329834)}"
      },
      "probabilisticVariables": null,
      "activating": [
        "IDLE_9"
      ],
      "activatingOnlyWhenExecuted": true,
      "updating": null,
      "withPredicate": null
    },
    {
      "id": "IDLE_9",
      "execute": "IDLE",
      "after": "1000",
      "priority": 0,
      "additionalGuards": null,
      "activationKind": null,
      "fixedVariables": {
        "Crash": "FALSE",
        "VehiclesAy": "{(EgoVehicle↦-1.7048417788601E-07),(Vehicles2↦3.33135439234411E-07),(Vehicles3↦1.7048417788601E-07),(Vehicles4↦1.7048417788601E-07),(Vehicles5↦-1.931027782120509E-07)}",
        "Reward": "0.7333734304879762",
        "VehiclesAx": "{(EgoVehicle↦-0.009913444519042969),(Vehicles2↦-0.11478006839752197),(Vehicles3↦0.1432306319475174),(Vehicles4↦-0.26286400854587555),(Vehicles5↦0.19596539437770844)}",
        "VehiclesVx": "{(EgoVehicle↦20.00150442123413),(Vehicles2↦-0.27930324897170067),(Vehicles3↦1.1703134328126907),(Vehicles4↦-0.9906493872404099),(Vehicles5↦-0.8810058236122131)}",
        "VehiclesY": "{(EgoVehicle↦8.000000238418579),(Vehicles2↦-4.0000001192092896),(Vehicles3↦3.8938585689152205E-09),(Vehicles4↦-4.0000001192092896),(Vehicles5↦-8.000000238418579)}",
        "VehiclesVy": "{(EgoVehicle↦1.1309300163020453E-08),(Vehicles2↦-2.234834539649455E-08),(Vehicles3↦-1.1309300163020453E-08),(Vehicles4↦-1.1309300163020453E-08),(Vehicles5↦-1.1309300163020453E-08)}",
        "VehiclesX": "{(EgoVehicle↦200.0),(Vehicles2↦-2.5328176096081734),(Vehicles3↦34.773725271224976),(Vehicles4↦60.41034460067749),(Vehicles5↦61.67776584625244)}"
      },
      "probabilisticVariables": null,
      "activating": [
        "IDLE_10"
      ],
      "activatingOnlyWhenExecuted": true,
      "updating": null,
      "withPredicate": null
    },
    {
      "id": "IDLE_10",
      "execute": "IDLE",
      "after": "1000",
      "priority": 0,
      "additionalGuards": null,
      "activationKind": null,
      "fixedVariables": {
        "Crash": "FALSE",
        "VehiclesAy": "{(EgoVehicle↦-1.0605649691797225E-08),(Vehicles2↦2.093360151889101E-08),(Vehicles3↦1.0605649691797225E-08),(Vehicles4↦1.0605649691797225E-08),(Vehicles5↦-1.201295063424368E-08)}",
        "Reward": "0.7333386136170722",
        "VehiclesAx": "{(EgoVehicle↦-0.0013065338134765625),(Vehicles2↦-0.11022666469216347),(Vehicles3↦0.0665699690580368),(Vehicles4↦-0.07955804467201233),(Vehicles5↦0.15749491751194)}",
        "VehiclesVx": "{(EgoVehicle↦20.000197887420654),(Vehicles2↦-0.38952991366386414),(Vehicles3↦1.2368834018707275),(Vehicles4↦-1.0702074319124222),(Vehicles5↦-0.7235109061002731)}",
        "VehiclesY": "{(EgoVehicle↦8.000000238418579),(Vehicles2↦-4.0000001192092896),(Vehicles3↦2.4226753936318346E-10),(Vehicles4↦-4.0000001192092896),(Vehicles5↦-8.000000238418579)}",
        "VehiclesVy": "{(EgoVehicle↦7.036504712232272E-10),(Vehicles2↦-1.4147438776035415E-09),(Vehicles3↦-7.036504712232272E-10),(Vehicles4↦-7.036504712232272E-10),(Vehicles5↦-7.036504712232272E-10)}",
        "VehiclesX": "{(EgoVehicle↦200.0),(Vehicles2↦-2.857775054872036),(Vehicles3↦35.975050926208496),(Vehicles4↦59.37711000442505),(Vehicles5↦60.86214780807495)}"
      },
      "probabilisticVariables": null,
      "activating": [
        "IDLE_11"
      ],
      "activatingOnlyWhenExecuted": true,
      "updating": null,
      "withPredicate": null
    },
    {
      "id": "IDLE_11",
      "execute": "IDLE",
      "after": "1000",
      "priority": 0,
      "additionalGuards": null,
      "activationKind": null,
      "fixedVariables": {
        "Crash": "FALSE",
        "VehiclesAy": "{(EgoVehicle↦-6.59863275132011E-10),(Vehicles2↦1.3246470587091608E-09),(Vehicles3↦6.59863275132011E-10),(Vehicles4↦6.59863275132011E-10),(Vehicles5↦-7.474376673144434E-10)}",
        "Reward": "0.73333402867934",
        "VehiclesAx": "{(EgoVehicle↦-0.000171661376953125),(Vehicles2↦-0.08632320910692215),(Vehicles3↦0.02406895160675049),(Vehicles4↦0.02148844301700592),(Vehicles5↦0.1314493641257286)}",
        "VehiclesVx": "{(EgoVehicle↦20.0000262260437),(Vehicles2↦-0.4758531227707863),(Vehicles3↦1.260952353477478),(Vehicles4↦-1.0487189888954163),(Vehicles5↦-0.5920615419745445)}",
        "VehiclesY": "{(EgoVehicle↦8.000000238418579),(Vehicles2↦-4.0000001192092896),(Vehicles3↦1.5073275960730825E-11),(Vehicles4↦-4.0000001192092896),(Vehicles5↦-8.000000238418579)}",
        "VehiclesVy": "{(EgoVehicle↦4.3787196091216174E-11),(Vehicles2↦-9.00968188943807E-11),(Vehicles3↦-4.3787196091216174E-11),(Vehicles4↦-4.3787196091216174E-11),(Vehicles5↦-4.3787196091216174E-11)}",
        "VehiclesX": "{(EgoVehicle↦200.0),(Vehicles2↦-3.2839499413967133),(Vehicles3↦37.22412884235382),(Vehicles4↦58.309733867645264),(Vehicles5↦60.19303798675537)}"
      },
      "probabilisticVariables": null,
      "activating": [
        "IDLE_12"
      ],
      "activatingOnlyWhenExecuted": true,
      "updating": null,
      "withPredicate": null
    },
    {
      "id": "IDLE_12",
      "execute": "IDLE",
      "after": "1000",
      "priority": 0,
      "additionalGuards": null,
      "activationKind": null,
      "fixedVariables": {
        "Crash": "FALSE",
        "VehiclesAy": "{(EgoVehicle↦-4.105160655853979E-11),(Vehicles2↦8.432365916632989E-11),(Vehicles3↦4.106048834273679E-11),(Vehicles4↦4.106048834273679E-11),(Vehicles5↦-4.651390383969556E-11)}",
        "Reward": "0.7333334249015317",
        "VehiclesAx": "{(EgoVehicle↦-2.384185791015625E-05),(Vehicles2↦-0.060249678790569305),(Vehicles3↦-0.0012819468975067139),(Vehicles4↦0.07415361702442169),(Vehicles5↦0.11104386299848557)}",
        "VehiclesVx": "{(EgoVehicle↦20.00000238418579),(Vehicles2↦-0.5361028015613556),(Vehicles3↦1.2596704065799713),(Vehicles4↦-0.9745653718709946),(Vehicles5↦-0.48101767897605896)}",
        "VehiclesY": "{(EgoVehicle↦8.000000238418579),(Vehicles2↦-4.0000001192092896),(Vehicles3↦9.379164112033322E-13),(Vehicles4↦-4.0000001192092896),(Vehicles5↦-8.000000238418579)}",
        "VehiclesVy": "{(EgoVehicle↦2.7355895326763857E-12),(Vehicles2↦-5.773159728050814E-12),(Vehicles3↦-2.7267077484793845E-12),(Vehicles4↦-2.7267077484793845E-12),(Vehicles5↦-2.7267077484793845E-12)}",
        "VehiclesX": "{(EgoVehicle↦200.0),(Vehicles2↦-3.7859153002500534),(Vehicles3↦38.48612904548645),(Vehicles4↦57.287800312042236),(Vehicles5↦59.64685082435608)}"
      },
      "probabilisticVariables": null,
      "activating": [
        "IDLE_13"
      ],
      "activatingOnlyWhenExecuted": true,
      "updating": null,
      "withPredicate": null
    },
    {
      "id": "IDLE_13",
      "execute": "IDLE",
      "after": "1000",
      "priority": 0,
      "additionalGuards": null,
      "activationKind": null,
      "fixedVariables": {
        "Crash": "FALSE",
        "VehiclesAy": "{(EgoVehicle↦-2.5579538487363607E-12),(Vehicles2↦5.4001247917767614E-12),(Vehicles3↦2.5579538487363607E-12),(Vehicles4↦2.5579538487363607E-12),(Vehicles5↦-2.8954616482224083E-12)}",
        "Reward": "0.7333333453916969",
        "VehiclesAx": "{(EgoVehicle↦-2.384185791015625E-06),(Vehicles2↦-0.03687117248773575),(Vehicles3↦-0.016858205199241638),(Vehicles4↦0.09904302656650543),(Vehicles5↦0.09469330310821533)}",
        "VehiclesVx": "{(EgoVehicle↦20.0),(Vehicles2↦-0.5729739740490913),(Vehicles3↦1.2428122013807297),(Vehicles4↦-0.8755223453044891),(Vehicles5↦-0.38632437586784363)}",
        "VehiclesY": "{(EgoVehicle↦8.000000238418579),(Vehicles2↦-4.0000001192092896),(Vehicles3↦5.861977570020827E-14),(Vehicles4↦-4.0000001192092896),(Vehicles5↦-8.000000238418579)}",
        "VehiclesVy": "{(EgoVehicle↦1.7763568394002505E-13),(Vehicles2↦-3.730349362740526E-13),(Vehicles3↦-1.687538997430238E-13),(Vehicles4↦-1.687538997430238E-13),(Vehicles5↦-1.687538997430238E-13)}",
        "VehiclesX": "{(EgoVehicle↦200.0),(Vehicles2↦-4.338483884930611),(Vehicles3↦39.740028977394104),(Vehicles4↦56.35162591934204),(Vehicles5↦59.20487642288208)}"
      },
      "probabilisticVariables": null,
      "activating": [
        "IDLE_14"
      ],
      "activatingOnlyWhenExecuted": true,
      "updating": null,
      "withPredicate": null
    },
    {
      "id": "IDLE_14",
      "execute": "IDLE",
      "after": "1000",
      "priority": 0,
      "additionalGuards": null,
      "activationKind": null,
      "fixedVariables": {
        "Crash": "FALSE",
        "VehiclesAy": "{(EgoVehicle↦-1.5987211554602254E-13),(Vehicles2↦3.4638958368304884E-13),(Vehicles3↦1.509903313490213E-13),(Vehicles4↦1.509903313490213E-13),(Vehicles5↦-1.865174681370263E-13)}",
        "Reward": "0.733333334921266",
        "VehiclesAx": "{(EgoVehicle↦0.0),(Vehicles2↦-0.017461702227592468),(Vehicles3↦-0.026690661907196045),(Vehicles4↦0.10820798575878143),(Vehicles5↦0.08151451125741005)}",
        "VehiclesVx": "{(EgoVehicle↦20.0),(Vehicles2↦-0.5904356762766838),(Vehicles3↦1.2161215394735336),(Vehicles4↦-0.7673143595457077),(Vehicles5↦-0.3048098646104336)}",
        "VehiclesY": "{(EgoVehicle↦8.000000238418579),(Vehicles2↦-4.0000001192092896),(Vehicles3↦2.6645352591003757E-15),(Vehicles4↦-4.0000001192092896),(Vehicles5↦-8.000000238418579)}",
        "VehiclesVy": "{(EgoVehicle↦1.7763568394002505E-14),(Vehicles2↦-2.6645352591003757E-14),(Vehicles3↦-1.7763568394002505E-14),(Vehicles4↦-1.7763568394002505E-14),(Vehicles5↦-1.7763568394002505E-14)}",
        "VehiclesX": "{(EgoVehicle↦200.0),(Vehicles2↦-4.919831827282906),(Vehicles3↦40.972790122032166),(Vehicles4↦55.51907420158386),(Vehicles5↦58.85210633277893)}"
      },
      "probabilisticVariables": null,
      "activating": [
        "IDLE_15"
      ],
      "activatingOnlyWhenExecuted": true,
      "updating": null,
      "withPredicate": null
    },
    {
      "id": "IDLE_15",
      "execute": "IDLE",
      "after": "1000",
      "priority": 0,
      "additionalGuards": null,
      "activationKind": null,
      "fixedVariables": {
        "Crash": "FALSE",
        "VehiclesAy": "{(EgoVehicle↦-1.7763568394002505E-14),(Vehicles2↦-3.3004030585288735),(Vehicles3↦1.7763568394002505E-14),(Vehicles4↦1.7763568394002505E-14),(Vehicles5↦-1.7763568394002505E-14)}",
        "Reward": "0.7333333335424438",
        "VehiclesAx": "{(EgoVehicle↦0.0),(Vehicles2↦-0.29718246310949326),(Vehicles3↦-0.03310851752758026),(Vehicles4↦0.10871440172195435),(Vehicles5↦0.07082270458340645)}",
        "VehiclesVx": "{(EgoVehicle↦20.0),(Vehicles2↦-0.8876181393861771),(Vehicles3↦1.1830130219459534),(Vehicles4↦-0.6585999578237534),(Vehicles5↦-0.23398716002702713)}",
        "VehiclesY": "{(EgoVehicle↦8.000000238418579),(Vehicles2↦-6.8171796798706055),(Vehicles3↦0.0),(Vehicles4↦-4.0000001192092896),(Vehicles5↦-8.000000238418579)}",
        "VehiclesVy": "{(EgoVehicle↦0.0),(Vehicles2↦-3.3004030585289),(Vehicles3↦0.0),(Vehicles4↦0.0),(Vehicles5↦0.0)}",
        "VehiclesX": "{(EgoVehicle↦200.0),(Vehicles2↦-5.875566601753235),(Vehicles3↦42.176082730293274),(Vehicles4↦54.79543209075928),(Vehicles5↦58.576393127441406)}"
      },
      "probabilisticVariables": null,
      "activating": [
        "IDLE_16"
      ],
      "activatingOnlyWhenExecuted": true,
      "updating": null,
      "withPredicate": null
    },
    {
      "id": "IDLE_16",
      "execute": "IDLE",
      "after": "1000",
      "priority": 0,
      "additionalGuards": null,
      "activationKind": null,
      "fixedVariables": {
        "Crash": "FALSE",
        "VehiclesAy": "{(EgoVehicle↦0.0),(Vehicles2↦3.0733360908925533),(Vehicles3↦0.0),(Vehicles4↦0.0),(Vehicles5↦0.0)}",
        "Reward": "0.7333333333608705",
        "VehiclesAx": "{(EgoVehicle↦0.0),(Vehicles2↦0.46732600778341293),(Vehicles3↦-0.037466809153556824),(Vehicles4↦0.10469727218151093),(Vehicles5↦0.06207671016454697)}",
        "VehiclesVx": "{(EgoVehicle↦20.0),(Vehicles2↦-0.42029213160276413),(Vehicles3↦1.1455462127923965),(Vehicles4↦-0.5539026856422424),(Vehicles5↦-0.17191044986248016)}",
        "VehiclesY": "{(EgoVehicle↦8.000000238418579),(Vehicles2↦-7.921229124069214),(Vehicles3↦0.0),(Vehicles4↦-4.0000001192092896),(Vehicles5↦-8.000000238418579)}",
        "VehiclesVy": "{(EgoVehicle↦0.0),(Vehicles2↦-0.22706696763634682),(Vehicles3↦0.0),(Vehicles4↦0.0),(Vehicles5↦0.0)}",
        "VehiclesX": "{(EgoVehicle↦200.0),(Vehicles2↦-6.450275331735611),(Vehicles3↦43.34439933300018),(Vehicles4↦54.17914390563965),(Vehicles5↦58.36787223815918)}"
      },
      "probabilisticVariables": null,
      "activating": [
        "IDLE_17"
      ],
      "activatingOnlyWhenExecuted": true,
      "updating": null,
      "withPredicate": null
    },
    {
      "id": "IDLE_17",
      "execute": "IDLE",
      "after": "1000",
      "priority": 0,
      "additionalGuards": null,
      "activationKind": null,
      "fixedVariables": {
        "Crash": "FALSE",
        "VehiclesAy": "{(EgoVehicle↦0.0),(Vehicles2↦0.2123764215502888),(Vehicles3↦0.0),(Vehicles4↦0.0),(Vehicles5↦0.0)}",
        "Reward": "0.7333333333369597",
        "VehiclesAx": "{(EgoVehicle↦0.0),(Vehicles2↦0.12852739542722702),(Vehicles3↦-0.04055298864841461),(Vehicles4↦0.09854566305875778),(Vehicles5↦0.05485734902322292)}",
        "VehiclesVx": "{(EgoVehicle↦20.0),(Vehicles2↦-0.2917647361755371),(Vehicles3↦1.104993224143982),(Vehicles4↦-0.45535702258348465),(Vehicles5↦-0.11705310083925724)}",
        "VehiclesY": "{(EgoVehicle↦8.000000238418579),(Vehicles2↦-7.99491548538208),(Vehicles3↦0.0),(Vehicles4↦-4.0000001192092896),(Vehicles5↦-8.000000238418579)}",
        "VehiclesVy": "{(EgoVehicle↦0.0),(Vehicles2↦-0.01469054608605802),(Vehicles3↦0.0),(Vehicles4↦0.0),(Vehicles5↦0.0)}",
        "VehiclesX": "{(EgoVehicle↦200.0),(Vehicles2↦-6.814030557870865),(Vehicles3↦44.473934173583984),(Vehicles4↦53.665196895599365),(Vehicles5↦58.21843147277832)}"
      },
      "probabilisticVariables": null,
      "activating": [
        "IDLE_18"
      ],
      "activatingOnlyWhenExecuted": true,
      "updating": null,
      "withPredicate": null
    },
    {
      "id": "IDLE_18",
      "execute": "IDLE",
      "after": "1000",
      "priority": 0,
      "additionalGuards": null,
      "activationKind": null,
      "fixedVariables": {
        "Crash": "FALSE",
        "VehiclesAy": "{(EgoVehicle↦0.0),(Vehicles2↦0.013751058868365362),(Vehicles3↦0.0),(Vehicles4↦0.0),(Vehicles5↦0.0)}",
        "Reward": "0.7333333333338109",
        "VehiclesAx": "{(EgoVehicle↦0.0),(Vehicles2↦0.08215272799134254),(Vehicles3↦-0.04282243549823761),(Vehicles4↦0.09160585701465607),(Vehicles5↦0.04884365480393171)}",
        "VehiclesVx": "{(EgoVehicle↦20.0),(Vehicles2↦-0.20961200818419456),(Vehicles3↦1.0621707886457443),(Vehicles4↦-0.3637511655688286),(Vehicles5↦-0.06820944603532553)}",
        "VehiclesY": "{(EgoVehicle↦8.000000238418579),(Vehicles2↦-7.999675512313843),(Vehicles3↦0.0),(Vehicles4↦-4.0000001192092896),(Vehicles5↦-8.000000238418579)}",
        "VehiclesVy": "{(EgoVehicle↦0.0),(Vehicles2↦-0.0009394872176926583),(Vehicles3↦0.0),(Vehicles4↦0.0),(Vehicles5↦0.0)}",
        "VehiclesX": "{(EgoVehicle↦200.0),(Vehicles2↦-7.070164382457733),(Vehicles3↦45.561954379081726),(Vehicles4↦53.24705243110657),(Vehicles5↦58.12135338783264)}"
      },
      "probabilisticVariables": null,
      "activating": [
        "FASTER_19"
      ],
      "activatingOnlyWhenExecuted": true,
      "updating": null,
      "withPredicate": null
    },
    {
      "id": "FASTER_19",
      "execute": "FASTER",
      "after": "1000",
      "priority": 0,
      "additionalGuards": null,
      "activationKind": null,
      "fixedVariables": {
        "Crash": "FALSE",
        "VehiclesAy": "{(EgoVehicle↦0.0),(Vehicles2↦0.0008798505632512388),(Vehicles3↦0.0),(Vehicles4↦0.0),(Vehicles5↦0.0)}",
        "Reward": "0.8491083676269491",
        "VehiclesAx": "{(EgoVehicle↦4.341564178466797),(Vehicles2↦-4.2865958251059055),(Vehicles3↦-4.3861012905836105),(Vehicles4↦-4.256956167519093),(Vehicles5↦-4.2977732652798295)}",
        "VehiclesVx": "{(EgoVehicle↦24.341564178466797),(Vehicles2↦-4.4962078332901),(Vehicles3↦-3.323930501937866),(Vehicles4↦-4.620707333087921),(Vehicles5↦-4.365982711315155)}",
        "VehiclesY": "{(EgoVehicle↦8.000000238418579),(Vehicles2↦-7.999979496002197),(Vehicles3↦0.0),(Vehicles4↦-4.0000001192092896),(Vehicles5↦-8.000000238418579)}",
        "VehiclesVy": "{(EgoVehicle↦0.0),(Vehicles2↦-5.963665444141952E-05),(Vehicles3↦0.0),(Vehicles4↦0.0),(Vehicles5↦0.0)}",
        "VehiclesX": "{(EgoVehicle↦200.0),(Vehicles2↦-9.651197493076324),(Vehicles3↦44.21136677265167),(Vehicles4↦50.52263140678406),(Vehicles5↦55.67597150802612)}"
      },
      "probabilisticVariables": null,
      "activating": [
        "IDLE_20"
      ],
      "activatingOnlyWhenExecuted": true,
      "updating": null,
      "withPredicate": null
    },
    {
      "id": "IDLE_20",
      "execute": "IDLE",
      "after": "1000",
      "priority": 0,
      "additionalGuards": null,
      "activationKind": null,
      "fixedVariables": {
        "Crash": "FALSE",
        "VehiclesAy": "{(EgoVehicle↦0.0),(Vehicles2↦5.963665444141952E-05),(Vehicles3↦0.0),(Vehicles4↦0.0),(Vehicles5↦0.0)}",
        "Reward": "0.8643544626778974",
        "VehiclesAx": "{(EgoVehicle↦0.5717277526855469),(Vehicles2↦0.5546998977661133),(Vehicles3↦-1.7905843257904053),(Vehicles4↦-0.2774941921234131),(Vehicles5↦-0.12198001146316528)}",
        "VehiclesVx": "{(EgoVehicle↦24.913291931152344),(Vehicles2↦-3.941507935523987),(Vehicles3↦-5.1145148277282715),(Vehicles4↦-4.898201525211334),(Vehicles5↦-4.48796272277832)}",
        "VehiclesY": "{(EgoVehicle↦8.000000238418579),(Vehicles2↦0.0),(Vehicles3↦-4.0000001192092896),(Vehicles4↦-8.000000238418579),(Vehicles5↦-4.0000001192092896)}",
        "VehiclesVy": "{(EgoVehicle↦0.0),(Vehicles2↦0.0),(Vehicles3↦0.0),(Vehicles4↦0.0),(Vehicles5↦0.0)}",
        "VehiclesX": "{(EgoVehicle↦200.0),(Vehicles2↦40.55379033088684),(Vehicles3↦45.61820924282074),(Vehicles4↦51.01071000099182),(Vehicles5↦102.71811485290527)}"
      },
      "probabilisticVariables": null,
      "activating": [
        "SLOWER_21"
      ],
      "activatingOnlyWhenExecuted": true,
      "updating": null,
      "withPredicate": null
    },
    {
      "id": "SLOWER_21",
      "execute": "SLOWER",
      "after": "1000",
      "priority": 0,
      "additionalGuards": null,
      "activationKind": null,
      "fixedVariables": {
        "Crash": "FALSE",
        "VehiclesAy": "{(EgoVehicle↦0.0),(Vehicles2↦0.0),(Vehicles3↦0.0),(Vehicles4↦0.0),(Vehicles5↦0.0)}",
        "Reward": "0.7505871446050455",
        "VehiclesAx": "{(EgoVehicle↦-4.2662739753723145),(Vehicles2↦4.219433180987835),(Vehicles3↦4.337987974286079),(Vehicles4↦4.302130527794361),(Vehicles5↦4.30828832089901)}",
        "VehiclesVx": "{(EgoVehicle↦20.64701795578003),(Vehicles2↦0.2779252454638481),(Vehicles3↦-0.7765268534421921),(Vehicles4↦-0.5960709974169731),(Vehicles5↦-0.1796744018793106)}",
        "VehiclesY": "{(EgoVehicle↦8.000000238418579),(Vehicles2↦0.0),(Vehicles3↦-4.0000001192092896),(Vehicles4↦-8.000000238418579),(Vehicles5↦-4.0000001192092896)}",
        "VehiclesVy": "{(EgoVehicle↦0.0),(Vehicles2↦0.0),(Vehicles3↦0.0),(Vehicles4↦0.0),(Vehicles5↦0.0)}",
        "VehiclesX": "{(EgoVehicle↦200.0),(Vehicles2↦38.94714117050171),(Vehicles3↦42.88638234138489),(Vehicles4↦48.480647802352905),(Vehicles5↦100.60087442398071)}"
      },
      "probabilisticVariables": null,
      "activating": [
        "IDLE_22"
      ],
      "activatingOnlyWhenExecuted": true,
      "updating": null,
      "withPredicate": null
    },
    {
      "id": "IDLE_22",
      "execute": "IDLE",
      "after": "1000",
      "priority": 0,
      "additionalGuards": null,
      "activationKind": null,
      "fixedVariables": {
        "Crash": "FALSE",
        "VehiclesAy": "{(EgoVehicle↦0.0),(Vehicles2↦0.0),(Vehicles3↦0.0),(Vehicles4↦0.0),(Vehicles5↦0.0)}",
        "Reward": "0.7356054401674683",
        "VehiclesAx": "{(EgoVehicle↦-0.5618143081665039),(Vehicles2↦0.5142517015337944),(Vehicles3↦0.6278519798070192),(Vehicles4↦0.5945306636567693),(Vehicles5↦0.5994248017668724)}",
        "VehiclesVx": "{(EgoVehicle↦20.085203647613525),(Vehicles2↦0.7921769469976425),(Vehicles3↦-0.14867487363517284),(Vehicles4↦-0.0015403337602037936),(Vehicles5↦0.4197503998875618)}",
        "VehiclesY": "{(EgoVehicle↦8.000000238418579),(Vehicles2↦0.0),(Vehicles3↦-4.0000001192092896),(Vehicles4↦-8.000000238418579),(Vehicles5↦-4.0000001192092896)}",
        "VehiclesVy": "{(EgoVehicle↦0.0),(Vehicles2↦0.0),(Vehicles3↦0.0),(Vehicles4↦0.0),(Vehicles5↦0.0)}",
        "VehiclesX": "{(EgoVehicle↦200.0),(Vehicles2↦39.51601684093475),(Vehicles3↦42.44663417339325),(Vehicles4↦48.20782542228699),(Vehicles5↦100.74648857116699)}"
      },
      "probabilisticVariables": null,
      "activating": [
        "IDLE_23"
      ],
      "activatingOnlyWhenExecuted": true,
      "updating": null,
      "withPredicate": null
    },
    {
      "id": "IDLE_23",
      "execute": "IDLE",
      "after": "1000",
      "priority": 0,
      "additionalGuards": null,
      "activationKind": null,
      "fixedVariables": {
        "Crash": "FALSE",
        "VehiclesAy": "{(EgoVehicle↦0.0),(Vehicles2↦0.0),(Vehicles3↦0.0),(Vehicles4↦0.0),(Vehicles5↦0.0)}",
        "Reward": "0.7336325408176639",
        "VehiclesAx": "{(EgoVehicle↦-0.07398366928100586),(Vehicles2↦0.02594597637653351),(Vehicles3↦0.13487432501278818),(Vehicles4↦0.10398593803984113),(Vehicles5↦0.10780222713947296)}",
        "VehiclesVx": "{(EgoVehicle↦20.01121997833252),(Vehicles2↦0.818122923374176),(Vehicles3↦-0.013800548622384667),(Vehicles4↦0.10244560427963734),(Vehicles5↦0.5275526270270348)}",
        "VehiclesY": "{(EgoVehicle↦8.000000238418579),(Vehicles2↦0.0),(Vehicles3↦-4.0000001192092896),(Vehicles4↦-8.000000238418579),(Vehicles5↦-4.0000001192092896)}",
        "VehiclesVy": "{(EgoVehicle↦0.0),(Vehicles2↦0.0),(Vehicles3↦0.0),(Vehicles4↦0.0),(Vehicles5↦0.0)}",
        "VehiclesX": "{(EgoVehicle↦200.0),(Vehicles2↦40.32982289791107),(Vehicles3↦42.363521456718445),(Vehicles4↦48.259299993515015),(Vehicles5↦101.22087001800537)}"
      },
      "probabilisticVariables": null,
      "activating": [
        "IDLE_24"
      ],
      "activatingOnlyWhenExecuted": true,
      "updating": null,
      "withPredicate": null
    },
    {
      "id": "IDLE_24",
      "execute": "IDLE",
      "after": "1000",
      "priority": 0,
      "additionalGuards": null,
      "activationKind": null,
      "fixedVariables": {
        "Crash": "FALSE",
        "VehiclesAy": "{(EgoVehicle↦0.0),(Vehicles2↦0.0),(Vehicles3↦0.0),(Vehicles4↦0.0),(Vehicles5↦0.0)}",
        "Reward": "0.7333727351419695",
        "VehiclesAx": "{(EgoVehicle↦-0.009741783142089844),(Vehicles2↦-0.03853932023048401),(Vehicles3↦0.0659807410556823),(Vehicles4↦0.03738445229828358),(Vehicles5↦0.04026699811220169)}",
        "VehiclesVx": "{(EgoVehicle↦20.00147819519043),(Vehicles2↦0.779583603143692),(Vehicles3↦0.052180192433297634),(Vehicles4↦0.1398300565779209),(Vehicles5↦0.5678196251392365)}",
        "VehiclesY": "{(EgoVehicle↦8.000000238418579),(Vehicles2↦0.0),(Vehicles3↦-4.0000001192092896),(Vehicles4↦-8.000000238418579),(Vehicles5↦-4.0000001192092896)}",
        "VehiclesVy": "{(EgoVehicle↦0.0),(Vehicles2↦0.0),(Vehicles3↦0.0),(Vehicles4↦0.0),(Vehicles5↦0.0)}",
        "VehiclesX": "{(EgoVehicle↦200.0),(Vehicles2↦41.13401770591736),(Vehicles3↦42.37794280052185),(Vehicles4↦48.37835431098938),(Vehicles5↦101.7662525177002)}"
      },
      "probabilisticVariables": null,
      "activating": [
        "IDLE_25"
      ],
      "activatingOnlyWhenExecuted": true,
      "updating": null,
      "withPredicate": null
    },
    {
      "id": "IDLE_25",
      "execute": "IDLE",
      "after": "1000",
      "priority": 0,
      "additionalGuards": null,
      "activationKind": null,
      "fixedVariables": {
        "Crash": "FALSE",
        "VehiclesAy": "{(EgoVehicle↦0.0),(Vehicles2↦0.0),(Vehicles3↦0.0),(Vehicles4↦0.0),(Vehicles5↦0.0)}",
        "Reward": "0.7333385220488738",
        "VehiclesAx": "{(EgoVehicle↦-0.0012826919555664062),(Vehicles2↦-0.04701942205429077),(Vehicles3↦0.05331896711140871),(Vehicles4↦0.026861466467380524),(Vehicles5↦0.028924942016601562)}",
        "VehiclesVx": "{(EgoVehicle↦20.000195503234863),(Vehicles2↦0.7325641810894012),(Vehicles3↦0.10549915954470634),(Vehicles4↦0.16669152304530144),(Vehicles5↦0.596744567155838)}",
        "VehiclesY": "{(EgoVehicle↦8.000000238418579),(Vehicles2↦0.0),(Vehicles3↦-4.0000001192092896),(Vehicles4↦-8.000000238418579),(Vehicles5↦-4.0000001192092896)}",
        "VehiclesVy": "{(EgoVehicle↦0.0),(Vehicles2↦0.0),(Vehicles3↦0.0),(Vehicles4↦0.0),(Vehicles5↦0.0)}",
        "VehiclesX": "{(EgoVehicle↦200.0),(Vehicles2↦41.894981265068054),(Vehicles3↦42.45196580886841),(Vehicles4↦48.52927923202515),(Vehicles5↦102.34605073928833)}"
      },
      "probabilisticVariables": null,
      "activating": [
        "IDLE_26"
      ],
      "activatingOnlyWhenExecuted": true,
      "updating": null,
      "withPredicate": null
    },
    {
      "id": "IDLE_26",
      "execute": "IDLE",
      "after": "1000",
      "priority": 0,
      "additionalGuards": null,
      "activationKind": null,
      "fixedVariables": {
        "Crash": "FALSE",
        "VehiclesAy": "{(EgoVehicle↦0.0),(Vehicles2↦0.0),(Vehicles3↦0.0),(Vehicles4↦0.0),(Vehicles5↦0.0)}",
        "Reward": "0.7333340166209766",
        "VehiclesAx": "{(EgoVehicle↦-0.00016927719116210938),(Vehicles2↦-0.5786585528403521),(Vehicles3↦0.579130370169878),(Vehicles4↦0.023935288190841675),(Vehicles5↦0.025273561477661133)}",
        "VehiclesVx": "{(EgoVehicle↦20.0000262260437),(Vehicles2↦0.1539056282490492),(Vehicles3↦0.6846295297145844),(Vehicles4↦0.1906268112361431),(Vehicles5↦0.6220181286334991)}",
        "VehiclesY": "{(EgoVehicle↦8.000000238418579),(Vehicles2↦-4.0000001192092896),(Vehicles3↦0.0),(Vehicles4↦-8.000000238418579),(Vehicles5↦-4.0000001192092896)}",
        "VehiclesVy": "{(EgoVehicle↦0.0),(Vehicles2↦0.0),(Vehicles3↦0.0),(Vehicles4↦0.0),(Vehicles5↦0.0)}",
        "VehiclesX": "{(EgoVehicle↦200.0),(Vehicles2↦42.577141523361206),(Vehicles3↦42.60837137699127),(Vehicles4↦48.705706000328064),(Vehicles5↦102.95312404632568)}"
      },
      "probabilisticVariables": null,
      "activating": [
        "IDLE_27"
      ],
      "activatingOnlyWhenExecuted": true,
      "updating": null,
      "withPredicate": null
    },
    {
      "id": "IDLE_27",
      "execute": "IDLE",
      "after": "1000",
      "priority": 0,
      "additionalGuards": null,
      "activationKind": null,
      "fixedVariables": {
        "Crash": "FALSE",
        "VehiclesAy": "{(EgoVehicle↦0.0),(Vehicles2↦0.0),(Vehicles3↦0.0),(Vehicles4↦0.0),(Vehicles5↦0.0)}",
        "Reward": "0.733333423313599",
        "VehiclesAx": "{(EgoVehicle↦-2.384185791015625E-05),(Vehicles2↦0.04482000134885311),(Vehicles3↦-0.04766732454299927),(Vehicles4↦0.022189952433109283),(Vehicles5↦0.0228814035654068)}",
        "VehiclesVx": "{(EgoVehicle↦20.00000238418579),(Vehicles2↦0.1987256295979023),(Vehicles3↦0.6369622051715851),(Vehicles4↦0.2128167636692524),(Vehicles5↦0.644899532198906)}",
        "VehiclesY": "{(EgoVehicle↦8.000000238418579),(Vehicles2↦-4.0000001192092896),(Vehicles3↦0.0),(Vehicles4↦-8.000000238418579),(Vehicles5↦-4.0000001192092896)}",
        "VehiclesVy": "{(EgoVehicle↦0.0),(Vehicles2↦0.0),(Vehicles3↦0.0),(Vehicles4↦0.0),(Vehicles5↦0.0)}",
        "VehiclesX": "{(EgoVehicle↦200.0),(Vehicles2↦42.74924099445343),(Vehicles3↦43.27389597892761),(Vehicles4↦48.90533089637756),(Vehicles5↦103.58446836471558)}"
      },
      "probabilisticVariables": null,
      "activating": [
        "IDLE_28"
      ],
      "activatingOnlyWhenExecuted": true,
      "updating": null,
      "withPredicate": null
    },
    {
      "id": "IDLE_28",
      "execute": "IDLE",
      "after": "1000",
      "priority": 0,
      "additionalGuards": null,
      "activationKind": null,
      "fixedVariables": {
        "Crash": "FALSE",
        "VehiclesAy": "{(EgoVehicle↦0.0),(Vehicles2↦0.0),(Vehicles3↦0.0),(Vehicles4↦0.0),(Vehicles5↦0.0)}",
        "Reward": "0.7333333451825864",
        "VehiclesAx": "{(EgoVehicle↦-2.384185791015625E-06),(Vehicles2↦0.041678547859191895),(Vehicles3↦-0.047061704099178314),(Vehicles4↦0.02075444906949997),(Vehicles5↦0.020865872502326965)}",
        "VehiclesVx": "{(EgoVehicle↦20.0),(Vehicles2↦0.2404041774570942),(Vehicles3↦0.5899005010724068),(Vehicles4↦0.23357121273875237),(Vehicles5↦0.6657654047012329)}",
        "VehiclesY": "{(EgoVehicle↦8.000000238418579),(Vehicles2↦-4.0000001192092896),(Vehicles3↦0.0),(Vehicles4↦-8.000000238418579),(Vehicles5↦-4.0000001192092896)}",
        "VehiclesVy": "{(EgoVehicle↦0.0),(Vehicles2↦0.0),(Vehicles3↦0.0),(Vehicles4↦0.0),(Vehicles5↦0.0)}",
        "VehiclesX": "{(EgoVehicle↦200.0),(Vehicles2↦42.9648756980896),(Vehicles3↦43.89197528362274),(Vehicles4↦49.126556515693665),(Vehicles5↦104.23786640167236)}"
      },
      "probabilisticVariables": null,
      "activating": [
        "IDLE_29"
      ],
      "activatingOnlyWhenExecuted": true,
      "updating": null,
      "withPredicate": null
    },
    {
      "id": "IDLE_29",
      "execute": "IDLE",
      "after": "1000",
      "priority": 0,
      "additionalGuards": null,
      "activationKind": null,
      "fixedVariables": {
        "Crash": "FALSE",
        "VehiclesAy": "{(EgoVehicle↦0.0),(Vehicles2↦0.0),(Vehicles3↦0.0),(Vehicles4↦0.0),(Vehicles5↦0.0)}",
        "Reward": "0.7333333348937289",
        "VehiclesAx": "{(EgoVehicle↦0.0),(Vehicles2↦0.038835033774375916),(Vehicles3↦-0.046234168112277985),(Vehicles4↦0.01949246972799301),(Vehicles5↦0.019081979990005493)}",
        "VehiclesVx": "{(EgoVehicle↦20.0),(Vehicles2↦0.2792392112314701),(Vehicles3↦0.5436663329601288),(Vehicles4↦0.2530636824667454),(Vehicles5↦0.6848473846912384)}",
        "VehiclesY": "{(EgoVehicle↦8.000000238418579),(Vehicles2↦-4.0000001192092896),(Vehicles3↦0.0),(Vehicles4↦-8.000000238418579),(Vehicles5↦-4.0000001192092896)}",
        "VehiclesVy": "{(EgoVehicle↦0.0),(Vehicles2↦0.0),(Vehicles3↦0.0),(Vehicles4↦0.0),(Vehicles5↦0.0)}",
        "VehiclesX": "{(EgoVehicle↦200.0),(Vehicles2↦43.22102963924408),(Vehicles3↦44.46330964565277),(Vehicles4↦49.36802089214325),(Vehicles5↦104.91139888763428)}"
      },
      "probabilisticVariables": null,
      "activating": [
        "IDLE_30"
      ],
      "activatingOnlyWhenExecuted": true,
      "updating": null,
      "withPredicate": null
    },
    {
      "id": "IDLE_30",
      "execute": "IDLE",
      "after": "1000",
      "priority": 0,
      "additionalGuards": null,
      "activationKind": null,
      "fixedVariables": {
        "Crash": "FALSE",
        "VehiclesAy": "{(EgoVehicle↦0.0),(Vehicles2↦0.0),(Vehicles3↦0.0),(Vehicles4↦0.0),(Vehicles5↦0.0)}",
        "Reward": "0.7333333335388176",
        "VehiclesAx": "{(EgoVehicle↦0.0),(Vehicles2↦0.036242883652448654),(Vehicles3↦-0.04520680755376816),(Vehicles4↦0.018367990851402283),(Vehicles5↦0.017486363649368286)}",
        "VehiclesVx": "{(EgoVehicle↦20.0),(Vehicles2↦0.31548209488391876),(Vehicles3↦0.4984595254063606),(Vehicles4↦0.27143167331814766),(Vehicles5↦0.7023337483406067)}",
        "VehiclesY": "{(EgoVehicle↦8.000000238418579),(Vehicles2↦-4.0000001192092896),(Vehicles3↦0.0),(Vehicles4↦-8.000000238418579),(Vehicles5↦-4.0000001192092896)}",
        "VehiclesVy": "{(EgoVehicle↦0.0),(Vehicles2↦0.0),(Vehicles3↦0.0),(Vehicles4↦0.0),(Vehicles5↦0.0)}",
        "VehiclesX": "{(EgoVehicle↦200.0),(Vehicles2↦43.51496696472168),(Vehicles3↦44.98880207538605),(Vehicles4↦49.62851703166962),(Vehicles5↦105.60336112976074)}"
      },
      "probabilisticVariables": null,
      "activating": [
        "IDLE_31"
      ],
      "activatingOnlyWhenExecuted": true,
      "updating": null,
      "withPredicate": null
    },
    {
      "id": "IDLE_31",
      "execute": "IDLE",
      "after": "1000",
      "priority": 0,
      "additionalGuards": null,
      "activationKind": null,
      "fixedVariables": {
        "Crash": "FALSE",
        "VehiclesAy": "{(EgoVehicle↦0.0),(Vehicles2↦0.0),(Vehicles3↦0.0),(Vehicles4↦0.0),(Vehicles5↦0.0)}",
        "Reward": "0.733333333360393",
        "VehiclesAx": "{(EgoVehicle↦0.0),(Vehicles2↦0.03387238830327988),(Vehicles3↦-0.04399102181196213),(Vehicles4↦0.017360933125019073),(Vehicles5↦0.016053691506385803)}",
        "VehiclesVx": "{(EgoVehicle↦20.0),(Vehicles2↦0.34935448318719864),(Vehicles3↦0.4544685035943985),(Vehicles4↦0.28879260644316673),(Vehicles5↦0.7183874398469925)}",
        "VehiclesY": "{(EgoVehicle↦8.000000238418579),(Vehicles2↦-4.0000001192092896),(Vehicles3↦0.0),(Vehicles4↦-8.000000238418579),(Vehicles5↦-4.0000001192092896)}",
        "VehiclesVy": "{(EgoVehicle↦0.0),(Vehicles2↦0.0),(Vehicles3↦0.0),(Vehicles4↦0.0),(Vehicles5↦0.0)}",
        "VehiclesX": "{(EgoVehicle↦200.0),(Vehicles2↦43.844178318977356),(Vehicles3↦45.46956121921539),(Vehicles4↦49.90696907043457),(Vehicles5↦106.31221532821655)}"
      },
      "probabilisticVariables": null,
      "activating": [
        "IDLE_32"
      ],
      "activatingOnlyWhenExecuted": true,
      "updating": null,
      "withPredicate": null
    },
    {
      "id": "IDLE_32",
      "execute": "IDLE",
      "after": "1000",
      "priority": 0,
      "additionalGuards": null,
      "activationKind": null,
      "fixedVariables": {
        "Crash": "FALSE",
        "VehiclesAy": "{(EgoVehicle↦0.0),(Vehicles2↦0.0),(Vehicles3↦0.0),(Vehicles4↦0.0),(Vehicles5↦0.0)}",
        "Reward": "0.7333333333368968",
        "VehiclesAx": "{(EgoVehicle↦0.0),(Vehicles2↦0.031699128448963165),(Vehicles3↦-0.042598992586135864),(Vehicles4↦0.01645587384700775),(Vehicles5↦0.014763697981834412)}",
        "VehiclesVx": "{(EgoVehicle↦20.0),(Vehicles2↦0.3810536116361618),(Vehicles3↦0.41186951100826263),(Vehicles4↦0.3052484802901745),(Vehicles5↦0.7331511378288269)}",
        "VehiclesY": "{(EgoVehicle↦8.000000238418579),(Vehicles2↦-4.0000001192092896),(Vehicles3↦0.0),(Vehicles4↦-8.000000238418579),(Vehicles5↦-4.0000001192092896)}",
        "VehiclesVy": "{(EgoVehicle↦0.0),(Vehicles2↦0.0),(Vehicles3↦0.0),(Vehicles4↦0.0),(Vehicles5↦0.0)}",
        "VehiclesX": "{(EgoVehicle↦200.0),(Vehicles2↦44.20637786388397),(Vehicles3↦45.90687155723572),(Vehicles4↦50.20241141319275),(Vehicles5↦107.03661441802979)}"
      },
      "probabilisticVariables": null,
      "activating": [
        "IDLE_33"
      ],
      "activatingOnlyWhenExecuted": true,
      "updating": null,
      "withPredicate": null
    },
    {
      "id": "IDLE_33",
      "execute": "IDLE",
      "after": "1000",
      "priority": 0,
      "additionalGuards": null,
      "activationKind": null,
      "fixedVariables": {
        "Crash": "FALSE",
        "VehiclesAy": "{(EgoVehicle↦0.0),(Vehicles2↦0.0),(Vehicles3↦0.0),(Vehicles4↦0.0),(Vehicles5↦0.0)}",
        "Reward": "0.7333333333338027",
        "VehiclesAx": "{(EgoVehicle↦0.0),(Vehicles2↦0.029702112078666687),(Vehicles3↦-0.04104450345039368),(Vehicles4↦0.01563968136906624),(Vehicles5↦0.013599619269371033)}",
        "VehiclesVx": "{(EgoVehicle↦20.0),(Vehicles2↦0.4107557237148285),(Vehicles3↦0.37082500755786896),(Vehicles4↦0.3208881616592407),(Vehicles5↦0.7467507570981979)}",
        "VehiclesY": "{(EgoVehicle↦8.000000238418579),(Vehicles2↦-4.0000001192092896),(Vehicles3↦0.0),(Vehicles4↦-8.000000238418579),(Vehicles5↦-4.0000001192092896)}",
        "VehiclesVy": "{(EgoVehicle↦0.0),(Vehicles2↦0.0),(Vehicles3↦0.0),(Vehicles4↦0.0),(Vehicles5↦0.0)}",
        "VehiclesX": "{(EgoVehicle↦200.0),(Vehicles2↦44.599467515945435),(Vehicles3↦46.30219340324402),(Vehicles4↦50.51397681236267),(Vehicles5↦107.7752947807312)}"
      },
      "probabilisticVariables": null,
      "activating": [
        "IDLE_34"
      ],
      "activatingOnlyWhenExecuted": true,
      "updating": null,
      "withPredicate": null
    },
    {
      "id": "IDLE_34",
      "execute": "IDLE",
      "after": "1000",
      "priority": 0,
      "additionalGuards": null,
      "activationKind": null,
      "fixedVariables": {
        "Crash": "FALSE",
        "VehiclesAy": "{(EgoVehicle↦0.0),(Vehicles2↦0.0),(Vehicles3↦0.0),(Vehicles4↦0.0),(Vehicles5↦0.0)}",
        "Reward": "0.7333333333333951",
        "VehiclesAx": "{(EgoVehicle↦0.0),(Vehicles2↦0.02786308526992798),(Vehicles3↦-0.039343275129795074),(Vehicles4↦0.01490134745836258),(Vehicles5↦0.012547075748443604)}",
        "VehiclesVx": "{(EgoVehicle↦20.0),(Vehicles2↦0.43861880898475647),(Vehicles3↦0.3314817324280739),(Vehicles4↦0.3357895091176033),(Vehicles5↦0.7592978328466415)}",
        "VehiclesY": "{(EgoVehicle↦8.000000238418579),(Vehicles2↦-4.0000001192092896),(Vehicles3↦0.0),(Vehicles4↦-8.000000238418579),(Vehicles5↦-4.0000001192092896)}",
        "VehiclesVy": "{(EgoVehicle↦0.0),(Vehicles2↦0.0),(Vehicles3↦0.0),(Vehicles4↦0.0),(Vehicles5↦0.0)}",
        "VehiclesX": "{(EgoVehicle↦200.0),(Vehicles2↦45.021507143974304),(Vehicles3↦46.65713906288147),(Vehicles4↦50.84088444709778),(Vehicles5↦108.52713584899902)}"
      },
      "probabilisticVariables": null,
      "activating": [
        "IDLE_35"
      ],
      "activatingOnlyWhenExecuted": true,
      "updating": null,
      "withPredicate": null
    },
    {
      "id": "IDLE_35",
      "execute": "IDLE",
      "after": "1000",
      "priority": 0,
      "additionalGuards": null,
      "activationKind": null,
      "fixedVariables": {
        "Crash": "FALSE",
        "VehiclesAy": "{(EgoVehicle↦0.0),(Vehicles2↦0.0),(Vehicles3↦0.0),(Vehicles4↦0.0),(Vehicles5↦0.0)}",
        "Reward": "0.7333333333333415",
        "VehiclesAx": "{(EgoVehicle↦0.0),(Vehicles2↦0.026166290044784546),(Vehicles3↦-0.03751274198293686),(Vehicles4↦0.01423131674528122),(Vehicles5↦0.01159369945526123)}",
        "VehiclesVx": "{(EgoVehicle↦20.0),(Vehicles2↦0.464785099029541),(Vehicles3↦0.293968990445137),(Vehicles4↦0.3500208258628845),(Vehicles5↦0.7708915323019028)}",
        "VehiclesY": "{(EgoVehicle↦8.000000238418579),(Vehicles2↦-4.0000001192092896),(Vehicles3↦0.0),(Vehicles4↦-8.000000238418579),(Vehicles5↦-4.0000001192092896)}",
        "VehiclesVy": "{(EgoVehicle↦0.0),(Vehicles2↦0.0),(Vehicles3↦0.0),(Vehicles4↦0.0),(Vehicles5↦0.0)}",
        "VehiclesX": "{(EgoVehicle↦200.0),(Vehicles2↦45.47072350978851),(Vehicles3↦46.97346389293671),(Vehicles4↦51.18241906166077),(Vehicles5↦109.29114818572998)}"
      },
      "probabilisticVariables": null,
      "activating": [
        "FASTER_36"
      ],
      "activatingOnlyWhenExecuted": true,
      "updating": null,
      "withPredicate": null
    },
    {
      "id": "FASTER_36",
      "execute": "FASTER",
      "after": "1000",
      "priority": 0,
      "additionalGuards": null,
      "activationKind": null,
      "fixedVariables": {
        "Crash": "FALSE",
        "VehiclesAy": "{(EgoVehicle↦0.0),(Vehicles2↦0.0),(Vehicles3↦0.0),(Vehicles4↦0.0),(Vehicles5↦0.0)}",
        "Reward": "0.8491083676268872",
        "VehiclesAx": "{(EgoVehicle↦4.341564178466797),(Vehicles2↦-4.316965937614441),(Vehicles3↦-4.377135410904884),(Vehicles4↦-4.327942430973053),(Vehicles5↦-4.330834671854973)}",
        "VehiclesVx": "{(EgoVehicle↦24.341564178466797),(Vehicles2↦-3.8521808385849),(Vehicles3↦-4.083166420459747),(Vehicles4↦-3.9779216051101685),(Vehicles5↦-3.55994313955307)}",
        "VehiclesY": "{(EgoVehicle↦8.000000238418579),(Vehicles2↦-4.0000001192092896),(Vehicles3↦0.0),(Vehicles4↦-8.000000238418579),(Vehicles5↦-4.0000001192092896)}",
        "VehiclesVy": "{(EgoVehicle↦0.0),(Vehicles2↦0.0),(Vehicles3↦0.0),(Vehicles4↦0.0),(Vehicles5↦0.0)}",
        "VehiclesX": "{(EgoVehicle↦200.0),(Vehicles2↦43.55040788650513),(Vehicles3↦44.85798478126526),(Vehicles4↦49.14287030696869),(Vehicles5↦107.67133235931396)}"
      },
      "probabilisticVariables": null,
      "activating": [
        "IDLE_37"
      ],
      "activatingOnlyWhenExecuted": true,
      "updating": null,
      "withPredicate": null
    },
    {
      "id": "IDLE_37",
      "execute": "IDLE",
      "after": "1000",
      "priority": 0,
      "additionalGuards": null,
      "activationKind": null,
      "fixedVariables": {
        "Crash": "FALSE",
        "VehiclesAy": "{(EgoVehicle↦0.0),(Vehicles2↦0.0),(Vehicles3↦0.0),(Vehicles4↦0.0),(Vehicles5↦0.0)}",
        "Reward": "0.8643544626778891",
        "VehiclesAx": "{(EgoVehicle↦0.5717277526855469),(Vehicles2↦-0.5485829710960388),(Vehicles3↦-0.6052675843238831),(Vehicles4↦-0.5586639046669006),(Vehicles5↦-0.5617848038673401)}",
        "VehiclesVx": "{(EgoVehicle↦24.913291931152344),(Vehicles2↦-4.400763809680939),(Vehicles3↦-4.68843400478363),(Vehicles4↦-4.536585509777069),(Vehicles5↦-4.12172794342041)}",
        "VehiclesY": "{(EgoVehicle↦8.000000238418579),(Vehicles2↦-4.0000001192092896),(Vehicles3↦0.0),(Vehicles4↦-8.000000238418579),(Vehicles5↦-4.0000001192092896)}",
        "VehiclesVy": "{(EgoVehicle↦0.0),(Vehicles2↦0.0),(Vehicles3↦0.0),(Vehicles4↦0.0),(Vehicles5↦0.0)}",
        "VehiclesX": "{(EgoVehicle↦200.0),(Vehicles2↦39.392197132110596),(Vehicles3↦40.44583737850189),(Vehicles4↦44.854819774627686),(Vehicles5↦103.80003452301025)}"
      },
      "probabilisticVariables": null,
      "activating": [
        "IDLE_38"
      ],
      "activatingOnlyWhenExecuted": true,
      "updating": null,
      "withPredicate": null
    },
    {
      "id": "IDLE_38",
      "execute": "IDLE",
      "after": "1000",
      "priority": 0,
      "additionalGuards": null,
      "activationKind": null,
      "fixedVariables": {
        "Crash": "FALSE",
        "VehiclesAy": "{(EgoVehicle↦0.0),(Vehicles2↦0.0),(Vehicles3↦0.0),(Vehicles4↦0.0),(Vehicles5↦0.0)}",
        "Reward": "0.8663621788985972",
        "VehiclesAx": "{(EgoVehicle↦0.07529020309448242),(Vehicles2↦-0.05349069833755493),(Vehicles3↦-0.10672539472579956),(Vehicles4↦-0.06273448467254639),(Vehicles5↦-0.06605923175811768)}",
        "VehiclesVx": "{(EgoVehicle↦24.988582134246826),(Vehicles2↦-4.454254508018494),(Vehicles3↦-4.79515939950943),(Vehicles4↦-4.5993199944496155),(Vehicles5↦-4.187787175178528)}",
        "VehiclesY": "{(EgoVehicle↦8.000000238418579),(Vehicles2↦-4.0000001192092896),(Vehicles3↦0.0),(Vehicles4↦-8.000000238418579),(Vehicles5↦-4.0000001192092896)}",
        "VehiclesVy": "{(EgoVehicle↦0.0),(Vehicles2↦0.0),(Vehicles3↦0.0),(Vehicles4↦0.0),(Vehicles5↦0.0)}",
        "VehiclesX": "{(EgoVehicle↦200.0),(Vehicles2↦34.958723187446594),(Vehicles3↦35.70312559604645),(Vehicles4↦40.281760692596436),(Vehicles5↦99.64051842689514)}"
      },
      "probabilisticVariables": null,
      "activating": [
        "IDLE_39"
      ],
      "activatingOnlyWhenExecuted": true,
      "updating": null,
      "withPredicate": null
    },
    {
      "id": "IDLE_39",
      "execute": "IDLE",
      "after": "1000",
      "priority": 0,
      "additionalGuards": null,
      "activationKind": null,
      "fixedVariables": {
        "Crash": "FALSE",
        "VehiclesAy": "{(EgoVehicle↦0.0),(Vehicles2↦0.0),(Vehicles3↦0.0),(Vehicles4↦0.0),(Vehicles5↦0.0)}",
        "Reward": "0.8666265695120238",
        "VehiclesAx": "{(EgoVehicle↦0.009913444519042969),(Vehicles2↦0.010633468627929688),(Vehicles3↦-0.039196014404296875),(Vehicles4↦0.0021716952323913574),(Vehicles5↦-0.0013342499732971191)}",
        "VehiclesVx": "{(EgoVehicle↦24.99849557876587),(Vehicles2↦-4.443621039390564),(Vehicles3↦-4.834355413913727),(Vehicles4↦-4.597148299217224),(Vehicles5↦-4.189121425151825)}",
        "VehiclesY": "{(EgoVehicle↦8.000000238418579),(Vehicles2↦-4.0000001192092896),(Vehicles3↦0.0),(Vehicles4↦-8.000000238418579),(Vehicles5↦-4.0000001192092896)}",
        "VehiclesVy": "{(EgoVehicle↦0.0),(Vehicles2↦0.0),(Vehicles3↦0.0),(Vehicles4↦0.0),(Vehicles5↦0.0)}",
        "VehiclesX": "{(EgoVehicle↦200.0),(Vehicles2↦30.507314205169678),(Vehicles3↦30.890607833862305),(Vehicles4↦35.681840777397156),(Vehicles5↦95.45074105262756)}"
      },
      "probabilisticVariables": null,
      "activating": [
        "SLOWER_40"
      ],
      "activatingOnlyWhenExecuted": true,
      "updating": null,
      "withPredicate": null
    },
    {
      "id": "SLOWER_40",
      "execute": "SLOWER",
      "after": "1000",
      "priority": 0,
      "additionalGuards": null,
      "activationKind": null,
      "fixedVariables": {
        "Crash": "FALSE",
        "VehiclesAy": "{(EgoVehicle↦0.0),(Vehicles2↦0.0),(Vehicles3↦0.0),(Vehicles4↦0.0),(Vehicles5↦0.0)}",
        "Reward": "0.7508863520893748",
        "VehiclesAx": "{(EgoVehicle↦-4.34025764465332),(Vehicles2↦3.9224278554320335),(Vehicles3↦4.750377554446459),(Vehicles4↦4.351913146674633),(Vehicles5↦4.348247237503529)}",
        "VehiclesVx": "{(EgoVehicle↦20.65823793411255),(Vehicles2↦-0.5211931839585304),(Vehicles3↦-0.08397785946726799),(Vehicles4↦-0.2452351525425911),(Vehicles5↦0.15912581235170364)}",
        "VehiclesY": "{(EgoVehicle↦8.000000238418579),(Vehicles2↦0.0),(Vehicles3↦-4.0000001192092896),(Vehicles4↦-8.000000238418579),(Vehicles5↦-4.0000001192092896)}",
        "VehiclesVy": "{(EgoVehicle↦0.0),(Vehicles2↦0.0),(Vehicles3↦0.0),(Vehicles4↦0.0),(Vehicles5↦0.0)}",
        "VehiclesX": "{(EgoVehicle↦200.0),(Vehicles2↦28.439581394195557),(Vehicles3↦28.46587896347046),(Vehicles4↦33.483728766441345),(Vehicles5↦93.65920424461365)}"
      },
      "probabilisticVariables": null,
      "activating": [
        "SLOWER_41"
      ],
      "activatingOnlyWhenExecuted": true,
      "updating": null,
      "withPredicate": null
    },
    {
      "id": "SLOWER_41",
      "execute": "SLOWER",
      "after": "1000",
      "priority": 0,
      "additionalGuards": null,
      "activationKind": null,
      "fixedVariables": {
        "Crash": "FALSE",
        "VehiclesAy": "{(EgoVehicle↦0.0),(Vehicles2↦0.0),(Vehicles3↦0.0),(Vehicles4↦0.0),(Vehicles5↦0.0)}",
        "Reward": "0.7356448419761042",
        "VehiclesAx": "{(EgoVehicle↦-0.5715560913085938),(Vehicles2↦0.5466588260605931),(Vehicles3↦0.5898589827120304),(Vehicles4↦0.5828132480382919),(Vehicles5↦0.5790067836642265)}",
        "VehiclesVx": "{(EgoVehicle↦20.086681842803955),(Vehicles2↦0.025465642102062702),(Vehicles3↦0.5058811232447624),(Vehicles4↦0.33757809549570084),(Vehicles5↦0.7381325960159302)}",
        "VehiclesY": "{(EgoVehicle↦8.000000238418579),(Vehicles2↦0.0),(Vehicles3↦-4.0000001192092896),(Vehicles4↦-8.000000238418579),(Vehicles5↦-4.0000001192092896)}",
        "VehiclesVy": "{(EgoVehicle↦0.0),(Vehicles2↦0.0),(Vehicles3↦0.0),(Vehicles4↦0.0),(Vehicles5↦0.0)}",
        "VehiclesX": "{(EgoVehicle↦200.0),(Vehicles2↦28.22355628013611),(Vehicles3↦28.704610466957092),(Vehicles4↦33.55833292007446),(Vehicles5↦94.13665533065796)}"
      },
      "probabilisticVariables": null,
      "activating": [
        "SLOWER_42"
      ],
      "activatingOnlyWhenExecuted": true,
      "updating": null,
      "withPredicate": null
    },
    {
      "id": "SLOWER_42",
      "execute": "SLOWER",
      "after": "1000",
      "priority": 0,
      "additionalGuards": null,
      "activationKind": null,
      "fixedVariables": {
        "Crash": "FALSE",
        "VehiclesAy": "{(EgoVehicle↦0.0),(Vehicles2↦0.0),(Vehicles3↦0.0),(Vehicles4↦0.0),(Vehicles5↦0.0)}",
        "Reward": "0.7336377295332044",
        "VehiclesAx": "{(EgoVehicle↦-0.07526636123657227),(Vehicles2↦0.05256132688373327),(Vehicles3↦0.09255997836589813),(Vehicles4↦0.08615430444478989),(Vehicles5↦0.08222565054893494)}",
        "VehiclesVx": "{(EgoVehicle↦20.011415481567383),(Vehicles2↦0.07802696898579597),(Vehicles3↦0.5984411016106606),(Vehicles4↦0.4237323999404907),(Vehicles5↦0.8203582465648651)}",
        "VehiclesY": "{(EgoVehicle↦8.000000238418579),(Vehicles2↦0.0),(Vehicles3↦-4.0000001192092896),(Vehicles4↦-8.000000238418579),(Vehicles5↦-4.0000001192092896)}",
        "VehiclesVy": "{(EgoVehicle↦0.0),(Vehicles2↦0.0),(Vehicles3↦0.0),(Vehicles4↦0.0),(Vehicles5↦0.0)}",
        "VehiclesX": "{(EgoVehicle↦200.0),(Vehicles2↦28.281286358833313),(Vehicles3↦29.259008169174194),(Vehicles4↦33.94181430339813),(Vehicles5↦94.91912722587585)}"
      },
      "probabilisticVariables": null,
      "activating": [
        "SLOWER_43"
      ],
      "activatingOnlyWhenExecuted": true,
      "updating": null,
      "withPredicate": null
    },
    {
      "id": "SLOWER_43",
      "execute": "SLOWER",
      "after": "1000",
      "priority": 0,
      "additionalGuards": null,
      "activationKind": null,
      "fixedVariables": {
        "Crash": "FALSE",
        "VehiclesAy": "{(EgoVehicle↦0.0),(Vehicles2↦0.0),(Vehicles3↦0.0),(Vehicles4↦0.0),(Vehicles5↦0.0)}",
        "Reward": "0.7333734184296127",
        "VehiclesAx": "{(EgoVehicle↦-0.009913444519042969),(Vehicles2↦-0.010623447597026825),(Vehicles3↦0.026263520121574402),(Vehicles4↦0.020456425845623016),(Vehicles5↦0.01642279326915741)}",
        "VehiclesVx": "{(EgoVehicle↦20.00150203704834),(Vehicles2↦0.06740352138876915),(Vehicles3↦0.624704621732235),(Vehicles4↦0.44418882578611374),(Vehicles5↦0.8367810398340225)}",
        "VehiclesY": "{(EgoVehicle↦8.000000238418579),(Vehicles2↦0.0),(Vehicles3↦-4.0000001192092896),(Vehicles4↦-8.000000238418579),(Vehicles5↦-4.0000001192092896)}",
        "VehiclesVy": "{(EgoVehicle↦0.0),(Vehicles2↦0.0),(Vehicles3↦0.0),(Vehicles4↦0.0),(Vehicles5↦0.0)}",
        "VehiclesX": "{(EgoVehicle↦200.0),(Vehicles2↦28.356394171714783),(Vehicles3↦29.869529604911804),(Vehicles4↦34.37525928020477),(Vehicles5↦95.74759006500244)}"
      },
      "probabilisticVariables": null,
      "activating": [
        "SLOWER_44"
      ],
      "activatingOnlyWhenExecuted": true,
      "updating": null,
      "withPredicate": null
    },
    {
      "id": "SLOWER_44",
      "execute": "SLOWER",
      "after": "1000",
      "priority": 0,
      "additionalGuards": null,
      "activationKind": null,
      "fixedVariables": {
        "Crash": "FALSE",
        "VehiclesAy": "{(EgoVehicle↦0.0),(Vehicles2↦0.0),(Vehicles3↦0.0),(Vehicles4↦0.0),(Vehicles5↦0.0)}",
        "Reward": "0.7333386120291396",
        "VehiclesAx": "{(EgoVehicle↦-0.0013041496276855469),(Vehicles2↦-0.0170967448502779),(Vehicles3↦0.01677814871072769),(Vehicles4↦0.011530667543411255),(Vehicles5↦0.007407963275909424)}",
        "VehiclesVx": "{(EgoVehicle↦20.000197887420654),(Vehicles2↦0.05030677653849125),(Vehicles3↦0.6414827704429626),(Vehicles4↦0.455719493329525),(Vehicles5↦0.844189003109932)}",
        "VehiclesY": "{(EgoVehicle↦8.000000238418579),(Vehicles2↦0.0),(Vehicles3↦-4.0000001192092896),(Vehicles4↦-8.000000238418579),(Vehicles5↦-4.0000001192092896)}",
        "VehiclesVy": "{(EgoVehicle↦0.0),(Vehicles2↦0.0),(Vehicles3↦0.0),(Vehicles4↦0.0),(Vehicles5↦0.0)}",
        "VehiclesX": "{(EgoVehicle↦200.0),(Vehicles2↦28.416988253593445),(Vehicles3↦30.501210689544678),(Vehicles4↦34.82428193092346),(Vehicles5↦96.58756852149963)}"
      },
      "probabilisticVariables": null,
      "activating": [
        "SLOWER_45"
      ],
      "activatingOnlyWhenExecuted": true,
      "updating": null,
      "withPredicate": null
    },
    {
      "id": "SLOWER_45",
      "execute": "SLOWER",
      "after": "1000",
      "priority": 0,
      "additionalGuards": null,
      "activationKind": null,
      "fixedVariables": {
        "Crash": "FALSE",
        "VehiclesAy": "{(EgoVehicle↦0.0),(Vehicles2↦0.0),(Vehicles3↦0.0),(Vehicles4↦0.0),(Vehicles5↦0.0)}",
        "Reward": "0.7333340284702298",
        "VehiclesAx": "{(EgoVehicle↦-0.000171661376953125),(Vehicles2↦-0.016147424466907978),(Vehicles3↦0.014823228120803833),(Vehicles4↦0.01009911298751831),(Vehicles5↦-1.1356472223997116)}",
        "VehiclesVx": "{(EgoVehicle↦20.0000262260437),(Vehicles2↦0.03415935207158327),(Vehicles3↦0.6563059985637665),(Vehicles4↦0.4658186063170433),(Vehicles5↦-0.29145821928977966)}",
        "VehiclesY": "{(EgoVehicle↦8.000000238418579),(Vehicles2↦0.0),(Vehicles3↦-4.0000001192092896),(Vehicles4↦-8.000000238418579),(Vehicles5↦0.0)}",
        "VehiclesVy": "{(EgoVehicle↦0.0),(Vehicles2↦0.0),(Vehicles3↦0.0),(Vehicles4↦0.0),(Vehicles5↦0.0)}",
        "VehiclesX": "{(EgoVehicle↦200.0),(Vehicles2↦28.460699319839478),(Vehicles3↦31.14871382713318),(Vehicles4↦35.28409004211426),(Vehicles5↦97.27439284324646)}"
      },
      "probabilisticVariables": null,
      "activating": [
        "SLOWER_46"
      ],
      "activatingOnlyWhenExecuted": true,
      "updating": null,
      "withPredicate": null
    },
    {
      "id": "SLOWER_46",
      "execute": "SLOWER",
      "after": "1000",
      "priority": 0,
      "additionalGuards": null,
      "activationKind": null,
      "fixedVariables": {
        "Crash": "FALSE",
        "VehiclesAy": "{(EgoVehicle↦0.0),(Vehicles2↦0.0),(Vehicles3↦0.0),(Vehicles4↦0.0),(Vehicles5↦0.0)}",
        "Reward": "0.7333334248739946",
        "VehiclesAx": "{(EgoVehicle↦-2.384185791015625E-05),(Vehicles2↦-0.014275957364588976),(Vehicles3↦0.013905763626098633),(Vehicles4↦0.009670630097389221),(Vehicles5↦0.023993253707885742)}",
        "VehiclesVx": "{(EgoVehicle↦20.00000238418579),(Vehicles2↦0.019883394706994295),(Vehicles3↦0.6702117621898651),(Vehicles4↦0.4754892364144325),(Vehicles5↦-0.2674649655818939)}",
        "VehiclesY": "{(EgoVehicle↦8.000000238418579),(Vehicles2↦0.0),(Vehicles3↦-4.0000001192092896),(Vehicles4↦-8.000000238418579),(Vehicles5↦0.0)}",
        "VehiclesVy": "{(EgoVehicle↦0.0),(Vehicles2↦0.0),(Vehicles3↦0.0),(Vehicles4↦0.0),(Vehicles5↦0.0)}",
        "VehiclesX": "{(EgoVehicle↦200.0),(Vehicles2↦28.488993644714355),(Vehicles3↦31.810644268989563),(Vehicles4↦35.753804445266724),(Vehicles5↦96.99256420135498)}"
      },
      "probabilisticVariables": null,
      "activating": [
        "SLOWER_47"
      ],
      "activatingOnlyWhenExecuted": true,
      "updating": null,
      "withPredicate": null
    },
    {
      "id": "SLOWER_47",
      "execute": "SLOWER",
      "after": "1000",
      "priority": 0,
      "additionalGuards": null,
      "activationKind": null,
      "fixedVariables": {
        "Crash": "FALSE",
        "VehiclesAy": "{(EgoVehicle↦0.0),(Vehicles2↦0.0),(Vehicles3↦0.0),(Vehicles4↦0.0),(Vehicles5↦0.0)}",
        "Reward": "0.7333333453880706",
        "VehiclesAx": "{(EgoVehicle↦-2.384185791015625E-06),(Vehicles2↦-0.012346543371677399),(Vehicles3↦0.013167187571525574),(Vehicles4↦0.009388886392116547),(Vehicles5↦0.023588761687278748)}",
        "VehiclesVx": "{(EgoVehicle↦20.0),(Vehicles2↦0.0075368513353168964),(Vehicles3↦0.6833789497613907),(Vehicles4↦0.4848781228065491),(Vehicles5↦-0.24387620389461517)}",
        "VehiclesY": "{(EgoVehicle↦8.000000238418579),(Vehicles2↦0.0),(Vehicles3↦-4.0000001192092896),(Vehicles4↦-8.000000238418579),(Vehicles5↦0.0)}",
        "VehiclesVy": "{(EgoVehicle↦0.0),(Vehicles2↦0.0),(Vehicles3↦0.0),(Vehicles4↦0.0),(Vehicles5↦0.0)}",
        "VehiclesX": "{(EgoVehicle↦200.0),(Vehicles2↦28.50378453731537),(Vehicles3↦32.48617947101593),(Vehicles4↦36.23306751251221),(Vehicles5↦96.7345654964447)}"
      },
      "probabilisticVariables": null,
      "activating": [
        "SLOWER_48"
      ],
      "activatingOnlyWhenExecuted": true,
      "updating": null,
      "withPredicate": null
    },
    {
      "id": "SLOWER_48",
      "execute": "SLOWER",
      "after": "1000",
      "priority": 0,
      "additionalGuards": null,
      "activationKind": null,
      "fixedVariables": {
        "Crash": "FALSE",
        "VehiclesAy": "{(EgoVehicle↦0.0),(Vehicles2↦0.0),(Vehicles3↦0.0),(Vehicles4↦0.0),(Vehicles5↦0.0)}",
        "Reward": "0.7333333349207884",
        "VehiclesAx": "{(EgoVehicle↦0.0),(Vehicles2↦-0.010479602206032723),(Vehicles3↦0.012491345405578613),(Vehicles4↦0.00913962721824646),(Vehicles5↦0.023191720247268677)}",
        "VehiclesVx": "{(EgoVehicle↦20.0),(Vehicles2↦-0.0029427508707158267),(Vehicles3↦0.6958702951669693),(Vehicles4↦0.49401775002479553),(Vehicles5↦-0.2206844836473465)}",
        "VehiclesY": "{(EgoVehicle↦8.000000238418579),(Vehicles2↦0.0),(Vehicles3↦-4.0000001192092896),(Vehicles4↦-8.000000238418579),(Vehicles5↦0.0)}",
        "VehiclesVy": "{(EgoVehicle↦0.0),(Vehicles2↦0.0),(Vehicles3↦0.0),(Vehicles4↦0.0),(Vehicles5↦0.0)}",
        "VehiclesX": "{(EgoVehicle↦200.0),(Vehicles2↦28.506985306739807),(Vehicles3↦33.174607157707214),(Vehicles4↦36.721622943878174),(Vehicles5↦96.49999737739563)}"
      },
      "probabilisticVariables": null,
      "activating": [
        "SLOWER_49"
      ],
      "activatingOnlyWhenExecuted": true,
      "updating": null,
      "withPredicate": null
    },
    {
      "id": "SLOWER_49",
      "execute": "SLOWER",
      "after": "1000",
      "priority": 0,
      "additionalGuards": null,
      "activationKind": null,
      "fixedVariables": {
        "Crash": "FALSE",
        "VehiclesAy": "{(EgoVehicle↦0.0),(Vehicles2↦0.0),(Vehicles3↦0.0),(Vehicles4↦0.0),(Vehicles5↦0.0)}",
        "Reward": "0.7333333335423808",
        "VehiclesAx": "{(EgoVehicle↦0.0),(Vehicles2↦-0.00869610725203529),(Vehicles3↦0.011860132217407227),(Vehicles4↦0.008906573057174683),(Vehicles5↦0.022789854556322098)}",
        "VehiclesVx": "{(EgoVehicle↦20.0),(Vehicles2↦-0.011638858122751117),(Vehicles3↦0.7077304273843765),(Vehicles4↦0.5029243230819702),(Vehicles5↦-0.1978946290910244)}",
        "VehiclesY": "{(EgoVehicle↦8.000000238418579),(Vehicles2↦0.0),(Vehicles3↦-4.0000001192092896),(Vehicles4↦-8.000000238418579),(Vehicles5↦0.0)}",
        "VehiclesVy": "{(EgoVehicle↦0.0),(Vehicles2↦0.0),(Vehicles3↦0.0),(Vehicles4↦0.0),(Vehicles5↦0.0)}",
        "VehiclesX": "{(EgoVehicle↦200.0),(Vehicles2↦28.500422835350037),(Vehicles3↦33.87526869773865),(Vehicles4↦37.21922039985657),(Vehicles5↦96.28846049308777)}"
      },
      "probabilisticVariables": null,
      "activating": [
        "SLOWER_50"
      ],
      "activatingOnlyWhenExecuted": true,
      "updating": null,
      "withPredicate": null
    },
    {
      "id": "SLOWER_50",
      "execute": "SLOWER",
      "after": "1000",
      "priority": 0,
      "additionalGuards": null,
      "activationKind": null,
      "fixedVariables": {
        "Crash": "FALSE",
        "VehiclesAy": "{(EgoVehicle↦0.0),(Vehicles2↦0.0),(Vehicles3↦0.0),(Vehicles4↦0.0),(Vehicles5↦0.0)}",
        "Reward": "0.7333333333608621",
        "VehiclesAx": "{(EgoVehicle↦0.0),(Vehicles2↦-0.007002528291195631),(Vehicles3↦0.011268854141235352),(Vehicles4↦0.008686520159244537),(Vehicles5↦0.022383537143468857)}",
        "VehiclesVx": "{(EgoVehicle↦20.0),(Vehicles2↦-0.018641386413946748),(Vehicles3↦0.7189992815256119),(Vehicles4↦0.5116108432412148),(Vehicles5↦-0.17551109194755554)}",
        "VehiclesY": "{(EgoVehicle↦8.000000238418579),(Vehicles2↦0.0),(Vehicles3↦-4.0000001192092896),(Vehicles4↦-8.000000238418579),(Vehicles5↦0.0)}",
        "VehiclesVy": "{(EgoVehicle↦0.0),(Vehicles2↦0.0),(Vehicles3↦0.0),(Vehicles4↦0.0),(Vehicles5↦0.0)}",
        "VehiclesX": "{(EgoVehicle↦200.0),(Vehicles2↦28.485852479934692),(Vehicles3↦34.58755314350128),(Vehicles4↦37.72563636302948),(Vehicles5↦96.09955549240112)}"
      },
      "probabilisticVariables": null,
      "activating": [
        "SLOWER_51"
      ],
      "activatingOnlyWhenExecuted": true,
      "updating": null,
      "withPredicate": null
    },
    {
      "id": "SLOWER_51",
      "execute": "SLOWER",
      "after": "1000",
      "priority": 0,
      "additionalGuards": null,
      "activationKind": null,
      "fixedVariables": {
        "Crash": "FALSE",
        "VehiclesAy": "{(EgoVehicle↦0.0),(Vehicles2↦0.0),(Vehicles3↦0.0),(Vehicles4↦0.0),(Vehicles5↦0.0)}",
        "Reward": "0.7333333333369585",
        "VehiclesAx": "{(EgoVehicle↦0.0),(Vehicles2↦-0.005402135429903865),(Vehicles3↦0.010714307427406311),(Vehicles4↦0.00847797840833664),(Vehicles5↦0.021974388509988785)}",
        "VehiclesVx": "{(EgoVehicle↦20.0),(Vehicles2↦-0.024043521843850613),(Vehicles3↦0.7297135889530182),(Vehicles4↦0.5200888216495514),(Vehicles5↦-0.15353670343756676)}",
        "VehiclesY": "{(EgoVehicle↦8.000000238418579),(Vehicles2↦0.0),(Vehicles3↦-4.0000001192092896),(Vehicles4↦-8.000000238418579),(Vehicles5↦0.0)}",
        "VehiclesVy": "{(EgoVehicle↦0.0),(Vehicles2↦0.0),(Vehicles3↦0.0),(Vehicles4↦0.0),(Vehicles5↦0.0)}",
        "VehiclesX": "{(EgoVehicle↦200.0),(Vehicles2↦28.464925289154053),(Vehicles3↦35.310882329940796),(Vehicles4↦38.24065625667572),(Vehicles5↦95.93286514282227)}"
      },
      "probabilisticVariables": null,
      "activating": [
        "SLOWER_52"
      ],
      "activatingOnlyWhenExecuted": true,
      "updating": null,
      "withPredicate": null
    },
    {
      "id": "SLOWER_52",
      "execute": "SLOWER",
      "after": "1000",
      "priority": 0,
      "additionalGuards": null,
      "activationKind": null,
      "fixedVariables": {
        "Crash": "FALSE",
        "VehiclesAy": "{(EgoVehicle↦0.0),(Vehicles2↦0.0),(Vehicles3↦0.0),(Vehicles4↦0.0),(Vehicles5↦0.0)}",
        "Reward": "0.7333333333338108",
        "VehiclesAx": "{(EgoVehicle↦0.0),(Vehicles2↦-0.0038966070860624313),(Vehicles3↦0.01019403338432312),(Vehicles4↦0.008280016481876373),(Vehicles5↦0.021564150229096413)}",
        "VehiclesVx": "{(EgoVehicle↦20.0),(Vehicles2↦-0.027940128929913044),(Vehicles3↦0.7399076223373413),(Vehicles4↦0.5283688381314278),(Vehicles5↦-0.13197255320847034)}",
        "VehiclesY": "{(EgoVehicle↦8.000000238418579),(Vehicles2↦0.0),(Vehicles3↦-4.0000001192092896),(Vehicles4↦-8.000000238418579),(Vehicles5↦0.0)}",
        "VehiclesVy": "{(EgoVehicle↦0.0),(Vehicles2↦0.0),(Vehicles3↦0.0),(Vehicles4↦0.0),(Vehicles5↦0.0)}",
        "VehiclesX": "{(EgoVehicle↦200.0),(Vehicles2↦28.43920588493347),(Vehicles3↦36.044713854789734),(Vehicles4↦38.764071464538574),(Vehicles5↦95.78798413276672)}"
      },
      "probabilisticVariables": null,
      "activating": [
        "SLOWER_53"
      ],
      "activatingOnlyWhenExecuted": true,
      "updating": null,
      "withPredicate": null
    },
    {
      "id": "SLOWER_53",
      "execute": "SLOWER",
      "after": "1000",
      "priority": 0,
      "additionalGuards": null,
      "activationKind": null,
      "fixedVariables": {
        "Crash": "FALSE",
        "VehiclesAy": "{(EgoVehicle↦0.0),(Vehicles2↦0.0),(Vehicles3↦0.0),(Vehicles4↦0.0),(Vehicles5↦0.0)}",
        "Reward": "0.7333333333333961",
        "VehiclesAx": "{(EgoVehicle↦0.0),(Vehicles2↦-0.002486386802047491),(Vehicles3↦0.009705796837806702),(Vehicles4↦0.0080915167927742),(Vehicles5↦0.021154284477233887)}",
        "VehiclesVx": "{(EgoVehicle↦20.0),(Vehicles2↦-0.030426515731960535),(Vehicles3↦0.749613419175148),(Vehicles4↦0.536460354924202),(Vehicles5↦-0.11081826873123646)}",
        "VehiclesY": "{(EgoVehicle↦8.000000238418579),(Vehicles2↦0.0),(Vehicles3↦-4.0000001192092896),(Vehicles4↦-8.000000238418579),(Vehicles5↦0.0)}",
        "VehiclesVy": "{(EgoVehicle↦0.0),(Vehicles2↦0.0),(Vehicles3↦0.0),(Vehicles4↦0.0),(Vehicles5↦0.0)}",
        "VehiclesX": "{(EgoVehicle↦200.0),(Vehicles2↦28.410163521766663),(Vehicles3↦36.788541078567505),(Vehicles4↦39.29569125175476),(Vehicles5↦95.66450715065002)}"
      },
      "probabilisticVariables": null,
      "activating": [
        "SLOWER_54"
      ],
      "activatingOnlyWhenExecuted": true,
      "updating": null,
      "withPredicate": null
    },
    {
      "id": "SLOWER_54",
      "execute": "SLOWER",
      "after": "1000",
      "priority": 0,
      "additionalGuards": null,
      "activationKind": null,
      "fixedVariables": {
        "Crash": "FALSE",
        "VehiclesAy": "{(EgoVehicle↦0.0),(Vehicles2↦0.0),(Vehicles3↦0.0),(Vehicles4↦0.0),(Vehicles5↦0.0)}",
        "Reward": "0.7333333333333415",
        "VehiclesAx": "{(EgoVehicle↦0.0),(Vehicles2↦-0.0011708587408065796),(Vehicles3↦0.009247511625289917),(Vehicles4↦0.007911846041679382),(Vehicles5↦0.020746085792779922)}",
        "VehiclesVx": "{(EgoVehicle↦20.0),(Vehicles2↦-0.031597374472767115),(Vehicles3↦0.7588609308004379),(Vehicles4↦0.5443722009658813),(Vehicles5↦-0.09007218293845654)}",
        "VehiclesY": "{(EgoVehicle↦8.000000238418579),(Vehicles2↦0.0),(Vehicles3↦-4.0000001192092896),(Vehicles4↦-8.000000238418579),(Vehicles5↦0.0)}",
        "VehiclesVy": "{(EgoVehicle↦0.0),(Vehicles2↦0.0),(Vehicles3↦0.0),(Vehicles4↦0.0),(Vehicles5↦0.0)}",
        "VehiclesX": "{(EgoVehicle↦200.0),(Vehicles2↦28.37916612625122),(Vehicles3↦37.541890144348145),(Vehicles4↦39.835330843925476),(Vehicles5↦95.56202292442322)}"
      },
      "probabilisticVariables": null,
      "activating": [
        "SLOWER_55"
      ],
      "activatingOnlyWhenExecuted": true,
      "updating": null,
      "withPredicate": null
    },
    {
      "id": "SLOWER_55",
      "execute": "SLOWER",
      "after": "1000",
      "priority": 0,
      "additionalGuards": null,
      "activationKind": null,
      "fixedVariables": {
        "Crash": "FALSE",
        "VehiclesAy": "{(EgoVehicle↦0.0),(Vehicles2↦0.0),(Vehicles3↦0.0),(Vehicles4↦0.0),(Vehicles5↦0.0)}",
        "Reward": "0.7333333333333344",
        "VehiclesAx": "{(EgoVehicle↦0.0),(Vehicles2↦5.149049684405327E-05),(Vehicles3↦0.008817091584205627),(Vehicles4↦0.007740184664726257),(Vehicles5↦0.020340625196695328)}",
        "VehiclesVx": "{(EgoVehicle↦20.0),(Vehicles2↦-0.03154588397592306),(Vehicles3↦0.7676780223846436),(Vehicles4↦0.5521123856306076),(Vehicles5↦-0.06973155774176121)}",
        "VehiclesY": "{(EgoVehicle↦8.000000238418579),(Vehicles2↦0.0),(Vehicles3↦-4.0000001192092896),(Vehicles4↦-8.000000238418579),(Vehicles5↦0.0)}",
        "VehiclesVy": "{(EgoVehicle↦0.0),(Vehicles2↦0.0),(Vehicles3↦0.0),(Vehicles4↦0.0),(Vehicles5↦0.0)}",
        "VehiclesX": "{(EgoVehicle↦200.0),(Vehicles2↦28.347495198249817),(Vehicles3↦38.3043110370636),(Vehicles4↦40.382811427116394),(Vehicles5↦95.48012018203735)}"
      },
      "probabilisticVariables": null,
      "activating": [
        "SLOWER_56"
      ],
      "activatingOnlyWhenExecuted": true,
      "updating": null,
      "withPredicate": null
    },
    {
      "id": "SLOWER_56",
      "execute": "SLOWER",
      "after": "1000",
      "priority": 0,
      "additionalGuards": null,
      "activationKind": null,
      "fixedVariables": {
        "Crash": "FALSE",
        "VehiclesAy": "{(EgoVehicle↦0.0),(Vehicles2↦0.0),(Vehicles3↦0.0),(Vehicles4↦0.0),(Vehicles5↦0.0)}",
        "Reward": "0.7333333333333334",
        "VehiclesAx": "{(EgoVehicle↦0.0),(Vehicles2↦0.001182914711534977),(Vehicles3↦0.00841289758682251),(Vehicles4↦0.007575824856758118),(Vehicles5↦0.01993885263800621)}",
        "VehiclesVx": "{(EgoVehicle↦20.0),(Vehicles2↦-0.030362969264388084),(Vehicles3↦0.7760909199714661),(Vehicles4↦0.5596882104873657),(Vehicles5↦-0.049792705103755)}",
        "VehiclesY": "{(EgoVehicle↦8.000000238418579),(Vehicles2↦0.0),(Vehicles3↦-4.0000001192092896),(Vehicles4↦-8.000000238418579),(Vehicles5↦0.0)}",
        "VehiclesVy": "{(EgoVehicle↦0.0),(Vehicles2↦0.0),(Vehicles3↦0.0),(Vehicles4↦0.0),(Vehicles5↦0.0)}",
        "VehiclesX": "{(EgoVehicle↦200.0),(Vehicles2↦28.31633687019348),(Vehicles3↦39.0753835439682),(Vehicles4↦40.93796908855438),(Vehicles5↦95.41839361190796)}"
      },
      "probabilisticVariables": null,
      "activating": [
        "SLOWER_57"
      ],
      "activatingOnlyWhenExecuted": true,
      "updating": null,
      "withPredicate": null
    },
    {
      "id": "SLOWER_57",
      "execute": "SLOWER",
      "after": "1000",
      "priority": 0,
      "additionalGuards": null,
      "activationKind": null,
      "fixedVariables": {
        "Crash": "FALSE",
        "VehiclesAy": "{(EgoVehicle↦0.0),(Vehicles2↦0.0),(Vehicles3↦0.0),(Vehicles4↦0.0),(Vehicles5↦0.0)}",
        "Reward": "0.7333333333333334",
        "VehiclesAx": "{(EgoVehicle↦0.0),(Vehicles2↦0.002226268406957388),(Vehicles3↦0.008033141493797302),(Vehicles4↦0.007418356835842133),(Vehicles5↦0.019541552755981684)}",
        "VehiclesVx": "{(EgoVehicle↦20.0),(Vehicles2↦-0.028136700857430696),(Vehicles3↦0.7841240614652634),(Vehicles4↦0.5671065673232079),(Vehicles5↦-0.030251152347773314)}",
        "VehiclesY": "{(EgoVehicle↦8.000000238418579),(Vehicles2↦0.0),(Vehicles3↦-4.0000001192092896),(Vehicles4↦-8.000000238418579),(Vehicles5↦0.0)}",
        "VehiclesVy": "{(EgoVehicle↦0.0),(Vehicles2↦0.0),(Vehicles3↦0.0),(Vehicles4↦0.0),(Vehicles5↦0.0)}",
        "VehiclesX": "{(EgoVehicle↦200.0),(Vehicles2↦28.286784887313843),(Vehicles3↦39.85471725463867),(Vehicles4↦41.50063693523407),(Vehicles5↦95.37644982337952)}"
      },
      "probabilisticVariables": null,
      "activating": [
        "SLOWER_58"
      ],
      "activatingOnlyWhenExecuted": true,
      "updating": null,
      "withPredicate": null
    },
    {
      "id": "SLOWER_58",
      "execute": "SLOWER",
      "after": "1000",
      "priority": 0,
      "additionalGuards": null,
      "activationKind": null,
      "fixedVariables": {
        "Crash": "FALSE",
        "VehiclesAy": "{(EgoVehicle↦0.0),(Vehicles2↦0.0),(Vehicles3↦0.0),(Vehicles4↦0.0),(Vehicles5↦0.0)}",
        "Reward": "0.7333333333333334",
        "VehiclesAx": "{(EgoVehicle↦0.0),(Vehicles2↦0.003184883389621973),(Vehicles3↦0.007676407694816589),(Vehicles4↦0.00726703554391861),(Vehicles5↦0.019149378640577197)}",
        "VehiclesVx": "{(EgoVehicle↦20.0),(Vehicles2↦-0.024951817467808723),(Vehicles3↦0.79180046916008),(Vehicles4↦0.5743736028671265),(Vehicles5↦-0.011101773707196116)}",
        "VehiclesY": "{(EgoVehicle↦8.000000238418579),(Vehicles2↦0.0),(Vehicles3↦-4.0000001192092896),(Vehicles4↦-8.000000238418579),(Vehicles5↦0.0)}",
        "VehiclesVy": "{(EgoVehicle↦0.0),(Vehicles2↦0.0),(Vehicles3↦0.0),(Vehicles4↦0.0),(Vehicles5↦0.0)}",
        "VehiclesX": "{(EgoVehicle↦200.0),(Vehicles2↦28.259846568107605),(Vehicles3↦40.641939640045166),(Vehicles4↦42.07065999507904),(Vehicles5↦95.35388946533203)}"
      },
      "probabilisticVariables": null,
      "activating": [
        "SLOWER_59"
      ],
      "activatingOnlyWhenExecuted": true,
      "updating": null,
      "withPredicate": null
    },
    {
      "id": "SLOWER_59",
      "execute": "SLOWER",
      "after": "1000",
      "priority": 0,
      "additionalGuards": null,
      "activationKind": null,
      "fixedVariables": {
        "Crash": "FALSE",
        "VehiclesAy": "{(EgoVehicle↦0.0),(Vehicles2↦0.0),(Vehicles3↦0.0),(Vehicles4↦0.0),(Vehicles5↦0.0)}",
        "Reward": "0.7333333333333334",
        "VehiclesAx": "{(EgoVehicle↦0.0),(Vehicles2↦0.0040624430403113365),(Vehicles3↦0.007341131567955017),(Vehicles4↦0.007121525704860687),(Vehicles5↦0.018762885592877865)}",
        "VehiclesVx": "{(EgoVehicle↦20.0),(Vehicles2↦-0.020889374427497387),(Vehicles3↦0.799141600728035),(Vehicles4↦0.5814951285719872),(Vehicles5↦0.007661111885681748)}",
        "VehiclesY": "{(EgoVehicle↦8.000000238418579),(Vehicles2↦0.0),(Vehicles3↦-4.0000001192092896),(Vehicles4↦-8.000000238418579),(Vehicles5↦0.0)}",
        "VehiclesVy": "{(EgoVehicle↦0.0),(Vehicles2↦0.0),(Vehicles3↦0.0),(Vehicles4↦0.0),(Vehicles5↦0.0)}",
        "VehiclesX": "{(EgoVehicle↦200.0),(Vehicles2↦28.236454725265503),(Vehicles3↦41.436704993247986),(Vehicles4↦42.64789521694183),(Vehicles5↦95.35032510757446)}"
      },
      "probabilisticVariables": null,
      "activating": [
        "LANE_LEFT_60"
      ],
      "activatingOnlyWhenExecuted": true,
      "updating": null,
      "withPredicate": null
    },
    {
      "id": "LANE_LEFT_60",
      "execute": "LANE_LEFT",
      "after": "1000",
      "priority": 0,
      "additionalGuards": null,
      "activationKind": null,
      "fixedVariables": {
        "Crash": "FALSE",
        "VehiclesAy": "{(EgoVehicle↦-1.1458635330200195),(Vehicles2↦1.1458635330200195),(Vehicles3↦1.1458635330200195),(Vehicles4↦1.1458635330200195),(Vehicles5↦1.1458635330200195)}",
        "Reward": "0.7000000000000001",
        "VehiclesAx": "{(EgoVehicle↦-0.0328516960144043),(Vehicles2↦0.03771494724787772),(Vehicles3↦0.03987818956375122),(Vehicles4↦0.03983348608016968),(Vehicles5↦0.05123457754962146)}",
        "VehiclesVx": "{(EgoVehicle↦19.967148303985596),(Vehicles2↦0.01682557282038033),(Vehicles3↦0.8390197902917862),(Vehicles4↦0.6213286146521568),(Vehicles5↦0.05889568943530321)}",
        "VehiclesY": "{(EgoVehicle↦4.396300435066223),(Vehicles2↦3.6036994457244873),(Vehicles3↦-0.39630044996738434),(Vehicles4↦-4.396300435066223),(Vehicles5↦3.6036994457244873)}",
        "VehiclesVy": "{(EgoVehicle↦-1.1458635330200195),(Vehicles2↦1.1458635330200195),(Vehicles3↦1.1458635330200195),(Vehicles4↦1.1458635330200195),(Vehicles5↦1.1458635330200195)}",
        "VehiclesX": "{(EgoVehicle↦200.0),(Vehicles2↦28.604042530059814),(Vehicles3↦42.625272274017334),(Vehicles4↦43.618786334991455),(Vehicles5↦95.75195908546448)}"
      },
      "probabilisticVariables": null,
      "activating": [
        "IDLE_61"
      ],
      "activatingOnlyWhenExecuted": true,
      "updating": null,
      "withPredicate": null
    },
    {
      "id": "IDLE_61",
      "execute": "IDLE",
      "after": "1000",
      "priority": 0,
      "additionalGuards": null,
      "activationKind": null,
      "fixedVariables": {
        "Crash": "FALSE",
        "VehiclesAy": "{(EgoVehicle↦1.074060839600861),(Vehicles2↦-1.074060839600861),(Vehicles3↦-1.074060839600861),(Vehicles4↦-1.074060839600861),(Vehicles5↦1.217666226439178)}",
        "Reward": "0.7000000000000001",
        "VehiclesAx": "{(EgoVehicle↦0.03272294998168945),(Vehicles2↦-0.027132881805300713),(Vehicles3↦-0.025993138551712036),(Vehicles4↦-0.025876909494400024),(Vehicles5↦-0.014714542776346207)}",
        "VehiclesVx": "{(EgoVehicle↦19.999871253967285),(Vehicles2↦-0.010307308984920382),(Vehicles3↦0.8130266517400742),(Vehicles4↦0.5954517051577568),(Vehicles5↦0.044181146658957005)}",
        "VehiclesY": "{(EgoVehicle↦4.024722576141357),(Vehicles2↦3.9752776622772217),(Vehicles3↦-0.02472245693206787),(Vehicles4↦-4.024722576141357),(Vehicles5↦3.9752776622772217)}",
        "VehiclesVy": "{(EgoVehicle↦-0.07180269341915846),(Vehicles2↦0.07180269341915846),(Vehicles3↦0.07180269341915846),(Vehicles4↦0.07180269341915846),(Vehicles5↦0.07180269341915846)}",
        "VehiclesX": "{(EgoVehicle↦200.0),(Vehicles2↦28.59548032283783),(Vehicles3↦43.43944191932678),(Vehicles4↦44.21529769897461),(Vehicles5↦95.79052329063416)}"
      },
      "probabilisticVariables": null,
      "activating": null,
      "activatingOnlyWhenExecuted": true,
      "updating": null,
      "withPredicate": null
    }
  ],
  "listeners": [],
  "metadata": {
    "fileType": "Timed_Trace",
    "formatVersion": 3,
    "savedAt": "2023-08-21T06:52:04.870479Z",
    "creator": "Simulation: HYPOTHESIS_TEST; SIGNIFICANCE : 0.05, PROBABILITY : 0.95, MAX_STEPS_BEFORE_PROPERTY : 0, EXECUTIONS : 1000, PREDICATE : Crash = FALSE, ENDING_TIME : 60000, HYPOTHESIS_CHECKING_TYPE : LEFT_TAILED, CHECKING_TYPE : PREDICATE_INVARIANT",
    "proB2KernelVersion": "4.12.2",
    "proBCliVersion": "1.12.2-final",
    "modelName": "HighwayEnvironment2"
  }
}