{
  "variables": {},
  "activations": [
    {
      "id": "$setup_constants",
      "execute": "$setup_constants",
      "after": "0",
      "priority": 0,
      "additionalGuards": null,
      "activationKind": null,
      "fixedVariables": null,
      "probabilisticVariables": null,
      "activating": null,
      "activatingOnlyWhenExecuted": true,
      "updating": null,
      "withPredicate": null
    },
    {
      "id": "$initialise_machine",
      "execute": "$initialise_machine",
      "after": "0",
      "priority": 0,
      "additionalGuards": null,
      "activationKind": null,
      "fixedVariables": {
        "Crash": "FALSE",
        "VehiclesAy": "{(EgoVehicle↦0.0),(Vehicles2↦0.0),(Vehicles3↦0.0),(Vehicles4↦0.0),(Vehicles5↦0.0)}",
        "Reward": "0.0",
        "VehiclesAx": "{(EgoVehicle↦0.0),(Vehicles2↦0.0),(Vehicles3↦0.0),(Vehicles4↦0.0),(Vehicles5↦0.0)}",
        "VehiclesVx": "{(EgoVehicle↦25.0),(Vehicles2↦-3.0535870790481567),(Vehicles3↦-3.548683822154999),(Vehicles4↦-1.2918683886528015),(Vehicles5↦-3.8817012310028076)}",
        "VehiclesY": "{(EgoVehicle↦8.000000238418579),(Vehicles2↦0.0),(Vehicles3↦-4.0000001192092896),(Vehicles4↦0.0),(Vehicles5↦-8.000000238418579)}",
        "VehiclesVy": "{(EgoVehicle↦0.0),(Vehicles2↦0.0),(Vehicles3↦0.0),(Vehicles4↦0.0),(Vehicles5↦0.0)}",
        "VehiclesX": "{(EgoVehicle↦151.30212306976318),(Vehicles2↦23.908308148384094),(Vehicles3↦47.961628437042236),(Vehicles4↦74.09141063690186),(Vehicles5↦97.67126441001892)}"
      },
      "probabilisticVariables": null,
      "activating": [
        "LANE_LEFT_2"
      ],
      "activatingOnlyWhenExecuted": true,
      "updating": null,
      "withPredicate": null
    },
    {
      "id": "LANE_LEFT_2",
      "execute": "LANE_LEFT",
      "after": "1000",
      "priority": 0,
      "additionalGuards": null,
      "activationKind": null,
      "fixedVariables": {
        "Crash": "FALSE",
        "VehiclesAy": "{(EgoVehicle↦-1.0796338319778442),(Vehicles2↦1.0796338319778442),(Vehicles3↦1.0796338319778442),(Vehicles4↦1.0796338319778442),(Vehicles5↦1.0796338319778442)}",
        "Reward": "0.8327113850086175",
        "VehiclesAx": "{(EgoVehicle↦-0.023322105407714844),(Vehicles2↦-1.251131296157837),(Vehicles3↦-0.6780430674552917),(Vehicles4↦-1.264021098613739),(Vehicles5↦-0.18641650676727295)}",
        "VehiclesVx": "{(EgoVehicle↦24.976677894592285),(Vehicles2↦-4.304718375205994),(Vehicles3↦-4.2267268896102905),(Vehicles4↦-2.5558894872665405),(Vehicles5↦-4.068117737770081)}",
        "VehiclesY": "{(EgoVehicle↦4.34003484249115),(Vehicles2↦3.6599650382995605),(Vehicles3↦-0.3400348797440529),(Vehicles4↦3.6599650382995605),(Vehicles5↦-4.34003484249115)}",
        "VehiclesVy": "{(EgoVehicle↦-1.0796338319778442),(Vehicles2↦1.0796338319778442),(Vehicles3↦1.0796338319778442),(Vehicles4↦1.0796338319778442),(Vehicles5↦1.0796338319778442)}",
        "VehiclesX": "{(EgoVehicle↦175.98236799240112),(Vehicles2↦20.585209131240845),(Vehicles3↦44.42712962627411),(Vehicles4↦72.5537657737732),(Vehicles5↦94.05013918876648)}"
      },
      "probabilisticVariables": null,
      "activating": [
        "IDLE_3"
      ],
      "activatingOnlyWhenExecuted": true,
      "updating": null,
      "withPredicate": null
    },
    {
      "id": "IDLE_3",
      "execute": "IDLE",
      "after": "1000",
      "priority": 0,
      "additionalGuards": null,
      "activationKind": null,
      "fixedVariables": {
        "Crash": "FALSE",
        "VehiclesAy": "{(EgoVehicle↦1.041519611608237),(Vehicles2↦-1.041519611608237),(Vehicles3↦-1.041519611608237),(Vehicles4↦-1.041519611608237),(Vehicles5↦1.1177480523474514)}",
        "Reward": "0.8333325585628742",
        "VehiclesAx": "{(EgoVehicle↦0.023293495178222656),(Vehicles2↦-0.635204017162323),(Vehicles3↦-0.49174726009368896),(Vehicles4↦-0.8208662271499634),(Vehicles5↦-0.6833058595657349)}",
        "VehiclesVx": "{(EgoVehicle↦24.999971389770508),(Vehicles2↦-4.939922392368317),(Vehicles3↦-4.7184741497039795),(Vehicles4↦-3.376755714416504),(Vehicles5↦-4.751423597335815)}",
        "VehiclesY": "{(EgoVehicle↦4.011500716209412),(Vehicles2↦3.9884995222091675),(Vehicles3↦-0.01150053832679987),(Vehicles4↦3.9884995222091675),(Vehicles5↦-4.011500716209412)}",
        "VehiclesVy": "{(EgoVehicle↦-0.03811422036960721),(Vehicles2↦0.03811422036960721),(Vehicles3↦0.03811422036960721),(Vehicles4↦0.03811422036960721),(Vehicles5↦0.03811422036960721)}",
        "VehiclesX": "{(EgoVehicle↦200.0),(Vehicles2↦15.982699394226074),(Vehicles3↦39.981088042259216),(Vehicles4↦69.63050365447998),(Vehicles5↦89.76417183876038)}"
      },
      "probabilisticVariables": null,
      "activating": [
        "IDLE_4"
      ],
      "activatingOnlyWhenExecuted": true,
      "updating": null,
      "withPredicate": null
    },
    {
      "id": "IDLE_4",
      "execute": "IDLE",
      "after": "1000",
      "priority": 0,
      "additionalGuards": null,
      "activationKind": null,
      "fixedVariables": {
        "Crash": "FALSE",
        "VehiclesAy": "{(EgoVehicle↦0.03690516830829438),(Vehicles2↦-0.03690516830829438),(Vehicles3↦-0.03690516830829438),(Vehicles4↦-0.03690516830829438),(Vehicles5↦0.03932327243092004)}",
        "Reward": "0.833333332553703",
        "VehiclesAx": "{(EgoVehicle↦2.86102294921875E-05),(Vehicles2↦-0.31178146600723267),(Vehicles3↦-0.24278342723846436),(Vehicles4↦-0.5209583044052124),(Vehicles5↦-0.4893684387207031)}",
        "VehiclesVx": "{(EgoVehicle↦25.0),(Vehicles2↦-5.251703858375549),(Vehicles3↦-4.961257576942444),(Vehicles4↦-3.8977140188217163),(Vehicles5↦-5.2407920360565186)}",
        "VehiclesY": "{(EgoVehicle↦4.000363111495972),(Vehicles2↦3.9996371269226074),(Vehicles3↦-0.0003629883358371444),(Vehicles4↦3.9996371269226074),(Vehicles5↦-4.000363111495972)}",
        "VehiclesVy": "{(EgoVehicle↦-0.001209052061312832),(Vehicles2↦0.001209052061312832),(Vehicles3↦0.001209052061312832),(Vehicles4↦0.001209052061312832),(Vehicles5↦0.001209052061312832)}",
        "VehiclesX": "{(EgoVehicle↦200.0),(Vehicles2↦10.901574045419693),(Vehicles3↦35.14710068702698),(Vehicles4↦66.02871417999268),(Vehicles5↦84.78807806968689)}"
      },
      "probabilisticVariables": null,
      "activating": [
        "IDLE_5"
      ],
      "activatingOnlyWhenExecuted": true,
      "updating": null,
      "withPredicate": null
    },
    {
      "id": "IDLE_5",
      "execute": "IDLE",
      "after": "1000",
      "priority": 0,
      "additionalGuards": null,
      "activationKind": null,
      "fixedVariables": {
        "Crash": "FALSE",
        "VehiclesAy": "{(EgoVehicle↦0.0011711951833603962),(Vehicles2↦-0.0011711951833603962),(Vehicles3↦-0.0011711951833603962),(Vehicles4↦-0.0011711951833603962),(Vehicles5↦0.0012469089392652677)}",
        "Reward": "0.8333333333325689",
        "VehiclesAx": "{(EgoVehicle↦0.0),(Vehicles2↦-0.15898287296295166),(Vehicles3↦-0.08078992366790771),(Vehicles4↦-0.3555759787559509),(Vehicles5↦-0.23854970932006836)}",
        "VehiclesVx": "{(EgoVehicle↦25.0),(Vehicles2↦-5.410686731338501),(Vehicles3↦-5.042047500610352),(Vehicles4↦-4.253289997577667),(Vehicles5↦-5.479341745376587)}",
        "VehiclesY": "{(EgoVehicle↦4.000011205673218),(Vehicles2↦3.9999886751174927),(Vehicles3↦-1.1358185474819038E-05),(Vehicles4↦3.9999886751174927),(Vehicles5↦-4.000011205673218)}",
        "VehiclesVy": "{(EgoVehicle↦-3.785687795243575E-05),(Vehicles2↦3.785687795243575E-05),(Vehicles3↦3.785687795243575E-05),(Vehicles4↦3.785687795243575E-05),(Vehicles5↦3.785687795243575E-05)}",
        "VehiclesX": "{(EgoVehicle↦200.0),(Vehicles2↦5.577590689063072),(Vehicles3↦30.144989490509033),(Vehicles4↦61.978453397750854),(Vehicles5↦79.43866848945618)}"
      },
      "probabilisticVariables": null,
      "activating": [
        "LANE_LEFT_6"
      ],
      "activatingOnlyWhenExecuted": true,
      "updating": null,
      "withPredicate": null
    },
    {
      "id": "LANE_LEFT_6",
      "execute": "LANE_LEFT",
      "after": "1000",
      "priority": 0,
      "additionalGuards": null,
      "activationKind": null,
      "fixedVariables": {
        "Crash": "FALSE",
        "VehiclesAy": "{(EgoVehicle↦-1.0795970926869813),(Vehicles2↦1.0795970926869813),(Vehicles3↦1.0795970926869813),(Vehicles4↦1.0795970926869813),(Vehicles5↦1.0796728064428862)}",
        "Reward": "0.7993780503277468",
        "VehiclesAx": "{(EgoVehicle↦-0.023322105407714844),(Vehicles2↦-0.05404233932495117),(Vehicles3↦0.01755654811859131),(Vehicles4↦-0.22738724946975708),(Vehicles5↦-0.09629249572753906)}",
        "VehiclesVx": "{(EgoVehicle↦24.976677894592285),(Vehicles2↦-5.464729070663452),(Vehicles3↦-5.02449095249176),(Vehicles4↦-4.480677247047424),(Vehicles5↦-5.575634241104126)}",
        "VehiclesY": "{(EgoVehicle↦0.34003523737192154),(Vehicles2↦7.6599647998809814),(Vehicles3↦3.659964680671692),(Vehicles4↦7.6599647998809814),(Vehicles5↦-0.34003523737192154)}",
        "VehiclesVy": "{(EgoVehicle↦-1.0796349495649338),(Vehicles2↦1.0796349495649338),(Vehicles3↦1.0796349495649338),(Vehicles4↦1.0796349495649338),(Vehicles5↦1.0796349495649338)}",
        "VehiclesX": "{(EgoVehicle↦200.0),(Vehicles2↦0.45100729912519455),(Vehicles3↦25.416487455368042),(Vehicles4↦57.93792009353638),(Vehicles5↦74.22472834587097)}"
      },
      "probabilisticVariables": null,
      "activating": [
        "FASTER_7"
      ],
      "activatingOnlyWhenExecuted": true,
      "updating": null,
      "withPredicate": null
    },
    {
      "id": "FASTER_7",
      "execute": "FASTER",
      "after": "1000",
      "priority": 0,
      "additionalGuards": null,
      "activationKind": null,
      "fixedVariables": {
        "Crash": "FALSE",
        "VehiclesAy": "{(EgoVehicle↦1.0525137768127024),(Vehicles2↦-1.0525137768127024),(Vehicles3↦-1.0525137768127024),(Vehicles4↦-1.0525137768127024),(Vehicles5↦1.1067561223171651)}",
        "Reward": "0.9157747000426957",
        "VehiclesAx": "{(EgoVehicle↦4.364874362945557),(Vehicles2↦-4.3978822231292725),(Vehicles3↦-4.33737576007843),(Vehicles4↦-4.545947313308716),(Vehicles5↦-4.4250452518463135)}",
        "VehiclesVx": "{(EgoVehicle↦29.341552257537842),(Vehicles2↦-9.862611293792725),(Vehicles3↦-9.36186671257019),(Vehicles4↦-9.02662456035614),(Vehicles5↦-10.00067949295044)}",
        "VehiclesY": "{(EgoVehicle↦0.006503586424514651),(Vehicles2↦7.993496417999268),(Vehicles3↦3.993496298789978),(Vehicles4↦7.993496417999268),(Vehicles5↦-0.006503586424514651)}",
        "VehiclesVy": "{(EgoVehicle↦-0.02712117275223136),(Vehicles2↦0.02712117275223136),(Vehicles3↦0.02712117275223136),(Vehicles4↦0.02712117275223136),(Vehicles5↦0.02712117275223136)}",
        "VehiclesX": "{(EgoVehicle↦200.0),(Vehicles2↦-7.44413286447525),(Vehicles3↦17.98671782016754),(Vehicles4↦50.965601205825806),(Vehicles5↦66.20707511901855)}"
      },
      "probabilisticVariables": null,
      "activating": [
        "FASTER_8"
      ],
      "activatingOnlyWhenExecuted": true,
      "updating": null,
      "withPredicate": null
    },
    {
      "id": "FASTER_8",
      "execute": "FASTER",
      "after": "1000",
      "priority": 0,
      "additionalGuards": null,
      "activationKind": null,
      "fixedVariables": {
        "Crash": "FALSE",
        "VehiclesAy": "{(EgoVehicle↦0.027026921798096737),(Vehicles2↦-0.027026921798096737),(Vehicles3↦-0.027026921798096737),(Vehicles4↦-0.027026921798096737),(Vehicles5↦0.027215423706365982)}",
        "Reward": "0.931021129340596",
        "VehiclesAx": "{(EgoVehicle↦0.571739673614502),(Vehicles2↦-0.030651092529296875),(Vehicles3↦-0.36946237087249756),(Vehicles4↦-1.5755504369735718),(Vehicles5↦1.1309409141540527)}",
        "VehiclesVx": "{(EgoVehicle↦29.913291931152344),(Vehicles2↦-9.893262386322021),(Vehicles3↦-9.731329083442688),(Vehicles4↦-10.602174997329712),(Vehicles5↦-8.869738578796387)}",
        "VehiclesY": "{(EgoVehicle↦-1.8027097894446342E-06),(Vehicles2↦4.000001907348633),(Vehicles3↦8.000001668930054),(Vehicles4↦1.8027097894446342E-06),(Vehicles5↦4.000001907348633)}",
        "VehiclesVy": "{(EgoVehicle↦-9.425095413462259E-05),(Vehicles2↦9.425095413462259E-05),(Vehicles3↦9.425095413462259E-05),(Vehicles4↦9.425095413462259E-05),(Vehicles5↦9.425095413462259E-05)}",
        "VehiclesX": "{(EgoVehicle↦200.0),(Vehicles2↦8.3250492811203),(Vehicles3↦41.56716763973236),(Vehicles4↦55.877381563186646),(Vehicles5↦84.53028798103333)}"
      },
      "probabilisticVariables": null,
      "activating": [
        "FASTER_9"
      ],
      "activatingOnlyWhenExecuted": true,
      "updating": null,
      "withPredicate": null
    },
    {
      "id": "FASTER_9",
      "execute": "FASTER",
      "after": "1000",
      "priority": 0,
      "additionalGuards": null,
      "activationKind": null,
      "fixedVariables": {
        "Crash": "FALSE",
        "VehiclesAy": "{(EgoVehicle↦0.00010026572113019938),(Vehicles2↦-0.00010026572113019938),(Vehicles3↦-0.00010026572113019938),(Vehicles4↦-0.00010026572113019938),(Vehicles5↦8.82361871390458E-05)}",
        "Reward": "0.9330288455652477",
        "VehiclesAx": "{(EgoVehicle↦0.07529020309448242),(Vehicles2↦-0.031827688217163086),(Vehicles3↦-0.17381131649017334),(Vehicles4↦-0.08929610252380371),(Vehicles5↦0.00532686710357666)}",
        "VehiclesVx": "{(EgoVehicle↦29.988582134246826),(Vehicles2↦-9.925090074539185),(Vehicles3↦-9.905140399932861),(Vehicles4↦-10.691471099853516),(Vehicles5↦-8.86441171169281)}",
        "VehiclesY": "{(EgoVehicle↦-1.8340534211347403E-06),(Vehicles2↦4.000001907348633),(Vehicles3↦8.000001668930054),(Vehicles4↦1.8340534211347403E-06),(Vehicles5↦4.000001907348633)}",
        "VehiclesVy": "{(EgoVehicle↦6.014766995576792E-06),(Vehicles2↦-6.014766995576792E-06),(Vehicles3↦-6.014766995576792E-06),(Vehicles4↦-6.014766995576792E-06),(Vehicles5↦-6.014766995576792E-06)}",
        "VehiclesX": "{(EgoVehicle↦200.0),(Vehicles2↦-1.5923846513032913),(Vehicles3↦31.752553582191467),(Vehicles4↦45.227184891700745),(Vehicles5↦75.65394043922424)}"
      },
      "probabilisticVariables": null,
      "activating": [
        "IDLE_10"
      ],
      "activatingOnlyWhenExecuted": true,
      "updating": null,
      "withPredicate": null
    },
    {
      "id": "IDLE_10",
      "execute": "IDLE",
      "after": "1000",
      "priority": 0,
      "additionalGuards": null,
      "activationKind": null,
      "fixedVariables": {
        "Crash": "FALSE",
        "VehiclesAy": "{(EgoVehicle↦-5.895757020368819E-06),(Vehicles2↦5.895757029250603E-06),(Vehicles3↦5.895757029250603E-06),(Vehicles4↦5.895757029250603E-06),(Vehicles5↦-6.133776961902981E-06)}",
        "Reward": "0.9332932361786904",
        "VehiclesAx": "{(EgoVehicle↦0.009913444519042969),(Vehicles2↦-0.06302118301391602),(Vehicles3↦-0.8020496368408203),(Vehicles4↦1.8698394298553467),(Vehicles5↦-1.657671332359314)}",
        "VehiclesVx": "{(EgoVehicle↦29.99849557876587),(Vehicles2↦-9.9881112575531),(Vehicles3↦-10.707190036773682),(Vehicles4↦-8.821631669998169),(Vehicles5↦-10.522083044052124)}",
        "VehiclesY": "{(EgoVehicle↦-2.783718855425832E-08),(Vehicles2↦8.000000238418579),(Vehicles3↦2.7837191218793578E-08),(Vehicles4↦4.0000001192092896),(Vehicles5↦8.000000238418579)}",
        "VehiclesVy": "{(EgoVehicle↦1.1900997520797318E-07),(Vehicles2↦-1.1900996632618899E-07),(Vehicles3↦-1.1900996632618899E-07),(Vehicles4↦-1.1900996632618899E-07),(Vehicles5↦-1.1900996632618899E-07)}",
        "VehiclesX": "{(EgoVehicle↦200.0),(Vehicles2↦21.8109592795372),(Vehicles3↦34.52745974063873),(Vehicles4↦66.80696606636047),(Vehicles5↦80.88646531105042)}"
      },
      "probabilisticVariables": null,
      "activating": [
        "SLOWER_11"
      ],
      "activatingOnlyWhenExecuted": true,
      "updating": null,
      "withPredicate": null
    },
    {
      "id": "SLOWER_11",
      "execute": "SLOWER",
      "after": "1000",
      "priority": 0,
      "additionalGuards": null,
      "activationKind": null,
      "fixedVariables": {
        "Crash": "FALSE",
        "VehiclesAy": "{(EgoVehicle↦-1.1812414157930107E-07),(Vehicles2↦1.1812413269751687E-07),(Vehicles3↦1.1812413269751687E-07),(Vehicles4↦1.1812413269751687E-07),(Vehicles5↦-1.198957999548611E-07)}",
        "Reward": "0.8175530187560415",
        "VehiclesAx": "{(EgoVehicle↦-4.34025764465332),(Vehicles2↦4.2865777015686035),(Vehicles3↦4.338759183883667),(Vehicles4↦4.374051094055176),(Vehicles5↦4.391076564788818)}",
        "VehiclesVx": "{(EgoVehicle↦25.65823793411255),(Vehicles2↦-5.701533555984497),(Vehicles3↦-6.368430852890015),(Vehicles4↦-4.447580575942993),(Vehicles5↦-6.131006479263306)}",
        "VehiclesY": "{(EgoVehicle↦-2.1571944230913687E-10),(Vehicles2↦8.000000238418579),(Vehicles3↦2.1571811004150732E-10),(Vehicles4↦4.0000001192092896),(Vehicles5↦8.000000238418579)}",
        "VehiclesVy": "{(EgoVehicle↦8.858336286721169E-10),(Vehicles2↦-8.858336286721169E-10),(Vehicles3↦-8.858336286721169E-10),(Vehicles4↦-8.858336286721169E-10),(Vehicles5↦-8.858336286721169E-10)}",
        "VehiclesX": "{(EgoVehicle↦200.0),(Vehicles2↦14.194360375404358),(Vehicles3↦26.213768124580383),(Vehicles4↦60.394418239593506),(Vehicles5↦72.77866005897522)}"
      },
      "probabilisticVariables": null,
      "activating": [
        "LANE_RIGHT_12"
      ],
      "activatingOnlyWhenExecuted": true,
      "updating": null,
      "withPredicate": null
    },
    {
      "id": "LANE_RIGHT_12",
      "execute": "LANE_RIGHT",
      "after": "1000",
      "priority": 0,
      "additionalGuards": null,
      "activationKind": null,
      "fixedVariables": {
        "Crash": "FALSE",
        "VehiclesAy": "{(EgoVehicle↦1.0917468360148774),(Vehicles2↦-1.0917468360148774),(Vehicles3↦-1.0917468360148774),(Vehicles4↦-1.0917468360148774),(Vehicles5↦-1.0917468377865447)}",
        "Reward": "0.8350110522479421",
        "VehiclesAx": "{(EgoVehicle↦-0.5953240394592285),(Vehicles2↦0.5567491054534912),(Vehicles3↦0.5961340665817261),(Vehicles4↦0.6164517998695374),(Vehicles5↦0.6493955850601196)}",
        "VehiclesVx": "{(EgoVehicle↦25.06291389465332),(Vehicles2↦-5.144784450531006),(Vehicles3↦-5.772296786308289),(Vehicles4↦-3.831128776073456),(Vehicles5↦-5.481610894203186)}",
        "VehiclesY": "{(EgoVehicle↦3.6551856994628906),(Vehicles2↦4.3448145389556885),(Vehicles3↦-3.6551856994628906),(Vehicles4↦0.3448144868016243),(Vehicles5↦4.3448145389556885)}",
        "VehiclesVy": "{(EgoVehicle↦1.091746836900711),(Vehicles2↦-1.091746836900711),(Vehicles3↦-1.091746836900711),(Vehicles4↦-1.091746836900711),(Vehicles5↦-1.091746836900711)}",
        "VehiclesX": "{(EgoVehicle↦200.0),(Vehicles2↦9.105414897203445),(Vehicles3↦20.474615693092346),(Vehicles4↦56.585198640823364),(Vehicles5↦67.29822754859924)}"
      },
      "probabilisticVariables": null,
      "activating": [
        "FASTER_13"
      ],
      "activatingOnlyWhenExecuted": true,
      "updating": null,
      "withPredicate": null
    },
    {
      "id": "FASTER_13",
      "execute": "FASTER",
      "after": "1000",
      "priority": 0,
      "additionalGuards": null,
      "activationKind": null,
      "fixedVariables": {
        "Crash": "FALSE",
        "VehiclesAy": "{(EgoVehicle↦-1.0641593020409346),(Vehicles2↦1.0641593020409346),(Vehicles3↦1.0641593020409346),(Vehicles4↦1.0641593020409346),(Vehicles5↦-1.1193343717604876)}",
        "Reward": "0.9494124181163505",
        "VehiclesAx": "{(EgoVehicle↦4.290051460266113),(Vehicles2↦-4.316613674163818),(Vehicles3↦-4.287930130958557),(Vehicles4↦-4.277379214763641),(Vehicles5↦-4.235203862190247)}",
        "VehiclesVx": "{(EgoVehicle↦29.352965354919434),(Vehicles2↦-9.461398124694824),(Vehicles3↦-10.060226917266846),(Vehicles4↦-8.108507990837097),(Vehicles5↦-9.716814756393433)}",
        "VehiclesY": "{(EgoVehicle↦3.993375778198242),(Vehicles2↦4.006624102592468),(Vehicles3↦-3.993375778198242),(Vehicles4↦0.006624078378081322),(Vehicles5↦4.006624102592468)}",
        "VehiclesVy": "{(EgoVehicle↦0.027587534859776497),(Vehicles2↦-0.027587534859776497),(Vehicles3↦-0.027587534859776497),(Vehicles4↦-0.027587534859776497),(Vehicles5↦-0.027587534859776497)}",
        "VehiclesX": "{(EgoVehicle↦200.0),(Vehicles2↦1.5756679698824883),(Vehicles3↦12.32960820198059),(Vehicles4↦50.386208295822144),(Vehicles5↦59.465086460113525)}"
      },
      "probabilisticVariables": null,
      "activating": [
        "IDLE_14"
      ],
      "activatingOnlyWhenExecuted": true,
      "updating": null,
      "withPredicate": null
    },
    {
      "id": "IDLE_14",
      "execute": "IDLE",
      "after": "1000",
      "priority": 0,
      "additionalGuards": null,
      "activationKind": null,
      "fixedVariables": {
        "Crash": "FALSE",
        "VehiclesAy": "{(EgoVehicle↦-0.027489708809298463),(Vehicles2↦0.027489708809298463),(Vehicles3↦0.027489708809298463),(Vehicles4↦0.027489708809298463),(Vehicles5↦-0.02768536091025453)}",
        "Reward": "0.9643945477699029",
        "VehiclesAx": "{(EgoVehicle↦0.561830997467041),(Vehicles2↦-1.1577045917510986),(Vehicles3↦0.02013564109802246),(Vehicles4↦-0.5548274517059326),(Vehicles5↦-0.5076706409454346)}",
        "VehiclesVx": "{(EgoVehicle↦29.914796352386475),(Vehicles2↦-10.619102716445923),(Vehicles3↦-10.040091276168823),(Vehicles4↦-8.66333544254303),(Vehicles5↦-10.224485397338867)}",
        "VehiclesY": "{(EgoVehicle↦4.0000011920928955),(Vehicles2↦-4.0000011920928955),(Vehicles3↦3.999998688697815),(Vehicles4↦-1.2762515950726083E-06),(Vehicles5↦3.999998688697815)}",
        "VehiclesVy": "{(EgoVehicle↦9.782605047803372E-05),(Vehicles2↦-9.782605047803372E-05),(Vehicles3↦-9.782605047803372E-05),(Vehicles4↦-9.782605047803372E-05),(Vehicles5↦-9.782605047803372E-05)}",
        "VehiclesX": "{(EgoVehicle↦200.0),(Vehicles2↦1.9605642184615135),(Vehicles3↦-8.203116059303284),(Vehicles4↦41.97092950344086),(Vehicles5↦49.46008622646332)}"
      },
      "probabilisticVariables": null,
      "activating": [
        "IDLE_15"
      ],
      "activatingOnlyWhenExecuted": true,
      "updating": null,
      "withPredicate": null
    },
    {
      "id": "IDLE_15",
      "execute": "IDLE",
      "after": "1000",
      "priority": 0,
      "additionalGuards": null,
      "activationKind": null,
      "fixedVariables": {
        "Crash": "FALSE",
        "VehiclesAy": "{(EgoVehicle↦-0.00010391572118351178),(Vehicles2↦0.00010391572118351178),(Vehicles3↦0.00010391572118351178),(Vehicles4↦0.00010391572118351178),(Vehicles5↦-9.173637977255567E-05)}",
        "Reward": "0.9663674575943871",
        "VehiclesAx": "{(EgoVehicle↦0.07398366928100586),(Vehicles2↦-0.0704038143157959),(Vehicles3↦1.3059252500534058),(Vehicles4↦-1.5824872255325317),(Vehicles5↦-0.35550832748413086)}",
        "VehiclesVx": "{(EgoVehicle↦29.98878002166748),(Vehicles2↦-10.689506530761719),(Vehicles3↦-8.734166026115417),(Vehicles4↦-10.245822668075562),(Vehicles5↦-10.579993724822998)}",
        "VehiclesY": "{(EgoVehicle↦4.000001907348633),(Vehicles2↦-4.000001907348633),(Vehicles3↦-1.8594917605696537E-06),(Vehicles4↦3.9999979734420776),(Vehicles5↦-4.000001907348633)}",
        "VehiclesVy": "{(EgoVehicle↦-6.089670705478056E-06),(Vehicles2↦6.089670705478056E-06),(Vehicles3↦6.089670705478056E-06),(Vehicles4↦6.089670705478056E-06),(Vehicles5↦6.089670705478056E-06)}",
        "VehiclesX": "{(EgoVehicle↦200.0),(Vehicles2↦-8.697965741157532),(Vehicles3↦33.26829373836517),(Vehicles4↦39.21598792076111),(Vehicles5↦62.295299768447876)}"
      },
      "probabilisticVariables": null,
      "activating": [
        "SLOWER_16"
      ],
      "activatingOnlyWhenExecuted": true,
      "updating": null,
      "withPredicate": null
    },
    {
      "id": "SLOWER_16",
      "execute": "SLOWER",
      "after": "1000",
      "priority": 0,
      "additionalGuards": null,
      "activationKind": null,
      "fixedVariables": {
        "Crash": "FALSE",
        "VehiclesAy": "{(EgoVehicle↦5.917348939732392E-06),(Vehicles2↦-5.917348939732392E-06),(Vehicles3↦-5.917348939732392E-06),(Vehicles4↦-5.917348939732392E-06),(Vehicles5↦6.261992471223721E-06)}",
        "Reward": "0.8508522303553673",
        "VehiclesAx": "{(EgoVehicle↦-4.331822395324707),(Vehicles2↦6.287646293640137),(Vehicles3↦2.8708696365356445),(Vehicles4↦4.000569581985474),(Vehicles5↦5.441057085990906)}",
        "VehiclesVx": "{(EgoVehicle↦25.656957626342773),(Vehicles2↦-4.401860237121582),(Vehicles3↦-5.863296389579773),(Vehicles4↦-6.245253086090088),(Vehicles5↦-5.138936638832092)}",
        "VehiclesY": "{(EgoVehicle↦4.0000001192092896),(Vehicles2↦-5.190368668195333E-08),(Vehicles3↦4.0000001192092896),(Vehicles4↦-4.0000001192092896),(Vehicles5↦4.0000001192092896)}",
        "VehiclesVy": "{(EgoVehicle↦-1.7232176574566438E-07),(Vehicles2↦1.7232176574566438E-07),(Vehicles3↦1.7232176574566438E-07),(Vehicles4↦1.7232176574566438E-07),(Vehicles5↦1.7232176574566438E-07)}",
        "VehiclesX": "{(EgoVehicle↦200.0),(Vehicles2↦26.924186944961548),(Vehicles3↦31.380298733711243),(Vehicles4↦54.105907678604126),(Vehicles5↦97.34635353088379)}"
      },
      "probabilisticVariables": null,
      "activating": [
        "LANE_LEFT_17"
      ],
      "activatingOnlyWhenExecuted": true,
      "updating": null,
      "withPredicate": null
    },
    {
      "id": "LANE_LEFT_17",
      "execute": "LANE_LEFT",
      "after": "1000",
      "priority": 0,
      "additionalGuards": null,
      "activationKind": null,
      "fixedVariables": {
        "Crash": "FALSE",
        "VehiclesAy": "{(EgoVehicle↦-1.0917234932732889),(Vehicles2↦1.0917234932732889),(Vehicles3↦1.0917234932732889),(Vehicles4↦1.0917234932732889),(Vehicles5↦1.0917238379168204)}",
        "Reward": "0.8016732482048882",
        "VehiclesAx": "{(EgoVehicle↦-0.5942106246948242),(Vehicles2↦0.5927866697311401),(Vehicles3↦0.6427896022796631),(Vehicles4↦0.6001240015029907),(Vehicles5↦0.6212857365608215)}",
        "VehiclesVx": "{(EgoVehicle↦25.06274700164795),(Vehicles2↦-3.809073567390442),(Vehicles3↦-5.22050678730011),(Vehicles4↦-5.645129084587097),(Vehicles5↦-4.517650902271271)}",
        "VehiclesY": "{(EgoVehicle↦0.3448052778840065),(Vehicles2↦3.655194640159607),(Vehicles3↦7.6551947593688965),(Vehicles4↦-0.3448052778840065),(Vehicles5↦7.6551947593688965)}",
        "VehiclesVy": "{(EgoVehicle↦-1.0917236655950546),(Vehicles2↦1.0917236655950546),(Vehicles3↦1.0917236655950546),(Vehicles4↦1.0917236655950546),(Vehicles5↦1.0917236655950546)}",
        "VehiclesX": "{(EgoVehicle↦200.0),(Vehicles2↦23.150373995304108),(Vehicles3↦26.1650949716568),(Vehicles4↦48.491284251213074),(Vehicles5↦92.84675717353821)}"
      },
      "probabilisticVariables": null,
      "activating": [
        "FASTER_18"
      ],
      "activatingOnlyWhenExecuted": true,
      "updating": null,
      "withPredicate": null
    },
    {
      "id": "FASTER_18",
      "execute": "FASTER",
      "after": "1000",
      "priority": 0,
      "additionalGuards": null,
      "activationKind": null,
      "fixedVariables": {
        "Crash": "FALSE",
        "VehiclesAy": "{(EgoVehicle↦1.0641370341181755),(Vehicles2↦-1.0641370341181755),(Vehicles3↦-1.0641370341181755),(Vehicles4↦-1.0641370341181755),(Vehicles5↦1.1193102970719337)}",
        "Reward": "0.9160784930823086",
        "VehiclesAx": "{(EgoVehicle↦4.290196895599365),(Vehicles2↦-4.293042421340942),(Vehicles3↦-4.243789911270142),(Vehicles4↦-4.28166389465332),(Vehicles5↦-4.26354855298996)}",
        "VehiclesVx": "{(EgoVehicle↦29.352943897247314),(Vehicles2↦-8.102115988731384),(Vehicles3↦-9.464296698570251),(Vehicles4↦-9.926792979240417),(Vehicles5↦-8.78119945526123)}",
        "VehiclesY": "{(EgoVehicle↦0.0066238450817763805),(Vehicles2↦3.993376135826111),(Vehicles3↦7.9933762550354),(Vehicles4↦-0.0066238450817763805),(Vehicles5↦7.9933762550354)}",
        "VehiclesVy": "{(EgoVehicle↦-0.02758663147687912),(Vehicles2↦0.02758663147687912),(Vehicles3↦0.02758663147687912),(Vehicles4↦0.02758663147687912),(Vehicles5↦0.02758663147687912)}",
        "VehiclesX": "{(EgoVehicle↦200.0),(Vehicles2↦16.966702044010162),(Vehicles3↦18.589766323566437),(Vehicles4↦40.475815534591675),(Vehicles5↦85.96625328063965)}"
      },
      "probabilisticVariables": null,
      "activating": [
        "IDLE_19"
      ],
      "activatingOnlyWhenExecuted": true,
      "updating": null,
      "withPredicate": null
    },
    {
      "id": "IDLE_19",
      "execute": "IDLE",
      "after": "1000",
      "priority": 0,
      "additionalGuards": null,
      "activationKind": null,
      "fixedVariables": {
        "Crash": "FALSE",
        "VehiclesAy": "{(EgoVehicle↦0.027488812438605237),(Vehicles2↦-0.027488812438605237),(Vehicles3↦-0.027488812438605237),(Vehicles4↦-0.027488812438605237),(Vehicles5↦0.027684450515153003)}",
        "Reward": "0.9310611365141904",
        "VehiclesAx": "{(EgoVehicle↦0.5618476867675781),(Vehicles2↦-0.5657988786697388),(Vehicles3↦-0.5175745487213135),(Vehicles4↦-0.5510586500167847),(Vehicles5↦-0.5358171463012695)}",
        "VehiclesVx": "{(EgoVehicle↦29.914791584014893),(Vehicles2↦-8.667914867401123),(Vehicles3↦-9.981871247291565),(Vehicles4↦-10.477851629257202),(Vehicles5↦-9.3170166015625)}",
        "VehiclesY": "{(EgoVehicle↦-1.2772957518336625E-06),(Vehicles2↦4.0000011920928955),(Vehicles3↦8.000000953674316),(Vehicles4↦1.2772957518336625E-06),(Vehicles5↦8.000000953674316)}",
        "VehiclesVy": "{(EgoVehicle↦-9.781903827388305E-05),(Vehicles2↦9.781903827388305E-05),(Vehicles3↦9.781903827388305E-05),(Vehicles4↦9.781903827388305E-05),(Vehicles5↦9.781903827388305E-05)}",
        "VehiclesX": "{(EgoVehicle↦200.0),(Vehicles2↦8.55313241481781),(Vehicles3↦8.833394199609756),(Vehicles4↦30.243217945098877),(Vehicles5↦76.88556909561157)}"
      },
      "probabilisticVariables": null,
      "activating": [
        "SLOWER_20"
      ],
      "activatingOnlyWhenExecuted": true,
      "updating": null,
      "withPredicate": null
    },
    {
      "id": "SLOWER_20",
      "execute": "SLOWER",
      "after": "1000",
      "priority": 0,
      "additionalGuards": null,
      "activationKind": null,
      "fixedVariables": {
        "Crash": "FALSE",
        "VehiclesAy": "{(EgoVehicle↦0.00010412415292648802),(Vehicles2↦-0.00010412415292648802),(Vehicles3↦-0.00010412415292648802),(Vehicles4↦-0.00010412415292648802),(Vehicles5↦9.151392362127808E-05)}",
        "Reward": "0.8172590797061133",
        "VehiclesAx": "{(EgoVehicle↦-4.267575740814209),(Vehicles2↦2.995845675468445),(Vehicles3↦5.576686859130859),(Vehicles4↦4.2802828550338745),(Vehicles5↦4.2928773164749146)}",
        "VehiclesVx": "{(EgoVehicle↦25.647215843200684),(Vehicles2↦-5.672069191932678),(Vehicles3↦-4.405184388160706),(Vehicles4↦-6.197568774223328),(Vehicles5↦-5.0241392850875854)}",
        "VehiclesY": "{(EgoVehicle↦-2.0851292106272012E-06),(Vehicles2↦8.000002384185791),(Vehicles3↦4.000001907348633),(Vehicles4↦2.0851292106272012E-06),(Vehicles5↦8.000002384185791)}",
        "VehiclesVy": "{(EgoVehicle↦6.305114652604971E-06),(Vehicles2↦-6.305114652604971E-06),(Vehicles3↦-6.305114652604971E-06),(Vehicles4↦-6.305114652604971E-06),(Vehicles5↦-6.305114652604971E-06)}",
        "VehiclesX": "{(EgoVehicle↦200.0),(Vehicles2↦1.2228191830217838),(Vehicles3↦2.2375905886292458),(Vehicles4↦22.124555706977844),(Vehicles5↦69.93297934532166)}"
      },
      "probabilisticVariables": null,
      "activating": [
        "SLOWER_21"
      ],
      "activatingOnlyWhenExecuted": true,
      "updating": null,
      "withPredicate": null
    },
    {
      "id": "SLOWER_21",
      "execute": "SLOWER",
      "after": "1000",
      "priority": 0,
      "additionalGuards": null,
      "activationKind": null,
      "fixedVariables": {
        "Crash": "FALSE",
        "VehiclesAy": "{(EgoVehicle↦-5.9946103903030235E-06),(Vehicles2↦5.9946103903030235E-06),(Vehicles3↦5.9946103903030235E-06),(Vehicles4↦5.9946103903030235E-06),(Vehicles5↦-6.615618914906918E-06)}",
        "Reward": "0.6864977663261849",
        "VehiclesAx": "{(EgoVehicle↦-4.903550148010254),(Vehicles2↦6.164830066263676),(Vehicles3↦3.6769451200962067),(Vehicles4↦4.917851686477661),(Vehicles5↦4.928049352020025)}",
        "VehiclesVx": "{(EgoVehicle↦20.74366569519043),(Vehicles2↦0.49276087433099747),(Vehicles3↦-0.7282392680644989),(Vehicles4↦-1.2797170877456665),(Vehicles5↦-0.0960899330675602)}",
        "VehiclesY": "{(EgoVehicle↦-1.077001954286061E-07),(Vehicles2↦4.0000001192092896),(Vehicles3↦8.000000238418579),(Vehicles4↦1.077001954286061E-07),(Vehicles5↦8.000000238418579)}",
        "VehiclesVy": "{(EgoVehicle↦3.1050426230194716E-07),(Vehicles2↦-3.1050426230194716E-07),(Vehicles3↦-3.1050426230194716E-07),(Vehicles4↦-3.1050426230194716E-07),(Vehicles5↦-3.1050426230194716E-07)}",
        "VehiclesX": "{(EgoVehicle↦200.0),(Vehicles2↦0.5353068467229605),(Vehicles3↦-1.72790065407753),(Vehicles4↦18.637678027153015),(Vehicles5↦67.6237940788269)}"
      },
      "probabilisticVariables": null,
      "activating": [
        "SLOWER_22"
      ],
      "activatingOnlyWhenExecuted": true,
      "updating": null,
      "withPredicate": null
    },
    {
      "id": "SLOWER_22",
      "execute": "SLOWER",
      "after": "1000",
      "priority": 0,
      "additionalGuards": null,
      "activationKind": null,
      "fixedVariables": {
        "Crash": "FALSE",
        "VehiclesAy": "{(EgoVehicle↦-2.913991892228296E-07),(Vehicles2↦2.913991892228296E-07),(Vehicles3↦2.913991892228296E-07),(Vehicles4↦2.913991892228296E-07),(Vehicles5↦-3.2960933538106474E-07)}",
        "Reward": "0.669278169502488",
        "VehiclesAx": "{(EgoVehicle↦-0.6457352638244629),(Vehicles2↦0.639469139277935),(Vehicles3↦0.6841829139739275),(Vehicles4↦0.6613467261195183),(Vehicles5↦0.6693982519209385)}",
        "VehiclesVx": "{(EgoVehicle↦20.097930431365967),(Vehicles2↦1.1322300136089325),(Vehicles3↦-0.044056354090571404),(Vehicles4↦-0.6183703616261482),(Vehicles5↦0.5733083188533783)}",
        "VehiclesY": "{(EgoVehicle↦-6.5851177843967434E-09),(Vehicles2↦4.0000001192092896),(Vehicles3↦8.000000238418579),(Vehicles4↦6.585119116664373E-09),(Vehicles5↦8.000000238418579)}",
        "VehiclesVy": "{(EgoVehicle↦1.9105073079117574E-08),(Vehicles2↦-1.9105073079117574E-08),(Vehicles3↦-1.9105073079117574E-08),(Vehicles4↦-1.9105073079117574E-08),(Vehicles5↦-1.9105073079117574E-08)}",
        "VehiclesX": "{(EgoVehicle↦200.0),(Vehicles2↦1.3818366453051567),(Vehicles3↦-2.0843932405114174),(Vehicles4↦17.720337212085724),(Vehicles5↦67.8934633731842)}"
      },
      "probabilisticVariables": null,
      "activating": [
        "SLOWER_23"
      ],
      "activatingOnlyWhenExecuted": true,
      "updating": null,
      "withPredicate": null
    },
    {
      "id": "SLOWER_23",
      "execute": "SLOWER",
      "after": "1000",
      "priority": 0,
      "additionalGuards": null,
      "activationKind": null,
      "fixedVariables": {
        "Crash": "FALSE",
        "VehiclesAy": "{(EgoVehicle↦-1.7918004857619962E-08),(Vehicles2↦1.7917995975835765E-08),(Vehicles3↦1.7917995975835765E-08),(Vehicles4↦1.7917995975835765E-08),(Vehicles5↦-2.0292150182399382E-08)}",
        "Reward": "0.6670105682746761",
        "VehiclesAx": "{(EgoVehicle↦-0.08503437042236328),(Vehicles2↦-1.0545237362384796),(Vehicles3↦1.2544637452811003),(Vehicles4↦0.10170016437768936),(Vehicles5↦0.10784678161144257)}",
        "VehiclesVx": "{(EgoVehicle↦20.012896060943604),(Vehicles2↦0.07770627737045288),(Vehicles3↦1.2104073911905289),(Vehicles4↦-0.5166701972484589),(Vehicles5↦0.6811551004648209)}",
        "VehiclesY": "{(EgoVehicle↦-4.087676863662182E-10),(Vehicles2↦8.000000238418579),(Vehicles3↦4.0000001192092896),(Vehicles4↦4.0876901863384774E-10),(Vehicles5↦8.000000238418579)}",
        "VehiclesVy": "{(EgoVehicle↦1.1870682214976114E-09),(Vehicles2↦-1.1870771032818084E-09),(Vehicles3↦-1.1870771032818084E-09),(Vehicles4↦-1.1870771032818084E-09),(Vehicles5↦-1.1870771032818084E-09)}",
        "VehiclesX": "{(EgoVehicle↦200.0),(Vehicles2↦-2.0667150616645813),(Vehicles3↦2.558278851211071),(Vehicles4↦17.155468463897705),(Vehicles5↦68.5228705406189)}"
      },
      "probabilisticVariables": null,
      "activating": [
        "SLOWER_24"
      ],
      "activatingOnlyWhenExecuted": true,
      "updating": null,
      "withPredicate": null
    },
    {
      "id": "SLOWER_24",
      "execute": "SLOWER",
      "after": "1000",
      "priority": 0,
      "additionalGuards": null,
      "activationKind": null,
      "fixedVariables": {
        "Crash": "FALSE",
        "VehiclesAy": "{(EgoVehicle↦-1.113207304115349E-09),(Vehicles2↦1.113225067683743E-09),(Vehicles3↦1.113225067683743E-09),(Vehicles4↦1.113225067683743E-09),(Vehicles5↦-1.2609291388798738E-09)}",
        "Reward": "0.6667119541212193",
        "VehiclesAx": "{(EgoVehicle↦-0.01119852066040039),(Vehicles2↦0.04631294868886471),(Vehicles3↦0.0038016587495803833),(Vehicles4↦0.028691366314888),(Vehicles5↦0.03315776586532593)}",
        "VehiclesVx": "{(EgoVehicle↦20.001697540283203),(Vehicles2↦0.12401922605931759),(Vehicles3↦1.2142090499401093),(Vehicles4↦-0.48797883093357086),(Vehicles5↦0.7143128663301468)}",
        "VehiclesY": "{(EgoVehicle↦-2.5424995442335785E-11),(Vehicles2↦8.000000238418579),(Vehicles3↦4.0000001192092896),(Vehicles4↦2.5427659977594885E-11),(Vehicles5↦8.000000238418579)}",
        "VehiclesVy": "{(EgoVehicle↦7.386091738226241E-11),(Vehicles2↦-7.385203559806541E-11),(Vehicles3↦-7.385203559806541E-11),(Vehicles4↦-7.385203559806541E-11),(Vehicles5↦-7.385203559806541E-11)}",
        "VehiclesX": "{(EgoVehicle↦200.0),(Vehicles2↦-1.9686603918671608),(Vehicles3↦3.7719465792179108),(Vehicles4↦16.65191501379013),(Vehicles5↦69.21905875205994)}"
      },
      "probabilisticVariables": null,
      "activating": [
        "SLOWER_25"
      ],
      "activatingOnlyWhenExecuted": true,
      "updating": null,
      "withPredicate": null
    },
    {
      "id": "SLOWER_25",
      "execute": "SLOWER",
      "after": "1000",
      "priority": 0,
      "additionalGuards": null,
      "activationKind": null,
      "fixedVariables": {
        "Crash": "FALSE",
        "VehiclesAy": "{(EgoVehicle↦-6.927791673660977E-11),(Vehicles2↦6.926015316821577E-11),(Vehicles3↦6.926015316821577E-11),(Vehicles4↦6.926015316821577E-11),(Vehicles5↦-7.844391802791506E-11)}",
        "Reward": "0.66667263044669",
        "VehiclesAx": "{(EgoVehicle↦-0.0014734268188476562),(Vehicles2↦0.0350783858448267),(Vehicles3↦-0.006417110562324524),(Vehicles4↦0.019600577652454376),(Vehicles5↦0.022592097520828247)}",
        "VehiclesVx": "{(EgoVehicle↦20.000224113464355),(Vehicles2↦0.1590976119041443),(Vehicles3↦1.2077919393777847),(Vehicles4↦-0.4683782532811165),(Vehicles5↦0.736904963850975)}",
        "VehiclesY": "{(EgoVehicle↦-1.5827339439056232E-12),(Vehicles2↦8.000000238418579),(Vehicles3↦4.0000001192092896),(Vehicles4↦1.5853984791647235E-12),(Vehicles5↦8.000000238418579)}",
        "VehiclesVy": "{(EgoVehicle↦4.583000645652646E-12),(Vehicles2↦-4.5918824298496475E-12),(Vehicles3↦-4.5918824298496475E-12),(Vehicles4↦-4.5918824298496475E-12),(Vehicles5↦-4.5918824298496475E-12)}",
        "VehiclesX": "{(EgoVehicle↦200.0),(Vehicles2↦-1.8302692100405693),(Vehicles3↦4.983850568532944),(Vehicles4↦16.171956062316895),(Vehicles5↦69.94269490242004)}"
      },
      "probabilisticVariables": null,
      "activating": [
        "SLOWER_26"
      ],
      "activatingOnlyWhenExecuted": true,
      "updating": null,
      "withPredicate": null
    },
    {
      "id": "SLOWER_26",
      "execute": "SLOWER",
      "after": "1000",
      "priority": 0,
      "additionalGuards": null,
      "activationKind": null,
      "fixedVariables": {
        "Crash": "FALSE",
        "VehiclesAy": "{(EgoVehicle↦-4.298783551348606E-12),(Vehicles2↦4.307665335545607E-12),(Vehicles3↦4.307665335545607E-12),(Vehicles4↦4.307665335545607E-12),(Vehicles5↦-4.8760995241536875E-12)}",
        "Reward": "0.6666674520204144",
        "VehiclesAx": "{(EgoVehicle↦-0.00019550323486328125),(Vehicles2↦0.032381173223257065),(Vehicles3↦-0.008155480027198792),(Vehicles4↦0.01878444105386734),(Vehicles5↦0.020486339926719666)}",
        "VehiclesVx": "{(EgoVehicle↦20.000028610229492),(Vehicles2↦0.19147878512740135),(Vehicles3↦1.199636459350586),(Vehicles4↦-0.44959381222724915),(Vehicles5↦0.7573913037776947)}",
        "VehiclesY": "{(EgoVehicle↦-9.992007221626409E-14),(Vehicles2↦8.000000238418579),(Vehicles3↦4.0000001192092896),(Vehicles4↦1.0125233984581428E-13),(Vehicles5↦8.000000238418579)}",
        "VehiclesVy": "{(EgoVehicle↦2.8421709430404007E-13),(Vehicles2↦-2.8421709430404007E-13),(Vehicles3↦-2.8421709430404007E-13),(Vehicles4↦-2.8421709430404007E-13),(Vehicles5↦-2.8421709430404007E-13)}",
        "VehiclesX": "{(EgoVehicle↦200.0),(Vehicles2↦-1.6580799594521523),(Vehicles3↦6.188444793224335),(Vehicles4↦15.711089968681335),(Vehicles5↦70.68789005279541)}"
      },
      "probabilisticVariables": null,
      "activating": [
        "SLOWER_27"
      ],
      "activatingOnlyWhenExecuted": true,
      "updating": null,
      "withPredicate": null
    },
    {
      "id": "SLOWER_27",
      "execute": "SLOWER",
      "after": "1000",
      "priority": 0,
      "additionalGuards": null,
      "activationKind": null,
      "fixedVariables": {
        "Crash": "FALSE",
        "VehiclesAy": "{(EgoVehicle↦-2.6645352591003757E-13),(Vehicles2↦2.6645352591003757E-13),(Vehicles3↦2.6645352591003757E-13),(Vehicles4↦2.6645352591003757E-13),(Vehicles5↦-3.019806626980426E-13)}",
        "Reward": "0.6666667700877363",
        "VehiclesAx": "{(EgoVehicle↦-2.384185791015625E-05),(Vehicles2↦0.030883047729730606),(Vehicles3↦-0.008748248219490051),(Vehicles4↦0.018936507403850555),(Vehicles5↦0.019513815641403198)}",
        "VehiclesVx": "{(EgoVehicle↦20.000004768371582),(Vehicles2↦0.22236183285713196),(Vehicles3↦1.1908882111310959),(Vehicles4↦-0.4306573048233986),(Vehicles5↦0.7769051194190979)}",
        "VehiclesY": "{(EgoVehicle↦-6.661338147750939E-15),(Vehicles2↦8.000000238418579),(Vehicles3↦4.0000001192092896),(Vehicles4↦7.993605777301127E-15),(Vehicles5↦8.000000238418579)}",
        "VehiclesVy": "{(EgoVehicle↦1.7763568394002505E-14),(Vehicles2↦-1.7763568394002505E-14),(Vehicles3↦-1.7763568394002505E-14),(Vehicles4↦-1.7763568394002505E-14),(Vehicles5↦-1.7763568394002505E-14)}",
        "VehiclesX": "{(EgoVehicle↦200.0),(Vehicles2↦-1.454140990972519),(Vehicles3↦7.384618371725082),(Vehicles4↦15.269054472446442),(Vehicles5↦71.45315408706665)}"
      },
      "probabilisticVariables": null,
      "activating": [
        "SLOWER_28"
      ],
      "activatingOnlyWhenExecuted": true,
      "updating": null,
      "withPredicate": null
    },
    {
      "id": "SLOWER_28",
      "execute": "SLOWER",
      "after": "1000",
      "priority": 0,
      "additionalGuards": null,
      "activationKind": null,
      "fixedVariables": {
        "Crash": "FALSE",
        "VehiclesAy": "{(EgoVehicle↦-1.7763568394002505E-14),(Vehicles2↦1.7763568394002505E-14),(Vehicles3↦1.7763568394002505E-14),(Vehicles4↦1.7763568394002505E-14),(Vehicles5↦-1.7763568394002505E-14)}",
        "Reward": "0.6666666802859021",
        "VehiclesAx": "{(EgoVehicle↦-4.76837158203125E-06),(Vehicles2↦0.02961164340376854),(Vehicles3↦-0.00916309654712677),(Vehicles4↦0.019113346934318542),(Vehicles5↦0.01871265470981598)}",
        "VehiclesVx": "{(EgoVehicle↦20.0),(Vehicles2↦0.2519734762609005),(Vehicles3↦1.1817251145839691),(Vehicles4↦-0.41154395788908005),(Vehicles5↦0.7956177741289139)}",
        "VehiclesY": "{(EgoVehicle↦-1.3322676295501878E-15),(Vehicles2↦8.000000238418579),(Vehicles3↦4.0000001192092896),(Vehicles4↦2.6645352591003757E-15),(Vehicles5↦8.000000238418579)}",
        "VehiclesVy": "{(EgoVehicle↦0.0),(Vehicles2↦0.0),(Vehicles3↦0.0),(Vehicles4↦0.0),(Vehicles5↦0.0)}",
        "VehiclesX": "{(EgoVehicle↦200.0),(Vehicles2↦-1.219837088137865),(Vehicles3↦8.571872115135193),(Vehicles4↦14.846031367778778),(Vehicles5↦72.23760485649109)}"
      },
      "probabilisticVariables": null,
      "activating": [
        "SLOWER_29"
      ],
      "activatingOnlyWhenExecuted": true,
      "updating": null,
      "withPredicate": null
    },
    {
      "id": "SLOWER_29",
      "execute": "SLOWER",
      "after": "1000",
      "priority": 0,
      "additionalGuards": null,
      "activationKind": null,
      "fixedVariables": {
        "Crash": "FALSE",
        "VehiclesAy": "{(EgoVehicle↦0.0),(Vehicles2↦0.0),(Vehicles3↦0.0),(Vehicles4↦0.0),(Vehicles5↦0.0)}",
        "Reward": "0.6666666684601461",
        "VehiclesAx": "{(EgoVehicle↦0.0),(Vehicles2↦0.028433501720428467),(Vehicles3↦-0.009528100490570068),(Vehicles4↦0.019207298755645752),(Vehicles5↦0.017957836389541626)}",
        "VehiclesVx": "{(EgoVehicle↦20.0),(Vehicles2↦0.28040697798132896),(Vehicles3↦1.172197014093399),(Vehicles4↦-0.3923366591334343),(Vehicles5↦0.8135756105184555)}",
        "VehiclesY": "{(EgoVehicle↦-1.3322676295501878E-15),(Vehicles2↦8.000000238418579),(Vehicles3↦4.0000001192092896),(Vehicles4↦2.6645352591003757E-15),(Vehicles5↦8.000000238418579)}",
        "VehiclesVy": "{(EgoVehicle↦0.0),(Vehicles2↦0.0),(Vehicles3↦0.0),(Vehicles4↦0.0),(Vehicles5↦0.0)}",
        "VehiclesX": "{(EgoVehicle↦200.0),(Vehicles2↦-0.9563989005982876),(Vehicles3↦9.749814122915268),(Vehicles4↦14.442166686058044),(Vehicles5↦73.04046750068665)}"
      },
      "probabilisticVariables": null,
      "activating": [
        "SLOWER_30"
      ],
      "activatingOnlyWhenExecuted": true,
      "updating": null,
      "withPredicate": null
    },
    {
      "id": "SLOWER_30",
      "execute": "SLOWER",
      "after": "1000",
      "priority": 0,
      "additionalGuards": null,
      "activationKind": null,
      "fixedVariables": {
        "Crash": "FALSE",
        "VehiclesAy": "{(EgoVehicle↦0.0),(Vehicles2↦0.0),(Vehicles3↦0.0),(Vehicles4↦0.0),(Vehicles5↦0.0)}",
        "Reward": "0.6666666669028452",
        "VehiclesAx": "{(EgoVehicle↦0.0),(Vehicles2↦0.027325954288244247),(Vehicles3↦-0.009860843420028687),(Vehicles4↦0.019218474626541138),(Vehicles5↦-1.0185428522527218)}",
        "VehiclesVx": "{(EgoVehicle↦20.0),(Vehicles2↦0.3077329322695732),(Vehicles3↦1.1623361706733704),(Vehicles4↦-0.37311818450689316),(Vehicles5↦-0.20496724173426628)}",
        "VehiclesY": "{(EgoVehicle↦0.0),(Vehicles2↦8.000000238418579),(Vehicles3↦4.0000001192092896),(Vehicles4↦2.6645352591003757E-15),(Vehicles5↦2.6645352591003757E-15)}",
        "VehiclesVy": "{(EgoVehicle↦0.0),(Vehicles2↦0.0),(Vehicles3↦0.0),(Vehicles4↦0.0),(Vehicles5↦0.0)}",
        "VehiclesX": "{(EgoVehicle↦200.0),(Vehicles2↦-0.6649755872786045),(Vehicles3↦10.918091982603073),(Vehicles4↦14.057520031929016),(Vehicles5↦72.92298078536987)}"
      },
      "probabilisticVariables": null,
      "activating": [
        "SLOWER_31"
      ],
      "activatingOnlyWhenExecuted": true,
      "updating": null,
      "withPredicate": null
    },
    {
      "id": "SLOWER_31",
      "execute": "SLOWER",
      "after": "1000",
      "priority": 0,
      "additionalGuards": null,
      "activationKind": null,
      "fixedVariables": {
        "Crash": "FALSE",
        "VehiclesAy": "{(EgoVehicle↦0.0),(Vehicles2↦0.0),(Vehicles3↦0.0),(Vehicles4↦0.0),(Vehicles5↦0.0)}",
        "Reward": "0.6666666666977683",
        "VehiclesAx": "{(EgoVehicle↦0.0),(Vehicles2↦0.026281513273715973),(Vehicles3↦-0.010164007544517517),(Vehicles4↦0.019159279763698578),(Vehicles5↦0.021224673837423325)}",
        "VehiclesVx": "{(EgoVehicle↦20.0),(Vehicles2↦0.3340144455432892),(Vehicles3↦1.1521721631288528),(Vehicles4↦-0.3539589047431946),(Vehicles5↦-0.18374256789684296)}",
        "VehiclesY": "{(EgoVehicle↦0.0),(Vehicles2↦8.000000238418579),(Vehicles3↦4.0000001192092896),(Vehicles4↦2.6645352591003757E-15),(Vehicles5↦2.6645352591003757E-15)}",
        "VehiclesVy": "{(EgoVehicle↦0.0),(Vehicles2↦0.0),(Vehicles3↦0.0),(Vehicles4↦0.0),(Vehicles5↦0.0)}",
        "VehiclesX": "{(EgoVehicle↦200.0),(Vehicles2↦-0.3466488793492317),(Vehicles3↦12.076386064291),(Vehicles4↦13.692072033882141),(Vehicles5↦72.726571559906)}"
      },
      "probabilisticVariables": null,
      "activating": [
        "SLOWER_32"
      ],
      "activatingOnlyWhenExecuted": true,
      "updating": null,
      "withPredicate": null
    },
    {
      "id": "SLOWER_32",
      "execute": "SLOWER",
      "after": "1000",
      "priority": 0,
      "additionalGuards": null,
      "activationKind": null,
      "fixedVariables": {
        "Crash": "FALSE",
        "VehiclesAy": "{(EgoVehicle↦0.0),(Vehicles2↦0.0),(Vehicles3↦0.0),(Vehicles4↦0.0),(Vehicles5↦0.0)}",
        "Reward": "0.6666666666707624",
        "VehiclesAx": "{(EgoVehicle↦0.0),(Vehicles2↦0.025295093655586243),(Vehicles3↦-0.010437890887260437),(Vehicles4↦0.01904204487800598),(Vehicles5↦0.020425468683242798)}",
        "VehiclesVx": "{(EgoVehicle↦20.0),(Vehicles2↦0.3593095391988754),(Vehicles3↦1.1417342722415924),(Vehicles4↦-0.3349168598651886),(Vehicles5↦-0.16331709921360016)}",
        "VehiclesY": "{(EgoVehicle↦0.0),(Vehicles2↦8.000000238418579),(Vehicles3↦4.0000001192092896),(Vehicles4↦2.6645352591003757E-15),(Vehicles5↦2.6645352591003757E-15)}",
        "VehiclesVy": "{(EgoVehicle↦0.0),(Vehicles2↦0.0),(Vehicles3↦0.0),(Vehicles4↦0.0),(Vehicles5↦0.0)}",
        "VehiclesX": "{(EgoVehicle↦200.0),(Vehicles2↦-0.002439679519739002),(Vehicles3↦13.22440356016159),(Vehicles4↦13.345742225646973),(Vehicles5↦72.55105972290039)}"
      },
      "probabilisticVariables": null,
      "activating": [
        "SLOWER_33"
      ],
      "activatingOnlyWhenExecuted": true,
      "updating": null,
      "withPredicate": null
    },
    {
      "id": "SLOWER_33",
      "execute": "SLOWER",
      "after": "1000",
      "priority": 0,
      "additionalGuards": null,
      "activationKind": null,
      "fixedVariables": {
        "Crash": "FALSE",
        "VehiclesAy": "{(EgoVehicle↦0.0),(Vehicles2↦0.0),(Vehicles3↦0.0),(Vehicles4↦0.0),(Vehicles5↦0.0)}",
        "Reward": "0.6666666666672061",
        "VehiclesAx": "{(EgoVehicle↦0.0),(Vehicles2↦0.024362243711948395),(Vehicles3↦-1.457773745059967),(Vehicles4↦1.4659681171178818),(Vehicles5↦0.0196832325309515)}",
        "VehiclesVx": "{(EgoVehicle↦20.0),(Vehicles2↦0.3836717829108238),(Vehicles3↦-0.31603947281837463),(Vehicles4↦1.1310512572526932),(Vehicles5↦-0.14363386668264866)}",
        "VehiclesY": "{(EgoVehicle↦0.0),(Vehicles2↦8.000000238418579),(Vehicles3↦2.6645352591003757E-15),(Vehicles4↦4.0000001192092896),(Vehicles5↦2.6645352591003757E-15)}",
        "VehiclesVy": "{(EgoVehicle↦0.0),(Vehicles2↦0.0),(Vehicles3↦0.0),(Vehicles4↦0.0),(Vehicles5↦0.0)}",
        "VehiclesX": "{(EgoVehicle↦200.0),(Vehicles2↦0.3666873322799802),(Vehicles3↦13.018390536308289),(Vehicles4↦14.361883699893951),(Vehicles5↦72.39567637443542)}"
      },
      "probabilisticVariables": null,
      "activating": [
        "SLOWER_34"
      ],
      "activatingOnlyWhenExecuted": true,
      "updating": null,
      "withPredicate": null
    },
    {
      "id": "SLOWER_34",
      "execute": "SLOWER",
      "after": "1000",
      "priority": 0,
      "additionalGuards": null,
      "activationKind": null,
      "fixedVariables": {
        "Crash": "FALSE",
        "VehiclesAy": "{(EgoVehicle↦0.0),(Vehicles2↦0.0),(Vehicles3↦0.0),(Vehicles4↦0.0),(Vehicles5↦0.0)}",
        "Reward": "0.6666666666667377",
        "VehiclesAx": "{(EgoVehicle↦0.0),(Vehicles2↦0.023479163646697998),(Vehicles3↦0.018674563616514206),(Vehicles4↦-0.01089923083782196),(Vehicles5↦0.01899203285574913)}",
        "VehiclesVx": "{(EgoVehicle↦20.0),(Vehicles2↦0.4071509465575218),(Vehicles3↦-0.29736490920186043),(Vehicles4↦1.1201520264148712),(Vehicles5↦-0.12464183382689953)}",
        "VehiclesY": "{(EgoVehicle↦0.0),(Vehicles2↦8.000000238418579),(Vehicles3↦2.6645352591003757E-15),(Vehicles4↦4.0000001192092896),(Vehicles5↦2.6645352591003757E-15)}",
        "VehiclesVy": "{(EgoVehicle↦0.0),(Vehicles2↦0.0),(Vehicles3↦0.0),(Vehicles4↦0.0),(Vehicles5↦0.0)}",
        "VehiclesX": "{(EgoVehicle↦200.0),(Vehicles2↦0.7598195225000381),(Vehicles3↦12.709838151931763),(Vehicles4↦15.48859030008316),(Vehicles5↦72.25968837738037)}"
      },
      "probabilisticVariables": null,
      "activating": [
        "LANE_RIGHT_35"
      ],
      "activatingOnlyWhenExecuted": true,
      "updating": null,
      "withPredicate": null
    },
    {
      "id": "LANE_RIGHT_35",
      "execute": "LANE_RIGHT",
      "after": "1000",
      "priority": 0,
      "additionalGuards": null,
      "activationKind": null,
      "fixedVariables": {
        "Crash": "FALSE",
        "VehiclesAy": "{(EgoVehicle↦1.1458635330200195),(Vehicles2↦-1.1458635330200195),(Vehicles3↦-1.1458635330200195),(Vehicles4↦-1.1458635330200195),(Vehicles5↦-1.1458635330200195)}",
        "Reward": "0.7000000000000001",
        "VehiclesAx": "{(EgoVehicle↦-0.0328516960144043),(Vehicles2↦0.05549423396587372),(Vehicles3↦0.051293279975652695),(Vehicles4↦0.02176515758037567),(Vehicles5↦0.05119888111948967)}",
        "VehiclesVx": "{(EgoVehicle↦19.967148303985596),(Vehicles2↦0.46264518052339554),(Vehicles3↦-0.24607162922620773),(Vehicles4↦1.1419171839952469),(Vehicles5↦-0.07344295270740986)}",
        "VehiclesY": "{(EgoVehicle↦3.6036994457244873),(Vehicles2↦4.396300435066223),(Vehicles3↦-3.6036994457244873),(Vehicles4↦0.39630044996738434),(Vehicles5↦-3.6036994457244873)}",
        "VehiclesVy": "{(EgoVehicle↦1.1458635330200195),(Vehicles2↦-1.1458635330200195),(Vehicles3↦-1.1458635330200195),(Vehicles4↦-1.1458635330200195),(Vehicles5↦-1.1458635330200195)}",
        "VehiclesX": "{(EgoVehicle↦200.0),(Vehicles2↦1.5626858919858932),(Vehicles3↦12.806463241577148),(Vehicles4↦16.990914940834045),(Vehicles5↦72.5290298461914)}"
      },
      "probabilisticVariables": null,
      "activating": [
        "IDLE_36"
      ],
      "activatingOnlyWhenExecuted": true,
      "updating": null,
      "withPredicate": null
    },
    {
      "id": "IDLE_36",
      "execute": "IDLE",
      "after": "1000",
      "priority": 0,
      "additionalGuards": null,
      "activationKind": null,
      "fixedVariables": {
        "Crash": "FALSE",
        "VehiclesAy": "{(EgoVehicle↦-1.074060839600861),(Vehicles2↦1.074060839600861),(Vehicles3↦1.074060839600861),(Vehicles4↦1.074060839600861),(Vehicles5↦-1.217666226439178)}",
        "Reward": "0.7000000000000001",
        "VehiclesAx": "{(EgoVehicle↦0.03272294998168945),(Vehicles2↦-0.010874904692173004),(Vehicles3↦-0.014539230614900589),(Vehicles4↦-0.04396945238113403),(Vehicles5↦-0.014980053529143333)}",
        "VehiclesVx": "{(EgoVehicle↦19.999871253967285),(Vehicles2↦0.45177027583122253),(Vehicles3↦-0.2606108598411083),(Vehicles4↦1.0979477316141129),(Vehicles5↦-0.08842300623655319)}",
        "VehiclesY": "{(EgoVehicle↦3.9752776622772217),(Vehicles2↦4.024722576141357),(Vehicles3↦-3.9752776622772217),(Vehicles4↦0.02472245693206787),(Vehicles5↦-3.9752776622772217)}",
        "VehiclesVy": "{(EgoVehicle↦0.07180269341915846),(Vehicles2↦-0.07180269341915846),(Vehicles3↦-0.07180269341915846),(Vehicles4↦-0.07180269341915846),(Vehicles5↦-0.07180269341915846)}",
        "VehiclesX": "{(EgoVehicle↦200.0),(Vehicles2↦2.0065657794475555),(Vehicles3↦12.540119886398315),(Vehicles4↦18.10077875852585),(Vehicles5↦72.43516445159912)}"
      },
      "probabilisticVariables": null,
      "activating": [
        "SLOWER_37"
      ],
      "activatingOnlyWhenExecuted": true,
      "updating": null,
      "withPredicate": null
    },
    {
      "id": "SLOWER_37",
      "execute": "SLOWER",
      "after": "1000",
      "priority": 0,
      "additionalGuards": null,
      "activationKind": null,
      "fixedVariables": {
        "Crash": "FALSE",
        "VehiclesAy": "{(EgoVehicle↦-0.06733491318300366),(Vehicles2↦0.06733491318300366),(Vehicles3↦0.06733491318300366),(Vehicles4↦0.06733491318300366),(Vehicles5↦-0.07627047365531325)}",
        "Reward": "0.7000000000000001",
        "VehiclesAx": "{(EgoVehicle↦0.00012874603271484375),(Vehicles2↦0.02096600830554962),(Vehicles3↦0.017779842019081116),(Vehicles4↦-0.011506006121635437),(Vehicles5↦0.017048637382686138)}",
        "VehiclesVx": "{(EgoVehicle↦20.0),(Vehicles2↦0.47273628413677216),(Vehicles3↦-0.2428310178220272),(Vehicles4↦1.0864417254924774),(Vehicles5↦-0.07137436885386705)}",
        "VehiclesY": "{(EgoVehicle↦3.998461604118347),(Vehicles2↦4.001538276672363),(Vehicles3↦-3.998461604118347),(Vehicles4↦0.001538257347419858),(Vehicles5↦-3.998461604118347)}",
        "VehiclesVy": "{(EgoVehicle↦0.004467780236154795),(Vehicles2↦-0.004467780236154795),(Vehicles3↦-0.004467780236154795),(Vehicles4↦-0.004467780236154795),(Vehicles5↦-0.004467780236154795)}",
        "VehiclesX": "{(EgoVehicle↦200.0),(Vehicles2↦2.466724254190922),(Vehicles3↦12.286587059497833),(Vehicles4↦19.19407695531845),(Vehicles5↦72.35354781150818)}"
      },
      "probabilisticVariables": null,
      "activating": [
        "SLOWER_38"
      ],
      "activatingOnlyWhenExecuted": true,
      "updating": null,
      "withPredicate": null
    },
    {
      "id": "SLOWER_38",
      "execute": "SLOWER",
      "after": "1000",
      "priority": 0,
      "additionalGuards": null,
      "activationKind": null,
      "fixedVariables": {
        "Crash": "FALSE",
        "VehiclesAy": "{(EgoVehicle↦-0.0041897953997249715),(Vehicles2↦0.0041897953997249715),(Vehicles3↦0.0041897953997249715),(Vehicles4↦0.0041897953997249715),(Vehicles5↦-0.004745765072584618)}",
        "Reward": "0.7000000000000001",
        "VehiclesAx": "{(EgoVehicle↦0.0),(Vehicles2↦0.020377449691295624),(Vehicles3↦0.01761818304657936),(Vehicles4↦-0.011481791734695435),(Vehicles5↦0.016644620336592197)}",
        "VehiclesVx": "{(EgoVehicle↦20.0),(Vehicles2↦0.4931137338280678),(Vehicles3↦-0.22521283477544785),(Vehicles4↦1.074959933757782),(Vehicles5↦-0.05472974851727486)}",
        "VehiclesY": "{(EgoVehicle↦3.9999042749404907),(Vehicles2↦4.00009560585022),(Vehicles3↦-3.9999042749404907),(Vehicles4↦9.571019108989276E-05),(Vehicles5↦-3.9999042749404907)}",
        "VehiclesVy": "{(EgoVehicle↦0.0002779848364298232),(Vehicles2↦-0.0002779848364298232),(Vehicles3↦-0.0002779848364298232),(Vehicles4↦-0.0002779848364298232),(Vehicles5↦-0.0002779848364298232)}",
        "VehiclesX": "{(EgoVehicle↦200.0),(Vehicles2↦2.9476672410964966),(Vehicles3↦12.050826102495193),(Vehicles4↦20.275932550430298),(Vehicles5↦72.2888708114624)}"
      },
      "probabilisticVariables": null,
      "activating": [
        "SLOWER_39"
      ],
      "activatingOnlyWhenExecuted": true,
      "updating": null,
      "withPredicate": null
    },
    {
      "id": "SLOWER_39",
      "execute": "SLOWER",
      "after": "1000",
      "priority": 0,
      "additionalGuards": null,
      "activationKind": null,
      "fixedVariables": {
        "Crash": "FALSE",
        "VehiclesAy": "{(EgoVehicle↦-0.0002606886528155883),(Vehicles2↦0.0002606886528155883),(Vehicles3↦0.0002606886528155883),(Vehicles4↦0.0002606886528155883),(Vehicles5↦-0.0002952810200440581)}",
        "Reward": "0.7000000000000001",
        "VehiclesAx": "{(EgoVehicle↦0.0),(Vehicles2↦0.019696615636348724),(Vehicles3↦0.017319191247224808),(Vehicles4↦-0.01155763864517212),(Vehicles5↦0.016144320834428072)}",
        "VehiclesVx": "{(EgoVehicle↦20.0),(Vehicles2↦0.5128103494644165),(Vehicles3↦-0.20789364352822304),(Vehicles4↦1.0634022951126099),(Vehicles5↦-0.038585427682846785)}",
        "VehiclesY": "{(EgoVehicle↦3.9999940395355225),(Vehicles2↦4.000005841255188),(Vehicles3↦-3.9999940395355225),(Vehicles4↦5.955076858299435E-06),(Vehicles5↦-3.9999940395355225)}",
        "VehiclesVy": "{(EgoVehicle↦1.7296183614234906E-05),(Vehicles2↦-1.7296183614234906E-05),(Vehicles3↦-1.7296183614234906E-05),(Vehicles4↦-1.7296183614234906E-05),(Vehicles5↦-1.7296183614234906E-05)}",
        "VehiclesX": "{(EgoVehicle↦200.0),(Vehicles2↦3.4487128257751465),(Vehicles3↦11.832565814256668),(Vehicles4↦21.34627401828766),(Vehicles5↦72.24063873291016)}"
      },
      "probabilisticVariables": null,
      "activating": [
        "SLOWER_40"
      ],
      "activatingOnlyWhenExecuted": true,
      "updating": null,
      "withPredicate": null
    },
    {
      "id": "SLOWER_40",
      "execute": "SLOWER",
      "after": "1000",
      "priority": 0,
      "additionalGuards": null,
      "activationKind": null,
      "fixedVariables": {
        "Crash": "FALSE",
        "VehiclesAy": "{(EgoVehicle↦-1.6220017187151825E-05),(Vehicles2↦1.6220017187151825E-05),(Vehicles3↦1.6220017187151825E-05),(Vehicles4↦1.6220017187151825E-05),(Vehicles5↦-1.8372350041317986E-05)}",
        "Reward": "0.7000000000000001",
        "VehiclesAx": "{(EgoVehicle↦0.0),(Vehicles2↦0.019048042595386505),(Vehicles3↦0.017012953758239746),(Vehicles4↦-0.011607334017753601),(Vehicles5↦0.01567194703966379)}",
        "VehiclesVx": "{(EgoVehicle↦20.0),(Vehicles2↦0.531858392059803),(Vehicles3↦-0.1908806897699833),(Vehicles4↦1.0517949610948563),(Vehicles5↦-0.022913480643182993)}",
        "VehiclesY": "{(EgoVehicle↦3.999999761581421),(Vehicles2↦4.000000476837158),(Vehicles3↦-3.999999761581421),(Vehicles4↦3.705241340412613E-07),(Vehicles5↦-3.999999761581421)}",
        "VehiclesVy": "{(EgoVehicle↦1.0761664270830806E-06),(Vehicles2↦-1.0761664270830806E-06),(Vehicles3↦-1.0761664270830806E-06),(Vehicles4↦-1.0761664270830806E-06),(Vehicles5↦-1.0761664270830806E-06)}",
        "VehiclesX": "{(EgoVehicle↦200.0),(Vehicles2↦3.9691928774118423),(Vehicles3↦11.631501466035843),(Vehicles4↦22.4050372838974),(Vehicles5↦72.20836281776428)}"
      },
      "probabilisticVariables": null,
      "activating": [
        "SLOWER_41"
      ],
      "activatingOnlyWhenExecuted": true,
      "updating": null,
      "withPredicate": null
    },
    {
      "id": "SLOWER_41",
      "execute": "SLOWER",
      "after": "1000",
      "priority": 0,
      "additionalGuards": null,
      "activationKind": null,
      "fixedVariables": {
        "Crash": "FALSE",
        "VehiclesAy": "{(EgoVehicle↦-1.0092074731460343E-06),(Vehicles2↦1.0092074820278185E-06),(Vehicles3↦1.0092074820278185E-06),(Vehicles4↦1.0092074820278185E-06),(Vehicles5↦-1.1431253721383428E-06)}",
        "Reward": "0.7000000000000001",
        "VehiclesAx": "{(EgoVehicle↦0.0),(Vehicles2↦0.018430352210998535),(Vehicles3↦0.01670265570282936),(Vehicles4↦-0.011630803346633911),(Vehicles5↦0.015225583338178694)}",
        "VehiclesVx": "{(EgoVehicle↦20.0),(Vehicles2↦0.5502887442708015),(Vehicles3↦-0.17417803406715393),(Vehicles4↦1.0401641577482224),(Vehicles5↦-0.007687897305004299)}",
        "VehiclesY": "{(EgoVehicle↦4.0000001192092896),(Vehicles2↦4.0000001192092896),(Vehicles3↦-4.0000001192092896),(Vehicles4↦2.3053966735631093E-08),(Vehicles5↦-4.0000001192092896)}",
        "VehiclesVy": "{(EgoVehicle↦6.695895393704632E-08),(Vehicles2↦-6.695894505526212E-08),(Vehicles3↦-6.695894505526212E-08),(Vehicles4↦-6.695894505526212E-08),(Vehicles5↦-6.695894505526212E-08)}",
        "VehiclesX": "{(EgoVehicle↦200.0),(Vehicles2↦4.508471488952637),(Vehicles3↦11.447326838970184),(Vehicles4↦23.45218062400818),(Vehicles5↦72.19157218933105)}"
      },
      "probabilisticVariables": null,
      "activating": [
        "SLOWER_42"
      ],
      "activatingOnlyWhenExecuted": true,
      "updating": null,
      "withPredicate": null
    },
    {
      "id": "SLOWER_42",
      "execute": "SLOWER",
      "after": "1000",
      "priority": 0,
      "additionalGuards": null,
      "activationKind": null,
      "fixedVariables": {
        "Crash": "FALSE",
        "VehiclesAy": "{(EgoVehicle↦-6.279277542375894E-08),(Vehicles2↦6.279276654197474E-08),(Vehicles3↦6.279276654197474E-08),(Vehicles4↦6.279276654197474E-08),(Vehicles5↦-7.11251235685495E-08)}",
        "Reward": "0.7000000000000001",
        "VehiclesAx": "{(EgoVehicle↦0.0),(Vehicles2↦0.017841607332229614),(Vehicles3↦0.01639045774936676),(Vehicles4↦-0.011628866195678711),(Vehicles5↦0.014803087688051164)}",
        "VehiclesVx": "{(EgoVehicle↦20.0),(Vehicles2↦0.5681303516030312),(Vehicles3↦-0.15778757631778717),(Vehicles4↦1.0285352915525436),(Vehicles5↦0.0071151903830468655)}",
        "VehiclesY": "{(EgoVehicle↦4.0000001192092896),(Vehicles2↦4.0000001192092896),(Vehicles3↦-4.0000001192092896),(Vehicles4↦1.4344152532430599E-09),(Vehicles5↦-4.0000001192092896)}",
        "VehiclesVy": "{(EgoVehicle↦4.1661785132873774E-09),(Vehicles2↦-4.1661785132873774E-09),(Vehicles3↦-4.1661785132873774E-09),(Vehicles4↦-4.1661785132873774E-09),(Vehicles5↦-4.1661785132873774E-09)}",
        "VehiclesX": "{(EgoVehicle↦200.0),(Vehicles2↦5.065942928195),(Vehicles3↦11.279730498790741),(Vehicles4↦24.48769211769104),(Vehicles5↦72.18983769416809)}"
      },
      "probabilisticVariables": null,
      "activating": [
        "SLOWER_43"
      ],
      "activatingOnlyWhenExecuted": true,
      "updating": null,
      "withPredicate": null
    },
    {
      "id": "SLOWER_43",
      "execute": "SLOWER",
      "after": "1000",
      "priority": 0,
      "additionalGuards": null,
      "activationKind": null,
      "fixedVariables": {
        "Crash": "FALSE",
        "VehiclesAy": "{(EgoVehicle↦-3.906954759713699E-09),(Vehicles2↦3.906954759713699E-09),(Vehicles3↦3.906954759713699E-09),(Vehicles4↦3.906954759713699E-09),(Vehicles5↦-4.425402266861056E-09)}",
        "Reward": "0.7000000000000001",
        "VehiclesAx": "{(EgoVehicle↦0.0),(Vehicles2↦0.01728009432554245),(Vehicles3↦0.016078241169452667),(Vehicles4↦-0.011602118611335754),(Vehicles5↦0.014402542728930712)}",
        "VehiclesVx": "{(EgoVehicle↦20.0),(Vehicles2↦0.5854104459285736),(Vehicles3↦-0.1417093351483345),(Vehicles4↦1.0169331729412079),(Vehicles5↦0.021517733111977577)}",
        "VehiclesY": "{(EgoVehicle↦4.0000001192092896),(Vehicles2↦4.0000001192092896),(Vehicles3↦-4.0000001192092896),(Vehicles4↦8.924860850356708E-11),(Vehicles5↦-4.0000001192092896)}",
        "VehiclesVy": "{(EgoVehicle↦2.5922375357367855E-10),(Vehicles2↦-2.5922375357367855E-10),(Vehicles3↦-2.5922375357367855E-10),(Vehicles4↦-2.5922375357367855E-10),(Vehicles5↦-2.5922375357367855E-10)}",
        "VehiclesX": "{(EgoVehicle↦200.0),(Vehicles2↦5.64102940261364),(Vehicles3↦11.128398776054382),(Vehicles4↦25.51158368587494),(Vehicles5↦72.20274806022644)}"
      },
      "probabilisticVariables": null,
      "activating": [
        "SLOWER_44"
      ],
      "activatingOnlyWhenExecuted": true,
      "updating": null,
      "withPredicate": null
    },
    {
      "id": "SLOWER_44",
      "execute": "SLOWER",
      "after": "1000",
      "priority": 0,
      "additionalGuards": null,
      "activationKind": null,
      "fixedVariables": {
        "Crash": "FALSE",
        "VehiclesAy": "{(EgoVehicle↦-2.430944334719243E-10),(Vehicles2↦2.430944334719243E-10),(Vehicles3↦2.430944334719243E-10),(Vehicles4↦2.430944334719243E-10),(Vehicles5↦-2.753530736754328E-10)}",
        "Reward": "0.7000000000000001",
        "VehiclesAx": "{(EgoVehicle↦0.0),(Vehicles2↦0.016744285821914673),(Vehicles3↦0.015767430886626244),(Vehicles4↦-0.011551454663276672),(Vehicles5↦0.014022225514054298)}",
        "VehiclesVx": "{(EgoVehicle↦20.0),(Vehicles2↦0.6021547317504883),(Vehicles3↦-0.12594190426170826),(Vehicles4↦1.0053817182779312),(Vehicles5↦0.035539958626031876)}",
        "VehiclesY": "{(EgoVehicle↦4.0000001192092896),(Vehicles2↦4.0000001192092896),(Vehicles3↦-4.0000001192092896),(Vehicles4↦5.552891479965183E-12),(Vehicles5↦-4.0000001192092896)}",
        "VehiclesVy": "{(EgoVehicle↦1.6129320101754274E-11),(Vehicles2↦-1.6129320101754274E-11),(Vehicles3↦-1.6129320101754274E-11),(Vehicles4↦-1.6129320101754274E-11),(Vehicles5↦-1.6129320101754274E-11)}",
        "VehiclesX": "{(EgoVehicle↦200.0),(Vehicles2↦6.233179196715355),(Vehicles3↦10.993020981550217),(Vehicles4↦26.52389109134674),(Vehicles5↦72.22990393638611)}"
      },
      "probabilisticVariables": null,
      "activating": [
        "SLOWER_45"
      ],
      "activatingOnlyWhenExecuted": true,
      "updating": null,
      "withPredicate": null
    },
    {
      "id": "SLOWER_45",
      "execute": "SLOWER",
      "after": "1000",
      "priority": 0,
      "additionalGuards": null,
      "activationKind": null,
      "fixedVariables": {
        "Crash": "FALSE",
        "VehiclesAy": "{(EgoVehicle↦-1.511679670329613E-11),(Vehicles2↦1.511679670329613E-11),(Vehicles3↦1.511679670329613E-11),(Vehicles4↦1.511679670329613E-11),(Vehicles5↦-1.7141843500212417E-11)}",
        "Reward": "0.7000000000000001",
        "VehiclesAx": "{(EgoVehicle↦0.0),(Vehicles2↦0.016232654452323914),(Vehicles3↦0.015459274873137474),(Vehicles4↦-0.011477693915367126),(Vehicles5↦0.013660588301718235)}",
        "VehiclesVx": "{(EgoVehicle↦20.0),(Vehicles2↦0.6183873862028122),(Vehicles3↦-0.11048262938857079),(Vehicles4↦0.9939040243625641),(Vehicles5↦0.04920054692775011)}",
        "VehiclesY": "{(EgoVehicle↦4.0000001192092896),(Vehicles2↦4.0000001192092896),(Vehicles3↦-4.0000001192092896),(Vehicles4↦3.4638958368304884E-13),(Vehicles5↦-4.0000001192092896)}",
        "VehiclesVy": "{(EgoVehicle↦1.0125233984581428E-12),(Vehicles2↦-1.0125233984581428E-12),(Vehicles3↦-1.0125233984581428E-12),(Vehicles4↦-1.0125233984581428E-12),(Vehicles5↦-1.0125233984581428E-12)}",
        "VehiclesX": "{(EgoVehicle↦200.0),(Vehicles2↦6.841867417097092),(Vehicles3↦10.873287916183472),(Vehicles4↦27.52467393875122),(Vehicles5↦72.27093577384949)}"
      },
      "probabilisticVariables": null,
      "activating": [
        "SLOWER_46"
      ],
      "activatingOnlyWhenExecuted": true,
      "updating": null,
      "withPredicate": null
    },
    {
      "id": "SLOWER_46",
      "execute": "SLOWER",
      "after": "1000",
      "priority": 0,
      "additionalGuards": null,
      "activationKind": null,
      "fixedVariables": {
        "Crash": "FALSE",
        "VehiclesAy": "{(EgoVehicle↦-9.592326932761353E-13),(Vehicles2↦9.592326932761353E-13),(Vehicles3↦9.592326932761353E-13),(Vehicles4↦9.592326932761353E-13),(Vehicles5↦-1.0658141036401503E-12)}",
        "Reward": "0.7000000000000001",
        "VehiclesAx": "{(EgoVehicle↦0.0),(Vehicles2↦0.01574389636516571),(Vehicles3↦0.01515471376478672),(Vehicles4↦-0.011381730437278748),(Vehicles5↦0.013316241092979908)}",
        "VehiclesVx": "{(EgoVehicle↦20.0),(Vehicles2↦0.6341312825679779),(Vehicles3↦-0.09532791562378407),(Vehicles4↦0.9825222939252853),(Vehicles5↦0.06251678802073002)}",
        "VehiclesY": "{(EgoVehicle↦4.0000001192092896),(Vehicles2↦4.0000001192092896),(Vehicles3↦-4.0000001192092896),(Vehicles4↦2.398081733190338E-14),(Vehicles5↦-4.0000001192092896)}",
        "VehiclesVy": "{(EgoVehicle↦5.3290705182007514E-14),(Vehicles2↦-5.3290705182007514E-14),(Vehicles3↦-5.3290705182007514E-14),(Vehicles4↦-5.3290705182007514E-14),(Vehicles5↦-5.3290705182007514E-14)}",
        "VehiclesX": "{(EgoVehicle↦200.0),(Vehicles2↦7.466590404510498),(Vehicles3↦10.768891125917435),(Vehicles4↦28.514018654823303),(Vehicles5↦72.32548594474792)}"
      },
      "probabilisticVariables": null,
      "activating": [
        "SLOWER_47"
      ],
      "activatingOnlyWhenExecuted": true,
      "updating": null,
      "withPredicate": null
    },
    {
      "id": "SLOWER_47",
      "execute": "SLOWER",
      "after": "1000",
      "priority": 0,
      "additionalGuards": null,
      "activationKind": null,
      "fixedVariables": {
        "Crash": "FALSE",
        "VehiclesAy": "{(EgoVehicle↦-3.552713678800501E-14),(Vehicles2↦3.552713678800501E-14),(Vehicles3↦3.552713678800501E-14),(Vehicles4↦3.552713678800501E-14),(Vehicles5↦-7.105427357601002E-14)}",
        "Reward": "0.7000000000000001",
        "VehiclesAx": "{(EgoVehicle↦0.0),(Vehicles2↦0.015276670455932617),(Vehicles3↦0.014854539185762405),(Vehicles4↦-0.011264681816101074),(Vehicles5↦0.012987926602363586)}",
        "VehiclesVx": "{(EgoVehicle↦20.0),(Vehicles2↦0.6494079530239105),(Vehicles3↦-0.08047337643802166),(Vehicles4↦0.9712576121091843),(Vehicles5↦0.0755047146230936)}",
        "VehiclesY": "{(EgoVehicle↦4.0000001192092896),(Vehicles2↦4.0000001192092896),(Vehicles3↦-4.0000001192092896),(Vehicles4↦0.0),(Vehicles5↦-4.0000001192092896)}",
        "VehiclesVy": "{(EgoVehicle↦1.7763568394002505E-14),(Vehicles2↦-1.7763568394002505E-14),(Vehicles3↦-1.7763568394002505E-14),(Vehicles4↦-1.7763568394002505E-14),(Vehicles5↦-1.7763568394002505E-14)}",
        "VehiclesX": "{(EgoVehicle↦200.0),(Vehicles2↦8.106868714094162),(Vehicles3↦10.67952886223793),(Vehicles4↦29.492023587226868),(Vehicles5↦72.39322662353516)}"
      },
      "probabilisticVariables": null,
      "activating": [
        "SLOWER_48"
      ],
      "activatingOnlyWhenExecuted": true,
      "updating": null,
      "withPredicate": null
    },
    {
      "id": "SLOWER_48",
      "execute": "SLOWER",
      "after": "1000",
      "priority": 0,
      "additionalGuards": null,
      "activationKind": null,
      "fixedVariables": {
        "Crash": "FALSE",
        "VehiclesAy": "{(EgoVehicle↦-1.7763568394002505E-14),(Vehicles2↦1.7763568394002505E-14),(Vehicles3↦1.7763568394002505E-14),(Vehicles4↦1.7763568394002505E-14),(Vehicles5↦-1.7763568394002505E-14)}",
        "Reward": "0.7000000000000001",
        "VehiclesAx": "{(EgoVehicle↦0.0),(Vehicles2↦0.014829933643341064),(Vehicles3↦0.01455935649573803),(Vehicles4↦-0.011127367615699768),(Vehicles5↦0.012674489989876747)}",
        "VehiclesVx": "{(EgoVehicle↦20.0),(Vehicles2↦0.6642378866672516),(Vehicles3↦-0.06591401994228363),(Vehicles4↦0.9601302444934845),(Vehicles5↦0.08817920461297035)}",
        "VehiclesY": "{(EgoVehicle↦4.0000001192092896),(Vehicles2↦4.0000001192092896),(Vehicles3↦-4.0000001192092896),(Vehicles4↦0.0),(Vehicles5↦-4.0000001192092896)}",
        "VehiclesVy": "{(EgoVehicle↦0.0),(Vehicles2↦0.0),(Vehicles3↦0.0),(Vehicles4↦0.0),(Vehicles5↦0.0)}",
        "VehiclesX": "{(EgoVehicle↦200.0),(Vehicles2↦8.762243390083313),(Vehicles3↦10.604902356863022),(Vehicles4↦30.45881986618042),(Vehicles5↦72.47382402420044)}"
      },
      "probabilisticVariables": null,
      "activating": [
        "SLOWER_49"
      ],
      "activatingOnlyWhenExecuted": true,
      "updating": null,
      "withPredicate": null
    },
    {
      "id": "SLOWER_49",
      "execute": "SLOWER",
      "after": "1000",
      "priority": 0,
      "additionalGuards": null,
      "activationKind": null,
      "fixedVariables": {
        "Crash": "FALSE",
        "VehiclesAy": "{(EgoVehicle↦0.0),(Vehicles2↦0.0),(Vehicles3↦0.0),(Vehicles4↦0.0),(Vehicles5↦0.0)}",
        "Reward": "0.7000000000000001",
        "VehiclesAx": "{(EgoVehicle↦0.0),(Vehicles2↦0.014402344822883606),(Vehicles3↦0.014269626699388027),(Vehicles4↦-0.010971054434776306),(Vehicles5↦0.012374920770525932)}",
        "VehiclesVx": "{(EgoVehicle↦20.0),(Vehicles2↦0.6786402314901352),(Vehicles3↦-0.0516443932428956),(Vehicles4↦0.9491591900587082),(Vehicles5↦0.10055412538349628)}",
        "VehiclesY": "{(EgoVehicle↦4.0000001192092896),(Vehicles2↦4.0000001192092896),(Vehicles3↦-4.0000001192092896),(Vehicles4↦0.0),(Vehicles5↦-4.0000001192092896)}",
        "VehiclesVy": "{(EgoVehicle↦0.0),(Vehicles2↦0.0),(Vehicles3↦0.0),(Vehicles4↦0.0),(Vehicles5↦0.0)}",
        "VehiclesX": "{(EgoVehicle↦200.0),(Vehicles2↦9.432275593280792),(Vehicles3↦10.54471954703331),(Vehicles4↦31.414547562599182),(Vehicles5↦72.5669801235199)}"
      },
      "probabilisticVariables": null,
      "activating": [
        "SLOWER_50"
      ],
      "activatingOnlyWhenExecuted": true,
      "updating": null,
      "withPredicate": null
    },
    {
      "id": "SLOWER_50",
      "execute": "SLOWER",
      "after": "1000",
      "priority": 0,
      "additionalGuards": null,
      "activationKind": null,
      "fixedVariables": {
        "Crash": "FALSE",
        "VehiclesAy": "{(EgoVehicle↦0.0),(Vehicles2↦0.0),(Vehicles3↦0.0),(Vehicles4↦0.0),(Vehicles5↦0.0)}",
        "Reward": "0.7000000000000001",
        "VehiclesAx": "{(EgoVehicle↦0.0),(Vehicles2↦0.013993233442306519),(Vehicles3↦0.013985703699290752),(Vehicles4↦-0.010796710848808289),(Vehicles5↦0.012088259682059288)}",
        "VehiclesVx": "{(EgoVehicle↦20.0),(Vehicles2↦0.6926334649324417),(Vehicles3↦-0.03765868954360485),(Vehicles4↦0.9383624792098999),(Vehicles5↦0.11264238506555557)}",
        "VehiclesY": "{(EgoVehicle↦4.0000001192092896),(Vehicles2↦4.0000001192092896),(Vehicles3↦-4.0000001192092896),(Vehicles4↦0.0),(Vehicles5↦-4.0000001192092896)}",
        "VehiclesVy": "{(EgoVehicle↦0.0),(Vehicles2↦0.0),(Vehicles3↦0.0),(Vehicles4↦0.0),(Vehicles5↦0.0)}",
        "VehiclesX": "{(EgoVehicle↦200.0),(Vehicles2↦10.116545855998993),(Vehicles3↦10.498691350221634),(Vehicles4↦32.359373569488525),(Vehicles5↦72.67239093780518)}"
      },
      "probabilisticVariables": null,
      "activating": [
        "SLOWER_51"
      ],
      "activatingOnlyWhenExecuted": true,
      "updating": null,
      "withPredicate": null
    },
    {
      "id": "SLOWER_51",
      "execute": "SLOWER",
      "after": "1000",
      "priority": 0,
      "additionalGuards": null,
      "activationKind": null,
      "fixedVariables": {
        "Crash": "FALSE",
        "VehiclesAy": "{(EgoVehicle↦0.0),(Vehicles2↦0.0),(Vehicles3↦0.0),(Vehicles4↦0.0),(Vehicles5↦0.0)}",
        "Reward": "0.7000000000000001",
        "VehiclesAx": "{(EgoVehicle↦0.0),(Vehicles2↦-0.7165843015536666),(Vehicles3↦0.7438934873789549),(Vehicles4↦-0.010605603456497192),(Vehicles5↦0.01181366853415966)}",
        "VehiclesVx": "{(EgoVehicle↦20.0),(Vehicles2↦-0.02395083662122488),(Vehicles3↦0.70623479783535),(Vehicles4↦0.9277568757534027),(Vehicles5↦0.12445605359971523)}",
        "VehiclesY": "{(EgoVehicle↦4.0000001192092896),(Vehicles2↦-4.0000001192092896),(Vehicles3↦4.0000001192092896),(Vehicles4↦0.0),(Vehicles5↦-4.0000001192092896)}",
        "VehiclesVy": "{(EgoVehicle↦0.0),(Vehicles2↦0.0),(Vehicles3↦0.0),(Vehicles4↦0.0),(Vehicles5↦0.0)}",
        "VehiclesX": "{(EgoVehicle↦200.0),(Vehicles2↦10.46653836965561),(Vehicles3↦10.814650356769562),(Vehicles4↦33.293476700782776),(Vehicles5↦72.78977632522583)}"
      },
      "probabilisticVariables": null,
      "activating": [
        "SLOWER_52"
      ],
      "activatingOnlyWhenExecuted": true,
      "updating": null,
      "withPredicate": null
    },
    {
      "id": "SLOWER_52",
      "execute": "SLOWER",
      "after": "1000",
      "priority": 0,
      "additionalGuards": null,
      "activationKind": null,
      "fixedVariables": {
        "Crash": "FALSE",
        "VehiclesAy": "{(EgoVehicle↦0.0),(Vehicles2↦0.0),(Vehicles3↦0.0),(Vehicles4↦0.0),(Vehicles5↦0.0)}",
        "Reward": "0.7000000000000001",
        "VehiclesAx": "{(EgoVehicle↦0.0),(Vehicles2↦0.013436244335025549),(Vehicles3↦0.013225898146629333),(Vehicles4↦-0.010398700833320618),(Vehicles5↦0.011550355702638626)}",
        "VehiclesVx": "{(EgoVehicle↦20.0),(Vehicles2↦-0.010514592286199331),(Vehicles3↦0.7194606959819794),(Vehicles4↦0.9173581749200821),(Vehicles5↦0.13600640930235386)}",
        "VehiclesY": "{(EgoVehicle↦4.0000001192092896),(Vehicles2↦-4.0000001192092896),(Vehicles3↦4.0000001192092896),(Vehicles4↦0.0),(Vehicles5↦-4.0000001192092896)}",
        "VehiclesVy": "{(EgoVehicle↦0.0),(Vehicles2↦0.0),(Vehicles3↦0.0),(Vehicles4↦0.0),(Vehicles5↦0.0)}",
        "VehiclesX": "{(EgoVehicle↦200.0),(Vehicles2↦10.44798344373703),(Vehicles3↦11.526204645633698),(Vehicles4↦34.21705663204193),(Vehicles5↦72.91887402534485)}"
      },
      "probabilisticVariables": null,
      "activating": [
        "SLOWER_53"
      ],
      "activatingOnlyWhenExecuted": true,
      "updating": null,
      "withPredicate": null
    },
    {
      "id": "SLOWER_53",
      "execute": "SLOWER",
      "after": "1000",
      "priority": 0,
      "additionalGuards": null,
      "activationKind": null,
      "fixedVariables": {
        "Crash": "FALSE",
        "VehiclesAy": "{(EgoVehicle↦0.0),(Vehicles2↦0.0),(Vehicles3↦0.0),(Vehicles4↦0.0),(Vehicles5↦0.0)}",
        "Reward": "0.7000000000000001",
        "VehiclesAx": "{(EgoVehicle↦0.0),(Vehicles2↦0.013170989113859832),(Vehicles3↦0.012865960597991943),(Vehicles4↦-0.01017741858959198),(Vehicles5↦0.011297604069113731)}",
        "VehiclesVx": "{(EgoVehicle↦20.0),(Vehicles2↦0.002656396827660501),(Vehicles3↦0.7323266565799713),(Vehicles4↦0.9071807563304901),(Vehicles5↦0.1473040133714676)}",
        "VehiclesY": "{(EgoVehicle↦4.0000001192092896),(Vehicles2↦-4.0000001192092896),(Vehicles3↦4.0000001192092896),(Vehicles4↦0.0),(Vehicles5↦-4.0000001192092896)}",
        "VehiclesVy": "{(EgoVehicle↦0.0),(Vehicles2↦0.0),(Vehicles3↦0.0),(Vehicles4↦0.0),(Vehicles5↦0.0)}",
        "VehiclesX": "{(EgoVehicle↦200.0),(Vehicles2↦10.442758351564407),(Vehicles3↦12.250839918851852),(Vehicles4↦35.13032793998718),(Vehicles5↦73.05942177772522)}"
      },
      "probabilisticVariables": null,
      "activating": [
        "SLOWER_54"
      ],
      "activatingOnlyWhenExecuted": true,
      "updating": null,
      "withPredicate": null
    },
    {
      "id": "SLOWER_54",
      "execute": "SLOWER",
      "after": "1000",
      "priority": 0,
      "additionalGuards": null,
      "activationKind": null,
      "fixedVariables": {
        "Crash": "FALSE",
        "VehiclesAy": "{(EgoVehicle↦0.0),(Vehicles2↦0.0),(Vehicles3↦0.0),(Vehicles4↦0.0),(Vehicles5↦0.0)}",
        "Reward": "0.7000000000000001",
        "VehiclesAx": "{(EgoVehicle↦0.0),(Vehicles2↦0.012912140809930861),(Vehicles3↦0.012520924210548401),(Vehicles4↦-0.009942799806594849),(Vehicles5↦0.011054761707782745)}",
        "VehiclesVx": "{(EgoVehicle↦20.0),(Vehicles2↦0.015568537637591362),(Vehicles3↦0.7448475807905197),(Vehicles4↦0.8972379565238953),(Vehicles5↦0.15835877507925034)}",
        "VehiclesY": "{(EgoVehicle↦4.0000001192092896),(Vehicles2↦-4.0000001192092896),(Vehicles3↦4.0000001192092896),(Vehicles4↦0.0),(Vehicles5↦-4.0000001192092896)}",
        "VehiclesVy": "{(EgoVehicle↦0.0),(Vehicles2↦0.0),(Vehicles3↦0.0),(Vehicles4↦0.0),(Vehicles5↦0.0)}",
        "VehiclesX": "{(EgoVehicle↦200.0),(Vehicles2↦10.45060008764267),(Vehicles3↦12.988202273845673),(Vehicles4↦36.0335111618042),(Vehicles5↦73.21116328239441)}"
      },
      "probabilisticVariables": null,
      "activating": [
        "SLOWER_55"
      ],
      "activatingOnlyWhenExecuted": true,
      "updating": null,
      "withPredicate": null
    },
    {
      "id": "SLOWER_55",
      "execute": "SLOWER",
      "after": "1000",
      "priority": 0,
      "additionalGuards": null,
      "activationKind": null,
      "fixedVariables": {
        "Crash": "FALSE",
        "VehiclesAy": "{(EgoVehicle↦0.0),(Vehicles2↦0.0),(Vehicles3↦0.0),(Vehicles4↦0.0),(Vehicles5↦0.0)}",
        "Reward": "0.7000000000000001",
        "VehiclesAx": "{(EgoVehicle↦0.0),(Vehicles2↦0.0126597099006176),(Vehicles3↦0.012189894914627075),(Vehicles4↦-0.009695962071418762),(Vehicles5↦0.010821260511875153)}",
        "VehiclesVx": "{(EgoVehicle↦20.0),(Vehicles2↦0.02822824753820896),(Vehicles3↦0.7570374757051468),(Vehicles4↦0.8875419944524765),(Vehicles5↦0.1691800355911255)}",
        "VehiclesY": "{(EgoVehicle↦4.0000001192092896),(Vehicles2↦-4.0000001192092896),(Vehicles3↦4.0000001192092896),(Vehicles4↦0.0),(Vehicles5↦-4.0000001192092896)}",
        "VehiclesVy": "{(EgoVehicle↦0.0),(Vehicles2↦0.0),(Vehicles3↦0.0),(Vehicles4↦0.0),(Vehicles5↦0.0)}",
        "VehiclesX": "{(EgoVehicle↦200.0),(Vehicles2↦10.471252351999283),(Vehicles3↦13.737951219081879),(Vehicles4↦36.92685067653656),(Vehicles5↦73.37387204170227)}"
      },
      "probabilisticVariables": null,
      "activating": [
        "SLOWER_56"
      ],
      "activatingOnlyWhenExecuted": true,
      "updating": null,
      "withPredicate": null
    },
    {
      "id": "SLOWER_56",
      "execute": "SLOWER",
      "after": "1000",
      "priority": 0,
      "additionalGuards": null,
      "activationKind": null,
      "fixedVariables": {
        "Crash": "FALSE",
        "VehiclesAy": "{(EgoVehicle↦0.0),(Vehicles2↦0.0),(Vehicles3↦0.0),(Vehicles4↦0.0),(Vehicles5↦0.0)}",
        "Reward": "0.7000000000000001",
        "VehiclesAx": "{(EgoVehicle↦0.0),(Vehicles2↦0.01241366844624281),(Vehicles3↦0.011872202157974243),(Vehicles4↦-0.009438320994377136),(Vehicles5↦0.010596495121717453)}",
        "VehiclesVx": "{(EgoVehicle↦20.0),(Vehicles2↦0.04064191598445177),(Vehicles3↦0.768909677863121),(Vehicles4↦0.8781036734580994),(Vehicles5↦0.17977653071284294)}",
        "VehiclesY": "{(EgoVehicle↦4.0000001192092896),(Vehicles2↦-4.0000001192092896),(Vehicles3↦4.0000001192092896),(Vehicles4↦0.0),(Vehicles5↦-4.0000001192092896)}",
        "VehiclesVy": "{(EgoVehicle↦0.0),(Vehicles2↦0.0),(Vehicles3↦0.0),(Vehicles4↦0.0),(Vehicles5↦0.0)}",
        "VehiclesX": "{(EgoVehicle↦200.0),(Vehicles2↦10.50446555018425),(Vehicles3↦14.499762654304504),(Vehicles4↦37.81059682369232),(Vehicles5↦73.5473096370697)}"
      },
      "probabilisticVariables": null,
      "activating": [
        "SLOWER_57"
      ],
      "activatingOnlyWhenExecuted": true,
      "updating": null,
      "withPredicate": null
    },
    {
      "id": "SLOWER_57",
      "execute": "SLOWER",
      "after": "1000",
      "priority": 0,
      "additionalGuards": null,
      "activationKind": null,
      "fixedVariables": {
        "Crash": "FALSE",
        "VehiclesAy": "{(EgoVehicle↦0.0),(Vehicles2↦0.0),(Vehicles3↦0.0),(Vehicles4↦0.0),(Vehicles5↦0.0)}",
        "Reward": "0.7000000000000001",
        "VehiclesAx": "{(EgoVehicle↦0.0),(Vehicles2↦0.012173964641988277),(Vehicles3↦0.011567249894142151),(Vehicles4↦-0.00917091965675354),(Vehicles5↦0.010379981249570847)}",
        "VehiclesVx": "{(EgoVehicle↦20.0),(Vehicles2↦0.05281588062644005),(Vehicles3↦0.7804769277572632),(Vehicles4↦0.8689327538013458),(Vehicles5↦0.1901565119624138)}",
        "VehiclesY": "{(EgoVehicle↦4.0000001192092896),(Vehicles2↦-4.0000001192092896),(Vehicles3↦4.0000001192092896),(Vehicles4↦0.0),(Vehicles5↦-4.0000001192092896)}",
        "VehiclesVy": "{(EgoVehicle↦0.0),(Vehicles2↦0.0),(Vehicles3↦0.0),(Vehicles4↦0.0),(Vehicles5↦0.0)}",
        "VehiclesX": "{(EgoVehicle↦200.0),(Vehicles2↦10.549995303153992),(Vehicles3↦15.273323655128479),(Vehicles4↦38.68500888347626),(Vehicles5↦73.73125553131104)}"
      },
      "probabilisticVariables": null,
      "activating": [
        "SLOWER_58"
      ],
      "activatingOnlyWhenExecuted": true,
      "updating": null,
      "withPredicate": null
    },
    {
      "id": "SLOWER_58",
      "execute": "SLOWER",
      "after": "1000",
      "priority": 0,
      "additionalGuards": null,
      "activationKind": null,
      "fixedVariables": {
        "Crash": "FALSE",
        "VehiclesAy": "{(EgoVehicle↦0.0),(Vehicles2↦0.0),(Vehicles3↦0.0),(Vehicles4↦0.0),(Vehicles5↦0.0)}",
        "Reward": "0.7000000000000001",
        "VehiclesAx": "{(EgoVehicle↦0.0),(Vehicles2↦0.01194050069898367),(Vehicles3↦0.011274367570877075),(Vehicles4↦-0.008894950151443481),(Vehicles5↦0.01017129048705101)}",
        "VehiclesVx": "{(EgoVehicle↦20.0),(Vehicles2↦0.06475638132542372),(Vehicles3↦0.7917512953281403),(Vehicles4↦0.8600378036499023),(Vehicles5↦0.2003278024494648)}",
        "VehiclesY": "{(EgoVehicle↦4.0000001192092896),(Vehicles2↦-4.0000001192092896),(Vehicles3↦4.0000001192092896),(Vehicles4↦0.0),(Vehicles5↦-4.0000001192092896)}",
        "VehiclesVy": "{(EgoVehicle↦0.0),(Vehicles2↦0.0),(Vehicles3↦0.0),(Vehicles4↦0.0),(Vehicles5↦0.0)}",
        "VehiclesX": "{(EgoVehicle↦200.0),(Vehicles2↦10.607606172561646),(Vehicles3↦16.058333218097687),(Vehicles4↦39.55036103725433),(Vehicles5↦73.92549514770508)}"
      },
      "probabilisticVariables": null,
      "activating": [
        "SLOWER_59"
      ],
      "activatingOnlyWhenExecuted": true,
      "updating": null,
      "withPredicate": null
    },
    {
      "id": "SLOWER_59",
      "execute": "SLOWER",
      "after": "1000",
      "priority": 0,
      "additionalGuards": null,
      "activationKind": null,
      "fixedVariables": {
        "Crash": "FALSE",
        "VehiclesAy": "{(EgoVehicle↦0.0),(Vehicles2↦0.0),(Vehicles3↦0.0),(Vehicles4↦0.0),(Vehicles5↦0.0)}",
        "Reward": "0.7000000000000001",
        "VehiclesAx": "{(EgoVehicle↦0.0),(Vehicles2↦0.011713197454810143),(Vehicles3↦0.010992959141731262),(Vehicles4↦-0.00861145555973053),(Vehicles5↦0.009969919919967651)}",
        "VehiclesVx": "{(EgoVehicle↦20.0),(Vehicles2↦0.07646957878023386),(Vehicles3↦0.8027442544698715),(Vehicles4↦0.8514263480901718),(Vehicles5↦0.21029772236943245)}",
        "VehiclesY": "{(EgoVehicle↦4.0000001192092896),(Vehicles2↦-4.0000001192092896),(Vehicles3↦4.0000001192092896),(Vehicles4↦0.0),(Vehicles5↦-4.0000001192092896)}",
        "VehiclesVy": "{(EgoVehicle↦0.0),(Vehicles2↦0.0),(Vehicles3↦0.0),(Vehicles4↦0.0),(Vehicles5↦0.0)}",
        "VehiclesX": "{(EgoVehicle↦200.0),(Vehicles2↦10.677065700292587),(Vehicles3↦16.854503750801086),(Vehicles4↦40.406933426856995),(Vehicles5↦74.1298258304596)}"
      },
      "probabilisticVariables": null,
      "activating": [
        "LANE_RIGHT_60"
      ],
      "activatingOnlyWhenExecuted": true,
      "updating": null,
      "withPredicate": null
    },
    {
      "id": "LANE_RIGHT_60",
      "execute": "LANE_RIGHT",
      "after": "1000",
      "priority": 0,
      "additionalGuards": null,
      "activationKind": null,
      "fixedVariables": {
        "Crash": "FALSE",
        "VehiclesAy": "{(EgoVehicle↦1.1458635330200195),(Vehicles2↦-1.1458635330200195),(Vehicles3↦-1.1458635330200195),(Vehicles4↦-1.1458635330200195),(Vehicles5↦-1.1458635330200195)}",
        "Reward": "0.7333333333333334",
        "VehiclesAx": "{(EgoVehicle↦-0.0328516960144043),(Vehicles2↦0.04434398841112852),(Vehicles3↦0.04357457160949707),(Vehicles4↦0.02453029155731201),(Vehicles5↦0.04262758418917656)}",
        "VehiclesVx": "{(EgoVehicle↦19.967148303985596),(Vehicles2↦0.12081356719136238),(Vehicles3↦0.8463188260793686),(Vehicles4↦0.8759566396474838),(Vehicles5↦0.252925306558609)}",
        "VehiclesY": "{(EgoVehicle↦7.603699207305908),(Vehicles2↦-7.603699207305908),(Vehicles3↦0.39630044996738434),(Vehicles4↦-3.6036994457244873),(Vehicles5↦-7.603699207305908)}",
        "VehiclesVy": "{(EgoVehicle↦1.1458635330200195),(Vehicles2↦-1.1458635330200195),(Vehicles3↦-1.1458635330200195),(Vehicles4↦-1.1458635330200195),(Vehicles5↦-1.1458635330200195)}",
        "VehiclesX": "{(EgoVehicle↦200.0),(Vehicles2↦11.144743114709854),(Vehicles3↦18.048150837421417),(Vehicles4↦41.64159893989563),(Vehicles5↦74.73064064979553)}"
      },
      "probabilisticVariables": null,
      "activating": [
        "IDLE_61"
      ],
      "activatingOnlyWhenExecuted": true,
      "updating": null,
      "withPredicate": null
    },
    {
      "id": "IDLE_61",
      "execute": "IDLE",
      "after": "1000",
      "priority": 0,
      "additionalGuards": null,
      "activationKind": null,
      "fixedVariables": {
        "Crash": "FALSE",
        "VehiclesAy": "{(EgoVehicle↦-1.074060839600861),(Vehicles2↦1.074060839600861),(Vehicles3↦1.074060839600861),(Vehicles4↦1.074060839600861),(Vehicles5↦-1.217666226439178)}",
        "Reward": "0.7333333333333334",
        "VehiclesAx": "{(EgoVehicle↦0.03272294998168945),(Vehicles2↦-0.021446626633405685),(Vehicles3↦-0.022260770201683044),(Vehicles4↦-0.04075005650520325),(Vehicles5↦-0.02313544973731041)}",
        "VehiclesVx": "{(EgoVehicle↦19.999871253967285),(Vehicles2↦0.0993669405579567),(Vehicles3↦0.8240580558776855),(Vehicles4↦0.8352065831422806),(Vehicles5↦0.2297898568212986)}",
        "VehiclesY": "{(EgoVehicle↦7.975277423858643),(Vehicles2↦-7.975277423858643),(Vehicles3↦0.02472245693206787),(Vehicles4↦-3.9752776622772217),(Vehicles5↦-7.975277423858643)}",
        "VehiclesVy": "{(EgoVehicle↦0.07180269341915846),(Vehicles2↦-0.07180269341915846),(Vehicles3↦-0.07180269341915846),(Vehicles4↦-0.07180269341915846),(Vehicles5↦-0.07180269341915846)}",
        "VehiclesX": "{(EgoVehicle↦200.0),(Vehicles2↦11.242517828941345),(Vehicles3↦18.871109187602997),(Vehicles4↦42.486754059791565),(Vehicles5↦74.9598503112793)}"
      },
      "probabilisticVariables": null,
      "activating": null,
      "activatingOnlyWhenExecuted": true,
      "updating": null,
      "withPredicate": null
    }
  ],
  "listeners": [],
  "metadata": {
    "fileType": "Timed_Trace",
    "formatVersion": 3,
    "savedAt": "2023-08-21T06:52:32.162578Z",
    "creator": "Simulation: HYPOTHESIS_TEST; SIGNIFICANCE : 0.05, PROBABILITY : 0.95, MAX_STEPS_BEFORE_PROPERTY : 0, EXECUTIONS : 1000, PREDICATE : Crash = FALSE, ENDING_TIME : 60000, HYPOTHESIS_CHECKING_TYPE : LEFT_TAILED, CHECKING_TYPE : PREDICATE_INVARIANT",
    "proB2KernelVersion": "4.12.2",
    "proBCliVersion": "1.12.2-final",
    "modelName": "HighwayEnvironment2"
  }
}