{
  "variables": {},
  "activations": [
    {
      "id": "$setup_constants",
      "execute": "$setup_constants",
      "after": "0",
      "priority": 0,
      "additionalGuards": null,
      "activationKind": null,
      "fixedVariables": null,
      "probabilisticVariables": null,
      "activating": null,
      "activatingOnlyWhenExecuted": true,
      "updating": null,
      "withPredicate": null
    },
    {
      "id": "$initialise_machine",
      "execute": "$initialise_machine",
      "after": "0",
      "priority": 0,
      "additionalGuards": null,
      "activationKind": null,
      "fixedVariables": {
        "Crash": "FALSE",
        "VehiclesAy": "{(EgoVehicle↦0.0),(Vehicles2↦0.0),(Vehicles3↦0.0),(Vehicles4↦0.0),(Vehicles5↦0.0)}",
        "Reward": "0.0",
        "VehiclesAx": "{(EgoVehicle↦0.0),(Vehicles2↦0.0),(Vehicles3↦0.0),(Vehicles4↦0.0),(Vehicles5↦0.0)}",
        "VehiclesVx": "{(EgoVehicle↦25.0),(Vehicles2↦-1.13001748919487),(Vehicles3↦-2.9248499870300293),(Vehicles4↦-2.772957980632782),(Vehicles5↦-3.9071854948997498)}",
        "VehiclesY": "{(EgoVehicle↦0.0),(Vehicles2↦4.0000001192092896),(Vehicles3↦0.0),(Vehicles4↦8.000000238418579),(Vehicles5↦4.0000001192092896)}",
        "VehiclesVy": "{(EgoVehicle↦0.0),(Vehicles2↦0.0),(Vehicles3↦0.0),(Vehicles4↦0.0),(Vehicles5↦0.0)}",
        "VehiclesX": "{(EgoVehicle↦151.9955039024353),(Vehicles2↦27.049925923347473),(Vehicles3↦48.298391699790955),(Vehicles4↦71.26767635345459),(Vehicles5↦95.06085515022278)}"
      },
      "probabilisticVariables": null,
      "activating": [
        "IDLE_2"
      ],
      "activatingOnlyWhenExecuted": true,
      "updating": null,
      "withPredicate": null
    },
    {
      "id": "IDLE_2",
      "execute": "IDLE",
      "after": "1000",
      "priority": 0,
      "additionalGuards": null,
      "activationKind": null,
      "fixedVariables": {
        "Crash": "FALSE",
        "VehiclesAy": "{(EgoVehicle↦0.0),(Vehicles2↦0.0),(Vehicles3↦0.0),(Vehicles4↦0.0),(Vehicles5↦0.0)}",
        "Reward": "0.7999999999999999",
        "VehiclesAx": "{(EgoVehicle↦0.0),(Vehicles2↦-1.5304647386074066),(Vehicles3↦-0.4197680950164795),(Vehicles4↦-1.558103859424591),(Vehicles5↦-1.583774983882904)}",
        "VehiclesVx": "{(EgoVehicle↦25.0),(Vehicles2↦-2.6604822278022766),(Vehicles3↦-3.344618082046509),(Vehicles4↦-4.331061840057373),(Vehicles5↦-5.490960478782654)}",
        "VehiclesY": "{(EgoVehicle↦0.0),(Vehicles2↦4.0000001192092896),(Vehicles3↦0.0),(Vehicles4↦8.000000238418579),(Vehicles5↦4.0000001192092896)}",
        "VehiclesVy": "{(EgoVehicle↦0.0),(Vehicles2↦0.0),(Vehicles3↦0.0),(Vehicles4↦0.0),(Vehicles5↦0.0)}",
        "VehiclesX": "{(EgoVehicle↦176.9955039024353),(Vehicles2↦25.239402055740356),(Vehicles3↦45.27655243873596),(Vehicles4↦67.74778366088867),(Vehicles5↦90.5382513999939)}"
      },
      "probabilisticVariables": null,
      "activating": [
        "IDLE_3"
      ],
      "activatingOnlyWhenExecuted": true,
      "updating": null,
      "withPredicate": null
    },
    {
      "id": "IDLE_3",
      "execute": "IDLE",
      "after": "1000",
      "priority": 0,
      "additionalGuards": null,
      "activationKind": null,
      "fixedVariables": {
        "Crash": "FALSE",
        "VehiclesAy": "{(EgoVehicle↦0.0),(Vehicles2↦0.0),(Vehicles3↦0.0),(Vehicles4↦0.0),(Vehicles5↦0.0)}",
        "Reward": "0.7999999999999999",
        "VehiclesAx": "{(EgoVehicle↦0.0),(Vehicles2↦-0.9053903818130493),(Vehicles3↦-0.49768686294555664),(Vehicles4↦-0.6105801463127136),(Vehicles5↦-0.21158874034881592)}",
        "VehiclesVx": "{(EgoVehicle↦25.0),(Vehicles2↦-3.565872609615326),(Vehicles3↦-3.8423049449920654),(Vehicles4↦-4.941641986370087),(Vehicles5↦-5.70254921913147)}",
        "VehiclesY": "{(EgoVehicle↦0.0),(Vehicles2↦4.0000001192092896),(Vehicles3↦0.0),(Vehicles4↦8.000000238418579),(Vehicles5↦4.0000001192092896)}",
        "VehiclesVy": "{(EgoVehicle↦0.0),(Vehicles2↦0.0),(Vehicles3↦0.0),(Vehicles4↦0.0),(Vehicles5↦0.0)}",
        "VehiclesX": "{(EgoVehicle↦200.0),(Vehicles2↦22.17484563589096),(Vehicles3↦41.70519411563873),(Vehicles4↦63.130056858062744),(Vehicles5↦84.96547937393188)}"
      },
      "probabilisticVariables": null,
      "activating": [
        "IDLE_4"
      ],
      "activatingOnlyWhenExecuted": true,
      "updating": null,
      "withPredicate": null
    },
    {
      "id": "IDLE_4",
      "execute": "IDLE",
      "after": "1000",
      "priority": 0,
      "additionalGuards": null,
      "activationKind": null,
      "fixedVariables": {
        "Crash": "FALSE",
        "VehiclesAy": "{(EgoVehicle↦0.0),(Vehicles2↦0.0),(Vehicles3↦0.0),(Vehicles4↦0.0),(Vehicles5↦0.0)}",
        "Reward": "0.7999999999999999",
        "VehiclesAx": "{(EgoVehicle↦0.0),(Vehicles2↦-0.5428525805473328),(Vehicles3↦-0.25833576917648315),(Vehicles4↦-0.24090737104415894),(Vehicles5↦-0.2037733793258667)}",
        "VehiclesVx": "{(EgoVehicle↦25.0),(Vehicles2↦-4.108725190162659),(Vehicles3↦-4.100640714168549),(Vehicles4↦-5.182549357414246),(Vehicles5↦-5.906322598457336)}",
        "VehiclesY": "{(EgoVehicle↦0.0),(Vehicles2↦4.0000001192092896),(Vehicles3↦0.0),(Vehicles4↦8.000000238418579),(Vehicles5↦4.0000001192092896)}",
        "VehiclesVy": "{(EgoVehicle↦0.0),(Vehicles2↦0.0),(Vehicles3↦0.0),(Vehicles4↦0.0),(Vehicles5↦0.0)}",
        "VehiclesX": "{(EgoVehicle↦200.0),(Vehicles2↦18.3727964758873),(Vehicles3↦37.74688243865967),(Vehicles4↦58.072108030319214),(Vehicles5↦79.17789816856384)}"
      },
      "probabilisticVariables": null,
      "activating": [
        "IDLE_5"
      ],
      "activatingOnlyWhenExecuted": true,
      "updating": null,
      "withPredicate": null
    },
    {
      "id": "IDLE_5",
      "execute": "IDLE",
      "after": "1000",
      "priority": 0,
      "additionalGuards": null,
      "activationKind": null,
      "fixedVariables": {
        "Crash": "FALSE",
        "VehiclesAy": "{(EgoVehicle↦0.0),(Vehicles2↦0.0),(Vehicles3↦0.0),(Vehicles4↦0.0),(Vehicles5↦0.0)}",
        "Reward": "0.7999999999999999",
        "VehiclesAx": "{(EgoVehicle↦0.0),(Vehicles2↦-0.36790281534194946),(Vehicles3↦-0.14349430799484253),(Vehicles4↦-0.057591795921325684),(Vehicles5↦-0.14998555183410645)}",
        "VehiclesVx": "{(EgoVehicle↦25.0),(Vehicles2↦-4.476628005504608),(Vehicles3↦-4.244135022163391),(Vehicles4↦-5.240141153335571),(Vehicles5↦-6.056308150291443)}",
        "VehiclesY": "{(EgoVehicle↦0.0),(Vehicles2↦4.0000001192092896),(Vehicles3↦0.0),(Vehicles4↦8.000000238418579),(Vehicles5↦4.0000001192092896)}",
        "VehiclesVy": "{(EgoVehicle↦0.0),(Vehicles2↦0.0),(Vehicles3↦0.0),(Vehicles4↦0.0),(Vehicles5↦0.0)}",
        "VehiclesX": "{(EgoVehicle↦200.0),(Vehicles2↦14.106963574886322),(Vehicles3↦33.58254134654999),(Vehicles4↦52.856284379959106),(Vehicles5↦73.20693731307983)}"
      },
      "probabilisticVariables": null,
      "activating": [
        "SLOWER_6"
      ],
      "activatingOnlyWhenExecuted": true,
      "updating": null,
      "withPredicate": null
    },
    {
      "id": "SLOWER_6",
      "execute": "SLOWER",
      "after": "1000",
      "priority": 0,
      "additionalGuards": null,
      "activationKind": null,
      "fixedVariables": {
        "Crash": "FALSE",
        "VehiclesAy": "{(EgoVehicle↦0.0),(Vehicles2↦0.0),(Vehicles3↦0.0),(Vehicles4↦0.0),(Vehicles5↦0.0)}",
        "Reward": "0.6842249657064472",
        "VehiclesAx": "{(EgoVehicle↦-4.341564178466797),(Vehicles2↦4.069690816104412),(Vehicles3↦4.255443267757073),(Vehicles4↦4.377346634864807),(Vehicles5↦4.246525764465332)}",
        "VehiclesVx": "{(EgoVehicle↦20.658435821533203),(Vehicles2↦-0.4069371894001961),(Vehicles3↦0.011308245593681931),(Vehicles4↦-0.8627945184707642),(Vehicles5↦-1.8097823858261108)}",
        "VehiclesY": "{(EgoVehicle↦0.0),(Vehicles2↦4.0000001192092896),(Vehicles3↦0.0),(Vehicles4↦8.000000238418579),(Vehicles5↦4.0000001192092896)}",
        "VehiclesVy": "{(EgoVehicle↦0.0),(Vehicles2↦0.0),(Vehicles3↦0.0),(Vehicles4↦0.0),(Vehicles5↦0.0)}",
        "VehiclesX": "{(EgoVehicle↦200.0),(Vehicles2↦11.910829693078995),(Vehicles3↦31.695854663848877),(Vehicles4↦50.02041459083557),(Vehicles5↦69.5036232471466)}"
      },
      "probabilisticVariables": null,
      "activating": [
        "IDLE_7"
      ],
      "activatingOnlyWhenExecuted": true,
      "updating": null,
      "withPredicate": null
    },
    {
      "id": "IDLE_7",
      "execute": "IDLE",
      "after": "1000",
      "priority": 0,
      "additionalGuards": null,
      "activationKind": null,
      "fixedVariables": {
        "Crash": "FALSE",
        "VehiclesAy": "{(EgoVehicle↦0.0),(Vehicles2↦0.0),(Vehicles3↦0.0),(Vehicles4↦0.0),(Vehicles5↦0.0)}",
        "Reward": "0.6689788706554444",
        "VehiclesAx": "{(EgoVehicle↦-0.5717277526855469),(Vehicles2↦0.3587895864620805),(Vehicles3↦0.5144555715378374),(Vehicles4↦0.652223490178585),(Vehicles5↦0.5214871466159821)}",
        "VehiclesVx": "{(EgoVehicle↦20.086708068847656),(Vehicles2↦-0.0481476029381156),(Vehicles3↦0.5257638171315193),(Vehicles4↦-0.2105710282921791),(Vehicles5↦-1.2882952392101288)}",
        "VehiclesY": "{(EgoVehicle↦0.0),(Vehicles2↦4.0000001192092896),(Vehicles3↦0.0),(Vehicles4↦8.000000238418579),(Vehicles5↦4.0000001192092896)}",
        "VehiclesVy": "{(EgoVehicle↦0.0),(Vehicles2↦0.0),(Vehicles3↦0.0),(Vehicles4↦0.0),(Vehicles5↦0.0)}",
        "VehiclesX": "{(EgoVehicle↦200.0),(Vehicles2↦11.73032522201538),(Vehicles3↦31.9980651140213),(Vehicles4↦49.50294494628906),(Vehicles5↦67.98607110977173)}"
      },
      "probabilisticVariables": null,
      "activating": [
        "IDLE_8"
      ],
      "activatingOnlyWhenExecuted": true,
      "updating": null,
      "withPredicate": null
    },
    {
      "id": "IDLE_8",
      "execute": "IDLE",
      "after": "1000",
      "priority": 0,
      "additionalGuards": null,
      "activationKind": null,
      "fixedVariables": {
        "Crash": "FALSE",
        "VehiclesAy": "{(EgoVehicle↦0.0),(Vehicles2↦0.0),(Vehicles3↦0.0),(Vehicles4↦0.0),(Vehicles5↦0.0)}",
        "Reward": "0.6669711544347362",
        "VehiclesAx": "{(EgoVehicle↦-0.07529020309448242),(Vehicles2↦-0.09755744133144617),(Vehicles3↦0.03271479159593582),(Vehicles4↦0.17363295191898942),(Vehicles5↦0.056480467319488525)}",
        "VehiclesVx": "{(EgoVehicle↦20.011417865753174),(Vehicles2↦-0.14570504426956177),(Vehicles3↦0.5584786087274551),(Vehicles4↦-0.03693807637318969),(Vehicles5↦-1.2318147718906403)}",
        "VehiclesY": "{(EgoVehicle↦0.0),(Vehicles2↦4.0000001192092896),(Vehicles3↦0.0),(Vehicles4↦8.000000238418579),(Vehicles5↦4.0000001192092896)}",
        "VehiclesVy": "{(EgoVehicle↦0.0),(Vehicles2↦0.0),(Vehicles3↦0.0),(Vehicles4↦0.0),(Vehicles5↦0.0)}",
        "VehiclesX": "{(EgoVehicle↦200.0),(Vehicles2↦11.651868373155594),(Vehicles3↦32.54748284816742),(Vehicles4↦49.37253296375275),(Vehicles5↦66.72980189323425)}"
      },
      "probabilisticVariables": null,
      "activating": [
        "IDLE_9"
      ],
      "activatingOnlyWhenExecuted": true,
      "updating": null,
      "withPredicate": null
    },
    {
      "id": "IDLE_9",
      "execute": "IDLE",
      "after": "1000",
      "priority": 0,
      "additionalGuards": null,
      "activationKind": null,
      "fixedVariables": {
        "Crash": "FALSE",
        "VehiclesAy": "{(EgoVehicle↦0.0),(Vehicles2↦0.0),(Vehicles3↦0.0),(Vehicles4↦0.0),(Vehicles5↦0.0)}",
        "Reward": "0.6667067638213097",
        "VehiclesAx": "{(EgoVehicle↦-0.009913444519042969),(Vehicles2↦-0.13339929282665253),(Vehicles3↦-0.024049095809459686),(Vehicles4↦0.11164371622726321),(Vehicles5↦0.010691136121749878)}",
        "VehiclesVx": "{(EgoVehicle↦20.00150442123413),(Vehicles2↦-0.2791043370962143),(Vehicles3↦0.5344295129179955),(Vehicles4↦0.07470563985407352),(Vehicles5↦-1.2211236357688904)}",
        "VehiclesY": "{(EgoVehicle↦0.0),(Vehicles2↦4.0000001192092896),(Vehicles3↦0.0),(Vehicles4↦8.000000238418579),(Vehicles5↦4.0000001192092896)}",
        "VehiclesVy": "{(EgoVehicle↦0.0),(Vehicles2↦0.0),(Vehicles3↦0.0),(Vehicles4↦0.0),(Vehicles5↦0.0)}",
        "VehiclesX": "{(EgoVehicle↦200.0),(Vehicles2↦11.452245712280273),(Vehicles3↦33.09728503227234),(Vehicles4↦49.38185513019562),(Vehicles5↦65.50257802009583)}"
      },
      "probabilisticVariables": null,
      "activating": [
        "IDLE_10"
      ],
      "activatingOnlyWhenExecuted": true,
      "updating": null,
      "withPredicate": null
    },
    {
      "id": "IDLE_10",
      "execute": "IDLE",
      "after": "1000",
      "priority": 0,
      "additionalGuards": null,
      "activationKind": null,
      "fixedVariables": {
        "Crash": "FALSE",
        "VehiclesAy": "{(EgoVehicle↦0.0),(Vehicles2↦0.0),(Vehicles3↦0.0),(Vehicles4↦0.0),(Vehicles5↦0.0)}",
        "Reward": "0.6666719469504057",
        "VehiclesAx": "{(EgoVehicle↦-0.0013065338134765625),(Vehicles2↦-0.11894475668668747),(Vehicles3↦-0.02650480717420578),(Vehicles4↦0.09914134629070759),(Vehicles5↦0.013545826077461243)}",
        "VehiclesVx": "{(EgoVehicle↦20.000197887420654),(Vehicles2↦-0.39804909378290176),(Vehicles3↦0.5079247057437897),(Vehicles4↦0.1738469861447811),(Vehicles5↦-1.2075778096914291)}",
        "VehiclesY": "{(EgoVehicle↦0.0),(Vehicles2↦4.0000001192092896),(Vehicles3↦0.0),(Vehicles4↦8.000000238418579),(Vehicles5↦4.0000001192092896)}",
        "VehiclesVy": "{(EgoVehicle↦0.0),(Vehicles2↦0.0),(Vehicles3↦0.0),(Vehicles4↦0.0),(Vehicles5↦0.0)}",
        "VehiclesX": "{(EgoVehicle↦200.0),(Vehicles2↦11.124110221862793),(Vehicles3↦33.62087309360504),(Vehicles4↦49.4968980550766),(Vehicles5↦64.2863929271698)}"
      },
      "probabilisticVariables": null,
      "activating": [
        "IDLE_11"
      ],
      "activatingOnlyWhenExecuted": true,
      "updating": null,
      "withPredicate": null
    },
    {
      "id": "IDLE_11",
      "execute": "IDLE",
      "after": "1000",
      "priority": 0,
      "additionalGuards": null,
      "activationKind": null,
      "fixedVariables": {
        "Crash": "FALSE",
        "VehiclesAy": "{(EgoVehicle↦0.0),(Vehicles2↦0.0),(Vehicles3↦0.0),(Vehicles4↦0.0),(Vehicles5↦0.0)}",
        "Reward": "0.6666673620126735",
        "VehiclesAx": "{(EgoVehicle↦-0.000171661376953125),(Vehicles2↦-0.10123636573553085),(Vehicles3↦-0.02261575311422348),(Vehicles4↦0.0909157283604145),(Vehicles5↦0.018904656171798706)}",
        "VehiclesVx": "{(EgoVehicle↦20.0000262260437),(Vehicles2↦-0.4992854595184326),(Vehicles3↦0.4853089526295662),(Vehicles4↦0.2647627145051956),(Vehicles5↦-1.1886731535196304)}",
        "VehiclesY": "{(EgoVehicle↦0.0),(Vehicles2↦4.0000001192092896),(Vehicles3↦0.0),(Vehicles4↦8.000000238418579),(Vehicles5↦4.0000001192092896)}",
        "VehiclesVy": "{(EgoVehicle↦0.0),(Vehicles2↦0.0),(Vehicles3↦0.0),(Vehicles4↦0.0),(Vehicles5↦0.0)}",
        "VehiclesX": "{(EgoVehicle↦200.0),(Vehicles2↦10.684216022491455),(Vehicles3↦34.11940634250641),(Vehicles4↦49.707767367362976),(Vehicles5↦63.086020946502686)}"
      },
      "probabilisticVariables": null,
      "activating": [
        "IDLE_12"
      ],
      "activatingOnlyWhenExecuted": true,
      "updating": null,
      "withPredicate": null
    },
    {
      "id": "IDLE_12",
      "execute": "IDLE",
      "after": "1000",
      "priority": 0,
      "additionalGuards": null,
      "activationKind": null,
      "fixedVariables": {
        "Crash": "FALSE",
        "VehiclesAy": "{(EgoVehicle↦0.0),(Vehicles2↦0.0),(Vehicles3↦0.0),(Vehicles4↦0.0),(Vehicles5↦0.0)}",
        "Reward": "0.6666667582348652",
        "VehiclesAx": "{(EgoVehicle↦-2.384185791015625E-05),(Vehicles2↦-0.08544500917196274),(Vehicles3↦-0.018432624638080597),(Vehicles4↦0.08268825709819794),(Vehicles5↦0.022387653589248657)}",
        "VehiclesVx": "{(EgoVehicle↦20.00000238418579),(Vehicles2↦-0.5847304686903954),(Vehicles3↦0.4668763279914856),(Vehicles4↦0.34745097160339355),(Vehicles5↦-1.1662854999303818)}",
        "VehiclesY": "{(EgoVehicle↦0.0),(Vehicles2↦4.0000001192092896),(Vehicles3↦0.0),(Vehicles4↦8.000000238418579),(Vehicles5↦4.0000001192092896)}",
        "VehiclesVy": "{(EgoVehicle↦0.0),(Vehicles2↦0.0),(Vehicles3↦0.0),(Vehicles4↦0.0),(Vehicles5↦0.0)}",
        "VehiclesX": "{(EgoVehicle↦200.0),(Vehicles2↦10.149573534727097),(Vehicles3↦34.59702134132385),(Vehicles4↦50.006258487701416),(Vehicles5↦61.90609335899353)}"
      },
      "probabilisticVariables": null,
      "activating": [
        "IDLE_13"
      ],
      "activatingOnlyWhenExecuted": true,
      "updating": null,
      "withPredicate": null
    },
    {
      "id": "IDLE_13",
      "execute": "IDLE",
      "after": "1000",
      "priority": 0,
      "additionalGuards": null,
      "activationKind": null,
      "fixedVariables": {
        "Crash": "FALSE",
        "VehiclesAy": "{(EgoVehicle↦0.0),(Vehicles2↦0.0),(Vehicles3↦0.0),(Vehicles4↦0.0),(Vehicles5↦0.0)}",
        "Reward": "0.6666666787250302",
        "VehiclesAx": "{(EgoVehicle↦-2.384185791015625E-06),(Vehicles2↦-0.07163111120462418),(Vehicles3↦-0.014664866030216217),(Vehicles4↦0.07471855729818344),(Vehicles5↦0.024400055408477783)}",
        "VehiclesVx": "{(EgoVehicle↦20.0),(Vehicles2↦-0.6563615798950195),(Vehicles3↦0.4522114619612694),(Vehicles4↦0.422169528901577),(Vehicles5↦-1.141885444521904)}",
        "VehiclesY": "{(EgoVehicle↦0.0),(Vehicles2↦4.0000001192092896),(Vehicles3↦0.0),(Vehicles4↦8.000000238418579),(Vehicles5↦4.0000001192092896)}",
        "VehiclesVy": "{(EgoVehicle↦0.0),(Vehicles2↦0.0),(Vehicles3↦0.0),(Vehicles4↦0.0),(Vehicles5↦0.0)}",
        "VehiclesX": "{(EgoVehicle↦200.0),(Vehicles2↦9.535155445337296),(Vehicles3↦35.05775034427643),(Vehicles4↦50.38421154022217),(Vehicles5↦60.74944734573364)}"
      },
      "probabilisticVariables": null,
      "activating": [
        "IDLE_14"
      ],
      "activatingOnlyWhenExecuted": true,
      "updating": null,
      "withPredicate": null
    },
    {
      "id": "IDLE_14",
      "execute": "IDLE",
      "after": "1000",
      "priority": 0,
      "additionalGuards": null,
      "activationKind": null,
      "fixedVariables": {
        "Crash": "FALSE",
        "VehiclesAy": "{(EgoVehicle↦0.0),(Vehicles2↦0.0),(Vehicles3↦0.0),(Vehicles4↦0.0),(Vehicles5↦0.0)}",
        "Reward": "0.6666666682545993",
        "VehiclesAx": "{(EgoVehicle↦0.0),(Vehicles2↦-0.059787631034851074),(Vehicles3↦-0.011354759335517883),(Vehicles4↦0.011808909475803375),(Vehicles5↦0.03197595477104187)}",
        "VehiclesVx": "{(EgoVehicle↦20.0),(Vehicles2↦-0.7161492109298706),(Vehicles3↦0.4408567026257515),(Vehicles4↦0.43397843837738037),(Vehicles5↦-1.1099094897508621)}",
        "VehiclesY": "{(EgoVehicle↦0.0),(Vehicles2↦4.0000001192092896),(Vehicles3↦0.0),(Vehicles4↦8.000000238418579),(Vehicles5↦4.0000001192092896)}",
        "VehiclesVy": "{(EgoVehicle↦0.0),(Vehicles2↦0.0),(Vehicles3↦0.0),(Vehicles4↦0.0),(Vehicles5↦0.0)}",
        "VehiclesX": "{(EgoVehicle↦200.0),(Vehicles2↦8.853992819786072),(Vehicles3↦35.5051726102829),(Vehicles4↦50.82113742828369),(Vehicles5↦59.61601138114929)}"
      },
      "probabilisticVariables": null,
      "activating": [
        "IDLE_15"
      ],
      "activatingOnlyWhenExecuted": true,
      "updating": null,
      "withPredicate": null
    },
    {
      "id": "IDLE_15",
      "execute": "IDLE",
      "after": "1000",
      "priority": 0,
      "additionalGuards": null,
      "activationKind": null,
      "fixedVariables": {
        "Crash": "FALSE",
        "VehiclesAy": "{(EgoVehicle↦0.0),(Vehicles2↦0.0),(Vehicles3↦0.0),(Vehicles4↦0.0),(Vehicles5↦0.0)}",
        "Reward": "0.6666666668757771",
        "VehiclesAx": "{(EgoVehicle↦0.0),(Vehicles2↦-0.04142448306083679),(Vehicles3↦-0.008456073701381683),(Vehicles4↦-0.05304533988237381),(Vehicles5↦0.10192528367042542)}",
        "VehiclesVx": "{(EgoVehicle↦20.0),(Vehicles2↦-0.7575736939907074),(Vehicles3↦0.4324006289243698),(Vehicles4↦0.38093309849500656),(Vehicles5↦-1.0079842060804367)}",
        "VehiclesY": "{(EgoVehicle↦0.0),(Vehicles2↦4.0000001192092896),(Vehicles3↦0.0),(Vehicles4↦8.000000238418579),(Vehicles5↦4.0000001192092896)}",
        "VehiclesVy": "{(EgoVehicle↦0.0),(Vehicles2↦0.0),(Vehicles3↦0.0),(Vehicles4↦0.0),(Vehicles5↦0.0)}",
        "VehiclesX": "{(EgoVehicle↦200.0),(Vehicles2↦8.119269460439682),(Vehicles3↦35.942429304122925),(Vehicles4↦51.23566389083862),(Vehicles5↦58.54278802871704)}"
      },
      "probabilisticVariables": null,
      "activating": [
        "IDLE_16"
      ],
      "activatingOnlyWhenExecuted": true,
      "updating": null,
      "withPredicate": null
    },
    {
      "id": "IDLE_16",
      "execute": "IDLE",
      "after": "1000",
      "priority": 0,
      "additionalGuards": null,
      "activationKind": null,
      "fixedVariables": {
        "Crash": "FALSE",
        "VehiclesAy": "{(EgoVehicle↦0.0),(Vehicles2↦0.0),(Vehicles3↦0.0),(Vehicles4↦0.0),(Vehicles5↦0.0)}",
        "Reward": "0.6666666666942037",
        "VehiclesAx": "{(EgoVehicle↦0.0),(Vehicles2↦-0.015044882893562317),(Vehicles3↦-0.005908608436584473),(Vehicles4↦-0.058055631816387177),(Vehicles5↦0.13020165264606476)}",
        "VehiclesVx": "{(EgoVehicle↦20.0),(Vehicles2↦-0.7726185768842697),(Vehicles3↦0.42649202048778534),(Vehicles4↦0.3228774666786194),(Vehicles5↦-0.877782553434372)}",
        "VehiclesY": "{(EgoVehicle↦0.0),(Vehicles2↦4.0000001192092896),(Vehicles3↦0.0),(Vehicles4↦8.000000238418579),(Vehicles5↦4.0000001192092896)}",
        "VehiclesVy": "{(EgoVehicle↦0.0),(Vehicles2↦0.0),(Vehicles3↦0.0),(Vehicles4↦0.0),(Vehicles5↦0.0)}",
        "VehiclesX": "{(EgoVehicle↦200.0),(Vehicles2↦7.353575527667999),(Vehicles3↦36.37227416038513),(Vehicles4↦51.59279108047485),(Vehicles5↦57.586127519607544)}"
      },
      "probabilisticVariables": null,
      "activating": [
        "IDLE_17"
      ],
      "activatingOnlyWhenExecuted": true,
      "updating": null,
      "withPredicate": null
    },
    {
      "id": "IDLE_17",
      "execute": "IDLE",
      "after": "1000",
      "priority": 0,
      "additionalGuards": null,
      "activationKind": null,
      "fixedVariables": {
        "Crash": "FALSE",
        "VehiclesAy": "{(EgoVehicle↦0.0),(Vehicles2↦0.0),(Vehicles3↦0.0),(Vehicles4↦0.0),(Vehicles5↦0.0)}",
        "Reward": "0.666666666670293",
        "VehiclesAx": "{(EgoVehicle↦0.0),(Vehicles2↦0.008765459060668945),(Vehicles3↦-0.003654100000858307),(Vehicles4↦-0.04665449261665344),(Vehicles5↦0.1292465627193451)}",
        "VehiclesVx": "{(EgoVehicle↦20.0),(Vehicles2↦-0.7638531178236008),(Vehicles3↦0.42283792048692703),(Vehicles4↦0.27622297406196594),(Vehicles5↦-0.7485359907150269)}",
        "VehiclesY": "{(EgoVehicle↦0.0),(Vehicles2↦4.0000001192092896),(Vehicles3↦0.0),(Vehicles4↦8.000000238418579),(Vehicles5↦4.0000001192092896)}",
        "VehiclesVy": "{(EgoVehicle↦0.0),(Vehicles2↦0.0),(Vehicles3↦0.0),(Vehicles4↦0.0),(Vehicles5↦0.0)}",
        "VehiclesX": "{(EgoVehicle↦200.0),(Vehicles2↦6.582788378000259),(Vehicles3↦36.797136068344116),(Vehicles4↦51.89589262008667),(Vehicles5↦56.76077604293823)}"
      },
      "probabilisticVariables": null,
      "activating": [
        "IDLE_18"
      ],
      "activatingOnlyWhenExecuted": true,
      "updating": null,
      "withPredicate": null
    },
    {
      "id": "IDLE_18",
      "execute": "IDLE",
      "after": "1000",
      "priority": 0,
      "additionalGuards": null,
      "activationKind": null,
      "fixedVariables": {
        "Crash": "FALSE",
        "VehiclesAy": "{(EgoVehicle↦0.0),(Vehicles2↦0.0),(Vehicles3↦0.0),(Vehicles4↦0.0),(Vehicles5↦0.0)}",
        "Reward": "0.6666666666671442",
        "VehiclesAx": "{(EgoVehicle↦0.0),(Vehicles2↦0.026403144001960754),(Vehicles3↦-0.0016423314809799194),(Vehicles4↦-0.03287099301815033),(Vehicles5↦0.1163366436958313)}",
        "VehiclesVx": "{(EgoVehicle↦20.0),(Vehicles2↦-0.73744997382164),(Vehicles3↦0.4211955890059471),(Vehicles4↦0.2433519810438156),(Vehicles5↦-0.6321993470191956)}",
        "VehiclesY": "{(EgoVehicle↦0.0),(Vehicles2↦4.0000001192092896),(Vehicles3↦0.0),(Vehicles4↦8.000000238418579),(Vehicles5↦4.0000001192092896)}",
        "VehiclesVy": "{(EgoVehicle↦0.0),(Vehicles2↦0.0),(Vehicles3↦0.0),(Vehicles4↦0.0),(Vehicles5↦0.0)}",
        "VehiclesX": "{(EgoVehicle↦200.0),(Vehicles2↦5.828346684575081),(Vehicles3↦37.21916377544403),(Vehicles4↦52.15791463851929),(Vehicles5↦56.06001615524292)}"
      },
      "probabilisticVariables": null,
      "activating": [
        "IDLE_19"
      ],
      "activatingOnlyWhenExecuted": true,
      "updating": null,
      "withPredicate": null
    },
    {
      "id": "IDLE_19",
      "execute": "IDLE",
      "after": "1000",
      "priority": 0,
      "additionalGuards": null,
      "activationKind": null,
      "fixedVariables": {
        "Crash": "FALSE",
        "VehiclesAy": "{(EgoVehicle↦0.0),(Vehicles2↦0.0),(Vehicles3↦0.0),(Vehicles4↦0.0),(Vehicles5↦0.0)}",
        "Reward": "0.6666666666667296",
        "VehiclesAx": "{(EgoVehicle↦0.0),(Vehicles2↦0.03785625100135803),(Vehicles3↦0.00016663223505020142),(Vehicles4↦-0.02097584307193756),(Vehicles5↦0.10030433535575867)}",
        "VehiclesVx": "{(EgoVehicle↦20.0),(Vehicles2↦-0.699593722820282),(Vehicles3↦0.4213622212409973),(Vehicles4↦0.22237613797187805),(Vehicles5↦-0.5318950116634369)}",
        "VehiclesY": "{(EgoVehicle↦0.0),(Vehicles2↦4.0000001192092896),(Vehicles3↦0.0),(Vehicles4↦8.000000238418579),(Vehicles5↦4.0000001192092896)}",
        "VehiclesVy": "{(EgoVehicle↦0.0),(Vehicles2↦0.0),(Vehicles3↦0.0),(Vehicles4↦0.0),(Vehicles5↦0.0)}",
        "VehiclesX": "{(EgoVehicle↦200.0),(Vehicles2↦5.105341970920563),(Vehicles3↦37.6402884721756),(Vehicles4↦52.392035722732544),(Vehicles5↦55.4692268371582)}"
      },
      "probabilisticVariables": null,
      "activating": [
        "IDLE_20"
      ],
      "activatingOnlyWhenExecuted": true,
      "updating": null,
      "withPredicate": null
    },
    {
      "id": "IDLE_20",
      "execute": "IDLE",
      "after": "1000",
      "priority": 0,
      "additionalGuards": null,
      "activationKind": null,
      "fixedVariables": {
        "Crash": "FALSE",
        "VehiclesAy": "{(EgoVehicle↦0.0),(Vehicles2↦0.0),(Vehicles3↦0.0),(Vehicles4↦0.0),(Vehicles5↦0.0)}",
        "Reward": "0.666666666666675",
        "VehiclesAx": "{(EgoVehicle↦0.0),(Vehicles2↦0.04436984658241272),(Vehicles3↦0.0018028169870376587),(Vehicles4↦-0.011788960546255112),(Vehicles5↦0.08510734885931015)}",
        "VehiclesVx": "{(EgoVehicle↦20.0),(Vehicles2↦-0.6552238762378693),(Vehicles3↦0.423165038228035),(Vehicles4↦0.21058717742562294),(Vehicles5↦-0.44678766280412674)}",
        "VehiclesY": "{(EgoVehicle↦0.0),(Vehicles2↦4.0000001192092896),(Vehicles3↦0.0),(Vehicles4↦8.000000238418579),(Vehicles5↦4.0000001192092896)}",
        "VehiclesVy": "{(EgoVehicle↦0.0),(Vehicles2↦0.0),(Vehicles3↦0.0),(Vehicles4↦0.0),(Vehicles5↦0.0)}",
        "VehiclesX": "{(EgoVehicle↦200.0),(Vehicles2↦4.42313551902771),(Vehicles3↦38.06224763393402),(Vehicles4↦52.60906219482422),(Vehicles5↦54.97250556945801)}"
      },
      "probabilisticVariables": null,
      "activating": [
        "IDLE_21"
      ],
      "activatingOnlyWhenExecuted": true,
      "updating": null,
      "withPredicate": null
    },
    {
      "id": "IDLE_21",
      "execute": "IDLE",
      "after": "1000",
      "priority": 0,
      "additionalGuards": null,
      "activationKind": null,
      "fixedVariables": {
        "Crash": "FALSE",
        "VehiclesAy": "{(EgoVehicle↦0.0),(Vehicles2↦0.0),(Vehicles3↦0.0),(Vehicles4↦0.0),(Vehicles5↦0.0)}",
        "Reward": "0.6666666666666677",
        "VehiclesAx": "{(EgoVehicle↦0.0),(Vehicles2↦0.047375261783599854),(Vehicles3↦0.003288090229034424),(Vehicles4↦-0.005017649382352829),(Vehicles5↦0.07213998585939407)}",
        "VehiclesVx": "{(EgoVehicle↦20.0),(Vehicles2↦-0.6078486144542694),(Vehicles3↦0.4264531284570694),(Vehicles4↦0.2055695280432701),(Vehicles5↦-0.37464767694473267)}",
        "VehiclesY": "{(EgoVehicle↦0.0),(Vehicles2↦4.0000001192092896),(Vehicles3↦0.0),(Vehicles4↦8.000000238418579),(Vehicles5↦4.0000001192092896)}",
        "VehiclesVy": "{(EgoVehicle↦0.0),(Vehicles2↦0.0),(Vehicles3↦0.0),(Vehicles4↦0.0),(Vehicles5↦0.0)}",
        "VehiclesX": "{(EgoVehicle↦200.0),(Vehicles2↦3.7867289036512375),(Vehicles3↦38.48661482334137),(Vehicles4↦52.81718373298645),(Vehicles5↦54.555511474609375)}"
      },
      "probabilisticVariables": null,
      "activating": [
        "IDLE_22"
      ],
      "activatingOnlyWhenExecuted": true,
      "updating": null,
      "withPredicate": null
    },
    {
      "id": "IDLE_22",
      "execute": "IDLE",
      "after": "1000",
      "priority": 0,
      "additionalGuards": null,
      "activationKind": null,
      "fixedVariables": {
        "Crash": "FALSE",
        "VehiclesAy": "{(EgoVehicle↦0.0),(Vehicles2↦0.0),(Vehicles3↦0.0),(Vehicles4↦0.0),(Vehicles5↦0.0)}",
        "Reward": "0.6666666666666669",
        "VehiclesAx": "{(EgoVehicle↦0.0),(Vehicles2↦0.04808090627193451),(Vehicles3↦0.004638321697711945),(Vehicles4↦-0.00011442229151725769),(Vehicles5↦0.06159380078315735)}",
        "VehiclesVx": "{(EgoVehicle↦20.0),(Vehicles2↦-0.5597677081823349),(Vehicles3↦0.43109145015478134),(Vehicles4↦0.20545510575175285),(Vehicles5↦-0.3130538761615753)}",
        "VehiclesY": "{(EgoVehicle↦0.0),(Vehicles2↦4.0000001192092896),(Vehicles3↦0.0),(Vehicles4↦8.000000238418579),(Vehicles5↦4.0000001192092896)}",
        "VehiclesVy": "{(EgoVehicle↦0.0),(Vehicles2↦0.0),(Vehicles3↦0.0),(Vehicles4↦0.0),(Vehicles5↦0.0)}",
        "VehiclesX": "{(EgoVehicle↦200.0),(Vehicles2↦3.198123350739479),(Vehicles3↦38.91482055187225),(Vehicles4↦53.02237868309021),(Vehicles5↦54.206258058547974)}"
      },
      "probabilisticVariables": null,
      "activating": [
        "IDLE_23"
      ],
      "activatingOnlyWhenExecuted": true,
      "updating": null,
      "withPredicate": null
    },
    {
      "id": "IDLE_23",
      "execute": "IDLE",
      "after": "1000",
      "priority": 0,
      "additionalGuards": null,
      "activationKind": null,
      "fixedVariables": {
        "Crash": "FALSE",
        "VehiclesAy": "{(EgoVehicle↦0.0),(Vehicles2↦0.0),(Vehicles3↦0.0),(Vehicles4↦0.0),(Vehicles5↦0.0)}",
        "Reward": "0.6666666666666669",
        "VehiclesAx": "{(EgoVehicle↦0.0),(Vehicles2↦0.047376491129398346),(Vehicles3↦0.005865208804607391),(Vehicles4↦0.0034320540726184845),(Vehicles5↦0.053183287382125854)}",
        "VehiclesVx": "{(EgoVehicle↦20.0),(Vehicles2↦-0.5123912170529366),(Vehicles3↦0.43695665895938873),(Vehicles4↦0.20888715982437134),(Vehicles5↦-0.25987058877944946)}",
        "VehiclesY": "{(EgoVehicle↦0.0),(Vehicles2↦4.0000001192092896),(Vehicles3↦0.0),(Vehicles4↦8.000000238418579),(Vehicles5↦4.0000001192092896)}",
        "VehiclesVy": "{(EgoVehicle↦0.0),(Vehicles2↦0.0),(Vehicles3↦0.0),(Vehicles4↦0.0),(Vehicles5↦0.0)}",
        "VehiclesX": "{(EgoVehicle↦200.0),(Vehicles2↦2.6574019342660904),(Vehicles3↦39.348164200782776),(Vehicles4↦53.228962421417236),(Vehicles5↦53.91507148742676)}"
      },
      "probabilisticVariables": null,
      "activating": [
        "IDLE_24"
      ],
      "activatingOnlyWhenExecuted": true,
      "updating": null,
      "withPredicate": null
    },
    {
      "id": "IDLE_24",
      "execute": "IDLE",
      "after": "1000",
      "priority": 0,
      "additionalGuards": null,
      "activationKind": null,
      "fixedVariables": {
        "Crash": "FALSE",
        "VehiclesAy": "{(EgoVehicle↦0.0),(Vehicles2↦0.0),(Vehicles3↦0.0),(Vehicles4↦0.0),(Vehicles5↦0.0)}",
        "Reward": "0.6666666666666669",
        "VehiclesAx": "{(EgoVehicle↦0.0),(Vehicles2↦0.045865923166275024),(Vehicles3↦0.006977804005146027),(Vehicles4↦0.006020646542310715),(Vehicles5↦0.04649560898542404)}",
        "VehiclesVx": "{(EgoVehicle↦20.0),(Vehicles2↦-0.46652529388666153),(Vehicles3↦0.44393446296453476),(Vehicles4↦0.21490780636668205),(Vehicles5↦-0.21337497979402542)}",
        "VehiclesY": "{(EgoVehicle↦0.0),(Vehicles2↦4.0000001192092896),(Vehicles3↦0.0),(Vehicles4↦8.000000238418579),(Vehicles5↦4.0000001192092896)}",
        "VehiclesVy": "{(EgoVehicle↦0.0),(Vehicles2↦0.0),(Vehicles3↦0.0),(Vehicles4↦0.0),(Vehicles5↦0.0)}",
        "VehiclesX": "{(EgoVehicle↦200.0),(Vehicles2↦2.1634990349411964),(Vehicles3↦39.78782892227173),(Vehicles4↦53.44008207321167),(Vehicles5↦53.67427468299866)}"
      },
      "probabilisticVariables": null,
      "activating": [
        "IDLE_25"
      ],
      "activatingOnlyWhenExecuted": true,
      "updating": null,
      "withPredicate": null
    },
    {
      "id": "IDLE_25",
      "execute": "IDLE",
      "after": "1000",
      "priority": 0,
      "additionalGuards": null,
      "activationKind": null,
      "fixedVariables": {
        "Crash": "FALSE",
        "VehiclesAy": "{(EgoVehicle↦0.0),(Vehicles2↦0.0),(Vehicles3↦0.0),(Vehicles4↦0.0),(Vehicles5↦0.0)}",
        "Reward": "0.6666666666666669",
        "VehiclesAx": "{(EgoVehicle↦0.0),(Vehicles2↦0.043935663998126984),(Vehicles3↦0.00798352062702179),(Vehicles4↦-0.38714436814188957),(Vehicles5↦0.4362212307751179)}",
        "VehiclesVx": "{(EgoVehicle↦20.0),(Vehicles2↦-0.42258962988853455),(Vehicles3↦0.45191798359155655),(Vehicles4↦-0.17223656177520752),(Vehicles5↦0.22284625098109245)}",
        "VehiclesY": "{(EgoVehicle↦0.0),(Vehicles2↦4.0000001192092896),(Vehicles3↦0.0),(Vehicles4↦4.0000001192092896),(Vehicles5↦8.000000238418579)}",
        "VehiclesVy": "{(EgoVehicle↦0.0),(Vehicles2↦0.0),(Vehicles3↦0.0),(Vehicles4↦0.0),(Vehicles5↦0.0)}",
        "VehiclesX": "{(EgoVehicle↦200.0),(Vehicles2↦1.714712381362915),(Vehicles3↦40.23487865924835),(Vehicles4↦53.47774028778076),(Vehicles5↦53.65803241729736)}"
      },
      "probabilisticVariables": null,
      "activating": [
        "IDLE_26"
      ],
      "activatingOnlyWhenExecuted": true,
      "updating": null,
      "withPredicate": null
    },
    {
      "id": "IDLE_26",
      "execute": "IDLE",
      "after": "1000",
      "priority": 0,
      "additionalGuards": null,
      "activationKind": null,
      "fixedVariables": {
        "Crash": "FALSE",
        "VehiclesAy": "{(EgoVehicle↦0.0),(Vehicles2↦0.0),(Vehicles3↦0.0),(Vehicles4↦0.0),(Vehicles5↦0.0)}",
        "Reward": "0.6666666666666669",
        "VehiclesAx": "{(EgoVehicle↦0.0),(Vehicles2↦0.04182212054729462),(Vehicles3↦0.008889026939868927),(Vehicles4↦0.03678875043988228),(Vehicles5↦0.009383317083120346)}",
        "VehiclesVx": "{(EgoVehicle↦20.0),(Vehicles2↦-0.38076750934123993),(Vehicles3↦0.4608070105314255),(Vehicles4↦-0.13544781133532524),(Vehicles5↦0.2322295680642128)}",
        "VehiclesY": "{(EgoVehicle↦0.0),(Vehicles2↦4.0000001192092896),(Vehicles3↦0.0),(Vehicles4↦4.0000001192092896),(Vehicles5↦8.000000238418579)}",
        "VehiclesVy": "{(EgoVehicle↦0.0),(Vehicles2↦0.0),(Vehicles3↦0.0),(Vehicles4↦0.0),(Vehicles5↦0.0)}",
        "VehiclesX": "{(EgoVehicle↦200.0),(Vehicles2↦1.3090239837765694),(Vehicles3↦40.690284967422485),(Vehicles4↦53.32053303718567),(Vehicles5↦53.884536027908325)}"
      },
      "probabilisticVariables": null,
      "activating": [
        "IDLE_27"
      ],
      "activatingOnlyWhenExecuted": true,
      "updating": null,
      "withPredicate": null
    },
    {
      "id": "IDLE_27",
      "execute": "IDLE",
      "after": "1000",
      "priority": 0,
      "additionalGuards": null,
      "activationKind": null,
      "fixedVariables": {
        "Crash": "FALSE",
        "VehiclesAy": "{(EgoVehicle↦0.0),(Vehicles2↦0.0),(Vehicles3↦0.0),(Vehicles4↦0.0),(Vehicles5↦0.0)}",
        "Reward": "0.6666666666666669",
        "VehiclesAx": "{(EgoVehicle↦0.0),(Vehicles2↦0.039663538336753845),(Vehicles3↦0.009700320661067963),(Vehicles4↦0.033198604360222816),(Vehicles5↦0.01048872247338295)}",
        "VehiclesVx": "{(EgoVehicle↦20.0),(Vehicles2↦-0.3411039710044861),(Vehicles3↦0.47050733119249344),(Vehicles4↦-0.10224920697510242),(Vehicles5↦0.24271829053759575)}",
        "VehiclesY": "{(EgoVehicle↦0.0),(Vehicles2↦4.0000001192092896),(Vehicles3↦0.0),(Vehicles4↦4.0000001192092896),(Vehicles5↦8.000000238418579)}",
        "VehiclesVy": "{(EgoVehicle↦0.0),(Vehicles2↦0.0),(Vehicles3↦0.0),(Vehicles4↦0.0),(Vehicles5↦0.0)}",
        "VehiclesX": "{(EgoVehicle↦200.0),(Vehicles2↦0.9442941285669804),(Vehicles3↦41.15490913391113),(Vehicles4↦53.19862961769104),(Vehicles5↦54.120880365371704)}"
      },
      "probabilisticVariables": null,
      "activating": [
        "IDLE_28"
      ],
      "activatingOnlyWhenExecuted": true,
      "updating": null,
      "withPredicate": null
    },
    {
      "id": "IDLE_28",
      "execute": "IDLE",
      "after": "1000",
      "priority": 0,
      "additionalGuards": null,
      "activationKind": null,
      "fixedVariables": {
        "Crash": "FALSE",
        "VehiclesAy": "{(EgoVehicle↦0.0),(Vehicles2↦0.0),(Vehicles3↦0.0),(Vehicles4↦0.0),(Vehicles5↦0.0)}",
        "Reward": "0.6666666666666669",
        "VehiclesAx": "{(EgoVehicle↦0.0),(Vehicles2↦0.037537626922130585),(Vehicles3↦0.010423325002193451),(Vehicles4↦0.03018422517925501),(Vehicles5↦0.011343937367200851)}",
        "VehiclesVx": "{(EgoVehicle↦20.0),(Vehicles2↦-0.3035663440823555),(Vehicles3↦0.4809306561946869),(Vehicles4↦-0.07206498179584742),(Vehicles5↦0.2540622279047966)}",
        "VehiclesY": "{(EgoVehicle↦0.0),(Vehicles2↦4.0000001192092896),(Vehicles3↦0.0),(Vehicles4↦4.0000001192092896),(Vehicles5↦8.000000238418579)}",
        "VehiclesVy": "{(EgoVehicle↦0.0),(Vehicles2↦0.0),(Vehicles3↦0.0),(Vehicles4↦0.0),(Vehicles5↦0.0)}",
        "VehiclesX": "{(EgoVehicle↦200.0),(Vehicles2↦0.618372717872262),(Vehicles3↦41.62953197956085),(Vehicles4↦53.10867428779602),(Vehicles5↦54.36807870864868)}"
      },
      "probabilisticVariables": null,
      "activating": [
        "IDLE_29"
      ],
      "activatingOnlyWhenExecuted": true,
      "updating": null,
      "withPredicate": null
    },
    {
      "id": "IDLE_29",
      "execute": "IDLE",
      "after": "1000",
      "priority": 0,
      "additionalGuards": null,
      "activationKind": null,
      "fixedVariables": {
        "Crash": "FALSE",
        "VehiclesAy": "{(EgoVehicle↦0.0),(Vehicles2↦0.0),(Vehicles3↦0.0),(Vehicles4↦0.0),(Vehicles5↦0.0)}",
        "Reward": "0.6666666666666669",
        "VehiclesAx": "{(EgoVehicle↦0.0),(Vehicles2↦0.03548549488186836),(Vehicles3↦0.011063776910305023),(Vehicles4↦0.027611926198005676),(Vehicles5↦0.012008994817733765)}",
        "VehiclesVx": "{(EgoVehicle↦20.0),(Vehicles2↦-0.26808084920048714),(Vehicles3↦0.4919944331049919),(Vehicles4↦-0.04445305559784174),(Vehicles5↦0.26607122272253036)}",
        "VehiclesY": "{(EgoVehicle↦0.0),(Vehicles2↦4.0000001192092896),(Vehicles3↦0.0),(Vehicles4↦4.0000001192092896),(Vehicles5↦8.000000238418579)}",
        "VehiclesVy": "{(EgoVehicle↦0.0),(Vehicles2↦0.0),(Vehicles3↦0.0),(Vehicles4↦0.0),(Vehicles5↦0.0)}",
        "VehiclesX": "{(EgoVehicle↦200.0),(Vehicles2↦0.32916117925196886),(Vehicles3↦42.11483895778656),(Vehicles4↦53.047847747802734),(Vehicles5↦54.62689399719238)}"
      },
      "probabilisticVariables": null,
      "activating": [
        "IDLE_30"
      ],
      "activatingOnlyWhenExecuted": true,
      "updating": null,
      "withPredicate": null
    },
    {
      "id": "IDLE_30",
      "execute": "IDLE",
      "after": "1000",
      "priority": 0,
      "additionalGuards": null,
      "activationKind": null,
      "fixedVariables": {
        "Crash": "FALSE",
        "VehiclesAy": "{(EgoVehicle↦0.0),(Vehicles2↦0.0),(Vehicles3↦0.0),(Vehicles4↦0.0),(Vehicles5↦0.0)}",
        "Reward": "0.6666666666666669",
        "VehiclesAx": "{(EgoVehicle↦0.0),(Vehicles2↦0.03352705389261246),(Vehicles3↦0.011627264320850372),(Vehicles4↦0.02538493718020618),(Vehicles5↦0.012524817138910294)}",
        "VehiclesVx": "{(EgoVehicle↦20.0),(Vehicles2↦-0.23455379530787468),(Vehicles3↦0.5036216974258423),(Vehicles4↦-0.01906811841763556),(Vehicles5↦0.27859603986144066)}",
        "VehiclesY": "{(EgoVehicle↦0.0),(Vehicles2↦4.0000001192092896),(Vehicles3↦0.0),(Vehicles4↦4.0000001192092896),(Vehicles5↦8.000000238418579)}",
        "VehiclesVy": "{(EgoVehicle↦0.0),(Vehicles2↦0.0),(Vehicles3↦0.0),(Vehicles4↦0.0),(Vehicles5↦0.0)}",
        "VehiclesX": "{(EgoVehicle↦200.0),(Vehicles2↦0.07464380469173193),(Vehicles3↦42.61144399642944),(Vehicles4↦53.01371216773987),(Vehicles5↦54.897940158843994)}"
      },
      "probabilisticVariables": null,
      "activating": [
        "IDLE_31"
      ],
      "activatingOnlyWhenExecuted": true,
      "updating": null,
      "withPredicate": null
    },
    {
      "id": "IDLE_31",
      "execute": "IDLE",
      "after": "1000",
      "priority": 0,
      "additionalGuards": null,
      "activationKind": null,
      "fixedVariables": {
        "Crash": "FALSE",
        "VehiclesAy": "{(EgoVehicle↦0.0),(Vehicles2↦0.0),(Vehicles3↦0.0),(Vehicles4↦0.0),(Vehicles5↦0.0)}",
        "Reward": "0.6666666666666669",
        "VehiclesAx": "{(EgoVehicle↦0.0),(Vehicles2↦0.03167035058140755),(Vehicles3↦0.012119300663471222),(Vehicles4↦0.02343299420317635),(Vehicles5↦0.012920275330543518)}",
        "VehiclesVx": "{(EgoVehicle↦20.0),(Vehicles2↦-0.20288344472646713),(Vehicles3↦0.5157409980893135),(Vehicles4↦0.004364875785540789),(Vehicles5↦0.2915163151919842)}",
        "VehiclesY": "{(EgoVehicle↦0.0),(Vehicles2↦4.0000001192092896),(Vehicles3↦0.0),(Vehicles4↦4.0000001192092896),(Vehicles5↦8.000000238418579)}",
        "VehiclesVy": "{(EgoVehicle↦0.0),(Vehicles2↦0.0),(Vehicles3↦0.0),(Vehicles4↦0.0),(Vehicles5↦0.0)}",
        "VehiclesX": "{(EgoVehicle↦200.0),(Vehicles2↦-0.1470974530093372),(Vehicles3↦43.119877576828),(Vehicles4↦53.00416350364685),(Vehicles5↦55.181676149368286)}"
      },
      "probabilisticVariables": null,
      "activating": [
        "IDLE_32"
      ],
      "activatingOnlyWhenExecuted": true,
      "updating": null,
      "withPredicate": null
    },
    {
      "id": "IDLE_32",
      "execute": "IDLE",
      "after": "1000",
      "priority": 0,
      "additionalGuards": null,
      "activationKind": null,
      "fixedVariables": {
        "Crash": "FALSE",
        "VehiclesAy": "{(EgoVehicle↦0.0),(Vehicles2↦0.0),(Vehicles3↦0.0),(Vehicles4↦0.0),(Vehicles5↦0.0)}",
        "Reward": "0.6666666666666669",
        "VehiclesAx": "{(EgoVehicle↦0.0),(Vehicles2↦0.029916800558567047),(Vehicles3↦0.012545175850391388),(Vehicles4↦0.021704517130274326),(Vehicles5↦0.013216212391853333)}",
        "VehiclesVx": "{(EgoVehicle↦20.0),(Vehicles2↦-0.17296664416790009),(Vehicles3↦0.5282861739397049),(Vehicles4↦0.026069392915815115),(Vehicles5↦0.3047325275838375)}",
        "VehiclesY": "{(EgoVehicle↦0.0),(Vehicles2↦4.0000001192092896),(Vehicles3↦0.0),(Vehicles4↦4.0000001192092896),(Vehicles5↦8.000000238418579)}",
        "VehiclesVy": "{(EgoVehicle↦0.0),(Vehicles2↦0.0),(Vehicles3↦0.0),(Vehicles4↦0.0),(Vehicles5↦0.0)}",
        "VehiclesX": "{(EgoVehicle↦200.0),(Vehicles2↦-0.3378779860213399),(Vehicles3↦43.64060461521149),(Vehicles4↦53.01734209060669),(Vehicles5↦55.47845959663391)}"
      },
      "probabilisticVariables": null,
      "activating": [
        "IDLE_33"
      ],
      "activatingOnlyWhenExecuted": true,
      "updating": null,
      "withPredicate": null
    },
    {
      "id": "IDLE_33",
      "execute": "IDLE",
      "after": "1000",
      "priority": 0,
      "additionalGuards": null,
      "activationKind": null,
      "fixedVariables": {
        "Crash": "FALSE",
        "VehiclesAy": "{(EgoVehicle↦0.0),(Vehicles2↦0.0),(Vehicles3↦0.0),(Vehicles4↦0.0),(Vehicles5↦0.0)}",
        "Reward": "0.6666666666666669",
        "VehiclesAx": "{(EgoVehicle↦0.0),(Vehicles2↦0.028264420107007027),(Vehicles3↦0.012910142540931702),(Vehicles4↦0.020161087159067392),(Vehicles5↦0.013428498059511185)}",
        "VehiclesVx": "{(EgoVehicle↦20.0),(Vehicles2↦-0.14470222406089306),(Vehicles3↦0.5411963164806366),(Vehicles4↦0.04623048007488251),(Vehicles5↦0.3181610256433487)}",
        "VehiclesY": "{(EgoVehicle↦0.0),(Vehicles2↦4.0000001192092896),(Vehicles3↦0.0),(Vehicles4↦4.0000001192092896),(Vehicles5↦8.000000238418579)}",
        "VehiclesVy": "{(EgoVehicle↦0.0),(Vehicles2↦0.0),(Vehicles3↦0.0),(Vehicles4↦0.0),(Vehicles5↦0.0)}",
        "VehiclesX": "{(EgoVehicle↦200.0),(Vehicles2↦-0.49941064789891243),(Vehicles3↦44.17402744293213),(Vehicles4↦53.05159091949463),(Vehicles5↦55.78855276107788)}"
      },
      "probabilisticVariables": null,
      "activating": [
        "IDLE_34"
      ],
      "activatingOnlyWhenExecuted": true,
      "updating": null,
      "withPredicate": null
    },
    {
      "id": "IDLE_34",
      "execute": "IDLE",
      "after": "1000",
      "priority": 0,
      "additionalGuards": null,
      "activationKind": null,
      "fixedVariables": {
        "Crash": "FALSE",
        "VehiclesAy": "{(EgoVehicle↦0.0),(Vehicles2↦1.9780828058719635),(Vehicles3↦0.0),(Vehicles4↦0.0),(Vehicles5↦0.0)}",
        "Reward": "0.6666666666666669",
        "VehiclesAx": "{(EgoVehicle↦0.0),(Vehicles2↦-0.05906754173338413),(Vehicles3↦0.013219118118286133),(Vehicles4↦0.0187735166400671),(Vehicles5↦0.01356959342956543)}",
        "VehiclesVx": "{(EgoVehicle↦20.0),(Vehicles2↦-0.2037697657942772),(Vehicles3↦0.5544154345989227),(Vehicles4↦0.06500399671494961),(Vehicles5↦0.3317306190729141)}",
        "VehiclesY": "{(EgoVehicle↦0.0),(Vehicles2↦7.310501575469971),(Vehicles3↦0.0),(Vehicles4↦4.0000001192092896),(Vehicles5↦8.000000238418579)}",
        "VehiclesVy": "{(EgoVehicle↦0.0),(Vehicles2↦1.9780828058719635),(Vehicles3↦0.0),(Vehicles4↦0.0),(Vehicles5↦0.0)}",
        "VehiclesX": "{(EgoVehicle↦200.0),(Vehicles2↦-1.0267493315041065),(Vehicles3↦44.72048878669739),(Vehicles4↦53.10543775558472),(Vehicles5↦56.112128496170044)}"
      },
      "probabilisticVariables": null,
      "activating": [
        "IDLE_35"
      ],
      "activatingOnlyWhenExecuted": true,
      "updating": null,
      "withPredicate": null
    },
    {
      "id": "IDLE_35",
      "execute": "IDLE",
      "after": "1000",
      "priority": 0,
      "additionalGuards": null,
      "activationKind": null,
      "fixedVariables": {
        "Crash": "FALSE",
        "VehiclesAy": "{(EgoVehicle↦0.0),(Vehicles2↦-1.8524030782282352),(Vehicles3↦0.0),(Vehicles4↦0.0),(Vehicles5↦0.0)}",
        "Reward": "0.6666666666666669",
        "VehiclesAx": "{(EgoVehicle↦0.0),(Vehicles2↦0.30306635424494743),(Vehicles3↦0.013476870954036713),(Vehicles4↦0.017519202083349228),(Vehicles5↦0.013649612665176392)}",
        "VehiclesVx": "{(EgoVehicle↦20.0),(Vehicles2↦0.09929658845067024),(Vehicles3↦0.5678923055529594),(Vehicles4↦0.08252319879829884),(Vehicles5↦0.3453802317380905)}",
        "VehiclesY": "{(EgoVehicle↦0.0),(Vehicles2↦7.956889629364014),(Vehicles3↦0.0),(Vehicles4↦4.0000001192092896),(Vehicles5↦8.000000238418579)}",
        "VehiclesVy": "{(EgoVehicle↦0.0),(Vehicles2↦0.12567972764372826),(Vehicles3↦0.0),(Vehicles4↦0.0),(Vehicles5↦0.0)}",
        "VehiclesX": "{(EgoVehicle↦200.0),(Vehicles2↦-1.0593005456030369),(Vehicles3↦45.280274748802185),(Vehicles4↦53.177547454833984),(Vehicles5↦56.449317932128906)}"
      },
      "probabilisticVariables": null,
      "activating": [
        "FASTER_36"
      ],
      "activatingOnlyWhenExecuted": true,
      "updating": null,
      "withPredicate": null
    },
    {
      "id": "FASTER_36",
      "execute": "FASTER",
      "after": "1000",
      "priority": 0,
      "additionalGuards": null,
      "activationKind": null,
      "fixedVariables": {
        "Crash": "FALSE",
        "VehiclesAy": "{(EgoVehicle↦0.0),(Vehicles2↦-0.1179942034650594),(Vehicles3↦0.0),(Vehicles4↦0.0),(Vehicles5↦0.0)}",
        "Reward": "0.7824417009602195",
        "VehiclesAx": "{(EgoVehicle↦4.341564178466797),(Vehicles2↦-4.216137547045946),(Vehicles3↦-4.3278757855296135),(Vehicles4↦-4.325183602049947),(Vehicles5↦-4.327886626124382)}",
        "VehiclesVx": "{(EgoVehicle↦24.341564178466797),(Vehicles2↦-4.116840958595276),(Vehicles3↦-3.759983479976654),(Vehicles4↦-4.242660403251648),(Vehicles5↦-3.9825063943862915)}",
        "VehiclesY": "{(EgoVehicle↦0.0),(Vehicles2↦7.9973695278167725),(Vehicles3↦0.0),(Vehicles4↦4.0000001192092896),(Vehicles5↦8.000000238418579)}",
        "VehiclesVy": "{(EgoVehicle↦0.0),(Vehicles2↦0.007685524178668857),(Vehicles3↦0.0),(Vehicles4↦0.0),(Vehicles5↦0.0)}",
        "VehiclesX": "{(EgoVehicle↦200.0),(Vehicles2↦-3.29943411052227),(Vehicles3↦43.458566069602966),(Vehicles4↦50.87164640426636),(Vehicles5↦54.405105113983154)}"
      },
      "probabilisticVariables": null,
      "activating": [
        "IDLE_37"
      ],
      "activatingOnlyWhenExecuted": true,
      "updating": null,
      "withPredicate": null
    },
    {
      "id": "IDLE_37",
      "execute": "IDLE",
      "after": "1000",
      "priority": 0,
      "additionalGuards": null,
      "activationKind": null,
      "fixedVariables": {
        "Crash": "FALSE",
        "VehiclesAy": "{(EgoVehicle↦0.0),(Vehicles2↦-0.007220754123409279),(Vehicles3↦0.0),(Vehicles4↦0.0),(Vehicles5↦0.0)}",
        "Reward": "0.7976877960112224",
        "VehiclesAx": "{(EgoVehicle↦0.5717277526855469),(Vehicles2↦-0.4982715845108032),(Vehicles3↦-0.5578723549842834),(Vehicles4↦-0.556386411190033),(Vehicles5↦-0.5580693483352661)}",
        "VehiclesVx": "{(EgoVehicle↦24.913291931152344),(Vehicles2↦-4.615112543106079),(Vehicles3↦-4.3178558349609375),(Vehicles4↦-4.799046814441681),(Vehicles5↦-4.540575742721558)}",
        "VehiclesY": "{(EgoVehicle↦0.0),(Vehicles2↦7.9998414516448975),(Vehicles3↦0.0),(Vehicles4↦4.0000001192092896),(Vehicles5↦8.000000238418579)}",
        "VehiclesVy": "{(EgoVehicle↦0.0),(Vehicles2↦0.00046477005525957793),(Vehicles3↦0.0),(Vehicles4↦0.0),(Vehicles5↦0.0)}",
        "VehiclesX": "{(EgoVehicle↦200.0),(Vehicles2↦-7.699188590049744),(Vehicles3↦39.38871622085571),(Vehicles4↦46.31980359554291),(Vehicles5↦50.11266469955444)}"
      },
      "probabilisticVariables": null,
      "activating": [
        "SLOWER_38"
      ],
      "activatingOnlyWhenExecuted": true,
      "updating": null,
      "withPredicate": null
    },
    {
      "id": "SLOWER_38",
      "execute": "SLOWER",
      "after": "1000",
      "priority": 0,
      "additionalGuards": null,
      "activationKind": null,
      "fixedVariables": {
        "Crash": "FALSE",
        "VehiclesAy": "{(EgoVehicle↦0.0),(Vehicles2↦-0.00043684558704626397),(Vehicles3↦0.0),(Vehicles4↦0.0),(Vehicles5↦0.0)}",
        "Reward": "0.6839204779383777",
        "VehiclesAx": "{(EgoVehicle↦-4.2662739753723145),(Vehicles2↦4.3097869120538235),(Vehicles3↦4.280260514933616),(Vehicles4↦4.280667714774609),(Vehicles5↦4.279877170920372)}",
        "VehiclesVx": "{(EgoVehicle↦20.64701795578003),(Vehicles2↦-0.30532563105225563),(Vehicles3↦-0.03759532002732158),(Vehicles4↦-0.5183790996670723),(Vehicles5↦-0.2606985718011856)}",
        "VehiclesY": "{(EgoVehicle↦0.0),(Vehicles2↦7.999990224838257),(Vehicles3↦0.0),(Vehicles4↦4.0000001192092896),(Vehicles5↦8.000000238418579)}",
        "VehiclesVy": "{(EgoVehicle↦0.0),(Vehicles2↦2.7924468213313958E-05),(Vehicles3↦0.0),(Vehicles4↦0.0),(Vehicles5↦0.0)}",
        "VehiclesX": "{(EgoVehicle↦200.0),(Vehicles2↦-9.941589087247849),(Vehicles3↦37.42997348308563),(Vehicles4↦43.88011395931244),(Vehicles5↦47.931066155433655)}"
      },
      "probabilisticVariables": null,
      "activating": [
        "IDLE_39"
      ],
      "activatingOnlyWhenExecuted": true,
      "updating": null,
      "withPredicate": null
    },
    {
      "id": "IDLE_39",
      "execute": "IDLE",
      "after": "1000",
      "priority": 0,
      "additionalGuards": null,
      "activationKind": null,
      "fixedVariables": {
        "Crash": "FALSE",
        "VehiclesAy": "{(EgoVehicle↦0.0),(Vehicles2↦-2.6253201355075362E-05),(Vehicles3↦0.0),(Vehicles4↦0.0),(Vehicles5↦0.0)}",
        "Reward": "0.6689387735008014",
        "VehiclesAx": "{(EgoVehicle↦-0.5618143081665039),(Vehicles2↦0.5883025750517845),(Vehicles3↦0.5758949997834861),(Vehicles4↦0.5753371771425009),(Vehicles5↦0.575326643884182)}",
        "VehiclesVx": "{(EgoVehicle↦20.085203647613525),(Vehicles2↦0.2829769439995289),(Vehicles3↦0.5382996797561646),(Vehicles4↦0.05695807747542858),(Vehicles5↦0.31462807208299637)}",
        "VehiclesY": "{(EgoVehicle↦0.0),(Vehicles2↦7.999999523162842),(Vehicles3↦0.0),(Vehicles4↦4.0000001192092896),(Vehicles5↦8.000000238418579)}",
        "VehiclesVy": "{(EgoVehicle↦0.0),(Vehicles2↦1.6712668582385959E-06),(Vehicles3↦0.0),(Vehicles4↦0.0),(Vehicles5↦0.0)}",
        "VehiclesX": "{(EgoVehicle↦200.0),(Vehicles2↦-9.925390034914017),(Vehicles3↦37.70793378353119),(Vehicles4↦43.67713928222656),(Vehicles5↦47.98571169376373)}"
      },
      "probabilisticVariables": null,
      "activating": [
        "IDLE_40"
      ],
      "activatingOnlyWhenExecuted": true,
      "updating": null,
      "withPredicate": null
    },
    {
      "id": "IDLE_40",
      "execute": "IDLE",
      "after": "1000",
      "priority": 0,
      "additionalGuards": null,
      "activationKind": null,
      "fixedVariables": {
        "Crash": "FALSE",
        "VehiclesAy": "{(EgoVehicle↦0.0),(Vehicles2↦-1.5714830325919138E-06),(Vehicles3↦0.0),(Vehicles4↦0.0),(Vehicles5↦0.0)}",
        "Reward": "0.6669658741509972",
        "VehiclesAx": "{(EgoVehicle↦-0.07398366928100586),(Vehicles2↦0.09099876508116722),(Vehicles3↦0.08812829852104187),(Vehicles4↦0.08670782670378685),(Vehicles5↦0.08737802505493164)}",
        "VehiclesVx": "{(EgoVehicle↦20.01121997833252),(Vehicles2↦0.3739757090806961),(Vehicles3↦0.6264279782772064),(Vehicles4↦0.14366590417921543),(Vehicles5↦0.402006097137928)}",
        "VehiclesY": "{(EgoVehicle↦0.0),(Vehicles2↦8.000000238418579),(Vehicles3↦0.0),(Vehicles4↦4.0000001192092896),(Vehicles5↦8.000000238418579)}",
        "VehiclesVy": "{(EgoVehicle↦0.0),(Vehicles2↦9.978382564668209E-08),(Vehicles3↦0.0),(Vehicles4↦0.0),(Vehicles5↦0.0)}",
        "VehiclesX": "{(EgoVehicle↦200.0),(Vehicles2↦-9.594244509935379),(Vehicles3↦38.29270005226135),(Vehicles4↦43.78006160259247),(Vehicles5↦48.34652245044708)}"
      },
      "probabilisticVariables": null,
      "activating": [
        "IDLE_41"
      ],
      "activatingOnlyWhenExecuted": true,
      "updating": null,
      "withPredicate": null
    },
    {
      "id": "IDLE_41",
      "execute": "IDLE",
      "after": "1000",
      "priority": 0,
      "additionalGuards": null,
      "activationKind": null,
      "fixedVariables": {
        "Crash": "FALSE",
        "VehiclesAy": "{(EgoVehicle↦0.0),(Vehicles2↦-9.383569476995035E-08),(Vehicles3↦0.0),(Vehicles4↦0.0),(Vehicles5↦0.0)}",
        "Reward": "0.6667060684753027",
        "VehiclesAx": "{(EgoVehicle↦-0.009741783142089844),(Vehicles2↦0.02163432538509369),(Vehicles3↦0.023922398686408997),(Vehicles4↦0.02173115499317646),(Vehicles5↦0.022994503378868103)}",
        "VehiclesVx": "{(EgoVehicle↦20.00147819519043),(Vehicles2↦0.3956100344657898),(Vehicles3↦0.6503503769636154),(Vehicles4↦0.1653970591723919),(Vehicles5↦0.4250006005167961)}",
        "VehiclesY": "{(EgoVehicle↦0.0),(Vehicles2↦8.000000238418579),(Vehicles3↦0.0),(Vehicles4↦4.0000001192092896),(Vehicles5↦8.000000238418579)}",
        "VehiclesVy": "{(EgoVehicle↦0.0),(Vehicles2↦5.948130876731739E-09),(Vehicles3↦0.0),(Vehicles4↦0.0),(Vehicles5↦0.0)}",
        "VehiclesX": "{(EgoVehicle↦200.0),(Vehicles2↦-9.209847450256348),(Vehicles3↦38.930171728134155),(Vehicles4↦43.93395483493805),(Vehicles5↦48.75921607017517)}"
      },
      "probabilisticVariables": null,
      "activating": [
        "IDLE_42"
      ],
      "activatingOnlyWhenExecuted": true,
      "updating": null,
      "withPredicate": null
    },
    {
      "id": "IDLE_42",
      "execute": "IDLE",
      "after": "1000",
      "priority": 0,
      "additionalGuards": null,
      "activationKind": null,
      "fixedVariables": {
        "Crash": "FALSE",
        "VehiclesAy": "{(EgoVehicle↦0.0),(Vehicles2↦-5.593960850092117E-09),(Vehicles3↦0.0),(Vehicles4↦0.0),(Vehicles5↦0.0)}",
        "Reward": "0.6666718553822073",
        "VehiclesAx": "{(EgoVehicle↦-0.0012826919555664062),(Vehicles2↦0.010526888072490692),(Vehicles3↦0.015472397208213806),(Vehicles4↦0.0125931017100811),(Vehicles5↦0.014372020959854126)}",
        "VehiclesVx": "{(EgoVehicle↦20.000195503234863),(Vehicles2↦0.4061369225382805),(Vehicles3↦0.6658227741718292),(Vehicles4↦0.177990160882473),(Vehicles5↦0.43937262147665024)}",
        "VehiclesY": "{(EgoVehicle↦0.0),(Vehicles2↦8.000000238418579),(Vehicles3↦0.0),(Vehicles4↦4.0000001192092896),(Vehicles5↦8.000000238418579)}",
        "VehiclesVy": "{(EgoVehicle↦0.0),(Vehicles2↦3.5417002663962194E-10),(Vehicles3↦0.0),(Vehicles4↦0.0),(Vehicles5↦0.0)}",
        "VehiclesX": "{(EgoVehicle↦200.0),(Vehicles2↦-8.809687197208405),(Vehicles3↦39.586907625198364),(Vehicles4↦44.10463571548462),(Vehicles5↦49.19017255306244)}"
      },
      "probabilisticVariables": null,
      "activating": [
        "IDLE_43"
      ],
      "activatingOnlyWhenExecuted": true,
      "updating": null,
      "withPredicate": null
    },
    {
      "id": "IDLE_43",
      "execute": "IDLE",
      "after": "1000",
      "priority": 0,
      "additionalGuards": null,
      "activationKind": null,
      "fixedVariables": {
        "Crash": "FALSE",
        "VehiclesAy": "{(EgoVehicle↦0.0),(Vehicles2↦-3.3310243452433497E-10),(Vehicles3↦0.0),(Vehicles4↦0.0),(Vehicles5↦0.0)}",
        "Reward": "0.6666673499543099",
        "VehiclesAx": "{(EgoVehicle↦-0.00016927719116210938),(Vehicles2↦0.008154772222042084),(Vehicles3↦0.014345347881317139),(Vehicles4↦0.010852590203285217),(Vehicles5↦0.013078339397907257)}",
        "VehiclesVx": "{(EgoVehicle↦20.0000262260437),(Vehicles2↦0.41429169476032257),(Vehicles3↦0.6801681220531464),(Vehicles4↦0.1888427510857582),(Vehicles5↦0.4524509608745575)}",
        "VehiclesY": "{(EgoVehicle↦0.0),(Vehicles2↦8.000000238418579),(Vehicles3↦0.0),(Vehicles4↦4.0000001192092896),(Vehicles5↦8.000000238418579)}",
        "VehiclesVy": "{(EgoVehicle↦0.0),(Vehicles2↦2.106759211528697E-11),(Vehicles3↦0.0),(Vehicles4↦0.0),(Vehicles5↦0.0)}",
        "VehiclesX": "{(EgoVehicle↦200.0),(Vehicles2↦-8.400199562311172),(Vehicles3↦40.25849401950836),(Vehicles4↦44.28704082965851),(Vehicles5↦49.634817242622375)}"
      },
      "probabilisticVariables": null,
      "activating": [
        "IDLE_44"
      ],
      "activatingOnlyWhenExecuted": true,
      "updating": null,
      "withPredicate": null
    },
    {
      "id": "IDLE_44",
      "execute": "IDLE",
      "after": "1000",
      "priority": 0,
      "additionalGuards": null,
      "activationKind": null,
      "fixedVariables": {
        "Crash": "FALSE",
        "VehiclesAy": "{(EgoVehicle↦0.0),(Vehicles2↦-1.9824142327706795E-11),(Vehicles3↦0.0),(Vehicles4↦0.0),(Vehicles5↦0.0)}",
        "Reward": "0.6666667566469324",
        "VehiclesAx": "{(EgoVehicle↦-2.384185791015625E-05),(Vehicles2↦0.007514730095863342),(Vehicles3↦0.014165490865707397),(Vehicles4↦0.01012653112411499),(Vehicles5↦0.012738220393657684)}",
        "VehiclesVx": "{(EgoVehicle↦20.00000238418579),(Vehicles2↦0.4218064248561859),(Vehicles3↦0.6943336129188538),(Vehicles4↦0.1989692822098732),(Vehicles5↦0.4651891812682152)}",
        "VehiclesY": "{(EgoVehicle↦0.0),(Vehicles2↦8.000000238418579),(Vehicles3↦0.0),(Vehicles4↦4.0000001192092896),(Vehicles5↦8.000000238418579)}",
        "VehiclesVy": "{(EgoVehicle↦0.0),(Vehicles2↦1.2434497875801753E-12),(Vehicles3↦0.0),(Vehicles4↦0.0),(Vehicles5↦0.0)}",
        "VehiclesX": "{(EgoVehicle↦200.0),(Vehicles2↦-7.982879132032394),(Vehicles3↦40.944334864616394),(Vehicles4↦44.47998106479645),(Vehicles5↦50.09238123893738)}"
      },
      "probabilisticVariables": null,
      "activating": [
        "IDLE_45"
      ],
      "activatingOnlyWhenExecuted": true,
      "updating": null,
      "withPredicate": null
    },
    {
      "id": "IDLE_45",
      "execute": "IDLE",
      "after": "1000",
      "priority": 0,
      "additionalGuards": null,
      "activationKind": null,
      "fixedVariables": {
        "Crash": "FALSE",
        "VehiclesAy": "{(EgoVehicle↦0.0),(Vehicles2↦-1.1723955140041653E-12),(Vehicles3↦0.0),(Vehicles4↦0.0),(Vehicles5↦0.0)}",
        "Reward": "0.6666666785159198",
        "VehiclesAx": "{(EgoVehicle↦-2.384185791015625E-06),(Vehicles2↦0.007409676909446716),(Vehicles3↦0.01409485936164856),(Vehicles4↦0.009570792317390442),(Vehicles5↦0.012514255940914154)}",
        "VehiclesVx": "{(EgoVehicle↦20.0),(Vehicles2↦0.42921610176563263),(Vehicles3↦0.7084284722805023),(Vehicles4↦0.20854007452726364),(Vehicles5↦0.47770343720912933)}",
        "VehiclesY": "{(EgoVehicle↦0.0),(Vehicles2↦8.000000238418579),(Vehicles3↦0.0),(Vehicles4↦4.0000001192092896),(Vehicles5↦8.000000238418579)}",
        "VehiclesVy": "{(EgoVehicle↦0.0),(Vehicles2↦7.105427357601002E-14),(Vehicles3↦0.0),(Vehicles4↦0.0),(Vehicles5↦0.0)}",
        "VehiclesX": "{(EgoVehicle↦200.0),(Vehicles2↦-7.558111846446991),(Vehicles3↦41.64431393146515),(Vehicles4↦44.68282163143158),(Vehicles5↦50.56259632110596)}"
      },
      "probabilisticVariables": null,
      "activating": [
        "IDLE_46"
      ],
      "activatingOnlyWhenExecuted": true,
      "updating": null,
      "withPredicate": null
    },
    {
      "id": "IDLE_46",
      "execute": "IDLE",
      "after": "1000",
      "priority": 0,
      "additionalGuards": null,
      "activationKind": null,
      "fixedVariables": {
        "Crash": "FALSE",
        "VehiclesAy": "{(EgoVehicle↦0.0),(Vehicles2↦-7.105427357601002E-14),(Vehicles3↦0.0),(Vehicles4↦0.0),(Vehicles5↦0.0)}",
        "Reward": "0.6666666682270622",
        "VehiclesAx": "{(EgoVehicle↦0.0),(Vehicles2↦0.007526576519012451),(Vehicles3↦0.014025121927261353),(Vehicles4↦0.0090709887444973),(Vehicles5↦0.012298226356506348)}",
        "VehiclesVx": "{(EgoVehicle↦20.0),(Vehicles2↦0.4367426782846451),(Vehicles3↦0.7224535942077637),(Vehicles4↦0.21761106327176094),(Vehicles5↦0.4900016635656357)}",
        "VehiclesY": "{(EgoVehicle↦0.0),(Vehicles2↦8.000000238418579),(Vehicles3↦0.0),(Vehicles4↦4.0000001192092896),(Vehicles5↦8.000000238418579)}",
        "VehiclesVy": "{(EgoVehicle↦0.0),(Vehicles2↦0.0),(Vehicles3↦0.0),(Vehicles4↦0.0),(Vehicles5↦0.0)}",
        "VehiclesX": "{(EgoVehicle↦200.0),(Vehicles2↦-7.125899940729141),(Vehicles3↦42.35835671424866),(Vehicles4↦44.895029067993164),(Vehicles5↦51.04523301124573)}"
      },
      "probabilisticVariables": null,
      "activating": [
        "IDLE_47"
      ],
      "activatingOnlyWhenExecuted": true,
      "updating": null,
      "withPredicate": null
    },
    {
      "id": "IDLE_47",
      "execute": "IDLE",
      "after": "1000",
      "priority": 0,
      "additionalGuards": null,
      "activationKind": null,
      "fixedVariables": {
        "Crash": "FALSE",
        "VehiclesAy": "{(EgoVehicle↦0.0),(Vehicles2↦0.0),(Vehicles3↦0.0),(Vehicles4↦0.0),(Vehicles5↦0.0)}",
        "Reward": "0.6666666668721509",
        "VehiclesAx": "{(EgoVehicle↦0.0),(Vehicles2↦0.0077371299266815186),(Vehicles3↦0.013943538069725037),(Vehicles4↦0.008609239012002945),(Vehicles5↦0.012077577412128448)}",
        "VehiclesVx": "{(EgoVehicle↦20.0),(Vehicles2↦0.4444798082113266),(Vehicles3↦0.7363971322774887),(Vehicles4↦0.22622030228376389),(Vehicles5↦0.5020792409777641)}",
        "VehiclesY": "{(EgoVehicle↦0.0),(Vehicles2↦8.000000238418579),(Vehicles3↦0.0),(Vehicles4↦4.0000001192092896),(Vehicles5↦8.000000238418579)}",
        "VehiclesVy": "{(EgoVehicle↦0.0),(Vehicles2↦0.0),(Vehicles3↦0.0),(Vehicles4↦0.0),(Vehicles5↦0.0)}",
        "VehiclesX": "{(EgoVehicle↦200.0),(Vehicles2↦-6.686080992221832),(Vehicles3↦43.08639466762543),(Vehicles4↦45.11611759662628),(Vehicles5↦51.540082693099976)}"
      },
      "probabilisticVariables": null,
      "activating": [
        "IDLE_48"
      ],
      "activatingOnlyWhenExecuted": true,
      "updating": null,
      "withPredicate": null
    },
    {
      "id": "IDLE_48",
      "execute": "IDLE",
      "after": "1000",
      "priority": 0,
      "additionalGuards": null,
      "activationKind": null,
      "fixedVariables": {
        "Crash": "FALSE",
        "VehiclesAy": "{(EgoVehicle↦0.0),(Vehicles2↦0.0),(Vehicles3↦0.0),(Vehicles4↦0.0),(Vehicles5↦0.0)}",
        "Reward": "0.6666666666937263",
        "VehiclesAx": "{(EgoVehicle↦0.0),(Vehicles2↦0.00797666609287262),(Vehicles3↦0.013849809765815735),(Vehicles4↦0.008180681616067886),(Vehicles5↦0.011852309107780457)}",
        "VehiclesVx": "{(EgoVehicle↦20.0),(Vehicles2↦0.4524564743041992),(Vehicles3↦0.7502469420433044),(Vehicles4↦0.23440098389983177),(Vehicles5↦0.5139315500855446)}",
        "VehiclesY": "{(EgoVehicle↦0.0),(Vehicles2↦8.000000238418579),(Vehicles3↦0.0),(Vehicles4↦4.0000001192092896),(Vehicles5↦8.000000238418579)}",
        "VehiclesVy": "{(EgoVehicle↦0.0),(Vehicles2↦0.0),(Vehicles3↦0.0),(Vehicles4↦0.0),(Vehicles5↦0.0)}",
        "VehiclesX": "{(EgoVehicle↦200.0),(Vehicles2↦-6.238429620862007),(Vehicles3↦43.828341364860535),(Vehicles4↦45.345643162727356),(Vehicles5↦52.04692482948303)}"
      },
      "probabilisticVariables": null,
      "activating": [
        "IDLE_49"
      ],
      "activatingOnlyWhenExecuted": true,
      "updating": null,
      "withPredicate": null
    },
    {
      "id": "IDLE_49",
      "execute": "IDLE",
      "after": "1000",
      "priority": 0,
      "additionalGuards": null,
      "activationKind": null,
      "fixedVariables": {
        "Crash": "FALSE",
        "VehiclesAy": "{(EgoVehicle↦0.0),(Vehicles2↦0.0),(Vehicles3↦0.0),(Vehicles4↦0.0),(Vehicles5↦0.0)}",
        "Reward": "0.66666666667023",
        "VehiclesAx": "{(EgoVehicle↦0.0),(Vehicles2↦0.00821135938167572),(Vehicles3↦0.013745278120040894),(Vehicles4↦0.007782336324453354),(Vehicles5↦0.01162361353635788)}",
        "VehiclesVx": "{(EgoVehicle↦20.0),(Vehicles2↦0.46066783368587494),(Vehicles3↦0.7639922201633453),(Vehicles4↦0.24218332022428513),(Vehicles5↦0.5255551636219025)}",
        "VehiclesY": "{(EgoVehicle↦0.0),(Vehicles2↦8.000000238418579),(Vehicles3↦0.0),(Vehicles4↦4.0000001192092896),(Vehicles5↦8.000000238418579)}",
        "VehiclesVy": "{(EgoVehicle↦0.0),(Vehicles2↦0.0),(Vehicles3↦0.0),(Vehicles4↦0.0),(Vehicles5↦0.0)}",
        "VehiclesX": "{(EgoVehicle↦200.0),(Vehicles2↦-5.782706663012505),(Vehicles3↦44.58409547805786),(Vehicles4↦45.58318853378296),(Vehicles5↦52.565521001815796)}"
      },
      "probabilisticVariables": null,
      "activating": [
        "IDLE_50"
      ],
      "activatingOnlyWhenExecuted": true,
      "updating": null,
      "withPredicate": null
    },
    {
      "id": "IDLE_50",
      "execute": "IDLE",
      "after": "1000",
      "priority": 0,
      "additionalGuards": null,
      "activationKind": null,
      "fixedVariables": {
        "Crash": "FALSE",
        "VehiclesAy": "{(EgoVehicle↦0.0),(Vehicles2↦0.0),(Vehicles3↦0.0),(Vehicles4↦0.0),(Vehicles5↦0.0)}",
        "Reward": "0.6666666666671359",
        "VehiclesAx": "{(EgoVehicle↦0.0),(Vehicles2↦0.008424147963523865),(Vehicles3↦0.013631358742713928),(Vehicles4↦0.007411818951368332),(Vehicles5↦0.011392943561077118)}",
        "VehiclesVx": "{(EgoVehicle↦20.0),(Vehicles2↦0.4690919816493988),(Vehicles3↦0.7776235789060593),(Vehicles4↦0.24959513917565346),(Vehicles5↦0.5369481071829796)}",
        "VehiclesY": "{(EgoVehicle↦0.0),(Vehicles2↦8.000000238418579),(Vehicles3↦0.0),(Vehicles4↦4.0000001192092896),(Vehicles5↦8.000000238418579)}",
        "VehiclesVy": "{(EgoVehicle↦0.0),(Vehicles2↦0.0),(Vehicles3↦0.0),(Vehicles4↦0.0),(Vehicles5↦0.0)}",
        "VehiclesX": "{(EgoVehicle↦200.0),(Vehicles2↦-5.318685248494148),(Vehicles3↦45.35354971885681),(Vehicles4↦45.82836627960205),(Vehicles5↦53.095656633377075)}"
      },
      "probabilisticVariables": null,
      "activating": [
        "FASTER_51"
      ],
      "activatingOnlyWhenExecuted": true,
      "updating": null,
      "withPredicate": null
    },
    {
      "id": "FASTER_51",
      "execute": "FASTER",
      "after": "1000",
      "priority": 0,
      "additionalGuards": null,
      "activationKind": null,
      "fixedVariables": {
        "Crash": "FALSE",
        "VehiclesAy": "{(EgoVehicle↦0.0),(Vehicles2↦0.0),(Vehicles3↦0.0),(Vehicles4↦0.0),(Vehicles5↦0.0)}",
        "Reward": "0.7824417009602813",
        "VehiclesAx": "{(EgoVehicle↦4.341564178466797),(Vehicles2↦-4.332956522703171),(Vehicles3↦-4.862525388598442),(Vehicles4↦-3.800025973469019),(Vehicles5↦-4.33040227741003)}",
        "VehiclesVx": "{(EgoVehicle↦24.341564178466797),(Vehicles2↦-3.863864541053772),(Vehicles3↦-4.084901809692383),(Vehicles4↦-3.5504308342933655),(Vehicles5↦-3.793454170227051)}",
        "VehiclesY": "{(EgoVehicle↦0.0),(Vehicles2↦8.000000238418579),(Vehicles3↦4.0000001192092896),(Vehicles4↦0.0),(Vehicles5↦8.000000238418579)}",
        "VehiclesVy": "{(EgoVehicle↦0.0),(Vehicles2↦0.0),(Vehicles3↦0.0),(Vehicles4↦0.0),(Vehicles5↦0.0)}",
        "VehiclesX": "{(EgoVehicle↦200.0),(Vehicles2↦-7.241225242614746),(Vehicles3↦43.685752153396606),(Vehicles4↦43.74152421951294),(Vehicles5↦51.24202370643616)}"
      },
      "probabilisticVariables": null,
      "activating": [
        "IDLE_52"
      ],
      "activatingOnlyWhenExecuted": true,
      "updating": null,
      "withPredicate": null
    },
    {
      "id": "IDLE_52",
      "execute": "IDLE",
      "after": "1000",
      "priority": 0,
      "additionalGuards": null,
      "activationKind": null,
      "fixedVariables": {
        "Crash": "FALSE",
        "VehiclesAy": "{(EgoVehicle↦0.0),(Vehicles2↦0.0),(Vehicles3↦0.0),(Vehicles4↦0.0),(Vehicles5↦0.0)}",
        "Reward": "0.7976877960112304",
        "VehiclesAx": "{(EgoVehicle↦0.5717277526855469),(Vehicles2↦-0.7860201597213745),(Vehicles3↦-0.023877620697021484),(Vehicles4↦-0.8038219809532166),(Vehicles5↦-0.30590057373046875)}",
        "VehiclesVx": "{(EgoVehicle↦24.913291931152344),(Vehicles2↦-4.6498847007751465),(Vehicles3↦-4.108779430389404),(Vehicles4↦-4.354252815246582),(Vehicles5↦-4.0993547439575195)}",
        "VehiclesY": "{(EgoVehicle↦0.0),(Vehicles2↦4.0000001192092896),(Vehicles3↦0.0),(Vehicles4↦8.000000238418579),(Vehicles5↦8.000000238418579)}",
        "VehiclesVy": "{(EgoVehicle↦0.0),(Vehicles2↦0.0),(Vehicles3↦0.0),(Vehicles4↦0.0),(Vehicles5↦0.0)}",
        "VehiclesX": "{(EgoVehicle↦200.0),(Vehicles2↦39.288175106048584),(Vehicles3↦39.88105654716492),(Vehicles4↦47.137561440467834),(Vehicles5↦124.47937726974487)}"
      },
      "probabilisticVariables": null,
      "activating": [
        "LANE_RIGHT_53"
      ],
      "activatingOnlyWhenExecuted": true,
      "updating": null,
      "withPredicate": null
    },
    {
      "id": "LANE_RIGHT_53",
      "execute": "LANE_RIGHT",
      "after": "1000",
      "priority": 0,
      "additionalGuards": null,
      "activationKind": null,
      "fixedVariables": {
        "Crash": "FALSE",
        "VehiclesAy": "{(EgoVehicle↦1.078011393547058),(Vehicles2↦-1.078011393547058),(Vehicles3↦-1.078011393547058),(Vehicles4↦-1.078011393547058),(Vehicles5↦-1.078011393547058)}",
        "Reward": "0.8324084823671379",
        "VehiclesAx": "{(EgoVehicle↦0.05202531814575195),(Vehicles2↦-0.04557967185974121),(Vehicles3↦-0.0387805700302124),(Vehicles4↦-0.04132568836212158),(Vehicles5↦-0.043599605560302734)}",
        "VehiclesVx": "{(EgoVehicle↦24.965317249298096),(Vehicles2↦-4.695464372634888),(Vehicles3↦-4.147560000419617),(Vehicles4↦-4.395578503608704),(Vehicles5↦-4.142954349517822)}",
        "VehiclesY": "{(EgoVehicle↦3.6606016159057617),(Vehicles2↦0.33939845860004425),(Vehicles3↦-3.6606016159057617),(Vehicles4↦4.339398622512817),(Vehicles5↦4.339398622512817)}",
        "VehiclesVy": "{(EgoVehicle↦1.078011393547058),(Vehicles2↦-1.078011393547058),(Vehicles3↦-1.078011393547058),(Vehicles4↦-1.078011393547058),(Vehicles5↦-1.078011393547058)}",
        "VehiclesX": "{(EgoVehicle↦200.0),(Vehicles2↦34.919920563697815),(Vehicles3↦36.05661690235138),(Vehicles4↦43.066635727882385),(Vehicles5↦120.66246271133423)}"
      },
      "probabilisticVariables": null,
      "activating": [
        "LANE_RIGHT_54"
      ],
      "activatingOnlyWhenExecuted": true,
      "updating": null,
      "withPredicate": null
    },
    {
      "id": "LANE_RIGHT_54",
      "execute": "LANE_RIGHT",
      "after": "1000",
      "priority": 0,
      "additionalGuards": null,
      "activationKind": null,
      "fixedVariables": {
        "Crash": "FALSE",
        "VehiclesAy": "{(EgoVehicle↦0.038999393582344055),(Vehicles2↦-0.038999393582344055),(Vehicles3↦-0.038999393582344055),(Vehicles4↦-0.038999393582344055),(Vehicles5↦-2.1950221806764603)}",
        "Reward": "0.8659607499660268",
        "VehiclesAx": "{(EgoVehicle↦0.008211135864257812),(Vehicles2↦-0.0020429491996765137),(Vehicles3↦0.004894435405731201),(Vehicles4↦0.0022616982460021973),(Vehicles5↦-0.00014454126358032227)}",
        "VehiclesVx": "{(EgoVehicle↦24.973528385162354),(Vehicles2↦-4.697507321834564),(Vehicles3↦-4.1426655650138855),(Vehicles4↦-4.393316805362701),(Vehicles5↦-4.143098890781403)}",
        "VehiclesY": "{(EgoVehicle↦7.648747444152832),(Vehicles2↦-3.648746967315674),(Vehicles3↦-7.648747444152832),(Vehicles4↦0.351252906024456),(Vehicles5↦0.351252906024456)}",
        "VehiclesVy": "{(EgoVehicle↦1.1170107871294022),(Vehicles2↦-1.1170107871294022),(Vehicles3↦-1.1170107871294022),(Vehicles4↦-1.1170107871294022),(Vehicles5↦-1.1170107871294022)}",
        "VehiclesX": "{(EgoVehicle↦200.0),(Vehicles2↦30.577316880226135),(Vehicles3↦32.2646826505661),(Vehicles4↦39.02563750743866),(Vehicles5↦116.87313318252563)}"
      },
      "probabilisticVariables": null,
      "activating": [
        "IDLE_55"
      ],
      "activatingOnlyWhenExecuted": true,
      "updating": null,
      "withPredicate": null
    },
    {
      "id": "IDLE_55",
      "execute": "IDLE",
      "after": "1000",
      "priority": 0,
      "additionalGuards": null,
      "activationKind": null,
      "fixedVariables": {
        "Crash": "FALSE",
        "VehiclesAy": "{(EgoVehicle↦-1.0777260502800345),(Vehicles2↦1.0777260502800345),(Vehicles3↦1.0777260502800345),(Vehicles4↦1.0777260502800345),(Vehicles5↦-1.1562955239787698)}",
        "Reward": "0.8666605632876919",
        "VehiclesAx": "{(EgoVehicle↦0.026242733001708984),(Vehicles2↦-0.020336508750915527),(Vehicles3↦-0.013282597064971924),(Vehicles4↦-0.01599729061126709),(Vehicles5↦-0.018515586853027344)}",
        "VehiclesVx": "{(EgoVehicle↦24.999771118164062),(Vehicles2↦-4.71784383058548),(Vehicles3↦-4.155948162078857),(Vehicles4↦-4.4093140959739685),(Vehicles5↦-4.16161447763443)}",
        "VehiclesY": "{(EgoVehicle↦7.98814845085144),(Vehicles2↦-3.988148331642151),(Vehicles3↦-7.98814845085144),(Vehicles4↦0.011851685587316751),(Vehicles5↦0.011851685587316751)}",
        "VehiclesVy": "{(EgoVehicle↦0.03928473684936762),(Vehicles2↦-0.03928473684936762),(Vehicles3↦-0.03928473684936762),(Vehicles4↦-0.03928473684936762),(Vehicles5↦-0.03928473684936762)}",
        "VehiclesX": "{(EgoVehicle↦200.0),(Vehicles2↦25.860467553138733),(Vehicles3↦28.105485439300537),(Vehicles4↦34.61470901966095),(Vehicles5↦112.71141767501831)}"
      },
      "probabilisticVariables": null,
      "activating": [
        "SLOWER_56"
      ],
      "activatingOnlyWhenExecuted": true,
      "updating": null,
      "withPredicate": null
    },
    {
      "id": "SLOWER_56",
      "execute": "SLOWER",
      "after": "1000",
      "priority": 0,
      "additionalGuards": null,
      "activationKind": null,
      "fixedVariables": {
        "Crash": "FALSE",
        "VehiclesAy": "{(EgoVehicle↦-0.037668597215088084),(Vehicles2↦0.037668597215088084),(Vehicles3↦0.037668597215088084),(Vehicles4↦0.037668597215088084),(Vehicles5↦-0.04090087648364715)}",
        "Reward": "0.750890935341332",
        "VehiclesAx": "{(EgoVehicle↦-4.3413615226745605),(Vehicles2↦4.347024485468864),(Vehicles3↦4.354173522442579),(Vehicles4↦4.351384388282895),(Vehicles5↦4.3487730249762535)}",
        "VehiclesVx": "{(EgoVehicle↦20.658409595489502),(Vehicles2↦-0.3708193451166153),(Vehicles3↦0.19822536036372185),(Vehicles4↦-0.05792970769107342),(Vehicles5↦0.18715854734182358)}",
        "VehiclesY": "{(EgoVehicle↦7.999441623687744),(Vehicles2↦-3.999441146850586),(Vehicles3↦-7.999441623687744),(Vehicles4↦0.0005587193736573681),(Vehicles5↦0.0005587193736573681)}",
        "VehiclesVy": "{(EgoVehicle↦0.0016161396342795342),(Vehicles2↦-0.0016161396342795342),(Vehicles3↦-0.0016161396342795342),(Vehicles4↦-0.0016161396342795342),(Vehicles5↦-0.0016161396342795342)}",
        "VehiclesX": "{(EgoVehicle↦200.0),(Vehicles2↦23.539847135543823),(Vehicles3↦26.349616050720215),(Vehicles4↦32.604363560676575),(Vehicles5↦110.94774007797241)}"
      },
      "probabilisticVariables": null,
      "activating": [
        "SLOWER_57"
      ],
      "activatingOnlyWhenExecuted": true,
      "updating": null,
      "withPredicate": null
    },
    {
      "id": "SLOWER_57",
      "execute": "SLOWER",
      "after": "1000",
      "priority": 0,
      "additionalGuards": null,
      "activationKind": null,
      "fixedVariables": {
        "Crash": "FALSE",
        "VehiclesAy": "{(EgoVehicle↦-0.0015169829111982835),(Vehicles2↦0.0015169829111982835),(Vehicles3↦0.0015169829111982835),(Vehicles4↦0.0015169829111982835),(Vehicles5↦-0.001715296357360785)}",
        "Reward": "0.7356454457473861",
        "VehiclesAx": "{(EgoVehicle↦-0.5717062950134277),(Vehicles2↦0.5771422572433949),(Vehicles3↦0.5843675322830677),(Vehicles4↦0.5815100204199553),(Vehicles5↦0.5788226798176765)}",
        "VehiclesVx": "{(EgoVehicle↦20.086703300476074),(Vehicles2↦0.20632291212677956),(Vehicles3↦0.7825928926467896),(Vehicles4↦0.5235803127288818),(Vehicles5↦0.7659812271595001)}",
        "VehiclesY": "{(EgoVehicle↦7.9999659061431885),(Vehicles2↦-3.999965786933899),(Vehicles3↦-7.9999659061431885),(Vehicles4↦3.417211064515868E-05),(Vehicles5↦3.417211064515868E-05)}",
        "VehiclesVy": "{(EgoVehicle↦9.915672308125068E-05),(Vehicles2↦-9.915672308125068E-05),(Vehicles3↦-9.915672308125068E-05),(Vehicles4↦-9.915672308125068E-05),(Vehicles5↦-9.915672308125068E-05)}",
        "VehiclesX": "{(EgoVehicle↦200.0),(Vehicles2↦23.486606776714325),(Vehicles3↦26.86830461025238),(Vehicles4↦32.86575973033905),(Vehicles5↦111.45315170288086)}"
      },
      "probabilisticVariables": null,
      "activating": [
        "IDLE_58"
      ],
      "activatingOnlyWhenExecuted": true,
      "updating": null,
      "withPredicate": null
    },
    {
      "id": "IDLE_58",
      "execute": "IDLE",
      "after": "1000",
      "priority": 0,
      "additionalGuards": null,
      "activationKind": null,
      "fixedVariables": {
        "Crash": "FALSE",
        "VehiclesAy": "{(EgoVehicle↦-9.299499254211696E-05),(Vehicles2↦9.299499254211696E-05),(Vehicles3↦9.299499254211696E-05),(Vehicles4↦9.299499254211696E-05),(Vehicles5↦-0.00010531845362038439)}",
        "Reward": "0.7336378090430139",
        "VehiclesAx": "{(EgoVehicle↦-0.07528543472290039),(Vehicles2↦0.08051075041294098),(Vehicles3↦0.08779510855674744),(Vehicles4↦0.08487541228532791),(Vehicles5↦0.08212767541408539)}",
        "VehiclesVx": "{(EgoVehicle↦20.011417865753174),(Vehicles2↦0.28683366253972054),(Vehicles3↦0.870388001203537),(Vehicles4↦0.6084557250142097),(Vehicles5↦0.8481089025735855)}",
        "VehiclesY": "{(EgoVehicle↦7.999998092651367),(Vehicles2↦-3.9999979734420776),(Vehicles3↦-7.999998092651367),(Vehicles4↦2.121753311712382E-06),(Vehicles5↦2.121753311712382E-06)}",
        "VehiclesVy": "{(EgoVehicle↦6.161730539133714E-06),(Vehicles2↦-6.161730539133714E-06),(Vehicles3↦-6.161730539133714E-06),(Vehicles4↦-6.161730539133714E-06),(Vehicles5↦-6.161730539133714E-06)}",
        "VehiclesX": "{(EgoVehicle↦200.0),(Vehicles2↦23.736567795276642),(Vehicles3↦27.697443962097168),(Vehicles4↦33.43472480773926),(Vehicles5↦112.26342916488647)}"
      },
      "probabilisticVariables": null,
      "activating": [
        "IDLE_59"
      ],
      "activatingOnlyWhenExecuted": true,
      "updating": null,
      "withPredicate": null
    },
    {
      "id": "IDLE_59",
      "execute": "IDLE",
      "after": "1000",
      "priority": 0,
      "additionalGuards": null,
      "activationKind": null,
      "fixedVariables": {
        "Crash": "FALSE",
        "VehiclesAy": "{(EgoVehicle↦-5.778411740209322E-06),(Vehicles2↦5.778411740209322E-06),(Vehicles3↦5.778411740209322E-06),(Vehicles4↦5.778411740209322E-06),(Vehicles5↦-6.5450493380581065E-06)}",
        "Reward": "0.7333734289000434",
        "VehiclesAx": "{(EgoVehicle↦-0.009913444519042969),(Vehicles2↦0.014940500259399414),(Vehicles3↦0.022268444299697876),(Vehicles4↦0.019292496144771576),(Vehicles5↦0.016498342156410217)}",
        "VehiclesVx": "{(EgoVehicle↦20.00150442123413),(Vehicles2↦0.30177416279911995),(Vehicles3↦0.8926564455032349),(Vehicles4↦0.6277482211589813),(Vehicles5↦0.8646072447299957)}",
        "VehiclesY": "{(EgoVehicle↦7.999999523162842),(Vehicles2↦-3.999999761581421),(Vehicles3↦-7.999999523162842),(Vehicles4↦1.3197888648619482E-07),(Vehicles5↦1.3197888648619482E-07)}",
        "VehiclesVy": "{(EgoVehicle↦3.8331879892439247E-07),(Vehicles2↦-3.8331879892439247E-07),(Vehicles3↦-3.8331879892439247E-07),(Vehicles4↦-3.8331879892439247E-07),(Vehicles5↦-3.8331879892439247E-07)}",
        "VehiclesX": "{(EgoVehicle↦200.0),(Vehicles2↦24.03089702129364),(Vehicles3↦28.57825756072998),(Vehicles4↦34.05241668224335),(Vehicles5↦113.11964988708496)}"
      },
      "probabilisticVariables": null,
      "activating": [
        "IDLE_60"
      ],
      "activatingOnlyWhenExecuted": true,
      "updating": null,
      "withPredicate": null
    },
    {
      "id": "IDLE_60",
      "execute": "IDLE",
      "after": "1000",
      "priority": 0,
      "additionalGuards": null,
      "activationKind": null,
      "fixedVariables": {
        "Crash": "FALSE",
        "VehiclesAy": "{(EgoVehicle↦-3.5946925436292076E-07),(Vehicles2↦3.5946926324470496E-07),(Vehicles3↦3.5946926324470496E-07),(Vehicles4↦3.5946926324470496E-07),(Vehicles5↦-4.0716833460407997E-07)}",
        "Reward": "0.7333386134079619",
        "VehiclesAx": "{(EgoVehicle↦-0.0013065338134765625),(Vehicles2↦0.006146673113107681),(Vehicles3↦0.01350395381450653),(Vehicles4↦0.010477527976036072),(Vehicles5↦0.0076498836278915405)}",
        "VehiclesVx": "{(EgoVehicle↦20.000197887420654),(Vehicles2↦0.30792083591222763),(Vehicles3↦0.9061603993177414),(Vehicles4↦0.6382257491350174),(Vehicles5↦0.8722571283578873)}",
        "VehiclesY": "{(EgoVehicle↦8.000000238418579),(Vehicles2↦-4.0000001192092896),(Vehicles3↦-8.000000238418579),(Vehicles4↦8.211412882985769E-09),(Vehicles5↦8.211412882985769E-09)}",
        "VehiclesVy": "{(EgoVehicle↦2.3849544561471703E-08),(Vehicles2↦-2.3849535679687506E-08),(Vehicles3↦-2.3849535679687506E-08),(Vehicles4↦-2.3849535679687506E-08),(Vehicles5↦-2.3849535679687506E-08)}",
        "VehiclesX": "{(EgoVehicle↦200.0),(Vehicles2↦24.33534264564514),(Vehicles3↦29.476526379585266),(Vehicles4↦34.684571623802185),(Vehicles5↦113.98754119873047)}"
      },
      "probabilisticVariables": null,
      "activating": [
        "IDLE_61"
      ],
      "activatingOnlyWhenExecuted": true,
      "updating": null,
      "withPredicate": null
    },
    {
      "id": "IDLE_61",
      "execute": "IDLE",
      "after": "1000",
      "priority": 0,
      "additionalGuards": null,
      "activationKind": null,
      "fixedVariables": {
        "Crash": "FALSE",
        "VehiclesAy": "{(EgoVehicle↦-2.2365629348541916E-08),(Vehicles2↦2.236562046675772E-08),(Vehicles3↦2.236562046675772E-08),(Vehicles4↦2.236562046675772E-08),(Vehicles5↦-2.5333450892617293E-08)}",
        "Reward": "0.7333340286518029",
        "VehiclesAx": "{(EgoVehicle↦-0.000171661376953125),(Vehicles2↦0.004839897155761719),(Vehicles3↦0.012213736772537231),(Vehicles4↦0.009142309427261353),(Vehicles5↦0.006292760372161865)}",
        "VehiclesVx": "{(EgoVehicle↦20.0000262260437),(Vehicles2↦0.31276073306798935),(Vehicles3↦0.9183741360902786),(Vehicles4↦0.6473680585622787),(Vehicles5↦0.8785498887300491)}",
        "VehiclesY": "{(EgoVehicle↦8.000000238418579),(Vehicles2↦-4.0000001192092896),(Vehicles3↦-8.000000238418579),(Vehicles4↦5.109113132562015E-10),(Vehicles5↦5.109113132562015E-10)}",
        "VehiclesVy": "{(EgoVehicle↦1.4839152129297872E-09),(Vehicles2↦-1.4839152129297872E-09),(Vehicles3↦-1.4839152129297872E-09),(Vehicles4↦-1.4839152129297872E-09),(Vehicles5↦-1.4839152129297872E-09)}",
        "VehiclesX": "{(EgoVehicle↦200.0),(Vehicles2↦24.645237624645233),(Vehicles3↦30.38761019706726),(Vehicles4↦35.32649576663971),(Vehicles5↦114.86235857009888)}"
      },
      "probabilisticVariables": null,
      "activating": null,
      "activatingOnlyWhenExecuted": true,
      "updating": null,
      "withPredicate": null
    }
  ],
  "listeners": [],
  "metadata": {
    "fileType": "Timed_Trace",
    "formatVersion": 3,
    "savedAt": "2023-08-21T06:52:22.707179Z",
    "creator": "Simulation: HYPOTHESIS_TEST; SIGNIFICANCE : 0.05, PROBABILITY : 0.95, MAX_STEPS_BEFORE_PROPERTY : 0, EXECUTIONS : 1000, PREDICATE : Crash = FALSE, ENDING_TIME : 60000, HYPOTHESIS_CHECKING_TYPE : LEFT_TAILED, CHECKING_TYPE : PREDICATE_INVARIANT",
    "proB2KernelVersion": "4.12.2",
    "proBCliVersion": "1.12.2-final",
    "modelName": "HighwayEnvironment2"
  }
}