{
  "variables": {},
  "activations": [
    {
      "id": "$setup_constants",
      "execute": "$setup_constants",
      "after": "0",
      "priority": 0,
      "additionalGuards": null,
      "activationKind": null,
      "fixedVariables": null,
      "probabilisticVariables": null,
      "activating": null,
      "activatingOnlyWhenExecuted": true,
      "updating": null,
      "withPredicate": null
    },
    {
      "id": "$initialise_machine",
      "execute": "$initialise_machine",
      "after": "0",
      "priority": 0,
      "additionalGuards": null,
      "activationKind": null,
      "fixedVariables": {
        "Crash": "FALSE",
        "VehiclesAy": "{(EgoVehicle↦0.0),(Vehicles2↦0.0),(Vehicles3↦0.0),(Vehicles4↦0.0),(Vehicles5↦0.0)}",
        "Reward": "0.0",
        "VehiclesAx": "{(EgoVehicle↦0.0),(Vehicles2↦0.0),(Vehicles3↦0.0),(Vehicles4↦0.0),(Vehicles5↦0.0)}",
        "VehiclesVx": "{(EgoVehicle↦25.0),(Vehicles2↦-3.022397756576538),(Vehicles3↦-2.7491798996925354),(Vehicles4↦-1.1977583169937134),(Vehicles5↦-2.0330534875392914)}",
        "VehiclesY": "{(EgoVehicle↦8.000000238418579),(Vehicles2↦0.0),(Vehicles3↦-8.000000238418579),(Vehicles4↦-4.0000001192092896),(Vehicles5↦-8.000000238418579)}",
        "VehiclesVy": "{(EgoVehicle↦0.0),(Vehicles2↦0.0),(Vehicles3↦0.0),(Vehicles4↦0.0),(Vehicles5↦0.0)}",
        "VehiclesX": "{(EgoVehicle↦150.8965253829956),(Vehicles2↦22.320081293582916),(Vehicles3↦44.28719878196716),(Vehicles4↦68.07248592376709),(Vehicles5↦93.51176023483276)}"
      },
      "probabilisticVariables": null,
      "activating": [
        "LANE_LEFT_2"
      ],
      "activatingOnlyWhenExecuted": true,
      "updating": null,
      "withPredicate": null
    },
    {
      "id": "LANE_LEFT_2",
      "execute": "LANE_LEFT",
      "after": "1000",
      "priority": 0,
      "additionalGuards": null,
      "activationKind": null,
      "fixedVariables": {
        "Crash": "FALSE",
        "VehiclesAy": "{(EgoVehicle↦-1.0796338319778442),(Vehicles2↦1.0796338319778442),(Vehicles3↦1.0796338319778442),(Vehicles4↦1.0796338319778442),(Vehicles5↦1.0796338319778442)}",
        "Reward": "0.8327113850086175",
        "VehiclesAx": "{(EgoVehicle↦-0.023322105407714844),(Vehicles2↦-0.3028225898742676),(Vehicles3↦-1.5195021033287048),(Vehicles4↦-2.1161681413650513),(Vehicles5↦-0.973212867975235)}",
        "VehiclesVx": "{(EgoVehicle↦24.976677894592285),(Vehicles2↦-3.3252203464508057),(Vehicles3↦-4.26868200302124),(Vehicles4↦-3.3139264583587646),(Vehicles5↦-3.0062663555145264)}",
        "VehiclesY": "{(EgoVehicle↦4.34003484249115),(Vehicles2↦3.6599650382995605),(Vehicles3↦-4.34003484249115),(Vehicles4↦-0.3400348797440529),(Vehicles5↦-4.34003484249115)}",
        "VehiclesVy": "{(EgoVehicle↦-1.0796338319778442),(Vehicles2↦1.0796338319778442),(Vehicles3↦1.0796338319778442),(Vehicles4↦1.0796338319778442),(Vehicles5↦1.0796338319778442)}",
        "VehiclesX": "{(EgoVehicle↦175.57677030563354),(Vehicles2↦19.470062851905823),(Vehicles3↦41.13752543926239),(Vehicles4↦66.19811654090881),(Vehicles5↦91.34080410003662)}"
      },
      "probabilisticVariables": null,
      "activating": [
        "FASTER_3"
      ],
      "activatingOnlyWhenExecuted": true,
      "updating": null,
      "withPredicate": null
    },
    {
      "id": "FASTER_3",
      "execute": "FASTER",
      "after": "1000",
      "priority": 0,
      "additionalGuards": null,
      "activationKind": null,
      "fixedVariables": {
        "Crash": "FALSE",
        "VehiclesAy": "{(EgoVehicle↦1.0525126825086772),(Vehicles2↦-1.0525126825086772),(Vehicles3↦-1.0525126825086772),(Vehicles4↦-1.0525126825086772),(Vehicles5↦1.1067549814470112)}",
        "Reward": "0.9491080333766447",
        "VehiclesAx": "{(EgoVehicle↦4.364874362945557),(Vehicles2↦-4.550449848175049),(Vehicles3↦-5.055621862411499),(Vehicles4↦-5.465938448905945),(Vehicles5↦-4.865773916244507)}",
        "VehiclesVx": "{(EgoVehicle↦29.341552257537842),(Vehicles2↦-7.8756701946258545),(Vehicles3↦-9.32430386543274),(Vehicles4↦-8.77986490726471),(Vehicles5↦-7.872040271759033)}",
        "VehiclesY": "{(EgoVehicle↦4.006503582000732),(Vehicles2↦3.993496298789978),(Vehicles3↦-4.006503582000732),(Vehicles4↦-0.006503580836579204),(Vehicles5↦-4.006503582000732)}",
        "VehiclesVy": "{(EgoVehicle↦-0.027121149469166994),(Vehicles2↦0.027121149469166994),(Vehicles3↦0.027121149469166994),(Vehicles4↦0.027121149469166994),(Vehicles5↦0.027121149469166994)}",
        "VehiclesX": "{(EgoVehicle↦200.0),(Vehicles2↦13.648228347301483),(Vehicles3↦34.13548767566681),(Vehicles4↦59.98706817626953),(Vehicles5↦85.69439053535461)}"
      },
      "probabilisticVariables": null,
      "activating": [
        "SLOWER_4"
      ],
      "activatingOnlyWhenExecuted": true,
      "updating": null,
      "withPredicate": null
    },
    {
      "id": "SLOWER_4",
      "execute": "SLOWER",
      "after": "1000",
      "priority": 0,
      "additionalGuards": null,
      "activationKind": null,
      "fixedVariables": {
        "Crash": "FALSE",
        "VehiclesAy": "{(EgoVehicle↦0.02685490007934277),(Vehicles2↦-0.02685490007934277),(Vehicles3↦-0.02685490007934277),(Vehicles4↦-0.02685490007934277),(Vehicles5↦0.02738739885899122)}",
        "Reward": "0.8485794283473741",
        "VehiclesAx": "{(EgoVehicle↦-3.769824504852295),(Vehicles2↦3.660670518875122),(Vehicles3↦3.4573274850845337),(Vehicles4↦3.014618754386902),(Vehicles5↦3.4953859448432922)}",
        "VehiclesVx": "{(EgoVehicle↦25.571727752685547),(Vehicles2↦-4.214999675750732),(Vehicles3↦-5.866976380348206),(Vehicles4↦-5.765246152877808),(Vehicles5↦-4.376654326915741)}",
        "VehiclesY": "{(EgoVehicle↦4.000069856643677),(Vehicles2↦3.9999300241470337),(Vehicles3↦-4.000069856643677),(Vehicles4↦-6.998710705374833E-05),(Vehicles5↦-4.000069856643677)}",
        "VehiclesVy": "{(EgoVehicle↦-0.00026624938982422464),(Vehicles2↦0.00026624938982422464),(Vehicles3↦0.00026624938982422464),(Vehicles4↦0.00026624938982422464),(Vehicles5↦0.00026624938982422464)}",
        "VehiclesX": "{(EgoVehicle↦200.0),(Vehicles2↦7.803880423307419),(Vehicles3↦26.745280623435974),(Vehicles4↦52.96676158905029),(Vehicles5↦79.77975010871887)}"
      },
      "probabilisticVariables": null,
      "activating": [
        "SLOWER_5"
      ],
      "activatingOnlyWhenExecuted": true,
      "updating": null,
      "withPredicate": null
    },
    {
      "id": "SLOWER_5",
      "execute": "SLOWER",
      "after": "1000",
      "priority": 0,
      "additionalGuards": null,
      "activationKind": null,
      "fixedVariables": {
        "Crash": "FALSE",
        "VehiclesAy": "{(EgoVehicle↦0.0002587077898397183),(Vehicles2↦-0.0002587077898397183),(Vehicles3↦-0.0002587077898397183),(Vehicles4↦-0.0002587077898397183),(Vehicles5↦0.00027379098980873096)}",
        "Reward": "0.719566015260452",
        "VehiclesAx": "{(EgoVehicle↦-4.838001728057861),(Vehicles2↦4.774483852088451),(Vehicles3↦4.714410230517387),(Vehicles4↦4.261445999145508),(Vehicles5↦4.679572526365519)}",
        "VehiclesVx": "{(EgoVehicle↦20.733726024627686),(Vehicles2↦0.559484176337719),(Vehicles3↦-1.1525661498308182),(Vehicles4↦-1.5038001537322998),(Vehicles5↦0.3029181994497776)}",
        "VehiclesY": "{(EgoVehicle↦4.00000262260437),(Vehicles2↦3.9999972581863403),(Vehicles3↦-4.00000262260437),(Vehicles4↦-2.592985538285575E-06),(Vehicles5↦-4.00000262260437)}",
        "VehiclesVy": "{(EgoVehicle↦-7.54159998450632E-06),(Vehicles2↦7.54159998450632E-06),(Vehicles3↦7.54159998450632E-06),(Vehicles4↦7.54159998450632E-06),(Vehicles5↦7.54159998450632E-06)}",
        "VehiclesX": "{(EgoVehicle↦200.0),(Vehicles2↦6.229643151164055),(Vehicles3↦23.4872043132782),(Vehicles4↦49.62838888168335),(Vehicles5↦78.00202369689941)}"
      },
      "probabilisticVariables": null,
      "activating": [
        "SLOWER_6"
      ],
      "activatingOnlyWhenExecuted": true,
      "updating": null,
      "withPredicate": null
    },
    {
      "id": "SLOWER_6",
      "execute": "SLOWER",
      "after": "1000",
      "priority": 0,
      "additionalGuards": null,
      "activationKind": null,
      "fixedVariables": {
        "Crash": "FALSE",
        "VehiclesAy": "{(EgoVehicle↦7.084108588628624E-06),(Vehicles2↦-7.084108588628624E-06),(Vehicles3↦-7.084108588628624E-06),(Vehicles4↦-7.084108588628624E-06),(Vehicles5↦7.999091380384016E-06)}",
        "Reward": "0.7025765946022041",
        "VehiclesAx": "{(EgoVehicle↦-0.6371045112609863),(Vehicles2↦0.6003314629197121),(Vehicles3↦0.6113405153155327),(Vehicles4↦0.1850639283657074),(Vehicles5↦0.5411159805953503)}",
        "VehiclesVx": "{(EgoVehicle↦20.0966215133667),(Vehicles2↦1.159815639257431),(Vehicles3↦-0.5412256345152855),(Vehicles4↦-1.3187362253665924),(Vehicles5↦0.8440341800451279)}",
        "VehiclesY": "{(EgoVehicle↦4.0000001192092896),(Vehicles2↦3.999999761581421),(Vehicles3↦-4.0000001192092896),(Vehicles4↦-1.5767271221989176E-07),(Vehicles5↦-4.0000001192092896)}",
        "VehiclesVy": "{(EgoVehicle↦-4.5749139587769605E-07),(Vehicles2↦4.5749139587769605E-07),(Vehicles3↦4.5749139587769605E-07),(Vehicles4↦4.5749139587769605E-07),(Vehicles5↦4.5749139587769605E-07)}",
        "VehiclesX": "{(EgoVehicle↦200.0),(Vehicles2↦7.124281674623489),(Vehicles3↦22.670309245586395),(Vehicles4↦48.28645586967468),(Vehicles5↦78.6143958568573)}"
      },
      "probabilisticVariables": null,
      "activating": [
        "SLOWER_7"
      ],
      "activatingOnlyWhenExecuted": true,
      "updating": null,
      "withPredicate": null
    },
    {
      "id": "SLOWER_7",
      "execute": "SLOWER",
      "after": "1000",
      "priority": 0,
      "additionalGuards": null,
      "activationKind": null,
      "fixedVariables": {
        "Crash": "FALSE",
        "VehiclesAy": "{(EgoVehicle↦4.2906876274173555E-07),(Vehicles2↦-4.2906876274173555E-07),(Vehicles3↦-4.2906876274173555E-07),(Vehicles4↦-4.2906876274173555E-07),(Vehicles5↦4.859140290136565E-07)}",
        "Reward": "0.7003393046389733",
        "VehiclesAx": "{(EgoVehicle↦-0.08389711380004883),(Vehicles2↦0.06253622472286224),(Vehicles3↦0.10814007371664047),(Vehicles4↦-0.26663973927497864),(Vehicles5↦0.022097304463386536)}",
        "VehiclesVx": "{(EgoVehicle↦20.01272439956665),(Vehicles2↦1.2223518639802933),(Vehicles3↦-0.433085560798645),(Vehicles4↦-1.585375964641571),(Vehicles5↦0.8661314845085144)}",
        "VehiclesY": "{(EgoVehicle↦4.0000001192092896),(Vehicles2↦4.0000001192092896),(Vehicles3↦-4.0000001192092896),(Vehicles4↦-9.787292309937357E-09),(Vehicles5↦-4.0000001192092896)}",
        "VehiclesVy": "{(EgoVehicle↦-2.8422633135960496E-08),(Vehicles2↦2.8422633135960496E-08),(Vehicles3↦2.8422633135960496E-08),(Vehicles4↦2.8422633135960496E-08),(Vehicles5↦2.8422633135960496E-08)}",
        "VehiclesX": "{(EgoVehicle↦200.0),(Vehicles2↦8.320922404527664),(Vehicles3↦22.18233346939087),(Vehicles4↦46.866217255592346),(Vehicles5↦79.47801351547241)}"
      },
      "probabilisticVariables": null,
      "activating": [
        "SLOWER_8"
      ],
      "activatingOnlyWhenExecuted": true,
      "updating": null,
      "withPredicate": null
    },
    {
      "id": "SLOWER_8",
      "execute": "SLOWER",
      "after": "1000",
      "priority": 0,
      "additionalGuards": null,
      "activationKind": null,
      "fixedVariables": {
        "Crash": "FALSE",
        "VehiclesAy": "{(EgoVehicle↦2.6654500828726668E-08),(Vehicles2↦-2.6654500828726668E-08),(Vehicles3↦-2.6654500828726668E-08),(Vehicles4↦-2.6654500828726668E-08),(Vehicles5↦3.019076544319432E-08)}",
        "Reward": "0.7000446820923751",
        "VehiclesAx": "{(EgoVehicle↦-0.011048316955566406),(Vehicles2↦-0.0015850365161895752),(Vehicles3↦0.0592055544257164),(Vehicles4↦-0.24948462843894958),(Vehicles5↦-0.032171085476875305)}",
        "VehiclesVx": "{(EgoVehicle↦20.001676082611084),(Vehicles2↦1.2207668274641037),(Vehicles3↦-0.3738800063729286),(Vehicles4↦-1.8348605930805206),(Vehicles5↦0.8339603990316391)}",
        "VehiclesY": "{(EgoVehicle↦4.0000001192092896),(Vehicles2↦4.0000001192092896),(Vehicles3↦-4.0000001192092896),(Vehicles4↦-6.087756965200697E-10),(Vehicles5↦-4.0000001192092896)}",
        "VehiclesVy": "{(EgoVehicle↦-1.7681323072338273E-09),(Vehicles2↦1.7681323072338273E-09),(Vehicles3↦1.7681323072338273E-09),(Vehicles4↦1.7681323072338273E-09),(Vehicles5↦1.7681323072338273E-09)}",
        "VehiclesX": "{(EgoVehicle↦200.0),(Vehicles2↦9.543803334236145),(Vehicles3↦21.77339196205139),(Vehicles4↦45.17586827278137),(Vehicles5↦80.33189177513123)}"
      },
      "probabilisticVariables": null,
      "activating": [
        "SLOWER_9"
      ],
      "activatingOnlyWhenExecuted": true,
      "updating": null,
      "withPredicate": null
    },
    {
      "id": "SLOWER_9",
      "execute": "SLOWER",
      "after": "1000",
      "priority": 0,
      "additionalGuards": null,
      "activationKind": null,
      "fixedVariables": {
        "Crash": "FALSE",
        "VehiclesAy": "{(EgoVehicle↦1.6581225281697698E-09),(Vehicles2↦-1.6581225281697698E-09),(Vehicles3↦-1.6581225281697698E-09),(Vehicles4↦-1.6581225281697698E-09),(Vehicles5↦1.878142086297885E-09)}",
        "Reward": "0.7000058840615474",
        "VehiclesAx": "{(EgoVehicle↦-0.0014543533325195312),(Vehicles2↦-0.006307139992713928),(Vehicles3↦0.05916096270084381),(Vehicles4↦-0.17756357789039612),(Vehicles5↦-0.032037198543548584)}",
        "VehiclesVx": "{(EgoVehicle↦20.000221729278564),(Vehicles2↦1.2144596874713898),(Vehicles3↦-0.3147190436720848),(Vehicles4↦-2.0124241709709167),(Vehicles5↦0.8019232004880905)}",
        "VehiclesY": "{(EgoVehicle↦4.0000001192092896),(Vehicles2↦4.0000001192092896),(Vehicles3↦-4.0000001192092896),(Vehicles4↦-3.787503644048229E-11),(Vehicles5↦-4.0000001192092896)}",
        "VehiclesVy": "{(EgoVehicle↦-1.1000977906405751E-10),(Vehicles2↦1.1000977906405751E-10),(Vehicles3↦1.1000977906405751E-10),(Vehicles4↦1.1000977906405751E-10),(Vehicles5↦1.1000977906405751E-10)}",
        "VehiclesX": "{(EgoVehicle↦200.0),(Vehicles2↦10.761984437704086),(Vehicles3↦21.423016488552094),(Vehicles4↦43.264031410217285),(Vehicles5↦81.15261197090149)}"
      },
      "probabilisticVariables": null,
      "activating": [
        "SLOWER_10"
      ],
      "activatingOnlyWhenExecuted": true,
      "updating": null,
      "withPredicate": null
    },
    {
      "id": "SLOWER_10",
      "execute": "SLOWER",
      "after": "1000",
      "priority": 0,
      "additionalGuards": null,
      "activationKind": null,
      "fixedVariables": {
        "Crash": "FALSE",
        "VehiclesAy": "{(EgoVehicle↦1.0316192344816955E-10),(Vehicles2↦-1.0315304166397254E-10),(Vehicles3↦-1.0315304166397254E-10),(Vehicles4↦-1.0315304166397254E-10),(Vehicles5↦1.1686651646414248E-10)}",
        "Reward": "0.7000007748558416",
        "VehiclesAx": "{(EgoVehicle↦-0.00019311904907226562),(Vehicles2↦-0.004878044128417969),(Vehicles3↦0.05997035652399063),(Vehicles4↦-0.10703757405281067),(Vehicles5↦-0.02178013324737549)}",
        "VehiclesVx": "{(EgoVehicle↦20.000028610229492),(Vehicles2↦1.2095816433429718),(Vehicles3↦-0.2547486871480942),(Vehicles4↦-2.1194617450237274),(Vehicles5↦0.780143067240715)}",
        "VehiclesY": "{(EgoVehicle↦4.0000001192092896),(Vehicles2↦4.0000001192092896),(Vehicles3↦-4.0000001192092896),(Vehicles4↦-2.355449169044732E-12),(Vehicles5↦-4.0000001192092896)}",
        "VehiclesVy": "{(EgoVehicle↦-6.8478556158879655E-12),(Vehicles2↦6.856737400084967E-12),(Vehicles3↦6.856737400084967E-12),(Vehicles4↦6.856737400084967E-12),(Vehicles5↦6.856737400084967E-12)}",
        "VehiclesX": "{(EgoVehicle↦200.0),(Vehicles2↦11.974365264177322),(Vehicles3↦21.13231122493744),(Vehicles4↦41.20354354381561),(Vehicles5↦81.94474577903748)}"
      },
      "probabilisticVariables": null,
      "activating": [
        "SLOWER_11"
      ],
      "activatingOnlyWhenExecuted": true,
      "updating": null,
      "withPredicate": null
    },
    {
      "id": "SLOWER_11",
      "execute": "SLOWER",
      "after": "1000",
      "priority": 0,
      "additionalGuards": null,
      "activationKind": null,
      "fixedVariables": {
        "Crash": "FALSE",
        "VehiclesAy": "{(EgoVehicle↦6.4215299744319054E-12),(Vehicles2↦-6.430411758628907E-12),(Vehicles3↦-6.430411758628907E-12),(Vehicles4↦-6.430411758628907E-12),(Vehicles5↦7.283063041541027E-12)}",
        "Reward": "0.7000001020386294",
        "VehiclesAx": "{(EgoVehicle↦-2.384185791015625E-05),(Vehicles2↦-0.0035556405782699585),(Vehicles3↦0.05895700305700302),(Vehicles4↦-0.04809275269508362),(Vehicles5↦-0.008581355214118958)}",
        "VehiclesVx": "{(EgoVehicle↦20.000004768371582),(Vehicles2↦1.2060260027647018),(Vehicles3↦-0.19579168409109116),(Vehicles4↦-2.167554497718811),(Vehicles5↦0.7715617120265961)}",
        "VehiclesY": "{(EgoVehicle↦4.0000001192092896),(Vehicles2↦4.0000001192092896),(Vehicles3↦-4.0000001192092896),(Vehicles4↦-1.4521717162097048E-13),(Vehicles5↦-4.0000001192092896)}",
        "VehiclesVy": "{(EgoVehicle↦-4.263256414560601E-13),(Vehicles2↦4.263256414560601E-13),(Vehicles3↦4.263256414560601E-13),(Vehicles4↦4.263256414560601E-13),(Vehicles5↦4.263256414560601E-13)}",
        "VehiclesX": "{(EgoVehicle↦200.0),(Vehicles2↦13.182440400123596),(Vehicles3↦20.90127170085907),(Vehicles4↦39.06068503856659),(Vehicles5↦82.7204704284668)}"
      },
      "probabilisticVariables": null,
      "activating": [
        "SLOWER_12"
      ],
      "activatingOnlyWhenExecuted": true,
      "updating": null,
      "withPredicate": null
    },
    {
      "id": "SLOWER_12",
      "execute": "SLOWER",
      "after": "1000",
      "priority": 0,
      "additionalGuards": null,
      "activationKind": null,
      "fixedVariables": {
        "Crash": "FALSE",
        "VehiclesAy": "{(EgoVehicle↦3.9968028886505635E-13),(Vehicles2↦-3.907985046680551E-13),(Vehicles3↦-3.907985046680551E-13),(Vehicles4↦-3.907985046680551E-13),(Vehicles5↦0.7109171897177191)}",
        "Reward": "0.7000000134371858",
        "VehiclesAx": "{(EgoVehicle↦-4.76837158203125E-06),(Vehicles2↦-0.7998665049672127),(Vehicles3↦0.05706829018890858),(Vehicles4↦0.4944057762622833),(Vehicles5↦-2.6971767842769623)}",
        "VehiclesVx": "{(EgoVehicle↦20.0),(Vehicles2↦0.40615949779748917),(Vehicles3↦-0.13872339390218258),(Vehicles4↦-1.6731487214565277),(Vehicles5↦-1.9256150722503662)}",
        "VehiclesY": "{(EgoVehicle↦4.0000001192092896),(Vehicles2↦4.0000001192092896),(Vehicles3↦-4.0000001192092896),(Vehicles4↦-9.325873406851315E-15),(Vehicles5↦3.746258854866028)}",
        "VehiclesVy": "{(EgoVehicle↦-2.6645352591003757E-14),(Vehicles2↦3.552713678800501E-14),(Vehicles3↦3.552713678800501E-14),(Vehicles4↦3.552713678800501E-14),(Vehicles5↦0.7109171897172928)}",
        "VehiclesX": "{(EgoVehicle↦200.0),(Vehicles2↦14.109936356544495),(Vehicles3↦20.728479325771332),(Vehicles4↦36.86884045600891),(Vehicles5↦81.25903606414795)}"
      },
      "probabilisticVariables": null,
      "activating": [
        "SLOWER_13"
      ],
      "activatingOnlyWhenExecuted": true,
      "updating": null,
      "withPredicate": null
    },
    {
      "id": "SLOWER_13",
      "execute": "SLOWER",
      "after": "1000",
      "priority": 0,
      "additionalGuards": null,
      "activationKind": null,
      "fixedVariables": {
        "Crash": "FALSE",
        "VehiclesAy": "{(EgoVehicle↦2.6645352591003757E-14),(Vehicles2↦-3.552713678800501E-14),(Vehicles3↦-3.552713678800501E-14),(Vehicles4↦-3.552713678800501E-14),(Vehicles5↦0.7641300652176142)}",
        "Reward": "0.7000000017695059",
        "VehiclesAx": "{(EgoVehicle↦0.0),(Vehicles2↦-0.48492339439690113),(Vehicles3↦0.05475036799907684),(Vehicles4↦1.224140115082264),(Vehicles5↦0.4142478108406067)}",
        "VehiclesVx": "{(EgoVehicle↦20.0),(Vehicles2↦-0.07876389659941196),(Vehicles3↦-0.08397302590310574),(Vehicles4↦-0.44900860637426376),(Vehicles5↦-1.5113672614097595)}",
        "VehiclesY": "{(EgoVehicle↦4.0000001192092896),(Vehicles2↦4.0000001192092896),(Vehicles3↦-4.0000001192092896),(Vehicles4↦0.0),(Vehicles5↦3.9811567068099976)}",
        "VehiclesVy": "{(EgoVehicle↦0.0),(Vehicles2↦0.0),(Vehicles3↦0.0),(Vehicles4↦0.0),(Vehicles5↦0.05321287550032139)}",
        "VehiclesX": "{(EgoVehicle↦200.0),(Vehicles2↦14.294061064720154),(Vehicles3↦20.611852407455444),(Vehicles4↦35.72150468826294),(Vehicles5↦79.51052784919739)}"
      },
      "probabilisticVariables": null,
      "activating": [
        "SLOWER_14"
      ],
      "activatingOnlyWhenExecuted": true,
      "updating": null,
      "withPredicate": null
    },
    {
      "id": "SLOWER_14",
      "execute": "SLOWER",
      "after": "1000",
      "priority": 0,
      "additionalGuards": null,
      "activationKind": null,
      "fixedVariables": {
        "Crash": "FALSE",
        "VehiclesAy": "{(EgoVehicle↦0.0),(Vehicles2↦0.0),(Vehicles3↦0.0),(Vehicles4↦0.0),(Vehicles5↦0.057042426778934896)}",
        "Reward": "0.7000000002330213",
        "VehiclesAx": "{(EgoVehicle↦0.0),(Vehicles2↦-0.23397988639771938),(Vehicles3↦0.05216645309701562),(Vehicles4↦0.8099470660090446),(Vehicles5↦0.33433370292186737)}",
        "VehiclesVx": "{(EgoVehicle↦20.0),(Vehicles2↦-0.31274378299713135),(Vehicles3↦-0.031806572806090117),(Vehicles4↦0.3609384596347809),(Vehicles5↦-1.1770335584878922)}",
        "VehiclesY": "{(EgoVehicle↦4.0000001192092896),(Vehicles2↦4.0000001192092896),(Vehicles3↦-4.0000001192092896),(Vehicles4↦0.0),(Vehicles5↦3.998652219772339)}",
        "VehiclesVy": "{(EgoVehicle↦0.0),(Vehicles2↦0.0),(Vehicles3↦0.0),(Vehicles4↦0.0),(Vehicles5↦0.0038295512786135077)}",
        "VehiclesX": "{(EgoVehicle↦200.0),(Vehicles2↦14.1079843044281),(Vehicles3↦20.54896205663681),(Vehicles4↦35.62618792057037),(Vehicles5↦78.1380295753479)}"
      },
      "probabilisticVariables": null,
      "activating": [
        "SLOWER_15"
      ],
      "activatingOnlyWhenExecuted": true,
      "updating": null,
      "withPredicate": null
    },
    {
      "id": "SLOWER_15",
      "execute": "SLOWER",
      "after": "1000",
      "priority": 0,
      "additionalGuards": null,
      "activationKind": null,
      "fixedVariables": {
        "Crash": "FALSE",
        "VehiclesAy": "{(EgoVehicle↦0.0),(Vehicles2↦0.0),(Vehicles3↦0.0),(Vehicles4↦0.0),(Vehicles5↦0.004096403135918081)}",
        "Reward": "0.7000000000306859",
        "VehiclesAx": "{(EgoVehicle↦0.0),(Vehicles2↦-0.10708186775445938),(Vehicles3↦0.04941494786180556),(Vehicles4↦0.4878174513578415),(Vehicles5↦0.2753869444131851)}",
        "VehiclesVx": "{(EgoVehicle↦20.0),(Vehicles2↦-0.41982565075159073),(Vehicles3↦0.01760837505571544),(Vehicles4↦0.8487559109926224),(Vehicles5↦-0.901646614074707)}",
        "VehiclesY": "{(EgoVehicle↦4.0000001192092896),(Vehicles2↦4.0000001192092896),(Vehicles3↦-4.0000001192092896),(Vehicles4↦0.0),(Vehicles5↦3.9999064207077026)}",
        "VehiclesVy": "{(EgoVehicle↦0.0),(Vehicles2↦0.0),(Vehicles3↦0.0),(Vehicles4↦0.0),(Vehicles5↦0.00026685185730457306)}",
        "VehiclesX": "{(EgoVehicle↦200.0),(Vehicles2↦13.745217025279999),(Vehicles3↦20.53714543581009),(Vehicles4↦36.204081773757935),(Vehicles5↦77.07545161247253)}"
      },
      "probabilisticVariables": null,
      "activating": [
        "SLOWER_16"
      ],
      "activatingOnlyWhenExecuted": true,
      "updating": null,
      "withPredicate": null
    },
    {
      "id": "SLOWER_16",
      "execute": "SLOWER",
      "after": "1000",
      "priority": 0,
      "additionalGuards": null,
      "activationKind": null,
      "fixedVariables": {
        "Crash": "FALSE",
        "VehiclesAy": "{(EgoVehicle↦0.0),(Vehicles2↦0.0),(Vehicles3↦0.0),(Vehicles4↦0.0),(Vehicles5↦0.0002849558529760543)}",
        "Reward": "0.700000000004041",
        "VehiclesAx": "{(EgoVehicle↦0.0),(Vehicles2↦-0.03960762172937393),(Vehicles3↦0.04659108002670109),(Vehicles4↦0.2600230276584625),(Vehicles5↦0.22683538496494293)}",
        "VehiclesVx": "{(EgoVehicle↦20.0),(Vehicles2↦-0.45943327248096466),(Vehicles3↦0.06419945508241653),(Vehicles4↦1.108778938651085),(Vehicles5↦-0.6748112291097641)}",
        "VehiclesY": "{(EgoVehicle↦4.0000001192092896),(Vehicles2↦4.0000001192092896),(Vehicles3↦-4.0000001192092896),(Vehicles4↦0.0),(Vehicles5↦3.999993681907654)}",
        "VehiclesVy": "{(EgoVehicle↦0.0),(Vehicles2↦0.0),(Vehicles3↦0.0),(Vehicles4↦0.0),(Vehicles5↦1.8103995671481243E-05)}",
        "VehiclesX": "{(EgoVehicle↦200.0),(Vehicles2↦13.30566257238388),(Vehicles3↦20.57361602783203),(Vehicles4↦37.171670794487),(Vehicles5↦76.2680172920227)}"
      },
      "probabilisticVariables": null,
      "activating": [
        "SLOWER_17"
      ],
      "activatingOnlyWhenExecuted": true,
      "updating": null,
      "withPredicate": null
    },
    {
      "id": "SLOWER_17",
      "execute": "SLOWER",
      "after": "1000",
      "priority": 0,
      "additionalGuards": null,
      "activationKind": null,
      "fixedVariables": {
        "Crash": "FALSE",
        "VehiclesAy": "{(EgoVehicle↦0.0),(Vehicles2↦0.0),(Vehicles3↦0.0),(Vehicles4↦0.0),(Vehicles5↦1.930520667769997E-05)}",
        "Reward": "0.7000000000005322",
        "VehiclesAx": "{(EgoVehicle↦0.0),(Vehicles2↦-0.0028878822922706604),(Vehicles3↦0.04378543235361576),(Vehicles4↦0.10909400880336761),(Vehicles5↦0.1879977434873581)}",
        "VehiclesVx": "{(EgoVehicle↦20.0),(Vehicles2↦-0.4623211547732353),(Vehicles3↦0.1079848874360323),(Vehicles4↦1.2178729474544525),(Vehicles5↦-0.486813485622406)}",
        "VehiclesY": "{(EgoVehicle↦4.0000001192092896),(Vehicles2↦4.0000001192092896),(Vehicles3↦-4.0000001192092896),(Vehicles4↦0.0),(Vehicles5↦3.999999761581421)}",
        "VehiclesVy": "{(EgoVehicle↦0.0),(Vehicles2↦0.0),(Vehicles3↦0.0),(Vehicles4↦0.0),(Vehicles5↦1.2012110062187276E-06)}",
        "VehiclesX": "{(EgoVehicle↦200.0),(Vehicles2↦12.842942774295807),(Vehicles3↦20.655551552772522),(Vehicles4↦38.333651423454285),(Vehicles5↦75.67116022109985)}"
      },
      "probabilisticVariables": null,
      "activating": [
        "SLOWER_18"
      ],
      "activatingOnlyWhenExecuted": true,
      "updating": null,
      "withPredicate": null
    },
    {
      "id": "SLOWER_18",
      "execute": "SLOWER",
      "after": "1000",
      "priority": 0,
      "additionalGuards": null,
      "activationKind": null,
      "fixedVariables": {
        "Crash": "FALSE",
        "VehiclesAy": "{(EgoVehicle↦0.0),(Vehicles2↦0.0),(Vehicles3↦0.0),(Vehicles4↦0.0),(Vehicles5↦1.279441015356042E-06)}",
        "Reward": "0.70000000000007",
        "VehiclesAx": "{(EgoVehicle↦0.0),(Vehicles2↦0.017300881445407867),(Vehicles3↦0.04107185639441013),(Vehicles4↦0.013202279806137085),(Vehicles5↦0.15736594796180725)}",
        "VehiclesVx": "{(EgoVehicle↦20.0),(Vehicles2↦-0.44502027332782745),(Vehicles3↦0.14905674383044243),(Vehicles4↦1.2310752272605896),(Vehicles5↦-0.32944753766059875)}",
        "VehiclesY": "{(EgoVehicle↦4.0000001192092896),(Vehicles2↦4.0000001192092896),(Vehicles3↦-4.0000001192092896),(Vehicles4↦0.0),(Vehicles5↦4.0000001192092896)}",
        "VehiclesVy": "{(EgoVehicle↦0.0),(Vehicles2↦0.0),(Vehicles3↦0.0),(Vehicles4↦0.0),(Vehicles5↦7.823000913731448E-08)}",
        "VehiclesX": "{(EgoVehicle↦200.0),(Vehicles2↦12.386368215084076),(Vehicles3↦20.780177414417267),(Vehicles4↦39.562779664993286),(Vehicles5↦75.24945735931396)}"
      },
      "probabilisticVariables": null,
      "activating": [
        "SLOWER_19"
      ],
      "activatingOnlyWhenExecuted": true,
      "updating": null,
      "withPredicate": null
    },
    {
      "id": "SLOWER_19",
      "execute": "SLOWER",
      "after": "1000",
      "priority": 0,
      "additionalGuards": null,
      "activationKind": null,
      "fixedVariables": {
        "Crash": "FALSE",
        "VehiclesAy": "{(EgoVehicle↦0.0),(Vehicles2↦0.0),(Vehicles3↦0.0),(Vehicles4↦0.0),(Vehicles5↦8.324510858415124E-08)}",
        "Reward": "0.7000000000000092",
        "VehiclesAx": "{(EgoVehicle↦0.0),(Vehicles2↦0.02840917557477951),(Vehicles3↦0.03850135952234268),(Vehicles4↦-0.04610292613506317),(Vehicles5↦0.1332942396402359)}",
        "VehiclesVx": "{(EgoVehicle↦20.0),(Vehicles2↦-0.41661109775304794),(Vehicles3↦0.1875581033527851),(Vehicles4↦1.1849723011255264),(Vehicles5↦-0.19615329802036285)}",
        "VehiclesY": "{(EgoVehicle↦4.0000001192092896),(Vehicles2↦4.0000001192092896),(Vehicles3↦-4.0000001192092896),(Vehicles4↦0.0),(Vehicles5↦4.0000001192092896)}",
        "VehiclesVy": "{(EgoVehicle↦0.0),(Vehicles2↦0.0),(Vehicles3↦0.0),(Vehicles4↦0.0),(Vehicles5↦5.015099446836757E-09)}",
        "VehiclesX": "{(EgoVehicle↦200.0),(Vehicles2↦11.952067911624908),(Vehicles3↦20.944833755493164),(Vehicles4↦40.77906608581543),(Vehicles5↦74.97502565383911)}"
      },
      "probabilisticVariables": null,
      "activating": [
        "IDLE_20"
      ],
      "activatingOnlyWhenExecuted": true,
      "updating": null,
      "withPredicate": null
    },
    {
      "id": "IDLE_20",
      "execute": "IDLE",
      "after": "1000",
      "priority": 0,
      "additionalGuards": null,
      "activationKind": null,
      "fixedVariables": {
        "Crash": "FALSE",
        "VehiclesAy": "{(EgoVehicle↦0.0),(Vehicles2↦0.0),(Vehicles3↦0.0),(Vehicles4↦0.0),(Vehicles5↦5.33230348764846E-09)}",
        "Reward": "0.7000000000000012",
        "VehiclesAx": "{(EgoVehicle↦0.0),(Vehicles2↦0.03445342183113098),(Vehicles3↦0.03610260784626007),(Vehicles4↦-0.08202143013477325),(Vehicles5↦0.11431414633989334)}",
        "VehiclesVx": "{(EgoVehicle↦20.0),(Vehicles2↦-0.38215767592191696),(Vehicles3↦0.22366071119904518),(Vehicles4↦1.1029508709907532),(Vehicles5↦-0.08183915168046951)}",
        "VehiclesY": "{(EgoVehicle↦4.0000001192092896),(Vehicles2↦4.0000001192092896),(Vehicles3↦-4.0000001192092896),(Vehicles4↦0.0),(Vehicles5↦4.0000001192092896)}",
        "VehiclesVy": "{(EgoVehicle↦0.0),(Vehicles2↦0.0),(Vehicles3↦0.0),(Vehicles4↦0.0),(Vehicles5↦3.172040408117027E-10)}",
        "VehiclesX": "{(EgoVehicle↦200.0),(Vehicles2↦11.54889240860939),(Vehicles3↦21.147017180919647),(Vehicles4↦41.933414340019226),(Vehicles5↦74.82594847679138)}"
      },
      "probabilisticVariables": null,
      "activating": [
        "IDLE_21"
      ],
      "activatingOnlyWhenExecuted": true,
      "updating": null,
      "withPredicate": null
    },
    {
      "id": "IDLE_21",
      "execute": "IDLE",
      "after": "1000",
      "priority": 0,
      "additionalGuards": null,
      "activationKind": null,
      "fixedVariables": {
        "Crash": "FALSE",
        "VehiclesAy": "{(EgoVehicle↦0.0),(Vehicles2↦0.0),(Vehicles3↦0.0),(Vehicles4↦0.0),(Vehicles5↦3.370281831394095E-10)}",
        "Reward": "0.7000000000000002",
        "VehiclesAx": "{(EgoVehicle↦0.0),(Vehicles2↦0.03763232380151749),(Vehicles3↦0.03388652577996254),(Vehicles4↦-0.10320141911506653),(Vehicles5↦0.09922866243869066)}",
        "VehiclesVx": "{(EgoVehicle↦20.0),(Vehicles2↦-0.3445253521203995),(Vehicles3↦0.2575472369790077),(Vehicles4↦0.9997494518756866),(Vehicles5↦0.01738951075822115)}",
        "VehiclesY": "{(EgoVehicle↦4.0000001192092896),(Vehicles2↦4.0000001192092896),(Vehicles3↦-4.0000001192092896),(Vehicles4↦0.0),(Vehicles5↦4.0000001192092896)}",
        "VehiclesVy": "{(EgoVehicle↦0.0),(Vehicles2↦0.0),(Vehicles3↦0.0),(Vehicles4↦0.0),(Vehicles5↦1.9824142327706795E-11)}",
        "VehiclesX": "{(EgoVehicle↦200.0),(Vehicles2↦11.181612312793732),(Vehicles3↦21.384403109550476),(Vehicles4↦42.99634397029877),(Vehicles5↦74.78487491607666)}"
      },
      "probabilisticVariables": null,
      "activating": [
        "IDLE_22"
      ],
      "activatingOnlyWhenExecuted": true,
      "updating": null,
      "withPredicate": null
    },
    {
      "id": "IDLE_22",
      "execute": "IDLE",
      "after": "1000",
      "priority": 0,
      "additionalGuards": null,
      "activationKind": null,
      "fixedVariables": {
        "Crash": "FALSE",
        "VehiclesAy": "{(EgoVehicle↦0.0),(Vehicles2↦0.0),(Vehicles3↦0.0),(Vehicles4↦0.0),(Vehicles5↦2.1049828546892968E-11)}",
        "Reward": "0.7000000000000001",
        "VehiclesAx": "{(EgoVehicle↦0.0),(Vehicles2↦0.03916159272193909),(Vehicles3↦0.03185158595442772),(Vehicles4↦-0.1150348037481308),(Vehicles5↦0.08710766676813364)}",
        "VehiclesVx": "{(EgoVehicle↦20.0),(Vehicles2↦-0.3053637593984604),(Vehicles3↦0.28939882293343544),(Vehicles4↦0.8847146481275558),(Vehicles5↦0.10449717752635479)}",
        "VehiclesY": "{(EgoVehicle↦4.0000001192092896),(Vehicles2↦4.0000001192092896),(Vehicles3↦-4.0000001192092896),(Vehicles4↦0.0),(Vehicles5↦4.0000001192092896)}",
        "VehiclesVy": "{(EgoVehicle↦0.0),(Vehicles2↦0.0),(Vehicles3↦0.0),(Vehicles4↦0.0),(Vehicles5↦1.2256862191861728E-12)}",
        "VehiclesX": "{(EgoVehicle↦200.0),(Vehicles2↦10.852675139904022),(Vehicles3↦21.654845774173737),(Vehicles4↦43.950748443603516),(Vehicles5↦74.83797669410706)}"
      },
      "probabilisticVariables": null,
      "activating": [
        "IDLE_23"
      ],
      "activatingOnlyWhenExecuted": true,
      "updating": null,
      "withPredicate": null
    },
    {
      "id": "IDLE_23",
      "execute": "IDLE",
      "after": "1000",
      "priority": 0,
      "additionalGuards": null,
      "activationKind": null,
      "fixedVariables": {
        "Crash": "FALSE",
        "VehiclesAy": "{(EgoVehicle↦0.0),(Vehicles2↦0.0),(Vehicles3↦0.0),(Vehicles4↦0.0),(Vehicles5↦1.2967404927621828E-12)}",
        "Reward": "0.7000000000000001",
        "VehiclesAx": "{(EgoVehicle↦0.0),(Vehicles2↦0.03971997648477554),(Vehicles3↦0.029988642781972885),(Vehicles4↦-0.12079507112503052),(Vehicles5↦0.07724708877503872)}",
        "VehiclesVx": "{(EgoVehicle↦20.0),(Vehicles2↦-0.26564378291368484),(Vehicles3↦0.3193874657154083),(Vehicles4↦0.7639195770025253),(Vehicles5↦0.1817442663013935)}",
        "VehiclesY": "{(EgoVehicle↦4.0000001192092896),(Vehicles2↦4.0000001192092896),(Vehicles3↦-4.0000001192092896),(Vehicles4↦0.0),(Vehicles5↦4.0000001192092896)}",
        "VehiclesVy": "{(EgoVehicle↦0.0),(Vehicles2↦0.0),(Vehicles3↦0.0),(Vehicles4↦0.0),(Vehicles5↦7.105427357601002E-14)}",
        "VehiclesX": "{(EgoVehicle↦200.0),(Vehicles2↦10.563182830810547),(Vehicles3↦21.9563826918602),(Vehicles4↦44.787418842315674),(Vehicles5↦74.97408986091614)}"
      },
      "probabilisticVariables": null,
      "activating": [
        "IDLE_24"
      ],
      "activatingOnlyWhenExecuted": true,
      "updating": null,
      "withPredicate": null
    },
    {
      "id": "IDLE_24",
      "execute": "IDLE",
      "after": "1000",
      "priority": 0,
      "additionalGuards": null,
      "activationKind": null,
      "fixedVariables": {
        "Crash": "FALSE",
        "VehiclesAy": "{(EgoVehicle↦0.0),(Vehicles2↦0.0),(Vehicles3↦0.0),(Vehicles4↦0.0),(Vehicles5↦8.881784197001252E-14)}",
        "Reward": "0.7000000000000001",
        "VehiclesAx": "{(EgoVehicle↦0.0),(Vehicles2↦0.03969138488173485),(Vehicles3↦0.028284788131713867),(Vehicles4↦-0.12245066463947296),(Vehicles5↦0.06912102922797203)}",
        "VehiclesVx": "{(EgoVehicle↦20.0),(Vehicles2↦-0.22595239803195),(Vehicles3↦0.3476722538471222),(Vehicles4↦0.6414689123630524),(Vehicles5↦0.25086529552936554)}",
        "VehiclesY": "{(EgoVehicle↦4.0000001192092896),(Vehicles2↦4.0000001192092896),(Vehicles3↦-4.0000001192092896),(Vehicles4↦0.0),(Vehicles5↦4.0000001192092896)}",
        "VehiclesVy": "{(EgoVehicle↦0.0),(Vehicles2↦0.0),(Vehicles3↦0.0),(Vehicles4↦0.0),(Vehicles5↦1.7763568394002505E-14)}",
        "VehiclesX": "{(EgoVehicle↦200.0),(Vehicles2↦10.313434898853302),(Vehicles3↦22.287215292453766),(Vehicles4↦45.50236165523529),(Vehicles5↦75.18407106399536)}"
      },
      "probabilisticVariables": null,
      "activating": [
        "FASTER_25"
      ],
      "activatingOnlyWhenExecuted": true,
      "updating": null,
      "withPredicate": null
    },
    {
      "id": "FASTER_25",
      "execute": "FASTER",
      "after": "1000",
      "priority": 0,
      "additionalGuards": null,
      "activationKind": null,
      "fixedVariables": {
        "Crash": "FALSE",
        "VehiclesAy": "{(EgoVehicle↦0.0),(Vehicles2↦0.0),(Vehicles3↦0.0),(Vehicles4↦0.0),(Vehicles5↦1.7763568394002505E-14)}",
        "Reward": "0.8157750342935528",
        "VehiclesAx": "{(EgoVehicle↦4.341564178466797),(Vehicles2↦-4.302266109734774),(Vehicles3↦-4.314838200807571),(Vehicles4↦-4.46275994181633),(Vehicles5↦-4.279225245118141)}",
        "VehiclesVx": "{(EgoVehicle↦24.341564178466797),(Vehicles2↦-4.528218507766724),(Vehicles3↦-3.967165946960449),(Vehicles4↦-3.8212910294532776),(Vehicles5↦-4.028359949588776)}",
        "VehiclesY": "{(EgoVehicle↦4.0000001192092896),(Vehicles2↦4.0000001192092896),(Vehicles3↦-4.0000001192092896),(Vehicles4↦0.0),(Vehicles5↦4.0000001192092896)}",
        "VehiclesVy": "{(EgoVehicle↦0.0),(Vehicles2↦0.0),(Vehicles3↦0.0),(Vehicles4↦0.0),(Vehicles5↦0.0)}",
        "VehiclesX": "{(EgoVehicle↦200.0),(Vehicles2↦7.70818218588829),(Vehicles3↦20.250634849071503),(Vehicles4↦43.700093030929565),(Vehicles5↦73.06531071662903)}"
      },
      "probabilisticVariables": null,
      "activating": [
        "IDLE_26"
      ],
      "activatingOnlyWhenExecuted": true,
      "updating": null,
      "withPredicate": null
    },
    {
      "id": "IDLE_26",
      "execute": "IDLE",
      "after": "1000",
      "priority": 0,
      "additionalGuards": null,
      "activationKind": null,
      "fixedVariables": {
        "Crash": "FALSE",
        "VehiclesAy": "{(EgoVehicle↦0.0),(Vehicles2↦0.0),(Vehicles3↦0.0),(Vehicles4↦0.0),(Vehicles5↦0.0)}",
        "Reward": "0.8310211293445556",
        "VehiclesAx": "{(EgoVehicle↦0.5717277526855469),(Vehicles2↦-0.5330586433410645),(Vehicles3↦-0.546431839466095),(Vehicles4↦-0.6895112991333008),(Vehicles5↦-0.5151200294494629)}",
        "VehiclesVx": "{(EgoVehicle↦24.913291931152344),(Vehicles2↦-5.061277151107788),(Vehicles3↦-4.513597786426544),(Vehicles4↦-4.510802328586578),(Vehicles5↦-4.5434799790382385)}",
        "VehiclesY": "{(EgoVehicle↦4.0000001192092896),(Vehicles2↦4.0000001192092896),(Vehicles3↦-4.0000001192092896),(Vehicles4↦0.0),(Vehicles5↦4.0000001192092896)}",
        "VehiclesVy": "{(EgoVehicle↦0.0),(Vehicles2↦0.0),(Vehicles3↦0.0),(Vehicles4↦0.0),(Vehicles5↦0.0)}",
        "VehiclesX": "{(EgoVehicle↦200.0),(Vehicles2↦2.880089543759823),(Vehicles3↦15.978297591209412),(Vehicles4↦39.51594531536102),(Vehicles5↦68.74461770057678)}"
      },
      "probabilisticVariables": null,
      "activating": [
        "IDLE_27"
      ],
      "activatingOnlyWhenExecuted": true,
      "updating": null,
      "withPredicate": null
    },
    {
      "id": "IDLE_27",
      "execute": "IDLE",
      "after": "1000",
      "priority": 0,
      "additionalGuards": null,
      "activationKind": null,
      "fixedVariables": {
        "Crash": "FALSE",
        "VehiclesAy": "{(EgoVehicle↦0.0),(Vehicles2↦0.0),(Vehicles3↦0.0),(Vehicles4↦0.0),(Vehicles5↦0.0)}",
        "Reward": "0.8330288455652638",
        "VehiclesAx": "{(EgoVehicle↦0.07529020309448242),(Vehicles2↦-0.037398338317871094),(Vehicles3↦-0.05130469799041748),(Vehicles4↦-0.1880037784576416),(Vehicles5↦-0.023576021194458008)}",
        "VehiclesVx": "{(EgoVehicle↦24.988582134246826),(Vehicles2↦-5.098675489425659),(Vehicles3↦-4.564902484416962),(Vehicles4↦-4.69880610704422),(Vehicles5↦-4.5670560002326965)}",
        "VehiclesY": "{(EgoVehicle↦4.0000001192092896),(Vehicles2↦4.0000001192092896),(Vehicles3↦-4.0000001192092896),(Vehicles4↦0.0),(Vehicles5↦4.0000001192092896)}",
        "VehiclesVy": "{(EgoVehicle↦0.0),(Vehicles2↦0.0),(Vehicles3↦0.0),(Vehicles4↦0.0),(Vehicles5↦0.0)}",
        "VehiclesX": "{(EgoVehicle↦200.0),(Vehicles2↦-2.2074980661273003),(Vehicles3↦11.432860046625137),(Vehicles4↦34.91806089878082),(Vehicles5↦64.18064832687378)}"
      },
      "probabilisticVariables": null,
      "activating": [
        "SLOWER_28"
      ],
      "activatingOnlyWhenExecuted": true,
      "updating": null,
      "withPredicate": null
    },
    {
      "id": "SLOWER_28",
      "execute": "SLOWER",
      "after": "1000",
      "priority": 0,
      "additionalGuards": null,
      "activationKind": null,
      "fixedVariables": {
        "Crash": "FALSE",
        "VehiclesAy": "{(EgoVehicle↦0.0),(Vehicles2↦0.0),(Vehicles3↦0.0),(Vehicles4↦0.0),(Vehicles5↦0.0)}",
        "Reward": "0.7175182018851376",
        "VehiclesAx": "{(EgoVehicle↦-4.331650733947754),(Vehicles2↦4.368661344051361),(Vehicles3↦4.354426376521587),(Vehicles4↦4.225283749401569),(Vehicles5↦4.379138350486755)}",
        "VehiclesVx": "{(EgoVehicle↦20.656931400299072),(Vehicles2↦-0.7300141453742981),(Vehicles3↦-0.2104761078953743),(Vehicles4↦-0.4735223576426506),(Vehicles5↦-0.18791764974594116)}",
        "VehiclesY": "{(EgoVehicle↦4.0000001192092896),(Vehicles2↦4.0000001192092896),(Vehicles3↦-4.0000001192092896),(Vehicles4↦0.0),(Vehicles5↦4.0000001192092896)}",
        "VehiclesVy": "{(EgoVehicle↦0.0),(Vehicles2↦0.0),(Vehicles3↦0.0),(Vehicles4↦0.0),(Vehicles5↦0.0)}",
        "VehiclesX": "{(EgoVehicle↦200.0),(Vehicles2↦-4.9017030745744705),(Vehicles3↦9.266753494739532),(Vehicles4↦32.56574869155884),(Vehicles5↦62.02249526977539)}"
      },
      "probabilisticVariables": null,
      "activating": [
        "SLOWER_29"
      ],
      "activatingOnlyWhenExecuted": true,
      "updating": null,
      "withPredicate": null
    },
    {
      "id": "SLOWER_29",
      "execute": "SLOWER",
      "after": "1000",
      "priority": 0,
      "additionalGuards": null,
      "activationKind": null,
      "fixedVariables": {
        "Crash": "FALSE",
        "VehiclesAy": "{(EgoVehicle↦0.0),(Vehicles2↦0.0),(Vehicles3↦0.0),(Vehicles4↦0.0),(Vehicles5↦0.0)}",
        "Reward": "0.7023069237050388",
        "VehiclesAx": "{(EgoVehicle↦-0.5704212188720703),(Vehicles2↦0.6064923387020826),(Vehicles3↦0.592087022960186),(Vehicles4↦0.4713834794529248),(Vehicles5↦0.6142333522439003)}",
        "VehiclesVx": "{(EgoVehicle↦20.086510181427002),(Vehicles2↦-0.12352180667221546),(Vehicles3↦0.3816109150648117),(Vehicles4↦-0.0021388781897258013),(Vehicles5↦0.42631570249795914)}",
        "VehiclesY": "{(EgoVehicle↦4.0000001192092896),(Vehicles2↦4.0000001192092896),(Vehicles3↦-4.0000001192092896),(Vehicles4↦0.0),(Vehicles5↦4.0000001192092896)}",
        "VehiclesVy": "{(EgoVehicle↦0.0),(Vehicles2↦0.0),(Vehicles3↦0.0),(Vehicles4↦0.0),(Vehicles5↦0.0)}",
        "VehiclesX": "{(EgoVehicle↦200.0),(Vehicles2↦-5.302533507347107),(Vehicles3↦9.379707276821136),(Vehicles4↦32.36667215824127),(Vehicles5↦62.167054414749146)}"
      },
      "probabilisticVariables": null,
      "activating": [
        "SLOWER_30"
      ],
      "activatingOnlyWhenExecuted": true,
      "updating": null,
      "withPredicate": null
    },
    {
      "id": "SLOWER_30",
      "execute": "SLOWER",
      "after": "1000",
      "priority": 0,
      "additionalGuards": null,
      "activationKind": null,
      "fixedVariables": {
        "Crash": "FALSE",
        "VehiclesAy": "{(EgoVehicle↦0.0),(Vehicles2↦0.0),(Vehicles3↦0.0),(Vehicles4↦0.0),(Vehicles5↦0.0)}",
        "Reward": "0.7003037924220626",
        "VehiclesAx": "{(EgoVehicle↦-0.0751185417175293),(Vehicles2↦0.11020551202818751),(Vehicles3↦0.09575258940458298),(Vehicles4↦-0.01588670609635301),(Vehicles5↦0.11569824069738388)}",
        "VehiclesVx": "{(EgoVehicle↦20.011391639709473),(Vehicles2↦-0.013316294644027948),(Vehicles3↦0.4773635044693947),(Vehicles4↦-0.01802558428607881),(Vehicles5↦0.542013943195343)}",
        "VehiclesY": "{(EgoVehicle↦4.0000001192092896),(Vehicles2↦4.0000001192092896),(Vehicles3↦-4.0000001192092896),(Vehicles4↦0.0),(Vehicles5↦4.0000001192092896)}",
        "VehiclesVy": "{(EgoVehicle↦0.0),(Vehicles2↦0.0),(Vehicles3↦0.0),(Vehicles4↦0.0),(Vehicles5↦0.0)}",
        "VehiclesX": "{(EgoVehicle↦200.0),(Vehicles2↦-5.370501056313515),(Vehicles3↦9.811090677976608),(Vehicles4↦32.36890733242035),(Vehicles5↦62.65128254890442)}"
      },
      "probabilisticVariables": null,
      "activating": [
        "SLOWER_31"
      ],
      "activatingOnlyWhenExecuted": true,
      "updating": null,
      "withPredicate": null
    },
    {
      "id": "SLOWER_31",
      "execute": "SLOWER",
      "after": "1000",
      "priority": 0,
      "additionalGuards": null,
      "activationKind": null,
      "fixedVariables": {
        "Crash": "FALSE",
        "VehiclesAy": "{(EgoVehicle↦0.0),(Vehicles2↦0.0),(Vehicles3↦0.0),(Vehicles4↦0.0),(Vehicles5↦0.0)}",
        "Reward": "0.7000400055864445",
        "VehiclesAx": "{(EgoVehicle↦-0.009891986846923828),(Vehicles2↦0.04397845361381769),(Vehicles3↦0.029574446380138397),(Vehicles4↦-0.07261119433678687),(Vehicles5↦0.047617144882678986)}",
        "VehiclesVx": "{(EgoVehicle↦20.00149965286255),(Vehicles2↦0.030662158969789743),(Vehicles3↦0.5069379508495331),(Vehicles4↦-0.09063677862286568),(Vehicles5↦0.589631088078022)}",
        "VehiclesY": "{(EgoVehicle↦4.0000001192092896),(Vehicles2↦4.0000001192092896),(Vehicles3↦-4.0000001192092896),(Vehicles4↦0.0),(Vehicles5↦4.0000001192092896)}",
        "VehiclesVy": "{(EgoVehicle↦0.0),(Vehicles2↦0.0),(Vehicles3↦0.0),(Vehicles4↦0.0),(Vehicles5↦0.0)}",
        "VehiclesX": "{(EgoVehicle↦200.0),(Vehicles2↦-5.364645272493362),(Vehicles3↦10.301857441663742),(Vehicles4↦32.32264220714569),(Vehicles5↦63.21406364440918)}"
      },
      "probabilisticVariables": null,
      "activating": [
        "SLOWER_32"
      ],
      "activatingOnlyWhenExecuted": true,
      "updating": null,
      "withPredicate": null
    },
    {
      "id": "SLOWER_32",
      "execute": "SLOWER",
      "after": "1000",
      "priority": 0,
      "additionalGuards": null,
      "activationKind": null,
      "fixedVariables": {
        "Crash": "FALSE",
        "VehiclesAy": "{(EgoVehicle↦0.0),(Vehicles2↦0.0),(Vehicles3↦0.0),(Vehicles4↦0.0),(Vehicles5↦0.0)}",
        "Reward": "0.7000052682253753",
        "VehiclesAx": "{(EgoVehicle↦-0.0013017654418945312),(Vehicles2↦0.034380869474262),(Vehicles3↦0.020101182162761688),(Vehicles4↦-0.07245764136314392),(Vehicles5↦0.03648657351732254)}",
        "VehiclesVx": "{(EgoVehicle↦20.000197887420654),(Vehicles2↦0.06504302844405174),(Vehicles3↦0.5270391330122948),(Vehicles4↦-0.1630944199860096),(Vehicles5↦0.6261176615953445)}",
        "VehiclesY": "{(EgoVehicle↦4.0000001192092896),(Vehicles2↦4.0000001192092896),(Vehicles3↦-4.0000001192092896),(Vehicles4↦0.0),(Vehicles5↦4.0000001192092896)}",
        "VehiclesVy": "{(EgoVehicle↦0.0),(Vehicles2↦0.0),(Vehicles3↦0.0),(Vehicles4↦0.0),(Vehicles5↦0.0)}",
        "VehiclesX": "{(EgoVehicle↦200.0),(Vehicles2↦-5.319952592253685),(Vehicles3↦10.81710159778595),(Vehicles4↦32.20251798629761),(Vehicles5↦63.81867527961731)}"
      },
      "probabilisticVariables": null,
      "activating": [
        "SLOWER_33"
      ],
      "activatingOnlyWhenExecuted": true,
      "updating": null,
      "withPredicate": null
    },
    {
      "id": "SLOWER_33",
      "execute": "SLOWER",
      "after": "1000",
      "priority": 0,
      "additionalGuards": null,
      "activationKind": null,
      "fixedVariables": {
        "Crash": "FALSE",
        "VehiclesAy": "{(EgoVehicle↦0.0),(Vehicles2↦0.0),(Vehicles3↦0.0),(Vehicles4↦0.0),(Vehicles5↦0.0)}",
        "Reward": "0.7000006937580742",
        "VehiclesAx": "{(EgoVehicle↦-0.000171661376953125),(Vehicles2↦0.032245293259620667),(Vehicles3↦0.01814860850572586),(Vehicles4↦-0.06480574607849121),(Vehicles5↦0.03308109939098358)}",
        "VehiclesVx": "{(EgoVehicle↦20.0000262260437),(Vehicles2↦0.09728832170367241),(Vehicles3↦0.5451877415180206),(Vehicles4↦-0.2279001660645008),(Vehicles5↦0.6591987609863281)}",
        "VehiclesY": "{(EgoVehicle↦4.0000001192092896),(Vehicles2↦4.0000001192092896),(Vehicles3↦-4.0000001192092896),(Vehicles4↦0.0),(Vehicles5↦4.0000001192092896)}",
        "VehiclesVy": "{(EgoVehicle↦0.0),(Vehicles2↦0.0),(Vehicles3↦0.0),(Vehicles4↦0.0),(Vehicles5↦0.0)}",
        "VehiclesX": "{(EgoVehicle↦200.0),(Vehicles2↦-5.241905525326729),(Vehicles3↦11.351490020751953),(Vehicles4↦32.01282620429993),(Vehicles5↦64.45822715759277)}"
      },
      "probabilisticVariables": null,
      "activating": [
        "SLOWER_34"
      ],
      "activatingOnlyWhenExecuted": true,
      "updating": null,
      "withPredicate": null
    },
    {
      "id": "SLOWER_34",
      "execute": "SLOWER",
      "after": "1000",
      "priority": 0,
      "additionalGuards": null,
      "activationKind": null,
      "fixedVariables": {
        "Crash": "FALSE",
        "VehiclesAy": "{(EgoVehicle↦0.0),(Vehicles2↦0.0),(Vehicles3↦0.0),(Vehicles4↦0.0),(Vehicles5↦0.0)}",
        "Reward": "0.7000000913590879",
        "VehiclesAx": "{(EgoVehicle↦-2.384185791015625E-05),(Vehicles2↦0.03110346384346485),(Vehicles3↦0.01723509281873703),(Vehicles4↦-0.05630847066640854),(Vehicles5↦0.03088630735874176)}",
        "VehiclesVx": "{(EgoVehicle↦20.00000238418579),(Vehicles2↦0.12839178554713726),(Vehicles3↦0.5624228343367577),(Vehicles4↦-0.28420863673090935),(Vehicles5↦0.6900850683450699)}",
        "VehiclesY": "{(EgoVehicle↦4.0000001192092896),(Vehicles2↦4.0000001192092896),(Vehicles3↦-4.0000001192092896),(Vehicles4↦0.0),(Vehicles5↦4.0000001192092896)}",
        "VehiclesVy": "{(EgoVehicle↦0.0),(Vehicles2↦0.0),(Vehicles3↦0.0),(Vehicles4↦0.0),(Vehicles5↦0.0)}",
        "VehiclesX": "{(EgoVehicle↦200.0),(Vehicles2↦-5.132093653082848),(Vehicles3↦11.903633922338486),(Vehicles4↦31.76172375679016),(Vehicles5↦65.12993574142456)}"
      },
      "probabilisticVariables": null,
      "activating": [
        "SLOWER_35"
      ],
      "activatingOnlyWhenExecuted": true,
      "updating": null,
      "withPredicate": null
    },
    {
      "id": "SLOWER_35",
      "execute": "SLOWER",
      "after": "1000",
      "priority": 0,
      "additionalGuards": null,
      "activationKind": null,
      "fixedVariables": {
        "Crash": "FALSE",
        "VehiclesAy": "{(EgoVehicle↦0.0),(Vehicles2↦0.0),(Vehicles3↦0.0),(Vehicles4↦0.0),(Vehicles5↦0.0)}",
        "Reward": "0.7000000120308264",
        "VehiclesAx": "{(EgoVehicle↦-2.384185791015625E-06),(Vehicles2↦0.03010847605764866),(Vehicles3↦0.016502849757671356),(Vehicles4↦-0.047967638820409775),(Vehicles5↦0.02901807427406311)}",
        "VehiclesVx": "{(EgoVehicle↦20.0),(Vehicles2↦0.15850026160478592),(Vehicles3↦0.578925684094429),(Vehicles4↦-0.3321762755513191),(Vehicles5↦0.719103142619133)}",
        "VehiclesY": "{(EgoVehicle↦4.0000001192092896),(Vehicles2↦4.0000001192092896),(Vehicles3↦-4.0000001192092896),(Vehicles4↦0.0),(Vehicles5↦4.0000001192092896)}",
        "VehiclesVy": "{(EgoVehicle↦0.0),(Vehicles2↦0.0),(Vehicles3↦0.0),(Vehicles4↦0.0),(Vehicles5↦0.0)}",
        "VehiclesX": "{(EgoVehicle↦200.0),(Vehicles2↦-4.991580545902252),(Vehicles3↦12.472713738679886),(Vehicles4↦31.457674503326416),(Vehicles5↦65.83176851272583)}"
      },
      "probabilisticVariables": null,
      "activating": [
        "SLOWER_36"
      ],
      "activatingOnlyWhenExecuted": true,
      "updating": null,
      "withPredicate": null
    },
    {
      "id": "SLOWER_36",
      "execute": "SLOWER",
      "after": "1000",
      "priority": 0,
      "additionalGuards": null,
      "activationKind": null,
      "fixedVariables": {
        "Crash": "FALSE",
        "VehiclesAy": "{(EgoVehicle↦0.0),(Vehicles2↦0.0),(Vehicles3↦0.0),(Vehicles4↦0.0),(Vehicles5↦0.0)}",
        "Reward": "0.7000000015843063",
        "VehiclesAx": "{(EgoVehicle↦0.0),(Vehicles2↦0.029152333736419678),(Vehicles3↦0.015835165977478027),(Vehicles4↦-0.04001490771770477),(Vehicles5↦0.02733781933784485)}",
        "VehiclesVx": "{(EgoVehicle↦20.0),(Vehicles2↦0.1876525953412056),(Vehicles3↦0.594760850071907),(Vehicles4↦-0.3721911832690239),(Vehicles5↦0.7464409619569778)}",
        "VehiclesY": "{(EgoVehicle↦4.0000001192092896),(Vehicles2↦4.0000001192092896),(Vehicles3↦-4.0000001192092896),(Vehicles4↦0.0),(Vehicles5↦4.0000001192092896)}",
        "VehiclesVy": "{(EgoVehicle↦0.0),(Vehicles2↦0.0),(Vehicles3↦0.0),(Vehicles4↦0.0),(Vehicles5↦0.0)}",
        "VehiclesX": "{(EgoVehicle↦200.0),(Vehicles2↦-4.821344092488289),(Vehicles3↦13.058024644851685),(Vehicles4↦31.108874082565308),(Vehicles5↦66.56193733215332)}"
      },
      "probabilisticVariables": null,
      "activating": [
        "SLOWER_37"
      ],
      "activatingOnlyWhenExecuted": true,
      "updating": null,
      "withPredicate": null
    },
    {
      "id": "SLOWER_37",
      "execute": "SLOWER",
      "after": "1000",
      "priority": 0,
      "additionalGuards": null,
      "activationKind": null,
      "fixedVariables": {
        "Crash": "FALSE",
        "VehiclesAy": "{(EgoVehicle↦0.0),(Vehicles2↦0.0),(Vehicles3↦0.0),(Vehicles4↦0.0),(Vehicles5↦0.0)}",
        "Reward": "0.700000000208633",
        "VehiclesAx": "{(EgoVehicle↦0.0),(Vehicles2↦0.0282234326004982),(Vehicles3↦0.015213340520858765),(Vehicles4↦-0.032554641366004944),(Vehicles5↦0.025809556245803833)}",
        "VehiclesVx": "{(EgoVehicle↦20.0),(Vehicles2↦0.2158760279417038),(Vehicles3↦0.6099741905927658),(Vehicles4↦-0.40474582463502884),(Vehicles5↦0.7722505182027817)}",
        "VehiclesY": "{(EgoVehicle↦4.0000001192092896),(Vehicles2↦4.0000001192092896),(Vehicles3↦-4.0000001192092896),(Vehicles4↦0.0),(Vehicles5↦4.0000001192092896)}",
        "VehiclesVy": "{(EgoVehicle↦0.0),(Vehicles2↦0.0),(Vehicles3↦0.0),(Vehicles4↦0.0),(Vehicles5↦0.0)}",
        "VehiclesX": "{(EgoVehicle↦200.0),(Vehicles2↦-4.622329026460648),(Vehicles3↦13.65891844034195),(Vehicles4↦30.72308599948883),(Vehicles5↦67.31882095336914)}"
      },
      "probabilisticVariables": null,
      "activating": [
        "SLOWER_38"
      ],
      "activatingOnlyWhenExecuted": true,
      "updating": null,
      "withPredicate": null
    },
    {
      "id": "SLOWER_38",
      "execute": "SLOWER",
      "after": "1000",
      "priority": 0,
      "additionalGuards": null,
      "activationKind": null,
      "fixedVariables": {
        "Crash": "FALSE",
        "VehiclesAy": "{(EgoVehicle↦0.0),(Vehicles2↦0.0),(Vehicles3↦0.0),(Vehicles4↦0.0),(Vehicles5↦0.0)}",
        "Reward": "0.7000000000274742",
        "VehiclesAx": "{(EgoVehicle↦0.0),(Vehicles2↦0.027322005480527878),(Vehicles3↦0.014632008969783783),(Vehicles4↦-0.025650188326835632),(Vehicles5↦0.024412870407104492)}",
        "VehiclesVx": "{(EgoVehicle↦20.0),(Vehicles2↦0.24319803342223167),(Vehicles3↦0.6246061995625496),(Vehicles4↦-0.43039601296186447),(Vehicles5↦0.7966633886098862)}",
        "VehiclesY": "{(EgoVehicle↦4.0000001192092896),(Vehicles2↦4.0000001192092896),(Vehicles3↦-4.0000001192092896),(Vehicles4↦0.0),(Vehicles5↦4.0000001192092896)}",
        "VehiclesVy": "{(EgoVehicle↦0.0),(Vehicles2↦0.0),(Vehicles3↦0.0),(Vehicles4↦0.0),(Vehicles5↦0.0)}",
        "VehiclesX": "{(EgoVehicle↦200.0),(Vehicles2↦-4.395453259348869),(Vehicles3↦14.27479088306427),(Vehicles4↦30.307552218437195),(Vehicles5↦68.10094118118286)}"
      },
      "probabilisticVariables": null,
      "activating": [
        "SLOWER_39"
      ],
      "activatingOnlyWhenExecuted": true,
      "updating": null,
      "withPredicate": null
    },
    {
      "id": "SLOWER_39",
      "execute": "SLOWER",
      "after": "1000",
      "priority": 0,
      "additionalGuards": null,
      "activationKind": null,
      "fixedVariables": {
        "Crash": "FALSE",
        "VehiclesAy": "{(EgoVehicle↦0.0),(Vehicles2↦0.0),(Vehicles3↦0.0),(Vehicles4↦0.0),(Vehicles5↦0.0)}",
        "Reward": "0.7000000000036181",
        "VehiclesAx": "{(EgoVehicle↦0.0),(Vehicles2↦0.026449207216501236),(Vehicles3↦0.014087669551372528),(Vehicles4↦-0.01933753490447998),(Vehicles5↦0.023132413625717163)}",
        "VehiclesVx": "{(EgoVehicle↦20.0),(Vehicles2↦0.2696472406387329),(Vehicles3↦0.6386938691139221),(Vehicles4↦-0.44973354786634445),(Vehicles5↦0.8197958022356033)}",
        "VehiclesY": "{(EgoVehicle↦4.0000001192092896),(Vehicles2↦4.0000001192092896),(Vehicles3↦-4.0000001192092896),(Vehicles4↦0.0),(Vehicles5↦4.0000001192092896)}",
        "VehiclesVy": "{(EgoVehicle↦0.0),(Vehicles2↦0.0),(Vehicles3↦0.0),(Vehicles4↦0.0),(Vehicles5↦0.0)}",
        "VehiclesX": "{(EgoVehicle↦200.0),(Vehicles2↦-4.141606763005257),(Vehicles3↦14.90507423877716),(Vehicles4↦29.868939518928528),(Vehicles5↦68.90695691108704)}"
      },
      "probabilisticVariables": null,
      "activating": [
        "SLOWER_40"
      ],
      "activatingOnlyWhenExecuted": true,
      "updating": null,
      "withPredicate": null
    },
    {
      "id": "SLOWER_40",
      "execute": "SLOWER",
      "after": "1000",
      "priority": 0,
      "additionalGuards": null,
      "activationKind": null,
      "fixedVariables": {
        "Crash": "FALSE",
        "VehiclesAy": "{(EgoVehicle↦0.0),(Vehicles2↦0.0),(Vehicles3↦0.0),(Vehicles4↦0.0),(Vehicles5↦0.0)}",
        "Reward": "0.7000000000004764",
        "VehiclesAx": "{(EgoVehicle↦0.0),(Vehicles2↦0.02403518185019493),(Vehicles3↦0.013577640056610107),(Vehicles4↦-0.01403849571943283),(Vehicles5↦-0.041376352310180664)}",
        "VehiclesVx": "{(EgoVehicle↦20.0),(Vehicles2↦0.29368242248892784),(Vehicles3↦0.6522715091705322),(Vehicles4↦-0.4637720435857773),(Vehicles5↦0.7784194499254227)}",
        "VehiclesY": "{(EgoVehicle↦4.0000001192092896),(Vehicles2↦4.0000001192092896),(Vehicles3↦-4.0000001192092896),(Vehicles4↦0.0),(Vehicles5↦4.0000001192092896)}",
        "VehiclesVy": "{(EgoVehicle↦0.0),(Vehicles2↦0.0),(Vehicles3↦0.0),(Vehicles4↦0.0),(Vehicles5↦0.0)}",
        "VehiclesX": "{(EgoVehicle↦200.0),(Vehicles2↦-3.8618266582489014),(Vehicles3↦15.54923802614212),(Vehicles4↦29.41318452358246),(Vehicles5↦69.72116827964783)}"
      },
      "probabilisticVariables": null,
      "activating": [
        "LANE_LEFT_41"
      ],
      "activatingOnlyWhenExecuted": true,
      "updating": null,
      "withPredicate": null
    },
    {
      "id": "LANE_LEFT_41",
      "execute": "LANE_LEFT",
      "after": "1000",
      "priority": 0,
      "additionalGuards": null,
      "activationKind": null,
      "fixedVariables": {
        "Crash": "FALSE",
        "VehiclesAy": "{(EgoVehicle↦-1.1458635330200195),(Vehicles2↦1.1458635330200195),(Vehicles3↦1.1458635330200195),(Vehicles4↦1.1458635330200195),(Vehicles5↦1.1458635330200195)}",
        "Reward": "0.6666666666666666",
        "VehiclesAx": "{(EgoVehicle↦-0.0328516960144043),(Vehicles2↦0.04672696813941002),(Vehicles3↦0.04595115780830383),(Vehicles4↦0.03460783511400223),(Vehicles5↦-0.07970981299877167)}",
        "VehiclesVx": "{(EgoVehicle↦19.967148303985596),(Vehicles2↦0.34040939062833786),(Vehicles3↦0.6982226669788361),(Vehicles4↦-0.42916420847177505),(Vehicles5↦0.698709636926651)}",
        "VehiclesY": "{(EgoVehicle↦0.39630044996738434),(Vehicles2↦7.603699207305908),(Vehicles3↦-0.39630044996738434),(Vehicles4↦3.6036994457244873),(Vehicles5↦7.603699207305908)}",
        "VehiclesVy": "{(EgoVehicle↦-1.1458635330200195),(Vehicles2↦1.1458635330200195),(Vehicles3↦1.1458635330200195),(Vehicles4↦1.1458635330200195),(Vehicles5↦1.1458635330200195)}",
        "VehiclesX": "{(EgoVehicle↦200.0),(Vehicles2↦-3.1750667840242386),(Vehicles3↦16.59338027238846),(Vehicles4↦29.33465838432312),(Vehicles5↦70.84310054779053)}"
      },
      "probabilisticVariables": null,
      "activating": [
        "IDLE_42"
      ],
      "activatingOnlyWhenExecuted": true,
      "updating": null,
      "withPredicate": null
    },
    {
      "id": "IDLE_42",
      "execute": "IDLE",
      "after": "1000",
      "priority": 0,
      "additionalGuards": null,
      "activationKind": null,
      "fixedVariables": {
        "Crash": "FALSE",
        "VehiclesAy": "{(EgoVehicle↦1.074060839600861),(Vehicles2↦-1.074060839600861),(Vehicles3↦-1.074060839600861),(Vehicles4↦-1.074060839600861),(Vehicles5↦1.217666226439178)}",
        "Reward": "0.6666666666666666",
        "VehiclesAx": "{(EgoVehicle↦0.03272294998168945),(Vehicles2↦-0.029226485639810562),(Vehicles3↦-0.02007313072681427),(Vehicles4↦-0.0030126050114631653),(Vehicles5↦-0.15018854290246964)}",
        "VehiclesVx": "{(EgoVehicle↦19.999871253967285),(Vehicles2↦0.3111829049885273),(Vehicles3↦0.6781495362520218),(Vehicles4↦-0.4321768134832382),(Vehicles5↦0.5485210940241814)}",
        "VehiclesY": "{(EgoVehicle↦0.02472245693206787),(Vehicles2↦7.975277423858643),(Vehicles3↦-0.02472245693206787),(Vehicles4↦3.9752776622772217),(Vehicles5↦7.975277423858643)}",
        "VehiclesVy": "{(EgoVehicle↦-0.07180269341915846),(Vehicles2↦0.07180269341915846),(Vehicles3↦0.07180269341915846),(Vehicles4↦0.07180269341915846),(Vehicles5↦0.07180269341915846)}",
        "VehiclesX": "{(EgoVehicle↦200.0),(Vehicles2↦-2.860124781727791),(Vehicles3↦17.269131541252136),(Vehicles4↦28.88754904270172),(Vehicles5↦71.46651148796082)}"
      },
      "probabilisticVariables": null,
      "activating": [
        "IDLE_43"
      ],
      "activatingOnlyWhenExecuted": true,
      "updating": null,
      "withPredicate": null
    },
    {
      "id": "IDLE_43",
      "execute": "IDLE",
      "after": "1000",
      "priority": 0,
      "additionalGuards": null,
      "activationKind": null,
      "fixedVariables": {
        "Crash": "FALSE",
        "VehiclesAy": "{(EgoVehicle↦0.06733491318300366),(Vehicles2↦-0.06733491318300366),(Vehicles3↦-0.06733491318300366),(Vehicles4↦-0.06733491318300366),(Vehicles5↦0.07627047365531325)}",
        "Reward": "0.6666666666666666",
        "VehiclesAx": "{(EgoVehicle↦0.00012874603271484375),(Vehicles2↦-0.0035865418612957),(Vehicles3↦0.012099668383598328),(Vehicles4↦0.054829902946949005),(Vehicles5↦-0.10309074074029922)}",
        "VehiclesVx": "{(EgoVehicle↦20.0),(Vehicles2↦0.3075963631272316),(Vehicles3↦0.6902492046356201),(Vehicles4↦-0.3773469105362892),(Vehicles5↦0.44543035328388214)}",
        "VehiclesY": "{(EgoVehicle↦0.001538257347419858),(Vehicles2↦7.998461723327637),(Vehicles3↦-0.001538257347419858),(Vehicles4↦3.998461604118347),(Vehicles5↦7.998461723327637)}",
        "VehiclesVy": "{(EgoVehicle↦-0.004467780236154795),(Vehicles2↦0.004467780236154795),(Vehicles3↦0.004467780236154795),(Vehicles4↦0.004467780236154795),(Vehicles5↦0.004467780236154795)}",
        "VehiclesX": "{(EgoVehicle↦200.0),(Vehicles2↦-2.5500139221549034),(Vehicles3↦17.952096462249756),(Vehicles4↦28.47551703453064),(Vehicles5↦71.9723105430603)}"
      },
      "probabilisticVariables": null,
      "activating": [
        "IDLE_44"
      ],
      "activatingOnlyWhenExecuted": true,
      "updating": null,
      "withPredicate": null
    },
    {
      "id": "IDLE_44",
      "execute": "IDLE",
      "after": "1000",
      "priority": 0,
      "additionalGuards": null,
      "activationKind": null,
      "fixedVariables": {
        "Crash": "FALSE",
        "VehiclesAy": "{(EgoVehicle↦0.0041897953997249715),(Vehicles2↦-0.0041897953997249715),(Vehicles3↦-0.0041897953997249715),(Vehicles4↦-0.0041897953997249715),(Vehicles5↦0.004745765072584618)}",
        "Reward": "0.6666666666666666",
        "VehiclesAx": "{(EgoVehicle↦0.0),(Vehicles2↦-0.007366109639406204),(Vehicles3↦0.011831000447273254),(Vehicles4↦0.07243776693940163),(Vehicles5↦-0.08477974683046341)}",
        "VehiclesVx": "{(EgoVehicle↦20.0),(Vehicles2↦0.3002302534878254),(Vehicles3↦0.7020802050828934),(Vehicles4↦-0.3049091435968876),(Vehicles5↦0.36065060645341873)}",
        "VehiclesY": "{(EgoVehicle↦9.571019108989276E-05),(Vehicles2↦7.99990439414978),(Vehicles3↦-9.571019108989276E-05),(Vehicles4↦3.9999042749404907),(Vehicles5↦7.99990439414978)}",
        "VehiclesVy": "{(EgoVehicle↦-0.0002779848364298232),(Vehicles2↦0.0002779848364298232),(Vehicles3↦0.0002779848364298232),(Vehicles4↦0.0002779848364298232),(Vehicles5↦0.0002779848364298232)}",
        "VehiclesX": "{(EgoVehicle↦200.0),(Vehicles2↦-2.245146781206131),(Vehicles3↦18.6471089720726),(Vehicles4↦28.126075863838196),(Vehicles5↦72.38239645957947)}"
      },
      "probabilisticVariables": null,
      "activating": [
        "IDLE_45"
      ],
      "activatingOnlyWhenExecuted": true,
      "updating": null,
      "withPredicate": null
    },
    {
      "id": "IDLE_45",
      "execute": "IDLE",
      "after": "1000",
      "priority": 0,
      "additionalGuards": null,
      "activationKind": null,
      "fixedVariables": {
        "Crash": "FALSE",
        "VehiclesAy": "{(EgoVehicle↦0.0002606886528155883),(Vehicles2↦-0.0002606886528155883),(Vehicles3↦-0.0002606886528155883),(Vehicles4↦-0.0002606886528155883),(Vehicles5↦0.0002952810200440581)}",
        "Reward": "0.6666666666666666",
        "VehiclesAx": "{(EgoVehicle↦0.0),(Vehicles2↦-0.009261053055524826),(Vehicles3↦0.011458322405815125),(Vehicles4↦0.08212722837924957),(Vehicles5↦-0.06810091435909271)}",
        "VehiclesVx": "{(EgoVehicle↦20.0),(Vehicles2↦0.29096920043230057),(Vehicles3↦0.7135385274887085),(Vehicles4↦-0.22278191521763802),(Vehicles5↦0.292549692094326)}",
        "VehiclesY": "{(EgoVehicle↦5.955076858299435E-06),(Vehicles2↦7.999993801116943),(Vehicles3↦-5.955076858299435E-06),(Vehicles4↦3.9999940395355225),(Vehicles5↦7.999993801116943)}",
        "VehiclesVy": "{(EgoVehicle↦-1.7296183614234906E-05),(Vehicles2↦1.7296183614234906E-05),(Vehicles3↦1.7296183614234906E-05),(Vehicles4↦1.7296183614234906E-05),(Vehicles5↦1.7296183614234906E-05)}",
        "VehiclesX": "{(EgoVehicle↦200.0),(Vehicles2↦-1.9485261291265488),(Vehicles3↦19.353801012039185),(Vehicles4↦27.85351574420929),(Vehicles5↦72.7145791053772)}"
      },
      "probabilisticVariables": null,
      "activating": [
        "IDLE_46"
      ],
      "activatingOnlyWhenExecuted": true,
      "updating": null,
      "withPredicate": null
    },
    {
      "id": "IDLE_46",
      "execute": "IDLE",
      "after": "1000",
      "priority": 0,
      "additionalGuards": null,
      "activationKind": null,
      "fixedVariables": {
        "Crash": "FALSE",
        "VehiclesAy": "{(EgoVehicle↦1.6220017187151825E-05),(Vehicles2↦-1.6220017187151825E-05),(Vehicles3↦-1.6220017187151825E-05),(Vehicles4↦-1.6220017187151825E-05),(Vehicles5↦1.8372350041317986E-05)}",
        "Reward": "0.6666666666666666",
        "VehiclesAx": "{(EgoVehicle↦0.0),(Vehicles2↦-0.009994301944971085),(Vehicles3↦0.011107251048088074),(Vehicles4↦0.08575470186769962),(Vehicles5↦-0.05420226603746414)}",
        "VehiclesVx": "{(EgoVehicle↦20.0),(Vehicles2↦0.2809748984873295),(Vehicles3↦0.7246457785367966),(Vehicles4↦-0.1370272133499384),(Vehicles5↦0.23834742605686188)}",
        "VehiclesY": "{(EgoVehicle↦3.705241340412613E-07),(Vehicles2↦7.999999523162842),(Vehicles3↦-3.705241340412613E-07),(Vehicles4↦3.999999761581421),(Vehicles5↦7.999999523162842)}",
        "VehiclesVy": "{(EgoVehicle↦-1.0761664270830806E-06),(Vehicles2↦1.0761664270830806E-06),(Vehicles3↦1.0761664270830806E-06),(Vehicles4↦1.0761664270830806E-06),(Vehicles5↦1.0761664270830806E-06)}",
        "VehiclesX": "{(EgoVehicle↦200.0),(Vehicles2↦-1.6615265980362892),(Vehicles3↦20.071808993816376),(Vehicles4↦27.66493558883667),(Vehicles5↦72.98445105552673)}"
      },
      "probabilisticVariables": null,
      "activating": [
        "IDLE_47"
      ],
      "activatingOnlyWhenExecuted": true,
      "updating": null,
      "withPredicate": null
    },
    {
      "id": "IDLE_47",
      "execute": "IDLE",
      "after": "1000",
      "priority": 0,
      "additionalGuards": null,
      "activationKind": null,
      "fixedVariables": {
        "Crash": "FALSE",
        "VehiclesAy": "{(EgoVehicle↦1.0092074820278185E-06),(Vehicles2↦-1.0092074731460343E-06),(Vehicles3↦-1.0092074731460343E-06),(Vehicles4↦-1.0092074731460343E-06),(Vehicles5↦1.143125381020127E-06)}",
        "Reward": "0.6666666666666669",
        "VehiclesAx": "{(EgoVehicle↦0.0),(Vehicles2↦-0.010111425071954727),(Vehicles3↦0.010776445269584656),(Vehicles4↦0.08528918959200382),(Vehicles5↦-0.04298781976103783)}",
        "VehiclesVx": "{(EgoVehicle↦20.0),(Vehicles2↦0.27086347341537476),(Vehicles3↦0.7354222238063812),(Vehicles4↦-0.05173802375793457),(Vehicles5↦0.19535960629582405)}",
        "VehiclesY": "{(EgoVehicle↦2.3053966735631093E-08),(Vehicles2↦8.000000238418579),(Vehicles3↦-2.3053969400166352E-08),(Vehicles4↦4.0000001192092896),(Vehicles5↦8.000000238418579)}",
        "VehiclesVy": "{(EgoVehicle↦-6.695894505526212E-08),(Vehicles2↦6.695895393704632E-08),(Vehicles3↦6.695895393704632E-08),(Vehicles4↦6.695895393704632E-08),(Vehicles5↦6.695895393704632E-08)}",
        "VehiclesX": "{(EgoVehicle↦200.0),(Vehicles2↦-1.3846023939549923),(Vehicles3↦20.800791680812836),(Vehicles4↦27.562180161476135),(Vehicles5↦73.20480346679688)}"
      },
      "probabilisticVariables": null,
      "activating": [
        "IDLE_48"
      ],
      "activatingOnlyWhenExecuted": true,
      "updating": null,
      "withPredicate": null
    },
    {
      "id": "IDLE_48",
      "execute": "IDLE",
      "after": "1000",
      "priority": 0,
      "additionalGuards": null,
      "activationKind": null,
      "fixedVariables": {
        "Crash": "FALSE",
        "VehiclesAy": "{(EgoVehicle↦6.279276654197474E-08),(Vehicles2↦-6.279277542375894E-08),(Vehicles3↦-6.279277542375894E-08),(Vehicles4↦-6.279277542375894E-08),(Vehicles5↦7.11251324503337E-08)}",
        "Reward": "0.6666666666666669",
        "VehiclesAx": "{(EgoVehicle↦0.0),(Vehicles2↦-0.009921211749315262),(Vehicles3↦0.010464787483215332),(Vehicles4↦0.0823615794070065),(Vehicles5↦-0.03397446125745773)}",
        "VehiclesVx": "{(EgoVehicle↦20.0),(Vehicles2↦0.2609422616660595),(Vehicles3↦0.7458870112895966),(Vehicles4↦0.030623555649071932),(Vehicles5↦0.16138514503836632)}",
        "VehiclesY": "{(EgoVehicle↦1.4344152532430599E-09),(Vehicles2↦8.000000238418579),(Vehicles3↦-1.4344152532430599E-09),(Vehicles4↦4.0000001192092896),(Vehicles5↦8.000000238418579)}",
        "VehiclesVy": "{(EgoVehicle↦-4.1661785132873774E-09),(Vehicles2↦4.1661785132873774E-09),(Vehicles3↦4.1661785132873774E-09),(Vehicles4↦4.1661785132873774E-09),(Vehicles5↦4.1661785132873774E-09)}",
        "VehiclesX": "{(EgoVehicle↦200.0),(Vehicles2↦-1.1177300475537777),(Vehicles3↦21.54042422771454),(Vehicles4↦27.54368782043457),(Vehicles5↦73.38592410087585)}"
      },
      "probabilisticVariables": null,
      "activating": [
        "IDLE_49"
      ],
      "activatingOnlyWhenExecuted": true,
      "updating": null,
      "withPredicate": null
    },
    {
      "id": "IDLE_49",
      "execute": "IDLE",
      "after": "1000",
      "priority": 0,
      "additionalGuards": null,
      "activationKind": null,
      "fixedVariables": {
        "Crash": "FALSE",
        "VehiclesAy": "{(EgoVehicle↦3.906954759713699E-09),(Vehicles2↦-3.906954759713699E-09),(Vehicles3↦-3.906954759713699E-09),(Vehicles4↦-3.906954759713699E-09),(Vehicles5↦4.425402266861056E-09)}",
        "Reward": "0.6666666666666669",
        "VehiclesAx": "{(EgoVehicle↦0.0),(Vehicles2↦-0.009581539779901505),(Vehicles3↦0.010170936584472656),(Vehicles4↦0.07813767297193408),(Vehicles5↦-0.026654433459043503)}",
        "VehiclesVx": "{(EgoVehicle↦20.0),(Vehicles2↦0.251360721886158),(Vehicles3↦0.7560579478740692),(Vehicles4↦0.10876122862100601),(Vehicles5↦0.13473071157932281)}",
        "VehiclesY": "{(EgoVehicle↦8.924860850356708E-11),(Vehicles2↦8.000000238418579),(Vehicles3↦-8.924994077119663E-11),(Vehicles4↦4.0000001192092896),(Vehicles5↦8.000000238418579)}",
        "VehiclesVy": "{(EgoVehicle↦-2.5922375357367855E-10),(Vehicles2↦2.5922375357367855E-10),(Vehicles3↦2.5922375357367855E-10),(Vehicles4↦2.5922375357367855E-10),(Vehicles5↦2.5922375357367855E-10)}",
        "VehiclesX": "{(EgoVehicle↦200.0),(Vehicles2↦-0.8606513030827045),(Vehicles3↦22.29040265083313),(Vehicles4↦27.60593295097351),(Vehicles5↦73.53612184524536)}"
      },
      "probabilisticVariables": null,
      "activating": [
        "IDLE_50"
      ],
      "activatingOnlyWhenExecuted": true,
      "updating": null,
      "withPredicate": null
    },
    {
      "id": "IDLE_50",
      "execute": "IDLE",
      "after": "1000",
      "priority": 0,
      "additionalGuards": null,
      "activationKind": null,
      "fixedVariables": {
        "Crash": "FALSE",
        "VehiclesAy": "{(EgoVehicle↦2.430944334719243E-10),(Vehicles2↦-2.430944334719243E-10),(Vehicles3↦-2.430944334719243E-10),(Vehicles4↦-2.430944334719243E-10),(Vehicles5↦2.753530736754328E-10)}",
        "Reward": "0.6666666666666669",
        "VehiclesAx": "{(EgoVehicle↦0.0),(Vehicles2↦-0.009164847433567047),(Vehicles3↦0.00989370048046112),(Vehicles4↦0.07337326183915138),(Vehicles5↦-0.020609069615602493)}",
        "VehiclesVx": "{(EgoVehicle↦20.0),(Vehicles2↦0.24219587445259094),(Vehicles3↦0.7659516483545303),(Vehicles4↦0.1821344904601574),(Vehicles5↦0.11412164196372032)}",
        "VehiclesY": "{(EgoVehicle↦5.5502269447060826E-12),(Vehicles2↦8.000000238418579),(Vehicles3↦-5.551559212335633E-12),(Vehicles4↦4.0000001192092896),(Vehicles5↦8.000000238418579)}",
        "VehiclesVy": "{(EgoVehicle↦-1.6129320101754274E-11),(Vehicles2↦1.6129320101754274E-11),(Vehicles3↦1.6129320101754274E-11),(Vehicles4↦1.6129320101754274E-11),(Vehicles5↦1.6129320101754274E-11)}",
        "VehiclesX": "{(EgoVehicle↦200.0),(Vehicles2↦-0.6129920482635498),(Vehicles3↦23.05043935775757),(Vehicles4↦27.744433283805847),(Vehicles5↦73.66216778755188)}"
      },
      "probabilisticVariables": null,
      "activating": [
        "IDLE_51"
      ],
      "activatingOnlyWhenExecuted": true,
      "updating": null,
      "withPredicate": null
    },
    {
      "id": "IDLE_51",
      "execute": "IDLE",
      "after": "1000",
      "priority": 0,
      "additionalGuards": null,
      "activationKind": null,
      "fixedVariables": {
        "Crash": "FALSE",
        "VehiclesAy": "{(EgoVehicle↦1.511679670329613E-11),(Vehicles2↦-1.511679670329613E-11),(Vehicles3↦-1.511679670329613E-11),(Vehicles4↦-1.511679670329613E-11),(Vehicles5↦1.7141843500212417E-11)}",
        "Reward": "0.6666666666666669",
        "VehiclesAx": "{(EgoVehicle↦0.0),(Vehicles2↦-0.0087001733481884),(Vehicles3↦0.009632036089897156),(Vehicles4↦0.06851967424154282),(Vehicles5↦-0.015526283532381058)}",
        "VehiclesVx": "{(EgoVehicle↦20.0),(Vehicles2↦0.23349570110440254),(Vehicles3↦0.7755836844444275),(Vehicles4↦0.2506541647017002),(Vehicles5↦0.09859535843133926)}",
        "VehiclesY": "{(EgoVehicle↦3.4372504842394846E-13),(Vehicles2↦8.000000238418579),(Vehicles3↦-3.4505731605349865E-13),(Vehicles4↦4.0000001192092896),(Vehicles5↦8.000000238418579)}",
        "VehiclesVy": "{(EgoVehicle↦-1.0125233984581428E-12),(Vehicles2↦1.0125233984581428E-12),(Vehicles3↦1.0125233984581428E-12),(Vehicles4↦1.0125233984581428E-12),(Vehicles5↦1.0125233984581428E-12)}",
        "VehiclesX": "{(EgoVehicle↦200.0),(Vehicles2↦-0.3743150271475315),(Vehicles3↦23.820264637470245),(Vehicles4↦27.954360842704773),(Vehicles5↦73.76970052719116)}"
      },
      "probabilisticVariables": null,
      "activating": [
        "IDLE_52"
      ],
      "activatingOnlyWhenExecuted": true,
      "updating": null,
      "withPredicate": null
    },
    {
      "id": "IDLE_52",
      "execute": "IDLE",
      "after": "1000",
      "priority": 0,
      "additionalGuards": null,
      "activationKind": null,
      "fixedVariables": {
        "Crash": "FALSE",
        "VehiclesAy": "{(EgoVehicle↦9.592326932761353E-13),(Vehicles2↦-9.592326932761353E-13),(Vehicles3↦-9.592326932761353E-13),(Vehicles4↦-9.592326932761353E-13),(Vehicles5↦1.0658141036401503E-12)}",
        "Reward": "0.6666666666666669",
        "VehiclesAx": "{(EgoVehicle↦0.0),(Vehicles2↦-0.008196793496608734),(Vehicles3↦0.009384974837303162),(Vehicles4↦0.06382377818226814),(Vehicles5↦-0.011184802278876305)}",
        "VehiclesVx": "{(EgoVehicle↦20.0),(Vehicles2↦0.2252989076077938),(Vehicles3↦0.7849686592817307),(Vehicles4↦0.31447794288396835),(Vehicles5↦0.08741055615246296)}",
        "VehiclesY": "{(EgoVehicle↦2.1316282072803006E-14),(Vehicles2↦8.000000238418579),(Vehicles3↦-2.1316282072803006E-14),(Vehicles4↦4.0000001192092896),(Vehicles5↦8.000000238418579)}",
        "VehiclesVy": "{(EgoVehicle↦-5.3290705182007514E-14),(Vehicles2↦5.3290705182007514E-14),(Vehicles3↦5.3290705182007514E-14),(Vehicles4↦5.3290705182007514E-14),(Vehicles5↦5.3290705182007514E-14)}",
        "VehiclesX": "{(EgoVehicle↦200.0),(Vehicles2↦-0.14413978205993772),(Vehicles3↦24.599620699882507),(Vehicles4↦28.23091149330139),(Vehicles5↦73.8635003566742)}"
      },
      "probabilisticVariables": null,
      "activating": [
        "IDLE_53"
      ],
      "activatingOnlyWhenExecuted": true,
      "updating": null,
      "withPredicate": null
    },
    {
      "id": "IDLE_53",
      "execute": "IDLE",
      "after": "1000",
      "priority": 0,
      "additionalGuards": null,
      "activationKind": null,
      "fixedVariables": {
        "Crash": "FALSE",
        "VehiclesAy": "{(EgoVehicle↦3.552713678800501E-14),(Vehicles2↦-3.552713678800501E-14),(Vehicles3↦-3.552713678800501E-14),(Vehicles4↦-3.552713678800501E-14),(Vehicles5↦7.105427357601002E-14)}",
        "Reward": "0.6666666666666669",
        "VehiclesAx": "{(EgoVehicle↦0.0),(Vehicles2↦-0.007656943053007126),(Vehicles3↦0.009151548147201538),(Vehicles4↦0.05940508097410202),(Vehicles5↦-0.007431404665112495)}",
        "VehiclesVx": "{(EgoVehicle↦20.0),(Vehicles2↦0.21764196455478668),(Vehicles3↦0.7941202074289322),(Vehicles4↦0.3738830238580704),(Vehicles5↦0.07997915148735046)}",
        "VehiclesY": "{(EgoVehicle↦2.6645352591003757E-15),(Vehicles2↦8.000000238418579),(Vehicles3↦-1.3322676295501878E-15),(Vehicles4↦4.0000001192092896),(Vehicles5↦8.000000238418579)}",
        "VehiclesVy": "{(EgoVehicle↦-1.7763568394002505E-14),(Vehicles2↦1.7763568394002505E-14),(Vehicles3↦1.7763568394002505E-14),(Vehicles4↦1.7763568394002505E-14),(Vehicles5↦1.7763568394002505E-14)}",
        "VehiclesX": "{(EgoVehicle↦200.0),(Vehicles2↦0.07805171771906316),(Vehicles3↦25.388267636299133),(Vehicles4↦28.56949269771576),(Vehicles5↦73.94766211509705)}"
      },
      "probabilisticVariables": null,
      "activating": [
        "IDLE_54"
      ],
      "activatingOnlyWhenExecuted": true,
      "updating": null,
      "withPredicate": null
    },
    {
      "id": "IDLE_54",
      "execute": "IDLE",
      "after": "1000",
      "priority": 0,
      "additionalGuards": null,
      "activationKind": null,
      "fixedVariables": {
        "Crash": "FALSE",
        "VehiclesAy": "{(EgoVehicle↦1.7763568394002505E-14),(Vehicles2↦-1.7763568394002505E-14),(Vehicles3↦-1.7763568394002505E-14),(Vehicles4↦-1.7763568394002505E-14),(Vehicles5↦1.7763568394002505E-14)}",
        "Reward": "0.6666666666666669",
        "VehiclesAx": "{(EgoVehicle↦0.0),(Vehicles2↦-0.007081534713506699),(Vehicles3↦0.008930861949920654),(Vehicles4↦0.055308640003204346),(Vehicles5↦-0.004160194657742977)}",
        "VehiclesVx": "{(EgoVehicle↦20.0),(Vehicles2↦0.21056042984127998),(Vehicles3↦0.8030510693788528),(Vehicles4↦0.4291916638612747),(Vehicles5↦0.07581895682960749)}",
        "VehiclesY": "{(EgoVehicle↦0.0),(Vehicles2↦8.000000238418579),(Vehicles3↦0.0),(Vehicles4↦4.0000001192092896),(Vehicles5↦8.000000238418579)}",
        "VehiclesVy": "{(EgoVehicle↦0.0),(Vehicles2↦0.0),(Vehicles3↦0.0),(Vehicles4↦0.0),(Vehicles5↦0.0)}",
        "VehiclesX": "{(EgoVehicle↦200.0),(Vehicles2↦0.2928136382251978),(Vehicles3↦26.185977458953857),(Vehicles4↦28.965812921524048),(Vehicles5↦74.02573227882385)}"
      },
      "probabilisticVariables": null,
      "activating": [
        "IDLE_55"
      ],
      "activatingOnlyWhenExecuted": true,
      "updating": null,
      "withPredicate": null
    },
    {
      "id": "IDLE_55",
      "execute": "IDLE",
      "after": "1000",
      "priority": 0,
      "additionalGuards": null,
      "activationKind": null,
      "fixedVariables": {
        "Crash": "FALSE",
        "VehiclesAy": "{(EgoVehicle↦0.0),(Vehicles2↦0.0),(Vehicles3↦0.0),(Vehicles4↦0.0),(Vehicles5↦0.0)}",
        "Reward": "0.6666666666666669",
        "VehiclesAx": "{(EgoVehicle↦0.0),(Vehicles2↦-0.006472505629062653),(Vehicles3↦0.008722171187400818),(Vehicles4↦0.05153898149728775),(Vehicles5↦-0.001296699047088623)}",
        "VehiclesVx": "{(EgoVehicle↦20.0),(Vehicles2↦0.20408792421221733),(Vehicles3↦0.8117732405662537),(Vehicles4↦0.48073064535856247),(Vehicles5↦0.07452225778251886)}",
        "VehiclesY": "{(EgoVehicle↦0.0),(Vehicles2↦8.000000238418579),(Vehicles3↦0.0),(Vehicles4↦4.0000001192092896),(Vehicles5↦8.000000238418579)}",
        "VehiclesVy": "{(EgoVehicle↦0.0),(Vehicles2↦0.0),(Vehicles3↦0.0),(Vehicles4↦0.0),(Vehicles5↦0.0)}",
        "VehiclesX": "{(EgoVehicle↦200.0),(Vehicles2↦0.5007350817322731),(Vehicles3↦26.99253559112549),(Vehicles4↦29.415908455848694),(Vehicles5↦74.10081624984741)}"
      },
      "probabilisticVariables": null,
      "activating": [
        "IDLE_56"
      ],
      "activatingOnlyWhenExecuted": true,
      "updating": null,
      "withPredicate": null
    },
    {
      "id": "IDLE_56",
      "execute": "IDLE",
      "after": "1000",
      "priority": 0,
      "additionalGuards": null,
      "activationKind": null,
      "fixedVariables": {
        "Crash": "FALSE",
        "VehiclesAy": "{(EgoVehicle↦0.0),(Vehicles2↦0.0),(Vehicles3↦0.0),(Vehicles4↦0.0),(Vehicles5↦0.0)}",
        "Reward": "0.6666666666666669",
        "VehiclesAx": "{(EgoVehicle↦0.0),(Vehicles2↦-0.005833376199007034),(Vehicles3↦0.008524656295776367),(Vehicles4↦0.04808034747838974),(Vehicles5↦0.001213299110531807)}",
        "VehiclesVx": "{(EgoVehicle↦20.0),(Vehicles2↦0.1982545480132103),(Vehicles3↦0.82029789686203),(Vehicles4↦0.5288109928369522),(Vehicles5↦0.07573555689305067)}",
        "VehiclesY": "{(EgoVehicle↦0.0),(Vehicles2↦8.000000238418579),(Vehicles3↦0.0),(Vehicles4↦4.0000001192092896),(Vehicles5↦8.000000238418579)}",
        "VehiclesVy": "{(EgoVehicle↦0.0),(Vehicles2↦0.0),(Vehicles3↦0.0),(Vehicles4↦0.0),(Vehicles5↦0.0)}",
        "VehiclesX": "{(EgoVehicle↦200.0),(Vehicles2↦0.7024374324828386),(Vehicles3↦27.807733416557312),(Vehicles4↦29.91613745689392),(Vehicles5↦74.17563796043396)}"
      },
      "probabilisticVariables": null,
      "activating": [
        "IDLE_57"
      ],
      "activatingOnlyWhenExecuted": true,
      "updating": null,
      "withPredicate": null
    },
    {
      "id": "IDLE_57",
      "execute": "IDLE",
      "after": "1000",
      "priority": 0,
      "additionalGuards": null,
      "activationKind": null,
      "fixedVariables": {
        "Crash": "FALSE",
        "VehiclesAy": "{(EgoVehicle↦0.0),(Vehicles2↦0.0),(Vehicles3↦0.0),(Vehicles4↦0.0),(Vehicles5↦0.0)}",
        "Reward": "0.6666666666666669",
        "VehiclesAx": "{(EgoVehicle↦0.0),(Vehicles2↦-0.005169045180082321),(Vehicles3↦0.008337646722793579),(Vehicles4↦0.04490859806537628),(Vehicles5↦0.003411252982914448)}",
        "VehiclesVx": "{(EgoVehicle↦20.0),(Vehicles2↦0.19308550283312798),(Vehicles3↦0.8286355435848236),(Vehicles4↦0.5737195909023285),(Vehicles5↦0.07914680987596512)}",
        "VehiclesY": "{(EgoVehicle↦0.0),(Vehicles2↦8.000000238418579),(Vehicles3↦0.0),(Vehicles4↦4.0000001192092896),(Vehicles5↦8.000000238418579)}",
        "VehiclesVy": "{(EgoVehicle↦0.0),(Vehicles2↦0.0),(Vehicles3↦0.0),(Vehicles4↦0.0),(Vehicles5↦0.0)}",
        "VehiclesX": "{(EgoVehicle↦200.0),(Vehicles2↦0.8985703811049461),(Vehicles3↦28.631380200386047),(Vehicles4↦30.46315312385559),(Vehicles5↦74.25257563591003)}"
      },
      "probabilisticVariables": null,
      "activating": [
        "IDLE_58"
      ],
      "activatingOnlyWhenExecuted": true,
      "updating": null,
      "withPredicate": null
    },
    {
      "id": "IDLE_58",
      "execute": "IDLE",
      "after": "1000",
      "priority": 0,
      "additionalGuards": null,
      "activationKind": null,
      "fixedVariables": {
        "Crash": "FALSE",
        "VehiclesAy": "{(EgoVehicle↦0.0),(Vehicles2↦0.0),(Vehicles3↦0.0),(Vehicles4↦0.0),(Vehicles5↦0.0)}",
        "Reward": "0.6666666666666669",
        "VehiclesAx": "{(EgoVehicle↦0.0),(Vehicles2↦-0.0044852495193481445),(Vehicles3↦0.008160620927810669),(Vehicles4↦0.04199709743261337),(Vehicles5↦0.005330601707100868)}",
        "VehiclesVx": "{(EgoVehicle↦20.0),(Vehicles2↦0.18860025331377983),(Vehicles3↦0.8367961645126343),(Vehicles4↦0.6157166883349419),(Vehicles5↦0.08447741158306599)}",
        "VehiclesY": "{(EgoVehicle↦0.0),(Vehicles2↦8.000000238418579),(Vehicles3↦0.0),(Vehicles4↦4.0000001192092896),(Vehicles5↦8.000000238418579)}",
        "VehiclesVy": "{(EgoVehicle↦0.0),(Vehicles2↦0.0),(Vehicles3↦0.0),(Vehicles4↦0.0),(Vehicles5↦0.0)}",
        "VehiclesX": "{(EgoVehicle↦200.0),(Vehicles2↦1.0898064821958542),(Vehicles3↦29.46329414844513),(Vehicles4↦31.053894758224487),(Vehicles5↦74.3337094783783)}"
      },
      "probabilisticVariables": null,
      "activating": [
        "IDLE_59"
      ],
      "activatingOnlyWhenExecuted": true,
      "updating": null,
      "withPredicate": null
    },
    {
      "id": "IDLE_59",
      "execute": "IDLE",
      "after": "1000",
      "priority": 0,
      "additionalGuards": null,
      "activationKind": null,
      "fixedVariables": {
        "Crash": "FALSE",
        "VehiclesAy": "{(EgoVehicle↦0.0),(Vehicles2↦0.0),(Vehicles3↦0.0),(Vehicles4↦0.0),(Vehicles5↦0.0)}",
        "Reward": "0.6666666666666669",
        "VehiclesAx": "{(EgoVehicle↦0.0),(Vehicles2↦-0.003788229078054428),(Vehicles3↦0.007992684841156006),(Vehicles4↦0.039319880306720734),(Vehicles5↦0.0069996993988752365)}",
        "VehiclesVx": "{(EgoVehicle↦20.0),(Vehicles2↦0.1848120242357254),(Vehicles3↦0.8447888493537903),(Vehicles4↦0.6550365686416626),(Vehicles5↦0.09147711098194122)}",
        "VehiclesY": "{(EgoVehicle↦0.0),(Vehicles2↦8.000000238418579),(Vehicles3↦0.0),(Vehicles4↦4.0000001192092896),(Vehicles5↦8.000000238418579)}",
        "VehiclesVy": "{(EgoVehicle↦0.0),(Vehicles2↦0.0),(Vehicles3↦0.0),(Vehicles4↦0.0),(Vehicles5↦0.0)}",
        "VehiclesX": "{(EgoVehicle↦200.0),(Vehicles2↦1.2768352404236794),(Vehicles3↦30.30329942703247),(Vehicles4↦31.685546040534973),(Vehicles5↦74.42086338996887)}"
      },
      "probabilisticVariables": null,
      "activating": [
        "IDLE_60"
      ],
      "activatingOnlyWhenExecuted": true,
      "updating": null,
      "withPredicate": null
    },
    {
      "id": "IDLE_60",
      "execute": "IDLE",
      "after": "1000",
      "priority": 0,
      "additionalGuards": null,
      "activationKind": null,
      "fixedVariables": {
        "Crash": "FALSE",
        "VehiclesAy": "{(EgoVehicle↦0.0),(Vehicles2↦0.0),(Vehicles3↦0.0),(Vehicles4↦0.0),(Vehicles5↦0.0)}",
        "Reward": "0.6666666666666669",
        "VehiclesAx": "{(EgoVehicle↦0.0),(Vehicles2↦-0.0030842237174510956),(Vehicles3↦0.007833540439605713),(Vehicles4↦0.036853253841400146),(Vehicles5↦0.008443444967269897)}",
        "VehiclesVx": "{(EgoVehicle↦20.0),(Vehicles2↦0.1817278005182743),(Vehicles3↦0.852622389793396),(Vehicles4↦0.6918898224830627),(Vehicles5↦0.09992055594921112)}",
        "VehiclesY": "{(EgoVehicle↦0.0),(Vehicles2↦8.000000238418579),(Vehicles3↦0.0),(Vehicles4↦4.0000001192092896),(Vehicles5↦8.000000238418579)}",
        "VehiclesVy": "{(EgoVehicle↦0.0),(Vehicles2↦0.0),(Vehicles3↦0.0),(Vehicles4↦0.0),(Vehicles5↦0.0)}",
        "VehiclesX": "{(EgoVehicle↦200.0),(Vehicles2↦1.4603571966290474),(Vehicles3↦31.151235103607178),(Vehicles4↦32.35551118850708),(Vehicles5↦74.51561093330383)}"
      },
      "probabilisticVariables": null,
      "activating": [
        "IDLE_61"
      ],
      "activatingOnlyWhenExecuted": true,
      "updating": null,
      "withPredicate": null
    },
    {
      "id": "IDLE_61",
      "execute": "IDLE",
      "after": "1000",
      "priority": 0,
      "additionalGuards": null,
      "activationKind": null,
      "fixedVariables": {
        "Crash": "FALSE",
        "VehiclesAy": "{(EgoVehicle↦0.0),(Vehicles2↦0.0),(Vehicles3↦0.0),(Vehicles4↦0.0),(Vehicles5↦0.0)}",
        "Reward": "0.6666666666666669",
        "VehiclesAx": "{(EgoVehicle↦0.0),(Vehicles2↦-0.0023792125284671783),(Vehicles3↦0.007682517170906067),(Vehicles4↦0.03457598388195038),(Vehicles5↦0.009684348478913307)}",
        "VehiclesVx": "{(EgoVehicle↦20.0),(Vehicles2↦0.17934858798980713),(Vehicles3↦0.8603049069643021),(Vehicles4↦0.7264658063650131),(Vehicles5↦0.10960490442812443)}",
        "VehiclesY": "{(EgoVehicle↦0.0),(Vehicles2↦8.000000238418579),(Vehicles3↦0.0),(Vehicles4↦4.0000001192092896),(Vehicles5↦8.000000238418579)}",
        "VehiclesVy": "{(EgoVehicle↦0.0),(Vehicles2↦0.0),(Vehicles3↦0.0),(Vehicles4↦0.0),(Vehicles5↦0.0)}",
        "VehiclesX": "{(EgoVehicle↦200.0),(Vehicles2↦1.6410769894719124),(Vehicles3↦32.006943225860596),(Vehicles4↦33.06140899658203),(Vehicles5↦74.61931109428406)}"
      },
      "probabilisticVariables": null,
      "activating": null,
      "activatingOnlyWhenExecuted": true,
      "updating": null,
      "withPredicate": null
    }
  ],
  "listeners": [],
  "metadata": {
    "fileType": "Timed_Trace",
    "formatVersion": 3,
    "savedAt": "2023-08-21T06:52:28.991292Z",
    "creator": "Simulation: HYPOTHESIS_TEST; SIGNIFICANCE : 0.05, PROBABILITY : 0.95, MAX_STEPS_BEFORE_PROPERTY : 0, EXECUTIONS : 1000, PREDICATE : Crash = FALSE, ENDING_TIME : 60000, HYPOTHESIS_CHECKING_TYPE : LEFT_TAILED, CHECKING_TYPE : PREDICATE_INVARIANT",
    "proB2KernelVersion": "4.12.2",
    "proBCliVersion": "1.12.2-final",
    "modelName": "HighwayEnvironment2"
  }
}