{
  "variables": {},
  "activations": [
    {
      "id": "$setup_constants",
      "execute": "$setup_constants",
      "after": "0",
      "priority": 0,
      "additionalGuards": null,
      "activationKind": null,
      "fixedVariables": null,
      "probabilisticVariables": null,
      "activating": null,
      "activatingOnlyWhenExecuted": true,
      "updating": null,
      "withPredicate": null
    },
    {
      "id": "$initialise_machine",
      "execute": "$initialise_machine",
      "after": "0",
      "priority": 0,
      "additionalGuards": null,
      "activationKind": null,
      "fixedVariables": {
        "Crash": "FALSE",
        "VehiclesAy": "{(EgoVehicle↦0.0),(Vehicles2↦0.0),(Vehicles3↦0.0),(Vehicles4↦0.0),(Vehicles5↦0.0)}",
        "Reward": "0.0",
        "VehiclesAx": "{(EgoVehicle↦0.0),(Vehicles2↦0.0),(Vehicles3↦0.0),(Vehicles4↦0.0),(Vehicles5↦0.0)}",
        "VehiclesVx": "{(EgoVehicle↦25.0),(Vehicles2↦-3.3444318175315857),(Vehicles3↦-2.0830051600933075),(Vehicles4↦-3.9721548557281494),(Vehicles5↦-1.84774249792099)}",
        "VehiclesY": "{(EgoVehicle↦4.0000001192092896),(Vehicles2↦-4.0000001192092896),(Vehicles3↦4.0000001192092896),(Vehicles4↦0.0),(Vehicles5↦0.0)}",
        "VehiclesVy": "{(EgoVehicle↦0.0),(Vehicles2↦0.0),(Vehicles3↦0.0),(Vehicles4↦0.0),(Vehicles5↦0.0)}",
        "VehiclesX": "{(EgoVehicle↦153.4212589263916),(Vehicles2↦22.96186238527298),(Vehicles3↦46.49302065372467),(Vehicles4↦69.65577602386475),(Vehicles5↦91.50416851043701)}"
      },
      "probabilisticVariables": null,
      "activating": [
        "LANE_RIGHT_2"
      ],
      "activatingOnlyWhenExecuted": true,
      "updating": null,
      "withPredicate": null
    },
    {
      "id": "LANE_RIGHT_2",
      "execute": "LANE_RIGHT",
      "after": "1000",
      "priority": 0,
      "additionalGuards": null,
      "activationKind": null,
      "fixedVariables": {
        "Crash": "FALSE",
        "VehiclesAy": "{(EgoVehicle↦1.0796338319778442),(Vehicles2↦-1.0796338319778442),(Vehicles3↦-1.0796338319778442),(Vehicles4↦-1.0796338319778442),(Vehicles5↦-1.0796338319778442)}",
        "Reward": "0.8660447183419508",
        "VehiclesAx": "{(EgoVehicle↦-0.023322105407714844),(Vehicles2↦-0.5565887689590454),(Vehicles3↦-0.413382351398468),(Vehicles4↦-3.7892401218414307),(Vehicles5↦-0.6502833962440491)}",
        "VehiclesVx": "{(EgoVehicle↦24.976677894592285),(Vehicles2↦-3.901020586490631),(Vehicles3↦-2.4963875114917755),(Vehicles4↦-7.76139497756958),(Vehicles5↦-2.498025894165039)}",
        "VehiclesY": "{(EgoVehicle↦7.6599647998809814),(Vehicles2↦-7.6599647998809814),(Vehicles3↦0.3400348797440529),(Vehicles4↦-3.6599650382995605),(Vehicles5↦-3.6599650382995605)}",
        "VehiclesVy": "{(EgoVehicle↦1.0796338319778442),(Vehicles2↦-1.0796338319778442),(Vehicles3↦-1.0796338319778442),(Vehicles4↦-1.0796338319778442),(Vehicles5↦-1.0796338319778442)}",
        "VehiclesX": "{(EgoVehicle↦178.1015157699585),(Vehicles2↦19.708167016506195),(Vehicles3↦44.54362392425537),(Vehicles4↦64.00535106658936),(Vehicles5↦89.67819809913635)}"
      },
      "probabilisticVariables": null,
      "activating": [
        "IDLE_3"
      ],
      "activatingOnlyWhenExecuted": true,
      "updating": null,
      "withPredicate": null
    },
    {
      "id": "IDLE_3",
      "execute": "IDLE",
      "after": "1000",
      "priority": 0,
      "additionalGuards": null,
      "activationKind": null,
      "fixedVariables": {
        "Crash": "FALSE",
        "VehiclesAy": "{(EgoVehicle↦-1.041519611608237),(Vehicles2↦1.041519611608237),(Vehicles3↦1.041519611608237),(Vehicles4↦1.041519611608237),(Vehicles5↦-1.1177480523474514)}",
        "Reward": "0.8666658918962077",
        "VehiclesAx": "{(EgoVehicle↦0.023293495178222656),(Vehicles2↦-0.4914283752441406),(Vehicles3↦-0.3629933297634125),(Vehicles4↦-0.5919134616851807),(Vehicles5↦-0.453527569770813)}",
        "VehiclesVx": "{(EgoVehicle↦24.999971389770508),(Vehicles2↦-4.392448961734772),(Vehicles3↦-2.859380841255188),(Vehicles4↦-8.35330843925476),(Vehicles5↦-2.951553463935852)}",
        "VehiclesY": "{(EgoVehicle↦7.988499641418457),(Vehicles2↦-7.988499641418457),(Vehicles3↦0.01150053832679987),(Vehicles4↦-3.9884995222091675),(Vehicles5↦-3.9884995222091675)}",
        "VehiclesVy": "{(EgoVehicle↦0.03811422036960721),(Vehicles2↦-0.03811422036960721),(Vehicles3↦-0.03811422036960721),(Vehicles4↦-0.03811422036960721),(Vehicles5↦-0.03811422036960721)}",
        "VehiclesX": "{(EgoVehicle↦200.0),(Vehicles2↦15.584814548492432),(Vehicles3↦41.88660979270935),(Vehicles4↦55.89807629585266),(Vehicles5↦86.97458505630493)}"
      },
      "probabilisticVariables": null,
      "activating": [
        "IDLE_4"
      ],
      "activatingOnlyWhenExecuted": true,
      "updating": null,
      "withPredicate": null
    },
    {
      "id": "IDLE_4",
      "execute": "IDLE",
      "after": "1000",
      "priority": 0,
      "additionalGuards": null,
      "activationKind": null,
      "fixedVariables": {
        "Crash": "FALSE",
        "VehiclesAy": "{(EgoVehicle↦-0.03690516830829438),(Vehicles2↦0.03690516830829438),(Vehicles3↦0.03690516830829438),(Vehicles4↦0.03690516830829438),(Vehicles5↦-0.03932327243092004)}",
        "Reward": "0.8666666658870362",
        "VehiclesAx": "{(EgoVehicle↦2.86102294921875E-05),(Vehicles2↦-0.28944313526153564),(Vehicles3↦-0.28641194105148315),(Vehicles4↦0.1345372200012207),(Vehicles5↦-0.29174357652664185)}",
        "VehiclesVx": "{(EgoVehicle↦25.0),(Vehicles2↦-4.681892096996307),(Vehicles3↦-3.145792782306671),(Vehicles4↦-8.21877121925354),(Vehicles5↦-3.243297040462494)}",
        "VehiclesY": "{(EgoVehicle↦7.999636888504028),(Vehicles2↦-7.999636888504028),(Vehicles3↦0.0003629883358371444),(Vehicles4↦-3.9996371269226074),(Vehicles5↦-3.9996371269226074)}",
        "VehiclesVy": "{(EgoVehicle↦0.001209052061312832),(Vehicles2↦-0.001209052061312832),(Vehicles3↦-0.001209052061312832),(Vehicles4↦-0.001209052061312832),(Vehicles5↦-0.001209052061312832)}",
        "VehiclesX": "{(EgoVehicle↦200.0),(Vehicles2↦11.064108461141586),(Vehicles3↦38.90908360481262),(Vehicles4↦47.571662068367004),(Vehicles5↦83.89772176742554)}"
      },
      "probabilisticVariables": null,
      "activating": [
        "IDLE_5"
      ],
      "activatingOnlyWhenExecuted": true,
      "updating": null,
      "withPredicate": null
    },
    {
      "id": "IDLE_5",
      "execute": "IDLE",
      "after": "1000",
      "priority": 0,
      "additionalGuards": null,
      "activationKind": null,
      "fixedVariables": {
        "Crash": "FALSE",
        "VehiclesAy": "{(EgoVehicle↦-0.0011711951833603962),(Vehicles2↦0.0011711951833603962),(Vehicles3↦0.0011711951833603962),(Vehicles4↦0.0011711951833603962),(Vehicles5↦-0.0012469089392652677)}",
        "Reward": "0.8666666666659024",
        "VehiclesAx": "{(EgoVehicle↦0.0),(Vehicles2↦-0.16081690788269043),(Vehicles3↦-0.24786502122879028),(Vehicles4↦0.32596349716186523),(Vehicles5↦-0.20612835884094238)}",
        "VehiclesVx": "{(EgoVehicle↦25.0),(Vehicles2↦-4.842709004878998),(Vehicles3↦-3.3936578035354614),(Vehicles4↦-7.892807722091675),(Vehicles5↦-3.4494253993034363)}",
        "VehiclesY": "{(EgoVehicle↦7.999988794326782),(Vehicles2↦-7.999988794326782),(Vehicles3↦1.1358185474819038E-05),(Vehicles4↦-3.9999886751174927),(Vehicles5↦-3.9999886751174927)}",
        "VehiclesVy": "{(EgoVehicle↦3.785687795243575E-05),(Vehicles2↦-3.785687795243575E-05),(Vehicles3↦-3.785687795243575E-05),(Vehicles4↦-3.785687795243575E-05),(Vehicles5↦-3.785687795243575E-05)}",
        "VehiclesX": "{(EgoVehicle↦200.0),(Vehicles2↦6.309665739536285),(Vehicles3↦35.66150665283203),(Vehicles4↦39.476725459098816),(Vehicles5↦80.56666851043701)}"
      },
      "probabilisticVariables": null,
      "activating": [
        "IDLE_6"
      ],
      "activatingOnlyWhenExecuted": true,
      "updating": null,
      "withPredicate": null
    },
    {
      "id": "IDLE_6",
      "execute": "IDLE",
      "after": "1000",
      "priority": 0,
      "additionalGuards": null,
      "activationKind": null,
      "fixedVariables": {
        "Crash": "FALSE",
        "VehiclesAy": "{(EgoVehicle↦-3.667354597780559E-05),(Vehicles2↦3.667354597780559E-05),(Vehicles3↦3.667354597780559E-05),(Vehicles4↦3.667354597780559E-05),(Vehicles5↦-3.9040209927065916E-05)}",
        "Reward": "0.8666666666666659",
        "VehiclesAx": "{(EgoVehicle↦0.0),(Vehicles2↦-0.07884085178375244),(Vehicles3↦-4.142618179321289),(Vehicles4↦4.279909431934357),(Vehicles5↦-0.1540634036064148)}",
        "VehiclesVx": "{(EgoVehicle↦25.0),(Vehicles2↦-4.92154985666275),(Vehicles3↦-7.5362759828567505),(Vehicles4↦-3.612898290157318),(Vehicles5↦-3.603488802909851)}",
        "VehiclesY": "{(EgoVehicle↦7.999999523162842),(Vehicles2↦-7.999999523162842),(Vehicles3↦-3.999999761581421),(Vehicles4↦3.55004218022259E-07),(Vehicles5↦-3.999999761581421)}",
        "VehiclesVy": "{(EgoVehicle↦1.183331974630164E-06),(Vehicles2↦-1.183331974630164E-06),(Vehicles3↦-1.183331974630164E-06),(Vehicles4↦-1.183331974630164E-06),(Vehicles5↦-1.183331974630164E-06)}",
        "VehiclesX": "{(EgoVehicle↦200.0),(Vehicles2↦1.430427748709917),(Vehicles3↦31.72726333141327),(Vehicles4↦32.17817842960358),(Vehicles5↦77.05181241035461)}"
      },
      "probabilisticVariables": null,
      "activating": [
        "SLOWER_7"
      ],
      "activatingOnlyWhenExecuted": true,
      "updating": null,
      "withPredicate": null
    },
    {
      "id": "SLOWER_7",
      "execute": "SLOWER",
      "after": "1000",
      "priority": 0,
      "additionalGuards": null,
      "activationKind": null,
      "fixedVariables": {
        "Crash": "FALSE",
        "VehiclesAy": "{(EgoVehicle↦-1.1352640783002244E-06),(Vehicles2↦1.1352640871820086E-06),(Vehicles3↦1.1352640871820086E-06),(Vehicles4↦1.1352640871820086E-06),(Vehicles5↦-1.2313998620783195E-06)}",
        "Reward": "0.750891632373114",
        "VehiclesAx": "{(EgoVehicle↦-4.341564178466797),(Vehicles2↦4.309140481054783),(Vehicles3↦4.672726392745972),(Vehicles4↦4.143790416419506),(Vehicles5↦4.223238825798035)}",
        "VehiclesVx": "{(EgoVehicle↦20.658435821533203),(Vehicles2↦-0.6124093756079674),(Vehicles3↦-2.863549590110779),(Vehicles4↦0.530892126262188),(Vehicles5↦0.6197500228881836)}",
        "VehiclesY": "{(EgoVehicle↦8.000000238418579),(Vehicles2↦-8.000000238418579),(Vehicles3↦-4.0000001192092896),(Vehicles4↦1.661483750581283E-08),(Vehicles5↦-4.0000001192092896)}",
        "VehiclesVy": "{(EgoVehicle↦4.8067896329939686E-08),(Vehicles2↦-4.806788744815549E-08),(Vehicles3↦-4.806788744815549E-08),(Vehicles4↦-4.806788744815549E-08),(Vehicles5↦-4.806788744815549E-08)}",
        "VehiclesX": "{(EgoVehicle↦200.0),(Vehicles2↦-1.1116623878479004),(Vehicles3↦26.721501350402832),(Vehicles4↦30.87979555130005),(Vehicles5↦75.80079436302185)}"
      },
      "probabilisticVariables": null,
      "activating": [
        "IDLE_8"
      ],
      "activatingOnlyWhenExecuted": true,
      "updating": null,
      "withPredicate": null
    },
    {
      "id": "IDLE_8",
      "execute": "IDLE",
      "after": "1000",
      "priority": 0,
      "additionalGuards": null,
      "activationKind": null,
      "fixedVariables": {
        "Crash": "FALSE",
        "VehiclesAy": "{(EgoVehicle↦-4.511955253860833E-08),(Vehicles2↦4.5119543656824135E-08),(Vehicles3↦4.5119543656824135E-08),(Vehicles4↦4.5119543656824135E-08),(Vehicles5↦-5.101623123948684E-08)}",
        "Reward": "0.735645537322111",
        "VehiclesAx": "{(EgoVehicle↦-0.5717277526855469),(Vehicles2↦0.5639188596978784),(Vehicles3↦0.8522532880306244),(Vehicles4↦0.3946812078356743),(Vehicles5↦0.37725895643234253)}",
        "VehiclesVx": "{(EgoVehicle↦20.086708068847656),(Vehicles2↦-0.048490515910089016),(Vehicles3↦-2.0112963020801544),(Vehicles4↦0.9255733340978622),(Vehicles5↦0.9970089793205261)}",
        "VehiclesY": "{(EgoVehicle↦8.000000238418579),(Vehicles2↦-8.000000238418579),(Vehicles3↦-4.0000001192092896),(Vehicles4↦1.0160752239585236E-09),(Vehicles5↦-4.0000001192092896)}",
        "VehiclesVy": "{(EgoVehicle↦2.9483437913313537E-09),(Vehicles2↦-2.9483437913313537E-09),(Vehicles3↦-2.9483437913313537E-09),(Vehicles4↦-2.9483437913313537E-09),(Vehicles5↦-2.9483437913313537E-09)}",
        "VehiclesX": "{(EgoVehicle↦200.0),(Vehicles2↦-1.4132053591310978),(Vehicles3↦24.2903470993042),(Vehicles4↦31.65285289287567),(Vehicles5↦76.66076421737671)}"
      },
      "probabilisticVariables": null,
      "activating": [
        "IDLE_9"
      ],
      "activatingOnlyWhenExecuted": true,
      "updating": null,
      "withPredicate": null
    },
    {
      "id": "IDLE_9",
      "execute": "IDLE",
      "after": "1000",
      "priority": 0,
      "additionalGuards": null,
      "activationKind": null,
      "fixedVariables": {
        "Crash": "FALSE",
        "VehiclesAy": "{(EgoVehicle↦-2.765130346915612E-09),(Vehicles2↦2.765139228699809E-09),(Vehicles3↦2.765139228699809E-09),(Vehicles4↦2.765139228699809E-09),(Vehicles5↦-3.1315483539628985E-09)}",
        "Reward": "0.7336378211014029",
        "VehiclesAx": "{(EgoVehicle↦-0.07529020309448242),(Vehicles2↦0.08070266339927912),(Vehicles3↦0.2977825701236725),(Vehicles4↦-0.0640501081943512),(Vehicles5↦-0.1215941458940506)}",
        "VehiclesVx": "{(EgoVehicle↦20.011417865753174),(Vehicles2↦0.0322121474891901),(Vehicles3↦-1.713513731956482),(Vehicles4↦0.861523225903511),(Vehicles5↦0.8754148334264755)}",
        "VehiclesY": "{(EgoVehicle↦8.000000238418579),(Vehicles2↦-8.000000238418579),(Vehicles3↦-4.0000001192092896),(Vehicles4↦6.30882013297196E-11),(Vehicles5↦-4.0000001192092896)}",
        "VehiclesVy": "{(EgoVehicle↦1.8321344441574183E-10),(Vehicles2↦-1.8320456263154483E-10),(Vehicles3↦-1.8320456263154483E-10),(Vehicles4↦-1.8320456263154483E-10),(Vehicles5↦-1.8320456263154483E-10)}",
        "VehiclesX": "{(EgoVehicle↦200.0),(Vehicles2↦-1.4187566004693508),(Vehicles3↦22.41392731666565),(Vehicles4↦32.560840249061584),(Vehicles5↦77.6190459728241)}"
      },
      "probabilisticVariables": null,
      "activating": [
        "IDLE_10"
      ],
      "activatingOnlyWhenExecuted": true,
      "updating": null,
      "withPredicate": null
    },
    {
      "id": "IDLE_10",
      "execute": "IDLE",
      "after": "1000",
      "priority": 0,
      "additionalGuards": null,
      "activationKind": null,
      "fixedVariables": {
        "Crash": "FALSE",
        "VehiclesAy": "{(EgoVehicle↦-1.7180923350679222E-10),(Vehicles2↦1.7180923350679222E-10),(Vehicles3↦1.7180923350679222E-10),(Vehicles4↦1.7180923350679222E-10),(Vehicles5↦-1.9459989175629744E-10)}",
        "Reward": "0.7333734304879762",
        "VehiclesAx": "{(EgoVehicle↦-0.009913444519042969),(Vehicles2↦0.022475076839327812),(Vehicles3↦0.18409192562103271),(Vehicles4↦-0.08822180330753326),(Vehicles5↦-0.16146868467330933)}",
        "VehiclesVx": "{(EgoVehicle↦20.00150442123413),(Vehicles2↦0.054687224328517914),(Vehicles3↦-1.5294218063354492),(Vehicles4↦0.7733014225959778),(Vehicles5↦0.7139461487531662)}",
        "VehiclesY": "{(EgoVehicle↦8.000000238418579),(Vehicles2↦-8.000000238418579),(Vehicles3↦-4.0000001192092896),(Vehicles4↦3.924860436654853E-12),(Vehicles5↦-4.0000001192092896)}",
        "VehiclesVy": "{(EgoVehicle↦1.1404210908949608E-11),(Vehicles2↦-1.1395329124752607E-11),(Vehicles3↦-1.1395329124752607E-11),(Vehicles4↦-1.1395329124752607E-11),(Vehicles5↦-1.1395329124752607E-11)}",
        "VehiclesX": "{(EgoVehicle↦200.0),(Vehicles2↦-1.3764623552560806),(Vehicles3↦20.77893167734146),(Vehicles4↦33.38547646999359),(Vehicles5↦78.42903137207031)}"
      },
      "probabilisticVariables": null,
      "activating": [
        "IDLE_11"
      ],
      "activatingOnlyWhenExecuted": true,
      "updating": null,
      "withPredicate": null
    },
    {
      "id": "IDLE_11",
      "execute": "IDLE",
      "after": "1000",
      "priority": 0,
      "additionalGuards": null,
      "activationKind": null,
      "fixedVariables": {
        "Crash": "FALSE",
        "VehiclesAy": "{(EgoVehicle↦-1.0693668173189508E-11),(Vehicles2↦1.0684786388992507E-11),(Vehicles3↦1.0684786388992507E-11),(Vehicles4↦1.0684786388992507E-11),(Vehicles5↦-1.2105871860512707E-11)}",
        "Reward": "0.7333386136170722",
        "VehiclesAx": "{(EgoVehicle↦-0.0013065338134765625),(Vehicles2↦0.017737261950969696),(Vehicles3↦0.13889357447624207),(Vehicles4↦-0.0627695769071579),(Vehicles5↦-0.14143642038106918)}",
        "VehiclesVx": "{(EgoVehicle↦20.000197887420654),(Vehicles2↦0.07242448627948761),(Vehicles3↦-1.3905282318592072),(Vehicles4↦0.7105318456888199),(Vehicles5↦0.572509728372097)}",
        "VehiclesY": "{(EgoVehicle↦8.000000238418579),(Vehicles2↦-8.000000238418579),(Vehicles3↦-4.0000001192092896),(Vehicles4↦2.424727085781342E-13),(Vehicles5↦-4.0000001192092896)}",
        "VehiclesVy": "{(EgoVehicle↦7.105427357601002E-13),(Vehicles2↦-7.105427357601002E-13),(Vehicles3↦-7.105427357601002E-13),(Vehicles4↦-7.105427357601002E-13),(Vehicles5↦-7.105427357601002E-13)}",
        "VehiclesX": "{(EgoVehicle↦200.0),(Vehicles2↦-1.3147051446139812),(Vehicles3↦19.30776834487915),(Vehicles4↦34.131547808647156),(Vehicles5↦79.08442616462708)}"
      },
      "probabilisticVariables": null,
      "activating": [
        "IDLE_12"
      ],
      "activatingOnlyWhenExecuted": true,
      "updating": null,
      "withPredicate": null
    },
    {
      "id": "IDLE_12",
      "execute": "IDLE",
      "after": "1000",
      "priority": 0,
      "additionalGuards": null,
      "activationKind": null,
      "fixedVariables": {
        "Crash": "FALSE",
        "VehiclesAy": "{(EgoVehicle↦-6.750155989720952E-13),(Vehicles2↦6.661338147750939E-13),(Vehicles3↦6.661338147750939E-13),(Vehicles4↦6.661338147750939E-13),(Vehicles5↦-7.549516567451064E-13)}",
        "Reward": "0.73333402867934",
        "VehiclesAx": "{(EgoVehicle↦-0.000171661376953125),(Vehicles2↦0.018696952611207962),(Vehicles3↦0.11077150702476501),(Vehicles4↦-0.040071308612823486),(Vehicles5↦-0.4360640048980713)}",
        "VehiclesVx": "{(EgoVehicle↦20.0000262260437),(Vehicles2↦0.09112143889069557),(Vehicles3↦-1.2797567248344421),(Vehicles4↦0.6704605370759964),(Vehicles5↦0.13644572347402573)}",
        "VehiclesY": "{(EgoVehicle↦8.000000238418579),(Vehicles2↦-8.000000238418579),(Vehicles3↦-4.0000001192092896),(Vehicles4↦1.3322676295501878E-14),(Vehicles5↦-8.000000238418579)}",
        "VehiclesVy": "{(EgoVehicle↦3.552713678800501E-14),(Vehicles2↦-4.440892098500626E-14),(Vehicles3↦-4.440892098500626E-14),(Vehicles4↦-4.440892098500626E-14),(Vehicles5↦-4.440892098500626E-14)}",
        "VehiclesX": "{(EgoVehicle↦200.0),(Vehicles2↦-1.2348960153758526),(Vehicles3↦17.963416874408722),(Vehicles4↦34.82457101345062),(Vehicles5↦79.33635115623474)}"
      },
      "probabilisticVariables": null,
      "activating": [
        "IDLE_13"
      ],
      "activatingOnlyWhenExecuted": true,
      "updating": null,
      "withPredicate": null
    },
    {
      "id": "IDLE_13",
      "execute": "IDLE",
      "after": "1000",
      "priority": 0,
      "additionalGuards": null,
      "activationKind": null,
      "fixedVariables": {
        "Crash": "FALSE",
        "VehiclesAy": "{(EgoVehicle↦-3.552713678800501E-14),(Vehicles2↦4.440892098500626E-14),(Vehicles3↦4.440892098500626E-14),(Vehicles4↦4.440892098500626E-14),(Vehicles5↦-4.440892098500626E-14)}",
        "Reward": "0.7333334249015317",
        "VehiclesAx": "{(EgoVehicle↦-2.384185791015625E-05),(Vehicles2↦0.019669309258461),(Vehicles3↦0.09064242243766785),(Vehicles4↦-0.025636032223701477),(Vehicles5↦0.11211559176445007)}",
        "VehiclesVx": "{(EgoVehicle↦20.00000238418579),(Vehicles2↦0.11079074814915657),(Vehicles3↦-1.1891143023967743),(Vehicles4↦0.6448245048522949),(Vehicles5↦0.2485613152384758)}",
        "VehiclesY": "{(EgoVehicle↦8.000000238418579),(Vehicles2↦-8.000000238418579),(Vehicles3↦-4.0000001192092896),(Vehicles4↦0.0),(Vehicles5↦-8.000000238418579)}",
        "VehiclesVy": "{(EgoVehicle↦0.0),(Vehicles2↦0.0),(Vehicles3↦0.0),(Vehicles4↦0.0),(Vehicles5↦0.0)}",
        "VehiclesX": "{(EgoVehicle↦200.0),(Vehicles2↦-1.135967019945383),(Vehicles3↦16.721296310424805),(Vehicles4↦35.48392355442047),(Vehicles5↦79.51903343200684)}"
      },
      "probabilisticVariables": null,
      "activating": [
        "IDLE_14"
      ],
      "activatingOnlyWhenExecuted": true,
      "updating": null,
      "withPredicate": null
    },
    {
      "id": "IDLE_14",
      "execute": "IDLE",
      "after": "1000",
      "priority": 0,
      "additionalGuards": null,
      "activationKind": null,
      "fixedVariables": {
        "Crash": "FALSE",
        "VehiclesAy": "{(EgoVehicle↦0.0),(Vehicles2↦0.0),(Vehicles3↦0.0),(Vehicles4↦0.0),(Vehicles5↦0.0)}",
        "Reward": "0.7333333453916969",
        "VehiclesAx": "{(EgoVehicle↦-2.384185791015625E-06),(Vehicles2↦0.02023317851126194),(Vehicles3↦0.075560063123703),(Vehicles4↦-0.017787069082260132),(Vehicles5↦0.09645581245422363)}",
        "VehiclesVx": "{(EgoVehicle↦20.0),(Vehicles2↦0.1310239266604185),(Vehicles3↦-1.1135542392730713),(Vehicles4↦0.6270374357700348),(Vehicles5↦0.34501712769269943)}",
        "VehiclesY": "{(EgoVehicle↦8.000000238418579),(Vehicles2↦-8.000000238418579),(Vehicles3↦-4.0000001192092896),(Vehicles4↦0.0),(Vehicles5↦-8.000000238418579)}",
        "VehiclesVy": "{(EgoVehicle↦0.0),(Vehicles2↦0.0),(Vehicles3↦0.0),(Vehicles4↦0.0),(Vehicles5↦0.0)}",
        "VehiclesX": "{(EgoVehicle↦200.0),(Vehicles2↦-1.0171146132051945),(Vehicles3↦15.56345671415329),(Vehicles4↦36.12120449542999),(Vehicles5↦79.80729937553406)}"
      },
      "probabilisticVariables": null,
      "activating": [
        "IDLE_15"
      ],
      "activatingOnlyWhenExecuted": true,
      "updating": null,
      "withPredicate": null
    },
    {
      "id": "IDLE_15",
      "execute": "IDLE",
      "after": "1000",
      "priority": 0,
      "additionalGuards": null,
      "activationKind": null,
      "fixedVariables": {
        "Crash": "FALSE",
        "VehiclesAy": "{(EgoVehicle↦0.0),(Vehicles2↦0.0),(Vehicles3↦0.0),(Vehicles4↦0.0),(Vehicles5↦0.0)}",
        "Reward": "0.733333334921266",
        "VehiclesAx": "{(EgoVehicle↦0.0),(Vehicles2↦0.020508412271738052),(Vehicles3↦0.06393246352672577),(Vehicles4↦-0.014065392315387726),(Vehicles5↦0.0837307795882225)}",
        "VehiclesVx": "{(EgoVehicle↦20.0),(Vehicles2↦0.15153233893215656),(Vehicles3↦-1.0496217757463455),(Vehicles4↦0.6129720434546471),(Vehicles5↦0.42874790728092194)}",
        "VehiclesY": "{(EgoVehicle↦8.000000238418579),(Vehicles2↦-8.000000238418579),(Vehicles3↦-4.0000001192092896),(Vehicles4↦0.0),(Vehicles5↦-8.000000238418579)}",
        "VehiclesVy": "{(EgoVehicle↦0.0),(Vehicles2↦0.0),(Vehicles3↦0.0),(Vehicles4↦0.0),(Vehicles5↦0.0)}",
        "VehiclesX": "{(EgoVehicle↦200.0),(Vehicles2↦-0.87790098041296),(Vehicles3↦14.476296305656433),(Vehicles4↦36.742427945137024),(Vehicles5↦80.18673062324524)}"
      },
      "probabilisticVariables": null,
      "activating": [
        "IDLE_16"
      ],
      "activatingOnlyWhenExecuted": true,
      "updating": null,
      "withPredicate": null
    },
    {
      "id": "IDLE_16",
      "execute": "IDLE",
      "after": "1000",
      "priority": 0,
      "additionalGuards": null,
      "activationKind": null,
      "fixedVariables": {
        "Crash": "FALSE",
        "VehiclesAy": "{(EgoVehicle↦0.0),(Vehicles2↦0.0),(Vehicles3↦0.0),(Vehicles4↦0.0),(Vehicles5↦0.0)}",
        "Reward": "0.7333333335424438",
        "VehiclesAx": "{(EgoVehicle↦0.0),(Vehicles2↦0.0206043291836977),(Vehicles3↦0.054753273725509644),(Vehicles4↦-0.012519285082817078),(Vehicles5↦0.07329240441322327)}",
        "VehiclesVx": "{(EgoVehicle↦20.0),(Vehicles2↦0.17213666811585426),(Vehicles3↦-0.9948685020208359),(Vehicles4↦0.60045275837183),(Vehicles5↦0.5020403116941452)}",
        "VehiclesY": "{(EgoVehicle↦8.000000238418579),(Vehicles2↦-8.000000238418579),(Vehicles3↦-4.0000001192092896),(Vehicles4↦0.0),(Vehicles5↦-8.000000238418579)}",
        "VehiclesVy": "{(EgoVehicle↦0.0),(Vehicles2↦0.0),(Vehicles3↦0.0),(Vehicles4↦0.0),(Vehicles5↦0.0)}",
        "VehiclesX": "{(EgoVehicle↦200.0),(Vehicles2↦-0.7181292865425348),(Vehicles3↦13.449230790138245),(Vehicles4↦37.35032081604004),(Vehicles5↦80.64554929733276)}"
      },
      "probabilisticVariables": null,
      "activating": [
        "IDLE_17"
      ],
      "activatingOnlyWhenExecuted": true,
      "updating": null,
      "withPredicate": null
    },
    {
      "id": "IDLE_17",
      "execute": "IDLE",
      "after": "1000",
      "priority": 0,
      "additionalGuards": null,
      "activationKind": null,
      "fixedVariables": {
        "Crash": "FALSE",
        "VehiclesAy": "{(EgoVehicle↦0.0),(Vehicles2↦0.0),(Vehicles3↦0.0),(Vehicles4↦0.0),(Vehicles5↦0.0)}",
        "Reward": "0.7333333333608705",
        "VehiclesAx": "{(EgoVehicle↦0.0),(Vehicles2↦0.020585395395755768),(Vehicles3↦0.04736654460430145),(Vehicles4↦-0.01189250499010086),(Vehicles5↦-0.42425571475178003)}",
        "VehiclesVx": "{(EgoVehicle↦20.0),(Vehicles2↦0.19272206351161003),(Vehicles3↦-0.9475019574165344),(Vehicles4↦0.5885602533817291),(Vehicles5↦0.07778459694236517)}",
        "VehiclesY": "{(EgoVehicle↦8.000000238418579),(Vehicles2↦-8.000000238418579),(Vehicles3↦-4.0000001192092896),(Vehicles4↦0.0),(Vehicles5↦-4.0000001192092896)}",
        "VehiclesVy": "{(EgoVehicle↦0.0),(Vehicles2↦0.0),(Vehicles3↦0.0),(Vehicles4↦0.0),(Vehicles5↦0.0)}",
        "VehiclesX": "{(EgoVehicle↦200.0),(Vehicles2↦-0.5377533845603466),(Vehicles3↦12.47384026646614),(Vehicles4↦37.945982813835144),(Vehicles5↦80.86711764335632)}"
      },
      "probabilisticVariables": null,
      "activating": [
        "IDLE_18"
      ],
      "activatingOnlyWhenExecuted": true,
      "updating": null,
      "withPredicate": null
    },
    {
      "id": "IDLE_18",
      "execute": "IDLE",
      "after": "1000",
      "priority": 0,
      "additionalGuards": null,
      "activationKind": null,
      "fixedVariables": {
        "Crash": "FALSE",
        "VehiclesAy": "{(EgoVehicle↦0.0),(Vehicles2↦0.0),(Vehicles3↦0.0),(Vehicles4↦0.0),(Vehicles5↦0.0)}",
        "Reward": "0.7333333333369597",
        "VehiclesAx": "{(EgoVehicle↦0.0),(Vehicles2↦0.020487438887357712),(Vehicles3↦0.041337087750434875),(Vehicles4↦-0.011496394872665405),(Vehicles5↦-0.050212135538458824)}",
        "VehiclesVx": "{(EgoVehicle↦20.0),(Vehicles2↦0.21320950239896774),(Vehicles3↦-0.9061648696660995),(Vehicles4↦0.5770638585090637),(Vehicles5↦0.027572461403906345)}",
        "VehiclesY": "{(EgoVehicle↦8.000000238418579),(Vehicles2↦-8.000000238418579),(Vehicles3↦-4.0000001192092896),(Vehicles4↦0.0),(Vehicles5↦-4.0000001192092896)}",
        "VehiclesVy": "{(EgoVehicle↦0.0),(Vehicles2↦0.0),(Vehicles3↦0.0),(Vehicles4↦0.0),(Vehicles5↦0.0)}",
        "VehiclesX": "{(EgoVehicle↦200.0),(Vehicles2↦-0.3368259407579899),(Vehicles3↦11.543308943510056),(Vehicles4↦38.52991163730621),(Vehicles5↦80.9243381023407)}"
      },
      "probabilisticVariables": null,
      "activating": [
        "IDLE_19"
      ],
      "activatingOnlyWhenExecuted": true,
      "updating": null,
      "withPredicate": null
    },
    {
      "id": "IDLE_19",
      "execute": "IDLE",
      "after": "1000",
      "priority": 0,
      "additionalGuards": null,
      "activationKind": null,
      "fixedVariables": {
        "Crash": "FALSE",
        "VehiclesAy": "{(EgoVehicle↦0.0),(Vehicles2↦0.0),(Vehicles3↦0.0),(Vehicles4↦0.0),(Vehicles5↦0.0)}",
        "Reward": "0.7333333333338109",
        "VehiclesAx": "{(EgoVehicle↦0.0),(Vehicles2↦0.020330902189016342),(Vehicles3↦0.036367252469062805),(Vehicles4↦-0.011019706726074219),(Vehicles5↦-0.044503576355054975)}",
        "VehiclesVx": "{(EgoVehicle↦20.0),(Vehicles2↦0.23354040458798409),(Vehicles3↦-0.8697976171970367),(Vehicles4↦0.5660441517829895),(Vehicles5↦-0.01693111495114863)}",
        "VehiclesY": "{(EgoVehicle↦8.000000238418579),(Vehicles2↦-8.000000238418579),(Vehicles3↦-4.0000001192092896),(Vehicles4↦0.0),(Vehicles5↦-4.0000001192092896)}",
        "VehiclesVy": "{(EgoVehicle↦0.0),(Vehicles2↦0.0),(Vehicles3↦0.0),(Vehicles4↦0.0),(Vehicles5↦0.0)}",
        "VehiclesX": "{(EgoVehicle↦200.0),(Vehicles2↦-0.1154695637524128),(Vehicles3↦10.652051866054535),(Vehicles4↦39.102521538734436),(Vehicles5↦80.93367218971252)}"
      },
      "probabilisticVariables": null,
      "activating": [
        "IDLE_20"
      ],
      "activatingOnlyWhenExecuted": true,
      "updating": null,
      "withPredicate": null
    },
    {
      "id": "IDLE_20",
      "execute": "IDLE",
      "after": "1000",
      "priority": 0,
      "additionalGuards": null,
      "activationKind": null,
      "fixedVariables": {
        "Crash": "FALSE",
        "VehiclesAy": "{(EgoVehicle↦0.0),(Vehicles2↦0.0),(Vehicles3↦0.0),(Vehicles4↦0.0),(Vehicles5↦0.0)}",
        "Reward": "0.7333333333333963",
        "VehiclesAx": "{(EgoVehicle↦0.0),(Vehicles2↦0.020128171890974045),(Vehicles3↦0.03224514424800873),(Vehicles4↦-0.010366998612880707),(Vehicles5↦-0.039271427085623145)}",
        "VehiclesVx": "{(EgoVehicle↦20.0),(Vehicles2↦0.25366857647895813),(Vehicles3↦-0.837552472949028),(Vehicles4↦0.5556771531701088),(Vehicles5↦-0.056202542036771774)}",
        "VehiclesY": "{(EgoVehicle↦8.000000238418579),(Vehicles2↦-8.000000238418579),(Vehicles3↦-4.0000001192092896),(Vehicles4↦0.0),(Vehicles5↦-4.0000001192092896)}",
        "VehiclesVy": "{(EgoVehicle↦0.0),(Vehicles2↦0.0),(Vehicles3↦0.0),(Vehicles4↦0.0),(Vehicles5↦0.0)}",
        "VehiclesX": "{(EgoVehicle↦200.0),(Vehicles2↦0.12613993603736162),(Vehicles3↦9.795452654361725),(Vehicles4↦39.664360880851746),(Vehicles5↦80.90063333511353)}"
      },
      "probabilisticVariables": null,
      "activating": [
        "SLOWER_21"
      ],
      "activatingOnlyWhenExecuted": true,
      "updating": null,
      "withPredicate": null
    },
    {
      "id": "SLOWER_21",
      "execute": "SLOWER",
      "after": "1000",
      "priority": 0,
      "additionalGuards": null,
      "activationKind": null,
      "fixedVariables": {
        "Crash": "FALSE",
        "VehiclesAy": "{(EgoVehicle↦0.0),(Vehicles2↦0.0),(Vehicles3↦0.0),(Vehicles4↦0.0),(Vehicles5↦0.0)}",
        "Reward": "0.7333333333333415",
        "VehiclesAx": "{(EgoVehicle↦0.0),(Vehicles2↦0.01988789066672325),(Vehicles3↦0.02881363034248352),(Vehicles4↦-0.009549260139465332),(Vehicles5↦-0.03440789878368378)}",
        "VehiclesVx": "{(EgoVehicle↦20.0),(Vehicles2↦0.2735564671456814),(Vehicles3↦-0.8087388426065445),(Vehicles4↦0.5461278930306435),(Vehicles5↦-0.09061044082045555)}",
        "VehiclesY": "{(EgoVehicle↦8.000000238418579),(Vehicles2↦-8.000000238418579),(Vehicles3↦-4.0000001192092896),(Vehicles4↦0.0),(Vehicles5↦-4.0000001192092896)}",
        "VehiclesVy": "{(EgoVehicle↦0.0),(Vehicles2↦0.0),(Vehicles3↦0.0),(Vehicles4↦0.0),(Vehicles5↦0.0)}",
        "VehiclesX": "{(EgoVehicle↦200.0),(Vehicles2↦0.38778423331677914),(Vehicles3↦8.969675749540329),(Vehicles4↦40.216147899627686),(Vehicles5↦80.83028793334961)}"
      },
      "probabilisticVariables": null,
      "activating": [
        "IDLE_22"
      ],
      "activatingOnlyWhenExecuted": true,
      "updating": null,
      "withPredicate": null
    },
    {
      "id": "IDLE_22",
      "execute": "IDLE",
      "after": "1000",
      "priority": 0,
      "additionalGuards": null,
      "activationKind": null,
      "fixedVariables": {
        "Crash": "FALSE",
        "VehiclesAy": "{(EgoVehicle↦0.0),(Vehicles2↦0.0),(Vehicles3↦0.0),(Vehicles4↦0.0),(Vehicles5↦0.0)}",
        "Reward": "0.7333333333333344",
        "VehiclesAx": "{(EgoVehicle↦0.0),(Vehicles2↦0.019616521894931793),(Vehicles3↦0.02595074474811554),(Vehicles4↦-0.008618123829364777),(Vehicles5↦-0.029860306531190872)}",
        "VehiclesVx": "{(EgoVehicle↦20.0),(Vehicles2↦0.2931729890406132),(Vehicles3↦-0.782788097858429),(Vehicles4↦0.5375097692012787),(Vehicles5↦-0.12047074735164642)}",
        "VehiclesY": "{(EgoVehicle↦8.000000238418579),(Vehicles2↦-8.000000238418579),(Vehicles3↦-4.0000001192092896),(Vehicles4↦0.0),(Vehicles5↦-4.0000001192092896)}",
        "VehiclesVy": "{(EgoVehicle↦0.0),(Vehicles2↦0.0),(Vehicles3↦0.0),(Vehicles4↦0.0),(Vehicles5↦0.0)}",
        "VehiclesX": "{(EgoVehicle↦200.0),(Vehicles2↦0.6692101247608662),(Vehicles3↦8.171526342630386),(Vehicles4↦40.75874984264374),(Vehicles5↦80.72738647460938)}"
      },
      "probabilisticVariables": null,
      "activating": [
        "IDLE_23"
      ],
      "activatingOnlyWhenExecuted": true,
      "updating": null,
      "withPredicate": null
    },
    {
      "id": "IDLE_23",
      "execute": "IDLE",
      "after": "1000",
      "priority": 0,
      "additionalGuards": null,
      "activationKind": null,
      "fixedVariables": {
        "Crash": "FALSE",
        "VehiclesAy": "{(EgoVehicle↦0.0),(Vehicles2↦0.0),(Vehicles3↦0.0),(Vehicles4↦0.0),(Vehicles5↦0.0)}",
        "Reward": "0.7333333333333334",
        "VehiclesAx": "{(EgoVehicle↦0.0),(Vehicles2↦0.01931961625814438),(Vehicles3↦0.023559927940368652),(Vehicles4↦-0.007632561028003693),(Vehicles5↦-0.025606518611311913)}",
        "VehiclesVx": "{(EgoVehicle↦20.0),(Vehicles2↦0.31249260529875755),(Vehicles3↦-0.7592281699180603),(Vehicles4↦0.529877208173275),(Vehicles5↦-0.14607726596295834)}",
        "VehiclesY": "{(EgoVehicle↦8.000000238418579),(Vehicles2↦-8.000000238418579),(Vehicles3↦-4.0000001192092896),(Vehicles4↦0.0),(Vehicles5↦-4.0000001192092896)}",
        "VehiclesVy": "{(EgoVehicle↦0.0),(Vehicles2↦0.0),(Vehicles3↦0.0),(Vehicles4↦0.0),(Vehicles5↦0.0)}",
        "VehiclesX": "{(EgoVehicle↦200.0),(Vehicles2↦0.9701356291770935),(Vehicles3↦7.3983363807201385),(Vehicles4↦41.293126344680786),(Vehicles5↦80.5963397026062)}"
      },
      "probabilisticVariables": null,
      "activating": [
        "IDLE_24"
      ],
      "activatingOnlyWhenExecuted": true,
      "updating": null,
      "withPredicate": null
    },
    {
      "id": "IDLE_24",
      "execute": "IDLE",
      "after": "1000",
      "priority": 0,
      "additionalGuards": null,
      "activationKind": null,
      "fixedVariables": {
        "Crash": "FALSE",
        "VehiclesAy": "{(EgoVehicle↦0.0),(Vehicles2↦0.0),(Vehicles3↦0.0),(Vehicles4↦0.0),(Vehicles5↦0.0)}",
        "Reward": "0.7333333333333334",
        "VehiclesAx": "{(EgoVehicle↦0.0),(Vehicles2↦0.019002016633749008),(Vehicles3↦0.021562203764915466),(Vehicles4↦-0.006643235683441162),(Vehicles5↦-0.021639233455061913)}",
        "VehiclesVx": "{(EgoVehicle↦20.0),(Vehicles2↦0.33149462193250656),(Vehicles3↦-0.7376659661531448),(Vehicles4↦0.5232339724898338),(Vehicles5↦-0.16771649941802025)}",
        "VehiclesY": "{(EgoVehicle↦8.000000238418579),(Vehicles2↦-8.000000238418579),(Vehicles3↦-4.0000001192092896),(Vehicles4↦0.0),(Vehicles5↦-4.0000001192092896)}",
        "VehiclesVy": "{(EgoVehicle↦0.0),(Vehicles2↦0.0),(Vehicles3↦0.0),(Vehicles4↦0.0),(Vehicles5↦0.0)}",
        "VehiclesX": "{(EgoVehicle↦200.0),(Vehicles2↦1.290255133062601),(Vehicles3↦6.647878885269165),(Vehicles4↦41.82026982307434),(Vehicles5↦80.44130206108093)}"
      },
      "probabilisticVariables": null,
      "activating": [
        "IDLE_25"
      ],
      "activatingOnlyWhenExecuted": true,
      "updating": null,
      "withPredicate": null
    },
    {
      "id": "IDLE_25",
      "execute": "IDLE",
      "after": "1000",
      "priority": 0,
      "additionalGuards": null,
      "activationKind": null,
      "fixedVariables": {
        "Crash": "FALSE",
        "VehiclesAy": "{(EgoVehicle↦0.0),(Vehicles2↦0.0),(Vehicles3↦0.0),(Vehicles4↦0.0),(Vehicles5↦0.0)}",
        "Reward": "0.7333333333333334",
        "VehiclesAx": "{(EgoVehicle↦0.0),(Vehicles2↦0.018668025732040405),(Vehicles3↦0.019892454147338867),(Vehicles4↦-0.005687884986400604),(Vehicles5↦-0.01795666292309761)}",
        "VehiclesVx": "{(EgoVehicle↦20.0),(Vehicles2↦0.35016264766454697),(Vehicles3↦-0.717773512005806),(Vehicles4↦0.5175460875034332),(Vehicles5↦-0.18567316234111786)}",
        "VehiclesY": "{(EgoVehicle↦8.000000238418579),(Vehicles2↦-8.000000238418579),(Vehicles3↦-4.0000001192092896),(Vehicles4↦0.0),(Vehicles5↦-4.0000001192092896)}",
        "VehiclesVy": "{(EgoVehicle↦0.0),(Vehicles2↦0.0),(Vehicles3↦0.0),(Vehicles4↦0.0),(Vehicles5↦0.0)}",
        "VehiclesX": "{(EgoVehicle↦200.0),(Vehicles2↦1.6292441636323929),(Vehicles3↦5.9182919561862946),(Vehicles4↦42.34115183353424),(Vehicles5↦80.26611804962158)}"
      },
      "probabilisticVariables": null,
      "activating": [
        "IDLE_26"
      ],
      "activatingOnlyWhenExecuted": true,
      "updating": null,
      "withPredicate": null
    },
    {
      "id": "IDLE_26",
      "execute": "IDLE",
      "after": "1000",
      "priority": 0,
      "additionalGuards": null,
      "activationKind": null,
      "fixedVariables": {
        "Crash": "FALSE",
        "VehiclesAy": "{(EgoVehicle↦0.0),(Vehicles2↦0.0),(Vehicles3↦0.0),(Vehicles4↦0.0),(Vehicles5↦0.0)}",
        "Reward": "0.7333333333333334",
        "VehiclesAx": "{(EgoVehicle↦0.0),(Vehicles2↦0.018321648240089417),(Vehicles3↦0.018496587872505188),(Vehicles4↦-0.0047915056347846985),(Vehicles5↦-0.014557484537363052)}",
        "VehiclesVx": "{(EgoVehicle↦20.0),(Vehicles2↦0.3684842959046364),(Vehicles3↦-0.6992769241333008),(Vehicles4↦0.5127545818686485),(Vehicles5↦-0.2002306468784809)}",
        "VehiclesY": "{(EgoVehicle↦8.000000238418579),(Vehicles2↦-8.000000238418579),(Vehicles3↦-4.0000001192092896),(Vehicles4↦0.0),(Vehicles5↦-4.0000001192092896)}",
        "VehiclesVy": "{(EgoVehicle↦0.0),(Vehicles2↦0.0),(Vehicles3↦0.0),(Vehicles4↦0.0),(Vehicles5↦0.0)}",
        "VehiclesX": "{(EgoVehicle↦200.0),(Vehicles2↦1.9867636263370514),(Vehicles3↦5.20801916718483),(Vehicles4↦42.85671412944794),(Vehicles5↦80.07436394691467)}"
      },
      "probabilisticVariables": null,
      "activating": [
        "IDLE_27"
      ],
      "activatingOnlyWhenExecuted": true,
      "updating": null,
      "withPredicate": null
    },
    {
      "id": "IDLE_27",
      "execute": "IDLE",
      "after": "1000",
      "priority": 0,
      "additionalGuards": null,
      "activationKind": null,
      "fixedVariables": {
        "Crash": "FALSE",
        "VehiclesAy": "{(EgoVehicle↦0.0),(Vehicles2↦0.0),(Vehicles3↦0.0),(Vehicles4↦0.0),(Vehicles5↦0.0)}",
        "Reward": "0.7333333333333334",
        "VehiclesAx": "{(EgoVehicle↦0.0),(Vehicles2↦0.01796640455722809),(Vehicles3↦0.017329305410385132),(Vehicles4↦-0.003968514502048492),(Vehicles5↦-0.011438168585300446)}",
        "VehiclesVx": "{(EgoVehicle↦20.0),(Vehicles2↦0.38645070046186447),(Vehicles3↦-0.6819476187229156),(Vehicles4↦0.5087860673666),(Vehicles5↦-0.21166881546378136)}",
        "VehiclesY": "{(EgoVehicle↦8.000000238418579),(Vehicles2↦-8.000000238418579),(Vehicles3↦-4.0000001192092896),(Vehicles4↦0.0),(Vehicles5↦-4.0000001192092896)}",
        "VehiclesVy": "{(EgoVehicle↦0.0),(Vehicles2↦0.0),(Vehicles3↦0.0),(Vehicles4↦0.0),(Vehicles5↦0.0)}",
        "VehiclesX": "{(EgoVehicle↦200.0),(Vehicles2↦2.3624632507562637),(Vehicles3↦4.515758901834488),(Vehicles4↦43.367817997932434),(Vehicles5↦79.86931800842285)}"
      },
      "probabilisticVariables": null,
      "activating": [
        "IDLE_28"
      ],
      "activatingOnlyWhenExecuted": true,
      "updating": null,
      "withPredicate": null
    },
    {
      "id": "IDLE_28",
      "execute": "IDLE",
      "after": "1000",
      "priority": 0,
      "additionalGuards": null,
      "activationKind": null,
      "fixedVariables": {
        "Crash": "FALSE",
        "VehiclesAy": "{(EgoVehicle↦0.0),(Vehicles2↦0.0),(Vehicles3↦0.0),(Vehicles4↦0.0),(Vehicles5↦0.0)}",
        "Reward": "0.7333333333333334",
        "VehiclesAx": "{(EgoVehicle↦0.0),(Vehicles2↦0.01760527491569519),(Vehicles3↦0.016352981328964233),(Vehicles4↦-0.0032250210642814636),(Vehicles5↦-0.008592288941144943)}",
        "VehiclesVx": "{(EgoVehicle↦20.0),(Vehicles2↦0.40405597537755966),(Vehicles3↦-0.6655946373939514),(Vehicles4↦0.5055610463023186),(Vehicles5↦-0.2202611044049263)}",
        "VehiclesY": "{(EgoVehicle↦8.000000238418579),(Vehicles2↦-8.000000238418579),(Vehicles3↦-4.0000001192092896),(Vehicles4↦0.0),(Vehicles5↦-4.0000001192092896)}",
        "VehiclesVy": "{(EgoVehicle↦0.0),(Vehicles2↦0.0),(Vehicles3↦0.0),(Vehicles4↦0.0),(Vehicles5↦0.0)}",
        "VehiclesX": "{(EgoVehicle↦200.0),(Vehicles2↦2.7559850364923477),(Vehicles3↦3.840424120426178),(Vehicles4↦43.87525916099548),(Vehicles5↦79.65399622917175)}"
      },
      "probabilisticVariables": null,
      "activating": [
        "IDLE_29"
      ],
      "activatingOnlyWhenExecuted": true,
      "updating": null,
      "withPredicate": null
    },
    {
      "id": "IDLE_29",
      "execute": "IDLE",
      "after": "1000",
      "priority": 0,
      "additionalGuards": null,
      "activationKind": null,
      "fixedVariables": {
        "Crash": "FALSE",
        "VehiclesAy": "{(EgoVehicle↦0.0),(Vehicles2↦0.0),(Vehicles3↦0.0),(Vehicles4↦0.0),(Vehicles5↦0.0)}",
        "Reward": "0.7333333333333334",
        "VehiclesAx": "{(EgoVehicle↦0.0),(Vehicles2↦0.01724112778902054),(Vehicles3↦0.01553565263748169),(Vehicles4↦-0.00256173312664032),(Vehicles5↦-0.006010308861732483)}",
        "VehiclesVx": "{(EgoVehicle↦20.0),(Vehicles2↦0.4212971031665802),(Vehicles3↦-0.6500589847564697),(Vehicles4↦0.5029993131756783),(Vehicles5↦-0.22627141326665878)}",
        "VehiclesY": "{(EgoVehicle↦8.000000238418579),(Vehicles2↦-8.000000238418579),(Vehicles3↦-4.0000001192092896),(Vehicles4↦0.0),(Vehicles5↦-4.0000001192092896)}",
        "VehiclesVy": "{(EgoVehicle↦0.0),(Vehicles2↦0.0),(Vehicles3↦0.0),(Vehicles4↦0.0),(Vehicles5↦0.0)}",
        "VehiclesX": "{(EgoVehicle↦200.0),(Vehicles2↦3.166966512799263),(Vehicles3↦3.1811032444238663),(Vehicles4↦44.37974393367767),(Vehicles5↦79.43113446235657)}"
      },
      "probabilisticVariables": null,
      "activating": [
        "IDLE_30"
      ],
      "activatingOnlyWhenExecuted": true,
      "updating": null,
      "withPredicate": null
    },
    {
      "id": "IDLE_30",
      "execute": "IDLE",
      "after": "1000",
      "priority": 0,
      "additionalGuards": null,
      "activationKind": null,
      "fixedVariables": {
        "Crash": "FALSE",
        "VehiclesAy": "{(EgoVehicle↦0.0),(Vehicles2↦0.0),(Vehicles3↦0.0),(Vehicles4↦0.0),(Vehicles5↦0.0)}",
        "Reward": "0.7333333333333334",
        "VehiclesAx": "{(EgoVehicle↦0.0),(Vehicles2↦-1.0565050691366196),(Vehicles3↦1.0882323235273361),(Vehicles4↦-0.001975446939468384),(Vehicles5↦-0.003680232912302017)}",
        "VehiclesVx": "{(EgoVehicle↦20.0),(Vehicles2↦-0.6352079659700394),(Vehicles3↦0.4381733387708664),(Vehicles4↦0.5010238662362099),(Vehicles5↦-0.2299516461789608)}",
        "VehiclesY": "{(EgoVehicle↦8.000000238418579),(Vehicles2↦-4.0000001192092896),(Vehicles3↦-8.000000238418579),(Vehicles4↦0.0),(Vehicles5↦-4.0000001192092896)}",
        "VehiclesVy": "{(EgoVehicle↦0.0),(Vehicles2↦0.0),(Vehicles3↦0.0),(Vehicles4↦0.0),(Vehicles5↦0.0)}",
        "VehiclesX": "{(EgoVehicle↦200.0),(Vehicles2↦2.5370346382260323),(Vehicles3↦3.59504334628582),(Vehicles4↦44.8819100856781),(Vehicles5↦79.20321226119995)}"
      },
      "probabilisticVariables": null,
      "activating": [
        "IDLE_31"
      ],
      "activatingOnlyWhenExecuted": true,
      "updating": null,
      "withPredicate": null
    },
    {
      "id": "IDLE_31",
      "execute": "IDLE",
      "after": "1000",
      "priority": 0,
      "additionalGuards": null,
      "activationKind": null,
      "fixedVariables": {
        "Crash": "FALSE",
        "VehiclesAy": "{(EgoVehicle↦0.0),(Vehicles2↦0.0),(Vehicles3↦0.0),(Vehicles4↦0.0),(Vehicles5↦0.0)}",
        "Reward": "0.7333333333333334",
        "VehiclesAx": "{(EgoVehicle↦0.0),(Vehicles2↦0.01427672803401947),(Vehicles3↦0.016512461006641388),(Vehicles4↦-0.0014607235789299011),(Vehicles5↦-0.00158797949552536)}",
        "VehiclesVx": "{(EgoVehicle↦20.0),(Vehicles2↦-0.6209312379360199),(Vehicles3↦0.4546857997775078),(Vehicles4↦0.49956314265727997),(Vehicles5↦-0.23153962567448616)}",
        "VehiclesY": "{(EgoVehicle↦8.000000238418579),(Vehicles2↦-4.0000001192092896),(Vehicles3↦-8.000000238418579),(Vehicles4↦0.0),(Vehicles5↦-4.0000001192092896)}",
        "VehiclesVy": "{(EgoVehicle↦0.0),(Vehicles2↦0.0),(Vehicles3↦0.0),(Vehicles4↦0.0),(Vehicles5↦0.0)}",
        "VehiclesX": "{(EgoVehicle↦200.0),(Vehicles2↦1.9075794145464897),(Vehicles3↦4.039850831031799),(Vehicles4↦45.382311940193176),(Vehicles5↦78.97247076034546)}"
      },
      "probabilisticVariables": null,
      "activating": [
        "FASTER_32"
      ],
      "activatingOnlyWhenExecuted": true,
      "updating": null,
      "withPredicate": null
    },
    {
      "id": "FASTER_32",
      "execute": "FASTER",
      "after": "1000",
      "priority": 0,
      "additionalGuards": null,
      "activationKind": null,
      "fixedVariables": {
        "Crash": "FALSE",
        "VehiclesAy": "{(EgoVehicle↦0.0),(Vehicles2↦0.0),(Vehicles3↦0.0),(Vehicles4↦0.0),(Vehicles5↦0.0)}",
        "Reward": "0.8491083676268861",
        "VehiclesAx": "{(EgoVehicle↦4.341564178466797),(Vehicles2↦-4.327769428491592),(Vehicles3↦-4.325412027537823),(Vehicles4↦-4.342574700713158),(Vehicles5↦-4.341281931847334)}",
        "VehiclesVx": "{(EgoVehicle↦24.341564178466797),(Vehicles2↦-4.948700666427612),(Vehicles3↦-3.870726227760315),(Vehicles4↦-3.8430115580558777),(Vehicles5↦-4.57282155752182)}",
        "VehiclesY": "{(EgoVehicle↦8.000000238418579),(Vehicles2↦-4.0000001192092896),(Vehicles3↦-8.000000238418579),(Vehicles4↦0.0),(Vehicles5↦-4.0000001192092896)}",
        "VehiclesVy": "{(EgoVehicle↦0.0),(Vehicles2↦0.0),(Vehicles3↦0.0),(Vehicles4↦0.0),(Vehicles5↦0.0)}",
        "VehiclesX": "{(EgoVehicle↦200.0),(Vehicles2↦-1.102860365062952),(Vehicles3↦2.105964347720146),(Vehicles4↦43.486374616622925),(Vehicles5↦76.34583711624146)}"
      },
      "probabilisticVariables": null,
      "activating": [
        "IDLE_33"
      ],
      "activatingOnlyWhenExecuted": true,
      "updating": null,
      "withPredicate": null
    },
    {
      "id": "IDLE_33",
      "execute": "IDLE",
      "after": "1000",
      "priority": 0,
      "additionalGuards": null,
      "activationKind": null,
      "fixedVariables": {
        "Crash": "FALSE",
        "VehiclesAy": "{(EgoVehicle↦0.0),(Vehicles2↦0.0),(Vehicles3↦0.0),(Vehicles4↦0.0),(Vehicles5↦0.0)}",
        "Reward": "0.864354462677889",
        "VehiclesAx": "{(EgoVehicle↦0.5717277526855469),(Vehicles2↦0.5220407247543335),(Vehicles3↦-1.6363143920898438),(Vehicles4↦-0.5723473429679871),(Vehicles5↦-0.5697837471961975)}",
        "VehiclesVx": "{(EgoVehicle↦24.913291931152344),(Vehicles2↦-4.426659941673279),(Vehicles3↦-5.507040619850159),(Vehicles4↦-4.415358901023865),(Vehicles5↦-5.142605304718018)}",
        "VehiclesY": "{(EgoVehicle↦8.000000238418579),(Vehicles2↦-8.000000238418579),(Vehicles3↦-4.0000001192092896),(Vehicles4↦0.0),(Vehicles5↦-4.0000001192092896)}",
        "VehiclesVy": "{(EgoVehicle↦0.0),(Vehicles2↦0.0),(Vehicles3↦0.0),(Vehicles4↦0.0),(Vehicles5↦0.0)}",
        "VehiclesX": "{(EgoVehicle↦200.0),(Vehicles2↦-2.07381471991539),(Vehicles3↦-6.361574679613113),(Vehicles4↦39.32768702507019),(Vehicles5↦71.45827412605286)}"
      },
      "probabilisticVariables": null,
      "activating": [
        "IDLE_34"
      ],
      "activatingOnlyWhenExecuted": true,
      "updating": null,
      "withPredicate": null
    },
    {
      "id": "IDLE_34",
      "execute": "IDLE",
      "after": "1000",
      "priority": 0,
      "additionalGuards": null,
      "activationKind": null,
      "fixedVariables": {
        "Crash": "FALSE",
        "VehiclesAy": "{(EgoVehicle↦0.0),(Vehicles2↦0.0),(Vehicles3↦0.0),(Vehicles4↦0.0),(Vehicles5↦0.0)}",
        "Reward": "0.8663621788985972",
        "VehiclesAx": "{(EgoVehicle↦0.07529020309448242),(Vehicles2↦-0.0598454475402832),(Vehicles3↦1.0161155462265015),(Vehicles4↦-0.7991176843643188),(Vehicles5↦1.2424710392951965)}",
        "VehiclesVx": "{(EgoVehicle↦24.988582134246826),(Vehicles2↦-4.486505389213562),(Vehicles3↦-4.490925073623657),(Vehicles4↦-5.214476585388184),(Vehicles5↦-3.900134265422821)}",
        "VehiclesY": "{(EgoVehicle↦8.000000238418579),(Vehicles2↦-8.000000238418579),(Vehicles3↦0.0),(Vehicles4↦-4.0000001192092896),(Vehicles5↦-8.000000238418579)}",
        "VehiclesVy": "{(EgoVehicle↦0.0),(Vehicles2↦0.0),(Vehicles3↦0.0),(Vehicles4↦0.0),(Vehicles5↦0.0)}",
        "VehiclesX": "{(EgoVehicle↦200.0),(Vehicles2↦-6.535803526639938),(Vehicles3↦34.870657324790955),(Vehicles4↦66.27538800239563),(Vehicles5↦84.16045904159546)}"
      },
      "probabilisticVariables": null,
      "activating": [
        "LANE_LEFT_35"
      ],
      "activatingOnlyWhenExecuted": true,
      "updating": null,
      "withPredicate": null
    },
    {
      "id": "LANE_LEFT_35",
      "execute": "LANE_LEFT",
      "after": "1000",
      "priority": 0,
      "additionalGuards": null,
      "activationKind": null,
      "fixedVariables": {
        "Crash": "FALSE",
        "VehiclesAy": "{(EgoVehicle↦-1.0794205218553543),(Vehicles2↦1.0794205218553543),(Vehicles3↦1.0794205218553543),(Vehicles4↦1.0794205218553543),(Vehicles5↦1.0794205218553543)}",
        "Reward": "0.8326714962546505",
        "VehiclesAx": "{(EgoVehicle↦-0.013401508331298828),(Vehicles2↦0.009001493453979492),(Vehicles3↦-0.7054334878921509),(Vehicles4↦1.3434159755706787),(Vehicles5↦-0.5973154306411743)}",
        "VehiclesVx": "{(EgoVehicle↦24.975180625915527),(Vehicles2↦-4.4775038957595825),(Vehicles3↦-5.196358561515808),(Vehicles4↦-3.871060609817505),(Vehicles5↦-4.497449696063995)}",
        "VehiclesY": "{(EgoVehicle↦4.339951157569885),(Vehicles2↦3.660048723220825),(Vehicles3↦-0.33995117247104645),(Vehicles4↦-4.339951157569885),(Vehicles5↦3.660048723220825)}",
        "VehiclesVy": "{(EgoVehicle↦-1.0794205218553543),(Vehicles2↦1.0794205218553543),(Vehicles3↦1.0794205218553543),(Vehicles4↦1.0794205218553543),(Vehicles5↦1.0794205218553543)}",
        "VehiclesX": "{(EgoVehicle↦200.0),(Vehicles2↦30.694109201431274),(Vehicles3↦61.37709021568298),(Vehicles4↦80.58104515075684),(Vehicles5↦98.42469692230225)}"
      },
      "probabilisticVariables": null,
      "activating": [
        "IDLE_36"
      ],
      "activatingOnlyWhenExecuted": true,
      "updating": null,
      "withPredicate": null
    },
    {
      "id": "IDLE_36",
      "execute": "IDLE",
      "after": "1000",
      "priority": 0,
      "additionalGuards": null,
      "activationKind": null,
      "fixedVariables": {
        "Crash": "FALSE",
        "VehiclesAy": "{(EgoVehicle↦1.0413166671060026),(Vehicles2↦-1.0413166671060026),(Vehicles3↦-1.0413166671060026),(Vehicles4↦-1.0413166671060026),(Vehicles5↦1.117524376604706)}",
        "Reward": "0.8333272786943144",
        "VehiclesAx": "{(EgoVehicle↦0.024592876434326172),(Vehicles2↦-0.02431035041809082),(Vehicles3↦-0.018733739852905273),(Vehicles4↦-0.009655952453613281),(Vehicles5↦-0.017768144607543945)}",
        "VehiclesVx": "{(EgoVehicle↦24.999773502349854),(Vehicles2↦-4.501814246177673),(Vehicles3↦-5.215092301368713),(Vehicles4↦-3.880716562271118),(Vehicles5↦-4.515217840671539)}",
        "VehiclesY": "{(EgoVehicle↦4.011497497558594),(Vehicles2↦3.9885027408599854),(Vehicles3↦-0.011497337836772203),(Vehicles4↦-4.011497497558594),(Vehicles5↦3.9885027408599854)}",
        "VehiclesVy": "{(EgoVehicle↦-0.03810385474935174),(Vehicles2↦0.03810385474935174),(Vehicles3↦0.03810385474935174),(Vehicles4↦0.03810385474935174),(Vehicles5↦0.03810385474935174)}",
        "VehiclesX": "{(EgoVehicle↦200.0),(Vehicles2↦26.196366548538208),(Vehicles3↦56.16266131401062),(Vehicles4↦76.69568657875061),(Vehicles5↦93.90970468521118)}"
      },
      "probabilisticVariables": null,
      "activating": [
        "FASTER_37"
      ],
      "activatingOnlyWhenExecuted": true,
      "updating": null,
      "withPredicate": null
    },
    {
      "id": "FASTER_37",
      "execute": "FASTER",
      "after": "1000",
      "priority": 0,
      "additionalGuards": null,
      "activationKind": null,
      "fixedVariables": {
        "Crash": "FALSE",
        "VehiclesAy": "{(EgoVehicle↦0.037264037600834854),(Vehicles2↦-0.037264037600834854),(Vehicles3↦-0.037264037600834854),(Vehicles4↦-0.037264037600834854),(Vehicles5↦0.038943671897868626)}",
        "Reward": "0.9491076719603816",
        "VehiclesAx": "{(EgoVehicle↦4.341764450073242),(Vehicles2↦-4.341254830360413),(Vehicles3↦-4.334909915924072),(Vehicles4↦-4.327499866485596),(Vehicles5↦-4.3355801701545715)}",
        "VehiclesVx": "{(EgoVehicle↦29.341537952423096),(Vehicles2↦-8.843069076538086),(Vehicles3↦-9.550002217292786),(Vehicles4↦-8.208216428756714),(Vehicles5↦-8.85079801082611)}",
        "VehiclesY": "{(EgoVehicle↦4.000196814537048),(Vehicles2↦3.999803066253662),(Vehicles3↦-0.00019687610620167106),(Vehicles4↦-4.000196814537048),(Vehicles5↦3.999803066253662)}",
        "VehiclesVy": "{(EgoVehicle↦-0.0008398171485168859),(Vehicles2↦0.0008398171485168859),(Vehicles3↦0.0008398171485168859),(Vehicles4↦0.0008398171485168859),(Vehicles5↦0.0008398171485168859)}",
        "VehiclesX": "{(EgoVehicle↦200.0),(Vehicles2↦19.29955929517746),(Vehicles3↦48.555055260658264),(Vehicles4↦70.425546169281),(Vehicles5↦87.00182437896729)}"
      },
      "probabilisticVariables": null,
      "activating": [
        "FASTER_38"
      ],
      "activatingOnlyWhenExecuted": true,
      "updating": null,
      "withPredicate": null
    },
    {
      "id": "FASTER_38",
      "execute": "FASTER",
      "after": "1000",
      "priority": 0,
      "additionalGuards": null,
      "activationKind": null,
      "fixedVariables": {
        "Crash": "FALSE",
        "VehiclesAy": "{(EgoVehicle↦0.0008380507983929419),(Vehicles2↦-0.0008380507983929419),(Vehicles3↦-0.0008380507983929419),(Vehicles4↦-0.0008380507983929419),(Vehicles5↦0.0008415834986408299)}",
        "Reward": "0.9643543711096892",
        "VehiclesAx": "{(EgoVehicle↦0.571751594543457),(Vehicles2↦-0.5710381269454956),(Vehicles3↦-0.5640286207199097),(Vehicles4↦-0.558098554611206),(Vehicles5↦-0.5660980939865112)}",
        "VehiclesVx": "{(EgoVehicle↦29.913289546966553),(Vehicles2↦-9.414107203483582),(Vehicles3↦-10.114030838012695),(Vehicles4↦-8.76631498336792),(Vehicles5↦-9.416896104812622)}",
        "VehiclesY": "{(EgoVehicle↦3.999999761581421),(Vehicles2↦4.000000476837158),(Vehicles3↦3.8650614442303777E-07),(Vehicles4↦-3.999999761581421),(Vehicles5↦4.000000476837158)}",
        "VehiclesVy": "{(EgoVehicle↦-1.7663501239439938E-06),(Vehicles2↦1.7663501239439938E-06),(Vehicles3↦1.7663501239439938E-06),(Vehicles4↦1.7663501239439938E-06),(Vehicles5↦1.7663501239439938E-06)}",
        "VehiclesX": "{(EgoVehicle↦200.0),(Vehicles2↦10.141348838806152),(Vehicles3↦38.692668080329895),(Vehicles4↦61.9074285030365),(Vehicles5↦77.83791422843933)}"
      },
      "probabilisticVariables": null,
      "activating": [
        "IDLE_39"
      ],
      "activatingOnlyWhenExecuted": true,
      "updating": null,
      "withPredicate": null
    },
    {
      "id": "IDLE_39",
      "execute": "IDLE",
      "after": "1000",
      "priority": 0,
      "additionalGuards": null,
      "activationKind": null,
      "fixedVariables": {
        "Crash": "FALSE",
        "VehiclesAy": "{(EgoVehicle↦1.9701124998050545E-06),(Vehicles2↦-1.9701124998050545E-06),(Vehicles3↦-1.9701124998050545E-06),(Vehicles4↦-1.9701124998050545E-06),(Vehicles5↦1.562587748082933E-06)}",
        "Reward": "0.9663621668402337",
        "VehiclesAx": "{(EgoVehicle↦0.07529258728027344),(Vehicles2↦-0.07439851760864258),(Vehicles3↦-0.0668179988861084),(Vehicles4↦-0.06219983100891113),(Vehicles5↦-0.07007598876953125)}",
        "VehiclesVx": "{(EgoVehicle↦29.988582134246826),(Vehicles2↦-9.488505721092224),(Vehicles3↦-10.180848836898804),(Vehicles4↦-8.828514814376831),(Vehicles5↦-9.486972093582153)}",
        "VehiclesY": "{(EgoVehicle↦3.999999761581421),(Vehicles2↦4.0000001192092896),(Vehicles3↦6.060037804900276E-08),(Vehicles4↦-3.999999761581421),(Vehicles5↦4.0000001192092896)}",
        "VehiclesVy": "{(EgoVehicle↦2.0376237586106072E-07),(Vehicles2↦-2.0376237586106072E-07),(Vehicles3↦-2.0376237586106072E-07),(Vehicles4↦-2.0376237586106072E-07),(Vehicles5↦-2.0376237586106072E-07)}",
        "VehiclesX": "{(EgoVehicle↦200.0),(Vehicles2↦0.6860498804599047),(Vehicles3↦28.540435433387756),(Vehicles4↦53.10485363006592),(Vehicles5↦68.38160157203674)}"
      },
      "probabilisticVariables": null,
      "activating": [
        "LANE_LEFT_40"
      ],
      "activatingOnlyWhenExecuted": true,
      "updating": null,
      "withPredicate": null
    },
    {
      "id": "LANE_LEFT_40",
      "execute": "LANE_LEFT",
      "after": "1000",
      "priority": 0,
      "additionalGuards": null,
      "activationKind": null,
      "fixedVariables": {
        "Crash": "FALSE",
        "VehiclesAy": "{(EgoVehicle↦-1.0301729094127055),(Vehicles2↦1.0301729094127055),(Vehicles3↦1.0301729094127055),(Vehicles4↦1.0301729094127055),(Vehicles5↦1.0301725018879537)}",
        "Reward": "0.9328214025340552",
        "VehiclesAx": "{(EgoVehicle↦-0.007779598236083984),(Vehicles2↦0.008835196495056152),(Vehicles3↦0.01689910888671875),(Vehicles4↦0.020358562469482422),(Vehicles5↦0.012639760971069336)}",
        "VehiclesVx": "{(EgoVehicle↦29.980802536010742),(Vehicles2↦-9.479670524597168),(Vehicles3↦-10.163949728012085),(Vehicles4↦-8.808156251907349),(Vehicles5↦-9.474332332611084)}",
        "VehiclesY": "{(EgoVehicle↦0.29670238494873047),(Vehicles2↦7.703297853469849),(Vehicles3↦3.703297734260559),(Vehicles4↦-0.29670238494873047),(Vehicles5↦7.703297853469849)}",
        "VehiclesVy": "{(EgoVehicle↦-1.0301727056503296),(Vehicles2↦1.0301727056503296),(Vehicles3↦1.0301727056503296),(Vehicles4↦1.0301727056503296),(Vehicles5↦1.0301727056503296)}",
        "VehiclesX": "{(EgoVehicle↦200.0),(Vehicles2↦-8.530982583761215),(Vehicles3↦18.63424926996231),(Vehicles4↦44.55247521400452),(Vehicles5↦59.167665243148804)}"
      },
      "probabilisticVariables": null,
      "activating": [
        "IDLE_41"
      ],
      "activatingOnlyWhenExecuted": true,
      "updating": null,
      "withPredicate": null
    },
    {
      "id": "IDLE_41",
      "execute": "IDLE",
      "after": "1000",
      "priority": 0,
      "additionalGuards": null,
      "activationKind": null,
      "fixedVariables": {
        "Crash": "FALSE",
        "VehiclesAy": "{(EgoVehicle↦1.0143017873633653),(Vehicles2↦-1.0143017873633653),(Vehicles3↦-1.0143017873633653),(Vehicles4↦-1.0143017873633653),(Vehicles5↦1.0460436239372939)}",
        "Reward": "0.9333279408903747",
        "VehiclesAx": "{(EgoVehicle↦0.018994808197021484),(Vehicles2↦-0.6936001777648926),(Vehicles3↦1.3489067554473877),(Vehicles4↦-0.6805938482284546),(Vehicles5↦-0.6161165237426758)}",
        "VehiclesVx": "{(EgoVehicle↦29.999797344207764),(Vehicles2↦-10.17327070236206),(Vehicles3↦-8.815042972564697),(Vehicles4↦-9.488750100135803),(Vehicles5↦-10.09044885635376)}",
        "VehiclesY": "{(EgoVehicle↦0.003467166912741959),(Vehicles2↦3.996532917022705),(Vehicles3↦-0.003467166912741959),(Vehicles4↦7.996532678604126),(Vehicles5↦3.996532917022705)}",
        "VehiclesVy": "{(EgoVehicle↦-0.015870918286964297),(Vehicles2↦0.015870918286964297),(Vehicles3↦0.015870918286964297),(Vehicles4↦0.015870918286964297),(Vehicles5↦0.015870918286964297)}",
        "VehiclesX": "{(EgoVehicle↦200.0),(Vehicles2↦8.458493649959564),(Vehicles3↦35.733562707901),(Vehicles4↦49.67954754829407),(Vehicles5↦69.4404661655426)}"
      },
      "probabilisticVariables": null,
      "activating": [
        "IDLE_42"
      ],
      "activatingOnlyWhenExecuted": true,
      "updating": null,
      "withPredicate": null
    },
    {
      "id": "IDLE_42",
      "execute": "IDLE",
      "after": "1000",
      "priority": 0,
      "additionalGuards": null,
      "activationKind": null,
      "fixedVariables": {
        "Crash": "FALSE",
        "VehiclesAy": "{(EgoVehicle↦0.015911712212073326),(Vehicles2↦-0.015911712212073326),(Vehicles3↦-0.015911712212073326),(Vehicles4↦-0.015911712212073326),(Vehicles5↦0.01583012436185527)}",
        "Reward": "0.9333326379590497",
        "VehiclesAx": "{(EgoVehicle↦0.00017642974853515625),(Vehicles2↦0.009968280792236328),(Vehicles3↦0.011499524116516113),(Vehicles4↦0.004178881645202637),(Vehicles5↦0.016162395477294922)}",
        "VehiclesVx": "{(EgoVehicle↦29.9999737739563),(Vehicles2↦-10.163302421569824),(Vehicles3↦-8.803543448448181),(Vehicles4↦-9.4845712184906),(Vehicles5↦-10.074286460876465)}",
        "VehiclesY": "{(EgoVehicle↦-2.8824753826484084E-05),(Vehicles2↦4.000028729438782),(Vehicles3↦2.8824753826484084E-05),(Vehicles4↦8.000028848648071),(Vehicles5↦4.000028729438782)}",
        "VehiclesVy": "{(EgoVehicle↦4.079392510902835E-05),(Vehicles2↦-4.079392510902835E-05),(Vehicles3↦-4.079392510902835E-05),(Vehicles4↦-4.079392510902835E-05),(Vehicles5↦-4.079392510902835E-05)}",
        "VehiclesX": "{(EgoVehicle↦200.0),(Vehicles2↦-1.7108527943491936),(Vehicles3↦26.923125982284546),(Vehicles4↦40.19245803356171),(Vehicles5↦59.356486797332764)}"
      },
      "probabilisticVariables": null,
      "activating": [
        "SLOWER_43"
      ],
      "activatingOnlyWhenExecuted": true,
      "updating": null,
      "withPredicate": null
    },
    {
      "id": "SLOWER_43",
      "execute": "SLOWER",
      "after": "1000",
      "priority": 0,
      "additionalGuards": null,
      "activationKind": null,
      "fixedVariables": {
        "Crash": "FALSE",
        "VehiclesAy": "{(EgoVehicle↦-3.4863767268689116E-05),(Vehicles2↦3.4863767268689116E-05),(Vehicles3↦3.4863767268689116E-05),(Vehicles4↦3.4863767268689116E-05),(Vehicles5↦-4.6724082949367585E-05)}",
        "Reward": "0.8175582074679375",
        "VehiclesAx": "{(EgoVehicle↦-4.341540336608887),(Vehicles2↦4.352082014083862),(Vehicles3↦4.352816641330719),(Vehicles4↦4.345727562904358),(Vehicles5↦4.357473254203796)}",
        "VehiclesVx": "{(EgoVehicle↦25.658433437347412),(Vehicles2↦-5.811220407485962),(Vehicles3↦-4.450726807117462),(Vehicles4↦-5.138843655586243),(Vehicles5↦-5.7168132066726685)}",
        "VehiclesY": "{(EgoVehicle↦-1.8845639715436846E-06),(Vehicles2↦4.000001907348633),(Vehicles3↦1.8845639715436846E-06),(Vehicles4↦8.000001668930054),(Vehicles5↦4.000001907348633)}",
        "VehiclesVy": "{(EgoVehicle↦5.930157840339234E-06),(Vehicles2↦-5.930157840339234E-06),(Vehicles3↦-5.930157840339234E-06),(Vehicles4↦-5.930157840339234E-06),(Vehicles5↦-5.930157840339234E-06)}",
        "VehiclesX": "{(EgoVehicle↦200.0),(Vehicles2↦-9.474918246269226),(Vehicles3↦20.51917165517807),(Vehicles4↦33.10462236404419),(Vehicles5↦51.68365240097046)}"
      },
      "probabilisticVariables": null,
      "activating": [
        "SLOWER_44"
      ],
      "activatingOnlyWhenExecuted": true,
      "updating": null,
      "withPredicate": null
    },
    {
      "id": "SLOWER_44",
      "execute": "SLOWER",
      "after": "1000",
      "priority": 0,
      "additionalGuards": null,
      "activationKind": null,
      "fixedVariables": {
        "Crash": "FALSE",
        "VehiclesAy": "{(EgoVehicle↦-5.661941067103271E-06),(Vehicles2↦5.661941067103271E-06),(Vehicles3↦5.661941067103271E-06),(Vehicles4↦5.661941067103271E-06),(Vehicles5↦-6.198374613575197E-06)}",
        "Reward": "0.6865371576363838",
        "VehiclesAx": "{(EgoVehicle↦-4.913289546966553),(Vehicles2↦6.284689269959927),(Vehicles3↦4.229236301034689),(Vehicles4↦4.350869357585907),(Vehicles5↦6.61676324903965)}",
        "VehiclesVx": "{(EgoVehicle↦20.74514389038086),(Vehicles2↦0.4734688624739647),(Vehicles3↦-0.2214905060827732),(Vehicles4↦-0.7879742980003357),(Vehicles5↦0.8999500423669815)}",
        "VehiclesY": "{(EgoVehicle↦-9.29373484837015E-08),(Vehicles2↦9.29373484837015E-08),(Vehicles3↦8.000000238418579),(Vehicles4↦4.0000001192092896),(Vehicles5↦9.29373484837015E-08)}",
        "VehiclesVy": "{(EgoVehicle↦2.6821677323596305E-07),(Vehicles2↦-2.6821677323596305E-07),(Vehicles3↦-2.6821677323596305E-07),(Vehicles4↦-2.6821677323596305E-07),(Vehicles5↦-2.6821677323596305E-07)}",
        "VehiclesX": "{(EgoVehicle↦200.0),(Vehicles2↦18.783295154571533),(Vehicles3↦30.67786991596222),(Vehicles4↦48.68355095386505),(Vehicles5↦107.02626705169678)}"
      },
      "probabilisticVariables": null,
      "activating": [
        "LANE_RIGHT_45"
      ],
      "activatingOnlyWhenExecuted": true,
      "updating": null,
      "withPredicate": null
    },
    {
      "id": "LANE_RIGHT_45",
      "execute": "LANE_RIGHT",
      "after": "1000",
      "priority": 0,
      "additionalGuards": null,
      "activationKind": null,
      "fixedVariables": {
        "Crash": "FALSE",
        "VehiclesAy": "{(EgoVehicle↦1.159059435133294),(Vehicles2↦-1.159059435133294),(Vehicles3↦-1.159059435133294),(Vehicles4↦-1.159059435133294),(Vehicles5↦-1.1590599715668404)}",
        "Reward": "0.7017247076234917",
        "VehiclesAx": "{(EgoVehicle↦-0.6804680824279785),(Vehicles2↦0.6910312548279762),(Vehicles3↦0.6844473443925381),(Vehicles4↦0.6956561002880335),(Vehicles5↦0.6817039102315903)}",
        "VehiclesVx": "{(EgoVehicle↦20.06467580795288),(Vehicles2↦1.164500117301941),(Vehicles3↦0.46295683830976486),(Vehicles4↦-0.09231819771230221),(Vehicles5↦1.5816539525985718)}",
        "VehiclesY": "{(EgoVehicle↦3.5984333753585815),(Vehicles2↦-3.5984333753585815),(Vehicles3↦4.401566505432129),(Vehicles4↦0.4015664756298065),(Vehicles5↦-3.5984333753585815)}",
        "VehiclesVy": "{(EgoVehicle↦1.1590597033500671),(Vehicles2↦-1.1590597033500671),(Vehicles3↦-1.1590597033500671),(Vehicles4↦-1.1590597033500671),(Vehicles5↦-1.1590597033500671)}",
        "VehiclesX": "{(EgoVehicle↦200.0),(Vehicles2↦19.99320536851883),(Vehicles3↦31.190165877342224),(Vehicles4↦48.633867502212524),(Vehicles5↦108.65887403488159)}"
      },
      "probabilisticVariables": null,
      "activating": [
        "LANE_RIGHT_46"
      ],
      "activatingOnlyWhenExecuted": true,
      "updating": null,
      "withPredicate": null
    },
    {
      "id": "LANE_RIGHT_46",
      "execute": "LANE_RIGHT",
      "after": "1000",
      "priority": 0,
      "additionalGuards": null,
      "activationKind": null,
      "fixedVariables": {
        "Crash": "FALSE",
        "VehiclesAy": "{(EgoVehicle↦0.060655102133750916),(Vehicles2↦-0.060655102133750916),(Vehicles3↦-0.060655102133750916),(Vehicles4↦-0.060655102133750916),(Vehicles5↦-2.378774508833885)}",
        "Reward": "0.7333333333333334",
        "VehiclesAx": "{(EgoVehicle↦-0.08895754814147949),(Vehicles2↦0.09920477867126465),(Vehicles3↦0.09288858622312546),(Vehicles4↦0.10380641440860927),(Vehicles5↦0.09053215384483337)}",
        "VehiclesVx": "{(EgoVehicle↦19.9757182598114),(Vehicles2↦1.2637048959732056),(Vehicles3↦0.5558454245328903),(Vehicles4↦0.011488216696307063),(Vehicles5↦1.6721861064434052)}",
        "VehiclesY": "{(EgoVehicle↦7.578209638595581),(Vehicles2↦-7.578209638595581),(Vehicles3↦0.42179015278816223),(Vehicles4↦-3.57820987701416),(Vehicles5↦-7.578209638595581)}",
        "VehiclesVy": "{(EgoVehicle↦1.219714805483818),(Vehicles2↦-1.219714805483818),(Vehicles3↦-1.219714805483818),(Vehicles4↦-1.219714805483818),(Vehicles5↦-1.219714805483818)}",
        "VehiclesX": "{(EgoVehicle↦200.0),(Vehicles2↦21.649865806102753),(Vehicles3↦32.14273452758789),(Vehicles4↦49.0355521440506),(Vehicles5↦110.72916984558105)}"
      },
      "probabilisticVariables": null,
      "activating": [
        "IDLE_47"
      ],
      "activatingOnlyWhenExecuted": true,
      "updating": null,
      "withPredicate": null
    },
    {
      "id": "IDLE_47",
      "execute": "IDLE",
      "after": "1000",
      "priority": 0,
      "additionalGuards": null,
      "activationKind": null,
      "fixedVariables": {
        "Crash": "FALSE",
        "VehiclesAy": "{(EgoVehicle↦-1.1433319514617324),(Vehicles2↦1.1433319514617324),(Vehicles3↦1.1433319514617324),(Vehicles4↦1.1433319514617324),(Vehicles5↦-1.2960976595059037)}",
        "Reward": "0.7333748215006269",
        "VehiclesAx": "{(EgoVehicle↦0.025838613510131836),(Vehicles2↦-0.01588486135005951),(Vehicles3↦-0.021927356719970703),(Vehicles4↦-0.011311512826068792),(Vehicles5↦-0.023951679468154907)}",
        "VehiclesVx": "{(EgoVehicle↦20.001556873321533),(Vehicles2↦1.247820034623146),(Vehicles3↦0.5339180678129196),(Vehicles4↦0.0001767038702382706),(Vehicles5↦1.6482344269752502)}",
        "VehiclesY": "{(EgoVehicle↦7.973700284957886),(Vehicles2↦-7.973700284957886),(Vehicles3↦0.02629988919943571),(Vehicles4↦-3.973700165748596),(Vehicles5↦-7.973700284957886)}",
        "VehiclesVy": "{(EgoVehicle↦0.07638285402208567),(Vehicles2↦-0.07638285402208567),(Vehicles3↦-0.07638285402208567),(Vehicles4↦-0.07638285402208567),(Vehicles5↦-0.07638285402208567)}",
        "VehiclesX": "{(EgoVehicle↦200.0),(Vehicles2↦22.89254665374756),(Vehicles3↦32.6751172542572),(Vehicles4↦49.02784824371338),(Vehicles5↦112.37705945968628)}"
      },
      "probabilisticVariables": null,
      "activating": [
        "IDLE_48"
      ],
      "activatingOnlyWhenExecuted": true,
      "updating": null,
      "withPredicate": null
    },
    {
      "id": "IDLE_48",
      "execute": "IDLE",
      "after": "1000",
      "priority": 0,
      "additionalGuards": null,
      "activationKind": null,
      "fixedVariables": {
        "Crash": "FALSE",
        "VehiclesAy": "{(EgoVehicle↦-0.07163021859014407),(Vehicles2↦0.07163021859014407),(Vehicles3↦0.07163021859014407),(Vehicles4↦0.07163021859014407),(Vehicles5↦-0.08113548945402727)}",
        "Reward": "0.7333392939012587",
        "VehiclesAx": "{(EgoVehicle↦-0.0013327598571777344),(Vehicles2↦0.011009499430656433),(Vehicles3↦0.00524476170539856),(Vehicles4↦0.015550332063867245),(Vehicles5↦0.003503262996673584)}",
        "VehiclesVx": "{(EgoVehicle↦20.000224113464355),(Vehicles2↦1.2588295340538025),(Vehicles3↦0.5391628295183182),(Vehicles4↦0.015727035934105515),(Vehicles5↦1.6517376899719238)}",
        "VehiclesY": "{(EgoVehicle↦7.998363733291626),(Vehicles2↦-7.998363733291626),(Vehicles3↦0.001636336965020746),(Vehicles4↦-3.9983636140823364),(Vehicles5↦-7.998363733291626)}",
        "VehiclesVy": "{(EgoVehicle↦0.004752635431941599),(Vehicles2↦-0.004752635431941599),(Vehicles3↦-0.004752635431941599),(Vehicles4↦-0.004752635431941599),(Vehicles5↦-0.004752635431941599)}",
        "VehiclesX": "{(EgoVehicle↦200.0),(Vehicles2↦24.14495199918747),(Vehicles3↦33.21129381656647),(Vehicles4↦49.03442859649658),(Vehicles5↦114.0268325805664)}"
      },
      "probabilisticVariables": null,
      "activating": [
        "IDLE_49"
      ],
      "activatingOnlyWhenExecuted": true,
      "updating": null,
      "withPredicate": null
    },
    {
      "id": "IDLE_49",
      "execute": "IDLE",
      "after": "1000",
      "priority": 0,
      "additionalGuards": null,
      "activationKind": null,
      "fixedVariables": {
        "Crash": "FALSE",
        "VehiclesAy": "{(EgoVehicle↦-0.004456927890714724),(Vehicles2↦0.004456927890714724),(Vehicles3↦0.004456927890714724),(Vehicles4↦0.004456927890714724),(Vehicles5↦-0.005048342973168474)}",
        "Reward": "0.7333341201887658",
        "VehiclesAx": "{(EgoVehicle↦-0.00019550323486328125),(Vehicles2↦0.009614825248718262),(Vehicles3↦0.004129298031330109),(Vehicles4↦0.014118567341938615),(Vehicles5↦0.0026269257068634033)}",
        "VehiclesVx": "{(EgoVehicle↦20.000028610229492),(Vehicles2↦1.2684443593025208),(Vehicles3↦0.5432921275496483),(Vehicles4↦0.02984560327604413),(Vehicles5↦1.6543646156787872)}",
        "VehiclesY": "{(EgoVehicle↦7.9998979568481445),(Vehicles2↦-7.9998979568481445),(Vehicles3↦0.00010181215111515485),(Vehicles4↦-3.9998981952667236),(Vehicles5↦-7.9998979568481445)}",
        "VehiclesVy": "{(EgoVehicle↦0.00029570754122687504),(Vehicles2↦-0.00029570754122687504),(Vehicles3↦-0.00029570754122687504),(Vehicles4↦-0.00029570754122687504),(Vehicles5↦-0.00029570754122687504)}",
        "VehiclesX": "{(EgoVehicle↦200.0),(Vehicles2↦25.407674908638),(Vehicles3↦33.75213444232941),(Vehicles4↦49.055856466293335),(Vehicles5↦115.67962169647217)}"
      },
      "probabilisticVariables": null,
      "activating": [
        "IDLE_50"
      ],
      "activatingOnlyWhenExecuted": true,
      "updating": null,
      "withPredicate": null
    },
    {
      "id": "IDLE_50",
      "execute": "IDLE",
      "after": "1000",
      "priority": 0,
      "additionalGuards": null,
      "activationKind": null,
      "fixedVariables": {
        "Crash": "FALSE",
        "VehiclesAy": "{(EgoVehicle↦-0.0002773086623619747),(Vehicles2↦0.0002773086623619747),(Vehicles3↦0.0002773086623619747),(Vehicles4↦0.0002773086623619747),(Vehicles5↦-0.00031410642009177536)}",
        "Reward": "0.7333334369596067",
        "VehiclesAx": "{(EgoVehicle↦-2.384185791015625E-05),(Vehicles2↦0.009206533432006836),(Vehicles3↦0.004000142216682434),(Vehicles4↦0.013669298496097326),(Vehicles5↦0.002698153257369995)}",
        "VehiclesVx": "{(EgoVehicle↦20.000004768371582),(Vehicles2↦1.2776508927345276),(Vehicles3↦0.5472922697663307),(Vehicles4↦0.04351490177214146),(Vehicles5↦1.6570627689361572)}",
        "VehiclesY": "{(EgoVehicle↦7.999993801116943),(Vehicles2↦-7.999993801116943),(Vehicles3↦6.334735189739149E-06),(Vehicles4↦-3.999993681907654),(Vehicles5↦-7.999993801116943)}",
        "VehiclesVy": "{(EgoVehicle↦1.8398878864900325E-05),(Vehicles2↦-1.8398878864900325E-05),(Vehicles3↦-1.8398878864900325E-05),(Vehicles4↦-1.8398878864900325E-05),(Vehicles5↦-1.8398878864900325E-05)}",
        "VehiclesX": "{(EgoVehicle↦200.0),(Vehicles2↦26.67982578277588),(Vehicles3↦34.297025203704834),(Vehicles4↦49.091196060180664),(Vehicles5↦117.33505725860596)}"
      },
      "probabilisticVariables": null,
      "activating": [
        "IDLE_51"
      ],
      "activatingOnlyWhenExecuted": true,
      "updating": null,
      "withPredicate": null
    },
    {
      "id": "IDLE_51",
      "execute": "IDLE",
      "after": "1000",
      "priority": 0,
      "additionalGuards": null,
      "activationKind": null,
      "fixedVariables": {
        "Crash": "FALSE",
        "VehiclesAy": "{(EgoVehicle↦-1.725410285757789E-05),(Vehicles2↦1.7254102928632165E-05),(Vehicles3↦1.7254102928632165E-05),(Vehicles4↦1.7254102928632165E-05),(Vehicles5↦-1.9543654801168486E-05)}",
        "Reward": "0.7333333469796205",
        "VehiclesAx": "{(EgoVehicle↦-4.76837158203125E-06),(Vehicles2↦0.008959323167800903),(Vehicles3↦0.004030577838420868),(Vehicles4↦0.013377591967582703),(Vehicles5↦0.0028945505619049072)}",
        "VehiclesVx": "{(EgoVehicle↦20.0),(Vehicles2↦1.2866102159023285),(Vehicles3↦0.5513228476047516),(Vehicles4↦0.05689249373972416),(Vehicles5↦1.6599573194980621)}",
        "VehiclesY": "{(EgoVehicle↦7.999999523162842),(Vehicles2↦-7.999999523162842),(Vehicles3↦3.941464115087001E-07),(Vehicles4↦-3.999999761581421),(Vehicles5↦-7.999999523162842)}",
        "VehiclesVy": "{(EgoVehicle↦1.1447760073224345E-06),(Vehicles2↦-1.1447759362681609E-06),(Vehicles3↦-1.1447759362681609E-06),(Vehicles4↦-1.1447759362681609E-06),(Vehicles5↦-1.1447759362681609E-06)}",
        "VehiclesX": "{(EgoVehicle↦200.0),(Vehicles2↦27.96107828617096),(Vehicles3↦34.845927357673645),(Vehicles4↦49.14008378982544),(Vehicles5↦118.99325847625732)}"
      },
      "probabilisticVariables": null,
      "activating": [
        "IDLE_52"
      ],
      "activatingOnlyWhenExecuted": true,
      "updating": null,
      "withPredicate": null
    },
    {
      "id": "IDLE_52",
      "execute": "IDLE",
      "after": "1000",
      "priority": 0,
      "additionalGuards": null,
      "activationKind": null,
      "fixedVariables": {
        "Crash": "FALSE",
        "VehiclesAy": "{(EgoVehicle↦-1.073548183683215E-06),(Vehicles2↦1.0735481215107257E-06),(Vehicles3↦1.0735481215107257E-06),(Vehicles4↦1.0735481215107257E-06),(Vehicles5↦-1.216003751025596E-06)}",
        "Reward": "0.7333333351303755",
        "VehiclesAx": "{(EgoVehicle↦0.0),(Vehicles2↦0.008745342493057251),(Vehicles3↦0.00409100204706192),(Vehicles4↦0.013115573674440384),(Vehicles5↦-0.9690763056278229)}",
        "VehiclesVx": "{(EgoVehicle↦20.0),(Vehicles2↦1.2953555583953857),(Vehicles3↦0.5554138496518135),(Vehicles4↦0.07000806741416454),(Vehicles5↦0.6908810138702393)}",
        "VehiclesY": "{(EgoVehicle↦8.000000238418579),(Vehicles2↦-8.000000238418579),(Vehicles3↦2.4523743036297674E-08),(Vehicles4↦-4.0000001192092896),(Vehicles5↦2.4523743036297674E-08)}",
        "VehiclesVy": "{(EgoVehicle↦7.122782363921942E-08),(Vehicles2↦-7.122781475743523E-08),(Vehicles3↦-7.122781475743523E-08),(Vehicles4↦-7.122781475743523E-08),(Vehicles5↦-7.122781475743523E-08)}",
        "VehiclesX": "{(EgoVehicle↦200.0),(Vehicles2↦29.251202940940857),(Vehicles3↦35.398879647254944),(Vehicles4↦49.202242493629456),(Vehicles5↦120.12059688568115)}"
      },
      "probabilisticVariables": null,
      "activating": [
        "IDLE_53"
      ],
      "activatingOnlyWhenExecuted": true,
      "updating": null,
      "withPredicate": null
    },
    {
      "id": "IDLE_53",
      "execute": "IDLE",
      "after": "1000",
      "priority": 0,
      "additionalGuards": null,
      "activationKind": null,
      "fixedVariables": {
        "Crash": "FALSE",
        "VehiclesAy": "{(EgoVehicle↦-6.679604425130492E-08),(Vehicles2↦6.679603536952072E-08),(Vehicles3↦6.679603536952072E-08),(Vehicles4↦6.679603536952072E-08),(Vehicles5↦-7.565959414534973E-08)}",
        "Reward": "0.733333333569981",
        "VehiclesAx": "{(EgoVehicle↦0.0),(Vehicles2↦0.008546113967895508),(Vehicles3↦0.004162304103374481),(Vehicles4↦0.012865588068962097),(Vehicles5↦0.004424005746841431)}",
        "VehiclesVx": "{(EgoVehicle↦20.0),(Vehicles2↦1.3039016723632812),(Vehicles3↦0.559576153755188),(Vehicles4↦0.08287365548312664),(Vehicles5↦0.6953050196170807)}",
        "VehiclesY": "{(EgoVehicle↦8.000000238418579),(Vehicles2↦-8.000000238418579),(Vehicles3↦1.5258647678706438E-09),(Vehicles4↦-4.0000001192092896),(Vehicles5↦1.5258647678706438E-09)}",
        "VehiclesVy": "{(EgoVehicle↦4.431779387914503E-09),(Vehicles2↦-4.431779387914503E-09),(Vehicles3↦-4.431779387914503E-09),(Vehicles4↦-4.431779387914503E-09),(Vehicles5↦-4.431779387914503E-09)}",
        "VehiclesX": "{(EgoVehicle↦200.0),(Vehicles2↦30.549991130828857),(Vehicles3↦35.95595359802246),(Vehicles4↦49.27741587162018),(Vehicles5↦120.81320285797119)}"
      },
      "probabilisticVariables": null,
      "activating": [
        "IDLE_54"
      ],
      "activatingOnlyWhenExecuted": true,
      "updating": null,
      "withPredicate": null
    },
    {
      "id": "IDLE_54",
      "execute": "IDLE",
      "after": "1000",
      "priority": 0,
      "additionalGuards": null,
      "activationKind": null,
      "fixedVariables": {
        "Crash": "FALSE",
        "VehiclesAy": "{(EgoVehicle↦-4.156035515734402E-09),(Vehicles2↦4.156035515734402E-09),(Vehicles3↦4.156035515734402E-09),(Vehicles4↦4.156035515734402E-09),(Vehicles5↦-4.707523260094604E-09)}",
        "Reward": "0.7333333333644968",
        "VehiclesAx": "{(EgoVehicle↦0.0),(Vehicles2↦0.008358806371688843),(Vehicles3↦0.004240274429321289),(Vehicles4↦0.012624626979231834),(Vehicles5↦0.005039051175117493)}",
        "VehiclesVx": "{(EgoVehicle↦20.0),(Vehicles2↦1.31226047873497),(Vehicles3↦0.5638164281845093),(Vehicles4↦0.09549828246235847),(Vehicles5↦0.7003440707921982)}",
        "VehiclesY": "{(EgoVehicle↦8.000000238418579),(Vehicles2↦-8.000000238418579),(Vehicles3↦9.494005581700549E-11),(Vehicles4↦-4.0000001192092896),(Vehicles5↦9.494005581700549E-11)}",
        "VehiclesVy": "{(EgoVehicle↦2.757438721801009E-10),(Vehicles2↦-2.757438721801009E-10),(Vehicles3↦-2.757438721801009E-10),(Vehicles4↦-2.757438721801009E-10),(Vehicles5↦-2.757438721801009E-10)}",
        "VehiclesX": "{(EgoVehicle↦200.0),(Vehicles2↦31.85725212097168),(Vehicles3↦36.51722073554993),(Vehicles4↦49.36535954475403),(Vehicles5↦121.51046991348267)}"
      },
      "probabilisticVariables": null,
      "activating": [
        "IDLE_55"
      ],
      "activatingOnlyWhenExecuted": true,
      "updating": null,
      "withPredicate": null
    },
    {
      "id": "IDLE_55",
      "execute": "IDLE",
      "after": "1000",
      "priority": 0,
      "additionalGuards": null,
      "activationKind": null,
      "fixedVariables": {
        "Crash": "FALSE",
        "VehiclesAy": "{(EgoVehicle↦-2.5858426511149446E-10),(Vehicles2↦2.5859314689569146E-10),(Vehicles3↦2.5859314689569146E-10),(Vehicles4↦2.5859314689569146E-10),(Vehicles5↦-2.928945974645103E-10)}",
        "Reward": "0.7333333333374371",
        "VehiclesAx": "{(EgoVehicle↦0.0),(Vehicles2↦0.008181780576705933),(Vehicles3↦0.004322752356529236),(Vehicles4↦0.01239171251654625),(Vehicles5↦0.005581378936767578)}",
        "VehiclesVx": "{(EgoVehicle↦20.0),(Vehicles2↦1.320442259311676),(Vehicles3↦0.5681391805410385),(Vehicles4↦0.10788999497890472),(Vehicles5↦0.7059254497289658)}",
        "VehiclesY": "{(EgoVehicle↦8.000000238418579),(Vehicles2↦-8.000000238418579),(Vehicles3↦5.907274669425533E-12),(Vehicles4↦-4.0000001192092896),(Vehicles5↦5.907274669425533E-12)}",
        "VehiclesVy": "{(EgoVehicle↦1.715960706860642E-11),(Vehicles2↦-1.7150725284409418E-11),(Vehicles3↦-1.7150725284409418E-11),(Vehicles4↦-1.7150725284409418E-11),(Vehicles5↦-1.7150725284409418E-11)}",
        "VehiclesX": "{(EgoVehicle↦200.0),(Vehicles2↦33.17279815673828),(Vehicles3↦37.08275854587555),(Vehicles4↦49.465832114219666),(Vehicles5↦122.21300601959229)}"
      },
      "probabilisticVariables": null,
      "activating": [
        "SLOWER_56"
      ],
      "activatingOnlyWhenExecuted": true,
      "updating": null,
      "withPredicate": null
    },
    {
      "id": "SLOWER_56",
      "execute": "SLOWER",
      "after": "1000",
      "priority": 0,
      "additionalGuards": null,
      "activationKind": null,
      "fixedVariables": {
        "Crash": "FALSE",
        "VehiclesAy": "{(EgoVehicle↦-1.609379296496627E-11),(Vehicles2↦1.6084911180769268E-11),(Vehicles3↦1.6084911180769268E-11),(Vehicles4↦1.6084911180769268E-11),(Vehicles5↦-1.821653938804957E-11)}",
        "Reward": "0.7333333333338738",
        "VehiclesAx": "{(EgoVehicle↦0.0),(Vehicles2↦0.008014142513275146),(Vehicles3↦0.004408285021781921),(Vehicles4↦0.01216622069478035),(Vehicles5↦0.0060570985078811646)}",
        "VehiclesVx": "{(EgoVehicle↦20.0),(Vehicles2↦1.3284564018249512),(Vehicles3↦0.5725474655628204),(Vehicles4↦0.12005621567368507),(Vehicles5↦0.7119825482368469)}",
        "VehiclesY": "{(EgoVehicle↦8.000000238418579),(Vehicles2↦-8.000000238418579),(Vehicles3↦3.6770586575585185E-13),(Vehicles4↦-4.0000001192092896),(Vehicles5↦3.6770586575585185E-13)}",
        "VehiclesVy": "{(EgoVehicle↦1.0658141036401503E-12),(Vehicles2↦-1.0658141036401503E-12),(Vehicles3↦-1.0658141036401503E-12),(Vehicles4↦-1.0658141036401503E-12),(Vehicles5↦-1.0658141036401503E-12)}",
        "VehiclesX": "{(EgoVehicle↦200.0),(Vehicles2↦34.49645936489105),(Vehicles3↦37.65265345573425),(Vehicles4↦49.57860708236694),(Vehicles5↦122.92132377624512)}"
      },
      "probabilisticVariables": null,
      "activating": [
        "IDLE_57"
      ],
      "activatingOnlyWhenExecuted": true,
      "updating": null,
      "withPredicate": null
    },
    {
      "id": "IDLE_57",
      "execute": "IDLE",
      "after": "1000",
      "priority": 0,
      "additionalGuards": null,
      "activationKind": null,
      "fixedVariables": {
        "Crash": "FALSE",
        "VehiclesAy": "{(EgoVehicle↦-1.0125233984581428E-12),(Vehicles2↦1.0125233984581428E-12),(Vehicles3↦1.0125233984581428E-12),(Vehicles4↦1.0125233984581428E-12),(Vehicles5↦-1.1191048088221578E-12)}",
        "Reward": "0.7333333333334044",
        "VehiclesAx": "{(EgoVehicle↦0.0),(Vehicles2↦0.007855445146560669),(Vehicles3↦0.00449545681476593),(Vehicles4↦0.011947611346840858),(Vehicles5↦0.006472095847129822)}",
        "VehiclesVx": "{(EgoVehicle↦20.0),(Vehicles2↦1.3363118469715118),(Vehicles3↦0.5770429223775864),(Vehicles4↦0.13200382702052593),(Vehicles5↦0.7184546440839767)}",
        "VehiclesY": "{(EgoVehicle↦8.000000238418579),(Vehicles2↦-8.000000238418579),(Vehicles3↦2.398081733190338E-14),(Vehicles4↦-4.0000001192092896),(Vehicles5↦2.398081733190338E-14)}",
        "VehiclesVy": "{(EgoVehicle↦5.3290705182007514E-14),(Vehicles2↦-5.3290705182007514E-14),(Vehicles3↦-5.3290705182007514E-14),(Vehicles4↦-5.3290705182007514E-14),(Vehicles5↦-5.3290705182007514E-14)}",
        "VehiclesX": "{(EgoVehicle↦200.0),(Vehicles2↦35.82807183265686),(Vehicles3↦38.22699189186096),(Vehicles4↦49.703457951545715),(Vehicles5↦123.6358642578125)}"
      },
      "probabilisticVariables": null,
      "activating": [
        "IDLE_58"
      ],
      "activatingOnlyWhenExecuted": true,
      "updating": null,
      "withPredicate": null
    },
    {
      "id": "IDLE_58",
      "execute": "IDLE",
      "after": "1000",
      "priority": 0,
      "additionalGuards": null,
      "activationKind": null,
      "fixedVariables": {
        "Crash": "FALSE",
        "VehiclesAy": "{(EgoVehicle↦-5.3290705182007514E-14),(Vehicles2↦5.3290705182007514E-14),(Vehicles3↦5.3290705182007514E-14),(Vehicles4↦5.3290705182007514E-14),(Vehicles5↦-5.3290705182007514E-14)}",
        "Reward": "0.7333333333333427",
        "VehiclesAx": "{(EgoVehicle↦0.0),(Vehicles2↦0.007704645395278931),(Vehicles3↦0.004583075642585754),(Vehicles4↦0.011735428124666214),(Vehicles5↦0.006831809878349304)}",
        "VehiclesVx": "{(EgoVehicle↦20.0),(Vehicles2↦1.3440164923667908),(Vehicles3↦0.5816259980201721),(Vehicles4↦0.14373925514519215),(Vehicles5↦0.725286453962326)}",
        "VehiclesY": "{(EgoVehicle↦8.000000238418579),(Vehicles2↦-8.000000238418579),(Vehicles3↦0.0),(Vehicles4↦-4.0000001192092896),(Vehicles5↦0.0)}",
        "VehiclesVy": "{(EgoVehicle↦0.0),(Vehicles2↦0.0),(Vehicles3↦0.0),(Vehicles4↦0.0),(Vehicles5↦0.0)}",
        "VehiclesX": "{(EgoVehicle↦200.0),(Vehicles2↦37.16747760772705),(Vehicles3↦38.8058602809906),(Vehicles4↦49.84017312526703),(Vehicles5↦124.35702085494995)}"
      },
      "probabilisticVariables": null,
      "activating": [
        "IDLE_59"
      ],
      "activatingOnlyWhenExecuted": true,
      "updating": null,
      "withPredicate": null
    },
    {
      "id": "IDLE_59",
      "execute": "IDLE",
      "after": "1000",
      "priority": 0,
      "additionalGuards": null,
      "activationKind": null,
      "fixedVariables": {
        "Crash": "FALSE",
        "VehiclesAy": "{(EgoVehicle↦0.0),(Vehicles2↦0.0),(Vehicles3↦0.0),(Vehicles4↦0.0),(Vehicles5↦0.0)}",
        "Reward": "0.7333333333333346",
        "VehiclesAx": "{(EgoVehicle↦0.0),(Vehicles2↦0.007560998201370239),(Vehicles3↦0.004670284688472748),(Vehicles4↦0.011529261246323586),(Vehicles5↦0.0071414560079574585)}",
        "VehiclesVx": "{(EgoVehicle↦20.0),(Vehicles2↦1.351577490568161),(Vehicles3↦0.5862962827086449),(Vehicles4↦0.15526851639151573),(Vehicles5↦0.7324279099702835)}",
        "VehiclesY": "{(EgoVehicle↦8.000000238418579),(Vehicles2↦-8.000000238418579),(Vehicles3↦0.0),(Vehicles4↦-4.0000001192092896),(Vehicles5↦0.0)}",
        "VehiclesVy": "{(EgoVehicle↦0.0),(Vehicles2↦0.0),(Vehicles3↦0.0),(Vehicles4↦0.0),(Vehicles5↦0.0)}",
        "VehiclesX": "{(EgoVehicle↦200.0),(Vehicles2↦38.514527678489685),(Vehicles3↦39.38934803009033),(Vehicles4↦49.98854100704193),(Vehicles5↦125.08513927459717)}"
      },
      "probabilisticVariables": null,
      "activating": [
        "IDLE_60"
      ],
      "activatingOnlyWhenExecuted": true,
      "updating": null,
      "withPredicate": null
    },
    {
      "id": "IDLE_60",
      "execute": "IDLE",
      "after": "1000",
      "priority": 0,
      "additionalGuards": null,
      "activationKind": null,
      "fixedVariables": {
        "Crash": "FALSE",
        "VehiclesAy": "{(EgoVehicle↦0.0),(Vehicles2↦0.0),(Vehicles3↦0.0),(Vehicles4↦0.0),(Vehicles5↦0.0)}",
        "Reward": "0.7333333333333335",
        "VehiclesAx": "{(EgoVehicle↦0.0),(Vehicles2↦0.007423907518386841),(Vehicles3↦0.0047561898827552795),(Vehicles4↦0.011328738182783127),(Vehicles5↦0.007405504584312439)}",
        "VehiclesVx": "{(EgoVehicle↦20.0),(Vehicles2↦1.3590013980865479),(Vehicles3↦0.5910524725914001),(Vehicles4↦0.16659725457429886),(Vehicles5↦0.739833414554596)}",
        "VehiclesY": "{(EgoVehicle↦8.000000238418579),(Vehicles2↦-8.000000238418579),(Vehicles3↦0.0),(Vehicles4↦-4.0000001192092896),(Vehicles5↦0.0)}",
        "VehiclesVy": "{(EgoVehicle↦0.0),(Vehicles2↦0.0),(Vehicles3↦0.0),(Vehicles4↦0.0),(Vehicles5↦0.0)}",
        "VehiclesX": "{(EgoVehicle↦200.0),(Vehicles2↦39.86908495426178),(Vehicles3↦39.97754156589508),(Vehicles4↦50.14835596084595),(Vehicles5↦125.82051753997803)}"
      },
      "probabilisticVariables": null,
      "activating": [
        "IDLE_61"
      ],
      "activatingOnlyWhenExecuted": true,
      "updating": null,
      "withPredicate": null
    },
    {
      "id": "IDLE_61",
      "execute": "IDLE",
      "after": "1000",
      "priority": 0,
      "additionalGuards": null,
      "activationKind": null,
      "fixedVariables": {
        "Crash": "FALSE",
        "VehiclesAy": "{(EgoVehicle↦0.0),(Vehicles2↦0.0),(Vehicles3↦0.0),(Vehicles4↦0.0),(Vehicles5↦0.0)}",
        "Reward": "0.7333333333333334",
        "VehiclesAx": "{(EgoVehicle↦0.0),(Vehicles2↦-0.7631088048219681),(Vehicles3↦0.7752422988414764),(Vehicles4↦0.011133551597595215),(Vehicles5↦0.007628500461578369)}",
        "VehiclesVx": "{(EgoVehicle↦20.0),(Vehicles2↦0.5958925932645798),(Vehicles3↦1.3662947714328766),(Vehicles4↦0.17773080617189407),(Vehicles5↦0.7474619150161743)}",
        "VehiclesY": "{(EgoVehicle↦8.000000238418579),(Vehicles2↦0.0),(Vehicles3↦-8.000000238418579),(Vehicles4↦-4.0000001192092896),(Vehicles5↦0.0)}",
        "VehiclesVy": "{(EgoVehicle↦0.0),(Vehicles2↦0.0),(Vehicles3↦0.0),(Vehicles4↦0.0),(Vehicles5↦0.0)}",
        "VehiclesX": "{(EgoVehicle↦200.0),(Vehicles2↦40.57052135467529),(Vehicles3↦41.23101532459259),(Vehicles4↦50.31942129135132),(Vehicles5↦126.56338214874268)}"
      },
      "probabilisticVariables": null,
      "activating": null,
      "activatingOnlyWhenExecuted": true,
      "updating": null,
      "withPredicate": null
    }
  ],
  "listeners": [],
  "metadata": {
    "fileType": "Timed_Trace",
    "formatVersion": 3,
    "savedAt": "2023-08-21T06:52:44.726376Z",
    "creator": "Simulation: HYPOTHESIS_TEST; SIGNIFICANCE : 0.05, PROBABILITY : 0.95, MAX_STEPS_BEFORE_PROPERTY : 0, EXECUTIONS : 1000, PREDICATE : Crash = FALSE, ENDING_TIME : 60000, HYPOTHESIS_CHECKING_TYPE : LEFT_TAILED, CHECKING_TYPE : PREDICATE_INVARIANT",
    "proB2KernelVersion": "4.12.2",
    "proBCliVersion": "1.12.2-final",
    "modelName": "HighwayEnvironment2"
  }
}