{
  "variables": {},
  "activations": [
    {
      "id": "$setup_constants",
      "execute": "$setup_constants",
      "after": "0",
      "priority": 0,
      "additionalGuards": null,
      "activationKind": null,
      "fixedVariables": null,
      "probabilisticVariables": null,
      "activating": null,
      "activatingOnlyWhenExecuted": true,
      "updating": null,
      "withPredicate": null
    },
    {
      "id": "$initialise_machine",
      "execute": "$initialise_machine",
      "after": "0",
      "priority": 0,
      "additionalGuards": null,
      "activationKind": null,
      "fixedVariables": {
        "Crash": "FALSE",
        "VehiclesAy": "{(EgoVehicle↦0.0),(Vehicles2↦0.0),(Vehicles3↦0.0),(Vehicles4↦0.0),(Vehicles5↦0.0)}",
        "Reward": "0.0",
        "VehiclesAx": "{(EgoVehicle↦0.0),(Vehicles2↦0.0),(Vehicles3↦0.0),(Vehicles4↦0.0),(Vehicles5↦0.0)}",
        "VehiclesVx": "{(EgoVehicle↦25.0),(Vehicles2↦-2.017580270767212),(Vehicles3↦-3.770217001438141),(Vehicles4↦-2.481939345598221),(Vehicles5↦-1.0190607607364655)}",
        "VehiclesY": "{(EgoVehicle↦4.0000001192092896),(Vehicles2↦4.0000001192092896),(Vehicles3↦-4.0000001192092896),(Vehicles4↦0.0),(Vehicles5↦0.0)}",
        "VehiclesVy": "{(EgoVehicle↦0.0),(Vehicles2↦0.0),(Vehicles3↦0.0),(Vehicles4↦0.0),(Vehicles5↦0.0)}",
        "VehiclesX": "{(EgoVehicle↦153.08620929718018),(Vehicles2↦23.278988897800446),(Vehicles3↦45.169150829315186),(Vehicles4↦67.44009852409363),(Vehicles5↦89.8962140083313)}"
      },
      "probabilisticVariables": null,
      "activating": [
        "FASTER_2"
      ],
      "activatingOnlyWhenExecuted": true,
      "updating": null,
      "withPredicate": null
    },
    {
      "id": "FASTER_2",
      "execute": "FASTER",
      "after": "1000",
      "priority": 0,
      "additionalGuards": null,
      "activationKind": null,
      "fixedVariables": {
        "Crash": "FALSE",
        "VehiclesAy": "{(EgoVehicle↦0.0),(Vehicles2↦0.0),(Vehicles3↦0.0),(Vehicles4↦0.0),(Vehicles5↦0.0)}",
        "Reward": "0.9491083676268861",
        "VehiclesAx": "{(EgoVehicle↦4.341564178466797),(Vehicles2↦-5.163639187812805),(Vehicles3↦-4.555558860301971),(Vehicles4↦-8.46613809466362),(Vehicles5↦-4.61992010474205)}",
        "VehiclesVx": "{(EgoVehicle↦29.341564178466797),(Vehicles2↦-7.181219458580017),(Vehicles3↦-8.325775861740112),(Vehicles4↦-10.94807744026184),(Vehicles5↦-5.638980865478516)}",
        "VehiclesY": "{(EgoVehicle↦4.0000001192092896),(Vehicles2↦4.0000001192092896),(Vehicles3↦-4.0000001192092896),(Vehicles4↦0.0),(Vehicles5↦0.0)}",
        "VehiclesVy": "{(EgoVehicle↦0.0),(Vehicles2↦0.0),(Vehicles3↦0.0),(Vehicles4↦0.0),(Vehicles5↦0.0)}",
        "VehiclesX": "{(EgoVehicle↦180.4812788963318),(Vehicles2↦18.53957325220108),(Vehicles3↦38.92458975315094),(Vehicles4↦60.44531464576721),(Vehicles5↦86.35969758033752)}"
      },
      "probabilisticVariables": null,
      "activating": [
        "FASTER_3"
      ],
      "activatingOnlyWhenExecuted": true,
      "updating": null,
      "withPredicate": null
    },
    {
      "id": "FASTER_3",
      "execute": "FASTER",
      "after": "1000",
      "priority": 0,
      "additionalGuards": null,
      "activationKind": null,
      "fixedVariables": {
        "Crash": "FALSE",
        "VehiclesAy": "{(EgoVehicle↦0.0),(Vehicles2↦0.0),(Vehicles3↦0.0),(Vehicles4↦0.0),(Vehicles5↦0.0)}",
        "Reward": "0.964354462677889",
        "VehiclesAx": "{(EgoVehicle↦0.5717277526855469),(Vehicles2↦-1.3168776035308838),(Vehicles3↦-0.7995766401290894),(Vehicles4↦-1.1901366710662842),(Vehicles5↦-1.381465196609497)}",
        "VehiclesVx": "{(EgoVehicle↦29.913291931152344),(Vehicles2↦-8.4980970621109),(Vehicles3↦-9.125352501869202),(Vehicles4↦-12.138214111328125),(Vehicles5↦-7.020446062088013)}",
        "VehiclesY": "{(EgoVehicle↦4.0000001192092896),(Vehicles2↦4.0000001192092896),(Vehicles3↦-4.0000001192092896),(Vehicles4↦0.0),(Vehicles5↦0.0)}",
        "VehiclesVy": "{(EgoVehicle↦0.0),(Vehicles2↦0.0),(Vehicles3↦0.0),(Vehicles4↦0.0),(Vehicles5↦0.0)}",
        "VehiclesX": "{(EgoVehicle↦200.0),(Vehicles2↦10.732951760292053),(Vehicles3↦30.170124769210815),(Vehicles4↦48.84008765220642),(Vehicles5↦80.18558025360107)}"
      },
      "probabilisticVariables": null,
      "activating": [
        "IDLE_4"
      ],
      "activatingOnlyWhenExecuted": true,
      "updating": null,
      "withPredicate": null
    },
    {
      "id": "IDLE_4",
      "execute": "IDLE",
      "after": "1000",
      "priority": 0,
      "additionalGuards": null,
      "activationKind": null,
      "fixedVariables": {
        "Crash": "FALSE",
        "VehiclesAy": "{(EgoVehicle↦0.0),(Vehicles2↦0.0),(Vehicles3↦0.0),(Vehicles4↦0.0),(Vehicles5↦-5.382248759269714)}",
        "Reward": "0.9663621788985971",
        "VehiclesAx": "{(EgoVehicle↦0.07529020309448242),(Vehicles2↦-0.6606990098953247),(Vehicles3↦-0.1144629716873169),(Vehicles4↦-0.14415383338928223),(Vehicles5↦-1.406201720237732)}",
        "VehiclesVx": "{(EgoVehicle↦29.988582134246826),(Vehicles2↦-9.158796072006226),(Vehicles3↦-9.239815473556519),(Vehicles4↦-12.282367944717407),(Vehicles5↦-8.426647782325745)}",
        "VehiclesY": "{(EgoVehicle↦4.0000001192092896),(Vehicles2↦4.0000001192092896),(Vehicles3↦-4.0000001192092896),(Vehicles4↦0.0),(Vehicles5↦-1.9441423416137695)}",
        "VehiclesVy": "{(EgoVehicle↦0.0),(Vehicles2↦0.0),(Vehicles3↦0.0),(Vehicles4↦0.0),(Vehicles5↦-5.382248759269714)}",
        "VehiclesX": "{(EgoVehicle↦200.0),(Vehicles2↦1.946384459733963),(Vehicles3↦20.989258587360382),(Vehicles4↦36.63149178028107),(Vehicles5↦72.60112166404724)}"
      },
      "probabilisticVariables": null,
      "activating": [
        "SLOWER_5"
      ],
      "activatingOnlyWhenExecuted": true,
      "updating": null,
      "withPredicate": null
    },
    {
      "id": "SLOWER_5",
      "execute": "SLOWER",
      "after": "1000",
      "priority": 0,
      "additionalGuards": null,
      "activationKind": null,
      "fixedVariables": {
        "Crash": "FALSE",
        "VehiclesAy": "{(EgoVehicle↦0.0),(Vehicles2↦0.0),(Vehicles3↦0.0),(Vehicles4↦0.0),(Vehicles5↦-5.725477263331413)}",
        "Reward": "0.8508515352184709",
        "VehiclesAx": "{(EgoVehicle↦-4.331650733947754),(Vehicles2↦3.893193006515503),(Vehicles3↦3.346250057220459),(Vehicles4↦5.21975040435791),(Vehicles5↦4.87623393535614)}",
        "VehiclesVx": "{(EgoVehicle↦25.656931400299072),(Vehicles2↦-5.265603065490723),(Vehicles3↦-5.89356541633606),(Vehicles4↦-7.062617540359497),(Vehicles5↦-3.5504138469696045)}",
        "VehiclesY": "{(EgoVehicle↦4.0000001192092896),(Vehicles2↦4.0000001192092896),(Vehicles3↦-4.0000001192092896),(Vehicles4↦0.0),(Vehicles5↦-3.887051224708557)}",
        "VehiclesVy": "{(EgoVehicle↦0.0),(Vehicles2↦0.0),(Vehicles3↦0.0),(Vehicles4↦0.0),(Vehicles5↦-0.3432285040616989)}",
        "VehiclesX": "{(EgoVehicle↦200.0),(Vehicles2↦-5.008850991725922),(Vehicles3↦13.661141693592072),(Vehicles4↦26.932525634765625),(Vehicles5↦67.02064275741577)}"
      },
      "probabilisticVariables": null,
      "activating": [
        "SLOWER_6"
      ],
      "activatingOnlyWhenExecuted": true,
      "updating": null,
      "withPredicate": null
    },
    {
      "id": "SLOWER_6",
      "execute": "SLOWER",
      "after": "1000",
      "priority": 0,
      "additionalGuards": null,
      "activationKind": null,
      "fixedVariables": {
        "Crash": "FALSE",
        "VehiclesAy": "{(EgoVehicle↦0.0),(Vehicles2↦0.0),(Vehicles3↦0.0),(Vehicles4↦0.0),(Vehicles5↦-1.561758741736412)}",
        "Reward": "0.7198652227448191",
        "VehiclesAx": "{(EgoVehicle↦-4.911985397338867),(Vehicles2↦4.734233245253563),(Vehicles3↦4.543919116258621),(Vehicles4↦3.739161491394043),(Vehicles5↦0.05420506000518799)}",
        "VehiclesVx": "{(EgoVehicle↦20.744946002960205),(Vehicles2↦-0.5313698202371597),(Vehicles3↦-1.3496463000774384),(Vehicles4↦-3.323456048965454),(Vehicles5↦-3.4962087869644165)}",
        "VehiclesY": "{(EgoVehicle↦4.0000001192092896),(Vehicles2↦4.0000001192092896),(Vehicles3↦-4.0000001192092896),(Vehicles4↦0.0),(Vehicles5↦0.4361576735973358)}",
        "VehiclesVy": "{(EgoVehicle↦0.0),(Vehicles2↦0.0),(Vehicles3↦0.0),(Vehicles4↦0.0),(Vehicles5↦-1.2185302376747131)}",
        "VehiclesX": "{(EgoVehicle↦200.0),(Vehicles2↦-7.738877087831497),(Vehicles3↦10.302381962537766),(Vehicles4↦22.243216633796692),(Vehicles5↦61.59282922744751)}"
      },
      "probabilisticVariables": null,
      "activating": [
        "SLOWER_7"
      ],
      "activatingOnlyWhenExecuted": true,
      "updating": null,
      "withPredicate": null
    },
    {
      "id": "SLOWER_7",
      "execute": "SLOWER",
      "after": "1000",
      "priority": 0,
      "additionalGuards": null,
      "activationKind": null,
      "fixedVariables": {
        "Crash": "FALSE",
        "VehiclesAy": "{(EgoVehicle↦0.0),(Vehicles2↦0.0),(Vehicles3↦0.0),(Vehicles4↦0.0),(Vehicles5↦-1.31313799880445)}",
        "Reward": "0.7026159964108404",
        "VehiclesAx": "{(EgoVehicle↦-0.6468462944030762),(Vehicles2↦1.2421642243862152),(Vehicles3↦0.5169446766376495),(Vehicles4↦0.2637660503387451),(Vehicles5↦2.0922376215457916)}",
        "VehiclesVx": "{(EgoVehicle↦20.09809970855713),(Vehicles2↦0.7107944041490555),(Vehicles3↦-0.8327016234397888),(Vehicles4↦-3.059689998626709),(Vehicles5↦-1.4039711654186249)}",
        "VehiclesY": "{(EgoVehicle↦4.0000001192092896),(Vehicles2↦4.0000001192092896),(Vehicles3↦-4.0000001192092896),(Vehicles4↦0.0),(Vehicles5↦0.03307980112731457)}",
        "VehiclesVy": "{(EgoVehicle↦0.0),(Vehicles2↦0.0),(Vehicles3↦0.0),(Vehicles4↦0.0),(Vehicles5↦-0.0946077611297369)}",
        "VehiclesX": "{(EgoVehicle↦200.0),(Vehicles2↦-7.65221044421196),(Vehicles3↦9.245418012142181),(Vehicles4↦19.057102501392365),(Vehicles5↦59.08902287483215)}"
      },
      "probabilisticVariables": null,
      "activating": [
        "SLOWER_8"
      ],
      "activatingOnlyWhenExecuted": true,
      "updating": null,
      "withPredicate": null
    },
    {
      "id": "SLOWER_8",
      "execute": "SLOWER",
      "after": "1000",
      "priority": 0,
      "additionalGuards": null,
      "activationKind": null,
      "fixedVariables": {
        "Crash": "FALSE",
        "VehiclesAy": "{(EgoVehicle↦0.0),(Vehicles2↦0.0),(Vehicles3↦0.0),(Vehicles4↦0.0),(Vehicles5↦-0.10106771544087678)}",
        "Reward": "0.700344493354514",
        "VehiclesAx": "{(EgoVehicle↦-0.08518218994140625),(Vehicles2↦0.4417817294597626),(Vehicles3↦0.06191432476043701),(Vehicles4↦0.2516326308250427),(Vehicles5↦1.0420521721243858)}",
        "VehiclesVx": "{(EgoVehicle↦20.012917518615723),(Vehicles2↦1.152576133608818),(Vehicles3↦-0.7707872986793518),(Vehicles4↦-2.8080573678016663),(Vehicles5↦-0.36191899329423904)}",
        "VehiclesY": "{(EgoVehicle↦4.0000001192092896),(Vehicles2↦4.0000001192092896),(Vehicles3↦-4.0000001192092896),(Vehicles4↦0.0),(Vehicles5↦0.0022234630887396634)}",
        "VehiclesVy": "{(EgoVehicle↦0.0),(Vehicles2↦0.0),(Vehicles3↦0.0),(Vehicles4↦0.0),(Vehicles5↦-0.006459954311139882)}",
        "VehiclesX": "{(EgoVehicle↦200.0),(Vehicles2↦-6.736445426940918),(Vehicles3↦8.444839715957642),(Vehicles4↦16.084596514701843),(Vehicles5↦58.14722180366516)}"
      },
      "probabilisticVariables": null,
      "activating": [
        "SLOWER_9"
      ],
      "activatingOnlyWhenExecuted": true,
      "updating": null,
      "withPredicate": null
    },
    {
      "id": "SLOWER_9",
      "execute": "SLOWER",
      "after": "1000",
      "priority": 0,
      "additionalGuards": null,
      "activationKind": null,
      "fixedVariables": {
        "Crash": "FALSE",
        "VehiclesAy": "{(EgoVehicle↦0.0),(Vehicles2↦0.0),(Vehicles3↦0.0),(Vehicles4↦0.0),(Vehicles5↦-0.006864605929877143)}",
        "Reward": "0.7000453653800184",
        "VehiclesAx": "{(EgoVehicle↦-0.0112152099609375),(Vehicles2↦0.21397225558757782),(Vehicles3↦0.03652021288871765),(Vehicles4↦0.38414880633354187),(Vehicles5↦0.6190545111894608)}",
        "VehiclesVx": "{(EgoVehicle↦20.001702308654785),(Vehicles2↦1.3665483891963959),(Vehicles3↦-0.7342670857906342),(Vehicles4↦-2.4239085614681244),(Vehicles5↦0.2571355178952217)}",
        "VehiclesY": "{(EgoVehicle↦4.0000001192092896),(Vehicles2↦4.0000001192092896),(Vehicles3↦-4.0000001192092896),(Vehicles4↦0.0),(Vehicles5↦0.00013787349962512963)}",
        "VehiclesVy": "{(EgoVehicle↦0.0),(Vehicles2↦0.0),(Vehicles3↦0.0),(Vehicles4↦0.0),(Vehicles5↦-0.00040465161873726174)}",
        "VehiclesX": "{(EgoVehicle↦200.0),(Vehicles2↦-5.4870277643203735),(Vehicles3↦7.687853276729584),(Vehicles4↦13.423532247543335),(Vehicles5↦58.05802941322327)}"
      },
      "probabilisticVariables": null,
      "activating": [
        "SLOWER_10"
      ],
      "activatingOnlyWhenExecuted": true,
      "updating": null,
      "withPredicate": null
    },
    {
      "id": "SLOWER_10",
      "execute": "SLOWER",
      "after": "1000",
      "priority": 0,
      "additionalGuards": null,
      "activationKind": null,
      "fixedVariables": {
        "Crash": "FALSE",
        "VehiclesAy": "{(EgoVehicle↦0.0),(Vehicles2↦0.0),(Vehicles3↦0.0),(Vehicles4↦0.0),(Vehicles5↦-0.0004286502712602669)}",
        "Reward": "0.7000059740418131",
        "VehiclesAx": "{(EgoVehicle↦-0.0014781951904296875),(Vehicles2↦0.11037901043891907),(Vehicles3↦0.048082247376441956),(Vehicles4↦0.4204694926738739),(Vehicles5↦0.3689631447196007)}",
        "VehiclesVx": "{(EgoVehicle↦20.000224113464355),(Vehicles2↦1.476927399635315),(Vehicles3↦-0.6861848384141922),(Vehicles4↦-2.0034390687942505),(Vehicles5↦0.6260986626148224)}",
        "VehiclesY": "{(EgoVehicle↦4.0000001192092896),(Vehicles2↦4.0000001192092896),(Vehicles3↦-4.0000001192092896),(Vehicles4↦0.0),(Vehicles5↦8.126226475724252E-06)}",
        "VehiclesVy": "{(EgoVehicle↦0.0),(Vehicles2↦0.0),(Vehicles3↦0.0),(Vehicles4↦0.0),(Vehicles5↦-2.399865252300515E-05)}",
        "VehiclesX": "{(EgoVehicle↦200.0),(Vehicles2↦-4.070411249995232),(Vehicles3↦6.97200745344162),(Vehicles4↦11.16814985871315),(Vehicles5↦58.478277921676636)}"
      },
      "probabilisticVariables": null,
      "activating": [
        "SLOWER_11"
      ],
      "activatingOnlyWhenExecuted": true,
      "updating": null,
      "withPredicate": null
    },
    {
      "id": "SLOWER_11",
      "execute": "SLOWER",
      "after": "1000",
      "priority": 0,
      "additionalGuards": null,
      "activationKind": null,
      "fixedVariables": {
        "Crash": "FALSE",
        "VehiclesAy": "{(EgoVehicle↦0.0),(Vehicles2↦0.0),(Vehicles3↦0.0),(Vehicles4↦0.0),(Vehicles5↦-2.5375582026754273E-05)}",
        "Reward": "0.7000007867050947",
        "VehiclesAx": "{(EgoVehicle↦-0.00019550323486328125),(Vehicles2↦0.05394190549850464),(Vehicles3↦0.054699257016181946),(Vehicles4↦0.39293229579925537),(Vehicles5↦0.2152441442012787)}",
        "VehiclesVx": "{(EgoVehicle↦20.000028610229492),(Vehicles2↦1.5308693051338196),(Vehicles3↦-0.6314855813980103),(Vehicles4↦-1.6105067729949951),(Vehicles5↦0.8413428068161011)}",
        "VehiclesY": "{(EgoVehicle↦4.0000001192092896),(Vehicles2↦4.0000001192092896),(Vehicles3↦-4.0000001192092896),(Vehicles4↦0.0),(Vehicles5↦4.645350770715595E-07)}",
        "VehiclesVy": "{(EgoVehicle↦0.0),(Vehicles2↦0.0),(Vehicles3↦0.0),(Vehicles4↦0.0),(Vehicles5↦-1.3769295037491247E-06)}",
        "VehiclesX": "{(EgoVehicle↦200.0),(Vehicles2↦-2.5685880333185196),(Vehicles3↦6.307438760995865),(Vehicles4↦9.325536340475082),(Vehicles5↦59.199899435043335)}"
      },
      "probabilisticVariables": null,
      "activating": [
        "SLOWER_12"
      ],
      "activatingOnlyWhenExecuted": true,
      "updating": null,
      "withPredicate": null
    },
    {
      "id": "SLOWER_12",
      "execute": "SLOWER",
      "after": "1000",
      "priority": 0,
      "additionalGuards": null,
      "activationKind": null,
      "fixedVariables": {
        "Crash": "FALSE",
        "VehiclesAy": "{(EgoVehicle↦0.0),(Vehicles2↦0.0),(Vehicles3↦0.0),(Vehicles4↦0.0),(Vehicles5↦-1.4544121018644773E-06)}",
        "Reward": "0.7000001035990248",
        "VehiclesAx": "{(EgoVehicle↦-2.384185791015625E-05),(Vehicles2↦0.022263377904891968),(Vehicles3↦0.055578313767910004),(Vehicles4↦0.34002259373664856),(Vehicles5↦0.12308768928050995)}",
        "VehiclesVx": "{(EgoVehicle↦20.000004768371582),(Vehicles2↦1.5531326830387115),(Vehicles3↦-0.5759072676301003),(Vehicles4↦-1.2704841792583466),(Vehicles5↦0.964430496096611)}",
        "VehiclesY": "{(EgoVehicle↦4.0000001192092896),(Vehicles2↦4.0000001192092896),(Vehicles3↦-4.0000001192092896),(Vehicles4↦0.0),(Vehicles5↦2.6085150039989458E-08)}",
        "VehiclesVy": "{(EgoVehicle↦0.0),(Vehicles2↦0.0),(Vehicles3↦0.0),(Vehicles4↦0.0),(Vehicles5↦-7.748259811535263E-08)}",
        "VehiclesX": "{(EgoVehicle↦200.0),(Vehicles2↦-1.0269575752317905),(Vehicles3↦5.698281154036522),(Vehicles4↦7.855632901191711),(Vehicles5↦60.09604334831238)}"
      },
      "probabilisticVariables": null,
      "activating": [
        "SLOWER_13"
      ],
      "activatingOnlyWhenExecuted": true,
      "updating": null,
      "withPredicate": null
    },
    {
      "id": "SLOWER_13",
      "execute": "SLOWER",
      "after": "1000",
      "priority": 0,
      "additionalGuards": null,
      "activationKind": null,
      "fixedVariables": {
        "Crash": "FALSE",
        "VehiclesAy": "{(EgoVehicle↦0.0),(Vehicles2↦0.0),(Vehicles3↦0.0),(Vehicles4↦0.0),(Vehicles5↦-8.179454447088119E-08)}",
        "Reward": "0.70000001364267",
        "VehiclesAx": "{(EgoVehicle↦-4.76837158203125E-06),(Vehicles2↦0.0047172605991363525),(Vehicles3↦0.05303278565406799),(Vehicles4↦0.283321812748909),(Vehicles5↦0.06896547973155975)}",
        "VehiclesVx": "{(EgoVehicle↦20.0),(Vehicles2↦1.557849943637848),(Vehicles3↦-0.5228744819760323),(Vehicles4↦-0.9871623665094376),(Vehicles5↦1.0333959758281708)}",
        "VehiclesY": "{(EgoVehicle↦4.0000001192092896),(Vehicles2↦4.0000001192092896),(Vehicles3↦-4.0000001192092896),(Vehicles4↦0.0),(Vehicles5↦1.4499361711273195E-09)}",
        "VehiclesVy": "{(EgoVehicle↦0.0),(Vehicles2↦0.0),(Vehicles3↦0.0),(Vehicles4↦0.0),(Vehicles5↦-4.311946355528562E-09)}",
        "VehiclesX": "{(EgoVehicle↦200.0),(Vehicles2↦0.5290747154504061),(Vehicles3↦5.143880471587181),(Vehicles4↦6.702861934900284),(Vehicles5↦61.091309785842896)}"
      },
      "probabilisticVariables": null,
      "activating": [
        "SLOWER_14"
      ],
      "activatingOnlyWhenExecuted": true,
      "updating": null,
      "withPredicate": null
    },
    {
      "id": "SLOWER_14",
      "execute": "SLOWER",
      "after": "1000",
      "priority": 0,
      "additionalGuards": null,
      "activationKind": null,
      "fixedVariables": {
        "Crash": "FALSE",
        "VehiclesAy": "{(EgoVehicle↦0.0),(Vehicles2↦0.0),(Vehicles3↦0.0),(Vehicles4↦0.0),(Vehicles5↦-4.550422261218046E-09)}",
        "Reward": "0.7000000017965656",
        "VehiclesAx": "{(EgoVehicle↦0.0),(Vehicles2↦-0.004702061414718628),(Vehicles3↦0.04871085286140442),(Vehicles4↦0.23234710097312927),(Vehicles5↦0.03729492425918579)}",
        "VehiclesVx": "{(EgoVehicle↦20.0),(Vehicles2↦1.5531478822231293),(Vehicles3↦-0.47416362911462784),(Vehicles4↦-0.7548152655363083),(Vehicles5↦1.0706909000873566)}",
        "VehiclesY": "{(EgoVehicle↦4.0000001192092896),(Vehicles2↦4.0000001192092896),(Vehicles3↦-4.0000001192092896),(Vehicles4↦0.0),(Vehicles5↦8.0141226987962E-11)}",
        "VehiclesVy": "{(EgoVehicle↦0.0),(Vehicles2↦0.0),(Vehicles3↦0.0),(Vehicles4↦0.0),(Vehicles5↦-2.384759056894836E-10)}",
        "VehiclesX": "{(EgoVehicle↦200.0),(Vehicles2↦2.0855747163295746),(Vehicles3↦4.640877991914749),(Vehicles4↦5.812383443117142),(Vehicles5↦62.14155554771423)}"
      },
      "probabilisticVariables": null,
      "activating": [
        "SLOWER_15"
      ],
      "activatingOnlyWhenExecuted": true,
      "updating": null,
      "withPredicate": null
    },
    {
      "id": "SLOWER_15",
      "execute": "SLOWER",
      "after": "1000",
      "priority": 0,
      "additionalGuards": null,
      "activationKind": null,
      "fixedVariables": {
        "Crash": "FALSE",
        "VehiclesAy": "{(EgoVehicle↦0.0),(Vehicles2↦0.0),(Vehicles3↦0.0),(Vehicles4↦0.0),(Vehicles5↦-2.516209463010455E-10)}",
        "Reward": "0.7000000002365847",
        "VehiclesAx": "{(EgoVehicle↦0.0),(Vehicles2↦-0.009855180978775024),(Vehicles3↦0.0436299666762352),(Vehicles4↦0.1900816336274147),(Vehicles5↦0.020732805132865906)}",
        "VehiclesVx": "{(EgoVehicle↦20.0),(Vehicles2↦1.5432927012443542),(Vehicles3↦-0.43053366243839264),(Vehicles4↦-0.5647336319088936),(Vehicles5↦1.0914237052202225)}",
        "VehiclesY": "{(EgoVehicle↦4.0000001192092896),(Vehicles2↦4.0000001192092896),(Vehicles3↦-4.0000001192092896),(Vehicles4↦0.0),(Vehicles5↦4.4151349243293225E-12)}",
        "VehiclesVy": "{(EgoVehicle↦0.0),(Vehicles2↦0.0),(Vehicles3↦0.0),(Vehicles4↦0.0),(Vehicles5↦-1.3145040611561853E-11)}",
        "VehiclesX": "{(EgoVehicle↦200.0),(Vehicles2↦3.635106235742569),(Vehicles3↦4.184585437178612),(Vehicles4↦5.136613175272942),(Vehicles5↦63.22126388549805)}"
      },
      "probabilisticVariables": null,
      "activating": [
        "SLOWER_16"
      ],
      "activatingOnlyWhenExecuted": true,
      "updating": null,
      "withPredicate": null
    },
    {
      "id": "SLOWER_16",
      "execute": "SLOWER",
      "after": "1000",
      "priority": 0,
      "additionalGuards": null,
      "activationKind": null,
      "fixedVariables": {
        "Crash": "TRUE",
        "VehiclesAy": "{(EgoVehicle↦0.0),(Vehicles2↦0.0),(Vehicles3↦0.0),(Vehicles4↦0.0),(Vehicles5↦-1.3873346915715956E-11)}",
        "Reward": "0.03333333333333336",
        "VehiclesAx": "{(EgoVehicle↦-9.759999513626099),(Vehicles2↦-1.7985128238797188),(Vehicles3↦9.798403158783913),(Vehicles4↦11.854584105312824),(Vehicles5↦9.773058220744133)}",
        "VehiclesVx": "{(EgoVehicle↦10.240000486373901),(Vehicles2↦-0.25522012263536453),(Vehicles3↦9.36786949634552),(Vehicles4↦11.28985047340393),(Vehicles5↦10.864481925964355)}",
        "VehiclesY": "{(EgoVehicle↦4.0000001192092896),(Vehicles2↦0.0),(Vehicles3↦-4.0000001192092896),(Vehicles4↦4.0000001192092896),(Vehicles5↦2.424727085781342E-13)}",
        "VehiclesVy": "{(EgoVehicle↦0.0),(Vehicles2↦0.0),(Vehicles3↦0.0),(Vehicles4↦0.0),(Vehicles5↦-7.283063041541027E-13)}",
        "VehiclesX": "{(EgoVehicle↦200.0),(Vehicles2↦5.000000074505806),(Vehicles3↦6.172719970345497),(Vehicles4↦7.576170563697815),(Vehicles5↦66.72158241271973)}"
      },
      "probabilisticVariables": null,
      "activating": null,
      "activatingOnlyWhenExecuted": true,
      "updating": null,
      "withPredicate": null
    }
  ],
  "listeners": [],
  "metadata": {
    "fileType": "Timed_Trace",
    "formatVersion": 3,
    "savedAt": "2023-08-21T06:52:49.220329Z",
    "creator": "Simulation: HYPOTHESIS_TEST; SIGNIFICANCE : 0.05, PROBABILITY : 0.95, MAX_STEPS_BEFORE_PROPERTY : 0, EXECUTIONS : 1000, PREDICATE : Crash = FALSE, ENDING_TIME : 60000, HYPOTHESIS_CHECKING_TYPE : LEFT_TAILED, CHECKING_TYPE : PREDICATE_INVARIANT",
    "proB2KernelVersion": "4.12.2",
    "proBCliVersion": "1.12.2-final",
    "modelName": "HighwayEnvironment2"
  }
}