{
  "variables": {},
  "activations": [
    {
      "id": "$setup_constants",
      "execute": "$setup_constants",
      "after": "0",
      "priority": 0,
      "additionalGuards": null,
      "activationKind": null,
      "fixedVariables": null,
      "probabilisticVariables": null,
      "activating": null,
      "activatingOnlyWhenExecuted": true,
      "updating": null,
      "withPredicate": null
    },
    {
      "id": "$initialise_machine",
      "execute": "$initialise_machine",
      "after": "0",
      "priority": 0,
      "additionalGuards": null,
      "activationKind": null,
      "fixedVariables": {
        "Crash": "FALSE",
        "VehiclesAy": "{(EgoVehicle↦0.0),(Vehicles2↦0.0),(Vehicles3↦0.0),(Vehicles4↦0.0),(Vehicles5↦0.0)}",
        "Reward": "0.0",
        "VehiclesAx": "{(EgoVehicle↦0.0),(Vehicles2↦0.0),(Vehicles3↦0.0),(Vehicles4↦0.0),(Vehicles5↦0.0)}",
        "VehiclesVx": "{(EgoVehicle↦25.0),(Vehicles2↦-2.7748140692710876),(Vehicles3↦-2.1817398071289062),(Vehicles4↦-1.2742935121059418),(Vehicles5↦-1.6731637716293335)}",
        "VehiclesY": "{(EgoVehicle↦0.0),(Vehicles2↦4.0000001192092896),(Vehicles3↦4.0000001192092896),(Vehicles4↦0.0),(Vehicles5↦0.0)}",
        "VehiclesVy": "{(EgoVehicle↦0.0),(Vehicles2↦0.0),(Vehicles3↦0.0),(Vehicles4↦0.0),(Vehicles5↦0.0)}",
        "VehiclesX": "{(EgoVehicle↦149.77643489837646),(Vehicles2↦21.56378924846649),(Vehicles3↦44.813522696495056),(Vehicles4↦70.08875608444214),(Vehicles5↦95.24275660514832)}"
      },
      "probabilisticVariables": null,
      "activating": [
        "IDLE_2"
      ],
      "activatingOnlyWhenExecuted": true,
      "updating": null,
      "withPredicate": null
    },
    {
      "id": "IDLE_2",
      "execute": "IDLE",
      "after": "1000",
      "priority": 0,
      "additionalGuards": null,
      "activationKind": null,
      "fixedVariables": {
        "Crash": "FALSE",
        "VehiclesAy": "{(EgoVehicle↦0.0),(Vehicles2↦2.137414962053299),(Vehicles3↦0.0),(Vehicles4↦0.0),(Vehicles5↦0.0)}",
        "Reward": "0.7999999999999999",
        "VehiclesAx": "{(EgoVehicle↦0.0),(Vehicles2↦-3.991865813732147),(Vehicles3↦-0.2446131408214569),(Vehicles4↦-4.920258671045303),(Vehicles5↦-1.2088584899902344)}",
        "VehiclesVx": "{(EgoVehicle↦25.0),(Vehicles2↦-6.766679883003235),(Vehicles3↦-2.426352947950363),(Vehicles4↦-6.194552183151245),(Vehicles5↦-2.882022261619568)}",
        "VehiclesY": "{(EgoVehicle↦0.0),(Vehicles2↦7.2318034172058105),(Vehicles3↦4.0000001192092896),(Vehicles4↦0.0),(Vehicles5↦0.0)}",
        "VehiclesVy": "{(EgoVehicle↦0.0),(Vehicles2↦2.137414962053299),(Vehicles3↦0.0),(Vehicles4↦0.0),(Vehicles5↦0.0)}",
        "VehiclesX": "{(EgoVehicle↦174.77643489837646),(Vehicles2↦16.18192493915558),(Vehicles3↦42.564791440963745),(Vehicles4↦66.51484370231628),(Vehicles5↦93.11580657958984)}"
      },
      "probabilisticVariables": null,
      "activating": [
        "LANE_RIGHT_3"
      ],
      "activatingOnlyWhenExecuted": true,
      "updating": null,
      "withPredicate": null
    },
    {
      "id": "LANE_RIGHT_3",
      "execute": "LANE_RIGHT",
      "after": "1000",
      "priority": 0,
      "additionalGuards": null,
      "activationKind": null,
      "fixedVariables": {
        "Crash": "FALSE",
        "VehiclesAy": "{(EgoVehicle↦1.0796338319778442),(Vehicles2↦-3.0604562908411026),(Vehicles3↦-1.0796338319778442),(Vehicles4↦-1.0796338319778442),(Vehicles5↦-1.0796338319778442)}",
        "Reward": "0.8327113850086175",
        "VehiclesAx": "{(EgoVehicle↦-0.023322105407714844),(Vehicles2↦1.2080824375152588),(Vehicles3↦-1.2524427473545074),(Vehicles4↦-1.292027235031128),(Vehicles5↦-0.5952510237693787)}",
        "VehiclesVx": "{(EgoVehicle↦24.976677894592285),(Vehicles2↦-5.558597445487976),(Vehicles3↦-3.6787956953048706),(Vehicles4↦-7.486579418182373),(Vehicles5↦-3.4772732853889465)}",
        "VehiclesY": "{(EgoVehicle↦3.6599650382995605),(Vehicles2↦4.2860201597213745),(Vehicles3↦0.3400348797440529),(Vehicles4↦-3.6599650382995605),(Vehicles5↦-3.6599650382995605)}",
        "VehiclesVy": "{(EgoVehicle↦1.0796338319778442),(Vehicles2↦-0.9230413287878036),(Vehicles3↦-1.0796338319778442),(Vehicles4↦-1.0796338319778442),(Vehicles5↦-1.0796338319778442)}",
        "VehiclesX": "{(EgoVehicle↦199.4566798210144),(Vehicles2↦10.246241092681885),(Vehicles3↦39.96494710445404),(Vehicles4↦59.958863258361816),(Vehicles5↦90.23865461349487)}"
      },
      "probabilisticVariables": null,
      "activating": [
        "IDLE_4"
      ],
      "activatingOnlyWhenExecuted": true,
      "updating": null,
      "withPredicate": null
    },
    {
      "id": "IDLE_4",
      "execute": "IDLE",
      "after": "1000",
      "priority": 0,
      "additionalGuards": null,
      "activationKind": null,
      "fixedVariables": {
        "Crash": "FALSE",
        "VehiclesAy": "{(EgoVehicle↦-1.041519611608237),(Vehicles2↦0.8948621503077447),(Vehicles3↦1.041519611608237),(Vehicles4↦1.041519611608237),(Vehicles5↦-1.1177480523474514)}",
        "Reward": "0.8333325585628742",
        "VehiclesAx": "{(EgoVehicle↦0.023293495178222656),(Vehicles2↦0.8574241399765015),(Vehicles3↦-0.7446393370628357),(Vehicles4↦-0.2074664831161499),(Vehicles5↦-0.4656410217285156)}",
        "VehiclesVx": "{(EgoVehicle↦24.999971389770508),(Vehicles2↦-4.701173305511475),(Vehicles3↦-4.423435032367706),(Vehicles4↦-7.694045901298523),(Vehicles5↦-3.942914307117462)}",
        "VehiclesY": "{(EgoVehicle↦3.9884995222091675),(Vehicles2↦4.0081257820129395),(Vehicles3↦0.01150053832679987),(Vehicles4↦-3.9884995222091675),(Vehicles5↦-3.9884995222091675)}",
        "VehiclesVy": "{(EgoVehicle↦0.03811422036960721),(Vehicles2↦-0.02817917848005891),(Vehicles3↦-0.03811422036960721),(Vehicles4↦-0.03811422036960721),(Vehicles5↦-0.03811422036960721)}",
        "VehiclesX": "{(EgoVehicle↦200.0),(Vehicles2↦5.052191391587257),(Vehicles3↦35.93769669532776),(Vehicles4↦52.33460068702698),(Vehicles5↦86.56103014945984)}"
      },
      "probabilisticVariables": null,
      "activating": [
        "IDLE_5"
      ],
      "activatingOnlyWhenExecuted": true,
      "updating": null,
      "withPredicate": null
    },
    {
      "id": "IDLE_5",
      "execute": "IDLE",
      "after": "1000",
      "priority": 0,
      "additionalGuards": null,
      "activationKind": null,
      "fixedVariables": {
        "Crash": "FALSE",
        "VehiclesAy": "{(EgoVehicle↦-0.03690516830829438),(Vehicles2↦0.027551245875656605),(Vehicles3↦0.03690516830829438),(Vehicles4↦0.03690516830829438),(Vehicles5↦-0.03932327243092004)}",
        "Reward": "0.833333332553703",
        "VehiclesAx": "{(EgoVehicle↦2.86102294921875E-05),(Vehicles2↦0.5449312925338745),(Vehicles3↦-0.3602597117424011),(Vehicles4↦0.15223145484924316),(Vehicles5↦-0.3829610347747803)}",
        "VehiclesVx": "{(EgoVehicle↦25.0),(Vehicles2↦-4.1562420129776),(Vehicles3↦-4.783694744110107),(Vehicles4↦-7.54181444644928),(Vehicles5↦-4.325875341892242)}",
        "VehiclesY": "{(EgoVehicle↦3.9996371269226074),(Vehicles2↦4.000167489051819),(Vehicles3↦0.0003629883358371444),(Vehicles4↦-3.9996371269226074),(Vehicles5↦-3.9996371269226074)}",
        "VehiclesVy": "{(EgoVehicle↦0.001209052061312832),(Vehicles2↦-0.0006279326044023037),(Vehicles3↦-0.001209052061312832),(Vehicles4↦-0.001209052061312832),(Vehicles5↦-0.001209052061312832)}",
        "VehiclesX": "{(EgoVehicle↦200.0),(Vehicles2↦0.5910535808652639),(Vehicles3↦31.35027289390564),(Vehicles4↦44.687619805336),(Vehicles5↦82.45977759361267)}"
      },
      "probabilisticVariables": null,
      "activating": [
        "LANE_LEFT_6"
      ],
      "activatingOnlyWhenExecuted": true,
      "updating": null,
      "withPredicate": null
    },
    {
      "id": "LANE_LEFT_6",
      "execute": "LANE_LEFT",
      "after": "1000",
      "priority": 0,
      "additionalGuards": null,
      "activationKind": null,
      "fixedVariables": {
        "Crash": "FALSE",
        "VehiclesAy": "{(EgoVehicle↦-1.0808054821245605),(Vehicles2↦1.0802566981874406),(Vehicles3↦1.0808054821245605),(Vehicles4↦1.0808054821245605),(Vehicles5↦1.0783873780019348)}",
        "Reward": "0.7993780947842447",
        "VehiclesAx": "{(EgoVehicle↦-0.023322105407714844),(Vehicles2↦0.34438103437423706),(Vehicles3↦-0.15209317207336426),(Vehicles4↦0.27092695236206055),(Vehicles5↦-0.29877185821533203)}",
        "VehiclesVx": "{(EgoVehicle↦24.976677894592285),(Vehicles2↦-3.811860978603363),(Vehicles3↦-4.935787916183472),(Vehicles4↦-7.270887494087219),(Vehicles5↦-4.6246472001075745)}",
        "VehiclesY": "{(EgoVehicle↦0.3400237038731575),(Vehicles2↦7.659965515136719),(Vehicles3↦3.6599761247634888),(Vehicles4↦-0.3400237038731575),(Vehicles5↦-0.3400237038731575)}",
        "VehiclesVy": "{(EgoVehicle↦-1.0795964300632477),(Vehicles2↦1.0796287655830383),(Vehicles3↦1.0795964300632477),(Vehicles4↦1.0795964300632477),(Vehicles5↦1.0795964300632477)}",
        "VehiclesX": "{(EgoVehicle↦200.0),(Vehicles2↦-3.1030192971229553),(Vehicles3↦26.805579662322998),(Vehicles4↦37.56175637245178),(Vehicles5↦78.32017540931702)}"
      },
      "probabilisticVariables": null,
      "activating": [
        "IDLE_7"
      ],
      "activatingOnlyWhenExecuted": true,
      "updating": null,
      "withPredicate": null
    },
    {
      "id": "IDLE_7",
      "execute": "IDLE",
      "after": "1000",
      "priority": 0,
      "additionalGuards": null,
      "activationKind": null,
      "fixedVariables": {
        "Crash": "FALSE",
        "VehiclesAy": "{(EgoVehicle↦1.0414833668619394),(Vehicles2↦-1.0415139561519027),(Vehicles3↦-1.0414833668619394),(Vehicles4↦-1.0414833668619394),(Vehicles5↦1.117709493264556)}",
        "Reward": "0.7999992252765988",
        "VehiclesAx": "{(EgoVehicle↦0.023293495178222656),(Vehicles2↦0.15916764736175537),(Vehicles3↦-0.10043919086456299),(Vehicles4↦0.22888660430908203),(Vehicles5↦-0.29117435216903687)}",
        "VehiclesVx": "{(EgoVehicle↦24.999971389770508),(Vehicles2↦-3.6526933312416077),(Vehicles3↦-5.036227107048035),(Vehicles4↦-7.042000889778137),(Vehicles5↦-4.915821552276611)}",
        "VehiclesY": "{(EgoVehicle↦0.011500191176310182),(Vehicles2↦7.98849892616272),(Vehicles3↦3.988499879837036),(Vehicles4↦-0.011500191176310182),(Vehicles5↦-0.011500191176310182)}",
        "VehiclesVy": "{(EgoVehicle↦-0.03811306320130825),(Vehicles2↦0.038114809431135654),(Vehicles3↦0.03811306320130825),(Vehicles4↦0.03811306320130825),(Vehicles5↦0.03811306320130825)}",
        "VehiclesX": "{(EgoVehicle↦200.0),(Vehicles2↦-6.853075325489044),(Vehicles3↦21.813729405403137),(Vehicles4↦30.37363588809967),(Vehicles5↦73.5646665096283)}"
      },
      "probabilisticVariables": null,
      "activating": [
        "SLOWER_8"
      ],
      "activatingOnlyWhenExecuted": true,
      "updating": null,
      "withPredicate": null
    },
    {
      "id": "SLOWER_8",
      "execute": "SLOWER",
      "after": "1000",
      "priority": 0,
      "additionalGuards": null,
      "activationKind": null,
      "fixedVariables": {
        "Crash": "FALSE",
        "VehiclesAy": "{(EgoVehicle↦0.036544524773489684),(Vehicles2↦-0.03654617830761708),(Vehicles3↦-0.036544524773489684),(Vehicles4↦-0.036544524773489684),(Vehicles5↦0.03968160162912682)}",
        "Reward": "0.6842249641185164",
        "VehiclesAx": "{(EgoVehicle↦-4.341535568237305),(Vehicles2↦4.442178010940552),(Vehicles3↦4.316006898880005),(Vehicles4↦4.5643410086631775),(Vehicles5↦4.12193737924099)}",
        "VehiclesVx": "{(EgoVehicle↦20.658435821533203),(Vehicles2↦0.7894846796989441),(Vehicles3↦-0.7202202081680298),(Vehicles4↦-2.4776598811149597),(Vehicles5↦-0.7938841730356216)}",
        "VehiclesY": "{(EgoVehicle↦0.0005422659596661106),(Vehicles2↦7.999457359313965),(Vehicles3↦3.999457597732544),(Vehicles4↦-0.0005422659596661106),(Vehicles5↦-0.0005422659596661106)}",
        "VehiclesVy": "{(EgoVehicle↦-0.0015685384278185666),(Vehicles2↦0.0015686311235185713),(Vehicles3↦0.0015685384278185666),(Vehicles4↦0.0015685384278185666),(Vehicles5↦0.0015685384278185666)}",
        "VehiclesX": "{(EgoVehicle↦200.0),(Vehicles2↦-8.065587282180786),(Vehicles3↦19.15944814682007),(Vehicles4↦25.81874430179596),(Vehicles5↦70.95240950584412)}"
      },
      "probabilisticVariables": null,
      "activating": [
        "SLOWER_9"
      ],
      "activatingOnlyWhenExecuted": true,
      "updating": null,
      "withPredicate": null
    },
    {
      "id": "SLOWER_9",
      "execute": "SLOWER",
      "after": "1000",
      "priority": 0,
      "additionalGuards": null,
      "activationKind": null,
      "fixedVariables": {
        "Crash": "FALSE",
        "VehiclesAy": "{(EgoVehicle↦0.0014723014646733645),(Vehicles2↦-0.0014723892763868207),(Vehicles3↦-0.0014723014646733645),(Vehicles4↦-0.0014723014646733645),(Vehicles5↦0.0016647753909637686)}",
        "Reward": "0.6689788706492967",
        "VehiclesAx": "{(EgoVehicle↦-0.5717277526855469),(Vehicles2↦0.6254230439662933),(Vehicles3↦0.5721865780651569),(Vehicles4↦0.7558876276016235),(Vehicles5↦0.3946477174758911)}",
        "VehiclesVx": "{(EgoVehicle↦20.086708068847656),(Vehicles2↦1.4149077236652374),(Vehicles3↦-0.14803363010287285),(Vehicles4↦-1.7217722535133362),(Vehicles5↦-0.39923645555973053)}",
        "VehiclesY": "{(EgoVehicle↦3.3165886634378694E-05),(Vehicles2↦7.999966621398926),(Vehicles3↦3.999966859817505),(Vehicles4↦-3.3165886634378694E-05),(Vehicles5↦-3.3165886634378694E-05)}",
        "VehiclesVy": "{(EgoVehicle↦-9.623696314520203E-05),(Vehicles2↦9.624184713175055E-05),(Vehicles3↦9.623696314520203E-05),(Vehicles4↦9.623696314520203E-05),(Vehicles5↦9.623696314520203E-05)}",
        "VehiclesX": "{(EgoVehicle↦200.0),(Vehicles2↦-6.93645179271698),(Vehicles3↦18.75341236591339),(Vehicles4↦23.73327612876892),(Vehicles5↦70.39992213249207)}"
      },
      "probabilisticVariables": null,
      "activating": [
        "SLOWER_10"
      ],
      "activatingOnlyWhenExecuted": true,
      "updating": null,
      "withPredicate": null
    },
    {
      "id": "SLOWER_10",
      "execute": "SLOWER",
      "after": "1000",
      "priority": 0,
      "additionalGuards": null,
      "activationKind": null,
      "fixedVariables": {
        "Crash": "FALSE",
        "VehiclesAy": "{(EgoVehicle↦9.025666997786175E-05),(Vehicles2↦-9.02612981690254E-05),(Vehicles3↦-9.025666997786175E-05),(Vehicles4↦-9.025666997786175E-05),(Vehicles5↦0.0001022172563125423)}",
        "Reward": "0.6669711544347124",
        "VehiclesAx": "{(EgoVehicle↦-0.07529020309448242),(Vehicles2↦0.10247945785522461),(Vehicles3↦0.08787797763943672),(Vehicles4↦0.22222116589546204),(Vehicles5↦-0.06499029695987701)}",
        "VehiclesVx": "{(EgoVehicle↦20.011417865753174),(Vehicles2↦1.517387181520462),(Vehicles3↦-0.06015565246343613),(Vehicles4↦-1.4995510876178741),(Vehicles5↦-0.46422675251960754)}",
        "VehiclesY": "{(EgoVehicle↦2.0592764826687926E-06),(Vehicles2↦7.999998092651367),(Vehicles3↦3.9999979734420776),(Vehicles4↦-2.0592764826687926E-06),(Vehicles5↦-2.0592764826687926E-06)}",
        "VehiclesVy": "{(EgoVehicle↦-5.980293167340278E-06),(Vehicles2↦5.980548962725152E-06),(Vehicles3↦5.980293167340278E-06),(Vehicles4↦5.980293167340278E-06),(Vehicles5↦5.980293167340278E-06)}",
        "VehiclesX": "{(EgoVehicle↦200.0),(Vehicles2↦-5.467576906085014),(Vehicles3↦18.651337921619415),(Vehicles4↦22.114598751068115),(Vehicles5↦69.9833869934082)}"
      },
      "probabilisticVariables": null,
      "activating": [
        "SLOWER_11"
      ],
      "activatingOnlyWhenExecuted": true,
      "updating": null,
      "withPredicate": null
    },
    {
      "id": "SLOWER_11",
      "execute": "SLOWER",
      "after": "1000",
      "priority": 0,
      "additionalGuards": null,
      "activationKind": null,
      "fixedVariables": {
        "Crash": "FALSE",
        "VehiclesAy": "{(EgoVehicle↦5.608261481881982E-06),(Vehicles2↦-5.608503919063423E-06),(Vehicles3↦-5.608261481881982E-06),(Vehicles4↦-5.608261481881982E-06),(Vehicles5↦6.352324852798574E-06)}",
        "Reward": "0.6667067638213094",
        "VehiclesAx": "{(EgoVehicle↦-0.009913444519042969),(Vehicles2↦0.02227485179901123),(Vehicles3↦0.02741193864494562),(Vehicles4↦0.1250956952571869),(Vehicles5↦-0.0990074872970581)}",
        "VehiclesVx": "{(EgoVehicle↦20.00150442123413),(Vehicles2↦1.5396620333194733),(Vehicles3↦-0.032743713818490505),(Vehicles4↦-1.3744553923606873),(Vehicles5↦-0.5632342398166656)}",
        "VehiclesY": "{(EgoVehicle↦1.2809266181079693E-07),(Vehicles2↦7.999999523162842),(Vehicles3↦3.999999761581421),(Vehicles4↦-1.2809266181079693E-07),(Vehicles5↦-1.2809266181079693E-07)}",
        "VehiclesVy": "{(EgoVehicle↦-3.720316854582961E-07),(Vehicles2↦3.720450436617284E-07),(Vehicles3↦3.720316854582961E-07),(Vehicles4↦3.720316854582961E-07),(Vehicles5↦3.720316854582961E-07)}",
        "VehiclesX": "{(EgoVehicle↦200.0),(Vehicles2↦-3.938908129930496),(Vehicles3↦18.60343962907791),(Vehicles4↦20.66887468099594),(Vehicles5↦69.47875618934631)}"
      },
      "probabilisticVariables": null,
      "activating": [
        "SLOWER_12"
      ],
      "activatingOnlyWhenExecuted": true,
      "updating": null,
      "withPredicate": null
    },
    {
      "id": "SLOWER_12",
      "execute": "SLOWER",
      "after": "1000",
      "priority": 0,
      "additionalGuards": null,
      "activationKind": null,
      "fixedVariables": {
        "Crash": "FALSE",
        "VehiclesAy": "{(EgoVehicle↦3.488844235732813E-07),(Vehicles2↦-3.4889708899754623E-07),(Vehicles3↦-3.488844235732813E-07),(Vehicles4↦-3.488844235732813E-07),(Vehicles5↦3.9517894734331094E-07)}",
        "Reward": "0.6666719469504057",
        "VehiclesAx": "{(EgoVehicle↦-0.0013065338134765625),(Vehicles2↦0.0054010748863220215),(Vehicles3↦0.02013748395256698),(Vehicles4↦0.09113803505897522),(Vehicles5↦-0.08117407560348511)}",
        "VehiclesVx": "{(EgoVehicle↦20.000197887420654),(Vehicles2↦1.5450631082057953),(Vehicles3↦-0.012606229865923524),(Vehicles4↦-1.283317357301712),(Vehicles5↦-0.6444083154201508)}",
        "VehiclesY": "{(EgoVehicle↦7.969622295433965E-09),(Vehicles2↦8.000000238418579),(Vehicles3↦4.0000001192092896),(Vehicles4↦-7.969620963166335E-09),(Vehicles5↦-7.969620963166335E-09)}",
        "VehiclesVy": "{(EgoVehicle↦-2.3147261885014814E-08),(Vehicles2↦2.314795466418218E-08),(Vehicles3↦2.3147261885014814E-08),(Vehicles4↦2.3147261885014814E-08),(Vehicles5↦2.3147261885014814E-08)}",
        "VehiclesX": "{(EgoVehicle↦200.0),(Vehicles2↦-2.3964038118720055),(Vehicles3↦18.578927218914032),(Vehicles4↦19.332849979400635),(Vehicles5↦68.88131499290466)}"
      },
      "probabilisticVariables": null,
      "activating": [
        "SLOWER_13"
      ],
      "activatingOnlyWhenExecuted": true,
      "updating": null,
      "withPredicate": null
    },
    {
      "id": "SLOWER_13",
      "execute": "SLOWER",
      "after": "1000",
      "priority": 0,
      "additionalGuards": null,
      "activationKind": null,
      "fixedVariables": {
        "Crash": "FALSE",
        "VehiclesAy": "{(EgoVehicle↦2.1707045050334273E-08),(Vehicles2↦-2.170770230236485E-08),(Vehicles3↦-2.1707045050334273E-08),(Vehicles4↦-2.1707045050334273E-08),(Vehicles5↦2.4587478719695355E-08)}",
        "Reward": "0.6666673620126735",
        "VehiclesAx": "{(EgoVehicle↦-0.000171661376953125),(Vehicles2↦-0.0003382563591003418),(Vehicles3↦-1.2000849132891744),(Vehicles4↦1.2894047319423407),(Vehicles5↦-0.06011664867401123)}",
        "VehiclesVx": "{(EgoVehicle↦20.0000262260437),(Vehicles2↦1.544724851846695),(Vehicles3↦-1.212691143155098),(Vehicles4↦0.0060873746406286955),(Vehicles5↦-0.704524964094162)}",
        "VehiclesY": "{(EgoVehicle↦4.958646826480617E-10),(Vehicles2↦8.000000238418579),(Vehicles3↦-4.958646826480617E-10),(Vehicles4↦4.0000001192092896),(Vehicles5↦-4.958646826480617E-10)}",
        "VehiclesVy": "{(EgoVehicle↦-1.440216834680541E-09),(Vehicles2↦1.440252361817329E-09),(Vehicles3↦1.440216834680541E-09),(Vehicles4↦1.440216834680541E-09),(Vehicles5↦1.440216834680541E-09)}",
        "VehiclesX": "{(EgoVehicle↦200.0),(Vehicles2↦-0.851180125027895),(Vehicles3↦18.07914227247238),(Vehicles4↦18.573886156082153),(Vehicles5↦68.21126341819763)}"
      },
      "probabilisticVariables": null,
      "activating": [
        "SLOWER_14"
      ],
      "activatingOnlyWhenExecuted": true,
      "updating": null,
      "withPredicate": null
    },
    {
      "id": "SLOWER_14",
      "execute": "SLOWER",
      "after": "1000",
      "priority": 0,
      "additionalGuards": null,
      "activationKind": null,
      "fixedVariables": {
        "Crash": "FALSE",
        "VehiclesAy": "{(EgoVehicle↦1.3505996321327984E-09),(Vehicles2↦-1.3506529228379804E-09),(Vehicles3↦-1.3505996321327984E-09),(Vehicles4↦-1.3505996321327984E-09),(Vehicles5↦1.5298340372282837E-09)}",
        "Reward": "0.6666667582348652",
        "VehiclesAx": "{(EgoVehicle↦-2.384185791015625E-05),(Vehicles2↦-0.0030653178691864014),(Vehicles3↦0.05615659058094025),(Vehicles4↦0.017561345594003797),(Vehicles5↦-0.041666701436042786)}",
        "VehiclesVx": "{(EgoVehicle↦20.00000238418579),(Vehicles2↦1.5416595339775085),(Vehicles3↦-1.1565345525741577),(Vehicles4↦0.023648720234632492),(Vehicles5↦-0.7461916655302048)}",
        "VehiclesY": "{(EgoVehicle↦3.085265376512325E-11),(Vehicles2↦8.000000238418579),(Vehicles3↦-3.08513214974937E-11),(Vehicles4↦4.0000001192092896),(Vehicles5↦-3.08513214974937E-11)}",
        "VehiclesVy": "{(EgoVehicle↦-8.961720254774264E-11),(Vehicles2↦8.959943897934863E-11),(Vehicles3↦8.961720254774264E-11),(Vehicles4↦8.961720254774264E-11),(Vehicles5↦8.961720254774264E-11)}",
        "VehiclesX": "{(EgoVehicle↦200.0),(Vehicles2↦0.6924737710505724),(Vehicles3↦16.88988506793976),(Vehicles4↦18.58709305524826),(Vehicles5↦67.48871803283691)}"
      },
      "probabilisticVariables": null,
      "activating": [
        "SLOWER_15"
      ],
      "activatingOnlyWhenExecuted": true,
      "updating": null,
      "withPredicate": null
    },
    {
      "id": "SLOWER_15",
      "execute": "SLOWER",
      "after": "1000",
      "priority": 0,
      "additionalGuards": null,
      "activationKind": null,
      "fixedVariables": {
        "Crash": "FALSE",
        "VehiclesAy": "{(EgoVehicle↦8.404832385622285E-11),(Vehicles2↦-8.402167850363185E-11),(Vehicles3↦-8.403944207202585E-11),(Vehicles4↦-8.403944207202585E-11),(Vehicles5↦9.519496302345942E-11)}",
        "Reward": "0.6666666787250302",
        "VehiclesAx": "{(EgoVehicle↦-2.384185791015625E-06),(Vehicles2↦-0.004542320966720581),(Vehicles3↦0.04588693380355835),(Vehicles4↦0.016346764750778675),(Vehicles5↦-0.026107579469680786)}",
        "VehiclesVx": "{(EgoVehicle↦20.0),(Vehicles2↦1.537117213010788),(Vehicles3↦-1.1106476187705994),(Vehicles4↦0.03999548498541117),(Vehicles5↦-0.7722992449998856)}",
        "VehiclesY": "{(EgoVehicle↦1.921129921811371E-12),(Vehicles2↦8.000000238418579),(Vehicles3↦-1.9197976541818207E-12),(Vehicles4↦4.0000001192092896),(Vehicles5↦-1.9197976541818207E-12)}",
        "VehiclesVy": "{(EgoVehicle↦-5.568878691519785E-12),(Vehicles2↦5.5777604757167865E-12),(Vehicles3↦5.5777604757167865E-12),(Vehicles4↦5.5777604757167865E-12),(Vehicles5↦5.5777604757167865E-12)}",
        "VehiclesX": "{(EgoVehicle↦200.0),(Vehicles2↦2.2324033081531525),(Vehicles3↦15.752387046813965),(Vehicles4↦18.617378175258636),(Vehicles5↦66.73094630241394)}"
      },
      "probabilisticVariables": null,
      "activating": [
        "SLOWER_16"
      ],
      "activatingOnlyWhenExecuted": true,
      "updating": null,
      "withPredicate": null
    },
    {
      "id": "SLOWER_16",
      "execute": "SLOWER",
      "after": "1000",
      "priority": 0,
      "additionalGuards": null,
      "activationKind": null,
      "fixedVariables": {
        "Crash": "FALSE",
        "VehiclesAy": "{(EgoVehicle↦5.231370892033738E-12),(Vehicles2↦-5.240252676230739E-12),(Vehicles3↦-5.240252676230739E-12),(Vehicles4↦-5.240252676230739E-12),(Vehicles5↦5.915268275202834E-12)}",
        "Reward": "0.6666666682545993",
        "VehiclesAx": "{(EgoVehicle↦0.0),(Vehicles2↦-0.005384385585784912),(Vehicles3↦0.038804709911346436),(Vehicles4↦0.015138559974730015),(Vehicles5↦-0.013092607259750366)}",
        "VehiclesVx": "{(EgoVehicle↦20.0),(Vehicles2↦1.531732827425003),(Vehicles3↦-1.071842908859253),(Vehicles4↦0.05513404496014118),(Vehicles5↦-0.7853918522596359)}",
        "VehiclesY": "{(EgoVehicle↦1.199040866595169E-13),(Vehicles2↦8.000000238418579),(Vehicles3↦-1.1857181902996672E-13),(Vehicles4↦4.0000001192092896),(Vehicles5↦-1.1857181902996672E-13)}",
        "VehiclesVy": "{(EgoVehicle↦-3.375077994860476E-13),(Vehicles2↦3.375077994860476E-13),(Vehicles3↦3.375077994860476E-13),(Vehicles4↦3.375077994860476E-13),(Vehicles5↦3.375077994860476E-13)}",
        "VehiclesX": "{(EgoVehicle↦200.0),(Vehicles2↦3.7674173712730408),(Vehicles3↦14.657720923423767),(Vehicles4↦18.663524091243744),(Vehicles5↦65.95246195793152)}"
      },
      "probabilisticVariables": null,
      "activating": [
        "LANE_RIGHT_17"
      ],
      "activatingOnlyWhenExecuted": true,
      "updating": null,
      "withPredicate": null
    },
    {
      "id": "LANE_RIGHT_17",
      "execute": "LANE_RIGHT",
      "after": "1000",
      "priority": 0,
      "additionalGuards": null,
      "activationKind": null,
      "fixedVariables": {
        "Crash": "FALSE",
        "VehiclesAy": "{(EgoVehicle↦1.145863533020357),(Vehicles2↦-1.145863533020357),(Vehicles3↦-1.145863533020357),(Vehicles4↦-1.145863533020357),(Vehicles5↦-1.145863533019682)}",
        "Reward": "0.7000000000000001",
        "VehiclesAx": "{(EgoVehicle↦-0.0328516960144043),(Vehicles2↦0.026968270540237427),(Vehicles3↦0.06698422133922577),(Vehicles4↦0.046851206570863724),(Vehicles5↦0.030576437711715698)}",
        "VehiclesVx": "{(EgoVehicle↦19.967148303985596),(Vehicles2↦1.5587010979652405),(Vehicles3↦-1.0048586875200272),(Vehicles4↦0.1019852515310049),(Vehicles5↦-0.7548154145479202)}",
        "VehiclesY": "{(EgoVehicle↦3.6036994457244873),(Vehicles2↦4.396300435066223),(Vehicles3↦-3.6036994457244873),(Vehicles4↦0.39630044996738434),(Vehicles5↦-3.6036994457244873)}",
        "VehiclesVy": "{(EgoVehicle↦1.1458635330200195),(Vehicles2↦-1.1458635330200195),(Vehicles3↦-1.1458635330200195),(Vehicles4↦-1.1458635330200195),(Vehicles5↦-1.1458635330200195)}",
        "VehiclesX": "{(EgoVehicle↦200.0),(Vehicles2↦5.683420971035957),(Vehicles3↦13.986419141292572),(Vehicles4↦19.110938906669617),(Vehicles5↦65.55196642875671)}"
      },
      "probabilisticVariables": null,
      "activating": [
        "IDLE_18"
      ],
      "activatingOnlyWhenExecuted": true,
      "updating": null,
      "withPredicate": null
    },
    {
      "id": "IDLE_18",
      "execute": "IDLE",
      "after": "1000",
      "priority": 0,
      "additionalGuards": null,
      "activationKind": null,
      "fixedVariables": {
        "Crash": "FALSE",
        "VehiclesAy": "{(EgoVehicle↦-1.074060839600861),(Vehicles2↦1.074060839600861),(Vehicles3↦1.074060839600861),(Vehicles4↦1.074060839600861),(Vehicles5↦-1.217666226439178)}",
        "Reward": "0.7000000000000001",
        "VehiclesAx": "{(EgoVehicle↦0.03272294998168945),(Vehicles2↦-0.038918107748031616),(Vehicles3↦-0.001478344202041626),(Vehicles4↦-0.01977408304810524),(Vehicles5↦-0.026091039180755615)}",
        "VehiclesVx": "{(EgoVehicle↦19.999871253967285),(Vehicles2↦1.5197829902172089),(Vehicles3↦-1.0063370317220688),(Vehicles4↦0.08221116848289967),(Vehicles5↦-0.7809064537286758)}",
        "VehiclesY": "{(EgoVehicle↦3.9752776622772217),(Vehicles2↦4.024722576141357),(Vehicles3↦-3.9752776622772217),(Vehicles4↦0.02472245693206787),(Vehicles5↦-3.9752776622772217)}",
        "VehiclesVy": "{(EgoVehicle↦0.07180269341915846),(Vehicles2↦-0.07180269341915846),(Vehicles3↦-0.07180269341915846),(Vehicles4↦-0.07180269341915846),(Vehicles5↦-0.07180269341915846)}",
        "VehiclesX": "{(EgoVehicle↦200.0),(Vehicles2↦7.212097197771072),(Vehicles3↦12.966664135456085),(Vehicles4↦19.19061690568924),(Vehicles5↦64.77159261703491)}"
      },
      "probabilisticVariables": null,
      "activating": [
        "SLOWER_19"
      ],
      "activatingOnlyWhenExecuted": true,
      "updating": null,
      "withPredicate": null
    },
    {
      "id": "SLOWER_19",
      "execute": "SLOWER",
      "after": "1000",
      "priority": 0,
      "additionalGuards": null,
      "activationKind": null,
      "fixedVariables": {
        "Crash": "FALSE",
        "VehiclesAy": "{(EgoVehicle↦-0.06733491318300366),(Vehicles2↦0.06733491318300366),(Vehicles3↦0.06733491318300366),(Vehicles4↦0.06733491318300366),(Vehicles5↦-0.07627047365531325)}",
        "Reward": "0.7000000000000001",
        "VehiclesAx": "{(EgoVehicle↦0.00012874603271484375),(Vehicles2↦-0.006530284881591797),(Vehicles3↦0.029516741633415222),(Vehicles4↦0.011861082166433334),(Vehicles5↦0.013746321201324463)}",
        "VehiclesVx": "{(EgoVehicle↦20.0),(Vehicles2↦1.513252705335617),(Vehicles3↦-0.9768202900886536),(Vehicles4↦0.094072250649333),(Vehicles5↦-0.7671601325273514)}",
        "VehiclesY": "{(EgoVehicle↦3.998461604118347),(Vehicles2↦4.001538276672363),(Vehicles3↦-3.998461604118347),(Vehicles4↦0.001538257347419858),(Vehicles5↦-3.998461604118347)}",
        "VehiclesVy": "{(EgoVehicle↦0.004467780236154795),(Vehicles2↦-0.004467780236154795),(Vehicles3↦-0.004467780236154795),(Vehicles4↦-0.004467780236154795),(Vehicles5↦-0.004467780236154795)}",
        "VehiclesX": "{(EgoVehicle↦200.0),(Vehicles2↦8.729224652051926),(Vehicles3↦11.972164362668991),(Vehicles4↦19.27758902311325),(Vehicles5↦63.99561166763306)}"
      },
      "probabilisticVariables": null,
      "activating": [
        "SLOWER_20"
      ],
      "activatingOnlyWhenExecuted": true,
      "updating": null,
      "withPredicate": null
    },
    {
      "id": "SLOWER_20",
      "execute": "SLOWER",
      "after": "1000",
      "priority": 0,
      "additionalGuards": null,
      "activationKind": null,
      "fixedVariables": {
        "Crash": "FALSE",
        "VehiclesAy": "{(EgoVehicle↦-0.0041897953997249715),(Vehicles2↦0.0041897953997249715),(Vehicles3↦0.0041897953997249715),(Vehicles4↦0.0041897953997249715),(Vehicles5↦-0.004745765072584618)}",
        "Reward": "0.7000000000000001",
        "VehiclesAx": "{(EgoVehicle↦0.0),(Vehicles2↦-0.006551146507263184),(Vehicles3↦0.028941631317138672),(Vehicles4↦0.011114701628684998),(Vehicles5↦0.019667446613311768)}",
        "VehiclesVx": "{(EgoVehicle↦20.0),(Vehicles2↦1.5067015588283539),(Vehicles3↦-0.9478786587715149),(Vehicles4↦0.105186952278018),(Vehicles5↦-0.7474926859140396)}",
        "VehiclesY": "{(EgoVehicle↦3.9999042749404907),(Vehicles2↦4.00009560585022),(Vehicles3↦-3.9999042749404907),(Vehicles4↦9.571019108989276E-05),(Vehicles5↦-3.9999042749404907)}",
        "VehiclesVy": "{(EgoVehicle↦0.0002779848364298232),(Vehicles2↦-0.0002779848364298232),(Vehicles3↦-0.0002779848364298232),(Vehicles4↦-0.0002779848364298232),(Vehicles5↦-0.0002779848364298232)}",
        "VehiclesX": "{(EgoVehicle↦200.0),(Vehicles2↦10.239867120981216),(Vehicles3↦11.006949096918106),(Vehicles4↦19.376173615455627),(Vehicles5↦63.23590874671936)}"
      },
      "probabilisticVariables": null,
      "activating": [
        "SLOWER_21"
      ],
      "activatingOnlyWhenExecuted": true,
      "updating": null,
      "withPredicate": null
    },
    {
      "id": "SLOWER_21",
      "execute": "SLOWER",
      "after": "1000",
      "priority": 0,
      "additionalGuards": null,
      "activationKind": null,
      "fixedVariables": {
        "Crash": "FALSE",
        "VehiclesAy": "{(EgoVehicle↦-0.0002606886528155883),(Vehicles2↦0.0002606886528155883),(Vehicles3↦0.0002606886528155883),(Vehicles4↦0.0002606886528155883),(Vehicles5↦-0.0002952810200440581)}",
        "Reward": "0.7000000000000001",
        "VehiclesAx": "{(EgoVehicle↦0.0),(Vehicles2↦-2.4257461726665497),(Vehicles3↦2.447914332151413),(Vehicles4↦0.010320683941245079),(Vehicles5↦0.024208128452301025)}",
        "VehiclesVx": "{(EgoVehicle↦20.0),(Vehicles2↦-0.9190446138381958),(Vehicles3↦1.500035673379898),(Vehicles4↦0.11550763621926308),(Vehicles5↦-0.7232845574617386)}",
        "VehiclesY": "{(EgoVehicle↦3.9999940395355225),(Vehicles2↦-3.9999940395355225),(Vehicles3↦4.000005841255188),(Vehicles4↦5.955076858299435E-06),(Vehicles5↦-3.9999940395355225)}",
        "VehiclesVy": "{(EgoVehicle↦1.7296183614234906E-05),(Vehicles2↦-1.7296183614234906E-05),(Vehicles3↦-1.7296183614234906E-05),(Vehicles4↦-1.7296183614234906E-05),(Vehicles5↦-1.7296183614234906E-05)}",
        "VehiclesX": "{(EgoVehicle↦200.0),(Vehicles2↦10.070595145225525),(Vehicles3↦11.743910610675812),(Vehicles4↦19.48554962873459),(Vehicles5↦62.497782707214355)}"
      },
      "probabilisticVariables": null,
      "activating": [
        "SLOWER_22"
      ],
      "activatingOnlyWhenExecuted": true,
      "updating": null,
      "withPredicate": null
    },
    {
      "id": "SLOWER_22",
      "execute": "SLOWER",
      "after": "1000",
      "priority": 0,
      "additionalGuards": null,
      "activationKind": null,
      "fixedVariables": {
        "Crash": "FALSE",
        "VehiclesAy": "{(EgoVehicle↦-1.6220017187151825E-05),(Vehicles2↦1.6220017187151825E-05),(Vehicles3↦1.6220017187151825E-05),(Vehicles4↦1.6220017187151825E-05),(Vehicles5↦-1.8372350041317986E-05)}",
        "Reward": "0.7000000000000074",
        "VehiclesAx": "{(EgoVehicle↦0.0),(Vehicles2↦0.029092207551002502),(Vehicles3↦-0.0067618489265441895),(Vehicles4↦0.00960150733590126),(Vehicles5↦0.02767615020275116)}",
        "VehiclesVx": "{(EgoVehicle↦20.0),(Vehicles2↦-0.8899524062871933),(Vehicles3↦1.4932738244533539),(Vehicles4↦0.12510914355516434),(Vehicles5↦-0.6956084072589874)}",
        "VehiclesY": "{(EgoVehicle↦3.999999761581421),(Vehicles2↦-3.999999761581421),(Vehicles3↦4.000000476837158),(Vehicles4↦3.705241340412613E-07),(Vehicles5↦-3.999999761581421)}",
        "VehiclesVy": "{(EgoVehicle↦1.0761664270830806E-06),(Vehicles2↦-1.0761664270830806E-06),(Vehicles3↦-1.0761664270830806E-06),(Vehicles4↦-1.0761664270830806E-06),(Vehicles5↦-1.0761664270830806E-06)}",
        "VehiclesX": "{(EgoVehicle↦200.0),(Vehicles2↦9.163156896829605),(Vehicles3↦13.241249322891235),(Vehicles4↦19.60495263338089),(Vehicles5↦61.78532838821411)}"
      },
      "probabilisticVariables": null,
      "activating": [
        "SLOWER_23"
      ],
      "activatingOnlyWhenExecuted": true,
      "updating": null,
      "withPredicate": null
    },
    {
      "id": "SLOWER_23",
      "execute": "SLOWER",
      "after": "1000",
      "priority": 0,
      "additionalGuards": null,
      "activationKind": null,
      "fixedVariables": {
        "Crash": "FALSE",
        "VehiclesAy": "{(EgoVehicle↦-1.0092074731460343E-06),(Vehicles2↦1.0092074820278185E-06),(Vehicles3↦1.0092074820278185E-06),(Vehicles4↦1.0092074820278185E-06),(Vehicles5↦-1.1431253721383428E-06)}",
        "Reward": "0.7000000000000011",
        "VehiclesAx": "{(EgoVehicle↦0.0),(Vehicles2↦0.02954721450805664),(Vehicles3↦-0.006845593452453613),(Vehicles4↦0.008954480290412903),(Vehicles5↦0.030237436294555664)}",
        "VehiclesVx": "{(EgoVehicle↦20.0),(Vehicles2↦-0.8604051917791367),(Vehicles3↦1.4864282310009003),(Vehicles4↦0.13406362384557724),(Vehicles5↦-0.6653709709644318)}",
        "VehiclesY": "{(EgoVehicle↦4.0000001192092896),(Vehicles2↦-4.0000001192092896),(Vehicles3↦4.0000001192092896),(Vehicles4↦2.3053966735631093E-08),(Vehicles5↦-4.0000001192092896)}",
        "VehiclesVy": "{(EgoVehicle↦6.695895393704632E-08),(Vehicles2↦-6.695894505526212E-08),(Vehicles3↦-6.695894505526212E-08),(Vehicles4↦-6.695894505526212E-08),(Vehicles5↦-6.695894505526212E-08)}",
        "VehiclesX": "{(EgoVehicle↦200.0),(Vehicles2↦8.284982293844223),(Vehicles3↦14.731790125370026),(Vehicles4↦19.733691215515137),(Vehicles5↦61.10163927078247)}"
      },
      "probabilisticVariables": null,
      "activating": [
        "SLOWER_24"
      ],
      "activatingOnlyWhenExecuted": true,
      "updating": null,
      "withPredicate": null
    },
    {
      "id": "SLOWER_24",
      "execute": "SLOWER",
      "after": "1000",
      "priority": 0,
      "additionalGuards": null,
      "activationKind": null,
      "fixedVariables": {
        "Crash": "FALSE",
        "VehiclesAy": "{(EgoVehicle↦-6.279277542375894E-08),(Vehicles2↦6.279276654197474E-08),(Vehicles3↦6.279276654197474E-08),(Vehicles4↦6.279276654197474E-08),(Vehicles5↦-7.11251235685495E-08)}",
        "Reward": "0.7000000000000001",
        "VehiclesAx": "{(EgoVehicle↦0.0),(Vehicles2↦0.030077099800109863),(Vehicles3↦-0.006921142339706421),(Vehicles4↦0.008377209305763245),(Vehicles5↦0.032042041420936584)}",
        "VehiclesVx": "{(EgoVehicle↦20.0),(Vehicles2↦-0.8303280919790268),(Vehicles3↦1.4795070886611938),(Vehicles4↦0.14244083315134048),(Vehicles5↦-0.6333289295434952)}",
        "VehiclesY": "{(EgoVehicle↦4.0000001192092896),(Vehicles2↦-4.0000001192092896),(Vehicles3↦4.0000001192092896),(Vehicles4↦1.4344152532430599E-09),(Vehicles5↦-4.0000001192092896)}",
        "VehiclesVy": "{(EgoVehicle↦4.1661785132873774E-09),(Vehicles2↦-4.1661785132873774E-09),(Vehicles3↦-4.1661785132873774E-09),(Vehicles4↦-4.1661785132873774E-09),(Vehicles5↦-4.1661785132873774E-09)}",
        "VehiclesX": "{(EgoVehicle↦200.0),(Vehicles2↦7.436564564704895),(Vehicles3↦16.215455532073975),(Vehicles4↦19.871149957180023),(Vehicles5↦60.44896841049194)}"
      },
      "probabilisticVariables": null,
      "activating": [
        "SLOWER_25"
      ],
      "activatingOnlyWhenExecuted": true,
      "updating": null,
      "withPredicate": null
    },
    {
      "id": "SLOWER_25",
      "execute": "SLOWER",
      "after": "1000",
      "priority": 0,
      "additionalGuards": null,
      "activationKind": null,
      "fixedVariables": {
        "Crash": "FALSE",
        "VehiclesAy": "{(EgoVehicle↦-3.906954759713699E-09),(Vehicles2↦3.906954759713699E-09),(Vehicles3↦3.906954759713699E-09),(Vehicles4↦3.906954759713699E-09),(Vehicles5↦-4.425402266861056E-09)}",
        "Reward": "0.7000000000000001",
        "VehiclesAx": "{(EgoVehicle↦0.0),(Vehicles2↦0.0305977463722229),(Vehicles3↦-0.006990879774093628),(Vehicles4↦0.007867617532610893),(Vehicles5↦0.03322359174489975)}",
        "VehiclesVx": "{(EgoVehicle↦20.0),(Vehicles2↦-0.7997303456068039),(Vehicles3↦1.4725162088871002),(Vehicles4↦0.15030845068395138),(Vehicles5↦-0.6001053377985954)}",
        "VehiclesY": "{(EgoVehicle↦4.0000001192092896),(Vehicles2↦-4.0000001192092896),(Vehicles3↦4.0000001192092896),(Vehicles4↦8.924860850356708E-11),(Vehicles5↦-4.0000001192092896)}",
        "VehiclesVy": "{(EgoVehicle↦2.5922375357367855E-10),(Vehicles2↦-2.5922375357367855E-10),(Vehicles3↦-2.5922375357367855E-10),(Vehicles4↦-2.5922375357367855E-10),(Vehicles5↦-2.5922375357367855E-10)}",
        "VehiclesX": "{(EgoVehicle↦200.0),(Vehicles2↦6.618436425924301),(Vehicles3↦17.692172527313232),(Vehicles4↦20.016776025295258),(Vehicles5↦59.82885956764221)}"
      },
      "probabilisticVariables": null,
      "activating": [
        "SLOWER_26"
      ],
      "activatingOnlyWhenExecuted": true,
      "updating": null,
      "withPredicate": null
    },
    {
      "id": "SLOWER_26",
      "execute": "SLOWER",
      "after": "1000",
      "priority": 0,
      "additionalGuards": null,
      "activationKind": null,
      "fixedVariables": {
        "Crash": "FALSE",
        "VehiclesAy": "{(EgoVehicle↦-2.430944334719243E-10),(Vehicles2↦2.430944334719243E-10),(Vehicles3↦2.430944334719243E-10),(Vehicles4↦2.430944334719243E-10),(Vehicles5↦-2.753530736754328E-10)}",
        "Reward": "0.7000000000000001",
        "VehiclesAx": "{(EgoVehicle↦0.0),(Vehicles2↦0.0310535728931427),(Vehicles3↦-0.007055699825286865),(Vehicles4↦0.007423562929034233),(Vehicles5↦0.03389876335859299)}",
        "VehiclesVx": "{(EgoVehicle↦20.0),(Vehicles2↦-0.7686767727136612),(Vehicles3↦1.4654605090618134),(Vehicles4↦0.1577320136129856),(Vehicles5↦-0.5662065744400024)}",
        "VehiclesY": "{(EgoVehicle↦4.0000001192092896),(Vehicles2↦-4.0000001192092896),(Vehicles3↦4.0000001192092896),(Vehicles4↦5.552891479965183E-12),(Vehicles5↦-4.0000001192092896)}",
        "VehiclesVy": "{(EgoVehicle↦1.6129320101754274E-11),(Vehicles2↦-1.6129320101754274E-11),(Vehicles3↦-1.6129320101754274E-11),(Vehicles4↦-1.6129320101754274E-11),(Vehicles5↦-1.6129320101754274E-11)}",
        "VehiclesX": "{(EgoVehicle↦200.0),(Vehicles2↦5.831094458699226),(Vehicles3↦19.161871075630188),(Vehicles4↦20.17008662223816),(Vehicles5↦59.24227833747864)}"
      },
      "probabilisticVariables": null,
      "activating": [
        "SLOWER_27"
      ],
      "activatingOnlyWhenExecuted": true,
      "updating": null,
      "withPredicate": null
    },
    {
      "id": "SLOWER_27",
      "execute": "SLOWER",
      "after": "1000",
      "priority": 0,
      "additionalGuards": null,
      "activationKind": null,
      "fixedVariables": {
        "Crash": "FALSE",
        "VehiclesAy": "{(EgoVehicle↦-1.511679670329613E-11),(Vehicles2↦1.511679670329613E-11),(Vehicles3↦1.511679670329613E-11),(Vehicles4↦1.511679670329613E-11),(Vehicles5↦-1.7141843500212417E-11)}",
        "Reward": "0.7000000000000001",
        "VehiclesAx": "{(EgoVehicle↦0.0),(Vehicles2↦0.031411200761795044),(Vehicles3↦-1.300685852766037),(Vehicles4↦1.300611849874258),(Vehicles5↦0.03416839987039566)}",
        "VehiclesVx": "{(EgoVehicle↦20.0),(Vehicles2↦-0.7372655719518661),(Vehicles3↦0.16477465629577637),(Vehicles4↦1.4583438634872437),(Vehicles5↦-0.5320381745696068)}",
        "VehiclesY": "{(EgoVehicle↦4.0000001192092896),(Vehicles2↦-4.0000001192092896),(Vehicles3↦3.4372504842394846E-13),(Vehicles4↦4.0000001192092896),(Vehicles5↦-4.0000001192092896)}",
        "VehiclesVy": "{(EgoVehicle↦1.0125233984581428E-12),(Vehicles2↦-1.0125233984581428E-12),(Vehicles3↦-1.0125233984581428E-12),(Vehicles4↦-1.0125233984581428E-12),(Vehicles5↦-1.0125233984581428E-12)}",
        "VehiclesX": "{(EgoVehicle↦200.0),(Vehicles2↦5.0749581307172775),(Vehicles3↦20.33066302537918),(Vehicles4↦20.624490082263947),(Vehicles5↦58.68973135948181)}"
      },
      "probabilisticVariables": null,
      "activating": [
        "LANE_RIGHT_28"
      ],
      "activatingOnlyWhenExecuted": true,
      "updating": null,
      "withPredicate": null
    },
    {
      "id": "LANE_RIGHT_28",
      "execute": "LANE_RIGHT",
      "after": "1000",
      "priority": 0,
      "additionalGuards": null,
      "activationKind": null,
      "fixedVariables": {
        "Crash": "FALSE",
        "VehiclesAy": "{(EgoVehicle↦1.145863533019007),(Vehicles2↦-1.145863533019007),(Vehicles3↦-1.145863533019007),(Vehicles4↦-1.145863533019007),(Vehicles5↦-1.145863533021032)}",
        "Reward": "0.7333333333333334",
        "VehiclesAx": "{(EgoVehicle↦-0.0328516960144043),(Vehicles2↦0.06450504064559937),(Vehicles3↦0.039574094116687775),(Vehicles4↦0.025678426027297974),(Vehicles5↦0.06696991622447968)}",
        "VehiclesVx": "{(EgoVehicle↦19.967148303985596),(Vehicles2↦-0.6727605313062668),(Vehicles3↦0.20434875041246414),(Vehicles4↦1.4840222895145416),(Vehicles5↦-0.4650682583451271)}",
        "VehiclesY": "{(EgoVehicle↦7.603699207305908),(Vehicles2↦-7.603699207305908),(Vehicles3↦-3.6036994457244873),(Vehicles4↦0.39630044996738434),(Vehicles5↦-7.603699207305908)}",
        "VehiclesVy": "{(EgoVehicle↦1.1458635330200195),(Vehicles2↦-1.1458635330200195),(Vehicles3↦-1.1458635330200195),(Vehicles4↦-1.1458635330200195),(Vehicles5↦-1.1458635330200195)}",
        "VehiclesX": "{(EgoVehicle↦200.0),(Vehicles2↦4.7369323670864105),(Vehicles3↦20.884743332862854),(Vehicles4↦22.466562688350677),(Vehicles5↦58.55794548988342)}"
      },
      "probabilisticVariables": null,
      "activating": [
        "IDLE_29"
      ],
      "activatingOnlyWhenExecuted": true,
      "updating": null,
      "withPredicate": null
    },
    {
      "id": "IDLE_29",
      "execute": "IDLE",
      "after": "1000",
      "priority": 0,
      "additionalGuards": null,
      "activationKind": null,
      "fixedVariables": {
        "Crash": "FALSE",
        "VehiclesAy": "{(EgoVehicle↦-1.074060839600861),(Vehicles2↦1.074060839600861),(Vehicles3↦1.074060839600861),(Vehicles4↦1.074060839600861),(Vehicles5↦-1.217666226439178)}",
        "Reward": "0.7333333333333334",
        "VehiclesAx": "{(EgoVehicle↦0.03272294998168945),(Vehicles2↦-0.0009497255086898804),(Vehicles3↦-0.02626456320285797),(Vehicles4↦-0.039950162172317505),(Vehicles5↦0.0010954588651657104)}",
        "VehiclesVx": "{(EgoVehicle↦19.999871253967285),(Vehicles2↦-0.6737102568149567),(Vehicles3↦0.17808418720960617),(Vehicles4↦1.4440721273422241),(Vehicles5↦-0.4639727994799614)}",
        "VehiclesY": "{(EgoVehicle↦7.975277423858643),(Vehicles2↦-7.975277423858643),(Vehicles3↦-3.9752776622772217),(Vehicles4↦0.02472245693206787),(Vehicles5↦-7.975277423858643)}",
        "VehiclesVy": "{(EgoVehicle↦0.07180269341915846),(Vehicles2↦-0.07180269341915846),(Vehicles3↦-0.07180269341915846),(Vehicles4↦-0.07180269341915846),(Vehicles5↦-0.07180269341915846)}",
        "VehiclesX": "{(EgoVehicle↦200.0),(Vehicles2↦4.049310088157654),(Vehicles3↦21.06412798166275),(Vehicles4↦23.920130729675293),(Vehicles5↦58.07887315750122)}"
      },
      "probabilisticVariables": null,
      "activating": [
        "IDLE_30"
      ],
      "activatingOnlyWhenExecuted": true,
      "updating": null,
      "withPredicate": null
    },
    {
      "id": "IDLE_30",
      "execute": "IDLE",
      "after": "1000",
      "priority": 0,
      "additionalGuards": null,
      "activationKind": null,
      "fixedVariables": {
        "Crash": "FALSE",
        "VehiclesAy": "{(EgoVehicle↦-0.06733491318300366),(Vehicles2↦0.06733491318300366),(Vehicles3↦0.06733491318300366),(Vehicles4↦0.06733491318300366),(Vehicles5↦-0.07627047365531325)}",
        "Reward": "0.7333333333333334",
        "VehiclesAx": "{(EgoVehicle↦0.00012874603271484375),(Vehicles2↦0.031645745038986206),(Vehicles3↦0.006120447069406509),(Vehicles4↦-0.007404983043670654),(Vehicles5↦0.03320131450891495)}",
        "VehiclesVx": "{(EgoVehicle↦20.0),(Vehicles2↦-0.6420645117759705),(Vehicles3↦0.18420463427901268),(Vehicles4↦1.4366671442985535),(Vehicles5↦-0.43077148497104645)}",
        "VehiclesY": "{(EgoVehicle↦7.998461723327637),(Vehicles2↦-7.998461723327637),(Vehicles3↦-3.998461604118347),(Vehicles4↦0.001538257347419858),(Vehicles5↦-7.998461723327637)}",
        "VehiclesVy": "{(EgoVehicle↦0.004467780236154795),(Vehicles2↦-0.004467780236154795),(Vehicles3↦-0.004467780236154795),(Vehicles4↦-0.004467780236154795),(Vehicles5↦-0.004467780236154795)}",
        "VehiclesX": "{(EgoVehicle↦200.0),(Vehicles2↦3.3882055431604385),(Vehicles3↦21.24461829662323),(Vehicles4↦25.361189246177673),(Vehicles5↦57.62816667556763)}"
      },
      "probabilisticVariables": null,
      "activating": [
        "IDLE_31"
      ],
      "activatingOnlyWhenExecuted": true,
      "updating": null,
      "withPredicate": null
    },
    {
      "id": "IDLE_31",
      "execute": "IDLE",
      "after": "1000",
      "priority": 0,
      "additionalGuards": null,
      "activationKind": null,
      "fixedVariables": {
        "Crash": "FALSE",
        "VehiclesAy": "{(EgoVehicle↦-0.0041897953997249715),(Vehicles2↦0.0041897953997249715),(Vehicles3↦0.0041897953997249715),(Vehicles4↦0.0041897953997249715),(Vehicles5↦-0.004745765072584618)}",
        "Reward": "0.7333333333333334",
        "VehiclesAx": "{(EgoVehicle↦0.0),(Vehicles2↦0.03166213631629944),(Vehicles3↦0.006088409572839737),(Vehicles4↦-0.007323324680328369),(Vehicles5↦0.032698847353458405)}",
        "VehiclesVx": "{(EgoVehicle↦20.0),(Vehicles2↦-0.610402375459671),(Vehicles3↦0.19029304385185242),(Vehicles4↦1.429343819618225),(Vehicles5↦-0.39807263761758804)}",
        "VehiclesY": "{(EgoVehicle↦7.99990439414978),(Vehicles2↦-7.99990439414978),(Vehicles3↦-3.9999042749404907),(Vehicles4↦9.571019108989276E-05),(Vehicles5↦-7.99990439414978)}",
        "VehiclesVy": "{(EgoVehicle↦0.0002779848364298232),(Vehicles2↦-0.0002779848364298232),(Vehicles3↦-0.0002779848364298232),(Vehicles4↦-0.0002779848364298232),(Vehicles5↦-0.0002779848364298232)}",
        "VehiclesX": "{(EgoVehicle↦200.0),(Vehicles2↦2.7588190510869026),(Vehicles3↦21.431268751621246),(Vehicles4↦26.794928312301636),(Vehicles5↦57.21052885055542)}"
      },
      "probabilisticVariables": null,
      "activating": [
        "IDLE_32"
      ],
      "activatingOnlyWhenExecuted": true,
      "updating": null,
      "withPredicate": null
    },
    {
      "id": "IDLE_32",
      "execute": "IDLE",
      "after": "1000",
      "priority": 0,
      "additionalGuards": null,
      "activationKind": null,
      "fixedVariables": {
        "Crash": "FALSE",
        "VehiclesAy": "{(EgoVehicle↦-0.0002606886528155883),(Vehicles2↦0.0002606886528155883),(Vehicles3↦0.0002606886528155883),(Vehicles4↦0.0002606886528155883),(Vehicles5↦-0.0002952810200440581)}",
        "Reward": "0.7333333333333334",
        "VehiclesAx": "{(EgoVehicle↦0.0),(Vehicles2↦0.03144890069961548),(Vehicles3↦0.00597488135099411),(Vehicles4↦-0.007365196943283081),(Vehicles5↦0.031966716051101685)}",
        "VehiclesVx": "{(EgoVehicle↦20.0),(Vehicles2↦-0.5789534747600555),(Vehicles3↦0.19626792520284653),(Vehicles4↦1.421978622674942),(Vehicles5↦-0.36610592156648636)}",
        "VehiclesY": "{(EgoVehicle↦7.999993801116943),(Vehicles2↦-7.999993801116943),(Vehicles3↦-3.9999940395355225),(Vehicles4↦5.955076858299435E-06),(Vehicles5↦-7.999993801116943)}",
        "VehiclesVy": "{(EgoVehicle↦1.7296183614234906E-05),(Vehicles2↦-1.7296183614234906E-05),(Vehicles3↦-1.7296183614234906E-05),(Vehicles4↦-1.7296183614234906E-05),(Vehicles5↦-1.7296183614234906E-05)}",
        "VehiclesX": "{(EgoVehicle↦200.0),(Vehicles2↦2.161017060279846),(Vehicles3↦21.62396013736725),(Vehicles4↦28.221330046653748),(Vehicles5↦56.82530403137207)}"
      },
      "probabilisticVariables": null,
      "activating": [
        "IDLE_33"
      ],
      "activatingOnlyWhenExecuted": true,
      "updating": null,
      "withPredicate": null
    },
    {
      "id": "IDLE_33",
      "execute": "IDLE",
      "after": "1000",
      "priority": 0,
      "additionalGuards": null,
      "activationKind": null,
      "fixedVariables": {
        "Crash": "FALSE",
        "VehiclesAy": "{(EgoVehicle↦-1.6220017187151825E-05),(Vehicles2↦1.6220017187151825E-05),(Vehicles3↦1.6220017187151825E-05),(Vehicles4↦1.6220017187151825E-05),(Vehicles5↦-1.8372350041317986E-05)}",
        "Reward": "0.7333333333333334",
        "VehiclesAx": "{(EgoVehicle↦0.0),(Vehicles2↦0.031144767999649048),(Vehicles3↦0.005902629345655441),(Vehicles4↦-0.0074040889739990234),(Vehicles5↦0.031162984669208527)}",
        "VehiclesVx": "{(EgoVehicle↦20.0),(Vehicles2↦-0.5478087067604065),(Vehicles3↦0.20217055454850197),(Vehicles4↦1.414574533700943),(Vehicles5↦-0.33494293689727783)}",
        "VehiclesY": "{(EgoVehicle↦7.999999523162842),(Vehicles2↦-7.999999523162842),(Vehicles3↦-3.999999761581421),(Vehicles4↦3.705241340412613E-07),(Vehicles5↦-7.999999523162842)}",
        "VehiclesVy": "{(EgoVehicle↦1.0761664270830806E-06),(Vehicles2↦-1.0761664270830806E-06),(Vehicles3↦-1.0761664270830806E-06),(Vehicles4↦-1.0761664270830806E-06),(Vehicles5↦-1.0761664270830806E-06)}",
        "VehiclesX": "{(EgoVehicle↦200.0),(Vehicles2↦1.5945490449666977),(Vehicles3↦21.822592616081238),(Vehicles4↦29.640349745750427),(Vehicles5↦56.47172927856445)}"
      },
      "probabilisticVariables": null,
      "activating": [
        "IDLE_34"
      ],
      "activatingOnlyWhenExecuted": true,
      "updating": null,
      "withPredicate": null
    },
    {
      "id": "IDLE_34",
      "execute": "IDLE",
      "after": "1000",
      "priority": 0,
      "additionalGuards": null,
      "activationKind": null,
      "fixedVariables": {
        "Crash": "FALSE",
        "VehiclesAy": "{(EgoVehicle↦-1.0092074731460343E-06),(Vehicles2↦1.0092074820278185E-06),(Vehicles3↦1.0092074820278185E-06),(Vehicles4↦1.0092074820278185E-06),(Vehicles5↦-1.1431253721383428E-06)}",
        "Reward": "0.7333333333333334",
        "VehiclesAx": "{(EgoVehicle↦0.0),(Vehicles2↦0.030762702226638794),(Vehicles3↦0.005868040025234222),(Vehicles4↦-0.007439255714416504),(Vehicles5↦0.030313096940517426)}",
        "VehiclesVx": "{(EgoVehicle↦20.0),(Vehicles2↦-0.5170460045337677),(Vehicles3↦0.2080385945737362),(Vehicles4↦1.4071352779865265),(Vehicles5↦-0.3046298399567604)}",
        "VehiclesY": "{(EgoVehicle↦8.000000238418579),(Vehicles2↦-8.000000238418579),(Vehicles3↦-4.0000001192092896),(Vehicles4↦2.3053966735631093E-08),(Vehicles5↦-8.000000238418579)}",
        "VehiclesVy": "{(EgoVehicle↦6.695895393704632E-08),(Vehicles2↦-6.695894505526212E-08),(Vehicles3↦-6.695894505526212E-08),(Vehicles4↦-6.695894505526212E-08),(Vehicles5↦-6.695894505526212E-08)}",
        "VehiclesX": "{(EgoVehicle↦200.0),(Vehicles2↦1.0590788908302784),(Vehicles3↦22.027112543582916),(Vehicles4↦31.05195164680481),(Vehicles5↦56.14898204803467)}"
      },
      "probabilisticVariables": null,
      "activating": [
        "IDLE_35"
      ],
      "activatingOnlyWhenExecuted": true,
      "updating": null,
      "withPredicate": null
    },
    {
      "id": "IDLE_35",
      "execute": "IDLE",
      "after": "1000",
      "priority": 0,
      "additionalGuards": null,
      "activationKind": null,
      "fixedVariables": {
        "Crash": "FALSE",
        "VehiclesAy": "{(EgoVehicle↦-6.279277542375894E-08),(Vehicles2↦6.279276654197474E-08),(Vehicles3↦6.279276654197474E-08),(Vehicles4↦6.279276654197474E-08),(Vehicles5↦-7.11251235685495E-08)}",
        "Reward": "0.7333333333333334",
        "VehiclesAx": "{(EgoVehicle↦0.0),(Vehicles2↦0.030314810574054718),(Vehicles3↦0.005866978317499161),(Vehicles4↦-0.0074706971645355225),(Vehicles5↦0.02943655475974083)}",
        "VehiclesVx": "{(EgoVehicle↦20.0),(Vehicles2↦-0.486731193959713),(Vehicles3↦0.21390557289123535),(Vehicles4↦1.399664580821991),(Vehicles5↦-0.2751932851970196)}",
        "VehiclesY": "{(EgoVehicle↦8.000000238418579),(Vehicles2↦-8.000000238418579),(Vehicles3↦-4.0000001192092896),(Vehicles4↦1.4344125887078008E-09),(Vehicles5↦-8.000000238418579)}",
        "VehiclesVy": "{(EgoVehicle↦4.1661785132873774E-09),(Vehicles2↦-4.1661785132873774E-09),(Vehicles3↦-4.1661785132873774E-09),(Vehicles4↦-4.1661785132873774E-09),(Vehicles5↦-4.1661785132873774E-09)}",
        "VehiclesX": "{(EgoVehicle↦200.0),(Vehicles2↦0.5541969556361437),(Vehicles3↦22.237496078014374),(Vehicles4↦32.45609998703003),(Vehicles5↦55.85619807243347)}"
      },
      "probabilisticVariables": null,
      "activating": [
        "IDLE_36"
      ],
      "activatingOnlyWhenExecuted": true,
      "updating": null,
      "withPredicate": null
    },
    {
      "id": "IDLE_36",
      "execute": "IDLE",
      "after": "1000",
      "priority": 0,
      "additionalGuards": null,
      "activationKind": null,
      "fixedVariables": {
        "Crash": "FALSE",
        "VehiclesAy": "{(EgoVehicle↦-3.906954759713699E-09),(Vehicles2↦3.906954759713699E-09),(Vehicles3↦3.906954759713699E-09),(Vehicles4↦3.906954759713699E-09),(Vehicles5↦-4.425402266861056E-09)}",
        "Reward": "0.7333333333333334",
        "VehiclesAx": "{(EgoVehicle↦0.0),(Vehicles2↦0.029812641441822052),(Vehicles3↦0.005895514041185379),(Vehicles4↦-0.007498264312744141),(Vehicles5↦0.028548594564199448)}",
        "VehiclesVx": "{(EgoVehicle↦20.0),(Vehicles2↦-0.45691855251789093),(Vehicles3↦0.21980108693242073),(Vehicles4↦1.3921663165092468),(Vehicles5↦-0.24664469063282013)}",
        "VehiclesY": "{(EgoVehicle↦8.000000238418579),(Vehicles2↦-8.000000238418579),(Vehicles3↦-4.0000001192092896),(Vehicles4↦8.924860850356708E-11),(Vehicles5↦-8.000000238418579)}",
        "VehiclesVy": "{(EgoVehicle↦2.5922375357367855E-10),(Vehicles2↦-2.5922375357367855E-10),(Vehicles3↦-2.5922375357367855E-10),(Vehicles4↦-2.5922375357367855E-10),(Vehicles5↦-2.5922375357367855E-10)}",
        "VehiclesX": "{(EgoVehicle↦200.0),(Vehicles2↦0.07943287491798401),(Vehicles3↦22.453756630420685),(Vehicles4↦33.85276794433594),(Vehicles5↦55.59249520301819)}"
      },
      "probabilisticVariables": null,
      "activating": [
        "IDLE_37"
      ],
      "activatingOnlyWhenExecuted": true,
      "updating": null,
      "withPredicate": null
    },
    {
      "id": "IDLE_37",
      "execute": "IDLE",
      "after": "1000",
      "priority": 0,
      "additionalGuards": null,
      "activationKind": null,
      "fixedVariables": {
        "Crash": "FALSE",
        "VehiclesAy": "{(EgoVehicle↦-2.430944334719243E-10),(Vehicles2↦2.430944334719243E-10),(Vehicles3↦2.430944334719243E-10),(Vehicles4↦2.430944334719243E-10),(Vehicles5↦-2.753530736754328E-10)}",
        "Reward": "0.7333333333333334",
        "VehiclesAx": "{(EgoVehicle↦0.0),(Vehicles2↦0.02926688641309738),(Vehicles3↦0.005949661135673523),(Vehicles4↦-0.007522106170654297),(Vehicles5↦0.027661006897687912)}",
        "VehiclesVx": "{(EgoVehicle↦20.0),(Vehicles2↦-0.42765166610479355),(Vehicles3↦0.22575074806809425),(Vehicles4↦1.3846442103385925),(Vehicles5↦-0.21898368373513222)}",
        "VehiclesY": "{(EgoVehicle↦8.000000238418579),(Vehicles2↦-8.000000238418579),(Vehicles3↦-4.0000001192092896),(Vehicles4↦5.552891479965183E-12),(Vehicles5↦-8.000000238418579)}",
        "VehiclesVy": "{(EgoVehicle↦1.6129320101754274E-11),(Vehicles2↦-1.6129320101754274E-11),(Vehicles3↦-1.6129320101754274E-11),(Vehicles4↦-1.6129320101754274E-11),(Vehicles5↦-1.6129320101754274E-11)}",
        "VehiclesX": "{(EgoVehicle↦200.0),(Vehicles2↦-0.36573377437889576),(Vehicles3↦22.675932943820953),(Vehicles4↦35.241928696632385),(Vehicles5↦55.356985330581665)}"
      },
      "probabilisticVariables": null,
      "activating": [
        "IDLE_38"
      ],
      "activatingOnlyWhenExecuted": true,
      "updating": null,
      "withPredicate": null
    },
    {
      "id": "IDLE_38",
      "execute": "IDLE",
      "after": "1000",
      "priority": 0,
      "additionalGuards": null,
      "activationKind": null,
      "fixedVariables": {
        "Crash": "FALSE",
        "VehiclesAy": "{(EgoVehicle↦-1.511679670329613E-11),(Vehicles2↦1.511679670329613E-11),(Vehicles3↦1.511679670329613E-11),(Vehicles4↦1.511679670329613E-11),(Vehicles5↦-1.7141843500212417E-11)}",
        "Reward": "0.7333333333333334",
        "VehiclesAx": "{(EgoVehicle↦0.0),(Vehicles2↦0.02868715673685074),(Vehicles3↦0.006025824695825577),(Vehicles4↦-0.007542073726654053),(Vehicles5↦0.02678271383047104)}",
        "VehiclesVx": "{(EgoVehicle↦20.0),(Vehicles2↦-0.3989645093679428),(Vehicles3↦0.23177657276391983),(Vehicles4↦1.3771021366119385),(Vehicles5↦-0.19220096990466118)}",
        "VehiclesY": "{(EgoVehicle↦8.000000238418579),(Vehicles2↦-8.000000238418579),(Vehicles3↦-4.0000001192092896),(Vehicles4↦3.4372504842394846E-13),(Vehicles5↦-8.000000238418579)}",
        "VehiclesVy": "{(EgoVehicle↦1.0125233984581428E-12),(Vehicles2↦-1.0125233984581428E-12),(Vehicles3↦-1.0125233984581428E-12),(Vehicles4↦-1.0125233984581428E-12),(Vehicles5↦-1.0125233984581428E-12)}",
        "VehiclesX": "{(EgoVehicle↦200.0),(Vehicles2↦-0.7818630896508694),(Vehicles3↦22.904086112976074),(Vehicles4↦36.623555421829224),(Vehicles5↦55.148786306381226)}"
      },
      "probabilisticVariables": null,
      "activating": [
        "IDLE_39"
      ],
      "activatingOnlyWhenExecuted": true,
      "updating": null,
      "withPredicate": null
    },
    {
      "id": "IDLE_39",
      "execute": "IDLE",
      "after": "1000",
      "priority": 0,
      "additionalGuards": null,
      "activationKind": null,
      "fixedVariables": {
        "Crash": "FALSE",
        "VehiclesAy": "{(EgoVehicle↦-9.592326932761353E-13),(Vehicles2↦9.592326932761353E-13),(Vehicles3↦9.592326932761353E-13),(Vehicles4↦9.414691248821327E-13),(Vehicles5↦-1.0658141036401503E-12)}",
        "Reward": "0.7333333333333334",
        "VehiclesAx": "{(EgoVehicle↦0.0),(Vehicles2↦0.028081946074962616),(Vehicles3↦0.006120409816503525),(Vehicles4↦-0.007558315992355347),(Vehicles5↦0.025920383632183075)}",
        "VehiclesVx": "{(EgoVehicle↦20.0),(Vehicles2↦-0.3708825632929802),(Vehicles3↦0.23789698258042336),(Vehicles4↦1.3695438206195831),(Vehicles5↦-0.1662805862724781)}",
        "VehiclesY": "{(EgoVehicle↦8.000000238418579),(Vehicles2↦-8.000000238418579),(Vehicles3↦-4.0000001192092896),(Vehicles4↦2.1316282072803006E-14),(Vehicles5↦-8.000000238418579)}",
        "VehiclesVy": "{(EgoVehicle↦5.3290705182007514E-14),(Vehicles2↦-5.3290705182007514E-14),(Vehicles3↦-5.3290705182007514E-14),(Vehicles4↦-7.105427357601002E-14),(Vehicles5↦-5.3290705182007514E-14)}",
        "VehiclesX": "{(EgoVehicle↦200.0),(Vehicles2↦-1.1695455759763718),(Vehicles3↦23.13830256462097),(Vehicles4↦37.9976361989975),(Vehicles5↦54.96702194213867)}"
      },
      "probabilisticVariables": null,
      "activating": [
        "IDLE_40"
      ],
      "activatingOnlyWhenExecuted": true,
      "updating": null,
      "withPredicate": null
    },
    {
      "id": "IDLE_40",
      "execute": "IDLE",
      "after": "1000",
      "priority": 0,
      "additionalGuards": null,
      "activationKind": null,
      "fixedVariables": {
        "Crash": "FALSE",
        "VehiclesAy": "{(EgoVehicle↦-5.3290705182007514E-14),(Vehicles2↦5.3290705182007514E-14),(Vehicles3↦5.3290705182007514E-14),(Vehicles4↦7.105427357601002E-14),(Vehicles5↦-5.3290705182007514E-14)}",
        "Reward": "0.7333333333333334",
        "VehiclesAx": "{(EgoVehicle↦0.0),(Vehicles2↦0.027458779513835907),(Vehicles3↦0.006230194121599197),(Vehicles4↦-0.007570534944534302),(Vehicles5↦0.025078924372792244)}",
        "VehiclesVx": "{(EgoVehicle↦20.0),(Vehicles2↦-0.3434237837791443),(Vehicles3↦0.24412717670202255),(Vehicles4↦1.3619732856750488),(Vehicles5↦-0.14120166189968586)}",
        "VehiclesY": "{(EgoVehicle↦8.000000238418579),(Vehicles2↦-8.000000238418579),(Vehicles3↦-4.0000001192092896),(Vehicles4↦0.0),(Vehicles5↦-8.000000238418579)}",
        "VehiclesVy": "{(EgoVehicle↦0.0),(Vehicles2↦0.0),(Vehicles3↦0.0),(Vehicles4↦0.0),(Vehicles5↦0.0)}",
        "VehiclesX": "{(EgoVehicle↦200.0),(Vehicles2↦-1.5293941833078861),(Vehicles3↦23.378682136535645),(Vehicles4↦39.364153146743774),(Vehicles5↦54.810839891433716)}"
      },
      "probabilisticVariables": null,
      "activating": [
        "IDLE_41"
      ],
      "activatingOnlyWhenExecuted": true,
      "updating": null,
      "withPredicate": null
    },
    {
      "id": "IDLE_41",
      "execute": "IDLE",
      "after": "1000",
      "priority": 0,
      "additionalGuards": null,
      "activationKind": null,
      "fixedVariables": {
        "Crash": "FALSE",
        "VehiclesAy": "{(EgoVehicle↦0.0),(Vehicles2↦0.0),(Vehicles3↦0.0),(Vehicles4↦0.0),(Vehicles5↦0.0)}",
        "Reward": "0.7333333333333334",
        "VehiclesAx": "{(EgoVehicle↦0.0),(Vehicles2↦0.02682410180568695),(Vehicles3↦0.0063521042466163635),(Vehicles4↦-0.007578730583190918),(Vehicles5↦0.024261847138404846)}",
        "VehiclesVx": "{(EgoVehicle↦20.0),(Vehicles2↦-0.31659968197345734),(Vehicles3↦0.2504792809486389),(Vehicles4↦1.354394555091858),(Vehicles5↦-0.11693981476128101)}",
        "VehiclesY": "{(EgoVehicle↦8.000000238418579),(Vehicles2↦-8.000000238418579),(Vehicles3↦-4.0000001192092896),(Vehicles4↦0.0),(Vehicles5↦-8.000000238418579)}",
        "VehiclesVy": "{(EgoVehicle↦0.0),(Vehicles2↦0.0),(Vehicles3↦0.0),(Vehicles4↦0.0),(Vehicles5↦0.0)}",
        "VehiclesX": "{(EgoVehicle↦200.0),(Vehicles2↦-1.862037368118763),(Vehicles3↦23.625341057777405),(Vehicles4↦40.7230943441391),(Vehicles5↦54.6794056892395)}"
      },
      "probabilisticVariables": null,
      "activating": [
        "IDLE_42"
      ],
      "activatingOnlyWhenExecuted": true,
      "updating": null,
      "withPredicate": null
    },
    {
      "id": "IDLE_42",
      "execute": "IDLE",
      "after": "1000",
      "priority": 0,
      "additionalGuards": null,
      "activationKind": null,
      "fixedVariables": {
        "Crash": "FALSE",
        "VehiclesAy": "{(EgoVehicle↦0.0),(Vehicles2↦0.0),(Vehicles3↦0.0),(Vehicles4↦0.0),(Vehicles5↦0.0)}",
        "Reward": "0.7333333333333334",
        "VehiclesAx": "{(EgoVehicle↦0.0),(Vehicles2↦0.02618342638015747),(Vehicles3↦0.006483383476734161),(Vehicles4↦-0.007583200931549072),(Vehicles5↦0.023471517488360405)}",
        "VehiclesVx": "{(EgoVehicle↦20.0),(Vehicles2↦-0.29041625559329987),(Vehicles3↦0.2569626644253731),(Vehicles4↦1.3468113541603088),(Vehicles5↦-0.09346829727292061)}",
        "VehiclesY": "{(EgoVehicle↦8.000000238418579),(Vehicles2↦-8.000000238418579),(Vehicles3↦-4.0000001192092896),(Vehicles4↦0.0),(Vehicles5↦-8.000000238418579)}",
        "VehiclesVy": "{(EgoVehicle↦0.0),(Vehicles2↦0.0),(Vehicles3↦0.0),(Vehicles4↦0.0),(Vehicles5↦0.0)}",
        "VehiclesX": "{(EgoVehicle↦200.0),(Vehicles2↦-2.1681122481822968),(Vehicles3↦23.87840300798416),(Vehicles4↦42.07445681095123),(Vehicles5↦54.57191467285156)}"
      },
      "probabilisticVariables": null,
      "activating": [
        "IDLE_43"
      ],
      "activatingOnlyWhenExecuted": true,
      "updating": null,
      "withPredicate": null
    },
    {
      "id": "IDLE_43",
      "execute": "IDLE",
      "after": "1000",
      "priority": 0,
      "additionalGuards": null,
      "activationKind": null,
      "fixedVariables": {
        "Crash": "FALSE",
        "VehiclesAy": "{(EgoVehicle↦0.0),(Vehicles2↦0.0),(Vehicles3↦0.0),(Vehicles4↦0.0),(Vehicles5↦0.0)}",
        "Reward": "0.7333333333333334",
        "VehiclesAx": "{(EgoVehicle↦0.0),(Vehicles2↦0.02554144710302353),(Vehicles3↦0.006621386855840683),(Vehicles4↦-0.007583647966384888),(Vehicles5↦0.02270943485200405)}",
        "VehiclesVx": "{(EgoVehicle↦20.0),(Vehicles2↦-0.26487480849027634),(Vehicles3↦0.26358405128121376),(Vehicles4↦1.339227706193924),(Vehicles5↦-0.07075886242091656)}",
        "VehiclesY": "{(EgoVehicle↦8.000000238418579),(Vehicles2↦-8.000000238418579),(Vehicles3↦-4.0000001192092896),(Vehicles4↦0.0),(Vehicles5↦-8.000000238418579)}",
        "VehiclesVy": "{(EgoVehicle↦0.0),(Vehicles2↦0.0),(Vehicles3↦0.0),(Vehicles4↦0.0),(Vehicles5↦0.0)}",
        "VehiclesX": "{(EgoVehicle↦200.0),(Vehicles2↦-2.448260597884655),(Vehicles3↦24.13800209760666),(Vehicles4↦43.4182345867157),(Vehicles5↦54.48759198188782)}"
      },
      "probabilisticVariables": null,
      "activating": [
        "IDLE_44"
      ],
      "activatingOnlyWhenExecuted": true,
      "updating": null,
      "withPredicate": null
    },
    {
      "id": "IDLE_44",
      "execute": "IDLE",
      "after": "1000",
      "priority": 0,
      "additionalGuards": null,
      "activationKind": null,
      "fixedVariables": {
        "Crash": "FALSE",
        "VehiclesAy": "{(EgoVehicle↦0.0),(Vehicles2↦0.0),(Vehicles3↦0.0),(Vehicles4↦0.0),(Vehicles5↦0.0)}",
        "Reward": "0.7333333333333334",
        "VehiclesAx": "{(EgoVehicle↦0.0),(Vehicles2↦0.024902019649744034),(Vehicles3↦0.0067638978362083435),(Vehicles4↦-0.007580071687698364),(Vehicles5↦0.021976446732878685)}",
        "VehiclesVx": "{(EgoVehicle↦20.0),(Vehicles2↦-0.2399727888405323),(Vehicles3↦0.2703479491174221),(Vehicles4↦1.3316476345062256),(Vehicles5↦-0.04878241568803787)}",
        "VehiclesY": "{(EgoVehicle↦8.000000238418579),(Vehicles2↦-8.000000238418579),(Vehicles3↦-4.0000001192092896),(Vehicles4↦0.0),(Vehicles5↦-8.000000238418579)}",
        "VehiclesVy": "{(EgoVehicle↦0.0),(Vehicles2↦0.0),(Vehicles3↦0.0),(Vehicles4↦0.0),(Vehicles5↦0.0)}",
        "VehiclesX": "{(EgoVehicle↦200.0),(Vehicles2↦-2.703123539686203),(Vehicles3↦24.40427988767624),(Vehicles4↦44.754430651664734),(Vehicles5↦54.42568063735962)}"
      },
      "probabilisticVariables": null,
      "activating": [
        "IDLE_45"
      ],
      "activatingOnlyWhenExecuted": true,
      "updating": null,
      "withPredicate": null
    },
    {
      "id": "IDLE_45",
      "execute": "IDLE",
      "after": "1000",
      "priority": 0,
      "additionalGuards": null,
      "activationKind": null,
      "fixedVariables": {
        "Crash": "FALSE",
        "VehiclesAy": "{(EgoVehicle↦0.0),(Vehicles2↦0.0),(Vehicles3↦0.0),(Vehicles4↦0.0),(Vehicles5↦0.0)}",
        "Reward": "0.7333333333333334",
        "VehiclesAx": "{(EgoVehicle↦0.0),(Vehicles2↦0.024268459528684616),(Vehicles3↦0.006908755749464035),(Vehicles4↦-0.00757262110710144),(Vehicles5↦0.021272848825901747)}",
        "VehiclesVx": "{(EgoVehicle↦20.0),(Vehicles2↦-0.2157043293118477),(Vehicles3↦0.27725670486688614),(Vehicles4↦1.3240750133991241),(Vehicles5↦-0.027509566862136126)}",
        "VehiclesY": "{(EgoVehicle↦8.000000238418579),(Vehicles2↦-8.000000238418579),(Vehicles3↦-4.0000001192092896),(Vehicles4↦0.0),(Vehicles5↦-8.000000238418579)}",
        "VehiclesVy": "{(EgoVehicle↦0.0),(Vehicles2↦0.0),(Vehicles3↦0.0),(Vehicles4↦0.0),(Vehicles5↦0.0)}",
        "VehiclesX": "{(EgoVehicle↦200.0),(Vehicles2↦-2.9333386570215225),(Vehicles3↦24.677380919456482),(Vehicles4↦46.08304798603058),(Vehicles5↦54.38546538352966)}"
      },
      "probabilisticVariables": null,
      "activating": [
        "FASTER_46"
      ],
      "activatingOnlyWhenExecuted": true,
      "updating": null,
      "withPredicate": null
    },
    {
      "id": "FASTER_46",
      "execute": "FASTER",
      "after": "1000",
      "priority": 0,
      "additionalGuards": null,
      "activationKind": null,
      "fixedVariables": {
        "Crash": "FALSE",
        "VehiclesAy": "{(EgoVehicle↦0.0),(Vehicles2↦0.0),(Vehicles3↦0.0),(Vehicles4↦0.0),(Vehicles5↦0.0)}",
        "Reward": "0.8491083676268861",
        "VehiclesAx": "{(EgoVehicle↦4.341564178466797),(Vehicles2↦-4.317920319736004),(Vehicles3↦-4.3345097079873085),(Vehicles4↦-4.349124878644943),(Vehicles5↦-4.3209651741199195)}",
        "VehiclesVx": "{(EgoVehicle↦24.341564178466797),(Vehicles2↦-4.533624649047852),(Vehicles3↦-4.057253003120422),(Vehicles4↦-3.025049865245819),(Vehicles5↦-4.348474740982056)}",
        "VehiclesY": "{(EgoVehicle↦8.000000238418579),(Vehicles2↦-8.000000238418579),(Vehicles3↦-4.0000001192092896),(Vehicles4↦0.0),(Vehicles5↦-8.000000238418579)}",
        "VehiclesVy": "{(EgoVehicle↦0.0),(Vehicles2↦0.0),(Vehicles3↦0.0),(Vehicles4↦0.0),(Vehicles5↦0.0)}",
        "VehiclesX": "{(EgoVehicle↦200.0),(Vehicles2↦-5.534597858786583),(Vehicles3↦22.562384605407715),(Vehicles4↦45.009034872055054),(Vehicles5↦51.97118520736694)}"
      },
      "probabilisticVariables": null,
      "activating": [
        "IDLE_47"
      ],
      "activatingOnlyWhenExecuted": true,
      "updating": null,
      "withPredicate": null
    },
    {
      "id": "IDLE_47",
      "execute": "IDLE",
      "after": "1000",
      "priority": 0,
      "additionalGuards": null,
      "activationKind": null,
      "fixedVariables": {
        "Crash": "FALSE",
        "VehiclesAy": "{(EgoVehicle↦0.0),(Vehicles2↦0.0),(Vehicles3↦0.0),(Vehicles4↦0.0),(Vehicles5↦0.0)}",
        "Reward": "0.864354462677889",
        "VehiclesAx": "{(EgoVehicle↦0.5717277526855469),(Vehicles2↦-0.0881582498550415),(Vehicles3↦0.4529288411140442),(Vehicles4↦-1.8752002716064453),(Vehicles5↦-0.18479615449905396)}",
        "VehiclesVx": "{(EgoVehicle↦24.913291931152344),(Vehicles2↦-4.621782898902893),(Vehicles3↦-3.604324162006378),(Vehicles4↦-4.900250136852264),(Vehicles5↦-4.53327089548111)}",
        "VehiclesY": "{(EgoVehicle↦8.000000238418579),(Vehicles2↦-4.0000001192092896),(Vehicles3↦0.0),(Vehicles4↦-8.000000238418579),(Vehicles5↦-4.0000001192092896)}",
        "VehiclesVy": "{(EgoVehicle↦0.0),(Vehicles2↦0.0),(Vehicles3↦0.0),(Vehicles4↦0.0),(Vehicles5↦0.0)}",
        "VehiclesX": "{(EgoVehicle↦200.0),(Vehicles2↦18.192601203918457),(Vehicles3↦41.665565967559814),(Vehicles4↦47.31534123420715),(Vehicles5↦82.25753903388977)}"
      },
      "probabilisticVariables": null,
      "activating": [
        "SLOWER_48"
      ],
      "activatingOnlyWhenExecuted": true,
      "updating": null,
      "withPredicate": null
    },
    {
      "id": "SLOWER_48",
      "execute": "SLOWER",
      "after": "1000",
      "priority": 0,
      "additionalGuards": null,
      "activationKind": null,
      "fixedVariables": {
        "Crash": "FALSE",
        "VehiclesAy": "{(EgoVehicle↦0.0),(Vehicles2↦0.0),(Vehicles3↦0.0),(Vehicles4↦0.0),(Vehicles5↦0.0)}",
        "Reward": "0.7505871446050443",
        "VehiclesAx": "{(EgoVehicle↦-4.2662739753723145),(Vehicles2↦4.273614622652531),(Vehicles3↦4.258747920393944),(Vehicles4↦4.285610504448414),(Vehicles5↦4.275641534477472)}",
        "VehiclesVx": "{(EgoVehicle↦20.64701795578003),(Vehicles2↦-0.3481682762503624),(Vehicles3↦0.6544237583875656),(Vehicles4↦-0.6146396324038506),(Vehicles5↦-0.2576293610036373)}",
        "VehiclesY": "{(EgoVehicle↦8.000000238418579),(Vehicles2↦-4.0000001192092896),(Vehicles3↦0.0),(Vehicles4↦-8.000000238418579),(Vehicles5↦-4.0000001192092896)}",
        "VehiclesVy": "{(EgoVehicle↦0.0),(Vehicles2↦0.0),(Vehicles3↦0.0),(Vehicles4↦0.0),(Vehicles5↦0.0)}",
        "VehiclesX": "{(EgoVehicle↦200.0),(Vehicles2↦15.927271544933319),(Vehicles3↦40.41175842285156),(Vehicles4↦44.77640092372894),(Vehicles5↦80.08152842521667)}"
      },
      "probabilisticVariables": null,
      "activating": [
        "SLOWER_49"
      ],
      "activatingOnlyWhenExecuted": true,
      "updating": null,
      "withPredicate": null
    },
    {
      "id": "SLOWER_49",
      "execute": "SLOWER",
      "after": "1000",
      "priority": 0,
      "additionalGuards": null,
      "activationKind": null,
      "fixedVariables": {
        "Crash": "FALSE",
        "VehiclesAy": "{(EgoVehicle↦0.0),(Vehicles2↦0.0),(Vehicles3↦0.0),(Vehicles4↦0.0),(Vehicles5↦0.0)}",
        "Reward": "0.7356054401674682",
        "VehiclesAx": "{(EgoVehicle↦-0.5618143081665039),(Vehicles2↦0.5692922882735729),(Vehicles3↦0.554310753941536),(Vehicles4↦0.5805604346096516),(Vehicles5↦0.5713284574449062)}",
        "VehiclesVx": "{(EgoVehicle↦20.085203647613525),(Vehicles2↦0.22112401202321053),(Vehicles3↦1.2087345123291016),(Vehicles4↦-0.03407919779419899),(Vehicles5↦0.3136990964412689)}",
        "VehiclesY": "{(EgoVehicle↦8.000000238418579),(Vehicles2↦-4.0000001192092896),(Vehicles3↦0.0),(Vehicles4↦-8.000000238418579),(Vehicles5↦-4.0000001192092896)}",
        "VehiclesVy": "{(EgoVehicle↦0.0),(Vehicles2↦0.0),(Vehicles3↦0.0),(Vehicles4↦0.0),(Vehicles5↦0.0)}",
        "VehiclesX": "{(EgoVehicle↦200.0),(Vehicles2↦15.892012417316437),(Vehicles3↦41.373106837272644),(Vehicles4↦44.479236006736755),(Vehicles5↦80.1376223564148)}"
      },
      "probabilisticVariables": null,
      "activating": [
        "SLOWER_50"
      ],
      "activatingOnlyWhenExecuted": true,
      "updating": null,
      "withPredicate": null
    },
    {
      "id": "SLOWER_50",
      "execute": "SLOWER",
      "after": "1000",
      "priority": 0,
      "additionalGuards": null,
      "activationKind": null,
      "fixedVariables": {
        "Crash": "FALSE",
        "VehiclesAy": "{(EgoVehicle↦0.0),(Vehicles2↦0.0),(Vehicles3↦0.0),(Vehicles4↦0.0),(Vehicles5↦0.0)}",
        "Reward": "0.7336325408176637",
        "VehiclesAx": "{(EgoVehicle↦-0.07398366928100586),(Vehicles2↦0.08159538730978966),(Vehicles3↦0.06650775671005249),(Vehicles4↦0.09216730482876301),(Vehicles5↦0.08362546563148499)}",
        "VehiclesVx": "{(EgoVehicle↦20.01121997833252),(Vehicles2↦0.3027193993330002),(Vehicles3↦1.275242269039154),(Vehicles4↦0.05808810703456402),(Vehicles5↦0.3973245620727539)}",
        "VehiclesY": "{(EgoVehicle↦8.000000238418579),(Vehicles2↦-4.0000001192092896),(Vehicles3↦0.0),(Vehicles4↦-8.000000238418579),(Vehicles5↦-4.0000001192092896)}",
        "VehiclesVy": "{(EgoVehicle↦0.0),(Vehicles2↦0.0),(Vehicles3↦0.0),(Vehicles4↦0.0),(Vehicles5↦0.0)}",
        "VehiclesX": "{(EgoVehicle↦200.0),(Vehicles2↦16.156984865665436),(Vehicles3↦42.61966347694397),(Vehicles4↦44.493287801742554),(Vehicles5↦80.49598336219788)}"
      },
      "probabilisticVariables": null,
      "activating": [
        "SLOWER_51"
      ],
      "activatingOnlyWhenExecuted": true,
      "updating": null,
      "withPredicate": null
    },
    {
      "id": "SLOWER_51",
      "execute": "SLOWER",
      "after": "1000",
      "priority": 0,
      "additionalGuards": null,
      "activationKind": null,
      "fixedVariables": {
        "Crash": "FALSE",
        "VehiclesAy": "{(EgoVehicle↦0.0),(Vehicles2↦0.0),(Vehicles3↦0.0),(Vehicles4↦0.0),(Vehicles5↦0.0)}",
        "Reward": "0.7333727351419693",
        "VehiclesAx": "{(EgoVehicle↦-0.009741783142089844),(Vehicles2↦0.01748204231262207),(Vehicles3↦0.00229761004447937),(Vehicles4↦0.027388986200094223),(Vehicles5↦0.01949220895767212)}",
        "VehiclesVx": "{(EgoVehicle↦20.00147819519043),(Vehicles2↦0.32020144164562225),(Vehicles3↦1.2775398790836334),(Vehicles4↦0.08547709323465824),(Vehicles5↦0.416816771030426)}",
        "VehiclesY": "{(EgoVehicle↦8.000000238418579),(Vehicles2↦-4.0000001192092896),(Vehicles3↦0.0),(Vehicles4↦-8.000000238418579),(Vehicles5↦-4.0000001192092896)}",
        "VehiclesVy": "{(EgoVehicle↦0.0),(Vehicles2↦0.0),(Vehicles3↦0.0),(Vehicles4↦0.0),(Vehicles5↦0.0)}",
        "VehiclesX": "{(EgoVehicle↦200.0),(Vehicles2↦16.468164324760437),(Vehicles3↦43.897297978401184),(Vehicles4↦44.5638507604599),(Vehicles5↦80.9025764465332)}"
      },
      "probabilisticVariables": null,
      "activating": [
        "SLOWER_52"
      ],
      "activatingOnlyWhenExecuted": true,
      "updating": null,
      "withPredicate": null
    },
    {
      "id": "SLOWER_52",
      "execute": "SLOWER",
      "after": "1000",
      "priority": 0,
      "additionalGuards": null,
      "activationKind": null,
      "fixedVariables": {
        "Crash": "FALSE",
        "VehiclesAy": "{(EgoVehicle↦0.0),(Vehicles2↦0.0),(Vehicles3↦0.0),(Vehicles4↦0.0),(Vehicles5↦0.0)}",
        "Reward": "0.7333385220488738",
        "VehiclesAx": "{(EgoVehicle↦-0.0012826919555664062),(Vehicles2↦0.00914357602596283),(Vehicles3↦-1.1736462078988552),(Vehicles4↦1.185935428366065),(Vehicles5↦0.01112181693315506)}",
        "VehiclesVx": "{(EgoVehicle↦20.000195503234863),(Vehicles2↦0.3293450176715851),(Vehicles3↦0.10389367118477821),(Vehicles4↦1.2714125216007233),(Vehicles5↦0.4279385879635811)}",
        "VehiclesY": "{(EgoVehicle↦8.000000238418579),(Vehicles2↦-4.0000001192092896),(Vehicles3↦-8.000000238418579),(Vehicles4↦0.0),(Vehicles5↦-4.0000001192092896)}",
        "VehiclesVy": "{(EgoVehicle↦0.0),(Vehicles2↦0.0),(Vehicles3↦0.0),(Vehicles4↦0.0),(Vehicles5↦0.0)}",
        "VehiclesX": "{(EgoVehicle↦200.0),(Vehicles2↦16.792207956314087),(Vehicles3↦44.65692937374115),(Vehicles4↦45.17258107662201),(Vehicles5↦81.32402896881104)}"
      },
      "probabilisticVariables": null,
      "activating": [
        "FASTER_53"
      ],
      "activatingOnlyWhenExecuted": true,
      "updating": null,
      "withPredicate": null
    },
    {
      "id": "FASTER_53",
      "execute": "FASTER",
      "after": "1000",
      "priority": 0,
      "additionalGuards": null,
      "activationKind": null,
      "fixedVariables": {
        "Crash": "FALSE",
        "VehiclesAy": "{(EgoVehicle↦0.0),(Vehicles2↦0.0),(Vehicles3↦0.0),(Vehicles4↦0.0),(Vehicles5↦0.0)}",
        "Reward": "0.8491090509145294",
        "VehiclesAx": "{(EgoVehicle↦4.341394901275635),(Vehicles2↦-4.333419948816299),(Vehicles3↦-4.324750397354364),(Vehicles4↦-4.348766654729843),(Vehicles5↦-4.331484027206898)}",
        "VehiclesVx": "{(EgoVehicle↦24.341590404510498),(Vehicles2↦-4.004074931144714),(Vehicles3↦-4.220856726169586),(Vehicles4↦-3.07735413312912),(Vehicles5↦-3.9035454392433167)}",
        "VehiclesY": "{(EgoVehicle↦8.000000238418579),(Vehicles2↦-4.0000001192092896),(Vehicles3↦-8.000000238418579),(Vehicles4↦0.0),(Vehicles5↦-4.0000001192092896)}",
        "VehiclesVy": "{(EgoVehicle↦0.0),(Vehicles2↦0.0),(Vehicles3↦0.0),(Vehicles4↦0.0),(Vehicles5↦0.0)}",
        "VehiclesX": "{(EgoVehicle↦200.0),(Vehicles2↦14.729766547679901),(Vehicles3↦42.37255156040192),(Vehicles4↦44.04607117176056),(Vehicles5↦79.36095595359802)}"
      },
      "probabilisticVariables": null,
      "activating": [
        "IDLE_54"
      ],
      "activatingOnlyWhenExecuted": true,
      "updating": null,
      "withPredicate": null
    },
    {
      "id": "IDLE_54",
      "execute": "IDLE",
      "after": "1000",
      "priority": 0,
      "additionalGuards": null,
      "activationKind": null,
      "fixedVariables": {
        "Crash": "FALSE",
        "VehiclesAy": "{(EgoVehicle↦0.0),(Vehicles2↦0.0),(Vehicles3↦0.0),(Vehicles4↦0.0),(Vehicles5↦0.0)}",
        "Reward": "0.8643545526581548",
        "VehiclesAx": "{(EgoVehicle↦0.5717062950134277),(Vehicles2↦-0.5636245012283325),(Vehicles3↦-0.5555284023284912),(Vehicles4↦-0.5790358781814575),(Vehicles5↦-0.5617401003837585)}",
        "VehiclesVx": "{(EgoVehicle↦24.913296699523926),(Vehicles2↦-4.567699432373047),(Vehicles3↦-4.776385128498077),(Vehicles4↦-3.6563900113105774),(Vehicles5↦-4.465285539627075)}",
        "VehiclesY": "{(EgoVehicle↦8.000000238418579),(Vehicles2↦-4.0000001192092896),(Vehicles3↦-8.000000238418579),(Vehicles4↦0.0),(Vehicles5↦-4.0000001192092896)}",
        "VehiclesVy": "{(EgoVehicle↦0.0),(Vehicles2↦0.0),(Vehicles3↦0.0),(Vehicles4↦0.0),(Vehicles5↦0.0)}",
        "VehiclesX": "{(EgoVehicle↦200.0),(Vehicles2↦10.413528978824615),(Vehicles3↦37.84281611442566),(Vehicles4↦40.650394558906555),(Vehicles5↦75.1460075378418)}"
      },
      "probabilisticVariables": null,
      "activating": [
        "IDLE_55"
      ],
      "activatingOnlyWhenExecuted": true,
      "updating": null,
      "withPredicate": null
    },
    {
      "id": "IDLE_55",
      "execute": "IDLE",
      "after": "1000",
      "priority": 0,
      "additionalGuards": null,
      "activationKind": null,
      "fixedVariables": {
        "Crash": "FALSE",
        "VehiclesAy": "{(EgoVehicle↦0.0),(Vehicles2↦0.0),(Vehicles3↦0.0),(Vehicles4↦0.0),(Vehicles5↦0.0)}",
        "Reward": "0.8663621907478504",
        "VehiclesAx": "{(EgoVehicle↦0.07528543472290039),(Vehicles2↦-0.06710529327392578),(Vehicles3↦-0.059553682804107666),(Vehicles4↦-0.08257001638412476),(Vehicles5↦-0.06527990102767944)}",
        "VehiclesVx": "{(EgoVehicle↦24.988582134246826),(Vehicles2↦-4.634804725646973),(Vehicles3↦-4.835938811302185),(Vehicles4↦-3.738960027694702),(Vehicles5↦-4.530565440654755)}",
        "VehiclesY": "{(EgoVehicle↦8.000000238418579),(Vehicles2↦-4.0000001192092896),(Vehicles3↦-8.000000238418579),(Vehicles4↦0.0),(Vehicles5↦-4.0000001192092896)}",
        "VehiclesVy": "{(EgoVehicle↦0.0),(Vehicles2↦0.0),(Vehicles3↦0.0),(Vehicles4↦0.0),(Vehicles5↦0.0)}",
        "VehiclesX": "{(EgoVehicle↦200.0),(Vehicles2↦5.807562172412872),(Vehicles3↦33.03122520446777),(Vehicles4↦36.949557065963745),(Vehicles5↦70.64318656921387)}"
      },
      "probabilisticVariables": null,
      "activating": [
        "IDLE_56"
      ],
      "activatingOnlyWhenExecuted": true,
      "updating": null,
      "withPredicate": null
    },
    {
      "id": "IDLE_56",
      "execute": "IDLE",
      "after": "1000",
      "priority": 0,
      "additionalGuards": null,
      "activationKind": null,
      "fixedVariables": {
        "Crash": "FALSE",
        "VehiclesAy": "{(EgoVehicle↦0.0),(Vehicles2↦0.0),(Vehicles3↦0.0),(Vehicles4↦0.0),(Vehicles5↦0.0)}",
        "Reward": "0.8666265710724192",
        "VehiclesAx": "{(EgoVehicle↦0.009913444519042969),(Vehicles2↦-0.0016418099403381348),(Vehicles3↦0.005393922328948975),(Vehicles4↦-0.01714855432510376),(Vehicles5↦0.00011831521987915039)}",
        "VehiclesVx": "{(EgoVehicle↦24.99849557876587),(Vehicles2↦-4.636446535587311),(Vehicles3↦-4.830544888973236),(Vehicles4↦-3.756108582019806),(Vehicles5↦-4.5304471254348755)}",
        "VehiclesY": "{(EgoVehicle↦8.000000238418579),(Vehicles2↦-4.0000001192092896),(Vehicles3↦-8.000000238418579),(Vehicles4↦0.0),(Vehicles5↦-4.0000001192092896)}",
        "VehiclesVy": "{(EgoVehicle↦0.0),(Vehicles2↦0.0),(Vehicles3↦0.0),(Vehicles4↦0.0),(Vehicles5↦0.0)}",
        "VehiclesX": "{(EgoVehicle↦200.0),(Vehicles2↦1.170590054243803),(Vehicles3↦28.195974230766296),(Vehicles4↦33.20222795009613),(Vehicles5↦66.11116528511047)}"
      },
      "probabilisticVariables": null,
      "activating": [
        "SLOWER_57"
      ],
      "activatingOnlyWhenExecuted": true,
      "updating": null,
      "withPredicate": null
    },
    {
      "id": "SLOWER_57",
      "execute": "SLOWER",
      "after": "1000",
      "priority": 0,
      "additionalGuards": null,
      "activationKind": null,
      "fixedVariables": {
        "Crash": "FALSE",
        "VehiclesAy": "{(EgoVehicle↦0.0),(Vehicles2↦0.0),(Vehicles3↦0.0),(Vehicles4↦0.0),(Vehicles5↦0.0)}",
        "Reward": "0.750886352294859",
        "VehiclesAx": "{(EgoVehicle↦-4.34025764465332),(Vehicles2↦4.348613787442446),(Vehicles3↦4.355160854756832),(Vehicles4↦4.333076849579811),(Vehicles5↦4.350303206592798)}",
        "VehiclesVx": "{(EgoVehicle↦20.65823793411255),(Vehicles2↦-0.28783274814486504),(Vehicles3↦-0.47538403421640396),(Vehicles4↦0.5769682675600052),(Vehicles5↦-0.18014391884207726)}",
        "VehiclesY": "{(EgoVehicle↦8.000000238418579),(Vehicles2↦-4.0000001192092896),(Vehicles3↦-8.000000238418579),(Vehicles4↦0.0),(Vehicles5↦-4.0000001192092896)}",
        "VehiclesVy": "{(EgoVehicle↦0.0),(Vehicles2↦0.0),(Vehicles3↦0.0),(Vehicles4↦0.0),(Vehicles5↦0.0)}",
        "VehiclesX": "{(EgoVehicle↦200.0),(Vehicles2↦-1.0681790299713612),(Vehicles3↦25.765764713287354),(Vehicles4↦31.83758556842804),(Vehicles5↦63.97907733917236)}"
      },
      "probabilisticVariables": null,
      "activating": [
        "IDLE_58"
      ],
      "activatingOnlyWhenExecuted": true,
      "updating": null,
      "withPredicate": null
    },
    {
      "id": "IDLE_58",
      "execute": "IDLE",
      "after": "1000",
      "priority": 0,
      "additionalGuards": null,
      "activationKind": null,
      "fixedVariables": {
        "Crash": "FALSE",
        "VehiclesAy": "{(EgoVehicle↦0.0),(Vehicles2↦0.0),(Vehicles3↦0.0),(Vehicles4↦0.0),(Vehicles5↦0.0)}",
        "Reward": "0.7356448420031639",
        "VehiclesAx": "{(EgoVehicle↦-0.5715560913085938),(Vehicles2↦0.5799871869385242),(Vehicles3↦0.5860726349055767),(Vehicles4↦0.5644316971302032),(Vehicles5↦0.5816019140183926)}",
        "VehiclesVx": "{(EgoVehicle↦20.086681842803955),(Vehicles2↦0.2921544387936592),(Vehicles3↦0.11068860068917274),(Vehicles4↦1.1413999646902084),(Vehicles5↦0.4014579951763153)}",
        "VehiclesY": "{(EgoVehicle↦8.000000238418579),(Vehicles2↦-4.0000001192092896),(Vehicles3↦-8.000000238418579),(Vehicles4↦0.0),(Vehicles5↦-4.0000001192092896)}",
        "VehiclesVy": "{(EgoVehicle↦0.0),(Vehicles2↦0.0),(Vehicles3↦0.0),(Vehicles4↦0.0),(Vehicles5↦0.0)}",
        "VehiclesX": "{(EgoVehicle↦200.0),(Vehicles2↦-1.037340983748436),(Vehicles3↦25.611519813537598),(Vehicles4↦32.72700309753418),(Vehicles5↦64.1182541847229)}"
      },
      "probabilisticVariables": null,
      "activating": [
        "IDLE_59"
      ],
      "activatingOnlyWhenExecuted": true,
      "updating": null,
      "withPredicate": null
    },
    {
      "id": "IDLE_59",
      "execute": "IDLE",
      "after": "1000",
      "priority": 0,
      "additionalGuards": null,
      "activationKind": null,
      "fixedVariables": {
        "Crash": "FALSE",
        "VehiclesAy": "{(EgoVehicle↦0.0),(Vehicles2↦0.0),(Vehicles3↦0.0),(Vehicles4↦0.0),(Vehicles5↦0.0)}",
        "Reward": "0.7336377295367678",
        "VehiclesAx": "{(EgoVehicle↦-0.07526636123657227),(Vehicles2↦0.08376412093639374),(Vehicles3↦0.08941339328885078),(Vehicles4↦0.06820157170295715),(Vehicles5↦0.08530084043741226)}",
        "VehiclesVx": "{(EgoVehicle↦20.011415481567383),(Vehicles2↦0.37591855973005295),(Vehicles3↦0.20010199397802353),(Vehicles4↦1.2096015363931656),(Vehicles5↦0.48675883561372757)}",
        "VehiclesY": "{(EgoVehicle↦8.000000238418579),(Vehicles2↦-4.0000001192092896),(Vehicles3↦-8.000000238418579),(Vehicles4↦0.0),(Vehicles5↦-4.0000001192092896)}",
        "VehiclesVy": "{(EgoVehicle↦0.0),(Vehicles2↦0.0),(Vehicles3↦0.0),(Vehicles4↦0.0),(Vehicles5↦0.0)}",
        "VehiclesX": "{(EgoVehicle↦200.0),(Vehicles2↦-0.7002711296081543),(Vehicles3↦25.769418478012085),(Vehicles4↦33.90709161758423),(Vehicles5↦64.56525325775146)}"
      },
      "probabilisticVariables": null,
      "activating": [
        "IDLE_60"
      ],
      "activatingOnlyWhenExecuted": true,
      "updating": null,
      "withPredicate": null
    },
    {
      "id": "IDLE_60",
      "execute": "IDLE",
      "after": "1000",
      "priority": 0,
      "additionalGuards": null,
      "activationKind": null,
      "fixedVariables": {
        "Crash": "FALSE",
        "VehiclesAy": "{(EgoVehicle↦0.0),(Vehicles2↦0.0),(Vehicles3↦0.0),(Vehicles4↦0.0),(Vehicles5↦0.0)}",
        "Reward": "0.733373418430082",
        "VehiclesAx": "{(EgoVehicle↦-0.009913444519042969),(Vehicles2↦0.018467828631401062),(Vehicles3↦0.023705624043941498),(Vehicles4↦0.002909451723098755),(Vehicles5↦0.019924119114875793)}",
        "VehiclesVx": "{(EgoVehicle↦20.00150203704834),(Vehicles2↦0.394386388361454),(Vehicles3↦0.22380761802196503),(Vehicles4↦1.2125109881162643),(Vehicles5↦0.5066829547286034)}",
        "VehiclesY": "{(EgoVehicle↦8.000000238418579),(Vehicles2↦-4.0000001192092896),(Vehicles3↦-8.000000238418579),(Vehicles4↦0.0),(Vehicles5↦-4.0000001192092896)}",
        "VehiclesVy": "{(EgoVehicle↦0.0),(Vehicles2↦0.0),(Vehicles3↦0.0),(Vehicles4↦0.0),(Vehicles5↦0.0)}",
        "VehiclesX": "{(EgoVehicle↦200.0),(Vehicles2↦-0.31546661630272865),(Vehicles3↦25.98053216934204),(Vehicles4↦35.11935472488403),(Vehicles5↦65.0614857673645)}"
      },
      "probabilisticVariables": null,
      "activating": [
        "IDLE_61"
      ],
      "activatingOnlyWhenExecuted": true,
      "updating": null,
      "withPredicate": null
    },
    {
      "id": "IDLE_61",
      "execute": "IDLE",
      "after": "1000",
      "priority": 0,
      "additionalGuards": null,
      "activationKind": null,
      "fixedVariables": {
        "Crash": "FALSE",
        "VehiclesAy": "{(EgoVehicle↦0.0),(Vehicles2↦0.0),(Vehicles3↦0.0),(Vehicles4↦0.0),(Vehicles5↦0.0)}",
        "Reward": "0.7333386120292015",
        "VehiclesAx": "{(EgoVehicle↦-0.0013041496276855469),(Vehicles2↦0.009912177920341492),(Vehicles3↦0.014762189239263535),(Vehicles4↦-0.005630776286125183),(Vehicles5↦0.011286474764347076)}",
        "VehiclesVx": "{(EgoVehicle↦20.000197887420654),(Vehicles2↦0.4042985662817955),(Vehicles3↦0.23856980726122856),(Vehicles4↦1.2068802118301392),(Vehicles5↦0.5179694294929504)}",
        "VehiclesY": "{(EgoVehicle↦8.000000238418579),(Vehicles2↦-4.0000001192092896),(Vehicles3↦-8.000000238418579),(Vehicles4↦0.0),(Vehicles5↦-4.0000001192092896)}",
        "VehiclesVy": "{(EgoVehicle↦0.0),(Vehicles2↦0.0),(Vehicles3↦0.0),(Vehicles4↦0.0),(Vehicles5↦0.0)}",
        "VehiclesX": "{(EgoVehicle↦200.0),(Vehicles2↦0.08307884563691914),(Vehicles3↦26.210469007492065),(Vehicles4↦36.329808831214905),(Vehicles5↦65.5728816986084)}"
      },
      "probabilisticVariables": null,
      "activating": null,
      "activatingOnlyWhenExecuted": true,
      "updating": null,
      "withPredicate": null
    }
  ],
  "listeners": [],
  "metadata": {
    "fileType": "Timed_Trace",
    "formatVersion": 3,
    "savedAt": "2023-08-21T06:52:19.241417Z",
    "creator": "Simulation: HYPOTHESIS_TEST; SIGNIFICANCE : 0.05, PROBABILITY : 0.95, MAX_STEPS_BEFORE_PROPERTY : 0, EXECUTIONS : 1000, PREDICATE : Crash = FALSE, ENDING_TIME : 60000, HYPOTHESIS_CHECKING_TYPE : LEFT_TAILED, CHECKING_TYPE : PREDICATE_INVARIANT",
    "proB2KernelVersion": "4.12.2",
    "proBCliVersion": "1.12.2-final",
    "modelName": "HighwayEnvironment2"
  }
}