{
  "variables": {},
  "activations": [
    {
      "id": "$setup_constants",
      "execute": "$setup_constants",
      "after": "0",
      "priority": 0,
      "additionalGuards": null,
      "activationKind": null,
      "fixedVariables": null,
      "probabilisticVariables": null,
      "activating": null,
      "activatingOnlyWhenExecuted": true,
      "updating": null,
      "withPredicate": null
    },
    {
      "id": "$initialise_machine",
      "execute": "$initialise_machine",
      "after": "0",
      "priority": 0,
      "additionalGuards": null,
      "activationKind": null,
      "fixedVariables": {
        "Crash": "FALSE",
        "VehiclesAy": "{(EgoVehicle↦0.0),(Vehicles2↦0.0),(Vehicles3↦0.0),(Vehicles4↦0.0),(Vehicles5↦0.0)}",
        "Reward": "0.0",
        "VehiclesAx": "{(EgoVehicle↦0.0),(Vehicles2↦0.0),(Vehicles3↦0.0),(Vehicles4↦0.0),(Vehicles5↦0.0)}",
        "VehiclesVx": "{(EgoVehicle↦25.0),(Vehicles2↦-3.6146914958953857),(Vehicles3↦-3.2154539227485657),(Vehicles4↦-3.948144018650055),(Vehicles5↦-2.682262659072876)}",
        "VehiclesY": "{(EgoVehicle↦0.0),(Vehicles2↦0.0),(Vehicles3↦8.000000238418579),(Vehicles4↦8.000000238418579),(Vehicles5↦4.0000001192092896)}",
        "VehiclesVy": "{(EgoVehicle↦0.0),(Vehicles2↦0.0),(Vehicles3↦0.0),(Vehicles4↦0.0),(Vehicles5↦0.0)}",
        "VehiclesX": "{(EgoVehicle↦154.73984479904175),(Vehicles2↦23.241589963436127),(Vehicles3↦45.48628032207489),(Vehicles4↦67.19845533370972),(Vehicles5↦90.12243747711182)}"
      },
      "probabilisticVariables": null,
      "activating": [
        "LANE_RIGHT_2"
      ],
      "activatingOnlyWhenExecuted": true,
      "updating": null,
      "withPredicate": null
    },
    {
      "id": "LANE_RIGHT_2",
      "execute": "LANE_RIGHT",
      "after": "1000",
      "priority": 0,
      "additionalGuards": null,
      "activationKind": null,
      "fixedVariables": {
        "Crash": "FALSE",
        "VehiclesAy": "{(EgoVehicle↦1.0796338319778442),(Vehicles2↦-1.0796338319778442),(Vehicles3↦-1.0796338319778442),(Vehicles4↦-1.0796338319778442),(Vehicles5↦-1.0796338319778442)}",
        "Reward": "0.8327113850086175",
        "VehiclesAx": "{(EgoVehicle↦-0.023322105407714844),(Vehicles2↦-0.3880545496940613),(Vehicles3↦-5.029344260692596),(Vehicles4↦-0.32576680183410645),(Vehicles5↦-1.7080411314964294)}",
        "VehiclesVx": "{(EgoVehicle↦24.976677894592285),(Vehicles2↦-4.002746045589447),(Vehicles3↦-8.244798183441162),(Vehicles4↦-4.273910820484161),(Vehicles5↦-4.390303790569305)}",
        "VehiclesY": "{(EgoVehicle↦3.6599650382995605),(Vehicles2↦-3.6599650382995605),(Vehicles3↦4.34003484249115),(Vehicles4↦4.34003484249115),(Vehicles5↦0.3400348797440529)}",
        "VehiclesVy": "{(EgoVehicle↦1.0796338319778442),(Vehicles2↦-1.0796338319778442),(Vehicles3↦-1.0796338319778442),(Vehicles4↦-1.0796338319778442),(Vehicles5↦-1.0796338319778442)}",
        "VehiclesX": "{(EgoVehicle↦179.4200897216797),(Vehicles2↦19.759532809257507),(Vehicles3↦40.2544766664505),(Vehicles4↦63.42625021934509),(Vehicles5↦87.04966902732849)}"
      },
      "probabilisticVariables": null,
      "activating": [
        "LANE_RIGHT_3"
      ],
      "activatingOnlyWhenExecuted": true,
      "updating": null,
      "withPredicate": null
    },
    {
      "id": "LANE_RIGHT_3",
      "execute": "LANE_RIGHT",
      "after": "1000",
      "priority": 0,
      "additionalGuards": null,
      "activationKind": null,
      "fixedVariables": {
        "Crash": "FALSE",
        "VehiclesAy": "{(EgoVehicle↦0.037668049335479736),(Vehicles2↦-0.037668049335479736),(Vehicles3↦-0.037668049335479736),(Vehicles4↦-0.037668049335479736),(Vehicles5↦-2.196935713291168)}",
        "Reward": "0.8660005399738949",
        "VehiclesAx": "{(EgoVehicle↦-0.0016570091247558594),(Vehicles2↦-0.23469775915145874),(Vehicles3↦-0.9953892230987549),(Vehicles4↦-0.6961557269096375),(Vehicles5↦-0.9592947363853455)}",
        "VehiclesVx": "{(EgoVehicle↦24.97502088546753),(Vehicles2↦-4.237443804740906),(Vehicles3↦-9.240187406539917),(Vehicles4↦-4.970066547393799),(Vehicles5↦-5.349598526954651)}",
        "VehiclesY": "{(EgoVehicle↦7.648639440536499),(Vehicles2↦-7.648639440536499),(Vehicles3↦0.35136057436466217),(Vehicles4↦0.35136057436466217),(Vehicles5↦-3.6486393213272095)}",
        "VehiclesVy": "{(EgoVehicle↦1.117301881313324),(Vehicles2↦-1.117301881313324),(Vehicles3↦-1.117301881313324),(Vehicles4↦-1.117301881313324),(Vehicles5↦-1.117301881313324)}",
        "VehiclesX": "{(EgoVehicle↦200.0),(Vehicles2↦16.013312339782715),(Vehicles3↦31.816747784614563),(Vehicles4↦59.29706692695618),(Vehicles5↦82.39102363586426)}"
      },
      "probabilisticVariables": null,
      "activating": [
        "SLOWER_4"
      ],
      "activatingOnlyWhenExecuted": true,
      "updating": null,
      "withPredicate": null
    },
    {
      "id": "SLOWER_4",
      "execute": "SLOWER",
      "after": "1000",
      "priority": 0,
      "additionalGuards": null,
      "activationKind": null,
      "fixedVariables": {
        "Crash": "FALSE",
        "VehiclesAy": "{(EgoVehicle↦-1.0669453162699938),(Vehicles2↦1.0669453162699938),(Vehicles3↦-0.9254182875156403),(Vehicles4↦1.0669453162699938),(Vehicles5↦-1.1676584463566542)}",
        "Reward": "0.7508899957293784",
        "VehiclesAx": "{(EgoVehicle↦-4.316647052764893),(Vehicles2↦4.132456984370947),(Vehicles3↦4.586638808250427),(Vehicles4↦3.705654740333557),(Vehicles5↦3.7309814989566803)}",
        "VehiclesVx": "{(EgoVehicle↦20.658373832702637),(Vehicles2↦-0.10498682036995888),(Vehicles3↦-4.65354859828949),(Vehicles4↦-1.2644118070602417),(Vehicles5↦-1.6186170279979706)}",
        "VehiclesY": "{(EgoVehicle↦7.9825708866119385),(Vehicles2↦-7.9825708866119385),(Vehicles3↦-3.2509210109710693),(Vehicles4↦0.017429096158593893),(Vehicles5↦-3.982570767402649)}",
        "VehiclesVy": "{(EgoVehicle↦0.05035656504333019),(Vehicles2↦-0.05035656504333019),(Vehicles3↦-2.0427201688289642),(Vehicles4↦-0.05035656504333019),(Vehicles5↦-0.05035656504333019)}",
        "VehiclesX": "{(EgoVehicle↦200.0),(Vehicles2↦14.072112739086151),(Vehicles3↦24.424633383750916),(Vehicles4↦56.436240673065186),(Vehicles5↦79.48644161224365)}"
      },
      "probabilisticVariables": null,
      "activating": [
        "SLOWER_5"
      ],
      "activatingOnlyWhenExecuted": true,
      "updating": null,
      "withPredicate": null
    },
    {
      "id": "SLOWER_5",
      "execute": "SLOWER",
      "after": "1000",
      "priority": 0,
      "additionalGuards": null,
      "activationKind": null,
      "fixedVariables": {
        "Crash": "FALSE",
        "VehiclesAy": "{(EgoVehicle↦-0.047261092986445874),(Vehicles2↦0.047261092986445874),(Vehicles3↦1.8639906123280525),(Vehicles4↦0.047261092986445874),(Vehicles5↦-0.05345203710021451)}",
        "Reward": "0.7356455309617208",
        "VehiclesAx": "{(EgoVehicle↦-0.5716657638549805),(Vehicles2↦0.43698860332369804),(Vehicles3↦1.8347525596618652),(Vehicles4↦0.6529103964567184),(Vehicles5↦-0.30464231967926025)}",
        "VehiclesVx": "{(EgoVehicle↦20.086708068847656),(Vehicles2↦0.33200178295373917),(Vehicles3↦-2.8187960386276245),(Vehicles4↦-0.6115014106035233),(Vehicles5↦-1.9232593476772308)}",
        "VehiclesY": "{(EgoVehicle↦7.9989330768585205),(Vehicles2↦-7.9989330768585205),(Vehicles3↦-3.9355759620666504),(Vehicles4↦0.0010667952883522958),(Vehicles5↦-3.9989333152770996)}",
        "VehiclesVy": "{(EgoVehicle↦0.0030954720568843186),(Vehicles2↦-0.0030954720568843186),(Vehicles3↦-0.1787295565009117),(Vehicles4↦-0.0030954720568843186),(Vehicles5↦-0.0030954720568843186)}",
        "VehiclesX": "{(EgoVehicle↦200.0),(Vehicles2↦14.225086569786072),(Vehicles3↦20.690587162971497),(Vehicles4↦55.688709020614624),(Vehicles5↦77.80888676643372)}"
      },
      "probabilisticVariables": null,
      "activating": [
        "FASTER_6"
      ],
      "activatingOnlyWhenExecuted": true,
      "updating": null,
      "withPredicate": null
    },
    {
      "id": "FASTER_6",
      "execute": "FASTER",
      "after": "1000",
      "priority": 0,
      "additionalGuards": null,
      "activationKind": null,
      "fixedVariables": {
        "Crash": "FALSE",
        "VehiclesAy": "{(EgoVehicle↦-0.002944115522041102),(Vehicles2↦0.002944115522041102),(Vehicles3↦0.16451821895316243),(Vehicles4↦0.002944115522041102),(Vehicles5↦-0.0032468285917275352)}",
        "Reward": "0.8494128553824131",
        "VehiclesAx": "{(EgoVehicle↦4.2662739753723145),(Vehicles2↦-4.364880956709385),(Vehicles3↦-3.554469347000122),(Vehicles4↦-4.54605333507061),(Vehicles5↦-3.380710631608963)}",
        "VehiclesVx": "{(EgoVehicle↦24.35298204421997),(Vehicles2↦-4.032879173755646),(Vehicles3↦-6.373265385627747),(Vehicles4↦-5.157554745674133),(Vehicles5↦-5.303969979286194)}",
        "VehiclesY": "{(EgoVehicle↦7.999954462051392),(Vehicles2↦-7.999954462051392),(Vehicles3↦-3.994937539100647),(Vehicles4↦4.5703879550273996E-05),(Vehicles5↦-3.999954342842102)}",
        "VehiclesVy": "{(EgoVehicle↦0.00015135653484321665),(Vehicles2↦-0.00015135653484321665),(Vehicles3↦-0.014211337547749281),(Vehicles4↦-0.00015135653484321665),(Vehicles5↦-0.00015135653484321665)}",
        "VehiclesX": "{(EgoVehicle↦200.0),(Vehicles2↦12.161826342344284),(Vehicles3↦15.820598602294922),(Vehicles4↦52.576541900634766),(Vehicles5↦73.77541065216064)}"
      },
      "probabilisticVariables": null,
      "activating": [
        "IDLE_7"
      ],
      "activatingOnlyWhenExecuted": true,
      "updating": null,
      "withPredicate": null
    },
    {
      "id": "IDLE_7",
      "execute": "IDLE",
      "after": "1000",
      "priority": 0,
      "additionalGuards": null,
      "activationKind": null,
      "fixedVariables": {
        "Crash": "FALSE",
        "VehiclesAy": "{(EgoVehicle↦-0.00014643783629253448),(Vehicles2↦0.00014643783629253448),(Vehicles3↦0.01315036162850447),(Vehicles4↦0.00014643783629253448),(Vehicles5↦-0.00015627523339389882)}",
        "Reward": "0.8643945598325189",
        "VehiclesAx": "{(EgoVehicle↦0.5618143081665039),(Vehicles2↦-0.6376379728317261),(Vehicles3↦-0.014791488647460938),(Vehicles4↦-0.5613410472869873),(Vehicles5↦0.2541518211364746)}",
        "VehiclesVx": "{(EgoVehicle↦24.914796352386475),(Vehicles2↦-4.670517146587372),(Vehicles3↦-6.3880568742752075),(Vehicles4↦-5.718895792961121),(Vehicles5↦-5.049818158149719)}",
        "VehiclesY": "{(EgoVehicle↦7.9999988079071045),(Vehicles2↦-7.9999988079071045),(Vehicles3↦-3.999625325202942),(Vehicles4↦1.4767495599699032E-06),(Vehicles5↦-3.999998688697815)}",
        "VehiclesVy": "{(EgoVehicle↦4.918698550682166E-06),(Vehicles2↦-4.918698550682166E-06),(Vehicles3↦-0.001060975919244811),(Vehicles4↦-4.918698550682166E-06),(Vehicles5↦-4.918698550682166E-06)}",
        "VehiclesX": "{(EgoVehicle↦200.0),(Vehicles2↦7.787289470434189),(Vehicles3↦9.367847442626953),(Vehicles4↦47.095876932144165),(Vehicles5↦68.51922869682312)}"
      },
      "probabilisticVariables": null,
      "activating": [
        "IDLE_8"
      ],
      "activatingOnlyWhenExecuted": true,
      "updating": null,
      "withPredicate": null
    },
    {
      "id": "IDLE_8",
      "execute": "IDLE",
      "after": "1000",
      "priority": 0,
      "additionalGuards": null,
      "activationKind": null,
      "fixedVariables": {
        "Crash": "FALSE",
        "VehiclesAy": "{(EgoVehicle↦-4.764223859865524E-06),(Vehicles2↦4.764223859865524E-06),(Vehicles3↦0.0009854366317085805),(Vehicles4↦4.764223859865524E-06),(Vehicles5↦-5.073173241498807E-06)}",
        "Reward": "0.8663674591823362",
        "VehiclesAx": "{(EgoVehicle↦0.07398366928100586),(Vehicles2↦-0.13621747493743896),(Vehicles3↦0.33762216567993164),(Vehicles4↦0.035155415534973145),(Vehicles5↦0.4123389720916748)}",
        "VehiclesVx": "{(EgoVehicle↦24.98878002166748),(Vehicles2↦-4.806734621524811),(Vehicles3↦-6.050434708595276),(Vehicles4↦-5.6837403774261475),(Vehicles5↦-4.637479186058044)}",
        "VehiclesY": "{(EgoVehicle↦8.000000238418579),(Vehicles2↦-8.000000238418579),(Vehicles3↦-3.9999736547470093),(Vehicles4↦4.634705419448437E-08),(Vehicles5↦-4.0000001192092896)}",
        "VehiclesVy": "{(EgoVehicle↦1.5447469081664167E-07),(Vehicles2↦-1.5447469081664167E-07),(Vehicles3↦-7.55392875362304E-05),(Vehicles4↦-1.5447469081664167E-07),(Vehicles5↦-1.5447469081664167E-07)}",
        "VehiclesX": "{(EgoVehicle↦200.0),(Vehicles2↦3.050253912806511),(Vehicles3↦3.11356820166111),(Vehicles4↦41.374996304512024),(Vehicles5↦63.644593954086304)}"
      },
      "probabilisticVariables": null,
      "activating": [
        "IDLE_9"
      ],
      "activatingOnlyWhenExecuted": true,
      "updating": null,
      "withPredicate": null
    },
    {
      "id": "IDLE_9",
      "execute": "IDLE",
      "after": "1000",
      "priority": 0,
      "additionalGuards": null,
      "activationKind": null,
      "fixedVariables": {
        "Crash": "FALSE",
        "VehiclesAy": "{(EgoVehicle↦-1.4964420813612378E-07),(Vehicles2↦1.4964420813612378E-07),(Vehicles3↦7.035454302695143E-05),(Vehicles4↦1.4964420813612378E-07),(Vehicles5↦-1.5930517349715956E-07)}",
        "Reward": "0.8666272648580305",
        "VehiclesAx": "{(EgoVehicle↦0.009741783142089844),(Vehicles2↦-0.0642666220664978),(Vehicles3↦0.29063165187835693),(Vehicles4↦0.13188540935516357),(Vehicles5↦0.26143878698349)}",
        "VehiclesVx": "{(EgoVehicle↦24.99852180480957),(Vehicles2↦-4.871001243591309),(Vehicles3↦-5.759803056716919),(Vehicles4↦-5.551854968070984),(Vehicles5↦-4.376040399074554)}",
        "VehiclesY": "{(EgoVehicle↦8.000000238418579),(Vehicles2↦-8.000000238418579),(Vehicles3↦-3.9999983310699463),(Vehicles4↦1.4491634559021804E-09),(Vehicles5↦-4.0000001192092896)}",
        "VehiclesVy": "{(EgoVehicle↦4.830482680517889E-09),(Vehicles2↦-4.830482680517889E-09),(Vehicles3↦-5.184744509278971E-06),(Vehicles4↦-4.830482680517889E-09),(Vehicles5↦-4.830482680517889E-09)}",
        "VehiclesX": "{(EgoVehicle↦200.0),(Vehicles2↦-1.7841121181845665),(Vehicles3↦-2.814270183444023),(Vehicles4↦35.74174344539642),(Vehicles5↦59.12350416183472)}"
      },
      "probabilisticVariables": null,
      "activating": [
        "IDLE_10"
      ],
      "activatingOnlyWhenExecuted": true,
      "updating": null,
      "withPredicate": null
    },
    {
      "id": "IDLE_10",
      "execute": "IDLE",
      "after": "1000",
      "priority": 0,
      "additionalGuards": null,
      "activationKind": null,
      "fixedVariables": {
        "Crash": "FALSE",
        "VehiclesAy": "{(EgoVehicle↦-4.679527876305656E-09),(Vehicles2↦4.679518994521459E-09),(Vehicles3↦4.838424310094069E-06),(Vehicles4↦4.679518994521459E-09),(Vehicles5↦-4.981446366514319E-09)}",
        "Reward": "0.866661477951126",
        "VehiclesAx": "{(EgoVehicle↦0.0012826919555664062),(Vehicles2↦-0.05163222551345825),(Vehicles3↦0.21461546421051025),(Vehicles4↦0.13830900192260742),(Vehicles5↦0.14072418212890625)}",
        "VehiclesVx": "{(EgoVehicle↦24.999804496765137),(Vehicles2↦-4.922633469104767),(Vehicles3↦-5.545187592506409),(Vehicles4↦-5.4135459661483765),(Vehicles5↦-4.235316216945648)}",
        "VehiclesY": "{(EgoVehicle↦8.000000238418579),(Vehicles2↦-8.000000238418579),(Vehicles3↦-3.999999761581421),(Vehicles4↦4.5289105798929086E-11),(Vehicles5↦-4.0000001192092896)}",
        "VehiclesVy": "{(EgoVehicle↦1.5095480421223328E-10),(Vehicles2↦-1.5096368599643029E-10),(Vehicles3↦-3.4632019918490187E-07),(Vehicles4↦-1.5096368599643029E-10),(Vehicles5↦-1.5096368599643029E-10)}",
        "VehiclesX": "{(EgoVehicle↦200.0),(Vehicles2↦-6.676197797060013),(Vehicles3↦-8.482693880796432),(Vehicles4↦30.245918035507202),(Vehicles5↦54.8112690448761)}"
      },
      "probabilisticVariables": null,
      "activating": [
        "SLOWER_11"
      ],
      "activatingOnlyWhenExecuted": true,
      "updating": null,
      "withPredicate": null
    },
    {
      "id": "SLOWER_11",
      "execute": "SLOWER",
      "after": "1000",
      "priority": 0,
      "additionalGuards": null,
      "activationKind": null,
      "fixedVariables": {
        "Crash": "FALSE",
        "VehiclesAy": "{(EgoVehicle↦-1.4482637311630242E-10),(Vehicles2↦1.4483525490049942E-10),(Vehicles3↦3.4631407075380594E-07),(Vehicles4↦1.4483525490049942E-10),(Vehicles5↦-1.5709211709236115E-10)}",
        "Reward": "0.7508909490854707",
        "VehiclesAx": "{(EgoVehicle↦-4.341394901275635),(Vehicles2↦4.293257966637611),(Vehicles3↦4.597492888569832),(Vehicles4↦5.587996449321508),(Vehicles5↦2.3973314464092255)}",
        "VehiclesVx": "{(EgoVehicle↦20.658409595489502),(Vehicles2↦-0.6293755024671555),(Vehicles3↦-0.9476947039365768),(Vehicles4↦0.17445048317313194),(Vehicles5↦-1.8379847705364227)}",
        "VehiclesY": "{(EgoVehicle↦8.000000238418579),(Vehicles2↦-8.000000238418579),(Vehicles3↦2.120970066243899E-12),(Vehicles4↦-4.0000001192092896),(Vehicles5↦-8.000000238418579)}",
        "VehiclesVy": "{(EgoVehicle↦6.128431095930864E-12),(Vehicles2↦-6.128431095930864E-12),(Vehicles3↦-6.128431095930864E-12),(Vehicles4↦-6.128431095930864E-12),(Vehicles5↦-6.128431095930864E-12)}",
        "VehiclesX": "{(EgoVehicle↦200.0),(Vehicles2↦-9.223245084285736),(Vehicles3↦27.278542518615723),(Vehicles4↦53.002578020095825),(Vehicles5↦78.16128134727478)}"
      },
      "probabilisticVariables": null,
      "activating": [
        "LANE_LEFT_12"
      ],
      "activatingOnlyWhenExecuted": true,
      "updating": null,
      "withPredicate": null
    },
    {
      "id": "LANE_LEFT_12",
      "execute": "LANE_LEFT",
      "after": "1000",
      "priority": 0,
      "additionalGuards": null,
      "activationKind": null,
      "fixedVariables": {
        "Crash": "FALSE",
        "VehiclesAy": "{(EgoVehicle↦-1.157549917704035),(Vehicles2↦1.157549917704035),(Vehicles3↦1.157549917704035),(Vehicles4↦1.157549917704035),(Vehicles5↦1.157549917691778)}",
        "Reward": "0.7014219489477096",
        "VehiclesAx": "{(EgoVehicle↦-0.6050872802734375),(Vehicles2↦0.5582076590508223),(Vehicles3↦0.7115510664880276),(Vehicles4↦0.632826779037714),(Vehicles5↦0.5336998403072357)}",
        "VehiclesVx": "{(EgoVehicle↦20.053322315216064),(Vehicles2↦-0.0711678434163332),(Vehicles3↦-0.23614363744854927),(Vehicles4↦0.807277262210846),(Vehicles5↦-1.304284930229187)}",
        "VehiclesY": "{(EgoVehicle↦4.400960683822632),(Vehicles2↦-4.400960683822632),(Vehicles3↦3.5990391969680786),(Vehicles4↦-0.4009607881307602),(Vehicles5↦-4.400960683822632)}",
        "VehiclesVy": "{(EgoVehicle↦-1.1575499176979065),(Vehicles2↦1.1575499176979065),(Vehicles3↦1.1575499176979065),(Vehicles4↦1.1575499176979065),(Vehicles5↦1.1575499176979065)}",
        "VehiclesX": "{(EgoVehicle↦200.0),(Vehicles2↦-9.179548174142838),(Vehicles3↦27.066755294799805),(Vehicles4↦53.88237237930298),(Vehicles5↦76.9850492477417)}"
      },
      "probabilisticVariables": null,
      "activating": [
        "FASTER_13"
      ],
      "activatingOnlyWhenExecuted": true,
      "updating": null,
      "withPredicate": null
    },
    {
      "id": "FASTER_13",
      "execute": "FASTER",
      "after": "1000",
      "priority": 0,
      "additionalGuards": null,
      "activationKind": null,
      "fixedVariables": {
        "Crash": "FALSE",
        "VehiclesAy": "{(EgoVehicle↦1.1004566494375467),(Vehicles2↦-1.1004566494375467),(Vehicles3↦-1.1004566494375467),(Vehicles4↦-1.1004566494375467),(Vehicles5↦1.2146431859582663)}",
        "Reward": "0.8160777255462842",
        "VehiclesAx": "{(EgoVehicle↦4.299592971801758),(Vehicles2↦-4.374699695035815),(Vehicles3↦-3.250336479395628),(Vehicles4↦-6.46320253610611),(Vehicles5↦-0.6208799779415131)}",
        "VehiclesVx": "{(EgoVehicle↦24.352915287017822),(Vehicles2↦-4.445867538452148),(Vehicles3↦-3.4864801168441772),(Vehicles4↦-5.655925273895264),(Vehicles5↦-1.9251649081707)}",
        "VehiclesY": "{(EgoVehicle↦4.017243146896362),(Vehicles2↦3.982756733894348),(Vehicles3↦-0.017243135254830122),(Vehicles4↦-4.017243146896362),(Vehicles5↦3.982756733894348)}",
        "VehiclesVy": "{(EgoVehicle↦-0.057093268260359764),(Vehicles2↦0.057093268260359764),(Vehicles3↦0.057093268260359764),(Vehicles4↦0.057093268260359764),(Vehicles5↦0.057093268260359764)}",
        "VehiclesX": "{(EgoVehicle↦200.0),(Vehicles2↦24.486300349235535),(Vehicles3↦52.31174826622009),(Vehicles4↦73.27696681022644),(Vehicles5↦105.18250465393066)}"
      },
      "probabilisticVariables": null,
      "activating": [
        "FASTER_14"
      ],
      "activatingOnlyWhenExecuted": true,
      "updating": null,
      "withPredicate": null
    },
    {
      "id": "FASTER_14",
      "execute": "FASTER",
      "after": "1000",
      "priority": 0,
      "additionalGuards": null,
      "activationKind": null,
      "fixedVariables": {
        "Crash": "FALSE",
        "VehiclesAy": "{(EgoVehicle↦0.05580291472142562),(Vehicles2↦-0.05580291472142562),(Vehicles3↦-0.05580291472142562),(Vehicles4↦-0.05580291472142562),(Vehicles5↦0.058383621799293905)}",
        "Reward": "0.9468362584735411",
        "VehiclesAx": "{(EgoVehicle↦4.903445243835449),(Vehicles2↦-4.827460050582886),(Vehicles3↦-4.909150004386902),(Vehicles4↦-4.937580823898315),(Vehicles5↦-4.8747409880161285)}",
        "VehiclesVx": "{(EgoVehicle↦29.25636053085327),(Vehicles2↦-9.273327589035034),(Vehicles3↦-8.395630121231079),(Vehicles4↦-10.593506097793579),(Vehicles5↦-6.799905896186829)}",
        "VehiclesY": "{(EgoVehicle↦4.000303030014038),(Vehicles2↦3.9996968507766724),(Vehicles3↦-0.00030318607605295256),(Vehicles4↦-4.000303030014038),(Vehicles5↦3.9996968507766724)}",
        "VehiclesVy": "{(EgoVehicle↦-0.0012903535389341414),(Vehicles2↦0.0012903535389341414),(Vehicles3↦0.0012903535389341414),(Vehicles4↦0.0012903535389341414),(Vehicles5↦0.0012903535389341414)}",
        "VehiclesX": "{(EgoVehicle↦200.0),(Vehicles2↦17.36677438020706),(Vehicles3↦46.11858129501343),(Vehicles4↦64.90097045898438),(Vehicles5↦100.56536197662354)}"
      },
      "probabilisticVariables": null,
      "activating": [
        "FASTER_15"
      ],
      "activatingOnlyWhenExecuted": true,
      "updating": null,
      "withPredicate": null
    },
    {
      "id": "FASTER_15",
      "execute": "FASTER",
      "after": "1000",
      "priority": 0,
      "additionalGuards": null,
      "activationKind": null,
      "fixedVariables": {
        "Crash": "FALSE",
        "VehiclesAy": "{(EgoVehicle↦0.0012873698790372146),(Vehicles2↦-0.0012873698790372146),(Vehicles3↦-0.0012873698790372146),(Vehicles4↦-0.0012873698790372146),(Vehicles5↦0.0012933371993995024)}",
        "Reward": "0.9640552549880703",
        "VehiclesAx": "{(EgoVehicle↦0.6457114219665527),(Vehicles2↦-0.5808603763580322),(Vehicles3↦-0.6572949886322021),(Vehicles4↦-0.6635940074920654),(Vehicles5↦-0.6327462196350098)}",
        "VehiclesVx": "{(EgoVehicle↦29.902071952819824),(Vehicles2↦-9.854187965393066),(Vehicles3↦-9.052925109863281),(Vehicles4↦-11.257100105285645),(Vehicles5↦-7.432652115821838)}",
        "VehiclesY": "{(EgoVehicle↦3.9999994039535522),(Vehicles2↦4.000000476837158),(Vehicles3↦5.149601491893918E-07),(Vehicles4↦-3.9999994039535522),(Vehicles5↦4.000000476837158)}",
        "VehiclesVy": "{(EgoVehicle↦-2.983659896926838E-06),(Vehicles2↦2.983659896926838E-06),(Vehicles3↦2.983659896926838E-06),(Vehicles4↦2.983659896926838E-06),(Vehicles5↦2.9836604653610266E-06)}",
        "VehiclesX": "{(EgoVehicle↦200.0),(Vehicles2↦7.763964682817459),(Vehicles3↦37.36242651939392),(Vehicles4↦53.94286513328552),(Vehicles5↦93.41539740562439)}"
      },
      "probabilisticVariables": null,
      "activating": [
        "IDLE_16"
      ],
      "activatingOnlyWhenExecuted": true,
      "updating": null,
      "withPredicate": null
    },
    {
      "id": "IDLE_16",
      "execute": "IDLE",
      "after": "1000",
      "priority": 0,
      "additionalGuards": null,
      "activationKind": null,
      "fixedVariables": {
        "Crash": "FALSE",
        "VehiclesAy": "{(EgoVehicle↦3.2921628445592432E-06),(Vehicles2↦-3.2921628445592432E-06),(Vehicles3↦-3.2921628445592432E-06),(Vehicles4↦-3.2921628445592432E-06),(Vehicles5↦2.6751575177286213E-06)}",
        "Reward": "0.9663227770629015",
        "VehiclesAx": "{(EgoVehicle↦0.08503198623657227),(Vehicles2↦-0.028976798057556152),(Vehicles3↦-0.09942054748535156),(Vehicles4↦-0.08851170539855957),(Vehicles5↦-0.08148431777954102)}",
        "VehiclesVx": "{(EgoVehicle↦29.987103939056396),(Vehicles2↦-9.883164763450623),(Vehicles3↦-9.152345657348633),(Vehicles4↦-11.345611810684204),(Vehicles5↦-7.514136433601379)}",
        "VehiclesY": "{(EgoVehicle↦3.999999761581421),(Vehicles2↦4.0000001192092896),(Vehicles3↦9.207604279026782E-08),(Vehicles4↦-3.999999761581421),(Vehicles5↦4.0000001192092896)}",
        "VehiclesVy": "{(EgoVehicle↦3.0850294763240527E-07),(Vehicles2↦-3.0850294763240527E-07),(Vehicles3↦-3.0850294763240527E-07),(Vehicles4↦-3.0850294763240527E-07),(Vehicles5↦-3.0850294763240527E-07)}",
        "VehiclesX": "{(EgoVehicle↦200.0),(Vehicles2↦-2.1140864118933678),(Vehicles3↦28.25697958469391),(Vehicles4↦42.63639152050018),(Vehicles5↦85.93782782554626)}"
      },
      "probabilisticVariables": null,
      "activating": [
        "LANE_LEFT_17"
      ],
      "activatingOnlyWhenExecuted": true,
      "updating": null,
      "withPredicate": null
    },
    {
      "id": "LANE_LEFT_17",
      "execute": "LANE_LEFT",
      "after": "1000",
      "priority": 0,
      "additionalGuards": null,
      "activationKind": null,
      "fixedVariables": {
        "Crash": "FALSE",
        "VehiclesAy": "{(EgoVehicle↦-1.0301458195340985),(Vehicles2↦1.0301458195340985),(Vehicles3↦1.0301458195340985),(Vehicles4↦1.0301458195340985),(Vehicles5↦1.0301452025282032)}",
        "Reward": "0.932816237304192",
        "VehiclesAx": "{(EgoVehicle↦-0.0064945220947265625),(Vehicles2↦0.7217812538146973),(Vehicles3↦-2.177797555923462),(Vehicles4↦3.8359105587005615),(Vehicles5↦-3.7487560510635376)}",
        "VehiclesVx": "{(EgoVehicle↦29.98060941696167),(Vehicles2↦-9.161383509635925),(Vehicles3↦-11.330143213272095),(Vehicles4↦-7.509701251983643),(Vehicles5↦-11.262892484664917)}",
        "VehiclesY": "{(EgoVehicle↦0.2966916337609291),(Vehicles2↦3.7033084630966187),(Vehicles3↦-0.2966916337609291),(Vehicles4↦7.703308582305908),(Vehicles5↦-0.2966916337609291)}",
        "VehiclesVy": "{(EgoVehicle↦-1.0301455110311508),(Vehicles2↦1.0301455110311508),(Vehicles3↦1.0301455110311508),(Vehicles4↦1.0301455110311508),(Vehicles5↦1.0301455110311508)}",
        "VehiclesX": "{(EgoVehicle↦200.0),(Vehicles2↦19.368833303451538),(Vehicles3↦31.563815474510193),(Vehicles4↦78.69356870651245),(Vehicles5↦83.71369242668152)}"
      },
      "probabilisticVariables": null,
      "activating": [
        "SLOWER_18"
      ],
      "activatingOnlyWhenExecuted": true,
      "updating": null,
      "withPredicate": null
    },
    {
      "id": "SLOWER_18",
      "execute": "SLOWER",
      "after": "1000",
      "priority": 0,
      "additionalGuards": null,
      "activationKind": null,
      "fixedVariables": {
        "Crash": "FALSE",
        "VehiclesAy": "{(EgoVehicle↦1.0062186256982386),(Vehicles2↦-1.0062186256982386),(Vehicles3↦-1.0062186256982386),(Vehicles4↦-1.0062186256982386),(Vehicles5↦1.054072396364063)}",
        "Reward": "0.8175520379694263",
        "VehiclesAx": "{(EgoVehicle↦-4.322407245635986),(Vehicles2↦4.306628406047821),(Vehicles3↦4.3418967723846436),(Vehicles4↦4.317031800746918),(Vehicles5↦4.401242733001709)}",
        "VehiclesVx": "{(EgoVehicle↦25.658202171325684),(Vehicles2↦-4.854755103588104),(Vehicles3↦-6.988246440887451),(Vehicles4↦-3.192669451236725),(Vehicles5↦-6.861649751663208)}",
        "VehiclesY": "{(EgoVehicle↦0.007099369307979941),(Vehicles2↦3.9929004907608032),(Vehicles3↦-0.007099369307979941),(Vehicles4↦7.992900609970093),(Vehicles5↦-0.007099369307979941)}",
        "VehiclesVy": "{(EgoVehicle↦-0.023926885332912207),(Vehicles2↦0.023926885332912207),(Vehicles3↦0.023926885332912207),(Vehicles4↦0.023926885332912207),(Vehicles5↦0.023926885332912207)}",
        "VehiclesX": "{(EgoVehicle↦200.0),(Vehicles2↦12.580448389053345),(Vehicles3↦22.62001782655716),(Vehicles4↦73.56123328208923),(Vehicles5↦74.86144304275513)}"
      },
      "probabilisticVariables": null,
      "activating": [
        "SLOWER_19"
      ],
      "activatingOnlyWhenExecuted": true,
      "updating": null,
      "withPredicate": null
    },
    {
      "id": "SLOWER_19",
      "execute": "SLOWER",
      "after": "1000",
      "priority": 0,
      "additionalGuards": null,
      "activationKind": null,
      "fixedVariables": {
        "Crash": "FALSE",
        "VehiclesAy": "{(EgoVehicle↦0.02300108564668335),(Vehicles2↦-0.02300108564668335),(Vehicles3↦-0.02300108564668335),(Vehicles4↦-0.02300108564668335),(Vehicles5↦0.024852685019141063)}",
        "Reward": "0.6865363838180105",
        "VehiclesAx": "{(EgoVehicle↦-4.913086891174316),(Vehicles2↦4.897544365376234),(Vehicles3↦4.9412451684474945),(Vehicles4↦1.3244178891181946),(Vehicles5↦8.574754148721695)}",
        "VehiclesVx": "{(EgoVehicle↦20.745115280151367),(Vehicles2↦0.042789261788129807),(Vehicles3↦-2.0470012724399567),(Vehicles4↦-1.8682515621185303),(Vehicles5↦1.713104397058487)}",
        "VehiclesY": "{(EgoVehicle↦0.00032009693677537143),(Vehicles2↦3.9996800422668457),(Vehicles3↦-0.00032009693677537143),(Vehicles4↦-0.00032009693677537143),(Vehicles5↦7.999679803848267)}",
        "VehiclesVy": "{(EgoVehicle↦-0.0009257996862288564),(Vehicles2↦0.0009257996862288564),(Vehicles3↦0.0009257996862288564),(Vehicles4↦0.0009257996862288564),(Vehicles5↦0.0009257996862288564)}",
        "VehiclesX": "{(EgoVehicle↦200.0),(Vehicles2↦10.429788380861282),(Vehicles3↦18.352754414081573),(Vehicles4↦70.74221968650818),(Vehicles5↦73.07609915733337)}"
      },
      "probabilisticVariables": null,
      "activating": [
        "SLOWER_20"
      ],
      "activatingOnlyWhenExecuted": true,
      "updating": null,
      "withPredicate": null
    },
    {
      "id": "SLOWER_20",
      "execute": "SLOWER",
      "after": "1000",
      "priority": 0,
      "additionalGuards": null,
      "activationKind": null,
      "fixedVariables": {
        "Crash": "FALSE",
        "VehiclesAy": "{(EgoVehicle↦0.0008691369657753967),(Vehicles2↦-0.0008691369657753967),(Vehicles3↦-0.0008691369657753967),(Vehicles4↦-0.0008691369657753967),(Vehicles5↦0.0009824624066823162)}",
        "Reward": "0.6692832550039242",
        "VehiclesAx": "{(EgoVehicle↦-0.6469941139221191),(Vehicles2↦0.6319458968937397),(Vehicles3↦0.6821252405643463),(Vehicles4↦0.727059543132782),(Vehicles5↦0.638570636510849)}",
        "VehiclesVx": "{(EgoVehicle↦20.098121166229248),(Vehicles2↦0.6747351586818695),(Vehicles3↦-1.3648760318756104),(Vehicles4↦-1.1411920189857483),(Vehicles5↦2.351675033569336)}",
        "VehiclesY": "{(EgoVehicle↦1.952992442966206E-05),(Vehicles2↦3.9999804496765137),(Vehicles3↦-1.952992442966206E-05),(Vehicles4↦-1.952992442966206E-05),(Vehicles5↦7.999980211257935)}",
        "VehiclesVy": "{(EgoVehicle↦-5.666272045345977E-05),(Vehicles2↦5.666272045345977E-05),(Vehicles3↦5.666272045345977E-05),(Vehicles4↦5.666272045345977E-05),(Vehicles5↦5.666272045345977E-05)}",
        "VehiclesX": "{(EgoVehicle↦200.0),(Vehicles2↦10.823431611061096),(Vehicles3↦16.67623072862625),(Vehicles4↦69.2629873752594),(Vehicles5↦75.14281868934631)}"
      },
      "probabilisticVariables": null,
      "activating": [
        "SLOWER_21"
      ],
      "activatingOnlyWhenExecuted": true,
      "updating": null,
      "withPredicate": null
    },
    {
      "id": "SLOWER_21",
      "execute": "SLOWER",
      "after": "1000",
      "priority": 0,
      "additionalGuards": null,
      "activationKind": null,
      "fixedVariables": {
        "Crash": "FALSE",
        "VehiclesAy": "{(EgoVehicle↦5.314221283470033E-05),(Vehicles2↦-5.314221283470033E-05),(Vehicles3↦-5.314221283470033E-05),(Vehicles4↦-5.314221283470033E-05),(Vehicles5↦6.018322807221921E-05)}",
        "Reward": "0.6670112379706107",
        "VehiclesAx": "{(EgoVehicle↦-0.08519887924194336),(Vehicles2↦0.07078789174556732),(Vehicles3↦0.12579865753650665),(Vehicles4↦0.1638791710138321),(Vehicles5↦0.07617190480232239)}",
        "VehiclesVx": "{(EgoVehicle↦20.012922286987305),(Vehicles2↦0.7455230504274368),(Vehicles3↦-1.2390773743391037),(Vehicles4↦-0.9773128479719162),(Vehicles5↦2.4278469383716583)}",
        "VehiclesY": "{(EgoVehicle↦1.212285098972643E-06),(Vehicles2↦3.999998688697815),(Vehicles3↦-1.212285098972643E-06),(Vehicles4↦-1.212285098972643E-06),(Vehicles5↦7.9999988079071045)}",
        "VehiclesVy": "{(EgoVehicle↦-3.5205076187594386E-06),(Vehicles2↦3.5205076187594386E-06),(Vehicles3↦3.5205076187594386E-06),(Vehicles4↦3.5205076187594386E-06),(Vehicles5↦3.5205076187594386E-06)}",
        "VehiclesX": "{(EgoVehicle↦200.0),(Vehicles2↦11.53934895992279),(Vehicles3↦15.374214947223663),(Vehicles4↦68.20041537284851),(Vehicles5↦77.53791809082031)}"
      },
      "probabilisticVariables": null,
      "activating": [
        "SLOWER_22"
      ],
      "activatingOnlyWhenExecuted": true,
      "updating": null,
      "withPredicate": null
    },
    {
      "id": "SLOWER_22",
      "execute": "SLOWER",
      "after": "1000",
      "priority": 0,
      "additionalGuards": null,
      "activationKind": null,
      "fixedVariables": {
        "Crash": "FALSE",
        "VehiclesAy": "{(EgoVehicle↦3.3015029643479465E-06),(Vehicles2↦-3.3015029643479465E-06),(Vehicles3↦-3.3015029643479465E-06),(Vehicles4↦-3.3015029643479465E-06),(Vehicles5↦3.7395122731709307E-06)}",
        "Reward": "0.6667120423116315",
        "VehiclesAx": "{(EgoVehicle↦-0.011219978332519531),(Vehicles2↦-0.0024887174367904663),(Vehicles3↦0.0559697300195694),(Vehicles4↦0.08777521550655365),(Vehicles5↦0.0018884241580963135)}",
        "VehiclesVx": "{(EgoVehicle↦20.001702308654785),(Vehicles2↦0.7430343329906464),(Vehicles3↦-1.1831076443195343),(Vehicles4↦-0.8895376324653625),(Vehicles5↦2.4297353625297546)}",
        "VehiclesY": "{(EgoVehicle↦7.540473845324414E-08),(Vehicles2↦3.999999761581421),(Vehicles3↦-7.540473312417362E-08),(Vehicles4↦-7.540473312417362E-08),(Vehicles5↦8.000000238418579)}",
        "VehiclesVy": "{(EgoVehicle↦-2.1900465441149208E-07),(Vehicles2↦2.1900465441149208E-07),(Vehicles3↦2.1900465441149208E-07),(Vehicles4↦2.1900465441149208E-07),(Vehicles5↦2.1900465441149208E-07)}",
        "VehiclesX": "{(EgoVehicle↦200.0),(Vehicles2↦12.285520136356354),(Vehicles3↦14.158941805362701),(Vehicles4↦67.2601044178009),(Vehicles5↦79.96823787689209)}"
      },
      "probabilisticVariables": null,
      "activating": [
        "SLOWER_23"
      ],
      "activatingOnlyWhenExecuted": true,
      "updating": null,
      "withPredicate": null
    },
    {
      "id": "SLOWER_23",
      "execute": "SLOWER",
      "after": "1000",
      "priority": 0,
      "additionalGuards": null,
      "activationKind": null,
      "fixedVariables": {
        "Crash": "FALSE",
        "VehiclesAy": "{(EgoVehicle↦2.0537854972246805E-07),(Vehicles2↦-2.0537854084068385E-07),(Vehicles3↦-2.0537854084068385E-07),(Vehicles4↦-2.0537855860425225E-07),(Vehicles5↦2.326307679823003E-07)}",
        "Reward": "0.6666726420602423",
        "VehiclesAx": "{(EgoVehicle↦-0.0014781951904296875),(Vehicles2↦-1.8768816441297531),(Vehicles3↦1.9146482646465302),(Vehicles4↦0.0754634290933609),(Vehicles5↦-0.00796884298324585)}",
        "VehiclesVx": "{(EgoVehicle↦20.000224113464355),(Vehicles2↦-1.1338473111391068),(Vehicles3↦0.7315406203269958),(Vehicles4↦-0.8140742033720016),(Vehicles5↦2.421766519546509)}",
        "VehiclesY": "{(EgoVehicle↦4.6914818696564E-09),(Vehicles2↦-4.69148053738877E-09),(Vehicles3↦4.0000001192092896),(Vehicles4↦-4.691479205121141E-09),(Vehicles5↦8.000000238418579)}",
        "VehiclesVy": "{(EgoVehicle↦-1.3626104689024032E-08),(Vehicles2↦1.362611357080823E-08),(Vehicles3↦1.362611357080823E-08),(Vehicles4↦1.3626095807239835E-08),(Vehicles5↦1.362611357080823E-08)}",
        "VehiclesX": "{(EgoVehicle↦200.0),(Vehicles2↦12.995560467243195),(Vehicles3↦13.024121522903442),(Vehicles4↦66.40119552612305),(Vehicles5↦82.39501118659973)}"
      },
      "probabilisticVariables": null,
      "activating": [
        "SLOWER_24"
      ],
      "activatingOnlyWhenExecuted": true,
      "updating": null,
      "withPredicate": null
    },
    {
      "id": "SLOWER_24",
      "execute": "SLOWER",
      "after": "1000",
      "priority": 0,
      "additionalGuards": null,
      "activationKind": null,
      "fixedVariables": {
        "Crash": "FALSE",
        "VehiclesAy": "{(EgoVehicle↦1.2778302860283475E-08),(Vehicles2↦-1.2778311742067672E-08),(Vehicles3↦-1.2778311742067672E-08),(Vehicles4↦-1.2778276214930884E-08),(Vehicles5↦1.4473915399548787E-08)}",
        "Reward": "0.6666674535497713",
        "VehiclesAx": "{(EgoVehicle↦-0.00019550323486328125),(Vehicles2↦0.05007393658161163),(Vehicles3↦-0.01202709972858429),(Vehicles4↦0.07136493921279907),(Vehicles5↦-0.00925019383430481)}",
        "VehiclesVx": "{(EgoVehicle↦20.000028610229492),(Vehicles2↦-1.0837733745574951),(Vehicles3↦0.7195135205984116),(Vehicles4↦-0.7427092641592026),(Vehicles5↦2.412516325712204)}",
        "VehiclesY": "{(EgoVehicle↦2.9190250216970526E-10),(Vehicles2↦-2.919038344373348E-10),(Vehicles3↦4.0000001192092896),(Vehicles4↦-2.919011699020757E-10),(Vehicles5↦8.000000238418579)}",
        "VehiclesVy": "{(EgoVehicle↦-8.478018287405575E-10),(Vehicles2↦8.478018287405575E-10),(Vehicles3↦8.478018287405575E-10),(Vehicles4↦8.478195923089515E-10),(Vehicles5↦8.478018287405575E-10)}",
        "VehiclesX": "{(EgoVehicle↦200.0),(Vehicles2↦11.881636828184128),(Vehicles3↦13.750819861888885),(Vehicles4↦65.61592817306519),(Vehicles5↦84.81310606002808)}"
      },
      "probabilisticVariables": null,
      "activating": [
        "SLOWER_25"
      ],
      "activatingOnlyWhenExecuted": true,
      "updating": null,
      "withPredicate": null
    },
    {
      "id": "SLOWER_25",
      "execute": "SLOWER",
      "after": "1000",
      "priority": 0,
      "additionalGuards": null,
      "activationKind": null,
      "fixedVariables": {
        "Crash": "FALSE",
        "VehiclesAy": "{(EgoVehicle↦7.950529123945671E-10),(Vehicles2↦-7.950440306103701E-10),(Vehicles3↦-7.950440306103701E-10),(Vehicles4↦-7.950617941787641E-10),(Vehicles5↦9.00559626870745E-10)}",
        "Reward": "0.6666667702891331",
        "VehiclesAx": "{(EgoVehicle↦-2.384185791015625E-05),(Vehicles2↦0.051230043172836304),(Vehicles3↦-0.011446774005889893),(Vehicles4↦0.06827130913734436),(Vehicles5↦-0.009343177080154419)}",
        "VehiclesVx": "{(EgoVehicle↦20.000004768371582),(Vehicles2↦-1.0325433313846588),(Vehicles3↦0.7080667465925217),(Vehicles4↦-0.6744379550218582),(Vehicles5↦2.4031731486320496)}",
        "VehiclesY": "{(EgoVehicle↦1.816147232602816E-11),(Vehicles2↦-1.816147232602816E-11),(Vehicles3↦4.0000001192092896),(Vehicles4↦-1.816147232602816E-11),(Vehicles5↦8.000000238418579)}",
        "VehiclesVy": "{(EgoVehicle↦-5.274891634599044E-11),(Vehicles2↦5.275779813018744E-11),(Vehicles3↦5.275779813018744E-11),(Vehicles4↦5.275779813018744E-11),(Vehicles5↦5.275779813018744E-11)}",
        "VehiclesX": "{(EgoVehicle↦200.0),(Vehicles2↦10.818280279636383),(Vehicles3↦14.465700089931488),(Vehicles4↦64.90076780319214),(Vehicles5↦87.22187876701355)}"
      },
      "probabilisticVariables": null,
      "activating": [
        "SLOWER_26"
      ],
      "activatingOnlyWhenExecuted": true,
      "updating": null,
      "withPredicate": null
    },
    {
      "id": "SLOWER_26",
      "execute": "SLOWER",
      "after": "1000",
      "priority": 0,
      "additionalGuards": null,
      "activationKind": null,
      "fixedVariables": {
        "Crash": "FALSE",
        "VehiclesAy": "{(EgoVehicle↦4.9462656193099974E-11),(Vehicles2↦-4.9471537977296975E-11),(Vehicles3↦-4.9471537977296975E-11),(Vehicles4↦-4.9471537977296975E-11),(Vehicles5↦5.60440582830779E-11)}",
        "Reward": "0.6666666803124236",
        "VehiclesAx": "{(EgoVehicle↦-4.76837158203125E-06),(Vehicles2↦0.05190625786781311),(Vehicles3↦-0.010727569460868835),(Vehicles4↦0.06530746817588806),(Vehicles5↦-0.009240806102752686)}",
        "VehiclesVx": "{(EgoVehicle↦20.0),(Vehicles2↦-0.9806370735168457),(Vehicles3↦0.6973391771316528),(Vehicles4↦-0.6091304868459702),(Vehicles5↦2.393932342529297)}",
        "VehiclesY": "{(EgoVehicle↦1.1297629498585593E-12),(Vehicles2↦-1.1297629498585593E-12),(Vehicles3↦4.0000001192092896),(Vehicles4↦-1.1284306822290091E-12),(Vehicles5↦8.000000238418579)}",
        "VehiclesVy": "{(EgoVehicle↦-3.2862601528904634E-12),(Vehicles2↦3.2862601528904634E-12),(Vehicles3↦3.2862601528904634E-12),(Vehicles4↦3.2862601528904634E-12),(Vehicles5↦3.2862601528904634E-12)}",
        "VehiclesX": "{(EgoVehicle↦200.0),(Vehicles2↦9.806466102600098),(Vehicles3↦15.16941636800766),(Vehicles4↦64.25268650054932),(Vehicles5↦89.62134718894958)}"
      },
      "probabilisticVariables": null,
      "activating": [
        "LANE_RIGHT_27"
      ],
      "activatingOnlyWhenExecuted": true,
      "updating": null,
      "withPredicate": null
    },
    {
      "id": "LANE_RIGHT_27",
      "execute": "LANE_RIGHT",
      "after": "1000",
      "priority": 0,
      "additionalGuards": null,
      "activationKind": null,
      "fixedVariables": {
        "Crash": "FALSE",
        "VehiclesAy": "{(EgoVehicle↦1.1458636075291118),(Vehicles2↦-1.1458636075291118),(Vehicles3↦-1.1458636075291118),(Vehicles4↦-1.1458636075291118),(Vehicles5↦-1.1458636075225392)}",
        "Reward": "0.7000000000000001",
        "VehiclesAx": "{(EgoVehicle↦-0.0328516960144043),(Vehicles2↦0.08495219051837921),(Vehicles3↦0.022850483655929565),(Vehicles4↦0.09525924921035767),(Vehicles5↦0.023766010999679565)}",
        "VehiclesVx": "{(EgoVehicle↦19.967148303985596),(Vehicles2↦-0.8956848829984665),(Vehicles3↦0.7201896607875824),(Vehicles4↦-0.5138712376356125),(Vehicles5↦2.4176983535289764)}",
        "VehiclesY": "{(EgoVehicle↦3.6036994457244873),(Vehicles2↦-3.6036994457244873),(Vehicles3↦0.3963004946708679),(Vehicles4↦-3.6036994457244873),(Vehicles5↦4.396300435066223)}",
        "VehiclesVy": "{(EgoVehicle↦1.1458636075258255),(Vehicles2↦-1.1458636075258255),(Vehicles3↦-1.1458636075258255),(Vehicles4↦-1.1458636075258255),(Vehicles5↦-1.1458636075258255)}",
        "VehiclesX": "{(EgoVehicle↦200.0),(Vehicles2↦9.23326388001442),(Vehicles3↦16.249291598796844),(Vehicles4↦64.05534148216248),(Vehicles5↦92.39822030067444)}"
      },
      "probabilisticVariables": null,
      "activating": [
        "LANE_RIGHT_28"
      ],
      "activatingOnlyWhenExecuted": true,
      "updating": null,
      "withPredicate": null
    },
    {
      "id": "LANE_RIGHT_28",
      "execute": "LANE_RIGHT",
      "after": "1000",
      "priority": 0,
      "additionalGuards": null,
      "activationKind": null,
      "fixedVariables": {
        "Crash": "FALSE",
        "VehiclesAy": "{(EgoVehicle↦0.0712960958480835),(Vehicles2↦-0.0712960958480835),(Vehicles3↦-0.0712960958480835),(Vehicles4↦-0.0712960958480835),(Vehicles5↦-2.3630233108997345)}",
        "Reward": "0.7333333333333334",
        "VehiclesAx": "{(EgoVehicle↦-0.004220008850097656),(Vehicles2↦0.056119710206985474),(Vehicles3↦-0.00506959855556488),(Vehicles4↦0.06381191313266754),(Vehicles5↦-0.004686266183853149)}",
        "VehiclesVx": "{(EgoVehicle↦19.962928295135498),(Vehicles2↦-0.839565172791481),(Vehicles3↦0.7151200622320175),(Vehicles4↦-0.45005932450294495),(Vehicles5↦2.4130120873451233)}",
        "VehiclesY": "{(EgoVehicle↦7.579185962677002),(Vehicles2↦-7.579185962677002),(Vehicles3↦-3.5791858434677124),(Vehicles4↦-7.579185962677002),(Vehicles5↦0.42081400752067566)}",
        "VehiclesVy": "{(EgoVehicle↦1.217159703373909),(Vehicles2↦-1.217159703373909),(Vehicles3↦-1.217159703373909),(Vehicles4↦-1.217159703373909),(Vehicles5↦-1.217159703373909)}",
        "VehiclesX": "{(EgoVehicle↦200.0),(Vehicles2↦8.8007852435112),(Vehicles3↦17.40812510251999),(Vehicles4↦64.00794386863708),(Vehicles5↦95.25476098060608)}"
      },
      "probabilisticVariables": null,
      "activating": [
        "SLOWER_29"
      ],
      "activatingOnlyWhenExecuted": true,
      "updating": null,
      "withPredicate": null
    },
    {
      "id": "SLOWER_29",
      "execute": "SLOWER",
      "after": "1000",
      "priority": 0,
      "additionalGuards": null,
      "activationKind": null,
      "fixedVariables": {
        "Crash": "FALSE",
        "VehiclesAy": "{(EgoVehicle↦-1.140932128764689),(Vehicles2↦1.140932128764689),(Vehicles3↦1.140932128764689),(Vehicles4↦1.140932128764689),(Vehicles5↦-1.293387277983129)}",
        "Reward": "0.7333333333333334",
        "VehiclesAx": "{(EgoVehicle↦0.03692626953125),(Vehicles2↦0.014466866850852966),(Vehicles3↦-0.04551991820335388),(Vehicles4↦0.019959695637226105),(Vehicles5↦-2.014467306435108)}",
        "VehiclesVx": "{(EgoVehicle↦19.999854564666748),(Vehicles2↦-0.825098305940628),(Vehicles3↦0.6696001440286636),(Vehicles4↦-0.43009962886571884),(Vehicles5↦0.3985447809100151)}",
        "VehiclesY": "{(EgoVehicle↦7.973753929138184),(Vehicles2↦-7.973753929138184),(Vehicles3↦-3.9737541675567627),(Vehicles4↦-7.973753929138184),(Vehicles5↦-3.9737541675567627)}",
        "VehiclesVy": "{(EgoVehicle↦0.07622757460922003),(Vehicles2↦-0.07622757460922003),(Vehicles3↦-0.07622757460922003),(Vehicles4↦-0.07622757460922003),(Vehicles5↦-0.07622757460922003)}",
        "VehiclesX": "{(EgoVehicle↦200.0),(Vehicles2↦7.950717955827713),(Vehicles3↦18.08864325284958),(Vehicles4↦63.54973912239075),(Vehicles5↦95.68853974342346)}"
      },
      "probabilisticVariables": null,
      "activating": [
        "IDLE_30"
      ],
      "activatingOnlyWhenExecuted": true,
      "updating": null,
      "withPredicate": null
    },
    {
      "id": "IDLE_30",
      "execute": "IDLE",
      "after": "1000",
      "priority": 0,
      "additionalGuards": null,
      "activationKind": null,
      "fixedVariables": {
        "Crash": "FALSE",
        "VehiclesAy": "{(EgoVehicle↦-0.07148448872612789),(Vehicles2↦0.07148448872612789),(Vehicles3↦0.07148448872612789),(Vehicles4↦0.07148448872612789),(Vehicles5↦-0.08097066049231216)}",
        "Reward": "0.7333333333333334",
        "VehiclesAx": "{(EgoVehicle↦0.00014543533325195312),(Vehicles2↦0.05050495266914368),(Vehicles3↦-0.008063241839408875),(Vehicles4↦0.05415480583906174),(Vehicles5↦0.013822689652442932)}",
        "VehiclesVx": "{(EgoVehicle↦20.0),(Vehicles2↦-0.7745933532714844),(Vehicles3↦0.6615369021892548),(Vehicles4↦-0.3759448230266571),(Vehicles5↦0.41236747056245804)}",
        "VehiclesY": "{(EgoVehicle↦7.9983673095703125),(Vehicles2↦-7.9983673095703125),(Vehicles3↦-3.9983668327331543),(Vehicles4↦-7.9983673095703125),(Vehicles5↦-3.9983668327331543)}",
        "VehiclesVy": "{(EgoVehicle↦0.004743085883092135),(Vehicles2↦-0.004743085883092135),(Vehicles3↦-0.004743085883092135),(Vehicles4↦-0.004743085883092135),(Vehicles5↦-0.004743085883092135)}",
        "VehiclesX": "{(EgoVehicle↦200.0),(Vehicles2↦7.145825028419495),(Vehicles3↦18.754900991916656),(Vehicles4↦63.141441345214844),(Vehicles5↦96.09259366989136)}"
      },
      "probabilisticVariables": null,
      "activating": [
        "LANE_LEFT_31"
      ],
      "activatingOnlyWhenExecuted": true,
      "updating": null,
      "withPredicate": null
    },
    {
      "id": "LANE_LEFT_31",
      "execute": "LANE_LEFT",
      "after": "1000",
      "priority": 0,
      "additionalGuards": null,
      "activationKind": null,
      "fixedVariables": {
        "Crash": "FALSE",
        "VehiclesAy": "{(EgoVehicle↦-1.1503135875682347),(Vehicles2↦1.1503135875682347),(Vehicles3↦1.1503135875682347),(Vehicles4↦1.1503135875682347),(Vehicles5↦1.1408274158020504)}",
        "Reward": "0.7000000000000001",
        "VehiclesAx": "{(EgoVehicle↦-0.03283500671386719),(Vehicles2↦0.082564577460289),(Vehicles3↦0.025570616126060486),(Vehicles4↦0.08467495441436768),(Vehicles5↦0.0462481752038002)}",
        "VehiclesVx": "{(EgoVehicle↦19.967164993286133),(Vehicles2↦-0.6920287758111954),(Vehicles3↦0.6871075183153152),(Vehicles4↦-0.29126986861228943),(Vehicles5↦0.45861564576625824)}",
        "VehiclesY": "{(EgoVehicle↦4.396199584007263),(Vehicles2↦-4.396199584007263),(Vehicles3↦-0.39619968831539154),(Vehicles4↦-4.396199584007263),(Vehicles5↦-0.39619968831539154)}",
        "VehiclesVy": "{(EgoVehicle↦-1.1455705016851425),(Vehicles2↦1.1455705016851425),(Vehicles3↦1.1455705016851425),(Vehicles4↦1.1455705016851425),(Vehicles5↦1.1455705016851425)}",
        "VehiclesX": "{(EgoVehicle↦200.0),(Vehicles2↦6.777454167604446),(Vehicles3↦19.79973167181015),(Vehicles4↦63.17267417907715),(Vehicles5↦96.89662456512451)}"
      },
      "probabilisticVariables": null,
      "activating": [
        "LANE_RIGHT_32"
      ],
      "activatingOnlyWhenExecuted": true,
      "updating": null,
      "withPredicate": null
    },
    {
      "id": "LANE_RIGHT_32",
      "execute": "LANE_RIGHT",
      "after": "1000",
      "priority": 0,
      "additionalGuards": null,
      "activationKind": null,
      "fixedVariables": {
        "Crash": "FALSE",
        "VehiclesAy": "{(EgoVehicle↦2.220168113708496),(Vehicles2↦-2.220168113708496),(Vehicles3↦-2.220168113708496),(Vehicles4↦-2.220168113708496),(Vehicles5↦0.07097288966178894)}",
        "Reward": "0.7333333333333334",
        "VehiclesAx": "{(EgoVehicle↦0.0039446353912353516),(Vehicles2↦0.04473574459552765),(Vehicles3↦-0.010576993227005005),(Vehicles4↦0.04556428641080856),(Vehicles5↦0.008956454694271088)}",
        "VehiclesVx": "{(EgoVehicle↦19.971109628677368),(Vehicles2↦-0.6472930312156677),(Vehicles3↦0.6765305250883102),(Vehicles4↦-0.24570558220148087),(Vehicles5↦0.4675721004605293)}",
        "VehiclesY": "{(EgoVehicle↦7.628207445144653),(Vehicles2↦-7.628207445144653),(Vehicles3↦-3.6282073259353638),(Vehicles4↦-7.628207445144653),(Vehicles5↦-3.6282073259353638)}",
        "VehiclesVy": "{(EgoVehicle↦1.0745976120233536),(Vehicles2↦-1.0745976120233536),(Vehicles3↦-1.0745976120233536),(Vehicles4↦-1.0745976120233536),(Vehicles5↦-1.0745976120233536)}",
        "VehiclesX": "{(EgoVehicle↦200.0),(Vehicles2↦6.381569802761078),(Vehicles3↦20.76072096824646),(Vehicles4↦63.17797303199768),(Vehicles5↦97.63702154159546)}"
      },
      "probabilisticVariables": null,
      "activating": [
        "IDLE_33"
      ],
      "activatingOnlyWhenExecuted": true,
      "updating": null,
      "withPredicate": null
    },
    {
      "id": "IDLE_33",
      "execute": "IDLE",
      "after": "1000",
      "priority": 0,
      "additionalGuards": null,
      "activationKind": null,
      "fixedVariables": {
        "Crash": "FALSE",
        "VehiclesAy": "{(EgoVehicle↦-1.0072194365784526),(Vehicles2↦1.0072194365784526),(Vehicles3↦1.0072194365784526),(Vehicles4↦1.0072194365784526),(Vehicles5↦-1.1419757874682546)}",
        "Reward": "0.7333333333333334",
        "VehiclesAx": "{(EgoVehicle↦0.028777122497558594),(Vehicles2↦0.01876547932624817),(Vehicles3↦-0.03479786217212677),(Vehicles4↦0.01852959394454956),(Vehicles5↦-0.016348250210285187)}",
        "VehiclesVx": "{(EgoVehicle↦19.999886751174927),(Vehicles2↦-0.6285275518894196),(Vehicles3↦0.6417326629161835),(Vehicles4↦-0.2271759882569313),(Vehicles5↦0.45122385025024414)}",
        "VehiclesY": "{(EgoVehicle↦7.976800918579102),(Vehicles2↦-7.976800918579102),(Vehicles3↦-3.976800799369812),(Vehicles4↦-7.976800918579102),(Vehicles5↦-3.976800799369812)}",
        "VehiclesVy": "{(EgoVehicle↦0.06737817544490099),(Vehicles2↦-0.06737817544490099),(Vehicles3↦-0.06737817544490099),(Vehicles4↦-0.06737817544490099),(Vehicles5↦-0.06737817544490099)}",
        "VehiclesX": "{(EgoVehicle↦200.0),(Vehicles2↦5.729148164391518),(Vehicles3↦21.410556137561798),(Vehicles4↦62.92712688446045),(Vehicles5↦98.08536171913147)}"
      },
      "probabilisticVariables": null,
      "activating": [
        "IDLE_34"
      ],
      "activatingOnlyWhenExecuted": true,
      "updating": null,
      "withPredicate": null
    },
    {
      "id": "IDLE_34",
      "execute": "IDLE",
      "after": "1000",
      "priority": 0,
      "additionalGuards": null,
      "activationKind": null,
      "fixedVariables": {
        "Crash": "FALSE",
        "VehiclesAy": "{(EgoVehicle↦-0.0631856796098873),(Vehicles2↦0.0631856796098873),(Vehicles3↦0.0631856796098873),(Vehicles4↦0.0631856796098873),(Vehicles5↦-0.07157067127991468)}",
        "Reward": "0.7333333333333334",
        "VehiclesAx": "{(EgoVehicle↦0.00011324882507324219),(Vehicles2↦0.04622939974069595),(Vehicles3↦-0.005547478795051575),(Vehicles4↦0.045112427324056625),(Vehicles5↦0.011875331401824951)}",
        "VehiclesVx": "{(EgoVehicle↦20.0),(Vehicles2↦-0.5822981521487236),(Vehicles3↦0.6361851841211319),(Vehicles4↦-0.18206356093287468),(Vehicles5↦0.4630991816520691)}",
        "VehiclesY": "{(EgoVehicle↦7.998556852340698),(Vehicles2↦-7.998556852340698),(Vehicles3↦-3.99855637550354),(Vehicles4↦-7.998556852340698),(Vehicles5↦-3.99855637550354)}",
        "VehiclesVy": "{(EgoVehicle↦0.004192495835013688),(Vehicles2↦-0.004192495835013688),(Vehicles3↦-0.004192495835013688),(Vehicles4↦-0.004192495835013688),(Vehicles5↦-0.004192495835013688)}",
        "VehiclesX": "{(EgoVehicle↦200.0),(Vehicles2↦5.1191601902246475),(Vehicles3↦22.049972414970398),(Vehicles4↦62.71810531616211),(Vehicles5↦98.54131937026978)}"
      },
      "probabilisticVariables": null,
      "activating": [
        "IDLE_35"
      ],
      "activatingOnlyWhenExecuted": true,
      "updating": null,
      "withPredicate": null
    },
    {
      "id": "IDLE_35",
      "execute": "IDLE",
      "after": "1000",
      "priority": 0,
      "additionalGuards": null,
      "activationKind": null,
      "fixedVariables": {
        "Crash": "FALSE",
        "VehiclesAy": "{(EgoVehicle↦-0.003931639130314579),(Vehicles2↦0.003931639130314579),(Vehicles3↦0.003931639130314579),(Vehicles4↦0.003931639130314579),(Vehicles5↦-0.004453352539712796)}",
        "Reward": "0.7333333333333334",
        "VehiclesAx": "{(EgoVehicle↦0.0),(Vehicles2↦0.04510659724473953),(Vehicles3↦-0.004870891571044922),(Vehicles4↦0.04326270893216133),(Vehicles5↦0.011578910052776337)}",
        "VehiclesVx": "{(EgoVehicle↦20.0),(Vehicles2↦-0.5371915549039841),(Vehicles3↦0.631314292550087),(Vehicles4↦-0.13880085200071335),(Vehicles5↦0.47467809170484543)}",
        "VehiclesY": "{(EgoVehicle↦7.999910116195679),(Vehicles2↦-7.999910116195679),(Vehicles3↦-3.999910354614258),(Vehicles4↦-7.999910116195679),(Vehicles5↦-3.999910354614258)}",
        "VehiclesVy": "{(EgoVehicle↦0.0002608567046991084),(Vehicles2↦-0.0002608567046991084),(Vehicles3↦-0.0002608567046991084),(Vehicles4↦-0.0002608567046991084),(Vehicles5↦-0.0002608567046991084)}",
        "VehiclesX": "{(EgoVehicle↦200.0),(Vehicles2↦4.5550040900707245),(Vehicles3↦22.684165835380554),(Vehicles4↦62.55350112915039),(Vehicles5↦99.00908470153809)}"
      },
      "probabilisticVariables": null,
      "activating": [
        "FASTER_36"
      ],
      "activatingOnlyWhenExecuted": true,
      "updating": null,
      "withPredicate": null
    },
    {
      "id": "FASTER_36",
      "execute": "FASTER",
      "after": "1000",
      "priority": 0,
      "additionalGuards": null,
      "activationKind": null,
      "fixedVariables": {
        "Crash": "FALSE",
        "VehiclesAy": "{(EgoVehicle↦-0.00024809054366414784),(Vehicles2↦0.00024809054366414784),(Vehicles3↦0.00024809054366414784),(Vehicles4↦0.00024809054366414784),(Vehicles5↦-0.0002736228657340689)}",
        "Reward": "0.8491083676267971",
        "VehiclesAx": "{(EgoVehicle↦4.341564178466797),(Vehicles2↦-4.297709539532661),(Vehicles3↦-4.345893636345863),(Vehicles4↦-4.300150461494923),(Vehicles5↦-4.330366067588329)}",
        "VehiclesVx": "{(EgoVehicle↦24.341564178466797),(Vehicles2↦-4.8349010944366455),(Vehicles3↦-3.7145793437957764),(Vehicles4↦-4.438951313495636),(Vehicles5↦-3.855687975883484)}",
        "VehiclesY": "{(EgoVehicle↦7.999995946884155),(Vehicles2↦-7.999995946884155),(Vehicles3↦-3.9999961853027344),(Vehicles4↦-7.999995946884155),(Vehicles5↦-3.9999961853027344)}",
        "VehiclesVy": "{(EgoVehicle↦1.2766161034960533E-05),(Vehicles2↦-1.2766161034960533E-05),(Vehicles3↦-1.2766161034960533E-05),(Vehicles4↦-1.2766161034960533E-05),(Vehicles5↦-1.2766161034960533E-05)}",
        "VehiclesX": "{(EgoVehicle↦200.0),(Vehicles2↦1.6403930261731148),(Vehicles3↦20.918643474578857),(Vehicles4↦60.03634333610535),(Vehicles5↦97.09320664405823)}"
      },
      "probabilisticVariables": null,
      "activating": [
        "IDLE_37"
      ],
      "activatingOnlyWhenExecuted": true,
      "updating": null,
      "withPredicate": null
    },
    {
      "id": "IDLE_37",
      "execute": "IDLE",
      "after": "1000",
      "priority": 0,
      "additionalGuards": null,
      "activationKind": null,
      "fixedVariables": {
        "Crash": "FALSE",
        "VehiclesAy": "{(EgoVehicle↦-1.235128209486902E-05),(Vehicles2↦1.235128209486902E-05),(Vehicles3↦1.235128209486902E-05),(Vehicles4↦1.235128209486902E-05),(Vehicles5↦-1.3181039975052045E-05)}",
        "Reward": "0.864354462677889",
        "VehiclesAx": "{(EgoVehicle↦0.5717277526855469),(Vehicles2↦-0.5291295051574707),(Vehicles3↦-0.5755412578582764),(Vehicles4↦-0.5320587754249573),(Vehicles5↦-0.5608871579170227)}",
        "VehiclesVx": "{(EgoVehicle↦24.913291931152344),(Vehicles2↦-5.364030599594116),(Vehicles3↦-4.290120601654053),(Vehicles4↦-4.971010088920593),(Vehicles5↦-4.416575133800507)}",
        "VehiclesY": "{(EgoVehicle↦7.999999523162842),(Vehicles2↦-7.999999523162842),(Vehicles3↦-3.999999761581421),(Vehicles4↦-7.999999523162842),(Vehicles5↦-3.999999761581421)}",
        "VehiclesVy": "{(EgoVehicle↦4.1487894009151205E-07),(Vehicles2↦-4.1487894009151205E-07),(Vehicles3↦-4.1487894009151205E-07),(Vehicles4↦-4.1487894009151205E-07),(Vehicles5↦-4.1487894009151205E-07)}",
        "VehiclesX": "{(EgoVehicle↦200.0),(Vehicles2↦-3.4927669912576675),(Vehicles3↦16.887100040912628),(Vehicles4↦55.29799461364746),(Vehicles5↦92.92648434638977)}"
      },
      "probabilisticVariables": null,
      "activating": [
        "IDLE_38"
      ],
      "activatingOnlyWhenExecuted": true,
      "updating": null,
      "withPredicate": null
    },
    {
      "id": "IDLE_38",
      "execute": "IDLE",
      "after": "1000",
      "priority": 0,
      "additionalGuards": null,
      "activationKind": null,
      "fixedVariables": {
        "Crash": "FALSE",
        "VehiclesAy": "{(EgoVehicle↦-4.018493626745112E-07),(Vehicles2↦4.018493626745112E-07),(Vehicles3↦4.018493626745112E-07),(Vehicles4↦4.018493626745112E-07),(Vehicles5↦-4.279085175085129E-07)}",
        "Reward": "0.8663621788985972",
        "VehiclesAx": "{(EgoVehicle↦0.07529020309448242),(Vehicles2↦-0.033936500549316406),(Vehicles3↦-0.07860809564590454),(Vehicles4↦-0.03726303577423096),(Vehicles5↦-0.06478190422058105)}",
        "VehiclesVx": "{(EgoVehicle↦24.988582134246826),(Vehicles2↦-5.397967100143433),(Vehicles3↦-4.368728697299957),(Vehicles4↦-5.008273124694824),(Vehicles5↦-4.481357038021088)}",
        "VehiclesY": "{(EgoVehicle↦8.000000238418579),(Vehicles2↦-8.000000238418579),(Vehicles3↦-4.0000001192092896),(Vehicles4↦-8.000000238418579),(Vehicles5↦-4.0000001192092896)}",
        "VehiclesVy": "{(EgoVehicle↦1.3029577417000837E-08),(Vehicles2↦-1.3029577417000837E-08),(Vehicles3↦-1.3029577417000837E-08),(Vehicles4↦-1.3029577417000837E-08),(Vehicles5↦-1.3029577417000837E-08)}",
        "VehiclesX": "{(EgoVehicle↦200.0),(Vehicles2↦-8.881691098213196),(Vehicles3↦12.554079294204712),(Vehicles4↦50.30078887939453),(Vehicles5↦88.47260475158691)}"
      },
      "probabilisticVariables": null,
      "activating": [
        "IDLE_39"
      ],
      "activatingOnlyWhenExecuted": true,
      "updating": null,
      "withPredicate": null
    },
    {
      "id": "IDLE_39",
      "execute": "IDLE",
      "after": "1000",
      "priority": 0,
      "additionalGuards": null,
      "activationKind": null,
      "fixedVariables": {
        "Crash": "FALSE",
        "VehiclesAy": "{(EgoVehicle↦-1.2622134448747602E-08),(Vehicles2↦1.2622134448747602E-08),(Vehicles3↦1.2622134448747602E-08),(Vehicles4↦1.2622134448747602E-08),(Vehicles5↦-1.3437020385254073E-08)}",
        "Reward": "0.8666265695120238",
        "VehiclesAx": "{(EgoVehicle↦0.009913444519042969),(Vehicles2↦1.0164764523506165),(Vehicles3↦-0.6129822134971619),(Vehicles4↦0.5271956324577332),(Vehicles5↦-0.21434694528579712)}",
        "VehiclesVx": "{(EgoVehicle↦24.99849557876587),(Vehicles2↦-4.381490647792816),(Vehicles3↦-4.981710910797119),(Vehicles4↦-4.481077492237091),(Vehicles5↦-4.695703983306885)}",
        "VehiclesY": "{(EgoVehicle↦8.000000238418579),(Vehicles2↦-4.0000001192092896),(Vehicles3↦-8.000000238418579),(Vehicles4↦-4.0000001192092896),(Vehicles5↦-8.000000238418579)}",
        "VehiclesVy": "{(EgoVehicle↦4.0744296825323545E-10),(Vehicles2↦-4.0744296825323545E-10),(Vehicles3↦-4.0744296825323545E-10),(Vehicles4↦-4.0744296825323545E-10),(Vehicles5↦-4.0744296825323545E-10)}",
        "VehiclesX": "{(EgoVehicle↦200.0),(Vehicles2↦8.178704977035522),(Vehicles3↦45.301759243011475),(Vehicles4↦83.98988246917725),(Vehicles5↦102.83143520355225)}"
      },
      "probabilisticVariables": null,
      "activating": [
        "FASTER_40"
      ],
      "activatingOnlyWhenExecuted": true,
      "updating": null,
      "withPredicate": null
    },
    {
      "id": "FASTER_40",
      "execute": "FASTER",
      "after": "1000",
      "priority": 0,
      "additionalGuards": null,
      "activationKind": null,
      "fixedVariables": {
        "Crash": "FALSE",
        "VehiclesAy": "{(EgoVehicle↦-3.986322383298102E-10),(Vehicles2↦3.986322383298102E-10),(Vehicles3↦3.986322383298102E-10),(Vehicles4↦3.986322383298102E-10),(Vehicles5↦-4.162536981766607E-10)}",
        "Reward": "0.9824364206764805",
        "VehiclesAx": "{(EgoVehicle↦4.342870712280273),(Vehicles2↦-4.3452683091163635),(Vehicles3↦-4.307853579521179),(Vehicles4↦-4.332970082759857),(Vehicles5↦-4.315148591995239)}",
        "VehiclesVx": "{(EgoVehicle↦29.341366291046143),(Vehicles2↦-8.72675895690918),(Vehicles3↦-9.289564490318298),(Vehicles4↦-8.814047574996948),(Vehicles5↦-9.010852575302124)}",
        "VehiclesY": "{(EgoVehicle↦8.000000238418579),(Vehicles2↦-4.0000001192092896),(Vehicles3↦-8.000000238418579),(Vehicles4↦-4.0000001192092896),(Vehicles5↦-8.000000238418579)}",
        "VehiclesVy": "{(EgoVehicle↦8.810729923425242E-12),(Vehicles2↦-8.810729923425242E-12),(Vehicles3↦-8.810729923425242E-12),(Vehicles4↦-8.810729923425242E-12),(Vehicles5↦-8.810729923425242E-12)}",
        "VehiclesX": "{(EgoVehicle↦200.0),(Vehicles2↦1.4004379510879517),(Vehicles3↦37.93838620185852),(Vehicles4↦77.11700201034546),(Vehicles5↦95.75112462043762)}"
      },
      "probabilisticVariables": null,
      "activating": [
        "FASTER_41"
      ],
      "activatingOnlyWhenExecuted": true,
      "updating": null,
      "withPredicate": null
    },
    {
      "id": "FASTER_41",
      "execute": "FASTER",
      "after": "1000",
      "priority": 0,
      "additionalGuards": null,
      "activationKind": null,
      "fixedVariables": {
        "Crash": "FALSE",
        "VehiclesAy": "{(EgoVehicle↦-8.79296635503124E-12),(Vehicles2↦8.79296635503124E-12),(Vehicles3↦8.784084570834239E-12),(Vehicles4↦8.79296635503124E-12),(Vehicles5↦-8.828493491819245E-12)}",
        "Reward": "0.9976871006652154",
        "VehiclesAx": "{(EgoVehicle↦0.5718994140625),(Vehicles2↦-0.5738729238510132),(Vehicles3↦-0.5382639169692993),(Vehicles4↦-0.562279224395752),(Vehicles5↦-0.5453252792358398)}",
        "VehiclesVx": "{(EgoVehicle↦29.913265705108643),(Vehicles2↦-9.300631880760193),(Vehicles3↦-9.827828407287598),(Vehicles4↦-9.3763267993927),(Vehicles5↦-9.556177854537964)}",
        "VehiclesY": "{(EgoVehicle↦8.000000238418579),(Vehicles2↦-4.0000001192092896),(Vehicles3↦-8.000000238418579),(Vehicles4↦-4.0000001192092896),(Vehicles5↦-8.000000238418579)}",
        "VehiclesVy": "{(EgoVehicle↦1.7763568394002505E-14),(Vehicles2↦-1.7763568394002505E-14),(Vehicles3↦-2.6645352591003757E-14),(Vehicles4↦-1.7763568394002505E-14),(Vehicles5↦-1.7763568394002505E-14)}",
        "VehiclesX": "{(EgoVehicle↦200.0),(Vehicles2↦-7.642637193202972),(Vehicles3↦28.346890211105347),(Vehicles4↦67.9913341999054),(Vehicles5↦86.43549680709839)}"
      },
      "probabilisticVariables": null,
      "activating": [
        "FASTER_42"
      ],
      "activatingOnlyWhenExecuted": true,
      "updating": null,
      "withPredicate": null
    },
    {
      "id": "FASTER_42",
      "execute": "FASTER",
      "after": "1000",
      "priority": 0,
      "additionalGuards": null,
      "activationKind": null,
      "fixedVariables": {
        "Crash": "FALSE",
        "VehiclesAy": "{(EgoVehicle↦-1.7763568394002505E-14),(Vehicles2↦1.7763568394002505E-14),(Vehicles3↦2.6645352591003757E-14),(Vehicles4↦1.7763568394002505E-14),(Vehicles5↦-1.7763568394002505E-14)}",
        "Reward": "0.999695420663732",
        "VehiclesAx": "{(EgoVehicle↦0.07531166076660156),(Vehicles2↦-0.5701738595962524),(Vehicles3↦0.38554847240448),(Vehicles4↦-0.2296590805053711),(Vehicles5↦1.8431931734085083)}",
        "VehiclesVx": "{(EgoVehicle↦29.988577365875244),(Vehicles2↦-9.870805740356445),(Vehicles3↦-9.442279934883118),(Vehicles4↦-9.605985879898071),(Vehicles5↦-7.712984681129456)}",
        "VehiclesY": "{(EgoVehicle↦8.000000238418579),(Vehicles2↦-8.000000238418579),(Vehicles3↦-4.0000001192092896),(Vehicles4↦-8.000000238418579),(Vehicles5↦0.0)}",
        "VehiclesVy": "{(EgoVehicle↦0.0),(Vehicles2↦0.0),(Vehicles3↦0.0),(Vehicles4↦0.0),(Vehicles5↦0.0)}",
        "VehiclesX": "{(EgoVehicle↦200.0),(Vehicles2↦18.49054992198944),(Vehicles3↦58.577221632003784),(Vehicles4↦76.84805989265442),(Vehicles5↦84.46876406669617)}"
      },
      "probabilisticVariables": null,
      "activating": [
        "IDLE_43"
      ],
      "activatingOnlyWhenExecuted": true,
      "updating": null,
      "withPredicate": null
    },
    {
      "id": "IDLE_43",
      "execute": "IDLE",
      "after": "1000",
      "priority": 0,
      "additionalGuards": null,
      "activationKind": null,
      "fixedVariables": {
        "Crash": "FALSE",
        "VehiclesAy": "{(EgoVehicle↦0.0),(Vehicles2↦0.0),(Vehicles3↦0.0),(Vehicles4↦0.0),(Vehicles5↦0.0)}",
        "Reward": "0.9999598907869935",
        "VehiclesAx": "{(EgoVehicle↦0.009918212890625),(Vehicles2↦0.021186470985412598),(Vehicles3↦-0.0008070468902587891),(Vehicles4↦0.01458287239074707),(Vehicles5↦-0.015197396278381348)}",
        "VehiclesVx": "{(EgoVehicle↦29.99849557876587),(Vehicles2↦-9.849619269371033),(Vehicles3↦-9.443086981773376),(Vehicles4↦-9.591403007507324),(Vehicles5↦-7.728182077407837)}",
        "VehiclesY": "{(EgoVehicle↦8.000000238418579),(Vehicles2↦-8.000000238418579),(Vehicles3↦-4.0000001192092896),(Vehicles4↦-8.000000238418579),(Vehicles5↦0.0)}",
        "VehiclesVy": "{(EgoVehicle↦0.0),(Vehicles2↦0.0),(Vehicles3↦0.0),(Vehicles4↦0.0),(Vehicles5↦0.0)}",
        "VehiclesX": "{(EgoVehicle↦200.0),(Vehicles2↦8.62681120634079),(Vehicles3↦49.13313388824463),(Vehicles4↦67.24647879600525),(Vehicles5↦76.74817442893982)}"
      },
      "probabilisticVariables": null,
      "activating": [
        "IDLE_44"
      ],
      "activatingOnlyWhenExecuted": true,
      "updating": null,
      "withPredicate": null
    },
    {
      "id": "IDLE_44",
      "execute": "IDLE",
      "after": "1000",
      "priority": 0,
      "additionalGuards": null,
      "activationKind": null,
      "fixedVariables": {
        "Crash": "FALSE",
        "VehiclesAy": "{(EgoVehicle↦0.0),(Vehicles2↦0.0),(Vehicles3↦0.0),(Vehicles4↦0.0),(Vehicles5↦0.0)}",
        "Reward": "0.9999947181283284",
        "VehiclesAx": "{(EgoVehicle↦0.0013065338134765625),(Vehicles2↦0.028635263442993164),(Vehicles3↦0.0075685977935791016),(Vehicles4↦0.022252798080444336),(Vehicles5↦-0.0063323974609375)}",
        "VehiclesVx": "{(EgoVehicle↦29.999802112579346),(Vehicles2↦-9.82098400592804),(Vehicles3↦-9.435518383979797),(Vehicles4↦-9.56915020942688),(Vehicles5↦-7.734514474868774)}",
        "VehiclesY": "{(EgoVehicle↦8.000000238418579),(Vehicles2↦-8.000000238418579),(Vehicles3↦-4.0000001192092896),(Vehicles4↦-8.000000238418579),(Vehicles5↦0.0)}",
        "VehiclesVy": "{(EgoVehicle↦0.0),(Vehicles2↦0.0),(Vehicles3↦0.0),(Vehicles4↦0.0),(Vehicles5↦0.0)}",
        "VehiclesX": "{(EgoVehicle↦200.0),(Vehicles2↦-1.211461704224348),(Vehicles3↦39.692893624305725),(Vehicles4↦57.66385197639465),(Vehicles5↦69.01723742485046)}"
      },
      "probabilisticVariables": null,
      "activating": [
        "IDLE_45"
      ],
      "activatingOnlyWhenExecuted": true,
      "updating": null,
      "withPredicate": null
    },
    {
      "id": "IDLE_45",
      "execute": "IDLE",
      "after": "1000",
      "priority": 0,
      "additionalGuards": null,
      "activationKind": null,
      "fixedVariables": {
        "Crash": "FALSE",
        "VehiclesAy": "{(EgoVehicle↦0.0),(Vehicles2↦0.0),(Vehicles3↦0.0),(Vehicles4↦0.0),(Vehicles5↦0.0)}",
        "Reward": "0.9999993044448828",
        "VehiclesAx": "{(EgoVehicle↦0.000171661376953125),(Vehicles2↦0.393945574760437),(Vehicles3↦-0.1111304759979248),(Vehicles4↦1.829688549041748),(Vehicles5↦-1.6009992361068726)}",
        "VehiclesVx": "{(EgoVehicle↦29.9999737739563),(Vehicles2↦-9.427038431167603),(Vehicles3↦-9.546648859977722),(Vehicles4↦-7.739461660385132),(Vehicles5↦-9.335513710975647)}",
        "VehiclesY": "{(EgoVehicle↦8.000000238418579),(Vehicles2↦-4.0000001192092896),(Vehicles3↦-8.000000238418579),(Vehicles4↦0.0),(Vehicles5↦-8.000000238418579)}",
        "VehiclesVy": "{(EgoVehicle↦0.0),(Vehicles2↦0.0),(Vehicles3↦0.0),(Vehicles4↦0.0),(Vehicles5↦0.0)}",
        "VehiclesX": "{(EgoVehicle↦200.0),(Vehicles2↦30.260759592056274),(Vehicles3↦48.10374677181244),(Vehicles4↦61.2807035446167),(Vehicles5↦109.11867618560791)}"
      },
      "probabilisticVariables": null,
      "activating": [
        "FASTER_46"
      ],
      "activatingOnlyWhenExecuted": true,
      "updating": null,
      "withPredicate": null
    },
    {
      "id": "FASTER_46",
      "execute": "FASTER",
      "after": "1000",
      "priority": 0,
      "additionalGuards": null,
      "activationKind": null,
      "fixedVariables": {
        "Crash": "FALSE",
        "VehiclesAy": "{(EgoVehicle↦0.0),(Vehicles2↦0.0),(Vehicles3↦0.0),(Vehicles4↦0.0),(Vehicles5↦0.0)}",
        "Reward": "0.9999999084042644",
        "VehiclesAx": "{(EgoVehicle↦2.384185791015625E-05),(Vehicles2↦0.008415579795837402),(Vehicles3↦0.021816492080688477),(Vehicles4↦-0.0045490264892578125),(Vehicles5↦0.016048550605773926)}",
        "VehiclesVx": "{(EgoVehicle↦29.99999761581421),(Vehicles2↦-9.418622851371765),(Vehicles3↦-9.524832367897034),(Vehicles4↦-7.74401068687439),(Vehicles5↦-9.319465160369873)}",
        "VehiclesY": "{(EgoVehicle↦8.000000238418579),(Vehicles2↦-4.0000001192092896),(Vehicles3↦-8.000000238418579),(Vehicles4↦0.0),(Vehicles5↦-8.000000238418579)}",
        "VehiclesVy": "{(EgoVehicle↦0.0),(Vehicles2↦0.0),(Vehicles3↦0.0),(Vehicles4↦0.0),(Vehicles5↦0.0)}",
        "VehiclesX": "{(EgoVehicle↦200.0),(Vehicles2↦20.837101340293884),(Vehicles3↦38.5658860206604),(Vehicles4↦53.539395332336426),(Vehicles5↦99.78962540626526)}"
      },
      "probabilisticVariables": null,
      "activating": [
        "FASTER_47"
      ],
      "activatingOnlyWhenExecuted": true,
      "updating": null,
      "withPredicate": null
    },
    {
      "id": "FASTER_47",
      "execute": "FASTER",
      "after": "1000",
      "priority": 0,
      "additionalGuards": null,
      "activationKind": null,
      "fixedVariables": {
        "Crash": "FALSE",
        "VehiclesAy": "{(EgoVehicle↦0.0),(Vehicles2↦0.0),(Vehicles3↦0.0),(Vehicles4↦0.0),(Vehicles5↦0.0)}",
        "Reward": "0.99999998793801",
        "VehiclesAx": "{(EgoVehicle↦2.384185791015625E-06),(Vehicles2↦0.008233189582824707),(Vehicles3↦0.021050572395324707),(Vehicles4↦-0.004284381866455078),(Vehicles5↦0.015537142753601074)}",
        "VehiclesVx": "{(EgoVehicle↦30.0),(Vehicles2↦-9.41038966178894),(Vehicles3↦-9.503781795501709),(Vehicles4↦-7.748295068740845),(Vehicles5↦-9.303928017616272)}",
        "VehiclesY": "{(EgoVehicle↦8.000000238418579),(Vehicles2↦-4.0000001192092896),(Vehicles3↦-8.000000238418579),(Vehicles4↦0.0),(Vehicles5↦-8.000000238418579)}",
        "VehiclesVy": "{(EgoVehicle↦0.0),(Vehicles2↦0.0),(Vehicles3↦0.0),(Vehicles4↦0.0),(Vehicles5↦0.0)}",
        "VehiclesX": "{(EgoVehicle↦200.0),(Vehicles2↦11.42178699374199),(Vehicles3↦29.04953360557556),(Vehicles4↦45.79365253448486),(Vehicles5↦90.4764175415039)}"
      },
      "probabilisticVariables": null,
      "activating": [
        "IDLE_48"
      ],
      "activatingOnlyWhenExecuted": true,
      "updating": null,
      "withPredicate": null
    },
    {
      "id": "IDLE_48",
      "execute": "IDLE",
      "after": "1000",
      "priority": 0,
      "additionalGuards": null,
      "activationKind": null,
      "fixedVariables": {
        "Crash": "FALSE",
        "VehiclesAy": "{(EgoVehicle↦0.0),(Vehicles2↦0.0),(Vehicles3↦0.0),(Vehicles4↦0.0),(Vehicles5↦0.0)}",
        "Reward": "0.9999999984115897",
        "VehiclesAx": "{(EgoVehicle↦0.0),(Vehicles2↦0.008042454719543457),(Vehicles3↦0.02031087875366211),(Vehicles4↦-0.004038810729980469),(Vehicles5↦0.015035271644592285)}",
        "VehiclesVx": "{(EgoVehicle↦30.0),(Vehicles2↦-9.402347207069397),(Vehicles3↦-9.483470916748047),(Vehicles4↦-7.752333879470825),(Vehicles5↦-9.28889274597168)}",
        "VehiclesY": "{(EgoVehicle↦8.000000238418579),(Vehicles2↦-4.0000001192092896),(Vehicles3↦-8.000000238418579),(Vehicles4↦0.0),(Vehicles5↦-8.000000238418579)}",
        "VehiclesVy": "{(EgoVehicle↦0.0),(Vehicles2↦0.0),(Vehicles3↦0.0),(Vehicles4↦0.0),(Vehicles5↦0.0)}",
        "VehiclesX": "{(EgoVehicle↦200.0),(Vehicles2↦2.0146293565630913),(Vehicles3↦19.553934037685394),(Vehicles4↦38.04372251033783),(Vehicles5↦81.17854595184326)}"
      },
      "probabilisticVariables": null,
      "activating": [
        "SLOWER_49"
      ],
      "activatingOnlyWhenExecuted": true,
      "updating": null,
      "withPredicate": null
    },
    {
      "id": "SLOWER_49",
      "execute": "SLOWER",
      "after": "1000",
      "priority": 0,
      "additionalGuards": null,
      "activationKind": null,
      "fixedVariables": {
        "Crash": "FALSE",
        "VehiclesAy": "{(EgoVehicle↦0.0),(Vehicles2↦0.0),(Vehicles3↦0.0),(Vehicles4↦0.0),(Vehicles5↦0.0)}",
        "Reward": "0.8842249654972738",
        "VehiclesAx": "{(EgoVehicle↦-4.341564178466797),(Vehicles2↦4.349421262741089),(Vehicles3↦4.361172914505005),(Vehicles4↦4.337763488292694),(Vehicles5↦4.356120526790619)}",
        "VehiclesVx": "{(EgoVehicle↦25.658435821533203),(Vehicles2↦-5.052925944328308),(Vehicles3↦-5.122298002243042),(Vehicles4↦-3.414570391178131),(Vehicles5↦-4.932772219181061)}",
        "VehiclesY": "{(EgoVehicle↦8.000000238418579),(Vehicles2↦-4.0000001192092896),(Vehicles3↦-8.000000238418579),(Vehicles4↦0.0),(Vehicles5↦-8.000000238418579)}",
        "VehiclesVy": "{(EgoVehicle↦0.0),(Vehicles2↦0.0),(Vehicles3↦0.0),(Vehicles4↦0.0),(Vehicles5↦0.0)}",
        "VehiclesX": "{(EgoVehicle↦200.0),(Vehicles2↦-4.989498853683472),(Vehicles3↦12.473422288894653),(Vehicles4↦32.6849102973938),(Vehicles5↦74.29057359695435)}"
      },
      "probabilisticVariables": null,
      "activating": [
        "SLOWER_50"
      ],
      "activatingOnlyWhenExecuted": true,
      "updating": null,
      "withPredicate": null
    },
    {
      "id": "SLOWER_50",
      "execute": "SLOWER",
      "after": "1000",
      "priority": 0,
      "additionalGuards": null,
      "activationKind": null,
      "fixedVariables": {
        "Crash": "FALSE",
        "VehiclesAy": "{(EgoVehicle↦0.0),(Vehicles2↦0.0),(Vehicles3↦0.0),(Vehicles4↦0.0),(Vehicles5↦0.0)}",
        "Reward": "0.753203836334346",
        "VehiclesAx": "{(EgoVehicle↦-4.913291931152344),(Vehicles2↦4.920972473919392),(Vehicles3↦4.932237342000008),(Vehicles4↦4.909726679325104),(Vehicles5↦4.927394437836483)}",
        "VehiclesVx": "{(EgoVehicle↦20.74514389038086),(Vehicles2↦-0.13195347040891647),(Vehicles3↦-0.19006066024303436),(Vehicles4↦1.4951562881469727),(Vehicles5↦-0.00537778134457767)}",
        "VehiclesY": "{(EgoVehicle↦8.000000238418579),(Vehicles2↦-4.0000001192092896),(Vehicles3↦-8.000000238418579),(Vehicles4↦0.0),(Vehicles5↦-8.000000238418579)}",
        "VehiclesVy": "{(EgoVehicle↦0.0),(Vehicles2↦0.0),(Vehicles3↦0.0),(Vehicles4↦0.0),(Vehicles5↦0.0)}",
        "VehiclesX": "{(EgoVehicle↦200.0),(Vehicles2↦-7.328878343105316),(Vehicles3↦10.069215297698975),(Vehicles4↦31.979355216026306),(Vehicles5↦72.07393646240234)}"
      },
      "probabilisticVariables": null,
      "activating": [
        "IDLE_51"
      ],
      "activatingOnlyWhenExecuted": true,
      "updating": null,
      "withPredicate": null
    },
    {
      "id": "IDLE_51",
      "execute": "IDLE",
      "after": "1000",
      "priority": 0,
      "additionalGuards": null,
      "activationKind": null,
      "fixedVariables": {
        "Crash": "FALSE",
        "VehiclesAy": "{(EgoVehicle↦0.0),(Vehicles2↦0.0),(Vehicles3↦0.0),(Vehicles4↦0.0),(Vehicles5↦0.0)}",
        "Reward": "0.7359500250865532",
        "VehiclesAx": "{(EgoVehicle↦-0.6470179557800293),(Vehicles2↦0.6545284762978554),(Vehicles3↦0.6653329730033875),(Vehicles4↦0.6436821818351746),(Vehicles5↦0.6606868177186698)}",
        "VehiclesVx": "{(EgoVehicle↦20.09812593460083),(Vehicles2↦0.5225750058889389),(Vehicles3↦0.4752723127603531),(Vehicles4↦2.138838469982147),(Vehicles5↦0.6553090363740921)}",
        "VehiclesY": "{(EgoVehicle↦8.000000238418579),(Vehicles2↦-4.0000001192092896),(Vehicles3↦-8.000000238418579),(Vehicles4↦0.0),(Vehicles5↦-8.000000238418579)}",
        "VehiclesVy": "{(EgoVehicle↦0.0),(Vehicles2↦0.0),(Vehicles3↦0.0),(Vehicles4↦0.0),(Vehicles5↦0.0)}",
        "VehiclesX": "{(EgoVehicle↦200.0),(Vehicles2↦-7.100880891084671),(Vehicles3↦10.243462771177292),(Vehicles4↦33.83009433746338),(Vehicles5↦72.43099212646484)}"
      },
      "probabilisticVariables": null,
      "activating": [
        "IDLE_52"
      ],
      "activatingOnlyWhenExecuted": true,
      "updating": null,
      "withPredicate": null
    },
    {
      "id": "IDLE_52",
      "execute": "IDLE",
      "after": "1000",
      "priority": 0,
      "additionalGuards": null,
      "activationKind": null,
      "fixedVariables": {
        "Crash": "FALSE",
        "VehiclesAy": "{(EgoVehicle↦0.0),(Vehicles2↦0.0),(Vehicles3↦0.0),(Vehicles4↦0.0),(Vehicles5↦0.0)}",
        "Reward": "0.7336779182555682",
        "VehiclesAx": "{(EgoVehicle↦-0.08520364761352539),(Vehicles2↦0.09255148470401764),(Vehicles3↦0.10292135179042816),(Vehicles4↦0.08209377527236938),(Vehicles5↦0.09846039116382599)}",
        "VehiclesVx": "{(EgoVehicle↦20.012922286987305),(Vehicles2↦0.6151264905929565),(Vehicles3↦0.5781936645507812),(Vehicles4↦2.2209322452545166),(Vehicles5↦0.7537694275379181)}",
        "VehiclesY": "{(EgoVehicle↦8.000000238418579),(Vehicles2↦-4.0000001192092896),(Vehicles3↦-8.000000238418579),(Vehicles4↦0.0),(Vehicles5↦-8.000000238418579)}",
        "VehiclesVy": "{(EgoVehicle↦0.0),(Vehicles2↦0.0),(Vehicles3↦0.0),(Vehicles4↦0.0),(Vehicles5↦0.0)}",
        "VehiclesX": "{(EgoVehicle↦200.0),(Vehicles2↦-6.5283507108688354),(Vehicles3↦10.772871971130371),(Vehicles4↦36.01467311382294),(Vehicles5↦73.13864231109619)}"
      },
      "probabilisticVariables": null,
      "activating": [
        "IDLE_53"
      ],
      "activatingOnlyWhenExecuted": true,
      "updating": null,
      "withPredicate": null
    },
    {
      "id": "IDLE_53",
      "execute": "IDLE",
      "after": "1000",
      "priority": 0,
      "additionalGuards": null,
      "activationKind": null,
      "fixedVariables": {
        "Crash": "FALSE",
        "VehiclesAy": "{(EgoVehicle↦0.0),(Vehicles2↦0.0),(Vehicles3↦0.0),(Vehicles4↦0.0),(Vehicles5↦0.0)}",
        "Reward": "0.7333787107716523",
        "VehiclesAx": "{(EgoVehicle↦-0.011219978332519531),(Vehicles2↦0.018410980701446533),(Vehicles3↦0.028369836509227753),(Vehicles4↦0.00833064317703247),(Vehicles5↦0.024083107709884644)}",
        "VehiclesVx": "{(EgoVehicle↦20.001702308654785),(Vehicles2↦0.6335374712944031),(Vehicles3↦0.606563501060009),(Vehicles4↦2.229262888431549),(Vehicles5↦0.7778525352478027)}",
        "VehiclesY": "{(EgoVehicle↦8.000000238418579),(Vehicles2↦-4.0000001192092896),(Vehicles3↦-8.000000238418579),(Vehicles4↦0.0),(Vehicles5↦-8.000000238418579)}",
        "VehiclesVy": "{(EgoVehicle↦0.0),(Vehicles2↦0.0),(Vehicles3↦0.0),(Vehicles4↦0.0),(Vehicles5↦0.0)}",
        "VehiclesX": "{(EgoVehicle↦200.0),(Vehicles2↦-5.904145911335945),(Vehicles3↦11.364159733057022),(Vehicles4↦38.240620493888855),(Vehicles5↦73.90377521514893)}"
      },
      "probabilisticVariables": null,
      "activating": [
        "IDLE_54"
      ],
      "activatingOnlyWhenExecuted": true,
      "updating": null,
      "withPredicate": null
    },
    {
      "id": "IDLE_54",
      "execute": "IDLE",
      "after": "1000",
      "priority": 0,
      "additionalGuards": null,
      "activationKind": null,
      "fixedVariables": {
        "Crash": "FALSE",
        "VehiclesAy": "{(EgoVehicle↦0.0),(Vehicles2↦0.0),(Vehicles3↦0.0),(Vehicles4↦0.0),(Vehicles5↦0.0)}",
        "Reward": "0.7333393089630708",
        "VehiclesAx": "{(EgoVehicle↦-0.0014781951904296875),(Vehicles2↦0.008517429232597351),(Vehicles3↦0.018087103962898254),(Vehicles4↦-0.0011964142322540283),(Vehicles5↦0.01396477222442627)}",
        "VehiclesVx": "{(EgoVehicle↦20.000224113464355),(Vehicles2↦0.6420549005270004),(Vehicles3↦0.6246506050229073),(Vehicles4↦2.228066474199295),(Vehicles5↦0.791817307472229)}",
        "VehiclesY": "{(EgoVehicle↦8.000000238418579),(Vehicles2↦-4.0000001192092896),(Vehicles3↦-8.000000238418579),(Vehicles4↦0.0),(Vehicles5↦-8.000000238418579)}",
        "VehiclesVy": "{(EgoVehicle↦0.0),(Vehicles2↦0.0),(Vehicles3↦0.0),(Vehicles4↦0.0),(Vehicles5↦0.0)}",
        "VehiclesX": "{(EgoVehicle↦200.0),(Vehicles2↦-5.266965553164482),(Vehicles3↦11.97822391986847),(Vehicles4↦40.469613671302795),(Vehicles5↦74.68746900558472)}"
      },
      "probabilisticVariables": null,
      "activating": [
        "IDLE_55"
      ],
      "activatingOnlyWhenExecuted": true,
      "updating": null,
      "withPredicate": null
    },
    {
      "id": "IDLE_55",
      "execute": "IDLE",
      "after": "1000",
      "priority": 0,
      "additionalGuards": null,
      "activationKind": null,
      "fixedVariables": {
        "Crash": "FALSE",
        "VehiclesAy": "{(EgoVehicle↦0.0),(Vehicles2↦0.0),(Vehicles3↦0.0),(Vehicles4↦0.0),(Vehicles5↦0.0)}",
        "Reward": "0.7333341202475374",
        "VehiclesAx": "{(EgoVehicle↦-0.00019550323486328125),(Vehicles2↦0.007089003920555115),(Vehicles3↦0.016289986670017242),(Vehicles4↦-0.0022689998149871826),(Vehicles5↦0.012322813272476196)}",
        "VehiclesVx": "{(EgoVehicle↦20.000028610229492),(Vehicles2↦0.6491439044475555),(Vehicles3↦0.6409405916929245),(Vehicles4↦2.225797474384308),(Vehicles5↦0.8041401207447052)}",
        "VehiclesY": "{(EgoVehicle↦8.000000238418579),(Vehicles2↦-4.0000001192092896),(Vehicles3↦-8.000000238418579),(Vehicles4↦0.0),(Vehicles5↦-8.000000238418579)}",
        "VehiclesVy": "{(EgoVehicle↦0.0),(Vehicles2↦0.0),(Vehicles3↦0.0),(Vehicles4↦0.0),(Vehicles5↦0.0)}",
        "VehiclesX": "{(EgoVehicle↦200.0),(Vehicles2↦-4.622033983469009),(Vehicles3↦12.609460949897766),(Vehicles4↦42.69678592681885),(Vehicles5↦75.48426985740662)}"
      },
      "probabilisticVariables": null,
      "activating": [
        "IDLE_56"
      ],
      "activatingOnlyWhenExecuted": true,
      "updating": null,
      "withPredicate": null
    },
    {
      "id": "IDLE_56",
      "execute": "IDLE",
      "after": "1000",
      "priority": 0,
      "additionalGuards": null,
      "activationKind": null,
      "fixedVariables": {
        "Crash": "FALSE",
        "VehiclesAy": "{(EgoVehicle↦0.0),(Vehicles2↦0.0),(Vehicles3↦0.0),(Vehicles4↦0.0),(Vehicles5↦0.0)}",
        "Reward": "0.7333334369598953",
        "VehiclesAx": "{(EgoVehicle↦-2.384185791015625E-05),(Vehicles2↦0.006779804825782776),(Vehicles3↦0.015631094574928284),(Vehicles4↦-0.0022326409816741943),(Vehicles5↦0.011810511350631714)}",
        "VehiclesVx": "{(EgoVehicle↦20.000004768371582),(Vehicles2↦0.6559237092733383),(Vehicles3↦0.6565716862678528),(Vehicles4↦2.2235648334026337),(Vehicles5↦0.8159506320953369)}",
        "VehiclesY": "{(EgoVehicle↦8.000000238418579),(Vehicles2↦-4.0000001192092896),(Vehicles3↦-8.000000238418579),(Vehicles4↦0.0),(Vehicles5↦-8.000000238418579)}",
        "VehiclesVy": "{(EgoVehicle↦0.0),(Vehicles2↦0.0),(Vehicles3↦0.0),(Vehicles4↦0.0),(Vehicles5↦0.0)}",
        "VehiclesX": "{(EgoVehicle↦200.0),(Vehicles2↦-3.9701633155345917),(Vehicles3↦13.256695866584778),(Vehicles4↦44.92167830467224),(Vehicles5↦76.29316449165344)}"
      },
      "probabilisticVariables": null,
      "activating": [
        "IDLE_57"
      ],
      "activatingOnlyWhenExecuted": true,
      "updating": null,
      "withPredicate": null
    },
    {
      "id": "IDLE_57",
      "execute": "IDLE",
      "after": "1000",
      "priority": 0,
      "additionalGuards": null,
      "activationKind": null,
      "fixedVariables": {
        "Crash": "FALSE",
        "VehiclesAy": "{(EgoVehicle↦0.0),(Vehicles2↦0.0),(Vehicles3↦0.0),(Vehicles4↦0.0),(Vehicles5↦0.0)}",
        "Reward": "0.7333333469796295",
        "VehiclesAx": "{(EgoVehicle↦-4.76837158203125E-06),(Vehicles2↦0.0066220760345458984),(Vehicles3↦0.015141591429710388),(Vehicles4↦-0.0020551681518554688),(Vehicles5↦0.01145966351032257)}",
        "VehiclesVx": "{(EgoVehicle↦20.0),(Vehicles2↦0.6625457853078842),(Vehicles3↦0.6717132776975632),(Vehicles4↦2.221509665250778),(Vehicles5↦0.8274102956056595)}",
        "VehiclesY": "{(EgoVehicle↦8.000000238418579),(Vehicles2↦-4.0000001192092896),(Vehicles3↦-8.000000238418579),(Vehicles4↦0.0),(Vehicles5↦-8.000000238418579)}",
        "VehiclesVy": "{(EgoVehicle↦0.0),(Vehicles2↦0.0),(Vehicles3↦0.0),(Vehicles4↦0.0),(Vehicles5↦0.0)}",
        "VehiclesX": "{(EgoVehicle↦200.0),(Vehicles2↦-3.3115796744823456),(Vehicles3↦13.919360935688019),(Vehicles4↦47.14440405368805),(Vehicles5↦77.11372971534729)}"
      },
      "probabilisticVariables": null,
      "activating": [
        "FASTER_58"
      ],
      "activatingOnlyWhenExecuted": true,
      "updating": null,
      "withPredicate": null
    },
    {
      "id": "FASTER_58",
      "execute": "FASTER",
      "after": "1000",
      "priority": 0,
      "additionalGuards": null,
      "activationKind": null,
      "fixedVariables": {
        "Crash": "FALSE",
        "VehiclesAy": "{(EgoVehicle↦0.0),(Vehicles2↦0.0),(Vehicles3↦0.0),(Vehicles4↦0.0),(Vehicles5↦0.0)}",
        "Reward": "0.8491083694239293",
        "VehiclesAx": "{(EgoVehicle↦4.341564178466797),(Vehicles2↦-4.335075542330742),(Vehicles3↦-4.326871261000633),(Vehicles4↦-4.3434277176856995),(Vehicles5↦-4.330422058701515)}",
        "VehiclesVx": "{(EgoVehicle↦24.341564178466797),(Vehicles2↦-3.6725297570228577),(Vehicles3↦-3.65515798330307),(Vehicles4↦-2.1219180524349213),(Vehicles5↦-3.5030117630958557)}",
        "VehiclesY": "{(EgoVehicle↦8.000000238418579),(Vehicles2↦-4.0000001192092896),(Vehicles3↦-8.000000238418579),(Vehicles4↦0.0),(Vehicles5↦-8.000000238418579)}",
        "VehiclesVy": "{(EgoVehicle↦0.0),(Vehicles2↦0.0),(Vehicles3↦0.0),(Vehicles4↦0.0),(Vehicles5↦0.0)}",
        "VehiclesX": "{(EgoVehicle↦200.0),(Vehicles2↦-5.041490122675896),(Vehicles3↦12.201924622058868),(Vehicles4↦46.97009027004242),(Vehicles5↦75.55055618286133)}"
      },
      "probabilisticVariables": null,
      "activating": [
        "FASTER_59"
      ],
      "activatingOnlyWhenExecuted": true,
      "updating": null,
      "withPredicate": null
    },
    {
      "id": "FASTER_59",
      "execute": "FASTER",
      "after": "1000",
      "priority": 0,
      "additionalGuards": null,
      "activationKind": null,
      "fixedVariables": {
        "Crash": "FALSE",
        "VehiclesAy": "{(EgoVehicle↦0.0),(Vehicles2↦0.0),(Vehicles3↦0.0),(Vehicles4↦0.0),(Vehicles5↦0.0)}",
        "Reward": "0.9801294972080895",
        "VehiclesAx": "{(EgoVehicle↦4.913291931152344),(Vehicles2↦-4.881654679775238),(Vehicles3↦-3.381728231906891),(Vehicles4↦-6.2835462391376495),(Vehicles5↦-4.176046550273895)}",
        "VehiclesVx": "{(EgoVehicle↦29.25485610961914),(Vehicles2↦-8.554184436798096),(Vehicles3↦-7.036886215209961),(Vehicles4↦-8.40546429157257),(Vehicles5↦-7.679058313369751)}",
        "VehiclesY": "{(EgoVehicle↦8.000000238418579),(Vehicles2↦-8.000000238418579),(Vehicles3↦0.0),(Vehicles4↦-8.000000238418579),(Vehicles5↦-4.0000001192092896)}",
        "VehiclesVy": "{(EgoVehicle↦0.0),(Vehicles2↦0.0),(Vehicles3↦0.0),(Vehicles4↦0.0),(Vehicles5↦0.0)}",
        "VehiclesX": "{(EgoVehicle↦200.0),(Vehicles2↦5.842045322060585),(Vehicles3↦42.1370267868042),(Vehicles4↦69.34144496917725),(Vehicles5↦120.61141729354858)}"
      },
      "probabilisticVariables": null,
      "activating": [
        "IDLE_60"
      ],
      "activatingOnlyWhenExecuted": true,
      "updating": null,
      "withPredicate": null
    },
    {
      "id": "IDLE_60",
      "execute": "IDLE",
      "after": "1000",
      "priority": 0,
      "additionalGuards": null,
      "activationKind": null,
      "fixedVariables": {
        "Crash": "FALSE",
        "VehiclesAy": "{(EgoVehicle↦0.0),(Vehicles2↦0.0),(Vehicles3↦0.0),(Vehicles4↦0.0),(Vehicles5↦0.0)}",
        "Reward": "0.9973833082743164",
        "VehiclesAx": "{(EgoVehicle↦0.6470179557800293),(Vehicles2↦-0.633159875869751),(Vehicles3↦-0.6485104560852051),(Vehicles4↦-0.6364679336547852),(Vehicles5↦-0.640910267829895)}",
        "VehiclesVx": "{(EgoVehicle↦29.90187406539917),(Vehicles2↦-9.187344312667847),(Vehicles3↦-7.685396671295166),(Vehicles4↦-9.041932225227356),(Vehicles5↦-8.319968581199646)}",
        "VehiclesY": "{(EgoVehicle↦8.000000238418579),(Vehicles2↦-8.000000238418579),(Vehicles3↦0.0),(Vehicles4↦-8.000000238418579),(Vehicles5↦-4.0000001192092896)}",
        "VehiclesVy": "{(EgoVehicle↦0.0),(Vehicles2↦0.0),(Vehicles3↦0.0),(Vehicles4↦0.0),(Vehicles5↦0.0)}",
        "VehiclesX": "{(EgoVehicle↦200.0),(Vehicles2↦-3.063497319817543),(Vehicles3↦34.74259674549103),(Vehicles4↦60.583287477493286),(Vehicles5↦112.57786750793457)}"
      },
      "probabilisticVariables": null,
      "activating": [
        "LANE_LEFT_61"
      ],
      "activatingOnlyWhenExecuted": true,
      "updating": null,
      "withPredicate": null
    },
    {
      "id": "LANE_LEFT_61",
      "execute": "LANE_LEFT",
      "after": "1000",
      "priority": 0,
      "additionalGuards": null,
      "activationKind": null,
      "fixedVariables": {
        "Crash": "FALSE",
        "VehiclesAy": "{(EgoVehicle↦-1.028570905327797),(Vehicles2↦1.028570905327797),(Vehicles3↦1.028570905327797),(Vehicles4↦1.028570905327797),(Vehicles5↦1.028570905327797)}",
        "Reward": "0.965851537063318",
        "VehiclesAx": "{(EgoVehicle↦0.06755828857421875),(Vehicles2↦1.433073878288269),(Vehicles3↦-1.4138221740722656),(Vehicles4↦0.6605511903762817),(Vehicles5↦0.5166047811508179)}",
        "VehiclesVx": "{(EgoVehicle↦29.96943235397339),(Vehicles2↦-7.754270434379578),(Vehicles3↦-9.099218845367432),(Vehicles4↦-8.381381034851074),(Vehicles5↦-7.803363800048828)}",
        "VehiclesY": "{(EgoVehicle↦4.29607093334198),(Vehicles2↦3.7039289474487305),(Vehicles3↦-4.29607093334198),(Vehicles4↦-0.29607106000185013),(Vehicles5↦3.7039289474487305)}",
        "VehiclesVy": "{(EgoVehicle↦-1.028570905327797),(Vehicles2↦1.028570905327797),(Vehicles3↦1.028570905327797),(Vehicles4↦1.028570905327797),(Vehicles5↦1.028570905327797)}",
        "VehiclesX": "{(EgoVehicle↦200.0),(Vehicles2↦27.28675603866577),(Vehicles3↦51.775580644607544),(Vehicles4↦104.49044704437256),(Vehicles5↦114.51312303543091)}"
      },
      "probabilisticVariables": null,
      "activating": null,
      "activatingOnlyWhenExecuted": true,
      "updating": null,
      "withPredicate": null
    }
  ],
  "listeners": [],
  "metadata": {
    "fileType": "Timed_Trace",
    "formatVersion": 3,
    "savedAt": "2023-08-21T06:51:57.928461Z",
    "creator": "Simulation: HYPOTHESIS_TEST; SIGNIFICANCE : 0.05, PROBABILITY : 0.95, MAX_STEPS_BEFORE_PROPERTY : 0, EXECUTIONS : 1000, PREDICATE : Crash = FALSE, ENDING_TIME : 60000, HYPOTHESIS_CHECKING_TYPE : LEFT_TAILED, CHECKING_TYPE : PREDICATE_INVARIANT",
    "proB2KernelVersion": "4.12.2",
    "proBCliVersion": "1.12.2-final",
    "modelName": "HighwayEnvironment2"
  }
}