{
  "variables": {},
  "activations": [
    {
      "id": "$setup_constants",
      "execute": "$setup_constants",
      "after": "0",
      "priority": 0,
      "additionalGuards": null,
      "activationKind": null,
      "fixedVariables": null,
      "probabilisticVariables": null,
      "activating": null,
      "activatingOnlyWhenExecuted": true,
      "updating": null,
      "withPredicate": null
    },
    {
      "id": "$initialise_machine",
      "execute": "$initialise_machine",
      "after": "0",
      "priority": 0,
      "additionalGuards": null,
      "activationKind": null,
      "fixedVariables": {
        "Crash": "FALSE",
        "VehiclesAy": "{(EgoVehicle↦0.0),(Vehicles2↦0.0),(Vehicles3↦0.0),(Vehicles4↦0.0),(Vehicles5↦0.0)}",
        "Reward": "0.0",
        "VehiclesAx": "{(EgoVehicle↦0.0),(Vehicles2↦0.0),(Vehicles3↦0.0),(Vehicles4↦0.0),(Vehicles5↦0.0)}",
        "VehiclesVx": "{(EgoVehicle↦25.0),(Vehicles2↦-1.3257701694965363),(Vehicles3↦-2.4033895134925842),(Vehicles4↦-1.0547763854265213),(Vehicles5↦-3.505018651485443)}",
        "VehiclesY": "{(EgoVehicle↦8.000000238418579),(Vehicles2↦-4.0000001192092896),(Vehicles3↦-4.0000001192092896),(Vehicles4↦-4.0000001192092896),(Vehicles5↦-4.0000001192092896)}",
        "VehiclesVy": "{(EgoVehicle↦0.0),(Vehicles2↦0.0),(Vehicles3↦0.0),(Vehicles4↦0.0),(Vehicles5↦0.0)}",
        "VehiclesX": "{(EgoVehicle↦154.107666015625),(Vehicles2↦25.315144658088684),(Vehicles3↦48.5917866230011),(Vehicles4↦72.74789810180664),(Vehicles5↦97.9466438293457)}"
      },
      "probabilisticVariables": null,
      "activating": [
        "FASTER_2"
      ],
      "activatingOnlyWhenExecuted": true,
      "updating": null,
      "withPredicate": null
    },
    {
      "id": "FASTER_2",
      "execute": "FASTER",
      "after": "1000",
      "priority": 0,
      "additionalGuards": null,
      "activationKind": null,
      "fixedVariables": {
        "Crash": "FALSE",
        "VehiclesAy": "{(EgoVehicle↦0.0),(Vehicles2↦-6.242808103561401),(Vehicles3↦-6.377204060554504),(Vehicles4↦-6.328364610671997),(Vehicles5↦5.306585431098938)}",
        "Reward": "0.9824417009602194",
        "VehiclesAx": "{(EgoVehicle↦4.341564178466797),(Vehicles2↦-11.480808705091476),(Vehicles3↦-10.74888676404953),(Vehicles4↦-11.229154393076897),(Vehicles5↦-5.546183884143829)}",
        "VehiclesVx": "{(EgoVehicle↦29.341564178466797),(Vehicles2↦-12.806578874588013),(Vehicles3↦-13.152276277542114),(Vehicles4↦-12.283930778503418),(Vehicles5↦-9.051202535629272)}",
        "VehiclesY": "{(EgoVehicle↦8.000000238418579),(Vehicles2↦-4.902514100074768),(Vehicles3↦-4.9381245374679565),(Vehicles4↦-4.8881460428237915),(Vehicles5↦-2.0250701308250427)}",
        "VehiclesVy": "{(EgoVehicle↦0.0),(Vehicles2↦-6.242808103561401),(Vehicles3↦-6.377204060554504),(Vehicles4↦-6.328364610671997),(Vehicles5↦5.306585431098938)}",
        "VehiclesX": "{(EgoVehicle↦181.50272369384766),(Vehicles2↦19.084836542606354),(Vehicles3↦41.369032859802246),(Vehicles4↦66.79797172546387),(Vehicles5↦91.57213568687439)}"
      },
      "probabilisticVariables": null,
      "activating": [
        "FASTER_3"
      ],
      "activatingOnlyWhenExecuted": true,
      "updating": null,
      "withPredicate": null
    },
    {
      "id": "FASTER_3",
      "execute": "FASTER",
      "after": "1000",
      "priority": 0,
      "additionalGuards": null,
      "activationKind": null,
      "fixedVariables": {
        "Crash": "FALSE",
        "VehiclesAy": "{(EgoVehicle↦0.0),(Vehicles2↦6.718397065997124),(Vehicles3↦6.877398677170277),(Vehicles4↦5.527643710374832),(Vehicles5↦5.672203041613102)}",
        "Reward": "0.9976877960112223",
        "VehiclesAx": "{(EgoVehicle↦0.5717277526855469),(Vehicles2↦-3.499772548675537),(Vehicles3↦-0.5378925800323486),(Vehicles4↦-0.6117570400238037),(Vehicles5↦-0.05959808826446533)}",
        "VehiclesVx": "{(EgoVehicle↦29.913291931152344),(Vehicles2↦-16.30635142326355),(Vehicles3↦-13.690168857574463),(Vehicles4↦-12.895687818527222),(Vehicles5↦-9.110800623893738)}",
        "VehiclesY": "{(EgoVehicle↦8.000000238418579),(Vehicles2↦-4.190860390663147),(Vehicles3↦-4.181846737861633),(Vehicles4↦-7.7087602615356445),(Vehicles5↦-0.12394681200385094)}",
        "VehiclesVy": "{(EgoVehicle↦0.0),(Vehicles2↦0.47558896243572235),(Vehicles3↦0.5001946166157722),(Vehicles4↦-0.8007209002971649),(Vehicles5↦0.36561761051416397)}",
        "VehiclesX": "{(EgoVehicle↦200.0),(Vehicles2↦5.0626881420612335),(Vehicles3↦27.88744568824768),(Vehicles4↦53.94473075866699),(Vehicles5↦82.67223834991455)}"
      },
      "probabilisticVariables": null,
      "activating": [
        "FASTER_4"
      ],
      "activatingOnlyWhenExecuted": true,
      "updating": null,
      "withPredicate": null
    },
    {
      "id": "FASTER_4",
      "execute": "FASTER",
      "after": "1000",
      "priority": 0,
      "additionalGuards": null,
      "activationKind": null,
      "fixedVariables": {
        "Crash": "FALSE",
        "VehiclesAy": "{(EgoVehicle↦0.0),(Vehicles2↦-0.4328778013586998),(Vehicles3↦-0.5680497689172626),(Vehicles4↦0.8216742938384414),(Vehicles5↦1.6114592179656029)}",
        "Reward": "0.9996955122319305",
        "VehiclesAx": "{(EgoVehicle↦0.07529020309448242),(Vehicles2↦4.0050435066223145),(Vehicles3↦1.2934589385986328),(Vehicles4↦3.595154285430908),(Vehicles5↦-4.032391905784607)}",
        "VehiclesVx": "{(EgoVehicle↦29.988582134246826),(Vehicles2↦-12.301307916641235),(Vehicles3↦-12.39670991897583),(Vehicles4↦-9.300533533096313),(Vehicles5↦-13.143192529678345)}",
        "VehiclesY": "{(EgoVehicle↦8.000000238418579),(Vehicles2↦-4.015242218971252),(Vehicles3↦-7.975788116455078),(Vehicles4↦-0.007112426916137338),(Vehicles5↦-4.44874119758606)}",
        "VehiclesVy": "{(EgoVehicle↦0.0),(Vehicles2↦0.04271116107702255),(Vehicles3↦-0.0678551523014903),(Vehicles4↦0.020953393541276455),(Vehicles5↦1.245841607451439)}",
        "VehiclesX": "{(EgoVehicle↦200.0),(Vehicles2↦14.831063151359558),(Vehicles3↦41.13209247589111),(Vehicles4↦73.47463369369507),(Vehicles5↦87.90034651756287)}"
      },
      "probabilisticVariables": null,
      "activating": [
        "IDLE_5"
      ],
      "activatingOnlyWhenExecuted": true,
      "updating": null,
      "withPredicate": null
    },
    {
      "id": "IDLE_5",
      "execute": "IDLE",
      "after": "1000",
      "priority": 0,
      "additionalGuards": null,
      "activationKind": null,
      "fixedVariables": {
        "Crash": "FALSE",
        "VehiclesAy": "{(EgoVehicle↦0.0),(Vehicles2↦-0.03947103279642761),(Vehicles3↦0.06274144805502146),(Vehicles4↦-0.019739764684345573),(Vehicles5↦1.3461251743137836)}",
        "Reward": "0.9999599028453572",
        "VehiclesAx": "{(EgoVehicle↦0.009913444519042969),(Vehicles2↦0.9963738918304443),(Vehicles3↦1.4694809913635254),(Vehicles4↦-0.10712265968322754),(Vehicles5↦1.5588879585266113)}",
        "VehiclesVx": "{(EgoVehicle↦29.99849557876587),(Vehicles2↦-11.304934024810791),(Vehicles3↦-10.927228927612305),(Vehicles4↦-9.407656192779541),(Vehicles5↦-11.584304571151733)}",
        "VehiclesY": "{(EgoVehicle↦8.000000238418579),(Vehicles2↦-4.001136660575867),(Vehicles3↦-7.9982264041900635),(Vehicles4↦-0.000412766428780742),(Vehicles5↦-4.035224676132202)}",
        "VehiclesVy": "{(EgoVehicle↦0.0),(Vehicles2↦0.003240128280594945),(Vehicles3↦-0.005113704246468842),(Vehicles4↦0.0012136288569308817),(Vehicles5↦0.10028356686234474)}",
        "VehiclesX": "{(EgoVehicle↦200.0),(Vehicles2↦2.9517346993088722),(Vehicles3↦29.36534583568573),(Vehicles4↦64.12768363952637),(Vehicles5↦75.44054388999939)}"
      },
      "probabilisticVariables": null,
      "activating": [
        "IDLE_6"
      ],
      "activatingOnlyWhenExecuted": true,
      "updating": null,
      "withPredicate": null
    },
    {
      "id": "IDLE_6",
      "execute": "IDLE",
      "after": "1000",
      "priority": 0,
      "additionalGuards": null,
      "activationKind": null,
      "fixedVariables": {
        "Crash": "FALSE",
        "VehiclesAy": "{(EgoVehicle↦0.0),(Vehicles2↦-0.003016105547430925),(Vehicles3↦0.004778873189934529),(Vehicles4↦-0.0011426379660406383),(Vehicles5↦0.10730722395237535)}",
        "Reward": "0.9999947197162612",
        "VehiclesAx": "{(EgoVehicle↦0.0013065338134765625),(Vehicles2↦0.7187426090240479),(Vehicles3↦0.9620171785354614),(Vehicles4↦-0.0732201337814331),(Vehicles5↦1.041167974472046)}",
        "VehiclesVx": "{(EgoVehicle↦29.999802112579346),(Vehicles2↦-10.586191415786743),(Vehicles3↦-9.965211749076843),(Vehicles4↦-9.480876326560974),(Vehicles5↦-10.543136596679688)}",
        "VehiclesY": "{(EgoVehicle↦8.000000238418579),(Vehicles2↦-4.000077724456787),(Vehicles3↦-7.99988579750061),(Vehicles4↦-2.4178390958695672E-05),(Vehicles5↦-4.00242555141449)}",
        "VehiclesVy": "{(EgoVehicle↦0.0),(Vehicles2↦0.00022402273316401988),(Vehicles3↦-0.00033483105653431267),(Vehicles4↦7.099089089024346E-05),(Vehicles5↦0.0070236570900306106)}",
        "VehiclesX": "{(EgoVehicle↦200.0),(Vehicles2↦-8.045298606157303),(Vehicles3↦18.860720098018646),(Vehicles4↦54.68864440917969),(Vehicles5↦64.3077552318573)}"
      },
      "probabilisticVariables": null,
      "activating": [
        "IDLE_7"
      ],
      "activatingOnlyWhenExecuted": true,
      "updating": null,
      "withPredicate": null
    },
    {
      "id": "IDLE_7",
      "execute": "IDLE",
      "after": "1000",
      "priority": 0,
      "additionalGuards": null,
      "activationKind": null,
      "fixedVariables": {
        "Crash": "FALSE",
        "VehiclesAy": "{(EgoVehicle↦0.0),(Vehicles2↦-0.00024415201778538176),(Vehicles3↦0.00033901312377793147),(Vehicles4↦0.00037706654438807163),(Vehicles5↦0.0070236570900306106)}",
        "Reward": "0.9999993046539931",
        "VehiclesAx": "{(EgoVehicle↦0.000171661376953125),(Vehicles2↦1.1705666780471802),(Vehicles3↦0.43279409408569336),(Vehicles4↦-0.39960920810699463),(Vehicles5↦-1.0645794868469238)}",
        "VehiclesVx": "{(EgoVehicle↦29.9999737739563),(Vehicles2↦-9.415624737739563),(Vehicles3↦-9.53241765499115),(Vehicles4↦-9.880485534667969),(Vehicles5↦-11.607716083526611)}",
        "VehiclesY": "{(EgoVehicle↦8.000000238418579),(Vehicles2↦-7.999993085861206),(Vehicles3↦-1.4257447276122548E-06),(Vehicles4↦-4.000153183937073),(Vehicles5↦-8.000000238418579)}",
        "VehiclesVy": "{(EgoVehicle↦0.0),(Vehicles2↦-2.0129284621361876E-05),(Vehicles3↦4.182067243618803E-06),(Vehicles4↦0.0004480574352783151),(Vehicles5↦0.0)}",
        "VehiclesX": "{(EgoVehicle↦200.0),(Vehicles2↦9.143269062042236),(Vehicles3↦45.18574774265289),(Vehicles4↦54.055094718933105),(Vehicles5↦85.62391996383667)}"
      },
      "probabilisticVariables": null,
      "activating": [
        "FASTER_8"
      ],
      "activatingOnlyWhenExecuted": true,
      "updating": null,
      "withPredicate": null
    },
    {
      "id": "FASTER_8",
      "execute": "FASTER",
      "after": "1000",
      "priority": 0,
      "additionalGuards": null,
      "activationKind": null,
      "fixedVariables": {
        "Crash": "FALSE",
        "VehiclesAy": "{(EgoVehicle↦0.0),(Vehicles2↦1.8974421678308317E-05),(Vehicles3↦-3.9344641145078185E-06),(Vehicles4↦-0.00042111933453270467),(Vehicles5↦0.0)}",
        "Reward": "0.9999999084318016",
        "VehiclesAx": "{(EgoVehicle↦2.384185791015625E-05),(Vehicles2↦0.26282012462615967),(Vehicles3↦-0.037372708320617676),(Vehicles4↦0.40249526500701904),(Vehicles5↦0.021094083786010742)}",
        "VehiclesVx": "{(EgoVehicle↦29.99999761581421),(Vehicles2↦-9.152804613113403),(Vehicles3↦-9.569790363311768),(Vehicles4↦-9.47799026966095),(Vehicles5↦-11.5866219997406)}",
        "VehiclesY": "{(EgoVehicle↦8.000000238418579),(Vehicles2↦-7.999999523162842),(Vehicles3↦-8.447351085294486E-08),(Vehicles4↦-4.000009059906006),(Vehicles5↦-8.000000238418579)}",
        "VehiclesVy": "{(EgoVehicle↦0.0),(Vehicles2↦-1.1548629430535584E-06),(Vehicles3↦2.476031291109848E-07),(Vehicles4↦2.6938100745610427E-05),(Vehicles5↦0.0)}",
        "VehiclesX": "{(EgoVehicle↦200.0),(Vehicles2↦-0.14902482507750392),(Vehicles3↦35.63750088214874),(Vehicles4↦44.352081418037415),(Vehicles5↦74.02193546295166)}"
      },
      "probabilisticVariables": null,
      "activating": [
        "SLOWER_9"
      ],
      "activatingOnlyWhenExecuted": true,
      "updating": null,
      "withPredicate": null
    },
    {
      "id": "SLOWER_9",
      "execute": "SLOWER",
      "after": "1000",
      "priority": 0,
      "additionalGuards": null,
      "activationKind": null,
      "fixedVariables": {
        "Crash": "FALSE",
        "VehiclesAy": "{(EgoVehicle↦0.0),(Vehicles2↦1.0899271973840996E-06),(Vehicles3↦-2.3288926342956984E-07),(Vehicles4↦-2.537609063324453E-05),(Vehicles5↦0.0)}",
        "Reward": "0.8842249536480837",
        "VehiclesAx": "{(EgoVehicle↦-4.341561794281006),(Vehicles2↦4.424610435962677),(Vehicles3↦4.312650561332703),(Vehicles4↦4.581023454666138),(Vehicles5↦4.388644695281982)}",
        "VehiclesVx": "{(EgoVehicle↦25.658435821533203),(Vehicles2↦-4.728194177150726),(Vehicles3↦-5.257139801979065),(Vehicles4↦-4.896966814994812),(Vehicles5↦-7.197977304458618)}",
        "VehiclesY": "{(EgoVehicle↦8.000000238418579),(Vehicles2↦-8.000000238418579),(Vehicles3↦-5.02276087388509E-09),(Vehicles4↦-4.000000476837158),(Vehicles5↦-8.000000238418579)}",
        "VehiclesVy": "{(EgoVehicle↦0.0),(Vehicles2↦-6.493574566945881E-08),(Vehicles3↦1.4713865681414973E-08),(Vehicles4↦1.562010112365897E-06),(Vehicles5↦0.0)}",
        "VehiclesX": "{(EgoVehicle↦200.0),(Vehicles2↦-6.862625479698181),(Vehicles3↦28.4507155418396),(Vehicles4↦37.374892830848694),(Vehicles5↦64.84768390655518)}"
      },
      "probabilisticVariables": null,
      "activating": [
        "LANE_LEFT_10"
      ],
      "activatingOnlyWhenExecuted": true,
      "updating": null,
      "withPredicate": null
    },
    {
      "id": "LANE_LEFT_10",
      "execute": "LANE_LEFT",
      "after": "1000",
      "priority": 0,
      "additionalGuards": null,
      "activationKind": null,
      "fixedVariables": {
        "Crash": "FALSE",
        "VehiclesAy": "{(EgoVehicle↦-1.0917504131793976),(Vehicles2↦1.0917504781151433),(Vehicles3↦1.0917505474771438),(Vehicles4↦1.0917488511692852),(Vehicles5↦1.0917504131793976)}",
        "Reward": "0.8350117425023892",
        "VehiclesAx": "{(EgoVehicle↦-0.5954957008361816),(Vehicles2↦0.04211157560348511),(Vehicles3↦1.0983705520629883),(Vehicles4↦-1.6442012786865234),(Vehicles5↦1.3568830490112305)}",
        "VehiclesVx": "{(EgoVehicle↦25.06294012069702),(Vehicles2↦-4.686082601547241),(Vehicles3↦-4.158769249916077),(Vehicles4↦-6.5411680936813354),(Vehicles5↦-5.841094255447388)}",
        "VehiclesY": "{(EgoVehicle↦4.344815969467163),(Vehicles2↦3.655184268951416),(Vehicles3↦-0.3448159396648407),(Vehicles4↦-4.344815969467163),(Vehicles5↦-4.344815969467163)}",
        "VehiclesVy": "{(EgoVehicle↦-1.0917504131793976),(Vehicles2↦1.0917504131793976),(Vehicles3↦1.0917505621910095),(Vehicles4↦1.0917504131793976),(Vehicles5↦1.0917504131793976)}",
        "VehiclesX": "{(EgoVehicle↦200.0),(Vehicles2↦23.81274253129959),(Vehicles3↦33.16998481750488),(Vehicles4↦58.30261707305908),(Vehicles5↦112.08702325820923)}"
      },
      "probabilisticVariables": null,
      "activating": [
        "LANE_LEFT_11"
      ],
      "activatingOnlyWhenExecuted": true,
      "updating": null,
      "withPredicate": null
    },
    {
      "id": "LANE_LEFT_11",
      "execute": "LANE_LEFT",
      "after": "1000",
      "priority": 0,
      "additionalGuards": null,
      "activationKind": null,
      "fixedVariables": {
        "Crash": "FALSE",
        "VehiclesAy": "{(EgoVehicle↦-0.02775430679321289),(Vehicles2↦0.02775430679321289),(Vehicles3↦0.027754157781600952),(Vehicles4↦0.02775430679321289),(Vehicles5↦2.211255133152008)}",
        "Reward": "0.7996360359695766",
        "VehiclesAx": "{(EgoVehicle↦-0.07658958435058594),(Vehicles2↦0.054127275943756104),(Vehicles3↦0.16341179609298706),(Vehicles4↦0.1448613405227661),(Vehicles5↦0.1497042179107666)}",
        "VehiclesVx": "{(EgoVehicle↦24.986350536346436),(Vehicles2↦-4.631955325603485),(Vehicles3↦-3.9953574538230896),(Vehicles4↦-6.396306753158569),(Vehicles5↦-5.691390037536621)}",
        "VehiclesY": "{(EgoVehicle↦0.3521762117743492),(Vehicles2↦7.647824048995972),(Vehicles3↦3.647823929786682),(Vehicles4↦-0.3521762117743492),(Vehicles5↦-0.3521762117743492)}",
        "VehiclesVy": "{(EgoVehicle↦-1.1195047199726105),(Vehicles2↦1.1195047199726105),(Vehicles3↦1.1195047199726105),(Vehicles4↦1.1195047199726105),(Vehicles5↦1.1195047199726105)}",
        "VehiclesX": "{(EgoVehicle↦200.0),(Vehicles2↦19.514280557632446),(Vehicles3↦29.445961117744446),(Vehicles4↦52.18510627746582),(Vehicles5↦106.67201280593872)}"
      },
      "probabilisticVariables": null,
      "activating": [
        "IDLE_12"
      ],
      "activatingOnlyWhenExecuted": true,
      "updating": null,
      "withPredicate": null
    },
    {
      "id": "IDLE_12",
      "execute": "IDLE",
      "after": "1000",
      "priority": 0,
      "additionalGuards": null,
      "activationKind": null,
      "fixedVariables": {
        "Crash": "FALSE",
        "VehiclesAy": "{(EgoVehicle↦1.0801093000918627),(Vehicles2↦-1.0801093000918627),(Vehicles3↦-1.0801093000918627),(Vehicles4↦-1.0801093000918627),(Vehicles5↦1.1589001398533583)}",
        "Reward": "0.8000392694434489",
        "VehiclesAx": "{(EgoVehicle↦0.01512289047241211),(Vehicles2↦-0.037007927894592285),(Vehicles3↦0.039680302143096924),(Vehicles4↦0.05566298961639404),(Vehicles5↦0.055286288261413574)}",
        "VehiclesVx": "{(EgoVehicle↦25.001473426818848),(Vehicles2↦-4.668963253498077),(Vehicles3↦-3.9556771516799927),(Vehicles4↦-6.340643763542175),(Vehicles5↦-5.6361037492752075)}",
        "VehiclesY": "{(EgoVehicle↦0.01188570074737072),(Vehicles2↦7.98811411857605),(Vehicles3↦3.988114356994629),(Vehicles4↦-0.01188570074737072),(Vehicles5↦-0.01188570074737072)}",
        "VehiclesVy": "{(EgoVehicle↦-0.039395419880747795),(Vehicles2↦0.039395419880747795),(Vehicles3↦0.039395419880747795),(Vehicles4↦0.039395419880747795),(Vehicles5↦0.039395419880747795)}",
        "VehiclesX": "{(EgoVehicle↦200.0),(Vehicles2↦14.85794335603714),(Vehicles3↦25.458812713623047),(Vehicles4↦45.8014190196991),(Vehicles5↦100.99344253540039)}"
      },
      "probabilisticVariables": null,
      "activating": [
        "IDLE_13"
      ],
      "activatingOnlyWhenExecuted": true,
      "updating": null,
      "withPredicate": null
    },
    {
      "id": "IDLE_13",
      "execute": "IDLE",
      "after": "1000",
      "priority": 0,
      "additionalGuards": null,
      "activationKind": null,
      "fixedVariables": {
        "Crash": "FALSE",
        "VehiclesAy": "{(EgoVehicle↦0.038146176520967856),(Vehicles2↦-0.038146176520967856),(Vehicles3↦-0.038146176520967856),(Vehicles4↦-0.038146176520967856),(Vehicles5↦0.040644663240527734)}",
        "Reward": "0.8000052794477946",
        "VehiclesAx": "{(EgoVehicle↦-0.0012755393981933594),(Vehicles2↦-0.02072066068649292),(Vehicles3↦0.03758043050765991),(Vehicles4↦0.07191598415374756),(Vehicles5↦0.06777763366699219)}",
        "VehiclesVx": "{(EgoVehicle↦25.000197887420654),(Vehicles2↦-4.68968391418457),(Vehicles3↦-3.9180967211723328),(Vehicles4↦-6.268727779388428),(Vehicles5↦-5.568326115608215)}",
        "VehiclesY": "{(EgoVehicle↦0.0003750490432139486),(Vehicles2↦7.999624729156494),(Vehicles3↦3.9996249675750732),(Vehicles4↦-0.0003750490432139486),(Vehicles5↦-0.0003750490432139486)}",
        "VehiclesVy": "{(EgoVehicle↦-0.001249243359779939),(Vehicles2↦0.001249243359779939),(Vehicles3↦0.001249243359779939),(Vehicles4↦0.001249243359779939),(Vehicles5↦0.001249243359779939)}",
        "VehiclesX": "{(EgoVehicle↦200.0),(Vehicles2↦10.180898755788803),(Vehicles3↦21.519464254379272),(Vehicles4↦39.48981165885925),(Vehicles5↦95.3849732875824)}"
      },
      "probabilisticVariables": null,
      "activating": [
        "IDLE_14"
      ],
      "activatingOnlyWhenExecuted": true,
      "updating": null,
      "withPredicate": null
    },
    {
      "id": "IDLE_14",
      "execute": "IDLE",
      "after": "1000",
      "priority": 0,
      "additionalGuards": null,
      "activationKind": null,
      "fixedVariables": {
        "Crash": "FALSE",
        "VehiclesAy": "{(EgoVehicle↦0.001210129867104115),(Vehicles2↦-0.001210129867104115),(Vehicles3↦-0.001210129867104115),(Vehicles4↦-0.001210129867104115),(Vehicles5↦0.0012883568524557631)}",
        "Reward": "0.8000006953447132",
        "VehiclesAx": "{(EgoVehicle↦-0.000171661376953125),(Vehicles2↦-0.02218693494796753),(Vehicles3↦0.025550425052642822),(Vehicles4↦0.0691455602645874),(Vehicles5↦0.062375664710998535)}",
        "VehiclesVx": "{(EgoVehicle↦25.0000262260437),(Vehicles2↦-4.711870849132538),(Vehicles3↦-3.89254629611969),(Vehicles4↦-6.19958221912384),(Vehicles5↦-5.505950450897217)}",
        "VehiclesY": "{(EgoVehicle↦1.1735184216377093E-05),(Vehicles2↦7.999988079071045),(Vehicles3↦3.999988317489624),(Vehicles4↦-1.1735184216377093E-05),(Vehicles5↦-1.1735184216377093E-05)}",
        "VehiclesVy": "{(EgoVehicle↦-3.911349267582409E-05),(Vehicles2↦3.911349267582409E-05),(Vehicles3↦3.911349267582409E-05),(Vehicles4↦3.911349267582409E-05),(Vehicles5↦3.911349267582409E-05)}",
        "VehiclesX": "{(EgoVehicle↦200.0),(Vehicles2↦5.482398346066475),(Vehicles3↦17.612284421920776),(Vehicles4↦33.248940110206604),(Vehicles5↦89.8419737815857)}"
      },
      "probabilisticVariables": null,
      "activating": [
        "SLOWER_15"
      ],
      "activatingOnlyWhenExecuted": true,
      "updating": null,
      "withPredicate": null
    },
    {
      "id": "SLOWER_15",
      "execute": "SLOWER",
      "after": "1000",
      "priority": 0,
      "additionalGuards": null,
      "activationKind": null,
      "fixedVariables": {
        "Crash": "FALSE",
        "VehiclesAy": "{(EgoVehicle↦3.75243701000727E-05),(Vehicles2↦-3.75243701000727E-05),(Vehicles3↦-3.75243701000727E-05),(Vehicles4↦-3.75243701000727E-05),(Vehicles5↦4.070261525157548E-05)}",
        "Reward": "0.684225057274581",
        "VehiclesAx": "{(EgoVehicle↦-4.341585636138916),(Vehicles2↦4.318841882050037),(Vehicles3↦4.360261559486389),(Vehicles4↦4.408073276281357),(Vehicles5↦4.399517998099327)}",
        "VehiclesVx": "{(EgoVehicle↦20.658440589904785),(Vehicles2↦-0.39302896708250046),(Vehicles3↦0.4677152633666992),(Vehicles4↦-1.7915089428424835),(Vehicles5↦-1.1064324527978897)}",
        "VehiclesY": "{(EgoVehicle↦5.492873356160999E-07),(Vehicles2↦7.999999523162842),(Vehicles3↦3.9999994039535522),(Vehicles4↦-5.492873356160999E-07),(Vehicles5↦-5.492873356160999E-07)}",
        "VehiclesVy": "{(EgoVehicle↦-1.5891225757513894E-06),(Vehicles2↦1.5891225757513894E-06),(Vehicles3↦1.5891225757513894E-06),(Vehicles4↦1.5891225757513894E-06),(Vehicles5↦1.5891225757513894E-06)}",
        "VehiclesX": "{(EgoVehicle↦200.0),(Vehicles2↦3.156532347202301),(Vehicles3↦16.12270325422287),(Vehicles4↦29.471248388290405),(Vehicles5↦86.7546021938324)}"
      },
      "probabilisticVariables": null,
      "activating": [
        "LANE_RIGHT_16"
      ],
      "activatingOnlyWhenExecuted": true,
      "updating": null,
      "withPredicate": null
    },
    {
      "id": "LANE_RIGHT_16",
      "execute": "LANE_RIGHT",
      "after": "1000",
      "priority": 0,
      "additionalGuards": null,
      "activationKind": null,
      "fixedVariables": {
        "Crash": "FALSE",
        "VehiclesAy": "{(EgoVehicle↦1.157551953855318),(Vehicles2↦-1.157551953855318),(Vehicles3↦-1.157551953855318),(Vehicles4↦-1.157551953855318),(Vehicles5↦-1.1575487756101666)}",
        "Reward": "0.7014220505247457",
        "VehiclesAx": "{(EgoVehicle↦-0.6051135063171387),(Vehicles2↦0.5820728652179241),(Vehicles3↦0.6194572895765305),(Vehicles4↦0.6687242537736893),(Vehicles5↦0.659005306661129)}",
        "VehiclesVx": "{(EgoVehicle↦20.053327083587646),(Vehicles2↦0.18904389813542366),(Vehicles3↦1.0871725529432297),(Vehicles4↦-1.1227846890687943),(Vehicles5↦-0.4474271461367607)}",
        "VehiclesY": "{(EgoVehicle↦3.5990391969680786),(Vehicles2↦4.4009610414505005),(Vehicles3↦0.4009609669446945),(Vehicles4↦-3.5990391969680786),(Vehicles5↦-3.5990391969680786)}",
        "VehiclesVy": "{(EgoVehicle↦1.1575503647327423),(Vehicles2↦-1.1575503647327423),(Vehicles3↦-1.1575503647327423),(Vehicles4↦-1.1575503647327423),(Vehicles5↦-1.1575503647327423)}",
        "VehiclesX": "{(EgoVehicle↦200.0),(Vehicles2↦3.446223959326744),(Vehicles3↦17.28835552930832),(Vehicles4↦28.397339582443237),(Vehicles5↦86.36195659637451)}"
      },
      "probabilisticVariables": null,
      "activating": [
        "SLOWER_17"
      ],
      "activatingOnlyWhenExecuted": true,
      "updating": null,
      "withPredicate": null
    },
    {
      "id": "SLOWER_17",
      "execute": "SLOWER",
      "after": "1000",
      "priority": 0,
      "additionalGuards": null,
      "activationKind": null,
      "fixedVariables": {
        "Crash": "FALSE",
        "VehiclesAy": "{(EgoVehicle↦-1.0850363736972213),(Vehicles2↦1.0850363736972213),(Vehicles3↦1.0850363736972213),(Vehicles4↦1.0850363736972213),(Vehicles5↦-1.2300643557682633)}",
        "Reward": "0.700300985825471",
        "VehiclesAx": "{(EgoVehicle↦-0.042040348052978516),(Vehicles2↦0.0188404880464077),(Vehicles3↦0.0534067302942276),(Vehicles4↦0.10264702141284943),(Vehicles5↦0.09221337735652924)}",
        "VehiclesVx": "{(EgoVehicle↦20.011286735534668),(Vehicles2↦0.20788438618183136),(Vehicles3↦1.1405792832374573),(Vehicles4↦-1.0201376676559448),(Vehicles5↦-0.3552137687802315)}",
        "VehiclesY": "{(EgoVehicle↦3.975029468536377),(Vehicles2↦4.024970769882202),(Vehicles3↦0.024970664642751217),(Vehicles4↦-3.975029468536377),(Vehicles5↦-3.975029468536377)}",
        "VehiclesVy": "{(EgoVehicle↦0.07251399103552103),(Vehicles2↦-0.07251399103552103),(Vehicles3↦-0.07251399103552103),(Vehicles4↦-0.07251399103552103),(Vehicles5↦-0.07251399103552103)}",
        "VehiclesX": "{(EgoVehicle↦200.0),(Vehicles2↦3.639543056488037),(Vehicles3↦18.393823504447937),(Vehicles4↦27.312585711479187),(Vehicles5↦85.9484314918518)}"
      },
      "probabilisticVariables": null,
      "activating": [
        "SLOWER_18"
      ],
      "activatingOnlyWhenExecuted": true,
      "updating": null,
      "withPredicate": null
    },
    {
      "id": "SLOWER_18",
      "execute": "SLOWER",
      "after": "1000",
      "priority": 0,
      "additionalGuards": null,
      "activationKind": null,
      "fixedVariables": {
        "Crash": "FALSE",
        "VehiclesAy": "{(EgoVehicle↦-0.06800265837227926),(Vehicles2↦0.06800265837227926),(Vehicles3↦0.06800265837227926),(Vehicles4↦0.06800265837227926),(Vehicles5↦-0.0770253236987628)}",
        "Reward": "0.7000400837966922",
        "VehiclesAx": "{(EgoVehicle↦-0.009784698486328125),(Vehicles2↦-0.013429243117570877),(Vehicles3↦0.01896493136882782),(Vehicles4↦0.06740748882293701),(Vehicles5↦0.056579653173685074)}",
        "VehiclesVx": "{(EgoVehicle↦20.00150203704834),(Vehicles2↦0.19445514306426048),(Vehicles3↦1.159544214606285),(Vehicles4↦-0.9527301788330078),(Vehicles5↦-0.2986341156065464)}",
        "VehiclesY": "{(EgoVehicle↦3.9984465837478638),(Vehicles2↦4.001553297042847),(Vehicles3↦0.0015532784163951874),(Vehicles4↦-3.9984465837478638),(Vehicles5↦-3.9984465837478638)}",
        "VehiclesVy": "{(EgoVehicle↦0.004511332663241774),(Vehicles2↦-0.004511332663241774),(Vehicles3↦-0.004511332663241774),(Vehicles4↦-0.004511332663241774),(Vehicles5↦-0.004511332663241774)}",
        "VehiclesX": "{(EgoVehicle↦200.0),(Vehicles2↦3.8434967398643494),(Vehicles3↦19.543586671352386),(Vehicles4↦26.32109224796295),(Vehicles5↦85.61754822731018)}"
      },
      "probabilisticVariables": null,
      "activating": [
        "SLOWER_19"
      ],
      "activatingOnlyWhenExecuted": true,
      "updating": null,
      "withPredicate": null
    },
    {
      "id": "SLOWER_19",
      "execute": "SLOWER",
      "after": "1000",
      "priority": 0,
      "additionalGuards": null,
      "activationKind": null,
      "fixedVariables": {
        "Crash": "FALSE",
        "VehiclesAy": "{(EgoVehicle↦-0.004230644099152414),(Vehicles2↦0.004230644099152414),(Vehicles3↦0.004230644099152414),(Vehicles4↦0.004230644099152414),(Vehicles5↦-0.0047920212273311336)}",
        "Reward": "0.7000052802587526",
        "VehiclesAx": "{(EgoVehicle↦-0.0013041496276855469),(Vehicles2↦-0.02178182825446129),(Vehicles3↦0.008783340454101562),(Vehicles4↦0.05604885518550873),(Vehicles5↦0.04505384713411331)}",
        "VehiclesVx": "{(EgoVehicle↦20.000197887420654),(Vehicles2↦0.1726733148097992),(Vehicles3↦1.1683275550603867),(Vehicles4↦-0.8966813236474991),(Vehicles5↦-0.2535802684724331)}",
        "VehiclesY": "{(EgoVehicle↦3.9999032020568848),(Vehicles2↦4.000096678733826),(Vehicles3↦9.664130266173743E-05),(Vehicles4↦-3.9999032020568848),(Vehicles5↦-3.9999032020568848)}",
        "VehiclesVy": "{(EgoVehicle↦0.0002806885640893597),(Vehicles2↦-0.0002806885640893597),(Vehicles3↦-0.0002806885640893597),(Vehicles4↦-0.0002806885640893597),(Vehicles5↦-0.0002806885640893597)}",
        "VehiclesX": "{(EgoVehicle↦200.0),(Vehicles2↦4.029421508312225),(Vehicles3↦20.706965029239655),(Vehicles4↦25.39120614528656),(Vehicles5↦85.3373646736145)}"
      },
      "probabilisticVariables": null,
      "activating": [
        "SLOWER_20"
      ],
      "activatingOnlyWhenExecuted": true,
      "updating": null,
      "withPredicate": null
    },
    {
      "id": "SLOWER_20",
      "execute": "SLOWER",
      "after": "1000",
      "priority": 0,
      "additionalGuards": null,
      "activationKind": null,
      "fixedVariables": {
        "Crash": "FALSE",
        "VehiclesAy": "{(EgoVehicle↦-0.00026322420580982),(Vehicles2↦0.00026322420580982),(Vehicles3↦0.00026322420580982),(Vehicles4↦0.00026322420580982),(Vehicles5↦-0.00029815292236889945)}",
        "Reward": "0.7000006953494298",
        "VehiclesAx": "{(EgoVehicle↦-0.000171661376953125),(Vehicles2↦-0.022661564871668816),(Vehicles3↦0.006257370114326477),(Vehicles4↦0.05218103528022766),(Vehicles5↦0.041178371757268906)}",
        "VehiclesVx": "{(EgoVehicle↦20.0000262260437),(Vehicles2↦0.15001174993813038),(Vehicles3↦1.1745849251747131),(Vehicles4↦-0.8445002883672714),(Vehicles5↦-0.21240189671516418)}",
        "VehiclesY": "{(EgoVehicle↦3.9999940395355225),(Vehicles2↦4.000005841255188),(Vehicles3↦6.012981430103537E-06),(Vehicles4↦-3.9999940395355225),(Vehicles5↦-3.9999940395355225)}",
        "VehiclesVy": "{(EgoVehicle↦1.7464358279539738E-05),(Vehicles2↦-1.7464358279539738E-05),(Vehicles3↦-1.7464358279539738E-05),(Vehicles4↦-1.7464358279539738E-05),(Vehicles5↦-1.7464358279539738E-05)}",
        "VehiclesX": "{(EgoVehicle↦200.0),(Vehicles2↦4.193031415343285),(Vehicles3↦21.877922117710114),(Vehicles4↦24.515634775161743),(Vehicles5↦85.10048985481262)}"
      },
      "probabilisticVariables": null,
      "activating": [
        "SLOWER_21"
      ],
      "activatingOnlyWhenExecuted": true,
      "updating": null,
      "withPredicate": null
    },
    {
      "id": "SLOWER_21",
      "execute": "SLOWER",
      "after": "1000",
      "priority": 0,
      "additionalGuards": null,
      "activationKind": null,
      "fixedVariables": {
        "Crash": "FALSE",
        "VehiclesAy": "{(EgoVehicle↦-1.6377728471184128E-05),(Vehicles2↦1.6377728471184128E-05),(Vehicles3↦1.6377728471184128E-05),(Vehicles4↦1.6377728471184128E-05),(Vehicles5↦-1.8550988087895348E-05)}",
        "Reward": "0.7000000915686752",
        "VehiclesAx": "{(EgoVehicle↦-2.384185791015625E-05),(Vehicles2↦-0.022443756461143494),(Vehicles3↦0.004928484559059143),(Vehicles4↦0.04946000874042511),(Vehicles5↦0.03856070339679718)}",
        "VehiclesVx": "{(EgoVehicle↦20.00000238418579),(Vehicles2↦0.12756799347698689),(Vehicles3↦1.1795134097337723),(Vehicles4↦-0.7950402796268463),(Vehicles5↦-0.173841193318367)}",
        "VehiclesY": "{(EgoVehicle↦3.999999761581421),(Vehicles2↦4.000000476837158),(Vehicles3↦3.741267136092574E-07),(Vehicles4↦-3.999999761581421),(Vehicles5↦-3.999999761581421)}",
        "VehiclesVy": "{(EgoVehicle↦1.0866298083556103E-06),(Vehicles2↦-1.0866298083556103E-06),(Vehicles3↦-1.0866298083556103E-06),(Vehicles4↦-1.0866298083556103E-06),(Vehicles5↦-1.0866298083556103E-06)}",
        "VehiclesX": "{(EgoVehicle↦200.0),(Vehicles2↦4.334035515785217),(Vehicles3↦23.054569959640503),(Vehicles4↦23.691120743751526),(Vehicles5↦84.90370512008667)}"
      },
      "probabilisticVariables": null,
      "activating": [
        "SLOWER_22"
      ],
      "activatingOnlyWhenExecuted": true,
      "updating": null,
      "withPredicate": null
    },
    {
      "id": "SLOWER_22",
      "execute": "SLOWER",
      "after": "1000",
      "priority": 0,
      "additionalGuards": null,
      "activationKind": null,
      "fixedVariables": {
        "Crash": "FALSE",
        "VehiclesAy": "{(EgoVehicle↦-1.0190198374004922E-06),(Vehicles2↦1.0190198374004922E-06),(Vehicles3↦1.0190198374004922E-06),(Vehicles4↦1.0190198374004922E-06),(Vehicles5↦-1.1542397793107284E-06)}",
        "Reward": "0.7000000120584264",
        "VehiclesAx": "{(EgoVehicle↦-2.384185791015625E-06),(Vehicles2↦-0.02199571579694748),(Vehicles3↦-1.9275184720754623),(Vehicles4↦1.978440135717392),(Vehicles5↦0.03631537780165672)}",
        "VehiclesVx": "{(EgoVehicle↦20.0),(Vehicles2↦0.1055722776800394),(Vehicles3↦-0.7480050623416901),(Vehicles4↦1.1833998560905457),(Vehicles5↦-0.13752581551671028)}",
        "VehiclesY": "{(EgoVehicle↦4.0000001192092896),(Vehicles2↦4.0000001192092896),(Vehicles3↦-4.0000001192092896),(Vehicles4↦2.3278115435232394E-08),(Vehicles5↦-4.0000001192092896)}",
        "VehiclesVy": "{(EgoVehicle↦6.760997095511811E-08),(Vehicles2↦-6.760997095511811E-08),(Vehicles3↦-6.760997095511811E-08),(Vehicles4↦-6.760997095511811E-08),(Vehicles5↦-6.760997095511811E-08)}",
        "VehiclesX": "{(EgoVehicle↦200.0),(Vehicles2↦4.452764615416527),(Vehicles3↦22.915081679821014),(Vehicles4↦24.235714972019196),(Vehicles5↦84.74456071853638)}"
      },
      "probabilisticVariables": null,
      "activating": [
        "SLOWER_23"
      ],
      "activatingOnlyWhenExecuted": true,
      "updating": null,
      "withPredicate": null
    },
    {
      "id": "SLOWER_23",
      "execute": "SLOWER",
      "after": "1000",
      "priority": 0,
      "additionalGuards": null,
      "activationKind": null,
      "fixedVariables": {
        "Crash": "FALSE",
        "VehiclesAy": "{(EgoVehicle↦-6.340329150589241E-08),(Vehicles2↦6.340329150589241E-08),(Vehicles3↦6.340329150589241E-08),(Vehicles4↦6.340329150589241E-08),(Vehicles5↦-7.181665040434382E-08)}",
        "Reward": "0.700000001587941",
        "VehiclesAx": "{(EgoVehicle↦0.0),(Vehicles2↦-0.021441606804728508),(Vehicles3↦0.04478953778743744),(Vehicles4↦0.0029850751161575317),(Vehicles5↦0.034300656989216805)}",
        "VehiclesVx": "{(EgoVehicle↦20.0),(Vehicles2↦0.0841306708753109),(Vehicles3↦-0.7032155245542526),(Vehicles4↦1.1863849312067032),(Vehicles5↦-0.10322515852749348)}",
        "VehiclesY": "{(EgoVehicle↦4.0000001192092896),(Vehicles2↦4.0000001192092896),(Vehicles3↦-4.0000001192092896),(Vehicles4↦1.4483587662539321E-09),(Vehicles5↦-4.0000001192092896)}",
        "VehiclesVy": "{(EgoVehicle↦4.206679449225703E-09),(Vehicles2↦-4.206679449225703E-09),(Vehicles3↦-4.206679449225703E-09),(Vehicles4↦-4.206679449225703E-09),(Vehicles5↦-4.206679449225703E-09)}",
        "VehiclesX": "{(EgoVehicle↦200.0),(Vehicles2↦4.549712315201759),(Vehicles3↦22.1851646900177),(Vehicles4↦25.420376658439636),(Vehicles5↦84.62090492248535)}"
      },
      "probabilisticVariables": null,
      "activating": [
        "SLOWER_24"
      ],
      "activatingOnlyWhenExecuted": true,
      "updating": null,
      "withPredicate": null
    },
    {
      "id": "SLOWER_24",
      "execute": "SLOWER",
      "after": "1000",
      "priority": 0,
      "additionalGuards": null,
      "activationKind": null,
      "fixedVariables": {
        "Crash": "FALSE",
        "VehiclesAy": "{(EgoVehicle↦-3.94495103250847E-09),(Vehicles2↦3.944942150724273E-09),(Vehicles3↦3.944942150724273E-09),(Vehicles4↦3.944942150724273E-09),(Vehicles5↦-4.468416747727133E-09)}",
        "Reward": "0.7000000002091116",
        "VehiclesAx": "{(EgoVehicle↦0.0),(Vehicles2↦-0.020806496031582355),(Vehicles3↦0.04269994795322418),(Vehicles4↦0.0021889060735702515),(Vehicles5↦0.0324756046757102)}",
        "VehiclesVx": "{(EgoVehicle↦20.0),(Vehicles2↦0.06332417484372854),(Vehicles3↦-0.6605155766010284),(Vehicles4↦1.1885738372802734),(Vehicles5↦-0.07074955385178328)}",
        "VehiclesY": "{(EgoVehicle↦4.0000001192092896),(Vehicles2↦4.0000001192092896),(Vehicles3↦-4.0000001192092896),(Vehicles4↦9.01145824627747E-11),(Vehicles5↦-4.0000001192092896)}",
        "VehiclesVy": "{(EgoVehicle↦2.617284167172329E-10),(Vehicles2↦-2.617372985014299E-10),(Vehicles3↦-2.617372985014299E-10),(Vehicles4↦-2.617372985014299E-10),(Vehicles5↦-2.617372985014299E-10)}",
        "VehiclesX": "{(EgoVehicle↦200.0),(Vehicles2↦4.625466838479042),(Vehicles3↦21.499191224575043),(Vehicles4↦26.60769820213318),(Vehicles5↦84.53081250190735)}"
      },
      "probabilisticVariables": null,
      "activating": [
        "SLOWER_25"
      ],
      "activatingOnlyWhenExecuted": true,
      "updating": null,
      "withPredicate": null
    },
    {
      "id": "SLOWER_25",
      "execute": "SLOWER",
      "after": "1000",
      "priority": 0,
      "additionalGuards": null,
      "activationKind": null,
      "fixedVariables": {
        "Crash": "FALSE",
        "VehiclesAy": "{(EgoVehicle↦-2.454392244999326E-10),(Vehicles2↦2.454481062841296E-10),(Vehicles3↦2.454481062841296E-10),(Vehicles4↦2.454481062841296E-10),(Vehicles5↦-2.780264907187302E-10)}",
        "Reward": "0.7000000000275373",
        "VehiclesAx": "{(EgoVehicle↦0.0),(Vehicles2↦-0.02010147087275982),(Vehicles3↦0.04075434058904648),(Vehicles4↦0.0014822930097579956),(Vehicles5↦0.03081530798226595)}",
        "VehiclesVx": "{(EgoVehicle↦20.0),(Vehicles2↦0.04322270397096872),(Vehicles3↦-0.619761236011982),(Vehicles4↦1.1900561302900314),(Vehicles5↦-0.039934245869517326)}",
        "VehiclesY": "{(EgoVehicle↦4.0000001192092896),(Vehicles2↦4.0000001192092896),(Vehicles3↦-4.0000001192092896),(Vehicles4↦5.6061821851471905E-12),(Vehicles5↦-4.0000001192092896)}",
        "VehiclesVy": "{(EgoVehicle↦1.6289192217300297E-11),(Vehicles2↦-1.6289192217300297E-11),(Vehicles3↦-1.6289192217300297E-11),(Vehicles4↦-1.6289192217300297E-11),(Vehicles5↦-1.6289192217300297E-11)}",
        "VehiclesX": "{(EgoVehicle↦200.0),(Vehicles2↦4.680691286921501),(Vehicles3↦20.855127274990082),(Vehicles4↦27.796918153762817),(Vehicles5↦84.47251319885254)}"
      },
      "probabilisticVariables": null,
      "activating": [
        "SLOWER_26"
      ],
      "activatingOnlyWhenExecuted": true,
      "updating": null,
      "withPredicate": null
    },
    {
      "id": "SLOWER_26",
      "execute": "SLOWER",
      "after": "1000",
      "priority": 0,
      "additionalGuards": null,
      "activationKind": null,
      "fixedVariables": {
        "Crash": "FALSE",
        "VehiclesAy": "{(EgoVehicle↦-1.5276668818842154E-11),(Vehicles2↦1.5276668818842154E-11),(Vehicles3↦1.5276668818842154E-11),(Vehicles4↦1.5267787034645153E-11),(Vehicles5↦-1.730171561575844E-11)}",
        "Reward": "0.7000000000036263",
        "VehiclesAx": "{(EgoVehicle↦0.0),(Vehicles2↦-0.0193350319750607),(Vehicles3↦0.03894191235303879),(Vehicles4↦0.0008550286293029785),(Vehicles5↦0.02929961890913546)}",
        "VehiclesVx": "{(EgoVehicle↦20.0),(Vehicles2↦0.023887671995908022),(Vehicles3↦-0.5808193236589432),(Vehicles4↦1.1909111589193344),(Vehicles5↦-0.010634626960381866)}",
        "VehiclesY": "{(EgoVehicle↦4.0000001192092896),(Vehicles2↦4.0000001192092896),(Vehicles3↦-4.0000001192092896),(Vehicles4↦3.490541189421492E-13),(Vehicles5↦-4.0000001192092896)}",
        "VehiclesVy": "{(EgoVehicle↦1.0125233984581428E-12),(Vehicles2↦-1.0125233984581428E-12),(Vehicles3↦-1.0125233984581428E-12),(Vehicles4↦-1.021405182655144E-12),(Vehicles5↦-1.0125233984581428E-12)}",
        "VehiclesX": "{(EgoVehicle↦200.0),(Vehicles2↦4.716116562485695),(Vehicles3↦20.251081883907318),(Vehicles4↦28.98736298084259),(Vehicles5↦84.44441556930542)}"
      },
      "probabilisticVariables": null,
      "activating": [
        "SLOWER_27"
      ],
      "activatingOnlyWhenExecuted": true,
      "updating": null,
      "withPredicate": null
    },
    {
      "id": "SLOWER_27",
      "execute": "SLOWER",
      "after": "1000",
      "priority": 0,
      "additionalGuards": null,
      "activationKind": null,
      "fixedVariables": {
        "Crash": "FALSE",
        "VehiclesAy": "{(EgoVehicle↦-9.414691248821327E-13),(Vehicles2↦9.414691248821327E-13),(Vehicles3↦9.414691248821327E-13),(Vehicles4↦9.50350909079134E-13),(Vehicles5↦-1.0835776720341528E-12)}",
        "Reward": "0.7000000000004776",
        "VehiclesAx": "{(EgoVehicle↦0.0),(Vehicles2↦-0.018514887779019773),(Vehicles3↦0.037251971662044525),(Vehicles4↦0.00029981136322021484),(Vehicles5↦0.027911352226510644)}",
        "VehiclesVx": "{(EgoVehicle↦20.0),(Vehicles2↦0.005372784216888249),(Vehicles3↦-0.5435673519968987),(Vehicles4↦1.1912109702825546),(Vehicles5↦0.01727672526612878)}",
        "VehiclesY": "{(EgoVehicle↦4.0000001192092896),(Vehicles2↦4.0000001192092896),(Vehicles3↦-4.0000001192092896),(Vehicles4↦2.1316282072803006E-14),(Vehicles5↦-4.0000001192092896)}",
        "VehiclesVy": "{(EgoVehicle↦7.105427357601002E-14),(Vehicles2↦-7.105427357601002E-14),(Vehicles3↦-7.105427357601002E-14),(Vehicles4↦-7.105427357601002E-14),(Vehicles5↦-7.105427357601002E-14)}",
        "VehiclesX": "{(EgoVehicle↦200.0),(Vehicles2↦4.732530564069748),(Vehicles3↦19.68529522418976),(Vehicles4↦30.178433656692505),(Vehicles5↦84.44505333900452)}"
      },
      "probabilisticVariables": null,
      "activating": [
        "SLOWER_28"
      ],
      "activatingOnlyWhenExecuted": true,
      "updating": null,
      "withPredicate": null
    },
    {
      "id": "SLOWER_28",
      "execute": "SLOWER",
      "after": "1000",
      "priority": 0,
      "additionalGuards": null,
      "activationKind": null,
      "fixedVariables": {
        "Crash": "FALSE",
        "VehiclesAy": "{(EgoVehicle↦-7.105427357601002E-14),(Vehicles2↦7.105427357601002E-14),(Vehicles3↦7.105427357601002E-14),(Vehicles4↦7.105427357601002E-14),(Vehicles5↦-7.105427357601002E-14)}",
        "Reward": "0.7000000000000629",
        "VehiclesAx": "{(EgoVehicle↦0.0),(Vehicles2↦-0.017648295615799725),(Vehicles3↦0.035674646496772766),(Vehicles4↦-0.00018946826457977295),(Vehicles5↦0.026635739486664534)}",
        "VehiclesVx": "{(EgoVehicle↦20.0),(Vehicles2↦-0.012275511398911476),(Vehicles3↦-0.5078927055001259),(Vehicles4↦1.1910215020179749),(Vehicles5↦0.04391246475279331)}",
        "VehiclesY": "{(EgoVehicle↦4.0000001192092896),(Vehicles2↦4.0000001192092896),(Vehicles3↦-4.0000001192092896),(Vehicles4↦0.0),(Vehicles5↦-4.0000001192092896)}",
        "VehiclesVy": "{(EgoVehicle↦0.0),(Vehicles2↦0.0),(Vehicles3↦0.0),(Vehicles4↦0.0),(Vehicles5↦0.0)}",
        "VehiclesX": "{(EgoVehicle↦200.0),(Vehicles2↦4.730772972106934),(Vehicles3↦19.156119227409363),(Vehicles4↦31.369605660438538),(Vehicles5↦84.4730794429779)}"
      },
      "probabilisticVariables": null,
      "activating": [
        "SLOWER_29"
      ],
      "activatingOnlyWhenExecuted": true,
      "updating": null,
      "withPredicate": null
    },
    {
      "id": "SLOWER_29",
      "execute": "SLOWER",
      "after": "1000",
      "priority": 0,
      "additionalGuards": null,
      "activationKind": null,
      "fixedVariables": {
        "Crash": "FALSE",
        "VehiclesAy": "{(EgoVehicle↦0.0),(Vehicles2↦0.0),(Vehicles3↦0.0),(Vehicles4↦0.0),(Vehicles5↦0.0)}",
        "Reward": "0.7000000000000082",
        "VehiclesAx": "{(EgoVehicle↦0.0),(Vehicles2↦-0.01674220897257328),(Vehicles3↦0.03420047461986542),(Vehicles4↦-0.0006180256605148315),(Vehicles5↦0.025460082106292248)}",
        "VehiclesVx": "{(EgoVehicle↦20.0),(Vehicles2↦-0.029017720371484756),(Vehicles3↦-0.47369223088026047),(Vehicles4↦1.19040347635746),(Vehicles5↦0.06937254685908556)}",
        "VehiclesY": "{(EgoVehicle↦4.0000001192092896),(Vehicles2↦4.0000001192092896),(Vehicles3↦-4.0000001192092896),(Vehicles4↦-1.3322676295501878E-15),(Vehicles5↦-4.0000001192092896)}",
        "VehiclesVy": "{(EgoVehicle↦0.0),(Vehicles2↦0.0),(Vehicles3↦0.0),(Vehicles4↦0.0),(Vehicles5↦0.0)}",
        "VehiclesX": "{(EgoVehicle↦200.0),(Vehicles2↦4.711726680397987),(Vehicles3↦18.662020564079285),(Vehicles4↦32.56041407585144),(Vehicles5↦84.52726602554321)}"
      },
      "probabilisticVariables": null,
      "activating": [
        "SLOWER_30"
      ],
      "activatingOnlyWhenExecuted": true,
      "updating": null,
      "withPredicate": null
    },
    {
      "id": "SLOWER_30",
      "execute": "SLOWER",
      "after": "1000",
      "priority": 0,
      "additionalGuards": null,
      "activationKind": null,
      "fixedVariables": {
        "Crash": "FALSE",
        "VehiclesAy": "{(EgoVehicle↦0.0),(Vehicles2↦0.0),(Vehicles3↦0.0),(Vehicles4↦0.0),(Vehicles5↦0.0)}",
        "Reward": "0.7000000000000011",
        "VehiclesAx": "{(EgoVehicle↦0.0),(Vehicles2↦-0.015803365968167782),(Vehicles3↦0.032821111381053925),(Vehicles4↦-0.0009903311729431152),(Vehicles5↦0.024373424239456654)}",
        "VehiclesVx": "{(EgoVehicle↦20.0),(Vehicles2↦-0.04482108633965254),(Vehicles3↦-0.44087111949920654),(Vehicles4↦1.189413145184517),(Vehicles5↦0.09374597109854221)}",
        "VehiclesY": "{(EgoVehicle↦4.0000001192092896),(Vehicles2↦4.0000001192092896),(Vehicles3↦-4.0000001192092896),(Vehicles4↦-1.3322676295501878E-15),(Vehicles5↦-4.0000001192092896)}",
        "VehiclesVy": "{(EgoVehicle↦0.0),(Vehicles2↦0.0),(Vehicles3↦0.0),(Vehicles4↦0.0),(Vehicles5↦0.0)}",
        "VehiclesX": "{(EgoVehicle↦200.0),(Vehicles2↦4.6763114631175995),(Vehicles3↦18.201564252376556),(Vehicles4↦33.75044763088226),(Vehicles5↦84.60647463798523)}"
      },
      "probabilisticVariables": null,
      "activating": [
        "SLOWER_31"
      ],
      "activatingOnlyWhenExecuted": true,
      "updating": null,
      "withPredicate": null
    },
    {
      "id": "SLOWER_31",
      "execute": "SLOWER",
      "after": "1000",
      "priority": 0,
      "additionalGuards": null,
      "activationKind": null,
      "fixedVariables": {
        "Crash": "FALSE",
        "VehiclesAy": "{(EgoVehicle↦0.0),(Vehicles2↦0.0),(Vehicles3↦0.0),(Vehicles4↦0.0),(Vehicles5↦0.0)}",
        "Reward": "0.7000000000000001",
        "VehiclesAx": "{(EgoVehicle↦0.0),(Vehicles2↦-0.014838282950222492),(Vehicles3↦0.03152865916490555),(Vehicles4↦-0.0013107061386108398),(Vehicles5↦0.023366296663880348)}",
        "VehiclesVx": "{(EgoVehicle↦20.0),(Vehicles2↦-0.05965936928987503),(Vehicles3↦-0.409342460334301),(Vehicles4↦1.188102439045906),(Vehicles5↦0.11711226776242256)}",
        "VehiclesY": "{(EgoVehicle↦4.0000001192092896),(Vehicles2↦4.0000001192092896),(Vehicles3↦-4.0000001192092896),(Vehicles4↦-1.3322676295501878E-15),(Vehicles5↦-4.0000001192092896)}",
        "VehiclesVy": "{(EgoVehicle↦0.0),(Vehicles2↦0.0),(Vehicles3↦0.0),(Vehicles4↦0.0),(Vehicles5↦0.0)}",
        "VehiclesX": "{(EgoVehicle↦200.0),(Vehicles2↦4.625476896762848),(Vehicles3↦17.773404717445374),(Vehicles4↦34.93936061859131),(Vehicles5↦84.70964431762695)}"
      },
      "probabilisticVariables": null,
      "activating": [
        "SLOWER_32"
      ],
      "activatingOnlyWhenExecuted": true,
      "updating": null,
      "withPredicate": null
    },
    {
      "id": "SLOWER_32",
      "execute": "SLOWER",
      "after": "1000",
      "priority": 0,
      "additionalGuards": null,
      "activationKind": null,
      "fixedVariables": {
        "Crash": "FALSE",
        "VehiclesAy": "{(EgoVehicle↦0.0),(Vehicles2↦0.0),(Vehicles3↦0.0),(Vehicles4↦0.0),(Vehicles5↦0.0)}",
        "Reward": "0.7000000000000001",
        "VehiclesAx": "{(EgoVehicle↦0.0),(Vehicles2↦-0.01385329756885767),(Vehicles3↦0.03031596541404724),(Vehicles4↦-0.0015830248594284058),(Vehicles5↦-0.6539798341691494)}",
        "VehiclesVx": "{(EgoVehicle↦20.0),(Vehicles2↦-0.0735126668587327),(Vehicles3↦-0.37902649492025375),(Vehicles4↦1.1865194141864777),(Vehicles5↦-0.5368675664067268)}",
        "VehiclesY": "{(EgoVehicle↦4.0000001192092896),(Vehicles2↦4.0000001192092896),(Vehicles3↦-4.0000001192092896),(Vehicles4↦-1.3322676295501878E-15),(Vehicles5↦4.0000001192092896)}",
        "VehiclesVy": "{(EgoVehicle↦0.0),(Vehicles2↦0.0),(Vehicles3↦0.0),(Vehicles4↦0.0),(Vehicles5↦0.0)}",
        "VehiclesX": "{(EgoVehicle↦200.0),(Vehicles2↦4.5601967722177505),(Vehicles3↦17.376281321048737),(Vehicles4↦36.12684905529022),(Vehicles5↦84.24736261367798)}"
      },
      "probabilisticVariables": null,
      "activating": [
        "IDLE_33"
      ],
      "activatingOnlyWhenExecuted": true,
      "updating": null,
      "withPredicate": null
    },
    {
      "id": "IDLE_33",
      "execute": "IDLE",
      "after": "1000",
      "priority": 0,
      "additionalGuards": null,
      "activationKind": null,
      "fixedVariables": {
        "Crash": "FALSE",
        "VehiclesAy": "{(EgoVehicle↦0.0),(Vehicles2↦0.0),(Vehicles3↦0.0),(Vehicles4↦0.0),(Vehicles5↦0.0)}",
        "Reward": "0.7000000000000001",
        "VehiclesAx": "{(EgoVehicle↦0.0),(Vehicles2↦-0.012854509986937046),(Vehicles3↦0.02917669713497162),(Vehicles4↦-0.001811012625694275),(Vehicles5↦0.02258501946926117)}",
        "VehiclesVx": "{(EgoVehicle↦20.0),(Vehicles2↦-0.08636717684566975),(Vehicles3↦-0.34984979778528214),(Vehicles4↦1.1847084015607834),(Vehicles5↦-0.5142825469374657)}",
        "VehiclesY": "{(EgoVehicle↦4.0000001192092896),(Vehicles2↦4.0000001192092896),(Vehicles3↦-4.0000001192092896),(Vehicles4↦-1.3322676295501878E-15),(Vehicles5↦4.0000001192092896)}",
        "VehiclesVy": "{(EgoVehicle↦0.0),(Vehicles2↦0.0),(Vehicles3↦0.0),(Vehicles4↦0.0),(Vehicles5↦0.0)}",
        "VehiclesX": "{(EgoVehicle↦200.0),(Vehicles2↦4.481462016701698),(Vehicles3↦17.009013891220093),(Vehicles4↦37.31266260147095),(Vehicles5↦83.71954560279846)}"
      },
      "probabilisticVariables": null,
      "activating": [
        "IDLE_34"
      ],
      "activatingOnlyWhenExecuted": true,
      "updating": null,
      "withPredicate": null
    },
    {
      "id": "IDLE_34",
      "execute": "IDLE",
      "after": "1000",
      "priority": 0,
      "additionalGuards": null,
      "activationKind": null,
      "fixedVariables": {
        "Crash": "FALSE",
        "VehiclesAy": "{(EgoVehicle↦0.0),(Vehicles2↦0.0),(Vehicles3↦0.0),(Vehicles4↦0.0),(Vehicles5↦0.0)}",
        "Reward": "0.7000000000000001",
        "VehiclesAx": "{(EgoVehicle↦0.0),(Vehicles2↦-0.01184777356684208),(Vehicles3↦0.028105005621910095),(Vehicles4↦-0.0019980967044830322),(Vehicles5↦0.022406764328479767)}",
        "VehiclesVx": "{(EgoVehicle↦20.0),(Vehicles2↦-0.09821495041251183),(Vehicles3↦-0.32174479216337204),(Vehicles4↦1.1827103048563004),(Vehicles5↦-0.4918757826089859)}",
        "VehiclesY": "{(EgoVehicle↦4.0000001192092896),(Vehicles2↦4.0000001192092896),(Vehicles3↦-4.0000001192092896),(Vehicles4↦-1.3322676295501878E-15),(Vehicles5↦4.0000001192092896)}",
        "VehiclesVy": "{(EgoVehicle↦0.0),(Vehicles2↦0.0),(Vehicles3↦0.0),(Vehicles4↦0.0),(Vehicles5↦0.0)}",
        "VehiclesX": "{(EgoVehicle↦200.0),(Vehicles2↦4.390275105834007),(Vehicles3↦16.67048931121826),(Vehicles4↦38.496583700180054),(Vehicles5↦83.21423530578613)}"
      },
      "probabilisticVariables": null,
      "activating": [
        "IDLE_35"
      ],
      "activatingOnlyWhenExecuted": true,
      "updating": null,
      "withPredicate": null
    },
    {
      "id": "IDLE_35",
      "execute": "IDLE",
      "after": "1000",
      "priority": 0,
      "additionalGuards": null,
      "activationKind": null,
      "fixedVariables": {
        "Crash": "FALSE",
        "VehiclesAy": "{(EgoVehicle↦0.0),(Vehicles2↦0.0),(Vehicles3↦0.0),(Vehicles4↦0.0),(Vehicles5↦0.0)}",
        "Reward": "0.7000000000000001",
        "VehiclesAx": "{(EgoVehicle↦0.0),(Vehicles2↦-0.010838648304343224),(Vehicles3↦0.027095582336187363),(Vehicles4↦-0.002147480845451355),(Vehicles5↦0.02223227173089981)}",
        "VehiclesVx": "{(EgoVehicle↦20.0),(Vehicles2↦-0.10905359871685505),(Vehicles3↦-0.2946492098271847),(Vehicles4↦1.180562824010849),(Vehicles5↦-0.4696435108780861)}",
        "VehiclesY": "{(EgoVehicle↦4.0000001192092896),(Vehicles2↦4.0000001192092896),(Vehicles3↦-4.0000001192092896),(Vehicles4↦-1.3322676295501878E-15),(Vehicles5↦4.0000001192092896)}",
        "VehiclesVy": "{(EgoVehicle↦0.0),(Vehicles2↦0.0),(Vehicles3↦0.0),(Vehicles4↦0.0),(Vehicles5↦0.0)}",
        "VehiclesX": "{(EgoVehicle↦200.0),(Vehicles2↦4.287643730640411),(Vehicles3↦16.359661519527435),(Vehicles4↦39.67844545841217),(Vehicles5↦82.7312707901001)}"
      },
      "probabilisticVariables": null,
      "activating": [
        "IDLE_36"
      ],
      "activatingOnlyWhenExecuted": true,
      "updating": null,
      "withPredicate": null
    },
    {
      "id": "IDLE_36",
      "execute": "IDLE",
      "after": "1000",
      "priority": 0,
      "additionalGuards": null,
      "activationKind": null,
      "fixedVariables": {
        "Crash": "FALSE",
        "VehiclesAy": "{(EgoVehicle↦0.0),(Vehicles2↦0.0),(Vehicles3↦0.0),(Vehicles4↦0.0),(Vehicles5↦0.0)}",
        "Reward": "0.7000000000000001",
        "VehiclesAx": "{(EgoVehicle↦0.0),(Vehicles2↦-0.009832382202148438),(Vehicles3↦0.026143621653318405),(Vehicles4↦-0.0022623687982559204),(Vehicles5↦0.022057145833969116)}",
        "VehiclesVx": "{(EgoVehicle↦20.0),(Vehicles2↦-0.11888598091900349),(Vehicles3↦-0.26850558817386627),(Vehicles4↦1.178300455212593),(Vehicles5↦-0.447586365044117)}",
        "VehiclesY": "{(EgoVehicle↦4.0000001192092896),(Vehicles2↦4.0000001192092896),(Vehicles3↦-4.0000001192092896),(Vehicles4↦-1.3322676295501878E-15),(Vehicles5↦4.0000001192092896)}",
        "VehiclesVy": "{(EgoVehicle↦0.0),(Vehicles2↦0.0),(Vehicles3↦0.0),(Vehicles4↦0.0),(Vehicles5↦0.0)}",
        "VehiclesX": "{(EgoVehicle↦200.0),(Vehicles2↦4.174577072262764),(Vehicles3↦16.07554405927658),(Vehicles4↦40.858110785484314),(Vehicles5↦82.27046132087708)}"
      },
      "probabilisticVariables": null,
      "activating": [
        "IDLE_37"
      ],
      "activatingOnlyWhenExecuted": true,
      "updating": null,
      "withPredicate": null
    },
    {
      "id": "IDLE_37",
      "execute": "IDLE",
      "after": "1000",
      "priority": 0,
      "additionalGuards": null,
      "activationKind": null,
      "fixedVariables": {
        "Crash": "FALSE",
        "VehiclesAy": "{(EgoVehicle↦0.0),(Vehicles2↦0.0),(Vehicles3↦0.0),(Vehicles4↦0.0),(Vehicles5↦0.0)}",
        "Reward": "0.7000000000000001",
        "VehiclesAx": "{(EgoVehicle↦0.0),(Vehicles2↦-0.008833855390548706),(Vehicles3↦0.025244802236557007),(Vehicles4↦-0.002345666289329529),(Vehicles5↦0.02187814563512802)}",
        "VehiclesVx": "{(EgoVehicle↦20.0),(Vehicles2↦-0.1277198363095522),(Vehicles3↦-0.24326078593730927),(Vehicles4↦1.1759547889232635),(Vehicles5↦-0.42570821940898895)}",
        "VehiclesY": "{(EgoVehicle↦4.0000001192092896),(Vehicles2↦4.0000001192092896),(Vehicles3↦-4.0000001192092896),(Vehicles4↦-1.3322676295501878E-15),(Vehicles5↦4.0000001192092896)}",
        "VehiclesVy": "{(EgoVehicle↦0.0),(Vehicles2↦0.0),(Vehicles3↦0.0),(Vehicles4↦0.0),(Vehicles5↦0.0)}",
        "VehiclesX": "{(EgoVehicle↦200.0),(Vehicles2↦4.052077978849411),(Vehicles3↦15.817205607891083),(Vehicles4↦42.035478353500366),(Vehicles5↦81.8316400051117)}"
      },
      "probabilisticVariables": null,
      "activating": [
        "IDLE_38"
      ],
      "activatingOnlyWhenExecuted": true,
      "updating": null,
      "withPredicate": null
    },
    {
      "id": "IDLE_38",
      "execute": "IDLE",
      "after": "1000",
      "priority": 0,
      "additionalGuards": null,
      "activationKind": null,
      "fixedVariables": {
        "Crash": "FALSE",
        "VehiclesAy": "{(EgoVehicle↦0.0),(Vehicles2↦0.0),(Vehicles3↦0.0),(Vehicles4↦0.0),(Vehicles5↦0.0)}",
        "Reward": "0.7000000000000001",
        "VehiclesAx": "{(EgoVehicle↦0.0),(Vehicles2↦-0.00784759409725666),(Vehicles3↦0.024395138025283813),(Vehicles4↦-0.0024000555276870728),(Vehicles5↦0.021693184971809387)}",
        "VehiclesVx": "{(EgoVehicle↦20.0),(Vehicles2↦-0.13556743040680885),(Vehicles3↦-0.21886564791202545),(Vehicles4↦1.1735547333955765),(Vehicles5↦-0.40401503443717957)}",
        "VehiclesY": "{(EgoVehicle↦4.0000001192092896),(Vehicles2↦4.0000001192092896),(Vehicles3↦-4.0000001192092896),(Vehicles4↦-1.3322676295501878E-15),(Vehicles5↦4.0000001192092896)}",
        "VehiclesVy": "{(EgoVehicle↦0.0),(Vehicles2↦0.0),(Vehicles3↦0.0),(Vehicles4↦0.0),(Vehicles5↦0.0)}",
        "VehiclesX": "{(EgoVehicle↦200.0),(Vehicles2↦3.921141102910042),(Vehicles3↦15.583769977092743),(Vehicles4↦43.2104766368866),(Vehicles5↦81.41462802886963)}"
      },
      "probabilisticVariables": null,
      "activating": [
        "IDLE_39"
      ],
      "activatingOnlyWhenExecuted": true,
      "updating": null,
      "withPredicate": null
    },
    {
      "id": "IDLE_39",
      "execute": "IDLE",
      "after": "1000",
      "priority": 0,
      "additionalGuards": null,
      "activationKind": null,
      "fixedVariables": {
        "Crash": "FALSE",
        "VehiclesAy": "{(EgoVehicle↦0.0),(Vehicles2↦0.0),(Vehicles3↦0.0),(Vehicles4↦0.0),(Vehicles5↦0.0)}",
        "Reward": "0.7000000000000001",
        "VehiclesAx": "{(EgoVehicle↦0.0),(Vehicles2↦-0.006877696141600609),(Vehicles3↦0.0235910527408123),(Vehicles4↦-0.0024283677339553833),(Vehicles5↦0.02150077372789383)}",
        "VehiclesVx": "{(EgoVehicle↦20.0),(Vehicles2↦-0.14244512654840946),(Vehicles3↦-0.19527459517121315),(Vehicles4↦1.171126365661621),(Vehicles5↦-0.38251426070928574)}",
        "VehiclesY": "{(EgoVehicle↦4.0000001192092896),(Vehicles2↦4.0000001192092896),(Vehicles3↦-4.0000001192092896),(Vehicles4↦-1.3322676295501878E-15),(Vehicles5↦4.0000001192092896)}",
        "VehiclesVy": "{(EgoVehicle↦0.0),(Vehicles2↦0.0),(Vehicles3↦0.0),(Vehicles4↦0.0),(Vehicles5↦0.0)}",
        "VehiclesX": "{(EgoVehicle↦200.0),(Vehicles2↦3.782745450735092),(Vehicles3↦15.374402701854706),(Vehicles4↦44.383060932159424),(Vehicles5↦81.01922869682312)}"
      },
      "probabilisticVariables": null,
      "activating": [
        "IDLE_40"
      ],
      "activatingOnlyWhenExecuted": true,
      "updating": null,
      "withPredicate": null
    },
    {
      "id": "IDLE_40",
      "execute": "IDLE",
      "after": "1000",
      "priority": 0,
      "additionalGuards": null,
      "activationKind": null,
      "fixedVariables": {
        "Crash": "FALSE",
        "VehiclesAy": "{(EgoVehicle↦0.0),(Vehicles2↦0.0),(Vehicles3↦0.0),(Vehicles4↦0.0),(Vehicles5↦0.0)}",
        "Reward": "0.7000000000000001",
        "VehiclesAx": "{(EgoVehicle↦0.0),(Vehicles2↦-0.005927858874201775),(Vehicles3↦0.022829286754131317),(Vehicles4↦-0.0024328380823135376),(Vehicles5↦0.02130012959241867)}",
        "VehiclesVx": "{(EgoVehicle↦20.0),(Vehicles2↦-0.14837298542261124),(Vehicles3↦-0.17244530841708183),(Vehicles4↦1.1686935275793076),(Vehicles5↦-0.36121413111686707)}",
        "VehiclesY": "{(EgoVehicle↦4.0000001192092896),(Vehicles2↦4.0000001192092896),(Vehicles3↦-4.0000001192092896),(Vehicles4↦-1.3322676295501878E-15),(Vehicles5↦4.0000001192092896)}",
        "VehiclesVy": "{(EgoVehicle↦0.0),(Vehicles2↦0.0),(Vehicles3↦0.0),(Vehicles4↦0.0),(Vehicles5↦0.0)}",
        "VehiclesX": "{(EgoVehicle↦200.0),(Vehicles2↦3.6378543823957443),(Vehicles3↦15.188319981098175),(Vehicles4↦45.553213357925415),(Vehicles5↦80.64525127410889)}"
      },
      "probabilisticVariables": null,
      "activating": [
        "FASTER_41"
      ],
      "activatingOnlyWhenExecuted": true,
      "updating": null,
      "withPredicate": null
    },
    {
      "id": "FASTER_41",
      "execute": "FASTER",
      "after": "1000",
      "priority": 0,
      "additionalGuards": null,
      "activationKind": null,
      "fixedVariables": {
        "Crash": "FALSE",
        "VehiclesAy": "{(EgoVehicle↦0.0),(Vehicles2↦1.7763568394002505E-14),(Vehicles3↦0.0),(Vehicles4↦0.0),(Vehicles5↦0.0)}",
        "Reward": "0.8157750342935528",
        "VehiclesAx": "{(EgoVehicle↦4.341564178466797),(Vehicles2↦-4.346565268933773),(Vehicles3↦-4.319456983357668),(Vehicles4↦-4.343979582190514),(Vehicles5↦-4.320472925901413)}",
        "VehiclesVx": "{(EgoVehicle↦24.341564178466797),(Vehicles2↦-4.494938254356384),(Vehicles3↦-4.49190229177475),(Vehicles4↦-3.175286054611206),(Vehicles5↦-4.68168705701828)}",
        "VehiclesY": "{(EgoVehicle↦4.0000001192092896),(Vehicles2↦4.0000001192092896),(Vehicles3↦-4.0000001192092896),(Vehicles4↦0.0),(Vehicles5↦4.0000001192092896)}",
        "VehiclesVy": "{(EgoVehicle↦0.0),(Vehicles2↦1.7763568394002505E-14),(Vehicles3↦0.0),(Vehicles4↦0.0),(Vehicles5↦0.0)}",
        "VehiclesX": "{(EgoVehicle↦200.0),(Vehicles2↦1.0923458263278008),(Vehicles3↦12.629711627960205),(Vehicles4↦44.32587921619415),(Vehicles5↦77.89742946624756)}"
      },
      "probabilisticVariables": null,
      "activating": [
        "IDLE_42"
      ],
      "activatingOnlyWhenExecuted": true,
      "updating": null,
      "withPredicate": null
    },
    {
      "id": "IDLE_42",
      "execute": "IDLE",
      "after": "1000",
      "priority": 0,
      "additionalGuards": null,
      "activationKind": null,
      "fixedVariables": {
        "Crash": "FALSE",
        "VehiclesAy": "{(EgoVehicle↦0.0),(Vehicles2↦0.0),(Vehicles3↦0.0),(Vehicles4↦0.0),(Vehicles5↦0.0)}",
        "Reward": "0.8310211293445556",
        "VehiclesAx": "{(EgoVehicle↦0.5717277526855469),(Vehicles2↦-0.5758297443389893),(Vehicles3↦-0.5503079295158386),(Vehicles4↦-0.5741080641746521),(Vehicles5↦-0.5508551001548767)}",
        "VehiclesVx": "{(EgoVehicle↦24.913291931152344),(Vehicles2↦-5.0707679986953735),(Vehicles3↦-5.042210221290588),(Vehicles4↦-3.749394118785858),(Vehicles5↦-5.232542157173157)}",
        "VehiclesY": "{(EgoVehicle↦4.0000001192092896),(Vehicles2↦4.0000001192092896),(Vehicles3↦-4.0000001192092896),(Vehicles4↦0.0),(Vehicles5↦4.0000001192092896)}",
        "VehiclesVy": "{(EgoVehicle↦0.0),(Vehicles2↦1.7763568394002505E-14),(Vehicles3↦0.0),(Vehicles4↦0.0),(Vehicles5↦0.0)}",
        "VehiclesX": "{(EgoVehicle↦200.0),(Vehicles2↦-3.719702735543251),(Vehicles3↦7.831031829118729),(Vehicles4↦40.83423614501953),(Vehicles5↦72.90870547294617)}"
      },
      "probabilisticVariables": null,
      "activating": [
        "IDLE_43"
      ],
      "activatingOnlyWhenExecuted": true,
      "updating": null,
      "withPredicate": null
    },
    {
      "id": "IDLE_43",
      "execute": "IDLE",
      "after": "1000",
      "priority": 0,
      "additionalGuards": null,
      "activationKind": null,
      "fixedVariables": {
        "Crash": "FALSE",
        "VehiclesAy": "{(EgoVehicle↦0.0),(Vehicles2↦-1.7763568394002505E-14),(Vehicles3↦1.7763568394002505E-14),(Vehicles4↦0.0),(Vehicles5↦0.0)}",
        "Reward": "0.8330288455652638",
        "VehiclesAx": "{(EgoVehicle↦0.07529020309448242),(Vehicles2↦-0.025961995124816895),(Vehicles3↦-0.10707616806030273),(Vehicles4↦-0.07761538028717041),(Vehicles5↦-0.0546419620513916)}",
        "VehiclesVx": "{(EgoVehicle↦24.988582134246826),(Vehicles2↦-5.09672999382019),(Vehicles3↦-5.149286389350891),(Vehicles4↦-3.8270094990730286),(Vehicles5↦-5.287184119224548)}",
        "VehiclesY": "{(EgoVehicle↦4.0000001192092896),(Vehicles2↦-4.0000001192092896),(Vehicles3↦4.0000001192092896),(Vehicles4↦0.0),(Vehicles5↦4.0000001192092896)}",
        "VehiclesVy": "{(EgoVehicle↦0.0),(Vehicles2↦0.0),(Vehicles3↦1.7763568394002505E-14),(Vehicles4↦0.0),(Vehicles5↦0.0)}",
        "VehiclesX": "{(EgoVehicle↦200.0),(Vehicles2↦2.7556462213397026),(Vehicles3↦-8.833364397287369),(Vehicles4↦37.04237341880798),(Vehicles5↦67.64290928840637)}"
      },
      "probabilisticVariables": null,
      "activating": [
        "IDLE_44"
      ],
      "activatingOnlyWhenExecuted": true,
      "updating": null,
      "withPredicate": null
    },
    {
      "id": "IDLE_44",
      "execute": "IDLE",
      "after": "1000",
      "priority": 0,
      "additionalGuards": null,
      "activationKind": null,
      "fixedVariables": {
        "Crash": "FALSE",
        "VehiclesAy": "{(EgoVehicle↦0.0),(Vehicles2↦0.0),(Vehicles3↦-1.7763568394002505E-14),(Vehicles4↦0.0),(Vehicles5↦0.0)}",
        "Reward": "0.8332932361786903",
        "VehiclesAx": "{(EgoVehicle↦0.009913444519042969),(Vehicles2↦0.01023411750793457),(Vehicles3↦1.310105323791504),(Vehicles4↦-1.4496758580207825),(Vehicles5↦0.6427702307701111)}",
        "VehiclesVx": "{(EgoVehicle↦24.99849557876587),(Vehicles2↦-5.086495876312256),(Vehicles3↦-3.839181065559387),(Vehicles4↦-5.276685357093811),(Vehicles5↦-4.644413888454437)}",
        "VehiclesY": "{(EgoVehicle↦4.0000001192092896),(Vehicles2↦-4.0000001192092896),(Vehicles3↦0.0),(Vehicles4↦4.0000001192092896),(Vehicles5↦-4.0000001192092896)}",
        "VehiclesVy": "{(EgoVehicle↦0.0),(Vehicles2↦0.0),(Vehicles3↦0.0),(Vehicles4↦0.0),(Vehicles5↦0.0)}",
        "VehiclesX": "{(EgoVehicle↦200.0),(Vehicles2↦-2.33844555914402),(Vehicles3↦33.20898711681366),(Vehicles4↦62.35843896865845),(Vehicles5↦70.86229920387268)}"
      },
      "probabilisticVariables": null,
      "activating": [
        "LANE_RIGHT_45"
      ],
      "activatingOnlyWhenExecuted": true,
      "updating": null,
      "withPredicate": null
    },
    {
      "id": "LANE_RIGHT_45",
      "execute": "LANE_RIGHT",
      "after": "1000",
      "priority": 0,
      "additionalGuards": null,
      "activationKind": null,
      "fixedVariables": {
        "Crash": "FALSE",
        "VehiclesAy": "{(EgoVehicle↦1.0796057432889938),(Vehicles2↦-1.0796057432889938),(Vehicles3↦-1.0796057432889938),(Vehicles4↦-1.0796057432889938),(Vehicles5↦-1.0796057432889938)}",
        "Reward": "0.8660394654960294",
        "VehiclesAx": "{(EgoVehicle↦-0.02201557159423828),(Vehicles2↦0.041574835777282715),(Vehicles3↦0.019841790199279785),(Vehicles4↦0.04218876361846924),(Vehicles5↦0.036439597606658936)}",
        "VehiclesVx": "{(EgoVehicle↦24.97648000717163),(Vehicles2↦-5.044921040534973),(Vehicles3↦-3.8193392753601074),(Vehicles4↦-5.234496593475342),(Vehicles5↦-4.607974290847778)}",
        "VehiclesY": "{(EgoVehicle↦7.659976243972778),(Vehicles2↦-7.659976243972778),(Vehicles3↦-3.6599761247634888),(Vehicles4↦0.34002386033535004),(Vehicles5↦-7.659976243972778)}",
        "VehiclesVy": "{(EgoVehicle↦1.0796057432889938),(Vehicles2↦-1.0796057432889938),(Vehicles3↦-1.0796057432889938),(Vehicles4↦-1.0796057432889938),(Vehicles5↦-1.0796057432889938)}",
        "VehiclesX": "{(EgoVehicle↦200.0),(Vehicles2↦-7.09802582859993),(Vehicles3↦29.687973856925964),(Vehicles4↦57.40888714790344),(Vehicles5↦66.54273271560669)}"
      },
      "probabilisticVariables": null,
      "activating": [
        "FASTER_46"
      ],
      "activatingOnlyWhenExecuted": true,
      "updating": null,
      "withPredicate": null
    },
    {
      "id": "FASTER_46",
      "execute": "FASTER",
      "after": "1000",
      "priority": 0,
      "additionalGuards": null,
      "activationKind": null,
      "fixedVariables": {
        "Crash": "FALSE",
        "VehiclesAy": "{(EgoVehicle↦-1.0524856648407876),(Vehicles2↦1.0524856648407876),(Vehicles3↦1.0524856648407876),(Vehicles4↦1.0524856648407876),(Vehicles5↦-1.1067258217372)}",
        "Reward": "0.9824406713900468",
        "VehiclesAx": "{(EgoVehicle↦4.36504602432251),(Vehicles2↦-3.1415432691574097),(Vehicles3↦-5.760276913642883),(Vehicles4↦-3.724508285522461),(Vehicles5↦-3.6591362953186035)}",
        "VehiclesVx": "{(EgoVehicle↦29.34152603149414),(Vehicles2↦-8.186464309692383),(Vehicles3↦-9.57961618900299),(Vehicles4↦-8.959004878997803),(Vehicles5↦-8.267110586166382)}",
        "VehiclesY": "{(EgoVehicle↦7.993496417999268),(Vehicles2↦-3.9934966564178467),(Vehicles3↦0.006503304932266474),(Vehicles4↦-7.993496417999268),(Vehicles5↦-3.9934966564178467)}",
        "VehiclesVy": "{(EgoVehicle↦0.027120078448206186),(Vehicles2↦-0.027120078448206186),(Vehicles3↦-0.027120078448206186),(Vehicles4↦-0.027120078448206186),(Vehicles5↦-0.027120078448206186)}",
        "VehiclesX": "{(EgoVehicle↦200.0),(Vehicles2↦23.453055322170258),(Vehicles3↦49.767643213272095),(Vehicles4↦59.52565670013428),(Vehicles5↦118.32336187362671)}"
      },
      "probabilisticVariables": null,
      "activating": [
        "IDLE_47"
      ],
      "activatingOnlyWhenExecuted": true,
      "updating": null,
      "withPredicate": null
    },
    {
      "id": "IDLE_47",
      "execute": "IDLE",
      "after": "1000",
      "priority": 0,
      "additionalGuards": null,
      "activationKind": null,
      "fixedVariables": {
        "Crash": "FALSE",
        "VehiclesAy": "{(EgoVehicle↦-0.027025835634049145),(Vehicles2↦0.027025835634049145),(Vehicles3↦0.027025835634049145),(Vehicles4↦0.027025835634049145),(Vehicles5↦-0.027214321262363228)}",
        "Reward": "0.997687704439065",
        "VehiclesAx": "{(EgoVehicle↦0.5717635154724121),(Vehicles2↦-0.5737382173538208),(Vehicles3↦-0.5520921945571899),(Vehicles4↦-0.5581396818161011),(Vehicles5↦-0.5726879835128784)}",
        "VehiclesVx": "{(EgoVehicle↦29.913289546966553),(Vehicles2↦-8.760202527046204),(Vehicles3↦-10.13170838356018),(Vehicles4↦-9.517144560813904),(Vehicles5↦-8.83979856967926)}",
        "VehiclesY": "{(EgoVehicle↦8.000001668930054),(Vehicles2↦-4.000001907348633),(Vehicles3↦-1.8038736584458093E-06),(Vehicles4↦-8.000001668930054),(Vehicles5↦-4.000001907348633)}",
        "VehiclesVy": "{(EgoVehicle↦9.424281415704172E-05),(Vehicles2↦-9.424281415704172E-05),(Vehicles3↦-9.424281415704172E-05),(Vehicles4↦-9.424281415704172E-05),(Vehicles5↦-9.424281415704172E-05)}",
        "VehiclesX": "{(EgoVehicle↦200.0),(Vehicles2↦14.9503692984581),(Vehicles3↦39.88049328327179),(Vehicles4↦50.25671124458313),(Vehicles5↦109.7403883934021)}"
      },
      "probabilisticVariables": null,
      "activating": [
        "IDLE_48"
      ],
      "activatingOnlyWhenExecuted": true,
      "updating": null,
      "withPredicate": null
    },
    {
      "id": "IDLE_48",
      "execute": "IDLE",
      "after": "1000",
      "priority": 0,
      "additionalGuards": null,
      "activationKind": null,
      "fixedVariables": {
        "Crash": "FALSE",
        "VehiclesAy": "{(EgoVehicle↦-0.00010025740152741491),(Vehicles2↦0.00010025740152741491),(Vehicles3↦0.00010025740152741491),(Vehicles4↦0.00010025740152741491),(Vehicles5↦-8.822822678666853E-05)}",
        "Reward": "0.9996955001735509",
        "VehiclesAx": "{(EgoVehicle↦0.07529258728027344),(Vehicles2↦-0.07715284824371338),(Vehicles3↦-0.0558781623840332),(Vehicles4↦-0.06203889846801758),(Vehicles5↦-0.07540702819824219)}",
        "VehiclesVx": "{(EgoVehicle↦29.988582134246826),(Vehicles2↦-8.837355375289917),(Vehicles3↦-10.187586545944214),(Vehicles4↦-9.579183459281921),(Vehicles5↦-8.915205597877502)}",
        "VehiclesY": "{(EgoVehicle↦8.000001668930054),(Vehicles2↦-4.000001907348633),(Vehicles3↦-1.8339928828936536E-06),(Vehicles4↦-8.000001668930054),(Vehicles5↦-4.000001907348633)}",
        "VehiclesVy": "{(EgoVehicle↦-6.014587370373192E-06),(Vehicles2↦6.014587370373192E-06),(Vehicles3↦6.014587370373192E-06),(Vehicles4↦6.014587370373192E-06),(Vehicles5↦6.014587370373192E-06)}",
        "VehiclesX": "{(EgoVehicle↦200.0),(Vehicles2↦6.147877499461174),(Vehicles3↦29.71503436565399),(Vehicles4↦40.70335924625397),(Vehicles5↦100.8589506149292)}"
      },
      "probabilisticVariables": null,
      "activating": [
        "SLOWER_49"
      ],
      "activatingOnlyWhenExecuted": true,
      "updating": null,
      "withPredicate": null
    },
    {
      "id": "SLOWER_49",
      "execute": "SLOWER",
      "after": "1000",
      "priority": 0,
      "additionalGuards": null,
      "activationKind": null,
      "fixedVariables": {
        "Crash": "FALSE",
        "VehiclesAy": "{(EgoVehicle↦5.845139803284383E-06),(Vehicles2↦-5.845139803284383E-06),(Vehicles3↦-5.845139803284383E-06),(Vehicles4↦-5.845139803284383E-06),(Vehicles5↦6.184034937462002E-06)}",
        "Reward": "0.8841848669638717",
        "VehiclesAx": "{(EgoVehicle↦-4.331650733947754),(Vehicles2↦4.3299102783203125),(Vehicles3↦4.350800514221191),(Vehicles4↦4.344546794891357),(Vehicles5↦4.332275390625)}",
        "VehiclesVx": "{(EgoVehicle↦25.656931400299072),(Vehicles2↦-4.5074450969696045),(Vehicles3↦-5.8367860317230225),(Vehicles4↦-5.234636664390564),(Vehicles5↦-4.582930207252502)}",
        "VehiclesY": "{(EgoVehicle↦8.000000238418579),(Vehicles2↦-4.0000001192092896),(Vehicles3↦-5.102252487176884E-08),(Vehicles4↦-8.000000238418579),(Vehicles5↦-4.0000001192092896)}",
        "VehiclesVy": "{(EgoVehicle↦-1.694475670888096E-07),(Vehicles2↦1.694475670888096E-07),(Vehicles3↦1.694475670888096E-07),(Vehicles4↦1.694475670888096E-07),(Vehicles5↦1.694475670888096E-07)}",
        "VehiclesX": "{(EgoVehicle↦200.0),(Vehicles2↦-0.3005914157256484),(Vehicles3↦21.92472219467163),(Vehicles4↦33.5189551115036),(Vehicles5↦94.33352947235107)}"
      },
      "probabilisticVariables": null,
      "activating": [
        "SLOWER_50"
      ],
      "activatingOnlyWhenExecuted": true,
      "updating": null,
      "withPredicate": null
    },
    {
      "id": "SLOWER_50",
      "execute": "SLOWER",
      "after": "1000",
      "priority": 0,
      "additionalGuards": null,
      "activationKind": null,
      "fixedVariables": {
        "Crash": "FALSE",
        "VehiclesAy": "{(EgoVehicle↦1.6265969904338817E-07),(Vehicles2↦-1.6265969904338817E-07),(Vehicles3↦-1.6265969904338817E-07),(Vehicles4↦-1.6265969904338817E-07),(Vehicles5↦1.76235435134231E-07)}",
        "Reward": "0.753198555869042",
        "VehiclesAx": "{(EgoVehicle↦-4.911985397338867),(Vehicles2↦4.910376593470573),(Vehicles3↦4.930872917175293),(Vehicles4↦4.924545586109161),(Vehicles5↦4.913289956748486)}",
        "VehiclesVx": "{(EgoVehicle↦20.744946002960205),(Vehicles2↦0.40293149650096893),(Vehicles3↦-0.9059131145477295),(Vehicles4↦-0.3100910782814026),(Vehicles5↦0.3303597494959831)}",
        "VehiclesY": "{(EgoVehicle↦8.000000238418579),(Vehicles2↦-4.0000001192092896),(Vehicles3↦-2.3481123712087992E-09),(Vehicles4↦-8.000000238418579),(Vehicles5↦-4.0000001192092896)}",
        "VehiclesVy": "{(EgoVehicle↦-6.787868045421419E-09),(Vehicles2↦6.787868045421419E-09),(Vehicles3↦6.787868045421419E-09),(Vehicles4↦6.787868045421419E-09),(Vehicles5↦6.787868045421419E-09)}",
        "VehiclesX": "{(EgoVehicle↦200.0),(Vehicles2↦-2.098950557410717),(Vehicles3↦18.805253505706787),(Vehicles4↦30.999109148979187),(Vehicles5↦92.46081113815308)}"
      },
      "probabilisticVariables": null,
      "activating": [
        "SLOWER_51"
      ],
      "activatingOnlyWhenExecuted": true,
      "updating": null,
      "withPredicate": null
    },
    {
      "id": "SLOWER_51",
      "execute": "SLOWER",
      "after": "1000",
      "priority": 0,
      "additionalGuards": null,
      "activationKind": null,
      "fixedVariables": {
        "Crash": "FALSE",
        "VehiclesAy": "{(EgoVehicle↦6.3720762000230025E-09),(Vehicles2↦-6.3720762000230025E-09),(Vehicles3↦-6.3720762000230025E-09),(Vehicles4↦-6.3720762000230025E-09),(Vehicles5↦7.203659890819836E-09)}",
        "Reward": "0.7359493297166365",
        "VehiclesAx": "{(EgoVehicle↦-0.6468462944030762),(Vehicles2↦0.6453701108694077),(Vehicles3↦0.6654633395373821),(Vehicles4↦0.6590805947780609),(Vehicles5↦0.6487657502293587)}",
        "VehiclesVx": "{(EgoVehicle↦20.09809970855713),(Vehicles2↦1.0483016073703766),(Vehicles3↦-0.24044977501034737),(Vehicles4↦0.3489895164966583),(Vehicles5↦0.9791254997253418)}",
        "VehiclesY": "{(EgoVehicle↦8.000000238418579),(Vehicles2↦-4.0000001192092896),(Vehicles3↦-1.4331336117834326E-10),(Vehicles4↦-8.000000238418579),(Vehicles5↦-4.0000001192092896)}",
        "VehiclesVy": "{(EgoVehicle↦-4.1579184539841663E-10),(Vehicles2↦4.1579184539841663E-10),(Vehicles3↦4.1579184539841663E-10),(Vehicles4↦4.1579184539841663E-10),(Vehicles5↦4.1579184539841663E-10)}",
        "VehiclesX": "{(EgoVehicle↦200.0),(Vehicles2↦-1.3397821225225925),(Vehicles3↦18.263646960258484),(Vehicles4↦31.050777435302734),(Vehicles5↦93.14873218536377)}"
      },
      "probabilisticVariables": null,
      "activating": [
        "SLOWER_52"
      ],
      "activatingOnlyWhenExecuted": true,
      "updating": null,
      "withPredicate": null
    },
    {
      "id": "SLOWER_52",
      "execute": "SLOWER",
      "after": "1000",
      "priority": 0,
      "additionalGuards": null,
      "activationKind": null,
      "fixedVariables": {
        "Crash": "FALSE",
        "VehiclesAy": "{(EgoVehicle↦3.8995473516934E-10),(Vehicles2↦-3.89963616953537E-10),(Vehicles3↦-3.89963616953537E-10),(Vehicles4↦-3.89963616953537E-10),(Vehicles5↦4.4162007384329627E-10)}",
        "Reward": "0.7336778266842211",
        "VehiclesAx": "{(EgoVehicle↦-0.08518218994140625),(Vehicles2↦0.0838441401720047),(Vehicles3↦0.10352815501391888),(Vehicles4↦0.09710535407066345),(Vehicles5↦0.08766062557697296)}",
        "VehiclesVx": "{(EgoVehicle↦20.012917518615723),(Vehicles2↦1.1321457475423813),(Vehicles3↦-0.1369216199964285),(Vehicles4↦0.4460948705673218),(Vehicles5↦1.0667861253023148)}",
        "VehiclesY": "{(EgoVehicle↦8.000000238418579),(Vehicles2↦-4.0000001192092896),(Vehicles3↦-8.894218694877054E-12),(Vehicles4↦-8.000000238418579),(Vehicles5↦-4.0000001192092896)}",
        "VehiclesVy": "{(EgoVehicle↦-2.5837110229076643E-11),(Vehicles2↦2.5828228444879642E-11),(Vehicles3↦2.5828228444879642E-11),(Vehicles4↦2.5828228444879642E-11),(Vehicles5↦2.5828228444879642E-11)}",
        "VehiclesX": "{(EgoVehicle↦200.0),(Vehicles2↦-0.24503557942807674),(Vehicles3↦18.07754933834076),(Vehicles4↦31.451550126075745),(Vehicles5↦94.17579770088196)}"
      },
      "probabilisticVariables": null,
      "activating": [
        "SLOWER_53"
      ],
      "activatingOnlyWhenExecuted": true,
      "updating": null,
      "withPredicate": null
    },
    {
      "id": "SLOWER_53",
      "execute": "SLOWER",
      "after": "1000",
      "priority": 0,
      "additionalGuards": null,
      "activationKind": null,
      "fixedVariables": {
        "Crash": "FALSE",
        "VehiclesAy": "{(EgoVehicle↦2.4229507289419416E-11),(Vehicles2↦-2.4229507289419416E-11),(Vehicles3↦-2.4229507289419416E-11),(Vehicles4↦-2.4229507289419416E-11),(Vehicles5↦2.7426949600339867E-11)}",
        "Reward": "0.7333786987128742",
        "VehiclesAx": "{(EgoVehicle↦-0.0112152099609375),(Vehicles2↦0.010022073984146118),(Vehicles3↦0.029292097315192223),(Vehicles4↦0.02284366637468338),(Vehicles5↦0.014203041791915894)}",
        "VehiclesVx": "{(EgoVehicle↦20.001702308654785),(Vehicles2↦1.1421678215265274),(Vehicles3↦-0.10762952268123627),(Vehicles4↦0.46893853694200516),(Vehicles5↦1.0809891670942307)}",
        "VehiclesY": "{(EgoVehicle↦8.000000238418579),(Vehicles2↦-4.0000001192092896),(Vehicles3↦-5.52891066263328E-13),(Vehicles4↦-8.000000238418579),(Vehicles5↦-4.0000001192092896)}",
        "VehiclesVy": "{(EgoVehicle↦-1.6076029396572267E-12),(Vehicles2↦1.5987211554602254E-12),(Vehicles3↦1.5987211554602254E-12),(Vehicles4↦1.5987211554602254E-12),(Vehicles5↦1.5987211554602254E-12)}",
        "VehiclesX": "{(EgoVehicle↦200.0),(Vehicles2↦0.89280866086483),(Vehicles3↦17.954066395759583),(Vehicles4↦31.908506155014038),(Vehicles5↦95.2499270439148)}"
      },
      "probabilisticVariables": null,
      "activating": [
        "SLOWER_54"
      ],
      "activatingOnlyWhenExecuted": true,
      "updating": null,
      "withPredicate": null
    },
    {
      "id": "SLOWER_54",
      "execute": "SLOWER",
      "after": "1000",
      "priority": 0,
      "additionalGuards": null,
      "activationKind": null,
      "fixedVariables": {
        "Crash": "FALSE",
        "VehiclesAy": "{(EgoVehicle↦1.5099033134902129E-12),(Vehicles2↦-1.4921397450962104E-12),(Vehicles3↦-1.4921397450962104E-12),(Vehicles4↦-1.4921397450962104E-12),(Vehicles5↦1.7053025658242404E-12)}",
        "Reward": "0.7333393073750836",
        "VehiclesAx": "{(EgoVehicle↦-0.0014781951904296875),(Vehicles2↦0.0004268437623977661),(Vehicles3↦0.019279196858406067),(Vehicles4↦0.012818053364753723),(Vehicles5↦0.004919767379760742)}",
        "VehiclesVx": "{(EgoVehicle↦20.000224113464355),(Vehicles2↦1.1425946652889252),(Vehicles3↦-0.0883503258228302),(Vehicles4↦0.4817565903067589),(Vehicles5↦1.0859089344739914)}",
        "VehiclesY": "{(EgoVehicle↦8.000000238418579),(Vehicles2↦-4.0000001192092896),(Vehicles3↦-3.3306690738754696E-14),(Vehicles4↦-8.000000238418579),(Vehicles5↦-4.0000001192092896)}",
        "VehiclesVy": "{(EgoVehicle↦-9.769962616701378E-14),(Vehicles2↦1.0658141036401503E-13),(Vehicles3↦1.0658141036401503E-13),(Vehicles4↦1.0658141036401503E-13),(Vehicles5↦1.0658141036401503E-13)}",
        "VehiclesX": "{(EgoVehicle↦200.0),(Vehicles2↦2.035359665751457),(Vehicles3↦17.854395508766174),(Vehicles4↦32.382819056510925),(Vehicles5↦96.33307456970215)}"
      },
      "probabilisticVariables": null,
      "activating": [
        "SLOWER_55"
      ],
      "activatingOnlyWhenExecuted": true,
      "updating": null,
      "withPredicate": null
    },
    {
      "id": "SLOWER_55",
      "execute": "SLOWER",
      "after": "1000",
      "priority": 0,
      "additionalGuards": null,
      "activationKind": null,
      "fixedVariables": {
        "Crash": "FALSE",
        "VehiclesAy": "{(EgoVehicle↦9.769962616701378E-14),(Vehicles2↦-1.0658141036401503E-13),(Vehicles3↦-1.0658141036401503E-13),(Vehicles4↦-1.0658141036401503E-13),(Vehicles5↦1.0658141036401503E-13)}",
        "Reward": "0.7333341200384198",
        "VehiclesAx": "{(EgoVehicle↦-0.00019550323486328125),(Vehicles2↦-0.00070914626121521),(Vehicles3↦0.01772352959960699),(Vehicles4↦0.011261366307735443),(Vehicles5↦0.004047825932502747)}",
        "VehiclesVx": "{(EgoVehicle↦20.000028610229492),(Vehicles2↦1.14188551902771),(Vehicles3↦-0.07062679622322321),(Vehicles4↦0.4930179566144943),(Vehicles5↦1.0899567604064941)}",
        "VehiclesY": "{(EgoVehicle↦8.000000238418579),(Vehicles2↦-4.0000001192092896),(Vehicles3↦-1.3322676295501878E-15),(Vehicles4↦-8.000000238418579),(Vehicles5↦-4.0000001192092896)}",
        "VehiclesVy": "{(EgoVehicle↦0.0),(Vehicles2↦0.0),(Vehicles3↦0.0),(Vehicles4↦0.0),(Vehicles5↦0.0)}",
        "VehiclesX": "{(EgoVehicle↦200.0),(Vehicles2↦3.1776882708072662),(Vehicles3↦17.773185670375824),(Vehicles4↦32.8691303730011),(Vehicles5↦97.42059707641602)}"
      },
      "probabilisticVariables": null,
      "activating": [
        "SLOWER_56"
      ],
      "activatingOnlyWhenExecuted": true,
      "updating": null,
      "withPredicate": null
    },
    {
      "id": "SLOWER_56",
      "execute": "SLOWER",
      "after": "1000",
      "priority": 0,
      "additionalGuards": null,
      "activationKind": null,
      "fixedVariables": {
        "Crash": "FALSE",
        "VehiclesAy": "{(EgoVehicle↦0.0),(Vehicles2↦0.0),(Vehicles3↦0.0),(Vehicles4↦0.0),(Vehicles5↦0.0)}",
        "Reward": "0.733333436932357",
        "VehiclesAx": "{(EgoVehicle↦-2.384185791015625E-05),(Vehicles2↦-0.0007301568984985352),(Vehicles3↦0.01728191040456295),(Vehicles4↦0.010829269886016846),(Vehicles5↦-0.6585371866822243)}",
        "VehiclesVx": "{(EgoVehicle↦20.000004768371582),(Vehicles2↦1.1411553621292114),(Vehicles3↦-0.05334488581866026),(Vehicles4↦0.5038472265005112),(Vehicles5↦0.43141957372426987)}",
        "VehiclesY": "{(EgoVehicle↦8.000000238418579),(Vehicles2↦-4.0000001192092896),(Vehicles3↦0.0),(Vehicles4↦-8.000000238418579),(Vehicles5↦0.0)}",
        "VehiclesVy": "{(EgoVehicle↦0.0),(Vehicles2↦0.0),(Vehicles3↦0.0),(Vehicles4↦0.0),(Vehicles5↦0.0)}",
        "VehiclesX": "{(EgoVehicle↦200.0),(Vehicles2↦4.319273680448532),(Vehicles3↦17.7094966173172),(Vehicles4↦33.366504311561584),(Vehicles5↦98.27189445495605)}"
      },
      "probabilisticVariables": null,
      "activating": [
        "SLOWER_57"
      ],
      "activatingOnlyWhenExecuted": true,
      "updating": null,
      "withPredicate": null
    },
    {
      "id": "SLOWER_57",
      "execute": "SLOWER",
      "after": "1000",
      "priority": 0,
      "additionalGuards": null,
      "activationKind": null,
      "fixedVariables": {
        "Crash": "FALSE",
        "VehiclesAy": "{(EgoVehicle↦0.0),(Vehicles2↦0.0),(Vehicles3↦0.0),(Vehicles4↦0.0),(Vehicles5↦0.0)}",
        "Reward": "0.733333346976003",
        "VehiclesAx": "{(EgoVehicle↦-4.76837158203125E-06),(Vehicles2↦-0.0006039440631866455),(Vehicles3↦0.016987728886306286),(Vehicles4↦0.01055397093296051),(Vehicles5↦0.018439292907714844)}",
        "VehiclesVx": "{(EgoVehicle↦20.0),(Vehicles2↦1.1405514180660248),(Vehicles3↦-0.03635715693235397),(Vehicles4↦0.5144011974334717),(Vehicles5↦0.4498588666319847)}",
        "VehiclesY": "{(EgoVehicle↦8.000000238418579),(Vehicles2↦-4.0000001192092896),(Vehicles3↦0.0),(Vehicles4↦-8.000000238418579),(Vehicles5↦0.0)}",
        "VehiclesVy": "{(EgoVehicle↦0.0),(Vehicles2↦0.0),(Vehicles3↦0.0),(Vehicles4↦0.0),(Vehicles5↦0.0)}",
        "VehiclesX": "{(EgoVehicle↦200.0),(Vehicles2↦5.46017624437809),(Vehicles3↦17.66296923160553),(Vehicles4↦33.874595165252686),(Vehicles5↦98.71072173118591)}"
      },
      "probabilisticVariables": null,
      "activating": [
        "SLOWER_58"
      ],
      "activatingOnlyWhenExecuted": true,
      "updating": null,
      "withPredicate": null
    },
    {
      "id": "SLOWER_58",
      "execute": "SLOWER",
      "after": "1000",
      "priority": 0,
      "additionalGuards": null,
      "activationKind": null,
      "fixedVariables": {
        "Crash": "FALSE",
        "VehiclesAy": "{(EgoVehicle↦0.0),(Vehicles2↦0.0),(Vehicles3↦0.0),(Vehicles4↦0.0),(Vehicles5↦0.0)}",
        "Reward": "0.7333333351298988",
        "VehiclesAx": "{(EgoVehicle↦0.0),(Vehicles2↦-0.00045843422412872314),(Vehicles3↦0.016714073717594147),(Vehicles4↦0.010307617485523224),(Vehicles5↦0.01804891973733902)}",
        "VehiclesVx": "{(EgoVehicle↦20.0),(Vehicles2↦1.140092983841896),(Vehicles3↦-0.019643083214759827),(Vehicles4↦0.5247088149189949),(Vehicles5↦0.46790778636932373)}",
        "VehiclesY": "{(EgoVehicle↦8.000000238418579),(Vehicles2↦-4.0000001192092896),(Vehicles3↦0.0),(Vehicles4↦-8.000000238418579),(Vehicles5↦0.0)}",
        "VehiclesVy": "{(EgoVehicle↦0.0),(Vehicles2↦0.0),(Vehicles3↦0.0),(Vehicles4↦0.0),(Vehicles5↦0.0)}",
        "VehiclesX": "{(EgoVehicle↦200.0),(Vehicles2↦6.600532680749893),(Vehicles3↦17.63331890106201),(Vehicles4↦34.39313769340515),(Vehicles5↦99.16782975196838)}"
      },
      "probabilisticVariables": null,
      "activating": [
        "SLOWER_59"
      ],
      "activatingOnlyWhenExecuted": true,
      "updating": null,
      "withPredicate": null
    },
    {
      "id": "SLOWER_59",
      "execute": "SLOWER",
      "after": "1000",
      "priority": 0,
      "additionalGuards": null,
      "activationKind": null,
      "fixedVariables": {
        "Crash": "FALSE",
        "VehiclesAy": "{(EgoVehicle↦0.0),(Vehicles2↦0.0),(Vehicles3↦0.0),(Vehicles4↦0.0),(Vehicles5↦0.0)}",
        "Reward": "0.733333333569918",
        "VehiclesAx": "{(EgoVehicle↦0.0),(Vehicles2↦-0.0003109872341156006),(Vehicles3↦0.016444562352262437),(Vehicles4↦0.010072924196720123),(Vehicles5↦0.017667599022388458)}",
        "VehiclesVx": "{(EgoVehicle↦20.0),(Vehicles2↦1.1397819966077805),(Vehicles3↦-0.0031985208624973893),(Vehicles4↦0.534781739115715),(Vehicles5↦0.4855753853917122)}",
        "VehiclesY": "{(EgoVehicle↦8.000000238418579),(Vehicles2↦-4.0000001192092896),(Vehicles3↦0.0),(Vehicles4↦-8.000000238418579),(Vehicles5↦0.0)}",
        "VehiclesVy": "{(EgoVehicle↦0.0),(Vehicles2↦0.0),(Vehicles3↦0.0),(Vehicles4↦0.0),(Vehicles5↦0.0)}",
        "VehiclesX": "{(EgoVehicle↦200.0),(Vehicles2↦7.7404893934726715),(Vehicles3↦17.620275914669037),(Vehicles4↦34.92189347743988),(Vehicles5↦99.6428370475769)}"
      },
      "probabilisticVariables": null,
      "activating": [
        "SLOWER_60"
      ],
      "activatingOnlyWhenExecuted": true,
      "updating": null,
      "withPredicate": null
    },
    {
      "id": "SLOWER_60",
      "execute": "SLOWER",
      "after": "1000",
      "priority": 0,
      "additionalGuards": null,
      "activationKind": null,
      "fixedVariables": {
        "Crash": "FALSE",
        "VehiclesAy": "{(EgoVehicle↦0.0),(Vehicles2↦0.0),(Vehicles3↦0.0),(Vehicles4↦0.0),(Vehicles5↦0.0)}",
        "Reward": "0.7333333333644886",
        "VehiclesAx": "{(EgoVehicle↦0.0),(Vehicles2↦-0.0001642853021621704),(Vehicles3↦0.0161773368017748),(Vehicles4↦0.009847208857536316),(Vehicles5↦0.017293542623519897)}",
        "VehiclesVx": "{(EgoVehicle↦20.0),(Vehicles2↦1.1396177113056183),(Vehicles3↦0.01297881593927741),(Vehicles4↦0.5446289479732513),(Vehicles5↦0.5028689280152321)}",
        "VehiclesY": "{(EgoVehicle↦8.000000238418579),(Vehicles2↦-4.0000001192092896),(Vehicles3↦0.0),(Vehicles4↦-8.000000238418579),(Vehicles5↦0.0)}",
        "VehiclesVy": "{(EgoVehicle↦0.0),(Vehicles2↦0.0),(Vehicles3↦0.0),(Vehicles4↦0.0),(Vehicles5↦0.0)}",
        "VehiclesX": "{(EgoVehicle↦200.0),(Vehicles2↦8.880193531513214),(Vehicles3↦17.623569071292877),(Vehicles4↦35.46063303947449),(Vehicles5↦100.13536214828491)}"
      },
      "probabilisticVariables": null,
      "activating": [
        "IDLE_61"
      ],
      "activatingOnlyWhenExecuted": true,
      "updating": null,
      "withPredicate": null
    },
    {
      "id": "IDLE_61",
      "execute": "IDLE",
      "after": "1000",
      "priority": 0,
      "additionalGuards": null,
      "activationKind": null,
      "fixedVariables": {
        "Crash": "FALSE",
        "VehiclesAy": "{(EgoVehicle↦0.0),(Vehicles2↦0.0),(Vehicles3↦0.0),(Vehicles4↦0.0),(Vehicles5↦0.0)}",
        "Reward": "0.733333333337436",
        "VehiclesAx": "{(EgoVehicle↦0.0),(Vehicles2↦-1.8924474716186523E-05),(Vehicles3↦0.015912421513348818),(Vehicles4↦0.009629614651203156),(Vehicles5↦0.016926787793636322)}",
        "VehiclesVx": "{(EgoVehicle↦20.0),(Vehicles2↦1.139598786830902),(Vehicles3↦0.02889123745262623),(Vehicles4↦0.5542585626244545),(Vehicles5↦0.5197957158088684)}",
        "VehiclesY": "{(EgoVehicle↦8.000000238418579),(Vehicles2↦-4.0000001192092896),(Vehicles3↦0.0),(Vehicles4↦-8.000000238418579),(Vehicles5↦0.0)}",
        "VehiclesVy": "{(EgoVehicle↦0.0),(Vehicles2↦0.0),(Vehicles3↦0.0),(Vehicles4↦0.0),(Vehicles5↦0.0)}",
        "VehiclesX": "{(EgoVehicle↦200.0),(Vehicles2↦10.01979261636734),(Vehicles3↦17.6429346203804),(Vehicles4↦36.009129881858826),(Vehicles5↦100.64502954483032)}"
      },
      "probabilisticVariables": null,
      "activating": null,
      "activatingOnlyWhenExecuted": true,
      "updating": null,
      "withPredicate": null
    }
  ],
  "listeners": [],
  "metadata": {
    "fileType": "Timed_Trace",
    "formatVersion": 3,
    "savedAt": "2023-08-21T06:52:20.877566Z",
    "creator": "Simulation: HYPOTHESIS_TEST; SIGNIFICANCE : 0.05, PROBABILITY : 0.95, MAX_STEPS_BEFORE_PROPERTY : 0, EXECUTIONS : 1000, PREDICATE : Crash = FALSE, ENDING_TIME : 60000, HYPOTHESIS_CHECKING_TYPE : LEFT_TAILED, CHECKING_TYPE : PREDICATE_INVARIANT",
    "proB2KernelVersion": "4.12.2",
    "proBCliVersion": "1.12.2-final",
    "modelName": "HighwayEnvironment2"
  }
}