Status,Trace,Trace Length,Estimated Value
SUCCESS,Trace 1,62,20.7501359551982
SUCCESS,Trace 1,62,21.076558340267944
SUCCESS,Trace 1,62,20.996037565693165
SUCCESS,Trace 1,62,20.422267053948072
SUCCESS,Trace 1,62,20.91407039017218
SUCCESS,Trace 1,62,21.732295985325354
SUCCESS,Trace 1,62,21.32390605412504
SUCCESS,Trace 1,62,20.668168771462362
SUCCESS,Trace 1,62,21.323906554550422
SUCCESS,Trace 1,62,21.559010813263942
SUCCESS,Trace 1,62,21.32390608438173
SUCCESS,Trace 1,62,20.668168705334594
SUCCESS,Trace 1,62,22.799313103646057
SUCCESS,Trace 1,62,20.586176915646238
SUCCESS,Trace 1,62,20.99585031586132
SUCCESS,Trace 1,62,22.306066487625
SUCCESS,Trace 1,62,20.504234318370155
SUCCESS,Trace 1,62,22.71571198176576
SUCCESS,Trace 1,62,20.83191234557355
SUCCESS,Trace 1,62,20.49180696882869
SUCCESS,Trace 1,62,20.74994879994261
SUCCESS,Trace 1,21,20.837914717181093
SUCCESS,Trace 1,44,20.255774603068634
SUCCESS,Trace 1,62,21.651588051425033
SUCCESS,Trace 1,27,21.192271067545963
SUCCESS,Trace 1,62,21.896255580851957
SUCCESS,Trace 1,62,21.147568857946034
SUCCESS,Trace 1,62,21.88669243796927
SUCCESS,Trace 1,62,21.73374246378414
SUCCESS,Trace 1,6,20.80604689880078
SUCCESS,Trace 1,40,21.179443451844907
SUCCESS,Trace 1,62,21.89767374865474
SUCCESS,Trace 1,62,21.651775327692853
SUCCESS,Trace 1,62,21.897673736349912
SUCCESS,Trace 1,62,21.159968845179822
SUCCESS,Trace 1,35,20.176420527345993
SUCCESS,Trace 1,62,20.668168720274465
SUCCESS,Trace 1,62,20.09439824656983
SUCCESS,Trace 1,62,20.996037595243678
SUCCESS,Trace 1,27,21.769165020859855
SUCCESS,Trace 1,26,23.039931869506837
SUCCESS,Trace 1,62,20.25833271316352
SUCCESS,Trace 1,62,20.176365472474952
SUCCESS,Trace 1,62,20.914070296936345
SUCCESS,Trace 1,10,25.195435418023003
SUCCESS,Trace 1,62,21.241939353984062
SUCCESS,Trace 1,62,21.078004785841195
SUCCESS,Trace 1,62,21.897676974054633
SUCCESS,Trace 1,27,22.34608828118184
SUCCESS,Trace 1,62,21.40587362354744
SUCCESS,Trace 1,22,20.559918779719492
SUCCESS,Trace 1,21,21.1779146194458
SUCCESS,Trace 1,7,24.29060680351451
SUCCESS,Trace 1,62,20.176365480670952
SUCCESS,Trace 1,62,20.99458785255298
SUCCESS,Trace 1,62,21.231145179178007
SUCCESS,Trace 1,62,20.58619822401862
SUCCESS,Trace 1,30,20.639941149144814
SUCCESS,Trace 1,62,22.706530448111156
SUCCESS,Trace 1,62,21.06720748494883
SUCCESS,Trace 1,62,20.176365499246323
SUCCESS,Trace 1,62,20.586201546244695
SUCCESS,Trace 1,62,20.750136008022
SUCCESS,Trace 1,62,22.132784460411695
SUCCESS,Trace 1,62,20.750135931579518
SUCCESS,Trace 1,62,21.463010782293292
SUCCESS,Trace 1,62,20.504234307382493
SUCCESS,Trace 1,62,20.504046659000583
SUCCESS,Trace 1,62,20.9140703956652
SUCCESS,Trace 1,13,22.146524515793256
SUCCESS,Trace 1,62,21.5575674010456
SUCCESS,Trace 1,11,22.895186067767188
SUCCESS,Trace 1,62,20.914070356081762
SUCCESS,Trace 1,62,20.176365486950214
SUCCESS,Trace 1,62,20.50423433412851
SUCCESS,Trace 1,62,21.24193924762579
SUCCESS,Trace 1,62,21.15997209520097
SUCCESS,Trace 1,36,21.387379758617715
SUCCESS,Trace 1,62,21.159972085163407
SUCCESS,Trace 1,62,20.750135960154473
SUCCESS,Trace 1,62,20.586201558347607
SUCCESS,Trace 1,62,21.313087220164405
SUCCESS,Trace 1,62,20.750135926348904
SUCCESS,Trace 1,62,20.91404577514557
SUCCESS,Trace 1,62,21.159971654207265
SUCCESS,Trace 1,62,20.504234330834958
SUCCESS,Trace 1,62,21.71073308684305
SUCCESS,Trace 1,62,21.06721085513301
SUCCESS,Trace 1,62,20.493439959492427
SUCCESS,Trace 1,36,21.14275125700836
SUCCESS,Trace 1,62,20.58620154623768
SUCCESS,Trace 1,62,20.666719015021812
SUCCESS,Trace 1,62,20.422267053948072
SUCCESS,Trace 1,37,21.498619306085445
SUCCESS,Trace 1,60,21.588527792591158
SUCCESS,Trace 1,62,20.50423438431787
SUCCESS,Trace 1,20,21.103947245351463
SUCCESS,Trace 1,10,20.438924233118694
SUCCESS,Trace 1,62,21.569807979318917
SUCCESS,Trace 1,62,20.34029950785433
SUCCESS,Trace 1,62,20.914070409474796
SUCCESS,Trace 1,62,21.487840877967503
SUCCESS,Trace 1,62,20.422267098378693
SUCCESS,Trace 1,62,21.323906502569905
SUCCESS,Trace 1,19,20.475460755853693
SUCCESS,Trace 1,62,21.569804817442144
SUCCESS,Trace 1,62,21.4058704049601
SUCCESS,Trace 1,6,21.91146701539271
SUCCESS,Trace 1,62,20.58620165337856
SUCCESS,Trace 1,62,20.340299879918334
SUCCESS,Trace 1,62,20.422267171203114
SUCCESS,Trace 1,62,20.995825653793172
SUCCESS,Trace 1,62,21.159947344061788
SUCCESS,Trace 1,62,21.31311235853505
SUCCESS,Trace 1,62,20.42226721076485
SUCCESS,Trace 1,62,20.176365485054557
SUCCESS,Trace 1,62,21.241939330875322
SUCCESS,Trace 1,62,20.504234345232852
SUCCESS,Trace 1,62,20.995850464580403
SUCCESS,Trace 1,62,20.504234330093286
SUCCESS,Trace 1,62,21.56956473334891
SUCCESS,Trace 1,62,20.832103222519226
SUCCESS,Trace 1,62,21.07800480382208
SUCCESS,Trace 1,62,21.076583276029492
SUCCESS,Trace 1,45,20.317052101547066
SUCCESS,Trace 1,62,20.50423441900976
SUCCESS,Trace 1,27,21.259645630949418
SUCCESS,Trace 1,9,27.003125053239607
SUCCESS,Trace 1,62,21.56962088640261
SUCCESS,Trace 1,62,20.996037610195216
SUCCESS,Trace 1,62,20.996037588227992
SUCCESS,Trace 1,22,20.988490196937658
SUCCESS,Trace 1,62,21.733742450056
SUCCESS,Trace 1,62,21.3131125114
SUCCESS,Trace 1,62,21.733739283985503
SUCCESS,Trace 1,62,23.127184686521307
SUCCESS,Trace 1,62,20.422267053948072
SUCCESS,Trace 1,62,20.914070345216206
SUCCESS,Trace 1,62,20.504234357208915
SUCCESS,Trace 1,26,21.1423317520733
SUCCESS,Trace 1,62,21.06702020187761
SUCCESS,Trace 1,62,20.340299919003346
SUCCESS,Trace 1,62,21.078004758866108
SUCCESS,Trace 1,62,22.143578670058606
SUCCESS,Trace 1,62,20.832103109723693
SUCCESS,Trace 1,62,21.067210708775434
SUCCESS,Trace 1,62,20.668168326387658
SUCCESS,Trace 1,62,21.323906543464293
SUCCESS,Trace 1,62,21.14917788789509
SUCCESS,Trace 1,62,21.078004430546645
SUCCESS,Trace 1,43,21.037102369354617
SUCCESS,Trace 1,62,20.750135906407092
SUCCESS,Trace 1,62,20.340299931582955
SUCCESS,Trace 1,16,22.66690572179191
SUCCESS,Trace 1,8,25.251862274119468
SUCCESS,Trace 1,62,20.666747307411875
SUCCESS,Trace 1,62,21.40587368458667
SUCCESS,Trace 1,62,21.814287787841316
SUCCESS,Trace 1,62,21.078004837036133
SUCCESS,Trace 1,62,20.914070356790706
SUCCESS,Trace 1,62,20.749945484223915
SUCCESS,Trace 1,62,21.323906460740545
SUCCESS,Trace 1,62,20.176365443332365
SUCCESS,Trace 1,62,20.914045890245838
SUCCESS,Trace 1,38,20.297251166524113
SUCCESS,Trace 1,15,22.69649252673602
SUCCESS,Trace 1,60,21.11861555272197
SUCCESS,Trace 1,62,20.42226709303309
SUCCESS,Trace 1,62,20.2583326047825
SUCCESS,Trace 1,62,21.078004719781095
SUCCESS,Trace 1,5,24.999999943213894
SUCCESS,Trace 1,62,20.90327638255026
SUCCESS,Trace 1,62,21.487840941694916
SUCCESS,Trace 1,62,21.405848485125308
SUCCESS,Trace 1,62,20.668168757205226
SUCCESS,Trace 1,57,20.50996953436834
SUCCESS,Trace 1,11,24.355878591537476
SUCCESS,Trace 1,62,21.078004861863196
SUCCESS,Trace 1,62,20.996037566444603
SUCCESS,Trace 1,50,22.420124487501834
FAIL,Trace 1,53,19.979813348345786
SUCCESS,Trace 1,62,20.750135945492104
SUCCESS,Trace 1,62,21.733552012022276
SUCCESS,Trace 1,11,22.500356607606182
SUCCESS,Trace 1,15,21.839878150369515
SUCCESS,Trace 1,62,20.83209994153288
SUCCESS,Trace 1,62,20.411473063171886
SUCCESS,Trace 1,62,21.979644258108628
SUCCESS,Trace 1,62,20.586201491039102
SUCCESS,Trace 1,62,21.067210847005065
SUCCESS,Trace 1,62,21.078001161218133
SUCCESS,Trace 1,62,20.42226709303309
SUCCESS,Trace 1,62,21.97819742524599
SUCCESS,Trace 1,62,20.42226715910023
SUCCESS,Trace 1,62,21.40568606181389
SUCCESS,Trace 1,62,20.996037530111504
SUCCESS,Trace 1,62,21.159947384434165
SUCCESS,Trace 1,62,23.12718514587896
SUCCESS,Trace 1,62,22.389479699682017
SUCCESS,Trace 1,62,20.996037636570968
SUCCESS,Trace 1,62,21.815709815830008
SUCCESS,Trace 1,62,21.475625363496224
SUCCESS,Trace 1,62,21.159972037176498
SUCCESS,Trace 1,62,21.07800440710099
SUCCESS,Trace 1,62,20.504234368767836
SUCCESS,Trace 1,62,20.176362248717762
SUCCESS,Trace 1,62,21.40584868282311
SUCCESS,Trace 1,18,20.232370216736555
SUCCESS,Trace 1,62,20.749948810304037
SUCCESS,Trace 1,62,21.487840851422007
SUCCESS,Trace 1,45,20.47723398967223
SUCCESS,Trace 1,62,21.159947352234052
SUCCESS,Trace 1,62,21.73374246378414
SUCCESS,Trace 1,62,22.553414735204942
SUCCESS,Trace 1,62,21.2419391460106
SUCCESS,Trace 1,27,21.48301135064308
SUCCESS,Trace 1,62,21.240493172711645
SUCCESS,Trace 1,61,20.725971539815266
SUCCESS,Trace 1,33,20.336196697529004
SUCCESS,Trace 1,30,20.136217120626434
SUCCESS,Trace 1,62,22.143578638428878
SUCCESS,Trace 1,15,22.574475014459292
SUCCESS,Trace 1,62,20.176365536225433
SUCCESS,Trace 1,62,21.07800470767821
SUCCESS,Trace 1,31,21.298343130954336
SUCCESS,Trace 1,62,20.258332685589707
SUCCESS,Trace 1,46,21.244406599036356
SUCCESS,Trace 1,62,20.258332698169312
SUCCESS,Trace 1,62,20.176365466268432
SUCCESS,Trace 1,62,20.50420962237491
SUCCESS,Trace 1,60,20.199293100227745
FAIL,Trace 1,15,19.9250323912531
SUCCESS,Trace 1,62,20.83210331494691
SUCCESS,Trace 1,62,20.830678314459128
SUCCESS,Trace 1,62,20.668168784610966
SUCCESS,Trace 1,62,20.83210323191781
SUCCESS,Trace 1,62,21.231120244171734
SUCCESS,Trace 1,12,22.889631207723475
SUCCESS,Trace 1,62,20.586201519262595
SUCCESS,Trace 1,62,21.40587372858016
SUCCESS,Trace 1,62,20.750135984577117
SUCCESS,Trace 1,62,21.569620937597556
SUCCESS,Trace 1,62,21.323906569642155
SUCCESS,Trace 1,62,21.558989068652178
SUCCESS,Trace 1,62,20.504234244126764
SUCCESS,Trace 1,30,20.1779330944184
SUCCESS,Trace 1,62,20.422267221719206
SUCCESS,Trace 1,62,21.73373875427564
SUCCESS,Trace 1,62,20.258332685589707
SUCCESS,Trace 1,62,20.914070373589436
SUCCESS,Trace 1,62,20.83210326160424
SUCCESS,Trace 1,62,21.07800473094906
SUCCESS,Trace 1,62,20.422263888062023
SUCCESS,Trace 1,62,20.914070333906434
SUCCESS,Trace 1,62,21.405873752525615
SUCCESS,Trace 1,62,21.89767691810623
SUCCESS,Trace 1,35,20.17642038019241
SUCCESS,Trace 1,62,21.078004862394984
SUCCESS,Trace 1,62,21.241939408841862
SUCCESS,Trace 1,62,21.640978009459328
SUCCESS,Trace 1,62,20.912645668774374
SUCCESS,Trace 1,62,21.4058736504239
SUCCESS,Trace 1,62,20.91262101825545
SUCCESS,Trace 1,62,20.09439825595149
SUCCESS,Trace 1,62,20.340299881813987
SUCCESS,Trace 1,5,22.187037379294313
SUCCESS,Trace 1,62,20.42207624139149
SUCCESS,Trace 1,28,21.324381179174885
SUCCESS,Trace 1,5,22.187037313857843
SUCCESS,Trace 1,62,20.340299879918334
SUCCESS,Trace 1,62,21.241939183314564
SUCCESS,Trace 1,62,22.06158634091987
SUCCESS,Trace 1,62,20.340299903363988
SUCCESS,Trace 1,36,23.029762372316164
SUCCESS,Trace 1,62,21.97822277663184
SUCCESS,Trace 1,62,21.569620929701827
SUCCESS,Trace 1,62,20.748714189060397
SUCCESS,Trace 1,62,20.985218894878166
SUCCESS,Trace 1,62,21.323906516759024
SUCCESS,Trace 1,62,21.651775242735283
SUCCESS,Trace 1,62,21.569808170192633
SUCCESS,Trace 1,62,20.09439824057407
SUCCESS,Trace 1,62,20.994616166443617
SUCCESS,Trace 1,62,20.83210326022205
SUCCESS,Trace 1,62,22.225545732116977
SUCCESS,Trace 1,62,20.995850434819562
SUCCESS,Trace 1,62,20.83210315274567
SUCCESS,Trace 1,43,21.571387904834005
SUCCESS,Trace 1,62,20.832103164097653
SUCCESS,Trace 1,62,20.99603751518372
SUCCESS,Trace 1,62,20.493440296228453
SUCCESS,Trace 1,26,21.63033177283712
SUCCESS,Trace 1,62,20.340299528153217
SUCCESS,Trace 1,62,21.96882551415092
SUCCESS,Trace 1,62,22.29671575013299
SUCCESS,Trace 1,62,20.50423432268556
SUCCESS,Trace 1,62,20.4114731022569
SUCCESS,Trace 1,33,21.204946601914514
SUCCESS,Trace 1,62,20.996037616202102
SUCCESS,Trace 1,62,20.17636543075276
SUCCESS,Trace 1,62,22.799125837266338
SUCCESS,Trace 1,62,21.159971964342102
SUCCESS,Trace 1,62,21.651775289754397
SUCCESS,Trace 1,62,21.240517776954263
SUCCESS,Trace 1,62,22.706364451861774
SUCCESS,Trace 1,25,21.781493609468995
SUCCESS,Trace 1,62,20.42224252112575
SUCCESS,Trace 1,62,22.225545885043182
SUCCESS,Trace 1,62,20.25833271891693
SUCCESS,Trace 1,62,22.55199287758499
SUCCESS,Trace 1,62,21.405873650410136
SUCCESS,Trace 1,62,20.176365472474952
SUCCESS,Trace 1,62,21.241939170254422
SUCCESS,Trace 1,46,20.8168509902077
FAIL,Trace 1,19,19.777682875682896
SUCCESS,Trace 1,62,22.471447425271727
SUCCESS,Trace 1,5,22.750000535858256
SUCCESS,Trace 1,62,21.078004777411618
SUCCESS,Trace 1,62,20.340299922996692
SUCCESS,Trace 1,62,20.832103197691872
SUCCESS,Trace 1,18,20.646958658297553
SUCCESS,Trace 1,62,20.34029997120182
SUCCESS,Trace 1,62,21.323906507986315
SUCCESS,Trace 1,62,21.487840428316318
SUCCESS,Trace 1,62,21.241939242437397
SUCCESS,Trace 1,62,20.17636543075276
SUCCESS,Trace 1,11,21.455596688603315
SUCCESS,Trace 1,62,20.750135945492104
SUCCESS,Trace 1,62,21.32248505781026
SUCCESS,Trace 1,21,21.049914684594906
SUCCESS,Trace 1,62,20.25833266680358
SUCCESS,Trace 1,62,21.56980755091275
SUCCESS,Trace 1,62,22.799316196782026
SUCCESS,Trace 1,62,21.32390648595542
SUCCESS,Trace 1,62,20.914070345216153
SUCCESS,Trace 1,62,21.65177162163414
SUCCESS,Trace 1,62,21.40587309111707
SUCCESS,Trace 1,62,20.91407044989164
SUCCESS,Trace 1,16,20.596686289631783
SUCCESS,Trace 1,62,21.24193929137594
SUCCESS,Trace 1,34,20.93364076850054
SUCCESS,Trace 1,62,21.078004840870733
SUCCESS,Trace 1,5,22.947531133241426
SUCCESS,Trace 1,62,20.9960376246854
SUCCESS,Trace 1,62,20.74994864121679
SUCCESS,Trace 1,62,21.07800477408539
SUCCESS,Trace 1,12,21.747397148736475
SUCCESS,Trace 1,62,21.979644154793025
SUCCESS,Trace 1,62,20.914070425828378
SUCCESS,Trace 1,62,20.91407027489996
SUCCESS,Trace 1,42,20.146299863659657
SUCCESS,Trace 1,62,21.159968355076234
SUCCESS,Trace 1,62,21.078004855149594
SUCCESS,Trace 1,62,21.733742444519038
SUCCESS,Trace 1,5,24.898781248686518
SUCCESS,Trace 1,62,21.06702035438875
SUCCESS,Trace 1,62,20.83210308043683
SUCCESS,Trace 1,58,21.77189994704072
SUCCESS,Trace 1,62,21.241939249537506
SUCCESS,Trace 1,62,20.821122091333336
SUCCESS,Trace 1,62,20.668168755822514
SUCCESS,Trace 1,62,20.586176379043096
SUCCESS,Trace 1,62,20.668168693292337
SUCCESS,Trace 1,62,21.323903310494345
SUCCESS,Trace 1,62,21.73374248757059
SUCCESS,Trace 1,62,21.639347975371315
SUCCESS,Trace 1,27,22.732596279596592
SUCCESS,Trace 1,62,20.832103197691872
SUCCESS,Trace 1,14,22.91097152517907
SUCCESS,Trace 1,62,20.258332770149206
SUCCESS,Trace 1,62,21.815685076785886
SUCCESS,Trace 1,62,21.405870556905956
SUCCESS,Trace 1,62,20.504234365174668
SUCCESS,Trace 1,62,20.176365453688824
SUCCESS,Trace 1,22,23.32867029597247
SUCCESS,Trace 1,62,21.246680328803855
SUCCESS,Trace 1,62,20.586201501148302
SUCCESS,Trace 1,62,21.651775277651513
SUCCESS,Trace 1,62,20.422267122145733
SUCCESS,Trace 1,62,20.584780270936058
SUCCESS,Trace 1,62,22.30606640493643
SUCCESS,Trace 1,62,20.422267053948072
SUCCESS,Trace 1,62,20.750136009752715
SUCCESS,Trace 1,15,24.529533848716998
SUCCESS,Trace 1,62,22.388033605505754
SUCCESS,Trace 1,62,20.586201546244723
SUCCESS,Trace 1,62,21.405873589309127
SUCCESS,Trace 1,62,20.91264566097787
SUCCESS,Trace 1,62,20.99603770169783
SUCCESS,Trace 1,62,20.258332732607624
SUCCESS,Trace 1,62,21.405873707515102
SUCCESS,Trace 1,62,20.176365480670952
SUCCESS,Trace 1,62,21.2417520817957
SUCCESS,Trace 1,62,21.158360145131095
SUCCESS,Trace 1,44,21.034358113920405
SUCCESS,Trace 1,62,22.471447499071964
SUCCESS,Trace 1,62,20.340299919003346
SUCCESS,Trace 1,62,22.142132488448265
SUCCESS,Trace 1,62,20.832103171186468
SUCCESS,Trace 1,62,21.81410059857959
SUCCESS,Trace 1,62,22.143578603630733
SUCCESS,Trace 1,62,20.50423432479308
SUCCESS,Trace 1,16,22.183822963932688
SUCCESS,Trace 1,62,20.83210312800954
SUCCESS,Trace 1,17,21.002605496925753
SUCCESS,Trace 1,62,21.569808062913484
SUCCESS,Trace 1,62,21.477046911833718
SUCCESS,Trace 1,62,20.996037610607996
SUCCESS,Trace 1,62,21.651774874910988
SUCCESS,Trace 1,46,21.372406509187485
SUCCESS,Trace 1,62,20.42226384897701
SUCCESS,Trace 1,62,20.258332639743767
SUCCESS,Trace 1,62,21.32390328303877
SUCCESS,Trace 1,62,20.832103143468085
SUCCESS,Trace 1,62,20.65737468737659
SUCCESS,Trace 1,62,20.09439824057407
SUCCESS,Trace 1,62,21.569808103722373
SUCCESS,Trace 1,5,24.552469617818844
SUCCESS,Trace 1,19,24.086572302490808
SUCCESS,Trace 1,37,20.187730432649275
SUCCESS,Trace 1,62,21.803307027727016
SUCCESS,Trace 1,62,21.477046865764695
SUCCESS,Trace 1,62,21.40584898821357
SUCCESS,Trace 1,62,20.258332727870222
SUCCESS,Trace 1,62,20.176365466268432
SUCCESS,Trace 1,62,21.64079083771002
SUCCESS,Trace 1,62,21.979456941795714
SUCCESS,Trace 1,62,22.061424121596335
SUCCESS,Trace 1,62,20.65737470251615
SUCCESS,Trace 1,33,20.03119665395444
SUCCESS,Trace 1,62,21.651750213528043
SUCCESS,Trace 1,62,20.91407004349479
SUCCESS,Trace 1,62,20.832103197691872
SUCCESS,Trace 1,62,20.258332693785707
SUCCESS,Trace 1,42,20.353107742021596
SUCCESS,Trace 1,55,20.125153572471053
SUCCESS,Trace 1,62,21.732109236831214
SUCCESS,Trace 1,62,21.159972003534374
SUCCESS,Trace 1,62,21.078004790087
SUCCESS,Trace 1,62,21.323906409002316
SUCCESS,Trace 1,62,20.58620149275719
SUCCESS,Trace 1,62,20.9126243551008
SUCCESS,Trace 1,62,20.748714065169903
SUCCESS,Trace 1,62,23.03297733578703
SUCCESS,Trace 1,62,20.58620159743262
SUCCESS,Trace 1,62,20.504234372214952
SUCCESS,Trace 1,62,20.586201505536433
SUCCESS,Trace 1,62,20.748689820913796
SUCCESS,Trace 1,62,21.24175179640389
SUCCESS,Trace 1,62,20.98524315039887
SUCCESS,Trace 1,62,20.422267053948072
SUCCESS,Trace 1,37,20.37661927359968
SUCCESS,Trace 1,62,21.07655841454371
SUCCESS,Trace 1,54,20.119392603625528
SUCCESS,Trace 1,62,20.4222671556784
SUCCESS,Trace 1,62,20.4222671321181
SUCCESS,Trace 1,62,20.575382806459327
SUCCESS,Trace 1,62,21.651771831130056
SUCCESS,Trace 1,62,21.722948491027893
SUCCESS,Trace 1,62,21.97964423221816
SUCCESS,Trace 1,62,21.814263597573607
SUCCESS,Trace 1,62,21.48784088299517
SUCCESS,Trace 1,62,20.256911250034108
SUCCESS,Trace 1,62,22.799291610717773
SUCCESS,Trace 1,62,21.967241529558525
SUCCESS,Trace 1,62,21.73374242748371
SUCCESS,Trace 1,62,20.24753863694238
SUCCESS,Trace 1,62,21.07800479795112
SUCCESS,Trace 1,62,22.55196818150177
SUCCESS,Trace 1,16,21.399886335250372
SUCCESS,Trace 1,18,22.514752664614356
SUCCESS,Trace 1,62,21.56980805013424
SUCCESS,Trace 1,62,20.340299899860145
SUCCESS,Trace 1,62,21.078004743726545
SUCCESS,Trace 1,62,22.295085776493668
SUCCESS,Trace 1,62,21.815684672939547
SUCCESS,Trace 1,62,21.40587368949515
SUCCESS,Trace 1,62,21.15996878906849
SUCCESS,Trace 1,62,21.23095474867409
SUCCESS,Trace 1,62,21.078004832538614
SUCCESS,Trace 1,62,21.897677009592687
SUCCESS,Trace 1,62,21.32390331108095
SUCCESS,Trace 1,62,20.832103179301402
SUCCESS,Trace 1,62,21.81570963363775
SUCCESS,Trace 1,62,20.99603746512911
SUCCESS,Trace 1,37,20.387508190340466
SUCCESS,Trace 1,62,20.422267072718135
SUCCESS,Trace 1,62,20.422267171203114
SUCCESS,Trace 1,62,20.75013592195339
SUCCESS,Trace 1,62,21.487840902609904
SUCCESS,Trace 1,62,20.914070395665203
SUCCESS,Trace 1,62,21.40587368949515
SUCCESS,Trace 1,62,21.569804897419925
SUCCESS,Trace 1,62,20.748714566361674
SUCCESS,Trace 1,62,20.504234341032717
SUCCESS,Trace 1,42,22.38534710016642
SUCCESS,Trace 1,62,21.07800154179216
SUCCESS,Trace 1,62,20.25691122305198
SUCCESS,Trace 1,54,20.916248162249243
SUCCESS,Trace 1,62,20.996037648749258
SUCCESS,Trace 1,62,22.061611316243155
SUCCESS,Trace 1,62,20.176365453688824
SUCCESS,Trace 1,48,20.228899844149325
SUCCESS,Trace 1,62,20.83210312163825
SUCCESS,Trace 1,62,20.668168794624926
SUCCESS,Trace 1,37,21.147994471710746
SUCCESS,Trace 1,62,21.569807740378057
SUCCESS,Trace 1,62,20.91407037158132
SUCCESS,Trace 1,40,20.788674210815067
SUCCESS,Trace 1,62,21.5698080381944
SUCCESS,Trace 1,62,21.733552025678513
SUCCESS,Trace 1,62,21.650142116308903
SUCCESS,Trace 1,62,20.573986007314986
SUCCESS,Trace 1,23,20.7271952100887
SUCCESS,Trace 1,62,20.258332663088538
SUCCESS,Trace 1,62,22.389477041901134
SUCCESS,Trace 1,62,21.078001612921838
SUCCESS,Trace 1,62,20.17494402250304
SUCCESS,Trace 1,62,21.815709778514574
SUCCESS,Trace 1,62,20.75013606226991
SUCCESS,Trace 1,62,22.553414517655096
SUCCESS,Trace 1,62,20.996037649516225
SUCCESS,Trace 1,62,21.405686549891676
SUCCESS,Trace 1,62,21.409808198018023
SUCCESS,Trace 1,55,20.203672047080673
SUCCESS,Trace 1,17,22.69870963300372
SUCCESS,Trace 1,62,20.83210318176941
SUCCESS,Trace 1,62,22.47120769860799
SUCCESS,Trace 1,62,20.50423433312997
SUCCESS,Trace 1,62,21.56980771277164
SUCCESS,Trace 1,62,20.750135997522044
SUCCESS,Trace 1,62,20.75013598611666
SUCCESS,Trace 1,62,20.750135906407092
SUCCESS,Trace 1,62,20.748714585851467
SUCCESS,Trace 1,62,20.668168693292337
SUCCESS,Trace 1,40,20.92303324427491
SUCCESS,Trace 1,62,21.14775649784397
SUCCESS,Trace 1,62,21.733741960524625
SUCCESS,Trace 1,62,20.340299946124357
SUCCESS,Trace 1,46,22.031564500596787
SUCCESS,Trace 1,26,20.942331790924072
SUCCESS,Trace 1,62,21.569808060977184
SUCCESS,Trace 1,62,22.143578639975296
SUCCESS,Trace 1,62,21.395079599711455
SUCCESS,Trace 1,62,22.717348983131732
SUCCESS,Trace 1,42,21.365812057480415
SUCCESS,Trace 1,62,20.42226710287482
SUCCESS,Trace 1,62,20.42226711839194
SUCCESS,Trace 1,62,20.34029986781545
SUCCESS,Trace 1,62,21.241939224180626
SUCCESS,Trace 1,62,20.42226711697668
SUCCESS,Trace 1,62,20.176365498975652
SUCCESS,Trace 1,62,20.586201586114914
SUCCESS,Trace 1,62,22.061611340186747
SUCCESS,Trace 1,25,20.789595518971904
SUCCESS,Trace 1,62,20.258332685060346
SUCCESS,Trace 1,62,20.657374663431135
SUCCESS,Trace 1,62,20.750135986504215
SUCCESS,Trace 1,62,20.176365505830166
FAIL,Trace 1,18,19.764605480081894
SUCCESS,Trace 1,62,20.668168679566175
SUCCESS,Trace 1,62,21.815705484806568
SUCCESS,Trace 1,62,20.750135964278233
SUCCESS,Trace 1,9,22.219482181358014
SUCCESS,Trace 1,62,20.83210274413097
SUCCESS,Trace 1,17,22.29739317187967
SUCCESS,Trace 1,62,22.296719117469607
SUCCESS,Trace 1,62,21.240517534494362
SUCCESS,Trace 1,62,20.914070434548954
SUCCESS,Trace 1,62,20.832103144681064
SUCCESS,Trace 1,62,20.176365485054454
SUCCESS,Trace 1,62,21.569808025504997
SUCCESS,Trace 1,62,21.40587374194796
SUCCESS,Trace 1,62,21.569808071850826
SUCCESS,Trace 1,62,20.832103129227942
SUCCESS,Trace 1,19,22.097546900699033
SUCCESS,Trace 1,62,20.996037594542464
SUCCESS,Trace 1,62,21.475413508940573
SUCCESS,Trace 1,45,20.704506695953437
SUCCESS,Trace 1,62,20.914070395166775
SUCCESS,Trace 1,48,20.8723041555474
SUCCESS,Trace 1,62,21.404452206658537
SUCCESS,Trace 1,62,20.668168815580188
SUCCESS,Trace 1,62,21.722948402021196
SUCCESS,Trace 1,39,20.967323630809908
SUCCESS,Trace 1,62,21.88688253233092
SUCCESS,Trace 1,62,20.91407037999825
SUCCESS,Trace 1,62,20.912645741785074
SUCCESS,Trace 1,62,21.81552259347592
SUCCESS,Trace 1,62,21.078004869557553
SUCCESS,Trace 1,30,20.825872154071412
SUCCESS,Trace 1,42,20.87215351421038
SUCCESS,Trace 1,62,20.91407037227076
SUCCESS,Trace 1,41,20.024957370182552
SUCCESS,Trace 1,29,20.95565323318754
SUCCESS,Trace 1,62,22.050817211280894
SUCCESS,Trace 1,62,20.750136025539362
SUCCESS,Trace 1,62,22.471447381816926
SUCCESS,Trace 1,49,20.662368555083216
SUCCESS,Trace 1,62,20.25833270588859
SUCCESS,Trace 1,62,20.422267080930173
SUCCESS,Trace 1,56,21.01378716166307
SUCCESS,Trace 1,62,21.24191461864025
SUCCESS,Trace 1,30,21.502010216813876
SUCCESS,Trace 1,62,21.73374248861202
SUCCESS,Trace 1,29,20.841369480793492
SUCCESS,Trace 1,62,22.132760018550453
SUCCESS,Trace 1,5,21.95000039217314
SUCCESS,Trace 1,62,21.73374248372595
SUCCESS,Trace 1,62,20.3402999429488
SUCCESS,Trace 1,62,21.978222741752884
SUCCESS,Trace 1,38,21.17725121008383
SUCCESS,Trace 1,62,22.870489582039454
SUCCESS,Trace 1,62,20.832103174490513
SUCCESS,Trace 1,62,21.07800476027825
SUCCESS,Trace 1,62,20.821309050575632
SUCCESS,Trace 1,62,20.34029996295923
SUCCESS,Trace 1,62,21.405873550815553
SUCCESS,Trace 1,62,21.405633961967418
SUCCESS,Trace 1,62,21.07658331559123
SUCCESS,Trace 1,62,20.176365453688824
SUCCESS,Trace 1,62,20.50423430614784
SUCCESS,Trace 1,62,21.569808023828465
SUCCESS,Trace 1,62,20.504230581720158
SUCCESS,Trace 1,62,21.32390645497429
SUCCESS,Trace 1,62,20.832103076473754
FAIL,Trace 1,21,19.87102582683671
SUCCESS,Trace 1,62,21.159971895382345
SUCCESS,Trace 1,62,21.40445226656405
SUCCESS,Trace 1,62,21.241939131549852
SUCCESS,Trace 1,62,20.340299903863784
SUCCESS,Trace 1,62,20.09439825315368
SUCCESS,Trace 1,62,21.231120610322943
SUCCESS,Trace 1,62,20.668144054594606
SUCCESS,Trace 1,62,20.422263927147036
SUCCESS,Trace 1,62,21.568386629814505
SUCCESS,Trace 1,13,20.430018280507685
SUCCESS,Trace 1,16,23.903890053431194
SUCCESS,Trace 1,62,20.422267159093188
SUCCESS,Trace 1,62,20.50404720504421
SUCCESS,Trace 1,62,20.750135914426657
SUCCESS,Trace 1,62,20.91407036285675
SUCCESS,Trace 1,62,20.176365497327136
SUCCESS,Trace 1,62,21.979644197055492
SUCCESS,Trace 1,62,21.651750599266016
SUCCESS,Trace 1,25,20.45826236508452
SUCCESS,Trace 1,62,20.340299879918334
SUCCESS,Trace 1,62,23.04358127801368
SUCCESS,Trace 1,62,21.48784082443988
SUCCESS,Trace 1,62,21.323719247065398
SUCCESS,Trace 1,62,20.50423111339908
SUCCESS,Trace 1,33,21.204946749659218
SUCCESS,Trace 1,62,20.66816873237735
SUCCESS,Trace 1,19,20.333238628373767
SUCCESS,Trace 1,62,20.832103144880698
FAIL,Trace 1,26,19.83993172645569
SUCCESS,Trace 1,62,20.258332693785707
SUCCESS,Trace 1,62,23.289697674149355
SUCCESS,Trace 1,62,21.65032214805728
SUCCESS,Trace 1,62,20.83210320103231
SUCCESS,Trace 1,62,20.586201534284346
SUCCESS,Trace 1,62,21.149153318561492
SUCCESS,Trace 1,62,20.821121624210317
SUCCESS,Trace 1,62,21.651775358822565
SUCCESS,Trace 1,62,20.914070395665203
SUCCESS,Trace 1,62,20.17636553096753
SUCCESS,Trace 1,9,21.99963590351639
SUCCESS,Trace 1,62,20.586201519262595
SUCCESS,Trace 1,62,20.66816866391342
SUCCESS,Trace 1,62,20.99601249225804
SUCCESS,Trace 1,32,21.161235639933388
SUCCESS,Trace 1,62,20.504234283195807
SUCCESS,Trace 1,62,20.258332693785707
SUCCESS,Trace 1,62,20.34011270179123
SUCCESS,Trace 1,51,20.31996591091156
SUCCESS,Trace 1,36,20.307379869140433
SUCCESS,Trace 1,62,20.422267053948072
SUCCESS,Trace 1,62,20.504234345232852
SUCCESS,Trace 1,62,20.91407047877301
SUCCESS,Trace 1,36,20.101665543852167
SUCCESS,Trace 1,48,21.229663224372732
SUCCESS,Trace 1,62,21.076558718538465
SUCCESS,Trace 1,62,20.586201558347607
SUCCESS,Trace 1,62,20.914070402545253
SUCCESS,Trace 1,62,20.832103208074678
SUCCESS,Trace 1,62,21.97964428429633
FAIL,Trace 1,12,19.450026588006452
SUCCESS,Trace 1,62,20.99603711581621
SUCCESS,Trace 1,46,20.421117663383484
SUCCESS,Trace 1,62,21.81570978081511
SUCCESS,Trace 1,62,21.487840887468483
SUCCESS,Trace 1,62,21.149178020289686
SUCCESS,Trace 1,24,22.424190029108054
SUCCESS,Trace 1,62,20.09439824057407
SUCCESS,Trace 1,62,20.258332643851546
SUCCESS,Trace 1,6,23.19999989087351
SUCCESS,Trace 1,36,21.050236993832772
SUCCESS,Trace 1,62,20.75013603875386
SUCCESS,Trace 1,62,20.586201538048723
SUCCESS,Trace 1,62,20.504234240003015
SUCCESS,Trace 1,8,21.5368951538057
SUCCESS,Trace 1,46,22.11333011409384
SUCCESS,Trace 1,62,20.176365517205014
SUCCESS,Trace 1,62,21.815522563628434
SUCCESS,Trace 1,62,21.159971935024856
SUCCESS,Trace 1,55,21.962961859161833
SUCCESS,Trace 1,62,22.06016203894636
SUCCESS,Trace 1,62,21.05497034992003
SUCCESS,Trace 1,27,22.153780469513897
SUCCESS,Trace 1,62,21.30068509194199
SUCCESS,Trace 1,62,21.48784053520494
SUCCESS,Trace 1,62,21.078004796276527
SUCCESS,Trace 1,62,21.313087340212732
SUCCESS,Trace 1,62,21.077977168839844
SUCCESS,Trace 1,62,21.487840886898336
SUCCESS,Trace 1,62,21.651775291813408
SUCCESS,Trace 1,59,21.628920953843636
SUCCESS,Trace 1,62,20.176365453688824
SUCCESS,Trace 1,62,21.897676877956915
SUCCESS,Trace 1,62,20.504234330093293
SUCCESS,Trace 1,62,21.801645375358873
SUCCESS,Trace 1,62,20.586201619071062
SUCCESS,Trace 1,62,20.258332685589707
SUCCESS,Trace 1,14,22.196792381106913
SUCCESS,Trace 1,62,21.32390649043085
SUCCESS,Trace 1,62,20.586201516866524
SUCCESS,Trace 1,62,20.094398217638005
SUCCESS,Trace 1,62,22.061611329965185
SUCCESS,Trace 1,62,20.832103124543135
SUCCESS,Trace 1,62,22.22409639514982
SUCCESS,Trace 1,62,20.340299899860145
SUCCESS,Trace 1,62,21.241939278726225
SUCCESS,Trace 1,62,21.078004743724684
SUCCESS,Trace 1,23,21.52537681839683
SUCCESS,Trace 1,62,20.832103137568417
SUCCESS,Trace 1,57,20.371609826120398
SUCCESS,Trace 1,22,23.820944740658714
SUCCESS,Trace 1,6,22.560000372572368
SUCCESS,Trace 1,62,21.323906482863325
SUCCESS,Trace 1,62,20.09439825315368
SUCCESS,Trace 1,62,20.258332693785707
SUCCESS,Trace 1,62,20.25832949896041
SUCCESS,Trace 1,62,21.323906515253064
SUCCESS,Trace 1,62,20.585989698434123
SUCCESS,Trace 1,62,20.586201616695615
SUCCESS,Trace 1,62,21.39488883269123
SUCCESS,Trace 1,62,20.75013596207831
SUCCESS,Trace 1,62,21.40445229140617
SUCCESS,Trace 1,62,22.30751302673075
SUCCESS,Trace 1,38,22.452926893492002
SUCCESS,Trace 1,62,22.3894802947277
SUCCESS,Trace 1,30,20.200349791296595
SUCCESS,Trace 1,62,20.821121506763404
SUCCESS,Trace 1,62,20.99603750666634
SUCCESS,Trace 1,62,20.34029992500557
SUCCESS,Trace 1,62,20.750135930352535
SUCCESS,Trace 1,62,20.657374729498247
SUCCESS,Trace 1,31,20.3366618484795
SUCCESS,Trace 1,23,22.90683173898936
SUCCESS,Trace 1,62,22.14357854654108
SUCCESS,Trace 1,62,21.814263609589123
SUCCESS,Trace 1,62,22.22552119708452
SUCCESS,Trace 1,62,21.24172698045733
SUCCESS,Trace 1,62,20.996037584836365
SUCCESS,Trace 1,62,21.48641953702833
SUCCESS,Trace 1,62,20.42226711697668
SUCCESS,Trace 1,62,21.31311247046465
SUCCESS,Trace 1,62,21.640981204885737
SUCCESS,Trace 1,62,21.077980245927517
SUCCESS,Trace 1,62,21.323719440681906
SUCCESS,Trace 1,62,21.569807983911762
SUCCESS,Trace 1,30,21.23304446732953
SUCCESS,Trace 1,62,22.225545847961325
SUCCESS,Trace 1,62,21.404452308774015
SUCCESS,Trace 1,62,21.405873631259436
SUCCESS,Trace 1,62,20.75013602060189
SUCCESS,Trace 1,62,20.176178288141333
SUCCESS,Trace 1,62,20.66816875506483
SUCCESS,Trace 1,27,24.106251899249546
SUCCESS,Trace 1,62,20.668168735398513
SUCCESS,Trace 1,62,21.477046771642613
SUCCESS,Trace 1,62,20.832103200705745
SUCCESS,Trace 1,62,21.231144745241085
SUCCESS,Trace 1,62,20.668168709441282
SUCCESS,Trace 1,62,20.666747453424385
SUCCESS,Trace 1,62,21.40587365171687
SUCCESS,Trace 1,62,20.58620160551849
SUCCESS,Trace 1,62,20.340299898704462
SUCCESS,Trace 1,28,21.518483244755565
SUCCESS,Trace 1,61,21.016638145555152
SUCCESS,Trace 1,62,20.668168780756247
SUCCESS,Trace 1,62,20.739317324594154
SUCCESS,Trace 1,62,20.657374739907148
SUCCESS,Trace 1,62,20.504234345232852
SUCCESS,Trace 1,62,21.159972011065875
SUCCESS,Trace 1,30,23.310286616856924
SUCCESS,Trace 1,62,20.25833265120683
SUCCESS,Trace 1,62,20.586013931142162
SUCCESS,Trace 1,34,21.180311830709122
SUCCESS,Trace 1,62,21.9782222942266
SUCCESS,Trace 1,62,21.55898942576798
SUCCESS,Trace 1,62,20.575407514760247
SUCCESS,Trace 1,62,20.830681714855256
SUCCESS,Trace 1,22,22.51400870103212
SUCCESS,Trace 1,62,21.32390654534122
SUCCESS,Trace 1,21,21.537914633750916
SUCCESS,Trace 1,62,21.077817751720417
SUCCESS,Trace 1,62,20.4222670809302
SUCCESS,Trace 1,34,21.24237254228621
SUCCESS,Trace 1,62,20.83210318396571
SUCCESS,Trace 1,62,20.66816879844449
SUCCESS,Trace 1,62,21.487840758197592
SUCCESS,Trace 1,62,20.83210315860686
SUCCESS,Trace 1,62,20.586201622259978
SUCCESS,Trace 1,62,21.897673699916275
SUCCESS,Trace 1,62,21.323903197653944
SUCCESS,Trace 1,62,21.241939293826146
SUCCESS,Trace 1,62,20.504234370548772
SUCCESS,Trace 1,62,21.651588113681473
SUCCESS,Trace 1,62,20.65718743411614
SUCCESS,Trace 1,62,22.225545781557678
SUCCESS,Trace 1,62,21.158550532377163
SUCCESS,Trace 1,62,20.73915144225983
SUCCESS,Trace 1,62,20.50423435613441
SUCCESS,Trace 1,62,20.340299858918275
SUCCESS,Trace 1,62,21.897489281951405
SUCCESS,Trace 1,62,20.25833268674539
SUCCESS,Trace 1,62,20.914042598220707
SUCCESS,Trace 1,7,22.62609362602234
SUCCESS,Trace 1,62,21.076583413226345
SUCCESS,Trace 1,7,21.95980787705145
SUCCESS,Trace 1,23,20.464976022776188
SUCCESS,Trace 1,38,21.64860264934411
SUCCESS,Trace 1,62,20.504231089073894
SUCCESS,Trace 1,62,20.34029986477877
SUCCESS,Trace 1,62,20.25833273877533
SUCCESS,Trace 1,62,21.650353886659307
SUCCESS,Trace 1,62,21.733739336983103
SUCCESS,Trace 1,57,21.085895470210485
SUCCESS,Trace 1,13,22.58333340617742
SUCCESS,Trace 1,62,21.886882876319312
SUCCESS,Trace 1,62,21.31166586305461
SUCCESS,Trace 1,62,20.42207663224162
SUCCESS,Trace 1,62,20.75013276046285
SUCCESS,Trace 1,62,22.13275990111414
SUCCESS,Trace 1,26,21.639931783661886
SUCCESS,Trace 1,13,21.96322711405531
SUCCESS,Trace 1,36,22.193883717826637
SUCCESS,Trace 1,62,21.968662338794932
SUCCESS,Trace 1,62,20.91407043425228
SUCCESS,Trace 1,62,21.48784079227318
SUCCESS,Trace 1,62,20.657374663431135
SUCCESS,Trace 1,62,20.66816865237885
SUCCESS,Trace 1,62,21.569808064273136
SUCCESS,Trace 1,62,21.1599716447429
SUCCESS,Trace 1,62,21.48784088366899
SUCCESS,Trace 1,62,21.897673802297625
SUCCESS,Trace 1,62,21.24193906889
SUCCESS,Trace 1,62,21.405873753937037
SUCCESS,Trace 1,62,21.732296303053268
SUCCESS,Trace 1,62,21.89767369827817
SUCCESS,Trace 1,62,20.750135565564953
SUCCESS,Trace 1,35,20.324755455768564
SUCCESS,Trace 1,62,21.241751997106558
SUCCESS,Trace 1,62,21.323906468355414
SUCCESS,Trace 1,62,20.83210318378245
SUCCESS,Trace 1,62,21.405873685483606
SUCCESS,Trace 1,62,21.159784832938772
SUCCESS,Trace 1,62,21.24193920502994
SUCCESS,Trace 1,62,21.650329244388
SUCCESS,Trace 1,27,21.192242136368385
SUCCESS,Trace 1,22,21.35991887707531
SUCCESS,Trace 1,62,20.58620150715971
SUCCESS,Trace 1,62,20.832103068278514
SUCCESS,Trace 1,62,22.225542526023155
SUCCESS,Trace 1,40,20.42969984767668
SUCCESS,Trace 1,62,20.504234307986195
SUCCESS,Trace 1,62,21.81426026867001
SUCCESS,Trace 1,62,20.750135969435696
SUCCESS,Trace 1,62,20.502812796587634
SUCCESS,Trace 1,62,20.504233915561493
SUCCESS,Trace 1,62,21.486232112281215
SUCCESS,Trace 1,62,21.557567585197706
SUCCESS,Trace 1,62,21.815706675907013
SUCCESS,Trace 1,15,21.48273563599636
SUCCESS,Trace 1,62,22.213305171548
SUCCESS,Trace 1,62,20.832100019645395
SUCCESS,Trace 1,62,21.078004834231198
SUCCESS,Trace 1,28,21.333270105054126
SUCCESS,Trace 1,62,21.323906563258202
SUCCESS,Trace 1,62,22.061611368971455
SUCCESS,Trace 1,62,20.422267189223067
SUCCESS,Trace 1,62,20.750136008079696
SUCCESS,Trace 1,62,21.159972047589072
SUCCESS,Trace 1,62,21.559013929246607
SUCCESS,Trace 1,62,22.30750974647905
SUCCESS,Trace 1,62,22.061611430523826
SUCCESS,Trace 1,62,21.405849026851968
SUCCESS,Trace 1,62,21.241939329332784
SUCCESS,Trace 1,62,21.897676499163516
SUCCESS,Trace 1,22,22.752104167640493
SUCCESS,Trace 1,36,20.307379837740804
SUCCESS,Trace 1,62,20.83210315855717
SUCCESS,Trace 1,62,21.897676990442406
SUCCESS,Trace 1,6,23.910346898658954
SUCCESS,Trace 1,62,21.405873761042923
SUCCESS,Trace 1,62,20.586201468074698
SUCCESS,Trace 1,62,21.241938867433635
SUCCESS,Trace 1,36,20.141947678157262
SUCCESS,Trace 1,30,20.71580327549187
SUCCESS,Trace 1,62,22.06142417720107
SUCCESS,Trace 1,62,21.722948545461016
SUCCESS,Trace 1,62,20.914070468942104
SUCCESS,Trace 1,62,20.34029991127028
SUCCESS,Trace 1,62,22.633960075558324
SUCCESS,Trace 1,62,22.870486188697214
SUCCESS,Trace 1,62,20.17636508799791
SUCCESS,Trace 1,62,20.586201558347607
SUCCESS,Trace 1,62,20.586201646094132
SUCCESS,Trace 1,62,21.896252370116116
SUCCESS,Trace 1,62,21.231145217764592
SUCCESS,Trace 1,62,20.34029984083332
SUCCESS,Trace 1,62,21.241938734861588
SUCCESS,Trace 1,62,20.91407053320484
SUCCESS,Trace 1,62,20.422267113221803
SUCCESS,Trace 1,62,20.258332692106453
SUCCESS,Trace 1,62,21.32388183215976
SUCCESS,Trace 1,62,20.750135941791974
SUCCESS,Trace 1,62,21.159972044796397
SUCCESS,Trace 1,13,23.41690103743048
SUCCESS,Trace 1,62,20.2583326995108
SUCCESS,Trace 1,41,20.64178965167108
SUCCESS,Trace 1,62,22.142157168514416
SUCCESS,Trace 1,62,20.504234294044956
SUCCESS,Trace 1,62,20.996037701447154
SUCCESS,Trace 1,62,20.504234345232852
SUCCESS,Trace 1,53,23.192307781912753
SUCCESS,Trace 1,62,21.405873499914605
SUCCESS,Trace 1,62,20.17636549725716
SUCCESS,Trace 1,62,20.91264887484666
SUCCESS,Trace 1,62,20.99603434078029
SUCCESS,Trace 1,7,21.426931267043866
SUCCESS,Trace 1,62,21.569805055909374
SUCCESS,Trace 1,62,21.65177537647452
SUCCESS,Trace 1,62,20.832103221137526
SUCCESS,Trace 1,62,20.50423433633
SUCCESS,Trace 1,62,20.832103221137032
SUCCESS,Trace 1,28,21.333270205391777
SUCCESS,Trace 1,62,20.258332719002052
SUCCESS,Trace 1,62,21.158550633381413
SUCCESS,Trace 1,62,20.739341982643026
SUCCESS,Trace 1,62,21.897673756698854
SUCCESS,Trace 1,10,20.75092175015995
SUCCESS,Trace 1,62,23.11636626486561
SUCCESS,Trace 1,29,21.37708186182141
SUCCESS,Trace 1,62,20.340275313478028
SUCCESS,Trace 1,47,21.333213121494243
SUCCESS,Trace 1,62,20.329505827121068
SUCCESS,Trace 1,62,20.832103275861897
SUCCESS,Trace 1,62,21.73374246378414
SUCCESS,Trace 1,30,20.773121160492103
SUCCESS,Trace 1,62,20.176365483466
SUCCESS,Trace 1,62,20.340299931582955
SUCCESS,Trace 1,62,21.159971932895846
SUCCESS,Trace 1,62,20.91407042020131
SUCCESS,Trace 1,62,21.07800479795112
SUCCESS,Trace 1,62,21.56980821966631
SUCCESS,Trace 1,62,20.750135986732836
SUCCESS,Trace 1,62,21.078004837036133
SUCCESS,Trace 1,62,22.553414571740976
SUCCESS,Trace 1,62,22.143578616142264
SUCCESS,Trace 1,62,21.815709652325694
SUCCESS,Trace 1,62,21.158335504232788
SUCCESS,Trace 1,62,20.668168771462362
SUCCESS,Trace 1,62,21.323906491315363
SUCCESS,Trace 1,62,21.241752046053527
SUCCESS,Trace 1,62,20.668168744956958
SUCCESS,Trace 1,62,20.83065345639088
SUCCESS,Trace 1,33,21.048696857275942
SUCCESS,Trace 1,62,22.635381773366674
SUCCESS,Trace 1,62,20.832103219687447
SUCCESS,Trace 1,62,20.165571423827625
SUCCESS,Trace 1,62,21.89767691375704
SUCCESS,Trace 1,62,20.422264005317064
SUCCESS,Trace 1,62,21.07800471508391
SUCCESS,Trace 1,62,20.668168713064595
SUCCESS,Trace 1,62,20.99603763811198
SUCCESS,Trace 1,62,21.078004719781095
SUCCESS,Trace 1,62,20.737920494892276
SUCCESS,Trace 1,62,20.739341981698043
SUCCESS,Trace 1,10,20.395366268779064
SUCCESS,Trace 1,62,20.340296232909242
SUCCESS,Trace 1,18,22.10342898088343
SUCCESS,Trace 1,62,22.307512992133493
SUCCESS,Trace 1,62,20.903276341860412
SUCCESS,Trace 1,26,20.439931775095438
SUCCESS,Trace 1,62,21.65032871433946
SUCCESS,Trace 1,62,20.258332712090407
SUCCESS,Trace 1,62,20.91407037172161
SUCCESS,Trace 1,46,20.668885740314604
