Status,Trace,Trace Length,Estimated Value
SUCCESS,Trace 1,62,1265.7099771499634
SUCCESS,Trace 1,62,1285.5848228931427
SUCCESS,Trace 1,62,1280.7099270820618
SUCCESS,Trace 1,62,1245.7582902908325
SUCCESS,Trace 1,62,1275.626369714737
SUCCESS,Trace 1,62,1325.6129884719849
SUCCESS,Trace 1,62,1300.6223392486572
SUCCESS,Trace 1,62,1260.758295059204
SUCCESS,Trace 1,62,1300.7582998275757
SUCCESS,Trace 1,62,1314.9760067462921
SUCCESS,Trace 1,62,1300.6480824947357
SUCCESS,Trace 1,62,1260.5950736999512
SUCCESS,Trace 1,62,1390.6183981895447
SUCCESS,Trace 1,62,1255.7084274291992
SUCCESS,Trace 1,62,1280.6806933879852
SUCCESS,Trace 1,62,1360.5151224136353
SUCCESS,Trace 1,62,1250.6964945793152
SUCCESS,Trace 1,62,1385.5401706695557
SUCCESS,Trace 1,62,1270.7466530799866
SUCCESS,Trace 1,62,1249.9667119979858
SUCCESS,Trace 1,62,1265.6366574764252
FAIL,Trace 1,21,416.7349421977997
FAIL,Trace 1,44,870.6391179561615
SUCCESS,Trace 1,62,1320.5431509017944
FAIL,Trace 1,27,550.9990477561951
SUCCESS,Trace 1,62,1335.6092476844788
SUCCESS,Trace 1,62,1289.9359917640686
SUCCESS,Trace 1,62,1335.0882387161255
SUCCESS,Trace 1,62,1325.7582902908325
FAIL,Trace 1,6,104.00688230991364
FAIL,Trace 1,40,825.974942445755
SUCCESS,Trace 1,62,1335.709764957428
SUCCESS,Trace 1,62,1320.6481063365936
SUCCESS,Trace 1,62,1335.6962990760803
SUCCESS,Trace 1,62,1290.7580995559692
FAIL,Trace 1,35,685.9982979297638
SUCCESS,Trace 1,62,1260.7349109649658
SUCCESS,Trace 1,62,1225.725440979004
SUCCESS,Trace 1,62,1280.6730210781097
FAIL,Trace 1,27,565.6390994787216
FAIL,Trace 1,26,575.9982967376709
SUCCESS,Trace 1,62,1235.6401908397675
SUCCESS,Trace 1,62,1230.7012271881104
SUCCESS,Trace 1,62,1274.9028933048248
FAIL,Trace 1,10,226.75891876220703
SUCCESS,Trace 1,62,1295.5052483081818
SUCCESS,Trace 1,62,1285.7349109649658
SUCCESS,Trace 1,62,1335.688226222992
FAIL,Trace 1,27,580.6391042470932
SUCCESS,Trace 1,62,1305.6964921951294
FAIL,Trace 1,22,431.7349421977997
FAIL,Trace 1,21,423.558292388916
FAIL,Trace 1,7,145.68686485290527
SUCCESS,Trace 1,62,1230.7349133491516
SUCCESS,Trace 1,62,1280.6080043315887
SUCCESS,Trace 1,62,1295.076503753662
SUCCESS,Trace 1,62,1255.7347106933594
FAIL,Trace 1,30,598.4914422035217
SUCCESS,Trace 1,62,1385.0499939918518
SUCCESS,Trace 1,62,1285.0996565818787
SUCCESS,Trace 1,62,1230.640207529068
SUCCESS,Trace 1,62,1255.7349133491516
SUCCESS,Trace 1,62,1265.734944343567
SUCCESS,Trace 1,62,1350.0998520851135
SUCCESS,Trace 1,62,1265.7349109649658
SUCCESS,Trace 1,62,1309.2092418670654
SUCCESS,Trace 1,62,1250.4851007461548
SUCCESS,Trace 1,62,1250.7468461990356
SUCCESS,Trace 1,62,1275.734941959381
FAIL,Trace 1,13,265.70996046066284
SUCCESS,Trace 1,62,1314.8932886123657
FAIL,Trace 1,11,228.46042096614838
SUCCESS,Trace 1,62,1275.7349395751953
SUCCESS,Trace 1,62,1230.5192804336548
SUCCESS,Trace 1,62,1250.6649088859558
SUCCESS,Trace 1,62,1295.734941959381
SUCCESS,Trace 1,62,1290.639967918396
FAIL,Trace 1,36,748.5099577903748
SUCCESS,Trace 1,62,1290.6553173065186
SUCCESS,Trace 1,62,1265.6345736980438
SUCCESS,Trace 1,62,1255.758295059204
SUCCESS,Trace 1,62,1299.9343287944794
SUCCESS,Trace 1,62,1265.7099270820618
SUCCESS,Trace 1,62,1275.7334113121033
SUCCESS,Trace 1,62,1290.6664872169495
SUCCESS,Trace 1,62,1250.5735123157501
SUCCESS,Trace 1,62,1323.9846670627594
SUCCESS,Trace 1,62,1284.9522066116333
SUCCESS,Trace 1,62,1250.014592409134
FAIL,Trace 1,36,739.8760259151459
SUCCESS,Trace 1,62,1255.7349133491516
SUCCESS,Trace 1,62,1260.6465077400208
SUCCESS,Trace 1,62,1245.7582902908325
FAIL,Trace 1,37,773.9057087898254
SUCCESS,Trace 1,60,1273.7231397628784
SUCCESS,Trace 1,62,1250.75829744339
FAIL,Trace 1,20,400.74798107147217
FAIL,Trace 1,10,183.95031809806824
SUCCESS,Trace 1,62,1315.7099223136902
SUCCESS,Trace 1,62,1240.7012033462524
SUCCESS,Trace 1,62,1275.6730592250824
SUCCESS,Trace 1,62,1310.652779340744
SUCCESS,Trace 1,62,1245.5075705051422
SUCCESS,Trace 1,62,1300.6482219696045
FAIL,Trace 1,19,368.50992918014526
SUCCESS,Trace 1,62,1315.7347416877747
SUCCESS,Trace 1,62,1305.6010973453522
FAIL,Trace 1,6,109.50899839401245
SUCCESS,Trace 1,62,1255.6112110614777
SUCCESS,Trace 1,62,1240.7582926750183
SUCCESS,Trace 1,62,1245.75829744339
SUCCESS,Trace 1,62,1280.721983909607
SUCCESS,Trace 1,62,1290.5716466903687
SUCCESS,Trace 1,62,1299.9418151378632
SUCCESS,Trace 1,62,1245.673063993454
SUCCESS,Trace 1,62,1230.6393730640411
SUCCESS,Trace 1,62,1295.6875836849213
SUCCESS,Trace 1,62,1250.758295059204
SUCCESS,Trace 1,62,1280.689811706543
SUCCESS,Trace 1,62,1250.734941959381
SUCCESS,Trace 1,62,1315.7434487342834
SUCCESS,Trace 1,62,1270.7099628448486
SUCCESS,Trace 1,62,1285.6882238388062
SUCCESS,Trace 1,62,1285.671579837799
FAIL,Trace 1,45,893.950292468071
SUCCESS,Trace 1,62,1250.6648480892181
FAIL,Trace 1,27,552.4283230304718
FAIL,Trace 1,9,215.84902048110962
SUCCESS,Trace 1,62,1315.7234930992126
SUCCESS,Trace 1,62,1280.7099604606628
SUCCESS,Trace 1,62,1280.6475865840912
FAIL,Trace 1,22,440.7349419593811
SUCCESS,Trace 1,62,1325.7099556922913
SUCCESS,Trace 1,62,1299.9278664588928
SUCCESS,Trace 1,62,1325.734715461731
SUCCESS,Trace 1,62,1410.612280368805
SUCCESS,Trace 1,62,1245.7582902908325
SUCCESS,Trace 1,62,1275.6964361667633
SUCCESS,Trace 1,62,1250.5411326885223
FAIL,Trace 1,26,528.5349416732788
SUCCESS,Trace 1,62,1284.5086669921875
SUCCESS,Trace 1,62,1240.758295059204
SUCCESS,Trace 1,62,1285.7582902908325
SUCCESS,Trace 1,62,1350.7349467277527
SUCCESS,Trace 1,62,1270.6875729560852
SUCCESS,Trace 1,62,1285.029149055481
SUCCESS,Trace 1,62,1260.7349157333374
SUCCESS,Trace 1,62,1300.5034029483795
SUCCESS,Trace 1,62,1290.0764989852905
SUCCESS,Trace 1,62,1285.7349181175232
FAIL,Trace 1,43,883.3804619312286
SUCCESS,Trace 1,62,1265.7582902908325
SUCCESS,Trace 1,62,1240.696440935135
FAIL,Trace 1,16,339.91559982299805
FAIL,Trace 1,8,176.74537301063538
SUCCESS,Trace 1,62,1260.6145191192627
SUCCESS,Trace 1,62,1305.6296169757843
SUCCESS,Trace 1,62,1330.4407703876495
SUCCESS,Trace 1,62,1285.758295059204
SUCCESS,Trace 1,62,1275.6876468658447
SUCCESS,Trace 1,62,1265.7466745376587
SUCCESS,Trace 1,62,1300.734941959381
SUCCESS,Trace 1,62,1230.6629240512848
SUCCESS,Trace 1,62,1275.7084655761719
FAIL,Trace 1,38,750.9982931613922
FAIL,Trace 1,15,317.42844104766846
SUCCESS,Trace 1,60,1245.4916870594025
SUCCESS,Trace 1,62,1245.7582926750183
SUCCESS,Trace 1,62,1235.7247757911682
SUCCESS,Trace 1,62,1285.7582879066467
FAIL,Trace 1,5,99.93317604064941
SUCCESS,Trace 1,62,1274.9672889709473
SUCCESS,Trace 1,62,1310.75829744339
SUCCESS,Trace 1,62,1305.6860423088074
SUCCESS,Trace 1,62,1260.7099604606628
FAIL,Trace 1,57,1148.5349130630493
FAIL,Trace 1,11,243.55878591537476
SUCCESS,Trace 1,62,1285.7099628448486
SUCCESS,Trace 1,62,1280.6399297714233
FAIL,Trace 1,50,1098.3589959144592
FAIL,Trace 1,53,1038.9269131422043
SUCCESS,Trace 1,62,1265.7582926750183
SUCCESS,Trace 1,62,1325.5770814418793
FAIL,Trace 1,11,224.9389624595642
FAIL,Trace 1,15,305.7349419593811
SUCCESS,Trace 1,62,1270.734715461731
SUCCESS,Trace 1,62,1245.099856853485
SUCCESS,Trace 1,62,1340.673063993454
SUCCESS,Trace 1,62,1255.5563580989838
SUCCESS,Trace 1,62,1285.0146174430847
SUCCESS,Trace 1,62,1285.6179928779602
SUCCESS,Trace 1,62,1245.7582926750183
SUCCESS,Trace 1,62,1340.5994725227356
SUCCESS,Trace 1,62,1245.7349157333374
SUCCESS,Trace 1,62,1305.6687235832214
SUCCESS,Trace 1,62,1280.7349371910095
SUCCESS,Trace 1,62,1290.6715834140778
SUCCESS,Trace 1,62,1410.6746053695679
SUCCESS,Trace 1,62,1365.758261680603
SUCCESS,Trace 1,62,1280.696440935135
SUCCESS,Trace 1,62,1330.6898713111877
SUCCESS,Trace 1,62,1309.945638179779
SUCCESS,Trace 1,62,1290.70157289505
SUCCESS,Trace 1,62,1285.7582688331604
SUCCESS,Trace 1,62,1250.6875813007355
SUCCESS,Trace 1,62,1230.7580971717834
SUCCESS,Trace 1,62,1305.686126947403
FAIL,Trace 1,18,343.90192925930023
SUCCESS,Trace 1,62,1265.6570994853973
SUCCESS,Trace 1,62,1310.7349109649658
FAIL,Trace 1,45,900.998295545578
SUCCESS,Trace 1,62,1290.5908262729645
SUCCESS,Trace 1,62,1325.7582902908325
SUCCESS,Trace 1,62,1375.3161346912384
SUCCESS,Trace 1,62,1295.7582879066467
FAIL,Trace 1,27,558.5349142551422
SUCCESS,Trace 1,62,1295.5463647842407
SUCCESS,Trace 1,61,1243.558292388916
FAIL,Trace 1,33,650.7349133491516
FAIL,Trace 1,30,583.9269155263901
SUCCESS,Trace 1,62,1350.6034934520721
FAIL,Trace 1,15,315.6637704372406
SUCCESS,Trace 1,62,1230.5086660385132
SUCCESS,Trace 1,62,1285.7349061965942
FAIL,Trace 1,31,638.9269417524338
SUCCESS,Trace 1,62,1235.7012271881104
FAIL,Trace 1,46,955.6157249212265
SUCCESS,Trace 1,62,1235.6393730640411
SUCCESS,Trace 1,62,1230.696438550949
SUCCESS,Trace 1,62,1250.5298137664795
FAIL,Trace 1,60,1191.758292913437
FAIL,Trace 1,15,278.48198771476746
SUCCESS,Trace 1,62,1270.7583022117615
SUCCESS,Trace 1,62,1270.6713771820068
SUCCESS,Trace 1,62,1260.6786036491394
SUCCESS,Trace 1,62,1270.6923341751099
SUCCESS,Trace 1,62,1295.074954032898
FAIL,Trace 1,12,251.74086689949036
SUCCESS,Trace 1,62,1255.7582926750183
SUCCESS,Trace 1,62,1305.75829744339
SUCCESS,Trace 1,62,1265.758295059204
SUCCESS,Trace 1,62,1315.746877193451
SUCCESS,Trace 1,62,1300.6964457035065
SUCCESS,Trace 1,62,1315.0365245342255
SUCCESS,Trace 1,62,1250.7247757911682
FAIL,Trace 1,30,584.7753965854645
SUCCESS,Trace 1,62,1245.586256980896
SUCCESS,Trace 1,62,1325.688066482544
SUCCESS,Trace 1,62,1235.7012271881104
SUCCESS,Trace 1,62,1275.7019293308258
SUCCESS,Trace 1,62,1270.7099652290344
SUCCESS,Trace 1,62,1285.6648302078247
SUCCESS,Trace 1,62,1245.7580971717834
SUCCESS,Trace 1,62,1275.5693781375885
SUCCESS,Trace 1,62,1305.7349467277527
SUCCESS,Trace 1,62,1335.687576532364
FAIL,Trace 1,35,685.6391018629074
SUCCESS,Trace 1,62,1285.7099628448486
SUCCESS,Trace 1,62,1295.146095752716
SUCCESS,Trace 1,62,1320.0432860851288
SUCCESS,Trace 1,62,1275.648033618927
SUCCESS,Trace 1,62,1305.6882953643799
SUCCESS,Trace 1,62,1275.5846464633942
SUCCESS,Trace 1,62,1225.696438550949
SUCCESS,Trace 1,62,1240.638200044632
FAIL,Trace 1,5,88.69947552680969
SUCCESS,Trace 1,62,1245.661414861679
FAIL,Trace 1,28,575.709958076477
FAIL,Trace 1,5,88.72479677200317
SUCCESS,Trace 1,62,1240.7582926750183
SUCCESS,Trace 1,62,1295.6964814662933
SUCCESS,Trace 1,62,1345.756766796112
SUCCESS,Trace 1,62,1240.734941959381
FAIL,Trace 1,36,805.6860744953156
SUCCESS,Trace 1,62,1340.6715893745422
SUCCESS,Trace 1,62,1315.661095380783
SUCCESS,Trace 1,62,1265.6715655326843
SUCCESS,Trace 1,62,1279.8930537700653
SUCCESS,Trace 1,62,1300.6481087207794
SUCCESS,Trace 1,62,1320.6964337825775
SUCCESS,Trace 1,62,1315.4154765605927
SUCCESS,Trace 1,62,1225.7582926750183
SUCCESS,Trace 1,62,1280.6232523918152
SUCCESS,Trace 1,62,1270.7349467277527
SUCCESS,Trace 1,62,1355.7099652290344
SUCCESS,Trace 1,62,1280.6761610507965
SUCCESS,Trace 1,62,1270.6552422046661
FAIL,Trace 1,43,905.6157487630844
SUCCESS,Trace 1,62,1270.5887639522552
SUCCESS,Trace 1,62,1280.662968158722
SUCCESS,Trace 1,62,1250.0514936447144
FAIL,Trace 1,26,540.7349133491516
SUCCESS,Trace 1,62,1240.7582712173462
SUCCESS,Trace 1,62,1340.0500226020813
SUCCESS,Trace 1,62,1360.0513672828674
SUCCESS,Trace 1,62,1250.5276274681091
SUCCESS,Trace 1,62,1245.099859237671
FAIL,Trace 1,33,678.33212018013
SUCCESS,Trace 1,62,1280.6393730640411
SUCCESS,Trace 1,62,1230.724778175354
SUCCESS,Trace 1,62,1390.723295211792
SUCCESS,Trace 1,62,1290.6964337825775
SUCCESS,Trace 1,62,1320.7582926750183
SUCCESS,Trace 1,62,1295.5679535865784
SUCCESS,Trace 1,62,1385.0882315635681
FAIL,Trace 1,25,522.4104416370392
SUCCESS,Trace 1,62,1245.6949388980865
SUCCESS,Trace 1,62,1355.5317544937134
SUCCESS,Trace 1,62,1235.6112051010132
SUCCESS,Trace 1,62,1375.6715655326843
SUCCESS,Trace 1,62,1305.7582926750183
SUCCESS,Trace 1,62,1230.7012271881104
SUCCESS,Trace 1,62,1295.6437587738037
FAIL,Trace 1,46,936.7349135875702
FAIL,Trace 1,19,355.9647786617279
SUCCESS,Trace 1,62,1370.6875789165497
FAIL,Trace 1,5,90.80710053443909
SUCCESS,Trace 1,62,1285.6648635864258
SUCCESS,Trace 1,62,1240.643846988678
SUCCESS,Trace 1,62,1270.758295059204
FAIL,Trace 1,18,350.9749162197113
SUCCESS,Trace 1,62,1240.6692099571228
SUCCESS,Trace 1,62,1300.6190741062164
SUCCESS,Trace 1,62,1310.5973625183105
SUCCESS,Trace 1,62,1295.7018494606018
SUCCESS,Trace 1,62,1230.724778175354
FAIL,Trace 1,11,214.5302540063858
SUCCESS,Trace 1,62,1265.7582926750183
SUCCESS,Trace 1,62,1300.6055450439453
FAIL,Trace 1,21,420.9462559223175
SUCCESS,Trace 1,62,1235.7582926750183
SUCCESS,Trace 1,62,1315.6517446041107
SUCCESS,Trace 1,62,1390.625717639923
SUCCESS,Trace 1,62,1300.6616830825806
SUCCESS,Trace 1,62,1275.6964361667633
SUCCESS,Trace 1,62,1320.6879997253418
SUCCESS,Trace 1,62,1305.7348775863647
SUCCESS,Trace 1,62,1275.75829744339
FAIL,Trace 1,16,308.4334522485733
SUCCESS,Trace 1,62,1295.6875813007355
FAIL,Trace 1,34,690.7867932319641
SUCCESS,Trace 1,62,1285.7238698005676
FAIL,Trace 1,5,91.76677227020264
SUCCESS,Trace 1,62,1280.5468666553497
SUCCESS,Trace 1,62,1264.921544790268
SUCCESS,Trace 1,62,1285.6881356239319
FAIL,Trace 1,12,239.17600393295288
SUCCESS,Trace 1,62,1340.696438550949
SUCCESS,Trace 1,62,1275.696440935135
SUCCESS,Trace 1,62,1275.6435942649841
FAIL,Trace 1,42,825.515393614769
SUCCESS,Trace 1,62,1289.8019981384277
SUCCESS,Trace 1,62,1285.5079138278961
SUCCESS,Trace 1,62,1325.570878982544
FAIL,Trace 1,5,99.31159019470215
SUCCESS,Trace 1,62,1285.0316452980042
SUCCESS,Trace 1,62,1270.7582879066467
SUCCESS,Trace 1,58,1240.5461543798447
SUCCESS,Trace 1,62,1295.7099604606628
SUCCESS,Trace 1,62,1270.032184123993
SUCCESS,Trace 1,62,1260.734941959381
SUCCESS,Trace 1,62,1255.694522857666
SUCCESS,Trace 1,62,1260.7582902908325
SUCCESS,Trace 1,62,1300.758101940155
SUCCESS,Trace 1,62,1325.664882659912
SUCCESS,Trace 1,62,1320.0002264976501
FAIL,Trace 1,27,590.64737200737
SUCCESS,Trace 1,62,1270.758295059204
FAIL,Trace 1,14,297.527631521225
SUCCESS,Trace 1,62,1235.7349181175232
SUCCESS,Trace 1,62,1330.733437538147
SUCCESS,Trace 1,62,1305.493370294571
SUCCESS,Trace 1,62,1250.7099318504333
SUCCESS,Trace 1,62,1230.7582926750183
FAIL,Trace 1,22,489.8614263534546
SUCCESS,Trace 1,62,1295.57715177536
SUCCESS,Trace 1,62,1255.1601135730743
SUCCESS,Trace 1,62,1320.7349109649658
SUCCESS,Trace 1,62,1245.543179512024
SUCCESS,Trace 1,62,1255.6715965270996
SUCCESS,Trace 1,62,1360.6021213531494
SUCCESS,Trace 1,62,1245.7582902908325
SUCCESS,Trace 1,62,1265.7349157333374
FAIL,Trace 1,15,343.27181458473206
SUCCESS,Trace 1,62,1365.6082510948181
SUCCESS,Trace 1,62,1255.7349133491516
SUCCESS,Trace 1,62,1305.4845011234283
SUCCESS,Trace 1,62,1275.6378722190857
SUCCESS,Trace 1,62,1280.4532051086426
SUCCESS,Trace 1,62,1235.5862212181091
SUCCESS,Trace 1,62,1305.7099318504333
SUCCESS,Trace 1,62,1230.7349133491516
SUCCESS,Trace 1,62,1295.6616699695587
SUCCESS,Trace 1,62,1290.6599688529968
FAIL,Trace 1,44,904.4290345907211
SUCCESS,Trace 1,62,1370.75829744339
SUCCESS,Trace 1,62,1240.758295059204
SUCCESS,Trace 1,62,1350.603905916214
SUCCESS,Trace 1,62,1270.696438550949
SUCCESS,Trace 1,62,1330.598281621933
SUCCESS,Trace 1,62,1350.5323457717896
SUCCESS,Trace 1,62,1250.6553149223328
FAIL,Trace 1,16,332.38704919815063
SUCCESS,Trace 1,62,1270.6176507472992
FAIL,Trace 1,17,335.6377148628235
SUCCESS,Trace 1,62,1315.709958076477
SUCCESS,Trace 1,62,1310.0998616218567
SUCCESS,Trace 1,62,1280.7349586486816
SUCCESS,Trace 1,62,1320.6964123249054
FAIL,Trace 1,46,961.7582929134369
SUCCESS,Trace 1,62,1245.7580947875977
SUCCESS,Trace 1,62,1235.724778175354
SUCCESS,Trace 1,62,1300.6962943077087
SUCCESS,Trace 1,62,1270.6902408599854
SUCCESS,Trace 1,62,1260.076503753662
SUCCESS,Trace 1,62,1225.7582926750183
SUCCESS,Trace 1,62,1315.6641161441803
FAIL,Trace 1,5,98.18652629852295
FAIL,Trace 1,19,433.51319789886475
FAIL,Trace 1,37,726.7019331455231
SUCCESS,Trace 1,62,1329.8692214488983
SUCCESS,Trace 1,62,1309.9855816364288
SUCCESS,Trace 1,62,1305.559080839157
SUCCESS,Trace 1,62,1235.548859834671
SUCCESS,Trace 1,62,1230.696438550949
SUCCESS,Trace 1,62,1320.0882411003113
SUCCESS,Trace 1,62,1340.6056535243988
SUCCESS,Trace 1,62,1345.6139504909515
SUCCESS,Trace 1,62,1260.099856853485
FAIL,Trace 1,33,640.6391018629074
SUCCESS,Trace 1,62,1320.7116866111755
SUCCESS,Trace 1,62,1275.5823767185211
SUCCESS,Trace 1,62,1270.758295059204
SUCCESS,Trace 1,62,1235.7349133491516
FAIL,Trace 1,42,834.4203507900238
FAIL,Trace 1,55,1086.758292913437
SUCCESS,Trace 1,62,1325.6131529808044
SUCCESS,Trace 1,62,1290.594801902771
SUCCESS,Trace 1,62,1285.6964361667633
SUCCESS,Trace 1,62,1300.7136392593384
SUCCESS,Trace 1,62,1255.6964361667633
SUCCESS,Trace 1,62,1275.5230796337128
SUCCESS,Trace 1,62,1265.6097030639648
SUCCESS,Trace 1,62,1404.8916864395142
SUCCESS,Trace 1,62,1255.75829744339
SUCCESS,Trace 1,62,1250.7349157333374
SUCCESS,Trace 1,62,1255.709958076477
SUCCESS,Trace 1,62,1265.6077361106873
SUCCESS,Trace 1,62,1295.7235074043274
SUCCESS,Trace 1,62,1280.051498413086
SUCCESS,Trace 1,62,1245.7582902908325
FAIL,Trace 1,37,733.5349416732788
SUCCESS,Trace 1,62,1285.5849123001099
FAIL,Trace 1,54,1066.2384641170502
SUCCESS,Trace 1,62,1245.6480121612549
SUCCESS,Trace 1,62,1245.758295059204
SUCCESS,Trace 1,62,1255.0412845611572
SUCCESS,Trace 1,62,1320.7097172737122
SUCCESS,Trace 1,62,1325.0514936447144
SUCCESS,Trace 1,62,1340.6160616874695
SUCCESS,Trace 1,62,1330.599365234375
SUCCESS,Trace 1,62,1310.6958889961243
SUCCESS,Trace 1,62,1235.648205280304
SUCCESS,Trace 1,62,1390.7567882537842
SUCCESS,Trace 1,62,1340.00173330307
SUCCESS,Trace 1,62,1325.6652808189392
SUCCESS,Trace 1,62,1235.099856853485
SUCCESS,Trace 1,62,1285.7582926750183
SUCCESS,Trace 1,62,1375.6012153625488
FAIL,Trace 1,16,320.5473202466965
FAIL,Trace 1,18,382.40498065948486
SUCCESS,Trace 1,62,1315.6964361667633
SUCCESS,Trace 1,62,1240.7099294662476
SUCCESS,Trace 1,62,1285.7349371910095
SUCCESS,Trace 1,62,1359.8384201526642
SUCCESS,Trace 1,62,1330.642991065979
SUCCESS,Trace 1,62,1305.758295059204
SUCCESS,Trace 1,62,1290.6961750984192
SUCCESS,Trace 1,62,1295.0214076042175
SUCCESS,Trace 1,62,1285.6731057167053
SUCCESS,Trace 1,62,1335.6113767623901
SUCCESS,Trace 1,62,1300.7022774219513
SUCCESS,Trace 1,62,1270.6399321556091
SUCCESS,Trace 1,62,1330.5778455734253
SUCCESS,Trace 1,62,1280.6437849998474
FAIL,Trace 1,37,733.9502948522568
SUCCESS,Trace 1,62,1245.7012248039246
SUCCESS,Trace 1,62,1245.75829744339
SUCCESS,Trace 1,62,1265.5537056922913
SUCCESS,Trace 1,62,1310.758295059204
SUCCESS,Trace 1,62,1275.734941959381
SUCCESS,Trace 1,62,1305.758295059204
SUCCESS,Trace 1,62,1315.7347631454468
SUCCESS,Trace 1,62,1265.5002665519714
SUCCESS,Trace 1,62,1250.573811531067
FAIL,Trace 1,42,917.4099886417389
SUCCESS,Trace 1,62,1285.7347130775452
SUCCESS,Trace 1,62,1235.6715846061707
FAIL,Trace 1,54,1108.326141834259
SUCCESS,Trace 1,62,1280.7099628448486
SUCCESS,Trace 1,62,1345.7582902908325
SUCCESS,Trace 1,62,1230.7582926750183
FAIL,Trace 1,48,950.7582926750183
SUCCESS,Trace 1,62,1270.5567693710327
SUCCESS,Trace 1,62,1260.734944343567
FAIL,Trace 1,37,761.294881105423
SUCCESS,Trace 1,62,1315.6341230869293
SUCCESS,Trace 1,62,1275.6524085998535
FAIL,Trace 1,40,810.7099604606628
SUCCESS,Trace 1,62,1315.688133239746
SUCCESS,Trace 1,62,1325.7233214378357
SUCCESS,Trace 1,62,1320.4742288589478
SUCCESS,Trace 1,62,1254.9431490898132
FAIL,Trace 1,23,455.974942445755
SUCCESS,Trace 1,62,1235.5071425437927
SUCCESS,Trace 1,62,1365.7580995559692
SUCCESS,Trace 1,62,1285.7097339630127
SUCCESS,Trace 1,62,1230.6097304821014
SUCCESS,Trace 1,62,1330.734944343567
SUCCESS,Trace 1,62,1265.6731486320496
SUCCESS,Trace 1,62,1375.5854642391205
SUCCESS,Trace 1,62,1280.5862784385681
SUCCESS,Trace 1,62,1305.5469715595245
SUCCESS,Trace 1,62,1305.6391090154648
FAIL,Trace 1,55,1090.6390994787216
FAIL,Trace 1,17,363.02050709724426
SUCCESS,Trace 1,62,1270.734941959381
SUCCESS,Trace 1,62,1370.7202887535095
SUCCESS,Trace 1,62,1250.7349133491516
SUCCESS,Trace 1,62,1315.7348895072937
SUCCESS,Trace 1,62,1265.696440935135
SUCCESS,Trace 1,62,1265.5283892154694
SUCCESS,Trace 1,62,1265.7582902908325
SUCCESS,Trace 1,62,1265.60152053833
SUCCESS,Trace 1,62,1260.7582902908325
FAIL,Trace 1,40,815.5907410383224
SUCCESS,Trace 1,62,1289.854257106781
SUCCESS,Trace 1,62,1325.629860162735
SUCCESS,Trace 1,62,1240.5484998226166
FAIL,Trace 1,46,991.4204025268555
FAIL,Trace 1,26,523.5582947731018
SUCCESS,Trace 1,62,1315.57697057724
SUCCESS,Trace 1,62,1350.5249738693237
SUCCESS,Trace 1,62,1305.0292122364044
SUCCESS,Trace 1,62,1385.1187229156494
FAIL,Trace 1,42,875.6157511472702
SUCCESS,Trace 1,62,1245.4606318473816
SUCCESS,Trace 1,62,1245.7099604606628
SUCCESS,Trace 1,62,1240.7349109649658
SUCCESS,Trace 1,62,1295.7582926750183
SUCCESS,Trace 1,62,1245.734941959381
SUCCESS,Trace 1,62,1230.6400680541992
SUCCESS,Trace 1,62,1255.04514336586
SUCCESS,Trace 1,62,1345.7349395751953
FAIL,Trace 1,25,498.39000046253204
SUCCESS,Trace 1,62,1235.7018494606018
SUCCESS,Trace 1,62,1260.0998544692993
SUCCESS,Trace 1,62,1265.6692361831665
SUCCESS,Trace 1,62,1230.6112051010132
FAIL,Trace 1,18,335.9982931613922
SUCCESS,Trace 1,62,1260.7099556922913
SUCCESS,Trace 1,62,1330.6212830543518
SUCCESS,Trace 1,62,1265.7012271881104
FAIL,Trace 1,9,177.41045355796814
SUCCESS,Trace 1,62,1270.6649088859558
FAIL,Trace 1,17,356.734938621521
SUCCESS,Trace 1,62,1360.014659166336
SUCCESS,Trace 1,62,1295.4377913475037
SUCCESS,Trace 1,62,1275.5689859390259
SUCCESS,Trace 1,62,1270.634582042694
SUCCESS,Trace 1,62,1230.6393730640411
SUCCESS,Trace 1,62,1315.6480705738068
SUCCESS,Trace 1,62,1305.6227898597717
SUCCESS,Trace 1,62,1315.6923294067383
SUCCESS,Trace 1,62,1270.7099747657776
FAIL,Trace 1,19,397.4104392528534
SUCCESS,Trace 1,62,1280.7099771499634
SUCCESS,Trace 1,62,1309.768694639206
FAIL,Trace 1,45,910.974942445755
SUCCESS,Trace 1,62,1275.734941959381
FAIL,Trace 1,48,980.6391042470932
SUCCESS,Trace 1,62,1305.6715846061707
SUCCESS,Trace 1,62,1260.7136845588684
SUCCESS,Trace 1,62,1324.9539577960968
FAIL,Trace 1,39,796.7012965679169
SUCCESS,Trace 1,62,1335.07648229599
SUCCESS,Trace 1,62,1275.61753988266
SUCCESS,Trace 1,62,1275.6143236160278
SUCCESS,Trace 1,62,1330.6367444992065
SUCCESS,Trace 1,62,1285.6480777263641
FAIL,Trace 1,30,603.950292468071
FAIL,Trace 1,42,855.6959426403046
SUCCESS,Trace 1,62,1275.696007013321
FAIL,Trace 1,41,800.9749138355255
FAIL,Trace 1,29,586.7582905292511
SUCCESS,Trace 1,62,1344.9705743789673
SUCCESS,Trace 1,62,1265.625718832016
SUCCESS,Trace 1,62,1370.7582902908325
FAIL,Trace 1,49,991.7318916320801
SUCCESS,Trace 1,62,1235.758295059204
SUCCESS,Trace 1,62,1245.7349109649658
FAIL,Trace 1,56,1155.7099294662476
SUCCESS,Trace 1,62,1295.7084274291992
FAIL,Trace 1,30,623.5099625587463
SUCCESS,Trace 1,62,1325.709958076477
FAIL,Trace 1,29,583.3182120323181
SUCCESS,Trace 1,62,1350.0500273704529
FAIL,Trace 1,5,87.45930314064026
SUCCESS,Trace 1,62,1325.7099270820618
SUCCESS,Trace 1,62,1240.734944343567
SUCCESS,Trace 1,62,1340.5863153934479
FAIL,Trace 1,38,783.5582947731018
SUCCESS,Trace 1,62,1394.9699580669403
SUCCESS,Trace 1,62,1270.7132172584534
SUCCESS,Trace 1,62,1285.6547212600708
SUCCESS,Trace 1,62,1270.0998520851135
SUCCESS,Trace 1,62,1240.6345868110657
SUCCESS,Trace 1,62,1305.6959283351898
SUCCESS,Trace 1,62,1305.6953072547913
SUCCESS,Trace 1,62,1285.5863463878632
SUCCESS,Trace 1,62,1230.7582926750183
SUCCESS,Trace 1,62,1250.7582926750183
SUCCESS,Trace 1,62,1315.7099556922913
SUCCESS,Trace 1,62,1250.6646871566772
SUCCESS,Trace 1,62,1300.5961775779724
SUCCESS,Trace 1,62,1270.6340909004211
FAIL,Trace 1,21,397.3498010635376
SUCCESS,Trace 1,62,1290.6959998607635
SUCCESS,Trace 1,62,1305.4832291603088
SUCCESS,Trace 1,62,1295.5942940711975
SUCCESS,Trace 1,62,1240.734941959381
SUCCESS,Trace 1,62,1225.696438550949
SUCCESS,Trace 1,62,1295.0131213665009
SUCCESS,Trace 1,62,1260.7334351539612
SUCCESS,Trace 1,62,1245.7580995559692
SUCCESS,Trace 1,62,1315.5863773822784
FAIL,Trace 1,13,244.74207162857056
FAIL,Trace 1,16,358.5583508014679
SUCCESS,Trace 1,62,1245.7349157333374
SUCCESS,Trace 1,62,1250.6366908550262
SUCCESS,Trace 1,62,1265.504206418991
SUCCESS,Trace 1,62,1275.6168460845947
SUCCESS,Trace 1,62,1230.7019329071045
SUCCESS,Trace 1,62,1340.6429958343506
SUCCESS,Trace 1,62,1320.6943666934967
FAIL,Trace 1,25,490.94993233680725
SUCCESS,Trace 1,62,1240.7582926750183
SUCCESS,Trace 1,62,1405.6137990951538
SUCCESS,Trace 1,62,1310.7582902908325
SUCCESS,Trace 1,62,1300.7234930992126
SUCCESS,Trace 1,62,1250.6962990760803
FAIL,Trace 1,33,678.509931564331
SUCCESS,Trace 1,62,1260.7582926750183
FAIL,Trace 1,19,365.6391042470932
SUCCESS,Trace 1,62,1270.709958076477
FAIL,Trace 1,26,495.9982931613922
SUCCESS,Trace 1,62,1235.7349133491516
SUCCESS,Trace 1,62,1420.5558383464813
SUCCESS,Trace 1,62,1320.6696510314941
SUCCESS,Trace 1,62,1270.5818688869476
SUCCESS,Trace 1,62,1255.696438550949
SUCCESS,Trace 1,62,1290.098352432251
SUCCESS,Trace 1,62,1270.0400853157043
SUCCESS,Trace 1,62,1320.7012963294983
SUCCESS,Trace 1,62,1275.734941959381
SUCCESS,Trace 1,62,1230.6184470653534
FAIL,Trace 1,9,175.83895683288574
SUCCESS,Trace 1,62,1255.7582926750183
SUCCESS,Trace 1,62,1260.7099723815918
SUCCESS,Trace 1,62,1280.7567620277405
FAIL,Trace 1,32,655.5907505750656
SUCCESS,Trace 1,62,1250.724778175354
SUCCESS,Trace 1,62,1235.7349133491516
SUCCESS,Trace 1,62,1240.7468748092651
FAIL,Trace 1,51,1015.998295545578
FAIL,Trace 1,36,710.7019317150116
SUCCESS,Trace 1,62,1245.7582902908325
SUCCESS,Trace 1,62,1250.758295059204
SUCCESS,Trace 1,62,1275.6964445114136
FAIL,Trace 1,36,703.5349130630493
FAIL,Trace 1,48,997.4268686771393
SUCCESS,Trace 1,62,1285.6467008590698
SUCCESS,Trace 1,62,1255.758295059204
SUCCESS,Trace 1,62,1275.6771087646484
SUCCESS,Trace 1,62,1270.6725645065308
SUCCESS,Trace 1,62,1340.7099676132202
FAIL,Trace 1,12,213.95029246807098
SUCCESS,Trace 1,62,1280.7582640647888
FAIL,Trace 1,46,918.9502948522568
SUCCESS,Trace 1,62,1330.7099628448486
SUCCESS,Trace 1,62,1310.734941959381
SUCCESS,Trace 1,62,1290.099859237671
FAIL,Trace 1,24,515.6462061405182
SUCCESS,Trace 1,62,1225.7582926750183
SUCCESS,Trace 1,62,1235.724778175354
FAIL,Trace 1,6,115.84182143211365
FAIL,Trace 1,36,736.6480755805969
SUCCESS,Trace 1,62,1265.6964433193207
SUCCESS,Trace 1,62,1255.7012271881104
SUCCESS,Trace 1,62,1250.7247757911682
FAIL,Trace 1,8,150.70203185081482
FAIL,Trace 1,46,994.9761462211609
SUCCESS,Trace 1,62,1230.5156660079956
SUCCESS,Trace 1,62,1330.7235407829285
SUCCESS,Trace 1,62,1290.6882905960083
FAIL,Trace 1,55,1185.8184111118317
SUCCESS,Trace 1,62,1345.5847334861755
SUCCESS,Trace 1,62,1284.2096519470215
FAIL,Trace 1,27,575.9749400615692
SUCCESS,Trace 1,62,1299.2488861083984
SUCCESS,Trace 1,62,1310.734920501709
SUCCESS,Trace 1,62,1285.586210489273
SUCCESS,Trace 1,62,1300.0499939918518
SUCCESS,Trace 1,62,1285.6520175933838
SUCCESS,Trace 1,62,1310.6726551055908
SUCCESS,Trace 1,62,1320.6882953643799
SUCCESS,Trace 1,59,1254.4540631771088
SUCCESS,Trace 1,62,1230.7582926750183
SUCCESS,Trace 1,62,1335.6653213500977
SUCCESS,Trace 1,62,1250.734941959381
SUCCESS,Trace 1,62,1329.7819530963898
SUCCESS,Trace 1,62,1255.6480145454407
SUCCESS,Trace 1,62,1235.7012271881104
FAIL,Trace 1,14,288.5349488258362
SUCCESS,Trace 1,62,1300.696439743042
SUCCESS,Trace 1,62,1255.5727279186249
SUCCESS,Trace 1,62,1225.724778175354
SUCCESS,Trace 1,62,1345.5942261219025
SUCCESS,Trace 1,62,1270.6355798244476
SUCCESS,Trace 1,62,1355.5042934417725
SUCCESS,Trace 1,62,1240.7099294662476
SUCCESS,Trace 1,62,1295.4125237464905
SUCCESS,Trace 1,62,1285.7349371910095
FAIL,Trace 1,23,473.5582900047302
SUCCESS,Trace 1,62,1270.5989789962769
FAIL,Trace 1,57,1140.7618165016174
FAIL,Trace 1,22,500.239839553833
FAIL,Trace 1,6,112.43435621261597
SUCCESS,Trace 1,62,1300.578087568283
SUCCESS,Trace 1,62,1225.696438550949
SUCCESS,Trace 1,62,1235.7349133491516
SUCCESS,Trace 1,62,1235.6255292892456
SUCCESS,Trace 1,62,1300.5244743824005
SUCCESS,Trace 1,62,1255.6970071792603
SUCCESS,Trace 1,62,1255.6689548492432
SUCCESS,Trace 1,62,1305.0648379325867
SUCCESS,Trace 1,62,1265.7253122329712
SUCCESS,Trace 1,62,1305.4999125003815
SUCCESS,Trace 1,62,1360.6252932548523
FAIL,Trace 1,38,830.7582950592041
SUCCESS,Trace 1,62,1365.6248378753662
FAIL,Trace 1,30,585.8101439476013
SUCCESS,Trace 1,62,1269.4527530670166
SUCCESS,Trace 1,62,1280.7582879066467
SUCCESS,Trace 1,62,1240.5862212181091
SUCCESS,Trace 1,62,1265.7349395751953
SUCCESS,Trace 1,62,1260.0764775276184
FAIL,Trace 1,31,610.0663423538208
FAIL,Trace 1,23,503.9024692773819
SUCCESS,Trace 1,62,1350.642442703247
SUCCESS,Trace 1,62,1330.6700801849365
SUCCESS,Trace 1,62,1355.7567930221558
SUCCESS,Trace 1,62,1295.7219648361206
SUCCESS,Trace 1,62,1280.7582926750183
SUCCESS,Trace 1,62,1310.671591758728
SUCCESS,Trace 1,62,1245.734941959381
SUCCESS,Trace 1,62,1300.0765085220337
SUCCESS,Trace 1,62,1320.0765013694763
SUCCESS,Trace 1,62,1285.6949400901794
SUCCESS,Trace 1,62,1300.7235050201416
SUCCESS,Trace 1,62,1315.7099533081055
FAIL,Trace 1,30,615.73490858078
SUCCESS,Trace 1,62,1355.6732034683228
SUCCESS,Trace 1,62,1305.648238658905
SUCCESS,Trace 1,62,1305.7099270820618
SUCCESS,Trace 1,62,1265.6730902194977
SUCCESS,Trace 1,62,1230.685020685196
SUCCESS,Trace 1,62,1260.6260335445404
FAIL,Trace 1,27,626.7142415046692
SUCCESS,Trace 1,62,1260.5557262897491
SUCCESS,Trace 1,62,1310.066339969635
SUCCESS,Trace 1,62,1270.5072915554047
SUCCESS,Trace 1,62,1295.0514650344849
SUCCESS,Trace 1,62,1260.724778175354
SUCCESS,Trace 1,62,1260.5025506019592
SUCCESS,Trace 1,62,1305.6882238388062
SUCCESS,Trace 1,62,1255.611253976822
SUCCESS,Trace 1,62,1240.7012271881104
FAIL,Trace 1,28,580.5776232481003
SUCCESS,Trace 1,61,1260.6390976905823
SUCCESS,Trace 1,62,1260.6692361831665
SUCCESS,Trace 1,62,1264.9881374835968
SUCCESS,Trace 1,62,1260.0140023231506
SUCCESS,Trace 1,62,1250.758295059204
SUCCESS,Trace 1,62,1290.7582926750183
FAIL,Trace 1,30,675.5512207746506
SUCCESS,Trace 1,62,1234.5639657974243
SUCCESS,Trace 1,62,1255.6984853744507
FAIL,Trace 1,34,698.481782078743
SUCCESS,Trace 1,62,1340.5859375
SUCCESS,Trace 1,62,1314.8624861240387
SUCCESS,Trace 1,62,1255.0515246391296
SUCCESS,Trace 1,62,1270.6715846061707
FAIL,Trace 1,22,472.4518930912018
SUCCESS,Trace 1,62,1300.6112372875214
FAIL,Trace 1,21,430.7582926750183
SUCCESS,Trace 1,62,1285.6898164749146
SUCCESS,Trace 1,62,1245.7349109649658
FAIL,Trace 1,34,700.5940264463425
SUCCESS,Trace 1,62,1270.7099604606628
SUCCESS,Trace 1,62,1260.7349157333374
SUCCESS,Trace 1,62,1310.4116797447205
SUCCESS,Trace 1,62,1270.7582926750183
SUCCESS,Trace 1,62,1255.7099652290344
SUCCESS,Trace 1,62,1335.6639611721039
SUCCESS,Trace 1,62,1300.641096830368
SUCCESS,Trace 1,62,1295.5738067626953
SUCCESS,Trace 1,62,1250.692652463913
SUCCESS,Trace 1,62,1320.6768774986267
SUCCESS,Trace 1,62,1260.0650525093079
SUCCESS,Trace 1,62,1355.7582926750183
SUCCESS,Trace 1,62,1290.5575108528137
SUCCESS,Trace 1,62,1265.064857006073
SUCCESS,Trace 1,62,1250.5862522125244
SUCCESS,Trace 1,62,1240.5834066867828
SUCCESS,Trace 1,62,1335.7468461990356
SUCCESS,Trace 1,62,1235.7099294662476
SUCCESS,Trace 1,62,1275.7003426551819
FAIL,Trace 1,7,135.75656175613403
SUCCESS,Trace 1,62,1285.6232237815857
FAIL,Trace 1,7,131.71048283576965
FAIL,Trace 1,23,449.8377311229706
FAIL,Trace 1,38,800.9048879146576
SUCCESS,Trace 1,62,1250.734715461731
SUCCESS,Trace 1,62,1240.7349395751953
SUCCESS,Trace 1,62,1235.6480777263641
SUCCESS,Trace 1,62,1320.609301328659
SUCCESS,Trace 1,62,1325.7580995559692
FAIL,Trace 1,57,1180.810146331787
FAIL,Trace 1,13,270.771107673645
SUCCESS,Trace 1,62,1334.9713003635406
SUCCESS,Trace 1,62,1299.8225009441376
SUCCESS,Trace 1,62,1245.661438703537
SUCCESS,Trace 1,62,1265.7097339630127
SUCCESS,Trace 1,62,1350.0749731063843
FAIL,Trace 1,26,540.974942445755
FAIL,Trace 1,13,263.33250761032104
FAIL,Trace 1,36,776.6817665100098
SUCCESS,Trace 1,62,1339.9077939987183
SUCCESS,Trace 1,62,1275.734944343567
SUCCESS,Trace 1,62,1310.5350232124329
SUCCESS,Trace 1,62,1260.0998544692993
SUCCESS,Trace 1,62,1260.5020153522491
SUCCESS,Trace 1,62,1315.648217201233
SUCCESS,Trace 1,62,1290.709936618805
SUCCESS,Trace 1,62,1310.6881368160248
SUCCESS,Trace 1,62,1335.758101940155
SUCCESS,Trace 1,62,1295.6959319114685
SUCCESS,Trace 1,62,1305.7099652290344
SUCCESS,Trace 1,62,1325.5542147159576
SUCCESS,Trace 1,62,1335.6429386138916
SUCCESS,Trace 1,62,1265.6345736980438
FAIL,Trace 1,35,690.6290102005005
SUCCESS,Trace 1,62,1295.6611776351929
SUCCESS,Trace 1,62,1300.569248199463
SUCCESS,Trace 1,62,1270.7349133491516
SUCCESS,Trace 1,62,1305.713233947754
SUCCESS,Trace 1,62,1290.7468748092651
SUCCESS,Trace 1,62,1295.7099270820618
SUCCESS,Trace 1,62,1320.559424161911
FAIL,Trace 1,27,550.998295545578
FAIL,Trace 1,22,448.5349154472351
SUCCESS,Trace 1,62,1255.7349109649658
SUCCESS,Trace 1,62,1270.6921029090881
SUCCESS,Trace 1,62,1355.7001948356628
FAIL,Trace 1,40,796.7012274265289
SUCCESS,Trace 1,62,1250.6113159656525
SUCCESS,Trace 1,62,1330.5681657791138
SUCCESS,Trace 1,62,1265.734941959381
SUCCESS,Trace 1,62,1250.5390810966492
SUCCESS,Trace 1,62,1250.7020115852356
SUCCESS,Trace 1,62,1310.6367778778076
SUCCESS,Trace 1,62,1314.926471710205
SUCCESS,Trace 1,62,1330.5523371696472
FAIL,Trace 1,15,300.7349467277527
SUCCESS,Trace 1,62,1354.78435754776
SUCCESS,Trace 1,62,1270.6474816799164
SUCCESS,Trace 1,62,1285.6964313983917
FAIL,Trace 1,28,575.6161254644394
SUCCESS,Trace 1,62,1300.7248520851135
SUCCESS,Trace 1,62,1345.6964945793152
SUCCESS,Trace 1,62,1245.7099342346191
SUCCESS,Trace 1,62,1265.5727458000183
SUCCESS,Trace 1,62,1290.673087835312
SUCCESS,Trace 1,62,1315.0530648231506
SUCCESS,Trace 1,62,1360.5499041080475
SUCCESS,Trace 1,62,1345.7115578651428
SUCCESS,Trace 1,62,1305.75679063797
SUCCESS,Trace 1,62,1295.7349181175232
SUCCESS,Trace 1,62,1335.7582664489746
FAIL,Trace 1,22,477.45189785957336
FAIL,Trace 1,36,710.7349133491516
SUCCESS,Trace 1,62,1270.673085451126
SUCCESS,Trace 1,62,1335.6730794906616
FAIL,Trace 1,6,119.2417824268341
SUCCESS,Trace 1,62,1305.6730926036835
SUCCESS,Trace 1,62,1255.73490858078
SUCCESS,Trace 1,62,1295.6647634506226
FAIL,Trace 1,36,704.9681687355042
FAIL,Trace 1,30,600.6481063365936
SUCCESS,Trace 1,62,1345.7468748092651
SUCCESS,Trace 1,62,1324.895590543747
SUCCESS,Trace 1,62,1275.5700838565826
SUCCESS,Trace 1,62,1240.6393730640411
SUCCESS,Trace 1,62,1380.6482124328613
SUCCESS,Trace 1,62,1395.0098943710327
SUCCESS,Trace 1,62,1230.634560585022
SUCCESS,Trace 1,62,1255.758295059204
SUCCESS,Trace 1,62,1255.669240951538
SUCCESS,Trace 1,62,1335.4411041736603
SUCCESS,Trace 1,62,1295.076506137848
SUCCESS,Trace 1,62,1240.7582902908325
SUCCESS,Trace 1,62,1295.701196193695
SUCCESS,Trace 1,62,1275.634583234787
SUCCESS,Trace 1,62,1245.5947601795197
SUCCESS,Trace 1,62,1235.6726610660553
SUCCESS,Trace 1,62,1300.6242215633392
SUCCESS,Trace 1,62,1265.6731414794922
SUCCESS,Trace 1,62,1290.6769800186157
FAIL,Trace 1,13,280.8212089538574
SUCCESS,Trace 1,62,1235.7019221782684
FAIL,Trace 1,41,825.6482338905334
SUCCESS,Trace 1,62,1350.6010150909424
SUCCESS,Trace 1,62,1250.7349109649658
SUCCESS,Trace 1,62,1280.5127263069153
SUCCESS,Trace 1,62,1250.758295059204
SUCCESS,Trace 1,53,1205.700112581253
SUCCESS,Trace 1,62,1305.6401121616364
SUCCESS,Trace 1,62,1230.7019329071045
SUCCESS,Trace 1,62,1275.507446527481
SUCCESS,Trace 1,62,1280.7580947875977
FAIL,Trace 1,7,128.5382354259491
SUCCESS,Trace 1,62,1315.6479012966156
SUCCESS,Trace 1,62,1320.3514242172241
SUCCESS,Trace 1,62,1270.734944343567
SUCCESS,Trace 1,62,1250.5899715423584
SUCCESS,Trace 1,62,1270.734944343567
FAIL,Trace 1,28,575.998295545578
SUCCESS,Trace 1,62,1235.669207572937
SUCCESS,Trace 1,62,1290.6482076644897
SUCCESS,Trace 1,62,1264.9156165122986
SUCCESS,Trace 1,62,1335.582492351532
FAIL,Trace 1,10,186.7349147796631
SUCCESS,Trace 1,62,1410.0749611854553
FAIL,Trace 1,29,598.3804547786713
SUCCESS,Trace 1,62,1240.6674790382385
FAIL,Trace 1,47,981.3044226169586
SUCCESS,Trace 1,62,1240.0663423538208
SUCCESS,Trace 1,62,1270.7582998275757
SUCCESS,Trace 1,62,1325.7582902908325
FAIL,Trace 1,30,602.3721492290497
SUCCESS,Trace 1,62,1230.6070816516876
SUCCESS,Trace 1,62,1240.696440935135
SUCCESS,Trace 1,62,1290.7582879066467
SUCCESS,Trace 1,62,1275.692331790924
SUCCESS,Trace 1,62,1285.7582926750183
SUCCESS,Trace 1,62,1315.734965801239
SUCCESS,Trace 1,62,1265.6263709068298
SUCCESS,Trace 1,62,1285.758295059204
SUCCESS,Trace 1,62,1375.5527532100677
SUCCESS,Trace 1,62,1350.5075800418854
SUCCESS,Trace 1,62,1330.664154291153
SUCCESS,Trace 1,62,1290.4699790477753
SUCCESS,Trace 1,62,1260.758295059204
SUCCESS,Trace 1,62,1300.673143863678
SUCCESS,Trace 1,62,1295.7468748092651
SUCCESS,Trace 1,62,1260.696438550949
SUCCESS,Trace 1,62,1270.6698608398438
FAIL,Trace 1,33,673.4964907169342
SUCCESS,Trace 1,62,1380.7104992866516
SUCCESS,Trace 1,62,1270.4457378387451
SUCCESS,Trace 1,62,1230.099856853485
SUCCESS,Trace 1,62,1335.5215775966644
SUCCESS,Trace 1,62,1245.7581043243408
SUCCESS,Trace 1,62,1285.6480598449707
SUCCESS,Trace 1,62,1260.6170415878296
SUCCESS,Trace 1,62,1280.6309235095978
SUCCESS,Trace 1,62,1285.7582879066467
SUCCESS,Trace 1,62,1264.4937252998352
SUCCESS,Trace 1,62,1265.0764799118042
FAIL,Trace 1,10,183.5349154472351
SUCCESS,Trace 1,62,1240.7346892356873
FAIL,Trace 1,18,375.7582926750183
SUCCESS,Trace 1,62,1360.6151854991913
SUCCESS,Trace 1,62,1275.099856853485
FAIL,Trace 1,26,510.94992995262146
SUCCESS,Trace 1,62,1320.670051574707
SUCCESS,Trace 1,62,1235.6400680541992
SUCCESS,Trace 1,62,1275.7582926750183
FAIL,Trace 1,46,930.0765061378479
