Status,Trace,Trace Length,Estimated Value
SUCCESS,Trace 1,62,59.0
SUCCESS,Trace 1,62,59.0
SUCCESS,Trace 1,62,59.0
FAIL,Trace 1,62,61.0
SUCCESS,Trace 1,62,34.0
SUCCESS,Trace 1,62,58.0
SUCCESS,Trace 1,62,1.0
FAIL,Trace 1,62,61.0
FAIL,Trace 1,62,61.0
SUCCESS,Trace 1,62,59.0
SUCCESS,Trace 1,62,58.0
SUCCESS,Trace 1,62,57.0
SUCCESS,Trace 1,62,57.0
SUCCESS,Trace 1,62,59.0
SUCCESS,Trace 1,62,59.0
SUCCESS,Trace 1,62,23.0
SUCCESS,Trace 1,62,60.0
SUCCESS,Trace 1,62,33.0
FAIL,Trace 1,62,61.0
SUCCESS,Trace 1,62,59.0
SUCCESS,Trace 1,62,58.0
SUCCESS,Trace 1,21,19.0
SUCCESS,Trace 1,44,42.0
SUCCESS,Trace 1,62,49.0
SUCCESS,Trace 1,27,26.0
SUCCESS,Trace 1,62,60.0
SUCCESS,Trace 1,62,59.0
FAIL,Trace 1,62,61.0
FAIL,Trace 1,62,61.0
SUCCESS,Trace 1,6,4.0
SUCCESS,Trace 1,40,38.0
SUCCESS,Trace 1,62,59.0
SUCCESS,Trace 1,62,58.0
SUCCESS,Trace 1,62,60.0
FAIL,Trace 1,62,61.0
SUCCESS,Trace 1,35,34.0
SUCCESS,Trace 1,62,60.0
SUCCESS,Trace 1,62,60.0
SUCCESS,Trace 1,62,59.0
SUCCESS,Trace 1,27,0.0
SUCCESS,Trace 1,26,0.0
SUCCESS,Trace 1,62,54.0
SUCCESS,Trace 1,62,58.0
SUCCESS,Trace 1,62,46.0
SUCCESS,Trace 1,10,0.0
SUCCESS,Trace 1,62,19.0
SUCCESS,Trace 1,62,60.0
SUCCESS,Trace 1,62,36.0
SUCCESS,Trace 1,27,25.0
SUCCESS,Trace 1,62,60.0
SUCCESS,Trace 1,22,20.0
SUCCESS,Trace 1,21,20.0
SUCCESS,Trace 1,7,0.0
SUCCESS,Trace 1,62,60.0
SUCCESS,Trace 1,62,60.0
SUCCESS,Trace 1,62,60.0
SUCCESS,Trace 1,62,60.0
SUCCESS,Trace 1,30,27.0
SUCCESS,Trace 1,62,39.0
FAIL,Trace 1,62,61.0
SUCCESS,Trace 1,62,58.0
SUCCESS,Trace 1,62,60.0
SUCCESS,Trace 1,62,60.0
FAIL,Trace 1,62,61.0
SUCCESS,Trace 1,62,60.0
SUCCESS,Trace 1,62,60.0
SUCCESS,Trace 1,62,0.0
FAIL,Trace 1,62,61.0
SUCCESS,Trace 1,62,60.0
SUCCESS,Trace 1,13,10.0
SUCCESS,Trace 1,62,29.0
SUCCESS,Trace 1,11,8.0
SUCCESS,Trace 1,62,60.0
SUCCESS,Trace 1,62,55.0
SUCCESS,Trace 1,62,58.0
SUCCESS,Trace 1,62,60.0
SUCCESS,Trace 1,62,54.0
SUCCESS,Trace 1,36,33.0
SUCCESS,Trace 1,62,18.0
SUCCESS,Trace 1,62,59.0
FAIL,Trace 1,62,61.0
SUCCESS,Trace 1,62,46.0
SUCCESS,Trace 1,62,59.0
SUCCESS,Trace 1,62,60.0
SUCCESS,Trace 1,62,58.0
SUCCESS,Trace 1,62,19.0
SUCCESS,Trace 1,62,53.0
SUCCESS,Trace 1,62,58.0
SUCCESS,Trace 1,62,59.0
SUCCESS,Trace 1,36,31.0
SUCCESS,Trace 1,62,60.0
SUCCESS,Trace 1,62,60.0
FAIL,Trace 1,62,61.0
SUCCESS,Trace 1,37,35.0
SUCCESS,Trace 1,60,59.0
FAIL,Trace 1,62,61.0
SUCCESS,Trace 1,20,15.0
SUCCESS,Trace 1,10,9.0
SUCCESS,Trace 1,62,59.0
SUCCESS,Trace 1,62,58.0
SUCCESS,Trace 1,62,59.0
SUCCESS,Trace 1,62,46.0
SUCCESS,Trace 1,62,43.0
SUCCESS,Trace 1,62,58.0
SUCCESS,Trace 1,19,16.0
SUCCESS,Trace 1,62,60.0
SUCCESS,Trace 1,62,57.0
SUCCESS,Trace 1,6,3.0
SUCCESS,Trace 1,62,58.0
FAIL,Trace 1,62,61.0
FAIL,Trace 1,62,61.0
SUCCESS,Trace 1,62,60.0
SUCCESS,Trace 1,62,53.0
SUCCESS,Trace 1,62,19.0
SUCCESS,Trace 1,62,59.0
SUCCESS,Trace 1,62,57.0
SUCCESS,Trace 1,62,50.0
FAIL,Trace 1,62,61.0
SUCCESS,Trace 1,62,58.0
SUCCESS,Trace 1,62,60.0
FAIL,Trace 1,62,61.0
SUCCESS,Trace 1,62,59.0
SUCCESS,Trace 1,62,42.0
FAIL,Trace 1,62,61.0
SUCCESS,Trace 1,45,44.0
SUCCESS,Trace 1,62,20.0
SUCCESS,Trace 1,27,25.0
SUCCESS,Trace 1,9,0.0
SUCCESS,Trace 1,62,60.0
SUCCESS,Trace 1,62,59.0
SUCCESS,Trace 1,62,58.0
SUCCESS,Trace 1,22,19.0
SUCCESS,Trace 1,62,59.0
SUCCESS,Trace 1,62,57.0
SUCCESS,Trace 1,62,60.0
SUCCESS,Trace 1,62,7.0
FAIL,Trace 1,62,61.0
SUCCESS,Trace 1,62,60.0
SUCCESS,Trace 1,62,54.0
SUCCESS,Trace 1,26,24.0
SUCCESS,Trace 1,62,50.0
FAIL,Trace 1,62,61.0
FAIL,Trace 1,62,61.0
SUCCESS,Trace 1,62,60.0
SUCCESS,Trace 1,62,54.0
SUCCESS,Trace 1,62,40.0
SUCCESS,Trace 1,62,60.0
SUCCESS,Trace 1,62,28.0
SUCCESS,Trace 1,62,60.0
SUCCESS,Trace 1,62,60.0
SUCCESS,Trace 1,43,41.0
FAIL,Trace 1,62,61.0
SUCCESS,Trace 1,62,60.0
SUCCESS,Trace 1,16,13.0
SUCCESS,Trace 1,8,0.0
SUCCESS,Trace 1,62,58.0
SUCCESS,Trace 1,62,43.0
SUCCESS,Trace 1,62,48.0
FAIL,Trace 1,62,61.0
SUCCESS,Trace 1,62,53.0
FAIL,Trace 1,62,61.0
SUCCESS,Trace 1,62,60.0
SUCCESS,Trace 1,62,58.0
SUCCESS,Trace 1,62,59.0
SUCCESS,Trace 1,38,37.0
SUCCESS,Trace 1,15,13.0
SUCCESS,Trace 1,60,55.0
FAIL,Trace 1,62,61.0
SUCCESS,Trace 1,62,59.0
FAIL,Trace 1,62,61.0
SUCCESS,Trace 1,5,0.0
SUCCESS,Trace 1,62,57.0
FAIL,Trace 1,62,61.0
SUCCESS,Trace 1,62,48.0
SUCCESS,Trace 1,62,59.0
SUCCESS,Trace 1,57,55.0
SUCCESS,Trace 1,11,0.0
SUCCESS,Trace 1,62,59.0
SUCCESS,Trace 1,62,19.0
SUCCESS,Trace 1,50,46.0
SUCCESS,Trace 1,53,51.0
FAIL,Trace 1,62,61.0
SUCCESS,Trace 1,62,8.0
SUCCESS,Trace 1,11,9.0
SUCCESS,Trace 1,15,13.0
SUCCESS,Trace 1,62,59.0
FAIL,Trace 1,62,61.0
SUCCESS,Trace 1,62,59.0
SUCCESS,Trace 1,62,53.0
SUCCESS,Trace 1,62,59.0
SUCCESS,Trace 1,62,52.0
FAIL,Trace 1,62,61.0
SUCCESS,Trace 1,62,9.0
SUCCESS,Trace 1,62,60.0
SUCCESS,Trace 1,62,58.0
SUCCESS,Trace 1,62,60.0
SUCCESS,Trace 1,62,59.0
SUCCESS,Trace 1,62,39.0
FAIL,Trace 1,62,61.0
SUCCESS,Trace 1,62,60.0
SUCCESS,Trace 1,62,59.0
SUCCESS,Trace 1,62,59.0
SUCCESS,Trace 1,62,59.0
FAIL,Trace 1,62,61.0
SUCCESS,Trace 1,62,58.0
FAIL,Trace 1,62,61.0
SUCCESS,Trace 1,62,40.0
SUCCESS,Trace 1,18,15.0
SUCCESS,Trace 1,62,41.0
SUCCESS,Trace 1,62,60.0
SUCCESS,Trace 1,45,44.0
SUCCESS,Trace 1,62,56.0
FAIL,Trace 1,62,61.0
SUCCESS,Trace 1,62,53.0
FAIL,Trace 1,62,61.0
SUCCESS,Trace 1,27,25.0
SUCCESS,Trace 1,62,59.0
SUCCESS,Trace 1,61,60.0
SUCCESS,Trace 1,33,31.0
SUCCESS,Trace 1,30,28.0
SUCCESS,Trace 1,62,57.0
SUCCESS,Trace 1,15,12.0
SUCCESS,Trace 1,62,26.0
SUCCESS,Trace 1,62,60.0
SUCCESS,Trace 1,31,29.0
SUCCESS,Trace 1,62,58.0
SUCCESS,Trace 1,46,43.0
SUCCESS,Trace 1,62,57.0
SUCCESS,Trace 1,62,60.0
SUCCESS,Trace 1,62,54.0
SUCCESS,Trace 1,60,59.0
SUCCESS,Trace 1,15,13.0
FAIL,Trace 1,62,61.0
FAIL,Trace 1,62,61.0
SUCCESS,Trace 1,62,58.0
SUCCESS,Trace 1,62,36.0
SUCCESS,Trace 1,62,60.0
SUCCESS,Trace 1,12,0.0
FAIL,Trace 1,62,61.0
FAIL,Trace 1,62,61.0
FAIL,Trace 1,62,61.0
FAIL,Trace 1,62,61.0
SUCCESS,Trace 1,62,60.0
SUCCESS,Trace 1,62,60.0
SUCCESS,Trace 1,62,59.0
SUCCESS,Trace 1,30,28.0
SUCCESS,Trace 1,62,57.0
SUCCESS,Trace 1,62,30.0
SUCCESS,Trace 1,62,58.0
SUCCESS,Trace 1,62,55.0
SUCCESS,Trace 1,62,59.0
SUCCESS,Trace 1,62,50.0
FAIL,Trace 1,62,61.0
SUCCESS,Trace 1,62,53.0
SUCCESS,Trace 1,62,60.0
SUCCESS,Trace 1,62,58.0
SUCCESS,Trace 1,35,33.0
SUCCESS,Trace 1,62,59.0
SUCCESS,Trace 1,62,49.0
SUCCESS,Trace 1,62,56.0
SUCCESS,Trace 1,62,60.0
SUCCESS,Trace 1,62,29.0
SUCCESS,Trace 1,62,59.0
SUCCESS,Trace 1,62,60.0
SUCCESS,Trace 1,62,59.0
SUCCESS,Trace 1,5,2.0
SUCCESS,Trace 1,62,59.0
SUCCESS,Trace 1,28,25.0
SUCCESS,Trace 1,5,0.0
FAIL,Trace 1,62,61.0
SUCCESS,Trace 1,62,60.0
FAIL,Trace 1,62,61.0
SUCCESS,Trace 1,62,60.0
SUCCESS,Trace 1,36,34.0
FAIL,Trace 1,62,61.0
SUCCESS,Trace 1,62,59.0
FAIL,Trace 1,62,61.0
SUCCESS,Trace 1,62,56.0
SUCCESS,Trace 1,62,57.0
SUCCESS,Trace 1,62,60.0
SUCCESS,Trace 1,62,29.0
FAIL,Trace 1,62,61.0
SUCCESS,Trace 1,62,59.0
SUCCESS,Trace 1,62,60.0
SUCCESS,Trace 1,62,31.0
SUCCESS,Trace 1,62,46.0
SUCCESS,Trace 1,62,50.0
SUCCESS,Trace 1,43,40.0
SUCCESS,Trace 1,62,47.0
SUCCESS,Trace 1,62,58.0
SUCCESS,Trace 1,62,59.0
SUCCESS,Trace 1,26,24.0
FAIL,Trace 1,62,61.0
SUCCESS,Trace 1,62,59.0
SUCCESS,Trace 1,62,34.0
SUCCESS,Trace 1,62,56.0
FAIL,Trace 1,62,61.0
SUCCESS,Trace 1,33,29.0
SUCCESS,Trace 1,62,57.0
SUCCESS,Trace 1,62,59.0
SUCCESS,Trace 1,62,60.0
SUCCESS,Trace 1,62,60.0
FAIL,Trace 1,62,61.0
SUCCESS,Trace 1,62,52.0
FAIL,Trace 1,62,61.0
SUCCESS,Trace 1,25,22.0
SUCCESS,Trace 1,62,60.0
SUCCESS,Trace 1,62,56.0
SUCCESS,Trace 1,62,58.0
FAIL,Trace 1,62,61.0
FAIL,Trace 1,62,61.0
SUCCESS,Trace 1,62,58.0
SUCCESS,Trace 1,62,7.0
SUCCESS,Trace 1,46,44.0
SUCCESS,Trace 1,19,16.0
SUCCESS,Trace 1,62,26.0
SUCCESS,Trace 1,5,1.0
SUCCESS,Trace 1,62,50.0
SUCCESS,Trace 1,62,56.0
FAIL,Trace 1,62,61.0
SUCCESS,Trace 1,18,16.0
SUCCESS,Trace 1,62,58.0
SUCCESS,Trace 1,62,7.0
SUCCESS,Trace 1,62,57.0
SUCCESS,Trace 1,62,57.0
SUCCESS,Trace 1,62,59.0
SUCCESS,Trace 1,11,8.0
FAIL,Trace 1,62,61.0
SUCCESS,Trace 1,62,42.0
SUCCESS,Trace 1,21,4.0
FAIL,Trace 1,62,61.0
SUCCESS,Trace 1,62,59.0
SUCCESS,Trace 1,62,34.0
SUCCESS,Trace 1,62,57.0
SUCCESS,Trace 1,62,60.0
SUCCESS,Trace 1,62,18.0
SUCCESS,Trace 1,62,60.0
FAIL,Trace 1,62,61.0
SUCCESS,Trace 1,16,12.0
SUCCESS,Trace 1,62,45.0
SUCCESS,Trace 1,34,32.0
SUCCESS,Trace 1,62,60.0
SUCCESS,Trace 1,5,3.0
SUCCESS,Trace 1,62,46.0
SUCCESS,Trace 1,62,44.0
SUCCESS,Trace 1,62,57.0
SUCCESS,Trace 1,12,10.0
SUCCESS,Trace 1,62,60.0
SUCCESS,Trace 1,62,60.0
SUCCESS,Trace 1,62,51.0
SUCCESS,Trace 1,42,38.0
SUCCESS,Trace 1,62,43.0
SUCCESS,Trace 1,62,43.0
SUCCESS,Trace 1,62,43.0
SUCCESS,Trace 1,5,0.0
SUCCESS,Trace 1,62,50.0
FAIL,Trace 1,62,61.0
SUCCESS,Trace 1,58,53.0
SUCCESS,Trace 1,62,59.0
SUCCESS,Trace 1,62,59.0
SUCCESS,Trace 1,62,60.0
SUCCESS,Trace 1,62,60.0
FAIL,Trace 1,62,61.0
FAIL,Trace 1,62,61.0
SUCCESS,Trace 1,62,42.0
FAIL,Trace 1,62,61.0
SUCCESS,Trace 1,27,24.0
FAIL,Trace 1,62,61.0
SUCCESS,Trace 1,14,12.0
SUCCESS,Trace 1,62,60.0
SUCCESS,Trace 1,62,60.0
SUCCESS,Trace 1,62,51.0
SUCCESS,Trace 1,62,59.0
FAIL,Trace 1,62,61.0
SUCCESS,Trace 1,22,18.0
SUCCESS,Trace 1,62,56.0
SUCCESS,Trace 1,62,20.0
SUCCESS,Trace 1,62,60.0
SUCCESS,Trace 1,62,45.0
FAIL,Trace 1,62,61.0
SUCCESS,Trace 1,62,59.0
FAIL,Trace 1,62,61.0
SUCCESS,Trace 1,62,60.0
SUCCESS,Trace 1,15,0.0
SUCCESS,Trace 1,62,60.0
SUCCESS,Trace 1,62,60.0
SUCCESS,Trace 1,62,33.0
SUCCESS,Trace 1,62,59.0
SUCCESS,Trace 1,62,33.0
SUCCESS,Trace 1,62,57.0
SUCCESS,Trace 1,62,59.0
SUCCESS,Trace 1,62,60.0
SUCCESS,Trace 1,62,59.0
FAIL,Trace 1,62,61.0
SUCCESS,Trace 1,44,41.0
FAIL,Trace 1,62,61.0
FAIL,Trace 1,62,61.0
SUCCESS,Trace 1,62,59.0
SUCCESS,Trace 1,62,60.0
SUCCESS,Trace 1,62,60.0
SUCCESS,Trace 1,62,35.0
SUCCESS,Trace 1,62,15.0
SUCCESS,Trace 1,16,12.0
SUCCESS,Trace 1,62,50.0
SUCCESS,Trace 1,17,13.0
SUCCESS,Trace 1,62,59.0
FAIL,Trace 1,62,61.0
SUCCESS,Trace 1,62,60.0
SUCCESS,Trace 1,62,60.0
SUCCESS,Trace 1,46,45.0
FAIL,Trace 1,62,61.0
SUCCESS,Trace 1,62,59.0
SUCCESS,Trace 1,62,60.0
SUCCESS,Trace 1,62,59.0
SUCCESS,Trace 1,62,60.0
FAIL,Trace 1,62,61.0
SUCCESS,Trace 1,62,52.0
SUCCESS,Trace 1,5,2.0
SUCCESS,Trace 1,19,0.0
SUCCESS,Trace 1,37,26.0
SUCCESS,Trace 1,62,32.0
SUCCESS,Trace 1,62,57.0
SUCCESS,Trace 1,62,47.0
SUCCESS,Trace 1,62,52.0
SUCCESS,Trace 1,62,60.0
FAIL,Trace 1,62,61.0
SUCCESS,Trace 1,62,56.0
SUCCESS,Trace 1,62,57.0
FAIL,Trace 1,62,61.0
SUCCESS,Trace 1,33,31.0
SUCCESS,Trace 1,62,60.0
SUCCESS,Trace 1,62,56.0
FAIL,Trace 1,62,61.0
SUCCESS,Trace 1,62,60.0
SUCCESS,Trace 1,42,38.0
SUCCESS,Trace 1,55,54.0
SUCCESS,Trace 1,62,60.0
SUCCESS,Trace 1,62,26.0
SUCCESS,Trace 1,62,60.0
SUCCESS,Trace 1,62,60.0
SUCCESS,Trace 1,62,60.0
SUCCESS,Trace 1,62,58.0
SUCCESS,Trace 1,62,60.0
SUCCESS,Trace 1,62,51.0
FAIL,Trace 1,62,61.0
SUCCESS,Trace 1,62,60.0
SUCCESS,Trace 1,62,59.0
SUCCESS,Trace 1,62,60.0
SUCCESS,Trace 1,62,60.0
SUCCESS,Trace 1,62,59.0
FAIL,Trace 1,62,61.0
SUCCESS,Trace 1,37,35.0
SUCCESS,Trace 1,62,59.0
SUCCESS,Trace 1,54,46.0
SUCCESS,Trace 1,62,58.0
FAIL,Trace 1,62,61.0
SUCCESS,Trace 1,62,58.0
SUCCESS,Trace 1,62,59.0
SUCCESS,Trace 1,62,59.0
SUCCESS,Trace 1,62,42.0
SUCCESS,Trace 1,62,35.0
SUCCESS,Trace 1,62,60.0
SUCCESS,Trace 1,62,60.0
FAIL,Trace 1,62,61.0
FAIL,Trace 1,62,61.0
SUCCESS,Trace 1,62,58.0
FAIL,Trace 1,62,61.0
FAIL,Trace 1,62,61.0
SUCCESS,Trace 1,62,59.0
SUCCESS,Trace 1,16,11.0
SUCCESS,Trace 1,18,15.0
SUCCESS,Trace 1,62,60.0
SUCCESS,Trace 1,62,59.0
SUCCESS,Trace 1,62,60.0
SUCCESS,Trace 1,62,19.0
SUCCESS,Trace 1,62,58.0
FAIL,Trace 1,62,61.0
SUCCESS,Trace 1,62,60.0
SUCCESS,Trace 1,62,52.0
SUCCESS,Trace 1,62,59.0
SUCCESS,Trace 1,62,58.0
SUCCESS,Trace 1,62,59.0
SUCCESS,Trace 1,62,43.0
SUCCESS,Trace 1,62,32.0
SUCCESS,Trace 1,62,57.0
SUCCESS,Trace 1,37,36.0
SUCCESS,Trace 1,62,58.0
FAIL,Trace 1,62,61.0
SUCCESS,Trace 1,62,51.0
FAIL,Trace 1,62,61.0
SUCCESS,Trace 1,62,60.0
FAIL,Trace 1,62,61.0
SUCCESS,Trace 1,62,60.0
SUCCESS,Trace 1,62,35.0
SUCCESS,Trace 1,62,26.0
SUCCESS,Trace 1,42,18.0
SUCCESS,Trace 1,62,60.0
FAIL,Trace 1,62,61.0
SUCCESS,Trace 1,54,49.0
SUCCESS,Trace 1,62,59.0
SUCCESS,Trace 1,62,0.0
FAIL,Trace 1,62,61.0
SUCCESS,Trace 1,48,47.0
SUCCESS,Trace 1,62,26.0
SUCCESS,Trace 1,62,60.0
SUCCESS,Trace 1,37,0.0
SUCCESS,Trace 1,62,59.0
SUCCESS,Trace 1,62,55.0
SUCCESS,Trace 1,40,37.0
SUCCESS,Trace 1,62,48.0
SUCCESS,Trace 1,62,60.0
SUCCESS,Trace 1,62,18.0
SUCCESS,Trace 1,62,3.0
SUCCESS,Trace 1,23,21.0
SUCCESS,Trace 1,62,53.0
FAIL,Trace 1,62,61.0
SUCCESS,Trace 1,62,59.0
SUCCESS,Trace 1,62,60.0
SUCCESS,Trace 1,62,60.0
SUCCESS,Trace 1,62,59.0
SUCCESS,Trace 1,62,31.0
SUCCESS,Trace 1,62,57.0
SUCCESS,Trace 1,62,51.0
SUCCESS,Trace 1,62,60.0
SUCCESS,Trace 1,55,53.0
SUCCESS,Trace 1,17,5.0
SUCCESS,Trace 1,62,60.0
SUCCESS,Trace 1,62,60.0
SUCCESS,Trace 1,62,60.0
SUCCESS,Trace 1,62,60.0
SUCCESS,Trace 1,62,60.0
SUCCESS,Trace 1,62,41.0
FAIL,Trace 1,62,61.0
SUCCESS,Trace 1,62,49.0
FAIL,Trace 1,62,61.0
SUCCESS,Trace 1,40,36.0
SUCCESS,Trace 1,62,57.0
SUCCESS,Trace 1,62,48.0
SUCCESS,Trace 1,62,55.0
SUCCESS,Trace 1,46,45.0
SUCCESS,Trace 1,26,25.0
SUCCESS,Trace 1,62,43.0
SUCCESS,Trace 1,62,30.0
SUCCESS,Trace 1,62,58.0
SUCCESS,Trace 1,62,48.0
SUCCESS,Trace 1,42,39.0
SUCCESS,Trace 1,62,54.0
SUCCESS,Trace 1,62,59.0
SUCCESS,Trace 1,62,60.0
FAIL,Trace 1,62,61.0
SUCCESS,Trace 1,62,60.0
SUCCESS,Trace 1,62,55.0
SUCCESS,Trace 1,62,45.0
SUCCESS,Trace 1,62,60.0
SUCCESS,Trace 1,25,19.0
SUCCESS,Trace 1,62,57.0
FAIL,Trace 1,62,61.0
SUCCESS,Trace 1,62,58.0
SUCCESS,Trace 1,62,58.0
SUCCESS,Trace 1,18,17.0
SUCCESS,Trace 1,62,59.0
SUCCESS,Trace 1,62,56.0
SUCCESS,Trace 1,62,58.0
SUCCESS,Trace 1,9,6.0
SUCCESS,Trace 1,62,58.0
SUCCESS,Trace 1,17,15.0
SUCCESS,Trace 1,62,59.0
SUCCESS,Trace 1,62,56.0
SUCCESS,Trace 1,62,48.0
SUCCESS,Trace 1,62,59.0
SUCCESS,Trace 1,62,57.0
SUCCESS,Trace 1,62,58.0
SUCCESS,Trace 1,62,58.0
SUCCESS,Trace 1,62,35.0
SUCCESS,Trace 1,62,59.0
SUCCESS,Trace 1,19,16.0
SUCCESS,Trace 1,62,59.0
SUCCESS,Trace 1,62,23.0
SUCCESS,Trace 1,45,43.0
SUCCESS,Trace 1,62,60.0
SUCCESS,Trace 1,48,46.0
FAIL,Trace 1,62,61.0
SUCCESS,Trace 1,62,60.0
SUCCESS,Trace 1,62,22.0
SUCCESS,Trace 1,39,35.0
SUCCESS,Trace 1,62,60.0
SUCCESS,Trace 1,62,48.0
SUCCESS,Trace 1,62,58.0
SUCCESS,Trace 1,62,58.0
SUCCESS,Trace 1,62,58.0
SUCCESS,Trace 1,30,29.0
SUCCESS,Trace 1,42,40.0
SUCCESS,Trace 1,62,60.0
SUCCESS,Trace 1,41,39.0
SUCCESS,Trace 1,29,28.0
SUCCESS,Trace 1,62,53.0
SUCCESS,Trace 1,62,57.0
FAIL,Trace 1,62,61.0
SUCCESS,Trace 1,49,47.0
FAIL,Trace 1,62,61.0
SUCCESS,Trace 1,62,60.0
SUCCESS,Trace 1,56,53.0
SUCCESS,Trace 1,62,59.0
SUCCESS,Trace 1,30,27.0
SUCCESS,Trace 1,62,59.0
SUCCESS,Trace 1,29,26.0
SUCCESS,Trace 1,62,59.0
SUCCESS,Trace 1,5,2.0
SUCCESS,Trace 1,62,59.0
SUCCESS,Trace 1,62,60.0
SUCCESS,Trace 1,62,59.0
SUCCESS,Trace 1,38,37.0
SUCCESS,Trace 1,62,58.0
SUCCESS,Trace 1,62,60.0
SUCCESS,Trace 1,62,51.0
FAIL,Trace 1,62,61.0
SUCCESS,Trace 1,62,59.0
SUCCESS,Trace 1,62,60.0
SUCCESS,Trace 1,62,59.0
SUCCESS,Trace 1,62,59.0
FAIL,Trace 1,62,61.0
FAIL,Trace 1,62,61.0
SUCCESS,Trace 1,62,59.0
SUCCESS,Trace 1,62,50.0
SUCCESS,Trace 1,62,24.0
SUCCESS,Trace 1,62,59.0
SUCCESS,Trace 1,21,17.0
SUCCESS,Trace 1,62,60.0
SUCCESS,Trace 1,62,32.0
SUCCESS,Trace 1,62,51.0
SUCCESS,Trace 1,62,60.0
SUCCESS,Trace 1,62,60.0
SUCCESS,Trace 1,62,59.0
SUCCESS,Trace 1,62,60.0
FAIL,Trace 1,62,61.0
SUCCESS,Trace 1,62,59.0
SUCCESS,Trace 1,13,9.0
SUCCESS,Trace 1,16,0.0
SUCCESS,Trace 1,62,60.0
SUCCESS,Trace 1,62,58.0
SUCCESS,Trace 1,62,55.0
SUCCESS,Trace 1,62,57.0
SUCCESS,Trace 1,62,51.0
SUCCESS,Trace 1,62,44.0
SUCCESS,Trace 1,62,60.0
SUCCESS,Trace 1,25,22.0
FAIL,Trace 1,62,61.0
SUCCESS,Trace 1,62,60.0
FAIL,Trace 1,62,61.0
SUCCESS,Trace 1,62,60.0
SUCCESS,Trace 1,62,60.0
SUCCESS,Trace 1,33,30.0
FAIL,Trace 1,62,61.0
SUCCESS,Trace 1,19,17.0
SUCCESS,Trace 1,62,59.0
SUCCESS,Trace 1,26,25.0
SUCCESS,Trace 1,62,60.0
SUCCESS,Trace 1,62,46.0
FAIL,Trace 1,62,61.0
SUCCESS,Trace 1,62,51.0
SUCCESS,Trace 1,62,60.0
FAIL,Trace 1,62,61.0
SUCCESS,Trace 1,62,59.0
SUCCESS,Trace 1,62,38.0
SUCCESS,Trace 1,62,60.0
SUCCESS,Trace 1,62,57.0
SUCCESS,Trace 1,9,7.0
FAIL,Trace 1,62,61.0
SUCCESS,Trace 1,62,59.0
FAIL,Trace 1,62,61.0
SUCCESS,Trace 1,32,28.0
SUCCESS,Trace 1,62,59.0
SUCCESS,Trace 1,62,60.0
FAIL,Trace 1,62,61.0
SUCCESS,Trace 1,51,50.0
SUCCESS,Trace 1,36,29.0
FAIL,Trace 1,62,61.0
FAIL,Trace 1,62,61.0
SUCCESS,Trace 1,62,60.0
SUCCESS,Trace 1,36,34.0
SUCCESS,Trace 1,48,44.0
SUCCESS,Trace 1,62,60.0
FAIL,Trace 1,62,61.0
SUCCESS,Trace 1,62,58.0
SUCCESS,Trace 1,62,59.0
SUCCESS,Trace 1,62,59.0
SUCCESS,Trace 1,12,11.0
FAIL,Trace 1,62,61.0
SUCCESS,Trace 1,46,45.0
SUCCESS,Trace 1,62,51.0
SUCCESS,Trace 1,62,60.0
FAIL,Trace 1,62,61.0
SUCCESS,Trace 1,24,20.0
FAIL,Trace 1,62,61.0
SUCCESS,Trace 1,62,59.0
SUCCESS,Trace 1,6,4.0
SUCCESS,Trace 1,36,32.0
SUCCESS,Trace 1,62,60.0
SUCCESS,Trace 1,62,58.0
SUCCESS,Trace 1,62,59.0
SUCCESS,Trace 1,8,5.0
SUCCESS,Trace 1,46,0.0
SUCCESS,Trace 1,62,55.0
SUCCESS,Trace 1,62,60.0
SUCCESS,Trace 1,62,9.0
SUCCESS,Trace 1,55,52.0
SUCCESS,Trace 1,62,59.0
SUCCESS,Trace 1,62,58.0
SUCCESS,Trace 1,27,25.0
SUCCESS,Trace 1,62,58.0
SUCCESS,Trace 1,62,60.0
SUCCESS,Trace 1,62,57.0
SUCCESS,Trace 1,62,59.0
SUCCESS,Trace 1,62,57.0
SUCCESS,Trace 1,62,59.0
SUCCESS,Trace 1,62,14.0
SUCCESS,Trace 1,59,57.0
FAIL,Trace 1,62,61.0
SUCCESS,Trace 1,62,34.0
SUCCESS,Trace 1,62,60.0
SUCCESS,Trace 1,62,52.0
SUCCESS,Trace 1,62,58.0
SUCCESS,Trace 1,62,58.0
SUCCESS,Trace 1,14,12.0
SUCCESS,Trace 1,62,60.0
SUCCESS,Trace 1,62,58.0
SUCCESS,Trace 1,62,59.0
SUCCESS,Trace 1,62,33.0
SUCCESS,Trace 1,62,56.0
SUCCESS,Trace 1,62,55.0
SUCCESS,Trace 1,62,59.0
SUCCESS,Trace 1,62,19.0
SUCCESS,Trace 1,62,60.0
SUCCESS,Trace 1,23,22.0
SUCCESS,Trace 1,62,31.0
SUCCESS,Trace 1,57,54.0
SUCCESS,Trace 1,22,0.0
SUCCESS,Trace 1,6,2.0
SUCCESS,Trace 1,62,42.0
SUCCESS,Trace 1,62,60.0
SUCCESS,Trace 1,62,60.0
SUCCESS,Trace 1,62,57.0
SUCCESS,Trace 1,62,18.0
SUCCESS,Trace 1,62,59.0
SUCCESS,Trace 1,62,42.0
SUCCESS,Trace 1,62,60.0
SUCCESS,Trace 1,62,55.0
SUCCESS,Trace 1,62,55.0
SUCCESS,Trace 1,62,46.0
SUCCESS,Trace 1,38,37.0
SUCCESS,Trace 1,62,36.0
SUCCESS,Trace 1,30,29.0
SUCCESS,Trace 1,62,48.0
FAIL,Trace 1,62,61.0
SUCCESS,Trace 1,62,57.0
SUCCESS,Trace 1,62,60.0
SUCCESS,Trace 1,62,60.0
SUCCESS,Trace 1,31,28.0
SUCCESS,Trace 1,23,5.0
SUCCESS,Trace 1,62,20.0
FAIL,Trace 1,62,61.0
FAIL,Trace 1,62,61.0
SUCCESS,Trace 1,62,60.0
SUCCESS,Trace 1,62,0.0
FAIL,Trace 1,62,61.0
SUCCESS,Trace 1,62,60.0
SUCCESS,Trace 1,62,60.0
SUCCESS,Trace 1,62,60.0
SUCCESS,Trace 1,62,60.0
SUCCESS,Trace 1,62,60.0
SUCCESS,Trace 1,62,59.0
SUCCESS,Trace 1,30,28.0
SUCCESS,Trace 1,62,59.0
SUCCESS,Trace 1,62,60.0
SUCCESS,Trace 1,62,59.0
SUCCESS,Trace 1,62,59.0
SUCCESS,Trace 1,62,60.0
SUCCESS,Trace 1,62,57.0
SUCCESS,Trace 1,27,6.0
SUCCESS,Trace 1,62,52.0
SUCCESS,Trace 1,62,59.0
SUCCESS,Trace 1,62,49.0
SUCCESS,Trace 1,62,59.0
SUCCESS,Trace 1,62,59.0
SUCCESS,Trace 1,62,55.0
SUCCESS,Trace 1,62,34.0
SUCCESS,Trace 1,62,58.0
SUCCESS,Trace 1,62,58.0
SUCCESS,Trace 1,28,25.0
SUCCESS,Trace 1,61,59.0
SUCCESS,Trace 1,62,58.0
SUCCESS,Trace 1,62,58.0
SUCCESS,Trace 1,62,59.0
FAIL,Trace 1,62,61.0
FAIL,Trace 1,62,61.0
SUCCESS,Trace 1,30,1.0
SUCCESS,Trace 1,62,38.0
SUCCESS,Trace 1,62,59.0
SUCCESS,Trace 1,34,32.0
SUCCESS,Trace 1,62,59.0
SUCCESS,Trace 1,62,43.0
SUCCESS,Trace 1,62,59.0
FAIL,Trace 1,62,61.0
SUCCESS,Trace 1,22,19.0
SUCCESS,Trace 1,62,58.0
SUCCESS,Trace 1,21,20.0
SUCCESS,Trace 1,62,58.0
SUCCESS,Trace 1,62,60.0
SUCCESS,Trace 1,34,0.0
SUCCESS,Trace 1,62,59.0
SUCCESS,Trace 1,62,60.0
SUCCESS,Trace 1,62,42.0
FAIL,Trace 1,62,61.0
SUCCESS,Trace 1,62,59.0
SUCCESS,Trace 1,62,51.0
SUCCESS,Trace 1,62,49.0
SUCCESS,Trace 1,62,40.0
SUCCESS,Trace 1,62,59.0
SUCCESS,Trace 1,62,27.0
SUCCESS,Trace 1,62,60.0
SUCCESS,Trace 1,62,0.0
SUCCESS,Trace 1,62,57.0
SUCCESS,Trace 1,62,60.0
SUCCESS,Trace 1,62,57.0
SUCCESS,Trace 1,62,54.0
FAIL,Trace 1,62,61.0
SUCCESS,Trace 1,62,59.0
SUCCESS,Trace 1,62,59.0
SUCCESS,Trace 1,7,6.0
SUCCESS,Trace 1,62,59.0
SUCCESS,Trace 1,7,4.0
SUCCESS,Trace 1,23,18.0
SUCCESS,Trace 1,38,29.0
SUCCESS,Trace 1,62,60.0
SUCCESS,Trace 1,62,60.0
SUCCESS,Trace 1,62,58.0
SUCCESS,Trace 1,62,60.0
FAIL,Trace 1,62,61.0
SUCCESS,Trace 1,57,56.0
SUCCESS,Trace 1,13,8.0
SUCCESS,Trace 1,62,44.0
SUCCESS,Trace 1,62,51.0
SUCCESS,Trace 1,62,59.0
SUCCESS,Trace 1,62,59.0
SUCCESS,Trace 1,62,60.0
SUCCESS,Trace 1,26,24.0
SUCCESS,Trace 1,13,9.0
SUCCESS,Trace 1,36,11.0
SUCCESS,Trace 1,62,56.0
SUCCESS,Trace 1,62,60.0
SUCCESS,Trace 1,62,35.0
FAIL,Trace 1,62,61.0
SUCCESS,Trace 1,62,55.0
SUCCESS,Trace 1,62,58.0
SUCCESS,Trace 1,62,59.0
SUCCESS,Trace 1,62,49.0
FAIL,Trace 1,62,61.0
SUCCESS,Trace 1,62,60.0
SUCCESS,Trace 1,62,59.0
SUCCESS,Trace 1,62,51.0
SUCCESS,Trace 1,62,40.0
SUCCESS,Trace 1,62,59.0
SUCCESS,Trace 1,35,29.0
SUCCESS,Trace 1,62,59.0
SUCCESS,Trace 1,62,51.0
SUCCESS,Trace 1,62,60.0
SUCCESS,Trace 1,62,0.0
SUCCESS,Trace 1,62,0.0
SUCCESS,Trace 1,62,59.0
SUCCESS,Trace 1,62,58.0
SUCCESS,Trace 1,27,26.0
SUCCESS,Trace 1,22,20.0
SUCCESS,Trace 1,62,60.0
SUCCESS,Trace 1,62,59.0
SUCCESS,Trace 1,62,59.0
SUCCESS,Trace 1,40,36.0
SUCCESS,Trace 1,62,58.0
SUCCESS,Trace 1,62,57.0
SUCCESS,Trace 1,62,60.0
SUCCESS,Trace 1,62,57.0
SUCCESS,Trace 1,62,59.0
SUCCESS,Trace 1,62,60.0
SUCCESS,Trace 1,62,59.0
SUCCESS,Trace 1,62,57.0
SUCCESS,Trace 1,15,13.0
SUCCESS,Trace 1,62,55.0
SUCCESS,Trace 1,62,58.0
SUCCESS,Trace 1,62,60.0
SUCCESS,Trace 1,28,11.0
SUCCESS,Trace 1,62,59.0
SUCCESS,Trace 1,62,60.0
SUCCESS,Trace 1,62,59.0
SUCCESS,Trace 1,62,58.0
SUCCESS,Trace 1,62,59.0
SUCCESS,Trace 1,62,58.0
SUCCESS,Trace 1,62,35.0
SUCCESS,Trace 1,62,58.0
FAIL,Trace 1,62,61.0
SUCCESS,Trace 1,62,60.0
FAIL,Trace 1,62,61.0
SUCCESS,Trace 1,22,19.0
SUCCESS,Trace 1,36,34.0
SUCCESS,Trace 1,62,59.0
SUCCESS,Trace 1,62,59.0
SUCCESS,Trace 1,6,3.0
SUCCESS,Trace 1,62,59.0
SUCCESS,Trace 1,62,60.0
SUCCESS,Trace 1,62,50.0
SUCCESS,Trace 1,36,35.0
SUCCESS,Trace 1,30,26.0
FAIL,Trace 1,62,61.0
SUCCESS,Trace 1,62,48.0
SUCCESS,Trace 1,62,55.0
SUCCESS,Trace 1,62,57.0
SUCCESS,Trace 1,62,60.0
SUCCESS,Trace 1,62,57.0
SUCCESS,Trace 1,62,59.0
FAIL,Trace 1,62,61.0
SUCCESS,Trace 1,62,58.0
SUCCESS,Trace 1,62,55.0
SUCCESS,Trace 1,62,60.0
FAIL,Trace 1,62,61.0
SUCCESS,Trace 1,62,58.0
SUCCESS,Trace 1,62,59.0
SUCCESS,Trace 1,62,52.0
SUCCESS,Trace 1,62,59.0
SUCCESS,Trace 1,62,39.0
SUCCESS,Trace 1,62,59.0
SUCCESS,Trace 1,62,57.0
SUCCESS,Trace 1,13,10.0
SUCCESS,Trace 1,62,56.0
SUCCESS,Trace 1,41,39.0
SUCCESS,Trace 1,62,45.0
SUCCESS,Trace 1,62,60.0
SUCCESS,Trace 1,62,55.0
FAIL,Trace 1,62,61.0
SUCCESS,Trace 1,53,8.0
SUCCESS,Trace 1,62,55.0
SUCCESS,Trace 1,62,44.0
SUCCESS,Trace 1,62,52.0
FAIL,Trace 1,62,61.0
SUCCESS,Trace 1,7,5.0
SUCCESS,Trace 1,62,58.0
SUCCESS,Trace 1,62,51.0
SUCCESS,Trace 1,62,60.0
SUCCESS,Trace 1,62,58.0
SUCCESS,Trace 1,62,60.0
SUCCESS,Trace 1,28,27.0
SUCCESS,Trace 1,62,58.0
SUCCESS,Trace 1,62,60.0
SUCCESS,Trace 1,62,35.0
SUCCESS,Trace 1,62,55.0
SUCCESS,Trace 1,10,8.0
SUCCESS,Trace 1,62,60.0
SUCCESS,Trace 1,29,27.0
SUCCESS,Trace 1,62,53.0
SUCCESS,Trace 1,47,45.0
SUCCESS,Trace 1,62,59.0
FAIL,Trace 1,62,61.0
FAIL,Trace 1,62,61.0
SUCCESS,Trace 1,30,27.0
SUCCESS,Trace 1,62,39.0
SUCCESS,Trace 1,62,60.0
FAIL,Trace 1,62,61.0
SUCCESS,Trace 1,62,46.0
FAIL,Trace 1,62,61.0
SUCCESS,Trace 1,62,60.0
SUCCESS,Trace 1,62,19.0
FAIL,Trace 1,62,61.0
SUCCESS,Trace 1,62,55.0
SUCCESS,Trace 1,62,47.0
SUCCESS,Trace 1,62,52.0
SUCCESS,Trace 1,62,49.0
FAIL,Trace 1,62,61.0
SUCCESS,Trace 1,62,59.0
FAIL,Trace 1,62,61.0
SUCCESS,Trace 1,62,60.0
FAIL,Trace 1,62,61.0
SUCCESS,Trace 1,33,31.0
SUCCESS,Trace 1,62,32.0
SUCCESS,Trace 1,62,40.0
FAIL,Trace 1,62,61.0
SUCCESS,Trace 1,62,45.0
FAIL,Trace 1,62,61.0
SUCCESS,Trace 1,62,58.0
SUCCESS,Trace 1,62,51.0
SUCCESS,Trace 1,62,45.0
FAIL,Trace 1,62,61.0
SUCCESS,Trace 1,62,47.0
SUCCESS,Trace 1,62,60.0
SUCCESS,Trace 1,10,8.0
SUCCESS,Trace 1,62,60.0
SUCCESS,Trace 1,18,17.0
SUCCESS,Trace 1,62,57.0
FAIL,Trace 1,62,61.0
SUCCESS,Trace 1,26,23.0
FAIL,Trace 1,62,61.0
SUCCESS,Trace 1,62,55.0
FAIL,Trace 1,62,61.0
SUCCESS,Trace 1,46,44.0
