Status,Trace,Trace Length,Estimated Value
SUCCESS,Trace 1,62,45.052266070951255
SUCCESS,Trace 1,62,45.58391133434228
SUCCESS,Trace 1,62,45.452264784323255
SUCCESS,Trace 1,62,44.553554502369664
SUCCESS,Trace 1,62,43.686887835703025
SUCCESS,Trace 1,62,46.6163463835281
SUCCESS,Trace 1,62,42.21830729770017
SUCCESS,Trace 1,62,44.95355450236969
SUCCESS,Trace 1,62,46.02022107746808
SUCCESS,Trace 1,62,46.33598936743559
SUCCESS,Trace 1,62,45.95226490665533
SUCCESS,Trace 1,62,44.81751512068652
SUCCESS,Trace 1,62,48.31773395131096
SUCCESS,Trace 1,62,44.78555802050199
SUCCESS,Trace 1,62,45.418986520457445
SUCCESS,Trace 1,62,45.217243901661455
SUCCESS,Trace 1,62,44.65355295882394
SUCCESS,Trace 1,62,46.48293608836151
SUCCESS,Trace 1,62,45.21991069358017
SUCCESS,Trace 1,62,44.63244573166873
SUCCESS,Trace 1,62,45.01862696137059
FAIL,Trace 1,21,13.686265111826625
SUCCESS,Trace 1,44,30.520220473690348
SUCCESS,Trace 1,62,45.91682590311884
FAIL,Trace 1,27,18.620180978488918
SUCCESS,Trace 1,62,46.91675256587656
SUCCESS,Trace 1,62,45.66670606707688
SUCCESS,Trace 1,62,46.935686342094414
SUCCESS,Trace 1,62,46.68688783570302
FAIL,Trace 1,6,2.5502689076899134
SUCCESS,Trace 1,40,28.55293177768332
SUCCESS,Trace 1,62,46.918926989765126
SUCCESS,Trace 1,62,46.48559893536265
SUCCESS,Trace 1,62,46.92021434361885
SUCCESS,Trace 1,62,45.75354922208594
SUCCESS,Trace 1,35,23.820221169036348
SUCCESS,Trace 1,62,44.95293090434643
SUCCESS,Trace 1,62,43.986887835703044
SUCCESS,Trace 1,62,45.45262884820228
FAIL,Trace 1,27,17.386887835703003
FAIL,Trace 1,26,17.486887730247755
SUCCESS,Trace 1,62,44.08625835414508
SUCCESS,Trace 1,62,44.0853660587702
SUCCESS,Trace 1,62,44.852014740743684
FAIL,Trace 1,10,5.886491005342638
SUCCESS,Trace 1,62,43.74933541070451
SUCCESS,Trace 1,62,45.61959767647931
SUCCESS,Trace 1,62,45.38688783569831
FAIL,Trace 1,27,19.386887833846714
SUCCESS,Trace 1,62,46.12021953392193
FAIL,Trace 1,22,14.28626511101363
FAIL,Trace 1,21,13.953554502369057
FAIL,Trace 1,7,3.3516497134940457
SUCCESS,Trace 1,62,44.152931009801215
SUCCESS,Trace 1,62,45.45119621962755
SUCCESS,Trace 1,62,45.8687067999185
SUCCESS,Trace 1,62,44.819592383916635
SUCCESS,Trace 1,30,20.385105139211287
SUCCESS,Trace 1,62,46.901333071656374
SUCCESS,Trace 1,62,45.60265749652867
SUCCESS,Trace 1,62,44.086264343134545
SUCCESS,Trace 1,62,44.81959767646792
SUCCESS,Trace 1,62,45.086265111827906
SUCCESS,Trace 1,62,47.33599620332524
SUCCESS,Trace 1,62,45.08626434607831
SUCCESS,Trace 1,62,46.21224657575634
SUCCESS,Trace 1,62,41.052358304633636
SUCCESS,Trace 1,62,44.68658265258894
SUCCESS,Trace 1,62,45.35293177768331
FAIL,Trace 1,13,7.918932255672543
SUCCESS,Trace 1,62,44.33235254151458
FAIL,Trace 1,11,6.852879625084358
SUCCESS,Trace 1,62,45.35293177849412
SUCCESS,Trace 1,62,43.9853660587702
SUCCESS,Trace 1,62,44.61773088912915
SUCCESS,Trace 1,62,45.886265111827456
SUCCESS,Trace 1,62,45.352263661710964
SUCCESS,Trace 1,36,25.58559893535893
SUCCESS,Trace 1,62,43.22021399380503
SUCCESS,Trace 1,62,45.019915216951496
SUCCESS,Trace 1,62,44.820221169036365
SUCCESS,Trace 1,62,45.134134708573136
SUCCESS,Trace 1,62,45.052264784323306
SUCCESS,Trace 1,62,45.35289081946287
SUCCESS,Trace 1,62,45.68443957530455
SUCCESS,Trace 1,62,42.817739545656806
SUCCESS,Trace 1,62,46.414886075373914
SUCCESS,Trace 1,62,45.53414073962052
SUCCESS,Trace 1,62,44.63532593086755
SUCCESS,Trace 1,36,25.100831231646676
SUCCESS,Trace 1,62,44.8195976764793
SUCCESS,Trace 1,62,44.95057349931923
SUCCESS,Trace 1,62,44.553554502369686
SUCCESS,Trace 1,37,26.585698868062725
SUCCESS,Trace 1,60,44.402662857910606
SUCCESS,Trace 1,62,44.68688783570253
FAIL,Trace 1,20,12.869327565540562
FAIL,Trace 1,10,5.4868870349016765
SUCCESS,Trace 1,62,46.38559811766884
SUCCESS,Trace 1,62,44.35203203009078
SUCCESS,Trace 1,62,45.31959767940978
SUCCESS,Trace 1,62,45.418133557640694
SUCCESS,Trace 1,62,43.818398095232034
SUCCESS,Trace 1,62,45.952265602893014
FAIL,Trace 1,19,12.052264784323295
SUCCESS,Trace 1,62,46.41959316247833
SUCCESS,Trace 1,62,46.05265554006782
FAIL,Trace 1,6,2.632044434686411
SUCCESS,Trace 1,62,44.75293091934286
SUCCESS,Trace 1,62,44.42022116903636
SUCCESS,Trace 1,62,44.55355450236971
SUCCESS,Trace 1,62,45.48591975799902
SUCCESS,Trace 1,62,45.317795083572825
SUCCESS,Trace 1,62,43.36676463422458
SUCCESS,Trace 1,62,44.51959767646368
SUCCESS,Trace 1,62,44.05203272543687
SUCCESS,Trace 1,62,45.25235593389148
SUCCESS,Trace 1,62,44.686887835703025
SUCCESS,Trace 1,62,45.41839490274743
SUCCESS,Trace 1,62,44.686265111013654
SUCCESS,Trace 1,62,46.4198252189596
SUCCESS,Trace 1,62,45.18559893622721
SUCCESS,Trace 1,62,44.45355450212886
SUCCESS,Trace 1,62,45.61790887321148
SUCCESS,Trace 1,45,31.420221169036353
SUCCESS,Trace 1,62,42.05292573104347
FAIL,Trace 1,27,18.56928933587839
FAIL,Trace 1,9,5.530198292011488
SUCCESS,Trace 1,62,46.419293176649255
SUCCESS,Trace 1,62,45.452265602029286
SUCCESS,Trace 1,62,45.4177756669881
FAIL,Trace 1,22,14.386265111013628
SUCCESS,Trace 1,62,46.65226560200488
SUCCESS,Trace 1,62,45.901070204107064
SUCCESS,Trace 1,62,46.68625906417856
SUCCESS,Trace 1,62,45.58460143375601
SUCCESS,Trace 1,62,44.55355450236969
SUCCESS,Trace 1,62,45.320221169036365
SUCCESS,Trace 1,62,44.38591778536201
FAIL,Trace 1,26,17.752931778953787
SUCCESS,Trace 1,62,45.235075490007596
SUCCESS,Trace 1,62,44.42022116903636
SUCCESS,Trace 1,62,45.620221169036355
SUCCESS,Trace 1,62,47.352931778492824
SUCCESS,Trace 1,62,44.85235522342943
SUCCESS,Trace 1,62,44.301469841998994
SUCCESS,Trace 1,62,44.95293108233423
SUCCESS,Trace 1,62,44.084432687767894
SUCCESS,Trace 1,62,45.735373463197185
SUCCESS,Trace 1,62,45.61959774981396
SUCCESS,Trace 1,43,30.586887140356996
SUCCESS,Trace 1,62,45.08688783570302
SUCCESS,Trace 1,62,44.38688774410674
FAIL,Trace 1,16,10.49774904545284
FAIL,Trace 1,8,4.416737422975312
SUCCESS,Trace 1,62,44.88305384250977
SUCCESS,Trace 1,62,45.119277753528664
SUCCESS,Trace 1,62,46.181762641289225
SUCCESS,Trace 1,62,45.62022116903634
SUCCESS,Trace 1,62,44.91902381882349
SUCCESS,Trace 1,62,45.08657797587026
SUCCESS,Trace 1,62,46.01959844516078
SUCCESS,Trace 1,62,44.08599415295334
SUCCESS,Trace 1,62,45.318892172378355
SUCCESS,Trace 1,38,26.15355450236968
FAIL,Trace 1,15,9.902616691969582
SUCCESS,Trace 1,60,43.65143784502062
SUCCESS,Trace 1,62,44.5535545023697
SUCCESS,Trace 1,62,44.25266072805181
SUCCESS,Trace 1,62,45.62022116900881
FAIL,Trace 1,5,1.7982180338942522
SUCCESS,Trace 1,62,45.201464312238706
SUCCESS,Trace 1,62,46.28688783570301
SUCCESS,Trace 1,62,45.385648373999736
SUCCESS,Trace 1,62,44.9189322695597
SUCCESS,Trace 1,57,40.48626434607316
FAIL,Trace 1,11,6.553502244873654
SUCCESS,Trace 1,62,45.585598936227676
SUCCESS,Trace 1,62,42.818929477833926
SUCCESS,Trace 1,50,37.68263764748878
SUCCESS,Trace 1,53,36.88626434313454
SUCCESS,Trace 1,62,45.08688783570301
SUCCESS,Trace 1,62,43.4847710057327
FAIL,Trace 1,11,6.4317056875257315
FAIL,Trace 1,15,9.419598444919941
SUCCESS,Trace 1,62,45.18625906285082
SUCCESS,Trace 1,62,44.53599620330237
SUCCESS,Trace 1,62,47.05293101271551
SUCCESS,Trace 1,62,44.38683977213673
SUCCESS,Trace 1,62,45.568666018902384
SUCCESS,Trace 1,62,45.08683378698907
SUCCESS,Trace 1,62,44.553554410801496
SUCCESS,Trace 1,62,43.716707843574724
SUCCESS,Trace 1,62,44.55293100959161
SUCCESS,Trace 1,62,46.08449927549854
SUCCESS,Trace 1,62,45.48626511182746
SUCCESS,Trace 1,62,45.71955834798222
SUCCESS,Trace 1,62,47.61798947487307
SUCCESS,Trace 1,62,47.75355361182888
SUCCESS,Trace 1,62,45.45355448848244
SUCCESS,Trace 1,62,46.785063103530014
SUCCESS,Trace 1,62,46.198550426221004
SUCCESS,Trace 1,62,45.68537526574199
SUCCESS,Trace 1,62,45.6202204721024
SUCCESS,Trace 1,62,44.58568928721645
SUCCESS,Trace 1,62,44.153549222085964
SUCCESS,Trace 1,62,44.85235155785842
FAIL,Trace 1,18,11.318931450989899
SUCCESS,Trace 1,62,44.45173533859654
SUCCESS,Trace 1,62,46.286264343134505
SUCCESS,Trace 1,45,31.553554502369675
SUCCESS,Trace 1,62,45.618240972562106
SUCCESS,Trace 1,62,46.68688783570301
SUCCESS,Trace 1,62,47.78476489829003
SUCCESS,Trace 1,62,45.88688783570293
FAIL,Trace 1,27,18.752931000681368
SUCCESS,Trace 1,62,45.81756498500751
SUCCESS,Trace 1,61,43.82022116903636
SUCCESS,Trace 1,33,22.219597676467853
SUCCESS,Trace 1,30,20.15293100980118
SUCCESS,Trace 1,62,47.25107274374087
FAIL,Trace 1,15,9.917234875199993
SUCCESS,Trace 1,62,42.91959767646786
SUCCESS,Trace 1,62,45.61959767485183
SUCCESS,Trace 1,31,21.819598444349506
SUCCESS,Trace 1,62,44.21869939210352
SUCCESS,Trace 1,46,33.186264343134546
SUCCESS,Trace 1,62,44.18536605877018
SUCCESS,Trace 1,62,44.12022116744844
SUCCESS,Trace 1,62,44.419239765381064
SUCCESS,Trace 1,60,42.15355450236969
FAIL,Trace 1,15,8.986882555418713
SUCCESS,Trace 1,62,45.22022116903635
SUCCESS,Trace 1,62,45.21790359319562
SUCCESS,Trace 1,62,44.88476271004422
SUCCESS,Trace 1,62,43.78688783570302
SUCCESS,Trace 1,62,45.86866525294116
FAIL,Trace 1,12,6.834788085362833
SUCCESS,Trace 1,62,44.82022107746815
SUCCESS,Trace 1,62,46.15355450236969
SUCCESS,Trace 1,62,45.086887823644645
SUCCESS,Trace 1,62,46.41991668105546
SUCCESS,Trace 1,62,45.98688712508139
SUCCESS,Trace 1,62,46.369241812712104
SUCCESS,Trace 1,62,44.652660819619996
SUCCESS,Trace 1,30,20.102662869996564
SUCCESS,Trace 1,62,44.45226560041289
SUCCESS,Trace 1,62,44.65354576322407
SUCCESS,Trace 1,62,44.21869939210352
SUCCESS,Trace 1,62,45.18625836072571
SUCCESS,Trace 1,62,45.18559893622719
SUCCESS,Trace 1,62,45.01772894568043
SUCCESS,Trace 1,62,44.55354922208596
SUCCESS,Trace 1,62,44.95202508334787
SUCCESS,Trace 1,62,46.15293177768029
SUCCESS,Trace 1,62,46.85235584284286
SUCCESS,Trace 1,35,23.786887835703
SUCCESS,Trace 1,62,45.585598935362626
SUCCESS,Trace 1,62,45.48627678575502
SUCCESS,Trace 1,62,46.401990548271016
SUCCESS,Trace 1,62,45.35061429181985
SUCCESS,Trace 1,62,44.05355253041006
SUCCESS,Trace 1,62,45.31723998203257
SUCCESS,Trace 1,62,43.986887035097
SUCCESS,Trace 1,62,44.3535545023697
FAIL,Trace 1,5,1.765378591649179
SUCCESS,Trace 1,62,44.519287213070044
FAIL,Trace 1,28,19.18559893536263
FAIL,Trace 1,5,1.6993772769048252
SUCCESS,Trace 1,62,44.42022116882724
SUCCESS,Trace 1,62,45.853507477688616
SUCCESS,Trace 1,62,47.220180374944114
SUCCESS,Trace 1,62,44.41959844516
SUCCESS,Trace 1,36,27.184575539932204
SUCCESS,Trace 1,62,47.08457554014554
SUCCESS,Trace 1,62,46.384723236995015
SUCCESS,Trace 1,62,45.08457493636458
SUCCESS,Trace 1,62,45.33532800963697
SUCCESS,Trace 1,62,45.88559823838321
SUCCESS,Trace 1,62,46.5202158902913
SUCCESS,Trace 1,62,44.61782150569957
SUCCESS,Trace 1,62,44.020221169036375
SUCCESS,Trace 1,62,45.44995339804053
SUCCESS,Trace 1,62,45.21959844516078
SUCCESS,Trace 1,62,45.58559918427087
SUCCESS,Trace 1,62,44.585384792009606
SUCCESS,Trace 1,62,44.653244579780655
SUCCESS,Trace 1,43,31.25293177768025
SUCCESS,Trace 1,62,44.51902334005009
SUCCESS,Trace 1,62,45.419286533962946
SUCCESS,Trace 1,62,44.634706393711724
FAIL,Trace 1,26,17.886264343106482
SUCCESS,Trace 1,62,44.42022047368672
SUCCESS,Trace 1,62,47.034667205838076
SUCCESS,Trace 1,62,45.901369762169715
SUCCESS,Trace 1,62,44.55293177849413
SUCCESS,Trace 1,62,44.53599620332989
SUCCESS,Trace 1,33,23.08559893622767
SUCCESS,Trace 1,62,45.385366056495165
SUCCESS,Trace 1,62,44.11932748628668
SUCCESS,Trace 1,62,48.41928781978969
SUCCESS,Trace 1,62,45.72021578504881
SUCCESS,Trace 1,62,46.55355450236966
SUCCESS,Trace 1,62,45.44974014463531
SUCCESS,Trace 1,62,48.269019663368894
FAIL,Trace 1,25,17.36839695235377
SUCCESS,Trace 1,62,44.520181071858616
SUCCESS,Trace 1,62,47.35222550487787
SUCCESS,Trace 1,62,44.21959767646424
SUCCESS,Trace 1,62,48.01790826970107
SUCCESS,Trace 1,62,46.15355450236969
SUCCESS,Trace 1,62,44.0853660587702
SUCCESS,Trace 1,62,42.35236419407128
SUCCESS,Trace 1,46,32.55293100980119
FAIL,Trace 1,19,11.785994152953322
SUCCESS,Trace 1,62,45.65235667340927
FAIL,Trace 1,5,1.7320452583158459
SUCCESS,Trace 1,62,45.017729760197334
SUCCESS,Trace 1,62,44.285913770718736
SUCCESS,Trace 1,62,45.22022116903635
FAIL,Trace 1,18,11.486264342933211
SUCCESS,Trace 1,62,44.352931009801196
SUCCESS,Trace 1,62,42.58386241383309
SUCCESS,Trace 1,62,46.15227824811234
SUCCESS,Trace 1,62,45.785956301818466
SUCCESS,Trace 1,62,44.11932748628668
FAIL,Trace 1,11,6.399425093891108
SUCCESS,Trace 1,62,45.08688783570302
SUCCESS,Trace 1,62,45.18422759837656
FAIL,Trace 1,21,13.419758751592898
SUCCESS,Trace 1,62,44.286887835703034
SUCCESS,Trace 1,62,46.35235758348637
SUCCESS,Trace 1,62,46.75235585302421
SUCCESS,Trace 1,62,45.81764483245916
SUCCESS,Trace 1,62,45.32022107585254
SUCCESS,Trace 1,62,43.720215074333076
SUCCESS,Trace 1,62,46.15293031263053
SUCCESS,Trace 1,62,45.35355450236968
FAIL,Trace 1,16,9.952265601997572
SUCCESS,Trace 1,62,44.919022614548744
SUCCESS,Trace 1,34,23.61959844562046
SUCCESS,Trace 1,62,45.58596982251308
FAIL,Trace 1,5,1.7993772769048253
SUCCESS,Trace 1,62,44.6511553230395
SUCCESS,Trace 1,62,44.550533780518386
SUCCESS,Trace 1,62,45.453206026763645
FAIL,Trace 1,12,7.1655237093055
SUCCESS,Trace 1,62,47.05355450236961
SUCCESS,Trace 1,62,45.320220473641115
SUCCESS,Trace 1,62,44.818990571443244
SUCCESS,Trace 1,42,28.853554490098286
SUCCESS,Trace 1,62,45.14927886755237
SUCCESS,Trace 1,62,44.61853574558264
SUCCESS,Trace 1,62,45.68330400209067
FAIL,Trace 1,5,1.8801294969714422
SUCCESS,Trace 1,62,45.00084377363026
SUCCESS,Trace 1,62,45.22022116903632
SUCCESS,Trace 1,58,43.11774246127906
SUCCESS,Trace 1,62,45.852265599998816
SUCCESS,Trace 1,62,45.13419135537144
SUCCESS,Trace 1,62,44.95293177849412
SUCCESS,Trace 1,62,44.785689411374385
SUCCESS,Trace 1,62,44.95355450236967
SUCCESS,Trace 1,62,46.020215888748965
SUCCESS,Trace 1,62,45.551063593603146
SUCCESS,Trace 1,62,46.53333932263747
FAIL,Trace 1,27,19.61639876451034
SUCCESS,Trace 1,62,45.22022116903627
FAIL,Trace 1,14,9.164395256794007
SUCCESS,Trace 1,62,44.28626434607316
SUCCESS,Trace 1,62,46.81955834779701
SUCCESS,Trace 1,62,45.61785607895937
SUCCESS,Trace 1,62,44.65226478432331
SUCCESS,Trace 1,62,44.15355450236922
FAIL,Trace 1,22,15.662971260698765
SUCCESS,Trace 1,62,45.31521350069386
SUCCESS,Trace 1,62,42.48573120510306
SUCCESS,Trace 1,62,46.552931009769
SUCCESS,Trace 1,62,44.01995271648318
SUCCESS,Trace 1,62,44.81790896345965
SUCCESS,Trace 1,62,47.582723377694364
SUCCESS,Trace 1,62,44.553554502369614
SUCCESS,Trace 1,62,45.08626434607315
FAIL,Trace 1,15,9.616118937485393
SUCCESS,Trace 1,62,47.71786662897269
SUCCESS,Trace 1,62,44.819597676467865
SUCCESS,Trace 1,62,44.48329193202332
SUCCESS,Trace 1,62,45.31701000201414
SUCCESS,Trace 1,62,43.88439994026592
SUCCESS,Trace 1,62,44.185592038695525
SUCCESS,Trace 1,62,46.118931454116115
SUCCESS,Trace 1,62,44.152931009801215
SUCCESS,Trace 1,62,45.85262729118572
SUCCESS,Trace 1,62,45.750932530329095
SUCCESS,Trace 1,44,31.43470648841325
SUCCESS,Trace 1,62,47.88688783567545
SUCCESS,Trace 1,62,44.42022116903629
SUCCESS,Trace 1,62,47.28360546511531
SUCCESS,Trace 1,62,45.18688783570303
SUCCESS,Trace 1,62,46.78427044838679
SUCCESS,Trace 1,62,45.78502923938331
SUCCESS,Trace 1,62,42.05355251340862
FAIL,Trace 1,16,10.467649856251589
SUCCESS,Trace 1,62,44.55239036364014
FAIL,Trace 1,17,10.816619245412758
SUCCESS,Trace 1,62,46.38559893332888
SUCCESS,Trace 1,62,46.26932953507529
SUCCESS,Trace 1,62,45.48626546152288
SUCCESS,Trace 1,62,46.52021975396883
SUCCESS,Trace 1,46,33.22022116903634
SUCCESS,Trace 1,62,44.55354922208594
SUCCESS,Trace 1,62,44.252660826327975
SUCCESS,Trace 1,62,45.98658334790732
SUCCESS,Trace 1,62,45.185073145287255
SUCCESS,Trace 1,62,44.93537347864051
SUCCESS,Trace 1,62,44.020221169036375
SUCCESS,Trace 1,62,45.91835801751168
FAIL,Trace 1,5,1.8849739832244177
FAIL,Trace 1,19,12.719017607027244
SUCCESS,Trace 1,37,24.85293100797278
SUCCESS,Trace 1,62,44.998548701830586
SUCCESS,Trace 1,62,46.16870525919441
SUCCESS,Trace 1,62,45.41746069709735
SUCCESS,Trace 1,62,44.019597676467875
SUCCESS,Trace 1,62,44.12022116903637
SUCCESS,Trace 1,62,46.53568642319218
SUCCESS,Trace 1,62,46.951084194188816
SUCCESS,Trace 1,62,47.08423258013524
SUCCESS,Trace 1,62,44.9359962033299
SUCCESS,Trace 1,33,22.186887835703015
SUCCESS,Trace 1,62,46.51897833685821
SUCCESS,Trace 1,62,45.21893157421392
SUCCESS,Trace 1,62,45.22022116903634
SUCCESS,Trace 1,62,44.28626434313453
SUCCESS,Trace 1,42,29.134473731051045
SUCCESS,Trace 1,55,38.353554502369704
SUCCESS,Trace 1,62,46.64968400947312
SUCCESS,Trace 1,62,43.55293165301493
SUCCESS,Trace 1,62,45.58688254490693
SUCCESS,Trace 1,62,45.98569712392659
SUCCESS,Trace 1,62,44.78688783570253
SUCCESS,Trace 1,62,45.283910571791644
SUCCESS,Trace 1,62,45.05124150967263
SUCCESS,Trace 1,62,48.26377836328882
SUCCESS,Trace 1,62,44.82022116903637
SUCCESS,Trace 1,62,44.686264343134575
SUCCESS,Trace 1,62,44.78559893536264
SUCCESS,Trace 1,62,45.05004570490207
SUCCESS,Trace 1,62,45.88595992631162
SUCCESS,Trace 1,62,45.434706607643534
SUCCESS,Trace 1,62,44.553554500545104
SUCCESS,Trace 1,37,25.41959844413786
SUCCESS,Trace 1,62,45.58391057020427
SUCCESS,Trace 1,54,37.535372710761415
SUCCESS,Trace 1,62,44.485295871208905
SUCCESS,Trace 1,62,44.55355450216058
SUCCESS,Trace 1,62,44.73443423746464
SUCCESS,Trace 1,62,46.51892607731298
SUCCESS,Trace 1,62,46.63470648840976
SUCCESS,Trace 1,62,45.951626152458154
SUCCESS,Trace 1,62,45.18333760987031
SUCCESS,Trace 1,62,46.25236232515303
SUCCESS,Trace 1,62,44.28395213914577
SUCCESS,Trace 1,62,48.420180980278104
SUCCESS,Trace 1,62,47.066712844906306
SUCCESS,Trace 1,62,46.61774097547254
SUCCESS,Trace 1,62,44.26932953666326
SUCCESS,Trace 1,62,45.620221169036334
SUCCESS,Trace 1,62,47.98269899469047
FAIL,Trace 1,16,10.184440268055656
FAIL,Trace 1,18,12.235332674657307
SUCCESS,Trace 1,62,46.38688783570303
SUCCESS,Trace 1,62,44.38559811765666
SUCCESS,Trace 1,62,45.619598444343346
SUCCESS,Trace 1,62,44.99743985810912
SUCCESS,Trace 1,62,46.71956880345902
SUCCESS,Trace 1,62,46.15355450236968
SUCCESS,Trace 1,62,45.71990845360797
SUCCESS,Trace 1,62,45.40140875333375
SUCCESS,Trace 1,62,45.58621742211184
SUCCESS,Trace 1,62,46.886262106842274
SUCCESS,Trace 1,62,45.95267387248058
SUCCESS,Trace 1,62,44.15226281116465
SUCCESS,Trace 1,62,45.051039755637824
SUCCESS,Trace 1,62,45.38466850163404
SUCCESS,Trace 1,37,25.553554502369675
SUCCESS,Trace 1,62,44.48536605879632
SUCCESS,Trace 1,62,44.55355450236921
SUCCESS,Trace 1,62,44.617473345416904
SUCCESS,Trace 1,62,46.28688782364465
SUCCESS,Trace 1,62,45.35293177768334
SUCCESS,Trace 1,62,46.15355450236968
SUCCESS,Trace 1,62,46.41959360617366
SUCCESS,Trace 1,62,44.11509593868505
SUCCESS,Trace 1,62,43.3517293552324
SUCCESS,Trace 1,42,29.9321756770203
SUCCESS,Trace 1,62,45.61959239456804
SUCCESS,Trace 1,62,44.28457563171426
SUCCESS,Trace 1,54,38.71839490433543
SUCCESS,Trace 1,62,45.452265602893014
SUCCESS,Trace 1,62,43.2202211690363
SUCCESS,Trace 1,62,44.15355450236971
SUCCESS,Trace 1,48,33.220221169036364
SUCCESS,Trace 1,62,42.986885862546984
SUCCESS,Trace 1,62,44.95293177895381
SUCCESS,Trace 1,37,23.96932778756825
SUCCESS,Trace 1,62,46.352394632345366
SUCCESS,Trace 1,62,45.01926221699086
SUCCESS,Trace 1,40,27.852265602032517
SUCCESS,Trace 1,62,45.65320005114183
SUCCESS,Trace 1,62,46.68595522675336
SUCCESS,Trace 1,62,44.11566635227809
SUCCESS,Trace 1,62,41.033682026187115
FAIL,Trace 1,23,15.286265111016641
SUCCESS,Trace 1,62,43.95115763015638
SUCCESS,Trace 1,62,47.75354922049436
SUCCESS,Trace 1,62,45.58559283737296
SUCCESS,Trace 1,62,44.11790896502449
SUCCESS,Trace 1,62,46.81959844515999
SUCCESS,Trace 1,62,45.05292954926136
SUCCESS,Trace 1,62,46.185684239959734
SUCCESS,Trace 1,62,45.385596468847474
SUCCESS,Trace 1,62,45.68290193214784
SUCCESS,Trace 1,62,45.72022116903634
SUCCESS,Trace 1,55,38.58688783570302
FAIL,Trace 1,17,10.978113361539759
SUCCESS,Trace 1,62,45.219598445620505
SUCCESS,Trace 1,62,47.88587428008185
SUCCESS,Trace 1,62,44.68626434292541
SUCCESS,Trace 1,62,46.41959698112178
SUCCESS,Trace 1,62,45.05355438465501
SUCCESS,Trace 1,62,44.18319783972938
SUCCESS,Trace 1,62,45.08688783408755
SUCCESS,Trace 1,62,44.38457560397206
SUCCESS,Trace 1,62,44.95355450236969
SUCCESS,Trace 1,40,28.218931451002163
SUCCESS,Trace 1,62,45.59972708322129
SUCCESS,Trace 1,62,45.95231274752421
SUCCESS,Trace 1,62,44.251688597920364
SUCCESS,Trace 1,46,34.13106193549567
FAIL,Trace 1,26,17.620221169036324
SUCCESS,Trace 1,62,45.383696037541625
SUCCESS,Trace 1,62,45.650433438974666
SUCCESS,Trace 1,62,46.03479956917709
SUCCESS,Trace 1,62,47.851742099364536
SUCCESS,Trace 1,42,30.252931778494094
SUCCESS,Trace 1,62,44.3508755966189
SUCCESS,Trace 1,62,44.51893226869598
SUCCESS,Trace 1,62,44.41959766440588
SUCCESS,Trace 1,62,45.88688783567547
SUCCESS,Trace 1,62,44.552931777683355
SUCCESS,Trace 1,62,43.98622079428933
SUCCESS,Trace 1,62,44.220221168823095
SUCCESS,Trace 1,62,47.21959843208203
FAIL,Trace 1,25,16.71777360489334
SUCCESS,Trace 1,62,44.185956394974625
SUCCESS,Trace 1,62,44.93599620332989
SUCCESS,Trace 1,62,45.01959844434698
SUCCESS,Trace 1,62,44.086264343134545
FAIL,Trace 1,18,11.086887835703
SUCCESS,Trace 1,62,44.918932268695976
SUCCESS,Trace 1,62,46.65110423821504
SUCCESS,Trace 1,62,45.01869939189438
FAIL,Trace 1,9,4.9683962431237365
SUCCESS,Trace 1,62,45.15106423457823
FAIL,Trace 1,17,11.286265019095648
SUCCESS,Trace 1,62,47.568706100163425
SUCCESS,Trace 1,62,45.74986775509253
SUCCESS,Trace 1,62,44.68413660939768
SUCCESS,Trace 1,62,45.15355450210186
SUCCESS,Trace 1,62,44.05203272543687
SUCCESS,Trace 1,62,46.35226478127137
SUCCESS,Trace 1,62,46.020221168978445
SUCCESS,Trace 1,62,44.92022115515267
SUCCESS,Trace 1,62,45.18559940587253
FAIL,Trace 1,19,12.835063619624323
SUCCESS,Trace 1,62,45.45226607253919
SUCCESS,Trace 1,62,43.96572993299228
SUCCESS,Trace 1,45,31.81959844435
SUCCESS,Trace 1,62,45.35293177849412
SUCCESS,Trace 1,48,34.2535545023696
SUCCESS,Trace 1,62,46.15124220680905
SUCCESS,Trace 1,62,44.91903148394831
SUCCESS,Trace 1,62,44.26792851476204
SUCCESS,Trace 1,39,27.35203446490342
SUCCESS,Trace 1,62,46.9353727816816
SUCCESS,Trace 1,62,44.61715502856943
SUCCESS,Trace 1,62,45.2830485728817
SUCCESS,Trace 1,62,46.751954369236415
SUCCESS,Trace 1,62,45.55226478431869
SUCCESS,Trace 1,30,20.686887835675467
SUCCESS,Trace 1,42,29.452393208999197
SUCCESS,Trace 1,62,45.31906689352513
SUCCESS,Trace 1,41,28.086264343134527
FAIL,Trace 1,29,19.820221169036337
SUCCESS,Trace 1,62,46.80108013406723
SUCCESS,Trace 1,62,44.9523159348845
SUCCESS,Trace 1,62,47.88688783570302
SUCCESS,Trace 1,49,34.56439831045693
SUCCESS,Trace 1,62,44.28688783549392
SUCCESS,Trace 1,62,44.5529310095885
SUCCESS,Trace 1,56,40.25226478432331
SUCCESS,Trace 1,62,45.852224598730146
SUCCESS,Trace 1,30,21.052265602892987
SUCCESS,Trace 1,62,46.65226560285773
FAIL,Trace 1,29,19.75239005650142
SUCCESS,Trace 1,62,47.30133387091676
FAIL,Trace 1,5,1.766043943571492
SUCCESS,Trace 1,62,46.652264782731685
SUCCESS,Trace 1,62,44.419598444346995
SUCCESS,Trace 1,62,47.050317241911365
SUCCESS,Trace 1,38,26.953554502369673
SUCCESS,Trace 1,62,48.46751481702253
SUCCESS,Trace 1,62,45.18568579882103
SUCCESS,Trace 1,62,45.15231674477667
SUCCESS,Trace 1,62,45.20266277821926
SUCCESS,Trace 1,62,44.353549130496056
SUCCESS,Trace 1,62,46.119024969637785
SUCCESS,Trace 1,62,46.11854139685098
SUCCESS,Trace 1,62,45.583952139141005
SUCCESS,Trace 1,62,44.1535545023697
SUCCESS,Trace 1,62,44.686887835703025
SUCCESS,Trace 1,62,46.385598935334556
SUCCESS,Trace 1,62,44.0529229573889
SUCCESS,Trace 1,62,44.31765707990637
SUCCESS,Trace 1,62,45.15239873041366
FAIL,Trace 1,21,13.185689279773921
SUCCESS,Trace 1,62,45.7190668932841
SUCCESS,Trace 1,62,44.383281968371186
SUCCESS,Trace 1,62,45.351733182067825
SUCCESS,Trace 1,62,44.41959844434699
SUCCESS,Trace 1,62,43.98688783570304
SUCCESS,Trace 1,62,45.83533260131167
SUCCESS,Trace 1,62,44.952891588957485
SUCCESS,Trace 1,62,44.55354922208593
SUCCESS,Trace 1,62,46.38395281624656
FAIL,Trace 1,13,7.601763906931524
FAIL,Trace 1,16,10.286881754586298
SUCCESS,Trace 1,62,44.552931009812646
SUCCESS,Trace 1,62,44.61862777933998
SUCCESS,Trace 1,62,44.85204192870174
SUCCESS,Trace 1,62,45.2514312642461
SUCCESS,Trace 1,62,43.852931007972806
SUCCESS,Trace 1,62,46.084500963563414
SUCCESS,Trace 1,62,46.51894910800549
FAIL,Trace 1,25,16.58559811765663
SUCCESS,Trace 1,62,44.42022116903637
SUCCESS,Trace 1,62,48.783034746177044
SUCCESS,Trace 1,62,46.28688771843015
SUCCESS,Trace 1,62,46.01929309712795
SUCCESS,Trace 1,62,44.653547678540136
SUCCESS,Trace 1,33,23.11893145100217
SUCCESS,Trace 1,62,44.95355441080101
FAIL,Trace 1,19,12.053554502369124
SUCCESS,Trace 1,62,45.185598935362634
FAIL,Trace 1,26,16.953554502369673
SUCCESS,Trace 1,62,44.286264343134526
SUCCESS,Trace 1,62,48.34884293079564
SUCCESS,Trace 1,62,46.55119074672935
SUCCESS,Trace 1,62,44.919598444322006
SUCCESS,Trace 1,62,44.786887138932656
SUCCESS,Trace 1,62,45.73595610617476
SUCCESS,Trace 1,62,45.16773545321193
SUCCESS,Trace 1,62,45.15203448750997
SUCCESS,Trace 1,62,45.35293177768333
SUCCESS,Trace 1,62,43.953554502369705
FAIL,Trace 1,9,4.833643796731148
SUCCESS,Trace 1,62,44.82022116903635
SUCCESS,Trace 1,62,44.91893273920587
SUCCESS,Trace 1,62,45.486847031144
SUCCESS,Trace 1,32,22.35226407983244
SUCCESS,Trace 1,62,44.65266081964599
SUCCESS,Trace 1,62,44.28626434313454
SUCCESS,Trace 1,62,44.419916681268305
SUCCESS,Trace 1,51,35.82022116903636
SUCCESS,Trace 1,36,24.252925020811734
SUCCESS,Trace 1,62,44.55355450210189
SUCCESS,Trace 1,62,44.68688783570303
SUCCESS,Trace 1,62,45.32022107150854
SUCCESS,Trace 1,36,24.419597676467856
SUCCESS,Trace 1,48,34.59902074718021
SUCCESS,Trace 1,62,45.617245373290736
SUCCESS,Trace 1,62,44.82022116903636
SUCCESS,Trace 1,62,45.285598936226364
SUCCESS,Trace 1,62,45.18510369518609
SUCCESS,Trace 1,62,47.052265590834644
FAIL,Trace 1,12,6.686887835462177
SUCCESS,Trace 1,62,45.486887140357005
SUCCESS,Trace 1,46,32.28688783570302
SUCCESS,Trace 1,62,46.25226560147358
SUCCESS,Trace 1,62,46.28626511101666
SUCCESS,Trace 1,62,45.73599620332989
FAIL,Trace 1,24,16.752205899808946
SUCCESS,Trace 1,62,44.020221169036375
SUCCESS,Trace 1,62,44.252660819645996
FAIL,Trace 1,6,2.6333333333333333
SUCCESS,Trace 1,36,25.15226477518172
SUCCESS,Trace 1,62,45.05355379309582
SUCCESS,Trace 1,62,44.75203272543684
SUCCESS,Trace 1,62,44.65266082632797
FAIL,Trace 1,8,3.8529249287161096
SUCCESS,Trace 1,46,31.13599620332942
SUCCESS,Trace 1,62,43.985365258164364
SUCCESS,Trace 1,62,46.819294398656346
SUCCESS,Trace 1,62,42.386885834951926
SUCCESS,Trace 1,55,40.96605002306538
SUCCESS,Trace 1,62,47.183905896113245
SUCCESS,Trace 1,62,45.51511073901088
FAIL,Trace 1,27,19.286265111799402
SUCCESS,Trace 1,62,45.913303662003955
SUCCESS,Trace 1,62,46.28626441648141
SUCCESS,Trace 1,62,45.5188906346604
SUCCESS,Trace 1,62,45.967999831554245
SUCCESS,Trace 1,62,45.5173867325253
SUCCESS,Trace 1,62,46.25177687137962
SUCCESS,Trace 1,62,43.52021919354377
SUCCESS,Trace 1,59,43.80203945077418
SUCCESS,Trace 1,62,44.15355450236963
SUCCESS,Trace 1,62,45.28440868363488
SUCCESS,Trace 1,62,44.68626509895528
SUCCESS,Trace 1,62,46.32820602037565
SUCCESS,Trace 1,62,44.7519625412344
SUCCESS,Trace 1,62,44.218699392103524
FAIL,Trace 1,14,8.952931068132727
SUCCESS,Trace 1,62,45.98688186036474
SUCCESS,Trace 1,62,44.72022045561753
SUCCESS,Trace 1,62,43.98599415295336
SUCCESS,Trace 1,62,45.48506447669216
SUCCESS,Trace 1,62,45.085364319387295
SUCCESS,Trace 1,62,47.313949941629446
SUCCESS,Trace 1,62,44.38559811765666
SUCCESS,Trace 1,62,43.31840356143808
SUCCESS,Trace 1,62,45.619598352781786
FAIL,Trace 1,23,15.686887835699313
SUCCESS,Trace 1,62,43.68626313905284
SUCCESS,Trace 1,57,40.18559893536587
FAIL,Trace 1,22,14.933338613617138
FAIL,Trace 1,6,2.5987111013530777
SUCCESS,Trace 1,62,44.9170650893049
SUCCESS,Trace 1,62,43.986887835703044
SUCCESS,Trace 1,62,44.28626434313453
SUCCESS,Trace 1,62,44.15235066018743
SUCCESS,Trace 1,62,43.583862214739376
SUCCESS,Trace 1,62,44.78525353273393
SUCCESS,Trace 1,62,44.21959767940646
SUCCESS,Trace 1,62,46.1350621585249
SUCCESS,Trace 1,62,44.88688783570304
SUCCESS,Trace 1,62,45.94735141566398
SUCCESS,Trace 1,62,46.751201565908914
SUCCESS,Trace 1,38,28.020221169036336
SUCCESS,Trace 1,62,46.218308645023136
SUCCESS,Trace 1,30,20.020221169036343
SUCCESS,Trace 1,62,44.766917672771385
SUCCESS,Trace 1,62,45.48688783570301
SUCCESS,Trace 1,62,44.318931450966886
SUCCESS,Trace 1,62,45.08626511101003
SUCCESS,Trace 1,62,44.93537271076144
SUCCESS,Trace 1,31,20.701769187246885
FAIL,Trace 1,23,15.518945610154592
SUCCESS,Trace 1,62,44.751118022439556
SUCCESS,Trace 1,62,46.81786886789291
SUCCESS,Trace 1,62,47.48684773693242
SUCCESS,Trace 1,62,45.885919061249844
SUCCESS,Trace 1,62,41.48688783546634
SUCCESS,Trace 1,62,46.28457563012623
SUCCESS,Trace 1,62,44.552931777683355
SUCCESS,Trace 1,62,46.00204014530671
SUCCESS,Trace 1,62,46.53537346785201
SUCCESS,Trace 1,62,45.586847646774515
SUCCESS,Trace 1,62,46.01929317958282
SUCCESS,Trace 1,62,46.38559892444393
SUCCESS,Trace 1,30,20.68626434313451
SUCCESS,Trace 1,62,47.45293107108892
SUCCESS,Trace 1,62,46.150619573691536
SUCCESS,Trace 1,62,46.11893144941424
SUCCESS,Trace 1,62,45.05293177849413
SUCCESS,Trace 1,62,44.11991668126831
SUCCESS,Trace 1,62,44.81901510820924
FAIL,Trace 1,27,19.249563325437478
SUCCESS,Trace 1,62,44.45235396360484
SUCCESS,Trace 1,62,46.235102428983986
SUCCESS,Trace 1,62,44.61773228936861
SUCCESS,Trace 1,62,45.83470577449419
SUCCESS,Trace 1,62,44.91932748628658
SUCCESS,Trace 1,62,44.71666956467536
SUCCESS,Trace 1,62,44.45355449473794
SUCCESS,Trace 1,62,44.75288408877238
SUCCESS,Trace 1,62,44.35203272543683
FAIL,Trace 1,28,19.552355229017074
SUCCESS,Trace 1,61,44.32022115518092
SUCCESS,Trace 1,62,44.886265112287184
SUCCESS,Trace 1,62,45.00133305437733
SUCCESS,Trace 1,62,44.90080601112071
SUCCESS,Trace 1,62,44.68688783570302
SUCCESS,Trace 1,62,45.753554502369596
SUCCESS,Trace 1,30,20.786881754827057
SUCCESS,Trace 1,62,43.552264784082524
SUCCESS,Trace 1,62,44.78529293295464
SUCCESS,Trace 1,34,23.986887835703
SUCCESS,Trace 1,62,47.04946441187121
SUCCESS,Trace 1,62,45.40022138073293
SUCCESS,Trace 1,62,44.76804063631923
SUCCESS,Trace 1,62,45.21790896502003
FAIL,Trace 1,22,15.433020470669875
SUCCESS,Trace 1,62,45.952931686064304
FAIL,Trace 1,21,13.953554502369181
SUCCESS,Trace 1,62,45.55172824441044
SUCCESS,Trace 1,62,44.552931009801185
SUCCESS,Trace 1,34,21.95235246548768
SUCCESS,Trace 1,62,45.185598935359
SUCCESS,Trace 1,62,44.952931009592085
SUCCESS,Trace 1,62,45.28559915523583
SUCCESS,Trace 1,62,45.22022116903635
SUCCESS,Trace 1,62,44.78559893622722
SUCCESS,Trace 1,62,46.38501980268741
SUCCESS,Trace 1,62,45.45111646102219
SUCCESS,Trace 1,62,44.6853709027864
SUCCESS,Trace 1,62,44.62021942965623
SUCCESS,Trace 1,62,44.3865813726598
SUCCESS,Trace 1,62,44.93506822299334
SUCCESS,Trace 1,62,43.48688783567546
SUCCESS,Trace 1,62,45.649952583257075
SUCCESS,Trace 1,62,45.06839618288681
SUCCESS,Trace 1,62,44.585598936227214
SUCCESS,Trace 1,62,44.21778546650762
SUCCESS,Trace 1,62,46.95324931763964
SUCCESS,Trace 1,62,44.252264784323344
SUCCESS,Trace 1,62,45.285342302562974
FAIL,Trace 1,7,3.286841657463295
SUCCESS,Trace 1,62,45.58328591366787
FAIL,Trace 1,7,3.251914118340278
FAIL,Trace 1,23,15.031552461716055
SUCCESS,Trace 1,38,27.084396899387315
SUCCESS,Trace 1,62,44.68625906285078
SUCCESS,Trace 1,62,44.4195983527788
SUCCESS,Trace 1,62,44.21893134553869
SUCCESS,Trace 1,62,46.516754689295894
SUCCESS,Trace 1,62,46.68688255541562
SUCCESS,Trace 1,57,41.28688783570301
FAIL,Trace 1,13,8.065468223611953
SUCCESS,Trace 1,62,45.933215650557116
SUCCESS,Trace 1,62,45.49782312431789
SUCCESS,Trace 1,62,44.519287816847864
SUCCESS,Trace 1,62,45.052259504039576
SUCCESS,Trace 1,62,47.33533261654537
FAIL,Trace 1,26,18.15293177846656
FAIL,Trace 1,13,8.018885983280875
SUCCESS,Trace 1,36,24.80057237564825
SUCCESS,Trace 1,62,46.933819955712714
SUCCESS,Trace 1,62,45.352931778489655
SUCCESS,Trace 1,62,44.81941124872707
SUCCESS,Trace 1,62,44.9359962033299
SUCCESS,Trace 1,62,44.75205492328036
SUCCESS,Trace 1,62,46.352265602028815
SUCCESS,Trace 1,62,45.718931574702836
SUCCESS,Trace 1,62,45.58653339967418
SUCCESS,Trace 1,62,46.95354922208547
SUCCESS,Trace 1,62,45.85239320023681
SUCCESS,Trace 1,62,46.11893226869918
SUCCESS,Trace 1,62,46.148760015338
SUCCESS,Trace 1,62,45.68563443225248
SUCCESS,Trace 1,62,45.02022036964141
SUCCESS,Trace 1,35,23.783053854781397
SUCCESS,Trace 1,62,45.85147143460154
SUCCESS,Trace 1,62,45.51773183621506
SUCCESS,Trace 1,62,45.21959767940649
SUCCESS,Trace 1,62,42.18568621265363
SUCCESS,Trace 1,62,41.75325001460159
SUCCESS,Trace 1,62,45.85226478433501
SUCCESS,Trace 1,62,46.48208602102684
FAIL,Trace 1,27,18.620221169036334
FAIL,Trace 1,22,14.8195976764756
SUCCESS,Trace 1,62,44.819597676467865
SUCCESS,Trace 1,62,45.152623598126894
SUCCESS,Trace 1,62,47.45200514884869
SUCCESS,Trace 1,40,27.55203272543683
SUCCESS,Trace 1,62,44.61959767646779
SUCCESS,Trace 1,62,46.71515121144869
SUCCESS,Trace 1,62,45.08626511101667
SUCCESS,Trace 1,62,44.550040383771346
SUCCESS,Trace 1,62,44.618720279958126
SUCCESS,Trace 1,62,46.28364755982094
SUCCESS,Trace 1,62,46.3663522727308
SUCCESS,Trace 1,62,46.71843706591377
FAIL,Trace 1,15,9.286265110803365
SUCCESS,Trace 1,62,47.26448610374198
SUCCESS,Trace 1,62,45.151106046003235
SUCCESS,Trace 1,62,45.5868477146985
FAIL,Trace 1,28,18.91960846746211
SUCCESS,Trace 1,62,45.98599588164391
SUCCESS,Trace 1,62,47.18688560829141
SUCCESS,Trace 1,62,44.51893145252829
SUCCESS,Trace 1,62,44.98688774251163
SUCCESS,Trace 1,62,45.719598444321434
SUCCESS,Trace 1,62,46.33474860547267
SUCCESS,Trace 1,62,46.151313933277144
SUCCESS,Trace 1,62,47.1523081182085
SUCCESS,Trace 1,62,46.15351440521501
SUCCESS,Trace 1,62,45.88626434154296
SUCCESS,Trace 1,62,46.953553806814575
FAIL,Trace 1,22,15.566353803215803
SUCCESS,Trace 1,36,24.419597676467856
SUCCESS,Trace 1,62,45.18626440354293
SUCCESS,Trace 1,62,46.91955235979911
FAIL,Trace 1,6,2.7484856442110304
SUCCESS,Trace 1,62,46.11959843760742
SUCCESS,Trace 1,62,44.81959767646786
SUCCESS,Trace 1,62,45.28591594833041
SUCCESS,Trace 1,36,24.286887835703016
SUCCESS,Trace 1,30,20.21893226845514
SUCCESS,Trace 1,62,47.21991668126464
SUCCESS,Trace 1,62,45.96617794610995
SUCCESS,Trace 1,62,45.11893145098997
SUCCESS,Trace 1,62,44.31869939207984
SUCCESS,Trace 1,62,48.15061887813895
SUCCESS,Trace 1,62,48.433597237700894
SUCCESS,Trace 1,62,44.08688714011621
SUCCESS,Trace 1,62,44.82022116903635
SUCCESS,Trace 1,62,44.75293177849414
SUCCESS,Trace 1,62,46.783230085963226
SUCCESS,Trace 1,62,45.868706812787664
SUCCESS,Trace 1,62,44.42022116903635
SUCCESS,Trace 1,62,45.81869869675748
SUCCESS,Trace 1,62,45.28684245099963
SUCCESS,Trace 1,62,44.085914681326116
SUCCESS,Trace 1,62,44.25173790226775
SUCCESS,Trace 1,62,44.68564926377355
SUCCESS,Trace 1,62,45.052930235407594
SUCCESS,Trace 1,62,45.65226560203252
FAIL,Trace 1,13,8.432410646938267
SUCCESS,Trace 1,62,44.15288746095599
SUCCESS,Trace 1,41,28.483952906997327
SUCCESS,Trace 1,62,46.38341467175977
SUCCESS,Trace 1,62,44.68626434313453
SUCCESS,Trace 1,62,45.31773681912133
SUCCESS,Trace 1,62,44.686887835675485
SUCCESS,Trace 1,53,38.36470714540115
SUCCESS,Trace 1,62,45.9862191557867
SUCCESS,Trace 1,62,43.619597676467876
SUCCESS,Trace 1,62,44.88275507764943
SUCCESS,Trace 1,62,45.486882541772985
FAIL,Trace 1,7,3.2859144450058766
SUCCESS,Trace 1,62,46.35191419292936
SUCCESS,Trace 1,62,46.25104151752029
SUCCESS,Trace 1,62,45.21959844515997
SUCCESS,Trace 1,62,44.58569815063801
SUCCESS,Trace 1,62,45.21959844516079
FAIL,Trace 1,28,19.486887835699374
SUCCESS,Trace 1,62,44.21959767646786
SUCCESS,Trace 1,62,45.750618793754036
SUCCESS,Trace 1,62,43.934441025973065
SUCCESS,Trace 1,62,46.78270577069914
FAIL,Trace 1,10,5.352930904345855
SUCCESS,Trace 1,62,48.935332522049514
SUCCESS,Trace 1,29,20.18688783570292
SUCCESS,Trace 1,62,44.18622501385901
SUCCESS,Trace 1,47,34.06870604409473
SUCCESS,Trace 1,62,44.36843585391308
SUCCESS,Trace 1,62,45.220221169032726
SUCCESS,Trace 1,62,46.68688783546635
SUCCESS,Trace 1,30,20.518931450989907
SUCCESS,Trace 1,62,42.81959767646782
SUCCESS,Trace 1,62,44.386887835490285
SUCCESS,Trace 1,62,45.75355439850236
SUCCESS,Trace 1,62,44.553553591454325
SUCCESS,Trace 1,62,45.62022116903634
SUCCESS,Trace 1,62,46.41959888642441
SUCCESS,Trace 1,62,42.42022038230052
SUCCESS,Trace 1,62,45.620221169036334
SUCCESS,Trace 1,62,47.851103509375136
SUCCESS,Trace 1,62,46.61773295323817
SUCCESS,Trace 1,62,46.318358427039556
SUCCESS,Trace 1,62,45.11591976442033
SUCCESS,Trace 1,62,44.95355450236967
SUCCESS,Trace 1,62,45.9862583679678
SUCCESS,Trace 1,62,45.88658334793494
SUCCESS,Trace 1,62,44.920221169036296
SUCCESS,Trace 1,62,45.21786289226318
SUCCESS,Trace 1,33,22.986840913060142
SUCCESS,Trace 1,62,46.31894679865132
SUCCESS,Trace 1,62,44.08536605874254
SUCCESS,Trace 1,62,44.135996203329924
SUCCESS,Trace 1,62,46.11741675548685
SUCCESS,Trace 1,62,44.5535492220584
SUCCESS,Trace 1,62,45.551918563739925
SUCCESS,Trace 1,62,44.41832300158258
SUCCESS,Trace 1,62,44.58417842793881
SUCCESS,Trace 1,62,45.6202211690321
SUCCESS,Trace 1,62,44.599111812674856
SUCCESS,Trace 1,62,45.06870604247149
FAIL,Trace 1,10,5.352930904345855
SUCCESS,Trace 1,62,44.419591700838126
FAIL,Trace 1,18,11.886887835674854
SUCCESS,Trace 1,62,47.51862402317307
SUCCESS,Trace 1,62,45.33599619127155
FAIL,Trace 1,26,17.318931451002154
SUCCESS,Trace 1,62,46.551201412720474
SUCCESS,Trace 1,62,44.119554127622656
SUCCESS,Trace 1,62,45.353554502369676
SUCCESS,Trace 1,46,32.268706811973864
