{
  "variables": {},
  "activations": [
    {
      "id": "$setup_constants",
      "execute": "$setup_constants",
      "after": "0",
      "priority": 0,
      "additionalGuards": null,
      "activationKind": null,
      "fixedVariables": null,
      "probabilisticVariables": null,
      "activating": null,
      "activatingOnlyWhenExecuted": true,
      "updating": null,
      "withPredicate": null
    },
    {
      "id": "$initialise_machine",
      "execute": "$initialise_machine",
      "after": "0",
      "priority": 0,
      "additionalGuards": null,
      "activationKind": null,
      "fixedVariables": {
        "Crash": "FALSE",
        "VehiclesAy": "{(EgoVehicle↦0.0),(Vehicles2↦0.0),(Vehicles3↦0.0),(Vehicles4↦0.0),(Vehicles5↦0.0)}",
        "Reward": "0.0",
        "VehiclesAx": "{(EgoVehicle↦0.0),(Vehicles2↦0.0),(Vehicles3↦0.0),(Vehicles4↦0.0),(Vehicles5↦0.0)}",
        "VehiclesVx": "{(EgoVehicle↦25.0),(Vehicles2↦-3.465375602245331),(Vehicles3↦-3.9300882816314697),(Vehicles4↦-1.4023812115192413),(Vehicles5↦-1.0511472076177597)}",
        "VehiclesY": "{(EgoVehicle↦8.000000238418579),(Vehicles2↦-4.0000001192092896),(Vehicles3↦0.0),(Vehicles4↦-8.000000238418579),(Vehicles5↦-8.000000238418579)}",
        "VehiclesVy": "{(EgoVehicle↦0.0),(Vehicles2↦0.0),(Vehicles3↦0.0),(Vehicles4↦0.0),(Vehicles5↦0.0)}",
        "VehiclesX": "{(EgoVehicle↦154.50583696365356),(Vehicles2↦24.01256412267685),(Vehicles3↦44.81123983860016),(Vehicles4↦67.98009872436523),(Vehicles5↦90.45032262802124)}"
      },
      "probabilisticVariables": null,
      "activating": [
        "LANE_RIGHT_2"
      ],
      "activatingOnlyWhenExecuted": true,
      "updating": null,
      "withPredicate": null
    },
    {
      "id": "LANE_RIGHT_2",
      "execute": "LANE_RIGHT",
      "after": "1000",
      "priority": 0,
      "additionalGuards": null,
      "activationKind": null,
      "fixedVariables": {
        "Crash": "FALSE",
        "VehiclesAy": "{(EgoVehicle↦0.0),(Vehicles2↦0.0),(Vehicles3↦0.0),(Vehicles4↦0.0),(Vehicles5↦0.0)}",
        "Reward": "0.8666666666666667",
        "VehiclesAx": "{(EgoVehicle↦0.0),(Vehicles2↦-0.3288564085960388),(Vehicles3↦-0.7842880487442017),(Vehicles4↦-4.73467692732811),(Vehicles5↦-0.27759768068790436)}",
        "VehiclesVx": "{(EgoVehicle↦25.0),(Vehicles2↦-3.7942320108413696),(Vehicles3↦-4.714376330375671),(Vehicles4↦-6.137058138847351),(Vehicles5↦-1.328744888305664)}",
        "VehiclesY": "{(EgoVehicle↦8.000000238418579),(Vehicles2↦-4.0000001192092896),(Vehicles3↦0.0),(Vehicles4↦-8.000000238418579),(Vehicles5↦-8.000000238418579)}",
        "VehiclesVy": "{(EgoVehicle↦0.0),(Vehicles2↦0.0),(Vehicles3↦0.0),(Vehicles4↦0.0),(Vehicles5↦0.0)}",
        "VehiclesX": "{(EgoVehicle↦179.50583696365356),(Vehicles2↦20.409464836120605),(Vehicles3↦40.53470194339752),(Vehicles4↦64.29248452186584),(Vehicles5↦89.3092393875122)}"
      },
      "probabilisticVariables": null,
      "activating": [
        "SLOWER_3"
      ],
      "activatingOnlyWhenExecuted": true,
      "updating": null,
      "withPredicate": null
    },
    {
      "id": "SLOWER_3",
      "execute": "SLOWER",
      "after": "1000",
      "priority": 0,
      "additionalGuards": null,
      "activationKind": null,
      "fixedVariables": {
        "Crash": "FALSE",
        "VehiclesAy": "{(EgoVehicle↦0.0),(Vehicles2↦0.0),(Vehicles3↦0.0),(Vehicles4↦0.0),(Vehicles5↦0.0)}",
        "Reward": "0.750891632373114",
        "VehiclesAx": "{(EgoVehicle↦-4.341564178466797),(Vehicles2↦4.077568985521793),(Vehicles3↦3.880220055580139),(Vehicles4↦3.5487669706344604),(Vehicles5↦3.9630872011184692)}",
        "VehiclesVx": "{(EgoVehicle↦20.658435821533203),(Vehicles2↦0.28333697468042374),(Vehicles3↦-0.8341562747955322),(Vehicles4↦-2.5882911682128906),(Vehicles5↦2.634342312812805)}",
        "VehiclesY": "{(EgoVehicle↦8.000000238418579),(Vehicles2↦-4.0000001192092896),(Vehicles3↦0.0),(Vehicles4↦-8.000000238418579),(Vehicles5↦-8.000000238418579)}",
        "VehiclesVy": "{(EgoVehicle↦0.0),(Vehicles2↦0.0),(Vehicles3↦0.0),(Vehicles4↦0.0),(Vehicles5↦0.0)}",
        "VehiclesX": "{(EgoVehicle↦200.0),(Vehicles2↦18.899908661842346),(Vehicles3↦38.01127076148987),(Vehicles4↦60.0982666015625),(Vehicles5↦90.20622372627258)}"
      },
      "probabilisticVariables": null,
      "activating": [
        "FASTER_4"
      ],
      "activatingOnlyWhenExecuted": true,
      "updating": null,
      "withPredicate": null
    },
    {
      "id": "FASTER_4",
      "execute": "FASTER",
      "after": "1000",
      "priority": 0,
      "additionalGuards": null,
      "activationKind": null,
      "fixedVariables": {
        "Crash": "FALSE",
        "VehiclesAy": "{(EgoVehicle↦0.0),(Vehicles2↦0.0),(Vehicles3↦0.0),(Vehicles4↦0.0),(Vehicles5↦0.0)}",
        "Reward": "0.8514205716156639",
        "VehiclesAx": "{(EgoVehicle↦3.76983642578125),(Vehicles2↦-3.968088962137699),(Vehicles3↦-4.041244387626648),(Vehicles4↦-3.6231517791748047),(Vehicles5↦-3.9931732416152954)}",
        "VehiclesVx": "{(EgoVehicle↦24.428272247314453),(Vehicles2↦-3.6847519874572754),(Vehicles3↦-4.87540066242218),(Vehicles4↦-6.211442947387695),(Vehicles5↦-1.3588309288024902)}",
        "VehiclesY": "{(EgoVehicle↦8.000000238418579),(Vehicles2↦-4.0000001192092896),(Vehicles3↦0.0),(Vehicles4↦-8.000000238418579),(Vehicles5↦-8.000000238418579)}",
        "VehiclesVy": "{(EgoVehicle↦0.0),(Vehicles2↦0.0),(Vehicles3↦0.0),(Vehicles4↦0.0),(Vehicles5↦0.0)}",
        "VehiclesX": "{(EgoVehicle↦200.0),(Vehicles2↦17.018915712833405),(Vehicles3↦34.977492690086365),(Vehicles4↦55.45397400856018),(Vehicles5↦90.66308736801147)}"
      },
      "probabilisticVariables": null,
      "activating": [
        "SLOWER_5"
      ],
      "activatingOnlyWhenExecuted": true,
      "updating": null,
      "withPredicate": null
    },
    {
      "id": "SLOWER_5",
      "execute": "SLOWER",
      "after": "1000",
      "priority": 0,
      "additionalGuards": null,
      "activationKind": null,
      "fixedVariables": {
        "Crash": "FALSE",
        "VehiclesAy": "{(EgoVehicle↦0.0),(Vehicles2↦0.0),(Vehicles3↦0.0),(Vehicles4↦0.0),(Vehicles5↦0.0)}",
        "Reward": "0.7488839161524057",
        "VehiclesAx": "{(EgoVehicle↦-3.8451242446899414),(Vehicles2↦3.707615821622312),(Vehicles3↦3.684587702155113),(Vehicles4↦4.241689592599869),(Vehicles5↦3.7016813457012177)}",
        "VehiclesVx": "{(EgoVehicle↦20.58314800262451),(Vehicles2↦0.02286383416503668),(Vehicles3↦-1.190812960267067),(Vehicles4↦-1.9697533547878265),(Vehicles5↦2.3428504168987274)}",
        "VehiclesY": "{(EgoVehicle↦8.000000238418579),(Vehicles2↦-4.0000001192092896),(Vehicles3↦0.0),(Vehicles4↦-8.000000238418579),(Vehicles5↦-8.000000238418579)}",
        "VehiclesVy": "{(EgoVehicle↦0.0),(Vehicles2↦0.0),(Vehicles3↦0.0),(Vehicles4↦0.0),(Vehicles5↦0.0)}",
        "VehiclesX": "{(EgoVehicle↦200.0),(Vehicles2↦15.396079421043396),(Vehicles3↦32.152387499809265),(Vehicles4↦51.51364207267761),(Vehicles5↦91.36344790458679)}"
      },
      "probabilisticVariables": null,
      "activating": [
        "SLOWER_6"
      ],
      "activatingOnlyWhenExecuted": true,
      "updating": null,
      "withPredicate": null
    },
    {
      "id": "SLOWER_6",
      "execute": "SLOWER",
      "after": "1000",
      "priority": 0,
      "additionalGuards": null,
      "activationKind": null,
      "fixedVariables": {
        "Crash": "FALSE",
        "VehiclesAy": "{(EgoVehicle↦0.0),(Vehicles2↦0.0),(Vehicles3↦0.0),(Vehicles4↦0.0),(Vehicles5↦0.0)}",
        "Reward": "0.7353811467086845",
        "VehiclesAx": "{(EgoVehicle↦-0.5063557624816895),(Vehicles2↦0.4144766042008996),(Vehicles3↦0.4110897332429886),(Vehicles4↦0.9460540115833282),(Vehicles5↦0.4068388044834137)}",
        "VehiclesVx": "{(EgoVehicle↦20.076792240142822),(Vehicles2↦0.4373404383659363),(Vehicles3↦-0.7797232270240784),(Vehicles4↦-1.0236993432044983),(Vehicles5↦2.749689221382141)}",
        "VehiclesY": "{(EgoVehicle↦8.000000238418579),(Vehicles2↦-4.0000001192092896),(Vehicles3↦0.0),(Vehicles4↦-8.000000238418579),(Vehicles5↦-8.000000238418579)}",
        "VehiclesVy": "{(EgoVehicle↦0.0),(Vehicles2↦0.0),(Vehicles3↦0.0),(Vehicles4↦0.0),(Vehicles5↦0.0)}",
        "VehiclesX": "{(EgoVehicle↦200.0),(Vehicles2↦15.658482909202576),(Vehicles3↦31.198853254318237),(Vehicles4↦49.999719858169556),(Vehicles5↦93.94326210021973)}"
      },
      "probabilisticVariables": null,
      "activating": [
        "SLOWER_7"
      ],
      "activatingOnlyWhenExecuted": true,
      "updating": null,
      "withPredicate": null
    },
    {
      "id": "SLOWER_7",
      "execute": "SLOWER",
      "after": "1000",
      "priority": 0,
      "additionalGuards": null,
      "activationKind": null,
      "fixedVariables": {
        "Crash": "FALSE",
        "VehiclesAy": "{(EgoVehicle↦0.0),(Vehicles2↦0.0),(Vehicles3↦0.0),(Vehicles4↦0.0),(Vehicles5↦0.0)}",
        "Reward": "0.733603004230499",
        "VehiclesAx": "{(EgoVehicle↦-0.06667852401733398),(Vehicles2↦0.006343163549900055),(Vehicles3↦0.009963810443878174),(Vehicles4↦0.47493334859609604),(Vehicles5↦-0.008457601070404053)}",
        "VehiclesVx": "{(EgoVehicle↦20.01011371612549),(Vehicles2↦0.44368360191583633),(Vehicles3↦-0.7697594165802002),(Vehicles4↦-0.5487659946084023),(Vehicles5↦2.741231620311737)}",
        "VehiclesY": "{(EgoVehicle↦8.000000238418579),(Vehicles2↦-4.0000001192092896),(Vehicles3↦0.0),(Vehicles4↦-8.000000238418579),(Vehicles5↦-8.000000238418579)}",
        "VehiclesVy": "{(EgoVehicle↦0.0),(Vehicles2↦0.0),(Vehicles3↦0.0),(Vehicles4↦0.0),(Vehicles5↦0.0)}",
        "VehiclesX": "{(EgoVehicle↦200.0),(Vehicles2↦16.106432676315308),(Vehicles3↦30.430901050567627),(Vehicles4↦49.18003976345062),(Vehicles5↦96.69825434684753)}"
      },
      "probabilisticVariables": null,
      "activating": [
        "SLOWER_8"
      ],
      "activatingOnlyWhenExecuted": true,
      "updating": null,
      "withPredicate": null
    },
    {
      "id": "SLOWER_8",
      "execute": "SLOWER",
      "after": "1000",
      "priority": 0,
      "additionalGuards": null,
      "activationKind": null,
      "fixedVariables": {
        "Crash": "FALSE",
        "VehiclesAy": "{(EgoVehicle↦0.0),(Vehicles2↦0.0),(Vehicles3↦0.0),(Vehicles4↦0.0),(Vehicles5↦0.0)}",
        "Reward": "0.7333688455502441",
        "VehiclesAx": "{(EgoVehicle↦-0.008780956268310547),(Vehicles2↦-0.030806101858615875),(Vehicles3↦-0.02533838152885437),(Vehicles4↦0.36152584478259087),(Vehicles5↦-3.6907796561717987)}",
        "VehiclesVx": "{(EgoVehicle↦20.001332759857178),(Vehicles2↦0.41287750005722046),(Vehicles3↦-0.7950977981090546),(Vehicles4↦-0.18724014982581139),(Vehicles5↦-0.9495480358600616)}",
        "VehiclesY": "{(EgoVehicle↦8.000000238418579),(Vehicles2↦-4.0000001192092896),(Vehicles3↦0.0),(Vehicles4↦-8.000000238418579),(Vehicles5↦0.0)}",
        "VehiclesVy": "{(EgoVehicle↦0.0),(Vehicles2↦0.0),(Vehicles3↦0.0),(Vehicles4↦0.0),(Vehicles5↦0.0)}",
        "VehiclesX": "{(EgoVehicle↦200.0),(Vehicles2↦16.53781235218048),(Vehicles3↦29.650986194610596),(Vehicles4↦48.78195524215698),(Vehicles5↦98.799729347229)}"
      },
      "probabilisticVariables": null,
      "activating": [
        "SLOWER_9"
      ],
      "activatingOnlyWhenExecuted": true,
      "updating": null,
      "withPredicate": null
    },
    {
      "id": "SLOWER_9",
      "execute": "SLOWER",
      "after": "1000",
      "priority": 0,
      "additionalGuards": null,
      "activationKind": null,
      "fixedVariables": {
        "Crash": "FALSE",
        "VehiclesAy": "{(EgoVehicle↦0.0),(Vehicles2↦0.0),(Vehicles3↦0.0),(Vehicles4↦0.0),(Vehicles5↦0.0)}",
        "Reward": "0.733338009839264",
        "VehiclesAx": "{(EgoVehicle↦-0.0011563301086425781),(Vehicles2↦-0.02526145428419113),(Vehicles3↦-0.020012184977531433),(Vehicles4↦0.2956875693053007),(Vehicles5↦-0.0012997537851333618)}",
        "VehiclesVx": "{(EgoVehicle↦20.000176429748535),(Vehicles2↦0.3876160457730293),(Vehicles3↦-0.815109983086586),(Vehicles4↦0.10844741947948933),(Vehicles5↦-0.950847789645195)}",
        "VehiclesY": "{(EgoVehicle↦8.000000238418579),(Vehicles2↦-4.0000001192092896),(Vehicles3↦0.0),(Vehicles4↦-8.000000238418579),(Vehicles5↦0.0)}",
        "VehiclesVy": "{(EgoVehicle↦0.0),(Vehicles2↦0.0),(Vehicles3↦0.0),(Vehicles4↦0.0),(Vehicles5↦0.0)}",
        "VehiclesX": "{(EgoVehicle↦200.0),(Vehicles2↦16.93994104862213),(Vehicles3↦28.84730100631714),(Vehicles4↦48.71765673160553),(Vehicles5↦97.84982800483704)}"
      },
      "probabilisticVariables": null,
      "activating": [
        "SLOWER_10"
      ],
      "activatingOnlyWhenExecuted": true,
      "updating": null,
      "withPredicate": null
    },
    {
      "id": "SLOWER_10",
      "execute": "SLOWER",
      "after": "1000",
      "priority": 0,
      "additionalGuards": null,
      "activationKind": null,
      "fixedVariables": {
        "Crash": "FALSE",
        "VehiclesAy": "{(EgoVehicle↦0.0),(Vehicles2↦0.0),(Vehicles3↦0.0),(Vehicles4↦0.0),(Vehicles5↦0.0)}",
        "Reward": "0.7333339491695052",
        "VehiclesAx": "{(EgoVehicle↦-0.000152587890625),(Vehicles2↦-0.01813143491744995),(Vehicles3↦-0.013943389058113098),(Vehicles4↦0.2422852348536253),(Vehicles5↦-0.004445910453796387)}",
        "VehiclesVx": "{(EgoVehicle↦20.00002384185791),(Vehicles2↦0.3694846108555794),(Vehicles3↦-0.8290533721446991),(Vehicles4↦0.3507326543331146),(Vehicles5↦-0.9552937000989914)}",
        "VehiclesY": "{(EgoVehicle↦8.000000238418579),(Vehicles2↦-4.0000001192092896),(Vehicles3↦0.0),(Vehicles4↦-8.000000238418579),(Vehicles5↦0.0)}",
        "VehiclesVy": "{(EgoVehicle↦0.0),(Vehicles2↦0.0),(Vehicles3↦0.0),(Vehicles4↦0.0),(Vehicles5↦0.0)}",
        "VehiclesX": "{(EgoVehicle↦200.0),(Vehicles2↦17.319826781749725),(Vehicles3↦28.026238083839417),(Vehicles4↦48.926910758018494),(Vehicles5↦96.89754247665405)}"
      },
      "probabilisticVariables": null,
      "activating": [
        "SLOWER_11"
      ],
      "activatingOnlyWhenExecuted": true,
      "updating": null,
      "withPredicate": null
    },
    {
      "id": "SLOWER_11",
      "execute": "SLOWER",
      "after": "1000",
      "priority": 0,
      "additionalGuards": null,
      "activationKind": null,
      "fixedVariables": {
        "Crash": "FALSE",
        "VehiclesAy": "{(EgoVehicle↦0.0),(Vehicles2↦0.0),(Vehicles3↦0.0),(Vehicles4↦0.0),(Vehicles5↦0.0)}",
        "Reward": "0.7333334144311009",
        "VehiclesAx": "{(EgoVehicle↦-2.1457672119140625E-05),(Vehicles2↦-0.013325102627277374),(Vehicles3↦-0.010590478777885437),(Vehicles4↦0.19810542464256287),(Vehicles5↦-0.00941738486289978)}",
        "VehiclesVx": "{(EgoVehicle↦20.00000238418579),(Vehicles2↦0.356159508228302),(Vehicles3↦-0.8396438509225845),(Vehicles4↦0.5488380789756775),(Vehicles5↦-0.9647110849618912)}",
        "VehiclesY": "{(EgoVehicle↦8.000000238418579),(Vehicles2↦-4.0000001192092896),(Vehicles3↦0.0),(Vehicles4↦-8.000000238418579),(Vehicles5↦0.0)}",
        "VehiclesVy": "{(EgoVehicle↦0.0),(Vehicles2↦0.0),(Vehicles3↦0.0),(Vehicles4↦0.0),(Vehicles5↦0.0)}",
        "VehiclesX": "{(EgoVehicle↦200.0),(Vehicles2↦17.683681845664978),(Vehicles3↦27.192777395248413),(Vehicles4↦49.36006963253021),(Vehicles5↦95.93892097473145)}"
      },
      "probabilisticVariables": null,
      "activating": [
        "SLOWER_12"
      ],
      "activatingOnlyWhenExecuted": true,
      "updating": null,
      "withPredicate": null
    },
    {
      "id": "SLOWER_12",
      "execute": "SLOWER",
      "after": "1000",
      "priority": 0,
      "additionalGuards": null,
      "activationKind": null,
      "fixedVariables": {
        "Crash": "FALSE",
        "VehiclesAy": "{(EgoVehicle↦0.0),(Vehicles2↦0.0),(Vehicles3↦0.0),(Vehicles4↦0.0),(Vehicles5↦0.0)}",
        "Reward": "0.7333333440128746",
        "VehiclesAx": "{(EgoVehicle↦-2.384185791015625E-06),(Vehicles2↦-0.010349191725254059),(Vehicles3↦-0.009301230311393738),(Vehicles4↦0.1622677594423294),(Vehicles5↦-0.015097856521606445)}",
        "VehiclesVx": "{(EgoVehicle↦20.0),(Vehicles2↦0.34581031650304794),(Vehicles3↦-0.8489450812339783),(Vehicles4↦0.7111058384180069),(Vehicles5↦-0.9798089414834976)}",
        "VehiclesY": "{(EgoVehicle↦8.000000238418579),(Vehicles2↦-4.0000001192092896),(Vehicles3↦0.0),(Vehicles4↦-8.000000238418579),(Vehicles5↦0.0)}",
        "VehiclesVy": "{(EgoVehicle↦0.0),(Vehicles2↦0.0),(Vehicles3↦0.0),(Vehicles4↦0.0),(Vehicles5↦0.0)}",
        "VehiclesX": "{(EgoVehicle↦200.0),(Vehicles2↦18.035517632961273),(Vehicles3↦26.349371671676636),(Vehicles4↦49.97637867927551),(Vehicles5↦94.96862888336182)}"
      },
      "probabilisticVariables": null,
      "activating": [
        "SLOWER_13"
      ],
      "activatingOnlyWhenExecuted": true,
      "updating": null,
      "withPredicate": null
    },
    {
      "id": "SLOWER_13",
      "execute": "SLOWER",
      "after": "1000",
      "priority": 0,
      "additionalGuards": null,
      "activationKind": null,
      "fixedVariables": {
        "Crash": "FALSE",
        "VehiclesAy": "{(EgoVehicle↦0.0),(Vehicles2↦0.0),(Vehicles3↦0.0),(Vehicles4↦0.0),(Vehicles5↦0.0)}",
        "Reward": "0.7333333347396928",
        "VehiclesAx": "{(EgoVehicle↦0.0),(Vehicles2↦-0.008494481444358826),(Vehicles3↦-0.009298697113990784),(Vehicles4↦0.13354644179344177),(Vehicles5↦-0.020553022623062134)}",
        "VehiclesVx": "{(EgoVehicle↦20.0),(Vehicles2↦0.3373158350586891),(Vehicles3↦-0.858243778347969),(Vehicles4↦0.8446522802114487),(Vehicles5↦-1.0003619641065598)}",
        "VehiclesY": "{(EgoVehicle↦8.000000238418579),(Vehicles2↦-4.0000001192092896),(Vehicles3↦0.0),(Vehicles4↦-8.000000238418579),(Vehicles5↦0.0)}",
        "VehiclesVy": "{(EgoVehicle↦0.0),(Vehicles2↦0.0),(Vehicles3↦0.0),(Vehicles4↦0.0),(Vehicles5↦0.0)}",
        "VehiclesX": "{(EgoVehicle↦200.0),(Vehicles2↦18.377812206745148),(Vehicles3↦25.496742129325867),(Vehicles4↦50.742948055267334),(Vehicles5↦93.98100972175598)}"
      },
      "probabilisticVariables": null,
      "activating": [
        "SLOWER_14"
      ],
      "activatingOnlyWhenExecuted": true,
      "updating": null,
      "withPredicate": null
    },
    {
      "id": "SLOWER_14",
      "execute": "SLOWER",
      "after": "1000",
      "priority": 0,
      "additionalGuards": null,
      "activationKind": null,
      "fixedVariables": {
        "Crash": "FALSE",
        "VehiclesAy": "{(EgoVehicle↦0.0),(Vehicles2↦0.0),(Vehicles3↦0.0),(Vehicles4↦0.0),(Vehicles5↦0.0)}",
        "Reward": "0.7333333335185329",
        "VehiclesAx": "{(EgoVehicle↦0.0),(Vehicles2↦-0.0072734057903289795),(Vehicles3↦-0.010045468807220459),(Vehicles4↦0.11058144271373749),(Vehicles5↦-0.025249198079109192)}",
        "VehiclesVx": "{(EgoVehicle↦20.0),(Vehicles2↦0.33004242926836014),(Vehicles3↦-0.8682892471551895),(Vehicles4↦0.9552337229251862),(Vehicles5↦-1.025611162185669)}",
        "VehiclesY": "{(EgoVehicle↦8.000000238418579),(Vehicles2↦-4.0000001192092896),(Vehicles3↦0.0),(Vehicles4↦-8.000000238418579),(Vehicles5↦0.0)}",
        "VehiclesVy": "{(EgoVehicle↦0.0),(Vehicles2↦0.0),(Vehicles3↦0.0),(Vehicles4↦0.0),(Vehicles5↦0.0)}",
        "VehiclesX": "{(EgoVehicle↦200.0),(Vehicles2↦18.712137639522552),(Vehicles3↦24.63456094264984),(Vehicles4↦51.633477210998535),(Vehicles5↦92.97088384628296)}"
      },
      "probabilisticVariables": null,
      "activating": [
        "LANE_RIGHT_15"
      ],
      "activatingOnlyWhenExecuted": true,
      "updating": null,
      "withPredicate": null
    },
    {
      "id": "LANE_RIGHT_15",
      "execute": "LANE_RIGHT",
      "after": "1000",
      "priority": 0,
      "additionalGuards": null,
      "activationKind": null,
      "fixedVariables": {
        "Crash": "FALSE",
        "VehiclesAy": "{(EgoVehicle↦0.0),(Vehicles2↦0.0),(Vehicles3↦0.0),(Vehicles4↦0.0),(Vehicles5↦0.0)}",
        "Reward": "0.7333333333577218",
        "VehiclesAx": "{(EgoVehicle↦0.0),(Vehicles2↦-0.006390735507011414),(Vehicles3↦-0.011192932724952698),(Vehicles4↦0.09213171899318695),(Vehicles5↦-0.02892613410949707)}",
        "VehiclesVx": "{(EgoVehicle↦20.0),(Vehicles2↦0.3236516937613487),(Vehicles3↦-0.8794821798801422),(Vehicles4↦1.047365441918373),(Vehicles5↦-1.054537296295166)}",
        "VehiclesY": "{(EgoVehicle↦8.000000238418579),(Vehicles2↦-4.0000001192092896),(Vehicles3↦0.0),(Vehicles4↦-8.000000238418579),(Vehicles5↦0.0)}",
        "VehiclesVy": "{(EgoVehicle↦0.0),(Vehicles2↦0.0),(Vehicles3↦0.0),(Vehicles4↦0.0),(Vehicles5↦0.0)}",
        "VehiclesX": "{(EgoVehicle↦200.0),(Vehicles2↦19.039562344551086),(Vehicles3↦23.761895298957825),(Vehicles4↦52.62688398361206),(Vehicles5↦91.93395376205444)}"
      },
      "probabilisticVariables": null,
      "activating": [
        "LANE_RIGHT_16"
      ],
      "activatingOnlyWhenExecuted": true,
      "updating": null,
      "withPredicate": null
    },
    {
      "id": "LANE_RIGHT_16",
      "execute": "LANE_RIGHT",
      "after": "1000",
      "priority": 0,
      "additionalGuards": null,
      "activationKind": null,
      "fixedVariables": {
        "Crash": "FALSE",
        "VehiclesAy": "{(EgoVehicle↦0.0),(Vehicles2↦0.0),(Vehicles3↦0.0),(Vehicles4↦0.0),(Vehicles5↦0.0)}",
        "Reward": "0.733333333336545",
        "VehiclesAx": "{(EgoVehicle↦0.0),(Vehicles2↦-0.005678422749042511),(Vehicles3↦-0.012515485286712646),(Vehicles4↦0.0771716982126236),(Vehicles5↦-0.03148876130580902)}",
        "VehiclesVx": "{(EgoVehicle↦20.0),(Vehicles2↦0.3179732710123062),(Vehicles3↦-0.8919976651668549),(Vehicles4↦1.1245371401309967),(Vehicles5↦-1.086026057600975)}",
        "VehiclesY": "{(EgoVehicle↦8.000000238418579),(Vehicles2↦-4.0000001192092896),(Vehicles3↦0.0),(Vehicles4↦-8.000000238418579),(Vehicles5↦0.0)}",
        "VehiclesVy": "{(EgoVehicle↦0.0),(Vehicles2↦0.0),(Vehicles3↦0.0),(Vehicles4↦0.0),(Vehicles5↦0.0)}",
        "VehiclesX": "{(EgoVehicle↦200.0),(Vehicles2↦19.360889494419098),(Vehicles3↦22.877515852451324),(Vehicles4↦53.706198930740356),(Vehicles5↦90.86698293685913)}"
      },
      "probabilisticVariables": null,
      "activating": [
        "LANE_RIGHT_17"
      ],
      "activatingOnlyWhenExecuted": true,
      "updating": null,
      "withPredicate": null
    },
    {
      "id": "LANE_RIGHT_17",
      "execute": "LANE_RIGHT",
      "after": "1000",
      "priority": 0,
      "additionalGuards": null,
      "activationKind": null,
      "fixedVariables": {
        "Crash": "FALSE",
        "VehiclesAy": "{(EgoVehicle↦0.0),(Vehicles2↦0.0),(Vehicles3↦0.0),(Vehicles4↦0.0),(Vehicles5↦0.0)}",
        "Reward": "0.7333333333337563",
        "VehiclesAx": "{(EgoVehicle↦0.0),(Vehicles2↦-0.00504612922668457),(Vehicles3↦-0.013865083456039429),(Vehicles4↦0.06489649415016174),(Vehicles5↦-0.032940804958343506)}",
        "VehiclesVx": "{(EgoVehicle↦20.0),(Vehicles2↦0.31292714178562164),(Vehicles3↦-0.9058627486228943),(Vehicles4↦1.1894336342811584),(Vehicles5↦-1.1189668625593185)}",
        "VehiclesY": "{(EgoVehicle↦8.000000238418579),(Vehicles2↦-4.0000001192092896),(Vehicles3↦0.0),(Vehicles4↦-8.000000238418579),(Vehicles5↦0.0)}",
        "VehiclesVy": "{(EgoVehicle↦0.0),(Vehicles2↦0.0),(Vehicles3↦0.0),(Vehicles4↦0.0),(Vehicles5↦0.0)}",
        "VehiclesX": "{(EgoVehicle↦200.0),(Vehicles2↦19.676795601844788),(Vehicles3↦21.980078518390656),(Vehicles4↦54.857587814331055),(Vehicles5↦89.76784944534302)}"
      },
      "probabilisticVariables": null,
      "activating": [
        "LANE_RIGHT_18"
      ],
      "activatingOnlyWhenExecuted": true,
      "updating": null,
      "withPredicate": null
    },
    {
      "id": "LANE_RIGHT_18",
      "execute": "LANE_RIGHT",
      "after": "1000",
      "priority": 0,
      "additionalGuards": null,
      "activationKind": null,
      "fixedVariables": {
        "Crash": "FALSE",
        "VehiclesAy": "{(EgoVehicle↦0.0),(Vehicles2↦0.0),(Vehicles3↦0.0),(Vehicles4↦0.0),(Vehicles5↦0.0)}",
        "Reward": "0.733333333333389",
        "VehiclesAx": "{(EgoVehicle↦0.0),(Vehicles2↦-0.004449095577001572),(Vehicles3↦-0.015143230557441711),(Vehicles4↦0.05469202995300293),(Vehicles5↦-0.03334566950798035)}",
        "VehiclesVx": "{(EgoVehicle↦20.0),(Vehicles2↦0.30847804620862007),(Vehicles3↦-0.921005979180336),(Vehicles4↦1.2441256642341614),(Vehicles5↦-1.152312532067299)}",
        "VehiclesY": "{(EgoVehicle↦8.000000238418579),(Vehicles2↦-4.0000001192092896),(Vehicles3↦0.0),(Vehicles4↦-8.000000238418579),(Vehicles5↦0.0)}",
        "VehiclesVy": "{(EgoVehicle↦0.0),(Vehicles2↦0.0),(Vehicles3↦0.0),(Vehicles4↦0.0),(Vehicles5↦0.0)}",
        "VehiclesX": "{(EgoVehicle↦200.0),(Vehicles2↦19.98789608478546),(Vehicles3↦21.068255603313446),(Vehicles4↦56.069642305374146),(Vehicles5↦88.63554000854492)}"
      },
      "probabilisticVariables": null,
      "activating": [
        "LANE_RIGHT_19"
      ],
      "activatingOnlyWhenExecuted": true,
      "updating": null,
      "withPredicate": null
    },
    {
      "id": "LANE_RIGHT_19",
      "execute": "LANE_RIGHT",
      "after": "1000",
      "priority": 0,
      "additionalGuards": null,
      "activationKind": null,
      "fixedVariables": {
        "Crash": "FALSE",
        "VehiclesAy": "{(EgoVehicle↦0.0),(Vehicles2↦0.0),(Vehicles3↦0.0),(Vehicles4↦0.0),(Vehicles5↦0.0)}",
        "Reward": "0.7333333333333406",
        "VehiclesAx": "{(EgoVehicle↦0.0),(Vehicles2↦-1.245767641812563),(Vehicles3↦1.2256165593862534),(Vehicles4↦0.04609599709510803),(Vehicles5↦-0.03280244767665863)}",
        "VehiclesVx": "{(EgoVehicle↦20.0),(Vehicles2↦-0.9372895956039429),(Vehicles3↦0.30461058020591736),(Vehicles4↦1.2902216613292694),(Vehicles5↦-1.1851149797439575)}",
        "VehiclesY": "{(EgoVehicle↦8.000000238418579),(Vehicles2↦0.0),(Vehicles3↦-4.0000001192092896),(Vehicles4↦-8.000000238418579),(Vehicles5↦0.0)}",
        "VehiclesVy": "{(EgoVehicle↦0.0),(Vehicles2↦0.0),(Vehicles3↦0.0),(Vehicles4↦0.0),(Vehicles5↦0.0)}",
        "VehiclesX": "{(EgoVehicle↦200.0),(Vehicles2↦20.140820741653442),(Vehicles3↦20.294781029224396),(Vehicles4↦57.33283758163452),(Vehicles5↦87.47002482414246)}"
      },
      "probabilisticVariables": null,
      "activating": [
        "SLOWER_20"
      ],
      "activatingOnlyWhenExecuted": true,
      "updating": null,
      "withPredicate": null
    },
    {
      "id": "SLOWER_20",
      "execute": "SLOWER",
      "after": "1000",
      "priority": 0,
      "additionalGuards": null,
      "activationKind": null,
      "fixedVariables": {
        "Crash": "FALSE",
        "VehiclesAy": "{(EgoVehicle↦0.0),(Vehicles2↦0.0),(Vehicles3↦0.0),(Vehicles4↦0.0),(Vehicles5↦0.0)}",
        "Reward": "0.7333333333333343",
        "VehiclesAx": "{(EgoVehicle↦0.0),(Vehicles2↦-0.01724153757095337),(Vehicles3↦-0.0032947957515716553),(Vehicles4↦0.03876209259033203),(Vehicles5↦-0.03143101930618286)}",
        "VehiclesVx": "{(EgoVehicle↦20.0),(Vehicles2↦-0.9545311331748962),(Vehicles3↦0.3013157844543457),(Vehicles4↦1.3289837539196014),(Vehicles5↦-1.2165459990501404)}",
        "VehiclesY": "{(EgoVehicle↦8.000000238418579),(Vehicles2↦0.0),(Vehicles3↦-4.0000001192092896),(Vehicles4↦-8.000000238418579),(Vehicles5↦0.0)}",
        "VehiclesVy": "{(EgoVehicle↦0.0),(Vehicles2↦0.0),(Vehicles3↦0.0),(Vehicles4↦0.0),(Vehicles5↦0.0)}",
        "VehiclesX": "{(EgoVehicle↦200.0),(Vehicles2↦19.196702539920807),(Vehicles3↦20.598027110099792),(Vehicles4↦58.63910913467407),(Vehicles5↦86.27219796180725)}"
      },
      "probabilisticVariables": null,
      "activating": [
        "SLOWER_21"
      ],
      "activatingOnlyWhenExecuted": true,
      "updating": null,
      "withPredicate": null
    },
    {
      "id": "SLOWER_21",
      "execute": "SLOWER",
      "after": "1000",
      "priority": 0,
      "additionalGuards": null,
      "activationKind": null,
      "fixedVariables": {
        "Crash": "FALSE",
        "VehiclesAy": "{(EgoVehicle↦0.0),(Vehicles2↦0.0),(Vehicles3↦0.0),(Vehicles4↦0.0),(Vehicles5↦0.0)}",
        "Reward": "0.7333333333333334",
        "VehiclesAx": "{(EgoVehicle↦0.0),(Vehicles2↦-0.017988011240959167),(Vehicles3↦-0.0027308426797389984),(Vehicles4↦0.0324307382106781),(Vehicles5↦-0.029362738132476807)}",
        "VehiclesVx": "{(EgoVehicle↦20.0),(Vehicles2↦-0.9725191444158554),(Vehicles3↦0.2985849417746067),(Vehicles4↦1.3614144921302795),(Vehicles5↦-1.2459087371826172)}",
        "VehiclesY": "{(EgoVehicle↦8.000000238418579),(Vehicles2↦0.0),(Vehicles3↦-4.0000001192092896),(Vehicles4↦-8.000000238418579),(Vehicles5↦0.0)}",
        "VehiclesVy": "{(EgoVehicle↦0.0),(Vehicles2↦0.0),(Vehicles3↦0.0),(Vehicles4↦0.0),(Vehicles5↦0.0)}",
        "VehiclesX": "{(EgoVehicle↦200.0),(Vehicles2↦18.23502779006958),(Vehicles3↦20.898206532001495),(Vehicles4↦59.981536865234375),(Vehicles5↦85.04372239112854)}"
      },
      "probabilisticVariables": null,
      "activating": [
        "SLOWER_22"
      ],
      "activatingOnlyWhenExecuted": true,
      "updating": null,
      "withPredicate": null
    },
    {
      "id": "SLOWER_22",
      "execute": "SLOWER",
      "after": "1000",
      "priority": 0,
      "additionalGuards": null,
      "activationKind": null,
      "fixedVariables": {
        "Crash": "FALSE",
        "VehiclesAy": "{(EgoVehicle↦0.0),(Vehicles2↦0.0),(Vehicles3↦0.0),(Vehicles4↦0.0),(Vehicles5↦0.0)}",
        "Reward": "0.7333333333333334",
        "VehiclesAx": "{(EgoVehicle↦0.0),(Vehicles2↦-0.018505528569221497),(Vehicles3↦-0.002178177237510681),(Vehicles4↦0.026906579732894897),(Vehicles5↦-0.026731938123703003)}",
        "VehiclesVx": "{(EgoVehicle↦20.0),(Vehicles2↦-0.9910246729850769),(Vehicles3↦0.296406764537096),(Vehicles4↦1.3883210718631744),(Vehicles5↦-1.2726406753063202)}",
        "VehiclesY": "{(EgoVehicle↦8.000000238418579),(Vehicles2↦0.0),(Vehicles3↦-4.0000001192092896),(Vehicles4↦-8.000000238418579),(Vehicles5↦0.0)}",
        "VehiclesVy": "{(EgoVehicle↦0.0),(Vehicles2↦0.0),(Vehicles3↦0.0),(Vehicles4↦0.0),(Vehicles5↦0.0)}",
        "VehiclesX": "{(EgoVehicle↦200.0),(Vehicles2↦17.255137860774994),(Vehicles3↦21.195876598358154),(Vehicles4↦61.354124546051025),(Vehicles5↦83.7868869304657)}"
      },
      "probabilisticVariables": null,
      "activating": [
        "SLOWER_23"
      ],
      "activatingOnlyWhenExecuted": true,
      "updating": null,
      "withPredicate": null
    },
    {
      "id": "SLOWER_23",
      "execute": "SLOWER",
      "after": "1000",
      "priority": 0,
      "additionalGuards": null,
      "activationKind": null,
      "fixedVariables": {
        "Crash": "FALSE",
        "VehiclesAy": "{(EgoVehicle↦0.0),(Vehicles2↦0.0),(Vehicles3↦0.0),(Vehicles4↦0.0),(Vehicles5↦0.0)}",
        "Reward": "0.7333333333333334",
        "VehiclesAx": "{(EgoVehicle↦0.0),(Vehicles2↦-0.01878596842288971),(Vehicles3↦-0.0016399100422859192),(Vehicles4↦0.022041499614715576),(Vehicles5↦-0.023670941591262817)}",
        "VehiclesVx": "{(EgoVehicle↦20.0),(Vehicles2↦-1.0098106414079666),(Vehicles3↦0.2947668544948101),(Vehicles4↦1.41036257147789),(Vehicles5↦-1.296311616897583)}",
        "VehiclesY": "{(EgoVehicle↦8.000000238418579),(Vehicles2↦0.0),(Vehicles3↦-4.0000001192092896),(Vehicles4↦-8.000000238418579),(Vehicles5↦0.0)}",
        "VehiclesVy": "{(EgoVehicle↦0.0),(Vehicles2↦0.0),(Vehicles3↦0.0),(Vehicles4↦0.0),(Vehicles5↦0.0)}",
        "VehiclesX": "{(EgoVehicle↦200.0),(Vehicles2↦16.256612539291382),(Vehicles3↦21.491584181785583),(Vehicles4↦62.75163292884827),(Vehicles5↦82.50452280044556)}"
      },
      "probabilisticVariables": null,
      "activating": [
        "SLOWER_24"
      ],
      "activatingOnlyWhenExecuted": true,
      "updating": null,
      "withPredicate": null
    },
    {
      "id": "SLOWER_24",
      "execute": "SLOWER",
      "after": "1000",
      "priority": 0,
      "additionalGuards": null,
      "activationKind": null,
      "fixedVariables": {
        "Crash": "FALSE",
        "VehiclesAy": "{(EgoVehicle↦0.0),(Vehicles2↦0.0),(Vehicles3↦0.0),(Vehicles4↦0.0),(Vehicles5↦0.0)}",
        "Reward": "0.7333333333333334",
        "VehiclesAx": "{(EgoVehicle↦0.0),(Vehicles2↦-0.01882806420326233),(Vehicles3↦-0.0011190585792064667),(Vehicles4↦0.017722100019454956),(Vehicles5↦-0.02030596137046814)}",
        "VehiclesVx": "{(EgoVehicle↦20.0),(Vehicles2↦-1.028638705611229),(Vehicles3↦0.29364779591560364),(Vehicles4↦1.428084671497345),(Vehicles5↦-1.3166175782680511)}",
        "VehiclesY": "{(EgoVehicle↦8.000000238418579),(Vehicles2↦0.0),(Vehicles3↦-4.0000001192092896),(Vehicles4↦-8.000000238418579),(Vehicles5↦0.0)}",
        "VehiclesVy": "{(EgoVehicle↦0.0),(Vehicles2↦0.0),(Vehicles3↦0.0),(Vehicles4↦0.0),(Vehicles5↦0.0)}",
        "VehiclesX": "{(EgoVehicle↦200.0),(Vehicles2↦15.239264070987701),(Vehicles3↦21.785862743854523),(Vehicles4↦64.16940689086914),(Vehicles5↦81.19980692863464)}"
      },
      "probabilisticVariables": null,
      "activating": [
        "SLOWER_25"
      ],
      "activatingOnlyWhenExecuted": true,
      "updating": null,
      "withPredicate": null
    },
    {
      "id": "SLOWER_25",
      "execute": "SLOWER",
      "after": "1000",
      "priority": 0,
      "additionalGuards": null,
      "activationKind": null,
      "fixedVariables": {
        "Crash": "FALSE",
        "VehiclesAy": "{(EgoVehicle↦0.0),(Vehicles2↦0.0),(Vehicles3↦0.0),(Vehicles4↦0.0),(Vehicles5↦0.0)}",
        "Reward": "0.7333333333333334",
        "VehiclesAx": "{(EgoVehicle↦0.0),(Vehicles2↦-0.01863740384578705),(Vehicles3↦-0.0006180442869663239),(Vehicles4↦0.013860762119293213),(Vehicles5↦-0.01675233244895935)}",
        "VehiclesVx": "{(EgoVehicle↦20.0),(Vehicles2↦-1.047276109457016),(Vehicles3↦0.2930297516286373),(Vehicles4↦1.4419454336166382),(Vehicles5↦-1.3333699107170105)}",
        "VehiclesY": "{(EgoVehicle↦8.000000238418579),(Vehicles2↦0.0),(Vehicles3↦-4.0000001192092896),(Vehicles4↦-8.000000238418579),(Vehicles5↦0.0)}",
        "VehiclesVy": "{(EgoVehicle↦0.0),(Vehicles2↦0.0),(Vehicles3↦0.0),(Vehicles4↦0.0),(Vehicles5↦0.0)}",
        "VehiclesX": "{(EgoVehicle↦200.0),(Vehicles2↦14.20314610004425),(Vehicles3↦22.07922488451004),(Vehicles4↦65.60332775115967),(Vehicles5↦79.87620234489441)}"
      },
      "probabilisticVariables": null,
      "activating": [
        "SLOWER_26"
      ],
      "activatingOnlyWhenExecuted": true,
      "updating": null,
      "withPredicate": null
    },
    {
      "id": "SLOWER_26",
      "execute": "SLOWER",
      "after": "1000",
      "priority": 0,
      "additionalGuards": null,
      "activationKind": null,
      "fixedVariables": {
        "Crash": "FALSE",
        "VehiclesAy": "{(EgoVehicle↦0.0),(Vehicles2↦0.0),(Vehicles3↦0.0),(Vehicles4↦0.0),(Vehicles5↦0.0)}",
        "Reward": "0.7333333333333334",
        "VehiclesAx": "{(EgoVehicle↦0.0),(Vehicles2↦-0.018224269151687622),(Vehicles3↦-0.00013863667845726013),(Vehicles4↦0.010389834642410278),(Vehicles5↦-0.013113170862197876)}",
        "VehiclesVx": "{(EgoVehicle↦20.0),(Vehicles2↦-1.0655003786087036),(Vehicles3↦0.29289111495018005),(Vehicles4↦1.4523352682590485),(Vehicles5↦-1.3464830815792084)}",
        "VehiclesY": "{(EgoVehicle↦8.000000238418579),(Vehicles2↦0.0),(Vehicles3↦-4.0000001192092896),(Vehicles4↦-8.000000238418579),(Vehicles5↦0.0)}",
        "VehiclesVy": "{(EgoVehicle↦0.0),(Vehicles2↦0.0),(Vehicles3↦0.0),(Vehicles4↦0.0),(Vehicles5↦0.0)}",
        "VehiclesX": "{(EgoVehicle↦200.0),(Vehicles2↦13.148538768291473),(Vehicles3↦22.372160851955414),(Vehicles4↦67.0496940612793),(Vehicles5↦78.53729128837585)}"
      },
      "probabilisticVariables": null,
      "activating": [
        "SLOWER_27"
      ],
      "activatingOnlyWhenExecuted": true,
      "updating": null,
      "withPredicate": null
    },
    {
      "id": "SLOWER_27",
      "execute": "SLOWER",
      "after": "1000",
      "priority": 0,
      "additionalGuards": null,
      "activationKind": null,
      "fixedVariables": {
        "Crash": "FALSE",
        "VehiclesAy": "{(EgoVehicle↦0.0),(Vehicles2↦0.0),(Vehicles3↦0.0),(Vehicles4↦0.0),(Vehicles5↦0.0)}",
        "Reward": "0.7333333333333334",
        "VehiclesAx": "{(EgoVehicle↦0.0),(Vehicles2↦-0.01760333776473999),(Vehicles3↦0.0003180094063282013),(Vehicles4↦0.007255822420120239),(Vehicles5↦-0.009477585554122925)}",
        "VehiclesVx": "{(EgoVehicle↦20.0),(Vehicles2↦-1.0831037163734436),(Vehicles3↦0.29320912435650826),(Vehicles4↦1.4595910906791687),(Vehicles5↦-1.3559606671333313)}",
        "VehiclesY": "{(EgoVehicle↦8.000000238418579),(Vehicles2↦0.0),(Vehicles3↦-4.0000001192092896),(Vehicles4↦-8.000000238418579),(Vehicles5↦0.0)}",
        "VehiclesVy": "{(EgoVehicle↦0.0),(Vehicles2↦0.0),(Vehicles3↦0.0),(Vehicles4↦0.0),(Vehicles5↦0.0)}",
        "VehiclesX": "{(EgoVehicle↦200.0),(Vehicles2↦12.075939029455185),(Vehicles3↦22.665144503116608),(Vehicles4↦68.5051679611206),(Vehicles5↦77.18672752380371)}"
      },
      "probabilisticVariables": null,
      "activating": [
        "SLOWER_28"
      ],
      "activatingOnlyWhenExecuted": true,
      "updating": null,
      "withPredicate": null
    },
    {
      "id": "SLOWER_28",
      "execute": "SLOWER",
      "after": "1000",
      "priority": 0,
      "additionalGuards": null,
      "activationKind": null,
      "fixedVariables": {
        "Crash": "FALSE",
        "VehiclesAy": "{(EgoVehicle↦0.0),(Vehicles2↦0.0),(Vehicles3↦0.0),(Vehicles4↦0.0),(Vehicles5↦0.0)}",
        "Reward": "0.7333333333333334",
        "VehiclesAx": "{(EgoVehicle↦0.0),(Vehicles2↦-0.01679256558418274),(Vehicles3↦0.0007512606680393219),(Vehicles4↦0.004416406154632568),(Vehicles5↦-0.005920082330703735)}",
        "VehiclesVx": "{(EgoVehicle↦20.0),(Vehicles2↦-1.0998962819576263),(Vehicles3↦0.2939603850245476),(Vehicles4↦1.4640074968338013),(Vehicles5↦-1.361880749464035)}",
        "VehiclesY": "{(EgoVehicle↦8.000000238418579),(Vehicles2↦0.0),(Vehicles3↦-4.0000001192092896),(Vehicles4↦-8.000000238418579),(Vehicles5↦0.0)}",
        "VehiclesVy": "{(EgoVehicle↦0.0),(Vehicles2↦0.0),(Vehicles3↦0.0),(Vehicles4↦0.0),(Vehicles5↦0.0)}",
        "VehiclesX": "{(EgoVehicle↦200.0),(Vehicles2↦10.986046493053436),(Vehicles3↦22.9586198925972),(Vehicles4↦69.96674537658691),(Vehicles5↦75.82812309265137)}"
      },
      "probabilisticVariables": null,
      "activating": [
        "SLOWER_29"
      ],
      "activatingOnlyWhenExecuted": true,
      "updating": null,
      "withPredicate": null
    },
    {
      "id": "SLOWER_29",
      "execute": "SLOWER",
      "after": "1000",
      "priority": 0,
      "additionalGuards": null,
      "activationKind": null,
      "fixedVariables": {
        "Crash": "FALSE",
        "VehiclesAy": "{(EgoVehicle↦0.0),(Vehicles2↦0.0),(Vehicles3↦0.0),(Vehicles4↦0.0),(Vehicles5↦0.0)}",
        "Reward": "0.7333333333333334",
        "VehiclesAx": "{(EgoVehicle↦0.0),(Vehicles2↦-0.015812218189239502),(Vehicles3↦0.0011609122157096863),(Vehicles4↦0.0018377602100372314),(Vehicles5↦-0.0025001168251037598)}",
        "VehiclesVx": "{(EgoVehicle↦20.0),(Vehicles2↦-1.1157085001468658),(Vehicles3↦0.29512129724025726),(Vehicles4↦1.4658452570438385),(Vehicles5↦-1.3643808662891388)}",
        "VehiclesY": "{(EgoVehicle↦8.000000238418579),(Vehicles2↦0.0),(Vehicles3↦-4.0000001192092896),(Vehicles4↦-8.000000238418579),(Vehicles5↦0.0)}",
        "VehiclesVy": "{(EgoVehicle↦0.0),(Vehicles2↦0.0),(Vehicles3↦0.0),(Vehicles4↦0.0),(Vehicles5↦0.0)}",
        "VehiclesX": "{(EgoVehicle↦200.0),(Vehicles2↦9.879740327596664),(Vehicles3↦23.25301319360733),(Vehicles4↦71.43168449401855),(Vehicles5↦74.46497678756714)}"
      },
      "probabilisticVariables": null,
      "activating": [
        "SLOWER_30"
      ],
      "activatingOnlyWhenExecuted": true,
      "updating": null,
      "withPredicate": null
    },
    {
      "id": "SLOWER_30",
      "execute": "SLOWER",
      "after": "1000",
      "priority": 0,
      "additionalGuards": null,
      "activationKind": null,
      "fixedVariables": {
        "Crash": "FALSE",
        "VehiclesAy": "{(EgoVehicle↦0.0),(Vehicles2↦0.0),(Vehicles3↦0.0),(Vehicles4↦0.0),(Vehicles5↦0.0)}",
        "Reward": "0.7333333333333334",
        "VehiclesAx": "{(EgoVehicle↦0.0),(Vehicles2↦-0.014684796333312988),(Vehicles3↦0.0015470944344997406),(Vehicles4↦-0.0005070865154266357),(Vehicles5↦0.0007368624210357666)}",
        "VehiclesVx": "{(EgoVehicle↦20.0),(Vehicles2↦-1.1303932964801788),(Vehicles3↦0.296668391674757),(Vehicles4↦1.4653381705284119),(Vehicles5↦-1.363644003868103)}",
        "VehiclesY": "{(EgoVehicle↦8.000000238418579),(Vehicles2↦0.0),(Vehicles3↦-4.0000001192092896),(Vehicles4↦-8.000000238418579),(Vehicles5↦0.0)}",
        "VehiclesVy": "{(EgoVehicle↦0.0),(Vehicles2↦0.0),(Vehicles3↦0.0),(Vehicles4↦0.0),(Vehicles5↦0.0)}",
        "VehiclesX": "{(EgoVehicle↦200.0),(Vehicles2↦8.758062869310379),(Vehicles3↦23.548723757267),(Vehicles4↦72.89750576019287),(Vehicles5↦73.1006383895874)}"
      },
      "probabilisticVariables": null,
      "activating": [
        "SLOWER_31"
      ],
      "activatingOnlyWhenExecuted": true,
      "updating": null,
      "withPredicate": null
    },
    {
      "id": "SLOWER_31",
      "execute": "SLOWER",
      "after": "1000",
      "priority": 0,
      "additionalGuards": null,
      "activationKind": null,
      "fixedVariables": {
        "Crash": "FALSE",
        "VehiclesAy": "{(EgoVehicle↦0.0),(Vehicles2↦0.0),(Vehicles3↦0.0),(Vehicles4↦0.0),(Vehicles5↦0.0)}",
        "Reward": "0.7333333333333334",
        "VehiclesAx": "{(EgoVehicle↦0.0),(Vehicles2↦-0.013433024287223816),(Vehicles3↦0.0019101612269878387),(Vehicles4↦-2.8252242505550385),(Vehicles5↦2.826341986656189)}",
        "VehiclesVx": "{(EgoVehicle↦20.0),(Vehicles2↦-1.1438263207674026),(Vehicles3↦0.29857855290174484),(Vehicles4↦-1.3598860800266266),(Vehicles5↦1.462697982788086)}",
        "VehiclesY": "{(EgoVehicle↦8.000000238418579),(Vehicles2↦0.0),(Vehicles3↦-4.0000001192092896),(Vehicles4↦0.0),(Vehicles5↦-8.000000238418579)}",
        "VehiclesVy": "{(EgoVehicle↦0.0),(Vehicles2↦0.0),(Vehicles3↦0.0),(Vehicles4↦0.0),(Vehicles5↦0.0)}",
        "VehiclesX": "{(EgoVehicle↦200.0),(Vehicles2↦7.622192054986954),(Vehicles3↦23.846127092838287),(Vehicles4↦71.73826694488525),(Vehicles5↦74.36195015907288)}"
      },
      "probabilisticVariables": null,
      "activating": [
        "SLOWER_32"
      ],
      "activatingOnlyWhenExecuted": true,
      "updating": null,
      "withPredicate": null
    },
    {
      "id": "SLOWER_32",
      "execute": "SLOWER",
      "after": "1000",
      "priority": 0,
      "additionalGuards": null,
      "activationKind": null,
      "fixedVariables": {
        "Crash": "FALSE",
        "VehiclesAy": "{(EgoVehicle↦0.0),(Vehicles2↦0.0),(Vehicles3↦0.0),(Vehicles4↦0.0),(Vehicles5↦0.0)}",
        "Reward": "0.7333333333333334",
        "VehiclesAx": "{(EgoVehicle↦0.0),(Vehicles2↦-0.012080743908882141),(Vehicles3↦0.0022506900131702423),(Vehicles4↦0.006541609764099121),(Vehicles5↦-0.0045795738697052)}",
        "VehiclesVx": "{(EgoVehicle↦20.0),(Vehicles2↦-1.1559070646762848),(Vehicles3↦0.3008292429149151),(Vehicles4↦-1.3533444702625275),(Vehicles5↦1.4581184089183807)}",
        "VehiclesY": "{(EgoVehicle↦8.000000238418579),(Vehicles2↦0.0),(Vehicles3↦-4.0000001192092896),(Vehicles4↦0.0),(Vehicles5↦-8.000000238418579)}",
        "VehiclesVy": "{(EgoVehicle↦0.0),(Vehicles2↦0.0),(Vehicles3↦0.0),(Vehicles4↦0.0),(Vehicles5↦0.0)}",
        "VehiclesX": "{(EgoVehicle↦200.0),(Vehicles2↦6.4734213054180145),(Vehicles3↦24.14557933807373),(Vehicles4↦70.38078308105469),(Vehicles5↦75.82296133041382)}"
      },
      "probabilisticVariables": null,
      "activating": [
        "SLOWER_33"
      ],
      "activatingOnlyWhenExecuted": true,
      "updating": null,
      "withPredicate": null
    },
    {
      "id": "SLOWER_33",
      "execute": "SLOWER",
      "after": "1000",
      "priority": 0,
      "additionalGuards": null,
      "activationKind": null,
      "fixedVariables": {
        "Crash": "FALSE",
        "VehiclesAy": "{(EgoVehicle↦0.0),(Vehicles2↦0.0),(Vehicles3↦0.0),(Vehicles4↦0.0),(Vehicles5↦0.0)}",
        "Reward": "0.7333333333333334",
        "VehiclesAx": "{(EgoVehicle↦0.0),(Vehicles2↦-0.010650679469108582),(Vehicles3↦0.002569388598203659),(Vehicles4↦0.009076446294784546),(Vehicles5↦-0.006339997053146362)}",
        "VehiclesVx": "{(EgoVehicle↦20.0),(Vehicles2↦-1.1665577441453934),(Vehicles3↦0.30339863151311874),(Vehicles4↦-1.344268023967743),(Vehicles5↦1.4517784118652344)}",
        "VehiclesY": "{(EgoVehicle↦8.000000238418579),(Vehicles2↦0.0),(Vehicles3↦-4.0000001192092896),(Vehicles4↦0.0),(Vehicles5↦-8.000000238418579)}",
        "VehiclesVy": "{(EgoVehicle↦0.0),(Vehicles2↦0.0),(Vehicles3↦0.0),(Vehicles4↦0.0),(Vehicles5↦0.0)}",
        "VehiclesX": "{(EgoVehicle↦200.0),(Vehicles2↦5.313137173652649),(Vehicles3↦24.44741278886795),(Vehicles4↦69.03087496757507),(Vehicles5↦77.2786796092987)}"
      },
      "probabilisticVariables": null,
      "activating": [
        "SLOWER_34"
      ],
      "activatingOnlyWhenExecuted": true,
      "updating": null,
      "withPredicate": null
    },
    {
      "id": "SLOWER_34",
      "execute": "SLOWER",
      "after": "1000",
      "priority": 0,
      "additionalGuards": null,
      "activationKind": null,
      "fixedVariables": {
        "Crash": "TRUE",
        "VehiclesAy": "{(EgoVehicle↦0.0),(Vehicles2↦0.0),(Vehicles3↦0.0),(Vehicles4↦0.0),(Vehicles5↦0.0)}",
        "Reward": "0.06666666666666665",
        "VehiclesAx": "{(EgoVehicle↦-9.759999513626099),(Vehicles2↦0.5673106387257576),(Vehicles3↦9.76286742836237),(Vehicles4↦9.771358668804169),(Vehicles5↦9.752066135406494)}",
        "VehiclesVx": "{(EgoVehicle↦10.240000486373901),(Vehicles2↦-0.5992471054196358),(Vehicles3↦10.066266059875488),(Vehicles4↦8.427090644836426),(Vehicles5↦11.203844547271729)}",
        "VehiclesY": "{(EgoVehicle↦8.000000238418579),(Vehicles2↦0.0),(Vehicles3↦-4.0000001192092896),(Vehicles4↦0.0),(Vehicles5↦-8.000000238418579)}",
        "VehiclesVy": "{(EgoVehicle↦0.0),(Vehicles2↦0.0),(Vehicles3↦0.0),(Vehicles4↦0.0),(Vehicles5↦0.0)}",
        "VehiclesX": "{(EgoVehicle↦200.0),(Vehicles2↦5.000000074505806),(Vehicles3↦27.35445201396942),(Vehicles4↦70.2934980392456),(Vehicles5↦81.32992386817932)}"
      },
      "probabilisticVariables": null,
      "activating": null,
      "activatingOnlyWhenExecuted": true,
      "updating": null,
      "withPredicate": null
    }
  ],
  "listeners": [],
  "metadata": {
    "fileType": "Timed_Trace",
    "formatVersion": 3,
    "savedAt": "2023-08-15T12:35:12.711856Z",
    "creator": "Simulation: MONTE_CARLO_SIMULATION; MAX_STEPS_BEFORE_PROPERTY : 0, EXECUTIONS : 1000, ENDING_TIME : 60000",
    "proB2KernelVersion": "4.12.2",
    "proBCliVersion": "1.12.2-final",
    "modelName": "HighwayEnvironment"
  }
}