{
  "variables": {},
  "activations": [
    {
      "id": "$setup_constants",
      "execute": "$setup_constants",
      "after": "0",
      "priority": 0,
      "additionalGuards": null,
      "activationKind": null,
      "fixedVariables": null,
      "probabilisticVariables": null,
      "activating": null,
      "activatingOnlyWhenExecuted": true,
      "updating": null,
      "withPredicate": null
    },
    {
      "id": "$initialise_machine",
      "execute": "$initialise_machine",
      "after": "0",
      "priority": 0,
      "additionalGuards": null,
      "activationKind": null,
      "fixedVariables": {
        "Crash": "FALSE",
        "VehiclesAy": "{(EgoVehicle↦0.0),(Vehicles2↦0.0),(Vehicles3↦0.0),(Vehicles4↦0.0),(Vehicles5↦0.0)}",
        "Reward": "0.0",
        "VehiclesAx": "{(EgoVehicle↦0.0),(Vehicles2↦0.0),(Vehicles3↦0.0),(Vehicles4↦0.0),(Vehicles5↦0.0)}",
        "VehiclesVx": "{(EgoVehicle↦25.0),(Vehicles2↦-1.875346451997757),(Vehicles3↦-3.5128766298294067),(Vehicles4↦-2.5936076045036316),(Vehicles5↦-1.8873953819274902)}",
        "VehiclesY": "{(EgoVehicle↦8.000000238418579),(Vehicles2↦0.0),(Vehicles3↦0.0),(Vehicles4↦-4.0000001192092896),(Vehicles5↦-4.0000001192092896)}",
        "VehiclesVy": "{(EgoVehicle↦0.0),(Vehicles2↦0.0),(Vehicles3↦0.0),(Vehicles4↦0.0),(Vehicles5↦0.0)}",
        "VehiclesX": "{(EgoVehicle↦151.06351375579834),(Vehicles2↦25.966885685920715),(Vehicles3↦50.342875719070435),(Vehicles4↦73.20771813392639),(Vehicles5↦96.25901579856873)}"
      },
      "probabilisticVariables": null,
      "activating": [
        "SLOWER_2"
      ],
      "activatingOnlyWhenExecuted": true,
      "updating": null,
      "withPredicate": null
    },
    {
      "id": "SLOWER_2",
      "execute": "SLOWER",
      "after": "1000",
      "priority": 0,
      "additionalGuards": null,
      "activationKind": null,
      "fixedVariables": {
        "Crash": "FALSE",
        "VehiclesAy": "{(EgoVehicle↦0.0),(Vehicles2↦-6.441027522087097),(Vehicles3↦0.0),(Vehicles4↦0.0),(Vehicles5↦-5.089134573936462)}",
        "Reward": "0.750891632373114",
        "VehiclesAx": "{(EgoVehicle↦-4.341564178466797),(Vehicles2↦-2.025359719991684),(Vehicles3↦4.0822989493608475),(Vehicles4↦-1.3512516021728516),(Vehicles5↦-0.6851673126220703)}",
        "VehiclesVx": "{(EgoVehicle↦20.658435821533203),(Vehicles2↦-3.900706171989441),(Vehicles3↦0.5694223195314407),(Vehicles4↦-3.944859206676483),(Vehicles5↦-2.5725626945495605)}",
        "VehiclesY": "{(EgoVehicle↦8.000000238418579),(Vehicles2↦-0.9173817336559296),(Vehicles3↦0.0),(Vehicles4↦-4.0000001192092896),(Vehicles5↦-5.989180326461792)}",
        "VehiclesVy": "{(EgoVehicle↦0.0),(Vehicles2↦-6.441027522087097),(Vehicles3↦0.0),(Vehicles4↦0.0),(Vehicles5↦-5.089134573936462)}",
        "VehiclesX": "{(EgoVehicle↦173.66845607757568),(Vehicles2↦24.023038148880005),(Vehicles3↦49.116235971450806),(Vehicles4↦70.63136100769043),(Vehicles5↦94.40616369247437)}"
      },
      "probabilisticVariables": null,
      "activating": [
        "SLOWER_3"
      ],
      "activatingOnlyWhenExecuted": true,
      "updating": null,
      "withPredicate": null
    },
    {
      "id": "SLOWER_3",
      "execute": "SLOWER",
      "after": "1000",
      "priority": 0,
      "additionalGuards": null,
      "activationKind": null,
      "fixedVariables": {
        "Crash": "FALSE",
        "VehiclesAy": "{(EgoVehicle↦0.0),(Vehicles2↦5.6847237050533295),(Vehicles3↦0.0),(Vehicles4↦0.0),(Vehicles5↦-5.518626049160957)}",
        "Reward": "0.735645537322111",
        "VehiclesAx": "{(EgoVehicle↦-0.5717277526855469),(Vehicles2↦1.0614198446273804),(Vehicles3↦0.3538307547569275),(Vehicles4↦0.40654629468917847),(Vehicles5↦1.7086101323366165)}",
        "VehiclesVx": "{(EgoVehicle↦20.086708068847656),(Vehicles2↦-2.8392863273620605),(Vehicles3↦0.9232530742883682),(Vehicles4↦-3.5383129119873047),(Vehicles5↦-0.863952562212944)}",
        "VehiclesY": "{(EgoVehicle↦8.000000238418579),(Vehicles2↦-3.724431037902832),(Vehicles3↦0.0),(Vehicles4↦-4.0000001192092896),(Vehicles5↦-7.850922346115112)}",
        "VehiclesVy": "{(EgoVehicle↦0.0),(Vehicles2↦-0.7563038170337677),(Vehicles3↦0.0),(Vehicles4↦0.0),(Vehicles5↦-0.42949147522449493)}",
        "VehiclesX": "{(EgoVehicle↦194.0114974975586),(Vehicles2↦20.79543024301529),(Vehicles3↦49.91180598735809),(Vehicles4↦66.35896563529968),(Vehicles5↦92.68057346343994)}"
      },
      "probabilisticVariables": null,
      "activating": [
        "FASTER_4"
      ],
      "activatingOnlyWhenExecuted": true,
      "updating": null,
      "withPredicate": null
    },
    {
      "id": "FASTER_4",
      "execute": "FASTER",
      "after": "1000",
      "priority": 0,
      "additionalGuards": null,
      "activationKind": null,
      "fixedVariables": {
        "Crash": "FALSE",
        "VehiclesAy": "{(EgoVehicle↦0.0),(Vehicles2↦-0.5197523534297943),(Vehicles3↦0.0),(Vehicles4↦0.0),(Vehicles5↦-0.45755268074572086)}",
        "Reward": "0.8494128553949557",
        "VehiclesAx": "{(EgoVehicle↦4.2662739753723145),(Vehicles2↦-3.6827564239501953),(Vehicles3↦-4.4600967317819595),(Vehicles4↦-2.9359793663024902),(Vehicles5↦-3.537181094288826)}",
        "VehiclesVx": "{(EgoVehicle↦24.35298204421997),(Vehicles2↦-6.522042751312256),(Vehicles3↦-3.5368436574935913),(Vehicles4↦-6.474292278289795),(Vehicles5↦-4.40113365650177)}",
        "VehiclesY": "{(EgoVehicle↦8.000000238418579),(Vehicles2↦-7.547077417373657),(Vehicles3↦0.0),(Vehicles4↦-4.0000001192092896),(Vehicles5↦-7.9903857707977295)}",
        "VehiclesVy": "{(EgoVehicle↦0.0),(Vehicles2↦-1.276056170463562),(Vehicles3↦0.0),(Vehicles4↦0.0),(Vehicles5↦-0.02806120552122593)}",
        "VehiclesX": "{(EgoVehicle↦200.0),(Vehicles2↦15.161697566509247),(Vehicles3↦48.40220510959625),(Vehicles4↦61.03594899177551),(Vehicles5↦89.77975845336914)}"
      },
      "probabilisticVariables": null,
      "activating": [
        "SLOWER_5"
      ],
      "activatingOnlyWhenExecuted": true,
      "updating": null,
      "withPredicate": null
    },
    {
      "id": "SLOWER_5",
      "execute": "SLOWER",
      "after": "1000",
      "priority": 0,
      "additionalGuards": null,
      "activationKind": null,
      "fixedVariables": {
        "Crash": "FALSE",
        "VehiclesAy": "{(EgoVehicle↦0.0),(Vehicles2↦1.1820452474057674),(Vehicles3↦0.0),(Vehicles4↦0.0),(Vehicles5↦-0.02977461481350474)}",
        "Reward": "0.7486195255389791",
        "VehiclesAx": "{(EgoVehicle↦-3.779749870300293),(Vehicles2↦5.084710270166397),(Vehicles3↦3.6069536954164505),(Vehicles4↦4.692501425743103),(Vehicles5↦4.263797122985125)}",
        "VehiclesVx": "{(EgoVehicle↦20.573232173919678),(Vehicles2↦-1.4373324811458588),(Vehicles3↦0.07011003792285919),(Vehicles4↦-1.781790852546692),(Vehicles5↦-0.13733653351664543)}",
        "VehiclesY": "{(EgoVehicle↦8.000000238418579),(Vehicles2↦-7.967383146286011),(Vehicles3↦0.0),(Vehicles4↦-4.0000001192092896),(Vehicles5↦-7.999418020248413)}",
        "VehiclesVy": "{(EgoVehicle↦0.0),(Vehicles2↦-0.09401092305779457),(Vehicles3↦0.0),(Vehicles4↦0.0),(Vehicles5↦-0.0017134092922788113)}",
        "VehiclesX": "{(EgoVehicle↦200.0),(Vehicles2↦11.301826685667038),(Vehicles3↦46.8798041343689),(Vehicles4↦57.04159736633301),(Vehicles5↦87.67308592796326)}"
      },
      "probabilisticVariables": null,
      "activating": [
        "LANE_RIGHT_6"
      ],
      "activatingOnlyWhenExecuted": true,
      "updating": null,
      "withPredicate": null
    },
    {
      "id": "LANE_RIGHT_6",
      "execute": "LANE_RIGHT",
      "after": "1000",
      "priority": 0,
      "additionalGuards": null,
      "activationKind": null,
      "fixedVariables": {
        "Crash": "FALSE",
        "VehiclesAy": "{(EgoVehicle↦0.0),(Vehicles2↦0.0878564128652215),(Vehicles3↦0.0),(Vehicles4↦0.0),(Vehicles5↦-0.0018133778394258115)}",
        "Reward": "0.7353463298377806",
        "VehiclesAx": "{(EgoVehicle↦-0.497744083404541),(Vehicles2↦1.3560178130865097),(Vehicles3↦0.34351274371147156),(Vehicles4↦1.0908641666173935),(Vehicles5↦0.8215726725757122)}",
        "VehiclesVx": "{(EgoVehicle↦20.075488090515137),(Vehicles2↦-0.08131466805934906),(Vehicles3↦0.41362278163433075),(Vehicles4↦-0.6909266859292984),(Vehicles5↦0.6842361390590668)}",
        "VehiclesY": "{(EgoVehicle↦8.000000238418579),(Vehicles2↦-7.997895240783691),(Vehicles3↦0.0),(Vehicles4↦-4.0000001192092896),(Vehicles5↦-7.9999659061431885)}",
        "VehiclesVy": "{(EgoVehicle↦0.0),(Vehicles2↦-0.0061545101925730705),(Vehicles3↦0.0),(Vehicles4↦0.0),(Vehicles5↦-9.996854714700021E-05)}",
        "VehiclesX": "{(EgoVehicle↦200.0),(Vehicles2↦10.511282831430435),(Vehicles3↦47.161391377449036),(Vehicles4↦55.79310655593872),(Vehicles5↦87.95004487037659)}"
      },
      "probabilisticVariables": null,
      "activating": [
        "LANE_RIGHT_7"
      ],
      "activatingOnlyWhenExecuted": true,
      "updating": null,
      "withPredicate": null
    },
    {
      "id": "LANE_RIGHT_7",
      "execute": "LANE_RIGHT",
      "after": "1000",
      "priority": 0,
      "additionalGuards": null,
      "activationKind": null,
      "fixedVariables": {
        "Crash": "FALSE",
        "VehiclesAy": "{(EgoVehicle↦0.0),(Vehicles2↦0.005782008993264753),(Vehicles3↦0.0),(Vehicles4↦0.0),(Vehicles5↦-0.000105622102637426)}",
        "Reward": "0.7335984192927668",
        "VehiclesAx": "{(EgoVehicle↦-0.06554841995239258),(Vehicles2↦0.6147177144885063),(Vehicles3↦-0.07144879549741745),(Vehicles4↦0.43618401512503624),(Vehicles5↦0.2868039906024933)}",
        "VehiclesVx": "{(EgoVehicle↦20.009939670562744),(Vehicles2↦0.5334030464291573),(Vehicles3↦0.3421739861369133),(Vehicles4↦-0.25474267080426216),(Vehicles5↦0.9710401296615601)}",
        "VehiclesY": "{(EgoVehicle↦8.000000238418579),(Vehicles2↦-7.999873638153076),(Vehicles3↦0.0),(Vehicles4↦-4.0000001192092896),(Vehicles5↦-7.999998092651367)}",
        "VehiclesVy": "{(EgoVehicle↦0.0),(Vehicles2↦-0.00037250119930831715),(Vehicles3↦0.0),(Vehicles4↦0.0),(Vehicles5↦-5.653555490425788E-06)}",
        "VehiclesX": "{(EgoVehicle↦200.0),(Vehicles2↦10.706418752670288),(Vehicles3↦47.55502641201019),(Vehicles4↦55.300962924957275),(Vehicles5↦88.76538276672363)}"
      },
      "probabilisticVariables": null,
      "activating": [
        "FASTER_8"
      ],
      "activatingOnlyWhenExecuted": true,
      "updating": null,
      "withPredicate": null
    },
    {
      "id": "FASTER_8",
      "execute": "FASTER",
      "after": "1000",
      "priority": 0,
      "additionalGuards": null,
      "activationKind": null,
      "fixedVariables": {
        "Crash": "FALSE",
        "VehiclesAy": "{(EgoVehicle↦0.0),(Vehicles2↦0.00035106387940686545),(Vehicles3↦0.0),(Vehicles4↦0.0),(Vehicles5↦-5.9662925622205876E-06)}",
        "Reward": "0.8491432760659885",
        "VehiclesAx": "{(EgoVehicle↦4.33293342590332),(Vehicles2↦-3.9952846243977547),(Vehicles3↦-4.453239254653454),(Vehicles4↦-4.107943903654814),(Vehicles5↦-4.180476665496826)}",
        "VehiclesVx": "{(EgoVehicle↦24.342873096466064),(Vehicles2↦-3.4618815779685974),(Vehicles3↦-4.1110652685165405),(Vehicles4↦-4.362686574459076),(Vehicles5↦-3.209436535835266)}",
        "VehiclesY": "{(EgoVehicle↦8.000000238418579),(Vehicles2↦-7.999993085861206),(Vehicles3↦0.0),(Vehicles4↦-4.0000001192092896),(Vehicles5↦-8.000000238418579)}",
        "VehiclesVy": "{(EgoVehicle↦0.0),(Vehicles2↦-2.14373199014517E-05),(Vehicles3↦0.0),(Vehicles4↦0.0),(Vehicles5↦-3.127370717947997E-07)}",
        "VehiclesX": "{(EgoVehicle↦200.0),(Vehicles2↦8.998037874698639),(Vehicles3↦45.45745849609375),(Vehicles4↦52.755117416381836),(Vehicles5↦87.41281032562256)}"
      },
      "probabilisticVariables": null,
      "activating": [
        "SLOWER_9"
      ],
      "activatingOnlyWhenExecuted": true,
      "updating": null,
      "withPredicate": null
    },
    {
      "id": "SLOWER_9",
      "execute": "SLOWER",
      "after": "1000",
      "priority": 0,
      "additionalGuards": null,
      "activationKind": null,
      "fixedVariables": {
        "Crash": "FALSE",
        "VehiclesAy": "{(EgoVehicle↦0.0),(Vehicles2↦2.0241544262944444E-05),(Vehicles3↦0.0),(Vehicles4↦0.0),(Vehicles5↦-3.2979346364925277E-07)}",
        "Reward": "0.748584025380432",
        "VehiclesAx": "{(EgoVehicle↦-3.7709712982177734),(Vehicles2↦3.972221463918686),(Vehicles3↦3.666866235435009),(Vehicles4↦3.904562331736088),(Vehicles5↦3.830435536801815)}",
        "VehiclesVx": "{(EgoVehicle↦20.57190179824829),(Vehicles2↦0.5103398859500885),(Vehicles3↦-0.4441990330815315),(Vehicles4↦-0.45812424272298813),(Vehicles5↦0.6209990009665489)}",
        "VehiclesY": "{(EgoVehicle↦8.000000238418579),(Vehicles2↦-7.999999523162842),(Vehicles3↦0.0),(Vehicles4↦-4.0000001192092896),(Vehicles5↦-8.000000238418579)}",
        "VehiclesVy": "{(EgoVehicle↦0.0),(Vehicles2↦-1.195775638507257E-06),(Vehicles3↦0.0),(Vehicles4↦0.0),(Vehicles5↦-1.7056391854453068E-08)}",
        "VehiclesX": "{(EgoVehicle↦200.0),(Vehicles2↦7.70561546087265),(Vehicles3↦43.38377118110657),(Vehicles4↦50.5315363407135),(Vehicles5↦86.31356954574585)}"
      },
      "probabilisticVariables": null,
      "activating": [
        "LANE_RIGHT_10"
      ],
      "activatingOnlyWhenExecuted": true,
      "updating": null,
      "withPredicate": null
    },
    {
      "id": "LANE_RIGHT_10",
      "execute": "LANE_RIGHT",
      "after": "1000",
      "priority": 0,
      "additionalGuards": null,
      "activationKind": null,
      "fixedVariables": {
        "Crash": "FALSE",
        "VehiclesAy": "{(EgoVehicle↦0.0),(Vehicles2↦1.1303012303898186E-06),(Vehicles3↦0.0),(Vehicles4↦0.0),(Vehicles5↦-1.798329485325212E-08)}",
        "Reward": "0.7353416549197825",
        "VehiclesAx": "{(EgoVehicle↦-0.49659013748168945),(Vehicles2↦0.6110398471355438),(Vehicles3↦0.4077897244133055),(Vehicles4↦0.5830145440995693),(Vehicles5↦0.5046144500374794)}",
        "VehiclesVx": "{(EgoVehicle↦20.0753116607666),(Vehicles2↦1.1213797330856323),(Vehicles3↦-0.036409308668226004),(Vehicles4↦0.12489030137658119),(Vehicles5↦1.1256134510040283)}",
        "VehiclesY": "{(EgoVehicle↦8.000000238418579),(Vehicles2↦-8.000000238418579),(Vehicles3↦0.0),(Vehicles4↦-4.0000001192092896),(Vehicles5↦-8.000000238418579)}",
        "VehiclesVy": "{(EgoVehicle↦0.0),(Vehicles2↦-6.547440811743854E-08),(Vehicles3↦0.0),(Vehicles4↦0.0),(Vehicles5↦-9.269029987990507E-10)}",
        "VehiclesX": "{(EgoVehicle↦200.0),(Vehicles2↦8.541063219308853),(Vehicles3↦43.17682385444641),(Vehicles4↦50.384390354156494),(Vehicles5↦87.21423149108887)}"
      },
      "probabilisticVariables": null,
      "activating": [
        "LANE_RIGHT_11"
      ],
      "activatingOnlyWhenExecuted": true,
      "updating": null,
      "withPredicate": null
    },
    {
      "id": "LANE_RIGHT_11",
      "execute": "LANE_RIGHT",
      "after": "1000",
      "priority": 0,
      "additionalGuards": null,
      "activationKind": null,
      "fixedVariables": {
        "Crash": "FALSE",
        "VehiclesAy": "{(EgoVehicle↦0.0),(Vehicles2↦6.192647283853603E-08),(Vehicles3↦0.0),(Vehicles4↦0.0),(Vehicles5↦-9.772982423328358E-10)}",
        "Reward": "0.7335978036657053",
        "VehiclesAx": "{(EgoVehicle↦-0.06539344787597656),(Vehicles2↦0.12696273624897003),(Vehicles3↦-0.009503329638391733),(Vehicles4↦0.13008100911974907),(Vehicles5↦0.052938312292099)}",
        "VehiclesVx": "{(EgoVehicle↦20.009918212890625),(Vehicles2↦1.2483424693346024),(Vehicles3↦-0.04591263830661774),(Vehicles4↦0.25497131049633026),(Vehicles5↦1.1785517632961273)}",
        "VehiclesY": "{(EgoVehicle↦8.000000238418579),(Vehicles2↦-8.000000238418579),(Vehicles3↦0.0),(Vehicles4↦-4.0000001192092896),(Vehicles5↦-8.000000238418579)}",
        "VehiclesVy": "{(EgoVehicle↦0.0),(Vehicles2↦-3.5479352789025143E-09),(Vehicles3↦0.0),(Vehicles4↦0.0),(Vehicles5↦-5.0395243533785106E-11)}",
        "VehiclesX": "{(EgoVehicle↦200.0),(Vehicles2↦9.726356714963913),(Vehicles3↦43.14548671245575),(Vehicles4↦50.572389364242554),(Vehicles5↦88.37188482284546)}"
      },
      "probabilisticVariables": null,
      "activating": [
        "LANE_RIGHT_12"
      ],
      "activatingOnlyWhenExecuted": true,
      "updating": null,
      "withPredicate": null
    },
    {
      "id": "LANE_RIGHT_12",
      "execute": "LANE_RIGHT",
      "after": "1000",
      "priority": 0,
      "additionalGuards": null,
      "activationKind": null,
      "fixedVariables": {
        "Crash": "FALSE",
        "VehiclesAy": "{(EgoVehicle↦0.0),(Vehicles2↦3.3567282287094713E-09),(Vehicles3↦0.0),(Vehicles4↦0.0),(Vehicles5↦-5.313971485065849E-11)}",
        "Reward": "0.7333681607022053",
        "VehiclesAx": "{(EgoVehicle↦-0.008611679077148438),(Vehicles2↦0.03897272050380707),(Vehicles3↦-0.05414779298007488),(Vehicles4↦0.06250843405723572),(Vehicles5↦-0.011214539408683777)}",
        "VehiclesVx": "{(EgoVehicle↦20.001306533813477),(Vehicles2↦1.2873151898384094),(Vehicles3↦-0.10006043128669262),(Vehicles4↦0.317479744553566),(Vehicles5↦1.1673372238874435)}",
        "VehiclesY": "{(EgoVehicle↦8.000000238418579),(Vehicles2↦-8.000000238418579),(Vehicles3↦0.0),(Vehicles4↦-4.0000001192092896),(Vehicles5↦-8.000000238418579)}",
        "VehiclesVy": "{(EgoVehicle↦0.0),(Vehicles2↦-1.9120705019304296E-10),(Vehicles3↦0.0),(Vehicles4↦0.0),(Vehicles5↦-2.744471316873387E-12)}",
        "VehiclesX": "{(EgoVehicle↦200.0),(Vehicles2↦10.993465781211853),(Vehicles3↦43.07832419872284),(Vehicles4↦50.85430145263672),(Vehicles5↦89.5475685596466)}"
      },
      "probabilisticVariables": null,
      "activating": [
        "LANE_RIGHT_13"
      ],
      "activatingOnlyWhenExecuted": true,
      "updating": null,
      "withPredicate": null
    },
    {
      "id": "LANE_RIGHT_13",
      "execute": "LANE_RIGHT",
      "after": "1000",
      "priority": 0,
      "additionalGuards": null,
      "activationKind": null,
      "fixedVariables": {
        "Crash": "FALSE",
        "VehiclesAy": "{(EgoVehicle↦0.0),(Vehicles2↦1.809219440929155E-10),(Vehicles3↦0.0),(Vehicles4↦0.0),(Vehicles5↦-2.9043434324194095E-12)}",
        "Reward": "0.733337919653514",
        "VehiclesAx": "{(EgoVehicle↦-0.0011348724365234375),(Vehicles2↦0.013414323329925537),(Vehicles3↦-0.05135713145136833),(Vehicles4↦0.0485953688621521),(Vehicles5↦-0.020971819758415222)}",
        "VehiclesVx": "{(EgoVehicle↦20.000171661376953),(Vehicles2↦1.300729513168335),(Vehicles3↦-0.15141756273806095),(Vehicles4↦0.3660751134157181),(Vehicles5↦1.1463654041290283)}",
        "VehiclesY": "{(EgoVehicle↦8.000000238418579),(Vehicles2↦-8.000000238418579),(Vehicles3↦0.0),(Vehicles4↦-4.0000001192092896),(Vehicles5↦-8.000000238418579)}",
        "VehiclesVy": "{(EgoVehicle↦0.0),(Vehicles2↦-1.028510610012745E-11),(Vehicles3↦0.0),(Vehicles4↦0.0),(Vehicles5↦-1.5987211554602254E-13)}",
        "VehiclesX": "{(EgoVehicle↦200.0),(Vehicles2↦12.287396937608719),(Vehicles3↦42.95714497566223),(Vehicles4↦51.191818714141846),(Vehicles5↦90.70677757263184)}"
      },
      "probabilisticVariables": null,
      "activating": [
        "LANE_RIGHT_14"
      ],
      "activatingOnlyWhenExecuted": true,
      "updating": null,
      "withPredicate": null
    },
    {
      "id": "LANE_RIGHT_14",
      "execute": "LANE_RIGHT",
      "after": "1000",
      "priority": 0,
      "additionalGuards": null,
      "activationKind": null,
      "fixedVariables": {
        "Crash": "FALSE",
        "VehiclesAy": "{(EgoVehicle↦0.0),(Vehicles2↦9.734435479913373E-12),(Vehicles3↦0.0),(Vehicles4↦0.0),(Vehicles5↦-1.7763568394002505E-13)}",
        "Reward": "0.7333339372931924",
        "VehiclesAx": "{(EgoVehicle↦-0.00015020370483398438),(Vehicles2↦0.0020153820514678955),(Vehicles3↦-0.04382018931210041),(Vehicles4↦0.04280097782611847),(Vehicles5↦-0.022605210542678833)}",
        "VehiclesVx": "{(EgoVehicle↦20.00002145767212),(Vehicles2↦1.3027448952198029),(Vehicles3↦-0.19523775205016136),(Vehicles4↦0.40887609124183655),(Vehicles5↦1.1237601935863495)}",
        "VehiclesY": "{(EgoVehicle↦8.000000238418579),(Vehicles2↦-8.000000238418579),(Vehicles3↦0.0),(Vehicles4↦-4.0000001192092896),(Vehicles5↦-8.000000238418579)}",
        "VehiclesVy": "{(EgoVehicle↦0.0),(Vehicles2↦-5.506706202140776E-13),(Vehicles3↦0.0),(Vehicles4↦0.0),(Vehicles5↦-1.7763568394002505E-14)}",
        "VehiclesX": "{(EgoVehicle↦200.0),(Vehicles2↦13.589577376842499),(Vehicles3↦42.78760552406311),(Vehicles4↦51.57538652420044),(Vehicles5↦91.84415340423584)}"
      },
      "probabilisticVariables": null,
      "activating": [
        "SLOWER_15"
      ],
      "activatingOnlyWhenExecuted": true,
      "updating": null,
      "withPredicate": null
    },
    {
      "id": "SLOWER_15",
      "execute": "SLOWER",
      "after": "1000",
      "priority": 0,
      "additionalGuards": null,
      "activationKind": null,
      "fixedVariables": {
        "Crash": "FALSE",
        "VehiclesAy": "{(EgoVehicle↦0.0),(Vehicles2↦5.240252676230739E-13),(Vehicles3↦0.0),(Vehicles4↦0.0),(Vehicles5↦-1.7763568394002505E-14)}",
        "Reward": "0.7333334128671419",
        "VehiclesAx": "{(EgoVehicle↦-1.9073486328125E-05),(Vehicles2↦-0.004169940948486328),(Vehicles3↦-0.03690265119075775),(Vehicles4↦0.03847949206829071),(Vehicles5↦-0.023119524121284485)}",
        "VehiclesVx": "{(EgoVehicle↦20.00000238418579),(Vehicles2↦1.2985749542713165),(Vehicles3↦-0.2321404032409191),(Vehicles4↦0.44735558331012726),(Vehicles5↦1.100640669465065)}",
        "VehiclesY": "{(EgoVehicle↦8.000000238418579),(Vehicles2↦-8.000000238418579),(Vehicles3↦0.0),(Vehicles4↦-4.0000001192092896),(Vehicles5↦-8.000000238418579)}",
        "VehiclesVy": "{(EgoVehicle↦0.0),(Vehicles2↦-2.6645352591003757E-14),(Vehicles3↦0.0),(Vehicles4↦0.0),(Vehicles5↦0.0)}",
        "VehiclesX": "{(EgoVehicle↦200.0),(Vehicles2↦14.891023933887482),(Vehicles3↦42.577096819877625),(Vehicles4↦51.999980211257935),(Vehicles5↦92.95870065689087)}"
      },
      "probabilisticVariables": null,
      "activating": [
        "SLOWER_16"
      ],
      "activatingOnlyWhenExecuted": true,
      "updating": null,
      "withPredicate": null
    },
    {
      "id": "SLOWER_16",
      "execute": "SLOWER",
      "after": "1000",
      "priority": 0,
      "additionalGuards": null,
      "activationKind": null,
      "fixedVariables": {
        "Crash": "FALSE",
        "VehiclesAy": "{(EgoVehicle↦0.0),(Vehicles2↦2.6645352591003757E-14),(Vehicles3↦0.0),(Vehicles4↦0.0),(Vehicles5↦0.0)}",
        "Reward": "0.7333333438069213",
        "VehiclesAx": "{(EgoVehicle↦-2.384185791015625E-06),(Vehicles2↦-0.00782012939453125),(Vehicles3↦-0.031018685549497604),(Vehicles4↦0.03457017242908478),(Vehicles5↦-0.023700296878814697)}",
        "VehiclesVx": "{(EgoVehicle↦20.0),(Vehicles2↦1.2907548248767853),(Vehicles3↦-0.2631590887904167),(Vehicles4↦0.48192575573921204),(Vehicles5↦1.0769403725862503)}",
        "VehiclesY": "{(EgoVehicle↦8.000000238418579),(Vehicles2↦-8.000000238418579),(Vehicles3↦0.0),(Vehicles4↦-4.0000001192092896),(Vehicles5↦-8.000000238418579)}",
        "VehiclesVy": "{(EgoVehicle↦0.0),(Vehicles2↦0.0),(Vehicles3↦0.0),(Vehicles4↦0.0),(Vehicles5↦0.0)}",
        "VehiclesX": "{(EgoVehicle↦200.0),(Vehicles2↦16.186697781085968),(Vehicles3↦42.33211278915405),(Vehicles4↦52.46146321296692),(Vehicles5↦94.04991865158081)}"
      },
      "probabilisticVariables": null,
      "activating": [
        "SLOWER_17"
      ],
      "activatingOnlyWhenExecuted": true,
      "updating": null,
      "withPredicate": null
    },
    {
      "id": "SLOWER_17",
      "execute": "SLOWER",
      "after": "1000",
      "priority": 0,
      "additionalGuards": null,
      "activationKind": null,
      "fixedVariables": {
        "Crash": "FALSE",
        "VehiclesAy": "{(EgoVehicle↦0.0),(Vehicles2↦0.0),(Vehicles3↦0.0),(Vehicles4↦0.0),(Vehicles5↦0.0)}",
        "Reward": "0.7333333347125713",
        "VehiclesAx": "{(EgoVehicle↦0.0),(Vehicles2↦-0.010138154029846191),(Vehicles3↦-0.02595437690615654),(Vehicles4↦0.0308966264128685),(Vehicles5↦-0.024507716298103333)}",
        "VehiclesVx": "{(EgoVehicle↦20.0),(Vehicles2↦1.280616670846939),(Vehicles3↦-0.28911346569657326),(Vehicles4↦0.5128223821520805),(Vehicles5↦1.052432656288147)}",
        "VehiclesY": "{(EgoVehicle↦8.000000238418579),(Vehicles2↦-8.000000238418579),(Vehicles3↦0.0),(Vehicles4↦-4.0000001192092896),(Vehicles5↦-8.000000238418579)}",
        "VehiclesVy": "{(EgoVehicle↦0.0),(Vehicles2↦0.0),(Vehicles3↦0.0),(Vehicles4↦0.0),(Vehicles5↦0.0)}",
        "VehiclesX": "{(EgoVehicle↦200.0),(Vehicles2↦17.473547160625458),(Vehicles3↦42.05819368362427),(Vehicles4↦52.95603275299072),(Vehicles5↦95.11712789535522)}"
      },
      "probabilisticVariables": null,
      "activating": [
        "SLOWER_18"
      ],
      "activatingOnlyWhenExecuted": true,
      "updating": null,
      "withPredicate": null
    },
    {
      "id": "SLOWER_18",
      "execute": "SLOWER",
      "after": "1000",
      "priority": 0,
      "additionalGuards": null,
      "activationKind": null,
      "fixedVariables": {
        "Crash": "FALSE",
        "VehiclesAy": "{(EgoVehicle↦0.0),(Vehicles2↦0.0),(Vehicles3↦0.0),(Vehicles4↦0.0),(Vehicles5↦0.0)}",
        "Reward": "0.7333333335149614",
        "VehiclesAx": "{(EgoVehicle↦0.0),(Vehicles2↦-0.0117531418800354),(Vehicles3↦-0.02146901562809944),(Vehicles4↦0.027431249618530273),(Vehicles5↦-0.0254812091588974)}",
        "VehiclesVx": "{(EgoVehicle↦20.0),(Vehicles2↦1.2688635289669037),(Vehicles3↦-0.3105824813246727),(Vehicles4↦0.5402536317706108),(Vehicles5↦1.0269514471292496)}",
        "VehiclesY": "{(EgoVehicle↦8.000000238418579),(Vehicles2↦-8.000000238418579),(Vehicles3↦0.0),(Vehicles4↦-4.0000001192092896),(Vehicles5↦-8.000000238418579)}",
        "VehiclesVy": "{(EgoVehicle↦0.0),(Vehicles2↦0.0),(Vehicles3↦0.0),(Vehicles4↦0.0),(Vehicles5↦0.0)}",
        "VehiclesX": "{(EgoVehicle↦200.0),(Vehicles2↦18.749573826789856),(Vehicles3↦41.76015257835388),(Vehicles4↦53.48010063171387),(Vehicles5↦96.15945219993591)}"
      },
      "probabilisticVariables": null,
      "activating": [
        "SLOWER_19"
      ],
      "activatingOnlyWhenExecuted": true,
      "updating": null,
      "withPredicate": null
    },
    {
      "id": "SLOWER_19",
      "execute": "SLOWER",
      "after": "1000",
      "priority": 0,
      "additionalGuards": null,
      "activationKind": null,
      "fixedVariables": {
        "Crash": "FALSE",
        "VehiclesAy": "{(EgoVehicle↦0.0),(Vehicles2↦0.0),(Vehicles3↦0.0),(Vehicles4↦0.0),(Vehicles5↦-1.7763568394002505E-14)}",
        "Reward": "0.7333333333572515",
        "VehiclesAx": "{(EgoVehicle↦0.0),(Vehicles2↦-0.013003051280975342),(Vehicles3↦-0.01738235354423523),(Vehicles4↦0.024163946509361267),(Vehicles5↦-0.026518553495407104)}",
        "VehiclesVx": "{(EgoVehicle↦20.0),(Vehicles2↦1.2558604776859283),(Vehicles3↦-0.32796483486890793),(Vehicles4↦0.5644175782799721),(Vehicles5↦1.0004328936338425)}",
        "VehiclesY": "{(EgoVehicle↦8.000000238418579),(Vehicles2↦-8.000000238418579),(Vehicles3↦0.0),(Vehicles4↦-4.0000001192092896),(Vehicles5↦-8.000000238418579)}",
        "VehiclesVy": "{(EgoVehicle↦0.0),(Vehicles2↦0.0),(Vehicles3↦0.0),(Vehicles4↦0.0),(Vehicles5↦-1.7763568394002505E-14)}",
        "VehiclesX": "{(EgoVehicle↦200.0),(Vehicles2↦20.013326406478882),(Vehicles3↦41.442301869392395),(Vehicles4↦54.03027534484863),(Vehicles5↦97.1758782863617)}"
      },
      "probabilisticVariables": null,
      "activating": [
        "SLOWER_20"
      ],
      "activatingOnlyWhenExecuted": true,
      "updating": null,
      "withPredicate": null
    },
    {
      "id": "SLOWER_20",
      "execute": "SLOWER",
      "after": "1000",
      "priority": 0,
      "additionalGuards": null,
      "activationKind": null,
      "fixedVariables": {
        "Crash": "FALSE",
        "VehiclesAy": "{(EgoVehicle↦0.0),(Vehicles2↦0.0),(Vehicles3↦0.0),(Vehicles4↦0.0),(Vehicles5↦-1.7763568394002505E-14)}",
        "Reward": "0.733333333336483",
        "VehiclesAx": "{(EgoVehicle↦0.0),(Vehicles2↦-0.014065951108932495),(Vehicles3↦-0.013579577207565308),(Vehicles4↦0.021079815924167633),(Vehicles5↦-0.027526021003723145)}",
        "VehiclesVx": "{(EgoVehicle↦20.0),(Vehicles2↦1.2417945265769958),(Vehicles3↦-0.34154441207647324),(Vehicles4↦0.5854973942041397),(Vehicles5↦0.9729068726301193)}",
        "VehiclesY": "{(EgoVehicle↦8.000000238418579),(Vehicles2↦-8.000000238418579),(Vehicles3↦0.0),(Vehicles4↦-4.0000001192092896),(Vehicles5↦-8.000000238418579)}",
        "VehiclesVy": "{(EgoVehicle↦0.0),(Vehicles2↦0.0),(Vehicles3↦0.0),(Vehicles4↦0.0),(Vehicles5↦0.0)}",
        "VehiclesX": "{(EgoVehicle↦200.0),(Vehicles2↦21.263641119003296),(Vehicles3↦41.10861122608185),(Vehicles4↦54.60336208343506),(Vehicles5↦98.16538095474243)}"
      },
      "probabilisticVariables": null,
      "activating": [
        "SLOWER_21"
      ],
      "activatingOnlyWhenExecuted": true,
      "updating": null,
      "withPredicate": null
    },
    {
      "id": "SLOWER_21",
      "execute": "SLOWER",
      "after": "1000",
      "priority": 0,
      "additionalGuards": null,
      "activationKind": null,
      "fixedVariables": {
        "Crash": "FALSE",
        "VehiclesAy": "{(EgoVehicle↦0.0),(Vehicles2↦0.0),(Vehicles3↦0.0),(Vehicles4↦0.0),(Vehicles5↦-1.7763568394002505E-14)}",
        "Reward": "0.7333333333337482",
        "VehiclesAx": "{(EgoVehicle↦0.0),(Vehicles2↦-0.015032216906547546),(Vehicles3↦-0.009998343884944916),(Vehicles4↦0.01815907657146454),(Vehicles5↦-0.028431639075279236)}",
        "VehiclesVx": "{(EgoVehicle↦20.0),(Vehicles2↦1.2267623096704483),(Vehicles3↦-0.35154275596141815),(Vehicles4↦0.6036564707756042),(Vehicles5↦0.9444752335548401)}",
        "VehiclesY": "{(EgoVehicle↦8.000000238418579),(Vehicles2↦-8.000000238418579),(Vehicles3↦0.0),(Vehicles4↦-4.0000001192092896),(Vehicles5↦-8.000000238418579)}",
        "VehiclesVy": "{(EgoVehicle↦0.0),(Vehicles2↦0.0),(Vehicles3↦0.0),(Vehicles4↦0.0),(Vehicles5↦-1.7763568394002505E-14)}",
        "VehiclesX": "{(EgoVehicle↦200.0),(Vehicles2↦22.49949723482132),(Vehicles3↦40.76278805732727),(Vehicles4↦55.19635081291199),(Vehicles5↦99.12698268890381)}"
      },
      "probabilisticVariables": null,
      "activating": [
        "SLOWER_22"
      ],
      "activatingOnlyWhenExecuted": true,
      "updating": null,
      "withPredicate": null
    },
    {
      "id": "SLOWER_22",
      "execute": "SLOWER",
      "after": "1000",
      "priority": 0,
      "additionalGuards": null,
      "activationKind": null,
      "fixedVariables": {
        "Crash": "FALSE",
        "VehiclesAy": "{(EgoVehicle↦0.0),(Vehicles2↦0.0),(Vehicles3↦0.0),(Vehicles4↦0.0),(Vehicles5↦-1.7763568394002505E-14)}",
        "Reward": "0.733333333333388",
        "VehiclesAx": "{(EgoVehicle↦0.0),(Vehicles2↦-0.015944838523864746),(Vehicles3↦-0.00661265105009079),(Vehicles4↦0.015381649136543274),(Vehicles5↦-0.029185861349105835)}",
        "VehiclesVx": "{(EgoVehicle↦20.0),(Vehicles2↦1.2108174711465836),(Vehicles3↦-0.35815540701150894),(Vehicles4↦0.6190381199121475),(Vehicles5↦0.9152893722057343)}",
        "VehiclesY": "{(EgoVehicle↦8.000000238418579),(Vehicles2↦-8.000000238418579),(Vehicles3↦0.0),(Vehicles4↦-4.0000001192092896),(Vehicles5↦-8.000000238418579)}",
        "VehiclesVy": "{(EgoVehicle↦0.0),(Vehicles2↦0.0),(Vehicles3↦0.0),(Vehicles4↦0.0),(Vehicles5↦0.0)}",
        "VehiclesX": "{(EgoVehicle↦200.0),(Vehicles2↦23.7199530005455),(Vehicles3↦40.408337116241455),(Vehicles4↦55.80637454986572),(Vehicles5↦100.05983114242554)}"
      },
      "probabilisticVariables": null,
      "activating": [
        "SLOWER_23"
      ],
      "activatingOnlyWhenExecuted": true,
      "updating": null,
      "withPredicate": null
    },
    {
      "id": "SLOWER_23",
      "execute": "SLOWER",
      "after": "1000",
      "priority": 0,
      "additionalGuards": null,
      "activationKind": null,
      "fixedVariables": {
        "Crash": "FALSE",
        "VehiclesAy": "{(EgoVehicle↦0.0),(Vehicles2↦0.0),(Vehicles3↦0.0),(Vehicles4↦0.0),(Vehicles5↦-1.7763568394002505E-14)}",
        "Reward": "0.7333333333333405",
        "VehiclesAx": "{(EgoVehicle↦0.0),(Vehicles2↦-0.01682087779045105),(Vehicles3↦-0.003418736159801483),(Vehicles4↦0.012729540467262268),(Vehicles5↦-0.029758289456367493)}",
        "VehiclesVx": "{(EgoVehicle↦20.0),(Vehicles2↦1.1939965933561325),(Vehicles3↦-0.3615741431713104),(Vehicles4↦0.6317676603794098),(Vehicles5↦0.8855310827493668)}",
        "VehiclesY": "{(EgoVehicle↦8.000000238418579),(Vehicles2↦-8.000000238418579),(Vehicles3↦0.0),(Vehicles4↦-4.0000001192092896),(Vehicles5↦-8.000000238418579)}",
        "VehiclesVy": "{(EgoVehicle↦0.0),(Vehicles2↦0.0),(Vehicles3↦0.0),(Vehicles4↦0.0),(Vehicles5↦-1.7763568394002505E-14)}",
        "VehiclesX": "{(EgoVehicle↦200.0),(Vehicles2↦24.924111366271973),(Vehicles3↦40.048566460609436),(Vehicles4↦56.43071532249451),(Vehicles5↦100.96325874328613)}"
      },
      "probabilisticVariables": null,
      "activating": [
        "SLOWER_24"
      ],
      "activatingOnlyWhenExecuted": true,
      "updating": null,
      "withPredicate": null
    },
    {
      "id": "SLOWER_24",
      "execute": "SLOWER",
      "after": "1000",
      "priority": 0,
      "additionalGuards": null,
      "activationKind": null,
      "fixedVariables": {
        "Crash": "FALSE",
        "VehiclesAy": "{(EgoVehicle↦0.0),(Vehicles2↦0.0),(Vehicles3↦0.0),(Vehicles4↦0.0),(Vehicles5↦-1.7763568394002505E-14)}",
        "Reward": "0.7333333333333343",
        "VehiclesAx": "{(EgoVehicle↦0.0),(Vehicles2↦-0.01766495406627655),(Vehicles3↦-0.00042360275983810425),(Vehicles4↦0.010188892483711243),(Vehicles5↦-0.030132904648780823)}",
        "VehiclesVx": "{(EgoVehicle↦20.0),(Vehicles2↦1.176331639289856),(Vehicles3↦-0.36199774593114853),(Vehicles4↦0.641956552863121),(Vehicles5↦0.8553981781005859)}",
        "VehiclesY": "{(EgoVehicle↦8.000000238418579),(Vehicles2↦-8.000000238418579),(Vehicles3↦0.0),(Vehicles4↦-4.0000001192092896),(Vehicles5↦-8.000000238418579)}",
        "VehiclesVy": "{(EgoVehicle↦0.0),(Vehicles2↦0.0),(Vehicles3↦0.0),(Vehicles4↦0.0),(Vehicles5↦0.0)}",
        "VehiclesX": "{(EgoVehicle↦200.0),(Vehicles2↦26.11110806465149),(Vehicles3↦39.686593413352966),(Vehicles4↦57.0667564868927),(Vehicles5↦101.83675289154053)}"
      },
      "probabilisticVariables": null,
      "activating": [
        "SLOWER_25"
      ],
      "activatingOnlyWhenExecuted": true,
      "updating": null,
      "withPredicate": null
    },
    {
      "id": "SLOWER_25",
      "execute": "SLOWER",
      "after": "1000",
      "priority": 0,
      "additionalGuards": null,
      "activationKind": null,
      "fixedVariables": {
        "Crash": "FALSE",
        "VehiclesAy": "{(EgoVehicle↦0.0),(Vehicles2↦0.0),(Vehicles3↦0.0),(Vehicles4↦0.0),(Vehicles5↦-1.7763568394002505E-14)}",
        "Reward": "0.7333333333333334",
        "VehiclesAx": "{(EgoVehicle↦0.0),(Vehicles2↦-0.018474608659744263),(Vehicles3↦0.0023620575666427612),(Vehicles4↦0.007750466465950012),(Vehicles5↦-0.030304715037345886)}",
        "VehiclesVx": "{(EgoVehicle↦20.0),(Vehicles2↦1.1578570306301117),(Vehicles3↦-0.35963568836450577),(Vehicles4↦0.649707019329071),(Vehicles5↦0.82509346306324)}",
        "VehiclesY": "{(EgoVehicle↦8.000000238418579),(Vehicles2↦-8.000000238418579),(Vehicles3↦0.0),(Vehicles4↦-4.0000001192092896),(Vehicles5↦-8.000000238418579)}",
        "VehiclesVy": "{(EgoVehicle↦0.0),(Vehicles2↦0.0),(Vehicles3↦0.0),(Vehicles4↦0.0),(Vehicles5↦-1.7763568394002505E-14)}",
        "VehiclesX": "{(EgoVehicle↦200.0),(Vehicles2↦27.280113101005554),(Vehicles3↦39.325323700904846),(Vehicles4↦57.71200656890869),(Vehicles5↦102.68003940582275)}"
      },
      "probabilisticVariables": null,
      "activating": [
        "SLOWER_26"
      ],
      "activatingOnlyWhenExecuted": true,
      "updating": null,
      "withPredicate": null
    },
    {
      "id": "SLOWER_26",
      "execute": "SLOWER",
      "after": "1000",
      "priority": 0,
      "additionalGuards": null,
      "activationKind": null,
      "fixedVariables": {
        "Crash": "FALSE",
        "VehiclesAy": "{(EgoVehicle↦0.0),(Vehicles2↦0.0),(Vehicles3↦0.0),(Vehicles4↦0.0),(Vehicles5↦-1.7763568394002505E-14)}",
        "Reward": "0.7333333333333334",
        "VehiclesAx": "{(EgoVehicle↦0.0),(Vehicles2↦-0.019245147705078125),(Vehicles3↦0.004929117858409882),(Vehicles4↦0.0054085999727249146),(Vehicles5↦-0.030276179313659668)}",
        "VehiclesVx": "{(EgoVehicle↦20.0),(Vehicles2↦1.1386118829250336),(Vehicles3↦-0.3547065705060959),(Vehicles4↦0.655115619301796),(Vehicles5↦0.7948172837495804)}",
        "VehiclesY": "{(EgoVehicle↦8.000000238418579),(Vehicles2↦-8.000000238418579),(Vehicles3↦0.0),(Vehicles4↦-4.0000001192092896),(Vehicles5↦-8.000000238418579)}",
        "VehiclesVy": "{(EgoVehicle↦0.0),(Vehicles2↦0.0),(Vehicles3↦0.0),(Vehicles4↦0.0),(Vehicles5↦0.0)}",
        "VehiclesX": "{(EgoVehicle↦200.0),(Vehicles2↦28.430330753326416),(Vehicles3↦38.96746337413788),(Vehicles4↦58.364057540893555),(Vehicles5↦103.49301099777222)}"
      },
      "probabilisticVariables": null,
      "activating": [
        "SLOWER_27"
      ],
      "activatingOnlyWhenExecuted": true,
      "updating": null,
      "withPredicate": null
    },
    {
      "id": "SLOWER_27",
      "execute": "SLOWER",
      "after": "1000",
      "priority": 0,
      "additionalGuards": null,
      "activationKind": null,
      "fixedVariables": {
        "Crash": "FALSE",
        "VehiclesAy": "{(EgoVehicle↦0.0),(Vehicles2↦0.0),(Vehicles3↦0.0),(Vehicles4↦0.0),(Vehicles5↦0.0)}",
        "Reward": "0.7333333333333334",
        "VehiclesAx": "{(EgoVehicle↦0.0),(Vehicles2↦-0.019970089197158813),(Vehicles3↦0.0072715431451797485),(Vehicles4↦0.0031614303588867188),(Vehicles5↦-0.030055195093154907)}",
        "VehiclesVx": "{(EgoVehicle↦20.0),(Vehicles2↦1.1186417937278748),(Vehicles3↦-0.34743502736091614),(Vehicles4↦0.6582770496606827),(Vehicles5↦0.7647620886564255)}",
        "VehiclesY": "{(EgoVehicle↦8.000000238418579),(Vehicles2↦-8.000000238418579),(Vehicles3↦0.0),(Vehicles4↦-4.0000001192092896),(Vehicles5↦-8.000000238418579)}",
        "VehiclesVy": "{(EgoVehicle↦0.0),(Vehicles2↦0.0),(Vehicles3↦0.0),(Vehicles4↦0.0),(Vehicles5↦0.0)}",
        "VehiclesX": "{(EgoVehicle↦200.0),(Vehicles2↦29.561012983322144),(Vehicles3↦38.61548900604248),(Vehicles4↦59.02061462402344),(Vehicles5↦104.27578687667847)}"
      },
      "probabilisticVariables": null,
      "activating": [
        "SLOWER_28"
      ],
      "activatingOnlyWhenExecuted": true,
      "updating": null,
      "withPredicate": null
    },
    {
      "id": "SLOWER_28",
      "execute": "SLOWER",
      "after": "1000",
      "priority": 0,
      "additionalGuards": null,
      "activationKind": null,
      "fixedVariables": {
        "Crash": "FALSE",
        "VehiclesAy": "{(EgoVehicle↦0.0),(Vehicles2↦0.0),(Vehicles3↦0.0),(Vehicles4↦0.0),(Vehicles5↦0.0)}",
        "Reward": "0.7333333333333334",
        "VehiclesAx": "{(EgoVehicle↦0.0),(Vehicles2↦-0.02064347267150879),(Vehicles3↦0.009387917816638947),(Vehicles4↦0.0010094791650772095),(Vehicles5↦-0.029653534293174744)}",
        "VehiclesVx": "{(EgoVehicle↦20.0),(Vehicles2↦1.097998321056366),(Vehicles3↦-0.3380471095442772),(Vehicles4↦0.6592865288257599),(Vehicles5↦0.7351085543632507)}",
        "VehiclesY": "{(EgoVehicle↦8.000000238418579),(Vehicles2↦-8.000000238418579),(Vehicles3↦0.0),(Vehicles4↦-4.0000001192092896),(Vehicles5↦-8.000000238418579)}",
        "VehiclesVy": "{(EgoVehicle↦0.0),(Vehicles2↦0.0),(Vehicles3↦0.0),(Vehicles4↦0.0),(Vehicles5↦0.0)}",
        "VehiclesX": "{(EgoVehicle↦200.0),(Vehicles2↦30.67144751548767),(Vehicles3↦38.271647691726685),(Vehicles4↦59.67946648597717),(Vehicles5↦105.02864122390747)}"
      },
      "probabilisticVariables": null,
      "activating": [
        "SLOWER_29"
      ],
      "activatingOnlyWhenExecuted": true,
      "updating": null,
      "withPredicate": null
    },
    {
      "id": "SLOWER_29",
      "execute": "SLOWER",
      "after": "1000",
      "priority": 0,
      "additionalGuards": null,
      "activationKind": null,
      "fixedVariables": {
        "Crash": "FALSE",
        "VehiclesAy": "{(EgoVehicle↦0.0),(Vehicles2↦0.0),(Vehicles3↦0.0),(Vehicles4↦0.0),(Vehicles5↦0.0)}",
        "Reward": "0.7333333333333334",
        "VehiclesAx": "{(EgoVehicle↦0.0),(Vehicles2↦-0.021259188652038574),(Vehicles3↦0.01128118485212326),(Vehicles4↦-0.0010444223880767822),(Vehicles5↦-0.029085278511047363)}",
        "VehiclesVx": "{(EgoVehicle↦20.0),(Vehicles2↦1.0767391324043274),(Vehicles3↦-0.32676592469215393),(Vehicles4↦0.6582421064376831),(Vehicles5↦0.7060232758522034)}",
        "VehiclesY": "{(EgoVehicle↦8.000000238418579),(Vehicles2↦-8.000000238418579),(Vehicles3↦0.0),(Vehicles4↦-4.0000001192092896),(Vehicles5↦-8.000000238418579)}",
        "VehiclesVy": "{(EgoVehicle↦0.0),(Vehicles2↦0.0),(Vehicles3↦0.0),(Vehicles4↦0.0),(Vehicles5↦0.0)}",
        "VehiclesX": "{(EgoVehicle↦200.0),(Vehicles2↦31.760990619659424),(Vehicles3↦37.93797194957733),(Vehicles4↦60.33849120140076),(Vehicles5↦105.75206279754639)}"
      },
      "probabilisticVariables": null,
      "activating": [
        "SLOWER_30"
      ],
      "activatingOnlyWhenExecuted": true,
      "updating": null,
      "withPredicate": null
    },
    {
      "id": "SLOWER_30",
      "execute": "SLOWER",
      "after": "1000",
      "priority": 0,
      "additionalGuards": null,
      "activationKind": null,
      "fixedVariables": {
        "Crash": "FALSE",
        "VehiclesAy": "{(EgoVehicle↦0.0),(Vehicles2↦0.0),(Vehicles3↦0.0),(Vehicles4↦0.0),(Vehicles5↦0.0)}",
        "Reward": "0.7333333333333334",
        "VehiclesAx": "{(EgoVehicle↦0.0),(Vehicles2↦-0.02181209623813629),(Vehicles3↦0.012957863509654999),(Vehicles4↦-0.0029965490102767944),(Vehicles5↦-0.028365924954414368)}",
        "VehiclesVx": "{(EgoVehicle↦20.0),(Vehicles2↦1.054927036166191),(Vehicles3↦-0.31380806118249893),(Vehicles4↦0.6552455574274063),(Vehicles5↦0.677657350897789)}",
        "VehiclesY": "{(EgoVehicle↦8.000000238418579),(Vehicles2↦-8.000000238418579),(Vehicles3↦0.0),(Vehicles4↦-4.0000001192092896),(Vehicles5↦-8.000000238418579)}",
        "VehiclesVy": "{(EgoVehicle↦0.0),(Vehicles2↦0.0),(Vehicles3↦0.0),(Vehicles4↦0.0),(Vehicles5↦0.0)}",
        "VehiclesX": "{(EgoVehicle↦200.0),(Vehicles2↦32.82904624938965),(Vehicles3↦37.61626183986664),(Vehicles4↦60.995686054229736),(Vehicles5↦106.44668340682983)}"
      },
      "probabilisticVariables": null,
      "activating": [
        "SLOWER_31"
      ],
      "activatingOnlyWhenExecuted": true,
      "updating": null,
      "withPredicate": null
    },
    {
      "id": "SLOWER_31",
      "execute": "SLOWER",
      "after": "1000",
      "priority": 0,
      "additionalGuards": null,
      "activationKind": null,
      "fixedVariables": {
        "Crash": "FALSE",
        "VehiclesAy": "{(EgoVehicle↦0.0),(Vehicles2↦0.0),(Vehicles3↦0.0),(Vehicles4↦0.0),(Vehicles5↦0.0)}",
        "Reward": "0.7333333333333334",
        "VehiclesAx": "{(EgoVehicle↦0.0),(Vehicles2↦-0.022297203540802002),(Vehicles3↦0.014427676796913147),(Vehicles4↦-0.004841983318328857),(Vehicles5↦-0.027512460947036743)}",
        "VehiclesVx": "{(EgoVehicle↦20.0),(Vehicles2↦1.032629832625389),(Vehicles3↦-0.2993803843855858),(Vehicles4↦0.6504035741090775),(Vehicles5↦0.6501448899507523)}",
        "VehiclesY": "{(EgoVehicle↦8.000000238418579),(Vehicles2↦-8.000000238418579),(Vehicles3↦0.0),(Vehicles4↦-4.0000001192092896),(Vehicles5↦-8.000000238418579)}",
        "VehiclesVy": "{(EgoVehicle↦0.0),(Vehicles2↦0.0),(Vehicles3↦0.0),(Vehicles4↦0.0),(Vehicles5↦0.0)}",
        "VehiclesX": "{(EgoVehicle↦200.0),(Vehicles2↦33.87508988380432),(Vehicles3↦37.308114767074585),(Vehicles4↦61.64913773536682),(Vehicles5↦107.11326599121094)}"
      },
      "probabilisticVariables": null,
      "activating": [
        "SLOWER_32"
      ],
      "activatingOnlyWhenExecuted": true,
      "updating": null,
      "withPredicate": null
    },
    {
      "id": "SLOWER_32",
      "execute": "SLOWER",
      "after": "1000",
      "priority": 0,
      "additionalGuards": null,
      "activationKind": null,
      "fixedVariables": {
        "Crash": "FALSE",
        "VehiclesAy": "{(EgoVehicle↦0.0),(Vehicles2↦0.0),(Vehicles3↦0.0),(Vehicles4↦0.0),(Vehicles5↦0.0)}",
        "Reward": "0.7333333333333334",
        "VehiclesAx": "{(EgoVehicle↦0.0),(Vehicles2↦-0.022710710763931274),(Vehicles3↦0.0157025083899498),(Vehicles4↦-0.0065758079290390015),(Vehicles5↦-0.026541464030742645)}",
        "VehiclesVx": "{(EgoVehicle↦20.0),(Vehicles2↦1.0099191218614578),(Vehicles3↦-0.283677875995636),(Vehicles4↦0.6438277661800385),(Vehicles5↦0.6236034259200096)}",
        "VehiclesY": "{(EgoVehicle↦8.000000238418579),(Vehicles2↦-8.000000238418579),(Vehicles3↦0.0),(Vehicles4↦-4.0000001192092896),(Vehicles5↦-8.000000238418579)}",
        "VehiclesVy": "{(EgoVehicle↦0.0),(Vehicles2↦0.0),(Vehicles3↦0.0),(Vehicles4↦0.0),(Vehicles5↦0.0)}",
        "VehiclesX": "{(EgoVehicle↦200.0),(Vehicles2↦34.89866554737091),(Vehicles3↦37.01492249965668),(Vehicles4↦62.297046184539795),(Vehicles5↦107.75270462036133)}"
      },
      "probabilisticVariables": null,
      "activating": [
        "SLOWER_33"
      ],
      "activatingOnlyWhenExecuted": true,
      "updating": null,
      "withPredicate": null
    },
    {
      "id": "SLOWER_33",
      "execute": "SLOWER",
      "after": "1000",
      "priority": 0,
      "additionalGuards": null,
      "activationKind": null,
      "fixedVariables": {
        "Crash": "FALSE",
        "VehiclesAy": "{(EgoVehicle↦0.0),(Vehicles2↦0.0),(Vehicles3↦0.0),(Vehicles4↦0.0),(Vehicles5↦0.0)}",
        "Reward": "0.7333333333333334",
        "VehiclesAx": "{(EgoVehicle↦0.0),(Vehicles2↦-0.023049265146255493),(Vehicles3↦0.016795620322227478),(Vehicles4↦-0.008192956447601318),(Vehicles5↦-0.025470368564128876)}",
        "VehiclesVx": "{(EgoVehicle↦20.0),(Vehicles2↦0.9868698567152023),(Vehicles3↦-0.2668822556734085),(Vehicles4↦0.6356348097324371),(Vehicles5↦0.5981330573558807)}",
        "VehiclesY": "{(EgoVehicle↦8.000000238418579),(Vehicles2↦-8.000000238418579),(Vehicles3↦0.0),(Vehicles4↦-4.0000001192092896),(Vehicles5↦-8.000000238418579)}",
        "VehiclesVy": "{(EgoVehicle↦0.0),(Vehicles2↦0.0),(Vehicles3↦0.0),(Vehicles4↦0.0),(Vehicles5↦0.0)}",
        "VehiclesX": "{(EgoVehicle↦200.0),(Vehicles2↦35.899388790130615),(Vehicles3↦36.7378830909729),(Vehicles4↦62.937724590301514),(Vehicles5↦108.3660364151001)}"
      },
      "probabilisticVariables": null,
      "activating": [
        "SLOWER_34"
      ],
      "activatingOnlyWhenExecuted": true,
      "updating": null,
      "withPredicate": null
    },
    {
      "id": "SLOWER_34",
      "execute": "SLOWER",
      "after": "1000",
      "priority": 0,
      "additionalGuards": null,
      "activationKind": null,
      "fixedVariables": {
        "Crash": "FALSE",
        "VehiclesAy": "{(EgoVehicle↦0.0),(Vehicles2↦0.0),(Vehicles3↦0.0),(Vehicles4↦0.0),(Vehicles5↦0.0)}",
        "Reward": "0.7333333333333334",
        "VehiclesAx": "{(EgoVehicle↦0.0),(Vehicles2↦-1.236030962318182),(Vehicles3↦1.2304417788982391),(Vehicles4↦-0.009688585996627808),(Vehicles5↦-0.5734288552775979)}",
        "VehiclesVx": "{(EgoVehicle↦20.0),(Vehicles2↦-0.24916110560297966),(Vehicles3↦0.9635595232248306),(Vehicles4↦0.6259462237358093),(Vehicles5↦0.024704202078282833)}",
        "VehiclesY": "{(EgoVehicle↦8.000000238418579),(Vehicles2↦0.0),(Vehicles3↦-8.000000238418579),(Vehicles4↦-4.0000001192092896),(Vehicles5↦0.0)}",
        "VehiclesVy": "{(EgoVehicle↦0.0),(Vehicles2↦0.0),(Vehicles3↦0.0),(Vehicles4↦0.0),(Vehicles5↦0.0)}",
        "VehiclesX": "{(EgoVehicle↦200.0),(Vehicles2↦36.47801876068115),(Vehicles3↦36.87695264816284),(Vehicles4↦63.56959939002991),(Vehicles5↦108.65827798843384)}"
      },
      "probabilisticVariables": null,
      "activating": [
        "SLOWER_35"
      ],
      "activatingOnlyWhenExecuted": true,
      "updating": null,
      "withPredicate": null
    },
    {
      "id": "SLOWER_35",
      "execute": "SLOWER",
      "after": "1000",
      "priority": 0,
      "additionalGuards": null,
      "activationKind": null,
      "fixedVariables": {
        "Crash": "FALSE",
        "VehiclesAy": "{(EgoVehicle↦0.0),(Vehicles2↦0.0),(Vehicles3↦0.0),(Vehicles4↦0.0),(Vehicles5↦0.0)}",
        "Reward": "0.7333333333333334",
        "VehiclesAx": "{(EgoVehicle↦0.0),(Vehicles2↦0.018493495881557465),(Vehicles3↦-0.023492276668548584),(Vehicles4↦-0.011058785021305084),(Vehicles5↦0.047522587701678276)}",
        "VehiclesVx": "{(EgoVehicle↦20.0),(Vehicles2↦-0.2306676097214222),(Vehicles3↦0.940067246556282),(Vehicles4↦0.6148874387145042),(Vehicles5↦0.07222678977996111)}",
        "VehiclesY": "{(EgoVehicle↦8.000000238418579),(Vehicles2↦0.0),(Vehicles3↦-8.000000238418579),(Vehicles4↦-4.0000001192092896),(Vehicles5↦0.0)}",
        "VehiclesVy": "{(EgoVehicle↦0.0),(Vehicles2↦0.0),(Vehicles3↦0.0),(Vehicles4↦0.0),(Vehicles5↦0.0)}",
        "VehiclesX": "{(EgoVehicle↦200.0),(Vehicles2↦36.236199736595154),(Vehicles3↦37.831124663352966),(Vehicles4↦64.19122219085693),(Vehicles5↦108.70217084884644)}"
      },
      "probabilisticVariables": null,
      "activating": [
        "SLOWER_36"
      ],
      "activatingOnlyWhenExecuted": true,
      "updating": null,
      "withPredicate": null
    },
    {
      "id": "SLOWER_36",
      "execute": "SLOWER",
      "after": "1000",
      "priority": 0,
      "additionalGuards": null,
      "activationKind": null,
      "fixedVariables": {
        "Crash": "FALSE",
        "VehiclesAy": "{(EgoVehicle↦0.0),(Vehicles2↦0.0),(Vehicles3↦0.0),(Vehicles4↦0.0),(Vehicles5↦0.0)}",
        "Reward": "0.7333333333333334",
        "VehiclesAx": "{(EgoVehicle↦0.0),(Vehicles2↦0.019126851111650467),(Vehicles3↦-0.023593902587890625),(Vehicles4↦-0.012299865484237671),(Vehicles5↦0.045264908112585545)}",
        "VehiclesVx": "{(EgoVehicle↦20.0),(Vehicles2↦-0.21154075860977173),(Vehicles3↦0.9164733439683914),(Vehicles4↦0.6025875732302666),(Vehicles5↦0.11749169789254665)}",
        "VehiclesY": "{(EgoVehicle↦8.000000238418579),(Vehicles2↦0.0),(Vehicles3↦-8.000000238418579),(Vehicles4↦-4.0000001192092896),(Vehicles5↦0.0)}",
        "VehiclesVy": "{(EgoVehicle↦0.0),(Vehicles2↦0.0),(Vehicles3↦0.0),(Vehicles4↦0.0),(Vehicles5↦0.0)}",
        "VehiclesX": "{(EgoVehicle↦200.0),(Vehicles2↦36.01313829421997),(Vehicles3↦38.76176178455353),(Vehicles4↦64.80128765106201),(Vehicles5↦108.79267454147339)}"
      },
      "probabilisticVariables": null,
      "activating": [
        "SLOWER_37"
      ],
      "activatingOnlyWhenExecuted": true,
      "updating": null,
      "withPredicate": null
    },
    {
      "id": "SLOWER_37",
      "execute": "SLOWER",
      "after": "1000",
      "priority": 0,
      "additionalGuards": null,
      "activationKind": null,
      "fixedVariables": {
        "Crash": "FALSE",
        "VehiclesAy": "{(EgoVehicle↦0.0),(Vehicles2↦0.0),(Vehicles3↦0.0),(Vehicles4↦0.0),(Vehicles5↦0.0)}",
        "Reward": "0.7333333333333334",
        "VehiclesAx": "{(EgoVehicle↦0.0),(Vehicles2↦0.01963505521416664),(Vehicles3↦-0.02361498773097992),(Vehicles4↦-0.013409405946731567),(Vehicles5↦0.043180594220757484)}",
        "VehiclesVx": "{(EgoVehicle↦20.0),(Vehicles2↦-0.1919057033956051),(Vehicles3↦0.8928583562374115),(Vehicles4↦0.589178167283535),(Vehicles5↦0.16067229211330414)}",
        "VehiclesY": "{(EgoVehicle↦8.000000238418579),(Vehicles2↦0.0),(Vehicles3↦-8.000000238418579),(Vehicles4↦-4.0000001192092896),(Vehicles5↦0.0)}",
        "VehiclesVy": "{(EgoVehicle↦0.0),(Vehicles2↦0.0),(Vehicles3↦0.0),(Vehicles4↦0.0),(Vehicles5↦0.0)}",
        "VehiclesX": "{(EgoVehicle↦200.0),(Vehicles2↦35.80941557884216),(Vehicles3↦39.66878652572632),(Vehicles4↦65.39859175682068),(Vehicles5↦108.92760753631592)}"
      },
      "probabilisticVariables": null,
      "activating": [
        "SLOWER_38"
      ],
      "activatingOnlyWhenExecuted": true,
      "updating": null,
      "withPredicate": null
    },
    {
      "id": "SLOWER_38",
      "execute": "SLOWER",
      "after": "1000",
      "priority": 0,
      "additionalGuards": null,
      "activationKind": null,
      "fixedVariables": {
        "Crash": "FALSE",
        "VehiclesAy": "{(EgoVehicle↦0.0),(Vehicles2↦0.0),(Vehicles3↦0.0),(Vehicles4↦0.0),(Vehicles5↦0.0)}",
        "Reward": "0.7333333333333334",
        "VehiclesAx": "{(EgoVehicle↦0.0),(Vehicles2↦0.02003120258450508),(Vehicles3↦-0.023556053638458252),(Vehicles4↦-0.014385581016540527),(Vehicles5↦0.04125088453292847)}",
        "VehiclesVx": "{(EgoVehicle↦20.0),(Vehicles2↦-0.1718745008111),(Vehicles3↦0.8693023025989532),(Vehicles4↦0.5747925862669945),(Vehicles5↦0.2019231766462326)}",
        "VehiclesY": "{(EgoVehicle↦8.000000238418579),(Vehicles2↦0.0),(Vehicles3↦-8.000000238418579),(Vehicles4↦-4.0000001192092896),(Vehicles5↦0.0)}",
        "VehiclesVy": "{(EgoVehicle↦0.0),(Vehicles2↦0.0),(Vehicles3↦0.0),(Vehicles4↦0.0),(Vehicles5↦0.0)}",
        "VehiclesX": "{(EgoVehicle↦200.0),(Vehicles2↦35.62549352645874),(Vehicles3↦40.55221378803253),(Vehicles4↦65.98209142684937),(Vehicles5↦109.1049313545227)}"
      },
      "probabilisticVariables": null,
      "activating": [
        "SLOWER_39"
      ],
      "activatingOnlyWhenExecuted": true,
      "updating": null,
      "withPredicate": null
    },
    {
      "id": "SLOWER_39",
      "execute": "SLOWER",
      "after": "1000",
      "priority": 0,
      "additionalGuards": null,
      "activationKind": null,
      "fixedVariables": {
        "Crash": "FALSE",
        "VehiclesAy": "{(EgoVehicle↦0.0),(Vehicles2↦0.0),(Vehicles3↦0.0),(Vehicles4↦0.0),(Vehicles5↦0.0)}",
        "Reward": "0.7333333333333334",
        "VehiclesAx": "{(EgoVehicle↦0.0),(Vehicles2↦0.020327642560005188),(Vehicles3↦-0.0234183669090271),(Vehicles4↦-0.015227869153022766),(Vehicles5↦0.039459727704524994)}",
        "VehiclesVx": "{(EgoVehicle↦20.0),(Vehicles2↦-0.15154685825109482),(Vehicles3↦0.8458839356899261),(Vehicles4↦0.5595647171139717),(Vehicles5↦0.2413829043507576)}",
        "VehiclesY": "{(EgoVehicle↦8.000000238418579),(Vehicles2↦0.0),(Vehicles3↦-8.000000238418579),(Vehicles4↦-4.0000001192092896),(Vehicles5↦0.0)}",
        "VehiclesVy": "{(EgoVehicle↦0.0),(Vehicles2↦0.0),(Vehicles3↦0.0),(Vehicles4↦0.0),(Vehicles5↦0.0)}",
        "VehiclesX": "{(EgoVehicle↦200.0),(Vehicles2↦35.461729764938354),(Vehicles3↦41.41213595867157),(Vehicles4↦66.5508508682251),(Vehicles5↦109.3227744102478)}"
      },
      "probabilisticVariables": null,
      "activating": [
        "SLOWER_40"
      ],
      "activatingOnlyWhenExecuted": true,
      "updating": null,
      "withPredicate": null
    },
    {
      "id": "SLOWER_40",
      "execute": "SLOWER",
      "after": "1000",
      "priority": 0,
      "additionalGuards": null,
      "activationKind": null,
      "fixedVariables": {
        "Crash": "FALSE",
        "VehiclesAy": "{(EgoVehicle↦0.0),(Vehicles2↦0.0),(Vehicles3↦0.0),(Vehicles4↦0.0),(Vehicles5↦0.0)}",
        "Reward": "0.7333333333333334",
        "VehiclesAx": "{(EgoVehicle↦0.0),(Vehicles2↦0.020535793155431747),(Vehicles3↦-0.023203641176223755),(Vehicles4↦-0.01593656837940216),(Vehicles5↦0.03779318183660507)}",
        "VehiclesVx": "{(EgoVehicle↦20.0),(Vehicles2↦-0.13101106509566307),(Vehicles3↦0.8226802945137024),(Vehicles4↦0.5436281487345695),(Vehicles5↦0.27917608618736267)}",
        "VehiclesY": "{(EgoVehicle↦8.000000238418579),(Vehicles2↦0.0),(Vehicles3↦-8.000000238418579),(Vehicles4↦-4.0000001192092896),(Vehicles5↦0.0)}",
        "VehiclesVy": "{(EgoVehicle↦0.0),(Vehicles2↦0.0),(Vehicles3↦0.0),(Vehicles4↦0.0),(Vehicles5↦0.0)}",
        "VehiclesX": "{(EgoVehicle↦200.0),(Vehicles2↦35.31838655471802),(Vehicles3↦42.248716950416565),(Vehicles4↦67.1040952205658),(Vehicles5↦109.57939624786377)}"
      },
      "probabilisticVariables": null,
      "activating": [
        "SLOWER_41"
      ],
      "activatingOnlyWhenExecuted": true,
      "updating": null,
      "withPredicate": null
    },
    {
      "id": "SLOWER_41",
      "execute": "SLOWER",
      "after": "1000",
      "priority": 0,
      "additionalGuards": null,
      "activationKind": null,
      "fixedVariables": {
        "Crash": "FALSE",
        "VehiclesAy": "{(EgoVehicle↦0.0),(Vehicles2↦0.0),(Vehicles3↦0.0),(Vehicles4↦0.0),(Vehicles5↦0.0)}",
        "Reward": "0.7333333333333334",
        "VehiclesAx": "{(EgoVehicle↦0.0),(Vehicles2↦0.020666206255555153),(Vehicles3↦-0.02291455864906311),(Vehicles4↦-0.016512982547283173),(Vehicles5↦0.03623921424150467)}",
        "VehiclesVx": "{(EgoVehicle↦20.0),(Vehicles2↦-0.11034485884010792),(Vehicles3↦0.7997657358646393),(Vehicles4↦0.5271151661872864),(Vehicles5↦0.31541530042886734)}",
        "VehiclesY": "{(EgoVehicle↦8.000000238418579),(Vehicles2↦0.0),(Vehicles3↦-8.000000238418579),(Vehicles4↦-4.0000001192092896),(Vehicles5↦0.0)}",
        "VehiclesVy": "{(EgoVehicle↦0.0),(Vehicles2↦0.0),(Vehicles3↦0.0),(Vehicles4↦0.0),(Vehicles5↦0.0)}",
        "VehiclesX": "{(EgoVehicle↦200.0),(Vehicles2↦35.19563376903534),(Vehicles3↦43.062207102775574),(Vehicles4↦67.64115691184998),(Vehicles5↦109.87318754196167)}"
      },
      "probabilisticVariables": null,
      "activating": [
        "SLOWER_42"
      ],
      "activatingOnlyWhenExecuted": true,
      "updating": null,
      "withPredicate": null
    },
    {
      "id": "SLOWER_42",
      "execute": "SLOWER",
      "after": "1000",
      "priority": 0,
      "additionalGuards": null,
      "activationKind": null,
      "fixedVariables": {
        "Crash": "FALSE",
        "VehiclesAy": "{(EgoVehicle↦0.0),(Vehicles2↦0.0),(Vehicles3↦0.0),(Vehicles4↦0.0),(Vehicles5↦0.0)}",
        "Reward": "0.7333333333333334",
        "VehiclesAx": "{(EgoVehicle↦0.0),(Vehicles2↦0.02072845585644245),(Vehicles3↦-0.022554174065589905),(Vehicles4↦-0.01695960760116577),(Vehicles5↦0.03478720784187317)}",
        "VehiclesVx": "{(EgoVehicle↦20.0),(Vehicles2↦-0.08961640298366547),(Vehicles3↦0.7772115617990494),(Vehicles4↦0.5101555585861206),(Vehicles5↦0.3502025082707405)}",
        "VehiclesY": "{(EgoVehicle↦8.000000238418579),(Vehicles2↦0.0),(Vehicles3↦-8.000000238418579),(Vehicles4↦-4.0000001192092896),(Vehicles5↦0.0)}",
        "VehiclesVy": "{(EgoVehicle↦0.0),(Vehicles2↦0.0),(Vehicles3↦0.0),(Vehicles4↦0.0),(Vehicles5↦0.0)}",
        "VehiclesX": "{(EgoVehicle↦200.0),(Vehicles2↦35.09357571601868),(Vehicles3↦43.85291934013367),(Vehicles4↦68.16151738166809),(Vehicles5↦110.20263433456421)}"
      },
      "probabilisticVariables": null,
      "activating": [
        "SLOWER_43"
      ],
      "activatingOnlyWhenExecuted": true,
      "updating": null,
      "withPredicate": null
    },
    {
      "id": "SLOWER_43",
      "execute": "SLOWER",
      "after": "1000",
      "priority": 0,
      "additionalGuards": null,
      "activationKind": null,
      "fixedVariables": {
        "Crash": "FALSE",
        "VehiclesAy": "{(EgoVehicle↦0.0),(Vehicles2↦0.0),(Vehicles3↦0.0),(Vehicles4↦0.0),(Vehicles5↦0.0)}",
        "Reward": "0.7333333333333334",
        "VehiclesAx": "{(EgoVehicle↦0.0),(Vehicles2↦0.020731259137392044),(Vehicles3↦-0.02212636172771454),(Vehicles4↦-0.017279721796512604),(Vehicles5↦0.033427923917770386)}",
        "VehiclesVx": "{(EgoVehicle↦20.0),(Vehicles2↦-0.06888514384627342),(Vehicles3↦0.7550852000713348),(Vehicles4↦0.492875836789608),(Vehicles5↦0.3836304321885109)}",
        "VehiclesY": "{(EgoVehicle↦8.000000238418579),(Vehicles2↦0.0),(Vehicles3↦-8.000000238418579),(Vehicles4↦-4.0000001192092896),(Vehicles5↦0.0)}",
        "VehiclesVy": "{(EgoVehicle↦0.0),(Vehicles2↦0.0),(Vehicles3↦0.0),(Vehicles4↦0.0),(Vehicles5↦0.0)}",
        "VehiclesX": "{(EgoVehicle↦200.0),(Vehicles2↦35.01225411891937),(Vehicles3↦44.62124407291412),(Vehicles4↦68.66478323936462),(Vehicles5↦110.56631803512573)}"
      },
      "probabilisticVariables": null,
      "activating": [
        "SLOWER_44"
      ],
      "activatingOnlyWhenExecuted": true,
      "updating": null,
      "withPredicate": null
    },
    {
      "id": "SLOWER_44",
      "execute": "SLOWER",
      "after": "1000",
      "priority": 0,
      "additionalGuards": null,
      "activationKind": null,
      "fixedVariables": {
        "Crash": "FALSE",
        "VehiclesAy": "{(EgoVehicle↦0.0),(Vehicles2↦0.0),(Vehicles3↦0.0),(Vehicles4↦0.0),(Vehicles5↦0.0)}",
        "Reward": "0.7333333333333334",
        "VehiclesAx": "{(EgoVehicle↦0.0),(Vehicles2↦0.020682471804320812),(Vehicles3↦-0.02163521945476532),(Vehicles4↦-0.017477460205554962),(Vehicles5↦0.032153092324733734)}",
        "VehiclesVx": "{(EgoVehicle↦20.0),(Vehicles2↦-0.04820267204195261),(Vehicles3↦0.7334499806165695),(Vehicles4↦0.47539837658405304),(Vehicles5↦0.41578352451324463)}",
        "VehiclesY": "{(EgoVehicle↦8.000000238418579),(Vehicles2↦0.0),(Vehicles3↦-8.000000238418579),(Vehicles4↦-4.0000001192092896),(Vehicles5↦0.0)}",
        "VehiclesVy": "{(EgoVehicle↦0.0),(Vehicles2↦0.0),(Vehicles3↦0.0),(Vehicles4↦0.0),(Vehicles5↦0.0)}",
        "VehiclesX": "{(EgoVehicle↦200.0),(Vehicles2↦34.951648116111755),(Vehicles3↦45.367631316185),(Vehicles4↦69.15068030357361),(Vehicles5↦110.96290349960327)}"
      },
      "probabilisticVariables": null,
      "activating": [
        "SLOWER_45"
      ],
      "activatingOnlyWhenExecuted": true,
      "updating": null,
      "withPredicate": null
    },
    {
      "id": "SLOWER_45",
      "execute": "SLOWER",
      "after": "1000",
      "priority": 0,
      "additionalGuards": null,
      "activationKind": null,
      "fixedVariables": {
        "Crash": "FALSE",
        "VehiclesAy": "{(EgoVehicle↦0.0),(Vehicles2↦0.0),(Vehicles3↦0.0),(Vehicles4↦0.0),(Vehicles5↦0.0)}",
        "Reward": "0.7333333333333334",
        "VehiclesAx": "{(EgoVehicle↦0.0),(Vehicles2↦0.020589118357747793),(Vehicles3↦-0.02108544111251831),(Vehicles4↦-0.01755800098180771),(Vehicles5↦0.030955560505390167)}",
        "VehiclesVx": "{(EgoVehicle↦20.0),(Vehicles2↦-0.027613553684204817),(Vehicles3↦0.7123645395040512),(Vehicles4↦0.45784037560224533),(Vehicles5↦0.4467390850186348)}",
        "VehiclesY": "{(EgoVehicle↦8.000000238418579),(Vehicles2↦0.0),(Vehicles3↦-8.000000238418579),(Vehicles4↦-4.0000001192092896),(Vehicles5↦0.0)}",
        "VehiclesVy": "{(EgoVehicle↦0.0),(Vehicles2↦0.0),(Vehicles3↦0.0),(Vehicles4↦0.0),(Vehicles5↦0.0)}",
        "VehiclesX": "{(EgoVehicle↦200.0),(Vehicles2↦34.91169214248657),(Vehicles3↦46.092602610588074),(Vehicles4↦69.6190595626831),(Vehicles5↦111.39116287231445)}"
      },
      "probabilisticVariables": null,
      "activating": [
        "SLOWER_46"
      ],
      "activatingOnlyWhenExecuted": true,
      "updating": null,
      "withPredicate": null
    },
    {
      "id": "SLOWER_46",
      "execute": "SLOWER",
      "after": "1000",
      "priority": 0,
      "additionalGuards": null,
      "activationKind": null,
      "fixedVariables": {
        "Crash": "FALSE",
        "VehiclesAy": "{(EgoVehicle↦0.0),(Vehicles2↦0.0),(Vehicles3↦0.0),(Vehicles4↦0.0),(Vehicles5↦0.0)}",
        "Reward": "0.7333333333333334",
        "VehiclesAx": "{(EgoVehicle↦0.0),(Vehicles2↦0.020457500941120088),(Vehicles3↦-0.02048201858997345),(Vehicles4↦-0.017526932060718536),(Vehicles5↦0.029828771948814392)}",
        "VehiclesVx": "{(EgoVehicle↦20.0),(Vehicles2↦-0.007156052743084729),(Vehicles3↦0.6918825209140778),(Vehicles4↦0.4403134435415268),(Vehicles5↦0.4765678569674492)}",
        "VehiclesY": "{(EgoVehicle↦8.000000238418579),(Vehicles2↦0.0),(Vehicles3↦-8.000000238418579),(Vehicles4↦-4.0000001192092896),(Vehicles5↦0.0)}",
        "VehiclesVy": "{(EgoVehicle↦0.0),(Vehicles2↦0.0),(Vehicles3↦0.0),(Vehicles4↦0.0),(Vehicles5↦0.0)}",
        "VehiclesX": "{(EgoVehicle↦200.0),(Vehicles2↦34.89227294921875),(Vehicles3↦46.79672420024872),(Vehicles4↦70.06987929344177),(Vehicles5↦111.84991598129272)}"
      },
      "probabilisticVariables": null,
      "activating": [
        "SLOWER_47"
      ],
      "activatingOnlyWhenExecuted": true,
      "updating": null,
      "withPredicate": null
    },
    {
      "id": "SLOWER_47",
      "execute": "SLOWER",
      "after": "1000",
      "priority": 0,
      "additionalGuards": null,
      "activationKind": null,
      "fixedVariables": {
        "Crash": "FALSE",
        "VehiclesAy": "{(EgoVehicle↦0.0),(Vehicles2↦0.0),(Vehicles3↦0.0),(Vehicles4↦0.0),(Vehicles5↦0.0)}",
        "Reward": "0.7333333333333334",
        "VehiclesAx": "{(EgoVehicle↦0.0),(Vehicles2↦0.020293209818191826),(Vehicles3↦-0.019830167293548584),(Vehicles4↦-0.01739073544740677),(Vehicles5↦0.028766952455043793)}",
        "VehiclesVx": "{(EgoVehicle↦20.0),(Vehicles2↦0.013137157075107098),(Vehicles3↦0.6720523536205292),(Vehicles4↦0.42292270809412),(Vehicles5↦0.505334809422493)}",
        "VehiclesY": "{(EgoVehicle↦8.000000238418579),(Vehicles2↦0.0),(Vehicles3↦-8.000000238418579),(Vehicles4↦-4.0000001192092896),(Vehicles5↦0.0)}",
        "VehiclesVy": "{(EgoVehicle↦0.0),(Vehicles2↦0.0),(Vehicles3↦0.0),(Vehicles4↦0.0),(Vehicles5↦0.0)}",
        "VehiclesX": "{(EgoVehicle↦200.0),(Vehicles2↦34.89324748516083),(Vehicles3↦47.480618953704834),(Vehicles4↦70.5032229423523),(Vehicles5↦112.33807802200317)}"
      },
      "probabilisticVariables": null,
      "activating": [
        "SLOWER_48"
      ],
      "activatingOnlyWhenExecuted": true,
      "updating": null,
      "withPredicate": null
    },
    {
      "id": "SLOWER_48",
      "execute": "SLOWER",
      "after": "1000",
      "priority": 0,
      "additionalGuards": null,
      "activationKind": null,
      "fixedVariables": {
        "Crash": "FALSE",
        "VehiclesAy": "{(EgoVehicle↦0.0),(Vehicles2↦0.0),(Vehicles3↦0.0),(Vehicles4↦0.0),(Vehicles5↦0.0)}",
        "Reward": "0.7333333333333334",
        "VehiclesAx": "{(EgoVehicle↦0.0),(Vehicles2↦0.0201012147590518),(Vehicles3↦-0.019135475158691406),(Vehicles4↦-0.01715630292892456),(Vehicles5↦0.027765072882175446)}",
        "VehiclesVx": "{(EgoVehicle↦20.0),(Vehicles2↦0.0332383718341589),(Vehicles3↦0.6529168784618378),(Vehicles4↦0.40576640516519547),(Vehicles5↦0.5330998823046684)}",
        "VehiclesY": "{(EgoVehicle↦8.000000238418579),(Vehicles2↦0.0),(Vehicles3↦-8.000000238418579),(Vehicles4↦-4.0000001192092896),(Vehicles5↦0.0)}",
        "VehiclesVy": "{(EgoVehicle↦0.0),(Vehicles2↦0.0),(Vehicles3↦0.0),(Vehicles4↦0.0),(Vehicles5↦0.0)}",
        "VehiclesX": "{(EgoVehicle↦200.0),(Vehicles2↦34.91444289684296),(Vehicles3↦48.14496040344238),(Vehicles4↦70.91925740242004),(Vehicles5↦112.85459995269775)}"
      },
      "probabilisticVariables": null,
      "activating": [
        "SLOWER_49"
      ],
      "activatingOnlyWhenExecuted": true,
      "updating": null,
      "withPredicate": null
    },
    {
      "id": "SLOWER_49",
      "execute": "SLOWER",
      "after": "1000",
      "priority": 0,
      "additionalGuards": null,
      "activationKind": null,
      "fixedVariables": {
        "Crash": "FALSE",
        "VehiclesAy": "{(EgoVehicle↦0.0),(Vehicles2↦0.0),(Vehicles3↦0.0),(Vehicles4↦0.0),(Vehicles5↦0.0)}",
        "Reward": "0.7333333333333334",
        "VehiclesAx": "{(EgoVehicle↦0.0),(Vehicles2↦0.019885902293026447),(Vehicles3↦-0.01840345561504364),(Vehicles4↦-0.016830936074256897),(Vehicles5↦0.02681829035282135)}",
        "VehiclesVx": "{(EgoVehicle↦20.0),(Vehicles2↦0.053124274127185345),(Vehicles3↦0.6345134228467941),(Vehicles4↦0.38893546909093857),(Vehicles5↦0.5599181726574898)}",
        "VehiclesY": "{(EgoVehicle↦8.000000238418579),(Vehicles2↦0.0),(Vehicles3↦-8.000000238418579),(Vehicles4↦-4.0000001192092896),(Vehicles5↦0.0)}",
        "VehiclesVy": "{(EgoVehicle↦0.0),(Vehicles2↦0.0),(Vehicles3↦0.0),(Vehicles4↦0.0),(Vehicles5↦0.0)}",
        "VehiclesX": "{(EgoVehicle↦200.0),(Vehicles2↦34.95565354824066),(Vehicles3↦48.79045486450195),(Vehicles4↦71.31826281547546),(Vehicles5↦113.3984923362732)}"
      },
      "probabilisticVariables": null,
      "activating": [
        "SLOWER_50"
      ],
      "activatingOnlyWhenExecuted": true,
      "updating": null,
      "withPredicate": null
    },
    {
      "id": "SLOWER_50",
      "execute": "SLOWER",
      "after": "1000",
      "priority": 0,
      "additionalGuards": null,
      "activationKind": null,
      "fixedVariables": {
        "Crash": "FALSE",
        "VehiclesAy": "{(EgoVehicle↦0.0),(Vehicles2↦0.0),(Vehicles3↦0.0),(Vehicles4↦0.0),(Vehicles5↦0.0)}",
        "Reward": "0.7333333333333334",
        "VehiclesAx": "{(EgoVehicle↦0.0),(Vehicles2↦0.019651148468255997),(Vehicles3↦-0.0176398828625679),(Vehicles4↦-0.016422346234321594),(Vehicles5↦0.025922544300556183)}",
        "VehiclesVx": "{(EgoVehicle↦20.0),(Vehicles2↦0.07277542259544134),(Vehicles3↦0.6168735399842262),(Vehicles4↦0.372513122856617),(Vehicles5↦0.585840716958046)}",
        "VehiclesY": "{(EgoVehicle↦8.000000238418579),(Vehicles2↦0.0),(Vehicles3↦-8.000000238418579),(Vehicles4↦-4.0000001192092896),(Vehicles5↦0.0)}",
        "VehiclesVy": "{(EgoVehicle↦0.0),(Vehicles2↦0.0),(Vehicles3↦0.0),(Vehicles4↦0.0),(Vehicles5↦0.0)}",
        "VehiclesX": "{(EgoVehicle↦200.0),(Vehicles2↦35.016655921936035),(Vehicles3↦49.417850375175476),(Vehicles4↦71.7005968093872),(Vehicles5↦113.9688491821289)}"
      },
      "probabilisticVariables": null,
      "activating": [
        "SLOWER_51"
      ],
      "activatingOnlyWhenExecuted": true,
      "updating": null,
      "withPredicate": null
    },
    {
      "id": "SLOWER_51",
      "execute": "SLOWER",
      "after": "1000",
      "priority": 0,
      "additionalGuards": null,
      "activationKind": null,
      "fixedVariables": {
        "Crash": "FALSE",
        "VehiclesAy": "{(EgoVehicle↦0.0),(Vehicles2↦0.0),(Vehicles3↦0.0),(Vehicles4↦0.0),(Vehicles5↦0.0)}",
        "Reward": "0.7333333333333334",
        "VehiclesAx": "{(EgoVehicle↦0.0),(Vehicles2↦0.019400366581976414),(Vehicles3↦-0.016850195825099945),(Vehicles4↦-0.015938282012939453),(Vehicles5↦0.025074072182178497)}",
        "VehiclesVx": "{(EgoVehicle↦20.0),(Vehicles2↦0.09217578917741776),(Vehicles3↦0.6000233441591263),(Vehicles4↦0.3565748408436775),(Vehicles5↦0.6109147891402245)}",
        "VehiclesY": "{(EgoVehicle↦8.000000238418579),(Vehicles2↦0.0),(Vehicles3↦-8.000000238418579),(Vehicles4↦-4.0000001192092896),(Vehicles5↦0.0)}",
        "VehiclesVy": "{(EgoVehicle↦0.0),(Vehicles2↦0.0),(Vehicles3↦0.0),(Vehicles4↦0.0),(Vehicles5↦0.0)}",
        "VehiclesX": "{(EgoVehicle↦200.0),(Vehicles2↦35.097211599349976),(Vehicles3↦50.02791881561279),(Vehicles4↦72.06669449806213),(Vehicles5↦114.56478834152222)}"
      },
      "probabilisticVariables": null,
      "activating": [
        "SLOWER_52"
      ],
      "activatingOnlyWhenExecuted": true,
      "updating": null,
      "withPredicate": null
    },
    {
      "id": "SLOWER_52",
      "execute": "SLOWER",
      "after": "1000",
      "priority": 0,
      "additionalGuards": null,
      "activationKind": null,
      "fixedVariables": {
        "Crash": "FALSE",
        "VehiclesAy": "{(EgoVehicle↦0.0),(Vehicles2↦0.0),(Vehicles3↦0.0),(Vehicles4↦0.0),(Vehicles5↦0.0)}",
        "Reward": "0.7333333333333334",
        "VehiclesAx": "{(EgoVehicle↦0.0),(Vehicles2↦0.019136536866426468),(Vehicles3↦-0.016040056943893433),(Vehicles4↦-0.01538686454296112),(Vehicles5↦0.024269409477710724)}",
        "VehiclesVx": "{(EgoVehicle↦20.0),(Vehicles2↦0.11131232604384422),(Vehicles3↦0.5839832872152328),(Vehicles4↦0.3411879763007164),(Vehicles5↦0.6351841986179352)}",
        "VehiclesY": "{(EgoVehicle↦8.000000238418579),(Vehicles2↦0.0),(Vehicles3↦-8.000000238418579),(Vehicles4↦-4.0000001192092896),(Vehicles5↦0.0)}",
        "VehiclesVy": "{(EgoVehicle↦0.0),(Vehicles2↦0.0),(Vehicles3↦0.0),(Vehicles4↦0.0),(Vehicles5↦0.0)}",
        "VehiclesX": "{(EgoVehicle↦200.0),(Vehicles2↦35.19706428050995),(Vehicles3↦50.62146186828613),(Vehicles4↦72.41706252098083),(Vehicles5↦115.18547534942627)}"
      },
      "probabilisticVariables": null,
      "activating": [
        "SLOWER_53"
      ],
      "activatingOnlyWhenExecuted": true,
      "updating": null,
      "withPredicate": null
    },
    {
      "id": "SLOWER_53",
      "execute": "SLOWER",
      "after": "1000",
      "priority": 0,
      "additionalGuards": null,
      "activationKind": null,
      "fixedVariables": {
        "Crash": "FALSE",
        "VehiclesAy": "{(EgoVehicle↦0.0),(Vehicles2↦0.0),(Vehicles3↦0.0),(Vehicles4↦0.0),(Vehicles5↦0.0)}",
        "Reward": "0.7333333333333334",
        "VehiclesAx": "{(EgoVehicle↦0.0),(Vehicles2↦0.018862280994653702),(Vehicles3↦-0.015214793384075165),(Vehicles4↦-0.01477602869272232),(Vehicles5↦0.0235053151845932)}",
        "VehiclesVx": "{(EgoVehicle↦20.0),(Vehicles2↦0.13017460703849792),(Vehicles3↦0.5687684938311577),(Vehicles4↦0.3264119476079941),(Vehicles5↦0.6586895138025284)}",
        "VehiclesY": "{(EgoVehicle↦8.000000238418579),(Vehicles2↦0.0),(Vehicles3↦-8.000000238418579),(Vehicles4↦-4.0000001192092896),(Vehicles5↦0.0)}",
        "VehiclesVy": "{(EgoVehicle↦0.0),(Vehicles2↦0.0),(Vehicles3↦0.0),(Vehicles4↦0.0),(Vehicles5↦0.0)}",
        "VehiclesX": "{(EgoVehicle↦200.0),(Vehicles2↦35.315945744514465),(Vehicles3↦51.19929313659668),(Vehicles4↦72.75229096412659),(Vehicles5↦115.83012342453003)}"
      },
      "probabilisticVariables": null,
      "activating": [
        "SLOWER_54"
      ],
      "activatingOnlyWhenExecuted": true,
      "updating": null,
      "withPredicate": null
    },
    {
      "id": "SLOWER_54",
      "execute": "SLOWER",
      "after": "1000",
      "priority": 0,
      "additionalGuards": null,
      "activationKind": null,
      "fixedVariables": {
        "Crash": "FALSE",
        "VehiclesAy": "{(EgoVehicle↦0.0),(Vehicles2↦0.0),(Vehicles3↦0.0),(Vehicles4↦0.0),(Vehicles5↦0.0)}",
        "Reward": "0.7333333333333334",
        "VehiclesAx": "{(EgoVehicle↦0.0),(Vehicles2↦0.018579894676804543),(Vehicles3↦-0.014379620552062988),(Vehicles4↦-0.014113765209913254),(Vehicles5↦0.022779330611228943)}",
        "VehiclesVx": "{(EgoVehicle↦20.0),(Vehicles2↦0.14875450171530247),(Vehicles3↦0.5543888732790947),(Vehicles4↦0.3122981823980808),(Vehicles5↦0.6814688444137573)}",
        "VehiclesY": "{(EgoVehicle↦8.000000238418579),(Vehicles2↦0.0),(Vehicles3↦-8.000000238418579),(Vehicles4↦-4.0000001192092896),(Vehicles5↦0.0)}",
        "VehiclesVy": "{(EgoVehicle↦0.0),(Vehicles2↦0.0),(Vehicles3↦0.0),(Vehicles4↦0.0),(Vehicles5↦0.0)}",
        "VehiclesX": "{(EgoVehicle↦200.0),(Vehicles2↦35.45357286930084),(Vehicles3↦51.76224112510681),(Vehicles4↦73.07300567626953),(Vehicles5↦116.49798154830933)}"
      },
      "probabilisticVariables": null,
      "activating": [
        "SLOWER_55"
      ],
      "activatingOnlyWhenExecuted": true,
      "updating": null,
      "withPredicate": null
    },
    {
      "id": "SLOWER_55",
      "execute": "SLOWER",
      "after": "1000",
      "priority": 0,
      "additionalGuards": null,
      "activationKind": null,
      "fixedVariables": {
        "Crash": "FALSE",
        "VehiclesAy": "{(EgoVehicle↦0.0),(Vehicles2↦0.0),(Vehicles3↦0.0),(Vehicles4↦0.0),(Vehicles5↦0.0)}",
        "Reward": "0.7333333333333334",
        "VehiclesAx": "{(EgoVehicle↦0.0),(Vehicles2↦0.018291370943188667),(Vehicles3↦-0.013539344072341919),(Vehicles4↦-0.013407766819000244),(Vehicles5↦0.022088438272476196)}",
        "VehiclesVx": "{(EgoVehicle↦20.0),(Vehicles2↦0.16704587265849113),(Vehicles3↦0.5408495292067528),(Vehicles4↦0.2988904155790806),(Vehicles5↦0.7035572826862335)}",
        "VehiclesY": "{(EgoVehicle↦8.000000238418579),(Vehicles2↦0.0),(Vehicles3↦-8.000000238418579),(Vehicles4↦-4.0000001192092896),(Vehicles5↦0.0)}",
        "VehiclesVy": "{(EgoVehicle↦0.0),(Vehicles2↦0.0),(Vehicles3↦0.0),(Vehicles4↦0.0),(Vehicles5↦0.0)}",
        "VehiclesX": "{(EgoVehicle↦200.0),(Vehicles2↦35.609668493270874),(Vehicles3↦52.31114625930786),(Vehicles4↦73.37988018989563),(Vehicles5↦117.18833446502686)}"
      },
      "probabilisticVariables": null,
      "activating": [
        "SLOWER_56"
      ],
      "activatingOnlyWhenExecuted": true,
      "updating": null,
      "withPredicate": null
    },
    {
      "id": "SLOWER_56",
      "execute": "SLOWER",
      "after": "1000",
      "priority": 0,
      "additionalGuards": null,
      "activationKind": null,
      "fixedVariables": {
        "Crash": "FALSE",
        "VehiclesAy": "{(EgoVehicle↦0.0),(Vehicles2↦0.0),(Vehicles3↦0.0),(Vehicles4↦0.0),(Vehicles5↦0.0)}",
        "Reward": "0.7333333333333334",
        "VehiclesAx": "{(EgoVehicle↦0.0),(Vehicles2↦0.017998404800891876),(Vehicles3↦-0.012698732316493988),(Vehicles4↦-0.012665744870901108),(Vehicles5↦0.02143062651157379)}",
        "VehiclesVx": "{(EgoVehicle↦20.0),(Vehicles2↦0.185044277459383),(Vehicles3↦0.5281507968902588),(Vehicles4↦0.2862246707081795),(Vehicles5↦0.7249879091978073)}",
        "VehiclesY": "{(EgoVehicle↦8.000000238418579),(Vehicles2↦0.0),(Vehicles3↦-8.000000238418579),(Vehicles4↦-4.0000001192092896),(Vehicles5↦0.0)}",
        "VehiclesVy": "{(EgoVehicle↦0.0),(Vehicles2↦0.0),(Vehicles3↦0.0),(Vehicles4↦0.0),(Vehicles5↦0.0)}",
        "VehiclesX": "{(EgoVehicle↦200.0),(Vehicles2↦35.78393757343292),(Vehicles3↦52.84685492515564),(Vehicles4↦73.67364168167114),(Vehicles5↦117.90051460266113)}"
      },
      "probabilisticVariables": null,
      "activating": [
        "SLOWER_57"
      ],
      "activatingOnlyWhenExecuted": true,
      "updating": null,
      "withPredicate": null
    },
    {
      "id": "SLOWER_57",
      "execute": "SLOWER",
      "after": "1000",
      "priority": 0,
      "additionalGuards": null,
      "activationKind": null,
      "fixedVariables": {
        "Crash": "FALSE",
        "VehiclesAy": "{(EgoVehicle↦0.0),(Vehicles2↦0.0),(Vehicles3↦0.0),(Vehicles4↦0.0),(Vehicles5↦0.0)}",
        "Reward": "0.7333333333333334",
        "VehiclesAx": "{(EgoVehicle↦0.0),(Vehicles2↦0.017702579498291016),(Vehicles3↦-0.011861920356750488),(Vehicles4↦-0.011894870549440384),(Vehicles5↦-0.37867236882448196)}",
        "VehiclesVx": "{(EgoVehicle↦20.0),(Vehicles2↦0.20274685695767403),(Vehicles3↦0.5162888765335083),(Vehicles4↦0.2743298001587391),(Vehicles5↦0.34631554037332535)}",
        "VehiclesY": "{(EgoVehicle↦8.000000238418579),(Vehicles2↦0.0),(Vehicles3↦-8.000000238418579),(Vehicles4↦-4.0000001192092896),(Vehicles5↦-8.000000238418579)}",
        "VehiclesVy": "{(EgoVehicle↦0.0),(Vehicles2↦0.0),(Vehicles3↦0.0),(Vehicles4↦0.0),(Vehicles5↦0.0)}",
        "VehiclesX": "{(EgoVehicle↦200.0),(Vehicles2↦35.97608506679535),(Vehicles3↦53.37018966674805),(Vehicles4↦73.95504713058472),(Vehicles5↦118.45006942749023)}"
      },
      "probabilisticVariables": null,
      "activating": [
        "SLOWER_58"
      ],
      "activatingOnlyWhenExecuted": true,
      "updating": null,
      "withPredicate": null
    },
    {
      "id": "SLOWER_58",
      "execute": "SLOWER",
      "after": "1000",
      "priority": 0,
      "additionalGuards": null,
      "activationKind": null,
      "fixedVariables": {
        "Crash": "FALSE",
        "VehiclesAy": "{(EgoVehicle↦0.0),(Vehicles2↦0.0),(Vehicles3↦0.0),(Vehicles4↦0.0),(Vehicles5↦-1.7763568394002505E-14)}",
        "Reward": "0.7333333333333334",
        "VehiclesAx": "{(EgoVehicle↦0.0),(Vehicles2↦0.01740509644150734),(Vehicles3↦-0.011032968759536743),(Vehicles4↦-0.011102166026830673),(Vehicles5↦0.0009415298700332642)}",
        "VehiclesVx": "{(EgoVehicle↦20.0),(Vehicles2↦0.22015195339918137),(Vehicles3↦0.5052559077739716),(Vehicles4↦0.2632276341319084),(Vehicles5↦0.3472570702433586)}",
        "VehiclesY": "{(EgoVehicle↦8.000000238418579),(Vehicles2↦0.0),(Vehicles3↦-8.000000238418579),(Vehicles4↦-4.0000001192092896),(Vehicles5↦-8.000000238418579)}",
        "VehiclesVy": "{(EgoVehicle↦0.0),(Vehicles2↦0.0),(Vehicles3↦0.0),(Vehicles4↦0.0),(Vehicles5↦-1.7763568394002505E-14)}",
        "VehiclesX": "{(EgoVehicle↦200.0),(Vehicles2↦36.185818910598755),(Vehicles3↦53.88200283050537),(Vehicles4↦74.22487139701843),(Vehicles5↦118.79671812057495)}"
      },
      "probabilisticVariables": null,
      "activating": [
        "SLOWER_59"
      ],
      "activatingOnlyWhenExecuted": true,
      "updating": null,
      "withPredicate": null
    },
    {
      "id": "SLOWER_59",
      "execute": "SLOWER",
      "after": "1000",
      "priority": 0,
      "additionalGuards": null,
      "activationKind": null,
      "fixedVariables": {
        "Crash": "FALSE",
        "VehiclesAy": "{(EgoVehicle↦0.0),(Vehicles2↦0.0),(Vehicles3↦0.0),(Vehicles4↦0.0),(Vehicles5↦-1.7763568394002505E-14)}",
        "Reward": "0.7333333333333334",
        "VehiclesAx": "{(EgoVehicle↦0.0),(Vehicles2↦0.017107166349887848),(Vehicles3↦-0.010215342044830322),(Vehicles4↦-0.010294150561094284),(Vehicles5↦0.0014449283480644226)}",
        "VehiclesVx": "{(EgoVehicle↦20.0),(Vehicles2↦0.2372591197490692),(Vehicles3↦0.49504056572914124),(Vehicles4↦0.25293348357081413),(Vehicles5↦0.34870199859142303)}",
        "VehiclesY": "{(EgoVehicle↦8.000000238418579),(Vehicles2↦0.0),(Vehicles3↦-8.000000238418579),(Vehicles4↦-4.0000001192092896),(Vehicles5↦-8.000000238418579)}",
        "VehiclesVy": "{(EgoVehicle↦0.0),(Vehicles2↦0.0),(Vehicles3↦0.0),(Vehicles4↦0.0),(Vehicles5↦0.0)}",
        "VehiclesX": "{(EgoVehicle↦200.0),(Vehicles2↦36.412838101387024),(Vehicles3↦54.38310503959656),(Vehicles4↦74.48391914367676),(Vehicles5↦119.14451122283936)}"
      },
      "probabilisticVariables": null,
      "activating": [
        "SLOWER_60"
      ],
      "activatingOnlyWhenExecuted": true,
      "updating": null,
      "withPredicate": null
    },
    {
      "id": "SLOWER_60",
      "execute": "SLOWER",
      "after": "1000",
      "priority": 0,
      "additionalGuards": null,
      "activationKind": null,
      "fixedVariables": {
        "Crash": "FALSE",
        "VehiclesAy": "{(EgoVehicle↦0.0),(Vehicles2↦0.0),(Vehicles3↦0.0),(Vehicles4↦0.0),(Vehicles5↦0.0)}",
        "Reward": "0.7333333333333334",
        "VehiclesAx": "{(EgoVehicle↦0.0),(Vehicles2↦0.016809683293104172),(Vehicles3↦-0.009412355720996857),(Vehicles4↦-0.009476989507675171),(Vehicles5↦0.0019069388508796692)}",
        "VehiclesVx": "{(EgoVehicle↦20.0),(Vehicles2↦0.2540688030421734),(Vehicles3↦0.4856282100081444),(Vehicles4↦0.24345649406313896),(Vehicles5↦0.3506089374423027)}",
        "VehiclesY": "{(EgoVehicle↦8.000000238418579),(Vehicles2↦0.0),(Vehicles3↦-8.000000238418579),(Vehicles4↦-4.0000001192092896),(Vehicles5↦-8.000000238418579)}",
        "VehiclesVy": "{(EgoVehicle↦0.0),(Vehicles2↦0.0),(Vehicles3↦0.0),(Vehicles4↦0.0),(Vehicles5↦0.0)}",
        "VehiclesX": "{(EgoVehicle↦200.0),(Vehicles2↦36.65684461593628),(Vehicles3↦54.87431883811951),(Vehicles4↦74.73299503326416),(Vehicles5↦119.4939374923706)}"
      },
      "probabilisticVariables": null,
      "activating": [
        "SLOWER_61"
      ],
      "activatingOnlyWhenExecuted": true,
      "updating": null,
      "withPredicate": null
    },
    {
      "id": "SLOWER_61",
      "execute": "SLOWER",
      "after": "1000",
      "priority": 0,
      "additionalGuards": null,
      "activationKind": null,
      "fixedVariables": {
        "Crash": "FALSE",
        "VehiclesAy": "{(EgoVehicle↦0.0),(Vehicles2↦0.0),(Vehicles3↦0.0),(Vehicles4↦0.0),(Vehicles5↦0.0)}",
        "Reward": "0.7333333333333334",
        "VehiclesAx": "{(EgoVehicle↦0.0),(Vehicles2↦0.016513504087924957),(Vehicles3↦-0.008626803755760193),(Vehicles4↦-0.008656363934278488),(Vehicles5↦0.0023298338055610657)}",
        "VehiclesVx": "{(EgoVehicle↦20.0),(Vehicles2↦0.27058230713009834),(Vehicles3↦0.4770014062523842),(Vehicles4↦0.23480013012886047),(Vehicles5↦0.35293877124786377)}",
        "VehiclesY": "{(EgoVehicle↦8.000000238418579),(Vehicles2↦0.0),(Vehicles3↦-8.000000238418579),(Vehicles4↦-4.0000001192092896),(Vehicles5↦-8.000000238418579)}",
        "VehiclesVy": "{(EgoVehicle↦0.0),(Vehicles2↦0.0),(Vehicles3↦0.0),(Vehicles4↦0.0),(Vehicles5↦0.0)}",
        "VehiclesX": "{(EgoVehicle↦200.0),(Vehicles2↦36.91754341125488),(Vehicles3↦55.356431007385254),(Vehicles4↦74.97292160987854),(Vehicles5↦119.845449924469)}"
      },
      "probabilisticVariables": null,
      "activating": null,
      "activatingOnlyWhenExecuted": true,
      "updating": null,
      "withPredicate": null
    }
  ],
  "listeners": [],
  "metadata": {
    "fileType": "Timed_Trace",
    "formatVersion": 3,
    "savedAt": "2023-08-15T12:35:35.762149Z",
    "creator": "Simulation: MONTE_CARLO_SIMULATION; MAX_STEPS_BEFORE_PROPERTY : 0, EXECUTIONS : 1000, ENDING_TIME : 60000",
    "proB2KernelVersion": "4.12.2",
    "proBCliVersion": "1.12.2-final",
    "modelName": "HighwayEnvironment"
  }
}