{
  "variables": {},
  "activations": [
    {
      "id": "$setup_constants",
      "execute": "$setup_constants",
      "after": "0",
      "priority": 0,
      "additionalGuards": null,
      "activationKind": null,
      "fixedVariables": null,
      "probabilisticVariables": null,
      "activating": null,
      "activatingOnlyWhenExecuted": true,
      "updating": null,
      "withPredicate": null
    },
    {
      "id": "$initialise_machine",
      "execute": "$initialise_machine",
      "after": "0",
      "priority": 0,
      "additionalGuards": null,
      "activationKind": null,
      "fixedVariables": {
        "Crash": "FALSE",
        "VehiclesAy": "{(EgoVehicle↦0.0),(Vehicles2↦0.0),(Vehicles3↦0.0),(Vehicles4↦0.0),(Vehicles5↦0.0)}",
        "Reward": "0.0",
        "VehiclesAx": "{(EgoVehicle↦0.0),(Vehicles2↦0.0),(Vehicles3↦0.0),(Vehicles4↦0.0),(Vehicles5↦0.0)}",
        "VehiclesVx": "{(EgoVehicle↦25.0),(Vehicles2↦-3.4871846437454224),(Vehicles3↦-3.162279725074768),(Vehicles4↦-2.4775272607803345),(Vehicles5↦-2.649396061897278)}",
        "VehiclesY": "{(EgoVehicle↦4.0000001192092896),(Vehicles2↦4.0000001192092896),(Vehicles3↦0.0),(Vehicles4↦4.0000001192092896),(Vehicles5↦0.0)}",
        "VehiclesVy": "{(EgoVehicle↦0.0),(Vehicles2↦0.0),(Vehicles3↦0.0),(Vehicles4↦0.0),(Vehicles5↦0.0)}",
        "VehiclesX": "{(EgoVehicle↦153.38876247406006),(Vehicles2↦23.277443647384644),(Vehicles3↦46.404728293418884),(Vehicles4↦68.66737604141235),(Vehicles5↦92.90387630462646)}"
      },
      "probabilisticVariables": null,
      "activating": [
        "LANE_RIGHT_2"
      ],
      "activatingOnlyWhenExecuted": true,
      "updating": null,
      "withPredicate": null
    },
    {
      "id": "LANE_RIGHT_2",
      "execute": "LANE_RIGHT",
      "after": "1000",
      "priority": 0,
      "additionalGuards": null,
      "activationKind": null,
      "fixedVariables": {
        "Crash": "FALSE",
        "VehiclesAy": "{(EgoVehicle↦1.0796338319778442),(Vehicles2↦-1.0796338319778442),(Vehicles3↦-7.611279487609863),(Vehicles4↦-1.0796338319778442),(Vehicles5↦-1.0796338319778442)}",
        "Reward": "0.8660447183419508",
        "VehiclesAx": "{(EgoVehicle↦-0.023322105407714844),(Vehicles2↦-1.596142053604126),(Vehicles3↦-3.2817012071609497),(Vehicles4↦-0.9224790334701538),(Vehicles5↦-4.98221218585968)}",
        "VehiclesVx": "{(EgoVehicle↦24.976677894592285),(Vehicles2↦-5.083326697349548),(Vehicles3↦-6.443980932235718),(Vehicles4↦-3.4000062942504883),(Vehicles5↦-7.631608247756958)}",
        "VehiclesY": "{(EgoVehicle↦7.6599647998809814),(Vehicles2↦0.3400348797440529),(Vehicles3↦-4.507080316543579),(Vehicles4↦0.3400348797440529),(Vehicles5↦-3.6599650382995605)}",
        "VehiclesVy": "{(EgoVehicle↦1.0796338319778442),(Vehicles2↦-1.0796338319778442),(Vehicles3↦-7.611279487609863),(Vehicles4↦-1.0796338319778442),(Vehicles5↦-1.0796338319778442)}",
        "VehiclesX": "{(EgoVehicle↦178.069007396698),(Vehicles2↦19.347555935382843),(Vehicles3↦42.565613985061646),(Vehicles4↦66.14575386047363),(Vehicles5↦88.24179768562317)}"
      },
      "probabilisticVariables": null,
      "activating": [
        "LANE_RIGHT_3"
      ],
      "activatingOnlyWhenExecuted": true,
      "updating": null,
      "withPredicate": null
    },
    {
      "id": "LANE_RIGHT_3",
      "execute": "LANE_RIGHT",
      "after": "1000",
      "priority": 0,
      "additionalGuards": null,
      "activationKind": null,
      "fixedVariables": {
        "Crash": "FALSE",
        "VehiclesAy": "{(EgoVehicle↦-1.041519611608237),(Vehicles2↦1.041519611608237),(Vehicles3↦6.861539259552956),(Vehicles4↦1.041519611608237),(Vehicles5↦-1.1177480523474514)}",
        "Reward": "0.8666658918962077",
        "VehiclesAx": "{(EgoVehicle↦0.023293495178222656),(Vehicles2↦-0.782812237739563),(Vehicles3↦0.7258540391921997),(Vehicles4↦-0.866977870464325),(Vehicles5↦0.5001819133758545)}",
        "VehiclesVx": "{(EgoVehicle↦24.999971389770508),(Vehicles2↦-5.866138935089111),(Vehicles3↦-5.718126893043518),(Vehicles4↦-4.266984164714813),(Vehicles5↦-7.1314263343811035)}",
        "VehiclesY": "{(EgoVehicle↦7.988499641418457),(Vehicles2↦0.01150053832679987),(Vehicles3↦-7.740799427032471),(Vehicles4↦0.01150053832679987),(Vehicles5↦-3.9884995222091675)}",
        "VehiclesVy": "{(EgoVehicle↦0.03811422036960721),(Vehicles2↦-0.03811422036960721),(Vehicles3↦-0.7497402280569077),(Vehicles4↦-0.03811422036960721),(Vehicles5↦-0.03811422036960721)}",
        "VehiclesX": "{(EgoVehicle↦200.0),(Vehicles2↦13.904497027397156),(Vehicles3↦36.46438717842102),(Vehicles4↦62.26876378059387),(Vehicles5↦81.01389408111572)}"
      },
      "probabilisticVariables": null,
      "activating": [
        "SLOWER_4"
      ],
      "activatingOnlyWhenExecuted": true,
      "updating": null,
      "withPredicate": null
    },
    {
      "id": "SLOWER_4",
      "execute": "SLOWER",
      "after": "1000",
      "priority": 0,
      "additionalGuards": null,
      "activationKind": null,
      "fixedVariables": {
        "Crash": "FALSE",
        "VehiclesAy": "{(EgoVehicle↦-0.036545634939102456),(Vehicles2↦-1.9426548178307712),(Vehicles3↦0.701359580270946),(Vehicles4↦0.036545634939102456),(Vehicles5↦-0.039682805800111964)}",
        "Reward": "0.7508916307850879",
        "VehiclesAx": "{(EgoVehicle↦-4.341535568237305),(Vehicles2↦3.9539265632629395),(Vehicles3↦4.784072563052177),(Vehicles4↦4.498290345072746),(Vehicles5↦4.42415326833725)}",
        "VehiclesVx": "{(EgoVehicle↦20.658435821533203),(Vehicles2↦-1.9122123718261719),(Vehicles3↦-0.9340543299913406),(Vehicles4↦0.23130618035793304),(Vehicles5↦-2.7072730660438538)}",
        "VehiclesY": "{(EgoVehicle↦7.999458074569702),(Vehicles2↦-3.296069383621216),(Vehicles3↦-7.98329758644104),(Vehicles4↦0.0005422821996035054),(Vehicles5↦-3.999457597732544)}",
        "VehiclesVy": "{(EgoVehicle↦0.0015685854305047542),(Vehicles2↦-1.9807690382003784),(Vehicles3↦-0.04838064778596163),(Vehicles4↦-0.0015685854305047542),(Vehicles5↦-0.0015685854305047542)}",
        "VehiclesX": "{(EgoVehicle↦200.0),(Vehicles2↦9.871179610490799),(Vehicles3↦33.34438502788544),(Vehicles4↦60.470086336135864),(Vehicles5↦76.29353404045105)}"
      },
      "probabilisticVariables": null,
      "activating": [
        "FASTER_5"
      ],
      "activatingOnlyWhenExecuted": true,
      "updating": null,
      "withPredicate": null
    },
    {
      "id": "FASTER_5",
      "execute": "FASTER",
      "after": "1000",
      "priority": 0,
      "additionalGuards": null,
      "activationKind": null,
      "fixedVariables": {
        "Crash": "FALSE",
        "VehiclesAy": "{(EgoVehicle↦-0.0014927081701898715),(Vehicles2↦1.8403084482997656),(Vehicles3↦0.04534198000328615),(Vehicles4↦0.0014927081701898715),(Vehicles5↦-0.001644462690819637)}",
        "Reward": "0.8514205716125214",
        "VehiclesAx": "{(EgoVehicle↦3.76983642578125),(Vehicles2↦-3.6162418127059937),(Vehicles3↦-3.5398783534765244),(Vehicles4↦-3.7106647342443466),(Vehicles5↦-3.5457804799079895)}",
        "VehiclesVx": "{(EgoVehicle↦24.428272247314453),(Vehicles2↦-5.5284541845321655),(Vehicles3↦-4.473932683467865),(Vehicles4↦-3.4793585538864136),(Vehicles5↦-6.253053545951843)}",
        "VehiclesY": "{(EgoVehicle↦7.999977350234985),(Vehicles2↦-3.9505226612091064),(Vehicles3↦-7.998957395553589),(Vehicles4↦2.2932488718652166E-05),(Vehicles5↦-3.999977231025696)}",
        "VehiclesVy": "{(EgoVehicle↦7.587726031488273E-05),(Vehicles2↦-0.14046058990061283),(Vehicles3↦-0.003038667782675475),(Vehicles4↦-7.587726031488273E-05),(Vehicles5↦-7.587726031488273E-05)}",
        "VehiclesX": "{(EgoVehicle↦200.0),(Vehicles2↦5.987716466188431),(Vehicles3↦30.43469488620758),(Vehicles4↦58.65084528923035),(Vehicles5↦71.5895414352417)}"
      },
      "probabilisticVariables": null,
      "activating": [
        "LANE_RIGHT_6"
      ],
      "activatingOnlyWhenExecuted": true,
      "updating": null,
      "withPredicate": null
    },
    {
      "id": "LANE_RIGHT_6",
      "execute": "LANE_RIGHT",
      "after": "1000",
      "priority": 0,
      "additionalGuards": null,
      "activationKind": null,
      "fixedVariables": {
        "Crash": "FALSE",
        "VehiclesAy": "{(EgoVehicle↦-7.341240859659592E-05),(Vehicles2↦0.1306581834796816),(Vehicles3↦0.0028521706190076657),(Vehicles4↦7.341240859659592E-05),(Vehicles5↦-7.834211203316954E-05)}",
        "Reward": "0.8646589504459552",
        "VehiclesAx": "{(EgoVehicle↦0.49643754959106445),(Vehicles2↦-0.45985519886016846),(Vehicles3↦-0.38099586963653564),(Vehicles4↦-0.48661500215530396),(Vehicles5↦-0.225677490234375)}",
        "VehiclesVx": "{(EgoVehicle↦24.924709796905518),(Vehicles2↦-5.988309383392334),(Vehicles3↦-4.854928553104401),(Vehicles4↦-3.9659735560417175),(Vehicles5↦-6.478731036186218)}",
        "VehiclesY": "{(EgoVehicle↦7.999999523162842),(Vehicles2↦-3.996549367904663),(Vehicles3↦-7.999935865402222),(Vehicles4↦7.401110337923456E-07),(Vehicles5↦-3.9999994039535522)}",
        "VehiclesVy": "{(EgoVehicle↦2.464851718286809E-06),(Vehicles2↦-0.00980240642093122),(Vehicles3↦-0.00018649716366780922),(Vehicles4↦-2.464851718286809E-06),(Vehicles5↦-2.464851718286809E-06)}",
        "VehiclesX": "{(EgoVehicle↦200.0),(Vehicles2↦0.20083605777472258),(Vehicles3↦25.739726424217224),(Vehicles4↦54.904234409332275),(Vehicles5↦65.16969799995422)}"
      },
      "probabilisticVariables": null,
      "activating": [
        "SLOWER_7"
      ],
      "activatingOnlyWhenExecuted": true,
      "updating": null,
      "withPredicate": null
    },
    {
      "id": "SLOWER_7",
      "execute": "SLOWER",
      "after": "1000",
      "priority": 0,
      "additionalGuards": null,
      "activationKind": null,
      "fixedVariables": {
        "Crash": "FALSE",
        "VehiclesAy": "{(EgoVehicle↦-2.364265707655022E-06),(Vehicles2↦0.009120562608586624),(Vehicles3↦0.0001750695264490787),(Vehicles4↦2.364265707655022E-06),(Vehicles5↦-2.565437728918596E-06)}",
        "Reward": "0.7506272417596872",
        "VehiclesAx": "{(EgoVehicle↦-4.276187419891357),(Vehicles2↦4.310605376958847),(Vehicles3↦4.329389855265617),(Vehicles4↦4.262215923517942),(Vehicles5↦4.543338418006897)}",
        "VehiclesVx": "{(EgoVehicle↦20.64852237701416),(Vehicles2↦-1.677704006433487),(Vehicles3↦-0.5255386978387833),(Vehicles4↦0.2962423674762249),(Vehicles5↦-1.9353926181793213)}",
        "VehiclesY": "{(EgoVehicle↦8.000000238418579),(Vehicles2↦-3.999760150909424),(Vehicles3↦-7.999995946884155),(Vehicles4↦3.476615528796856E-08),(Vehicles5↦-4.0000001192092896)}",
        "VehiclesVy": "{(EgoVehicle↦1.0058601063178685E-07),(Vehicles2↦-0.0006818438123445958),(Vehicles3↦-1.1427637218730524E-05),(Vehicles4↦-1.0058601063178685E-07),(Vehicles5↦-1.0058601063178685E-07)}",
        "VehiclesX": "{(EgoVehicle↦200.0),(Vehicles2↦-3.4149043262004852),(Vehicles3↦23.268619179725647),(Vehicles4↦53.29291820526123),(Vehicles5↦61.15834712982178)}"
      },
      "probabilisticVariables": null,
      "activating": [
        "LANE_RIGHT_8"
      ],
      "activatingOnlyWhenExecuted": true,
      "updating": null,
      "withPredicate": null
    },
    {
      "id": "LANE_RIGHT_8",
      "execute": "LANE_RIGHT",
      "after": "1000",
      "priority": 0,
      "additionalGuards": null,
      "activationKind": null,
      "fixedVariables": {
        "Crash": "FALSE",
        "VehiclesAy": "{(EgoVehicle↦-9.441503578955235E-08),(Vehicles2↦0.0006345843621602398),(Vehicles3↦1.072705927640527E-05),(Vehicles4↦9.441503578955235E-08),(Vehicles5↦-1.0675698547402135E-07)}",
        "Reward": "0.7356107204512071",
        "VehiclesAx": "{(EgoVehicle↦-0.5631208419799805),(Vehicles2↦0.6013080477714539),(Vehicles3↦0.58350361417979),(Vehicles4↦0.538437757641077),(Vehicles5↦0.8035455644130707)}",
        "VehiclesVx": "{(EgoVehicle↦20.08540153503418),(Vehicles2↦-1.076395958662033),(Vehicles3↦0.057964916341006756),(Vehicles4↦0.8346801251173019),(Vehicles5↦-1.1318470537662506)}",
        "VehiclesY": "{(EgoVehicle↦8.000000238418579),(Vehicles2↦-3.999983310699463),(Vehicles3↦-7.999999523162842),(Vehicles4↦2.12665351995156E-09),(Vehicles5↦-4.0000001192092896)}",
        "VehiclesVy": "{(EgoVehicle↦6.1709748422345E-09),(Vehicles2↦-4.7259450184355956E-05),(Vehicles3↦-7.005779423252534E-07),(Vehicles4↦-6.1709748422345E-09),(Vehicles5↦-6.1709748422345E-09)}",
        "VehiclesX": "{(EgoVehicle↦200.0),(Vehicles2↦-4.767042025923729),(Vehicles3↦23.06372970342636),(Vehicles4↦53.89046669006348),(Vehicles5↦59.63236093521118)}"
      },
      "probabilisticVariables": null,
      "activating": [
        "FASTER_9"
      ],
      "activatingOnlyWhenExecuted": true,
      "updating": null,
      "withPredicate": null
    },
    {
      "id": "FASTER_9",
      "execute": "FASTER",
      "after": "1000",
      "priority": 0,
      "additionalGuards": null,
      "activationKind": null,
      "fixedVariables": {
        "Crash": "FALSE",
        "VehiclesAy": "{(EgoVehicle↦-5.8692428694939736E-09),(Vehicles2↦4.3997444265642116E-05),(Vehicles3↦6.577594557910516E-07),(Vehicles4↦5.8692339877097766E-09),(Vehicles5↦-6.472715696759224E-09)}",
        "Reward": "0.8494082704572233",
        "VehiclesAx": "{(EgoVehicle↦4.267408847808838),(Vehicles2↦-4.22506108880043),(Vehicles3↦-4.2640167428180575),(Vehicles4↦-4.296276494860649),(Vehicles5↦-4.0608446300029755)}",
        "VehiclesVx": "{(EgoVehicle↦24.352810382843018),(Vehicles2↦-5.301457047462463),(Vehicles3↦-4.206051826477051),(Vehicles4↦-3.461596369743347),(Vehicles5↦-5.192691683769226)}",
        "VehiclesY": "{(EgoVehicle↦8.000000238418579),(Vehicles2↦-3.999998688697815),(Vehicles3↦-8.000000238418579),(Vehicles4↦9.111378318493735E-11),(Vehicles5↦-4.0000001192092896)}",
        "VehiclesVy": "{(EgoVehicle↦3.0173197274052654E-10),(Vehicles2↦-3.2620059187138395E-06),(Vehicles3↦-4.281848653420184E-08),(Vehicles4↦-3.0174085452472355E-10),(Vehicles5↦-3.0174085452472355E-10)}",
        "VehiclesX": "{(EgoVehicle↦200.0),(Vehicles2↦-8.180943876504898),(Vehicles3↦20.76984792947769),(Vehicles4↦52.35961675643921),(Vehicles5↦56.23173713684082)}"
      },
      "probabilisticVariables": null,
      "activating": [
        "SLOWER_10"
      ],
      "activatingOnlyWhenExecuted": true,
      "updating": null,
      "withPredicate": null
    },
    {
      "id": "SLOWER_10",
      "execute": "SLOWER",
      "after": "1000",
      "priority": 0,
      "additionalGuards": null,
      "activationKind": null,
      "fixedVariables": {
        "Crash": "FALSE",
        "VehiclesAy": "{(EgoVehicle↦-2.8899549420202675E-10),(Vehicles2↦3.2593896737154182E-06),(Vehicles3↦4.280575005566334E-08),(Vehicles4↦2.8900437598622375E-10),(Vehicles5↦-6.830180865335933E-10)}",
        "Reward": "0.7486189217611708",
        "VehiclesAx": "{(EgoVehicle↦-3.779599666595459),(Vehicles2↦4.869666546583176),(Vehicles3↦4.494159817695618),(Vehicles4↦2.2221560776233673),(Vehicles5↦4.5486679673194885)}",
        "VehiclesVx": "{(EgoVehicle↦20.57321071624756),(Vehicles2↦-0.4317905008792877),(Vehicles3↦0.2881079912185669),(Vehicles4↦-1.2394402921199799),(Vehicles5↦-0.6440237164497375)}",
        "VehiclesY": "{(EgoVehicle↦8.000000238418579),(Vehicles2↦-8.000000238418579),(Vehicles3↦4.3938186422565195E-12),(Vehicles4↦-4.0000001192092896),(Vehicles5↦-8.000000238418579)}",
        "VehiclesVy": "{(EgoVehicle↦1.2736478538499796E-11),(Vehicles2↦-2.61624499842128E-09),(Vehicles3↦-1.2736478538499796E-11),(Vehicles4↦-1.2736478538499796E-11),(Vehicles5↦-3.8127723200886976E-10)}",
        "VehiclesX": "{(EgoVehicle↦200.0),(Vehicles2↦18.647198379039764),(Vehicles3↦50.97112059593201),(Vehicles4↦53.19604277610779),(Vehicles5↦93.19130182266235)}"
      },
      "probabilisticVariables": null,
      "activating": [
        "SLOWER_11"
      ],
      "activatingOnlyWhenExecuted": true,
      "updating": null,
      "withPredicate": null
    },
    {
      "id": "SLOWER_11",
      "execute": "SLOWER",
      "after": "1000",
      "priority": 0,
      "additionalGuards": null,
      "activationKind": null,
      "fixedVariables": {
        "Crash": "FALSE",
        "VehiclesAy": "{(EgoVehicle↦-1.1954881529163686E-11),(Vehicles2↦2.4559021483128163E-09),(Vehicles3↦1.1954881529163686E-11),(Vehicles4↦1.1954881529163686E-11),(Vehicles5↦-4.0519587685139413E-10)}",
        "Reward": "0.7353462503279456",
        "VehiclesAx": "{(EgoVehicle↦-0.4977273941040039),(Vehicles2↦0.48788334242999554),(Vehicles3↦0.4682782292366028),(Vehicles4↦0.6427054107189178),(Vehicles5↦0.4638851433992386)}",
        "VehiclesVx": "{(EgoVehicle↦20.075483322143555),(Vehicles2↦0.05609284155070782),(Vehicles3↦0.7563862204551697),(Vehicles4↦-0.596734881401062),(Vehicles5↦-0.18013857305049896)}",
        "VehiclesY": "{(EgoVehicle↦8.000000238418579),(Vehicles2↦-8.000000238418579),(Vehicles3↦2.6911806116913795E-13),(Vehicles4↦-4.0000001192092896),(Vehicles5↦-8.000000238418579)}",
        "VehiclesVy": "{(EgoVehicle↦7.815970093361102E-13),(Vehicles2↦-1.603428501084636E-10),(Vehicles3↦-7.815970093361102E-13),(Vehicles4↦-7.815970093361102E-13),(Vehicles5↦-2.3918644842524373E-11)}",
        "VehiclesX": "{(EgoVehicle↦200.0),(Vehicles2↦18.486298620700836),(Vehicles3↦51.52195692062378),(Vehicles4↦52.29126214981079),(Vehicles5↦92.80792474746704)}"
      },
      "probabilisticVariables": null,
      "activating": [
        "SLOWER_12"
      ],
      "activatingOnlyWhenExecuted": true,
      "updating": null,
      "withPredicate": null
    },
    {
      "id": "SLOWER_12",
      "execute": "SLOWER",
      "after": "1000",
      "priority": 0,
      "additionalGuards": null,
      "activationKind": null,
      "fixedVariables": {
        "Crash": "FALSE",
        "VehiclesAy": "{(EgoVehicle↦-7.460698725481052E-13),(Vehicles2↦1.5051071500238322E-10),(Vehicles3↦7.371880883511039E-13),(Vehicles4↦7.371880883511039E-13),(Vehicles5↦-2.5428548156014585E-11)}",
        "Reward": "0.7335984088223357",
        "VehiclesAx": "{(EgoVehicle↦-0.06554365158081055),(Vehicles2↦0.053334878757596016),(Vehicles3↦-1.1662718281149864),(Vehicles4↦1.3903272151947021),(Vehicles5↦0.03583463840186596)}",
        "VehiclesVx": "{(EgoVehicle↦20.009939670562744),(Vehicles2↦0.10942772030830383),(Vehicles3↦-0.40988560765981674),(Vehicles4↦0.7935923337936401),(Vehicles5↦-0.144303934648633)}",
        "VehiclesY": "{(EgoVehicle↦8.000000238418579),(Vehicles2↦-8.000000238418579),(Vehicles3↦-4.0000001192092896),(Vehicles4↦1.865174681370263E-14),(Vehicles5↦-8.000000238418579)}",
        "VehiclesVy": "{(EgoVehicle↦3.552713678800501E-14),(Vehicles2↦-9.832135106080386E-12),(Vehicles3↦-4.440892098500626E-14),(Vehicles4↦-4.440892098500626E-14),(Vehicles5↦-1.5099033134902129E-12)}",
        "VehiclesX": "{(EgoVehicle↦200.0),(Vehicles2↦18.573802709579468),(Vehicles3↦51.780903339385986),(Vehicles4↦52.30305790901184),(Vehicles5↦92.65177845954895)}"
      },
      "probabilisticVariables": null,
      "activating": [
        "FASTER_13"
      ],
      "activatingOnlyWhenExecuted": true,
      "updating": null,
      "withPredicate": null
    },
    {
      "id": "FASTER_13",
      "execute": "FASTER",
      "after": "1000",
      "priority": 0,
      "additionalGuards": null,
      "activationKind": null,
      "fixedVariables": {
        "Crash": "FALSE",
        "VehiclesAy": "{(EgoVehicle↦-3.552713678800501E-14),(Vehicles2↦9.237055564881302E-12),(Vehicles3↦4.440892098500626E-14),(Vehicles4↦4.440892098500626E-14),(Vehicles5↦-1.6076029396572267E-12)}",
        "Reward": "0.8491432746871662",
        "VehiclesAx": "{(EgoVehicle↦4.33293342590332),(Vehicles2↦-4.346431940793991),(Vehicles3↦-4.230698086321354),(Vehicles4↦-4.359886944293976),(Vehicles5↦-4.359586639329791)}",
        "VehiclesVx": "{(EgoVehicle↦24.342873096466064),(Vehicles2↦-4.237004220485687),(Vehicles3↦-4.640583693981171),(Vehicles4↦-3.5662946105003357),(Vehicles5↦-4.503890573978424)}",
        "VehiclesY": "{(EgoVehicle↦8.000000238418579),(Vehicles2↦-8.000000238418579),(Vehicles3↦-4.0000001192092896),(Vehicles4↦0.0),(Vehicles5↦-8.000000238418579)}",
        "VehiclesVy": "{(EgoVehicle↦0.0),(Vehicles2↦-5.950795411990839E-13),(Vehicles3↦0.0),(Vehicles4↦0.0),(Vehicles5↦-9.769962616701378E-14)}",
        "VehiclesX": "{(EgoVehicle↦200.0),(Vehicles2↦16.287605464458466),(Vehicles3↦49.02297556400299),(Vehicles4↦50.6954550743103),(Vehicles5↦90.10629653930664)}"
      },
      "probabilisticVariables": null,
      "activating": [
        "SLOWER_14"
      ],
      "activatingOnlyWhenExecuted": true,
      "updating": null,
      "withPredicate": null
    },
    {
      "id": "SLOWER_14",
      "execute": "SLOWER",
      "after": "1000",
      "priority": 0,
      "additionalGuards": null,
      "activationKind": null,
      "fixedVariables": {
        "Crash": "FALSE",
        "VehiclesAy": "{(EgoVehicle↦0.0),(Vehicles2↦5.684341886080801E-13),(Vehicles3↦0.0),(Vehicles4↦0.0),(Vehicles5↦-1.1546319456101628E-13)}",
        "Reward": "0.7485840251988587",
        "VehiclesAx": "{(EgoVehicle↦-3.7709712982177734),(Vehicles2↦3.756737858057022),(Vehicles3↦3.8579614460468292),(Vehicles4↦3.745501432567835),(Vehicles5↦3.746814504265785)}",
        "VehiclesVx": "{(EgoVehicle↦20.57190179824829),(Vehicles2↦-0.48026636242866516),(Vehicles3↦-0.7826222479343414),(Vehicles4↦0.17920682206749916),(Vehicles5↦-0.7570760697126389)}",
        "VehiclesY": "{(EgoVehicle↦8.000000238418579),(Vehicles2↦-8.000000238418579),(Vehicles3↦-4.0000001192092896),(Vehicles4↦0.0),(Vehicles5↦-8.000000238418579)}",
        "VehiclesVy": "{(EgoVehicle↦0.0),(Vehicles2↦-2.6645352591003757E-14),(Vehicles3↦0.0),(Vehicles4↦0.0),(Vehicles5↦-1.7763568394002505E-14)}",
        "VehiclesX": "{(EgoVehicle↦200.0),(Vehicles2↦14.125241339206696),(Vehicles3↦46.49856388568878),(Vehicles4↦49.1991400718689),(Vehicles5↦87.67284750938416)}"
      },
      "probabilisticVariables": null,
      "activating": [
        "FASTER_15"
      ],
      "activatingOnlyWhenExecuted": true,
      "updating": null,
      "withPredicate": null
    },
    {
      "id": "FASTER_15",
      "execute": "FASTER",
      "after": "1000",
      "priority": 0,
      "additionalGuards": null,
      "activationKind": null,
      "fixedVariables": {
        "Crash": "FALSE",
        "VehiclesAy": "{(EgoVehicle↦0.0),(Vehicles2↦2.6645352591003757E-14),(Vehicles3↦0.0),(Vehicles4↦0.0),(Vehicles5↦-1.7763568394002505E-14)}",
        "Reward": "0.8511166891894245",
        "VehiclesAx": "{(EgoVehicle↦3.8449740409851074),(Vehicles2↦-3.859637528657913),(Vehicles3↦-3.770211786031723),(Vehicles4↦-3.868934903293848),(Vehicles5↦-3.8668883591890335)}",
        "VehiclesVx": "{(EgoVehicle↦24.4168758392334),(Vehicles2↦-4.339903891086578),(Vehicles3↦-4.5528340339660645),(Vehicles4↦-3.689728081226349),(Vehicles5↦-4.623964428901672)}",
        "VehiclesY": "{(EgoVehicle↦8.000000238418579),(Vehicles2↦-8.000000238418579),(Vehicles3↦-4.0000001192092896),(Vehicles4↦0.0),(Vehicles5↦-8.000000238418579)}",
        "VehiclesVy": "{(EgoVehicle↦0.0),(Vehicles2↦0.0),(Vehicles3↦0.0),(Vehicles4↦0.0),(Vehicles5↦0.0)}",
        "VehiclesX": "{(EgoVehicle↦200.0),(Vehicles2↦11.518021672964096),(Vehicles3↦43.625608086586),(Vehicles4↦47.24752902984619),(Vehicles5↦84.78571772575378)}"
      },
      "probabilisticVariables": null,
      "activating": [
        "SLOWER_16"
      ],
      "activatingOnlyWhenExecuted": true,
      "updating": null,
      "withPredicate": null
    },
    {
      "id": "SLOWER_16",
      "execute": "SLOWER",
      "after": "1000",
      "priority": 0,
      "additionalGuards": null,
      "activationKind": null,
      "fixedVariables": {
        "Crash": "FALSE",
        "VehiclesAy": "{(EgoVehicle↦0.0),(Vehicles2↦0.0),(Vehicles3↦0.0),(Vehicles4↦0.0),(Vehicles5↦0.0)}",
        "Reward": "0.7488438987135594",
        "VehiclesAx": "{(EgoVehicle↦-3.8352298736572266),(Vehicles2↦3.8203294202685356),(Vehicles3↦3.900088518857956),(Vehicles4↦3.812776142731309),(Vehicles5↦3.8154716044664383)}",
        "VehiclesVx": "{(EgoVehicle↦20.581645965576172),(Vehicles2↦-0.5195744708180428),(Vehicles3↦-0.6527455151081085),(Vehicles4↦0.12304806150496006),(Vehicles5↦-0.8084928244352341)}",
        "VehiclesY": "{(EgoVehicle↦8.000000238418579),(Vehicles2↦-8.000000238418579),(Vehicles3↦-4.0000001192092896),(Vehicles4↦0.0),(Vehicles5↦-8.000000238418579)}",
        "VehiclesVy": "{(EgoVehicle↦0.0),(Vehicles2↦0.0),(Vehicles3↦0.0),(Vehicles4↦0.0),(Vehicles5↦0.0)}",
        "VehiclesX": "{(EgoVehicle↦200.0),(Vehicles2↦9.287908673286438),(Vehicles3↦41.21516942977905),(Vehicles4↦45.664435625076294),(Vehicles5↦82.2694182395935)}"
      },
      "probabilisticVariables": null,
      "activating": [
        "SLOWER_17"
      ],
      "activatingOnlyWhenExecuted": true,
      "updating": null,
      "withPredicate": null
    },
    {
      "id": "SLOWER_17",
      "execute": "SLOWER",
      "after": "1000",
      "priority": 0,
      "additionalGuards": null,
      "activationKind": null,
      "fixedVariables": {
        "Crash": "FALSE",
        "VehiclesAy": "{(EgoVehicle↦0.0),(Vehicles2↦0.0),(Vehicles3↦0.0),(Vehicles4↦0.0),(Vehicles5↦0.0)}",
        "Reward": "0.735375876922499",
        "VehiclesAx": "{(EgoVehicle↦-0.5050516128540039),(Vehicles2↦0.4900516336783767),(Vehicles3↦0.5617744382470846),(Vehicles4↦0.48408872447907925),(Vehicles5↦0.4874364286661148)}",
        "VehiclesVx": "{(EgoVehicle↦20.076594352722168),(Vehicles2↦-0.02952283713966608),(Vehicles3↦-0.0909710768610239),(Vehicles4↦0.6071367859840393),(Vehicles5↦-0.32105639576911926)}",
        "VehiclesY": "{(EgoVehicle↦8.000000238418579),(Vehicles2↦-8.000000238418579),(Vehicles3↦-4.0000001192092896),(Vehicles4↦0.0),(Vehicles5↦-8.000000238418579)}",
        "VehiclesVy": "{(EgoVehicle↦0.0),(Vehicles2↦0.0),(Vehicles3↦0.0),(Vehicles4↦0.0),(Vehicles5↦0.0)}",
        "VehiclesX": "{(EgoVehicle↦200.0),(Vehicles2↦9.04095396399498),(Vehicles3↦40.86432158946991),(Vehicles4↦46.05759680271149),(Vehicles5↦81.73232078552246)}"
      },
      "probabilisticVariables": null,
      "activating": [
        "FASTER_18"
      ],
      "activatingOnlyWhenExecuted": true,
      "updating": null,
      "withPredicate": null
    },
    {
      "id": "FASTER_18",
      "execute": "FASTER",
      "after": "1000",
      "priority": 0,
      "additionalGuards": null,
      "activationKind": null,
      "fixedVariables": {
        "Crash": "FALSE",
        "VehiclesAy": "{(EgoVehicle↦0.0),(Vehicles2↦0.0),(Vehicles3↦0.0),(Vehicles4↦0.0),(Vehicles5↦0.0)}",
        "Reward": "0.8493773445604388",
        "VehiclesAx": "{(EgoVehicle↦4.275054931640625),(Vehicles2↦-4.2900370946154),(Vehicles3↦-4.225115990266204),(Vehicles4↦-4.2945462465286255),(Vehicles5↦-4.29051473736763)}",
        "VehiclesVx": "{(EgoVehicle↦24.351649284362793),(Vehicles2↦-4.319559931755066),(Vehicles3↦-4.316087067127228),(Vehicles4↦-3.687409460544586),(Vehicles5↦-4.611571133136749)}",
        "VehiclesY": "{(EgoVehicle↦8.000000238418579),(Vehicles2↦-8.000000238418579),(Vehicles3↦-4.0000001192092896),(Vehicles4↦0.0),(Vehicles5↦-8.000000238418579)}",
        "VehiclesVy": "{(EgoVehicle↦0.0),(Vehicles2↦0.0),(Vehicles3↦0.0),(Vehicles4↦0.0),(Vehicles5↦0.0)}",
        "VehiclesX": "{(EgoVehicle↦200.0),(Vehicles2↦6.647060811519623),(Vehicles3↦38.43545317649841),(Vehicles4↦44.29844915866852),(Vehicles5↦79.04653549194336)}"
      },
      "probabilisticVariables": null,
      "activating": [
        "SLOWER_19"
      ],
      "activatingOnlyWhenExecuted": true,
      "updating": null,
      "withPredicate": null
    },
    {
      "id": "SLOWER_19",
      "execute": "SLOWER",
      "after": "1000",
      "priority": 0,
      "additionalGuards": null,
      "activationKind": null,
      "fixedVariables": {
        "Crash": "FALSE",
        "VehiclesAy": "{(EgoVehicle↦0.0),(Vehicles2↦0.0),(Vehicles3↦0.0),(Vehicles4↦0.0),(Vehicles5↦0.0)}",
        "Reward": "0.748614849215092",
        "VehiclesAx": "{(EgoVehicle↦-3.7785935401916504),(Vehicles2↦3.763733208179474),(Vehicles3↦3.822788894176483),(Vehicles4↦3.760549398139119),(Vehicles5↦3.765295222401619)}",
        "VehiclesVx": "{(EgoVehicle↦20.573055744171143),(Vehicles2↦-0.555826723575592),(Vehicles3↦-0.49329817295074463),(Vehicles4↦0.07313993759453297),(Vehicles5↦-0.8462759107351303)}",
        "VehiclesY": "{(EgoVehicle↦8.000000238418579),(Vehicles2↦-8.000000238418579),(Vehicles3↦-4.0000001192092896),(Vehicles4↦0.0),(Vehicles5↦-8.000000238418579)}",
        "VehiclesVy": "{(EgoVehicle↦0.0),(Vehicles2↦0.0),(Vehicles3↦0.0),(Vehicles4↦0.0),(Vehicles5↦0.0)}",
        "VehiclesX": "{(EgoVehicle↦200.0),(Vehicles2↦4.4060371816158295),(Vehicles3↦36.22196316719055),(Vehicles4↦42.68820285797119),(Vehicles5↦76.51396989822388)}"
      },
      "probabilisticVariables": null,
      "activating": [
        "SLOWER_20"
      ],
      "activatingOnlyWhenExecuted": true,
      "updating": null,
      "withPredicate": null
    },
    {
      "id": "SLOWER_20",
      "execute": "SLOWER",
      "after": "1000",
      "priority": 0,
      "additionalGuards": null,
      "activationKind": null,
      "fixedVariables": {
        "Crash": "FALSE",
        "VehiclesAy": "{(EgoVehicle↦0.0),(Vehicles2↦0.0),(Vehicles3↦0.0),(Vehicles4↦0.0),(Vehicles5↦-1.7763568394002505E-14)}",
        "Reward": "0.7353457140255814",
        "VehiclesAx": "{(EgoVehicle↦-0.497591495513916),(Vehicles2↦0.48295197542756796),(Vehicles3↦0.5368570890277624),(Vehicles4↦0.48096789978444576),(Vehicles5↦0.48644352704286575)}",
        "VehiclesVx": "{(EgoVehicle↦20.075464248657227),(Vehicles2↦-0.07287474814802408),(Vehicles3↦0.043558916077017784),(Vehicles4↦0.5541078373789787),(Vehicles5↦-0.35983238369226456)}",
        "VehiclesY": "{(EgoVehicle↦8.000000238418579),(Vehicles2↦-8.000000238418579),(Vehicles3↦-4.0000001192092896),(Vehicles4↦0.0),(Vehicles5↦-8.000000238418579)}",
        "VehiclesVy": "{(EgoVehicle↦0.0),(Vehicles2↦0.0),(Vehicles3↦0.0),(Vehicles4↦0.0),(Vehicles5↦-1.7763568394002505E-14)}",
        "VehiclesX": "{(EgoVehicle↦200.0),(Vehicles2↦4.118834063410759),(Vehicles3↦36.01923584938049),(Vehicles4↦43.02908182144165),(Vehicles5↦75.93756318092346)}"
      },
      "probabilisticVariables": null,
      "activating": [
        "SLOWER_21"
      ],
      "activatingOnlyWhenExecuted": true,
      "updating": null,
      "withPredicate": null
    },
    {
      "id": "SLOWER_21",
      "execute": "SLOWER",
      "after": "1000",
      "priority": 0,
      "additionalGuards": null,
      "activationKind": null,
      "fixedVariables": {
        "Crash": "FALSE",
        "VehiclesAy": "{(EgoVehicle↦0.0),(Vehicles2↦0.0),(Vehicles3↦0.0),(Vehicles4↦0.0),(Vehicles5↦-1.7763568394002505E-14)}",
        "Reward": "0.7335983381981562",
        "VehiclesAx": "{(EgoVehicle↦-0.06552696228027344),(Vehicles2↦0.05119753535836935),(Vehicles3↦0.10050714015960693),(Vehicles4↦0.05029018968343735),(Vehicles5↦0.056492798030376434)}",
        "VehiclesVx": "{(EgoVehicle↦20.009937286376953),(Vehicles2↦-0.021677212789654732),(Vehicles3↦0.14406605623662472),(Vehicles4↦0.6043980270624161),(Vehicles5↦-0.3033395856618881)}",
        "VehiclesY": "{(EgoVehicle↦8.000000238418579),(Vehicles2↦-8.000000238418579),(Vehicles3↦-4.0000001192092896),(Vehicles4↦0.0),(Vehicles5↦-8.000000238418579)}",
        "VehiclesVy": "{(EgoVehicle↦0.0),(Vehicles2↦0.0),(Vehicles3↦0.0),(Vehicles4↦0.0),(Vehicles5↦0.0)}",
        "VehiclesX": "{(EgoVehicle↦200.0),(Vehicles2↦4.076347500085831),(Vehicles3↦36.113256216049194),(Vehicles4↦43.61313283443451),(Vehicles5↦75.61010122299194)}"
      },
      "probabilisticVariables": null,
      "activating": [
        "SLOWER_22"
      ],
      "activatingOnlyWhenExecuted": true,
      "updating": null,
      "withPredicate": null
    },
    {
      "id": "SLOWER_22",
      "execute": "SLOWER",
      "after": "1000",
      "priority": 0,
      "additionalGuards": null,
      "activationKind": null,
      "fixedVariables": {
        "Crash": "FALSE",
        "VehiclesAy": "{(EgoVehicle↦0.0),(Vehicles2↦0.0),(Vehicles3↦0.0),(Vehicles4↦0.0),(Vehicles5↦0.0)}",
        "Reward": "0.73336823109331",
        "VehiclesAx": "{(EgoVehicle↦-0.008628368377685547),(Vehicles2↦-0.005302904173731804),(Vehicles3↦0.039849625900387764),(Vehicles4↦-0.005254410207271576),(Vehicles5↦0.0016540847718715668)}",
        "VehiclesVx": "{(EgoVehicle↦20.001308917999268),(Vehicles2↦-0.026980116963386536),(Vehicles3↦0.18391568213701248),(Vehicles4↦0.5991436168551445),(Vehicles5↦-0.30168550089001656)}",
        "VehiclesY": "{(EgoVehicle↦8.000000238418579),(Vehicles2↦-8.000000238418579),(Vehicles3↦-4.0000001192092896),(Vehicles4↦0.0),(Vehicles5↦-8.000000238418579)}",
        "VehiclesVy": "{(EgoVehicle↦0.0),(Vehicles2↦0.0),(Vehicles3↦0.0),(Vehicles4↦0.0),(Vehicles5↦0.0)}",
        "VehiclesX": "{(EgoVehicle↦200.0),(Vehicles2↦4.053822904825211),(Vehicles3↦36.274853348731995),(Vehicles4↦44.21662986278534),(Vehicles5↦75.30856728553772)}"
      },
      "probabilisticVariables": null,
      "activating": [
        "SLOWER_23"
      ],
      "activatingOnlyWhenExecuted": true,
      "updating": null,
      "withPredicate": null
    },
    {
      "id": "SLOWER_23",
      "execute": "SLOWER",
      "after": "1000",
      "priority": 0,
      "additionalGuards": null,
      "activationKind": null,
      "fixedVariables": {
        "Crash": "FALSE",
        "VehiclesAy": "{(EgoVehicle↦0.0),(Vehicles2↦0.0),(Vehicles3↦0.0),(Vehicles4↦0.0),(Vehicles5↦0.0)}",
        "Reward": "0.7333379289231244",
        "VehiclesAx": "{(EgoVehicle↦-0.0011372566223144531),(Vehicles2↦-0.0123197166249156),(Vehicles3↦0.029029641300439835),(Vehicles4↦-0.011433437466621399),(Vehicles5↦-0.003855377435684204)}",
        "VehiclesVx": "{(EgoVehicle↦20.000171661376953),(Vehicles2↦-0.039299833588302135),(Vehicles3↦0.21294532343745232),(Vehicles4↦0.5877101793885231),(Vehicles5↦-0.30554087832570076)}",
        "VehiclesY": "{(EgoVehicle↦8.000000238418579),(Vehicles2↦-8.000000238418579),(Vehicles3↦-4.0000001192092896),(Vehicles4↦0.0),(Vehicles5↦-8.000000238418579)}",
        "VehiclesVy": "{(EgoVehicle↦0.0),(Vehicles2↦0.0),(Vehicles3↦0.0),(Vehicles4↦0.0),(Vehicles5↦0.0)}",
        "VehiclesX": "{(EgoVehicle↦200.0),(Vehicles2↦4.0220461785793304),(Vehicles3↦36.47080361843109),(Vehicles4↦44.811269640922546),(Vehicles5↦75.00535845756531)}"
      },
      "probabilisticVariables": null,
      "activating": [
        "FASTER_24"
      ],
      "activatingOnlyWhenExecuted": true,
      "updating": null,
      "withPredicate": null
    },
    {
      "id": "FASTER_24",
      "execute": "FASTER",
      "after": "1000",
      "priority": 0,
      "additionalGuards": null,
      "activationKind": null,
      "fixedVariables": {
        "Crash": "FALSE",
        "VehiclesAy": "{(EgoVehicle↦0.0),(Vehicles2↦0.0),(Vehicles3↦0.0),(Vehicles4↦0.0),(Vehicles5↦0.0)}",
        "Reward": "0.8491089728074348",
        "VehiclesAx": "{(EgoVehicle↦4.341413974761963),(Vehicles2↦-4.354323041625321),(Vehicles3↦-4.316484611481428),(Vehicles4↦-4.352712966501713),(Vehicles5↦-4.344513695687056)}",
        "VehiclesVx": "{(EgoVehicle↦24.341585636138916),(Vehicles2↦-4.393622875213623),(Vehicles3↦-4.103539288043976),(Vehicles4↦-3.7650027871131897),(Vehicles5↦-4.650054574012756)}",
        "VehiclesY": "{(EgoVehicle↦8.000000238418579),(Vehicles2↦-8.000000238418579),(Vehicles3↦-4.0000001192092896),(Vehicles4↦0.0),(Vehicles5↦-8.000000238418579)}",
        "VehiclesVy": "{(EgoVehicle↦0.0),(Vehicles2↦0.0),(Vehicles3↦0.0),(Vehicles4↦0.0),(Vehicles5↦0.0)}",
        "VehiclesX": "{(EgoVehicle↦200.0),(Vehicles2↦1.5825571492314339),(Vehicles3↦34.29896533489227),(Vehicles4↦42.99938082695007),(Vehicles5↦72.30345010757446)}"
      },
      "probabilisticVariables": null,
      "activating": [
        "SLOWER_25"
      ],
      "activatingOnlyWhenExecuted": true,
      "updating": null,
      "withPredicate": null
    },
    {
      "id": "SLOWER_25",
      "execute": "SLOWER",
      "after": "1000",
      "priority": 0,
      "additionalGuards": null,
      "activationKind": null,
      "fixedVariables": {
        "Crash": "FALSE",
        "VehiclesAy": "{(EgoVehicle↦0.0),(Vehicles2↦-1.7763568394002505E-14),(Vehicles3↦0.0),(Vehicles4↦0.0),(Vehicles5↦0.0)}",
        "Reward": "0.748579508078894",
        "VehiclesAx": "{(EgoVehicle↦-3.769853115081787),(Vehicles2↦3.757556825876236),(Vehicles3↦3.7921315245330334),(Vehicles4↦3.7597805925179273),(Vehicles5↦3.7685445696115494)}",
        "VehiclesVx": "{(EgoVehicle↦20.57173252105713),(Vehicles2↦-0.6360660493373871),(Vehicles3↦-0.31140776351094246),(Vehicles4↦-0.005222194595262408),(Vehicles5↦-0.881510004401207)}",
        "VehiclesY": "{(EgoVehicle↦8.000000238418579),(Vehicles2↦-8.000000238418579),(Vehicles3↦-4.0000001192092896),(Vehicles4↦0.0),(Vehicles5↦-8.000000238418579)}",
        "VehiclesVy": "{(EgoVehicle↦0.0),(Vehicles2↦-1.7763568394002505E-14),(Vehicles3↦0.0),(Vehicles4↦0.0),(Vehicles5↦0.0)}",
        "VehiclesX": "{(EgoVehicle↦200.0),(Vehicles2↦-0.7363626267760992),(Vehicles3↦32.28421211242676),(Vehicles4↦41.30992591381073),(Vehicles5↦69.73240375518799)}"
      },
      "probabilisticVariables": null,
      "activating": [
        "SLOWER_26"
      ],
      "activatingOnlyWhenExecuted": true,
      "updating": null,
      "withPredicate": null
    },
    {
      "id": "SLOWER_26",
      "execute": "SLOWER",
      "after": "1000",
      "priority": 0,
      "additionalGuards": null,
      "activationKind": null,
      "fixedVariables": {
        "Crash": "FALSE",
        "VehiclesAy": "{(EgoVehicle↦0.0),(Vehicles2↦1.7763568394002505E-14),(Vehicles3↦0.0),(Vehicles4↦0.0),(Vehicles5↦0.0)}",
        "Reward": "0.7353410600487981",
        "VehiclesAx": "{(EgoVehicle↦-0.4964423179626465),(Vehicles2↦0.48480987548828125),(Vehicles3↦0.5163342133164406),(Vehicles4↦0.487543762428686),(Vehicles5↦0.49681026488542557)}",
        "VehiclesVx": "{(EgoVehicle↦20.075290203094482),(Vehicles2↦-0.15125617384910583),(Vehicles3↦0.20492644980549812),(Vehicles4↦0.4823215678334236),(Vehicles5↦-0.3846997395157814)}",
        "VehiclesY": "{(EgoVehicle↦8.000000238418579),(Vehicles2↦-8.000000238418579),(Vehicles3↦-4.0000001192092896),(Vehicles4↦0.0),(Vehicles5↦-8.000000238418579)}",
        "VehiclesVy": "{(EgoVehicle↦0.0),(Vehicles2↦0.0),(Vehicles3↦0.0),(Vehicles4↦0.0),(Vehicles5↦0.0)}",
        "VehiclesX": "{(EgoVehicle↦200.0),(Vehicles2↦-1.1032702401280403),(Vehicles3↦32.25480914115906),(Vehicles4↦41.5749192237854),(Vehicles5↦69.1247820854187)}"
      },
      "probabilisticVariables": null,
      "activating": [
        "FASTER_27"
      ],
      "activatingOnlyWhenExecuted": true,
      "updating": null,
      "withPredicate": null
    },
    {
      "id": "FASTER_27",
      "execute": "FASTER",
      "after": "1000",
      "priority": 0,
      "additionalGuards": null,
      "activationKind": null,
      "fixedVariables": {
        "Crash": "FALSE",
        "VehiclesAy": "{(EgoVehicle↦0.0),(Vehicles2↦0.0),(Vehicles3↦0.0),(Vehicles4↦0.0),(Vehicles5↦0.0)}",
        "Reward": "0.8493727596223383",
        "VehiclesAx": "{(EgoVehicle↦4.276187419891357),(Vehicles2↦-4.287106841802597),(Vehicles3↦-4.258444327861071),(Vehicles4↦-4.283961243927479),(Vehicles5↦-4.2742567881941795)}",
        "VehiclesVx": "{(EgoVehicle↦24.35147762298584),(Vehicles2↦-4.438363015651703),(Vehicles3↦-4.0535178780555725),(Vehicles4↦-3.801639676094055),(Vehicles5↦-4.658956527709961)}",
        "VehiclesY": "{(EgoVehicle↦8.000000238418579),(Vehicles2↦-8.000000238418579),(Vehicles3↦-4.0000001192092896),(Vehicles4↦0.0),(Vehicles5↦-8.000000238418579)}",
        "VehiclesVy": "{(EgoVehicle↦0.0),(Vehicles2↦0.0),(Vehicles3↦0.0),(Vehicles4↦0.0),(Vehicles5↦0.0)}",
        "VehiclesX": "{(EgoVehicle↦200.0),(Vehicles2↦-3.6179494112730026),(Vehicles3↦30.107998847961426),(Vehicles4↦39.69504535198212),(Vehicles5↦66.38173460960388)}"
      },
      "probabilisticVariables": null,
      "activating": [
        "SLOWER_28"
      ],
      "activatingOnlyWhenExecuted": true,
      "updating": null,
      "withPredicate": null
    },
    {
      "id": "SLOWER_28",
      "execute": "SLOWER",
      "after": "1000",
      "priority": 0,
      "additionalGuards": null,
      "activationKind": null,
      "fixedVariables": {
        "Crash": "FALSE",
        "VehiclesAy": "{(EgoVehicle↦0.0),(Vehicles2↦0.0),(Vehicles3↦0.0),(Vehicles4↦0.0),(Vehicles5↦0.0)}",
        "Reward": "0.7486142454372352",
        "VehiclesAx": "{(EgoVehicle↦-3.7784433364868164),(Vehicles2↦3.768279328942299),(Vehicles3↦3.794249538332224),(Vehicles4↦3.7717456510290504),(Vehicles5↦3.7818224728107452)}",
        "VehiclesVx": "{(EgoVehicle↦20.573034286499023),(Vehicles2↦-0.670083686709404),(Vehicles3↦-0.2592683397233486),(Vehicles4↦-0.029894025065004826),(Vehicles5↦-0.8771340548992157)}",
        "VehiclesY": "{(EgoVehicle↦8.000000238418579),(Vehicles2↦-8.000000238418579),(Vehicles3↦-4.0000001192092896),(Vehicles4↦0.0),(Vehicles5↦-8.000000238418579)}",
        "VehiclesVy": "{(EgoVehicle↦0.0),(Vehicles2↦0.0),(Vehicles3↦0.0),(Vehicles4↦0.0),(Vehicles5↦0.0)}",
        "VehiclesX": "{(EgoVehicle↦200.0),(Vehicles2↦-5.9760283678770065),(Vehicles3↦28.145363926887512),(Vehicles4↦37.97505497932434),(Vehicles5↦63.80842924118042)}"
      },
      "probabilisticVariables": null,
      "activating": [
        "LANE_RIGHT_29"
      ],
      "activatingOnlyWhenExecuted": true,
      "updating": null,
      "withPredicate": null
    },
    {
      "id": "LANE_RIGHT_29",
      "execute": "LANE_RIGHT",
      "after": "1000",
      "priority": 0,
      "additionalGuards": null,
      "activationKind": null,
      "fixedVariables": {
        "Crash": "FALSE",
        "VehiclesAy": "{(EgoVehicle↦0.0),(Vehicles2↦0.0),(Vehicles3↦0.0),(Vehicles4↦0.0),(Vehicles5↦0.0)}",
        "Reward": "0.7353456345157401",
        "VehiclesAx": "{(EgoVehicle↦-0.4975724220275879),(Vehicles2↦0.4881930351257324),(Vehicles3↦0.5116263590753078),(Vehicles4↦0.4918953264132142),(Vehicles5↦0.50228051841259)}",
        "VehiclesVx": "{(EgoVehicle↦20.075461864471436),(Vehicles2↦-0.18189065158367157),(Vehicles3↦0.25235801935195923),(Vehicles4↦0.4620013013482094),(Vehicles5↦-0.37485353648662567)}",
        "VehiclesY": "{(EgoVehicle↦8.000000238418579),(Vehicles2↦-8.000000238418579),(Vehicles3↦-4.0000001192092896),(Vehicles4↦0.0),(Vehicles5↦-8.000000238418579)}",
        "VehiclesVy": "{(EgoVehicle↦0.0),(Vehicles2↦0.0),(Vehicles3↦0.0),(Vehicles4↦0.0),(Vehicles5↦0.0)}",
        "VehiclesX": "{(EgoVehicle↦200.0),(Vehicles2↦-6.37543722987175),(Vehicles3↦28.166338801383972),(Vehicles4↦38.21730017662048),(Vehicles5↦63.20756673812866)}"
      },
      "probabilisticVariables": null,
      "activating": [
        "LANE_LEFT_30"
      ],
      "activatingOnlyWhenExecuted": true,
      "updating": null,
      "withPredicate": null
    },
    {
      "id": "LANE_LEFT_30",
      "execute": "LANE_LEFT",
      "after": "1000",
      "priority": 0,
      "additionalGuards": null,
      "activationKind": null,
      "fixedVariables": {
        "Crash": "FALSE",
        "VehiclesAy": "{(EgoVehicle↦-1.147223636507988),(Vehicles2↦1.147223636507988),(Vehicles3↦1.147223636507988),(Vehicles4↦1.147223636507988),(Vehicles5↦1.147223636507988)}",
        "Reward": "0.7000000000000001",
        "VehiclesAx": "{(EgoVehicle↦-0.09843826293945312),(Vehicles2↦0.08986737579107285),(Vehicles3↦0.11090785264968872),(Vehicles4↦0.09372849017381668),(Vehicles5↦0.1043599471449852)}",
        "VehiclesVx": "{(EgoVehicle↦19.977023601531982),(Vehicles2↦-0.09202327579259872),(Vehicles3↦0.36326587200164795),(Vehicles4↦0.5557297915220261),(Vehicles5↦-0.2704935893416405)}",
        "VehiclesY": "{(EgoVehicle↦4.396840453147888),(Vehicles2↦-4.396840453147888),(Vehicles3↦-0.39684033393859863),(Vehicles4↦3.603159785270691),(Vehicles5↦-4.396840453147888)}",
        "VehiclesVy": "{(EgoVehicle↦-1.147223636507988),(Vehicles2↦1.147223636507988),(Vehicles3↦1.147223636507988),(Vehicles4↦1.147223636507988),(Vehicles5↦1.147223636507988)}",
        "VehiclesX": "{(EgoVehicle↦200.0),(Vehicles2↦-6.139283999800682),(Vehicles3↦28.845342993736267),(Vehicles4↦39.0988826751709),(Vehicles5↦63.256531953811646)}"
      },
      "probabilisticVariables": null,
      "activating": [
        "LANE_RIGHT_31"
      ],
      "activatingOnlyWhenExecuted": true,
      "updating": null,
      "withPredicate": null
    },
    {
      "id": "LANE_RIGHT_31",
      "execute": "LANE_RIGHT",
      "after": "1000",
      "priority": 0,
      "additionalGuards": null,
      "activationKind": null,
      "fixedVariables": {
        "Crash": "FALSE",
        "VehiclesAy": "{(EgoVehicle↦2.221902087330818),(Vehicles2↦-2.221902087330818),(Vehicles3↦-2.221902087330818),(Vehicles4↦-2.221902087330818),(Vehicles5↦0.07254518568515778)}",
        "Reward": "0.7333333333333334",
        "VehiclesAx": "{(EgoVehicle↦-0.004607439041137695),(Vehicles2↦-0.0031365174800157547),(Vehicles3↦0.015646666288375854),(Vehicles4↦0.0008134916424751282),(Vehicles5↦0.011632535606622696)}",
        "VehiclesVx": "{(EgoVehicle↦19.972416162490845),(Vehicles2↦-0.09515979327261448),(Vehicles3↦0.3789125382900238),(Vehicles4↦0.5565432831645012),(Vehicles5↦-0.2588610537350178)}",
        "VehiclesY": "{(EgoVehicle↦7.6281702518463135),(Vehicles2↦-7.6281702518463135),(Vehicles3↦-3.6281704902648926),(Vehicles4↦0.3718295618891716),(Vehicles5↦-7.6281702518463135)}",
        "VehiclesVy": "{(EgoVehicle↦1.0746784508228302),(Vehicles2↦-1.0746784508228302),(Vehicles3↦-1.0746784508228302),(Vehicles4↦-1.0746784508228302),(Vehicles5↦-1.0746784508228302)}",
        "VehiclesX": "{(EgoVehicle↦200.0),(Vehicles2↦-5.953437089920044),(Vehicles3↦29.494166374206543),(Vehicles4↦39.934056997299194),(Vehicles5↦63.26979398727417)}"
      },
      "probabilisticVariables": null,
      "activating": [
        "LANE_RIGHT_32"
      ],
      "activatingOnlyWhenExecuted": true,
      "updating": null,
      "withPredicate": null
    },
    {
      "id": "LANE_RIGHT_32",
      "execute": "LANE_RIGHT",
      "after": "1000",
      "priority": 0,
      "additionalGuards": null,
      "activationKind": null,
      "fixedVariables": {
        "Crash": "FALSE",
        "VehiclesAy": "{(EgoVehicle↦-1.007295437157154),(Vehicles2↦1.007295437157154),(Vehicles3↦1.007295437157154),(Vehicles4↦1.007295437157154),(Vehicles5↦-1.1420614644885063)}",
        "Reward": "0.73333490177879",
        "VehiclesAx": "{(EgoVehicle↦0.027643442153930664),(Vehicles2↦-0.03454897552728653),(Vehicles3↦-0.01789446920156479),(Vehicles4↦-0.03057267516851425),(Vehicles5↦-0.019620954990386963)}",
        "VehiclesVx": "{(EgoVehicle↦20.000059604644775),(Vehicles2↦-0.129708768799901),(Vehicles3↦0.361018069088459),(Vehicles4↦0.5259706079959869),(Vehicles5↦-0.27848200872540474)}",
        "VehiclesY": "{(EgoVehicle↦7.976799488067627),(Vehicles2↦-7.976799488067627),(Vehicles3↦-3.9767990112304688),(Vehicles4↦0.023200835566967726),(Vehicles5↦-7.976799488067627)}",
        "VehiclesVy": "{(EgoVehicle↦0.06738301366567612),(Vehicles2↦-0.06738301366567612),(Vehicles3↦-0.06738301366567612),(Vehicles4↦-0.06738301366567612),(Vehicles5↦-0.06738301366567612)}",
        "VehiclesX": "{(EgoVehicle↦200.0),(Vehicles2↦-6.075040623545647),(Vehicles3↦29.853463172912598),(Vehicles4↦40.46574831008911),(Vehicles5↦62.9904568195343)}"
      },
      "probabilisticVariables": null,
      "activating": [
        "IDLE_33"
      ],
      "activatingOnlyWhenExecuted": true,
      "updating": null,
      "withPredicate": null
    },
    {
      "id": "IDLE_33",
      "execute": "IDLE",
      "after": "1000",
      "priority": 0,
      "additionalGuards": null,
      "activationKind": null,
      "fixedVariables": {
        "Crash": "FALSE",
        "VehiclesAy": "{(EgoVehicle↦-0.06319022650131956),(Vehicles2↦0.06319022650131956),(Vehicles3↦0.06319022650131956),(Vehicles4↦0.06319022650131956),(Vehicles5↦-0.07157580083003268)}",
        "Reward": "0.7333339267703417",
        "VehiclesAx": "{(EgoVehicle↦-3.814697265625E-05),(Vehicles2↦-0.0060282181948423386),(Vehicles3↦0.008620508015155792),(Vehicles4↦-0.0020811334252357483),(Vehicles5↦0.008952617645263672)}",
        "VehiclesVx": "{(EgoVehicle↦20.00002145767212),(Vehicles2↦-0.13573698699474335),(Vehicles3↦0.3696385771036148),(Vehicles4↦0.5238894745707512),(Vehicles5↦-0.26952939108014107)}",
        "VehiclesY": "{(EgoVehicle↦7.998556137084961),(Vehicles2↦-7.998556137084961),(Vehicles3↦-3.99855637550354),(Vehicles4↦0.0014435775519814342),(Vehicles5↦-7.998556137084961)}",
        "VehiclesVy": "{(EgoVehicle↦0.0041927871643565595),(Vehicles2↦-0.0041927871643565595),(Vehicles3↦-0.0041927871643565595),(Vehicles4↦-0.0041927871643565595),(Vehicles5↦-0.0041927871643565595)}",
        "VehiclesX": "{(EgoVehicle↦200.0),(Vehicles2↦-6.207255646586418),(Vehicles3↦30.217990279197693),(Vehicles4↦40.99079370498657),(Vehicles5↦62.71545886993408)}"
      },
      "probabilisticVariables": null,
      "activating": [
        "FASTER_34"
      ],
      "activatingOnlyWhenExecuted": true,
      "updating": null,
      "withPredicate": null
    },
    {
      "id": "FASTER_34",
      "execute": "FASTER",
      "after": "1000",
      "priority": 0,
      "additionalGuards": null,
      "activationKind": null,
      "fixedVariables": {
        "Crash": "FALSE",
        "VehiclesAy": "{(EgoVehicle↦-0.003987594791396987),(Vehicles2↦0.003987594791396987),(Vehicles3↦0.003987594791396987),(Vehicles4↦0.003987594791396987),(Vehicles5↦-0.004397979537316132)}",
        "Reward": "0.8491084472952325",
        "VehiclesAx": "{(EgoVehicle↦4.341545104980469),(Vehicles2↦-4.34676893055439),(Vehicles3↦-4.334007576107979),(Vehicles4↦-4.3428997322916985),(Vehicles5↦-4.331829976290464)}",
        "VehiclesVx": "{(EgoVehicle↦24.341566562652588),(Vehicles2↦-4.482505917549133),(Vehicles3↦-3.964368999004364),(Vehicles4↦-3.8190102577209473),(Vehicles5↦-4.6013593673706055)}",
        "VehiclesY": "{(EgoVehicle↦7.999938011169434),(Vehicles2↦-7.999938011169434),(Vehicles3↦-3.999937891960144),(Vehicles4↦6.195102287165355E-05),(Vehicles5↦-7.999938011169434)}",
        "VehiclesVy": "{(EgoVehicle↦0.00020519237295957282),(Vehicles2↦-0.00020519237295957282),(Vehicles3↦-0.00020519237295957282),(Vehicles4↦-0.00020519237295957282),(Vehicles5↦-0.00020519237295957282)}",
        "VehiclesX": "{(EgoVehicle↦200.0),(Vehicles2↦-8.740200847387314),(Vehicles3↦28.19567322731018),(Vehicles4↦39.11903202533722),(Vehicles5↦60.05470156669617)}"
      },
      "probabilisticVariables": null,
      "activating": [
        "SLOWER_35"
      ],
      "activatingOnlyWhenExecuted": true,
      "updating": null,
      "withPredicate": null
    },
    {
      "id": "SLOWER_35",
      "execute": "SLOWER",
      "after": "1000",
      "priority": 0,
      "additionalGuards": null,
      "activationKind": null,
      "fixedVariables": {
        "Crash": "FALSE",
        "VehiclesAy": "{(EgoVehicle↦-0.00019654132358937204),(Vehicles2↦0.00019654132358937204),(Vehicles3↦0.00019654132358937204),(Vehicles4↦0.00019654132358937204),(Vehicles5↦-0.0002138434223297736)}",
        "Reward": "0.7485794388786297",
        "VehiclesAx": "{(EgoVehicle↦-3.76983642578125),(Vehicles2↦4.294571932405233),(Vehicles3↦3.9145556930452585),(Vehicles4↦2.99791119992733),(Vehicles5↦4.586760554229841)}",
        "VehiclesVx": "{(EgoVehicle↦20.571730136871338),(Vehicles2↦-0.18793398514389992),(Vehicles3↦-0.04981330595910549),(Vehicles4↦-0.8210990577936172),(Vehicles5↦-0.014598813140764832)}",
        "VehiclesY": "{(EgoVehicle↦7.999996662139893),(Vehicles2↦-3.9999969005584717),(Vehicles3↦2.988767505485157E-06),(Vehicles4↦-7.999996662139893),(Vehicles5↦-3.9999969005584717)}",
        "VehiclesVy": "{(EgoVehicle↦8.65104937020078E-06),(Vehicles2↦-8.65104937020078E-06),(Vehicles3↦-8.65104937020078E-06),(Vehicles4↦-8.65104937020078E-06),(Vehicles5↦-8.65104937020078E-06)}",
        "VehiclesX": "{(EgoVehicle↦200.0),(Vehicles2↦26.313677430152893),(Vehicles3↦37.3793751001358),(Vehicles4↦57.537126541137695),(Vehicles5↦99.86531138420105)}"
      },
      "probabilisticVariables": null,
      "activating": [
        "SLOWER_36"
      ],
      "activatingOnlyWhenExecuted": true,
      "updating": null,
      "withPredicate": null
    },
    {
      "id": "SLOWER_36",
      "execute": "SLOWER",
      "after": "1000",
      "priority": 0,
      "additionalGuards": null,
      "activationKind": null,
      "fixedVariables": {
        "Crash": "FALSE",
        "VehiclesAy": "{(EgoVehicle↦-8.119447976184802E-06),(Vehicles2↦8.119447976184802E-06),(Vehicles3↦8.119447976184802E-06),(Vehicles4↦8.119447976184802E-06),(Vehicles5↦-9.18265076421676E-06)}",
        "Reward": "0.7353410509360123",
        "VehiclesAx": "{(EgoVehicle↦-0.49643993377685547),(Vehicles2↦0.5021965689957142),(Vehicles3↦0.49646596424281597),(Vehicles4↦0.5074862390756607),(Vehicles5↦0.48397797741927207)}",
        "VehiclesVx": "{(EgoVehicle↦20.075290203094482),(Vehicles2↦0.31426258385181427),(Vehicles3↦0.4466526582837105),(Vehicles4↦-0.31361281871795654),(Vehicles5↦0.46937916427850723)}",
        "VehiclesY": "{(EgoVehicle↦7.999999523162842),(Vehicles2↦-3.999999761581421),(Vehicles3↦1.831809370855808E-07),(Vehicles4↦-7.999999523162842),(Vehicles5↦-3.999999761581421)}",
        "VehiclesVy": "{(EgoVehicle↦5.316013940159792E-07),(Vehicles2↦-5.316013940159792E-07),(Vehicles3↦-5.316013940159792E-07),(Vehicles4↦-5.316013940159792E-07),(Vehicles5↦-5.316013940159792E-07)}",
        "VehiclesX": "{(EgoVehicle↦200.0),(Vehicles2↦26.401975750923157),(Vehicles3↦37.603384256362915),(Vehicles4↦56.99426531791687),(Vehicles5↦100.11953115463257)}"
      },
      "probabilisticVariables": null,
      "activating": [
        "SLOWER_37"
      ],
      "activatingOnlyWhenExecuted": true,
      "updating": null,
      "withPredicate": null
    },
    {
      "id": "SLOWER_37",
      "execute": "SLOWER",
      "after": "1000",
      "priority": 0,
      "additionalGuards": null,
      "activationKind": null,
      "fixedVariables": {
        "Crash": "FALSE",
        "VehiclesAy": "{(EgoVehicle↦-4.985616897101863E-07),(Vehicles2↦4.985616808284021E-07),(Vehicles3↦4.985616808284021E-07),(Vehicles4↦4.985616719466179E-07),(Vehicles5↦-5.646411072035562E-07)}",
        "Reward": "0.7335977241287478",
        "VehiclesAx": "{(EgoVehicle↦-0.06537437438964844),(Vehicles2↦0.07038313895463943),(Vehicles3↦0.06602346897125244),(Vehicles4↦0.07696740329265594),(Vehicles5↦0.05366634577512741)}",
        "VehiclesVx": "{(EgoVehicle↦20.009915828704834),(Vehicles2↦0.3846457228064537),(Vehicles3↦0.5126761272549629),(Vehicles4↦-0.2366454154253006),(Vehicles5↦0.5230455100536346)}",
        "VehiclesY": "{(EgoVehicle↦8.000000238418579),(Vehicles2↦-4.0000001192092896),(Vehicles3↦1.1376830144627093E-08),(Vehicles4↦-8.000000238418579),(Vehicles5↦-4.0000001192092896)}",
        "VehiclesVy": "{(EgoVehicle↦3.303970430579284E-08),(Vehicles2↦-3.3039713187577036E-08),(Vehicles3↦-3.3039713187577036E-08),(Vehicles4↦-3.303972206936123E-08),(Vehicles5↦-3.3039713187577036E-08)}",
        "VehiclesX": "{(EgoVehicle↦200.0),(Vehicles2↦26.754361391067505),(Vehicles3↦38.086313009262085),(Vehicles4↦56.721311807632446),(Vehicles5↦100.62023401260376)}"
      },
      "probabilisticVariables": null,
      "activating": [
        "SLOWER_38"
      ],
      "activatingOnlyWhenExecuted": true,
      "updating": null,
      "withPredicate": null
    },
    {
      "id": "SLOWER_38",
      "execute": "SLOWER",
      "after": "1000",
      "priority": 0,
      "additionalGuards": null,
      "activationKind": null,
      "fixedVariables": {
        "Crash": "FALSE",
        "VehiclesAy": "{(EgoVehicle↦-3.098428180692281E-08),(Vehicles2↦3.098428180692281E-08),(Vehicles3↦3.098428180692281E-08),(Vehicles4↦3.0984290688707006E-08),(Vehicles5↦-3.509514456823126E-08)}",
        "Reward": "0.7333681502282028",
        "VehiclesAx": "{(EgoVehicle↦-0.008609294891357422),(Vehicles2↦0.012953430414199829),(Vehicles3↦0.009836852550506592),(Vehicles4↦0.02067549154162407),(Vehicles5↦-0.0023163482546806335)}",
        "VehiclesVx": "{(EgoVehicle↦20.001306533813477),(Vehicles2↦0.39759915322065353),(Vehicles3↦0.5225129798054695),(Vehicles4↦-0.21596992388367653),(Vehicles5↦0.520729161798954)}",
        "VehiclesY": "{(EgoVehicle↦8.000000238418579),(Vehicles2↦-4.0000001192092896),(Vehicles3↦7.076979002818007E-10),(Vehicles4↦-8.000000238418579),(Vehicles5↦-4.0000001192092896)}",
        "VehiclesVy": "{(EgoVehicle↦2.05542249887003E-09),(Vehicles2↦-2.055431380654227E-09),(Vehicles3↦-2.055431380654227E-09),(Vehicles4↦-2.055431380654227E-09),(Vehicles5↦-2.055431380654227E-09)}",
        "VehiclesX": "{(EgoVehicle↦200.0),(Vehicles2↦27.145543694496155),(Vehicles3↦38.60418498516083),(Vehicles4↦56.49420619010925),(Vehicles5↦101.14359855651855)}"
      },
      "probabilisticVariables": null,
      "activating": [
        "SLOWER_39"
      ],
      "activatingOnlyWhenExecuted": true,
      "updating": null,
      "withPredicate": null
    },
    {
      "id": "SLOWER_39",
      "execute": "SLOWER",
      "after": "1000",
      "priority": 0,
      "additionalGuards": null,
      "activationKind": null,
      "fixedVariables": {
        "Crash": "FALSE",
        "VehiclesAy": "{(EgoVehicle↦-1.9275425700016058E-09),(Vehicles2↦1.9275514517858028E-09),(Vehicles3↦1.9275514517858028E-09),(Vehicles4↦1.9275514517858028E-09),(Vehicles5↦-2.183311309522651E-09)}",
        "Reward": "0.7333379182742216",
        "VehiclesAx": "{(EgoVehicle↦-0.0011348724365234375),(Vehicles2↦0.00489257276058197),(Vehicles3↦0.002899356186389923),(Vehicles4↦0.013607591390609741),(Vehicles5↦-0.008987262845039368)}",
        "VehiclesVx": "{(EgoVehicle↦20.000171661376953),(Vehicles2↦0.4024917259812355),(Vehicles3↦0.5254123359918594),(Vehicles4↦-0.2023623324930668),(Vehicles5↦0.5117418989539146)}",
        "VehiclesY": "{(EgoVehicle↦8.000000238418579),(Vehicles2↦-4.0000001192092896),(Vehicles3↦4.403144515663371E-11),(Vehicles4↦-8.000000238418579),(Vehicles5↦-4.0000001192092896)}",
        "VehiclesVy": "{(EgoVehicle↦1.2787992886842403E-10),(Vehicles2↦-1.2787992886842403E-10),(Vehicles3↦-1.2787992886842403E-10),(Vehicles4↦-1.2787992886842403E-10),(Vehicles5↦-1.2787992886842403E-10)}",
        "VehiclesX": "{(EgoVehicle↦200.0),(Vehicles2↦27.54531502723694),(Vehicles3↦39.12798762321472),(Vehicles4↦56.28381967544556),(Vehicles5↦101.66083574295044)}"
      },
      "probabilisticVariables": null,
      "activating": [
        "SLOWER_40"
      ],
      "activatingOnlyWhenExecuted": true,
      "updating": null,
      "withPredicate": null
    },
    {
      "id": "SLOWER_40",
      "execute": "SLOWER",
      "after": "1000",
      "priority": 0,
      "additionalGuards": null,
      "activationKind": null,
      "fixedVariables": {
        "Crash": "FALSE",
        "VehiclesAy": "{(EgoVehicle↦-1.199218502279109E-10),(Vehicles2↦1.199218502279109E-10),(Vehicles3↦1.199218502279109E-10),(Vehicles4↦1.199218502279109E-10),(Vehicles5↦-1.3583800750893715E-10)}",
        "Reward": "0.7333339371115573",
        "VehiclesAx": "{(EgoVehicle↦-0.00015020370483398438),(Vehicles2↦0.0033949315547943115),(Vehicles3↦0.0024134665727615356),(Vehicles4↦0.012969765812158585),(Vehicles5↦-0.009153634309768677)}",
        "VehiclesVx": "{(EgoVehicle↦20.00002145767212),(Vehicles2↦0.4058866575360298),(Vehicles3↦0.527825802564621),(Vehicles4↦-0.1893925666809082),(Vehicles5↦0.502588264644146)}",
        "VehiclesY": "{(EgoVehicle↦8.000000238418579),(Vehicles2↦-4.0000001192092896),(Vehicles3↦2.7391422463551862E-12),(Vehicles4↦-8.000000238418579),(Vehicles5↦-4.0000001192092896)}",
        "VehiclesVy": "{(EgoVehicle↦7.958078640513122E-12),(Vehicles2↦-7.958078640513122E-12),(Vehicles3↦-7.958078640513122E-12),(Vehicles4↦-7.958078640513122E-12),(Vehicles5↦-7.958078640513122E-12)}",
        "VehiclesX": "{(EgoVehicle↦200.0),(Vehicles2↦27.949225902557373),(Vehicles3↦39.65435028076172),(Vehicles4↦56.08664155006409),(Vehicles5↦102.168869972229)}"
      },
      "probabilisticVariables": null,
      "activating": [
        "SLOWER_41"
      ],
      "activatingOnlyWhenExecuted": true,
      "updating": null,
      "withPredicate": null
    },
    {
      "id": "SLOWER_41",
      "execute": "SLOWER",
      "after": "1000",
      "priority": 0,
      "additionalGuards": null,
      "activationKind": null,
      "fixedVariables": {
        "Crash": "FALSE",
        "VehiclesAy": "{(EgoVehicle↦-7.460698725481052E-12),(Vehicles2↦7.460698725481052E-12),(Vehicles3↦7.460698725481052E-12),(Vehicles4↦7.460698725481052E-12),(Vehicles5↦-8.455458555545192E-12)}",
        "Reward": "0.7333334128432228",
        "VehiclesAx": "{(EgoVehicle↦-1.9073486328125E-05),(Vehicles2↦0.0028190389275550842),(Vehicles3↦0.0027449429035186768),(Vehicles4↦0.013131089508533478),(Vehicles5↦-0.008458644151687622)}",
        "VehiclesVx": "{(EgoVehicle↦20.00000238418579),(Vehicles2↦0.4087056964635849),(Vehicles3↦0.5305707454681396),(Vehicles4↦-0.17626147717237473),(Vehicles5↦0.49412962049245834)}",
        "VehiclesY": "{(EgoVehicle↦8.000000238418579),(Vehicles2↦-4.0000001192092896),(Vehicles3↦1.7053025658242404E-13),(Vehicles4↦-8.000000238418579),(Vehicles5↦-4.0000001192092896)}",
        "VehiclesVy": "{(EgoVehicle↦4.973799150320701E-13),(Vehicles2↦-4.973799150320701E-13),(Vehicles3↦-4.973799150320701E-13),(Vehicles4↦-4.973799150320701E-13),(Vehicles5↦-4.973799150320701E-13)}",
        "VehiclesX": "{(EgoVehicle↦200.0),(Vehicles2↦28.35627794265747),(Vehicles3↦40.18324315547943),(Vehicles4↦55.90248703956604),(Vehicles5↦102.66801118850708)}"
      },
      "probabilisticVariables": null,
      "activating": [
        "SLOWER_42"
      ],
      "activatingOnlyWhenExecuted": true,
      "updating": null,
      "withPredicate": null
    },
    {
      "id": "SLOWER_42",
      "execute": "SLOWER",
      "after": "1000",
      "priority": 0,
      "additionalGuards": null,
      "activationKind": null,
      "fixedVariables": {
        "Crash": "FALSE",
        "VehiclesAy": "{(EgoVehicle↦-4.618527782440651E-13),(Vehicles2↦4.707345624410664E-13),(Vehicles3↦4.707345624410664E-13),(Vehicles4↦4.707345624410664E-13),(Vehicles5↦-5.240252676230739E-13)}",
        "Reward": "0.7333333438037714",
        "VehiclesAx": "{(EgoVehicle↦-2.384185791015625E-06),(Vehicles2↦0.0024174898862838745),(Vehicles3↦0.003153569996356964),(Vehicles4↦0.013354308903217316),(Vehicles5↦-0.0076509639620780945)}",
        "VehiclesVx": "{(EgoVehicle↦20.0),(Vehicles2↦0.4111231863498688),(Vehicles3↦0.5337243154644966),(Vehicles4↦-0.1629071682691574),(Vehicles5↦0.48647865653038025)}",
        "VehiclesY": "{(EgoVehicle↦8.000000238418579),(Vehicles2↦-4.0000001192092896),(Vehicles3↦1.0658141036401503E-14),(Vehicles4↦-8.000000238418579),(Vehicles5↦-4.0000001192092896)}",
        "VehiclesVy": "{(EgoVehicle↦3.552713678800501E-14),(Vehicles2↦-2.6645352591003757E-14),(Vehicles3↦-2.6645352591003757E-14),(Vehicles4↦-2.6645352591003757E-14),(Vehicles5↦-2.6645352591003757E-14)}",
        "VehiclesX": "{(EgoVehicle↦200.0),(Vehicles2↦28.765979409217834),(Vehicles3↦40.715041756629944),(Vehicles4↦55.7315468788147),(Vehicles5↦103.1590223312378)}"
      },
      "probabilisticVariables": null,
      "activating": [
        "SLOWER_43"
      ],
      "activatingOnlyWhenExecuted": true,
      "updating": null,
      "withPredicate": null
    },
    {
      "id": "SLOWER_43",
      "execute": "SLOWER",
      "after": "1000",
      "priority": 0,
      "additionalGuards": null,
      "activationKind": null,
      "fixedVariables": {
        "Crash": "FALSE",
        "VehiclesAy": "{(EgoVehicle↦-3.552713678800501E-14),(Vehicles2↦2.6645352591003757E-14),(Vehicles3↦2.6645352591003757E-14),(Vehicles4↦2.6645352591003757E-14),(Vehicles5↦-2.6645352591003757E-14)}",
        "Reward": "0.7333333347121566",
        "VehiclesAx": "{(EgoVehicle↦0.0),(Vehicles2↦0.002087727189064026),(Vehicles3↦0.0035434961318969727),(Vehicles4↦0.01354641281068325),(Vehicles5↦-0.006834082305431366)}",
        "VehiclesVx": "{(EgoVehicle↦20.0),(Vehicles2↦0.4132109135389328),(Vehicles3↦0.5372678115963936),(Vehicles4↦-0.14936075545847416),(Vehicles5↦0.4796445742249489)}",
        "VehiclesY": "{(EgoVehicle↦8.000000238418579),(Vehicles2↦-4.0000001192092896),(Vehicles3↦2.6645352591003757E-15),(Vehicles4↦-8.000000238418579),(Vehicles5↦-4.0000001192092896)}",
        "VehiclesVy": "{(EgoVehicle↦0.0),(Vehicles2↦0.0),(Vehicles3↦0.0),(Vehicles4↦0.0),(Vehicles5↦0.0)}",
        "VehiclesX": "{(EgoVehicle↦200.0),(Vehicles2↦29.177960753440857),(Vehicles3↦41.25015437602997),(Vehicles4↦55.574047565460205),(Vehicles5↦103.64270210266113)}"
      },
      "probabilisticVariables": null,
      "activating": [
        "SLOWER_44"
      ],
      "activatingOnlyWhenExecuted": true,
      "updating": null,
      "withPredicate": null
    },
    {
      "id": "SLOWER_44",
      "execute": "SLOWER",
      "after": "1000",
      "priority": 0,
      "additionalGuards": null,
      "activationKind": null,
      "fixedVariables": {
        "Crash": "FALSE",
        "VehiclesAy": "{(EgoVehicle↦0.0),(Vehicles2↦0.0),(Vehicles3↦0.0),(Vehicles4↦0.0),(Vehicles5↦0.0)}",
        "Reward": "0.7333333335149068",
        "VehiclesAx": "{(EgoVehicle↦0.0),(Vehicles2↦0.0018123909831047058),(Vehicles3↦0.0039037317037582397),(Vehicles4↦0.013698814436793327),(Vehicles5↦-0.006025843322277069)}",
        "VehiclesVx": "{(EgoVehicle↦20.0),(Vehicles2↦0.4150233045220375),(Vehicles3↦0.5411715433001518),(Vehicles4↦-0.13566194102168083),(Vehicles5↦0.4736187309026718)}",
        "VehiclesY": "{(EgoVehicle↦8.000000238418579),(Vehicles2↦-4.0000001192092896),(Vehicles3↦0.0),(Vehicles4↦-8.000000238418579),(Vehicles5↦-4.0000001192092896)}",
        "VehiclesVy": "{(EgoVehicle↦0.0),(Vehicles2↦0.0),(Vehicles3↦0.0),(Vehicles4↦0.0),(Vehicles5↦0.0)}",
        "VehiclesX": "{(EgoVehicle↦200.0),(Vehicles2↦29.591917991638184),(Vehicles3↦41.78895652294159),(Vehicles4↦55.430155992507935),(Vehicles5↦104.119873046875)}"
      },
      "probabilisticVariables": null,
      "activating": [
        "SLOWER_45"
      ],
      "activatingOnlyWhenExecuted": true,
      "updating": null,
      "withPredicate": null
    },
    {
      "id": "SLOWER_45",
      "execute": "SLOWER",
      "after": "1000",
      "priority": 0,
      "additionalGuards": null,
      "activationKind": null,
      "fixedVariables": {
        "Crash": "FALSE",
        "VehiclesAy": "{(EgoVehicle↦0.0),(Vehicles2↦0.0),(Vehicles3↦0.0),(Vehicles4↦0.0),(Vehicles5↦0.0)}",
        "Reward": "0.7333333333572442",
        "VehiclesAx": "{(EgoVehicle↦0.0),(Vehicles2↦0.0015854835510253906),(Vehicles3↦0.004234500229358673),(Vehicles4↦0.013813888654112816),(Vehicles5↦-0.005232393741607666)}",
        "VehiclesVx": "{(EgoVehicle↦20.0),(Vehicles2↦0.4166087880730629),(Vehicles3↦0.5454060435295105),(Vehicles4↦-0.12184805236756802),(Vehicles5↦0.46838633716106415)}",
        "VehiclesY": "{(EgoVehicle↦8.000000238418579),(Vehicles2↦-4.0000001192092896),(Vehicles3↦0.0),(Vehicles4↦-8.000000238418579),(Vehicles5↦-4.0000001192092896)}",
        "VehiclesVy": "{(EgoVehicle↦0.0),(Vehicles2↦0.0),(Vehicles3↦0.0),(Vehicles4↦0.0),(Vehicles5↦0.0)}",
        "VehiclesX": "{(EgoVehicle↦200.0),(Vehicles2↦30.00759184360504),(Vehicles3↦42.33179688453674),(Vehicles4↦55.30000925064087),(Vehicles5↦104.59133386611938)}"
      },
      "probabilisticVariables": null,
      "activating": [
        "SLOWER_46"
      ],
      "activatingOnlyWhenExecuted": true,
      "updating": null,
      "withPredicate": null
    },
    {
      "id": "SLOWER_46",
      "execute": "SLOWER",
      "after": "1000",
      "priority": 0,
      "additionalGuards": null,
      "activationKind": null,
      "fixedVariables": {
        "Crash": "FALSE",
        "VehiclesAy": "{(EgoVehicle↦0.0),(Vehicles2↦0.0),(Vehicles3↦0.0),(Vehicles4↦0.0),(Vehicles5↦0.0)}",
        "Reward": "0.7333333333364821",
        "VehiclesAx": "{(EgoVehicle↦0.0),(Vehicles2↦0.0014027953147888184),(Vehicles3↦0.004537254571914673),(Vehicles4↦0.013895155861973763),(Vehicles5↦-0.004457756876945496)}",
        "VehiclesVx": "{(EgoVehicle↦20.0),(Vehicles2↦0.4180115833878517),(Vehicles3↦0.5499432981014252),(Vehicles4↦-0.10795289650559425),(Vehicles5↦0.46392858028411865)}",
        "VehiclesY": "{(EgoVehicle↦8.000000238418579),(Vehicles2↦-4.0000001192092896),(Vehicles3↦2.6645352591003757E-15),(Vehicles4↦-8.000000238418579),(Vehicles5↦-4.0000001192092896)}",
        "VehiclesVy": "{(EgoVehicle↦0.0),(Vehicles2↦0.0),(Vehicles3↦0.0),(Vehicles4↦0.0),(Vehicles5↦0.0)}",
        "VehiclesX": "{(EgoVehicle↦200.0),(Vehicles2↦30.424773693084717),(Vehicles3↦42.87899434566498),(Vehicles4↦55.183714628219604),(Vehicles5↦105.05787134170532)}"
      },
      "probabilisticVariables": null,
      "activating": [
        "SLOWER_47"
      ],
      "activatingOnlyWhenExecuted": true,
      "updating": null,
      "withPredicate": null
    },
    {
      "id": "SLOWER_47",
      "execute": "SLOWER",
      "after": "1000",
      "priority": 0,
      "additionalGuards": null,
      "activationKind": null,
      "fixedVariables": {
        "Crash": "FALSE",
        "VehiclesAy": "{(EgoVehicle↦0.0),(Vehicles2↦0.0),(Vehicles3↦0.0),(Vehicles4↦0.0),(Vehicles5↦0.0)}",
        "Reward": "0.7333333333337481",
        "VehiclesAx": "{(EgoVehicle↦0.0),(Vehicles2↦0.0012604892253875732),(Vehicles3↦0.0048137083649635315),(Vehicles4↦0.013946015387773514),(Vehicles5↦-0.0037051737308502197)}",
        "VehiclesVx": "{(EgoVehicle↦20.0),(Vehicles2↦0.4192720726132393),(Vehicles3↦0.5547570064663887),(Vehicles4↦-0.09400688111782074),(Vehicles5↦0.46022340655326843)}",
        "VehiclesY": "{(EgoVehicle↦8.000000238418579),(Vehicles2↦-4.0000001192092896),(Vehicles3↦0.0),(Vehicles4↦-8.000000238418579),(Vehicles5↦-4.0000001192092896)}",
        "VehiclesVy": "{(EgoVehicle↦0.0),(Vehicles2↦0.0),(Vehicles3↦0.0),(Vehicles4↦0.0),(Vehicles5↦0.0)}",
        "VehiclesX": "{(EgoVehicle↦200.0),(Vehicles2↦30.843299627304077),(Vehicles3↦43.43084096908569),(Vehicles4↦55.081337690353394),(Vehicles5↦105.52026033401489)}"
      },
      "probabilisticVariables": null,
      "activating": [
        "SLOWER_48"
      ],
      "activatingOnlyWhenExecuted": true,
      "updating": null,
      "withPredicate": null
    },
    {
      "id": "SLOWER_48",
      "execute": "SLOWER",
      "after": "1000",
      "priority": 0,
      "additionalGuards": null,
      "activationKind": null,
      "fixedVariables": {
        "Crash": "FALSE",
        "VehiclesAy": "{(EgoVehicle↦0.0),(Vehicles2↦0.0),(Vehicles3↦0.0),(Vehicles4↦0.0),(Vehicles5↦0.0)}",
        "Reward": "0.733333333333388",
        "VehiclesAx": "{(EgoVehicle↦0.0),(Vehicles2↦0.001155063509941101),(Vehicles3↦0.005065537989139557),(Vehicles4↦0.013969661667943),(Vehicles5↦-0.0029772520065307617)}",
        "VehiclesVx": "{(EgoVehicle↦20.0),(Vehicles2↦0.4204271361231804),(Vehicles3↦0.5598225444555283),(Vehicles4↦-0.08003721944987774),(Vehicles5↦0.45724615454673767)}",
        "VehiclesY": "{(EgoVehicle↦8.000000238418579),(Vehicles2↦-4.0000001192092896),(Vehicles3↦0.0),(Vehicles4↦-8.000000238418579),(Vehicles5↦-4.0000001192092896)}",
        "VehiclesVy": "{(EgoVehicle↦0.0),(Vehicles2↦0.0),(Vehicles3↦0.0),(Vehicles4↦0.0),(Vehicles5↦0.0)}",
        "VehiclesX": "{(EgoVehicle↦200.0),(Vehicles2↦31.263041496276855),(Vehicles3↦43.98760497570038),(Vehicles4↦54.99292016029358),(Vehicles5↦105.97923994064331)}"
      },
      "probabilisticVariables": null,
      "activating": [
        "SLOWER_49"
      ],
      "activatingOnlyWhenExecuted": true,
      "updating": null,
      "withPredicate": null
    },
    {
      "id": "SLOWER_49",
      "execute": "SLOWER",
      "after": "1000",
      "priority": 0,
      "additionalGuards": null,
      "activationKind": null,
      "fixedVariables": {
        "Crash": "FALSE",
        "VehiclesAy": "{(EgoVehicle↦0.0),(Vehicles2↦0.0),(Vehicles3↦0.0),(Vehicles4↦0.0),(Vehicles5↦0.0)}",
        "Reward": "0.7333333333333405",
        "VehiclesAx": "{(EgoVehicle↦0.0),(Vehicles2↦0.0010830163955688477),(Vehicles3↦0.005294233560562134),(Vehicles4↦0.013968967832624912),(Vehicles5↦-0.002276115119457245)}",
        "VehiclesVx": "{(EgoVehicle↦20.0),(Vehicles2↦0.42151015251874924),(Vehicles3↦0.5651167780160904),(Vehicles4↦-0.06606825161725283),(Vehicles5↦0.4549700394272804)}",
        "VehiclesY": "{(EgoVehicle↦8.000000238418579),(Vehicles2↦-4.0000001192092896),(Vehicles3↦2.6645352591003757E-15),(Vehicles4↦-8.000000238418579),(Vehicles5↦-4.0000001192092896)}",
        "VehiclesVy": "{(EgoVehicle↦0.0),(Vehicles2↦0.0),(Vehicles3↦0.0),(Vehicles4↦0.0),(Vehicles5↦0.0)}",
        "VehiclesX": "{(EgoVehicle↦200.0),(Vehicles2↦31.68390393257141),(Vehicles3↦44.54952776432037),(Vehicles4↦54.91846799850464),(Vehicles5↦106.43551349639893)}"
      },
      "probabilisticVariables": null,
      "activating": [
        "SLOWER_50"
      ],
      "activatingOnlyWhenExecuted": true,
      "updating": null,
      "withPredicate": null
    },
    {
      "id": "SLOWER_50",
      "execute": "SLOWER",
      "after": "1000",
      "priority": 0,
      "additionalGuards": null,
      "activationKind": null,
      "fixedVariables": {
        "Crash": "FALSE",
        "VehiclesAy": "{(EgoVehicle↦0.0),(Vehicles2↦0.0),(Vehicles3↦0.0),(Vehicles4↦0.0),(Vehicles5↦0.0)}",
        "Reward": "0.7333333333333343",
        "VehiclesAx": "{(EgoVehicle↦0.0),(Vehicles2↦0.0010412558913230896),(Vehicles3↦0.005501396954059601),(Vehicles4↦0.013946611434221268),(Vehicles5↦-0.001603439450263977)}",
        "VehiclesVx": "{(EgoVehicle↦20.0),(Vehicles2↦0.4225514084100723),(Vehicles3↦0.57061817497015),(Vehicles4↦-0.05212164018303156),(Vehicles5↦0.45336659997701645)}",
        "VehiclesY": "{(EgoVehicle↦8.000000238418579),(Vehicles2↦-4.0000001192092896),(Vehicles3↦0.0),(Vehicles4↦-8.000000238418579),(Vehicles5↦-4.0000001192092896)}",
        "VehiclesVy": "{(EgoVehicle↦0.0),(Vehicles2↦0.0),(Vehicles3↦0.0),(Vehicles4↦0.0),(Vehicles5↦0.0)}",
        "VehiclesX": "{(EgoVehicle↦200.0),(Vehicles2↦32.105833292007446),(Vehicles3↦45.11682987213135),(Vehicles4↦54.85798120498657),(Vehicles5↦106.88979625701904)}"
      },
      "probabilisticVariables": null,
      "activating": [
        "SLOWER_51"
      ],
      "activatingOnlyWhenExecuted": true,
      "updating": null,
      "withPredicate": null
    },
    {
      "id": "SLOWER_51",
      "execute": "SLOWER",
      "after": "1000",
      "priority": 0,
      "additionalGuards": null,
      "activationKind": null,
      "fixedVariables": {
        "Crash": "FALSE",
        "VehiclesAy": "{(EgoVehicle↦0.0),(Vehicles2↦0.0),(Vehicles3↦0.0),(Vehicles4↦0.0),(Vehicles5↦0.0)}",
        "Reward": "0.7333333333333334",
        "VehiclesAx": "{(EgoVehicle↦0.0),(Vehicles2↦0.0010268017649650574),(Vehicles3↦0.005688369274139404),(Vehicles4↦0.013904997613281012),(Vehicles5↦-0.0009605288505554199)}",
        "VehiclesVx": "{(EgoVehicle↦20.0),(Vehicles2↦0.4235782101750374),(Vehicles3↦0.5763065442442894),(Vehicles4↦-0.03821664256975055),(Vehicles5↦0.45240607112646103)}",
        "VehiclesY": "{(EgoVehicle↦8.000000238418579),(Vehicles2↦-4.0000001192092896),(Vehicles3↦0.0),(Vehicles4↦-8.000000238418579),(Vehicles5↦-4.0000001192092896)}",
        "VehiclesVy": "{(EgoVehicle↦0.0),(Vehicles2↦0.0),(Vehicles3↦0.0),(Vehicles4↦0.0),(Vehicles5↦0.0)}",
        "VehiclesX": "{(EgoVehicle↦200.0),(Vehicles2↦32.528796792030334),(Vehicles3↦45.68970799446106),(Vehicles4↦54.811424016952515),(Vehicles5↦107.34273195266724)}"
      },
      "probabilisticVariables": null,
      "activating": [
        "SLOWER_52"
      ],
      "activatingOnlyWhenExecuted": true,
      "updating": null,
      "withPredicate": null
    },
    {
      "id": "SLOWER_52",
      "execute": "SLOWER",
      "after": "1000",
      "priority": 0,
      "additionalGuards": null,
      "activationKind": null,
      "fixedVariables": {
        "Crash": "FALSE",
        "VehiclesAy": "{(EgoVehicle↦0.0),(Vehicles2↦0.0),(Vehicles3↦0.0),(Vehicles4↦0.0),(Vehicles5↦0.0)}",
        "Reward": "0.7333333333333334",
        "VehiclesAx": "{(EgoVehicle↦0.0),(Vehicles2↦0.0010367855429649353),(Vehicles3↦0.005856528878211975),(Vehicles4↦0.013846347574144602),(Vehicles5↦-0.00034809112548828125)}",
        "VehiclesVx": "{(EgoVehicle↦20.0),(Vehicles2↦0.4246149957180023),(Vehicles3↦0.5821630731225014),(Vehicles4↦-0.024370294995605946),(Vehicles5↦0.45205798000097275)}",
        "VehiclesY": "{(EgoVehicle↦8.000000238418579),(Vehicles2↦-4.0000001192092896),(Vehicles3↦2.6645352591003757E-15),(Vehicles4↦-8.000000238418579),(Vehicles5↦-4.0000001192092896)}",
        "VehiclesVy": "{(EgoVehicle↦0.0),(Vehicles2↦0.0),(Vehicles3↦0.0),(Vehicles4↦0.0),(Vehicles5↦0.0)}",
        "VehiclesX": "{(EgoVehicle↦200.0),(Vehicles2↦32.9527884721756),(Vehicles3↦46.268343925476074),(Vehicles4↦54.77875471115112),(Vehicles5↦107.79494047164917)}"
      },
      "probabilisticVariables": null,
      "activating": [
        "SLOWER_53"
      ],
      "activatingOnlyWhenExecuted": true,
      "updating": null,
      "withPredicate": null
    },
    {
      "id": "SLOWER_53",
      "execute": "SLOWER",
      "after": "1000",
      "priority": 0,
      "additionalGuards": null,
      "activationKind": null,
      "fixedVariables": {
        "Crash": "FALSE",
        "VehiclesAy": "{(EgoVehicle↦0.0),(Vehicles2↦0.0),(Vehicles3↦0.0),(Vehicles4↦0.0),(Vehicles5↦0.0)}",
        "Reward": "0.7333333333333334",
        "VehiclesAx": "{(EgoVehicle↦0.0),(Vehicles2↦0.0010685622692108154),(Vehicles3↦0.006007179617881775),(Vehicles4↦0.013772653182968497),(Vehicles5↦0.00023324042558670044)}",
        "VehiclesVx": "{(EgoVehicle↦20.0),(Vehicles2↦0.42568355798721313),(Vehicles3↦0.5881702527403831),(Vehicles4↦-0.010597641812637448),(Vehicles5↦0.45229122042655945)}",
        "VehiclesY": "{(EgoVehicle↦8.000000238418579),(Vehicles2↦-4.0000001192092896),(Vehicles3↦0.0),(Vehicles4↦-8.000000238418579),(Vehicles5↦-4.0000001192092896)}",
        "VehiclesVy": "{(EgoVehicle↦0.0),(Vehicles2↦0.0),(Vehicles3↦0.0),(Vehicles4↦0.0),(Vehicles5↦0.0)}",
        "VehiclesX": "{(EgoVehicle↦200.0),(Vehicles2↦33.37782621383667),(Vehicles3↦46.852898597717285),(Vehicles4↦54.75989580154419),(Vehicles5↦108.24705362319946)}"
      },
      "probabilisticVariables": null,
      "activating": [
        "SLOWER_54"
      ],
      "activatingOnlyWhenExecuted": true,
      "updating": null,
      "withPredicate": null
    },
    {
      "id": "SLOWER_54",
      "execute": "SLOWER",
      "after": "1000",
      "priority": 0,
      "additionalGuards": null,
      "activationKind": null,
      "fixedVariables": {
        "Crash": "FALSE",
        "VehiclesAy": "{(EgoVehicle↦0.0),(Vehicles2↦0.0),(Vehicles3↦0.0),(Vehicles4↦-1.7763568394002505E-14),(Vehicles5↦0.0)}",
        "Reward": "0.7333333333333334",
        "VehiclesAx": "{(EgoVehicle↦0.0),(Vehicles2↦0.0011196732521057129),(Vehicles3↦0.006141550838947296),(Vehicles4↦0.013685731391888112),(Vehicles5↦0.0007833912968635559)}",
        "VehiclesVx": "{(EgoVehicle↦20.0),(Vehicles2↦0.42680323123931885),(Vehicles3↦0.5943118035793304),(Vehicles4↦0.0030880895792506635),(Vehicles5↦0.453074611723423)}",
        "VehiclesY": "{(EgoVehicle↦8.000000238418579),(Vehicles2↦-4.0000001192092896),(Vehicles3↦0.0),(Vehicles4↦-8.000000238418579),(Vehicles5↦-4.0000001192092896)}",
        "VehiclesVy": "{(EgoVehicle↦0.0),(Vehicles2↦0.0),(Vehicles3↦0.0),(Vehicles4↦-1.7763568394002505E-14),(Vehicles5↦0.0)}",
        "VehiclesX": "{(EgoVehicle↦200.0),(Vehicles2↦33.80395472049713),(Vehicles3↦47.44351804256439),(Vehicles4↦54.75478172302246),(Vehicles5↦108.69961977005005)}"
      },
      "probabilisticVariables": null,
      "activating": [
        "SLOWER_55"
      ],
      "activatingOnlyWhenExecuted": true,
      "updating": null,
      "withPredicate": null
    },
    {
      "id": "SLOWER_55",
      "execute": "SLOWER",
      "after": "1000",
      "priority": 0,
      "additionalGuards": null,
      "activationKind": null,
      "fixedVariables": {
        "Crash": "FALSE",
        "VehiclesAy": "{(EgoVehicle↦0.0),(Vehicles2↦0.0),(Vehicles3↦0.0),(Vehicles4↦1.7763568394002505E-14),(Vehicles5↦0.0)}",
        "Reward": "0.7333333333333334",
        "VehiclesAx": "{(EgoVehicle↦0.0),(Vehicles2↦0.0011877715587615967),(Vehicles3↦0.0062606483697891235),(Vehicles4↦0.013587231806013733),(Vehicles5↦0.0013023242354393005)}",
        "VehiclesVx": "{(EgoVehicle↦20.0),(Vehicles2↦0.42799100279808044),(Vehicles3↦0.6005724519491196),(Vehicles4↦0.016675321385264397),(Vehicles5↦0.4543769359588623)}",
        "VehiclesY": "{(EgoVehicle↦8.000000238418579),(Vehicles2↦-4.0000001192092896),(Vehicles3↦2.6645352591003757E-15),(Vehicles4↦-8.000000238418579),(Vehicles5↦-4.0000001192092896)}",
        "VehiclesVy": "{(EgoVehicle↦0.0),(Vehicles2↦0.0),(Vehicles3↦0.0),(Vehicles4↦0.0),(Vehicles5↦0.0)}",
        "VehiclesX": "{(EgoVehicle↦200.0),(Vehicles2↦34.23122465610504),(Vehicles3↦48.040324449539185),(Vehicles4↦54.7633171081543),(Vehicles5↦109.15316343307495)}"
      },
      "probabilisticVariables": null,
      "activating": [
        "SLOWER_56"
      ],
      "activatingOnlyWhenExecuted": true,
      "updating": null,
      "withPredicate": null
    },
    {
      "id": "SLOWER_56",
      "execute": "SLOWER",
      "after": "1000",
      "priority": 0,
      "additionalGuards": null,
      "activationKind": null,
      "fixedVariables": {
        "Crash": "FALSE",
        "VehiclesAy": "{(EgoVehicle↦0.0),(Vehicles2↦0.0),(Vehicles3↦0.0),(Vehicles4↦0.0),(Vehicles5↦0.0)}",
        "Reward": "0.7333333333333334",
        "VehiclesAx": "{(EgoVehicle↦0.0),(Vehicles2↦0.0012707337737083435),(Vehicles3↦0.0063657015562057495),(Vehicles4↦0.013478640466928482),(Vehicles5↦0.001790374517440796)}",
        "VehiclesVx": "{(EgoVehicle↦20.0),(Vehicles2↦0.4292617365717888),(Vehicles3↦0.6069381535053253),(Vehicles4↦0.03015396185219288),(Vehicles5↦0.4561673104763031)}",
        "VehiclesY": "{(EgoVehicle↦8.000000238418579),(Vehicles2↦-4.0000001192092896),(Vehicles3↦0.0),(Vehicles4↦-8.000000238418579),(Vehicles5↦-4.0000001192092896)}",
        "VehiclesVy": "{(EgoVehicle↦0.0),(Vehicles2↦0.0),(Vehicles3↦0.0),(Vehicles4↦0.0),(Vehicles5↦0.0)}",
        "VehiclesX": "{(EgoVehicle↦200.0),(Vehicles2↦34.65971648693085),(Vehicles3↦48.643434047698975),(Vehicles4↦54.785388708114624),(Vehicles5↦109.60822105407715)}"
      },
      "probabilisticVariables": null,
      "activating": [
        "SLOWER_57"
      ],
      "activatingOnlyWhenExecuted": true,
      "updating": null,
      "withPredicate": null
    },
    {
      "id": "SLOWER_57",
      "execute": "SLOWER",
      "after": "1000",
      "priority": 0,
      "additionalGuards": null,
      "activationKind": null,
      "fixedVariables": {
        "Crash": "FALSE",
        "VehiclesAy": "{(EgoVehicle↦0.0),(Vehicles2↦0.0),(Vehicles3↦0.0),(Vehicles4↦0.0),(Vehicles5↦0.0)}",
        "Reward": "0.7333333333333334",
        "VehiclesAx": "{(EgoVehicle↦0.0),(Vehicles2↦0.0013665109872817993),(Vehicles3↦0.006457678973674774),(Vehicles4↦0.013361298479139805),(Vehicles5↦0.0022480636835098267)}",
        "VehiclesVx": "{(EgoVehicle↦20.0),(Vehicles2↦0.4306282475590706),(Vehicles3↦0.6133958324790001),(Vehicles4↦0.043515260331332684),(Vehicles5↦0.4584153741598129)}",
        "VehiclesY": "{(EgoVehicle↦8.000000238418579),(Vehicles2↦-4.0000001192092896),(Vehicles3↦0.0),(Vehicles4↦-8.000000238418579),(Vehicles5↦-4.0000001192092896)}",
        "VehiclesVy": "{(EgoVehicle↦0.0),(Vehicles2↦0.0),(Vehicles3↦0.0),(Vehicles4↦0.0),(Vehicles5↦0.0)}",
        "VehiclesX": "{(EgoVehicle↦200.0),(Vehicles2↦35.08951663970947),(Vehicles3↦49.25294816493988),(Vehicles4↦54.8209011554718),(Vehicles5↦110.06525754928589)}"
      },
      "probabilisticVariables": null,
      "activating": [
        "SLOWER_58"
      ],
      "activatingOnlyWhenExecuted": true,
      "updating": null,
      "withPredicate": null
    },
    {
      "id": "SLOWER_58",
      "execute": "SLOWER",
      "after": "1000",
      "priority": 0,
      "additionalGuards": null,
      "activationKind": null,
      "fixedVariables": {
        "Crash": "FALSE",
        "VehiclesAy": "{(EgoVehicle↦0.0),(Vehicles2↦0.0),(Vehicles3↦0.0),(Vehicles4↦0.0),(Vehicles5↦0.0)}",
        "Reward": "0.7333333333333334",
        "VehiclesAx": "{(EgoVehicle↦0.0),(Vehicles2↦0.001473166048526764),(Vehicles3↦0.006537437438964844),(Vehicles4↦0.013236422091722488),(Vehicles5↦0.0026760250329971313)}",
        "VehiclesVx": "{(EgoVehicle↦20.0),(Vehicles2↦0.43210141360759735),(Vehicles3↦0.6199332699179649),(Vehicles4↦0.05675168242305517),(Vehicles5↦0.46109139919281006)}",
        "VehiclesY": "{(EgoVehicle↦8.000000238418579),(Vehicles2↦-4.0000001192092896),(Vehicles3↦2.6645352591003757E-15),(Vehicles4↦-8.000000238418579),(Vehicles5↦-4.0000001192092896)}",
        "VehiclesVy": "{(EgoVehicle↦0.0),(Vehicles2↦0.0),(Vehicles3↦0.0),(Vehicles4↦0.0),(Vehicles5↦0.0)}",
        "VehiclesX": "{(EgoVehicle↦200.0),(Vehicles2↦35.520726442337036),(Vehicles3↦49.868953227996826),(Vehicles4↦54.86971735954285),(Vehicles5↦110.52471399307251)}"
      },
      "probabilisticVariables": null,
      "activating": [
        "SLOWER_59"
      ],
      "activatingOnlyWhenExecuted": true,
      "updating": null,
      "withPredicate": null
    },
    {
      "id": "SLOWER_59",
      "execute": "SLOWER",
      "after": "1000",
      "priority": 0,
      "additionalGuards": null,
      "activationKind": null,
      "fixedVariables": {
        "Crash": "FALSE",
        "VehiclesAy": "{(EgoVehicle↦0.0),(Vehicles2↦0.0),(Vehicles3↦0.0),(Vehicles4↦0.0),(Vehicles5↦0.0)}",
        "Reward": "0.7333333333333334",
        "VehiclesAx": "{(EgoVehicle↦0.0),(Vehicles2↦0.001589059829711914),(Vehicles3↦0.006605945527553558),(Vehicles4↦0.013105100952088833),(Vehicles5↦0.003075040876865387)}",
        "VehiclesVx": "{(EgoVehicle↦20.0),(Vehicles2↦0.43369047343730927),(Vehicles3↦0.6265392154455185),(Vehicles4↦0.069856783375144),(Vehicles5↦0.46416644006967545)}",
        "VehiclesY": "{(EgoVehicle↦8.000000238418579),(Vehicles2↦-4.0000001192092896),(Vehicles3↦0.0),(Vehicles4↦-8.000000238418579),(Vehicles5↦-4.0000001192092896)}",
        "VehiclesVy": "{(EgoVehicle↦0.0),(Vehicles2↦0.0),(Vehicles3↦0.0),(Vehicles4↦0.0),(Vehicles5↦0.0)}",
        "VehiclesX": "{(EgoVehicle↦200.0),(Vehicles2↦35.95345318317413),(Vehicles3↦50.49152374267578),(Vehicles4↦54.931724071502686),(Vehicles5↦110.98699569702148)}"
      },
      "probabilisticVariables": null,
      "activating": [
        "SLOWER_60"
      ],
      "activatingOnlyWhenExecuted": true,
      "updating": null,
      "withPredicate": null
    },
    {
      "id": "SLOWER_60",
      "execute": "SLOWER",
      "after": "1000",
      "priority": 0,
      "additionalGuards": null,
      "activationKind": null,
      "fixedVariables": {
        "Crash": "FALSE",
        "VehiclesAy": "{(EgoVehicle↦0.0),(Vehicles2↦0.0),(Vehicles3↦0.0),(Vehicles4↦0.0),(Vehicles5↦0.0)}",
        "Reward": "0.7333333333333334",
        "VehiclesAx": "{(EgoVehicle↦0.0),(Vehicles2↦0.0017125532031059265),(Vehicles3↦0.00666402280330658),(Vehicles4↦0.012968312948942184),(Vehicles5↦0.0034460052847862244)}",
        "VehiclesVx": "{(EgoVehicle↦20.0),(Vehicles2↦0.4354030266404152),(Vehicles3↦0.6332032382488251),(Vehicles4↦0.08282509632408619),(Vehicles5↦0.46761244535446167)}",
        "VehiclesY": "{(EgoVehicle↦8.000000238418579),(Vehicles2↦-4.0000001192092896),(Vehicles3↦0.0),(Vehicles4↦-8.000000238418579),(Vehicles5↦-4.0000001192092896)}",
        "VehiclesVy": "{(EgoVehicle↦0.0),(Vehicles2↦0.0),(Vehicles3↦0.0),(Vehicles4↦0.0),(Vehicles5↦0.0)}",
        "VehiclesX": "{(EgoVehicle↦200.0),(Vehicles2↦36.387819051742554),(Vehicles3↦51.12072229385376),(Vehicles4↦55.00677824020386),(Vehicles5↦111.45251989364624)}"
      },
      "probabilisticVariables": null,
      "activating": [
        "SLOWER_61"
      ],
      "activatingOnlyWhenExecuted": true,
      "updating": null,
      "withPredicate": null
    },
    {
      "id": "SLOWER_61",
      "execute": "SLOWER",
      "after": "1000",
      "priority": 0,
      "additionalGuards": null,
      "activationKind": null,
      "fixedVariables": {
        "Crash": "FALSE",
        "VehiclesAy": "{(EgoVehicle↦0.0),(Vehicles2↦0.0),(Vehicles3↦0.0),(Vehicles4↦0.0),(Vehicles5↦0.0)}",
        "Reward": "0.7333333333333334",
        "VehiclesAx": "{(EgoVehicle↦0.0),(Vehicles2↦0.0018421933054924011),(Vehicles3↦0.0067124515771865845),(Vehicles4↦0.012826938182115555),(Vehicles5↦0.0037899240851402283)}",
        "VehiclesVx": "{(EgoVehicle↦20.0),(Vehicles2↦0.4372452199459076),(Vehicles3↦0.6399156898260117),(Vehicles4↦0.09565203450620174),(Vehicles5↦0.4714023694396019)}",
        "VehiclesY": "{(EgoVehicle↦8.000000238418579),(Vehicles2↦-4.0000001192092896),(Vehicles3↦2.6645352591003757E-15),(Vehicles4↦-8.000000238418579),(Vehicles5↦-4.0000001192092896)}",
        "VehiclesVy": "{(EgoVehicle↦0.0),(Vehicles2↦0.0),(Vehicles3↦0.0),(Vehicles4↦0.0),(Vehicles5↦0.0)}",
        "VehiclesX": "{(EgoVehicle↦200.0),(Vehicles2↦36.823949217796326),(Vehicles3↦51.75660848617554),(Vehicles4↦55.09474277496338),(Vehicles5↦111.92162036895752)}"
      },
      "probabilisticVariables": null,
      "activating": null,
      "activatingOnlyWhenExecuted": true,
      "updating": null,
      "withPredicate": null
    }
  ],
  "listeners": [],
  "metadata": {
    "fileType": "Timed_Trace",
    "formatVersion": 3,
    "savedAt": "2023-08-15T12:35:20.389328Z",
    "creator": "Simulation: MONTE_CARLO_SIMULATION; MAX_STEPS_BEFORE_PROPERTY : 0, EXECUTIONS : 1000, ENDING_TIME : 60000",
    "proB2KernelVersion": "4.12.2",
    "proBCliVersion": "1.12.2-final",
    "modelName": "HighwayEnvironment"
  }
}