{
  "variables": {},
  "activations": [
    {
      "id": "$setup_constants",
      "execute": "$setup_constants",
      "after": "0",
      "priority": 0,
      "additionalGuards": null,
      "activationKind": null,
      "fixedVariables": null,
      "probabilisticVariables": null,
      "activating": null,
      "activatingOnlyWhenExecuted": true,
      "updating": null,
      "withPredicate": null
    },
    {
      "id": "$initialise_machine",
      "execute": "$initialise_machine",
      "after": "0",
      "priority": 0,
      "additionalGuards": null,
      "activationKind": null,
      "fixedVariables": {
        "Crash": "FALSE",
        "VehiclesAy": "{(EgoVehicle↦0.0),(Vehicles2↦0.0),(Vehicles3↦0.0),(Vehicles4↦0.0),(Vehicles5↦0.0)}",
        "Reward": "0.0",
        "VehiclesAx": "{(EgoVehicle↦0.0),(Vehicles2↦0.0),(Vehicles3↦0.0),(Vehicles4↦0.0),(Vehicles5↦0.0)}",
        "VehiclesVx": "{(EgoVehicle↦25.0),(Vehicles2↦-1.9564761221408844),(Vehicles3↦-1.8632003664970398),(Vehicles4↦-2.5393247604370117),(Vehicles5↦-2.4748289585113525)}",
        "VehiclesY": "{(EgoVehicle↦8.000000238418579),(Vehicles2↦-4.0000001192092896),(Vehicles3↦-4.0000001192092896),(Vehicles4↦-4.0000001192092896),(Vehicles5↦0.0)}",
        "VehiclesVy": "{(EgoVehicle↦0.0),(Vehicles2↦0.0),(Vehicles3↦0.0),(Vehicles4↦0.0),(Vehicles5↦0.0)}",
        "VehiclesX": "{(EgoVehicle↦150.74020624160767),(Vehicles2↦23.58374446630478),(Vehicles3↦45.92471122741699),(Vehicles4↦68.92975568771362),(Vehicles5↦90.98901152610779)}"
      },
      "probabilisticVariables": null,
      "activating": [
        "LANE_RIGHT_2"
      ],
      "activatingOnlyWhenExecuted": true,
      "updating": null,
      "withPredicate": null
    },
    {
      "id": "LANE_RIGHT_2",
      "execute": "LANE_RIGHT",
      "after": "1000",
      "priority": 0,
      "additionalGuards": null,
      "activationKind": null,
      "fixedVariables": {
        "Crash": "FALSE",
        "VehiclesAy": "{(EgoVehicle↦0.0),(Vehicles2↦-6.228154897689819),(Vehicles3↦1.4004814624786377),(Vehicles4↦-3.380364775657654),(Vehicles5↦0.0)}",
        "Reward": "0.8666666666666667",
        "VehiclesAx": "{(EgoVehicle↦0.0),(Vehicles2↦-7.178726643323898),(Vehicles3↦-5.473388135433197),(Vehicles4↦-1.334962248802185),(Vehicles5↦-3.955788016319275)}",
        "VehiclesVx": "{(EgoVehicle↦25.0),(Vehicles2↦-9.135202765464783),(Vehicles3↦-7.336588501930237),(Vehicles4↦-3.8742870092391968),(Vehicles5↦-6.430616974830627)}",
        "VehiclesY": "{(EgoVehicle↦8.000000238418579),(Vehicles2↦-4.935227394104004),(Vehicles3↦-5.064960837364197),(Vehicles4↦-6.795041084289551),(Vehicles5↦0.0)}",
        "VehiclesVy": "{(EgoVehicle↦0.0),(Vehicles2↦-6.228154897689819),(Vehicles3↦1.4004814624786377),(Vehicles4↦-3.380364775657654),(Vehicles5↦0.0)}",
        "VehiclesX": "{(EgoVehicle↦175.74020624160767),(Vehicles2↦19.105374813079834),(Vehicles3↦41.56229794025421),(Vehicles4↦65.67819118499756),(Vehicles5↦86.48699522018433)}"
      },
      "probabilisticVariables": null,
      "activating": [
        "LANE_RIGHT_3"
      ],
      "activatingOnlyWhenExecuted": true,
      "updating": null,
      "withPredicate": null
    },
    {
      "id": "LANE_RIGHT_3",
      "execute": "LANE_RIGHT",
      "after": "1000",
      "priority": 0,
      "additionalGuards": null,
      "activationKind": null,
      "fixedVariables": {
        "Crash": "FALSE",
        "VehiclesAy": "{(EgoVehicle↦0.0),(Vehicles2↦5.413278564810753),(Vehicles3↦-1.115117371082306),(Vehicles4↦3.1797606498003006),(Vehicles5↦-6.641518473625183)}",
        "Reward": "0.8666666666666667",
        "VehiclesAx": "{(EgoVehicle↦0.0),(Vehicles2↦1.1953121423721313),(Vehicles3↦0.6610524654388428),(Vehicles4↦-0.43381035327911377),(Vehicles5↦-2.0839381217956543)}",
        "VehiclesVx": "{(EgoVehicle↦25.0),(Vehicles2↦-7.939890623092651),(Vehicles3↦-6.675536036491394),(Vehicles4↦-4.3080973625183105),(Vehicles5↦-8.514555096626282)}",
        "VehiclesY": "{(EgoVehicle↦8.000000238418579),(Vehicles2↦-7.706344842910767),(Vehicles3↦-4.100344777107239),(Vehicles4↦-7.9313063621521),(Vehicles5↦-0.9574487507343292)}",
        "VehiclesVy": "{(EgoVehicle↦0.0),(Vehicles2↦-0.8148763328790665),(Vehicles3↦0.2853640913963318),(Vehicles4↦-0.2006041258573532),(Vehicles5↦-6.641518473625183)}",
        "VehiclesX": "{(EgoVehicle↦200.0),(Vehicles2↦10.263387113809586),(Vehicles3↦34.15691554546356),(Vehicles4↦61.89373731613159),(Vehicles5↦79.50249314308167)}"
      },
      "probabilisticVariables": null,
      "activating": [
        "SLOWER_4"
      ],
      "activatingOnlyWhenExecuted": true,
      "updating": null,
      "withPredicate": null
    },
    {
      "id": "SLOWER_4",
      "execute": "SLOWER",
      "after": "1000",
      "priority": 0,
      "additionalGuards": null,
      "activationKind": null,
      "fixedVariables": {
        "Crash": "FALSE",
        "VehiclesAy": "{(EgoVehicle↦0.0),(Vehicles2↦0.7495465688407421),(Vehicles3↦-0.2648502145893872),(Vehicles4↦0.1885889854747802),(Vehicles5↦-7.354928031563759)}",
        "Reward": "0.750891632373114",
        "VehiclesAx": "{(EgoVehicle↦-4.341564178466797),(Vehicles2↦5.449051409959793),(Vehicles3↦4.146380722522736),(Vehicles4↦3.7381432577967644),(Vehicles5↦6.504859924316406)}",
        "VehiclesVx": "{(EgoVehicle↦20.658435821533203),(Vehicles2↦-2.4908392131328583),(Vehicles3↦-2.5291553139686584),(Vehicles4↦-0.5699541047215462),(Vehicles5↦-2.0096951723098755)}",
        "VehiclesY": "{(EgoVehicle↦8.000000238418579),(Vehicles2↦-7.976842403411865),(Vehicles3↦-4.007370829582214),(Vehicles4↦-7.995853900909424),(Vehicles5↦-3.7502124309539795)}",
        "VehiclesVy": "{(EgoVehicle↦0.0),(Vehicles2↦-0.06532976403832436),(Vehicles3↦0.02051387680694461),(Vehicles4↦-0.012015140382573009),(Vehicles5↦-0.7134095579385757)}",
        "VehiclesX": "{(EgoVehicle↦200.0),(Vehicles2↦5.209291726350784),(Vehicles3↦29.92096245288849),(Vehicles4↦59.696757793426514),(Vehicles5↦74.56912994384766)}"
      },
      "probabilisticVariables": null,
      "activating": [
        "LANE_RIGHT_5"
      ],
      "activatingOnlyWhenExecuted": true,
      "updating": null,
      "withPredicate": null
    },
    {
      "id": "LANE_RIGHT_5",
      "execute": "LANE_RIGHT",
      "after": "1000",
      "priority": 0,
      "additionalGuards": null,
      "activationKind": null,
      "fixedVariables": {
        "Crash": "FALSE",
        "VehiclesAy": "{(EgoVehicle↦0.0),(Vehicles2↦0.06056067912140861),(Vehicles3↦-0.018945806368719786),(Vehicles4↦0.011263175547355786),(Vehicles5↦-0.7623785920441151)}",
        "Reward": "0.735645537322111",
        "VehiclesAx": "{(EgoVehicle↦-0.5717277526855469),(Vehicles2↦1.2456966191530228),(Vehicles3↦0.5253370106220245),(Vehicles4↦0.3294573910534382),(Vehicles5↦1.492147296667099)}",
        "VehiclesVx": "{(EgoVehicle↦20.086708068847656),(Vehicles2↦-1.2451425939798355),(Vehicles3↦-2.003818303346634),(Vehicles4↦-0.240496713668108),(Vehicles5↦-0.5175478756427765)}",
        "VehiclesY": "{(EgoVehicle↦8.000000238418579),(Vehicles2↦-7.998326539993286),(Vehicles3↦-4.000561594963074),(Vehicles4↦-7.9997398853302),(Vehicles5↦-3.9831072092056274)}",
        "VehiclesVy": "{(EgoVehicle↦0.0),(Vehicles2↦-0.0047690849169157445),(Vehicles3↦0.0015680704382248223),(Vehicles4↦-0.0007519648352172226),(Vehicles5↦-0.04896903410553932)}",
        "VehiclesX": "{(EgoVehicle↦200.0),(Vehicles2↦3.33070270717144),(Vehicles3↦27.660399675369263),(Vehicles4↦59.32739973068237),(Vehicles5↦73.2836127281189)}"
      },
      "probabilisticVariables": null,
      "activating": [
        "LANE_RIGHT_6"
      ],
      "activatingOnlyWhenExecuted": true,
      "updating": null,
      "withPredicate": null
    },
    {
      "id": "LANE_RIGHT_6",
      "execute": "LANE_RIGHT",
      "after": "1000",
      "priority": 0,
      "additionalGuards": null,
      "activationKind": null,
      "fixedVariables": {
        "Crash": "FALSE",
        "VehiclesAy": "{(EgoVehicle↦0.0),(Vehicles2↦0.004440220436663367),(Vehicles3↦-0.0014492442369373748),(Vehicles4↦0.0007041060689516598),(Vehicles5↦-0.05207132315263152)}",
        "Reward": "0.7336378211014029",
        "VehiclesAx": "{(EgoVehicle↦-0.07529020309448242),(Vehicles2↦0.4739360511302948),(Vehicles3↦0.26029378175735474),(Vehicles4↦-0.019180960953235626),(Vehicles5↦0.6150876823812723)}",
        "VehiclesVx": "{(EgoVehicle↦20.011417865753174),(Vehicles2↦-0.7712065428495407),(Vehicles3↦-1.7435245215892792),(Vehicles4↦-0.2596776746213436),(Vehicles5↦0.09753980673849583)}",
        "VehiclesY": "{(EgoVehicle↦8.000000238418579),(Vehicles2↦-7.999885082244873),(Vehicles3↦-4.0000423192977905),(Vehicles4↦-7.999983072280884),(Vehicles5↦-3.9989386796951294)}",
        "VehiclesVy": "{(EgoVehicle↦0.0),(Vehicles2↦-0.0003288644802523777),(Vehicles3↦0.00011882620128744747),(Vehicles4↦-4.7858766265562735E-05),(Vehicles5↦-0.0031022890470921993)}",
        "VehiclesX": "{(EgoVehicle↦200.0),(Vehicles2↦2.3037798702716827),(Vehicles3↦25.76153576374054),(Vehicles4↦59.0837836265564),(Vehicles5↦73.04765582084656)}"
      },
      "probabilisticVariables": null,
      "activating": [
        "FASTER_7"
      ],
      "activatingOnlyWhenExecuted": true,
      "updating": null,
      "withPredicate": null
    },
    {
      "id": "FASTER_7",
      "execute": "FASTER",
      "after": "1000",
      "priority": 0,
      "additionalGuards": null,
      "activationKind": null,
      "fixedVariables": {
        "Crash": "FALSE",
        "VehiclesAy": "{(EgoVehicle↦0.0),(Vehicles2↦0.000306933279716759),(Vehicles3↦-0.00011003528072706104),(Vehicles4↦4.479285394154431E-05),(Vehicles5↦-0.0032898961762839463)}",
        "Reward": "0.8491484647815289",
        "VehiclesAx": "{(EgoVehicle↦4.331650733947754),(Vehicles2↦-4.103247299790382),(Vehicles3↦-4.071394354104996),(Vehicles4↦-4.375068936496973),(Vehicles5↦-4.034229898825288)}",
        "VehiclesVx": "{(EgoVehicle↦24.343068599700928),(Vehicles2↦-4.874453842639923),(Vehicles3↦-5.814918875694275),(Vehicles4↦-4.634746611118317),(Vehicles5↦-3.936690092086792)}",
        "VehiclesY": "{(EgoVehicle↦8.000000238418579),(Vehicles2↦-7.999992370605469),(Vehicles3↦-4.000002980232239),(Vehicles4↦-7.9999988079071045),(Vehicles5↦-3.999936103820801)}",
        "VehiclesVy": "{(EgoVehicle↦0.0),(Vehicles2↦-2.19312005356187E-05),(Vehicles3↦8.79092056038644E-06),(Vehicles4↦-3.065912324018427E-06),(Vehicles5↦-0.00018760712919174694)}",
        "VehiclesX": "{(EgoVehicle↦200.0),(Vehicles2↦-0.7552407216280699),(Vehicles3↦21.73023372888565),(Vehicles4↦56.41530752182007),(Vehicles5↦70.88958024978638)}"
      },
      "probabilisticVariables": null,
      "activating": [
        "SLOWER_8"
      ],
      "activatingOnlyWhenExecuted": true,
      "updating": null,
      "withPredicate": null
    },
    {
      "id": "SLOWER_8",
      "execute": "SLOWER",
      "after": "1000",
      "priority": 0,
      "additionalGuards": null,
      "activationKind": null,
      "fixedVariables": {
        "Crash": "FALSE",
        "VehiclesAy": "{(EgoVehicle↦0.0),(Vehicles2↦2.049625493327767E-05),(Vehicles3↦-8.158483097986391E-06),(Vehicles4↦2.868790076604455E-06),(Vehicles5↦-0.0001986712470625207)}",
        "Reward": "0.7485847086680751",
        "VehiclesAx": "{(EgoVehicle↦-3.7711429595947266),(Vehicles2↦3.8971682637929916),(Vehicles3↦4.034423977136612),(Vehicles4↦3.7358883768320084),(Vehicles5↦3.9225228154100478)}",
        "VehiclesVx": "{(EgoVehicle↦20.5719256401062),(Vehicles2↦-0.9772855788469315),(Vehicles3↦-1.780494898557663),(Vehicles4↦-0.8988582342863083),(Vehicles5↦-0.014167276676744223)}",
        "VehiclesY": "{(EgoVehicle↦8.000000238418579),(Vehicles2↦-7.999999523162842),(Vehicles3↦-4.0000001192092896),(Vehicles4↦-8.000000238418579),(Vehicles5↦-3.9999961853027344)}",
        "VehiclesVy": "{(EgoVehicle↦0.0),(Vehicles2↦-1.4349456023410312E-06),(Vehicles3↦6.324374624000484E-07),(Vehicles4↦-1.9712224741397222E-07),(Vehicles5↦-1.106411787077377E-05)}",
        "VehiclesX": "{(EgoVehicle↦200.0),(Vehicles2↦-3.492650017142296),(Vehicles3↦18.102385103702545),(Vehicles4↦53.84711027145386),(Vehicles5↦69.10254955291748)}"
      },
      "probabilisticVariables": null,
      "activating": [
        "SLOWER_9"
      ],
      "activatingOnlyWhenExecuted": true,
      "updating": null,
      "withPredicate": null
    },
    {
      "id": "SLOWER_9",
      "execute": "SLOWER",
      "after": "1000",
      "priority": 0,
      "additionalGuards": null,
      "activationKind": null,
      "fixedVariables": {
        "Crash": "FALSE",
        "VehiclesAy": "{(EgoVehicle↦0.0),(Vehicles2↦1.342021347383593E-06),(Vehicles3↦-5.881370057636559E-07),(Vehicles4↦1.843994645867042E-07),(Vehicles5↦-1.1708638254503967E-05)}",
        "Reward": "0.7353417449000483",
        "VehiclesAx": "{(EgoVehicle↦-0.4966092109680176),(Vehicles2↦0.5607323348522186),(Vehicles3↦0.7332337647676468),(Vehicles4↦0.4529205337166786),(Vehicles5↦0.5647918186150491)}",
        "VehiclesVx": "{(EgoVehicle↦20.075316429138184),(Vehicles2↦-0.41655324399471283),(Vehicles3↦-1.0472611337900162),(Vehicles4↦-0.44593770056962967),(Vehicles5↦0.5506245419383049)}",
        "VehiclesY": "{(EgoVehicle↦8.000000238418579),(Vehicles2↦-8.000000238418579),(Vehicles3↦-4.0000001192092896),(Vehicles4↦-8.000000238418579),(Vehicles5↦-3.999999761581421)}",
        "VehiclesVy": "{(EgoVehicle↦0.0),(Vehicles2↦-9.292425495743828E-08),(Vehicles3↦4.430045663639248E-08),(Vehicles4↦-1.272278282726802E-08),(Vehicles5↦-6.44520383730196E-07)}",
        "VehiclesX": "{(EgoVehicle↦200.0),(Vehicles2↦-4.16649617254734),(Vehicles3↦16.693180799484253),(Vehicles4↦53.2056987285614),(Vehicles5↦69.39446926116943)}"
      },
      "probabilisticVariables": null,
      "activating": [
        "FASTER_10"
      ],
      "activatingOnlyWhenExecuted": true,
      "updating": null,
      "withPredicate": null
    },
    {
      "id": "FASTER_10",
      "execute": "FASTER",
      "after": "1000",
      "priority": 0,
      "additionalGuards": null,
      "activationKind": null,
      "fixedVariables": {
        "Crash": "FALSE",
        "VehiclesAy": "{(EgoVehicle↦0.0),(Vehicles2↦8.693632480571978E-08),(Vehicles3↦-4.126924579850311E-08),(Vehicles4↦1.1897416385409088E-08),(Vehicles5↦-6.818757647408802E-07)}",
        "Reward": "0.849372849808511",
        "VehiclesAx": "{(EgoVehicle↦4.276165962219238),(Vehicles2↦-4.250649884343147),(Vehicles3↦-4.074842557311058),(Vehicles4↦-4.33248084038496),(Vehicles5↦-4.25375085324049)}",
        "VehiclesVx": "{(EgoVehicle↦24.351482391357422),(Vehicles2↦-4.66720312833786),(Vehicles3↦-5.122103691101074),(Vehicles4↦-4.77841854095459),(Vehicles5↦-3.703126311302185)}",
        "VehiclesY": "{(EgoVehicle↦8.000000238418579),(Vehicles2↦-8.000000238418579),(Vehicles3↦-4.0000001192092896),(Vehicles4↦-8.000000238418579),(Vehicles5↦-4.0000001192092896)}",
        "VehiclesVy": "{(EgoVehicle↦0.0),(Vehicles2↦-5.987930151718501E-09),(Vehicles3↦3.0312108378893754E-09),(Vehicles4↦-8.253664418589324E-10),(Vehicles5↦-3.735538101068414E-08)}",
        "VehiclesX": "{(EgoVehicle↦200.0),(Vehicles2↦-6.929381191730499),(Vehicles3↦13.370338082313538),(Vehicles4↦50.37925839424133),(Vehicles5↦67.5977110862732)}"
      },
      "probabilisticVariables": null,
      "activating": [
        "SLOWER_11"
      ],
      "activatingOnlyWhenExecuted": true,
      "updating": null,
      "withPredicate": null
    },
    {
      "id": "SLOWER_11",
      "execute": "SLOWER",
      "after": "1000",
      "priority": 0,
      "additionalGuards": null,
      "activationKind": null,
      "fixedVariables": {
        "Crash": "FALSE",
        "VehiclesAy": "{(EgoVehicle↦0.0),(Vehicles2↦5.602656116820981E-09),(Vehicles3↦-2.8278712704832287E-09),(Vehicles4↦7.714628935673318E-10),(Vehicles5↦-3.951801552659617E-08)}",
        "Reward": "0.7486142573136036",
        "VehiclesAx": "{(EgoVehicle↦-3.7784481048583984),(Vehicles2↦3.7787532806396484),(Vehicles3↦3.9453332126140594),(Vehicles4↦3.7107285112142563),(Vehicles5↦3.776308265514672)}",
        "VehiclesVx": "{(EgoVehicle↦20.573034286499023),(Vehicles2↦-0.8884498476982117),(Vehicles3↦-1.1767704784870148),(Vehicles4↦-1.0676900297403336),(Vehicles5↦0.07318195421248674)}",
        "VehiclesY": "{(EgoVehicle↦8.000000238418579),(Vehicles2↦-8.000000238418579),(Vehicles3↦-4.0000001192092896),(Vehicles4↦-8.000000238418579),(Vehicles5↦-4.0000001192092896)}",
        "VehiclesVy": "{(EgoVehicle↦0.0),(Vehicles2↦-3.852740348975203E-10),(Vehicles3↦2.0333956740614667E-10),(Vehicles4↦-5.39035482916006E-11),(Vehicles5↦-2.162634515912032E-09)}",
        "VehiclesX": "{(EgoVehicle↦200.0),(Vehicles2↦-9.510405361652374),(Vehicles3↦10.402005165815353),(Vehicles4↦47.65896201133728),(Vehicles5↦65.9795343875885)}"
      },
      "probabilisticVariables": null,
      "activating": [
        "SLOWER_12"
      ],
      "activatingOnlyWhenExecuted": true,
      "updating": null,
      "withPredicate": null
    },
    {
      "id": "SLOWER_12",
      "execute": "SLOWER",
      "after": "1000",
      "priority": 0,
      "additionalGuards": null,
      "activationKind": null,
      "fixedVariables": {
        "Crash": "FALSE",
        "VehiclesAy": "{(EgoVehicle↦0.0),(Vehicles2↦3.986855290349922E-10),(Vehicles3↦-2.0689228108494717E-10),(Vehicles4↦-7.141842672808707E-11),(Vehicles5↦-2.2003465716124992E-09)}",
        "Reward": "0.7353456360797064",
        "VehiclesAx": "{(EgoVehicle↦-0.4975724220275879),(Vehicles2↦0.34613046795129776),(Vehicles3↦0.5307356268167496),(Vehicles4↦1.6234459728002548),(Vehicles5↦-1.3716058107092977)}",
        "VehiclesVx": "{(EgoVehicle↦20.075461864471436),(Vehicles2↦-0.5423193797469139),(Vehicles3↦-0.6460348516702652),(Vehicles4↦0.5557559430599213),(Vehicles5↦-1.298423856496811)}",
        "VehiclesY": "{(EgoVehicle↦8.000000238418579),(Vehicles2↦-4.0000001192092896),(Vehicles3↦-8.000000238418579),(Vehicles4↦-4.0000001192092896),(Vehicles5↦-8.000000238418579)}",
        "VehiclesVy": "{(EgoVehicle↦0.0),(Vehicles2↦1.3411494137471891E-11),(Vehicles3↦-3.552713678800501E-12),(Vehicles4↦-1.2532197501968767E-10),(Vehicles5↦-3.771205570046732E-11)}",
        "VehiclesX": "{(EgoVehicle↦200.0),(Vehicles2↦9.556668996810913),(Vehicles3↦46.83590531349182),(Vehicles4↦66.32192730903625),(Vehicles5↦107.16861486434937)}"
      },
      "probabilisticVariables": null,
      "activating": [
        "FASTER_13"
      ],
      "activatingOnlyWhenExecuted": true,
      "updating": null,
      "withPredicate": null
    },
    {
      "id": "FASTER_13",
      "execute": "FASTER",
      "after": "1000",
      "priority": 0,
      "additionalGuards": null,
      "activationKind": null,
      "fixedVariables": {
        "Crash": "FALSE",
        "VehiclesAy": "{(EgoVehicle↦0.0),(Vehicles2↦-1.2541079286165768E-11),(Vehicles3↦3.3217872896784684E-12),(Vehicles4↦1.1804779376234364E-10),(Vehicles5↦-4.0394354527961696E-11)}",
        "Reward": "0.8493733622272316",
        "VehiclesAx": "{(EgoVehicle↦4.2760396003723145),(Vehicles2↦-4.1639793291687965),(Vehicles3↦-4.356536492705345),(Vehicles4↦-4.297542721033096),(Vehicles5↦-4.4002242386341095)}",
        "VehiclesVx": "{(EgoVehicle↦24.35150146484375),(Vehicles2↦-4.7062987089157104),(Vehicles3↦-5.00257134437561),(Vehicles4↦-3.741786777973175),(Vehicles5↦-5.69864809513092)}",
        "VehiclesY": "{(EgoVehicle↦8.000000238418579),(Vehicles2↦-4.0000001192092896),(Vehicles3↦-8.000000238418579),(Vehicles4↦-4.0000001192092896),(Vehicles5↦-8.000000238418579)}",
        "VehiclesVy": "{(EgoVehicle↦0.0),(Vehicles2↦8.704148513061227E-13),(Vehicles3↦-2.3092638912203256E-13),(Vehicles4↦-7.274181257344026E-12),(Vehicles5↦-2.682298827494378E-12)}",
        "VehiclesX": "{(EgoVehicle↦200.0),(Vehicles2↦6.702042371034622),(Vehicles3↦43.798983097076416),(Vehicles4↦64.51051831245422),(Vehicles5↦103.45923900604248)}"
      },
      "probabilisticVariables": null,
      "activating": [
        "FASTER_14"
      ],
      "activatingOnlyWhenExecuted": true,
      "updating": null,
      "withPredicate": null
    },
    {
      "id": "FASTER_14",
      "execute": "FASTER",
      "after": "1000",
      "priority": 0,
      "additionalGuards": null,
      "activationKind": null,
      "fixedVariables": {
        "Crash": "FALSE",
        "VehiclesAy": "{(EgoVehicle↦0.0),(Vehicles2↦-8.171241461241152E-13),(Vehicles3↦2.1316282072803006E-13),(Vehicles4↦6.8478556158879655E-12),(Vehicles5↦-2.8688162956314045E-12)}",
        "Reward": "0.9801643933797178",
        "VehiclesAx": "{(EgoVehicle↦4.904663562774658),(Vehicles2↦-4.812643527984619),(Vehicles3↦-4.986365437507629),(Vehicles4↦-4.929237067699432),(Vehicles5↦-4.999480843544006)}",
        "VehiclesVx": "{(EgoVehicle↦29.256165027618408),(Vehicles2↦-9.51894223690033),(Vehicles3↦-9.98893678188324),(Vehicles4↦-8.671023845672607),(Vehicles5↦-10.698128938674927)}",
        "VehiclesY": "{(EgoVehicle↦8.000000238418579),(Vehicles2↦-4.0000001192092896),(Vehicles3↦-8.000000238418579),(Vehicles4↦-4.0000001192092896),(Vehicles5↦-8.000000238418579)}",
        "VehiclesVy": "{(EgoVehicle↦0.0),(Vehicles2↦5.3290705182007514E-14),(Vehicles3↦-1.7763568394002505E-14),(Vehicles4↦-4.263256414560601E-13),(Vehicles5↦-1.865174681370263E-13)}",
        "VehiclesX": "{(EgoVehicle↦200.0),(Vehicles2↦-0.6717176642268896),(Vehicles3↦36.05800271034241),(Vehicles4↦58.053356409072876),(Vehicles5↦95.01465559005737)}"
      },
      "probabilisticVariables": null,
      "activating": [
        "SLOWER_15"
      ],
      "activatingOnlyWhenExecuted": true,
      "updating": null,
      "withPredicate": null
    },
    {
      "id": "SLOWER_15",
      "execute": "SLOWER",
      "after": "1000",
      "priority": 0,
      "additionalGuards": null,
      "activationKind": null,
      "fixedVariables": {
        "Crash": "FALSE",
        "VehiclesAy": "{(EgoVehicle↦0.0),(Vehicles2↦-5.3290705182007514E-14),(Vehicles3↦1.7763568394002505E-14),(Vehicles4↦3.9968028886505635E-13),(Vehicles5↦-2.042810365310288E-13)}",
        "Reward": "0.8816128693613895",
        "VehiclesAx": "{(EgoVehicle↦-3.695683479309082),(Vehicles2↦3.7716513872146606),(Vehicles3↦3.6156517267227173),(Vehicles4↦3.6698907613754272),(Vehicles5↦3.6285758018493652)}",
        "VehiclesVx": "{(EgoVehicle↦25.560481548309326),(Vehicles2↦-5.747290849685669),(Vehicles3↦-6.3732850551605225),(Vehicles4↦-5.00113308429718),(Vehicles5↦-7.0695531368255615)}",
        "VehiclesY": "{(EgoVehicle↦8.000000238418579),(Vehicles2↦-4.0000001192092896),(Vehicles3↦-8.000000238418579),(Vehicles4↦-4.0000001192092896),(Vehicles5↦-8.000000238418579)}",
        "VehiclesVy": "{(EgoVehicle↦0.0),(Vehicles2↦0.0),(Vehicles3↦0.0),(Vehicles4↦-2.6645352591003757E-14),(Vehicles5↦-1.7763568394002505E-14)}",
        "VehiclesX": "{(EgoVehicle↦200.0),(Vehicles2↦-8.120371401309967),(Vehicles3↦28.075575828552246),(Vehicles4↦51.410818099975586),(Vehicles5↦86.32632493972778)}"
      },
      "probabilisticVariables": null,
      "activating": [
        "SLOWER_16"
      ],
      "activatingOnlyWhenExecuted": true,
      "updating": null,
      "withPredicate": null
    },
    {
      "id": "SLOWER_16",
      "execute": "SLOWER",
      "after": "1000",
      "priority": 0,
      "additionalGuards": null,
      "activationKind": null,
      "fixedVariables": {
        "Crash": "FALSE",
        "VehiclesAy": "{(EgoVehicle↦0.0),(Vehicles2↦0.0),(Vehicles3↦0.0),(Vehicles4↦2.6645352591003757E-14),(Vehicles5↦-1.7763568394002505E-14)}",
        "Reward": "0.7528598565962872",
        "VehiclesAx": "{(EgoVehicle↦-4.828236103057861),(Vehicles2↦4.126204252243042),(Vehicles3↦6.1743831261992455),(Vehicles4↦2.7174822986125946),(Vehicles5↦7.754056453704834)}",
        "VehiclesVx": "{(EgoVehicle↦20.732245445251465),(Vehicles2↦-1.621086597442627),(Vehicles3↦-0.198901928961277),(Vehicles4↦-2.2836507856845856),(Vehicles5↦0.6845033168792725)}",
        "VehiclesY": "{(EgoVehicle↦8.000000238418579),(Vehicles2↦-8.000000238418579),(Vehicles3↦-4.0000001192092896),(Vehicles4↦-8.000000238418579),(Vehicles5↦0.0)}",
        "VehiclesVy": "{(EgoVehicle↦0.0),(Vehicles2↦0.0),(Vehicles3↦0.0),(Vehicles4↦0.0),(Vehicles5↦0.0)}",
        "VehiclesX": "{(EgoVehicle↦200.0),(Vehicles2↦24.335016310214996),(Vehicles3↦49.06281232833862),(Vehicles4↦81.90153241157532),(Vehicles5↦97.96138405799866)}"
      },
      "probabilisticVariables": null,
      "activating": [
        "FASTER_17"
      ],
      "activatingOnlyWhenExecuted": true,
      "updating": null,
      "withPredicate": null
    },
    {
      "id": "FASTER_17",
      "execute": "FASTER",
      "after": "1000",
      "priority": 0,
      "additionalGuards": null,
      "activationKind": null,
      "fixedVariables": {
        "Crash": "FALSE",
        "VehiclesAy": "{(EgoVehicle↦0.0),(Vehicles2↦0.0),(Vehicles3↦0.0),(Vehicles4↦0.0),(Vehicles5↦0.0)}",
        "Reward": "0.8516797616368225",
        "VehiclesAx": "{(EgoVehicle↦3.705744743347168),(Vehicles2↦-3.7760239839553833),(Vehicles3↦-3.731420896947384),(Vehicles4↦-3.7268273532390594),(Vehicles5↦-3.697427213191986)}",
        "VehiclesVx": "{(EgoVehicle↦24.437990188598633),(Vehicles2↦-5.39711058139801),(Vehicles3↦-3.930322825908661),(Vehicles4↦-6.010478138923645),(Vehicles5↦-3.0129238963127136)}",
        "VehiclesY": "{(EgoVehicle↦8.000000238418579),(Vehicles2↦-8.000000238418579),(Vehicles3↦-4.0000001192092896),(Vehicles4↦-8.000000238418579),(Vehicles5↦0.0)}",
        "VehiclesVy": "{(EgoVehicle↦0.0),(Vehicles2↦0.0),(Vehicles3↦0.0),(Vehicles4↦0.0),(Vehicles5↦0.0)}",
        "VehiclesX": "{(EgoVehicle↦200.0),(Vehicles2↦20.640993118286133),(Vehicles3↦46.80929183959961),(Vehicles4↦77.56358981132507),(Vehicles5↦96.60494923591614)}"
      },
      "probabilisticVariables": null,
      "activating": [
        "LANE_RIGHT_18"
      ],
      "activatingOnlyWhenExecuted": true,
      "updating": null,
      "withPredicate": null
    },
    {
      "id": "LANE_RIGHT_18",
      "execute": "LANE_RIGHT",
      "after": "1000",
      "priority": 0,
      "additionalGuards": null,
      "activationKind": null,
      "fixedVariables": {
        "Crash": "FALSE",
        "VehiclesAy": "{(EgoVehicle↦0.0),(Vehicles2↦0.0),(Vehicles3↦0.0),(Vehicles4↦0.0),(Vehicles5↦0.0)}",
        "Reward": "0.8646930824652057",
        "VehiclesAx": "{(EgoVehicle↦0.48799991607666016),(Vehicles2↦-0.5512517690658569),(Vehicles3↦-0.5130374431610107),(Vehicles4↦-0.4914534091949463),(Vehicles5↦-0.4802444577217102)}",
        "VehiclesVx": "{(EgoVehicle↦24.925990104675293),(Vehicles2↦-5.948362350463867),(Vehicles3↦-4.443360269069672),(Vehicles4↦-6.501931548118591),(Vehicles5↦-3.493168354034424)}",
        "VehiclesY": "{(EgoVehicle↦8.000000238418579),(Vehicles2↦-8.000000238418579),(Vehicles3↦-4.0000001192092896),(Vehicles4↦-8.000000238418579),(Vehicles5↦0.0)}",
        "VehiclesVy": "{(EgoVehicle↦0.0),(Vehicles2↦0.0),(Vehicles3↦0.0),(Vehicles4↦0.0),(Vehicles5↦0.0)}",
        "VehiclesX": "{(EgoVehicle↦200.0),(Vehicles2↦14.948771893978119),(Vehicles3↦42.5996869802475),(Vehicles4↦71.28124833106995),(Vehicles5↦93.3259665966034)}"
      },
      "probabilisticVariables": null,
      "activating": [
        "LANE_RIGHT_19"
      ],
      "activatingOnlyWhenExecuted": true,
      "updating": null,
      "withPredicate": null
    },
    {
      "id": "LANE_RIGHT_19",
      "execute": "LANE_RIGHT",
      "after": "1000",
      "priority": 0,
      "additionalGuards": null,
      "activationKind": null,
      "fixedVariables": {
        "Crash": "FALSE",
        "VehiclesAy": "{(EgoVehicle↦0.0),(Vehicles2↦0.0),(Vehicles3↦0.0),(Vehicles4↦0.0),(Vehicles5↦0.0)}",
        "Reward": "0.8664067708047458",
        "VehiclesAx": "{(EgoVehicle↦0.06426334381103516),(Vehicles2↦-0.11967599391937256),(Vehicles3↦-0.08849292993545532),(Vehicles4↦-0.05354166030883789),(Vehicles5↦-0.05709320306777954)}",
        "VehiclesVx": "{(EgoVehicle↦24.990253448486328),(Vehicles2↦-6.06803834438324),(Vehicles3↦-4.531853199005127),(Vehicles4↦-6.555473208427429),(Vehicles5↦-3.5502615571022034)}",
        "VehiclesY": "{(EgoVehicle↦8.000000238418579),(Vehicles2↦-8.000000238418579),(Vehicles3↦-4.0000001192092896),(Vehicles4↦-8.000000238418579),(Vehicles5↦0.0)}",
        "VehiclesVy": "{(EgoVehicle↦0.0),(Vehicles2↦0.0),(Vehicles3↦0.0),(Vehicles4↦0.0),(Vehicles5↦0.0)}",
        "VehiclesX": "{(EgoVehicle↦200.0),(Vehicles2↦8.942143619060516),(Vehicles3↦38.111114501953125),(Vehicles4↦64.747154712677),(Vehicles5↦89.80026245117188)}"
      },
      "probabilisticVariables": null,
      "activating": [
        "LANE_RIGHT_20"
      ],
      "activatingOnlyWhenExecuted": true,
      "updating": null,
      "withPredicate": null
    },
    {
      "id": "LANE_RIGHT_20",
      "execute": "LANE_RIGHT",
      "after": "1000",
      "priority": 0,
      "additionalGuards": null,
      "activationKind": null,
      "fixedVariables": {
        "Crash": "FALSE",
        "VehiclesAy": "{(EgoVehicle↦0.0),(Vehicles2↦0.0),(Vehicles3↦0.0),(Vehicles4↦0.0),(Vehicles5↦0.0)}",
        "Reward": "0.8666324416971957",
        "VehiclesAx": "{(EgoVehicle↦0.008463859558105469),(Vehicles2↦-0.05561649799346924),(Vehicles3↦-0.03178298473358154),(Vehicles4↦0.013319253921508789),(Vehicles5↦-0.001868605613708496)}",
        "VehiclesVx": "{(EgoVehicle↦24.998717308044434),(Vehicles2↦-6.123654842376709),(Vehicles3↦-4.5636361837387085),(Vehicles4↦-6.54215395450592),(Vehicles5↦-3.552130162715912)}",
        "VehiclesY": "{(EgoVehicle↦8.000000238418579),(Vehicles2↦-8.000000238418579),(Vehicles3↦-4.0000001192092896),(Vehicles4↦-8.000000238418579),(Vehicles5↦0.0)}",
        "VehiclesVy": "{(EgoVehicle↦0.0),(Vehicles2↦0.0),(Vehicles3↦0.0),(Vehicles4↦0.0),(Vehicles5↦0.0)}",
        "VehiclesX": "{(EgoVehicle↦200.0),(Vehicles2↦2.84990593791008),(Vehicles3↦33.56518745422363),(Vehicles4↦58.194953203201294),(Vehicles5↦86.2480103969574)}"
      },
      "probabilisticVariables": null,
      "activating": [
        "LANE_RIGHT_21"
      ],
      "activatingOnlyWhenExecuted": true,
      "updating": null,
      "withPredicate": null
    },
    {
      "id": "LANE_RIGHT_21",
      "execute": "LANE_RIGHT",
      "after": "1000",
      "priority": 0,
      "additionalGuards": null,
      "activationKind": null,
      "fixedVariables": {
        "Crash": "FALSE",
        "VehiclesAy": "{(EgoVehicle↦0.0),(Vehicles2↦0.0),(Vehicles3↦0.0),(Vehicles4↦0.0),(Vehicles5↦0.0)}",
        "Reward": "0.8666621596748021",
        "VehiclesAx": "{(EgoVehicle↦0.0011134147644042969),(Vehicles2↦-0.03991663455963135),(Vehicles3↦-0.023464560508728027),(Vehicles4↦0.02902686595916748),(Vehicles5↦0.00492781400680542)}",
        "VehiclesVx": "{(EgoVehicle↦24.999830722808838),(Vehicles2↦-6.16357147693634),(Vehicles3↦-4.5871007442474365),(Vehicles4↦-6.513127088546753),(Vehicles5↦-3.5472023487091064)}",
        "VehiclesY": "{(EgoVehicle↦8.000000238418579),(Vehicles2↦-8.000000238418579),(Vehicles3↦-4.0000001192092896),(Vehicles4↦-8.000000238418579),(Vehicles5↦0.0)}",
        "VehiclesVy": "{(EgoVehicle↦0.0),(Vehicles2↦0.0),(Vehicles3↦0.0),(Vehicles4↦0.0),(Vehicles5↦0.0)}",
        "VehiclesX": "{(EgoVehicle↦200.0),(Vehicles2↦-3.2905492931604385),(Vehicles3↦28.99191677570343),(Vehicles4↦51.66366696357727),(Vehicles5↦82.69772529602051)}"
      },
      "probabilisticVariables": null,
      "activating": [
        "LANE_RIGHT_22"
      ],
      "activatingOnlyWhenExecuted": true,
      "updating": null,
      "withPredicate": null
    },
    {
      "id": "LANE_RIGHT_22",
      "execute": "LANE_RIGHT",
      "after": "1000",
      "priority": 0,
      "additionalGuards": null,
      "activationKind": null,
      "fixedVariables": {
        "Crash": "FALSE",
        "VehiclesAy": "{(EgoVehicle↦0.0),(Vehicles2↦0.0),(Vehicles3↦0.0),(Vehicles4↦0.0),(Vehicles5↦0.0)}",
        "Reward": "0.8666660731533348",
        "VehiclesAx": "{(EgoVehicle↦0.00014781951904296875),(Vehicles2↦-0.03076791763305664),(Vehicles3↦-0.021489858627319336),(Vehicles4↦0.036086440086364746),(Vehicles5↦0.005376935005187988)}",
        "VehiclesVx": "{(EgoVehicle↦24.99997854232788),(Vehicles2↦-6.194339394569397),(Vehicles3↦-4.608590602874756),(Vehicles4↦-6.477040648460388),(Vehicles5↦-3.5418254137039185)}",
        "VehiclesY": "{(EgoVehicle↦8.000000238418579),(Vehicles2↦-8.000000238418579),(Vehicles3↦-4.0000001192092896),(Vehicles4↦-8.000000238418579),(Vehicles5↦0.0)}",
        "VehiclesVy": "{(EgoVehicle↦0.0),(Vehicles2↦0.0),(Vehicles3↦0.0),(Vehicles4↦0.0),(Vehicles5↦0.0)}",
        "VehiclesX": "{(EgoVehicle↦200.0),(Vehicles2↦-9.467092156410217),(Vehicles3↦24.39611703157425),(Vehicles4↦45.16454637050629),(Vehicles5↦79.15269136428833)}"
      },
      "probabilisticVariables": null,
      "activating": [
        "SLOWER_23"
      ],
      "activatingOnlyWhenExecuted": true,
      "updating": null,
      "withPredicate": null
    },
    {
      "id": "SLOWER_23",
      "execute": "SLOWER",
      "after": "1000",
      "priority": 0,
      "additionalGuards": null,
      "activationKind": null,
      "fixedVariables": {
        "Crash": "FALSE",
        "VehiclesAy": "{(EgoVehicle↦0.0),(Vehicles2↦0.0),(Vehicles3↦0.0),(Vehicles4↦0.0),(Vehicles5↦0.0)}",
        "Reward": "0.7508915542149796",
        "VehiclesAx": "{(EgoVehicle↦-4.341545104980469),(Vehicles2↦5.906980764120817),(Vehicles3↦2.51356303691864),(Vehicles4↦7.281800284981728),(Vehicles5↦1.6207624971866608)}",
        "VehiclesVx": "{(EgoVehicle↦20.658433437347412),(Vehicles2↦-0.2873586304485798),(Vehicles3↦-2.0950275659561157),(Vehicles4↦0.8047596365213394),(Vehicles5↦-1.9210629165172577)}",
        "VehiclesY": "{(EgoVehicle↦8.000000238418579),(Vehicles2↦-4.0000001192092896),(Vehicles3↦-8.000000238418579),(Vehicles4↦0.0),(Vehicles5↦-8.000000238418579)}",
        "VehiclesVy": "{(EgoVehicle↦0.0),(Vehicles2↦0.0),(Vehicles3↦0.0),(Vehicles4↦0.0),(Vehicles5↦0.0)}",
        "VehiclesX": "{(EgoVehicle↦200.0),(Vehicles2↦22.174370288848877),(Vehicles3↦41.098469495773315),(Vehicles4↦78.007972240448),(Vehicles5↦88.72566223144531)}"
      },
      "probabilisticVariables": null,
      "activating": [
        "FASTER_24"
      ],
      "activatingOnlyWhenExecuted": true,
      "updating": null,
      "withPredicate": null
    },
    {
      "id": "FASTER_24",
      "execute": "FASTER",
      "after": "1000",
      "priority": 0,
      "additionalGuards": null,
      "activationKind": null,
      "fixedVariables": {
        "Crash": "FALSE",
        "VehiclesAy": "{(EgoVehicle↦0.0),(Vehicles2↦0.0),(Vehicles3↦0.0),(Vehicles4↦0.0),(Vehicles5↦0.0)}",
        "Reward": "0.8514205613232346",
        "VehiclesAx": "{(EgoVehicle↦3.76983642578125),(Vehicles2↦-3.7891058437526226),(Vehicles3↦-3.7266159057617188),(Vehicles4↦-3.7652427703142166),(Vehicles5↦-3.7083233892917633)}",
        "VehiclesVx": "{(EgoVehicle↦24.428269863128662),(Vehicles2↦-4.076464474201202),(Vehicles3↦-5.8216434717178345),(Vehicles4↦-2.960483133792877),(Vehicles5↦-5.629386305809021)}",
        "VehiclesY": "{(EgoVehicle↦8.000000238418579),(Vehicles2↦-4.0000001192092896),(Vehicles3↦-8.000000238418579),(Vehicles4↦0.0),(Vehicles5↦-8.000000238418579)}",
        "VehiclesVy": "{(EgoVehicle↦0.0),(Vehicles2↦0.0),(Vehicles3↦0.0),(Vehicles4↦0.0),(Vehicles5↦0.0)}",
        "VehiclesX": "{(EgoVehicle↦200.0),(Vehicles2↦19.799555838108063),(Vehicles3↦36.94089651107788),(Vehicles4↦76.73494219779968),(Vehicles5↦84.7499132156372)}"
      },
      "probabilisticVariables": null,
      "activating": [
        "FASTER_25"
      ],
      "activatingOnlyWhenExecuted": true,
      "updating": null,
      "withPredicate": null
    },
    {
      "id": "FASTER_25",
      "execute": "FASTER",
      "after": "1000",
      "priority": 0,
      "additionalGuards": null,
      "activationKind": null,
      "fixedVariables": {
        "Crash": "FALSE",
        "VehiclesAy": "{(EgoVehicle↦0.0),(Vehicles2↦0.0),(Vehicles3↦0.0),(Vehicles4↦0.0),(Vehicles5↦0.0)}",
        "Reward": "0.9804339833841297",
        "VehiclesAx": "{(EgoVehicle↦4.838004112243652),(Vehicles2↦-4.856220781803131),(Vehicles3↦-4.793189167976379),(Vehicles4↦-4.833817780017853),(Vehicles5↦-4.780879616737366)}",
        "VehiclesVx": "{(EgoVehicle↦29.266273975372314),(Vehicles2↦-8.932685256004333),(Vehicles3↦-10.614832639694214),(Vehicles4↦-7.79430091381073),(Vehicles5↦-10.410265922546387)}",
        "VehiclesY": "{(EgoVehicle↦8.000000238418579),(Vehicles2↦-4.0000001192092896),(Vehicles3↦-8.000000238418579),(Vehicles4↦0.0),(Vehicles5↦-8.000000238418579)}",
        "VehiclesVy": "{(EgoVehicle↦0.0),(Vehicles2↦0.0),(Vehicles3↦0.0),(Vehicles4↦0.0),(Vehicles5↦0.0)}",
        "VehiclesX": "{(EgoVehicle↦200.0),(Vehicles2↦13.046793639659882),(Vehicles3↦28.468164801597595),(Vehicles4↦71.10723853111267),(Vehicles5↦76.47477984428406)}"
      },
      "probabilisticVariables": null,
      "activating": [
        "SLOWER_26"
      ],
      "activatingOnlyWhenExecuted": true,
      "updating": null,
      "withPredicate": null
    },
    {
      "id": "SLOWER_26",
      "execute": "SLOWER",
      "after": "1000",
      "priority": 0,
      "additionalGuards": null,
      "activationKind": null,
      "fixedVariables": {
        "Crash": "FALSE",
        "VehiclesAy": "{(EgoVehicle↦0.0),(Vehicles2↦0.0),(Vehicles3↦0.0),(Vehicles4↦0.0),(Vehicles5↦0.0)}",
        "Reward": "0.8816483709257564",
        "VehiclesAx": "{(EgoVehicle↦-3.7044596672058105),(Vehicles2↦3.6872953176498413),(Vehicles3↦3.749980330467224),(Vehicles4↦3.7082713842391968),(Vehicles5↦3.7577056884765625)}",
        "VehiclesVx": "{(EgoVehicle↦25.561814308166504),(Vehicles2↦-5.245389938354492),(Vehicles3↦-6.86485230922699),(Vehicles4↦-4.086029529571533),(Vehicles5↦-6.652560234069824)}",
        "VehiclesY": "{(EgoVehicle↦8.000000238418579),(Vehicles2↦-4.0000001192092896),(Vehicles3↦-8.000000238418579),(Vehicles4↦0.0),(Vehicles5↦-8.000000238418579)}",
        "VehiclesVy": "{(EgoVehicle↦0.0),(Vehicles2↦0.0),(Vehicles3↦0.0),(Vehicles4↦0.0),(Vehicles5↦0.0)}",
        "VehiclesX": "{(EgoVehicle↦200.0),(Vehicles2↦6.1507560312747955),(Vehicles3↦19.915111362934113),(Vehicles4↦65.35808444023132),(Vehicles5↦68.12970042228699)}"
      },
      "probabilisticVariables": null,
      "activating": [
        "SLOWER_27"
      ],
      "activatingOnlyWhenExecuted": true,
      "updating": null,
      "withPredicate": null
    },
    {
      "id": "SLOWER_27",
      "execute": "SLOWER",
      "after": "1000",
      "priority": 0,
      "additionalGuards": null,
      "activationKind": null,
      "fixedVariables": {
        "Crash": "FALSE",
        "VehiclesAy": "{(EgoVehicle↦0.0),(Vehicles2↦0.0),(Vehicles3↦0.0),(Vehicles4↦0.0),(Vehicles5↦0.0)}",
        "Reward": "0.7528645316994139",
        "VehiclesAx": "{(EgoVehicle↦-4.829394817352295),(Vehicles2↦4.813277721405029),(Vehicles3↦4.874950796365738),(Vehicles4↦4.832863137125969),(Vehicles5↦4.879196733236313)}",
        "VehiclesVx": "{(EgoVehicle↦20.73241949081421),(Vehicles2↦-0.4321122169494629),(Vehicles3↦-1.9899015128612518),(Vehicles4↦0.7468336075544357),(Vehicles5↦-1.7733635008335114)}",
        "VehiclesY": "{(EgoVehicle↦8.000000238418579),(Vehicles2↦-4.0000001192092896),(Vehicles3↦-8.000000238418579),(Vehicles4↦0.0),(Vehicles5↦-8.000000238418579)}",
        "VehiclesVy": "{(EgoVehicle↦0.0),(Vehicles2↦0.0),(Vehicles3↦0.0),(Vehicles4↦0.0),(Vehicles5↦0.0)}",
        "VehiclesX": "{(EgoVehicle↦200.0),(Vehicles2↦3.5630136728286743),(Vehicles3↦15.732678771018982),(Vehicles4↦63.93764615058899),(Vehicles5↦64.16149735450745)}"
      },
      "probabilisticVariables": null,
      "activating": [
        "FASTER_28"
      ],
      "activatingOnlyWhenExecuted": true,
      "updating": null,
      "withPredicate": null
    },
    {
      "id": "FASTER_28",
      "execute": "FASTER",
      "after": "1000",
      "priority": 0,
      "additionalGuards": null,
      "activationKind": null,
      "fixedVariables": {
        "Crash": "FALSE",
        "VehiclesAy": "{(EgoVehicle↦0.0),(Vehicles2↦0.0),(Vehicles3↦0.0),(Vehicles4↦0.0),(Vehicles5↦0.0)}",
        "Reward": "0.8516803772882632",
        "VehiclesAx": "{(EgoVehicle↦3.705594539642334),(Vehicles2↦-3.720669448375702),(Vehicles3↦-3.6604882776737213),(Vehicles4↦-6.17905966937542),(Vehicles5↦-1.1822392046451569)}",
        "VehiclesVx": "{(EgoVehicle↦24.438014030456543),(Vehicles2↦-4.152781665325165),(Vehicles3↦-5.650389790534973),(Vehicles4↦-5.432226061820984),(Vehicles5↦-2.955602705478668)}",
        "VehiclesY": "{(EgoVehicle↦8.000000238418579),(Vehicles2↦-4.0000001192092896),(Vehicles3↦-8.000000238418579),(Vehicles4↦-8.000000238418579),(Vehicles5↦0.0)}",
        "VehiclesVy": "{(EgoVehicle↦0.0),(Vehicles2↦0.0),(Vehicles3↦0.0),(Vehicles4↦0.0),(Vehicles5↦0.0)}",
        "VehiclesX": "{(EgoVehicle↦200.0),(Vehicles2↦1.0805647820234299),(Vehicles3↦11.716647446155548),(Vehicles4↦60.362839698791504),(Vehicles5↦62.64154314994812)}"
      },
      "probabilisticVariables": null,
      "activating": [
        "SLOWER_29"
      ],
      "activatingOnlyWhenExecuted": true,
      "updating": null,
      "withPredicate": null
    },
    {
      "id": "SLOWER_29",
      "execute": "SLOWER",
      "after": "1000",
      "priority": 0,
      "additionalGuards": null,
      "activationKind": null,
      "fixedVariables": {
        "Crash": "FALSE",
        "VehiclesAy": "{(EgoVehicle↦0.0),(Vehicles2↦0.0),(Vehicles3↦0.0),(Vehicles4↦0.0),(Vehicles5↦0.0)}",
        "Reward": "0.7489181292450936",
        "VehiclesAx": "{(EgoVehicle↦-3.853583335876465),(Vehicles2↦3.8395386561751366),(Vehicles3↦3.897891193628311),(Vehicles4↦3.8975627720355988),(Vehicles5↦3.8564596325159073)}",
        "VehiclesVx": "{(EgoVehicle↦20.584430694580078),(Vehicles2↦-0.31324300915002823),(Vehicles3↦-1.752498596906662),(Vehicles4↦-1.5346632897853851),(Vehicles5↦0.9008569270372391)}",
        "VehiclesY": "{(EgoVehicle↦8.000000238418579),(Vehicles2↦-4.0000001192092896),(Vehicles3↦-8.000000238418579),(Vehicles4↦-8.000000238418579),(Vehicles5↦0.0)}",
        "VehiclesVy": "{(EgoVehicle↦0.0),(Vehicles2↦0.0),(Vehicles3↦0.0),(Vehicles4↦0.0),(Vehicles5↦0.0)}",
        "VehiclesX": "{(EgoVehicle↦200.0),(Vehicles2↦-0.9520535357296467),(Vehicles3↦8.209919184446335),(Vehicles4↦57.07427263259888),(Vehicles5↦61.812978982925415)}"
      },
      "probabilisticVariables": null,
      "activating": [
        "FASTER_30"
      ],
      "activatingOnlyWhenExecuted": true,
      "updating": null,
      "withPredicate": null
    },
    {
      "id": "FASTER_30",
      "execute": "FASTER",
      "after": "1000",
      "priority": 0,
      "additionalGuards": null,
      "activationKind": null,
      "fixedVariables": {
        "Crash": "FALSE",
        "VehiclesAy": "{(EgoVehicle↦0.0),(Vehicles2↦0.0),(Vehicles3↦0.0),(Vehicles4↦0.0),(Vehicles5↦0.0)}",
        "Reward": "0.8511606864300809",
        "VehiclesAx": "{(EgoVehicle↦3.834095001220703),(Vehicles2↦-3.847126327455044),(Vehicles3↦-3.7908287346363068),(Vehicles4↦-3.792594224214554),(Vehicles5↦-3.83147694170475)}",
        "VehiclesVx": "{(EgoVehicle↦24.41852569580078),(Vehicles2↦-4.160369336605072),(Vehicles3↦-5.543327331542969),(Vehicles4↦-5.327257513999939),(Vehicles5↦-2.930620014667511)}",
        "VehiclesY": "{(EgoVehicle↦8.000000238418579),(Vehicles2↦-4.0000001192092896),(Vehicles3↦-8.000000238418579),(Vehicles4↦-8.000000238418579),(Vehicles5↦0.0)}",
        "VehiclesVy": "{(EgoVehicle↦0.0),(Vehicles2↦0.0),(Vehicles3↦0.0),(Vehicles4↦0.0),(Vehicles5↦0.0)}",
        "VehiclesX": "{(EgoVehicle↦200.0),(Vehicles2↦-3.3857017755508423),(Vehicles3↦4.359705373644829),(Vehicles4↦53.44128608703613),(Vehicles5↦60.599786043167114)}"
      },
      "probabilisticVariables": null,
      "activating": [
        "SLOWER_31"
      ],
      "activatingOnlyWhenExecuted": true,
      "updating": null,
      "withPredicate": null
    },
    {
      "id": "SLOWER_31",
      "execute": "SLOWER",
      "after": "1000",
      "priority": 0,
      "additionalGuards": null,
      "activationKind": null,
      "fixedVariables": {
        "Crash": "FALSE",
        "VehiclesAy": "{(EgoVehicle↦0.0),(Vehicles2↦0.0),(Vehicles3↦0.0),(Vehicles4↦0.0),(Vehicles5↦0.0)}",
        "Reward": "0.7488496925888722",
        "VehiclesAx": "{(EgoVehicle↦-3.836662769317627),(Vehicles2↦2.4957744777202606),(Vehicles3↦5.207587592303753),(Vehicles4↦3.8759253919124603),(Vehicles5↦3.8390497118234634)}",
        "VehiclesVx": "{(EgoVehicle↦20.581862926483154),(Vehicles2↦-1.6645948588848114),(Vehicles3↦-0.33573973923921585),(Vehicles4↦-1.4513321220874786),(Vehicles5↦0.9084296971559525)}",
        "VehiclesY": "{(EgoVehicle↦8.000000238418579),(Vehicles2↦-8.000000238418579),(Vehicles3↦-4.0000001192092896),(Vehicles4↦-8.000000238418579),(Vehicles5↦0.0)}",
        "VehiclesVy": "{(EgoVehicle↦0.0),(Vehicles2↦0.0),(Vehicles3↦0.0),(Vehicles4↦0.0),(Vehicles5↦0.0)}",
        "VehiclesX": "{(EgoVehicle↦200.0),(Vehicles2↦0.9498347528278828),(Vehicles3↦-5.434434860944748),(Vehicles4↦50.24643540382385),(Vehicles5↦59.78667140007019)}"
      },
      "probabilisticVariables": null,
      "activating": [
        "LANE_RIGHT_32"
      ],
      "activatingOnlyWhenExecuted": true,
      "updating": null,
      "withPredicate": null
    },
    {
      "id": "LANE_RIGHT_32",
      "execute": "LANE_RIGHT",
      "after": "1000",
      "priority": 0,
      "additionalGuards": null,
      "activationKind": null,
      "fixedVariables": {
        "Crash": "FALSE",
        "VehiclesAy": "{(EgoVehicle↦0.0),(Vehicles2↦0.0),(Vehicles3↦0.0),(Vehicles4↦0.0),(Vehicles5↦0.0)}",
        "Reward": "0.735376639901964",
        "VehiclesAx": "{(EgoVehicle↦-0.5052399635314941),(Vehicles2↦0.5460183322429657),(Vehicles3↦0.4941840097308159),(Vehicles4↦0.5424730479717255),(Vehicles5↦0.5074175447225571)}",
        "VehiclesVx": "{(EgoVehicle↦20.07662296295166),(Vehicles2↦-1.1185765266418457),(Vehicles3↦0.15844427049160004),(Vehicles4↦-0.9088590741157532),(Vehicles5↦1.4158472418785095)}",
        "VehiclesY": "{(EgoVehicle↦8.000000238418579),(Vehicles2↦-8.000000238418579),(Vehicles3↦-4.0000001192092896),(Vehicles4↦-8.000000238418579),(Vehicles5↦0.0)}",
        "VehiclesVy": "{(EgoVehicle↦0.0),(Vehicles2↦0.0),(Vehicles3↦0.0),(Vehicles4↦0.0),(Vehicles5↦0.0)}",
        "VehiclesX": "{(EgoVehicle↦200.0),(Vehicles2↦-0.4196228925138712),(Vehicles3↦-5.495954304933548),(Vehicles4↦49.088871479034424),(Vehicles5↦60.9747052192688)}"
      },
      "probabilisticVariables": null,
      "activating": [
        "LANE_RIGHT_33"
      ],
      "activatingOnlyWhenExecuted": true,
      "updating": null,
      "withPredicate": null
    },
    {
      "id": "LANE_RIGHT_33",
      "execute": "LANE_RIGHT",
      "after": "1000",
      "priority": 0,
      "additionalGuards": null,
      "activationKind": null,
      "fixedVariables": {
        "Crash": "FALSE",
        "VehiclesAy": "{(EgoVehicle↦0.0),(Vehicles2↦0.0),(Vehicles3↦0.0),(Vehicles4↦0.0),(Vehicles5↦0.0)}",
        "Reward": "0.7336024107415481",
        "VehiclesAx": "{(EgoVehicle↦-0.06653308868408203),(Vehicles2↦0.10597251355648041),(Vehicles3↦0.05643274635076523),(Vehicles4↦0.10192051529884338),(Vehicles5↦-1.3822874636389315)}",
        "VehiclesVx": "{(EgoVehicle↦20.010089874267578),(Vehicles2↦-1.0126040130853653),(Vehicles3↦0.21487701684236526),(Vehicles4↦-0.8069385588169098),(Vehicles5↦0.03355977823957801)}",
        "VehiclesY": "{(EgoVehicle↦8.000000238418579),(Vehicles2↦-8.000000238418579),(Vehicles3↦-4.0000001192092896),(Vehicles4↦-8.000000238418579),(Vehicles5↦-4.0000001192092896)}",
        "VehiclesVy": "{(EgoVehicle↦0.0),(Vehicles2↦0.0),(Vehicles3↦0.0),(Vehicles4↦0.0),(Vehicles5↦0.0)}",
        "VehiclesX": "{(EgoVehicle↦200.0),(Vehicles2↦-1.4856117777526379),(Vehicles3↦-5.304921790957451),(Vehicles4↦48.231011629104614),(Vehicles5↦61.46654486656189)}"
      },
      "probabilisticVariables": null,
      "activating": [
        "SLOWER_34"
      ],
      "activatingOnlyWhenExecuted": true,
      "updating": null,
      "withPredicate": null
    },
    {
      "id": "SLOWER_34",
      "execute": "SLOWER",
      "after": "1000",
      "priority": 0,
      "additionalGuards": null,
      "activationKind": null,
      "fixedVariables": {
        "Crash": "FALSE",
        "VehiclesAy": "{(EgoVehicle↦0.0),(Vehicles2↦0.0),(Vehicles3↦0.0),(Vehicles4↦0.0),(Vehicles5↦0.0)}",
        "Reward": "0.7333687673953205",
        "VehiclesAx": "{(EgoVehicle↦-0.008761882781982422),(Vehicles2↦0.046845823526382446),(Vehicles3↦-0.0004093162715435028),(Vehicles4↦0.042462870478630066),(Vehicles5↦0.01594844041392207)}",
        "VehiclesVx": "{(EgoVehicle↦20.001327991485596),(Vehicles2↦-0.9657581895589828),(Vehicles3↦0.21446770057082176),(Vehicles4↦-0.7644756883382797),(Vehicles5↦0.04950821865350008)}",
        "VehiclesY": "{(EgoVehicle↦8.000000238418579),(Vehicles2↦-8.000000238418579),(Vehicles3↦-4.0000001192092896),(Vehicles4↦-8.000000238418579),(Vehicles5↦-4.0000001192092896)}",
        "VehiclesVy": "{(EgoVehicle↦0.0),(Vehicles2↦0.0),(Vehicles3↦0.0),(Vehicles4↦0.0),(Vehicles5↦0.0)}",
        "VehiclesX": "{(EgoVehicle↦200.0),(Vehicles2↦-2.4780403822660446),(Vehicles3↦-5.088953301310539),(Vehicles4↦47.442516684532166),(Vehicles5↦61.507803201675415)}"
      },
      "probabilisticVariables": null,
      "activating": [
        "LANE_RIGHT_35"
      ],
      "activatingOnlyWhenExecuted": true,
      "updating": null,
      "withPredicate": null
    },
    {
      "id": "LANE_RIGHT_35",
      "execute": "LANE_RIGHT",
      "after": "1000",
      "priority": 0,
      "additionalGuards": null,
      "activationKind": null,
      "fixedVariables": {
        "Crash": "FALSE",
        "VehiclesAy": "{(EgoVehicle↦0.0),(Vehicles2↦0.0),(Vehicles3↦0.0),(Vehicles4↦0.0),(Vehicles5↦0.0)}",
        "Reward": "0.7333379995472575",
        "VehiclesAx": "{(EgoVehicle↦-0.0011539459228515625),(Vehicles2↦0.03789283335208893),(Vehicles3↦-0.007113795727491379),(Vehicles4↦0.033311694860458374),(Vehicles5↦0.008489568717777729)}",
        "VehiclesVx": "{(EgoVehicle↦20.000174045562744),(Vehicles2↦-0.9278653562068939),(Vehicles3↦0.20735390484333038),(Vehicles4↦-0.7311639934778214),(Vehicles5↦0.05799778737127781)}",
        "VehiclesY": "{(EgoVehicle↦8.000000238418579),(Vehicles2↦-8.000000238418579),(Vehicles3↦-4.0000001192092896),(Vehicles4↦-8.000000238418579),(Vehicles5↦-4.0000001192092896)}",
        "VehiclesVy": "{(EgoVehicle↦0.0),(Vehicles2↦0.0),(Vehicles3↦0.0),(Vehicles4↦0.0),(Vehicles5↦0.0)}",
        "VehiclesX": "{(EgoVehicle↦200.0),(Vehicles2↦-3.4283597022295),(Vehicles3↦-4.877227172255516),(Vehicles4↦46.6916561126709),(Vehicles5↦61.560869216918945)}"
      },
      "probabilisticVariables": null,
      "activating": [
        "SLOWER_36"
      ],
      "activatingOnlyWhenExecuted": true,
      "updating": null,
      "withPredicate": null
    },
    {
      "id": "SLOWER_36",
      "execute": "SLOWER",
      "after": "1000",
      "priority": 0,
      "additionalGuards": null,
      "activationKind": null,
      "fixedVariables": {
        "Crash": "FALSE",
        "VehiclesAy": "{(EgoVehicle↦0.0),(Vehicles2↦1.7763568394002505E-14),(Vehicles3↦0.0),(Vehicles4↦0.0),(Vehicles5↦0.0)}",
        "Reward": "0.7333339478141793",
        "VehiclesAx": "{(EgoVehicle↦-0.00015020370483398438),(Vehicles2↦0.03557227551937103),(Vehicles3↦-0.007240325212478638),(Vehicles4↦0.030892938375473022),(Vehicles5↦0.007631098851561546)}",
        "VehiclesVx": "{(EgoVehicle↦20.00002384185791),(Vehicles2↦-0.8922930806875229),(Vehicles3↦0.20011357963085175),(Vehicles4↦-0.7002710551023483),(Vehicles5↦0.06562888622283936)}",
        "VehiclesY": "{(EgoVehicle↦8.000000238418579),(Vehicles2↦-8.000000238418579),(Vehicles3↦-4.0000001192092896),(Vehicles4↦-8.000000238418579),(Vehicles5↦-4.0000001192092896)}",
        "VehiclesVy": "{(EgoVehicle↦0.0),(Vehicles2↦1.7763568394002505E-14),(Vehicles3↦0.0),(Vehicles4↦0.0),(Vehicles5↦0.0)}",
        "VehiclesX": "{(EgoVehicle↦200.0),(Vehicles2↦-4.341869056224823),(Vehicles3↦-4.672815278172493),(Vehicles4↦45.97298204898834),(Vehicles5↦61.621928215026855)}"
      },
      "probabilisticVariables": null,
      "activating": [
        "SLOWER_37"
      ],
      "activatingOnlyWhenExecuted": true,
      "updating": null,
      "withPredicate": null
    },
    {
      "id": "SLOWER_37",
      "execute": "SLOWER",
      "after": "1000",
      "priority": 0,
      "additionalGuards": null,
      "activationKind": null,
      "fixedVariables": {
        "Crash": "FALSE",
        "VehiclesAy": "{(EgoVehicle↦0.0),(Vehicles2↦-1.7763568394002505E-14),(Vehicles3↦0.0),(Vehicles4↦0.0),(Vehicles5↦0.0)}",
        "Reward": "0.7333334142526217",
        "VehiclesAx": "{(EgoVehicle↦-2.1457672119140625E-05),(Vehicles2↦1.0858805291354656),(Vehicles3↦-1.0582470148801804),(Vehicles4↦0.02945646643638611),(Vehicles5↦0.007636169902980328)}",
        "VehiclesVx": "{(EgoVehicle↦20.00000238418579),(Vehicles2↦0.19358744844794273),(Vehicles3↦-0.8581334352493286),(Vehicles4↦-0.6708145886659622),(Vehicles5↦0.07326505612581968)}",
        "VehiclesY": "{(EgoVehicle↦8.000000238418579),(Vehicles2↦-4.0000001192092896),(Vehicles3↦-8.000000238418579),(Vehicles4↦-8.000000238418579),(Vehicles5↦-4.0000001192092896)}",
        "VehiclesVy": "{(EgoVehicle↦0.0),(Vehicles2↦0.0),(Vehicles3↦0.0),(Vehicles4↦0.0),(Vehicles5↦0.0)}",
        "VehiclesX": "{(EgoVehicle↦200.0),(Vehicles2↦-4.475375637412071),(Vehicles3↦-5.22039458155632),(Vehicles4↦45.2845960855484),(Vehicles5↦61.69060468673706)}"
      },
      "probabilisticVariables": null,
      "activating": [
        "SLOWER_38"
      ],
      "activatingOnlyWhenExecuted": true,
      "updating": null,
      "withPredicate": null
    },
    {
      "id": "SLOWER_38",
      "execute": "SLOWER",
      "after": "1000",
      "priority": 0,
      "additionalGuards": null,
      "activationKind": null,
      "fixedVariables": {
        "Crash": "FALSE",
        "VehiclesAy": "{(EgoVehicle↦0.0),(Vehicles2↦0.0),(Vehicles3↦0.0),(Vehicles4↦0.0),(Vehicles5↦0.0)}",
        "Reward": "0.7333333439893712",
        "VehiclesAx": "{(EgoVehicle↦-2.384185791015625E-06),(Vehicles2↦-0.005727633833885193),(Vehicles3↦0.03290712833404541),(Vehicles4↦0.028235092759132385),(Vehicles5↦0.007748766802251339)}",
        "VehiclesVx": "{(EgoVehicle↦20.0),(Vehicles2↦0.18785981461405754),(Vehicles3↦-0.8252263069152832),(Vehicles4↦-0.6425794959068298),(Vehicles5↦0.08101382292807102)}",
        "VehiclesY": "{(EgoVehicle↦8.000000238418579),(Vehicles2↦-4.0000001192092896),(Vehicles3↦-8.000000238418579),(Vehicles4↦-8.000000238418579),(Vehicles5↦-4.0000001192092896)}",
        "VehiclesVy": "{(EgoVehicle↦0.0),(Vehicles2↦0.0),(Vehicles3↦0.0),(Vehicles4↦0.0),(Vehicles5↦0.0)}",
        "VehiclesX": "{(EgoVehicle↦200.0),(Vehicles2↦-4.284142702817917),(Vehicles3↦-6.065267696976662),(Vehicles4↦44.62516903877258),(Vehicles5↦61.766958236694336)}"
      },
      "probabilisticVariables": null,
      "activating": [
        "SLOWER_39"
      ],
      "activatingOnlyWhenExecuted": true,
      "updating": null,
      "withPredicate": null
    },
    {
      "id": "SLOWER_39",
      "execute": "SLOWER",
      "after": "1000",
      "priority": 0,
      "additionalGuards": null,
      "activationKind": null,
      "fixedVariables": {
        "Crash": "FALSE",
        "VehiclesAy": "{(EgoVehicle↦0.0),(Vehicles2↦0.0),(Vehicles3↦0.0),(Vehicles4↦0.0),(Vehicles5↦0.0)}",
        "Reward": "0.7333333347365976",
        "VehiclesAx": "{(EgoVehicle↦0.0),(Vehicles2↦-0.00494491308927536),(Vehicles3↦0.03171950578689575),(Vehicles4↦0.027118772268295288),(Vehicles5↦0.007868912070989609)}",
        "VehiclesVx": "{(EgoVehicle↦20.0),(Vehicles2↦0.18291490152478218),(Vehicles3↦-0.7935068011283875),(Vehicles4↦-0.6154607236385345),(Vehicles5↦0.08888273499906063)}",
        "VehiclesY": "{(EgoVehicle↦8.000000238418579),(Vehicles2↦-4.0000001192092896),(Vehicles3↦-8.000000238418579),(Vehicles4↦-8.000000238418579),(Vehicles5↦-4.0000001192092896)}",
        "VehiclesVy": "{(EgoVehicle↦0.0),(Vehicles2↦0.0),(Vehicles3↦0.0),(Vehicles4↦0.0),(Vehicles5↦0.0)}",
        "VehiclesX": "{(EgoVehicle↦200.0),(Vehicles2↦-4.098322615027428),(Vehicles3↦-6.877713650465012),(Vehicles4↦43.993523716926575),(Vehicles5↦61.85111403465271)}"
      },
      "probabilisticVariables": null,
      "activating": [
        "SLOWER_40"
      ],
      "activatingOnlyWhenExecuted": true,
      "updating": null,
      "withPredicate": null
    },
    {
      "id": "SLOWER_40",
      "execute": "SLOWER",
      "after": "1000",
      "priority": 0,
      "additionalGuards": null,
      "activationKind": null,
      "fixedVariables": {
        "Crash": "FALSE",
        "VehiclesAy": "{(EgoVehicle↦0.0),(Vehicles2↦0.0),(Vehicles3↦0.0),(Vehicles4↦0.0),(Vehicles5↦0.0)}",
        "Reward": "0.7333333335181252",
        "VehiclesAx": "{(EgoVehicle↦0.0),(Vehicles2↦-0.004191640764474869),(Vehicles3↦0.0305861234664917),(Vehicles4↦0.02608519047498703),(Vehicles5↦0.007983129471540451)}",
        "VehiclesVx": "{(EgoVehicle↦20.0),(Vehicles2↦0.1787232607603073),(Vehicles3↦-0.7629206776618958),(Vehicles4↦-0.5893755331635475),(Vehicles5↦0.09686586447060108)}",
        "VehiclesY": "{(EgoVehicle↦8.000000238418579),(Vehicles2↦-4.0000001192092896),(Vehicles3↦-8.000000238418579),(Vehicles4↦-8.000000238418579),(Vehicles5↦-4.0000001192092896)}",
        "VehiclesVy": "{(EgoVehicle↦0.0),(Vehicles2↦0.0),(Vehicles3↦0.0),(Vehicles4↦0.0),(Vehicles5↦0.0)}",
        "VehiclesX": "{(EgoVehicle↦200.0),(Vehicles2↦-3.9171431213617325),(Vehicles3↦-7.658897340297699),(Vehicles4↦43.388575315475464),(Vehicles5↦61.94317936897278)}"
      },
      "probabilisticVariables": null,
      "activating": [
        "SLOWER_41"
      ],
      "activatingOnlyWhenExecuted": true,
      "updating": null,
      "withPredicate": null
    },
    {
      "id": "SLOWER_41",
      "execute": "SLOWER",
      "after": "1000",
      "priority": 0,
      "additionalGuards": null,
      "activationKind": null,
      "fixedVariables": {
        "Crash": "FALSE",
        "VehiclesAy": "{(EgoVehicle↦0.0),(Vehicles2↦0.0),(Vehicles3↦0.0),(Vehicles4↦0.0),(Vehicles5↦0.0)}",
        "Reward": "0.7333333333576681",
        "VehiclesAx": "{(EgoVehicle↦0.0),(Vehicles2↦-0.003469754010438919),(Vehicles3↦0.029505863785743713),(Vehicles4↦0.025124624371528625),(Vehicles5↦0.008089449256658554)}",
        "VehiclesVx": "{(EgoVehicle↦20.0),(Vehicles2↦0.1752535067498684),(Vehicles3↦-0.733414813876152),(Vehicles4↦-0.5642509087920189),(Vehicles5↦0.10495531372725964)}",
        "VehiclesY": "{(EgoVehicle↦8.000000238418579),(Vehicles2↦-4.0000001192092896),(Vehicles3↦-8.000000238418579),(Vehicles4↦-8.000000238418579),(Vehicles5↦-4.0000001192092896)}",
        "VehiclesVy": "{(EgoVehicle↦0.0),(Vehicles2↦0.0),(Vehicles3↦0.0),(Vehicles4↦0.0),(Vehicles5↦0.0)}",
        "VehiclesX": "{(EgoVehicle↦200.0),(Vehicles2↦-3.7398643791675568),(Vehicles3↦-8.409931510686874),(Vehicles4↦42.80932545661926),(Vehicles5↦62.04327344894409)}"
      },
      "probabilisticVariables": null,
      "activating": [
        "SLOWER_42"
      ],
      "activatingOnlyWhenExecuted": true,
      "updating": null,
      "withPredicate": null
    },
    {
      "id": "SLOWER_42",
      "execute": "SLOWER",
      "after": "1000",
      "priority": 0,
      "additionalGuards": null,
      "activationKind": null,
      "fixedVariables": {
        "Crash": "FALSE",
        "VehiclesAy": "{(EgoVehicle↦0.0),(Vehicles2↦0.0),(Vehicles3↦0.0),(Vehicles4↦0.0),(Vehicles5↦0.0)}",
        "Reward": "0.7333333333365379",
        "VehiclesAx": "{(EgoVehicle↦0.0),(Vehicles2↦-0.0027795881032943726),(Vehicles3↦0.02847820520401001),(Vehicles4↦0.02422984689474106),(Vehicles5↦0.008187470957636833)}",
        "VehiclesVx": "{(EgoVehicle↦20.0),(Vehicles2↦0.17247391864657402),(Vehicles3↦-0.704936608672142),(Vehicles4↦-0.5400210618972778),(Vehicles5↦0.11314278468489647)}",
        "VehiclesY": "{(EgoVehicle↦8.000000238418579),(Vehicles2↦-4.0000001192092896),(Vehicles3↦-8.000000238418579),(Vehicles4↦-8.000000238418579),(Vehicles5↦-4.0000001192092896)}",
        "VehiclesVy": "{(EgoVehicle↦0.0),(Vehicles2↦0.0),(Vehicles3↦0.0),(Vehicles4↦0.0),(Vehicles5↦0.0)}",
        "VehiclesX": "{(EgoVehicle↦200.0),(Vehicles2↦-3.5657767206430435),(Vehicles3↦-9.13187488913536),(Vehicles4↦42.25483536720276),(Vehicles5↦62.15149760246277)}"
      },
      "probabilisticVariables": null,
      "activating": [
        "SLOWER_43"
      ],
      "activatingOnlyWhenExecuted": true,
      "updating": null,
      "withPredicate": null
    },
    {
      "id": "SLOWER_43",
      "execute": "SLOWER",
      "after": "1000",
      "priority": 0,
      "additionalGuards": null,
      "activationKind": null,
      "fixedVariables": {
        "Crash": "FALSE",
        "VehiclesAy": "{(EgoVehicle↦0.0),(Vehicles2↦0.0),(Vehicles3↦0.0),(Vehicles4↦0.0),(Vehicles5↦0.0)}",
        "Reward": "0.7333333333337553",
        "VehiclesAx": "{(EgoVehicle↦0.0),(Vehicles2↦-0.00212106853723526),(Vehicles3↦0.027501806616783142),(Vehicles4↦0.02339448779821396),(Vehicles5↦0.008277101442217827)}",
        "VehiclesVx": "{(EgoVehicle↦20.0),(Vehicles2↦0.17035285010933876),(Vehicles3↦-0.6774348020553589),(Vehicles4↦-0.5166265740990639),(Vehicles5↦0.1214198861271143)}",
        "VehiclesY": "{(EgoVehicle↦8.000000238418579),(Vehicles2↦-4.0000001192092896),(Vehicles3↦-8.000000238418579),(Vehicles4↦-8.000000238418579),(Vehicles5↦-4.0000001192092896)}",
        "VehiclesVy": "{(EgoVehicle↦0.0),(Vehicles2↦0.0),(Vehicles3↦0.0),(Vehicles4↦0.0),(Vehicles5↦0.0)}",
        "VehiclesX": "{(EgoVehicle↦200.0),(Vehicles2↦-3.3942025154829025),(Vehicles3↦-9.825734794139862),(Vehicles4↦41.72423481941223),(Vehicles5↦62.26794123649597)}"
      },
      "probabilisticVariables": null,
      "activating": [
        "SLOWER_44"
      ],
      "activatingOnlyWhenExecuted": true,
      "updating": null,
      "withPredicate": null
    },
    {
      "id": "SLOWER_44",
      "execute": "SLOWER",
      "after": "1000",
      "priority": 0,
      "additionalGuards": null,
      "activationKind": null,
      "fixedVariables": {
        "Crash": "FALSE",
        "VehiclesAy": "{(EgoVehicle↦0.0),(Vehicles2↦0.0),(Vehicles3↦0.0),(Vehicles4↦0.0),(Vehicles5↦0.0)}",
        "Reward": "0.7333333333333889",
        "VehiclesAx": "{(EgoVehicle↦0.0),(Vehicles2↦-0.001493934541940689),(Vehicles3↦0.18342126160860062),(Vehicles4↦0.6464048009365797),(Vehicles5↦1.3870204892009497)}",
        "VehiclesVx": "{(EgoVehicle↦20.0),(Vehicles2↦0.16885891556739807),(Vehicles3↦-0.49401354044675827),(Vehicles4↦0.12977822683751583),(Vehicles5↦1.508440375328064)}",
        "VehiclesY": "{(EgoVehicle↦8.000000238418579),(Vehicles2↦-4.0000001192092896),(Vehicles3↦-8.000000238418579),(Vehicles4↦-4.0000001192092896),(Vehicles5↦0.0)}",
        "VehiclesVy": "{(EgoVehicle↦0.0),(Vehicles2↦0.0),(Vehicles3↦0.0),(Vehicles4↦0.0),(Vehicles5↦0.0)}",
        "VehiclesX": "{(EgoVehicle↦200.0),(Vehicles2↦-3.2244961708784103),(Vehicles3↦41.216716170310974),(Vehicles4↦62.39269971847534),(Vehicles5↦78.94666790962219)}"
      },
      "probabilisticVariables": null,
      "activating": [
        "FASTER_45"
      ],
      "activatingOnlyWhenExecuted": true,
      "updating": null,
      "withPredicate": null
    },
    {
      "id": "FASTER_45",
      "execute": "FASTER",
      "after": "1000",
      "priority": 0,
      "additionalGuards": null,
      "activationKind": null,
      "fixedVariables": {
        "Crash": "FALSE",
        "VehiclesAy": "{(EgoVehicle↦0.0),(Vehicles2↦0.0),(Vehicles3↦0.0),(Vehicles4↦0.0),(Vehicles5↦0.0)}",
        "Reward": "0.8491083676268935",
        "VehiclesAx": "{(EgoVehicle↦4.341564178466797),(Vehicles2↦-4.342461675405502),(Vehicles3↦-4.319683201611042),(Vehicles4↦-4.333132645115256),(Vehicles5↦-4.34070348739624)}",
        "VehiclesVx": "{(EgoVehicle↦24.341564178466797),(Vehicles2↦-4.173602759838104),(Vehicles3↦-4.8136967420578),(Vehicles4↦-4.2033544182777405),(Vehicles5↦-2.8322631120681763)}",
        "VehiclesY": "{(EgoVehicle↦8.000000238418579),(Vehicles2↦-4.0000001192092896),(Vehicles3↦-8.000000238418579),(Vehicles4↦-4.0000001192092896),(Vehicles5↦0.0)}",
        "VehiclesVy": "{(EgoVehicle↦0.0),(Vehicles2↦0.0),(Vehicles3↦0.0),(Vehicles4↦0.0),(Vehicles5↦0.0)}",
        "VehiclesX": "{(EgoVehicle↦200.0),(Vehicles2↦-5.451104789972305),(Vehicles3↦38.33644986152649),(Vehicles4↦60.130780935287476),(Vehicles5↦78.06039452552795)}"
      },
      "probabilisticVariables": null,
      "activating": [
        "FASTER_46"
      ],
      "activatingOnlyWhenExecuted": true,
      "updating": null,
      "withPredicate": null
    },
    {
      "id": "FASTER_46",
      "execute": "FASTER",
      "after": "1000",
      "priority": 0,
      "additionalGuards": null,
      "activationKind": null,
      "fixedVariables": {
        "Crash": "FALSE",
        "VehiclesAy": "{(EgoVehicle↦0.0),(Vehicles2↦0.0),(Vehicles3↦0.0),(Vehicles4↦0.0),(Vehicles5↦0.0)}",
        "Reward": "0.9801294969714428",
        "VehiclesAx": "{(EgoVehicle↦4.913291931152344),(Vehicles2↦-5.53219348192215),(Vehicles3↦-4.294453859329224),(Vehicles4↦-3.541371524333954),(Vehicles5↦-6.350575685501099)}",
        "VehiclesVx": "{(EgoVehicle↦29.25485610961914),(Vehicles2↦-9.705796241760254),(Vehicles3↦-9.108150601387024),(Vehicles4↦-7.744725942611694),(Vehicles5↦-9.182838797569275)}",
        "VehiclesY": "{(EgoVehicle↦8.000000238418579),(Vehicles2↦-8.000000238418579),(Vehicles3↦-4.0000001192092896),(Vehicles4↦0.0),(Vehicles5↦-8.000000238418579)}",
        "VehiclesVy": "{(EgoVehicle↦0.0),(Vehicles2↦0.0),(Vehicles3↦0.0),(Vehicles4↦0.0),(Vehicles5↦0.0)}",
        "VehiclesX": "{(EgoVehicle↦200.0),(Vehicles2↦30.820822715759277),(Vehicles3↦53.22036147117615),(Vehicles4↦72.51800298690796),(Vehicles5↦106.00759983062744)}"
      },
      "probabilisticVariables": null,
      "activating": [
        "SLOWER_47"
      ],
      "activatingOnlyWhenExecuted": true,
      "updating": null,
      "withPredicate": null
    },
    {
      "id": "SLOWER_47",
      "execute": "SLOWER",
      "after": "1000",
      "priority": 0,
      "additionalGuards": null,
      "activationKind": null,
      "fixedVariables": {
        "Crash": "FALSE",
        "VehiclesAy": "{(EgoVehicle↦0.0),(Vehicles2↦0.0),(Vehicles3↦0.0),(Vehicles4↦0.0),(Vehicles5↦0.0)}",
        "Reward": "0.8816082739496002",
        "VehiclesAx": "{(EgoVehicle↦-3.6945462226867676),(Vehicles2↦3.715091347694397),(Vehicles3↦3.7030982971191406),(Vehicles4↦3.6953505873680115),(Vehicles5↦3.7092578411102295)}",
        "VehiclesVx": "{(EgoVehicle↦25.560309886932373),(Vehicles2↦-5.990704894065857),(Vehicles3↦-5.405052304267883),(Vehicles4↦-4.049375355243683),(Vehicles5↦-5.473580956459045)}",
        "VehiclesY": "{(EgoVehicle↦8.000000238418579),(Vehicles2↦-8.000000238418579),(Vehicles3↦-4.0000001192092896),(Vehicles4↦0.0),(Vehicles5↦-8.000000238418579)}",
        "VehiclesVy": "{(EgoVehicle↦0.0),(Vehicles2↦0.0),(Vehicles3↦0.0),(Vehicles4↦0.0),(Vehicles5↦0.0)}",
        "VehiclesX": "{(EgoVehicle↦200.0),(Vehicles2↦23.161423206329346),(Vehicles3↦46.153756976127625),(Vehicles4↦66.8117344379425),(Vehicles5↦98.86879920959473)}"
      },
      "probabilisticVariables": null,
      "activating": [
        "SLOWER_48"
      ],
      "activatingOnlyWhenExecuted": true,
      "updating": null,
      "withPredicate": null
    },
    {
      "id": "SLOWER_48",
      "execute": "SLOWER",
      "after": "1000",
      "priority": 0,
      "additionalGuards": null,
      "activationKind": null,
      "fixedVariables": {
        "Crash": "FALSE",
        "VehiclesAy": "{(EgoVehicle↦0.0),(Vehicles2↦0.0),(Vehicles3↦0.0),(Vehicles4↦0.0),(Vehicles5↦0.0)}",
        "Reward": "0.7528592514391791",
        "VehiclesAx": "{(EgoVehicle↦-4.828088283538818),(Vehicles2↦4.848024547100067),(Vehicles3↦4.836689792573452),(Vehicles4↦4.828874096274376),(Vehicles5↦4.842524230480194)}",
        "VehiclesVx": "{(EgoVehicle↦20.732221603393555),(Vehicles2↦-1.1426803469657898),(Vehicles3↦-0.5683625116944313),(Vehicles4↦0.779498741030693),(Vehicles5↦-0.6310567259788513)}",
        "VehiclesY": "{(EgoVehicle↦8.000000238418579),(Vehicles2↦-8.000000238418579),(Vehicles3↦-4.0000001192092896),(Vehicles4↦0.0),(Vehicles5↦-8.000000238418579)}",
        "VehiclesVy": "{(EgoVehicle↦0.0),(Vehicles2↦0.0),(Vehicles3↦0.0),(Vehicles4↦0.0),(Vehicles5↦0.0)}",
        "VehiclesX": "{(EgoVehicle↦200.0),(Vehicles2↦19.842197000980377),(Vehicles3↦43.41559708118439),(Vehicles4↦65.42612910270691),(Vehicles5↦96.06447219848633)}"
      },
      "probabilisticVariables": null,
      "activating": [
        "FASTER_49"
      ],
      "activatingOnlyWhenExecuted": true,
      "updating": null,
      "withPredicate": null
    },
    {
      "id": "FASTER_49",
      "execute": "FASTER",
      "after": "1000",
      "priority": 0,
      "additionalGuards": null,
      "activationKind": null,
      "fixedVariables": {
        "Crash": "FALSE",
        "VehiclesAy": "{(EgoVehicle↦0.0),(Vehicles2↦0.0),(Vehicles3↦0.0),(Vehicles4↦0.0),(Vehicles5↦0.0)}",
        "Reward": "0.8516796819453513",
        "VehiclesAx": "{(EgoVehicle↦3.705766201019287),(Vehicles2↦-3.6864060163497925),(Vehicles3↦-3.6971234902739525),(Vehicles4↦-3.70499424636364),(Vehicles5↦-3.6915957927703857)}",
        "VehiclesVx": "{(EgoVehicle↦24.437987804412842),(Vehicles2↦-4.829086363315582),(Vehicles3↦-4.265486001968384),(Vehicles4↦-2.9254955053329468),(Vehicles5↦-4.322652518749237)}",
        "VehiclesY": "{(EgoVehicle↦8.000000238418579),(Vehicles2↦-8.000000238418579),(Vehicles3↦-4.0000001192092896),(Vehicles4↦0.0),(Vehicles5↦-8.000000238418579)}",
        "VehiclesVy": "{(EgoVehicle↦0.0),(Vehicles2↦0.0),(Vehicles3↦0.0),(Vehicles4↦0.0),(Vehicles5↦0.0)}",
        "VehiclesX": "{(EgoVehicle↦200.0),(Vehicles2↦16.66298806667328),(Vehicles3↦40.806370973587036),(Vehicles4↦64.161616563797),(Vehicles5↦93.39478611946106)}"
      },
      "probabilisticVariables": null,
      "activating": [
        "SLOWER_50"
      ],
      "activatingOnlyWhenExecuted": true,
      "updating": null,
      "withPredicate": null
    },
    {
      "id": "SLOWER_50",
      "execute": "SLOWER",
      "after": "1000",
      "priority": 0,
      "additionalGuards": null,
      "activationKind": null,
      "fixedVariables": {
        "Crash": "FALSE",
        "VehiclesAy": "{(EgoVehicle↦0.0),(Vehicles2↦0.0),(Vehicles3↦0.0),(Vehicles4↦0.0),(Vehicles5↦0.0)}",
        "Reward": "0.7489180376773028",
        "VehiclesAx": "{(EgoVehicle↦-3.8535618782043457),(Vehicles2↦3.872377574443817),(Vehicles3↦3.8622380048036575),(Vehicles4↦3.854323849081993),(Vehicles5↦3.8674770668148994)}",
        "VehiclesVx": "{(EgoVehicle↦20.584425926208496),(Vehicles2↦-0.9567087888717651),(Vehicles3↦-0.40324799716472626),(Vehicles4↦0.9288283437490463),(Vehicles5↦-0.4551754519343376)}",
        "VehiclesY": "{(EgoVehicle↦8.000000238418579),(Vehicles2↦-8.000000238418579),(Vehicles3↦-4.0000001192092896),(Vehicles4↦0.0),(Vehicles5↦-8.000000238418579)}",
        "VehiclesVy": "{(EgoVehicle↦0.0),(Vehicles2↦0.0),(Vehicles3↦0.0),(Vehicles4↦0.0),(Vehicles5↦0.0)}",
        "VehiclesX": "{(EgoVehicle↦200.0),(Vehicles2↦13.967320322990417),(Vehicles3↦38.67020308971405),(Vehicles4↦63.362282514572144),(Vehicles5↦91.20357036590576)}"
      },
      "probabilisticVariables": null,
      "activating": [
        "FASTER_51"
      ],
      "activatingOnlyWhenExecuted": true,
      "updating": null,
      "withPredicate": null
    },
    {
      "id": "FASTER_51",
      "execute": "FASTER",
      "after": "1000",
      "priority": 0,
      "additionalGuards": null,
      "activationKind": null,
      "fixedVariables": {
        "Crash": "FALSE",
        "VehiclesAy": "{(EgoVehicle↦0.0),(Vehicles2↦0.0),(Vehicles3↦0.0),(Vehicles4↦0.0),(Vehicles5↦0.0)}",
        "Reward": "0.851160674371771",
        "VehiclesAx": "{(EgoVehicle↦3.834099769592285),(Vehicles2↦-3.8157984614372253),(Vehicles3↦-3.825395777821541),(Vehicles4↦-3.83334182202816),(Vehicles5↦-3.8204293325543404)}",
        "VehiclesVx": "{(EgoVehicle↦24.41852569580078),(Vehicles2↦-4.7725072503089905),(Vehicles3↦-4.228643774986267),(Vehicles4↦-2.9045134782791138),(Vehicles5↦-4.275604784488678)}",
        "VehiclesY": "{(EgoVehicle↦8.000000238418579),(Vehicles2↦-8.000000238418579),(Vehicles3↦-4.0000001192092896),(Vehicles4↦0.0),(Vehicles5↦-8.000000238418579)}",
        "VehiclesVy": "{(EgoVehicle↦0.0),(Vehicles2↦0.0),(Vehicles3↦0.0),(Vehicles4↦0.0),(Vehicles5↦0.0)}",
        "VehiclesX": "{(EgoVehicle↦200.0),(Vehicles2↦10.902857780456543),(Vehicles3↦36.155322194099426),(Vehicles4↦62.17629909515381),(Vehicles5↦88.63876461982727)}"
      },
      "probabilisticVariables": null,
      "activating": [
        "SLOWER_52"
      ],
      "activatingOnlyWhenExecuted": true,
      "updating": null,
      "withPredicate": null
    },
    {
      "id": "SLOWER_52",
      "execute": "SLOWER",
      "after": "1000",
      "priority": 0,
      "additionalGuards": null,
      "activationKind": null,
      "fixedVariables": {
        "Crash": "FALSE",
        "VehiclesAy": "{(EgoVehicle↦0.0),(Vehicles2↦0.0),(Vehicles3↦0.0),(Vehicles4↦0.0),(Vehicles5↦0.0)}",
        "Reward": "0.7488496910009466",
        "VehiclesAx": "{(EgoVehicle↦-3.836662769317627),(Vehicles2↦3.8544730842113495),(Vehicles3↦3.8453850150108337),(Vehicles4↦3.8374171406030655),(Vehicles5↦3.8500943407416344)}",
        "VehiclesVx": "{(EgoVehicle↦20.581862926483154),(Vehicles2↦-0.918034166097641),(Vehicles3↦-0.38325875997543335),(Vehicles4↦0.9329036623239517),(Vehicles5↦-0.4255104437470436)}",
        "VehiclesY": "{(EgoVehicle↦8.000000238418579),(Vehicles2↦-8.000000238418579),(Vehicles3↦-4.0000001192092896),(Vehicles4↦0.0),(Vehicles5↦-8.000000238418579)}",
        "VehiclesVy": "{(EgoVehicle↦0.0),(Vehicles2↦0.0),(Vehicles3↦0.0),(Vehicles4↦0.0),(Vehicles5↦0.0)}",
        "VehiclesX": "{(EgoVehicle↦200.0),(Vehicles2↦8.254041522741318),(Vehicles3↦34.04669463634491),(Vehicles4↦61.388611793518066),(Vehicles5↦86.48508191108704)}"
      },
      "probabilisticVariables": null,
      "activating": [
        "FASTER_53"
      ],
      "activatingOnlyWhenExecuted": true,
      "updating": null,
      "withPredicate": null
    },
    {
      "id": "FASTER_53",
      "execute": "FASTER",
      "after": "1000",
      "priority": 0,
      "additionalGuards": null,
      "activationKind": null,
      "fixedVariables": {
        "Crash": "FALSE",
        "VehiclesAy": "{(EgoVehicle↦0.0),(Vehicles2↦0.0),(Vehicles3↦0.0),(Vehicles4↦0.0),(Vehicles5↦0.0)}",
        "Reward": "0.8511516739864072",
        "VehiclesAx": "{(EgoVehicle↦3.8363242149353027),(Vehicles2↦-3.8189776241779327),(Vehicles3↦-3.8275879621505737),(Vehicles4↦-3.8355673104524612),(Vehicles5↦-3.8231217488646507)}",
        "VehiclesVx": "{(EgoVehicle↦24.418187141418457),(Vehicles2↦-4.737011790275574),(Vehicles3↦-4.210846722126007),(Vehicles4↦-2.9026636481285095),(Vehicles5↦-4.248632192611694)}",
        "VehiclesY": "{(EgoVehicle↦8.000000238418579),(Vehicles2↦-8.000000238418579),(Vehicles3↦-4.0000001192092896),(Vehicles4↦0.0),(Vehicles5↦-8.000000238418579)}",
        "VehiclesVy": "{(EgoVehicle↦0.0),(Vehicles2↦0.0),(Vehicles3↦0.0),(Vehicles4↦0.0),(Vehicles5↦0.0)}",
        "VehiclesX": "{(EgoVehicle↦200.0),(Vehicles2↦5.226640403270721),(Vehicles3↦31.550586223602295),(Vehicles4↦60.205477476119995),(Vehicles5↦83.94852876663208)}"
      },
      "probabilisticVariables": null,
      "activating": [
        "LANE_RIGHT_54"
      ],
      "activatingOnlyWhenExecuted": true,
      "updating": null,
      "withPredicate": null
    },
    {
      "id": "LANE_RIGHT_54",
      "execute": "LANE_RIGHT",
      "after": "1000",
      "priority": 0,
      "additionalGuards": null,
      "activationKind": null,
      "fixedVariables": {
        "Crash": "FALSE",
        "VehiclesAy": "{(EgoVehicle↦0.0),(Vehicles2↦0.0),(Vehicles3↦0.0),(Vehicles4↦0.0),(Vehicles5↦0.0)}",
        "Reward": "0.8646235400585667",
        "VehiclesAx": "{(EgoVehicle↦0.5051946640014648),(Vehicles2↦-0.4882901906967163),(Vehicles3↦-0.4964509606361389),(Vehicles4↦-0.5044332146644592),(Vehicles5↦-0.4922151565551758)}",
        "VehiclesVx": "{(EgoVehicle↦24.923381805419922),(Vehicles2↦-5.22530198097229),(Vehicles3↦-4.707297682762146),(Vehicles4↦-3.4070968627929688),(Vehicles5↦-4.74084734916687)}",
        "VehiclesY": "{(EgoVehicle↦8.000000238418579),(Vehicles2↦-8.000000238418579),(Vehicles3↦-4.0000001192092896),(Vehicles4↦0.0),(Vehicles5↦-8.000000238418579)}",
        "VehiclesVy": "{(EgoVehicle↦0.0),(Vehicles2↦0.0),(Vehicles3↦0.0),(Vehicles4↦0.0),(Vehicles5↦0.0)}",
        "VehiclesX": "{(EgoVehicle↦200.0),(Vehicles2↦0.21772973705083132),(Vehicles3↦27.0645409822464),(Vehicles4↦57.02442526817322),(Vehicles5↦79.42641377449036)}"
      },
      "probabilisticVariables": null,
      "activating": [
        "LANE_RIGHT_55"
      ],
      "activatingOnlyWhenExecuted": true,
      "updating": null,
      "withPredicate": null
    },
    {
      "id": "LANE_RIGHT_55",
      "execute": "LANE_RIGHT",
      "after": "1000",
      "priority": 0,
      "additionalGuards": null,
      "activationKind": null,
      "fixedVariables": {
        "Crash": "FALSE",
        "VehiclesAy": "{(EgoVehicle↦0.0),(Vehicles2↦0.0),(Vehicles3↦0.0),(Vehicles4↦0.0),(Vehicles5↦0.0)}",
        "Reward": "0.866397612956958",
        "VehiclesAx": "{(EgoVehicle↦0.0665283203125),(Vehicles2↦-0.050043463706970215),(Vehicles3↦-0.05778282880783081),(Vehicles4↦-0.06575882434844971),(Vehicles5↦-0.05376458168029785)}",
        "VehiclesVx": "{(EgoVehicle↦24.989910125732422),(Vehicles2↦-5.27534544467926),(Vehicles3↦-4.765080511569977),(Vehicles4↦-3.4728556871414185),(Vehicles5↦-4.794611930847168)}",
        "VehiclesY": "{(EgoVehicle↦8.000000238418579),(Vehicles2↦-8.000000238418579),(Vehicles3↦-4.0000001192092896),(Vehicles4↦0.0),(Vehicles5↦-8.000000238418579)}",
        "VehiclesVy": "{(EgoVehicle↦0.0),(Vehicles2↦0.0),(Vehicles3↦0.0),(Vehicles4↦0.0),(Vehicles5↦0.0)}",
        "VehiclesX": "{(EgoVehicle↦200.0),(Vehicles2↦-5.037646368145943),(Vehicles3↦22.32404202222824),(Vehicles4↦53.580933809280396),(Vehicles5↦74.6539831161499)}"
      },
      "probabilisticVariables": null,
      "activating": [
        "SLOWER_56"
      ],
      "activatingOnlyWhenExecuted": true,
      "updating": null,
      "withPredicate": null
    },
    {
      "id": "SLOWER_56",
      "execute": "SLOWER",
      "after": "1000",
      "priority": 0,
      "additionalGuards": null,
      "activationKind": null,
      "fixedVariables": {
        "Crash": "FALSE",
        "VehiclesAy": "{(EgoVehicle↦0.0),(Vehicles2↦0.0),(Vehicles3↦0.0),(Vehicles4↦0.0),(Vehicles5↦0.0)}",
        "Reward": "0.7508562014319176",
        "VehiclesAx": "{(EgoVehicle↦-4.3328022956848145),(Vehicles2↦4.348885267972946),(Vehicles3↦4.341543763875961),(Vehicles4↦4.333581253886223),(Vehicles5↦4.345355704426765)}",
        "VehiclesVx": "{(EgoVehicle↦20.657107830047607),(Vehicles2↦-0.9264601767063141),(Vehicles3↦-0.4235367476940155),(Vehicles4↦0.8607255667448044),(Vehicles5↦-0.4492562264204025)}",
        "VehiclesY": "{(EgoVehicle↦8.000000238418579),(Vehicles2↦-8.000000238418579),(Vehicles3↦-4.0000001192092896),(Vehicles4↦0.0),(Vehicles5↦-8.000000238418579)}",
        "VehiclesVy": "{(EgoVehicle↦0.0),(Vehicles2↦0.0),(Vehicles3↦0.0),(Vehicles4↦0.0),(Vehicles5↦0.0)}",
        "VehiclesX": "{(EgoVehicle↦200.0),(Vehicles2↦-7.916298508644104),(Vehicles3↦19.952687621116638),(Vehicles4↦52.49861478805542),(Vehicles5↦72.2546398639679)}"
      },
      "probabilisticVariables": null,
      "activating": [
        "FASTER_57"
      ],
      "activatingOnlyWhenExecuted": true,
      "updating": null,
      "withPredicate": null
    },
    {
      "id": "FASTER_57",
      "execute": "FASTER",
      "after": "1000",
      "priority": 0,
      "additionalGuards": null,
      "activationKind": null,
      "fixedVariables": {
        "Crash": "FALSE",
        "VehiclesAy": "{(EgoVehicle↦0.0),(Vehicles2↦0.0),(Vehicles3↦0.0),(Vehicles4↦0.0),(Vehicles5↦0.0)}",
        "Reward": "0.8514159058127081",
        "VehiclesAx": "{(EgoVehicle↦3.7709879875183105),(Vehicles2↦-3.2593341171741486),(Vehicles3↦-2.4859367311000824),(Vehicles4↦-5.068623349070549),(Vehicles5↦-3.524175062775612)}",
        "VehiclesVx": "{(EgoVehicle↦24.428095817565918),(Vehicles2↦-4.185794293880463),(Vehicles3↦-2.909473478794098),(Vehicles4↦-4.207897782325745),(Vehicles5↦-3.9734312891960144)}",
        "VehiclesY": "{(EgoVehicle↦8.000000238418579),(Vehicles2↦-4.0000001192092896),(Vehicles3↦0.0),(Vehicles4↦-8.000000238418579),(Vehicles5↦-4.0000001192092896)}",
        "VehiclesVy": "{(EgoVehicle↦0.0),(Vehicles2↦0.0),(Vehicles3↦0.0),(Vehicles4↦0.0),(Vehicles5↦0.0)}",
        "VehiclesX": "{(EgoVehicle↦200.0),(Vehicles2↦17.452344298362732),(Vehicles3↦51.27936005592346),(Vehicles4↦69.7300374507904),(Vehicles5↦97.64186143875122)}"
      },
      "probabilisticVariables": null,
      "activating": [
        "SLOWER_58"
      ],
      "activatingOnlyWhenExecuted": true,
      "updating": null,
      "withPredicate": null
    },
    {
      "id": "SLOWER_58",
      "execute": "SLOWER",
      "after": "1000",
      "priority": 0,
      "additionalGuards": null,
      "activationKind": null,
      "fixedVariables": {
        "Crash": "FALSE",
        "VehiclesAy": "{(EgoVehicle↦0.0),(Vehicles2↦0.0),(Vehicles3↦0.0),(Vehicles4↦0.0),(Vehicles5↦0.0)}",
        "Reward": "0.7488833017256789",
        "VehiclesAx": "{(EgoVehicle↦-3.8449716567993164),(Vehicles2↦3.853689283132553),(Vehicles3↦3.8457760214805603),(Vehicles4↦3.8571201637387276),(Vehicles5↦3.8552908692508936)}",
        "VehiclesVx": "{(EgoVehicle↦20.5831241607666),(Vehicles2↦-0.33210501074790955),(Vehicles3↦0.9363025426864624),(Vehicles4↦-0.35077761858701706),(Vehicles5↦-0.11814041994512081)}",
        "VehiclesY": "{(EgoVehicle↦8.000000238418579),(Vehicles2↦-4.0000001192092896),(Vehicles3↦0.0),(Vehicles4↦-8.000000238418579),(Vehicles5↦-4.0000001192092896)}",
        "VehiclesVy": "{(EgoVehicle↦0.0),(Vehicles2↦0.0),(Vehicles3↦0.0),(Vehicles4↦0.0),(Vehicles5↦0.0)}",
        "VehiclesX": "{(EgoVehicle↦200.0),(Vehicles2↦15.39115160703659),(Vehicles3↦50.49131512641907),(Vehicles4↦67.6481306552887),(Vehicles5↦95.79367637634277)}"
      },
      "probabilisticVariables": null,
      "activating": [
        "FASTER_59"
      ],
      "activatingOnlyWhenExecuted": true,
      "updating": null,
      "withPredicate": null
    },
    {
      "id": "FASTER_59",
      "execute": "FASTER",
      "after": "1000",
      "priority": 0,
      "additionalGuards": null,
      "activationKind": null,
      "fixedVariables": {
        "Crash": "FALSE",
        "VehiclesAy": "{(EgoVehicle↦0.0),(Vehicles2↦0.0),(Vehicles3↦0.0),(Vehicles4↦0.0),(Vehicles5↦0.0)}",
        "Reward": "0.8511561000900757",
        "VehiclesAx": "{(EgoVehicle↦3.8352298736572266),(Vehicles2↦-3.8265325129032135),(Vehicles3↦-3.8344117999076843),(Vehicles4↦-3.8232778385281563),(Vehicles5↦-3.825036147609353)}",
        "VehiclesVx": "{(EgoVehicle↦24.418354034423828),(Vehicles2↦-4.158637523651123),(Vehicles3↦-2.898109257221222),(Vehicles4↦-4.174055457115173),(Vehicles5↦-3.943176567554474)}",
        "VehiclesY": "{(EgoVehicle↦8.000000238418579),(Vehicles2↦-4.0000001192092896),(Vehicles3↦0.0),(Vehicles4↦-8.000000238418579),(Vehicles5↦-4.0000001192092896)}",
        "VehiclesVy": "{(EgoVehicle↦0.0),(Vehicles2↦0.0),(Vehicles3↦0.0),(Vehicles4↦0.0),(Vehicles5↦0.0)}",
        "VehiclesX": "{(EgoVehicle↦200.0),(Vehicles2↦12.946788966655731),(Vehicles3↦49.312207102775574),(Vehicles4↦65.18641114234924),(Vehicles5↦93.56389045715332)}"
      },
      "probabilisticVariables": null,
      "activating": [
        "SLOWER_60"
      ],
      "activatingOnlyWhenExecuted": true,
      "updating": null,
      "withPredicate": null
    },
    {
      "id": "SLOWER_60",
      "execute": "SLOWER",
      "after": "1000",
      "priority": 0,
      "additionalGuards": null,
      "activationKind": null,
      "fixedVariables": {
        "Crash": "FALSE",
        "VehiclesAy": "{(EgoVehicle↦0.0),(Vehicles2↦0.0),(Vehicles3↦0.0),(Vehicles4↦0.0),(Vehicles5↦0.0)}",
        "Reward": "0.7488490886264024",
        "VehiclesAx": "{(EgoVehicle↦-3.836512565612793),(Vehicles2↦3.8451867923140526),(Vehicles3↦3.8373470306396484),(Vehicles4↦3.848273828625679),(Vehicles5↦3.846581196412444)}",
        "VehiclesVx": "{(EgoVehicle↦20.581841468811035),(Vehicles2↦-0.31345073133707047),(Vehicles3↦0.9392377734184265),(Vehicles4↦-0.3257816284894943),(Vehicles5↦-0.09659537114202976)}",
        "VehiclesY": "{(EgoVehicle↦8.000000238418579),(Vehicles2↦-4.0000001192092896),(Vehicles3↦0.0),(Vehicles4↦-8.000000238418579),(Vehicles5↦-4.0000001192092896)}",
        "VehiclesVy": "{(EgoVehicle↦0.0),(Vehicles2↦0.0),(Vehicles3↦0.0),(Vehicles4↦0.0),(Vehicles5↦0.0)}",
        "VehiclesX": "{(EgoVehicle↦200.0),(Vehicles2↦10.908068716526031),(Vehicles3↦48.53087663650513),(Vehicles4↦63.133519887924194),(Vehicles5↦91.74119234085083)}"
      },
      "probabilisticVariables": null,
      "activating": [
        "FASTER_61"
      ],
      "activatingOnlyWhenExecuted": true,
      "updating": null,
      "withPredicate": null
    },
    {
      "id": "FASTER_61",
      "execute": "FASTER",
      "after": "1000",
      "priority": 0,
      "additionalGuards": null,
      "activationKind": null,
      "fixedVariables": {
        "Crash": "FALSE",
        "VehiclesAy": "{(EgoVehicle↦0.0),(Vehicles2↦0.0),(Vehicles3↦0.0),(Vehicles4↦0.0),(Vehicles5↦0.0)}",
        "Reward": "0.8511515946613644",
        "VehiclesAx": "{(EgoVehicle↦3.836343288421631),(Vehicles2↦-3.8276978954672813),(Vehicles3↦-3.835492730140686),(Vehicles4↦-3.8247696310281754),(Vehicles5↦-3.8264026399701834)}",
        "VehiclesVx": "{(EgoVehicle↦24.418184757232666),(Vehicles2↦-4.141148626804352),(Vehicles3↦-2.8962549567222595),(Vehicles4↦-4.15055125951767),(Vehicles5↦-3.922998011112213)}",
        "VehiclesY": "{(EgoVehicle↦8.000000238418579),(Vehicles2↦-4.0000001192092896),(Vehicles3↦0.0),(Vehicles4↦-8.000000238418579),(Vehicles5↦-4.0000001192092896)}",
        "VehiclesVy": "{(EgoVehicle↦0.0),(Vehicles2↦0.0),(Vehicles3↦0.0),(Vehicles4↦0.0),(Vehicles5↦0.0)}",
        "VehiclesX": "{(EgoVehicle↦200.0),(Vehicles2↦8.481726050376892),(Vehicles3↦47.35410213470459),(Vehicles4↦60.69602966308594),(Vehicles5↦89.5322322845459)}"
      },
      "probabilisticVariables": null,
      "activating": null,
      "activatingOnlyWhenExecuted": true,
      "updating": null,
      "withPredicate": null
    }
  ],
  "listeners": [],
  "metadata": {
    "fileType": "Timed_Trace",
    "formatVersion": 3,
    "savedAt": "2023-08-15T12:35:34.447877Z",
    "creator": "Simulation: MONTE_CARLO_SIMULATION; MAX_STEPS_BEFORE_PROPERTY : 0, EXECUTIONS : 1000, ENDING_TIME : 60000",
    "proB2KernelVersion": "4.12.2",
    "proBCliVersion": "1.12.2-final",
    "modelName": "HighwayEnvironment"
  }
}