{
  "variables": {},
  "activations": [
    {
      "id": "$setup_constants",
      "execute": "$setup_constants",
      "after": "0",
      "priority": 0,
      "additionalGuards": null,
      "activationKind": null,
      "fixedVariables": null,
      "probabilisticVariables": null,
      "activating": null,
      "activatingOnlyWhenExecuted": true,
      "updating": null,
      "withPredicate": null
    },
    {
      "id": "$initialise_machine",
      "execute": "$initialise_machine",
      "after": "0",
      "priority": 0,
      "additionalGuards": null,
      "activationKind": null,
      "fixedVariables": {
        "Crash": "FALSE",
        "VehiclesAy": "{(EgoVehicle↦0.0),(Vehicles2↦0.0),(Vehicles3↦0.0),(Vehicles4↦0.0),(Vehicles5↦0.0)}",
        "Reward": "0.0",
        "VehiclesAx": "{(EgoVehicle↦0.0),(Vehicles2↦0.0),(Vehicles3↦0.0),(Vehicles4↦0.0),(Vehicles5↦0.0)}",
        "VehiclesVx": "{(EgoVehicle↦25.0),(Vehicles2↦-2.0771023631095886),(Vehicles3↦-1.2983714044094086),(Vehicles4↦-3.5919860005378723),(Vehicles5↦-3.153466582298279)}",
        "VehiclesY": "{(EgoVehicle↦4.0000001192092896),(Vehicles2↦-4.0000001192092896),(Vehicles3↦4.0000001192092896),(Vehicles4↦-4.0000001192092896),(Vehicles5↦0.0)}",
        "VehiclesVy": "{(EgoVehicle↦0.0),(Vehicles2↦0.0),(Vehicles3↦0.0),(Vehicles4↦0.0),(Vehicles5↦0.0)}",
        "VehiclesX": "{(EgoVehicle↦154.74777221679688),(Vehicles2↦24.60630238056183),(Vehicles3↦51.045697927474976),(Vehicles4↦72.41228818893433),(Vehicles5↦94.48462128639221)}"
      },
      "probabilisticVariables": null,
      "activating": [
        "LANE_RIGHT_2"
      ],
      "activatingOnlyWhenExecuted": true,
      "updating": null,
      "withPredicate": null
    },
    {
      "id": "LANE_RIGHT_2",
      "execute": "LANE_RIGHT",
      "after": "1000",
      "priority": 0,
      "additionalGuards": null,
      "activationKind": null,
      "fixedVariables": {
        "Crash": "FALSE",
        "VehiclesAy": "{(EgoVehicle↦1.0796338319778442),(Vehicles2↦-1.0796338319778442),(Vehicles3↦-1.0796338319778442),(Vehicles4↦-1.0796338319778442),(Vehicles5↦-1.0796338319778442)}",
        "Reward": "0.8660447183419508",
        "VehiclesAx": "{(EgoVehicle↦-0.023322105407714844),(Vehicles2↦-2.100856900215149),(Vehicles3↦-0.6737592816352844),(Vehicles4↦-0.2025967836380005),(Vehicles5↦-4.53443169593811)}",
        "VehiclesVx": "{(EgoVehicle↦24.976677894592285),(Vehicles2↦-4.1779592633247375),(Vehicles3↦-1.972130686044693),(Vehicles4↦-3.794582784175873),(Vehicles5↦-7.687898278236389)}",
        "VehiclesY": "{(EgoVehicle↦7.6599647998809814),(Vehicles2↦-7.6599647998809814),(Vehicles3↦0.3400348797440529),(Vehicles4↦-7.6599647998809814),(Vehicles5↦-3.6599650382995605)}",
        "VehiclesVy": "{(EgoVehicle↦1.0796338319778442),(Vehicles2↦-1.0796338319778442),(Vehicles3↦-1.0796338319778442),(Vehicles4↦-1.0796338319778442),(Vehicles5↦-1.0796338319778442)}",
        "VehiclesX": "{(EgoVehicle↦179.42801713943481),(Vehicles2↦21.822892129421234),(Vehicles3↦49.77198243141174),(Vehicles4↦69.04048919677734),(Vehicles5↦89.44900631904602)}"
      },
      "probabilisticVariables": null,
      "activating": [
        "SLOWER_3"
      ],
      "activatingOnlyWhenExecuted": true,
      "updating": null,
      "withPredicate": null
    },
    {
      "id": "SLOWER_3",
      "execute": "SLOWER",
      "after": "1000",
      "priority": 0,
      "additionalGuards": null,
      "activationKind": null,
      "fixedVariables": {
        "Crash": "FALSE",
        "VehiclesAy": "{(EgoVehicle↦-1.030814554542303),(Vehicles2↦1.030814554542303),(Vehicles3↦1.030814554542303),(Vehicles4↦1.030814554542303),(Vehicles5↦-1.1284531094133854)}",
        "Reward": "0.7508900941313649",
        "VehiclesAx": "{(EgoVehicle↦-4.318299293518066),(Vehicles2↦3.5116592049598694),(Vehicles3↦3.8143390417099),(Vehicles4↦4.182446002960205),(Vehicles5↦3.135954439640045)}",
        "VehiclesVx": "{(EgoVehicle↦20.65837860107422),(Vehicles2↦-0.6663000583648682),(Vehicles3↦1.842208355665207),(Vehicles4↦0.3878632187843323),(Vehicles5↦-4.551943838596344)}",
        "VehiclesY": "{(EgoVehicle↦7.983102321624756),(Vehicles2↦-7.983102321624756),(Vehicles3↦0.01689769746735692),(Vehicles4↦-7.983102321624756),(Vehicles5↦-3.9831022024154663)}",
        "VehiclesVy": "{(EgoVehicle↦0.04881927743554115),(Vehicles2↦-0.04881927743554115),(Vehicles3↦-0.04881927743554115),(Vehicles4↦-0.04881927743554115),(Vehicles5↦-0.04881927743554115)}",
        "VehiclesX": "{(EgoVehicle↦200.0),(Vehicles2↦19.640085101127625),(Vehicles3↦49.959948658943176),(Vehicles4↦67.5615131855011),(Vehicles5↦83.53327512741089)}"
      },
      "probabilisticVariables": null,
      "activating": [
        "SLOWER_4"
      ],
      "activatingOnlyWhenExecuted": true,
      "updating": null,
      "withPredicate": null
    },
    {
      "id": "SLOWER_4",
      "execute": "SLOWER",
      "after": "1000",
      "priority": 0,
      "additionalGuards": null,
      "activationKind": null,
      "fixedVariables": {
        "Crash": "FALSE",
        "VehiclesAy": "{(EgoVehicle↦-0.045818106445949525),(Vehicles2↦0.045818106445949525),(Vehicles3↦0.045818106445949525),(Vehicles4↦0.045818106445949525),(Vehicles5↦-0.05182044842513278)}",
        "Reward": "0.7356455313433461",
        "VehiclesAx": "{(EgoVehicle↦-0.5716705322265625),(Vehicles2↦0.2538341283798218),(Vehicles3↦0.2108791470527649),(Vehicles4↦0.4896235466003418),(Vehicles5↦0.38710176944732666)}",
        "VehiclesVx": "{(EgoVehicle↦20.086708068847656),(Vehicles2↦-0.4124659299850464),(Vehicles3↦2.053087502717972),(Vehicles4↦0.8774867653846741),(Vehicles5↦-4.164842069149017)}",
        "VehiclesY": "{(EgoVehicle↦7.9989659786224365),(Vehicles2↦-7.9989659786224365),(Vehicles3↦0.0010342966415919363),(Vehicles4↦-7.9989659786224365),(Vehicles5↦-3.998965859413147)}",
        "VehiclesVy": "{(EgoVehicle↦0.0030011709895916283),(Vehicles2↦-0.0030011709895916283),(Vehicles3↦-0.0030011709895916283),(Vehicles4↦-0.0030011709895916283),(Vehicles5↦-0.0030011709895916283)}",
        "VehiclesX": "{(EgoVehicle↦200.0),(Vehicles2↦19.137080013751984),(Vehicles3↦51.96391940116882),(Vehicles4↦68.2286262512207),(Vehicles5↦79.1786789894104)}"
      },
      "probabilisticVariables": null,
      "activating": [
        "SLOWER_5"
      ],
      "activatingOnlyWhenExecuted": true,
      "updating": null,
      "withPredicate": null
    },
    {
      "id": "SLOWER_5",
      "execute": "SLOWER",
      "after": "1000",
      "priority": 0,
      "additionalGuards": null,
      "activationKind": null,
      "fixedVariables": {
        "Crash": "FALSE",
        "VehiclesAy": "{(EgoVehicle↦-0.0028146709883003496),(Vehicles2↦0.0028146709883003496),(Vehicles3↦0.0028146709883003496),(Vehicles4↦0.0028146709883003496),(Vehicles5↦-0.003187670990882907)}",
        "Reward": "0.733637821078228",
        "VehiclesAx": "{(EgoVehicle↦-0.07529020309448242),(Vehicles2↦-0.021589137613773346),(Vehicles3↦-0.19130483269691467),(Vehicles4↦0.025547444820404053),(Vehicles5↦0.2502813935279846)}",
        "VehiclesVx": "{(EgoVehicle↦20.011417865753174),(Vehicles2↦-0.43405506759881973),(Vehicles3↦1.8617826700210571),(Vehicles4↦0.9030342102050781),(Vehicles5↦-3.9145606756210327)}",
        "VehiclesY": "{(EgoVehicle↦7.999935865402222),(Vehicles2↦-7.999935865402222),(Vehicles3↦6.422011210815981E-05),(Vehicles4↦-7.999935865402222),(Vehicles5↦-3.999935746192932)}",
        "VehiclesVy": "{(EgoVehicle↦0.00018650000129127875),(Vehicles2↦-0.00018650000129127875),(Vehicles3↦-0.00018650000129127875),(Vehicles4↦-0.00018650000129127875),(Vehicles5↦-0.00018650000129127875)}",
        "VehiclesX": "{(EgoVehicle↦200.0),(Vehicles2↦18.715591728687286),(Vehicles3↦53.945934772491455),(Vehicles4↦69.12577748298645),(Vehicles5↦75.10867714881897)}"
      },
      "probabilisticVariables": null,
      "activating": [
        "LANE_LEFT_6"
      ],
      "activatingOnlyWhenExecuted": true,
      "updating": null,
      "withPredicate": null
    },
    {
      "id": "LANE_LEFT_6",
      "execute": "LANE_LEFT",
      "after": "1000",
      "priority": 0,
      "additionalGuards": null,
      "activationKind": null,
      "fixedVariables": {
        "Crash": "FALSE",
        "VehiclesAy": "{(EgoVehicle↦-1.1462447166923084),(Vehicles2↦1.1462447166923084),(Vehicles3↦1.1462447166923084),(Vehicles4↦1.1462447166923084),(Vehicles5↦1.1458717166897259)}",
        "Reward": "0.7000000000000001",
        "VehiclesAx": "{(EgoVehicle↦-0.04277467727661133),(Vehicles2↦0.05124107003211975),(Vehicles3↦-0.16378387808799744),(Vehicles4↦0.012476667761802673),(Vehicles5↦0.3464031219482422)}",
        "VehiclesVx": "{(EgoVehicle↦19.968643188476562),(Vehicles2↦-0.3828139975667),(Vehicles3↦1.6979987919330597),(Vehicles4↦0.9155108779668808),(Vehicles5↦-3.5681575536727905)}",
        "VehiclesY": "{(EgoVehicle↦4.396378397941589),(Vehicles2↦-4.396378397941589),(Vehicles3↦3.6036218404769897),(Vehicles4↦-4.396378397941589),(Vehicles5↦-0.3963782787322998)}",
        "VehiclesVy": "{(EgoVehicle↦-1.1460582166910172),(Vehicles2↦1.1460582166910172),(Vehicles3↦1.1460582166910172),(Vehicles4↦1.1460582166910172),(Vehicles5↦1.1460582166910172)}",
        "VehiclesX": "{(EgoVehicle↦200.0),(Vehicles2↦18.671171367168427),(Vehicles3↦56.113201379776),(Vehicles4↦70.40737271308899),(Vehicles5↦71.70233726501465)}"
      },
      "probabilisticVariables": null,
      "activating": [
        "LANE_RIGHT_7"
      ],
      "activatingOnlyWhenExecuted": true,
      "updating": null,
      "withPredicate": null
    },
    {
      "id": "LANE_RIGHT_7",
      "execute": "LANE_RIGHT",
      "after": "1000",
      "priority": 0,
      "additionalGuards": null,
      "activationKind": null,
      "fixedVariables": {
        "Crash": "FALSE",
        "VehiclesAy": "{(EgoVehicle↦2.2206534445285797),(Vehicles2↦-2.2206534445285797),(Vehicles3↦-2.2206534445285797),(Vehicles4↦-2.2206534445285797),(Vehicles5↦0.07146298885345459)}",
        "Reward": "0.7333333333333334",
        "VehiclesAx": "{(EgoVehicle↦0.0026655197143554688),(Vehicles2↦0.05477387458086014),(Vehicles3↦-0.1717931032180786),(Vehicles4↦-4.155355021357536),(Vehicles5↦4.462414085865021)}",
        "VehiclesVx": "{(EgoVehicle↦19.971308708190918),(Vehicles2↦-0.32804012298583984),(Vehicles3↦1.526205688714981),(Vehicles4↦-3.2398441433906555),(Vehicles5↦0.8942565321922302)}",
        "VehiclesY": "{(EgoVehicle↦7.628206729888916),(Vehicles2↦-7.628206729888916),(Vehicles3↦0.371793195605278),(Vehicles4↦-3.628206968307495),(Vehicles5↦-7.628206729888916)}",
        "VehiclesVy": "{(EgoVehicle↦1.0745952278375626),(Vehicles2↦-1.0745952278375626),(Vehicles3↦-1.0745952278375626),(Vehicles4↦-1.0745952278375626),(Vehicles5↦-1.0745952278375626)}",
        "VehiclesX": "{(EgoVehicle↦200.0),(Vehicles2↦18.586072325706482),(Vehicles3↦58.01846981048584),(Vehicles4↦68.54397058486938),(Vehicles5↦71.5919554233551)}"
      },
      "probabilisticVariables": null,
      "activating": [
        "FASTER_8"
      ],
      "activatingOnlyWhenExecuted": true,
      "updating": null,
      "withPredicate": null
    },
    {
      "id": "FASTER_8",
      "execute": "FASTER",
      "after": "1000",
      "priority": 0,
      "additionalGuards": null,
      "activationKind": null,
      "fixedVariables": {
        "Crash": "FALSE",
        "VehiclesAy": "{(EgoVehicle↦-1.0215663351118565),(Vehicles2↦1.0215663351118565),(Vehicles3↦1.0215663351118565),(Vehicles4↦1.0215663351118565),(Vehicles5↦-1.1276241205632687)}",
        "Reward": "0.8491075226371295",
        "VehiclesAx": "{(EgoVehicle↦4.370224475860596),(Vehicles2↦-4.292604029178619),(Vehicles3↦-4.516790956258774),(Vehicles4↦-4.057006537914276),(Vehicles5↦-4.38175767660141)}",
        "VehiclesVx": "{(EgoVehicle↦24.341533184051514),(Vehicles2↦-4.620644152164459),(Vehicles3↦-2.9905852675437927),(Vehicles4↦-7.296850681304932),(Vehicles5↦-3.4875011444091797)}",
        "VehiclesY": "{(EgoVehicle↦7.983987092971802),(Vehicles2↦-7.983987092971802),(Vehicles3↦0.016013109125196934),(Vehicles4↦-3.983986973762512),(Vehicles5↦-7.983987092971802)}",
        "VehiclesVy": "{(EgoVehicle↦0.0530288927257061),(Vehicles2↦-0.0530288927257061),(Vehicles3↦-0.0530288927257061),(Vehicles4↦-0.0530288927257061),(Vehicles5↦-0.0530288927257061)}",
        "VehiclesX": "{(EgoVehicle↦200.0),(Vehicles2↦15.869022905826569),(Vehicles3↦57.06551671028137),(Vehicles4↦63.012635707855225),(Vehicles5↦70.06199359893799)}"
      },
      "probabilisticVariables": null,
      "activating": [
        "SLOWER_9"
      ],
      "activatingOnlyWhenExecuted": true,
      "updating": null,
      "withPredicate": null
    },
    {
      "id": "SLOWER_9",
      "execute": "SLOWER",
      "after": "1000",
      "priority": 0,
      "additionalGuards": null,
      "activationKind": null,
      "fixedVariables": {
        "Crash": "FALSE",
        "VehiclesAy": "{(EgoVehicle↦-0.05079230686533265),(Vehicles2↦0.05079230686533265),(Vehicles3↦0.05079230686533265),(Vehicles4↦0.05079230686533265),(Vehicles5↦-0.05526547858607955)}",
        "Reward": "0.7485795167103405",
        "VehiclesAx": "{(EgoVehicle↦-3.7698006629943848),(Vehicles2↦3.852861300110817),(Vehicles3↦3.6359861493110657),(Vehicles4↦4.0477365255355835),(Vehicles5↦3.7625182420015335)}",
        "VehiclesVx": "{(EgoVehicle↦20.57173252105713),(Vehicles2↦-0.7677828520536423),(Vehicles3↦0.645400881767273),(Vehicles4↦-3.249114155769348),(Vehicles5↦0.2750170975923538)}",
        "VehiclesY": "{(EgoVehicle↦7.999227046966553),(Vehicles2↦-7.999227046966553),(Vehicles3↦0.0007727000629529357),(Vehicles4↦-3.999227285385132),(Vehicles5↦-7.999227046966553)}",
        "VehiclesVy": "{(EgoVehicle↦0.0022365858603734523),(Vehicles2↦-0.0022365858603734523),(Vehicles3↦-0.0022365858603734523),(Vehicles4↦-0.0022365858603734523),(Vehicles5↦-0.0022365858603734523)}",
        "VehiclesX": "{(EgoVehicle↦200.0),(Vehicles2↦13.361163437366486),(Vehicles3↦56.100308895111084),(Vehicles4↦57.90969133377075),(Vehicles5↦68.65094304084778)}"
      },
      "probabilisticVariables": null,
      "activating": [
        "SLOWER_10"
      ],
      "activatingOnlyWhenExecuted": true,
      "updating": null,
      "withPredicate": null
    },
    {
      "id": "SLOWER_10",
      "execute": "SLOWER",
      "after": "1000",
      "priority": 0,
      "additionalGuards": null,
      "activationKind": null,
      "fixedVariables": {
        "Crash": "FALSE",
        "VehiclesAy": "{(EgoVehicle↦-0.002099148059642175),(Vehicles2↦0.002099148059642175),(Vehicles3↦0.002099148059642175),(Vehicles4↦0.002099148059642175),(Vehicles5↦-0.0023740236611047294)}",
        "Reward": "0.7353410615998595",
        "VehiclesAx": "{(EgoVehicle↦-0.4964423179626465),(Vehicles2↦0.5776574648916721),(Vehicles3↦-3.1591925024986267),(Vehicles4↦4.263459071516991),(Vehicles5↦0.4917285591363907)}",
        "VehiclesVx": "{(EgoVehicle↦20.075290203094482),(Vehicles2↦-0.19012538716197014),(Vehicles3↦-2.5137916207313538),(Vehicles4↦1.0143449157476425),(Vehicles5↦0.7667456567287445)}",
        "VehiclesY": "{(EgoVehicle↦7.99995231628418),(Vehicles2↦-7.99995231628418),(Vehicles3↦-3.999952554702759),(Vehicles4↦4.735876245831605E-05),(Vehicles5↦-7.99995231628418)}",
        "VehiclesVy": "{(EgoVehicle↦0.0001374378007312771),(Vehicles2↦-0.0001374378007312771),(Vehicles3↦-0.0001374378007312771),(Vehicles4↦-0.0001374378007312771),(Vehicles5↦-0.0001374378007312771)}",
        "VehiclesX": "{(EgoVehicle↦200.0),(Vehicles2↦12.900054454803467),(Vehicles3↦55.03307580947876),(Vehicles4↦56.968265771865845),(Vehicles5↦69.1977858543396)}"
      },
      "probabilisticVariables": null,
      "activating": [
        "FASTER_11"
      ],
      "activatingOnlyWhenExecuted": true,
      "updating": null,
      "withPredicate": null
    },
    {
      "id": "FASTER_11",
      "execute": "FASTER",
      "after": "1000",
      "priority": 0,
      "additionalGuards": null,
      "activationKind": null,
      "fixedVariables": {
        "Crash": "FALSE",
        "VehiclesAy": "{(EgoVehicle↦-0.00013071699413558235),(Vehicles2↦0.00013071699413558235),(Vehicles3↦0.00013071699413558235),(Vehicles4↦0.00013071699413558235),(Vehicles5↦-0.00014415860732697183)}",
        "Reward": "0.8493727598282206",
        "VehiclesAx": "{(EgoVehicle↦4.276187419891357),(Vehicles2↦-4.200125355273485),(Vehicles3↦-4.073788821697235),(Vehicles4↦-4.401505813002586),(Vehicles5↦-4.27934393286705)}",
        "VehiclesVx": "{(EgoVehicle↦24.35147762298584),(Vehicles2↦-4.390250742435455),(Vehicles3↦-6.587580442428589),(Vehicles4↦-3.387160897254944),(Vehicles5↦-3.5125982761383057)}",
        "VehiclesY": "{(EgoVehicle↦7.999998092651367),(Vehicles2↦-7.999998092651367),(Vehicles3↦-3.9999979734420776),(Vehicles4↦2.0293854277042556E-06),(Vehicles5↦-7.999998092651367)}",
        "VehiclesVy": "{(EgoVehicle↦6.720806595694739E-06),(Vehicles2↦-6.720806595694739E-06),(Vehicles3↦-6.720806595694739E-06),(Vehicles4↦-6.720806595694739E-06),(Vehicles5↦-6.720806595694739E-06)}",
        "VehiclesX": "{(EgoVehicle↦200.0),(Vehicles2↦10.38183942437172),(Vehicles3↦50.243979692459106),(Vehicles4↦55.57343363761902),(Vehicles5↦67.60417222976685)}"
      },
      "probabilisticVariables": null,
      "activating": [
        "SLOWER_12"
      ],
      "activatingOnlyWhenExecuted": true,
      "updating": null,
      "withPredicate": null
    },
    {
      "id": "SLOWER_12",
      "execute": "SLOWER",
      "after": "1000",
      "priority": 0,
      "additionalGuards": null,
      "activationKind": null,
      "fixedVariables": {
        "Crash": "FALSE",
        "VehiclesAy": "{(EgoVehicle↦-6.437471817832829E-06),(Vehicles2↦6.437471817832829E-06),(Vehicles3↦6.437471817832829E-06),(Vehicles4↦6.437471817832829E-06),(Vehicles5↦-7.004141373556649E-06)}",
        "Reward": "0.7486142454643505",
        "VehiclesAx": "{(EgoVehicle↦-3.7784433364868164),(Vehicles2↦3.8481422886252403),(Vehicles3↦3.9493393898010254),(Vehicles4↦3.6527963541448116),(Vehicles5↦3.776242695748806)}",
        "VehiclesVx": "{(EgoVehicle↦20.573034286499023),(Vehicles2↦-0.542108453810215),(Vehicles3↦-2.6382410526275635),(Vehicles4↦0.2656354568898678),(Vehicles5↦0.26364441961050034)}",
        "VehiclesY": "{(EgoVehicle↦8.000000238418579),(Vehicles2↦-8.000000238418579),(Vehicles3↦-3.999999761581421),(Vehicles4↦9.788795907184067E-08),(Vehicles5↦-8.000000238418579)}",
        "VehiclesVy": "{(EgoVehicle↦2.8333477786190997E-07),(Vehicles2↦-2.8333477786190997E-07),(Vehicles3↦-2.8333477786190997E-07),(Vehicles4↦-2.8333477786190997E-07),(Vehicles5↦-2.8333477786190997E-07)}",
        "VehiclesX": "{(EgoVehicle↦200.0),(Vehicles2↦8.104405552148819),(Vehicles3↦45.811474323272705),(Vehicles4↦54.220521450042725),(Vehicles5↦66.17504954338074)}"
      },
      "probabilisticVariables": null,
      "activating": [
        "FASTER_13"
      ],
      "activatingOnlyWhenExecuted": true,
      "updating": null,
      "withPredicate": null
    },
    {
      "id": "FASTER_13",
      "execute": "FASTER",
      "after": "1000",
      "priority": 0,
      "additionalGuards": null,
      "activationKind": null,
      "fixedVariables": {
        "Crash": "FALSE",
        "VehiclesAy": "{(EgoVehicle↦-2.69612598913227E-07),(Vehicles2↦2.6961260779501117E-07),(Vehicles3↦2.6961260779501117E-07),(Vehicles4↦2.6961260779501117E-07),(Vehicles5↦-2.9705694792880877E-07)}",
        "Reward": "0.8511206688128636",
        "VehiclesAx": "{(EgoVehicle↦3.843991756439209),(Vehicles2↦-3.780810497701168),(Vehicles3↦-3.699216842651367),(Vehicles4↦-3.9713053964078426),(Vehicles5↦-3.84560015052557)}",
        "VehiclesVx": "{(EgoVehicle↦24.417026042938232),(Vehicles2↦-4.322918951511383),(Vehicles3↦-6.337457895278931),(Vehicles4↦-3.705669939517975),(Vehicles5↦-3.5819557309150696)}",
        "VehiclesY": "{(EgoVehicle↦8.000000238418579),(Vehicles2↦-8.000000238418579),(Vehicles3↦-4.0000001192092896),(Vehicles4↦4.146669674298664E-09),(Vehicles5↦-8.000000238418579)}",
        "VehiclesVy": "{(EgoVehicle↦1.3722178948682995E-08),(Vehicles2↦-1.3722170066898798E-08),(Vehicles3↦-1.3722170066898798E-08),(Vehicles4↦-1.3722170066898798E-08),(Vehicles5↦-1.3722170066898798E-08)}",
        "VehiclesX": "{(EgoVehicle↦200.0),(Vehicles2↦5.467510223388672),(Vehicles3↦41.11245274543762),(Vehicles4↦52.3148238658905),(Vehicles5↦64.3174409866333)}"
      },
      "probabilisticVariables": null,
      "activating": [
        "SLOWER_14"
      ],
      "activatingOnlyWhenExecuted": true,
      "updating": null,
      "withPredicate": null
    },
    {
      "id": "SLOWER_14",
      "execute": "SLOWER",
      "after": "1000",
      "priority": 0,
      "additionalGuards": null,
      "activationKind": null,
      "fixedVariables": {
        "Crash": "FALSE",
        "VehiclesAy": "{(EgoVehicle↦-1.314404585173179E-08),(Vehicles2↦1.3144028088163395E-08),(Vehicles3↦1.3144028088163395E-08),(Vehicles4↦1.3144028088163395E-08),(Vehicles5↦-1.43003120456342E-08)}",
        "Reward": "0.7488444227791975",
        "VehiclesAx": "{(EgoVehicle↦-3.8353610038757324),(Vehicles2↦3.892369829118252),(Vehicles3↦3.958924263715744),(Vehicles4↦3.7059115130250575),(Vehicles5↦3.834126330912113)}",
        "VehiclesVx": "{(EgoVehicle↦20.5816650390625),(Vehicles2↦-0.43054912239313126),(Vehicles3↦-2.3785336315631866),(Vehicles4↦0.00024157350708264858),(Vehicles5↦0.2521705999970436)}",
        "VehiclesY": "{(EgoVehicle↦8.000000238418579),(Vehicles2↦-8.000000238418579),(Vehicles3↦-4.0000001192092896),(Vehicles4↦1.9975754383949607E-10),(Vehicles5↦-8.000000238418579)}",
        "VehiclesVy": "{(EgoVehicle↦5.781330969512055E-10),(Vehicles2↦-5.781419787354025E-10),(Vehicles3↦-5.781419787354025E-10),(Vehicles4↦-5.781419787354025E-10),(Vehicles5↦-5.781419787354025E-10)}",
        "VehiclesX": "{(EgoVehicle↦200.0),(Vehicles2↦3.2836779952049255),(Vehicles3↦36.94174885749817),(Vehicles4↦50.67335367202759),(Vehicles5↦62.85077929496765)}"
      },
      "probabilisticVariables": null,
      "activating": [
        "FASTER_15"
      ],
      "activatingOnlyWhenExecuted": true,
      "updating": null,
      "withPredicate": null
    },
    {
      "id": "FASTER_15",
      "execute": "FASTER",
      "after": "1000",
      "priority": 0,
      "additionalGuards": null,
      "activationKind": null,
      "fixedVariables": {
        "Crash": "FALSE",
        "VehiclesAy": "{(EgoVehicle↦-5.501377131622576E-10),(Vehicles2↦5.501465949464546E-10),(Vehicles3↦5.501465949464546E-10),(Vehicles4↦5.501465949464546E-10),(Vehicles5↦-6.061373625243505E-10)}",
        "Reward": "0.8511509802288106",
        "VehiclesAx": "{(EgoVehicle↦3.836495876312256),(Vehicles2↦-3.785105310380459),(Vehicles3↦-3.7299983203411102),(Vehicles4↦-3.9678953844850184),(Vehicles5↦-3.837481178343296)}",
        "VehiclesVx": "{(EgoVehicle↦24.418160915374756),(Vehicles2↦-4.21565443277359),(Vehicles3↦-6.108531951904297),(Vehicles4↦-3.967653810977936),(Vehicles5↦-3.5853105783462524)}",
        "VehiclesY": "{(EgoVehicle↦8.000000238418579),(Vehicles2↦-8.000000238418579),(Vehicles3↦-4.0000001192092896),(Vehicles4↦8.462563982902793E-12),(Vehicles5↦-8.000000238418579)}",
        "VehiclesVy": "{(EgoVehicle↦2.7995383788947947E-11),(Vehicles2↦-2.7995383788947947E-11),(Vehicles3↦-2.7995383788947947E-11),(Vehicles4↦-2.7995383788947947E-11),(Vehicles5↦-2.7995383788947947E-11)}",
        "VehiclesX": "{(EgoVehicle↦200.0),(Vehicles2↦0.7576742209494114),(Vehicles3↦32.490599155426025),(Vehicles4↦48.50473701953888),(Vehicles5↦60.98610162734985)}"
      },
      "probabilisticVariables": null,
      "activating": [
        "SLOWER_16"
      ],
      "activatingOnlyWhenExecuted": true,
      "updating": null,
      "withPredicate": null
    },
    {
      "id": "SLOWER_16",
      "execute": "SLOWER",
      "after": "1000",
      "priority": 0,
      "additionalGuards": null,
      "activationKind": null,
      "fixedVariables": {
        "Crash": "FALSE",
        "VehiclesAy": "{(EgoVehicle↦-2.6822988274943782E-11),(Vehicles2↦2.681410649074678E-11),(Vehicles3↦2.681410649074678E-11),(Vehicles4↦2.681410649074678E-11),(Vehicles5↦-2.9176661087149114E-11)}",
        "Reward": "0.7488484144059888",
        "VehiclesAx": "{(EgoVehicle↦-3.836345672607422),(Vehicles2↦3.882717825472355),(Vehicles3↦3.9291276037693024),(Vehicles4↦3.7036591954529285),(Vehicles5↦3.835531584918499)}",
        "VehiclesVx": "{(EgoVehicle↦20.581815242767334),(Vehicles2↦-0.3329366073012352),(Vehicles3↦-2.1794043481349945),(Vehicles4↦-0.26399461552500725),(Vehicles5↦0.25022100657224655)}",
        "VehiclesY": "{(EgoVehicle↦8.000000238418579),(Vehicles2↦-8.000000238418579),(Vehicles3↦-4.0000001192092896),(Vehicles4↦4.076738946423575E-13),(Vehicles5↦-8.000000238418579)}",
        "VehiclesVy": "{(EgoVehicle↦1.1723955140041653E-12),(Vehicles2↦-1.1812772982011666E-12),(Vehicles3↦-1.1812772982011666E-12),(Vehicles4↦-1.1812772982011666E-12),(Vehicles5↦-1.1812772982011666E-12)}",
        "VehiclesX": "{(EgoVehicle↦200.0),(Vehicles2↦-1.3226998038589954),(Vehicles3↦28.536516427993774),(Vehicles4↦46.600428223609924),(Vehicles5↦59.51680541038513)}"
      },
      "probabilisticVariables": null,
      "activating": [
        "SLOWER_17"
      ],
      "activatingOnlyWhenExecuted": true,
      "updating": null,
      "withPredicate": null
    },
    {
      "id": "SLOWER_17",
      "execute": "SLOWER",
      "after": "1000",
      "priority": 0,
      "additionalGuards": null,
      "activationKind": null,
      "fixedVariables": {
        "Crash": "FALSE",
        "VehiclesAy": "{(EgoVehicle↦-1.1013412404281553E-12),(Vehicles2↦1.1102230246251565E-12),(Vehicles3↦1.1102230246251565E-12),(Vehicles4↦1.1102230246251565E-12),(Vehicles5↦-1.2523315717771766E-12)}",
        "Reward": "0.7353764715815841",
        "VehiclesAx": "{(EgoVehicle↦-0.5051970481872559),(Vehicles2↦0.5471298098564148),(Vehicles3↦0.5869172513484955),(Vehicles4↦0.37223721854388714),(Vehicles5↦0.5045073851943016)}",
        "VehiclesVx": "{(EgoVehicle↦20.076618194580078),(Vehicles2↦0.2141932025551796),(Vehicles3↦-1.592487096786499),(Vehicles4↦0.10824260301887989),(Vehicles5↦0.7547283917665482)}",
        "VehiclesY": "{(EgoVehicle↦8.000000238418579),(Vehicles2↦-8.000000238418579),(Vehicles3↦-4.0000001192092896),(Vehicles4↦2.6645352591003757E-14),(Vehicles5↦-8.000000238418579)}",
        "VehiclesVy": "{(EgoVehicle↦7.105427357601002E-14),(Vehicles2↦-7.105427357601002E-14),(Vehicles3↦-7.105427357601002E-14),(Vehicles4↦-7.105427357601002E-14),(Vehicles5↦-7.105427357601002E-14)}",
        "VehiclesX": "{(EgoVehicle↦200.0),(Vehicles2↦-1.3598335906863213),(Vehicles3↦26.66929066181183),(Vehicles4↦46.56192064285278),(Vehicles5↦60.04543900489807)}"
      },
      "probabilisticVariables": null,
      "activating": [
        "FASTER_18"
      ],
      "activatingOnlyWhenExecuted": true,
      "updating": null,
      "withPredicate": null
    },
    {
      "id": "FASTER_18",
      "execute": "FASTER",
      "after": "1000",
      "priority": 0,
      "additionalGuards": null,
      "activationKind": null,
      "fixedVariables": {
        "Crash": "FALSE",
        "VehiclesAy": "{(EgoVehicle↦-7.105427357601002E-14),(Vehicles2↦7.105427357601002E-14),(Vehicles3↦7.105427357601002E-14),(Vehicles4↦7.105427357601002E-14),(Vehicles5↦-7.105427357601002E-14)}",
        "Reward": "0.8493774228694542",
        "VehiclesAx": "{(EgoVehicle↦4.275035858154297),(Vehicles2↦-4.237016774713993),(Vehicles3↦-4.202293753623962),(Vehicles4↦-4.407016010954976),(Vehicles5↦-4.27562989294529)}",
        "VehiclesVx": "{(EgoVehicle↦24.351654052734375),(Vehicles2↦-4.0228235721588135),(Vehicles3↦-5.794780850410461),(Vehicles4↦-4.298773407936096),(Vehicles5↦-3.5209015011787415)}",
        "VehiclesY": "{(EgoVehicle↦8.000000238418579),(Vehicles2↦-8.000000238418579),(Vehicles3↦-4.0000001192092896),(Vehicles4↦0.0),(Vehicles5↦-8.000000238418579)}",
        "VehiclesVy": "{(EgoVehicle↦0.0),(Vehicles2↦0.0),(Vehicles3↦0.0),(Vehicles4↦0.0),(Vehicles5↦0.0)}",
        "VehiclesX": "{(EgoVehicle↦200.0),(Vehicles2↦-3.4885000437498093),(Vehicles3↦22.748185694217682),(Vehicles4↦44.258877635002136),(Vehicles5↦58.441561460494995)}"
      },
      "probabilisticVariables": null,
      "activating": [
        "SLOWER_19"
      ],
      "activatingOnlyWhenExecuted": true,
      "updating": null,
      "withPredicate": null
    },
    {
      "id": "SLOWER_19",
      "execute": "SLOWER",
      "after": "1000",
      "priority": 0,
      "additionalGuards": null,
      "activationKind": null,
      "fixedVariables": {
        "Crash": "FALSE",
        "VehiclesAy": "{(EgoVehicle↦0.0),(Vehicles2↦0.0),(Vehicles3↦0.0),(Vehicles4↦0.0),(Vehicles5↦0.0)}",
        "Reward": "0.7486148595273905",
        "VehiclesAx": "{(EgoVehicle↦-3.7785959243774414),(Vehicles2↦3.813167382031679),(Vehicles3↦3.8439959287643433),(Vehicles4↦3.648992031812668),(Vehicles5↦3.7780806608498096)}",
        "VehiclesVx": "{(EgoVehicle↦20.573058128356934),(Vehicles2↦-0.20965619012713432),(Vehicles3↦-1.9507849216461182),(Vehicles4↦-0.6497813761234283),(Vehicles5↦0.2571791596710682)}",
        "VehiclesY": "{(EgoVehicle↦8.000000238418579),(Vehicles2↦-8.000000238418579),(Vehicles3↦-4.0000001192092896),(Vehicles4↦0.0),(Vehicles5↦-8.000000238418579)}",
        "VehiclesVy": "{(EgoVehicle↦0.0),(Vehicles2↦0.0),(Vehicles3↦0.0),(Vehicles4↦0.0),(Vehicles5↦0.0)}",
        "VehiclesX": "{(EgoVehicle↦200.0),(Vehicles2↦-5.412740632891655),(Vehicles3↦19.064591825008392),(Vehicles4↦41.99250936508179),(Vehicles5↦57.00494647026062)}"
      },
      "probabilisticVariables": null,
      "activating": [
        "LANE_RIGHT_20"
      ],
      "activatingOnlyWhenExecuted": true,
      "updating": null,
      "withPredicate": null
    },
    {
      "id": "LANE_RIGHT_20",
      "execute": "LANE_RIGHT",
      "after": "1000",
      "priority": 0,
      "additionalGuards": null,
      "activationKind": null,
      "fixedVariables": {
        "Crash": "FALSE",
        "VehiclesAy": "{(EgoVehicle↦0.0),(Vehicles2↦0.0),(Vehicles3↦0.0),(Vehicles4↦0.0),(Vehicles5↦0.0)}",
        "Reward": "0.7353457153835796",
        "VehiclesAx": "{(EgoVehicle↦-0.49759387969970703),(Vehicles2↦0.5291206575930119),(Vehicles3↦0.5569355189800262),(Vehicles4↦0.3718157671391964),(Vehicles5↦0.4971454106271267)}",
        "VehiclesVx": "{(EgoVehicle↦20.075464248657227),(Vehicles2↦0.31946446746587753),(Vehicles3↦-1.393849402666092),(Vehicles4↦-0.27796560898423195),(Vehicles5↦0.7543245702981949)}",
        "VehiclesY": "{(EgoVehicle↦8.000000238418579),(Vehicles2↦-8.000000238418579),(Vehicles3↦-4.0000001192092896),(Vehicles4↦0.0),(Vehicles5↦-8.000000238418579)}",
        "VehiclesVy": "{(EgoVehicle↦0.0),(Vehicles2↦0.0),(Vehicles3↦0.0),(Vehicles4↦0.0),(Vehicles5↦0.0)}",
        "VehiclesX": "{(EgoVehicle↦200.0),(Vehicles2↦-5.335055664181709),(Vehicles3↦17.412486672401428),(Vehicles4↦41.56655669212341),(Vehicles5↦57.53644108772278)}"
      },
      "probabilisticVariables": null,
      "activating": [
        "LANE_RIGHT_21"
      ],
      "activatingOnlyWhenExecuted": true,
      "updating": null,
      "withPredicate": null
    },
    {
      "id": "LANE_RIGHT_21",
      "execute": "LANE_RIGHT",
      "after": "1000",
      "priority": 0,
      "additionalGuards": null,
      "activationKind": null,
      "fixedVariables": {
        "Crash": "FALSE",
        "VehiclesAy": "{(EgoVehicle↦0.0),(Vehicles2↦0.0),(Vehicles3↦0.0),(Vehicles4↦0.0),(Vehicles5↦0.0)}",
        "Reward": "0.7335983383769872",
        "VehiclesAx": "{(EgoVehicle↦-0.06552696228027344),(Vehicles2↦0.09436026215553284),(Vehicles3↦0.11983022093772888),(Vehicles4↦-0.05499908700585365),(Vehicles5↦0.06514005362987518)}",
        "VehiclesVx": "{(EgoVehicle↦20.009937286376953),(Vehicles2↦0.41382472962141037),(Vehicles3↦-1.274019181728363),(Vehicles4↦-0.3329646959900856),(Vehicles5↦0.8194646239280701)}",
        "VehiclesY": "{(EgoVehicle↦8.000000238418579),(Vehicles2↦-8.000000238418579),(Vehicles3↦-4.0000001192092896),(Vehicles4↦0.0),(Vehicles5↦-8.000000238418579)}",
        "VehiclesVy": "{(EgoVehicle↦0.0),(Vehicles2↦0.0),(Vehicles3↦0.0),(Vehicles4↦0.0),(Vehicles5↦0.0)}",
        "VehiclesX": "{(EgoVehicle↦200.0),(Vehicles2↦-4.967706650495529),(Vehicles3↦16.07687473297119),(Vehicles4↦41.276052594184875),(Vehicles5↦58.326756954193115)}"
      },
      "probabilisticVariables": null,
      "activating": [
        "SLOWER_22"
      ],
      "activatingOnlyWhenExecuted": true,
      "updating": null,
      "withPredicate": null
    },
    {
      "id": "SLOWER_22",
      "execute": "SLOWER",
      "after": "1000",
      "priority": 0,
      "additionalGuards": null,
      "activationKind": null,
      "fixedVariables": {
        "Crash": "FALSE",
        "VehiclesAy": "{(EgoVehicle↦0.0),(Vehicles2↦0.0),(Vehicles3↦0.0),(Vehicles4↦0.0),(Vehicles5↦0.0)}",
        "Reward": "0.7333682311168598",
        "VehiclesAx": "{(EgoVehicle↦-0.008628368377685547),(Vehicles2↦-0.01706887036561966),(Vehicles3↦0.06978705525398254),(Vehicles4↦-0.10531853884458542),(Vehicles5↦-0.7555466936901212)}",
        "VehiclesVx": "{(EgoVehicle↦20.001308917999268),(Vehicles2↦0.3967558592557907),(Vehicles3↦-1.2042321264743805),(Vehicles4↦-0.438283234834671),(Vehicles5↦0.0639179302379489)}",
        "VehiclesY": "{(EgoVehicle↦8.000000238418579),(Vehicles2↦-8.000000238418579),(Vehicles3↦-4.0000001192092896),(Vehicles4↦0.0),(Vehicles5↦-8.000000238418579)}",
        "VehiclesVy": "{(EgoVehicle↦0.0),(Vehicles2↦0.0),(Vehicles3↦0.0),(Vehicles4↦0.0),(Vehicles5↦0.0)}",
        "VehiclesX": "{(EgoVehicle↦200.0),(Vehicles2↦-4.550191015005112),(Vehicles3↦14.825551211833954),(Vehicles4↦40.90169370174408),(Vehicles5↦58.79213213920593)}"
      },
      "probabilisticVariables": null,
      "activating": [
        "SLOWER_23"
      ],
      "activatingOnlyWhenExecuted": true,
      "updating": null,
      "withPredicate": null
    },
    {
      "id": "SLOWER_23",
      "execute": "SLOWER",
      "after": "1000",
      "priority": 0,
      "additionalGuards": null,
      "activationKind": null,
      "fixedVariables": {
        "Crash": "FALSE",
        "VehiclesAy": "{(EgoVehicle↦0.0),(Vehicles2↦0.0),(Vehicles3↦0.0),(Vehicles4↦0.0),(Vehicles5↦0.0)}",
        "Reward": "0.7333379289262258",
        "VehiclesAx": "{(EgoVehicle↦-0.0011372566223144531),(Vehicles2↦-0.08708098903298378),(Vehicles3↦0.16456671059131622),(Vehicles4↦-0.10506503283977509),(Vehicles5↦-0.35472925286740065)}",
        "VehiclesVx": "{(EgoVehicle↦20.000171661376953),(Vehicles2↦0.30967487022280693),(Vehicles3↦-1.0396654158830643),(Vehicles4↦-0.5433482676744461),(Vehicles5↦-0.29081132262945175)}",
        "VehiclesY": "{(EgoVehicle↦8.000000238418579),(Vehicles2↦-8.000000238418579),(Vehicles3↦-4.0000001192092896),(Vehicles4↦0.0),(Vehicles5↦-8.000000238418579)}",
        "VehiclesVy": "{(EgoVehicle↦0.0),(Vehicles2↦0.0),(Vehicles3↦0.0),(Vehicles4↦0.0),(Vehicles5↦0.0)}",
        "VehiclesX": "{(EgoVehicle↦200.0),(Vehicles2↦-4.1861385107040405),(Vehicles3↦13.681831955909729),(Vehicles4↦40.42089581489563),(Vehicles5↦58.694350719451904)}"
      },
      "probabilisticVariables": null,
      "activating": [
        "SLOWER_24"
      ],
      "activatingOnlyWhenExecuted": true,
      "updating": null,
      "withPredicate": null
    },
    {
      "id": "SLOWER_24",
      "execute": "SLOWER",
      "after": "1000",
      "priority": 0,
      "additionalGuards": null,
      "activationKind": null,
      "fixedVariables": {
        "Crash": "FALSE",
        "VehiclesAy": "{(EgoVehicle↦0.0),(Vehicles2↦0.0),(Vehicles3↦0.0),(Vehicles4↦0.0),(Vehicles5↦0.0)}",
        "Reward": "0.7333339385142903",
        "VehiclesAx": "{(EgoVehicle↦-0.00014781951904296875),(Vehicles2↦-0.09598094969987869),(Vehicles3↦0.19576296210289001),(Vehicles4↦-0.0973433256149292),(Vehicles5↦-0.17277564853429794)}",
        "VehiclesVx": "{(EgoVehicle↦20.00002384185791),(Vehicles2↦0.21369392052292824),(Vehicles3↦-0.8439024537801743),(Vehicles4↦-0.6406915932893753),(Vehicles5↦-0.4635869711637497)}",
        "VehiclesY": "{(EgoVehicle↦8.000000238418579),(Vehicles2↦-8.000000238418579),(Vehicles3↦-4.0000001192092896),(Vehicles4↦0.0),(Vehicles5↦-8.000000238418579)}",
        "VehiclesVy": "{(EgoVehicle↦0.0),(Vehicles2↦0.0),(Vehicles3↦0.0),(Vehicles4↦0.0),(Vehicles5↦0.0)}",
        "VehiclesX": "{(EgoVehicle↦200.0),(Vehicles2↦-3.91518734395504),(Vehicles3↦12.720254063606262),(Vehicles4↦39.837902784347534),(Vehicles5↦58.32419991493225)}"
      },
      "probabilisticVariables": null,
      "activating": [
        "SLOWER_25"
      ],
      "activatingOnlyWhenExecuted": true,
      "updating": null,
      "withPredicate": null
    },
    {
      "id": "SLOWER_25",
      "execute": "SLOWER",
      "after": "1000",
      "priority": 0,
      "additionalGuards": null,
      "activationKind": null,
      "fixedVariables": {
        "Crash": "FALSE",
        "VehiclesAy": "{(EgoVehicle↦0.0),(Vehicles2↦0.0),(Vehicles3↦0.0),(Vehicles4↦0.0),(Vehicles5↦0.0)}",
        "Reward": "0.7333334130279451",
        "VehiclesAx": "{(EgoVehicle↦-2.1457672119140625E-05),(Vehicles2↦-0.08678221143782139),(Vehicles3↦0.18424727022647858),(Vehicles4↦-0.08804053068161011),(Vehicles5↦-0.07732171565294266)}",
        "VehiclesVx": "{(EgoVehicle↦20.00000238418579),(Vehicles2↦0.12691170908510685),(Vehicles3↦-0.6596551835536957),(Vehicles4↦-0.7287321239709854),(Vehicles5↦-0.5409086868166924)}",
        "VehiclesY": "{(EgoVehicle↦8.000000238418579),(Vehicles2↦-8.000000238418579),(Vehicles3↦-4.0000001192092896),(Vehicles4↦0.0),(Vehicles5↦-8.000000238418579)}",
        "VehiclesVy": "{(EgoVehicle↦0.0),(Vehicles2↦0.0),(Vehicles3↦0.0),(Vehicles4↦0.0),(Vehicles5↦0.0)}",
        "VehiclesX": "{(EgoVehicle↦200.0),(Vehicles2↦-3.7372171878814697),(Vehicles3↦11.95181980729103),(Vehicles4↦39.16122019290924),(Vehicles5↦57.8242301940918)}"
      },
      "probabilisticVariables": null,
      "activating": [
        "SLOWER_26"
      ],
      "activatingOnlyWhenExecuted": true,
      "updating": null,
      "withPredicate": null
    },
    {
      "id": "SLOWER_26",
      "execute": "SLOWER",
      "after": "1000",
      "priority": 0,
      "additionalGuards": null,
      "activationKind": null,
      "fixedVariables": {
        "Crash": "FALSE",
        "VehiclesAy": "{(EgoVehicle↦0.0),(Vehicles2↦0.0),(Vehicles3↦0.0),(Vehicles4↦0.0),(Vehicles5↦0.0)}",
        "Reward": "0.733333343828097",
        "VehiclesAx": "{(EgoVehicle↦-2.384185791015625E-06),(Vehicles2↦-0.07345864549279213),(Vehicles3↦0.15857994556427002),(Vehicles4↦-0.07815338671207428),(Vehicles5↦-0.02609632909297943)}",
        "VehiclesVx": "{(EgoVehicle↦20.0),(Vehicles2↦0.05345306359231472),(Vehicles3↦-0.5010752379894257),(Vehicles4↦-0.8068855106830597),(Vehicles5↦-0.5670050159096718)}",
        "VehiclesY": "{(EgoVehicle↦8.000000238418579),(Vehicles2↦-8.000000238418579),(Vehicles3↦-4.0000001192092896),(Vehicles4↦0.0),(Vehicles5↦-8.000000238418579)}",
        "VehiclesVy": "{(EgoVehicle↦0.0),(Vehicles2↦0.0),(Vehicles3↦0.0),(Vehicles4↦0.0),(Vehicles5↦0.0)}",
        "VehiclesX": "{(EgoVehicle↦200.0),(Vehicles2↦-3.6407671868801117),(Vehicles3↦11.357803642749786),(Vehicles4↦38.400423526763916),(Vehicles5↦57.26993680000305)}"
      },
      "probabilisticVariables": null,
      "activating": [
        "SLOWER_27"
      ],
      "activatingOnlyWhenExecuted": true,
      "updating": null,
      "withPredicate": null
    },
    {
      "id": "SLOWER_27",
      "execute": "SLOWER",
      "after": "1000",
      "priority": 0,
      "additionalGuards": null,
      "activationKind": null,
      "fixedVariables": {
        "Crash": "FALSE",
        "VehiclesAy": "{(EgoVehicle↦0.0),(Vehicles2↦0.0),(Vehicles3↦0.0),(Vehicles4↦0.0),(Vehicles5↦0.0)}",
        "Reward": "0.7333333347153599",
        "VehiclesAx": "{(EgoVehicle↦0.0),(Vehicles2↦-0.06067029375117272),(Vehicles3↦0.13191692531108856),(Vehicles4↦-0.06803229451179504),(Vehicles5↦0.0015531852841377258)}",
        "VehiclesVx": "{(EgoVehicle↦20.0),(Vehicles2↦-0.007217230158858001),(Vehicles3↦-0.3691583126783371),(Vehicles4↦-0.8749178051948547),(Vehicles5↦-0.5654518306255341)}",
        "VehiclesY": "{(EgoVehicle↦8.000000238418579),(Vehicles2↦-8.000000238418579),(Vehicles3↦-4.0000001192092896),(Vehicles4↦0.0),(Vehicles5↦-8.000000238418579)}",
        "VehiclesVy": "{(EgoVehicle↦0.0),(Vehicles2↦0.0),(Vehicles3↦0.0),(Vehicles4↦0.0),(Vehicles5↦0.0)}",
        "VehiclesX": "{(EgoVehicle↦200.0),(Vehicles2↦-3.6125391721725464),(Vehicles3↦10.911509394645691),(Vehicles4↦37.56551146507263),(Vehicles5↦56.701964139938354)}"
      },
      "probabilisticVariables": null,
      "activating": [
        "SLOWER_28"
      ],
      "activatingOnlyWhenExecuted": true,
      "updating": null,
      "withPredicate": null
    },
    {
      "id": "SLOWER_28",
      "execute": "SLOWER",
      "after": "1000",
      "priority": 0,
      "additionalGuards": null,
      "activationKind": null,
      "fixedVariables": {
        "Crash": "FALSE",
        "VehiclesAy": "{(EgoVehicle↦0.0),(Vehicles2↦0.0),(Vehicles3↦0.0),(Vehicles4↦0.0),(Vehicles5↦0.0)}",
        "Reward": "0.7333333335153286",
        "VehiclesAx": "{(EgoVehicle↦0.0),(Vehicles2↦-0.0497472780989483),(Vehicles3↦0.10905386880040169),(Vehicles4↦-0.05792751908302307),(Vehicles5↦0.014055073261260986)}",
        "VehiclesVx": "{(EgoVehicle↦20.0),(Vehicles2↦-0.0569645082578063),(Vehicles3↦-0.2601044438779354),(Vehicles4↦-0.9328453242778778),(Vehicles5↦-0.5513967573642731)}",
        "VehiclesY": "{(EgoVehicle↦8.000000238418579),(Vehicles2↦-8.000000238418579),(Vehicles3↦-4.0000001192092896),(Vehicles4↦0.0),(Vehicles5↦-8.000000238418579)}",
        "VehiclesVy": "{(EgoVehicle↦0.0),(Vehicles2↦0.0),(Vehicles3↦0.0),(Vehicles4↦0.0),(Vehicles5↦0.0)}",
        "VehiclesX": "{(EgoVehicle↦200.0),(Vehicles2↦-3.6404360085725784),(Vehicles3↦10.587572306394577),(Vehicles4↦36.66661977767944),(Vehicles5↦56.141823530197144)}"
      },
      "probabilisticVariables": null,
      "activating": [
        "SLOWER_29"
      ],
      "activatingOnlyWhenExecuted": true,
      "updating": null,
      "withPredicate": null
    },
    {
      "id": "SLOWER_29",
      "execute": "SLOWER",
      "after": "1000",
      "priority": 0,
      "additionalGuards": null,
      "activationKind": null,
      "fixedVariables": {
        "Crash": "FALSE",
        "VehiclesAy": "{(EgoVehicle↦0.0),(Vehicles2↦0.0),(Vehicles3↦0.0),(Vehicles4↦0.0),(Vehicles5↦0.0)}",
        "Reward": "0.7333333333572997",
        "VehiclesAx": "{(EgoVehicle↦0.0),(Vehicles2↦-0.04145925398916006),(Vehicles3↦0.09098513051867485),(Vehicles4↦-0.048100054264068604),(Vehicles5↦0.01391582190990448)}",
        "VehiclesVx": "{(EgoVehicle↦20.0),(Vehicles2↦-0.09842376224696636),(Vehicles3↦-0.16911931335926056),(Vehicles4↦-0.9809453785419464),(Vehicles5↦-0.5374809354543686)}",
        "VehiclesY": "{(EgoVehicle↦8.000000238418579),(Vehicles2↦-8.000000238418579),(Vehicles3↦-4.0000001192092896),(Vehicles4↦0.0),(Vehicles5↦-8.000000238418579)}",
        "VehiclesVy": "{(EgoVehicle↦0.0),(Vehicles2↦0.0),(Vehicles3↦0.0),(Vehicles4↦0.0),(Vehicles5↦0.0)}",
        "VehiclesX": "{(EgoVehicle↦200.0),(Vehicles2↦-3.7145331501960754),(Vehicles3↦10.36522090435028),(Vehicles4↦35.71375906467438),(Vehicles5↦55.59619665145874)}"
      },
      "probabilisticVariables": null,
      "activating": [
        "SLOWER_30"
      ],
      "activatingOnlyWhenExecuted": true,
      "updating": null,
      "withPredicate": null
    },
    {
      "id": "SLOWER_30",
      "execute": "SLOWER",
      "after": "1000",
      "priority": 0,
      "additionalGuards": null,
      "activationKind": null,
      "fixedVariables": {
        "Crash": "FALSE",
        "VehiclesAy": "{(EgoVehicle↦0.0),(Vehicles2↦0.0),(Vehicles3↦0.0),(Vehicles4↦0.0),(Vehicles5↦0.0)}",
        "Reward": "0.7333333333364894",
        "VehiclesAx": "{(EgoVehicle↦0.0),(Vehicles2↦-0.035701245069503784),(Vehicles3↦0.07572198286652565),(Vehicles4↦-0.03719896078109741),(Vehicles5↦0.011209361255168915)}",
        "VehiclesVx": "{(EgoVehicle↦20.0),(Vehicles2↦-0.13412500731647015),(Vehicles3↦-0.09339733049273491),(Vehicles4↦-1.0181443393230438),(Vehicles5↦-0.5262715741991997)}",
        "VehiclesY": "{(EgoVehicle↦8.000000238418579),(Vehicles2↦-8.000000238418579),(Vehicles3↦-4.0000001192092896),(Vehicles4↦0.0),(Vehicles5↦-8.000000238418579)}",
        "VehiclesVy": "{(EgoVehicle↦0.0),(Vehicles2↦0.0),(Vehicles3↦0.0),(Vehicles4↦0.0),(Vehicles5↦0.0)}",
        "VehiclesX": "{(EgoVehicle↦200.0),(Vehicles2↦-3.827621042728424),(Vehicles3↦10.227460414171219),(Vehicles4↦34.71693992614746),(Vehicles5↦55.063396692276)}"
      },
      "probabilisticVariables": null,
      "activating": [
        "SLOWER_31"
      ],
      "activatingOnlyWhenExecuted": true,
      "updating": null,
      "withPredicate": null
    },
    {
      "id": "SLOWER_31",
      "execute": "SLOWER",
      "after": "1000",
      "priority": 0,
      "additionalGuards": null,
      "activationKind": null,
      "fixedVariables": {
        "Crash": "FALSE",
        "VehiclesAy": "{(EgoVehicle↦0.0),(Vehicles2↦0.0),(Vehicles3↦0.0),(Vehicles4↦0.0),(Vehicles5↦0.0)}",
        "Reward": "0.733333333333749",
        "VehiclesAx": "{(EgoVehicle↦0.0),(Vehicles2↦-0.03153749741613865),(Vehicles3↦0.06421103607863188),(Vehicles4↦-0.02319321036338806),(Vehicles5↦0.009302347898483276)}",
        "VehiclesVx": "{(EgoVehicle↦20.0),(Vehicles2↦-0.1656625047326088),(Vehicles3↦-0.02918629441410303),(Vehicles4↦-1.0413375496864319),(Vehicles5↦-0.5169692263007164)}",
        "VehiclesY": "{(EgoVehicle↦8.000000238418579),(Vehicles2↦-8.000000238418579),(Vehicles3↦-4.0000001192092896),(Vehicles4↦0.0),(Vehicles5↦-8.000000238418579)}",
        "VehiclesVy": "{(EgoVehicle↦0.0),(Vehicles2↦0.0),(Vehicles3↦0.0),(Vehicles4↦0.0),(Vehicles5↦0.0)}",
        "VehiclesX": "{(EgoVehicle↦200.0),(Vehicles2↦-3.9746519178152084),(Vehicles3↦10.160528123378754),(Vehicles4↦33.68828892707825),(Vehicles5↦54.540956020355225)}"
      },
      "probabilisticVariables": null,
      "activating": [
        "SLOWER_32"
      ],
      "activatingOnlyWhenExecuted": true,
      "updating": null,
      "withPredicate": null
    },
    {
      "id": "SLOWER_32",
      "execute": "SLOWER",
      "after": "1000",
      "priority": 0,
      "additionalGuards": null,
      "activationKind": null,
      "fixedVariables": {
        "Crash": "FALSE",
        "VehiclesAy": "{(EgoVehicle↦0.0),(Vehicles2↦0.0),(Vehicles3↦0.0),(Vehicles4↦0.0),(Vehicles5↦0.0)}",
        "Reward": "0.7333333333333881",
        "VehiclesAx": "{(EgoVehicle↦0.0),(Vehicles2↦-0.028217434883117676),(Vehicles3↦0.055834350641816854),(Vehicles4↦-0.007276907563209534),(Vehicles5↦0.008471831679344177)}",
        "VehiclesVx": "{(EgoVehicle↦20.0),(Vehicles2↦-0.19387993961572647),(Vehicles3↦0.026648056227713823),(Vehicles4↦-1.0486144572496414),(Vehicles5↦-0.5084973946213722)}",
        "VehiclesY": "{(EgoVehicle↦8.000000238418579),(Vehicles2↦-8.000000238418579),(Vehicles3↦-4.0000001192092896),(Vehicles4↦0.0),(Vehicles5↦-8.000000238418579)}",
        "VehiclesVy": "{(EgoVehicle↦0.0),(Vehicles2↦0.0),(Vehicles3↦0.0),(Vehicles4↦0.0),(Vehicles5↦0.0)}",
        "VehiclesX": "{(EgoVehicle↦200.0),(Vehicles2↦-4.151846095919609),(Vehicles3↦10.154245793819427),(Vehicles4↦32.64274597167969),(Vehicles5↦54.02740836143494)}"
      },
      "probabilisticVariables": null,
      "activating": [
        "SLOWER_33"
      ],
      "activatingOnlyWhenExecuted": true,
      "updating": null,
      "withPredicate": null
    },
    {
      "id": "SLOWER_33",
      "execute": "SLOWER",
      "after": "1000",
      "priority": 0,
      "additionalGuards": null,
      "activationKind": null,
      "fixedVariables": {
        "Crash": "FALSE",
        "VehiclesAy": "{(EgoVehicle↦0.0),(Vehicles2↦0.0),(Vehicles3↦0.0),(Vehicles4↦0.0),(Vehicles5↦0.0)}",
        "Reward": "0.7333333333333405",
        "VehiclesAx": "{(EgoVehicle↦0.0),(Vehicles2↦-0.025314930826425552),(Vehicles3↦0.049617092590779066),(Vehicles4↦0.00846870243549347),(Vehicles5↦0.00834789127111435)}",
        "VehiclesVx": "{(EgoVehicle↦20.0),(Vehicles2↦-0.21919487044215202),(Vehicles3↦0.07626514881849289),(Vehicles4↦-1.040145754814148),(Vehicles5↦-0.5001495033502579)}",
        "VehiclesY": "{(EgoVehicle↦8.000000238418579),(Vehicles2↦-8.000000238418579),(Vehicles3↦-4.0000001192092896),(Vehicles4↦0.0),(Vehicles5↦-8.000000238418579)}",
        "VehiclesVy": "{(EgoVehicle↦0.0),(Vehicles2↦0.0),(Vehicles3↦0.0),(Vehicles4↦0.0),(Vehicles5↦0.0)}",
        "VehiclesX": "{(EgoVehicle↦200.0),(Vehicles2↦-4.356073588132858),(Vehicles3↦10.201173275709152),(Vehicles4↦31.596311926841736),(Vehicles5↦53.52224111557007)}"
      },
      "probabilisticVariables": null,
      "activating": [
        "SLOWER_34"
      ],
      "activatingOnlyWhenExecuted": true,
      "updating": null,
      "withPredicate": null
    },
    {
      "id": "SLOWER_34",
      "execute": "SLOWER",
      "after": "1000",
      "priority": 0,
      "additionalGuards": null,
      "activationKind": null,
      "fixedVariables": {
        "Crash": "FALSE",
        "VehiclesAy": "{(EgoVehicle↦0.0),(Vehicles2↦0.0),(Vehicles3↦0.0),(Vehicles4↦0.0),(Vehicles5↦0.0)}",
        "Reward": "0.7333333333333343",
        "VehiclesAx": "{(EgoVehicle↦0.0),(Vehicles2↦-0.022630710154771805),(Vehicles3↦0.04479675553739071),(Vehicles4↦0.022472143173217773),(Vehicles5↦0.008569881319999695)}",
        "VehiclesVx": "{(EgoVehicle↦20.0),(Vehicles2↦-0.24182558059692383),(Vehicles3↦0.1210619043558836),(Vehicles4↦-1.0176736116409302),(Vehicles5↦-0.4915796220302582)}",
        "VehiclesY": "{(EgoVehicle↦8.000000238418579),(Vehicles2↦-8.000000238418579),(Vehicles3↦-4.0000001192092896),(Vehicles4↦0.0),(Vehicles5↦-8.000000238418579)}",
        "VehiclesVy": "{(EgoVehicle↦0.0),(Vehicles2↦0.0),(Vehicles3↦0.0),(Vehicles4↦0.0),(Vehicles5↦0.0)}",
        "VehiclesX": "{(EgoVehicle↦200.0),(Vehicles2↦-4.584529250860214),(Vehicles3↦10.295701026916504),(Vehicles4↦30.56412935256958),(Vehicles5↦53.025490045547485)}"
      },
      "probabilisticVariables": null,
      "activating": [
        "SLOWER_35"
      ],
      "activatingOnlyWhenExecuted": true,
      "updating": null,
      "withPredicate": null
    },
    {
      "id": "SLOWER_35",
      "execute": "SLOWER",
      "after": "1000",
      "priority": 0,
      "additionalGuards": null,
      "activationKind": null,
      "fixedVariables": {
        "Crash": "FALSE",
        "VehiclesAy": "{(EgoVehicle↦0.0),(Vehicles2↦0.0),(Vehicles3↦0.0),(Vehicles4↦0.0),(Vehicles5↦0.0)}",
        "Reward": "0.7333333333333334",
        "VehiclesAx": "{(EgoVehicle↦0.0),(Vehicles2↦-0.02008911222219467),(Vehicles3↦0.040880730375647545),(Vehicles4↦0.03393150866031647),(Vehicles5↦0.008909851312637329)}",
        "VehiclesVx": "{(EgoVehicle↦20.0),(Vehicles2↦-0.2619146928191185),(Vehicles3↦0.16194263473153114),(Vehicles4↦-0.9837421029806137),(Vehicles5↦-0.48266977071762085)}",
        "VehiclesY": "{(EgoVehicle↦8.000000238418579),(Vehicles2↦-8.000000238418579),(Vehicles3↦-4.0000001192092896),(Vehicles4↦0.0),(Vehicles5↦-8.000000238418579)}",
        "VehiclesVy": "{(EgoVehicle↦0.0),(Vehicles2↦0.0),(Vehicles3↦0.0),(Vehicles4↦0.0),(Vehicles5↦0.0)}",
        "VehiclesX": "{(EgoVehicle↦200.0),(Vehicles2↦-4.8345886170864105),(Vehicles3↦10.43340116739273),(Vehicles4↦29.559221863746643),(Vehicles5↦52.53744721412659)}"
      },
      "probabilisticVariables": null,
      "activating": [
        "SLOWER_36"
      ],
      "activatingOnlyWhenExecuted": true,
      "updating": null,
      "withPredicate": null
    },
    {
      "id": "SLOWER_36",
      "execute": "SLOWER",
      "after": "1000",
      "priority": 0,
      "additionalGuards": null,
      "activationKind": null,
      "fixedVariables": {
        "Crash": "FALSE",
        "VehiclesAy": "{(EgoVehicle↦0.0),(Vehicles2↦0.0),(Vehicles3↦0.0),(Vehicles4↦0.0),(Vehicles5↦0.0)}",
        "Reward": "0.7333333333333334",
        "VehiclesAx": "{(EgoVehicle↦0.0),(Vehicles2↦-0.017670877277851105),(Vehicles3↦0.03757622092962265),(Vehicles4↦0.042662620544433594),(Vehicles5↦0.009253062307834625)}",
        "VehiclesVx": "{(EgoVehicle↦20.0),(Vehicles2↦-0.2795855700969696),(Vehicles3↦0.1995188556611538),(Vehicles4↦-0.9410794824361801),(Vehicles5↦-0.4734167084097862)}",
        "VehiclesY": "{(EgoVehicle↦8.000000238418579),(Vehicles2↦-8.000000238418579),(Vehicles3↦-4.0000001192092896),(Vehicles4↦0.0),(Vehicles5↦-8.000000238418579)}",
        "VehiclesVy": "{(EgoVehicle↦0.0),(Vehicles2↦0.0),(Vehicles3↦0.0),(Vehicles4↦0.0),(Vehicles5↦0.0)}",
        "VehiclesX": "{(EgoVehicle↦200.0),(Vehicles2↦-5.103760212659836),(Vehicles3↦10.610618442296982),(Vehicles4↦28.591951727867126),(Vehicles5↦52.05845236778259)}"
      },
      "probabilisticVariables": null,
      "activating": [
        "SLOWER_37"
      ],
      "activatingOnlyWhenExecuted": true,
      "updating": null,
      "withPredicate": null
    },
    {
      "id": "SLOWER_37",
      "execute": "SLOWER",
      "after": "1000",
      "priority": 0,
      "additionalGuards": null,
      "activationKind": null,
      "fixedVariables": {
        "Crash": "FALSE",
        "VehiclesAy": "{(EgoVehicle↦0.0),(Vehicles2↦0.0),(Vehicles3↦0.0),(Vehicles4↦0.0),(Vehicles5↦0.0)}",
        "Reward": "0.7333333333333334",
        "VehiclesAx": "{(EgoVehicle↦0.0),(Vehicles2↦-0.015377625823020935),(Vehicles3↦0.03471406176686287),(Vehicles4↦0.04886224865913391),(Vehicles5↦0.009554922580718994)}",
        "VehiclesVx": "{(EgoVehicle↦20.0),(Vehicles2↦-0.29496319591999054),(Vehicles3↦0.23423291742801666),(Vehicles4↦-0.8922172337770462),(Vehicles5↦-0.46386178582906723)}",
        "VehiclesY": "{(EgoVehicle↦8.000000238418579),(Vehicles2↦-8.000000238418579),(Vehicles3↦-4.0000001192092896),(Vehicles4↦0.0),(Vehicles5↦-8.000000238418579)}",
        "VehiclesVy": "{(EgoVehicle↦0.0),(Vehicles2↦0.0),(Vehicles3↦0.0),(Vehicles4↦0.0),(Vehicles5↦0.0)}",
        "VehiclesX": "{(EgoVehicle↦200.0),(Vehicles2↦-5.389675125479698),(Vehicles3↦10.824237763881683),(Vehicles4↦27.670013904571533),(Vehicles5↦51.588839292526245)}"
      },
      "probabilisticVariables": null,
      "activating": [
        "SLOWER_38"
      ],
      "activatingOnlyWhenExecuted": true,
      "updating": null,
      "withPredicate": null
    },
    {
      "id": "SLOWER_38",
      "execute": "SLOWER",
      "after": "1000",
      "priority": 0,
      "additionalGuards": null,
      "activationKind": null,
      "fixedVariables": {
        "Crash": "FALSE",
        "VehiclesAy": "{(EgoVehicle↦0.0),(Vehicles2↦0.0),(Vehicles3↦0.0),(Vehicles4↦0.0),(Vehicles5↦0.0)}",
        "Reward": "0.7333333333333334",
        "VehiclesAx": "{(EgoVehicle↦0.0),(Vehicles2↦-0.013215076178312302),(Vehicles3↦0.03219466656446457),(Vehicles4↦0.052909255027770996),(Vehicles5↦0.009807385504245758)}",
        "VehiclesVx": "{(EgoVehicle↦20.0),(Vehicles2↦-0.30817827209830284),(Vehicles3↦0.26642758399248123),(Vehicles4↦-0.8393079787492752),(Vehicles5↦-0.45405440032482147)}",
        "VehiclesY": "{(EgoVehicle↦8.000000238418579),(Vehicles2↦-8.000000238418579),(Vehicles3↦-4.0000001192092896),(Vehicles4↦0.0),(Vehicles5↦-8.000000238418579)}",
        "VehiclesVy": "{(EgoVehicle↦0.0),(Vehicles2↦0.0),(Vehicles3↦0.0),(Vehicles4↦0.0),(Vehicles5↦0.0)}",
        "VehiclesX": "{(EgoVehicle↦200.0),(Vehicles2↦-5.690092220902443),(Vehicles3↦11.071538180112839),(Vehicles4↦26.798710227012634),(Vehicles5↦51.12888216972351)}"
      },
      "probabilisticVariables": null,
      "activating": [
        "SLOWER_39"
      ],
      "activatingOnlyWhenExecuted": true,
      "updating": null,
      "withPredicate": null
    },
    {
      "id": "SLOWER_39",
      "execute": "SLOWER",
      "after": "1000",
      "priority": 0,
      "additionalGuards": null,
      "activationKind": null,
      "fixedVariables": {
        "Crash": "FALSE",
        "VehiclesAy": "{(EgoVehicle↦0.0),(Vehicles2↦0.0),(Vehicles3↦0.0),(Vehicles4↦0.0),(Vehicles5↦0.0)}",
        "Reward": "0.7333333333333334",
        "VehiclesAx": "{(EgoVehicle↦0.0),(Vehicles2↦-0.01118706539273262),(Vehicles3↦0.02995561808347702),(Vehicles4↦0.05523167550563812),(Vehicles5↦0.010017454624176025)}",
        "VehiclesVx": "{(EgoVehicle↦20.0),(Vehicles2↦-0.31936533749103546),(Vehicles3↦0.29638320207595825),(Vehicles4↦-0.7840763032436371),(Vehicles5↦-0.44403694570064545)}",
        "VehiclesY": "{(EgoVehicle↦8.000000238418579),(Vehicles2↦-8.000000238418579),(Vehicles3↦-4.0000001192092896),(Vehicles4↦0.0),(Vehicles5↦-8.000000238418579)}",
        "VehiclesVy": "{(EgoVehicle↦0.0),(Vehicles2↦0.0),(Vehicles3↦0.0),(Vehicles4↦0.0),(Vehicles5↦0.0)}",
        "VehiclesX": "{(EgoVehicle↦200.0),(Vehicles2↦-6.002902239561081),(Vehicles3↦11.35011687874794),(Vehicles4↦25.981369614601135),(Vehicles5↦50.67881941795349)}"
      },
      "probabilisticVariables": null,
      "activating": [
        "SLOWER_40"
      ],
      "activatingOnlyWhenExecuted": true,
      "updating": null,
      "withPredicate": null
    },
    {
      "id": "SLOWER_40",
      "execute": "SLOWER",
      "after": "1000",
      "priority": 0,
      "additionalGuards": null,
      "activationKind": null,
      "fixedVariables": {
        "Crash": "FALSE",
        "VehiclesAy": "{(EgoVehicle↦0.0),(Vehicles2↦0.0),(Vehicles3↦0.0),(Vehicles4↦0.0),(Vehicles5↦0.0)}",
        "Reward": "0.7333333333333334",
        "VehiclesAx": "{(EgoVehicle↦0.0),(Vehicles2↦-0.009294115006923676),(Vehicles3↦0.027954131364822388),(Vehicles4↦0.05623243749141693),(Vehicles5↦0.010196194052696228)}",
        "VehiclesVx": "{(EgoVehicle↦20.0),(Vehicles2↦-0.32865945249795914),(Vehicles3↦0.32433733344078064),(Vehicles4↦-0.7278438657522202),(Vehicles5↦-0.4338407516479492)}",
        "VehiclesY": "{(EgoVehicle↦8.000000238418579),(Vehicles2↦-8.000000238418579),(Vehicles3↦-4.0000001192092896),(Vehicles4↦0.0),(Vehicles5↦-8.000000238418579)}",
        "VehiclesVy": "{(EgoVehicle↦0.0),(Vehicles2↦0.0),(Vehicles3↦0.0),(Vehicles4↦0.0),(Vehicles5↦0.0)}",
        "VehiclesX": "{(EgoVehicle↦200.0),(Vehicles2↦-6.326130777597427),(Vehicles3↦11.657833307981491),(Vehicles4↦25.21975040435791),(Vehicles5↦50.238847732543945)}"
      },
      "probabilisticVariables": null,
      "activating": [
        "LANE_LEFT_41"
      ],
      "activatingOnlyWhenExecuted": true,
      "updating": null,
      "withPredicate": null
    },
    {
      "id": "LANE_LEFT_41",
      "execute": "LANE_LEFT",
      "after": "1000",
      "priority": 0,
      "additionalGuards": null,
      "activationKind": null,
      "fixedVariables": {
        "Crash": "FALSE",
        "VehiclesAy": "{(EgoVehicle↦-1.1458635330200195),(Vehicles2↦1.1458635330200195),(Vehicles3↦1.1458635330200195),(Vehicles4↦1.1458635330200195),(Vehicles5↦1.1458635330200195)}",
        "Reward": "0.7000000000000001",
        "VehiclesAx": "{(EgoVehicle↦-0.0328516960144043),(Vehicles2↦0.025318339467048645),(Vehicles3↦0.059009864926338196),(Vehicles4↦0.08910827338695526),(Vehicles5↦0.04320565611124039)}",
        "VehiclesVx": "{(EgoVehicle↦19.967148303985596),(Vehicles2↦-0.3033411130309105),(Vehicles3↦0.38334719836711884),(Vehicles4↦-0.6387355923652649),(Vehicles5↦-0.39063509553670883)}",
        "VehiclesY": "{(EgoVehicle↦4.396300435066223),(Vehicles2↦-4.396300435066223),(Vehicles3↦-0.39630044996738434),(Vehicles4↦3.6036994457244873),(Vehicles5↦-4.396300435066223)}",
        "VehiclesVy": "{(EgoVehicle↦-1.1458635330200195),(Vehicles2↦1.1458635330200195),(Vehicles3↦1.1458635330200195),(Vehicles4↦1.1458635330200195),(Vehicles5↦1.1458635330200195)}",
        "VehiclesX": "{(EgoVehicle↦200.0),(Vehicles2↦-6.2713466584682465),(Vehicles3↦12.379363179206848),(Vehicles4↦24.901030957698822),(Vehicles5↦50.19572973251343)}"
      },
      "probabilisticVariables": null,
      "activating": [
        "LANE_RIGHT_42"
      ],
      "activatingOnlyWhenExecuted": true,
      "updating": null,
      "withPredicate": null
    },
    {
      "id": "LANE_RIGHT_42",
      "execute": "LANE_RIGHT",
      "after": "1000",
      "priority": 0,
      "additionalGuards": null,
      "activationKind": null,
      "fixedVariables": {
        "Crash": "FALSE",
        "VehiclesAy": "{(EgoVehicle↦2.2204431146383286),(Vehicles2↦-2.2204431146383286),(Vehicles3↦-2.2204431146383286),(Vehicles4↦-2.2204431146383286),(Vehicles5↦0.07128395140171051)}",
        "Reward": "0.7333333333333334",
        "VehiclesAx": "{(EgoVehicle↦0.003962516784667969),(Vehicles2↦-0.009864531457424164),(Vehicles3↦0.020577535033226013),(Vehicles4↦0.051617808640003204),(Vehicles5↦0.006533972918987274)}",
        "VehiclesVx": "{(EgoVehicle↦19.971110820770264),(Vehicles2↦-0.31320564448833466),(Vehicles3↦0.40392473340034485),(Vehicles4↦-0.5871177837252617),(Vehicles5↦-0.38410112261772156)}",
        "VehiclesY": "{(EgoVehicle↦7.628213882446289),(Vehicles2↦-7.628213882446289),(Vehicles3↦-3.628213405609131),(Vehicles4↦0.3717864453792572),(Vehicles5↦-7.628213882446289)}",
        "VehiclesVy": "{(EgoVehicle↦1.074579581618309),(Vehicles2↦-1.074579581618309),(Vehicles3↦-1.074579581618309),(Vehicles4↦-1.074579581618309),(Vehicles5↦-1.074579581618309)}",
        "VehiclesX": "{(EgoVehicle↦200.0),(Vehicles2↦-6.300624459981918),(Vehicles3↦13.049198687076569),(Vehicles4↦24.56115186214447),(Vehicles5↦50.08583068847656)}"
      },
      "probabilisticVariables": null,
      "activating": [
        "SLOWER_43"
      ],
      "activatingOnlyWhenExecuted": true,
      "updating": null,
      "withPredicate": null
    },
    {
      "id": "SLOWER_43",
      "execute": "SLOWER",
      "after": "1000",
      "priority": 0,
      "additionalGuards": null,
      "activationKind": null,
      "fixedVariables": {
        "Crash": "FALSE",
        "VehiclesAy": "{(EgoVehicle↦-1.0072025284171104),(Vehicles2↦1.0072025284171104),(Vehicles3↦1.0072025284171104),(Vehicles4↦1.0072025284171104),(Vehicles5↦-1.1419566348195076)}",
        "Reward": "0.7333333333333334",
        "VehiclesAx": "{(EgoVehicle↦0.028775930404663086),(Vehicles2↦-0.03316663205623627),(Vehicles3↦-0.0056947022676467896),(Vehicles4↦0.025646202266216278),(Vehicles5↦-0.018144138157367706)}",
        "VehiclesVx": "{(EgoVehicle↦19.999886751174927),(Vehicles2↦-0.3463722765445709),(Vehicles3↦0.39823003113269806),(Vehicles4↦-0.5614715814590454),(Vehicles5↦-0.40224526077508926)}",
        "VehiclesY": "{(EgoVehicle↦7.976800918579102),(Vehicles2↦-7.976800918579102),(Vehicles3↦-3.9768011569976807),(Vehicles4↦0.023198737297207117),(Vehicles5↦-7.976800918579102)}",
        "VehiclesVy": "{(EgoVehicle↦0.06737705320119858),(Vehicles2↦-0.06737705320119858),(Vehicles3↦-0.06737705320119858),(Vehicles4↦-0.06737705320119858),(Vehicles5↦-0.06737705320119858)}",
        "VehiclesX": "{(EgoVehicle↦200.0),(Vehicles2↦-6.639941036701202),(Vehicles3↦13.438227772712708),(Vehicles4↦23.971672356128693),(Vehicles5↦49.681732058525085)}"
      },
      "probabilisticVariables": null,
      "activating": [
        "SLOWER_44"
      ],
      "activatingOnlyWhenExecuted": true,
      "updating": null,
      "withPredicate": null
    },
    {
      "id": "SLOWER_44",
      "execute": "SLOWER",
      "after": "1000",
      "priority": 0,
      "additionalGuards": null,
      "activationKind": null,
      "fixedVariables": {
        "Crash": "FALSE",
        "VehiclesAy": "{(EgoVehicle↦-0.06318462692433968),(Vehicles2↦0.06318462692433968),(Vehicles3↦0.06318462692433968),(Vehicles4↦0.06318462692433968),(Vehicles5↦-0.07156947947805747)}",
        "Reward": "0.7333333333333334",
        "VehiclesAx": "{(EgoVehicle↦0.00011324882507324219),(Vehicles2↦-0.0031100213527679443),(Vehicles3↦0.021645911037921906),(Vehicles4↦0.052826888859272),(Vehicles5↦0.01064550131559372)}",
        "VehiclesVx": "{(EgoVehicle↦20.0),(Vehicles2↦-0.34948229789733887),(Vehicles3↦0.41987594217061996),(Vehicles4↦-0.5086446925997734),(Vehicles5↦-0.39159975945949554)}",
        "VehiclesY": "{(EgoVehicle↦7.998556852340698),(Vehicles2↦-7.998556852340698),(Vehicles3↦-3.99855637550354),(Vehicles4↦0.0014434528711717576),(Vehicles5↦-7.998556852340698)}",
        "VehiclesVy": "{(EgoVehicle↦0.004192426276858896),(Vehicles2↦-0.004192426276858896),(Vehicles3↦-0.004192426276858896),(Vehicles4↦-0.004192426276858896),(Vehicles5↦-0.004192426276858896)}",
        "VehiclesX": "{(EgoVehicle↦200.0),(Vehicles2↦-6.987714767456055),(Vehicles3↦13.845166563987732),(Vehicles4↦23.431409895420074),(Vehicles5↦49.28368628025055)}"
      },
      "probabilisticVariables": null,
      "activating": [
        "SLOWER_45"
      ],
      "activatingOnlyWhenExecuted": true,
      "updating": null,
      "withPredicate": null
    },
    {
      "id": "SLOWER_45",
      "execute": "SLOWER",
      "after": "1000",
      "priority": 0,
      "additionalGuards": null,
      "activationKind": null,
      "fixedVariables": {
        "Crash": "FALSE",
        "VehiclesAy": "{(EgoVehicle↦-0.003931573919544462),(Vehicles2↦0.003931573919544462),(Vehicles3↦0.003931573919544462),(Vehicles4↦0.003931573919544462),(Vehicles5↦-0.00445327863417333)}",
        "Reward": "0.7333333333333334",
        "VehiclesAx": "{(EgoVehicle↦0.0),(Vehicles2↦-0.0017123296856880188),(Vehicles3↦0.02055872231721878),(Vehicles4↦0.051254890859127045),(Vehicles5↦0.01087915152311325)}",
        "VehiclesVx": "{(EgoVehicle↦20.0),(Vehicles2↦-0.3511946275830269),(Vehicles3↦0.44043466448783875),(Vehicles4↦-0.45738980174064636),(Vehicles5↦-0.3807206079363823)}",
        "VehiclesY": "{(EgoVehicle↦7.999910116195679),(Vehicles2↦-7.999910116195679),(Vehicles3↦-3.999910354614258),(Vehicles4↦8.981147584563587E-05),(Vehicles5↦-7.999910116195679)}",
        "VehiclesVy": "{(EgoVehicle↦0.0002608523573144339),(Vehicles2↦-0.0002608523573144339),(Vehicles3↦-0.0002608523573144339),(Vehicles4↦-0.0002608523573144339),(Vehicles5↦-0.0002608523573144339)}",
        "VehiclesX": "{(EgoVehicle↦200.0),(Vehicles2↦-7.337980717420578),(Vehicles3↦14.273357391357422),(Vehicles4↦22.9434072971344),(Vehicles5↦48.89642596244812)}"
      },
      "probabilisticVariables": null,
      "activating": [
        "SLOWER_46"
      ],
      "activatingOnlyWhenExecuted": true,
      "updating": null,
      "withPredicate": null
    },
    {
      "id": "SLOWER_46",
      "execute": "SLOWER",
      "after": "1000",
      "priority": 0,
      "additionalGuards": null,
      "activationKind": null,
      "fixedVariables": {
        "Crash": "FALSE",
        "VehiclesAy": "{(EgoVehicle↦-0.0002446221549234906),(Vehicles2↦0.0002446221549234906),(Vehicles3↦0.0002446221549234906),(Vehicles4↦0.0002446221549234906),(Vehicles5↦-0.0002770825597053772)}",
        "Reward": "0.7333333333333334",
        "VehiclesAx": "{(EgoVehicle↦0.0),(Vehicles2↦-0.0005294755101203918),(Vehicles3↦0.019467175006866455),(Vehicles4↦0.04945404827594757),(Vehicles5↦0.010994412004947662)}",
        "VehiclesVx": "{(EgoVehicle↦20.0),(Vehicles2↦-0.3517241030931473),(Vehicles3↦0.4599018394947052),(Vehicles4↦-0.4079357534646988),(Vehicles5↦-0.36972619593143463)}",
        "VehiclesY": "{(EgoVehicle↦7.999994516372681),(Vehicles2↦-7.999994516372681),(Vehicles3↦-3.999994397163391),(Vehicles4↦5.58805925265915E-06),(Vehicles5↦-7.999994516372681)}",
        "VehiclesVy": "{(EgoVehicle↦1.6230202390943305E-05),(Vehicles2↦-1.6230202390943305E-05),(Vehicles3↦-1.6230202390943305E-05),(Vehicles4↦-1.6230202390943305E-05),(Vehicles5↦-1.6230202390943305E-05)}",
        "VehiclesX": "{(EgoVehicle↦200.0),(Vehicles2↦-7.689477503299713),(Vehicles3↦14.721661806106567),(Vehicles4↦22.505946457386017),(Vehicles5↦48.52009415626526)}"
      },
      "probabilisticVariables": null,
      "activating": [
        "SLOWER_47"
      ],
      "activatingOnlyWhenExecuted": true,
      "updating": null,
      "withPredicate": null
    },
    {
      "id": "SLOWER_47",
      "execute": "SLOWER",
      "after": "1000",
      "priority": 0,
      "additionalGuards": null,
      "activationKind": null,
      "fixedVariables": {
        "Crash": "FALSE",
        "VehiclesAy": "{(EgoVehicle↦-1.5220361220258383E-05),(Vehicles2↦1.5220361220258383E-05),(Vehicles3↦1.5220361220258383E-05),(Vehicles4↦1.5220361220258383E-05),(Vehicles5↦-1.7240043561628227E-05)}",
        "Reward": "0.7333333333333334",
        "VehiclesAx": "{(EgoVehicle↦0.0),(Vehicles2↦0.0005567818880081177),(Vehicles3↦0.018470659852027893),(Vehicles4↦0.04759781062602997),(Vehicles5↦0.011102259159088135)}",
        "VehiclesVx": "{(EgoVehicle↦20.0),(Vehicles2↦-0.35116732120513916),(Vehicles3↦0.4783724993467331),(Vehicles4↦-0.3603379428386688),(Vehicles5↦-0.3586239367723465)}",
        "VehiclesY": "{(EgoVehicle↦7.999999523162842),(Vehicles2↦-7.999999523162842),(Vehicles3↦-3.999999761581421),(Vehicles4↦3.4768836343346265E-07),(Vehicles5↦-7.999999523162842)}",
        "VehiclesVy": "{(EgoVehicle↦1.009841170684922E-06),(Vehicles2↦-1.009841170684922E-06),(Vehicles3↦-1.009841170684922E-06),(Vehicles4↦-1.009841170684922E-06),(Vehicles5↦-1.009841170684922E-06)}",
        "VehiclesX": "{(EgoVehicle↦200.0),(Vehicles2↦-8.041062206029892),(Vehicles3↦15.189029276371002),(Vehicles4↦22.11719900369644),(Vehicles5↦48.1548011302948)}"
      },
      "probabilisticVariables": null,
      "activating": [
        "SLOWER_48"
      ],
      "activatingOnlyWhenExecuted": true,
      "updating": null,
      "withPredicate": null
    },
    {
      "id": "SLOWER_48",
      "execute": "SLOWER",
      "after": "1000",
      "priority": 0,
      "additionalGuards": null,
      "activationKind": null,
      "fixedVariables": {
        "Crash": "FALSE",
        "VehiclesAy": "{(EgoVehicle↦-9.470089779028967E-07),(Vehicles2↦9.470089690211125E-07),(Vehicles3↦9.470089690211125E-07),(Vehicles4↦9.470089690211125E-07),(Vehicles5↦-1.0726733723487314E-06)}",
        "Reward": "0.7333333333333334",
        "VehiclesAx": "{(EgoVehicle↦0.0),(Vehicles2↦0.0015530362725257874),(Vehicles3↦0.01755896955728531),(Vehicles4↦0.04573021084070206),(Vehicles5↦0.011202208697795868)}",
        "VehiclesVx": "{(EgoVehicle↦20.0),(Vehicles2↦-0.3496142849326134),(Vehicles3↦0.4959314689040184),(Vehicles4↦-0.31460773199796677),(Vehicles5↦-0.34742172807455063)}",
        "VehiclesY": "{(EgoVehicle↦8.000000238418579),(Vehicles2↦-8.000000238418579),(Vehicles3↦-4.0000001192092896),(Vehicles4↦2.163312728953315E-08),(Vehicles5↦-8.000000238418579)}",
        "VehiclesVy": "{(EgoVehicle↦6.283219278202523E-08),(Vehicles2↦-6.283220166380943E-08),(Vehicles3↦-6.283220166380943E-08),(Vehicles4↦-6.283220166380943E-08),(Vehicles5↦-6.283220166380943E-08)}",
        "VehiclesX": "{(EgoVehicle↦200.0),(Vehicles2↦-8.391685038805008),(Vehicles3↦15.674494206905365),(Vehicles4↦21.775302290916443),(Vehicles5↦47.8006511926651)}"
      },
      "probabilisticVariables": null,
      "activating": [
        "SLOWER_49"
      ],
      "activatingOnlyWhenExecuted": true,
      "updating": null,
      "withPredicate": null
    },
    {
      "id": "SLOWER_49",
      "execute": "SLOWER",
      "after": "1000",
      "priority": 0,
      "additionalGuards": null,
      "activationKind": null,
      "fixedVariables": {
        "Crash": "FALSE",
        "VehiclesAy": "{(EgoVehicle↦-5.8922768886304766E-08),(Vehicles2↦5.892277776808896E-08),(Vehicles3↦5.892277776808896E-08),(Vehicles4↦5.892277776808896E-08),(Vehicles5↦-6.67416255595299E-08)}",
        "Reward": "0.7333333333333334",
        "VehiclesAx": "{(EgoVehicle↦0.0),(Vehicles2↦0.002465285360813141),(Vehicles3↦0.016722865402698517),(Vehicles4↦0.04388129338622093),(Vehicles5↦0.0112934410572052)}",
        "VehiclesVx": "{(EgoVehicle↦20.0),(Vehicles2↦-0.34714899957180023),(Vehicles3↦0.5126543343067169),(Vehicles4↦-0.27072643861174583),(Vehicles5↦-0.33612828701734543)}",
        "VehiclesY": "{(EgoVehicle↦8.000000238418579),(Vehicles2↦-8.000000238418579),(Vehicles3↦-4.0000001192092896),(Vehicles4↦1.3460086378813685E-09),(Vehicles5↦-8.000000238418579)}",
        "VehiclesVy": "{(EgoVehicle↦3.909423895720465E-09),(Vehicles2↦-3.909423895720465E-09),(Vehicles3↦-3.909423895720465E-09),(Vehicles4↦-3.909423895720465E-09),(Vehicles5↦-3.909423895720465E-09)}",
        "VehiclesX": "{(EgoVehicle↦200.0),(Vehicles2↦-8.740382641553879),(Vehicles3↦16.177178919315338),(Vehicles4↦21.47839367389679),(Vehicles5↦47.4577397108078)}"
      },
      "probabilisticVariables": null,
      "activating": [
        "SLOWER_50"
      ],
      "activatingOnlyWhenExecuted": true,
      "updating": null,
      "withPredicate": null
    },
    {
      "id": "SLOWER_50",
      "execute": "SLOWER",
      "after": "1000",
      "priority": 0,
      "additionalGuards": null,
      "activationKind": null,
      "fixedVariables": {
        "Crash": "FALSE",
        "VehiclesAy": "{(EgoVehicle↦-3.666169590132995E-09),(Vehicles2↦3.666178471917192E-09),(Vehicles3↦3.666178471917192E-09),(Vehicles4↦3.666178471917192E-09),(Vehicles5↦-4.1526693195237385E-09)}",
        "Reward": "0.7333333333333334",
        "VehiclesAx": "{(EgoVehicle↦0.0),(Vehicles2↦0.0032991543412208557),(Vehicles3↦0.015954263508319855),(Vehicles4↦0.04207175225019455),(Vehicles5↦0.011375173926353455)}",
        "VehiclesVx": "{(EgoVehicle↦20.0),(Vehicles2↦-0.3438498452305794),(Vehicles3↦0.5286085978150368),(Vehicles4↦-0.22865468636155128),(Vehicles5↦-0.324753113090992)}",
        "VehiclesY": "{(EgoVehicle↦8.000000238418579),(Vehicles2↦-8.000000238418579),(Vehicles3↦-4.0000001192092896),(Vehicles4↦8.374900772878391E-11),(Vehicles5↦-8.000000238418579)}",
        "VehiclesVy": "{(EgoVehicle↦2.432543055874703E-10),(Vehicles2↦-2.432454238032733E-10),(Vehicles3↦-2.432454238032733E-10),(Vehicles4↦-2.432454238032733E-10),(Vehicles5↦-2.432454238032733E-10)}",
        "VehiclesX": "{(EgoVehicle↦200.0),(Vehicles2↦-9.086275845766068),(Vehicles3↦16.696274280548096),(Vehicles4↦21.22463881969452),(Vehicles5↦47.12615609169006)}"
      },
      "probabilisticVariables": null,
      "activating": [
        "SLOWER_51"
      ],
      "activatingOnlyWhenExecuted": true,
      "updating": null,
      "withPredicate": null
    },
    {
      "id": "SLOWER_51",
      "execute": "SLOWER",
      "after": "1000",
      "priority": 0,
      "additionalGuards": null,
      "activationKind": null,
      "fixedVariables": {
        "Crash": "FALSE",
        "VehiclesAy": "{(EgoVehicle↦-2.2811974531578016E-10),(Vehicles2↦2.2811086353158316E-10),(Vehicles3↦2.2811086353158316E-10),(Vehicles4↦2.2811086353158316E-10),(Vehicles5↦-2.5837998407496343E-10)}",
        "Reward": "0.7333333333333334",
        "VehiclesAx": "{(EgoVehicle↦0.0),(Vehicles2↦0.004059970378875732),(Vehicles3↦0.015246197581291199),(Vehicles4↦0.040315091609954834),(Vehicles5↦0.011446662247180939)}",
        "VehiclesVx": "{(EgoVehicle↦20.0),(Vehicles2↦-0.33978987485170364),(Vehicles3↦0.543854795396328),(Vehicles4↦-0.18833959475159645),(Vehicles5↦-0.31330645084381104)}",
        "VehiclesY": "{(EgoVehicle↦8.000000238418579),(Vehicles2↦-8.000000238418579),(Vehicles3↦-4.0000001192092896),(Vehicles4↦5.211830966800335E-12),(Vehicles5↦-8.000000238418579)}",
        "VehiclesVy": "{(EgoVehicle↦1.5134560271690134E-11),(Vehicles2↦-1.5134560271690134E-11),(Vehicles3↦-1.5134560271690134E-11),(Vehicles4↦-1.5134560271690134E-11),(Vehicles5↦-1.5134560271690134E-11)}",
        "VehiclesX": "{(EgoVehicle↦200.0),(Vehicles2↦-9.428559988737106),(Vehicles3↦17.231035232543945),(Vehicles4↦21.01224809885025),(Vehicles5↦46.80597484111786)}"
      },
      "probabilisticVariables": null,
      "activating": [
        "SLOWER_52"
      ],
      "activatingOnlyWhenExecuted": true,
      "updating": null,
      "withPredicate": null
    },
    {
      "id": "SLOWER_52",
      "execute": "SLOWER",
      "after": "1000",
      "priority": 0,
      "additionalGuards": null,
      "activationKind": null,
      "fixedVariables": {
        "Crash": "FALSE",
        "VehiclesAy": "{(EgoVehicle↦-1.4193091146808001E-11),(Vehicles2↦1.4193091146808001E-11),(Vehicles3↦1.4193091146808001E-11),(Vehicles4↦1.4193091146808001E-11),(Vehicles5↦-1.6076029396572267E-11)}",
        "Reward": "0.7333333333333334",
        "VehiclesAx": "{(EgoVehicle↦0.0),(Vehicles2↦0.004752837121486664),(Vehicles3↦0.014592446386814117),(Vehicles4↦0.038619982078671455),(Vehicles5↦0.011507607996463776)}",
        "VehiclesVx": "{(EgoVehicle↦20.0),(Vehicles2↦-0.335037037730217),(Vehicles3↦0.5584472417831421),(Vehicles4↦-0.149719612672925),(Vehicles5↦-0.30179884284734726)}",
        "VehiclesY": "{(EgoVehicle↦8.000000238418579),(Vehicles2↦-8.000000238418579),(Vehicles3↦-4.0000001192092896),(Vehicles4↦3.277378368693462E-13),(Vehicles5↦-8.000000238418579)}",
        "VehiclesVy": "{(EgoVehicle↦9.414691248821327E-13),(Vehicles2↦-9.414691248821327E-13),(Vehicles3↦-9.414691248821327E-13),(Vehicles4↦-9.414691248821327E-13),(Vehicles5↦-9.414691248821327E-13)}",
        "VehiclesX": "{(EgoVehicle↦200.0),(Vehicles2↦-9.766501188278198),(Vehicles3↦17.78077781200409),(Vehicles4↦20.839489996433258),(Vehicles5↦46.49726748466492)}"
      },
      "probabilisticVariables": null,
      "activating": [
        "SLOWER_53"
      ],
      "activatingOnlyWhenExecuted": true,
      "updating": null,
      "withPredicate": null
    },
    {
      "id": "SLOWER_53",
      "execute": "SLOWER",
      "after": "1000",
      "priority": 0,
      "additionalGuards": null,
      "activationKind": null,
      "fixedVariables": {
        "Crash": "FALSE",
        "VehiclesAy": "{(EgoVehicle↦-8.881784197001252E-13),(Vehicles2↦8.881784197001252E-13),(Vehicles3↦8.881784197001252E-13),(Vehicles4↦8.881784197001252E-13),(Vehicles5↦-9.947598300641403E-13)}",
        "Reward": "0.7333333333333334",
        "VehiclesAx": "{(EgoVehicle↦0.0),(Vehicles2↦0.9074719622731209),(Vehicles3↦-0.6711754389107227),(Vehicles4↦-0.14052159152925014),(Vehicles5↦0.4613342881202698)}",
        "VehiclesVx": "{(EgoVehicle↦20.0),(Vehicles2↦0.5724349245429039),(Vehicles3↦-0.11272819712758064),(Vehicles4↦-0.29024120420217514),(Vehicles5↦0.15953544527292252)}",
        "VehiclesY": "{(EgoVehicle↦8.000000238418579),(Vehicles2↦-4.0000001192092896),(Vehicles3↦2.1316282072803006E-14),(Vehicles4↦-8.000000238418579),(Vehicles5↦2.1316282072803006E-14)}",
        "VehiclesVy": "{(EgoVehicle↦5.3290705182007514E-14),(Vehicles2↦-5.3290705182007514E-14),(Vehicles3↦-5.3290705182007514E-14),(Vehicles4↦-5.3290705182007514E-14),(Vehicles5↦-5.3290705182007514E-14)}",
        "VehiclesX": "{(EgoVehicle↦200.0),(Vehicles2↦18.34486722946167),(Vehicles3↦20.704694092273712),(Vehicles4↦46.200087666511536),(Vehicles5↦75.99191665649414)}"
      },
      "probabilisticVariables": null,
      "activating": [
        "LANE_RIGHT_54"
      ],
      "activatingOnlyWhenExecuted": true,
      "updating": null,
      "withPredicate": null
    },
    {
      "id": "LANE_RIGHT_54",
      "execute": "LANE_RIGHT",
      "after": "1000",
      "priority": 0,
      "additionalGuards": null,
      "activationKind": null,
      "fixedVariables": {
        "Crash": "FALSE",
        "VehiclesAy": "{(EgoVehicle↦-3.552713678800501E-14),(Vehicles2↦3.552713678800501E-14),(Vehicles3↦3.552713678800501E-14),(Vehicles4↦3.552713678800501E-14),(Vehicles5↦-7.105427357601002E-14)}",
        "Reward": "0.7333333333333334",
        "VehiclesAx": "{(EgoVehicle↦0.0),(Vehicles2↦0.01342717558145523),(Vehicles3↦0.035431934520602226),(Vehicles4↦0.0115966796875),(Vehicles5↦0.028267931193113327)}",
        "VehiclesVx": "{(EgoVehicle↦20.0),(Vehicles2↦0.5858621001243591),(Vehicles3↦-0.07729626260697842),(Vehicles4↦-0.27864452451467514),(Vehicles5↦0.18780337646603584)}",
        "VehiclesY": "{(EgoVehicle↦8.000000238418579),(Vehicles2↦-4.0000001192092896),(Vehicles3↦0.0),(Vehicles4↦-8.000000238418579),(Vehicles5↦0.0)}",
        "VehiclesVy": "{(EgoVehicle↦1.7763568394002505E-14),(Vehicles2↦-1.7763568394002505E-14),(Vehicles3↦-1.7763568394002505E-14),(Vehicles4↦-1.7763568394002505E-14),(Vehicles5↦-1.7763568394002505E-14)}",
        "VehiclesX": "{(EgoVehicle↦200.0),(Vehicles2↦18.92271637916565),(Vehicles3↦20.606261491775513),(Vehicles4↦45.914483070373535),(Vehicles5↦76.1628806591034)}"
      },
      "probabilisticVariables": null,
      "activating": [
        "LANE_RIGHT_55"
      ],
      "activatingOnlyWhenExecuted": true,
      "updating": null,
      "withPredicate": null
    },
    {
      "id": "LANE_RIGHT_55",
      "execute": "LANE_RIGHT",
      "after": "1000",
      "priority": 0,
      "additionalGuards": null,
      "activationKind": null,
      "fixedVariables": {
        "Crash": "FALSE",
        "VehiclesAy": "{(EgoVehicle↦-1.7763568394002505E-14),(Vehicles2↦1.7763568394002505E-14),(Vehicles3↦1.7763568394002505E-14),(Vehicles4↦1.7763568394002505E-14),(Vehicles5↦-1.7763568394002505E-14)}",
        "Reward": "0.7333333333333334",
        "VehiclesAx": "{(EgoVehicle↦0.0),(Vehicles2↦0.012906678020954132),(Vehicles3↦0.0339422095566988),(Vehicles4↦0.01162482425570488),(Vehicles5↦0.026835929602384567)}",
        "VehiclesVx": "{(EgoVehicle↦20.0),(Vehicles2↦0.5987687781453133),(Vehicles3↦-0.04335405305027962),(Vehicles4↦-0.26701970025897026),(Vehicles5↦0.2146393060684204)}",
        "VehiclesY": "{(EgoVehicle↦8.000000238418579),(Vehicles2↦-4.0000001192092896),(Vehicles3↦0.0),(Vehicles4↦-8.000000238418579),(Vehicles5↦0.0)}",
        "VehiclesVy": "{(EgoVehicle↦0.0),(Vehicles2↦0.0),(Vehicles3↦0.0),(Vehicles4↦0.0),(Vehicles5↦0.0)}",
        "VehiclesX": "{(EgoVehicle↦200.0),(Vehicles2↦19.513781368732452),(Vehicles3↦20.542657375335693),(Vehicles4↦45.64048647880554),(Vehicles5↦76.36153101921082)}"
      },
      "probabilisticVariables": null,
      "activating": [
        "LANE_RIGHT_56"
      ],
      "activatingOnlyWhenExecuted": true,
      "updating": null,
      "withPredicate": null
    },
    {
      "id": "LANE_RIGHT_56",
      "execute": "LANE_RIGHT",
      "after": "1000",
      "priority": 0,
      "additionalGuards": null,
      "activationKind": null,
      "fixedVariables": {
        "Crash": "FALSE",
        "VehiclesAy": "{(EgoVehicle↦0.0),(Vehicles2↦0.0),(Vehicles3↦0.0),(Vehicles4↦0.0),(Vehicles5↦0.0)}",
        "Reward": "0.7333333333333334",
        "VehiclesAx": "{(EgoVehicle↦0.0),(Vehicles2↦0.012422576546669006),(Vehicles3↦0.03252169117331505),(Vehicles4↦0.011642184108495712),(Vehicles5↦0.025506168603897095)}",
        "VehiclesVx": "{(EgoVehicle↦20.0),(Vehicles2↦0.6111913546919823),(Vehicles3↦-0.010832361876964569),(Vehicles4↦-0.25537751615047455),(Vehicles5↦0.2401454746723175)}",
        "VehiclesY": "{(EgoVehicle↦8.000000238418579),(Vehicles2↦-4.0000001192092896),(Vehicles3↦0.0),(Vehicles4↦-8.000000238418579),(Vehicles5↦0.0)}",
        "VehiclesVy": "{(EgoVehicle↦0.0),(Vehicles2↦0.0),(Vehicles3↦0.0),(Vehicles4↦0.0),(Vehicles5↦0.0)}",
        "VehiclesX": "{(EgoVehicle↦200.0),(Vehicles2↦20.117555558681488),(Vehicles3↦20.512422919273376),(Vehicles4↦45.378121733665466),(Vehicles5↦76.58647298812866)}"
      },
      "probabilisticVariables": null,
      "activating": [
        "LANE_RIGHT_57"
      ],
      "activatingOnlyWhenExecuted": true,
      "updating": null,
      "withPredicate": null
    },
    {
      "id": "LANE_RIGHT_57",
      "execute": "LANE_RIGHT",
      "after": "1000",
      "priority": 0,
      "additionalGuards": null,
      "activationKind": null,
      "fixedVariables": {
        "Crash": "FALSE",
        "VehiclesAy": "{(EgoVehicle↦0.0),(Vehicles2↦0.0),(Vehicles3↦0.0),(Vehicles4↦0.0),(Vehicles5↦0.0)}",
        "Reward": "0.7333333333333334",
        "VehiclesAx": "{(EgoVehicle↦0.0),(Vehicles2↦-0.5908547667786479),(Vehicles3↦0.6339951977133751),(Vehicles4↦0.011649057269096375),(Vehicles5↦0.024269279092550278)}",
        "VehiclesVx": "{(EgoVehicle↦20.0),(Vehicles2↦0.02033658791333437),(Vehicles3↦0.6231628358364105),(Vehicles4↦-0.24372845888137817),(Vehicles5↦0.2644147537648678)}",
        "VehiclesY": "{(EgoVehicle↦8.000000238418579),(Vehicles2↦0.0),(Vehicles3↦-4.0000001192092896),(Vehicles4↦-8.000000238418579),(Vehicles5↦0.0)}",
        "VehiclesVy": "{(EgoVehicle↦0.0),(Vehicles2↦0.0),(Vehicles3↦0.0),(Vehicles4↦0.0),(Vehicles5↦0.0)}",
        "VehiclesX": "{(EgoVehicle↦200.0),(Vehicles2↦20.514164865016937),(Vehicles3↦20.73357105255127),(Vehicles4↦45.1274037361145),(Vehicles5↦76.83641910552979)}"
      },
      "probabilisticVariables": null,
      "activating": [
        "SLOWER_58"
      ],
      "activatingOnlyWhenExecuted": true,
      "updating": null,
      "withPredicate": null
    },
    {
      "id": "SLOWER_58",
      "execute": "SLOWER",
      "after": "1000",
      "priority": 0,
      "additionalGuards": null,
      "activationKind": null,
      "fixedVariables": {
        "Crash": "FALSE",
        "VehiclesAy": "{(EgoVehicle↦0.0),(Vehicles2↦0.0),(Vehicles3↦0.0),(Vehicles4↦0.0),(Vehicles5↦0.0)}",
        "Reward": "0.7333333333333334",
        "VehiclesAx": "{(EgoVehicle↦0.0),(Vehicles2↦0.029881983064115047),(Vehicles3↦0.011550560593605042),(Vehicles4↦0.011645779013633728),(Vehicles5↦0.02311713993549347)}",
        "VehiclesVx": "{(EgoVehicle↦20.0),(Vehicles2↦0.05021857097744942),(Vehicles3↦0.6347133964300156),(Vehicles4↦-0.23208267986774445),(Vehicles5↦0.28753189370036125)}",
        "VehiclesY": "{(EgoVehicle↦8.000000238418579),(Vehicles2↦0.0),(Vehicles3↦-4.0000001192092896),(Vehicles4↦-8.000000238418579),(Vehicles5↦0.0)}",
        "VehiclesVy": "{(EgoVehicle↦0.0),(Vehicles2↦0.0),(Vehicles3↦0.0),(Vehicles4↦0.0),(Vehicles5↦0.0)}",
        "VehiclesX": "{(EgoVehicle↦200.0),(Vehicles2↦20.546554028987885),(Vehicles3↦21.36138677597046),(Vehicles4↦44.88833546638489),(Vehicles5↦77.1101713180542)}"
      },
      "probabilisticVariables": null,
      "activating": [
        "SLOWER_59"
      ],
      "activatingOnlyWhenExecuted": true,
      "updating": null,
      "withPredicate": null
    },
    {
      "id": "SLOWER_59",
      "execute": "SLOWER",
      "after": "1000",
      "priority": 0,
      "additionalGuards": null,
      "activationKind": null,
      "fixedVariables": {
        "Crash": "FALSE",
        "VehiclesAy": "{(EgoVehicle↦0.0),(Vehicles2↦0.0),(Vehicles3↦0.0),(Vehicles4↦0.0),(Vehicles5↦0.0)}",
        "Reward": "0.7333333333333334",
        "VehiclesAx": "{(EgoVehicle↦0.0),(Vehicles2↦0.028658397495746613),(Vehicles3↦0.011157020926475525),(Vehicles4↦0.011632777750492096),(Vehicles5↦0.022042375057935715)}",
        "VehiclesVx": "{(EgoVehicle↦20.0),(Vehicles2↦0.07887696847319603),(Vehicles3↦0.6458704173564911),(Vehicles4↦-0.22044990211725235),(Vehicles5↦0.30957426875829697)}",
        "VehiclesY": "{(EgoVehicle↦8.000000238418579),(Vehicles2↦0.0),(Vehicles3↦-4.0000001192092896),(Vehicles4↦-8.000000238418579),(Vehicles5↦0.0)}",
        "VehiclesVy": "{(EgoVehicle↦0.0),(Vehicles2↦0.0),(Vehicles3↦0.0),(Vehicles4↦0.0),(Vehicles5↦0.0)}",
        "VehiclesX": "{(EgoVehicle↦200.0),(Vehicles2↦20.608331263065338),(Vehicles3↦22.000592947006226),(Vehicles4↦44.66090798377991),(Vehicles5↦77.40660309791565)}"
      },
      "probabilisticVariables": null,
      "activating": [
        "SLOWER_60"
      ],
      "activatingOnlyWhenExecuted": true,
      "updating": null,
      "withPredicate": null
    },
    {
      "id": "SLOWER_60",
      "execute": "SLOWER",
      "after": "1000",
      "priority": 0,
      "additionalGuards": null,
      "activationKind": null,
      "fixedVariables": {
        "Crash": "FALSE",
        "VehiclesAy": "{(EgoVehicle↦0.0),(Vehicles2↦0.0),(Vehicles3↦0.0),(Vehicles4↦0.0),(Vehicles5↦0.0)}",
        "Reward": "0.7333333333333334",
        "VehiclesAx": "{(EgoVehicle↦0.0),(Vehicles2↦0.027495576068758965),(Vehicles3↦0.01078881323337555),(Vehicles4↦0.011610519140958786),(Vehicles5↦0.021038465201854706)}",
        "VehiclesVx": "{(EgoVehicle↦20.0),(Vehicles2↦0.106372544541955),(Vehicles3↦0.6566592305898666),(Vehicles4↦-0.20883938297629356),(Vehicles5↦0.3306127339601517)}",
        "VehiclesY": "{(EgoVehicle↦8.000000238418579),(Vehicles2↦0.0),(Vehicles3↦-4.0000001192092896),(Vehicles4↦-8.000000238418579),(Vehicles5↦0.0)}",
        "VehiclesVy": "{(EgoVehicle↦0.0),(Vehicles2↦0.0),(Vehicles3↦0.0),(Vehicles4↦0.0),(Vehicles5↦0.0)}",
        "VehiclesX": "{(EgoVehicle↦200.0),(Vehicles2↦20.698297023773193),(Vehicles3↦22.650808095932007),(Vehicles4↦44.44510340690613),(Vehicles5↦77.72467136383057)}"
      },
      "probabilisticVariables": null,
      "activating": [
        "SLOWER_61"
      ],
      "activatingOnlyWhenExecuted": true,
      "updating": null,
      "withPredicate": null
    },
    {
      "id": "SLOWER_61",
      "execute": "SLOWER",
      "after": "1000",
      "priority": 0,
      "additionalGuards": null,
      "activationKind": null,
      "fixedVariables": {
        "Crash": "FALSE",
        "VehiclesAy": "{(EgoVehicle↦0.0),(Vehicles2↦0.0),(Vehicles3↦0.0),(Vehicles4↦0.0),(Vehicles5↦0.0)}",
        "Reward": "0.7333333333333334",
        "VehiclesAx": "{(EgoVehicle↦0.0),(Vehicles2↦0.02639082260429859),(Vehicles3↦0.010443553328514099),(Vehicles4↦0.011579487472772598),(Vehicles5↦0.020099543035030365)}",
        "VehiclesVx": "{(EgoVehicle↦20.0),(Vehicles2↦0.13276336714625359),(Vehicles3↦0.6671027839183807),(Vehicles4↦-0.19725989550352097),(Vehicles5↦0.35071227699518204)}",
        "VehiclesY": "{(EgoVehicle↦8.000000238418579),(Vehicles2↦0.0),(Vehicles3↦-4.0000001192092896),(Vehicles4↦-8.000000238418579),(Vehicles5↦0.0)}",
        "VehiclesVy": "{(EgoVehicle↦0.0),(Vehicles2↦0.0),(Vehicles3↦0.0),(Vehicles4↦0.0),(Vehicles5↦0.0)}",
        "VehiclesX": "{(EgoVehicle↦200.0),(Vehicles2↦20.81531286239624),(Vehicles3↦23.311670124530792),(Vehicles4↦44.24089789390564),(Vehicles5↦78.06339859962463)}"
      },
      "probabilisticVariables": null,
      "activating": null,
      "activatingOnlyWhenExecuted": true,
      "updating": null,
      "withPredicate": null
    }
  ],
  "listeners": [],
  "metadata": {
    "fileType": "Timed_Trace",
    "formatVersion": 3,
    "savedAt": "2023-08-15T12:36:00.061908Z",
    "creator": "Simulation: MONTE_CARLO_SIMULATION; MAX_STEPS_BEFORE_PROPERTY : 0, EXECUTIONS : 1000, ENDING_TIME : 60000",
    "proB2KernelVersion": "4.12.2",
    "proBCliVersion": "1.12.2-final",
    "modelName": "HighwayEnvironment"
  }
}