{
  "variables": {},
  "activations": [
    {
      "id": "$setup_constants",
      "execute": "$setup_constants",
      "after": "0",
      "priority": 0,
      "additionalGuards": null,
      "activationKind": null,
      "fixedVariables": null,
      "probabilisticVariables": null,
      "activating": null,
      "activatingOnlyWhenExecuted": true,
      "updating": null,
      "withPredicate": null
    },
    {
      "id": "$initialise_machine",
      "execute": "$initialise_machine",
      "after": "0",
      "priority": 0,
      "additionalGuards": null,
      "activationKind": null,
      "fixedVariables": {
        "Crash": "FALSE",
        "VehiclesAy": "{(EgoVehicle↦0.0),(Vehicles2↦0.0),(Vehicles3↦0.0),(Vehicles4↦0.0),(Vehicles5↦0.0)}",
        "Reward": "0.0",
        "VehiclesAx": "{(EgoVehicle↦0.0),(Vehicles2↦0.0),(Vehicles3↦0.0),(Vehicles4↦0.0),(Vehicles5↦0.0)}",
        "VehiclesVx": "{(EgoVehicle↦25.0),(Vehicles2↦-3.310537040233612),(Vehicles3↦-2.5541001558303833),(Vehicles4↦-2.6893824338912964),(Vehicles5↦-1.4500722289085388)}",
        "VehiclesY": "{(EgoVehicle↦4.0000001192092896),(Vehicles2↦-4.0000001192092896),(Vehicles3↦4.0000001192092896),(Vehicles4↦0.0),(Vehicles5↦4.0000001192092896)}",
        "VehiclesVy": "{(EgoVehicle↦0.0),(Vehicles2↦0.0),(Vehicles3↦0.0),(Vehicles4↦0.0),(Vehicles5↦0.0)}",
        "VehiclesX": "{(EgoVehicle↦155.41218519210815),(Vehicles2↦23.992329835891724),(Vehicles3↦45.48302888870239),(Vehicles4↦68.40023994445801),(Vehicles5↦92.87574291229248)}"
      },
      "probabilisticVariables": null,
      "activating": [
        "LANE_RIGHT_2"
      ],
      "activatingOnlyWhenExecuted": true,
      "updating": null,
      "withPredicate": null
    },
    {
      "id": "LANE_RIGHT_2",
      "execute": "LANE_RIGHT",
      "after": "1000",
      "priority": 0,
      "additionalGuards": null,
      "activationKind": null,
      "fixedVariables": {
        "Crash": "FALSE",
        "VehiclesAy": "{(EgoVehicle↦1.0796338319778442),(Vehicles2↦-1.0796338319778442),(Vehicles3↦-1.0796338319778442),(Vehicles4↦-1.0796338319778442),(Vehicles5↦-1.0796338319778442)}",
        "Reward": "0.8660447183419508",
        "VehiclesAx": "{(EgoVehicle↦-0.023322105407714844),(Vehicles2↦-0.12906521558761597),(Vehicles3↦-2.061351239681244),(Vehicles4↦-0.9045416116714478),(Vehicles5↦-5.956234037876129)}",
        "VehiclesVx": "{(EgoVehicle↦24.976677894592285),(Vehicles2↦-3.439602255821228),(Vehicles3↦-4.615451395511627),(Vehicles4↦-3.593924045562744),(Vehicles5↦-7.406306266784668)}",
        "VehiclesY": "{(EgoVehicle↦7.6599647998809814),(Vehicles2↦-7.6599647998809814),(Vehicles3↦0.3400348797440529),(Vehicles4↦-3.6599650382995605),(Vehicles5↦0.3400348797440529)}",
        "VehiclesVy": "{(EgoVehicle↦1.0796338319778442),(Vehicles2↦-1.0796338319778442),(Vehicles3↦-1.0796338319778442),(Vehicles4↦-1.0796338319778442),(Vehicles5↦-1.0796338319778442)}",
        "VehiclesX": "{(EgoVehicle↦180.0924301147461),(Vehicles2↦20.944347977638245),(Vehicles3↦42.40184426307678),(Vehicles4↦65.60699939727783),(Vehicles5↦89.34541940689087)}"
      },
      "probabilisticVariables": null,
      "activating": [
        "SLOWER_3"
      ],
      "activatingOnlyWhenExecuted": true,
      "updating": null,
      "withPredicate": null
    },
    {
      "id": "SLOWER_3",
      "execute": "SLOWER",
      "after": "1000",
      "priority": 0,
      "additionalGuards": null,
      "activationKind": null,
      "fixedVariables": {
        "Crash": "FALSE",
        "VehiclesAy": "{(EgoVehicle↦-1.030814554542303),(Vehicles2↦1.030814554542303),(Vehicles3↦1.030814554542303),(Vehicles4↦1.030814554542303),(Vehicles5↦-1.1284531094133854)}",
        "Reward": "0.7508900941313649",
        "VehiclesAx": "{(EgoVehicle↦-4.318299293518066),(Vehicles2↦4.179045632481575),(Vehicles3↦2.407240718603134),(Vehicles4↦3.805152326822281),(Vehicles5↦1.8631219863891602)}",
        "VehiclesVx": "{(EgoVehicle↦20.65837860107422),(Vehicles2↦0.739443376660347),(Vehicles3↦-2.208210676908493),(Vehicles4↦0.21122828125953674),(Vehicles5↦-5.543184280395508)}",
        "VehiclesY": "{(EgoVehicle↦7.983102321624756),(Vehicles2↦-7.983102321624756),(Vehicles3↦0.01689769746735692),(Vehicles4↦-3.9831022024154663),(Vehicles5↦0.01689769746735692)}",
        "VehiclesVy": "{(EgoVehicle↦0.04881927743554115),(Vehicles2↦-0.04881927743554115),(Vehicles3↦-0.04881927743554115),(Vehicles4↦-0.04881927743554115),(Vehicles5↦-0.04881927743554115)}",
        "VehiclesX": "{(EgoVehicle↦200.0),(Vehicles2↦19.815902411937714),(Vehicles3↦39.35554623603821),(Vehicles4↦64.16130661964417),(Vehicles5↦83.05939435958862)}"
      },
      "probabilisticVariables": null,
      "activating": [
        "SLOWER_4"
      ],
      "activatingOnlyWhenExecuted": true,
      "updating": null,
      "withPredicate": null
    },
    {
      "id": "SLOWER_4",
      "execute": "SLOWER",
      "after": "1000",
      "priority": 0,
      "additionalGuards": null,
      "activationKind": null,
      "fixedVariables": {
        "Crash": "FALSE",
        "VehiclesAy": "{(EgoVehicle↦-0.045818106445949525),(Vehicles2↦0.045818106445949525),(Vehicles3↦0.045818106445949525),(Vehicles4↦0.045818106445949525),(Vehicles5↦-0.05182044842513278)}",
        "Reward": "0.7356455313433461",
        "VehiclesAx": "{(EgoVehicle↦-0.5716705322265625),(Vehicles2↦0.5088860541582108),(Vehicles3↦-0.7700417935848236),(Vehicles4↦0.27382582426071167),(Vehicles5↦-0.010929107666015625)}",
        "VehiclesVx": "{(EgoVehicle↦20.086708068847656),(Vehicles2↦1.2483294308185577),(Vehicles3↦-2.9782524704933167),(Vehicles4↦0.4850541055202484),(Vehicles5↦-5.554113388061523)}",
        "VehiclesY": "{(EgoVehicle↦7.9989659786224365),(Vehicles2↦-7.9989659786224365),(Vehicles3↦0.0010342966415919363),(Vehicles4↦-3.998965859413147),(Vehicles5↦0.0010342966415919363)}",
        "VehiclesVy": "{(EgoVehicle↦0.0030011709895916283),(Vehicles2↦-0.0030011709895916283),(Vehicles3↦-0.0030011709895916283),(Vehicles4↦-0.0030011709895916283),(Vehicles5↦-0.0030011709895916283)}",
        "VehiclesX": "{(EgoVehicle↦200.0),(Vehicles2↦20.841501653194427),(Vehicles3↦36.88307702541351),(Vehicles4↦64.55565690994263),(Vehicles5↦77.52496600151062)}"
      },
      "probabilisticVariables": null,
      "activating": [
        "SLOWER_5"
      ],
      "activatingOnlyWhenExecuted": true,
      "updating": null,
      "withPredicate": null
    },
    {
      "id": "SLOWER_5",
      "execute": "SLOWER",
      "after": "1000",
      "priority": 0,
      "additionalGuards": null,
      "activationKind": null,
      "fixedVariables": {
        "Crash": "FALSE",
        "VehiclesAy": "{(EgoVehicle↦-0.0028146709883003496),(Vehicles2↦0.0028146709883003496),(Vehicles3↦-1.9786038223537616),(Vehicles4↦0.0028146709883003496),(Vehicles5↦-0.003187670990882907)}",
        "Reward": "0.733637821078228",
        "VehiclesAx": "{(EgoVehicle↦-0.07529020309448242),(Vehicles2↦0.04859998822212219),(Vehicles3↦-0.7774409651756287),(Vehicles4↦-0.09443745017051697),(Vehicles5↦0.09706199169158936)}",
        "VehiclesVx": "{(EgoVehicle↦20.011417865753174),(Vehicles2↦1.29692941904068),(Vehicles3↦-3.7556934356689453),(Vehicles4↦0.39061665534973145),(Vehicles5↦-5.457051396369934)}",
        "VehiclesY": "{(EgoVehicle↦7.999935865402222),(Vehicles2↦-7.999935865402222),(Vehicles3↦-3.2634472846984863),(Vehicles4↦-3.999935746192932),(Vehicles5↦6.422011210815981E-05)}",
        "VehiclesVy": "{(EgoVehicle↦0.00018650000129127875),(Vehicles2↦-0.00018650000129127875),(Vehicles3↦-1.9816049933433533),(Vehicles4↦-0.00018650000129127875),(Vehicles5↦-0.00018650000129127875)}",
        "VehiclesX": "{(EgoVehicle↦200.0),(Vehicles2↦22.118785977363586),(Vehicles3↦33.103930950164795),(Vehicles4↦65.00659584999084),(Vehicles5↦71.99164628982544)}"
      },
      "probabilisticVariables": null,
      "activating": [
        "LANE_RIGHT_6"
      ],
      "activatingOnlyWhenExecuted": true,
      "updating": null,
      "withPredicate": null
    },
    {
      "id": "LANE_RIGHT_6",
      "execute": "LANE_RIGHT",
      "after": "1000",
      "priority": 0,
      "additionalGuards": null,
      "activationKind": null,
      "fixedVariables": {
        "Crash": "FALSE",
        "VehiclesAy": "{(EgoVehicle↦-0.00017489790820945927),(Vehicles2↦0.00017489790820945927),(Vehicles3↦1.8029959872364998),(Vehicles4↦0.00017489790820945927),(Vehicles5↦-0.00019810209437309823)}",
        "Reward": "0.7333734304878865",
        "VehiclesAx": "{(EgoVehicle↦-0.009913444519042969),(Vehicles2↦-0.0002747774124145508),(Vehicles3↦0.44132739305496216),(Vehicles4↦-0.08423607796430588),(Vehicles5↦0.28388679027557373)}",
        "VehiclesVx": "{(EgoVehicle↦20.00150442123413),(Vehicles2↦1.2966546416282654),(Vehicles3↦-3.314366042613983),(Vehicles4↦0.30638057738542557),(Vehicles5↦-5.17316460609436)}",
        "VehiclesY": "{(EgoVehicle↦7.999995946884155),(Vehicles2↦-7.999995946884155),(Vehicles3↦-3.934458017349243),(Vehicles4↦-3.9999958276748657),(Vehicles5↦3.994667849838152E-06)}",
        "VehiclesVy": "{(EgoVehicle↦1.1602093081819476E-05),(Vehicles2↦-1.1602093081819476E-05),(Vehicles3↦-0.17860900610685349),(Vehicles4↦-1.1602093081819476E-05),(Vehicles5↦-1.1602093081819476E-05)}",
        "VehiclesX": "{(EgoVehicle↦200.0),(Vehicles2↦23.416271805763245),(Vehicles3↦29.55712378025055),(Vehicles4↦65.36047458648682),(Vehicles5↦66.63694977760315)}"
      },
      "probabilisticVariables": null,
      "activating": [
        "SLOWER_7"
      ],
      "activatingOnlyWhenExecuted": true,
      "updating": null,
      "withPredicate": null
    },
    {
      "id": "SLOWER_7",
      "execute": "SLOWER",
      "after": "1000",
      "priority": 0,
      "additionalGuards": null,
      "activationKind": null,
      "fixedVariables": {
        "Crash": "FALSE",
        "VehiclesAy": "{(EgoVehicle↦-1.0880227989673585E-05),(Vehicles2↦1.0880227989673585E-05),(Vehicles3↦0.1632116234395653),(Vehicles4↦1.0880227989673585E-05),(Vehicles5↦-1.2323958173965366E-05)}",
        "Reward": "0.733338613617072",
        "VehiclesAx": "{(EgoVehicle↦-0.0013065338134765625),(Vehicles2↦-0.0019466876983642578),(Vehicles3↦0.4418101906776428),(Vehicles4↦-5.098977871239185),(Vehicles5↦5.430599637329578)}",
        "VehiclesVx": "{(EgoVehicle↦20.000197887420654),(Vehicles2↦1.2947079539299011),(Vehicles3↦-2.8725558519363403),(Vehicles4↦-4.79259729385376),(Vehicles5↦0.25743503123521805)}",
        "VehiclesY": "{(EgoVehicle↦7.999999523162842),(Vehicles2↦-7.999999523162842),(Vehicles3↦-3.994401454925537),(Vehicles4↦2.485387256001559E-07),(Vehicles5↦-3.999999761581421)}",
        "VehiclesVy": "{(EgoVehicle↦7.218650921458902E-07),(Vehicles2↦-7.218650921458902E-07),(Vehicles3↦-0.015397382667288184),(Vehicles4↦-7.218650921458902E-07),(Vehicles5↦-7.218650921458902E-07)}",
        "VehiclesX": "{(EgoVehicle↦200.0),(Vehicles2↦24.71202164888382),(Vehicles3↦26.41758918762207),(Vehicles4↦61.6113543510437),(Vehicles5↦65.64486622810364)}"
      },
      "probabilisticVariables": null,
      "activating": [
        "SLOWER_8"
      ],
      "activatingOnlyWhenExecuted": true,
      "updating": null,
      "withPredicate": null
    },
    {
      "id": "SLOWER_8",
      "execute": "SLOWER",
      "after": "1000",
      "priority": 0,
      "additionalGuards": null,
      "activationKind": null,
      "fixedVariables": {
        "Crash": "FALSE",
        "VehiclesAy": "{(EgoVehicle↦-6.769508686943482E-07),(Vehicles2↦-0.0012679528126113837),(Vehicles3↦0.01539733775305585),(Vehicles4↦6.76950859812564E-07),(Vehicles5↦-7.667793244792165E-07)}",
        "Reward": "0.73333402867934",
        "VehiclesAx": "{(EgoVehicle↦-0.000171661376953125),(Vehicles2↦-3.734533041715622),(Vehicles3↦4.166627526283264),(Vehicles4↦0.4126843810081482),(Vehicles5↦-0.025168247520923615)}",
        "VehiclesVx": "{(EgoVehicle↦20.0000262260437),(Vehicles2↦-2.439825087785721),(Vehicles3↦1.2940716743469238),(Vehicles4↦-4.379912912845612),(Vehicles5↦0.23226678371429443)}",
        "VehiclesY": "{(EgoVehicle↦8.000000238418579),(Vehicles2↦-3.9995423555374146),(Vehicles3↦-8.000000238418579),(Vehicles4↦1.5463974101237454E-08),(Vehicles5↦-4.0000001192092896)}",
        "VehiclesVy": "{(EgoVehicle↦4.491422345154206E-08),(Vehicles2↦-0.0012686746777035296),(Vehicles3↦-4.4914232333326254E-08),(Vehicles4↦-4.4914232333326254E-08),(Vehicles5↦-4.4914232333326254E-08)}",
        "VehiclesX": "{(EgoVehicle↦200.0),(Vehicles2↦23.721079528331757),(Vehicles3↦26.006409525871277),(Vehicles4↦56.98305368423462),(Vehicles5↦65.89080691337585)}"
      },
      "probabilisticVariables": null,
      "activating": [
        "SLOWER_9"
      ],
      "activatingOnlyWhenExecuted": true,
      "updating": null,
      "withPredicate": null
    },
    {
      "id": "SLOWER_9",
      "execute": "SLOWER",
      "after": "1000",
      "priority": 0,
      "additionalGuards": null,
      "activationKind": null,
      "fixedVariables": {
        "Crash": "FALSE",
        "VehiclesAy": "{(EgoVehicle↦-4.211967663536598E-08),(Vehicles2↦0.0011684718629112467),(Vehicles3↦4.2119685517150174E-08),(Vehicles4↦4.2119685517150174E-08),(Vehicles5↦-4.7708779149502334E-08)}",
        "Reward": "0.7333334249015317",
        "VehiclesAx": "{(EgoVehicle↦-2.384185791015625E-05),(Vehicles2↦0.38309454917907715),(Vehicles3↦-0.00030606985092163086),(Vehicles4↦0.40801137685775757),(Vehicles5↦-0.011670757085084915)}",
        "VehiclesVx": "{(EgoVehicle↦20.00000238418579),(Vehicles2↦-2.0567305386066437),(Vehicles3↦1.2937656044960022),(Vehicles4↦-3.971901535987854),(Vehicles5↦0.22059602662920952)}",
        "VehiclesY": "{(EgoVehicle↦8.000000238418579),(Vehicles2↦-3.9999639987945557),(Vehicles3↦-8.000000238418579),(Vehicles4↦9.621636820611457E-10),(Vehicles5↦-4.0000001192092896)}",
        "VehiclesVy": "{(EgoVehicle↦2.79454681617608E-09),(Vehicles2↦-0.00010020281479228288),(Vehicles3↦-2.79454681617608E-09),(Vehicles4↦-2.79454681617608E-09),(Vehicles5↦-2.79454681617608E-09)}",
        "VehiclesX": "{(EgoVehicle↦200.0),(Vehicles2↦21.439175307750702),(Vehicles3↦27.300366759300232),(Vehicles4↦52.76769399642944),(Vehicles5↦66.1176323890686)}"
      },
      "probabilisticVariables": null,
      "activating": [
        "SLOWER_10"
      ],
      "activatingOnlyWhenExecuted": true,
      "updating": null,
      "withPredicate": null
    },
    {
      "id": "SLOWER_10",
      "execute": "SLOWER",
      "after": "1000",
      "priority": 0,
      "additionalGuards": null,
      "activationKind": null,
      "fixedVariables": {
        "Crash": "FALSE",
        "VehiclesAy": "{(EgoVehicle↦-2.6206592451671895E-09),(Vehicles2↦9.257402780349366E-05),(Vehicles3↦2.6206592451671895E-09),(Vehicles4↦2.6206592451671895E-09),(Vehicles5↦-2.9684343871849705E-09)}",
        "Reward": "0.7333333453916969",
        "VehiclesAx": "{(EgoVehicle↦-2.384185791015625E-06),(Vehicles2↦0.3230172395706177),(Vehicles3↦-0.0006029009819030762),(Vehicles4↦0.38374215364456177),(Vehicles5↦-0.004625972360372543)}",
        "VehiclesVx": "{(EgoVehicle↦20.0),(Vehicles2↦-1.733713299036026),(Vehicles3↦1.2931627035140991),(Vehicles4↦-3.5881593823432922),(Vehicles5↦0.21597005426883698)}",
        "VehiclesY": "{(EgoVehicle↦8.000000238418579),(Vehicles2↦-3.9999972581863403),(Vehicles3↦-8.000000238418579),(Vehicles4↦5.986677820146724E-11),(Vehicles5↦-4.0000001192092896)}",
        "VehiclesVy": "{(EgoVehicle↦1.7388757100889052E-10),(Vehicles2↦-7.628786988789216E-06),(Vehicles3↦-1.7388757100889052E-10),(Vehicles4↦-1.7388757100889052E-10),(Vehicles5↦-1.7388757100889052E-10)}",
        "VehiclesX": "{(EgoVehicle↦200.0),(Vehicles2↦19.51644718647003),(Vehicles3↦28.593924641609192),(Vehicles4↦48.95172119140625),(Vehicles5↦66.33599400520325)}"
      },
      "probabilisticVariables": null,
      "activating": [
        "SLOWER_11"
      ],
      "activatingOnlyWhenExecuted": true,
      "updating": null,
      "withPredicate": null
    },
    {
      "id": "SLOWER_11",
      "execute": "SLOWER",
      "after": "1000",
      "priority": 0,
      "additionalGuards": null,
      "activationKind": null,
      "fixedVariables": {
        "Crash": "FALSE",
        "VehiclesAy": "{(EgoVehicle↦-1.63069557856943E-10),(Vehicles2↦7.0655812933750894E-06),(Vehicles3↦1.63069557856943E-10),(Vehicles4↦1.63069557856943E-10),(Vehicles5↦-1.8470558416083804E-10)}",
        "Reward": "0.733333334921266",
        "VehiclesAx": "{(EgoVehicle↦0.0),(Vehicles2↦0.2661825716495514),(Vehicles3↦-0.001097172498703003),(Vehicles4↦0.35016536712646484),(Vehicles5↦-0.001335330307483673)}",
        "VehiclesVx": "{(EgoVehicle↦20.0),(Vehicles2↦-1.4675307273864746),(Vehicles3↦1.2920655310153961),(Vehicles4↦-3.2379940152168274),(Vehicles5↦0.2146347239613533)}",
        "VehiclesY": "{(EgoVehicle↦8.000000238418579),(Vehicles2↦-3.999999761581421),(Vehicles3↦-8.000000238418579),(Vehicles4↦3.725020292222325E-12),(Vehicles5↦-4.0000001192092896)}",
        "VehiclesVy": "{(EgoVehicle↦1.0818013151947525E-11),(Vehicles2↦-5.632056954141262E-07),(Vehicles3↦-1.0818013151947525E-11),(Vehicles4↦-1.0818013151947525E-11),(Vehicles5↦-1.0818013151947525E-11)}",
        "VehiclesX": "{(EgoVehicle↦200.0),(Vehicles2↦17.893457412719727),(Vehicles3↦29.88668978214264),(Vehicles4↦45.50650715827942),(Vehicles5↦66.55126810073853)}"
      },
      "probabilisticVariables": null,
      "activating": [
        "SLOWER_12"
      ],
      "activatingOnlyWhenExecuted": true,
      "updating": null,
      "withPredicate": null
    },
    {
      "id": "SLOWER_12",
      "execute": "SLOWER",
      "after": "1000",
      "priority": 0,
      "additionalGuards": null,
      "activationKind": null,
      "fixedVariables": {
        "Crash": "FALSE",
        "VehiclesAy": "{(EgoVehicle↦-1.014299755297543E-11),(Vehicles2↦5.22667900071383E-07),(Vehicles3↦1.0151879337172431E-11),(Vehicles4↦1.0151879337172431E-11),(Vehicles5↦-1.148414696672262E-11)}",
        "Reward": "0.7333333335424438",
        "VehiclesAx": "{(EgoVehicle↦0.0),(Vehicles2↦0.21758772432804108),(Vehicles3↦-0.0015860795974731445),(Vehicles4↦0.3135114908218384),(Vehicles5↦-0.0001465529203414917)}",
        "VehiclesVx": "{(EgoVehicle↦20.0),(Vehicles2↦-1.2499430030584335),(Vehicles3↦1.290479451417923),(Vehicles4↦-2.924482524394989),(Vehicles5↦0.2144881710410118)}",
        "VehiclesY": "{(EgoVehicle↦8.000000238418579),(Vehicles2↦-4.0000001192092896),(Vehicles3↦-8.000000238418579),(Vehicles4↦2.3447910280083306E-13),(Vehicles5↦-4.0000001192092896)}",
        "VehiclesVy": "{(EgoVehicle↦6.750155989720952E-13),(Vehicles2↦-4.0537795342743266E-08),(Vehicles3↦-6.661338147750939E-13),(Vehicles4↦-6.661338147750939E-13),(Vehicles5↦-6.661338147750939E-13)}",
        "VehiclesX": "{(EgoVehicle↦200.0),(Vehicles2↦16.51647984981537),(Vehicles3↦31.17815852165222),(Vehicles4↦42.3968642950058),(Vehicles5↦66.76580309867859)}"
      },
      "probabilisticVariables": null,
      "activating": [
        "SLOWER_13"
      ],
      "activatingOnlyWhenExecuted": true,
      "updating": null,
      "withPredicate": null
    },
    {
      "id": "SLOWER_13",
      "execute": "SLOWER",
      "after": "1000",
      "priority": 0,
      "additionalGuards": null,
      "activationKind": null,
      "fixedVariables": {
        "Crash": "FALSE",
        "VehiclesAy": "{(EgoVehicle↦-6.394884621840902E-13),(Vehicles2↦3.768017897698428E-08),(Vehicles3↦6.217248937900877E-13),(Vehicles4↦6.217248937900877E-13),(Vehicles5↦-7.105427357601002E-13)}",
        "Reward": "0.7333333333608705",
        "VehiclesAx": "{(EgoVehicle↦0.0),(Vehicles2↦0.17805710434913635),(Vehicles3↦-0.002000778913497925),(Vehicles4↦0.2774852514266968),(Vehicles5↦-8.663162589073181E-05)}",
        "VehiclesVx": "{(EgoVehicle↦20.0),(Vehicles2↦-1.0718858987092972),(Vehicles3↦1.288478672504425),(Vehicles4↦-2.6469972729682922),(Vehicles5↦0.21440153941512108)}",
        "VehiclesY": "{(EgoVehicle↦8.000000238418579),(Vehicles2↦-4.0000001192092896),(Vehicles3↦-8.000000238418579),(Vehicles4↦1.3322676295501878E-14),(Vehicles5↦-4.0000001192092896)}",
        "VehiclesVy": "{(EgoVehicle↦3.552713678800501E-14),(Vehicles2↦-2.857616365758986E-09),(Vehicles3↦-4.440892098500626E-14),(Vehicles4↦-4.440892098500626E-14),(Vehicles5↦-4.440892098500626E-14)}",
        "VehiclesX": "{(EgoVehicle↦200.0),(Vehicles2↦15.340577065944672),(Vehicles3↦32.46786892414093),(Vehicles4↦39.58617150783539),(Vehicles5↦66.98028445243835)}"
      },
      "probabilisticVariables": null,
      "activating": [
        "SLOWER_14"
      ],
      "activatingOnlyWhenExecuted": true,
      "updating": null,
      "withPredicate": null
    },
    {
      "id": "SLOWER_14",
      "execute": "SLOWER",
      "after": "1000",
      "priority": 0,
      "additionalGuards": null,
      "activationKind": null,
      "fixedVariables": {
        "Crash": "FALSE",
        "VehiclesAy": "{(EgoVehicle↦-3.552713678800501E-14),(Vehicles2↦2.65960586887104E-09),(Vehicles3↦4.440892098500626E-14),(Vehicles4↦4.440892098500626E-14),(Vehicles5↦-4.440892098500626E-14)}",
        "Reward": "0.7333333333369597",
        "VehiclesAx": "{(EgoVehicle↦0.0),(Vehicles2↦0.14666184782981873),(Vehicles3↦-0.0023330748081207275),(Vehicles4↦0.24413138628005981),(Vehicles5↦-0.0005939789116382599)}",
        "VehiclesVx": "{(EgoVehicle↦20.0),(Vehicles2↦-0.9252240508794785),(Vehicles3↦1.2861455976963043),(Vehicles4↦-2.4028658866882324),(Vehicles5↦0.21380756050348282)}",
        "VehiclesY": "{(EgoVehicle↦8.000000238418579),(Vehicles2↦-4.0000001192092896),(Vehicles3↦-8.000000238418579),(Vehicles4↦0.0),(Vehicles5↦-4.0000001192092896)}",
        "VehiclesVy": "{(EgoVehicle↦0.0),(Vehicles2↦-1.9801049688794592E-10),(Vehicles3↦0.0),(Vehicles4↦0.0),(Vehicles5↦0.0)}",
        "VehiclesX": "{(EgoVehicle↦200.0),(Vehicles2↦14.32957798242569),(Vehicles3↦33.75543653964996),(Vehicles4↦37.03935742378235),(Vehicles5↦67.19450354576111)}"
      },
      "probabilisticVariables": null,
      "activating": [
        "SLOWER_15"
      ],
      "activatingOnlyWhenExecuted": true,
      "updating": null,
      "withPredicate": null
    },
    {
      "id": "SLOWER_15",
      "execute": "SLOWER",
      "after": "1000",
      "priority": 0,
      "additionalGuards": null,
      "activationKind": null,
      "fixedVariables": {
        "Crash": "FALSE",
        "VehiclesAy": "{(EgoVehicle↦0.0),(Vehicles2↦1.84483539555913E-10),(Vehicles3↦0.0),(Vehicles4↦0.0),(Vehicles5↦0.0)}",
        "Reward": "0.7333333333338109",
        "VehiclesAx": "{(EgoVehicle↦0.0),(Vehicles2↦0.1219417154788971),(Vehicles3↦-3.4746138751506805),(Vehicles4↦3.6864158511161804),(Vehicles5↦-0.0013503804802894592)}",
        "VehiclesVx": "{(EgoVehicle↦20.0),(Vehicles2↦-0.8032823354005814),(Vehicles3↦-2.188468277454376),(Vehicles4↦1.283549964427948),(Vehicles5↦0.21245718002319336)}",
        "VehiclesY": "{(EgoVehicle↦8.000000238418579),(Vehicles2↦-4.0000001192092896),(Vehicles3↦0.0),(Vehicles4↦-8.000000238418579),(Vehicles5↦-4.0000001192092896)}",
        "VehiclesVy": "{(EgoVehicle↦0.0),(Vehicles2↦-1.3526957332032907E-11),(Vehicles3↦0.0),(Vehicles4↦0.0),(Vehicles5↦0.0)}",
        "VehiclesX": "{(EgoVehicle↦200.0),(Vehicles2↦13.454879820346832),(Vehicles3↦34.72447395324707),(Vehicles4↦35.040563344955444),(Vehicles5↦67.40783452987671)}"
      },
      "probabilisticVariables": null,
      "activating": [
        "SLOWER_16"
      ],
      "activatingOnlyWhenExecuted": true,
      "updating": null,
      "withPredicate": null
    },
    {
      "id": "SLOWER_16",
      "execute": "SLOWER",
      "after": "1000",
      "priority": 0,
      "additionalGuards": null,
      "activationKind": null,
      "fixedVariables": {
        "Crash": "FALSE",
        "VehiclesAy": "{(EgoVehicle↦0.0),(Vehicles2↦1.262101534393878E-11),(Vehicles3↦0.0),(Vehicles4↦0.0),(Vehicles5↦0.0)}",
        "Reward": "0.7333333333333963",
        "VehiclesAx": "{(EgoVehicle↦0.0),(Vehicles2↦0.10245539247989655),(Vehicles3↦0.18853306770324707),(Vehicles4↦-0.002805739641189575),(Vehicles5↦-0.0021790340542793274)}",
        "VehiclesVx": "{(EgoVehicle↦20.0),(Vehicles2↦-0.7008269429206848),(Vehicles3↦-1.9999352097511292),(Vehicles4↦1.2807442247867584),(Vehicles5↦0.21027814596891403)}",
        "VehiclesY": "{(EgoVehicle↦8.000000238418579),(Vehicles2↦-4.0000001192092896),(Vehicles3↦0.0),(Vehicles4↦-8.000000238418579),(Vehicles5↦-4.0000001192092896)}",
        "VehiclesVy": "{(EgoVehicle↦0.0),(Vehicles2↦-9.059419880941277E-13),(Vehicles3↦0.0),(Vehicles4↦0.0),(Vehicles5↦0.0)}",
        "VehiclesX": "{(EgoVehicle↦200.0),(Vehicles2↦12.693960964679718),(Vehicles3↦32.61333703994751),(Vehicles4↦36.323004961013794),(Vehicles5↦67.61948466300964)}"
      },
      "probabilisticVariables": null,
      "activating": [
        "LANE_LEFT_17"
      ],
      "activatingOnlyWhenExecuted": true,
      "updating": null,
      "withPredicate": null
    },
    {
      "id": "LANE_LEFT_17",
      "execute": "LANE_LEFT",
      "after": "1000",
      "priority": 0,
      "additionalGuards": null,
      "activationKind": null,
      "fixedVariables": {
        "Crash": "FALSE",
        "VehiclesAy": "{(EgoVehicle↦-1.1458635330200195),(Vehicles2↦1.1458635330209255),(Vehicles3↦1.1458635330200195),(Vehicles4↦1.1458635330200195),(Vehicles5↦1.1458635330200195)}",
        "Reward": "0.7000000000000001",
        "VehiclesAx": "{(EgoVehicle↦-0.0328516960144043),(Vehicles2↦0.11983439326286316),(Vehicles3↦0.19923001527786255),(Vehicles4↦0.029873251914978027),(Vehicles5↦0.029867514967918396)}",
        "VehiclesVx": "{(EgoVehicle↦19.967148303985596),(Vehicles2↦-0.5809925496578217),(Vehicles3↦-1.8007051944732666),(Vehicles4↦1.3106174767017365),(Vehicles5↦0.24014566093683243)}",
        "VehiclesY": "{(EgoVehicle↦4.396300435066223),(Vehicles2↦-0.39630044996738434),(Vehicles3↦3.6036994457244873),(Vehicles4↦-4.396300435066223),(Vehicles5↦-0.39630044996738434)}",
        "VehiclesVy": "{(EgoVehicle↦-1.1458635330200195),(Vehicles2↦1.1458635330200195),(Vehicles3↦1.1458635330200195),(Vehicles4↦1.1458635330200195),(Vehicles5↦1.1458635330200195)}",
        "VehiclesX": "{(EgoVehicle↦200.0),(Vehicles2↦12.415624409914017),(Vehicles3↦31.06817901134491),(Vehicles4↦37.989163398742676),(Vehicles5↦68.2152271270752)}"
      },
      "probabilisticVariables": null,
      "activating": [
        "LANE_RIGHT_18"
      ],
      "activatingOnlyWhenExecuted": true,
      "updating": null,
      "withPredicate": null
    },
    {
      "id": "LANE_RIGHT_18",
      "execute": "LANE_RIGHT",
      "after": "1000",
      "priority": 0,
      "additionalGuards": null,
      "activationKind": null,
      "fixedVariables": {
        "Crash": "FALSE",
        "VehiclesAy": "{(EgoVehicle↦2.2204431146383286),(Vehicles2↦-2.2204431146383286),(Vehicles3↦-2.2204431146383286),(Vehicles4↦-2.2204431146383286),(Vehicles5↦0.07128395140171051)}",
        "Reward": "0.7333333333333334",
        "VehiclesAx": "{(EgoVehicle↦0.003962516784667969),(Vehicles2↦0.07059875875711441),(Vehicles3↦0.1435999572277069),(Vehicles4↦-0.0070892274379730225),(Vehicles5↦-0.007680673152208328)}",
        "VehiclesVx": "{(EgoVehicle↦19.971110820770264),(Vehicles2↦-0.5103937909007072),(Vehicles3↦-1.6571052372455597),(Vehicles4↦1.3035282492637634),(Vehicles5↦0.2324649877846241)}",
        "VehiclesY": "{(EgoVehicle↦7.628213882446289),(Vehicles2↦-3.628213405609131),(Vehicles3↦0.3717864453792572),(Vehicles4↦-7.628213882446289),(Vehicles5↦-3.628213405609131)}",
        "VehiclesVy": "{(EgoVehicle↦1.074579581618309),(Vehicles2↦-1.074579581618309),(Vehicles3↦-1.074579581618309),(Vehicles4↦-1.074579581618309),(Vehicles5↦-1.074579581618309)}",
        "VehiclesX": "{(EgoVehicle↦200.0),(Vehicles2↦12.141896784305573),(Vehicles3↦29.604429006576538),(Vehicles4↦39.57509100437164),(Vehicles5↦68.73048543930054)}"
      },
      "probabilisticVariables": null,
      "activating": [
        "LANE_RIGHT_19"
      ],
      "activatingOnlyWhenExecuted": true,
      "updating": null,
      "withPredicate": null
    },
    {
      "id": "LANE_RIGHT_19",
      "execute": "LANE_RIGHT",
      "after": "1000",
      "priority": 0,
      "additionalGuards": null,
      "activationKind": null,
      "fixedVariables": {
        "Crash": "FALSE",
        "VehiclesAy": "{(EgoVehicle↦-1.0072025284171104),(Vehicles2↦1.0072025284171104),(Vehicles3↦1.0072025284171104),(Vehicles4↦1.0072025284171104),(Vehicles5↦-1.1419566348195076)}",
        "Reward": "0.7333333333333334",
        "VehiclesAx": "{(EgoVehicle↦0.028775930404663086),(Vehicles2↦0.035690031945705414),(Vehicles3↦0.10286569595336914),(Vehicles4↦-0.03203153610229492),(Vehicles5↦-0.03312990069389343)}",
        "VehiclesVx": "{(EgoVehicle↦19.999886751174927),(Vehicles2↦-0.47470375895500183),(Vehicles3↦-1.5542395412921906),(Vehicles4↦1.2714967131614685),(Vehicles5↦0.19933508709073067)}",
        "VehiclesY": "{(EgoVehicle↦7.976800918579102),(Vehicles2↦-3.9768011569976807),(Vehicles3↦0.023198737297207117),(Vehicles4↦-7.976800918579102),(Vehicles5↦-3.9768011569976807)}",
        "VehiclesVy": "{(EgoVehicle↦0.06737705320119858),(Vehicles2↦-0.06737705320119858),(Vehicles3↦-0.06737705320119858),(Vehicles4↦-0.06737705320119858),(Vehicles5↦-0.06737705320119858)}",
        "VehiclesX": "{(EgoVehicle↦200.0),(Vehicles2↦11.633780598640442),(Vehicles3↦27.976912260055542),(Vehicles4↦40.85308909416199),(Vehicles5↦68.93702149391174)}"
      },
      "probabilisticVariables": null,
      "activating": [
        "SLOWER_20"
      ],
      "activatingOnlyWhenExecuted": true,
      "updating": null,
      "withPredicate": null
    },
    {
      "id": "SLOWER_20",
      "execute": "SLOWER",
      "after": "1000",
      "priority": 0,
      "additionalGuards": null,
      "activationKind": null,
      "fixedVariables": {
        "Crash": "FALSE",
        "VehiclesAy": "{(EgoVehicle↦-0.06318462692433968),(Vehicles2↦0.06318462692433968),(Vehicles3↦0.06318462692433968),(Vehicles4↦0.06318462692433968),(Vehicles5↦-0.07156947947805747)}",
        "Reward": "0.7333333333333334",
        "VehiclesAx": "{(EgoVehicle↦0.00011324882507324219),(Vehicles2↦0.05603760480880737),(Vehicles3↦0.11804938316345215),(Vehicles4↦-0.003487914800643921),(Vehicles5↦-0.004999469965696335)}",
        "VehiclesVx": "{(EgoVehicle↦20.0),(Vehicles2↦-0.41866615414619446),(Vehicles3↦-1.4361901581287384),(Vehicles4↦1.2680087983608246),(Vehicles5↦0.19433561712503433)}",
        "VehiclesY": "{(EgoVehicle↦7.998556852340698),(Vehicles2↦-3.99855637550354),(Vehicles3↦0.0014434528711717576),(Vehicles4↦-7.998556852340698),(Vehicles5↦-3.99855637550354)}",
        "VehiclesVy": "{(EgoVehicle↦0.004192426276858896),(Vehicles2↦-0.004192426276858896),(Vehicles3↦-0.004192426276858896),(Vehicles4↦-0.004192426276858896),(Vehicles5↦-0.004192426276858896)}",
        "VehiclesX": "{(EgoVehicle↦200.0),(Vehicles2↦11.182046681642532),(Vehicles3↦26.470834016799927),(Vehicles4↦42.12314784526825),(Vehicles5↦69.13434267044067)}"
      },
      "probabilisticVariables": null,
      "activating": [
        "SLOWER_21"
      ],
      "activatingOnlyWhenExecuted": true,
      "updating": null,
      "withPredicate": null
    },
    {
      "id": "SLOWER_21",
      "execute": "SLOWER",
      "after": "1000",
      "priority": 0,
      "additionalGuards": null,
      "activationKind": null,
      "fixedVariables": {
        "Crash": "FALSE",
        "VehiclesAy": "{(EgoVehicle↦-0.003931573919544462),(Vehicles2↦0.003931573919544462),(Vehicles3↦0.003931573919544462),(Vehicles4↦0.003931573919544462),(Vehicles5↦-0.00445327863417333)}",
        "Reward": "0.7333333333333334",
        "VehiclesAx": "{(EgoVehicle↦0.0),(Vehicles2↦0.04921671003103256),(Vehicles3↦0.10671570897102356),(Vehicles4↦-0.003486126661300659),(Vehicles5↦-0.005312468856573105)}",
        "VehiclesVx": "{(EgoVehicle↦20.0),(Vehicles2↦-0.3694494441151619),(Vehicles3↦-1.3294744491577148),(Vehicles4↦1.264522671699524),(Vehicles5↦0.18902314826846123)}",
        "VehiclesY": "{(EgoVehicle↦7.999910116195679),(Vehicles2↦-3.999910354614258),(Vehicles3↦8.981147584563587E-05),(Vehicles4↦-7.999910116195679),(Vehicles5↦-3.999910354614258)}",
        "VehiclesVy": "{(EgoVehicle↦0.0002608523573144339),(Vehicles2↦-0.0002608523573144339),(Vehicles3↦-0.0002608523573144339),(Vehicles4↦-0.0002608523573144339),(Vehicles5↦-0.0002608523573144339)}",
        "VehiclesX": "{(EgoVehicle↦200.0),(Vehicles2↦10.783574730157852),(Vehicles3↦25.078174471855164),(Vehicles4↦43.38977336883545),(Vehicles5↦69.32658553123474)}"
      },
      "probabilisticVariables": null,
      "activating": [
        "SLOWER_22"
      ],
      "activatingOnlyWhenExecuted": true,
      "updating": null,
      "withPredicate": null
    },
    {
      "id": "SLOWER_22",
      "execute": "SLOWER",
      "after": "1000",
      "priority": 0,
      "additionalGuards": null,
      "activationKind": null,
      "fixedVariables": {
        "Crash": "FALSE",
        "VehiclesAy": "{(EgoVehicle↦-0.0002446221549234906),(Vehicles2↦0.0002446221549234906),(Vehicles3↦0.0002446221549234906),(Vehicles4↦0.0002446221549234906),(Vehicles5↦-0.0002770825597053772)}",
        "Reward": "0.7333333333333334",
        "VehiclesAx": "{(EgoVehicle↦0.0),(Vehicles2↦0.04336874932050705),(Vehicles3↦0.0969463586807251),(Vehicles4↦-0.0035913288593292236),(Vehicles5↦-0.005634371191263199)}",
        "VehiclesVx": "{(EgoVehicle↦20.0),(Vehicles2↦-0.32608069479465485),(Vehicles3↦-1.2325280904769897),(Vehicles4↦1.2609313428401947),(Vehicles5↦0.18338877707719803)}",
        "VehiclesY": "{(EgoVehicle↦7.999994516372681),(Vehicles2↦-3.999994397163391),(Vehicles3↦5.58805925265915E-06),(Vehicles4↦-7.999994516372681),(Vehicles5↦-3.999994397163391)}",
        "VehiclesVy": "{(EgoVehicle↦1.6230202390943305E-05),(Vehicles2↦-1.6230202390943305E-05),(Vehicles3↦-1.6230202390943305E-05),(Vehicles4↦-1.6230202390943305E-05),(Vehicles5↦-1.6230202390943305E-05)}",
        "VehiclesX": "{(EgoVehicle↦200.0),(Vehicles2↦10.431903600692749),(Vehicles3↦23.788200318813324),(Vehicles4↦44.65286731719971),(Vehicles5↦69.51337456703186)}"
      },
      "probabilisticVariables": null,
      "activating": [
        "SLOWER_23"
      ],
      "activatingOnlyWhenExecuted": true,
      "updating": null,
      "withPredicate": null
    },
    {
      "id": "SLOWER_23",
      "execute": "SLOWER",
      "after": "1000",
      "priority": 0,
      "additionalGuards": null,
      "activationKind": null,
      "fixedVariables": {
        "Crash": "FALSE",
        "VehiclesAy": "{(EgoVehicle↦-1.5220361220258383E-05),(Vehicles2↦1.5220361220258383E-05),(Vehicles3↦1.5220361220258383E-05),(Vehicles4↦1.5220361220258383E-05),(Vehicles5↦-1.7240043561628227E-05)}",
        "Reward": "0.7333333333333334",
        "VehiclesAx": "{(EgoVehicle↦0.0),(Vehicles2↦0.0383852981030941),(Vehicles3↦0.08855558931827545),(Vehicles4↦-0.0036932528018951416),(Vehicles5↦-0.005858708173036575)}",
        "VehiclesVx": "{(EgoVehicle↦20.0),(Vehicles2↦-0.28769539669156075),(Vehicles3↦-1.1439725011587143),(Vehicles4↦1.2572380900382996),(Vehicles5↦0.17753006890416145)}",
        "VehiclesY": "{(EgoVehicle↦7.999999523162842),(Vehicles2↦-3.999999761581421),(Vehicles3↦3.4768836343346265E-07),(Vehicles4↦-7.999999523162842),(Vehicles5↦-3.999999761581421)}",
        "VehiclesVy": "{(EgoVehicle↦1.009841170684922E-06),(Vehicles2↦-1.009841170684922E-06),(Vehicles3↦-1.009841170684922E-06),(Vehicles4↦-1.009841170684922E-06),(Vehicles5↦-1.009841170684922E-06)}",
        "VehiclesX": "{(EgoVehicle↦200.0),(Vehicles2↦10.121545195579529),(Vehicles3↦22.591717541217804),(Vehicles4↦45.912328362464905),(Vehicles5↦69.69443559646606)}"
      },
      "probabilisticVariables": null,
      "activating": [
        "SLOWER_24"
      ],
      "activatingOnlyWhenExecuted": true,
      "updating": null,
      "withPredicate": null
    },
    {
      "id": "SLOWER_24",
      "execute": "SLOWER",
      "after": "1000",
      "priority": 0,
      "additionalGuards": null,
      "activationKind": null,
      "fixedVariables": {
        "Crash": "FALSE",
        "VehiclesAy": "{(EgoVehicle↦-9.470089779028967E-07),(Vehicles2↦9.470089690211125E-07),(Vehicles3↦9.470089690211125E-07),(Vehicles4↦9.470089690211125E-07),(Vehicles5↦-1.0726733723487314E-06)}",
        "Reward": "0.7333333333333334",
        "VehiclesAx": "{(EgoVehicle↦0.0),(Vehicles2↦0.034101419150829315),(Vehicles3↦0.08129991590976715),(Vehicles4↦-0.0037926435470581055),(Vehicles5↦-0.0059915706515312195)}",
        "VehiclesVx": "{(EgoVehicle↦20.0),(Vehicles2↦-0.25359397754073143),(Vehicles3↦-1.0626725852489471),(Vehicles4↦1.2534454464912415),(Vehicles5↦0.17153849825263023)}",
        "VehiclesY": "{(EgoVehicle↦8.000000238418579),(Vehicles2↦-4.0000001192092896),(Vehicles3↦2.163312728953315E-08),(Vehicles4↦-8.000000238418579),(Vehicles5↦-4.0000001192092896)}",
        "VehiclesVy": "{(EgoVehicle↦6.283219278202523E-08),(Vehicles2↦-6.283220166380943E-08),(Vehicles3↦-6.283220166380943E-08),(Vehicles4↦-6.283220166380943E-08),(Vehicles5↦-6.283220166380943E-08)}",
        "VehiclesX": "{(EgoVehicle↦200.0),(Vehicles2↦9.847808629274368),(Vehicles3↦21.480804681777954),(Vehicles4↦47.16805815696716),(Vehicles5↦69.8695719242096)}"
      },
      "probabilisticVariables": null,
      "activating": [
        "LANE_RIGHT_25"
      ],
      "activatingOnlyWhenExecuted": true,
      "updating": null,
      "withPredicate": null
    },
    {
      "id": "LANE_RIGHT_25",
      "execute": "LANE_RIGHT",
      "after": "1000",
      "priority": 0,
      "additionalGuards": null,
      "activationKind": null,
      "fixedVariables": {
        "Crash": "FALSE",
        "VehiclesAy": "{(EgoVehicle↦-5.892278664987316E-08),(Vehicles2↦5.892279553165736E-08),(Vehicles3↦5.892279553165736E-08),(Vehicles4↦5.892279553165736E-08),(Vehicles5↦-6.67416077959615E-08)}",
        "Reward": "0.7333333333333334",
        "VehiclesAx": "{(EgoVehicle↦0.0),(Vehicles2↦0.03039153292775154),(Vehicles3↦0.07498204708099365),(Vehicles4↦-0.0038899481296539307),(Vehicles5↦-0.006039924919605255)}",
        "VehiclesVx": "{(EgoVehicle↦20.0),(Vehicles2↦-0.2232024446129799),(Vehicles3↦-0.9876905381679535),(Vehicles4↦1.2495554983615875),(Vehicles5↦0.16549857333302498)}",
        "VehiclesY": "{(EgoVehicle↦8.000000238418579),(Vehicles2↦-4.0000001192092896),(Vehicles3↦1.3460086378813685E-09),(Vehicles4↦-8.000000238418579),(Vehicles5↦-4.0000001192092896)}",
        "VehiclesVy": "{(EgoVehicle↦3.909406132152071E-09),(Vehicles2↦-3.909406132152071E-09),(Vehicles3↦-3.909406132152071E-09),(Vehicles4↦-3.909406132152071E-09),(Vehicles5↦-3.909406132152071E-09)}",
        "VehiclesX": "{(EgoVehicle↦200.0),(Vehicles2↦9.606647491455078),(Vehicles3↦20.44859677553177),(Vehicles4↦48.419955372810364),(Vehicles5↦70.03870010375977)}"
      },
      "probabilisticVariables": null,
      "activating": [
        "LANE_RIGHT_26"
      ],
      "activatingOnlyWhenExecuted": true,
      "updating": null,
      "withPredicate": null
    },
    {
      "id": "LANE_RIGHT_26",
      "execute": "LANE_RIGHT",
      "after": "1000",
      "priority": 0,
      "additionalGuards": null,
      "activationKind": null,
      "fixedVariables": {
        "Crash": "FALSE",
        "VehiclesAy": "{(EgoVehicle↦-3.666151826564601E-09),(Vehicles2↦3.666160708348798E-09),(Vehicles3↦3.666160708348798E-09),(Vehicles4↦3.666160708348798E-09),(Vehicles5↦-4.1526515559553445E-09)}",
        "Reward": "0.7333333333333334",
        "VehiclesAx": "{(EgoVehicle↦0.0),(Vehicles2↦0.027158893644809723),(Vehicles3↦0.06944388151168823),(Vehicles4↦-0.003985688090324402),(Vehicles5↦-0.6933342479169369)}",
        "VehiclesVx": "{(EgoVehicle↦20.0),(Vehicles2↦-0.19604355096817017),(Vehicles3↦-0.9182466566562653),(Vehicles4↦1.2455698102712631),(Vehicles5↦-0.5278356745839119)}",
        "VehiclesY": "{(EgoVehicle↦8.000000238418579),(Vehicles2↦-4.0000001192092896),(Vehicles3↦8.374900772878391E-11),(Vehicles4↦-8.000000238418579),(Vehicles5↦8.374900772878391E-11)}",
        "VehiclesVy": "{(EgoVehicle↦2.432543055874703E-10),(Vehicles2↦-2.432454238032733E-10),(Vehicles3↦-2.432454238032733E-10),(Vehicles4↦-2.432454238032733E-10),(Vehicles5↦-2.432454238032733E-10)}",
        "VehiclesX": "{(EgoVehicle↦200.0),(Vehicles2↦9.394550323486328),(Vehicles3↦19.489099085330963),(Vehicles4↦49.667924642562866),(Vehicles5↦69.97331976890564)}"
      },
      "probabilisticVariables": null,
      "activating": [
        "LANE_RIGHT_27"
      ],
      "activatingOnlyWhenExecuted": true,
      "updating": null,
      "withPredicate": null
    },
    {
      "id": "LANE_RIGHT_27",
      "execute": "LANE_RIGHT",
      "after": "1000",
      "priority": 0,
      "additionalGuards": null,
      "activationKind": null,
      "fixedVariables": {
        "Crash": "FALSE",
        "VehiclesAy": "{(EgoVehicle↦-2.2811974531578016E-10),(Vehicles2↦2.2811086353158316E-10),(Vehicles3↦2.2811086353158316E-10),(Vehicles4↦2.2811086353158316E-10),(Vehicles5↦-2.5837998407496343E-10)}",
        "Reward": "0.7333333333333334",
        "VehiclesAx": "{(EgoVehicle↦0.0),(Vehicles2↦0.024327952414751053),(Vehicles3↦0.06455793976783752),(Vehicles4↦-0.0040800124406814575),(Vehicles5↦0.047164782881736755)}",
        "VehiclesVx": "{(EgoVehicle↦20.0),(Vehicles2↦-0.1717155985534191),(Vehicles3↦-0.8536887168884277),(Vehicles4↦1.2414897978305817),(Vehicles5↦-0.48067089170217514)}",
        "VehiclesY": "{(EgoVehicle↦8.000000238418579),(Vehicles2↦-4.0000001192092896),(Vehicles3↦5.2091664315412345E-12),(Vehicles4↦-8.000000238418579),(Vehicles5↦5.2091664315412345E-12)}",
        "VehiclesVy": "{(EgoVehicle↦1.5134560271690134E-11),(Vehicles2↦-1.5134560271690134E-11),(Vehicles3↦-1.5134560271690134E-11),(Vehicles4↦-1.5134560271690134E-11),(Vehicles5↦-1.5134560271690134E-11)}",
        "VehiclesX": "{(EgoVehicle↦200.0),(Vehicles2↦9.208449721336365),(Vehicles3↦18.597044050693512),(Vehicles4↦50.91186761856079),(Vehicles5↦69.46460008621216)}"
      },
      "probabilisticVariables": null,
      "activating": [
        "LANE_RIGHT_28"
      ],
      "activatingOnlyWhenExecuted": true,
      "updating": null,
      "withPredicate": null
    },
    {
      "id": "LANE_RIGHT_28",
      "execute": "LANE_RIGHT",
      "after": "1000",
      "priority": 0,
      "additionalGuards": null,
      "activationKind": null,
      "fixedVariables": {
        "Crash": "FALSE",
        "VehiclesAy": "{(EgoVehicle↦-1.4193091146808001E-11),(Vehicles2↦1.4193091146808001E-11),(Vehicles3↦1.4193091146808001E-11),(Vehicles4↦1.4193091146808001E-11),(Vehicles5↦-1.6076029396572267E-11)}",
        "Reward": "0.7333333333333334",
        "VehiclesAx": "{(EgoVehicle↦0.0),(Vehicles2↦0.021838899701833725),(Vehicles3↦0.06022244691848755),(Vehicles4↦-0.004172921180725098),(Vehicles5↦0.044161006808280945)}",
        "VehiclesVx": "{(EgoVehicle↦20.0),(Vehicles2↦-0.1498766988515854),(Vehicles3↦-0.7934662699699402),(Vehicles4↦1.2373168766498566),(Vehicles5↦-0.4365098848938942)}",
        "VehiclesY": "{(EgoVehicle↦8.000000238418579),(Vehicles2↦-4.0000001192092896),(Vehicles3↦3.2507330161024584E-13),(Vehicles4↦-8.000000238418579),(Vehicles5↦3.2507330161024584E-13)}",
        "VehiclesVy": "{(EgoVehicle↦9.414691248821327E-13),(Vehicles2↦-9.414691248821327E-13),(Vehicles3↦-9.414691248821327E-13),(Vehicles4↦-9.414691248821327E-13),(Vehicles5↦-9.414691248821327E-13)}",
        "VehiclesX": "{(EgoVehicle↦200.0),(Vehicles2↦9.045656770467758),(Vehicles3↦17.76777058839798),(Vehicles4↦52.151697874069214),(Vehicles5↦69.00182366371155)}"
      },
      "probabilisticVariables": null,
      "activating": [
        "LANE_RIGHT_29"
      ],
      "activatingOnlyWhenExecuted": true,
      "updating": null,
      "withPredicate": null
    },
    {
      "id": "LANE_RIGHT_29",
      "execute": "LANE_RIGHT",
      "after": "1000",
      "priority": 0,
      "additionalGuards": null,
      "activationKind": null,
      "fixedVariables": {
        "Crash": "FALSE",
        "VehiclesAy": "{(EgoVehicle↦-8.881784197001252E-13),(Vehicles2↦8.881784197001252E-13),(Vehicles3↦8.881784197001252E-13),(Vehicles4↦8.881784197001252E-13),(Vehicles5↦-9.947598300641403E-13)}",
        "Reward": "0.7333333333333334",
        "VehiclesAx": "{(EgoVehicle↦0.0),(Vehicles2↦0.01964367926120758),(Vehicles3↦0.05635477602481842),(Vehicles4↦-0.004264563322067261),(Vehicles5↦0.04148360341787338)}",
        "VehiclesVx": "{(EgoVehicle↦20.0),(Vehicles2↦-0.1302330195903778),(Vehicles3↦-0.7371114939451218),(Vehicles4↦1.2330523133277893),(Vehicles5↦-0.3950262814760208)}",
        "VehiclesY": "{(EgoVehicle↦8.000000238418579),(Vehicles2↦-4.0000001192092896),(Vehicles3↦2.1316282072803006E-14),(Vehicles4↦-8.000000238418579),(Vehicles5↦2.1316282072803006E-14)}",
        "VehiclesVy": "{(EgoVehicle↦5.3290705182007514E-14),(Vehicles2↦-5.3290705182007514E-14),(Vehicles3↦-5.3290705182007514E-14),(Vehicles4↦-5.3290705182007514E-14),(Vehicles5↦-5.3290705182007514E-14)}",
        "VehiclesX": "{(EgoVehicle↦200.0),(Vehicles2↦8.903802186250687),(Vehicles3↦16.997139155864716),(Vehicles4↦53.38731408119202),(Vehicles5↦68.58211159706116)}"
      },
      "probabilisticVariables": null,
      "activating": [
        "LANE_RIGHT_30"
      ],
      "activatingOnlyWhenExecuted": true,
      "updating": null,
      "withPredicate": null
    },
    {
      "id": "LANE_RIGHT_30",
      "execute": "LANE_RIGHT",
      "after": "1000",
      "priority": 0,
      "additionalGuards": null,
      "activationKind": null,
      "fixedVariables": {
        "Crash": "FALSE",
        "VehiclesAy": "{(EgoVehicle↦-5.3290705182007514E-14),(Vehicles2↦3.552713678800501E-14),(Vehicles3↦5.3290705182007514E-14),(Vehicles4↦5.3290705182007514E-14),(Vehicles5↦-5.3290705182007514E-14)}",
        "Reward": "0.7333333333333334",
        "VehiclesAx": "{(EgoVehicle↦0.0),(Vehicles2↦0.0177032221108675),(Vehicles3↦0.05288802087306976),(Vehicles4↦-0.00435464084148407),(Vehicles5↦0.03908857703208923)}",
        "VehiclesVx": "{(EgoVehicle↦20.0),(Vehicles2↦-0.11252979747951031),(Vehicles3↦-0.684223473072052),(Vehicles4↦1.2286976724863052),(Vehicles5↦-0.3559377044439316)}",
        "VehiclesY": "{(EgoVehicle↦8.000000238418579),(Vehicles2↦-4.0000001192092896),(Vehicles3↦0.0),(Vehicles4↦-8.000000238418579),(Vehicles5↦0.0)}",
        "VehiclesVy": "{(EgoVehicle↦0.0),(Vehicles2↦-1.7763568394002505E-14),(Vehicles3↦0.0),(Vehicles4↦0.0),(Vehicles5↦0.0)}",
        "VehiclesX": "{(EgoVehicle↦200.0),(Vehicles2↦8.780796825885773),(Vehicles3↦16.28144532442093),(Vehicles4↦54.618632793426514),(Vehicles5↦68.20290088653564)}"
      },
      "probabilisticVariables": null,
      "activating": [
        "LANE_RIGHT_31"
      ],
      "activatingOnlyWhenExecuted": true,
      "updating": null,
      "withPredicate": null
    },
    {
      "id": "LANE_RIGHT_31",
      "execute": "LANE_RIGHT",
      "after": "1000",
      "priority": 0,
      "additionalGuards": null,
      "activationKind": null,
      "fixedVariables": {
        "Crash": "FALSE",
        "VehiclesAy": "{(EgoVehicle↦0.0),(Vehicles2↦1.7763568394002505E-14),(Vehicles3↦0.0),(Vehicles4↦0.0),(Vehicles5↦0.0)}",
        "Reward": "0.7333333333333334",
        "VehiclesAx": "{(EgoVehicle↦0.0),(Vehicles2↦0.015985332429409027),(Vehicles3↦0.04976712167263031),(Vehicles4↦-0.004443228244781494),(Vehicles5↦0.03693878650665283)}",
        "VehiclesVx": "{(EgoVehicle↦20.0),(Vehicles2↦-0.09654446505010128),(Vehicles3↦-0.6344563513994217),(Vehicles4↦1.2242544442415237),(Vehicles5↦-0.31899891793727875)}",
        "VehiclesY": "{(EgoVehicle↦8.000000238418579),(Vehicles2↦-4.0000001192092896),(Vehicles3↦0.0),(Vehicles4↦-8.000000238418579),(Vehicles5↦0.0)}",
        "VehiclesVy": "{(EgoVehicle↦0.0),(Vehicles2↦0.0),(Vehicles3↦0.0),(Vehicles4↦0.0),(Vehicles5↦0.0)}",
        "VehiclesX": "{(EgoVehicle↦200.0),(Vehicles2↦8.67478996515274),(Vehicles3↦15.617366135120392),(Vehicles4↦55.845558643341064),(Vehicles5↦67.86190271377563)}"
      },
      "probabilisticVariables": null,
      "activating": [
        "LANE_RIGHT_32"
      ],
      "activatingOnlyWhenExecuted": true,
      "updating": null,
      "withPredicate": null
    },
    {
      "id": "LANE_RIGHT_32",
      "execute": "LANE_RIGHT",
      "after": "1000",
      "priority": 0,
      "additionalGuards": null,
      "activationKind": null,
      "fixedVariables": {
        "Crash": "FALSE",
        "VehiclesAy": "{(EgoVehicle↦0.0),(Vehicles2↦0.0),(Vehicles3↦0.0),(Vehicles4↦0.0),(Vehicles5↦0.0)}",
        "Reward": "0.7333333333333334",
        "VehiclesAx": "{(EgoVehicle↦0.0),(Vehicles2↦0.014463160187005997),(Vehicles3↦0.04694700241088867),(Vehicles4↦-0.0045302510261535645),(Vehicles5↦0.03500297665596008)}",
        "VehiclesVx": "{(EgoVehicle↦20.0),(Vehicles2↦-0.08208130486309528),(Vehicles3↦-0.587509348988533),(Vehicles4↦1.2197241932153702),(Vehicles5↦-0.28399594128131866)}",
        "VehiclesY": "{(EgoVehicle↦8.000000238418579),(Vehicles2↦-4.0000001192092896),(Vehicles3↦0.0),(Vehicles4↦-8.000000238418579),(Vehicles5↦0.0)}",
        "VehiclesVy": "{(EgoVehicle↦0.0),(Vehicles2↦0.0),(Vehicles3↦0.0),(Vehicles4↦0.0),(Vehicles5↦0.0)}",
        "VehiclesX": "{(EgoVehicle↦200.0),(Vehicles2↦8.584145456552505),(Vehicles3↦15.001903474330902),(Vehicles4↦57.06800818443298),(Vehicles5↦67.55704879760742)}"
      },
      "probabilisticVariables": null,
      "activating": [
        "LANE_RIGHT_33"
      ],
      "activatingOnlyWhenExecuted": true,
      "updating": null,
      "withPredicate": null
    },
    {
      "id": "LANE_RIGHT_33",
      "execute": "LANE_RIGHT",
      "after": "1000",
      "priority": 0,
      "additionalGuards": null,
      "activationKind": null,
      "fixedVariables": {
        "Crash": "FALSE",
        "VehiclesAy": "{(EgoVehicle↦0.0),(Vehicles2↦0.0),(Vehicles3↦0.0),(Vehicles4↦0.0),(Vehicles5↦0.0)}",
        "Reward": "0.7333333333333334",
        "VehiclesAx": "{(EgoVehicle↦0.0),(Vehicles2↦0.013114060275256634),(Vehicles3↦0.044389739632606506),(Vehicles4↦-0.004615262150764465),(Vehicles5↦0.03325462341308594)}",
        "VehiclesVx": "{(EgoVehicle↦20.0),(Vehicles2↦-0.06896724458783865),(Vehicles3↦-0.5431196093559265),(Vehicles4↦1.2151089310646057),(Vehicles5↦-0.2507413178682327)}",
        "VehiclesY": "{(EgoVehicle↦8.000000238418579),(Vehicles2↦-4.0000001192092896),(Vehicles3↦0.0),(Vehicles4↦-8.000000238418579),(Vehicles5↦0.0)}",
        "VehiclesVy": "{(EgoVehicle↦0.0),(Vehicles2↦0.0),(Vehicles3↦0.0),(Vehicles4↦0.0),(Vehicles5↦0.0)}",
        "VehiclesX": "{(EgoVehicle↦200.0),(Vehicles2↦8.507411181926727),(Vehicles3↦14.43234384059906),(Vehicles4↦58.28589200973511),(Vehicles5↦67.28648543357849)}"
      },
      "probabilisticVariables": null,
      "activating": [
        "LANE_RIGHT_34"
      ],
      "activatingOnlyWhenExecuted": true,
      "updating": null,
      "withPredicate": null
    },
    {
      "id": "LANE_RIGHT_34",
      "execute": "LANE_RIGHT",
      "after": "1000",
      "priority": 0,
      "additionalGuards": null,
      "activationKind": null,
      "fixedVariables": {
        "Crash": "FALSE",
        "VehiclesAy": "{(EgoVehicle↦0.0),(Vehicles2↦0.0),(Vehicles3↦0.0),(Vehicles4↦0.0),(Vehicles5↦0.0)}",
        "Reward": "0.7333333333333334",
        "VehiclesAx": "{(EgoVehicle↦0.0),(Vehicles2↦0.011918791569769382),(Vehicles3↦0.04206370562314987),(Vehicles4↦-0.0046984851360321045),(Vehicles5↦0.03167096525430679)}",
        "VehiclesVx": "{(EgoVehicle↦20.0),(Vehicles2↦-0.05704845301806927),(Vehicles3↦-0.5010559037327766),(Vehicles4↦1.2104104459285736),(Vehicles5↦-0.21907035261392593)}",
        "VehiclesY": "{(EgoVehicle↦8.000000238418579),(Vehicles2↦-4.0000001192092896),(Vehicles3↦0.0),(Vehicles4↦-8.000000238418579),(Vehicles5↦0.0)}",
        "VehiclesVy": "{(EgoVehicle↦0.0),(Vehicles2↦0.0),(Vehicles3↦0.0),(Vehicles4↦0.0),(Vehicles5↦0.0)}",
        "VehiclesX": "{(EgoVehicle↦200.0),(Vehicles2↦8.443301171064377),(Vehicles3↦13.906227052211761),(Vehicles4↦59.49913263320923),(Vehicles5↦67.04853773117065)}"
      },
      "probabilisticVariables": null,
      "activating": [
        "LANE_RIGHT_35"
      ],
      "activatingOnlyWhenExecuted": true,
      "updating": null,
      "withPredicate": null
    },
    {
      "id": "LANE_RIGHT_35",
      "execute": "LANE_RIGHT",
      "after": "1000",
      "priority": 0,
      "additionalGuards": null,
      "activationKind": null,
      "fixedVariables": {
        "Crash": "FALSE",
        "VehiclesAy": "{(EgoVehicle↦0.0),(Vehicles2↦0.0),(Vehicles3↦0.0),(Vehicles4↦0.0),(Vehicles5↦0.0)}",
        "Reward": "0.7333333333333334",
        "VehiclesAx": "{(EgoVehicle↦0.0),(Vehicles2↦0.010860767215490341),(Vehicles3↦0.03994189202785492),(Vehicles4↦-0.0047794729471206665),(Vehicles5↦0.030232518911361694)}",
        "VehiclesVx": "{(EgoVehicle↦20.0),(Vehicles2↦-0.046187685802578926),(Vehicles3↦-0.4611140117049217),(Vehicles4↦1.205630972981453),(Vehicles5↦-0.18883783370256424)}",
        "VehiclesY": "{(EgoVehicle↦8.000000238418579),(Vehicles2↦-4.0000001192092896),(Vehicles3↦0.0),(Vehicles4↦-8.000000238418579),(Vehicles5↦0.0)}",
        "VehiclesVy": "{(EgoVehicle↦0.0),(Vehicles2↦0.0),(Vehicles3↦0.0),(Vehicles4↦0.0),(Vehicles5↦0.0)}",
        "VehiclesX": "{(EgoVehicle↦200.0),(Vehicles2↦8.390676975250244),(Vehicles3↦13.421310484409332),(Vehicles4↦60.707634687423706),(Vehicles5↦66.8416678905487)}"
      },
      "probabilisticVariables": null,
      "activating": [
        "LANE_RIGHT_36"
      ],
      "activatingOnlyWhenExecuted": true,
      "updating": null,
      "withPredicate": null
    },
    {
      "id": "LANE_RIGHT_36",
      "execute": "LANE_RIGHT",
      "after": "1000",
      "priority": 0,
      "additionalGuards": null,
      "activationKind": null,
      "fixedVariables": {
        "Crash": "FALSE",
        "VehiclesAy": "{(EgoVehicle↦0.0),(Vehicles2↦0.0),(Vehicles3↦0.0),(Vehicles4↦0.0),(Vehicles5↦0.0)}",
        "Reward": "0.7333333333333334",
        "VehiclesAx": "{(EgoVehicle↦0.0),(Vehicles2↦0.009925609920173883),(Vehicles3↦0.03800146281719208),(Vehicles4↦-0.004858151078224182),(Vehicles5↦0.02892250195145607)}",
        "VehiclesVx": "{(EgoVehicle↦20.0),(Vehicles2↦-0.03626207588240504),(Vehicles3↦-0.42311254888772964),(Vehicles4↦1.2007728219032288),(Vehicles5↦-0.15991533175110817)}",
        "VehiclesY": "{(EgoVehicle↦8.000000238418579),(Vehicles2↦-4.0000001192092896),(Vehicles3↦0.0),(Vehicles4↦-8.000000238418579),(Vehicles5↦0.0)}",
        "VehiclesVy": "{(EgoVehicle↦0.0),(Vehicles2↦0.0),(Vehicles3↦0.0),(Vehicles4↦0.0),(Vehicles5↦0.0)}",
        "VehiclesX": "{(EgoVehicle↦200.0),(Vehicles2↦8.348529785871506),(Vehicles3↦12.975545227527618),(Vehicles4↦61.91132664680481),(Vehicles5↦66.66449904441833)}"
      },
      "probabilisticVariables": null,
      "activating": [
        "LANE_RIGHT_37"
      ],
      "activatingOnlyWhenExecuted": true,
      "updating": null,
      "withPredicate": null
    },
    {
      "id": "LANE_RIGHT_37",
      "execute": "LANE_RIGHT",
      "after": "1000",
      "priority": 0,
      "additionalGuards": null,
      "activationKind": null,
      "fixedVariables": {
        "Crash": "FALSE",
        "VehiclesAy": "{(EgoVehicle↦0.0),(Vehicles2↦0.0),(Vehicles3↦0.0),(Vehicles4↦0.0),(Vehicles5↦0.0)}",
        "Reward": "0.7333333333333334",
        "VehiclesAx": "{(EgoVehicle↦0.0),(Vehicles2↦0.009100756142288446),(Vehicles3↦0.03622259944677353),(Vehicles4↦-0.004934445023536682),(Vehicles5↦0.02772628329694271)}",
        "VehiclesVx": "{(EgoVehicle↦20.0),(Vehicles2↦-0.027161319740116596),(Vehicles3↦-0.3868899494409561),(Vehicles4↦1.195838376879692),(Vehicles5↦-0.13218904845416546)}",
        "VehiclesY": "{(EgoVehicle↦8.000000238418579),(Vehicles2↦-4.0000001192092896),(Vehicles3↦0.0),(Vehicles4↦-8.000000238418579),(Vehicles5↦0.0)}",
        "VehiclesVy": "{(EgoVehicle↦0.0),(Vehicles2↦0.0),(Vehicles3↦0.0),(Vehicles4↦0.0),(Vehicles5↦0.0)}",
        "VehiclesX": "{(EgoVehicle↦200.0),(Vehicles2↦8.315970003604889),(Vehicles3↦12.567058205604553),(Vehicles4↦63.11013698577881),(Vehicles5↦66.5157675743103)}"
      },
      "probabilisticVariables": null,
      "activating": [
        "LANE_RIGHT_38"
      ],
      "activatingOnlyWhenExecuted": true,
      "updating": null,
      "withPredicate": null
    },
    {
      "id": "LANE_RIGHT_38",
      "execute": "LANE_RIGHT",
      "after": "1000",
      "priority": 0,
      "additionalGuards": null,
      "activationKind": null,
      "fixedVariables": {
        "Crash": "FALSE",
        "VehiclesAy": "{(EgoVehicle↦0.0),(Vehicles2↦0.0),(Vehicles3↦0.0),(Vehicles4↦0.0),(Vehicles5↦0.0)}",
        "Reward": "0.7333333333333334",
        "VehiclesAx": "{(EgoVehicle↦0.0),(Vehicles2↦0.008375123143196106),(Vehicles3↦0.03458831459283829),(Vehicles4↦-0.005008131265640259),(Vehicles5↦0.02663126215338707)}",
        "VehiclesVx": "{(EgoVehicle↦20.0),(Vehicles2↦-0.01878619659692049),(Vehicles3↦-0.35230163484811783),(Vehicles4↦1.1908302456140518),(Vehicles5↦-0.10555778630077839)}",
        "VehiclesY": "{(EgoVehicle↦8.000000238418579),(Vehicles2↦-4.0000001192092896),(Vehicles3↦0.0),(Vehicles4↦-8.000000238418579),(Vehicles5↦0.0)}",
        "VehiclesVy": "{(EgoVehicle↦0.0),(Vehicles2↦0.0),(Vehicles3↦0.0),(Vehicles4↦0.0),(Vehicles5↦0.0)}",
        "VehiclesX": "{(EgoVehicle↦200.0),(Vehicles2↦8.292213082313538),(Vehicles3↦12.194129079580307),(Vehicles4↦64.30397629737854),(Vehicles5↦66.39431118965149)}"
      },
      "probabilisticVariables": null,
      "activating": [
        "LANE_RIGHT_39"
      ],
      "activatingOnlyWhenExecuted": true,
      "updating": null,
      "withPredicate": null
    },
    {
      "id": "LANE_RIGHT_39",
      "execute": "LANE_RIGHT",
      "after": "1000",
      "priority": 0,
      "additionalGuards": null,
      "activationKind": null,
      "fixedVariables": {
        "Crash": "FALSE",
        "VehiclesAy": "{(EgoVehicle↦0.0),(Vehicles2↦0.0),(Vehicles3↦0.0),(Vehicles4↦0.0),(Vehicles5↦0.0)}",
        "Reward": "0.7333333333333334",
        "VehiclesAx": "{(EgoVehicle↦0.0),(Vehicles2↦0.007738879648968577),(Vehicles3↦0.03308359533548355),(Vehicles4↦-0.005079060792922974),(Vehicles5↦0.02562633715569973)}",
        "VehiclesVx": "{(EgoVehicle↦20.0),(Vehicles2↦-0.011047316947951913),(Vehicles3↦-0.3192180395126343),(Vehicles4↦1.1857511848211288),(Vehicles5↦-0.07993144914507866)}",
        "VehiclesY": "{(EgoVehicle↦8.000000238418579),(Vehicles2↦-4.0000001192092896),(Vehicles3↦0.0),(Vehicles4↦-8.000000238418579),(Vehicles5↦0.0)}",
        "VehiclesVy": "{(EgoVehicle↦0.0),(Vehicles2↦0.0),(Vehicles3↦0.0),(Vehicles4↦0.0),(Vehicles5↦0.0)}",
        "VehiclesX": "{(EgoVehicle↦200.0),(Vehicles2↦8.276569843292236),(Vehicles3↦11.855176836252213),(Vehicles4↦65.49277901649475),(Vehicles5↦66.29908084869385)}"
      },
      "probabilisticVariables": null,
      "activating": [
        "LANE_RIGHT_40"
      ],
      "activatingOnlyWhenExecuted": true,
      "updating": null,
      "withPredicate": null
    },
    {
      "id": "LANE_RIGHT_40",
      "execute": "LANE_RIGHT",
      "after": "1000",
      "priority": 0,
      "additionalGuards": null,
      "activationKind": null,
      "fixedVariables": {
        "Crash": "FALSE",
        "VehiclesAy": "{(EgoVehicle↦0.0),(Vehicles2↦0.0),(Vehicles3↦0.0),(Vehicles4↦0.0),(Vehicles5↦0.0)}",
        "Reward": "0.7333333333333334",
        "VehiclesAx": "{(EgoVehicle↦0.0),(Vehicles2↦0.007183255511336029),(Vehicles3↦0.031695570796728134),(Vehicles4↦-1.2409807834774256),(Vehicles5↦1.2605356238782406)}",
        "VehiclesVx": "{(EgoVehicle↦20.0),(Vehicles2↦-0.0038640614366158843),(Vehicles3↦-0.28752246871590614),(Vehicles4↦-0.05522959865629673),(Vehicles5↦1.180604174733162)}",
        "VehiclesY": "{(EgoVehicle↦8.000000238418579),(Vehicles2↦-4.0000001192092896),(Vehicles3↦0.0),(Vehicles4↦0.0),(Vehicles5↦-8.000000238418579)}",
        "VehiclesVy": "{(EgoVehicle↦0.0),(Vehicles2↦0.0),(Vehicles3↦0.0),(Vehicles4↦0.0),(Vehicles5↦0.0)}",
        "VehiclesX": "{(EgoVehicle↦200.0),(Vehicles2↦8.268436789512634),(Vehicles3↦11.548743396997452),(Vehicles4↦66.22910499572754),(Vehicles5↦66.67647957801819)}"
      },
      "probabilisticVariables": null,
      "activating": [
        "LANE_RIGHT_41"
      ],
      "activatingOnlyWhenExecuted": true,
      "updating": null,
      "withPredicate": null
    },
    {
      "id": "LANE_RIGHT_41",
      "execute": "LANE_RIGHT",
      "after": "1000",
      "priority": 0,
      "additionalGuards": null,
      "activationKind": null,
      "fixedVariables": {
        "Crash": "FALSE",
        "VehiclesAy": "{(EgoVehicle↦0.0),(Vehicles2↦0.0),(Vehicles3↦0.0),(Vehicles4↦0.0),(Vehicles5↦0.0)}",
        "Reward": "0.7333333333333334",
        "VehiclesAx": "{(EgoVehicle↦0.0),(Vehicles2↦0.006700374651700258),(Vehicles3↦0.030412692576646805),(Vehicles4↦0.023849308490753174),(Vehicles5↦-0.005212128162384033)}",
        "VehiclesVx": "{(EgoVehicle↦20.0),(Vehicles2↦0.002836313215084374),(Vehicles3↦-0.25710977613925934),(Vehicles4↦-0.031380290165543556),(Vehicles5↦1.175392046570778)}",
        "VehiclesY": "{(EgoVehicle↦8.000000238418579),(Vehicles2↦-4.0000001192092896),(Vehicles3↦0.0),(Vehicles4↦0.0),(Vehicles5↦-8.000000238418579)}",
        "VehiclesVy": "{(EgoVehicle↦0.0),(Vehicles2↦0.0),(Vehicles3↦0.0),(Vehicles4↦0.0),(Vehicles5↦0.0)}",
        "VehiclesX": "{(EgoVehicle↦200.0),(Vehicles2↦8.267289400100708),(Vehicles3↦11.27348467707634),(Vehicles4↦66.18347764015198),(Vehicles5↦67.85500049591064)}"
      },
      "probabilisticVariables": null,
      "activating": [
        "LANE_RIGHT_42"
      ],
      "activatingOnlyWhenExecuted": true,
      "updating": null,
      "withPredicate": null
    },
    {
      "id": "LANE_RIGHT_42",
      "execute": "LANE_RIGHT",
      "after": "1000",
      "priority": 0,
      "additionalGuards": null,
      "activationKind": null,
      "fixedVariables": {
        "Crash": "FALSE",
        "VehiclesAy": "{(EgoVehicle↦0.0),(Vehicles2↦0.0),(Vehicles3↦0.0),(Vehicles4↦0.0),(Vehicles5↦0.0)}",
        "Reward": "0.7333333333333334",
        "VehiclesAx": "{(EgoVehicle↦0.0),(Vehicles2↦0.006283133407123387),(Vehicles3↦0.029224921017885208),(Vehicles4↦0.023061229730956256),(Vehicles5↦-0.00527404248714447)}",
        "VehiclesVx": "{(EgoVehicle↦20.0),(Vehicles2↦0.00911944662220776),(Vehicles3↦-0.22788485512137413),(Vehicles4↦-0.0083190604345873),(Vehicles5↦1.1701180040836334)}",
        "VehiclesY": "{(EgoVehicle↦8.000000238418579),(Vehicles2↦-4.0000001192092896),(Vehicles3↦0.0),(Vehicles4↦0.0),(Vehicles5↦-8.000000238418579)}",
        "VehiclesVy": "{(EgoVehicle↦0.0),(Vehicles2↦0.0),(Vehicles3↦0.0),(Vehicles4↦0.0),(Vehicles5↦0.0)}",
        "VehiclesX": "{(EgoVehicle↦200.0),(Vehicles2↦8.272669464349747),(Vehicles3↦11.02815642952919),(Vehicles4↦66.16138219833374),(Vehicles5↦69.02828812599182)}"
      },
      "probabilisticVariables": null,
      "activating": [
        "LANE_RIGHT_43"
      ],
      "activatingOnlyWhenExecuted": true,
      "updating": null,
      "withPredicate": null
    },
    {
      "id": "LANE_RIGHT_43",
      "execute": "LANE_RIGHT",
      "after": "1000",
      "priority": 0,
      "additionalGuards": null,
      "activationKind": null,
      "fixedVariables": {
        "Crash": "FALSE",
        "VehiclesAy": "{(EgoVehicle↦0.0),(Vehicles2↦0.0),(Vehicles3↦0.0),(Vehicles4↦0.0),(Vehicles5↦0.0)}",
        "Reward": "0.7333333333333334",
        "VehiclesAx": "{(EgoVehicle↦0.0),(Vehicles2↦0.005925099831074476),(Vehicles3↦0.028123240917921066),(Vehicles4↦0.02233101928140968),(Vehicles5↦-0.005332678556442261)}",
        "VehiclesVx": "{(EgoVehicle↦20.0),(Vehicles2↦0.015044546453282237),(Vehicles3↦-0.19976161420345306),(Vehicles4↦0.014011958846822381),(Vehicles5↦1.1647853255271912)}",
        "VehiclesY": "{(EgoVehicle↦8.000000238418579),(Vehicles2↦-4.0000001192092896),(Vehicles3↦0.0),(Vehicles4↦0.0),(Vehicles5↦-8.000000238418579)}",
        "VehiclesVy": "{(EgoVehicle↦0.0),(Vehicles2↦0.0),(Vehicles3↦0.0),(Vehicles4↦0.0),(Vehicles5↦0.0)}",
        "VehiclesX": "{(EgoVehicle↦200.0),(Vehicles2↦8.284185826778412),(Vehicles3↦10.811606049537659),(Vehicles4↦66.1620557308197),(Vehicles5↦70.19627690315247)}"
      },
      "probabilisticVariables": null,
      "activating": [
        "IDLE_44"
      ],
      "activatingOnlyWhenExecuted": true,
      "updating": null,
      "withPredicate": null
    },
    {
      "id": "IDLE_44",
      "execute": "IDLE",
      "after": "1000",
      "priority": 0,
      "additionalGuards": null,
      "activationKind": null,
      "fixedVariables": {
        "Crash": "FALSE",
        "VehiclesAy": "{(EgoVehicle↦0.0),(Vehicles2↦0.0),(Vehicles3↦0.0),(Vehicles4↦0.0),(Vehicles5↦0.0)}",
        "Reward": "0.7333333333333334",
        "VehiclesAx": "{(EgoVehicle↦0.0),(Vehicles2↦0.00562042579986155),(Vehicles3↦0.027099736034870148),(Vehicles4↦0.0216528435703367),(Vehicles5↦-0.005388036370277405)}",
        "VehiclesVx": "{(EgoVehicle↦20.0),(Vehicles2↦0.020664972253143787),(Vehicles3↦-0.17266187816858292),(Vehicles4↦0.03566480241715908),(Vehicles5↦1.1593972891569138)}",
        "VehiclesY": "{(EgoVehicle↦8.000000238418579),(Vehicles2↦-4.0000001192092896),(Vehicles3↦0.0),(Vehicles4↦0.0),(Vehicles5↦-8.000000238418579)}",
        "VehiclesVy": "{(EgoVehicle↦0.0),(Vehicles2↦0.0),(Vehicles3↦0.0),(Vehicles4↦0.0),(Vehicles5↦0.0)}",
        "VehiclesX": "{(EgoVehicle↦200.0),(Vehicles2↦8.301500976085663),(Vehicles3↦10.622762888669968),(Vehicles4↦66.18477702140808),(Vehicles5↦71.35891318321228)}"
      },
      "probabilisticVariables": null,
      "activating": [
        "LANE_RIGHT_45"
      ],
      "activatingOnlyWhenExecuted": true,
      "updating": null,
      "withPredicate": null
    },
    {
      "id": "LANE_RIGHT_45",
      "execute": "LANE_RIGHT",
      "after": "1000",
      "priority": 0,
      "additionalGuards": null,
      "activationKind": null,
      "fixedVariables": {
        "Crash": "FALSE",
        "VehiclesAy": "{(EgoVehicle↦0.0),(Vehicles2↦0.0),(Vehicles3↦0.0),(Vehicles4↦0.0),(Vehicles5↦0.0)}",
        "Reward": "0.7333333333333334",
        "VehiclesAx": "{(EgoVehicle↦0.0),(Vehicles2↦0.005363782402127981),(Vehicles3↦0.026147281751036644),(Vehicles4↦0.02102153841406107),(Vehicles5↦-1.052852040156722)}",
        "VehiclesVx": "{(EgoVehicle↦20.0),(Vehicles2↦0.02602875465527177),(Vehicles3↦-0.14651459641754627),(Vehicles4↦0.05668634083122015),(Vehicles5↦0.10654524900019169)}",
        "VehiclesY": "{(EgoVehicle↦8.000000238418579),(Vehicles2↦-4.0000001192092896),(Vehicles3↦0.0),(Vehicles4↦0.0),(Vehicles5↦-4.0000001192092896)}",
        "VehiclesVy": "{(EgoVehicle↦0.0),(Vehicles2↦0.0),(Vehicles3↦0.0),(Vehicles4↦0.0),(Vehicles5↦0.0)}",
        "VehiclesX": "{(EgoVehicle↦200.0),(Vehicles2↦8.324329555034637),(Vehicles3↦10.460633784532547),(Vehicles4↦66.2289023399353),(Vehicles5↦72.50280976295471)}"
      },
      "probabilisticVariables": null,
      "activating": [
        "LANE_RIGHT_46"
      ],
      "activatingOnlyWhenExecuted": true,
      "updating": null,
      "withPredicate": null
    },
    {
      "id": "LANE_RIGHT_46",
      "execute": "LANE_RIGHT",
      "after": "1000",
      "priority": 0,
      "additionalGuards": null,
      "activationKind": null,
      "fixedVariables": {
        "Crash": "FALSE",
        "VehiclesAy": "{(EgoVehicle↦0.0),(Vehicles2↦0.0),(Vehicles3↦0.0),(Vehicles4↦0.0),(Vehicles5↦0.0)}",
        "Reward": "0.7333333333333334",
        "VehiclesAx": "{(EgoVehicle↦0.0),(Vehicles2↦0.005150297656655312),(Vehicles3↦0.025259526446461678),(Vehicles4↦0.020432514138519764),(Vehicles5↦0.0014437269419431686)}",
        "VehiclesVx": "{(EgoVehicle↦20.0),(Vehicles2↦0.03117905231192708),(Vehicles3↦-0.1212550699710846),(Vehicles4↦0.07711885496973991),(Vehicles5↦0.10798897594213486)}",
        "VehiclesY": "{(EgoVehicle↦8.000000238418579),(Vehicles2↦-4.0000001192092896),(Vehicles3↦0.0),(Vehicles4↦0.0),(Vehicles5↦-4.0000001192092896)}",
        "VehiclesVy": "{(EgoVehicle↦0.0),(Vehicles2↦0.0),(Vehicles3↦0.0),(Vehicles4↦0.0),(Vehicles5↦0.0)}",
        "VehiclesX": "{(EgoVehicle↦200.0),(Vehicles2↦8.352433890104294),(Vehicles3↦10.32429113984108),(Vehicles4↦66.29380583763123),(Vehicles5↦72.60989546775818)}"
      },
      "probabilisticVariables": null,
      "activating": [
        "LANE_RIGHT_47"
      ],
      "activatingOnlyWhenExecuted": true,
      "updating": null,
      "withPredicate": null
    },
    {
      "id": "LANE_RIGHT_47",
      "execute": "LANE_RIGHT",
      "after": "1000",
      "priority": 0,
      "additionalGuards": null,
      "activationKind": null,
      "fixedVariables": {
        "Crash": "FALSE",
        "VehiclesAy": "{(EgoVehicle↦0.0),(Vehicles2↦0.0),(Vehicles3↦0.0),(Vehicles4↦0.0),(Vehicles5↦0.0)}",
        "Reward": "0.7333333333333334",
        "VehiclesAx": "{(EgoVehicle↦0.0),(Vehicles2↦0.004975516349077225),(Vehicles3↦0.0244307704269886),(Vehicles4↦0.019881688058376312),(Vehicles5↦0.001835087314248085)}",
        "VehiclesVx": "{(EgoVehicle↦20.0),(Vehicles2↦0.036154568661004305),(Vehicles3↦-0.09682429954409599),(Vehicles4↦0.09700054302811623),(Vehicles5↦0.10982406325638294)}",
        "VehiclesY": "{(EgoVehicle↦8.000000238418579),(Vehicles2↦-4.0000001192092896),(Vehicles3↦0.0),(Vehicles4↦0.0),(Vehicles5↦-4.0000001192092896)}",
        "VehiclesVy": "{(EgoVehicle↦0.0),(Vehicles2↦0.0),(Vehicles3↦0.0),(Vehicles4↦0.0),(Vehicles5↦0.0)}",
        "VehiclesX": "{(EgoVehicle↦200.0),(Vehicles2↦8.385615795850754),(Vehicles3↦10.212872922420502),(Vehicles4↦66.37892127037048),(Vehicles5↦72.71859049797058)}"
      },
      "probabilisticVariables": null,
      "activating": [
        "LANE_RIGHT_48"
      ],
      "activatingOnlyWhenExecuted": true,
      "updating": null,
      "withPredicate": null
    },
    {
      "id": "LANE_RIGHT_48",
      "execute": "LANE_RIGHT",
      "after": "1000",
      "priority": 0,
      "additionalGuards": null,
      "activationKind": null,
      "fixedVariables": {
        "Crash": "FALSE",
        "VehiclesAy": "{(EgoVehicle↦0.0),(Vehicles2↦-3.329552412033081),(Vehicles3↦0.0),(Vehicles4↦0.0),(Vehicles5↦0.0)}",
        "Reward": "0.7333333333333334",
        "VehiclesAx": "{(EgoVehicle↦0.0),(Vehicles2↦-0.2753901039250195),(Vehicles3↦0.023655900731682777),(Vehicles4↦0.019365455955266953),(Vehicles5↦0.0022111926227808)}",
        "VehiclesVx": "{(EgoVehicle↦20.0),(Vehicles2↦-0.2392355352640152),(Vehicles3↦-0.07316839881241322),(Vehicles4↦0.11636599898338318),(Vehicles5↦0.11203525587916374)}",
        "VehiclesY": "{(EgoVehicle↦8.000000238418579),(Vehicles2↦-6.815360069274902),(Vehicles3↦0.0),(Vehicles4↦0.0),(Vehicles5↦-4.0000001192092896)}",
        "VehiclesVy": "{(EgoVehicle↦0.0),(Vehicles2↦-3.329552412033081),(Vehicles3↦0.0),(Vehicles4↦0.0),(Vehicles5↦0.0)}",
        "VehiclesX": "{(EgoVehicle↦200.0),(Vehicles2↦8.072391152381897),(Vehicles3↦10.125570744276047),(Vehicles4↦66.48370623588562),(Vehicles5↦72.829270362854)}"
      },
      "probabilisticVariables": null,
      "activating": [
        "LANE_RIGHT_49"
      ],
      "activatingOnlyWhenExecuted": true,
      "updating": null,
      "withPredicate": null
    },
    {
      "id": "LANE_RIGHT_49",
      "execute": "LANE_RIGHT",
      "after": "1000",
      "priority": 0,
      "additionalGuards": null,
      "activationKind": null,
      "fixedVariables": {
        "Crash": "FALSE",
        "VehiclesAy": "{(EgoVehicle↦0.0),(Vehicles2↦3.1133409030735493),(Vehicles3↦-6.668180823326111),(Vehicles4↦0.0),(Vehicles5↦0.0)}",
        "Reward": "0.7333333333333334",
        "VehiclesAx": "{(EgoVehicle↦0.0),(Vehicles2↦0.48095259815454483),(Vehicles3↦-1.1244816612452269),(Vehicles4↦0.018880553543567657),(Vehicles5↦0.0025713350623846054)}",
        "VehiclesVx": "{(EgoVehicle↦20.0),(Vehicles2↦0.24171706289052963),(Vehicles3↦-1.19765006005764),(Vehicles4↦0.13524655252695084),(Vehicles5↦0.11460659094154835)}",
        "VehiclesY": "{(EgoVehicle↦8.000000238418579),(Vehicles2↦-7.9260571002960205),(Vehicles3↦-0.8520197868347168),(Vehicles4↦0.0),(Vehicles5↦-4.0000001192092896)}",
        "VehiclesVy": "{(EgoVehicle↦0.0),(Vehicles2↦-0.21621150895953178),(Vehicles3↦-6.668180823326111),(Vehicles4↦0.0),(Vehicles5↦0.0)}",
        "VehiclesX": "{(EgoVehicle↦200.0),(Vehicles2↦8.150813728570938),(Vehicles3↦9.969577193260193),(Vehicles4↦66.60766005516052),(Vehicles5↦72.94230461120605)}"
      },
      "probabilisticVariables": null,
      "activating": [
        "LANE_RIGHT_50"
      ],
      "activatingOnlyWhenExecuted": true,
      "updating": null,
      "withPredicate": null
    },
    {
      "id": "LANE_RIGHT_50",
      "execute": "LANE_RIGHT",
      "after": "1000",
      "priority": 0,
      "additionalGuards": null,
      "activationKind": null,
      "fixedVariables": {
        "Crash": "FALSE",
        "VehiclesAy": "{(EgoVehicle↦0.0),(Vehicles2↦0.2031958440784365),(Vehicles3↦6.005937904119492),(Vehicles4↦0.0),(Vehicles5↦0.0)}",
        "Reward": "0.7333333333333334",
        "VehiclesAx": "{(EgoVehicle↦0.0),(Vehicles2↦0.13493649661540985),(Vehicles3↦1.2985327746719122),(Vehicles4↦0.018424103036522865),(Vehicles5↦0.0029149744659662247)}",
        "VehiclesVx": "{(EgoVehicle↦20.0),(Vehicles2↦0.3766535595059395),(Vehicles3↦0.10088271461427212),(Vehicles4↦0.1536706555634737),(Vehicles5↦0.11752156540751457)}",
        "VehiclesY": "{(EgoVehicle↦8.000000238418579),(Vehicles2↦-7.995559930801392),(Vehicles3↦-3.772685408592224),(Vehicles4↦0.0),(Vehicles5↦-4.0000001192092896)}",
        "VehiclesVy": "{(EgoVehicle↦0.0),(Vehicles2↦-0.01301566488109529),(Vehicles3↦-0.6622429192066193),(Vehicles4↦0.0),(Vehicles5↦0.0)}",
        "VehiclesX": "{(EgoVehicle↦200.0),(Vehicles2↦8.452022075653076),(Vehicles3↦9.64699611067772),(Vehicles4↦66.75031185150146),(Vehicles5↦73.05805087089539)}"
      },
      "probabilisticVariables": null,
      "activating": [
        "LANE_RIGHT_51"
      ],
      "activatingOnlyWhenExecuted": true,
      "updating": null,
      "withPredicate": null
    },
    {
      "id": "LANE_RIGHT_51",
      "execute": "LANE_RIGHT",
      "after": "1000",
      "priority": 0,
      "additionalGuards": null,
      "activationKind": null,
      "fixedVariables": {
        "Crash": "FALSE",
        "VehiclesAy": "{(EgoVehicle↦0.0),(Vehicles2↦0.01224199622811284),(Vehicles3↦0.6218187464401126),(Vehicles4↦0.0),(Vehicles5↦0.0)}",
        "Reward": "0.7333333333333334",
        "VehiclesAx": "{(EgoVehicle↦0.0),(Vehicles2↦0.08537501096725464),(Vehicles3↦0.19199113361537457),(Vehicles4↦0.017993515357375145),(Vehicles5↦0.0032417569309473038)}",
        "VehiclesVx": "{(EgoVehicle↦20.0),(Vehicles2↦0.4620285704731941),(Vehicles3↦0.2928738482296467),(Vehicles4↦0.17166417092084885),(Vehicles5↦0.12076332233846188)}",
        "VehiclesY": "{(EgoVehicle↦8.000000238418579),(Vehicles2↦-7.999736309051514),(Vehicles3↦-3.986189603805542),(Vehicles4↦0.0),(Vehicles5↦-4.0000001192092896)}",
        "VehiclesVy": "{(EgoVehicle↦0.0),(Vehicles2↦-0.000773668652982451),(Vehicles3↦-0.04042417276650667),(Vehicles4↦0.0),(Vehicles5↦0.0)}",
        "VehiclesX": "{(EgoVehicle↦200.0),(Vehicles2↦8.865712583065033),(Vehicles3↦9.838244318962097),(Vehicles4↦66.91121459007263),(Vehicles5↦73.17684292793274)}"
      },
      "probabilisticVariables": null,
      "activating": [
        "LANE_RIGHT_52"
      ],
      "activatingOnlyWhenExecuted": true,
      "updating": null,
      "withPredicate": null
    },
    {
      "id": "LANE_RIGHT_52",
      "execute": "LANE_RIGHT",
      "after": "1000",
      "priority": 0,
      "additionalGuards": null,
      "activationKind": null,
      "fixedVariables": {
        "Crash": "FALSE",
        "VehiclesAy": "{(EgoVehicle↦0.0),(Vehicles2↦0.000728046657059167),(Vehicles3↦0.03800156366196461),(Vehicles4↦0.0),(Vehicles5↦0.0)}",
        "Reward": "0.7333333333333334",
        "VehiclesAx": "{(EgoVehicle↦0.0),(Vehicles2↦0.05752909928560257),(Vehicles3↦0.09403469040989876),(Vehicles4↦0.017586499452590942),(Vehicles5↦0.003551468253135681)}",
        "VehiclesVx": "{(EgoVehicle↦20.0),(Vehicles2↦0.5195576697587967),(Vehicles3↦0.38690853863954544),(Vehicles4↦0.1892506703734398),(Vehicles5↦0.12431479059159756)}",
        "VehiclesY": "{(EgoVehicle↦8.000000238418579),(Vehicles2↦-7.999984502792358),(Vehicles3↦-3.999173641204834),(Vehicles4↦0.0),(Vehicles5↦-4.0000001192092896)}",
        "VehiclesVy": "{(EgoVehicle↦0.0),(Vehicles2↦-4.5621995923283976E-05),(Vehicles3↦-0.0024226091045420617),(Vehicles4↦0.0),(Vehicles5↦0.0)}",
        "VehiclesX": "{(EgoVehicle↦200.0),(Vehicles2↦9.352413564920425),(Vehicles3↦10.174062848091125),(Vehicles4↦67.08994507789612),(Vehicles5↦73.2990026473999)}"
      },
      "probabilisticVariables": null,
      "activating": [
        "SLOWER_53"
      ],
      "activatingOnlyWhenExecuted": true,
      "updating": null,
      "withPredicate": null
    },
    {
      "id": "SLOWER_53",
      "execute": "SLOWER",
      "after": "1000",
      "priority": 0,
      "additionalGuards": null,
      "activationKind": null,
      "fixedVariables": {
        "Crash": "FALSE",
        "VehiclesAy": "{(EgoVehicle↦0.0),(Vehicles2↦4.294663028758805E-05),(Vehicles3↦0.002278531392221339),(Vehicles4↦0.0),(Vehicles5↦0.0)}",
        "Reward": "0.7333333333333334",
        "VehiclesAx": "{(EgoVehicle↦0.0),(Vehicles2↦0.041404254734516144),(Vehicles3↦0.04259757697582245),(Vehicles4↦0.01720096915960312),(Vehicles5↦0.0038440432399511337)}",
        "VehiclesVx": "{(EgoVehicle↦20.0),(Vehicles2↦0.5609619244933128),(Vehicles3↦0.4295061156153679),(Vehicles4↦0.2064516395330429),(Vehicles5↦0.1281588338315487)}",
        "VehiclesY": "{(EgoVehicle↦8.000000238418579),(Vehicles2↦-7.9999988079071045),(Vehicles3↦-3.9999507665634155),(Vehicles4↦0.0),(Vehicles5↦-4.0000001192092896)}",
        "VehiclesVy": "{(EgoVehicle↦0.0),(Vehicles2↦-2.6753656356959254E-06),(Vehicles3↦-0.00014407771232072264),(Vehicles4↦0.0),(Vehicles5↦0.0)}",
        "VehiclesX": "{(EgoVehicle↦200.0),(Vehicles2↦9.889504313468933),(Vehicles3↦10.581068694591522),(Vehicles4↦67.2861099243164),(Vehicles5↦73.42483401298523)}"
      },
      "probabilisticVariables": null,
      "activating": [
        "SLOWER_54"
      ],
      "activatingOnlyWhenExecuted": true,
      "updating": null,
      "withPredicate": null
    },
    {
      "id": "SLOWER_54",
      "execute": "SLOWER",
      "after": "1000",
      "priority": 0,
      "additionalGuards": null,
      "activationKind": null,
      "fixedVariables": {
        "Crash": "FALSE",
        "VehiclesAy": "{(EgoVehicle↦0.0),(Vehicles2↦2.5191225105913873E-06),(Vehicles3↦0.00013553585915815347),(Vehicles4↦0.0),(Vehicles5↦0.0)}",
        "Reward": "0.7333333333333334",
        "VehiclesAx": "{(EgoVehicle↦0.0),(Vehicles2↦0.031852759420871735),(Vehicles3↦0.013401247560977936),(Vehicles4↦0.016835052520036697),(Vehicles5↦0.004119556397199631)}",
        "VehiclesVx": "{(EgoVehicle↦20.0),(Vehicles2↦0.5928146839141846),(Vehicles3↦0.4429073631763458),(Vehicles4↦0.2232866920530796),(Vehicles5↦0.13227839022874832)}",
        "VehiclesY": "{(EgoVehicle↦8.000000238418579),(Vehicles2↦-8.000000238418579),(Vehicles3↦-3.9999972581863403),(Vehicles4↦0.0),(Vehicles5↦-4.0000001192092896)}",
        "VehiclesVy": "{(EgoVehicle↦0.0),(Vehicles2↦-1.562431251045382E-07),(Vehicles3↦-8.541853162569168E-06),(Vehicles4↦0.0),(Vehicles5↦0.0)}",
        "VehiclesX": "{(EgoVehicle↦200.0),(Vehicles2↦10.463793575763702),(Vehicles3↦11.017642170190811),(Vehicles4↦67.49932169914246),(Vehicles5↦73.55461716651917)}"
      },
      "probabilisticVariables": null,
      "activating": [
        "SLOWER_55"
      ],
      "activatingOnlyWhenExecuted": true,
      "updating": null,
      "withPredicate": null
    },
    {
      "id": "SLOWER_55",
      "execute": "SLOWER",
      "after": "1000",
      "priority": 0,
      "additionalGuards": null,
      "activationKind": null,
      "fixedVariables": {
        "Crash": "FALSE",
        "VehiclesAy": "{(EgoVehicle↦0.0),(Vehicles2↦1.4714816032324052E-07),(Vehicles3↦8.035736271949645E-06),(Vehicles4↦0.0),(Vehicles5↦0.0)}",
        "Reward": "0.7333333333333334",
        "VehiclesAx": "{(EgoVehicle↦0.0),(Vehicles2↦0.025978200137615204),(Vehicles3↦-0.002635940909385681),(Vehicles4↦0.016487091779708862),(Vehicles5↦0.004378119483590126)}",
        "VehiclesVx": "{(EgoVehicle↦20.0),(Vehicles2↦0.6187928840517998),(Vehicles3↦0.44027142226696014),(Vehicles4↦0.23977378383278847),(Vehicles5↦0.13665650971233845)}",
        "VehiclesY": "{(EgoVehicle↦8.000000238418579),(Vehicles2↦-8.000000238418579),(Vehicles3↦-3.999999761581421),(Vehicles4↦0.0),(Vehicles5↦-4.0000001192092896)}",
        "VehiclesVy": "{(EgoVehicle↦0.0),(Vehicles2↦-9.094964781297676E-09),(Vehicles3↦-5.061168906195235E-07),(Vehicles4↦0.0),(Vehicles5↦0.0)}",
        "VehiclesX": "{(EgoVehicle↦200.0),(Vehicles2↦11.06736958026886),(Vehicles3↦11.460410803556442),(Vehicles4↦67.72922873497009),(Vehicles5↦73.68862628936768)}"
      },
      "probabilisticVariables": null,
      "activating": [
        "FASTER_56"
      ],
      "activatingOnlyWhenExecuted": true,
      "updating": null,
      "withPredicate": null
    },
    {
      "id": "FASTER_56",
      "execute": "FASTER",
      "after": "1000",
      "priority": 0,
      "additionalGuards": null,
      "activationKind": null,
      "fixedVariables": {
        "Crash": "FALSE",
        "VehiclesAy": "{(EgoVehicle↦0.0),(Vehicles2↦8.566987119706937E-09),(Vehicles3↦4.761054128721298E-07),(Vehicles4↦0.0),(Vehicles5↦0.0)}",
        "Reward": "0.8491083676268861",
        "VehiclesAx": "{(EgoVehicle↦4.341564178466797),(Vehicles2↦-4.3193937465548515),(Vehicles3↦-4.352579638361931),(Vehicles4↦-4.325408134609461),(Vehicles5↦-4.336943672969937)}",
        "VehiclesVx": "{(EgoVehicle↦24.341564178466797),(Vehicles2↦-3.7006008625030518),(Vehicles3↦-3.9123082160949707),(Vehicles4↦-4.085634350776672),(Vehicles5↦-4.200287163257599)}",
        "VehiclesY": "{(EgoVehicle↦8.000000238418579),(Vehicles2↦-8.000000238418579),(Vehicles3↦-4.0000001192092896),(Vehicles4↦2.6645352591003757E-15),(Vehicles5↦-4.0000001192092896)}",
        "VehiclesVy": "{(EgoVehicle↦0.0),(Vehicles2↦-5.279776615907394E-10),(Vehicles3↦-3.0011477747393656E-08),(Vehicles4↦0.0),(Vehicles5↦0.0)}",
        "VehiclesX": "{(EgoVehicle↦200.0),(Vehicles2↦9.300217032432556),(Vehicles3↦9.50167253613472),(Vehicles4↦65.58042764663696),(Vehicles5↦71.43205404281616)}"
      },
      "probabilisticVariables": null,
      "activating": [
        "LANE_RIGHT_57"
      ],
      "activatingOnlyWhenExecuted": true,
      "updating": null,
      "withPredicate": null
    },
    {
      "id": "LANE_RIGHT_57",
      "execute": "LANE_RIGHT",
      "after": "1000",
      "priority": 0,
      "additionalGuards": null,
      "activationKind": null,
      "fixedVariables": {
        "Crash": "FALSE",
        "VehiclesAy": "{(EgoVehicle↦0.0),(Vehicles2↦-1.2542322735953348E-09),(Vehicles3↦2.998089776440338E-08),(Vehicles4↦0.0),(Vehicles5↦0.0)}",
        "Reward": "0.864354462677889",
        "VehiclesAx": "{(EgoVehicle↦0.5717277526855469),(Vehicles2↦-0.7984313368797302),(Vehicles3↦-0.34048348665237427),(Vehicles4↦-0.5558893084526062),(Vehicles5↦-0.5668830871582031)}",
        "VehiclesVx": "{(EgoVehicle↦24.913291931152344),(Vehicles2↦-4.499032199382782),(Vehicles3↦-4.252791702747345),(Vehicles4↦-4.641523659229279),(Vehicles5↦-4.767170250415802)}",
        "VehiclesY": "{(EgoVehicle↦8.000000238418579),(Vehicles2↦-4.0000001192092896),(Vehicles3↦-8.000000238418579),(Vehicles4↦2.6645352591003757E-15),(Vehicles5↦-4.0000001192092896)}",
        "VehiclesVy": "{(EgoVehicle↦0.0),(Vehicles2↦-1.7822099351860743E-09),(Vehicles3↦-3.057998299027531E-11),(Vehicles4↦0.0),(Vehicles5↦0.0)}",
        "VehiclesX": "{(EgoVehicle↦200.0),(Vehicles2↦5.268165096640587),(Vehicles3↦5.292210355401039),(Vehicles4↦61.18575930595398),(Vehicles5↦66.91828966140747)}"
      },
      "probabilisticVariables": null,
      "activating": [
        "SLOWER_58"
      ],
      "activatingOnlyWhenExecuted": true,
      "updating": null,
      "withPredicate": null
    },
    {
      "id": "SLOWER_58",
      "execute": "SLOWER",
      "after": "1000",
      "priority": 0,
      "additionalGuards": null,
      "activationKind": null,
      "fixedVariables": {
        "Crash": "FALSE",
        "VehiclesAy": "{(EgoVehicle↦0.0),(Vehicles2↦1.6761791954422733E-09),(Vehicles3↦2.8821389719269064E-11),(Vehicles4↦0.0),(Vehicles5↦0.0)}",
        "Reward": "0.7505871446050443",
        "VehiclesAx": "{(EgoVehicle↦-4.2662739753723145),(Vehicles2↦4.249798469245434),(Vehicles3↦4.28386403247714),(Vehicles4↦4.2818111181259155),(Vehicles5↦4.271329529583454)}",
        "VehiclesVx": "{(EgoVehicle↦20.64701795578003),(Vehicles2↦-0.24923373013734818),(Vehicles3↦0.031072329729795456),(Vehicles4↦-0.35971254110336304),(Vehicles5↦-0.49584072083234787)}",
        "VehiclesY": "{(EgoVehicle↦8.000000238418579),(Vehicles2↦-4.0000001192092896),(Vehicles3↦-8.000000238418579),(Vehicles4↦0.0),(Vehicles5↦-4.0000001192092896)}",
        "VehiclesVy": "{(EgoVehicle↦0.0),(Vehicles2↦-1.0603073974380095E-10),(Vehicles3↦-1.758593271006248E-12),(Vehicles4↦0.0),(Vehicles5↦0.0)}",
        "VehiclesX": "{(EgoVehicle↦200.0),(Vehicles2↦3.116120584309101),(Vehicles3↦3.40011864900589),(Vehicles4↦58.903998136520386),(Vehicles5↦64.5066499710083)}"
      },
      "probabilisticVariables": null,
      "activating": [
        "FASTER_59"
      ],
      "activatingOnlyWhenExecuted": true,
      "updating": null,
      "withPredicate": null
    },
    {
      "id": "FASTER_59",
      "execute": "FASTER",
      "after": "1000",
      "priority": 0,
      "additionalGuards": null,
      "activationKind": null,
      "fixedVariables": {
        "Crash": "FALSE",
        "VehiclesAy": "{(EgoVehicle↦0.0),(Vehicles2↦9.972467296393006E-11),(Vehicles3↦1.6608936448392342E-12),(Vehicles4↦0.0),(Vehicles5↦0.0)}",
        "Reward": "0.8513804744610209",
        "VehiclesAx": "{(EgoVehicle↦3.779749870300293),(Vehicles2↦-3.79630696028471),(Vehicles3↦-3.763697873800993),(Vehicles4↦-3.764502704143524),(Vehicles5↦-3.7745006754994392)}",
        "VehiclesVx": "{(EgoVehicle↦24.426767826080322),(Vehicles2↦-4.045540690422058),(Vehicles3↦-3.7326255440711975),(Vehicles4↦-4.124215245246887),(Vehicles5↦-4.270341396331787)}",
        "VehiclesY": "{(EgoVehicle↦8.000000238418579),(Vehicles2↦-4.0000001192092896),(Vehicles3↦-8.000000238418579),(Vehicles4↦2.6645352591003757E-15),(Vehicles5↦-4.0000001192092896)}",
        "VehiclesVy": "{(EgoVehicle↦0.0),(Vehicles2↦-6.306066779870889E-12),(Vehicles3↦-9.769962616701378E-14),(Vehicles4↦0.0),(Vehicles5↦0.0)}",
        "VehiclesX": "{(EgoVehicle↦200.0),(Vehicles2↦0.7751007564365864),(Vehicles3↦1.3525906950235367),(Vehicles4↦56.46527409553528),(Vehicles5↦61.927759647369385)}"
      },
      "probabilisticVariables": null,
      "activating": [
        "SLOWER_60"
      ],
      "activatingOnlyWhenExecuted": true,
      "updating": null,
      "withPredicate": null
    },
    {
      "id": "SLOWER_60",
      "execute": "SLOWER",
      "after": "1000",
      "priority": 0,
      "additionalGuards": null,
      "activationKind": null,
      "fixedVariables": {
        "Crash": "FALSE",
        "VehiclesAy": "{(EgoVehicle↦0.0),(Vehicles2↦6.306066779870889E-12),(Vehicles3↦-2.8421709430404007E-13),(Vehicles4↦0.0),(Vehicles5↦0.0)}",
        "Reward": "0.7488786358686667",
        "VehiclesAx": "{(EgoVehicle↦-3.843820095062256),(Vehicles2↦4.1715076100081205),(Vehicles3↦3.5150302574038506),(Vehicles4↦3.8587880693376064),(Vehicles5↦3.849247023463249)}",
        "VehiclesVx": "{(EgoVehicle↦20.582947731018066),(Vehicles2↦0.12596691958606243),(Vehicles3↦-0.21759528666734695),(Vehicles4↦-0.2654271759092808),(Vehicles5↦-0.4210943728685379)}",
        "VehiclesY": "{(EgoVehicle↦8.000000238418579),(Vehicles2↦-8.000000238418579),(Vehicles3↦-4.0000001192092896),(Vehicles4↦0.0),(Vehicles5↦-4.0000001192092896)}",
        "VehiclesVy": "{(EgoVehicle↦0.0),(Vehicles2↦0.0),(Vehicles3↦-3.8191672047105385E-13),(Vehicles4↦0.0),(Vehicles5↦0.0)}",
        "VehiclesX": "{(EgoVehicle↦200.0),(Vehicles2↦-0.2535544568672776),(Vehicles3↦-1.1563876643776894),(Vehicles4↦54.46754693984985),(Vehicles5↦59.78005528450012)}"
      },
      "probabilisticVariables": null,
      "activating": [
        "LANE_RIGHT_61"
      ],
      "activatingOnlyWhenExecuted": true,
      "updating": null,
      "withPredicate": null
    },
    {
      "id": "LANE_RIGHT_61",
      "execute": "LANE_RIGHT",
      "after": "1000",
      "priority": 0,
      "additionalGuards": null,
      "activationKind": null,
      "fixedVariables": {
        "Crash": "FALSE",
        "VehiclesAy": "{(EgoVehicle↦0.0),(Vehicles2↦0.0),(Vehicles3↦3.552713678800501E-13),(Vehicles4↦0.0),(Vehicles5↦0.0)}",
        "Reward": "0.7353804513626776",
        "VehiclesAx": "{(EgoVehicle↦-0.5061817169189453),(Vehicles2↦0.5198488105088472),(Vehicles3↦0.49139196053147316),(Vehicles4↦0.520884208381176),(Vehicles5↦0.5117745045572519)}",
        "VehiclesVx": "{(EgoVehicle↦20.07676601409912),(Vehicles2↦0.6458157300949097),(Vehicles3↦0.2737966738641262),(Vehicles4↦0.2554570324718952),(Vehicles5↦0.09068013168871403)}",
        "VehiclesY": "{(EgoVehicle↦8.000000238418579),(Vehicles2↦-8.000000238418579),(Vehicles3↦-4.0000001192092896),(Vehicles4↦0.0),(Vehicles5↦-4.0000001192092896)}",
        "VehiclesVy": "{(EgoVehicle↦0.0),(Vehicles2↦0.0),(Vehicles3↦-2.6645352591003757E-14),(Vehicles4↦0.0),(Vehicles5↦0.0)}",
        "VehiclesX": "{(EgoVehicle↦200.0),(Vehicles2↦0.157201976981014),(Vehicles3↦-1.100755762308836),(Vehicles4↦54.48726415634155),(Vehicles5↦59.64042544364929)}"
      },
      "probabilisticVariables": null,
      "activating": null,
      "activatingOnlyWhenExecuted": true,
      "updating": null,
      "withPredicate": null
    }
  ],
  "listeners": [],
  "metadata": {
    "fileType": "Timed_Trace",
    "formatVersion": 3,
    "savedAt": "2023-08-15T12:35:32.490519Z",
    "creator": "Simulation: MONTE_CARLO_SIMULATION; MAX_STEPS_BEFORE_PROPERTY : 0, EXECUTIONS : 1000, ENDING_TIME : 60000",
    "proB2KernelVersion": "4.12.2",
    "proBCliVersion": "1.12.2-final",
    "modelName": "HighwayEnvironment"
  }
}