{
  "variables": {},
  "activations": [
    {
      "id": "$setup_constants",
      "execute": "$setup_constants",
      "after": "0",
      "priority": 0,
      "additionalGuards": null,
      "activationKind": null,
      "fixedVariables": null,
      "probabilisticVariables": null,
      "activating": null,
      "activatingOnlyWhenExecuted": true,
      "updating": null,
      "withPredicate": null
    },
    {
      "id": "$initialise_machine",
      "execute": "$initialise_machine",
      "after": "0",
      "priority": 0,
      "additionalGuards": null,
      "activationKind": null,
      "fixedVariables": {
        "Crash": "FALSE",
        "VehiclesAy": "{(EgoVehicle↦0.0),(Vehicles2↦0.0),(Vehicles3↦0.0),(Vehicles4↦0.0),(Vehicles5↦0.0)}",
        "Reward": "0.0",
        "VehiclesAx": "{(EgoVehicle↦0.0),(Vehicles2↦0.0),(Vehicles3↦0.0),(Vehicles4↦0.0),(Vehicles5↦0.0)}",
        "VehiclesVx": "{(EgoVehicle↦25.0),(Vehicles2↦-1.0255292803049088),(Vehicles3↦-2.588135600090027),(Vehicles4↦-1.0426292568445206),(Vehicles5↦-2.0297303795814514)}",
        "VehiclesY": "{(EgoVehicle↦4.0000001192092896),(Vehicles2↦4.0000001192092896),(Vehicles3↦-4.0000001192092896),(Vehicles4↦0.0),(Vehicles5↦4.0000001192092896)}",
        "VehiclesVy": "{(EgoVehicle↦0.0),(Vehicles2↦0.0),(Vehicles3↦0.0),(Vehicles4↦0.0),(Vehicles5↦0.0)}",
        "VehiclesX": "{(EgoVehicle↦156.08856678009033),(Vehicles2↦22.915613651275635),(Vehicles3↦48.39562475681305),(Vehicles4↦74.14503693580627),(Vehicles5↦99.71441626548767)}"
      },
      "probabilisticVariables": null,
      "activating": [
        "LANE_RIGHT_2"
      ],
      "activatingOnlyWhenExecuted": true,
      "updating": null,
      "withPredicate": null
    },
    {
      "id": "LANE_RIGHT_2",
      "execute": "LANE_RIGHT",
      "after": "1000",
      "priority": 0,
      "additionalGuards": null,
      "activationKind": null,
      "fixedVariables": {
        "Crash": "FALSE",
        "VehiclesAy": "{(EgoVehicle↦1.0796338319778442),(Vehicles2↦-1.0796338319778442),(Vehicles3↦-1.0796338319778442),(Vehicles4↦-1.0796338319778442),(Vehicles5↦-1.0796338319778442)}",
        "Reward": "0.8660447183419508",
        "VehiclesAx": "{(EgoVehicle↦-0.023322105407714844),(Vehicles2↦-0.9827377647161484),(Vehicles3↦-0.6930509209632874),(Vehicles4↦-0.9032333642244339),(Vehicles5↦-1.486136019229889)}",
        "VehiclesVx": "{(EgoVehicle↦24.976677894592285),(Vehicles2↦-2.008267045021057),(Vehicles3↦-3.281186521053314),(Vehicles4↦-1.9458626210689545),(Vehicles5↦-3.5158663988113403)}",
        "VehiclesY": "{(EgoVehicle↦7.6599647998809814),(Vehicles2↦0.3400348797440529),(Vehicles3↦-7.6599647998809814),(Vehicles4↦-3.6599650382995605),(Vehicles5↦0.3400348797440529)}",
        "VehiclesVy": "{(EgoVehicle↦1.0796338319778442),(Vehicles2↦-1.0796338319778442),(Vehicles3↦-1.0796338319778442),(Vehicles4↦-1.0796338319778442),(Vehicles5↦-1.0796338319778442)}",
        "VehiclesX": "{(EgoVehicle↦180.76882362365723),(Vehicles2↦21.767637133598328),(Vehicles3↦45.80282270908356),(Vehicles4↦73.00090789794922),(Vehicles5↦97.38934636116028)}"
      },
      "probabilisticVariables": null,
      "activating": [
        "SLOWER_3"
      ],
      "activatingOnlyWhenExecuted": true,
      "updating": null,
      "withPredicate": null
    },
    {
      "id": "SLOWER_3",
      "execute": "SLOWER",
      "after": "1000",
      "priority": 0,
      "additionalGuards": null,
      "activationKind": null,
      "fixedVariables": {
        "Crash": "FALSE",
        "VehiclesAy": "{(EgoVehicle↦-1.030814554542303),(Vehicles2↦1.030814554542303),(Vehicles3↦1.030814554542303),(Vehicles4↦1.030814554542303),(Vehicles5↦-1.1284531094133854)}",
        "Reward": "0.7508900941313649",
        "VehiclesAx": "{(EgoVehicle↦-4.318299293518066),(Vehicles2↦3.6545658111572266),(Vehicles3↦3.9271429926156998),(Vehicles4↦3.8320480287075043),(Vehicles5↦3.1808747723698616)}",
        "VehiclesVx": "{(EgoVehicle↦20.65837860107422),(Vehicles2↦1.6462987661361694),(Vehicles3↦0.6459564715623856),(Vehicles4↦1.8861854076385498),(Vehicles5↦-0.33499162644147873)}",
        "VehiclesY": "{(EgoVehicle↦7.983102321624756),(Vehicles2↦0.01689769746735692),(Vehicles3↦-7.983102321624756),(Vehicles4↦-3.9831022024154663),(Vehicles5↦0.01689769746735692)}",
        "VehiclesVy": "{(EgoVehicle↦0.04881927743554115),(Vehicles2↦-0.04881927743554115),(Vehicles3↦-0.04881927743554115),(Vehicles4↦-0.04881927743554115),(Vehicles5↦-0.04881927743554115)}",
        "VehiclesX": "{(EgoVehicle↦200.0),(Vehicles2↦21.85090482234955),(Vehicles3↦44.723451137542725),(Vehicles4↦73.21262955665588),(Vehicles5↦95.75743675231934)}"
      },
      "probabilisticVariables": null,
      "activating": [
        "SLOWER_4"
      ],
      "activatingOnlyWhenExecuted": true,
      "updating": null,
      "withPredicate": null
    },
    {
      "id": "SLOWER_4",
      "execute": "SLOWER",
      "after": "1000",
      "priority": 0,
      "additionalGuards": null,
      "activationKind": null,
      "fixedVariables": {
        "Crash": "FALSE",
        "VehiclesAy": "{(EgoVehicle↦-0.045818106445949525),(Vehicles2↦0.045818106445949525),(Vehicles3↦0.045818106445949525),(Vehicles4↦0.045818106445949525),(Vehicles5↦-0.05182044842513278)}",
        "Reward": "0.7356455313433461",
        "VehiclesAx": "{(EgoVehicle↦-0.5716705322265625),(Vehicles2↦0.08355453610420227),(Vehicles3↦0.3393367677927017),(Vehicles4↦0.30255094170570374),(Vehicles5↦-0.17428118735551834)}",
        "VehiclesVx": "{(EgoVehicle↦20.086708068847656),(Vehicles2↦1.7298533022403717),(Vehicles3↦0.9852932393550873),(Vehicles4↦2.1887363493442535),(Vehicles5↦-0.5092728137969971)}",
        "VehiclesY": "{(EgoVehicle↦7.9989659786224365),(Vehicles2↦0.0010342966415919363),(Vehicles3↦-7.9989659786224365),(Vehicles4↦-3.998965859413147),(Vehicles5↦0.0010342966415919363)}",
        "VehiclesVy": "{(EgoVehicle↦0.0030011709895916283),(Vehicles2↦-0.0030011709895916283),(Vehicles3↦-0.0030011709895916283),(Vehicles4↦-0.0030011709895916283),(Vehicles5↦-0.0030011709895916283)}",
        "VehiclesX": "{(EgoVehicle↦200.0),(Vehicles2↦23.60682785511017),(Vehicles3↦45.582759380340576),(Vehicles4↦75.29376149177551),(Vehicles5↦95.4135000705719)}"
      },
      "probabilisticVariables": null,
      "activating": [
        "SLOWER_5"
      ],
      "activatingOnlyWhenExecuted": true,
      "updating": null,
      "withPredicate": null
    },
    {
      "id": "SLOWER_5",
      "execute": "SLOWER",
      "after": "1000",
      "priority": 0,
      "additionalGuards": null,
      "activationKind": null,
      "fixedVariables": {
        "Crash": "FALSE",
        "VehiclesAy": "{(EgoVehicle↦-0.0028146709883003496),(Vehicles2↦0.0028146709883003496),(Vehicles3↦0.0028146709883003496),(Vehicles4↦0.0028146709883003496),(Vehicles5↦-0.003187670990882907)}",
        "Reward": "0.733637821078228",
        "VehiclesAx": "{(EgoVehicle↦-0.07529020309448242),(Vehicles2↦-0.30902981758117676),(Vehicles3↦-0.07087789475917816),(Vehicles4↦-0.06891593337059021),(Vehicles5↦-0.40320947766304016)}",
        "VehiclesVx": "{(EgoVehicle↦20.011417865753174),(Vehicles2↦1.420823484659195),(Vehicles3↦0.9144153445959091),(Vehicles4↦2.1198204159736633),(Vehicles5↦-0.9124822914600372)}",
        "VehiclesY": "{(EgoVehicle↦7.999935865402222),(Vehicles2↦6.422011210815981E-05),(Vehicles3↦-7.999935865402222),(Vehicles4↦-3.999935746192932),(Vehicles5↦6.422011210815981E-05)}",
        "VehiclesVy": "{(EgoVehicle↦0.00018650000129127875),(Vehicles2↦-0.00018650000129127875),(Vehicles3↦-0.00018650000129127875),(Vehicles4↦-0.00018650000129127875),(Vehicles5↦-0.00018650000129127875)}",
        "VehiclesX": "{(EgoVehicle↦200.0),(Vehicles2↦25.218036770820618),(Vehicles3↦46.54605686664581),(Vehicles4↦77.45876908302307),(Vehicles5↦94.73702311515808)}"
      },
      "probabilisticVariables": null,
      "activating": [
        "SLOWER_6"
      ],
      "activatingOnlyWhenExecuted": true,
      "updating": null,
      "withPredicate": null
    },
    {
      "id": "SLOWER_6",
      "execute": "SLOWER",
      "after": "1000",
      "priority": 0,
      "additionalGuards": null,
      "activationKind": null,
      "fixedVariables": {
        "Crash": "FALSE",
        "VehiclesAy": "{(EgoVehicle↦-0.00017489790820945927),(Vehicles2↦0.00017489790820945927),(Vehicles3↦0.00017489790820945927),(Vehicles4↦0.00017489790820945927),(Vehicles5↦-0.00019810209437309823)}",
        "Reward": "0.7333734304878865",
        "VehiclesAx": "{(EgoVehicle↦-0.009913444519042969),(Vehicles2↦-0.30877888202667236),(Vehicles3↦-0.08744627237319946),(Vehicles4↦-0.06022363901138306),(Vehicles5↦-0.2889882028102875)}",
        "VehiclesVx": "{(EgoVehicle↦20.00150442123413),(Vehicles2↦1.1120446026325226),(Vehicles3↦0.8269690722227097),(Vehicles4↦2.0595967769622803),(Vehicles5↦-1.2014704942703247)}",
        "VehiclesY": "{(EgoVehicle↦7.999995946884155),(Vehicles2↦3.994667849838152E-06),(Vehicles3↦-7.999995946884155),(Vehicles4↦-3.9999958276748657),(Vehicles5↦3.994667849838152E-06)}",
        "VehiclesVy": "{(EgoVehicle↦1.1602093081819476E-05),(Vehicles2↦-1.1602093081819476E-05),(Vehicles3↦-1.1602093081819476E-05),(Vehicles4↦-1.1602093081819476E-05),(Vehicles5↦-1.1602093081819476E-05)}",
        "VehiclesX": "{(EgoVehicle↦200.0),(Vehicles2↦26.512634754180908),(Vehicles3↦47.424083948135376),(Vehicles4↦79.55153584480286),(Vehicles5↦93.69873404502869)}"
      },
      "probabilisticVariables": null,
      "activating": [
        "SLOWER_7"
      ],
      "activatingOnlyWhenExecuted": true,
      "updating": null,
      "withPredicate": null
    },
    {
      "id": "SLOWER_7",
      "execute": "SLOWER",
      "after": "1000",
      "priority": 0,
      "additionalGuards": null,
      "activationKind": null,
      "fixedVariables": {
        "Crash": "FALSE",
        "VehiclesAy": "{(EgoVehicle↦-1.0880227989673585E-05),(Vehicles2↦1.0880227989673585E-05),(Vehicles3↦1.0880227989673585E-05),(Vehicles4↦1.0880227989673585E-05),(Vehicles5↦-1.2323958173965366E-05)}",
        "Reward": "0.733338613617072",
        "VehiclesAx": "{(EgoVehicle↦-0.0013065338134765625),(Vehicles2↦-0.27314744889736176),(Vehicles3↦-0.0676967203617096),(Vehicles4↦-0.025697797536849976),(Vehicles5↦-0.17568841576576233)}",
        "VehiclesVx": "{(EgoVehicle↦20.000197887420654),(Vehicles2↦0.8388971537351608),(Vehicles3↦0.7592723518610001),(Vehicles4↦2.0338989794254303),(Vehicles5↦-1.377158910036087)}",
        "VehiclesY": "{(EgoVehicle↦7.999999523162842),(Vehicles2↦2.485387256001559E-07),(Vehicles3↦-7.999999523162842),(Vehicles4↦-3.999999761581421),(Vehicles5↦2.485387256001559E-07)}",
        "VehiclesVy": "{(EgoVehicle↦7.218650921458902E-07),(Vehicles2↦-7.218650921458902E-07),(Vehicles3↦-7.218650921458902E-07),(Vehicles4↦-7.218650921458902E-07),(Vehicles5↦-7.218650921458902E-07)}",
        "VehiclesX": "{(EgoVehicle↦200.0),(Vehicles2↦27.51266360282898),(Vehicles3↦48.222461342811584),(Vehicles4↦81.59849047660828),(Vehicles5↦92.41920113563538)}"
      },
      "probabilisticVariables": null,
      "activating": [
        "SLOWER_8"
      ],
      "activatingOnlyWhenExecuted": true,
      "updating": null,
      "withPredicate": null
    },
    {
      "id": "SLOWER_8",
      "execute": "SLOWER",
      "after": "1000",
      "priority": 0,
      "additionalGuards": null,
      "activationKind": null,
      "fixedVariables": {
        "Crash": "FALSE",
        "VehiclesAy": "{(EgoVehicle↦-6.769508686943482E-07),(Vehicles2↦-5.278359525746907),(Vehicles3↦6.76950859812564E-07),(Vehicles4↦6.76950859812564E-07),(Vehicles5↦-7.667793244792165E-07)}",
        "Reward": "0.73333402867934",
        "VehiclesAx": "{(EgoVehicle↦-0.000171661376953125),(Vehicles2↦-0.9681939519941807),(Vehicles3↦-0.05207337439060211),(Vehicles4↦-0.002572983503341675),(Vehicles5↦-0.09370505809783936)}",
        "VehiclesVx": "{(EgoVehicle↦20.0000262260437),(Vehicles2↦-0.12929679825901985),(Vehicles3↦0.707198977470398),(Vehicles4↦2.0313259959220886),(Vehicles5↦-1.4708639681339264)}",
        "VehiclesY": "{(EgoVehicle↦8.000000238418579),(Vehicles2↦-1.9873631000518799),(Vehicles3↦-8.000000238418579),(Vehicles4↦-4.0000001192092896),(Vehicles5↦1.5463974101237454E-08)}",
        "VehiclesVy": "{(EgoVehicle↦4.491422345154206E-08),(Vehicles2↦-5.2783602476119995),(Vehicles3↦-4.4914232333326254E-08),(Vehicles4↦-4.4914232333326254E-08),(Vehicles5↦-4.4914232333326254E-08)}",
        "VehiclesX": "{(EgoVehicle↦200.0),(Vehicles2↦28.00198495388031),(Vehicles3↦48.95991086959839),(Vehicles4↦83.62998962402344),(Vehicles5↦90.99915027618408)}"
      },
      "probabilisticVariables": null,
      "activating": [
        "FASTER_9"
      ],
      "activatingOnlyWhenExecuted": true,
      "updating": null,
      "withPredicate": null
    },
    {
      "id": "FASTER_9",
      "execute": "FASTER",
      "after": "1000",
      "priority": 0,
      "additionalGuards": null,
      "activationKind": null,
      "fixedVariables": {
        "Crash": "FALSE",
        "VehiclesAy": "{(EgoVehicle↦-4.271614173489979E-08),(Vehicles2↦4.9063466116786),(Vehicles3↦4.271615061668399E-08),(Vehicles4↦4.271615061668399E-08),(Vehicles5↦-4.711231404996852E-08)}",
        "Reward": "0.8491084591950845",
        "VehiclesAx": "{(EgoVehicle↦4.341540336608887),(Vehicles2↦-3.607018869370222),(Vehicles3↦-4.383751451969147),(Vehicles4↦-4.331395626068115),(Vehicles5↦-4.379004091024399)}",
        "VehiclesVx": "{(EgoVehicle↦24.341566562652588),(Vehicles2↦-3.736315667629242),(Vehicles3↦-3.676552474498749),(Vehicles4↦-2.3000696301460266),(Vehicles5↦-5.849868059158325)}",
        "VehiclesY": "{(EgoVehicle↦8.000000238418579),(Vehicles2↦-3.8736544847488403),(Vehicles3↦-8.000000238418579),(Vehicles4↦-4.0000001192092896),(Vehicles5↦6.636371452373169E-10)}",
        "VehiclesVy": "{(EgoVehicle↦2.198081716642264E-09),(Vehicles2↦-0.3720136359333992),(Vehicles3↦-2.198081716642264E-09),(Vehicles4↦-2.198081716642264E-09),(Vehicles5↦-2.198081716642264E-09)}",
        "VehiclesX": "{(EgoVehicle↦200.0),(Vehicles2↦26.018133759498596),(Vehicles3↦47.25456237792969),(Vehicles4↦83.26961398124695),(Vehicles5↦87.11457848548889)}"
      },
      "probabilisticVariables": null,
      "activating": [
        "FASTER_10"
      ],
      "activatingOnlyWhenExecuted": true,
      "updating": null,
      "withPredicate": null
    },
    {
      "id": "FASTER_10",
      "execute": "FASTER",
      "after": "1000",
      "priority": 0,
      "additionalGuards": null,
      "activationKind": null,
      "fixedVariables": {
        "Crash": "FALSE",
        "VehiclesAy": "{(EgoVehicle↦-2.148432542981027E-09),(Vehicles2↦0.35046494100242853),(Vehicles3↦2.148432542981027E-09),(Vehicles4↦2.148432542981027E-09),(Vehicles5↦-2.247730890303501E-09)}",
        "Reward": "0.9801295090298053",
        "VehiclesAx": "{(EgoVehicle↦4.913289546966553),(Vehicles2↦-4.768870174884796),(Vehicles3↦-4.949395954608917),(Vehicles4↦-4.896948039531708),(Vehicles5↦-4.912905693054199)}",
        "VehiclesVx": "{(EgoVehicle↦29.25485610961914),(Vehicles2↦-8.505185842514038),(Vehicles3↦-8.625948429107666),(Vehicles4↦-7.197017669677734),(Vehicles5↦-10.762773752212524)}",
        "VehiclesY": "{(EgoVehicle↦8.000000238418579),(Vehicles2↦-3.992711663246155),(Vehicles3↦-8.000000238418579),(Vehicles4↦-4.0000001192092896),(Vehicles5↦1.1662670829082344E-11)}",
        "VehiclesVy": "{(EgoVehicle↦4.9649173661237E-11),(Vehicles2↦-0.02154869493097067),(Vehicles3↦-4.9649173661237E-11),(Vehicles4↦-4.9649173661237E-11),(Vehicles5↦-4.9649173661237E-11)}",
        "VehiclesX": "{(EgoVehicle↦200.0),(Vehicles2↦19.632305204868317),(Vehicles3↦40.852728486061096),(Vehicles4↦78.26530933380127),(Vehicles5↦78.55196595191956)}"
      },
      "probabilisticVariables": null,
      "activating": [
        "SLOWER_11"
      ],
      "activatingOnlyWhenExecuted": true,
      "updating": null,
      "withPredicate": null
    },
    {
      "id": "SLOWER_11",
      "execute": "SLOWER",
      "after": "1000",
      "priority": 0,
      "additionalGuards": null,
      "activationKind": null,
      "fixedVariables": {
        "Crash": "FALSE",
        "VehiclesAy": "{(EgoVehicle↦-4.924061158817494E-11),(Vehicles2↦0.020321542397141457),(Vehicles3↦4.924061158817494E-11),(Vehicles4↦4.924061158817494E-11),(Vehicles5↦-5.005773573429906E-11)}",
        "Reward": "0.8816082755375327",
        "VehiclesAx": "{(EgoVehicle↦-3.6945462226867676),(Vehicles2↦3.8163208961486816),(Vehicles3↦3.662252426147461),(Vehicles4↦0.15410900115966797),(Vehicles5↦7.279009819030762)}",
        "VehiclesVx": "{(EgoVehicle↦25.560309886932373),(Vehicles2↦-4.6888649463653564),(Vehicles3↦-4.963696002960205),(Vehicles4↦-7.042908668518066),(Vehicles5↦-3.4837639331817627)}",
        "VehiclesY": "{(EgoVehicle↦8.000000238418579),(Vehicles2↦-3.99958598613739),(Vehicles3↦-8.000000238418579),(Vehicles4↦1.092459456231154E-13),(Vehicles5↦-4.0000001192092896)}",
        "VehiclesVy": "{(EgoVehicle↦4.085620730620576E-13),(Vehicles2↦-0.0012271525338292122),(Vehicles3↦-4.085620730620576E-13),(Vehicles4↦-4.085620730620576E-13),(Vehicles5↦-4.085620730620576E-13)}",
        "VehiclesX": "{(EgoVehicle↦200.0),(Vehicles2↦13.215342164039612),(Vehicles3↦34.25174951553345),(Vehicles4↦69.83585953712463),(Vehicles5↦73.11381697654724)}"
      },
      "probabilisticVariables": null,
      "activating": [
        "FASTER_12"
      ],
      "activatingOnlyWhenExecuted": true,
      "updating": null,
      "withPredicate": null
    },
    {
      "id": "FASTER_12",
      "execute": "FASTER",
      "after": "1000",
      "priority": 0,
      "additionalGuards": null,
      "activationKind": null,
      "fixedVariables": {
        "Crash": "FALSE",
        "VehiclesAy": "{(EgoVehicle↦-4.085620730620576E-13),(Vehicles2↦0.001158184300038556),(Vehicles3↦4.085620730620576E-13),(Vehicles4↦4.085620730620576E-13),(Vehicles5↦-4.085620730620576E-13)}",
        "Reward": "0.9844093202353953",
        "VehiclesAx": "{(EgoVehicle↦3.8550400733947754),(Vehicles2↦-3.748732805252075),(Vehicles3↦-3.88482928276062),(Vehicles4↦-3.813716173171997),(Vehicles5↦-3.8360822200775146)}",
        "VehiclesVx": "{(EgoVehicle↦29.41534996032715),(Vehicles2↦-8.437597751617432),(Vehicles3↦-8.848525285720825),(Vehicles4↦-10.856624841690063),(Vehicles5↦-7.319846153259277)}",
        "VehiclesY": "{(EgoVehicle↦8.000000238418579),(Vehicles2↦-3.999976873397827),(Vehicles3↦-8.000000238418579),(Vehicles4↦0.0),(Vehicles5↦-4.0000001192092896)}",
        "VehiclesVy": "{(EgoVehicle↦0.0),(Vehicles2↦-6.896823379065609E-05),(Vehicles3↦0.0),(Vehicles4↦0.0),(Vehicles5↦0.0)}",
        "VehiclesX": "{(EgoVehicle↦200.0),(Vehicles2↦6.443439424037933),(Vehicles3↦27.14930772781372),(Vehicles4↦60.68181395530701),(Vehicles5↦67.51100420951843)}"
      },
      "probabilisticVariables": null,
      "activating": [
        "SLOWER_13"
      ],
      "activatingOnlyWhenExecuted": true,
      "updating": null,
      "withPredicate": null
    },
    {
      "id": "SLOWER_13",
      "execute": "SLOWER",
      "after": "1000",
      "priority": 0,
      "additionalGuards": null,
      "activationKind": null,
      "fixedVariables": {
        "Crash": "FALSE",
        "VehiclesAy": "{(EgoVehicle↦0.0),(Vehicles2↦6.513690209430933E-05),(Vehicles3↦0.0),(Vehicles4↦0.0),(Vehicles5↦0.0)}",
        "Reward": "0.8821718720748942",
        "VehiclesAx": "{(EgoVehicle↦-3.833904266357422),(Vehicles2↦3.9276790618896484),(Vehicles3↦3.80590558052063),(Vehicles4↦3.885098099708557),(Vehicles5↦3.851996958255768)}",
        "VehiclesVx": "{(EgoVehicle↦25.581445693969727),(Vehicles2↦-4.509918689727783),(Vehicles3↦-5.042619705200195),(Vehicles4↦-6.971526741981506),(Vehicles5↦-3.4678491950035095)}",
        "VehiclesY": "{(EgoVehicle↦8.000000238418579),(Vehicles2↦-3.999998688697815),(Vehicles3↦-8.000000238418579),(Vehicles4↦0.0),(Vehicles5↦-4.0000001192092896)}",
        "VehiclesVy": "{(EgoVehicle↦0.0),(Vehicles2↦-3.831331696346751E-06),(Vehicles3↦0.0),(Vehicles4↦0.0),(Vehicles5↦0.0)}",
        "VehiclesX": "{(EgoVehicle↦200.0),(Vehicles2↦0.15926520572975278),(Vehicles3↦20.40446400642395),(Vehicles4↦51.96007490158081),(Vehicles5↦62.31350302696228)}"
      },
      "probabilisticVariables": null,
      "activating": [
        "SLOWER_14"
      ],
      "activatingOnlyWhenExecuted": true,
      "updating": null,
      "withPredicate": null
    },
    {
      "id": "SLOWER_14",
      "execute": "SLOWER",
      "after": "1000",
      "priority": 0,
      "additionalGuards": null,
      "activationKind": null,
      "fixedVariables": {
        "Crash": "FALSE",
        "VehiclesAy": "{(EgoVehicle↦0.0),(Vehicles2↦3.6206868792021396E-06),(Vehicles3↦0.0),(Vehicles4↦0.0),(Vehicles5↦0.0)}",
        "Reward": "0.7529334701223455",
        "VehiclesAx": "{(EgoVehicle↦-4.846441745758057),(Vehicles2↦4.929851703345776),(Vehicles3↦4.819880723953247),(Vehicles4↦4.903324395418167),(Vehicles5↦4.863121509552002)}",
        "VehiclesVx": "{(EgoVehicle↦20.73500394821167),(Vehicles2↦0.4199330136179924),(Vehicles3↦-0.22273898124694824),(Vehicles4↦-2.0682023465633392),(Vehicles5↦1.3952723145484924)}",
        "VehiclesY": "{(EgoVehicle↦8.000000238418579),(Vehicles2↦-3.999999761581421),(Vehicles3↦-8.000000238418579),(Vehicles4↦0.0),(Vehicles5↦-4.0000001192092896)}",
        "VehiclesVy": "{(EgoVehicle↦0.0),(Vehicles2↦-2.106448171446118E-07),(Vehicles3↦0.0),(Vehicles4↦0.0),(Vehicles5↦0.0)}",
        "VehiclesX": "{(EgoVehicle↦200.0),(Vehicles2↦-1.6429509967565536),(Vehicles3↦18.02469491958618),(Vehicles4↦47.684553265571594),(Vehicles5↦61.52603030204773)}"
      },
      "probabilisticVariables": null,
      "activating": [
        "FASTER_15"
      ],
      "activatingOnlyWhenExecuted": true,
      "updating": null,
      "withPredicate": null
    },
    {
      "id": "FASTER_15",
      "execute": "FASTER",
      "after": "1000",
      "priority": 0,
      "additionalGuards": null,
      "activationKind": null,
      "fixedVariables": {
        "Crash": "FALSE",
        "VehiclesAy": "{(EgoVehicle↦0.0),(Vehicles2↦1.9917084870257895E-07),(Vehicles3↦0.0),(Vehicles4↦0.0),(Vehicles5↦0.0)}",
        "Reward": "0.8516894555991018",
        "VehiclesAx": "{(EgoVehicle↦3.7033510208129883),(Vehicles2↦-3.6286480352282524),(Vehicles3↦-3.7286052107810974),(Vehicles4↦-3.6435969173908234),(Vehicles5↦-3.68831142783165)}",
        "VehiclesVx": "{(EgoVehicle↦24.438354969024658),(Vehicles2↦-3.20871502161026),(Vehicles3↦-3.9513441920280457),(Vehicles4↦-5.711799263954163),(Vehicles5↦-2.2930391132831573)}",
        "VehiclesY": "{(EgoVehicle↦8.000000238418579),(Vehicles2↦-4.0000001192092896),(Vehicles3↦-8.000000238418579),(Vehicles4↦0.0),(Vehicles5↦-4.0000001192092896)}",
        "VehiclesVy": "{(EgoVehicle↦0.0),(Vehicles2↦-1.1473968442032856E-08),(Vehicles3↦0.0),(Vehicles4↦0.0),(Vehicles5↦0.0)}",
        "VehiclesX": "{(EgoVehicle↦200.0),(Vehicles2↦-3.2354820519685745),(Vehicles3↦15.74876606464386),(Vehicles4↦43.59712600708008),(Vehicles5↦60.884469747543335)}"
      },
      "probabilisticVariables": null,
      "activating": [
        "SLOWER_16"
      ],
      "activatingOnlyWhenExecuted": true,
      "updating": null,
      "withPredicate": null
    },
    {
      "id": "SLOWER_16",
      "execute": "SLOWER",
      "after": "1000",
      "priority": 0,
      "additionalGuards": null,
      "activationKind": null,
      "fixedVariables": {
        "Crash": "FALSE",
        "VehiclesAy": "{(EgoVehicle↦0.0),(Vehicles2↦1.0854188658981911E-08),(Vehicles3↦0.0),(Vehicles4↦0.0),(Vehicles5↦0.0)}",
        "Reward": "0.7489193247428173",
        "VehiclesAx": "{(EgoVehicle↦-3.853881359100342),(Vehicles2↦3.921162337064743),(Vehicles3↦3.8299154955893755),(Vehicles4↦3.9146141707897186),(Vehicles5↦3.8672082126140594)}",
        "VehiclesVx": "{(EgoVehicle↦20.584473609924316),(Vehicles2↦0.712447315454483),(Vehicles3↦-0.12142869643867016),(Vehicles4↦-1.797185093164444),(Vehicles5↦1.574169099330902)}",
        "VehiclesY": "{(EgoVehicle↦8.000000238418579),(Vehicles2↦-4.0000001192092896),(Vehicles3↦-8.000000238418579),(Vehicles4↦0.0),(Vehicles5↦-4.0000001192092896)}",
        "VehiclesVy": "{(EgoVehicle↦0.0),(Vehicles2↦-6.197797830509444E-10),(Vehicles3↦0.0),(Vehicles4↦0.0),(Vehicles5↦0.0)}",
        "VehiclesX": "{(EgoVehicle↦200.0),(Vehicles2↦-4.290708154439926),(Vehicles3↦13.913758099079132),(Vehicles4↦40.0356262922287),(Vehicles5↦60.722923278808594)}"
      },
      "probabilisticVariables": null,
      "activating": [
        "FASTER_17"
      ],
      "activatingOnlyWhenExecuted": true,
      "updating": null,
      "withPredicate": null
    },
    {
      "id": "FASTER_17",
      "execute": "FASTER",
      "after": "1000",
      "priority": 0,
      "additionalGuards": null,
      "activationKind": null,
      "fixedVariables": {
        "Crash": "FALSE",
        "VehiclesAy": "{(EgoVehicle↦0.0),(Vehicles2↦5.865530283699627E-10),(Vehicles3↦0.0),(Vehicles4↦0.0),(Vehicles5↦0.0)}",
        "Reward": "0.85116084386188",
        "VehiclesAx": "{(EgoVehicle↦3.834056854248047),(Vehicles2↦-3.7731651961803436),(Vehicles3↦-3.8566764909774065),(Vehicles4↦-3.773586004972458),(Vehicles5↦-3.8224205374717712)}",
        "VehiclesVx": "{(EgoVehicle↦24.418530464172363),(Vehicles2↦-3.0607178807258606),(Vehicles3↦-3.9781051874160767),(Vehicles4↦-5.570771098136902),(Vehicles5↦-2.248251438140869)}",
        "VehiclesY": "{(EgoVehicle↦8.000000238418579),(Vehicles2↦-4.0000001192092896),(Vehicles3↦-8.000000238418579),(Vehicles4↦0.0),(Vehicles5↦-4.0000001192092896)}",
        "VehiclesVy": "{(EgoVehicle↦0.0),(Vehicles2↦-3.3226754680981685E-11),(Vehicles3↦0.0),(Vehicles4↦0.0),(Vehicles5↦0.0)}",
        "VehiclesX": "{(EgoVehicle↦200.0),(Vehicles2↦-5.66851980984211),(Vehicles3↦11.66807934641838),(Vehicles4↦36.147597432136536),(Vehicles5↦60.18679141998291)}"
      },
      "probabilisticVariables": null,
      "activating": [
        "SLOWER_18"
      ],
      "activatingOnlyWhenExecuted": true,
      "updating": null,
      "withPredicate": null
    },
    {
      "id": "SLOWER_18",
      "execute": "SLOWER",
      "after": "1000",
      "priority": 0,
      "additionalGuards": null,
      "activationKind": null,
      "fixedVariables": {
        "Crash": "FALSE",
        "VehiclesAy": "{(EgoVehicle↦0.0),(Vehicles2↦3.146816140997544E-11),(Vehicles3↦0.0),(Vehicles4↦0.0),(Vehicles5↦0.0)}",
        "Reward": "0.7488497133206317",
        "VehiclesAx": "{(EgoVehicle↦-3.836665153503418),(Vehicles2↦3.8919998705387115),(Vehicles3↦3.815474044531584),(Vehicles4↦3.8960719108581543),(Vehicles5↦3.8466690480709076)}",
        "VehiclesVx": "{(EgoVehicle↦20.581865310668945),(Vehicles2↦0.831281989812851),(Vehicles3↦-0.16263114288449287),(Vehicles4↦-1.6746991872787476),(Vehicles5↦1.5984176099300385)}",
        "VehiclesY": "{(EgoVehicle↦8.000000238418579),(Vehicles2↦-4.0000001192092896),(Vehicles3↦-8.000000238418579),(Vehicles4↦0.0),(Vehicles5↦-4.0000001192092896)}",
        "VehiclesVy": "{(EgoVehicle↦0.0),(Vehicles2↦-1.758593271006248E-12),(Vehicles3↦0.0),(Vehicles4↦0.0),(Vehicles5↦0.0)}",
        "VehiclesX": "{(EgoVehicle↦200.0),(Vehicles2↦-6.590157747268677),(Vehicles3↦9.79791060090065),(Vehicles4↦32.717227935791016),(Vehicles5↦60.05920171737671)}"
      },
      "probabilisticVariables": null,
      "activating": [
        "LANE_RIGHT_19"
      ],
      "activatingOnlyWhenExecuted": true,
      "updating": null,
      "withPredicate": null
    },
    {
      "id": "LANE_RIGHT_19",
      "execute": "LANE_RIGHT",
      "after": "1000",
      "priority": 0,
      "additionalGuards": null,
      "activationKind": null,
      "fixedVariables": {
        "Crash": "FALSE",
        "VehiclesAy": "{(EgoVehicle↦0.0),(Vehicles2↦1.6608936448392342E-12),(Vehicles3↦0.0),(Vehicles4↦0.0),(Vehicles5↦0.0)}",
        "Reward": "0.7353766426320721",
        "VehiclesAx": "{(EgoVehicle↦-0.5052423477172852),(Vehicles2↦0.5556933581829071),(Vehicles3↦0.4855602793395519),(Vehicles4↦0.5630748718976974),(Vehicles5↦0.5136789381504059)}",
        "VehiclesVx": "{(EgoVehicle↦20.07662296295166),(Vehicles2↦1.386975347995758),(Vehicles3↦0.32292913645505905),(Vehicles4↦-1.11162431538105),(Vehicles5↦2.1120965480804443)}",
        "VehiclesY": "{(EgoVehicle↦8.000000238418579),(Vehicles2↦-4.0000001192092896),(Vehicles3↦-8.000000238418579),(Vehicles4↦0.0),(Vehicles5↦-4.0000001192092896)}",
        "VehiclesVy": "{(EgoVehicle↦0.0),(Vehicles2↦-9.769962616701378E-14),(Vehicles3↦0.0),(Vehicles4↦0.0),(Vehicles5↦0.0)}",
        "VehiclesX": "{(EgoVehicle↦200.0),(Vehicles2↦-5.4596081376075745),(Vehicles3↦9.906002879142761),(Vehicles4↦31.344521045684814),(Vehicles5↦61.93983554840088)}"
      },
      "probabilisticVariables": null,
      "activating": [
        "FASTER_20"
      ],
      "activatingOnlyWhenExecuted": true,
      "updating": null,
      "withPredicate": null
    },
    {
      "id": "FASTER_20",
      "execute": "FASTER",
      "after": "1000",
      "priority": 0,
      "additionalGuards": null,
      "activationKind": null,
      "fixedVariables": {
        "Crash": "FALSE",
        "VehiclesAy": "{(EgoVehicle↦0.0),(Vehicles2↦7.993605777301127E-14),(Vehicles3↦0.0),(Vehicles4↦0.0),(Vehicles5↦0.0)}",
        "Reward": "0.8493774453946212",
        "VehiclesAx": "{(EgoVehicle↦4.275031089782715),(Vehicles2↦-4.2288938164711),(Vehicles3↦-4.293117634952068),(Vehicles4↦-4.219062849879265),(Vehicles5↦-4.2680782079696655)}",
        "VehiclesVx": "{(EgoVehicle↦24.351654052734375),(Vehicles2↦-2.841918468475342),(Vehicles3↦-3.9701884984970093),(Vehicles4↦-5.330687165260315),(Vehicles5↦-2.155981659889221)}",
        "VehiclesY": "{(EgoVehicle↦8.000000238418579),(Vehicles2↦-4.0000001192092896),(Vehicles3↦-8.000000238418579),(Vehicles4↦0.0),(Vehicles5↦-4.0000001192092896)}",
        "VehiclesVy": "{(EgoVehicle↦0.0),(Vehicles2↦-1.7763568394002505E-14),(Vehicles3↦0.0),(Vehicles4↦0.0),(Vehicles5↦0.0)}",
        "VehiclesX": "{(EgoVehicle↦200.0),(Vehicles2↦-6.412210315465927),(Vehicles3↦7.863209396600723),(Vehicles4↦27.89708375930786),(Vehicles5↦61.69646978378296)}"
      },
      "probabilisticVariables": null,
      "activating": [
        "SLOWER_21"
      ],
      "activatingOnlyWhenExecuted": true,
      "updating": null,
      "withPredicate": null
    },
    {
      "id": "SLOWER_21",
      "execute": "SLOWER",
      "after": "1000",
      "priority": 0,
      "additionalGuards": null,
      "activationKind": null,
      "fixedVariables": {
        "Crash": "FALSE",
        "VehiclesAy": "{(EgoVehicle↦0.0),(Vehicles2↦1.7763568394002505E-14),(Vehicles3↦0.0),(Vehicles4↦0.0),(Vehicles5↦0.0)}",
        "Reward": "0.7486148624936676",
        "VehiclesAx": "{(EgoVehicle↦-3.7785959243774414),(Vehicles2↦2.6338944770395756),(Vehicles3↦4.94915597140789),(Vehicles4↦3.8325387239456177),(Vehicles5↦3.7841348350048065)}",
        "VehiclesVx": "{(EgoVehicle↦20.573058128356934),(Vehicles2↦-0.20802399143576622),(Vehicles3↦0.978967472910881),(Vehicles4↦-1.4981484413146973),(Vehicles5↦1.6281531751155853)}",
        "VehiclesY": "{(EgoVehicle↦8.000000238418579),(Vehicles2↦-8.000000238418579),(Vehicles3↦-4.0000001192092896),(Vehicles4↦0.0),(Vehicles5↦-4.0000001192092896)}",
        "VehiclesVy": "{(EgoVehicle↦0.0),(Vehicles2↦0.0),(Vehicles3↦0.0),(Vehicles4↦0.0),(Vehicles5↦0.0)}",
        "VehiclesX": "{(EgoVehicle↦200.0),(Vehicles2↦5.970809236168861),(Vehicles3↦-7.152426242828369),(Vehicles4↦24.67263489961624),(Vehicles5↦61.62731051445007)}"
      },
      "probabilisticVariables": null,
      "activating": [
        "SLOWER_22"
      ],
      "activatingOnlyWhenExecuted": true,
      "updating": null,
      "withPredicate": null
    },
    {
      "id": "SLOWER_22",
      "execute": "SLOWER",
      "after": "1000",
      "priority": 0,
      "additionalGuards": null,
      "activationKind": null,
      "fixedVariables": {
        "Crash": "FALSE",
        "VehiclesAy": "{(EgoVehicle↦0.0),(Vehicles2↦0.0),(Vehicles3↦0.0),(Vehicles4↦0.0),(Vehicles5↦0.0)}",
        "Reward": "0.7353457157742005",
        "VehiclesAx": "{(EgoVehicle↦-0.49759387969970703),(Vehicles2↦1.723420675843954),(Vehicles3↦-0.7041314244270325),(Vehicles4↦0.5494442582130432),(Vehicles5↦0.5017861723899841)}",
        "VehiclesVx": "{(EgoVehicle↦20.075464248657227),(Vehicles2↦1.5153966844081879),(Vehicles3↦0.27483604848384857),(Vehicles4↦-0.948704183101654),(Vehicles5↦2.1299393475055695)}",
        "VehiclesY": "{(EgoVehicle↦8.000000238418579),(Vehicles2↦-4.0000001192092896),(Vehicles3↦-8.000000238418579),(Vehicles4↦0.0),(Vehicles5↦-4.0000001192092896)}",
        "VehiclesVy": "{(EgoVehicle↦0.0),(Vehicles2↦0.0),(Vehicles3↦0.0),(Vehicles4↦0.0),(Vehicles5↦0.0)}",
        "VehiclesX": "{(EgoVehicle↦200.0),(Vehicles2↦-5.8831606060266495),(Vehicles3↦6.031256541609764),(Vehicles4↦23.469896614551544),(Vehicles5↦63.53174448013306)}"
      },
      "probabilisticVariables": null,
      "activating": [
        "FASTER_23"
      ],
      "activatingOnlyWhenExecuted": true,
      "updating": null,
      "withPredicate": null
    },
    {
      "id": "FASTER_23",
      "execute": "FASTER",
      "after": "1000",
      "priority": 0,
      "additionalGuards": null,
      "activationKind": null,
      "fixedVariables": {
        "Crash": "FALSE",
        "VehiclesAy": "{(EgoVehicle↦0.0),(Vehicles2↦0.0),(Vehicles3↦0.0),(Vehicles4↦0.0),(Vehicles5↦0.0)}",
        "Reward": "0.8493733727219798",
        "VehiclesAx": "{(EgoVehicle↦4.276037216186523),(Vehicles2↦-5.529607981443405),(Vehicles3↦-2.9997586458921432),(Vehicles4↦-4.226278364658356),(Vehicles5↦-4.273125380277634)}",
        "VehiclesVx": "{(EgoVehicle↦24.35150146484375),(Vehicles2↦-4.014211297035217),(Vehicles3↦-2.7249225974082947),(Vehicles4↦-5.17498254776001),(Vehicles5↦-2.143186032772064)}",
        "VehiclesY": "{(EgoVehicle↦8.000000238418579),(Vehicles2↦-8.000000238418579),(Vehicles3↦-4.0000001192092896),(Vehicles4↦0.0),(Vehicles5↦-4.0000001192092896)}",
        "VehiclesVy": "{(EgoVehicle↦0.0),(Vehicles2↦0.0),(Vehicles3↦0.0),(Vehicles4↦0.0),(Vehicles5↦0.0)}",
        "VehiclesX": "{(EgoVehicle↦200.0),(Vehicles2↦3.941836953163147),(Vehicles3↦-6.712152808904648),(Vehicles4↦20.182348787784576),(Vehicles5↦63.30403685569763)}"
      },
      "probabilisticVariables": null,
      "activating": [
        "SLOWER_24"
      ],
      "activatingOnlyWhenExecuted": true,
      "updating": null,
      "withPredicate": null
    },
    {
      "id": "SLOWER_24",
      "execute": "SLOWER",
      "after": "1000",
      "priority": 0,
      "additionalGuards": null,
      "activationKind": null,
      "fixedVariables": {
        "Crash": "FALSE",
        "VehiclesAy": "{(EgoVehicle↦0.0),(Vehicles2↦0.0),(Vehicles3↦0.0),(Vehicles4↦0.0),(Vehicles5↦0.0)}",
        "Reward": "0.7486143261746365",
        "VehiclesAx": "{(EgoVehicle↦-3.7784647941589355),(Vehicles2↦3.7671811506152153),(Vehicles3↦3.8113490492105484),(Vehicles4↦3.826170265674591),(Vehicles5↦3.7801532447338104)}",
        "VehiclesVx": "{(EgoVehicle↦20.573036670684814),(Vehicles2↦-0.24703014642000198),(Vehicles3↦1.0864264518022537),(Vehicles4↦-1.3488122820854187),(Vehicles5↦1.6369672119617462)}",
        "VehiclesY": "{(EgoVehicle↦8.000000238418579),(Vehicles2↦-8.000000238418579),(Vehicles3↦-4.0000001192092896),(Vehicles4↦0.0),(Vehicles5↦-4.0000001192092896)}",
        "VehiclesVy": "{(EgoVehicle↦0.0),(Vehicles2↦0.0),(Vehicles3↦0.0),(Vehicles4↦0.0),(Vehicles5↦0.0)}",
        "VehiclesX": "{(EgoVehicle↦200.0),(Vehicles2↦2.007397636771202),(Vehicles3↦-7.339282333850861),(Vehicles4↦17.11103469133377),(Vehicles5↦63.246047496795654)}"
      },
      "probabilisticVariables": null,
      "activating": [
        "SLOWER_25"
      ],
      "activatingOnlyWhenExecuted": true,
      "updating": null,
      "withPredicate": null
    },
    {
      "id": "SLOWER_25",
      "execute": "SLOWER",
      "after": "1000",
      "priority": 0,
      "additionalGuards": null,
      "activationKind": null,
      "fixedVariables": {
        "Crash": "FALSE",
        "VehiclesAy": "{(EgoVehicle↦0.0),(Vehicles2↦0.0),(Vehicles3↦0.0),(Vehicles4↦0.0),(Vehicles5↦0.0)}",
        "Reward": "0.735345645147826",
        "VehiclesAx": "{(EgoVehicle↦-0.4975748062133789),(Vehicles2↦0.4880049265921116),(Vehicles3↦0.5278728157281876),(Vehicles4↦0.5432932078838348),(Vehicles5↦0.49809589982032776)}",
        "VehiclesVx": "{(EgoVehicle↦20.075461864471436),(Vehicles2↦0.2409747801721096),(Vehicles3↦1.6142992675304413),(Vehicles4↦-0.8055190742015839),(Vehicles5↦2.135063111782074)}",
        "VehiclesY": "{(EgoVehicle↦8.000000238418579),(Vehicles2↦-8.000000238418579),(Vehicles3↦-4.0000001192092896),(Vehicles4↦0.0),(Vehicles5↦-4.0000001192092896)}",
        "VehiclesVy": "{(EgoVehicle↦0.0),(Vehicles2↦0.0),(Vehicles3↦0.0),(Vehicles4↦0.0),(Vehicles5↦0.0)}",
        "VehiclesX": "{(EgoVehicle↦200.0),(Vehicles2↦2.0308950915932655),(Vehicles3↦-5.9660471975803375),(Vehicles4↦16.055157780647278),(Vehicles5↦65.15780687332153)}"
      },
      "probabilisticVariables": null,
      "activating": [
        "SLOWER_26"
      ],
      "activatingOnlyWhenExecuted": true,
      "updating": null,
      "withPredicate": null
    },
    {
      "id": "SLOWER_26",
      "execute": "SLOWER",
      "after": "1000",
      "priority": 0,
      "additionalGuards": null,
      "activationKind": null,
      "fixedVariables": {
        "Crash": "FALSE",
        "VehiclesAy": "{(EgoVehicle↦0.0),(Vehicles2↦0.0),(Vehicles3↦0.0),(Vehicles4↦0.0),(Vehicles5↦0.0)}",
        "Reward": "0.7335983291278345",
        "VehiclesAx": "{(EgoVehicle↦-0.06552457809448242),(Vehicles2↦0.057636089622974396),(Vehicles3↦0.09344562888145447),(Vehicles4↦0.10933466255664825),(Vehicles5↦0.06492629647254944)}",
        "VehiclesVx": "{(EgoVehicle↦20.009937286376953),(Vehicles2↦0.298610869795084),(Vehicles3↦1.7077448964118958),(Vehicles4↦-0.6961844116449356),(Vehicles5↦2.1999894082546234)}",
        "VehiclesY": "{(EgoVehicle↦8.000000238418579),(Vehicles2↦-8.000000238418579),(Vehicles3↦-4.0000001192092896),(Vehicles4↦0.0),(Vehicles5↦-4.0000001192092896)}",
        "VehiclesVy": "{(EgoVehicle↦0.0),(Vehicles2↦0.0),(Vehicles3↦0.0),(Vehicles4↦0.0),(Vehicles5↦0.0)}",
        "VehiclesX": "{(EgoVehicle↦200.0),(Vehicles2↦2.304728515446186),(Vehicles3↦-4.304249957203865),(Vehicles4↦15.303458273410797),(Vehicles5↦67.3288643360138)}"
      },
      "probabilisticVariables": null,
      "activating": [
        "SLOWER_27"
      ],
      "activatingOnlyWhenExecuted": true,
      "updating": null,
      "withPredicate": null
    },
    {
      "id": "SLOWER_27",
      "execute": "SLOWER",
      "after": "1000",
      "priority": 0,
      "additionalGuards": null,
      "activationKind": null,
      "fixedVariables": {
        "Crash": "FALSE",
        "VehiclesAy": "{(EgoVehicle↦0.0),(Vehicles2↦0.0),(Vehicles3↦0.0),(Vehicles4↦0.0),(Vehicles5↦0.0)}",
        "Reward": "0.7333682298988643",
        "VehiclesAx": "{(EgoVehicle↦-0.008628368377685547),(Vehicles2↦1.443492379039526),(Vehicles3↦-1.4067553356289864),(Vehicles4↦0.05062118172645569),(Vehicles5↦0.006958991289138794)}",
        "VehiclesVx": "{(EgoVehicle↦20.001308917999268),(Vehicles2↦1.74210324883461),(Vehicles3↦0.3009895607829094),(Vehicles4↦-0.6455632299184799),(Vehicles5↦2.206948399543762)}",
        "VehiclesY": "{(EgoVehicle↦8.000000238418579),(Vehicles2↦-4.0000001192092896),(Vehicles3↦-8.000000238418579),(Vehicles4↦0.0),(Vehicles5↦-4.0000001192092896)}",
        "VehiclesVy": "{(EgoVehicle↦0.0),(Vehicles2↦0.0),(Vehicles3↦0.0),(Vehicles4↦0.0),(Vehicles5↦0.0)}",
        "VehiclesX": "{(EgoVehicle↦200.0),(Vehicles2↦-2.5812845677137375),(Vehicles3↦2.6054706424474716),(Vehicles4↦14.628972113132477),(Vehicles5↦69.5330262184143)}"
      },
      "probabilisticVariables": null,
      "activating": [
        "SLOWER_28"
      ],
      "activatingOnlyWhenExecuted": true,
      "updating": null,
      "withPredicate": null
    },
    {
      "id": "SLOWER_28",
      "execute": "SLOWER",
      "after": "1000",
      "priority": 0,
      "additionalGuards": null,
      "activationKind": null,
      "fixedVariables": {
        "Crash": "FALSE",
        "VehiclesAy": "{(EgoVehicle↦0.0),(Vehicles2↦0.0),(Vehicles3↦0.0),(Vehicles4↦0.0),(Vehicles5↦0.0)}",
        "Reward": "0.7333379287658314",
        "VehiclesAx": "{(EgoVehicle↦-0.0011372566223144531),(Vehicles2↦0.02483546733856201),(Vehicles3↦-0.003531128168106079),(Vehicles4↦0.04140395671129227),(Vehicles5↦-2.486541587859392)}",
        "VehiclesVx": "{(EgoVehicle↦20.000171661376953),(Vehicles2↦1.766938716173172),(Vehicles3↦0.2974584326148033),(Vehicles4↦-0.6041592732071877),(Vehicles5↦-0.27959318831562996)}",
        "VehiclesY": "{(EgoVehicle↦8.000000238418579),(Vehicles2↦-4.0000001192092896),(Vehicles3↦-8.000000238418579),(Vehicles4↦0.0),(Vehicles5↦0.0)}",
        "VehiclesVy": "{(EgoVehicle↦0.0),(Vehicles2↦0.0),(Vehicles3↦0.0),(Vehicles4↦0.0),(Vehicles5↦0.0)}",
        "VehiclesX": "{(EgoVehicle↦200.0),(Vehicles2↦-0.8289181627333164),(Vehicles3↦2.9050959274172783),(Vehicles4↦14.00027722120285),(Vehicles5↦70.2448308467865)}"
      },
      "probabilisticVariables": null,
      "activating": [
        "LANE_RIGHT_29"
      ],
      "activatingOnlyWhenExecuted": true,
      "updating": null,
      "withPredicate": null
    },
    {
      "id": "LANE_RIGHT_29",
      "execute": "LANE_RIGHT",
      "after": "1000",
      "priority": 0,
      "additionalGuards": null,
      "activationKind": null,
      "fixedVariables": {
        "Crash": "FALSE",
        "VehiclesAy": "{(EgoVehicle↦0.0),(Vehicles2↦0.0),(Vehicles3↦0.0),(Vehicles4↦0.0),(Vehicles5↦0.0)}",
        "Reward": "0.7333339384931684",
        "VehiclesAx": "{(EgoVehicle↦-0.00014781951904296875),(Vehicles2↦0.021959543228149414),(Vehicles3↦-0.0030000321567058563),(Vehicles4↦0.038786232471466064),(Vehicles5↦0.031647272408008575)}",
        "VehiclesVx": "{(EgoVehicle↦20.00002384185791),(Vehicles2↦1.7888982594013214),(Vehicles3↦0.29445840045809746),(Vehicles4↦-0.5653730407357216),(Vehicles5↦-0.24794591590762138)}",
        "VehiclesY": "{(EgoVehicle↦8.000000238418579),(Vehicles2↦-4.0000001192092896),(Vehicles3↦-8.000000238418579),(Vehicles4↦0.0),(Vehicles5↦0.0)}",
        "VehiclesVy": "{(EgoVehicle↦0.0),(Vehicles2↦0.0),(Vehicles3↦0.0),(Vehicles4↦0.0),(Vehicles5↦0.0)}",
        "VehiclesX": "{(EgoVehicle↦200.0),(Vehicles2↦0.9469728916883469),(Vehicles3↦3.2012581825256348),(Vehicles4↦13.411782681941986),(Vehicles5↦69.97804045677185)}"
      },
      "probabilisticVariables": null,
      "activating": [
        "SLOWER_30"
      ],
      "activatingOnlyWhenExecuted": true,
      "updating": null,
      "withPredicate": null
    },
    {
      "id": "SLOWER_30",
      "execute": "SLOWER",
      "after": "1000",
      "priority": 0,
      "additionalGuards": null,
      "activationKind": null,
      "fixedVariables": {
        "Crash": "FALSE",
        "VehiclesAy": "{(EgoVehicle↦0.0),(Vehicles2↦0.0),(Vehicles3↦0.0),(Vehicles4↦0.0),(Vehicles5↦0.0)}",
        "Reward": "0.7333334130251634",
        "VehiclesAx": "{(EgoVehicle↦-2.1457672119140625E-05),(Vehicles2↦0.02006545662879944),(Vehicles3↦-0.0016842782497406006),(Vehicles4↦0.03711719065904617),(Vehicles5↦0.030084196478128433)}",
        "VehiclesVx": "{(EgoVehicle↦20.00000238418579),(Vehicles2↦1.8089637160301208),(Vehicles3↦0.29277412220835686),(Vehicles4↦-0.5282558500766754),(Vehicles5↦-0.21786171942949295)}",
        "VehiclesY": "{(EgoVehicle↦8.000000238418579),(Vehicles2↦-4.0000001192092896),(Vehicles3↦-8.000000238418579),(Vehicles4↦0.0),(Vehicles5↦0.0)}",
        "VehiclesVy": "{(EgoVehicle↦0.0),(Vehicles2↦0.0),(Vehicles3↦0.0),(Vehicles4↦0.0),(Vehicles5↦0.0)}",
        "VehiclesX": "{(EgoVehicle↦200.0),(Vehicles2↦2.744036726653576),(Vehicles3↦3.494933247566223),(Vehicles4↦12.861378490924835),(Vehicles5↦69.74223852157593)}"
      },
      "probabilisticVariables": null,
      "activating": [
        "SLOWER_31"
      ],
      "activatingOnlyWhenExecuted": true,
      "updating": null,
      "withPredicate": null
    },
    {
      "id": "SLOWER_31",
      "execute": "SLOWER",
      "after": "1000",
      "priority": 0,
      "additionalGuards": null,
      "activationKind": null,
      "fixedVariables": {
        "Crash": "FALSE",
        "VehiclesAy": "{(EgoVehicle↦0.0),(Vehicles2↦0.0),(Vehicles3↦0.0),(Vehicles4↦0.0),(Vehicles5↦0.0)}",
        "Reward": "0.7333333438277307",
        "VehiclesAx": "{(EgoVehicle↦-2.384185791015625E-06),(Vehicles2↦-1.516522578895092),(Vehicles3↦1.534584630280733),(Vehicles4↦0.035649724304676056),(Vehicles5↦0.028767399489879608)}",
        "VehiclesVx": "{(EgoVehicle↦20.0),(Vehicles2↦0.29244113713502884),(Vehicles3↦1.82735875248909),(Vehicles4↦-0.49260612577199936),(Vehicles5↦-0.18909431993961334)}",
        "VehiclesY": "{(EgoVehicle↦8.000000238418579),(Vehicles2↦-8.000000238418579),(Vehicles3↦-4.0000001192092896),(Vehicles4↦0.0),(Vehicles5↦0.0)}",
        "VehiclesVy": "{(EgoVehicle↦0.0),(Vehicles2↦0.0),(Vehicles3↦0.0),(Vehicles4↦0.0),(Vehicles5↦0.0)}",
        "VehiclesX": "{(EgoVehicle↦200.0),(Vehicles2↦3.787468373775482),(Vehicles3↦4.560486972332001),(Vehicles4↦12.347495555877686),(Vehicles5↦69.53598856925964)}"
      },
      "probabilisticVariables": null,
      "activating": [
        "SLOWER_32"
      ],
      "activatingOnlyWhenExecuted": true,
      "updating": null,
      "withPredicate": null
    },
    {
      "id": "SLOWER_32",
      "execute": "SLOWER",
      "after": "1000",
      "priority": 0,
      "additionalGuards": null,
      "activationKind": null,
      "fixedVariables": {
        "Crash": "FALSE",
        "VehiclesAy": "{(EgoVehicle↦0.0),(Vehicles2↦0.0),(Vehicles3↦0.0),(Vehicles4↦0.0),(Vehicles5↦0.0)}",
        "Reward": "0.7333333347153116",
        "VehiclesAx": "{(EgoVehicle↦0.0),(Vehicles2↦0.000952407717704773),(Vehicles3↦0.01683861017227173),(Vehicles4↦0.03428194671869278),(Vehicles5↦0.027581006288528442)}",
        "VehiclesVx": "{(EgoVehicle↦20.0),(Vehicles2↦0.2933935448527336),(Vehicles3↦1.8441973626613617),(Vehicles4↦-0.4583241790533066),(Vehicles5↦-0.1615133136510849)}",
        "VehiclesY": "{(EgoVehicle↦8.000000238418579),(Vehicles2↦-8.000000238418579),(Vehicles3↦-4.0000001192092896),(Vehicles4↦0.0),(Vehicles5↦0.0)}",
        "VehiclesVy": "{(EgoVehicle↦0.0),(Vehicles2↦0.0),(Vehicles3↦0.0),(Vehicles4↦0.0),(Vehicles5↦0.0)}",
        "VehiclesX": "{(EgoVehicle↦200.0),(Vehicles2↦4.080190882086754),(Vehicles3↦6.394702196121216),(Vehicles4↦11.868708580732346),(Vehicles5↦69.3580150604248)}"
      },
      "probabilisticVariables": null,
      "activating": [
        "LANE_RIGHT_33"
      ],
      "activatingOnlyWhenExecuted": true,
      "updating": null,
      "withPredicate": null
    },
    {
      "id": "LANE_RIGHT_33",
      "execute": "LANE_RIGHT",
      "after": "1000",
      "priority": 0,
      "additionalGuards": null,
      "activationKind": null,
      "fixedVariables": {
        "Crash": "FALSE",
        "VehiclesAy": "{(EgoVehicle↦0.0),(Vehicles2↦0.0),(Vehicles3↦0.0),(Vehicles4↦0.0),(Vehicles5↦0.0)}",
        "Reward": "0.7333333335153224",
        "VehiclesAx": "{(EgoVehicle↦0.0),(Vehicles2↦0.002156924456357956),(Vehicles3↦0.015372484922409058),(Vehicles4↦0.032996535301208496),(Vehicles5↦0.02649725414812565)}",
        "VehiclesVx": "{(EgoVehicle↦20.0),(Vehicles2↦0.29555046930909157),(Vehicles3↦1.8595698475837708),(Vehicles4↦-0.4253276437520981),(Vehicles5↦-0.13501605950295925)}",
        "VehiclesY": "{(EgoVehicle↦8.000000238418579),(Vehicles2↦-8.000000238418579),(Vehicles3↦-4.0000001192092896),(Vehicles4↦0.0),(Vehicles5↦0.0)}",
        "VehiclesVy": "{(EgoVehicle↦0.0),(Vehicles2↦0.0),(Vehicles3↦0.0),(Vehicles4↦0.0),(Vehicles5↦0.0)}",
        "VehiclesX": "{(EgoVehicle↦200.0),(Vehicles2↦4.374354332685471),(Vehicles3↦8.245161920785904),(Vehicles4↦11.423682421445847),(Vehicles5↦69.20718550682068)}"
      },
      "probabilisticVariables": null,
      "activating": [
        "SLOWER_34"
      ],
      "activatingOnlyWhenExecuted": true,
      "updating": null,
      "withPredicate": null
    },
    {
      "id": "SLOWER_34",
      "execute": "SLOWER",
      "after": "1000",
      "priority": 0,
      "additionalGuards": null,
      "activationKind": null,
      "fixedVariables": {
        "Crash": "FALSE",
        "VehiclesAy": "{(EgoVehicle↦0.0),(Vehicles2↦0.0),(Vehicles3↦0.0),(Vehicles4↦0.0),(Vehicles5↦0.0)}",
        "Reward": "0.733333333357299",
        "VehiclesAx": "{(EgoVehicle↦0.0),(Vehicles2↦0.003278236836194992),(Vehicles3↦0.013986527919769287),(Vehicles4↦0.03178708255290985),(Vehicles5↦0.025501735508441925)}",
        "VehiclesVx": "{(EgoVehicle↦20.0),(Vehicles2↦0.29882870614528656),(Vehicles3↦1.87355637550354),(Vehicles4↦-0.39354056119918823),(Vehicles5↦-0.10951432399451733)}",
        "VehiclesY": "{(EgoVehicle↦8.000000238418579),(Vehicles2↦-8.000000238418579),(Vehicles3↦-4.0000001192092896),(Vehicles4↦0.0),(Vehicles5↦0.0)}",
        "VehiclesVy": "{(EgoVehicle↦0.0),(Vehicles2↦0.0),(Vehicles3↦0.0),(Vehicles4↦0.0),(Vehicles5↦0.0)}",
        "VehiclesX": "{(EgoVehicle↦200.0),(Vehicles2↦4.671129584312439),(Vehicles3↦10.110434889793396),(Vehicles4↦11.011163890361786),(Vehicles5↦69.08244490623474)}"
      },
      "probabilisticVariables": null,
      "activating": [
        "SLOWER_35"
      ],
      "activatingOnlyWhenExecuted": true,
      "updating": null,
      "withPredicate": null
    },
    {
      "id": "SLOWER_35",
      "execute": "SLOWER",
      "after": "1000",
      "priority": 0,
      "additionalGuards": null,
      "activationKind": null,
      "fixedVariables": {
        "Crash": "FALSE",
        "VehiclesAy": "{(EgoVehicle↦0.0),(Vehicles2↦0.0),(Vehicles3↦0.0),(Vehicles4↦0.0),(Vehicles5↦0.0)}",
        "Reward": "0.7333333333364894",
        "VehiclesAx": "{(EgoVehicle↦0.0),(Vehicles2↦0.0043164752423763275),(Vehicles3↦-2.2364483773708344),(Vehicles4↦2.279769480228424),(Vehicles5↦0.02458355389535427)}",
        "VehiclesVx": "{(EgoVehicle↦20.0),(Vehicles2↦0.3031451813876629),(Vehicles3↦-0.3628920018672943),(Vehicles4↦1.8862289190292358),(Vehicles5↦-0.08493077009916306)}",
        "VehiclesY": "{(EgoVehicle↦8.000000238418579),(Vehicles2↦-8.000000238418579),(Vehicles3↦0.0),(Vehicles4↦-4.0000001192092896),(Vehicles5↦0.0)}",
        "VehiclesVy": "{(EgoVehicle↦0.0),(Vehicles2↦0.0),(Vehicles3↦0.0),(Vehicles4↦0.0),(Vehicles5↦0.0)}",
        "VehiclesX": "{(EgoVehicle↦200.0),(Vehicles2↦4.97160516679287),(Vehicles3↦10.629970580339432),(Vehicles4↦11.989162117242813),(Vehicles5↦68.98283362388611)}"
      },
      "probabilisticVariables": null,
      "activating": [
        "SLOWER_36"
      ],
      "activatingOnlyWhenExecuted": true,
      "updating": null,
      "withPredicate": null
    },
    {
      "id": "SLOWER_36",
      "execute": "SLOWER",
      "after": "1000",
      "priority": 0,
      "additionalGuards": null,
      "activationKind": null,
      "fixedVariables": {
        "Crash": "FALSE",
        "VehiclesAy": "{(EgoVehicle↦0.0),(Vehicles2↦0.0),(Vehicles3↦0.0),(Vehicles4↦0.0),(Vehicles5↦0.0)}",
        "Reward": "0.733333333333749",
        "VehiclesAx": "{(EgoVehicle↦0.0),(Vehicles2↦0.005272943526506424),(Vehicles3↦0.029576458036899567),(Vehicles4↦0.011424124240875244),(Vehicles5↦0.02373355906456709)}",
        "VehiclesVx": "{(EgoVehicle↦20.0),(Vehicles2↦0.3084181249141693),(Vehicles3↦-0.33331554383039474),(Vehicles4↦1.897653043270111),(Vehicles5↦-0.061197211034595966)}",
        "VehiclesY": "{(EgoVehicle↦8.000000238418579),(Vehicles2↦-8.000000238418579),(Vehicles3↦0.0),(Vehicles4↦-4.0000001192092896),(Vehicles5↦0.0)}",
        "VehiclesVy": "{(EgoVehicle↦0.0),(Vehicles2↦0.0),(Vehicles3↦0.0),(Vehicles4↦0.0),(Vehicles5↦0.0)}",
        "VehiclesX": "{(EgoVehicle↦200.0),(Vehicles2↦5.276786163449287),(Vehicles3↦10.278992354869843),(Vehicles4↦13.880059123039246),(Vehicles5↦68.90746355056763)}"
      },
      "probabilisticVariables": null,
      "activating": [
        "SLOWER_37"
      ],
      "activatingOnlyWhenExecuted": true,
      "updating": null,
      "withPredicate": null
    },
    {
      "id": "SLOWER_37",
      "execute": "SLOWER",
      "after": "1000",
      "priority": 0,
      "additionalGuards": null,
      "activationKind": null,
      "fixedVariables": {
        "Crash": "FALSE",
        "VehiclesAy": "{(EgoVehicle↦0.0),(Vehicles2↦0.0),(Vehicles3↦0.0),(Vehicles4↦0.0),(Vehicles5↦0.0)}",
        "Reward": "0.7333333333333881",
        "VehiclesAx": "{(EgoVehicle↦0.0),(Vehicles2↦0.006149746477603912),(Vehicles3↦0.02856610342860222),(Vehicles4↦0.010235607624053955),(Vehicles5↦0.022943916264921427)}",
        "VehiclesVx": "{(EgoVehicle↦20.0),(Vehicles2↦0.3145678713917732),(Vehicles3↦-0.3047494404017925),(Vehicles4↦1.907888650894165),(Vehicles5↦-0.03825329476967454)}",
        "VehiclesY": "{(EgoVehicle↦8.000000238418579),(Vehicles2↦-8.000000238418579),(Vehicles3↦0.0),(Vehicles4↦-4.0000001192092896),(Vehicles5↦0.0)}",
        "VehiclesVy": "{(EgoVehicle↦0.0),(Vehicles2↦0.0),(Vehicles3↦0.0),(Vehicles4↦0.0),(Vehicles5↦0.0)}",
        "VehiclesX": "{(EgoVehicle↦200.0),(Vehicles2↦5.587597191333771),(Vehicles3↦9.95718166232109),(Vehicles4↦15.78189879655838),(Vehicles5↦68.85550618171692)}"
      },
      "probabilisticVariables": null,
      "activating": [
        "SLOWER_38"
      ],
      "activatingOnlyWhenExecuted": true,
      "updating": null,
      "withPredicate": null
    },
    {
      "id": "SLOWER_38",
      "execute": "SLOWER",
      "after": "1000",
      "priority": 0,
      "additionalGuards": null,
      "activationKind": null,
      "fixedVariables": {
        "Crash": "FALSE",
        "VehiclesAy": "{(EgoVehicle↦0.0),(Vehicles2↦0.0),(Vehicles3↦0.0),(Vehicles4↦0.0),(Vehicles5↦0.0)}",
        "Reward": "0.7333333333333405",
        "VehiclesAx": "{(EgoVehicle↦0.0),(Vehicles2↦0.006949566304683685),(Vehicles3↦0.02761339768767357),(Vehicles4↦0.00910148024559021),(Vehicles5↦0.022207923466339707)}",
        "VehiclesVx": "{(EgoVehicle↦20.0),(Vehicles2↦0.3215174376964569),(Vehicles3↦-0.27713604271411896),(Vehicles4↦1.9169901311397552),(Vehicles5↦-0.016045371303334832)}",
        "VehiclesY": "{(EgoVehicle↦8.000000238418579),(Vehicles2↦-8.000000238418579),(Vehicles3↦0.0),(Vehicles4↦-4.0000001192092896),(Vehicles5↦0.0)}",
        "VehiclesVy": "{(EgoVehicle↦0.0),(Vehicles2↦0.0),(Vehicles3↦0.0),(Vehicles4↦0.0),(Vehicles5↦0.0)}",
        "VehiclesX": "{(EgoVehicle↦200.0),(Vehicles2↦5.90488389134407),(Vehicles3↦9.663552045822144),(Vehicles4↦17.693516612052917),(Vehicles5↦68.82619261741638)}"
      },
      "probabilisticVariables": null,
      "activating": [
        "SLOWER_39"
      ],
      "activatingOnlyWhenExecuted": true,
      "updating": null,
      "withPredicate": null
    },
    {
      "id": "SLOWER_39",
      "execute": "SLOWER",
      "after": "1000",
      "priority": 0,
      "additionalGuards": null,
      "activationKind": null,
      "fixedVariables": {
        "Crash": "FALSE",
        "VehiclesAy": "{(EgoVehicle↦0.0),(Vehicles2↦0.0),(Vehicles3↦0.0),(Vehicles4↦0.0),(Vehicles5↦0.0)}",
        "Reward": "0.7333333333333343",
        "VehiclesAx": "{(EgoVehicle↦0.0),(Vehicles2↦0.007675401866436005),(Vehicles3↦0.026714187115430832),(Vehicles4↦0.008018165826797485),(Vehicles5↦0.02151978318579495)}",
        "VehiclesVx": "{(EgoVehicle↦20.0),(Vehicles2↦0.3291928395628929),(Vehicles3↦-0.2504218555986881),(Vehicles4↦1.9250082969665527),(Vehicles5↦0.005474411882460117)}",
        "VehiclesY": "{(EgoVehicle↦8.000000238418579),(Vehicles2↦-8.000000238418579),(Vehicles3↦0.0),(Vehicles4↦-4.0000001192092896),(Vehicles5↦0.0)}",
        "VehiclesVy": "{(EgoVehicle↦0.0),(Vehicles2↦0.0),(Vehicles3↦0.0),(Vehicles4↦0.0),(Vehicles5↦0.0)}",
        "VehiclesX": "{(EgoVehicle↦200.0),(Vehicles2↦6.2294162809848785),(Vehicles3↦9.397171437740326),(Vehicles4↦19.613797962665558),(Vehicles5↦68.81880760192871)}"
      },
      "probabilisticVariables": null,
      "activating": [
        "SLOWER_40"
      ],
      "activatingOnlyWhenExecuted": true,
      "updating": null,
      "withPredicate": null
    },
    {
      "id": "SLOWER_40",
      "execute": "SLOWER",
      "after": "1000",
      "priority": 0,
      "additionalGuards": null,
      "activationKind": null,
      "fixedVariables": {
        "Crash": "FALSE",
        "VehiclesAy": "{(EgoVehicle↦0.0),(Vehicles2↦0.0),(Vehicles3↦0.0),(Vehicles4↦0.0),(Vehicles5↦0.0)}",
        "Reward": "0.7333333333333334",
        "VehiclesAx": "{(EgoVehicle↦0.0),(Vehicles2↦0.008330829441547394),(Vehicles3↦0.02586470916867256),(Vehicles4↦0.006981492042541504),(Vehicles5↦0.02087448723614216)}",
        "VehiclesVx": "{(EgoVehicle↦20.0),(Vehicles2↦0.3375236690044403),(Vehicles3↦-0.22455714643001556),(Vehicles4↦1.9319897890090942),(Vehicles5↦0.026348899118602276)}",
        "VehiclesY": "{(EgoVehicle↦8.000000238418579),(Vehicles2↦-8.000000238418579),(Vehicles3↦0.0),(Vehicles4↦-4.0000001192092896),(Vehicles5↦0.0)}",
        "VehiclesVy": "{(EgoVehicle↦0.0),(Vehicles2↦0.0),(Vehicles3↦0.0),(Vehicles4↦0.0),(Vehicles5↦0.0)}",
        "VehiclesX": "{(EgoVehicle↦200.0),(Vehicles2↦6.561891734600067),(Vehicles3↦9.15716141462326),(Vehicles4↦21.54168039560318),(Vehicles5↦68.83267760276794)}"
      },
      "probabilisticVariables": null,
      "activating": [
        "SLOWER_41"
      ],
      "activatingOnlyWhenExecuted": true,
      "updating": null,
      "withPredicate": null
    },
    {
      "id": "SLOWER_41",
      "execute": "SLOWER",
      "after": "1000",
      "priority": 0,
      "additionalGuards": null,
      "activationKind": null,
      "fixedVariables": {
        "Crash": "FALSE",
        "VehiclesAy": "{(EgoVehicle↦0.0),(Vehicles2↦0.0),(Vehicles3↦0.0),(Vehicles4↦0.0),(Vehicles5↦0.0)}",
        "Reward": "0.7333333333333334",
        "VehiclesAx": "{(EgoVehicle↦0.0),(Vehicles2↦0.008919499814510345),(Vehicles3↦0.02506142482161522),(Vehicles4↦0.005988329648971558),(Vehicles5↦0.020267674699425697)}",
        "VehiclesVx": "{(EgoVehicle↦20.0),(Vehicles2↦0.34644316881895065),(Vehicles3↦-0.19949572160840034),(Vehicles4↦1.9379781186580658),(Vehicles5↦0.04661657381802797)}",
        "VehiclesY": "{(EgoVehicle↦8.000000238418579),(Vehicles2↦-8.000000238418579),(Vehicles3↦0.0),(Vehicles4↦-4.0000001192092896),(Vehicles5↦0.0)}",
        "VehiclesVy": "{(EgoVehicle↦0.0),(Vehicles2↦0.0),(Vehicles3↦0.0),(Vehicles4↦0.0),(Vehicles5↦0.0)}",
        "VehiclesX": "{(EgoVehicle↦200.0),(Vehicles2↦6.902938336133957),(Vehicles3↦8.94269123673439),(Vehicles4↦23.476143181324005),(Vehicles5↦68.86718273162842)}"
      },
      "probabilisticVariables": null,
      "activating": [
        "SLOWER_42"
      ],
      "activatingOnlyWhenExecuted": true,
      "updating": null,
      "withPredicate": null
    },
    {
      "id": "SLOWER_42",
      "execute": "SLOWER",
      "after": "1000",
      "priority": 0,
      "additionalGuards": null,
      "activationKind": null,
      "fixedVariables": {
        "Crash": "FALSE",
        "VehiclesAy": "{(EgoVehicle↦0.0),(Vehicles2↦0.0),(Vehicles3↦0.0),(Vehicles4↦0.0),(Vehicles5↦0.0)}",
        "Reward": "0.7333333333333334",
        "VehiclesAx": "{(EgoVehicle↦0.0),(Vehicles2↦0.009445175528526306),(Vehicles3↦0.024301055818796158),(Vehicles4↦0.005035847425460815),(Vehicles5↦0.01969556324183941)}",
        "VehiclesVx": "{(EgoVehicle↦20.0),(Vehicles2↦0.35588834434747696),(Vehicles3↦-0.1751946657896042),(Vehicles4↦1.9430139660835266),(Vehicles5↦0.06631213705986738)}",
        "VehiclesY": "{(EgoVehicle↦8.000000238418579),(Vehicles2↦-8.000000238418579),(Vehicles3↦0.0),(Vehicles4↦-4.0000001192092896),(Vehicles5↦0.0)}",
        "VehiclesVy": "{(EgoVehicle↦0.0),(Vehicles2↦0.0),(Vehicles3↦0.0),(Vehicles4↦0.0),(Vehicles5↦0.0)}",
        "VehiclesX": "{(EgoVehicle↦200.0),(Vehicles2↦7.253120094537735),(Vehicles3↦8.7529756128788),(Vehicles4↦25.416210293769836),(Vehicles5↦68.9217209815979)}"
      },
      "probabilisticVariables": null,
      "activating": [
        "SLOWER_43"
      ],
      "activatingOnlyWhenExecuted": true,
      "updating": null,
      "withPredicate": null
    },
    {
      "id": "SLOWER_43",
      "execute": "SLOWER",
      "after": "1000",
      "priority": 0,
      "additionalGuards": null,
      "activationKind": null,
      "fixedVariables": {
        "Crash": "FALSE",
        "VehiclesAy": "{(EgoVehicle↦0.0),(Vehicles2↦0.0),(Vehicles3↦0.0),(Vehicles4↦0.0),(Vehicles5↦0.0)}",
        "Reward": "0.7333333333333334",
        "VehiclesAx": "{(EgoVehicle↦0.0),(Vehicles2↦0.009911805391311646),(Vehicles3↦0.0235805194824934),(Vehicles4↦0.004121959209442139),(Vehicles5↦0.019154823385179043)}",
        "VehiclesVx": "{(EgoVehicle↦20.0),(Vehicles2↦0.3658001497387886),(Vehicles3↦-0.1516141463071108),(Vehicles4↦1.9471359252929688),(Vehicles5↦0.08546696044504642)}",
        "VehiclesY": "{(EgoVehicle↦8.000000238418579),(Vehicles2↦-8.000000238418579),(Vehicles3↦0.0),(Vehicles4↦-4.0000001192092896),(Vehicles5↦0.0)}",
        "VehiclesVy": "{(EgoVehicle↦0.0),(Vehicles2↦0.0),(Vehicles3↦0.0),(Vehicles4↦0.0),(Vehicles5↦0.0)}",
        "VehiclesX": "{(EgoVehicle↦200.0),(Vehicles2↦7.612938433885574),(Vehicles3↦8.587268739938736),(Vehicles4↦27.3609459400177),(Vehicles5↦68.99573802947998)}"
      },
      "probabilisticVariables": null,
      "activating": [
        "SLOWER_44"
      ],
      "activatingOnlyWhenExecuted": true,
      "updating": null,
      "withPredicate": null
    },
    {
      "id": "SLOWER_44",
      "execute": "SLOWER",
      "after": "1000",
      "priority": 0,
      "additionalGuards": null,
      "activationKind": null,
      "fixedVariables": {
        "Crash": "FALSE",
        "VehiclesAy": "{(EgoVehicle↦0.0),(Vehicles2↦0.0),(Vehicles3↦0.0),(Vehicles4↦0.0),(Vehicles5↦0.0)}",
        "Reward": "0.7333333333333334",
        "VehiclesAx": "{(EgoVehicle↦0.0),(Vehicles2↦0.010323189198970795),(Vehicles3↦0.022897012531757355),(Vehicles4↦0.0032441318035125732),(Vehicles5↦0.018642563372850418)}",
        "VehiclesVx": "{(EgoVehicle↦20.0),(Vehicles2↦0.3761233389377594),(Vehicles3↦-0.12871713377535343),(Vehicles4↦1.9503800570964813),(Vehicles5↦0.10410952381789684)}",
        "VehiclesY": "{(EgoVehicle↦8.000000238418579),(Vehicles2↦-8.000000238418579),(Vehicles3↦0.0),(Vehicles4↦-4.0000001192092896),(Vehicles5↦0.0)}",
        "VehiclesVy": "{(EgoVehicle↦0.0),(Vehicles2↦0.0),(Vehicles3↦0.0),(Vehicles4↦0.0),(Vehicles5↦0.0)}",
        "VehiclesX": "{(EgoVehicle↦200.0),(Vehicles2↦7.982836663722992),(Vehicles3↦8.44486728310585),(Vehicles4↦29.30944859981537),(Vehicles5↦69.08870339393616)}"
      },
      "probabilisticVariables": null,
      "activating": [
        "FASTER_45"
      ],
      "activatingOnlyWhenExecuted": true,
      "updating": null,
      "withPredicate": null
    },
    {
      "id": "FASTER_45",
      "execute": "FASTER",
      "after": "1000",
      "priority": 0,
      "additionalGuards": null,
      "activationKind": null,
      "fixedVariables": {
        "Crash": "FALSE",
        "VehiclesAy": "{(EgoVehicle↦0.0),(Vehicles2↦0.0),(Vehicles3↦0.0),(Vehicles4↦0.0),(Vehicles5↦0.0)}",
        "Reward": "0.8491083676268861",
        "VehiclesAx": "{(EgoVehicle↦4.341564178466797),(Vehicles2↦-4.824156314134598),(Vehicles3↦-3.826040020212531),(Vehicles4↦-4.33916300535202),(Vehicles5↦-4.323407588526607)}",
        "VehiclesVx": "{(EgoVehicle↦24.341564178466797),(Vehicles2↦-4.448032975196838),(Vehicles3↦-3.9547571539878845),(Vehicles4↦-2.388782948255539),(Vehicles5↦-4.21929806470871)}",
        "VehiclesY": "{(EgoVehicle↦8.000000238418579),(Vehicles2↦0.0),(Vehicles3↦-8.000000238418579),(Vehicles4↦-4.0000001192092896),(Vehicles5↦0.0)}",
        "VehiclesVy": "{(EgoVehicle↦0.0),(Vehicles2↦0.0),(Vehicles3↦0.0),(Vehicles4↦0.0),(Vehicles5↦0.0)}",
        "VehiclesX": "{(EgoVehicle↦200.0),(Vehicles2↦5.930037796497345),(Vehicles3↦5.968144908547401),(Vehicles4↦28.865793347358704),(Vehicles5↦66.80505275726318)}"
      },
      "probabilisticVariables": null,
      "activating": [
        "SLOWER_46"
      ],
      "activatingOnlyWhenExecuted": true,
      "updating": null,
      "withPredicate": null
    },
    {
      "id": "SLOWER_46",
      "execute": "SLOWER",
      "after": "1000",
      "priority": 0,
      "additionalGuards": null,
      "activationKind": null,
      "fixedVariables": {
        "Crash": "TRUE",
        "VehiclesAy": "{(EgoVehicle↦0.0),(Vehicles2↦0.0),(Vehicles3↦0.0),(Vehicles4↦0.0),(Vehicles5↦0.0)}",
        "Reward": "0.06666666666666665",
        "VehiclesAx": "{(EgoVehicle↦-13.113616704940796),(Vehicles2↦3.4100408107042313),(Vehicles3↦13.124612271785736),(Vehicles4↦13.11520740389824),(Vehicles5↦13.131310641765594)}",
        "VehiclesVx": "{(EgoVehicle↦11.227947473526001),(Vehicles2↦-1.0379921644926071),(Vehicles3↦9.169855117797852),(Vehicles4↦10.7264244556427),(Vehicles5↦8.912012577056885)}",
        "VehiclesY": "{(EgoVehicle↦8.000000238418579),(Vehicles2↦0.0),(Vehicles3↦-8.000000238418579),(Vehicles4↦-4.0000001192092896),(Vehicles5↦0.0)}",
        "VehiclesVy": "{(EgoVehicle↦0.0),(Vehicles2↦0.0),(Vehicles3↦0.0),(Vehicles4↦0.0),(Vehicles5↦0.0)}",
        "VehiclesX": "{(EgoVehicle↦200.0),(Vehicles2↦5.000000074505806),(Vehicles3↦6.9846011698246),(Vehicles4↦31.444546580314636),(Vehicles5↦67.5597071647644)}"
      },
      "probabilisticVariables": null,
      "activating": null,
      "activatingOnlyWhenExecuted": true,
      "updating": null,
      "withPredicate": null
    }
  ],
  "listeners": [],
  "metadata": {
    "fileType": "Timed_Trace",
    "formatVersion": 3,
    "savedAt": "2023-08-15T12:35:18.146902Z",
    "creator": "Simulation: MONTE_CARLO_SIMULATION; MAX_STEPS_BEFORE_PROPERTY : 0, EXECUTIONS : 1000, ENDING_TIME : 60000",
    "proB2KernelVersion": "4.12.2",
    "proBCliVersion": "1.12.2-final",
    "modelName": "HighwayEnvironment"
  }
}