{
  "variables": {},
  "activations": [
    {
      "id": "$setup_constants",
      "execute": "$setup_constants",
      "after": "0",
      "priority": 0,
      "additionalGuards": null,
      "activationKind": null,
      "fixedVariables": null,
      "probabilisticVariables": null,
      "activating": null,
      "activatingOnlyWhenExecuted": true,
      "updating": null,
      "withPredicate": null
    },
    {
      "id": "$initialise_machine",
      "execute": "$initialise_machine",
      "after": "0",
      "priority": 0,
      "additionalGuards": null,
      "activationKind": null,
      "fixedVariables": {
        "Crash": "FALSE",
        "VehiclesAy": "{(EgoVehicle↦0.0),(Vehicles2↦0.0),(Vehicles3↦0.0),(Vehicles4↦0.0),(Vehicles5↦0.0)}",
        "Reward": "0.0",
        "VehiclesAx": "{(EgoVehicle↦0.0),(Vehicles2↦0.0),(Vehicles3↦0.0),(Vehicles4↦0.0),(Vehicles5↦0.0)}",
        "VehiclesVx": "{(EgoVehicle↦25.0),(Vehicles2↦-3.748372197151184),(Vehicles3↦-3.56395423412323),(Vehicles4↦-2.1745406091213226),(Vehicles5↦-3.6818206310272217)}",
        "VehiclesY": "{(EgoVehicle↦4.0000001192092896),(Vehicles2↦4.0000001192092896),(Vehicles3↦0.0),(Vehicles4↦-4.0000001192092896),(Vehicles5↦-4.0000001192092896)}",
        "VehiclesVy": "{(EgoVehicle↦0.0),(Vehicles2↦0.0),(Vehicles3↦0.0),(Vehicles4↦0.0),(Vehicles5↦0.0)}",
        "VehiclesX": "{(EgoVehicle↦152.12602615356445),(Vehicles2↦23.85459989309311),(Vehicles3↦48.724356293678284),(Vehicles4↦72.67366647720337),(Vehicles5↦95.80344557762146)}"
      },
      "probabilisticVariables": null,
      "activating": [
        "SLOWER_2"
      ],
      "activatingOnlyWhenExecuted": true,
      "updating": null,
      "withPredicate": null
    },
    {
      "id": "SLOWER_2",
      "execute": "SLOWER",
      "after": "1000",
      "priority": 0,
      "additionalGuards": null,
      "activationKind": null,
      "fixedVariables": {
        "Crash": "FALSE",
        "VehiclesAy": "{(EgoVehicle↦0.0),(Vehicles2↦0.0),(Vehicles3↦0.0),(Vehicles4↦0.0),(Vehicles5↦0.0)}",
        "Reward": "0.7175582990397805",
        "VehiclesAx": "{(EgoVehicle↦-4.341564178466797),(Vehicles2↦3.8551791943609715),(Vehicles3↦4.1971079260110855),(Vehicles4↦-1.095193773508072),(Vehicles5↦3.4360457956790924)}",
        "VehiclesVx": "{(EgoVehicle↦20.658435821533203),(Vehicles2↦0.10680699720978737),(Vehicles3↦0.6331536918878555),(Vehicles4↦-3.2697343826293945),(Vehicles5↦-0.24577483534812927)}",
        "VehiclesY": "{(EgoVehicle↦4.0000001192092896),(Vehicles2↦4.0000001192092896),(Vehicles3↦0.0),(Vehicles4↦-4.0000001192092896),(Vehicles5↦-4.0000001192092896)}",
        "VehiclesVy": "{(EgoVehicle↦0.0),(Vehicles2↦0.0),(Vehicles3↦0.0),(Vehicles4↦0.0),(Vehicles5↦0.0)}",
        "VehiclesX": "{(EgoVehicle↦174.7309684753418),(Vehicles2↦22.31440395116806),(Vehicles3↦47.49020338058472),(Vehicles4↦70.51382660865784),(Vehicles5↦94.16312575340271)}"
      },
      "probabilisticVariables": null,
      "activating": [
        "LANE_RIGHT_3"
      ],
      "activatingOnlyWhenExecuted": true,
      "updating": null,
      "withPredicate": null
    },
    {
      "id": "LANE_RIGHT_3",
      "execute": "LANE_RIGHT",
      "after": "1000",
      "priority": 0,
      "additionalGuards": null,
      "activationKind": null,
      "fixedVariables": {
        "Crash": "FALSE",
        "VehiclesAy": "{(EgoVehicle↦1.1575503647327423),(Vehicles2↦-1.1575503647327423),(Vehicles3↦-1.1575503647327423),(Vehicles4↦-1.1575503647327423),(Vehicles5↦-1.1575503647327423)}",
        "Reward": "0.7347553717229882",
        "VehiclesAx": "{(EgoVehicle↦-0.6051087379455566),(Vehicles2↦0.1429988630115986),(Vehicles3↦0.09097807109355927),(Vehicles4↦-0.898081362247467),(Vehicles5↦0.10949963703751564)}",
        "VehiclesVx": "{(EgoVehicle↦20.053327083587646),(Vehicles2↦0.24980586022138596),(Vehicles3↦0.7241317629814148),(Vehicles4↦-4.167815744876862),(Vehicles5↦-0.13627519831061363)}",
        "VehiclesY": "{(EgoVehicle↦7.599039316177368),(Vehicles2↦0.4009609669446945),(Vehicles3↦-3.5990391969680786),(Vehicles4↦-7.599039316177368),(Vehicles5↦-7.599039316177368)}",
        "VehiclesVy": "{(EgoVehicle↦1.1575503647327423),(Vehicles2↦-1.1575503647327423),(Vehicles3↦-1.1575503647327423),(Vehicles4↦-1.1575503647327423),(Vehicles5↦-1.1575503647327423)}",
        "VehiclesX": "{(EgoVehicle↦194.69748735427856),(Vehicles2↦22.907176613807678),(Vehicles3↦48.571160435676575),(Vehicles4↦67.14344620704651),(Vehicles5↦94.25039887428284)}"
      },
      "probabilisticVariables": null,
      "activating": [
        "SLOWER_4"
      ],
      "activatingOnlyWhenExecuted": true,
      "updating": null,
      "withPredicate": null
    },
    {
      "id": "SLOWER_4",
      "execute": "SLOWER",
      "after": "1000",
      "priority": 0,
      "additionalGuards": null,
      "activationKind": null,
      "fixedVariables": {
        "Crash": "FALSE",
        "VehiclesAy": "{(EgoVehicle↦-1.0850363736972213),(Vehicles2↦1.0850363736972213),(Vehicles3↦1.0850363736972213),(Vehicles4↦1.0850363736972213),(Vehicles5↦-1.2300643557682633)}",
        "Reward": "0.7336343175706367",
        "VehiclesAx": "{(EgoVehicle↦-0.042040348052978516),(Vehicles2↦-0.15884414315223694),(Vehicles3↦-0.9506352059543133),(Vehicles4↦0.048485398292541504),(Vehicles5↦0.17829797696322203)}",
        "VehiclesVx": "{(EgoVehicle↦20.011286735534668),(Vehicles2↦0.09096171706914902),(Vehicles3↦-0.22650344297289848),(Vehicles4↦-4.11933034658432),(Vehicles5↦0.042022778652608395)}",
        "VehiclesY": "{(EgoVehicle↦7.975029230117798),(Vehicles2↦0.024970664642751217),(Vehicles3↦-3.975029468536377),(Vehicles4↦-7.975029230117798),(Vehicles5↦-7.975029230117798)}",
        "VehiclesVy": "{(EgoVehicle↦0.07251399103552103),(Vehicles2↦-0.07251399103552103),(Vehicles3↦-0.07251399103552103),(Vehicles4↦-0.07251399103552103),(Vehicles5↦-0.07251399103552103)}",
        "VehiclesX": "{(EgoVehicle↦200.0),(Vehicles2↦23.026546835899353),(Vehicles3↦48.94108772277832),(Vehicles4↦62.92992830276489),(Vehicles5↦94.19187307357788)}"
      },
      "probabilisticVariables": null,
      "activating": [
        "SLOWER_5"
      ],
      "activatingOnlyWhenExecuted": true,
      "updating": null,
      "withPredicate": null
    },
    {
      "id": "SLOWER_5",
      "execute": "SLOWER",
      "after": "1000",
      "priority": 0,
      "additionalGuards": null,
      "activationKind": null,
      "fixedVariables": {
        "Crash": "FALSE",
        "VehiclesAy": "{(EgoVehicle↦-0.06800265837227926),(Vehicles2↦0.06800265837227926),(Vehicles3↦0.06800265837227926),(Vehicles4↦0.06800265837227926),(Vehicles5↦-0.0770253236987628)}",
        "Reward": "0.7333734169209144",
        "VehiclesAx": "{(EgoVehicle↦-0.009784698486328125),(Vehicles2↦0.2835480496287346),(Vehicles3↦-0.5434813536703587),(Vehicles4↦0.4614490270614624),(Vehicles5↦0.06021465640515089)}",
        "VehiclesVx": "{(EgoVehicle↦20.00150203704834),(Vehicles2↦0.3745097666978836),(Vehicles3↦-0.7699847966432571),(Vehicles4↦-3.6578813195228577),(Vehicles5↦0.10223743505775928)}",
        "VehiclesY": "{(EgoVehicle↦7.998446702957153),(Vehicles2↦0.0015532784163951874),(Vehicles3↦-3.9984465837478638),(Vehicles4↦-7.998446702957153),(Vehicles5↦-7.998446702957153)}",
        "VehiclesVy": "{(EgoVehicle↦0.004511332663241774),(Vehicles2↦-0.004511332663241774),(Vehicles3↦-0.004511332663241774),(Vehicles4↦-0.004511332663241774),(Vehicles5↦-0.004511332663241774)}",
        "VehiclesX": "{(EgoVehicle↦200.0),(Vehicles2↦23.24487268924713),(Vehicles3↦48.46664369106293),(Vehicles4↦58.980345726013184),(Vehicles5↦94.26392912864685)}"
      },
      "probabilisticVariables": null,
      "activating": [
        "SLOWER_6"
      ],
      "activatingOnlyWhenExecuted": true,
      "updating": null,
      "withPredicate": null
    },
    {
      "id": "SLOWER_6",
      "execute": "SLOWER",
      "after": "1000",
      "priority": 0,
      "additionalGuards": null,
      "activationKind": null,
      "fixedVariables": {
        "Crash": "FALSE",
        "VehiclesAy": "{(EgoVehicle↦-0.00423064408096252),(Vehicles2↦0.00423064408096252),(Vehicles3↦0.00423064408096252),(Vehicles4↦0.00423064408096252),(Vehicles5↦-0.004792021245521028)}",
        "Reward": "0.7333386135645488",
        "VehiclesAx": "{(EgoVehicle↦-0.0013041496276855469),(Vehicles2↦0.15411388128995895),(Vehicles3↦-0.2673805505037308),(Vehicles4↦0.5465632677078247),(Vehicles5↦0.012904535979032516)}",
        "VehiclesVx": "{(EgoVehicle↦20.000197887420654),(Vehicles2↦0.5286236479878426),(Vehicles3↦-1.037365347146988),(Vehicles4↦-3.111318051815033),(Vehicles5↦0.1151419710367918)}",
        "VehiclesY": "{(EgoVehicle↦7.999903678894043),(Vehicles2↦9.664130266173743E-05),(Vehicles3↦-3.9999032020568848),(Vehicles4↦-7.999903678894043),(Vehicles5↦-7.999903678894043)}",
        "VehiclesVy": "{(EgoVehicle↦0.00028068858227925375),(Vehicles2↦-0.00028068858227925375),(Vehicles3↦-0.00028068858227925375),(Vehicles4↦-0.00028068858227925375),(Vehicles5↦-0.00028068858227925375)}",
        "VehiclesX": "{(EgoVehicle↦200.0),(Vehicles2↦23.688410222530365),(Vehicles3↦47.574302554130554),(Vehicles4↦55.54059147834778),(Vehicles5↦94.37348246574402)}"
      },
      "probabilisticVariables": null,
      "activating": [
        "SLOWER_7"
      ],
      "activatingOnlyWhenExecuted": true,
      "updating": null,
      "withPredicate": null
    },
    {
      "id": "SLOWER_7",
      "execute": "SLOWER",
      "after": "1000",
      "priority": 0,
      "additionalGuards": null,
      "activationKind": null,
      "fixedVariables": {
        "Crash": "FALSE",
        "VehiclesAy": "{(EgoVehicle↦-0.000263224223999714),(Vehicles2↦0.000263224223999714),(Vehicles3↦0.000263224223999714),(Vehicles4↦0.000263224223999714),(Vehicles5↦-0.0002981529405587935)}",
        "Reward": "0.7333340286791369",
        "VehiclesAx": "{(EgoVehicle↦-0.000171661376953125),(Vehicles2↦0.08444782346487045),(Vehicles3↦-0.1228448748588562),(Vehicles4↦0.5138537287712097),(Vehicles5↦-0.004486823454499245)}",
        "VehiclesVx": "{(EgoVehicle↦20.0000262260437),(Vehicles2↦0.613071471452713),(Vehicles3↦-1.1602102220058441),(Vehicles4↦-2.5974643230438232),(Vehicles5↦0.11065514758229256)}",
        "VehiclesY": "{(EgoVehicle↦7.999993801116943),(Vehicles2↦6.012981430103537E-06),(Vehicles3↦-3.9999940395355225),(Vehicles4↦-7.999993801116943),(Vehicles5↦-7.999993801116943)}",
        "VehiclesVy": "{(EgoVehicle↦1.7464358279539738E-05),(Vehicles2↦-1.7464358279539738E-05),(Vehicles3↦-1.7464358279539738E-05),(Vehicles4↦-1.7464358279539738E-05),(Vehicles5↦-1.7464358279539738E-05)}",
        "VehiclesX": "{(EgoVehicle↦200.0),(Vehicles2↦24.254851043224335),(Vehicles3↦46.47946059703827),(Vehicles4↦52.63980031013489),(Vehicles5↦94.48761940002441)}"
      },
      "probabilisticVariables": null,
      "activating": [
        "SLOWER_8"
      ],
      "activatingOnlyWhenExecuted": true,
      "updating": null,
      "withPredicate": null
    },
    {
      "id": "SLOWER_8",
      "execute": "SLOWER",
      "after": "1000",
      "priority": 0,
      "additionalGuards": null,
      "activationKind": null,
      "fixedVariables": {
        "Crash": "FALSE",
        "VehiclesAy": "{(EgoVehicle↦-1.6377728400129854E-05),(Vehicles2↦1.6377728400129854E-05),(Vehicles3↦1.6377728400129854E-05),(Vehicles4↦1.6377728400129854E-05),(Vehicles5↦-1.8550988158949622E-05)}",
        "Reward": "0.733333424901531",
        "VehiclesAx": "{(EgoVehicle↦-2.384185791015625E-05),(Vehicles2↦0.046194568276405334),(Vehicles3↦-0.04379481077194214),(Vehicles4↦0.44013023376464844),(Vehicles5↦-0.010527689009904861)}",
        "VehiclesVx": "{(EgoVehicle↦20.00000238418579),(Vehicles2↦0.6592660397291183),(Vehicles3↦-1.2040050327777863),(Vehicles4↦-2.157334089279175),(Vehicles5↦0.1001274585723877)}",
        "VehiclesY": "{(EgoVehicle↦7.999999523162842),(Vehicles2↦3.741267136092574E-07),(Vehicles3↦-3.999999761581421),(Vehicles4↦-7.999999523162842),(Vehicles5↦-7.999999523162842)}",
        "VehiclesVy": "{(EgoVehicle↦1.0866298794098839E-06),(Vehicles2↦-1.0866298794098839E-06),(Vehicles3↦-1.0866298794098839E-06),(Vehicles4↦-1.0866298794098839E-06),(Vehicles5↦-1.0866298794098839E-06)}",
        "VehiclesX": "{(EgoVehicle↦200.0),(Vehicles2↦24.888627231121063),(Vehicles3↦45.29712200164795),(Vehicles4↦50.22485852241516),(Vehicles5↦94.59430575370789)}"
      },
      "probabilisticVariables": null,
      "activating": [
        "SLOWER_9"
      ],
      "activatingOnlyWhenExecuted": true,
      "updating": null,
      "withPredicate": null
    },
    {
      "id": "SLOWER_9",
      "execute": "SLOWER",
      "after": "1000",
      "priority": 0,
      "additionalGuards": null,
      "activationKind": null,
      "fixedVariables": {
        "Crash": "FALSE",
        "VehiclesAy": "{(EgoVehicle↦-1.0190199084547658E-06),(Vehicles2↦1.0190199084547658E-06),(Vehicles3↦1.0190199084547658E-06),(Vehicles4↦1.0190199084547658E-06),(Vehicles5↦-1.154239850365002E-06)}",
        "Reward": "0.7333333453916969",
        "VehiclesAx": "{(EgoVehicle↦-2.384185791015625E-06),(Vehicles2↦0.02506047487258911),(Vehicles3↦1.6242265701293945E-05),(Vehicles4↦0.3601321578025818),(Vehicles5↦-0.011911755427718163)}",
        "VehiclesVx": "{(EgoVehicle↦20.0),(Vehicles2↦0.6843265146017075),(Vehicles3↦-1.203988790512085),(Vehicles4↦-1.797201931476593),(Vehicles5↦0.08821570314466953)}",
        "VehiclesY": "{(EgoVehicle↦8.000000238418579),(Vehicles2↦2.3278118099767653E-08),(Vehicles3↦-4.0000001192092896),(Vehicles4↦-8.000000238418579),(Vehicles5↦-8.000000238418579)}",
        "VehiclesVy": "{(EgoVehicle↦6.760997095511811E-08),(Vehicles2↦-6.760997095511811E-08),(Vehicles3↦-6.760997095511811E-08),(Vehicles4↦-6.760997095511811E-08),(Vehicles5↦-6.760997095511811E-08)}",
        "VehiclesX": "{(EgoVehicle↦200.0),(Vehicles2↦25.55915117263794),(Vehicles3↦44.09056603908539),(Vehicles4↦48.217764496803284),(Vehicles5↦94.68967914581299)}"
      },
      "probabilisticVariables": null,
      "activating": [
        "SLOWER_10"
      ],
      "activatingOnlyWhenExecuted": true,
      "updating": null,
      "withPredicate": null
    },
    {
      "id": "SLOWER_10",
      "execute": "SLOWER",
      "after": "1000",
      "priority": 0,
      "additionalGuards": null,
      "activationKind": null,
      "fixedVariables": {
        "Crash": "FALSE",
        "VehiclesAy": "{(EgoVehicle↦-6.340329150589241E-08),(Vehicles2↦6.340329150589241E-08),(Vehicles3↦6.340329150589241E-08),(Vehicles4↦6.340329150589241E-08),(Vehicles5↦-7.181665040434382E-08)}",
        "Reward": "0.733333334921266",
        "VehiclesAx": "{(EgoVehicle↦0.0),(Vehicles2↦0.013271123170852661),(Vehicles3↦0.024257376790046692),(Vehicles4↦0.288371741771698),(Vehicles5↦-0.011444413103163242)}",
        "VehiclesVx": "{(EgoVehicle↦20.0),(Vehicles2↦0.6975976377725601),(Vehicles3↦-1.1797314137220383),(Vehicles4↦-1.508830189704895),(Vehicles5↦0.07677129004150629)}",
        "VehiclesY": "{(EgoVehicle↦8.000000238418579),(Vehicles2↦1.4483614307891912E-09),(Vehicles3↦-4.0000001192092896),(Vehicles4↦-8.000000238418579),(Vehicles5↦-8.000000238418579)}",
        "VehiclesVy": "{(EgoVehicle↦4.206679449225703E-09),(Vehicles2↦-4.206679449225703E-09),(Vehicles3↦-4.206679449225703E-09),(Vehicles4↦-4.206679449225703E-09),(Vehicles5↦-4.206679449225703E-09)}",
        "VehiclesX": "{(EgoVehicle↦200.0),(Vehicles2↦26.24948024749756),(Vehicles3↦42.89487302303314),(Vehicles4↦46.54116332530975),(Vehicles5↦94.77323889732361)}"
      },
      "probabilisticVariables": null,
      "activating": [
        "SLOWER_11"
      ],
      "activatingOnlyWhenExecuted": true,
      "updating": null,
      "withPredicate": null
    },
    {
      "id": "SLOWER_11",
      "execute": "SLOWER",
      "after": "1000",
      "priority": 0,
      "additionalGuards": null,
      "activationKind": null,
      "fixedVariables": {
        "Crash": "FALSE",
        "VehiclesAy": "{(EgoVehicle↦-3.94495103250847E-09),(Vehicles2↦3.944942150724273E-09),(Vehicles3↦3.944942150724273E-09),(Vehicles4↦3.944942150724273E-09),(Vehicles5↦-4.468416747727133E-09)}",
        "Reward": "0.7333333335424438",
        "VehiclesAx": "{(EgoVehicle↦0.0),(Vehicles2↦0.006573498249053955),(Vehicles3↦0.037479475140571594),(Vehicles4↦0.2293318510055542),(Vehicles5↦-0.010329512879252434)}",
        "VehiclesVx": "{(EgoVehicle↦20.0),(Vehicles2↦0.7041711360216141),(Vehicles3↦-1.1422519385814667),(Vehicles4↦-1.2794983386993408),(Vehicles5↦0.06644177716225386)}",
        "VehiclesY": "{(EgoVehicle↦8.000000238418579),(Vehicles2↦9.01172469980338E-11),(Vehicles3↦-4.0000001192092896),(Vehicles4↦-8.000000238418579),(Vehicles5↦-8.000000238418579)}",
        "VehiclesVy": "{(EgoVehicle↦2.617284167172329E-10),(Vehicles2↦-2.617372985014299E-10),(Vehicles3↦-2.617372985014299E-10),(Vehicles4↦-2.617372985014299E-10),(Vehicles5↦-2.617372985014299E-10)}",
        "VehiclesX": "{(EgoVehicle↦200.0),(Vehicles2↦26.950109004974365),(Vehicles3↦41.72937870025635),(Vehicles4↦45.128265023231506),(Vehicles5↦94.84578371047974)}"
      },
      "probabilisticVariables": null,
      "activating": [
        "SLOWER_12"
      ],
      "activatingOnlyWhenExecuted": true,
      "updating": null,
      "withPredicate": null
    },
    {
      "id": "SLOWER_12",
      "execute": "SLOWER",
      "after": "1000",
      "priority": 0,
      "additionalGuards": null,
      "activationKind": null,
      "fixedVariables": {
        "Crash": "FALSE",
        "VehiclesAy": "{(EgoVehicle↦-2.454392244999326E-10),(Vehicles2↦2.454481062841296E-10),(Vehicles3↦2.454481062841296E-10),(Vehicles4↦2.454481062841296E-10),(Vehicles5↦-2.780264907187302E-10)}",
        "Reward": "0.7333333333608705",
        "VehiclesAx": "{(EgoVehicle↦0.0),(Vehicles2↦0.002656877040863037),(Vehicles3↦0.04446357488632202),(Vehicles4↦0.1828744262456894),(Vehicles5↦-0.009061219170689583)}",
        "VehiclesVx": "{(EgoVehicle↦20.0),(Vehicles2↦0.7068280130624771),(Vehicles3↦-1.0977883636951447),(Vehicles4↦-1.0966239124536514),(Vehicles5↦0.057380557991564274)}",
        "VehiclesY": "{(EgoVehicle↦8.000000238418579),(Vehicles2↦5.6061821851471905E-12),(Vehicles3↦-4.0000001192092896),(Vehicles4↦-8.000000238418579),(Vehicles5↦-8.000000238418579)}",
        "VehiclesVy": "{(EgoVehicle↦1.6289192217300297E-11),(Vehicles2↦-1.6289192217300297E-11),(Vehicles3↦-1.6289192217300297E-11),(Vehicles4↦-1.6289192217300297E-11),(Vehicles5↦-1.6289192217300297E-11)}",
        "VehiclesX": "{(EgoVehicle↦200.0),(Vehicles2↦27.655580639839172),(Vehicles3↦40.604522824287415),(Vehicles4↦43.925172090530396),(Vehicles5↦94.9084997177124)}"
      },
      "probabilisticVariables": null,
      "activating": [
        "SLOWER_13"
      ],
      "activatingOnlyWhenExecuted": true,
      "updating": null,
      "withPredicate": null
    },
    {
      "id": "SLOWER_13",
      "execute": "SLOWER",
      "after": "1000",
      "priority": 0,
      "additionalGuards": null,
      "activationKind": null,
      "fixedVariables": {
        "Crash": "FALSE",
        "VehiclesAy": "{(EgoVehicle↦-1.5276668818842154E-11),(Vehicles2↦1.5276668818842154E-11),(Vehicles3↦1.5276668818842154E-11),(Vehicles4↦1.5276668818842154E-11),(Vehicles5↦-1.730171561575844E-11)}",
        "Reward": "0.7333333333369597",
        "VehiclesAx": "{(EgoVehicle↦0.0),(Vehicles2↦0.0002716481685638428),(Vehicles3↦0.008304938673973083),(Vehicles4↦0.1471065729856491),(Vehicles5↦-0.007821829058229923)}",
        "VehiclesVx": "{(EgoVehicle↦20.0),(Vehicles2↦0.707099661231041),(Vehicles3↦-1.0894834250211716),(Vehicles4↦-0.9495173394680023),(Vehicles5↦0.04955872893333435)}",
        "VehiclesY": "{(EgoVehicle↦8.000000238418579),(Vehicles2↦3.490541189421492E-13),(Vehicles3↦-4.0000001192092896),(Vehicles4↦-8.000000238418579),(Vehicles5↦-8.000000238418579)}",
        "VehiclesVy": "{(EgoVehicle↦1.0125233984581428E-12),(Vehicles2↦-1.0125233984581428E-12),(Vehicles3↦-1.0125233984581428E-12),(Vehicles4↦-1.0125233984581428E-12),(Vehicles5↦-1.0125233984581428E-12)}",
        "VehiclesX": "{(EgoVehicle↦200.0),(Vehicles2↦28.362667560577393),(Vehicles3↦39.52571749687195),(Vehicles4↦42.8898811340332),(Vehicles5↦94.96265053749084)}"
      },
      "probabilisticVariables": null,
      "activating": [
        "SLOWER_14"
      ],
      "activatingOnlyWhenExecuted": true,
      "updating": null,
      "withPredicate": null
    },
    {
      "id": "SLOWER_14",
      "execute": "SLOWER",
      "after": "1000",
      "priority": 0,
      "additionalGuards": null,
      "activationKind": null,
      "fixedVariables": {
        "Crash": "FALSE",
        "VehiclesAy": "{(EgoVehicle↦-9.592326932761353E-13),(Vehicles2↦9.592326932761353E-13),(Vehicles3↦9.592326932761353E-13),(Vehicles4↦9.592326932761353E-13),(Vehicles5↦-1.0658141036401503E-12)}",
        "Reward": "0.7333333333338109",
        "VehiclesAx": "{(EgoVehicle↦0.0),(Vehicles2↦-0.7199797069188207),(Vehicles3↦0.536324717104435),(Vehicles4↦0.11977732181549072),(Vehicles5↦-0.0066637154668569565)}",
        "VehiclesVx": "{(EgoVehicle↦20.0),(Vehicles2↦-0.012880045687779784),(Vehicles3↦-0.5531587079167366),(Vehicles4↦-0.8297400176525116),(Vehicles5↦0.042895013466477394)}",
        "VehiclesY": "{(EgoVehicle↦8.000000238418579),(Vehicles2↦2.1316282072803006E-14),(Vehicles3↦-4.0000001192092896),(Vehicles4↦-8.000000238418579),(Vehicles5↦-8.000000238418579)}",
        "VehiclesVy": "{(EgoVehicle↦5.3290705182007514E-14),(Vehicles2↦-5.3290705182007514E-14),(Vehicles3↦-5.3290705182007514E-14),(Vehicles4↦-5.3290705182007514E-14),(Vehicles5↦-5.3290705182007514E-14)}",
        "VehiclesX": "{(EgoVehicle↦200.0),(Vehicles2↦28.727778792381287),(Vehicles3↦38.54580521583557),(Vehicles4↦41.99017882347107),(Vehicles5↦95.00945806503296)}"
      },
      "probabilisticVariables": null,
      "activating": [
        "LANE_RIGHT_15"
      ],
      "activatingOnlyWhenExecuted": true,
      "updating": null,
      "withPredicate": null
    },
    {
      "id": "LANE_RIGHT_15",
      "execute": "LANE_RIGHT",
      "after": "1000",
      "priority": 0,
      "additionalGuards": null,
      "activationKind": null,
      "fixedVariables": {
        "Crash": "FALSE",
        "VehiclesAy": "{(EgoVehicle↦-3.552713678800501E-14),(Vehicles2↦3.552713678800501E-14),(Vehicles3↦3.552713678800501E-14),(Vehicles4↦3.552713678800501E-14),(Vehicles5↦-7.105427357601002E-14)}",
        "Reward": "0.7333333333333963",
        "VehiclesAx": "{(EgoVehicle↦0.0),(Vehicles2↦-0.312067229533568),(Vehicles3↦0.6014780234545469),(Vehicles4↦0.09885981678962708),(Vehicles5↦-0.005590538494288921)}",
        "VehiclesVx": "{(EgoVehicle↦20.0),(Vehicles2↦-0.3249472752213478),(Vehicles3↦0.048319315537810326),(Vehicles4↦-0.7308802008628845),(Vehicles5↦0.03730447497218847)}",
        "VehiclesY": "{(EgoVehicle↦8.000000238418579),(Vehicles2↦2.6645352591003757E-15),(Vehicles3↦-4.0000001192092896),(Vehicles4↦-8.000000238418579),(Vehicles5↦-8.000000238418579)}",
        "VehiclesVy": "{(EgoVehicle↦1.7763568394002505E-14),(Vehicles2↦-1.7763568394002505E-14),(Vehicles3↦-1.7763568394002505E-14),(Vehicles4↦-1.7763568394002505E-14),(Vehicles5↦-1.7763568394002505E-14)}",
        "VehiclesX": "{(EgoVehicle↦200.0),(Vehicles2↦28.57069969177246),(Vehicles3↦38.259315490722656),(Vehicles4↦41.20144248008728),(Vehicles5↦95.05003094673157)}"
      },
      "probabilisticVariables": null,
      "activating": [
        "SLOWER_16"
      ],
      "activatingOnlyWhenExecuted": true,
      "updating": null,
      "withPredicate": null
    },
    {
      "id": "SLOWER_16",
      "execute": "SLOWER",
      "after": "1000",
      "priority": 0,
      "additionalGuards": null,
      "activationKind": null,
      "fixedVariables": {
        "Crash": "FALSE",
        "VehiclesAy": "{(EgoVehicle↦-1.7763568394002505E-14),(Vehicles2↦1.7763568394002505E-14),(Vehicles3↦1.7763568394002505E-14),(Vehicles4↦1.7763568394002505E-14),(Vehicles5↦-1.7763568394002505E-14)}",
        "Reward": "0.7333333333333415",
        "VehiclesAx": "{(EgoVehicle↦0.0),(Vehicles2↦-0.1385241374373436),(Vehicles3↦0.34015399403870106),(Vehicles4↦0.08272513747215271),(Vehicles5↦-0.004591699689626694)}",
        "VehiclesVx": "{(EgoVehicle↦20.0),(Vehicles2↦-0.4634714126586914),(Vehicles3↦0.3884733095765114),(Vehicles4↦-0.6481550633907318),(Vehicles5↦0.03271277528256178)}",
        "VehiclesY": "{(EgoVehicle↦8.000000238418579),(Vehicles2↦0.0),(Vehicles3↦-4.0000001192092896),(Vehicles4↦-8.000000238418579),(Vehicles5↦-8.000000238418579)}",
        "VehiclesVy": "{(EgoVehicle↦0.0),(Vehicles2↦0.0),(Vehicles3↦0.0),(Vehicles4↦0.0),(Vehicles5↦0.0)}",
        "VehiclesX": "{(EgoVehicle↦200.0),(Vehicles2↦28.180918097496033),(Vehicles3↦38.45979571342468),(Vehicles4↦40.50478637218475),(Vehicles5↦95.0854241847992)}"
      },
      "probabilisticVariables": null,
      "activating": [
        "SLOWER_17"
      ],
      "activatingOnlyWhenExecuted": true,
      "updating": null,
      "withPredicate": null
    },
    {
      "id": "SLOWER_17",
      "execute": "SLOWER",
      "after": "1000",
      "priority": 0,
      "additionalGuards": null,
      "activationKind": null,
      "fixedVariables": {
        "Crash": "FALSE",
        "VehiclesAy": "{(EgoVehicle↦0.0),(Vehicles2↦0.0),(Vehicles3↦0.0),(Vehicles4↦0.0),(Vehicles5↦0.0)}",
        "Reward": "0.7333333333333344",
        "VehiclesAx": "{(EgoVehicle↦0.0),(Vehicles2↦-0.052925609052181244),(Vehicles3↦0.184611938893795),(Vehicles4↦0.07013686001300812),(Vehicles5↦-0.003655406180769205)}",
        "VehiclesVx": "{(EgoVehicle↦20.0),(Vehicles2↦-0.5163970217108727),(Vehicles3↦0.5730852484703064),(Vehicles4↦-0.5780182033777237),(Vehicles5↦0.029057369101792574)}",
        "VehiclesY": "{(EgoVehicle↦8.000000238418579),(Vehicles2↦0.0),(Vehicles3↦-4.0000001192092896),(Vehicles4↦-8.000000238418579),(Vehicles5↦-8.000000238418579)}",
        "VehiclesVy": "{(EgoVehicle↦0.0),(Vehicles2↦0.0),(Vehicles3↦0.0),(Vehicles4↦0.0),(Vehicles5↦0.0)}",
        "VehiclesX": "{(EgoVehicle↦200.0),(Vehicles2↦27.691569924354553),(Vehicles3↦38.931313157081604),(Vehicles4↦39.88557755947113),(Vehicles5↦95.1166033744812)}"
      },
      "probabilisticVariables": null,
      "activating": [
        "SLOWER_18"
      ],
      "activatingOnlyWhenExecuted": true,
      "updating": null,
      "withPredicate": null
    },
    {
      "id": "SLOWER_18",
      "execute": "SLOWER",
      "after": "1000",
      "priority": 0,
      "additionalGuards": null,
      "activationKind": null,
      "fixedVariables": {
        "Crash": "FALSE",
        "VehiclesAy": "{(EgoVehicle↦0.0),(Vehicles2↦0.0),(Vehicles3↦0.0),(Vehicles4↦0.0),(Vehicles5↦0.0)}",
        "Reward": "0.7333333333333334",
        "VehiclesAx": "{(EgoVehicle↦0.0),(Vehicles2↦-0.010193362832069397),(Vehicles3↦-1.090918481349945),(Vehicles4↦1.2486431747674942),(Vehicles5↦-0.0027726520784199238)}",
        "VehiclesVx": "{(EgoVehicle↦20.0),(Vehicles2↦-0.526590384542942),(Vehicles3↦-0.5178332328796387),(Vehicles4↦0.6706249713897705),(Vehicles5↦0.02628471702337265)}",
        "VehiclesY": "{(EgoVehicle↦8.000000238418579),(Vehicles2↦0.0),(Vehicles3↦-8.000000238418579),(Vehicles4↦-4.0000001192092896),(Vehicles5↦-8.000000238418579)}",
        "VehiclesVy": "{(EgoVehicle↦0.0),(Vehicles2↦0.0),(Vehicles3↦0.0),(Vehicles4↦0.0),(Vehicles5↦0.0)}",
        "VehiclesX": "{(EgoVehicle↦200.0),(Vehicles2↦27.16875672340393),(Vehicles3↦39.33234214782715),(Vehicles4↦39.54844772815704),(Vehicles5↦95.14448046684265)}"
      },
      "probabilisticVariables": null,
      "activating": [
        "SLOWER_19"
      ],
      "activatingOnlyWhenExecuted": true,
      "updating": null,
      "withPredicate": null
    },
    {
      "id": "SLOWER_19",
      "execute": "SLOWER",
      "after": "1000",
      "priority": 0,
      "additionalGuards": null,
      "activationKind": null,
      "fixedVariables": {
        "Crash": "FALSE",
        "VehiclesAy": "{(EgoVehicle↦0.0),(Vehicles2↦0.0),(Vehicles3↦0.0),(Vehicles4↦0.0),(Vehicles5↦0.0)}",
        "Reward": "0.7333333333333334",
        "VehiclesAx": "{(EgoVehicle↦0.0),(Vehicles2↦0.010770931839942932),(Vehicles3↦0.052208974957466125),(Vehicles4↦0.05047343671321869),(Vehicles5↦-0.0019376142881810665)}",
        "VehiclesVx": "{(EgoVehicle↦20.0),(Vehicles2↦-0.5158194527029991),(Vehicles3↦-0.46562425792217255),(Vehicles4↦0.7210984081029892),(Vehicles5↦0.024347102735191584)}",
        "VehiclesY": "{(EgoVehicle↦8.000000238418579),(Vehicles2↦0.0),(Vehicles3↦-8.000000238418579),(Vehicles4↦-4.0000001192092896),(Vehicles5↦-8.000000238418579)}",
        "VehiclesVy": "{(EgoVehicle↦0.0),(Vehicles2↦0.0),(Vehicles3↦0.0),(Vehicles4↦0.0),(Vehicles5↦0.0)}",
        "VehiclesX": "{(EgoVehicle↦200.0),(Vehicles2↦26.64535343647003),(Vehicles3↦38.83596360683441),(Vehicles4↦40.241944789886475),(Vehicles5↦95.16992568969727)}"
      },
      "probabilisticVariables": null,
      "activating": [
        "SLOWER_20"
      ],
      "activatingOnlyWhenExecuted": true,
      "updating": null,
      "withPredicate": null
    },
    {
      "id": "SLOWER_20",
      "execute": "SLOWER",
      "after": "1000",
      "priority": 0,
      "additionalGuards": null,
      "activationKind": null,
      "fixedVariables": {
        "Crash": "FALSE",
        "VehiclesAy": "{(EgoVehicle↦0.0),(Vehicles2↦0.0),(Vehicles3↦0.0),(Vehicles4↦0.0),(Vehicles5↦0.0)}",
        "Reward": "0.7333333333333334",
        "VehiclesAx": "{(EgoVehicle↦0.0),(Vehicles2↦0.020520947873592377),(Vehicles3↦0.04573151469230652),(Vehicles4↦0.025526955723762512),(Vehicles5↦-0.0011469214223325253)}",
        "VehiclesVx": "{(EgoVehicle↦20.0),(Vehicles2↦-0.49529850482940674),(Vehicles3↦-0.41989274322986603),(Vehicles4↦0.7466253638267517),(Vehicles5↦0.02320018131285906)}",
        "VehiclesY": "{(EgoVehicle↦8.000000238418579),(Vehicles2↦0.0),(Vehicles3↦-8.000000238418579),(Vehicles4↦-4.0000001192092896),(Vehicles5↦-8.000000238418579)}",
        "VehiclesVy": "{(EgoVehicle↦0.0),(Vehicles2↦0.0),(Vehicles3↦0.0),(Vehicles4↦0.0),(Vehicles5↦0.0)}",
        "VehiclesX": "{(EgoVehicle↦200.0),(Vehicles2↦26.137250661849976),(Vehicles3↦38.38909864425659),(Vehicles4↦40.97466468811035),(Vehicles5↦95.19374966621399)}"
      },
      "probabilisticVariables": null,
      "activating": [
        "SLOWER_21"
      ],
      "activatingOnlyWhenExecuted": true,
      "updating": null,
      "withPredicate": null
    },
    {
      "id": "SLOWER_21",
      "execute": "SLOWER",
      "after": "1000",
      "priority": 0,
      "additionalGuards": null,
      "activationKind": null,
      "fixedVariables": {
        "Crash": "FALSE",
        "VehiclesAy": "{(EgoVehicle↦0.0),(Vehicles2↦0.0),(Vehicles3↦0.0),(Vehicles4↦0.0),(Vehicles5↦0.0)}",
        "Reward": "0.7333333333333334",
        "VehiclesAx": "{(EgoVehicle↦0.0),(Vehicles2↦0.024498701095581055),(Vehicles3↦0.04040651023387909),(Vehicles4↦0.012456104159355164),(Vehicles5↦-0.00039876438677310944)}",
        "VehiclesVx": "{(EgoVehicle↦20.0),(Vehicles2↦-0.4707998037338257),(Vehicles3↦-0.37948623299598694),(Vehicles4↦0.7590814679861069),(Vehicles5↦0.02280141692608595)}",
        "VehiclesY": "{(EgoVehicle↦8.000000238418579),(Vehicles2↦0.0),(Vehicles3↦-8.000000238418579),(Vehicles4↦-4.0000001192092896),(Vehicles5↦-8.000000238418579)}",
        "VehiclesVy": "{(EgoVehicle↦0.0),(Vehicles2↦0.0),(Vehicles3↦0.0),(Vehicles4↦0.0),(Vehicles5↦0.0)}",
        "VehiclesX": "{(EgoVehicle↦200.0),(Vehicles2↦25.651580095291138),(Vehicles3↦37.98575699329376),(Vehicles4↦41.727009415626526),(Vehicles5↦95.21673321723938)}"
      },
      "probabilisticVariables": null,
      "activating": [
        "SLOWER_22"
      ],
      "activatingOnlyWhenExecuted": true,
      "updating": null,
      "withPredicate": null
    },
    {
      "id": "SLOWER_22",
      "execute": "SLOWER",
      "after": "1000",
      "priority": 0,
      "additionalGuards": null,
      "activationKind": null,
      "fixedVariables": {
        "Crash": "FALSE",
        "VehiclesAy": "{(EgoVehicle↦0.0),(Vehicles2↦0.0),(Vehicles3↦0.0),(Vehicles4↦0.0),(Vehicles5↦0.0)}",
        "Reward": "0.7333333333333334",
        "VehiclesAx": "{(EgoVehicle↦0.0),(Vehicles2↦0.02554565668106079),(Vehicles3↦0.03598108887672424),(Vehicles4↦0.005662441253662109),(Vehicles5↦0.0003078184090554714)}",
        "VehiclesVx": "{(EgoVehicle↦20.0),(Vehicles2↦-0.4452541470527649),(Vehicles3↦-0.3435051441192627),(Vehicles4↦0.764743909239769),(Vehicles5↦0.02310923533514142)}",
        "VehiclesY": "{(EgoVehicle↦8.000000238418579),(Vehicles2↦0.0),(Vehicles3↦-8.000000238418579),(Vehicles4↦-4.0000001192092896),(Vehicles5↦-8.000000238418579)}",
        "VehiclesVy": "{(EgoVehicle↦0.0),(Vehicles2↦0.0),(Vehicles3↦0.0),(Vehicles4↦0.0),(Vehicles5↦0.0)}",
        "VehiclesX": "{(EgoVehicle↦200.0),(Vehicles2↦25.190985202789307),(Vehicles3↦37.62098550796509),(Vehicles4↦42.48873591423035),(Vehicles5↦95.2396035194397)}"
      },
      "probabilisticVariables": null,
      "activating": [
        "SLOWER_23"
      ],
      "activatingOnlyWhenExecuted": true,
      "updating": null,
      "withPredicate": null
    },
    {
      "id": "SLOWER_23",
      "execute": "SLOWER",
      "after": "1000",
      "priority": 0,
      "additionalGuards": null,
      "activationKind": null,
      "fixedVariables": {
        "Crash": "FALSE",
        "VehiclesAy": "{(EgoVehicle↦0.0),(Vehicles2↦0.0),(Vehicles3↦0.0),(Vehicles4↦0.0),(Vehicles5↦0.0)}",
        "Reward": "0.7333333333333334",
        "VehiclesAx": "{(EgoVehicle↦0.0),(Vehicles2↦0.025148950517177582),(Vehicles3↦0.032268185168504715),(Vehicles4↦0.002159029245376587),(Vehicles5↦0.0009734369814395905)}",
        "VehiclesVx": "{(EgoVehicle↦20.0),(Vehicles2↦-0.4201051965355873),(Vehicles3↦-0.311236958950758),(Vehicles4↦0.7669029384851456),(Vehicles5↦0.02408267231658101)}",
        "VehiclesY": "{(EgoVehicle↦8.000000238418579),(Vehicles2↦0.0),(Vehicles3↦-8.000000238418579),(Vehicles4↦-4.0000001192092896),(Vehicles5↦-8.000000238418579)}",
        "VehiclesVy": "{(EgoVehicle↦0.0),(Vehicles2↦0.0),(Vehicles3↦0.0),(Vehicles4↦0.0),(Vehicles5↦0.0)}",
        "VehiclesX": "{(EgoVehicle↦200.0),(Vehicles2↦24.75585788488388),(Vehicles3↦37.29065954685211),(Vehicles4↦43.254539370536804),(Vehicles5↦95.26305198669434)}"
      },
      "probabilisticVariables": null,
      "activating": [
        "SLOWER_24"
      ],
      "activatingOnlyWhenExecuted": true,
      "updating": null,
      "withPredicate": null
    },
    {
      "id": "SLOWER_24",
      "execute": "SLOWER",
      "after": "1000",
      "priority": 0,
      "additionalGuards": null,
      "activationKind": null,
      "fixedVariables": {
        "Crash": "FALSE",
        "VehiclesAy": "{(EgoVehicle↦0.0),(Vehicles2↦0.0),(Vehicles3↦0.0),(Vehicles4↦0.0),(Vehicles5↦0.0)}",
        "Reward": "0.7333333333333334",
        "VehiclesAx": "{(EgoVehicle↦0.0),(Vehicles2↦0.024083256721496582),(Vehicles3↦0.02912767231464386),(Vehicles4↦0.000371783971786499),(Vehicles5↦0.0015986384823918343)}",
        "VehiclesVx": "{(EgoVehicle↦20.0),(Vehicles2↦-0.39602193981409073),(Vehicles3↦-0.2821092866361141),(Vehicles4↦0.7672747224569321),(Vehicles5↦0.025681310798972845)}",
        "VehiclesY": "{(EgoVehicle↦8.000000238418579),(Vehicles2↦0.0),(Vehicles3↦-8.000000238418579),(Vehicles4↦-4.0000001192092896),(Vehicles5↦-8.000000238418579)}",
        "VehiclesVy": "{(EgoVehicle↦0.0),(Vehicles2↦0.0),(Vehicles3↦0.0),(Vehicles4↦0.0),(Vehicles5↦0.0)}",
        "VehiclesX": "{(EgoVehicle↦200.0),(Vehicles2↦24.345487356185913),(Vehicles3↦36.99130713939667),(Vehicles4↦44.021689891815186),(Vehicles5↦95.28772234916687)}"
      },
      "probabilisticVariables": null,
      "activating": [
        "SLOWER_25"
      ],
      "activatingOnlyWhenExecuted": true,
      "updating": null,
      "withPredicate": null
    },
    {
      "id": "SLOWER_25",
      "execute": "SLOWER",
      "after": "1000",
      "priority": 0,
      "additionalGuards": null,
      "activationKind": null,
      "fixedVariables": {
        "Crash": "FALSE",
        "VehiclesAy": "{(EgoVehicle↦0.0),(Vehicles2↦0.0),(Vehicles3↦0.0),(Vehicles4↦0.0),(Vehicles5↦0.0)}",
        "Reward": "0.7333333333333334",
        "VehiclesAx": "{(EgoVehicle↦0.0),(Vehicles2↦0.0227481871843338),(Vehicles3↦0.026452820748090744),(Vehicles4↦-0.0005230307579040527),(Vehicles5↦0.00218407716602087)}",
        "VehiclesVx": "{(EgoVehicle↦20.0),(Vehicles2↦-0.3732737526297569),(Vehicles3↦-0.2556564658880234),(Vehicles4↦0.766751691699028),(Vehicles5↦0.027865387964993715)}",
        "VehiclesY": "{(EgoVehicle↦8.000000238418579),(Vehicles2↦0.0),(Vehicles3↦-8.000000238418579),(Vehicles4↦-4.0000001192092896),(Vehicles5↦-8.000000238418579)}",
        "VehiclesVy": "{(EgoVehicle↦0.0),(Vehicles2↦0.0),(Vehicles3↦0.0),(Vehicles4↦0.0),(Vehicles5↦0.0)}",
        "VehiclesX": "{(EgoVehicle↦200.0),(Vehicles2↦23.95867556333542),(Vehicles3↦36.719974875450134),(Vehicles4↦44.7888046503067),(Vehicles5↦95.31423449516296)}"
      },
      "probabilisticVariables": null,
      "activating": [
        "SLOWER_26"
      ],
      "activatingOnlyWhenExecuted": true,
      "updating": null,
      "withPredicate": null
    },
    {
      "id": "SLOWER_26",
      "execute": "SLOWER",
      "after": "1000",
      "priority": 0,
      "additionalGuards": null,
      "activationKind": null,
      "fixedVariables": {
        "Crash": "FALSE",
        "VehiclesAy": "{(EgoVehicle↦0.0),(Vehicles2↦0.0),(Vehicles3↦0.0),(Vehicles4↦0.0),(Vehicles5↦0.0)}",
        "Reward": "0.7333333333333334",
        "VehiclesAx": "{(EgoVehicle↦0.0),(Vehicles2↦0.021345913410186768),(Vehicles3↦0.024161264300346375),(Vehicles4↦-0.000955238938331604),(Vehicles5↦0.0027305702678859234)}",
        "VehiclesVx": "{(EgoVehicle↦20.0),(Vehicles2↦-0.35192783921957016),(Vehicles3↦-0.231495201587677),(Vehicles4↦0.7657964527606964),(Vehicles5↦0.03059595823287964)}",
        "VehiclesY": "{(EgoVehicle↦8.000000238418579),(Vehicles2↦0.0),(Vehicles3↦-8.000000238418579),(Vehicles4↦-4.0000001192092896),(Vehicles5↦-8.000000238418579)}",
        "VehiclesVy": "{(EgoVehicle↦0.0),(Vehicles2↦0.0),(Vehicles3↦0.0),(Vehicles4↦0.0),(Vehicles5↦0.0)}",
        "VehiclesX": "{(EgoVehicle↦200.0),(Vehicles2↦23.594051599502563),(Vehicles3↦36.47415339946747),(Vehicles4↦45.555198192596436),(Vehicles5↦95.3431487083435)}"
      },
      "probabilisticVariables": null,
      "activating": [
        "SLOWER_27"
      ],
      "activatingOnlyWhenExecuted": true,
      "updating": null,
      "withPredicate": null
    },
    {
      "id": "SLOWER_27",
      "execute": "SLOWER",
      "after": "1000",
      "priority": 0,
      "additionalGuards": null,
      "activationKind": null,
      "fixedVariables": {
        "Crash": "FALSE",
        "VehiclesAy": "{(EgoVehicle↦0.0),(Vehicles2↦0.0),(Vehicles3↦0.0),(Vehicles4↦0.0),(Vehicles5↦0.0)}",
        "Reward": "0.7333333333333334",
        "VehiclesAx": "{(EgoVehicle↦0.0),(Vehicles2↦0.01997578889131546),(Vehicles3↦0.022188331931829453),(Vehicles4↦-0.001148805022239685),(Vehicles5↦0.0032391236163675785)}",
        "VehiclesVx": "{(EgoVehicle↦20.0),(Vehicles2↦-0.3319520503282547),(Vehicles3↦-0.20930686965584755),(Vehicles4↦0.7646476477384567),(Vehicles5↦0.03383508184924722)}",
        "VehiclesY": "{(EgoVehicle↦8.000000238418579),(Vehicles2↦0.0),(Vehicles3↦-8.000000238418579),(Vehicles4↦-4.0000001192092896),(Vehicles5↦-8.000000238418579)}",
        "VehiclesVy": "{(EgoVehicle↦0.0),(Vehicles2↦0.0),(Vehicles3↦0.0),(Vehicles4↦0.0),(Vehicles5↦0.0)}",
        "VehiclesX": "{(EgoVehicle↦200.0),(Vehicles2↦23.250220715999603),(Vehicles3↦36.25167906284332),(Vehicles4↦46.32054269313812),(Vehicles5↦95.37500143051147)}"
      },
      "probabilisticVariables": null,
      "activating": [
        "SLOWER_28"
      ],
      "activatingOnlyWhenExecuted": true,
      "updating": null,
      "withPredicate": null
    },
    {
      "id": "SLOWER_28",
      "execute": "SLOWER",
      "after": "1000",
      "priority": 0,
      "additionalGuards": null,
      "activationKind": null,
      "fixedVariables": {
        "Crash": "FALSE",
        "VehiclesAy": "{(EgoVehicle↦0.0),(Vehicles2↦0.0),(Vehicles3↦0.0),(Vehicles4↦0.0),(Vehicles5↦0.0)}",
        "Reward": "0.7333333333333334",
        "VehiclesAx": "{(EgoVehicle↦0.0),(Vehicles2↦0.01868385821580887),(Vehicles3↦0.020482614636421204),(Vehicles4↦-0.0012199580669403076),(Vehicles5↦0.003710906021296978)}",
        "VehiclesVx": "{(EgoVehicle↦20.0),(Vehicles2↦-0.31326819211244583),(Vehicles3↦-0.18882425501942635),(Vehicles4↦0.7634276896715164),(Vehicles5↦0.037545987870544195)}",
        "VehiclesY": "{(EgoVehicle↦8.000000238418579),(Vehicles2↦0.0),(Vehicles3↦-8.000000238418579),(Vehicles4↦-4.0000001192092896),(Vehicles5↦-8.000000238418579)}",
        "VehiclesVy": "{(EgoVehicle↦0.0),(Vehicles2↦0.0),(Vehicles3↦0.0),(Vehicles4↦0.0),(Vehicles5↦0.0)}",
        "VehiclesX": "{(EgoVehicle↦200.0),(Vehicles2↦22.925841808319092),(Vehicles3↦36.050692200660706),(Vehicles4↦47.08470404148102),(Vehicles5↦95.4102873802185)}"
      },
      "probabilisticVariables": null,
      "activating": [
        "SLOWER_29"
      ],
      "activatingOnlyWhenExecuted": true,
      "updating": null,
      "withPredicate": null
    },
    {
      "id": "SLOWER_29",
      "execute": "SLOWER",
      "after": "1000",
      "priority": 0,
      "additionalGuards": null,
      "activationKind": null,
      "fixedVariables": {
        "Crash": "FALSE",
        "VehiclesAy": "{(EgoVehicle↦0.0),(Vehicles2↦0.0),(Vehicles3↦0.0),(Vehicles4↦0.0),(Vehicles5↦0.0)}",
        "Reward": "0.7333333333333334",
        "VehiclesAx": "{(EgoVehicle↦0.0),(Vehicles2↦0.017488747835159302),(Vehicles3↦0.019002649933099747),(Vehicles4↦-0.0012294203042984009),(Vehicles5↦0.004147237632423639)}",
        "VehiclesVx": "{(EgoVehicle↦20.0),(Vehicles2↦-0.29577944427728653),(Vehicles3↦-0.1698216050863266),(Vehicles4↦0.762198269367218),(Vehicles5↦0.041693225502967834)}",
        "VehiclesY": "{(EgoVehicle↦8.000000238418579),(Vehicles2↦0.0),(Vehicles3↦-8.000000238418579),(Vehicles4↦-4.0000001192092896),(Vehicles5↦-8.000000238418579)}",
        "VehiclesVy": "{(EgoVehicle↦0.0),(Vehicles2↦0.0),(Vehicles3↦0.0),(Vehicles4↦0.0),(Vehicles5↦0.0)}",
        "VehiclesX": "{(EgoVehicle↦200.0),(Vehicles2↦22.619661688804626),(Vehicles3↦35.86958050727844),(Vehicles4↦47.84764051437378),(Vehicles5↦95.44945955276489)}"
      },
      "probabilisticVariables": null,
      "activating": [
        "SLOWER_30"
      ],
      "activatingOnlyWhenExecuted": true,
      "updating": null,
      "withPredicate": null
    },
    {
      "id": "SLOWER_30",
      "execute": "SLOWER",
      "after": "1000",
      "priority": 0,
      "additionalGuards": null,
      "activationKind": null,
      "fixedVariables": {
        "Crash": "FALSE",
        "VehiclesAy": "{(EgoVehicle↦0.0),(Vehicles2↦0.0),(Vehicles3↦0.0),(Vehicles4↦0.0),(Vehicles5↦0.0)}",
        "Reward": "0.7333333333333334",
        "VehiclesAx": "{(EgoVehicle↦0.0),(Vehicles2↦0.016395505517721176),(Vehicles3↦0.017714640125632286),(Vehicles4↦-0.0012083351612091064),(Vehicles5↦0.004549534060060978)}",
        "VehiclesVx": "{(EgoVehicle↦20.0),(Vehicles2↦-0.27938393875956535),(Vehicles3↦-0.1521069649606943),(Vehicles4↦0.7609899342060089),(Vehicles5↦0.04624275956302881)}",
        "VehiclesY": "{(EgoVehicle↦8.000000238418579),(Vehicles2↦0.0),(Vehicles3↦-8.000000238418579),(Vehicles4↦-4.0000001192092896),(Vehicles5↦-8.000000238418579)}",
        "VehiclesVy": "{(EgoVehicle↦0.0),(Vehicles2↦0.0),(Vehicles3↦0.0),(Vehicles4↦0.0),(Vehicles5↦0.0)}",
        "VehiclesX": "{(EgoVehicle↦200.0),(Vehicles2↦22.330524027347565),(Vehicles3↦35.70694029331207),(Vehicles4↦48.609352111816406),(Vehicles5↦95.49294114112854)}"
      },
      "probabilisticVariables": null,
      "activating": [
        "SLOWER_31"
      ],
      "activatingOnlyWhenExecuted": true,
      "updating": null,
      "withPredicate": null
    },
    {
      "id": "SLOWER_31",
      "execute": "SLOWER",
      "after": "1000",
      "priority": 0,
      "additionalGuards": null,
      "activationKind": null,
      "fixedVariables": {
        "Crash": "FALSE",
        "VehiclesAy": "{(EgoVehicle↦0.0),(Vehicles2↦0.0),(Vehicles3↦0.0),(Vehicles4↦0.0),(Vehicles5↦0.0)}",
        "Reward": "0.7333333333333334",
        "VehiclesAx": "{(EgoVehicle↦0.0),(Vehicles2↦0.015402473509311676),(Vehicles3↦0.016590692102909088),(Vehicles4↦-0.0011730194091796875),(Vehicles5↦0.0049193017184734344)}",
        "VehiclesVx": "{(EgoVehicle↦20.0),(Vehicles2↦-0.2639814652502537),(Vehicles3↦-0.13551627285778522),(Vehicles4↦0.7598169147968292),(Vehicles5↦0.05116206128150225)}",
        "VehiclesY": "{(EgoVehicle↦8.000000238418579),(Vehicles2↦0.0),(Vehicles3↦-8.000000238418579),(Vehicles4↦-4.0000001192092896),(Vehicles5↦-8.000000238418579)}",
        "VehiclesVy": "{(EgoVehicle↦0.0),(Vehicles2↦0.0),(Vehicles3↦0.0),(Vehicles4↦0.0),(Vehicles5↦0.0)}",
        "VehiclesX": "{(EgoVehicle↦200.0),(Vehicles2↦22.05737680196762),(Vehicles3↦35.56155264377594),(Vehicles4↦49.369871616363525),(Vehicles5↦95.54111957550049)}"
      },
      "probabilisticVariables": null,
      "activating": [
        "SLOWER_32"
      ],
      "activatingOnlyWhenExecuted": true,
      "updating": null,
      "withPredicate": null
    },
    {
      "id": "SLOWER_32",
      "execute": "SLOWER",
      "after": "1000",
      "priority": 0,
      "additionalGuards": null,
      "activationKind": null,
      "fixedVariables": {
        "Crash": "FALSE",
        "VehiclesAy": "{(EgoVehicle↦0.0),(Vehicles2↦0.0),(Vehicles3↦0.0),(Vehicles4↦0.0),(Vehicles5↦0.0)}",
        "Reward": "0.7333333333333334",
        "VehiclesAx": "{(EgoVehicle↦0.0),(Vehicles2↦0.014504846185445786),(Vehicles3↦0.01560763455927372),(Vehicles4↦-0.0011318176984786987),(Vehicles5↦0.005258088931441307)}",
        "VehiclesVx": "{(EgoVehicle↦20.0),(Vehicles2↦-0.2494766190648079),(Vehicles3↦-0.1199086382985115),(Vehicles4↦0.7586850970983505),(Vehicles5↦0.056420150212943554)}",
        "VehiclesY": "{(EgoVehicle↦8.000000238418579),(Vehicles2↦0.0),(Vehicles3↦-8.000000238418579),(Vehicles4↦-4.0000001192092896),(Vehicles5↦-8.000000238418579)}",
        "VehiclesVy": "{(EgoVehicle↦0.0),(Vehicles2↦0.0),(Vehicles3↦0.0),(Vehicles4↦0.0),(Vehicles5↦0.0)}",
        "VehiclesX": "{(EgoVehicle↦200.0),(Vehicles2↦21.79926484823227),(Vehicles3↦35.4323536157608),(Vehicles4↦50.129228830337524),(Vehicles5↦95.59435844421387)}"
      },
      "probabilisticVariables": null,
      "activating": [
        "SLOWER_33"
      ],
      "activatingOnlyWhenExecuted": true,
      "updating": null,
      "withPredicate": null
    },
    {
      "id": "SLOWER_33",
      "execute": "SLOWER",
      "after": "1000",
      "priority": 0,
      "additionalGuards": null,
      "activationKind": null,
      "fixedVariables": {
        "Crash": "FALSE",
        "VehiclesAy": "{(EgoVehicle↦0.0),(Vehicles2↦0.0),(Vehicles3↦0.0),(Vehicles4↦0.0),(Vehicles5↦0.0)}",
        "Reward": "0.7333333333333334",
        "VehiclesAx": "{(EgoVehicle↦0.0),(Vehicles2↦0.013696588575839996),(Vehicles3↦0.014746012166142464),(Vehicles4↦-0.0010888278484344482),(Vehicles5↦0.005567469634115696)}",
        "VehiclesVx": "{(EgoVehicle↦20.0),(Vehicles2↦-0.2357800304889679),(Vehicles3↦-0.10516262613236904),(Vehicles4↦0.7575962692499161),(Vehicles5↦0.06198761984705925)}",
        "VehiclesY": "{(EgoVehicle↦8.000000238418579),(Vehicles2↦0.0),(Vehicles3↦-8.000000238418579),(Vehicles4↦-4.0000001192092896),(Vehicles5↦-8.000000238418579)}",
        "VehiclesVy": "{(EgoVehicle↦0.0),(Vehicles2↦0.0),(Vehicles3↦0.0),(Vehicles4↦0.0),(Vehicles5↦0.0)}",
        "VehiclesX": "{(EgoVehicle↦200.0),(Vehicles2↦21.555328369140625),(Vehicles3↦35.31840741634369),(Vehicles4↦50.8874773979187),(Vehicles5↦95.65298557281494)}"
      },
      "probabilisticVariables": null,
      "activating": [
        "SLOWER_34"
      ],
      "activatingOnlyWhenExecuted": true,
      "updating": null,
      "withPredicate": null
    },
    {
      "id": "SLOWER_34",
      "execute": "SLOWER",
      "after": "1000",
      "priority": 0,
      "additionalGuards": null,
      "activationKind": null,
      "fixedVariables": {
        "Crash": "FALSE",
        "VehiclesAy": "{(EgoVehicle↦0.0),(Vehicles2↦0.0),(Vehicles3↦0.0),(Vehicles4↦0.0),(Vehicles5↦0.0)}",
        "Reward": "0.7333333333333334",
        "VehiclesAx": "{(EgoVehicle↦0.0),(Vehicles2↦0.012971218675374985),(Vehicles3↦0.013989340513944626),(Vehicles4↦-0.0010463595390319824),(Vehicles5↦0.005849027074873447)}",
        "VehiclesVx": "{(EgoVehicle↦20.0),(Vehicles2↦-0.2228088118135929),(Vehicles3↦-0.09117328561842442),(Vehicles4↦0.7565499097108841),(Vehicles5↦0.0678366469219327)}",
        "VehiclesY": "{(EgoVehicle↦8.000000238418579),(Vehicles2↦0.0),(Vehicles3↦-8.000000238418579),(Vehicles4↦-4.0000001192092896),(Vehicles5↦-8.000000238418579)}",
        "VehiclesVy": "{(EgoVehicle↦0.0),(Vehicles2↦0.0),(Vehicles3↦0.0),(Vehicles4↦0.0),(Vehicles5↦0.0)}",
        "VehiclesX": "{(EgoVehicle↦200.0),(Vehicles2↦21.32479101419449),(Vehicles3↦35.218897461891174),(Vehicles4↦51.64465308189392),(Vehicles5↦95.71729302406311)}"
      },
      "probabilisticVariables": null,
      "activating": [
        "SLOWER_35"
      ],
      "activatingOnlyWhenExecuted": true,
      "updating": null,
      "withPredicate": null
    },
    {
      "id": "SLOWER_35",
      "execute": "SLOWER",
      "after": "1000",
      "priority": 0,
      "additionalGuards": null,
      "activationKind": null,
      "fixedVariables": {
        "Crash": "FALSE",
        "VehiclesAy": "{(EgoVehicle↦0.0),(Vehicles2↦0.0),(Vehicles3↦0.0),(Vehicles4↦0.0),(Vehicles5↦0.0)}",
        "Reward": "0.7333333333333334",
        "VehiclesAx": "{(EgoVehicle↦0.0),(Vehicles2↦0.01232227310538292),(Vehicles3↦0.013323668390512466),(Vehicles4↦-0.0010053813457489014),(Vehicles5↦0.006104316562414169)}",
        "VehiclesVx": "{(EgoVehicle↦20.0),(Vehicles2↦-0.21048653870821),(Vehicles3↦-0.07784961722791195),(Vehicles4↦0.7555445283651352),(Vehicles5↦0.07394096348434687)}",
        "VehiclesY": "{(EgoVehicle↦8.000000238418579),(Vehicles2↦0.0),(Vehicles3↦-8.000000238418579),(Vehicles4↦-4.0000001192092896),(Vehicles5↦-8.000000238418579)}",
        "VehiclesVy": "{(EgoVehicle↦0.0),(Vehicles2↦0.0),(Vehicles3↦0.0),(Vehicles4↦0.0),(Vehicles5↦0.0)}",
        "VehiclesX": "{(EgoVehicle↦200.0),(Vehicles2↦21.106959879398346),(Vehicles3↦35.13310253620148),(Vehicles4↦52.400797605514526),(Vehicles5↦95.78754901885986)}"
      },
      "probabilisticVariables": null,
      "activating": [
        "SLOWER_36"
      ],
      "activatingOnlyWhenExecuted": true,
      "updating": null,
      "withPredicate": null
    },
    {
      "id": "SLOWER_36",
      "execute": "SLOWER",
      "after": "1000",
      "priority": 0,
      "additionalGuards": null,
      "activationKind": null,
      "fixedVariables": {
        "Crash": "FALSE",
        "VehiclesAy": "{(EgoVehicle↦0.0),(Vehicles2↦0.0),(Vehicles3↦0.0),(Vehicles4↦0.0),(Vehicles5↦0.0)}",
        "Reward": "0.7333333333333334",
        "VehiclesAx": "{(EgoVehicle↦0.0),(Vehicles2↦0.011743567883968353),(Vehicles3↦0.012734541669487953),(Vehicles4↦-0.000964626669883728),(Vehicles5↦0.00625015702098608)}",
        "VehiclesVx": "{(EgoVehicle↦20.0),(Vehicles2↦-0.19874297082424164),(Vehicles3↦-0.065115075558424),(Vehicles4↦0.7545799016952515),(Vehicles5↦0.08019112050533295)}",
        "VehiclesY": "{(EgoVehicle↦8.000000238418579),(Vehicles2↦0.0),(Vehicles3↦-8.000000238418579),(Vehicles4↦-4.0000001192092896),(Vehicles5↦-8.000000238418579)}",
        "VehiclesVy": "{(EgoVehicle↦0.0),(Vehicles2↦0.0),(Vehicles3↦0.0),(Vehicles4↦0.0),(Vehicles5↦0.0)}",
        "VehiclesX": "{(EgoVehicle↦200.0),(Vehicles2↦20.901215076446533),(Vehicles3↦35.06039381027222),(Vehicles4↦53.15595269203186),(Vehicles5↦95.8639919757843)}"
      },
      "probabilisticVariables": null,
      "activating": [
        "SLOWER_37"
      ],
      "activatingOnlyWhenExecuted": true,
      "updating": null,
      "withPredicate": null
    },
    {
      "id": "SLOWER_37",
      "execute": "SLOWER",
      "after": "1000",
      "priority": 0,
      "additionalGuards": null,
      "activationKind": null,
      "fixedVariables": {
        "Crash": "FALSE",
        "VehiclesAy": "{(EgoVehicle↦0.0),(Vehicles2↦0.0),(Vehicles3↦0.0),(Vehicles4↦0.0),(Vehicles5↦0.0)}",
        "Reward": "0.7333333333333334",
        "VehiclesAx": "{(EgoVehicle↦0.0),(Vehicles2↦0.011229123920202255),(Vehicles3↦0.01218471210449934),(Vehicles4↦-0.0008275359869003296),(Vehicles5↦0.006064577028155327)}",
        "VehiclesVx": "{(EgoVehicle↦20.0),(Vehicles2↦-0.18751384690403938),(Vehicles3↦-0.052930363453924656),(Vehicles4↦0.7537523657083511),(Vehicles5↦0.08625569753348827)}",
        "VehiclesY": "{(EgoVehicle↦8.000000238418579),(Vehicles2↦0.0),(Vehicles3↦-8.000000238418579),(Vehicles4↦-4.0000001192092896),(Vehicles5↦-8.000000238418579)}",
        "VehiclesVy": "{(EgoVehicle↦0.0),(Vehicles2↦0.0),(Vehicles3↦0.0),(Vehicles4↦0.0),(Vehicles5↦0.0)}",
        "VehiclesX": "{(EgoVehicle↦200.0),(Vehicles2↦20.70700228214264),(Vehicles3↦35.00019609928131),(Vehicles4↦53.910183906555176),(Vehicles5↦95.94663381576538)}"
      },
      "probabilisticVariables": null,
      "activating": [
        "FASTER_38"
      ],
      "activatingOnlyWhenExecuted": true,
      "updating": null,
      "withPredicate": null
    },
    {
      "id": "FASTER_38",
      "execute": "FASTER",
      "after": "1000",
      "priority": 0,
      "additionalGuards": null,
      "activationKind": null,
      "fixedVariables": {
        "Crash": "FALSE",
        "VehiclesAy": "{(EgoVehicle↦0.0),(Vehicles2↦0.0),(Vehicles3↦0.0),(Vehicles4↦0.0),(Vehicles5↦0.0)}",
        "Reward": "0.8491083676268861",
        "VehiclesAx": "{(EgoVehicle↦4.341564178466797),(Vehicles2↦-4.33079032227397),(Vehicles3↦-4.32992999907583),(Vehicles4↦-4.342099502682686),(Vehicles5↦-4.3358981888741255)}",
        "VehiclesVx": "{(EgoVehicle↦24.341564178466797),(Vehicles2↦-4.518304169178009),(Vehicles3↦-4.382860362529755),(Vehicles4↦-3.5883471369743347),(Vehicles5↦-4.249642491340637)}",
        "VehiclesY": "{(EgoVehicle↦8.000000238418579),(Vehicles2↦0.0),(Vehicles3↦-8.000000238418579),(Vehicles4↦-4.0000001192092896),(Vehicles5↦-8.000000238418579)}",
        "VehiclesVy": "{(EgoVehicle↦0.0),(Vehicles2↦0.0),(Vehicles3↦0.0),(Vehicles4↦0.0),(Vehicles5↦0.0)}",
        "VehiclesX": "{(EgoVehicle↦200.0),(Vehicles2↦18.12877058982849),(Vehicles3↦32.55690038204193),(Vehicles4↦52.268630266189575),(Vehicles5↦93.64013075828552)}"
      },
      "probabilisticVariables": null,
      "activating": [
        "SLOWER_39"
      ],
      "activatingOnlyWhenExecuted": true,
      "updating": null,
      "withPredicate": null
    },
    {
      "id": "SLOWER_39",
      "execute": "SLOWER",
      "after": "1000",
      "priority": 0,
      "additionalGuards": null,
      "activationKind": null,
      "fixedVariables": {
        "Crash": "FALSE",
        "VehiclesAy": "{(EgoVehicle↦0.0),(Vehicles2↦0.0),(Vehicles3↦0.0),(Vehicles4↦0.0),(Vehicles5↦0.0)}",
        "Reward": "0.7485794283843362",
        "VehiclesAx": "{(EgoVehicle↦-3.76983642578125),(Vehicles2↦3.7802063673734665),(Vehicles3↦3.7809111177921295),(Vehicles4↦3.7696735747158527),(Vehicles5↦3.7750783935189247)}",
        "VehiclesVx": "{(EgoVehicle↦20.571727752685547),(Vehicles2↦-0.7380978018045425),(Vehicles3↦-0.6019492447376251),(Vehicles4↦0.18132643774151802),(Vehicles5↦-0.4745640978217125)}",
        "VehiclesY": "{(EgoVehicle↦8.000000238418579),(Vehicles2↦0.0),(Vehicles3↦-8.000000238418579),(Vehicles4↦-4.0000001192092896),(Vehicles5↦-8.000000238418579)}",
        "VehiclesVy": "{(EgoVehicle↦0.0),(Vehicles2↦0.0),(Vehicles3↦0.0),(Vehicles4↦0.0),(Vehicles5↦0.0)}",
        "VehiclesX": "{(EgoVehicle↦200.0),(Vehicles2↦15.694306790828705),(Vehicles3↦30.2581787109375),(Vehicles4↦50.759851932525635),(Vehicles5↦91.47228002548218)}"
      },
      "probabilisticVariables": null,
      "activating": [
        "SLOWER_40"
      ],
      "activatingOnlyWhenExecuted": true,
      "updating": null,
      "withPredicate": null
    },
    {
      "id": "SLOWER_40",
      "execute": "SLOWER",
      "after": "1000",
      "priority": 0,
      "additionalGuards": null,
      "activationKind": null,
      "fixedVariables": {
        "Crash": "FALSE",
        "VehiclesAy": "{(EgoVehicle↦0.0),(Vehicles2↦0.0),(Vehicles3↦0.0),(Vehicles4↦0.0),(Vehicles5↦0.0)}",
        "Reward": "0.7353410495540414",
        "VehiclesAx": "{(EgoVehicle↦-0.49643754959106445),(Vehicles2↦0.5064568109810352),(Vehicles3↦0.5069650523364544),(Vehicles4↦0.4966580681502819),(Vehicles5↦0.5013277940452099)}",
        "VehiclesVx": "{(EgoVehicle↦20.075290203094482),(Vehicles2↦-0.2316409908235073),(Vehicles3↦-0.09498419240117073),(Vehicles4↦0.6779845058917999),(Vehicles5↦0.02676369622349739)}",
        "VehiclesY": "{(EgoVehicle↦8.000000238418579),(Vehicles2↦0.0),(Vehicles3↦-8.000000238418579),(Vehicles4↦-4.0000001192092896),(Vehicles5↦-8.000000238418579)}",
        "VehiclesVy": "{(EgoVehicle↦0.0),(Vehicles2↦0.0),(Vehicles3↦0.0),(Vehicles4↦0.0),(Vehicles5↦0.0)}",
        "VehiclesX": "{(EgoVehicle↦200.0),(Vehicles2↦15.23410826921463),(Vehicles3↦29.934346675872803),(Vehicles4↦51.21510028839111),(Vehicles5↦91.27355813980103)}"
      },
      "probabilisticVariables": null,
      "activating": [
        "SLOWER_41"
      ],
      "activatingOnlyWhenExecuted": true,
      "updating": null,
      "withPredicate": null
    },
    {
      "id": "SLOWER_41",
      "execute": "SLOWER",
      "after": "1000",
      "priority": 0,
      "additionalGuards": null,
      "activationKind": null,
      "fixedVariables": {
        "Crash": "FALSE",
        "VehiclesAy": "{(EgoVehicle↦0.0),(Vehicles2↦0.0),(Vehicles3↦0.0),(Vehicles4↦0.0),(Vehicles5↦0.0)}",
        "Reward": "0.7335977239467599",
        "VehiclesAx": "{(EgoVehicle↦-0.06537437438964844),(Vehicles2↦0.07508272305130959),(Vehicles3↦0.07537361700087786),(Vehicles4↦0.06593942642211914),(Vehicles5↦0.06999577395617962)}",
        "VehiclesVx": "{(EgoVehicle↦20.009915828704834),(Vehicles2↦-0.15655826777219772),(Vehicles3↦-0.019610575400292873),(Vehicles4↦0.7439239323139191),(Vehicles5↦0.09675947017967701)}",
        "VehiclesY": "{(EgoVehicle↦8.000000238418579),(Vehicles2↦0.0),(Vehicles3↦-8.000000238418579),(Vehicles4↦-4.0000001192092896),(Vehicles5↦-8.000000238418579)}",
        "VehiclesVy": "{(EgoVehicle↦0.0),(Vehicles2↦0.0),(Vehicles3↦0.0),(Vehicles4↦0.0),(Vehicles5↦0.0)}",
        "VehiclesX": "{(EgoVehicle↦200.0),(Vehicles2↦15.042437613010406),(Vehicles3↦29.8794686794281),(Vehicles4↦51.9293487071991),(Vehicles5↦91.33825302124023)}"
      },
      "probabilisticVariables": null,
      "activating": [
        "SLOWER_42"
      ],
      "activatingOnlyWhenExecuted": true,
      "updating": null,
      "withPredicate": null
    },
    {
      "id": "SLOWER_42",
      "execute": "SLOWER",
      "after": "1000",
      "priority": 0,
      "additionalGuards": null,
      "activationKind": null,
      "fixedVariables": {
        "Crash": "FALSE",
        "VehiclesAy": "{(EgoVehicle↦0.0),(Vehicles2↦0.0),(Vehicles3↦0.0),(Vehicles4↦0.0),(Vehicles5↦0.0)}",
        "Reward": "0.7333681502042372",
        "VehiclesAx": "{(EgoVehicle↦-0.008609294891357422),(Vehicles2↦0.01804727129638195),(Vehicles3↦0.01811412541428581),(Vehicles4↦0.009471327066421509),(Vehicles5↦0.013035489246249199)}",
        "VehiclesVx": "{(EgoVehicle↦20.001306533813477),(Vehicles2↦-0.13851099647581577),(Vehicles3↦-0.0014964499860070646),(Vehicles4↦0.7533952593803406),(Vehicles5↦0.10979495942592621)}",
        "VehiclesY": "{(EgoVehicle↦8.000000238418579),(Vehicles2↦0.0),(Vehicles3↦-8.000000238418579),(Vehicles4↦-4.0000001192092896),(Vehicles5↦-8.000000238418579)}",
        "VehiclesVy": "{(EgoVehicle↦0.0),(Vehicles2↦0.0),(Vehicles3↦0.0),(Vehicles4↦0.0),(Vehicles5↦0.0)}",
        "VehiclesX": "{(EgoVehicle↦200.0),(Vehicles2↦14.894424378871918),(Vehicles3↦29.86844778060913),(Vehicles4↦52.67834663391113),(Vehicles5↦91.44154787063599)}"
      },
      "probabilisticVariables": null,
      "activating": [
        "SLOWER_43"
      ],
      "activatingOnlyWhenExecuted": true,
      "updating": null,
      "withPredicate": null
    },
    {
      "id": "SLOWER_43",
      "execute": "SLOWER",
      "after": "1000",
      "priority": 0,
      "additionalGuards": null,
      "activationKind": null,
      "fixedVariables": {
        "Crash": "FALSE",
        "VehiclesAy": "{(EgoVehicle↦0.0),(Vehicles2↦0.0),(Vehicles3↦0.0),(Vehicles4↦0.0),(Vehicles5↦0.0)}",
        "Reward": "0.7333379182710655",
        "VehiclesAx": "{(EgoVehicle↦-0.0011348724365234375),(Vehicles2↦0.010338006541132927),(Vehicles3↦0.010181918332818896),(Vehicles4↦0.0022476911544799805),(Vehicles5↦0.005416981875896454)}",
        "VehiclesVx": "{(EgoVehicle↦20.000171661376953),(Vehicles2↦-0.12817298993468285),(Vehicles3↦0.008685468346811831),(Vehicles4↦0.7556429505348206),(Vehicles5↦0.11521194130182266)}",
        "VehiclesY": "{(EgoVehicle↦8.000000238418579),(Vehicles2↦0.0),(Vehicles3↦-8.000000238418579),(Vehicles4↦-4.0000001192092896),(Vehicles5↦-8.000000238418579)}",
        "VehiclesVy": "{(EgoVehicle↦0.0),(Vehicles2↦0.0),(Vehicles3↦0.0),(Vehicles4↦0.0),(Vehicles5↦0.0)}",
        "VehiclesX": "{(EgoVehicle↦200.0),(Vehicles2↦14.7602379322052),(Vehicles3↦29.87123131752014),(Vehicles4↦53.43279242515564),(Vehicles5↦91.55369400978088)}"
      },
      "probabilisticVariables": null,
      "activating": [
        "SLOWER_44"
      ],
      "activatingOnlyWhenExecuted": true,
      "updating": null,
      "withPredicate": null
    },
    {
      "id": "SLOWER_44",
      "execute": "SLOWER",
      "after": "1000",
      "priority": 0,
      "additionalGuards": null,
      "activationKind": null,
      "fixedVariables": {
        "Crash": "FALSE",
        "VehiclesAy": "{(EgoVehicle↦0.0),(Vehicles2↦0.0),(Vehicles3↦0.0),(Vehicles4↦0.0),(Vehicles5↦0.0)}",
        "Reward": "0.7333339371111417",
        "VehiclesAx": "{(EgoVehicle↦-0.00015020370483398438),(Vehicles2↦0.009151846170425415),(Vehicles3↦0.00877711980137974),(Vehicles4↦0.001477748155593872),(Vehicles5↦0.0043221935629844666)}",
        "VehiclesVx": "{(EgoVehicle↦20.00002145767212),(Vehicles2↦-0.11902114376425743),(Vehicles3↦0.01746258814819157),(Vehicles4↦0.7571206986904144),(Vehicles5↦0.11953413486480713)}",
        "VehiclesY": "{(EgoVehicle↦8.000000238418579),(Vehicles2↦0.0),(Vehicles3↦-8.000000238418579),(Vehicles4↦-4.0000001192092896),(Vehicles5↦-8.000000238418579)}",
        "VehiclesVy": "{(EgoVehicle↦0.0),(Vehicles2↦0.0),(Vehicles3↦0.0),(Vehicles4↦0.0),(Vehicles5↦0.0)}",
        "VehiclesX": "{(EgoVehicle↦200.0),(Vehicles2↦14.635762572288513),(Vehicles3↦29.883483052253723),(Vehicles4↦54.189032316207886),(Vehicles5↦91.67066216468811)}"
      },
      "probabilisticVariables": null,
      "activating": [
        "SLOWER_45"
      ],
      "activatingOnlyWhenExecuted": true,
      "updating": null,
      "withPredicate": null
    },
    {
      "id": "SLOWER_45",
      "execute": "SLOWER",
      "after": "1000",
      "priority": 0,
      "additionalGuards": null,
      "activationKind": null,
      "fixedVariables": {
        "Crash": "FALSE",
        "VehiclesAy": "{(EgoVehicle↦0.0),(Vehicles2↦0.0),(Vehicles3↦0.0),(Vehicles4↦0.0),(Vehicles5↦0.0)}",
        "Reward": "0.7333334128431681",
        "VehiclesAx": "{(EgoVehicle↦-1.9073486328125E-05),(Vehicles2↦0.008849231526255608),(Vehicles3↦0.008261030307039618),(Vehicles4↦0.0015343725681304932),(Vehicles5↦0.0041021499782800674)}",
        "VehiclesVx": "{(EgoVehicle↦20.00000238418579),(Vehicles2↦-0.11017191223800182),(Vehicles3↦0.02572361845523119),(Vehicles4↦0.7586550712585449),(Vehicles5↦0.1236362848430872)}",
        "VehiclesY": "{(EgoVehicle↦8.000000238418579),(Vehicles2↦0.0),(Vehicles3↦-8.000000238418579),(Vehicles4↦-4.0000001192092896),(Vehicles5↦-8.000000238418579)}",
        "VehiclesVy": "{(EgoVehicle↦0.0),(Vehicles2↦0.0),(Vehicles3↦0.0),(Vehicles4↦0.0),(Vehicles5↦0.0)}",
        "VehiclesX": "{(EgoVehicle↦200.0),(Vehicles2↦14.520297944545746),(Vehicles3↦29.904282093048096),(Vehicles4↦54.94675636291504),(Vehicles5↦91.79184436798096)}"
      },
      "probabilisticVariables": null,
      "activating": [
        "SLOWER_46"
      ],
      "activatingOnlyWhenExecuted": true,
      "updating": null,
      "withPredicate": null
    },
    {
      "id": "SLOWER_46",
      "execute": "SLOWER",
      "after": "1000",
      "priority": 0,
      "additionalGuards": null,
      "activationKind": null,
      "fixedVariables": {
        "Crash": "FALSE",
        "VehiclesAy": "{(EgoVehicle↦0.0),(Vehicles2↦0.0),(Vehicles3↦0.0),(Vehicles4↦0.0),(Vehicles5↦0.0)}",
        "Reward": "0.7333333438037642",
        "VehiclesAx": "{(EgoVehicle↦-2.384185791015625E-06),(Vehicles2↦0.00868484377861023),(Vehicles3↦0.007888148538768291),(Vehicles4↦0.0016830861568450928),(Vehicles5↦0.0040069036185741425)}",
        "VehiclesVx": "{(EgoVehicle↦20.0),(Vehicles2↦-0.1014870684593916),(Vehicles3↦0.03361176699399948),(Vehicles4↦0.76033815741539),(Vehicles5↦0.12764318846166134)}",
        "VehiclesY": "{(EgoVehicle↦8.000000238418579),(Vehicles2↦0.0),(Vehicles3↦-8.000000238418579),(Vehicles4↦-4.0000001192092896),(Vehicles5↦-8.000000238418579)}",
        "VehiclesVy": "{(EgoVehicle↦0.0),(Vehicles2↦0.0),(Vehicles3↦0.0),(Vehicles4↦0.0),(Vehicles5↦0.0)}",
        "VehiclesX": "{(EgoVehicle↦200.0),(Vehicles2↦14.413610100746155),(Vehicles3↦29.93318736553192),(Vehicles4↦55.706071853637695),(Vehicles5↦91.91709160804749)}"
      },
      "probabilisticVariables": null,
      "activating": [
        "SLOWER_47"
      ],
      "activatingOnlyWhenExecuted": true,
      "updating": null,
      "withPredicate": null
    },
    {
      "id": "SLOWER_47",
      "execute": "SLOWER",
      "after": "1000",
      "priority": 0,
      "additionalGuards": null,
      "activationKind": null,
      "fixedVariables": {
        "Crash": "FALSE",
        "VehiclesAy": "{(EgoVehicle↦0.0),(Vehicles2↦0.0),(Vehicles3↦0.0),(Vehicles4↦0.0),(Vehicles5↦0.0)}",
        "Reward": "0.7333333347121554",
        "VehiclesAx": "{(EgoVehicle↦0.0),(Vehicles2↦0.008558044210076332),(Vehicles3↦0.0075575243681669235),(Vehicles4↦0.0018315762281417847),(Vehicles5↦0.003934688866138458)}",
        "VehiclesVx": "{(EgoVehicle↦20.0),(Vehicles2↦-0.09292902424931526),(Vehicles3↦0.041169291362166405),(Vehicles4↦0.7621697336435318),(Vehicles5↦0.1315778773277998)}",
        "VehiclesY": "{(EgoVehicle↦8.000000238418579),(Vehicles2↦0.0),(Vehicles3↦-8.000000238418579),(Vehicles4↦-4.0000001192092896),(Vehicles5↦-8.000000238418579)}",
        "VehiclesVy": "{(EgoVehicle↦0.0),(Vehicles2↦0.0),(Vehicles3↦0.0),(Vehicles4↦0.0),(Vehicles5↦0.0)}",
        "VehiclesX": "{(EgoVehicle↦200.0),(Vehicles2↦14.315555989742279),(Vehicles3↦29.969847202301025),(Vehicles4↦56.46713376045227),(Vehicles5↦92.04631447792053)}"
      },
      "probabilisticVariables": null,
      "activating": [
        "SLOWER_48"
      ],
      "activatingOnlyWhenExecuted": true,
      "updating": null,
      "withPredicate": null
    },
    {
      "id": "SLOWER_48",
      "execute": "SLOWER",
      "after": "1000",
      "priority": 0,
      "additionalGuards": null,
      "activationKind": null,
      "fixedVariables": {
        "Crash": "FALSE",
        "VehiclesAy": "{(EgoVehicle↦0.0),(Vehicles2↦0.0),(Vehicles3↦0.0),(Vehicles4↦0.0),(Vehicles5↦0.0)}",
        "Reward": "0.7333333335149067",
        "VehiclesAx": "{(EgoVehicle↦0.0),(Vehicles2↦0.008453307673335075),(Vehicles3↦0.007253452204167843),(Vehicles4↦0.0019706785678863525),(Vehicles5↦0.0038707908242940903)}",
        "VehiclesVx": "{(EgoVehicle↦20.0),(Vehicles2↦-0.08447571657598019),(Vehicles3↦0.04842274356633425),(Vehicles4↦0.7641404122114182),(Vehicles5↦0.1354486681520939)}",
        "VehiclesY": "{(EgoVehicle↦8.000000238418579),(Vehicles2↦0.0),(Vehicles3↦-8.000000238418579),(Vehicles4↦-4.0000001192092896),(Vehicles5↦-8.000000238418579)}",
        "VehiclesVy": "{(EgoVehicle↦0.0),(Vehicles2↦0.0),(Vehicles3↦0.0),(Vehicles4↦0.0),(Vehicles5↦0.0)}",
        "VehiclesX": "{(EgoVehicle↦200.0),(Vehicles2↦14.226016402244568),(Vehicles3↦30.01394271850586),(Vehicles4↦57.23007917404175),(Vehicles5↦92.17944741249084)}"
      },
      "probabilisticVariables": null,
      "activating": [
        "SLOWER_49"
      ],
      "activatingOnlyWhenExecuted": true,
      "updating": null,
      "withPredicate": null
    },
    {
      "id": "SLOWER_49",
      "execute": "SLOWER",
      "after": "1000",
      "priority": 0,
      "additionalGuards": null,
      "activationKind": null,
      "fixedVariables": {
        "Crash": "FALSE",
        "VehiclesAy": "{(EgoVehicle↦0.0),(Vehicles2↦0.0),(Vehicles3↦0.0),(Vehicles4↦0.0),(Vehicles5↦0.0)}",
        "Reward": "0.7333333333572442",
        "VehiclesAx": "{(EgoVehicle↦0.0),(Vehicles2↦0.008366513065993786),(Vehicles3↦0.006971885450184345),(Vehicles4↦0.0021009892225265503),(Vehicles5↦0.003812946379184723)}",
        "VehiclesVx": "{(EgoVehicle↦20.0),(Vehicles2↦-0.0761092035099864),(Vehicles3↦0.05539462901651859),(Vehicles4↦0.7662414014339447),(Vehicles5↦0.1392616145312786)}",
        "VehiclesY": "{(EgoVehicle↦8.000000238418579),(Vehicles2↦0.0),(Vehicles3↦-8.000000238418579),(Vehicles4↦-4.0000001192092896),(Vehicles5↦-8.000000238418579)}",
        "VehiclesVy": "{(EgoVehicle↦0.0),(Vehicles2↦0.0),(Vehicles3↦0.0),(Vehicles4↦0.0),(Vehicles5↦0.0)}",
        "VehiclesX": "{(EgoVehicle↦200.0),(Vehicles2↦14.144892990589142),(Vehicles3↦30.065175890922546),(Vehicles4↦57.99505114555359),(Vehicles5↦92.31642484664917)}"
      },
      "probabilisticVariables": null,
      "activating": [
        "SLOWER_50"
      ],
      "activatingOnlyWhenExecuted": true,
      "updating": null,
      "withPredicate": null
    },
    {
      "id": "SLOWER_50",
      "execute": "SLOWER",
      "after": "1000",
      "priority": 0,
      "additionalGuards": null,
      "activationKind": null,
      "fixedVariables": {
        "Crash": "FALSE",
        "VehiclesAy": "{(EgoVehicle↦0.0),(Vehicles2↦0.0),(Vehicles3↦0.0),(Vehicles4↦0.0),(Vehicles5↦0.0)}",
        "Reward": "0.7333333333364821",
        "VehiclesAx": "{(EgoVehicle↦0.0),(Vehicles2↦0.008295206353068352),(Vehicles3↦0.006710682064294815),(Vehicles4↦0.002223476767539978),(Vehicles5↦0.003760894760489464)}",
        "VehiclesVx": "{(EgoVehicle↦20.0),(Vehicles2↦-0.06781399715691805),(Vehicles3↦0.06210531108081341),(Vehicles4↦0.7684648782014847),(Vehicles5↦0.14302250929176807)}",
        "VehiclesY": "{(EgoVehicle↦8.000000238418579),(Vehicles2↦0.0),(Vehicles3↦-8.000000238418579),(Vehicles4↦-4.0000001192092896),(Vehicles5↦-8.000000238418579)}",
        "VehiclesVy": "{(EgoVehicle↦0.0),(Vehicles2↦0.0),(Vehicles3↦0.0),(Vehicles4↦0.0),(Vehicles5↦0.0)}",
        "VehiclesX": "{(EgoVehicle↦200.0),(Vehicles2↦14.072106778621674),(Vehicles3↦30.12327551841736),(Vehicles4↦58.762168884277344),(Vehicles5↦92.45719313621521)}"
      },
      "probabilisticVariables": null,
      "activating": [
        "SLOWER_51"
      ],
      "activatingOnlyWhenExecuted": true,
      "updating": null,
      "withPredicate": null
    },
    {
      "id": "SLOWER_51",
      "execute": "SLOWER",
      "after": "1000",
      "priority": 0,
      "additionalGuards": null,
      "activationKind": null,
      "fixedVariables": {
        "Crash": "FALSE",
        "VehiclesAy": "{(EgoVehicle↦0.0),(Vehicles2↦0.0),(Vehicles3↦0.0),(Vehicles4↦0.0),(Vehicles5↦0.0)}",
        "Reward": "0.7333333333337481",
        "VehiclesAx": "{(EgoVehicle↦0.0),(Vehicles2↦0.008237333968281746),(Vehicles3↦0.006468240171670914),(Vehicles4↦0.0023387372493743896),(Vehicles5↦0.003714766353368759)}",
        "VehiclesVx": "{(EgoVehicle↦20.0),(Vehicles2↦-0.0595766631886363),(Vehicles3↦0.06857355125248432),(Vehicles4↦0.7708036154508591),(Vehicles5↦0.14673727564513683)}",
        "VehiclesY": "{(EgoVehicle↦8.000000238418579),(Vehicles2↦0.0),(Vehicles3↦-8.000000238418579),(Vehicles4↦-4.0000001192092896),(Vehicles5↦-8.000000238418579)}",
        "VehiclesVy": "{(EgoVehicle↦0.0),(Vehicles2↦0.0),(Vehicles3↦0.0),(Vehicles4↦0.0),(Vehicles5↦0.0)}",
        "VehiclesX": "{(EgoVehicle↦200.0),(Vehicles2↦14.00759220123291),(Vehicles3↦30.18798530101776),(Vehicles4↦59.53156352043152),(Vehicles5↦92.60170459747314)}"
      },
      "probabilisticVariables": null,
      "activating": [
        "SLOWER_52"
      ],
      "activatingOnlyWhenExecuted": true,
      "updating": null,
      "withPredicate": null
    },
    {
      "id": "SLOWER_52",
      "execute": "SLOWER",
      "after": "1000",
      "priority": 0,
      "additionalGuards": null,
      "activationKind": null,
      "fixedVariables": {
        "Crash": "FALSE",
        "VehiclesAy": "{(EgoVehicle↦0.0),(Vehicles2↦0.0),(Vehicles3↦0.0),(Vehicles4↦0.0),(Vehicles5↦0.0)}",
        "Reward": "0.733333333333388",
        "VehiclesAx": "{(EgoVehicle↦0.0),(Vehicles2↦0.008191033266484737),(Vehicles3↦0.006243237294256687),(Vehicles4↦0.00244729220867157),(Vehicles5↦0.0036747101694345474)}",
        "VehiclesVx": "{(EgoVehicle↦20.0),(Vehicles2↦-0.051385629922151566),(Vehicles3↦0.07481678854674101),(Vehicles4↦0.7732509076595306),(Vehicles5↦0.15041198581457138)}",
        "VehiclesY": "{(EgoVehicle↦8.000000238418579),(Vehicles2↦0.0),(Vehicles3↦-8.000000238418579),(Vehicles4↦-4.0000001192092896),(Vehicles5↦-8.000000238418579)}",
        "VehiclesVy": "{(EgoVehicle↦0.0),(Vehicles2↦0.0),(Vehicles3↦0.0),(Vehicles4↦0.0),(Vehicles5↦0.0)}",
        "VehiclesX": "{(EgoVehicle↦200.0),(Vehicles2↦13.951295614242554),(Vehicles3↦30.25907278060913),(Vehicles4↦60.30333638191223),(Vehicles5↦92.74991750717163)}"
      },
      "probabilisticVariables": null,
      "activating": [
        "SLOWER_53"
      ],
      "activatingOnlyWhenExecuted": true,
      "updating": null,
      "withPredicate": null
    },
    {
      "id": "SLOWER_53",
      "execute": "SLOWER",
      "after": "1000",
      "priority": 0,
      "additionalGuards": null,
      "activationKind": null,
      "fixedVariables": {
        "Crash": "FALSE",
        "VehiclesAy": "{(EgoVehicle↦0.0),(Vehicles2↦0.0),(Vehicles3↦0.0),(Vehicles4↦0.0),(Vehicles5↦0.0)}",
        "Reward": "0.7333333333333405",
        "VehiclesAx": "{(EgoVehicle↦0.0),(Vehicles2↦0.008154637180268764),(Vehicles3↦0.006034537218511105),(Vehicles4↦0.002549216151237488),(Vehicles5↦0.0036407820880413055)}",
        "VehiclesVx": "{(EgoVehicle↦20.0),(Vehicles2↦-0.0432309927418828),(Vehicles3↦0.08085132576525211),(Vehicles4↦0.7758001238107681),(Vehicles5↦0.1540527679026127)}",
        "VehiclesY": "{(EgoVehicle↦8.000000238418579),(Vehicles2↦0.0),(Vehicles3↦-8.000000238418579),(Vehicles4↦-4.0000001192092896),(Vehicles5↦-8.000000238418579)}",
        "VehiclesVy": "{(EgoVehicle↦0.0),(Vehicles2↦0.0),(Vehicles3↦0.0),(Vehicles4↦0.0),(Vehicles5↦0.0)}",
        "VehiclesX": "{(EgoVehicle↦200.0),(Vehicles2↦13.903173804283142),(Vehicles3↦30.336320400238037),(Vehicles4↦61.077600717544556),(Vehicles5↦92.90178418159485)}"
      },
      "probabilisticVariables": null,
      "activating": [
        "SLOWER_54"
      ],
      "activatingOnlyWhenExecuted": true,
      "updating": null,
      "withPredicate": null
    },
    {
      "id": "SLOWER_54",
      "execute": "SLOWER",
      "after": "1000",
      "priority": 0,
      "additionalGuards": null,
      "activationKind": null,
      "fixedVariables": {
        "Crash": "FALSE",
        "VehiclesAy": "{(EgoVehicle↦0.0),(Vehicles2↦0.0),(Vehicles3↦0.0),(Vehicles4↦0.0),(Vehicles5↦0.0)}",
        "Reward": "0.7333333333333343",
        "VehiclesAx": "{(EgoVehicle↦0.0),(Vehicles2↦0.008126622997224331),(Vehicles3↦0.00584116205573082),(Vehicles4↦0.0026447325944900513),(Vehicles5↦0.0036129727959632874)}",
        "VehiclesVx": "{(EgoVehicle↦20.0),(Vehicles2↦-0.03510436974465847),(Vehicles3↦0.08669248782098293),(Vehicles4↦0.7784448564052582),(Vehicles5↦0.15766574069857597)}",
        "VehiclesY": "{(EgoVehicle↦8.000000238418579),(Vehicles2↦0.0),(Vehicles3↦-8.000000238418579),(Vehicles4↦-4.0000001192092896),(Vehicles5↦-8.000000238418579)}",
        "VehiclesVy": "{(EgoVehicle↦0.0),(Vehicles2↦0.0),(Vehicles3↦0.0),(Vehicles4↦0.0),(Vehicles5↦0.0)}",
        "VehiclesX": "{(EgoVehicle↦200.0),(Vehicles2↦13.863195478916168),(Vehicles3↦30.419522523880005),(Vehicles4↦61.85445189476013),(Vehicles5↦93.05728673934937)}"
      },
      "probabilisticVariables": null,
      "activating": [
        "SLOWER_55"
      ],
      "activatingOnlyWhenExecuted": true,
      "updating": null,
      "withPredicate": null
    },
    {
      "id": "SLOWER_55",
      "execute": "SLOWER",
      "after": "1000",
      "priority": 0,
      "additionalGuards": null,
      "activationKind": null,
      "fixedVariables": {
        "Crash": "FALSE",
        "VehiclesAy": "{(EgoVehicle↦0.0),(Vehicles2↦0.0),(Vehicles3↦0.0),(Vehicles4↦0.0),(Vehicles5↦0.0)}",
        "Reward": "0.7333333333333334",
        "VehiclesAx": "{(EgoVehicle↦0.0),(Vehicles2↦0.008105621673166752),(Vehicles3↦0.0056622084230184555),(Vehicles4↦0.0027339905500411987),(Vehicles5↦0.003591105341911316)}",
        "VehiclesVx": "{(EgoVehicle↦20.0),(Vehicles2↦-0.02699874807149172),(Vehicles3↦0.09235469624400139),(Vehicles4↦0.7811788469552994),(Vehicles5↦0.1612568460404873)}",
        "VehiclesY": "{(EgoVehicle↦8.000000238418579),(Vehicles2↦0.0),(Vehicles3↦-8.000000238418579),(Vehicles4↦-4.0000001192092896),(Vehicles5↦-8.000000238418579)}",
        "VehiclesVy": "{(EgoVehicle↦0.0),(Vehicles2↦0.0),(Vehicles3↦0.0),(Vehicles4↦0.0),(Vehicles5↦0.0)}",
        "VehiclesX": "{(EgoVehicle↦200.0),(Vehicles2↦13.831335306167603),(Vehicles3↦30.50849437713623),(Vehicles4↦62.63397932052612),(Vehicles5↦93.21638941764832)}"
      },
      "probabilisticVariables": null,
      "activating": [
        "SLOWER_56"
      ],
      "activatingOnlyWhenExecuted": true,
      "updating": null,
      "withPredicate": null
    },
    {
      "id": "SLOWER_56",
      "execute": "SLOWER",
      "after": "1000",
      "priority": 0,
      "additionalGuards": null,
      "activationKind": null,
      "fixedVariables": {
        "Crash": "FALSE",
        "VehiclesAy": "{(EgoVehicle↦0.0),(Vehicles2↦0.0),(Vehicles3↦0.0),(Vehicles4↦0.0),(Vehicles5↦0.0)}",
        "Reward": "0.7333333333333334",
        "VehiclesAx": "{(EgoVehicle↦0.0),(Vehicles2↦0.008090405026450753),(Vehicles3↦0.005496852099895477),(Vehicles4↦0.00281699001789093),(Vehicles5↦0.0035750120878219604)}",
        "VehiclesVx": "{(EgoVehicle↦20.0),(Vehicles2↦-0.018908343045040965),(Vehicles3↦0.09785154834389687),(Vehicles4↦0.7839958369731903),(Vehicles5↦0.16483185812830925)}",
        "VehiclesY": "{(EgoVehicle↦8.000000238418579),(Vehicles2↦0.0),(Vehicles3↦-8.000000238418579),(Vehicles4↦-4.0000001192092896),(Vehicles5↦-8.000000238418579)}",
        "VehiclesVy": "{(EgoVehicle↦0.0),(Vehicles2↦0.0),(Vehicles3↦0.0),(Vehicles4↦0.0),(Vehicles5↦0.0)}",
        "VehiclesX": "{(EgoVehicle↦200.0),(Vehicles2↦13.807573914527893),(Vehicles3↦30.603060126304626),(Vehicles4↦63.41627836227417),(Vehicles5↦93.37908029556274)}"
      },
      "probabilisticVariables": null,
      "activating": [
        "SLOWER_57"
      ],
      "activatingOnlyWhenExecuted": true,
      "updating": null,
      "withPredicate": null
    },
    {
      "id": "SLOWER_57",
      "execute": "SLOWER",
      "after": "1000",
      "priority": 0,
      "additionalGuards": null,
      "activationKind": null,
      "fixedVariables": {
        "Crash": "FALSE",
        "VehiclesAy": "{(EgoVehicle↦0.0),(Vehicles2↦0.0),(Vehicles3↦0.0),(Vehicles4↦0.0),(Vehicles5↦0.0)}",
        "Reward": "0.7333333333333334",
        "VehiclesAx": "{(EgoVehicle↦0.0),(Vehicles2↦0.00807987293228507),(Vehicles3↦0.005344320088624954),(Vehicles4↦0.0028940290212631226),(Vehicles5↦0.0035644322633743286)}",
        "VehiclesVx": "{(EgoVehicle↦20.0),(Vehicles2↦-0.010828470112755895),(Vehicles3↦0.10319586843252182),(Vehicles4↦0.7868898659944534),(Vehicles5↦0.16839629039168358)}",
        "VehiclesY": "{(EgoVehicle↦8.000000238418579),(Vehicles2↦0.0),(Vehicles3↦-8.000000238418579),(Vehicles4↦-4.0000001192092896),(Vehicles5↦-8.000000238418579)}",
        "VehiclesVy": "{(EgoVehicle↦0.0),(Vehicles2↦0.0),(Vehicles3↦0.0),(Vehicles4↦0.0),(Vehicles5↦0.0)}",
        "VehiclesX": "{(EgoVehicle↦200.0),(Vehicles2↦13.791897892951965),(Vehicles3↦30.703061819076538),(Vehicles4↦64.20142650604248),(Vehicles5↦93.54533553123474)}"
      },
      "probabilisticVariables": null,
      "activating": [
        "SLOWER_58"
      ],
      "activatingOnlyWhenExecuted": true,
      "updating": null,
      "withPredicate": null
    },
    {
      "id": "SLOWER_58",
      "execute": "SLOWER",
      "after": "1000",
      "priority": 0,
      "additionalGuards": null,
      "activationKind": null,
      "fixedVariables": {
        "Crash": "FALSE",
        "VehiclesAy": "{(EgoVehicle↦0.0),(Vehicles2↦0.0),(Vehicles3↦0.0),(Vehicles4↦0.0),(Vehicles5↦0.0)}",
        "Reward": "0.7333333333333334",
        "VehiclesAx": "{(EgoVehicle↦0.0),(Vehicles2↦0.008073037315625697),(Vehicles3↦0.0052039045840501785),(Vehicles4↦0.002965107560157776),(Vehicles5↦0.0035590119659900665)}",
        "VehiclesVx": "{(EgoVehicle↦20.0),(Vehicles2↦-0.0027554327971301973),(Vehicles3↦0.108399773016572),(Vehicles4↦0.7898549735546112),(Vehicles5↦0.17195530235767365)}",
        "VehiclesY": "{(EgoVehicle↦8.000000238418579),(Vehicles2↦0.0),(Vehicles3↦-8.000000238418579),(Vehicles4↦-4.0000001192092896),(Vehicles5↦-8.000000238418579)}",
        "VehiclesVy": "{(EgoVehicle↦0.0),(Vehicles2↦0.0),(Vehicles3↦0.0),(Vehicles4↦0.0),(Vehicles5↦0.0)}",
        "VehiclesX": "{(EgoVehicle↦200.0),(Vehicles2↦13.784298300743103),(Vehicles3↦30.808350443840027),(Vehicles4↦64.98950123786926),(Vehicles5↦93.7151551246643)}"
      },
      "probabilisticVariables": null,
      "activating": [
        "SLOWER_59"
      ],
      "activatingOnlyWhenExecuted": true,
      "updating": null,
      "withPredicate": null
    },
    {
      "id": "SLOWER_59",
      "execute": "SLOWER",
      "after": "1000",
      "priority": 0,
      "additionalGuards": null,
      "activationKind": null,
      "fixedVariables": {
        "Crash": "FALSE",
        "VehiclesAy": "{(EgoVehicle↦0.0),(Vehicles2↦0.0),(Vehicles3↦0.0),(Vehicles4↦0.0),(Vehicles5↦0.0)}",
        "Reward": "0.7333333333333334",
        "VehiclesAx": "{(EgoVehicle↦0.0),(Vehicles2↦0.008069024479482323),(Vehicles3↦0.005074916407465935),(Vehicles4↦0.003030523657798767),(Vehicles5↦0.003558434545993805)}",
        "VehiclesVx": "{(EgoVehicle↦20.0),(Vehicles2↦0.005313591682352126),(Vehicles3↦0.11347468942403793),(Vehicles4↦0.79288549721241),(Vehicles5↦0.17551373690366745)}",
        "VehiclesY": "{(EgoVehicle↦8.000000238418579),(Vehicles2↦0.0),(Vehicles3↦-8.000000238418579),(Vehicles4↦-4.0000001192092896),(Vehicles5↦-8.000000238418579)}",
        "VehiclesVy": "{(EgoVehicle↦0.0),(Vehicles2↦0.0),(Vehicles3↦0.0),(Vehicles4↦0.0),(Vehicles5↦0.0)}",
        "VehiclesX": "{(EgoVehicle↦200.0),(Vehicles2↦13.784770667552948),(Vehicles3↦30.91878890991211),(Vehicles4↦65.78056216239929),(Vehicles5↦93.88853311538696)}"
      },
      "probabilisticVariables": null,
      "activating": [
        "SLOWER_60"
      ],
      "activatingOnlyWhenExecuted": true,
      "updating": null,
      "withPredicate": null
    },
    {
      "id": "SLOWER_60",
      "execute": "SLOWER",
      "after": "1000",
      "priority": 0,
      "additionalGuards": null,
      "activationKind": null,
      "fixedVariables": {
        "Crash": "FALSE",
        "VehiclesAy": "{(EgoVehicle↦0.0),(Vehicles2↦0.0),(Vehicles3↦0.0),(Vehicles4↦0.0),(Vehicles5↦0.0)}",
        "Reward": "0.7333333333333334",
        "VehiclesAx": "{(EgoVehicle↦0.0),(Vehicles2↦0.008067059679888189),(Vehicles3↦0.004956712946295738),(Vehicles4↦0.003090500831604004),(Vehicles5↦0.0035623274743556976)}",
        "VehiclesVx": "{(EgoVehicle↦20.0),(Vehicles2↦0.013380651362240314),(Vehicles3↦0.11843140237033367),(Vehicles4↦0.795975998044014),(Vehicles5↦0.17907606437802315)}",
        "VehiclesY": "{(EgoVehicle↦8.000000238418579),(Vehicles2↦0.0),(Vehicles3↦-8.000000238418579),(Vehicles4↦-4.0000001192092896),(Vehicles5↦-8.000000238418579)}",
        "VehiclesVy": "{(EgoVehicle↦0.0),(Vehicles2↦0.0),(Vehicles3↦0.0),(Vehicles4↦0.0),(Vehicles5↦0.0)}",
        "VehiclesX": "{(EgoVehicle↦200.0),(Vehicles2↦13.793312013149261),(Vehicles3↦31.034255027770996),(Vehicles4↦66.5746808052063),(Vehicles5↦94.06547546386719)}"
      },
      "probabilisticVariables": null,
      "activating": [
        "SLOWER_61"
      ],
      "activatingOnlyWhenExecuted": true,
      "updating": null,
      "withPredicate": null
    },
    {
      "id": "SLOWER_61",
      "execute": "SLOWER",
      "after": "1000",
      "priority": 0,
      "additionalGuards": null,
      "activationKind": null,
      "fixedVariables": {
        "Crash": "FALSE",
        "VehiclesAy": "{(EgoVehicle↦0.0),(Vehicles2↦0.0),(Vehicles3↦0.0),(Vehicles4↦0.0),(Vehicles5↦0.0)}",
        "Reward": "0.7333333333333334",
        "VehiclesAx": "{(EgoVehicle↦0.0),(Vehicles2↦0.008066459558904171),(Vehicles3↦0.00484866090118885),(Vehicles4↦0.003145188093185425),(Vehicles5↦0.003570355474948883)}",
        "VehiclesVx": "{(EgoVehicle↦20.0),(Vehicles2↦0.021447110921144485),(Vehicles3↦0.12328006327152252),(Vehicles4↦0.7991211861371994),(Vehicles5↦0.18264641985297203)}",
        "VehiclesY": "{(EgoVehicle↦8.000000238418579),(Vehicles2↦0.0),(Vehicles3↦-8.000000238418579),(Vehicles4↦-4.0000001192092896),(Vehicles5↦-8.000000238418579)}",
        "VehiclesVy": "{(EgoVehicle↦0.0),(Vehicles2↦0.0),(Vehicles3↦0.0),(Vehicles4↦0.0),(Vehicles5↦0.0)}",
        "VehiclesX": "{(EgoVehicle↦200.0),(Vehicles2↦13.809919357299805),(Vehicles3↦31.154635548591614),(Vehicles4↦67.37191081047058),(Vehicles5↦94.2459762096405)}"
      },
      "probabilisticVariables": null,
      "activating": null,
      "activatingOnlyWhenExecuted": true,
      "updating": null,
      "withPredicate": null
    }
  ],
  "listeners": [],
  "metadata": {
    "fileType": "Timed_Trace",
    "formatVersion": 3,
    "savedAt": "2023-08-15T12:35:35.551083Z",
    "creator": "Simulation: MONTE_CARLO_SIMULATION; MAX_STEPS_BEFORE_PROPERTY : 0, EXECUTIONS : 1000, ENDING_TIME : 60000",
    "proB2KernelVersion": "4.12.2",
    "proBCliVersion": "1.12.2-final",
    "modelName": "HighwayEnvironment"
  }
}