{
  "variables": {},
  "activations": [
    {
      "id": "$setup_constants",
      "execute": "$setup_constants",
      "after": "0",
      "priority": 0,
      "additionalGuards": null,
      "activationKind": null,
      "fixedVariables": null,
      "probabilisticVariables": null,
      "activating": null,
      "activatingOnlyWhenExecuted": true,
      "updating": null,
      "withPredicate": null
    },
    {
      "id": "$initialise_machine",
      "execute": "$initialise_machine",
      "after": "0",
      "priority": 0,
      "additionalGuards": null,
      "activationKind": null,
      "fixedVariables": {
        "Crash": "FALSE",
        "VehiclesAy": "{(EgoVehicle↦0.0),(Vehicles2↦0.0),(Vehicles3↦0.0),(Vehicles4↦0.0),(Vehicles5↦0.0)}",
        "Reward": "0.0",
        "VehiclesAx": "{(EgoVehicle↦0.0),(Vehicles2↦0.0),(Vehicles3↦0.0),(Vehicles4↦0.0),(Vehicles5↦0.0)}",
        "VehiclesVx": "{(EgoVehicle↦25.0),(Vehicles2↦-2.163219302892685),(Vehicles3↦-1.003456488251686),(Vehicles4↦-1.8896561861038208),(Vehicles5↦-3.849036991596222)}",
        "VehiclesY": "{(EgoVehicle↦8.000000238418579),(Vehicles2↦0.0),(Vehicles3↦0.0),(Vehicles4↦-4.0000001192092896),(Vehicles5↦-4.0000001192092896)}",
        "VehiclesVy": "{(EgoVehicle↦0.0),(Vehicles2↦0.0),(Vehicles3↦0.0),(Vehicles4↦0.0),(Vehicles5↦0.0)}",
        "VehiclesX": "{(EgoVehicle↦153.63439321517944),(Vehicles2↦25.721433758735657),(Vehicles3↦51.71104073524475),(Vehicles4↦76.85760259628296),(Vehicles5↦99.88970756530762)}"
      },
      "probabilisticVariables": null,
      "activating": [
        "SLOWER_2"
      ],
      "activatingOnlyWhenExecuted": true,
      "updating": null,
      "withPredicate": null
    },
    {
      "id": "SLOWER_2",
      "execute": "SLOWER",
      "after": "1000",
      "priority": 0,
      "additionalGuards": null,
      "activationKind": null,
      "fixedVariables": {
        "Crash": "FALSE",
        "VehiclesAy": "{(EgoVehicle↦0.0),(Vehicles2↦-5.122084021568298),(Vehicles3↦0.0),(Vehicles4↦-3.1923195719718933),(Vehicles5↦0.0)}",
        "Reward": "0.750891632373114",
        "VehiclesAx": "{(EgoVehicle↦-4.341564178466797),(Vehicles2↦-0.15010938048362732),(Vehicles3↦4.113516882061958),(Vehicles4↦-1.9588732719421387),(Vehicles5↦0.11899113655090332)}",
        "VehiclesVx": "{(EgoVehicle↦20.658435821533203),(Vehicles2↦-2.3133286833763123),(Vehicles3↦3.110060393810272),(Vehicles4↦-3.8485294580459595),(Vehicles5↦-3.7300458550453186)}",
        "VehiclesY": "{(EgoVehicle↦8.000000238418579),(Vehicles2↦-1.9922212958335876),(Vehicles3↦0.0),(Vehicles4↦-6.733002662658691),(Vehicles5↦-4.0000001192092896)}",
        "VehiclesVy": "{(EgoVehicle↦0.0),(Vehicles2↦-5.122084021568298),(Vehicles3↦0.0),(Vehicles4↦-3.1923195719718933),(Vehicles5↦0.0)}",
        "VehiclesX": "{(EgoVehicle↦176.23932361602783),(Vehicles2↦23.772993683815002),(Vehicles3↦53.016746044158936),(Vehicles4↦74.62905049324036),(Vehicles5↦96.45355939865112)}"
      },
      "probabilisticVariables": null,
      "activating": [
        "SLOWER_3"
      ],
      "activatingOnlyWhenExecuted": true,
      "updating": null,
      "withPredicate": null
    },
    {
      "id": "SLOWER_3",
      "execute": "SLOWER",
      "after": "1000",
      "priority": 0,
      "additionalGuards": null,
      "activationKind": null,
      "fixedVariables": {
        "Crash": "FALSE",
        "VehiclesAy": "{(EgoVehicle↦0.0),(Vehicles2↦4.703635834157467),(Vehicles3↦0.0),(Vehicles4↦2.9069764725863934),(Vehicles5↦0.0)}",
        "Reward": "0.735645537322111",
        "VehiclesAx": "{(EgoVehicle↦-0.5717277526855469),(Vehicles2↦1.3175664842128754),(Vehicles3↦0.008126795291900635),(Vehicles4↦1.5787428617477417),(Vehicles5↦-0.8118808269500732)}",
        "VehiclesVx": "{(EgoVehicle↦20.086708068847656),(Vehicles2↦-0.9957621991634369),(Vehicles3↦3.118187189102173),(Vehicles4↦-2.2697865962982178),(Vehicles5↦-4.541926681995392)}",
        "VehiclesY": "{(EgoVehicle↦8.000000238418579),(Vehicles2↦-3.8534456491470337),(Vehicles3↦0.0),(Vehicles4↦-7.897286653518677),(Vehicles5↦-4.0000001192092896)}",
        "VehiclesVy": "{(EgoVehicle↦0.0),(Vehicles2↦-0.41844818741083145),(Vehicles3↦0.0),(Vehicles4↦-0.28534309938549995),(Vehicles5↦0.0)}",
        "VehiclesX": "{(EgoVehicle↦196.58236503601074),(Vehicles2↦22.247982025146484),(Vehicles3↦56.266623735427856),(Vehicles4↦71.8294084072113),(Vehicles5↦92.06068515777588)}"
      },
      "probabilisticVariables": null,
      "activating": [
        "FASTER_4"
      ],
      "activatingOnlyWhenExecuted": true,
      "updating": null,
      "withPredicate": null
    },
    {
      "id": "FASTER_4",
      "execute": "FASTER",
      "after": "1000",
      "priority": 0,
      "additionalGuards": null,
      "activationKind": null,
      "fixedVariables": {
        "Crash": "FALSE",
        "VehiclesAy": "{(EgoVehicle↦0.0),(Vehicles2↦0.3900847979821265),(Vehicles3↦0.0),(Vehicles4↦0.2631111815571785),(Vehicles5↦0.0)}",
        "Reward": "0.8494128553949557",
        "VehiclesAx": "{(EgoVehicle↦4.2662739753723145),(Vehicles2↦-4.084278494119644),(Vehicles3↦-4.757097810506821),(Vehicles4↦-4.173984527587891),(Vehicles5↦-4.262438118457794)}",
        "VehiclesVx": "{(EgoVehicle↦24.35298204421997),(Vehicles2↦-5.080040693283081),(Vehicles3↦-1.6389106214046478),(Vehicles4↦-6.443771123886108),(Vehicles5↦-8.804364800453186)}",
        "VehiclesY": "{(EgoVehicle↦8.000000238418579),(Vehicles2↦-3.9900898933410645),(Vehicles3↦0.0),(Vehicles4↦-7.9920172691345215),(Vehicles5↦-4.0000001192092896)}",
        "VehiclesVy": "{(EgoVehicle↦0.0),(Vehicles2↦-0.028363389428704977),(Vehicles3↦0.0),(Vehicles4↦-0.022231917828321457),(Vehicles5↦0.0)}",
        "VehiclesX": "{(EgoVehicle↦200.0),(Vehicles2↦18.992745876312256),(Vehicles3↦56.81734085083008),(Vehicles4↦67.2416627407074),(Vehicles5↦85.51479578018188)}"
      },
      "probabilisticVariables": null,
      "activating": [
        "SLOWER_5"
      ],
      "activatingOnlyWhenExecuted": true,
      "updating": null,
      "withPredicate": null
    },
    {
      "id": "SLOWER_5",
      "execute": "SLOWER",
      "after": "1000",
      "priority": 0,
      "additionalGuards": null,
      "activationKind": null,
      "fixedVariables": {
        "Crash": "FALSE",
        "VehiclesAy": "{(EgoVehicle↦0.0),(Vehicles2↦0.02645821761689149),(Vehicles3↦0.0),(Vehicles4↦0.020576328970491886),(Vehicles5↦0.0)}",
        "Reward": "0.7486195255389791",
        "VehiclesAx": "{(EgoVehicle↦-3.779749870300293),(Vehicles2↦3.700575977563858),(Vehicles3↦3.447922319173813),(Vehicles4↦5.147033631801605),(Vehicles5↦3.9090803265571594)}",
        "VehiclesVx": "{(EgoVehicle↦20.573232173919678),(Vehicles2↦-1.379464715719223),(Vehicles3↦1.809011697769165),(Vehicles4↦-1.2967374920845032),(Vehicles5↦-4.895284473896027)}",
        "VehiclesY": "{(EgoVehicle↦8.000000238418579),(Vehicles2↦-3.999332070350647),(Vehicles3↦0.0),(Vehicles4↦-7.999428033828735),(Vehicles5↦-4.0000001192092896)}",
        "VehiclesVy": "{(EgoVehicle↦0.0),(Vehicles2↦-0.0019051718118134886),(Vehicles3↦0.0),(Vehicles4↦-0.0016555888578295708),(Vehicles5↦0.0)}",
        "VehiclesX": "{(EgoVehicle↦200.0),(Vehicles2↦15.977081656455994),(Vehicles3↦57.12200403213501),(Vehicles4↦63.468337059020996),(Vehicles5↦78.77570390701294)}"
      },
      "probabilisticVariables": null,
      "activating": [
        "SLOWER_6"
      ],
      "activatingOnlyWhenExecuted": true,
      "updating": null,
      "withPredicate": null
    },
    {
      "id": "SLOWER_6",
      "execute": "SLOWER",
      "after": "1000",
      "priority": 0,
      "additionalGuards": null,
      "activationKind": null,
      "fixedVariables": {
        "Crash": "FALSE",
        "VehiclesAy": "{(EgoVehicle↦0.0),(Vehicles2↦0.0017753720840119058),(Vehicles3↦0.0),(Vehicles4↦0.0015491956582991406),(Vehicles5↦0.0)}",
        "Reward": "0.7353463298377806",
        "VehiclesAx": "{(EgoVehicle↦-0.497744083404541),(Vehicles2↦0.36719389259815216),(Vehicles3↦0.24826020002365112),(Vehicles4↦1.423083757981658),(Vehicles5↦1.1306244134902954)}",
        "VehiclesVx": "{(EgoVehicle↦20.075488090515137),(Vehicles2↦-1.0122708231210709),(Vehicles3↦2.057271897792816),(Vehicles4↦0.1263462658971548),(Vehicles5↦-3.764660060405731)}",
        "VehiclesY": "{(EgoVehicle↦8.000000238418579),(Vehicles2↦-3.999954342842102),(Vehicles3↦0.0),(Vehicles4↦-7.999963760375977),(Vehicles5↦-4.0000001192092896)}",
        "VehiclesVy": "{(EgoVehicle↦0.0),(Vehicles2↦-0.00012979972780158278),(Vehicles3↦0.0),(Vehicles4↦-0.00010639319953043014),(Vehicles5↦0.0)}",
        "VehiclesX": "{(EgoVehicle↦200.0),(Vehicles2↦14.81902301311493),(Vehicles3↦59.10109877586365),(Vehicles4↦62.84812092781067),(Vehicles5↦74.39068555831909)}"
      },
      "probabilisticVariables": null,
      "activating": [
        "SLOWER_7"
      ],
      "activatingOnlyWhenExecuted": true,
      "updating": null,
      "withPredicate": null
    },
    {
      "id": "SLOWER_7",
      "execute": "SLOWER",
      "after": "1000",
      "priority": 0,
      "additionalGuards": null,
      "activationKind": null,
      "fixedVariables": {
        "Crash": "FALSE",
        "VehiclesAy": "{(EgoVehicle↦0.0),(Vehicles2↦0.00012083674619134399),(Vehicles3↦0.0),(Vehicles4↦0.00010011361268880137),(Vehicles5↦0.0)}",
        "Reward": "0.7335984192927668",
        "VehiclesAx": "{(EgoVehicle↦-0.06554841995239258),(Vehicles2↦-0.028068050742149353),(Vehicles3↦-0.13950541615486145),(Vehicles4↦0.6468842271715403),(Vehicles5↦0.7827809453010559)}",
        "VehiclesVx": "{(EgoVehicle↦20.009939670562744),(Vehicles2↦-1.0403388738632202),(Vehicles3↦1.9177664816379547),(Vehicles4↦0.7732304930686951),(Vehicles5↦-2.9818791151046753)}",
        "VehiclesY": "{(EgoVehicle↦8.000000238418579),(Vehicles2↦-3.9999969005584717),(Vehicles3↦0.0),(Vehicles4↦-7.999998092651367),(Vehicles5↦-4.0000001192092896)}",
        "VehiclesVy": "{(EgoVehicle↦0.0),(Vehicles2↦-8.962981610238785E-06),(Vehicles3↦0.0),(Vehicles4↦-6.27958684162877E-06),(Vehicles5↦0.0)}",
        "VehiclesX": "{(EgoVehicle↦200.0),(Vehicles2↦13.80118727684021),(Vehicles3↦61.10993027687073),(Vehicles4↦63.26637268066406),(Vehicles5↦70.95070481300354)}"
      },
      "probabilisticVariables": null,
      "activating": [
        "SLOWER_8"
      ],
      "activatingOnlyWhenExecuted": true,
      "updating": null,
      "withPredicate": null
    },
    {
      "id": "SLOWER_8",
      "execute": "SLOWER",
      "after": "1000",
      "priority": 0,
      "additionalGuards": null,
      "activationKind": null,
      "fixedVariables": {
        "Crash": "FALSE",
        "VehiclesAy": "{(EgoVehicle↦0.0),(Vehicles2↦-5.154887415535541),(Vehicles3↦0.0),(Vehicles4↦5.928201467497729E-06),(Vehicles5↦0.0)}",
        "Reward": "0.7333682417724358",
        "VehiclesAx": "{(EgoVehicle↦-0.008630752563476562),(Vehicles2↦-0.7913854718208313),(Vehicles3↦-0.17188653349876404),(Vehicles4↦0.3494333475828171),(Vehicles5↦0.6564180552959442)}",
        "VehiclesVx": "{(EgoVehicle↦20.001308917999268),(Vehicles2↦-1.8317243456840515),(Vehicles3↦1.7458799481391907),(Vehicles4↦1.1226638406515121),(Vehicles5↦-2.325461059808731)}",
        "VehiclesY": "{(EgoVehicle↦8.000000238418579),(Vehicles2↦-6.035360813140869),(Vehicles3↦0.0),(Vehicles4↦-8.000000238418579),(Vehicles5↦-4.0000001192092896)}",
        "VehiclesVy": "{(EgoVehicle↦0.0),(Vehicles2↦-5.154896378517151),(Vehicles3↦0.0),(Vehicles4↦-3.513853741310413E-07),(Vehicles5↦0.0)}",
        "VehiclesX": "{(EgoVehicle↦200.0),(Vehicles2↦12.463146448135376),(Vehicles3↦62.95881271362305),(Vehicles4↦64.19618725776672),(Vehicles5↦68.24113726615906)}"
      },
      "probabilisticVariables": null,
      "activating": [
        "FASTER_9"
      ],
      "activatingOnlyWhenExecuted": true,
      "updating": null,
      "withPredicate": null
    },
    {
      "id": "FASTER_9",
      "execute": "FASTER",
      "after": "1000",
      "priority": 0,
      "additionalGuards": null,
      "activationKind": null,
      "fixedVariables": {
        "Crash": "FALSE",
        "VehiclesAy": "{(EgoVehicle↦0.0),(Vehicles2↦4.754472188651562),(Vehicles3↦0.0),(Vehicles4↦3.3232298690677453E-07),(Vehicles5↦0.0)}",
        "Reward": "0.8491129646229819",
        "VehiclesAx": "{(EgoVehicle↦4.340426921844482),(Vehicles2↦-3.2335445284843445),(Vehicles3↦-4.507082402706146),(Vehicles4↦-4.15577195584774),(Vehicles5↦-3.8086991012096405)}",
        "VehiclesVx": "{(EgoVehicle↦24.34173583984375),(Vehicles2↦-5.065268874168396),(Vehicles3↦-2.7612024545669556),(Vehicles4↦-3.033108115196228),(Vehicles5↦-6.134160161018372)}",
        "VehiclesY": "{(EgoVehicle↦8.000000238418579),(Vehicles2↦-7.8604960441589355),(Vehicles3↦0.0),(Vehicles4↦-8.000000238418579),(Vehicles5↦-4.0000001192092896)}",
        "VehiclesVy": "{(EgoVehicle↦0.0),(Vehicles2↦-0.40042418986558914),(Vehicles3↦0.0),(Vehicles4↦-1.9062387224266786E-08),(Vehicles5↦0.0)}",
        "VehiclesX": "{(EgoVehicle↦200.0),(Vehicles2↦8.975919336080551),(Vehicles3↦62.24276423454285),(Vehicles4↦63.008034229278564),(Vehicles5↦63.74359130859375)}"
      },
      "probabilisticVariables": null,
      "activating": [
        "SLOWER_10"
      ],
      "activatingOnlyWhenExecuted": true,
      "updating": null,
      "withPredicate": null
    },
    {
      "id": "SLOWER_10",
      "execute": "SLOWER",
      "after": "1000",
      "priority": 0,
      "additionalGuards": null,
      "activationKind": null,
      "fixedVariables": {
        "Crash": "FALSE",
        "VehiclesAy": "{(EgoVehicle↦0.0),(Vehicles2↦0.3739081369712949),(Vehicles3↦0.0),(Vehicles4↦1.9062387224266786E-08),(Vehicles5↦-1.0173817344139024E-09)}",
        "Reward": "0.7485800337500771",
        "VehiclesAx": "{(EgoVehicle↦-3.769984245300293),(Vehicles2↦4.109086245298386),(Vehicles3↦0.8139629662036896),(Vehicles4↦3.883359879255295),(Vehicles5↦6.959128379821777)}",
        "VehiclesVx": "{(EgoVehicle↦20.571751594543457),(Vehicles2↦-0.9561826288700104),(Vehicles3↦-1.947239488363266),(Vehicles4↦0.8502517640590668),(Vehicles5↦0.8249682188034058)}",
        "VehiclesY": "{(EgoVehicle↦8.000000238418579),(Vehicles2↦-7.990820646286011),(Vehicles3↦-4.0000001192092896),(Vehicles4↦0.0),(Vehicles5↦-8.000000238418579)}",
        "VehiclesVy": "{(EgoVehicle↦0.0),(Vehicles2↦-0.026516052894294262),(Vehicles3↦0.0),(Vehicles4↦0.0),(Vehicles5↦-1.0173817344139024E-09)}",
        "VehiclesX": "{(EgoVehicle↦200.0),(Vehicles2↦6.136048212647438),(Vehicles3↦59.86449122428894),(Vehicles4↦61.49739623069763),(Vehicles5↦62.095826864242554)}"
      },
      "probabilisticVariables": null,
      "activating": [
        "FASTER_11"
      ],
      "activatingOnlyWhenExecuted": true,
      "updating": null,
      "withPredicate": null
    },
    {
      "id": "FASTER_11",
      "execute": "FASTER",
      "after": "1000",
      "priority": 0,
      "additionalGuards": null,
      "activationKind": null,
      "fixedVariables": {
        "Crash": "FALSE",
        "VehiclesAy": "{(EgoVehicle↦0.0),(Vehicles2↦0.024815819488139823),(Vehicles3↦0.0),(Vehicles4↦0.0),(Vehicles5↦-1.071285282705503E-09)}",
        "Reward": "0.8511161635665397",
        "VehiclesAx": "{(EgoVehicle↦3.8451051712036133),(Vehicles2↦-3.5991962254047394),(Vehicles3↦-3.523808866739273),(Vehicles4↦-3.998509496450424),(Vehicles5↦-3.814934492111206)}",
        "VehiclesVx": "{(EgoVehicle↦24.41685676574707),(Vehicles2↦-4.55537885427475),(Vehicles3↦-5.471048355102539),(Vehicles4↦-3.1482577323913574),(Vehicles5↦-2.9899662733078003)}",
        "VehiclesY": "{(EgoVehicle↦8.000000238418579),(Vehicles2↦-7.999413728713989),(Vehicles3↦-4.0000001192092896),(Vehicles4↦0.0),(Vehicles5↦-8.000000238418579)}",
        "VehiclesVy": "{(EgoVehicle↦0.0),(Vehicles2↦-0.0017002334061544389),(Vehicles3↦0.0),(Vehicles4↦0.0),(Vehicles5↦-5.39035482916006E-11)}",
        "VehiclesX": "{(EgoVehicle↦200.0),(Vehicles2↦3.1631331890821457),(Vehicles3↦55.931323766708374),(Vehicles4↦60.164761543273926),(Vehicles5↦60.81517934799194)}"
      },
      "probabilisticVariables": null,
      "activating": [
        "SLOWER_12"
      ],
      "activatingOnlyWhenExecuted": true,
      "updating": null,
      "withPredicate": null
    },
    {
      "id": "SLOWER_12",
      "execute": "SLOWER",
      "after": "1000",
      "priority": 0,
      "additionalGuards": null,
      "activationKind": null,
      "fixedVariables": {
        "Crash": "FALSE",
        "VehiclesAy": "{(EgoVehicle↦0.0),(Vehicles2↦0.0015937429816403892),(Vehicles3↦0.0),(Vehicles4↦0.0),(Vehicles5↦-5.6763482803035004E-11)}",
        "Reward": "0.7488438294957308",
        "VehiclesAx": "{(EgoVehicle↦-3.8352131843566895),(Vehicles2↦4.016375206410885),(Vehicles3↦4.083096235990524),(Vehicles4↦3.685537278652191),(Vehicles5↦3.831299990415573)}",
        "VehiclesVx": "{(EgoVehicle↦20.58164358139038),(Vehicles2↦-0.5390036478638649),(Vehicles3↦-1.3879521191120148),(Vehicles4↦0.5372795462608337),(Vehicles5↦0.8413337171077728)}",
        "VehiclesY": "{(EgoVehicle↦8.000000238418579),(Vehicles2↦-7.999963760375977),(Vehicles3↦-4.0000001192092896),(Vehicles4↦0.0),(Vehicles5↦-8.000000238418579)}",
        "VehiclesVy": "{(EgoVehicle↦0.0),(Vehicles2↦-0.00010649042451404966),(Vehicles3↦0.0),(Vehicles4↦0.0),(Vehicles5↦-2.8599345114344032E-12)}",
        "VehiclesX": "{(EgoVehicle↦200.0),(Vehicles2↦0.8002861402928829),(Vehicles3↦52.68019437789917),(Vehicles4↦59.07209515571594),(Vehicles5↦59.94142293930054)}"
      },
      "probabilisticVariables": null,
      "activating": [
        "FASTER_13"
      ],
      "activatingOnlyWhenExecuted": true,
      "updating": null,
      "withPredicate": null
    },
    {
      "id": "FASTER_13",
      "execute": "FASTER",
      "after": "1000",
      "priority": 0,
      "additionalGuards": null,
      "activationKind": null,
      "fixedVariables": {
        "Crash": "FALSE",
        "VehiclesAy": "{(EgoVehicle↦0.0),(Vehicles2↦9.993645278427721E-05),(Vehicles3↦0.0),(Vehicles4↦0.0),(Vehicles5↦-3.0198066269804258E-12)}",
        "Reward": "0.8511509021009468",
        "VehiclesAx": "{(EgoVehicle↦3.836514949798584),(Vehicles2↦-3.7012284621596336),(Vehicles3↦-3.642772287130356),(Vehicles4↦-3.9828655123710632),(Vehicles5↦-3.8602234423160553)}",
        "VehiclesVx": "{(EgoVehicle↦24.418158531188965),(Vehicles2↦-4.2402321100234985),(Vehicles3↦-5.030724406242371),(Vehicles4↦-3.4455859661102295),(Vehicles5↦-3.0188897252082825)}",
        "VehiclesY": "{(EgoVehicle↦8.000000238418579),(Vehicles2↦-7.999998092651367),(Vehicles3↦-4.0000001192092896),(Vehicles4↦0.0),(Vehicles5↦-8.000000238418579)}",
        "VehiclesVy": "{(EgoVehicle↦0.0),(Vehicles2↦-6.5539717297724565E-06),(Vehicles3↦0.0),(Vehicles4↦0.0),(Vehicles5↦-1.5987211554602254E-13)}",
        "VehiclesX": "{(EgoVehicle↦200.0),(Vehicles2↦-1.7979906871914864),(Vehicles3↦49.25696849822998),(Vehicles4↦57.434117794036865),(Vehicles5↦58.65800976753235)}"
      },
      "probabilisticVariables": null,
      "activating": [
        "FASTER_14"
      ],
      "activatingOnlyWhenExecuted": true,
      "updating": null,
      "withPredicate": null
    },
    {
      "id": "FASTER_14",
      "execute": "FASTER",
      "after": "1000",
      "priority": 0,
      "additionalGuards": null,
      "activationKind": null,
      "fixedVariables": {
        "Crash": "FALSE",
        "VehiclesAy": "{(EgoVehicle↦0.0),(Vehicles2↦6.155921887796012E-06),(Vehicles3↦0.0),(Vehicles4↦0.0),(Vehicles5↦-1.7763568394002505E-13)}",
        "Reward": "0.9803984727046515",
        "VehiclesAx": "{(EgoVehicle↦4.846785068511963),(Vehicles2↦-4.743883013725281),(Vehicles3↦-4.692379832267761),(Vehicles4↦-4.989568591117859),(Vehicles5↦-4.881851971149445)}",
        "VehiclesVx": "{(EgoVehicle↦29.264943599700928),(Vehicles2↦-8.98411512374878),(Vehicles3↦-9.723104238510132),(Vehicles4↦-8.435154557228088),(Vehicles5↦-7.900741696357727)}",
        "VehiclesY": "{(EgoVehicle↦8.000000238418579),(Vehicles2↦-7.999999523162842),(Vehicles3↦-4.0000001192092896),(Vehicles4↦0.0),(Vehicles5↦-8.000000238418579)}",
        "VehiclesVy": "{(EgoVehicle↦0.0),(Vehicles2↦-3.9804984197644444E-07),(Vehicles3↦0.0),(Vehicles4↦0.0),(Vehicles5↦-1.7763568394002505E-14)}",
        "VehiclesX": "{(EgoVehicle↦200.0),(Vehicles2↦-8.668667078018188),(Vehicles3↦41.61689877510071),(Vehicles4↦51.25734210014343),(Vehicles5↦52.95199155807495)}"
      },
      "probabilisticVariables": null,
      "activating": [
        "SLOWER_15"
      ],
      "activatingOnlyWhenExecuted": true,
      "updating": null,
      "withPredicate": null
    },
    {
      "id": "SLOWER_15",
      "execute": "SLOWER",
      "after": "1000",
      "priority": 0,
      "additionalGuards": null,
      "activationKind": null,
      "fixedVariables": {
        "Crash": "FALSE",
        "VehiclesAy": "{(EgoVehicle↦0.0),(Vehicles2↦3.9804984197644444E-07),(Vehicles3↦0.0),(Vehicles4↦0.0),(Vehicles5↦0.0)}",
        "Reward": "0.881643694622286",
        "VehiclesAx": "{(EgoVehicle↦-3.703305721282959),(Vehicles2↦3.0900895595550537),(Vehicles3↦4.8526933789253235),(Vehicles4↦4.196244776248932),(Vehicles5↦4.622011780738831)}",
        "VehiclesVx": "{(EgoVehicle↦25.56163787841797),(Vehicles2↦-5.894025564193726),(Vehicles3↦-4.870410859584808),(Vehicles4↦-4.2389097809791565),(Vehicles5↦-3.2787299156188965)}",
        "VehiclesY": "{(EgoVehicle↦8.000000238418579),(Vehicles2↦-4.0000001192092896),(Vehicles3↦0.0),(Vehicles4↦-8.000000238418579),(Vehicles5↦-4.0000001192092896)}",
        "VehiclesVy": "{(EgoVehicle↦0.0),(Vehicles2↦0.0),(Vehicles3↦0.0),(Vehicles4↦0.0),(Vehicles5↦1.7763568394002505E-14)}",
        "VehiclesX": "{(EgoVehicle↦200.0),(Vehicles2↦33.989015221595764),(Vehicles3↦44.80935037136078),(Vehicles4↦47.07799553871155),(Vehicles5↦104.0834903717041)}"
      },
      "probabilisticVariables": null,
      "activating": [
        "SLOWER_16"
      ],
      "activatingOnlyWhenExecuted": true,
      "updating": null,
      "withPredicate": null
    },
    {
      "id": "SLOWER_16",
      "execute": "SLOWER",
      "after": "1000",
      "priority": 0,
      "additionalGuards": null,
      "activationKind": null,
      "fixedVariables": {
        "Crash": "FALSE",
        "VehiclesAy": "{(EgoVehicle↦0.0),(Vehicles2↦0.0),(Vehicles3↦0.0),(Vehicles4↦0.0),(Vehicles5↦1.7763568394002505E-14)}",
        "Reward": "0.7528639158899032",
        "VehiclesAx": "{(EgoVehicle↦-4.829239845275879),(Vehicles2↦4.933919906616211),(Vehicles3↦4.695816487073898),(Vehicles4↦4.7842903435230255),(Vehicles5↦4.8292191326618195)}",
        "VehiclesVx": "{(EgoVehicle↦20.73239803314209),(Vehicles2↦-0.9601056575775146),(Vehicles3↦-0.17459437251091003),(Vehicles4↦0.545380562543869),(Vehicles5↦1.550489217042923)}",
        "VehiclesY": "{(EgoVehicle↦8.000000238418579),(Vehicles2↦-4.0000001192092896),(Vehicles3↦0.0),(Vehicles4↦-8.000000238418579),(Vehicles5↦-4.0000001192092896)}",
        "VehiclesVy": "{(EgoVehicle↦0.0),(Vehicles2↦0.0),(Vehicles3↦0.0),(Vehicles4↦0.0),(Vehicles5↦0.0)}",
        "VehiclesX": "{(EgoVehicle↦200.0),(Vehicles2↦30.80240488052368),(Vehicles3↦42.54921078681946),(Vehicles4↦45.485395193099976),(Vehicles5↦103.46904993057251)}"
      },
      "probabilisticVariables": null,
      "activating": [
        "SLOWER_17"
      ],
      "activatingOnlyWhenExecuted": true,
      "updating": null,
      "withPredicate": null
    },
    {
      "id": "SLOWER_17",
      "execute": "SLOWER",
      "after": "1000",
      "priority": 0,
      "additionalGuards": null,
      "activationKind": null,
      "fixedVariables": {
        "Crash": "FALSE",
        "VehiclesAy": "{(EgoVehicle↦0.0),(Vehicles2↦0.0),(Vehicles3↦0.0),(Vehicles4↦0.0),(Vehicles5↦0.0)}",
        "Reward": "0.7359052619004536",
        "VehiclesAx": "{(EgoVehicle↦-0.6359505653381348),(Vehicles2↦0.7247828133404255),(Vehicles3↦0.508684366941452),(Vehicles4↦0.5892690271139145),(Vehicles5↦0.6339314579963684)}",
        "VehiclesVx": "{(EgoVehicle↦20.096447467803955),(Vehicles2↦-0.23532284423708916),(Vehicles3↦0.334089994430542),(Vehicles4↦1.1346495896577835),(Vehicles5↦2.1844206750392914)}",
        "VehiclesY": "{(EgoVehicle↦8.000000238418579),(Vehicles2↦-4.0000001192092896),(Vehicles3↦0.0),(Vehicles4↦-8.000000238418579),(Vehicles5↦-4.0000001192092896)}",
        "VehiclesVy": "{(EgoVehicle↦0.0),(Vehicles2↦0.0),(Vehicles3↦0.0),(Vehicles4↦0.0),(Vehicles5↦0.0)}",
        "VehiclesX": "{(EgoVehicle↦200.0),(Vehicles2↦30.229759216308594),(Vehicles3↦42.67400503158569),(Vehicles4↦46.363019943237305),(Vehicles5↦105.36967515945435)}"
      },
      "probabilisticVariables": null,
      "activating": [
        "SLOWER_18"
      ],
      "activatingOnlyWhenExecuted": true,
      "updating": null,
      "withPredicate": null
    },
    {
      "id": "SLOWER_18",
      "execute": "SLOWER",
      "after": "1000",
      "priority": 0,
      "additionalGuards": null,
      "activationKind": null,
      "fixedVariables": {
        "Crash": "FALSE",
        "VehiclesAy": "{(EgoVehicle↦0.0),(Vehicles2↦0.0),(Vehicles3↦0.0),(Vehicles4↦0.0),(Vehicles5↦0.0)}",
        "Reward": "0.7336720235150117",
        "VehiclesAx": "{(EgoVehicle↦-0.08374691009521484),(Vehicles2↦0.16041000373661518),(Vehicles3↦-0.036329422146081924),(Vehicles4↦0.036413148045539856),(Vehicles5↦-3.20804663002491)}",
        "VehiclesVx": "{(EgoVehicle↦20.01270055770874),(Vehicles2↦-0.07491284050047398),(Vehicles3↦0.29776057228446007),(Vehicles4↦1.1710627377033234),(Vehicles5↦-1.0236259549856186)}",
        "VehiclesY": "{(EgoVehicle↦8.000000238418579),(Vehicles2↦-4.0000001192092896),(Vehicles3↦0.0),(Vehicles4↦-8.000000238418579),(Vehicles5↦0.0)}",
        "VehiclesVy": "{(EgoVehicle↦0.0),(Vehicles2↦0.0),(Vehicles3↦0.0),(Vehicles4↦0.0),(Vehicles5↦0.0)}",
        "VehiclesX": "{(EgoVehicle↦200.0),(Vehicles2↦30.072158575057983),(Vehicles3↦43.005648255348206),(Vehicles4↦47.52495586872101),(Vehicles5↦105.0836443901062)}"
      },
      "probabilisticVariables": null,
      "activating": [
        "SLOWER_19"
      ],
      "activatingOnlyWhenExecuted": true,
      "updating": null,
      "withPredicate": null
    },
    {
      "id": "SLOWER_19",
      "execute": "SLOWER",
      "after": "1000",
      "priority": 0,
      "additionalGuards": null,
      "activationKind": null,
      "fixedVariables": {
        "Crash": "FALSE",
        "VehiclesAy": "{(EgoVehicle↦0.0),(Vehicles2↦0.0),(Vehicles3↦0.0),(Vehicles4↦0.0),(Vehicles5↦0.0)}",
        "Reward": "0.7333779345095214",
        "VehiclesAx": "{(EgoVehicle↦-0.011026859283447266),(Vehicles2↦0.07812694151652977),(Vehicles3↦-0.10091524571180344),(Vehicles4↦-0.036268606781959534),(Vehicles5↦0.03840342164039612)}",
        "VehiclesVx": "{(EgoVehicle↦20.001673698425293),(Vehicles2↦0.0032141010160557926),(Vehicles3↦0.19684532657265663),(Vehicles4↦1.1347941309213638),(Vehicles5↦-0.9852225333452225)}",
        "VehiclesY": "{(EgoVehicle↦8.000000238418579),(Vehicles2↦-4.0000001192092896),(Vehicles3↦0.0),(Vehicles4↦-8.000000238418579),(Vehicles5↦0.0)}",
        "VehiclesVy": "{(EgoVehicle↦0.0),(Vehicles2↦0.0),(Vehicles3↦0.0),(Vehicles4↦0.0),(Vehicles5↦0.0)}",
        "VehiclesX": "{(EgoVehicle↦200.0),(Vehicles2↦30.0308495759964),(Vehicles3↦43.264031410217285),(Vehicles4↦48.683157563209534),(Vehicles5↦104.07665967941284)}"
      },
      "probabilisticVariables": null,
      "activating": [
        "SLOWER_20"
      ],
      "activatingOnlyWhenExecuted": true,
      "updating": null,
      "withPredicate": null
    },
    {
      "id": "SLOWER_20",
      "execute": "SLOWER",
      "after": "1000",
      "priority": 0,
      "additionalGuards": null,
      "activationKind": null,
      "fixedVariables": {
        "Crash": "FALSE",
        "VehiclesAy": "{(EgoVehicle↦0.0),(Vehicles2↦0.0),(Vehicles3↦0.0),(Vehicles4↦1.7763568394002505E-14),(Vehicles5↦0.0)}",
        "Reward": "0.7333392067392511",
        "VehiclesAx": "{(EgoVehicle↦-0.0014543533325195312),(Vehicles2↦0.060866289131809026),(Vehicles3↦-0.1015692949295044),(Vehicles4↦-0.04534274339675903),(Vehicles5↦0.03322713077068329)}",
        "VehiclesVx": "{(EgoVehicle↦20.000219345092773),(Vehicles2↦0.06408039014786482),(Vehicles3↦0.09527603164315224),(Vehicles4↦1.0894513875246048),(Vehicles5↦-0.9519954025745392)}",
        "VehiclesY": "{(EgoVehicle↦8.000000238418579),(Vehicles2↦-4.0000001192092896),(Vehicles3↦0.0),(Vehicles4↦-8.000000238418579),(Vehicles5↦0.0)}",
        "VehiclesVy": "{(EgoVehicle↦0.0),(Vehicles2↦0.0),(Vehicles3↦0.0),(Vehicles4↦1.7763568394002505E-14),(Vehicles5↦0.0)}",
        "VehiclesX": "{(EgoVehicle↦200.0),(Vehicles2↦30.05918562412262),(Vehicles3↦43.41972768306732),(Vehicles4↦49.79998171329498),(Vehicles5↦103.10463905334473)}"
      },
      "probabilisticVariables": null,
      "activating": [
        "SLOWER_21"
      ],
      "activatingOnlyWhenExecuted": true,
      "updating": null,
      "withPredicate": null
    },
    {
      "id": "SLOWER_21",
      "execute": "SLOWER",
      "after": "1000",
      "priority": 0,
      "additionalGuards": null,
      "activationKind": null,
      "fixedVariables": {
        "Crash": "FALSE",
        "VehiclesAy": "{(EgoVehicle↦0.0),(Vehicles2↦0.0),(Vehicles3↦0.0),(Vehicles4↦-1.7763568394002505E-14),(Vehicles5↦0.0)}",
        "Reward": "0.7333341067859646",
        "VehiclesAx": "{(EgoVehicle↦-0.00019073486328125),(Vehicles2↦0.05330770742148161),(Vehicles3↦-0.09331705718068406),(Vehicles4↦-0.04576787352561951),(Vehicles5↦0.03533169627189636)}",
        "VehiclesVx": "{(EgoVehicle↦20.000028610229492),(Vehicles2↦0.11738809756934643),(Vehicles3↦0.001958974462468177),(Vehicles4↦1.0436835139989853),(Vehicles5↦-0.9166637063026428)}",
        "VehiclesY": "{(EgoVehicle↦8.000000238418579),(Vehicles2↦-4.0000001192092896),(Vehicles3↦0.0),(Vehicles4↦-8.000000238418579),(Vehicles5↦0.0)}",
        "VehiclesVy": "{(EgoVehicle↦0.0),(Vehicles2↦0.0),(Vehicles3↦0.0),(Vehicles4↦0.0),(Vehicles5↦0.0)}",
        "VehiclesX": "{(EgoVehicle↦200.0),(Vehicles2↦30.145075917243958),(Vehicles3↦43.476927280426025),(Vehicles4↦50.871074199676514),(Vehicles5↦102.16656923294067)}"
      },
      "probabilisticVariables": null,
      "activating": [
        "SLOWER_22"
      ],
      "activatingOnlyWhenExecuted": true,
      "updating": null,
      "withPredicate": null
    },
    {
      "id": "SLOWER_22",
      "execute": "SLOWER",
      "after": "1000",
      "priority": 0,
      "additionalGuards": null,
      "activationKind": null,
      "fixedVariables": {
        "Crash": "FALSE",
        "VehiclesAy": "{(EgoVehicle↦0.0),(Vehicles2↦0.0),(Vehicles3↦0.0),(Vehicles4↦0.0),(Vehicles5↦0.0)}",
        "Reward": "0.7333334351871778",
        "VehiclesAx": "{(EgoVehicle↦-2.384185791015625E-05),(Vehicles2↦0.047890907153487206),(Vehicles3↦-0.08360067644389346),(Vehicles4↦-0.04484400153160095),(Vehicles5↦0.037644729018211365)}",
        "VehiclesVx": "{(EgoVehicle↦20.000004768371582),(Vehicles2↦0.16527900472283363),(Vehicles3↦-0.08164170198142529),(Vehicles4↦0.9988395124673843),(Vehicles5↦-0.8790189772844315)}",
        "VehiclesY": "{(EgoVehicle↦8.000000238418579),(Vehicles2↦-4.0000001192092896),(Vehicles3↦0.0),(Vehicles4↦-8.000000238418579),(Vehicles5↦0.0)}",
        "VehiclesVy": "{(EgoVehicle↦0.0),(Vehicles2↦0.0),(Vehicles3↦0.0),(Vehicles4↦0.0),(Vehicles5↦0.0)}",
        "VehiclesX": "{(EgoVehicle↦200.0),(Vehicles2↦30.2820086479187),(Vehicles3↦43.44464838504791),(Vehicles4↦51.896733045578),(Vehicles5↦101.26479864120483)}"
      },
      "probabilisticVariables": null,
      "activating": [
        "IDLE_23"
      ],
      "activatingOnlyWhenExecuted": true,
      "updating": null,
      "withPredicate": null
    },
    {
      "id": "IDLE_23",
      "execute": "IDLE",
      "after": "1000",
      "priority": 0,
      "additionalGuards": null,
      "activationKind": null,
      "fixedVariables": {
        "Crash": "FALSE",
        "VehiclesAy": "{(EgoVehicle↦0.0),(Vehicles2↦0.0),(Vehicles3↦0.0),(Vehicles4↦0.0),(Vehicles5↦0.0)}",
        "Reward": "0.7333333467461852",
        "VehiclesAx": "{(EgoVehicle↦-4.76837158203125E-06),(Vehicles2↦0.04342615604400635),(Vehicles3↦-0.07359776645898819),(Vehicles4↦-0.04357345402240753),(Vehicles5↦0.0393521785736084)}",
        "VehiclesVx": "{(EgoVehicle↦20.0),(Vehicles2↦0.20870516076683998),(Vehicles3↦-0.15523946844041348),(Vehicles4↦0.9552660584449768),(Vehicles5↦-0.8396667987108231)}",
        "VehiclesY": "{(EgoVehicle↦8.000000238418579),(Vehicles2↦-4.0000001192092896),(Vehicles3↦0.0),(Vehicles4↦-8.000000238418579),(Vehicles5↦0.0)}",
        "VehiclesVy": "{(EgoVehicle↦0.0),(Vehicles2↦0.0),(Vehicles3↦0.0),(Vehicles4↦0.0),(Vehicles5↦0.0)}",
        "VehiclesX": "{(EgoVehicle↦200.0),(Vehicles2↦30.464985966682434),(Vehicles3↦43.332767486572266),(Vehicles4↦52.87802815437317),(Vehicles5↦100.40141344070435)}"
      },
      "probabilisticVariables": null,
      "activating": [
        "SLOWER_24"
      ],
      "activatingOnlyWhenExecuted": true,
      "updating": null,
      "withPredicate": null
    },
    {
      "id": "SLOWER_24",
      "execute": "SLOWER",
      "after": "1000",
      "priority": 0,
      "additionalGuards": null,
      "activationKind": null,
      "fixedVariables": {
        "Crash": "FALSE",
        "VehiclesAy": "{(EgoVehicle↦0.0),(Vehicles2↦0.0),(Vehicles3↦0.0),(Vehicles4↦0.0),(Vehicles5↦0.0)}",
        "Reward": "0.7333333350996348",
        "VehiclesAx": "{(EgoVehicle↦0.0),(Vehicles2↦0.03961706534028053),(Vehicles3↦-0.06364918313920498),(Vehicles4↦-0.04211746156215668),(Vehicles5↦0.04045262932777405)}",
        "VehiclesVx": "{(EgoVehicle↦20.0),(Vehicles2↦0.24832222610712051),(Vehicles3↦-0.21888865157961845),(Vehicles4↦0.9131485968828201),(Vehicles5↦-0.799214169383049)}",
        "VehiclesY": "{(EgoVehicle↦8.000000238418579),(Vehicles2↦-4.0000001192092896),(Vehicles3↦0.0),(Vehicles4↦-8.000000238418579),(Vehicles5↦0.0)}",
        "VehiclesVy": "{(EgoVehicle↦0.0),(Vehicles2↦0.0),(Vehicles3↦0.0),(Vehicles4↦0.0),(Vehicles5↦0.0)}",
        "VehiclesX": "{(EgoVehicle↦200.0),(Vehicles2↦30.689820647239685),(Vehicles3↦43.15128028392792),(Vehicles4↦53.81632447242737),(Vehicles5↦99.57786202430725)}"
      },
      "probabilisticVariables": null,
      "activating": [
        "SLOWER_25"
      ],
      "activatingOnlyWhenExecuted": true,
      "updating": null,
      "withPredicate": null
    },
    {
      "id": "SLOWER_25",
      "execute": "SLOWER",
      "after": "1000",
      "priority": 0,
      "additionalGuards": null,
      "activationKind": null,
      "fixedVariables": {
        "Crash": "FALSE",
        "VehiclesAy": "{(EgoVehicle↦0.0),(Vehicles2↦0.0),(Vehicles3↦0.0),(Vehicles4↦1.7763568394002505E-14),(Vehicles5↦0.0)}",
        "Reward": "0.7333333335659327",
        "VehiclesAx": "{(EgoVehicle↦0.0),(Vehicles2↦0.036321692168712616),(Vehicles3↦-0.05396401509642601),(Vehicles4↦-0.040520280599594116),(Vehicles5↦0.04104100167751312)}",
        "VehiclesVx": "{(EgoVehicle↦20.0),(Vehicles2↦0.28464391827583313),(Vehicles3↦-0.27285266667604446),(Vehicles4↦0.872628316283226),(Vehicles5↦-0.7581731677055359)}",
        "VehiclesY": "{(EgoVehicle↦8.000000238418579),(Vehicles2↦-4.0000001192092896),(Vehicles3↦0.0),(Vehicles4↦-8.000000238418579),(Vehicles5↦0.0)}",
        "VehiclesVy": "{(EgoVehicle↦0.0),(Vehicles2↦0.0),(Vehicles3↦0.0),(Vehicles4↦1.7763568394002505E-14),(Vehicles5↦0.0)}",
        "VehiclesX": "{(EgoVehicle↦200.0),(Vehicles2↦30.95291554927826),(Vehicles3↦42.91004538536072),(Vehicles4↦54.713135957717896),(Vehicles5↦98.7950325012207)}"
      },
      "probabilisticVariables": null,
      "activating": [
        "SLOWER_26"
      ],
      "activatingOnlyWhenExecuted": true,
      "updating": null,
      "withPredicate": null
    },
    {
      "id": "SLOWER_26",
      "execute": "SLOWER",
      "after": "1000",
      "priority": 0,
      "additionalGuards": null,
      "activationKind": null,
      "fixedVariables": {
        "Crash": "FALSE",
        "VehiclesAy": "{(EgoVehicle↦0.0),(Vehicles2↦0.0),(Vehicles3↦0.0),(Vehicles4↦-1.7763568394002505E-14),(Vehicles5↦0.0)}",
        "Reward": "0.7333333333639637",
        "VehiclesAx": "{(EgoVehicle↦0.0),(Vehicles2↦0.03344394266605377),(Vehicles3↦-0.04470590502023697),(Vehicles4↦-0.03880731761455536),(Vehicles5↦0.04121266305446625)}",
        "VehiclesVx": "{(EgoVehicle↦20.0),(Vehicles2↦0.3180878609418869),(Vehicles3↦-0.31755857169628143),(Vehicles4↦0.8338209986686707),(Vehicles5↦-0.7169605046510696)}",
        "VehiclesY": "{(EgoVehicle↦8.000000238418579),(Vehicles2↦-4.0000001192092896),(Vehicles3↦0.0),(Vehicles4↦-8.000000238418579),(Vehicles5↦0.0)}",
        "VehiclesVy": "{(EgoVehicle↦0.0),(Vehicles2↦0.0),(Vehicles3↦0.0),(Vehicles4↦0.0),(Vehicles5↦0.0)}",
        "VehiclesX": "{(EgoVehicle↦200.0),(Vehicles2↦31.251153349876404),(Vehicles3↦42.61859059333801),(Vehicles4↦55.570101737976074),(Vehicles5↦98.05334210395813)}"
      },
      "probabilisticVariables": null,
      "activating": [
        "SLOWER_27"
      ],
      "activatingOnlyWhenExecuted": true,
      "updating": null,
      "withPredicate": null
    },
    {
      "id": "SLOWER_27",
      "execute": "SLOWER",
      "after": "1000",
      "priority": 0,
      "additionalGuards": null,
      "activationKind": null,
      "fixedVariables": {
        "Crash": "FALSE",
        "VehiclesAy": "{(EgoVehicle↦0.0),(Vehicles2↦0.0),(Vehicles3↦0.0),(Vehicles4↦0.0),(Vehicles5↦0.0)}",
        "Reward": "0.733333333337367",
        "VehiclesAx": "{(EgoVehicle↦0.0),(Vehicles2↦0.03091178834438324),(Vehicles3↦-0.03600161522626877),(Vehicles4↦-0.03699980676174164),(Vehicles5↦0.04105173051357269)}",
        "VehiclesVx": "{(EgoVehicle↦20.0),(Vehicles2↦0.34899964928627014),(Vehicles3↦-0.3535601869225502),(Vehicles4↦0.796821191906929),(Vehicles5↦-0.675908774137497)}",
        "VehiclesY": "{(EgoVehicle↦8.000000238418579),(Vehicles2↦-4.0000001192092896),(Vehicles3↦0.0),(Vehicles4↦-8.000000238418579),(Vehicles5↦0.0)}",
        "VehiclesVy": "{(EgoVehicle↦0.0),(Vehicles2↦0.0),(Vehicles3↦0.0),(Vehicles4↦0.0),(Vehicles5↦0.0)}",
        "VehiclesX": "{(EgoVehicle↦200.0),(Vehicles2↦31.581798195838928),(Vehicles3↦42.28596091270447),(Vehicles4↦56.3889741897583),(Vehicles5↦97.3528265953064)}"
      },
      "probabilisticVariables": null,
      "activating": [
        "SLOWER_28"
      ],
      "activatingOnlyWhenExecuted": true,
      "updating": null,
      "withPredicate": null
    },
    {
      "id": "SLOWER_28",
      "execute": "SLOWER",
      "after": "1000",
      "priority": 0,
      "additionalGuards": null,
      "activationKind": null,
      "fixedVariables": {
        "Crash": "FALSE",
        "VehiclesAy": "{(EgoVehicle↦0.0),(Vehicles2↦0.0),(Vehicles3↦0.0),(Vehicles4↦0.0),(Vehicles5↦0.0)}",
        "Reward": "0.7333333333338645",
        "VehiclesAx": "{(EgoVehicle↦0.0),(Vehicles2↦0.028669200837612152),(Vehicles3↦-0.02794172614812851),(Vehicles4↦-0.03511741757392883),(Vehicles5↦0.040629804134368896)}",
        "VehiclesVx": "{(EgoVehicle↦20.0),(Vehicles2↦0.3776688501238823),(Vehicles3↦-0.3815019130706787),(Vehicles4↦0.7617037743330002),(Vehicles5↦-0.635278970003128)}",
        "VehiclesY": "{(EgoVehicle↦8.000000238418579),(Vehicles2↦-4.0000001192092896),(Vehicles3↦0.0),(Vehicles4↦-8.000000238418579),(Vehicles5↦0.0)}",
        "VehiclesVy": "{(EgoVehicle↦0.0),(Vehicles2↦0.0),(Vehicles3↦0.0),(Vehicles4↦0.0),(Vehicles5↦0.0)}",
        "VehiclesX": "{(EgoVehicle↦200.0),(Vehicles2↦31.94243311882019),(Vehicles3↦41.920605301856995),(Vehicles4↦57.171595096588135),(Vehicles5↦96.69321775436401)}"
      },
      "probabilisticVariables": null,
      "activating": [
        "SLOWER_29"
      ],
      "activatingOnlyWhenExecuted": true,
      "updating": null,
      "withPredicate": null
    },
    {
      "id": "SLOWER_29",
      "execute": "SLOWER",
      "after": "1000",
      "priority": 0,
      "additionalGuards": null,
      "activationKind": null,
      "fixedVariables": {
        "Crash": "FALSE",
        "VehiclesAy": "{(EgoVehicle↦0.0),(Vehicles2↦0.0),(Vehicles3↦0.0),(Vehicles4↦0.0),(Vehicles5↦0.0)}",
        "Reward": "0.7333333333334032",
        "VehiclesAx": "{(EgoVehicle↦0.0),(Vehicles2↦0.026671811938285828),(Vehicles3↦-0.02058282494544983),(Vehicles4↦-0.033178701996803284),(Vehicles5↦0.04000697284936905)}",
        "VehiclesVx": "{(EgoVehicle↦20.0),(Vehicles2↦0.4043406620621681),(Vehicles3↦-0.40208473801612854),(Vehicles4↦0.7285250723361969),(Vehicles5↦-0.595271997153759)}",
        "VehiclesY": "{(EgoVehicle↦8.000000238418579),(Vehicles2↦-4.0000001192092896),(Vehicles3↦0.0),(Vehicles4↦-8.000000238418579),(Vehicles5↦0.0)}",
        "VehiclesVy": "{(EgoVehicle↦0.0),(Vehicles2↦0.0),(Vehicles3↦0.0),(Vehicles4↦0.0),(Vehicles5↦0.0)}",
        "VehiclesX": "{(EgoVehicle↦200.0),(Vehicles2↦32.33092129230499),(Vehicles3↦41.5303111076355),(Vehicles4↦57.91986584663391),(Vehicles5↦96.07399702072144)}"
      },
      "probabilisticVariables": null,
      "activating": [
        "SLOWER_30"
      ],
      "activatingOnlyWhenExecuted": true,
      "updating": null,
      "withPredicate": null
    },
    {
      "id": "SLOWER_30",
      "execute": "SLOWER",
      "after": "1000",
      "priority": 0,
      "additionalGuards": null,
      "activationKind": null,
      "fixedVariables": {
        "Crash": "FALSE",
        "VehiclesAy": "{(EgoVehicle↦0.0),(Vehicles2↦0.0),(Vehicles3↦0.0),(Vehicles4↦0.0),(Vehicles5↦0.0)}",
        "Reward": "0.7333333333333426",
        "VehiclesAx": "{(EgoVehicle↦0.0),(Vehicles2↦0.024883896112442017),(Vehicles3↦-0.013951323926448822),(Vehicles4↦-0.031201466917991638),(Vehicles5↦0.039233043789863586)}",
        "VehiclesVx": "{(EgoVehicle↦20.0),(Vehicles2↦0.42922455817461014),(Vehicles3↦-0.41603606194257736),(Vehicles4↦0.6973236054182053),(Vehicles5↦-0.5560389533638954)}",
        "VehiclesY": "{(EgoVehicle↦8.000000238418579),(Vehicles2↦-4.0000001192092896),(Vehicles3↦0.0),(Vehicles4↦-8.000000238418579),(Vehicles5↦0.0)}",
        "VehiclesVy": "{(EgoVehicle↦0.0),(Vehicles2↦0.0),(Vehicles3↦0.0),(Vehicles4↦0.0),(Vehicles5↦0.0)}",
        "VehiclesX": "{(EgoVehicle↦200.0),(Vehicles2↦32.745352387428284),(Vehicles3↦41.1221444606781),(Vehicles4↦58.63575339317322),(Vehicles5↦95.49448490142822)}"
      },
      "probabilisticVariables": null,
      "activating": [
        "SLOWER_31"
      ],
      "activatingOnlyWhenExecuted": true,
      "updating": null,
      "withPredicate": null
    },
    {
      "id": "SLOWER_31",
      "execute": "SLOWER",
      "after": "1000",
      "priority": 0,
      "additionalGuards": null,
      "activationKind": null,
      "fixedVariables": {
        "Crash": "FALSE",
        "VehiclesAy": "{(EgoVehicle↦0.0),(Vehicles2↦0.0),(Vehicles3↦0.0),(Vehicles4↦0.0),(Vehicles5↦0.0)}",
        "Reward": "0.7333333333333346",
        "VehiclesAx": "{(EgoVehicle↦0.0),(Vehicles2↦0.22213462740182877),(Vehicles3↦0.8685370907187462),(Vehicles4↦-1.1214078217744827),(Vehicles5↦1.2241598591208458)}",
        "VehiclesVx": "{(EgoVehicle↦20.0),(Vehicles2↦0.6513591855764389),(Vehicles3↦0.4525010287761688),(Vehicles4↦-0.42408421635627747),(Vehicles5↦0.6681209057569504)}",
        "VehiclesY": "{(EgoVehicle↦8.000000238418579),(Vehicles2↦-8.000000238418579),(Vehicles3↦-4.0000001192092896),(Vehicles4↦0.0),(Vehicles5↦-8.000000238418579)}",
        "VehiclesVy": "{(EgoVehicle↦0.0),(Vehicles2↦0.0),(Vehicles3↦0.0),(Vehicles4↦0.0),(Vehicles5↦0.0)}",
        "VehiclesX": "{(EgoVehicle↦200.0),(Vehicles2↦-9.491953253746033),(Vehicles3↦33.18400979042053),(Vehicles4↦40.702444314956665),(Vehicles5↦59.3212366104126)}"
      },
      "probabilisticVariables": null,
      "activating": [
        "FASTER_32"
      ],
      "activatingOnlyWhenExecuted": true,
      "updating": null,
      "withPredicate": null
    },
    {
      "id": "FASTER_32",
      "execute": "FASTER",
      "after": "1000",
      "priority": 0,
      "additionalGuards": null,
      "activationKind": null,
      "fixedVariables": {
        "Crash": "FALSE",
        "VehiclesAy": "{(EgoVehicle↦0.0),(Vehicles2↦0.0),(Vehicles3↦0.0),(Vehicles4↦0.0),(Vehicles5↦0.0)}",
        "Reward": "0.8491083676268861",
        "VehiclesAx": "{(EgoVehicle↦4.341564178466797),(Vehicles2↦-4.518596455454826),(Vehicles3↦-5.221002846956253),(Vehicles4↦-3.2765568792819977),(Vehicles5↦-5.489988848567009)}",
        "VehiclesVx": "{(EgoVehicle↦24.341564178466797),(Vehicles2↦-3.8672372698783875),(Vehicles3↦-4.768501818180084),(Vehicles4↦-3.700641095638275),(Vehicles5↦-4.821867942810059)}",
        "VehiclesY": "{(EgoVehicle↦8.000000238418579),(Vehicles2↦-4.0000001192092896),(Vehicles3↦0.0),(Vehicles4↦-8.000000238418579),(Vehicles5↦0.0)}",
        "VehiclesVy": "{(EgoVehicle↦0.0),(Vehicles2↦0.0),(Vehicles3↦0.0),(Vehicles4↦0.0),(Vehicles5↦0.0)}",
        "VehiclesX": "{(EgoVehicle↦200.0),(Vehicles2↦31.25028908252716),(Vehicles3↦37.881770730018616),(Vehicles4↦57.58325457572937),(Vehicles5↦92.05613732337952)}"
      },
      "probabilisticVariables": null,
      "activating": [
        "SLOWER_33"
      ],
      "activatingOnlyWhenExecuted": true,
      "updating": null,
      "withPredicate": null
    },
    {
      "id": "SLOWER_33",
      "execute": "SLOWER",
      "after": "1000",
      "priority": 0,
      "additionalGuards": null,
      "activationKind": null,
      "fixedVariables": {
        "Crash": "FALSE",
        "VehiclesAy": "{(EgoVehicle↦0.0),(Vehicles2↦0.0),(Vehicles3↦0.0),(Vehicles4↦1.7763568394002505E-14),(Vehicles5↦0.0)}",
        "Reward": "0.7485794283843362",
        "VehiclesAx": "{(EgoVehicle↦-3.76983642578125),(Vehicles2↦3.790345904417336),(Vehicles3↦3.7715010344982147),(Vehicles4↦3.74463205691427),(Vehicles5↦3.806207627058029)}",
        "VehiclesVx": "{(EgoVehicle↦20.571727752685547),(Vehicles2↦-0.07689136546105146),(Vehicles3↦-0.9970007836818695),(Vehicles4↦0.04399096127599478),(Vehicles5↦-1.0156603157520294)}",
        "VehiclesY": "{(EgoVehicle↦8.000000238418579),(Vehicles2↦-4.0000001192092896),(Vehicles3↦0.0),(Vehicles4↦-8.000000238418579),(Vehicles5↦0.0)}",
        "VehiclesVy": "{(EgoVehicle↦0.0),(Vehicles2↦0.0),(Vehicles3↦0.0),(Vehicles4↦1.7763568394002505E-14),(Vehicles5↦0.0)}",
        "VehiclesX": "{(EgoVehicle↦200.0),(Vehicles2↦29.47101891040802),(Vehicles3↦35.19326150417328),(Vehicles4↦55.95203638076782),(Vehicles5↦89.32856321334839)}"
      },
      "probabilisticVariables": null,
      "activating": [
        "LANE_RIGHT_34"
      ],
      "activatingOnlyWhenExecuted": true,
      "updating": null,
      "withPredicate": null
    },
    {
      "id": "LANE_RIGHT_34",
      "execute": "LANE_RIGHT",
      "after": "1000",
      "priority": 0,
      "additionalGuards": null,
      "activationKind": null,
      "fixedVariables": {
        "Crash": "FALSE",
        "VehiclesAy": "{(EgoVehicle↦0.0),(Vehicles2↦0.0),(Vehicles3↦0.0),(Vehicles4↦-1.7763568394002505E-14),(Vehicles5↦0.0)}",
        "Reward": "0.7353410495540414",
        "VehiclesAx": "{(EgoVehicle↦-0.49643754959106445),(Vehicles2↦0.5157549260184169),(Vehicles3↦0.5019954219460487),(Vehicles4↦0.47320878598839045),(Vehicles5↦0.5317675322294235)}",
        "VehiclesVx": "{(EgoVehicle↦20.075290203094482),(Vehicles2↦0.4388635605573654),(Vehicles3↦-0.49500536173582077),(Vehicles4↦0.5171997472643852),(Vehicles5↦-0.4838927835226059)}",
        "VehiclesY": "{(EgoVehicle↦8.000000238418579),(Vehicles2↦-4.0000001192092896),(Vehicles3↦0.0),(Vehicles4↦-8.000000238418579),(Vehicles5↦0.0)}",
        "VehiclesVy": "{(EgoVehicle↦0.0),(Vehicles2↦0.0),(Vehicles3↦0.0),(Vehicles4↦0.0),(Vehicles5↦0.0)}",
        "VehiclesX": "{(EgoVehicle↦200.0),(Vehicles2↦29.675808548927307),(Vehicles3↦34.472060203552246),(Vehicles4↦56.26044273376465),(Vehicles5↦88.60098719596863)}"
      },
      "probabilisticVariables": null,
      "activating": [
        "LANE_RIGHT_35"
      ],
      "activatingOnlyWhenExecuted": true,
      "updating": null,
      "withPredicate": null
    },
    {
      "id": "LANE_RIGHT_35",
      "execute": "LANE_RIGHT",
      "after": "1000",
      "priority": 0,
      "additionalGuards": null,
      "activationKind": null,
      "fixedVariables": {
        "Crash": "FALSE",
        "VehiclesAy": "{(EgoVehicle↦0.0),(Vehicles2↦0.0),(Vehicles3↦0.0),(Vehicles4↦0.0),(Vehicles5↦0.0)}",
        "Reward": "0.7335977239467599",
        "VehiclesAx": "{(EgoVehicle↦-0.06537437438964844),(Vehicles2↦0.08360076695680618),(Vehicles3↦0.07424332201480865),(Vehicles4↦0.04408210515975952),(Vehicles5↦0.09964480996131897)}",
        "VehiclesVx": "{(EgoVehicle↦20.009915828704834),(Vehicles2↦0.5224643275141716),(Vehicles3↦-0.4207620397210121),(Vehicles4↦0.5612818524241447),(Vehicles5↦-0.3842479735612869)}",
        "VehiclesY": "{(EgoVehicle↦8.000000238418579),(Vehicles2↦-4.0000001192092896),(Vehicles3↦0.0),(Vehicles4↦-8.000000238418579),(Vehicles5↦0.0)}",
        "VehiclesVy": "{(EgoVehicle↦0.0),(Vehicles2↦0.0),(Vehicles3↦0.0),(Vehicles4↦0.0),(Vehicles5↦0.0)}",
        "VehiclesX": "{(EgoVehicle↦200.0),(Vehicles2↦30.158111453056335),(Vehicles3↦34.01642441749573),(Vehicles4↦56.80503845214844),(Vehicles5↦88.16695213317871)}"
      },
      "probabilisticVariables": null,
      "activating": [
        "LANE_RIGHT_36"
      ],
      "activatingOnlyWhenExecuted": true,
      "updating": null,
      "withPredicate": null
    },
    {
      "id": "LANE_RIGHT_36",
      "execute": "LANE_RIGHT",
      "after": "1000",
      "priority": 0,
      "additionalGuards": null,
      "activationKind": null,
      "fixedVariables": {
        "Crash": "FALSE",
        "VehiclesAy": "{(EgoVehicle↦0.0),(Vehicles2↦0.0),(Vehicles3↦0.0),(Vehicles4↦0.0),(Vehicles5↦0.0)}",
        "Reward": "0.7333681502042372",
        "VehiclesAx": "{(EgoVehicle↦-0.008609294891357422),(Vehicles2↦0.02583865076303482),(Vehicles3↦0.02026643604040146),(Vehicles4↦-0.01079123467206955),(Vehicles5↦0.041819438338279724)}",
        "VehiclesVx": "{(EgoVehicle↦20.001306533813477),(Vehicles2↦0.5483029782772064),(Vehicles3↦-0.40049560368061066),(Vehicles4↦0.5504906177520752),(Vehicles5↦-0.3424285352230072)}",
        "VehiclesY": "{(EgoVehicle↦8.000000238418579),(Vehicles2↦-4.0000001192092896),(Vehicles3↦0.0),(Vehicles4↦-8.000000238418579),(Vehicles5↦0.0)}",
        "VehiclesVy": "{(EgoVehicle↦0.0),(Vehicles2↦0.0),(Vehicles3↦0.0),(Vehicles4↦0.0),(Vehicles5↦0.0)}",
        "VehiclesX": "{(EgoVehicle↦200.0),(Vehicles2↦30.692291259765625),(Vehicles3↦33.60487222671509),(Vehicles4↦57.36315846443176),(Vehicles5↦87.80081868171692)}"
      },
      "probabilisticVariables": null,
      "activating": [
        "LANE_RIGHT_37"
      ],
      "activatingOnlyWhenExecuted": true,
      "updating": null,
      "withPredicate": null
    },
    {
      "id": "LANE_RIGHT_37",
      "execute": "LANE_RIGHT",
      "after": "1000",
      "priority": 0,
      "additionalGuards": null,
      "activationKind": null,
      "fixedVariables": {
        "Crash": "FALSE",
        "VehiclesAy": "{(EgoVehicle↦0.0),(Vehicles2↦0.0),(Vehicles3↦0.0),(Vehicles4↦0.0),(Vehicles5↦-6.668816804885864)}",
        "Reward": "0.7333379182710655",
        "VehiclesAx": "{(EgoVehicle↦-0.0011348724365234375),(Vehicles2↦0.017449744045734406),(Vehicles3↦0.015111491084098816),(Vehicles4↦-0.016428939998149872),(Vehicles5↦-1.130363792181015)}",
        "VehiclesVx": "{(EgoVehicle↦20.000171661376953),(Vehicles2↦0.5657527223229408),(Vehicles3↦-0.38538411259651184),(Vehicles4↦0.5340616777539253),(Vehicles5↦-1.4727923274040222)}",
        "VehiclesY": "{(EgoVehicle↦8.000000238418579),(Vehicles2↦-4.0000001192092896),(Vehicles3↦0.0),(Vehicles4↦-8.000000238418579),(Vehicles5↦-0.8637647330760956)}",
        "VehiclesVy": "{(EgoVehicle↦0.0),(Vehicles2↦0.0),(Vehicles3↦0.0),(Vehicles4↦0.0),(Vehicles5↦-6.668816804885864)}",
        "VehiclesX": "{(EgoVehicle↦200.0),(Vehicles2↦31.24781847000122),(Vehicles3↦33.21042358875275),(Vehicles4↦57.9071044921875),(Vehicles5↦87.37604022026062)}"
      },
      "probabilisticVariables": null,
      "activating": [
        "SLOWER_38"
      ],
      "activatingOnlyWhenExecuted": true,
      "updating": null,
      "withPredicate": null
    },
    {
      "id": "SLOWER_38",
      "execute": "SLOWER",
      "after": "1000",
      "priority": 0,
      "additionalGuards": null,
      "activationKind": null,
      "fixedVariables": {
        "Crash": "FALSE",
        "VehiclesAy": "{(EgoVehicle↦0.0),(Vehicles2↦0.0),(Vehicles3↦0.0),(Vehicles4↦1.7763568394002505E-14),(Vehicles5↦-7.336656227707863)}",
        "Reward": "0.7333339371111417",
        "VehiclesAx": "{(EgoVehicle↦-0.00015020370483398438),(Vehicles2↦-0.9460168331861496),(Vehicles3↦0.4160088999196887),(Vehicles4↦-0.01563817262649536),(Vehicles5↦1.3346897903829813)}",
        "VehiclesVx": "{(EgoVehicle↦20.00002145767212),(Vehicles2↦-0.38026411086320877),(Vehicles3↦0.03062478732317686),(Vehicles4↦0.51842350512743),(Vehicles5↦-0.13810253702104092)}",
        "VehiclesY": "{(EgoVehicle↦8.000000238418579),(Vehicles2↦-4.0000001192092896),(Vehicles3↦0.0),(Vehicles4↦-8.000000238418579),(Vehicles5↦-3.7697174549102783)}",
        "VehiclesVy": "{(EgoVehicle↦0.0),(Vehicles2↦0.0),(Vehicles3↦0.0),(Vehicles4↦1.7763568394002505E-14),(Vehicles5↦-0.6678394228219986)}",
        "VehiclesX": "{(EgoVehicle↦200.0),(Vehicles2↦31.47748112678528),(Vehicles3↦32.82195031642914),(Vehicles4↦58.43479633331299),(Vehicles5↦86.79968118667603)}"
      },
      "probabilisticVariables": null,
      "activating": [
        "LANE_RIGHT_39"
      ],
      "activatingOnlyWhenExecuted": true,
      "updating": null,
      "withPredicate": null
    },
    {
      "id": "LANE_RIGHT_39",
      "execute": "LANE_RIGHT",
      "after": "1000",
      "priority": 0,
      "additionalGuards": null,
      "activationKind": null,
      "fixedVariables": {
        "Crash": "FALSE",
        "VehiclesAy": "{(EgoVehicle↦0.0),(Vehicles2↦0.0),(Vehicles3↦0.0),(Vehicles4↦-1.7763568394002505E-14),(Vehicles5↦-0.6678394228219986)}",
        "Reward": "0.7333334128431681",
        "VehiclesAx": "{(EgoVehicle↦-1.9073486328125E-05),(Vehicles2↦0.9809170290827751),(Vehicles3↦-0.8938993467018008),(Vehicles4↦0.46061504632234573),(Vehicles5↦0.6424646358937025)}",
        "VehiclesVx": "{(EgoVehicle↦20.00000238418579),(Vehicles2↦0.6006529182195663),(Vehicles3↦-0.863274559378624),(Vehicles4↦0.9790385514497757),(Vehicles5↦0.5043620988726616)}",
        "VehiclesY": "{(EgoVehicle↦8.000000238418579),(Vehicles2↦-8.000000238418579),(Vehicles3↦-4.0000001192092896),(Vehicles4↦0.0),(Vehicles5↦-8.000000238418579)}",
        "VehiclesVy": "{(EgoVehicle↦0.0),(Vehicles2↦0.0),(Vehicles3↦0.0),(Vehicles4↦0.0),(Vehicles5↦0.0)}",
        "VehiclesX": "{(EgoVehicle↦200.0),(Vehicles2↦-9.457408636808395),(Vehicles3↦30.867263674736023),(Vehicles4↦33.261969685554504),(Vehicles5↦58.9474618434906)}"
      },
      "probabilisticVariables": null,
      "activating": [
        "FASTER_40"
      ],
      "activatingOnlyWhenExecuted": true,
      "updating": null,
      "withPredicate": null
    },
    {
      "id": "FASTER_40",
      "execute": "FASTER",
      "after": "1000",
      "priority": 0,
      "additionalGuards": null,
      "activationKind": null,
      "fixedVariables": {
        "Crash": "FALSE",
        "VehiclesAy": "{(EgoVehicle↦0.0),(Vehicles2↦0.0),(Vehicles3↦0.0),(Vehicles4↦0.0),(Vehicles5↦-0.0025393892428837717)}",
        "Reward": "0.8491083780973171",
        "VehiclesAx": "{(EgoVehicle↦4.341561794281006),(Vehicles2↦-5.971143469214439),(Vehicles3↦-1.8803445249795914),(Vehicles4↦-4.828685894608498),(Vehicles5↦-4.525125436484814)}",
        "VehiclesVx": "{(EgoVehicle↦24.341564178466797),(Vehicles2↦-5.370490550994873),(Vehicles3↦-2.7436190843582153),(Vehicles4↦-3.849647343158722),(Vehicles5↦-4.020763337612152)}",
        "VehiclesY": "{(EgoVehicle↦8.000000238418579),(Vehicles2↦-4.0000001192092896),(Vehicles3↦0.0),(Vehicles4↦-8.000000238418579),(Vehicles5↦-3.9991332292556763)}",
        "VehiclesVy": "{(EgoVehicle↦0.0),(Vehicles2↦0.0),(Vehicles3↦0.0),(Vehicles4↦0.0),(Vehicles5↦-0.0025393892428837717)}",
        "VehiclesX": "{(EgoVehicle↦200.0),(Vehicles2↦27.526181936264038),(Vehicles3↦32.11614787578583),(Vehicles4↦57.051658630371094),(Vehicles5↦84.59030389785767)}"
      },
      "probabilisticVariables": null,
      "activating": [
        "IDLE_41"
      ],
      "activatingOnlyWhenExecuted": true,
      "updating": null,
      "withPredicate": null
    },
    {
      "id": "IDLE_41",
      "execute": "IDLE",
      "after": "1000",
      "priority": 0,
      "additionalGuards": null,
      "activationKind": null,
      "fixedVariables": {
        "Crash": "FALSE",
        "VehiclesAy": "{(EgoVehicle↦0.0),(Vehicles2↦0.0),(Vehicles3↦0.0),(Vehicles4↦0.0),(Vehicles5↦-0.0026908674226433504)}",
        "Reward": "0.8643544640567112",
        "VehiclesAx": "{(EgoVehicle↦0.5717277526855469),(Vehicles2↦-0.5913788080215454),(Vehicles3↦-0.19173383712768555),(Vehicles4↦-0.5826213955879211),(Vehicles5↦-0.41803985834121704)}",
        "VehiclesVx": "{(EgoVehicle↦24.913291931152344),(Vehicles2↦-5.9618693590164185),(Vehicles3↦-2.935352921485901),(Vehicles4↦-4.432268738746643),(Vehicles5↦-4.438803195953369)}",
        "VehiclesY": "{(EgoVehicle↦8.000000238418579),(Vehicles2↦-4.0000001192092896),(Vehicles3↦0.0),(Vehicles4↦-8.000000238418579),(Vehicles5↦-3.9999486207962036)}",
        "VehiclesVy": "{(EgoVehicle↦0.0),(Vehicles2↦0.0),(Vehicles3↦0.0),(Vehicles4↦0.0),(Vehicles5↦-0.00015147817975957878)}",
        "VehiclesX": "{(EgoVehicle↦200.0),(Vehicles2↦21.824687719345093),(Vehicles3↦29.224875569343567),(Vehicles4↦52.88213491439819),(Vehicles5↦80.31835556030273)}"
      },
      "probabilisticVariables": null,
      "activating": [
        "SLOWER_42"
      ],
      "activatingOnlyWhenExecuted": true,
      "updating": null,
      "withPredicate": null
    },
    {
      "id": "SLOWER_42",
      "execute": "SLOWER",
      "after": "1000",
      "priority": 0,
      "additionalGuards": null,
      "activationKind": null,
      "fixedVariables": {
        "Crash": "FALSE",
        "VehiclesAy": "{(EgoVehicle↦0.0),(Vehicles2↦0.0),(Vehicles3↦0.0),(Vehicles4↦0.0),(Vehicles5↦-0.00016037338582464145)}",
        "Reward": "0.7505871447866177",
        "VehiclesAx": "{(EgoVehicle↦-4.2662739753723145),(Vehicles2↦4.314722418785095),(Vehicles3↦4.484342336654663),(Vehicles4↦4.256857186555862),(Vehicles5↦4.39086384139955)}",
        "VehiclesVx": "{(EgoVehicle↦20.64701795578003),(Vehicles2↦-1.6471469402313232),(Vehicles3↦1.5489894151687622),(Vehicles4↦-0.17541155219078064),(Vehicles5↦-0.0479393545538187)}",
        "VehiclesY": "{(EgoVehicle↦8.000000238418579),(Vehicles2↦-4.0000001192092896),(Vehicles3↦0.0),(Vehicles4↦-8.000000238418579),(Vehicles5↦-3.9999969005584717)}",
        "VehiclesVy": "{(EgoVehicle↦0.0),(Vehicles2↦0.0),(Vehicles3↦0.0),(Vehicles4↦0.0),(Vehicles5↦-8.895206065062666E-06)}",
        "VehiclesX": "{(EgoVehicle↦200.0),(Vehicles2↦18.232189118862152),(Vehicles3↦28.74065935611725),(Vehicles4↦50.79951286315918),(Vehicles5↦78.28487157821655)}"
      },
      "probabilisticVariables": null,
      "activating": [
        "LANE_RIGHT_43"
      ],
      "activatingOnlyWhenExecuted": true,
      "updating": null,
      "withPredicate": null
    },
    {
      "id": "LANE_RIGHT_43",
      "execute": "LANE_RIGHT",
      "after": "1000",
      "priority": 0,
      "additionalGuards": null,
      "activationKind": null,
      "fixedVariables": {
        "Crash": "FALSE",
        "VehiclesAy": "{(EgoVehicle↦0.0),(Vehicles2↦0.0),(Vehicles3↦0.0),(Vehicles4↦0.0),(Vehicles5↦-9.41083289518474E-06)}",
        "Reward": "0.735605440191379",
        "VehiclesAx": "{(EgoVehicle↦-0.5618143081665039),(Vehicles2↦0.6401398777961731),(Vehicles3↦0.6749029457569122),(Vehicles4↦0.5537909269332886),(Vehicles5↦0.6654243264347315)}",
        "VehiclesVx": "{(EgoVehicle↦20.085203647613525),(Vehicles2↦-1.0070070624351501),(Vehicles3↦2.2238923609256744),(Vehicles4↦0.37837937474250793),(Vehicles5↦0.6174849718809128)}",
        "VehiclesY": "{(EgoVehicle↦8.000000238418579),(Vehicles2↦-4.0000001192092896),(Vehicles3↦0.0),(Vehicles4↦-8.000000238418579),(Vehicles5↦-3.999999761581421)}",
        "VehiclesVy": "{(EgoVehicle↦0.0),(Vehicles2↦0.0),(Vehicles3↦0.0),(Vehicles4↦0.0),(Vehicles5↦-5.156268301220734E-07)}",
        "VehiclesX": "{(EgoVehicle↦200.0),(Vehicles2↦16.924868524074554),(Vehicles3↦30.65142333507538),(Vehicles4↦50.93071460723877),(Vehicles5↦78.58973145484924)}"
      },
      "probabilisticVariables": null,
      "activating": [
        "LANE_RIGHT_44"
      ],
      "activatingOnlyWhenExecuted": true,
      "updating": null,
      "withPredicate": null
    },
    {
      "id": "LANE_RIGHT_44",
      "execute": "LANE_RIGHT",
      "after": "1000",
      "priority": 0,
      "additionalGuards": null,
      "activationKind": null,
      "fixedVariables": {
        "Crash": "FALSE",
        "VehiclesAy": "{(EgoVehicle↦0.0),(Vehicles2↦0.0),(Vehicles3↦0.0),(Vehicles4↦0.0),(Vehicles5↦-5.451905771280963E-07)}",
        "Reward": "0.7336325408208125",
        "VehiclesAx": "{(EgoVehicle↦-0.07398366928100586),(Vehicles2↦0.16304746270179749),(Vehicles3↦0.12084275484085083),(Vehicles4↦0.0672735646367073),(Vehicles5↦0.16211815178394318)}",
        "VehiclesVx": "{(EgoVehicle↦20.01121997833252),(Vehicles2↦-0.8439595997333527),(Vehicles3↦2.3447351157665253),(Vehicles4↦0.44565293937921524),(Vehicles5↦0.779603123664856)}",
        "VehiclesY": "{(EgoVehicle↦8.000000238418579),(Vehicles2↦-4.0000001192092896),(Vehicles3↦0.0),(Vehicles4↦-8.000000238418579),(Vehicles5↦-4.0000001192092896)}",
        "VehiclesVy": "{(EgoVehicle↦0.0),(Vehicles2↦0.0),(Vehicles3↦0.0),(Vehicles4↦0.0),(Vehicles5↦-2.9563747006022822E-08)}",
        "VehiclesX": "{(EgoVehicle↦200.0),(Vehicles2↦15.993918478488922),(Vehicles3↦32.93900191783905),(Vehicles4↦51.347118616104126),(Vehicles5↦79.28435206413269)}"
      },
      "probabilisticVariables": null,
      "activating": [
        "LANE_RIGHT_45"
      ],
      "activatingOnlyWhenExecuted": true,
      "updating": null,
      "withPredicate": null
    },
    {
      "id": "LANE_RIGHT_45",
      "execute": "LANE_RIGHT",
      "after": "1000",
      "priority": 0,
      "additionalGuards": null,
      "activationKind": null,
      "fixedVariables": {
        "Crash": "FALSE",
        "VehiclesAy": "{(EgoVehicle↦0.0),(Vehicles2↦0.0),(Vehicles3↦0.0),(Vehicles4↦0.0),(Vehicles5↦-3.12428749538185E-08)}",
        "Reward": "0.7333727351423841",
        "VehiclesAx": "{(EgoVehicle↦-0.009741783142089844),(Vehicles2↦0.10008856654167175),(Vehicles3↦0.015433132648468018),(Vehicles4↦0.00426415354013443),(Vehicles5↦0.08616521954536438)}",
        "VehiclesVx": "{(EgoVehicle↦20.00147819519043),(Vehicles2↦-0.7438710331916809),(Vehicles3↦2.3601682484149933),(Vehicles4↦0.44991709291934967),(Vehicles5↦0.8657683432102203)}",
        "VehiclesY": "{(EgoVehicle↦8.000000238418579),(Vehicles2↦-4.0000001192092896),(Vehicles3↦0.0),(Vehicles4↦-8.000000238418579),(Vehicles5↦-4.0000001192092896)}",
        "VehiclesVy": "{(EgoVehicle↦0.0),(Vehicles2↦0.0),(Vehicles3↦0.0),(Vehicles4↦0.0),(Vehicles5↦-1.6791279477956778E-09)}",
        "VehiclesX": "{(EgoVehicle↦200.0),(Vehicles2↦15.191599726676941),(Vehicles3↦35.29394268989563),(Vehicles4↦51.79585814476013),(Vehicles5↦80.10072112083435)}"
      },
      "probabilisticVariables": null,
      "activating": [
        "LANE_RIGHT_46"
      ],
      "activatingOnlyWhenExecuted": true,
      "updating": null,
      "withPredicate": null
    },
    {
      "id": "LANE_RIGHT_46",
      "execute": "LANE_RIGHT",
      "after": "1000",
      "priority": 0,
      "additionalGuards": null,
      "activationKind": null,
      "fixedVariables": {
        "Crash": "FALSE",
        "VehiclesAy": "{(EgoVehicle↦0.0),(Vehicles2↦0.0),(Vehicles3↦0.0),(Vehicles4↦1.7763568394002505E-14),(Vehicles5↦-1.773701185925347E-09)}",
        "Reward": "0.7333385220489285",
        "VehiclesAx": "{(EgoVehicle↦-0.0012826919555664062),(Vehicles2↦0.08846297860145569),(Vehicles3↦-0.018468499183654785),(Vehicles4↦-0.003044046461582184),(Vehicles5↦0.06860710680484772)}",
        "VehiclesVx": "{(EgoVehicle↦20.000195503234863),(Vehicles2↦-0.6554080545902252),(Vehicles3↦2.3416997492313385),(Vehicles4↦0.4468730464577675),(Vehicles5↦0.934375450015068)}",
        "VehiclesY": "{(EgoVehicle↦8.000000238418579),(Vehicles2↦-4.0000001192092896),(Vehicles3↦0.0),(Vehicles4↦-8.000000238418579),(Vehicles5↦-4.0000001192092896)}",
        "VehiclesVy": "{(EgoVehicle↦0.0),(Vehicles2↦0.0),(Vehicles3↦0.0),(Vehicles4↦1.7763568394002505E-14),(Vehicles5↦-9.457323812966933E-11)}",
        "VehiclesX": "{(EgoVehicle↦200.0),(Vehicles2↦14.483661949634552),(Vehicles3↦37.64849603176117),(Vehicles4↦52.24466323852539),(Vehicles5↦80.9947669506073)}"
      },
      "probabilisticVariables": null,
      "activating": [
        "SLOWER_47"
      ],
      "activatingOnlyWhenExecuted": true,
      "updating": null,
      "withPredicate": null
    },
    {
      "id": "SLOWER_47",
      "execute": "SLOWER",
      "after": "1000",
      "priority": 0,
      "additionalGuards": null,
      "activationKind": null,
      "fixedVariables": {
        "Crash": "FALSE",
        "VehiclesAy": "{(EgoVehicle↦0.0),(Vehicles2↦0.0),(Vehicles3↦0.0),(Vehicles4↦-1.7763568394002505E-14),(Vehicles5↦-9.985789972688508E-11)}",
        "Reward": "0.7333340166209837",
        "VehiclesAx": "{(EgoVehicle↦-0.00016927719116210938),(Vehicles2↦0.08231334388256073),(Vehicles3↦-0.035322606563568115),(Vehicles4↦-0.003084912896156311),(Vehicles5↦0.06024502217769623)}",
        "VehiclesVx": "{(EgoVehicle↦20.0000262260437),(Vehicles2↦-0.5730947107076645),(Vehicles3↦2.3063771426677704),(Vehicles4↦0.4437881335616112),(Vehicles5↦0.9946204721927643)}",
        "VehiclesY": "{(EgoVehicle↦8.000000238418579),(Vehicles2↦-4.0000001192092896),(Vehicles3↦0.0),(Vehicles4↦-8.000000238418579),(Vehicles5↦-4.0000001192092896)}",
        "VehiclesVy": "{(EgoVehicle↦0.0),(Vehicles2↦0.0),(Vehicles3↦0.0),(Vehicles4↦0.0),(Vehicles5↦-5.284661597215745E-12)}",
        "VehiclesX": "{(EgoVehicle↦200.0),(Vehicles2↦13.86164277791977),(Vehicles3↦39.977073669433594),(Vehicles4↦52.69024968147278),(Vehicles5↦81.9537878036499)}"
      },
      "probabilisticVariables": null,
      "activating": [
        "SLOWER_48"
      ],
      "activatingOnlyWhenExecuted": true,
      "updating": null,
      "withPredicate": null
    },
    {
      "id": "SLOWER_48",
      "execute": "SLOWER",
      "after": "1000",
      "priority": 0,
      "additionalGuards": null,
      "activationKind": null,
      "fixedVariables": {
        "Crash": "FALSE",
        "VehiclesAy": "{(EgoVehicle↦0.0),(Vehicles2↦0.0),(Vehicles3↦0.0),(Vehicles4↦0.0),(Vehicles5↦-5.586642259913788E-12)}",
        "Reward": "0.7333334233136001",
        "VehiclesAx": "{(EgoVehicle↦-2.384185791015625E-05),(Vehicles2↦0.076560378074646),(Vehicles3↦-0.04527002573013306),(Vehicles4↦-0.0022345036268234253),(Vehicles5↦0.054189711809158325)}",
        "VehiclesVx": "{(EgoVehicle↦20.00000238418579),(Vehicles2↦-0.4965343326330185),(Vehicles3↦2.2611071169376373),(Vehicles4↦0.44155362993478775),(Vehicles5↦1.0488101840019226)}",
        "VehiclesY": "{(EgoVehicle↦8.000000238418579),(Vehicles2↦-4.0000001192092896),(Vehicles3↦0.0),(Vehicles4↦-8.000000238418579),(Vehicles5↦-4.0000001192092896)}",
        "VehiclesVy": "{(EgoVehicle↦0.0),(Vehicles2↦0.0),(Vehicles3↦0.0),(Vehicles4↦0.0),(Vehicles5↦-3.019806626980426E-13)}",
        "VehiclesX": "{(EgoVehicle↦200.0),(Vehicles2↦13.319627940654755),(Vehicles3↦42.26595759391785),(Vehicles4↦53.13307046890259),(Vehicles5↦82.97051787376404)}"
      },
      "probabilisticVariables": null,
      "activating": [
        "SLOWER_49"
      ],
      "activatingOnlyWhenExecuted": true,
      "updating": null,
      "withPredicate": null
    },
    {
      "id": "SLOWER_49",
      "execute": "SLOWER",
      "after": "1000",
      "priority": 0,
      "additionalGuards": null,
      "activationKind": null,
      "fixedVariables": {
        "Crash": "FALSE",
        "VehiclesAy": "{(EgoVehicle↦0.0),(Vehicles2↦0.0),(Vehicles3↦0.0),(Vehicles4↦0.0),(Vehicles5↦-3.197442310920451E-13)}",
        "Reward": "0.7333333451825866",
        "VehiclesAx": "{(EgoVehicle↦-2.384185791015625E-06),(Vehicles2↦0.07099006325006485),(Vehicles3↦-0.051453858613967896),(Vehicles4↦-0.0013303384184837341),(Vehicles5↦0.049255192279815674)}",
        "VehiclesVx": "{(EgoVehicle↦20.0),(Vehicles2↦-0.42554426938295364),(Vehicles3↦2.2096532583236694),(Vehicles4↦0.440223291516304),(Vehicles5↦1.0980653762817383)}",
        "VehiclesY": "{(EgoVehicle↦8.000000238418579),(Vehicles2↦-4.0000001192092896),(Vehicles3↦0.0),(Vehicles4↦-8.000000238418579),(Vehicles5↦-4.0000001192092896)}",
        "VehiclesVy": "{(EgoVehicle↦0.0),(Vehicles2↦0.0),(Vehicles3↦0.0),(Vehicles4↦0.0),(Vehicles5↦-1.7763568394002505E-14)}",
        "VehiclesX": "{(EgoVehicle↦200.0),(Vehicles2↦12.851923704147339),(Vehicles3↦44.506871700286865),(Vehicles4↦53.57401967048645),(Vehicles5↦84.03939008712769)}"
      },
      "probabilisticVariables": null,
      "activating": [
        "SLOWER_50"
      ],
      "activatingOnlyWhenExecuted": true,
      "updating": null,
      "withPredicate": null
    },
    {
      "id": "SLOWER_50",
      "execute": "SLOWER",
      "after": "1000",
      "priority": 0,
      "additionalGuards": null,
      "activationKind": null,
      "fixedVariables": {
        "Crash": "FALSE",
        "VehiclesAy": "{(EgoVehicle↦0.0),(Vehicles2↦0.0),(Vehicles3↦0.0),(Vehicles4↦0.0),(Vehicles5↦-1.7763568394002505E-14)}",
        "Reward": "0.7333333348937289",
        "VehiclesAx": "{(EgoVehicle↦0.0),(Vehicles2↦0.06576880812644958),(Vehicles3↦-0.055376142263412476),(Vehicles4↦-0.000479966402053833),(Vehicles5↦0.0450926274061203)}",
        "VehiclesVx": "{(EgoVehicle↦20.0),(Vehicles2↦-0.35977546125650406),(Vehicles3↦2.154277116060257),(Vehicles4↦0.4397433251142502),(Vehicles5↦1.1431580036878586)}",
        "VehiclesY": "{(EgoVehicle↦8.000000238418579),(Vehicles2↦-4.0000001192092896),(Vehicles3↦0.0),(Vehicles4↦-8.000000238418579),(Vehicles5↦-4.0000001192092896)}",
        "VehiclesVy": "{(EgoVehicle↦0.0),(Vehicles2↦0.0),(Vehicles3↦0.0),(Vehicles4↦0.0),(Vehicles5↦0.0)}",
        "VehiclesX": "{(EgoVehicle↦200.0),(Vehicles2↦12.453088164329529),(Vehicles3↦46.694621443748474),(Vehicles4↦54.01398539543152),(Vehicles5↦85.1557970046997)}"
      },
      "probabilisticVariables": null,
      "activating": [
        "FASTER_51"
      ],
      "activatingOnlyWhenExecuted": true,
      "updating": null,
      "withPredicate": null
    },
    {
      "id": "FASTER_51",
      "execute": "FASTER",
      "after": "1000",
      "priority": 0,
      "additionalGuards": null,
      "activationKind": null,
      "fixedVariables": {
        "Crash": "FALSE",
        "VehiclesAy": "{(EgoVehicle↦0.0),(Vehicles2↦0.0),(Vehicles3↦0.0),(Vehicles4↦1.7763568394002505E-14),(Vehicles5↦0.0)}",
        "Reward": "0.8491083678323704",
        "VehiclesAx": "{(EgoVehicle↦4.341564178466797),(Vehicles2↦-4.280581139028072),(Vehicles3↦-4.39944714307785),(Vehicles4↦-4.341258630156517),(Vehicles5↦-4.300043806433678)}",
        "VehiclesVx": "{(EgoVehicle↦24.341564178466797),(Vehicles2↦-4.640356600284576),(Vehicles3↦-2.2451700270175934),(Vehicles4↦-3.901515305042267),(Vehicles5↦-3.156885802745819)}",
        "VehiclesY": "{(EgoVehicle↦8.000000238418579),(Vehicles2↦-4.0000001192092896),(Vehicles3↦0.0),(Vehicles4↦-8.000000238418579),(Vehicles5↦-4.0000001192092896)}",
        "VehiclesVy": "{(EgoVehicle↦0.0),(Vehicles2↦0.0),(Vehicles3↦0.0),(Vehicles4↦1.7763568394002505E-14),(Vehicles5↦0.0)}",
        "VehiclesX": "{(EgoVehicle↦200.0),(Vehicles2↦9.723008424043655),(Vehicles3↦46.43084406852722),(Vehicles4↦52.05872654914856),(Vehicles5↦83.92077088356018)}"
      },
      "probabilisticVariables": null,
      "activating": [
        "SLOWER_52"
      ],
      "activatingOnlyWhenExecuted": true,
      "updating": null,
      "withPredicate": null
    },
    {
      "id": "SLOWER_52",
      "execute": "SLOWER",
      "after": "1000",
      "priority": 0,
      "additionalGuards": null,
      "activationKind": null,
      "fixedVariables": {
        "Crash": "FALSE",
        "VehiclesAy": "{(EgoVehicle↦0.0),(Vehicles2↦0.0),(Vehicles3↦0.0),(Vehicles4↦-1.7763568394002505E-14),(Vehicles5↦0.0)}",
        "Reward": "0.7485794284113959",
        "VehiclesAx": "{(EgoVehicle↦-3.76983642578125),(Vehicles2↦3.8264796882867813),(Vehicles3↦3.7103627622127533),(Vehicles4↦3.770861467346549),(Vehicles5↦3.808250203728676)}",
        "VehiclesVx": "{(EgoVehicle↦20.571727752685547),(Vehicles2↦-0.8138769119977951),(Vehicles3↦1.46519273519516),(Vehicles4↦-0.1306538376957178),(Vehicles5↦0.6513644009828568)}",
        "VehiclesY": "{(EgoVehicle↦8.000000238418579),(Vehicles2↦-4.0000001192092896),(Vehicles3↦0.0),(Vehicles4↦-8.000000238418579),(Vehicles5↦-4.0000001192092896)}",
        "VehiclesVy": "{(EgoVehicle↦0.0),(Vehicles2↦0.0),(Vehicles3↦0.0),(Vehicles4↦0.0),(Vehicles5↦0.0)}",
        "VehiclesX": "{(EgoVehicle↦200.0),(Vehicles2↦7.1853019297122955),(Vehicles3↦46.24164700508118),(Vehicles4↦50.23723244667053),(Vehicles5↦82.85914659500122)}"
      },
      "probabilisticVariables": null,
      "activating": [
        "SLOWER_53"
      ],
      "activatingOnlyWhenExecuted": true,
      "updating": null,
      "withPredicate": null
    },
    {
      "id": "SLOWER_53",
      "execute": "SLOWER",
      "after": "1000",
      "priority": 0,
      "additionalGuards": null,
      "activationKind": null,
      "fixedVariables": {
        "Crash": "FALSE",
        "VehiclesAy": "{(EgoVehicle↦0.0),(Vehicles2↦0.0),(Vehicles3↦0.0),(Vehicles4↦0.0),(Vehicles5↦0.0)}",
        "Reward": "0.7353410495576048",
        "VehiclesAx": "{(EgoVehicle↦-0.49643754959106445),(Vehicles2↦0.5491698533296585),(Vehicles3↦0.4360048472881317),(Vehicles4↦0.49812582321465015),(Vehicles5↦0.5321289598941803)}",
        "VehiclesVx": "{(EgoVehicle↦20.075290203094482),(Vehicles2↦-0.2647070586681366),(Vehicles3↦1.9011975824832916),(Vehicles4↦0.36747198551893234),(Vehicles5↦1.183493360877037)}",
        "VehiclesY": "{(EgoVehicle↦8.000000238418579),(Vehicles2↦-4.0000001192092896),(Vehicles3↦0.0),(Vehicles4↦-8.000000238418579),(Vehicles5↦-4.0000001192092896)}",
        "VehiclesVy": "{(EgoVehicle↦0.0),(Vehicles2↦0.0),(Vehicles3↦0.0),(Vehicles4↦0.0),(Vehicles5↦0.0)}",
        "VehiclesX": "{(EgoVehicle↦200.0),(Vehicles2↦6.666679680347443),(Vehicles3↦47.95658588409424),(Vehicles4↦50.38106441497803),(Vehicles5↦83.7988555431366)}"
      },
      "probabilisticVariables": null,
      "activating": [
        "FASTER_54"
      ],
      "activatingOnlyWhenExecuted": true,
      "updating": null,
      "withPredicate": null
    },
    {
      "id": "FASTER_54",
      "execute": "FASTER",
      "after": "1000",
      "priority": 0,
      "additionalGuards": null,
      "activationKind": null,
      "fixedVariables": {
        "Crash": "FALSE",
        "VehiclesAy": "{(EgoVehicle↦0.0),(Vehicles2↦0.0),(Vehicles3↦0.0),(Vehicles4↦0.0),(Vehicles5↦0.0)}",
        "Reward": "0.849372758240782",
        "VehiclesAx": "{(EgoVehicle↦4.276187419891357),(Vehicles2↦-4.226986616849899),(Vehicles3↦-4.33712974190712),(Vehicles4↦-4.273899607360363),(Vehicles5↦-4.242911264300346)}",
        "VehiclesVx": "{(EgoVehicle↦24.35147762298584),(Vehicles2↦-4.491693675518036),(Vehicles3↦-2.435932159423828),(Vehicles4↦-3.9064276218414307),(Vehicles5↦-3.0594179034233093)}",
        "VehiclesY": "{(EgoVehicle↦8.000000238418579),(Vehicles2↦-4.0000001192092896),(Vehicles3↦0.0),(Vehicles4↦-8.000000238418579),(Vehicles5↦-4.0000001192092896)}",
        "VehiclesVy": "{(EgoVehicle↦0.0),(Vehicles2↦0.0),(Vehicles3↦0.0),(Vehicles4↦0.0),(Vehicles5↦0.0)}",
        "VehiclesX": "{(EgoVehicle↦200.0),(Vehicles2↦4.062923789024353),(Vehicles3↦47.47443497180939),(Vehicles4↦48.39041233062744),(Vehicles5↦82.63684511184692)}"
      },
      "probabilisticVariables": null,
      "activating": [
        "SLOWER_55"
      ],
      "activatingOnlyWhenExecuted": true,
      "updating": null,
      "withPredicate": null
    },
    {
      "id": "SLOWER_55",
      "execute": "SLOWER",
      "after": "1000",
      "priority": 0,
      "additionalGuards": null,
      "activationKind": null,
      "fixedVariables": {
        "Crash": "FALSE",
        "VehiclesAy": "{(EgoVehicle↦0.0),(Vehicles2↦0.0),(Vehicles3↦0.0),(Vehicles4↦0.0),(Vehicles5↦0.0)}",
        "Reward": "0.7486142452553018",
        "VehiclesAx": "{(EgoVehicle↦-3.7784433364868164),(Vehicles2↦3.8244622200727463),(Vehicles3↦2.31078720651567),(Vehicles4↦5.1878491044044495),(Vehicles5↦3.809572383761406)}",
        "VehiclesVx": "{(EgoVehicle↦20.573034286499023),(Vehicles2↦-0.6672314554452896),(Vehicles3↦-0.1251449529081583),(Vehicles4↦1.2814214825630188),(Vehicles5↦0.7501544803380966)}",
        "VehiclesY": "{(EgoVehicle↦8.000000238418579),(Vehicles2↦-4.0000001192092896),(Vehicles3↦-8.000000238418579),(Vehicles4↦0.0),(Vehicles5↦-4.0000001192092896)}",
        "VehiclesVy": "{(EgoVehicle↦0.0),(Vehicles2↦0.0),(Vehicles3↦0.0),(Vehicles4↦0.0),(Vehicles5↦0.0)}",
        "VehiclesX": "{(EgoVehicle↦200.0),(Vehicles2↦1.6742914915084839),(Vehicles3↦46.56948745250702),(Vehicles4↦47.09847867488861),(Vehicles5↦81.67445063591003)}"
      },
      "probabilisticVariables": null,
      "activating": [
        "FASTER_56"
      ],
      "activatingOnlyWhenExecuted": true,
      "updating": null,
      "withPredicate": null
    },
    {
      "id": "FASTER_56",
      "execute": "FASTER",
      "after": "1000",
      "priority": 0,
      "additionalGuards": null,
      "activationKind": null,
      "fixedVariables": {
        "Crash": "FALSE",
        "VehiclesAy": "{(EgoVehicle↦0.0),(Vehicles2↦0.0),(Vehicles3↦0.0),(Vehicles4↦0.0),(Vehicles5↦0.0)}",
        "Reward": "0.8511206687853345",
        "VehiclesAx": "{(EgoVehicle↦3.843991756439209),(Vehicles2↦-3.8008537143468857),(Vehicles3↦-3.840654259547591),(Vehicles4↦-3.9049336314201355),(Vehicles5↦-3.814789578318596)}",
        "VehiclesVx": "{(EgoVehicle↦24.417026042938232),(Vehicles2↦-4.468085169792175),(Vehicles3↦-3.9657992124557495),(Vehicles4↦-2.6235121488571167),(Vehicles5↦-3.0646350979804993)}",
        "VehiclesY": "{(EgoVehicle↦8.000000238418579),(Vehicles2↦-4.0000001192092896),(Vehicles3↦-8.000000238418579),(Vehicles4↦0.0),(Vehicles5↦-4.0000001192092896)}",
        "VehiclesVy": "{(EgoVehicle↦0.0),(Vehicles2↦0.0),(Vehicles3↦0.0),(Vehicles4↦0.0),(Vehicles5↦0.0)}",
        "VehiclesX": "{(EgoVehicle↦200.0),(Vehicles2↦-1.0960371233522892),(Vehicles3↦44.32506859302521),(Vehicles4↦46.23492956161499),(Vehicles5↦80.31585812568665)}"
      },
      "probabilisticVariables": null,
      "activating": [
        "FASTER_57"
      ],
      "activatingOnlyWhenExecuted": true,
      "updating": null,
      "withPredicate": null
    },
    {
      "id": "FASTER_57",
      "execute": "FASTER",
      "after": "1000",
      "priority": 0,
      "additionalGuards": null,
      "activationKind": null,
      "fixedVariables": {
        "Crash": "FALSE",
        "VehiclesAy": "{(EgoVehicle↦0.0),(Vehicles2↦0.0),(Vehicles3↦0.0),(Vehicles4↦0.0),(Vehicles5↦0.0)}",
        "Reward": "0.9803944913626778",
        "VehiclesAx": "{(EgoVehicle↦4.847767353057861),(Vehicles2↦-4.807245135307312),(Vehicles3↦-4.8439812660217285),(Vehicles4↦-4.9083006381988525),(Vehicles5↦-4.820302426815033)}",
        "VehiclesVx": "{(EgoVehicle↦29.264793395996094),(Vehicles2↦-9.275330305099487),(Vehicles3↦-8.809780478477478),(Vehicles4↦-7.531812787055969),(Vehicles5↦-7.884937524795532)}",
        "VehiclesY": "{(EgoVehicle↦8.000000238418579),(Vehicles2↦-4.0000001192092896),(Vehicles3↦-8.000000238418579),(Vehicles4↦0.0),(Vehicles5↦-4.0000001192092896)}",
        "VehiclesVy": "{(EgoVehicle↦0.0),(Vehicles2↦0.0),(Vehicles3↦0.0),(Vehicles4↦0.0),(Vehicles5↦0.0)}",
        "VehiclesX": "{(EgoVehicle↦200.0),(Vehicles2↦-8.222027868032455),(Vehicles3↦37.686437368392944),(Vehicles4↦40.912848711013794),(Vehicles5↦74.58803057670593)}"
      },
      "probabilisticVariables": null,
      "activating": [
        "LANE_RIGHT_58"
      ],
      "activatingOnlyWhenExecuted": true,
      "updating": null,
      "withPredicate": null
    },
    {
      "id": "LANE_RIGHT_58",
      "execute": "LANE_RIGHT",
      "after": "1000",
      "priority": 0,
      "additionalGuards": null,
      "activationKind": null,
      "fixedVariables": {
        "Crash": "FALSE",
        "VehiclesAy": "{(EgoVehicle↦0.0),(Vehicles2↦0.0),(Vehicles3↦0.0),(Vehicles4↦0.0),(Vehicles5↦0.0)}",
        "Reward": "0.9974182046238917",
        "VehiclesAx": "{(EgoVehicle↦0.6383895874023438),(Vehicles2↦-0.168645977973938),(Vehicles3↦0.5796968936920166),(Vehicles4↦-0.9656190872192383),(Vehicles5↦-1.5174150466918945)}",
        "VehiclesVx": "{(EgoVehicle↦29.903182983398438),(Vehicles2↦-9.443976283073425),(Vehicles3↦-8.230083584785461),(Vehicles4↦-8.497431874275208),(Vehicles5↦-9.402352571487427)}",
        "VehiclesY": "{(EgoVehicle↦8.000000238418579),(Vehicles2↦-8.000000238418579),(Vehicles3↦0.0),(Vehicles4↦-4.0000001192092896),(Vehicles5↦-8.000000238418579)}",
        "VehiclesVy": "{(EgoVehicle↦0.0),(Vehicles2↦0.0),(Vehicles3↦0.0),(Vehicles4↦0.0),(Vehicles5↦0.0)}",
        "VehiclesX": "{(EgoVehicle↦200.0),(Vehicles2↦28.526130318641663),(Vehicles3↦33.004847168922424),(Vehicles4↦66.36139750480652),(Vehicles5↦95.18626928329468)}"
      },
      "probabilisticVariables": null,
      "activating": [
        "SLOWER_59"
      ],
      "activatingOnlyWhenExecuted": true,
      "updating": null,
      "withPredicate": null
    },
    {
      "id": "SLOWER_59",
      "execute": "SLOWER",
      "after": "1000",
      "priority": 0,
      "additionalGuards": null,
      "activationKind": null,
      "fixedVariables": {
        "Crash": "FALSE",
        "VehiclesAy": "{(EgoVehicle↦0.0),(Vehicles2↦0.0),(Vehicles3↦0.0),(Vehicles4↦0.0),(Vehicles5↦0.0)}",
        "Reward": "0.883884976191898",
        "VehiclesAx": "{(EgoVehicle↦-4.257495403289795),(Vehicles2↦4.262055158615112),(Vehicles3↦4.198488295078278),(Vehicles4↦4.28196519613266),(Vehicles5↦4.267942309379578)}",
        "VehiclesVx": "{(EgoVehicle↦25.645687580108643),(Vehicles2↦-5.181921124458313),(Vehicles3↦-4.031595289707184),(Vehicles4↦-4.215466678142548),(Vehicles5↦-5.134410262107849)}",
        "VehiclesY": "{(EgoVehicle↦8.000000238418579),(Vehicles2↦-8.000000238418579),(Vehicles3↦0.0),(Vehicles4↦-4.0000001192092896),(Vehicles5↦-8.000000238418579)}",
        "VehiclesVy": "{(EgoVehicle↦0.0),(Vehicles2↦0.0),(Vehicles3↦0.0),(Vehicles4↦0.0),(Vehicles5↦0.0)}",
        "VehiclesX": "{(EgoVehicle↦200.0),(Vehicles2↦21.432635188102722),(Vehicles3↦27.099767327308655),(Vehicles4↦60.22254824638367),(Vehicles5↦88.13679814338684)}"
      },
      "probabilisticVariables": null,
      "activating": [
        "SLOWER_60"
      ],
      "activatingOnlyWhenExecuted": true,
      "updating": null,
      "withPredicate": null
    },
    {
      "id": "SLOWER_60",
      "execute": "SLOWER",
      "after": "1000",
      "priority": 0,
      "additionalGuards": null,
      "activationKind": null,
      "fixedVariables": {
        "Crash": "FALSE",
        "VehiclesAy": "{(EgoVehicle↦0.0),(Vehicles2↦0.0),(Vehicles3↦0.0),(Vehicles4↦0.0),(Vehicles5↦0.0)}",
        "Reward": "0.7531590640801401",
        "VehiclesAx": "{(EgoVehicle↦-4.902222156524658),(Vehicles2↦4.907107073813677),(Vehicles3↦4.8442985117435455),(Vehicles4↦4.925390779972076),(Vehicles5↦4.912454094737768)}",
        "VehiclesVx": "{(EgoVehicle↦20.743465423583984),(Vehicles2↦-0.27481405064463615),(Vehicles3↦0.8127032220363617),(Vehicles4↦0.7099241018295288),(Vehicles5↦-0.22195616737008095)}",
        "VehiclesY": "{(EgoVehicle↦8.000000238418579),(Vehicles2↦-8.000000238418579),(Vehicles3↦0.0),(Vehicles4↦-4.0000001192092896),(Vehicles5↦-8.000000238418579)}",
        "VehiclesVy": "{(EgoVehicle↦0.0),(Vehicles2↦0.0),(Vehicles3↦0.0),(Vehicles4↦0.0),(Vehicles5↦0.0)}",
        "VehiclesX": "{(EgoVehicle↦200.0),(Vehicles2↦18.956996500492096),(Vehicles3↦25.749263167381287),(Vehicles4↦58.72080326080322),(Vehicles5↦85.7108473777771)}"
      },
      "probabilisticVariables": null,
      "activating": [
        "SLOWER_61"
      ],
      "activatingOnlyWhenExecuted": true,
      "updating": null,
      "withPredicate": null
    },
    {
      "id": "SLOWER_61",
      "execute": "SLOWER",
      "after": "1000",
      "priority": 0,
      "additionalGuards": null,
      "activationKind": null,
      "fixedVariables": {
        "Crash": "FALSE",
        "VehiclesAy": "{(EgoVehicle↦0.0),(Vehicles2↦0.0),(Vehicles3↦0.0),(Vehicles4↦0.0),(Vehicles5↦0.0)}",
        "Reward": "0.7359441291518429",
        "VehiclesAx": "{(EgoVehicle↦-0.6455612182617188),(Vehicles2↦0.6507370807230473),(Vehicles3↦0.5889174342155457),(Vehicles4↦0.6675410270690918),(Vehicles5↦0.6555833853781223)}",
        "VehiclesVx": "{(EgoVehicle↦20.097904205322266),(Vehicles2↦0.3759230300784111),(Vehicles3↦1.4016206562519073),(Vehicles4↦1.3774651288986206),(Vehicles5↦0.4336272180080414)}",
        "VehiclesY": "{(EgoVehicle↦8.000000238418579),(Vehicles2↦-8.000000238418579),(Vehicles3↦0.0),(Vehicles4↦-4.0000001192092896),(Vehicles5↦-8.000000238418579)}",
        "VehiclesVy": "{(EgoVehicle↦0.0),(Vehicles2↦0.0),(Vehicles3↦0.0),(Vehicles4↦0.0),(Vehicles5↦0.0)}",
        "VehiclesX": "{(EgoVehicle↦200.0),(Vehicles2↦19.040359556674957),(Vehicles3↦26.895326375961304),(Vehicles4↦59.79573726654053),(Vehicles5↦85.84904670715332)}"
      },
      "probabilisticVariables": null,
      "activating": null,
      "activatingOnlyWhenExecuted": true,
      "updating": null,
      "withPredicate": null
    }
  ],
  "listeners": [],
  "metadata": {
    "fileType": "Timed_Trace",
    "formatVersion": 3,
    "savedAt": "2023-08-15T12:35:24.674607Z",
    "creator": "Simulation: MONTE_CARLO_SIMULATION; MAX_STEPS_BEFORE_PROPERTY : 0, EXECUTIONS : 1000, ENDING_TIME : 60000",
    "proB2KernelVersion": "4.12.2",
    "proBCliVersion": "1.12.2-final",
    "modelName": "HighwayEnvironment"
  }
}