{
  "variables": {},
  "activations": [
    {
      "id": "$setup_constants",
      "execute": "$setup_constants",
      "after": "0",
      "priority": 0,
      "additionalGuards": null,
      "activationKind": null,
      "fixedVariables": null,
      "probabilisticVariables": null,
      "activating": null,
      "activatingOnlyWhenExecuted": true,
      "updating": null,
      "withPredicate": null
    },
    {
      "id": "$initialise_machine",
      "execute": "$initialise_machine",
      "after": "0",
      "priority": 0,
      "additionalGuards": null,
      "activationKind": null,
      "fixedVariables": {
        "Crash": "FALSE",
        "VehiclesAy": "{(EgoVehicle↦0.0),(Vehicles2↦0.0),(Vehicles3↦0.0),(Vehicles4↦0.0),(Vehicles5↦0.0)}",
        "Reward": "0.0",
        "VehiclesAx": "{(EgoVehicle↦0.0),(Vehicles2↦0.0),(Vehicles3↦0.0),(Vehicles4↦0.0),(Vehicles5↦0.0)}",
        "VehiclesVx": "{(EgoVehicle↦25.0),(Vehicles2↦-2.9980993270874023),(Vehicles3↦-1.1848193407058716),(Vehicles4↦-3.426821231842041),(Vehicles5↦-2.6238757371902466)}",
        "VehiclesY": "{(EgoVehicle↦8.000000238418579),(Vehicles2↦0.0),(Vehicles3↦-8.000000238418579),(Vehicles4↦-4.0000001192092896),(Vehicles5↦0.0)}",
        "VehiclesVy": "{(EgoVehicle↦0.0),(Vehicles2↦0.0),(Vehicles3↦0.0),(Vehicles4↦0.0),(Vehicles5↦0.0)}",
        "VehiclesX": "{(EgoVehicle↦148.79230260849),(Vehicles2↦25.701871514320374),(Vehicles3↦50.649672746658325),(Vehicles4↦75.03713369369507),(Vehicles5↦96.90757393836975)}"
      },
      "probabilisticVariables": null,
      "activating": [
        "SLOWER_2"
      ],
      "activatingOnlyWhenExecuted": true,
      "updating": null,
      "withPredicate": null
    },
    {
      "id": "SLOWER_2",
      "execute": "SLOWER",
      "after": "1000",
      "priority": 0,
      "additionalGuards": null,
      "activationKind": null,
      "fixedVariables": {
        "Crash": "FALSE",
        "VehiclesAy": "{(EgoVehicle↦0.0),(Vehicles2↦0.0),(Vehicles3↦0.0),(Vehicles4↦0.0),(Vehicles5↦0.0)}",
        "Reward": "0.750891632373114",
        "VehiclesAx": "{(EgoVehicle↦-4.341564178466797),(Vehicles2↦3.4534969180822372),(Vehicles3↦3.7010303139686584),(Vehicles4↦3.012554459273815),(Vehicles5↦2.247741036117077)}",
        "VehiclesVx": "{(EgoVehicle↦20.658435821533203),(Vehicles2↦0.4553975909948349),(Vehicles3↦2.516210973262787),(Vehicles4↦-0.41426677256822586),(Vehicles5↦-0.3761347010731697)}",
        "VehiclesY": "{(EgoVehicle↦8.000000238418579),(Vehicles2↦0.0),(Vehicles3↦-8.000000238418579),(Vehicles4↦-4.0000001192092896),(Vehicles5↦0.0)}",
        "VehiclesVy": "{(EgoVehicle↦0.0),(Vehicles2↦0.0),(Vehicles3↦0.0),(Vehicles4↦0.0),(Vehicles5↦0.0)}",
        "VehiclesX": "{(EgoVehicle↦171.39723300933838),(Vehicles2↦24.713604152202606),(Vehicles3↦51.61260962486267),(Vehicles4↦73.37614893913269),(Vehicles5↦95.68091034889221)}"
      },
      "probabilisticVariables": null,
      "activating": [
        "SLOWER_3"
      ],
      "activatingOnlyWhenExecuted": true,
      "updating": null,
      "withPredicate": null
    },
    {
      "id": "SLOWER_3",
      "execute": "SLOWER",
      "after": "1000",
      "priority": 0,
      "additionalGuards": null,
      "activationKind": null,
      "fixedVariables": {
        "Crash": "FALSE",
        "VehiclesAy": "{(EgoVehicle↦0.0),(Vehicles2↦0.0),(Vehicles3↦0.0),(Vehicles4↦0.0),(Vehicles5↦0.0)}",
        "Reward": "0.735645537322111",
        "VehiclesAx": "{(EgoVehicle↦-0.5717277526855469),(Vehicles2↦0.00200614333152771),(Vehicles3↦-0.17361536622047424),(Vehicles4↦-0.030996352434158325),(Vehicles5↦-0.2954551950097084)}",
        "VehiclesVx": "{(EgoVehicle↦20.086708068847656),(Vehicles2↦0.4574037343263626),(Vehicles3↦2.3425956070423126),(Vehicles4↦-0.4452631250023842),(Vehicles5↦-0.6715898960828781)}",
        "VehiclesY": "{(EgoVehicle↦8.000000238418579),(Vehicles2↦0.0),(Vehicles3↦-8.000000238418579),(Vehicles4↦-4.0000001192092896),(Vehicles5↦0.0)}",
        "VehiclesVy": "{(EgoVehicle↦0.0),(Vehicles2↦0.0),(Vehicles3↦0.0),(Vehicles4↦0.0),(Vehicles5↦0.0)}",
        "VehiclesX": "{(EgoVehicle↦191.7402744293213),(Vehicles2↦25.235947966575623),(Vehicles3↦54.143768548965454),(Vehicles4↦73.00109267234802),(Vehicles5↦95.21785974502563)}"
      },
      "probabilisticVariables": null,
      "activating": [
        "SLOWER_4"
      ],
      "activatingOnlyWhenExecuted": true,
      "updating": null,
      "withPredicate": null
    },
    {
      "id": "SLOWER_4",
      "execute": "SLOWER",
      "after": "1000",
      "priority": 0,
      "additionalGuards": null,
      "activationKind": null,
      "fixedVariables": {
        "Crash": "FALSE",
        "VehiclesAy": "{(EgoVehicle↦0.0),(Vehicles2↦0.0),(Vehicles3↦0.0),(Vehicles4↦0.0),(Vehicles5↦0.0)}",
        "Reward": "0.7336378211014029",
        "VehiclesAx": "{(EgoVehicle↦-0.07529020309448242),(Vehicles2↦-0.289419237524271),(Vehicles3↦-0.5262139439582825),(Vehicles4↦-0.2013317123055458),(Vehicles5↦-0.31370408833026886)}",
        "VehiclesVx": "{(EgoVehicle↦20.011417865753174),(Vehicles2↦0.1679844968020916),(Vehicles3↦1.8163816630840302),(Vehicles4↦-0.64659483730793),(Vehicles5↦-0.985293984413147)}",
        "VehiclesY": "{(EgoVehicle↦8.000000238418579),(Vehicles2↦0.0),(Vehicles3↦-8.000000238418579),(Vehicles4↦-4.0000001192092896),(Vehicles5↦0.0)}",
        "VehiclesVy": "{(EgoVehicle↦0.0),(Vehicles2↦0.0),(Vehicles3↦0.0),(Vehicles4↦0.0),(Vehicles5↦0.0)}",
        "VehiclesX": "{(EgoVehicle↦200.0),(Vehicles2↦25.576302409172058),(Vehicles3↦56.27196431159973),(Vehicles4↦72.46816158294678),(Vehicles5↦94.40720081329346)}"
      },
      "probabilisticVariables": null,
      "activating": [
        "SLOWER_5"
      ],
      "activatingOnlyWhenExecuted": true,
      "updating": null,
      "withPredicate": null
    },
    {
      "id": "SLOWER_5",
      "execute": "SLOWER",
      "after": "1000",
      "priority": 0,
      "additionalGuards": null,
      "activationKind": null,
      "fixedVariables": {
        "Crash": "FALSE",
        "VehiclesAy": "{(EgoVehicle↦0.0),(Vehicles2↦0.0),(Vehicles3↦0.0),(Vehicles4↦0.0),(Vehicles5↦0.0)}",
        "Reward": "0.7333734304879762",
        "VehiclesAx": "{(EgoVehicle↦-0.009913444519042969),(Vehicles2↦-0.22832266986370087),(Vehicles3↦-0.4174549877643585),(Vehicles4↦-0.09292729198932648),(Vehicles5↦-0.15255466103553772)}",
        "VehiclesVx": "{(EgoVehicle↦20.00150442123413),(Vehicles2↦-0.06033817306160927),(Vehicles3↦1.3989266753196716),(Vehicles4↦-0.7395221292972565),(Vehicles5↦-1.1378486454486847)}",
        "VehiclesY": "{(EgoVehicle↦8.000000238418579),(Vehicles2↦0.0),(Vehicles3↦-8.000000238418579),(Vehicles4↦-4.0000001192092896),(Vehicles5↦0.0)}",
        "VehiclesVy": "{(EgoVehicle↦0.0),(Vehicles2↦0.0),(Vehicles3↦0.0),(Vehicles4↦0.0),(Vehicles5↦0.0)}",
        "VehiclesX": "{(EgoVehicle↦200.0),(Vehicles2↦25.646603107452393),(Vehicles3↦57.91071057319641),(Vehicles4↦71.77594304084778),(Vehicles5↦93.3498740196228)}"
      },
      "probabilisticVariables": null,
      "activating": [
        "SLOWER_6"
      ],
      "activatingOnlyWhenExecuted": true,
      "updating": null,
      "withPredicate": null
    },
    {
      "id": "SLOWER_6",
      "execute": "SLOWER",
      "after": "1000",
      "priority": 0,
      "additionalGuards": null,
      "activationKind": null,
      "fixedVariables": {
        "Crash": "FALSE",
        "VehiclesAy": "{(EgoVehicle↦0.0),(Vehicles2↦0.0),(Vehicles3↦0.0),(Vehicles4↦0.0),(Vehicles5↦0.0)}",
        "Reward": "0.7333386136170722",
        "VehiclesAx": "{(EgoVehicle↦-0.0013065338134765625),(Vehicles2↦-0.158026535063982),(Vehicles3↦-0.29875993728637695),(Vehicles4↦-0.012765377759933472),(Vehicles5↦-0.04563726484775543)}",
        "VehiclesVx": "{(EgoVehicle↦20.000197887420654),(Vehicles2↦-0.21836470812559128),(Vehicles3↦1.1001667380332947),(Vehicles4↦-0.7522875070571899),(Vehicles5↦-1.1834859102964401)}",
        "VehiclesY": "{(EgoVehicle↦8.000000238418579),(Vehicles2↦0.0),(Vehicles3↦-8.000000238418579),(Vehicles4↦-4.0000001192092896),(Vehicles5↦0.0)}",
        "VehiclesVy": "{(EgoVehicle↦0.0),(Vehicles2↦0.0),(Vehicles3↦0.0),(Vehicles4↦0.0),(Vehicles5↦0.0)}",
        "VehiclesX": "{(EgoVehicle↦200.0),(Vehicles2↦25.51829218864441),(Vehicles3↦59.18195843696594),(Vehicles4↦71.02718353271484),(Vehicles5↦92.18747019767761)}"
      },
      "probabilisticVariables": null,
      "activating": [
        "SLOWER_7"
      ],
      "activatingOnlyWhenExecuted": true,
      "updating": null,
      "withPredicate": null
    },
    {
      "id": "SLOWER_7",
      "execute": "SLOWER",
      "after": "1000",
      "priority": 0,
      "additionalGuards": null,
      "activationKind": null,
      "fixedVariables": {
        "Crash": "FALSE",
        "VehiclesAy": "{(EgoVehicle↦0.0),(Vehicles2↦0.0),(Vehicles3↦0.0),(Vehicles4↦0.0),(Vehicles5↦0.0)}",
        "Reward": "0.73333402867934",
        "VehiclesAx": "{(EgoVehicle↦-0.000171661376953125),(Vehicles2↦-0.10888278484344482),(Vehicles3↦-0.21087564527988434),(Vehicles4↦0.020365118980407715),(Vehicles5↦0.013124793767929077)}",
        "VehiclesVx": "{(EgoVehicle↦20.0000262260437),(Vehicles2↦-0.3272474929690361),(Vehicles3↦0.8892910927534103),(Vehicles4↦-0.7319223880767822),(Vehicles5↦-1.170361116528511)}",
        "VehiclesY": "{(EgoVehicle↦8.000000238418579),(Vehicles2↦0.0),(Vehicles3↦-8.000000238418579),(Vehicles4↦-4.0000001192092896),(Vehicles5↦0.0)}",
        "VehiclesVy": "{(EgoVehicle↦0.0),(Vehicles2↦0.0),(Vehicles3↦0.0),(Vehicles4↦0.0),(Vehicles5↦0.0)}",
        "VehiclesX": "{(EgoVehicle↦200.0),(Vehicles2↦25.25320053100586),(Vehicles3↦60.19188165664673),(Vehicles4↦70.28154730796814),(Vehicles5↦91.00591540336609)}"
      },
      "probabilisticVariables": null,
      "activating": [
        "SLOWER_8"
      ],
      "activatingOnlyWhenExecuted": true,
      "updating": null,
      "withPredicate": null
    },
    {
      "id": "SLOWER_8",
      "execute": "SLOWER",
      "after": "1000",
      "priority": 0,
      "additionalGuards": null,
      "activationKind": null,
      "fixedVariables": {
        "Crash": "FALSE",
        "VehiclesAy": "{(EgoVehicle↦0.0),(Vehicles2↦0.0),(Vehicles3↦0.0),(Vehicles4↦0.0),(Vehicles5↦0.0)}",
        "Reward": "0.7333334249015317",
        "VehiclesAx": "{(EgoVehicle↦-2.384185791015625E-05),(Vehicles2↦-0.07620412856340408),(Vehicles3↦-0.15052847564220428),(Vehicles4↦0.0316881388425827),(Vehicles5↦0.04319041967391968)}",
        "VehiclesVx": "{(EgoVehicle↦20.00000238418579),(Vehicles2↦-0.4034516215324402),(Vehicles3↦0.738762617111206),(Vehicles4↦-0.7002342492341995),(Vehicles5↦-1.1271706968545914)}",
        "VehiclesY": "{(EgoVehicle↦8.000000238418579),(Vehicles2↦0.0),(Vehicles3↦-8.000000238418579),(Vehicles4↦-4.0000001192092896),(Vehicles5↦0.0)}",
        "VehiclesVy": "{(EgoVehicle↦0.0),(Vehicles2↦0.0),(Vehicles3↦0.0),(Vehicles4↦0.0),(Vehicles5↦0.0)}",
        "VehiclesX": "{(EgoVehicle↦200.0),(Vehicles2↦24.89335536956787),(Vehicles3↦61.01714372634888),(Vehicles4↦69.56186294555664),(Vehicles5↦89.85121250152588)}"
      },
      "probabilisticVariables": null,
      "activating": [
        "IDLE_9"
      ],
      "activatingOnlyWhenExecuted": true,
      "updating": null,
      "withPredicate": null
    },
    {
      "id": "IDLE_9",
      "execute": "IDLE",
      "after": "1000",
      "priority": 0,
      "additionalGuards": null,
      "activationKind": null,
      "fixedVariables": {
        "Crash": "FALSE",
        "VehiclesAy": "{(EgoVehicle↦0.0),(Vehicles2↦0.0),(Vehicles3↦0.0),(Vehicles4↦0.0),(Vehicles5↦0.0)}",
        "Reward": "0.7333333453916969",
        "VehiclesAx": "{(EgoVehicle↦-2.384185791015625E-06),(Vehicles2↦-0.054195672273635864),(Vehicles3↦-0.11298298835754395),(Vehicles4↦0.0341496616601944),(Vehicles5↦0.05712591111660004)}",
        "VehiclesVx": "{(EgoVehicle↦20.0),(Vehicles2↦-0.45764729380607605),(Vehicles3↦0.6257796287536621),(Vehicles4↦-0.6660845875740051),(Vehicles5↦-1.0700447857379913)}",
        "VehiclesY": "{(EgoVehicle↦8.000000238418579),(Vehicles2↦0.0),(Vehicles3↦-8.000000238418579),(Vehicles4↦-4.0000001192092896),(Vehicles5↦0.0)}",
        "VehiclesVy": "{(EgoVehicle↦0.0),(Vehicles2↦0.0),(Vehicles3↦0.0),(Vehicles4↦0.0),(Vehicles5↦0.0)}",
        "VehiclesX": "{(EgoVehicle↦200.0),(Vehicles2↦24.466781318187714),(Vehicles3↦61.70845031738281),(Vehicles4↦68.8752830028534),(Vehicles5↦88.74620795249939)}"
      },
      "probabilisticVariables": null,
      "activating": [
        "SLOWER_10"
      ],
      "activatingOnlyWhenExecuted": true,
      "updating": null,
      "withPredicate": null
    },
    {
      "id": "SLOWER_10",
      "execute": "SLOWER",
      "after": "1000",
      "priority": 0,
      "additionalGuards": null,
      "activationKind": null,
      "fixedVariables": {
        "Crash": "FALSE",
        "VehiclesAy": "{(EgoVehicle↦0.0),(Vehicles2↦0.0),(Vehicles3↦0.0),(Vehicles4↦0.0),(Vehicles5↦0.0)}",
        "Reward": "0.733333334921266",
        "VehiclesAx": "{(EgoVehicle↦0.0),(Vehicles2↦-0.03896061331033707),(Vehicles3↦-0.09151458740234375),(Vehicles4↦0.032930001616477966),(Vehicles5↦0.06214894354343414)}",
        "VehiclesVx": "{(EgoVehicle↦20.0),(Vehicles2↦-0.4966079071164131),(Vehicles3↦0.5342650413513184),(Vehicles4↦-0.6331545859575272),(Vehicles5↦-1.0078958421945572)}",
        "VehiclesY": "{(EgoVehicle↦8.000000238418579),(Vehicles2↦0.0),(Vehicles3↦-8.000000238418579),(Vehicles4↦-4.0000001192092896),(Vehicles5↦0.0)}",
        "VehiclesVy": "{(EgoVehicle↦0.0),(Vehicles2↦0.0),(Vehicles3↦0.0),(Vehicles4↦0.0),(Vehicles5↦0.0)}",
        "VehiclesX": "{(EgoVehicle↦200.0),(Vehicles2↦23.99253100156784),(Vehicles3↦62.29638457298279),(Vehicles4↦68.22254657745361),(Vehicles5↦87.70085573196411)}"
      },
      "probabilisticVariables": null,
      "activating": [
        "SLOWER_11"
      ],
      "activatingOnlyWhenExecuted": true,
      "updating": null,
      "withPredicate": null
    },
    {
      "id": "SLOWER_11",
      "execute": "SLOWER",
      "after": "1000",
      "priority": 0,
      "additionalGuards": null,
      "activationKind": null,
      "fixedVariables": {
        "Crash": "FALSE",
        "VehiclesAy": "{(EgoVehicle↦0.0),(Vehicles2↦0.0),(Vehicles3↦0.0),(Vehicles4↦0.0),(Vehicles5↦0.0)}",
        "Reward": "0.7333333335424438",
        "VehiclesAx": "{(EgoVehicle↦0.0),(Vehicles2↦-0.02806689590215683),(Vehicles3↦-0.07978063076734543),(Vehicles4↦0.03023821860551834),(Vehicles5↦0.06236150860786438)}",
        "VehiclesVx": "{(EgoVehicle↦20.0),(Vehicles2↦-0.52467480301857),(Vehicles3↦0.45448441058397293),(Vehicles4↦-0.6029163673520088),(Vehicles5↦-0.9455343335866928)}",
        "VehiclesY": "{(EgoVehicle↦8.000000238418579),(Vehicles2↦0.0),(Vehicles3↦-8.000000238418579),(Vehicles4↦-4.0000001192092896),(Vehicles5↦0.0)}",
        "VehiclesVy": "{(EgoVehicle↦0.0),(Vehicles2↦0.0),(Vehicles3↦0.0),(Vehicles4↦0.0),(Vehicles5↦0.0)}",
        "VehiclesX": "{(EgoVehicle↦200.0),(Vehicles2↦23.48395586013794),(Vehicles3↦62.79804706573486),(Vehicles4↦67.60173439979553),(Vehicles5↦86.71801686286926)}"
      },
      "probabilisticVariables": null,
      "activating": [
        "SLOWER_12"
      ],
      "activatingOnlyWhenExecuted": true,
      "updating": null,
      "withPredicate": null
    },
    {
      "id": "SLOWER_12",
      "execute": "SLOWER",
      "after": "1000",
      "priority": 0,
      "additionalGuards": null,
      "activationKind": null,
      "fixedVariables": {
        "Crash": "FALSE",
        "VehiclesAy": "{(EgoVehicle↦0.0),(Vehicles2↦0.0),(Vehicles3↦0.0),(Vehicles4↦0.0),(Vehicles5↦0.0)}",
        "Reward": "0.7333333333608705",
        "VehiclesAx": "{(EgoVehicle↦0.0),(Vehicles2↦-0.020008422434329987),(Vehicles3↦-0.07294263690710068),(Vehicles4↦0.02707596868276596),(Vehicles5↦0.06009899079799652)}",
        "VehiclesVx": "{(EgoVehicle↦20.0),(Vehicles2↦-0.5446832254528999),(Vehicles3↦0.38154177367687225),(Vehicles4↦-0.5758403986692429),(Vehicles5↦-0.8854353427886963)}",
        "VehiclesY": "{(EgoVehicle↦8.000000238418579),(Vehicles2↦0.0),(Vehicles3↦-8.000000238418579),(Vehicles4↦-4.0000001192092896),(Vehicles5↦0.0)}",
        "VehiclesVy": "{(EgoVehicle↦0.0),(Vehicles2↦0.0),(Vehicles3↦0.0),(Vehicles4↦0.0),(Vehicles5↦0.0)}",
        "VehiclesX": "{(EgoVehicle↦200.0),(Vehicles2↦22.95071929693222),(Vehicles3↦63.222914934158325),(Vehicles4↦67.00990200042725),(Vehicles5↦85.79676151275635)}"
      },
      "probabilisticVariables": null,
      "activating": [
        "SLOWER_13"
      ],
      "activatingOnlyWhenExecuted": true,
      "updating": null,
      "withPredicate": null
    },
    {
      "id": "SLOWER_13",
      "execute": "SLOWER",
      "after": "1000",
      "priority": 0,
      "additionalGuards": null,
      "activationKind": null,
      "fixedVariables": {
        "Crash": "FALSE",
        "VehiclesAy": "{(EgoVehicle↦0.0),(Vehicles2↦0.0),(Vehicles3↦0.0),(Vehicles4↦0.0),(Vehicles5↦0.0)}",
        "Reward": "0.7333333333369597",
        "VehiclesAx": "{(EgoVehicle↦0.0),(Vehicles2↦-0.013847239315509796),(Vehicles3↦-0.06790559738874435),(Vehicles4↦0.023922361433506012),(Vehicles5↦0.056685879826545715)}",
        "VehiclesVx": "{(EgoVehicle↦20.0),(Vehicles2↦-0.5585304647684097),(Vehicles3↦0.3136361762881279),(Vehicles4↦-0.5519180372357368),(Vehicles5↦-0.8287494629621506)}",
        "VehiclesY": "{(EgoVehicle↦8.000000238418579),(Vehicles2↦0.0),(Vehicles3↦-8.000000238418579),(Vehicles4↦-4.0000001192092896),(Vehicles5↦0.0)}",
        "VehiclesVy": "{(EgoVehicle↦0.0),(Vehicles2↦0.0),(Vehicles3↦0.0),(Vehicles4↦0.0),(Vehicles5↦0.0)}",
        "VehiclesX": "{(EgoVehicle↦200.0),(Vehicles2↦22.400063276290894),(Vehicles3↦63.57691287994385),(Vehicles4↦66.4438784122467),(Vehicles5↦84.93430018424988)}"
      },
      "probabilisticVariables": null,
      "activating": [
        "SLOWER_14"
      ],
      "activatingOnlyWhenExecuted": true,
      "updating": null,
      "withPredicate": null
    },
    {
      "id": "SLOWER_14",
      "execute": "SLOWER",
      "after": "1000",
      "priority": 0,
      "additionalGuards": null,
      "activationKind": null,
      "fixedVariables": {
        "Crash": "FALSE",
        "VehiclesAy": "{(EgoVehicle↦0.0),(Vehicles2↦0.0),(Vehicles3↦0.0),(Vehicles4↦0.0),(Vehicles5↦0.0)}",
        "Reward": "0.7333333333338109",
        "VehiclesAx": "{(EgoVehicle↦0.0),(Vehicles2↦-0.008994154632091522),(Vehicles3↦-0.0630243681371212),(Vehicles4↦0.02101268619298935),(Vehicles5↦0.05286291241645813)}",
        "VehiclesVx": "{(EgoVehicle↦20.0),(Vehicles2↦-0.5675246194005013),(Vehicles3↦0.2506118081510067),(Vehicles4↦-0.5309053510427475),(Vehicles5↦-0.7758865505456924)}",
        "VehiclesY": "{(EgoVehicle↦8.000000238418579),(Vehicles2↦0.0),(Vehicles3↦-8.000000238418579),(Vehicles4↦-4.0000001192092896),(Vehicles5↦0.0)}",
        "VehiclesVy": "{(EgoVehicle↦0.0),(Vehicles2↦0.0),(Vehicles3↦0.0),(Vehicles4↦0.0),(Vehicles5↦0.0)}",
        "VehiclesX": "{(EgoVehicle↦200.0),(Vehicles2↦21.837589144706726),(Vehicles3↦63.86493444442749),(Vehicles4↦65.90058207511902),(Vehicles5↦84.12700295448303)}"
      },
      "probabilisticVariables": null,
      "activating": [
        "SLOWER_15"
      ],
      "activatingOnlyWhenExecuted": true,
      "updating": null,
      "withPredicate": null
    },
    {
      "id": "SLOWER_15",
      "execute": "SLOWER",
      "after": "1000",
      "priority": 0,
      "additionalGuards": null,
      "activationKind": null,
      "fixedVariables": {
        "Crash": "FALSE",
        "VehiclesAy": "{(EgoVehicle↦0.0),(Vehicles2↦0.0),(Vehicles3↦0.0),(Vehicles4↦0.0),(Vehicles5↦0.0)}",
        "Reward": "0.7333333333333963",
        "VehiclesAx": "{(EgoVehicle↦0.0),(Vehicles2↦-0.005074329674243927),(Vehicles3↦-0.05763828754425049),(Vehicles4↦0.018458478152751923),(Vehicles5↦0.04903160035610199)}",
        "VehiclesVx": "{(EgoVehicle↦20.0),(Vehicles2↦-0.5725989490747452),(Vehicles3↦0.1929735206067562),(Vehicles4↦-0.5124468728899956),(Vehicles5↦-0.7268549501895905)}",
        "VehiclesY": "{(EgoVehicle↦8.000000238418579),(Vehicles2↦0.0),(Vehicles3↦-8.000000238418579),(Vehicles4↦-4.0000001192092896),(Vehicles5↦0.0)}",
        "VehiclesVy": "{(EgoVehicle↦0.0),(Vehicles2↦0.0),(Vehicles3↦0.0),(Vehicles4↦0.0),(Vehicles5↦0.0)}",
        "VehiclesX": "{(EgoVehicle↦200.0),(Vehicles2↦21.26775234937668),(Vehicles3↦64.0920341014862),(Vehicles4↦65.37725329399109),(Vehicles5↦83.37103128433228)}"
      },
      "probabilisticVariables": null,
      "activating": [
        "SLOWER_16"
      ],
      "activatingOnlyWhenExecuted": true,
      "updating": null,
      "withPredicate": null
    },
    {
      "id": "SLOWER_16",
      "execute": "SLOWER",
      "after": "1000",
      "priority": 0,
      "additionalGuards": null,
      "activationKind": null,
      "fixedVariables": {
        "Crash": "FALSE",
        "VehiclesAy": "{(EgoVehicle↦0.0),(Vehicles2↦0.0),(Vehicles3↦0.0),(Vehicles4↦0.0),(Vehicles5↦0.0)}",
        "Reward": "0.7333333333333415",
        "VehiclesAx": "{(EgoVehicle↦0.0),(Vehicles2↦-0.0018452852964401245),(Vehicles3↦-0.051652099937200546),(Vehicles4↦0.016303397715091705),(Vehicles5↦0.04539765417575836)}",
        "VehiclesVx": "{(EgoVehicle↦20.0),(Vehicles2↦-0.5744442343711853),(Vehicles3↦0.14132142066955566),(Vehicles4↦-0.49614347517490387),(Vehicles5↦-0.6814572960138321)}",
        "VehiclesY": "{(EgoVehicle↦8.000000238418579),(Vehicles2↦0.0),(Vehicles3↦-8.000000238418579),(Vehicles4↦-4.0000001192092896),(Vehicles5↦0.0)}",
        "VehiclesVy": "{(EgoVehicle↦0.0),(Vehicles2↦0.0),(Vehicles3↦0.0),(Vehicles4↦0.0),(Vehicles5↦0.0)}",
        "VehiclesX": "{(EgoVehicle↦200.0),(Vehicles2↦20.694179832935333),(Vehicles3↦64.26385045051575),(Vehicles4↦64.87148404121399),(Vehicles5↦82.66261219978333)}"
      },
      "probabilisticVariables": null,
      "activating": [
        "SLOWER_17"
      ],
      "activatingOnlyWhenExecuted": true,
      "updating": null,
      "withPredicate": null
    },
    {
      "id": "SLOWER_17",
      "execute": "SLOWER",
      "after": "1000",
      "priority": 0,
      "additionalGuards": null,
      "activationKind": null,
      "fixedVariables": {
        "Crash": "FALSE",
        "VehiclesAy": "{(EgoVehicle↦0.0),(Vehicles2↦0.0),(Vehicles3↦0.0),(Vehicles4↦0.0),(Vehicles5↦0.0)}",
        "Reward": "0.7333333333333344",
        "VehiclesAx": "{(EgoVehicle↦0.0),(Vehicles2↦0.0008532032370567322),(Vehicles3↦-0.6229140982031822),(Vehicles4↦0.592226218432188),(Vehicles5↦0.04205450415611267)}",
        "VehiclesVx": "{(EgoVehicle↦20.0),(Vehicles2↦-0.5735910311341286),(Vehicles3↦-0.48159267753362656),(Vehicles4↦0.09608274325728416),(Vehicles5↦-0.6394027918577194)}",
        "VehiclesY": "{(EgoVehicle↦8.000000238418579),(Vehicles2↦0.0),(Vehicles3↦-4.0000001192092896),(Vehicles4↦-8.000000238418579),(Vehicles5↦0.0)}",
        "VehiclesVy": "{(EgoVehicle↦0.0),(Vehicles2↦0.0),(Vehicles3↦0.0),(Vehicles4↦0.0),(Vehicles5↦0.0)}",
        "VehiclesX": "{(EgoVehicle↦200.0),(Vehicles2↦20.11987864971161),(Vehicles3↦64.38128352165222),(Vehicles4↦64.38655257225037),(Vehicles5↦81.99823498725891)}"
      },
      "probabilisticVariables": null,
      "activating": [
        "SLOWER_18"
      ],
      "activatingOnlyWhenExecuted": true,
      "updating": null,
      "withPredicate": null
    },
    {
      "id": "SLOWER_18",
      "execute": "SLOWER",
      "after": "1000",
      "priority": 0,
      "additionalGuards": null,
      "activationKind": null,
      "fixedVariables": {
        "Crash": "FALSE",
        "VehiclesAy": "{(EgoVehicle↦0.0),(Vehicles2↦0.0),(Vehicles3↦0.0),(Vehicles4↦0.0),(Vehicles5↦0.0)}",
        "Reward": "0.7333333333333334",
        "VehiclesAx": "{(EgoVehicle↦0.0),(Vehicles2↦0.0031304731965065002),(Vehicles3↦0.01318022608757019),(Vehicles4↦-0.03865872509777546),(Vehicles5↦0.039032697677612305)}",
        "VehiclesVx": "{(EgoVehicle↦20.0),(Vehicles2↦-0.5704605579376221),(Vehicles3↦-0.46841245144605637),(Vehicles4↦0.057424018159508705),(Vehicles5↦-0.6003700941801071)}",
        "VehiclesY": "{(EgoVehicle↦8.000000238418579),(Vehicles2↦0.0),(Vehicles3↦-4.0000001192092896),(Vehicles4↦-8.000000238418579),(Vehicles5↦0.0)}",
        "VehiclesVy": "{(EgoVehicle↦0.0),(Vehicles2↦0.0),(Vehicles3↦0.0),(Vehicles4↦0.0),(Vehicles5↦0.0)}",
        "VehiclesX": "{(EgoVehicle↦200.0),(Vehicles2↦19.547373056411743),(Vehicles3↦63.90506029129028),(Vehicles4↦64.46664333343506),(Vehicles5↦81.37467503547668)}"
      },
      "probabilisticVariables": null,
      "activating": [
        "SLOWER_19"
      ],
      "activatingOnlyWhenExecuted": true,
      "updating": null,
      "withPredicate": null
    },
    {
      "id": "SLOWER_19",
      "execute": "SLOWER",
      "after": "1000",
      "priority": 0,
      "additionalGuards": null,
      "activationKind": null,
      "fixedVariables": {
        "Crash": "FALSE",
        "VehiclesAy": "{(EgoVehicle↦0.0),(Vehicles2↦0.0),(Vehicles3↦0.0),(Vehicles4↦0.0),(Vehicles5↦0.0)}",
        "Reward": "0.7333333333333334",
        "VehiclesAx": "{(EgoVehicle↦0.0),(Vehicles2↦0.005063377320766449),(Vehicles3↦0.012157000601291656),(Vehicles4↦-0.03216595854610205),(Vehicles5↦0.0363285094499588)}",
        "VehiclesVx": "{(EgoVehicle↦20.0),(Vehicles2↦-0.5653971806168556),(Vehicles3↦-0.4562554508447647),(Vehicles4↦0.025258059613406658),(Vehicles5↦-0.5640415847301483)}",
        "VehiclesY": "{(EgoVehicle↦8.000000238418579),(Vehicles2↦0.0),(Vehicles3↦-4.0000001192092896),(Vehicles4↦-8.000000238418579),(Vehicles5↦0.0)}",
        "VehiclesVy": "{(EgoVehicle↦0.0),(Vehicles2↦0.0),(Vehicles3↦0.0),(Vehicles4↦0.0),(Vehicles5↦0.0)}",
        "VehiclesX": "{(EgoVehicle↦200.0),(Vehicles2↦18.978795409202576),(Vehicles3↦63.441574573516846),(Vehicles4↦64.51069116592407),(Vehicles5↦80.78903555870056)}"
      },
      "probabilisticVariables": null,
      "activating": [
        "FASTER_20"
      ],
      "activatingOnlyWhenExecuted": true,
      "updating": null,
      "withPredicate": null
    },
    {
      "id": "FASTER_20",
      "execute": "FASTER",
      "after": "1000",
      "priority": 0,
      "additionalGuards": null,
      "activationKind": null,
      "fixedVariables": {
        "Crash": "FALSE",
        "VehiclesAy": "{(EgoVehicle↦0.0),(Vehicles2↦0.0),(Vehicles3↦0.0),(Vehicles4↦0.0),(Vehicles5↦0.0)}",
        "Reward": "0.8491083676268861",
        "VehiclesAx": "{(EgoVehicle↦4.341564178466797),(Vehicles2↦-4.3348553404212),(Vehicles3↦-4.330124780535698),(Vehicles4↦-4.367529745213687),(Vehicles5↦-4.307642430067062)}",
        "VehiclesVx": "{(EgoVehicle↦24.341564178466797),(Vehicles2↦-4.900252521038055),(Vehicles3↦-4.786380231380463),(Vehicles4↦-4.342271685600281),(Vehicles5↦-4.871684014797211)}",
        "VehiclesY": "{(EgoVehicle↦8.000000238418579),(Vehicles2↦0.0),(Vehicles3↦-4.0000001192092896),(Vehicles4↦-8.000000238418579),(Vehicles5↦0.0)}",
        "VehiclesVy": "{(EgoVehicle↦0.0),(Vehicles2↦0.0),(Vehicles3↦0.0),(Vehicles4↦0.0),(Vehicles5↦0.0)}",
        "VehiclesX": "{(EgoVehicle↦200.0),(Vehicles2↦16.020898520946503),(Vehicles3↦60.5948805809021),(Vehicles4↦62.130022048950195),(Vehicles5↦77.84368395805359)}"
      },
      "probabilisticVariables": null,
      "activating": [
        "SLOWER_21"
      ],
      "activatingOnlyWhenExecuted": true,
      "updating": null,
      "withPredicate": null
    },
    {
      "id": "SLOWER_21",
      "execute": "SLOWER",
      "after": "1000",
      "priority": 0,
      "additionalGuards": null,
      "activationKind": null,
      "fixedVariables": {
        "Crash": "FALSE",
        "VehiclesAy": "{(EgoVehicle↦0.0),(Vehicles2↦0.0),(Vehicles3↦0.0),(Vehicles4↦0.0),(Vehicles5↦0.0)}",
        "Reward": "0.7485794283843362",
        "VehiclesAx": "{(EgoVehicle↦-3.76983642578125),(Vehicles2↦3.7779444456100464),(Vehicles3↦3.7808172404766083),(Vehicles4↦3.7496311590075493),(Vehicles5↦3.801618441939354)}",
        "VehiclesVx": "{(EgoVehicle↦20.571727752685547),(Vehicles2↦-1.122308075428009),(Vehicles3↦-1.0055629909038544),(Vehicles4↦-0.5926405265927315),(Vehicles5↦-1.0700655728578568)}",
        "VehiclesY": "{(EgoVehicle↦8.000000238418579),(Vehicles2↦0.0),(Vehicles3↦-4.0000001192092896),(Vehicles4↦-8.000000238418579),(Vehicles5↦0.0)}",
        "VehiclesVy": "{(EgoVehicle↦0.0),(Vehicles2↦0.0),(Vehicles3↦0.0),(Vehicles4↦0.0),(Vehicles5↦0.0)}",
        "VehiclesX": "{(EgoVehicle↦200.0),(Vehicles2↦13.203449547290802),(Vehicles3↦57.892584800720215),(Vehicles4↦59.858888387680054),(Vehicles5↦75.0645399093628)}"
      },
      "probabilisticVariables": null,
      "activating": [
        "SLOWER_22"
      ],
      "activatingOnlyWhenExecuted": true,
      "updating": null,
      "withPredicate": null
    },
    {
      "id": "SLOWER_22",
      "execute": "SLOWER",
      "after": "1000",
      "priority": 0,
      "additionalGuards": null,
      "activationKind": null,
      "fixedVariables": {
        "Crash": "FALSE",
        "VehiclesAy": "{(EgoVehicle↦0.0),(Vehicles2↦0.0),(Vehicles3↦0.0),(Vehicles4↦0.0),(Vehicles5↦0.0)}",
        "Reward": "0.7353410495540414",
        "VehiclesAx": "{(EgoVehicle↦-0.49643754959106445),(Vehicles2↦0.5057383701205254),(Vehicles3↦0.507180467247963),(Vehicles4↦0.48146861605346203),(Vehicles5↦0.5263231694698334)}",
        "VehiclesVx": "{(EgoVehicle↦20.075290203094482),(Vehicles2↦-0.6165697053074837),(Vehicles3↦-0.4983825236558914),(Vehicles4↦-0.11117191053926945),(Vehicles5↦-0.5437424033880234)}",
        "VehiclesY": "{(EgoVehicle↦8.000000238418579),(Vehicles2↦0.0),(Vehicles3↦-4.0000001192092896),(Vehicles4↦-8.000000238418579),(Vehicles5↦0.0)}",
        "VehiclesVy": "{(EgoVehicle↦0.0),(Vehicles2↦0.0),(Vehicles3↦0.0),(Vehicles4↦0.0),(Vehicles5↦0.0)}",
        "VehiclesX": "{(EgoVehicle↦200.0),(Vehicles2↦12.358637899160385),(Vehicles3↦57.16519355773926),(Vehicles4↦59.533727169036865),(Vehicles5↦74.28043484687805)}"
      },
      "probabilisticVariables": null,
      "activating": [
        "SLOWER_23"
      ],
      "activatingOnlyWhenExecuted": true,
      "updating": null,
      "withPredicate": null
    },
    {
      "id": "SLOWER_23",
      "execute": "SLOWER",
      "after": "1000",
      "priority": 0,
      "additionalGuards": null,
      "activationKind": null,
      "fixedVariables": {
        "Crash": "FALSE",
        "VehiclesAy": "{(EgoVehicle↦0.0),(Vehicles2↦0.0),(Vehicles3↦0.0),(Vehicles4↦0.0),(Vehicles5↦0.0)}",
        "Reward": "0.7335977239467599",
        "VehiclesAx": "{(EgoVehicle↦-0.06537437438964844),(Vehicles2↦0.07568161934614182),(Vehicles3↦0.07605016231536865),(Vehicles4↦0.05506654269993305),(Vehicles5↦0.0935693085193634)}",
        "VehiclesVx": "{(EgoVehicle↦20.009915828704834),(Vehicles2↦-0.5408880859613419),(Vehicles3↦-0.42233236134052277),(Vehicles4↦-0.056105367839336395),(Vehicles5↦-0.45017309486866)}",
        "VehiclesY": "{(EgoVehicle↦8.000000238418579),(Vehicles2↦0.0),(Vehicles3↦-4.0000001192092896),(Vehicles4↦-8.000000238418579),(Vehicles5↦0.0)}",
        "VehiclesVy": "{(EgoVehicle↦0.0),(Vehicles2↦0.0),(Vehicles3↦0.0),(Vehicles4↦0.0),(Vehicles5↦0.0)}",
        "VehiclesX": "{(EgoVehicle↦200.0),(Vehicles2↦11.78218126296997),(Vehicles3↦56.707143783569336),(Vehicles4↦59.45414900779724),(Vehicles5↦73.78416061401367)}"
      },
      "probabilisticVariables": null,
      "activating": [
        "SLOWER_24"
      ],
      "activatingOnlyWhenExecuted": true,
      "updating": null,
      "withPredicate": null
    },
    {
      "id": "SLOWER_24",
      "execute": "SLOWER",
      "after": "1000",
      "priority": 0,
      "additionalGuards": null,
      "activationKind": null,
      "fixedVariables": {
        "Crash": "FALSE",
        "VehiclesAy": "{(EgoVehicle↦0.0),(Vehicles2↦0.0),(Vehicles3↦0.0),(Vehicles4↦0.0),(Vehicles5↦0.0)}",
        "Reward": "0.7333681502042372",
        "VehiclesAx": "{(EgoVehicle↦-0.008609294891357422),(Vehicles2↦0.019764862954616547),(Vehicles3↦0.019355714321136475),(Vehicles4↦0.002384721301496029),(Vehicles5↦0.03529716283082962)}",
        "VehiclesVx": "{(EgoVehicle↦20.001306533813477),(Vehicles2↦-0.5211232230067253),(Vehicles3↦-0.4029766470193863),(Vehicles4↦-0.053720646537840366),(Vehicles5↦-0.41487593203783035)}",
        "VehiclesY": "{(EgoVehicle↦8.000000238418579),(Vehicles2↦0.0),(Vehicles3↦-4.0000001192092896),(Vehicles4↦-8.000000238418579),(Vehicles5↦0.0)}",
        "VehiclesVy": "{(EgoVehicle↦0.0),(Vehicles2↦0.0),(Vehicles3↦0.0),(Vehicles4↦0.0),(Vehicles5↦0.0)}",
        "VehiclesX": "{(EgoVehicle↦200.0),(Vehicles2↦11.250443011522293),(Vehicles3↦56.293851137161255),(Vehicles4↦59.3999981880188),(Vehicles5↦73.34952354431152)}"
      },
      "probabilisticVariables": null,
      "activating": [
        "SLOWER_25"
      ],
      "activatingOnlyWhenExecuted": true,
      "updating": null,
      "withPredicate": null
    },
    {
      "id": "SLOWER_25",
      "execute": "SLOWER",
      "after": "1000",
      "priority": 0,
      "additionalGuards": null,
      "activationKind": null,
      "fixedVariables": {
        "Crash": "FALSE",
        "VehiclesAy": "{(EgoVehicle↦0.0),(Vehicles2↦0.0),(Vehicles3↦0.0),(Vehicles4↦0.0),(Vehicles5↦0.0)}",
        "Reward": "0.7333379182710655",
        "VehiclesAx": "{(EgoVehicle↦-0.0011348724365234375),(Vehicles2↦0.012999847531318665),(Vehicles3↦0.012055523693561554),(Vehicles4↦-0.0015674624592065811),(Vehicles5↦0.02647433429956436)}",
        "VehiclesVx": "{(EgoVehicle↦20.000171661376953),(Vehicles2↦-0.5081233754754066),(Vehicles3↦-0.39092112332582474),(Vehicles4↦-0.05528810899704695),(Vehicles5↦-0.388401597738266)}",
        "VehiclesY": "{(EgoVehicle↦8.000000238418579),(Vehicles2↦0.0),(Vehicles3↦-4.0000001192092896),(Vehicles4↦-8.000000238418579),(Vehicles5↦0.0)}",
        "VehiclesVy": "{(EgoVehicle↦0.0),(Vehicles2↦0.0),(Vehicles3↦0.0),(Vehicles4↦0.0),(Vehicles5↦0.0)}",
        "VehiclesX": "{(EgoVehicle↦200.0),(Vehicles2↦10.734640061855316),(Vehicles3↦55.89585304260254),(Vehicles4↦59.345561265945435),(Vehicles5↦72.94551134109497)}"
      },
      "probabilisticVariables": null,
      "activating": [
        "SLOWER_26"
      ],
      "activatingOnlyWhenExecuted": true,
      "updating": null,
      "withPredicate": null
    },
    {
      "id": "SLOWER_26",
      "execute": "SLOWER",
      "after": "1000",
      "priority": 0,
      "additionalGuards": null,
      "activationKind": null,
      "fixedVariables": {
        "Crash": "FALSE",
        "VehiclesAy": "{(EgoVehicle↦0.0),(Vehicles2↦0.0),(Vehicles3↦0.0),(Vehicles4↦0.0),(Vehicles5↦0.0)}",
        "Reward": "0.7333339371111417",
        "VehiclesAx": "{(EgoVehicle↦-0.00015020370483398438),(Vehicles2↦0.01260463148355484),(Vehicles3↦0.011321194469928741),(Vehicles4↦0.0004449533298611641),(Vehicles5↦0.02428043633699417)}",
        "VehiclesVx": "{(EgoVehicle↦20.00002145767212),(Vehicles2↦-0.4955187439918518),(Vehicles3↦-0.379599928855896),(Vehicles4↦-0.05484315566718578),(Vehicles5↦-0.3641211614012718)}",
        "VehiclesY": "{(EgoVehicle↦8.000000238418579),(Vehicles2↦0.0),(Vehicles3↦-4.0000001192092896),(Vehicles4↦-8.000000238418579),(Vehicles5↦0.0)}",
        "VehiclesVy": "{(EgoVehicle↦0.0),(Vehicles2↦0.0),(Vehicles3↦0.0),(Vehicles4↦0.0),(Vehicles5↦0.0)}",
        "VehiclesX": "{(EgoVehicle↦200.0),(Vehicles2↦10.231538116931915),(Vehicles3↦55.50945997238159),(Vehicles4↦59.29025411605835),(Vehicles5↦72.56693840026855)}"
      },
      "probabilisticVariables": null,
      "activating": [
        "SLOWER_27"
      ],
      "activatingOnlyWhenExecuted": true,
      "updating": null,
      "withPredicate": null
    },
    {
      "id": "SLOWER_27",
      "execute": "SLOWER",
      "after": "1000",
      "priority": 0,
      "additionalGuards": null,
      "activationKind": null,
      "fixedVariables": {
        "Crash": "FALSE",
        "VehiclesAy": "{(EgoVehicle↦0.0),(Vehicles2↦0.0),(Vehicles3↦0.0),(Vehicles4↦0.0),(Vehicles5↦0.0)}",
        "Reward": "0.7333334128431681",
        "VehiclesAx": "{(EgoVehicle↦-1.9073486328125E-05),(Vehicles2↦0.012958310544490814),(Vehicles3↦0.011492520570755005),(Vehicles4↦0.0028300797566771507),(Vehicles5↦0.023060962557792664)}",
        "VehiclesVx": "{(EgoVehicle↦20.00000238418579),(Vehicles2↦-0.482560433447361),(Vehicles3↦-0.368107408285141),(Vehicles4↦-0.05201307591050863),(Vehicles5↦-0.34106019884347916)}",
        "VehiclesY": "{(EgoVehicle↦8.000000238418579),(Vehicles2↦0.0),(Vehicles3↦-4.0000001192092896),(Vehicles4↦-8.000000238418579),(Vehicles5↦0.0)}",
        "VehiclesVy": "{(EgoVehicle↦0.0),(Vehicles2↦0.0),(Vehicles3↦0.0),(Vehicles4↦0.0),(Vehicles5↦0.0)}",
        "VehiclesX": "{(EgoVehicle↦200.0),(Vehicles2↦9.741171449422836),(Vehicles3↦55.13443350791931),(Vehicles4↦59.23636555671692),(Vehicles5↦72.21212983131409)}"
      },
      "probabilisticVariables": null,
      "activating": [
        "SLOWER_28"
      ],
      "activatingOnlyWhenExecuted": true,
      "updating": null,
      "withPredicate": null
    },
    {
      "id": "SLOWER_28",
      "execute": "SLOWER",
      "after": "1000",
      "priority": 0,
      "additionalGuards": null,
      "activationKind": null,
      "fixedVariables": {
        "Crash": "FALSE",
        "VehiclesAy": "{(EgoVehicle↦0.0),(Vehicles2↦0.0),(Vehicles3↦0.0),(Vehicles4↦0.0),(Vehicles5↦0.0)}",
        "Reward": "0.7333333438037642",
        "VehiclesAx": "{(EgoVehicle↦-2.384185791015625E-06),(Vehicles2↦0.013332217931747437),(Vehicles3↦0.011807270348072052),(Vehicles4↦0.004894658923149109),(Vehicles5↦0.02205807715654373)}",
        "VehiclesVx": "{(EgoVehicle↦20.0),(Vehicles2↦-0.46922821551561356),(Vehicles3↦-0.35630013793706894),(Vehicles4↦-0.047118416987359524),(Vehicles5↦-0.3190021216869354)}",
        "VehiclesY": "{(EgoVehicle↦8.000000238418579),(Vehicles2↦0.0),(Vehicles3↦-4.0000001192092896),(Vehicles4↦-8.000000238418579),(Vehicles5↦0.0)}",
        "VehiclesVy": "{(EgoVehicle↦0.0),(Vehicles2↦0.0),(Vehicles3↦0.0),(Vehicles4↦0.0),(Vehicles5↦0.0)}",
        "VehiclesX": "{(EgoVehicle↦200.0),(Vehicles2↦9.263916313648224),(Vehicles3↦54.771023988723755),(Vehicles4↦59.18616056442261),(Vehicles5↦71.87996506690979)}"
      },
      "probabilisticVariables": null,
      "activating": [
        "LANE_LEFT_29"
      ],
      "activatingOnlyWhenExecuted": true,
      "updating": null,
      "withPredicate": null
    },
    {
      "id": "LANE_LEFT_29",
      "execute": "LANE_LEFT",
      "after": "1000",
      "priority": 0,
      "additionalGuards": null,
      "activationKind": null,
      "fixedVariables": {
        "Crash": "FALSE",
        "VehiclesAy": "{(EgoVehicle↦-1.1458635330200195),(Vehicles2↦1.1458635330200195),(Vehicles3↦1.1458635330200195),(Vehicles4↦1.1458635330200195),(Vehicles5↦1.1458635330200195)}",
        "Reward": "0.7000000000000001",
        "VehiclesAx": "{(EgoVehicle↦-0.0328516960144043),(Vehicles2↦0.04649236798286438),(Vehicles3↦0.04500340670347214),(Vehicles4↦0.0394430459709838),(Vehicles5↦0.05401264876127243)}",
        "VehiclesVx": "{(EgoVehicle↦19.967148303985596),(Vehicles2↦-0.4227358475327492),(Vehicles3↦-0.3112967312335968),(Vehicles4↦-0.0076753710163757205),(Vehicles5↦-0.264989472925663)}",
        "VehiclesY": "{(EgoVehicle↦4.396300435066223),(Vehicles2↦3.6036994457244873),(Vehicles3↦-0.3963004946708679),(Vehicles4↦-4.396300435066223),(Vehicles5↦3.6036994457244873)}",
        "VehiclesVy": "{(EgoVehicle↦-1.1458635330200195),(Vehicles2↦1.1458635330200195),(Vehicles3↦1.1458635330200195),(Vehicles4↦1.1458635330200195),(Vehicles5↦1.1458635330200195)}",
        "VehiclesX": "{(EgoVehicle↦200.0),(Vehicles2↦9.186715632677078),(Vehicles3↦54.80614900588989),(Vehicles4↦59.52814817428589),(Vehicles5↦71.95609211921692)}"
      },
      "probabilisticVariables": null,
      "activating": [
        "LANE_LEFT_30"
      ],
      "activatingOnlyWhenExecuted": true,
      "updating": null,
      "withPredicate": null
    },
    {
      "id": "LANE_LEFT_30",
      "execute": "LANE_LEFT",
      "after": "1000",
      "priority": 0,
      "additionalGuards": null,
      "activationKind": null,
      "fixedVariables": {
        "Crash": "FALSE",
        "VehiclesAy": "{(EgoVehicle↦-0.07129617035388947),(Vehicles2↦0.07129617035388947),(Vehicles3↦0.07129617035388947),(Vehicles4↦0.07129617035388947),(Vehicles5↦2.3630232363939285)}",
        "Reward": "0.6666666666666666",
        "VehiclesAx": "{(EgoVehicle↦-0.004220008850097656),(Vehicles2↦0.018099471926689148),(Vehicles3↦0.016718395054340363),(Vehicles4↦0.012174067669548094),(Vehicles5↦0.024563279002904892)}",
        "VehiclesVx": "{(EgoVehicle↦19.962928295135498),(Vehicles2↦-0.40463637560606003),(Vehicles3↦-0.29457833617925644),(Vehicles4↦0.004498696653172374),(Vehicles5↦-0.2404261939227581)}",
        "VehiclesY": "{(EgoVehicle↦0.42081400752067566),(Vehicles2↦7.579185962677002),(Vehicles3↦3.5791858434677124),(Vehicles4↦-0.42081400752067566),(Vehicles5↦7.579185962677002)}",
        "VehiclesVy": "{(EgoVehicle↦-1.217159703373909),(Vehicles2↦1.217159703373909),(Vehicles3↦1.217159703373909),(Vehicles4↦1.217159703373909),(Vehicles5↦1.217159703373909)}",
        "VehiclesX": "{(EgoVehicle↦200.0),(Vehicles2↦9.211931377649307),(Vehicles3↦54.942238330841064),(Vehicles4↦59.96597409248352),(Vehicles5↦72.14171886444092)}"
      },
      "probabilisticVariables": null,
      "activating": [
        "FASTER_31"
      ],
      "activatingOnlyWhenExecuted": true,
      "updating": null,
      "withPredicate": null
    },
    {
      "id": "FASTER_31",
      "execute": "FASTER",
      "after": "1000",
      "priority": 0,
      "additionalGuards": null,
      "activationKind": null,
      "fixedVariables": {
        "Crash": "FALSE",
        "VehiclesAy": "{(EgoVehicle↦1.1571721825748682),(Vehicles2↦-1.1571721825748682),(Vehicles3↦-1.1571721825748682),(Vehicles4↦-1.1571721825748682),(Vehicles5↦1.2771472241729498)}",
        "Reward": "0.7824397298655805",
        "VehiclesAx": "{(EgoVehicle↦4.378561973571777),(Vehicles2↦-4.3645017221570015),(Vehicles3↦-4.36572227627039),(Vehicles4↦-4.369531011907384),(Vehicles5↦-4.358964134007692)}",
        "VehiclesVx": "{(EgoVehicle↦24.341490268707275),(Vehicles2↦-4.7691380977630615),(Vehicles3↦-4.660300612449646),(Vehicles4↦-4.365032315254211),(Vehicles5↦-4.59939032793045)}",
        "VehiclesY": "{(EgoVehicle↦0.018113841768354177),(Vehicles2↦7.981886386871338),(Vehicles3↦3.9818862676620483),(Vehicles4↦-0.018113841768354177),(Vehicles5↦7.981886386871338)}",
        "VehiclesVy": "{(EgoVehicle↦-0.059987520799040794),(Vehicles2↦0.059987520799040794),(Vehicles3↦0.059987520799040794),(Vehicles4↦0.059987520799040794),(Vehicles5↦0.059987520799040794)}",
        "VehiclesX": "{(EgoVehicle↦200.0),(Vehicles2↦6.38677105307579),(Vehicles3↦52.226632833480835),(Vehicles4↦57.5478732585907),(Vehicles5↦69.48305368423462)}"
      },
      "probabilisticVariables": null,
      "activating": [
        "LANE_LEFT_32"
      ],
      "activatingOnlyWhenExecuted": true,
      "updating": null,
      "withPredicate": null
    },
    {
      "id": "LANE_LEFT_32",
      "execute": "LANE_LEFT",
      "after": "1000",
      "priority": 0,
      "additionalGuards": null,
      "activationKind": null,
      "fixedVariables": {
        "Crash": "FALSE",
        "VehiclesAy": "{(EgoVehicle↦0.05803732870845124),(Vehicles2↦-0.05803732870845124),(Vehicles3↦-0.05803732870845124),(Vehicles4↦-0.05803732870845124),(Vehicles5↦0.06193771288963035)}",
        "Reward": "0.7976877939789119",
        "VehiclesAx": "{(EgoVehicle↦0.5718016624450684),(Vehicles2↦-0.5576163530349731),(Vehicles3↦-0.5586397647857666),(Vehicles4↦-0.5619433522224426),(Vehicles5↦-0.5528917908668518)}",
        "VehiclesVx": "{(EgoVehicle↦24.913291931152344),(Vehicles2↦-5.326754450798035),(Vehicles3↦-5.218940377235413),(Vehicles4↦-4.926975667476654),(Vehicles5↦-5.152282118797302)}",
        "VehiclesY": "{(EgoVehicle↦0.0005855085473740473),(Vehicles2↦7.999414443969727),(Vehicles3↦3.999414324760437),(Vehicles4↦-0.0005855085473740473),(Vehicles5↦7.999414443969727)}",
        "VehiclesVy": "{(EgoVehicle↦-0.0019501920905895531),(Vehicles2↦0.0019501920905895531),(Vehicles3↦0.0019501920905895531),(Vehicles4↦0.0019501920905895531),(Vehicles5↦0.0019501920905895531)}",
        "VehiclesX": "{(EgoVehicle↦200.0),(Vehicles2↦1.307837013155222),(Vehicles3↦47.25611209869385),(Vehicles4↦52.87126302719116),(Vehicles5↦64.57581520080566)}"
      },
      "probabilisticVariables": null,
      "activating": [
        "LANE_LEFT_33"
      ],
      "activatingOnlyWhenExecuted": true,
      "updating": null,
      "withPredicate": null
    },
    {
      "id": "LANE_LEFT_33",
      "execute": "LANE_LEFT",
      "after": "1000",
      "priority": 0,
      "additionalGuards": null,
      "activationKind": null,
      "fixedVariables": {
        "Crash": "FALSE",
        "VehiclesAy": "{(EgoVehicle↦0.0018889422335632844),(Vehicles2↦-0.0018889422335632844),(Vehicles3↦-0.0018889422335632844),(Vehicles4↦-0.0018889422335632844),(Vehicles5↦0.002011441947615822)}",
        "Reward": "0.7996955122303434",
        "VehiclesAx": "{(EgoVehicle↦0.07529020309448242),(Vehicles2↦-0.06102323532104492),(Vehicles3↦-0.06182432174682617),(Vehicles4↦-0.06481081247329712),(Vehicles5↦-0.05701184272766113)}",
        "VehiclesVx": "{(EgoVehicle↦24.988582134246826),(Vehicles2↦-5.38777768611908),(Vehicles3↦-5.280764698982239),(Vehicles4↦-4.991786479949951),(Vehicles5↦-5.209293961524963)}",
        "VehiclesY": "{(EgoVehicle↦1.837679474192555E-05),(Vehicles2↦7.999981641769409),(Vehicles3↦3.9999815225601196),(Vehicles4↦-1.837679474192555E-05),(Vehicles5↦7.999981641769409)}",
        "VehiclesVy": "{(EgoVehicle↦-6.124985702626873E-05),(Vehicles2↦6.124985702626873E-05),(Vehicles3↦6.124985702626873E-05),(Vehicles4↦6.124985702626873E-05),(Vehicles5↦6.124985702626873E-05)}",
        "VehiclesX": "{(EgoVehicle↦200.0),(Vehicles2↦-4.054750129580498),(Vehicles3↦42.00100004673004),(Vehicles4↦47.90690541267395),(Vehicles5↦59.38935875892639)}"
      },
      "probabilisticVariables": null,
      "activating": [
        "LANE_LEFT_34"
      ],
      "activatingOnlyWhenExecuted": true,
      "updating": null,
      "withPredicate": null
    },
    {
      "id": "LANE_LEFT_34",
      "execute": "LANE_LEFT",
      "after": "1000",
      "priority": 0,
      "additionalGuards": null,
      "activationKind": null,
      "fixedVariables": {
        "Crash": "FALSE",
        "VehiclesAy": "{(EgoVehicle↦5.9334540765121346E-05),(Vehicles2↦-5.9334540765121346E-05),(Vehicles3↦-5.9334540765121346E-05),(Vehicles4↦-5.9334540765121346E-05),(Vehicles5↦6.316517328741611E-05)}",
        "Reward": "0.7999599028454099",
        "VehiclesAx": "{(EgoVehicle↦0.009913444519042969),(Vehicles2↦0.004392862319946289),(Vehicles3↦0.003827810287475586),(Vehicles4↦0.0010082125663757324),(Vehicles5↦0.007777214050292969)}",
        "VehiclesVx": "{(EgoVehicle↦24.99849557876587),(Vehicles2↦-5.383384823799133),(Vehicles3↦-5.276936888694763),(Vehicles4↦-4.990778267383575),(Vehicles5↦-5.20151674747467)}",
        "VehiclesY": "{(EgoVehicle↦5.746024669406324E-07),(Vehicles2↦7.999999523162842),(Vehicles3↦3.9999994039535522),(Vehicles4↦-5.746024669406324E-07),(Vehicles5↦7.999999523162842)}",
        "VehiclesVy": "{(EgoVehicle↦-1.9153162611473817E-06),(Vehicles2↦1.9153162611473817E-06),(Vehicles3↦1.9153162611473817E-06),(Vehicles4↦1.9153162611473817E-06),(Vehicles5↦1.9153162611473817E-06)}",
        "VehiclesX": "{(EgoVehicle↦200.0),(Vehicles2↦-9.442275762557983),(Vehicles3↦36.72024309635162),(Vehicles4↦42.91398823261261),(Vehicles5↦54.181718826293945)}"
      },
      "probabilisticVariables": null,
      "activating": [
        "LANE_LEFT_35"
      ],
      "activatingOnlyWhenExecuted": true,
      "updating": null,
      "withPredicate": null
    },
    {
      "id": "LANE_LEFT_35",
      "execute": "LANE_LEFT",
      "after": "1000",
      "priority": 0,
      "additionalGuards": null,
      "activationKind": null,
      "fixedVariables": {
        "Crash": "FALSE",
        "VehiclesAy": "{(EgoVehicle↦1.8554574587881234E-06),(Vehicles2↦-1.8554574587881234E-06),(Vehicles3↦-1.8554574587881234E-06),(Vehicles4↦-1.8554574587881234E-06),(Vehicles5↦1.97517506350664E-06)}",
        "Reward": "0.7999947197162682",
        "VehiclesAx": "{(EgoVehicle↦0.0013065338134765625),(Vehicles2↦0.1191335916519165),(Vehicles3↦0.296073853969574),(Vehicles4↦-0.1948961615562439),(Vehicles5↦0.2937096357345581)}",
        "VehiclesVx": "{(EgoVehicle↦24.999802112579346),(Vehicles2↦-5.264251232147217),(Vehicles3↦-4.980863034725189),(Vehicles4↦-5.185674428939819),(Vehicles5↦-4.907807111740112)}",
        "VehiclesY": "{(EgoVehicle↦1.795767534673587E-08),(Vehicles2↦4.0000001192092896),(Vehicles3↦-1.795767401446824E-08),(Vehicles4↦8.000000238418579),(Vehicles5↦-1.795767401446824E-08)}",
        "VehiclesVy": "{(EgoVehicle↦-5.985880235925833E-08),(Vehicles2↦5.985880235925833E-08),(Vehicles3↦5.985880235925833E-08),(Vehicles4↦5.985880235925833E-08),(Vehicles5↦5.985880235925833E-08)}",
        "VehiclesX": "{(EgoVehicle↦200.0),(Vehicles2↦31.448164582252502),(Vehicles3↦37.92695999145508),(Vehicles4↦48.98638129234314),(Vehicles5↦92.45501160621643)}"
      },
      "probabilisticVariables": null,
      "activating": [
        "SLOWER_36"
      ],
      "activatingOnlyWhenExecuted": true,
      "updating": null,
      "withPredicate": null
    },
    {
      "id": "SLOWER_36",
      "execute": "SLOWER",
      "after": "1000",
      "priority": 0,
      "additionalGuards": null,
      "activationKind": null,
      "fixedVariables": {
        "Crash": "FALSE",
        "VehiclesAy": "{(EgoVehicle↦5.7427342881055665E-08),(Vehicles2↦-5.7427342881055665E-08),(Vehicles3↦-5.7427342881055665E-08),(Vehicles4↦-5.7427342881055665E-08),(Vehicles5↦6.2290261837461E-08)}",
        "Reward": "0.6842242703604414",
        "VehiclesAx": "{(EgoVehicle↦-4.341392517089844),(Vehicles2↦4.3556033074855804),(Vehicles3↦4.35278944671154),(Vehicles4↦4.358033463358879),(Vehicles5↦4.355828128755093)}",
        "VehiclesVx": "{(EgoVehicle↦20.658409595489502),(Vehicles2↦-0.9086479246616364),(Vehicles3↦-0.628073588013649),(Vehicles4↦-0.8276409655809402),(Vehicles5↦-0.5519789829850197)}",
        "VehiclesY": "{(EgoVehicle↦8.404450468901814E-10),(Vehicles2↦4.0000001192092896),(Vehicles3↦-8.404437146225519E-10),(Vehicles4↦8.000000238418579),(Vehicles5↦-8.404437146225519E-10)}",
        "VehiclesVy": "{(EgoVehicle↦-2.431459478202669E-09),(Vehicles2↦2.431459478202669E-09),(Vehicles3↦2.431459478202669E-09),(Vehicles4↦2.431459478202669E-09),(Vehicles5↦2.431459478202669E-09)}",
        "VehiclesX": "{(EgoVehicle↦200.0),(Vehicles2↦28.584545850753784),(Vehicles3↦35.345613956451416),(Vehicles4↦46.20237052440643),(Vehicles5↦89.94801640510559)}"
      },
      "probabilisticVariables": null,
      "activating": [
        "FASTER_37"
      ],
      "activatingOnlyWhenExecuted": true,
      "updating": null,
      "withPredicate": null
    },
    {
      "id": "FASTER_37",
      "execute": "FASTER",
      "after": "1000",
      "priority": 0,
      "additionalGuards": null,
      "activationKind": null,
      "fixedVariables": {
        "Crash": "FALSE",
        "VehiclesAy": "{(EgoVehicle↦2.3138824190027663E-09),(Vehicles2↦-2.3138824190027663E-09),(Vehicles3↦-2.3138824190027663E-09),(Vehicles4↦-2.3138824190027663E-09),(Vehicles5↦2.5490365374025714E-09)}",
        "Reward": "0.7847538133807989",
        "VehiclesAx": "{(EgoVehicle↦3.769857883453369),(Vehicles2↦-3.755456656217575),(Vehicles3↦-3.758382126688957),(Vehicles4↦-3.7536897510290146),(Vehicles5↦-3.756256066262722)}",
        "VehiclesVx": "{(EgoVehicle↦24.42826747894287),(Vehicles2↦-4.664104580879211),(Vehicles3↦-4.386455714702606),(Vehicles4↦-4.581330716609955),(Vehicles5↦-4.308235049247742)}",
        "VehiclesY": "{(EgoVehicle↦3.553690675062171E-11),(Vehicles2↦4.0000001192092896),(Vehicles3↦-3.553557448299216E-11),(Vehicles4↦8.000000238418579),(Vehicles5↦-3.553557448299216E-11)}",
        "VehiclesVy": "{(EgoVehicle↦-1.1757705919990258E-10),(Vehicles2↦1.1757705919990258E-10),(Vehicles3↦1.1757705919990258E-10),(Vehicles4↦1.1757705919990258E-10),(Vehicles5↦1.1757705919990258E-10)}",
        "VehiclesX": "{(EgoVehicle↦200.0),(Vehicles2↦25.60197114944458),(Vehicles3↦32.64245092868805),(Vehicles4↦43.30155849456787),(Vehicles5↦87.32186555862427)}"
      },
      "probabilisticVariables": null,
      "activating": [
        "SLOWER_38"
      ],
      "activatingOnlyWhenExecuted": true,
      "updating": null,
      "withPredicate": null
    },
    {
      "id": "SLOWER_38",
      "execute": "SLOWER",
      "after": "1000",
      "priority": 0,
      "additionalGuards": null,
      "activationKind": null,
      "fixedVariables": {
        "Crash": "FALSE",
        "VehiclesAy": "{(EgoVehicle↦1.1262102361797588E-10),(Vehicles2↦-1.1262102361797588E-10),(Vehicles3↦-1.1262102361797588E-10),(Vehicles4↦-1.1262102361797588E-10),(Vehicles5↦1.2253309478182928E-10)}",
        "Reward": "0.6822172374273755",
        "VehiclesAx": "{(EgoVehicle↦-3.8451218605041504),(Vehicles2↦3.8596828281879425),(Vehicles3↦3.8565951213240623),(Vehicles4↦3.8608460128307343),(Vehicles5↦3.8579651713371277)}",
        "VehiclesVx": "{(EgoVehicle↦20.58314561843872),(Vehicles2↦-0.8044217526912689),(Vehicles3↦-0.5298605933785439),(Vehicles4↦-0.7204847037792206),(Vehicles5↦-0.450269877910614)}",
        "VehiclesY": "{(EgoVehicle↦1.7132961716015416E-12),(Vehicles2↦4.0000001192092896),(Vehicles3↦-1.7119639039719914E-12),(Vehicles4↦8.000000238418579),(Vehicles5↦-1.7119639039719914E-12)}",
        "VehiclesVy": "{(EgoVehicle↦-4.956035581926699E-12),(Vehicles2↦4.956035581926699E-12),(Vehicles3↦4.956035581926699E-12),(Vehicles4↦4.956035581926699E-12),(Vehicles5↦4.956035581926699E-12)}",
        "VehiclesX": "{(EgoVehicle↦200.0),(Vehicles2↦23.06487411260605),(Vehicles3↦30.381783843040466),(Vehicles4↦40.84774553775787),(Vehicles5↦85.14001965522766)}"
      },
      "probabilisticVariables": null,
      "activating": [
        "LANE_RIGHT_39"
      ],
      "activatingOnlyWhenExecuted": true,
      "updating": null,
      "withPredicate": null
    },
    {
      "id": "LANE_RIGHT_39",
      "execute": "LANE_RIGHT",
      "after": "1000",
      "priority": 0,
      "additionalGuards": null,
      "activationKind": null,
      "fixedVariables": {
        "Crash": "FALSE",
        "VehiclesAy": "{(EgoVehicle↦1.1562342941810577),(Vehicles2↦-1.1562342941810577),(Vehicles3↦-1.1562342941810577),(Vehicles4↦-1.1562342941810577),(Vehicles5↦-1.1562342941711456)}",
        "Reward": "0.701159231519263",
        "VehiclesAx": "{(EgoVehicle↦-0.5396747589111328),(Vehicles2↦0.5543671548366547),(Vehicles3↦0.5510820331983268),(Vehicles4↦0.5549825541675091),(Vehicles5↦0.5518295895308256)}",
        "VehiclesVx": "{(EgoVehicle↦20.043470859527588),(Vehicles2↦-0.25005459785461426),(Vehicles3↦0.021221439819782972),(Vehicles4↦-0.1655021496117115),(Vehicles5↦0.1015597116202116)}",
        "VehiclesY": "{(EgoVehicle↦3.599566340446472),(Vehicles2↦0.40043364465236664),(Vehicles3↦-3.599566340446472),(Vehicles4↦4.400433540344238),(Vehicles5↦-3.599566340446472)}",
        "VehiclesVy": "{(EgoVehicle↦1.1562342941761017),(Vehicles2↦-1.1562342941761017),(Vehicles3↦-1.1562342941761017),(Vehicles4↦-1.1562342941761017),(Vehicles5↦-1.1562342941761017)}",
        "VehiclesX": "{(EgoVehicle↦200.0),(Vehicles2↦22.92327731847763),(Vehicles3↦30.513453483581543),(Vehicles4↦40.79037606716156),(Vehicles5↦85.35162210464478)}"
      },
      "probabilisticVariables": null,
      "activating": [
        "LANE_RIGHT_40"
      ],
      "activatingOnlyWhenExecuted": true,
      "updating": null,
      "withPredicate": null
    },
    {
      "id": "LANE_RIGHT_40",
      "execute": "LANE_RIGHT",
      "after": "1000",
      "priority": 0,
      "additionalGuards": null,
      "activationKind": null,
      "fixedVariables": {
        "Crash": "FALSE",
        "VehiclesAy": "{(EgoVehicle↦0.06292782723903656),(Vehicles2↦-0.06292782723903656),(Vehicles3↦-0.06292782723903656),(Vehicles4↦-0.06292782723903656),(Vehicles5↦-2.37539641559124)}",
        "Reward": "0.7333333333333334",
        "VehiclesAx": "{(EgoVehicle↦-0.07053256034851074),(Vehicles2↦0.08532760664820671),(Vehicles3↦0.08182226913049817),(Vehicles4↦0.08544754236936569),(Vehicles5↦0.08206008933484554)}",
        "VehiclesVx": "{(EgoVehicle↦19.972938299179077),(Vehicles2↦-0.16472699120640755),(Vehicles3↦0.10304370895028114),(Vehicles4↦-0.08005460724234581),(Vehicles5↦0.18361980095505714)}",
        "VehiclesY": "{(EgoVehicle↦7.578421354293823),(Vehicles2↦-3.5784212350845337),(Vehicles3↦-7.578421354293823),(Vehicles4↦0.4215788394212723),(Vehicles5↦-7.578421354293823)}",
        "VehiclesVy": "{(EgoVehicle↦1.2191621214151382),(Vehicles2↦-1.2191621214151382),(Vehicles3↦-1.2191621214151382),(Vehicles4↦-1.2191621214151382),(Vehicles5↦-1.2191621214151382)}",
        "VehiclesX": "{(EgoVehicle↦200.0),(Vehicles2↦23.157252371311188),(Vehicles3↦31.01731836795807),(Vehicles4↦41.10898673534393),(Vehicles5↦85.9359622001648)}"
      },
      "probabilisticVariables": null,
      "activating": [
        "LANE_RIGHT_41"
      ],
      "activatingOnlyWhenExecuted": true,
      "updating": null,
      "withPredicate": null
    },
    {
      "id": "LANE_RIGHT_41",
      "execute": "LANE_RIGHT",
      "after": "1000",
      "priority": 0,
      "additionalGuards": null,
      "activationKind": null,
      "fixedVariables": {
        "Crash": "FALSE",
        "VehiclesAy": "{(EgoVehicle↦-1.1428128648549318),(Vehicles2↦1.1428128648549318),(Vehicles3↦1.1428128648549318),(Vehicles4↦1.1428128648549318),(Vehicles5↦-1.2955113779753447)}",
        "Reward": "0.7333649596277722",
        "VehiclesAx": "{(EgoVehicle↦0.028246641159057617),(Vehicles2↦-0.013378225266933441),(Vehicles3↦-0.017116377130150795),(Vehicles4↦-0.01370496116578579),(Vehicles5↦-0.01729276031255722)}",
        "VehiclesVx": "{(EgoVehicle↦20.001184940338135),(Vehicles2↦-0.178105216473341),(Vehicles3↦0.08592733182013035),(Vehicles4↦-0.0937595684081316),(Vehicles5↦0.16632704064249992)}",
        "VehiclesY": "{(EgoVehicle↦7.973711729049683),(Vehicles2↦-3.9737119674682617),(Vehicles3↦-7.973711729049683),(Vehicles4↦0.026288210414350033),(Vehicles5↦-7.973711729049683)}",
        "VehiclesVy": "{(EgoVehicle↦0.07634925656020641),(Vehicles2↦-0.07634925656020641),(Vehicles3↦-0.07634925656020641),(Vehicles4↦-0.07634925656020641),(Vehicles5↦-0.07634925656020641)}",
        "VehiclesX": "{(EgoVehicle↦200.0),(Vehicles2↦22.972117364406586),(Vehicles3↦31.09847903251648),(Vehicles4↦41.00842773914337),(Vehicles5↦86.09765768051147)}"
      },
      "probabilisticVariables": null,
      "activating": [
        "SLOWER_42"
      ],
      "activatingOnlyWhenExecuted": true,
      "updating": null,
      "withPredicate": null
    },
    {
      "id": "SLOWER_42",
      "execute": "SLOWER",
      "after": "1000",
      "priority": 0,
      "additionalGuards": null,
      "activationKind": null,
      "fixedVariables": {
        "Crash": "FALSE",
        "VehiclesAy": "{(EgoVehicle↦-0.07159868720918894),(Vehicles2↦0.07159868720918894),(Vehicles3↦0.07159868720918894),(Vehicles4↦0.07159868720918894),(Vehicles5↦-0.08109982591122389)}",
        "Reward": "0.733337994790496",
        "VehiclesAx": "{(EgoVehicle↦-0.001010894775390625),(Vehicles2↦0.015930645167827606),(Vehicles3↦0.011955015361309052),(Vehicles4↦0.015202546492218971),(Vehicles5↦0.011445246636867523)}",
        "VehiclesVx": "{(EgoVehicle↦20.000174045562744),(Vehicles2↦-0.16217457130551338),(Vehicles3↦0.0978823471814394),(Vehicles4↦-0.07855702191591263),(Vehicles5↦0.17777228727936745)}",
        "VehiclesY": "{(EgoVehicle↦7.998364448547363),(Vehicles2↦-3.9983643293380737),(Vehicles3↦-7.998364448547363),(Vehicles4↦0.0016356248524971306),(Vehicles5↦-7.998364448547363)}",
        "VehiclesVy": "{(EgoVehicle↦0.004750569351017475),(Vehicles2↦-0.004750569351017475),(Vehicles3↦-0.004750569351017475),(Vehicles4↦-0.004750569351017475),(Vehicles5↦-0.004750569351017475)}",
        "VehiclesX": "{(EgoVehicle↦200.0),(Vehicles2↦22.800493240356445),(Vehicles3↦31.189313530921936),(Vehicles4↦40.920889377593994),(Vehicles5↦86.26871109008789)}"
      },
      "probabilisticVariables": null,
      "activating": [
        "SLOWER_43"
      ],
      "activatingOnlyWhenExecuted": true,
      "updating": null,
      "withPredicate": null
    },
    {
      "id": "SLOWER_43",
      "execute": "SLOWER",
      "after": "1000",
      "priority": 0,
      "additionalGuards": null,
      "activationKind": null,
      "fixedVariables": {
        "Crash": "FALSE",
        "VehiclesAy": "{(EgoVehicle↦-0.004454990157682914),(Vehicles2↦0.004454990157682914),(Vehicles3↦0.004454990157682914),(Vehicles4↦0.004454990157682914),(Vehicles5↦-0.005046148544352036)}",
        "Reward": "0.7333339491107832",
        "VehiclesAx": "{(EgoVehicle↦-0.00015020370483398438),(Vehicles2↦0.01509680412709713),(Vehicles3↦0.010885288938879967),(Vehicles4↦0.014009294100105762),(Vehicles5↦0.010110307484865189)}",
        "VehiclesVx": "{(EgoVehicle↦20.00002384185791),(Vehicles2↦-0.14707776717841625),(Vehicles3↦0.10876763612031937),(Vehicles4↦-0.06454772781580687),(Vehicles5↦0.18788259476423264)}",
        "VehiclesY": "{(EgoVehicle↦7.9998979568481445),(Vehicles2↦-3.9998981952667236),(Vehicles3↦-7.9998979568481445),(Vehicles4↦0.0001017679605865851),(Vehicles5↦-7.9998979568481445)}",
        "VehiclesVy": "{(EgoVehicle↦0.00029557919333456084),(Vehicles2↦-0.00029557919333456084),(Vehicles3↦-0.00029557919333456084),(Vehicles4↦-0.00029557919333456084),(Vehicles5↦-0.00029557919333456084)}",
        "VehiclesX": "{(EgoVehicle↦200.0),(Vehicles2↦22.64437824487686),(Vehicles3↦31.291592121124268),(Vehicles4↦40.847983956336975),(Vehicles5↦86.45058870315552)}"
      },
      "probabilisticVariables": null,
      "activating": [
        "SLOWER_44"
      ],
      "activatingOnlyWhenExecuted": true,
      "updating": null,
      "withPredicate": null
    },
    {
      "id": "SLOWER_44",
      "execute": "SLOWER",
      "after": "1000",
      "priority": 0,
      "additionalGuards": null,
      "activationKind": null,
      "fixedVariables": {
        "Crash": "FALSE",
        "VehiclesAy": "{(EgoVehicle↦-0.00027718829755940533),(Vehicles2↦0.00027718829755940533),(Vehicles3↦0.00027718829755940533),(Vehicles4↦0.00027718829755940533),(Vehicles5↦-0.00031397008910971635)}",
        "Reward": "0.7333334144308125",
        "VehiclesAx": "{(EgoVehicle↦-2.1457672119140625E-05),(Vehicles2↦0.014968272298574448),(Vehicles3↦0.010527390986680984),(Vehicles4↦0.013560112565755844),(Vehicles5↦0.00954408198595047)}",
        "VehiclesVx": "{(EgoVehicle↦20.00000238418579),(Vehicles2↦-0.1321094948798418),(Vehicles3↦0.11929502710700035),(Vehicles4↦-0.05098761525005102),(Vehicles5↦0.1974266767501831)}",
        "VehiclesY": "{(EgoVehicle↦7.999993801116943),(Vehicles2↦-3.999993681907654),(Vehicles3↦-7.999993801116943),(Vehicles4↦6.33198624200304E-06),(Vehicles5↦-7.999993801116943)}",
        "VehiclesVy": "{(EgoVehicle↦1.8390895775155514E-05),(Vehicles2↦-1.8390895775155514E-05),(Vehicles3↦-1.8390895775155514E-05),(Vehicles4↦-1.8390895775155514E-05),(Vehicles5↦-1.8390895775155514E-05)}",
        "VehiclesX": "{(EgoVehicle↦200.0),(Vehicles2↦22.503292560577393),(Vehicles3↦31.404590606689453),(Vehicles4↦40.788888931274414),(Vehicles5↦86.642324924469)}"
      },
      "probabilisticVariables": null,
      "activating": [
        "SLOWER_45"
      ],
      "activatingOnlyWhenExecuted": true,
      "updating": null,
      "withPredicate": null
    },
    {
      "id": "SLOWER_45",
      "execute": "SLOWER",
      "after": "1000",
      "priority": 0,
      "additionalGuards": null,
      "activationKind": null,
      "fixedVariables": {
        "Crash": "FALSE",
        "VehiclesAy": "{(EgoVehicle↦-1.724661650825965E-05),(Vehicles2↦1.724661650825965E-05),(Vehicles3↦1.724661650825965E-05),(Vehicles4↦1.724661650825965E-05),(Vehicles5↦-1.9535175042051378E-05)}",
        "Reward": "0.7333333440128657",
        "VehiclesAx": "{(EgoVehicle↦-2.384185791015625E-06),(Vehicles2↦0.01493055373430252),(Vehicles3↦0.010272962972521782),(Vehicles4↦0.013240070547908545),(Vehicles5↦0.009139366447925568)}",
        "VehiclesVx": "{(EgoVehicle↦20.0),(Vehicles2↦-0.11717894114553928),(Vehicles3↦0.12956799007952213),(Vehicles4↦-0.03774754470214248),(Vehicles5↦0.20656604319810867)}",
        "VehiclesY": "{(EgoVehicle↦7.999999523162842),(Vehicles2↦-3.999999761581421),(Vehicles3↦-7.999999523162842),(Vehicles4↦3.939754122939121E-07),(Vehicles5↦-7.999999523162842)}",
        "VehiclesVy": "{(EgoVehicle↦1.1442792668958646E-06),(Vehicles2↦-1.1442792668958646E-06),(Vehicles3↦-1.1442792668958646E-06),(Vehicles4↦-1.1442792668958646E-06),(Vehicles5↦-1.1442792668958646E-06)}",
        "VehiclesX": "{(EgoVehicle↦200.0),(Vehicles2↦22.37715870141983),(Vehicles3↦31.528016924858093),(Vehicles4↦40.74321985244751),(Vehicles5↦86.84343695640564)}"
      },
      "probabilisticVariables": null,
      "activating": [
        "LANE_RIGHT_46"
      ],
      "activatingOnlyWhenExecuted": true,
      "updating": null,
      "withPredicate": null
    },
    {
      "id": "LANE_RIGHT_46",
      "execute": "LANE_RIGHT",
      "after": "1000",
      "priority": 0,
      "additionalGuards": null,
      "activationKind": null,
      "fixedVariables": {
        "Crash": "FALSE",
        "VehiclesAy": "{(EgoVehicle↦-1.0730823518656507E-06),(Vehicles2↦1.0730823429838665E-06),(Vehicles3↦1.0730823429838665E-06),(Vehicles4↦1.0730823429838665E-06),(Vehicles5↦-1.2154761908078626E-06)}",
        "Reward": "0.7333333347396916",
        "VehiclesAx": "{(EgoVehicle↦0.0),(Vehicles2↦0.014868807047605515),(Vehicles3↦0.01003689132630825),(Vehicles4↦0.012948790099471807),(Vehicles5↦0.008910298347473145)}",
        "VehiclesVx": "{(EgoVehicle↦20.0),(Vehicles2↦-0.10231013409793377),(Vehicles3↦0.13960488140583038),(Vehicles4↦-0.02479875460267067),(Vehicles5↦0.21547634154558182)}",
        "VehiclesY": "{(EgoVehicle↦8.000000238418579),(Vehicles2↦-4.0000001192092896),(Vehicles3↦-8.000000238418579),(Vehicles4↦2.4513103547008086E-08),(Vehicles5↦-8.000000238418579)}",
        "VehiclesVy": "{(EgoVehicle↦7.119691503021386E-08),(Vehicles2↦-7.119692391199806E-08),(Vehicles3↦-7.119692391199806E-08),(Vehicles4↦-7.119692391199806E-08),(Vehicles5↦-7.119692391199806E-08)}",
        "VehiclesX": "{(EgoVehicle↦200.0),(Vehicles2↦22.265933454036713),(Vehicles3↦31.661617755889893),(Vehicles4↦40.71067571640015),(Vehicles5↦87.05357313156128)}"
      },
      "probabilisticVariables": null,
      "activating": [
        "FASTER_47"
      ],
      "activatingOnlyWhenExecuted": true,
      "updating": null,
      "withPredicate": null
    },
    {
      "id": "FASTER_47",
      "execute": "FASTER",
      "after": "1000",
      "priority": 0,
      "additionalGuards": null,
      "activationKind": null,
      "fixedVariables": {
        "Crash": "FALSE",
        "VehiclesAy": "{(EgoVehicle↦-6.771259108973027E-08),(Vehicles2↦6.771259108973027E-08),(Vehicles3↦6.771259108973027E-08),(Vehicles4↦6.771259108973027E-08),(Vehicles5↦-7.468125673426584E-08)}",
        "Reward": "0.8491083678120855",
        "VehiclesAx": "{(EgoVehicle↦4.341564178466797),(Vehicles2↦-4.326807307079434),(Vehicles3↦-4.331730678677559),(Vehicles4↦-4.3288916908204556),(Vehicles5↦-4.332706518471241)}",
        "VehiclesVx": "{(EgoVehicle↦24.341564178466797),(Vehicles2↦-4.429117441177368),(Vehicles3↦-4.1921257972717285),(Vehicles4↦-4.353690445423126),(Vehicles5↦-4.117230176925659)}",
        "VehiclesY": "{(EgoVehicle↦8.000000238418579),(Vehicles2↦-4.0000001192092896),(Vehicles3↦-8.000000238418579),(Vehicles4↦1.051977172039642E-09),(Vehicles5↦-8.000000238418579)}",
        "VehiclesVy": "{(EgoVehicle↦3.4843239404835913E-09),(Vehicles2↦-3.4843328222677883E-09),(Vehicles3↦-3.4843328222677883E-09),(Vehicles4↦-3.4843328222677883E-09),(Vehicles5↦-3.4843328222677883E-09)}",
        "VehiclesX": "{(EgoVehicle↦200.0),(Vehicles2↦19.774475693702698),(Vehicles3↦29.41010892391205),(Vehicles4↦38.29590380191803),(Vehicles5↦84.8775327205658)}"
      },
      "probabilisticVariables": null,
      "activating": [
        "SLOWER_48"
      ],
      "activatingOnlyWhenExecuted": true,
      "updating": null,
      "withPredicate": null
    },
    {
      "id": "SLOWER_48",
      "execute": "SLOWER",
      "after": "1000",
      "priority": 0,
      "additionalGuards": null,
      "activationKind": null,
      "fixedVariables": {
        "Crash": "FALSE",
        "VehiclesAy": "{(EgoVehicle↦-3.3374192298651906E-09),(Vehicles2↦3.3374369934335846E-09),(Vehicles3↦3.3374369934335846E-09),(Vehicles4↦3.3374369934335846E-09),(Vehicles5↦-3.631228651101992E-09)}",
        "Reward": "0.7485794284087245",
        "VehiclesAx": "{(EgoVehicle↦-3.76983642578125),(Vehicles2↦3.784431889653206),(Vehicles3↦3.779507987201214),(Vehicles4↦3.782242275774479),(Vehicles5↦3.7787237390875816)}",
        "VehiclesVx": "{(EgoVehicle↦20.571727752685547),(Vehicles2↦-0.6446855515241623),(Vehicles3↦-0.4126178100705147),(Vehicles4↦-0.5714481696486473),(Vehicles5↦-0.33850643783807755)}",
        "VehiclesY": "{(EgoVehicle↦8.000000238418579),(Vehicles2↦-4.0000001192092896),(Vehicles3↦-8.000000238418579),(Vehicles4↦5.0751403080084856E-11),(Vehicles5↦-8.000000238418579)}",
        "VehiclesVy": "{(EgoVehicle↦1.4690471061840071E-10),(Vehicles2↦-1.468958288342037E-10),(Vehicles3↦-1.468958288342037E-10),(Vehicles4↦-1.468958288342037E-10),(Vehicles5↦-1.468958288342037E-10)}",
        "VehiclesX": "{(EgoVehicle↦200.0),(Vehicles2↦17.430873215198517),(Vehicles3↦27.301526069641113),(Vehicles4↦36.026862263679504),(Vehicles5↦82.84351825714111)}"
      },
      "probabilisticVariables": null,
      "activating": [
        "SLOWER_49"
      ],
      "activatingOnlyWhenExecuted": true,
      "updating": null,
      "withPredicate": null
    },
    {
      "id": "SLOWER_49",
      "execute": "SLOWER",
      "after": "1000",
      "priority": 0,
      "additionalGuards": null,
      "activationKind": null,
      "fixedVariables": {
        "Crash": "FALSE",
        "VehiclesAy": "{(EgoVehicle↦-1.3788081787424744E-10),(Vehicles2↦1.3787193609005044E-10),(Vehicles3↦1.3787193609005044E-10),(Vehicles4↦1.3787193609005044E-10),(Vehicles5↦-1.5591972157835698E-10)}",
        "Reward": "0.7353410495572531",
        "VehiclesAx": "{(EgoVehicle↦-0.49643754959106445),(Vehicles2↦0.5108417384326458),(Vehicles3↦0.5059890728443861),(Vehicles4↦0.5085921101272106),(Vehicles5↦0.5053707957267761)}",
        "VehiclesVx": "{(EgoVehicle↦20.075290203094482),(Vehicles2↦-0.1338438130915165),(Vehicles3↦0.09337126277387142),(Vehicles4↦-0.06285605952143669),(Vehicles5↦0.16686435788869858)}",
        "VehiclesY": "{(EgoVehicle↦8.000000238418579),(Vehicles2↦-4.0000001192092896),(Vehicles3↦-8.000000238418579),(Vehicles4↦3.1095126473701384E-12),(Vehicles5↦-8.000000238418579)}",
        "VehiclesVy": "{(EgoVehicle↦9.023892744153272E-12),(Vehicles2↦-9.023892744153272E-12),(Vehicles3↦-9.023892744153272E-12),(Vehicles4↦-9.023892744153272E-12),(Vehicles5↦-9.023892744153272E-12)}",
        "VehiclesX": "{(EgoVehicle↦200.0),(Vehicles2↦17.065830528736115),(Vehicles3↦27.16659903526306),(Vehicles4↦35.734158754348755),(Vehicles5↦82.78244137763977)}"
      },
      "probabilisticVariables": null,
      "activating": [
        "SLOWER_50"
      ],
      "activatingOnlyWhenExecuted": true,
      "updating": null,
      "withPredicate": null
    },
    {
      "id": "SLOWER_50",
      "execute": "SLOWER",
      "after": "1000",
      "priority": 0,
      "additionalGuards": null,
      "activationKind": null,
      "fixedVariables": {
        "Crash": "FALSE",
        "VehiclesAy": "{(EgoVehicle↦-8.455458555545192E-12),(Vehicles2↦8.455458555545192E-12),(Vehicles3↦8.455458555545192E-12),(Vehicles4↦8.455458555545192E-12),(Vehicles5↦-9.592326932761353E-12)}",
        "Reward": "0.7335977239471828",
        "VehiclesAx": "{(EgoVehicle↦-0.06537437438964844),(Vehicles2↦0.0795629434287548),(Vehicles3↦0.07482756860554218),(Vehicles4↦0.07728330558165908),(Vehicles5↦0.07432626560330391)}",
        "VehiclesVx": "{(EgoVehicle↦20.009915828704834),(Vehicles2↦-0.05428086966276169),(Vehicles3↦0.1681988313794136),(Vehicles4↦0.014427246060222387),(Vehicles5↦0.2411906234920025)}",
        "VehiclesY": "{(EgoVehicle↦8.000000238418579),(Vehicles2↦-4.0000001192092896),(Vehicles3↦-8.000000238418579),(Vehicles4↦1.9184653865522705E-13),(Vehicles5↦-8.000000238418579)}",
        "VehiclesVy": "{(EgoVehicle↦5.684341886080801E-13),(Vehicles2↦-5.684341886080801E-13),(Vehicles3↦-5.684341886080801E-13),(Vehicles4↦-5.684341886080801E-13),(Vehicles5↦-5.684341886080801E-13)}",
        "VehiclesX": "{(EgoVehicle↦200.0),(Vehicles2↦16.973744332790375),(Vehicles3↦27.299824357032776),(Vehicles4↦35.71214973926544),(Vehicles5↦82.98895359039307)}"
      },
      "probabilisticVariables": null,
      "activating": [
        "SLOWER_51"
      ],
      "activatingOnlyWhenExecuted": true,
      "updating": null,
      "withPredicate": null
    },
    {
      "id": "SLOWER_51",
      "execute": "SLOWER",
      "after": "1000",
      "priority": 0,
      "additionalGuards": null,
      "activationKind": null,
      "fixedVariables": {
        "Crash": "FALSE",
        "VehiclesAy": "{(EgoVehicle↦-5.329070518200751E-13),(Vehicles2↦5.240252676230739E-13),(Vehicles3↦5.240252676230739E-13),(Vehicles4↦5.240252676230739E-13),(Vehicles5↦-6.128431095930864E-13)}",
        "Reward": "0.7333681502042929",
        "VehiclesAx": "{(EgoVehicle↦-0.008609294891357422),(Vehicles2↦0.022572975140064955),(Vehicles3↦0.017979126423597336),(Vehicles4↦0.020282501354813576),(Vehicles5↦0.0175490602850914)}",
        "VehiclesVx": "{(EgoVehicle↦20.001306533813477),(Vehicles2↦-0.031707894522696733),(Vehicles3↦0.18617795780301094),(Vehicles4↦0.03470974741503596),(Vehicles5↦0.2587396837770939)}",
        "VehiclesY": "{(EgoVehicle↦8.000000238418579),(Vehicles2↦-4.0000001192092896),(Vehicles3↦-8.000000238418579),(Vehicles4↦1.0658141036401503E-14),(Vehicles5↦-8.000000238418579)}",
        "VehiclesVy": "{(EgoVehicle↦3.552713678800501E-14),(Vehicles2↦-4.440892098500626E-14),(Vehicles3↦-4.440892098500626E-14),(Vehicles4↦-4.440892098500626E-14),(Vehicles5↦-4.440892098500626E-14)}",
        "VehiclesX": "{(EgoVehicle↦200.0),(Vehicles2↦16.929815709590912),(Vehicles3↦27.4765282869339),(Vehicles4↦35.73601543903351),(Vehicles5↦83.2384705543518)}"
      },
      "probabilisticVariables": null,
      "activating": [
        "SLOWER_52"
      ],
      "activatingOnlyWhenExecuted": true,
      "updating": null,
      "withPredicate": null
    },
    {
      "id": "SLOWER_52",
      "execute": "SLOWER",
      "after": "1000",
      "priority": 0,
      "additionalGuards": null,
      "activationKind": null,
      "fixedVariables": {
        "Crash": "FALSE",
        "VehiclesAy": "{(EgoVehicle↦-3.552713678800501E-14),(Vehicles2↦4.440892098500626E-14),(Vehicles3↦4.440892098500626E-14),(Vehicles4↦4.440892098500626E-14),(Vehicles5↦-4.440892098500626E-14)}",
        "Reward": "0.733337918271073",
        "VehiclesAx": "{(EgoVehicle↦-0.0011348724365234375),(Vehicles2↦0.014869868755340576),(Vehicles3↦0.010427180677652359),(Vehicles4↦0.012580638285726309),(Vehicles5↦0.010035242885351181)}",
        "VehiclesVx": "{(EgoVehicle↦20.000171661376953),(Vehicles2↦-0.016838025767356157),(Vehicles3↦0.1966051384806633),(Vehicles4↦0.04729038570076227),(Vehicles5↦0.26877492666244507)}",
        "VehiclesY": "{(EgoVehicle↦8.000000238418579),(Vehicles2↦-4.0000001192092896),(Vehicles3↦-8.000000238418579),(Vehicles4↦2.6645352591003757E-15),(Vehicles5↦-8.000000238418579)}",
        "VehiclesVy": "{(EgoVehicle↦0.0),(Vehicles2↦0.0),(Vehicles3↦0.0),(Vehicles4↦0.0),(Vehicles5↦0.0)}",
        "VehiclesX": "{(EgoVehicle↦200.0),(Vehicles2↦16.90424680709839),(Vehicles3↦27.667054533958435),(Vehicles4↦35.77594459056854),(Vehicles5↦83.50139856338501)}"
      },
      "probabilisticVariables": null,
      "activating": [
        "SLOWER_53"
      ],
      "activatingOnlyWhenExecuted": true,
      "updating": null,
      "withPredicate": null
    },
    {
      "id": "SLOWER_53",
      "execute": "SLOWER",
      "after": "1000",
      "priority": 0,
      "additionalGuards": null,
      "activationKind": null,
      "fixedVariables": {
        "Crash": "FALSE",
        "VehiclesAy": "{(EgoVehicle↦0.0),(Vehicles2↦0.0),(Vehicles3↦0.0),(Vehicles4↦0.0),(Vehicles5↦0.0)}",
        "Reward": "0.7333339371111426",
        "VehiclesAx": "{(EgoVehicle↦-0.00015020370483398438),(Vehicles2↦0.013657626113854349),(Vehicles3↦0.009367726743221283),(Vehicles4↦0.011377683840692043),(Vehicles5↦0.008993688970804214)}",
        "VehiclesVx": "{(EgoVehicle↦20.00002145767212),(Vehicles2↦-0.0031803996535018086),(Vehicles3↦0.20597286522388458),(Vehicles4↦0.058668069541454315),(Vehicles5↦0.2777686156332493)}",
        "VehiclesY": "{(EgoVehicle↦8.000000238418579),(Vehicles2↦-4.0000001192092896),(Vehicles3↦-8.000000238418579),(Vehicles4↦2.6645352591003757E-15),(Vehicles5↦-8.000000238418579)}",
        "VehiclesVy": "{(EgoVehicle↦0.0),(Vehicles2↦0.0),(Vehicles3↦0.0),(Vehicles4↦0.0),(Vehicles5↦0.0)}",
        "VehiclesX": "{(EgoVehicle↦200.0),(Vehicles2↦16.892912983894348),(Vehicles3↦27.867433428764343),(Vehicles4↦35.82782745361328),(Vehicles5↦83.7738037109375)}"
      },
      "probabilisticVariables": null,
      "activating": [
        "FASTER_54"
      ],
      "activatingOnlyWhenExecuted": true,
      "updating": null,
      "withPredicate": null
    },
    {
      "id": "FASTER_54",
      "execute": "FASTER",
      "after": "1000",
      "priority": 0,
      "additionalGuards": null,
      "activationKind": null,
      "fixedVariables": {
        "Crash": "FALSE",
        "VehiclesAy": "{(EgoVehicle↦0.0),(Vehicles2↦0.0),(Vehicles3↦0.0),(Vehicles4↦0.0),(Vehicles5↦0.0)}",
        "Reward": "0.8491084471367211",
        "VehiclesAx": "{(EgoVehicle↦4.341545104980469),(Vehicles2↦-4.328262016060762),(Vehicles3↦-4.332401230931282),(Vehicles4↦-4.330526702105999),(Vehicles5↦-4.33276766911149)}",
        "VehiclesVx": "{(EgoVehicle↦24.341566562652588),(Vehicles2↦-4.331442415714264),(Vehicles3↦-4.1264283657073975),(Vehicles4↦-4.271858632564545),(Vehicles5↦-4.054999053478241)}",
        "VehiclesY": "{(EgoVehicle↦8.000000238418579),(Vehicles2↦-4.0000001192092896),(Vehicles3↦-8.000000238418579),(Vehicles4↦2.6645352591003757E-15),(Vehicles5↦-8.000000238418579)}",
        "VehiclesVy": "{(EgoVehicle↦0.0),(Vehicles2↦0.0),(Vehicles3↦0.0),(Vehicles4↦0.0),(Vehicles5↦0.0)}",
        "VehiclesX": "{(EgoVehicle↦200.0),(Vehicles2↦14.500011503696442),(Vehicles3↦25.68202018737793),(Vehicles4↦33.49586725234985),(Vehicles5↦81.66003227233887)}"
      },
      "probabilisticVariables": null,
      "activating": [
        "SLOWER_55"
      ],
      "activatingOnlyWhenExecuted": true,
      "updating": null,
      "withPredicate": null
    },
    {
      "id": "SLOWER_55",
      "execute": "SLOWER",
      "after": "1000",
      "priority": 0,
      "additionalGuards": null,
      "activationKind": null,
      "fixedVariables": {
        "Crash": "FALSE",
        "VehiclesAy": "{(EgoVehicle↦0.0),(Vehicles2↦0.0),(Vehicles3↦0.0),(Vehicles4↦0.0),(Vehicles5↦0.0)}",
        "Reward": "0.7485794388547671",
        "VehiclesAx": "{(EgoVehicle↦-3.76983642578125),(Vehicles2↦3.782895915210247),(Vehicles3↦3.778904415667057),(Vehicles4↦3.780650980770588),(Vehicles5↦3.77854160964489)}",
        "VehiclesVx": "{(EgoVehicle↦20.571730136871338),(Vehicles2↦-0.5485465005040169),(Vehicles3↦-0.3475239500403404),(Vehicles4↦-0.49120765179395676),(Vehicles5↦-0.27645744383335114)}",
        "VehiclesY": "{(EgoVehicle↦8.000000238418579),(Vehicles2↦-4.0000001192092896),(Vehicles3↦-8.000000238418579),(Vehicles4↦2.6645352591003757E-15),(Vehicles5↦-8.000000238418579)}",
        "VehiclesVy": "{(EgoVehicle↦0.0),(Vehicles2↦0.0),(Vehicles3↦0.0),(Vehicles4↦0.0),(Vehicles5↦0.0)}",
        "VehiclesX": "{(EgoVehicle↦200.0),(Vehicles2↦12.253474444150925),(Vehicles3↦23.63888770341873),(Vehicles4↦31.308013200759888),(Vehicles5↦79.68818545341492)}"
      },
      "probabilisticVariables": null,
      "activating": [
        "SLOWER_56"
      ],
      "activatingOnlyWhenExecuted": true,
      "updating": null,
      "withPredicate": null
    },
    {
      "id": "SLOWER_56",
      "execute": "SLOWER",
      "after": "1000",
      "priority": 0,
      "additionalGuards": null,
      "activationKind": null,
      "fixedVariables": {
        "Crash": "FALSE",
        "VehiclesAy": "{(EgoVehicle↦0.0),(Vehicles2↦0.0),(Vehicles3↦0.0),(Vehicles4↦0.0),(Vehicles5↦0.0)}",
        "Reward": "0.7353410509328637",
        "VehiclesAx": "{(EgoVehicle↦-0.49643993377685547),(Vehicles2↦0.5092762457206845),(Vehicles3↦0.5054293386638165),(Vehicles4↦0.5070553452242166),(Vehicles5↦0.505069475620985)}",
        "VehiclesVx": "{(EgoVehicle↦20.075290203094482),(Vehicles2↦-0.03927025478333235),(Vehicles3↦0.15790538862347603),(Vehicles4↦0.015847693430259824),(Vehicles5↦0.2286120317876339)}",
        "VehiclesY": "{(EgoVehicle↦8.000000238418579),(Vehicles2↦-4.0000001192092896),(Vehicles3↦-8.000000238418579),(Vehicles4↦2.6645352591003757E-15),(Vehicles5↦-8.000000238418579)}",
        "VehiclesVy": "{(EgoVehicle↦0.0),(Vehicles2↦0.0),(Vehicles3↦0.0),(Vehicles4↦0.0),(Vehicles5↦0.0)}",
        "VehiclesX": "{(EgoVehicle↦200.0),(Vehicles2↦11.983945965766907),(Vehicles3↦23.568831384181976),(Vehicles4↦31.094932556152344),(Vehicles5↦79.68905568122864)}"
      },
      "probabilisticVariables": null,
      "activating": [
        "SLOWER_57"
      ],
      "activatingOnlyWhenExecuted": true,
      "updating": null,
      "withPredicate": null
    },
    {
      "id": "SLOWER_57",
      "execute": "SLOWER",
      "after": "1000",
      "priority": 0,
      "additionalGuards": null,
      "activationKind": null,
      "fixedVariables": {
        "Crash": "FALSE",
        "VehiclesAy": "{(EgoVehicle↦0.0),(Vehicles2↦0.0),(Vehicles3↦0.0),(Vehicles4↦0.0),(Vehicles5↦0.0)}",
        "Reward": "0.7335977241283332",
        "VehiclesAx": "{(EgoVehicle↦-0.06537437438964844),(Vehicles2↦0.07799269165843725),(Vehicles3↦0.07428782060742378),(Vehicles4↦0.07579930941574275),(Vehicles5↦0.07393185049295425)}",
        "VehiclesVx": "{(EgoVehicle↦20.009915828704834),(Vehicles2↦0.038722436875104904),(Vehicles3↦0.2321932092308998),(Vehicles4↦0.09164700284600258),(Vehicles5↦0.30254388228058815)}",
        "VehiclesY": "{(EgoVehicle↦8.000000238418579),(Vehicles2↦-4.0000001192092896),(Vehicles3↦-8.000000238418579),(Vehicles4↦2.6645352591003757E-15),(Vehicles5↦-8.000000238418579)}",
        "VehiclesVy": "{(EgoVehicle↦0.0),(Vehicles2↦0.0),(Vehicles3↦0.0),(Vehicles4↦0.0),(Vehicles5↦0.0)}",
        "VehiclesX": "{(EgoVehicle↦200.0),(Vehicles2↦11.98580488562584),(Vehicles3↦23.766373097896576),(Vehicles4↦31.15103244781494),(Vehicles5↦79.95715737342834)}"
      },
      "probabilisticVariables": null,
      "activating": [
        "SLOWER_58"
      ],
      "activatingOnlyWhenExecuted": true,
      "updating": null,
      "withPredicate": null
    },
    {
      "id": "SLOWER_58",
      "execute": "SLOWER",
      "after": "1000",
      "priority": 0,
      "additionalGuards": null,
      "activationKind": null,
      "fixedVariables": {
        "Crash": "FALSE",
        "VehiclesAy": "{(EgoVehicle↦0.0),(Vehicles2↦0.0),(Vehicles3↦0.0),(Vehicles4↦0.0),(Vehicles5↦0.0)}",
        "Reward": "0.733368150228148",
        "VehiclesAx": "{(EgoVehicle↦-0.008609294891357422),(Vehicles2↦0.02101100515574217),(Vehicles3↦0.017446037381887436),(Vehicles4↦0.018848180770874023),(Vehicles5↦0.017095189541578293)}",
        "VehiclesVx": "{(EgoVehicle↦20.001306533813477),(Vehicles2↦0.05973344203084707),(Vehicles3↦0.24963924661278725),(Vehicles4↦0.1104951836168766),(Vehicles5↦0.31963907182216644)}",
        "VehiclesY": "{(EgoVehicle↦8.000000238418579),(Vehicles2↦-4.0000001192092896),(Vehicles3↦-8.000000238418579),(Vehicles4↦2.6645352591003757E-15),(Vehicles5↦-8.000000238418579)}",
        "VehiclesVy": "{(EgoVehicle↦0.0),(Vehicles2↦0.0),(Vehicles3↦0.0),(Vehicles4↦0.0),(Vehicles5↦0.0)}",
        "VehiclesX": "{(EgoVehicle↦200.0),(Vehicles2↦12.034254521131516),(Vehicles3↦24.006856977939606),(Vehicles4↦31.251537799835205),(Vehicles5↦80.26785254478455)}"
      },
      "probabilisticVariables": null,
      "activating": [
        "SLOWER_59"
      ],
      "activatingOnlyWhenExecuted": true,
      "updating": null,
      "withPredicate": null
    },
    {
      "id": "SLOWER_59",
      "execute": "SLOWER",
      "after": "1000",
      "priority": 0,
      "additionalGuards": null,
      "activationKind": null,
      "fixedVariables": {
        "Crash": "FALSE",
        "VehiclesAy": "{(EgoVehicle↦0.0),(Vehicles2↦0.0),(Vehicles3↦0.0),(Vehicles4↦0.0),(Vehicles5↦0.0)}",
        "Reward": "0.7333379182742142",
        "VehiclesAx": "{(EgoVehicle↦-0.0011348724365234375),(Vehicles2↦0.01332269050180912),(Vehicles3↦0.00989571213722229),(Vehicles4↦0.01119299791753292),(Vehicles5↦0.009551048278808594)}",
        "VehiclesVx": "{(EgoVehicle↦20.000171661376953),(Vehicles2↦0.07305613253265619),(Vehicles3↦0.25953495875000954),(Vehicles4↦0.12168818153440952),(Vehicles5↦0.32919012010097504)}",
        "VehiclesY": "{(EgoVehicle↦8.000000238418579),(Vehicles2↦-4.0000001192092896),(Vehicles3↦-8.000000238418579),(Vehicles4↦2.6645352591003757E-15),(Vehicles5↦-8.000000238418579)}",
        "VehiclesVy": "{(EgoVehicle↦0.0),(Vehicles2↦0.0),(Vehicles3↦0.0),(Vehicles4↦0.0),(Vehicles5↦0.0)}",
        "VehiclesX": "{(EgoVehicle↦200.0),(Vehicles2↦12.099505215883255),(Vehicles3↦24.260631203651428),(Vehicles4↦31.3666969537735),(Vehicles5↦80.59148788452148)}"
      },
      "probabilisticVariables": null,
      "activating": [
        "SLOWER_60"
      ],
      "activatingOnlyWhenExecuted": true,
      "updating": null,
      "withPredicate": null
    },
    {
      "id": "SLOWER_60",
      "execute": "SLOWER",
      "after": "1000",
      "priority": 0,
      "additionalGuards": null,
      "activationKind": null,
      "fixedVariables": {
        "Crash": "FALSE",
        "VehiclesAy": "{(EgoVehicle↦0.0),(Vehicles2↦0.0),(Vehicles3↦0.0),(Vehicles4↦0.0),(Vehicles5↦0.0)}",
        "Reward": "0.7333339371115564",
        "VehiclesAx": "{(EgoVehicle↦-0.00015020370483398438),(Vehicles2↦0.012128469534218311),(Vehicles3↦0.008837617933750153),(Vehicles4↦0.010033994913101196),(Vehicles5↦0.008499808609485626)}",
        "VehiclesVx": "{(EgoVehicle↦20.00002145767212),(Vehicles2↦0.0851846020668745),(Vehicles3↦0.2683725766837597),(Vehicles4↦0.13172217644751072),(Vehicles5↦0.33768992871046066)}",
        "VehiclesY": "{(EgoVehicle↦8.000000238418579),(Vehicles2↦-4.0000001192092896),(Vehicles3↦-8.000000238418579),(Vehicles4↦2.6645352591003757E-15),(Vehicles5↦-8.000000238418579)}",
        "VehiclesVy": "{(EgoVehicle↦0.0),(Vehicles2↦0.0),(Vehicles3↦0.0),(Vehicles4↦0.0),(Vehicles5↦0.0)}",
        "VehiclesX": "{(EgoVehicle↦200.0),(Vehicles2↦12.177452445030212),(Vehicles3↦24.52373057603836),(Vehicles4↦31.492432951927185),(Vehicles5↦80.92410564422607)}"
      },
      "probabilisticVariables": null,
      "activating": [
        "SLOWER_61"
      ],
      "activatingOnlyWhenExecuted": true,
      "updating": null,
      "withPredicate": null
    },
    {
      "id": "SLOWER_61",
      "execute": "SLOWER",
      "after": "1000",
      "priority": 0,
      "additionalGuards": null,
      "activationKind": null,
      "fixedVariables": {
        "Crash": "FALSE",
        "VehiclesAy": "{(EgoVehicle↦0.0),(Vehicles2↦0.0),(Vehicles3↦0.0),(Vehicles4↦0.0),(Vehicles5↦0.0)}",
        "Reward": "0.7333334128432228",
        "VehiclesAx": "{(EgoVehicle↦-1.9073486328125E-05),(Vehicles2↦0.011792397126555443),(Vehicles3↦0.008635744452476501),(Vehicles4↦0.009734723716974258),(Vehicles5↦0.008304901421070099)}",
        "VehiclesVx": "{(EgoVehicle↦20.00000238418579),(Vehicles2↦0.09697699919342995),(Vehicles3↦0.2770083211362362),(Vehicles4↦0.14145690016448498),(Vehicles5↦0.34599483013153076)}",
        "VehiclesY": "{(EgoVehicle↦8.000000238418579),(Vehicles2↦-4.0000001192092896),(Vehicles3↦-8.000000238418579),(Vehicles4↦2.6645352591003757E-15),(Vehicles5↦-8.000000238418579)}",
        "VehiclesVy": "{(EgoVehicle↦0.0),(Vehicles2↦0.0),(Vehicles3↦0.0),(Vehicles4↦0.0),(Vehicles5↦0.0)}",
        "VehiclesX": "{(EgoVehicle↦200.0),(Vehicles2↦12.267373502254486),(Vehicles3↦24.795565009117126),(Vehicles4↦31.628066301345825),(Vehicles5↦81.265127658844)}"
      },
      "probabilisticVariables": null,
      "activating": null,
      "activatingOnlyWhenExecuted": true,
      "updating": null,
      "withPredicate": null
    }
  ],
  "listeners": [],
  "metadata": {
    "fileType": "Timed_Trace",
    "formatVersion": 3,
    "savedAt": "2023-08-15T12:35:39.638033Z",
    "creator": "Simulation: MONTE_CARLO_SIMULATION; MAX_STEPS_BEFORE_PROPERTY : 0, EXECUTIONS : 1000, ENDING_TIME : 60000",
    "proB2KernelVersion": "4.12.2",
    "proBCliVersion": "1.12.2-final",
    "modelName": "HighwayEnvironment"
  }
}