{
  "variables": {},
  "activations": [
    {
      "id": "$setup_constants",
      "execute": "$setup_constants",
      "after": "0",
      "priority": 0,
      "additionalGuards": null,
      "activationKind": null,
      "fixedVariables": null,
      "probabilisticVariables": null,
      "activating": null,
      "activatingOnlyWhenExecuted": true,
      "updating": null,
      "withPredicate": null
    },
    {
      "id": "$initialise_machine",
      "execute": "$initialise_machine",
      "after": "0",
      "priority": 0,
      "additionalGuards": null,
      "activationKind": null,
      "fixedVariables": {
        "Crash": "FALSE",
        "VehiclesAy": "{(EgoVehicle↦0.0),(Vehicles2↦0.0),(Vehicles3↦0.0),(Vehicles4↦0.0),(Vehicles5↦0.0)}",
        "Reward": "0.0",
        "VehiclesAx": "{(EgoVehicle↦0.0),(Vehicles2↦0.0),(Vehicles3↦0.0),(Vehicles4↦0.0),(Vehicles5↦0.0)}",
        "VehiclesVx": "{(EgoVehicle↦25.0),(Vehicles2↦-1.7954130470752716),(Vehicles3↦-2.002975642681122),(Vehicles4↦-1.684628278017044),(Vehicles5↦-1.2082907557487488)}",
        "VehiclesY": "{(EgoVehicle↦8.000000238418579),(Vehicles2↦-8.000000238418579),(Vehicles3↦0.0),(Vehicles4↦-8.000000238418579),(Vehicles5↦-8.000000238418579)}",
        "VehiclesVy": "{(EgoVehicle↦0.0),(Vehicles2↦0.0),(Vehicles3↦0.0),(Vehicles4↦0.0),(Vehicles5↦0.0)}",
        "VehiclesX": "{(EgoVehicle↦155.0872802734375),(Vehicles2↦25.83136558532715),(Vehicles3↦48.84483814239502),(Vehicles4↦74.2510437965393),(Vehicles5↦97.02334403991699)}"
      },
      "probabilisticVariables": null,
      "activating": [
        "SLOWER_2"
      ],
      "activatingOnlyWhenExecuted": true,
      "updating": null,
      "withPredicate": null
    },
    {
      "id": "SLOWER_2",
      "execute": "SLOWER",
      "after": "1000",
      "priority": 0,
      "additionalGuards": null,
      "activationKind": null,
      "fixedVariables": {
        "Crash": "FALSE",
        "VehiclesAy": "{(EgoVehicle↦0.0),(Vehicles2↦6.489179730415344),(Vehicles3↦0.0),(Vehicles4↦4.890470504760742),(Vehicles5↦0.0)}",
        "Reward": "0.750891632373114",
        "VehiclesAx": "{(EgoVehicle↦-4.341564178466797),(Vehicles2↦0.7747112959623337),(Vehicles3↦4.108888208866119),(Vehicles4↦-2.3634077608585358),(Vehicles5↦-1.2215128540992737)}",
        "VehiclesVx": "{(EgoVehicle↦20.658435821533203),(Vehicles2↦-1.020701751112938),(Vehicles3↦2.1059125661849976),(Vehicles4↦-4.04803603887558),(Vehicles5↦-2.4298036098480225)}",
        "VehiclesY": "{(EgoVehicle↦8.000000238418579),(Vehicles2↦-7.202129602432251),(Vehicles3↦0.0),(Vehicles4↦-6.024341583251953),(Vehicles5↦-8.000000238418579)}",
        "VehiclesVy": "{(EgoVehicle↦0.0),(Vehicles2↦6.489179730415344),(Vehicles3↦0.0),(Vehicles4↦4.890470504760742),(Vehicles5↦0.0)}",
        "VehiclesX": "{(EgoVehicle↦177.69222259521484),(Vehicles2↦25.368034839630127),(Vehicles3↦49.150124192237854),(Vehicles4↦72.29470610618591),(Vehicles5↦95.81011533737183)}"
      },
      "probabilisticVariables": null,
      "activating": [
        "SLOWER_3"
      ],
      "activatingOnlyWhenExecuted": true,
      "updating": null,
      "withPredicate": null
    },
    {
      "id": "SLOWER_3",
      "execute": "SLOWER",
      "after": "1000",
      "priority": 0,
      "additionalGuards": null,
      "activationKind": null,
      "fixedVariables": {
        "Crash": "FALSE",
        "VehiclesAy": "{(EgoVehicle↦0.0),(Vehicles2↦-6.9876353070139885),(Vehicles3↦0.0),(Vehicles4↦-4.387441650032997),(Vehicles5↦0.0)}",
        "Reward": "0.735645537322111",
        "VehiclesAx": "{(EgoVehicle↦-0.5717277526855469),(Vehicles2↦0.606473907828331),(Vehicles3↦-0.2875378727912903),(Vehicles4↦1.1794841289520264),(Vehicles5↦-0.7289507985115051)}",
        "VehiclesVx": "{(EgoVehicle↦20.086708068847656),(Vehicles2↦-0.41422784328460693),(Vehicles3↦1.8183746933937073),(Vehicles4↦-2.8685519099235535),(Vehicles5↦-3.1587544083595276)}",
        "VehiclesY": "{(EgoVehicle↦8.000000238418579),(Vehicles2↦-7.825603723526001),(Vehicles3↦0.0),(Vehicles4↦-4.181518077850342),(Vehicles5↦-8.000000238418579)}",
        "VehiclesVy": "{(EgoVehicle↦0.0),(Vehicles2↦-0.49845557659864426),(Vehicles3↦0.0),(Vehicles4↦0.5030288547277451),(Vehicles5↦0.0)}",
        "VehiclesX": "{(EgoVehicle↦198.03526401519775),(Vehicles2↦24.96396154165268),(Vehicles3↦51.11965537071228),(Vehicles4↦68.62652897834778),(Vehicles5↦92.98990368843079)}"
      },
      "probabilisticVariables": null,
      "activating": [
        "SLOWER_4"
      ],
      "activatingOnlyWhenExecuted": true,
      "updating": null,
      "withPredicate": null
    },
    {
      "id": "SLOWER_4",
      "execute": "SLOWER",
      "after": "1000",
      "priority": 0,
      "additionalGuards": null,
      "activationKind": null,
      "fixedVariables": {
        "Crash": "FALSE",
        "VehiclesAy": "{(EgoVehicle↦0.0),(Vehicles2↦0.4658354027196765),(Vehicles3↦0.0),(Vehicles4↦-0.4627781827002764),(Vehicles5↦0.0)}",
        "Reward": "0.7336378211014029",
        "VehiclesAx": "{(EgoVehicle↦-0.07529020309448242),(Vehicles2↦-0.027613788843154907),(Vehicles3↦-0.21557137370109558),(Vehicles4↦0.9542766213417053),(Vehicles5↦0.034246742725372314)}",
        "VehiclesVx": "{(EgoVehicle↦20.011417865753174),(Vehicles2↦-0.44184163212776184),(Vehicles3↦1.6028033196926117),(Vehicles4↦-1.9142752885818481),(Vehicles5↦-3.1245076656341553)}",
        "VehiclesY": "{(EgoVehicle↦8.000000238418579),(Vehicles2↦-7.988650560379028),(Vehicles3↦0.0),(Vehicles4↦-4.01430881023407),(Vehicles5↦-8.000000238418579)}",
        "VehiclesVy": "{(EgoVehicle↦0.0),(Vehicles2↦-0.03262017387896776),(Vehicles3↦0.0),(Vehicles4↦0.04025067202746868),(Vehicles5↦0.0)}",
        "VehiclesX": "{(EgoVehicle↦200.0),(Vehicles2↦24.55887347459793),(Vehicles3↦52.85903811454773),(Vehicles4↦66.17591381072998),(Vehicles5↦89.80700373649597)}"
      },
      "probabilisticVariables": null,
      "activating": [
        "SLOWER_5"
      ],
      "activatingOnlyWhenExecuted": true,
      "updating": null,
      "withPredicate": null
    },
    {
      "id": "SLOWER_5",
      "execute": "SLOWER",
      "after": "1000",
      "priority": 0,
      "additionalGuards": null,
      "activationKind": null,
      "fixedVariables": {
        "Crash": "FALSE",
        "VehiclesAy": "{(EgoVehicle↦0.0),(Vehicles2↦0.03048321566893719),(Vehicles3↦0.0),(Vehicles4↦-0.03727712843101472),(Vehicles5↦0.0)}",
        "Reward": "0.7333734304879762",
        "VehiclesAx": "{(EgoVehicle↦-0.009913444519042969),(Vehicles2↦-0.12443229556083679),(Vehicles3↦-0.1858203113079071),(Vehicles4↦0.6414839625358582),(Vehicles5↦0.34772276878356934)}",
        "VehiclesVx": "{(EgoVehicle↦20.00150442123413),(Vehicles2↦-0.5662739276885986),(Vehicles3↦1.4169830083847046),(Vehicles4↦-1.27279132604599),(Vehicles5↦-2.776784896850586)}",
        "VehiclesY": "{(EgoVehicle↦8.000000238418579),(Vehicles2↦-7.99925422668457),(Vehicles3↦0.0),(Vehicles4↦-4.001045823097229),(Vehicles5↦-8.000000238418579)}",
        "VehiclesVy": "{(EgoVehicle↦0.0),(Vehicles2↦-0.0021369582100305706),(Vehicles3↦0.0),(Vehicles4↦0.0029735435964539647),(Vehicles5↦0.0)}",
        "VehiclesX": "{(EgoVehicle↦200.0),(Vehicles2↦24.067749083042145),(Vehicles3↦54.38241362571716),(Vehicles4↦64.53645825386047),(Vehicles5↦86.80722117424011)}"
      },
      "probabilisticVariables": null,
      "activating": [
        "SLOWER_6"
      ],
      "activatingOnlyWhenExecuted": true,
      "updating": null,
      "withPredicate": null
    },
    {
      "id": "SLOWER_6",
      "execute": "SLOWER",
      "after": "1000",
      "priority": 0,
      "additionalGuards": null,
      "activationKind": null,
      "fixedVariables": {
        "Crash": "FALSE",
        "VehiclesAy": "{(EgoVehicle↦0.0),(Vehicles2↦0.001995015472857631),(Vehicles3↦0.0),(Vehicles4↦-0.0027661419881042093),(Vehicles5↦0.0)}",
        "Reward": "0.7333386136170722",
        "VehiclesAx": "{(EgoVehicle↦-0.0013065338134765625),(Vehicles2↦-0.10405153036117554),(Vehicles3↦-0.14423847198486328),(Vehicles4↦0.4539058357477188),(Vehicles5↦0.44797852635383606)}",
        "VehiclesVx": "{(EgoVehicle↦20.000197887420654),(Vehicles2↦-0.6703254580497742),(Vehicles3↦1.2727445363998413),(Vehicles4↦-0.8188854902982712),(Vehicles5↦-2.32880637049675)}",
        "VehiclesY": "{(EgoVehicle↦8.000000238418579),(Vehicles2↦-7.999950170516968),(Vehicles3↦0.0),(Vehicles4↦-4.000072360038757),(Vehicles5↦-8.000000238418579)}",
        "VehiclesVy": "{(EgoVehicle↦0.0),(Vehicles2↦-0.00014194273717293981),(Vehicles3↦0.0),(Vehicles4↦0.0002074016083497554),(Vehicles5↦0.0)}",
        "VehiclesX": "{(EgoVehicle↦200.0),(Vehicles2↦23.4568253159523),(Vehicles3↦55.739957094192505),(Vehicles4↦63.45745325088501),(Vehicles5↦84.20681357383728)}"
      },
      "probabilisticVariables": null,
      "activating": [
        "SLOWER_7"
      ],
      "activatingOnlyWhenExecuted": true,
      "updating": null,
      "withPredicate": null
    },
    {
      "id": "SLOWER_7",
      "execute": "SLOWER",
      "after": "1000",
      "priority": 0,
      "additionalGuards": null,
      "activationKind": null,
      "fixedVariables": {
        "Crash": "FALSE",
        "VehiclesAy": "{(EgoVehicle↦0.0),(Vehicles2↦0.00013242324200746225),(Vehicles3↦0.0),(Vehicles4↦-0.00019352600247657392),(Vehicles5↦0.0)}",
        "Reward": "0.73333402867934",
        "VehiclesAx": "{(EgoVehicle↦-0.000171661376953125),(Vehicles2↦-0.06243579089641571),(Vehicles3↦-0.13372190296649933),(Vehicles4↦0.3267039731144905),(Vehicles5↦0.4468940198421478)}",
        "VehiclesVx": "{(EgoVehicle↦20.0000262260437),(Vehicles2↦-0.7327612489461899),(Vehicles3↦1.139022633433342),(Vehicles4↦-0.49218151718378067),(Vehicles5↦-1.881912350654602)}",
        "VehiclesY": "{(EgoVehicle↦8.000000238418579),(Vehicles2↦-7.999996662139893),(Vehicles3↦0.0),(Vehicles4↦-4.000004768371582),(Vehicles5↦-8.000000238418579)}",
        "VehiclesVy": "{(EgoVehicle↦0.0),(Vehicles2↦-9.519495165477565E-06),(Vehicles3↦0.0),(Vehicles4↦1.3875605873181485E-05),(Vehicles5↦0.0)}",
        "VehiclesX": "{(EgoVehicle↦200.0),(Vehicles2↦22.75809496641159),(Vehicles3↦56.95904493331909),(Vehicles4↦62.77756690979004),(Vehicles5↦82.0591688156128)}"
      },
      "probabilisticVariables": null,
      "activating": [
        "SLOWER_8"
      ],
      "activatingOnlyWhenExecuted": true,
      "updating": null,
      "withPredicate": null
    },
    {
      "id": "SLOWER_8",
      "execute": "SLOWER",
      "after": "1000",
      "priority": 0,
      "additionalGuards": null,
      "activationKind": null,
      "fixedVariables": {
        "Crash": "FALSE",
        "VehiclesAy": "{(EgoVehicle↦0.0),(Vehicles2↦8.877891772840485E-06),(Vehicles3↦0.0),(Vehicles4↦-1.2975268290915665E-05),(Vehicles5↦0.0)}",
        "Reward": "0.7333334249015317",
        "VehiclesAx": "{(EgoVehicle↦-2.384185791015625E-05),(Vehicles2↦-0.022294968366622925),(Vehicles3↦-0.13415925204753876),(Vehicles4↦0.2401411160826683),(Vehicles5↦0.4028157889842987)}",
        "VehiclesVx": "{(EgoVehicle↦20.00000238418579),(Vehicles2↦-0.7550562173128128),(Vehicles3↦1.0048633813858032),(Vehicles4↦-0.25204040110111237),(Vehicles5↦-1.4790965616703033)}",
        "VehiclesY": "{(EgoVehicle↦8.000000238418579),(Vehicles2↦-7.999999523162842),(Vehicles3↦0.0),(Vehicles4↦-4.000000476837158),(Vehicles5↦-8.000000238418579)}",
        "VehiclesVy": "{(EgoVehicle↦0.0),(Vehicles2↦-6.416033926370801E-07),(Vehicles3↦0.0),(Vehicles4↦9.003375822658199E-07),(Vehicles5↦0.0)}",
        "VehiclesX": "{(EgoVehicle↦200.0),(Vehicles2↦22.013480961322784),(Vehicles3↦58.04452300071716),(Vehicles4↦62.38711476325989),(Vehicles5↦80.34273982048035)}"
      },
      "probabilisticVariables": null,
      "activating": [
        "SLOWER_9"
      ],
      "activatingOnlyWhenExecuted": true,
      "updating": null,
      "withPredicate": null
    },
    {
      "id": "SLOWER_9",
      "execute": "SLOWER",
      "after": "1000",
      "priority": 0,
      "additionalGuards": null,
      "activationKind": null,
      "fixedVariables": {
        "Crash": "FALSE",
        "VehiclesAy": "{(EgoVehicle↦0.0),(Vehicles2↦5.983192075120769E-07),(Vehicles3↦0.0),(Vehicles4↦-8.432427200943948E-07),(Vehicles5↦0.0)}",
        "Reward": "0.7333333453916969",
        "VehiclesAx": "{(EgoVehicle↦-2.384185791015625E-06),(Vehicles2↦0.009930282831192017),(Vehicles3↦-0.1343034952878952),(Vehicles4↦0.18059395253658295),(Vehicles5↦0.34532569348812103)}",
        "VehiclesVx": "{(EgoVehicle↦20.0),(Vehicles2↦-0.7451259344816208),(Vehicles3↦0.870559886097908),(Vehicles4↦-0.07144644856452942),(Vehicles5↦-1.1337708681821823)}",
        "VehiclesY": "{(EgoVehicle↦8.000000238418579),(Vehicles2↦-8.000000238418579),(Vehicles3↦0.0),(Vehicles4↦-4.0000001192092896),(Vehicles5↦-8.000000238418579)}",
        "VehiclesVy": "{(EgoVehicle↦0.0),(Vehicles2↦-4.3284185125003205E-08),(Vehicles3↦0.0),(Vehicles4↦5.709486217142512E-08),(Vehicles5↦0.0)}",
        "VehiclesX": "{(EgoVehicle↦200.0),(Vehicles2↦21.260181069374084),(Vehicles3↦58.99553298950195),(Vehicles4↦62.21126914024353),(Vehicles5↦79.00646924972534)}"
      },
      "probabilisticVariables": null,
      "activating": [
        "SLOWER_10"
      ],
      "activatingOnlyWhenExecuted": true,
      "updating": null,
      "withPredicate": null
    },
    {
      "id": "SLOWER_10",
      "execute": "SLOWER",
      "after": "1000",
      "priority": 0,
      "additionalGuards": null,
      "activationKind": null,
      "fixedVariables": {
        "Crash": "FALSE",
        "VehiclesAy": "{(EgoVehicle↦0.0),(Vehicles2↦4.0370276011003625E-08),(Vehicles3↦0.0),(Vehicles4↦-5.353721022061109E-08),(Vehicles5↦0.0)}",
        "Reward": "0.733333334921266",
        "VehiclesAx": "{(EgoVehicle↦0.0),(Vehicles2↦0.03330625593662262),(Vehicles3↦-0.13050295412540436),(Vehicles4↦0.13839104678481817),(Vehicles5↦0.288693830370903)}",
        "VehiclesVx": "{(EgoVehicle↦20.0),(Vehicles2↦-0.7118196785449982),(Vehicles3↦0.7400569319725037),(Vehicles4↦0.06694459822028875),(Vehicles5↦-0.8450770378112793)}",
        "VehiclesY": "{(EgoVehicle↦8.000000238418579),(Vehicles2↦-8.000000238418579),(Vehicles3↦0.0),(Vehicles4↦-4.0000001192092896),(Vehicles5↦-8.000000238418579)}",
        "VehiclesVy": "{(EgoVehicle↦0.0),(Vehicles2↦-2.91390911399958E-09),(Vehicles3↦0.0),(Vehicles4↦3.5576519508140336E-09),(Vehicles5↦0.0)}",
        "VehiclesX": "{(EgoVehicle↦200.0),(Vehicles2↦20.526839792728424),(Vehicles3↦59.81342792510986),(Vehicles4↦62.198036909103394),(Vehicles5↦77.99248099327087)}"
      },
      "probabilisticVariables": null,
      "activating": [
        "SLOWER_11"
      ],
      "activatingOnlyWhenExecuted": true,
      "updating": null,
      "withPredicate": null
    },
    {
      "id": "SLOWER_11",
      "execute": "SLOWER",
      "after": "1000",
      "priority": 0,
      "additionalGuards": null,
      "activationKind": null,
      "fixedVariables": {
        "Crash": "FALSE",
        "VehiclesAy": "{(EgoVehicle↦0.0),(Vehicles2↦2.7185809159391283E-09),(Vehicles3↦0.0),(Vehicles4↦-3.3389646603154688E-09),(Vehicles5↦0.0)}",
        "Reward": "0.7333333335424438",
        "VehiclesAx": "{(EgoVehicle↦0.0),(Vehicles2↦0.04896804690361023),(Vehicles3↦-0.12309364974498749),(Vehicles4↦0.10741396341472864),(Vehicles5↦0.238901786506176)}",
        "VehiclesVx": "{(EgoVehicle↦20.0),(Vehicles2↦-0.6628516316413879),(Vehicles3↦0.6169632822275162),(Vehicles4↦0.1743585616350174),(Vehicles5↦-0.6061752513051033)}",
        "VehiclesY": "{(EgoVehicle↦8.000000238418579),(Vehicles2↦-8.000000238418579),(Vehicles3↦0.0),(Vehicles4↦-4.0000001192092896),(Vehicles5↦-8.000000238418579)}",
        "VehiclesVy": "{(EgoVehicle↦0.0),(Vehicles2↦-1.9532819806045154E-10),(Vehicles3↦0.0),(Vehicles4↦2.1868729049856483E-10),(Vehicles5↦0.0)}",
        "VehiclesX": "{(EgoVehicle↦200.0),(Vehicles2↦19.8336198925972),(Vehicles3↦60.50354838371277),(Vehicles4↦62.31008172035217),(Vehicles5↦77.24661231040955)}"
      },
      "probabilisticVariables": null,
      "activating": [
        "FASTER_12"
      ],
      "activatingOnlyWhenExecuted": true,
      "updating": null,
      "withPredicate": null
    },
    {
      "id": "FASTER_12",
      "execute": "FASTER",
      "after": "1000",
      "priority": 0,
      "additionalGuards": null,
      "activationKind": null,
      "fixedVariables": {
        "Crash": "FALSE",
        "VehiclesAy": "{(EgoVehicle↦0.0),(Vehicles2↦1.823075024276477E-10),(Vehicles3↦0.0),(Vehicles4↦-2.0538237777145696E-10),(Vehicles5↦0.0)}",
        "Reward": "0.8491083676544234",
        "VehiclesAx": "{(EgoVehicle↦4.341564178466797),(Vehicles2↦-4.282921254634857),(Vehicles3↦-4.455283358693123),(Vehicles4↦-4.257513955235481),(Vehicles5↦-4.1439686343073845)}",
        "VehiclesVx": "{(EgoVehicle↦24.341564178466797),(Vehicles2↦-4.945772886276245),(Vehicles3↦-3.8383200764656067),(Vehicles4↦-4.083155393600464),(Vehicles5↦-4.750143885612488)}",
        "VehiclesY": "{(EgoVehicle↦8.000000238418579),(Vehicles2↦-8.000000238418579),(Vehicles3↦0.0),(Vehicles4↦-4.0000001192092896),(Vehicles5↦-8.000000238418579)}",
        "VehiclesVy": "{(EgoVehicle↦0.0),(Vehicles2↦-1.3020695632803836E-11),(Vehicles3↦0.0),(Vehicles4↦1.3304912727107876E-11),(Vehicles5↦0.0)}",
        "VehiclesX": "{(EgoVehicle↦200.0),(Vehicles2↦16.798585653305054),(Vehicles3↦58.67917537689209),(Vehicles4↦60.12462377548218),(Vehicles5↦74.32737946510315)}"
      },
      "probabilisticVariables": null,
      "activating": [
        "SLOWER_13"
      ],
      "activatingOnlyWhenExecuted": true,
      "updating": null,
      "withPredicate": null
    },
    {
      "id": "SLOWER_13",
      "execute": "SLOWER",
      "after": "1000",
      "priority": 0,
      "additionalGuards": null,
      "activationKind": null,
      "fixedVariables": {
        "Crash": "FALSE",
        "VehiclesAy": "{(EgoVehicle↦0.0),(Vehicles2↦1.2150280781497713E-11),(Vehicles3↦0.0),(Vehicles4↦-1.248778858098376E-11),(Vehicles5↦0.0)}",
        "Reward": "0.7485794283879624",
        "VehiclesAx": "{(EgoVehicle↦-3.76983642578125),(Vehicles2↦3.8338275253772736),(Vehicles3↦3.665940947830677),(Vehicles4↦3.835981134325266),(Vehicles5↦3.9342038333415985)}",
        "VehiclesVx": "{(EgoVehicle↦20.571727752685547),(Vehicles2↦-1.1119453608989716),(Vehicles3↦-0.17237912863492966),(Vehicles4↦-0.24717425927519798),(Vehicles5↦-0.8159400522708893)}",
        "VehiclesY": "{(EgoVehicle↦8.000000238418579),(Vehicles2↦-8.000000238418579),(Vehicles3↦0.0),(Vehicles4↦-4.0000001192092896),(Vehicles5↦-8.000000238418579)}",
        "VehiclesVy": "{(EgoVehicle↦0.0),(Vehicles2↦-8.704148513061227E-13),(Vehicles3↦0.0),(Vehicles4↦8.171241461241152E-13),(Vehicles5↦0.0)}",
        "VehiclesX": "{(EgoVehicle↦200.0),(Vehicles2↦13.957780599594116),(Vehicles3↦56.8781852722168),(Vehicles4↦58.14884305000305),(Vehicles5↦71.7250108718872)}"
      },
      "probabilisticVariables": null,
      "activating": [
        "SLOWER_14"
      ],
      "activatingOnlyWhenExecuted": true,
      "updating": null,
      "withPredicate": null
    },
    {
      "id": "SLOWER_14",
      "execute": "SLOWER",
      "after": "1000",
      "priority": 0,
      "additionalGuards": null,
      "activationKind": null,
      "fixedVariables": {
        "Crash": "FALSE",
        "VehiclesAy": "{(EgoVehicle↦0.0),(Vehicles2↦8.171241461241152E-13),(Vehicles3↦0.0),(Vehicles4↦-7.815970093361102E-13),(Vehicles5↦0.0)}",
        "Reward": "0.7353410495545191",
        "VehiclesAx": "{(EgoVehicle↦-0.49643754959106445),(Vehicles2↦0.562812089920044),(Vehicles3↦0.40192047134041786),(Vehicles4↦0.5487535707652569),(Vehicles5↦0.6344670616090298)}",
        "VehiclesVx": "{(EgoVehicle↦20.075290203094482),(Vehicles2↦-0.5491332709789276),(Vehicles3↦0.2295413427054882),(Vehicles4↦0.3015793114900589),(Vehicles5↦-0.1814729906618595)}",
        "VehiclesY": "{(EgoVehicle↦8.000000238418579),(Vehicles2↦-8.000000238418579),(Vehicles3↦0.0),(Vehicles4↦-4.0000001192092896),(Vehicles5↦-8.000000238418579)}",
        "VehiclesVy": "{(EgoVehicle↦0.0),(Vehicles2↦-5.3290705182007514E-14),(Vehicles3↦0.0),(Vehicles4↦3.552713678800501E-14),(Vehicles5↦0.0)}",
        "VehiclesX": "{(EgoVehicle↦200.0),(Vehicles2↦13.1461501121521),(Vehicles3↦56.941139698028564),(Vehicles4↦58.19743275642395),(Vehicles5↦71.24001383781433)}"
      },
      "probabilisticVariables": null,
      "activating": [
        "LANE_RIGHT_15"
      ],
      "activatingOnlyWhenExecuted": true,
      "updating": null,
      "withPredicate": null
    },
    {
      "id": "LANE_RIGHT_15",
      "execute": "LANE_RIGHT",
      "after": "1000",
      "priority": 0,
      "additionalGuards": null,
      "activationKind": null,
      "fixedVariables": {
        "Crash": "FALSE",
        "VehiclesAy": "{(EgoVehicle↦0.0),(Vehicles2↦3.552713678800501E-14),(Vehicles3↦0.0),(Vehicles4↦-3.552713678800501E-14),(Vehicles5↦0.0)}",
        "Reward": "0.7335977239468229",
        "VehiclesAx": "{(EgoVehicle↦-0.06537437438964844),(Vehicles2↦0.1321684569120407),(Vehicles3↦-0.02054663375020027),(Vehicles4↦0.10694582015275955),(Vehicles5↦0.18260381548316218)}",
        "VehiclesVx": "{(EgoVehicle↦20.009915828704834),(Vehicles2↦-0.4169648140668869),(Vehicles3↦0.20899470895528793),(Vehicles4↦0.40852513164281845),(Vehicles5↦0.0011308248213026673)}",
        "VehiclesY": "{(EgoVehicle↦8.000000238418579),(Vehicles2↦-8.000000238418579),(Vehicles3↦0.0),(Vehicles4↦-4.0000001192092896),(Vehicles5↦-8.000000238418579)}",
        "VehiclesVy": "{(EgoVehicle↦0.0),(Vehicles2↦-1.7763568394002505E-14),(Vehicles3↦0.0),(Vehicles4↦0.0),(Vehicles5↦0.0)}",
        "VehiclesX": "{(EgoVehicle↦200.0),(Vehicles2↦12.659823894500732),(Vehicles3↦57.17172026634216),(Vehicles4↦58.55246186256409),(Vehicles5↦71.14297151565552)}"
      },
      "probabilisticVariables": null,
      "activating": [
        "FASTER_16"
      ],
      "activatingOnlyWhenExecuted": true,
      "updating": null,
      "withPredicate": null
    },
    {
      "id": "FASTER_16",
      "execute": "FASTER",
      "after": "1000",
      "priority": 0,
      "additionalGuards": null,
      "activationKind": null,
      "fixedVariables": {
        "Crash": "FALSE",
        "VehiclesAy": "{(EgoVehicle↦0.0),(Vehicles2↦1.7763568394002505E-14),(Vehicles3↦0.0),(Vehicles4↦0.0),(Vehicles5↦0.0)}",
        "Reward": "0.8491431844977985",
        "VehiclesAx": "{(EgoVehicle↦4.332952499389648),(Vehicles2↦-4.266989305615425),(Vehicles3↦-4.411029480397701),(Vehicles4↦-4.299785755574703),(Vehicles5↦-4.23219991280348)}",
        "VehiclesVx": "{(EgoVehicle↦24.342868328094482),(Vehicles2↦-4.683954119682312),(Vehicles3↦-4.202034771442413),(Vehicles4↦-3.8912606239318848),(Vehicles5↦-4.231069087982178)}",
        "VehiclesY": "{(EgoVehicle↦8.000000238418579),(Vehicles2↦-8.000000238418579),(Vehicles3↦0.0),(Vehicles4↦-4.0000001192092896),(Vehicles5↦-8.000000238418579)}",
        "VehiclesVy": "{(EgoVehicle↦0.0),(Vehicles2↦0.0),(Vehicles3↦0.0),(Vehicles4↦0.0),(Vehicles5↦0.0)}",
        "VehiclesX": "{(EgoVehicle↦200.0),(Vehicles2↦9.879034757614136),(Vehicles3↦54.958575963974),(Vehicles4↦56.58453106880188),(Vehicles5↦68.79526376724243)}"
      },
      "probabilisticVariables": null,
      "activating": [
        "SLOWER_17"
      ],
      "activatingOnlyWhenExecuted": true,
      "updating": null,
      "withPredicate": null
    },
    {
      "id": "SLOWER_17",
      "execute": "SLOWER",
      "after": "1000",
      "priority": 0,
      "additionalGuards": null,
      "activationKind": null,
      "fixedVariables": {
        "Crash": "FALSE",
        "VehiclesAy": "{(EgoVehicle↦0.0),(Vehicles2↦0.0),(Vehicles3↦0.0),(Vehicles4↦0.0),(Vehicles5↦0.0)}",
        "Reward": "0.7485840133220695",
        "VehiclesAx": "{(EgoVehicle↦-3.7709689140319824),(Vehicles2↦3.8353386521339417),(Vehicles3↦3.70016623288393),(Vehicles4↦3.797497320920229),(Vehicles5↦3.858572654426098)}",
        "VehiclesVx": "{(EgoVehicle↦20.5718994140625),(Vehicles2↦-0.8486154675483704),(Vehicles3↦-0.5018685385584831),(Vehicles4↦-0.09376330301165581),(Vehicles5↦-0.37249643355607986)}",
        "VehiclesY": "{(EgoVehicle↦8.000000238418579),(Vehicles2↦-8.000000238418579),(Vehicles3↦0.0),(Vehicles4↦-4.0000001192092896),(Vehicles5↦-8.000000238418579)}",
        "VehiclesVy": "{(EgoVehicle↦0.0),(Vehicles2↦0.0),(Vehicles3↦0.0),(Vehicles4↦0.0),(Vehicles5↦0.0)}",
        "VehiclesX": "{(EgoVehicle↦200.0),(Vehicles2↦7.301265746355057),(Vehicles3↦52.807945013046265),(Vehicles4↦54.78464365005493),(Vehicles5↦66.68046116828918)}"
      },
      "probabilisticVariables": null,
      "activating": [
        "LANE_RIGHT_18"
      ],
      "activatingOnlyWhenExecuted": true,
      "updating": null,
      "withPredicate": null
    },
    {
      "id": "LANE_RIGHT_18",
      "execute": "LANE_RIGHT",
      "after": "1000",
      "priority": 0,
      "additionalGuards": null,
      "activationKind": null,
      "fixedVariables": {
        "Crash": "FALSE",
        "VehiclesAy": "{(EgoVehicle↦0.0),(Vehicles2↦0.0),(Vehicles3↦0.0),(Vehicles4↦0.0),(Vehicles5↦0.0)}",
        "Reward": "0.73534165333185",
        "VehiclesAx": "{(EgoVehicle↦-0.49658775329589844),(Vehicles2↦0.5589125864207745),(Vehicles3↦0.4326720256358385),(Vehicles4↦0.5177884362637997),(Vehicles5↦0.5735825188457966)}",
        "VehiclesVx": "{(EgoVehicle↦20.0753116607666),(Vehicles2↦-0.2897028811275959),(Vehicles3↦-0.06919651292264462),(Vehicles4↦0.42402513325214386),(Vehicles5↦0.20108608528971672)}",
        "VehiclesY": "{(EgoVehicle↦8.000000238418579),(Vehicles2↦-8.000000238418579),(Vehicles3↦0.0),(Vehicles4↦-4.0000001192092896),(Vehicles5↦-8.000000238418579)}",
        "VehiclesVy": "{(EgoVehicle↦0.0),(Vehicles2↦0.0),(Vehicles3↦0.0),(Vehicles4↦0.0),(Vehicles5↦0.0)}",
        "VehiclesX": "{(EgoVehicle↦200.0),(Vehicles2↦6.751703470945358),(Vehicles3↦52.55391597747803),(Vehicles4↦54.97369170188904),(Vehicles5↦66.61347150802612)}"
      },
      "probabilisticVariables": null,
      "activating": [
        "LANE_RIGHT_19"
      ],
      "activatingOnlyWhenExecuted": true,
      "updating": null,
      "withPredicate": null
    },
    {
      "id": "LANE_RIGHT_19",
      "execute": "LANE_RIGHT",
      "after": "1000",
      "priority": 0,
      "additionalGuards": null,
      "activationKind": null,
      "fixedVariables": {
        "Crash": "FALSE",
        "VehiclesAy": "{(EgoVehicle↦0.0),(Vehicles2↦0.0),(Vehicles3↦0.0),(Vehicles4↦0.0),(Vehicles5↦0.0)}",
        "Reward": "0.7335978034565948",
        "VehiclesAx": "{(EgoVehicle↦-0.06539344787597656),(Vehicles2↦0.12542972341179848),(Vehicles3↦0.00811764970421791),(Vehicles4↦0.08223768323659897),(Vehicles5↦0.13372527435421944)}",
        "VehiclesVx": "{(EgoVehicle↦20.009918212890625),(Vehicles2↦-0.16427315771579742),(Vehicles3↦-0.061078863218426704),(Vehicles4↦0.5062628164887428),(Vehicles5↦0.33481135964393616)}",
        "VehiclesY": "{(EgoVehicle↦8.000000238418579),(Vehicles2↦-8.000000238418579),(Vehicles3↦0.0),(Vehicles4↦-4.0000001192092896),(Vehicles5↦-8.000000238418579)}",
        "VehiclesVy": "{(EgoVehicle↦0.0),(Vehicles2↦0.0),(Vehicles3↦0.0),(Vehicles4↦0.0),(Vehicles5↦0.0)}",
        "VehiclesX": "{(EgoVehicle↦200.0),(Vehicles2↦6.522279232740402),(Vehicles3↦52.49735713005066),(Vehicles4↦55.44084906578064),(Vehicles5↦66.87859296798706)}"
      },
      "probabilisticVariables": null,
      "activating": [
        "LANE_RIGHT_20"
      ],
      "activatingOnlyWhenExecuted": true,
      "updating": null,
      "withPredicate": null
    },
    {
      "id": "LANE_RIGHT_20",
      "execute": "LANE_RIGHT",
      "after": "1000",
      "priority": 0,
      "additionalGuards": null,
      "activationKind": null,
      "fixedVariables": {
        "Crash": "FALSE",
        "VehiclesAy": "{(EgoVehicle↦0.0),(Vehicles2↦0.0),(Vehicles3↦0.0),(Vehicles4↦0.0),(Vehicles5↦0.0)}",
        "Reward": "0.7333681606746681",
        "VehiclesAx": "{(EgoVehicle↦-0.008611679077148438),(Vehicles2↦0.06624750792980194),(Vehicles3↦-0.04219910129904747),(Vehicles4↦0.021816417574882507),(Vehicles5↦0.06978034973144531)}",
        "VehiclesVx": "{(EgoVehicle↦20.001306533813477),(Vehicles2↦-0.09802564978599548),(Vehicles3↦-0.10327796451747417),(Vehicles4↦0.5280792340636253),(Vehicles5↦0.40459170937538147)}",
        "VehiclesY": "{(EgoVehicle↦8.000000238418579),(Vehicles2↦-8.000000238418579),(Vehicles3↦0.0),(Vehicles4↦-4.0000001192092896),(Vehicles5↦-8.000000238418579)}",
        "VehiclesVy": "{(EgoVehicle↦0.0),(Vehicles2↦0.0),(Vehicles3↦0.0),(Vehicles4↦0.0),(Vehicles5↦0.0)}",
        "VehiclesX": "{(EgoVehicle↦200.0),(Vehicles2↦6.386005133390427),(Vehicles3↦52.42019295692444),(Vehicles4↦55.95741271972656),(Vehicles5↦67.2431468963623)}"
      },
      "probabilisticVariables": null,
      "activating": [
        "LANE_RIGHT_21"
      ],
      "activatingOnlyWhenExecuted": true,
      "updating": null,
      "withPredicate": null
    },
    {
      "id": "LANE_RIGHT_21",
      "execute": "LANE_RIGHT",
      "after": "1000",
      "priority": 0,
      "additionalGuards": null,
      "activationKind": null,
      "fixedVariables": {
        "Crash": "FALSE",
        "VehiclesAy": "{(EgoVehicle↦0.0),(Vehicles2↦0.0),(Vehicles3↦0.0),(Vehicles4↦0.0),(Vehicles5↦0.0)}",
        "Reward": "0.7333379196498878",
        "VehiclesAx": "{(EgoVehicle↦-0.0011348724365234375),(Vehicles2↦0.05634409375488758),(Vehicles3↦-0.043368441984057426),(Vehicles4↦0.01123376190662384),(Vehicles5↦0.0563092902302742)}",
        "VehiclesVx": "{(EgoVehicle↦20.000171661376953),(Vehicles2↦-0.0416815560311079),(Vehicles3↦-0.1466464065015316),(Vehicles4↦0.5393129959702492),(Vehicles5↦0.46090099960565567)}",
        "VehiclesY": "{(EgoVehicle↦8.000000238418579),(Vehicles2↦-8.000000238418579),(Vehicles3↦0.0),(Vehicles4↦-4.0000001192092896),(Vehicles5↦-8.000000238418579)}",
        "VehiclesVy": "{(EgoVehicle↦0.0),(Vehicles2↦0.0),(Vehicles3↦0.0),(Vehicles4↦0.0),(Vehicles5↦0.0)}",
        "VehiclesX": "{(EgoVehicle↦200.0),(Vehicles2↦6.310882419347763),(Vehicles3↦52.299243211746216),(Vehicles4↦56.49038553237915),(Vehicles5↦67.67087578773499)}"
      },
      "probabilisticVariables": null,
      "activating": [
        "LANE_RIGHT_22"
      ],
      "activatingOnlyWhenExecuted": true,
      "updating": null,
      "withPredicate": null
    },
    {
      "id": "LANE_RIGHT_22",
      "execute": "LANE_RIGHT",
      "after": "1000",
      "priority": 0,
      "additionalGuards": null,
      "activationKind": null,
      "fixedVariables": {
        "Crash": "FALSE",
        "VehiclesAy": "{(EgoVehicle↦0.0),(Vehicles2↦0.0),(Vehicles3↦0.0),(Vehicles4↦0.0),(Vehicles5↦0.0)}",
        "Reward": "0.733333937292715",
        "VehiclesAx": "{(EgoVehicle↦-0.00015020370483398438),(Vehicles2↦0.05296035669744015),(Vehicles3↦-0.03822561353445053),(Vehicles4↦0.007545314729213715),(Vehicles5↦0.05025140941143036)}",
        "VehiclesVx": "{(EgoVehicle↦20.00002145767212),(Vehicles2↦0.011278800666332245),(Vehicles3↦-0.18487202003598213),(Vehicles4↦0.5468583106994629),(Vehicles5↦0.511152409017086)}",
        "VehiclesY": "{(EgoVehicle↦8.000000238418579),(Vehicles2↦-8.000000238418579),(Vehicles3↦0.0),(Vehicles4↦-4.0000001192092896),(Vehicles5↦-8.000000238418579)}",
        "VehiclesVy": "{(EgoVehicle↦0.0),(Vehicles2↦0.0),(Vehicles3↦0.0),(Vehicles4↦0.0),(Vehicles5↦0.0)}",
        "VehiclesX": "{(EgoVehicle↦200.0),(Vehicles2↦6.290597468614578),(Vehicles3↦52.136850357055664),(Vehicles4↦57.03294277191162),(Vehicles5↦68.15227270126343)}"
      },
      "probabilisticVariables": null,
      "activating": [
        "LANE_RIGHT_23"
      ],
      "activatingOnlyWhenExecuted": true,
      "updating": null,
      "withPredicate": null
    },
    {
      "id": "LANE_RIGHT_23",
      "execute": "LANE_RIGHT",
      "after": "1000",
      "priority": 0,
      "additionalGuards": null,
      "activationKind": null,
      "fixedVariables": {
        "Crash": "FALSE",
        "VehiclesAy": "{(EgoVehicle↦0.0),(Vehicles2↦0.0),(Vehicles3↦0.0),(Vehicles4↦0.0),(Vehicles5↦0.0)}",
        "Reward": "0.7333334128670791",
        "VehiclesAx": "{(EgoVehicle↦-1.9073486328125E-05),(Vehicles2↦0.05049159750342369),(Vehicles3↦-0.032451823353767395),(Vehicles4↦0.005020350217819214),(Vehicles5↦0.04578232765197754)}",
        "VehiclesVx": "{(EgoVehicle↦20.00000238418579),(Vehicles2↦0.061770398169755936),(Vehicles3↦-0.21732384338974953),(Vehicles4↦0.5518786609172821),(Vehicles5↦0.5569347366690636)}",
        "VehiclesY": "{(EgoVehicle↦8.000000238418579),(Vehicles2↦-8.000000238418579),(Vehicles3↦0.0),(Vehicles4↦-4.0000001192092896),(Vehicles5↦-8.000000238418579)}",
        "VehiclesVy": "{(EgoVehicle↦0.0),(Vehicles2↦0.0),(Vehicles3↦0.0),(Vehicles4↦0.0),(Vehicles5↦0.0)}",
        "VehiclesX": "{(EgoVehicle↦200.0),(Vehicles2↦6.322260200977325),(Vehicles3↦51.93853974342346),(Vehicles4↦57.58199095726013),(Vehicles5↦68.68206262588501)}"
      },
      "probabilisticVariables": null,
      "activating": [
        "LANE_RIGHT_24"
      ],
      "activatingOnlyWhenExecuted": true,
      "updating": null,
      "withPredicate": null
    },
    {
      "id": "LANE_RIGHT_24",
      "execute": "LANE_RIGHT",
      "after": "1000",
      "priority": 0,
      "additionalGuards": null,
      "activationKind": null,
      "fixedVariables": {
        "Crash": "FALSE",
        "VehiclesAy": "{(EgoVehicle↦0.0),(Vehicles2↦0.0),(Vehicles3↦0.0),(Vehicles4↦0.0),(Vehicles5↦0.0)}",
        "Reward": "0.7333333438069131",
        "VehiclesAx": "{(EgoVehicle↦-2.384185791015625E-06),(Vehicles2↦0.048215510323643684),(Vehicles3↦-0.02683917060494423),(Vehicles4↦0.002851933240890503),(Vehicles5↦0.04201821982860565)}",
        "VehiclesVx": "{(EgoVehicle↦20.0),(Vehicles2↦0.10998590849339962),(Vehicles3↦-0.24416301399469376),(Vehicles4↦0.5547305941581726),(Vehicles5↦0.5989529564976692)}",
        "VehiclesY": "{(EgoVehicle↦8.000000238418579),(Vehicles2↦-8.000000238418579),(Vehicles3↦0.0),(Vehicles4↦-4.0000001192092896),(Vehicles5↦-8.000000238418579)}",
        "VehiclesVy": "{(EgoVehicle↦0.0),(Vehicles2↦0.0),(Vehicles3↦0.0),(Vehicles4↦0.0),(Vehicles5↦0.0)}",
        "VehiclesX": "{(EgoVehicle↦200.0),(Vehicles2↦6.403494626283646),(Vehicles3↦51.710039377212524),(Vehicles4↦58.135175704956055),(Vehicles5↦69.25608515739441)}"
      },
      "probabilisticVariables": null,
      "activating": [
        "LANE_RIGHT_25"
      ],
      "activatingOnlyWhenExecuted": true,
      "updating": null,
      "withPredicate": null
    },
    {
      "id": "LANE_RIGHT_25",
      "execute": "LANE_RIGHT",
      "after": "1000",
      "priority": 0,
      "additionalGuards": null,
      "activationKind": null,
      "fixedVariables": {
        "Crash": "FALSE",
        "VehiclesAy": "{(EgoVehicle↦0.0),(Vehicles2↦0.0),(Vehicles3↦0.0),(Vehicles4↦0.0),(Vehicles5↦0.0)}",
        "Reward": "0.7333333347125702",
        "VehiclesAx": "{(EgoVehicle↦0.0),(Vehicles2↦0.046045975759625435),(Vehicles3↦-0.02153133973479271),(Vehicles4↦0.0008982792496681213),(Vehicles5↦0.0387529656291008)}",
        "VehiclesVx": "{(EgoVehicle↦20.0),(Vehicles2↦0.15603188425302505),(Vehicles3↦-0.26569435372948647),(Vehicles4↦0.5556288734078407),(Vehicles5↦0.63770592212677)}",
        "VehiclesY": "{(EgoVehicle↦8.000000238418579),(Vehicles2↦-8.000000238418579),(Vehicles3↦0.0),(Vehicles4↦-4.0000001192092896),(Vehicles5↦-8.000000238418579)}",
        "VehiclesVy": "{(EgoVehicle↦0.0),(Vehicles2↦0.0),(Vehicles3↦0.0),(Vehicles4↦0.0),(Vehicles5↦0.0)}",
        "VehiclesX": "{(EgoVehicle↦200.0),(Vehicles2↦6.5320685505867),(Vehicles3↦51.45685076713562),(Vehicles4↦58.69041681289673),(Vehicles5↦69.87078189849854)}"
      },
      "probabilisticVariables": null,
      "activating": [
        "LANE_RIGHT_26"
      ],
      "activatingOnlyWhenExecuted": true,
      "updating": null,
      "withPredicate": null
    },
    {
      "id": "LANE_RIGHT_26",
      "execute": "LANE_RIGHT",
      "after": "1000",
      "priority": 0,
      "additionalGuards": null,
      "activationKind": null,
      "fixedVariables": {
        "Crash": "FALSE",
        "VehiclesAy": "{(EgoVehicle↦0.0),(Vehicles2↦0.0),(Vehicles3↦0.0),(Vehicles4↦0.0),(Vehicles5↦0.0)}",
        "Reward": "0.7333333335149613",
        "VehiclesAx": "{(EgoVehicle↦0.0),(Vehicles2↦0.04397613927721977),(Vehicles3↦-0.016577932983636856),(Vehicles4↦-0.0008834153413772583),(Vehicles5↦0.035889893770217896)}",
        "VehiclesVx": "{(EgoVehicle↦20.0),(Vehicles2↦0.20000802353024483),(Vehicles3↦-0.2822722867131233),(Vehicles4↦0.5547454580664635),(Vehicles5↦0.6735958158969879)}",
        "VehiclesY": "{(EgoVehicle↦8.000000238418579),(Vehicles2↦-8.000000238418579),(Vehicles3↦0.0),(Vehicles4↦-4.0000001192092896),(Vehicles5↦-8.000000238418579)}",
        "VehiclesVy": "{(EgoVehicle↦0.0),(Vehicles2↦0.0),(Vehicles3↦0.0),(Vehicles4↦0.0),(Vehicles5↦0.0)}",
        "VehiclesX": "{(EgoVehicle↦200.0),(Vehicles2↦6.705852597951889),(Vehicles3↦51.18414759635925),(Vehicles4↦59.24582481384277),(Vehicles5↦70.52305936813354)}"
      },
      "probabilisticVariables": null,
      "activating": [
        "LANE_RIGHT_27"
      ],
      "activatingOnlyWhenExecuted": true,
      "updating": null,
      "withPredicate": null
    },
    {
      "id": "LANE_RIGHT_27",
      "execute": "LANE_RIGHT",
      "after": "1000",
      "priority": 0,
      "additionalGuards": null,
      "activationKind": null,
      "fixedVariables": {
        "Crash": "FALSE",
        "VehiclesAy": "{(EgoVehicle↦0.0),(Vehicles2↦0.0),(Vehicles3↦0.0),(Vehicles4↦0.0),(Vehicles5↦0.0)}",
        "Reward": "0.7333333333572515",
        "VehiclesAx": "{(EgoVehicle↦0.0),(Vehicles2↦0.04200657829642296),(Vehicles3↦-0.012005697935819626),(Vehicles4↦-0.0025150179862976074),(Vehicles5↦0.03336109220981598)}",
        "VehiclesVx": "{(EgoVehicle↦20.0),(Vehicles2↦0.24201460182666779),(Vehicles3↦-0.29427798464894295),(Vehicles4↦0.5522304400801659),(Vehicles5↦0.7069569081068039)}",
        "VehiclesY": "{(EgoVehicle↦8.000000238418579),(Vehicles2↦-8.000000238418579),(Vehicles3↦0.0),(Vehicles4↦-4.0000001192092896),(Vehicles5↦-8.000000238418579)}",
        "VehiclesVy": "{(EgoVehicle↦0.0),(Vehicles2↦0.0),(Vehicles3↦0.0),(Vehicles4↦0.0),(Vehicles5↦0.0)}",
        "VehiclesX": "{(EgoVehicle↦200.0),(Vehicles2↦6.92281648516655),(Vehicles3↦50.896722078323364),(Vehicles4↦59.799689054489136),(Vehicles5↦71.21018767356873)}"
      },
      "probabilisticVariables": null,
      "activating": [
        "LANE_RIGHT_28"
      ],
      "activatingOnlyWhenExecuted": true,
      "updating": null,
      "withPredicate": null
    },
    {
      "id": "LANE_RIGHT_28",
      "execute": "LANE_RIGHT",
      "after": "1000",
      "priority": 0,
      "additionalGuards": null,
      "activationKind": null,
      "fixedVariables": {
        "Crash": "FALSE",
        "VehiclesAy": "{(EgoVehicle↦0.0),(Vehicles2↦0.0),(Vehicles3↦0.0),(Vehicles4↦0.0),(Vehicles5↦0.0)}",
        "Reward": "0.733333333336483",
        "VehiclesAx": "{(EgoVehicle↦0.0),(Vehicles2↦0.04013692960143089),(Vehicles3↦-0.007827859371900558),(Vehicles4↦-0.004010200500488281),(Vehicles5↦0.0311143696308136)}",
        "VehiclesVx": "{(EgoVehicle↦20.0),(Vehicles2↦0.2821515314280987),(Vehicles3↦-0.3021058440208435),(Vehicles4↦0.5482202395796776),(Vehicles5↦0.7380712777376175)}",
        "VehiclesY": "{(EgoVehicle↦8.000000238418579),(Vehicles2↦-8.000000238418579),(Vehicles3↦0.0),(Vehicles4↦-4.0000001192092896),(Vehicles5↦-8.000000238418579)}",
        "VehiclesVy": "{(EgoVehicle↦0.0),(Vehicles2↦0.0),(Vehicles3↦0.0),(Vehicles4↦0.0),(Vehicles5↦0.0)}",
        "VehiclesX": "{(EgoVehicle↦200.0),(Vehicles2↦7.181031256914139),(Vehicles3↦50.59899687767029),(Vehicles4↦60.35043001174927),(Vehicles5↦71.92975878715515)}"
      },
      "probabilisticVariables": null,
      "activating": [
        "FASTER_29"
      ],
      "activatingOnlyWhenExecuted": true,
      "updating": null,
      "withPredicate": null
    },
    {
      "id": "FASTER_29",
      "execute": "FASTER",
      "after": "1000",
      "priority": 0,
      "additionalGuards": null,
      "activationKind": null,
      "fixedVariables": {
        "Crash": "FALSE",
        "VehiclesAy": "{(EgoVehicle↦0.0),(Vehicles2↦0.0),(Vehicles3↦0.0),(Vehicles4↦0.0),(Vehicles5↦0.0)}",
        "Reward": "0.8491083676273009",
        "VehiclesAx": "{(EgoVehicle↦4.341564178466797),(Vehicles2↦-4.303198587149382),(Vehicles3↦-4.34561014175415),(Vehicles4↦-4.3469419702887535),(Vehicles5↦-4.312456324696541)}",
        "VehiclesVx": "{(EgoVehicle↦24.341564178466797),(Vehicles2↦-4.021047055721283),(Vehicles3↦-4.647715985774994),(Vehicles4↦-3.798721730709076),(Vehicles5↦-3.5743850469589233)}",
        "VehiclesY": "{(EgoVehicle↦8.000000238418579),(Vehicles2↦-8.000000238418579),(Vehicles3↦0.0),(Vehicles4↦-4.0000001192092896),(Vehicles5↦-8.000000238418579)}",
        "VehiclesVy": "{(EgoVehicle↦0.0),(Vehicles2↦0.0),(Vehicles3↦0.0),(Vehicles4↦0.0),(Vehicles5↦0.0)}",
        "VehiclesX": "{(EgoVehicle↦200.0),(Vehicles2↦5.083605274558067),(Vehicles3↦47.899919748306274),(Vehicles4↦58.50154161453247),(Vehicles5↦70.28456330299377)}"
      },
      "probabilisticVariables": null,
      "activating": [
        "SLOWER_30"
      ],
      "activatingOnlyWhenExecuted": true,
      "updating": null,
      "withPredicate": null
    },
    {
      "id": "SLOWER_30",
      "execute": "SLOWER",
      "after": "1000",
      "priority": 0,
      "additionalGuards": null,
      "activationKind": null,
      "fixedVariables": {
        "Crash": "FALSE",
        "VehiclesAy": "{(EgoVehicle↦0.0),(Vehicles2↦0.0),(Vehicles3↦0.0),(Vehicles4↦0.0),(Vehicles5↦0.0)}",
        "Reward": "0.7485794283843908",
        "VehiclesAx": "{(EgoVehicle↦-3.76983642578125),(Vehicles2↦3.8065238296985626),(Vehicles3↦3.7691808491945267),(Vehicles4↦3.763210349716246),(Vehicles5↦3.7971412762999535)}",
        "VehiclesVx": "{(EgoVehicle↦20.571727752685547),(Vehicles2↦-0.21452322602272034),(Vehicles3↦-0.8785351365804672),(Vehicles4↦-0.0355113809928298),(Vehicles5↦0.22275622934103012)}",
        "VehiclesY": "{(EgoVehicle↦8.000000238418579),(Vehicles2↦-8.000000238418579),(Vehicles3↦0.0),(Vehicles4↦-4.0000001192092896),(Vehicles5↦-8.000000238418579)}",
        "VehiclesVy": "{(EgoVehicle↦0.0),(Vehicles2↦0.0),(Vehicles3↦0.0),(Vehicles4↦0.0),(Vehicles5↦0.0)}",
        "VehiclesX": "{(EgoVehicle↦200.0),(Vehicles2↦3.157026693224907),(Vehicles3↦45.33134996891022),(Vehicles4↦56.779927015304565),(Vehicles5↦68.80090236663818)}"
      },
      "probabilisticVariables": null,
      "activating": [
        "LANE_RIGHT_31"
      ],
      "activatingOnlyWhenExecuted": true,
      "updating": null,
      "withPredicate": null
    },
    {
      "id": "LANE_RIGHT_31",
      "execute": "LANE_RIGHT",
      "after": "1000",
      "priority": 0,
      "additionalGuards": null,
      "activationKind": null,
      "fixedVariables": {
        "Crash": "FALSE",
        "VehiclesAy": "{(EgoVehicle↦0.0),(Vehicles2↦0.0),(Vehicles3↦0.0),(Vehicles4↦0.0),(Vehicles5↦0.0)}",
        "Reward": "0.7353410495540488",
        "VehiclesAx": "{(EgoVehicle↦-0.49643754959106445),(Vehicles2↦0.5315424501895905),(Vehicles3↦0.4988023638725281),(Vehicles4↦0.4886841541156173),(Vehicles5↦0.5221216008067131)}",
        "VehiclesVx": "{(EgoVehicle↦20.075290203094482),(Vehicles2↦0.3170192241668701),(Vehicles3↦-0.37973277270793915),(Vehicles4↦0.4531727731227875),(Vehicles5↦0.7448778301477432)}",
        "VehiclesY": "{(EgoVehicle↦8.000000238418579),(Vehicles2↦-8.000000238418579),(Vehicles3↦0.0),(Vehicles4↦-4.0000001192092896),(Vehicles5↦-8.000000238418579)}",
        "VehiclesVy": "{(EgoVehicle↦0.0),(Vehicles2↦0.0),(Vehicles3↦0.0),(Vehicles4↦0.0),(Vehicles5↦0.0)}",
        "VehiclesX": "{(EgoVehicle↦200.0),(Vehicles2↦3.230533003807068),(Vehicles3↦44.727396965026855),(Vehicles4↦57.01526999473572),(Vehicles5↦69.30792331695557)}"
      },
      "probabilisticVariables": null,
      "activating": [
        "LANE_RIGHT_32"
      ],
      "activatingOnlyWhenExecuted": true,
      "updating": null,
      "withPredicate": null
    },
    {
      "id": "LANE_RIGHT_32",
      "execute": "LANE_RIGHT",
      "after": "1000",
      "priority": 0,
      "additionalGuards": null,
      "activationKind": null,
      "fixedVariables": {
        "Crash": "FALSE",
        "VehiclesAy": "{(EgoVehicle↦0.0),(Vehicles2↦0.0),(Vehicles3↦0.0),(Vehicles4↦0.0),(Vehicles5↦0.0)}",
        "Reward": "0.7335977239467609",
        "VehiclesAx": "{(EgoVehicle↦-0.06537437438964844),(Vehicles2↦0.09897992014884949),(Vehicles3↦0.07040057331323624),(Vehicles4↦0.05660299211740494),(Vehicles5↦0.08958764374256134)}",
        "VehiclesVx": "{(EgoVehicle↦20.009915828704834),(Vehicles2↦0.4159991443157196),(Vehicles3↦-0.3093321993947029),(Vehicles4↦0.5097757652401924),(Vehicles5↦0.8344654738903046)}",
        "VehiclesY": "{(EgoVehicle↦8.000000238418579),(Vehicles2↦-8.000000238418579),(Vehicles3↦0.0),(Vehicles4↦-4.0000001192092896),(Vehicles5↦-8.000000238418579)}",
        "VehiclesVy": "{(EgoVehicle↦0.0),(Vehicles2↦0.0),(Vehicles3↦0.0),(Vehicles4↦0.0),(Vehicles5↦0.0)}",
        "VehiclesX": "{(EgoVehicle↦200.0),(Vehicles2↦3.5971753299236298),(Vehicles3↦44.38554048538208),(Vehicles4↦57.50107169151306),(Vehicles5↦70.09866237640381)}"
      },
      "probabilisticVariables": null,
      "activating": [
        "LANE_RIGHT_33"
      ],
      "activatingOnlyWhenExecuted": true,
      "updating": null,
      "withPredicate": null
    },
    {
      "id": "LANE_RIGHT_33",
      "execute": "LANE_RIGHT",
      "after": "1000",
      "priority": 0,
      "additionalGuards": null,
      "activationKind": null,
      "fixedVariables": {
        "Crash": "FALSE",
        "VehiclesAy": "{(EgoVehicle↦0.0),(Vehicles2↦0.0),(Vehicles3↦0.0),(Vehicles4↦0.0),(Vehicles5↦0.0)}",
        "Reward": "0.7333681502042374",
        "VehiclesAx": "{(EgoVehicle↦-0.008609294891357422),(Vehicles2↦0.040799081325531006),(Vehicles3↦0.01596631482243538),(Vehicles4↦-0.0010687485337257385),(Vehicles5↦0.031487420201301575)}",
        "VehiclesVx": "{(EgoVehicle↦20.001306533813477),(Vehicles2↦0.4567982256412506),(Vehicles3↦-0.29336588457226753),(Vehicles4↦0.5087070167064667),(Vehicles5↦0.8659528940916061)}",
        "VehiclesY": "{(EgoVehicle↦8.000000238418579),(Vehicles2↦-8.000000238418579),(Vehicles3↦0.0),(Vehicles4↦-4.0000001192092896),(Vehicles5↦-8.000000238418579)}",
        "VehiclesVy": "{(EgoVehicle↦0.0),(Vehicles2↦0.0),(Vehicles3↦0.0),(Vehicles4↦0.0),(Vehicles5↦0.0)}",
        "VehiclesX": "{(EgoVehicle↦200.0),(Vehicles2↦4.030909761786461),(Vehicles3↦44.08372640609741),(Vehicles4↦58.011794090270996),(Vehicles5↦70.94712853431702)}"
      },
      "probabilisticVariables": null,
      "activating": [
        "LANE_RIGHT_34"
      ],
      "activatingOnlyWhenExecuted": true,
      "updating": null,
      "withPredicate": null
    },
    {
      "id": "LANE_RIGHT_34",
      "execute": "LANE_RIGHT",
      "after": "1000",
      "priority": 0,
      "additionalGuards": null,
      "activationKind": null,
      "fixedVariables": {
        "Crash": "FALSE",
        "VehiclesAy": "{(EgoVehicle↦0.0),(Vehicles2↦0.0),(Vehicles3↦0.0),(Vehicles4↦0.0),(Vehicles5↦0.0)}",
        "Reward": "0.7333379182710656",
        "VehiclesAx": "{(EgoVehicle↦-0.0011348724365234375),(Vehicles2↦0.031987205147743225),(Vehicles3↦0.010516755282878876),(Vehicles4↦-0.009341873228549957),(Vehicles5↦0.02279616892337799)}",
        "VehiclesVx": "{(EgoVehicle↦20.000171661376953),(Vehicles2↦0.48878543078899384),(Vehicles3↦-0.28284912928938866),(Vehicles4↦0.4993651434779167),(Vehicles5↦0.8887490630149841)}",
        "VehiclesY": "{(EgoVehicle↦8.000000238418579),(Vehicles2↦-8.000000238418579),(Vehicles3↦0.0),(Vehicles4↦-4.0000001192092896),(Vehicles5↦-8.000000238418579)}",
        "VehiclesVy": "{(EgoVehicle↦0.0),(Vehicles2↦0.0),(Vehicles3↦0.0),(Vehicles4↦0.0),(Vehicles5↦0.0)}",
        "VehiclesX": "{(EgoVehicle↦200.0),(Vehicles2↦4.500778764486313),(Vehicles3↦43.79459023475647),(Vehicles4↦58.51699709892273),(Vehicles5↦71.82246446609497)}"
      },
      "probabilisticVariables": null,
      "activating": [
        "LANE_RIGHT_35"
      ],
      "activatingOnlyWhenExecuted": true,
      "updating": null,
      "withPredicate": null
    },
    {
      "id": "LANE_RIGHT_35",
      "execute": "LANE_RIGHT",
      "after": "1000",
      "priority": 0,
      "additionalGuards": null,
      "activationKind": null,
      "fixedVariables": {
        "Crash": "FALSE",
        "VehiclesAy": "{(EgoVehicle↦0.0),(Vehicles2↦0.0),(Vehicles3↦0.0),(Vehicles4↦0.0),(Vehicles5↦0.0)}",
        "Reward": "0.7333339371111417",
        "VehiclesAx": "{(EgoVehicle↦-0.00015020370483398438),(Vehicles2↦0.029740408062934875),(Vehicles3↦0.011278949677944183),(Vehicles4↦-0.011018365621566772),(Vehicles5↦0.020700320601463318)}",
        "VehiclesVx": "{(EgoVehicle↦20.00002145767212),(Vehicles2↦0.5185258388519287),(Vehicles3↦-0.2715701796114445),(Vehicles4↦0.48834677785634995),(Vehicles5↦0.9094493836164474)}",
        "VehiclesY": "{(EgoVehicle↦8.000000238418579),(Vehicles2↦-8.000000238418579),(Vehicles3↦0.0),(Vehicles4↦-4.0000001192092896),(Vehicles5↦-8.000000238418579)}",
        "VehiclesVy": "{(EgoVehicle↦0.0),(Vehicles2↦0.0),(Vehicles3↦0.0),(Vehicles4↦0.0),(Vehicles5↦0.0)}",
        "VehiclesX": "{(EgoVehicle↦200.0),(Vehicles2↦5.001581087708473),(Vehicles3↦43.516144156455994),(Vehicles4↦59.012025594711304),(Vehicles5↦72.71959781646729)}"
      },
      "probabilisticVariables": null,
      "activating": [
        "LANE_RIGHT_36"
      ],
      "activatingOnlyWhenExecuted": true,
      "updating": null,
      "withPredicate": null
    },
    {
      "id": "LANE_RIGHT_36",
      "execute": "LANE_RIGHT",
      "after": "1000",
      "priority": 0,
      "additionalGuards": null,
      "activationKind": null,
      "fixedVariables": {
        "Crash": "FALSE",
        "VehiclesAy": "{(EgoVehicle↦0.0),(Vehicles2↦0.0),(Vehicles3↦0.0),(Vehicles4↦0.0),(Vehicles5↦0.0)}",
        "Reward": "0.7333334128431681",
        "VehiclesAx": "{(EgoVehicle↦-1.9073486328125E-05),(Vehicles2↦0.028418265283107758),(Vehicles3↦0.012643188238143921),(Vehicles4↦-0.011736936867237091),(Vehicles5↦0.019552111625671387)}",
        "VehiclesVx": "{(EgoVehicle↦20.00000238418579),(Vehicles2↦0.5469441041350365),(Vehicles3↦-0.25892699137330055),(Vehicles4↦0.47660984098911285),(Vehicles5↦0.9290014952421188)}",
        "VehiclesY": "{(EgoVehicle↦8.000000238418579),(Vehicles2↦-8.000000238418579),(Vehicles3↦0.0),(Vehicles4↦-4.0000001192092896),(Vehicles5↦-8.000000238418579)}",
        "VehiclesVy": "{(EgoVehicle↦0.0),(Vehicles2↦0.0),(Vehicles3↦0.0),(Vehicles4↦0.0),(Vehicles5↦0.0)}",
        "VehiclesX": "{(EgoVehicle↦200.0),(Vehicles2↦5.531569942831993),(Vehicles3↦43.249523639678955),(Vehicles4↦59.495723247528076),(Vehicles5↦73.63694906234741)}"
      },
      "probabilisticVariables": null,
      "activating": [
        "LANE_RIGHT_37"
      ],
      "activatingOnlyWhenExecuted": true,
      "updating": null,
      "withPredicate": null
    },
    {
      "id": "LANE_RIGHT_37",
      "execute": "LANE_RIGHT",
      "after": "1000",
      "priority": 0,
      "additionalGuards": null,
      "activationKind": null,
      "fixedVariables": {
        "Crash": "FALSE",
        "VehiclesAy": "{(EgoVehicle↦0.0),(Vehicles2↦0.0),(Vehicles3↦0.0),(Vehicles4↦0.0),(Vehicles5↦0.0)}",
        "Reward": "0.7333333438037642",
        "VehiclesAx": "{(EgoVehicle↦-2.384185791015625E-06),(Vehicles2↦0.02727445214986801),(Vehicles3↦0.01389291137456894),(Vehicles4↦-0.012242645025253296),(Vehicles5↦0.01859903335571289)}",
        "VehiclesVx": "{(EgoVehicle↦20.0),(Vehicles2↦0.5742185562849045),(Vehicles3↦-0.2450340799987316),(Vehicles4↦0.46436719596385956),(Vehicles5↦0.9476005285978317)}",
        "VehiclesY": "{(EgoVehicle↦8.000000238418579),(Vehicles2↦-8.000000238418579),(Vehicles3↦0.0),(Vehicles4↦-4.0000001192092896),(Vehicles5↦-8.000000238418579)}",
        "VehiclesVy": "{(EgoVehicle↦0.0),(Vehicles2↦0.0),(Vehicles3↦0.0),(Vehicles4↦0.0),(Vehicles5↦0.0)}",
        "VehiclesX": "{(EgoVehicle↦200.0),(Vehicles2↦6.089511886239052),(Vehicles3↦42.99606382846832),(Vehicles4↦59.96747612953186),(Vehicles5↦74.57346320152283)}"
      },
      "probabilisticVariables": null,
      "activating": [
        "LANE_RIGHT_38"
      ],
      "activatingOnlyWhenExecuted": true,
      "updating": null,
      "withPredicate": null
    },
    {
      "id": "LANE_RIGHT_38",
      "execute": "LANE_RIGHT",
      "after": "1000",
      "priority": 0,
      "additionalGuards": null,
      "activationKind": null,
      "fixedVariables": {
        "Crash": "FALSE",
        "VehiclesAy": "{(EgoVehicle↦0.0),(Vehicles2↦0.0),(Vehicles3↦0.0),(Vehicles4↦0.0),(Vehicles5↦0.0)}",
        "Reward": "0.7333333347121554",
        "VehiclesAx": "{(EgoVehicle↦0.0),(Vehicles2↦0.026207230985164642),(Vehicles3↦0.014954786747694016),(Vehicles4↦-0.012636333703994751),(Vehicles5↦0.01773454248905182)}",
        "VehiclesVx": "{(EgoVehicle↦20.0),(Vehicles2↦0.6004257872700691),(Vehicles3↦-0.2300792932510376),(Vehicles4↦0.4517308622598648),(Vehicles5↦0.9653350710868835)}",
        "VehiclesY": "{(EgoVehicle↦8.000000238418579),(Vehicles2↦-8.000000238418579),(Vehicles3↦0.0),(Vehicles4↦-4.0000001192092896),(Vehicles5↦-8.000000238418579)}",
        "VehiclesVy": "{(EgoVehicle↦0.0),(Vehicles2↦0.0),(Vehicles3↦0.0),(Vehicles4↦0.0),(Vehicles5↦0.0)}",
        "VehiclesX": "{(EgoVehicle↦200.0),(Vehicles2↦6.674296408891678),(Vehicles3↦42.756932973861694),(Vehicles4↦60.42681336402893),(Vehicles5↦75.52822828292847)}"
      },
      "probabilisticVariables": null,
      "activating": [
        "LANE_RIGHT_39"
      ],
      "activatingOnlyWhenExecuted": true,
      "updating": null,
      "withPredicate": null
    },
    {
      "id": "LANE_RIGHT_39",
      "execute": "LANE_RIGHT",
      "after": "1000",
      "priority": 0,
      "additionalGuards": null,
      "activationKind": null,
      "fixedVariables": {
        "Crash": "FALSE",
        "VehiclesAy": "{(EgoVehicle↦0.0),(Vehicles2↦0.0),(Vehicles3↦0.0),(Vehicles4↦0.0),(Vehicles5↦0.0)}",
        "Reward": "0.7333333335149067",
        "VehiclesAx": "{(EgoVehicle↦0.0),(Vehicles2↦0.02519991248846054),(Vehicles3↦0.015838779509067535),(Vehicles4↦-0.012934394180774689),(Vehicles5↦0.01693807542324066)}",
        "VehiclesVx": "{(EgoVehicle↦20.0),(Vehicles2↦0.6256256997585297),(Vehicles3↦-0.21424051374197006),(Vehicles4↦0.4387964680790901),(Vehicles5↦0.9822731465101242)}",
        "VehiclesY": "{(EgoVehicle↦8.000000238418579),(Vehicles2↦-8.000000238418579),(Vehicles3↦0.0),(Vehicles4↦-4.0000001192092896),(Vehicles5↦-8.000000238418579)}",
        "VehiclesVy": "{(EgoVehicle↦0.0),(Vehicles2↦0.0),(Vehicles3↦0.0),(Vehicles4↦0.0),(Vehicles5↦0.0)}",
        "VehiclesX": "{(EgoVehicle↦200.0),(Vehicles2↦7.284880429506302),(Vehicles3↦42.53312647342682),(Vehicles4↦60.87338924407959),(Vehicles5↦76.50039792060852)}"
      },
      "probabilisticVariables": null,
      "activating": [
        "LANE_RIGHT_40"
      ],
      "activatingOnlyWhenExecuted": true,
      "updating": null,
      "withPredicate": null
    },
    {
      "id": "LANE_RIGHT_40",
      "execute": "LANE_RIGHT",
      "after": "1000",
      "priority": 0,
      "additionalGuards": null,
      "activationKind": null,
      "fixedVariables": {
        "Crash": "FALSE",
        "VehiclesAy": "{(EgoVehicle↦0.0),(Vehicles2↦0.0),(Vehicles3↦0.0),(Vehicles4↦0.0),(Vehicles5↦0.0)}",
        "Reward": "0.7333333333572442",
        "VehiclesAx": "{(EgoVehicle↦0.0),(Vehicles2↦0.024247318506240845),(Vehicles3↦0.016564354300498962),(Vehicles4↦-0.013142339885234833),(Vehicles5↦0.016201362013816833)}",
        "VehiclesVx": "{(EgoVehicle↦20.0),(Vehicles2↦0.6498730182647705),(Vehicles3↦-0.1976761594414711),(Vehicles4↦0.4256541281938553),(Vehicles5↦0.998474508523941)}",
        "VehiclesY": "{(EgoVehicle↦8.000000238418579),(Vehicles2↦-8.000000238418579),(Vehicles3↦0.0),(Vehicles4↦-4.0000001192092896),(Vehicles5↦-8.000000238418579)}",
        "VehiclesVy": "{(EgoVehicle↦0.0),(Vehicles2↦0.0),(Vehicles3↦0.0),(Vehicles4↦0.0),(Vehicles5↦0.0)}",
        "VehiclesX": "{(EgoVehicle↦200.0),(Vehicles2↦7.92027935385704),(Vehicles3↦42.32545793056488),(Vehicles4↦61.306947469711304),(Vehicles5↦77.48920917510986)}"
      },
      "probabilisticVariables": null,
      "activating": [
        "LANE_RIGHT_41"
      ],
      "activatingOnlyWhenExecuted": true,
      "updating": null,
      "withPredicate": null
    },
    {
      "id": "LANE_RIGHT_41",
      "execute": "LANE_RIGHT",
      "after": "1000",
      "priority": 0,
      "additionalGuards": null,
      "activationKind": null,
      "fixedVariables": {
        "Crash": "FALSE",
        "VehiclesAy": "{(EgoVehicle↦0.0),(Vehicles2↦0.0),(Vehicles3↦0.0),(Vehicles4↦0.0),(Vehicles5↦0.0)}",
        "Reward": "0.7333333333364821",
        "VehiclesAx": "{(EgoVehicle↦0.0),(Vehicles2↦0.023345649242401123),(Vehicles3↦0.017150454223155975),(Vehicles4↦-0.013264454901218414),(Vehicles5↦0.015518367290496826)}",
        "VehiclesVx": "{(EgoVehicle↦20.0),(Vehicles2↦0.6732186675071716),(Vehicles3↦-0.18052570521831512),(Vehicles4↦0.41238967329263687),(Vehicles5↦1.0139928758144379)}",
        "VehiclesY": "{(EgoVehicle↦8.000000238418579),(Vehicles2↦-8.000000238418579),(Vehicles3↦0.0),(Vehicles4↦-4.0000001192092896),(Vehicles5↦-8.000000238418579)}",
        "VehiclesVy": "{(EgoVehicle↦0.0),(Vehicles2↦0.0),(Vehicles3↦0.0),(Vehicles4↦0.0),(Vehicles5↦0.0)}",
        "VehiclesX": "{(EgoVehicle↦200.0),(Vehicles2↦8.579560369253159),(Vehicles3↦42.13460087776184),(Vehicles4↦61.72729730606079),(Vehicles5↦78.49394083023071)}"
      },
      "probabilisticVariables": null,
      "activating": [
        "LANE_RIGHT_42"
      ],
      "activatingOnlyWhenExecuted": true,
      "updating": null,
      "withPredicate": null
    },
    {
      "id": "LANE_RIGHT_42",
      "execute": "LANE_RIGHT",
      "after": "1000",
      "priority": 0,
      "additionalGuards": null,
      "activationKind": null,
      "fixedVariables": {
        "Crash": "FALSE",
        "VehiclesAy": "{(EgoVehicle↦0.0),(Vehicles2↦0.0),(Vehicles3↦0.0),(Vehicles4↦0.0),(Vehicles5↦0.0)}",
        "Reward": "0.7333333333337481",
        "VehiclesAx": "{(EgoVehicle↦0.0),(Vehicles2↦0.02249188721179962),(Vehicles3↦0.017614569514989853),(Vehicles4↦-0.013305284082889557),(Vehicles5↦0.014883875846862793)}",
        "VehiclesVx": "{(EgoVehicle↦20.0),(Vehicles2↦0.6957105547189713),(Vehicles3↦-0.16291113570332527),(Vehicles4↦0.3990843892097473),(Vehicles5↦1.0288767516613007)}",
        "VehiclesY": "{(EgoVehicle↦8.000000238418579),(Vehicles2↦-8.000000238418579),(Vehicles3↦0.0),(Vehicles4↦-4.0000001192092896),(Vehicles5↦-8.000000238418579)}",
        "VehiclesVy": "{(EgoVehicle↦0.0),(Vehicles2↦0.0),(Vehicles3↦0.0),(Vehicles4↦0.0),(Vehicles5↦0.0)}",
        "VehiclesX": "{(EgoVehicle↦200.0),(Vehicles2↦9.26184207201004),(Vehicles3↦41.96108877658844),(Vehicles4↦62.13436722755432),(Vehicles5↦79.51393723487854)}"
      },
      "probabilisticVariables": null,
      "activating": [
        "LANE_RIGHT_43"
      ],
      "activatingOnlyWhenExecuted": true,
      "updating": null,
      "withPredicate": null
    },
    {
      "id": "LANE_RIGHT_43",
      "execute": "LANE_RIGHT",
      "after": "1000",
      "priority": 0,
      "additionalGuards": null,
      "activationKind": null,
      "fixedVariables": {
        "Crash": "FALSE",
        "VehiclesAy": "{(EgoVehicle↦0.0),(Vehicles2↦0.0),(Vehicles3↦0.0),(Vehicles4↦0.0),(Vehicles5↦0.0)}",
        "Reward": "0.733333333333388",
        "VehiclesAx": "{(EgoVehicle↦0.0),(Vehicles2↦0.0216829776763916),(Vehicles3↦0.01797235570847988),(Vehicles4↦-0.013269521296024323),(Vehicles5↦0.01429341733455658)}",
        "VehiclesVx": "{(EgoVehicle↦20.0),(Vehicles2↦0.7173935323953629),(Vehicles3↦-0.1449387799948454),(Vehicles4↦0.385814867913723),(Vehicles5↦1.0431701689958572)}",
        "VehiclesY": "{(EgoVehicle↦8.000000238418579),(Vehicles2↦-8.000000238418579),(Vehicles3↦0.0),(Vehicles4↦-4.0000001192092896),(Vehicles5↦-8.000000238418579)}",
        "VehiclesVy": "{(EgoVehicle↦0.0),(Vehicles2↦0.0),(Vehicles3↦0.0),(Vehicles4↦0.0),(Vehicles5↦0.0)}",
        "VehiclesX": "{(EgoVehicle↦200.0),(Vehicles2↦9.96628925204277),(Vehicles3↦41.805341839790344),(Vehicles4↦62.52813935279846),(Vehicles5↦80.54857850074768)}"
      },
      "probabilisticVariables": null,
      "activating": [
        "LANE_RIGHT_44"
      ],
      "activatingOnlyWhenExecuted": true,
      "updating": null,
      "withPredicate": null
    },
    {
      "id": "LANE_RIGHT_44",
      "execute": "LANE_RIGHT",
      "after": "1000",
      "priority": 0,
      "additionalGuards": null,
      "activationKind": null,
      "fixedVariables": {
        "Crash": "FALSE",
        "VehiclesAy": "{(EgoVehicle↦0.0),(Vehicles2↦0.0),(Vehicles3↦0.0),(Vehicles4↦0.0),(Vehicles5↦0.0)}",
        "Reward": "0.7333333333333405",
        "VehiclesAx": "{(EgoVehicle↦0.0),(Vehicles2↦0.020916089415550232),(Vehicles3↦0.018237773329019547),(Vehicles4↦-0.013162121176719666),(Vehicles5↦0.013742893934249878)}",
        "VehiclesVx": "{(EgoVehicle↦20.0),(Vehicles2↦0.7383096218109131),(Vehicles3↦-0.12670100666582584),(Vehicles4↦0.3726527467370033),(Vehicles5↦1.0569130629301071)}",
        "VehiclesY": "{(EgoVehicle↦8.000000238418579),(Vehicles2↦-8.000000238418579),(Vehicles3↦0.0),(Vehicles4↦-4.0000001192092896),(Vehicles5↦-8.000000238418579)}",
        "VehiclesVy": "{(EgoVehicle↦0.0),(Vehicles2↦0.0),(Vehicles3↦0.0),(Vehicles4↦0.0),(Vehicles5↦0.0)}",
        "VehiclesX": "{(EgoVehicle↦200.0),(Vehicles2↦10.692109167575836),(Vehicles3↦41.6676789522171),(Vehicles4↦62.908679246902466),(Vehicles5↦81.59728646278381)}"
      },
      "probabilisticVariables": null,
      "activating": [
        "LANE_RIGHT_45"
      ],
      "activatingOnlyWhenExecuted": true,
      "updating": null,
      "withPredicate": null
    },
    {
      "id": "LANE_RIGHT_45",
      "execute": "LANE_RIGHT",
      "after": "1000",
      "priority": 0,
      "additionalGuards": null,
      "activationKind": null,
      "fixedVariables": {
        "Crash": "FALSE",
        "VehiclesAy": "{(EgoVehicle↦0.0),(Vehicles2↦0.0),(Vehicles3↦0.0),(Vehicles4↦0.0),(Vehicles5↦0.0)}",
        "Reward": "0.7333333333333343",
        "VehiclesAx": "{(EgoVehicle↦0.0),(Vehicles2↦0.02018861472606659),(Vehicles3↦0.018423283472657204),(Vehicles4↦-0.012988336384296417),(Vehicles5↦0.013228729367256165)}",
        "VehiclesVx": "{(EgoVehicle↦20.0),(Vehicles2↦0.7584982365369797),(Vehicles3↦-0.10827772319316864),(Vehicles4↦0.3596644103527069),(Vehicles5↦1.0701417922973633)}",
        "VehiclesY": "{(EgoVehicle↦8.000000238418579),(Vehicles2↦-8.000000238418579),(Vehicles3↦0.0),(Vehicles4↦-4.0000001192092896),(Vehicles5↦-8.000000238418579)}",
        "VehiclesVy": "{(EgoVehicle↦0.0),(Vehicles2↦0.0),(Vehicles3↦0.0),(Vehicles4↦0.0),(Vehicles5↦0.0)}",
        "VehiclesX": "{(EgoVehicle↦200.0),(Vehicles2↦11.438550800085068),(Vehicles3↦41.548335552215576),(Vehicles4↦63.27611804008484),(Vehicles5↦82.65953063964844)}"
      },
      "probabilisticVariables": null,
      "activating": [
        "FASTER_46"
      ],
      "activatingOnlyWhenExecuted": true,
      "updating": null,
      "withPredicate": null
    },
    {
      "id": "FASTER_46",
      "execute": "FASTER",
      "after": "1000",
      "priority": 0,
      "additionalGuards": null,
      "activationKind": null,
      "fixedVariables": {
        "Crash": "FALSE",
        "VehiclesAy": "{(EgoVehicle↦0.0),(Vehicles2↦0.0),(Vehicles3↦0.0),(Vehicles4↦0.0),(Vehicles5↦0.0)}",
        "Reward": "0.8491083676268861",
        "VehiclesAx": "{(EgoVehicle↦4.341564178466797),(Vehicles2↦-4.322065636515617),(Vehicles3↦-4.323023930191994),(Vehicles4↦-4.3543170392513275),(Vehicles5↦-4.328815937042236)}",
        "VehiclesVx": "{(EgoVehicle↦24.341564178466797),(Vehicles2↦-3.5635673999786377),(Vehicles3↦-4.431301653385162),(Vehicles4↦-3.9946526288986206),(Vehicles5↦-3.258674144744873)}",
        "VehiclesY": "{(EgoVehicle↦8.000000238418579),(Vehicles2↦-8.000000238418579),(Vehicles3↦0.0),(Vehicles4↦-4.0000001192092896),(Vehicles5↦-8.000000238418579)}",
        "VehiclesVy": "{(EgoVehicle↦0.0),(Vehicles2↦0.0),(Vehicles3↦0.0),(Vehicles4↦0.0),(Vehicles5↦0.0)}",
        "VehiclesX": "{(EgoVehicle↦200.0),(Vehicles2↦9.809840470552444),(Vehicles3↦39.05240595340729),(Vehicles4↦61.235594749450684),(Vehicles5↦81.3397467136383)}"
      },
      "probabilisticVariables": null,
      "activating": [
        "SLOWER_47"
      ],
      "activatingOnlyWhenExecuted": true,
      "updating": null,
      "withPredicate": null
    },
    {
      "id": "SLOWER_47",
      "execute": "SLOWER",
      "after": "1000",
      "priority": 0,
      "additionalGuards": null,
      "activationKind": null,
      "fixedVariables": {
        "Crash": "FALSE",
        "VehiclesAy": "{(EgoVehicle↦0.0),(Vehicles2↦0.0),(Vehicles3↦0.0),(Vehicles4↦0.0),(Vehicles5↦0.0)}",
        "Reward": "0.7485794283843362",
        "VehiclesAx": "{(EgoVehicle↦-3.76983642578125),(Vehicles2↦3.788677752017975),(Vehicles3↦3.788432404398918),(Vehicles4↦3.757372386753559),(Vehicles5↦3.782132863998413)}",
        "VehiclesVx": "{(EgoVehicle↦20.571727752685547),(Vehicles2↦0.22511035203933716),(Vehicles3↦-0.6428692489862442),(Vehicles4↦-0.2372802421450615),(Vehicles5↦0.52345871925354)}",
        "VehiclesY": "{(EgoVehicle↦8.000000238418579),(Vehicles2↦-8.000000238418579),(Vehicles3↦0.0),(Vehicles4↦-4.0000001192092896),(Vehicles5↦-8.000000238418579)}",
        "VehiclesVy": "{(EgoVehicle↦0.0),(Vehicles2↦0.0),(Vehicles3↦0.0),(Vehicles4↦0.0),(Vehicles5↦0.0)}",
        "VehiclesX": "{(EgoVehicle↦200.0),(Vehicles2↦8.333523571491241),(Vehicles3↦36.708202958106995),(Vehicles4↦59.315598011016846),(Vehicles5↦80.16569018363953)}"
      },
      "probabilisticVariables": null,
      "activating": [
        "LANE_RIGHT_48"
      ],
      "activatingOnlyWhenExecuted": true,
      "updating": null,
      "withPredicate": null
    },
    {
      "id": "LANE_RIGHT_48",
      "execute": "LANE_RIGHT",
      "after": "1000",
      "priority": 0,
      "additionalGuards": null,
      "activationKind": null,
      "fixedVariables": {
        "Crash": "FALSE",
        "VehiclesAy": "{(EgoVehicle↦0.0),(Vehicles2↦0.0),(Vehicles3↦0.0),(Vehicles4↦0.0),(Vehicles5↦0.0)}",
        "Reward": "0.7353410495540414",
        "VehiclesAx": "{(EgoVehicle↦-0.49643754959106445),(Vehicles2↦0.5146585404872894),(Vehicles3↦0.5150430370122194),(Vehicles4↦0.48431746661663055),(Vehicles5↦0.5083142220973969)}",
        "VehiclesVx": "{(EgoVehicle↦20.075290203094482),(Vehicles2↦0.7397688925266266),(Vehicles3↦-0.12782621197402477),(Vehicles4↦0.24703722447156906),(Vehicles5↦1.031772941350937)}",
        "VehiclesY": "{(EgoVehicle↦8.000000238418579),(Vehicles2↦-8.000000238418579),(Vehicles3↦0.0),(Vehicles4↦-4.0000001192092896),(Vehicles5↦-8.000000238418579)}",
        "VehiclesVy": "{(EgoVehicle↦0.0),(Vehicles2↦0.0),(Vehicles3↦0.0),(Vehicles4↦0.0),(Vehicles5↦0.0)}",
        "VehiclesX": "{(EgoVehicle↦200.0),(Vehicles2↦8.839835226535797),(Vehicles3↦36.346641182899475),(Vehicles4↦59.347301721572876),(Vehicles5↦80.96779584884644)}"
      },
      "probabilisticVariables": null,
      "activating": [
        "LANE_RIGHT_49"
      ],
      "activatingOnlyWhenExecuted": true,
      "updating": null,
      "withPredicate": null
    },
    {
      "id": "LANE_RIGHT_49",
      "execute": "LANE_RIGHT",
      "after": "1000",
      "priority": 0,
      "additionalGuards": null,
      "activationKind": null,
      "fixedVariables": {
        "Crash": "FALSE",
        "VehiclesAy": "{(EgoVehicle↦0.0),(Vehicles2↦0.0),(Vehicles3↦0.0),(Vehicles4↦0.0),(Vehicles5↦0.0)}",
        "Reward": "0.7335977239467599",
        "VehiclesAx": "{(EgoVehicle↦-0.06537437438964844),(Vehicles2↦0.08300155401229858),(Vehicles3↦0.083941794000566),(Vehicles4↦0.05363874137401581),(Vehicles5↦0.07685281336307526)}",
        "VehiclesVx": "{(EgoVehicle↦20.009915828704834),(Vehicles2↦0.8227704465389252),(Vehicles3↦-0.04388441797345877),(Vehicles4↦0.30067596584558487),(Vehicles5↦1.1086257547140121)}",
        "VehiclesY": "{(EgoVehicle↦8.000000238418579),(Vehicles2↦-8.000000238418579),(Vehicles3↦0.0),(Vehicles4↦-4.0000001192092896),(Vehicles5↦-8.000000238418579)}",
        "VehiclesVy": "{(EgoVehicle↦0.0),(Vehicles2↦0.0),(Vehicles3↦0.0),(Vehicles4↦0.0),(Vehicles5↦0.0)}",
        "VehiclesX": "{(EgoVehicle↦200.0),(Vehicles2↦9.622766077518463),(Vehicles3↦36.26231253147125),(Vehicles4↦59.62567925453186),(Vehicles5↦82.04025626182556)}"
      },
      "probabilisticVariables": null,
      "activating": [
        "LANE_RIGHT_50"
      ],
      "activatingOnlyWhenExecuted": true,
      "updating": null,
      "withPredicate": null
    },
    {
      "id": "LANE_RIGHT_50",
      "execute": "LANE_RIGHT",
      "after": "1000",
      "priority": 0,
      "additionalGuards": null,
      "activationKind": null,
      "fixedVariables": {
        "Crash": "FALSE",
        "VehiclesAy": "{(EgoVehicle↦0.0),(Vehicles2↦0.0),(Vehicles3↦0.0),(Vehicles4↦0.0),(Vehicles5↦0.0)}",
        "Reward": "0.7333681502042372",
        "VehiclesAx": "{(EgoVehicle↦-0.008609294891357422),(Vehicles2↦0.02567209303379059),(Vehicles3↦0.027102581225335598),(Vehicles4↦-0.0027017295360565186),(Vehicles5↦0.019713789224624634)}",
        "VehiclesVx": "{(EgoVehicle↦20.001306533813477),(Vehicles2↦0.8484425395727158),(Vehicles3↦-0.01678183674812317),(Vehicles4↦0.29797423630952835),(Vehicles5↦1.1283395439386368)}",
        "VehiclesY": "{(EgoVehicle↦8.000000238418579),(Vehicles2↦-8.000000238418579),(Vehicles3↦0.0),(Vehicles4↦-4.0000001192092896),(Vehicles5↦-8.000000238418579)}",
        "VehiclesVy": "{(EgoVehicle↦0.0),(Vehicles2↦0.0),(Vehicles3↦0.0),(Vehicles4↦0.0),(Vehicles5↦0.0)}",
        "VehiclesX": "{(EgoVehicle↦200.0),(Vehicles2↦10.457154363393784),(Vehicles3↦36.23058199882507),(Vehicles4↦59.9265456199646),(Vehicles5↦83.15809965133667)}"
      },
      "probabilisticVariables": null,
      "activating": [
        "LANE_RIGHT_51"
      ],
      "activatingOnlyWhenExecuted": true,
      "updating": null,
      "withPredicate": null
    },
    {
      "id": "LANE_RIGHT_51",
      "execute": "LANE_RIGHT",
      "after": "1000",
      "priority": 0,
      "additionalGuards": null,
      "activationKind": null,
      "fixedVariables": {
        "Crash": "FALSE",
        "VehiclesAy": "{(EgoVehicle↦0.0),(Vehicles2↦0.0),(Vehicles3↦0.0),(Vehicles4↦0.0),(Vehicles5↦0.0)}",
        "Reward": "0.7333379182710655",
        "VehiclesAx": "{(EgoVehicle↦-0.0011348724365234375),(Vehicles2↦0.01766011118888855),(Vehicles3↦0.0195225965580903),(Vehicles4↦-0.00971771776676178),(Vehicles5↦0.011886879801750183)}",
        "VehiclesVx": "{(EgoVehicle↦20.000171661376953),(Vehicles2↦0.8661026507616043),(Vehicles3↦0.0027407598099671304),(Vehicles4↦0.28825651854276657),(Vehicles5↦1.140226423740387)}",
        "VehiclesY": "{(EgoVehicle↦8.000000238418579),(Vehicles2↦-8.000000238418579),(Vehicles3↦0.0),(Vehicles4↦-4.0000001192092896),(Vehicles5↦-8.000000238418579)}",
        "VehiclesVy": "{(EgoVehicle↦0.0),(Vehicles2↦0.0),(Vehicles3↦0.0),(Vehicles4↦0.0),(Vehicles5↦0.0)}",
        "VehiclesX": "{(EgoVehicle↦200.0),(Vehicles2↦11.312875151634216),(Vehicles3↦36.2217903137207),(Vehicles4↦60.22076606750488),(Vehicles5↦84.29139852523804)}"
      },
      "probabilisticVariables": null,
      "activating": [
        "LANE_RIGHT_52"
      ],
      "activatingOnlyWhenExecuted": true,
      "updating": null,
      "withPredicate": null
    },
    {
      "id": "LANE_RIGHT_52",
      "execute": "LANE_RIGHT",
      "after": "1000",
      "priority": 0,
      "additionalGuards": null,
      "activationKind": null,
      "fixedVariables": {
        "Crash": "FALSE",
        "VehiclesAy": "{(EgoVehicle↦0.0),(Vehicles2↦0.0),(Vehicles3↦0.0),(Vehicles4↦0.0),(Vehicles5↦0.0)}",
        "Reward": "0.7333339371111417",
        "VehiclesAx": "{(EgoVehicle↦-0.00015020370483398438),(Vehicles2↦0.01616448163986206),(Vehicles3↦0.018407303432468325),(Vehicles4↦-0.010213777422904968),(Vehicles5↦0.010570883750915527)}",
        "VehiclesVx": "{(EgoVehicle↦20.00002145767212),(Vehicles2↦0.8822671324014664),(Vehicles3↦0.021148063242435455),(Vehicles4↦0.2780427411198616),(Vehicles5↦1.1507973074913025)}",
        "VehiclesY": "{(EgoVehicle↦8.000000238418579),(Vehicles2↦-8.000000238418579),(Vehicles3↦0.0),(Vehicles4↦-4.0000001192092896),(Vehicles5↦-8.000000238418579)}",
        "VehiclesVy": "{(EgoVehicle↦0.0),(Vehicles2↦0.0),(Vehicles3↦0.0),(Vehicles4↦0.0),(Vehicles5↦0.0)}",
        "VehiclesX": "{(EgoVehicle↦200.0),(Vehicles2↦12.185505777597427),(Vehicles3↦36.23192608356476),(Vehicles4↦60.5049192905426),(Vehicles5↦85.4358971118927)}"
      },
      "probabilisticVariables": null,
      "activating": [
        "LANE_RIGHT_53"
      ],
      "activatingOnlyWhenExecuted": true,
      "updating": null,
      "withPredicate": null
    },
    {
      "id": "LANE_RIGHT_53",
      "execute": "LANE_RIGHT",
      "after": "1000",
      "priority": 0,
      "additionalGuards": null,
      "activationKind": null,
      "fixedVariables": {
        "Crash": "FALSE",
        "VehiclesAy": "{(EgoVehicle↦0.0),(Vehicles2↦0.0),(Vehicles3↦0.0),(Vehicles4↦0.0),(Vehicles5↦0.0)}",
        "Reward": "0.7333334128431681",
        "VehiclesAx": "{(EgoVehicle↦-1.9073486328125E-05),(Vehicles2↦0.015547573566436768),(Vehicles3↦0.018124831840395927),(Vehicles4↦-0.009831041097640991),(Vehicles5↦0.010128170251846313)}",
        "VehiclesVx": "{(EgoVehicle↦20.00000238418579),(Vehicles2↦0.8978147059679031),(Vehicles3↦0.03927289508283138),(Vehicles4↦0.2682117000222206),(Vehicles5↦1.1609254777431488)}",
        "VehiclesY": "{(EgoVehicle↦8.000000238418579),(Vehicles2↦-8.000000238418579),(Vehicles3↦0.0),(Vehicles4↦-4.0000001192092896),(Vehicles5↦-8.000000238418579)}",
        "VehiclesVy": "{(EgoVehicle↦0.0),(Vehicles2↦0.0),(Vehicles3↦0.0),(Vehicles4↦0.0),(Vehicles5↦0.0)}",
        "VehiclesX": "{(EgoVehicle↦200.0),(Vehicles2↦13.074032962322235),(Vehicles3↦36.26033961772919),(Vehicles4↦60.778993368148804),(Vehicles5↦86.59077286720276)}"
      },
      "probabilisticVariables": null,
      "activating": [
        "LANE_RIGHT_54"
      ],
      "activatingOnlyWhenExecuted": true,
      "updating": null,
      "withPredicate": null
    },
    {
      "id": "LANE_RIGHT_54",
      "execute": "LANE_RIGHT",
      "after": "1000",
      "priority": 0,
      "additionalGuards": null,
      "activationKind": null,
      "fixedVariables": {
        "Crash": "FALSE",
        "VehiclesAy": "{(EgoVehicle↦0.0),(Vehicles2↦0.0),(Vehicles3↦0.0),(Vehicles4↦0.0),(Vehicles5↦0.0)}",
        "Reward": "0.7333333438037642",
        "VehiclesAx": "{(EgoVehicle↦-2.384185791015625E-06),(Vehicles2↦0.015065819025039673),(Vehicles3↦0.01793669071048498),(Vehicles4↦-0.00931648537516594),(Vehicles5↦0.009815171360969543)}",
        "VehiclesVx": "{(EgoVehicle↦20.0),(Vehicles2↦0.9128805249929428),(Vehicles3↦0.057209585793316364),(Vehicles4↦0.25889521464705467),(Vehicles5↦1.1707406491041183)}",
        "VehiclesY": "{(EgoVehicle↦8.000000238418579),(Vehicles2↦-8.000000238418579),(Vehicles3↦0.0),(Vehicles4↦-4.0000001192092896),(Vehicles5↦-8.000000238418579)}",
        "VehiclesVy": "{(EgoVehicle↦0.0),(Vehicles2↦0.0),(Vehicles3↦0.0),(Vehicles4↦0.0),(Vehicles5↦0.0)}",
        "VehiclesX": "{(EgoVehicle↦200.0),(Vehicles2↦13.977910578250885),(Vehicles3↦36.30680441856384),(Vehicles4↦61.0434353351593),(Vehicles5↦87.75565028190613)}"
      },
      "probabilisticVariables": null,
      "activating": [
        "IDLE_55"
      ],
      "activatingOnlyWhenExecuted": true,
      "updating": null,
      "withPredicate": null
    },
    {
      "id": "IDLE_55",
      "execute": "IDLE",
      "after": "1000",
      "priority": 0,
      "additionalGuards": null,
      "activationKind": null,
      "fixedVariables": {
        "Crash": "FALSE",
        "VehiclesAy": "{(EgoVehicle↦0.0),(Vehicles2↦0.0),(Vehicles3↦0.0),(Vehicles4↦0.0),(Vehicles5↦0.0)}",
        "Reward": "0.7333333347121554",
        "VehiclesAx": "{(EgoVehicle↦0.0),(Vehicles2↦0.01462012529373169),(Vehicles3↦0.017748340032994747),(Vehicles4↦-0.0087723508477211),(Vehicles5↦0.0095328688621521)}",
        "VehiclesVx": "{(EgoVehicle↦20.0),(Vehicles2↦0.9275006502866745),(Vehicles3↦0.07495792582631111),(Vehicles4↦0.2501228637993336),(Vehicles5↦1.1802735179662704)}",
        "VehiclesY": "{(EgoVehicle↦8.000000238418579),(Vehicles2↦-8.000000238418579),(Vehicles3↦0.0),(Vehicles4↦-4.0000001192092896),(Vehicles5↦-8.000000238418579)}",
        "VehiclesVy": "{(EgoVehicle↦0.0),(Vehicles2↦0.0),(Vehicles3↦0.0),(Vehicles4↦0.0),(Vehicles5↦0.0)}",
        "VehiclesX": "{(EgoVehicle↦200.0),(Vehicles2↦14.896674454212189),(Vehicles3↦36.371126770973206),(Vehicles4↦61.2987756729126),(Vehicles5↦88.93022537231445)}"
      },
      "probabilisticVariables": null,
      "activating": [
        "SLOWER_56"
      ],
      "activatingOnlyWhenExecuted": true,
      "updating": null,
      "withPredicate": null
    },
    {
      "id": "SLOWER_56",
      "execute": "SLOWER",
      "after": "1000",
      "priority": 0,
      "additionalGuards": null,
      "activationKind": null,
      "fixedVariables": {
        "Crash": "FALSE",
        "VehiclesAy": "{(EgoVehicle↦0.0),(Vehicles2↦0.0),(Vehicles3↦0.0),(Vehicles4↦0.0),(Vehicles5↦0.0)}",
        "Reward": "0.7333333335149067",
        "VehiclesAx": "{(EgoVehicle↦0.0),(Vehicles2↦0.014196410775184631),(Vehicles3↦0.017549684271216393),(Vehicles4↦-0.008215699344873428),(Vehicles5↦0.009267330169677734)}",
        "VehiclesVx": "{(EgoVehicle↦20.0),(Vehicles2↦0.9416970610618591),(Vehicles3↦0.0925076100975275),(Vehicles4↦0.24190716445446014),(Vehicles5↦1.1895408481359482)}",
        "VehiclesY": "{(EgoVehicle↦8.000000238418579),(Vehicles2↦-8.000000238418579),(Vehicles3↦0.0),(Vehicles4↦-4.0000001192092896),(Vehicles5↦-8.000000238418579)}",
        "VehiclesVy": "{(EgoVehicle↦0.0),(Vehicles2↦0.0),(Vehicles3↦0.0),(Vehicles4↦0.0),(Vehicles5↦0.0)}",
        "VehiclesX": "{(EgoVehicle↦200.0),(Vehicles2↦15.829886496067047),(Vehicles3↦36.45312190055847),(Vehicles4↦61.5455687046051),(Vehicles5↦90.11422395706177)}"
      },
      "probabilisticVariables": null,
      "activating": [
        "SLOWER_57"
      ],
      "activatingOnlyWhenExecuted": true,
      "updating": null,
      "withPredicate": null
    },
    {
      "id": "SLOWER_57",
      "execute": "SLOWER",
      "after": "1000",
      "priority": 0,
      "additionalGuards": null,
      "activationKind": null,
      "fixedVariables": {
        "Crash": "FALSE",
        "VehiclesAy": "{(EgoVehicle↦0.0),(Vehicles2↦0.0),(Vehicles3↦0.0),(Vehicles4↦0.0),(Vehicles5↦0.0)}",
        "Reward": "0.7333333333572442",
        "VehiclesAx": "{(EgoVehicle↦0.0),(Vehicles2↦0.013791993260383606),(Vehicles3↦0.017341412603855133),(Vehicles4↦-0.0076522305607795715),(Vehicles5↦0.009015724062919617)}",
        "VehiclesVx": "{(EgoVehicle↦20.0),(Vehicles2↦0.9554890543222427),(Vehicles3↦0.10984902270138264),(Vehicles4↦0.23425493389368057),(Vehicles5↦1.1985565721988678)}",
        "VehiclesY": "{(EgoVehicle↦8.000000238418579),(Vehicles2↦-8.000000238418579),(Vehicles3↦0.0),(Vehicles4↦-4.0000001192092896),(Vehicles5↦-8.000000238418579)}",
        "VehiclesVy": "{(EgoVehicle↦0.0),(Vehicles2↦0.0),(Vehicles3↦0.0),(Vehicles4↦0.0),(Vehicles5↦0.0)}",
        "VehiclesX": "{(EgoVehicle↦200.0),(Vehicles2↦16.77713245153427),(Vehicles3↦36.552584171295166),(Vehicles4↦61.78436875343323),(Vehicles5↦91.30739569664001)}"
      },
      "probabilisticVariables": null,
      "activating": [
        "SLOWER_58"
      ],
      "activatingOnlyWhenExecuted": true,
      "updating": null,
      "withPredicate": null
    },
    {
      "id": "SLOWER_58",
      "execute": "SLOWER",
      "after": "1000",
      "priority": 0,
      "additionalGuards": null,
      "activationKind": null,
      "fixedVariables": {
        "Crash": "FALSE",
        "VehiclesAy": "{(EgoVehicle↦0.0),(Vehicles2↦0.0),(Vehicles3↦0.0),(Vehicles4↦0.0),(Vehicles5↦0.0)}",
        "Reward": "0.7333333333364821",
        "VehiclesAx": "{(EgoVehicle↦0.0),(Vehicles2↦0.01340530812740326),(Vehicles3↦0.01712540164589882),(Vehicles4↦-0.00708581879734993),(Vehicles5↦0.008776932954788208)}",
        "VehiclesVx": "{(EgoVehicle↦20.0),(Vehicles2↦0.968894362449646),(Vehicles3↦0.12697442434728146),(Vehicles4↦0.22716911509633064),(Vehicles5↦1.207333505153656)}",
        "VehiclesY": "{(EgoVehicle↦8.000000238418579),(Vehicles2↦-8.000000238418579),(Vehicles3↦0.0),(Vehicles4↦-4.0000001192092896),(Vehicles5↦-8.000000238418579)}",
        "VehiclesVy": "{(EgoVehicle↦0.0),(Vehicles2↦0.0),(Vehicles3↦0.0),(Vehicles4↦0.0),(Vehicles5↦0.0)}",
        "VehiclesX": "{(EgoVehicle↦200.0),(Vehicles2↦17.738012969493866),(Vehicles3↦36.6692990064621),(Vehicles4↦62.01574206352234),(Vehicles5↦92.50947833061218)}"
      },
      "probabilisticVariables": null,
      "activating": [
        "SLOWER_59"
      ],
      "activatingOnlyWhenExecuted": true,
      "updating": null,
      "withPredicate": null
    },
    {
      "id": "SLOWER_59",
      "execute": "SLOWER",
      "after": "1000",
      "priority": 0,
      "additionalGuards": null,
      "activationKind": null,
      "fixedVariables": {
        "Crash": "FALSE",
        "VehiclesAy": "{(EgoVehicle↦0.0),(Vehicles2↦0.0),(Vehicles3↦0.0),(Vehicles4↦0.0),(Vehicles5↦0.0)}",
        "Reward": "0.7333333333337481",
        "VehiclesAx": "{(EgoVehicle↦0.0),(Vehicles2↦0.013035610318183899),(Vehicles3↦0.016903355717658997),(Vehicles4↦-0.006519835442304611),(Vehicles5↦0.008549988269805908)}",
        "VehiclesVx": "{(EgoVehicle↦20.0),(Vehicles2↦0.9819299727678299),(Vehicles3↦0.14387778006494045),(Vehicles4↦0.22064927965402603),(Vehicles5↦1.215883493423462)}",
        "VehiclesY": "{(EgoVehicle↦8.000000238418579),(Vehicles2↦-8.000000238418579),(Vehicles3↦0.0),(Vehicles4↦-4.0000001192092896),(Vehicles5↦-8.000000238418579)}",
        "VehiclesVy": "{(EgoVehicle↦0.0),(Vehicles2↦0.0),(Vehicles3↦0.0),(Vehicles4↦0.0),(Vehicles5↦0.0)}",
        "VehiclesX": "{(EgoVehicle↦200.0),(Vehicles2↦18.712151050567627),(Vehicles3↦36.803051829338074),(Vehicles4↦62.24026083946228),(Vehicles5↦93.7202513217926)}"
      },
      "probabilisticVariables": null,
      "activating": [
        "SLOWER_60"
      ],
      "activatingOnlyWhenExecuted": true,
      "updating": null,
      "withPredicate": null
    },
    {
      "id": "SLOWER_60",
      "execute": "SLOWER",
      "after": "1000",
      "priority": 0,
      "additionalGuards": null,
      "activationKind": null,
      "fixedVariables": {
        "Crash": "FALSE",
        "VehiclesAy": "{(EgoVehicle↦0.0),(Vehicles2↦0.0),(Vehicles3↦0.0),(Vehicles4↦0.0),(Vehicles5↦0.0)}",
        "Reward": "0.733333333333388",
        "VehiclesAx": "{(EgoVehicle↦0.0),(Vehicles2↦0.012681782245635986),(Vehicles3↦0.01667681150138378),(Vehicles4↦-0.00595729798078537),(Vehicles5↦0.008334144949913025)}",
        "VehiclesVx": "{(EgoVehicle↦20.0),(Vehicles2↦0.9946117550134659),(Vehicles3↦0.16055459156632423),(Vehicles4↦0.21469198167324066),(Vehicles5↦1.224217638373375)}",
        "VehiclesY": "{(EgoVehicle↦8.000000238418579),(Vehicles2↦-8.000000238418579),(Vehicles3↦0.0),(Vehicles4↦-4.0000001192092896),(Vehicles5↦-8.000000238418579)}",
        "VehiclesVy": "{(EgoVehicle↦0.0),(Vehicles2↦0.0),(Vehicles3↦0.0),(Vehicles4↦0.0),(Vehicles5↦0.0)}",
        "VehiclesX": "{(EgoVehicle↦200.0),(Vehicles2↦19.699181616306305),(Vehicles3↦36.95361912250519),(Vehicles4↦62.45847940444946),(Vehicles5↦94.93948221206665)}"
      },
      "probabilisticVariables": null,
      "activating": [
        "SLOWER_61"
      ],
      "activatingOnlyWhenExecuted": true,
      "updating": null,
      "withPredicate": null
    },
    {
      "id": "SLOWER_61",
      "execute": "SLOWER",
      "after": "1000",
      "priority": 0,
      "additionalGuards": null,
      "activationKind": null,
      "fixedVariables": {
        "Crash": "FALSE",
        "VehiclesAy": "{(EgoVehicle↦0.0),(Vehicles2↦0.0),(Vehicles3↦0.0),(Vehicles4↦0.0),(Vehicles5↦0.0)}",
        "Reward": "0.7333333333333405",
        "VehiclesAx": "{(EgoVehicle↦0.0),(Vehicles2↦0.012343153357505798),(Vehicles3↦0.016447100788354874),(Vehicles4↦-0.005400963127613068),(Vehicles5↦0.008128657937049866)}",
        "VehiclesVx": "{(EgoVehicle↦20.0),(Vehicles2↦1.0069549083709717),(Vehicles3↦0.1770016923546791),(Vehicles4↦0.2092910185456276),(Vehicles5↦1.2323462963104248)}",
        "VehiclesY": "{(EgoVehicle↦8.000000238418579),(Vehicles2↦-8.000000238418579),(Vehicles3↦0.0),(Vehicles4↦-4.0000001192092896),(Vehicles5↦-8.000000238418579)}",
        "VehiclesVy": "{(EgoVehicle↦0.0),(Vehicles2↦0.0),(Vehicles3↦0.0),(Vehicles4↦0.0),(Vehicles5↦0.0)}",
        "VehiclesX": "{(EgoVehicle↦200.0),(Vehicles2↦20.698757469654083),(Vehicles3↦37.120771408081055),(Vehicles4↦62.67096996307373),(Vehicles5↦96.16696834564209)}"
      },
      "probabilisticVariables": null,
      "activating": null,
      "activatingOnlyWhenExecuted": true,
      "updating": null,
      "withPredicate": null
    }
  ],
  "listeners": [],
  "metadata": {
    "fileType": "Timed_Trace",
    "formatVersion": 3,
    "savedAt": "2023-08-15T12:36:11.666884Z",
    "creator": "Simulation: MONTE_CARLO_SIMULATION; MAX_STEPS_BEFORE_PROPERTY : 0, EXECUTIONS : 1000, ENDING_TIME : 60000",
    "proB2KernelVersion": "4.12.2",
    "proBCliVersion": "1.12.2-final",
    "modelName": "HighwayEnvironment"
  }
}