{
  "variables": {},
  "activations": [
    {
      "id": "$setup_constants",
      "execute": "$setup_constants",
      "after": "0",
      "priority": 0,
      "additionalGuards": null,
      "activationKind": null,
      "fixedVariables": null,
      "probabilisticVariables": null,
      "activating": null,
      "activatingOnlyWhenExecuted": true,
      "updating": null,
      "withPredicate": null
    },
    {
      "id": "$initialise_machine",
      "execute": "$initialise_machine",
      "after": "0",
      "priority": 0,
      "additionalGuards": null,
      "activationKind": null,
      "fixedVariables": {
        "Crash": "FALSE",
        "VehiclesAy": "{(EgoVehicle↦0.0),(Vehicles2↦0.0),(Vehicles3↦0.0),(Vehicles4↦0.0),(Vehicles5↦0.0)}",
        "Reward": "0.0",
        "VehiclesAx": "{(EgoVehicle↦0.0),(Vehicles2↦0.0),(Vehicles3↦0.0),(Vehicles4↦0.0),(Vehicles5↦0.0)}",
        "VehiclesVx": "{(EgoVehicle↦25.0),(Vehicles2↦-1.6314870119094849),(Vehicles3↦-3.934457004070282),(Vehicles4↦-1.3706564903259277),(Vehicles5↦-3.6411410570144653)}",
        "VehiclesY": "{(EgoVehicle↦4.0000001192092896),(Vehicles2↦0.0),(Vehicles3↦4.0000001192092896),(Vehicles4↦4.0000001192092896),(Vehicles5↦4.0000001192092896)}",
        "VehiclesVy": "{(EgoVehicle↦0.0),(Vehicles2↦0.0),(Vehicles3↦0.0),(Vehicles4↦0.0),(Vehicles5↦0.0)}",
        "VehiclesX": "{(EgoVehicle↦149.71452951431274),(Vehicles2↦24.423016607761383),(Vehicles3↦46.28891348838806),(Vehicles4↦72.37955331802368),(Vehicles5↦94.45756077766418)}"
      },
      "probabilisticVariables": null,
      "activating": [
        "LANE_RIGHT_2"
      ],
      "activatingOnlyWhenExecuted": true,
      "updating": null,
      "withPredicate": null
    },
    {
      "id": "LANE_RIGHT_2",
      "execute": "LANE_RIGHT",
      "after": "1000",
      "priority": 0,
      "additionalGuards": null,
      "activationKind": null,
      "fixedVariables": {
        "Crash": "FALSE",
        "VehiclesAy": "{(EgoVehicle↦1.0796338319778442),(Vehicles2↦-1.0796338319778442),(Vehicles3↦-1.0796338319778442),(Vehicles4↦-1.0796338319778442),(Vehicles5↦-1.0796338319778442)}",
        "Reward": "0.8660447183419508",
        "VehiclesAx": "{(EgoVehicle↦-0.023322105407714844),(Vehicles2↦-0.35331547260284424),(Vehicles3↦-3.9465907216072083),(Vehicles4↦-5.976676940917969),(Vehicles5↦-3.8855481147766113)}",
        "VehiclesVx": "{(EgoVehicle↦24.976677894592285),(Vehicles2↦-1.984802484512329),(Vehicles3↦-7.88104772567749),(Vehicles4↦-7.3473334312438965),(Vehicles5↦-7.526689171791077)}",
        "VehiclesY": "{(EgoVehicle↦7.6599647998809814),(Vehicles2↦-3.6599650382995605),(Vehicles3↦0.3400348797440529),(Vehicles4↦0.3400348797440529),(Vehicles5↦0.3400348797440529)}",
        "VehiclesVy": "{(EgoVehicle↦1.0796338319778442),(Vehicles2↦-1.0796338319778442),(Vehicles3↦-1.0796338319778442),(Vehicles4↦-1.0796338319778442),(Vehicles5↦-1.0796338319778442)}",
        "VehiclesX": "{(EgoVehicle↦174.39477443695068),(Vehicles2↦22.96108454465866),(Vehicles3↦40.87439775466919),(Vehicles4↦68.92865300178528),(Vehicles5↦89.07819986343384)}"
      },
      "probabilisticVariables": null,
      "activating": [
        "SLOWER_3"
      ],
      "activatingOnlyWhenExecuted": true,
      "updating": null,
      "withPredicate": null
    },
    {
      "id": "SLOWER_3",
      "execute": "SLOWER",
      "after": "1000",
      "priority": 0,
      "additionalGuards": null,
      "activationKind": null,
      "fixedVariables": {
        "Crash": "FALSE",
        "VehiclesAy": "{(EgoVehicle↦-1.030814554542303),(Vehicles2↦1.030814554542303),(Vehicles3↦1.030814554542303),(Vehicles4↦1.030814554542303),(Vehicles5↦-1.1284531094133854)}",
        "Reward": "0.7508900941313649",
        "VehiclesAx": "{(EgoVehicle↦-4.318299293518066),(Vehicles2↦4.002104103565216),(Vehicles3↦1.6135203838348389),(Vehicles4↦0.38838624954223633),(Vehicles5↦3.855448067188263)}",
        "VehiclesVx": "{(EgoVehicle↦20.65837860107422),(Vehicles2↦2.017301619052887),(Vehicles3↦-6.267527341842651),(Vehicles4↦-6.95894718170166),(Vehicles5↦-3.6712411046028137)}",
        "VehiclesY": "{(EgoVehicle↦7.983102321624756),(Vehicles2↦-3.9831022024154663),(Vehicles3↦0.01689769746735692),(Vehicles4↦0.01689769746735692),(Vehicles5↦0.01689769746735692)}",
        "VehiclesVy": "{(EgoVehicle↦0.04881927743554115),(Vehicles2↦-0.04881927743554115),(Vehicles3↦-0.04881927743554115),(Vehicles4↦-0.04881927743554115),(Vehicles5↦-0.04881927743554115)}",
        "VehiclesX": "{(EgoVehicle↦196.9960331916809),(Vehicles2↦23.217977583408356),(Vehicles3↦34.22097563743591),(Vehicles4↦61.92094087600708),(Vehicles5↦83.63966941833496)}"
      },
      "probabilisticVariables": null,
      "activating": [
        "SLOWER_4"
      ],
      "activatingOnlyWhenExecuted": true,
      "updating": null,
      "withPredicate": null
    },
    {
      "id": "SLOWER_4",
      "execute": "SLOWER",
      "after": "1000",
      "priority": 0,
      "additionalGuards": null,
      "activationKind": null,
      "fixedVariables": {
        "Crash": "FALSE",
        "VehiclesAy": "{(EgoVehicle↦-0.045818106445949525),(Vehicles2↦0.045818106445949525),(Vehicles3↦0.045818106445949525),(Vehicles4↦0.045818106445949525),(Vehicles5↦-0.05182044842513278)}",
        "Reward": "0.7356455313433461",
        "VehiclesAx": "{(EgoVehicle↦-0.5716705322265625),(Vehicles2↦0.3351151943206787),(Vehicles3↦-0.9266293048858643),(Vehicles4↦0.13307392597198486),(Vehicles5↦0.820191502571106)}",
        "VehiclesVx": "{(EgoVehicle↦20.086708068847656),(Vehicles2↦2.3524168133735657),(Vehicles3↦-7.194156646728516),(Vehicles4↦-6.825873255729675),(Vehicles5↦-2.8510496020317078)}",
        "VehiclesY": "{(EgoVehicle↦7.9989659786224365),(Vehicles2↦-3.998965859413147),(Vehicles3↦0.0010342966415919363),(Vehicles4↦0.0010342966415919363),(Vehicles5↦0.0010342966415919363)}",
        "VehiclesVy": "{(EgoVehicle↦0.0030011709895916283),(Vehicles2↦-0.0030011709895916283),(Vehicles3↦-0.0030011709895916283),(Vehicles4↦-0.0030011709895916283),(Vehicles5↦-0.0030011709895916283)}",
        "VehiclesX": "{(EgoVehicle↦200.0),(Vehicles2↦25.450730323791504),(Vehicles3↦27.571114897727966),(Vehicles4↦54.97564077377319),(Vehicles5↦80.3573489189148)}"
      },
      "probabilisticVariables": null,
      "activating": [
        "SLOWER_5"
      ],
      "activatingOnlyWhenExecuted": true,
      "updating": null,
      "withPredicate": null
    },
    {
      "id": "SLOWER_5",
      "execute": "SLOWER",
      "after": "1000",
      "priority": 0,
      "additionalGuards": null,
      "activationKind": null,
      "fixedVariables": {
        "Crash": "FALSE",
        "VehiclesAy": "{(EgoVehicle↦-0.0028146709883003496),(Vehicles2↦0.0028146709883003496),(Vehicles3↦0.0028146709883003496),(Vehicles4↦0.0028146709883003496),(Vehicles5↦-0.003187670990882907)}",
        "Reward": "0.733637821078228",
        "VehiclesAx": "{(EgoVehicle↦-0.07529020309448242),(Vehicles2↦-9.973696768283844),(Vehicles3↦9.435880333185196),(Vehicles4↦0.5946719646453857),(Vehicles5↦0.42663395404815674)}",
        "VehiclesVx": "{(EgoVehicle↦20.011417865753174),(Vehicles2↦-7.621279954910278),(Vehicles3↦2.2417236864566803),(Vehicles4↦-6.2312012910842896),(Vehicles5↦-2.424415647983551)}",
        "VehiclesY": "{(EgoVehicle↦7.999935865402222),(Vehicles2↦6.422011210815981E-05),(Vehicles3↦-3.999935746192932),(Vehicles4↦6.422011210815981E-05),(Vehicles5↦6.422011210815981E-05)}",
        "VehiclesVy": "{(EgoVehicle↦0.00018650000129127875),(Vehicles2↦-0.00018650000129127875),(Vehicles3↦-0.00018650000129127875),(Vehicles4↦-0.00018650000129127875),(Vehicles5↦-0.00018650000129127875)}",
        "VehiclesX": "{(EgoVehicle↦200.0),(Vehicles2↦20.15516459941864),(Vehicles3↦27.765968441963196),(Vehicles4↦48.359039425849915),(Vehicles5↦77.70070433616638)}"
      },
      "probabilisticVariables": null,
      "activating": [
        "LANE_RIGHT_6"
      ],
      "activatingOnlyWhenExecuted": true,
      "updating": null,
      "withPredicate": null
    },
    {
      "id": "LANE_RIGHT_6",
      "execute": "LANE_RIGHT",
      "after": "1000",
      "priority": 0,
      "additionalGuards": null,
      "activationKind": null,
      "fixedVariables": {
        "Crash": "FALSE",
        "VehiclesAy": "{(EgoVehicle↦-0.00017489790820945927),(Vehicles2↦0.00017489790820945927),(Vehicles3↦0.00017489790820945927),(Vehicles4↦0.00017489790820945927),(Vehicles5↦-0.00019810209437309823)}",
        "Reward": "0.7333734304878865",
        "VehiclesAx": "{(EgoVehicle↦-0.009913444519042969),(Vehicles2↦0.1211690902709961),(Vehicles3↦-0.07875382900238037),(Vehicles4↦0.8025407791137695),(Vehicles5↦0.24232834577560425)}",
        "VehiclesVx": "{(EgoVehicle↦20.00150442123413),(Vehicles2↦-7.500110864639282),(Vehicles3↦2.1629698574543),(Vehicles4↦-5.42866051197052),(Vehicles5↦-2.1820873022079468)}",
        "VehiclesY": "{(EgoVehicle↦7.999995946884155),(Vehicles2↦3.994667849838152E-06),(Vehicles3↦-3.9999958276748657),(Vehicles4↦3.994667849838152E-06),(Vehicles5↦3.994667849838152E-06)}",
        "VehiclesVy": "{(EgoVehicle↦1.1602093081819476E-05),(Vehicles2↦-1.1602093081819476E-05),(Vehicles3↦-1.1602093081819476E-05),(Vehicles4↦-1.1602093081819476E-05),(Vehicles5↦-1.1602093081819476E-05)}",
        "VehiclesX": "{(EgoVehicle↦200.0),(Vehicles2↦12.546823918819427),(Vehicles3↦29.970619082450867),(Vehicles4↦42.44244694709778),(Vehicles5↦75.37999153137207)}"
      },
      "probabilisticVariables": null,
      "activating": [
        "LANE_LEFT_7"
      ],
      "activatingOnlyWhenExecuted": true,
      "updating": null,
      "withPredicate": null
    },
    {
      "id": "LANE_LEFT_7",
      "execute": "LANE_LEFT",
      "after": "1000",
      "priority": 0,
      "additionalGuards": null,
      "activationKind": null,
      "fixedVariables": {
        "Crash": "TRUE",
        "VehiclesAy": "{(EgoVehicle↦-1.1459015846742204),(Vehicles2↦-0.15883201951851333),(Vehicles3↦1.1459015846742204),(Vehicles4↦1.1459015846742204),(Vehicles5↦1.1458783804880568)}",
        "Reward": "0.03333333333333336",
        "VehiclesAx": "{(EgoVehicle↦-0.03415942192077637),(Vehicles2↦0.7737165689468384),(Vehicles3↦0.003175288438796997),(Vehicles4↦0.8401814103126526),(Vehicles5↦0.22437259554862976)}",
        "VehiclesVx": "{(EgoVehicle↦19.967344999313354),(Vehicles2↦-6.726394295692444),(Vehicles3↦2.166145145893097),(Vehicles4↦-4.588479101657867),(Vehicles5↦-1.957714706659317)}",
        "VehiclesY": "{(EgoVehicle↦4.405316233634949),(Vehicles2↦0.09058951400220394),(Vehicles3↦-0.40531620383262634),(Vehicles4↦3.5946836471557617),(Vehicles5↦3.5946836471557617)}",
        "VehiclesVy": "{(EgoVehicle↦-1.1458899825811386),(Vehicles2↦-0.15884362161159515),(Vehicles3↦1.1458899825811386),(Vehicles4↦1.1458899825811386),(Vehicles5↦1.1458899825811386)}",
        "VehiclesX": "{(EgoVehicle↦200.0),(Vehicles2↦5.087929219007492),(Vehicles3↦32.59679675102234),(Vehicles4↦37.81865835189819),(Vehicles5↦73.75417947769165)}"
      },
      "probabilisticVariables": null,
      "activating": null,
      "activatingOnlyWhenExecuted": true,
      "updating": null,
      "withPredicate": null
    }
  ],
  "listeners": [],
  "metadata": {
    "fileType": "Timed_Trace",
    "formatVersion": 3,
    "savedAt": "2023-08-15T12:35:55.508170Z",
    "creator": "Simulation: MONTE_CARLO_SIMULATION; MAX_STEPS_BEFORE_PROPERTY : 0, EXECUTIONS : 1000, ENDING_TIME : 60000",
    "proB2KernelVersion": "4.12.2",
    "proBCliVersion": "1.12.2-final",
    "modelName": "HighwayEnvironment"
  }
}