{
  "variables": {},
  "activations": [
    {
      "id": "$setup_constants",
      "execute": "$setup_constants",
      "after": "0",
      "priority": 0,
      "additionalGuards": null,
      "activationKind": null,
      "fixedVariables": null,
      "probabilisticVariables": null,
      "activating": null,
      "activatingOnlyWhenExecuted": true,
      "updating": null,
      "withPredicate": null
    },
    {
      "id": "$initialise_machine",
      "execute": "$initialise_machine",
      "after": "0",
      "priority": 0,
      "additionalGuards": null,
      "activationKind": null,
      "fixedVariables": {
        "Crash": "FALSE",
        "VehiclesAy": "{(EgoVehicle↦0.0),(Vehicles2↦0.0),(Vehicles3↦0.0),(Vehicles4↦0.0),(Vehicles5↦0.0)}",
        "Reward": "0.0",
        "VehiclesAx": "{(EgoVehicle↦0.0),(Vehicles2↦0.0),(Vehicles3↦0.0),(Vehicles4↦0.0),(Vehicles5↦0.0)}",
        "VehiclesVx": "{(EgoVehicle↦25.0),(Vehicles2↦-3.726969361305237),(Vehicles3↦-1.2642018496990204),(Vehicles4↦-1.295885592699051),(Vehicles5↦-3.910045623779297)}",
        "VehiclesY": "{(EgoVehicle↦0.0),(Vehicles2↦0.0),(Vehicles3↦4.0000001192092896),(Vehicles4↦4.0000001192092896),(Vehicles5↦8.000000238418579)}",
        "VehiclesVy": "{(EgoVehicle↦0.0),(Vehicles2↦0.0),(Vehicles3↦0.0),(Vehicles4↦0.0),(Vehicles5↦0.0)}",
        "VehiclesX": "{(EgoVehicle↦148.77901077270508),(Vehicles2↦23.0680450797081),(Vehicles3↦48.187798261642456),(Vehicles4↦74.33339357376099),(Vehicles5↦98.6182689666748)}"
      },
      "probabilisticVariables": null,
      "activating": [
        "LANE_RIGHT_2"
      ],
      "activatingOnlyWhenExecuted": true,
      "updating": null,
      "withPredicate": null
    },
    {
      "id": "LANE_RIGHT_2",
      "execute": "LANE_RIGHT",
      "after": "1000",
      "priority": 0,
      "additionalGuards": null,
      "activationKind": null,
      "fixedVariables": {
        "Crash": "FALSE",
        "VehiclesAy": "{(EgoVehicle↦1.0796338319778442),(Vehicles2↦-1.0796338319778442),(Vehicles3↦5.4415106773376465),(Vehicles4↦-1.0796338319778442),(Vehicles5↦-1.0796338319778442)}",
        "Reward": "0.8327113850086175",
        "VehiclesAx": "{(EgoVehicle↦-0.023322105407714844),(Vehicles2↦-0.4462474584579468),(Vehicles3↦-5.458989888429642),(Vehicles4↦-0.32918184995651245),(Vehicles5↦-0.8669406175613403)}",
        "VehiclesVx": "{(EgoVehicle↦24.976677894592285),(Vehicles2↦-4.173216819763184),(Vehicles3↦-6.723191738128662),(Vehicles4↦-1.6250674426555634),(Vehicles5↦-4.776986241340637)}",
        "VehiclesY": "{(EgoVehicle↦3.6599650382995605),(Vehicles2↦-3.6599650382995605),(Vehicles3↦1.1978428959846497),(Vehicles4↦0.3400348797440529),(Vehicles5↦4.34003484249115)}",
        "VehiclesVy": "{(EgoVehicle↦1.0796338319778442),(Vehicles2↦-1.0796338319778442),(Vehicles3↦5.4415106773376465),(Vehicles4↦-1.0796338319778442),(Vehicles5↦-1.0796338319778442)}",
        "VehiclesX": "{(EgoVehicle↦173.45925569534302),(Vehicles2↦19.475778937339783),(Vehicles3↦44.984596967697144),(Vehicles4↦73.19978475570679),(Vehicles5↦94.67739462852478)}"
      },
      "probabilisticVariables": null,
      "activating": [
        "LANE_RIGHT_3"
      ],
      "activatingOnlyWhenExecuted": true,
      "updating": null,
      "withPredicate": null
    },
    {
      "id": "LANE_RIGHT_3",
      "execute": "LANE_RIGHT",
      "after": "1000",
      "priority": 0,
      "additionalGuards": null,
      "activationKind": null,
      "fixedVariables": {
        "Crash": "FALSE",
        "VehiclesAy": "{(EgoVehicle↦0.037668049335479736),(Vehicles2↦-0.037668049335479736),(Vehicles3↦-5.84162462502718),(Vehicles4↦-0.037668049335479736),(Vehicles5↦-2.196935713291168)}",
        "Reward": "0.8660005399738949",
        "VehiclesAx": "{(EgoVehicle↦-0.0016570091247558594),(Vehicles2↦-0.38309037685394287),(Vehicles3↦0.586206316947937),(Vehicles4↦-0.7832635939121246),(Vehicles5↦-0.6034606695175171)}",
        "VehiclesVx": "{(EgoVehicle↦24.97502088546753),(Vehicles2↦-4.5563071966171265),(Vehicles3↦-6.136985421180725),(Vehicles4↦-2.408331036567688),(Vehicles5↦-5.380446910858154)}",
        "VehiclesY": "{(EgoVehicle↦7.648639440536499),(Vehicles2↦-7.648639440536499),(Vehicles3↦0.09877094998955727),(Vehicles4↦-3.6486393213272095),(Vehicles5↦0.35136057436466217)}",
        "VehiclesVy": "{(EgoVehicle↦1.117301881313324),(Vehicles2↦-1.117301881313324),(Vehicles3↦-0.40011394768953323),(Vehicles4↦-1.117301881313324),(Vehicles5↦-1.117301881313324)}",
        "VehiclesX": "{(EgoVehicle↦198.08017015457153),(Vehicles2↦15.491977334022522),(Vehicles3↦38.95837664604187),(Vehicles4↦71.70866131782532),(Vehicles5↦89.9027943611145)}"
      },
      "probabilisticVariables": null,
      "activating": [
        "LANE_RIGHT_4"
      ],
      "activatingOnlyWhenExecuted": true,
      "updating": null,
      "withPredicate": null
    },
    {
      "id": "LANE_RIGHT_4",
      "execute": "LANE_RIGHT",
      "after": "1000",
      "priority": 0,
      "additionalGuards": null,
      "activationKind": null,
      "fixedVariables": {
        "Crash": "FALSE",
        "VehiclesAy": "{(EgoVehicle↦-1.078004245646298),(Vehicles2↦1.078004245646298),(Vehicles3↦0.41075121029280126),(Vehicles4↦1.078004245646298),(Vehicles5↦-1.15659951698035)}",
        "Reward": "0.8666658430372319",
        "VehiclesAx": "{(EgoVehicle↦0.0249481201171875),(Vehicles2↦-0.2673351764678955),(Vehicles3↦0.25531768798828125),(Vehicles4↦-0.6471562385559082),(Vehicles5↦0.23206770420074463)}",
        "VehiclesVx": "{(EgoVehicle↦24.999969005584717),(Vehicles2↦-4.823642373085022),(Vehicles3↦-5.881667733192444),(Vehicles4↦-3.055487275123596),(Vehicles5↦-5.14837920665741)}",
        "VehiclesY": "{(EgoVehicle↦7.988144159317017),(Vehicles2↦-7.988144159317017),(Vehicles3↦-0.005621295771561563),(Vehicles4↦-3.9881443977355957),(Vehicles5↦0.011855648830533028)}",
        "VehiclesVy": "{(EgoVehicle↦0.03929763566702604),(Vehicles2↦-0.03929763566702604),(Vehicles3↦0.010637262603268027),(Vehicles4↦-0.03929763566702604),(Vehicles5↦-0.03929763566702604)}",
        "VehiclesX": "{(EgoVehicle↦200.0),(Vehicles2↦10.807899385690689),(Vehicles3↦32.92282223701477),(Vehicles4↦68.9964771270752),(Vehicles5↦84.61799621582031)}"
      },
      "probabilisticVariables": null,
      "activating": [
        "SLOWER_5"
      ],
      "activatingOnlyWhenExecuted": true,
      "updating": null,
      "withPredicate": null
    },
    {
      "id": "SLOWER_5",
      "execute": "SLOWER",
      "after": "1000",
      "priority": 0,
      "additionalGuards": null,
      "activationKind": null,
      "fixedVariables": {
        "Crash": "FALSE",
        "VehiclesAy": "{(EgoVehicle↦-0.03768095397390425),(Vehicles2↦0.03768095397390425),(Vehicles3↦-0.008872079779393971),(Vehicles4↦0.03768095397390425),(Vehicles5↦-0.040914317360147834)}",
        "Reward": "0.75089163068621",
        "VehiclesAx": "{(EgoVehicle↦-4.341533184051514),(Vehicles2↦4.199162386357784),(Vehicles3↦4.550699293613434),(Vehicles4↦4.012821689248085),(Vehicles5↦4.4651587307453156)}",
        "VehiclesVx": "{(EgoVehicle↦20.658435821533203),(Vehicles2↦-0.6244799867272377),(Vehicles3↦-1.33096843957901),(Vehicles4↦0.9573344141244888),(Vehicles5↦-0.6832204759120941)}",
        "VehiclesY": "{(EgoVehicle↦7.999440908432007),(Vehicles2↦-7.999440908432007),(Vehicles3↦-0.0006202058284543455),(Vehicles4↦-3.999441146850586),(Vehicles5↦0.0005589070060523227)}",
        "VehiclesVy": "{(EgoVehicle↦0.0016166816931217909),(Vehicles2↦-0.0016166816931217909),(Vehicles3↦0.0017651828238740563),(Vehicles4↦-0.0016166816931217909),(Vehicles5↦-0.0016166816931217909)}",
        "VehiclesX": "{(EgoVehicle↦200.0),(Vehicles2↦8.316022902727127),(Vehicles3↦29.52449321746826),(Vehicles4↦68.18920373916626),(Vehicles5↦81.92198872566223)}"
      },
      "probabilisticVariables": null,
      "activating": [
        "LANE_RIGHT_6"
      ],
      "activatingOnlyWhenExecuted": true,
      "updating": null,
      "withPredicate": null
    },
    {
      "id": "LANE_RIGHT_6",
      "execute": "LANE_RIGHT",
      "after": "1000",
      "priority": 0,
      "additionalGuards": null,
      "activationKind": null,
      "fixedVariables": {
        "Crash": "FALSE",
        "VehiclesAy": "{(EgoVehicle↦-0.0015174917280091904),(Vehicles2↦0.0015174917280091904),(Vehicles3↦-0.0016398377556470223),(Vehicles4↦0.0015174917280091904),(Vehicles5↦-0.0017158716582343914)}",
        "Reward": "0.7356455373155804",
        "VehiclesAx": "{(EgoVehicle↦-0.5717277526855469),(Vehicles2↦0.4922609869390726),(Vehicles3↦0.7273051142692566),(Vehicles4↦0.38004137575626373),(Vehicles5↦0.6200303370133042)}",
        "VehiclesVx": "{(EgoVehicle↦20.086708068847656),(Vehicles2↦-0.1322189997881651),(Vehicles3↦-0.6036633253097534),(Vehicles4↦1.3373757898807526),(Vehicles5↦-0.06319013889878988)}",
        "VehiclesY": "{(EgoVehicle↦7.9999659061431885),(Vehicles2↦-7.9999659061431885),(Vehicles3↦-4.388312936498551E-05),(Vehicles4↦-3.999965786933899),(Vehicles5↦3.4183567549916916E-05)}",
        "VehiclesVy": "{(EgoVehicle↦9.918996511260048E-05),(Vehicles2↦-9.918996511260048E-05),(Vehicles3↦0.00012534506822703406),(Vehicles4↦-9.918996511260048E-05),(Vehicles5↦-9.918996511260048E-05)}",
        "VehiclesX": "{(EgoVehicle↦200.0),(Vehicles2↦7.971276342868805),(Vehicles3↦28.57506573200226),(Vehicles4↦69.37787532806396),(Vehicles5↦81.57790899276733)}"
      },
      "probabilisticVariables": null,
      "activating": [
        "LANE_RIGHT_7"
      ],
      "activatingOnlyWhenExecuted": true,
      "updating": null,
      "withPredicate": null
    },
    {
      "id": "LANE_RIGHT_7",
      "execute": "LANE_RIGHT",
      "after": "1000",
      "priority": 0,
      "additionalGuards": null,
      "activationKind": null,
      "fixedVariables": {
        "Crash": "FALSE",
        "VehiclesAy": "{(EgoVehicle↦-9.302616945205955E-05),(Vehicles2↦9.302616945205955E-05),(Vehicles3↦-0.00011681732473789452),(Vehicles4↦9.302616945205955E-05),(Vehicles5↦-0.0001053537607731414)}",
        "Reward": "0.7336378211013775",
        "VehiclesAx": "{(EgoVehicle↦-0.07529020309448242),(Vehicles2↦0.033917343243956566),(Vehicles3↦0.1871931180357933),(Vehicles4↦-0.04982799291610718),(Vehicles5↦0.08138981647789478)}",
        "VehiclesVx": "{(EgoVehicle↦20.011417865753174),(Vehicles2↦-0.09830165654420853),(Vehicles3↦-0.4164702072739601),(Vehicles4↦1.2875477969646454),(Vehicles5↦0.0181996775791049)}",
        "VehiclesY": "{(EgoVehicle↦7.999998092651367),(Vehicles2↦-7.999998092651367),(Vehicles3↦-2.97532733384287E-06),(Vehicles4↦-3.9999979734420776),(Vehicles5↦2.122464422882331E-06)}",
        "VehiclesVy": "{(EgoVehicle↦6.163795660540927E-06),(Vehicles2↦-6.163795660540927E-06),(Vehicles3↦8.527743489139539E-06),(Vehicles4↦-6.163795660540927E-06),(Vehicles5↦-6.163795660540927E-06)}",
        "VehiclesX": "{(EgoVehicle↦200.0),(Vehicles2↦7.861729711294174),(Vehicles3↦28.060775995254517),(Vehicles4↦70.70311307907104),(Vehicles5↦81.56117796897888)}"
      },
      "probabilisticVariables": null,
      "activating": [
        "LANE_RIGHT_8"
      ],
      "activatingOnlyWhenExecuted": true,
      "updating": null,
      "withPredicate": null
    },
    {
      "id": "LANE_RIGHT_8",
      "execute": "LANE_RIGHT",
      "after": "1000",
      "priority": 0,
      "additionalGuards": null,
      "activationKind": null,
      "fixedVariables": {
        "Crash": "FALSE",
        "VehiclesAy": "{(EgoVehicle↦-5.7803483599627725E-06),(Vehicles2↦5.7803483599627725E-06),(Vehicles3↦-7.959876526797416E-06),(Vehicles4↦5.7803483599627725E-06),(Vehicles5↦-6.547242961119082E-06)}",
        "Reward": "0.7333734304879762",
        "VehiclesAx": "{(EgoVehicle↦-0.009913444519042969),(Vehicles2↦-0.009012706577777863),(Vehicles3↦0.08813656866550446),(Vehicles4↦-0.08225873112678528),(Vehicles5↦-0.007760487496852875)}",
        "VehiclesVx": "{(EgoVehicle↦20.00150442123413),(Vehicles2↦-0.10731436312198639),(Vehicles3↦-0.32833363860845566),(Vehicles4↦1.20528906583786),(Vehicles5↦0.010439190082252026)}",
        "VehiclesY": "{(EgoVehicle↦7.999999523162842),(Vehicles2↦-7.999999523162842),(Vehicles3↦-1.9761649383553959E-07),(Vehicles4↦-3.999999761581421),(Vehicles5↦1.3202312842963693E-07)}",
        "VehiclesVy": "{(EgoVehicle↦3.834473005781547E-07),(Vehicles2↦-3.834473005781547E-07),(Vehicles3↦5.678669623421229E-07),(Vehicles4↦-3.834473005781547E-07),(Vehicles5↦-3.834473005781547E-07)}",
        "VehiclesX": "{(EgoVehicle↦200.0),(Vehicles2↦7.759985327720642),(Vehicles3↦27.68339514732361),(Vehicles4↦71.95744514465332),(Vehicles5↦81.57917857170105)}"
      },
      "probabilisticVariables": null,
      "activating": [
        "LANE_RIGHT_9"
      ],
      "activatingOnlyWhenExecuted": true,
      "updating": null,
      "withPredicate": null
    },
    {
      "id": "LANE_RIGHT_9",
      "execute": "LANE_RIGHT",
      "after": "1000",
      "priority": 0,
      "additionalGuards": null,
      "activationKind": null,
      "fixedVariables": {
        "Crash": "FALSE",
        "VehiclesAy": "{(EgoVehicle↦-3.5958978017447407E-07),(Vehicles2↦3.5958978017447407E-07),(Vehicles3↦-5.305676253897218E-07),(Vehicles4↦3.5958978017447407E-07),(Vehicles5↦-4.073048209818353E-07)}",
        "Reward": "0.7333386136170722",
        "VehiclesAx": "{(EgoVehicle↦-0.0013065338134765625),(Vehicles2↦-0.004771221429109573),(Vehicles3↦0.054211653769016266),(Vehicles4↦-0.07400207221508026),(Vehicles5↦-0.029867716366425157)}",
        "VehiclesVx": "{(EgoVehicle↦20.000197887420654),(Vehicles2↦-0.11208558455109596),(Vehicles3↦-0.2741219848394394),(Vehicles4↦1.1312869936227798),(Vehicles5↦-0.01942852628417313)}",
        "VehiclesY": "{(EgoVehicle↦8.000000238418579),(Vehicles2↦-8.000000238418579),(Vehicles3↦-1.2957858785966891E-08),(Vehicles4↦-4.0000001192092896),(Vehicles5↦8.21416268337316E-09)}",
        "VehiclesVy": "{(EgoVehicle↦2.385752040368061E-08),(Vehicles2↦-2.385752040368061E-08),(Vehicles3↦3.729933695240106E-08),(Vehicles4↦-2.385752040368061E-08),(Vehicles5↦-2.385752040368061E-08)}",
        "VehiclesX": "{(EgoVehicle↦200.0),(Vehicles2↦7.650205492973328),(Vehicles3↦27.378684282302856),(Vehicles4↦73.13236594200134),(Vehicles5↦81.57867193222046)}"
      },
      "probabilisticVariables": null,
      "activating": [
        "LANE_RIGHT_10"
      ],
      "activatingOnlyWhenExecuted": true,
      "updating": null,
      "withPredicate": null
    },
    {
      "id": "LANE_RIGHT_10",
      "execute": "LANE_RIGHT",
      "after": "1000",
      "priority": 0,
      "additionalGuards": null,
      "activationKind": null,
      "fixedVariables": {
        "Crash": "FALSE",
        "VehiclesAy": "{(EgoVehicle↦-2.237310781083579E-08),(Vehicles2↦2.237310781083579E-08),(Vehicles3↦-3.487103938937253E-08),(Vehicles4↦2.237310781083579E-08),(Vehicles5↦-2.534193299652543E-08)}",
        "Reward": "0.73333402867934",
        "VehiclesAx": "{(EgoVehicle↦-0.000171661376953125),(Vehicles2↦0.0012205820530653),(Vehicles3↦0.03418268635869026),(Vehicles4↦-0.06576642394065857),(Vehicles5↦-0.03860550816170871)}",
        "VehiclesVx": "{(EgoVehicle↦20.0000262260437),(Vehicles2↦-0.11086500249803066),(Vehicles3↦-0.23993929848074913),(Vehicles4↦1.0655205696821213),(Vehicles5↦-0.058034034445881844)}",
        "VehiclesY": "{(EgoVehicle↦8.000000238418579),(Vehicles2↦-8.000000238418579),(Vehicles3↦-8.42691250113603E-10),(Vehicles4↦-4.0000001192092896),(Vehicles5↦5.11081843512784E-10)}",
        "VehiclesVy": "{(EgoVehicle↦1.4844125928448193E-09),(Vehicles2↦-1.4844125928448193E-09),(Vehicles3↦2.4282975630285364E-09),(Vehicles4↦-1.4844125928448193E-09),(Vehicles5↦-1.4844125928448193E-09)}",
        "VehiclesX": "{(EgoVehicle↦200.0),(Vehicles2↦7.538224011659622),(Vehicles3↦27.119562029838562),(Vehicles4↦74.23679232597351),(Vehicles5↦81.5442681312561)}"
      },
      "probabilisticVariables": null,
      "activating": [
        "LANE_RIGHT_11"
      ],
      "activatingOnlyWhenExecuted": true,
      "updating": null,
      "withPredicate": null
    },
    {
      "id": "LANE_RIGHT_11",
      "execute": "LANE_RIGHT",
      "after": "1000",
      "priority": 0,
      "additionalGuards": null,
      "activationKind": null,
      "fixedVariables": {
        "Crash": "FALSE",
        "VehiclesAy": "{(EgoVehicle↦-1.3920598007644003E-09),(Vehicles2↦1.3920598007644003E-09),(Vehicles3↦-2.2710899827416142E-09),(Vehicles4↦1.3920598007644003E-09),(Vehicles5↦-1.5767653849252383E-09)}",
        "Reward": "0.7333334249015317",
        "VehiclesAx": "{(EgoVehicle↦-2.384185791015625E-05),(Vehicles2↦0.004881629720330238),(Vehicles3↦0.019869450479745865),(Vehicles4↦-0.059871748089790344),(Vehicles5↦-0.042808959260582924)}",
        "VehiclesVx": "{(EgoVehicle↦20.00000238418579),(Vehicles2↦-0.10598337277770042),(Vehicles3↦-0.22006984800100327),(Vehicles4↦1.005648821592331),(Vehicles5↦-0.10084299370646477)}",
        "VehiclesY": "{(EgoVehicle↦8.000000238418579),(Vehicles2↦-8.000000238418579),(Vehicles3↦-5.452571727460054E-11),(Vehicles4↦-4.0000001192092896),(Vehicles5↦3.1801228317362984E-11)}",
        "VehiclesVy": "{(EgoVehicle↦9.235279208041902E-11),(Vehicles2↦-9.235279208041902E-11),(Vehicles3↦1.5720758028692217E-10),(Vehicles4↦-9.235279208041902E-11),(Vehicles5↦-9.235279208041902E-11)}",
        "VehiclesX": "{(EgoVehicle↦200.0),(Vehicles2↦7.429101318120956),(Vehicles3↦26.88855230808258),(Vehicles4↦75.27796030044556),(Vehicles5↦81.46933317184448)}"
      },
      "probabilisticVariables": null,
      "activating": [
        "LANE_RIGHT_12"
      ],
      "activatingOnlyWhenExecuted": true,
      "updating": null,
      "withPredicate": null
    },
    {
      "id": "LANE_RIGHT_12",
      "execute": "LANE_RIGHT",
      "after": "1000",
      "priority": 0,
      "additionalGuards": null,
      "activationKind": null,
      "fixedVariables": {
        "Crash": "FALSE",
        "VehiclesAy": "{(EgoVehicle↦-8.661515948915621E-11),(Vehicles2↦8.661515948915621E-11),(Vehicles3↦-1.4706458273394674E-10),(Vehicles4↦8.661515948915621E-11),(Vehicles5↦-9.809042467168183E-11)}",
        "Reward": "0.7333333453916969",
        "VehiclesAx": "{(EgoVehicle↦-2.384185791015625E-06),(Vehicles2↦0.006815474480390549),(Vehicles3↦0.009128022938966751),(Vehicles4↦-0.05520261824131012),(Vehicles5↦-0.044614411890506744)}",
        "VehiclesVx": "{(EgoVehicle↦20.0),(Vehicles2↦-0.09916789829730988),(Vehicles3↦-0.21094182506203651),(Vehicles4↦0.9504462033510208),(Vehicles5↦-0.1454574055969715)}",
        "VehiclesY": "{(EgoVehicle↦8.000000238418579),(Vehicles2↦-8.000000238418579),(Vehicles3↦-3.518518809642046E-12),(Vehicles4↦-4.0000001192092896),(Vehicles5↦1.979749697511579E-12)}",
        "VehiclesVy": "{(EgoVehicle↦5.737632591262809E-12),(Vehicles2↦-5.737632591262809E-12),(Vehicles3↦1.014299755297543E-11),(Vehicles4↦-5.737632591262809E-12),(Vehicles5↦-5.737632591262809E-12)}",
        "VehiclesX": "{(EgoVehicle↦200.0),(Vehicles2↦7.325737178325653),(Vehicles3↦26.672878861427307),(Vehicles4↦76.26118063926697),(Vehicles5↦81.35071992874146)}"
      },
      "probabilisticVariables": null,
      "activating": [
        "LANE_RIGHT_13"
      ],
      "activatingOnlyWhenExecuted": true,
      "updating": null,
      "withPredicate": null
    },
    {
      "id": "LANE_RIGHT_13",
      "execute": "LANE_RIGHT",
      "after": "1000",
      "priority": 0,
      "additionalGuards": null,
      "activationKind": null,
      "fixedVariables": {
        "Crash": "FALSE",
        "VehiclesAy": "{(EgoVehicle↦-5.382361223382759E-12),(Vehicles2↦5.382361223382759E-12),(Vehicles3↦-9.485745522397337E-12),(Vehicles4↦5.382361223382759E-12),(Vehicles5↦-6.092903959142859E-12)}",
        "Reward": "0.733333334921266",
        "VehiclesAx": "{(EgoVehicle↦0.0),(Vehicles2↦0.007762731984257698),(Vehicles3↦0.0009230151772499084),(Vehicles4↦-0.05099192261695862),(Vehicles5↦-0.044874586164951324)}",
        "VehiclesVx": "{(EgoVehicle↦20.0),(Vehicles2↦-0.09140516631305218),(Vehicles3↦-0.2100188098847866),(Vehicles4↦0.8994542807340622),(Vehicles5↦-0.19033199176192284)}",
        "VehiclesY": "{(EgoVehicle↦8.000000238418579),(Vehicles2↦-8.000000238418579),(Vehicles3↦-2.2515322939398175E-13),(Vehicles4↦-4.0000001192092896),(Vehicles5↦1.2523315717771766E-13)}",
        "VehiclesVy": "{(EgoVehicle↦3.552713678800501E-13),(Vehicles2↦-3.552713678800501E-13),(Vehicles3↦6.572520305780927E-13),(Vehicles4↦-3.552713678800501E-13),(Vehicles5↦-3.552713678800501E-13)}",
        "VehiclesX": "{(EgoVehicle↦200.0),(Vehicles2↦7.229624688625336),(Vehicles3↦26.46287977695465),(Vehicles4↦77.19089984893799),(Vehicles5↦81.18728399276733)}"
      },
      "probabilisticVariables": null,
      "activating": [
        "LANE_RIGHT_14"
      ],
      "activatingOnlyWhenExecuted": true,
      "updating": null,
      "withPredicate": null
    },
    {
      "id": "LANE_RIGHT_14",
      "execute": "LANE_RIGHT",
      "after": "1000",
      "priority": 0,
      "additionalGuards": null,
      "activationKind": null,
      "fixedVariables": {
        "Crash": "FALSE",
        "VehiclesAy": "{(EgoVehicle↦-3.375077994860476E-13),(Vehicles2↦3.375077994860476E-13),(Vehicles3↦-6.217248937900877E-13),(Vehicles4↦3.375077994860476E-13),(Vehicles5↦-3.730349362740526E-13)}",
        "Reward": "0.7333333335424438",
        "VehiclesAx": "{(EgoVehicle↦0.0),(Vehicles2↦0.008188989013433456),(Vehicles3↦-0.0054016150534152985),(Vehicles4↦-0.0469014048576355),(Vehicles5↦-0.044067949056625366)}",
        "VehiclesVx": "{(EgoVehicle↦20.0),(Vehicles2↦-0.08321617729961872),(Vehicles3↦-0.2154204249382019),(Vehicles4↦0.8525528758764267),(Vehicles5↦-0.2343999408185482)}",
        "VehiclesY": "{(EgoVehicle↦8.000000238418579),(Vehicles2↦-8.000000238418579),(Vehicles3↦-1.4654943925052066E-14),(Vehicles4↦-4.0000001192092896),(Vehicles5↦7.993605777301127E-15)}",
        "VehiclesVy": "{(EgoVehicle↦1.7763568394002505E-14),(Vehicles2↦-1.7763568394002505E-14),(Vehicles3↦3.552713678800501E-14),(Vehicles4↦-1.7763568394002505E-14),(Vehicles5↦-1.7763568394002505E-14)}",
        "VehiclesX": "{(EgoVehicle↦200.0),(Vehicles2↦7.141473889350891),(Vehicles3↦26.25114619731903),(Vehicles4↦78.07126641273499),(Vehicles5↦80.97922801971436)}"
      },
      "probabilisticVariables": null,
      "activating": [
        "LANE_RIGHT_15"
      ],
      "activatingOnlyWhenExecuted": true,
      "updating": null,
      "withPredicate": null
    },
    {
      "id": "LANE_RIGHT_15",
      "execute": "LANE_RIGHT",
      "after": "1000",
      "priority": 0,
      "additionalGuards": null,
      "activationKind": null,
      "fixedVariables": {
        "Crash": "FALSE",
        "VehiclesAy": "{(EgoVehicle↦-1.7763568394002505E-14),(Vehicles2↦1.7763568394002505E-14),(Vehicles3↦-3.552713678800501E-14),(Vehicles4↦1.7763568394002505E-14),(Vehicles5↦-1.7763568394002505E-14)}",
        "Reward": "0.7333333333608705",
        "VehiclesAx": "{(EgoVehicle↦0.0),(Vehicles2↦0.008351136930286884),(Vehicles3↦-0.010290201753377914),(Vehicles4↦-0.042825937271118164),(Vehicles5↦-0.04251250997185707)}",
        "VehiclesVx": "{(EgoVehicle↦20.0),(Vehicles2↦-0.07486504036933184),(Vehicles3↦-0.22571062669157982),(Vehicles4↦0.8097269386053085),(Vehicles5↦-0.2769124507904053)}",
        "VehiclesY": "{(EgoVehicle↦8.000000238418579),(Vehicles2↦-8.000000238418579),(Vehicles3↦0.0),(Vehicles4↦-4.0000001192092896),(Vehicles5↦0.0)}",
        "VehiclesVy": "{(EgoVehicle↦0.0),(Vehicles2↦0.0),(Vehicles3↦0.0),(Vehicles4↦0.0),(Vehicles5↦0.0)}",
        "VehiclesX": "{(EgoVehicle↦200.0),(Vehicles2↦7.061591744422913),(Vehicles3↦26.03195011615753),(Vehicles4↦78.90636324882507),(Vehicles5↦80.7276725769043)}"
      },
      "probabilisticVariables": null,
      "activating": [
        "LANE_RIGHT_16"
      ],
      "activatingOnlyWhenExecuted": true,
      "updating": null,
      "withPredicate": null
    },
    {
      "id": "LANE_RIGHT_16",
      "execute": "LANE_RIGHT",
      "after": "1000",
      "priority": 0,
      "additionalGuards": null,
      "activationKind": null,
      "fixedVariables": {
        "Crash": "FALSE",
        "VehiclesAy": "{(EgoVehicle↦0.0),(Vehicles2↦0.0),(Vehicles3↦0.0),(Vehicles4↦0.0),(Vehicles5↦0.0)}",
        "Reward": "0.7333333333369597",
        "VehiclesAx": "{(EgoVehicle↦0.0),(Vehicles2↦0.008381372317671776),(Vehicles3↦-0.014051161706447601),(Vehicles4↦-0.038764774799346924),(Vehicles5↦-0.04043757915496826)}",
        "VehiclesVx": "{(EgoVehicle↦20.0),(Vehicles2↦-0.06648366805166006),(Vehicles3↦-0.23976178839802742),(Vehicles4↦0.7709621638059616),(Vehicles5↦-0.31735002994537354)}",
        "VehiclesY": "{(EgoVehicle↦8.000000238418579),(Vehicles2↦-8.000000238418579),(Vehicles3↦0.0),(Vehicles4↦-4.0000001192092896),(Vehicles5↦0.0)}",
        "VehiclesVy": "{(EgoVehicle↦0.0),(Vehicles2↦0.0),(Vehicles3↦0.0),(Vehicles4↦0.0),(Vehicles5↦0.0)}",
        "VehiclesX": "{(EgoVehicle↦200.0),(Vehicles2↦6.990080326795578),(Vehicles3↦25.800880789756775),(Vehicles4↦79.70026135444641),(Vehicles5↦80.43440580368042)}"
      },
      "probabilisticVariables": null,
      "activating": [
        "LANE_RIGHT_17"
      ],
      "activatingOnlyWhenExecuted": true,
      "updating": null,
      "withPredicate": null
    },
    {
      "id": "LANE_RIGHT_17",
      "execute": "LANE_RIGHT",
      "after": "1000",
      "priority": 0,
      "additionalGuards": null,
      "activationKind": null,
      "fixedVariables": {
        "Crash": "FALSE",
        "VehiclesAy": "{(EgoVehicle↦0.0),(Vehicles2↦0.0),(Vehicles3↦0.0),(Vehicles4↦0.0),(Vehicles5↦0.0)}",
        "Reward": "0.7333333333338109",
        "VehiclesAx": "{(EgoVehicle↦0.0),(Vehicles2↦0.008343174122273922),(Vehicles3↦-0.01690411940217018),(Vehicles4↦-1.126326099038124),(Vehicles5↦1.0535553842782974)}",
        "VehiclesVx": "{(EgoVehicle↦20.0),(Vehicles2↦-0.05814049392938614),(Vehicles3↦-0.2566659078001976),(Vehicles4↦-0.3553639352321625),(Vehicles5↦0.7362053543329239)}",
        "VehiclesY": "{(EgoVehicle↦8.000000238418579),(Vehicles2↦-8.000000238418579),(Vehicles3↦0.0),(Vehicles4↦0.0),(Vehicles5↦-4.0000001192092896)}",
        "VehiclesVy": "{(EgoVehicle↦0.0),(Vehicles2↦0.0),(Vehicles3↦0.0),(Vehicles4↦0.0),(Vehicles5↦0.0)}",
        "VehiclesX": "{(EgoVehicle↦200.0),(Vehicles2↦6.926938891410828),(Vehicles3↦25.554552674293518),(Vehicles4↦80.10164499282837),(Vehicles5↦80.45700192451477)}"
      },
      "probabilisticVariables": null,
      "activating": [
        "FASTER_18"
      ],
      "activatingOnlyWhenExecuted": true,
      "updating": null,
      "withPredicate": null
    },
    {
      "id": "FASTER_18",
      "execute": "FASTER",
      "after": "1000",
      "priority": 0,
      "additionalGuards": null,
      "activationKind": null,
      "fixedVariables": {
        "Crash": "FALSE",
        "VehiclesAy": "{(EgoVehicle↦0.0),(Vehicles2↦0.0),(Vehicles3↦-3.316282033920288),(Vehicles4↦0.0),(Vehicles5↦0.0)}",
        "Reward": "0.8491083676269491",
        "VehiclesAx": "{(EgoVehicle↦4.341564178466797),(Vehicles2↦-4.333299361169338),(Vehicles3↦-4.65310487896204),(Vehicles4↦-4.376933127641678),(Vehicles5↦-4.3724144250154495)}",
        "VehiclesVx": "{(EgoVehicle↦24.341564178466797),(Vehicles2↦-4.391439855098724),(Vehicles3↦-4.9097707867622375),(Vehicles4↦-4.73229706287384),(Vehicles5↦-3.6362090706825256)}",
        "VehiclesY": "{(EgoVehicle↦8.000000238418579),(Vehicles2↦-8.000000238418579),(Vehicles3↦-2.8155652284622192),(Vehicles4↦0.0),(Vehicles5↦-4.0000001192092896)}",
        "VehiclesVy": "{(EgoVehicle↦0.0),(Vehicles2↦0.0),(Vehicles3↦-3.316282033920288),(Vehicles4↦0.0),(Vehicles5↦0.0)}",
        "VehiclesX": "{(EgoVehicle↦200.0),(Vehicles2↦4.47705015540123),(Vehicles3↦22.53616601228714),(Vehicles4↦77.33685374259949),(Vehicles5↦78.78549695014954)}"
      },
      "probabilisticVariables": null,
      "activating": [
        "LANE_RIGHT_19"
      ],
      "activatingOnlyWhenExecuted": true,
      "updating": null,
      "withPredicate": null
    },
    {
      "id": "LANE_RIGHT_19",
      "execute": "LANE_RIGHT",
      "after": "1000",
      "priority": 0,
      "additionalGuards": null,
      "activationKind": null,
      "fixedVariables": {
        "Crash": "FALSE",
        "VehiclesAy": "{(EgoVehicle↦0.0),(Vehicles2↦0.0),(Vehicles3↦3.0946836061775684),(Vehicles4↦0.0),(Vehicles5↦0.0)}",
        "Reward": "0.8643544626778974",
        "VehiclesAx": "{(EgoVehicle↦0.5717277526855469),(Vehicles2↦-0.563572347164154),(Vehicles3↦-0.05508303642272949),(Vehicles4↦-0.6043261289596558),(Vehicles5↦-0.5988189578056335)}",
        "VehiclesVx": "{(EgoVehicle↦24.913291931152344),(Vehicles2↦-4.955012202262878),(Vehicles3↦-4.964853823184967),(Vehicles4↦-5.336623191833496),(Vehicles5↦-4.235028028488159)}",
        "VehiclesY": "{(EgoVehicle↦8.000000238418579),(Vehicles2↦-8.000000238418579),(Vehicles3↦-3.9237602949142456),(Vehicles4↦0.0),(Vehicles5↦-4.0000001192092896)}",
        "VehiclesVy": "{(EgoVehicle↦0.0),(Vehicles2↦0.0),(Vehicles3↦-0.22159842774271965),(Vehicles4↦0.0),(Vehicles5↦0.0)}",
        "VehiclesX": "{(EgoVehicle↦200.0),(Vehicles2↦-0.22651648614555597),(Vehicles3↦17.64291524887085),(Vehicles4↦72.27588891983032),(Vehicles5↦74.8227596282959)}"
      },
      "probabilisticVariables": null,
      "activating": [
        "LANE_RIGHT_20"
      ],
      "activatingOnlyWhenExecuted": true,
      "updating": null,
      "withPredicate": null
    },
    {
      "id": "LANE_RIGHT_20",
      "execute": "LANE_RIGHT",
      "after": "1000",
      "priority": 0,
      "additionalGuards": null,
      "activationKind": null,
      "fixedVariables": {
        "Crash": "FALSE",
        "VehiclesAy": "{(EgoVehicle↦0.0),(Vehicles2↦0.0),(Vehicles3↦0.20784389576874673),(Vehicles4↦0.0),(Vehicles5↦0.0)}",
        "Reward": "0.8663621788985982",
        "VehiclesAx": "{(EgoVehicle↦0.07529020309448242),(Vehicles2↦-0.06726741790771484),(Vehicles3↦0.08987784385681152),(Vehicles4↦-0.10505735874176025),(Vehicles5↦-0.09880214929580688)}",
        "VehiclesVx": "{(EgoVehicle↦24.988582134246826),(Vehicles2↦-5.022279620170593),(Vehicles3↦-4.8749759793281555),(Vehicles4↦-5.441680550575256),(Vehicles5↦-4.333830177783966)}",
        "VehiclesY": "{(EgoVehicle↦8.000000238418579),(Vehicles2↦-8.000000238418579),(Vehicles3↦-3.995282292366028),(Vehicles4↦0.0),(Vehicles5↦-4.0000001192092896)}",
        "VehiclesVy": "{(EgoVehicle↦0.0),(Vehicles2↦0.0),(Vehicles3↦-0.013754531973972917),(Vehicles4↦0.0),(Vehicles5↦0.0)}",
        "VehiclesX": "{(EgoVehicle↦200.0),(Vehicles2↦-5.219842121005058),(Vehicles3↦12.708958983421326),(Vehicles4↦66.88560247421265),(Vehicles5↦70.53651809692383)}"
      },
      "probabilisticVariables": null,
      "activating": [
        "LANE_RIGHT_21"
      ],
      "activatingOnlyWhenExecuted": true,
      "updating": null,
      "withPredicate": null
    },
    {
      "id": "LANE_RIGHT_21",
      "execute": "LANE_RIGHT",
      "after": "1000",
      "priority": 0,
      "additionalGuards": null,
      "activationKind": null,
      "fixedVariables": {
        "Crash": "FALSE",
        "VehiclesAy": "{(EgoVehicle↦0.0),(Vehicles2↦-0.000840795983094722),(Vehicles3↦0.013754531973972917),(Vehicles4↦0.0),(Vehicles5↦0.0)}",
        "Reward": "0.866626569512024",
        "VehiclesAx": "{(EgoVehicle↦0.009913444519042969),(Vehicles2↦0.24296730756759644),(Vehicles3↦-0.6035485863685608),(Vehicles4↦1.0777920484542847),(Vehicles5↦-0.549943745136261)}",
        "VehiclesVx": "{(EgoVehicle↦24.99849557876587),(Vehicles2↦-4.779312312602997),(Vehicles3↦-5.478524565696716),(Vehicles4↦-4.363888502120972),(Vehicles5↦-4.883773922920227)}",
        "VehiclesY": "{(EgoVehicle↦8.000000238418579),(Vehicles2↦-3.9997122287750244),(Vehicles3↦0.0),(Vehicles4↦-4.0000001192092896),(Vehicles5↦-8.000000238418579)}",
        "VehiclesVy": "{(EgoVehicle↦0.0),(Vehicles2↦-0.000840795983094722),(Vehicles3↦0.0),(Vehicles4↦0.0),(Vehicles5↦0.0)}",
        "VehiclesX": "{(EgoVehicle↦200.0),(Vehicles2↦7.87438303232193),(Vehicles3↦61.42745018005371),(Vehicles4↦66.18889570236206),(Vehicles5↦70.27395367622375)}"
      },
      "probabilisticVariables": null,
      "activating": [
        "SLOWER_22"
      ],
      "activatingOnlyWhenExecuted": true,
      "updating": null,
      "withPredicate": null
    },
    {
      "id": "SLOWER_22",
      "execute": "SLOWER",
      "after": "1000",
      "priority": 0,
      "additionalGuards": null,
      "activationKind": null,
      "fixedVariables": {
        "Crash": "FALSE",
        "VehiclesAy": "{(EgoVehicle↦0.0),(Vehicles2↦0.0007898965031927219),(Vehicles3↦0.0),(Vehicles4↦0.0),(Vehicles5↦0.0)}",
        "Reward": "0.7508863520893749",
        "VehiclesAx": "{(EgoVehicle↦-4.34025764465332),(Vehicles2↦4.4096120074391365),(Vehicles3↦4.316142946481705),(Vehicles4↦4.32325794827193),(Vehicles5↦4.363401047885418)}",
        "VehiclesVx": "{(EgoVehicle↦20.65823793411255),(Vehicles2↦-0.3697003051638603),(Vehicles3↦-1.1623816192150116),(Vehicles4↦-0.04063055384904146),(Vehicles5↦-0.5203728750348091)}",
        "VehiclesY": "{(EgoVehicle↦8.000000238418579),(Vehicles2↦-3.9999825954437256),(Vehicles3↦0.0),(Vehicles4↦-4.0000001192092896),(Vehicles5↦-8.000000238418579)}",
        "VehiclesVy": "{(EgoVehicle↦0.0),(Vehicles2↦-5.0899479902000166E-05),(Vehicles3↦0.0),(Vehicles4↦0.0),(Vehicles5↦0.0)}",
        "VehiclesX": "{(EgoVehicle↦200.0),(Vehicles2↦5.519400537014008),(Vehicles3↦58.333396911621094),(Vehicles4↦64.21231031417847),(Vehicles5↦67.79412627220154)}"
      },
      "probabilisticVariables": null,
      "activating": [
        "FASTER_23"
      ],
      "activatingOnlyWhenExecuted": true,
      "updating": null,
      "withPredicate": null
    },
    {
      "id": "FASTER_23",
      "execute": "FASTER",
      "after": "1000",
      "priority": 0,
      "additionalGuards": null,
      "activationKind": null,
      "fixedVariables": {
        "Crash": "FALSE",
        "VehiclesAy": "{(EgoVehicle↦0.0),(Vehicles2↦4.783807725061706E-05),(Vehicles3↦0.0),(Vehicles4↦0.0),(Vehicles5↦0.0)}",
        "Reward": "0.8514198762696571",
        "VehiclesAx": "{(EgoVehicle↦3.770008087158203),(Vehicles2↦-3.7230463698506355),(Vehicles3↦-3.7913592159748077),(Vehicles4↦-3.7840990675613284),(Vehicles5↦-3.750869147479534)}",
        "VehiclesVx": "{(EgoVehicle↦24.428246021270752),(Vehicles2↦-4.092746675014496),(Vehicles3↦-4.953740835189819),(Vehicles4↦-3.82472962141037),(Vehicles5↦-4.271242022514343)}",
        "VehiclesY": "{(EgoVehicle↦8.000000238418579),(Vehicles2↦-3.9999990463256836),(Vehicles3↦0.0),(Vehicles4↦-4.0000001192092896),(Vehicles5↦-8.000000238418579)}",
        "VehiclesVy": "{(EgoVehicle↦0.0),(Vehicles2↦-3.061402651383105E-06),(Vehicles3↦0.0),(Vehicles4↦0.0),(Vehicles5↦0.0)}",
        "VehiclesX": "{(EgoVehicle↦200.0),(Vehicles2↦3.090118430554867),(Vehicles3↦55.082499980926514),(Vehicles4↦62.086063623428345),(Vehicles5↦65.20194411277771)}"
      },
      "probabilisticVariables": null,
      "activating": [
        "SLOWER_24"
      ],
      "activatingOnlyWhenExecuted": true,
      "updating": null,
      "withPredicate": null
    },
    {
      "id": "SLOWER_24",
      "execute": "SLOWER",
      "after": "1000",
      "priority": 0,
      "additionalGuards": null,
      "activationKind": null,
      "fixedVariables": {
        "Crash": "FALSE",
        "VehiclesAy": "{(EgoVehicle↦0.0),(Vehicles2↦2.8780925553917314E-06),(Vehicles3↦0.0),(Vehicles4↦0.0),(Vehicles5↦0.0)}",
        "Reward": "0.7488838245842072",
        "VehiclesAx": "{(EgoVehicle↦-3.8451027870178223),(Vehicles2↦3.8781447149813175),(Vehicles3↦3.826444074511528),(Vehicles4↦3.8336808676831424),(Vehicles5↦3.860796019434929)}",
        "VehiclesVx": "{(EgoVehicle↦20.58314323425293),(Vehicles2↦-0.21460196003317833),(Vehicles3↦-1.1272967606782913),(Vehicles4↦0.00895124627277255),(Vehicles5↦-0.41044600307941437)}",
        "VehiclesY": "{(EgoVehicle↦8.000000238418579),(Vehicles2↦-3.999999761581421),(Vehicles3↦0.0),(Vehicles4↦-4.0000001192092896),(Vehicles5↦-8.000000238418579)}",
        "VehiclesVy": "{(EgoVehicle↦0.0),(Vehicles2↦-1.833100959913736E-07),(Vehicles3↦0.0),(Vehicles4↦0.0),(Vehicles5↦0.0)}",
        "VehiclesX": "{(EgoVehicle↦200.0),(Vehicles2↦1.1326424777507782),(Vehicles3↦52.24226713180542),(Vehicles4↦60.37774085998535),(Vehicles5↦63.05842399597168)}"
      },
      "probabilisticVariables": null,
      "activating": [
        "FASTER_25"
      ],
      "activatingOnlyWhenExecuted": true,
      "updating": null,
      "withPredicate": null
    },
    {
      "id": "FASTER_25",
      "execute": "FASTER",
      "after": "1000",
      "priority": 0,
      "additionalGuards": null,
      "activationKind": null,
      "fixedVariables": {
        "Crash": "FALSE",
        "VehiclesAy": "{(EgoVehicle↦0.0),(Vehicles2↦1.723690612465134E-07),(Vehicles3↦0.0),(Vehicles4↦0.0),(Vehicles5↦0.0)}",
        "Reward": "0.8511561689438736",
        "VehiclesAx": "{(EgoVehicle↦3.8352131843566895),(Vehicles2↦-3.810917530208826),(Vehicles3↦-3.8512595742940903),(Vehicles4↦-3.844198703300208),(Vehicles5↦-3.822491094470024)}",
        "VehiclesVx": "{(EgoVehicle↦24.41835641860962),(Vehicles2↦-4.025519490242004),(Vehicles3↦-4.978556334972382),(Vehicles4↦-3.8352474570274353),(Vehicles5↦-4.2329370975494385)}",
        "VehiclesY": "{(EgoVehicle↦8.000000238418579),(Vehicles2↦-4.0000001192092896),(Vehicles3↦0.0),(Vehicles4↦-4.0000001192092896),(Vehicles5↦-8.000000238418579)}",
        "VehiclesVy": "{(EgoVehicle↦0.0),(Vehicles2↦-1.094103474486019E-08),(Vehicles3↦0.0),(Vehicles4↦0.0),(Vehicles5↦0.0)}",
        "VehiclesX": "{(EgoVehicle↦200.0),(Vehicles2↦-1.187419332563877),(Vehicles3↦48.992618918418884),(Vehicles4↦58.26718807220459),(Vehicles5↦60.537558794021606)}"
      },
      "probabilisticVariables": null,
      "activating": [
        "SLOWER_26"
      ],
      "activatingOnlyWhenExecuted": true,
      "updating": null,
      "withPredicate": null
    },
    {
      "id": "SLOWER_26",
      "execute": "SLOWER",
      "after": "1000",
      "priority": 0,
      "additionalGuards": null,
      "activationKind": null,
      "fixedVariables": {
        "Crash": "FALSE",
        "VehiclesAy": "{(EgoVehicle↦0.0),(Vehicles2↦1.0289582519362739E-08),(Vehicles3↦0.0),(Vehicles4↦0.0),(Vehicles5↦0.0)}",
        "Reward": "0.7488490976935691",
        "VehiclesAx": "{(EgoVehicle↦-3.836514949798584),(Vehicles2↦3.855226244777441),(Vehicles3↦3.822985962033272),(Vehicles4↦3.8297364173922688),(Vehicles5↦3.8466650247573853)}",
        "VehiclesVx": "{(EgoVehicle↦20.581841468811035),(Vehicles2↦-0.17029324546456337),(Vehicles3↦-1.1555703729391098),(Vehicles4↦-0.005511039635166526),(Vehicles5↦-0.3862720727920532)}",
        "VehiclesY": "{(EgoVehicle↦8.000000238418579),(Vehicles2↦-4.0000001192092896),(Vehicles3↦0.0),(Vehicles4↦-4.0000001192092896),(Vehicles5↦-8.000000238418579)}",
        "VehiclesVy": "{(EgoVehicle↦0.0),(Vehicles2↦-6.514522254974509E-10),(Vehicles3↦0.0),(Vehicles4↦0.0),(Vehicles5↦0.0)}",
        "VehiclesX": "{(EgoVehicle↦200.0),(Vehicles2↦-3.0886519700288773),(Vehicles3↦46.12489938735962),(Vehicles4↦56.54550790786743),(Vehicles5↦58.4253191947937)}"
      },
      "probabilisticVariables": null,
      "activating": [
        "LANE_RIGHT_27"
      ],
      "activatingOnlyWhenExecuted": true,
      "updating": null,
      "withPredicate": null
    },
    {
      "id": "LANE_RIGHT_27",
      "execute": "LANE_RIGHT",
      "after": "1000",
      "priority": 0,
      "additionalGuards": null,
      "activationKind": null,
      "fixedVariables": {
        "Crash": "FALSE",
        "VehiclesAy": "{(EgoVehicle↦0.0),(Vehicles2↦6.127454099669194E-10),(Vehicles3↦0.0),(Vehicles4↦0.0),(Vehicles5↦0.0)}",
        "Reward": "0.7353765615618416",
        "VehiclesAx": "{(EgoVehicle↦-0.505220890045166),(Vehicles2↦0.5202984996140003),(Vehicles3↦0.4941045492887497),(Vehicles4↦0.5004290805663913),(Vehicles5↦0.5131412018090487)}",
        "VehiclesVx": "{(EgoVehicle↦20.07662057876587),(Vehicles2↦0.35000525414943695),(Vehicles3↦-0.6614658236503601),(Vehicles4↦0.4949180409312248),(Vehicles5↦0.12686912901699543)}",
        "VehiclesY": "{(EgoVehicle↦8.000000238418579),(Vehicles2↦-4.0000001192092896),(Vehicles3↦0.0),(Vehicles4↦-4.0000001192092896),(Vehicles5↦-8.000000238418579)}",
        "VehiclesVy": "{(EgoVehicle↦0.0),(Vehicles2↦-3.870681553053146E-11),(Vehicles3↦0.0),(Vehicles4↦0.0),(Vehicles5↦0.0)}",
        "VehiclesX": "{(EgoVehicle↦200.0),(Vehicles2↦-2.9739711433649063),(Vehicles3↦45.24340331554413),(Vehicles4↦56.81663751602173),(Vehicles5↦58.321088552474976)}"
      },
      "probabilisticVariables": null,
      "activating": [
        "LANE_RIGHT_28"
      ],
      "activatingOnlyWhenExecuted": true,
      "updating": null,
      "withPredicate": null
    },
    {
      "id": "LANE_RIGHT_28",
      "execute": "LANE_RIGHT",
      "after": "1000",
      "priority": 0,
      "additionalGuards": null,
      "activationKind": null,
      "fixedVariables": {
        "Crash": "FALSE",
        "VehiclesAy": "{(EgoVehicle↦0.0),(Vehicles2↦3.6406433423508133E-11),(Vehicles3↦0.0),(Vehicles4↦0.0),(Vehicles5↦0.0)}",
        "Reward": "0.7336024004251533",
        "VehiclesAx": "{(EgoVehicle↦-0.06653070449829102),(Vehicles2↦0.07919799536466599),(Vehicles3↦0.05771860480308533),(Vehicles4↦0.06352044641971588),(Vehicles5↦0.07252042181789875)}",
        "VehiclesVx": "{(EgoVehicle↦20.010089874267578),(Vehicles2↦0.42920324951410294),(Vehicles3↦-0.6037472188472748),(Vehicles4↦0.5584384873509407),(Vehicles5↦0.19938955083489418)}",
        "VehiclesY": "{(EgoVehicle↦8.000000238418579),(Vehicles2↦-4.0000001192092896),(Vehicles3↦0.0),(Vehicles4↦-4.0000001192092896),(Vehicles5↦-8.000000238418579)}",
        "VehiclesVy": "{(EgoVehicle↦0.0),(Vehicles2↦-2.3003821070233244E-12),(Vehicles3↦0.0),(Vehicles4↦0.0),(Vehicles5↦0.0)}",
        "VehiclesX": "{(EgoVehicle↦200.0),(Vehicles2↦-2.5820398703217506),(Vehicles3↦44.61493492126465),(Vehicles4↦57.346922159194946),(Vehicles5↦58.48720073699951)}"
      },
      "probabilisticVariables": null,
      "activating": [
        "LANE_RIGHT_29"
      ],
      "activatingOnlyWhenExecuted": true,
      "updating": null,
      "withPredicate": null
    },
    {
      "id": "LANE_RIGHT_29",
      "execute": "LANE_RIGHT",
      "after": "1000",
      "priority": 0,
      "additionalGuards": null,
      "activationKind": null,
      "fixedVariables": {
        "Crash": "FALSE",
        "VehiclesAy": "{(EgoVehicle↦0.0),(Vehicles2↦2.1582735598713043E-12),(Vehicles3↦0.0),(Vehicles4↦0.0),(Vehicles5↦0.0)}",
        "Reward": "0.7333687660367829",
        "VehiclesAx": "{(EgoVehicle↦-0.008761882781982422),(Vehicles2↦0.01979537308216095),(Vehicles3↦0.002134963870048523),(Vehicles4↦0.007336847484111786),(Vehicles5↦0.013078134506940842)}",
        "VehiclesVx": "{(EgoVehicle↦20.001327991485596),(Vehicles2↦0.4489986225962639),(Vehicles3↦-0.6016122549772263),(Vehicles4↦0.5657753348350525),(Vehicles5↦0.21246768534183502)}",
        "VehiclesY": "{(EgoVehicle↦8.000000238418579),(Vehicles2↦-4.0000001192092896),(Vehicles3↦0.0),(Vehicles4↦-4.0000001192092896),(Vehicles5↦-8.000000238418579)}",
        "VehiclesVy": "{(EgoVehicle↦0.0),(Vehicles2↦-1.4210854715202004E-13),(Vehicles3↦0.0),(Vehicles4↦0.0),(Vehicles5↦0.0)}",
        "VehiclesX": "{(EgoVehicle↦200.0),(Vehicles2↦-2.143482491374016),(Vehicles3↦44.01320219039917),(Vehicles4↦57.90950059890747),(Vehicles5↦58.69327187538147)}"
      },
      "probabilisticVariables": null,
      "activating": [
        "LANE_RIGHT_30"
      ],
      "activatingOnlyWhenExecuted": true,
      "updating": null,
      "withPredicate": null
    },
    {
      "id": "LANE_RIGHT_30",
      "execute": "LANE_RIGHT",
      "after": "1000",
      "priority": 0,
      "additionalGuards": null,
      "activationKind": null,
      "fixedVariables": {
        "Crash": "FALSE",
        "VehiclesAy": "{(EgoVehicle↦0.0),(Vehicles2↦1.2434497875801753E-13),(Vehicles3↦0.0),(Vehicles4↦0.0),(Vehicles5↦0.0)}",
        "Reward": "0.7333379993683554",
        "VehiclesAx": "{(EgoVehicle↦-0.0011539459228515625),(Vehicles2↦0.011062510311603546),(Vehicles3↦-0.003408007323741913),(Vehicles4↦0.0011349096894264221),(Vehicles5↦0.004025939851999283)}",
        "VehiclesVx": "{(EgoVehicle↦20.000174045562744),(Vehicles2↦0.46006113290786743),(Vehicles3↦-0.6050202623009682),(Vehicles4↦0.5669102445244789),(Vehicles5↦0.2164936251938343)}",
        "VehiclesY": "{(EgoVehicle↦8.000000238418579),(Vehicles2↦-4.0000001192092896),(Vehicles3↦0.0),(Vehicles4↦-4.0000001192092896),(Vehicles5↦-8.000000238418579)}",
        "VehiclesVy": "{(EgoVehicle↦0.0),(Vehicles2↦-1.7763568394002505E-14),(Vehicles3↦0.0),(Vehicles4↦0.0),(Vehicles5↦0.0)}",
        "VehiclesX": "{(EgoVehicle↦200.0),(Vehicles2↦-1.6898095607757568),(Vehicles3↦43.41024160385132),(Vehicles4↦58.47579836845398),(Vehicles5↦58.907634019851685)}"
      },
      "probabilisticVariables": null,
      "activating": [
        "LANE_RIGHT_31"
      ],
      "activatingOnlyWhenExecuted": true,
      "updating": null,
      "withPredicate": null
    },
    {
      "id": "LANE_RIGHT_31",
      "execute": "LANE_RIGHT",
      "after": "1000",
      "priority": 0,
      "additionalGuards": null,
      "activationKind": null,
      "fixedVariables": {
        "Crash": "FALSE",
        "VehiclesAy": "{(EgoVehicle↦0.0),(Vehicles2↦1.7763568394002505E-14),(Vehicles3↦0.0),(Vehicles4↦0.0),(Vehicles5↦0.0)}",
        "Reward": "0.7333339477906202",
        "VehiclesAx": "{(EgoVehicle↦-0.00015020370483398438),(Vehicles2↦0.009274706244468689),(Vehicles3↦-0.002470165491104126),(Vehicles4↦0.0013722851872444153),(Vehicles5↦0.0017809681594371796)}",
        "VehiclesVx": "{(EgoVehicle↦20.00002384185791),(Vehicles2↦0.4693358391523361),(Vehicles3↦-0.6074904277920723),(Vehicles4↦0.5682825297117233),(Vehicles5↦0.21827459335327148)}",
        "VehiclesY": "{(EgoVehicle↦8.000000238418579),(Vehicles2↦-4.0000001192092896),(Vehicles3↦0.0),(Vehicles4↦-4.0000001192092896),(Vehicles5↦-8.000000238418579)}",
        "VehiclesVy": "{(EgoVehicle↦0.0),(Vehicles2↦0.0),(Vehicles3↦0.0),(Vehicles4↦0.0),(Vehicles5↦0.0)}",
        "VehiclesX": "{(EgoVehicle↦200.0),(Vehicles2↦-1.2259630486369133),(Vehicles3↦42.80410408973694),(Vehicles4↦59.04318690299988),(Vehicles5↦59.12495255470276)}"
      },
      "probabilisticVariables": null,
      "activating": [
        "LANE_RIGHT_32"
      ],
      "activatingOnlyWhenExecuted": true,
      "updating": null,
      "withPredicate": null
    },
    {
      "id": "LANE_RIGHT_32",
      "execute": "LANE_RIGHT",
      "after": "1000",
      "priority": 0,
      "additionalGuards": null,
      "activationKind": null,
      "fixedVariables": {
        "Crash": "FALSE",
        "VehiclesAy": "{(EgoVehicle↦0.0),(Vehicles2↦0.0),(Vehicles3↦0.0),(Vehicles4↦0.0),(Vehicles5↦0.0)}",
        "Reward": "0.7333334142495193",
        "VehiclesAx": "{(EgoVehicle↦-2.1457672119140625E-05),(Vehicles2↦0.008589662611484528),(Vehicles3↦-0.0007892027497291565),(Vehicles4↦-0.34942274913191795),(Vehicles5↦0.35233501344919205)}",
        "VehiclesVx": "{(EgoVehicle↦20.00000238418579),(Vehicles2↦0.47792550176382065),(Vehicles3↦-0.6082796305418015),(Vehicles4↦0.21885978057980537),(Vehicles5↦0.5706096068024635)}",
        "VehiclesY": "{(EgoVehicle↦8.000000238418579),(Vehicles2↦-4.0000001192092896),(Vehicles3↦0.0),(Vehicles4↦-8.000000238418579),(Vehicles5↦-4.0000001192092896)}",
        "VehiclesVy": "{(EgoVehicle↦0.0),(Vehicles2↦0.0),(Vehicles3↦0.0),(Vehicles4↦0.0),(Vehicles5↦0.0)}",
        "VehiclesX": "{(EgoVehicle↦200.0),(Vehicles2↦-0.7531514391303062),(Vehicles3↦42.1961635351181),(Vehicles4↦59.343546628952026),(Vehicles5↦59.61232781410217)}"
      },
      "probabilisticVariables": null,
      "activating": [
        "SLOWER_33"
      ],
      "activatingOnlyWhenExecuted": true,
      "updating": null,
      "withPredicate": null
    },
    {
      "id": "SLOWER_33",
      "execute": "SLOWER",
      "after": "1000",
      "priority": 0,
      "additionalGuards": null,
      "activationKind": null,
      "fixedVariables": {
        "Crash": "FALSE",
        "VehiclesAy": "{(EgoVehicle↦0.0),(Vehicles2↦0.0),(Vehicles3↦0.0),(Vehicles4↦0.0),(Vehicles5↦0.0)}",
        "Reward": "0.7333333439889628",
        "VehiclesAx": "{(EgoVehicle↦-2.384185791015625E-06),(Vehicles2↦0.008182711899280548),(Vehicles3↦0.0008789077401161194),(Vehicles4↦-0.0004295818507671356),(Vehicles5↦0.003071911633014679)}",
        "VehiclesVx": "{(EgoVehicle↦20.0),(Vehicles2↦0.4861082136631012),(Vehicles3↦-0.6074007228016853),(Vehicles4↦0.21843019872903824),(Vehicles5↦0.5736815184354782)}",
        "VehiclesY": "{(EgoVehicle↦8.000000238418579),(Vehicles2↦-4.0000001192092896),(Vehicles3↦0.0),(Vehicles4↦-8.000000238418579),(Vehicles5↦-4.0000001192092896)}",
        "VehiclesVy": "{(EgoVehicle↦0.0),(Vehicles2↦0.0),(Vehicles3↦0.0),(Vehicles4↦0.0),(Vehicles5↦0.0)}",
        "VehiclesX": "{(EgoVehicle↦200.0),(Vehicles2↦-0.2719265641644597),(Vehicles3↦41.58810377120972),(Vehicles4↦59.562331438064575),(Vehicles5↦60.18416881561279)}"
      },
      "probabilisticVariables": null,
      "activating": [
        "SLOWER_34"
      ],
      "activatingOnlyWhenExecuted": true,
      "updating": null,
      "withPredicate": null
    },
    {
      "id": "SLOWER_34",
      "execute": "SLOWER",
      "after": "1000",
      "priority": 0,
      "additionalGuards": null,
      "activationKind": null,
      "fixedVariables": {
        "Crash": "FALSE",
        "VehiclesAy": "{(EgoVehicle↦0.0),(Vehicles2↦0.0),(Vehicles3↦0.0),(Vehicles4↦0.0),(Vehicles5↦0.0)}",
        "Reward": "0.7333333347365437",
        "VehiclesAx": "{(EgoVehicle↦0.0),(Vehicles2↦0.007581599056720734),(Vehicles3↦0.002435557544231415),(Vehicles4↦0.00022912397980690002),(Vehicles5↦-0.0025606900453567505)}",
        "VehiclesVx": "{(EgoVehicle↦20.0),(Vehicles2↦0.49368981271982193),(Vehicles3↦-0.6049651652574539),(Vehicles4↦0.21865932270884514),(Vehicles5↦0.5711208283901215)}",
        "VehiclesY": "{(EgoVehicle↦8.000000238418579),(Vehicles2↦-4.0000001192092896),(Vehicles3↦0.0),(Vehicles4↦-8.000000238418579),(Vehicles5↦-4.0000001192092896)}",
        "VehiclesVy": "{(EgoVehicle↦0.0),(Vehicles2↦0.0),(Vehicles3↦0.0),(Vehicles4↦0.0),(Vehicles5↦0.0)}",
        "VehiclesX": "{(EgoVehicle↦200.0),(Vehicles2↦0.21730384323745966),(Vehicles3↦40.981557965278625),(Vehicles4↦59.780460596084595),(Vehicles5↦60.757631063461304)}"
      },
      "probabilisticVariables": null,
      "activating": [
        "SLOWER_35"
      ],
      "activatingOnlyWhenExecuted": true,
      "updating": null,
      "withPredicate": null
    },
    {
      "id": "SLOWER_35",
      "execute": "SLOWER",
      "after": "1000",
      "priority": 0,
      "additionalGuards": null,
      "activationKind": null,
      "fixedVariables": {
        "Crash": "FALSE",
        "VehiclesAy": "{(EgoVehicle↦0.0),(Vehicles2↦0.0),(Vehicles3↦0.0),(Vehicles4↦0.0),(Vehicles5↦0.0)}",
        "Reward": "0.7333333335181181",
        "VehiclesAx": "{(EgoVehicle↦0.0),(Vehicles2↦0.0057527050375938416),(Vehicles3↦0.0038694217801094055),(Vehicles4↦0.007729940116405487),(Vehicles5↦-0.012679435312747955)}",
        "VehiclesVx": "{(EgoVehicle↦20.0),(Vehicles2↦0.49944251775741577),(Vehicles3↦-0.6010957434773445),(Vehicles4↦0.22638926282525063),(Vehicles5↦0.5584413930773735)}",
        "VehiclesY": "{(EgoVehicle↦8.000000238418579),(Vehicles2↦-4.0000001192092896),(Vehicles3↦0.0),(Vehicles4↦-8.000000238418579),(Vehicles5↦-4.0000001192092896)}",
        "VehiclesVy": "{(EgoVehicle↦0.0),(Vehicles2↦0.0),(Vehicles3↦0.0),(Vehicles4↦0.0),(Vehicles5↦0.0)}",
        "VehiclesX": "{(EgoVehicle↦200.0),(Vehicles2↦0.713492464274168),(Vehicles3↦40.37803113460541),(Vehicles4↦60.00150442123413),(Vehicles5↦61.324429512023926)}"
      },
      "probabilisticVariables": null,
      "activating": [
        "SLOWER_36"
      ],
      "activatingOnlyWhenExecuted": true,
      "updating": null,
      "withPredicate": null
    },
    {
      "id": "SLOWER_36",
      "execute": "SLOWER",
      "after": "1000",
      "priority": 0,
      "additionalGuards": null,
      "activationKind": null,
      "fixedVariables": {
        "Crash": "FALSE",
        "VehiclesAy": "{(EgoVehicle↦0.0),(Vehicles2↦0.0),(Vehicles3↦0.0),(Vehicles4↦0.0),(Vehicles5↦0.0)}",
        "Reward": "0.7333333333576671",
        "VehiclesAx": "{(EgoVehicle↦0.0),(Vehicles2↦0.0029128417372703552),(Vehicles3↦0.0051818788051605225),(Vehicles4↦0.015970487147569656),(Vehicles5↦-0.020387060940265656)}",
        "VehiclesVx": "{(EgoVehicle↦20.0),(Vehicles2↦0.5023553594946861),(Vehicles3↦-0.595913864672184),(Vehicles4↦0.24235974997282028),(Vehicles5↦0.5380543321371078)}",
        "VehiclesY": "{(EgoVehicle↦8.000000238418579),(Vehicles2↦-4.0000001192092896),(Vehicles3↦0.0),(Vehicles4↦-8.000000238418579),(Vehicles5↦-4.0000001192092896)}",
        "VehiclesVy": "{(EgoVehicle↦0.0),(Vehicles2↦0.0),(Vehicles3↦0.0),(Vehicles4↦0.0),(Vehicles5↦0.0)}",
        "VehiclesX": "{(EgoVehicle↦200.0),(Vehicles2↦1.2143485248088837),(Vehicles3↦39.77890908718109),(Vehicles4↦60.23370027542114),(Vehicles5↦61.87519431114197)}"
      },
      "probabilisticVariables": null,
      "activating": [
        "SLOWER_37"
      ],
      "activatingOnlyWhenExecuted": true,
      "updating": null,
      "withPredicate": null
    },
    {
      "id": "SLOWER_37",
      "execute": "SLOWER",
      "after": "1000",
      "priority": 0,
      "additionalGuards": null,
      "activationKind": null,
      "fixedVariables": {
        "Crash": "FALSE",
        "VehiclesAy": "{(EgoVehicle↦0.0),(Vehicles2↦0.0),(Vehicles3↦0.0),(Vehicles4↦0.0),(Vehicles5↦0.0)}",
        "Reward": "0.7333333333365378",
        "VehiclesAx": "{(EgoVehicle↦0.0),(Vehicles2↦-0.00022001564502716064),(Vehicles3↦0.006376579403877258),(Vehicles4↦0.021909605711698532),(Vehicles5↦-0.024778693914413452)}",
        "VehiclesVx": "{(EgoVehicle↦20.0),(Vehicles2↦0.502135343849659),(Vehicles3↦-0.5895372852683067),(Vehicles4↦0.2642693556845188),(Vehicles5↦0.5132756382226944)}",
        "VehiclesY": "{(EgoVehicle↦8.000000238418579),(Vehicles2↦-4.0000001192092896),(Vehicles3↦0.0),(Vehicles4↦-8.000000238418579),(Vehicles5↦-4.0000001192092896)}",
        "VehiclesVy": "{(EgoVehicle↦0.0),(Vehicles2↦0.0),(Vehicles3↦0.0),(Vehicles4↦0.0),(Vehicles5↦0.0)}",
        "VehiclesX": "{(EgoVehicle↦200.0),(Vehicles2↦1.7168635502457619),(Vehicles3↦39.185455441474915),(Vehicles4↦60.48445701599121),(Vehicles5↦62.40357160568237)}"
      },
      "probabilisticVariables": null,
      "activating": [
        "SLOWER_38"
      ],
      "activatingOnlyWhenExecuted": true,
      "updating": null,
      "withPredicate": null
    },
    {
      "id": "SLOWER_38",
      "execute": "SLOWER",
      "after": "1000",
      "priority": 0,
      "additionalGuards": null,
      "activationKind": null,
      "fixedVariables": {
        "Crash": "FALSE",
        "VehiclesAy": "{(EgoVehicle↦0.0),(Vehicles2↦0.0),(Vehicles3↦0.0),(Vehicles4↦0.0),(Vehicles5↦0.0)}",
        "Reward": "0.7333333333337553",
        "VehiclesAx": "{(EgoVehicle↦0.0),(Vehicles2↦-0.003155916929244995),(Vehicles3↦0.007458105683326721),(Vehicles4↦0.025334879755973816),(Vehicles5↦-0.026627667248249054)}",
        "VehiclesVx": "{(EgoVehicle↦20.0),(Vehicles2↦0.49897942692041397),(Vehicles3↦-0.58207917958498),(Vehicles4↦0.28960423544049263),(Vehicles5↦0.48664797097444534)}",
        "VehiclesY": "{(EgoVehicle↦8.000000238418579),(Vehicles2↦-4.0000001192092896),(Vehicles3↦0.0),(Vehicles4↦-8.000000238418579),(Vehicles5↦-4.0000001192092896)}",
        "VehiclesVy": "{(EgoVehicle↦0.0),(Vehicles2↦0.0),(Vehicles3↦0.0),(Vehicles4↦0.0),(Vehicles5↦0.0)}",
        "VehiclesX": "{(EgoVehicle↦200.0),(Vehicles2↦2.2179564461112022),(Vehicles3↦38.598817586898804),(Vehicles4↦60.758668184280396),(Vehicles5↦62.90626525878906)}"
      },
      "probabilisticVariables": null,
      "activating": [
        "SLOWER_39"
      ],
      "activatingOnlyWhenExecuted": true,
      "updating": null,
      "withPredicate": null
    },
    {
      "id": "SLOWER_39",
      "execute": "SLOWER",
      "after": "1000",
      "priority": 0,
      "additionalGuards": null,
      "activationKind": null,
      "fixedVariables": {
        "Crash": "FALSE",
        "VehiclesAy": "{(EgoVehicle↦0.0),(Vehicles2↦0.0),(Vehicles3↦0.0),(Vehicles4↦0.0),(Vehicles5↦0.0)}",
        "Reward": "0.7333333333333889",
        "VehiclesAx": "{(EgoVehicle↦0.0),(Vehicles2↦-0.005674473941326141),(Vehicles3↦0.008431673049926758),(Vehicles4↦0.026863906532526016),(Vehicles5↦-0.0268496572971344)}",
        "VehiclesVx": "{(EgoVehicle↦20.0),(Vehicles2↦0.49330495297908783),(Vehicles3↦-0.5736475065350533),(Vehicles4↦0.31646814197301865),(Vehicles5↦0.45979831367731094)}",
        "VehiclesY": "{(EgoVehicle↦8.000000238418579),(Vehicles2↦-4.0000001192092896),(Vehicles3↦0.0),(Vehicles4↦-8.000000238418579),(Vehicles5↦-4.0000001192092896)}",
        "VehiclesVy": "{(EgoVehicle↦0.0),(Vehicles2↦0.0),(Vehicles3↦0.0),(Vehicles4↦0.0),(Vehicles5↦0.0)}",
        "VehiclesX": "{(EgoVehicle↦200.0),(Vehicles2↦2.714848704636097),(Vehicles3↦38.02003860473633),(Vehicles4↦61.05895638465881),(Vehicles5↦63.38214874267578)}"
      },
      "probabilisticVariables": null,
      "activating": [
        "SLOWER_40"
      ],
      "activatingOnlyWhenExecuted": true,
      "updating": null,
      "withPredicate": null
    },
    {
      "id": "SLOWER_40",
      "execute": "SLOWER",
      "after": "1000",
      "priority": 0,
      "additionalGuards": null,
      "activationKind": null,
      "fixedVariables": {
        "Crash": "FALSE",
        "VehiclesAy": "{(EgoVehicle↦0.0),(Vehicles2↦0.0),(Vehicles3↦0.0),(Vehicles4↦0.0),(Vehicles5↦0.0)}",
        "Reward": "0.7333333333333406",
        "VehiclesAx": "{(EgoVehicle↦0.0),(Vehicles2↦-0.007725469768047333),(Vehicles3↦0.009302869439125061),(Vehicles4↦0.027177780866622925),(Vehicles5↦-0.026125088334083557)}",
        "VehiclesVx": "{(EgoVehicle↦20.0),(Vehicles2↦0.4855794832110405),(Vehicles3↦-0.5643446370959282),(Vehicles4↦0.34364592283964157),(Vehicles5↦0.4336732253432274)}",
        "VehiclesY": "{(EgoVehicle↦8.000000238418579),(Vehicles2↦-4.0000001192092896),(Vehicles3↦0.0),(Vehicles4↦-8.000000238418579),(Vehicles5↦-4.0000001192092896)}",
        "VehiclesVy": "{(EgoVehicle↦0.0),(Vehicles2↦0.0),(Vehicles3↦0.0),(Vehicles4↦0.0),(Vehicles5↦0.0)}",
        "VehiclesX": "{(EgoVehicle↦200.0),(Vehicles2↦3.2052092254161835),(Vehicles3↦37.450045347213745),(Vehicles4↦61.38630509376526),(Vehicles5↦63.83141279220581)}"
      },
      "probabilisticVariables": null,
      "activating": [
        "SLOWER_41"
      ],
      "activatingOnlyWhenExecuted": true,
      "updating": null,
      "withPredicate": null
    },
    {
      "id": "SLOWER_41",
      "execute": "SLOWER",
      "after": "1000",
      "priority": 0,
      "additionalGuards": null,
      "activationKind": null,
      "fixedVariables": {
        "Crash": "FALSE",
        "VehiclesAy": "{(EgoVehicle↦0.0),(Vehicles2↦0.0),(Vehicles3↦0.0),(Vehicles4↦0.0),(Vehicles5↦0.0)}",
        "Reward": "0.7333333333333343",
        "VehiclesAx": "{(EgoVehicle↦0.0),(Vehicles2↦-0.00933963805437088),(Vehicles3↦0.010077692568302155),(Vehicles4↦0.026794634759426117),(Vehicles5↦-0.024882853031158447)}",
        "VehiclesVx": "{(EgoVehicle↦20.0),(Vehicles2↦0.4762398451566696),(Vehicles3↦-0.554266944527626),(Vehicles4↦0.3704405575990677),(Vehicles5↦0.40879037231206894)}",
        "VehiclesY": "{(EgoVehicle↦8.000000238418579),(Vehicles2↦-4.0000001192092896),(Vehicles3↦0.0),(Vehicles4↦-8.000000238418579),(Vehicles5↦-4.0000001192092896)}",
        "VehiclesVy": "{(EgoVehicle↦0.0),(Vehicles2↦0.0),(Vehicles3↦0.0),(Vehicles4↦0.0),(Vehicles5↦0.0)}",
        "VehiclesX": "{(EgoVehicle↦200.0),(Vehicles2↦3.6871660500764847),(Vehicles3↦36.88967525959015),(Vehicles4↦61.74071431159973),(Vehicles5↦64.25501704216003)}"
      },
      "probabilisticVariables": null,
      "activating": [
        "SLOWER_42"
      ],
      "activatingOnlyWhenExecuted": true,
      "updating": null,
      "withPredicate": null
    },
    {
      "id": "SLOWER_42",
      "execute": "SLOWER",
      "after": "1000",
      "priority": 0,
      "additionalGuards": null,
      "activationKind": null,
      "fixedVariables": {
        "Crash": "FALSE",
        "VehiclesAy": "{(EgoVehicle↦0.0),(Vehicles2↦0.0),(Vehicles3↦0.0),(Vehicles4↦0.0),(Vehicles5↦0.0)}",
        "Reward": "0.7333333333333334",
        "VehiclesAx": "{(EgoVehicle↦0.0),(Vehicles2↦-0.010574385523796082),(Vehicles3↦0.010762214660644531),(Vehicles4↦0.026051178574562073),(Vehicles5↦-0.023369155824184418)}",
        "VehiclesVx": "{(EgoVehicle↦20.0),(Vehicles2↦0.46566545963287354),(Vehicles3↦-0.5435047298669815),(Vehicles4↦0.39649173617362976),(Vehicles5↦0.3854212164878845)}",
        "VehiclesY": "{(EgoVehicle↦8.000000238418579),(Vehicles2↦-4.0000001192092896),(Vehicles3↦0.0),(Vehicles4↦-8.000000238418579),(Vehicles5↦-4.0000001192092896)}",
        "VehiclesVy": "{(EgoVehicle↦0.0),(Vehicles2↦0.0),(Vehicles3↦0.0),(Vehicles4↦0.0),(Vehicles5↦0.0)}",
        "VehiclesX": "{(EgoVehicle↦200.0),(Vehicles2↦4.1592612862586975),(Vehicles3↦36.33966147899628),(Vehicles4↦62.12164759635925),(Vehicles5↦64.65433239936829)}"
      },
      "probabilisticVariables": null,
      "activating": [
        "SLOWER_43"
      ],
      "activatingOnlyWhenExecuted": true,
      "updating": null,
      "withPredicate": null
    },
    {
      "id": "SLOWER_43",
      "execute": "SLOWER",
      "after": "1000",
      "priority": 0,
      "additionalGuards": null,
      "activationKind": null,
      "fixedVariables": {
        "Crash": "FALSE",
        "VehiclesAy": "{(EgoVehicle↦0.0),(Vehicles2↦0.0),(Vehicles3↦0.0),(Vehicles4↦0.0),(Vehicles5↦0.0)}",
        "Reward": "0.7333333333333334",
        "VehiclesAx": "{(EgoVehicle↦0.0),(Vehicles2↦-0.011488012969493866),(Vehicles3↦0.0113624706864357),(Vehicles4↦0.025144778192043304),(Vehicles5↦-0.02171698957681656)}",
        "VehiclesVx": "{(EgoVehicle↦20.0),(Vehicles2↦0.45417744666337967),(Vehicles3↦-0.5321422591805458),(Vehicles4↦0.42163651436567307),(Vehicles5↦0.36370422691106796)}",
        "VehiclesY": "{(EgoVehicle↦8.000000238418579),(Vehicles2↦-4.0000001192092896),(Vehicles3↦0.0),(Vehicles4↦-8.000000238418579),(Vehicles5↦-4.0000001192092896)}",
        "VehiclesVy": "{(EgoVehicle↦0.0),(Vehicles2↦0.0),(Vehicles3↦0.0),(Vehicles4↦0.0),(Vehicles5↦0.0)}",
        "VehiclesX": "{(EgoVehicle↦200.0),(Vehicles2↦4.620392993092537),(Vehicles3↦35.80065667629242),(Vehicles4↦62.52827048301697),(Vehicles5↦65.03093242645264)}"
      },
      "probabilisticVariables": null,
      "activating": [
        "SLOWER_44"
      ],
      "activatingOnlyWhenExecuted": true,
      "updating": null,
      "withPredicate": null
    },
    {
      "id": "SLOWER_44",
      "execute": "SLOWER",
      "after": "1000",
      "priority": 0,
      "additionalGuards": null,
      "activationKind": null,
      "fixedVariables": {
        "Crash": "FALSE",
        "VehiclesAy": "{(EgoVehicle↦0.0),(Vehicles2↦0.0),(Vehicles3↦0.0),(Vehicles4↦0.0),(Vehicles5↦0.0)}",
        "Reward": "0.7333333333333334",
        "VehiclesAx": "{(EgoVehicle↦0.0),(Vehicles2↦-0.012130066752433777),(Vehicles3↦0.01188468188047409),(Vehicles4↦0.02418220043182373),(Vehicles5↦-0.019995905458927155)}",
        "VehiclesVx": "{(EgoVehicle↦20.0),(Vehicles2↦0.4420473799109459),(Vehicles3↦-0.5202575773000717),(Vehicles4↦0.4458187147974968),(Vehicles5↦0.3437083214521408)}",
        "VehiclesY": "{(EgoVehicle↦8.000000238418579),(Vehicles2↦-4.0000001192092896),(Vehicles3↦0.0),(Vehicles4↦-8.000000238418579),(Vehicles5↦-4.0000001192092896)}",
        "VehiclesVy": "{(EgoVehicle↦0.0),(Vehicles2↦0.0),(Vehicles3↦0.0),(Vehicles4↦0.0),(Vehicles5↦0.0)}",
        "VehiclesX": "{(EgoVehicle↦200.0),(Vehicles2↦5.069760233163834),(Vehicles3↦35.27323007583618),(Vehicles4↦62.95965909957886),(Vehicles5↦65.38649797439575)}"
      },
      "probabilisticVariables": null,
      "activating": [
        "SLOWER_45"
      ],
      "activatingOnlyWhenExecuted": true,
      "updating": null,
      "withPredicate": null
    },
    {
      "id": "SLOWER_45",
      "execute": "SLOWER",
      "after": "1000",
      "priority": 0,
      "additionalGuards": null,
      "activationKind": null,
      "fixedVariables": {
        "Crash": "FALSE",
        "VehiclesAy": "{(EgoVehicle↦0.0),(Vehicles2↦0.0),(Vehicles3↦0.0),(Vehicles4↦0.0),(Vehicles5↦0.0)}",
        "Reward": "0.7333333333333334",
        "VehiclesAx": "{(EgoVehicle↦0.0),(Vehicles2↦-0.012539438903331757),(Vehicles3↦0.012334659695625305),(Vehicles4↦0.023216158151626587),(Vehicles5↦-0.018242374062538147)}",
        "VehiclesVx": "{(EgoVehicle↦20.0),(Vehicles2↦0.42950794100761414),(Vehicles3↦-0.5079229176044464),(Vehicles4↦0.4690348729491234),(Vehicles5↦0.32546594738960266)}",
        "VehiclesY": "{(EgoVehicle↦8.000000238418579),(Vehicles2↦-4.0000001192092896),(Vehicles3↦0.0),(Vehicles4↦-8.000000238418579),(Vehicles5↦-4.0000001192092896)}",
        "VehiclesVy": "{(EgoVehicle↦0.0),(Vehicles2↦0.0),(Vehicles3↦0.0),(Vehicles4↦0.0),(Vehicles5↦0.0)}",
        "VehiclesX": "{(EgoVehicle↦200.0),(Vehicles2↦5.5068157613277435),(Vehicles3↦34.75787341594696),(Vehicles4↦63.41484189033508),(Vehicles5↦65.72276949882507)}"
      },
      "probabilisticVariables": null,
      "activating": [
        "SLOWER_46"
      ],
      "activatingOnlyWhenExecuted": true,
      "updating": null,
      "withPredicate": null
    },
    {
      "id": "SLOWER_46",
      "execute": "SLOWER",
      "after": "1000",
      "priority": 0,
      "additionalGuards": null,
      "activationKind": null,
      "fixedVariables": {
        "Crash": "FALSE",
        "VehiclesAy": "{(EgoVehicle↦0.0),(Vehicles2↦0.0),(Vehicles3↦0.0),(Vehicles4↦0.0),(Vehicles5↦0.0)}",
        "Reward": "0.7333333333333334",
        "VehiclesAx": "{(EgoVehicle↦0.0),(Vehicles2↦-0.012746639549732208),(Vehicles3↦0.012718290090560913),(Vehicles4↦0.02226993441581726),(Vehicles5↦-0.0164777971804142)}",
        "VehiclesVx": "{(EgoVehicle↦20.0),(Vehicles2↦0.4167613014578819),(Vehicles3↦-0.4952046275138855),(Vehicles4↦0.49130480736494064),(Vehicles5↦0.30898815020918846)}",
        "VehiclesY": "{(EgoVehicle↦8.000000238418579),(Vehicles2↦-4.0000001192092896),(Vehicles3↦0.0),(Vehicles4↦-8.000000238418579),(Vehicles5↦-4.0000001192092896)}",
        "VehiclesVy": "{(EgoVehicle↦0.0),(Vehicles2↦0.0),(Vehicles3↦0.0),(Vehicles4↦0.0),(Vehicles5↦0.0)}",
        "VehiclesX": "{(EgoVehicle↦200.0),(Vehicles2↦5.931234359741211),(Vehicles3↦34.25500690937042),(Vehicles4↦63.89285922050476),(Vehicles5↦66.041499376297)}"
      },
      "probabilisticVariables": null,
      "activating": [
        "LANE_RIGHT_47"
      ],
      "activatingOnlyWhenExecuted": true,
      "updating": null,
      "withPredicate": null
    },
    {
      "id": "LANE_RIGHT_47",
      "execute": "LANE_RIGHT",
      "after": "1000",
      "priority": 0,
      "additionalGuards": null,
      "activationKind": null,
      "fixedVariables": {
        "Crash": "FALSE",
        "VehiclesAy": "{(EgoVehicle↦0.0),(Vehicles2↦0.0),(Vehicles3↦0.0),(Vehicles4↦0.0),(Vehicles5↦0.0)}",
        "Reward": "0.7333333333333334",
        "VehiclesAx": "{(EgoVehicle↦0.0),(Vehicles2↦-0.012775585055351257),(Vehicles3↦0.013041011989116669),(Vehicles4↦0.021352320909500122),(Vehicles5↦-0.014716815203428268)}",
        "VehiclesVx": "{(EgoVehicle↦20.0),(Vehicles2↦0.40398571640253067),(Vehicles3↦-0.48216361552476883),(Vehicles4↦0.5126571282744408),(Vehicles5↦0.2942713350057602)}",
        "VehiclesY": "{(EgoVehicle↦8.000000238418579),(Vehicles2↦-4.0000001192092896),(Vehicles3↦0.0),(Vehicles4↦-8.000000238418579),(Vehicles5↦-4.0000001192092896)}",
        "VehiclesVy": "{(EgoVehicle↦0.0),(Vehicles2↦0.0),(Vehicles3↦0.0),(Vehicles4↦0.0),(Vehicles5↦0.0)}",
        "VehiclesX": "{(EgoVehicle↦200.0),(Vehicles2↦6.3428811728954315),(Vehicles3↦33.764997124671936),(Vehicles4↦64.39277529716492),(Vehicles5↦66.34446382522583)}"
      },
      "probabilisticVariables": null,
      "activating": [
        "LANE_RIGHT_48"
      ],
      "activatingOnlyWhenExecuted": true,
      "updating": null,
      "withPredicate": null
    },
    {
      "id": "LANE_RIGHT_48",
      "execute": "LANE_RIGHT",
      "after": "1000",
      "priority": 0,
      "additionalGuards": null,
      "activationKind": null,
      "fixedVariables": {
        "Crash": "FALSE",
        "VehiclesAy": "{(EgoVehicle↦0.0),(Vehicles2↦0.0),(Vehicles3↦0.0),(Vehicles4↦0.0),(Vehicles5↦0.0)}",
        "Reward": "0.7333333333333334",
        "VehiclesAx": "{(EgoVehicle↦0.0),(Vehicles2↦-0.012646205723285675),(Vehicles3↦0.013308189809322357),(Vehicles4↦0.02046499401330948),(Vehicles5↦-0.012971796095371246)}",
        "VehiclesVx": "{(EgoVehicle↦20.0),(Vehicles2↦0.391339510679245),(Vehicles3↦-0.46885542571544647),(Vehicles4↦0.5331221222877502),(Vehicles5↦0.28129953891038895)}",
        "VehiclesY": "{(EgoVehicle↦8.000000238418579),(Vehicles2↦-4.0000001192092896),(Vehicles3↦0.0),(Vehicles4↦-8.000000238418579),(Vehicles5↦-4.0000001192092896)}",
        "VehiclesVy": "{(EgoVehicle↦0.0),(Vehicles2↦0.0),(Vehicles3↦0.0),(Vehicles4↦0.0),(Vehicles5↦0.0)}",
        "VehiclesX": "{(EgoVehicle↦200.0),(Vehicles2↦6.7417919635772705),(Vehicles3↦33.2881361246109),(Vehicles4↦64.91369009017944),(Vehicles5↦66.63340926170349)}"
      },
      "probabilisticVariables": null,
      "activating": [
        "LANE_RIGHT_49"
      ],
      "activatingOnlyWhenExecuted": true,
      "updating": null,
      "withPredicate": null
    },
    {
      "id": "LANE_RIGHT_49",
      "execute": "LANE_RIGHT",
      "after": "1000",
      "priority": 0,
      "additionalGuards": null,
      "activationKind": null,
      "fixedVariables": {
        "Crash": "FALSE",
        "VehiclesAy": "{(EgoVehicle↦0.0),(Vehicles2↦0.0),(Vehicles3↦0.0),(Vehicles4↦0.0),(Vehicles5↦0.0)}",
        "Reward": "0.7333333333333334",
        "VehiclesAx": "{(EgoVehicle↦0.0),(Vehicles2↦-0.012375898659229279),(Vehicles3↦0.013524740934371948),(Vehicles4↦0.019607245922088623),(Vehicles5↦-0.011254101991653442)}",
        "VehiclesVx": "{(EgoVehicle↦20.0),(Vehicles2↦0.3789636120200157),(Vehicles3↦-0.4553306847810745),(Vehicles4↦0.5527293682098389),(Vehicles5↦0.2700454369187355)}",
        "VehiclesY": "{(EgoVehicle↦8.000000238418579),(Vehicles2↦-4.0000001192092896),(Vehicles3↦0.0),(Vehicles4↦-8.000000238418579),(Vehicles5↦-4.0000001192092896)}",
        "VehiclesVy": "{(EgoVehicle↦0.0),(Vehicles2↦0.0),(Vehicles3↦0.0),(Vehicles4↦0.0),(Vehicles5↦0.0)}",
        "VehiclesX": "{(EgoVehicle↦200.0),(Vehicles2↦7.12815448641777),(Vehicles3↦32.82467722892761),(Vehicles4↦65.45472145080566),(Vehicles5↦66.91007018089294)}"
      },
      "probabilisticVariables": null,
      "activating": [
        "LANE_RIGHT_50"
      ],
      "activatingOnlyWhenExecuted": true,
      "updating": null,
      "withPredicate": null
    },
    {
      "id": "LANE_RIGHT_50",
      "execute": "LANE_RIGHT",
      "after": "1000",
      "priority": 0,
      "additionalGuards": null,
      "activationKind": null,
      "fixedVariables": {
        "Crash": "FALSE",
        "VehiclesAy": "{(EgoVehicle↦0.0),(Vehicles2↦0.0),(Vehicles3↦0.0),(Vehicles4↦0.0),(Vehicles5↦0.0)}",
        "Reward": "0.7333333333333334",
        "VehiclesAx": "{(EgoVehicle↦0.0),(Vehicles2↦-0.011980757117271423),(Vehicles3↦0.013695359230041504),(Vehicles4↦0.018777698278427124),(Vehicles5↦-0.009574666619300842)}",
        "VehiclesVx": "{(EgoVehicle↦20.0),(Vehicles2↦0.3669828549027443),(Vehicles3↦-0.441635325551033),(Vehicles4↦0.571507066488266),(Vehicles5↦0.26047077029943466)}",
        "VehiclesY": "{(EgoVehicle↦8.000000238418579),(Vehicles2↦-4.0000001192092896),(Vehicles3↦0.0),(Vehicles4↦-8.000000238418579),(Vehicles5↦-4.0000001192092896)}",
        "VehiclesVy": "{(EgoVehicle↦0.0),(Vehicles2↦0.0),(Vehicles3↦0.0),(Vehicles4↦0.0),(Vehicles5↦0.0)}",
        "VehiclesX": "{(EgoVehicle↦200.0),(Vehicles2↦7.502289861440659),(Vehicles3↦32.37481117248535),(Vehicles4↦66.01502895355225),(Vehicles5↦67.17615127563477)}"
      },
      "probabilisticVariables": null,
      "activating": [
        "LANE_RIGHT_51"
      ],
      "activatingOnlyWhenExecuted": true,
      "updating": null,
      "withPredicate": null
    },
    {
      "id": "LANE_RIGHT_51",
      "execute": "LANE_RIGHT",
      "after": "1000",
      "priority": 0,
      "additionalGuards": null,
      "activationKind": null,
      "fixedVariables": {
        "Crash": "FALSE",
        "VehiclesAy": "{(EgoVehicle↦0.0),(Vehicles2↦0.0),(Vehicles3↦0.0),(Vehicles4↦0.0),(Vehicles5↦0.0)}",
        "Reward": "0.7333333333333334",
        "VehiclesAx": "{(EgoVehicle↦0.0),(Vehicles2↦-0.011475756764411926),(Vehicles3↦0.013824515044689178),(Vehicles4↦0.01797489821910858),(Vehicles5↦-0.007943529635667801)}",
        "VehiclesVx": "{(EgoVehicle↦20.0),(Vehicles2↦0.35550709813833237),(Vehicles3↦-0.42781081050634384),(Vehicles4↦0.5894819647073746),(Vehicles5↦0.25252724066376686)}",
        "VehiclesY": "{(EgoVehicle↦8.000000238418579),(Vehicles2↦-4.0000001192092896),(Vehicles3↦0.0),(Vehicles4↦-8.000000238418579),(Vehicles5↦-4.0000001192092896)}",
        "VehiclesVy": "{(EgoVehicle↦0.0),(Vehicles2↦0.0),(Vehicles3↦0.0),(Vehicles4↦0.0),(Vehicles5↦0.0)}",
        "VehiclesX": "{(EgoVehicle↦200.0),(Vehicles2↦7.864637672901154),(Vehicles3↦31.938695907592773),(Vehicles4↦66.59378409385681),(Vehicles5↦67.43331551551819)}"
      },
      "probabilisticVariables": null,
      "activating": [
        "LANE_RIGHT_52"
      ],
      "activatingOnlyWhenExecuted": true,
      "updating": null,
      "withPredicate": null
    },
    {
      "id": "LANE_RIGHT_52",
      "execute": "LANE_RIGHT",
      "after": "1000",
      "priority": 0,
      "additionalGuards": null,
      "activationKind": null,
      "fixedVariables": {
        "Crash": "FALSE",
        "VehiclesAy": "{(EgoVehicle↦0.0),(Vehicles2↦0.0),(Vehicles3↦0.0),(Vehicles4↦0.0),(Vehicles5↦0.0)}",
        "Reward": "0.7333333333333334",
        "VehiclesAx": "{(EgoVehicle↦0.0),(Vehicles2↦-0.010875612497329712),(Vehicles3↦0.013916157186031342),(Vehicles4↦0.01719783991575241),(Vehicles5↦-0.006369873881340027)}",
        "VehiclesVx": "{(EgoVehicle↦20.0),(Vehicles2↦0.34463148564100266),(Vehicles3↦-0.4138946533203125),(Vehicles4↦0.606679804623127),(Vehicles5↦0.24615736678242683)}",
        "VehiclesY": "{(EgoVehicle↦8.000000238418579),(Vehicles2↦-4.0000001192092896),(Vehicles3↦0.0),(Vehicles4↦-8.000000238418579),(Vehicles5↦-4.0000001192092896)}",
        "VehiclesVy": "{(EgoVehicle↦0.0),(Vehicles2↦0.0),(Vehicles3↦0.0),(Vehicles4↦0.0),(Vehicles5↦0.0)}",
        "VehiclesX": "{(EgoVehicle↦200.0),(Vehicles2↦8.21574330329895),(Vehicles3↦31.51644766330719),(Vehicles4↦67.1902060508728),(Vehicles5↦67.68317222595215)}"
      },
      "probabilisticVariables": null,
      "activating": [
        "LANE_RIGHT_53"
      ],
      "activatingOnlyWhenExecuted": true,
      "updating": null,
      "withPredicate": null
    },
    {
      "id": "LANE_RIGHT_53",
      "execute": "LANE_RIGHT",
      "after": "1000",
      "priority": 0,
      "additionalGuards": null,
      "activationKind": null,
      "fixedVariables": {
        "Crash": "FALSE",
        "VehiclesAy": "{(EgoVehicle↦0.0),(Vehicles2↦0.0),(Vehicles3↦0.0),(Vehicles4↦0.0),(Vehicles5↦0.0)}",
        "Reward": "0.7333333333333334",
        "VehiclesAx": "{(EgoVehicle↦0.0),(Vehicles2↦-0.010194480419158936),(Vehicles3↦0.013974197208881378),(Vehicles4↦0.01644585281610489),(Vehicles5↦-0.0048614852130413055)}",
        "VehiclesVx": "{(EgoVehicle↦20.0),(Vehicles2↦0.3344370052218437),(Vehicles3↦-0.3999204561114311),(Vehicles4↦0.6231256574392319),(Vehicles5↦0.24129588156938553)}",
        "VehiclesY": "{(EgoVehicle↦8.000000238418579),(Vehicles2↦-4.0000001192092896),(Vehicles3↦0.0),(Vehicles4↦-8.000000238418579),(Vehicles5↦-4.0000001192092896)}",
        "VehiclesVy": "{(EgoVehicle↦0.0),(Vehicles2↦0.0),(Vehicles3↦0.0),(Vehicles4↦0.0),(Vehicles5↦0.0)}",
        "VehiclesX": "{(EgoVehicle↦200.0),(Vehicles2↦8.556239306926727),(Vehicles3↦31.10813796520233),(Vehicles4↦67.80352592468262),(Vehicles5↦67.92726516723633)}"
      },
      "probabilisticVariables": null,
      "activating": [
        "LANE_RIGHT_54"
      ],
      "activatingOnlyWhenExecuted": true,
      "updating": null,
      "withPredicate": null
    },
    {
      "id": "LANE_RIGHT_54",
      "execute": "LANE_RIGHT",
      "after": "1000",
      "priority": 0,
      "additionalGuards": null,
      "activationKind": null,
      "fixedVariables": {
        "Crash": "FALSE",
        "VehiclesAy": "{(EgoVehicle↦0.0),(Vehicles2↦0.0),(Vehicles3↦0.0),(Vehicles4↦0.0),(Vehicles5↦0.0)}",
        "Reward": "0.7333333333333334",
        "VehiclesAx": "{(EgoVehicle↦0.0),(Vehicles2↦-0.009445920586585999),(Vehicles3↦0.014002025127410889),(Vehicles4↦-0.38525454699993134),(Vehicles5↦0.3975481167435646)}",
        "VehiclesVx": "{(EgoVehicle↦20.0),(Vehicles2↦0.3249910846352577),(Vehicles3↦-0.38591843098402023),(Vehicles4↦0.23787111043930054),(Vehicles5↦0.6388439983129501)}",
        "VehiclesY": "{(EgoVehicle↦8.000000238418579),(Vehicles2↦-4.0000001192092896),(Vehicles3↦0.0),(Vehicles4↦-4.0000001192092896),(Vehicles5↦-8.000000238418579)}",
        "VehiclesVy": "{(EgoVehicle↦0.0),(Vehicles2↦0.0),(Vehicles3↦0.0),(Vehicles4↦0.0),(Vehicles5↦0.0)}",
        "VehiclesX": "{(EgoVehicle↦200.0),(Vehicles2↦8.886835724115372),(Vehicles3↦30.713817477226257),(Vehicles4↦68.16708445549011),(Vehicles5↦68.43299865722656)}"
      },
      "probabilisticVariables": null,
      "activating": [
        "LANE_RIGHT_55"
      ],
      "activatingOnlyWhenExecuted": true,
      "updating": null,
      "withPredicate": null
    },
    {
      "id": "LANE_RIGHT_55",
      "execute": "LANE_RIGHT",
      "after": "1000",
      "priority": 0,
      "additionalGuards": null,
      "activationKind": null,
      "fixedVariables": {
        "Crash": "FALSE",
        "VehiclesAy": "{(EgoVehicle↦0.0),(Vehicles2↦0.0),(Vehicles3↦0.0),(Vehicles4↦0.0),(Vehicles5↦0.0)}",
        "Reward": "0.7333333333333334",
        "VehiclesAx": "{(EgoVehicle↦0.0),(Vehicles2↦-0.00864323228597641),(Vehicles3↦0.014002881944179535),(Vehicles4↦-0.002064630389213562),(Vehicles5↦0.015014931559562683)}",
        "VehiclesVx": "{(EgoVehicle↦20.0),(Vehicles2↦0.3163478523492813),(Vehicles3↦-0.3719155490398407),(Vehicles4↦0.23580648005008698),(Vehicles5↦0.6538589298725128)}",
        "VehiclesY": "{(EgoVehicle↦8.000000238418579),(Vehicles2↦-4.0000001192092896),(Vehicles3↦0.0),(Vehicles4↦-4.0000001192092896),(Vehicles5↦-8.000000238418579)}",
        "VehiclesVy": "{(EgoVehicle↦0.0),(Vehicles2↦0.0),(Vehicles3↦0.0),(Vehicles4↦0.0),(Vehicles5↦0.0)}",
        "VehiclesX": "{(EgoVehicle↦200.0),(Vehicles2↦9.208303689956665),(Vehicles3↦30.33350110054016),(Vehicles4↦68.40401887893677),(Vehicles5↦69.07790303230286)}"
      },
      "probabilisticVariables": null,
      "activating": [
        "LANE_RIGHT_56"
      ],
      "activatingOnlyWhenExecuted": true,
      "updating": null,
      "withPredicate": null
    },
    {
      "id": "LANE_RIGHT_56",
      "execute": "LANE_RIGHT",
      "after": "1000",
      "priority": 0,
      "additionalGuards": null,
      "activationKind": null,
      "fixedVariables": {
        "Crash": "FALSE",
        "VehiclesAy": "{(EgoVehicle↦0.0),(Vehicles2↦0.0),(Vehicles3↦0.0),(Vehicles4↦0.0),(Vehicles5↦0.0)}",
        "Reward": "0.7333333333333334",
        "VehiclesAx": "{(EgoVehicle↦0.0),(Vehicles2↦-0.0077988021075725555),(Vehicles3↦0.013979710638523102),(Vehicles4↦-0.0007845647633075714),(Vehicles5↦0.01433543860912323)}",
        "VehiclesVx": "{(EgoVehicle↦20.0),(Vehicles2↦0.30854905024170876),(Vehicles3↦-0.3579358384013176),(Vehicles4↦0.2350219152867794),(Vehicles5↦0.668194368481636)}",
        "VehiclesY": "{(EgoVehicle↦8.000000238418579),(Vehicles2↦-4.0000001192092896),(Vehicles3↦0.0),(Vehicles4↦-4.0000001192092896),(Vehicles5↦-8.000000238418579)}",
        "VehiclesVy": "{(EgoVehicle↦0.0),(Vehicles2↦0.0),(Vehicles3↦0.0),(Vehicles4↦0.0),(Vehicles5↦0.0)}",
        "VehiclesX": "{(EgoVehicle↦200.0),(Vehicles2↦9.521462768316269),(Vehicles3↦29.967179894447327),(Vehicles4↦68.63941550254822),(Vehicles5↦69.7375476360321)}"
      },
      "probabilisticVariables": null,
      "activating": [
        "LANE_RIGHT_57"
      ],
      "activatingOnlyWhenExecuted": true,
      "updating": null,
      "withPredicate": null
    },
    {
      "id": "LANE_RIGHT_57",
      "execute": "LANE_RIGHT",
      "after": "1000",
      "priority": 0,
      "additionalGuards": null,
      "activationKind": null,
      "fixedVariables": {
        "Crash": "FALSE",
        "VehiclesAy": "{(EgoVehicle↦0.0),(Vehicles2↦0.0),(Vehicles3↦0.0),(Vehicles4↦0.0),(Vehicles5↦0.0)}",
        "Reward": "0.7333333333333334",
        "VehiclesAx": "{(EgoVehicle↦0.0),(Vehicles2↦-0.006924271583557129),(Vehicles3↦0.013935267925262451),(Vehicles4↦0.0004133954644203186),(Vehicles5↦0.013679340481758118)}",
        "VehiclesVx": "{(EgoVehicle↦20.0),(Vehicles2↦0.3016247786581516),(Vehicles3↦-0.34400057047605515),(Vehicles4↦0.23543531075119972),(Vehicles5↦0.6818737089633942)}",
        "VehiclesY": "{(EgoVehicle↦8.000000238418579),(Vehicles2↦-4.0000001192092896),(Vehicles3↦0.0),(Vehicles4↦-4.0000001192092896),(Vehicles5↦-8.000000238418579)}",
        "VehiclesVy": "{(EgoVehicle↦0.0),(Vehicles2↦0.0),(Vehicles3↦0.0),(Vehicles4↦0.0),(Vehicles5↦0.0)}",
        "VehiclesX": "{(EgoVehicle↦200.0),(Vehicles2↦9.827171266078949),(Vehicles3↦29.614824056625366),(Vehicles4↦68.87450814247131),(Vehicles5↦70.41126489639282)}"
      },
      "probabilisticVariables": null,
      "activating": [
        "LANE_RIGHT_58"
      ],
      "activatingOnlyWhenExecuted": true,
      "updating": null,
      "withPredicate": null
    },
    {
      "id": "LANE_RIGHT_58",
      "execute": "LANE_RIGHT",
      "after": "1000",
      "priority": 0,
      "additionalGuards": null,
      "activationKind": null,
      "fixedVariables": {
        "Crash": "FALSE",
        "VehiclesAy": "{(EgoVehicle↦0.0),(Vehicles2↦0.0),(Vehicles3↦0.0),(Vehicles4↦0.0),(Vehicles5↦0.0)}",
        "Reward": "0.7333333333333334",
        "VehiclesAx": "{(EgoVehicle↦0.0),(Vehicles2↦-0.006030574440956116),(Vehicles3↦0.013871900737285614),(Vehicles4↦0.001528412103652954),(Vehicles5↦0.01304633915424347)}",
        "VehiclesVx": "{(EgoVehicle↦20.0),(Vehicles2↦0.2955942042171955),(Vehicles3↦-0.33012866973876953),(Vehicles4↦0.23696372285485268),(Vehicles5↦0.6949200481176376)}",
        "VehiclesY": "{(EgoVehicle↦8.000000238418579),(Vehicles2↦-4.0000001192092896),(Vehicles3↦0.0),(Vehicles4↦-4.0000001192092896),(Vehicles5↦-8.000000238418579)}",
        "VehiclesVy": "{(EgoVehicle↦0.0),(Vehicles2↦0.0),(Vehicles3↦0.0),(Vehicles4↦0.0),(Vehicles5↦0.0)}",
        "VehiclesX": "{(EgoVehicle↦200.0),(Vehicles2↦10.12631207704544),(Vehicles3↦29.276376962661743),(Vehicles4↦69.11047101020813),(Vehicles5↦71.09840512275696)}"
      },
      "probabilisticVariables": null,
      "activating": [
        "LANE_RIGHT_59"
      ],
      "activatingOnlyWhenExecuted": true,
      "updating": null,
      "withPredicate": null
    },
    {
      "id": "LANE_RIGHT_59",
      "execute": "LANE_RIGHT",
      "after": "1000",
      "priority": 0,
      "additionalGuards": null,
      "activationKind": null,
      "fixedVariables": {
        "Crash": "FALSE",
        "VehiclesAy": "{(EgoVehicle↦0.0),(Vehicles2↦0.0),(Vehicles3↦0.0),(Vehicles4↦0.0),(Vehicles5↦0.0)}",
        "Reward": "0.7333333333333334",
        "VehiclesAx": "{(EgoVehicle↦0.0),(Vehicles2↦-0.005127601325511932),(Vehicles3↦0.013791918754577637),(Vehicles4↦0.002560783177614212),(Vehicles5↦0.012436211109161377)}",
        "VehiclesVx": "{(EgoVehicle↦20.0),(Vehicles2↦0.2904666028916836),(Vehicles3↦-0.3163367509841919),(Vehicles4↦0.2395245060324669),(Vehicles5↦0.707356259226799)}",
        "VehiclesY": "{(EgoVehicle↦8.000000238418579),(Vehicles2↦-4.0000001192092896),(Vehicles3↦0.0),(Vehicles4↦-4.0000001192092896),(Vehicles5↦-8.000000238418579)}",
        "VehiclesVy": "{(EgoVehicle↦0.0),(Vehicles2↦0.0),(Vehicles3↦0.0),(Vehicles4↦0.0),(Vehicles5↦0.0)}",
        "VehiclesX": "{(EgoVehicle↦200.0),(Vehicles2↦10.419782996177673),(Vehicles3↦28.951773047447205),(Vehicles4↦69.34837698936462),(Vehicles5↦71.79834842681885)}"
      },
      "probabilisticVariables": null,
      "activating": [
        "LANE_RIGHT_60"
      ],
      "activatingOnlyWhenExecuted": true,
      "updating": null,
      "withPredicate": null
    },
    {
      "id": "LANE_RIGHT_60",
      "execute": "LANE_RIGHT",
      "after": "1000",
      "priority": 0,
      "additionalGuards": null,
      "activationKind": null,
      "fixedVariables": {
        "Crash": "FALSE",
        "VehiclesAy": "{(EgoVehicle↦0.0),(Vehicles2↦0.0),(Vehicles3↦0.0),(Vehicles4↦0.0),(Vehicles5↦0.0)}",
        "Reward": "0.7333333333333334",
        "VehiclesAx": "{(EgoVehicle↦0.0),(Vehicles2↦-0.0042242929339408875),(Vehicles3↦0.013697352260351181),(Vehicles4↦0.0035116635262966156),(Vehicles5↦0.011848211288452148)}",
        "VehiclesVx": "{(EgoVehicle↦20.0),(Vehicles2↦0.2862423099577427),(Vehicles3↦-0.3026393987238407),(Vehicles4↦0.2430361695587635),(Vehicles5↦0.7192044705152512)}",
        "VehiclesY": "{(EgoVehicle↦8.000000238418579),(Vehicles2↦-4.0000001192092896),(Vehicles3↦0.0),(Vehicles4↦-4.0000001192092896),(Vehicles5↦-8.000000238418579)}",
        "VehiclesVy": "{(EgoVehicle↦0.0),(Vehicles2↦0.0),(Vehicles3↦0.0),(Vehicles4↦0.0),(Vehicles5↦0.0)}",
        "VehiclesX": "{(EgoVehicle↦200.0),(Vehicles2↦10.708487778902054),(Vehicles3↦28.640922904014587),(Vehicles4↦69.5892333984375),(Vehicles5↦72.51049280166626)}"
      },
      "probabilisticVariables": null,
      "activating": [
        "LANE_RIGHT_61"
      ],
      "activatingOnlyWhenExecuted": true,
      "updating": null,
      "withPredicate": null
    },
    {
      "id": "LANE_RIGHT_61",
      "execute": "LANE_RIGHT",
      "after": "1000",
      "priority": 0,
      "additionalGuards": null,
      "activationKind": null,
      "fixedVariables": {
        "Crash": "FALSE",
        "VehiclesAy": "{(EgoVehicle↦0.0),(Vehicles2↦0.0),(Vehicles3↦0.0),(Vehicles4↦0.0),(Vehicles5↦0.0)}",
        "Reward": "0.7333333333333334",
        "VehiclesAx": "{(EgoVehicle↦0.0),(Vehicles2↦-0.0033286213874816895),(Vehicles3↦0.013590008020401001),(Vehicles4↦0.0043830834329128265),(Vehicles5↦0.011282190680503845)}",
        "VehiclesVx": "{(EgoVehicle↦20.0),(Vehicles2↦0.282913688570261),(Vehicles3↦-0.2890493907034397),(Vehicles4↦0.24741925299167633),(Vehicles5↦0.730486661195755)}",
        "VehiclesY": "{(EgoVehicle↦8.000000238418579),(Vehicles2↦-4.0000001192092896),(Vehicles3↦0.0),(Vehicles4↦-4.0000001192092896),(Vehicles5↦-8.000000238418579)}",
        "VehiclesVy": "{(EgoVehicle↦0.0),(Vehicles2↦0.0),(Vehicles3↦0.0),(Vehicles4↦0.0),(Vehicles5↦0.0)}",
        "VehiclesX": "{(EgoVehicle↦200.0),(Vehicles2↦10.99332720041275),(Vehicles3↦28.343728184700012),(Vehicles4↦69.8339581489563),(Vehicles5↦73.2342541217804)}"
      },
      "probabilisticVariables": null,
      "activating": null,
      "activatingOnlyWhenExecuted": true,
      "updating": null,
      "withPredicate": null
    }
  ],
  "listeners": [],
  "metadata": {
    "fileType": "Timed_Trace",
    "formatVersion": 3,
    "savedAt": "2023-08-15T12:35:53.256299Z",
    "creator": "Simulation: MONTE_CARLO_SIMULATION; MAX_STEPS_BEFORE_PROPERTY : 0, EXECUTIONS : 1000, ENDING_TIME : 60000",
    "proB2KernelVersion": "4.12.2",
    "proBCliVersion": "1.12.2-final",
    "modelName": "HighwayEnvironment"
  }
}