{
  "variables": {},
  "activations": [
    {
      "id": "$setup_constants",
      "execute": "$setup_constants",
      "after": "0",
      "priority": 0,
      "additionalGuards": null,
      "activationKind": null,
      "fixedVariables": null,
      "probabilisticVariables": null,
      "activating": null,
      "activatingOnlyWhenExecuted": true,
      "updating": null,
      "withPredicate": null
    },
    {
      "id": "$initialise_machine",
      "execute": "$initialise_machine",
      "after": "0",
      "priority": 0,
      "additionalGuards": null,
      "activationKind": null,
      "fixedVariables": {
        "Crash": "FALSE",
        "VehiclesAy": "{(EgoVehicle↦0.0),(Vehicles2↦0.0),(Vehicles3↦0.0),(Vehicles4↦0.0),(Vehicles5↦0.0)}",
        "Reward": "0.0",
        "VehiclesAx": "{(EgoVehicle↦0.0),(Vehicles2↦0.0),(Vehicles3↦0.0),(Vehicles4↦0.0),(Vehicles5↦0.0)}",
        "VehiclesVx": "{(EgoVehicle↦25.0),(Vehicles2↦-1.8616282939910889),(Vehicles3↦-3.825511634349823),(Vehicles4↦-3.0589449405670166),(Vehicles5↦-2.2066982090473175)}",
        "VehiclesY": "{(EgoVehicle↦0.0),(Vehicles2↦4.0000001192092896),(Vehicles3↦4.0000001192092896),(Vehicles4↦8.000000238418579),(Vehicles5↦0.0)}",
        "VehiclesVy": "{(EgoVehicle↦0.0),(Vehicles2↦0.0),(Vehicles3↦0.0),(Vehicles4↦0.0),(Vehicles5↦0.0)}",
        "VehiclesX": "{(EgoVehicle↦153.74176502227783),(Vehicles2↦24.759389460086823),(Vehicles3↦46.38739228248596),(Vehicles4↦72.03776836395264),(Vehicles5↦95.00234127044678)}"
      },
      "probabilisticVariables": null,
      "activating": [
        "LANE_RIGHT_2"
      ],
      "activatingOnlyWhenExecuted": true,
      "updating": null,
      "withPredicate": null
    },
    {
      "id": "LANE_RIGHT_2",
      "execute": "LANE_RIGHT",
      "after": "1000",
      "priority": 0,
      "additionalGuards": null,
      "activationKind": null,
      "fixedVariables": {
        "Crash": "FALSE",
        "VehiclesAy": "{(EgoVehicle↦1.0796338319778442),(Vehicles2↦5.216817855834961),(Vehicles3↦-1.0796338319778442),(Vehicles4↦-1.0796338319778442),(Vehicles5↦-1.0796338319778442)}",
        "Reward": "0.8327113850086175",
        "VehiclesAx": "{(EgoVehicle↦-0.023322105407714844),(Vehicles2↦-6.980082392692566),(Vehicles3↦-0.6842625141143799),(Vehicles4↦-0.13136863708496094),(Vehicles5↦-1.6825519502162933)}",
        "VehiclesVx": "{(EgoVehicle↦24.976677894592285),(Vehicles2↦-8.841710686683655),(Vehicles3↦-4.509774148464203),(Vehicles4↦-3.1903135776519775),(Vehicles5↦-3.889250159263611)}",
        "VehiclesY": "{(EgoVehicle↦3.6599650382995605),(Vehicles2↦1.2701880633831024),(Vehicles3↦0.3400348797440529),(Vehicles4↦4.34003484249115),(Vehicles5↦-3.6599650382995605)}",
        "VehiclesVy": "{(EgoVehicle↦1.0796338319778442),(Vehicles2↦5.216817855834961),(Vehicles3↦-1.0796338319778442),(Vehicles4↦-1.0796338319778442),(Vehicles5↦-1.0796338319778442)}",
        "VehiclesX": "{(EgoVehicle↦178.42200994491577),(Vehicles2↦20.6976056098938),(Vehicles3↦42.57408678531647),(Vehicles4↦69.23569440841675),(Vehicles5↦92.3448920249939)}"
      },
      "probabilisticVariables": null,
      "activating": [
        "SLOWER_3"
      ],
      "activatingOnlyWhenExecuted": true,
      "updating": null,
      "withPredicate": null
    },
    {
      "id": "SLOWER_3",
      "execute": "SLOWER",
      "after": "1000",
      "priority": 0,
      "additionalGuards": null,
      "activationKind": null,
      "fixedVariables": {
        "Crash": "FALSE",
        "VehiclesAy": "{(EgoVehicle↦-1.030814554542303),(Vehicles2↦-4.477218389511108),(Vehicles3↦1.030814554542303),(Vehicles4↦1.030814554542303),(Vehicles5↦-1.1284531094133854)}",
        "Reward": "0.7175567607980314",
        "VehiclesAx": "{(EgoVehicle↦-4.318299293518066),(Vehicles2↦5.657849907875061),(Vehicles3↦3.8618553429841995),(Vehicles4↦3.8145729899406433),(Vehicles5↦3.424958996474743)}",
        "VehiclesVx": "{(EgoVehicle↦20.65837860107422),(Vehicles2↦-3.1838607788085938),(Vehicles3↦-0.6479188054800034),(Vehicles4↦0.6242594122886658),(Vehicles5↦-0.46429116278886795)}",
        "VehiclesY": "{(EgoVehicle↦3.9831022024154663),(Vehicles2↦3.7345376014709473),(Vehicles3↦0.01689769746735692),(Vehicles4↦4.016897678375244),(Vehicles5↦-3.9831022024154663)}",
        "VehiclesVy": "{(EgoVehicle↦0.04881927743554115),(Vehicles2↦0.7395994663238525),(Vehicles3↦-0.04881927743554115),(Vehicles4↦-0.04881927743554115),(Vehicles5↦-0.04881927743554115)}",
        "VehiclesX": "{(EgoVehicle↦200.0),(Vehicles2↦14.721491932868958),(Vehicles3↦40.239131450653076),(Vehicles4↦68.23726892471313),(Vehicles5↦90.42797684669495)}"
      },
      "probabilisticVariables": null,
      "activating": [
        "LANE_LEFT_4"
      ],
      "activatingOnlyWhenExecuted": true,
      "updating": null,
      "withPredicate": null
    },
    {
      "id": "LANE_LEFT_4",
      "execute": "LANE_LEFT",
      "after": "1000",
      "priority": 0,
      "additionalGuards": null,
      "activationKind": null,
      "fixedVariables": {
        "Crash": "FALSE",
        "VehiclesAy": "{(EgoVehicle↦-1.203391868621111),(Vehicles2↦0.4759223014116287),(Vehicles3↦1.203391868621111),(Vehicles4↦1.203391868621111),(Vehicles5↦1.1057533137500286)}",
        "Reward": "0.6680932828237173",
        "VehiclesAx": "{(EgoVehicle↦-0.6048798561096191),(Vehicles2↦1.615450382232666),(Vehicles3↦0.40512097999453545),(Vehicles4↦0.2684609591960907),(Vehicles5↦0.14328550547361374)}",
        "VehiclesVx": "{(EgoVehicle↦20.0534987449646),(Vehicles2↦-1.5684103965759277),(Vehicles3↦-0.2427978254854679),(Vehicles4↦0.8927203714847565),(Vehicles5↦-0.3210056573152542)}",
        "VehiclesY": "{(EgoVehicle↦0.39993609488010406),(Vehicles2↦7.578583002090454),(Vehicles3↦3.6000638008117676),(Vehicles4↦7.600064277648926),(Vehicles5↦-0.39993609488010406)}",
        "VehiclesVy": "{(EgoVehicle↦-1.1545725911855698),(Vehicles2↦1.2155217677354813),(Vehicles3↦1.1545725911855698),(Vehicles4↦1.1545725911855698),(Vehicles5↦1.1545725911855698)}",
        "VehiclesX": "{(EgoVehicle↦200.0),(Vehicles2↦12.669624388217926),(Vehicles3↦40.183234214782715),(Vehicles4↦69.4007396697998),(Vehicles5↦90.44228792190552)}"
      },
      "probabilisticVariables": null,
      "activating": [
        "FASTER_5"
      ],
      "activatingOnlyWhenExecuted": true,
      "updating": null,
      "withPredicate": null
    },
    {
      "id": "FASTER_5",
      "execute": "FASTER",
      "after": "1000",
      "priority": 0,
      "additionalGuards": null,
      "activationKind": null,
      "fixedVariables": {
        "Crash": "FALSE",
        "VehiclesAy": "{(EgoVehicle↦1.0976245068013668),(Vehicles2↦-1.1542594200000167),(Vehicles3↦-1.0976245068013668),(Vehicles4↦-1.0976245068013668),(Vehicles5↦1.2115206755697727)}",
        "Reward": "0.7827444131272335",
        "VehiclesAx": "{(EgoVehicle↦4.299416542053223),(Vehicles2↦-3.6485618352890015),(Vehicles3↦-4.358175303786993),(Vehicles4↦-4.504946917295456),(Vehicles5↦-4.5175569504499435)}",
        "VehiclesVx": "{(EgoVehicle↦24.352915287017822),(Vehicles2↦-5.216972231864929),(Vehicles3↦-4.600973129272461),(Vehicles4↦-3.6122265458106995),(Vehicles5↦-4.838562607765198)}",
        "VehiclesY": "{(EgoVehicle↦0.017199299298226833),(Vehicles2↦7.981295585632324),(Vehicles3↦3.9828007221221924),(Vehicles4↦7.982800483703613),(Vehicles5↦-0.017199299298226833)}",
        "VehiclesVy": "{(EgoVehicle↦-0.05694808438420296),(Vehicles2↦0.06126234773546457),(Vehicles3↦0.05694808438420296),(Vehicles4↦0.05694808438420296),(Vehicles5↦0.05694808438420296)}",
        "VehiclesX": "{(EgoVehicle↦200.0),(Vehicles2↦9.00346264243126),(Vehicles3↦37.528544664382935),(Vehicles4↦67.82285571098328),(Vehicles5↦87.63810992240906)}"
      },
      "probabilisticVariables": null,
      "activating": [
        "FASTER_6"
      ],
      "activatingOnlyWhenExecuted": true,
      "updating": null,
      "withPredicate": null
    },
    {
      "id": "FASTER_6",
      "execute": "FASTER",
      "after": "1000",
      "priority": 0,
      "additionalGuards": null,
      "activationKind": null,
      "fixedVariables": {
        "Crash": "FALSE",
        "VehiclesAy": "{(EgoVehicle↦0.05566100939176977),(Vehicles2↦-0.05968680794467218),(Vehicles3↦-0.05566100939176977),(Vehicles4↦-0.05566100939176977),(Vehicles5↦0.05823515937663615)}",
        "Reward": "0.9135029267044542",
        "VehiclesAx": "{(EgoVehicle↦4.903445243835449),(Vehicles2↦-4.494292140007019),(Vehicles3↦-4.9029141664505005),(Vehicles4↦-5.045492947101593),(Vehicles5↦-4.979667067527771)}",
        "VehiclesVx": "{(EgoVehicle↦29.25636053085327),(Vehicles2↦-9.711264371871948),(Vehicles3↦-9.503887295722961),(Vehicles4↦-8.657719492912292),(Vehicles5↦-9.818229675292969)}",
        "VehiclesY": "{(EgoVehicle↦0.00030241585773183033),(Vehicles2↦7.999597549438477),(Vehicles3↦3.9996975660324097),(Vehicles4↦7.999697685241699),(Vehicles5↦-0.00030241585773183033)}",
        "VehiclesVy": "{(EgoVehicle↦-0.0012870749924331903),(Vehicles2↦0.0015755397907923907),(Vehicles3↦0.0012870749924331903),(Vehicles4↦0.0012870749924331903),(Vehicles5↦0.0012870749924331903)}",
        "VehiclesX": "{(EgoVehicle↦200.0),(Vehicles2↦1.260788831859827),(Vehicles3↦30.219855904579163),(Vehicles4↦61.44532561302185),(Vehicles5↦80.05545735359192)}"
      },
      "probabilisticVariables": null,
      "activating": [
        "LANE_LEFT_7"
      ],
      "activatingOnlyWhenExecuted": true,
      "updating": null,
      "withPredicate": null
    },
    {
      "id": "LANE_LEFT_7",
      "execute": "LANE_LEFT",
      "after": "1000",
      "priority": 0,
      "additionalGuards": null,
      "activationKind": null,
      "fixedVariables": {
        "Crash": "FALSE",
        "VehiclesAy": "{(EgoVehicle↦0.0012840988833318079),(Vehicles2↦-0.001553953316033585),(Vehicles3↦-0.0012840988833318079),(Vehicles4↦-0.0012840988833318079),(Vehicles5↦0.0012900511015345728)}",
        "Reward": "0.9307219218602212",
        "VehiclesAx": "{(EgoVehicle↦0.6457114219665527),(Vehicles2↦-0.39612412452697754),(Vehicles3↦-0.6218916177749634),(Vehicles4↦-0.7572519779205322),(Vehicles5↦-0.6390416622161865)}",
        "VehiclesVx": "{(EgoVehicle↦29.902071952819824),(Vehicles2↦-10.107388496398926),(Vehicles3↦-10.125778913497925),(Vehicles4↦-9.414971470832825),(Vehicles5↦-10.457271337509155)}",
        "VehiclesY": "{(EgoVehicle↦-5.136431866503699E-07),(Vehicles2↦7.999993801116943),(Vehicles3↦4.000000476837158),(Vehicles4↦8.000000238418579),(Vehicles5↦5.136431866503699E-07)}",
        "VehiclesVy": "{(EgoVehicle↦-2.9761091013824625E-06),(Vehicles2↦2.1586474758805707E-05),(Vehicles3↦2.9761091013824625E-06),(Vehicles4↦2.9761091013824625E-06),(Vehicles5↦2.9761091013824625E-06)}",
        "VehiclesX": "{(EgoVehicle↦200.0),(Vehicles2↦-8.696742355823517),(Vehicles3↦20.368236303329468),(Vehicles4↦52.38516926765442),(Vehicles5↦69.87873911857605)}"
      },
      "probabilisticVariables": null,
      "activating": [
        "IDLE_8"
      ],
      "activatingOnlyWhenExecuted": true,
      "updating": null,
      "withPredicate": null
    },
    {
      "id": "IDLE_8",
      "execute": "IDLE",
      "after": "1000",
      "priority": 0,
      "additionalGuards": null,
      "activationKind": null,
      "fixedVariables": {
        "Crash": "FALSE",
        "VehiclesAy": "{(EgoVehicle↦3.2838277874702726E-06),(Vehicles2↦-2.1894193444893517E-05),(Vehicles3↦-3.2838277874702726E-06),(Vehicles4↦-3.2838277874702726E-06),(Vehicles5↦2.6683904152946525E-06)}",
        "Reward": "0.9329894437566276",
        "VehiclesAx": "{(EgoVehicle↦0.08503198623657227),(Vehicles2↦-0.07192254066467285),(Vehicles3↦0.5280548334121704),(Vehicles4↦-1.0735255479812622),(Vehicles5↦1.40888512134552)}",
        "VehiclesVx": "{(EgoVehicle↦29.987103939056396),(Vehicles2↦-10.179311037063599),(Vehicles3↦-9.597724080085754),(Vehicles4↦-10.488497018814087),(Vehicles5↦-9.048386216163635)}",
        "VehiclesY": "{(EgoVehicle↦-9.184200067124948E-08),(Vehicles2↦4.0000001192092896),(Vehicles3↦8.000000238418579),(Vehicles4↦9.184200067124948E-08),(Vehicles5↦4.0000001192092896)}",
        "VehiclesVy": "{(EgoVehicle↦3.0771868608781006E-07),(Vehicles2↦-3.0771868608781006E-07),(Vehicles3↦-3.0771868608781006E-07),(Vehicles4↦-3.0771868608781006E-07),(Vehicles5↦-3.0771868608781006E-07)}",
        "VehiclesX": "{(EgoVehicle↦200.0),(Vehicles2↦10.207877308130264),(Vehicles3↦42.88351833820343),(Vehicles4↦59.393346309661865),(Vehicles5↦88.50927352905273)}"
      },
      "probabilisticVariables": null,
      "activating": [
        "LANE_LEFT_9"
      ],
      "activatingOnlyWhenExecuted": true,
      "updating": null,
      "withPredicate": null
    },
    {
      "id": "LANE_LEFT_9",
      "execute": "LANE_LEFT",
      "after": "1000",
      "priority": 0,
      "additionalGuards": null,
      "activationKind": null,
      "fixedVariables": {
        "Crash": "FALSE",
        "VehiclesAy": "{(EgoVehicle↦-3.0214392765515186E-07),(Vehicles2↦3.0214392765515186E-07),(Vehicles3↦3.0214392765515186E-07),(Vehicles4↦3.0214392765515186E-07),(Vehicles5↦-3.1329344452046826E-07)}",
        "Reward": "0.9332880474631499",
        "VehiclesAx": "{(EgoVehicle↦0.01119852066040039),(Vehicles2↦0.021507740020751953),(Vehicles3↦-0.10357141494750977),(Vehicles4↦0.06777524948120117),(Vehicles5↦-0.007350444793701172)}",
        "VehiclesVx": "{(EgoVehicle↦29.998302459716797),(Vehicles2↦-10.157803297042847),(Vehicles3↦-9.701295495033264),(Vehicles4↦-10.420721769332886),(Vehicles5↦-9.055736660957336)}",
        "VehiclesY": "{(EgoVehicle↦-1.2760446033155404E-09),(Vehicles2↦4.0000001192092896),(Vehicles3↦8.000000238418579),(Vehicles4↦1.2760432710479108E-09),(Vehicles5↦4.0000001192092896)}",
        "VehiclesVy": "{(EgoVehicle↦5.5747584326582E-09),(Vehicles2↦-5.5747584326582E-09),(Vehicles3↦-5.5747584326582E-09),(Vehicles4↦-5.5747584326582E-09),(Vehicles5↦-5.5747584326582E-09)}",
        "VehiclesX": "{(EgoVehicle↦200.0),(Vehicles2↦0.03551003464963287),(Vehicles3↦33.242449164390564),(Vehicles4↦48.92888069152832),(Vehicles5↦79.45730090141296)}"
      },
      "probabilisticVariables": null,
      "activating": [
        "IDLE_10"
      ],
      "activatingOnlyWhenExecuted": true,
      "updating": null,
      "withPredicate": null
    },
    {
      "id": "IDLE_10",
      "execute": "IDLE",
      "after": "1000",
      "priority": 0,
      "additionalGuards": null,
      "activationKind": null,
      "fixedVariables": {
        "Crash": "FALSE",
        "VehiclesAy": "{(EgoVehicle↦-5.574030126354046E-09),(Vehicles2↦5.574030126354046E-09),(Vehicles3↦5.574030126354046E-09),(Vehicles4↦5.574030126354046E-09),(Vehicles5↦-5.575486738962354E-09)}",
        "Reward": "0.9333273697619511",
        "VehiclesAx": "{(EgoVehicle↦0.0014734268188476562),(Vehicles2↦0.36384105682373047),(Vehicles3↦-0.6301862001419067),(Vehicles4↦1.3581067323684692),(Vehicles5↦-0.3232884407043457)}",
        "VehiclesVx": "{(EgoVehicle↦29.999775886535645),(Vehicles2↦-9.793962240219116),(Vehicles3↦-10.331481695175171),(Vehicles4↦-9.062615036964417),(Vehicles5↦-9.379025101661682)}",
        "VehiclesY": "{(EgoVehicle↦5.784706047506916E-12),(Vehicles2↦8.000000238418579),(Vehicles3↦-5.786038315136466E-12),(Vehicles4↦4.0000001192092896),(Vehicles5↦-5.786038315136466E-12)}",
        "VehiclesVy": "{(EgoVehicle↦7.283063041541027E-13),(Vehicles2↦-7.283063041541027E-13),(Vehicles3↦-7.283063041541027E-13),(Vehicles4↦-7.283063041541027E-13),(Vehicles5↦-7.283063041541027E-13)}",
        "VehiclesX": "{(EgoVehicle↦200.0),(Vehicles2↦23.503868281841278),(Vehicles3↦38.54307532310486),(Vehicles4↦70.39906978607178),(Vehicles5↦94.94597315788269)}"
      },
      "probabilisticVariables": null,
      "activating": [
        "LANE_LEFT_11"
      ],
      "activatingOnlyWhenExecuted": true,
      "updating": null,
      "withPredicate": null
    },
    {
      "id": "LANE_LEFT_11",
      "execute": "LANE_LEFT",
      "after": "1000",
      "priority": 0,
      "additionalGuards": null,
      "activationKind": null,
      "fixedVariables": {
        "Crash": "FALSE",
        "VehiclesAy": "{(EgoVehicle↦-2.2648549702353193E-12),(Vehicles2↦2.255973186038318E-12),(Vehicles3↦2.255973186038318E-12),(Vehicles4↦2.255973186038318E-12),(Vehicles5↦7.993605777301127E-13)}",
        "Reward": "0.9333325480070608",
        "VehiclesAx": "{(EgoVehicle↦0.00019550323486328125),(Vehicles2↦-0.09205102920532227),(Vehicles3↦0.09423971176147461),(Vehicles4↦-0.009642839431762695),(Vehicles5↦0.09153604507446289)}",
        "VehiclesVx": "{(EgoVehicle↦29.999971389770508),(Vehicles2↦-9.886013269424438),(Vehicles3↦-10.237241983413696),(Vehicles4↦-9.07225787639618),(Vehicles5↦-9.28748905658722)}",
        "VehiclesY": "{(EgoVehicle↦4.4497738826976274E-13),(Vehicles2↦8.000000238418579),(Vehicles3↦-4.4630965589931293E-13),(Vehicles4↦4.0000001192092896),(Vehicles5↦-4.4630965589931293E-13)}",
        "VehiclesVy": "{(EgoVehicle↦-1.5365486660812167E-12),(Vehicles2↦1.5276668818842154E-12),(Vehicles3↦1.5276668818842154E-12),(Vehicles4↦1.5276668818842154E-12),(Vehicles5↦1.5276668818842154E-12)}",
        "VehiclesX": "{(EgoVehicle↦200.0),(Vehicles2↦13.673146069049835),(Vehicles3↦28.249186277389526),(Vehicles4↦61.332762241363525),(Vehicles5↦85.60422658920288)}"
      },
      "probabilisticVariables": null,
      "activating": [
        "SLOWER_12"
      ],
      "activatingOnlyWhenExecuted": true,
      "updating": null,
      "withPredicate": null
    },
    {
      "id": "SLOWER_12",
      "execute": "SLOWER",
      "after": "1000",
      "priority": 0,
      "additionalGuards": null,
      "activationKind": null,
      "fixedVariables": {
        "Crash": "FALSE",
        "VehiclesAy": "{(EgoVehicle↦1.5099033134902129E-12),(Vehicles2↦-1.4921397450962104E-12),(Vehicles3↦-1.4921397450962104E-12),(Vehicles4↦-1.4921397450962104E-12),(Vehicles5↦1.5631940186722204E-12)}",
        "Reward": "0.817558195622329",
        "VehiclesAx": "{(EgoVehicle↦-4.341537952423096),(Vehicles2↦4.24843966960907),(Vehicles3↦4.435070157051086),(Vehicles4↦4.330621063709259),(Vehicles5↦4.424575865268707)}",
        "VehiclesVx": "{(EgoVehicle↦25.658433437347412),(Vehicles2↦-5.637573599815369),(Vehicles3↦-5.80217182636261),(Vehicles4↦-4.74163681268692),(Vehicles5↦-4.862913191318512)}",
        "VehiclesY": "{(EgoVehicle↦1.3322676295501878E-14),(Vehicles2↦8.000000238418579),(Vehicles3↦-1.199040866595169E-14),(Vehicles4↦4.0000001192092896),(Vehicles5↦-1.199040866595169E-14)}",
        "VehiclesVy": "{(EgoVehicle↦-2.6645352591003757E-14),(Vehicles2↦3.552713678800501E-14),(Vehicles3↦3.552713678800501E-14),(Vehicles4↦3.552713678800501E-14),(Vehicles5↦3.552713678800501E-14)}",
        "VehiclesX": "{(EgoVehicle↦200.0),(Vehicles2↦6.145042926073074),(Vehicles3↦20.4446017742157),(Vehicles4↦54.65123653411865),(Vehicles5↦78.74568700790405)}"
      },
      "probabilisticVariables": null,
      "activating": [
        "SLOWER_13"
      ],
      "activatingOnlyWhenExecuted": true,
      "updating": null,
      "withPredicate": null
    },
    {
      "id": "SLOWER_13",
      "execute": "SLOWER",
      "after": "1000",
      "priority": 0,
      "additionalGuards": null,
      "activationKind": null,
      "fixedVariables": {
        "Crash": "FALSE",
        "VehiclesAy": "{(EgoVehicle↦2.6645352591003757E-14),(Vehicles2↦-3.552713678800501E-14),(Vehicles3↦-3.552713678800501E-14),(Vehicles4↦-3.552713678800501E-14),(Vehicles5↦3.552713678800501E-14)}",
        "Reward": "0.6865371560764658",
        "VehiclesAx": "{(EgoVehicle↦-4.913289546966553),(Vehicles2↦4.819072782993317),(Vehicles3↦5.003411024808884),(Vehicles4↦4.902155585587025),(Vehicles5↦4.988036686554551)}",
        "VehiclesVx": "{(EgoVehicle↦20.74514389038086),(Vehicles2↦-0.818500816822052),(Vehicles3↦-0.7987608015537262),(Vehicles4↦0.16051877290010452),(Vehicles5↦0.12512349523603916)}",
        "VehiclesY": "{(EgoVehicle↦0.0),(Vehicles2↦8.000000238418579),(Vehicles3↦0.0),(Vehicles4↦4.0000001192092896),(Vehicles5↦0.0)}",
        "VehiclesVy": "{(EgoVehicle↦0.0),(Vehicles2↦0.0),(Vehicles3↦0.0),(Vehicles4↦0.0),(Vehicles5↦0.0)}",
        "VehiclesX": "{(EgoVehicle↦200.0),(Vehicles2↦3.180314600467682),(Vehicles3↦17.389273643493652),(Vehicles4↦52.6155948638916),(Vehicles5↦76.62376761436462)}"
      },
      "probabilisticVariables": null,
      "activating": [
        "LANE_RIGHT_14"
      ],
      "activatingOnlyWhenExecuted": true,
      "updating": null,
      "withPredicate": null
    },
    {
      "id": "LANE_RIGHT_14",
      "execute": "LANE_RIGHT",
      "after": "1000",
      "priority": 0,
      "additionalGuards": null,
      "activationKind": null,
      "fixedVariables": {
        "Crash": "FALSE",
        "VehiclesAy": "{(EgoVehicle↦1.1590597033500671),(Vehicles2↦-1.1590597033500671),(Vehicles3↦-1.1590597033500671),(Vehicles4↦-1.1590597033500671),(Vehicles5↦-1.1590597033500671)}",
        "Reward": "0.7017247074444711",
        "VehiclesAx": "{(EgoVehicle↦-0.6804680824279785),(Vehicles2↦0.5856459215283394),(Vehicles3↦0.7659596833400428),(Vehicles4↦0.669713206589222),(Vehicles5↦0.747674098238349)}",
        "VehiclesVx": "{(EgoVehicle↦20.06467580795288),(Vehicles2↦-0.23285489529371262),(Vehicles3↦-0.03280111821368337),(Vehicles4↦0.8302319794893265),(Vehicles5↦0.8727975934743881)}",
        "VehiclesY": "{(EgoVehicle↦3.5984333753585815),(Vehicles2↦4.401566505432129),(Vehicles3↦-3.5984333753585815),(Vehicles4↦0.4015664756298065),(Vehicles5↦-3.5984333753585815)}",
        "VehiclesVy": "{(EgoVehicle↦1.1590597033500671),(Vehicles2↦-1.1590597033500671),(Vehicles3↦-1.1590597033500671),(Vehicles4↦-1.1590597033500671),(Vehicles5↦-1.1590597033500671)}",
        "VehiclesX": "{(EgoVehicle↦200.0),(Vehicles2↦3.0560968443751335),(Vehicles3↦17.357295751571655),(Vehicles4↦53.50395441055298),(Vehicles5↦77.50853300094604)}"
      },
      "probabilisticVariables": null,
      "activating": [
        "SLOWER_15"
      ],
      "activatingOnlyWhenExecuted": true,
      "updating": null,
      "withPredicate": null
    },
    {
      "id": "SLOWER_15",
      "execute": "SLOWER",
      "after": "1000",
      "priority": 0,
      "additionalGuards": null,
      "activationKind": null,
      "fixedVariables": {
        "Crash": "FALSE",
        "VehiclesAy": "{(EgoVehicle↦-1.0864534322172403),(Vehicles2↦1.0864534322172403),(Vehicles3↦1.0864534322172403),(Vehicles4↦1.0864534322172403),(Vehicles5↦-1.231665974482894)}",
        "Reward": "0.7003410724973119",
        "VehiclesAx": "{(EgoVehicle↦-0.05188465118408203),(Vehicles2↦-0.04282116889953613),(Vehicles3↦0.13228737050667405),(Vehicles4↦0.04178576171398163),(Vehicles5↦-2.9078716784715652)}",
        "VehiclesVx": "{(EgoVehicle↦20.0127911567688),(Vehicles2↦-0.27567606419324875),(Vehicles3↦0.09948625229299068),(Vehicles4↦0.8720177412033081),(Vehicles5↦-2.035074084997177)}",
        "VehiclesY": "{(EgoVehicle↦3.9749972820281982),(Vehicles2↦4.025002956390381),(Vehicles3↦-3.9749972820281982),(Vehicles4↦0.025002879090607166),(Vehicles5↦4.025002956390381)}",
        "VehiclesVy": "{(EgoVehicle↦0.0726062711328268),(Vehicles2↦-0.0726062711328268),(Vehicles3↦-0.0726062711328268),(Vehicles4↦-0.0726062711328268),(Vehicles5↦-0.0726062711328268)}",
        "VehiclesX": "{(EgoVehicle↦200.0),(Vehicles2↦2.804281748831272),(Vehicles3↦17.3760324716568),(Vehicles4↦54.34905290603638),(Vehicles5↦76.87253952026367)}"
      },
      "probabilisticVariables": null,
      "activating": [
        "LANE_LEFT_16"
      ],
      "activatingOnlyWhenExecuted": true,
      "updating": null,
      "withPredicate": null
    },
    {
      "id": "LANE_LEFT_16",
      "execute": "LANE_LEFT",
      "after": "1000",
      "priority": 0,
      "additionalGuards": null,
      "activationKind": null,
      "fixedVariables": {
        "Crash": "FALSE",
        "VehiclesAy": "{(EgoVehicle↦-1.2142178323119879),(Vehicles2↦1.2142178323119879),(Vehicles3↦1.2142178323119879),(Vehicles4↦1.2142178323119879),(Vehicles5↦1.0690052900463343)}",
        "Reward": "0.6666666666666666",
        "VehiclesAx": "{(EgoVehicle↦-0.04369497299194336),(Vehicles2↦-0.050081536173820496),(Vehicles3↦0.11896965093910694),(Vehicles4↦0.03436386585235596),(Vehicles5↦0.023894309997558594)}",
        "VehiclesVx": "{(EgoVehicle↦19.969096183776855),(Vehicles2↦-0.32575760036706924),(Vehicles3↦0.21845590323209763),(Vehicles4↦0.9063816070556641),(Vehicles5↦-2.0111797749996185)}",
        "VehiclesY": "{(EgoVehicle↦0.3948507159948349),(Vehicles2↦7.605149030685425),(Vehicles3↦-0.3948507159948349),(Vehicles4↦3.605149269104004),(Vehicles5↦7.605149030685425)}",
        "VehiclesVy": "{(EgoVehicle↦-1.141611561179161),(Vehicles2↦1.141611561179161),(Vehicles3↦1.141611561179161),(Vehicles4↦1.141611561179161),(Vehicles5↦1.141611561179161)}",
        "VehiclesX": "{(EgoVehicle↦200.0),(Vehicles2↦2.878227084875107),(Vehicles3↦17.893274128437042),(Vehicles4↦55.60451149940491),(Vehicles5↦75.21538138389587)}"
      },
      "probabilisticVariables": null,
      "activating": [
        "SLOWER_17"
      ],
      "activatingOnlyWhenExecuted": true,
      "updating": null,
      "withPredicate": null
    },
    {
      "id": "SLOWER_17",
      "execute": "SLOWER",
      "after": "1000",
      "priority": 0,
      "additionalGuards": null,
      "activationKind": null,
      "fixedVariables": {
        "Crash": "FALSE",
        "VehiclesAy": "{(EgoVehicle↦1.0700731258839369),(Vehicles2↦-1.0700731258839369),(Vehicles3↦-1.0700731258839369),(Vehicles4↦-1.0700731258839369),(Vehicles5↦1.2131499964743853)}",
        "Reward": "0.6666692304877221",
        "VehiclesAx": "{(EgoVehicle↦0.030999183654785156),(Vehicles2↦-0.1229921355843544),(Vehicles3↦0.03934346139431),(Vehicles4↦-0.03951817750930786),(Vehicles5↦-0.03469526767730713)}",
        "VehiclesVx": "{(EgoVehicle↦20.00009536743164),(Vehicles2↦-0.44874973595142365),(Vehicles3↦0.2577993646264076),(Vehicles4↦0.8668634295463562),(Vehicles5↦-2.0458750426769257)}",
        "VehiclesY": "{(EgoVehicle↦0.024631538428366184),(Vehicles2↦7.97536826133728),(Vehicles3↦-0.024631538428366184),(Vehicles4↦3.9753684997558594),(Vehicles5↦7.97536826133728)}",
        "VehiclesVy": "{(EgoVehicle↦-0.07153843529522419),(Vehicles2↦0.07153843529522419),(Vehicles3↦0.07153843529522419),(Vehicles4↦0.07153843529522419),(Vehicles5↦0.07153843529522419)}",
        "VehiclesX": "{(EgoVehicle↦200.0),(Vehicles2↦2.4889517575502396),(Vehicles3↦18.11370551586151),(Vehicles4↦56.480878591537476),(Vehicles5↦73.17500114440918)}"
      },
      "probabilisticVariables": null,
      "activating": [
        "SLOWER_18"
      ],
      "activatingOnlyWhenExecuted": true,
      "updating": null,
      "withPredicate": null
    },
    {
      "id": "SLOWER_18",
      "execute": "SLOWER",
      "after": "1000",
      "priority": 0,
      "additionalGuards": null,
      "activationKind": null,
      "fixedVariables": {
        "Crash": "FALSE",
        "VehiclesAy": "{(EgoVehicle↦0.06708711036480963),(Vehicles2↦-0.06708711036480963),(Vehicles3↦-0.06708711036480963),(Vehicles4↦-0.06708711036480963),(Vehicles5↦0.07598976022563875)}",
        "Reward": "0.6666674403708223",
        "VehiclesAx": "{(EgoVehicle↦-6.67572021484375E-05),(Vehicles2↦-0.08929837495088577),(Vehicles3↦0.06578218191862106),(Vehicles4↦-0.007631555199623108),(Vehicles5↦0.009765326976776123)}",
        "VehiclesVx": "{(EgoVehicle↦20.000028610229492),(Vehicles2↦-0.5380481109023094),(Vehicles3↦0.3235815465450287),(Vehicles4↦0.8592318743467331),(Vehicles5↦-2.0361097157001495)}",
        "VehiclesY": "{(EgoVehicle↦0.0015325922286137938),(Vehicles2↦7.998467445373535),(Vehicles3↦-0.0015325922286137938),(Vehicles4↦3.9984673261642456),(Vehicles5↦7.998467445373535)}",
        "VehiclesVy": "{(EgoVehicle↦-0.0044513249304145575),(Vehicles2↦0.0044513249304145575),(Vehicles3↦0.0044513249304145575),(Vehicles4↦0.0044513249304145575),(Vehicles5↦0.0044513249304145575)}",
        "VehiclesX": "{(EgoVehicle↦200.0),(Vehicles2↦2.004212699830532),(Vehicles3↦18.39814782142639),(Vehicles4↦57.344597578048706),(Vehicles5↦71.13204002380371)}"
      },
      "probabilisticVariables": null,
      "activating": [
        "SLOWER_19"
      ],
      "activatingOnlyWhenExecuted": true,
      "updating": null,
      "withPredicate": null
    },
    {
      "id": "SLOWER_19",
      "execute": "SLOWER",
      "after": "1000",
      "priority": 0,
      "additionalGuards": null,
      "activationKind": null,
      "fixedVariables": {
        "Crash": "FALSE",
        "VehiclesAy": "{(EgoVehicle↦0.004174364039499778),(Vehicles2↦-0.004174364039499778),(Vehicles3↦-0.004174364039499778),(Vehicles4↦-0.004174364039499778),(Vehicles5↦0.004728285821329337)}",
        "Reward": "0.6666667702420196",
        "VehiclesAx": "{(EgoVehicle↦-2.384185791015625E-05),(Vehicles2↦-0.08591219782829285),(Vehicles3↦0.06145544350147247),(Vehicles4↦-0.0068645179271698),(Vehicles5↦0.02062097191810608)}",
        "VehiclesVx": "{(EgoVehicle↦20.000004768371582),(Vehicles2↦-0.6239603087306023),(Vehicles3↦0.38503699004650116),(Vehicles4↦0.8523673564195633),(Vehicles5↦-2.0154887437820435)}",
        "VehiclesY": "{(EgoVehicle↦9.535764911561273E-05),(Vehicles2↦7.99990439414978),(Vehicles3↦-9.535764911561273E-05),(Vehicles4↦3.9999046325683594),(Vehicles5↦7.99990439414978)}",
        "VehiclesVy": "{(EgoVehicle↦-0.00027696089091477916),(Vehicles2↦0.00027696089091477916),(Vehicles3↦0.00027696089091477916),(Vehicles4↦0.00027696089091477916),(Vehicles5↦0.00027696089091477916)}",
        "VehiclesX": "{(EgoVehicle↦200.0),(Vehicles2↦1.43149858340621),(Vehicles3↦18.746644258499146),(Vehicles4↦58.20102095603943),(Vehicles5↦69.10340189933777)}"
      },
      "probabilisticVariables": null,
      "activating": [
        "SLOWER_20"
      ],
      "activatingOnlyWhenExecuted": true,
      "updating": null,
      "withPredicate": null
    },
    {
      "id": "SLOWER_20",
      "execute": "SLOWER",
      "after": "1000",
      "priority": 0,
      "additionalGuards": null,
      "activationKind": null,
      "fixedVariables": {
        "Crash": "FALSE",
        "VehiclesAy": "{(EgoVehicle↦0.0002597284185412718),(Vehicles2↦-0.0002597284185412718),(Vehicles3↦-0.0002597284185412718),(Vehicles4↦-0.0002597284185412718),(Vehicles5↦0.0002941933632882865)}",
        "Reward": "0.6666666803127556",
        "VehiclesAx": "{(EgoVehicle↦-4.76837158203125E-06),(Vehicles2↦-0.08176889270544052),(Vehicles3↦0.057496167719364166),(Vehicles4↦-0.006095990538597107),(Vehicles5↦0.029273033142089844)}",
        "VehiclesVx": "{(EgoVehicle↦20.0),(Vehicles2↦-0.7057292014360428),(Vehicles3↦0.4425331577658653),(Vehicles4↦0.8462713658809662),(Vehicles5↦-1.9862157106399536)}",
        "VehiclesY": "{(EgoVehicle↦5.933141210334725E-06),(Vehicles2↦7.999993801116943),(Vehicles3↦-5.933141210334725E-06),(Vehicles4↦3.9999940395355225),(Vehicles5↦7.999993801116943)}",
        "VehiclesVy": "{(EgoVehicle↦-1.7232472373507335E-05),(Vehicles2↦1.7232472373507335E-05),(Vehicles3↦1.7232472373507335E-05),(Vehicles4↦1.7232472373507335E-05),(Vehicles5↦1.7232472373507335E-05)}",
        "VehiclesX": "{(EgoVehicle↦200.0),(Vehicles2↦0.7744705304503441),(Vehicles3↦19.154982268810272),(Vehicles4↦59.05088782310486),(Vehicles5↦67.09901094436646)}"
      },
      "probabilisticVariables": null,
      "activating": [
        "SLOWER_21"
      ],
      "activatingOnlyWhenExecuted": true,
      "updating": null,
      "withPredicate": null
    },
    {
      "id": "SLOWER_21",
      "execute": "SLOWER",
      "after": "1000",
      "priority": 0,
      "additionalGuards": null,
      "activationKind": null,
      "fixedVariables": {
        "Crash": "FALSE",
        "VehiclesAy": "{(EgoVehicle↦1.616027006434706E-05),(Vehicles2↦-1.616027006434706E-05),(Vehicles3↦-1.616027006434706E-05),(Vehicles4↦-1.616027006434706E-05),(Vehicles5↦1.830467468266761E-05)}",
        "Reward": "0.6666666684637078",
        "VehiclesAx": "{(EgoVehicle↦0.0),(Vehicles2↦-0.0769536942243576),(Vehicles3↦0.0538872554898262),(Vehicles4↦-0.005331560969352722),(Vehicles5↦0.03601372241973877)}",
        "VehiclesVx": "{(EgoVehicle↦20.0),(Vehicles2↦-0.7826828956604004),(Vehicles3↦0.49642041325569153),(Vehicles4↦0.8409398049116135),(Vehicles5↦-1.9502019882202148)}",
        "VehiclesY": "{(EgoVehicle↦3.6915929513270385E-07),(Vehicles2↦7.999999523162842),(Vehicles3↦-3.6915929513270385E-07),(Vehicles4↦3.999999761581421),(Vehicles5↦7.999999523162842)}",
        "VehiclesVy": "{(EgoVehicle↦-1.072202309160275E-06),(Vehicles2↦1.072202309160275E-06),(Vehicles3↦1.072202309160275E-06),(Vehicles4↦1.072202309160275E-06),(Vehicles5↦1.072202309160275E-06)}",
        "VehiclesX": "{(EgoVehicle↦200.0),(Vehicles2↦0.03755080979317427),(Vehicles3↦19.619345664978027),(Vehicles4↦59.8949670791626),(Vehicles5↦65.12672901153564)}"
      },
      "probabilisticVariables": null,
      "activating": [
        "SLOWER_22"
      ],
      "activatingOnlyWhenExecuted": true,
      "updating": null,
      "withPredicate": null
    },
    {
      "id": "SLOWER_22",
      "execute": "SLOWER",
      "after": "1000",
      "priority": 0,
      "additionalGuards": null,
      "activationKind": null,
      "fixedVariables": {
        "Crash": "FALSE",
        "VehiclesAy": "{(EgoVehicle↦1.0054900201339478E-06),(Vehicles2↦-1.0054900201339478E-06),(Vehicles3↦-1.0054900201339478E-06),(Vehicles4↦-1.0054900201339478E-06),(Vehicles5↦1.1389145981866022E-06)}",
        "Reward": "0.6666666669033141",
        "VehiclesAx": "{(EgoVehicle↦0.0),(Vehicles2↦-0.07158234715461731),(Vehicles3↦0.050587765872478485),(Vehicles4↦-0.0045903027057647705),(Vehicles5↦0.04111826419830322)}",
        "VehiclesVx": "{(EgoVehicle↦20.0),(Vehicles2↦-0.8542652428150177),(Vehicles3↦0.54700817912817),(Vehicles4↦0.8363495022058487),(Vehicles5↦-1.9090837240219116)}",
        "VehiclesY": "{(EgoVehicle↦2.2969047996923564E-08),(Vehicles2↦8.000000238418579),(Vehicles3↦-2.2969045332388305E-08),(Vehicles4↦4.0000001192092896),(Vehicles5↦8.000000238418579)}",
        "VehiclesVy": "{(EgoVehicle↦-6.67122890263272E-08),(Vehicles2↦6.67122890263272E-08),(Vehicles3↦6.67122890263272E-08),(Vehicles4↦6.67122890263272E-08),(Vehicles5↦6.67122890263272E-08)}",
        "VehiclesX": "{(EgoVehicle↦200.0),(Vehicles2↦-0.7742141373455524),(Vehicles3↦20.136253535747528),(Vehicles4↦60.734015703201294),(Vehicles5↦63.19262981414795)}"
      },
      "probabilisticVariables": null,
      "activating": [
        "SLOWER_23"
      ],
      "activatingOnlyWhenExecuted": true,
      "updating": null,
      "withPredicate": null
    },
    {
      "id": "SLOWER_23",
      "execute": "SLOWER",
      "after": "1000",
      "priority": 0,
      "additionalGuards": null,
      "activationKind": null,
      "fixedVariables": {
        "Crash": "FALSE",
        "VehiclesAy": "{(EgoVehicle↦6.256146711791644E-08),(Vehicles2↦-6.256147599970063E-08),(Vehicles3↦-6.256147599970063E-08),(Vehicles4↦-6.256147599970063E-08),(Vehicles5↦7.086310205295376E-08)}",
        "Reward": "0.6666666666978301",
        "VehiclesAx": "{(EgoVehicle↦0.0),(Vehicles2↦-0.06576746702194214),(Vehicles3↦0.04756812006235123),(Vehicles4↦-2.700575366616249),(Vehicles5↦2.7415574342012405)}",
        "VehiclesVx": "{(EgoVehicle↦20.0),(Vehicles2↦-0.9200327098369598),(Vehicles3↦0.5945762991905212),(Vehicles4↦-1.8642258644104004),(Vehicles5↦0.8324737101793289)}",
        "VehiclesY": "{(EgoVehicle↦1.4291314798242638E-09),(Vehicles2↦8.000000238418579),(Vehicles3↦-1.4291301475566343E-09),(Vehicles4↦8.000000238418579),(Vehicles5↦4.0000001192092896)}",
        "VehiclesVy": "{(EgoVehicle↦-4.150821908410762E-09),(Vehicles2↦4.150813026626565E-09),(Vehicles3↦4.150813026626565E-09),(Vehicles4↦4.150813026626565E-09),(Vehicles5↦4.150813026626565E-09)}",
        "VehiclesX": "{(EgoVehicle↦200.0),(Vehicles2↦-1.655266433954239),(Vehicles3↦20.70252001285553),(Vehicles4↦61.30123734474182),(Vehicles5↦61.56875491142273)}"
      },
      "probabilisticVariables": null,
      "activating": [
        "SLOWER_24"
      ],
      "activatingOnlyWhenExecuted": true,
      "updating": null,
      "withPredicate": null
    },
    {
      "id": "SLOWER_24",
      "execute": "SLOWER",
      "after": "1000",
      "priority": 0,
      "additionalGuards": null,
      "activationKind": null,
      "fixedVariables": {
        "Crash": "FALSE",
        "VehiclesAy": "{(EgoVehicle↦3.89255738753036E-09),(Vehicles2↦-3.892548505746163E-09),(Vehicles3↦-3.892548505746163E-09),(Vehicles4↦-3.892548505746163E-09),(Vehicles5↦4.409077547506968E-09)}",
        "Reward": "0.6666666666707705",
        "VehiclesAx": "{(EgoVehicle↦0.0),(Vehicles2↦-0.05962669849395752),(Vehicles3↦0.044800639152526855),(Vehicles4↦0.047477930784225464),(Vehicles5↦-0.0031897425651550293)}",
        "VehiclesVx": "{(EgoVehicle↦20.0),(Vehicles2↦-0.9796594083309174),(Vehicles3↦0.6393769383430481),(Vehicles4↦-1.816747933626175),(Vehicles5↦0.8292839676141739)}",
        "VehiclesY": "{(EgoVehicle↦8.892087066669774E-11),(Vehicles2↦8.000000238418579),(Vehicles3↦-8.892087066669774E-11),(Vehicles4↦8.000000238418579),(Vehicles5↦4.0000001192092896)}",
        "VehiclesVy": "{(EgoVehicle↦-2.582645208804024E-10),(Vehicles2↦2.582645208804024E-10),(Vehicles3↦2.582645208804024E-10),(Vehicles4↦2.582645208804024E-10),(Vehicles5↦2.582645208804024E-10)}",
        "VehiclesX": "{(EgoVehicle↦200.0),(Vehicles2↦-2.5996509939432144),(Vehicles3↦21.315228939056396),(Vehicles4↦59.45582985877991),(Vehicles5↦62.39989995956421)}"
      },
      "probabilisticVariables": null,
      "activating": [
        "SLOWER_25"
      ],
      "activatingOnlyWhenExecuted": true,
      "updating": null,
      "withPredicate": null
    },
    {
      "id": "SLOWER_25",
      "execute": "SLOWER",
      "after": "1000",
      "priority": 0,
      "additionalGuards": null,
      "activationKind": null,
      "fixedVariables": {
        "Crash": "FALSE",
        "VehiclesAy": "{(EgoVehicle↦2.4218849148383015E-10),(Vehicles2↦-2.4218849148383015E-10),(Vehicles3↦-2.4218849148383015E-10),(Vehicles4↦-2.4218849148383015E-10),(Vehicles5↦2.743405502769747E-10)}",
        "Reward": "0.6666666666672071",
        "VehiclesAx": "{(EgoVehicle↦0.0),(Vehicles2↦-0.05327947437763214),(Vehicles3↦0.04225969314575195),(Vehicles4↦0.04919305443763733),(Vehicles5↦-0.002532675862312317)}",
        "VehiclesVx": "{(EgoVehicle↦20.0),(Vehicles2↦-1.0329388827085495),(Vehicles3↦0.6816366314888),(Vehicles4↦-1.7675548791885376),(Vehicles5↦0.8267512917518616)}",
        "VehiclesY": "{(EgoVehicle↦5.53157519789238E-12),(Vehicles2↦8.000000238418579),(Vehicles3↦-5.53157519789238E-12),(Vehicles4↦8.000000238418579),(Vehicles5↦4.0000001192092896)}",
        "VehiclesVy": "{(EgoVehicle↦-1.6076029396572267E-11),(Vehicles2↦1.6076029396572267E-11),(Vehicles3↦1.6076029396572267E-11),(Vehicles4↦1.6076029396572267E-11),(Vehicles5↦1.6076029396572267E-11)}",
        "VehiclesX": "{(EgoVehicle↦200.0),(Vehicles2↦-3.6011353135108948),(Vehicles3↦21.971704065799713),(Vehicles4↦57.65865445137024),(Vehicles5↦63.22811841964722)}"
      },
      "probabilisticVariables": null,
      "activating": [
        "SLOWER_26"
      ],
      "activatingOnlyWhenExecuted": true,
      "updating": null,
      "withPredicate": null
    },
    {
      "id": "SLOWER_26",
      "execute": "SLOWER",
      "after": "1000",
      "priority": 0,
      "additionalGuards": null,
      "activationKind": null,
      "fixedVariables": {
        "Crash": "FALSE",
        "VehiclesAy": "{(EgoVehicle↦1.5081269566508126E-11),(Vehicles2↦-1.5081269566508126E-11),(Vehicles3↦-1.5081269566508126E-11),(Vehicles4↦-1.5081269566508126E-11),(Vehicles5↦1.7070789226636407E-11)}",
        "Reward": "0.6666666666667379",
        "VehiclesAx": "{(EgoVehicle↦0.0),(Vehicles2↦-0.04684269428253174),(Vehicles3↦0.039921849966049194),(Vehicles4↦0.05018666386604309),(Vehicles5↦-0.0019052624702453613)}",
        "VehiclesVx": "{(EgoVehicle↦20.0),(Vehicles2↦-1.0797815769910812),(Vehicles3↦0.7215584814548492),(Vehicles4↦-1.7173682153224945),(Vehicles5↦0.8248460292816162)}",
        "VehiclesY": "{(EgoVehicle↦3.4372504842394846E-13),(Vehicles2↦8.000000238418579),(Vehicles3↦-3.4505731605349865E-13),(Vehicles4↦8.000000238418579),(Vehicles5↦4.0000001192092896)}",
        "VehiclesVy": "{(EgoVehicle↦-9.947598300641403E-13),(Vehicles2↦9.947598300641403E-13),(Vehicles3↦9.947598300641403E-13),(Vehicles4↦9.947598300641403E-13),(Vehicles5↦9.947598300641403E-13)}",
        "VehiclesX": "{(EgoVehicle↦200.0),(Vehicles2↦-4.653326794505119),(Vehicles3↦22.669489681720734),(Vehicles4↦55.91111779212952),(Vehicles5↦64.0540599822998)}"
      },
      "probabilisticVariables": null,
      "activating": [
        "SLOWER_27"
      ],
      "activatingOnlyWhenExecuted": true,
      "updating": null,
      "withPredicate": null
    },
    {
      "id": "SLOWER_27",
      "execute": "SLOWER",
      "after": "1000",
      "priority": 0,
      "additionalGuards": null,
      "activationKind": null,
      "fixedVariables": {
        "Crash": "FALSE",
        "VehiclesAy": "{(EgoVehicle↦9.237055564881302E-13),(Vehicles2↦-9.237055564881302E-13),(Vehicles3↦-9.237055564881302E-13),(Vehicles4↦-9.237055564881302E-13),(Vehicles5↦1.0658141036401503E-12)}",
        "Reward": "0.666666666666676",
        "VehiclesAx": "{(EgoVehicle↦0.0),(Vehicles2↦-0.040426552295684814),(Vehicles3↦0.037766098976135254),(Vehicles4↦0.0506119430065155),(Vehicles5↦-0.0013075768947601318)}",
        "VehiclesVx": "{(EgoVehicle↦20.0),(Vehicles2↦-1.120208129286766),(Vehicles3↦0.7593245804309845),(Vehicles4↦-1.666756272315979),(Vehicles5↦0.8235384523868561)}",
        "VehiclesY": "{(EgoVehicle↦2.1316282072803006E-14),(Vehicles2↦8.000000238418579),(Vehicles3↦-2.1316282072803006E-14),(Vehicles4↦8.000000238418579),(Vehicles5↦4.0000001192092896)}",
        "VehiclesVy": "{(EgoVehicle↦-7.105427357601002E-14),(Vehicles2↦7.105427357601002E-14),(Vehicles3↦7.105427357601002E-14),(Vehicles4↦7.105427357601002E-14),(Vehicles5↦7.105427357601002E-14)}",
        "VehiclesX": "{(EgoVehicle↦200.0),(Vehicles2↦-5.749788880348206),(Vehicles3↦23.406319320201874),(Vehicles4↦54.213982820510864),(Vehicles5↦64.87833857536316)}"
      },
      "probabilisticVariables": null,
      "activating": [
        "SLOWER_28"
      ],
      "activatingOnlyWhenExecuted": true,
      "updating": null,
      "withPredicate": null
    },
    {
      "id": "SLOWER_28",
      "execute": "SLOWER",
      "after": "1000",
      "priority": 0,
      "additionalGuards": null,
      "activationKind": null,
      "fixedVariables": {
        "Crash": "FALSE",
        "VehiclesAy": "{(EgoVehicle↦7.105427357601002E-14),(Vehicles2↦-7.105427357601002E-14),(Vehicles3↦-7.105427357601002E-14),(Vehicles4↦-7.105427357601002E-14),(Vehicles5↦7.105427357601002E-14)}",
        "Reward": "0.6666666666666679",
        "VehiclesAx": "{(EgoVehicle↦0.0),(Vehicles2↦-0.034130439162254333),(Vehicles3↦0.0357741117477417),(Vehicles4↦0.05059495568275452),(Vehicles5↦-0.0007399171590805054)}",
        "VehiclesVx": "{(EgoVehicle↦20.0),(Vehicles2↦-1.1543385684490204),(Vehicles3↦0.7950986921787262),(Vehicles4↦-1.6161613166332245),(Vehicles5↦0.8227985352277756)}",
        "VehiclesY": "{(EgoVehicle↦2.6645352591003757E-15),(Vehicles2↦8.000000238418579),(Vehicles3↦-1.3322676295501878E-15),(Vehicles4↦8.000000238418579),(Vehicles5↦4.0000001192092896)}",
        "VehiclesVy": "{(EgoVehicle↦0.0),(Vehicles2↦0.0),(Vehicles3↦0.0),(Vehicles4↦0.0),(Vehicles5↦0.0)}",
        "VehiclesX": "{(EgoVehicle↦200.0),(Vehicles2↦-6.884145736694336),(Vehicles3↦24.180106818675995),(Vehicles4↦52.56747603416443),(Vehicles5↦65.70153832435608)}"
      },
      "probabilisticVariables": null,
      "activating": [
        "SLOWER_29"
      ],
      "activatingOnlyWhenExecuted": true,
      "updating": null,
      "withPredicate": null
    },
    {
      "id": "SLOWER_29",
      "execute": "SLOWER",
      "after": "1000",
      "priority": 0,
      "additionalGuards": null,
      "activationKind": null,
      "fixedVariables": {
        "Crash": "FALSE",
        "VehiclesAy": "{(EgoVehicle↦0.0),(Vehicles2↦0.0),(Vehicles3↦0.0),(Vehicles4↦0.0),(Vehicles5↦0.0)}",
        "Reward": "0.6666666666666669",
        "VehiclesAx": "{(EgoVehicle↦0.0),(Vehicles2↦-0.028040707111358643),(Vehicles3↦0.03392919898033142),(Vehicles4↦0.05023866891860962),(Vehicles5↦-0.00020168721675872803)}",
        "VehiclesVx": "{(EgoVehicle↦20.0),(Vehicles2↦-1.182379275560379),(Vehicles3↦0.8290278911590576),(Vehicles4↦-1.5659226477146149),(Vehicles5↦0.8225968480110168)}",
        "VehiclesY": "{(EgoVehicle↦0.0),(Vehicles2↦8.000000238418579),(Vehicles3↦0.0),(Vehicles4↦8.000000238418579),(Vehicles5↦4.0000001192092896)}",
        "VehiclesVy": "{(EgoVehicle↦0.0),(Vehicles2↦0.0),(Vehicles3↦0.0),(Vehicles4↦0.0),(Vehicles5↦0.0)}",
        "VehiclesX": "{(EgoVehicle↦200.0),(Vehicles2↦-8.050177991390228),(Vehicles3↦24.988919496536255),(Vehicles4↦50.97145438194275),(Vehicles5↦66.52421355247498)}"
      },
      "probabilisticVariables": null,
      "activating": [
        "SLOWER_30"
      ],
      "activatingOnlyWhenExecuted": true,
      "updating": null,
      "withPredicate": null
    },
    {
      "id": "SLOWER_30",
      "execute": "SLOWER",
      "after": "1000",
      "priority": 0,
      "additionalGuards": null,
      "activationKind": null,
      "fixedVariables": {
        "Crash": "FALSE",
        "VehiclesAy": "{(EgoVehicle↦0.0),(Vehicles2↦0.0),(Vehicles3↦0.0),(Vehicles4↦0.0),(Vehicles5↦0.0)}",
        "Reward": "0.6666666666666669",
        "VehiclesAx": "{(EgoVehicle↦0.0),(Vehicles2↦-0.022228434681892395),(Vehicles3↦0.032216981053352356),(Vehicles4↦0.049625933170318604),(Vehicles5↦0.00030718743801116943)}",
        "VehiclesVx": "{(EgoVehicle↦20.0),(Vehicles2↦-1.2046077102422714),(Vehicles3↦0.86124487221241),(Vehicles4↦-1.5162967145442963),(Vehicles5↦0.822904035449028)}",
        "VehiclesY": "{(EgoVehicle↦-1.3322676295501878E-15),(Vehicles2↦8.000000238418579),(Vehicles3↦2.6645352591003757E-15),(Vehicles4↦8.000000238418579),(Vehicles5↦4.0000001192092896)}",
        "VehiclesVy": "{(EgoVehicle↦0.0),(Vehicles2↦0.0),(Vehicles3↦0.0),(Vehicles4↦0.0),(Vehicles5↦0.0)}",
        "VehiclesX": "{(EgoVehicle↦200.0),(Vehicles2↦-9.241900593042374),(Vehicles3↦25.830966234207153),(Vehicles4↦49.42543804645538),(Vehicles5↦67.34689474105835)}"
      },
      "probabilisticVariables": null,
      "activating": [
        "SLOWER_31"
      ],
      "activatingOnlyWhenExecuted": true,
      "updating": null,
      "withPredicate": null
    },
    {
      "id": "SLOWER_31",
      "execute": "SLOWER",
      "after": "1000",
      "priority": 0,
      "additionalGuards": null,
      "activationKind": null,
      "fixedVariables": {
        "Crash": "FALSE",
        "VehiclesAy": "{(EgoVehicle↦0.0),(Vehicles2↦0.0),(Vehicles3↦0.0),(Vehicles4↦0.0),(Vehicles5↦0.0)}",
        "Reward": "0.6666666666666669",
        "VehiclesAx": "{(EgoVehicle↦0.0),(Vehicles2↦2.0964771509170532),(Vehicles3↦-2.328719273209572),(Vehicles4↦2.339988052845001),(Vehicles5↦0.6663542240858078)}",
        "VehiclesVx": "{(EgoVehicle↦20.0),(Vehicles2↦0.8918694406747818),(Vehicles3↦-1.4674744009971619),(Vehicles4↦0.823691338300705),(Vehicles5↦1.4892582595348358)}",
        "VehiclesY": "{(EgoVehicle↦0.0),(Vehicles2↦0.0),(Vehicles3↦8.000000238418579),(Vehicles4↦4.0000001192092896),(Vehicles5↦0.0)}",
        "VehiclesVy": "{(EgoVehicle↦0.0),(Vehicles2↦0.0),(Vehicles3↦0.0),(Vehicles4↦0.0),(Vehicles5↦0.0)}",
        "VehiclesX": "{(EgoVehicle↦200.0),(Vehicles2↦26.704582571983337),(Vehicles3↦47.928741574287415),(Vehicles4↦68.17007064819336),(Vehicles5↦99.48753714561462)}"
      },
      "probabilisticVariables": null,
      "activating": [
        "LANE_RIGHT_32"
      ],
      "activatingOnlyWhenExecuted": true,
      "updating": null,
      "withPredicate": null
    },
    {
      "id": "LANE_RIGHT_32",
      "execute": "LANE_RIGHT",
      "after": "1000",
      "priority": 0,
      "additionalGuards": null,
      "activationKind": null,
      "fixedVariables": {
        "Crash": "FALSE",
        "VehiclesAy": "{(EgoVehicle↦1.1458635330200195),(Vehicles2↦-1.1458635330200195),(Vehicles3↦-1.1458635330200195),(Vehicles4↦-1.1458635330200195),(Vehicles5↦-1.1458635330200195)}",
        "Reward": "0.7000000000000001",
        "VehiclesAx": "{(EgoVehicle↦-0.0328516960144043),(Vehicles2↦0.06199300289154053),(Vehicles3↦0.08073315024375916),(Vehicles4↦0.03409147262573242),(Vehicles5↦0.047943294048309326)}",
        "VehiclesVx": "{(EgoVehicle↦19.967148303985596),(Vehicles2↦0.9538624435663223),(Vehicles3↦-1.3867412507534027),(Vehicles4↦0.8577828109264374),(Vehicles5↦1.5372015535831451)}",
        "VehiclesY": "{(EgoVehicle↦3.6036994457244873),(Vehicles2↦-3.6036994457244873),(Vehicles3↦4.396300435066223),(Vehicles4↦0.39630044996738434),(Vehicles5↦-3.6036994457244873)}",
        "VehiclesVy": "{(EgoVehicle↦1.1458635330200195),(Vehicles2↦-1.1458635330200195),(Vehicles3↦-1.1458635330200195),(Vehicles4↦-1.1458635330200195),(Vehicles5↦-1.1458635330200195)}",
        "VehiclesX": "{(EgoVehicle↦200.0),(Vehicles2↦27.99481749534607),(Vehicles3↦46.867093443870544),(Vehicles4↦69.38081979751587),(Vehicles5↦101.36951208114624)}"
      },
      "probabilisticVariables": null,
      "activating": [
        "LANE_RIGHT_33"
      ],
      "activatingOnlyWhenExecuted": true,
      "updating": null,
      "withPredicate": null
    },
    {
      "id": "LANE_RIGHT_33",
      "execute": "LANE_RIGHT",
      "after": "1000",
      "priority": 0,
      "additionalGuards": null,
      "activationKind": null,
      "fixedVariables": {
        "Crash": "FALSE",
        "VehiclesAy": "{(EgoVehicle↦0.07129617035388947),(Vehicles2↦-0.07129617035388947),(Vehicles3↦-0.07129617035388947),(Vehicles4↦-0.07129617035388947),(Vehicles5↦-2.3630232363939285)}",
        "Reward": "0.7333333333333334",
        "VehiclesAx": "{(EgoVehicle↦-0.004220008850097656),(Vehicles2↦0.03197498619556427),(Vehicles3↦0.0510619580745697),(Vehicles4↦0.005883350968360901),(Vehicles5↦-2.4691766500473022)}",
        "VehiclesVx": "{(EgoVehicle↦19.962928295135498),(Vehicles2↦0.9858374297618866),(Vehicles3↦-1.335679292678833),(Vehicles4↦0.8636661618947983),(Vehicles5↦-0.9319750964641571)}",
        "VehiclesY": "{(EgoVehicle↦7.579185962677002),(Vehicles2↦-7.579185962677002),(Vehicles3↦0.42081400752067566),(Vehicles4↦-3.5791858434677124),(Vehicles5↦0.42081400752067566)}",
        "VehiclesVy": "{(EgoVehicle↦1.217159703373909),(Vehicles2↦-1.217159703373909),(Vehicles3↦-1.217159703373909),(Vehicles4↦-1.217159703373909),(Vehicles5↦-1.217159703373909)}",
        "VehiclesX": "{(EgoVehicle↦200.0),(Vehicles2↦29.40230667591095),(Vehicles3↦45.94159126281738),(Vehicles4↦70.68164944648743),(Vehicles5↦100.98376274108887)}"
      },
      "probabilisticVariables": null,
      "activating": [
        "SLOWER_34"
      ],
      "activatingOnlyWhenExecuted": true,
      "updating": null,
      "withPredicate": null
    },
    {
      "id": "SLOWER_34",
      "execute": "SLOWER",
      "after": "1000",
      "priority": 0,
      "additionalGuards": null,
      "activationKind": null,
      "fixedVariables": {
        "Crash": "FALSE",
        "VehiclesAy": "{(EgoVehicle↦-1.140932128764689),(Vehicles2↦1.140932128764689),(Vehicles3↦1.140932128764689),(Vehicles4↦1.140932128764689),(Vehicles5↦-1.293387277983129)}",
        "Reward": "0.7333333333333334",
        "VehiclesAx": "{(EgoVehicle↦0.03692626953125),(Vehicles2↦-0.010465607047080994),(Vehicles3↦0.00881388783454895),(Vehicles4↦-0.03486365079879761),(Vehicles5↦0.009357184171676636)}",
        "VehiclesVx": "{(EgoVehicle↦19.999854564666748),(Vehicles2↦0.9753718227148056),(Vehicles3↦-1.326865404844284),(Vehicles4↦0.8288025110960007),(Vehicles5↦-0.9226179122924805)}",
        "VehiclesY": "{(EgoVehicle↦7.973753929138184),(Vehicles2↦-7.973753929138184),(Vehicles3↦0.026245909743010998),(Vehicles4↦-3.9737541675567627),(Vehicles5↦0.026245909743010998)}",
        "VehiclesVy": "{(EgoVehicle↦0.07622757460922003),(Vehicles2↦-0.07622757460922003),(Vehicles3↦-0.07622757460922003),(Vehicles4↦-0.07622757460922003),(Vehicles5↦-0.07622757460922003)}",
        "VehiclesX": "{(EgoVehicle↦200.0),(Vehicles2↦30.367717146873474),(Vehicles3↦44.59318816661835),(Vehicles4↦71.5149998664856),(Vehicles5↦100.03936290740967)}"
      },
      "probabilisticVariables": null,
      "activating": [
        "SLOWER_35"
      ],
      "activatingOnlyWhenExecuted": true,
      "updating": null,
      "withPredicate": null
    },
    {
      "id": "SLOWER_35",
      "execute": "SLOWER",
      "after": "1000",
      "priority": 0,
      "additionalGuards": null,
      "activationKind": null,
      "fixedVariables": {
        "Crash": "FALSE",
        "VehiclesAy": "{(EgoVehicle↦-0.07148448872612789),(Vehicles2↦0.07148448872612789),(Vehicles3↦0.07148448872612789),(Vehicles4↦0.07148448872612789),(Vehicles5↦-0.08097066049231216)}",
        "Reward": "0.7333333333333334",
        "VehiclesAx": "{(EgoVehicle↦0.00014543533325195312),(Vehicles2↦0.025102123618125916),(Vehicles3↦0.04445284605026245),(Vehicles4↦0.0022902339696884155),(Vehicles5↦0.044173747301101685)}",
        "VehiclesVx": "{(EgoVehicle↦20.0),(Vehicles2↦1.0004739463329315),(Vehicles3↦-1.2824125587940216),(Vehicles4↦0.8310927450656891),(Vehicles5↦-0.8784441649913788)}",
        "VehiclesY": "{(EgoVehicle↦7.9983673095703125),(Vehicles2↦-7.9983673095703125),(Vehicles3↦0.001633044972550124),(Vehicles4↦-3.9983668327331543),(Vehicles5↦0.001633044972550124)}",
        "VehiclesVy": "{(EgoVehicle↦0.004743085883092135),(Vehicles2↦-0.004743085883092135),(Vehicles3↦-0.004743085883092135),(Vehicles4↦-0.004743085883092135),(Vehicles5↦-0.004743085883092135)}",
        "VehiclesX": "{(EgoVehicle↦200.0),(Vehicles2↦31.353160738945007),(Vehicles3↦43.28413009643555),(Vehicles4↦72.3446249961853),(Vehicles5↦99.13449883460999)}"
      },
      "probabilisticVariables": null,
      "activating": [
        "SLOWER_36"
      ],
      "activatingOnlyWhenExecuted": true,
      "updating": null,
      "withPredicate": null
    },
    {
      "id": "SLOWER_36",
      "execute": "SLOWER",
      "after": "1000",
      "priority": 0,
      "additionalGuards": null,
      "activationKind": null,
      "fixedVariables": {
        "Crash": "FALSE",
        "VehiclesAy": "{(EgoVehicle↦-0.0044479715688794386),(Vehicles2↦0.0044479715688794386),(Vehicles3↦0.0044479715688794386),(Vehicles4↦0.0044479715688794386),(Vehicles5↦-0.005038200197304832)}",
        "Reward": "0.7333333333333334",
        "VehiclesAx": "{(EgoVehicle↦0.0),(Vehicles2↦0.024107471108436584),(Vehicles3↦0.04343457520008087),(Vehicles4↦0.0027823448181152344),(Vehicles5↦0.04248864948749542)}",
        "VehiclesVx": "{(EgoVehicle↦20.0),(Vehicles2↦1.024581417441368),(Vehicles3↦-1.2389779835939407),(Vehicles4↦0.8338750898838043),(Vehicles5↦-0.8359555155038834)}",
        "VehiclesY": "{(EgoVehicle↦7.999898672103882),(Vehicles2↦-7.999898672103882),(Vehicles3↦0.00010160787496715784),(Vehicles4↦-3.9998985528945923),(Vehicles5↦0.00010160787496715784)}",
        "VehiclesVy": "{(EgoVehicle↦0.0002951143142126966),(Vehicles2↦-0.0002951143142126966),(Vehicles3↦-0.0002951143142126966),(Vehicles4↦-0.0002951143142126966),(Vehicles5↦-0.0002951143142126966)}",
        "VehiclesX": "{(EgoVehicle↦200.0),(Vehicles2↦32.36336410045624),(Vehicles3↦42.01918542385101),(Vehicles4↦73.17680716514587),(Vehicles5↦98.27318787574768)}"
      },
      "probabilisticVariables": null,
      "activating": [
        "SLOWER_37"
      ],
      "activatingOnlyWhenExecuted": true,
      "updating": null,
      "withPredicate": null
    },
    {
      "id": "SLOWER_37",
      "execute": "SLOWER",
      "after": "1000",
      "priority": 0,
      "additionalGuards": null,
      "activationKind": null,
      "fixedVariables": {
        "Crash": "FALSE",
        "VehiclesAy": "{(EgoVehicle↦-0.00027675233695845236),(Vehicles2↦0.00027675233695845236),(Vehicles3↦0.00027675233695845236),(Vehicles4↦0.00027675233695845236),(Vehicles5↦-0.0003134762914669409)}",
        "Reward": "0.7333333333333334",
        "VehiclesAx": "{(EgoVehicle↦0.0),(Vehicles2↦0.0230378657579422),(Vehicles3↦0.042267218232154846),(Vehicles4↦0.003107115626335144),(Vehicles5↦0.040781572461128235)}",
        "VehiclesVx": "{(EgoVehicle↦20.0),(Vehicles2↦1.0476192831993103),(Vehicles3↦-1.1967107653617859),(Vehicles4↦0.8369822055101395),(Vehicles5↦-0.7951739430427551)}",
        "VehiclesY": "{(EgoVehicle↦7.999993801116943),(Vehicles2↦-7.999993801116943),(Vehicles3↦6.322029321381706E-06),(Vehicles4↦-3.999993681907654),(Vehicles5↦6.322029321381706E-06)}",
        "VehiclesVy": "{(EgoVehicle↦1.8361977254244266E-05),(Vehicles2↦-1.8361977254244266E-05),(Vehicles3↦-1.8361977254244266E-05),(Vehicles4↦-1.8361977254244266E-05),(Vehicles5↦-1.8361977254244266E-05)}",
        "VehiclesX": "{(EgoVehicle↦200.0),(Vehicles2↦33.39724540710449),(Vehicles3↦40.79720675945282),(Vehicles4↦74.01189804077148),(Vehicles5↦97.45367765426636)}"
      },
      "probabilisticVariables": null,
      "activating": [
        "SLOWER_38"
      ],
      "activatingOnlyWhenExecuted": true,
      "updating": null,
      "withPredicate": null
    },
    {
      "id": "SLOWER_38",
      "execute": "SLOWER",
      "after": "1000",
      "priority": 0,
      "additionalGuards": null,
      "activationKind": null,
      "fixedVariables": {
        "Crash": "FALSE",
        "VehiclesAy": "{(EgoVehicle↦-1.7219497294718167E-05),(Vehicles2↦1.7219497294718167E-05),(Vehicles3↦1.7219497294718167E-05),(Vehicles4↦1.7219497294718167E-05),(Vehicles5↦-1.9504457213770365E-05)}",
        "Reward": "0.7333333333333334",
        "VehiclesAx": "{(EgoVehicle↦0.0),(Vehicles2↦0.02203047275543213),(Vehicles3↦0.041105300188064575),(Vehicles4↦0.00340878963470459),(Vehicles5↦0.03918372094631195)}",
        "VehiclesVx": "{(EgoVehicle↦20.0),(Vehicles2↦1.0696497559547424),(Vehicles3↦-1.1556054651737213),(Vehicles4↦0.840390995144844),(Vehicles5↦-0.7559902220964432)}",
        "VehiclesY": "{(EgoVehicle↦7.999999523162842),(Vehicles2↦-7.999999523162842),(Vehicles3↦3.933559185043123E-07),(Vehicles4↦-3.999999761581421),(Vehicles5↦3.933559185043123E-07)}",
        "VehiclesVy": "{(EgoVehicle↦1.1424799595260993E-06),(Vehicles2↦-1.1424799595260993E-06),(Vehicles3↦-1.1424799595260993E-06),(Vehicles4↦-1.1424799595260993E-06),(Vehicles5↦-1.1424799595260993E-06)}",
        "VehiclesX": "{(EgoVehicle↦200.0),(Vehicles2↦34.453755617141724),(Vehicles3↦39.61703181266785),(Vehicles4↦74.85021948814392),(Vehicles5↦96.6742992401123)}"
      },
      "probabilisticVariables": null,
      "activating": [
        "LANE_LEFT_39"
      ],
      "activatingOnlyWhenExecuted": true,
      "updating": null,
      "withPredicate": null
    },
    {
      "id": "LANE_LEFT_39",
      "execute": "LANE_LEFT",
      "after": "1000",
      "priority": 0,
      "additionalGuards": null,
      "activationKind": null,
      "fixedVariables": {
        "Crash": "FALSE",
        "VehiclesAy": "{(EgoVehicle↦-1.145864600994173),(Vehicles2↦1.145864600994173),(Vehicles3↦1.145864600994173),(Vehicles4↦1.145864600994173),(Vehicles5↦1.145862316034254)}",
        "Reward": "0.7000000000000001",
        "VehiclesAx": "{(EgoVehicle↦-0.0328516960144043),(Vehicles2↦0.05393296480178833),(Vehicles3↦0.07280975580215454),(Vehicles4↦0.03654070198535919),(Vehicles5↦0.07053740322589874)}",
        "VehiclesVx": "{(EgoVehicle↦19.967148303985596),(Vehicles2↦1.1235827207565308),(Vehicles3↦-1.0827957093715668),(Vehicles4↦0.8769316971302032),(Vehicles5↦-0.6854528188705444)}",
        "VehiclesY": "{(EgoVehicle↦4.396300435066223),(Vehicles2↦-4.396300435066223),(Vehicles3↦3.6036994457244873),(Vehicles4↦-0.39630044996738434),(Vehicles5↦3.6036994457244873)}",
        "VehiclesVy": "{(EgoVehicle↦-1.1458634585142136),(Vehicles2↦1.1458634585142136),(Vehicles3↦1.1458634585142136),(Vehicles4↦1.1458634585142136),(Vehicles5↦1.1458634585142136)}",
        "VehiclesX": "{(EgoVehicle↦200.0),(Vehicles2↦35.91850399971008),(Vehicles3↦38.86409401893616),(Vehicles4↦76.07865929603577),(Vehicles5↦96.32009267807007)}"
      },
      "probabilisticVariables": null,
      "activating": [
        "LANE_RIGHT_40"
      ],
      "activatingOnlyWhenExecuted": true,
      "updating": null,
      "withPredicate": null
    },
    {
      "id": "LANE_RIGHT_40",
      "execute": "LANE_RIGHT",
      "after": "1000",
      "priority": 0,
      "additionalGuards": null,
      "activationKind": null,
      "fixedVariables": {
        "Crash": "FALSE",
        "VehiclesAy": "{(EgoVehicle↦2.2204430401325226),(Vehicles2↦-2.2204430401325226),(Vehicles3↦-2.2204430401325226),(Vehicles4↦-2.2204430401325226),(Vehicles5↦0.07128387689590454)}",
        "Reward": "0.7333333333333334",
        "VehiclesAx": "{(EgoVehicle↦0.003962516784667969),(Vehicles2↦0.016221553087234497),(Vehicles3↦0.03486745059490204),(Vehicles4↦-1.5273690223693848E-05),(Vehicles5↦0.03231413662433624)}",
        "VehiclesVx": "{(EgoVehicle↦19.971110820770264),(Vehicles2↦1.1398042738437653),(Vehicles3↦-1.0479282587766647),(Vehicles4↦0.8769164234399796),(Vehicles5↦-0.6531386822462082)}",
        "VehiclesY": "{(EgoVehicle↦7.628213882446289),(Vehicles2↦-7.628213882446289),(Vehicles3↦0.3717864453792572),(Vehicles4↦-3.628213405609131),(Vehicles5↦0.3717864453792572)}",
        "VehiclesVy": "{(EgoVehicle↦1.074579581618309),(Vehicles2↦-1.074579581618309),(Vehicles3↦-1.074579581618309),(Vehicles4↦-1.074579581618309),(Vehicles5↦-1.074579581618309)}",
        "VehiclesX": "{(EgoVehicle↦200.0),(Vehicles2↦37.326779961586),(Vehicles3↦38.07346820831299),(Vehicles4↦77.23369598388672),(Vehicles5↦95.92581391334534)}"
      },
      "probabilisticVariables": null,
      "activating": [
        "SLOWER_41"
      ],
      "activatingOnlyWhenExecuted": true,
      "updating": null,
      "withPredicate": null
    },
    {
      "id": "SLOWER_41",
      "execute": "SLOWER",
      "after": "1000",
      "priority": 0,
      "additionalGuards": null,
      "activationKind": null,
      "fixedVariables": {
        "Crash": "FALSE",
        "VehiclesAy": "{(EgoVehicle↦-1.0072025284171104),(Vehicles2↦1.0072025284171104),(Vehicles3↦1.0072025284171104),(Vehicles4↦1.0072025284171104),(Vehicles5↦-1.1419566348195076)}",
        "Reward": "0.7333333333333334",
        "VehiclesAx": "{(EgoVehicle↦0.028775930404663086),(Vehicles2↦-2.1787793189287186),(Vehicles3↦2.1782947331666946),(Vehicles4↦-0.024587959051132202),(Vehicles5↦0.006176456809043884)}",
        "VehiclesVx": "{(EgoVehicle↦19.999886751174927),(Vehicles2↦-1.0389750450849533),(Vehicles3↦1.13036647439003),(Vehicles4↦0.8523284643888474),(Vehicles5↦-0.6469622254371643)}",
        "VehiclesY": "{(EgoVehicle↦7.976800918579102),(Vehicles2↦0.023198737297207117),(Vehicles3↦-7.976800918579102),(Vehicles4↦-3.9768011569976807),(Vehicles5↦0.023198737297207117)}",
        "VehiclesVy": "{(EgoVehicle↦0.06737705320119858),(Vehicles2↦-0.06737705320119858),(Vehicles3↦-0.06737705320119858),(Vehicles4↦-0.06737705320119858),(Vehicles5↦-0.06737705320119858)}",
        "VehiclesX": "{(EgoVehicle↦200.0),(Vehicles2↦37.016481161117554),(Vehicles3↦38.45014572143555),(Vehicles4↦78.0880331993103),(Vehicles5↦95.26251554489136)}"
      },
      "probabilisticVariables": null,
      "activating": [
        "SLOWER_42"
      ],
      "activatingOnlyWhenExecuted": true,
      "updating": null,
      "withPredicate": null
    },
    {
      "id": "SLOWER_42",
      "execute": "SLOWER",
      "after": "1000",
      "priority": 0,
      "additionalGuards": null,
      "activationKind": null,
      "fixedVariables": {
        "Crash": "FALSE",
        "VehiclesAy": "{(EgoVehicle↦-0.06318462692433968),(Vehicles2↦0.06318462692433968),(Vehicles3↦0.06318462692433968),(Vehicles4↦0.06318462692433968),(Vehicles5↦-0.07156947947805747)}",
        "Reward": "0.7333333333333334",
        "VehiclesAx": "{(EgoVehicle↦0.00011324882507324219),(Vehicles2↦0.03654174506664276),(Vehicles3↦0.01842297613620758),(Vehicles4↦0.004295259714126587),(Vehicles5↦0.03358885645866394)}",
        "VehiclesVx": "{(EgoVehicle↦20.0),(Vehicles2↦-1.0024333000183105),(Vehicles3↦1.1487894505262375),(Vehicles4↦0.8566237241029739),(Vehicles5↦-0.6133733689785004)}",
        "VehiclesY": "{(EgoVehicle↦7.998556852340698),(Vehicles2↦0.0014434528711717576),(Vehicles3↦-7.998556852340698),(Vehicles4↦-3.99855637550354),(Vehicles5↦0.0014434528711717576)}",
        "VehiclesVy": "{(EgoVehicle↦0.004192426276858896),(Vehicles2↦-0.004192426276858896),(Vehicles3↦-0.004192426276858896),(Vehicles4↦-0.004192426276858896),(Vehicles5↦-0.004192426276858896)}",
        "VehiclesX": "{(EgoVehicle↦200.0),(Vehicles2↦35.99215745925903),(Vehicles3↦39.5878940820694),(Vehicles4↦78.94201278686523),(Vehicles5↦94.6290373802185)}"
      },
      "probabilisticVariables": null,
      "activating": [
        "SLOWER_43"
      ],
      "activatingOnlyWhenExecuted": true,
      "updating": null,
      "withPredicate": null
    },
    {
      "id": "SLOWER_43",
      "execute": "SLOWER",
      "after": "1000",
      "priority": 0,
      "additionalGuards": null,
      "activationKind": null,
      "fixedVariables": {
        "Crash": "FALSE",
        "VehiclesAy": "{(EgoVehicle↦-0.003931573919544462),(Vehicles2↦0.003931573919544462),(Vehicles3↦0.003931573919544462),(Vehicles4↦0.003931573919544462),(Vehicles5↦-0.00445327863417333)}",
        "Reward": "0.7333333333333334",
        "VehiclesAx": "{(EgoVehicle↦0.0),(Vehicles2↦0.0356108695268631),(Vehicles3↦0.017775967717170715),(Vehicles4↦0.004611015319824219),(Vehicles5↦0.03252089023590088)}",
        "VehiclesVx": "{(EgoVehicle↦20.0),(Vehicles2↦-0.9668224304914474),(Vehicles3↦1.1665654182434082),(Vehicles4↦0.8612347394227982),(Vehicles5↦-0.5808524787425995)}",
        "VehiclesY": "{(EgoVehicle↦7.999910116195679),(Vehicles2↦8.981148130260408E-05),(Vehicles3↦-7.999910116195679),(Vehicles4↦-3.999910354614258),(Vehicles5↦8.981148130260408E-05)}",
        "VehiclesVy": "{(EgoVehicle↦0.0002608523573144339),(Vehicles2↦-0.0002608523573144339),(Vehicles3↦-0.0002608523573144339),(Vehicles4↦-0.0002608523573144339),(Vehicles5↦-0.0002608523573144339)}",
        "VehiclesX": "{(EgoVehicle↦200.0),(Vehicles2↦35.00404953956604),(Vehicles3↦40.74385166168213),(Vehicles4↦79.80046272277832),(Vehicles5↦94.02876496315002)}"
      },
      "probabilisticVariables": null,
      "activating": [
        "SLOWER_44"
      ],
      "activatingOnlyWhenExecuted": true,
      "updating": null,
      "withPredicate": null
    },
    {
      "id": "SLOWER_44",
      "execute": "SLOWER",
      "after": "1000",
      "priority": 0,
      "additionalGuards": null,
      "activationKind": null,
      "fixedVariables": {
        "Crash": "FALSE",
        "VehiclesAy": "{(EgoVehicle↦-0.0002446221549234906),(Vehicles2↦0.0002446221549234906),(Vehicles3↦0.0002446221549234906),(Vehicles4↦0.0002446221549234906),(Vehicles5↦-0.0002770825597053772)}",
        "Reward": "0.7333333333333334",
        "VehiclesAx": "{(EgoVehicle↦0.0),(Vehicles2↦0.03459945321083069),(Vehicles3↦0.017055869102478027),(Vehicles4↦0.004797801375389099),(Vehicles5↦0.03140464425086975)}",
        "VehiclesVx": "{(EgoVehicle↦20.0),(Vehicles2↦-0.9322229772806168),(Vehicles3↦1.1836212873458862),(Vehicles4↦0.8660325407981873),(Vehicles5↦-0.5494478344917297)}",
        "VehiclesY": "{(EgoVehicle↦7.999994516372681),(Vehicles2↦5.58805925265915E-06),(Vehicles3↦-7.999994516372681),(Vehicles4↦-3.999994397163391),(Vehicles5↦5.58805925265915E-06)}",
        "VehiclesVy": "{(EgoVehicle↦1.6230202390943305E-05),(Vehicles2↦-1.6230202390943305E-05),(Vehicles3↦-1.6230202390943305E-05),(Vehicles4↦-1.6230202390943305E-05),(Vehicles5↦-1.6230202390943305E-05)}",
        "VehiclesX": "{(EgoVehicle↦200.0),(Vehicles2↦34.05114710330963),(Vehicles3↦41.91729724407196),(Vehicles4↦80.66360354423523),(Vehicles5↦93.4605598449707)}"
      },
      "probabilisticVariables": null,
      "activating": [
        "SLOWER_45"
      ],
      "activatingOnlyWhenExecuted": true,
      "updating": null,
      "withPredicate": null
    },
    {
      "id": "SLOWER_45",
      "execute": "SLOWER",
      "after": "1000",
      "priority": 0,
      "additionalGuards": null,
      "activationKind": null,
      "fixedVariables": {
        "Crash": "FALSE",
        "VehiclesAy": "{(EgoVehicle↦-1.5220361220258383E-05),(Vehicles2↦1.5220361220258383E-05),(Vehicles3↦1.5220361220258383E-05),(Vehicles4↦1.5220361220258383E-05),(Vehicles5↦-1.7240043561628227E-05)}",
        "Reward": "0.7333333333333334",
        "VehiclesAx": "{(EgoVehicle↦0.0),(Vehicles2↦0.033619850873947144),(Vehicles3↦0.016371533274650574),(Vehicles4↦0.004968270659446716),(Vehicles5↦0.03034692257642746)}",
        "VehiclesVx": "{(EgoVehicle↦20.0),(Vehicles2↦-0.8986031264066696),(Vehicles3↦1.1999928206205368),(Vehicles4↦0.871000811457634),(Vehicles5↦-0.5191009119153023)}",
        "VehiclesY": "{(EgoVehicle↦7.999999523162842),(Vehicles2↦3.4768836343346265E-07),(Vehicles3↦-7.999999523162842),(Vehicles4↦-3.999999761581421),(Vehicles5↦3.4768836343346265E-07)}",
        "VehiclesVy": "{(EgoVehicle↦1.009841170684922E-06),(Vehicles2↦-1.009841170684922E-06),(Vehicles3↦-1.009841170684922E-06),(Vehicles4↦-1.009841170684922E-06),(Vehicles5↦-1.009841170684922E-06)}",
        "VehiclesX": "{(EgoVehicle↦200.0),(Vehicles2↦33.13244879245758),(Vehicles3↦43.107518553733826),(Vehicles4↦81.53161406517029),(Vehicles5↦92.92333722114563)}"
      },
      "probabilisticVariables": null,
      "activating": [
        "SLOWER_46"
      ],
      "activatingOnlyWhenExecuted": true,
      "updating": null,
      "withPredicate": null
    },
    {
      "id": "SLOWER_46",
      "execute": "SLOWER",
      "after": "1000",
      "priority": 0,
      "additionalGuards": null,
      "activationKind": null,
      "fixedVariables": {
        "Crash": "FALSE",
        "VehiclesAy": "{(EgoVehicle↦-9.470089779028967E-07),(Vehicles2↦9.470089690211125E-07),(Vehicles3↦9.470089690211125E-07),(Vehicles4↦9.470089690211125E-07),(Vehicles5↦-1.0726733723487314E-06)}",
        "Reward": "0.7333333333333334",
        "VehiclesAx": "{(EgoVehicle↦0.0),(Vehicles2↦0.032672807574272156),(Vehicles3↦0.015720948576927185),(Vehicles4↦0.005123838782310486),(Vehicles5↦0.02934373915195465)}",
        "VehiclesVx": "{(EgoVehicle↦20.0),(Vehicles2↦-0.8659303188323975),(Vehicles3↦1.215713769197464),(Vehicles4↦0.8761246502399445),(Vehicles5↦-0.4897571727633476)}",
        "VehiclesY": "{(EgoVehicle↦8.000000238418579),(Vehicles2↦2.163312728953315E-08),(Vehicles3↦-8.000000238418579),(Vehicles4↦-4.0000001192092896),(Vehicles5↦2.163312728953315E-08)}",
        "VehiclesVy": "{(EgoVehicle↦6.283219278202523E-08),(Vehicles2↦-6.283220166380943E-08),(Vehicles3↦-6.283220166380943E-08),(Vehicles4↦-6.283220166380943E-08),(Vehicles5↦-6.283220166380943E-08)}",
        "VehiclesX": "{(EgoVehicle↦200.0),(Vehicles2↦32.246989011764526),(Vehicles3↦44.31385099887848),(Vehicles4↦82.40464925765991),(Vehicles5↦92.41604804992676)}"
      },
      "probabilisticVariables": null,
      "activating": [
        "SLOWER_47"
      ],
      "activatingOnlyWhenExecuted": true,
      "updating": null,
      "withPredicate": null
    },
    {
      "id": "SLOWER_47",
      "execute": "SLOWER",
      "after": "1000",
      "priority": 0,
      "additionalGuards": null,
      "activationKind": null,
      "fixedVariables": {
        "Crash": "FALSE",
        "VehiclesAy": "{(EgoVehicle↦-5.892278664987316E-08),(Vehicles2↦5.892279553165736E-08),(Vehicles3↦5.892279553165736E-08),(Vehicles4↦5.892279553165736E-08),(Vehicles5↦-6.67416077959615E-08)}",
        "Reward": "0.7333333333333334",
        "VehiclesAx": "{(EgoVehicle↦0.0),(Vehicles2↦0.03175802528858185),(Vehicles3↦0.015101805329322815),(Vehicles4↦0.005265176296234131),(Vehicles5↦0.028391219675540924)}",
        "VehiclesVx": "{(EgoVehicle↦20.0),(Vehicles2↦-0.8341722935438156),(Vehicles3↦1.2308155745267868),(Vehicles4↦0.8813898265361786),(Vehicles5↦-0.4613659530878067)}",
        "VehiclesY": "{(EgoVehicle↦8.000000238418579),(Vehicles2↦1.3460086378813685E-09),(Vehicles3↦-8.000000238418579),(Vehicles4↦-4.0000001192092896),(Vehicles5↦1.3460086378813685E-09)}",
        "VehiclesVy": "{(EgoVehicle↦3.909406132152071E-09),(Vehicles2↦-3.909406132152071E-09),(Vehicles3↦-3.909406132152071E-09),(Vehicles4↦-3.909406132152071E-09),(Vehicles5↦-3.909406132152071E-09)}",
        "VehiclesX": "{(EgoVehicle↦200.0),(Vehicles2↦31.393834948539734),(Vehicles3↦45.535653829574585),(Vehicles4↦83.282870054245),(Vehicles5↦91.93772077560425)}"
      },
      "probabilisticVariables": null,
      "activating": [
        "SLOWER_48"
      ],
      "activatingOnlyWhenExecuted": true,
      "updating": null,
      "withPredicate": null
    },
    {
      "id": "SLOWER_48",
      "execute": "SLOWER",
      "after": "1000",
      "priority": 0,
      "additionalGuards": null,
      "activationKind": null,
      "fixedVariables": {
        "Crash": "FALSE",
        "VehiclesAy": "{(EgoVehicle↦-3.666151826564601E-09),(Vehicles2↦3.666160708348798E-09),(Vehicles3↦3.666160708348798E-09),(Vehicles4↦3.666160708348798E-09),(Vehicles5↦-4.1526515559553445E-09)}",
        "Reward": "0.7333333333333334",
        "VehiclesAx": "{(EgoVehicle↦0.0),(Vehicles2↦0.030875280499458313),(Vehicles3↦0.014511868357658386),(Vehicles4↦0.005393177270889282),(Vehicles5↦0.027485713362693787)}",
        "VehiclesVx": "{(EgoVehicle↦20.0),(Vehicles2↦-0.8032970130443573),(Vehicles3↦1.2453274428844452),(Vehicles4↦0.8867830038070679),(Vehicles5↦-0.4338802397251129)}",
        "VehiclesY": "{(EgoVehicle↦8.000000238418579),(Vehicles2↦8.374900772878391E-11),(Vehicles3↦-8.000000238418579),(Vehicles4↦-4.0000001192092896),(Vehicles5↦8.374900772878391E-11)}",
        "VehiclesVy": "{(EgoVehicle↦2.432543055874703E-10),(Vehicles2↦-2.432454238032733E-10),(Vehicles3↦-2.432454238032733E-10),(Vehicles4↦-2.432454238032733E-10),(Vehicles5↦-2.432454238032733E-10)}",
        "VehiclesX": "{(EgoVehicle↦200.0),(Vehicles2↦30.572080612182617),(Vehicles3↦46.77232205867767),(Vehicles4↦84.16640758514404),(Vehicles5↦91.48741960525513)}"
      },
      "probabilisticVariables": null,
      "activating": [
        "SLOWER_49"
      ],
      "activatingOnlyWhenExecuted": true,
      "updating": null,
      "withPredicate": null
    },
    {
      "id": "SLOWER_49",
      "execute": "SLOWER",
      "after": "1000",
      "priority": 0,
      "additionalGuards": null,
      "activationKind": null,
      "fixedVariables": {
        "Crash": "FALSE",
        "VehiclesAy": "{(EgoVehicle↦-2.2811974531578016E-10),(Vehicles2↦2.2811086353158316E-10),(Vehicles3↦2.2811086353158316E-10),(Vehicles4↦2.2811086353158316E-10),(Vehicles5↦-2.5837998407496343E-10)}",
        "Reward": "0.7333333333333334",
        "VehiclesAx": "{(EgoVehicle↦0.0),(Vehicles2↦0.03002367913722992),(Vehicles3↦0.013949424028396606),(Vehicles4↦0.00550881028175354),(Vehicles5↦0.026623941957950592)}",
        "VehiclesVx": "{(EgoVehicle↦20.0),(Vehicles2↦-0.7732733339071274),(Vehicles3↦1.2592768669128418),(Vehicles4↦0.8922918140888214),(Vehicles5↦-0.4072562977671623)}",
        "VehiclesY": "{(EgoVehicle↦8.000000238418579),(Vehicles2↦5.2091664315412345E-12),(Vehicles3↦-8.000000238418579),(Vehicles4↦-4.0000001192092896),(Vehicles5↦5.2091664315412345E-12)}",
        "VehiclesVy": "{(EgoVehicle↦1.5134560271690134E-11),(Vehicles2↦-1.5134560271690134E-11),(Vehicles3↦-1.5134560271690134E-11),(Vehicles4↦-1.5134560271690134E-11),(Vehicles5↦-1.5134560271690134E-11)}",
        "VehiclesX": "{(EgoVehicle↦200.0),(Vehicles2↦29.780861735343933),(Vehicles3↦48.023271560668945),(Vehicles4↦85.05538702011108),(Vehicles5↦91.06425642967224)}"
      },
      "probabilisticVariables": null,
      "activating": [
        "SLOWER_50"
      ],
      "activatingOnlyWhenExecuted": true,
      "updating": null,
      "withPredicate": null
    },
    {
      "id": "SLOWER_50",
      "execute": "SLOWER",
      "after": "1000",
      "priority": 0,
      "additionalGuards": null,
      "activationKind": null,
      "fixedVariables": {
        "Crash": "FALSE",
        "VehiclesAy": "{(EgoVehicle↦-1.4193091146808001E-11),(Vehicles2↦1.4193091146808001E-11),(Vehicles3↦1.4193091146808001E-11),(Vehicles4↦1.4193091146808001E-11),(Vehicles5↦-1.6076029396572267E-11)}",
        "Reward": "0.7333333333333334",
        "VehiclesAx": "{(EgoVehicle↦0.0),(Vehicles2↦0.029202699661254883),(Vehicles3↦0.013412237167358398),(Vehicles4↦0.00561252236366272),(Vehicles5↦0.025803036987781525)}",
        "VehiclesVx": "{(EgoVehicle↦20.0),(Vehicles2↦-0.7440706342458725),(Vehicles3↦1.2726891040802002),(Vehicles4↦0.8979043364524841),(Vehicles5↦-0.3814532607793808)}",
        "VehiclesY": "{(EgoVehicle↦8.000000238418579),(Vehicles2↦3.2240876635114546E-13),(Vehicles3↦-8.000000238418579),(Vehicles4↦-4.0000001192092896),(Vehicles5↦3.2507330161024584E-13)}",
        "VehiclesVy": "{(EgoVehicle↦9.414691248821327E-13),(Vehicles2↦-9.414691248821327E-13),(Vehicles3↦-9.414691248821327E-13),(Vehicles4↦-9.414691248821327E-13),(Vehicles5↦-9.414691248821327E-13)}",
        "VehiclesX": "{(EgoVehicle↦200.0),(Vehicles2↦29.01933193206787),(Vehicles3↦49.287956953048706),(Vehicles4↦85.94991564750671),(Vehicles5↦90.66738486289978)}"
      },
      "probabilisticVariables": null,
      "activating": [
        "LANE_RIGHT_51"
      ],
      "activatingOnlyWhenExecuted": true,
      "updating": null,
      "withPredicate": null
    },
    {
      "id": "LANE_RIGHT_51",
      "execute": "LANE_RIGHT",
      "after": "1000",
      "priority": 0,
      "additionalGuards": null,
      "activationKind": null,
      "fixedVariables": {
        "Crash": "FALSE",
        "VehiclesAy": "{(EgoVehicle↦-8.881784197001252E-13),(Vehicles2↦8.881784197001252E-13),(Vehicles3↦8.881784197001252E-13),(Vehicles4↦8.881784197001252E-13),(Vehicles5↦-9.947598300641403E-13)}",
        "Reward": "0.7333333333333334",
        "VehiclesAx": "{(EgoVehicle↦0.0),(Vehicles2↦0.028411373496055603),(Vehicles3↦0.0128994882106781),(Vehicles4↦0.005705207586288452),(Vehicles5↦0.025020241737365723)}",
        "VehiclesVx": "{(EgoVehicle↦20.0),(Vehicles2↦-0.7156592607498169),(Vehicles3↦1.2855885922908783),(Vehicles4↦0.9036095440387726),(Vehicles5↦-0.3564330190420151)}",
        "VehiclesY": "{(EgoVehicle↦8.000000238418579),(Vehicles2↦1.865174681370263E-14),(Vehicles3↦-8.000000238418579),(Vehicles4↦-4.0000001192092896),(Vehicles5↦2.1316282072803006E-14)}",
        "VehiclesVy": "{(EgoVehicle↦5.3290705182007514E-14),(Vehicles2↦-5.3290705182007514E-14),(Vehicles3↦-5.3290705182007514E-14),(Vehicles4↦-5.3290705182007514E-14),(Vehicles5↦-5.3290705182007514E-14)}",
        "VehiclesX": "{(EgoVehicle↦200.0),(Vehicles2↦28.286689519882202),(Vehicles3↦50.565844774246216),(Vehicles4↦86.85009479522705),(Vehicles5↦90.29600620269775)}"
      },
      "probabilisticVariables": null,
      "activating": [
        "SLOWER_52"
      ],
      "activatingOnlyWhenExecuted": true,
      "updating": null,
      "withPredicate": null
    },
    {
      "id": "SLOWER_52",
      "execute": "SLOWER",
      "after": "1000",
      "priority": 0,
      "additionalGuards": null,
      "activationKind": null,
      "fixedVariables": {
        "Crash": "FALSE",
        "VehiclesAy": "{(EgoVehicle↦-5.3290705182007514E-14),(Vehicles2↦5.3290705182007514E-14),(Vehicles3↦5.3290705182007514E-14),(Vehicles4↦5.3290705182007514E-14),(Vehicles5↦-5.3290705182007514E-14)}",
        "Reward": "0.7333333333333334",
        "VehiclesAx": "{(EgoVehicle↦0.0),(Vehicles2↦0.02764865756034851),(Vehicles3↦0.012408792972564697),(Vehicles4↦0.00578761100769043),(Vehicles5↦0.02427317202091217)}",
        "VehiclesVx": "{(EgoVehicle↦20.0),(Vehicles2↦-0.6880106031894684),(Vehicles3↦1.297997385263443),(Vehicles4↦0.909397155046463),(Vehicles5↦-0.3321598470211029)}",
        "VehiclesY": "{(EgoVehicle↦8.000000238418579),(Vehicles2↦0.0),(Vehicles3↦-8.000000238418579),(Vehicles4↦-4.0000001192092896),(Vehicles5↦0.0)}",
        "VehiclesVy": "{(EgoVehicle↦0.0),(Vehicles2↦0.0),(Vehicles3↦0.0),(Vehicles4↦0.0),(Vehicles5↦0.0)}",
        "VehiclesX": "{(EgoVehicle↦200.0),(Vehicles2↦27.58214771747589),(Vehicles3↦51.85643434524536),(Vehicles4↦87.75601387023926),(Vehicles5↦89.9493396282196)}"
      },
      "probabilisticVariables": null,
      "activating": [
        "SLOWER_53"
      ],
      "activatingOnlyWhenExecuted": true,
      "updating": null,
      "withPredicate": null
    },
    {
      "id": "SLOWER_53",
      "execute": "SLOWER",
      "after": "1000",
      "priority": 0,
      "additionalGuards": null,
      "activationKind": null,
      "fixedVariables": {
        "Crash": "FALSE",
        "VehiclesAy": "{(EgoVehicle↦0.0),(Vehicles2↦0.0),(Vehicles3↦0.0),(Vehicles4↦0.0),(Vehicles5↦0.0)}",
        "Reward": "0.7333333333333334",
        "VehiclesAx": "{(EgoVehicle↦0.0),(Vehicles2↦0.026913732290267944),(Vehicles3↦0.011939257383346558),(Vehicles4↦0.005860254168510437),(Vehicles5↦0.023559555411338806)}",
        "VehiclesVx": "{(EgoVehicle↦20.0),(Vehicles2↦-0.6610968708992004),(Vehicles3↦1.3099366426467896),(Vehicles4↦0.9152574092149734),(Vehicles5↦-0.3086002916097641)}",
        "VehiclesY": "{(EgoVehicle↦8.000000238418579),(Vehicles2↦0.0),(Vehicles3↦-8.000000238418579),(Vehicles4↦-4.0000001192092896),(Vehicles5↦0.0)}",
        "VehiclesVy": "{(EgoVehicle↦0.0),(Vehicles2↦0.0),(Vehicles3↦0.0),(Vehicles4↦0.0),(Vehicles5↦0.0)}",
        "VehiclesX": "{(EgoVehicle↦200.0),(Vehicles2↦26.904961466789246),(Vehicles3↦53.15924286842346),(Vehicles4↦88.66775035858154),(Vehicles5↦89.62665796279907)}"
      },
      "probabilisticVariables": null,
      "activating": [
        "SLOWER_54"
      ],
      "activatingOnlyWhenExecuted": true,
      "updating": null,
      "withPredicate": null
    },
    {
      "id": "SLOWER_54",
      "execute": "SLOWER",
      "after": "1000",
      "priority": 0,
      "additionalGuards": null,
      "activationKind": null,
      "fixedVariables": {
        "Crash": "FALSE",
        "VehiclesAy": "{(EgoVehicle↦0.0),(Vehicles2↦0.0),(Vehicles3↦0.0),(Vehicles4↦0.0),(Vehicles5↦0.0)}",
        "Reward": "0.7333333333333334",
        "VehiclesAx": "{(EgoVehicle↦0.0),(Vehicles2↦0.026205554604530334),(Vehicles3↦0.011489540338516235),(Vehicles4↦-1.200980432331562),(Vehicles5↦1.2297814339399338)}",
        "VehiclesVx": "{(EgoVehicle↦20.0),(Vehicles2↦-0.6348913162946701),(Vehicles3↦1.3214261829853058),(Vehicles4↦-0.2857230231165886),(Vehicles5↦0.9211811423301697)}",
        "VehiclesY": "{(EgoVehicle↦8.000000238418579),(Vehicles2↦0.0),(Vehicles3↦-8.000000238418579),(Vehicles4↦0.0),(Vehicles5↦-4.0000001192092896)}",
        "VehiclesVy": "{(EgoVehicle↦0.0),(Vehicles2↦0.0),(Vehicles3↦0.0),(Vehicles4↦0.0),(Vehicles5↦0.0)}",
        "VehiclesX": "{(EgoVehicle↦200.0),(Vehicles2↦26.254403591156006),(Vehicles3↦54.47381138801575),(Vehicles4↦89.32726383209229),(Vehicles5↦89.58536982536316)}"
      },
      "probabilisticVariables": null,
      "activating": [
        "LANE_RIGHT_55"
      ],
      "activatingOnlyWhenExecuted": true,
      "updating": null,
      "withPredicate": null
    },
    {
      "id": "LANE_RIGHT_55",
      "execute": "LANE_RIGHT",
      "after": "1000",
      "priority": 0,
      "additionalGuards": null,
      "activationKind": null,
      "fixedVariables": {
        "Crash": "FALSE",
        "VehiclesAy": "{(EgoVehicle↦0.0),(Vehicles2↦0.0),(Vehicles3↦0.0),(Vehicles4↦0.0),(Vehicles5↦0.0)}",
        "Reward": "0.7333333333333334",
        "VehiclesAx": "{(EgoVehicle↦0.0),(Vehicles2↦0.025523044168949127),(Vehicles3↦0.011058598756790161),(Vehicles4↦0.022224504500627518),(Vehicles5↦0.005978792905807495)}",
        "VehiclesVx": "{(EgoVehicle↦20.0),(Vehicles2↦-0.609368272125721),(Vehicles3↦1.332484781742096),(Vehicles4↦-0.2634985186159611),(Vehicles5↦0.9271599352359772)}",
        "VehiclesY": "{(EgoVehicle↦8.000000238418579),(Vehicles2↦0.0),(Vehicles3↦-8.000000238418579),(Vehicles4↦0.0),(Vehicles5↦-4.0000001192092896)}",
        "VehiclesVy": "{(EgoVehicle↦0.0),(Vehicles2↦0.0),(Vehicles3↦0.0),(Vehicles4↦0.0),(Vehicles5↦0.0)}",
        "VehiclesX": "{(EgoVehicle↦200.0),(Vehicles2↦25.62977373600006),(Vehicles3↦55.79969882965088),(Vehicles4↦89.0504777431488),(Vehicles5↦90.50893783569336)}"
      },
      "probabilisticVariables": null,
      "activating": [
        "LANE_RIGHT_56"
      ],
      "activatingOnlyWhenExecuted": true,
      "updating": null,
      "withPredicate": null
    },
    {
      "id": "LANE_RIGHT_56",
      "execute": "LANE_RIGHT",
      "after": "1000",
      "priority": 0,
      "additionalGuards": null,
      "activationKind": null,
      "fixedVariables": {
        "Crash": "FALSE",
        "VehiclesAy": "{(EgoVehicle↦0.0),(Vehicles2↦0.0),(Vehicles3↦0.0),(Vehicles4↦0.0),(Vehicles5↦0.0)}",
        "Reward": "0.7333333333333334",
        "VehiclesAx": "{(EgoVehicle↦0.0),(Vehicles2↦0.024865269660949707),(Vehicles3↦0.01064494252204895),(Vehicles4↦0.021599438041448593),(Vehicles5↦0.006025880575180054)}",
        "VehiclesVx": "{(EgoVehicle↦20.0),(Vehicles2↦-0.5845030024647713),(Vehicles3↦1.343129724264145),(Vehicles4↦-0.24189908057451248),(Vehicles5↦0.9331858158111572)}",
        "VehiclesY": "{(EgoVehicle↦8.000000238418579),(Vehicles2↦0.0),(Vehicles3↦-8.000000238418579),(Vehicles4↦0.0),(Vehicles5↦-4.0000001192092896)}",
        "VehiclesVy": "{(EgoVehicle↦0.0),(Vehicles2↦0.0),(Vehicles3↦0.0),(Vehicles4↦0.0),(Vehicles5↦0.0)}",
        "VehiclesX": "{(EgoVehicle↦200.0),(Vehicles2↦25.030404329299927),(Vehicles3↦57.136470079422),(Vehicles4↦88.79566788673401),(Vehicles5↦91.43850803375244)}"
      },
      "probabilisticVariables": null,
      "activating": [
        "LANE_RIGHT_57"
      ],
      "activatingOnlyWhenExecuted": true,
      "updating": null,
      "withPredicate": null
    },
    {
      "id": "LANE_RIGHT_57",
      "execute": "LANE_RIGHT",
      "after": "1000",
      "priority": 0,
      "additionalGuards": null,
      "activationKind": null,
      "fixedVariables": {
        "Crash": "FALSE",
        "VehiclesAy": "{(EgoVehicle↦0.0),(Vehicles2↦0.0),(Vehicles3↦0.0),(Vehicles4↦0.0),(Vehicles5↦0.0)}",
        "Reward": "0.7333333333333334",
        "VehiclesAx": "{(EgoVehicle↦0.0),(Vehicles2↦0.024231187999248505),(Vehicles3↦0.010248124599456787),(Vehicles4↦0.02100052312016487),(Vehicles5↦0.006065592169761658)}",
        "VehiclesVx": "{(EgoVehicle↦20.0),(Vehicles2↦-0.5602718144655228),(Vehicles3↦1.3533778488636017),(Vehicles4↦-0.2208985574543476),(Vehicles5↦0.9392514079809189)}",
        "VehiclesY": "{(EgoVehicle↦8.000000238418579),(Vehicles2↦0.0),(Vehicles3↦-8.000000238418579),(Vehicles4↦0.0),(Vehicles5↦-4.0000001192092896)}",
        "VehiclesVy": "{(EgoVehicle↦0.0),(Vehicles2↦0.0),(Vehicles3↦0.0),(Vehicles4↦0.0),(Vehicles5↦0.0)}",
        "VehiclesX": "{(EgoVehicle↦200.0),(Vehicles2↦24.455642700195312),(Vehicles3↦58.483731746673584),(Vehicles4↦88.56222033500671),(Vehicles5↦92.37411618232727)}"
      },
      "probabilisticVariables": null,
      "activating": [
        "LANE_RIGHT_58"
      ],
      "activatingOnlyWhenExecuted": true,
      "updating": null,
      "withPredicate": null
    },
    {
      "id": "LANE_RIGHT_58",
      "execute": "LANE_RIGHT",
      "after": "1000",
      "priority": 0,
      "additionalGuards": null,
      "activationKind": null,
      "fixedVariables": {
        "Crash": "FALSE",
        "VehiclesAy": "{(EgoVehicle↦0.0),(Vehicles2↦0.0),(Vehicles3↦0.0),(Vehicles4↦0.0),(Vehicles5↦0.0)}",
        "Reward": "0.7333333333333334",
        "VehiclesAx": "{(EgoVehicle↦0.0),(Vehicles2↦0.023619867861270905),(Vehicles3↦0.009866654872894287),(Vehicles4↦0.020426232367753983),(Vehicles5↦0.006098300218582153)}",
        "VehiclesVx": "{(EgoVehicle↦20.0),(Vehicles2↦-0.5366519466042519),(Vehicles3↦1.363244503736496),(Vehicles4↦-0.20047232508659363),(Vehicles5↦0.945349708199501)}",
        "VehiclesY": "{(EgoVehicle↦8.000000238418579),(Vehicles2↦0.0),(Vehicles3↦-8.000000238418579),(Vehicles4↦0.0),(Vehicles5↦-4.0000001192092896)}",
        "VehiclesVy": "{(EgoVehicle↦0.0),(Vehicles2↦0.0),(Vehicles3↦0.0),(Vehicles4↦0.0),(Vehicles5↦0.0)}",
        "VehiclesX": "{(EgoVehicle↦200.0),(Vehicles2↦23.904867470264435),(Vehicles3↦59.841084480285645),(Vehicles4↦88.34953308105469),(Vehicles5↦93.31580400466919)}"
      },
      "probabilisticVariables": null,
      "activating": [
        "IDLE_59"
      ],
      "activatingOnlyWhenExecuted": true,
      "updating": null,
      "withPredicate": null
    },
    {
      "id": "IDLE_59",
      "execute": "IDLE",
      "after": "1000",
      "priority": 0,
      "additionalGuards": null,
      "activationKind": null,
      "fixedVariables": {
        "Crash": "FALSE",
        "VehiclesAy": "{(EgoVehicle↦0.0),(Vehicles2↦0.0),(Vehicles3↦0.0),(Vehicles4↦0.0),(Vehicles5↦0.0)}",
        "Reward": "0.7333333333333334",
        "VehiclesAx": "{(EgoVehicle↦0.0),(Vehicles2↦0.023030340671539307),(Vehicles3↦0.009499937295913696),(Vehicles4↦0.019875187426805496),(Vehicles5↦0.006124600768089294)}",
        "VehiclesVx": "{(EgoVehicle↦20.0),(Vehicles2↦-0.5136216059327126),(Vehicles3↦1.3727444410324097),(Vehicles4↦-0.18059713765978813),(Vehicles5↦0.9514743089675903)}",
        "VehiclesY": "{(EgoVehicle↦8.000000238418579),(Vehicles2↦0.0),(Vehicles3↦-8.000000238418579),(Vehicles4↦0.0),(Vehicles5↦-4.0000001192092896)}",
        "VehiclesVy": "{(EgoVehicle↦0.0),(Vehicles2↦0.0),(Vehicles3↦0.0),(Vehicles4↦0.0),(Vehicles5↦0.0)}",
        "VehiclesX": "{(EgoVehicle↦200.0),(Vehicles2↦23.377473652362823),(Vehicles3↦61.20815873146057),(Vehicles4↦88.157057762146),(Vehicles5↦94.26360130310059)}"
      },
      "probabilisticVariables": null,
      "activating": [
        "SLOWER_60"
      ],
      "activatingOnlyWhenExecuted": true,
      "updating": null,
      "withPredicate": null
    },
    {
      "id": "SLOWER_60",
      "execute": "SLOWER",
      "after": "1000",
      "priority": 0,
      "additionalGuards": null,
      "activationKind": null,
      "fixedVariables": {
        "Crash": "FALSE",
        "VehiclesAy": "{(EgoVehicle↦0.0),(Vehicles2↦0.0),(Vehicles3↦0.0),(Vehicles4↦0.0),(Vehicles5↦0.0)}",
        "Reward": "0.7333333333333334",
        "VehiclesAx": "{(EgoVehicle↦0.0),(Vehicles2↦0.02246178686618805),(Vehicles3↦0.00914737582206726),(Vehicles4↦0.019346103072166443),(Vehicles5↦0.006144866347312927)}",
        "VehiclesVx": "{(EgoVehicle↦20.0),(Vehicles2↦-0.4911598190665245),(Vehicles3↦1.381891816854477),(Vehicles4↦-0.1612510345876217),(Vehicles5↦0.9576191753149033)}",
        "VehiclesY": "{(EgoVehicle↦8.000000238418579),(Vehicles2↦0.0),(Vehicles3↦-8.000000238418579),(Vehicles4↦0.0),(Vehicles5↦-4.0000001192092896)}",
        "VehiclesVy": "{(EgoVehicle↦0.0),(Vehicles2↦0.0),(Vehicles3↦0.0),(Vehicles4↦0.0),(Vehicles5↦0.0)}",
        "VehiclesX": "{(EgoVehicle↦200.0),(Vehicles2↦22.872881591320038),(Vehicles3↦62.584590911865234),(Vehicles4↦87.98424005508423),(Vehicles5↦95.21753191947937)}"
      },
      "probabilisticVariables": null,
      "activating": [
        "SLOWER_61"
      ],
      "activatingOnlyWhenExecuted": true,
      "updating": null,
      "withPredicate": null
    },
    {
      "id": "SLOWER_61",
      "execute": "SLOWER",
      "after": "1000",
      "priority": 0,
      "additionalGuards": null,
      "activationKind": null,
      "fixedVariables": {
        "Crash": "FALSE",
        "VehiclesAy": "{(EgoVehicle↦0.0),(Vehicles2↦0.0),(Vehicles3↦0.0),(Vehicles4↦0.0),(Vehicles5↦0.0)}",
        "Reward": "0.7333333333333334",
        "VehiclesAx": "{(EgoVehicle↦0.0),(Vehicles2↦0.021913163363933563),(Vehicles3↦0.008807778358459473),(Vehicles4↦0.018837805837392807),(Vehicles5↦0.006159543991088867)}",
        "VehiclesVx": "{(EgoVehicle↦20.0),(Vehicles2↦-0.46924665570259094),(Vehicles3↦1.3906995952129364),(Vehicles4↦-0.14241322875022888),(Vehicles5↦0.9637787193059921)}",
        "VehiclesY": "{(EgoVehicle↦8.000000238418579),(Vehicles2↦0.0),(Vehicles3↦-8.000000238418579),(Vehicles4↦0.0),(Vehicles5↦-4.0000001192092896)}",
        "VehiclesVy": "{(EgoVehicle↦0.0),(Vehicles2↦0.0),(Vehicles3↦0.0),(Vehicles4↦0.0),(Vehicles5↦0.0)}",
        "VehiclesX": "{(EgoVehicle↦200.0),(Vehicles2↦22.39052951335907),(Vehicles3↦63.97002935409546),(Vehicles4↦87.83056139945984),(Vehicles5↦96.17761373519897)}"
      },
      "probabilisticVariables": null,
      "activating": null,
      "activatingOnlyWhenExecuted": true,
      "updating": null,
      "withPredicate": null
    }
  ],
  "listeners": [],
  "metadata": {
    "fileType": "Timed_Trace",
    "formatVersion": 3,
    "savedAt": "2023-08-15T12:35:26.178935Z",
    "creator": "Simulation: MONTE_CARLO_SIMULATION; MAX_STEPS_BEFORE_PROPERTY : 0, EXECUTIONS : 1000, ENDING_TIME : 60000",
    "proB2KernelVersion": "4.12.2",
    "proBCliVersion": "1.12.2-final",
    "modelName": "HighwayEnvironment"
  }
}