{
  "variables": {},
  "activations": [
    {
      "id": "$setup_constants",
      "execute": "$setup_constants",
      "after": "0",
      "priority": 0,
      "additionalGuards": null,
      "activationKind": null,
      "fixedVariables": null,
      "probabilisticVariables": null,
      "activating": null,
      "activatingOnlyWhenExecuted": true,
      "updating": null,
      "withPredicate": null
    },
    {
      "id": "$initialise_machine",
      "execute": "$initialise_machine",
      "after": "0",
      "priority": 0,
      "additionalGuards": null,
      "activationKind": null,
      "fixedVariables": {
        "Crash": "FALSE",
        "VehiclesAy": "{(EgoVehicle↦0.0),(Vehicles2↦0.0),(Vehicles3↦0.0),(Vehicles4↦0.0),(Vehicles5↦0.0)}",
        "Reward": "0.0",
        "VehiclesAx": "{(EgoVehicle↦0.0),(Vehicles2↦0.0),(Vehicles3↦0.0),(Vehicles4↦0.0),(Vehicles5↦0.0)}",
        "VehiclesVx": "{(EgoVehicle↦25.0),(Vehicles2↦-2.365410178899765),(Vehicles3↦-3.2562869787216187),(Vehicles4↦-3.331010639667511),(Vehicles5↦-2.397332638502121)}",
        "VehiclesY": "{(EgoVehicle↦0.0),(Vehicles2↦8.000000238418579),(Vehicles3↦0.0),(Vehicles4↦8.000000238418579),(Vehicles5↦8.000000238418579)}",
        "VehiclesVy": "{(EgoVehicle↦0.0),(Vehicles2↦0.0),(Vehicles3↦0.0),(Vehicles4↦0.0),(Vehicles5↦0.0)}",
        "VehiclesX": "{(EgoVehicle↦153.91184091567993),(Vehicles2↦25.608983635902405),(Vehicles3↦48.87038469314575),(Vehicles4↦70.35599946975708),(Vehicles5↦95.42874693870544)}"
      },
      "probabilisticVariables": null,
      "activating": [
        "LANE_RIGHT_2"
      ],
      "activatingOnlyWhenExecuted": true,
      "updating": null,
      "withPredicate": null
    },
    {
      "id": "LANE_RIGHT_2",
      "execute": "LANE_RIGHT",
      "after": "1000",
      "priority": 0,
      "additionalGuards": null,
      "activationKind": null,
      "fixedVariables": {
        "Crash": "FALSE",
        "VehiclesAy": "{(EgoVehicle↦1.0796338319778442),(Vehicles2↦-1.0796338319778442),(Vehicles3↦-1.0796338319778442),(Vehicles4↦-1.0796338319778442),(Vehicles5↦-1.0796338319778442)}",
        "Reward": "0.8327113850086175",
        "VehiclesAx": "{(EgoVehicle↦-0.023322105407714844),(Vehicles2↦-2.807428389787674),(Vehicles3↦-1.1045366525650024),(Vehicles4↦-3.8215020298957825),(Vehicles5↦-0.4180265963077545)}",
        "VehiclesVx": "{(EgoVehicle↦24.976677894592285),(Vehicles2↦-5.172838568687439),(Vehicles3↦-4.360823631286621),(Vehicles4↦-7.1525126695632935),(Vehicles5↦-2.8153592348098755)}",
        "VehiclesY": "{(EgoVehicle↦3.6599650382995605),(Vehicles2↦4.34003484249115),(Vehicles3↦-3.6599650382995605),(Vehicles4↦4.34003484249115),(Vehicles5↦4.34003484249115)}",
        "VehiclesVy": "{(EgoVehicle↦1.0796338319778442),(Vehicles2↦-1.0796338319778442),(Vehicles3↦-1.0796338319778442),(Vehicles4↦-1.0796338319778442),(Vehicles5↦-1.0796338319778442)}",
        "VehiclesX": "{(EgoVehicle↦178.59208583831787),(Vehicles2↦22.33726531267166),(Vehicles3↦45.484814047813416),(Vehicles4↦65.35749435424805),(Vehicles5↦93.15300583839417)}"
      },
      "probabilisticVariables": null,
      "activating": [
        "SLOWER_3"
      ],
      "activatingOnlyWhenExecuted": true,
      "updating": null,
      "withPredicate": null
    },
    {
      "id": "SLOWER_3",
      "execute": "SLOWER",
      "after": "1000",
      "priority": 0,
      "additionalGuards": null,
      "activationKind": null,
      "fixedVariables": {
        "Crash": "FALSE",
        "VehiclesAy": "{(EgoVehicle↦-1.030814554542303),(Vehicles2↦1.030814554542303),(Vehicles3↦1.030814554542303),(Vehicles4↦1.030814554542303),(Vehicles5↦-1.1284531094133854)}",
        "Reward": "0.7175567607980314",
        "VehiclesAx": "{(EgoVehicle↦-4.318299293518066),(Vehicles2↦2.6843105256557465),(Vehicles3↦3.4782200306653976),(Vehicles4↦3.6187154054641724),(Vehicles5↦4.05306875705719)}",
        "VehiclesVx": "{(EgoVehicle↦20.65837860107422),(Vehicles2↦-2.4885280430316925),(Vehicles3↦-0.8826036006212234),(Vehicles4↦-3.533797264099121),(Vehicles5↦1.2377095222473145)}",
        "VehiclesY": "{(EgoVehicle↦3.9831022024154663),(Vehicles2↦4.016897678375244),(Vehicles3↦-3.9831022024154663),(Vehicles4↦4.016897678375244),(Vehicles5↦4.016897678375244)}",
        "VehiclesVy": "{(EgoVehicle↦0.04881927743554115),(Vehicles2↦-0.04881927743554115),(Vehicles3↦-0.04881927743554115),(Vehicles4↦-0.04881927743554115),(Vehicles5↦-0.04881927743554115)}",
        "VehiclesX": "{(EgoVehicle↦200.0),(Vehicles2↦18.803174793720245),(Vehicles3↦43.115052580833435),(Vehicles4↦60.19755005836487),(Vehicles5↦92.59707927703857)}"
      },
      "probabilisticVariables": null,
      "activating": [
        "LANE_LEFT_4"
      ],
      "activatingOnlyWhenExecuted": true,
      "updating": null,
      "withPredicate": null
    },
    {
      "id": "LANE_LEFT_4",
      "execute": "LANE_LEFT",
      "after": "1000",
      "priority": 0,
      "additionalGuards": null,
      "activationKind": null,
      "fixedVariables": {
        "Crash": "FALSE",
        "VehiclesAy": "{(EgoVehicle↦-1.203391868621111),(Vehicles2↦1.203391868621111),(Vehicles3↦1.203391868621111),(Vehicles4↦-5.478548314422369),(Vehicles5↦1.1057533137500286)}",
        "Reward": "0.6680932828237173",
        "VehiclesAx": "{(EgoVehicle↦-0.6048798561096191),(Vehicles2↦-0.222255140542984),(Vehicles3↦0.2448108047246933),(Vehicles4↦-0.6891661882400513),(Vehicles5↦0.44145941734313965)}",
        "VehiclesVx": "{(EgoVehicle↦20.0534987449646),(Vehicles2↦-2.7107831835746765),(Vehicles3↦-0.6377927958965302),(Vehicles4↦-4.222963452339172),(Vehicles5↦1.679168939590454)}",
        "VehiclesY": "{(EgoVehicle↦0.39993609488010406),(Vehicles2↦7.600064277648926),(Vehicles3↦-0.39993609488010406),(Vehicles4↦6.601551532745361),(Vehicles5↦7.600064277648926)}",
        "VehiclesVy": "{(EgoVehicle↦-1.1545725911855698),(Vehicles2↦1.1545725911855698),(Vehicles3↦1.1545725911855698),(Vehicles4↦-5.52736759185791),(Vehicles5↦1.1545725911855698)}",
        "VehiclesX": "{(EgoVehicle↦200.0),(Vehicles2↦16.62379652261734),(Vehicles3↦42.75139272212982),(Vehicles4↦57.19602704048157),(Vehicles5↦94.45136189460754)}"
      },
      "probabilisticVariables": null,
      "activating": [
        "FASTER_5"
      ],
      "activatingOnlyWhenExecuted": true,
      "updating": null,
      "withPredicate": null
    },
    {
      "id": "FASTER_5",
      "execute": "FASTER",
      "after": "1000",
      "priority": 0,
      "additionalGuards": null,
      "activationKind": null,
      "fixedVariables": {
        "Crash": "FALSE",
        "VehiclesAy": "{(EgoVehicle↦1.0976245068013668),(Vehicles2↦-1.0976245068013668),(Vehicles3↦-1.0976245068013668),(Vehicles4↦4.863557294011116),(Vehicles5↦1.2115206755697727)}",
        "Reward": "0.7827444131272335",
        "VehiclesAx": "{(EgoVehicle↦4.299416542053223),(Vehicles2↦-4.032070338726044),(Vehicles3↦-4.438725262880325),(Vehicles4↦-2.111402750015259),(Vehicles5↦-4.397079944610596)}",
        "VehiclesVx": "{(EgoVehicle↦24.352915287017822),(Vehicles2↦-6.74285352230072),(Vehicles3↦-5.0765180587768555),(Vehicles4↦-6.334366202354431),(Vehicles5↦-2.7179110050201416)}",
        "VehiclesY": "{(EgoVehicle↦0.017199299298226833),(Vehicles2↦7.982800483703613),(Vehicles3↦-0.017199299298226833),(Vehicles4↦4.238757133483887),(Vehicles5↦7.982800483703613)}",
        "VehiclesVy": "{(EgoVehicle↦-0.05694808438420296),(Vehicles2↦0.05694808438420296),(Vehicles3↦0.05694808438420296),(Vehicles4↦-0.6638102978467941),(Vehicles5↦0.05694808438420296)}",
        "VehiclesX": "{(EgoVehicle↦200.0),(Vehicles2↦11.342929303646088),(Vehicles3↦39.66517448425293),(Vehicles4↦51.88726782798767),(Vehicles5↦93.7059998512268)}"
      },
      "probabilisticVariables": null,
      "activating": [
        "LANE_LEFT_6"
      ],
      "activatingOnlyWhenExecuted": true,
      "updating": null,
      "withPredicate": null
    },
    {
      "id": "LANE_LEFT_6",
      "execute": "LANE_LEFT",
      "after": "1000",
      "priority": 0,
      "additionalGuards": null,
      "activationKind": null,
      "fixedVariables": {
        "Crash": "FALSE",
        "VehiclesAy": "{(EgoVehicle↦0.055096571159083396),(Vehicles2↦-0.055096571159083396),(Vehicles3↦-0.055096571159083396),(Vehicles4↦0.6125211669132113),(Vehicles5↦0.05879959760932252)}",
        "Reward": "0.7977278913312921",
        "VehiclesAx": "{(EgoVehicle↦0.5618810653686523),(Vehicles2↦0.7486099004745483),(Vehicles3↦-0.6024068593978882),(Vehicles4↦0.24988114833831787),(Vehicles5↦-0.6182888150215149)}",
        "VehiclesVx": "{(EgoVehicle↦24.914796352386475),(Vehicles2↦-5.994243621826172),(Vehicles3↦-5.678924918174744),(Vehicles4↦-6.084485054016113),(Vehicles5↦-3.3361998200416565)}",
        "VehiclesY": "{(EgoVehicle↦0.0005558950215345249),(Vehicles2↦7.999443769454956),(Vehicles3↦-0.0005558950215345249),(Vehicles4↦4.018073916435242),(Vehicles5↦7.999443769454956)}",
        "VehiclesVy": "{(EgoVehicle↦-0.001851513225119561),(Vehicles2↦0.001851513225119561),(Vehicles3↦0.001851513225119561),(Vehicles4↦-0.05128913093358278),(Vehicles5↦0.001851513225119561)}",
        "VehiclesX": "{(EgoVehicle↦200.0),(Vehicles2↦4.850640147924423),(Vehicles3↦34.25736725330353),(Vehicles4↦45.60086727142334),(Vehicles5↦90.65297842025757)}"
      },
      "probabilisticVariables": null,
      "activating": [
        "LANE_LEFT_7"
      ],
      "activatingOnlyWhenExecuted": true,
      "updating": null,
      "withPredicate": null
    },
    {
      "id": "LANE_LEFT_7",
      "execute": "LANE_LEFT",
      "after": "1000",
      "priority": 0,
      "additionalGuards": null,
      "activationKind": null,
      "fixedVariables": {
        "Crash": "FALSE",
        "VehiclesAy": "{(EgoVehicle↦0.0017933621120391763),(Vehicles2↦-0.0017933621120391763),(Vehicles3↦-0.0017933621120391763),(Vehicles4↦0.04769559920532629),(Vehicles5↦0.0019096643381999456)}",
        "Reward": "0.7997007925138653",
        "VehiclesAx": "{(EgoVehicle↦0.07398366928100586),(Vehicles2↦0.8227378129959106),(Vehicles3↦-0.07034003734588623),(Vehicles4↦0.436130166053772),(Vehicles5↦-0.10503143072128296)}",
        "VehiclesVx": "{(EgoVehicle↦24.98878002166748),(Vehicles2↦-5.171505808830261),(Vehicles3↦-5.74926495552063),(Vehicles4↦-5.648354887962341),(Vehicles5↦-3.4412312507629395)}",
        "VehiclesY": "{(EgoVehicle↦1.744713335938286E-05),(Vehicles2↦7.9999823570251465),(Vehicles3↦-1.744713335938286E-05),(Vehicles4↦4.00125253200531),(Vehicles5↦7.9999823570251465)}",
        "VehiclesVy": "{(EgoVehicle↦-5.8151113080384675E-05),(Vehicles2↦5.8151113080384675E-05),(Vehicles3↦5.8151113080384675E-05),(Vehicles4↦-0.003593531728256494),(Vehicles5↦5.8151113080384675E-05)}",
        "VehiclesX": "{(EgoVehicle↦200.0),(Vehicles2↦-0.7962899282574654),(Vehicles3↦28.53681743144989),(Vehicles4↦39.69880938529968),(Vehicles5↦87.26198673248291)}"
      },
      "probabilisticVariables": null,
      "activating": [
        "LANE_LEFT_8"
      ],
      "activatingOnlyWhenExecuted": true,
      "updating": null,
      "withPredicate": null
    },
    {
      "id": "LANE_LEFT_8",
      "execute": "LANE_LEFT",
      "after": "1000",
      "priority": 0,
      "additionalGuards": null,
      "activationKind": null,
      "fixedVariables": {
        "Crash": "FALSE",
        "VehiclesAy": "{(EgoVehicle↦5.633269410054709E-05),(Vehicles2↦-5.633269410054709E-05),(Vehicles3↦-5.633269410054709E-05),(Vehicles4↦0.003355326825840166),(Vehicles5↦5.9969532060222264E-05)}",
        "Reward": "0.7999605981913622",
        "VehiclesAx": "{(EgoVehicle↦0.009741783142089844),(Vehicles2↦0.5708327889442444),(Vehicles3↦0.013563036918640137),(Vehicles4↦0.30270814895629883),(Vehicles5↦-0.02546757459640503)}",
        "VehiclesVx": "{(EgoVehicle↦24.99852180480957),(Vehicles2↦-4.600673019886017),(Vehicles3↦-5.73570191860199),(Vehicles4↦-5.3456467390060425),(Vehicles5↦-3.4666988253593445)}",
        "VehiclesY": "{(EgoVehicle↦5.455330693848737E-07),(Vehicles2↦7.999999523162842),(Vehicles3↦-5.455330693848737E-07),(Vehicles4↦4.00008237361908),(Vehicles5↦7.999999523162842)}",
        "VehiclesVy": "{(EgoVehicle↦-1.8184189798375883E-06),(Vehicles2↦1.8184189798375883E-06),(Vehicles3↦1.8184189798375883E-06),(Vehicles4↦-0.00023820490241632797),(Vehicles5↦1.8184189798375883E-06)}",
        "VehiclesX": "{(EgoVehicle↦200.0),(Vehicles2↦-5.719766393303871),(Vehicles3↦22.790488600730896),(Vehicles4↦34.182748198509216),(Vehicles5↦83.80815982818604)}"
      },
      "probabilisticVariables": null,
      "activating": [
        "SLOWER_9"
      ],
      "activatingOnlyWhenExecuted": true,
      "updating": null,
      "withPredicate": null
    },
    {
      "id": "SLOWER_9",
      "execute": "SLOWER",
      "after": "1000",
      "priority": 0,
      "additionalGuards": null,
      "activationKind": null,
      "fixedVariables": {
        "Crash": "FALSE",
        "VehiclesAy": "{(EgoVehicle↦1.7445494648882232E-06),(Vehicles2↦-1.7445494648882232E-06),(Vehicles3↦-1.7445494648882232E-06),(Vehicles4↦0.0002229232393347047),(Vehicles5↦1.8922884947869534E-06)}",
        "Reward": "0.6842197769909065",
        "VehiclesAx": "{(EgoVehicle↦-4.3402791023254395),(Vehicles2↦4.702309714630246),(Vehicles3↦4.372356086969376),(Vehicles4↦4.524712935090065),(Vehicles5↦4.333671256899834)}",
        "VehiclesVx": "{(EgoVehicle↦20.65824270248413),(Vehicles2↦0.10163669474422932),(Vehicles3↦-1.3633458316326141),(Vehicles4↦-0.8209338039159775),(Vehicles5↦0.8669724315404892)}",
        "VehiclesY": "{(EgoVehicle↦2.5533223535489924E-08),(Vehicles2↦8.000000238418579),(Vehicles3↦-2.5533223535489924E-08),(Vehicles4↦4.000005125999451),(Vehicles5↦8.000000238418579)}",
        "VehiclesVy": "{(EgoVehicle↦-7.386951494936511E-08),(Vehicles2↦7.386951494936511E-08),(Vehicles3↦7.386951494936511E-08),(Vehicles4↦-1.5281663081623265E-05),(Vehicles5↦7.386951494936511E-08)}",
        "VehiclesX": "{(EgoVehicle↦200.0),(Vehicles2↦-7.767245173454285),(Vehicles3↦19.46151852607727),(Vehicles4↦31.313258409500122),(Vehicles5↦82.7326238155365)}"
      },
      "probabilisticVariables": null,
      "activating": [
        "LANE_LEFT_10"
      ],
      "activatingOnlyWhenExecuted": true,
      "updating": null,
      "withPredicate": null
    },
    {
      "id": "LANE_LEFT_10",
      "execute": "LANE_LEFT",
      "after": "1000",
      "priority": 0,
      "additionalGuards": null,
      "activationKind": null,
      "fixedVariables": {
        "Crash": "FALSE",
        "VehiclesAy": "{(EgoVehicle↦6.933857044089109E-08),(Vehicles2↦-6.933856155910689E-08),(Vehicles3↦-6.933856155910689E-08),(Vehicles4↦1.4319235859261426E-05),(Vehicles5↦7.706866256285139E-08)}",
        "Reward": "0.6689781873678012",
        "VehiclesAx": "{(EgoVehicle↦-0.5715608596801758),(Vehicles2↦0.7924430351704359),(Vehicles3↦0.607573539018631),(Vehicles4↦0.6759851146489382),(Vehicles5↦-1.242341585457325)}",
        "VehiclesVx": "{(EgoVehicle↦20.086681842803955),(Vehicles2↦0.8940797299146652),(Vehicles3↦-0.7557722926139832),(Vehicles4↦-0.1449486892670393),(Vehicles5↦-0.3753691539168358)}",
        "VehiclesY": "{(EgoVehicle↦1.5614842752142977E-09),(Vehicles2↦8.000000238418579),(Vehicles3↦-1.5614829429466681E-09),(Vehicles4↦4.000000476837158),(Vehicles5↦-1.100447732937937E-09)}",
        "VehiclesVy": "{(EgoVehicle↦-4.530944508474022E-09),(Vehicles2↦4.530953390258219E-09),(Vehicles3↦4.530953390258219E-09),(Vehicles4↦-9.62427222361839E-07),(Vehicles5↦3.199147613486275E-09)}",
        "VehiclesX": "{(EgoVehicle↦200.0),(Vehicles2↦-7.253137230873108),(Vehicles3↦18.42768043279648),(Vehicles4↦30.854350328445435),(Vehicles5↦82.82619118690491)}"
      },
      "probabilisticVariables": null,
      "activating": [
        "SLOWER_11"
      ],
      "activatingOnlyWhenExecuted": true,
      "updating": null,
      "withPredicate": null
    },
    {
      "id": "SLOWER_11",
      "execute": "SLOWER",
      "after": "1000",
      "priority": 0,
      "additionalGuards": null,
      "activationKind": null,
      "fixedVariables": {
        "Crash": "FALSE",
        "VehiclesAy": "{(EgoVehicle↦4.249383067644885E-09),(Vehicles2↦-4.249400831213279E-09),(Vehicles3↦-4.249400831213279E-09),(Vehicles4↦9.023511715611221E-07),(Vehicles5↦3.3954883349451848E-09)}",
        "Reward": "0.6669710644544704",
        "VehiclesAx": "{(EgoVehicle↦-0.07526636123657227),(Vehicles2↦0.20888254046440125),(Vehicles3↦0.1130346953868866),(Vehicles4↦0.13074596296064556),(Vehicles5↦0.15352437272667885)}",
        "VehiclesVx": "{(EgoVehicle↦20.011415481567383),(Vehicles2↦1.1029622703790665),(Vehicles3↦-0.6427375972270966),(Vehicles4↦-0.014202726306393743),(Vehicles5↦-0.22184478119015694)}",
        "VehiclesY": "{(EgoVehicle↦9.695177993762627E-11),(Vehicles2↦8.000000238418579),(Vehicles3↦-9.695177993762627E-11),(Vehicles4↦4.0000001192092896),(Vehicles5↦-6.750200398641937E-11)}",
        "VehiclesVy": "{(EgoVehicle↦-2.815614408291367E-10),(Vehicles2↦2.815525590449397E-10),(Vehicles3↦2.815525590449397E-10),(Vehicles4↦-6.007605080071698E-08),(Vehicles5↦1.9634072145890968E-10)}",
        "VehiclesX": "{(EgoVehicle↦200.0),(Vehicles2↦-6.2587350606918335),(Vehicles3↦17.728449404239655),(Vehicles4↦30.776119232177734),(Vehicles5↦82.52437710762024)}"
      },
      "probabilisticVariables": null,
      "activating": [
        "LANE_RIGHT_12"
      ],
      "activatingOnlyWhenExecuted": true,
      "updating": null,
      "withPredicate": null
    },
    {
      "id": "LANE_RIGHT_12",
      "execute": "LANE_RIGHT",
      "after": "1000",
      "priority": 0,
      "additionalGuards": null,
      "activationKind": null,
      "fixedVariables": {
        "Crash": "FALSE",
        "VehiclesAy": "{(EgoVehicle↦1.1460696163608919),(Vehicles2↦-1.146069616360883),(Vehicles3↦-1.146069616360883),(Vehicles4↦-1.1460696305090856),(Vehicles5↦-1.1460696158829897)}",
        "Reward": "0.7000000000000001",
        "VehiclesAx": "{(EgoVehicle↦-0.04277348518371582),(Vehicles2↦0.12385845184326172),(Vehicles3↦0.0812462717294693),(Vehicles4↦0.06868101307190955),(Vehicles5↦0.11308649554848671)}",
        "VehiclesVx": "{(EgoVehicle↦19.968641996383667),(Vehicles2↦1.2268207222223282),(Vehicles3↦-0.5614913254976273),(Vehicles4↦0.054478286765515804),(Vehicles5↦-0.10875828564167023)}",
        "VehiclesY": "{(EgoVehicle↦3.6036179065704346),(Vehicles2↦4.3963823318481445),(Vehicles3↦-3.6036179065704346),(Vehicles4↦0.396382212638855),(Vehicles5↦-3.6036179065704346)}",
        "VehiclesVy": "{(EgoVehicle↦1.1460696160793304),(Vehicles2↦-1.1460696160793304),(Vehicles3↦-1.1460696160793304),(Vehicles4↦-1.1460696905851364),(Vehicles5↦-1.1460696160793304)}",
        "VehiclesX": "{(EgoVehicle↦200.0),(Vehicles2↦-4.728271067142487),(Vehicles3↦17.492949962615967),(Vehicles4↦31.165963411331177),(Vehicles5↦82.72309303283691)}"
      },
      "probabilisticVariables": null,
      "activating": [
        "SLOWER_13"
      ],
      "activatingOnlyWhenExecuted": true,
      "updating": null,
      "withPredicate": null
    },
    {
      "id": "SLOWER_13",
      "execute": "SLOWER",
      "after": "1000",
      "priority": 0,
      "additionalGuards": null,
      "activationKind": null,
      "fixedVariables": {
        "Crash": "FALSE",
        "VehiclesAy": "{(EgoVehicle↦-1.0742544289678335),(Vehicles2↦1.0742544289678335),(Vehicles3↦1.0742544289678335),(Vehicles4↦1.0742545034736395),(Vehicles5↦-1.2178848031908274)}",
        "Reward": "0.7000018404654179",
        "VehiclesAx": "{(EgoVehicle↦0.03142714500427246),(Vehicles2↦0.018537119030952454),(Vehicles3↦0.007194355130195618),(Vehicles4↦-0.023232114035636187),(Vehicles5↦0.03262787591665983)}",
        "VehiclesVx": "{(EgoVehicle↦20.00006914138794),(Vehicles2↦1.2453578412532806),(Vehicles3↦-0.5542969703674316),(Vehicles4↦0.031246172729879618),(Vehicles5↦-0.0761304097250104)}",
        "VehiclesY": "{(EgoVehicle↦3.975273013114929),(Vehicles2↦4.024726867675781),(Vehicles3↦-3.975273013114929),(Vehicles4↦0.02472681552171707),(Vehicles5↦-3.975273013114929)}",
        "VehiclesVy": "{(EgoVehicle↦0.07181518711149693),(Vehicles2↦-0.07181518711149693),(Vehicles3↦-0.07181518711149693),(Vehicles4↦-0.07181518711149693),(Vehicles5↦-0.07181518711149693)}",
        "VehiclesX": "{(EgoVehicle↦200.0),(Vehicles2↦-3.506440296769142),(Vehicles3↦16.92005693912506),(Vehicles4↦31.197941303253174),(Vehicles5↦82.61355757713318)}"
      },
      "probabilisticVariables": null,
      "activating": [
        "LANE_LEFT_14"
      ],
      "activatingOnlyWhenExecuted": true,
      "updating": null,
      "withPredicate": null
    },
    {
      "id": "LANE_LEFT_14",
      "execute": "LANE_LEFT",
      "after": "1000",
      "priority": 0,
      "additionalGuards": null,
      "activationKind": null,
      "fixedVariables": {
        "Crash": "FALSE",
        "VehiclesAy": "{(EgoVehicle↦-1.213245028629899),(Vehicles2↦1.213245028629899),(Vehicles3↦1.213245028629899),(Vehicles4↦1.213245028629899),(Vehicles5↦1.0696146544069052)}",
        "Reward": "0.6666666666666666",
        "VehiclesAx": "{(EgoVehicle↦-0.032640695571899414),(Vehicles2↦0.06433457136154175),(Vehicles3↦0.07107559591531754),(Vehicles4↦0.030321709346026182),(Vehicles5↦0.0914653716608882)}",
        "VehiclesVx": "{(EgoVehicle↦19.96742844581604),(Vehicles2↦1.3096924126148224),(Vehicles3↦-0.4832213744521141),(Vehicles4↦0.0615678820759058),(Vehicles5↦0.0153349619358778)}",
        "VehiclesY": "{(EgoVehicle↦0.3947761058807373),(Vehicles2↦7.605224132537842),(Vehicles3↦-0.3947761058807373),(Vehicles4↦3.6052240133285522),(Vehicles5↦-0.3947761058807373)}",
        "VehiclesVy": "{(EgoVehicle↦-1.141429841518402),(Vehicles2↦1.141429841518402),(Vehicles3↦1.141429841518402),(Vehicles4↦1.141429841518402),(Vehicles5↦1.141429841518402)}",
        "VehiclesX": "{(EgoVehicle↦200.0),(Vehicles2↦-1.865900494158268),(Vehicles3↦16.762563586235046),(Vehicles4↦31.61030113697052),(Vehicles5↦82.94274806976318)}"
      },
      "probabilisticVariables": null,
      "activating": [
        "LANE_RIGHT_15"
      ],
      "activatingOnlyWhenExecuted": true,
      "updating": null,
      "withPredicate": null
    },
    {
      "id": "LANE_RIGHT_15",
      "execute": "LANE_RIGHT",
      "after": "1000",
      "priority": 0,
      "additionalGuards": null,
      "activationKind": null,
      "fixedVariables": {
        "Crash": "FALSE",
        "VehiclesAy": "{(EgoVehicle↦2.216283082962036),(Vehicles2↦-2.216283082962036),(Vehicles3↦-2.216283082962036),(Vehicles4↦-2.216283082962036),(Vehicles5↦0.06657660007476807)}",
        "Reward": "0.7000000000000001",
        "VehiclesAx": "{(EgoVehicle↦0.0036716461181640625),(Vehicles2↦0.017346441745758057),(Vehicles3↦0.0343511626124382),(Vehicles4↦-0.01214008778333664),(Vehicles5↦0.05063263699412346)}",
        "VehiclesVx": "{(EgoVehicle↦19.971100091934204),(Vehicles2↦1.3270388543605804),(Vehicles3↦-0.4488702118396759),(Vehicles4↦0.04942779429256916),(Vehicles5↦0.06596759893000126)}",
        "VehiclesY": "{(EgoVehicle↦3.6281193494796753),(Vehicles2↦4.371880531311035),(Vehicles3↦-3.6281193494796753),(Vehicles4↦0.37188059091567993),(Vehicles5↦-3.6281193494796753)}",
        "VehiclesVy": "{(EgoVehicle↦1.074853241443634),(Vehicles2↦-1.074853241443634),(Vehicles3↦-1.074853241443634),(Vehicles4↦-1.074853241443634),(Vehicles5↦-1.074853241443634)}",
        "VehiclesX": "{(EgoVehicle↦200.0),(Vehicles2↦-0.27006929740309715),(Vehicles3↦16.571682691574097),(Vehicles4↦31.945937871932983),(Vehicles5↦83.2572340965271)}"
      },
      "probabilisticVariables": null,
      "activating": [
        "SLOWER_16"
      ],
      "activatingOnlyWhenExecuted": true,
      "updating": null,
      "withPredicate": null
    },
    {
      "id": "SLOWER_16",
      "execute": "SLOWER",
      "after": "1000",
      "priority": 0,
      "additionalGuards": null,
      "activationKind": null,
      "fixedVariables": {
        "Crash": "FALSE",
        "VehiclesAy": "{(EgoVehicle↦-1.0074591962620616),(Vehicles2↦1.0074591962620616),(Vehicles3↦1.0074591962620616),(Vehicles4↦1.0074591962620616),(Vehicles5↦-1.1422472866252065)}",
        "Reward": "0.7000000000000001",
        "VehiclesAx": "{(EgoVehicle↦0.028786659240722656),(Vehicles2↦-0.013994276523590088),(Vehicles3↦0.008663944900035858),(Vehicles4↦-0.04074538766872138),(Vehicles5↦0.021541370078921318)}",
        "VehiclesVx": "{(EgoVehicle↦19.999886751174927),(Vehicles2↦1.3130445778369904),(Vehicles3↦-0.44020626693964005),(Vehicles4↦0.008682406623847783),(Vehicles5↦0.08750896900892258)}",
        "VehiclesY": "{(EgoVehicle↦3.9767954349517822),(Vehicles2↦4.023204445838928),(Vehicles3↦-3.9767954349517822),(Vehicles4↦0.023204589262604713),(Vehicles5↦-3.9767954349517822)}",
        "VehiclesVy": "{(EgoVehicle↦0.06739404518157244),(Vehicles2↦-0.06739404518157244),(Vehicles3↦-0.06739404518157244),(Vehicles4↦-0.06739404518157244),(Vehicles5↦-0.06739404518157244)}",
        "VehiclesX": "{(EgoVehicle↦200.0),(Vehicles2↦1.0390115901827812),(Vehicles3↦16.11359417438507),(Vehicles4↦31.96653425693512),(Vehicles5↦83.31937789916992)}"
      },
      "probabilisticVariables": null,
      "activating": [
        "SLOWER_17"
      ],
      "activatingOnlyWhenExecuted": true,
      "updating": null,
      "withPredicate": null
    },
    {
      "id": "SLOWER_17",
      "execute": "SLOWER",
      "after": "1000",
      "priority": 0,
      "additionalGuards": null,
      "activationKind": null,
      "fixedVariables": {
        "Crash": "FALSE",
        "VehiclesAy": "{(EgoVehicle↦-0.06320056156255305),(Vehicles2↦0.06320056156255305),(Vehicles3↦0.06320056156255305),(Vehicles4↦0.06320056156255305),(Vehicles5↦-0.07158752880059183)}",
        "Reward": "0.7000000000000001",
        "VehiclesAx": "{(EgoVehicle↦0.00011324882507324219),(Vehicles2↦0.011048614978790283),(Vehicles3↦0.03664925694465637),(Vehicles4↦-0.013927614782005548),(Vehicles5↦0.04668244160711765)}",
        "VehiclesVx": "{(EgoVehicle↦20.0),(Vehicles2↦1.3240931928157806),(Vehicles3↦-0.4035570099949837),(Vehicles4↦-0.005245208158157766),(Vehicles5↦0.13419141061604023)}",
        "VehiclesY": "{(EgoVehicle↦3.9985560178756714),(Vehicles2↦4.001443862915039),(Vehicles3↦-3.9985560178756714),(Vehicles4↦0.0014438169600907713),(Vehicles5↦-3.9985560178756714)}",
        "VehiclesVy": "{(EgoVehicle↦0.004193483619019389),(Vehicles2↦-0.004193483619019389),(Vehicles3↦-0.004193483619019389),(Vehicles4↦-0.004193483619019389),(Vehicles5↦-0.004193483619019389)}",
        "VehiclesX": "{(EgoVehicle↦200.0),(Vehicles2↦2.3566437885165215),(Vehicles3↦15.688057243824005),(Vehicles4↦31.969696283340454),(Vehicles5↦83.42577815055847)}"
      },
      "probabilisticVariables": null,
      "activating": [
        "SLOWER_18"
      ],
      "activatingOnlyWhenExecuted": true,
      "updating": null,
      "withPredicate": null
    },
    {
      "id": "SLOWER_18",
      "execute": "SLOWER",
      "after": "1000",
      "priority": 0,
      "additionalGuards": null,
      "activationKind": null,
      "fixedVariables": {
        "Crash": "FALSE",
        "VehiclesAy": "{(EgoVehicle↦-0.003932565468858229),(Vehicles2↦0.003932565468858229),(Vehicles3↦0.003932565468858229),(Vehicles4↦0.003932565468858229),(Vehicles5↦-0.004454401769180549)}",
        "Reward": "0.7000000001636631",
        "VehiclesAx": "{(EgoVehicle↦0.0),(Vehicles2↦0.00903785228729248),(Vehicles3↦0.035987310111522675),(Vehicles4↦-0.014655958511866629),(Vehicles5↦0.04363373853266239)}",
        "VehiclesVx": "{(EgoVehicle↦20.0),(Vehicles2↦1.3331310451030731),(Vehicles3↦-0.367569699883461),(Vehicles4↦-0.019901166670024395),(Vehicles5↦0.17782514914870262)}",
        "VehiclesY": "{(EgoVehicle↦3.999909996986389),(Vehicles2↦4.000089883804321),(Vehicles3↦-3.999909996986389),(Vehicles4↦8.983412772067823E-05),(Vehicles5↦-3.999909996986389)}",
        "VehiclesVy": "{(EgoVehicle↦0.00026091815016116016),(Vehicles2↦-0.00026091815016116016),(Vehicles3↦-0.00026091815016116016),(Vehicles4↦-0.00026091815016116016),(Vehicles5↦-0.00026091815016116016)}",
        "VehiclesX": "{(EgoVehicle↦200.0),(Vehicles2↦3.684479743242264),(Vehicles3↦15.298959612846375),(Vehicles4↦31.958627700805664),(Vehicles5↦83.57766270637512)}"
      },
      "probabilisticVariables": null,
      "activating": [
        "SLOWER_19"
      ],
      "activatingOnlyWhenExecuted": true,
      "updating": null,
      "withPredicate": null
    },
    {
      "id": "SLOWER_19",
      "execute": "SLOWER",
      "after": "1000",
      "priority": 0,
      "additionalGuards": null,
      "activationKind": null,
      "fixedVariables": {
        "Crash": "FALSE",
        "VehiclesAy": "{(EgoVehicle↦-0.0002446838550440589),(Vehicles2↦0.0002446838550440589),(Vehicles3↦0.0002446838550440589),(Vehicles4↦0.0002446838550440589),(Vehicles5↦-0.00027715244527826144)}",
        "Reward": "0.7000000000273534",
        "VehiclesAx": "{(EgoVehicle↦0.0),(Vehicles2↦0.007790327072143555),(Vehicles3↦0.0351531058549881),(Vehicles4↦-0.014854322653263807),(Vehicles5↦0.04079122096300125)}",
        "VehiclesVx": "{(EgoVehicle↦20.0),(Vehicles2↦1.3409213721752167),(Vehicles3↦-0.3324165940284729),(Vehicles4↦-0.0347554893232882),(Vehicles5↦0.21861637011170387)}",
        "VehiclesY": "{(EgoVehicle↦3.999994397163391),(Vehicles2↦4.000005483627319),(Vehicles3↦-3.999994397163391),(Vehicles4↦5.589468514699547E-06),(Vehicles5↦-3.999994397163391)}",
        "VehiclesVy": "{(EgoVehicle↦1.6234295117101283E-05),(Vehicles2↦-1.6234295117101283E-05),(Vehicles3↦-1.6234295117101283E-05),(Vehicles4↦-1.6234295117101283E-05),(Vehicles5↦-1.6234295117101283E-05)}",
        "VehiclesX": "{(EgoVehicle↦200.0),(Vehicles2↦5.020802468061447),(Vehicles3↦14.945518970489502),(Vehicles4↦31.932780146598816),(Vehicles5↦83.77202153205872)}"
      },
      "probabilisticVariables": null,
      "activating": [
        "SLOWER_20"
      ],
      "activatingOnlyWhenExecuted": true,
      "updating": null,
      "withPredicate": null
    },
    {
      "id": "SLOWER_20",
      "execute": "SLOWER",
      "after": "1000",
      "priority": 0,
      "additionalGuards": null,
      "activationKind": null,
      "fixedVariables": {
        "Crash": "FALSE",
        "VehiclesAy": "{(EgoVehicle↦-1.5224199216845591E-05),(Vehicles2↦1.5224199216845591E-05),(Vehicles3↦1.5224199216845591E-05),(Vehicles4↦1.5224199216845591E-05),(Vehicles5↦-1.7244391017356975E-05)}",
        "Reward": "0.7000000000036245",
        "VehiclesAx": "{(EgoVehicle↦0.0),(Vehicles2↦0.0070507824420928955),(Vehicles3↦0.034277718514204025),(Vehicles4↦-0.014639885630458593),(Vehicles5↦0.03822270780801773)}",
        "VehiclesVx": "{(EgoVehicle↦20.0),(Vehicles2↦1.3479721546173096),(Vehicles3↦-0.2981388755142689),(Vehicles4↦-0.049395374953746796),(Vehicles5↦0.2568390779197216)}",
        "VehiclesY": "{(EgoVehicle↦3.999999761581421),(Vehicles2↦4.000000476837158),(Vehicles3↦-3.999999761581421),(Vehicles4↦3.4777605861791017E-07),(Vehicles5↦-3.999999761581421)}",
        "VehiclesVy": "{(EgoVehicle↦1.010095900255692E-06),(Vehicles2↦-1.010095900255692E-06),(Vehicles3↦-1.010095900255692E-06),(Vehicles4↦-1.010095900255692E-06),(Vehicles5↦-1.010095900255692E-06)}",
        "VehiclesX": "{(EgoVehicle↦200.0),(Vehicles2↦6.364589184522629),(Vehicles3↦14.626884460449219),(Vehicles4↦31.892138719558716),(Vehicles5↦84.00612473487854)}"
      },
      "probabilisticVariables": null,
      "activating": [
        "SLOWER_21"
      ],
      "activatingOnlyWhenExecuted": true,
      "updating": null,
      "withPredicate": null
    },
    {
      "id": "SLOWER_21",
      "execute": "SLOWER",
      "after": "1000",
      "priority": 0,
      "additionalGuards": null,
      "activationKind": null,
      "fixedVariables": {
        "Crash": "FALSE",
        "VehiclesAy": "{(EgoVehicle↦-9.472478623706593E-07),(Vehicles2↦9.472478534888751E-07),(Vehicles3↦9.472478534888751E-07),(Vehicles4↦9.472478534888751E-07),(Vehicles5↦-1.0729439470225088E-06)}",
        "Reward": "0.7000000000004775",
        "VehiclesAx": "{(EgoVehicle↦0.0),(Vehicles2↦0.0066061317920684814),(Vehicles3↦0.03337716683745384),(Vehicles4↦-0.01415411476045847),(Vehicles5↦0.03589240834116936)}",
        "VehiclesVx": "{(EgoVehicle↦20.0),(Vehicles2↦1.354578286409378),(Vehicles3↦-0.26476170867681503),(Vehicles4↦-0.06354948971420527),(Vehicles5↦0.29273148626089096)}",
        "VehiclesY": "{(EgoVehicle↦4.0000001192092896),(Vehicles2↦4.0000001192092896),(Vehicles3↦-4.0000001192092896),(Vehicles4↦2.1638584257743787E-08),(Vehicles5↦-4.0000001192092896)}",
        "VehiclesVy": "{(EgoVehicle↦6.284803788503268E-08),(Vehicles2↦-6.284804676681688E-08),(Vehicles3↦-6.284804676681688E-08),(Vehicles4↦-6.284804676681688E-08),(Vehicles5↦-6.284804676681688E-08)}",
        "VehiclesX": "{(EgoVehicle↦200.0),(Vehicles2↦7.71523118019104),(Vehicles3↦14.342169463634491),(Vehicles4↦31.837037205696106),(Vehicles5↦84.27749276161194)}"
      },
      "probabilisticVariables": null,
      "activating": [
        "SLOWER_22"
      ],
      "activatingOnlyWhenExecuted": true,
      "updating": null,
      "withPredicate": null
    },
    {
      "id": "SLOWER_22",
      "execute": "SLOWER",
      "after": "1000",
      "priority": 0,
      "additionalGuards": null,
      "activationKind": null,
      "fixedVariables": {
        "Crash": "FALSE",
        "VehiclesAy": "{(EgoVehicle↦-5.8937636993050546E-08),(Vehicles2↦5.893764587483474E-08),(Vehicles3↦5.893764587483474E-08),(Vehicles4↦5.893764587483474E-08),(Vehicles5↦-6.675844765879901E-08)}",
        "Reward": "0.7000000000000628",
        "VehiclesAx": "{(EgoVehicle↦0.0),(Vehicles2↦0.006332844495773315),(Vehicles3↦0.03246380016207695),(Vehicles4↦-0.013486752286553383),(Vehicles5↦0.033770203590393066)}",
        "VehiclesVx": "{(EgoVehicle↦20.0),(Vehicles2↦1.3609111309051514),(Vehicles3↦-0.23229790851473808),(Vehicles4↦-0.07703624200075865),(Vehicles5↦0.326501689851284)}",
        "VehiclesY": "{(EgoVehicle↦4.0000001192092896),(Vehicles2↦4.0000001192092896),(Vehicles3↦-4.0000001192092896),(Vehicles4↦1.3463523629297924E-09),(Vehicles5↦-4.0000001192092896)}",
        "VehiclesVy": "{(EgoVehicle↦3.910400891982135E-09),(Vehicles2↦-3.910400891982135E-09),(Vehicles3↦-3.910400891982135E-09),(Vehicles4↦-3.910400891982135E-09),(Vehicles5↦-3.910400891982135E-09)}",
        "VehiclesX": "{(EgoVehicle↦200.0),(Vehicles2↦9.072359651327133),(Vehicles3↦14.090466499328613),(Vehicles4↦31.768032908439636),(Vehicles5↦84.58389639854431)}"
      },
      "probabilisticVariables": null,
      "activating": [
        "SLOWER_23"
      ],
      "activatingOnlyWhenExecuted": true,
      "updating": null,
      "withPredicate": null
    },
    {
      "id": "SLOWER_23",
      "execute": "SLOWER",
      "after": "1000",
      "priority": 0,
      "additionalGuards": null,
      "activationKind": null,
      "fixedVariables": {
        "Crash": "FALSE",
        "VehiclesAy": "{(EgoVehicle↦-3.667093295689483E-09),(Vehicles2↦3.667093295689483E-09),(Vehicles3↦3.667093295689483E-09),(Vehicles4↦3.667093295689483E-09),(Vehicles5↦-4.153708488274788E-09)}",
        "Reward": "0.7000000000000082",
        "VehiclesAx": "{(EgoVehicle↦0.0),(Vehicles2↦0.006159394979476929),(Vehicles3↦0.03154732286930084),(Vehicles4↦-0.012696017511188984),(Vehicles5↦0.0318310409784317)}",
        "VehiclesVx": "{(EgoVehicle↦20.0),(Vehicles2↦1.3670705258846283),(Vehicles3↦-0.20075058564543724),(Vehicles4↦-0.08973225951194763),(Vehicles5↦0.35833273082971573)}",
        "VehiclesY": "{(EgoVehicle↦4.0000001192092896),(Vehicles2↦4.0000001192092896),(Vehicles3↦-4.0000001192092896),(Vehicles4↦8.377032401085671E-11),(Vehicles5↦-4.0000001192092896)}",
        "VehiclesVy": "{(EgoVehicle↦2.433075962926523E-10),(Vehicles2↦-2.433075962926523E-10),(Vehicles3↦-2.433075962926523E-10),(Vehicles4↦-2.433075962926523E-10),(Vehicles5↦-2.433075962926523E-10)}",
        "VehiclesX": "{(EgoVehicle↦200.0),(Vehicles2↦10.435745865106583),(Vehicles3↦13.870860636234283),(Vehicles4↦31.685850024223328),(Vehicles5↦84.92327928543091)}"
      },
      "probabilisticVariables": null,
      "activating": [
        "SLOWER_24"
      ],
      "activatingOnlyWhenExecuted": true,
      "updating": null,
      "withPredicate": null
    },
    {
      "id": "SLOWER_24",
      "execute": "SLOWER",
      "after": "1000",
      "priority": 0,
      "additionalGuards": null,
      "activationKind": null,
      "fixedVariables": {
        "Crash": "FALSE",
        "VehiclesAy": "{(EgoVehicle↦-2.2815527245256817E-10),(Vehicles2↦2.2815527245256817E-10),(Vehicles3↦2.2815527245256817E-10),(Vehicles4↦2.2815527245256817E-10),(Vehicles5↦-2.5844215656434244E-10)}",
        "Reward": "0.7000000000000011",
        "VehiclesAx": "{(EgoVehicle↦0.0),(Vehicles2↦0.006044059991836548),(Vehicles3↦0.030635390430688858),(Vehicles4↦-0.011820979416370392),(Vehicles5↦0.030053667724132538)}",
        "VehiclesVx": "{(EgoVehicle↦20.0),(Vehicles2↦1.3731145858764648),(Vehicles3↦-0.17011519521474838),(Vehicles4↦-0.10155323892831802),(Vehicles5↦0.38838639855384827)}",
        "VehiclesY": "{(EgoVehicle↦4.0000001192092896),(Vehicles2↦4.0000001192092896),(Vehicles3↦-4.0000001192092896),(Vehicles4↦5.214495502059435E-12),(Vehicles5↦-4.0000001192092896)}",
        "VehiclesVy": "{(EgoVehicle↦1.5152323840084136E-11),(Vehicles2↦-1.5152323840084136E-11),(Vehicles3↦-1.5152323840084136E-11),(Vehicles4↦-1.5152323840084136E-11),(Vehicles5↦-1.5134560271690134E-11)}",
        "VehiclesX": "{(EgoVehicle↦200.0),(Vehicles2↦11.80524155497551),(Vehicles3↦13.6824369430542),(Vehicles4↦31.591317057609558),(Vehicles5↦85.29376983642578)}"
      },
      "probabilisticVariables": null,
      "activating": [
        "SLOWER_25"
      ],
      "activatingOnlyWhenExecuted": true,
      "updating": null,
      "withPredicate": null
    },
    {
      "id": "SLOWER_25",
      "execute": "SLOWER",
      "after": "1000",
      "priority": 0,
      "additionalGuards": null,
      "activationKind": null,
      "fixedVariables": {
        "Crash": "FALSE",
        "VehiclesAy": "{(EgoVehicle↦-1.4210854715202004E-11),(Vehicles2↦1.4210854715202004E-11),(Vehicles3↦1.4210854715202004E-11),(Vehicles4↦1.4210854715202004E-11),(Vehicles5↦-1.6076029396572267E-11)}",
        "Reward": "0.7000000000000001",
        "VehiclesAx": "{(EgoVehicle↦0.0),(Vehicles2↦0.005962997674942017),(Vehicles3↦0.02973398193717003),(Vehicles4↦-0.010888855904340744),(Vehicles5↦0.028420425951480865)}",
        "VehiclesVx": "{(EgoVehicle↦20.0),(Vehicles2↦1.3790775835514069),(Vehicles3↦-0.14038121327757835),(Vehicles4↦-0.11244209483265877),(Vehicles5↦0.41680682450532913)}",
        "VehiclesY": "{(EgoVehicle↦4.0000001192092896),(Vehicles2↦4.0000001192092896),(Vehicles3↦-4.0000001192092896),(Vehicles4↦3.277378368693462E-13),(Vehicles5↦-4.0000001192092896)}",
        "VehiclesVy": "{(EgoVehicle↦9.414691248821327E-13),(Vehicles2↦-9.414691248821327E-13),(Vehicles3↦-9.414691248821327E-13),(Vehicles4↦-9.414691248821327E-13),(Vehicles5↦-9.414691248821327E-13)}",
        "VehiclesX": "{(EgoVehicle↦200.0),(Vehicles2↦13.180746138095856),(Vehicles3↦13.524287939071655),(Vehicles4↦31.485331058502197),(Vehicles5↦85.6936514377594)}"
      },
      "probabilisticVariables": null,
      "activating": [
        "SLOWER_26"
      ],
      "activatingOnlyWhenExecuted": true,
      "updating": null,
      "withPredicate": null
    },
    {
      "id": "SLOWER_26",
      "execute": "SLOWER",
      "after": "1000",
      "priority": 0,
      "additionalGuards": null,
      "activationKind": null,
      "fixedVariables": {
        "Crash": "FALSE",
        "VehiclesAy": "{(EgoVehicle↦-8.881784197001252E-13),(Vehicles2↦8.881784197001252E-13),(Vehicles3↦8.881784197001252E-13),(Vehicles4↦8.881784197001252E-13),(Vehicles5↦-9.947598300641403E-13)}",
        "Reward": "0.7000000000000001",
        "VehiclesAx": "{(EgoVehicle↦0.0),(Vehicles2↦-1.4906110800802708),(Vehicles3↦1.5253606997430325),(Vehicles4↦-0.009919395670294762),(Vehicles5↦0.026916004717350006)}",
        "VehiclesVx": "{(EgoVehicle↦20.0),(Vehicles2↦-0.1115334965288639),(Vehicles3↦1.384979486465454),(Vehicles4↦-0.12236149050295353),(Vehicles5↦0.44372282922267914)}",
        "VehiclesY": "{(EgoVehicle↦4.0000001192092896),(Vehicles2↦-4.0000001192092896),(Vehicles3↦4.0000001192092896),(Vehicles4↦2.1316282072803006E-14),(Vehicles5↦-4.0000001192092896)}",
        "VehiclesVy": "{(EgoVehicle↦5.3290705182007514E-14),(Vehicles2↦-5.3290705182007514E-14),(Vehicles3↦-5.3290705182007514E-14),(Vehicles4↦-5.3290705182007514E-14),(Vehicles5↦-5.3290705182007514E-14)}",
        "VehiclesX": "{(EgoVehicle↦200.0),(Vehicles2↦13.395515084266663),(Vehicles3↦14.56218957901001),(Vehicles4↦31.368842720985413),(Vehicles5↦86.12133860588074)}"
      },
      "probabilisticVariables": null,
      "activating": [
        "LANE_RIGHT_27"
      ],
      "activatingOnlyWhenExecuted": true,
      "updating": null,
      "withPredicate": null
    },
    {
      "id": "LANE_RIGHT_27",
      "execute": "LANE_RIGHT",
      "after": "1000",
      "priority": 0,
      "additionalGuards": null,
      "activationKind": null,
      "fixedVariables": {
        "Crash": "FALSE",
        "VehiclesAy": "{(EgoVehicle↦1.1458635330199662),(Vehicles2↦-1.1458635330199662),(Vehicles3↦-1.1458635330199662),(Vehicles4↦-1.1458635330199662),(Vehicles5↦-1.1458635330200728)}",
        "Reward": "0.7333333333333334",
        "VehiclesAx": "{(EgoVehicle↦-0.0328516960144043),(Vehicles2↦0.060832155868411064),(Vehicles3↦0.038704872131347656),(Vehicles4↦0.023924438282847404),(Vehicles5↦0.058379583060741425)}",
        "VehiclesVx": "{(EgoVehicle↦19.967148303985596),(Vehicles2↦-0.05070134066045284),(Vehicles3↦1.4236843585968018),(Vehicles4↦-0.09843705222010612),(Vehicles5↦0.5021024122834206)}",
        "VehiclesY": "{(EgoVehicle↦7.603699207305908),(Vehicles2↦-7.603699207305908),(Vehicles3↦0.39630044996738434),(Vehicles4↦-3.6036994457244873),(Vehicles5↦-7.603699207305908)}",
        "VehiclesVy": "{(EgoVehicle↦1.1458635330200195),(Vehicles2↦-1.1458635330200195),(Vehicles3↦-1.1458635330200195),(Vehicles4↦-1.1458635330200195),(Vehicles5↦-1.1458635330200195)}",
        "VehiclesX": "{(EgoVehicle↦200.0),(Vehicles2↦13.681836426258087),(Vehicles3↦16.33610725402832),(Vehicles4↦31.629425287246704),(Vehicles5↦86.96197271347046)}"
      },
      "probabilisticVariables": null,
      "activating": [
        "LANE_RIGHT_28"
      ],
      "activatingOnlyWhenExecuted": true,
      "updating": null,
      "withPredicate": null
    },
    {
      "id": "LANE_RIGHT_28",
      "execute": "LANE_RIGHT",
      "after": "1000",
      "priority": 0,
      "additionalGuards": null,
      "activationKind": null,
      "fixedVariables": {
        "Crash": "FALSE",
        "VehiclesAy": "{(EgoVehicle↦-1.074060839600861),(Vehicles2↦1.074060839600861),(Vehicles3↦1.074060839600861),(Vehicles4↦1.074060839600861),(Vehicles5↦-1.217666226439178)}",
        "Reward": "0.7333333333333334",
        "VehiclesAx": "{(EgoVehicle↦0.03272294998168945),(Vehicles2↦-0.005589444190263748),(Vehicles3↦-0.02691224217414856),(Vehicles4↦-0.04064846783876419),(Vehicles5↦-0.00847943127155304)}",
        "VehiclesVx": "{(EgoVehicle↦19.999871253967285),(Vehicles2↦-0.05629078485071659),(Vehicles3↦1.3967721164226532),(Vehicles4↦-0.13908552005887032),(Vehicles5↦0.4936229810118675)}",
        "VehiclesY": "{(EgoVehicle↦7.975277423858643),(Vehicles2↦-7.975277423858643),(Vehicles3↦0.02472245693206787),(Vehicles4↦-3.9752776622772217),(Vehicles5↦-7.975277423858643)}",
        "VehiclesVy": "{(EgoVehicle↦0.07180269341915846),(Vehicles2↦-0.07180269341915846),(Vehicles3↦-0.07180269341915846),(Vehicles4↦-0.07180269341915846),(Vehicles5↦-0.07180269341915846)}",
        "VehiclesX": "{(EgoVehicle↦200.0),(Vehicles2↦13.614487648010254),(Vehicles3↦17.734551429748535),(Vehicles4↦31.50016963481903),(Vehicles5↦87.44630217552185)}"
      },
      "probabilisticVariables": null,
      "activating": [
        "SLOWER_29"
      ],
      "activatingOnlyWhenExecuted": true,
      "updating": null,
      "withPredicate": null
    },
    {
      "id": "SLOWER_29",
      "execute": "SLOWER",
      "after": "1000",
      "priority": 0,
      "additionalGuards": null,
      "activationKind": null,
      "fixedVariables": {
        "Crash": "FALSE",
        "VehiclesAy": "{(EgoVehicle↦-0.06733491318300366),(Vehicles2↦0.06733491318300366),(Vehicles3↦0.06733491318300366),(Vehicles4↦0.06733491318300366),(Vehicles5↦-0.07627047365531325)}",
        "Reward": "0.7333333333333334",
        "VehiclesAx": "{(EgoVehicle↦0.00012874603271484375),(Vehicles2↦0.026182127185165882),(Vehicles3↦0.005645304918289185),(Vehicles4↦-0.007050372660160065),(Vehicles5↦0.022926367819309235)}",
        "VehiclesVx": "{(EgoVehicle↦20.0),(Vehicles2↦-0.03010865766555071),(Vehicles3↦1.4024174213409424),(Vehicles4↦-0.14613589271903038),(Vehicles5↦0.5165493488311768)}",
        "VehiclesY": "{(EgoVehicle↦7.998461723327637),(Vehicles2↦-7.998461723327637),(Vehicles3↦0.001538257347419858),(Vehicles4↦-3.998461604118347),(Vehicles5↦-7.998461723327637)}",
        "VehiclesVy": "{(EgoVehicle↦0.004467780236154795),(Vehicles2↦-0.004467780236154795),(Vehicles3↦-0.004467780236154795),(Vehicles4↦-0.004467780236154795),(Vehicles5↦-0.004467780236154795)}",
        "VehiclesX": "{(EgoVehicle↦200.0),(Vehicles2↦13.568678498268127),(Vehicles3↦19.13352757692337),(Vehicles4↦31.358128786087036),(Vehicles5↦87.94913291931152)}"
      },
      "probabilisticVariables": null,
      "activating": [
        "SLOWER_30"
      ],
      "activatingOnlyWhenExecuted": true,
      "updating": null,
      "withPredicate": null
    },
    {
      "id": "SLOWER_30",
      "execute": "SLOWER",
      "after": "1000",
      "priority": 0,
      "additionalGuards": null,
      "activationKind": null,
      "fixedVariables": {
        "Crash": "FALSE",
        "VehiclesAy": "{(EgoVehicle↦-0.0041897953997249715),(Vehicles2↦0.0041897953997249715),(Vehicles3↦0.0041897953997249715),(Vehicles4↦0.0041897953997249715),(Vehicles5↦-0.004745765072584618)}",
        "Reward": "0.7333333333333334",
        "VehiclesAx": "{(EgoVehicle↦0.0),(Vehicles2↦0.025511278363410383),(Vehicles3↦0.005738586187362671),(Vehicles4↦-0.005926061421632767),(Vehicles5↦0.02195160835981369)}",
        "VehiclesVx": "{(EgoVehicle↦20.0),(Vehicles2↦-0.004597379302140325),(Vehicles3↦1.408156007528305),(Vehicles4↦-0.15206195414066315),(Vehicles5↦0.5385009571909904)}",
        "VehiclesY": "{(EgoVehicle↦7.99990439414978),(Vehicles2↦-7.99990439414978),(Vehicles3↦9.571019108989276E-05),(Vehicles4↦-3.9999042749404907),(Vehicles5↦-7.99990439414978)}",
        "VehiclesVy": "{(EgoVehicle↦0.0002779848364298232),(Vehicles2↦-0.0002779848364298232),(Vehicles3↦-0.0002779848364298232),(Vehicles4↦-0.0002779848364298232),(Vehicles5↦-0.0002779848364298232)}",
        "VehiclesX": "{(EgoVehicle↦200.0),(Vehicles2↦13.54883760213852),(Vehicles3↦20.538243651390076),(Vehicles4↦31.209543347358704),(Vehicles5↦88.47454786300659)}"
      },
      "probabilisticVariables": null,
      "activating": [
        "SLOWER_31"
      ],
      "activatingOnlyWhenExecuted": true,
      "updating": null,
      "withPredicate": null
    },
    {
      "id": "SLOWER_31",
      "execute": "SLOWER",
      "after": "1000",
      "priority": 0,
      "additionalGuards": null,
      "activationKind": null,
      "fixedVariables": {
        "Crash": "FALSE",
        "VehiclesAy": "{(EgoVehicle↦-0.0002606886528155883),(Vehicles2↦0.0002606886528155883),(Vehicles3↦0.0002606886528155883),(Vehicles4↦0.0002606886528155883),(Vehicles5↦-0.0002952810200440581)}",
        "Reward": "0.7333333333333334",
        "VehiclesAx": "{(EgoVehicle↦0.0),(Vehicles2↦0.02473831264069304),(Vehicles3↦0.0057062506675720215),(Vehicles4↦-0.004942696541547775),(Vehicles5↦0.02092801034450531)}",
        "VehiclesVx": "{(EgoVehicle↦20.0),(Vehicles2↦0.020140933338552713),(Vehicles3↦1.413862258195877),(Vehicles4↦-0.15700465068221092),(Vehicles5↦0.5594289675354958)}",
        "VehiclesY": "{(EgoVehicle↦7.999993801116943),(Vehicles2↦-7.999993801116943),(Vehicles3↦5.955076858299435E-06),(Vehicles4↦-3.9999940395355225),(Vehicles5↦-7.999993801116943)}",
        "VehiclesVy": "{(EgoVehicle↦1.7296183614234906E-05),(Vehicles2↦-1.7296183614234906E-05),(Vehicles3↦-1.7296183614234906E-05),(Vehicles4↦-1.7296183614234906E-05),(Vehicles5↦-1.7296183614234906E-05)}",
        "VehiclesX": "{(EgoVehicle↦200.0),(Vehicles2↦13.554196059703827),(Vehicles3↦21.948684751987457),(Vehicles4↦31.055426597595215),(Vehicles5↦89.02149796485901)}"
      },
      "probabilisticVariables": null,
      "activating": [
        "SLOWER_32"
      ],
      "activatingOnlyWhenExecuted": true,
      "updating": null,
      "withPredicate": null
    },
    {
      "id": "SLOWER_32",
      "execute": "SLOWER",
      "after": "1000",
      "priority": 0,
      "additionalGuards": null,
      "activationKind": null,
      "fixedVariables": {
        "Crash": "FALSE",
        "VehiclesAy": "{(EgoVehicle↦-1.6220017187151825E-05),(Vehicles2↦1.6220017187151825E-05),(Vehicles3↦1.6220017187151825E-05),(Vehicles4↦1.6220017187151825E-05),(Vehicles5↦-1.8372350041317986E-05)}",
        "Reward": "0.7333333333333334",
        "VehiclesAx": "{(EgoVehicle↦0.0),(Vehicles2↦0.023990583140403032),(Vehicles3↦0.005674958229064941),(Vehicles4↦-0.0039789266884326935),(Vehicles5↦0.019975751638412476)}",
        "VehiclesVx": "{(EgoVehicle↦20.0),(Vehicles2↦0.044131516478955746),(Vehicles3↦1.419537216424942),(Vehicles4↦-0.16098357737064362),(Vehicles5↦0.5794047191739082)}",
        "VehiclesY": "{(EgoVehicle↦7.999999523162842),(Vehicles2↦-7.999999523162842),(Vehicles3↦3.705241340412613E-07),(Vehicles4↦-3.999999761581421),(Vehicles5↦-7.999999523162842)}",
        "VehiclesVy": "{(EgoVehicle↦1.0761664270830806E-06),(Vehicles2↦-1.0761664270830806E-06),(Vehicles3↦-1.0761664270830806E-06),(Vehicles4↦-1.0761664270830806E-06),(Vehicles5↦-1.0761664270830806E-06)}",
        "VehiclesX": "{(EgoVehicle↦200.0),(Vehicles2↦13.583990931510925),(Vehicles3↦23.364819586277008),(Vehicles4↦30.896753072738647),(Vehicles5↦89.5889937877655)}"
      },
      "probabilisticVariables": null,
      "activating": [
        "SLOWER_33"
      ],
      "activatingOnlyWhenExecuted": true,
      "updating": null,
      "withPredicate": null
    },
    {
      "id": "SLOWER_33",
      "execute": "SLOWER",
      "after": "1000",
      "priority": 0,
      "additionalGuards": null,
      "activationKind": null,
      "fixedVariables": {
        "Crash": "FALSE",
        "VehiclesAy": "{(EgoVehicle↦-1.0092074731460343E-06),(Vehicles2↦1.0092074820278185E-06),(Vehicles3↦1.0092074820278185E-06),(Vehicles4↦1.0092074820278185E-06),(Vehicles5↦-1.1431253721383428E-06)}",
        "Reward": "0.7333333333333334",
        "VehiclesAx": "{(EgoVehicle↦0.0),(Vehicles2↦0.02326871268451214),(Vehicles3↦0.005644261837005615),(Vehicles4↦-0.0030390173196792603),(Vehicles5↦0.019089244306087494)}",
        "VehiclesVx": "{(EgoVehicle↦20.0),(Vehicles2↦0.06740022916346788),(Vehicles3↦1.4251814782619476),(Vehicles4↦-0.16402259469032288),(Vehicles5↦0.5984939634799957)}",
        "VehiclesY": "{(EgoVehicle↦8.000000238418579),(Vehicles2↦-8.000000238418579),(Vehicles3↦2.3053966735631093E-08),(Vehicles4↦-4.0000001192092896),(Vehicles5↦-8.000000238418579)}",
        "VehiclesVy": "{(EgoVehicle↦6.695895393704632E-08),(Vehicles2↦-6.695894505526212E-08),(Vehicles3↦-6.695894505526212E-08),(Vehicles4↦-6.695894505526212E-08),(Vehicles5↦-6.695894505526212E-08)}",
        "VehiclesX": "{(EgoVehicle↦200.0),(Vehicles2↦13.637487590312958),(Vehicles3↦24.78661686182022),(Vehicles4↦30.734479427337646),(Vehicles5↦90.1760995388031)}"
      },
      "probabilisticVariables": null,
      "activating": [
        "SLOWER_34"
      ],
      "activatingOnlyWhenExecuted": true,
      "updating": null,
      "withPredicate": null
    },
    {
      "id": "SLOWER_34",
      "execute": "SLOWER",
      "after": "1000",
      "priority": 0,
      "additionalGuards": null,
      "activationKind": null,
      "fixedVariables": {
        "Crash": "FALSE",
        "VehiclesAy": "{(EgoVehicle↦-6.279277542375894E-08),(Vehicles2↦6.279276654197474E-08),(Vehicles3↦6.279276654197474E-08),(Vehicles4↦6.279276654197474E-08),(Vehicles5↦-7.11251146867653E-08)}",
        "Reward": "0.7333333333333334",
        "VehiclesAx": "{(EgoVehicle↦0.0),(Vehicles2↦0.022572600282728672),(Vehicles3↦0.0056143105030059814),(Vehicles4↦-0.002126842737197876),(Vehicles5↦0.01826297491788864)}",
        "VehiclesVx": "{(EgoVehicle↦20.0),(Vehicles2↦0.08997282944619656),(Vehicles3↦1.4307957887649536),(Vehicles4↦-0.16614943742752075),(Vehicles5↦0.6167569383978844)}",
        "VehiclesY": "{(EgoVehicle↦8.000000238418579),(Vehicles2↦-8.000000238418579),(Vehicles3↦1.4344152532430599E-09),(Vehicles4↦-4.0000001192092896),(Vehicles5↦-8.000000238418579)}",
        "VehiclesVy": "{(EgoVehicle↦4.1661785132873774E-09),(Vehicles2↦-4.1661785132873774E-09),(Vehicles3↦-4.1661785132873774E-09),(Vehicles4↦-4.1661785132873774E-09),(Vehicles5↦-4.1661696315031804E-09)}",
        "VehiclesX": "{(EgoVehicle↦200.0),(Vehicles2↦13.71397078037262),(Vehicles3↦26.21404528617859),(Vehicles4↦30.569535493850708),(Vehicles5↦90.78196287155151)}"
      },
      "probabilisticVariables": null,
      "activating": [
        "SLOWER_35"
      ],
      "activatingOnlyWhenExecuted": true,
      "updating": null,
      "withPredicate": null
    },
    {
      "id": "SLOWER_35",
      "execute": "SLOWER",
      "after": "1000",
      "priority": 0,
      "additionalGuards": null,
      "activationKind": null,
      "fixedVariables": {
        "Crash": "FALSE",
        "VehiclesAy": "{(EgoVehicle↦-3.906954759713699E-09),(Vehicles2↦3.906954759713699E-09),(Vehicles3↦3.906954759713699E-09),(Vehicles4↦3.906954759713699E-09),(Vehicles5↦-4.425393385076859E-09)}",
        "Reward": "0.7333333333333334",
        "VehiclesAx": "{(EgoVehicle↦0.0),(Vehicles2↦0.0219019316136837),(Vehicles3↦0.005584806203842163),(Vehicles4↦-0.0012456439435482025),(Vehicles5↦0.017492063343524933)}",
        "VehiclesVx": "{(EgoVehicle↦20.0),(Vehicles2↦0.11187476105988026),(Vehicles3↦1.4363805949687958),(Vehicles4↦-0.16739508137106895),(Vehicles5↦0.6342490017414093)}",
        "VehiclesY": "{(EgoVehicle↦8.000000238418579),(Vehicles2↦-8.000000238418579),(Vehicles3↦8.924860850356708E-11),(Vehicles4↦-4.0000001192092896),(Vehicles5↦-8.000000238418579)}",
        "VehiclesVy": "{(EgoVehicle↦2.5922375357367855E-10),(Vehicles2↦-2.5922375357367855E-10),(Vehicles3↦-2.5922375357367855E-10),(Vehicles4↦-2.5922375357367855E-10),(Vehicles5↦-2.5922375357367855E-10)}",
        "VehiclesX": "{(EgoVehicle↦200.0),(Vehicles2↦13.812758028507233),(Vehicles3↦27.647078037261963),(Vehicles4↦30.4028183221817),(Vehicles5↦91.40577912330627)}"
      },
      "probabilisticVariables": null,
      "activating": [
        "SLOWER_36"
      ],
      "activatingOnlyWhenExecuted": true,
      "updating": null,
      "withPredicate": null
    },
    {
      "id": "SLOWER_36",
      "execute": "SLOWER",
      "after": "1000",
      "priority": 0,
      "additionalGuards": null,
      "activationKind": null,
      "fixedVariables": {
        "Crash": "FALSE",
        "VehiclesAy": "{(EgoVehicle↦-2.430944334719243E-10),(Vehicles2↦2.430944334719243E-10),(Vehicles3↦2.430944334719243E-10),(Vehicles4↦2.430944334719243E-10),(Vehicles5↦-2.753530736754328E-10)}",
        "Reward": "0.7333333333333334",
        "VehiclesAx": "{(EgoVehicle↦0.0),(Vehicles2↦0.02125624567270279),(Vehicles3↦0.005555897951126099),(Vehicles4↦-0.0003980286419391632),(Vehicles5↦0.01677200198173523)}",
        "VehiclesVx": "{(EgoVehicle↦20.0),(Vehicles2↦0.13313100673258305),(Vehicles3↦1.4419364929199219),(Vehicles4↦-0.16779311001300812),(Vehicles5↦0.6510210037231445)}",
        "VehiclesY": "{(EgoVehicle↦8.000000238418579),(Vehicles2↦-8.000000238418579),(Vehicles3↦5.552891479965183E-12),(Vehicles4↦-4.0000001192092896),(Vehicles5↦-8.000000238418579)}",
        "VehiclesVy": "{(EgoVehicle↦1.6129320101754274E-11),(Vehicles2↦-1.6129320101754274E-11),(Vehicles3↦-1.6129320101754274E-11),(Vehicles4↦-1.6129320101754274E-11),(Vehicles5↦-1.6129320101754274E-11)}",
        "VehiclesX": "{(EgoVehicle↦200.0),(Vehicles2↦13.933184742927551),(Vehicles3↦29.085683822631836),(Vehicles4↦30.235198140144348),(Vehicles5↦92.04679131507874)}"
      },
      "probabilisticVariables": null,
      "activating": [
        "SLOWER_37"
      ],
      "activatingOnlyWhenExecuted": true,
      "updating": null,
      "withPredicate": null
    },
    {
      "id": "SLOWER_37",
      "execute": "SLOWER",
      "after": "1000",
      "priority": 0,
      "additionalGuards": null,
      "activationKind": null,
      "fixedVariables": {
        "Crash": "FALSE",
        "VehiclesAy": "{(EgoVehicle↦-1.5134560271690134E-11),(Vehicles2↦1.5134560271690134E-11),(Vehicles3↦1.511679670329613E-11),(Vehicles4↦1.5134560271690134E-11),(Vehicles5↦-1.7124079931818414E-11)}",
        "Reward": "0.7333333333333334",
        "VehiclesAx": "{(EgoVehicle↦0.0),(Vehicles2↦0.020635006949305534),(Vehicles3↦-1.6093156300485134),(Vehicles4↦1.615256741642952),(Vehicles5↦0.016098693013191223)}",
        "VehiclesVx": "{(EgoVehicle↦20.0),(Vehicles2↦0.15376601368188858),(Vehicles3↦-0.16737913712859154),(Vehicles4↦1.4474636316299438),(Vehicles5↦0.6671196967363358)}",
        "VehiclesY": "{(EgoVehicle↦8.000000238418579),(Vehicles2↦-8.000000238418579),(Vehicles3↦-4.0000001192092896),(Vehicles4↦3.4638958368304884E-13),(Vehicles5↦-8.000000238418579)}",
        "VehiclesVy": "{(EgoVehicle↦9.947598300641403E-13),(Vehicles2↦-9.947598300641403E-13),(Vehicles3↦-1.0125233984581428E-12),(Vehicles4↦-9.947598300641403E-13),(Vehicles5↦-9.947598300641403E-13)}",
        "VehiclesX": "{(EgoVehicle↦200.0),(Vehicles2↦14.074619114398956),(Vehicles3↦30.067506432533264),(Vehicles4↦30.52983283996582),(Vehicles5↦92.70430207252502)}"
      },
      "probabilisticVariables": null,
      "activating": [
        "SLOWER_38"
      ],
      "activatingOnlyWhenExecuted": true,
      "updating": null,
      "withPredicate": null
    },
    {
      "id": "SLOWER_38",
      "execute": "SLOWER",
      "after": "1000",
      "priority": 0,
      "additionalGuards": null,
      "activationKind": null,
      "fixedVariables": {
        "Crash": "FALSE",
        "VehiclesAy": "{(EgoVehicle↦-9.414691248821327E-13),(Vehicles2↦9.414691248821327E-13),(Vehicles3↦9.592326932761353E-13),(Vehicles4↦9.414691248821327E-13),(Vehicles5↦-1.0480505352461478E-12)}",
        "Reward": "0.7333333333333334",
        "VehiclesAx": "{(EgoVehicle↦0.0),(Vehicles2↦0.020037535578012466),(Vehicles3↦0.0011888518929481506),(Vehicles4↦0.005498677492141724),(Vehicles5↦0.015468597412109375)}",
        "VehiclesVx": "{(EgoVehicle↦20.0),(Vehicles2↦0.17380354925990105),(Vehicles3↦-0.1661902852356434),(Vehicles4↦1.4529623091220856),(Vehicles5↦0.6825882941484451)}",
        "VehiclesY": "{(EgoVehicle↦8.000000238418579),(Vehicles2↦-8.000000238418579),(Vehicles3↦-4.0000001192092896),(Vehicles4↦2.1316282072803006E-14),(Vehicles5↦-8.000000238418579)}",
        "VehiclesVy": "{(EgoVehicle↦5.3290705182007514E-14),(Vehicles2↦-5.3290705182007514E-14),(Vehicles3↦-5.3290705182007514E-14),(Vehicles4↦-5.3290705182007514E-14),(Vehicles5↦-5.3290705182007514E-14)}",
        "VehiclesX": "{(EgoVehicle↦200.0),(Vehicles2↦14.236447215080261),(Vehicles3↦29.90054190158844),(Vehicles4↦31.979498267173767),(Vehicles5↦93.37765574455261)}"
      },
      "probabilisticVariables": null,
      "activating": [
        "SLOWER_39"
      ],
      "activatingOnlyWhenExecuted": true,
      "updating": null,
      "withPredicate": null
    },
    {
      "id": "SLOWER_39",
      "execute": "SLOWER",
      "after": "1000",
      "priority": 0,
      "additionalGuards": null,
      "activationKind": null,
      "fixedVariables": {
        "Crash": "FALSE",
        "VehiclesAy": "{(EgoVehicle↦-5.3290705182007514E-14),(Vehicles2↦5.3290705182007514E-14),(Vehicles3↦3.552713678800501E-14),(Vehicles4↦5.3290705182007514E-14),(Vehicles5↦-5.3290705182007514E-14)}",
        "Reward": "0.7333333333333334",
        "VehiclesAx": "{(EgoVehicle↦0.0),(Vehicles2↦0.01946311444044113),(Vehicles3↦0.0019255653023719788),(Vehicles4↦0.00547066330909729),(Vehicles5↦0.01487821340560913)}",
        "VehiclesVx": "{(EgoVehicle↦20.0),(Vehicles2↦0.19326666370034218),(Vehicles3↦-0.1642647199332714),(Vehicles4↦1.4584329724311829),(Vehicles5↦0.6974665075540543)}",
        "VehiclesY": "{(EgoVehicle↦8.000000238418579),(Vehicles2↦-8.000000238418579),(Vehicles3↦-4.0000001192092896),(Vehicles4↦0.0),(Vehicles5↦-8.000000238418579)}",
        "VehiclesVy": "{(EgoVehicle↦0.0),(Vehicles2↦0.0),(Vehicles3↦-1.7763568394002505E-14),(Vehicles4↦0.0),(Vehicles5↦0.0)}",
        "VehiclesX": "{(EgoVehicle↦200.0),(Vehicles2↦14.418080449104309),(Vehicles3↦29.73506450653076),(Vehicles4↦33.43465030193329),(Vehicles5↦94.06624436378479)}"
      },
      "probabilisticVariables": null,
      "activating": [
        "SLOWER_40"
      ],
      "activatingOnlyWhenExecuted": true,
      "updating": null,
      "withPredicate": null
    },
    {
      "id": "SLOWER_40",
      "execute": "SLOWER",
      "after": "1000",
      "priority": 0,
      "additionalGuards": null,
      "activationKind": null,
      "fixedVariables": {
        "Crash": "FALSE",
        "VehiclesAy": "{(EgoVehicle↦0.0),(Vehicles2↦0.0),(Vehicles3↦1.7763568394002505E-14),(Vehicles4↦0.0),(Vehicles5↦0.0)}",
        "Reward": "0.7333333333333334",
        "VehiclesAx": "{(EgoVehicle↦0.0),(Vehicles2↦0.018911007791757584),(Vehicles3↦0.0026234425604343414),(Vehicles4↦0.005442500114440918),(Vehicles5↦0.01432463526725769)}",
        "VehiclesVx": "{(EgoVehicle↦20.0),(Vehicles2↦0.21217767149209976),(Vehicles3↦-0.16164127737283707),(Vehicles4↦1.4638754725456238),(Vehicles5↦0.711791142821312)}",
        "VehiclesY": "{(EgoVehicle↦8.000000238418579),(Vehicles2↦-8.000000238418579),(Vehicles3↦-4.0000001192092896),(Vehicles4↦0.0),(Vehicles5↦-8.000000238418579)}",
        "VehiclesVy": "{(EgoVehicle↦0.0),(Vehicles2↦0.0),(Vehicles3↦0.0),(Vehicles4↦0.0),(Vehicles5↦0.0)}",
        "VehiclesX": "{(EgoVehicle↦200.0),(Vehicles2↦14.618955552577972),(Vehicles3↦29.57179546356201),(Vehicles4↦34.895262122154236),(Vehicles5↦94.76948380470276)}"
      },
      "probabilisticVariables": null,
      "activating": [
        "SLOWER_41"
      ],
      "activatingOnlyWhenExecuted": true,
      "updating": null,
      "withPredicate": null
    },
    {
      "id": "SLOWER_41",
      "execute": "SLOWER",
      "after": "1000",
      "priority": 0,
      "additionalGuards": null,
      "activationKind": null,
      "fixedVariables": {
        "Crash": "FALSE",
        "VehiclesAy": "{(EgoVehicle↦0.0),(Vehicles2↦0.0),(Vehicles3↦0.0),(Vehicles4↦0.0),(Vehicles5↦0.0)}",
        "Reward": "0.7333333333333334",
        "VehiclesAx": "{(EgoVehicle↦0.0),(Vehicles2↦0.018380433320999146),(Vehicles3↦0.0032822415232658386),(Vehicles4↦0.005414783954620361),(Vehicles5↦0.013804808259010315)}",
        "VehiclesVx": "{(EgoVehicle↦20.0),(Vehicles2↦0.2305581048130989),(Vehicles3↦-0.15835903584957123),(Vehicles4↦1.4692902565002441),(Vehicles5↦0.7255959510803223)}",
        "VehiclesY": "{(EgoVehicle↦8.000000238418579),(Vehicles2↦-8.000000238418579),(Vehicles3↦-4.0000001192092896),(Vehicles4↦0.0),(Vehicles5↦-8.000000238418579)}",
        "VehiclesVy": "{(EgoVehicle↦0.0),(Vehicles2↦0.0),(Vehicles3↦0.0),(Vehicles4↦0.0),(Vehicles5↦0.0)}",
        "VehiclesX": "{(EgoVehicle↦200.0),(Vehicles2↦14.838527143001556),(Vehicles3↦29.41141426563263),(Vehicles4↦36.36130690574646),(Vehicles5↦95.48683762550354)}"
      },
      "probabilisticVariables": null,
      "activating": [
        "SLOWER_42"
      ],
      "activatingOnlyWhenExecuted": true,
      "updating": null,
      "withPredicate": null
    },
    {
      "id": "SLOWER_42",
      "execute": "SLOWER",
      "after": "1000",
      "priority": 0,
      "additionalGuards": null,
      "activationKind": null,
      "fixedVariables": {
        "Crash": "FALSE",
        "VehiclesAy": "{(EgoVehicle↦0.0),(Vehicles2↦0.0),(Vehicles3↦0.0),(Vehicles4↦0.0),(Vehicles5↦0.0)}",
        "Reward": "0.7333333333333334",
        "VehiclesAx": "{(EgoVehicle↦0.0),(Vehicles2↦0.017870571464300156),(Vehicles3↦0.0039020460098981857),(Vehicles4↦0.005387067794799805),(Vehicles5↦0.013316497206687927)}",
        "VehiclesVx": "{(EgoVehicle↦20.0),(Vehicles2↦0.24842867627739906),(Vehicles3↦-0.15445698983967304),(Vehicles4↦1.474677324295044),(Vehicles5↦0.7389124482870102)}",
        "VehiclesY": "{(EgoVehicle↦8.000000238418579),(Vehicles2↦-8.000000238418579),(Vehicles3↦-4.0000001192092896),(Vehicles4↦0.0),(Vehicles5↦-8.000000238418579)}",
        "VehiclesVy": "{(EgoVehicle↦0.0),(Vehicles2↦0.0),(Vehicles3↦0.0),(Vehicles4↦0.0),(Vehicles5↦0.0)}",
        "VehiclesX": "{(EgoVehicle↦200.0),(Vehicles2↦15.076273679733276),(Vehicles3↦29.254567623138428),(Vehicles4↦37.83275485038757),(Vehicles5↦96.21779918670654)}"
      },
      "probabilisticVariables": null,
      "activating": [
        "SLOWER_43"
      ],
      "activatingOnlyWhenExecuted": true,
      "updating": null,
      "withPredicate": null
    },
    {
      "id": "SLOWER_43",
      "execute": "SLOWER",
      "after": "1000",
      "priority": 0,
      "additionalGuards": null,
      "activationKind": null,
      "fixedVariables": {
        "Crash": "FALSE",
        "VehiclesAy": "{(EgoVehicle↦0.0),(Vehicles2↦0.0),(Vehicles3↦0.0),(Vehicles4↦0.0),(Vehicles5↦0.0)}",
        "Reward": "0.7333333333333334",
        "VehiclesAx": "{(EgoVehicle↦0.0),(Vehicles2↦0.017380639910697937),(Vehicles3↦0.004483172670006752),(Vehicles4↦0.0053595006465911865),(Vehicles5↦0.012857094407081604)}",
        "VehiclesVx": "{(EgoVehicle↦20.0),(Vehicles2↦0.265809316188097),(Vehicles3↦-0.1499738171696663),(Vehicles4↦1.4800368249416351),(Vehicles5↦0.7517695426940918)}",
        "VehiclesY": "{(EgoVehicle↦8.000000238418579),(Vehicles2↦-8.000000238418579),(Vehicles3↦-4.0000001192092896),(Vehicles4↦0.0),(Vehicles5↦-8.000000238418579)}",
        "VehiclesVy": "{(EgoVehicle↦0.0),(Vehicles2↦0.0),(Vehicles3↦0.0),(Vehicles4↦0.0),(Vehicles5↦0.0)}",
        "VehiclesX": "{(EgoVehicle↦200.0),(Vehicles2↦15.3316929936409),(Vehicles3↦29.101860523223877),(Vehicles4↦39.30957913398743),(Vehicles5↦96.96188569068909)}"
      },
      "probabilisticVariables": null,
      "activating": [
        "SLOWER_44"
      ],
      "activatingOnlyWhenExecuted": true,
      "updating": null,
      "withPredicate": null
    },
    {
      "id": "SLOWER_44",
      "execute": "SLOWER",
      "after": "1000",
      "priority": 0,
      "additionalGuards": null,
      "activationKind": null,
      "fixedVariables": {
        "Crash": "FALSE",
        "VehiclesAy": "{(EgoVehicle↦0.0),(Vehicles2↦0.0),(Vehicles3↦0.0),(Vehicles4↦0.0),(Vehicles5↦0.0)}",
        "Reward": "0.7333333333333334",
        "VehiclesAx": "{(EgoVehicle↦0.0),(Vehicles2↦0.016909856349229813),(Vehicles3↦0.0050262268632650375),(Vehicles4↦0.005332082509994507),(Vehicles5↦0.012424662709236145)}",
        "VehiclesVx": "{(EgoVehicle↦20.0),(Vehicles2↦0.2827191725373268),(Vehicles3↦-0.14494759030640125),(Vehicles4↦1.4853689074516296),(Vehicles5↦0.7641942054033279)}",
        "VehiclesY": "{(EgoVehicle↦8.000000238418579),(Vehicles2↦-8.000000238418579),(Vehicles3↦-4.0000001192092896),(Vehicles4↦0.0),(Vehicles5↦-8.000000238418579)}",
        "VehiclesVy": "{(EgoVehicle↦0.0),(Vehicles2↦0.0),(Vehicles3↦0.0),(Vehicles4↦0.0),(Vehicles5↦0.0)}",
        "VehiclesX": "{(EgoVehicle↦200.0),(Vehicles2↦15.604302287101746),(Vehicles3↦28.953856229782104),(Vehicles4↦40.79174995422363),(Vehicles5↦97.71866202354431)}"
      },
      "probabilisticVariables": null,
      "activating": [
        "SLOWER_45"
      ],
      "activatingOnlyWhenExecuted": true,
      "updating": null,
      "withPredicate": null
    },
    {
      "id": "SLOWER_45",
      "execute": "SLOWER",
      "after": "1000",
      "priority": 0,
      "additionalGuards": null,
      "activationKind": null,
      "fixedVariables": {
        "Crash": "FALSE",
        "VehiclesAy": "{(EgoVehicle↦0.0),(Vehicles2↦0.0),(Vehicles3↦0.0),(Vehicles4↦0.0),(Vehicles5↦0.0)}",
        "Reward": "0.7333333333333334",
        "VehiclesAx": "{(EgoVehicle↦0.0),(Vehicles2↦0.016457419842481613),(Vehicles3↦0.0055320002138614655),(Vehicles4↦0.005304664373397827),(Vehicles5↦0.012016966938972473)}",
        "VehiclesVx": "{(EgoVehicle↦20.0),(Vehicles2↦0.2991765923798084),(Vehicles3↦-0.1394155900925398),(Vehicles4↦1.4906735718250275),(Vehicles5↦0.7762111723423004)}",
        "VehiclesY": "{(EgoVehicle↦8.000000238418579),(Vehicles2↦-8.000000238418579),(Vehicles3↦-4.0000001192092896),(Vehicles4↦0.0),(Vehicles5↦-8.000000238418579)}",
        "VehiclesVy": "{(EgoVehicle↦0.0),(Vehicles2↦0.0),(Vehicles3↦0.0),(Vehicles4↦0.0),(Vehicles5↦0.0)}",
        "VehiclesX": "{(EgoVehicle↦200.0),(Vehicles2↦15.893639624118805),(Vehicles3↦28.811082243919373),(Vehicles4↦42.27924346923828),(Vehicles5↦98.48769307136536)}"
      },
      "probabilisticVariables": null,
      "activating": [
        "SLOWER_46"
      ],
      "activatingOnlyWhenExecuted": true,
      "updating": null,
      "withPredicate": null
    },
    {
      "id": "SLOWER_46",
      "execute": "SLOWER",
      "after": "1000",
      "priority": 0,
      "additionalGuards": null,
      "activationKind": null,
      "fixedVariables": {
        "Crash": "FALSE",
        "VehiclesAy": "{(EgoVehicle↦0.0),(Vehicles2↦0.0),(Vehicles3↦0.0),(Vehicles4↦0.0),(Vehicles5↦0.0)}",
        "Reward": "0.7333333333333334",
        "VehiclesAx": "{(EgoVehicle↦0.0),(Vehicles2↦0.01602252945303917),(Vehicles3↦0.006001470610499382),(Vehicles4↦0.005277395248413086),(Vehicles5↦0.011632516980171204)}",
        "VehiclesVx": "{(EgoVehicle↦20.0),(Vehicles2↦0.3151991218328476),(Vehicles3↦-0.1334141194820404),(Vehicles4↦1.4959509670734406),(Vehicles5↦0.7878436893224716)}",
        "VehiclesY": "{(EgoVehicle↦8.000000238418579),(Vehicles2↦-8.000000238418579),(Vehicles3↦-4.0000001192092896),(Vehicles4↦0.0),(Vehicles5↦-8.000000238418579)}",
        "VehiclesVy": "{(EgoVehicle↦0.0),(Vehicles2↦0.0),(Vehicles3↦0.0),(Vehicles4↦0.0),(Vehicles5↦0.0)}",
        "VehiclesX": "{(EgoVehicle↦200.0),(Vehicles2↦16.19925945997238),(Vehicles3↦28.674030303955078),(Vehicles4↦43.772029876708984),(Vehicles5↦99.2685854434967)}"
      },
      "probabilisticVariables": null,
      "activating": [
        "SLOWER_47"
      ],
      "activatingOnlyWhenExecuted": true,
      "updating": null,
      "withPredicate": null
    },
    {
      "id": "SLOWER_47",
      "execute": "SLOWER",
      "after": "1000",
      "priority": 0,
      "additionalGuards": null,
      "activationKind": null,
      "fixedVariables": {
        "Crash": "FALSE",
        "VehiclesAy": "{(EgoVehicle↦0.0),(Vehicles2↦0.0),(Vehicles3↦0.0),(Vehicles4↦0.0),(Vehicles5↦0.0)}",
        "Reward": "0.7333333333333334",
        "VehiclesAx": "{(EgoVehicle↦0.0),(Vehicles2↦0.01560453325510025),(Vehicles3↦0.0064357370138168335),(Vehicles4↦0.005249977111816406),(Vehicles5↦0.011269450187683105)}",
        "VehiclesVx": "{(EgoVehicle↦20.0),(Vehicles2↦0.33080365508794785),(Vehicles3↦-0.12697838246822357),(Vehicles4↦1.501200944185257),(Vehicles5↦0.7991131395101547)}",
        "VehiclesY": "{(EgoVehicle↦8.000000238418579),(Vehicles2↦-8.000000238418579),(Vehicles3↦-4.0000001192092896),(Vehicles4↦0.0),(Vehicles5↦-8.000000238418579)}",
        "VehiclesVy": "{(EgoVehicle↦0.0),(Vehicles2↦0.0),(Vehicles3↦0.0),(Vehicles4↦0.0),(Vehicles5↦0.0)}",
        "VehiclesX": "{(EgoVehicle↦200.0),(Vehicles2↦16.520734131336212),(Vehicles3↦28.543156385421753),(Vehicles4↦45.27008235454559),(Vehicles5↦100.06096363067627)}"
      },
      "probabilisticVariables": null,
      "activating": [
        "SLOWER_48"
      ],
      "activatingOnlyWhenExecuted": true,
      "updating": null,
      "withPredicate": null
    },
    {
      "id": "SLOWER_48",
      "execute": "SLOWER",
      "after": "1000",
      "priority": 0,
      "additionalGuards": null,
      "activationKind": null,
      "fixedVariables": {
        "Crash": "FALSE",
        "VehiclesAy": "{(EgoVehicle↦0.0),(Vehicles2↦0.0),(Vehicles3↦0.0),(Vehicles4↦0.0),(Vehicles5↦0.0)}",
        "Reward": "0.7333333333333334",
        "VehiclesAx": "{(EgoVehicle↦0.0),(Vehicles2↦0.015202611684799194),(Vehicles3↦0.0068360380828380585),(Vehicles4↦0.0052228569984436035),(Vehicles5↦0.010926276445388794)}",
        "VehiclesVx": "{(EgoVehicle↦20.0),(Vehicles2↦0.34600626677274704),(Vehicles3↦-0.12014234438538551),(Vehicles4↦1.5064238011837006),(Vehicles5↦0.8100394159555435)}",
        "VehiclesY": "{(EgoVehicle↦8.000000238418579),(Vehicles2↦-8.000000238418579),(Vehicles3↦-4.0000001192092896),(Vehicles4↦0.0),(Vehicles5↦-8.000000238418579)}",
        "VehiclesVy": "{(EgoVehicle↦0.0),(Vehicles2↦0.0),(Vehicles3↦0.0),(Vehicles4↦0.0),(Vehicles5↦0.0)}",
        "VehiclesX": "{(EgoVehicle↦200.0),(Vehicles2↦16.857649385929108),(Vehicles3↦28.418880701065063),(Vehicles4↦46.77337408065796),(Vehicles5↦100.86448192596436)}"
      },
      "probabilisticVariables": null,
      "activating": [
        "FASTER_49"
      ],
      "activatingOnlyWhenExecuted": true,
      "updating": null,
      "withPredicate": null
    },
    {
      "id": "FASTER_49",
      "execute": "FASTER",
      "after": "1000",
      "priority": 0,
      "additionalGuards": null,
      "activationKind": null,
      "fixedVariables": {
        "Crash": "FALSE",
        "VehiclesAy": "{(EgoVehicle↦0.0),(Vehicles2↦0.0),(Vehicles3↦0.0),(Vehicles4↦0.0),(Vehicles5↦0.0)}",
        "Reward": "0.8491083676268861",
        "VehiclesAx": "{(EgoVehicle↦4.341564178466797),(Vehicles2↦-4.326747767627239),(Vehicles3↦-4.334360118955374),(Vehicles4↦-4.336368292570114),(Vehicles5↦-4.33096207678318)}",
        "VehiclesVx": "{(EgoVehicle↦24.341564178466797),(Vehicles2↦-3.980741500854492),(Vehicles3↦-4.454502463340759),(Vehicles4↦-2.8299444913864136),(Vehicles5↦-3.5209226608276367)}",
        "VehiclesY": "{(EgoVehicle↦8.000000238418579),(Vehicles2↦-8.000000238418579),(Vehicles3↦-4.0000001192092896),(Vehicles4↦2.6645352591003757E-15),(Vehicles5↦-8.000000238418579)}",
        "VehiclesVy": "{(EgoVehicle↦0.0),(Vehicles2↦0.0),(Vehicles3↦0.0),(Vehicles4↦0.0),(Vehicles5↦0.0)}",
        "VehiclesX": "{(EgoVehicle↦200.0),(Vehicles2↦14.814551174640656),(Vehicles3↦25.906530022621155),(Vehicles4↦45.88681757450104),(Vehicles5↦99.28371906280518)}"
      },
      "probabilisticVariables": null,
      "activating": [
        "SLOWER_50"
      ],
      "activatingOnlyWhenExecuted": true,
      "updating": null,
      "withPredicate": null
    },
    {
      "id": "SLOWER_50",
      "execute": "SLOWER",
      "after": "1000",
      "priority": 0,
      "additionalGuards": null,
      "activationKind": null,
      "fixedVariables": {
        "Crash": "FALSE",
        "VehiclesAy": "{(EgoVehicle↦0.0),(Vehicles2↦0.0),(Vehicles3↦0.0),(Vehicles4↦0.0),(Vehicles5↦0.0)}",
        "Reward": "0.7485794283843362",
        "VehiclesAx": "{(EgoVehicle↦-3.76983642578125),(Vehicles2↦3.7842795439064503),(Vehicles3↦3.7773752212524414),(Vehicles4↦3.7750037014484406),(Vehicles5↦3.7801291793584824)}",
        "VehiclesVx": "{(EgoVehicle↦20.571727752685547),(Vehicles2↦-0.19646195694804192),(Vehicles3↦-0.6771272420883179),(Vehicles4↦0.945059210062027),(Vehicles5↦0.25920651853084564)}",
        "VehiclesY": "{(EgoVehicle↦8.000000238418579),(Vehicles2↦-8.000000238418579),(Vehicles3↦-4.0000001192092896),(Vehicles4↦0.0),(Vehicles5↦-8.000000238418579)}",
        "VehiclesVy": "{(EgoVehicle↦0.0),(Vehicles2↦0.0),(Vehicles3↦0.0),(Vehicles4↦0.0),(Vehicles5↦0.0)}",
        "VehiclesX": "{(EgoVehicle↦200.0),(Vehicles2↦12.919279932975769),(Vehicles3↦23.534682393074036),(Vehicles4↦45.13860642910004),(Vehicles5↦97.84660339355469)}"
      },
      "probabilisticVariables": null,
      "activating": [
        "SLOWER_51"
      ],
      "activatingOnlyWhenExecuted": true,
      "updating": null,
      "withPredicate": null
    },
    {
      "id": "SLOWER_51",
      "execute": "SLOWER",
      "after": "1000",
      "priority": 0,
      "additionalGuards": null,
      "activationKind": null,
      "fixedVariables": {
        "Crash": "FALSE",
        "VehiclesAy": "{(EgoVehicle↦0.0),(Vehicles2↦0.0),(Vehicles3↦0.0),(Vehicles4↦0.0),(Vehicles5↦0.0)}",
        "Reward": "0.7353410495540414",
        "VehiclesAx": "{(EgoVehicle↦-0.49643754959106445),(Vehicles2↦0.5105257220566273),(Vehicles3↦0.5042856372892857),(Vehicles4↦0.5015803873538971),(Vehicles5↦0.5064418166875839)}",
        "VehiclesVx": "{(EgoVehicle↦20.075290203094482),(Vehicles2↦0.31406376510858536),(Vehicles3↦-0.1728416047990322),(Vehicles4↦1.446639597415924),(Vehicles5↦0.7656483352184296)}",
        "VehiclesY": "{(EgoVehicle↦8.000000238418579),(Vehicles2↦-8.000000238418579),(Vehicles3↦-4.0000001192092896),(Vehicles4↦0.0),(Vehicles5↦-8.000000238418579)}",
        "VehiclesVy": "{(EgoVehicle↦0.0),(Vehicles2↦0.0),(Vehicles3↦0.0),(Vehicles4↦0.0),(Vehicles5↦0.0)}",
        "VehiclesX": "{(EgoVehicle↦200.0),(Vehicles2↦13.002344965934753),(Vehicles3↦23.134535551071167),(Vehicles4↦46.35958671569824),(Vehicles5↦98.38370084762573)}"
      },
      "probabilisticVariables": null,
      "activating": [
        "SLOWER_52"
      ],
      "activatingOnlyWhenExecuted": true,
      "updating": null,
      "withPredicate": null
    },
    {
      "id": "SLOWER_52",
      "execute": "SLOWER",
      "after": "1000",
      "priority": 0,
      "additionalGuards": null,
      "activationKind": null,
      "fixedVariables": {
        "Crash": "FALSE",
        "VehiclesAy": "{(EgoVehicle↦0.0),(Vehicles2↦0.0),(Vehicles3↦0.0),(Vehicles4↦0.0),(Vehicles5↦0.0)}",
        "Reward": "0.7335977239467599",
        "VehiclesAx": "{(EgoVehicle↦-0.06537437438964844),(Vehicles2↦0.07911693304777145),(Vehicles3↦0.0734991580247879),(Vehicles4↦0.07048875093460083),(Vehicles5↦0.07510066032409668)}",
        "VehiclesVx": "{(EgoVehicle↦20.009915828704834),(Vehicles2↦0.3931806981563568),(Vehicles3↦-0.09934244677424431),(Vehicles4↦1.517128348350525),(Vehicles5↦0.8407489955425262)}",
        "VehiclesY": "{(EgoVehicle↦8.000000238418579),(Vehicles2↦-8.000000238418579),(Vehicles3↦-4.0000001192092896),(Vehicles4↦0.0),(Vehicles5↦-8.000000238418579)}",
        "VehiclesVy": "{(EgoVehicle↦0.0),(Vehicles2↦0.0),(Vehicles3↦0.0),(Vehicles4↦0.0),(Vehicles5↦0.0)}",
        "VehiclesX": "{(EgoVehicle↦200.0),(Vehicles2↦13.357996940612793),(Vehicles3↦23.000986874103546),(Vehicles4↦47.84434139728546),(Vehicles5↦99.18932318687439)}"
      },
      "probabilisticVariables": null,
      "activating": [
        "FASTER_53"
      ],
      "activatingOnlyWhenExecuted": true,
      "updating": null,
      "withPredicate": null
    },
    {
      "id": "FASTER_53",
      "execute": "FASTER",
      "after": "1000",
      "priority": 0,
      "additionalGuards": null,
      "activationKind": null,
      "fixedVariables": {
        "Crash": "FALSE",
        "VehiclesAy": "{(EgoVehicle↦0.0),(Vehicles2↦0.0),(Vehicles3↦0.0),(Vehicles4↦0.0),(Vehicles5↦0.0)}",
        "Reward": "0.8491431844977901",
        "VehiclesAx": "{(EgoVehicle↦4.332952499389648),(Vehicles2↦-4.3195439875125885),(Vehicles3↦-4.324579257518053),(Vehicles4↦-4.327867925167084),(Vehicles5↦-4.323491603136063)}",
        "VehiclesVx": "{(EgoVehicle↦24.342868328094482),(Vehicles2↦-3.9263632893562317),(Vehicles3↦-4.423921704292297),(Vehicles4↦-2.810739576816559),(Vehicles5↦-3.4827426075935364)}",
        "VehiclesY": "{(EgoVehicle↦8.000000238418579),(Vehicles2↦-8.000000238418579),(Vehicles3↦-4.0000001192092896),(Vehicles4↦2.6645352591003757E-15),(Vehicles5↦-8.000000238418579)}",
        "VehiclesVy": "{(EgoVehicle↦0.0),(Vehicles2↦0.0),(Vehicles3↦0.0),(Vehicles4↦0.0),(Vehicles5↦0.0)}",
        "VehiclesX": "{(EgoVehicle↦200.0),(Vehicles2↦11.366255581378937),(Vehicles3↦20.51466256380081),(Vehicles4↦46.97319269180298),(Vehicles5↦97.6435661315918)}"
      },
      "probabilisticVariables": null,
      "activating": [
        "SLOWER_54"
      ],
      "activatingOnlyWhenExecuted": true,
      "updating": null,
      "withPredicate": null
    },
    {
      "id": "SLOWER_54",
      "execute": "SLOWER",
      "after": "1000",
      "priority": 0,
      "additionalGuards": null,
      "activationKind": null,
      "fixedVariables": {
        "Crash": "FALSE",
        "VehiclesAy": "{(EgoVehicle↦0.0),(Vehicles2↦0.0),(Vehicles3↦0.0),(Vehicles4↦0.0),(Vehicles5↦0.0)}",
        "Reward": "0.7485840133220684",
        "VehiclesAx": "{(EgoVehicle↦-3.7709689140319824),(Vehicles2↦3.784060413017869),(Vehicles3↦3.7795696407556534),(Vehicles4↦3.7760285288095474),(Vehicles5↦3.7801823765039444)}",
        "VehiclesVx": "{(EgoVehicle↦20.5718994140625),(Vehicles2↦-0.1423028763383627),(Vehicles3↦-0.644352063536644),(Vehicles4↦0.9652889519929886),(Vehicles5↦0.297439768910408)}",
        "VehiclesY": "{(EgoVehicle↦8.000000238418579),(Vehicles2↦-8.000000238418579),(Vehicles3↦-4.0000001192092896),(Vehicles4↦0.0),(Vehicles5↦-8.000000238418579)}",
        "VehiclesVy": "{(EgoVehicle↦0.0),(Vehicles2↦0.0),(Vehicles3↦0.0),(Vehicles4↦0.0),(Vehicles5↦0.0)}",
        "VehiclesX": "{(EgoVehicle↦200.0),(Vehicles2↦9.525442123413086),(Vehicles3↦18.17445158958435),(Vehicles4↦46.24476730823517),(Vehicles5↦96.24481797218323)}"
      },
      "probabilisticVariables": null,
      "activating": [
        "SLOWER_55"
      ],
      "activatingOnlyWhenExecuted": true,
      "updating": null,
      "withPredicate": null
    },
    {
      "id": "SLOWER_55",
      "execute": "SLOWER",
      "after": "1000",
      "priority": 0,
      "additionalGuards": null,
      "activationKind": null,
      "fixedVariables": {
        "Crash": "FALSE",
        "VehiclesAy": "{(EgoVehicle↦0.0),(Vehicles2↦0.0),(Vehicles3↦0.0),(Vehicles4↦0.0),(Vehicles5↦0.0)}",
        "Reward": "0.73534165333185",
        "VehiclesAx": "{(EgoVehicle↦-0.49658775329589844),(Vehicles2↦0.5093724932521582),(Vehicles3↦0.5053906049579382),(Vehicles4↦0.5016209930181503),(Vehicles5↦-0.25244141928851604)}",
        "VehiclesVx": "{(EgoVehicle↦20.0753116607666),(Vehicles2↦0.36706961691379547),(Vehicles3↦-0.1389614585787058),(Vehicles4↦1.466909945011139),(Vehicles5↦0.044998349621891975)}",
        "VehiclesY": "{(EgoVehicle↦8.000000238418579),(Vehicles2↦-8.000000238418579),(Vehicles3↦-4.0000001192092896),(Vehicles4↦0.0),(Vehicles5↦-4.0000001192092896)}",
        "VehiclesVy": "{(EgoVehicle↦0.0),(Vehicles2↦0.0),(Vehicles3↦0.0),(Vehicles4↦0.0),(Vehicles5↦0.0)}",
        "VehiclesX": "{(EgoVehicle↦200.0),(Vehicles2↦9.662224352359772),(Vehicles3↦17.807553708553314),(Vehicles4↦47.486019134521484),(Vehicles5↦96.4177668094635)}"
      },
      "probabilisticVariables": null,
      "activating": [
        "SLOWER_56"
      ],
      "activatingOnlyWhenExecuted": true,
      "updating": null,
      "withPredicate": null
    },
    {
      "id": "SLOWER_56",
      "execute": "SLOWER",
      "after": "1000",
      "priority": 0,
      "additionalGuards": null,
      "activationKind": null,
      "fixedVariables": {
        "Crash": "FALSE",
        "VehiclesAy": "{(EgoVehicle↦0.0),(Vehicles2↦0.0),(Vehicles3↦0.0),(Vehicles4↦0.0),(Vehicles5↦0.0)}",
        "Reward": "0.7335978034565948",
        "VehiclesAx": "{(EgoVehicle↦-0.06539344787597656),(Vehicles2↦0.07788203656673431),(Vehicles3↦0.07437495049089193),(Vehicles4↦0.07039949297904968),(Vehicles5↦0.08102272637188435)}",
        "VehiclesVx": "{(EgoVehicle↦20.009918212890625),(Vehicles2↦0.4449516534805298),(Vehicles3↦-0.06458650808781385),(Vehicles4↦1.5373094379901886),(Vehicles5↦0.12602107599377632)}",
        "VehiclesY": "{(EgoVehicle↦8.000000238418579),(Vehicles2↦-8.000000238418579),(Vehicles3↦-4.0000001192092896),(Vehicles4↦0.0),(Vehicles5↦-4.0000001192092896)}",
        "VehiclesVy": "{(EgoVehicle↦0.0),(Vehicles2↦0.0),(Vehicles3↦0.0),(Vehicles4↦0.0),(Vehicles5↦0.0)}",
        "VehiclesX": "{(EgoVehicle↦200.0),(Vehicles2↦10.07038801908493),(Vehicles3↦17.708246409893036),(Vehicles4↦48.99100959300995),(Vehicles5↦96.50511741638184)}"
      },
      "probabilisticVariables": null,
      "activating": [
        "SLOWER_57"
      ],
      "activatingOnlyWhenExecuted": true,
      "updating": null,
      "withPredicate": null
    },
    {
      "id": "SLOWER_57",
      "execute": "SLOWER",
      "after": "1000",
      "priority": 0,
      "additionalGuards": null,
      "activationKind": null,
      "fixedVariables": {
        "Crash": "FALSE",
        "VehiclesAy": "{(EgoVehicle↦0.0),(Vehicles2↦0.0),(Vehicles3↦0.0),(Vehicles4↦0.0),(Vehicles5↦0.0)}",
        "Reward": "0.7333681606746681",
        "VehiclesAx": "{(EgoVehicle↦-0.008611679077148438),(Vehicles2↦0.02081356942653656),(Vehicles3↦0.017749285325407982),(Vehicles4↦0.013589709997177124),(Vehicles5↦0.023967893794178963)}",
        "VehiclesVx": "{(EgoVehicle↦20.001306533813477),(Vehicles2↦0.46576522290706635),(Vehicles3↦-0.04683722276240587),(Vehicles4↦1.5508991479873657),(Vehicles5↦0.14998896978795528)}",
        "VehiclesY": "{(EgoVehicle↦8.000000238418579),(Vehicles2↦-8.000000238418579),(Vehicles3↦-4.0000001192092896),(Vehicles4↦0.0),(Vehicles5↦-4.0000001192092896)}",
        "VehiclesVy": "{(EgoVehicle↦0.0),(Vehicles2↦0.0),(Vehicles3↦0.0),(Vehicles4↦0.0),(Vehicles5↦0.0)}",
        "VehiclesX": "{(EgoVehicle↦200.0),(Vehicles2↦10.524993389844894),(Vehicles3↦17.652054131031036),(Vehicles4↦50.535064935684204),(Vehicles5↦96.64205312728882)}"
      },
      "probabilisticVariables": null,
      "activating": [
        "SLOWER_58"
      ],
      "activatingOnlyWhenExecuted": true,
      "updating": null,
      "withPredicate": null
    },
    {
      "id": "SLOWER_58",
      "execute": "SLOWER",
      "after": "1000",
      "priority": 0,
      "additionalGuards": null,
      "activationKind": null,
      "fixedVariables": {
        "Crash": "FALSE",
        "VehiclesAy": "{(EgoVehicle↦0.0),(Vehicles2↦0.0),(Vehicles3↦0.0),(Vehicles4↦0.0),(Vehicles5↦0.0)}",
        "Reward": "0.7333379196498878",
        "VehiclesAx": "{(EgoVehicle↦-0.0011348724365234375),(Vehicles2↦0.013060532510280609),(Vehicles3↦0.010408740490674973),(Vehicles4↦0.006084740161895752),(Vehicles5↦0.01621983014047146)}",
        "VehiclesVx": "{(EgoVehicle↦20.000171661376953),(Vehicles2↦0.47882575541734695),(Vehicles3↦-0.0364284822717309),(Vehicles4↦1.5569838881492615),(Vehicles5↦0.16620879992842674)}",
        "VehiclesY": "{(EgoVehicle↦8.000000238418579),(Vehicles2↦-8.000000238418579),(Vehicles3↦-4.0000001192092896),(Vehicles4↦0.0),(Vehicles5↦-4.0000001192092896)}",
        "VehiclesVy": "{(EgoVehicle↦0.0),(Vehicles2↦0.0),(Vehicles3↦0.0),(Vehicles4↦0.0),(Vehicles5↦0.0)}",
        "VehiclesX": "{(EgoVehicle↦200.0),(Vehicles2↦10.996176302433014),(Vehicles3↦17.60954111814499),(Vehicles4↦52.0885705947876),(Vehicles5↦96.79872393608093)}"
      },
      "probabilisticVariables": null,
      "activating": [
        "SLOWER_59"
      ],
      "activatingOnlyWhenExecuted": true,
      "updating": null,
      "withPredicate": null
    },
    {
      "id": "SLOWER_59",
      "execute": "SLOWER",
      "after": "1000",
      "priority": 0,
      "additionalGuards": null,
      "activationKind": null,
      "fixedVariables": {
        "Crash": "FALSE",
        "VehiclesAy": "{(EgoVehicle↦0.0),(Vehicles2↦0.0),(Vehicles3↦0.0),(Vehicles4↦0.0),(Vehicles5↦0.0)}",
        "Reward": "0.733333937292715",
        "VehiclesAx": "{(EgoVehicle↦-0.00015020370483398438),(Vehicles2↦0.011810064315795898),(Vehicles3↦0.009542256593704224),(Vehicles4↦0.005072802305221558),(Vehicles5↦0.014966707676649094)}",
        "VehiclesVx": "{(EgoVehicle↦20.00002145767212),(Vehicles2↦0.49063581973314285),(Vehicles3↦-0.026886225678026676),(Vehicles4↦1.562056690454483),(Vehicles5↦0.18117550760507584)}",
        "VehiclesY": "{(EgoVehicle↦8.000000238418579),(Vehicles2↦-8.000000238418579),(Vehicles3↦-4.0000001192092896),(Vehicles4↦0.0),(Vehicles5↦-4.0000001192092896)}",
        "VehiclesVy": "{(EgoVehicle↦0.0),(Vehicles2↦0.0),(Vehicles3↦0.0),(Vehicles4↦0.0),(Vehicles5↦0.0)}",
        "VehiclesX": "{(EgoVehicle↦200.0),(Vehicles2↦11.47976964712143),(Vehicles3↦17.576943337917328),(Vehicles4↦53.64760756492615),(Vehicles5↦96.97096347808838)}"
      },
      "probabilisticVariables": null,
      "activating": [
        "SLOWER_60"
      ],
      "activatingOnlyWhenExecuted": true,
      "updating": null,
      "withPredicate": null
    },
    {
      "id": "SLOWER_60",
      "execute": "SLOWER",
      "after": "1000",
      "priority": 0,
      "additionalGuards": null,
      "activationKind": null,
      "fixedVariables": {
        "Crash": "FALSE",
        "VehiclesAy": "{(EgoVehicle↦0.0),(Vehicles2↦0.0),(Vehicles3↦0.0),(Vehicles4↦0.0),(Vehicles5↦0.0)}",
        "Reward": "0.7333334128670791",
        "VehiclesAx": "{(EgoVehicle↦-1.9073486328125E-05),(Vehicles2↦0.011423937976360321),(Vehicles3↦0.008703219937160611),(Vehicles4↦0.004915893077850342),(Vehicles5↦-0.05085919052362442)}",
        "VehiclesVx": "{(EgoVehicle↦20.00000238418579),(Vehicles2↦0.5020597577095032),(Vehicles3↦-0.018183005740866065),(Vehicles4↦1.5669725835323334),(Vehicles5↦0.13031631708145142)}",
        "VehiclesY": "{(EgoVehicle↦8.000000238418579),(Vehicles2↦-8.000000238418579),(Vehicles3↦-4.0000001192092896),(Vehicles4↦0.0),(Vehicles5↦-4.0000001192092896)}",
        "VehiclesVy": "{(EgoVehicle↦0.0),(Vehicles2↦0.0),(Vehicles3↦0.0),(Vehicles4↦0.0),(Vehicles5↦0.0)}",
        "VehiclesX": "{(EgoVehicle↦200.0),(Vehicles2↦11.974998563528061),(Vehicles3↦17.55385845899582),(Vehicles4↦55.2116334438324),(Vehicles5↦97.14959859848022)}"
      },
      "probabilisticVariables": null,
      "activating": [
        "FASTER_61"
      ],
      "activatingOnlyWhenExecuted": true,
      "updating": null,
      "withPredicate": null
    },
    {
      "id": "FASTER_61",
      "execute": "FASTER",
      "after": "1000",
      "priority": 0,
      "additionalGuards": null,
      "activationKind": null,
      "fixedVariables": {
        "Crash": "FALSE",
        "VehiclesAy": "{(EgoVehicle↦0.0),(Vehicles2↦0.0),(Vehicles3↦0.0),(Vehicles4↦0.0),(Vehicles5↦0.0)}",
        "Reward": "0.8491083781004658",
        "VehiclesAx": "{(EgoVehicle↦4.341561794281006),(Vehicles2↦-4.385839402675629),(Vehicles3↦-4.315642999717966),(Vehicles4↦-4.336692243814468),(Vehicles5↦-3.5769015550613403)}",
        "VehiclesVx": "{(EgoVehicle↦24.341564178466797),(Vehicles2↦-3.8837796449661255),(Vehicles3↦-4.333826005458832),(Vehicles4↦-2.769719660282135),(Vehicles5↦-3.446585237979889)}",
        "VehiclesY": "{(EgoVehicle↦8.000000238418579),(Vehicles2↦-8.000000238418579),(Vehicles3↦-4.0000001192092896),(Vehicles4↦2.6645352591003757E-15),(Vehicles5↦-4.0000001192092896)}",
        "VehiclesVy": "{(EgoVehicle↦0.0),(Vehicles2↦0.0),(Vehicles3↦0.0),(Vehicles4↦0.0),(Vehicles5↦0.0)}",
        "VehiclesX": "{(EgoVehicle↦200.0),(Vehicles2↦10.069184005260468),(Vehicles3↦15.145207941532135),(Vehicles4↦54.38549518585205),(Vehicles5↦95.12922763824463)}"
      },
      "probabilisticVariables": null,
      "activating": null,
      "activatingOnlyWhenExecuted": true,
      "updating": null,
      "withPredicate": null
    }
  ],
  "listeners": [],
  "metadata": {
    "fileType": "Timed_Trace",
    "formatVersion": 3,
    "savedAt": "2023-08-15T12:36:08.596043Z",
    "creator": "Simulation: MONTE_CARLO_SIMULATION; MAX_STEPS_BEFORE_PROPERTY : 0, EXECUTIONS : 1000, ENDING_TIME : 60000",
    "proB2KernelVersion": "4.12.2",
    "proBCliVersion": "1.12.2-final",
    "modelName": "HighwayEnvironment"
  }
}