{
  "variables": {},
  "activations": [
    {
      "id": "$setup_constants",
      "execute": "$setup_constants",
      "after": "0",
      "priority": 0,
      "additionalGuards": null,
      "activationKind": null,
      "fixedVariables": null,
      "probabilisticVariables": null,
      "activating": null,
      "activatingOnlyWhenExecuted": true,
      "updating": null,
      "withPredicate": null
    },
    {
      "id": "$initialise_machine",
      "execute": "$initialise_machine",
      "after": "0",
      "priority": 0,
      "additionalGuards": null,
      "activationKind": null,
      "fixedVariables": {
        "Crash": "FALSE",
        "VehiclesAy": "{(EgoVehicle↦0.0),(Vehicles2↦0.0),(Vehicles3↦0.0),(Vehicles4↦0.0),(Vehicles5↦0.0)}",
        "Reward": "0.0",
        "VehiclesAx": "{(EgoVehicle↦0.0),(Vehicles2↦0.0),(Vehicles3↦0.0),(Vehicles4↦0.0),(Vehicles5↦0.0)}",
        "VehiclesVx": "{(EgoVehicle↦25.0),(Vehicles2↦-2.6403391361236572),(Vehicles3↦-2.1271808445453644),(Vehicles4↦-2.8676798939704895),(Vehicles5↦-1.1376328021287918)}",
        "VehiclesY": "{(EgoVehicle↦0.0),(Vehicles2↦8.000000238418579),(Vehicles3↦0.0),(Vehicles4↦0.0),(Vehicles5↦0.0)}",
        "VehiclesVy": "{(EgoVehicle↦0.0),(Vehicles2↦0.0),(Vehicles3↦0.0),(Vehicles4↦0.0),(Vehicles5↦0.0)}",
        "VehiclesX": "{(EgoVehicle↦153.12645435333252),(Vehicles2↦21.595029532909393),(Vehicles3↦47.0595508813858),(Vehicles4↦71.32139205932617),(Vehicles5↦98.00034165382385)}"
      },
      "probabilisticVariables": null,
      "activating": [
        "LANE_RIGHT_2"
      ],
      "activatingOnlyWhenExecuted": true,
      "updating": null,
      "withPredicate": null
    },
    {
      "id": "LANE_RIGHT_2",
      "execute": "LANE_RIGHT",
      "after": "1000",
      "priority": 0,
      "additionalGuards": null,
      "activationKind": null,
      "fixedVariables": {
        "Crash": "FALSE",
        "VehiclesAy": "{(EgoVehicle↦1.0796338319778442),(Vehicles2↦-1.0796338319778442),(Vehicles3↦1.0712255537509918),(Vehicles4↦-1.0796338319778442),(Vehicles5↦-1.0796338319778442)}",
        "Reward": "0.8327113850086175",
        "VehiclesAx": "{(EgoVehicle↦-0.023322105407714844),(Vehicles2↦-0.3710895776748657),(Vehicles3↦-4.596277326345444),(Vehicles4↦-3.30326110124588),(Vehicles5↦-0.5125055462121964)}",
        "VehiclesVx": "{(EgoVehicle↦24.976677894592285),(Vehicles2↦-3.011428713798523),(Vehicles3↦-6.723458170890808),(Vehicles4↦-6.17094099521637),(Vehicles5↦-1.6501383483409882)}",
        "VehiclesY": "{(EgoVehicle↦3.6599650382995605),(Vehicles2↦4.34003484249115),(Vehicles3↦-0.436454102396965),(Vehicles4↦-3.6599650382995605),(Vehicles5↦-3.6599650382995605)}",
        "VehiclesVy": "{(EgoVehicle↦1.0796338319778442),(Vehicles2↦-1.0796338319778442),(Vehicles3↦1.0712255537509918),(Vehicles4↦-1.0796338319778442),(Vehicles5↦-1.0796338319778442)}",
        "VehiclesX": "{(EgoVehicle↦177.80669927597046),(Vehicles2↦19.096897542476654),(Vehicles3↦42.499080300331116),(Vehicles4↦67.0022189617157),(Vehicles5↦96.94415926933289)}"
      },
      "probabilisticVariables": null,
      "activating": [
        "SLOWER_3"
      ],
      "activatingOnlyWhenExecuted": true,
      "updating": null,
      "withPredicate": null
    },
    {
      "id": "SLOWER_3",
      "execute": "SLOWER",
      "after": "1000",
      "priority": 0,
      "additionalGuards": null,
      "activationKind": null,
      "fixedVariables": {
        "Crash": "FALSE",
        "VehiclesAy": "{(EgoVehicle↦-1.030814554542303),(Vehicles2↦1.030814554542303),(Vehicles3↦-0.9636176284402609),(Vehicles4↦1.030814554542303),(Vehicles5↦-1.1284531094133854)}",
        "Reward": "0.7175567607980314",
        "VehiclesAx": "{(EgoVehicle↦-4.318299293518066),(Vehicles2↦4.104293808341026),(Vehicles3↦5.572412759065628),(Vehicles4↦3.701087236404419),(Vehicles5↦4.0039317309856415)}",
        "VehiclesVx": "{(EgoVehicle↦20.65837860107422),(Vehicles2↦1.0928650945425034),(Vehicles3↦-1.15104541182518),(Vehicles4↦-2.4698537588119507),(Vehicles5↦2.3537933826446533)}",
        "VehiclesY": "{(EgoVehicle↦3.9831022024154663),(Vehicles2↦4.016897678375244),(Vehicles3↦-0.03705348260700703),(Vehicles4↦-3.9831022024154663),(Vehicles5↦-3.9831022024154663)}",
        "VehiclesVy": "{(EgoVehicle↦0.04881927743554115),(Vehicles2↦-0.04881927743554115),(Vehicles3↦0.10760792531073093),(Vehicles4↦-0.04881927743554115),(Vehicles5↦-0.04881927743554115)}",
        "VehiclesX": "{(EgoVehicle↦200.0),(Vehicles2↦18.36521476507187),(Vehicles3↦38.75693678855896),(Vehicles4↦62.87299394607544),(Vehicles5↦97.53108024597168)}"
      },
      "probabilisticVariables": null,
      "activating": [
        "LANE_RIGHT_4"
      ],
      "activatingOnlyWhenExecuted": true,
      "updating": null,
      "withPredicate": null
    },
    {
      "id": "LANE_RIGHT_4",
      "execute": "LANE_RIGHT",
      "after": "1000",
      "priority": 0,
      "additionalGuards": null,
      "activationKind": null,
      "fixedVariables": {
        "Crash": "FALSE",
        "VehiclesAy": "{(EgoVehicle↦1.1117089353501797),(Vehicles2↦-1.1117089353501797),(Vehicles3↦-1.2582177016884089),(Vehicles4↦-1.1117089353501797),(Vehicles5↦-1.209347490221262)}",
        "Reward": "0.734750782036354",
        "VehiclesAx": "{(EgoVehicle↦-0.6052231788635254),(Vehicles2↦0.48543699085712433),(Vehicles3↦1.238214410841465),(Vehicles4↦0.6399807333946228),(Vehicles5↦0.41097491979599)}",
        "VehiclesVx": "{(EgoVehicle↦20.053155422210693),(Vehicles2↦1.5783020853996277),(Vehicles3↦0.08716899901628494),(Vehicles4↦-1.8298730254173279),(Vehicles5↦2.7647683024406433)}",
        "VehiclesY": "{(EgoVehicle↦7.5980143547058105),(Vehicles2↦0.401985839009285),(Vehicles3↦-3.6014024019241333),(Vehicles4↦-7.5980143547058105),(Vehicles5↦-7.5980143547058105)}",
        "VehiclesVy": "{(EgoVehicle↦1.1605282127857208),(Vehicles2↦-1.1605282127857208),(Vehicles3↦-1.150609776377678),(Vehicles4↦-1.1605282127857208),(Vehicles5↦-1.1605282127857208)}",
        "VehiclesX": "{(EgoVehicle↦200.0),(Vehicles2↦20.100031793117523),(Vehicles3↦38.58572840690613),(Vehicles4↦61.084938049316406),(Vehicles5↦100.49537420272827)}"
      },
      "probabilisticVariables": null,
      "activating": [
        "SLOWER_5"
      ],
      "activatingOnlyWhenExecuted": true,
      "updating": null,
      "withPredicate": null
    },
    {
      "id": "SLOWER_5",
      "execute": "SLOWER",
      "after": "1000",
      "priority": 0,
      "additionalGuards": null,
      "activationKind": null,
      "fixedVariables": {
        "Crash": "FALSE",
        "VehiclesAy": "{(EgoVehicle↦-1.0878296196460724),(Vehicles2↦1.0878296196460724),(Vehicles3↦1.0785075230523944),(Vehicles4↦1.0878296196460724),(Vehicles5↦-1.2332268059253693)}",
        "Reward": "0.733634299710001",
        "VehiclesAx": "{(EgoVehicle↦-0.04186868667602539),(Vehicles2↦-0.026693195104599),(Vehicles3↦0.36995910108089447),(Vehicles4↦0.28558090329170227),(Vehicles5↦-0.08389085531234741)}",
        "VehiclesVx": "{(EgoVehicle↦20.011286735534668),(Vehicles2↦1.5516088902950287),(Vehicles3↦0.4571281000971794),(Vehicles4↦-1.5442921221256256),(Vehicles5↦2.680877447128296)}",
        "VehiclesY": "{(EgoVehicle↦7.974965572357178),(Vehicles2↦0.025034230202436447),(Vehicles3↦-3.9751685857772827),(Vehicles4↦-7.974965572357178),(Vehicles5↦-7.974965572357178)}",
        "VehiclesVy": "{(EgoVehicle↦0.07269859313964844),(Vehicles2↦-0.07269859313964844),(Vehicles3↦-0.07210225332528353),(Vehicles4↦-0.07269859313964844),(Vehicles5↦-0.07269859313964844)}",
        "VehiclesX": "{(EgoVehicle↦200.0),(Vehicles2↦21.6613307595253),(Vehicles3↦38.83579969406128),(Vehicles4↦59.357476234436035),(Vehicles5↦103.21913957595825)}"
      },
      "probabilisticVariables": null,
      "activating": [
        "SLOWER_6"
      ],
      "activatingOnlyWhenExecuted": true,
      "updating": null,
      "withPredicate": null
    },
    {
      "id": "SLOWER_6",
      "execute": "SLOWER",
      "after": "1000",
      "priority": 0,
      "additionalGuards": null,
      "activationKind": null,
      "fixedVariables": {
        "Crash": "FALSE",
        "VehiclesAy": "{(EgoVehicle↦-0.06817577697802335),(Vehicles2↦0.06817577697802335),(Vehicles3↦0.06761434255167842),(Vehicles4↦0.06817577697802335),(Vehicles5↦-0.07722140930127352)}",
        "Reward": "0.7333734168517577",
        "VehiclesAx": "{(EgoVehicle↦-0.009784698486328125),(Vehicles2↦-0.030374526977539062),(Vehicles3↦0.16415704041719437),(Vehicles4↦0.30811354517936707),(Vehicles5↦-0.07589668035507202)}",
        "VehiclesVx": "{(EgoVehicle↦20.00150203704834),(Vehicles2↦1.5212343633174896),(Vehicles3↦0.6212851405143738),(Vehicles4↦-1.2361785769462585),(Vehicles5↦2.604980766773224)}",
        "VehiclesY": "{(EgoVehicle↦7.9984424114227295),(Vehicles2↦0.0015572322299703956),(Vehicles3↦-3.998454451560974),(Vehicles4↦-7.9984424114227295),(Vehicles5↦-7.9984424114227295)}",
        "VehiclesVy": "{(EgoVehicle↦0.004522816161625087),(Vehicles2↦-0.004522816161625087),(Vehicles3↦-0.004487910773605108),(Vehicles4↦-0.004522816161625087),(Vehicles5↦-0.004522816161625087)}",
        "VehiclesX": "{(EgoVehicle↦200.0),(Vehicles2↦23.200570046901703),(Vehicles3↦39.37011361122131),(Vehicles4↦57.9367458820343),(Vehicles5↦105.86867332458496)}"
      },
      "probabilisticVariables": null,
      "activating": [
        "SLOWER_7"
      ],
      "activatingOnlyWhenExecuted": true,
      "updating": null,
      "withPredicate": null
    },
    {
      "id": "SLOWER_7",
      "execute": "SLOWER",
      "after": "1000",
      "priority": 0,
      "additionalGuards": null,
      "activationKind": null,
      "fixedVariables": {
        "Crash": "FALSE",
        "VehiclesAy": "{(EgoVehicle↦-0.004241413098498015),(Vehicles2↦0.004241413098498015),(Vehicles3↦0.004208526534057455),(Vehicles4↦0.004241413098498015),(Vehicles5↦-0.00480421922475216)}",
        "Reward": "0.7333386135642811",
        "VehiclesAx": "{(EgoVehicle↦-0.0013041496276855469),(Vehicles2↦-0.022981315851211548),(Vehicles3↦0.061595141887664795),(Vehicles4↦0.2933919429779053),(Vehicles5↦-0.06065547466278076)}",
        "VehiclesVx": "{(EgoVehicle↦20.000197887420654),(Vehicles2↦1.498253047466278),(Vehicles3↦0.6828802824020386),(Vehicles4↦-0.9427866339683533),(Vehicles5↦2.544325292110443)}",
        "VehiclesY": "{(EgoVehicle↦7.999902963638306),(Vehicles2↦9.688730278867297E-05),(Vehicles3↦-3.999903917312622),(Vehicles4↦-7.999902963638306),(Vehicles5↦-7.999902963638306)}",
        "VehiclesVy": "{(EgoVehicle↦0.00028140306312707253),(Vehicles2↦-0.00028140306312707253),(Vehicles3↦-0.0002793842395476531),(Vehicles4↦-0.00028140306312707253),(Vehicles5↦-0.00028140306312707253)}",
        "VehiclesX": "{(EgoVehicle↦200.0),(Vehicles2↦24.71187859773636),(Vehicles3↦40.02157747745514),(Vehicles4↦56.81988000869751),(Vehicles5↦108.44814777374268)}"
      },
      "probabilisticVariables": null,
      "activating": [
        "SLOWER_8"
      ],
      "activatingOnlyWhenExecuted": true,
      "updating": null,
      "withPredicate": null
    },
    {
      "id": "SLOWER_8",
      "execute": "SLOWER",
      "after": "1000",
      "priority": 0,
      "additionalGuards": null,
      "activationKind": null,
      "fixedVariables": {
        "Crash": "FALSE",
        "VehiclesAy": "{(EgoVehicle↦-0.0002638942498833785),(Vehicles2↦0.0002638942498833785),(Vehicles3↦0.00026199173021268507),(Vehicles4↦0.0002638942498833785),(Vehicles5↦-0.00029891187637076655)}",
        "Reward": "0.7333340286791357",
        "VehiclesAx": "{(EgoVehicle↦-0.000171661376953125),(Vehicles2↦-0.0152607262134552),(Vehicles3↦0.011044144630432129),(Vehicles4↦0.2633008360862732),(Vehicles5↦-0.04776284098625183)}",
        "VehiclesVx": "{(EgoVehicle↦20.0000262260437),(Vehicles2↦1.4829923212528229),(Vehicles3↦0.6939244270324707),(Vehicles4↦-0.6794857978820801),(Vehicles5↦2.4965624511241913)}",
        "VehiclesY": "{(EgoVehicle↦7.999993801116943),(Vehicles2↦6.028286861692322E-06),(Vehicles3↦-3.9999940395355225),(Vehicles4↦-7.999993801116943),(Vehicles5↦-7.999993801116943)}",
        "VehiclesVy": "{(EgoVehicle↦1.750881324369402E-05),(Vehicles2↦-1.750881324369402E-05),(Vehicles3↦-1.7392509334968054E-05),(Vehicles4↦-1.750881324369402E-05),(Vehicles5↦-1.750881324369402E-05)}",
        "VehiclesX": "{(EgoVehicle↦200.0),(Vehicles2↦26.203536987304688),(Vehicles3↦40.71168005466461),(Vehicles4↦55.98515272140503),(Vehicles5↦110.97255945205688)}"
      },
      "probabilisticVariables": null,
      "activating": [
        "SLOWER_9"
      ],
      "activatingOnlyWhenExecuted": true,
      "updating": null,
      "withPredicate": null
    },
    {
      "id": "SLOWER_9",
      "execute": "SLOWER",
      "after": "1000",
      "priority": 0,
      "additionalGuards": null,
      "activationKind": null,
      "fixedVariables": {
        "Crash": "FALSE",
        "VehiclesAy": "{(EgoVehicle↦-1.641941736352237E-05),(Vehicles2↦1.6419417434576644E-05),(Vehicles3↦1.6309815578097187E-05),(Vehicles4↦1.6419417434576644E-05),(Vehicles5↦-1.85982090528114E-05)}",
        "Reward": "0.733333424901531",
        "VehiclesAx": "{(EgoVehicle↦-2.384185791015625E-05),(Vehicles2↦-0.010532587766647339),(Vehicles3↦-0.014713704586029053),(Vehicles4↦0.2282792329788208),(Vehicles5↦-0.03973871469497681)}",
        "VehiclesVx": "{(EgoVehicle↦20.00000238418579),(Vehicles2↦1.4724597334861755),(Vehicles3↦0.6792107224464417),(Vehicles4↦-0.4512065649032593),(Vehicles5↦2.4568237364292145)}",
        "VehiclesY": "{(EgoVehicle↦7.999999523162842),(Vehicles2↦3.7507903982714197E-07),(Vehicles3↦-3.999999761581421),(Vehicles4↦-7.999999523162842),(Vehicles5↦-7.999999523162842)}",
        "VehiclesVy": "{(EgoVehicle↦1.0893958801716508E-06),(Vehicles2↦-1.0893958091173772E-06),(Vehicles3↦-1.0826937568708672E-06),(Vehicles4↦-1.0893958091173772E-06),(Vehicles5↦-1.0893958091173772E-06)}",
        "VehiclesX": "{(EgoVehicle↦200.0),(Vehicles2↦27.68203914165497),(Vehicles3↦41.40115678310394),(Vehicles4↦55.399781465530396),(Vehicles5↦113.45274448394775)}"
      },
      "probabilisticVariables": null,
      "activating": [
        "SLOWER_10"
      ],
      "activatingOnlyWhenExecuted": true,
      "updating": null,
      "withPredicate": null
    },
    {
      "id": "SLOWER_10",
      "execute": "SLOWER",
      "after": "1000",
      "priority": 0,
      "additionalGuards": null,
      "activationKind": null,
      "fixedVariables": {
        "Crash": "FALSE",
        "VehiclesAy": "{(EgoVehicle↦-1.0216138157659316E-06),(Vehicles2↦1.021613744711658E-06),(Vehicles3↦1.0152988494382953E-06),(Vehicles4↦1.021613744711658E-06),(Vehicles5↦-1.1571778735230964E-06)}",
        "Reward": "0.7333333453916969",
        "VehiclesAx": "{(EgoVehicle↦-2.384185791015625E-06),(Vehicles2↦-0.007944852113723755),(Vehicles3↦-0.027922987937927246),(Vehicles4↦0.19468989223241806),(Vehicles5↦-0.035165101289749146)}",
        "VehiclesVx": "{(EgoVehicle↦20.0),(Vehicles2↦1.4645148813724518),(Vehicles3↦0.6512877345085144),(Vehicles4↦-0.2565166726708412),(Vehicles5↦2.4216586351394653)}",
        "VehiclesY": "{(EgoVehicle↦8.000000238418579),(Vehicles2↦2.3337372034859527E-08),(Vehicles3↦-4.0000001192092896),(Vehicles4↦-8.000000238418579),(Vehicles5↦-8.000000238418579)}",
        "VehiclesVy": "{(EgoVehicle↦6.778206440571921E-08),(Vehicles2↦-6.778206440571921E-08),(Vehicles3↦-6.739490743257193E-08),(Vehicles4↦-6.778206440571921E-08),(Vehicles5↦-6.778206440571921E-08)}",
        "VehiclesX": "{(EgoVehicle↦200.0),(Vehicles2↦29.151174426078796),(Vehicles3↦42.06993281841278),(Vehicles4↦55.028992891311646),(Vehicles5↦115.89523553848267)}"
      },
      "probabilisticVariables": null,
      "activating": [
        "SLOWER_11"
      ],
      "activatingOnlyWhenExecuted": true,
      "updating": null,
      "withPredicate": null
    },
    {
      "id": "SLOWER_11",
      "execute": "SLOWER",
      "after": "1000",
      "priority": 0,
      "additionalGuards": null,
      "activationKind": null,
      "fixedVariables": {
        "Crash": "FALSE",
        "VehiclesAy": "{(EgoVehicle↦-6.356467352475192E-08),(Vehicles2↦6.356466464296773E-08),(Vehicles3↦6.319995193848627E-08),(Vehicles4↦6.356466464296773E-08),(Vehicles5↦-7.19994641684707E-08)}",
        "Reward": "0.733333334921266",
        "VehiclesAx": "{(EgoVehicle↦0.0),(Vehicles2↦-0.0066408514976501465),(Vehicles3↦-0.0345814973115921),(Vehicles4↦0.16511118970811367),(Vehicles5↦-3.604649230837822)}",
        "VehiclesVx": "{(EgoVehicle↦20.0),(Vehicles2↦1.4578740298748016),(Vehicles3↦0.6167062371969223),(Vehicles4↦-0.09140548296272755),(Vehicles5↦-1.1829905956983566)}",
        "VehiclesY": "{(EgoVehicle↦8.000000238418579),(Vehicles2↦1.452046483052527E-09),(Vehicles3↦-4.0000001192092896),(Vehicles4↦-8.000000238418579),(Vehicles5↦-4.0000001192092896)}",
        "VehiclesVy": "{(EgoVehicle↦4.217390880967287E-09),(Vehicles2↦-4.217399762751484E-09),(Vehicles3↦-4.1949554940856615E-09),(Vehicles4↦-4.217399762751484E-09),(Vehicles5↦-4.217399762751484E-09)}",
        "VehiclesX": "{(EgoVehicle↦200.0),(Vehicles2↦30.612966418266296),(Vehicles3↦42.70774722099304),(Vehicles4↦54.840707778930664),(Vehicles5↦118.0493950843811)}"
      },
      "probabilisticVariables": null,
      "activating": [
        "SLOWER_12"
      ],
      "activatingOnlyWhenExecuted": true,
      "updating": null,
      "withPredicate": null
    },
    {
      "id": "SLOWER_12",
      "execute": "SLOWER",
      "after": "1000",
      "priority": 0,
      "additionalGuards": null,
      "activationKind": null,
      "fixedVariables": {
        "Crash": "FALSE",
        "VehiclesAy": "{(EgoVehicle↦-3.954987448651082E-09),(Vehicles2↦3.954996330435279E-09),(Vehicles3↦3.933857684046416E-09),(Vehicles4↦3.954996330435279E-09),(Vehicles5↦-4.479803195067689E-09)}",
        "Reward": "0.7333333335424438",
        "VehiclesAx": "{(EgoVehicle↦0.0),(Vehicles2↦-0.0060814619064331055),(Vehicles3↦-0.03765340894460678),(Vehicles4↦0.14012161176651716),(Vehicles5↦0.20077109336853027)}",
        "VehiclesVx": "{(EgoVehicle↦20.0),(Vehicles2↦1.4517925679683685),(Vehicles3↦0.5790528282523155),(Vehicles4↦0.048716128803789616),(Vehicles5↦-0.9822195023298264)}",
        "VehiclesY": "{(EgoVehicle↦8.000000238418579),(Vehicles2↦9.034639703031644E-11),(Vehicles3↦-4.0000001192092896),(Vehicles4↦-8.000000238418579),(Vehicles5↦-4.0000001192092896)}",
        "VehiclesVy": "{(EgoVehicle↦2.62403432316205E-10),(Vehicles2↦-2.62403432316205E-10),(Vehicles3↦-2.610978100392458E-10),(Vehicles4↦-2.62403432316205E-10),(Vehicles5↦-2.62403432316205E-10)}",
        "VehiclesX": "{(EgoVehicle↦200.0),(Vehicles2↦32.06838369369507),(Vehicles3↦43.309539556503296),(Vehicles4↦54.80716824531555),(Vehicles5↦116.94997549057007)}"
      },
      "probabilisticVariables": null,
      "activating": [
        "SLOWER_13"
      ],
      "activatingOnlyWhenExecuted": true,
      "updating": null,
      "withPredicate": null
    },
    {
      "id": "SLOWER_13",
      "execute": "SLOWER",
      "after": "1000",
      "priority": 0,
      "additionalGuards": null,
      "activationKind": null,
      "fixedVariables": {
        "Crash": "FALSE",
        "VehiclesAy": "{(EgoVehicle↦-2.460787129621167E-10),(Vehicles2↦2.460787129621167E-10),(Vehicles3↦2.448530267429305E-10),(Vehicles4↦2.460787129621167E-10),(Vehicles5↦-2.787281516702933E-10)}",
        "Reward": "0.7333333333608705",
        "VehiclesAx": "{(EgoVehicle↦0.0),(Vehicles2↦-0.005948245525360107),(Vehicles3↦-0.03861531615257263),(Vehicles4↦0.1194175286218524),(Vehicles5↦0.1643466204404831)}",
        "VehiclesVx": "{(EgoVehicle↦20.0),(Vehicles2↦1.4458443224430084),(Vehicles3↦0.5404375120997429),(Vehicles4↦0.168133657425642),(Vehicles5↦-0.8178728818893433)}",
        "VehiclesY": "{(EgoVehicle↦8.000000238418579),(Vehicles2↦5.622169396701793E-12),(Vehicles3↦-4.0000001192092896),(Vehicles4↦-8.000000238418579),(Vehicles5↦-4.0000001192092896)}",
        "VehiclesVy": "{(EgoVehicle↦1.6324719354088302E-11),(Vehicles2↦-1.6324719354088302E-11),(Vehicles3↦-1.624478329631529E-11),(Vehicles4↦-1.6324719354088302E-11),(Vehicles5↦-1.6324719354088302E-11)}",
        "VehiclesX": "{(EgoVehicle↦200.0),(Vehicles2↦33.51779580116272),(Vehicles3↦43.87316107749939),(Vehicles4↦54.905152320861816),(Vehicles5↦116.03606939315796)}"
      },
      "probabilisticVariables": null,
      "activating": [
        "SLOWER_14"
      ],
      "activatingOnlyWhenExecuted": true,
      "updating": null,
      "withPredicate": null
    },
    {
      "id": "SLOWER_14",
      "execute": "SLOWER",
      "after": "1000",
      "priority": 0,
      "additionalGuards": null,
      "activationKind": null,
      "fixedVariables": {
        "Crash": "FALSE",
        "VehiclesAy": "{(EgoVehicle↦-1.531219595563016E-11),(Vehicles2↦1.531219595563016E-11),(Vehicles3↦1.5232259897857148E-11),(Vehicles4↦1.531219595563016E-11),(Vehicles5↦-1.7337242752546445E-11)}",
        "Reward": "0.7333333333369597",
        "VehiclesAx": "{(EgoVehicle↦0.0),(Vehicles2↦-0.0060558319091796875),(Vehicles3↦-0.03823310136795044),(Vehicles4↦0.10238649323582649),(Vehicles5↦0.13572923839092255)}",
        "VehiclesVx": "{(EgoVehicle↦20.0),(Vehicles2↦1.4397884905338287),(Vehicles3↦0.5022044107317924),(Vehicles4↦0.2705201506614685),(Vehicles5↦-0.6821436434984207)}",
        "VehiclesY": "{(EgoVehicle↦8.000000238418579),(Vehicles2↦3.490541189421492E-13),(Vehicles3↦-4.0000001192092896),(Vehicles4↦-8.000000238418579),(Vehicles5↦-4.0000001192092896)}",
        "VehiclesVy": "{(EgoVehicle↦1.0125233984581428E-12),(Vehicles2↦-1.0125233984581428E-12),(Vehicles3↦-1.0125233984581428E-12),(Vehicles4↦-1.0125233984581428E-12),(Vehicles5↦-1.0125233984581428E-12)}",
        "VehiclesX": "{(EgoVehicle↦200.0),(Vehicles2↦34.96123254299164),(Vehicles3↦44.398233294487),(Vehicles4↦55.11547327041626),(Vehicles5↦115.27451276779175)}"
      },
      "probabilisticVariables": null,
      "activating": [
        "SLOWER_15"
      ],
      "activatingOnlyWhenExecuted": true,
      "updating": null,
      "withPredicate": null
    },
    {
      "id": "SLOWER_15",
      "execute": "SLOWER",
      "after": "1000",
      "priority": 0,
      "additionalGuards": null,
      "activationKind": null,
      "fixedVariables": {
        "Crash": "FALSE",
        "VehiclesAy": "{(EgoVehicle↦-9.414691248821327E-13),(Vehicles2↦9.414691248821327E-13),(Vehicles3↦9.414691248821327E-13),(Vehicles4↦9.414691248821327E-13),(Vehicles5↦-1.0835776720341528E-12)}",
        "Reward": "0.7333333333338109",
        "VehiclesAx": "{(EgoVehicle↦0.0),(Vehicles2↦-0.006294548511505127),(Vehicles3↦-0.0369398295879364),(Vehicles4↦0.08837312459945679),(Vehicles5↦0.11337492614984512)}",
        "VehiclesVx": "{(EgoVehicle↦20.0),(Vehicles2↦1.4334939420223236),(Vehicles3↦0.46526458114385605),(Vehicles4↦0.3588932752609253),(Vehicles5↦-0.5687687173485756)}",
        "VehiclesY": "{(EgoVehicle↦8.000000238418579),(Vehicles2↦2.398081733190338E-14),(Vehicles3↦-4.0000001192092896),(Vehicles4↦-8.000000238418579),(Vehicles5↦-4.0000001192092896)}",
        "VehiclesVy": "{(EgoVehicle↦7.105427357601002E-14),(Vehicles2↦-7.105427357601002E-14),(Vehicles3↦-7.105427357601002E-14),(Vehicles4↦-7.105427357601002E-14),(Vehicles5↦-7.105427357601002E-14)}",
        "VehiclesX": "{(EgoVehicle↦200.0),(Vehicles2↦36.39852702617645),(Vehicles3↦44.88552808761597),(Vehicles4↦55.42235970497131),(Vehicles5↦114.63929414749146)}"
      },
      "probabilisticVariables": null,
      "activating": [
        "SLOWER_16"
      ],
      "activatingOnlyWhenExecuted": true,
      "updating": null,
      "withPredicate": null
    },
    {
      "id": "SLOWER_16",
      "execute": "SLOWER",
      "after": "1000",
      "priority": 0,
      "additionalGuards": null,
      "activationKind": null,
      "fixedVariables": {
        "Crash": "FALSE",
        "VehiclesAy": "{(EgoVehicle↦-7.105427357601002E-14),(Vehicles2↦7.105427357601002E-14),(Vehicles3↦7.105427357601002E-14),(Vehicles4↦7.105427357601002E-14),(Vehicles5↦-7.105427357601002E-14)}",
        "Reward": "0.7333333333333963",
        "VehiclesAx": "{(EgoVehicle↦0.0),(Vehicles2↦-0.006600022315979004),(Vehicles3↦-0.0350528210401535),(Vehicles4↦0.0766979530453682),(Vehicles5↦0.09328927844762802)}",
        "VehiclesVx": "{(EgoVehicle↦20.0),(Vehicles2↦1.4268939197063446),(Vehicles3↦0.43021176010370255),(Vehicles4↦0.4355912283062935),(Vehicles5↦-0.47547943890094757)}",
        "VehiclesY": "{(EgoVehicle↦8.000000238418579),(Vehicles2↦2.6645352591003757E-15),(Vehicles3↦-4.0000001192092896),(Vehicles4↦-8.000000238418579),(Vehicles5↦-4.0000001192092896)}",
        "VehiclesVy": "{(EgoVehicle↦0.0),(Vehicles2↦0.0),(Vehicles3↦0.0),(Vehicles4↦0.0),(Vehicles5↦0.0)}",
        "VehiclesX": "{(EgoVehicle↦200.0),(Vehicles2↦37.829408049583435),(Vehicles3↦45.336613059043884),(Vehicles4↦55.81278204917908),(Vehicles5↦114.10982608795166)}"
      },
      "probabilisticVariables": null,
      "activating": [
        "SLOWER_17"
      ],
      "activatingOnlyWhenExecuted": true,
      "updating": null,
      "withPredicate": null
    },
    {
      "id": "SLOWER_17",
      "execute": "SLOWER",
      "after": "1000",
      "priority": 0,
      "additionalGuards": null,
      "activationKind": null,
      "fixedVariables": {
        "Crash": "FALSE",
        "VehiclesAy": "{(EgoVehicle↦0.0),(Vehicles2↦0.0),(Vehicles3↦0.0),(Vehicles4↦0.0),(Vehicles5↦0.0)}",
        "Reward": "0.7333333333333415",
        "VehiclesAx": "{(EgoVehicle↦0.0),(Vehicles2↦-0.006932765245437622),(Vehicles3↦-0.03376949578523636),(Vehicles4↦0.06912235170602798),(Vehicles5↦0.06350979208946228)}",
        "VehiclesVx": "{(EgoVehicle↦20.0),(Vehicles2↦1.419961154460907),(Vehicles3↦0.3964422643184662),(Vehicles4↦0.5047135800123215),(Vehicles5↦-0.4119696468114853)}",
        "VehiclesY": "{(EgoVehicle↦8.000000238418579),(Vehicles2↦0.0),(Vehicles3↦-4.0000001192092896),(Vehicles4↦-8.000000238418579),(Vehicles5↦-4.0000001192092896)}",
        "VehiclesVy": "{(EgoVehicle↦0.0),(Vehicles2↦0.0),(Vehicles3↦0.0),(Vehicles4↦0.0),(Vehicles5↦0.0)}",
        "VehiclesX": "{(EgoVehicle↦200.0),(Vehicles2↦39.2535537481308),(Vehicles3↦45.75328528881073),(Vehicles4↦56.2764048576355),(Vehicles5↦113.66225481033325)}"
      },
      "probabilisticVariables": null,
      "activating": [
        "SLOWER_18"
      ],
      "activatingOnlyWhenExecuted": true,
      "updating": null,
      "withPredicate": null
    },
    {
      "id": "SLOWER_18",
      "execute": "SLOWER",
      "after": "1000",
      "priority": 0,
      "additionalGuards": null,
      "activationKind": null,
      "fixedVariables": {
        "Crash": "FALSE",
        "VehiclesAy": "{(EgoVehicle↦0.0),(Vehicles2↦0.0),(Vehicles3↦0.0),(Vehicles4↦0.0),(Vehicles5↦0.0)}",
        "Reward": "0.7333333333333344",
        "VehiclesAx": "{(EgoVehicle↦0.0),(Vehicles2↦-0.007269382476806641),(Vehicles3↦-0.0341670960187912),(Vehicles4↦0.06530269980430603),(Vehicles5↦0.03544941544532776)}",
        "VehiclesVx": "{(EgoVehicle↦20.0),(Vehicles2↦1.4126917719841003),(Vehicles3↦0.362275168299675),(Vehicles4↦0.5700162798166275),(Vehicles5↦-0.37652023136615753)}",
        "VehiclesY": "{(EgoVehicle↦8.000000238418579),(Vehicles2↦0.0),(Vehicles3↦-4.0000001192092896),(Vehicles4↦-8.000000238418579),(Vehicles5↦-4.0000001192092896)}",
        "VehiclesVy": "{(EgoVehicle↦0.0),(Vehicles2↦0.0),(Vehicles3↦0.0),(Vehicles4↦0.0),(Vehicles5↦0.0)}",
        "VehiclesX": "{(EgoVehicle↦200.0),(Vehicles2↦40.67063331604004),(Vehicles3↦46.136146783828735),(Vehicles4↦56.80750012397766),(Vehicles5↦113.26639652252197)}"
      },
      "probabilisticVariables": null,
      "activating": [
        "SLOWER_19"
      ],
      "activatingOnlyWhenExecuted": true,
      "updating": null,
      "withPredicate": null
    },
    {
      "id": "SLOWER_19",
      "execute": "SLOWER",
      "after": "1000",
      "priority": 0,
      "additionalGuards": null,
      "activationKind": null,
      "fixedVariables": {
        "Crash": "FALSE",
        "VehiclesAy": "{(EgoVehicle↦0.0),(Vehicles2↦0.0),(Vehicles3↦0.0),(Vehicles4↦0.0),(Vehicles5↦0.0)}",
        "Reward": "0.7333333333333334",
        "VehiclesAx": "{(EgoVehicle↦0.0),(Vehicles2↦-0.007594972848892212),(Vehicles3↦-0.03555569797754288),(Vehicles4↦0.062078237533569336),(Vehicles5↦0.015545003116130829)}",
        "VehiclesVx": "{(EgoVehicle↦20.0),(Vehicles2↦1.4050967991352081),(Vehicles3↦0.3267194703221321),(Vehicles4↦0.6320945173501968),(Vehicles5↦-0.3609752282500267)}",
        "VehiclesY": "{(EgoVehicle↦8.000000238418579),(Vehicles2↦0.0),(Vehicles3↦-4.0000001192092896),(Vehicles4↦-8.000000238418579),(Vehicles5↦-4.0000001192092896)}",
        "VehiclesVy": "{(EgoVehicle↦0.0),(Vehicles2↦0.0),(Vehicles3↦0.0),(Vehicles4↦0.0),(Vehicles5↦0.0)}",
        "VehiclesX": "{(EgoVehicle↦200.0),(Vehicles2↦42.080312967300415),(Vehicles3↦46.48432433605194),(Vehicles4↦57.402610778808594),(Vehicles5↦112.89736032485962)}"
      },
      "probabilisticVariables": null,
      "activating": [
        "SLOWER_20"
      ],
      "activatingOnlyWhenExecuted": true,
      "updating": null,
      "withPredicate": null
    },
    {
      "id": "SLOWER_20",
      "execute": "SLOWER",
      "after": "1000",
      "priority": 0,
      "additionalGuards": null,
      "activationKind": null,
      "fixedVariables": {
        "Crash": "FALSE",
        "VehiclesAy": "{(EgoVehicle↦0.0),(Vehicles2↦0.0),(Vehicles3↦0.0),(Vehicles4↦0.0),(Vehicles5↦0.0)}",
        "Reward": "0.7333333333333334",
        "VehiclesAx": "{(EgoVehicle↦0.0),(Vehicles2↦-0.007900744676589966),(Vehicles3↦-0.03705505281686783),(Vehicles4↦0.05853407084941864),(Vehicles5↦0.0033481046557426453)}",
        "VehiclesVx": "{(EgoVehicle↦20.0),(Vehicles2↦1.3971960544586182),(Vehicles3↦0.2896644175052643),(Vehicles4↦0.6906285881996155),(Vehicles5↦-0.35762712359428406)}",
        "VehiclesY": "{(EgoVehicle↦8.000000238418579),(Vehicles2↦0.0),(Vehicles3↦-4.0000001192092896),(Vehicles4↦-8.000000238418579),(Vehicles5↦-4.0000001192092896)}",
        "VehiclesVy": "{(EgoVehicle↦0.0),(Vehicles2↦0.0),(Vehicles3↦0.0),(Vehicles4↦0.0),(Vehicles5↦0.0)}",
        "VehiclesX": "{(EgoVehicle↦200.0),(Vehicles2↦43.48227381706238),(Vehicles3↦46.7963308095932),(Vehicles4↦58.058422803878784),(Vehicles5↦112.53843307495117)}"
      },
      "probabilisticVariables": null,
      "activating": [
        "SLOWER_21"
      ],
      "activatingOnlyWhenExecuted": true,
      "updating": null,
      "withPredicate": null
    },
    {
      "id": "SLOWER_21",
      "execute": "SLOWER",
      "after": "1000",
      "priority": 0,
      "additionalGuards": null,
      "activationKind": null,
      "fixedVariables": {
        "Crash": "FALSE",
        "VehiclesAy": "{(EgoVehicle↦0.0),(Vehicles2↦0.0),(Vehicles3↦0.0),(Vehicles4↦0.0),(Vehicles5↦0.0)}",
        "Reward": "0.7333333333333334",
        "VehiclesAx": "{(EgoVehicle↦0.0),(Vehicles2↦-0.00818103551864624),(Vehicles3↦-0.03812946379184723),(Vehicles4↦0.05467452108860016),(Vehicles5↦-0.00314418226480484)}",
        "VehiclesVx": "{(EgoVehicle↦20.0),(Vehicles2↦1.389015018939972),(Vehicles3↦0.25153495371341705),(Vehicles4↦0.7453031092882156),(Vehicles5↦-0.3607713058590889)}",
        "VehiclesY": "{(EgoVehicle↦8.000000238418579),(Vehicles2↦0.0),(Vehicles3↦-4.0000001192092896),(Vehicles4↦-8.000000238418579),(Vehicles5↦-4.0000001192092896)}",
        "VehiclesVy": "{(EgoVehicle↦0.0),(Vehicles2↦0.0),(Vehicles3↦0.0),(Vehicles4↦0.0),(Vehicles5↦0.0)}",
        "VehiclesX": "{(EgoVehicle↦200.0),(Vehicles2↦44.87621784210205),(Vehicles3↦47.0708042383194),(Vehicles4↦58.77123475074768),(Vehicles5↦112.17989921569824)}"
      },
      "probabilisticVariables": null,
      "activating": [
        "SLOWER_22"
      ],
      "activatingOnlyWhenExecuted": true,
      "updating": null,
      "withPredicate": null
    },
    {
      "id": "SLOWER_22",
      "execute": "SLOWER",
      "after": "1000",
      "priority": 0,
      "additionalGuards": null,
      "activationKind": null,
      "fixedVariables": {
        "Crash": "FALSE",
        "VehiclesAy": "{(EgoVehicle↦0.0),(Vehicles2↦0.0),(Vehicles3↦0.0),(Vehicles4↦0.0),(Vehicles5↦0.0)}",
        "Reward": "0.7333333333333334",
        "VehiclesAx": "{(EgoVehicle↦0.0),(Vehicles2↦-0.00843241810798645),(Vehicles3↦-0.038563162088394165),(Vehicles4↦0.0507277250289917),(Vehicles5↦-0.0058517977595329285)}",
        "VehiclesVx": "{(EgoVehicle↦20.0),(Vehicles2↦1.3805826008319855),(Vehicles3↦0.2129717916250229),(Vehicles4↦0.7960308343172073),(Vehicles5↦-0.3666231036186218)}",
        "VehiclesY": "{(EgoVehicle↦8.000000238418579),(Vehicles2↦0.0),(Vehicles3↦-4.0000001192092896),(Vehicles4↦-8.000000238418579),(Vehicles5↦-4.0000001192092896)}",
        "VehiclesVy": "{(EgoVehicle↦0.0),(Vehicles2↦0.0),(Vehicles3↦0.0),(Vehicles4↦0.0),(Vehicles5↦0.0)}",
        "VehiclesX": "{(EgoVehicle↦200.0),(Vehicles2↦46.26187980175018),(Vehicles3↦47.30692207813263),(Vehicles4↦59.537142515182495),(Vehicles5↦111.8168830871582)}"
      },
      "probabilisticVariables": null,
      "activating": [
        "SLOWER_23"
      ],
      "activatingOnlyWhenExecuted": true,
      "updating": null,
      "withPredicate": null
    },
    {
      "id": "SLOWER_23",
      "execute": "SLOWER",
      "after": "1000",
      "priority": 0,
      "additionalGuards": null,
      "activationKind": null,
      "fixedVariables": {
        "Crash": "FALSE",
        "VehiclesAy": "{(EgoVehicle↦0.0),(Vehicles2↦0.0),(Vehicles3↦0.0),(Vehicles4↦0.0),(Vehicles5↦0.0)}",
        "Reward": "0.7333333333333334",
        "VehiclesAx": "{(EgoVehicle↦0.0),(Vehicles2↦-1.2059460021555424),(Vehicles3↦1.1589580029249191),(Vehicles4↦0.046900734305381775),(Vehicles5↦-0.006217360496520996)}",
        "VehiclesVx": "{(EgoVehicle↦20.0),(Vehicles2↦0.1746365986764431),(Vehicles3↦1.371929794549942),(Vehicles4↦0.8429315686225891),(Vehicles5↦-0.3728404641151428)}",
        "VehiclesY": "{(EgoVehicle↦8.000000238418579),(Vehicles2↦-4.0000001192092896),(Vehicles3↦0.0),(Vehicles4↦-8.000000238418579),(Vehicles5↦-4.0000001192092896)}",
        "VehiclesVy": "{(EgoVehicle↦0.0),(Vehicles2↦0.0),(Vehicles3↦0.0),(Vehicles4↦0.0),(Vehicles5↦0.0)}",
        "VehiclesX": "{(EgoVehicle↦200.0),(Vehicles2↦47.50451743602753),(Vehicles3↦47.639018297195435),(Vehicles4↦60.352230072021484),(Vehicles5↦111.44773960113525)}"
      },
      "probabilisticVariables": null,
      "activating": [
        "SLOWER_24"
      ],
      "activatingOnlyWhenExecuted": true,
      "updating": null,
      "withPredicate": null
    },
    {
      "id": "SLOWER_24",
      "execute": "SLOWER",
      "after": "1000",
      "priority": 0,
      "additionalGuards": null,
      "activationKind": null,
      "fixedVariables": {
        "Crash": "FALSE",
        "VehiclesAy": "{(EgoVehicle↦0.0),(Vehicles2↦0.0),(Vehicles3↦0.0),(Vehicles4↦0.0),(Vehicles5↦0.0)}",
        "Reward": "0.7333333333333334",
        "VehiclesAx": "{(EgoVehicle↦0.0),(Vehicles2↦-0.03751722164452076),(Vehicles3↦-0.00884130597114563),(Vehicles4↦0.0433214008808136),(Vehicles5↦-0.005217157304286957)}",
        "VehiclesVx": "{(EgoVehicle↦20.0),(Vehicles2↦0.13711937703192234),(Vehicles3↦1.3630884885787964),(Vehicles4↦0.8862529695034027),(Vehicles5↦-0.3780576214194298)}",
        "VehiclesY": "{(EgoVehicle↦8.000000238418579),(Vehicles2↦-4.0000001192092896),(Vehicles3↦0.0),(Vehicles4↦-8.000000238418579),(Vehicles5↦-4.0000001192092896)}",
        "VehiclesVy": "{(EgoVehicle↦0.0),(Vehicles2↦0.0),(Vehicles3↦0.0),(Vehicles4↦0.0),(Vehicles5↦0.0)}",
        "VehiclesX": "{(EgoVehicle↦200.0),(Vehicles2↦47.664061188697815),(Vehicles3↦49.00742471218109),(Vehicles4↦61.21276617050171),(Vehicles5↦111.07269525527954)}"
      },
      "probabilisticVariables": null,
      "activating": [
        "SLOWER_25"
      ],
      "activatingOnlyWhenExecuted": true,
      "updating": null,
      "withPredicate": null
    },
    {
      "id": "SLOWER_25",
      "execute": "SLOWER",
      "after": "1000",
      "priority": 0,
      "additionalGuards": null,
      "activationKind": null,
      "fixedVariables": {
        "Crash": "FALSE",
        "VehiclesAy": "{(EgoVehicle↦0.0),(Vehicles2↦0.0),(Vehicles3↦0.0),(Vehicles4↦0.0),(Vehicles5↦0.0)}",
        "Reward": "0.7333333333333334",
        "VehiclesAx": "{(EgoVehicle↦0.0),(Vehicles2↦-0.03621174953877926),(Vehicles3↦-0.008997619152069092),(Vehicles4↦0.04004672169685364),(Vehicles5↦-0.003474093973636627)}",
        "VehiclesVx": "{(EgoVehicle↦20.0),(Vehicles2↦0.10090762749314308),(Vehicles3↦1.3540908694267273),(Vehicles4↦0.9262996912002563),(Vehicles5↦-0.3815317153930664)}",
        "VehiclesY": "{(EgoVehicle↦8.000000238418579),(Vehicles2↦-4.0000001192092896),(Vehicles3↦0.0),(Vehicles4↦-8.000000238418579),(Vehicles5↦-4.0000001192092896)}",
        "VehiclesVy": "{(EgoVehicle↦0.0),(Vehicles2↦0.0),(Vehicles3↦0.0),(Vehicles4↦0.0),(Vehicles5↦0.0)}",
        "VehiclesX": "{(EgoVehicle↦200.0),(Vehicles2↦47.78657257556915),(Vehicles3↦50.366926193237305),(Vehicles4↦62.11528778076172),(Vehicles5↦110.69309711456299)}"
      },
      "probabilisticVariables": null,
      "activating": [
        "SLOWER_26"
      ],
      "activatingOnlyWhenExecuted": true,
      "updating": null,
      "withPredicate": null
    },
    {
      "id": "SLOWER_26",
      "execute": "SLOWER",
      "after": "1000",
      "priority": 0,
      "additionalGuards": null,
      "activationKind": null,
      "fixedVariables": {
        "Crash": "FALSE",
        "VehiclesAy": "{(EgoVehicle↦0.0),(Vehicles2↦0.0),(Vehicles3↦0.0),(Vehicles4↦0.0),(Vehicles5↦0.0)}",
        "Reward": "0.7333333333333334",
        "VehiclesAx": "{(EgoVehicle↦0.0),(Vehicles2↦-0.03452135715633631),(Vehicles3↦-0.009121894836425781),(Vehicles4↦0.03708638250827789),(Vehicles5↦-0.0013703107833862305)}",
        "VehiclesVx": "{(EgoVehicle↦20.0),(Vehicles2↦0.06638627033680677),(Vehicles3↦1.3449689745903015),(Vehicles4↦0.9633860737085342),(Vehicles5↦-0.38290202617645264)}",
        "VehiclesY": "{(EgoVehicle↦8.000000238418579),(Vehicles2↦-4.0000001192092896),(Vehicles3↦0.0),(Vehicles4↦-8.000000238418579),(Vehicles5↦-4.0000001192092896)}",
        "VehiclesVy": "{(EgoVehicle↦0.0),(Vehicles2↦0.0),(Vehicles3↦0.0),(Vehicles4↦0.0),(Vehicles5↦0.0)}",
        "VehiclesX": "{(EgoVehicle↦200.0),(Vehicles2↦47.87352383136749),(Vehicles3↦51.717376708984375),(Vehicles4↦63.05664777755737),(Vehicles5↦110.31084060668945)}"
      },
      "probabilisticVariables": null,
      "activating": [
        "SLOWER_27"
      ],
      "activatingOnlyWhenExecuted": true,
      "updating": null,
      "withPredicate": null
    },
    {
      "id": "SLOWER_27",
      "execute": "SLOWER",
      "after": "1000",
      "priority": 0,
      "additionalGuards": null,
      "activationKind": null,
      "fixedVariables": {
        "Crash": "FALSE",
        "VehiclesAy": "{(EgoVehicle↦0.0),(Vehicles2↦0.0),(Vehicles3↦0.0),(Vehicles4↦0.0),(Vehicles5↦0.0)}",
        "Reward": "0.7333333333333334",
        "VehiclesAx": "{(EgoVehicle↦0.0),(Vehicles2↦-0.03253635484725237),(Vehicles3↦-0.009214282035827637),(Vehicles4↦0.034422799944877625),(Vehicles5↦0.000865645706653595)}",
        "VehiclesVx": "{(EgoVehicle↦20.0),(Vehicles2↦0.033849915489554405),(Vehicles3↦1.3357546925544739),(Vehicles4↦0.9978088736534119),(Vehicles5↦-0.38203638046979904)}",
        "VehiclesY": "{(EgoVehicle↦8.000000238418579),(Vehicles2↦-4.0000001192092896),(Vehicles3↦0.0),(Vehicles4↦-8.000000238418579),(Vehicles5↦-4.0000001192092896)}",
        "VehiclesVy": "{(EgoVehicle↦0.0),(Vehicles2↦0.0),(Vehicles3↦0.0),(Vehicles4↦0.0),(Vehicles5↦0.0)}",
        "VehiclesX": "{(EgoVehicle↦200.0),(Vehicles2↦47.926726937294006),(Vehicles3↦53.05866599082947),(Vehicles4↦64.03400301933289),(Vehicles5↦109.92809534072876)}"
      },
      "probabilisticVariables": null,
      "activating": [
        "SLOWER_28"
      ],
      "activatingOnlyWhenExecuted": true,
      "updating": null,
      "withPredicate": null
    },
    {
      "id": "SLOWER_28",
      "execute": "SLOWER",
      "after": "1000",
      "priority": 0,
      "additionalGuards": null,
      "activationKind": null,
      "fixedVariables": {
        "Crash": "FALSE",
        "VehiclesAy": "{(EgoVehicle↦0.0),(Vehicles2↦0.0),(Vehicles3↦0.0),(Vehicles4↦0.0),(Vehicles5↦0.0)}",
        "Reward": "0.7333333333333334",
        "VehiclesAx": "{(EgoVehicle↦0.0),(Vehicles2↦-0.030332263559103012),(Vehicles3↦-0.00927552580833435),(Vehicles4↦0.032027214765548706),(Vehicles5↦0.0031000375747680664)}",
        "VehiclesVx": "{(EgoVehicle↦20.0),(Vehicles2↦0.003517651930451393),(Vehicles3↦1.3264791667461395),(Vehicles4↦1.0298360884189606),(Vehicles5↦-0.378936342895031)}",
        "VehiclesY": "{(EgoVehicle↦8.000000238418579),(Vehicles2↦-4.0000001192092896),(Vehicles3↦0.0),(Vehicles4↦-8.000000238418579),(Vehicles5↦-4.0000001192092896)}",
        "VehiclesVy": "{(EgoVehicle↦0.0),(Vehicles2↦0.0),(Vehicles3↦0.0),(Vehicles4↦0.0),(Vehicles5↦0.0)}",
        "VehiclesX": "{(EgoVehicle↦200.0),(Vehicles2↦47.948262095451355),(Vehicles3↦54.390716552734375),(Vehicles4↦65.04480242729187),(Vehicles5↦109.54712629318237)}"
      },
      "probabilisticVariables": null,
      "activating": [
        "SLOWER_29"
      ],
      "activatingOnlyWhenExecuted": true,
      "updating": null,
      "withPredicate": null
    },
    {
      "id": "SLOWER_29",
      "execute": "SLOWER",
      "after": "1000",
      "priority": 0,
      "additionalGuards": null,
      "activationKind": null,
      "fixedVariables": {
        "Crash": "FALSE",
        "VehiclesAy": "{(EgoVehicle↦0.0),(Vehicles2↦0.0),(Vehicles3↦0.0),(Vehicles4↦0.0),(Vehicles5↦0.0)}",
        "Reward": "0.7333333333333334",
        "VehiclesAx": "{(EgoVehicle↦0.0),(Vehicles2↦-0.027971151284873486),(Vehicles3↦-0.009306669235229492),(Vehicles4↦0.02986699342727661),(Vehicles5↦0.00525549054145813)}",
        "VehiclesVx": "{(EgoVehicle↦20.0),(Vehicles2↦-0.024453499354422092),(Vehicles3↦1.31717249751091),(Vehicles4↦1.0597030818462372),(Vehicles5↦-0.37368085235357285)}",
        "VehiclesY": "{(EgoVehicle↦8.000000238418579),(Vehicles2↦-4.0000001192092896),(Vehicles3↦0.0),(Vehicles4↦-8.000000238418579),(Vehicles5↦-4.0000001192092896)}",
        "VehiclesVy": "{(EgoVehicle↦0.0),(Vehicles2↦0.0),(Vehicles3↦0.0),(Vehicles4↦0.0),(Vehicles5↦0.0)}",
        "VehiclesX": "{(EgoVehicle↦200.0),(Vehicles2↦47.94039726257324),(Vehicles3↦55.71346879005432),(Vehicles4↦66.08675122261047),(Vehicles5↦109.17012691497803)}"
      },
      "probabilisticVariables": null,
      "activating": [
        "SLOWER_30"
      ],
      "activatingOnlyWhenExecuted": true,
      "updating": null,
      "withPredicate": null
    },
    {
      "id": "SLOWER_30",
      "execute": "SLOWER",
      "after": "1000",
      "priority": 0,
      "additionalGuards": null,
      "activationKind": null,
      "fixedVariables": {
        "Crash": "FALSE",
        "VehiclesAy": "{(EgoVehicle↦0.0),(Vehicles2↦0.0),(Vehicles3↦0.0),(Vehicles4↦0.0),(Vehicles5↦0.0)}",
        "Reward": "0.7333333333333334",
        "VehiclesAx": "{(EgoVehicle↦0.0),(Vehicles2↦-0.025504259392619133),(Vehicles3↦-0.009308308362960815),(Vehicles4↦0.027911514043807983),(Vehicles5↦0.007288157939910889)}",
        "VehiclesVx": "{(EgoVehicle↦20.0),(Vehicles2↦-0.049957758747041225),(Vehicles3↦1.3078641891479492),(Vehicles4↦1.0876145958900452),(Vehicles5↦-0.36639269441366196)}",
        "VehiclesY": "{(EgoVehicle↦8.000000238418579),(Vehicles2↦-4.0000001192092896),(Vehicles3↦0.0),(Vehicles4↦-8.000000238418579),(Vehicles5↦-4.0000001192092896)}",
        "VehiclesVy": "{(EgoVehicle↦0.0),(Vehicles2↦0.0),(Vehicles3↦0.0),(Vehicles4↦0.0),(Vehicles5↦0.0)}",
        "VehiclesX": "{(EgoVehicle↦200.0),(Vehicles2↦47.905540466308594),(Vehicles3↦57.02691674232483),(Vehicles4↦67.15776920318604),(Vehicles5↦108.79920721054077)}"
      },
      "probabilisticVariables": null,
      "activating": [
        "SLOWER_31"
      ],
      "activatingOnlyWhenExecuted": true,
      "updating": null,
      "withPredicate": null
    },
    {
      "id": "SLOWER_31",
      "execute": "SLOWER",
      "after": "1000",
      "priority": 0,
      "additionalGuards": null,
      "activationKind": null,
      "fixedVariables": {
        "Crash": "FALSE",
        "VehiclesAy": "{(EgoVehicle↦0.0),(Vehicles2↦0.0),(Vehicles3↦0.0),(Vehicles4↦0.0),(Vehicles5↦0.0)}",
        "Reward": "0.7333333333333334",
        "VehiclesAx": "{(EgoVehicle↦0.0),(Vehicles2↦-0.022974484600126743),(Vehicles3↦-0.009281933307647705),(Vehicles4↦0.026132836937904358),(Vehicles5↦0.00917382538318634)}",
        "VehiclesVx": "{(EgoVehicle↦20.0),(Vehicles2↦-0.07293224334716797),(Vehicles3↦1.2985822558403015),(Vehicles4↦1.1137474328279495),(Vehicles5↦-0.3572188690304756)}",
        "VehiclesY": "{(EgoVehicle↦8.000000238418579),(Vehicles2↦-4.0000001192092896),(Vehicles3↦0.0),(Vehicles4↦-8.000000238418579),(Vehicles5↦-4.0000001192092896)}",
        "VehiclesVy": "{(EgoVehicle↦0.0),(Vehicles2↦0.0),(Vehicles3↦0.0),(Vehicles4↦0.0),(Vehicles5↦0.0)}",
        "VehiclesX": "{(EgoVehicle↦200.0),(Vehicles2↦47.8461891412735),(Vehicles3↦58.331066370010376),(Vehicles4↦68.25597286224365),(Vehicles5↦108.4363341331482)}"
      },
      "probabilisticVariables": null,
      "activating": [
        "SLOWER_32"
      ],
      "activatingOnlyWhenExecuted": true,
      "updating": null,
      "withPredicate": null
    },
    {
      "id": "SLOWER_32",
      "execute": "SLOWER",
      "after": "1000",
      "priority": 0,
      "additionalGuards": null,
      "activationKind": null,
      "fixedVariables": {
        "Crash": "FALSE",
        "VehiclesAy": "{(EgoVehicle↦0.0),(Vehicles2↦0.0),(Vehicles3↦0.0),(Vehicles4↦0.0),(Vehicles5↦0.0)}",
        "Reward": "0.7333333333333334",
        "VehiclesAx": "{(EgoVehicle↦0.0),(Vehicles2↦-0.02041829749941826),(Vehicles3↦-0.009228289127349854),(Vehicles4↦0.024507418274879456),(Vehicles5↦0.010900087654590607)}",
        "VehiclesVx": "{(EgoVehicle↦20.0),(Vehicles2↦-0.09335054084658623),(Vehicles3↦1.2893539667129517),(Vehicles4↦1.138254851102829),(Vehicles5↦-0.346318781375885)}",
        "VehiclesY": "{(EgoVehicle↦8.000000238418579),(Vehicles2↦-4.0000001192092896),(Vehicles3↦0.0),(Vehicles4↦-8.000000238418579),(Vehicles5↦-4.0000001192092896)}",
        "VehiclesVy": "{(EgoVehicle↦0.0),(Vehicles2↦0.0),(Vehicles3↦0.0),(Vehicles4↦0.0),(Vehicles5↦0.0)}",
        "VehiclesX": "{(EgoVehicle↦200.0),(Vehicles2↦47.76488542556763),(Vehicles3↦59.62595343589783),(Vehicles4↦69.3796455860138),(Vehicles5↦108.08334350585938)}"
      },
      "probabilisticVariables": null,
      "activating": [
        "SLOWER_33"
      ],
      "activatingOnlyWhenExecuted": true,
      "updating": null,
      "withPredicate": null
    },
    {
      "id": "SLOWER_33",
      "execute": "SLOWER",
      "after": "1000",
      "priority": 0,
      "additionalGuards": null,
      "activationKind": null,
      "fixedVariables": {
        "Crash": "FALSE",
        "VehiclesAy": "{(EgoVehicle↦0.0),(Vehicles2↦0.0),(Vehicles3↦0.0),(Vehicles4↦0.0),(Vehicles5↦0.0)}",
        "Reward": "0.7333333333333334",
        "VehiclesAx": "{(EgoVehicle↦0.0),(Vehicles2↦-0.01786705106496811),(Vehicles3↦-0.009149014949798584),(Vehicles4↦0.023015066981315613),(Vehicles5↦0.012462064623832703)}",
        "VehiclesVx": "{(EgoVehicle↦20.0),(Vehicles2↦-0.11121759191155434),(Vehicles3↦1.280204951763153),(Vehicles4↦1.1612699180841446),(Vehicles5↦-0.3338567167520523)}",
        "VehiclesY": "{(EgoVehicle↦8.000000238418579),(Vehicles2↦-4.0000001192092896),(Vehicles3↦0.0),(Vehicles4↦-8.000000238418579),(Vehicles5↦-4.0000001192092896)}",
        "VehiclesVy": "{(EgoVehicle↦0.0),(Vehicles2↦0.0),(Vehicles3↦0.0),(Vehicles4↦0.0),(Vehicles5↦0.0)}",
        "VehiclesX": "{(EgoVehicle↦200.0),(Vehicles2↦47.664183378219604),(Vehicles3↦60.91163754463196),(Vehicles4↦70.52721977233887),(Vehicles5↦107.74189233779907)}"
      },
      "probabilisticVariables": null,
      "activating": [
        "SLOWER_34"
      ],
      "activatingOnlyWhenExecuted": true,
      "updating": null,
      "withPredicate": null
    },
    {
      "id": "SLOWER_34",
      "execute": "SLOWER",
      "after": "1000",
      "priority": 0,
      "additionalGuards": null,
      "activationKind": null,
      "fixedVariables": {
        "Crash": "FALSE",
        "VehiclesAy": "{(EgoVehicle↦0.0),(Vehicles2↦0.0),(Vehicles3↦0.0),(Vehicles4↦0.0),(Vehicles5↦0.0)}",
        "Reward": "0.7333333333333334",
        "VehiclesAx": "{(EgoVehicle↦0.0),(Vehicles2↦-0.015347786247730255),(Vehicles3↦-0.009045004844665527),(Vehicles4↦0.02163916826248169),(Vehicles5↦0.013859570026397705)}",
        "VehiclesVx": "{(EgoVehicle↦20.0),(Vehicles2↦-0.1265653781592846),(Vehicles3↦1.2711599469184875),(Vehicles4↦1.1829090863466263),(Vehicles5↦-0.3199971467256546)}",
        "VehiclesY": "{(EgoVehicle↦8.000000238418579),(Vehicles2↦-4.0000001192092896),(Vehicles3↦0.0),(Vehicles4↦-8.000000238418579),(Vehicles5↦-4.0000001192092896)}",
        "VehiclesVy": "{(EgoVehicle↦0.0),(Vehicles2↦0.0),(Vehicles3↦0.0),(Vehicles4↦0.0),(Vehicles5↦0.0)}",
        "VehiclesX": "{(EgoVehicle↦200.0),(Vehicles2↦47.54662811756134),(Vehicles3↦62.18822002410889),(Vehicles4↦71.69725298881531),(Vehicles5↦107.41347074508667)}"
      },
      "probabilisticVariables": null,
      "activating": [
        "SLOWER_35"
      ],
      "activatingOnlyWhenExecuted": true,
      "updating": null,
      "withPredicate": null
    },
    {
      "id": "SLOWER_35",
      "execute": "SLOWER",
      "after": "1000",
      "priority": 0,
      "additionalGuards": null,
      "activationKind": null,
      "fixedVariables": {
        "Crash": "FALSE",
        "VehiclesAy": "{(EgoVehicle↦0.0),(Vehicles2↦0.0),(Vehicles3↦0.0),(Vehicles4↦0.0),(Vehicles5↦0.0)}",
        "Reward": "0.7333333333333334",
        "VehiclesAx": "{(EgoVehicle↦0.0),(Vehicles2↦-0.012883730232715607),(Vehicles3↦-0.008917748928070068),(Vehicles4↦0.02036556601524353),(Vehicles5↦0.015095975250005722)}",
        "VehiclesVx": "{(EgoVehicle↦20.0),(Vehicles2↦-0.1394491083920002),(Vehicles3↦1.2622421979904175),(Vehicles4↦1.2032746523618698),(Vehicles5↦-0.3049011714756489)}",
        "VehiclesY": "{(EgoVehicle↦8.000000238418579),(Vehicles2↦-4.0000001192092896),(Vehicles3↦0.0),(Vehicles4↦-8.000000238418579),(Vehicles5↦-4.0000001192092896)}",
        "VehiclesVy": "{(EgoVehicle↦0.0),(Vehicles2↦0.0),(Vehicles3↦0.0),(Vehicles4↦0.0),(Vehicles5↦0.0)}",
        "VehiclesX": "{(EgoVehicle↦200.0),(Vehicles2↦47.414714097976685),(Vehicles3↦63.45580220222473),(Vehicles4↦72.88840413093567),(Vehicles5↦107.09942579269409)}"
      },
      "probabilisticVariables": null,
      "activating": [
        "SLOWER_36"
      ],
      "activatingOnlyWhenExecuted": true,
      "updating": null,
      "withPredicate": null
    },
    {
      "id": "SLOWER_36",
      "execute": "SLOWER",
      "after": "1000",
      "priority": 0,
      "additionalGuards": null,
      "activationKind": null,
      "fixedVariables": {
        "Crash": "FALSE",
        "VehiclesAy": "{(EgoVehicle↦0.0),(Vehicles2↦0.0),(Vehicles3↦0.0),(Vehicles4↦0.0),(Vehicles5↦0.0)}",
        "Reward": "0.7333333333333334",
        "VehiclesAx": "{(EgoVehicle↦0.0),(Vehicles2↦-0.010494571179151535),(Vehicles3↦-0.008768737316131592),(Vehicles4↦0.019182711839675903),(Vehicles5↦0.01617681235074997)}",
        "VehiclesVx": "{(EgoVehicle↦20.0),(Vehicles2↦-0.14994367957115173),(Vehicles3↦1.2534734606742859),(Vehicles4↦1.2224573642015457),(Vehicles5↦-0.2887243591248989)}",
        "VehiclesY": "{(EgoVehicle↦8.000000238418579),(Vehicles2↦-4.0000001192092896),(Vehicles3↦0.0),(Vehicles4↦-8.000000238418579),(Vehicles5↦-4.0000001192092896)}",
        "VehiclesVy": "{(EgoVehicle↦0.0),(Vehicles2↦0.0),(Vehicles3↦0.0),(Vehicles4↦0.0),(Vehicles5↦0.0)}",
        "VehiclesX": "{(EgoVehicle↦200.0),(Vehicles2↦47.27087914943695),(Vehicles3↦64.71452116966248),(Vehicles4↦74.09944534301758),(Vehicles5↦106.80091381072998)}"
      },
      "probabilisticVariables": null,
      "activating": [
        "SLOWER_37"
      ],
      "activatingOnlyWhenExecuted": true,
      "updating": null,
      "withPredicate": null
    },
    {
      "id": "SLOWER_37",
      "execute": "SLOWER",
      "after": "1000",
      "priority": 0,
      "additionalGuards": null,
      "activationKind": null,
      "fixedVariables": {
        "Crash": "FALSE",
        "VehiclesAy": "{(EgoVehicle↦0.0),(Vehicles2↦0.0),(Vehicles3↦0.0),(Vehicles4↦0.0),(Vehicles5↦0.0)}",
        "Reward": "0.7333333333333334",
        "VehiclesAx": "{(EgoVehicle↦0.0),(Vehicles2↦-0.008196625858545303),(Vehicles3↦-0.008599013090133667),(Vehicles4↦0.018080398440361023),(Vehicles5↦0.01710951328277588)}",
        "VehiclesVx": "{(EgoVehicle↦20.0),(Vehicles2↦-0.15814030542969704),(Vehicles3↦1.2448744475841522),(Vehicles4↦1.2405377626419067),(Vehicles5↦-0.27161484584212303)}",
        "VehiclesY": "{(EgoVehicle↦8.000000238418579),(Vehicles2↦-4.0000001192092896),(Vehicles3↦0.0),(Vehicles4↦-8.000000238418579),(Vehicles5↦-4.0000001192092896)}",
        "VehiclesVy": "{(EgoVehicle↦0.0),(Vehicles2↦0.0),(Vehicles3↦0.0),(Vehicles4↦0.0),(Vehicles5↦0.0)}",
        "VehiclesX": "{(EgoVehicle↦200.0),(Vehicles2↦47.11747765541077),(Vehicles3↦65.96454381942749),(Vehicles4↦75.32922029495239),(Vehicles5↦106.51895999908447)}"
      },
      "probabilisticVariables": null,
      "activating": [
        "SLOWER_38"
      ],
      "activatingOnlyWhenExecuted": true,
      "updating": null,
      "withPredicate": null
    },
    {
      "id": "SLOWER_38",
      "execute": "SLOWER",
      "after": "1000",
      "priority": 0,
      "additionalGuards": null,
      "activationKind": null,
      "fixedVariables": {
        "Crash": "FALSE",
        "VehiclesAy": "{(EgoVehicle↦0.0),(Vehicles2↦0.0),(Vehicles3↦0.0),(Vehicles4↦0.0),(Vehicles5↦0.0)}",
        "Reward": "0.7333333333333334",
        "VehiclesAx": "{(EgoVehicle↦0.0),(Vehicles2↦-0.0060030631721019745),(Vehicles3↦-0.008410215377807617),(Vehicles4↦0.017050504684448242),(Vehicles5↦0.01790262758731842)}",
        "VehiclesVx": "{(EgoVehicle↦20.0),(Vehicles2↦-0.164143368601799),(Vehicles3↦1.2364642322063446),(Vehicles4↦1.257588267326355),(Vehicles5↦-0.2537122182548046)}",
        "VehiclesY": "{(EgoVehicle↦8.000000238418579),(Vehicles2↦-4.0000001192092896),(Vehicles3↦0.0),(Vehicles4↦-8.000000238418579),(Vehicles5↦-4.0000001192092896)}",
        "VehiclesVy": "{(EgoVehicle↦0.0),(Vehicles2↦0.0),(Vehicles3↦0.0),(Vehicles4↦0.0),(Vehicles5↦0.0)}",
        "VehiclesX": "{(EgoVehicle↦200.0),(Vehicles2↦46.95676565170288),(Vehicles3↦67.20603704452515),(Vehicles4↦76.57665610313416),(Vehicles5↦106.25444650650024)}"
      },
      "probabilisticVariables": null,
      "activating": [
        "IDLE_39"
      ],
      "activatingOnlyWhenExecuted": true,
      "updating": null,
      "withPredicate": null
    },
    {
      "id": "IDLE_39",
      "execute": "IDLE",
      "after": "1000",
      "priority": 0,
      "additionalGuards": null,
      "activationKind": null,
      "fixedVariables": {
        "Crash": "FALSE",
        "VehiclesAy": "{(EgoVehicle↦0.0),(Vehicles2↦0.0),(Vehicles3↦0.0),(Vehicles4↦0.0),(Vehicles5↦0.0)}",
        "Reward": "0.7333333333333334",
        "VehiclesAx": "{(EgoVehicle↦0.0),(Vehicles2↦-0.00392397865653038),(Vehicles3↦-0.008203685283660889),(Vehicles4↦0.016085505485534668),(Vehicles5↦0.018565524369478226)}",
        "VehiclesVx": "{(EgoVehicle↦20.0),(Vehicles2↦-0.1680673472583294),(Vehicles3↦1.2282605469226837),(Vehicles4↦1.2736737728118896),(Vehicles5↦-0.23514669388532639)}",
        "VehiclesY": "{(EgoVehicle↦8.000000238418579),(Vehicles2↦-4.0000001192092896),(Vehicles3↦0.0),(Vehicles4↦-8.000000238418579),(Vehicles5↦-4.0000001192092896)}",
        "VehiclesVy": "{(EgoVehicle↦0.0),(Vehicles2↦0.0),(Vehicles3↦0.0),(Vehicles4↦0.0),(Vehicles5↦0.0)}",
        "VehiclesX": "{(EgoVehicle↦200.0),(Vehicles2↦46.790891885757446),(Vehicles3↦68.43920350074768),(Vehicles4↦77.84075140953064),(Vehicles5↦106.00811243057251)}"
      },
      "probabilisticVariables": null,
      "activating": [
        "FASTER_40"
      ],
      "activatingOnlyWhenExecuted": true,
      "updating": null,
      "withPredicate": null
    },
    {
      "id": "FASTER_40",
      "execute": "FASTER",
      "after": "1000",
      "priority": 0,
      "additionalGuards": null,
      "activationKind": null,
      "fixedVariables": {
        "Crash": "FALSE",
        "VehiclesAy": "{(EgoVehicle↦0.0),(Vehicles2↦0.0),(Vehicles3↦0.0),(Vehicles4↦0.0),(Vehicles5↦0.0)}",
        "Reward": "0.8491083676268861",
        "VehiclesAx": "{(EgoVehicle↦4.341564178466797),(Vehicles2↦-4.343530405312777),(Vehicles3↦-4.349544495344162),(Vehicles4↦-4.326384663581848),(Vehicles5↦-4.322455711662769)}",
        "VehiclesVx": "{(EgoVehicle↦24.341564178466797),(Vehicles2↦-4.511597752571106),(Vehicles3↦-3.1212839484214783),(Vehicles4↦-3.0527108907699585),(Vehicles5↦-4.557602405548096)}",
        "VehiclesY": "{(EgoVehicle↦8.000000238418579),(Vehicles2↦-4.0000001192092896),(Vehicles3↦0.0),(Vehicles4↦-8.000000238418579),(Vehicles5↦-4.0000001192092896)}",
        "VehiclesVy": "{(EgoVehicle↦0.0),(Vehicles2↦0.0),(Vehicles3↦0.0),(Vehicles4↦0.0),(Vehicles5↦0.0)}",
        "VehiclesX": "{(EgoVehicle↦200.0),(Vehicles2↦44.22682523727417),(Vehicles3↦67.26918816566467),(Vehicles4↦76.72550678253174),(Vehicles5↦103.38550806045532)}"
      },
      "probabilisticVariables": null,
      "activating": [
        "SLOWER_41"
      ],
      "activatingOnlyWhenExecuted": true,
      "updating": null,
      "withPredicate": null
    },
    {
      "id": "SLOWER_41",
      "execute": "SLOWER",
      "after": "1000",
      "priority": 0,
      "additionalGuards": null,
      "activationKind": null,
      "fixedVariables": {
        "Crash": "FALSE",
        "VehiclesAy": "{(EgoVehicle↦0.0),(Vehicles2↦0.0),(Vehicles3↦0.0),(Vehicles4↦0.0),(Vehicles5↦0.0)}",
        "Reward": "0.7485794283843362",
        "VehiclesAx": "{(EgoVehicle↦-3.76983642578125),(Vehicles2↦3.7696992605924606),(Vehicles3↦3.7620922923088074),(Vehicles4↦3.7841618061065674),(Vehicles5↦3.7893754988908768)}",
        "VehiclesVx": "{(EgoVehicle↦20.571727752685547),(Vehicles2↦-0.7418984919786453),(Vehicles3↦0.6408083438873291),(Vehicles4↦0.7314509153366089),(Vehicles5↦-0.7682269066572189)}",
        "VehiclesY": "{(EgoVehicle↦8.000000238418579),(Vehicles2↦-4.0000001192092896),(Vehicles3↦0.0),(Vehicles4↦-8.000000238418579),(Vehicles5↦-4.0000001192092896)}",
        "VehiclesVy": "{(EgoVehicle↦0.0),(Vehicles2↦0.0),(Vehicles3↦0.0),(Vehicles4↦0.0),(Vehicles5↦0.0)}",
        "VehiclesX": "{(EgoVehicle↦200.0),(Vehicles2↦41.79469347000122),(Vehicles3↦66.22444987297058),(Vehicles4↦75.75825452804565),(Vehicles5↦100.91536045074463)}"
      },
      "probabilisticVariables": null,
      "activating": [
        "FASTER_42"
      ],
      "activatingOnlyWhenExecuted": true,
      "updating": null,
      "withPredicate": null
    },
    {
      "id": "FASTER_42",
      "execute": "FASTER",
      "after": "1000",
      "priority": 0,
      "additionalGuards": null,
      "activationKind": null,
      "fixedVariables": {
        "Crash": "FALSE",
        "VehiclesAy": "{(EgoVehicle↦0.0),(Vehicles2↦0.0),(Vehicles3↦0.0),(Vehicles4↦0.0),(Vehicles5↦0.0)}",
        "Reward": "0.8511160838475943",
        "VehiclesAx": "{(EgoVehicle↦3.8451242446899414),(Vehicles2↦-3.84355865418911),(Vehicles3↦-3.8526159524917603),(Vehicles4↦-3.8316023349761963),(Vehicles5↦-3.825252428650856)}",
        "VehiclesVx": "{(EgoVehicle↦24.41685199737549),(Vehicles2↦-4.585457146167755),(Vehicles3↦-3.211807608604431),(Vehicles4↦-3.1001514196395874),(Vehicles5↦-4.593479335308075)}",
        "VehiclesY": "{(EgoVehicle↦8.000000238418579),(Vehicles2↦-4.0000001192092896),(Vehicles3↦0.0),(Vehicles4↦-8.000000238418579),(Vehicles5↦-4.0000001192092896)}",
        "VehiclesVy": "{(EgoVehicle↦0.0),(Vehicles2↦0.0),(Vehicles3↦0.0),(Vehicles4↦0.0),(Vehicles5↦0.0)}",
        "VehiclesX": "{(EgoVehicle↦200.0),(Vehicles2↦38.93209397792816),(Vehicles3↦64.74104523658752),(Vehicles4↦74.37398433685303),(Vehicles5↦98.03385734558105)}"
      },
      "probabilisticVariables": null,
      "activating": [
        "SLOWER_43"
      ],
      "activatingOnlyWhenExecuted": true,
      "updating": null,
      "withPredicate": null
    },
    {
      "id": "SLOWER_43",
      "execute": "SLOWER",
      "after": "1000",
      "priority": 0,
      "additionalGuards": null,
      "activationKind": null,
      "fixedVariables": {
        "Crash": "FALSE",
        "VehiclesAy": "{(EgoVehicle↦0.0),(Vehicles2↦0.0),(Vehicles3↦0.0),(Vehicles4↦0.0),(Vehicles5↦0.0)}",
        "Reward": "0.7488438189977628",
        "VehiclesAx": "{(EgoVehicle↦-3.8352084159851074),(Vehicles2↦3.838348239660263),(Vehicles3↦3.827982358634472),(Vehicles4↦3.8479723781347275),(Vehicles5↦3.8553230464458466)}",
        "VehiclesVx": "{(EgoVehicle↦20.58164358139038),(Vehicles2↦-0.7471089065074921),(Vehicles3↦0.6161747500300407),(Vehicles4↦0.7478209584951401),(Vehicles5↦-0.7381562888622284)}",
        "VehiclesY": "{(EgoVehicle↦8.000000238418579),(Vehicles2↦-4.0000001192092896),(Vehicles3↦0.0),(Vehicles4↦-8.000000238418579),(Vehicles5↦-4.0000001192092896)}",
        "VehiclesVy": "{(EgoVehicle↦0.0),(Vehicles2↦0.0),(Vehicles3↦0.0),(Vehicles4↦0.0),(Vehicles5↦0.0)}",
        "VehiclesX": "{(EgoVehicle↦200.0),(Vehicles2↦36.46349906921387),(Vehicles3↦63.64205479621887),(Vehicles4↦73.3947217464447),(Vehicles5↦95.56413888931274)}"
      },
      "probabilisticVariables": null,
      "activating": [
        "FASTER_44"
      ],
      "activatingOnlyWhenExecuted": true,
      "updating": null,
      "withPredicate": null
    },
    {
      "id": "FASTER_44",
      "execute": "FASTER",
      "after": "1000",
      "priority": 0,
      "additionalGuards": null,
      "activationKind": null,
      "fixedVariables": {
        "Crash": "FALSE",
        "VehiclesAy": "{(EgoVehicle↦0.0),(Vehicles2↦0.0),(Vehicles3↦0.0),(Vehicles4↦0.0),(Vehicles5↦0.0)}",
        "Reward": "0.8511509007184982",
        "VehiclesAx": "{(EgoVehicle↦3.836514949798584),(Vehicles2↦-3.8319329917430878),(Vehicles3↦-3.84346853941679),(Vehicles4↦-3.824472054839134),(Vehicles5↦-3.816242665052414)}",
        "VehiclesVx": "{(EgoVehicle↦24.418158531188965),(Vehicles2↦-4.57904189825058),(Vehicles3↦-3.2272937893867493),(Vehicles4↦-3.076651096343994),(Vehicles5↦-4.554398953914642)}",
        "VehiclesY": "{(EgoVehicle↦8.000000238418579),(Vehicles2↦-4.0000001192092896),(Vehicles3↦0.0),(Vehicles4↦-8.000000238418579),(Vehicles5↦-4.0000001192092896)}",
        "VehiclesVy": "{(EgoVehicle↦0.0),(Vehicles2↦0.0),(Vehicles3↦0.0),(Vehicles4↦0.0),(Vehicles5↦0.0)}",
        "VehiclesX": "{(EgoVehicle↦200.0),(Vehicles2↦33.60166549682617),(Vehicles3↦62.13897466659546),(Vehicles4↦72.03096747398376),(Vehicles5↦92.71763563156128)}"
      },
      "probabilisticVariables": null,
      "activating": [
        "SLOWER_45"
      ],
      "activatingOnlyWhenExecuted": true,
      "updating": null,
      "withPredicate": null
    },
    {
      "id": "SLOWER_45",
      "execute": "SLOWER",
      "after": "1000",
      "priority": 0,
      "additionalGuards": null,
      "activationKind": null,
      "fixedVariables": {
        "Crash": "FALSE",
        "VehiclesAy": "{(EgoVehicle↦0.0),(Vehicles2↦0.0),(Vehicles3↦0.0),(Vehicles4↦0.0),(Vehicles5↦0.0)}",
        "Reward": "0.748848403935495",
        "VehiclesAx": "{(EgoVehicle↦-3.836343288421631),(Vehicles2↦3.842245489358902),(Vehicles3↦3.82967472076416),(Vehicles4↦3.8477054238319397),(Vehicles5↦3.8567036390304565)}",
        "VehiclesVx": "{(EgoVehicle↦20.581815242767334),(Vehicles2↦-0.7367964088916779),(Vehicles3↦0.6023809313774109),(Vehicles4↦0.7710543274879456),(Vehicles5↦-0.6976953148841858)}",
        "VehiclesY": "{(EgoVehicle↦8.000000238418579),(Vehicles2↦-4.0000001192092896),(Vehicles3↦0.0),(Vehicles4↦-8.000000238418579),(Vehicles5↦-4.0000001192092896)}",
        "VehiclesVy": "{(EgoVehicle↦0.0),(Vehicles2↦0.0),(Vehicles3↦0.0),(Vehicles4↦0.0),(Vehicles5↦0.0)}",
        "VehiclesX": "{(EgoVehicle↦200.0),(Vehicles2↦31.141236424446106),(Vehicles3↦61.02534532546997),(Vehicles4↦71.07526659965515),(Vehicles5↦90.28772711753845)}"
      },
      "probabilisticVariables": null,
      "activating": [
        "LANE_RIGHT_46"
      ],
      "activatingOnlyWhenExecuted": true,
      "updating": null,
      "withPredicate": null
    },
    {
      "id": "LANE_RIGHT_46",
      "execute": "LANE_RIGHT",
      "after": "1000",
      "priority": 0,
      "additionalGuards": null,
      "activationKind": null,
      "fixedVariables": {
        "Crash": "FALSE",
        "VehiclesAy": "{(EgoVehicle↦0.0),(Vehicles2↦0.0),(Vehicles3↦0.0),(Vehicles4↦0.0),(Vehicles5↦0.0)}",
        "Reward": "0.7353764702027538",
        "VehiclesAx": "{(EgoVehicle↦-0.5051970481872559),(Vehicles2↦0.512296985834837),(Vehicles3↦0.49882106482982635),(Vehicles4↦0.5159124732017517),(Vehicles5↦0.5255804769694805)}",
        "VehiclesVx": "{(EgoVehicle↦20.076618194580078),(Vehicles2↦-0.2244994230568409),(Vehicles3↦1.1012019962072372),(Vehicles4↦1.2869668006896973),(Vehicles5↦-0.17211483791470528)}",
        "VehiclesY": "{(EgoVehicle↦8.000000238418579),(Vehicles2↦-4.0000001192092896),(Vehicles3↦0.0),(Vehicles4↦-8.000000238418579),(Vehicles5↦-4.0000001192092896)}",
        "VehiclesVy": "{(EgoVehicle↦0.0),(Vehicles2↦0.0),(Vehicles3↦0.0),(Vehicles4↦0.0),(Vehicles5↦0.0)}",
        "VehiclesX": "{(EgoVehicle↦200.0),(Vehicles2↦30.68588376045227),(Vehicles3↦61.9038462638855),(Vehicles4↦72.1293568611145),(Vehicles5↦89.87687826156616)}"
      },
      "probabilisticVariables": null,
      "activating": [
        "FASTER_47"
      ],
      "activatingOnlyWhenExecuted": true,
      "updating": null,
      "withPredicate": null
    },
    {
      "id": "FASTER_47",
      "execute": "FASTER",
      "after": "1000",
      "priority": 0,
      "additionalGuards": null,
      "activationKind": null,
      "fixedVariables": {
        "Crash": "FALSE",
        "VehiclesAy": "{(EgoVehicle↦0.0),(Vehicles2↦0.0),(Vehicles3↦0.0),(Vehicles4↦0.0),(Vehicles5↦0.0)}",
        "Reward": "0.8493774226878799",
        "VehiclesAx": "{(EgoVehicle↦4.275035858154297),(Vehicles2↦-4.266855102032423),(Vehicles3↦-4.281112775206566),(Vehicles4↦-4.264935553073883),(Vehicles5↦-4.254686366766691)}",
        "VehiclesVx": "{(EgoVehicle↦24.351654052734375),(Vehicles2↦-4.491354525089264),(Vehicles3↦-3.1799107789993286),(Vehicles4↦-2.977968752384186),(Vehicles5↦-4.4268012046813965)}",
        "VehiclesY": "{(EgoVehicle↦8.000000238418579),(Vehicles2↦-4.0000001192092896),(Vehicles3↦0.0),(Vehicles4↦-8.000000238418579),(Vehicles5↦-4.0000001192092896)}",
        "VehiclesVy": "{(EgoVehicle↦0.0),(Vehicles2↦0.0),(Vehicles3↦0.0),(Vehicles4↦0.0),(Vehicles5↦0.0)}",
        "VehiclesX": "{(EgoVehicle↦200.0),(Vehicles2↦28.106212615966797),(Vehicles3↦60.64423322677612),(Vehicles4↦71.06205224990845),(Vehicles5↦87.35455274581909)}"
      },
      "probabilisticVariables": null,
      "activating": [
        "SLOWER_48"
      ],
      "activatingOnlyWhenExecuted": true,
      "updating": null,
      "withPredicate": null
    },
    {
      "id": "SLOWER_48",
      "execute": "SLOWER",
      "after": "1000",
      "priority": 0,
      "additionalGuards": null,
      "activationKind": null,
      "fixedVariables": {
        "Crash": "FALSE",
        "VehiclesAy": "{(EgoVehicle↦0.0),(Vehicles2↦0.0),(Vehicles3↦0.0),(Vehicles4↦0.0),(Vehicles5↦0.0)}",
        "Reward": "0.7486148595034794",
        "VehiclesAx": "{(EgoVehicle↦-3.7785959243774414),(Vehicles2↦3.787746950984001),(Vehicles3↦3.7728245556354523),(Vehicles4↦3.788111060857773),(Vehicles5↦3.798862025141716)}",
        "VehiclesVx": "{(EgoVehicle↦20.573058128356934),(Vehicles2↦-0.7036075741052628),(Vehicles3↦0.5929137766361237),(Vehicles4↦0.810142308473587),(Vehicles5↦-0.6279391795396805)}",
        "VehiclesY": "{(EgoVehicle↦8.000000238418579),(Vehicles2↦-4.0000001192092896),(Vehicles3↦0.0),(Vehicles4↦-8.000000238418579),(Vehicles5↦-4.0000001192092896)}",
        "VehiclesVy": "{(EgoVehicle↦0.0),(Vehicles2↦0.0),(Vehicles3↦0.0),(Vehicles4↦0.0),(Vehicles5↦0.0)}",
        "VehiclesX": "{(EgoVehicle↦200.0),(Vehicles2↦25.702941417694092),(Vehicles3↦59.546488523483276),(Vehicles4↦70.17242908477783),(Vehicles5↦85.02035737037659)}"
      },
      "probabilisticVariables": null,
      "activating": [
        "FASTER_49"
      ],
      "activatingOnlyWhenExecuted": true,
      "updating": null,
      "withPredicate": null
    },
    {
      "id": "FASTER_49",
      "execute": "FASTER",
      "after": "1000",
      "priority": 0,
      "additionalGuards": null,
      "activationKind": null,
      "fixedVariables": {
        "Crash": "FALSE",
        "VehiclesAy": "{(EgoVehicle↦0.0),(Vehicles2↦0.0),(Vehicles3↦0.0),(Vehicles4↦0.0),(Vehicles5↦0.0)}",
        "Reward": "0.8511207496739835",
        "VehiclesAx": "{(EgoVehicle↦3.84397029876709),(Vehicles2↦-3.833954855799675),(Vehicles3↦-3.8494326174259186),(Vehicles4↦-3.83501335978508),(Vehicles5↦-3.823831006884575)}",
        "VehiclesVx": "{(EgoVehicle↦24.417028427124023),(Vehicles2↦-4.537562429904938),(Vehicles3↦-3.256518840789795),(Vehicles4↦-3.024871051311493),(Vehicles5↦-4.451770186424255)}",
        "VehiclesY": "{(EgoVehicle↦8.000000238418579),(Vehicles2↦-4.0000001192092896),(Vehicles3↦0.0),(Vehicles4↦-8.000000238418579),(Vehicles5↦-4.0000001192092896)}",
        "VehiclesVy": "{(EgoVehicle↦0.0),(Vehicles2↦0.0),(Vehicles3↦0.0),(Vehicles4↦0.0),(Vehicles5↦0.0)}",
        "VehiclesX": "{(EgoVehicle↦200.0),(Vehicles2↦22.882714867591858),(Vehicles3↦58.01662802696228),(Vehicles4↦68.86563897132874),(Vehicles5↦82.27992653846741)}"
      },
      "probabilisticVariables": null,
      "activating": [
        "SLOWER_50"
      ],
      "activatingOnlyWhenExecuted": true,
      "updating": null,
      "withPredicate": null
    },
    {
      "id": "SLOWER_50",
      "execute": "SLOWER",
      "after": "1000",
      "priority": 0,
      "additionalGuards": null,
      "activationKind": null,
      "fixedVariables": {
        "Crash": "FALSE",
        "VehiclesAy": "{(EgoVehicle↦0.0),(Vehicles2↦0.0),(Vehicles3↦0.0),(Vehicles4↦0.0),(Vehicles5↦0.0)}",
        "Reward": "0.7488444334275753",
        "VehiclesAx": "{(EgoVehicle↦-3.8353610038757324),(Vehicles2↦3.8461441546678543),(Vehicles3↦3.830213248729706),(Vehicles4↦3.8437876850366592),(Vehicles5↦3.8553382456302643)}",
        "VehiclesVx": "{(EgoVehicle↦20.58166742324829),(Vehicles2↦-0.6914182752370834),(Vehicles3↦0.5736944079399109),(Vehicles4↦0.8189166337251663),(Vehicles5↦-0.5964319407939911)}",
        "VehiclesY": "{(EgoVehicle↦8.000000238418579),(Vehicles2↦-4.0000001192092896),(Vehicles3↦0.0),(Vehicles4↦-8.000000238418579),(Vehicles5↦-4.0000001192092896)}",
        "VehiclesVy": "{(EgoVehicle↦0.0),(Vehicles2↦0.0),(Vehicles3↦0.0),(Vehicles4↦0.0),(Vehicles5↦0.0)}",
        "VehiclesX": "{(EgoVehicle↦200.0),(Vehicles2↦20.465219020843506),(Vehicles3↦56.87383413314819),(Vehicles4↦67.95998811721802),(Vehicles5↦79.95197176933289)}"
      },
      "probabilisticVariables": null,
      "activating": [
        "FASTER_51"
      ],
      "activatingOnlyWhenExecuted": true,
      "updating": null,
      "withPredicate": null
    },
    {
      "id": "FASTER_51",
      "execute": "FASTER",
      "after": "1000",
      "priority": 0,
      "additionalGuards": null,
      "activationKind": null,
      "fixedVariables": {
        "Crash": "FALSE",
        "VehiclesAy": "{(EgoVehicle↦0.0),(Vehicles2↦0.0),(Vehicles3↦0.0),(Vehicles4↦0.0),(Vehicles5↦0.0)}",
        "Reward": "0.8511509816310662",
        "VehiclesAx": "{(EgoVehicle↦3.836493492126465),(Vehicles2↦-3.82503904402256),(Vehicles3↦-3.8413283228874207),(Vehicles4↦-3.8285771757364273),(Vehicles5↦-3.816714435815811)}",
        "VehiclesVx": "{(EgoVehicle↦24.418160915374756),(Vehicles2↦-4.5164573192596436),(Vehicles3↦-3.2676339149475098),(Vehicles4↦-3.009660542011261),(Vehicles5↦-4.413146376609802)}",
        "VehiclesY": "{(EgoVehicle↦8.000000238418579),(Vehicles2↦-4.0000001192092896),(Vehicles3↦0.0),(Vehicles4↦-8.000000238418579),(Vehicles5↦-4.0000001192092896)}",
        "VehiclesVy": "{(EgoVehicle↦0.0),(Vehicles2↦0.0),(Vehicles3↦0.0),(Vehicles4↦0.0),(Vehicles5↦0.0)}",
        "VehiclesX": "{(EgoVehicle↦200.0),(Vehicles2↦17.661896347999573),(Vehicles3↦55.3291380405426),(Vehicles4↦66.66567325592041),(Vehicles5↦77.24703550338745)}"
      },
      "probabilisticVariables": null,
      "activating": [
        "SLOWER_52"
      ],
      "activatingOnlyWhenExecuted": true,
      "updating": null,
      "withPredicate": null
    },
    {
      "id": "SLOWER_52",
      "execute": "SLOWER",
      "after": "1000",
      "priority": 0,
      "additionalGuards": null,
      "activationKind": null,
      "fixedVariables": {
        "Crash": "FALSE",
        "VehiclesAy": "{(EgoVehicle↦0.0),(Vehicles2↦0.0),(Vehicles3↦0.0),(Vehicles4↦0.0),(Vehicles5↦0.0)}",
        "Reward": "0.7488484145906479",
        "VehiclesAx": "{(EgoVehicle↦-3.836345672607422),(Vehicles2↦3.8483911752700806),(Vehicles3↦3.831830620765686),(Vehicles4↦3.8437798619270325),(Vehicles5↦3.855905346572399)}",
        "VehiclesVx": "{(EgoVehicle↦20.581815242767334),(Vehicles2↦-0.668066143989563),(Vehicles3↦0.5641967058181763),(Vehicles4↦0.8341193199157715),(Vehicles5↦-0.5572410300374031)}",
        "VehiclesY": "{(EgoVehicle↦8.000000238418579),(Vehicles2↦-4.0000001192092896),(Vehicles3↦0.0),(Vehicles4↦-8.000000238418579),(Vehicles5↦-4.0000001192092896)}",
        "VehiclesVy": "{(EgoVehicle↦0.0),(Vehicles2↦0.0),(Vehicles3↦0.0),(Vehicles4↦0.0),(Vehicles5↦0.0)}",
        "VehiclesX": "{(EgoVehicle↦200.0),(Vehicles2↦15.266567468643188),(Vehicles3↦54.176026582717896),(Vehicles4↦65.77538251876831),(Vehicles5↦74.95808601379395)}"
      },
      "probabilisticVariables": null,
      "activating": [
        "FASTER_53"
      ],
      "activatingOnlyWhenExecuted": true,
      "updating": null,
      "withPredicate": null
    },
    {
      "id": "FASTER_53",
      "execute": "FASTER",
      "after": "1000",
      "priority": 0,
      "additionalGuards": null,
      "activationKind": null,
      "fixedVariables": {
        "Crash": "FALSE",
        "VehiclesAy": "{(EgoVehicle↦0.0),(Vehicles2↦0.0),(Vehicles3↦0.0),(Vehicles4↦0.0),(Vehicles5↦0.0)}",
        "Reward": "0.8511515058994542",
        "VehiclesAx": "{(EgoVehicle↦3.836367130279541),(Vehicles2↦-3.8238123059272766),(Vehicles3↦-3.8405641913414),(Vehicles4↦-3.8293957710266113),(Vehicles5↦-3.8170520588755608)}",
        "VehiclesVx": "{(EgoVehicle↦24.418182373046875),(Vehicles2↦-4.49187844991684),(Vehicles3↦-3.276367485523224),(Vehicles4↦-2.99527645111084),(Vehicles5↦-4.374293088912964)}",
        "VehiclesY": "{(EgoVehicle↦8.000000238418579),(Vehicles2↦-4.0000001192092896),(Vehicles3↦0.0),(Vehicles4↦-8.000000238418579),(Vehicles5↦-4.0000001192092896)}",
        "VehiclesVy": "{(EgoVehicle↦0.0),(Vehicles2↦0.0),(Vehicles3↦0.0),(Vehicles4↦0.0),(Vehicles5↦0.0)}",
        "VehiclesX": "{(EgoVehicle↦200.0),(Vehicles2↦12.487120926380157),(Vehicles3↦52.622151374816895),(Vehicles4↦64.4959568977356),(Vehicles5↦72.29222655296326)}"
      },
      "probabilisticVariables": null,
      "activating": [
        "SLOWER_54"
      ],
      "activatingOnlyWhenExecuted": true,
      "updating": null,
      "withPredicate": null
    },
    {
      "id": "SLOWER_54",
      "execute": "SLOWER",
      "after": "1000",
      "priority": 0,
      "additionalGuards": null,
      "activationKind": null,
      "fixedVariables": {
        "Crash": "FALSE",
        "VehiclesAy": "{(EgoVehicle↦0.0),(Vehicles2↦0.0),(Vehicles3↦0.0),(Vehicles4↦0.0),(Vehicles5↦0.0)}",
        "Reward": "0.7488484836301064",
        "VehiclesAx": "{(EgoVehicle↦-3.83636474609375),(Vehicles2↦3.8493528962135315),(Vehicles3↦3.832482025027275),(Vehicles4↦3.842890039086342),(Vehicles5↦3.8554132729768753)}",
        "VehiclesVx": "{(EgoVehicle↦20.581817626953125),(Vehicles2↦-0.6425255537033081),(Vehicles3↦0.5561145395040512),(Vehicles4↦0.847613587975502),(Vehicles5↦-0.5188798159360886)}",
        "VehiclesY": "{(EgoVehicle↦8.000000238418579),(Vehicles2↦-4.0000001192092896),(Vehicles3↦0.0),(Vehicles4↦-8.000000238418579),(Vehicles5↦-4.0000001192092896)}",
        "VehiclesVy": "{(EgoVehicle↦0.0),(Vehicles2↦0.0),(Vehicles3↦0.0),(Vehicles4↦0.0),(Vehicles5↦0.0)}",
        "VehiclesX": "{(EgoVehicle↦200.0),(Vehicles2↦10.1167693734169),(Vehicles3↦51.460570096969604),(Vehicles4↦63.619691133499146),(Vehicles5↦70.04193663597107)}"
      },
      "probabilisticVariables": null,
      "activating": [
        "SLOWER_55"
      ],
      "activatingOnlyWhenExecuted": true,
      "updating": null,
      "withPredicate": null
    },
    {
      "id": "SLOWER_55",
      "execute": "SLOWER",
      "after": "1000",
      "priority": 0,
      "additionalGuards": null,
      "activationKind": null,
      "fixedVariables": {
        "Crash": "FALSE",
        "VehiclesAy": "{(EgoVehicle↦0.0),(Vehicles2↦0.0),(Vehicles3↦0.0),(Vehicles4↦0.0),(Vehicles5↦0.0)}",
        "Reward": "0.7353764806975174",
        "VehiclesAx": "{(EgoVehicle↦-0.5051994323730469),(Vehicles2↦0.5185580067336559),(Vehicles3↦0.5016342550516129),(Vehicles4↦0.511302575469017),(Vehicles5↦0.5239703954430297)}",
        "VehiclesVx": "{(EgoVehicle↦20.076618194580078),(Vehicles2↦-0.12396754696965218),(Vehicles3↦1.057748794555664),(Vehicles4↦1.358916163444519),(Vehicles5↦0.00509057950694114)}",
        "VehiclesY": "{(EgoVehicle↦8.000000238418579),(Vehicles2↦-4.0000001192092896),(Vehicles3↦0.0),(Vehicles4↦-8.000000238418579),(Vehicles5↦-4.0000001192092896)}",
        "VehiclesVy": "{(EgoVehicle↦0.0),(Vehicles2↦0.0),(Vehicles3↦0.0),(Vehicles4↦0.0),(Vehicles5↦0.0)}",
        "VehiclesX": "{(EgoVehicle↦200.0),(Vehicles2↦9.758258610963821),(Vehicles3↦52.29393243789673),(Vehicles4↦64.74847793579102),(Vehicles5↦69.80928778648376)}"
      },
      "probabilisticVariables": null,
      "activating": [
        "LANE_RIGHT_56"
      ],
      "activatingOnlyWhenExecuted": true,
      "updating": null,
      "withPredicate": null
    },
    {
      "id": "LANE_RIGHT_56",
      "execute": "LANE_RIGHT",
      "after": "1000",
      "priority": 0,
      "additionalGuards": null,
      "activationKind": null,
      "fixedVariables": {
        "Crash": "FALSE",
        "VehiclesAy": "{(EgoVehicle↦0.0),(Vehicles2↦0.0),(Vehicles3↦0.0),(Vehicles4↦0.0),(Vehicles5↦0.0)}",
        "Reward": "0.7336023897763534",
        "VehiclesAx": "{(EgoVehicle↦-0.0665283203125),(Vehicles2↦0.08019326254725456),(Vehicles3↦0.06327569484710693),(Vehicles4↦0.07222473621368408),(Vehicles5↦0.08500646043103188)}",
        "VehiclesVx": "{(EgoVehicle↦20.010089874267578),(Vehicles2↦-0.043774284422397614),(Vehicles3↦1.121024489402771),(Vehicles4↦1.4311408996582031),(Vehicles5↦0.09009703993797302)}",
        "VehiclesY": "{(EgoVehicle↦8.000000238418579),(Vehicles2↦-4.0000001192092896),(Vehicles3↦0.0),(Vehicles4↦-8.000000238418579),(Vehicles5↦-4.0000001192092896)}",
        "VehiclesVy": "{(EgoVehicle↦0.0),(Vehicles2↦0.0),(Vehicles3↦0.0),(Vehicles4↦0.0),(Vehicles5↦0.0)}",
        "VehiclesX": "{(EgoVehicle↦200.0),(Vehicles2↦9.676435589790344),(Vehicles3↦53.38705778121948),(Vehicles4↦66.14640355110168),(Vehicles5↦69.85849142074585)}"
      },
      "probabilisticVariables": null,
      "activating": [
        "FASTER_57"
      ],
      "activatingOnlyWhenExecuted": true,
      "updating": null,
      "withPredicate": null
    },
    {
      "id": "FASTER_57",
      "execute": "FASTER",
      "after": "1000",
      "priority": 0,
      "additionalGuards": null,
      "activationKind": null,
      "fixedVariables": {
        "Crash": "FALSE",
        "VehiclesAy": "{(EgoVehicle↦0.0),(Vehicles2↦0.0),(Vehicles3↦0.0),(Vehicles4↦0.0),(Vehicles5↦0.0)}",
        "Reward": "0.8491437989280245",
        "VehiclesAx": "{(EgoVehicle↦4.3328022956848145),(Vehicles2↦-4.318886958062649),(Vehicles3↦-4.335745275020599),(Vehicles4↦-4.327495694160461),(Vehicles5↦-4.314626902341843)}",
        "VehiclesVx": "{(EgoVehicle↦24.342892169952393),(Vehicles2↦-4.362661242485046),(Vehicles3↦-3.2147207856178284),(Vehicles4↦-2.8963547945022583),(Vehicles5↦-4.22452986240387)}",
        "VehiclesY": "{(EgoVehicle↦8.000000238418579),(Vehicles2↦-4.0000001192092896),(Vehicles3↦0.0),(Vehicles4↦-8.000000238418579),(Vehicles5↦-4.0000001192092896)}",
        "VehiclesVy": "{(EgoVehicle↦0.0),(Vehicles2↦0.0),(Vehicles3↦0.0),(Vehicles4↦0.0),(Vehicles5↦0.0)}",
        "VehiclesX": "{(EgoVehicle↦200.0),(Vehicles2↦7.247980684041977),(Vehicles3↦52.116650342941284),(Vehicles4↦65.18946886062622),(Vehicles5↦67.56565570831299)}"
      },
      "probabilisticVariables": null,
      "activating": [
        "SLOWER_58"
      ],
      "activatingOnlyWhenExecuted": true,
      "updating": null,
      "withPredicate": null
    },
    {
      "id": "SLOWER_58",
      "execute": "SLOWER",
      "after": "1000",
      "priority": 0,
      "additionalGuards": null,
      "activationKind": null,
      "fixedVariables": {
        "Crash": "FALSE",
        "VehiclesAy": "{(EgoVehicle↦0.0),(Vehicles2↦0.0),(Vehicles3↦0.0),(Vehicles4↦0.0),(Vehicles5↦0.0)}",
        "Reward": "0.7485840942346919",
        "VehiclesAx": "{(EgoVehicle↦-3.7709879875183105),(Vehicles2↦3.785104602575302),(Vehicles3↦3.7683528289198875),(Vehicles4↦3.775923252105713),(Vehicles5↦3.7888548523187637)}",
        "VehiclesVx": "{(EgoVehicle↦20.571904182434082),(Vehicles2↦-0.5775566399097443),(Vehicles3↦0.5536320433020592),(Vehicles4↦0.8795684576034546),(Vehicles5↦-0.4356750100851059)}",
        "VehiclesY": "{(EgoVehicle↦8.000000238418579),(Vehicles2↦-4.0000001192092896),(Vehicles3↦0.0),(Vehicles4↦-8.000000238418579),(Vehicles5↦-4.0000001192092896)}",
        "VehiclesVy": "{(EgoVehicle↦0.0),(Vehicles2↦0.0),(Vehicles3↦0.0),(Vehicles4↦0.0),(Vehicles5↦0.0)}",
        "VehiclesX": "{(EgoVehicle↦200.0),(Vehicles2↦4.971250891685486),(Vehicles3↦50.98114609718323),(Vehicles4↦64.37541842460632),(Vehicles5↦65.42859673500061)}"
      },
      "probabilisticVariables": null,
      "activating": [
        "SLOWER_59"
      ],
      "activatingOnlyWhenExecuted": true,
      "updating": null,
      "withPredicate": null
    },
    {
      "id": "SLOWER_59",
      "execute": "SLOWER",
      "after": "1000",
      "priority": 0,
      "additionalGuards": null,
      "activationKind": null,
      "fixedVariables": {
        "Crash": "FALSE",
        "VehiclesAy": "{(EgoVehicle↦0.0),(Vehicles2↦-6.66762113571167),(Vehicles3↦0.0),(Vehicles4↦0.0),(Vehicles5↦0.0)}",
        "Reward": "0.7353416639870102",
        "VehiclesAx": "{(EgoVehicle↦-0.49659252166748047),(Vehicles2↦-0.6327732652425766),(Vehicles3↦0.4942571744322777),(Vehicles4↦-0.8011017832905054),(Vehicles5↦1.8164118379354477)}",
        "VehiclesVx": "{(EgoVehicle↦20.0753116607666),(Vehicles2↦-1.2103299051523209),(Vehicles3↦1.0478892177343369),(Vehicles4↦0.07846667431294918),(Vehicles5↦1.3807368278503418)}",
        "VehiclesY": "{(EgoVehicle↦8.000000238418579),(Vehicles2↦-4.849338054656982),(Vehicles3↦0.0),(Vehicles4↦-4.0000001192092896),(Vehicles5↦-8.000000238418579)}",
        "VehiclesVy": "{(EgoVehicle↦0.0),(Vehicles2↦-6.66762113571167),(Vehicles3↦0.0),(Vehicles4↦0.0),(Vehicles5↦0.0)}",
        "VehiclesX": "{(EgoVehicle↦200.0),(Vehicles2↦4.5821551233530045),(Vehicles3↦51.80777311325073),(Vehicles4↦65.273916721344),(Vehicles5↦65.5307948589325)}"
      },
      "probabilisticVariables": null,
      "activating": [
        "FASTER_60"
      ],
      "activatingOnlyWhenExecuted": true,
      "updating": null,
      "withPredicate": null
    },
    {
      "id": "FASTER_60",
      "execute": "FASTER",
      "after": "1000",
      "priority": 0,
      "additionalGuards": null,
      "activationKind": null,
      "fixedVariables": {
        "Crash": "FALSE",
        "VehiclesAy": "{(EgoVehicle↦0.0),(Vehicles2↦6.006272882223129),(Vehicles3↦0.0),(Vehicles4↦0.0),(Vehicles5↦0.0)}",
        "Reward": "0.8493728391532963",
        "VehiclesAx": "{(EgoVehicle↦4.27617073059082),(Vehicles2↦-3.0105438083410263),(Vehicles3↦-4.27820585668087),(Vehicles4↦-4.258937677368522),(Vehicles5↦-4.2719340324401855)}",
        "VehiclesVx": "{(EgoVehicle↦24.351482391357422),(Vehicles2↦-4.220873713493347),(Vehicles3↦-3.230316638946533),(Vehicles4↦-4.1804710030555725),(Vehicles5↦-2.8911972045898438)}",
        "VehiclesY": "{(EgoVehicle↦8.000000238418579),(Vehicles2↦-7.773068189620972),(Vehicles3↦0.0),(Vehicles4↦-4.0000001192092896),(Vehicles5↦-8.000000238418579)}",
        "VehiclesVy": "{(EgoVehicle↦0.0),(Vehicles2↦-0.6613482534885406),(Vehicles3↦0.0),(Vehicles4↦0.0),(Vehicles5↦0.0)}",
        "VehiclesX": "{(EgoVehicle↦200.0),(Vehicles2↦1.8748005852103233),(Vehicles3↦50.49583911895752),(Vehicles4↦63.00031542778015),(Vehicles5↦64.55426812171936)}"
      },
      "probabilisticVariables": null,
      "activating": [
        "SLOWER_61"
      ],
      "activatingOnlyWhenExecuted": true,
      "updating": null,
      "withPredicate": null
    },
    {
      "id": "SLOWER_61",
      "execute": "SLOWER",
      "after": "1000",
      "priority": 0,
      "additionalGuards": null,
      "activationKind": null,
      "fixedVariables": {
        "Crash": "FALSE",
        "VehiclesAy": "{(EgoVehicle↦0.0),(Vehicles2↦0.6210737349465489),(Vehicles3↦0.0),(Vehicles4↦0.0),(Vehicles5↦0.0)}",
        "Reward": "0.7486142559104478",
        "VehiclesAx": "{(EgoVehicle↦-3.7784481048583984),(Vehicles2↦3.9748208224773407),(Vehicles3↦3.7767018005251884),(Vehicles4↦3.7953563407063484),(Vehicles5↦3.7823541462421417)}",
        "VehiclesVx": "{(EgoVehicle↦20.573034286499023),(Vehicles2↦-0.24605289101600647),(Vehicles3↦0.5463851615786552),(Vehicles4↦-0.3851146623492241),(Vehicles5↦0.891156941652298)}",
        "VehiclesY": "{(EgoVehicle↦8.000000238418579),(Vehicles2↦-7.986253023147583),(Vehicles3↦0.0),(Vehicles4↦-4.0000001192092896),(Vehicles5↦-8.000000238418579)}",
        "VehiclesVy": "{(EgoVehicle↦0.0),(Vehicles2↦-0.04027451854199171),(Vehicles3↦0.0),(Vehicles4↦0.0),(Vehicles5↦0.0)}",
        "VehiclesX": "{(EgoVehicle↦200.0),(Vehicles2↦-0.17269151285290718),(Vehicles3↦49.349212646484375),(Vehicles4↦60.91104745864868),(Vehicles5↦63.74906897544861)}"
      },
      "probabilisticVariables": null,
      "activating": null,
      "activatingOnlyWhenExecuted": true,
      "updating": null,
      "withPredicate": null
    }
  ],
  "listeners": [],
  "metadata": {
    "fileType": "Timed_Trace",
    "formatVersion": 3,
    "savedAt": "2023-08-15T12:35:49.812915Z",
    "creator": "Simulation: MONTE_CARLO_SIMULATION; MAX_STEPS_BEFORE_PROPERTY : 0, EXECUTIONS : 1000, ENDING_TIME : 60000",
    "proB2KernelVersion": "4.12.2",
    "proBCliVersion": "1.12.2-final",
    "modelName": "HighwayEnvironment"
  }
}