{
  "variables": {},
  "activations": [
    {
      "id": "$setup_constants",
      "execute": "$setup_constants",
      "after": "0",
      "priority": 0,
      "additionalGuards": null,
      "activationKind": null,
      "fixedVariables": null,
      "probabilisticVariables": null,
      "activating": null,
      "activatingOnlyWhenExecuted": true,
      "updating": null,
      "withPredicate": null
    },
    {
      "id": "$initialise_machine",
      "execute": "$initialise_machine",
      "after": "0",
      "priority": 0,
      "additionalGuards": null,
      "activationKind": null,
      "fixedVariables": {
        "Crash": "FALSE",
        "VehiclesAy": "{(EgoVehicle↦0.0),(Vehicles2↦0.0),(Vehicles3↦0.0),(Vehicles4↦0.0),(Vehicles5↦0.0)}",
        "Reward": "0.0",
        "VehiclesAx": "{(EgoVehicle↦0.0),(Vehicles2↦0.0),(Vehicles3↦0.0),(Vehicles4↦0.0),(Vehicles5↦0.0)}",
        "VehiclesVx": "{(EgoVehicle↦25.0),(Vehicles2↦-2.277776747941971),(Vehicles3↦-1.4132687449455261),(Vehicles4↦-2.923344075679779),(Vehicles5↦-2.3967939615249634)}",
        "VehiclesY": "{(EgoVehicle↦4.0000001192092896),(Vehicles2↦0.0),(Vehicles3↦4.0000001192092896),(Vehicles4↦4.0000001192092896),(Vehicles5↦4.0000001192092896)}",
        "VehiclesVy": "{(EgoVehicle↦0.0),(Vehicles2↦0.0),(Vehicles3↦0.0),(Vehicles4↦0.0),(Vehicles5↦0.0)}",
        "VehiclesX": "{(EgoVehicle↦153.45518589019775),(Vehicles2↦25.764867663383484),(Vehicles3↦51.32061839103699),(Vehicles4↦74.13553595542908),(Vehicles5↦96.54337763786316)}"
      },
      "probabilisticVariables": null,
      "activating": [
        "LANE_RIGHT_2"
      ],
      "activatingOnlyWhenExecuted": true,
      "updating": null,
      "withPredicate": null
    },
    {
      "id": "LANE_RIGHT_2",
      "execute": "LANE_RIGHT",
      "after": "1000",
      "priority": 0,
      "additionalGuards": null,
      "activationKind": null,
      "fixedVariables": {
        "Crash": "FALSE",
        "VehiclesAy": "{(EgoVehicle↦1.0796338319778442),(Vehicles2↦-4.488218724727631),(Vehicles3↦-1.0796338319778442),(Vehicles4↦-1.0796338319778442),(Vehicles5↦-1.0796338319778442)}",
        "Reward": "0.8660447183419508",
        "VehiclesAx": "{(EgoVehicle↦-0.023322105407714844),(Vehicles2↦-0.9368370473384857),(Vehicles3↦-5.976677238941193),(Vehicles4↦-4.833060801029205),(Vehicles5↦-1.559416949748993)}",
        "VehiclesVx": "{(EgoVehicle↦24.976677894592285),(Vehicles2↦-3.2146137952804565),(Vehicles3↦-7.389945983886719),(Vehicles4↦-7.756404876708984),(Vehicles5↦-3.9562109112739563)}",
        "VehiclesY": "{(EgoVehicle↦7.6599647998809814),(Vehicles2↦-6.459616184234619),(Vehicles3↦0.3400348797440529),(Vehicles4↦0.3400348797440529),(Vehicles5↦0.3400348797440529)}",
        "VehiclesVy": "{(EgoVehicle↦1.0796338319778442),(Vehicles2↦-4.488218724727631),(Vehicles3↦-1.0796338319778442),(Vehicles4↦-1.0796338319778442),(Vehicles5↦-1.0796338319778442)}",
        "VehiclesX": "{(EgoVehicle↦178.1354308128357),(Vehicles2↦23.20491522550583),(Vehicles3↦47.82710373401642),(Vehicles4↦69.24018263816833),(Vehicles5↦93.70559453964233)}"
      },
      "probabilisticVariables": null,
      "activating": [
        "SLOWER_3"
      ],
      "activatingOnlyWhenExecuted": true,
      "updating": null,
      "withPredicate": null
    },
    {
      "id": "SLOWER_3",
      "execute": "SLOWER",
      "after": "1000",
      "priority": 0,
      "additionalGuards": null,
      "activationKind": null,
      "fixedVariables": {
        "Crash": "FALSE",
        "VehiclesAy": "{(EgoVehicle↦-1.030814554542303),(Vehicles2↦9.583505690097809),(Vehicles3↦-5.451432466506958),(Vehicles4↦1.030814554542303),(Vehicles5↦-7.762248516082764)}",
        "Reward": "0.7508900941313649",
        "VehiclesAx": "{(EgoVehicle↦-4.318299293518066),(Vehicles2↦3.4221589006483555),(Vehicles3↦-1.1645203828811646),(Vehicles4↦3.211573362350464),(Vehicles5↦2.556009739637375)}",
        "VehiclesVx": "{(EgoVehicle↦20.65837860107422),(Vehicles2↦0.20754510536789894),(Vehicles3↦-8.554466366767883),(Vehicles4↦-4.5448315143585205),(Vehicles5↦-1.4002011716365814)}",
        "VehiclesY": "{(EgoVehicle↦7.983102321624756),(Vehicles2↦-5.957372188568115),(Vehicles3↦-1.212305635213852),(Vehicles4↦0.01689769746735692),(Vehicles5↦-0.812443882226944)}",
        "VehiclesVy": "{(EgoVehicle↦0.04881927743554115),(Vehicles2↦5.095286965370178),(Vehicles3↦-6.531066298484802),(Vehicles4↦-0.04881927743554115),(Vehicles5↦-6.682614684104919)}",
        "VehiclesX": "{(EgoVehicle↦200.0),(Vehicles2↦22.166144847869873),(Vehicles3↦40.56886434555054),(Vehicles4↦63.26995491981506),(Vehicles5↦91.74742698669434)}"
      },
      "probabilisticVariables": null,
      "activating": [
        "SLOWER_4"
      ],
      "activatingOnlyWhenExecuted": true,
      "updating": null,
      "withPredicate": null
    },
    {
      "id": "SLOWER_4",
      "execute": "SLOWER",
      "after": "1000",
      "priority": 0,
      "additionalGuards": null,
      "activationKind": null,
      "fixedVariables": {
        "Crash": "FALSE",
        "VehiclesAy": "{(EgoVehicle↦-0.045818106445949525),(Vehicles2↦-10.900368094444275),(Vehicles3↦5.671059712767601),(Vehicles4↦0.045818106445949525),(Vehicles5↦-6.190231628715992)}",
        "Reward": "0.7356455313433461",
        "VehiclesAx": "{(EgoVehicle↦-0.5716705322265625),(Vehicles2↦-5.931226555258036),(Vehicles3↦3.516491651535034),(Vehicles4↦0.44441819190979004),(Vehicles5↦1.3277564523741603)}",
        "VehiclesVx": "{(EgoVehicle↦20.086708068847656),(Vehicles2↦-5.723681449890137),(Vehicles3↦-5.037974715232849),(Vehicles4↦-4.1004133224487305),(Vehicles5↦-0.07244471926242113)}",
        "VehiclesY": "{(EgoVehicle↦7.9989659786224365),(Vehicles2↦-5.181697726249695),(Vehicles3↦-3.680883765220642),(Vehicles4↦0.0010342966415919363),(Vehicles5↦-0.1714317910373211)}",
        "VehiclesVy": "{(EgoVehicle↦0.0030011709895916283),(Vehicles2↦-5.805081129074097),(Vehicles3↦-0.8600065857172012),(Vehicles4↦-0.0030011709895916283),(Vehicles5↦0.49238305538892746)}",
        "VehiclesX": "{(EgoVehicle↦200.0),(Vehicles2↦20.66119909286499),(Vehicles3↦33.825406432151794),(Vehicles4↦58.90663266181946),(Vehicles5↦91.54089689254761)}"
      },
      "probabilisticVariables": null,
      "activating": [
        "LANE_RIGHT_5"
      ],
      "activatingOnlyWhenExecuted": true,
      "updating": null,
      "withPredicate": null
    },
    {
      "id": "LANE_RIGHT_5",
      "execute": "LANE_RIGHT",
      "after": "1000",
      "priority": 0,
      "additionalGuards": null,
      "activationKind": null,
      "fixedVariables": {
        "Crash": "FALSE",
        "VehiclesAy": "{(EgoVehicle↦-0.0028146709883003496),(Vehicles2↦4.987146034836769),(Vehicles3↦0.7774541061371565),(Vehicles4↦0.0028146709883003496),(Vehicles5↦0.523650087416172)}",
        "Reward": "0.733637821078228",
        "VehiclesAx": "{(EgoVehicle↦-0.07529020309448242),(Vehicles2↦1.6202107071876526),(Vehicles3↦2.0761632919311523),(Vehicles4↦0.39614707231521606),(Vehicles5↦-0.0290990574285388)}",
        "VehiclesVx": "{(EgoVehicle↦20.011417865753174),(Vehicles2↦-4.103470742702484),(Vehicles3↦-2.9618114233016968),(Vehicles4↦-3.7042662501335144),(Vehicles5↦-0.10154377669095993)}",
        "VehiclesY": "{(EgoVehicle↦7.999935865402222),(Vehicles2↦-7.700333833694458),(Vehicles3↦-3.9704264402389526),(Vehicles4↦6.422011210815981E-05),(Vehicles5↦-0.010795281501486897)}",
        "VehiclesVy": "{(EgoVehicle↦0.00018650000129127875),(Vehicles2↦-0.8179350942373276),(Vehicles3↦-0.08255247958004475),(Vehicles4↦-0.00018650000129127875),(Vehicles5↦0.03126703202724457)}",
        "VehiclesX": "{(EgoVehicle↦200.0),(Vehicles2↦15.372137725353241),(Vehicles3↦29.64787781238556),(Vehicles4↦54.96191382408142),(Vehicles5↦91.4621651172638)}"
      },
      "probabilisticVariables": null,
      "activating": [
        "LANE_RIGHT_6"
      ],
      "activatingOnlyWhenExecuted": true,
      "updating": null,
      "withPredicate": null
    },
    {
      "id": "LANE_RIGHT_6",
      "execute": "LANE_RIGHT",
      "after": "1000",
      "priority": 0,
      "additionalGuards": null,
      "activationKind": null,
      "fixedVariables": {
        "Crash": "FALSE",
        "VehiclesAy": "{(EgoVehicle↦-0.00017489790820945927),(Vehicles2↦0.7455716887488961),(Vehicles3↦0.07607861247379333),(Vehicles4↦0.00017489790820945927),(Vehicles5↦0.033237113093491644)}",
        "Reward": "0.7333734304878865",
        "VehiclesAx": "{(EgoVehicle↦-0.009913444519042969),(Vehicles2↦1.6893370449543),(Vehicles3↦1.833534762263298),(Vehicles4↦0.4270896315574646),(Vehicles5↦-0.023062005639076233)}",
        "VehiclesVx": "{(EgoVehicle↦20.00150442123413),(Vehicles2↦-2.414133697748184),(Vehicles3↦-1.1282766610383987),(Vehicles4↦-3.27717661857605),(Vehicles5↦-0.12460578233003616)}",
        "VehiclesY": "{(EgoVehicle↦7.999995946884155),(Vehicles2↦-7.974203109741211),(Vehicles3↦-3.997753858566284),(Vehicles4↦3.994667849838152E-06),(Vehicles5↦-0.0006802422576583922)}",
        "VehiclesVy": "{(EgoVehicle↦1.1602093081819476E-05),(Vehicles2↦-0.07236340548843145),(Vehicles3↦-0.006473867106251419),(Vehicles4↦-1.1602093081819476E-05),(Vehicles5↦0.001970081066247076)}",
        "VehiclesX": "{(EgoVehicle↦200.0),(Vehicles2↦11.990613490343094),(Vehicles3↦27.4594783782959),(Vehicles4↦51.42738223075867),(Vehicles5↦91.34879112243652)}"
      },
      "probabilisticVariables": null,
      "activating": [
        "LANE_RIGHT_7"
      ],
      "activatingOnlyWhenExecuted": true,
      "updating": null,
      "withPredicate": null
    },
    {
      "id": "LANE_RIGHT_7",
      "execute": "LANE_RIGHT",
      "after": "1000",
      "priority": 0,
      "additionalGuards": null,
      "activationKind": null,
      "fixedVariables": {
        "Crash": "FALSE",
        "VehiclesAy": "{(EgoVehicle↦-1.0880227989673585E-05),(Vehicles2↦0.06687452550977468),(Vehicles3↦0.006047252463758923),(Vehicles4↦1.0880227989673585E-05),(Vehicles5↦0.0020943767958669923)}",
        "Reward": "0.733338613617072",
        "VehiclesAx": "{(EgoVehicle↦-0.0013065338134765625),(Vehicles2↦1.2274549156427383),(Vehicles3↦1.3400723040103912),(Vehicles4↦0.4178333282470703),(Vehicles5↦0.004315078258514404)}",
        "VehiclesVx": "{(EgoVehicle↦20.000197887420654),(Vehicles2↦-1.1866787821054459),(Vehicles3↦0.2117956429719925),(Vehicles4↦-2.8593432903289795),(Vehicles5↦-0.12029070407152176)}",
        "VehiclesY": "{(EgoVehicle↦7.999999523162842),(Vehicles2↦-7.998082637786865),(Vehicles3↦-3.9998552799224854),(Vehicles4↦2.485387256001559E-07),(Vehicles5↦-4.290356537239859E-05)}",
        "VehiclesVy": "{(EgoVehicle↦7.218650921458902E-07),(Vehicles2↦-0.005488879978656769),(Vehicles3↦-0.0004266146424924955),(Vehicles4↦-7.218650921458902E-07),(Vehicles5↦0.00012429572961991653)}",
        "VehiclesX": "{(EgoVehicle↦200.0),(Vehicles2↦10.10095328092575),(Vehicles3↦26.905563473701477),(Vehicles4↦48.31968545913696),(Vehicles5↦91.22426509857178)}"
      },
      "probabilisticVariables": null,
      "activating": [
        "LANE_RIGHT_8"
      ],
      "activatingOnlyWhenExecuted": true,
      "updating": null,
      "withPredicate": null
    },
    {
      "id": "LANE_RIGHT_8",
      "execute": "LANE_RIGHT",
      "after": "1000",
      "priority": 0,
      "additionalGuards": null,
      "activationKind": null,
      "fixedVariables": {
        "Crash": "FALSE",
        "VehiclesAy": "{(EgoVehicle↦-6.769508686943482E-07),(Vehicles2↦0.0051166613411623985),(Vehicles3↦0.000401852487357246),(Vehicles4↦6.76950859812564E-07),(Vehicles5↦0.00013212758972258598)}",
        "Reward": "0.73333402867934",
        "VehiclesAx": "{(EgoVehicle↦-0.000171661376953125),(Vehicles2↦0.8461811766028404),(Vehicles3↦0.8993997424840927),(Vehicles4↦0.3773018717765808),(Vehicles5↦0.018350183963775635)}",
        "VehiclesVx": "{(EgoVehicle↦20.0000262260437),(Vehicles2↦-0.34049760550260544),(Vehicles3↦1.1111953854560852),(Vehicles4↦-2.4820414185523987),(Vehicles5↦-0.10194052010774612)}",
        "VehiclesY": "{(EgoVehicle↦8.000000238418579),(Vehicles2↦-7.999871492385864),(Vehicles3↦-3.9999918937683105),(Vehicles4↦1.5463974101237454E-08),(Vehicles5↦-2.7019993922294816E-06)}",
        "VehiclesVy": "{(EgoVehicle↦4.491422345154206E-08),(Vehicles2↦-0.00037221863749437034),(Vehicles3↦-2.4762155135249486E-05),(Vehicles4↦-4.4914232333326254E-08),(Vehicles5↦7.831860102669452E-06)}",
        "VehiclesX": "{(EgoVehicle↦200.0),(Vehicles2↦9.280011057853699),(Vehicles3↦27.508747577667236),(Vehicles4↦45.61517834663391),(Vehicles5↦91.1106526851654)}"
      },
      "probabilisticVariables": null,
      "activating": [
        "LANE_RIGHT_9"
      ],
      "activatingOnlyWhenExecuted": true,
      "updating": null,
      "withPredicate": null
    },
    {
      "id": "LANE_RIGHT_9",
      "execute": "LANE_RIGHT",
      "after": "1000",
      "priority": 0,
      "additionalGuards": null,
      "activationKind": null,
      "fixedVariables": {
        "Crash": "FALSE",
        "VehiclesAy": "{(EgoVehicle↦-4.211967663536598E-08),(Vehicles2↦0.0003488466632006748),(Vehicles3↦2.3443423344815528E-05),(Vehicles4↦4.2119685517150174E-08),(Vehicles5↦8.32418759699749E-06)}",
        "Reward": "0.7333334249015317",
        "VehiclesAx": "{(EgoVehicle↦-2.384185791015625E-05),(Vehicles2↦0.5504106916487217),(Vehicles3↦0.5592732131481171),(Vehicles4↦0.32576411962509155),(Vehicles5↦0.022879522293806076)}",
        "VehiclesVx": "{(EgoVehicle↦20.00000238418579),(Vehicles2↦0.20991308614611626),(Vehicles3↦1.6704685986042023),(Vehicles4↦-2.156277298927307),(Vehicles5↦-0.07906099781394005)}",
        "VehiclesY": "{(EgoVehicle↦8.000000238418579),(Vehicles2↦-7.999992370605469),(Vehicles3↦-3.9999994039535522),(Vehicles4↦9.621636820611457E-10),(Vehicles5↦-1.6976471428620243E-07)}",
        "VehiclesVy": "{(EgoVehicle↦2.79454681617608E-09),(Vehicles2↦-2.337197429369553E-05),(Vehicles3↦-1.318731790433958E-06),(Vehicles4↦-2.79454681617608E-09),(Vehicles5↦4.923274943280376E-07)}",
        "VehiclesX": "{(EgoVehicle↦200.0),(Vehicles2↦9.179748594760895),(Vehicles3↦28.86640727519989),(Vehicles4↦43.26765537261963),(Vehicles5↦91.01775288581848)}"
      },
      "probabilisticVariables": null,
      "activating": [
        "SLOWER_10"
      ],
      "activatingOnlyWhenExecuted": true,
      "updating": null,
      "withPredicate": null
    },
    {
      "id": "SLOWER_10",
      "execute": "SLOWER",
      "after": "1000",
      "priority": 0,
      "additionalGuards": null,
      "activationKind": null,
      "fixedVariables": {
        "Crash": "FALSE",
        "VehiclesAy": "{(EgoVehicle↦-2.6206592451671895E-09),(Vehicles2↦2.1976002813062223E-05),(Vehicles3↦1.2521982473145954E-06),(Vehicles4↦2.6206592451671895E-09),(Vehicles5↦5.231970767738403E-07)}",
        "Reward": "0.7333333453916969",
        "VehiclesAx": "{(EgoVehicle↦-2.384185791015625E-06),(Vehicles2↦0.34050794318318367),(Vehicles3↦0.32578274607658386),(Vehicles4↦0.27481645345687866),(Vehicles5↦0.02247336320579052)}",
        "VehiclesVx": "{(EgoVehicle↦20.0),(Vehicles2↦0.5504210293292999),(Vehicles3↦1.9962513446807861),(Vehicles4↦-1.8814608454704285),(Vehicles5↦-0.05658763460814953)}",
        "VehiclesY": "{(EgoVehicle↦8.000000238418579),(Vehicles2↦-7.999999523162842),(Vehicles3↦-4.0000001192092896),(Vehicles4↦5.986677820146724E-11),(Vehicles5↦-1.0639393366318473E-08)}",
        "VehiclesVy": "{(EgoVehicle↦1.7388757100889052E-10),(Vehicles2↦-1.3959714806333068E-06),(Vehicles3↦-6.653354311936255E-08),(Vehicles4↦-1.7388757100889052E-10),(Vehicles5↦3.0869582445802735E-08)}",
        "VehiclesX": "{(EgoVehicle↦200.0),(Vehicles2↦9.539560973644257),(Vehicles3↦30.682045221328735),(Vehicles4↦41.22519493103027),(Vehicles5↦90.94783067703247)}"
      },
      "probabilisticVariables": null,
      "activating": [
        "SLOWER_11"
      ],
      "activatingOnlyWhenExecuted": true,
      "updating": null,
      "withPredicate": null
    },
    {
      "id": "SLOWER_11",
      "execute": "SLOWER",
      "after": "1000",
      "priority": 0,
      "additionalGuards": null,
      "activationKind": null,
      "fixedVariables": {
        "Crash": "FALSE",
        "VehiclesAy": "{(EgoVehicle↦-1.63069557856943E-10),(Vehicles2↦1.315123920875294E-06),(Vehicles3↦6.328093604679452E-08),(Vehicles4↦1.63069557856943E-10),(Vehicles5↦3.280053562093599E-08)}",
        "Reward": "0.733333334921266",
        "VehiclesAx": "{(EgoVehicle↦0.0),(Vehicles2↦0.2007909119129181),(Vehicles3↦0.1778094470500946),(Vehicles4↦0.22952303290367126),(Vehicles5↦0.01985243521630764)}",
        "VehiclesVx": "{(EgoVehicle↦20.0),(Vehicles2↦0.751211941242218),(Vehicles3↦2.1740607917308807),(Vehicles4↦-1.6519378125667572),(Vehicles5↦-0.03673519939184189)}",
        "VehiclesY": "{(EgoVehicle↦8.000000238418579),(Vehicles2↦-8.000000238418579),(Vehicles3↦-4.0000001192092896),(Vehicles4↦3.725020292222325E-12),(Vehicles5↦-6.65245192266184E-10)}",
        "VehiclesVy": "{(EgoVehicle↦1.0818013151947525E-11),(Vehicles2↦-8.084755975801272E-08),(Vehicles3↦-3.2526070725680256E-09),(Vehicles4↦-1.0818013151947525E-11),(Vehicles5↦1.9309531751332543E-09)}",
        "VehiclesX": "{(EgoVehicle↦200.0),(Vehicles2↦10.179170966148376),(Vehicles3↦32.7585369348526),(Vehicles4↦39.43888545036316),(Vehicles5↦90.89944362640381)}"
      },
      "probabilisticVariables": null,
      "activating": [
        "SLOWER_12"
      ],
      "activatingOnlyWhenExecuted": true,
      "updating": null,
      "withPredicate": null
    },
    {
      "id": "SLOWER_12",
      "execute": "SLOWER",
      "after": "1000",
      "priority": 0,
      "additionalGuards": null,
      "activationKind": null,
      "fixedVariables": {
        "Crash": "FALSE",
        "VehiclesAy": "{(EgoVehicle↦-1.014299755297543E-11),(Vehicles2↦7.624876730005781E-08),(Vehicles3↦3.0962432617798186E-09),(Vehicles4↦1.0151879337172431E-11),(Vehicles5↦2.0514967502549553E-09)}",
        "Reward": "0.7333333335424438",
        "VehiclesAx": "{(EgoVehicle↦0.0),(Vehicles2↦0.11173725128173828),(Vehicles3↦0.08854925632476807),(Vehicles4↦0.19136205315589905),(Vehicles5↦0.01645166426897049)}",
        "VehiclesVx": "{(EgoVehicle↦20.0),(Vehicles2↦0.8629491925239563),(Vehicles3↦2.262610048055649),(Vehicles4↦-1.4605757594108582),(Vehicles5↦-0.0202835351228714)}",
        "VehiclesY": "{(EgoVehicle↦8.000000238418579),(Vehicles2↦-8.000000238418579),(Vehicles3↦-4.0000001192092896),(Vehicles4↦2.3447910280083306E-13),(Vehicles5↦-4.1513459336783853E-11)}",
        "VehiclesVy": "{(EgoVehicle↦6.750155989720952E-13),(Vehicles2↦-4.5987924579549144E-09),(Vehicles3↦-1.5636381078820705E-10),(Vehicles4↦-6.661338147750939E-13),(Vehicles5↦1.20543575121701E-10)}",
        "VehiclesX": "{(EgoVehicle↦200.0),(Vehicles2↦10.980632156133652),(Vehicles3↦34.97341573238373),(Vehicles4↦37.86625862121582),(Vehicles5↦90.86956977844238)}"
      },
      "probabilisticVariables": null,
      "activating": [
        "SLOWER_13"
      ],
      "activatingOnlyWhenExecuted": true,
      "updating": null,
      "withPredicate": null
    },
    {
      "id": "SLOWER_13",
      "execute": "SLOWER",
      "after": "1000",
      "priority": 0,
      "additionalGuards": null,
      "activationKind": null,
      "fixedVariables": {
        "Crash": "FALSE",
        "VehiclesAy": "{(EgoVehicle↦-6.394884621840902E-13),(Vehicles2↦4.339746340065176E-09),(Vehicles3↦1.5631940186722204E-10),(Vehicles4↦-6.794564910705958E-12),(Vehicles5↦1.2805756455236406E-10)}",
        "Reward": "0.7333333333608705",
        "VehiclesAx": "{(EgoVehicle↦0.0),(Vehicles2↦0.05659341812133789),(Vehicles3↦-3.5630881786346436),(Vehicles4↦3.759370595216751),(Vehicles5↦0.012984625645913184)}",
        "VehiclesVx": "{(EgoVehicle↦20.0),(Vehicles2↦0.9195426106452942),(Vehicles3↦-1.3004781305789948),(Vehicles4↦2.298794835805893),(Vehicles5↦-0.007298909476958215)}",
        "VehiclesY": "{(EgoVehicle↦8.000000238418579),(Vehicles2↦-8.000000238418579),(Vehicles3↦1.3322676295501878E-14),(Vehicles4↦-4.0000001192092896),(Vehicles5↦-2.5859314689569146E-12)}",
        "VehiclesVy": "{(EgoVehicle↦3.552713678800501E-14),(Vehicles2↦-2.590461178897385E-10),(Vehicles3↦-4.440892098500626E-14),(Vehicles4↦-7.460698725481052E-12),(Vehicles5↦7.51398943066306E-12)}",
        "VehiclesX": "{(EgoVehicle↦200.0),(Vehicles2↦11.869616061449051),(Vehicles3↦36.47196888923645),(Vehicles4↦37.25363314151764),(Vehicles5↦90.85474610328674)}"
      },
      "probabilisticVariables": null,
      "activating": [
        "SLOWER_14"
      ],
      "activatingOnlyWhenExecuted": true,
      "updating": null,
      "withPredicate": null
    },
    {
      "id": "SLOWER_14",
      "execute": "SLOWER",
      "after": "1000",
      "priority": 0,
      "additionalGuards": null,
      "activationKind": null,
      "fixedVariables": {
        "Crash": "FALSE",
        "VehiclesAy": "{(EgoVehicle↦-3.552713678800501E-14),(Vehicles2↦2.445244007276415E-10),(Vehicles3↦4.440892098500626E-14),(Vehicles4↦7.105427357601002E-12),(Vehicles5↦7.975842208907125E-12)}",
        "Reward": "0.7333333333369597",
        "VehiclesAx": "{(EgoVehicle↦0.0),(Vehicles2↦0.023129433393478394),(Vehicles3↦0.13481631875038147),(Vehicles4↦0.005886256694793701),(Vehicles5↦0.009783841669559479)}",
        "VehiclesVx": "{(EgoVehicle↦20.0),(Vehicles2↦0.9426720440387726),(Vehicles3↦-1.1656618118286133),(Vehicles4↦2.3046810925006866),(Vehicles5↦0.0024849321926012635)}",
        "VehiclesY": "{(EgoVehicle↦8.000000238418579),(Vehicles2↦-8.000000238418579),(Vehicles3↦0.0),(Vehicles4↦-4.0000001192092896),(Vehicles5↦-1.5987211554602254E-13)}",
        "VehiclesVy": "{(EgoVehicle↦0.0),(Vehicles2↦-1.4521717162097048E-11),(Vehicles3↦0.0),(Vehicles4↦-3.552713678800501E-13),(Vehicles5↦4.618527782440651E-13)}",
        "VehiclesX": "{(EgoVehicle↦200.0),(Vehicles2↦12.80045211315155),(Vehicles3↦35.227227210998535),(Vehicles4↦39.55658972263336),(Vehicles5↦90.85160493850708)}"
      },
      "probabilisticVariables": null,
      "activating": [
        "SLOWER_15"
      ],
      "activatingOnlyWhenExecuted": true,
      "updating": null,
      "withPredicate": null
    },
    {
      "id": "SLOWER_15",
      "execute": "SLOWER",
      "after": "1000",
      "priority": 0,
      "additionalGuards": null,
      "activationKind": null,
      "fixedVariables": {
        "Crash": "FALSE",
        "VehiclesAy": "{(EgoVehicle↦0.0),(Vehicles2↦1.3713474800169934E-11),(Vehicles3↦0.0),(Vehicles4↦3.375077994860476E-13),(Vehicles5↦4.973799150320701E-13)}",
        "Reward": "0.7333333333338109",
        "VehiclesAx": "{(EgoVehicle↦0.0),(Vehicles2↦0.0031507015228271484),(Vehicles3↦0.11444889008998871),(Vehicles4↦-0.011558830738067627),(Vehicles5↦0.006987330270931125)}",
        "VehiclesVx": "{(EgoVehicle↦20.0),(Vehicles2↦0.9458227455615997),(Vehicles3↦-1.0512129217386246),(Vehicles4↦2.293122261762619),(Vehicles5↦0.009472262463532388)}",
        "VehiclesY": "{(EgoVehicle↦8.000000238418579),(Vehicles2↦-8.000000238418579),(Vehicles3↦0.0),(Vehicles4↦-4.0000001192092896),(Vehicles5↦-9.325873406851315E-15)}",
        "VehiclesVy": "{(EgoVehicle↦0.0),(Vehicles2↦-8.08242361927114E-13),(Vehicles3↦0.0),(Vehicles4↦-1.7763568394002505E-14),(Vehicles5↦3.552713678800501E-14)}",
        "VehiclesX": "{(EgoVehicle↦200.0),(Vehicles2↦13.745592534542084),(Vehicles3↦34.10880267620087),(Vehicles4↦41.85768663883209),(Vehicles5↦90.85708856582642)}"
      },
      "probabilisticVariables": null,
      "activating": [
        "SLOWER_16"
      ],
      "activatingOnlyWhenExecuted": true,
      "updating": null,
      "withPredicate": null
    },
    {
      "id": "SLOWER_16",
      "execute": "SLOWER",
      "after": "1000",
      "priority": 0,
      "additionalGuards": null,
      "activationKind": null,
      "fixedVariables": {
        "Crash": "FALSE",
        "VehiclesAy": "{(EgoVehicle↦0.0),(Vehicles2↦7.638334409421077E-13),(Vehicles3↦0.0),(Vehicles4↦1.7763568394002505E-14),(Vehicles5↦3.552713678800501E-14)}",
        "Reward": "0.7333333333333963",
        "VehiclesAx": "{(EgoVehicle↦0.0),(Vehicles2↦-0.008575022220611572),(Vehicles3↦0.09800232946872711),(Vehicles4↦-0.021608620882034302),(Vehicles5↦0.0046368216862902045)}",
        "VehiclesVx": "{(EgoVehicle↦20.0),(Vehicles2↦0.9372477233409882),(Vehicles3↦-0.9532105922698975),(Vehicles4↦2.2715136408805847),(Vehicles5↦0.014109084149822593)}",
        "VehiclesY": "{(EgoVehicle↦8.000000238418579),(Vehicles2↦-8.000000238418579),(Vehicles3↦0.0),(Vehicles4↦-4.0000001192092896),(Vehicles5↦0.0)}",
        "VehiclesVy": "{(EgoVehicle↦0.0),(Vehicles2↦-4.440892098500626E-14),(Vehicles3↦0.0),(Vehicles4↦0.0),(Vehicles5↦0.0)}",
        "VehiclesX": "{(EgoVehicle↦200.0),(Vehicles2↦14.688687026500702),(Vehicles3↦33.097973465919495),(Vehicles4↦44.142767786979675),(Vehicles5↦90.86858630180359)}"
      },
      "probabilisticVariables": null,
      "activating": [
        "SLOWER_17"
      ],
      "activatingOnlyWhenExecuted": true,
      "updating": null,
      "withPredicate": null
    },
    {
      "id": "SLOWER_17",
      "execute": "SLOWER",
      "after": "1000",
      "priority": 0,
      "additionalGuards": null,
      "activationKind": null,
      "fixedVariables": {
        "Crash": "FALSE",
        "VehiclesAy": "{(EgoVehicle↦0.0),(Vehicles2↦4.440892098500626E-14),(Vehicles3↦0.0),(Vehicles4↦0.0),(Vehicles5↦0.0)}",
        "Reward": "0.7333333333333415",
        "VehiclesAx": "{(EgoVehicle↦0.0),(Vehicles2↦-0.015295818448066711),(Vehicles3↦0.08464232087135315),(Vehicles4↦-0.02741783857345581),(Vehicles5↦0.0027278007473796606)}",
        "VehiclesVx": "{(EgoVehicle↦20.0),(Vehicles2↦0.9219519048929214),(Vehicles3↦-0.8685682713985443),(Vehicles4↦2.244095802307129),(Vehicles5↦0.016836884897202253)}",
        "VehiclesY": "{(EgoVehicle↦8.000000238418579),(Vehicles2↦-8.000000238418579),(Vehicles3↦0.0),(Vehicles4↦-4.0000001192092896),(Vehicles5↦0.0)}",
        "VehiclesVy": "{(EgoVehicle↦0.0),(Vehicles2↦0.0),(Vehicles3↦0.0),(Vehicles4↦0.0),(Vehicles5↦0.0)}",
        "VehiclesX": "{(EgoVehicle↦200.0),(Vehicles2↦15.620210766792297),(Vehicles3↦32.17958211898804),(Vehicles4↦46.403661370277405),(Vehicles5↦90.8839225769043)}"
      },
      "probabilisticVariables": null,
      "activating": [
        "SLOWER_18"
      ],
      "activatingOnlyWhenExecuted": true,
      "updating": null,
      "withPredicate": null
    },
    {
      "id": "SLOWER_18",
      "execute": "SLOWER",
      "after": "1000",
      "priority": 0,
      "additionalGuards": null,
      "activationKind": null,
      "fixedVariables": {
        "Crash": "FALSE",
        "VehiclesAy": "{(EgoVehicle↦0.0),(Vehicles2↦0.0),(Vehicles3↦0.0),(Vehicles4↦0.0),(Vehicles5↦0.0)}",
        "Reward": "0.7333333333333344",
        "VehiclesAx": "{(EgoVehicle↦0.0),(Vehicles2↦-0.01899607479572296),(Vehicles3↦0.07370270788669586),(Vehicles4↦-0.030785948038101196),(Vehicles5↦0.0012342794798314571)}",
        "VehiclesVx": "{(EgoVehicle↦20.0),(Vehicles2↦0.9029558300971985),(Vehicles3↦-0.7948655635118484),(Vehicles4↦2.2133098542690277),(Vehicles5↦0.01807116437703371)}",
        "VehiclesY": "{(EgoVehicle↦8.000000238418579),(Vehicles2↦-8.000000238418579),(Vehicles3↦0.0),(Vehicles4↦-4.0000001192092896),(Vehicles5↦0.0)}",
        "VehiclesVy": "{(EgoVehicle↦0.0),(Vehicles2↦0.0),(Vehicles3↦0.0),(Vehicles4↦0.0),(Vehicles5↦0.0)}",
        "VehiclesX": "{(EgoVehicle↦200.0),(Vehicles2↦16.534774005413055),(Vehicles3↦31.34128749370575),(Vehicles4↦48.63564372062683),(Vehicles5↦90.9013569355011)}"
      },
      "probabilisticVariables": null,
      "activating": [
        "SLOWER_19"
      ],
      "activatingOnlyWhenExecuted": true,
      "updating": null,
      "withPredicate": null
    },
    {
      "id": "SLOWER_19",
      "execute": "SLOWER",
      "after": "1000",
      "priority": 0,
      "additionalGuards": null,
      "activationKind": null,
      "fixedVariables": {
        "Crash": "FALSE",
        "VehiclesAy": "{(EgoVehicle↦0.0),(Vehicles2↦0.0),(Vehicles3↦0.0),(Vehicles4↦0.0),(Vehicles5↦0.0)}",
        "Reward": "0.7333333333333334",
        "VehiclesAx": "{(EgoVehicle↦0.0),(Vehicles2↦-0.020876824855804443),(Vehicles3↦0.06466604769229889),(Vehicles4↦-0.03273382782936096),(Vehicles5↦0.00012077158316969872)}",
        "VehiclesVx": "{(EgoVehicle↦20.0),(Vehicles2↦0.882079005241394),(Vehicles3↦-0.7301995158195496),(Vehicles4↦2.1805760264396667),(Vehicles5↦0.01819193596020341)}",
        "VehiclesY": "{(EgoVehicle↦8.000000238418579),(Vehicles2↦-8.000000238418579),(Vehicles3↦0.0),(Vehicles4↦-4.0000001192092896),(Vehicles5↦0.0)}",
        "VehiclesVy": "{(EgoVehicle↦0.0),(Vehicles2↦0.0),(Vehicles3↦0.0),(Vehicles4↦0.0),(Vehicles5↦0.0)}",
        "VehiclesX": "{(EgoVehicle↦200.0),(Vehicles2↦17.429478466510773),(Vehicles3↦30.5729478597641),(Vehicles4↦50.835978984832764),(Vehicles5↦90.91955423355103)}"
      },
      "probabilisticVariables": null,
      "activating": [
        "SLOWER_20"
      ],
      "activatingOnlyWhenExecuted": true,
      "updating": null,
      "withPredicate": null
    },
    {
      "id": "SLOWER_20",
      "execute": "SLOWER",
      "after": "1000",
      "priority": 0,
      "additionalGuards": null,
      "activationKind": null,
      "fixedVariables": {
        "Crash": "FALSE",
        "VehiclesAy": "{(EgoVehicle↦0.0),(Vehicles2↦0.0),(Vehicles3↦0.0),(Vehicles4↦0.0),(Vehicles5↦0.0)}",
        "Reward": "0.7333333333333334",
        "VehiclesAx": "{(EgoVehicle↦0.0),(Vehicles2↦-0.021661370992660522),(Vehicles3↦0.057135969400405884),(Vehicles4↦-0.03383949398994446),(Vehicles5↦-0.0006519514136016369)}",
        "VehiclesVx": "{(EgoVehicle↦20.0),(Vehicles2↦0.8604176342487335),(Vehicles3↦-0.6730635464191437),(Vehicles4↦2.1467365324497223),(Vehicles5↦0.017539984546601772)}",
        "VehiclesY": "{(EgoVehicle↦8.000000238418579),(Vehicles2↦-8.000000238418579),(Vehicles3↦0.0),(Vehicles4↦-4.0000001192092896),(Vehicles5↦0.0)}",
        "VehiclesVy": "{(EgoVehicle↦0.0),(Vehicles2↦0.0),(Vehicles3↦0.0),(Vehicles4↦0.0),(Vehicles5↦0.0)}",
        "VehiclesX": "{(EgoVehicle↦200.0),(Vehicles2↦18.302923440933228),(Vehicles3↦29.86615300178528),(Vehicles4↦53.00307869911194),(Vehicles5↦90.93753099441528)}"
      },
      "probabilisticVariables": null,
      "activating": [
        "SLOWER_21"
      ],
      "activatingOnlyWhenExecuted": true,
      "updating": null,
      "withPredicate": null
    },
    {
      "id": "SLOWER_21",
      "execute": "SLOWER",
      "after": "1000",
      "priority": 0,
      "additionalGuards": null,
      "activationKind": null,
      "fixedVariables": {
        "Crash": "FALSE",
        "VehiclesAy": "{(EgoVehicle↦0.0),(Vehicles2↦0.0),(Vehicles3↦0.0),(Vehicles4↦0.0),(Vehicles5↦0.0)}",
        "Reward": "0.7333333333333334",
        "VehiclesAx": "{(EgoVehicle↦0.0),(Vehicles2↦-0.021784678101539612),(Vehicles3↦0.050810277462005615),(Vehicles4↦-0.034429579973220825),(Vehicles5↦-0.0011240202002227306)}",
        "VehiclesVx": "{(EgoVehicle↦20.0),(Vehicles2↦0.8386329561471939),(Vehicles3↦-0.6222532689571381),(Vehicles4↦2.1123069524765015),(Vehicles5↦0.01641596434637904)}",
        "VehiclesY": "{(EgoVehicle↦8.000000238418579),(Vehicles2↦-8.000000238418579),(Vehicles3↦0.0),(Vehicles4↦-4.0000001192092896),(Vehicles5↦0.0)}",
        "VehiclesVy": "{(EgoVehicle↦0.0),(Vehicles2↦0.0),(Vehicles3↦0.0),(Vehicles4↦0.0),(Vehicles5↦0.0)}",
        "VehiclesX": "{(EgoVehicle↦200.0),(Vehicles2↦19.154618680477142),(Vehicles3↦29.21387553215027),(Vehicles4↦55.13607859611511),(Vehicles5↦90.95464944839478)}"
      },
      "probabilisticVariables": null,
      "activating": [
        "SLOWER_22"
      ],
      "activatingOnlyWhenExecuted": true,
      "updating": null,
      "withPredicate": null
    },
    {
      "id": "SLOWER_22",
      "execute": "SLOWER",
      "after": "1000",
      "priority": 0,
      "additionalGuards": null,
      "activationKind": null,
      "fixedVariables": {
        "Crash": "FALSE",
        "VehiclesAy": "{(EgoVehicle↦0.0),(Vehicles2↦0.0),(Vehicles3↦0.0),(Vehicles4↦0.0),(Vehicles5↦0.0)}",
        "Reward": "0.7333333333333334",
        "VehiclesAx": "{(EgoVehicle↦0.0),(Vehicles2↦-0.02150818705558777),(Vehicles3↦0.045457594096660614),(Vehicles4↦-0.03468915820121765),(Vehicles5↦-0.0013349612709134817)}",
        "VehiclesVx": "{(EgoVehicle↦20.0),(Vehicles2↦0.8171247690916061),(Vehicles3↦-0.5767956748604774),(Vehicles4↦2.077617794275284),(Vehicles5↦0.01508100307546556)}",
        "VehiclesY": "{(EgoVehicle↦8.000000238418579),(Vehicles2↦-8.000000238418579),(Vehicles3↦0.0),(Vehicles4↦-4.0000001192092896),(Vehicles5↦0.0)}",
        "VehiclesVy": "{(EgoVehicle↦0.0),(Vehicles2↦0.0),(Vehicles3↦0.0),(Vehicles4↦0.0),(Vehicles5↦0.0)}",
        "VehiclesX": "{(EgoVehicle↦200.0),(Vehicles2↦19.984614849090576),(Vehicles3↦28.610199689865112),(Vehicles4↦57.234519720077515),(Vehicles5↦90.9705400466919)}"
      },
      "probabilisticVariables": null,
      "activating": [
        "SLOWER_23"
      ],
      "activatingOnlyWhenExecuted": true,
      "updating": null,
      "withPredicate": null
    },
    {
      "id": "SLOWER_23",
      "execute": "SLOWER",
      "after": "1000",
      "priority": 0,
      "additionalGuards": null,
      "activationKind": null,
      "fixedVariables": {
        "Crash": "FALSE",
        "VehiclesAy": "{(EgoVehicle↦0.0),(Vehicles2↦0.0),(Vehicles3↦0.0),(Vehicles4↦0.0),(Vehicles5↦0.0)}",
        "Reward": "0.7333333333333334",
        "VehiclesAx": "{(EgoVehicle↦0.0),(Vehicles2↦-0.0209895521402359),(Vehicles3↦0.04090022295713425),(Vehicles4↦-0.034723877906799316),(Vehicles5↦-0.001322795869782567)}",
        "VehiclesVx": "{(EgoVehicle↦20.0),(Vehicles2↦0.7961352169513702),(Vehicles3↦-0.5358954519033432),(Vehicles4↦2.0428939163684845),(Vehicles5↦0.013758207205682993)}",
        "VehiclesY": "{(EgoVehicle↦8.000000238418579),(Vehicles2↦-8.000000238418579),(Vehicles3↦0.0),(Vehicles4↦-4.0000001192092896),(Vehicles5↦0.0)}",
        "VehiclesVy": "{(EgoVehicle↦0.0),(Vehicles2↦0.0),(Vehicles3↦0.0),(Vehicles4↦0.0),(Vehicles5↦0.0)}",
        "VehiclesX": "{(EgoVehicle↦200.0),(Vehicles2↦20.79329490661621),(Vehicles3↦28.050100803375244),(Vehicles4↦59.29824113845825),(Vehicles5↦90.98508358001709)}"
      },
      "probabilisticVariables": null,
      "activating": [
        "SLOWER_24"
      ],
      "activatingOnlyWhenExecuted": true,
      "updating": null,
      "withPredicate": null
    },
    {
      "id": "SLOWER_24",
      "execute": "SLOWER",
      "after": "1000",
      "priority": 0,
      "additionalGuards": null,
      "activationKind": null,
      "fixedVariables": {
        "Crash": "FALSE",
        "VehiclesAy": "{(EgoVehicle↦0.0),(Vehicles2↦0.0),(Vehicles3↦0.0),(Vehicles4↦0.0),(Vehicles5↦0.0)}",
        "Reward": "0.7333333333333334",
        "VehiclesAx": "{(EgoVehicle↦0.0),(Vehicles2↦-0.020324215292930603),(Vehicles3↦0.03699988126754761),(Vehicles4↦-0.03459364175796509),(Vehicles5↦-0.00112345558591187)}",
        "VehiclesVx": "{(EgoVehicle↦20.0),(Vehicles2↦0.7758110016584396),(Vehicles3↦-0.4988955706357956),(Vehicles4↦2.0083002746105194),(Vehicles5↦0.012634751619771123)}",
        "VehiclesY": "{(EgoVehicle↦8.000000238418579),(Vehicles2↦-8.000000238418579),(Vehicles3↦0.0),(Vehicles4↦-4.0000001192092896),(Vehicles5↦0.0)}",
        "VehiclesVy": "{(EgoVehicle↦0.0),(Vehicles2↦0.0),(Vehicles3↦0.0),(Vehicles4↦0.0),(Vehicles5↦0.0)}",
        "VehiclesX": "{(EgoVehicle↦200.0),(Vehicles2↦21.581242978572845),(Vehicles3↦27.529293298721313),(Vehicles4↦61.32728457450867),(Vehicles5↦90.99836945533752)}"
      },
      "probabilisticVariables": null,
      "activating": [
        "SLOWER_25"
      ],
      "activatingOnlyWhenExecuted": true,
      "updating": null,
      "withPredicate": null
    },
    {
      "id": "SLOWER_25",
      "execute": "SLOWER",
      "after": "1000",
      "priority": 0,
      "additionalGuards": null,
      "activationKind": null,
      "fixedVariables": {
        "Crash": "FALSE",
        "VehiclesAy": "{(EgoVehicle↦0.0),(Vehicles2↦0.0),(Vehicles3↦0.0),(Vehicles4↦0.0),(Vehicles5↦0.0)}",
        "Reward": "0.7333333333333334",
        "VehiclesAx": "{(EgoVehicle↦0.0),(Vehicles2↦-0.019570589065551758),(Vehicles3↦0.03364786505699158),(Vehicles4↦-0.034333765506744385),(Vehicles5↦-0.0007703597657382488)}",
        "VehiclesVx": "{(EgoVehicle↦20.0),(Vehicles2↦0.7562404125928879),(Vehicles3↦-0.465247705578804),(Vehicles4↦1.973966509103775),(Vehicles5↦0.011864391854032874)}",
        "VehiclesY": "{(EgoVehicle↦8.000000238418579),(Vehicles2↦-8.000000238418579),(Vehicles3↦0.0),(Vehicles4↦-4.0000001192092896),(Vehicles5↦0.0)}",
        "VehiclesVy": "{(EgoVehicle↦0.0),(Vehicles2↦0.0),(Vehicles3↦0.0),(Vehicles4↦0.0),(Vehicles5↦0.0)}",
        "VehiclesX": "{(EgoVehicle↦200.0),(Vehicles2↦22.34916388988495),(Vehicles3↦27.044105529785156),(Vehicles4↦63.32182288169861),(Vehicles5↦91.01065993309021)}"
      },
      "probabilisticVariables": null,
      "activating": [
        "SLOWER_26"
      ],
      "activatingOnlyWhenExecuted": true,
      "updating": null,
      "withPredicate": null
    },
    {
      "id": "SLOWER_26",
      "execute": "SLOWER",
      "after": "1000",
      "priority": 0,
      "additionalGuards": null,
      "activationKind": null,
      "fixedVariables": {
        "Crash": "FALSE",
        "VehiclesAy": "{(EgoVehicle↦0.0),(Vehicles2↦0.0),(Vehicles3↦0.0),(Vehicles4↦0.0),(Vehicles5↦0.0)}",
        "Reward": "0.7333333333333334",
        "VehiclesAx": "{(EgoVehicle↦0.0),(Vehicles2↦-0.018764659762382507),(Vehicles3↦0.030757449567317963),(Vehicles4↦-0.033964961767196655),(Vehicles5↦-0.00029417104087769985)}",
        "VehiclesVx": "{(EgoVehicle↦20.0),(Vehicles2↦0.7374757528305054),(Vehicles3↦-0.43449025601148605),(Vehicles4↦1.9400015473365784),(Vehicles5↦0.011570220813155174)}",
        "VehiclesY": "{(EgoVehicle↦8.000000238418579),(Vehicles2↦-8.000000238418579),(Vehicles3↦0.0),(Vehicles4↦-4.0000001192092896),(Vehicles5↦0.0)}",
        "VehiclesVy": "{(EgoVehicle↦0.0),(Vehicles2↦0.0),(Vehicles3↦0.0),(Vehicles4↦0.0),(Vehicles5↦0.0)}",
        "VehiclesX": "{(EgoVehicle↦200.0),(Vehicles2↦23.0978325009346),(Vehicles3↦26.591375470161438),(Vehicles4↦65.28217196464539),(Vehicles5↦91.0223662853241)}"
      },
      "probabilisticVariables": null,
      "activating": [
        "SLOWER_27"
      ],
      "activatingOnlyWhenExecuted": true,
      "updating": null,
      "withPredicate": null
    },
    {
      "id": "SLOWER_27",
      "execute": "SLOWER",
      "after": "1000",
      "priority": 0,
      "additionalGuards": null,
      "activationKind": null,
      "fixedVariables": {
        "Crash": "FALSE",
        "VehiclesAy": "{(EgoVehicle↦0.0),(Vehicles2↦0.0),(Vehicles3↦0.0),(Vehicles4↦0.0),(Vehicles5↦0.0)}",
        "Reward": "0.7333333333333334",
        "VehiclesAx": "{(EgoVehicle↦0.0),(Vehicles2↦-0.01792922616004944),(Vehicles3↦0.028258822858333588),(Vehicles4↦-0.03350004553794861),(Vehicles5↦0.00027738744392991066)}",
        "VehiclesVx": "{(EgoVehicle↦20.0),(Vehicles2↦0.7195465266704559),(Vehicles3↦-0.40623143315315247),(Vehicles4↦1.9065015017986298),(Vehicles5↦0.011847608257085085)}",
        "VehiclesY": "{(EgoVehicle↦8.000000238418579),(Vehicles2↦-8.000000238418579),(Vehicles3↦0.0),(Vehicles4↦-4.0000001192092896),(Vehicles5↦0.0)}",
        "VehiclesVy": "{(EgoVehicle↦0.0),(Vehicles2↦0.0),(Vehicles3↦0.0),(Vehicles4↦0.0),(Vehicles5↦0.0)}",
        "VehiclesX": "{(EgoVehicle↦200.0),(Vehicles2↦23.828068375587463),(Vehicles3↦26.168376207351685),(Vehicles4↦67.208731174469),(Vehicles5↦91.03399515151978)}"
      },
      "probabilisticVariables": null,
      "activating": [
        "SLOWER_28"
      ],
      "activatingOnlyWhenExecuted": true,
      "updating": null,
      "withPredicate": null
    },
    {
      "id": "SLOWER_28",
      "execute": "SLOWER",
      "after": "1000",
      "priority": 0,
      "additionalGuards": null,
      "activationKind": null,
      "fixedVariables": {
        "Crash": "FALSE",
        "VehiclesAy": "{(EgoVehicle↦0.0),(Vehicles2↦0.0),(Vehicles3↦0.0),(Vehicles4↦0.0),(Vehicles5↦0.0)}",
        "Reward": "0.7333333333333334",
        "VehiclesAx": "{(EgoVehicle↦0.0),(Vehicles2↦-0.01707911491394043),(Vehicles3↦0.026094689965248108),(Vehicles4↦-0.03294810652732849),(Vehicles5↦0.0009195669554173946)}",
        "VehiclesVx": "{(EgoVehicle↦20.0),(Vehicles2↦0.7024674117565155),(Vehicles3↦-0.38013674318790436),(Vehicles4↦1.8735533952713013),(Vehicles5↦0.01276717521250248)}",
        "VehiclesY": "{(EgoVehicle↦8.000000238418579),(Vehicles2↦-8.000000238418579),(Vehicles3↦0.0),(Vehicles4↦-4.0000001192092896),(Vehicles5↦0.0)}",
        "VehiclesVy": "{(EgoVehicle↦0.0),(Vehicles2↦0.0),(Vehicles3↦0.0),(Vehicles4↦0.0),(Vehicles5↦0.0)}",
        "VehiclesX": "{(EgoVehicle↦200.0),(Vehicles2↦24.540714919567108),(Vehicles3↦25.77274441719055),(Vehicles4↦69.10200715065002),(Vehicles5↦91.04616045951843)}"
      },
      "probabilisticVariables": null,
      "activating": [
        "SLOWER_29"
      ],
      "activatingOnlyWhenExecuted": true,
      "updating": null,
      "withPredicate": null
    },
    {
      "id": "SLOWER_29",
      "execute": "SLOWER",
      "after": "1000",
      "priority": 0,
      "additionalGuards": null,
      "activationKind": null,
      "fixedVariables": {
        "Crash": "FALSE",
        "VehiclesAy": "{(EgoVehicle↦0.0),(Vehicles2↦0.0),(Vehicles3↦0.0),(Vehicles4↦0.0),(Vehicles5↦0.0)}",
        "Reward": "0.7333333333333334",
        "VehiclesAx": "{(EgoVehicle↦0.0),(Vehicles2↦-0.016223862767219543),(Vehicles3↦0.024217665195465088),(Vehicles4↦-0.0323157012462616),(Vehicles5↦0.001610579201951623)}",
        "VehiclesVx": "{(EgoVehicle↦20.0),(Vehicles2↦0.686243548989296),(Vehicles3↦-0.35591907799243927),(Vehicles4↦1.8412376940250397),(Vehicles5↦0.014377754414454103)}",
        "VehiclesY": "{(EgoVehicle↦8.000000238418579),(Vehicles2↦-8.000000238418579),(Vehicles3↦0.0),(Vehicles4↦-4.0000001192092896),(Vehicles5↦0.0)}",
        "VehiclesVy": "{(EgoVehicle↦0.0),(Vehicles2↦0.0),(Vehicles3↦0.0),(Vehicles4↦0.0),(Vehicles5↦0.0)}",
        "VehiclesX": "{(EgoVehicle↦200.0),(Vehicles2↦25.236624479293823),(Vehicles3↦25.402432680130005),(Vehicles4↦70.9625780582428),(Vehicles5↦91.05951189994812)}"
      },
      "probabilisticVariables": null,
      "activating": [
        "SLOWER_30"
      ],
      "activatingOnlyWhenExecuted": true,
      "updating": null,
      "withPredicate": null
    },
    {
      "id": "SLOWER_30",
      "execute": "SLOWER",
      "after": "1000",
      "priority": 0,
      "additionalGuards": null,
      "activationKind": null,
      "fixedVariables": {
        "Crash": "FALSE",
        "VehiclesAy": "{(EgoVehicle↦0.0),(Vehicles2↦0.0),(Vehicles3↦0.0),(Vehicles4↦0.0),(Vehicles5↦0.0)}",
        "Reward": "0.7333333333333334",
        "VehiclesAx": "{(EgoVehicle↦0.0),(Vehicles2↦-1.0195744037628174),(Vehicles3↦1.0267920047044754),(Vehicles4↦-0.031608641147613525),(Vehicles5↦0.002331503201276064)}",
        "VehiclesVx": "{(EgoVehicle↦20.0),(Vehicles2↦-0.3333308547735214),(Vehicles3↦0.6708729267120361),(Vehicles4↦1.8096290528774261),(Vehicles5↦0.016709257615730166)}",
        "VehiclesY": "{(EgoVehicle↦8.000000238418579),(Vehicles2↦0.0),(Vehicles3↦-8.000000238418579),(Vehicles4↦-4.0000001192092896),(Vehicles5↦0.0)}",
        "VehiclesVy": "{(EgoVehicle↦0.0),(Vehicles2↦0.0),(Vehicles3↦0.0),(Vehicles4↦0.0),(Vehicles5↦0.0)}",
        "VehiclesX": "{(EgoVehicle↦200.0),(Vehicles2↦25.055670738220215),(Vehicles3↦25.916650891304016),(Vehicles4↦72.79111742973328),(Vehicles5↦91.07476472854614)}"
      },
      "probabilisticVariables": null,
      "activating": [
        "SLOWER_31"
      ],
      "activatingOnlyWhenExecuted": true,
      "updating": null,
      "withPredicate": null
    },
    {
      "id": "SLOWER_31",
      "execute": "SLOWER",
      "after": "1000",
      "priority": 0,
      "additionalGuards": null,
      "activationKind": null,
      "fixedVariables": {
        "Crash": "FALSE",
        "VehiclesAy": "{(EgoVehicle↦0.0),(Vehicles2↦0.0),(Vehicles3↦0.0),(Vehicles4↦0.0),(Vehicles5↦0.0)}",
        "Reward": "0.7333333333333334",
        "VehiclesAx": "{(EgoVehicle↦0.0),(Vehicles2↦0.021172743290662766),(Vehicles3↦-0.01452416181564331),(Vehicles4↦-0.030832290649414062),(Vehicles5↦0.003066133940592408)}",
        "VehiclesVx": "{(EgoVehicle↦20.0),(Vehicles2↦-0.31215811148285866),(Vehicles3↦0.6563487648963928),(Vehicles4↦1.778796762228012),(Vehicles5↦0.019775391556322575)}",
        "VehiclesY": "{(EgoVehicle↦8.000000238418579),(Vehicles2↦0.0),(Vehicles3↦-8.000000238418579),(Vehicles4↦-4.0000001192092896),(Vehicles5↦0.0)}",
        "VehiclesVy": "{(EgoVehicle↦0.0),(Vehicles2↦0.0),(Vehicles3↦0.0),(Vehicles4↦0.0),(Vehicles5↦0.0)}",
        "VehiclesX": "{(EgoVehicle↦200.0),(Vehicles2↦24.7309148311615),(Vehicles3↦26.581647992134094),(Vehicles4↦74.58834648132324),(Vehicles5↦91.09264016151428)}"
      },
      "probabilisticVariables": null,
      "activating": [
        "SLOWER_32"
      ],
      "activatingOnlyWhenExecuted": true,
      "updating": null,
      "withPredicate": null
    },
    {
      "id": "SLOWER_32",
      "execute": "SLOWER",
      "after": "1000",
      "priority": 0,
      "additionalGuards": null,
      "activationKind": null,
      "fixedVariables": {
        "Crash": "FALSE",
        "VehiclesAy": "{(EgoVehicle↦0.0),(Vehicles2↦0.0),(Vehicles3↦0.0),(Vehicles4↦0.0),(Vehicles5↦0.0)}",
        "Reward": "0.7333333333333334",
        "VehiclesAx": "{(EgoVehicle↦0.0),(Vehicles2↦0.019942782819271088),(Vehicles3↦-0.013688132166862488),(Vehicles4↦-0.02999216318130493),(Vehicles5↦0.0038008135743439198)}",
        "VehiclesVx": "{(EgoVehicle↦20.0),(Vehicles2↦-0.29221532866358757),(Vehicles3↦0.6426606327295303),(Vehicles4↦1.7488045990467072),(Vehicles5↦0.023576205130666494)}",
        "VehiclesY": "{(EgoVehicle↦8.000000238418579),(Vehicles2↦0.0),(Vehicles3↦-8.000000238418579),(Vehicles4↦-4.0000001192092896),(Vehicles5↦0.0)}",
        "VehiclesVy": "{(EgoVehicle↦0.0),(Vehicles2↦0.0),(Vehicles3↦0.0),(Vehicles4↦0.0),(Vehicles5↦0.0)}",
        "VehiclesX": "{(EgoVehicle↦200.0),(Vehicles2↦24.42682534456253),(Vehicles3↦27.232453227043152),(Vehicles4↦76.35507583618164),(Vehicles5↦91.11387729644775)}"
      },
      "probabilisticVariables": null,
      "activating": [
        "SLOWER_33"
      ],
      "activatingOnlyWhenExecuted": true,
      "updating": null,
      "withPredicate": null
    },
    {
      "id": "SLOWER_33",
      "execute": "SLOWER",
      "after": "1000",
      "priority": 0,
      "additionalGuards": null,
      "activationKind": null,
      "fixedVariables": {
        "Crash": "FALSE",
        "VehiclesAy": "{(EgoVehicle↦0.0),(Vehicles2↦0.0),(Vehicles3↦0.0),(Vehicles4↦0.0),(Vehicles5↦0.0)}",
        "Reward": "0.7333333333333334",
        "VehiclesAx": "{(EgoVehicle↦0.0),(Vehicles2↦0.01887379214167595),(Vehicles3↦-0.012865737080574036),(Vehicles4↦-0.029093921184539795),(Vehicles5↦0.004524220712482929)}",
        "VehiclesVx": "{(EgoVehicle↦20.0),(Vehicles2↦-0.2733415365219116),(Vehicles3↦0.6297948956489563),(Vehicles4↦1.7197106778621674),(Vehicles5↦0.028100425843149424)}",
        "VehiclesY": "{(EgoVehicle↦8.000000238418579),(Vehicles2↦0.0),(Vehicles3↦-8.000000238418579),(Vehicles4↦-4.0000001192092896),(Vehicles5↦0.0)}",
        "VehiclesVy": "{(EgoVehicle↦0.0),(Vehicles2↦0.0),(Vehicles3↦0.0),(Vehicles4↦0.0),(Vehicles5↦0.0)}",
        "VehiclesX": "{(EgoVehicle↦200.0),(Vehicles2↦24.14223849773407),(Vehicles3↦27.869904041290283),(Vehicles4↦78.09216976165771),(Vehicles5↦91.1392092704773)}"
      },
      "probabilisticVariables": null,
      "activating": [
        "SLOWER_34"
      ],
      "activatingOnlyWhenExecuted": true,
      "updating": null,
      "withPredicate": null
    },
    {
      "id": "SLOWER_34",
      "execute": "SLOWER",
      "after": "1000",
      "priority": 0,
      "additionalGuards": null,
      "activationKind": null,
      "fixedVariables": {
        "Crash": "FALSE",
        "VehiclesAy": "{(EgoVehicle↦0.0),(Vehicles2↦0.0),(Vehicles3↦0.0),(Vehicles4↦0.0),(Vehicles5↦0.0)}",
        "Reward": "0.7333333333333334",
        "VehiclesAx": "{(EgoVehicle↦0.0),(Vehicles2↦0.017944667488336563),(Vehicles3↦-0.012059099972248077),(Vehicles4↦-0.028142929077148438),(Vehicles5↦0.005227150395512581)}",
        "VehiclesVx": "{(EgoVehicle↦20.0),(Vehicles2↦-0.25539686903357506),(Vehicles3↦0.6177357956767082),(Vehicles4↦1.691567748785019),(Vehicles5↦0.033327576238662004)}",
        "VehiclesY": "{(EgoVehicle↦8.000000238418579),(Vehicles2↦0.0),(Vehicles3↦-8.000000238418579),(Vehicles4↦-4.0000001192092896),(Vehicles5↦0.0)}",
        "VehiclesVy": "{(EgoVehicle↦0.0),(Vehicles2↦0.0),(Vehicles3↦0.0),(Vehicles4↦0.0),(Vehicles5↦0.0)}",
        "VehiclesX": "{(EgoVehicle↦200.0),(Vehicles2↦23.876143991947174),(Vehicles3↦28.494811058044434),(Vehicles4↦79.800546169281),(Vehicles5↦91.16934537887573)}"
      },
      "probabilisticVariables": null,
      "activating": [
        "SLOWER_35"
      ],
      "activatingOnlyWhenExecuted": true,
      "updating": null,
      "withPredicate": null
    },
    {
      "id": "SLOWER_35",
      "execute": "SLOWER",
      "after": "1000",
      "priority": 0,
      "additionalGuards": null,
      "activationKind": null,
      "fixedVariables": {
        "Crash": "FALSE",
        "VehiclesAy": "{(EgoVehicle↦0.0),(Vehicles2↦0.0),(Vehicles3↦0.0),(Vehicles4↦0.0),(Vehicles5↦0.0)}",
        "Reward": "0.7333333333333334",
        "VehiclesAx": "{(EgoVehicle↦0.0),(Vehicles2↦0.017137061804533005),(Vehicles3↦-0.011270157992839813),(Vehicles4↦-0.027145743370056152),(Vehicles5↦0.005902296397835016)}",
        "VehiclesVx": "{(EgoVehicle↦20.0),(Vehicles2↦-0.23825980722904205),(Vehicles3↦0.6064656376838684),(Vehicles4↦1.6644220054149628),(Vehicles5↦0.03922987263649702)}",
        "VehiclesY": "{(EgoVehicle↦8.000000238418579),(Vehicles2↦0.0),(Vehicles3↦-8.000000238418579),(Vehicles4↦-4.0000001192092896),(Vehicles5↦0.0)}",
        "VehiclesVy": "{(EgoVehicle↦0.0),(Vehicles2↦0.0),(Vehicles3↦0.0),(Vehicles4↦0.0),(Vehicles5↦0.0)}",
        "VehiclesX": "{(EgoVehicle↦200.0),(Vehicles2↦23.627662658691406),(Vehicles3↦29.107975959777832),(Vehicles4↦81.48117661476135),(Vehicles5↦91.20498299598694)}"
      },
      "probabilisticVariables": null,
      "activating": [
        "SLOWER_36"
      ],
      "activatingOnlyWhenExecuted": true,
      "updating": null,
      "withPredicate": null
    },
    {
      "id": "SLOWER_36",
      "execute": "SLOWER",
      "after": "1000",
      "priority": 0,
      "additionalGuards": null,
      "activationKind": null,
      "fixedVariables": {
        "Crash": "FALSE",
        "VehiclesAy": "{(EgoVehicle↦0.0),(Vehicles2↦0.0),(Vehicles3↦0.0),(Vehicles4↦0.0),(Vehicles5↦0.0)}",
        "Reward": "0.7333333333333334",
        "VehiclesAx": "{(EgoVehicle↦0.0),(Vehicles2↦0.016435030847787857),(Vehicles3↦-0.01050066202878952),(Vehicles4↦-0.02610817551612854),(Vehicles5↦0.006544026546180248)}",
        "VehiclesVx": "{(EgoVehicle↦20.0),(Vehicles2↦-0.2218247763812542),(Vehicles3↦0.5959649756550789),(Vehicles4↦1.6383138298988342),(Vehicles5↦0.04577389918267727)}",
        "VehiclesY": "{(EgoVehicle↦8.000000238418579),(Vehicles2↦0.0),(Vehicles3↦-8.000000238418579),(Vehicles4↦-4.0000001192092896),(Vehicles5↦0.0)}",
        "VehiclesVy": "{(EgoVehicle↦0.0),(Vehicles2↦0.0),(Vehicles3↦0.0),(Vehicles4↦0.0),(Vehicles5↦0.0)}",
        "VehiclesX": "{(EgoVehicle↦200.0),(Vehicles2↦23.396028578281403),(Vehicles3↦29.710182547569275),(Vehicles4↦83.13506841659546),(Vehicles5↦91.24677777290344)}"
      },
      "probabilisticVariables": null,
      "activating": [
        "FASTER_37"
      ],
      "activatingOnlyWhenExecuted": true,
      "updating": null,
      "withPredicate": null
    },
    {
      "id": "FASTER_37",
      "execute": "FASTER",
      "after": "1000",
      "priority": 0,
      "additionalGuards": null,
      "activationKind": null,
      "fixedVariables": {
        "Crash": "FALSE",
        "VehiclesAy": "{(EgoVehicle↦0.0),(Vehicles2↦0.0),(Vehicles3↦0.0),(Vehicles4↦0.0),(Vehicles5↦0.0)}",
        "Reward": "0.8491083676268861",
        "VehiclesAx": "{(EgoVehicle↦4.341564178466797),(Vehicles2↦-4.325739312916994),(Vehicles3↦-4.351315386593342),(Vehicles4↦-4.366600811481476),(Vehicles5↦-4.334415709599853)}",
        "VehiclesVx": "{(EgoVehicle↦24.341564178466797),(Vehicles2↦-4.547564089298248),(Vehicles3↦-3.755350410938263),(Vehicles4↦-2.7282869815826416),(Vehicles5↦-4.288641810417175)}",
        "VehiclesY": "{(EgoVehicle↦8.000000238418579),(Vehicles2↦0.0),(Vehicles3↦-8.000000238418579),(Vehicles4↦-4.0000001192092896),(Vehicles5↦0.0)}",
        "VehiclesVy": "{(EgoVehicle↦0.0),(Vehicles2↦0.0),(Vehicles3↦0.0),(Vehicles4↦0.0),(Vehicles5↦0.0)}",
        "VehiclesX": "{(EgoVehicle↦200.0),(Vehicles2↦20.785517990589142),(Vehicles3↦27.907124161720276),(Vehicles4↦82.3682188987732),(Vehicles5↦88.9003038406372)}"
      },
      "probabilisticVariables": null,
      "activating": [
        "SLOWER_38"
      ],
      "activatingOnlyWhenExecuted": true,
      "updating": null,
      "withPredicate": null
    },
    {
      "id": "SLOWER_38",
      "execute": "SLOWER",
      "after": "1000",
      "priority": 0,
      "additionalGuards": null,
      "activationKind": null,
      "fixedVariables": {
        "Crash": "FALSE",
        "VehiclesAy": "{(EgoVehicle↦0.0),(Vehicles2↦0.0),(Vehicles3↦0.0),(Vehicles4↦0.0),(Vehicles5↦0.0)}",
        "Reward": "0.7485794283843362",
        "VehiclesAx": "{(EgoVehicle↦-3.76983642578125),(Vehicles2↦3.785128965973854),(Vehicles3↦3.760810495004989),(Vehicles4↦3.745897337794304),(Vehicles5↦3.7775471806526184)}",
        "VehiclesVx": "{(EgoVehicle↦20.571727752685547),(Vehicles2↦-0.7624351233243942),(Vehicles3↦0.005460084066726267),(Vehicles4↦1.0176103562116623),(Vehicles5↦-0.5110946297645569)}",
        "VehiclesY": "{(EgoVehicle↦8.000000238418579),(Vehicles2↦0.0),(Vehicles3↦-8.000000238418579),(Vehicles4↦-4.0000001192092896),(Vehicles5↦0.0)}",
        "VehiclesVy": "{(EgoVehicle↦0.0),(Vehicles2↦0.0),(Vehicles3↦0.0),(Vehicles4↦0.0),(Vehicles5↦0.0)}",
        "VehiclesX": "{(EgoVehicle↦200.0),(Vehicles2↦18.32377314567566),(Vehicles3↦26.227769255638123),(Vehicles4↦81.70993328094482),(Vehicles5↦86.69436573982239)}"
      },
      "probabilisticVariables": null,
      "activating": [
        "SLOWER_39"
      ],
      "activatingOnlyWhenExecuted": true,
      "updating": null,
      "withPredicate": null
    },
    {
      "id": "SLOWER_39",
      "execute": "SLOWER",
      "after": "1000",
      "priority": 0,
      "additionalGuards": null,
      "activationKind": null,
      "fixedVariables": {
        "Crash": "FALSE",
        "VehiclesAy": "{(EgoVehicle↦0.0),(Vehicles2↦0.0),(Vehicles3↦0.0),(Vehicles4↦0.0),(Vehicles5↦0.0)}",
        "Reward": "0.7353410495540414",
        "VehiclesAx": "{(EgoVehicle↦-0.49643754959106445),(Vehicles2↦0.5112706311047077),(Vehicles3↦0.4881192365428433),(Vehicles4↦0.4736214131116867),(Vehicles5↦0.5046724452404305)}",
        "VehiclesVx": "{(EgoVehicle↦20.075290203094482),(Vehicles2↦-0.2511644922196865),(Vehicles3↦0.49357932060956955),(Vehicles4↦1.491231769323349),(Vehicles5↦-0.006422184524126351)}",
        "VehiclesY": "{(EgoVehicle↦8.000000238418579),(Vehicles2↦0.0),(Vehicles3↦-8.000000238418579),(Vehicles4↦-4.0000001192092896),(Vehicles5↦0.0)}",
        "VehiclesVy": "{(EgoVehicle↦0.0),(Vehicles2↦0.0),(Vehicles3↦0.0),(Vehicles4↦0.0),(Vehicles5↦0.0)}",
        "VehiclesX": "{(EgoVehicle↦200.0),(Vehicles2↦17.841170728206635),(Vehicles3↦26.503711938858032),(Vehicles4↦82.99219012260437),(Vehicles5↦86.46038770675659)}"
      },
      "probabilisticVariables": null,
      "activating": [
        "SLOWER_40"
      ],
      "activatingOnlyWhenExecuted": true,
      "updating": null,
      "withPredicate": null
    },
    {
      "id": "SLOWER_40",
      "execute": "SLOWER",
      "after": "1000",
      "priority": 0,
      "additionalGuards": null,
      "activationKind": null,
      "fixedVariables": {
        "Crash": "FALSE",
        "VehiclesAy": "{(EgoVehicle↦0.0),(Vehicles2↦0.0),(Vehicles3↦0.0),(Vehicles4↦0.0),(Vehicles5↦0.0)}",
        "Reward": "0.7335977239467599",
        "VehiclesAx": "{(EgoVehicle↦-0.06537437438964844),(Vehicles2↦0.07980326190590858),(Vehicles3↦0.057736076414585114),(Vehicles4↦0.04369184374809265),(Vehicles5↦0.07408609904814512)}",
        "VehiclesVx": "{(EgoVehicle↦20.009915828704834),(Vehicles2↦-0.17136123031377792),(Vehicles3↦0.5513153970241547),(Vehicles4↦1.5349236130714417),(Vehicles5↦0.06766391452401876)}",
        "VehiclesY": "{(EgoVehicle↦8.000000238418579),(Vehicles2↦0.0),(Vehicles3↦-8.000000238418579),(Vehicles4↦-4.0000001192092896),(Vehicles5↦0.0)}",
        "VehiclesVy": "{(EgoVehicle↦0.0),(Vehicles2↦0.0),(Vehicles3↦0.0),(Vehicles4↦0.0),(Vehicles5↦0.0)}",
        "VehiclesX": "{(EgoVehicle↦200.0),(Vehicles2↦17.63187199831009),(Vehicles3↦27.030247449874878),(Vehicles4↦84.51071977615356),(Vehicles5↦86.49348020553589)}"
      },
      "probabilisticVariables": null,
      "activating": [
        "SLOWER_41"
      ],
      "activatingOnlyWhenExecuted": true,
      "updating": null,
      "withPredicate": null
    },
    {
      "id": "SLOWER_41",
      "execute": "SLOWER",
      "after": "1000",
      "priority": 0,
      "additionalGuards": null,
      "activationKind": null,
      "fixedVariables": {
        "Crash": "FALSE",
        "VehiclesAy": "{(EgoVehicle↦0.0),(Vehicles2↦0.0),(Vehicles3↦0.0),(Vehicles4↦0.0),(Vehicles5↦0.0)}",
        "Reward": "0.7333681502042372",
        "VehiclesAx": "{(EgoVehicle↦-0.008609294891357422),(Vehicles2↦0.022685863077640533),(Vehicles3↦0.0016280636191368103),(Vehicles4↦-0.011930018663406372),(Vehicles5↦0.017755175940692425)}",
        "VehiclesVx": "{(EgoVehicle↦20.001306533813477),(Vehicles2↦-0.1486753672361374),(Vehicles3↦0.5529434606432915),(Vehicles4↦1.5229935944080353),(Vehicles5↦0.08541909046471119)}",
        "VehiclesY": "{(EgoVehicle↦8.000000238418579),(Vehicles2↦0.0),(Vehicles3↦-8.000000238418579),(Vehicles4↦-4.0000001192092896),(Vehicles5↦0.0)}",
        "VehiclesVy": "{(EgoVehicle↦0.0),(Vehicles2↦0.0),(Vehicles3↦0.0),(Vehicles4↦0.0),(Vehicles5↦0.0)}",
        "VehiclesX": "{(EgoVehicle↦200.0),(Vehicles2↦17.470917105674744),(Vehicles3↦27.583467960357666),(Vehicles4↦86.04208827018738),(Vehicles5↦86.56951785087585)}"
      },
      "probabilisticVariables": null,
      "activating": [
        "SLOWER_42"
      ],
      "activatingOnlyWhenExecuted": true,
      "updating": null,
      "withPredicate": null
    },
    {
      "id": "SLOWER_42",
      "execute": "SLOWER",
      "after": "1000",
      "priority": 0,
      "additionalGuards": null,
      "activationKind": null,
      "fixedVariables": {
        "Crash": "FALSE",
        "VehiclesAy": "{(EgoVehicle↦0.0),(Vehicles2↦0.0),(Vehicles3↦0.0),(Vehicles4↦0.0),(Vehicles5↦0.0)}",
        "Reward": "0.7333379182710655",
        "VehiclesAx": "{(EgoVehicle↦-0.0011348724365234375),(Vehicles2↦0.01490280032157898),(Vehicles3↦-0.005213618278503418),(Vehicles4↦-1.4269028045237064),(Vehicles5↦1.4193164091557264)}",
        "VehiclesVx": "{(EgoVehicle↦20.000171661376953),(Vehicles2↦-0.1337725669145584),(Vehicles3↦0.547729842364788),(Vehicles4↦0.09609078988432884),(Vehicles5↦1.5047354996204376)}",
        "VehiclesY": "{(EgoVehicle↦8.000000238418579),(Vehicles2↦0.0),(Vehicles3↦-8.000000238418579),(Vehicles4↦0.0),(Vehicles5↦-4.0000001192092896)}",
        "VehiclesVy": "{(EgoVehicle↦0.0),(Vehicles2↦0.0),(Vehicles3↦0.0),(Vehicles4↦0.0),(Vehicles5↦0.0)}",
        "VehiclesX": "{(EgoVehicle↦200.0),(Vehicles2↦17.328397929668427),(Vehicles3↦28.1344473361969),(Vehicles4↦86.65934801101685),(Vehicles5↦87.55785822868347)}"
      },
      "probabilisticVariables": null,
      "activating": [
        "LANE_RIGHT_43"
      ],
      "activatingOnlyWhenExecuted": true,
      "updating": null,
      "withPredicate": null
    },
    {
      "id": "LANE_RIGHT_43",
      "execute": "LANE_RIGHT",
      "after": "1000",
      "priority": 0,
      "additionalGuards": null,
      "activationKind": null,
      "fixedVariables": {
        "Crash": "FALSE",
        "VehiclesAy": "{(EgoVehicle↦0.0),(Vehicles2↦-6.667565703392029),(Vehicles3↦0.0),(Vehicles4↦0.0),(Vehicles5↦0.0)}",
        "Reward": "0.7333339371111417",
        "VehiclesAx": "{(EgoVehicle↦-0.00015020370483398438),(Vehicles2↦-1.1378244310617447),(Vehicles3↦-0.005588643252849579),(Vehicles4↦0.010037124156951904),(Vehicles5↦-0.018098056316375732)}",
        "VehiclesVx": "{(EgoVehicle↦20.00002145767212),(Vehicles2↦-1.271596997976303),(Vehicles3↦0.5421411991119385),(Vehicles4↦0.10612791404128075),(Vehicles5↦1.486637443304062)}",
        "VehiclesY": "{(EgoVehicle↦8.000000238418579),(Vehicles2↦-0.8550541698932648),(Vehicles3↦-8.000000238418579),(Vehicles4↦0.0),(Vehicles5↦-4.0000001192092896)}",
        "VehiclesVy": "{(EgoVehicle↦0.0),(Vehicles2↦-6.667565703392029),(Vehicles3↦0.0),(Vehicles4↦0.0),(Vehicles5↦0.0)}",
        "VehiclesX": "{(EgoVehicle↦200.0),(Vehicles2↦17.10708439350128),(Vehicles3↦28.679916262626648),(Vehicles4↦86.75944805145264),(Vehicles5↦89.0552818775177)}"
      },
      "probabilisticVariables": null,
      "activating": [
        "LANE_RIGHT_44"
      ],
      "activatingOnlyWhenExecuted": true,
      "updating": null,
      "withPredicate": null
    },
    {
      "id": "LANE_RIGHT_44",
      "execute": "LANE_RIGHT",
      "after": "1000",
      "priority": 0,
      "additionalGuards": null,
      "activationKind": null,
      "fixedVariables": {
        "Crash": "FALSE",
        "VehiclesAy": "{(EgoVehicle↦0.0),(Vehicles2↦6.004072651267052),(Vehicles3↦0.0),(Vehicles4↦0.0),(Vehicles5↦0.0)}",
        "Reward": "0.7333334128431681",
        "VehiclesAx": "{(EgoVehicle↦-1.9073486328125E-05),(Vehicles2↦1.2745834491215646),(Vehicles3↦-0.005133114755153656),(Vehicles4↦0.010216645896434784),(Vehicles5↦-0.017090588808059692)}",
        "VehiclesVx": "{(EgoVehicle↦20.00000238418579),(Vehicles2↦0.002986451145261526),(Vehicles3↦0.5370080843567848),(Vehicles4↦0.11634455993771553),(Vehicles5↦1.4695468544960022)}",
        "VehiclesY": "{(EgoVehicle↦8.000000238418579),(Vehicles2↦-3.7716954946517944),(Vehicles3↦-8.000000238418579),(Vehicles4↦0.0),(Vehicles5↦-4.0000001192092896)}",
        "VehiclesVy": "{(EgoVehicle↦0.0),(Vehicles2↦-0.6634930521249771),(Vehicles3↦0.0),(Vehicles4↦0.0),(Vehicles5↦0.0)}",
        "VehiclesX": "{(EgoVehicle↦200.0),(Vehicles2↦16.712307929992676),(Vehicles3↦29.219961166381836),(Vehicles4↦86.86964511871338),(Vehicles5↦90.53499698638916)}"
      },
      "probabilisticVariables": null,
      "activating": [
        "FASTER_45"
      ],
      "activatingOnlyWhenExecuted": true,
      "updating": null,
      "withPredicate": null
    },
    {
      "id": "FASTER_45",
      "execute": "FASTER",
      "after": "1000",
      "priority": 0,
      "additionalGuards": null,
      "activationKind": null,
      "fixedVariables": {
        "Crash": "FALSE",
        "VehiclesAy": "{(EgoVehicle↦0.0),(Vehicles2↦0.6224951613694429),(Vehicles3↦0.0),(Vehicles4↦0.0),(Vehicles5↦0.0)}",
        "Reward": "0.8491083780973171",
        "VehiclesAx": "{(EgoVehicle↦4.341561794281006),(Vehicles2↦-4.16640188312158),(Vehicles3↦-4.346152879297733),(Vehicles4↦-4.331094194203615),(Vehicles5↦-4.357546865940094)}",
        "VehiclesVx": "{(EgoVehicle↦24.341564178466797),(Vehicles2↦-4.163415431976318),(Vehicles3↦-3.8091447949409485),(Vehicles4↦-4.2147496342659),(Vehicles5↦-2.888000011444092)}",
        "VehiclesY": "{(EgoVehicle↦8.000000238418579),(Vehicles2↦-3.9859575033187866),(Vehicles3↦-8.000000238418579),(Vehicles4↦0.0),(Vehicles5↦-4.0000001192092896)}",
        "VehiclesVy": "{(EgoVehicle↦0.0),(Vehicles2↦-0.04099789075553417),(Vehicles3↦0.0),(Vehicles4↦0.0),(Vehicles5↦0.0)}",
        "VehiclesX": "{(EgoVehicle↦200.0),(Vehicles2↦14.400441944599152),(Vehicles3↦27.36002802848816),(Vehicles4↦84.59509611129761),(Vehicles5↦89.60300087928772)}"
      },
      "probabilisticVariables": null,
      "activating": [
        "FASTER_46"
      ],
      "activatingOnlyWhenExecuted": true,
      "updating": null,
      "withPredicate": null
    },
    {
      "id": "FASTER_46",
      "execute": "FASTER",
      "after": "1000",
      "priority": 0,
      "additionalGuards": null,
      "activationKind": null,
      "fixedVariables": {
        "Crash": "FALSE",
        "VehiclesAy": "{(EgoVehicle↦0.0),(Vehicles2↦0.03850967943435535),(Vehicles3↦0.0),(Vehicles4↦0.0),(Vehicles5↦0.0)}",
        "Reward": "0.980129498350264",
        "VehiclesAx": "{(EgoVehicle↦4.913291931152344),(Vehicles2↦-4.802307486534119),(Vehicles3↦-4.9173471331596375),(Vehicles4↦-4.9025920033454895),(Vehicles5↦-4.928169846534729)}",
        "VehiclesVx": "{(EgoVehicle↦29.25485610961914),(Vehicles2↦-8.965722918510437),(Vehicles3↦-8.726491928100586),(Vehicles4↦-9.11734163761139),(Vehicles5↦-7.816169857978821)}",
        "VehiclesY": "{(EgoVehicle↦8.000000238418579),(Vehicles2↦-3.9991493225097656),(Vehicles3↦-8.000000238418579),(Vehicles4↦0.0),(Vehicles5↦-4.0000001192092896)}",
        "VehiclesVy": "{(EgoVehicle↦0.0),(Vehicles2↦-0.0024882113211788237),(Vehicles3↦0.0),(Vehicles4↦0.0),(Vehicles5↦0.0)}",
        "VehiclesX": "{(EgoVehicle↦200.0),(Vehicles2↦7.574284076690674),(Vehicles3↦20.83875834941864),(Vehicles4↦77.67414450645447),(Vehicles5↦83.99850130081177)}"
      },
      "probabilisticVariables": null,
      "activating": [
        "SLOWER_47"
      ],
      "activatingOnlyWhenExecuted": true,
      "updating": null,
      "withPredicate": null
    },
    {
      "id": "SLOWER_47",
      "execute": "SLOWER",
      "after": "1000",
      "priority": 0,
      "additionalGuards": null,
      "activationKind": null,
      "fixedVariables": {
        "Crash": "FALSE",
        "VehiclesAy": "{(EgoVehicle↦0.0),(Vehicles2↦0.0023387817145703593),(Vehicles3↦0.0),(Vehicles4↦0.0),(Vehicles5↦0.0)}",
        "Reward": "0.8816082741311733",
        "VehiclesAx": "{(EgoVehicle↦-3.6945462226867676),(Vehicles2↦3.7727487087249756),(Vehicles3↦3.691004514694214),(Vehicles4↦3.7054431438446045),(Vehicles5↦3.6807557940483093)}",
        "VehiclesVx": "{(EgoVehicle↦25.560309886932373),(Vehicles2↦-5.192974209785461),(Vehicles3↦-5.035487413406372),(Vehicles4↦-5.411898493766785),(Vehicles5↦-4.1354140639305115)}",
        "VehiclesY": "{(EgoVehicle↦8.000000238418579),(Vehicles2↦-3.9999489784240723),(Vehicles3↦-8.000000238418579),(Vehicles4↦0.0),(Vehicles5↦-4.0000001192092896)}",
        "VehiclesVy": "{(EgoVehicle↦0.0),(Vehicles2↦-0.00014942960660846438),(Vehicles3↦0.0),(Vehicles4↦0.0),(Vehicles5↦0.0)}",
        "VehiclesX": "{(EgoVehicle↦200.0),(Vehicles2↦0.6799899507313967),(Vehicles3↦14.148938655853271),(Vehicles4↦70.59928178787231),(Vehicles5↦78.21485996246338)}"
      },
      "probabilisticVariables": null,
      "activating": [
        "FASTER_48"
      ],
      "activatingOnlyWhenExecuted": true,
      "updating": null,
      "withPredicate": null
    },
    {
      "id": "FASTER_48",
      "execute": "FASTER",
      "after": "1000",
      "priority": 0,
      "additionalGuards": null,
      "activationKind": null,
      "fixedVariables": {
        "Crash": "FALSE",
        "VehiclesAy": "{(EgoVehicle↦0.0),(Vehicles2↦0.00014052362587335665),(Vehicles3↦0.0),(Vehicles4↦0.0),(Vehicles5↦0.0)}",
        "Reward": "0.9844093200501955",
        "VehiclesAx": "{(EgoVehicle↦3.8550400733947754),(Vehicles2↦-3.796933889389038),(Vehicles3↦-3.8580912351608276),(Vehicles4↦-3.843976855278015),(Vehicles5↦-3.867765963077545)}",
        "VehiclesVx": "{(EgoVehicle↦29.41534996032715),(Vehicles2↦-8.9899080991745),(Vehicles3↦-8.8935786485672),(Vehicles4↦-9.2558753490448),(Vehicles5↦-8.003180027008057)}",
        "VehiclesY": "{(EgoVehicle↦8.000000238418579),(Vehicles2↦-3.9999969005584717),(Vehicles3↦-8.000000238418579),(Vehicles4↦0.0),(Vehicles5↦-4.0000001192092896)}",
        "VehiclesVy": "{(EgoVehicle↦0.0),(Vehicles2↦-8.905980735107732E-06),(Vehicles3↦0.0),(Vehicles4↦0.0),(Vehicles5↦0.0)}",
        "VehiclesX": "{(EgoVehicle↦200.0),(Vehicles2↦-6.615159660577774),(Vehicles3↦6.985526531934738),(Vehicles4↦63.06512951850891),(Vehicles5↦71.9476044178009)}"
      },
      "probabilisticVariables": null,
      "activating": [
        "SLOWER_49"
      ],
      "activatingOnlyWhenExecuted": true,
      "updating": null,
      "withPredicate": null
    },
    {
      "id": "SLOWER_49",
      "execute": "SLOWER",
      "after": "1000",
      "priority": 0,
      "additionalGuards": null,
      "activationKind": null,
      "fixedVariables": {
        "Crash": "FALSE",
        "VehiclesAy": "{(EgoVehicle↦0.0),(Vehicles2↦8.905980735107732E-06),(Vehicles3↦0.0),(Vehicles4↦0.0),(Vehicles5↦0.0)}",
        "Reward": "0.882171872050506",
        "VehiclesAx": "{(EgoVehicle↦-3.833904266357422),(Vehicles2↦3.927648663520813),(Vehicles3↦3.4828025102615356),(Vehicles4↦5.074908435344696),(Vehicles5↦2.8760939836502075)}",
        "VehiclesVx": "{(EgoVehicle↦25.581445693969727),(Vehicles2↦-5.0622594356536865),(Vehicles3↦-5.410776138305664),(Vehicles4↦-4.180966913700104),(Vehicles5↦-5.127086043357849)}",
        "VehiclesY": "{(EgoVehicle↦8.000000238418579),(Vehicles2↦-8.000000238418579),(Vehicles3↦0.0),(Vehicles4↦-4.0000001192092896),(Vehicles5↦-8.000000238418579)}",
        "VehiclesVy": "{(EgoVehicle↦0.0),(Vehicles2↦0.0),(Vehicles3↦0.0),(Vehicles4↦0.0),(Vehicles5↦0.0)}",
        "VehiclesX": "{(EgoVehicle↦200.0),(Vehicles2↦0.20588403567671776),(Vehicles3↦55.92872500419617),(Vehicles4↦66.05467200279236),(Vehicles5↦73.03559184074402)}"
      },
      "probabilisticVariables": null,
      "activating": [
        "SLOWER_50"
      ],
      "activatingOnlyWhenExecuted": true,
      "updating": null,
      "withPredicate": null
    },
    {
      "id": "SLOWER_50",
      "execute": "SLOWER",
      "after": "1000",
      "priority": 0,
      "additionalGuards": null,
      "activationKind": null,
      "fixedVariables": {
        "Crash": "FALSE",
        "VehiclesAy": "{(EgoVehicle↦0.0),(Vehicles2↦0.0),(Vehicles3↦0.0),(Vehicles4↦0.0),(Vehicles5↦0.0)}",
        "Reward": "0.7529334701191338",
        "VehiclesAx": "{(EgoVehicle↦-4.846441745758057),(Vehicles2↦4.844299461692572),(Vehicles3↦4.85773965716362),(Vehicles4↦4.835755601525307),(Vehicles5↦4.853114429861307)}",
        "VehiclesVx": "{(EgoVehicle↦20.73500394821167),(Vehicles2↦-0.21795997396111488),(Vehicles3↦-0.5530364811420441),(Vehicles4↦0.6547886878252029),(Vehicles5↦-0.273971613496542)}",
        "VehiclesY": "{(EgoVehicle↦8.000000238418579),(Vehicles2↦-8.000000238418579),(Vehicles3↦0.0),(Vehicles4↦-4.0000001192092896),(Vehicles5↦-8.000000238418579)}",
        "VehiclesVy": "{(EgoVehicle↦0.0),(Vehicles2↦0.0),(Vehicles3↦0.0),(Vehicles4↦0.0),(Vehicles5↦0.0)}",
        "VehiclesX": "{(EgoVehicle↦200.0),(Vehicles2↦-2.183685079216957),(Vehicles3↦53.19604277610779),(Vehicles4↦64.54293131828308),(Vehicles5↦70.58476209640503)}"
      },
      "probabilisticVariables": null,
      "activating": [
        "FASTER_51"
      ],
      "activatingOnlyWhenExecuted": true,
      "updating": null,
      "withPredicate": null
    },
    {
      "id": "FASTER_51",
      "execute": "FASTER",
      "after": "1000",
      "priority": 0,
      "additionalGuards": null,
      "activationKind": null,
      "fixedVariables": {
        "Crash": "FALSE",
        "VehiclesAy": "{(EgoVehicle↦0.0),(Vehicles2↦0.0),(Vehicles3↦0.0),(Vehicles4↦0.0),(Vehicles5↦0.0)}",
        "Reward": "0.8516894555986788",
        "VehiclesAx": "{(EgoVehicle↦3.7033510208129883),(Vehicles2↦-3.705067541450262),(Vehicles3↦-3.6919723451137543),(Vehicles4↦-3.71305949985981),(Vehicles5↦-3.6967324651777744)}",
        "VehiclesVx": "{(EgoVehicle↦24.438354969024658),(Vehicles2↦-3.923027515411377),(Vehicles3↦-4.245008826255798),(Vehicles4↦-3.058270812034607),(Vehicles5↦-3.9707040786743164)}",
        "VehiclesY": "{(EgoVehicle↦8.000000238418579),(Vehicles2↦-8.000000238418579),(Vehicles3↦0.0),(Vehicles4↦-4.0000001192092896),(Vehicles5↦-8.000000238418579)}",
        "VehiclesVy": "{(EgoVehicle↦0.0),(Vehicles2↦0.0),(Vehicles3↦0.0),(Vehicles4↦0.0),(Vehicles5↦0.0)}",
        "VehiclesX": "{(EgoVehicle↦200.0),(Vehicles2↦-4.445350542664528),(Vehicles3↦50.60456991195679),(Vehicles4↦63.15077543258667),(Vehicles5↦68.27045679092407)}"
      },
      "probabilisticVariables": null,
      "activating": [
        "SLOWER_52"
      ],
      "activatingOnlyWhenExecuted": true,
      "updating": null,
      "withPredicate": null
    },
    {
      "id": "SLOWER_52",
      "execute": "SLOWER",
      "after": "1000",
      "priority": 0,
      "additionalGuards": null,
      "activationKind": null,
      "fixedVariables": {
        "Crash": "FALSE",
        "VehiclesAy": "{(EgoVehicle↦0.0),(Vehicles2↦0.0),(Vehicles3↦0.0),(Vehicles4↦0.0),(Vehicles5↦0.0)}",
        "Reward": "0.7489193247427616",
        "VehiclesAx": "{(EgoVehicle↦-3.853881359100342),(Vehicles2↦3.852562685497105),(Vehicles3↦3.8653093203902245),(Vehicles4↦3.845110982656479),(Vehicles5↦3.860441315919161)}",
        "VehiclesVx": "{(EgoVehicle↦20.584473609924316),(Vehicles2↦-0.07046482991427183),(Vehicles3↦-0.3796995058655739),(Vehicles4↦0.786840170621872),(Vehicles5↦-0.11026276275515556)}",
        "VehiclesY": "{(EgoVehicle↦8.000000238418579),(Vehicles2↦-8.000000238418579),(Vehicles3↦0.0),(Vehicles4↦-4.0000001192092896),(Vehicles5↦-8.000000238418579)}",
        "VehiclesVy": "{(EgoVehicle↦0.0),(Vehicles2↦0.0),(Vehicles3↦0.0),(Vehicles4↦0.0),(Vehicles5↦0.0)}",
        "VehiclesX": "{(EgoVehicle↦200.0),(Vehicles2↦-6.242909654974937),(Vehicles3↦48.49015474319458),(Vehicles4↦62.21494674682617),(Vehicles5↦66.42841100692749)}"
      },
      "probabilisticVariables": null,
      "activating": [
        "FASTER_53"
      ],
      "activatingOnlyWhenExecuted": true,
      "updating": null,
      "withPredicate": null
    },
    {
      "id": "FASTER_53",
      "execute": "FASTER",
      "after": "1000",
      "priority": 0,
      "additionalGuards": null,
      "activationKind": null,
      "fixedVariables": {
        "Crash": "FALSE",
        "VehiclesAy": "{(EgoVehicle↦0.0),(Vehicles2↦0.0),(Vehicles3↦0.0),(Vehicles4↦0.0),(Vehicles5↦0.0)}",
        "Reward": "0.8511608438618726",
        "VehiclesAx": "{(EgoVehicle↦3.834056854248047),(Vehicles2↦-3.834993620403111),(Vehicles3↦-3.822597526013851),(Vehicles4↦-3.8419200479984283),(Vehicles5↦-3.827549684792757)}",
        "VehiclesVx": "{(EgoVehicle↦24.418530464172363),(Vehicles2↦-3.905458450317383),(Vehicles3↦-4.202297031879425),(Vehicles4↦-3.0550798773765564),(Vehicles5↦-3.9378124475479126)}",
        "VehiclesY": "{(EgoVehicle↦8.000000238418579),(Vehicles2↦-8.000000238418579),(Vehicles3↦0.0),(Vehicles4↦-4.0000001192092896),(Vehicles5↦-8.000000238418579)}",
        "VehiclesVy": "{(EgoVehicle↦0.0),(Vehicles2↦0.0),(Vehicles3↦0.0),(Vehicles4↦0.0),(Vehicles5↦0.0)}",
        "VehiclesX": "{(EgoVehicle↦200.0),(Vehicles2↦-8.428870141506195),(Vehicles3↦45.99994719028473),(Vehicles4↦60.88348031044006),(Vehicles5↦64.20566439628601)}"
      },
      "probabilisticVariables": null,
      "activating": [
        "SLOWER_54"
      ],
      "activatingOnlyWhenExecuted": true,
      "updating": null,
      "withPredicate": null
    },
    {
      "id": "SLOWER_54",
      "execute": "SLOWER",
      "after": "1000",
      "priority": 0,
      "additionalGuards": null,
      "activationKind": null,
      "fixedVariables": {
        "Crash": "FALSE",
        "VehiclesAy": "{(EgoVehicle↦0.0),(Vehicles2↦0.0),(Vehicles3↦0.0),(Vehicles4↦0.0),(Vehicles5↦0.0)}",
        "Reward": "0.7488497133206308",
        "VehiclesAx": "{(EgoVehicle↦-3.836665153503418),(Vehicles2↦3.551296815276146),(Vehicles3↦4.976891428232193),(Vehicles4↦2.960389396175742),(Vehicles5↦3.7345807254314423)}",
        "VehiclesVx": "{(EgoVehicle↦20.581865310668945),(Vehicles2↦-0.3541616350412369),(Vehicles3↦0.7745943963527679),(Vehicles4↦-0.09469048120081425),(Vehicles5↦-0.20323172211647034)}",
        "VehiclesY": "{(EgoVehicle↦8.000000238418579),(Vehicles2↦0.0),(Vehicles3↦-4.0000001192092896),(Vehicles4↦-8.000000238418579),(Vehicles5↦0.0)}",
        "VehiclesVy": "{(EgoVehicle↦0.0),(Vehicles2↦0.0),(Vehicles3↦0.0),(Vehicles4↦0.0),(Vehicles5↦0.0)}",
        "VehiclesX": "{(EgoVehicle↦200.0),(Vehicles2↦43.91876757144928),(Vehicles3↦59.94206666946411),(Vehicles4↦62.38696575164795),(Vehicles5↦108.7507963180542)}"
      },
      "probabilisticVariables": null,
      "activating": [
        "SLOWER_55"
      ],
      "activatingOnlyWhenExecuted": true,
      "updating": null,
      "withPredicate": null
    },
    {
      "id": "SLOWER_55",
      "execute": "SLOWER",
      "after": "1000",
      "priority": 0,
      "additionalGuards": null,
      "activationKind": null,
      "fixedVariables": {
        "Crash": "FALSE",
        "VehiclesAy": "{(EgoVehicle↦0.0),(Vehicles2↦0.0),(Vehicles3↦0.0),(Vehicles4↦0.0),(Vehicles5↦0.0)}",
        "Reward": "0.735376642632072",
        "VehiclesAx": "{(EgoVehicle↦-0.5052423477172852),(Vehicles2↦0.5166980065405369),(Vehicles3↦0.49908027052879333),(Vehicles4↦0.5116428527981043),(Vehicles5↦0.5180809646844864)}",
        "VehiclesVx": "{(EgoVehicle↦20.07662296295166),(Vehicles2↦0.1625363714993),(Vehicles3↦1.2736746668815613),(Vehicles4↦0.41695237159729004),(Vehicles5↦0.31484924256801605)}",
        "VehiclesY": "{(EgoVehicle↦8.000000238418579),(Vehicles2↦0.0),(Vehicles3↦-4.0000001192092896),(Vehicles4↦-8.000000238418579),(Vehicles5↦0.0)}",
        "VehiclesVy": "{(EgoVehicle↦0.0),(Vehicles2↦0.0),(Vehicles3↦0.0),(Vehicles4↦0.0),(Vehicles5↦0.0)}",
        "VehiclesX": "{(EgoVehicle↦200.0),(Vehicles2↦43.847912549972534),(Vehicles3↦60.992854833602905),(Vehicles4↦62.57356405258179),(Vehicles5↦108.8314414024353)}"
      },
      "probabilisticVariables": null,
      "activating": [
        "SLOWER_56"
      ],
      "activatingOnlyWhenExecuted": true,
      "updating": null,
      "withPredicate": null
    },
    {
      "id": "SLOWER_56",
      "execute": "SLOWER",
      "after": "1000",
      "priority": 0,
      "additionalGuards": null,
      "activationKind": null,
      "fixedVariables": {
        "Crash": "FALSE",
        "VehiclesAy": "{(EgoVehicle↦0.0),(Vehicles2↦0.0),(Vehicles3↦0.0),(Vehicles4↦0.0),(Vehicles5↦0.0)}",
        "Reward": "0.7336024111010685",
        "VehiclesAx": "{(EgoVehicle↦-0.06653308868408203),(Vehicles2↦0.33972030505537987),(Vehicles3↦-1.0331744514405727),(Vehicles4↦0.9178924560546875),(Vehicles5↦0.1749885454773903)}",
        "VehiclesVx": "{(EgoVehicle↦20.010089874267578),(Vehicles2↦0.5022566765546799),(Vehicles3↦0.24050021544098854),(Vehicles4↦1.3348448276519775),(Vehicles5↦0.48983778804540634)}",
        "VehiclesY": "{(EgoVehicle↦8.000000238418579),(Vehicles2↦-8.000000238418579),(Vehicles3↦0.0),(Vehicles4↦-4.0000001192092896),(Vehicles5↦-8.000000238418579)}",
        "VehiclesVy": "{(EgoVehicle↦0.0),(Vehicles2↦0.0),(Vehicles3↦0.0),(Vehicles4↦0.0),(Vehicles5↦0.0)}",
        "VehiclesX": "{(EgoVehicle↦200.0),(Vehicles2↦-9.536474198102951),(Vehicles3↦44.051727652549744),(Vehicles4↦62.30102181434631),(Vehicles5↦63.029760122299194)}"
      },
      "probabilisticVariables": null,
      "activating": [
        "FASTER_57"
      ],
      "activatingOnlyWhenExecuted": true,
      "updating": null,
      "withPredicate": null
    },
    {
      "id": "FASTER_57",
      "execute": "FASTER",
      "after": "1000",
      "priority": 0,
      "additionalGuards": null,
      "activationKind": null,
      "fixedVariables": {
        "Crash": "FALSE",
        "VehiclesAy": "{(EgoVehicle↦0.0),(Vehicles2↦0.0),(Vehicles3↦0.0),(Vehicles4↦0.0),(Vehicles5↦0.0)}",
        "Reward": "0.8491438017362175",
        "VehiclesAx": "{(EgoVehicle↦4.3328022956848145),(Vehicles2↦-4.583171829581261),(Vehicles3↦-4.077163282781839),(Vehicles4↦-4.3374064564704895),(Vehicles5↦-4.4163840636610985)}",
        "VehiclesVx": "{(EgoVehicle↦24.342892169952393),(Vehicles2↦-4.080915153026581),(Vehicles3↦-3.836663067340851),(Vehicles4↦-3.002561628818512),(Vehicles5↦-3.926546275615692)}",
        "VehiclesY": "{(EgoVehicle↦8.000000238418579),(Vehicles2↦0.0),(Vehicles3↦-8.000000238418579),(Vehicles4↦-4.0000001192092896),(Vehicles5↦0.0)}",
        "VehiclesVy": "{(EgoVehicle↦0.0),(Vehicles2↦0.0),(Vehicles3↦0.0),(Vehicles4↦0.0),(Vehicles5↦0.0)}",
        "VehiclesX": "{(EgoVehicle↦200.0),(Vehicles2↦41.906556487083435),(Vehicles3↦61.13189458847046),(Vehicles4↦61.24374270439148),(Vehicles5↦107.19671249389648)}"
      },
      "probabilisticVariables": null,
      "activating": [
        "SLOWER_58"
      ],
      "activatingOnlyWhenExecuted": true,
      "updating": null,
      "withPredicate": null
    },
    {
      "id": "SLOWER_58",
      "execute": "SLOWER",
      "after": "1000",
      "priority": 0,
      "additionalGuards": null,
      "activationKind": null,
      "fixedVariables": {
        "Crash": "FALSE",
        "VehiclesAy": "{(EgoVehicle↦0.0),(Vehicles2↦0.0),(Vehicles3↦0.0),(Vehicles4↦0.0),(Vehicles5↦0.0)}",
        "Reward": "0.748584094604495",
        "VehiclesAx": "{(EgoVehicle↦-3.7709879875183105),(Vehicles2↦3.782318029552698),(Vehicles3↦3.7772406823933125),(Vehicles4↦3.767106980085373),(Vehicles5↦3.7830206379294395)}",
        "VehiclesVx": "{(EgoVehicle↦20.571904182434082),(Vehicles2↦-0.2985971234738827),(Vehicles3↦-0.059422384947538376),(Vehicles4↦0.764545351266861),(Vehicles5↦-0.1435256376862526)}",
        "VehiclesY": "{(EgoVehicle↦8.000000238418579),(Vehicles2↦0.0),(Vehicles3↦-8.000000238418579),(Vehicles4↦-4.0000001192092896),(Vehicles5↦0.0)}",
        "VehiclesVy": "{(EgoVehicle↦0.0),(Vehicles2↦0.0),(Vehicles3↦0.0),(Vehicles4↦0.0),(Vehicles5↦0.0)}",
        "VehiclesX": "{(EgoVehicle↦200.0),(Vehicles2↦39.91047739982605),(Vehicles3↦59.378039836883545),(Vehicles4↦60.319870710372925),(Vehicles5↦105.35529851913452)}"
      },
      "probabilisticVariables": null,
      "activating": [
        "SLOWER_59"
      ],
      "activatingOnlyWhenExecuted": true,
      "updating": null,
      "withPredicate": null
    },
    {
      "id": "SLOWER_59",
      "execute": "SLOWER",
      "after": "1000",
      "priority": 0,
      "additionalGuards": null,
      "activationKind": null,
      "fixedVariables": {
        "Crash": "FALSE",
        "VehiclesAy": "{(EgoVehicle↦0.0),(Vehicles2↦0.0),(Vehicles3↦0.0),(Vehicles4↦0.0),(Vehicles5↦0.0)}",
        "Reward": "0.7353416640357086",
        "VehiclesAx": "{(EgoVehicle↦-0.49659252166748047),(Vehicles2↦0.5078497715294361),(Vehicles3↦0.5027932487428188),(Vehicles4↦0.49339473247528076),(Vehicles5↦0.5083545669913292)}",
        "VehiclesVx": "{(EgoVehicle↦20.0753116607666),(Vehicles2↦0.20925264805555344),(Vehicles3↦0.44337086379528046),(Vehicles4↦1.2579400837421417),(Vehicles5↦0.3648289293050766)}",
        "VehiclesY": "{(EgoVehicle↦8.000000238418579),(Vehicles2↦0.0),(Vehicles3↦-8.000000238418579),(Vehicles4↦-4.0000001192092896),(Vehicles5↦0.0)}",
        "VehiclesVy": "{(EgoVehicle↦0.0),(Vehicles2↦0.0),(Vehicles3↦0.0),(Vehicles4↦0.0),(Vehicles5↦0.0)}",
        "VehiclesX": "{(EgoVehicle↦200.0),(Vehicles2↦39.890339970588684),(Vehicles3↦59.59504842758179),(Vehicles4↦61.357033252716064),(Vehicles5↦105.49044609069824)}"
      },
      "probabilisticVariables": null,
      "activating": [
        "SLOWER_60"
      ],
      "activatingOnlyWhenExecuted": true,
      "updating": null,
      "withPredicate": null
    },
    {
      "id": "SLOWER_60",
      "execute": "SLOWER",
      "after": "1000",
      "priority": 0,
      "additionalGuards": null,
      "activationKind": null,
      "fixedVariables": {
        "Crash": "FALSE",
        "VehiclesAy": "{(EgoVehicle↦0.0),(Vehicles2↦0.0),(Vehicles3↦0.0),(Vehicles4↦0.0),(Vehicles5↦0.0)}",
        "Reward": "0.7335978048661564",
        "VehiclesAx": "{(EgoVehicle↦-0.06539344787597656),(Vehicles2↦0.07657144218683243),(Vehicles3↦0.07154766470193863),(Vehicles4↦0.0628480315208435),(Vehicles5↦0.0768919289112091)}",
        "VehiclesVx": "{(EgoVehicle↦20.009918212890625),(Vehicles2↦0.28582409024238586),(Vehicles3↦0.5149185284972191),(Vehicles4↦1.3207881152629852),(Vehicles5↦0.4417208582162857)}",
        "VehiclesY": "{(EgoVehicle↦8.000000238418579),(Vehicles2↦0.0),(Vehicles3↦-8.000000238418579),(Vehicles4↦-4.0000001192092896),(Vehicles5↦0.0)}",
        "VehiclesVy": "{(EgoVehicle↦0.0),(Vehicles2↦0.0),(Vehicles3↦0.0),(Vehicles4↦0.0),(Vehicles5↦0.0)}",
        "VehiclesX": "{(EgoVehicle↦200.0),(Vehicles2↦40.140146017074585),(Vehicles3↦60.0769579410553),(Vehicles4↦62.64997720718384),(Vehicles5↦105.89597225189209)}"
      },
      "probabilisticVariables": null,
      "activating": [
        "SLOWER_61"
      ],
      "activatingOnlyWhenExecuted": true,
      "updating": null,
      "withPredicate": null
    },
    {
      "id": "SLOWER_61",
      "execute": "SLOWER",
      "after": "1000",
      "priority": 0,
      "additionalGuards": null,
      "activationKind": null,
      "fixedVariables": {
        "Crash": "FALSE",
        "VehiclesAy": "{(EgoVehicle↦0.0),(Vehicles2↦0.0),(Vehicles3↦0.0),(Vehicles4↦0.0),(Vehicles5↦0.0)}",
        "Reward": "0.7333681608602894",
        "VehiclesAx": "{(EgoVehicle↦-0.008611679077148438),(Vehicles2↦0.019696298986673355),(Vehicles3↦0.014715604484081268),(Vehicles4↦0.0066792964935302734),(Vehicles5↦0.01984529197216034)}",
        "VehiclesVx": "{(EgoVehicle↦20.001306533813477),(Vehicles2↦0.3055203892290592),(Vehicles3↦0.5296341329813004),(Vehicles4↦1.3274674117565155),(Vehicles5↦0.46156615018844604)}",
        "VehiclesY": "{(EgoVehicle↦8.000000238418579),(Vehicles2↦0.0),(Vehicles3↦-8.000000238418579),(Vehicles4↦-4.0000001192092896),(Vehicles5↦0.0)}",
        "VehiclesVy": "{(EgoVehicle↦0.0),(Vehicles2↦0.0),(Vehicles3↦0.0),(Vehicles4↦0.0),(Vehicles5↦0.0)}",
        "VehiclesX": "{(EgoVehicle↦200.0),(Vehicles2↦40.43516218662262),(Vehicles3↦60.59907674789429),(Vehicles4↦63.97469639778137),(Vehicles5↦106.34695291519165)}"
      },
      "probabilisticVariables": null,
      "activating": null,
      "activatingOnlyWhenExecuted": true,
      "updating": null,
      "withPredicate": null
    }
  ],
  "listeners": [],
  "metadata": {
    "fileType": "Timed_Trace",
    "formatVersion": 3,
    "savedAt": "2023-08-15T12:35:45.021010Z",
    "creator": "Simulation: MONTE_CARLO_SIMULATION; MAX_STEPS_BEFORE_PROPERTY : 0, EXECUTIONS : 1000, ENDING_TIME : 60000",
    "proB2KernelVersion": "4.12.2",
    "proBCliVersion": "1.12.2-final",
    "modelName": "HighwayEnvironment"
  }
}