{
  "variables": {},
  "activations": [
    {
      "id": "$setup_constants",
      "execute": "$setup_constants",
      "after": "0",
      "priority": 0,
      "additionalGuards": null,
      "activationKind": null,
      "fixedVariables": null,
      "probabilisticVariables": null,
      "activating": null,
      "activatingOnlyWhenExecuted": true,
      "updating": null,
      "withPredicate": null
    },
    {
      "id": "$initialise_machine",
      "execute": "$initialise_machine",
      "after": "0",
      "priority": 0,
      "additionalGuards": null,
      "activationKind": null,
      "fixedVariables": {
        "Crash": "FALSE",
        "VehiclesAy": "{(EgoVehicle↦0.0),(Vehicles2↦0.0),(Vehicles3↦0.0),(Vehicles4↦0.0),(Vehicles5↦0.0)}",
        "Reward": "0.0",
        "VehiclesAx": "{(EgoVehicle↦0.0),(Vehicles2↦0.0),(Vehicles3↦0.0),(Vehicles4↦0.0),(Vehicles5↦0.0)}",
        "VehiclesVx": "{(EgoVehicle↦25.0),(Vehicles2↦-3.001161515712738),(Vehicles3↦-3.784148395061493),(Vehicles4↦-3.740432858467102),(Vehicles5↦-3.357459008693695)}",
        "VehiclesY": "{(EgoVehicle↦0.0),(Vehicles2↦4.0000001192092896),(Vehicles3↦4.0000001192092896),(Vehicles4↦0.0),(Vehicles5↦8.000000238418579)}",
        "VehiclesVy": "{(EgoVehicle↦0.0),(Vehicles2↦0.0),(Vehicles3↦0.0),(Vehicles4↦0.0),(Vehicles5↦0.0)}",
        "VehiclesX": "{(EgoVehicle↦156.0331106185913),(Vehicles2↦22.9973703622818),(Vehicles3↦47.75480329990387),(Vehicles4↦72.87034392356873),(Vehicles5↦95.82529664039612)}"
      },
      "probabilisticVariables": null,
      "activating": [
        "SLOWER_2"
      ],
      "activatingOnlyWhenExecuted": true,
      "updating": null,
      "withPredicate": null
    },
    {
      "id": "SLOWER_2",
      "execute": "SLOWER",
      "after": "1000",
      "priority": 0,
      "additionalGuards": null,
      "activationKind": null,
      "fixedVariables": {
        "Crash": "FALSE",
        "VehiclesAy": "{(EgoVehicle↦0.0),(Vehicles2↦0.0),(Vehicles3↦0.0),(Vehicles4↦0.0),(Vehicles5↦0.0)}",
        "Reward": "0.6842249657064472",
        "VehiclesAx": "{(EgoVehicle↦-4.341564178466797),(Vehicles2↦-0.3164792060852051),(Vehicles3↦3.730164095759392),(Vehicles4↦4.151689819991589),(Vehicles5↦0.1290982961654663)}",
        "VehiclesVx": "{(EgoVehicle↦20.658435821533203),(Vehicles2↦-3.317640721797943),(Vehicles3↦-0.053984299302101135),(Vehicles4↦0.41125696152448654),(Vehicles5↦-3.2283607125282288)}",
        "VehiclesY": "{(EgoVehicle↦0.0),(Vehicles2↦4.0000001192092896),(Vehicles3↦4.0000001192092896),(Vehicles4↦0.0),(Vehicles5↦8.000000238418579)}",
        "VehiclesVy": "{(EgoVehicle↦0.0),(Vehicles2↦0.0),(Vehicles3↦0.0),(Vehicles4↦0.0),(Vehicles5↦0.0)}",
        "VehiclesX": "{(EgoVehicle↦178.63805294036865),(Vehicles2↦20.14998197555542),(Vehicles3↦46.13185524940491),(Vehicles4↦71.49710059165955),(Vehicles5↦92.73181557655334)}"
      },
      "probabilisticVariables": null,
      "activating": [
        "IDLE_3"
      ],
      "activatingOnlyWhenExecuted": true,
      "updating": null,
      "withPredicate": null
    },
    {
      "id": "IDLE_3",
      "execute": "IDLE",
      "after": "1000",
      "priority": 0,
      "additionalGuards": null,
      "activationKind": null,
      "fixedVariables": {
        "Crash": "FALSE",
        "VehiclesAy": "{(EgoVehicle↦0.0),(Vehicles2↦1.2454648315906525),(Vehicles3↦0.0),(Vehicles4↦0.0),(Vehicles5↦0.0)}",
        "Reward": "0.6689788706554444",
        "VehiclesAx": "{(EgoVehicle↦-0.5717277526855469),(Vehicles2↦0.48208534717559814),(Vehicles3↦0.3654816560447216),(Vehicles4↦-0.6727427989244461),(Vehicles5↦-0.1946994662284851)}",
        "VehiclesVx": "{(EgoVehicle↦20.086708068847656),(Vehicles2↦-2.835555374622345),(Vehicles3↦0.31149735674262047),(Vehicles4↦-0.26148583739995956),(Vehicles5↦-3.423060178756714)}",
        "VehiclesY": "{(EgoVehicle↦0.0),(Vehicles2↦7.551695108413696),(Vehicles3↦4.0000001192092896),(Vehicles4↦0.0),(Vehicles5↦8.000000238418579)}",
        "VehiclesVy": "{(EgoVehicle↦0.0),(Vehicles2↦1.2454648315906525),(Vehicles3↦0.0),(Vehicles4↦0.0),(Vehicles5↦0.0)}",
        "VehiclesX": "{(EgoVehicle↦198.9810824394226),(Vehicles2↦16.30881130695343),(Vehicles3↦46.2362140417099),(Vehicles4↦71.61644101142883),(Vehicles5↦89.39977884292603)}"
      },
      "probabilisticVariables": null,
      "activating": [
        "FASTER_4"
      ],
      "activatingOnlyWhenExecuted": true,
      "updating": null,
      "withPredicate": null
    },
    {
      "id": "FASTER_4",
      "execute": "FASTER",
      "after": "1000",
      "priority": 0,
      "additionalGuards": null,
      "activationKind": null,
      "fixedVariables": {
        "Crash": "FALSE",
        "VehiclesAy": "{(EgoVehicle↦0.0),(Vehicles2↦-1.1469111684709787),(Vehicles3↦0.0),(Vehicles4↦0.0),(Vehicles5↦0.0)}",
        "Reward": "0.782746188728289",
        "VehiclesAx": "{(EgoVehicle↦4.2662739753723145),(Vehicles2↦-3.3357200026512146),(Vehicles3↦-4.277013149112463),(Vehicles4↦-4.702724553644657),(Vehicles5↦-4.2254215478897095)}",
        "VehiclesVx": "{(EgoVehicle↦24.35298204421997),(Vehicles2↦-6.17127537727356),(Vehicles3↦-3.9655157923698425),(Vehicles4↦-4.964210391044617),(Vehicles5↦-7.648481726646423)}",
        "VehiclesY": "{(EgoVehicle↦0.0),(Vehicles2↦7.965011358261108),(Vehicles3↦4.0000001192092896),(Vehicles4↦0.0),(Vehicles5↦8.000000238418579)}",
        "VehiclesVy": "{(EgoVehicle↦0.0),(Vehicles2↦0.09855366311967373),(Vehicles3↦0.0),(Vehicles4↦0.0),(Vehicles5↦0.0)}",
        "VehiclesX": "{(EgoVehicle↦200.0),(Vehicles2↦11.547062546014786),(Vehicles3↦44.19260323047638),(Vehicles4↦68.79090070724487),(Vehicles5↦83.60786437988281)}"
      },
      "probabilisticVariables": null,
      "activating": [
        "LANE_LEFT_5"
      ],
      "activatingOnlyWhenExecuted": true,
      "updating": null,
      "withPredicate": null
    },
    {
      "id": "LANE_LEFT_5",
      "execute": "LANE_LEFT",
      "after": "1000",
      "priority": 0,
      "additionalGuards": null,
      "activationKind": null,
      "fixedVariables": {
        "Crash": "FALSE",
        "VehiclesAy": "{(EgoVehicle↦0.0),(Vehicles2↦-0.09132203529588878),(Vehicles3↦0.0),(Vehicles4↦0.0),(Vehicles5↦0.0)}",
        "Reward": "0.7977278931658652",
        "VehiclesAx": "{(EgoVehicle↦0.5618143081665039),(Vehicles2↦-0.04376351833343506),(Vehicles3↦-0.5862089991569519),(Vehicles4↦-0.6945401430130005),(Vehicles5↦-0.28834760189056396)}",
        "VehiclesVx": "{(EgoVehicle↦24.914796352386475),(Vehicles2↦-6.215038895606995),(Vehicles3↦-4.551724791526794),(Vehicles4↦-5.658750534057617),(Vehicles5↦-7.936829328536987)}",
        "VehiclesY": "{(EgoVehicle↦0.0),(Vehicles2↦7.997451066970825),(Vehicles3↦4.0000001192092896),(Vehicles4↦0.0),(Vehicles5↦8.000000238418579)}",
        "VehiclesVy": "{(EgoVehicle↦0.0),(Vehicles2↦0.007231627823784947),(Vehicles3↦0.0),(Vehicles4↦0.0),(Vehicles5↦0.0)}",
        "VehiclesX": "{(EgoVehicle↦200.0),(Vehicles2↦5.296941474080086),(Vehicles3↦39.90722596645355),(Vehicles4↦63.44861388206482),(Vehicles5↦75.75015425682068)}"
      },
      "probabilisticVariables": null,
      "activating": [
        "LANE_LEFT_6"
      ],
      "activatingOnlyWhenExecuted": true,
      "updating": null,
      "withPredicate": null
    },
    {
      "id": "LANE_LEFT_6",
      "execute": "LANE_LEFT",
      "after": "1000",
      "priority": 0,
      "additionalGuards": null,
      "activationKind": null,
      "fixedVariables": {
        "Crash": "FALSE",
        "VehiclesAy": "{(EgoVehicle↦0.0),(Vehicles2↦-0.006722924190398771),(Vehicles3↦0.0),(Vehicles4↦0.0),(Vehicles5↦0.0)}",
        "Reward": "0.7997007925156696",
        "VehiclesAx": "{(EgoVehicle↦0.07398366928100586),(Vehicles2↦0.20776033401489258),(Vehicles3↦-0.09135156869888306),(Vehicles4↦-0.08008241653442383),(Vehicles5↦0.24857282638549805)}",
        "VehiclesVx": "{(EgoVehicle↦24.98878002166748),(Vehicles2↦-6.007278561592102),(Vehicles3↦-4.6430763602256775),(Vehicles4↦-5.738832950592041),(Vehicles5↦-7.688256502151489)}",
        "VehiclesY": "{(EgoVehicle↦0.0),(Vehicles2↦7.999821424484253),(Vehicles3↦4.0000001192092896),(Vehicles4↦0.0),(Vehicles5↦8.000000238418579)}",
        "VehiclesVy": "{(EgoVehicle↦0.0),(Vehicles2↦0.0005087036333861761),(Vehicles3↦0.0),(Vehicles4↦0.0),(Vehicles5↦0.0)}",
        "VehiclesX": "{(EgoVehicle↦200.0),(Vehicles2↦-0.8317701518535614),(Vehicles3↦35.30699610710144),(Vehicles4↦57.74044990539551),(Vehicles5↦67.90130138397217)}"
      },
      "probabilisticVariables": null,
      "activating": [
        "LANE_LEFT_7"
      ],
      "activatingOnlyWhenExecuted": true,
      "updating": null,
      "withPredicate": null
    },
    {
      "id": "LANE_LEFT_7",
      "execute": "LANE_LEFT",
      "after": "1000",
      "priority": 0,
      "additionalGuards": null,
      "activationKind": null,
      "fixedVariables": {
        "Crash": "FALSE",
        "VehiclesAy": "{(EgoVehicle↦0.0),(Vehicles2↦-0.0004737100448437559),(Vehicles3↦0.0),(Vehicles4↦0.0),(Vehicles5↦0.0)}",
        "Reward": "0.799960598191364",
        "VehiclesAx": "{(EgoVehicle↦0.009741783142089844),(Vehicles2↦0.13249754905700684),(Vehicles3↦-0.01811295747756958),(Vehicles4↦0.03396272659301758),(Vehicles5↦0.29491126537323)}",
        "VehiclesVx": "{(EgoVehicle↦24.99852180480957),(Vehicles2↦-5.874781012535095),(Vehicles3↦-4.661189317703247),(Vehicles4↦-5.704870223999023),(Vehicles5↦-7.393345236778259)}",
        "VehiclesY": "{(EgoVehicle↦0.0),(Vehicles2↦7.999988079071045),(Vehicles3↦4.0000001192092896),(Vehicles4↦0.0),(Vehicles5↦8.000000238418579)}",
        "VehiclesVy": "{(EgoVehicle↦0.0),(Vehicles2↦3.4993588542420184E-05),(Vehicles3↦0.0),(Vehicles4↦0.0),(Vehicles5↦0.0)}",
        "VehiclesX": "{(EgoVehicle↦200.0),(Vehicles2↦-6.779270619153976),(Vehicles3↦30.654528737068176),(Vehicles4↦52.01148986816406),(Vehicles5↦60.33216714859009)}"
      },
      "probabilisticVariables": null,
      "activating": [
        "LANE_LEFT_8"
      ],
      "activatingOnlyWhenExecuted": true,
      "updating": null,
      "withPredicate": null
    },
    {
      "id": "LANE_LEFT_8",
      "execute": "LANE_LEFT",
      "after": "1000",
      "priority": 0,
      "additionalGuards": null,
      "activationKind": null,
      "fixedVariables": {
        "Crash": "FALSE",
        "VehiclesAy": "{(EgoVehicle↦0.0),(Vehicles2↦-3.4993588542420184E-05),(Vehicles3↦0.0),(Vehicles4↦0.0),(Vehicles5↦0.0)}",
        "Reward": "0.7999948112844594",
        "VehiclesAx": "{(EgoVehicle↦0.0012826919555664062),(Vehicles2↦1.2110698223114014),(Vehicles3↦-0.9850358963012695),(Vehicles4↦-1.422935128211975),(Vehicles5↦2.373436689376831)}",
        "VehiclesVx": "{(EgoVehicle↦24.999804496765137),(Vehicles2↦-4.663711190223694),(Vehicles3↦-5.646225214004517),(Vehicles4↦-7.1278053522109985),(Vehicles5↦-5.019908547401428)}",
        "VehiclesY": "{(EgoVehicle↦0.0),(Vehicles2↦4.0000001192092896),(Vehicles3↦0.0),(Vehicles4↦8.000000238418579),(Vehicles5↦8.000000238418579)}",
        "VehiclesVy": "{(EgoVehicle↦0.0),(Vehicles2↦0.0),(Vehicles3↦0.0),(Vehicles4↦0.0),(Vehicles5↦0.0)}",
        "VehiclesX": "{(EgoVehicle↦200.0),(Vehicles2↦25.991666316986084),(Vehicles3↦46.329331398010254),(Vehicles4↦53.048086166381836),(Vehicles5↦99.5857298374176)}"
      },
      "probabilisticVariables": null,
      "activating": [
        "LANE_LEFT_9"
      ],
      "activatingOnlyWhenExecuted": true,
      "updating": null,
      "withPredicate": null
    },
    {
      "id": "LANE_LEFT_9",
      "execute": "LANE_LEFT",
      "after": "1000",
      "priority": 0,
      "additionalGuards": null,
      "activationKind": null,
      "fixedVariables": {
        "Crash": "FALSE",
        "VehiclesAy": "{(EgoVehicle↦0.0),(Vehicles2↦0.0),(Vehicles3↦0.0),(Vehicles4↦0.0),(Vehicles5↦0.0)}",
        "Reward": "0.7999993167123568",
        "VehiclesAx": "{(EgoVehicle↦0.00016927719116210938),(Vehicles2↦0.003286600112915039),(Vehicles3↦0.06196856498718262),(Vehicles4↦0.22711455821990967),(Vehicles5↦-0.055686235427856445)}",
        "VehiclesVx": "{(EgoVehicle↦24.9999737739563),(Vehicles2↦-4.660424590110779),(Vehicles3↦-5.584256649017334),(Vehicles4↦-6.900690793991089),(Vehicles5↦-5.075594782829285)}",
        "VehiclesY": "{(EgoVehicle↦0.0),(Vehicles2↦4.0000001192092896),(Vehicles3↦0.0),(Vehicles4↦8.000000238418579),(Vehicles5↦8.000000238418579)}",
        "VehiclesVy": "{(EgoVehicle↦0.0),(Vehicles2↦0.0),(Vehicles3↦0.0),(Vehicles4↦0.0),(Vehicles5↦0.0)}",
        "VehiclesX": "{(EgoVehicle↦200.0),(Vehicles2↦21.328958868980408),(Vehicles3↦40.7079815864563),(Vehicles4↦46.014127135276794),(Vehicles5↦94.54103708267212)}"
      },
      "probabilisticVariables": null,
      "activating": [
        "LANE_LEFT_10"
      ],
      "activatingOnlyWhenExecuted": true,
      "updating": null,
      "withPredicate": null
    },
    {
      "id": "LANE_LEFT_10",
      "execute": "LANE_LEFT",
      "after": "1000",
      "priority": 0,
      "additionalGuards": null,
      "activationKind": null,
      "fixedVariables": {
        "Crash": "FALSE",
        "VehiclesAy": "{(EgoVehicle↦0.0),(Vehicles2↦0.0),(Vehicles3↦0.0),(Vehicles4↦0.0),(Vehicles5↦0.0)}",
        "Reward": "0.7999999100197343",
        "VehiclesAx": "{(EgoVehicle↦2.384185791015625E-05),(Vehicles2↦0.00608295202255249),(Vehicles3↦0.059070587158203125),(Vehicles4↦0.19221901893615723),(Vehicles5↦-0.029685497283935547)}",
        "VehiclesVx": "{(EgoVehicle↦24.99999761581421),(Vehicles2↦-4.654341638088226),(Vehicles3↦-5.525186061859131),(Vehicles4↦-6.708471775054932),(Vehicles5↦-5.10528028011322)}",
        "VehiclesY": "{(EgoVehicle↦0.0),(Vehicles2↦4.0000001192092896),(Vehicles3↦0.0),(Vehicles4↦8.000000238418579),(Vehicles5↦8.000000238418579)}",
        "VehiclesVy": "{(EgoVehicle↦0.0),(Vehicles2↦0.0),(Vehicles3↦0.0),(Vehicles4↦0.0),(Vehicles5↦0.0)}",
        "VehiclesX": "{(EgoVehicle↦200.0),(Vehicles2↦16.670818626880646),(Vehicles3↦35.147687792778015),(Vehicles4↦39.192891120910645),(Vehicles5↦89.4518792629242)}"
      },
      "probabilisticVariables": null,
      "activating": [
        "LANE_LEFT_11"
      ],
      "activatingOnlyWhenExecuted": true,
      "updating": null,
      "withPredicate": null
    },
    {
      "id": "LANE_LEFT_11",
      "execute": "LANE_LEFT",
      "after": "1000",
      "priority": 0,
      "additionalGuards": null,
      "activationKind": null,
      "fixedVariables": {
        "Crash": "FALSE",
        "VehiclesAy": "{(EgoVehicle↦0.0),(Vehicles2↦0.0),(Vehicles3↦0.0),(Vehicles4↦0.0),(Vehicles5↦0.0)}",
        "Reward": "0.799999988150747",
        "VehiclesAx": "{(EgoVehicle↦2.384185791015625E-06),(Vehicles2↦0.007324814796447754),(Vehicles3↦0.05453944206237793),(Vehicles4↦0.16308605670928955),(Vehicles5↦-0.012446045875549316)}",
        "VehiclesVx": "{(EgoVehicle↦25.0),(Vehicles2↦-4.647016823291779),(Vehicles3↦-5.470646619796753),(Vehicles4↦-6.545385718345642),(Vehicles5↦-5.1177263259887695)}",
        "VehiclesY": "{(EgoVehicle↦0.0),(Vehicles2↦4.0000001192092896),(Vehicles3↦0.0),(Vehicles4↦8.000000238418579),(Vehicles5↦8.000000238418579)}",
        "VehiclesVy": "{(EgoVehicle↦0.0),(Vehicles2↦0.0),(Vehicles3↦0.0),(Vehicles4↦0.0),(Vehicles5↦0.0)}",
        "VehiclesX": "{(EgoVehicle↦200.0),(Vehicles2↦12.019350379705429),(Vehicles3↦29.644694924354553),(Vehicles4↦32.551753520965576),(Vehicles5↦84.34051871299744)}"
      },
      "probabilisticVariables": null,
      "activating": [
        "SLOWER_12"
      ],
      "activatingOnlyWhenExecuted": true,
      "updating": null,
      "withPredicate": null
    },
    {
      "id": "SLOWER_12",
      "execute": "SLOWER",
      "after": "1000",
      "priority": 0,
      "additionalGuards": null,
      "activationKind": null,
      "fixedVariables": {
        "Crash": "FALSE",
        "VehiclesAy": "{(EgoVehicle↦0.0),(Vehicles2↦0.0),(Vehicles3↦0.0),(Vehicles4↦0.0),(Vehicles5↦0.0)}",
        "Reward": "0.6842249641460517",
        "VehiclesAx": "{(EgoVehicle↦-4.341564178466797),(Vehicles2↦4.349239636212587),(Vehicles3↦4.391525462269783),(Vehicles4↦4.481008350849152),(Vehicles5↦4.340316504240036)}",
        "VehiclesVx": "{(EgoVehicle↦20.658435821533203),(Vehicles2↦-0.2977771870791912),(Vehicles3↦-1.07912115752697),(Vehicles4↦-2.0643773674964905),(Vehicles5↦-0.7774098217487335)}",
        "VehiclesY": "{(EgoVehicle↦0.0),(Vehicles2↦4.0000001192092896),(Vehicles3↦0.0),(Vehicles4↦8.000000238418579),(Vehicles5↦8.000000238418579)}",
        "VehiclesVy": "{(EgoVehicle↦0.0),(Vehicles2↦0.0),(Vehicles3↦0.0),(Vehicles4↦0.0),(Vehicles5↦0.0)}",
        "VehiclesX": "{(EgoVehicle↦200.0),(Vehicles2↦9.770461171865463),(Vehicles3↦26.589444279670715),(Vehicles4↦28.45889925956726),(Vehicles5↦81.61664605140686)}"
      },
      "probabilisticVariables": null,
      "activating": [
        "LANE_LEFT_13"
      ],
      "activatingOnlyWhenExecuted": true,
      "updating": null,
      "withPredicate": null
    },
    {
      "id": "LANE_LEFT_13",
      "execute": "LANE_LEFT",
      "after": "1000",
      "priority": 0,
      "additionalGuards": null,
      "activationKind": null,
      "fixedVariables": {
        "Crash": "FALSE",
        "VehiclesAy": "{(EgoVehicle↦0.0),(Vehicles2↦0.0),(Vehicles3↦0.0),(Vehicles4↦0.0),(Vehicles5↦0.0)}",
        "Reward": "0.6689788704499602",
        "VehiclesAx": "{(EgoVehicle↦-0.5717277526855469),(Vehicles2↦0.5792824178934097),(Vehicles3↦0.6175742670893669),(Vehicles4↦0.6921440362930298),(Vehicles5↦0.5776866339147091)}",
        "VehiclesVx": "{(EgoVehicle↦20.086708068847656),(Vehicles2↦0.2815052308142185),(Vehicles3↦-0.461546890437603),(Vehicles4↦-1.3722333312034607),(Vehicles5↦-0.19972318783402443)}",
        "VehiclesY": "{(EgoVehicle↦0.0),(Vehicles2↦4.0000001192092896),(Vehicles3↦0.0),(Vehicles4↦8.000000238418579),(Vehicles5↦8.000000238418579)}",
        "VehiclesVy": "{(EgoVehicle↦0.0),(Vehicles2↦0.0),(Vehicles3↦0.0),(Vehicles4↦0.0),(Vehicles5↦0.0)}",
        "VehiclesX": "{(EgoVehicle↦200.0),(Vehicles2↦9.791125357151031),(Vehicles3↦25.8443683385849),(Vehicles4↦26.759448647499084),(Vehicles5↦81.15655779838562)}"
      },
      "probabilisticVariables": null,
      "activating": [
        "LANE_LEFT_14"
      ],
      "activatingOnlyWhenExecuted": true,
      "updating": null,
      "withPredicate": null
    },
    {
      "id": "LANE_LEFT_14",
      "execute": "LANE_LEFT",
      "after": "1000",
      "priority": 0,
      "additionalGuards": null,
      "activationKind": null,
      "fixedVariables": {
        "Crash": "FALSE",
        "VehiclesAy": "{(EgoVehicle↦0.0),(Vehicles2↦0.0),(Vehicles3↦0.0),(Vehicles4↦0.0),(Vehicles5↦0.0)}",
        "Reward": "0.6669711544076766",
        "VehiclesAx": "{(EgoVehicle↦-0.07529020309448242),(Vehicles2↦0.08251117542386055),(Vehicles3↦0.11757645756006241),(Vehicles4↦0.1803717017173767),(Vehicles5↦0.08589777164161205)}",
        "VehiclesVx": "{(EgoVehicle↦20.011417865753174),(Vehicles2↦0.36401640623807907),(Vehicles3↦-0.3439704328775406),(Vehicles4↦-1.191861629486084),(Vehicles5↦-0.11382541619241238)}",
        "VehiclesY": "{(EgoVehicle↦0.0),(Vehicles2↦4.0000001192092896),(Vehicles3↦0.0),(Vehicles4↦8.000000238418579),(Vehicles5↦8.000000238418579)}",
        "VehiclesVy": "{(EgoVehicle↦0.0),(Vehicles2↦0.0),(Vehicles3↦0.0),(Vehicles4↦0.0),(Vehicles5↦0.0)}",
        "VehiclesX": "{(EgoVehicle↦200.0),(Vehicles2↦10.11708378791809),(Vehicles3↦25.44153332710266),(Vehicles4↦25.47188401222229),(Vehicles5↦81.00231885910034)}"
      },
      "probabilisticVariables": null,
      "activating": [
        "LANE_LEFT_15"
      ],
      "activatingOnlyWhenExecuted": true,
      "updating": null,
      "withPredicate": null
    },
    {
      "id": "LANE_LEFT_15",
      "execute": "LANE_LEFT",
      "after": "1000",
      "priority": 0,
      "additionalGuards": null,
      "activationKind": null,
      "fixedVariables": {
        "Crash": "FALSE",
        "VehiclesAy": "{(EgoVehicle↦0.0),(Vehicles2↦0.0),(Vehicles3↦0.0),(Vehicles4↦0.0),(Vehicles5↦0.0)}",
        "Reward": "0.6667067638177461",
        "VehiclesAx": "{(EgoVehicle↦-0.009913444519042969),(Vehicles2↦0.016745738685131073),(Vehicles3↦-0.7453174889087677),(Vehicles4↦0.8970445767045021),(Vehicles5↦0.023568691685795784)}",
        "VehiclesVx": "{(EgoVehicle↦20.00150442123413),(Vehicles2↦0.38076214492321014),(Vehicles3↦-1.0892879217863083),(Vehicles4↦-0.2948170527815819),(Vehicles5↦-0.09025672450661659)}",
        "VehiclesY": "{(EgoVehicle↦0.0),(Vehicles2↦4.0000001192092896),(Vehicles3↦8.000000238418579),(Vehicles4↦0.0),(Vehicles5↦8.000000238418579)}",
        "VehiclesVy": "{(EgoVehicle↦0.0),(Vehicles2↦0.0),(Vehicles3↦0.0),(Vehicles4↦0.0),(Vehicles5↦0.0)}",
        "VehiclesX": "{(EgoVehicle↦200.0),(Vehicles2↦10.489333420991898),(Vehicles3↦24.323448538780212),(Vehicles4↦25.118952989578247),(Vehicles5↦80.89922666549683)}"
      },
      "probabilisticVariables": null,
      "activating": [
        "SLOWER_16"
      ],
      "activatingOnlyWhenExecuted": true,
      "updating": null,
      "withPredicate": null
    },
    {
      "id": "SLOWER_16",
      "execute": "SLOWER",
      "after": "1000",
      "priority": 0,
      "additionalGuards": null,
      "activationKind": null,
      "fixedVariables": {
        "Crash": "FALSE",
        "VehiclesAy": "{(EgoVehicle↦0.0),(Vehicles2↦0.0),(Vehicles3↦0.0),(Vehicles4↦0.0),(Vehicles5↦0.0)}",
        "Reward": "0.6666719469499364",
        "VehiclesAx": "{(EgoVehicle↦-0.0013065338134765625),(Vehicles2↦0.00776488333940506),(Vehicles3↦0.08382156491279602),(Vehicles4↦0.03792228177189827),(Vehicles5↦0.0170016847550869)}",
        "VehiclesVx": "{(EgoVehicle↦20.000197887420654),(Vehicles2↦0.3885270282626152),(Vehicles3↦-1.0054663568735123),(Vehicles4↦-0.2568947710096836),(Vehicles5↦-0.0732550397515297)}",
        "VehiclesY": "{(EgoVehicle↦0.0),(Vehicles2↦4.0000001192092896),(Vehicles3↦8.000000238418579),(Vehicles4↦0.0),(Vehicles5↦8.000000238418579)}",
        "VehiclesVy": "{(EgoVehicle↦0.0),(Vehicles2↦0.0),(Vehicles3↦0.0),(Vehicles4↦0.0),(Vehicles5↦0.0)}",
        "VehiclesX": "{(EgoVehicle↦200.0),(Vehicles2↦10.873427987098694),(Vehicles3↦23.268620669841766),(Vehicles4↦24.839697778224945),(Vehicles5↦80.81583380699158)}"
      },
      "probabilisticVariables": null,
      "activating": [
        "SLOWER_17"
      ],
      "activatingOnlyWhenExecuted": true,
      "updating": null,
      "withPredicate": null
    },
    {
      "id": "SLOWER_17",
      "execute": "SLOWER",
      "after": "1000",
      "priority": 0,
      "additionalGuards": null,
      "activationKind": null,
      "fixedVariables": {
        "Crash": "FALSE",
        "VehiclesAy": "{(EgoVehicle↦0.0),(Vehicles2↦0.0),(Vehicles3↦0.0),(Vehicles4↦0.0),(Vehicles5↦0.0)}",
        "Reward": "0.6666673620126117",
        "VehiclesAx": "{(EgoVehicle↦-0.000171661376953125),(Vehicles2↦0.006311237812042236),(Vehicles3↦0.0743342936038971),(Vehicles4↦0.034511517733335495),(Vehicles5↦0.017274594865739346)}",
        "VehiclesVx": "{(EgoVehicle↦20.0000262260437),(Vehicles2↦0.39483826607465744),(Vehicles3↦-0.9311320632696152),(Vehicles4↦-0.22238325327634811),(Vehicles5↦-0.05598044488579035)}",
        "VehiclesY": "{(EgoVehicle↦0.0),(Vehicles2↦4.0000001192092896),(Vehicles3↦8.000000238418579),(Vehicles4↦0.0),(Vehicles5↦8.000000238418579)}",
        "VehiclesVy": "{(EgoVehicle↦0.0),(Vehicles2↦0.0),(Vehicles3↦0.0),(Vehicles4↦0.0),(Vehicles5↦0.0)}",
        "VehiclesX": "{(EgoVehicle↦200.0),(Vehicles2↦11.264528334140778),(Vehicles3↦22.293521463871002),(Vehicles4↦24.59680438041687),(Vehicles5↦80.74942231178284)}"
      },
      "probabilisticVariables": null,
      "activating": [
        "SLOWER_18"
      ],
      "activatingOnlyWhenExecuted": true,
      "updating": null,
      "withPredicate": null
    },
    {
      "id": "SLOWER_18",
      "execute": "SLOWER",
      "after": "1000",
      "priority": 0,
      "additionalGuards": null,
      "activationKind": null,
      "fixedVariables": {
        "Crash": "FALSE",
        "VehiclesAy": "{(EgoVehicle↦0.0),(Vehicles2↦0.0),(Vehicles3↦0.0),(Vehicles4↦0.0),(Vehicles5↦0.0)}",
        "Reward": "0.6666667582348569",
        "VehiclesAx": "{(EgoVehicle↦-2.384185791015625E-05),(Vehicles2↦0.005902089178562164),(Vehicles3↦0.06724298000335693),(Vehicles4↦0.032362788915634155),(Vehicles5↦0.018117395229637623)}",
        "VehiclesVx": "{(EgoVehicle↦20.00000238418579),(Vehicles2↦0.4007403552532196),(Vehicles3↦-0.8638890832662582),(Vehicles4↦-0.19002046436071396),(Vehicles5↦-0.037863049656152725)}",
        "VehiclesY": "{(EgoVehicle↦0.0),(Vehicles2↦4.0000001192092896),(Vehicles3↦8.000000238418579),(Vehicles4↦0.0),(Vehicles5↦8.000000238418579)}",
        "VehiclesVy": "{(EgoVehicle↦0.0),(Vehicles2↦0.0),(Vehicles3↦0.0),(Vehicles4↦0.0),(Vehicles5↦0.0)}",
        "VehiclesX": "{(EgoVehicle↦200.0),(Vehicles2↦11.661749333143234),(Vehicles3↦21.38979732990265),(Vehicles4↦24.38752055168152),(Vehicles5↦80.70062398910522)}"
      },
      "probabilisticVariables": null,
      "activating": [
        "SLOWER_19"
      ],
      "activatingOnlyWhenExecuted": true,
      "updating": null,
      "withPredicate": null
    },
    {
      "id": "SLOWER_19",
      "execute": "SLOWER",
      "after": "1000",
      "priority": 0,
      "additionalGuards": null,
      "activationKind": null,
      "fixedVariables": {
        "Crash": "FALSE",
        "VehiclesAy": "{(EgoVehicle↦0.0),(Vehicles2↦0.0),(Vehicles3↦0.0),(Vehicles4↦0.0),(Vehicles5↦0.0)}",
        "Reward": "0.6666666787250292",
        "VehiclesAx": "{(EgoVehicle↦-2.384185791015625E-06),(Vehicles2↦0.0056790560483932495),(Vehicles3↦0.06140097975730896),(Vehicles4↦0.030568744987249374),(Vehicles5↦0.01880676718428731)}",
        "VehiclesVx": "{(EgoVehicle↦20.0),(Vehicles2↦0.40641941130161285),(Vehicles3↦-0.8024881035089493),(Vehicles4↦-0.15945171937346458),(Vehicles5↦-0.019056282471865416)}",
        "VehiclesY": "{(EgoVehicle↦0.0),(Vehicles2↦4.0000001192092896),(Vehicles3↦8.000000238418579),(Vehicles4↦0.0),(Vehicles5↦8.000000238418579)}",
        "VehiclesVy": "{(EgoVehicle↦0.0),(Vehicles2↦0.0),(Vehicles3↦0.0),(Vehicles4↦0.0),(Vehicles5↦0.0)}",
        "VehiclesX": "{(EgoVehicle↦200.0),(Vehicles2↦12.064775824546814),(Vehicles3↦20.55089622735977),(Vehicles4↦24.20986145734787),(Vehicles5↦80.67023754119873)}"
      },
      "probabilisticVariables": null,
      "activating": [
        "SLOWER_20"
      ],
      "activatingOnlyWhenExecuted": true,
      "updating": null,
      "withPredicate": null
    },
    {
      "id": "SLOWER_20",
      "execute": "SLOWER",
      "after": "1000",
      "priority": 0,
      "additionalGuards": null,
      "activationKind": null,
      "fixedVariables": {
        "Crash": "FALSE",
        "VehiclesAy": "{(EgoVehicle↦0.0),(Vehicles2↦0.0),(Vehicles3↦0.0),(Vehicles4↦0.0),(Vehicles5↦0.0)}",
        "Reward": "0.6666666682545993",
        "VehiclesAx": "{(EgoVehicle↦0.0),(Vehicles2↦0.005521140992641449),(Vehicles3↦0.056470632553100586),(Vehicles4↦0.028976639732718468),(Vehicles5↦0.01930898866703501)}",
        "VehiclesVx": "{(EgoVehicle↦20.0),(Vehicles2↦0.4119405522942543),(Vehicles3↦-0.7460174709558487),(Vehicles4↦-0.13047507964074612),(Vehicles5↦0.00025270619516959414)}",
        "VehiclesY": "{(EgoVehicle↦0.0),(Vehicles2↦4.0000001192092896),(Vehicles3↦8.000000238418579),(Vehicles4↦0.0),(Vehicles5↦8.000000238418579)}",
        "VehiclesVy": "{(EgoVehicle↦0.0),(Vehicles2↦0.0),(Vehicles3↦0.0),(Vehicles4↦0.0),(Vehicles5↦0.0)}",
        "VehiclesX": "{(EgoVehicle↦200.0),(Vehicles2↦12.473414838314056),(Vehicles3↦19.771359860897064),(Vehicles4↦24.06212091445923),(Vehicles5↦80.65887093544006)}"
      },
      "probabilisticVariables": null,
      "activating": [
        "SLOWER_21"
      ],
      "activatingOnlyWhenExecuted": true,
      "updating": null,
      "withPredicate": null
    },
    {
      "id": "SLOWER_21",
      "execute": "SLOWER",
      "after": "1000",
      "priority": 0,
      "additionalGuards": null,
      "activationKind": null,
      "fixedVariables": {
        "Crash": "FALSE",
        "VehiclesAy": "{(EgoVehicle↦0.0),(Vehicles2↦0.0),(Vehicles3↦0.0),(Vehicles4↦0.0),(Vehicles5↦0.0)}",
        "Reward": "0.6666666668757771",
        "VehiclesAx": "{(EgoVehicle↦0.0),(Vehicles2↦0.005404166877269745),(Vehicles3↦0.052261799573898315),(Vehicles4↦0.027541080489754677),(Vehicles5↦0.019657915727293584)}",
        "VehiclesVx": "{(EgoVehicle↦20.0),(Vehicles2↦0.41734471917152405),(Vehicles3↦-0.6937556713819504),(Vehicles4↦-0.10293399915099144),(Vehicles5↦0.01991062192246318)}",
        "VehiclesY": "{(EgoVehicle↦0.0),(Vehicles2↦4.0000001192092896),(Vehicles3↦8.000000238418579),(Vehicles4↦0.0),(Vehicles5↦8.000000238418579)}",
        "VehiclesVy": "{(EgoVehicle↦0.0),(Vehicles2↦0.0),(Vehicles3↦0.0),(Vehicles4↦0.0),(Vehicles5↦0.0)}",
        "VehiclesX": "{(EgoVehicle↦200.0),(Vehicles2↦12.88752555847168),(Vehicles3↦19.046558439731598),(Vehicles4↦23.942771553993225),(Vehicles5↦80.66696524620056)}"
      },
      "probabilisticVariables": null,
      "activating": [
        "SLOWER_22"
      ],
      "activatingOnlyWhenExecuted": true,
      "updating": null,
      "withPredicate": null
    },
    {
      "id": "SLOWER_22",
      "execute": "SLOWER",
      "after": "1000",
      "priority": 0,
      "additionalGuards": null,
      "activationKind": null,
      "fixedVariables": {
        "Crash": "FALSE",
        "VehiclesAy": "{(EgoVehicle↦0.0),(Vehicles2↦0.0),(Vehicles3↦0.0),(Vehicles4↦0.0),(Vehicles5↦0.0)}",
        "Reward": "0.6666666666942037",
        "VehiclesAx": "{(EgoVehicle↦0.0),(Vehicles2↦0.005317665636539459),(Vehicles3↦0.04863627254962921),(Vehicles4↦0.026236427947878838),(Vehicles5↦0.019883245695382357)}",
        "VehiclesVx": "{(EgoVehicle↦20.0),(Vehicles2↦0.4226623848080635),(Vehicles3↦-0.6451193988323212),(Vehicles4↦-0.0766975712031126),(Vehicles5↦0.039793867617845535)}",
        "VehiclesY": "{(EgoVehicle↦0.0),(Vehicles2↦4.0000001192092896),(Vehicles3↦8.000000238418579),(Vehicles4↦0.0),(Vehicles5↦8.000000238418579)}",
        "VehiclesVy": "{(EgoVehicle↦0.0),(Vehicles2↦0.0),(Vehicles3↦0.0),(Vehicles4↦0.0),(Vehicles5↦0.0)}",
        "VehiclesX": "{(EgoVehicle↦200.0),(Vehicles2↦13.307002186775208),(Vehicles3↦18.37252676486969),(Vehicles4↦23.85043203830719),(Vehicles5↦80.6948184967041)}"
      },
      "probabilisticVariables": null,
      "activating": [
        "SLOWER_23"
      ],
      "activatingOnlyWhenExecuted": true,
      "updating": null,
      "withPredicate": null
    },
    {
      "id": "SLOWER_23",
      "execute": "SLOWER",
      "after": "1000",
      "priority": 0,
      "additionalGuards": null,
      "activationKind": null,
      "fixedVariables": {
        "Crash": "FALSE",
        "VehiclesAy": "{(EgoVehicle↦0.0),(Vehicles2↦0.0),(Vehicles3↦0.0),(Vehicles4↦0.0),(Vehicles5↦0.0)}",
        "Reward": "0.666666666670293",
        "VehiclesAx": "{(EgoVehicle↦0.0),(Vehicles2↦0.005254410207271576),(Vehicles3↦0.04548653960227966),(Vehicles4↦0.025043943896889687),(Vehicles5↦0.020006797276437283)}",
        "VehiclesVx": "{(EgoVehicle↦20.0),(Vehicles2↦0.4279167950153351),(Vehicles3↦-0.5996328592300415),(Vehicles4↦-0.051653627306222916),(Vehicles5↦0.05980066489428282)}",
        "VehiclesY": "{(EgoVehicle↦0.0),(Vehicles2↦4.0000001192092896),(Vehicles3↦8.000000238418579),(Vehicles4↦0.0),(Vehicles5↦8.000000238418579)}",
        "VehiclesVy": "{(EgoVehicle↦0.0),(Vehicles2↦0.0),(Vehicles3↦0.0),(Vehicles4↦0.0),(Vehicles5↦0.0)}",
        "VehiclesX": "{(EgoVehicle↦200.0),(Vehicles2↦13.73177170753479),(Vehicles3↦17.745837569236755),(Vehicles4↦23.783843219280243),(Vehicles5↦80.74260354042053)}"
      },
      "probabilisticVariables": null,
      "activating": [
        "SLOWER_24"
      ],
      "activatingOnlyWhenExecuted": true,
      "updating": null,
      "withPredicate": null
    },
    {
      "id": "SLOWER_24",
      "execute": "SLOWER",
      "after": "1000",
      "priority": 0,
      "additionalGuards": null,
      "activationKind": null,
      "fixedVariables": {
        "Crash": "FALSE",
        "VehiclesAy": "{(EgoVehicle↦0.0),(Vehicles2↦0.0),(Vehicles3↦0.0),(Vehicles4↦0.0),(Vehicles5↦0.0)}",
        "Reward": "0.6666666666671442",
        "VehiclesAx": "{(EgoVehicle↦0.0),(Vehicles2↦0.005208849906921387),(Vehicles3↦0.04272822290658951),(Vehicles4↦0.023948801681399345),(Vehicles5↦0.02004512120038271)}",
        "VehiclesVx": "{(EgoVehicle↦20.0),(Vehicles2↦0.43312564492225647),(Vehicles3↦-0.556904636323452),(Vehicles4↦-0.02770482562482357),(Vehicles5↦0.07984578609466553)}",
        "VehiclesY": "{(EgoVehicle↦0.0),(Vehicles2↦4.0000001192092896),(Vehicles3↦8.000000238418579),(Vehicles4↦0.0),(Vehicles5↦8.000000238418579)}",
        "VehiclesVy": "{(EgoVehicle↦0.0),(Vehicles2↦0.0),(Vehicles3↦0.0),(Vehicles4↦0.0),(Vehicles5↦0.0)}",
        "VehiclesX": "{(EgoVehicle↦200.0),(Vehicles2↦14.161774516105652),(Vehicles3↦17.16350167989731),(Vehicles4↦23.7418532371521),(Vehicles5↦80.81042170524597)}"
      },
      "probabilisticVariables": null,
      "activating": [
        "SLOWER_25"
      ],
      "activatingOnlyWhenExecuted": true,
      "updating": null,
      "withPredicate": null
    },
    {
      "id": "SLOWER_25",
      "execute": "SLOWER",
      "after": "1000",
      "priority": 0,
      "additionalGuards": null,
      "activationKind": null,
      "fixedVariables": {
        "Crash": "FALSE",
        "VehiclesAy": "{(EgoVehicle↦0.0),(Vehicles2↦0.0),(Vehicles3↦0.0),(Vehicles4↦0.0),(Vehicles5↦0.0)}",
        "Reward": "0.6666666666667296",
        "VehiclesAx": "{(EgoVehicle↦0.0),(Vehicles2↦0.00517677515745163),(Vehicles3↦0.04029411822557449),(Vehicles4↦0.02293899335199967),(Vehicles5↦0.020011523738503456)}",
        "VehiclesVx": "{(EgoVehicle↦20.0),(Vehicles2↦0.4383024200797081),(Vehicles3↦-0.5166105180978775),(Vehicles4↦-0.0047658322728239),(Vehicles5↦0.09985730983316898)}",
        "VehiclesY": "{(EgoVehicle↦0.0),(Vehicles2↦4.0000001192092896),(Vehicles3↦8.000000238418579),(Vehicles4↦0.0),(Vehicles5↦8.000000238418579)}",
        "VehiclesVy": "{(EgoVehicle↦0.0),(Vehicles2↦0.0),(Vehicles3↦0.0),(Vehicles4↦0.0),(Vehicles5↦0.0)}",
        "VehiclesX": "{(EgoVehicle↦200.0),(Vehicles2↦14.596973359584808),(Vehicles3↦16.62289798259735),(Vehicles4↦23.723401129245758),(Vehicles5↦80.8982789516449)}"
      },
      "probabilisticVariables": null,
      "activating": [
        "SLOWER_26"
      ],
      "activatingOnlyWhenExecuted": true,
      "updating": null,
      "withPredicate": null
    },
    {
      "id": "SLOWER_26",
      "execute": "SLOWER",
      "after": "1000",
      "priority": 0,
      "additionalGuards": null,
      "activationKind": null,
      "fixedVariables": {
        "Crash": "FALSE",
        "VehiclesAy": "{(EgoVehicle↦0.0),(Vehicles2↦0.0),(Vehicles3↦0.0),(Vehicles4↦0.0),(Vehicles5↦0.0)}",
        "Reward": "0.666666666666675",
        "VehiclesAx": "{(EgoVehicle↦0.0),(Vehicles2↦0.0051551684737205505),(Vehicles3↦0.038130879402160645),(Vehicles4↦0.022004567726980895),(Vehicles5↦0.019917190074920654)}",
        "VehiclesVx": "{(EgoVehicle↦20.0),(Vehicles2↦0.44345758855342865),(Vehicles3↦-0.47847963869571686),(Vehicles4↦0.017238735454156995),(Vehicles5↦0.11977449990808964)}",
        "VehiclesY": "{(EgoVehicle↦0.0),(Vehicles2↦4.0000001192092896),(Vehicles3↦8.000000238418579),(Vehicles4↦0.0),(Vehicles5↦8.000000238418579)}",
        "VehiclesVy": "{(EgoVehicle↦0.0),(Vehicles2↦0.0),(Vehicles3↦0.0),(Vehicles4↦0.0),(Vehicles5↦0.0)}",
        "VehiclesX": "{(EgoVehicle↦200.0),(Vehicles2↦15.037338435649872),(Vehicles3↦16.121703386306763),(Vehicles4↦23.727509379386902),(Vehicles5↦81.00611567497253)}"
      },
      "probabilisticVariables": null,
      "activating": [
        "SLOWER_27"
      ],
      "activatingOnlyWhenExecuted": true,
      "updating": null,
      "withPredicate": null
    },
    {
      "id": "SLOWER_27",
      "execute": "SLOWER",
      "after": "1000",
      "priority": 0,
      "additionalGuards": null,
      "activationKind": null,
      "fixedVariables": {
        "Crash": "FALSE",
        "VehiclesAy": "{(EgoVehicle↦0.0),(Vehicles2↦0.0),(Vehicles3↦0.0),(Vehicles4↦0.0),(Vehicles5↦0.0)}",
        "Reward": "0.6666666666666677",
        "VehiclesAx": "{(EgoVehicle↦0.0),(Vehicles2↦0.005141794681549072),(Vehicles3↦0.03619544208049774),(Vehicles4↦0.02113719587214291),(Vehicles5↦0.019771745428442955)}",
        "VehiclesVx": "{(EgoVehicle↦20.0),(Vehicles2↦0.4485993832349777),(Vehicles3↦-0.4422841966152191),(Vehicles4↦0.038375931326299906),(Vehicles5↦0.1395462453365326)}",
        "VehiclesY": "{(EgoVehicle↦0.0),(Vehicles2↦4.0000001192092896),(Vehicles3↦8.000000238418579),(Vehicles4↦0.0),(Vehicles5↦8.000000238418579)}",
        "VehiclesVy": "{(EgoVehicle↦0.0),(Vehicles2↦0.0),(Vehicles3↦0.0),(Vehicles4↦0.0),(Vehicles5↦0.0)}",
        "VehiclesX": "{(EgoVehicle↦200.0),(Vehicles2↦15.482853353023529),(Vehicles3↦15.657848119735718),(Vehicles4↦23.753270506858826),(Vehicles5↦81.13381266593933)}"
      },
      "probabilisticVariables": null,
      "activating": [
        "SLOWER_28"
      ],
      "activatingOnlyWhenExecuted": true,
      "updating": null,
      "withPredicate": null
    },
    {
      "id": "SLOWER_28",
      "execute": "SLOWER",
      "after": "1000",
      "priority": 0,
      "additionalGuards": null,
      "activationKind": null,
      "fixedVariables": {
        "Crash": "FALSE",
        "VehiclesAy": "{(EgoVehicle↦0.0),(Vehicles2↦0.0),(Vehicles3↦0.0),(Vehicles4↦0.0),(Vehicles5↦0.0)}",
        "Reward": "0.6666666666666669",
        "VehiclesAx": "{(EgoVehicle↦0.0),(Vehicles2↦-0.8564303815364838),(Vehicles3↦0.8960185572504997),(Vehicles4↦0.020329791586846113),(Vehicles5↦0.019583571702241898)}",
        "VehiclesVx": "{(EgoVehicle↦20.0),(Vehicles2↦-0.40783099830150604),(Vehicles3↦0.4537343606352806),(Vehicles4↦0.05870572291314602),(Vehicles5↦0.1591298170387745)}",
        "VehiclesY": "{(EgoVehicle↦0.0),(Vehicles2↦8.000000238418579),(Vehicles3↦4.0000001192092896),(Vehicles4↦0.0),(Vehicles5↦8.000000238418579)}",
        "VehiclesVy": "{(EgoVehicle↦0.0),(Vehicles2↦0.0),(Vehicles3↦0.0),(Vehicles4↦0.0),(Vehicles5↦0.0)}",
        "VehiclesX": "{(EgoVehicle↦200.0),(Vehicles2↦15.229478478431702),(Vehicles3↦15.933507680892944),(Vehicles4↦23.79983961582184),(Vehicles5↦81.2812089920044)}"
      },
      "probabilisticVariables": null,
      "activating": [
        "LANE_LEFT_29"
      ],
      "activatingOnlyWhenExecuted": true,
      "updating": null,
      "withPredicate": null
    },
    {
      "id": "LANE_LEFT_29",
      "execute": "LANE_LEFT",
      "after": "1000",
      "priority": 0,
      "additionalGuards": null,
      "activationKind": null,
      "fixedVariables": {
        "Crash": "FALSE",
        "VehiclesAy": "{(EgoVehicle↦0.0),(Vehicles2↦0.0),(Vehicles3↦0.0),(Vehicles4↦0.0),(Vehicles5↦0.0)}",
        "Reward": "0.6666666666666669",
        "VehiclesAx": "{(EgoVehicle↦0.0),(Vehicles2↦0.03287576138973236),(Vehicles3↦0.005133487284183502),(Vehicles4↦0.019576288759708405),(Vehicles5↦0.019360072910785675)}",
        "VehiclesVx": "{(EgoVehicle↦20.0),(Vehicles2↦-0.3749552369117737),(Vehicles3↦0.4588678479194641),(Vehicles4↦0.07828201167285442),(Vehicles5↦0.17848988994956017)}",
        "VehiclesY": "{(EgoVehicle↦0.0),(Vehicles2↦8.000000238418579),(Vehicles3↦4.0000001192092896),(Vehicles4↦0.0),(Vehicles5↦8.000000238418579)}",
        "VehiclesVy": "{(EgoVehicle↦0.0),(Vehicles2↦0.0),(Vehicles3↦0.0),(Vehicles4↦0.0),(Vehicles5↦0.0)}",
        "VehiclesX": "{(EgoVehicle↦200.0),(Vehicles2↦14.834918081760406),(Vehicles3↦16.38929545879364),(Vehicles4↦23.866434395313263),(Vehicles5↦81.44810199737549)}"
      },
      "probabilisticVariables": null,
      "activating": [
        "LANE_LEFT_30"
      ],
      "activatingOnlyWhenExecuted": true,
      "updating": null,
      "withPredicate": null
    },
    {
      "id": "LANE_LEFT_30",
      "execute": "LANE_LEFT",
      "after": "1000",
      "priority": 0,
      "additionalGuards": null,
      "activationKind": null,
      "fixedVariables": {
        "Crash": "FALSE",
        "VehiclesAy": "{(EgoVehicle↦0.0),(Vehicles2↦0.0),(Vehicles3↦0.0),(Vehicles4↦0.0),(Vehicles5↦0.0)}",
        "Reward": "0.6666666666666669",
        "VehiclesAx": "{(EgoVehicle↦0.0),(Vehicles2↦0.03144003450870514),(Vehicles3↦0.005136355757713318),(Vehicles4↦0.018871407955884933),(Vehicles5↦0.019107665866613388)}",
        "VehiclesVx": "{(EgoVehicle↦20.0),(Vehicles2↦-0.34351520240306854),(Vehicles3↦0.46400420367717743),(Vehicles4↦0.09715341962873936),(Vehicles5↦0.19759755581617355)}",
        "VehiclesY": "{(EgoVehicle↦0.0),(Vehicles2↦8.000000238418579),(Vehicles3↦4.0000001192092896),(Vehicles4↦0.0),(Vehicles5↦8.000000238418579)}",
        "VehiclesVy": "{(EgoVehicle↦0.0),(Vehicles2↦0.0),(Vehicles3↦0.0),(Vehicles4↦0.0),(Vehicles5↦0.0)}",
        "VehiclesX": "{(EgoVehicle↦200.0),(Vehicles2↦14.47264850139618),(Vehicles3↦16.850216686725616),(Vehicles4↦23.952320218086243),(Vehicles5↦81.63425326347351)}"
      },
      "probabilisticVariables": null,
      "activating": [
        "LANE_LEFT_31"
      ],
      "activatingOnlyWhenExecuted": true,
      "updating": null,
      "withPredicate": null
    },
    {
      "id": "LANE_LEFT_31",
      "execute": "LANE_LEFT",
      "after": "1000",
      "priority": 0,
      "additionalGuards": null,
      "activationKind": null,
      "fixedVariables": {
        "Crash": "FALSE",
        "VehiclesAy": "{(EgoVehicle↦0.0),(Vehicles2↦0.0),(Vehicles3↦0.0),(Vehicles4↦0.0),(Vehicles5↦0.0)}",
        "Reward": "0.6666666666666669",
        "VehiclesAx": "{(EgoVehicle↦0.0),(Vehicles2↦0.0301269069314003),(Vehicles3↦0.0051429495215415955),(Vehicles4↦0.018210597336292267),(Vehicles5↦0.01883193850517273)}",
        "VehiclesVx": "{(EgoVehicle↦20.0),(Vehicles2↦-0.31338829547166824),(Vehicles3↦0.469147153198719),(Vehicles4↦0.11536401696503162),(Vehicles5↦0.21642949432134628)}",
        "VehiclesY": "{(EgoVehicle↦0.0),(Vehicles2↦8.000000238418579),(Vehicles3↦4.0000001192092896),(Vehicles4↦0.0),(Vehicles5↦8.000000238418579)}",
        "VehiclesVy": "{(EgoVehicle↦0.0),(Vehicles2↦0.0),(Vehicles3↦0.0),(Vehicles4↦0.0),(Vehicles5↦0.0)}",
        "VehiclesX": "{(EgoVehicle↦200.0),(Vehicles2↦14.141283929347992),(Vehicles3↦17.31627881526947),(Vehicles4↦24.056808650493622),(Vehicles5↦81.83940649032593)}"
      },
      "probabilisticVariables": null,
      "activating": [
        "LANE_LEFT_32"
      ],
      "activatingOnlyWhenExecuted": true,
      "updating": null,
      "withPredicate": null
    },
    {
      "id": "LANE_LEFT_32",
      "execute": "LANE_LEFT",
      "after": "1000",
      "priority": 0,
      "additionalGuards": null,
      "activationKind": null,
      "fixedVariables": {
        "Crash": "FALSE",
        "VehiclesAy": "{(EgoVehicle↦0.0),(Vehicles2↦0.0),(Vehicles3↦0.0),(Vehicles4↦0.0),(Vehicles5↦0.0)}",
        "Reward": "0.6666666666666669",
        "VehiclesAx": "{(EgoVehicle↦0.0),(Vehicles2↦0.028920453041791916),(Vehicles3↦0.005152523517608643),(Vehicles4↦0.017589814960956573),(Vehicles5↦0.01853780820965767)}",
        "VehiclesVx": "{(EgoVehicle↦20.0),(Vehicles2↦-0.2844678424298763),(Vehicles3↦0.47429967671632767),(Vehicles4↦0.1329538319259882),(Vehicles5↦0.23496730253100395)}",
        "VehiclesY": "{(EgoVehicle↦0.0),(Vehicles2↦8.000000238418579),(Vehicles3↦4.0000001192092896),(Vehicles4↦0.0),(Vehicles5↦8.000000238418579)}",
        "VehiclesVy": "{(EgoVehicle↦0.0),(Vehicles2↦0.0),(Vehicles3↦0.0),(Vehicles4↦0.0),(Vehicles5↦0.0)}",
        "VehiclesX": "{(EgoVehicle↦200.0),(Vehicles2↦13.839556276798248),(Vehicles3↦17.78748482465744),(Vehicles4↦24.179257452487946),(Vehicles5↦82.06327557563782)}"
      },
      "probabilisticVariables": null,
      "activating": [
        "LANE_LEFT_33"
      ],
      "activatingOnlyWhenExecuted": true,
      "updating": null,
      "withPredicate": null
    },
    {
      "id": "LANE_LEFT_33",
      "execute": "LANE_LEFT",
      "after": "1000",
      "priority": 0,
      "additionalGuards": null,
      "activationKind": null,
      "fixedVariables": {
        "Crash": "FALSE",
        "VehiclesAy": "{(EgoVehicle↦0.0),(Vehicles2↦0.0),(Vehicles3↦0.0),(Vehicles4↦0.0),(Vehicles5↦0.0)}",
        "Reward": "0.6666666666666669",
        "VehiclesAx": "{(EgoVehicle↦0.0),(Vehicles2↦0.02780752256512642),(Vehicles3↦0.005164742469787598),(Vehicles4↦0.017005540430545807),(Vehicles5↦0.018229447305202484)}",
        "VehiclesVx": "{(EgoVehicle↦20.0),(Vehicles2↦-0.2566603198647499),(Vehicles3↦0.47946441918611526),(Vehicles4↦0.149959372356534),(Vehicles5↦0.25319674983620644)}",
        "VehiclesY": "{(EgoVehicle↦0.0),(Vehicles2↦8.000000238418579),(Vehicles3↦4.0000001192092896),(Vehicles4↦0.0),(Vehicles5↦8.000000238418579)}",
        "VehiclesVy": "{(EgoVehicle↦0.0),(Vehicles2↦0.0),(Vehicles3↦0.0),(Vehicles4↦0.0),(Vehicles5↦0.0)}",
        "VehiclesX": "{(EgoVehicle↦200.0),(Vehicles2↦13.56629729270935),(Vehicles3↦18.26384961605072),(Vehicles4↦24.319058656692505),(Vehicles5↦82.3055624961853)}"
      },
      "probabilisticVariables": null,
      "activating": [
        "FASTER_34"
      ],
      "activatingOnlyWhenExecuted": true,
      "updating": null,
      "withPredicate": null
    },
    {
      "id": "FASTER_34",
      "execute": "FASTER",
      "after": "1000",
      "priority": 0,
      "additionalGuards": null,
      "activationKind": null,
      "fixedVariables": {
        "Crash": "FALSE",
        "VehiclesAy": "{(EgoVehicle↦0.0),(Vehicles2↦0.0),(Vehicles3↦0.0),(Vehicles4↦0.0),(Vehicles5↦0.0)}",
        "Reward": "0.7824417009602195",
        "VehiclesAx": "{(EgoVehicle↦4.341564178466797),(Vehicles2↦-4.3147870525717735),(Vehicles3↦-4.33638472110033),(Vehicles4↦-4.3251091707497835),(Vehicles5↦-4.323653373867273)}",
        "VehiclesVx": "{(EgoVehicle↦24.341564178466797),(Vehicles2↦-4.571447372436523),(Vehicles3↦-3.856920301914215),(Vehicles4↦-4.1751497983932495),(Vehicles5↦-4.070456624031067)}",
        "VehiclesY": "{(EgoVehicle↦0.0),(Vehicles2↦8.000000238418579),(Vehicles3↦4.0000001192092896),(Vehicles4↦0.0),(Vehicles5↦8.000000238418579)}",
        "VehiclesVy": "{(EgoVehicle↦0.0),(Vehicles2↦0.0),(Vehicles3↦0.0),(Vehicles4↦0.0),(Vehicles5↦0.0)}",
        "VehiclesX": "{(EgoVehicle↦200.0),(Vehicles2↦10.92536598443985),(Vehicles3↦16.35032296180725),(Vehicles4↦22.08058089017868),(Vehicles5↦80.17088770866394)}"
      },
      "probabilisticVariables": null,
      "activating": [
        "SLOWER_35"
      ],
      "activatingOnlyWhenExecuted": true,
      "updating": null,
      "withPredicate": null
    },
    {
      "id": "SLOWER_35",
      "execute": "SLOWER",
      "after": "1000",
      "priority": 0,
      "additionalGuards": null,
      "activationKind": null,
      "fixedVariables": {
        "Crash": "FALSE",
        "VehiclesAy": "{(EgoVehicle↦0.0),(Vehicles2↦0.0),(Vehicles3↦0.0),(Vehicles4↦0.0),(Vehicles5↦0.0)}",
        "Reward": "0.6819127617176695",
        "VehiclesAx": "{(EgoVehicle↦-3.76983642578125),(Vehicles2↦3.7956544756889343),(Vehicles3↦3.7750302627682686),(Vehicles4↦3.7857695668935776),(Vehicles5↦3.787419144064188)}",
        "VehiclesVx": "{(EgoVehicle↦20.571727752685547),(Vehicles2↦-0.7757928967475891),(Vehicles3↦-0.0818900391459465),(Vehicles4↦-0.38938023149967194),(Vehicles5↦-0.2830374799668789)}",
        "VehiclesY": "{(EgoVehicle↦0.0),(Vehicles2↦8.000000238418579),(Vehicles3↦4.0000001192092896),(Vehicles4↦0.0),(Vehicles5↦8.000000238418579)}",
        "VehiclesVy": "{(EgoVehicle↦0.0),(Vehicles2↦0.0),(Vehicles3↦0.0),(Vehicles4↦0.0),(Vehicles5↦0.0)}",
        "VehiclesX": "{(EgoVehicle↦200.0),(Vehicles2↦8.443982899188995),(Vehicles3↦14.575141668319702),(Vehicles4↦19.99150812625885),(Vehicles5↦78.1871497631073)}"
      },
      "probabilisticVariables": null,
      "activating": [
        "LANE_LEFT_36"
      ],
      "activatingOnlyWhenExecuted": true,
      "updating": null,
      "withPredicate": null
    },
    {
      "id": "LANE_LEFT_36",
      "execute": "LANE_LEFT",
      "after": "1000",
      "priority": 0,
      "additionalGuards": null,
      "activationKind": null,
      "fixedVariables": {
        "Crash": "FALSE",
        "VehiclesAy": "{(EgoVehicle↦0.0),(Vehicles2↦0.0),(Vehicles3↦0.0),(Vehicles4↦0.0),(Vehicles5↦0.0)}",
        "Reward": "0.6686743828873749",
        "VehiclesAx": "{(EgoVehicle↦-0.49643754959106445),(Vehicles2↦0.5213653855025768),(Vehicles3↦0.5016516894102097),(Vehicles4↦0.5118813458830118),(Vehicles5↦0.5136916227638721)}",
        "VehiclesVx": "{(EgoVehicle↦20.075290203094482),(Vehicles2↦-0.2544275112450123),(Vehicles3↦0.41976165026426315),(Vehicles4↦0.12250111438333988),(Vehicles5↦0.23065414279699326)}",
        "VehiclesY": "{(EgoVehicle↦0.0),(Vehicles2↦8.000000238418579),(Vehicles3↦4.0000001192092896),(Vehicles4↦0.0),(Vehicles5↦8.000000238418579)}",
        "VehiclesVy": "{(EgoVehicle↦0.0),(Vehicles2↦0.0),(Vehicles3↦0.0),(Vehicles4↦0.0),(Vehicles5↦0.0)}",
        "VehiclesX": "{(EgoVehicle↦200.0),(Vehicles2↦7.9520948231220245),(Vehicles3↦14.7692009806633),(Vehicles4↦19.882208108901978),(Vehicles5↦78.18490862846375)}"
      },
      "probabilisticVariables": null,
      "activating": [
        "LANE_LEFT_37"
      ],
      "activatingOnlyWhenExecuted": true,
      "updating": null,
      "withPredicate": null
    },
    {
      "id": "LANE_LEFT_37",
      "execute": "LANE_LEFT",
      "after": "1000",
      "priority": 0,
      "additionalGuards": null,
      "activationKind": null,
      "fixedVariables": {
        "Crash": "FALSE",
        "VehiclesAy": "{(EgoVehicle↦0.0),(Vehicles2↦0.0),(Vehicles3↦0.0),(Vehicles4↦0.0),(Vehicles5↦0.0)}",
        "Reward": "0.6669310572800934",
        "VehiclesAx": "{(EgoVehicle↦-0.06537437438964844),(Vehicles2↦0.08946595713496208),(Vehicles3↦0.0706055760383606),(Vehicles4↦0.08035053499042988),(Vehicles5↦0.08229292929172516)}",
        "VehiclesVx": "{(EgoVehicle↦20.009915828704834),(Vehicles2↦-0.1649615541100502),(Vehicles3↦0.49036722630262375),(Vehicles4↦0.20285164937376976),(Vehicles5↦0.3129470720887184)}",
        "VehiclesY": "{(EgoVehicle↦0.0),(Vehicles2↦8.000000238418579),(Vehicles3↦4.0000001192092896),(Vehicles4↦0.0),(Vehicles5↦8.000000238418579)}",
        "VehiclesVy": "{(EgoVehicle↦0.0),(Vehicles2↦0.0),(Vehicles3↦0.0),(Vehicles4↦0.0),(Vehicles5↦0.0)}",
        "VehiclesX": "{(EgoVehicle↦200.0),(Vehicles2↦7.743432372808456),(Vehicles3↦15.227118134498596),(Vehicles4↦20.04680037498474),(Vehicles5↦78.45841646194458)}"
      },
      "probabilisticVariables": null,
      "activating": [
        "LANE_LEFT_38"
      ],
      "activatingOnlyWhenExecuted": true,
      "updating": null,
      "withPredicate": null
    },
    {
      "id": "LANE_LEFT_38",
      "execute": "LANE_LEFT",
      "after": "1000",
      "priority": 0,
      "additionalGuards": null,
      "activationKind": null,
      "fixedVariables": {
        "Crash": "FALSE",
        "VehiclesAy": "{(EgoVehicle↦0.0),(Vehicles2↦0.0),(Vehicles3↦0.0),(Vehicles4↦0.0),(Vehicles5↦0.0)}",
        "Reward": "0.6667014835375705",
        "VehiclesAx": "{(EgoVehicle↦-0.008609294891357422),(Vehicles2↦0.031917355954647064),(Vehicles3↦0.01385904848575592),(Vehicles4↦0.023142453283071518),(Vehicles5↦0.02519216388463974)}",
        "VehiclesVx": "{(EgoVehicle↦20.001306533813477),(Vehicles2↦-0.13304419815540314),(Vehicles3↦0.5042262747883797),(Vehicles4↦0.22599410265684128),(Vehicles5↦0.33813923597335815)}",
        "VehiclesY": "{(EgoVehicle↦0.0),(Vehicles2↦8.000000238418579),(Vehicles3↦4.0000001192092896),(Vehicles4↦0.0),(Vehicles5↦8.000000238418579)}",
        "VehiclesVy": "{(EgoVehicle↦0.0),(Vehicles2↦0.0),(Vehicles3↦0.0),(Vehicles4↦0.0),(Vehicles5↦0.0)}",
        "VehiclesX": "{(EgoVehicle↦200.0),(Vehicles2↦7.59260430932045),(Vehicles3↦15.724332630634308),(Vehicles4↦20.260249078273773),(Vehicles5↦78.7827730178833)}"
      },
      "probabilisticVariables": null,
      "activating": [
        "LANE_LEFT_39"
      ],
      "activatingOnlyWhenExecuted": true,
      "updating": null,
      "withPredicate": null
    },
    {
      "id": "LANE_LEFT_39",
      "execute": "LANE_LEFT",
      "after": "1000",
      "priority": 0,
      "additionalGuards": null,
      "activationKind": null,
      "fixedVariables": {
        "Crash": "FALSE",
        "VehiclesAy": "{(EgoVehicle↦0.0),(Vehicles2↦0.0),(Vehicles3↦0.0),(Vehicles4↦0.0),(Vehicles5↦0.0)}",
        "Reward": "0.6666712516043988",
        "VehiclesAx": "{(EgoVehicle↦-0.0011348724365234375),(Vehicles2↦0.02370609901845455),(Vehicles3↦0.006403252482414246),(Vehicles4↦0.015246830880641937),(Vehicles5↦0.017382465302944183)}",
        "VehiclesVx": "{(EgoVehicle↦20.000171661376953),(Vehicles2↦-0.10933809913694859),(Vehicles3↦0.5106295272707939),(Vehicles4↦0.24124093353748322),(Vehicles5↦0.35552170127630234)}",
        "VehiclesY": "{(EgoVehicle↦0.0),(Vehicles2↦8.000000238418579),(Vehicles3↦4.0000001192092896),(Vehicles4↦0.0),(Vehicles5↦8.000000238418579)}",
        "VehiclesVy": "{(EgoVehicle↦0.0),(Vehicles2↦0.0),(Vehicles3↦0.0),(Vehicles4↦0.0),(Vehicles5↦0.0)}",
        "VehiclesX": "{(EgoVehicle↦200.0),(Vehicles2↦7.469271868467331),(Vehicles3↦16.231290996074677),(Vehicles4↦20.492546260356903),(Vehicles5↦79.12806868553162)}"
      },
      "probabilisticVariables": null,
      "activating": [
        "LANE_LEFT_40"
      ],
      "activatingOnlyWhenExecuted": true,
      "updating": null,
      "withPredicate": null
    },
    {
      "id": "LANE_LEFT_40",
      "execute": "LANE_LEFT",
      "after": "1000",
      "priority": 0,
      "additionalGuards": null,
      "activationKind": null,
      "fixedVariables": {
        "Crash": "FALSE",
        "VehiclesAy": "{(EgoVehicle↦0.0),(Vehicles2↦0.0),(Vehicles3↦0.0),(Vehicles4↦0.0),(Vehicles5↦0.0)}",
        "Reward": "0.666667270444475",
        "VehiclesAx": "{(EgoVehicle↦-0.00015020370483398438),(Vehicles2↦0.022028246894478798),(Vehicles3↦0.005438476800918579),(Vehicles4↦0.013862662017345428),(Vehicles5↦0.01606568694114685)}",
        "VehiclesVx": "{(EgoVehicle↦20.00002145767212),(Vehicles2↦-0.08730985224246979),(Vehicles3↦0.5160680040717125),(Vehicles4↦0.25510359555482864),(Vehicles5↦0.3715873882174492)}",
        "VehiclesY": "{(EgoVehicle↦0.0),(Vehicles2↦8.000000238418579),(Vehicles3↦4.0000001192092896),(Vehicles4↦0.0),(Vehicles5↦8.000000238418579)}",
        "VehiclesVy": "{(EgoVehicle↦0.0),(Vehicles2↦0.0),(Vehicles3↦0.0),(Vehicles4↦0.0),(Vehicles5↦0.0)}",
        "VehiclesX": "{(EgoVehicle↦200.0),(Vehicles2↦7.3688216507434845),(Vehicles3↦16.744115948677063),(Vehicles4↦20.73938548564911),(Vehicles5↦79.490065574646)}"
      },
      "probabilisticVariables": null,
      "activating": [
        "LANE_LEFT_41"
      ],
      "activatingOnlyWhenExecuted": true,
      "updating": null,
      "withPredicate": null
    },
    {
      "id": "LANE_LEFT_41",
      "execute": "LANE_LEFT",
      "after": "1000",
      "priority": 0,
      "additionalGuards": null,
      "activationKind": null,
      "fixedVariables": {
        "Crash": "FALSE",
        "VehiclesAy": "{(EgoVehicle↦0.0),(Vehicles2↦0.0),(Vehicles3↦0.0),(Vehicles4↦0.0),(Vehicles5↦0.0)}",
        "Reward": "0.6666667461765016",
        "VehiclesAx": "{(EgoVehicle↦-1.9073486328125E-05),(Vehicles2↦0.021243812516331673),(Vehicles3↦0.005328357219696045),(Vehicles4↦0.013352297246456146),(Vehicles5↦0.015606693923473358)}",
        "VehiclesVx": "{(EgoVehicle↦20.00000238418579),(Vehicles2↦-0.06606603972613811),(Vehicles3↦0.5213963612914085),(Vehicles4↦0.2684558928012848),(Vehicles5↦0.38719408214092255)}",
        "VehiclesY": "{(EgoVehicle↦0.0),(Vehicles2↦8.000000238418579),(Vehicles3↦4.0000001192092896),(Vehicles4↦0.0),(Vehicles5↦8.000000238418579)}",
        "VehiclesVy": "{(EgoVehicle↦0.0),(Vehicles2↦0.0),(Vehicles3↦0.0),(Vehicles4↦0.0),(Vehicles5↦0.0)}",
        "VehiclesX": "{(EgoVehicle↦200.0),(Vehicles2↦7.290063053369522),(Vehicles3↦17.26231724023819),(Vehicles4↦20.999863743782043),(Vehicles5↦79.86792325973511)}"
      },
      "probabilisticVariables": null,
      "activating": [
        "LANE_LEFT_42"
      ],
      "activatingOnlyWhenExecuted": true,
      "updating": null,
      "withPredicate": null
    },
    {
      "id": "LANE_LEFT_42",
      "execute": "LANE_LEFT",
      "after": "1000",
      "priority": 0,
      "additionalGuards": null,
      "activationKind": null,
      "fixedVariables": {
        "Crash": "FALSE",
        "VehiclesAy": "{(EgoVehicle↦0.0),(Vehicles2↦0.0),(Vehicles3↦0.0),(Vehicles4↦0.0),(Vehicles5↦0.0)}",
        "Reward": "0.6666666771370976",
        "VehiclesAx": "{(EgoVehicle↦-2.384185791015625E-06),(Vehicles2↦0.020607169717550278),(Vehicles3↦0.005330443382263184),(Vehicles4↦0.012972205877304077),(Vehicles5↦0.01526419073343277)}",
        "VehiclesVx": "{(EgoVehicle↦20.0),(Vehicles2↦-0.04545887000858784),(Vehicles3↦0.5267268046736717),(Vehicles4↦0.28142809867858887),(Vehicles5↦0.4024582728743553)}",
        "VehiclesY": "{(EgoVehicle↦0.0),(Vehicles2↦8.000000238418579),(Vehicles3↦4.0000001192092896),(Vehicles4↦0.0),(Vehicles5↦8.000000238418579)}",
        "VehiclesVy": "{(EgoVehicle↦0.0),(Vehicles2↦0.0),(Vehicles3↦0.0),(Vehicles4↦0.0),(Vehicles5↦0.0)}",
        "VehiclesX": "{(EgoVehicle↦200.0),(Vehicles2↦7.232288271188736),(Vehicles3↦17.785844206809998),(Vehicles4↦21.27353698015213),(Vehicles5↦80.26124835014343)}"
      },
      "probabilisticVariables": null,
      "activating": [
        "LANE_LEFT_43"
      ],
      "activatingOnlyWhenExecuted": true,
      "updating": null,
      "withPredicate": null
    },
    {
      "id": "LANE_LEFT_43",
      "execute": "LANE_LEFT",
      "after": "1000",
      "priority": 0,
      "additionalGuards": null,
      "activationKind": null,
      "fixedVariables": {
        "Crash": "FALSE",
        "VehiclesAy": "{(EgoVehicle↦0.0),(Vehicles2↦0.0),(Vehicles3↦0.0),(Vehicles4↦0.0),(Vehicles5↦0.0)}",
        "Reward": "0.6666666680454889",
        "VehiclesAx": "{(EgoVehicle↦0.0),(Vehicles2↦0.02001758199185133),(Vehicles3↦0.0053466856479644775),(Vehicles4↦0.012623444199562073),(Vehicles5↦0.014941208064556122)}",
        "VehiclesVx": "{(EgoVehicle↦20.0),(Vehicles2↦-0.025441288016736507),(Vehicles3↦0.5320734903216362),(Vehicles4↦0.29405154287815094),(Vehicles5↦0.41739948093891144)}",
        "VehiclesY": "{(EgoVehicle↦0.0),(Vehicles2↦8.000000238418579),(Vehicles3↦4.0000001192092896),(Vehicles4↦0.0),(Vehicles5↦8.000000238418579)}",
        "VehiclesVy": "{(EgoVehicle↦0.0),(Vehicles2↦0.0),(Vehicles3↦0.0),(Vehicles4↦0.0),(Vehicles5↦0.0)}",
        "VehiclesX": "{(EgoVehicle↦200.0),(Vehicles2↦7.19488263130188),(Vehicles3↦18.31470876932144),(Vehicles4↦21.56004160642624),(Vehicles5↦80.66970705986023)}"
      },
      "probabilisticVariables": null,
      "activating": [
        "LANE_LEFT_44"
      ],
      "activatingOnlyWhenExecuted": true,
      "updating": null,
      "withPredicate": null
    },
    {
      "id": "LANE_LEFT_44",
      "execute": "LANE_LEFT",
      "after": "1000",
      "priority": 0,
      "additionalGuards": null,
      "activationKind": null,
      "fixedVariables": {
        "Crash": "FALSE",
        "VehiclesAy": "{(EgoVehicle↦0.0),(Vehicles2↦0.0),(Vehicles3↦0.0),(Vehicles4↦0.0),(Vehicles5↦0.0)}",
        "Reward": "0.6666666668482399",
        "VehiclesAx": "{(EgoVehicle↦0.0),(Vehicles2↦0.019459551549516618),(Vehicles3↦0.005364120006561279),(Vehicles4↦0.012292079627513885),(Vehicles5↦0.014625303447246552)}",
        "VehiclesVx": "{(EgoVehicle↦20.0),(Vehicles2↦-0.005981736467219889),(Vehicles3↦0.5374376103281975),(Vehicles4↦0.3063436225056648),(Vehicles5↦0.432024784386158)}",
        "VehiclesY": "{(EgoVehicle↦0.0),(Vehicles2↦8.000000238418579),(Vehicles3↦4.0000001192092896),(Vehicles4↦0.0),(Vehicles5↦8.000000238418579)}",
        "VehiclesVy": "{(EgoVehicle↦0.0),(Vehicles2↦0.0),(Vehicles3↦0.0),(Vehicles4↦0.0),(Vehicles5↦0.0)}",
        "VehiclesX": "{(EgoVehicle↦200.0),(Vehicles2↦7.177268713712692),(Vehicles3↦18.848925828933716),(Vehicles4↦21.85903489589691),(Vehicles5↦81.09298348426819)}"
      },
      "probabilisticVariables": null,
      "activating": [
        "LANE_LEFT_45"
      ],
      "activatingOnlyWhenExecuted": true,
      "updating": null,
      "withPredicate": null
    },
    {
      "id": "LANE_LEFT_45",
      "execute": "LANE_LEFT",
      "after": "1000",
      "priority": 0,
      "additionalGuards": null,
      "activationKind": null,
      "fixedVariables": {
        "Crash": "FALSE",
        "VehiclesAy": "{(EgoVehicle↦0.0),(Vehicles2↦0.0),(Vehicles3↦0.0),(Vehicles4↦0.0),(Vehicles5↦0.0)}",
        "Reward": "0.6666666666905776",
        "VehiclesAx": "{(EgoVehicle↦0.0),(Vehicles2↦0.018929029465653002),(Vehicles3↦0.005380772054195404),(Vehicles4↦0.011975355446338654),(Vehicles5↦0.01431535929441452)}",
        "VehiclesVx": "{(EgoVehicle↦20.0),(Vehicles2↦0.012947292998433113),(Vehicles3↦0.5428183823823929),(Vehicles4↦0.3183189779520035),(Vehicles5↦0.4463401436805725)}",
        "VehiclesY": "{(EgoVehicle↦0.0),(Vehicles2↦8.000000238418579),(Vehicles3↦4.0000001192092896),(Vehicles4↦0.0),(Vehicles5↦8.000000238418579)}",
        "VehiclesVy": "{(EgoVehicle↦0.0),(Vehicles2↦0.0),(Vehicles3↦0.0),(Vehicles4↦0.0),(Vehicles5↦0.0)}",
        "VehiclesX": "{(EgoVehicle↦200.0),(Vehicles2↦7.178899645805359),(Vehicles3↦19.388514757156372),(Vehicles4↦22.17019349336624),(Vehicles5↦81.53076171875)}"
      },
      "probabilisticVariables": null,
      "activating": [
        "LANE_LEFT_46"
      ],
      "activatingOnlyWhenExecuted": true,
      "updating": null,
      "withPredicate": null
    },
    {
      "id": "LANE_LEFT_46",
      "execute": "LANE_LEFT",
      "after": "1000",
      "priority": 0,
      "additionalGuards": null,
      "activationKind": null,
      "fixedVariables": {
        "Crash": "FALSE",
        "VehiclesAy": "{(EgoVehicle↦0.0),(Vehicles2↦0.0),(Vehicles3↦0.0),(Vehicles4↦0.0),(Vehicles5↦0.0)}",
        "Reward": "0.6666666666698154",
        "VehiclesAx": "{(EgoVehicle↦0.0),(Vehicles2↦0.018423704896122217),(Vehicles3↦0.00539630651473999),(Vehicles4↦0.011672228574752808),(Vehicles5↦0.014011375606060028)}",
        "VehiclesVx": "{(EgoVehicle↦20.0),(Vehicles2↦0.03137099789455533),(Vehicles3↦0.5482146888971329),(Vehicles4↦0.3299912065267563),(Vehicles5↦0.46035151928663254)}",
        "VehiclesY": "{(EgoVehicle↦0.0),(Vehicles2↦8.000000238418579),(Vehicles3↦4.0000001192092896),(Vehicles4↦0.0),(Vehicles5↦8.000000238418579)}",
        "VehiclesVy": "{(EgoVehicle↦0.0),(Vehicles2↦0.0),(Vehicles3↦0.0),(Vehicles4↦0.0),(Vehicles5↦0.0)}",
        "VehiclesX": "{(EgoVehicle↦200.0),(Vehicles2↦7.199256122112274),(Vehicles3↦19.933490455150604),(Vehicles4↦22.493205964565277),(Vehicles5↦81.98272585868835)}"
      },
      "probabilisticVariables": null,
      "activating": [
        "LANE_LEFT_47"
      ],
      "activatingOnlyWhenExecuted": true,
      "updating": null,
      "withPredicate": null
    },
    {
      "id": "LANE_LEFT_47",
      "execute": "LANE_LEFT",
      "after": "1000",
      "priority": 0,
      "additionalGuards": null,
      "activationKind": null,
      "fixedVariables": {
        "Crash": "FALSE",
        "VehiclesAy": "{(EgoVehicle↦0.0),(Vehicles2↦0.0),(Vehicles3↦0.0),(Vehicles4↦0.0),(Vehicles5↦0.0)}",
        "Reward": "0.6666666666670813",
        "VehiclesAx": "{(EgoVehicle↦0.0),(Vehicles2↦0.017941680271178484),(Vehicles3↦0.005410537123680115),(Vehicles4↦0.011381730437278748),(Vehicles5↦0.013713762164115906)}",
        "VehiclesVx": "{(EgoVehicle↦20.0),(Vehicles2↦0.049312678165733814),(Vehicles3↦0.553625226020813),(Vehicles4↦0.34137293696403503),(Vehicles5↦0.47406528145074844)}",
        "VehiclesY": "{(EgoVehicle↦0.0),(Vehicles2↦8.000000238418579),(Vehicles3↦4.0000001192092896),(Vehicles4↦0.0),(Vehicles5↦8.000000238418579)}",
        "VehiclesVy": "{(EgoVehicle↦0.0),(Vehicles2↦0.0),(Vehicles3↦0.0),(Vehicles4↦0.0),(Vehicles5↦0.0)}",
        "VehiclesX": "{(EgoVehicle↦200.0),(Vehicles2↦7.237841188907623),(Vehicles3↦20.483869314193726),(Vehicles4↦22.827772796154022),(Vehicles5↦82.44858980178833)}"
      },
      "probabilisticVariables": null,
      "activating": [
        "LANE_LEFT_48"
      ],
      "activatingOnlyWhenExecuted": true,
      "updating": null,
      "withPredicate": null
    },
    {
      "id": "LANE_LEFT_48",
      "execute": "LANE_LEFT",
      "after": "1000",
      "priority": 0,
      "additionalGuards": null,
      "activationKind": null,
      "fixedVariables": {
        "Crash": "FALSE",
        "VehiclesAy": "{(EgoVehicle↦0.0),(Vehicles2↦0.0),(Vehicles3↦0.0),(Vehicles4↦0.0),(Vehicles5↦0.0)}",
        "Reward": "0.6666666666667213",
        "VehiclesAx": "{(EgoVehicle↦0.0),(Vehicles2↦0.01748128328472376),(Vehicles3↦0.0054232776165008545),(Vehicles4↦0.011103115975856781),(Vehicles5↦0.013422481715679169)}",
        "VehiclesVx": "{(EgoVehicle↦20.0),(Vehicles2↦0.06679396145045757),(Vehicles3↦0.5590485036373138),(Vehicles4↦0.3524760529398918),(Vehicles5↦0.4874877631664276)}",
        "VehiclesY": "{(EgoVehicle↦0.0),(Vehicles2↦8.000000238418579),(Vehicles3↦4.0000001192092896),(Vehicles4↦0.0),(Vehicles5↦8.000000238418579)}",
        "VehiclesVy": "{(EgoVehicle↦0.0),(Vehicles2↦0.0),(Vehicles3↦0.0),(Vehicles4↦0.0),(Vehicles5↦0.0)}",
        "VehiclesX": "{(EgoVehicle↦200.0),(Vehicles2↦7.294182479381561),(Vehicles3↦21.039661765098572),(Vehicles4↦23.173607885837555),(Vehicles5↦82.9280436038971)}"
      },
      "probabilisticVariables": null,
      "activating": [
        "LANE_LEFT_49"
      ],
      "activatingOnlyWhenExecuted": true,
      "updating": null,
      "withPredicate": null
    },
    {
      "id": "LANE_LEFT_49",
      "execute": "LANE_LEFT",
      "after": "1000",
      "priority": 0,
      "additionalGuards": null,
      "activationKind": null,
      "fixedVariables": {
        "Crash": "FALSE",
        "VehiclesAy": "{(EgoVehicle↦0.0),(Vehicles2↦0.0),(Vehicles3↦0.0),(Vehicles4↦0.0),(Vehicles5↦0.0)}",
        "Reward": "0.666666666666674",
        "VehiclesAx": "{(EgoVehicle↦0.0),(Vehicles2↦0.017041005194187164),(Vehicles3↦0.005434490740299225),(Vehicles4↦0.01083575189113617),(Vehicles5↦0.013137832283973694)}",
        "VehiclesVx": "{(EgoVehicle↦20.0),(Vehicles2↦0.08383496664464474),(Vehicles3↦0.5644829943776131),(Vehicles4↦0.363311804831028),(Vehicles5↦0.5006255954504013)}",
        "VehiclesY": "{(EgoVehicle↦0.0),(Vehicles2↦8.000000238418579),(Vehicles3↦4.0000001192092896),(Vehicles4↦0.0),(Vehicles5↦8.000000238418579)}",
        "VehiclesVy": "{(EgoVehicle↦0.0),(Vehicles2↦0.0),(Vehicles3↦0.0),(Vehicles4↦0.0),(Vehicles5↦0.0)}",
        "VehiclesX": "{(EgoVehicle↦200.0),(Vehicles2↦7.367826998233795),(Vehicles3↦21.600884199142456),(Vehicles4↦23.530440032482147),(Vehicles5↦83.42081308364868)}"
      },
      "probabilisticVariables": null,
      "activating": [
        "LANE_LEFT_50"
      ],
      "activatingOnlyWhenExecuted": true,
      "updating": null,
      "withPredicate": null
    },
    {
      "id": "LANE_LEFT_50",
      "execute": "LANE_LEFT",
      "after": "1000",
      "priority": 0,
      "additionalGuards": null,
      "activationKind": null,
      "fixedVariables": {
        "Crash": "FALSE",
        "VehiclesAy": "{(EgoVehicle↦0.0),(Vehicles2↦0.0),(Vehicles3↦0.0),(Vehicles4↦0.0),(Vehicles5↦0.0)}",
        "Reward": "0.6666666666666675",
        "VehiclesAx": "{(EgoVehicle↦0.0),(Vehicles2↦0.016619479283690453),(Vehicles3↦0.005444027483463287),(Vehicles4↦0.01057889312505722),(Vehicles5↦0.012859776616096497)}",
        "VehiclesVx": "{(EgoVehicle↦20.0),(Vehicles2↦0.10045444592833519),(Vehicles3↦0.5699270218610764),(Vehicles4↦0.3738906979560852),(Vehicles5↦0.5134853720664978)}",
        "VehiclesY": "{(EgoVehicle↦0.0),(Vehicles2↦8.000000238418579),(Vehicles3↦4.0000001192092896),(Vehicles4↦0.0),(Vehicles5↦8.000000238418579)}",
        "VehiclesVy": "{(EgoVehicle↦0.0),(Vehicles2↦0.0),(Vehicles3↦0.0),(Vehicles4↦0.0),(Vehicles5↦0.0)}",
        "VehiclesX": "{(EgoVehicle↦200.0),(Vehicles2↦7.458343356847763),(Vehicles3↦22.167544066905975),(Vehicles4↦23.89800399541855),(Vehicles5↦83.92660021781921)}"
      },
      "probabilisticVariables": null,
      "activating": [
        "FASTER_51"
      ],
      "activatingOnlyWhenExecuted": true,
      "updating": null,
      "withPredicate": null
    },
    {
      "id": "FASTER_51",
      "execute": "FASTER",
      "after": "1000",
      "priority": 0,
      "additionalGuards": null,
      "activationKind": null,
      "fixedVariables": {
        "Crash": "FALSE",
        "VehiclesAy": "{(EgoVehicle↦0.0),(Vehicles2↦0.0),(Vehicles3↦0.0),(Vehicles4↦0.0),(Vehicles5↦0.0)}",
        "Reward": "0.7824417009602196",
        "VehiclesAx": "{(EgoVehicle↦4.341564178466797),(Vehicles2↦-4.325348194688559),(Vehicles3↦-4.336112067103386),(Vehicles4↦-4.331231713294983),(Vehicles5↦-4.3289753794670105)}",
        "VehiclesVx": "{(EgoVehicle↦24.341564178466797),(Vehicles2↦-4.224893748760223),(Vehicles3↦-3.7661850452423096),(Vehicles4↦-3.9573410153388977),(Vehicles5↦-3.8154900074005127)}",
        "VehiclesY": "{(EgoVehicle↦0.0),(Vehicles2↦8.000000238418579),(Vehicles3↦4.0000001192092896),(Vehicles4↦0.0),(Vehicles5↦8.000000238418579)}",
        "VehiclesVy": "{(EgoVehicle↦0.0),(Vehicles2↦0.0),(Vehicles3↦0.0),(Vehicles4↦0.0),(Vehicles5↦0.0)}",
        "VehiclesX": "{(EgoVehicle↦200.0),(Vehicles2↦5.170253664255142),(Vehicles3↦20.34458965063095),(Vehicles4↦21.88098430633545),(Vehicles5↦82.05008506774902)}"
      },
      "probabilisticVariables": null,
      "activating": [
        "LANE_LEFT_52"
      ],
      "activatingOnlyWhenExecuted": true,
      "updating": null,
      "withPredicate": null
    },
    {
      "id": "LANE_LEFT_52",
      "execute": "LANE_LEFT",
      "after": "1000",
      "priority": 0,
      "additionalGuards": null,
      "activationKind": null,
      "fixedVariables": {
        "Crash": "FALSE",
        "VehiclesAy": "{(EgoVehicle↦0.0),(Vehicles2↦0.0),(Vehicles3↦0.0),(Vehicles4↦0.0),(Vehicles5↦0.0)}",
        "Reward": "0.7976877960112224",
        "VehiclesAx": "{(EgoVehicle↦0.5717277526855469),(Vehicles2↦-0.5559006333351135),(Vehicles3↦-0.566270649433136),(Vehicles4↦-0.5616343021392822),(Vehicles5↦-0.5594047904014587)}",
        "VehiclesVx": "{(EgoVehicle↦24.913291931152344),(Vehicles2↦-4.780794382095337),(Vehicles3↦-4.332455694675446),(Vehicles4↦-4.51897531747818),(Vehicles5↦-4.374894797801971)}",
        "VehiclesY": "{(EgoVehicle↦0.0),(Vehicles2↦8.000000238418579),(Vehicles3↦4.0000001192092896),(Vehicles4↦0.0),(Vehicles5↦8.000000238418579)}",
        "VehiclesVy": "{(EgoVehicle↦0.0),(Vehicles2↦0.0),(Vehicles3↦0.0),(Vehicles4↦0.0),(Vehicles5↦0.0)}",
        "VehiclesX": "{(EgoVehicle↦200.0),(Vehicles2↦0.6363221444189548),(Vehicles3↦16.26518815755844),(Vehicles4↦17.61230081319809),(Vehicles5↦77.92414426803589)}"
      },
      "probabilisticVariables": null,
      "activating": [
        "SLOWER_53"
      ],
      "activatingOnlyWhenExecuted": true,
      "updating": null,
      "withPredicate": null
    },
    {
      "id": "SLOWER_53",
      "execute": "SLOWER",
      "after": "1000",
      "priority": 0,
      "additionalGuards": null,
      "activationKind": null,
      "fixedVariables": {
        "Crash": "FALSE",
        "VehiclesAy": "{(EgoVehicle↦0.0),(Vehicles2↦0.0),(Vehicles3↦0.0),(Vehicles4↦0.0),(Vehicles5↦0.0)}",
        "Reward": "0.6839204779383777",
        "VehiclesAx": "{(EgoVehicle↦-4.2662739753723145),(Vehicles2↦4.281729981303215),(Vehicles3↦4.271736415103078),(Vehicles4↦4.276140239089727),(Vehicles5↦4.2783399019390345)}",
        "VehiclesVx": "{(EgoVehicle↦20.64701795578003),(Vehicles2↦-0.4990644007921219),(Vehicles3↦-0.06071927957236767),(Vehicles4↦-0.24283507838845253),(Vehicles5↦-0.09655489586293697)}",
        "VehiclesY": "{(EgoVehicle↦0.0),(Vehicles2↦8.000000238418579),(Vehicles3↦4.0000001192092896),(Vehicles4↦0.0),(Vehicles5↦8.000000238418579)}",
        "VehiclesVy": "{(EgoVehicle↦0.0),(Vehicles2↦0.0),(Vehicles3↦0.0),(Vehicles4↦0.0),(Vehicles5↦0.0)}",
        "VehiclesX": "{(EgoVehicle↦200.0),(Vehicles2↦-1.78473312407732),(Vehicles3↦14.288444817066193),(Vehicles4↦15.450817346572876),(Vehicles5↦75.90762376785278)}"
      },
      "probabilisticVariables": null,
      "activating": [
        "LANE_LEFT_54"
      ],
      "activatingOnlyWhenExecuted": true,
      "updating": null,
      "withPredicate": null
    },
    {
      "id": "LANE_LEFT_54",
      "execute": "LANE_LEFT",
      "after": "1000",
      "priority": 0,
      "additionalGuards": null,
      "activationKind": null,
      "fixedVariables": {
        "Crash": "FALSE",
        "VehiclesAy": "{(EgoVehicle↦0.0),(Vehicles2↦0.0),(Vehicles3↦0.0),(Vehicles4↦0.0),(Vehicles5↦0.0)}",
        "Reward": "0.6689387735008014",
        "VehiclesAx": "{(EgoVehicle↦-0.5618143081665039),(Vehicles2↦0.5769119132310152),(Vehicles3↦0.5672781448811293),(Vehicles4↦0.5714594013988972),(Vehicles5↦0.5736279394477606)}",
        "VehiclesVx": "{(EgoVehicle↦20.085203647613525),(Vehicles2↦0.07784751243889332),(Vehicles3↦0.5065588653087616),(Vehicles4↦0.32862432301044464),(Vehicles5↦0.4770730435848236)}",
        "VehiclesY": "{(EgoVehicle↦0.0),(Vehicles2↦8.000000238418579),(Vehicles3↦4.0000001192092896),(Vehicles4↦0.0),(Vehicles5↦8.000000238418579)}",
        "VehiclesVy": "{(EgoVehicle↦0.0),(Vehicles2↦0.0),(Vehicles3↦0.0),(Vehicles4↦0.0),(Vehicles5↦0.0)}",
        "VehiclesX": "{(EgoVehicle↦200.0),(Vehicles2↦-1.9678007811307907),(Vehicles3↦14.539840817451477),(Vehicles4↦15.521787106990814),(Vehicles5↦76.12574696540833)}"
      },
      "probabilisticVariables": null,
      "activating": [
        "LANE_LEFT_55"
      ],
      "activatingOnlyWhenExecuted": true,
      "updating": null,
      "withPredicate": null
    },
    {
      "id": "LANE_LEFT_55",
      "execute": "LANE_LEFT",
      "after": "1000",
      "priority": 0,
      "additionalGuards": null,
      "activationKind": null,
      "fixedVariables": {
        "Crash": "FALSE",
        "VehiclesAy": "{(EgoVehicle↦0.0),(Vehicles2↦0.0),(Vehicles3↦0.0),(Vehicles4↦0.0),(Vehicles5↦0.0)}",
        "Reward": "0.6669658741509972",
        "VehiclesAx": "{(EgoVehicle↦-0.07398366928100586),(Vehicles2↦0.08873759768903255),(Vehicles3↦0.07944826036691666),(Vehicles4↦0.08341684937477112),(Vehicles5↦0.08555270731449127)}",
        "VehiclesVx": "{(EgoVehicle↦20.01121997833252),(Vehicles2↦0.16658511012792587),(Vehicles3↦0.5860071256756783),(Vehicles4↦0.41204117238521576),(Vehicles5↦0.5626257508993149)}",
        "VehiclesY": "{(EgoVehicle↦0.0),(Vehicles2↦8.000000238418579),(Vehicles3↦4.0000001192092896),(Vehicles4↦0.0),(Vehicles5↦8.000000238418579)}",
        "VehiclesVy": "{(EgoVehicle↦0.0),(Vehicles2↦0.0),(Vehicles3↦0.0),(Vehicles4↦0.0),(Vehicles5↦0.0)}",
        "VehiclesX": "{(EgoVehicle↦200.0),(Vehicles2↦-1.843210868537426),(Vehicles3↦15.089398622512817),(Vehicles4↦15.895015001296997),(Vehicles5↦76.64827704429626)}"
      },
      "probabilisticVariables": null,
      "activating": [
        "LANE_LEFT_56"
      ],
      "activatingOnlyWhenExecuted": true,
      "updating": null,
      "withPredicate": null
    },
    {
      "id": "LANE_LEFT_56",
      "execute": "LANE_LEFT",
      "after": "1000",
      "priority": 0,
      "additionalGuards": null,
      "activationKind": null,
      "fixedVariables": {
        "Crash": "FALSE",
        "VehiclesAy": "{(EgoVehicle↦0.0),(Vehicles2↦0.0),(Vehicles3↦0.0),(Vehicles4↦0.0),(Vehicles5↦0.0)}",
        "Reward": "0.6667060684753027",
        "VehiclesAx": "{(EgoVehicle↦-0.009741783142089844),(Vehicles2↦0.024165324866771698),(Vehicles3↦0.015205703675746918),(Vehicles4↦0.018971040844917297),(Vehicles5↦0.02107292413711548)}",
        "VehiclesVx": "{(EgoVehicle↦20.00147819519043),(Vehicles2↦0.19075043499469757),(Vehicles3↦0.6012128293514252),(Vehicles4↦0.43101221323013306),(Vehicles5↦0.5836986750364304)}",
        "VehiclesY": "{(EgoVehicle↦0.0),(Vehicles2↦8.000000238418579),(Vehicles3↦4.0000001192092896),(Vehicles4↦0.0),(Vehicles5↦8.000000238418579)}",
        "VehiclesVy": "{(EgoVehicle↦0.0),(Vehicles2↦0.0),(Vehicles3↦0.0),(Vehicles4↦0.0),(Vehicles5↦0.0)}",
        "VehiclesX": "{(EgoVehicle↦200.0),(Vehicles2↦-1.6654560342431068),(Vehicles3↦15.682965517044067),(Vehicles4↦16.316138207912445),(Vehicles5↦77.22082734107971)}"
      },
      "probabilisticVariables": null,
      "activating": [
        "LANE_LEFT_57"
      ],
      "activatingOnlyWhenExecuted": true,
      "updating": null,
      "withPredicate": null
    },
    {
      "id": "LANE_LEFT_57",
      "execute": "LANE_LEFT",
      "after": "1000",
      "priority": 0,
      "additionalGuards": null,
      "activationKind": null,
      "fixedVariables": {
        "Crash": "FALSE",
        "VehiclesAy": "{(EgoVehicle↦0.0),(Vehicles2↦0.0),(Vehicles3↦0.0),(Vehicles4↦0.0),(Vehicles5↦0.0)}",
        "Reward": "0.6666718553822073",
        "VehiclesAx": "{(EgoVehicle↦-0.0012826919555664062),(Vehicles2↦0.015386436134576797),(Vehicles3↦0.006742402911186218),(Vehicles4↦0.010313689708709717),(Vehicles5↦0.012380778789520264)}",
        "VehiclesVx": "{(EgoVehicle↦20.000195503234863),(Vehicles2↦0.20613687112927437),(Vehicles3↦0.6079552322626114),(Vehicles4↦0.4413259029388428),(Vehicles5↦0.5960794538259506)}",
        "VehiclesY": "{(EgoVehicle↦0.0),(Vehicles2↦8.000000238418579),(Vehicles3↦4.0000001192092896),(Vehicles4↦0.0),(Vehicles5↦8.000000238418579)}",
        "VehiclesVy": "{(EgoVehicle↦0.0),(Vehicles2↦0.0),(Vehicles3↦0.0),(Vehicles4↦0.0),(Vehicles5↦0.0)}",
        "VehiclesX": "{(EgoVehicle↦200.0),(Vehicles2↦-1.4683314599096775),(Vehicles3↦16.287070512771606),(Vehicles4↦16.75148606300354),(Vehicles5↦77.80969142913818)}"
      },
      "probabilisticVariables": null,
      "activating": [
        "LANE_LEFT_58"
      ],
      "activatingOnlyWhenExecuted": true,
      "updating": null,
      "withPredicate": null
    },
    {
      "id": "LANE_LEFT_58",
      "execute": "LANE_LEFT",
      "after": "1000",
      "priority": 0,
      "additionalGuards": null,
      "activationKind": null,
      "fixedVariables": {
        "Crash": "FALSE",
        "VehiclesAy": "{(EgoVehicle↦0.0),(Vehicles2↦0.0),(Vehicles3↦0.0),(Vehicles4↦0.0),(Vehicles5↦0.0)}",
        "Reward": "0.6666673499543099",
        "VehiclesAx": "{(EgoVehicle↦-0.00016927719116210938),(Vehicles2↦0.013964716345071793),(Vehicles3↦0.005622953176498413),(Vehicles4↦0.009008757770061493),(Vehicles5↦0.011040456593036652)}",
        "VehiclesVx": "{(EgoVehicle↦20.0000262260437),(Vehicles2↦0.22010158747434616),(Vehicles3↦0.6135781854391098),(Vehicles4↦0.45033466070890427),(Vehicles5↦0.6071199104189873)}",
        "VehiclesY": "{(EgoVehicle↦0.0),(Vehicles2↦8.000000238418579),(Vehicles3↦4.0000001192092896),(Vehicles4↦0.0),(Vehicles5↦8.000000238418579)}",
        "VehiclesVy": "{(EgoVehicle↦0.0),(Vehicles2↦0.0),(Vehicles3↦0.0),(Vehicles4↦0.0),(Vehicles5↦0.0)}",
        "VehiclesX": "{(EgoVehicle↦200.0),(Vehicles2↦-1.2565589509904385),(Vehicles3↦16.897301375865936),(Vehicles4↦17.196457087993622),(Vehicles5↦78.41023206710815)}"
      },
      "probabilisticVariables": null,
      "activating": [
        "LANE_LEFT_59"
      ],
      "activatingOnlyWhenExecuted": true,
      "updating": null,
      "withPredicate": null
    },
    {
      "id": "LANE_LEFT_59",
      "execute": "LANE_LEFT",
      "after": "1000",
      "priority": 0,
      "additionalGuards": null,
      "activationKind": null,
      "fixedVariables": {
        "Crash": "FALSE",
        "VehiclesAy": "{(EgoVehicle↦0.0),(Vehicles2↦0.0),(Vehicles3↦0.0),(Vehicles4↦0.0),(Vehicles5↦0.0)}",
        "Reward": "0.6666667566469324",
        "VehiclesAx": "{(EgoVehicle↦-2.384185791015625E-05),(Vehicles2↦0.013521164655685425),(Vehicles3↦0.005468837916851044),(Vehicles4↦0.008677653968334198),(Vehicles5↦0.0106734037399292)}",
        "VehiclesVx": "{(EgoVehicle↦20.00000238418579),(Vehicles2↦0.23362275213003159),(Vehicles3↦0.6190470233559608),(Vehicles4↦0.45901231467723846),(Vehicles5↦0.6177933141589165)}",
        "VehiclesY": "{(EgoVehicle↦0.0),(Vehicles2↦8.000000238418579),(Vehicles3↦4.0000001192092896),(Vehicles4↦0.0),(Vehicles5↦8.000000238418579)}",
        "VehiclesVy": "{(EgoVehicle↦0.0),(Vehicles2↦0.0),(Vehicles3↦0.0),(Vehicles4↦0.0),(Vehicles5↦0.0)}",
        "VehiclesX": "{(EgoVehicle↦200.0),(Vehicles2↦-1.0310221463441849),(Vehicles3↦17.51307100057602),(Vehicles4↦17.65027940273285),(Vehicles5↦79.02164459228516)}"
      },
      "probabilisticVariables": null,
      "activating": [
        "LANE_LEFT_60"
      ],
      "activatingOnlyWhenExecuted": true,
      "updating": null,
      "withPredicate": null
    },
    {
      "id": "LANE_LEFT_60",
      "execute": "LANE_LEFT",
      "after": "1000",
      "priority": 0,
      "additionalGuards": null,
      "activationKind": null,
      "fixedVariables": {
        "Crash": "FALSE",
        "VehiclesAy": "{(EgoVehicle↦0.0),(Vehicles2↦0.0),(Vehicles3↦0.0),(Vehicles4↦0.0),(Vehicles5↦0.0)}",
        "Reward": "0.6666666785159198",
        "VehiclesAx": "{(EgoVehicle↦-2.384185791015625E-06),(Vehicles2↦0.01321529969573021),(Vehicles3↦-0.1515546441078186),(Vehicles4↦0.1654750108718872),(Vehicles5↦0.010439641773700714)}",
        "VehiclesVx": "{(EgoVehicle↦20.0),(Vehicles2↦0.2468380518257618),(Vehicles3↦0.46749237924814224),(Vehicles4↦0.6244873255491257),(Vehicles5↦0.6282329559326172)}",
        "VehiclesY": "{(EgoVehicle↦0.0),(Vehicles2↦8.000000238418579),(Vehicles3↦0.0),(Vehicles4↦4.0000001192092896),(Vehicles5↦8.000000238418579)}",
        "VehiclesVy": "{(EgoVehicle↦0.0),(Vehicles2↦0.0),(Vehicles3↦0.0),(Vehicles4↦0.0),(Vehicles5↦0.0)}",
        "VehiclesX": "{(EgoVehicle↦200.0),(Vehicles2↦-0.7920903153717518),(Vehicles3↦18.112698197364807),(Vehicles4↦18.13429594039917),(Vehicles5↦79.64363098144531)}"
      },
      "probabilisticVariables": null,
      "activating": [
        "SLOWER_61"
      ],
      "activatingOnlyWhenExecuted": true,
      "updating": null,
      "withPredicate": null
    },
    {
      "id": "SLOWER_61",
      "execute": "SLOWER",
      "after": "1000",
      "priority": 0,
      "additionalGuards": null,
      "activationKind": null,
      "fixedVariables": {
        "Crash": "FALSE",
        "VehiclesAy": "{(EgoVehicle↦0.0),(Vehicles2↦0.0),(Vehicles3↦0.0),(Vehicles4↦0.0),(Vehicles5↦0.0)}",
        "Reward": "0.6666666682270622",
        "VehiclesAx": "{(EgoVehicle↦0.0),(Vehicles2↦0.012935958802700043),(Vehicles3↦0.008305124938488007),(Vehicles4↦0.00542663037776947),(Vehicles5↦0.010228380560874939)}",
        "VehiclesVx": "{(EgoVehicle↦20.0),(Vehicles2↦0.25977401062846184),(Vehicles3↦0.47579750418663025),(Vehicles4↦0.6299139559268951),(Vehicles5↦0.6384613364934921)}",
        "VehiclesY": "{(EgoVehicle↦0.0),(Vehicles2↦8.000000238418579),(Vehicles3↦0.0),(Vehicles4↦4.0000001192092896),(Vehicles5↦8.000000238418579)}",
        "VehiclesVy": "{(EgoVehicle↦0.0),(Vehicles2↦0.0),(Vehicles3↦0.0),(Vehicles4↦0.0),(Vehicles5↦0.0)}",
        "VehiclesX": "{(EgoVehicle↦200.0),(Vehicles2↦-0.5400560330599546),(Vehicles3↦18.583527207374573),(Vehicles4↦18.760953843593597),(Vehicles5↦80.27597069740295)}"
      },
      "probabilisticVariables": null,
      "activating": null,
      "activatingOnlyWhenExecuted": true,
      "updating": null,
      "withPredicate": null
    }
  ],
  "listeners": [],
  "metadata": {
    "fileType": "Timed_Trace",
    "formatVersion": 3,
    "savedAt": "2023-08-15T12:35:58.861502Z",
    "creator": "Simulation: MONTE_CARLO_SIMULATION; MAX_STEPS_BEFORE_PROPERTY : 0, EXECUTIONS : 1000, ENDING_TIME : 60000",
    "proB2KernelVersion": "4.12.2",
    "proBCliVersion": "1.12.2-final",
    "modelName": "HighwayEnvironment"
  }
}