{
  "variables": {},
  "activations": [
    {
      "id": "$setup_constants",
      "execute": "$setup_constants",
      "after": "0",
      "priority": 0,
      "additionalGuards": null,
      "activationKind": null,
      "fixedVariables": null,
      "probabilisticVariables": null,
      "activating": null,
      "activatingOnlyWhenExecuted": true,
      "updating": null,
      "withPredicate": null
    },
    {
      "id": "$initialise_machine",
      "execute": "$initialise_machine",
      "after": "0",
      "priority": 0,
      "additionalGuards": null,
      "activationKind": null,
      "fixedVariables": {
        "Crash": "FALSE",
        "VehiclesAy": "{(EgoVehicle↦0.0),(Vehicles2↦0.0),(Vehicles3↦0.0),(Vehicles4↦0.0),(Vehicles5↦0.0)}",
        "Reward": "0.0",
        "VehiclesAx": "{(EgoVehicle↦0.0),(Vehicles2↦0.0),(Vehicles3↦0.0),(Vehicles4↦0.0),(Vehicles5↦0.0)}",
        "VehiclesVx": "{(EgoVehicle↦25.0),(Vehicles2↦-2.2256316244602203),(Vehicles3↦-1.68256476521492),(Vehicles4↦-2.403821051120758),(Vehicles5↦-3.1562843918800354)}",
        "VehiclesY": "{(EgoVehicle↦4.0000001192092896),(Vehicles2↦4.0000001192092896),(Vehicles3↦4.0000001192092896),(Vehicles4↦0.0),(Vehicles5↦0.0)}",
        "VehiclesVy": "{(EgoVehicle↦0.0),(Vehicles2↦0.0),(Vehicles3↦0.0),(Vehicles4↦0.0),(Vehicles5↦0.0)}",
        "VehiclesX": "{(EgoVehicle↦154.32087182998657),(Vehicles2↦21.76842987537384),(Vehicles3↦46.30351364612579),(Vehicles4↦67.79465079307556),(Vehicles5↦89.0907347202301)}"
      },
      "probabilisticVariables": null,
      "activating": [
        "SLOWER_2"
      ],
      "activatingOnlyWhenExecuted": true,
      "updating": null,
      "withPredicate": null
    },
    {
      "id": "SLOWER_2",
      "execute": "SLOWER",
      "after": "1000",
      "priority": 0,
      "additionalGuards": null,
      "activationKind": null,
      "fixedVariables": {
        "Crash": "FALSE",
        "VehiclesAy": "{(EgoVehicle↦0.0),(Vehicles2↦0.0),(Vehicles3↦0.0),(Vehicles4↦-6.443020701408386),(Vehicles5↦0.0)}",
        "Reward": "0.7175582990397805",
        "VehiclesAx": "{(EgoVehicle↦-4.341564178466797),(Vehicles2↦0.03406882286071777),(Vehicles3↦3.429979532957077),(Vehicles4↦-2.0711037516593933),(Vehicles5↦4.1364796459674835)}",
        "VehiclesVx": "{(EgoVehicle↦20.658435821533203),(Vehicles2↦-2.1915628015995026),(Vehicles3↦1.747414767742157),(Vehicles4↦-4.474924802780151),(Vehicles5↦0.9801952540874481)}",
        "VehiclesY": "{(EgoVehicle↦4.0000001192092896),(Vehicles2↦4.0000001192092896),(Vehicles3↦4.0000001192092896),(Vehicles4↦-0.9472171068191528),(Vehicles5↦0.0)}",
        "VehiclesVy": "{(EgoVehicle↦0.0),(Vehicles2↦0.0),(Vehicles3↦0.0),(Vehicles4↦-6.443020701408386),(Vehicles5↦0.0)}",
        "VehiclesX": "{(EgoVehicle↦176.92581415176392),(Vehicles2↦19.787847995758057),(Vehicles3↦46.655914187431335),(Vehicles4↦65.30468463897705),(Vehicles5↦88.30711841583252)}"
      },
      "probabilisticVariables": null,
      "activating": [
        "LANE_RIGHT_3"
      ],
      "activatingOnlyWhenExecuted": true,
      "updating": null,
      "withPredicate": null
    },
    {
      "id": "LANE_RIGHT_3",
      "execute": "LANE_RIGHT",
      "after": "1000",
      "priority": 0,
      "additionalGuards": null,
      "activationKind": null,
      "fixedVariables": {
        "Crash": "FALSE",
        "VehiclesAy": "{(EgoVehicle↦1.1575503647327423),(Vehicles2↦-1.1575503647327423),(Vehicles3↦-1.1575503647327423),(Vehicles4↦4.524087756872177),(Vehicles5↦-1.1575503647327423)}",
        "Reward": "0.7347553717229882",
        "VehiclesAx": "{(EgoVehicle↦-0.6051087379455566),(Vehicles2↦-0.3254665434360504),(Vehicles3↦-0.17243355512619019),(Vehicles4↦2.139342725276947),(Vehicles5↦0.15518255531787872)}",
        "VehiclesVx": "{(EgoVehicle↦20.053327083587646),(Vehicles2↦-2.517029345035553),(Vehicles3↦1.5749812126159668),(Vehicles4↦-2.3355820775032043),(Vehicles5↦1.1353778094053268)}",
        "VehiclesY": "{(EgoVehicle↦7.599039316177368),(Vehicles2↦0.4009609669446945),(Vehicles3↦0.4009609669446945),(Vehicles4↦-7.32716703414917),(Vehicles5↦-3.5990391969680786)}",
        "VehiclesVy": "{(EgoVehicle↦1.1575503647327423),(Vehicles2↦-1.1575503647327423),(Vehicles3↦-1.1575503647327423),(Vehicles4↦-1.918932944536209),(Vehicles5↦-1.1575503647327423)}",
        "VehiclesX": "{(EgoVehicle↦196.89233303070068),(Vehicles2↦17.80298501253128),(Vehicles3↦48.76438081264496),(Vehicles4↦62.245434522628784),(Vehicles5↦89.76782560348511)}"
      },
      "probabilisticVariables": null,
      "activating": [
        "SLOWER_4"
      ],
      "activatingOnlyWhenExecuted": true,
      "updating": null,
      "withPredicate": null
    },
    {
      "id": "SLOWER_4",
      "execute": "SLOWER",
      "after": "1000",
      "priority": 0,
      "additionalGuards": null,
      "activationKind": null,
      "fixedVariables": {
        "Crash": "FALSE",
        "VehiclesAy": "{(EgoVehicle↦-1.0850363736972213),(Vehicles2↦-0.1219455897808075),(Vehicles3↦1.0850363736972213),(Vehicles4↦1.788616944104433),(Vehicles5↦-1.2300643557682633)}",
        "Reward": "0.7336343175706367",
        "VehiclesAx": "{(EgoVehicle↦-0.042040348052978516),(Vehicles2↦0.6833609938621521),(Vehicles3↦-0.5009067803621292),(Vehicles4↦0.8366860449314117),(Vehicles5↦-0.1968143880367279)}",
        "VehiclesVx": "{(EgoVehicle↦20.011286735534668),(Vehicles2↦-1.8336683511734009),(Vehicles3↦1.0740744322538376),(Vehicles4↦-1.4988960325717926),(Vehicles5↦0.9385634213685989)}",
        "VehiclesY": "{(EgoVehicle↦7.975029230117798),(Vehicles2↦-3.5492767095565796),(Vehicles3↦0.024970664642751217),(Vehicles4↦-7.954623699188232),(Vehicles5↦-3.975029468536377)}",
        "VehiclesVy": "{(EgoVehicle↦0.07251399103552103),(Vehicles2↦-1.2794959545135498),(Vehicles3↦-0.07251399103552103),(Vehicles4↦-0.13031600043177605),(Vehicles5↦-0.07251399103552103)}",
        "VehiclesX": "{(EgoVehicle↦200.0),(Vehicles2↦14.904813468456268),(Vehicles3↦50.11899471282959),(Vehicles4↦60.283392667770386),(Vehicles5↦90.81291556358337)}"
      },
      "probabilisticVariables": null,
      "activating": [
        "FASTER_5"
      ],
      "activatingOnlyWhenExecuted": true,
      "updating": null,
      "withPredicate": null
    },
    {
      "id": "FASTER_5",
      "execute": "FASTER",
      "after": "1000",
      "priority": 0,
      "additionalGuards": null,
      "activationKind": null,
      "fixedVariables": {
        "Crash": "FALSE",
        "VehiclesAy": "{(EgoVehicle↦-0.0689653932931833),(Vehicles2↦1.1898365896195173),(Vehicles3↦0.0689653932931833),(Vehicles4↦0.12265242985449731),(Vehicles5↦-0.07606258877785876)}",
        "Reward": "0.8491484578842634",
        "VehiclesAx": "{(EgoVehicle↦4.331779479980469),(Vehicles2↦-3.159824311733246),(Vehicles3↦-4.699541553854942),(Vehicles4↦-3.9181838929653168),(Vehicles5↦-4.487127438187599)}",
        "VehiclesVx": "{(EgoVehicle↦24.343066215515137),(Vehicles2↦-4.993492662906647),(Vehicles3↦-3.6254671216011047),(Vehicles4↦-5.417079925537109),(Vehicles5↦-3.5485640168190002)}",
        "VehiclesY": "{(EgoVehicle↦7.998928785324097),(Vehicles2↦-3.9691461324691772),(Vehicles3↦0.0010714035015553236),(Vehicles4↦-7.997483968734741),(Vehicles5↦-3.998928666114807)}",
        "VehiclesVy": "{(EgoVehicle↦0.0035485977423377335),(Vehicles2↦-0.08965936489403248),(Vehicles3↦-0.0035485977423377335),(Vehicles4↦-0.007663570577278733),(Vehicles5↦-0.0035485977423377335)}",
        "VehiclesX": "{(EgoVehicle↦200.0),(Vehicles2↦11.205238103866577),(Vehicles3↦48.64504933357239),(Vehicles4↦56.583768129348755),(Vehicles5↦89.29325342178345)}"
      },
      "probabilisticVariables": null,
      "activating": [
        "SLOWER_6"
      ],
      "activatingOnlyWhenExecuted": true,
      "updating": null,
      "withPredicate": null
    },
    {
      "id": "SLOWER_6",
      "execute": "SLOWER",
      "after": "1000",
      "priority": 0,
      "additionalGuards": null,
      "activationKind": null,
      "fixedVariables": {
        "Crash": "FALSE",
        "VehiclesAy": "{(EgoVehicle↦-0.003398987546461285),(Vehicles2↦0.08396978897508234),(Vehicles3↦0.003398987546461285),(Vehicles4↦0.007230154151329771),(Vehicles5↦-0.003698207938214182)}",
        "Reward": "0.7485847086535679",
        "VehiclesAx": "{(EgoVehicle↦-3.7711405754089355),(Vehicles2↦4.492311514914036),(Vehicles3↦3.510672664269805),(Vehicles4↦3.953555077314377),(Vehicles5↦3.72528750449419)}",
        "VehiclesVx": "{(EgoVehicle↦20.5719256401062),(Vehicles2↦-0.5011811479926109),(Vehicles3↦-0.11479445733129978),(Vehicles4↦-1.4635248482227325),(Vehicles5↦0.17672348767518997)}",
        "VehiclesY": "{(EgoVehicle↦7.999948024749756),(Vehicles2↦-3.998054623603821),(Vehicles3↦5.168749157746788E-05),(Vehicles4↦-7.9998486042022705),(Vehicles5↦-3.999948263168335)}",
        "VehiclesVy": "{(EgoVehicle↦0.00014961019587644842),(Vehicles2↦-0.0056895759189501405),(Vehicles3↦-0.00014961019587644842),(Vehicles4↦-0.00043341642594896257),(Vehicles5↦-0.00014961019587644842)}",
        "VehiclesX": "{(EgoVehicle↦200.0),(Vehicles2↦8.60869213938713),(Vehicles3↦46.98934257030487),(Vehicles4↦53.33389639854431),(Vehicles5↦87.79919743537903)}"
      },
      "probabilisticVariables": null,
      "activating": [
        "SLOWER_7"
      ],
      "activatingOnlyWhenExecuted": true,
      "updating": null,
      "withPredicate": null
    },
    {
      "id": "SLOWER_7",
      "execute": "SLOWER",
      "after": "1000",
      "priority": 0,
      "additionalGuards": null,
      "activationKind": null,
      "fixedVariables": {
        "Crash": "FALSE",
        "VehiclesAy": "{(EgoVehicle↦-0.00014041676934084535),(Vehicles2↦0.005346115831343923),(Vehicles3↦0.00014041676934084535),(Vehicles4↦0.0004048883124596614),(Vehicles5↦-0.00015880362241205148)}",
        "Reward": "0.7353417448999923",
        "VehiclesAx": "{(EgoVehicle↦-0.4966092109680176),(Vehicles2↦0.9291920438408852),(Vehicles3↦0.3012931440025568),(Vehicles4↦0.5497366935014725),(Vehicles5↦0.5130514875054359)}",
        "VehiclesVx": "{(EgoVehicle↦20.075316429138184),(Vehicles2↦0.42801089584827423),(Vehicles3↦0.18649868667125702),(Vehicles4↦-0.9137881547212601),(Vehicles5↦0.6897749751806259)}",
        "VehiclesY": "{(EgoVehicle↦7.999996662139893),(Vehicles2↦-3.999883532524109),(Vehicles3↦3.1679016956331907E-06),(Vehicles4↦-7.999990224838257),(Vehicles5↦-3.9999969005584717)}",
        "VehiclesVy": "{(EgoVehicle↦9.193426535603066E-06),(Vehicles2↦-0.0003434600876062177),(Vehicles3↦-9.193426535603066E-06),(Vehicles4↦-2.8528113489301177E-05),(Vehicles5↦-9.193426535603066E-06)}",
        "VehiclesX": "{(EgoVehicle↦200.0),(Vehicles2↦8.572882413864136),(Vehicles3↦47.06619083881378),(Vehicles4↦52.172791957855225),(Vehicles5↦88.25361132621765)}"
      },
      "probabilisticVariables": null,
      "activating": [
        "IDLE_8"
      ],
      "activatingOnlyWhenExecuted": true,
      "updating": null,
      "withPredicate": null
    },
    {
      "id": "IDLE_8",
      "execute": "IDLE",
      "after": "1000",
      "priority": 0,
      "additionalGuards": null,
      "activationKind": null,
      "fixedVariables": {
        "Crash": "FALSE",
        "VehiclesAy": "{(EgoVehicle↦-8.622043381478761E-06),(Vehicles2↦0.000323481576742779),(Vehicles3↦8.622043381478761E-06),(Vehicles4↦2.6642149606459498E-05),(Vehicles5↦-9.764809689727372E-06)}",
        "Reward": "0.733597815514958",
        "VehiclesAx": "{(EgoVehicle↦-0.0653982162475586),(Vehicles2↦0.3154554218053818),(Vehicles3↦-0.08571936748921871),(Vehicles4↦0.055968090891838074),(Vehicles5↦0.10190337896347046)}",
        "VehiclesVx": "{(EgoVehicle↦20.009918212890625),(Vehicles2↦0.743466317653656),(Vehicles3↦0.10077931918203831),(Vehicles4↦-0.857820063829422),(Vehicles5↦0.7916783541440964)}",
        "VehiclesY": "{(EgoVehicle↦7.999999523162842),(Vehicles2↦-3.999993324279785),(Vehicles3↦1.967489211551765E-07),(Vehicles4↦-7.999999523162842),(Vehicles5↦-3.999999761581421)}",
        "VehiclesVy": "{(EgoVehicle↦5.713831541243053E-07),(Vehicles2↦-1.9978510863438714E-05),(Vehicles3↦-5.713831541243053E-07),(Vehicles4↦-1.8859638828416792E-06),(Vehicles5↦-5.713831541243053E-07)}",
        "VehiclesX": "{(EgoVehicle↦200.0),(Vehicles2↦9.148179739713669),(Vehicles3↦47.22535312175751),(Vehicles4↦51.294392347335815),(Vehicles5↦88.99346590042114)}"
      },
      "probabilisticVariables": null,
      "activating": [
        "SLOWER_9"
      ],
      "activatingOnlyWhenExecuted": true,
      "updating": null,
      "withPredicate": null
    },
    {
      "id": "SLOWER_9",
      "execute": "SLOWER",
      "after": "1000",
      "priority": 0,
      "additionalGuards": null,
      "activationKind": null,
      "fixedVariables": {
        "Crash": "FALSE",
        "VehiclesAy": "{(EgoVehicle↦-5.358368682095715E-07),(Vehicles2↦1.8841053019968967E-05),(Vehicles3↦5.358368593277874E-07),(Vehicles4↦1.7608099245336462E-06),(Vehicles5↦-6.069294489208232E-07)}",
        "Reward": "0.7333681622626008",
        "VehiclesAx": "{(EgoVehicle↦-0.008611679077148438),(Vehicles2↦0.14983192086219788),(Vehicles3↦-0.11038501572329551),(Vehicles4↦-0.02354748547077179),(Vehicles5↦0.04623308777809143)}",
        "VehiclesVx": "{(EgoVehicle↦20.001306533813477),(Vehicles2↦0.8932982385158539),(Vehicles3↦-0.009605696541257203),(Vehicles4↦-0.8813675493001938),(Vehicles5↦0.8379114419221878)}",
        "VehiclesY": "{(EgoVehicle↦8.000000238418579),(Vehicles2↦-3.999999761581421),(Vehicles3↦1.2238764668381918E-08),(Vehicles4↦-8.000000238418579),(Vehicles5↦-4.0000001192092896)}",
        "VehiclesVy": "{(EgoVehicle↦3.5546285914733744E-08),(Vehicles2↦-1.1374578434697469E-06),(Vehicles3↦-3.554629479651794E-08),(Vehicles4↦-1.25153958308033E-07),(Vehicles5↦-3.554629479651794E-08)}",
        "VehiclesX": "{(EgoVehicle↦200.0),(Vehicles2↦9.959407895803452),(Vehicles3↦47.28107154369354),(Vehicles4↦50.42920112609863),(Vehicles5↦89.80523943901062)}"
      },
      "probabilisticVariables": null,
      "activating": [
        "SLOWER_10"
      ],
      "activatingOnlyWhenExecuted": true,
      "updating": null,
      "withPredicate": null
    },
    {
      "id": "SLOWER_10",
      "execute": "SLOWER",
      "after": "1000",
      "priority": 0,
      "additionalGuards": null,
      "activationKind": null,
      "fixedVariables": {
        "Crash": "FALSE",
        "VehiclesAy": "{(EgoVehicle↦-3.333463283183846E-08),(Vehicles2↦1.073464819256742E-06),(Vehicles3↦3.333464171362266E-08),(Vehicles4↦1.1681114742145837E-07),(Vehicles5↦-3.775794787941322E-08)}",
        "Reward": "0.7333379198589981",
        "VehiclesAx": "{(EgoVehicle↦-0.0011348724365234375),(Vehicles2↦0.0795593112707138),(Vehicles3↦-0.09355278860311955),(Vehicles4↦-0.031970441341400146),(Vehicles5↦0.03317005932331085)}",
        "VehiclesVx": "{(EgoVehicle↦20.000171661376953),(Vehicles2↦0.9728575497865677),(Vehicles3↦-0.10315848514437675),(Vehicles4↦-0.9133379906415939),(Vehicles5↦0.8710815012454987)}",
        "VehiclesY": "{(EgoVehicle↦8.000000238418579),(Vehicles2↦-4.0000001192092896),(Vehicles3↦7.614708863457054E-10),(Vehicles4↦-8.000000238418579),(Vehicles5↦-4.0000001192092896)}",
        "VehiclesVy": "{(EgoVehicle↦2.211653082895282E-09),(Vehicles2↦-6.39930242130049E-08),(Vehicles3↦-2.211653082895282E-09),(Vehicles4↦-8.342810886574625E-09),(Vehicles5↦-2.211653082895282E-09)}",
        "VehiclesX": "{(EgoVehicle↦200.0),(Vehicles2↦10.888422280550003),(Vehicles3↦47.23251461982727),(Vehicles4↦49.53474402427673),(Vehicles5↦90.65713286399841)}"
      },
      "probabilisticVariables": null,
      "activating": [
        "SLOWER_11"
      ],
      "activatingOnlyWhenExecuted": true,
      "updating": null,
      "withPredicate": null
    },
    {
      "id": "SLOWER_11",
      "execute": "SLOWER",
      "after": "1000",
      "priority": 0,
      "additionalGuards": null,
      "activationKind": null,
      "fixedVariables": {
        "Crash": "FALSE",
        "VehiclesAy": "{(EgoVehicle↦-2.0740564821153384E-09),(Vehicles2↦6.041562805592093E-08),(Vehicles3↦2.0740476003311414E-09),(Vehicles4↦7.784324296267187E-09),(Vehicles5↦-2.3492585654594222E-09)}",
        "Reward": "0.7333339373202522",
        "VehiclesAx": "{(EgoVehicle↦-0.00015020370483398438),(Vehicles2↦0.04295043647289276),(Vehicles3↦-0.07564036175608635),(Vehicles4↦-0.02338111400604248),(Vehicles5↦0.025506839156150818)}",
        "VehiclesVx": "{(EgoVehicle↦20.00002145767212),(Vehicles2↦1.0158079862594604),(Vehicles3↦-0.1787988469004631),(Vehicles4↦-0.9367191046476364),(Vehicles5↦0.8965883404016495)}",
        "VehiclesY": "{(EgoVehicle↦8.000000238418579),(Vehicles2↦-4.0000001192092896),(Vehicles3↦4.737810144206378E-11),(Vehicles4↦-8.000000238418579),(Vehicles5↦-4.0000001192092896)}",
        "VehiclesVy": "{(EgoVehicle↦1.375966007799434E-10),(Vehicles2↦-3.5773961570839674E-09),(Vehicles3↦-1.376054825641404E-10),(Vehicles4↦-5.584865903074387E-10),(Vehicles5↦-1.376054825641404E-10)}",
        "VehiclesX": "{(EgoVehicle↦200.0),(Vehicles2↦11.880581080913544),(Vehicles3↦47.09778428077698),(Vehicles4↦48.61108362674713),(Vehicles5↦91.53894782066345)}"
      },
      "probabilisticVariables": null,
      "activating": [
        "SLOWER_12"
      ],
      "activatingOnlyWhenExecuted": true,
      "updating": null,
      "withPredicate": null
    },
    {
      "id": "SLOWER_12",
      "execute": "SLOWER",
      "after": "1000",
      "priority": 0,
      "additionalGuards": null,
      "activationKind": null,
      "fixedVariables": {
        "Crash": "FALSE",
        "VehiclesAy": "{(EgoVehicle↦-1.290345608140342E-10),(Vehicles2↦3.3780356289980773E-09),(Vehicles3↦1.290345608140342E-10),(Vehicles4↦5.209699338593055E-10),(Vehicles5↦-1.461764043142466E-10)}",
        "Reward": "0.7333334128707053",
        "VehiclesAx": "{(EgoVehicle↦-1.9073486328125E-05),(Vehicles2↦0.02278245985507965),(Vehicles3↦-0.060759540647268295),(Vehicles4↦-0.010057389736175537),(Vehicles5↦0.019687563180923462)}",
        "VehiclesVx": "{(EgoVehicle↦20.00000238418579),(Vehicles2↦1.03859044611454),(Vehicles3↦-0.2395583875477314),(Vehicles4↦-0.946776494383812),(Vehicles5↦0.9162759035825729)}",
        "VehiclesY": "{(EgoVehicle↦8.000000238418579),(Vehicles2↦-4.0000001192092896),(Vehicles3↦2.949640531824116E-12),(Vehicles4↦-8.000000238418579),(Vehicles5↦-4.0000001192092896)}",
        "VehiclesVy": "{(EgoVehicle↦8.562039965909207E-12),(Vehicles2↦-1.993605280858901E-10),(Vehicles3↦-8.570921750106208E-12),(Vehicles4↦-3.751665644813329E-11),(Vehicles5↦-8.570921750106208E-12)}",
        "VehiclesX": "{(EgoVehicle↦200.0),(Vehicles2↦12.90668100118637),(Vehicles3↦46.893611550331116),(Vehicles4↦47.669222950935364),(Vehicles5↦92.44381189346313)}"
      },
      "probabilisticVariables": null,
      "activating": [
        "SLOWER_13"
      ],
      "activatingOnlyWhenExecuted": true,
      "updating": null,
      "withPredicate": null
    },
    {
      "id": "SLOWER_13",
      "execute": "SLOWER",
      "after": "1000",
      "priority": 0,
      "additionalGuards": null,
      "activationKind": null,
      "fixedVariables": {
        "Crash": "FALSE",
        "VehiclesAy": "{(EgoVehicle↦-8.029132914089132E-12),(Vehicles2↦1.8825829783963854E-10),(Vehicles3↦8.029132914089132E-12),(Vehicles4↦3.498534795198793E-11),(Vehicles5↦-9.112710586123285E-12)}",
        "Reward": "0.7333333438073906",
        "VehiclesAx": "{(EgoVehicle↦-2.384185791015625E-06),(Vehicles2↦0.011559948325157166),(Vehicles3↦-0.04861325025558472),(Vehicles4↦0.003624334931373596),(Vehicles5↦0.015434250235557556)}",
        "VehiclesVx": "{(EgoVehicle↦20.0),(Vehicles2↦1.0501503944396973),(Vehicles3↦-0.2881716378033161),(Vehicles4↦-0.9431521594524384),(Vehicles5↦0.9317101538181305)}",
        "VehiclesY": "{(EgoVehicle↦8.000000238418579),(Vehicles2↦-4.0000001192092896),(Vehicles3↦1.8385293287792592E-13),(Vehicles4↦-8.000000238418579),(Vehicles5↦-4.0000001192092896)}",
        "VehiclesVy": "{(EgoVehicle↦5.329070518200751E-13),(Vehicles2↦-1.1102230246251565E-11),(Vehicles3↦-5.417888360170764E-13),(Vehicles4↦-2.531308496145357E-12),(Vehicles5↦-5.417888360170764E-13)}",
        "VehiclesX": "{(EgoVehicle↦200.0),(Vehicles2↦13.95055204629898),(Vehicles3↦46.633729338645935),(Vehicles4↦46.72284424304962),(Vehicles5↦93.36654543876648)}"
      },
      "probabilisticVariables": null,
      "activating": [
        "SLOWER_14"
      ],
      "activatingOnlyWhenExecuted": true,
      "updating": null,
      "withPredicate": null
    },
    {
      "id": "SLOWER_14",
      "execute": "SLOWER",
      "after": "1000",
      "priority": 0,
      "additionalGuards": null,
      "activationKind": null,
      "fixedVariables": {
        "Crash": "FALSE",
        "VehiclesAy": "{(EgoVehicle↦-4.973799150320701E-13),(Vehicles2↦1.0489387136658479E-11),(Vehicles3↦3.730349362740526E-13),(Vehicles4↦2.4868995751603507E-12),(Vehicles5↦-5.861977570020827E-13)}",
        "Reward": "0.7333333347126331",
        "VehiclesAx": "{(EgoVehicle↦0.0),(Vehicles2↦0.005340874195098877),(Vehicles3↦-0.6391761265695095),(Vehicles4↦0.6164000183343887),(Vehicles5↦0.012495219707489014)}",
        "VehiclesVx": "{(EgoVehicle↦20.0),(Vehicles2↦1.0554912686347961),(Vehicles3↦-0.9273477643728256),(Vehicles4↦-0.3267521411180496),(Vehicles5↦0.9442053735256195)}",
        "VehiclesY": "{(EgoVehicle↦8.000000238418579),(Vehicles2↦-4.0000001192092896),(Vehicles3↦-8.000000238418579),(Vehicles4↦1.0658141036401503E-14),(Vehicles5↦-4.0000001192092896)}",
        "VehiclesVy": "{(EgoVehicle↦3.552713678800501E-14),(Vehicles2↦-6.128431095930864E-13),(Vehicles3↦-1.687538997430238E-13),(Vehicles4↦-4.440892098500626E-14),(Vehicles5↦-4.440892098500626E-14)}",
        "VehiclesX": "{(EgoVehicle↦200.0),(Vehicles2↦15.003199875354767),(Vehicles3↦45.785123109817505),(Vehicles4↦46.32939398288727),(Vehicles5↦94.30344104766846)}"
      },
      "probabilisticVariables": null,
      "activating": [
        "FASTER_15"
      ],
      "activatingOnlyWhenExecuted": true,
      "updating": null,
      "withPredicate": null
    },
    {
      "id": "FASTER_15",
      "execute": "FASTER",
      "after": "1000",
      "priority": 0,
      "additionalGuards": null,
      "activationKind": null,
      "fixedVariables": {
        "Crash": "FALSE",
        "VehiclesAy": "{(EgoVehicle↦-3.552713678800501E-14),(Vehicles2↦5.861977570020827E-13),(Vehicles3↦1.509903313490213E-13),(Vehicles4↦4.440892098500626E-14),(Vehicles5↦-4.440892098500626E-14)}",
        "Reward": "0.8491083678085224",
        "VehiclesAx": "{(EgoVehicle↦4.341564178466797),(Vehicles2↦-4.3396201729774475),(Vehicles3↦-4.315753951668739),(Vehicles4↦-4.371745511889458),(Vehicles5↦-4.331021755933762)}",
        "VehiclesVx": "{(EgoVehicle↦24.341564178466797),(Vehicles2↦-3.2841289043426514),(Vehicles3↦-5.243101716041565),(Vehicles4↦-4.698497653007507),(Vehicles5↦-3.386816382408142)}",
        "VehiclesY": "{(EgoVehicle↦8.000000238418579),(Vehicles2↦-4.0000001192092896),(Vehicles3↦-8.000000238418579),(Vehicles4↦2.6645352591003757E-15),(Vehicles5↦-4.0000001192092896)}",
        "VehiclesVy": "{(EgoVehicle↦0.0),(Vehicles2↦-2.6645352591003757E-14),(Vehicles3↦-1.7763568394002505E-14),(Vehicles4↦0.0),(Vehicles5↦0.0)}",
        "VehiclesX": "{(EgoVehicle↦200.0),(Vehicles2↦13.664601743221283),(Vehicles3↦42.47232675552368),(Vehicles4↦43.594890832901),(Vehicles5↦92.85692572593689)}"
      },
      "probabilisticVariables": null,
      "activating": [
        "SLOWER_16"
      ],
      "activatingOnlyWhenExecuted": true,
      "updating": null,
      "withPredicate": null
    },
    {
      "id": "SLOWER_16",
      "execute": "SLOWER",
      "after": "1000",
      "priority": 0,
      "additionalGuards": null,
      "activationKind": null,
      "fixedVariables": {
        "Crash": "FALSE",
        "VehiclesAy": "{(EgoVehicle↦0.0),(Vehicles2↦2.6645352591003757E-14),(Vehicles3↦1.7763568394002505E-14),(Vehicles4↦0.0),(Vehicles5↦0.0)}",
        "Reward": "0.7485794284082553",
        "VehiclesAx": "{(EgoVehicle↦-3.76983642578125),(Vehicles2↦3.769979849457741),(Vehicles3↦3.803412765264511),(Vehicles4↦3.7467508763074875),(Vehicles5↦3.7791091203689575)}",
        "VehiclesVx": "{(EgoVehicle↦20.571727752685547),(Vehicles2↦0.4858509451150894),(Vehicles3↦-1.4396889507770538),(Vehicles4↦-0.9517467767000198),(Vehicles5↦0.39229273796081543)}",
        "VehiclesY": "{(EgoVehicle↦8.000000238418579),(Vehicles2↦-4.0000001192092896),(Vehicles3↦-8.000000238418579),(Vehicles4↦2.6645352591003757E-15),(Vehicles5↦-4.0000001192092896)}",
        "VehiclesVy": "{(EgoVehicle↦0.0),(Vehicles2↦0.0),(Vehicles3↦0.0),(Vehicles4↦0.0),(Vehicles5↦0.0)}",
        "VehiclesX": "{(EgoVehicle↦200.0),(Vehicles2↦12.460293620824814),(Vehicles3↦39.32178318500519),(Vehicles4↦40.966299176216125),(Vehicles5↦91.55356287956238)}"
      },
      "probabilisticVariables": null,
      "activating": [
        "FASTER_17"
      ],
      "activatingOnlyWhenExecuted": true,
      "updating": null,
      "withPredicate": null
    },
    {
      "id": "FASTER_17",
      "execute": "FASTER",
      "after": "1000",
      "priority": 0,
      "additionalGuards": null,
      "activationKind": null,
      "fixedVariables": {
        "Crash": "FALSE",
        "VehiclesAy": "{(EgoVehicle↦0.0),(Vehicles2↦0.0),(Vehicles3↦0.0),(Vehicles4↦0.0),(Vehicles5↦0.0)}",
        "Reward": "0.8511160838507442",
        "VehiclesAx": "{(EgoVehicle↦3.8451242446899414),(Vehicles2↦-3.8458723574876785),(Vehicles3↦-3.8057951629161835),(Vehicles4↦-3.8621848076581955),(Vehicles5↦-3.8366663455963135)}",
        "VehiclesVx": "{(EgoVehicle↦24.41685199737549),(Vehicles2↦-3.360021412372589),(Vehicles3↦-5.245484113693237),(Vehicles4↦-4.813931584358215),(Vehicles5↦-3.444373607635498)}",
        "VehiclesY": "{(EgoVehicle↦8.000000238418579),(Vehicles2↦-4.0000001192092896),(Vehicles3↦-8.000000238418579),(Vehicles4↦2.6645352591003757E-15),(Vehicles5↦-4.0000001192092896)}",
        "VehiclesVy": "{(EgoVehicle↦0.0),(Vehicles2↦0.0),(Vehicles3↦0.0),(Vehicles4↦0.0),(Vehicles5↦0.0)}",
        "VehiclesX": "{(EgoVehicle↦200.0),(Vehicles2↦10.824695229530334),(Vehicles3↦35.77624261379242),(Vehicles4↦37.88608908653259),(Vehicles5↦89.82809782028198)}"
      },
      "probabilisticVariables": null,
      "activating": [
        "SLOWER_18"
      ],
      "activatingOnlyWhenExecuted": true,
      "updating": null,
      "withPredicate": null
    },
    {
      "id": "SLOWER_18",
      "execute": "SLOWER",
      "after": "1000",
      "priority": 0,
      "additionalGuards": null,
      "activationKind": null,
      "fixedVariables": {
        "Crash": "FALSE",
        "VehiclesAy": "{(EgoVehicle↦0.0),(Vehicles2↦0.0),(Vehicles3↦0.0),(Vehicles4↦0.0),(Vehicles5↦0.0)}",
        "Reward": "0.7488438189981776",
        "VehiclesAx": "{(EgoVehicle↦-3.8352084159851074),(Vehicles2↦3.8340850546956062),(Vehicles3↦3.878602236509323),(Vehicles4↦3.8232626765966415),(Vehicles5↦2.3672310262918472)}",
        "VehiclesVx": "{(EgoVehicle↦20.58164358139038),(Vehicles2↦0.4740636423230171),(Vehicles3↦-1.3668818771839142),(Vehicles4↦-0.9906689077615738),(Vehicles5↦-1.0771425813436508)}",
        "VehiclesY": "{(EgoVehicle↦8.000000238418579),(Vehicles2↦-4.0000001192092896),(Vehicles3↦-8.000000238418579),(Vehicles4↦2.6645352591003757E-15),(Vehicles5↦-8.000000238418579)}",
        "VehiclesVy": "{(EgoVehicle↦0.0),(Vehicles2↦0.0),(Vehicles3↦0.0),(Vehicles4↦0.0),(Vehicles5↦0.0)}",
        "VehiclesX": "{(EgoVehicle↦200.0),(Vehicles2↦9.579966962337494),(Vehicles3↦32.66357481479645),(Vehicles4↦35.18272936344147),(Vehicles5↦87.22196221351624)}"
      },
      "probabilisticVariables": null,
      "activating": [
        "FASTER_19"
      ],
      "activatingOnlyWhenExecuted": true,
      "updating": null,
      "withPredicate": null
    },
    {
      "id": "FASTER_19",
      "execute": "FASTER",
      "after": "1000",
      "priority": 0,
      "additionalGuards": null,
      "activationKind": null,
      "fixedVariables": {
        "Crash": "FALSE",
        "VehiclesAy": "{(EgoVehicle↦0.0),(Vehicles2↦0.0),(Vehicles3↦0.0),(Vehicles4↦0.0),(Vehicles5↦0.0)}",
        "Reward": "0.851150900718553",
        "VehiclesAx": "{(EgoVehicle↦3.836514949798584),(Vehicles2↦-3.8377268984913826),(Vehicles3↦-3.790414184331894),(Vehicles4↦-3.84413979947567),(Vehicles5↦-3.756175711750984)}",
        "VehiclesVx": "{(EgoVehicle↦24.418158531188965),(Vehicles2↦-3.3636632561683655),(Vehicles3↦-5.157296061515808),(Vehicles4↦-4.834808707237244),(Vehicles5↦-4.833318293094635)}",
        "VehiclesY": "{(EgoVehicle↦8.000000238418579),(Vehicles2↦-4.0000001192092896),(Vehicles3↦-8.000000238418579),(Vehicles4↦2.6645352591003757E-15),(Vehicles5↦-8.000000238418579)}",
        "VehiclesVy": "{(EgoVehicle↦0.0),(Vehicles2↦0.0),(Vehicles3↦0.0),(Vehicles4↦0.0),(Vehicles5↦0.0)}",
        "VehiclesX": "{(EgoVehicle↦200.0),(Vehicles2↦7.937097549438477),(Vehicles3↦29.19851541519165),(Vehicles4↦32.072246074676514),(Vehicles5↦84.06099081039429)}"
      },
      "probabilisticVariables": null,
      "activating": [
        "SLOWER_20"
      ],
      "activatingOnlyWhenExecuted": true,
      "updating": null,
      "withPredicate": null
    },
    {
      "id": "SLOWER_20",
      "execute": "SLOWER",
      "after": "1000",
      "priority": 0,
      "additionalGuards": null,
      "activationKind": null,
      "fixedVariables": {
        "Crash": "FALSE",
        "VehiclesAy": "{(EgoVehicle↦0.0),(Vehicles2↦0.0),(Vehicles3↦0.0),(Vehicles4↦0.0),(Vehicles5↦0.0)}",
        "Reward": "0.7488484039355021",
        "VehiclesAx": "{(EgoVehicle↦-3.836343288421631),(Vehicles2↦3.835209049284458),(Vehicles3↦3.8840988278388977),(Vehicles4↦3.8323520123958588),(Vehicles5↦3.9109638333320618)}",
        "VehiclesVx": "{(EgoVehicle↦20.581815242767334),(Vehicles2↦0.4715457931160927),(Vehicles3↦-1.2731972336769104),(Vehicles4↦-1.0024566948413849),(Vehicles5↦-0.9223544597625732)}",
        "VehiclesY": "{(EgoVehicle↦8.000000238418579),(Vehicles2↦-4.0000001192092896),(Vehicles3↦-8.000000238418579),(Vehicles4↦2.6645352591003757E-15),(Vehicles5↦-8.000000238418579)}",
        "VehiclesVy": "{(EgoVehicle↦0.0),(Vehicles2↦0.0),(Vehicles3↦0.0),(Vehicles4↦0.0),(Vehicles5↦0.0)}",
        "VehiclesX": "{(EgoVehicle↦200.0),(Vehicles2↦6.689322739839554),(Vehicles3↦26.17657780647278),(Vehicles4↦29.35192883014679),(Vehicles5↦81.37430548667908)}"
      },
      "probabilisticVariables": null,
      "activating": [
        "SLOWER_21"
      ],
      "activatingOnlyWhenExecuted": true,
      "updating": null,
      "withPredicate": null
    },
    {
      "id": "SLOWER_21",
      "execute": "SLOWER",
      "after": "1000",
      "priority": 0,
      "additionalGuards": null,
      "activationKind": null,
      "fixedVariables": {
        "Crash": "FALSE",
        "VehiclesAy": "{(EgoVehicle↦0.0),(Vehicles2↦0.0),(Vehicles3↦0.0),(Vehicles4↦0.0),(Vehicles5↦0.0)}",
        "Reward": "0.7353764702027549",
        "VehiclesAx": "{(EgoVehicle↦-0.5051970481872559),(Vehicles2↦0.5042285099625587),(Vehicles3↦0.5538003891706467),(Vehicles4↦0.50423264503479),(Vehicles5↦0.5746426060795784)}",
        "VehiclesVx": "{(EgoVehicle↦20.076618194580078),(Vehicles2↦0.9757743030786514),(Vehicles3↦-0.7193968445062637),(Vehicles4↦-0.49822404980659485),(Vehicles5↦-0.34771185368299484)}",
        "VehiclesY": "{(EgoVehicle↦8.000000238418579),(Vehicles2↦-4.0000001192092896),(Vehicles3↦-8.000000238418579),(Vehicles4↦2.6645352591003757E-15),(Vehicles5↦-8.000000238418579)}",
        "VehiclesVy": "{(EgoVehicle↦0.0),(Vehicles2↦0.0),(Vehicles3↦0.0),(Vehicles4↦0.0),(Vehicles5↦0.0)}",
        "VehiclesX": "{(EgoVehicle↦200.0),(Vehicles2↦7.439161837100983),(Vehicles3↦25.201478600502014),(Vehicles4↦28.627562522888184),(Vehicles5↦80.75881600379944)}"
      },
      "probabilisticVariables": null,
      "activating": [
        "SLOWER_22"
      ],
      "activatingOnlyWhenExecuted": true,
      "updating": null,
      "withPredicate": null
    },
    {
      "id": "SLOWER_22",
      "execute": "SLOWER",
      "after": "1000",
      "priority": 0,
      "additionalGuards": null,
      "activationKind": null,
      "fixedVariables": {
        "Crash": "FALSE",
        "VehiclesAy": "{(EgoVehicle↦0.0),(Vehicles2↦0.0),(Vehicles3↦0.0),(Vehicles4↦0.0),(Vehicles5↦0.0)}",
        "Reward": "0.7336023883943271",
        "VehiclesAx": "{(EgoVehicle↦-0.0665283203125),(Vehicles2↦0.06577104330062866),(Vehicles3↦0.11537179350852966),(Vehicles4↦0.06806157529354095),(Vehicles5↦0.13131918385624886)}",
        "VehiclesVx": "{(EgoVehicle↦20.010089874267578),(Vehicles2↦1.04154534637928),(Vehicles3↦-0.6040250509977341),(Vehicles4↦-0.4301624745130539),(Vehicles5↦-0.216392669826746)}",
        "VehiclesY": "{(EgoVehicle↦8.000000238418579),(Vehicles2↦-4.0000001192092896),(Vehicles3↦-8.000000238418579),(Vehicles4↦2.6645352591003757E-15),(Vehicles5↦-8.000000238418579)}",
        "VehiclesVy": "{(EgoVehicle↦0.0),(Vehicles2↦0.0),(Vehicles3↦0.0),(Vehicles4↦0.0),(Vehicles5↦0.0)}",
        "VehiclesX": "{(EgoVehicle↦200.0),(Vehicles2↦8.451316505670547),(Vehicles3↦24.538320302963257),(Vehicles4↦28.166472911834717),(Vehicles5↦80.47407865524292)}"
      },
      "probabilisticVariables": null,
      "activating": [
        "SLOWER_23"
      ],
      "activatingOnlyWhenExecuted": true,
      "updating": null,
      "withPredicate": null
    },
    {
      "id": "SLOWER_23",
      "execute": "SLOWER",
      "after": "1000",
      "priority": 0,
      "additionalGuards": null,
      "activationKind": null,
      "fixedVariables": {
        "Crash": "FALSE",
        "VehiclesAy": "{(EgoVehicle↦0.0),(Vehicles2↦0.0),(Vehicles3↦0.0),(Vehicles4↦0.0),(Vehicles5↦0.0)}",
        "Reward": "0.7333687644524766",
        "VehiclesAx": "{(EgoVehicle↦-0.008761882781982422),(Vehicles2↦0.00823773443698883),(Vehicles3↦0.05739409476518631),(Vehicles4↦0.012334845960140228),(Vehicles5↦0.06937239319086075)}",
        "VehiclesVx": "{(EgoVehicle↦20.001327991485596),(Vehicles2↦1.049783080816269),(Vehicles3↦-0.5466309562325478),(Vehicles4↦-0.41782762855291367),(Vehicles5↦-0.14702027663588524)}",
        "VehiclesY": "{(EgoVehicle↦8.000000238418579),(Vehicles2↦-4.0000001192092896),(Vehicles3↦-8.000000238418579),(Vehicles4↦2.6645352591003757E-15),(Vehicles5↦-8.000000238418579)}",
        "VehiclesVy": "{(EgoVehicle↦0.0),(Vehicles2↦0.0),(Vehicles3↦0.0),(Vehicles4↦0.0),(Vehicles5↦0.0)}",
        "VehiclesX": "{(EgoVehicle↦200.0),(Vehicles2↦9.497466683387756),(Vehicles3↦23.958612978458405),(Vehicles4↦27.742424607276917),(Vehicles5↦80.28708100318909)}"
      },
      "probabilisticVariables": null,
      "activating": [
        "FASTER_24"
      ],
      "activatingOnlyWhenExecuted": true,
      "updating": null,
      "withPredicate": null
    },
    {
      "id": "FASTER_24",
      "execute": "FASTER",
      "after": "1000",
      "priority": 0,
      "additionalGuards": null,
      "activationKind": null,
      "fixedVariables": {
        "Crash": "FALSE",
        "VehiclesAy": "{(EgoVehicle↦0.0),(Vehicles2↦0.0),(Vehicles3↦0.0),(Vehicles4↦0.0),(Vehicles5↦0.0)}",
        "Reward": "0.8491130334532754",
        "VehiclesAx": "{(EgoVehicle↦4.340410232543945),(Vehicles2↦-4.340691715478897),(Vehicles3↦-4.292319379746914),(Vehicles4↦-4.3351886048913),(Vehicles5↦-4.28355747833848)}",
        "VehiclesVx": "{(EgoVehicle↦24.34173822402954),(Vehicles2↦-3.290908634662628),(Vehicles3↦-4.838950335979462),(Vehicles4↦-4.753016233444214),(Vehicles5↦-4.430577754974365)}",
        "VehiclesY": "{(EgoVehicle↦8.000000238418579),(Vehicles2↦-4.0000001192092896),(Vehicles3↦-8.000000238418579),(Vehicles4↦2.6645352591003757E-15),(Vehicles5↦-8.000000238418579)}",
        "VehiclesVy": "{(EgoVehicle↦0.0),(Vehicles2↦0.0),(Vehicles3↦0.0),(Vehicles4↦0.0),(Vehicles5↦0.0)}",
        "VehiclesX": "{(EgoVehicle↦200.0),(Vehicles2↦8.152692019939423),(Vehicles3↦21.036846935749054),(Vehicles4↦24.932144582271576),(Vehicles5↦77.7686595916748)}"
      },
      "probabilisticVariables": null,
      "activating": [
        "SLOWER_25"
      ],
      "activatingOnlyWhenExecuted": true,
      "updating": null,
      "withPredicate": null
    },
    {
      "id": "SLOWER_25",
      "execute": "SLOWER",
      "after": "1000",
      "priority": 0,
      "additionalGuards": null,
      "activationKind": null,
      "fixedVariables": {
        "Crash": "FALSE",
        "VehiclesAy": "{(EgoVehicle↦0.0),(Vehicles2↦0.0),(Vehicles3↦0.0),(Vehicles4↦0.0),(Vehicles5↦0.0)}",
        "Reward": "0.7485800428141487",
        "VehiclesAx": "{(EgoVehicle↦-3.769986629486084),(Vehicles2↦3.7699462473392487),(Vehicles3↦3.8172952830791473),(Vehicles4↦3.7765224277973175),(Vehicles5↦3.8234489411115646)}",
        "VehiclesVx": "{(EgoVehicle↦20.571751594543457),(Vehicles2↦0.4790376126766205),(Vehicles3↦-1.0216550529003143),(Vehicles4↦-0.9764938056468964),(Vehicles5↦-0.6071288138628006)}",
        "VehiclesY": "{(EgoVehicle↦8.000000238418579),(Vehicles2↦-4.0000001192092896),(Vehicles3↦-8.000000238418579),(Vehicles4↦2.6645352591003757E-15),(Vehicles5↦-8.000000238418579)}",
        "VehiclesVy": "{(EgoVehicle↦0.0),(Vehicles2↦0.0),(Vehicles3↦0.0),(Vehicles4↦0.0),(Vehicles5↦0.0)}",
        "VehiclesX": "{(EgoVehicle↦200.0),(Vehicles2↦6.941494345664978),(Vehicles3↦18.296636641025543),(Vehicles4↦22.261394560337067),(Vehicles5↦75.43947100639343)}"
      },
      "probabilisticVariables": null,
      "activating": [
        "SLOWER_26"
      ],
      "activatingOnlyWhenExecuted": true,
      "updating": null,
      "withPredicate": null
    },
    {
      "id": "SLOWER_26",
      "execute": "SLOWER",
      "after": "1000",
      "priority": 0,
      "additionalGuards": null,
      "activationKind": null,
      "fixedVariables": {
        "Crash": "FALSE",
        "VehiclesAy": "{(EgoVehicle↦0.0),(Vehicles2↦0.0),(Vehicles3↦0.0),(Vehicles4↦0.0),(Vehicles5↦0.0)}",
        "Reward": "0.7353411304666094",
        "VehiclesAx": "{(EgoVehicle↦-0.4964590072631836),(Vehicles2↦0.49665406346321106),(Vehicles3↦0.5428138375282288),(Vehicles4↦0.5040283128619194),(Vehicles5↦0.5468518892303109)}",
        "VehiclesVx": "{(EgoVehicle↦20.075292587280273),(Vehicles2↦0.9756916761398315),(Vehicles3↦-0.47884121537208557),(Vehicles4↦-0.47246549278497696),(Vehicles5↦-0.06027692463248968)}",
        "VehiclesY": "{(EgoVehicle↦8.000000238418579),(Vehicles2↦-4.0000001192092896),(Vehicles3↦-8.000000238418579),(Vehicles4↦2.6645352591003757E-15),(Vehicles5↦-8.000000238418579)}",
        "VehiclesVy": "{(EgoVehicle↦0.0),(Vehicles2↦0.0),(Vehicles3↦0.0),(Vehicles4↦0.0),(Vehicles5↦0.0)}",
        "VehiclesX": "{(EgoVehicle↦200.0),(Vehicles2↦7.694467157125473),(Vehicles3↦17.567481100559235),(Vehicles4↦21.56173288822174),(Vehicles5↦75.12660622596741)}"
      },
      "probabilisticVariables": null,
      "activating": [
        "SLOWER_27"
      ],
      "activatingOnlyWhenExecuted": true,
      "updating": null,
      "withPredicate": null
    },
    {
      "id": "SLOWER_27",
      "execute": "SLOWER",
      "after": "1000",
      "priority": 0,
      "additionalGuards": null,
      "activationKind": null,
      "fixedVariables": {
        "Crash": "FALSE",
        "VehiclesAy": "{(EgoVehicle↦0.0),(Vehicles2↦0.0),(Vehicles3↦0.0),(Vehicles4↦0.0),(Vehicles5↦0.0)}",
        "Reward": "0.733597734601913",
        "VehiclesAx": "{(EgoVehicle↦-0.06537675857543945),(Vehicles2↦0.06580017507076263),(Vehicles3↦0.11066082864999771),(Vehicles4↦0.0737476721405983),(Vehicles5↦0.11298136319965124)}",
        "VehiclesVx": "{(EgoVehicle↦20.009915828704834),(Vehicles2↦1.0414918512105942),(Vehicles3↦-0.36818038672208786),(Vehicles4↦-0.39871782064437866),(Vehicles5↦0.05270443856716156)}",
        "VehiclesY": "{(EgoVehicle↦8.000000238418579),(Vehicles2↦-4.0000001192092896),(Vehicles3↦-8.000000238418579),(Vehicles4↦2.6645352591003757E-15),(Vehicles5↦-8.000000238418579)}",
        "VehiclesVy": "{(EgoVehicle↦0.0),(Vehicles2↦0.0),(Vehicles3↦0.0),(Vehicles4↦0.0),(Vehicles5↦0.0)}",
        "VehiclesX": "{(EgoVehicle↦200.0),(Vehicles2↦8.706376701593399),(Vehicles3↦17.14290976524353),(Vehicles4↦21.12862467765808),(Vehicles5↦75.12165307998657)}"
      },
      "probabilisticVariables": null,
      "activating": [
        "SLOWER_28"
      ],
      "activatingOnlyWhenExecuted": true,
      "updating": null,
      "withPredicate": null
    },
    {
      "id": "SLOWER_28",
      "execute": "SLOWER",
      "after": "1000",
      "priority": 0,
      "additionalGuards": null,
      "activationKind": null,
      "fixedVariables": {
        "Crash": "FALSE",
        "VehiclesAy": "{(EgoVehicle↦0.0),(Vehicles2↦0.0),(Vehicles3↦0.0),(Vehicles4↦0.0),(Vehicles5↦0.0)}",
        "Reward": "0.7333681516073849",
        "VehiclesAx": "{(EgoVehicle↦-0.008609294891357422),(Vehicles2↦0.009250938892364502),(Vehicles3↦0.05274426192045212),(Vehicles4↦0.017590336501598358),(Vehicles5↦0.053670359775424004)}",
        "VehiclesVx": "{(EgoVehicle↦20.001306533813477),(Vehicles2↦1.0507427901029587),(Vehicles3↦-0.31543612480163574),(Vehicles4↦-0.3811274841427803),(Vehicles5↦0.10637479834258556)}",
        "VehiclesY": "{(EgoVehicle↦8.000000238418579),(Vehicles2↦-4.0000001192092896),(Vehicles3↦-8.000000238418579),(Vehicles4↦2.6645352591003757E-15),(Vehicles5↦-8.000000238418579)}",
        "VehiclesVy": "{(EgoVehicle↦0.0),(Vehicles2↦0.0),(Vehicles3↦0.0),(Vehicles4↦0.0),(Vehicles5↦0.0)}",
        "VehiclesX": "{(EgoVehicle↦200.0),(Vehicles2↦9.752856940031052),(Vehicles3↦16.797226667404175),(Vehicles4↦20.738206803798676),(Vehicles5↦75.19732713699341)}"
      },
      "probabilisticVariables": null,
      "activating": [
        "SLOWER_29"
      ],
      "activatingOnlyWhenExecuted": true,
      "updating": null,
      "withPredicate": null
    },
    {
      "id": "SLOWER_29",
      "execute": "SLOWER",
      "after": "1000",
      "priority": 0,
      "additionalGuards": null,
      "activationKind": null,
      "fixedVariables": {
        "Crash": "FALSE",
        "VehiclesAy": "{(EgoVehicle↦0.0),(Vehicles2↦0.0),(Vehicles3↦0.0),(Vehicles4↦0.0),(Vehicles5↦0.0)}",
        "Reward": "0.7333379184558422",
        "VehiclesAx": "{(EgoVehicle↦-0.0011348724365234375),(Vehicles2↦0.0019843876361846924),(Vehicles3↦0.04407340660691261),(Vehicles4↦0.010570995509624481),(Vehicles5↦0.04386782646179199)}",
        "VehiclesVx": "{(EgoVehicle↦20.000171661376953),(Vehicles2↦1.0527271777391434),(Vehicles3↦-0.27136271819472313),(Vehicles4↦-0.3705564886331558),(Vehicles5↦0.15024262480437756)}",
        "VehiclesY": "{(EgoVehicle↦8.000000238418579),(Vehicles2↦-4.0000001192092896),(Vehicles3↦-8.000000238418579),(Vehicles4↦2.6645352591003757E-15),(Vehicles5↦-8.000000238418579)}",
        "VehiclesVy": "{(EgoVehicle↦0.0),(Vehicles2↦0.0),(Vehicles3↦0.0),(Vehicles4↦0.0),(Vehicles5↦0.0)}",
        "VehiclesX": "{(EgoVehicle↦200.0),(Vehicles2↦10.804549604654312),(Vehicles3↦16.49968773126602),(Vehicles4↦20.36144882440567),(Vehicles5↦75.32159686088562)}"
      },
      "probabilisticVariables": null,
      "activating": [
        "SLOWER_30"
      ],
      "activatingOnlyWhenExecuted": true,
      "updating": null,
      "withPredicate": null
    },
    {
      "id": "SLOWER_30",
      "execute": "SLOWER",
      "after": "1000",
      "priority": 0,
      "additionalGuards": null,
      "activationKind": null,
      "fixedVariables": {
        "Crash": "FALSE",
        "VehiclesAy": "{(EgoVehicle↦0.0),(Vehicles2↦0.0),(Vehicles3↦0.0),(Vehicles4↦0.0),(Vehicles5↦0.0)}",
        "Reward": "0.7333339371354745",
        "VehiclesAx": "{(EgoVehicle↦-0.00015020370483398438),(Vehicles2↦0.0011988729238510132),(Vehicles3↦0.04187021404504776),(Vehicles4↦0.009919516742229462),(Vehicles5↦0.04074745811522007)}",
        "VehiclesVx": "{(EgoVehicle↦20.00002145767212),(Vehicles2↦1.0539260506629944),(Vehicles3↦-0.22949250414967537),(Vehicles4↦-0.36063697189092636),(Vehicles5↦0.19099008291959763)}",
        "VehiclesY": "{(EgoVehicle↦8.000000238418579),(Vehicles2↦-4.0000001192092896),(Vehicles3↦-8.000000238418579),(Vehicles4↦2.6645352591003757E-15),(Vehicles5↦-8.000000238418579)}",
        "VehiclesVy": "{(EgoVehicle↦0.0),(Vehicles2↦0.0),(Vehicles3↦0.0),(Vehicles4↦0.0),(Vehicles5↦0.0)}",
        "VehiclesX": "{(EgoVehicle↦200.0),(Vehicles2↦11.857762932777405),(Vehicles3↦16.245193779468536),(Vehicles4↦19.994859397411346),(Vehicles5↦75.48832297325134)}"
      },
      "probabilisticVariables": null,
      "activating": [
        "SLOWER_31"
      ],
      "activatingOnlyWhenExecuted": true,
      "updating": null,
      "withPredicate": null
    },
    {
      "id": "SLOWER_31",
      "execute": "SLOWER",
      "after": "1000",
      "priority": 0,
      "additionalGuards": null,
      "activationKind": null,
      "fixedVariables": {
        "Crash": "FALSE",
        "VehiclesAy": "{(EgoVehicle↦0.0),(Vehicles2↦0.0),(Vehicles3↦0.0),(Vehicles4↦0.0),(Vehicles5↦0.0)}",
        "Reward": "0.7333334128463725",
        "VehiclesAx": "{(EgoVehicle↦-1.9073486328125E-05),(Vehicles2↦0.0012581795454025269),(Vehicles3↦0.04051588475704193),(Vehicles4↦0.010025948286056519),(Vehicles5↦0.03865160048007965)}",
        "VehiclesVx": "{(EgoVehicle↦20.00000238418579),(Vehicles2↦1.055184230208397),(Vehicles3↦-0.18897661939263344),(Vehicles4↦-0.35061102360486984),(Vehicles5↦0.22964168339967728)}",
        "VehiclesY": "{(EgoVehicle↦8.000000238418579),(Vehicles2↦-4.0000001192092896),(Vehicles3↦-8.000000238418579),(Vehicles4↦2.6645352591003757E-15),(Vehicles5↦-8.000000238418579)}",
        "VehiclesVy": "{(EgoVehicle↦0.0),(Vehicles2↦0.0),(Vehicles3↦0.0),(Vehicles4↦0.0),(Vehicles5↦0.0)}",
        "VehiclesX": "{(EgoVehicle↦200.0),(Vehicles2↦12.91218101978302),(Vehicles3↦16.032008826732635),(Vehicles4↦19.638220965862274),(Vehicles5↦75.69493055343628)}"
      },
      "probabilisticVariables": null,
      "activating": [
        "SLOWER_32"
      ],
      "activatingOnlyWhenExecuted": true,
      "updating": null,
      "withPredicate": null
    },
    {
      "id": "SLOWER_32",
      "execute": "SLOWER",
      "after": "1000",
      "priority": 0,
      "additionalGuards": null,
      "activationKind": null,
      "fixedVariables": {
        "Crash": "FALSE",
        "VehiclesAy": "{(EgoVehicle↦0.0),(Vehicles2↦0.0),(Vehicles3↦0.0),(Vehicles4↦0.0),(Vehicles5↦0.0)}",
        "Reward": "0.7333333438041861",
        "VehiclesAx": "{(EgoVehicle↦-2.384185791015625E-06),(Vehicles2↦0.0014201551675796509),(Vehicles3↦0.03928142599761486),(Vehicles4↦0.010169930756092072),(Vehicles5↦0.03681974485516548)}",
        "VehiclesVx": "{(EgoVehicle↦20.0),(Vehicles2↦1.0566043853759766),(Vehicles3↦-0.14969519339501858),(Vehicles4↦-0.34044109284877777),(Vehicles5↦0.26646142825484276)}",
        "VehiclesY": "{(EgoVehicle↦8.000000238418579),(Vehicles2↦-4.0000001192092896),(Vehicles3↦-8.000000238418579),(Vehicles4↦2.6645352591003757E-15),(Vehicles5↦-8.000000238418579)}",
        "VehiclesVy": "{(EgoVehicle↦0.0),(Vehicles2↦0.0),(Vehicles3↦0.0),(Vehicles4↦0.0),(Vehicles5↦0.0)}",
        "VehiclesX": "{(EgoVehicle↦200.0),(Vehicles2↦13.96791934967041),(Vehicles3↦15.858842432498932),(Vehicles4↦19.291667640209198),(Vehicles5↦75.93944072723389)}"
      },
      "probabilisticVariables": null,
      "activating": [
        "SLOWER_33"
      ],
      "activatingOnlyWhenExecuted": true,
      "updating": null,
      "withPredicate": null
    },
    {
      "id": "SLOWER_33",
      "execute": "SLOWER",
      "after": "1000",
      "priority": 0,
      "additionalGuards": null,
      "activationKind": null,
      "fixedVariables": {
        "Crash": "FALSE",
        "VehiclesAy": "{(EgoVehicle↦0.0),(Vehicles2↦0.0),(Vehicles3↦0.0),(Vehicles4↦0.0),(Vehicles5↦0.0)}",
        "Reward": "0.7333333347122112",
        "VehiclesAx": "{(EgoVehicle↦0.0),(Vehicles2↦0.0015872716903686523),(Vehicles3↦0.03807884640991688),(Vehicles4↦0.010272152721881866),(Vehicles5↦-0.5186199955642223)}",
        "VehiclesVx": "{(EgoVehicle↦20.0),(Vehicles2↦1.0581916570663452),(Vehicles3↦-0.1116163469851017),(Vehicles4↦-0.3301689401268959),(Vehicles5↦-0.2521585673093796)}",
        "VehiclesY": "{(EgoVehicle↦8.000000238418579),(Vehicles2↦-4.0000001192092896),(Vehicles3↦-8.000000238418579),(Vehicles4↦2.6645352591003757E-15),(Vehicles5↦2.6645352591003757E-15)}",
        "VehiclesVy": "{(EgoVehicle↦0.0),(Vehicles2↦0.0),(Vehicles3↦0.0),(Vehicles4↦0.0),(Vehicles5↦0.0)}",
        "VehiclesX": "{(EgoVehicle↦200.0),(Vehicles2↦15.025146305561066),(Vehicles3↦15.72447419166565),(Vehicles4↦18.955329060554504),(Vehicles5↦75.8655846118927)}"
      },
      "probabilisticVariables": null,
      "activating": [
        "SLOWER_34"
      ],
      "activatingOnlyWhenExecuted": true,
      "updating": null,
      "withPredicate": null
    },
    {
      "id": "SLOWER_34",
      "execute": "SLOWER",
      "after": "1000",
      "priority": 0,
      "additionalGuards": null,
      "activationKind": null,
      "fixedVariables": {
        "Crash": "FALSE",
        "VehiclesAy": "{(EgoVehicle↦0.0),(Vehicles2↦0.0),(Vehicles3↦0.0),(Vehicles4↦0.0),(Vehicles5↦0.0)}",
        "Reward": "0.7333333335149139",
        "VehiclesAx": "{(EgoVehicle↦0.0),(Vehicles2↦-1.1329055624082685),(Vehicles3↦1.1715550161898136),(Vehicles4↦0.010334476828575134),(Vehicles5↦0.012282803654670715)}",
        "VehiclesVx": "{(EgoVehicle↦20.0),(Vehicles2↦-0.07471390534192324),(Vehicles3↦1.059938669204712),(Vehicles4↦-0.31983446329832077),(Vehicles5↦-0.23987576365470886)}",
        "VehiclesY": "{(EgoVehicle↦8.000000238418579),(Vehicles2↦-8.000000238418579),(Vehicles3↦-4.0000001192092896),(Vehicles4↦2.6645352591003757E-15),(Vehicles5↦2.6645352591003757E-15)}",
        "VehiclesVy": "{(EgoVehicle↦0.0),(Vehicles2↦0.0),(Vehicles3↦0.0),(Vehicles4↦0.0),(Vehicles5↦0.0)}",
        "VehiclesX": "{(EgoVehicle↦200.0),(Vehicles2↦15.62771201133728),(Vehicles3↦16.084024310112),(Vehicles4↦18.629290163517),(Vehicles5↦75.61837434768677)}"
      },
      "probabilisticVariables": null,
      "activating": [
        "SLOWER_35"
      ],
      "activatingOnlyWhenExecuted": true,
      "updating": null,
      "withPredicate": null
    },
    {
      "id": "SLOWER_35",
      "execute": "SLOWER",
      "after": "1000",
      "priority": 0,
      "additionalGuards": null,
      "activationKind": null,
      "fixedVariables": {
        "Crash": "FALSE",
        "VehiclesAy": "{(EgoVehicle↦0.0),(Vehicles2↦0.0),(Vehicles3↦0.0),(Vehicles4↦0.0),(Vehicles5↦0.0)}",
        "Reward": "0.7333333333572453",
        "VehiclesAx": "{(EgoVehicle↦0.0),(Vehicles2↦0.035755636636167765),(Vehicles3↦0.0018978863954544067),(Vehicles4↦0.01036742702126503),(Vehicles5↦0.01187516376376152)}",
        "VehiclesVx": "{(EgoVehicle↦20.0),(Vehicles2↦-0.03895826870575547),(Vehicles3↦1.0618365556001663),(Vehicles4↦-0.30946703627705574),(Vehicles5↦-0.22800059989094734)}",
        "VehiclesY": "{(EgoVehicle↦8.000000238418579),(Vehicles2↦-8.000000238418579),(Vehicles3↦-4.0000001192092896),(Vehicles4↦2.6645352591003757E-15),(Vehicles5↦2.6645352591003757E-15)}",
        "VehiclesVy": "{(EgoVehicle↦0.0),(Vehicles2↦0.0),(Vehicles3↦0.0),(Vehicles4↦0.0),(Vehicles5↦0.0)}",
        "VehiclesX": "{(EgoVehicle↦200.0),(Vehicles2↦15.567390620708466),(Vehicles3↦17.144709825515747),(Vehicles4↦18.31360161304474),(Vehicles5↦75.38328170776367)}"
      },
      "probabilisticVariables": null,
      "activating": [
        "SLOWER_36"
      ],
      "activatingOnlyWhenExecuted": true,
      "updating": null,
      "withPredicate": null
    },
    {
      "id": "SLOWER_36",
      "execute": "SLOWER",
      "after": "1000",
      "priority": 0,
      "additionalGuards": null,
      "activationKind": null,
      "fixedVariables": {
        "Crash": "FALSE",
        "VehiclesAy": "{(EgoVehicle↦0.0),(Vehicles2↦0.0),(Vehicles3↦0.0),(Vehicles4↦0.0),(Vehicles5↦0.0)}",
        "Reward": "0.7333333333364823",
        "VehiclesAx": "{(EgoVehicle↦0.0),(Vehicles2↦0.034641743113752455),(Vehicles3↦-1.3609232194721699),(Vehicles4↦1.3733436353504658),(Vehicles5↦0.011556968092918396)}",
        "VehiclesVx": "{(EgoVehicle↦20.0),(Vehicles2↦-0.004316525592003018),(Vehicles3↦-0.29908666387200356),(Vehicles4↦1.06387659907341),(Vehicles5↦-0.21644363179802895)}",
        "VehiclesY": "{(EgoVehicle↦8.000000238418579),(Vehicles2↦-8.000000238418579),(Vehicles3↦2.6645352591003757E-15),(Vehicles4↦-4.0000001192092896),(Vehicles5↦2.6645352591003757E-15)}",
        "VehiclesVy": "{(EgoVehicle↦0.0),(Vehicles2↦0.0),(Vehicles3↦0.0),(Vehicles4↦0.0),(Vehicles5↦0.0)}",
        "VehiclesX": "{(EgoVehicle↦200.0),(Vehicles2↦15.542376041412354),(Vehicles3↦18.008285760879517),(Vehicles4↦18.207351863384247),(Vehicles5↦75.15992522239685)}"
      },
      "probabilisticVariables": null,
      "activating": [
        "SLOWER_37"
      ],
      "activatingOnlyWhenExecuted": true,
      "updating": null,
      "withPredicate": null
    },
    {
      "id": "SLOWER_37",
      "execute": "SLOWER",
      "after": "1000",
      "priority": 0,
      "additionalGuards": null,
      "activationKind": null,
      "fixedVariables": {
        "Crash": "FALSE",
        "VehiclesAy": "{(EgoVehicle↦0.0),(Vehicles2↦0.0),(Vehicles3↦0.0),(Vehicles4↦0.0),(Vehicles5↦0.0)}",
        "Reward": "0.7333333333337481",
        "VehiclesAx": "{(EgoVehicle↦0.0),(Vehicles2↦0.03356303699547425),(Vehicles3↦0.010380819439888),(Vehicles4↦0.0021738559007644653),(Vehicles5↦0.011314768344163895)}",
        "VehiclesVx": "{(EgoVehicle↦20.0),(Vehicles2↦0.02924651140347123),(Vehicles3↦-0.28870584443211555),(Vehicles4↦1.0660504549741745),(Vehicles5↦-0.20512886345386505)}",
        "VehiclesY": "{(EgoVehicle↦8.000000238418579),(Vehicles2↦-8.000000238418579),(Vehicles3↦2.6645352591003757E-15),(Vehicles4↦-4.0000001192092896),(Vehicles5↦2.6645352591003757E-15)}",
        "VehiclesVy": "{(EgoVehicle↦0.0),(Vehicles2↦0.0),(Vehicles3↦0.0),(Vehicles4↦0.0),(Vehicles5↦0.0)}",
        "VehiclesX": "{(EgoVehicle↦200.0),(Vehicles2↦15.551570057868958),(Vehicles3↦17.713351547718048),(Vehicles4↦19.272087514400482),(Vehicles5↦74.94802474975586)}"
      },
      "probabilisticVariables": null,
      "activating": [
        "SLOWER_38"
      ],
      "activatingOnlyWhenExecuted": true,
      "updating": null,
      "withPredicate": null
    },
    {
      "id": "SLOWER_38",
      "execute": "SLOWER",
      "after": "1000",
      "priority": 0,
      "additionalGuards": null,
      "activationKind": null,
      "fixedVariables": {
        "Crash": "FALSE",
        "VehiclesAy": "{(EgoVehicle↦0.0),(Vehicles2↦0.0),(Vehicles3↦0.0),(Vehicles4↦0.0),(Vehicles5↦0.0)}",
        "Reward": "0.733333333333388",
        "VehiclesAx": "{(EgoVehicle↦0.0),(Vehicles2↦0.03252087393775582),(Vehicles3↦0.010374654084444046),(Vehicles4↦0.002299472689628601),(Vehicles5↦0.01113666221499443)}",
        "VehiclesVx": "{(EgoVehicle↦20.0),(Vehicles2↦0.061767385341227055),(Vehicles3↦-0.2783311903476715),(Vehicles4↦1.068349927663803),(Vehicles5↦-0.19399220123887062)}",
        "VehiclesY": "{(EgoVehicle↦8.000000238418579),(Vehicles2↦-8.000000238418579),(Vehicles3↦2.6645352591003757E-15),(Vehicles4↦-4.0000001192092896),(Vehicles5↦2.6645352591003757E-15)}",
        "VehiclesVy": "{(EgoVehicle↦0.0),(Vehicles2↦0.0),(Vehicles3↦0.0),(Vehicles4↦0.0),(Vehicles5↦0.0)}",
        "VehiclesX": "{(EgoVehicle↦200.0),(Vehicles2↦15.593907237052917),(Vehicles3↦17.428795993328094),(Vehicles4↦20.33904790878296),(Vehicles5↦74.74735975265503)}"
      },
      "probabilisticVariables": null,
      "activating": [
        "SLOWER_39"
      ],
      "activatingOnlyWhenExecuted": true,
      "updating": null,
      "withPredicate": null
    },
    {
      "id": "SLOWER_39",
      "execute": "SLOWER",
      "after": "1000",
      "priority": 0,
      "additionalGuards": null,
      "activationKind": null,
      "fixedVariables": {
        "Crash": "FALSE",
        "VehiclesAy": "{(EgoVehicle↦0.0),(Vehicles2↦0.0),(Vehicles3↦0.0),(Vehicles4↦0.0),(Vehicles5↦0.0)}",
        "Reward": "0.7333333333333405",
        "VehiclesAx": "{(EgoVehicle↦0.0),(Vehicles2↦0.0315158860757947),(Vehicles3↦0.010366234928369522),(Vehicles4↦0.002417340874671936),(Vehicles5↦0.01101229339838028)}",
        "VehiclesVx": "{(EgoVehicle↦20.0),(Vehicles2↦0.09328327141702175),(Vehicles3↦-0.267964955419302),(Vehicles4↦1.070767268538475),(Vehicles5↦-0.18297990784049034)}",
        "VehiclesY": "{(EgoVehicle↦8.000000238418579),(Vehicles2↦-8.000000238418579),(Vehicles3↦2.6645352591003757E-15),(Vehicles4↦-4.0000001192092896),(Vehicles5↦2.6645352591003757E-15)}",
        "VehiclesVy": "{(EgoVehicle↦0.0),(Vehicles2↦0.0),(Vehicles3↦0.0),(Vehicles4↦0.0),(Vehicles5↦0.0)}",
        "VehiclesX": "{(EgoVehicle↦200.0),(Vehicles2↦15.668359398841858),(Vehicles3↦17.154613137245178),(Vehicles4↦21.408355236053467),(Vehicles5↦74.55778121948242)}"
      },
      "probabilisticVariables": null,
      "activating": [
        "SLOWER_40"
      ],
      "activatingOnlyWhenExecuted": true,
      "updating": null,
      "withPredicate": null
    },
    {
      "id": "SLOWER_40",
      "execute": "SLOWER",
      "after": "1000",
      "priority": 0,
      "additionalGuards": null,
      "activationKind": null,
      "fixedVariables": {
        "Crash": "FALSE",
        "VehiclesAy": "{(EgoVehicle↦0.0),(Vehicles2↦0.0),(Vehicles3↦0.0),(Vehicles4↦0.0),(Vehicles5↦0.0)}",
        "Reward": "0.7333333333333343",
        "VehiclesAx": "{(EgoVehicle↦0.0),(Vehicles2↦0.030548162758350372),(Vehicles3↦0.010358784347772598),(Vehicles4↦0.002527758479118347),(Vehicles5↦0.0109059177339077)}",
        "VehiclesVx": "{(EgoVehicle↦20.0),(Vehicles2↦0.12383143417537212),(Vehicles3↦-0.2576061710715294),(Vehicles4↦1.0732950270175934),(Vehicles5↦-0.17207399010658264)}",
        "VehiclesY": "{(EgoVehicle↦8.000000238418579),(Vehicles2↦-8.000000238418579),(Vehicles3↦2.6645352591003757E-15),(Vehicles4↦-4.0000001192092896),(Vehicles5↦2.6645352591003757E-15)}",
        "VehiclesVy": "{(EgoVehicle↦0.0),(Vehicles2↦0.0),(Vehicles3↦0.0),(Vehicles4↦0.0),(Vehicles5↦0.0)}",
        "VehiclesX": "{(EgoVehicle↦200.0),(Vehicles2↦15.773937106132507),(Vehicles3↦16.890791058540344),(Vehicles4↦22.480125725269318),(Vehicles5↦74.37918186187744)}"
      },
      "probabilisticVariables": null,
      "activating": [
        "SLOWER_41"
      ],
      "activatingOnlyWhenExecuted": true,
      "updating": null,
      "withPredicate": null
    },
    {
      "id": "SLOWER_41",
      "execute": "SLOWER",
      "after": "1000",
      "priority": 0,
      "additionalGuards": null,
      "activationKind": null,
      "fixedVariables": {
        "Crash": "FALSE",
        "VehiclesAy": "{(EgoVehicle↦0.0),(Vehicles2↦0.0),(Vehicles3↦0.0),(Vehicles4↦0.0),(Vehicles5↦0.0)}",
        "Reward": "0.7333333333333334",
        "VehiclesAx": "{(EgoVehicle↦0.0),(Vehicles2↦0.02961736172437668),(Vehicles3↦0.010341070592403412),(Vehicles4↦0.0007285177707672119),(Vehicles5↦0.011497121304273605)}",
        "VehiclesVx": "{(EgoVehicle↦20.0),(Vehicles2↦0.1534487958997488),(Vehicles3↦-0.24726510047912598),(Vehicles4↦1.0740235447883606),(Vehicles5↦-0.16057686880230904)}",
        "VehiclesY": "{(EgoVehicle↦8.000000238418579),(Vehicles2↦-8.000000238418579),(Vehicles3↦2.6645352591003757E-15),(Vehicles4↦-4.0000001192092896),(Vehicles5↦2.6645352591003757E-15)}",
        "VehiclesVy": "{(EgoVehicle↦0.0),(Vehicles2↦0.0),(Vehicles3↦0.0),(Vehicles4↦0.0),(Vehicles5↦0.0)}",
        "VehiclesX": "{(EgoVehicle↦200.0),(Vehicles2↦15.909689664840698),(Vehicles3↦16.637320816516876),(Vehicles4↦23.55402261018753),(Vehicles5↦74.21140670776367)}"
      },
      "probabilisticVariables": null,
      "activating": [
        "SLOWER_42"
      ],
      "activatingOnlyWhenExecuted": true,
      "updating": null,
      "withPredicate": null
    },
    {
      "id": "SLOWER_42",
      "execute": "SLOWER",
      "after": "1000",
      "priority": 0,
      "additionalGuards": null,
      "activationKind": null,
      "fixedVariables": {
        "Crash": "FALSE",
        "VehiclesAy": "{(EgoVehicle↦0.0),(Vehicles2↦0.0),(Vehicles3↦0.0),(Vehicles4↦0.0),(Vehicles5↦0.0)}",
        "Reward": "0.7333333333333334",
        "VehiclesAx": "{(EgoVehicle↦0.0),(Vehicles2↦0.028722835704684258),(Vehicles3↦0.01088285818696022),(Vehicles4↦-0.003299042582511902),(Vehicles5↦0.0190872885286808)}",
        "VehiclesVx": "{(EgoVehicle↦20.0),(Vehicles2↦0.18217163160443306),(Vehicles3↦-0.23638224229216576),(Vehicles4↦1.0707245022058487),(Vehicles5↦-0.14148958027362823)}",
        "VehiclesY": "{(EgoVehicle↦8.000000238418579),(Vehicles2↦-8.000000238418579),(Vehicles3↦2.6645352591003757E-15),(Vehicles4↦-4.0000001192092896),(Vehicles5↦2.6645352591003757E-15)}",
        "VehiclesVy": "{(EgoVehicle↦0.0),(Vehicles2↦0.0),(Vehicles3↦0.0),(Vehicles4↦0.0),(Vehicles5↦0.0)}",
        "VehiclesX": "{(EgoVehicle↦200.0),(Vehicles2↦16.07469767332077),(Vehicles3↦16.394314169883728),(Vehicles4↦24.627025425434113),(Vehicles5↦74.05768632888794)}"
      },
      "probabilisticVariables": null,
      "activating": [
        "SLOWER_43"
      ],
      "activatingOnlyWhenExecuted": true,
      "updating": null,
      "withPredicate": null
    },
    {
      "id": "SLOWER_43",
      "execute": "SLOWER",
      "after": "1000",
      "priority": 0,
      "additionalGuards": null,
      "activationKind": null,
      "fixedVariables": {
        "Crash": "FALSE",
        "VehiclesAy": "{(EgoVehicle↦0.0),(Vehicles2↦0.0),(Vehicles3↦0.0),(Vehicles4↦0.0),(Vehicles5↦0.0)}",
        "Reward": "0.7333333333333334",
        "VehiclesAx": "{(EgoVehicle↦0.0),(Vehicles2↦-0.4058672674000263),(Vehicles3↦0.44641757383942604),(Vehicles4↦-0.006240904331207275),(Vehicles5↦0.02802325412631035)}",
        "VehiclesVx": "{(EgoVehicle↦20.0),(Vehicles2↦-0.22369563579559326),(Vehicles3↦0.21003533154726028),(Vehicles4↦1.0644835978746414),(Vehicles5↦-0.11346632614731789)}",
        "VehiclesY": "{(EgoVehicle↦8.000000238418579),(Vehicles2↦2.6645352591003757E-15),(Vehicles3↦-8.000000238418579),(Vehicles4↦-4.0000001192092896),(Vehicles5↦2.6645352591003757E-15)}",
        "VehiclesVy": "{(EgoVehicle↦0.0),(Vehicles2↦0.0),(Vehicles3↦0.0),(Vehicles4↦0.0),(Vehicles5↦0.0)}",
        "VehiclesX": "{(EgoVehicle↦200.0),(Vehicles2↦16.162820160388947),(Vehicles3↦16.268081963062286),(Vehicles4↦25.695425271987915),(Vehicles5↦73.9267885684967)}"
      },
      "probabilisticVariables": null,
      "activating": [
        "SLOWER_44"
      ],
      "activatingOnlyWhenExecuted": true,
      "updating": null,
      "withPredicate": null
    },
    {
      "id": "SLOWER_44",
      "execute": "SLOWER",
      "after": "1000",
      "priority": 0,
      "additionalGuards": null,
      "activationKind": null,
      "fixedVariables": {
        "Crash": "FALSE",
        "VehiclesAy": "{(EgoVehicle↦0.0),(Vehicles2↦0.0),(Vehicles3↦0.0),(Vehicles4↦0.0),(Vehicles5↦0.0)}",
        "Reward": "0.7333333333333334",
        "VehiclesAx": "{(EgoVehicle↦0.0),(Vehicles2↦0.015257876366376877),(Vehicles3↦0.02703895792365074),(Vehicles4↦-0.007726326584815979),(Vehicles5↦0.03401413559913635)}",
        "VehiclesVx": "{(EgoVehicle↦20.0),(Vehicles2↦-0.20843775942921638),(Vehicles3↦0.23707428947091103),(Vehicles4↦1.0567572712898254),(Vehicles5↦-0.07945219054818153)}",
        "VehiclesY": "{(EgoVehicle↦8.000000238418579),(Vehicles2↦2.6645352591003757E-15),(Vehicles3↦-8.000000238418579),(Vehicles4↦-4.0000001192092896),(Vehicles5↦2.6645352591003757E-15)}",
        "VehiclesVy": "{(EgoVehicle↦0.0),(Vehicles2↦0.0),(Vehicles3↦0.0),(Vehicles4↦0.0),(Vehicles5↦0.0)}",
        "VehiclesX": "{(EgoVehicle↦200.0),(Vehicles2↦15.945009887218475),(Vehicles3↦16.488997638225555),(Vehicles4↦26.75688862800598),(Vehicles5↦73.8265872001648)}"
      },
      "probabilisticVariables": null,
      "activating": [
        "SLOWER_45"
      ],
      "activatingOnlyWhenExecuted": true,
      "updating": null,
      "withPredicate": null
    },
    {
      "id": "SLOWER_45",
      "execute": "SLOWER",
      "after": "1000",
      "priority": 0,
      "additionalGuards": null,
      "activationKind": null,
      "fixedVariables": {
        "Crash": "FALSE",
        "VehiclesAy": "{(EgoVehicle↦0.0),(Vehicles2↦0.0),(Vehicles3↦0.0),(Vehicles4↦0.0),(Vehicles5↦0.0)}",
        "Reward": "0.7333333333333334",
        "VehiclesAx": "{(EgoVehicle↦0.0),(Vehicles2↦0.017911195755004883),(Vehicles3↦0.02624744549393654),(Vehicles4↦-0.00821530818939209),(Vehicles5↦0.036835758946835995)}",
        "VehiclesVx": "{(EgoVehicle↦20.0),(Vehicles2↦-0.1905265636742115),(Vehicles3↦0.26332173496484756),(Vehicles4↦1.0485419631004333),(Vehicles5↦-0.04261643160134554)}",
        "VehiclesY": "{(EgoVehicle↦8.000000238418579),(Vehicles2↦2.6645352591003757E-15),(Vehicles3↦-8.000000238418579),(Vehicles4↦-4.0000001192092896),(Vehicles5↦2.6645352591003757E-15)}",
        "VehiclesVy": "{(EgoVehicle↦0.0),(Vehicles2↦0.0),(Vehicles3↦0.0),(Vehicles4↦0.0),(Vehicles5↦0.0)}",
        "VehiclesX": "{(EgoVehicle↦200.0),(Vehicles2↦15.7435342669487),(Vehicles3↦16.736632585525513),(Vehicles4↦27.810373902320862),(Vehicles5↦73.76174926757812)}"
      },
      "probabilisticVariables": null,
      "activating": [
        "SLOWER_46"
      ],
      "activatingOnlyWhenExecuted": true,
      "updating": null,
      "withPredicate": null
    },
    {
      "id": "SLOWER_46",
      "execute": "SLOWER",
      "after": "1000",
      "priority": 0,
      "additionalGuards": null,
      "activationKind": null,
      "fixedVariables": {
        "Crash": "FALSE",
        "VehiclesAy": "{(EgoVehicle↦0.0),(Vehicles2↦0.0),(Vehicles3↦0.0),(Vehicles4↦0.0),(Vehicles5↦0.0)}",
        "Reward": "0.7333333333333334",
        "VehiclesAx": "{(EgoVehicle↦0.0),(Vehicles2↦0.02022184431552887),(Vehicles3↦0.02548797056078911),(Vehicles4↦-0.008171647787094116),(Vehicles5↦0.03742164408322424)}",
        "VehiclesVx": "{(EgoVehicle↦20.0),(Vehicles2↦-0.17030471935868263),(Vehicles3↦0.2888097055256367),(Vehicles4↦1.0403703153133392),(Vehicles5↦-0.005194787518121302)}",
        "VehiclesY": "{(EgoVehicle↦8.000000238418579),(Vehicles2↦2.6645352591003757E-15),(Vehicles3↦-8.000000238418579),(Vehicles4↦-4.0000001192092896),(Vehicles5↦2.6645352591003757E-15)}",
        "VehiclesVy": "{(EgoVehicle↦0.0),(Vehicles2↦0.0),(Vehicles3↦0.0),(Vehicles4↦0.0),(Vehicles5↦0.0)}",
        "VehiclesX": "{(EgoVehicle↦200.0),(Vehicles2↦15.560930967330933),(Vehicles3↦17.01020896434784),(Vehicles4↦28.8556307554245),(Vehicles5↦73.73411655426025)}"
      },
      "probabilisticVariables": null,
      "activating": [
        "IDLE_47"
      ],
      "activatingOnlyWhenExecuted": true,
      "updating": null,
      "withPredicate": null
    },
    {
      "id": "IDLE_47",
      "execute": "IDLE",
      "after": "1000",
      "priority": 0,
      "additionalGuards": null,
      "activationKind": null,
      "fixedVariables": {
        "Crash": "FALSE",
        "VehiclesAy": "{(EgoVehicle↦0.0),(Vehicles2↦0.0),(Vehicles3↦0.0),(Vehicles4↦0.0),(Vehicles5↦0.0)}",
        "Reward": "0.7333333333333334",
        "VehiclesAx": "{(EgoVehicle↦0.0),(Vehicles2↦0.022029923275113106),(Vehicles3↦0.024759266525506973),(Vehicles4↦-0.007902458310127258),(Vehicles5↦0.03673197061289102)}",
        "VehiclesVx": "{(EgoVehicle↦20.0),(Vehicles2↦-0.14827479608356953),(Vehicles3↦0.31356897205114365),(Vehicles4↦1.032467857003212),(Vehicles5↦0.031537183094769716)}",
        "VehiclesY": "{(EgoVehicle↦8.000000238418579),(Vehicles2↦2.6645352591003757E-15),(Vehicles3↦-8.000000238418579),(Vehicles4↦-4.0000001192092896),(Vehicles5↦2.6645352591003757E-15)}",
        "VehiclesVy": "{(EgoVehicle↦0.0),(Vehicles2↦0.0),(Vehicles3↦0.0),(Vehicles4↦0.0),(Vehicles5↦0.0)}",
        "VehiclesX": "{(EgoVehicle↦200.0),(Vehicles2↦15.39931446313858),(Vehicles3↦17.308978736400604),(Vehicles4↦29.89281415939331),(Vehicles5↦73.74370098114014)}"
      },
      "probabilisticVariables": null,
      "activating": [
        "SLOWER_48"
      ],
      "activatingOnlyWhenExecuted": true,
      "updating": null,
      "withPredicate": null
    },
    {
      "id": "SLOWER_48",
      "execute": "SLOWER",
      "after": "1000",
      "priority": 0,
      "additionalGuards": null,
      "activationKind": null,
      "fixedVariables": {
        "Crash": "FALSE",
        "VehiclesAy": "{(EgoVehicle↦0.0),(Vehicles2↦0.0),(Vehicles3↦0.0),(Vehicles4↦0.0),(Vehicles5↦0.0)}",
        "Reward": "0.7333333333333334",
        "VehiclesAx": "{(EgoVehicle↦0.0),(Vehicles2↦0.023337751626968384),(Vehicles3↦0.02406008541584015),(Vehicles4↦-0.007574558258056641),(Vehicles5↦0.03544275416061282)}",
        "VehiclesVx": "{(EgoVehicle↦20.0),(Vehicles2↦-0.12493704445660114),(Vehicles3↦0.3376290574669838),(Vehicles4↦1.0248932987451553),(Vehicles5↦0.06697993725538254)}",
        "VehiclesY": "{(EgoVehicle↦8.000000238418579),(Vehicles2↦2.6645352591003757E-15),(Vehicles3↦-8.000000238418579),(Vehicles4↦-4.0000001192092896),(Vehicles5↦2.6645352591003757E-15)}",
        "VehiclesVy": "{(EgoVehicle↦0.0),(Vehicles2↦0.0),(Vehicles3↦0.0),(Vehicles4↦0.0),(Vehicles5↦0.0)}",
        "VehiclesX": "{(EgoVehicle↦200.0),(Vehicles2↦15.260288119316101),(Vehicles3↦17.632226645946503),(Vehicles4↦30.92222511768341),(Vehicles5↦73.78953099250793)}"
      },
      "probabilisticVariables": null,
      "activating": [
        "SLOWER_49"
      ],
      "activatingOnlyWhenExecuted": true,
      "updating": null,
      "withPredicate": null
    },
    {
      "id": "SLOWER_49",
      "execute": "SLOWER",
      "after": "1000",
      "priority": 0,
      "additionalGuards": null,
      "activationKind": null,
      "fixedVariables": {
        "Crash": "FALSE",
        "VehiclesAy": "{(EgoVehicle↦0.0),(Vehicles2↦0.0),(Vehicles3↦0.0),(Vehicles4↦0.0),(Vehicles5↦0.0)}",
        "Reward": "0.7333333333333334",
        "VehiclesAx": "{(EgoVehicle↦0.0),(Vehicles2↦0.02421913668513298),(Vehicles3↦0.023389197885990143),(Vehicles4↦-0.007263496518135071),(Vehicles5↦0.03394877538084984)}",
        "VehiclesVx": "{(EgoVehicle↦20.0),(Vehicles2↦-0.10071790777146816),(Vehicles3↦0.36101825535297394),(Vehicles4↦1.0176298022270203),(Vehicles5↦0.10092871263623238)}",
        "VehiclesY": "{(EgoVehicle↦8.000000238418579),(Vehicles2↦2.6645352591003757E-15),(Vehicles3↦-8.000000238418579),(Vehicles4↦-4.0000001192092896),(Vehicles5↦2.6645352591003757E-15)}",
        "VehiclesVy": "{(EgoVehicle↦0.0),(Vehicles2↦0.0),(Vehicles3↦0.0),(Vehicles4↦0.0),(Vehicles5↦0.0)}",
        "VehiclesX": "{(EgoVehicle↦200.0),(Vehicles2↦15.144982933998108),(Vehicles3↦17.97926425933838),(Vehicles4↦31.944191455841064),(Vehicles5↦73.8702118396759)}"
      },
      "probabilisticVariables": null,
      "activating": [
        "SLOWER_50"
      ],
      "activatingOnlyWhenExecuted": true,
      "updating": null,
      "withPredicate": null
    },
    {
      "id": "SLOWER_50",
      "execute": "SLOWER",
      "after": "1000",
      "priority": 0,
      "additionalGuards": null,
      "activationKind": null,
      "fixedVariables": {
        "Crash": "FALSE",
        "VehiclesAy": "{(EgoVehicle↦0.0),(Vehicles2↦0.0),(Vehicles3↦0.0),(Vehicles4↦0.0),(Vehicles5↦0.0)}",
        "Reward": "0.7333333333333334",
        "VehiclesAx": "{(EgoVehicle↦0.0),(Vehicles2↦0.02476463094353676),(Vehicles3↦0.022745281457901),(Vehicles4↦-0.006993785500526428),(Vehicles5↦0.03244848921895027)}",
        "VehiclesVx": "{(EgoVehicle↦20.0),(Vehicles2↦-0.0759532768279314),(Vehicles3↦0.38376353681087494),(Vehicles4↦1.0106360167264938),(Vehicles5↦0.13337720185518265)}",
        "VehiclesY": "{(EgoVehicle↦8.000000238418579),(Vehicles2↦2.6645352591003757E-15),(Vehicles3↦-8.000000238418579),(Vehicles4↦-4.0000001192092896),(Vehicles5↦2.6645352591003757E-15)}",
        "VehiclesVy": "{(EgoVehicle↦0.0),(Vehicles2↦0.0),(Vehicles3↦0.0),(Vehicles4↦0.0),(Vehicles5↦0.0)}",
        "VehiclesX": "{(EgoVehicle↦200.0),(Vehicles2↦15.054138004779816),(Vehicles3↦18.349431455135345),(Vehicles4↦32.95900225639343),(Vehicles5↦73.9842414855957)}"
      },
      "probabilisticVariables": null,
      "activating": [
        "SLOWER_51"
      ],
      "activatingOnlyWhenExecuted": true,
      "updating": null,
      "withPredicate": null
    },
    {
      "id": "SLOWER_51",
      "execute": "SLOWER",
      "after": "1000",
      "priority": 0,
      "additionalGuards": null,
      "activationKind": null,
      "fixedVariables": {
        "Crash": "FALSE",
        "VehiclesAy": "{(EgoVehicle↦0.0),(Vehicles2↦0.0),(Vehicles3↦0.0),(Vehicles4↦0.0),(Vehicles5↦0.0)}",
        "Reward": "0.7333333333333334",
        "VehiclesAx": "{(EgoVehicle↦0.0),(Vehicles2↦0.025056018494069576),(Vehicles3↦0.022127218544483185),(Vehicles4↦-0.006765350699424744),(Vehicles5↦0.031025130301713943)}",
        "VehiclesVx": "{(EgoVehicle↦20.0),(Vehicles2↦-0.05089725833386183),(Vehicles3↦0.4058907553553581),(Vehicles4↦1.003870666027069),(Vehicles5↦0.1644023321568966)}",
        "VehiclesY": "{(EgoVehicle↦8.000000238418579),(Vehicles2↦2.6645352591003757E-15),(Vehicles3↦-8.000000238418579),(Vehicles4↦-4.0000001192092896),(Vehicles5↦2.6645352591003757E-15)}",
        "VehiclesVy": "{(EgoVehicle↦0.0),(Vehicles2↦0.0),(Vehicles3↦0.0),(Vehicles4↦0.0),(Vehicles5↦0.0)}",
        "VehiclesX": "{(EgoVehicle↦200.0),(Vehicles2↦14.988192915916443),(Vehicles3↦18.742094933986664),(Vehicles4↦33.96691679954529),(Vehicles5↦74.13013577461243)}"
      },
      "probabilisticVariables": null,
      "activating": [
        "SLOWER_52"
      ],
      "activatingOnlyWhenExecuted": true,
      "updating": null,
      "withPredicate": null
    },
    {
      "id": "SLOWER_52",
      "execute": "SLOWER",
      "after": "1000",
      "priority": 0,
      "additionalGuards": null,
      "activationKind": null,
      "fixedVariables": {
        "Crash": "FALSE",
        "VehiclesAy": "{(EgoVehicle↦0.0),(Vehicles2↦0.0),(Vehicles3↦0.0),(Vehicles4↦0.0),(Vehicles5↦0.0)}",
        "Reward": "0.7333333333333334",
        "VehiclesAx": "{(EgoVehicle↦0.0),(Vehicles2↦0.025158189237117767),(Vehicles3↦0.021533779799938202),(Vehicles4↦-0.006568655371665955),(Vehicles5↦0.029702596366405487)}",
        "VehiclesVx": "{(EgoVehicle↦20.0),(Vehicles2↦-0.02573906909674406),(Vehicles3↦0.4274245351552963),(Vehicles4↦0.9973020106554031),(Vehicles5↦0.19410492852330208)}",
        "VehiclesY": "{(EgoVehicle↦8.000000238418579),(Vehicles2↦2.6645352591003757E-15),(Vehicles3↦-8.000000238418579),(Vehicles4↦-4.0000001192092896),(Vehicles5↦2.6645352591003757E-15)}",
        "VehiclesVy": "{(EgoVehicle↦0.0),(Vehicles2↦0.0),(Vehicles3↦0.0),(Vehicles4↦0.0),(Vehicles5↦0.0)}",
        "VehiclesX": "{(EgoVehicle↦200.0),(Vehicles2↦14.947356283664703),(Vehicles3↦19.156645238399506),(Vehicles4↦34.968143701553345),(Vehicles5↦74.30652379989624)}"
      },
      "probabilisticVariables": null,
      "activating": [
        "SLOWER_53"
      ],
      "activatingOnlyWhenExecuted": true,
      "updating": null,
      "withPredicate": null
    },
    {
      "id": "SLOWER_53",
      "execute": "SLOWER",
      "after": "1000",
      "priority": 0,
      "additionalGuards": null,
      "activationKind": null,
      "fixedVariables": {
        "Crash": "FALSE",
        "VehiclesAy": "{(EgoVehicle↦0.0),(Vehicles2↦0.0),(Vehicles3↦0.0),(Vehicles4↦0.0),(Vehicles5↦0.0)}",
        "Reward": "0.7333333333333334",
        "VehiclesAx": "{(EgoVehicle↦0.0),(Vehicles2↦0.025119406636804342),(Vehicles3↦0.02096381038427353),(Vehicles4↦-0.006392374634742737),(Vehicles5↦0.028478465974330902)}",
        "VehiclesVx": "{(EgoVehicle↦20.0),(Vehicles2↦-0.0006196624599397182),(Vehicles3↦0.44838834553956985),(Vehicles4↦0.9909096360206604),(Vehicles5↦0.22258339449763298)}",
        "VehiclesY": "{(EgoVehicle↦8.000000238418579),(Vehicles2↦2.6645352591003757E-15),(Vehicles3↦-8.000000238418579),(Vehicles4↦-4.0000001192092896),(Vehicles5↦2.6645352591003757E-15)}",
        "VehiclesVy": "{(EgoVehicle↦0.0),(Vehicles2↦0.0),(Vehicles3↦0.0),(Vehicles4↦0.0),(Vehicles5↦0.0)}",
        "VehiclesX": "{(EgoVehicle↦200.0),(Vehicles2↦14.931672811508179),(Vehicles3↦19.59249973297119),(Vehicles4↦35.96287667751312),(Vehicles5↦74.51211214065552)}"
      },
      "probabilisticVariables": null,
      "activating": [
        "SLOWER_54"
      ],
      "activatingOnlyWhenExecuted": true,
      "updating": null,
      "withPredicate": null
    },
    {
      "id": "SLOWER_54",
      "execute": "SLOWER",
      "after": "1000",
      "priority": 0,
      "additionalGuards": null,
      "activationKind": null,
      "fixedVariables": {
        "Crash": "FALSE",
        "VehiclesAy": "{(EgoVehicle↦0.0),(Vehicles2↦0.0),(Vehicles3↦0.0),(Vehicles4↦0.0),(Vehicles5↦0.0)}",
        "Reward": "0.7333333333333334",
        "VehiclesAx": "{(EgoVehicle↦0.0),(Vehicles2↦0.024974513798952103),(Vehicles3↦0.020416267216205597),(Vehicles4↦-0.006226077675819397),(Vehicles5↦0.027341172099113464)}",
        "VehiclesVx": "{(EgoVehicle↦20.0),(Vehicles2↦0.024354851339012384),(Vehicles3↦0.46880461275577545),(Vehicles4↦0.984683558344841),(Vehicles5↦0.24992456659674644)}",
        "VehiclesY": "{(EgoVehicle↦8.000000238418579),(Vehicles2↦2.6645352591003757E-15),(Vehicles3↦-8.000000238418579),(Vehicles4↦-4.0000001192092896),(Vehicles5↦2.6645352591003757E-15)}",
        "VehiclesVy": "{(EgoVehicle↦0.0),(Vehicles2↦0.0),(Vehicles3↦0.0),(Vehicles4↦0.0),(Vehicles5↦0.0)}",
        "VehiclesX": "{(EgoVehicle↦200.0),(Vehicles2↦14.941059052944183),(Vehicles3↦20.049098134040833),(Vehicles4↦36.95128262042999),(Vehicles5↦74.7457206249237)}"
      },
      "probabilisticVariables": null,
      "activating": [
        "SLOWER_55"
      ],
      "activatingOnlyWhenExecuted": true,
      "updating": null,
      "withPredicate": null
    },
    {
      "id": "SLOWER_55",
      "execute": "SLOWER",
      "after": "1000",
      "priority": 0,
      "additionalGuards": null,
      "activationKind": null,
      "fixedVariables": {
        "Crash": "FALSE",
        "VehiclesAy": "{(EgoVehicle↦0.0),(Vehicles2↦0.0),(Vehicles3↦0.0),(Vehicles4↦0.0),(Vehicles5↦0.0)}",
        "Reward": "0.7333333333333334",
        "VehiclesAx": "{(EgoVehicle↦0.0),(Vehicles2↦0.024748549330979586),(Vehicles3↦0.019890032708644867),(Vehicles4↦-0.0060620903968811035),(Vehicles5↦0.026277899742126465)}",
        "VehiclesVx": "{(EgoVehicle↦20.0),(Vehicles2↦0.04910340066999197),(Vehicles3↦0.4886946454644203),(Vehicles4↦0.9786214679479599),(Vehicles5↦0.2762024663388729)}",
        "VehiclesY": "{(EgoVehicle↦8.000000238418579),(Vehicles2↦2.6645352591003757E-15),(Vehicles3↦-8.000000238418579),(Vehicles4↦-4.0000001192092896),(Vehicles5↦2.6645352591003757E-15)}",
        "VehiclesVy": "{(EgoVehicle↦0.0),(Vehicles2↦0.0),(Vehicles3↦0.0),(Vehicles4↦0.0),(Vehicles5↦0.0)}",
        "VehiclesX": "{(EgoVehicle↦200.0),(Vehicles2↦14.975333213806152),(Vehicles3↦20.525899529457092),(Vehicles4↦37.933528423309326),(Vehicles5↦75.00624060630798)}"
      },
      "probabilisticVariables": null,
      "activating": [
        "SLOWER_56"
      ],
      "activatingOnlyWhenExecuted": true,
      "updating": null,
      "withPredicate": null
    },
    {
      "id": "SLOWER_56",
      "execute": "SLOWER",
      "after": "1000",
      "priority": 0,
      "additionalGuards": null,
      "activationKind": null,
      "fixedVariables": {
        "Crash": "FALSE",
        "VehiclesAy": "{(EgoVehicle↦0.0),(Vehicles2↦0.0),(Vehicles3↦0.0),(Vehicles4↦0.0),(Vehicles5↦0.0)}",
        "Reward": "0.7333333333333334",
        "VehiclesAx": "{(EgoVehicle↦0.0),(Vehicles2↦0.024459753185510635),(Vehicles3↦0.01938413828611374),(Vehicles4↦-0.005894973874092102),(Vehicles5↦0.025277473032474518)}",
        "VehiclesVx": "{(EgoVehicle↦20.0),(Vehicles2↦0.0735631538555026),(Vehicles3↦0.5080787837505341),(Vehicles4↦0.9727264940738678),(Vehicles5↦0.3014799393713474)}",
        "VehiclesY": "{(EgoVehicle↦8.000000238418579),(Vehicles2↦2.6645352591003757E-15),(Vehicles3↦-8.000000238418579),(Vehicles4↦-4.0000001192092896),(Vehicles5↦2.6645352591003757E-15)}",
        "VehiclesVy": "{(EgoVehicle↦0.0),(Vehicles2↦0.0),(Vehicles3↦0.0),(Vehicles4↦0.0),(Vehicles5↦0.0)}",
        "VehiclesX": "{(EgoVehicle↦200.0),(Vehicles2↦15.034246444702148),(Vehicles3↦21.022386848926544),(Vehicles4↦38.909777998924255),(Vehicles5↦75.29262900352478)}"
      },
      "probabilisticVariables": null,
      "activating": [
        "SLOWER_57"
      ],
      "activatingOnlyWhenExecuted": true,
      "updating": null,
      "withPredicate": null
    },
    {
      "id": "SLOWER_57",
      "execute": "SLOWER",
      "after": "1000",
      "priority": 0,
      "additionalGuards": null,
      "activationKind": null,
      "fixedVariables": {
        "Crash": "FALSE",
        "VehiclesAy": "{(EgoVehicle↦0.0),(Vehicles2↦0.0),(Vehicles3↦0.0),(Vehicles4↦0.0),(Vehicles5↦0.0)}",
        "Reward": "0.7333333333333334",
        "VehiclesAx": "{(EgoVehicle↦0.0),(Vehicles2↦0.024121790193021297),(Vehicles3↦0.018897652626037598),(Vehicles4↦-0.005721226334571838),(Vehicles5↦0.024331342428922653)}",
        "VehiclesVx": "{(EgoVehicle↦20.0),(Vehicles2↦0.0976849440485239),(Vehicles3↦0.5269764363765717),(Vehicles4↦0.967005267739296),(Vehicles5↦0.3258112818002701)}",
        "VehiclesY": "{(EgoVehicle↦8.000000238418579),(Vehicles2↦2.6645352591003757E-15),(Vehicles3↦-8.000000238418579),(Vehicles4↦-4.0000001192092896),(Vehicles5↦2.6645352591003757E-15)}",
        "VehiclesVy": "{(EgoVehicle↦0.0),(Vehicles2↦0.0),(Vehicles3↦0.0),(Vehicles4↦0.0),(Vehicles5↦0.0)}",
        "VehiclesX": "{(EgoVehicle↦200.0),(Vehicles2↦15.11748731136322),(Vehicles3↦21.538063883781433),(Vehicles4↦39.88020122051239),(Vehicles5↦75.60391426086426)}"
      },
      "probabilisticVariables": null,
      "activating": [
        "SLOWER_58"
      ],
      "activatingOnlyWhenExecuted": true,
      "updating": null,
      "withPredicate": null
    },
    {
      "id": "SLOWER_58",
      "execute": "SLOWER",
      "after": "1000",
      "priority": 0,
      "additionalGuards": null,
      "activationKind": null,
      "fixedVariables": {
        "Crash": "FALSE",
        "VehiclesAy": "{(EgoVehicle↦0.0),(Vehicles2↦0.0),(Vehicles3↦0.0),(Vehicles4↦0.0),(Vehicles5↦0.0)}",
        "Reward": "0.7333333333333334",
        "VehiclesAx": "{(EgoVehicle↦0.0),(Vehicles2↦0.023745233193039894),(Vehicles3↦0.018429532647132874),(Vehicles4↦-0.0055389851331710815),(Vehicles5↦0.023433007299900055)}",
        "VehiclesVx": "{(EgoVehicle↦20.0),(Vehicles2↦0.1214301772415638),(Vehicles3↦0.5454059690237045),(Vehicles4↦0.9614662826061249),(Vehicles5↦0.34924428910017014)}",
        "VehiclesY": "{(EgoVehicle↦8.000000238418579),(Vehicles2↦2.6645352591003757E-15),(Vehicles3↦-8.000000238418579),(Vehicles4↦-4.0000001192092896),(Vehicles5↦2.6645352591003757E-15)}",
        "VehiclesVy": "{(EgoVehicle↦0.0),(Vehicles2↦0.0),(Vehicles3↦0.0),(Vehicles4↦0.0),(Vehicles5↦0.0)}",
        "VehiclesX": "{(EgoVehicle↦200.0),(Vehicles2↦15.224701166152954),(Vehicles3↦22.07244783639908),(Vehicles4↦40.84497690200806),(Vehicles5↦75.9391725063324)}"
      },
      "probabilisticVariables": null,
      "activating": [
        "SLOWER_59"
      ],
      "activatingOnlyWhenExecuted": true,
      "updating": null,
      "withPredicate": null
    },
    {
      "id": "SLOWER_59",
      "execute": "SLOWER",
      "after": "1000",
      "priority": 0,
      "additionalGuards": null,
      "activationKind": null,
      "fixedVariables": {
        "Crash": "FALSE",
        "VehiclesAy": "{(EgoVehicle↦0.0),(Vehicles2↦0.0),(Vehicles3↦0.0),(Vehicles4↦0.0),(Vehicles5↦0.0)}",
        "Reward": "0.7333333333333334",
        "VehiclesAx": "{(EgoVehicle↦0.0),(Vehicles2↦0.023338478058576584),(Vehicles3↦0.01797907054424286),(Vehicles4↦-0.005347207188606262),(Vehicles5↦0.022577792406082153)}",
        "VehiclesVx": "{(EgoVehicle↦20.0),(Vehicles2↦0.14476865530014038),(Vehicles3↦0.5633850395679474),(Vehicles4↦0.9561190754175186),(Vehicles5↦0.3718220815062523)}",
        "VehiclesY": "{(EgoVehicle↦8.000000238418579),(Vehicles2↦2.6645352591003757E-15),(Vehicles3↦-8.000000238418579),(Vehicles4↦-4.0000001192092896),(Vehicles5↦2.6645352591003757E-15)}",
        "VehiclesVy": "{(EgoVehicle↦0.0),(Vehicles2↦0.0),(Vehicles3↦0.0),(Vehicles4↦0.0),(Vehicles5↦0.0)}",
        "VehiclesX": "{(EgoVehicle↦200.0),(Vehicles2↦15.35550057888031),(Vehicles3↦22.62508124113083),(Vehicles4↦41.80428683757782),(Vehicles5↦76.29750967025757)}"
      },
      "probabilisticVariables": null,
      "activating": [
        "SLOWER_60"
      ],
      "activatingOnlyWhenExecuted": true,
      "updating": null,
      "withPredicate": null
    },
    {
      "id": "SLOWER_60",
      "execute": "SLOWER",
      "after": "1000",
      "priority": 0,
      "additionalGuards": null,
      "activationKind": null,
      "fixedVariables": {
        "Crash": "FALSE",
        "VehiclesAy": "{(EgoVehicle↦0.0),(Vehicles2↦0.0),(Vehicles3↦0.0),(Vehicles4↦0.0),(Vehicles5↦0.0)}",
        "Reward": "0.7333333333333334",
        "VehiclesAx": "{(EgoVehicle↦0.0),(Vehicles2↦0.022908467799425125),(Vehicles3↦0.017545297741889954),(Vehicles4↦-0.00514596700668335),(Vehicles5↦0.021762214601039886)}",
        "VehiclesVx": "{(EgoVehicle↦20.0),(Vehicles2↦0.1676771230995655),(Vehicles3↦0.5809303373098373),(Vehicles4↦0.9509731084108353),(Vehicles5↦0.3935842961072922)}",
        "VehiclesY": "{(EgoVehicle↦8.000000238418579),(Vehicles2↦2.6645352591003757E-15),(Vehicles3↦-8.000000238418579),(Vehicles4↦-4.0000001192092896),(Vehicles5↦2.6645352591003757E-15)}",
        "VehiclesVy": "{(EgoVehicle↦0.0),(Vehicles2↦0.0),(Vehicles3↦0.0),(Vehicles4↦0.0),(Vehicles5↦0.0)}",
        "VehiclesX": "{(EgoVehicle↦200.0),(Vehicles2↦15.509466826915741),(Vehicles3↦23.19551855325699),(Vehicles4↦42.75833070278168),(Vehicles5↦76.67810320854187)}"
      },
      "probabilisticVariables": null,
      "activating": [
        "SLOWER_61"
      ],
      "activatingOnlyWhenExecuted": true,
      "updating": null,
      "withPredicate": null
    },
    {
      "id": "SLOWER_61",
      "execute": "SLOWER",
      "after": "1000",
      "priority": 0,
      "additionalGuards": null,
      "activationKind": null,
      "fixedVariables": {
        "Crash": "FALSE",
        "VehiclesAy": "{(EgoVehicle↦0.0),(Vehicles2↦0.0),(Vehicles3↦0.0),(Vehicles4↦0.0),(Vehicles5↦0.0)}",
        "Reward": "0.7333333333333334",
        "VehiclesAx": "{(EgoVehicle↦0.0),(Vehicles2↦0.022460930049419403),(Vehicles3↦0.017127543687820435),(Vehicles4↦-0.004935562610626221),(Vehicles5↦0.020983554422855377)}",
        "VehiclesVx": "{(EgoVehicle↦20.0),(Vehicles2↦0.1901380531489849),(Vehicles3↦0.5980578809976578),(Vehicles4↦0.946037545800209),(Vehicles5↦0.41456785053014755)}",
        "VehiclesY": "{(EgoVehicle↦8.000000238418579),(Vehicles2↦2.6645352591003757E-15),(Vehicles3↦-8.000000238418579),(Vehicles4↦-4.0000001192092896),(Vehicles5↦2.6645352591003757E-15)}",
        "VehiclesVy": "{(EgoVehicle↦0.0),(Vehicles2↦0.0),(Vehicles3↦0.0),(Vehicles4↦0.0),(Vehicles5↦0.0)}",
        "VehiclesX": "{(EgoVehicle↦200.0),(Vehicles2↦15.686164796352386),(Vehicles3↦23.783332109451294),(Vehicles4↦43.707314133644104),(Vehicles5↦77.08014249801636)}"
      },
      "probabilisticVariables": null,
      "activating": null,
      "activatingOnlyWhenExecuted": true,
      "updating": null,
      "withPredicate": null
    }
  ],
  "listeners": [],
  "metadata": {
    "fileType": "Timed_Trace",
    "formatVersion": 3,
    "savedAt": "2023-08-15T12:35:55.447001Z",
    "creator": "Simulation: MONTE_CARLO_SIMULATION; MAX_STEPS_BEFORE_PROPERTY : 0, EXECUTIONS : 1000, ENDING_TIME : 60000",
    "proB2KernelVersion": "4.12.2",
    "proBCliVersion": "1.12.2-final",
    "modelName": "HighwayEnvironment"
  }
}