{
  "variables": {},
  "activations": [
    {
      "id": "$setup_constants",
      "execute": "$setup_constants",
      "after": "0",
      "priority": 0,
      "additionalGuards": null,
      "activationKind": null,
      "fixedVariables": null,
      "probabilisticVariables": null,
      "activating": null,
      "activatingOnlyWhenExecuted": true,
      "updating": null,
      "withPredicate": null
    },
    {
      "id": "$initialise_machine",
      "execute": "$initialise_machine",
      "after": "0",
      "priority": 0,
      "additionalGuards": null,
      "activationKind": null,
      "fixedVariables": {
        "Crash": "FALSE",
        "VehiclesAy": "{(EgoVehicle↦0.0),(Vehicles2↦0.0),(Vehicles3↦0.0),(Vehicles4↦0.0),(Vehicles5↦0.0)}",
        "Reward": "0.0",
        "VehiclesAx": "{(EgoVehicle↦0.0),(Vehicles2↦0.0),(Vehicles3↦0.0),(Vehicles4↦0.0),(Vehicles5↦0.0)}",
        "VehiclesVx": "{(EgoVehicle↦25.0),(Vehicles2↦-1.8782679736614227),(Vehicles3↦-3.85070264339447),(Vehicles4↦-2.0932111144065857),(Vehicles5↦-3.2698464393615723)}",
        "VehiclesY": "{(EgoVehicle↦4.0000001192092896),(Vehicles2↦-4.0000001192092896),(Vehicles3↦0.0),(Vehicles4↦-4.0000001192092896),(Vehicles5↦4.0000001192092896)}",
        "VehiclesVy": "{(EgoVehicle↦0.0),(Vehicles2↦0.0),(Vehicles3↦0.0),(Vehicles4↦0.0),(Vehicles5↦0.0)}",
        "VehiclesX": "{(EgoVehicle↦151.6703486442566),(Vehicles2↦23.72448891401291),(Vehicles3↦46.01777493953705),(Vehicles4↦70.00759243965149),(Vehicles5↦94.0173864364624)}"
      },
      "probabilisticVariables": null,
      "activating": [
        "LANE_RIGHT_2"
      ],
      "activatingOnlyWhenExecuted": true,
      "updating": null,
      "withPredicate": null
    },
    {
      "id": "LANE_RIGHT_2",
      "execute": "LANE_RIGHT",
      "after": "1000",
      "priority": 0,
      "additionalGuards": null,
      "activationKind": null,
      "fixedVariables": {
        "Crash": "FALSE",
        "VehiclesAy": "{(EgoVehicle↦1.0796338319778442),(Vehicles2↦-1.0796338319778442),(Vehicles3↦-1.0796338319778442),(Vehicles4↦-1.0796338319778442),(Vehicles5↦-1.0796338319778442)}",
        "Reward": "0.8660447183419508",
        "VehiclesAx": "{(EgoVehicle↦-0.023322105407714844),(Vehicles2↦-2.0930342376232147),(Vehicles3↦-0.3652256727218628),(Vehicles4↦-1.2503719329833984),(Vehicles5↦-4.080977439880371)}",
        "VehiclesVx": "{(EgoVehicle↦24.976677894592285),(Vehicles2↦-3.9713022112846375),(Vehicles3↦-4.215928316116333),(Vehicles4↦-3.343583047389984),(Vehicles5↦-7.350823879241943)}",
        "VehiclesY": "{(EgoVehicle↦7.6599647998809814),(Vehicles2↦-7.6599647998809814),(Vehicles3↦-3.6599650382995605),(Vehicles4↦-7.6599647998809814),(Vehicles5↦0.3400348797440529)}",
        "VehiclesVy": "{(EgoVehicle↦1.0796338319778442),(Vehicles2↦-1.0796338319778442),(Vehicles3↦-1.0796338319778442),(Vehicles4↦-1.0796338319778442),(Vehicles5↦-1.0796338319778442)}",
        "VehiclesX": "{(EgoVehicle↦176.35059356689453),(Vehicles2↦21.18259072303772),(Vehicles3↦42.33150780200958),(Vehicles4↦67.65415668487549),(Vehicles5↦88.9536201953888)}"
      },
      "probabilisticVariables": null,
      "activating": [
        "LANE_RIGHT_3"
      ],
      "activatingOnlyWhenExecuted": true,
      "updating": null,
      "withPredicate": null
    },
    {
      "id": "LANE_RIGHT_3",
      "execute": "LANE_RIGHT",
      "after": "1000",
      "priority": 0,
      "additionalGuards": null,
      "activationKind": null,
      "fixedVariables": {
        "Crash": "FALSE",
        "VehiclesAy": "{(EgoVehicle↦-1.041519611608237),(Vehicles2↦1.041519611608237),(Vehicles3↦1.041519611608237),(Vehicles4↦1.041519611608237),(Vehicles5↦-1.1177480523474514)}",
        "Reward": "0.8666658918962077",
        "VehiclesAx": "{(EgoVehicle↦0.023293495178222656),(Vehicles2↦-1.0170212388038635),(Vehicles3↦-0.3344962000846863),(Vehicles4↦-0.6919100880622864),(Vehicles5↦-0.5643397569656372)}",
        "VehiclesVx": "{(EgoVehicle↦24.999971389770508),(Vehicles2↦-4.988323450088501),(Vehicles3↦-4.550424516201019),(Vehicles4↦-4.0354931354522705),(Vehicles5↦-7.915163636207581)}",
        "VehiclesY": "{(EgoVehicle↦7.988499641418457),(Vehicles2↦-7.988499641418457),(Vehicles3↦-3.9884995222091675),(Vehicles4↦-7.988499641418457),(Vehicles5↦0.01150053832679987)}",
        "VehiclesVy": "{(EgoVehicle↦0.03811422036960721),(Vehicles2↦-0.03811422036960721),(Vehicles3↦-0.03811422036960721),(Vehicles4↦-0.03811422036960721),(Vehicles5↦-0.03811422036960721)}",
        "VehiclesX": "{(EgoVehicle↦200.0),(Vehicles2↦16.738490760326385),(Vehicles3↦37.96221613883972),(Vehicles4↦63.992077112197876),(Vehicles5↦81.25622868537903)}"
      },
      "probabilisticVariables": null,
      "activating": [
        "SLOWER_4"
      ],
      "activatingOnlyWhenExecuted": true,
      "updating": null,
      "withPredicate": null
    },
    {
      "id": "SLOWER_4",
      "execute": "SLOWER",
      "after": "1000",
      "priority": 0,
      "additionalGuards": null,
      "activationKind": null,
      "fixedVariables": {
        "Crash": "FALSE",
        "VehiclesAy": "{(EgoVehicle↦-0.036545634939102456),(Vehicles2↦0.036545634939102456),(Vehicles3↦0.036545634939102456),(Vehicles4↦0.036545634939102456),(Vehicles5↦-0.039682805800111964)}",
        "Reward": "0.7508916307850879",
        "VehiclesAx": "{(EgoVehicle↦-4.341535568237305),(Vehicles2↦3.848068416118622),(Vehicles3↦4.135381393134594),(Vehicles4↦3.957144543528557),(Vehicles5↦4.568324089050293)}",
        "VehiclesVx": "{(EgoVehicle↦20.658435821533203),(Vehicles2↦-1.1402550339698792),(Vehicles3↦-0.4150431230664253),(Vehicles4↦-0.07834859192371368),(Vehicles5↦-3.3468395471572876)}",
        "VehiclesY": "{(EgoVehicle↦7.999458074569702),(Vehicles2↦-7.999458074569702),(Vehicles3↦-3.999457597732544),(Vehicles4↦-7.999458074569702),(Vehicles5↦0.0005422821996035054)}",
        "VehiclesVy": "{(EgoVehicle↦0.0015685854305047542),(Vehicles2↦-0.0015685854305047542),(Vehicles3↦-0.0015685854305047542),(Vehicles4↦-0.0015685854305047542),(Vehicles5↦-0.0015685854305047542)}",
        "VehiclesX": "{(EgoVehicle↦200.0),(Vehicles2↦13.92027884721756),(Vehicles3↦35.71712374687195),(Vehicles4↦62.18216419219971),(Vehicles5↦75.79881548881531)}"
      },
      "probabilisticVariables": null,
      "activating": [
        "LANE_RIGHT_5"
      ],
      "activatingOnlyWhenExecuted": true,
      "updating": null,
      "withPredicate": null
    },
    {
      "id": "LANE_RIGHT_5",
      "execute": "LANE_RIGHT",
      "after": "1000",
      "priority": 0,
      "additionalGuards": null,
      "activationKind": null,
      "fixedVariables": {
        "Crash": "FALSE",
        "VehiclesAy": "{(EgoVehicle↦-0.0014723455842613475),(Vehicles2↦0.0014723455842613475),(Vehicles3↦0.0014723455842613475),(Vehicles4↦0.0014723455842613475),(Vehicles5↦-0.0016648252767481608)}",
        "Reward": "0.735645537315963",
        "VehiclesAx": "{(EgoVehicle↦-0.5717277526855469),(Vehicles2↦0.33475928008556366),(Vehicles3↦0.44014284387230873),(Vehicles4↦0.3331495262682438),(Vehicles5↦0.9880033135414124)}",
        "VehiclesVx": "{(EgoVehicle↦20.086708068847656),(Vehicles2↦-0.8054957538843155),(Vehicles3↦0.025099720805883408),(Vehicles4↦0.2548009343445301),(Vehicles5↦-2.3588362336158752)}",
        "VehiclesY": "{(EgoVehicle↦7.999966621398926),(Vehicles2↦-7.999966621398926),(Vehicles3↦-3.999966859817505),(Vehicles4↦-7.999966621398926),(Vehicles5↦3.316687980259303E-05)}",
        "VehiclesVy": "{(EgoVehicle↦9.623984624340665E-05),(Vehicles2↦-9.623984624340665E-05),(Vehicles3↦-9.623984624340665E-05),(Vehicles4↦-9.623984624340665E-05),(Vehicles5↦-9.623984624340665E-05)}",
        "VehiclesX": "{(EgoVehicle↦200.0),(Vehicles2↦12.985967099666595),(Vehicles3↦35.56008338928223),(Vehicles4↦62.31548190116882),(Vehicles5↦72.92836308479309)}"
      },
      "probabilisticVariables": null,
      "activating": [
        "LANE_RIGHT_6"
      ],
      "activatingOnlyWhenExecuted": true,
      "updating": null,
      "withPredicate": null
    },
    {
      "id": "LANE_RIGHT_6",
      "execute": "LANE_RIGHT",
      "after": "1000",
      "priority": 0,
      "additionalGuards": null,
      "activationKind": null,
      "fixedVariables": {
        "Crash": "FALSE",
        "VehiclesAy": "{(EgoVehicle↦-9.025937401929696E-05),(Vehicles2↦9.025937401929696E-05),(Vehicles3↦9.025937401929696E-05),(Vehicles4↦9.025937401929696E-05),(Vehicles5↦-0.00010222031846751634)}",
        "Reward": "0.7336378211013791",
        "VehiclesAx": "{(EgoVehicle↦-0.07529020309448242),(Vehicles2↦-0.02374686300754547),(Vehicles3↦-0.008590840734541416),(Vehicles4↦-0.08530041202902794),(Vehicles5↦0.5057956278324127)}",
        "VehiclesVx": "{(EgoVehicle↦20.011417865753174),(Vehicles2↦-0.829242616891861),(Vehicles3↦0.01650888007134199),(Vehicles4↦0.16950052231550217),(Vehicles5↦-1.8530406057834625)}",
        "VehiclesY": "{(EgoVehicle↦7.999998092651367),(Vehicles2↦-7.999998092651367),(Vehicles3↦-3.9999979734420776),(Vehicles4↦-7.999998092651367),(Vehicles5↦2.0593382146216754E-06)}",
        "VehiclesVy": "{(EgoVehicle↦5.98047222410969E-06),(Vehicles2↦-5.98047222410969E-06),(Vehicles3↦-5.98047222410969E-06),(Vehicles4↦-5.98047222410969E-06),(Vehicles5↦-5.98047222410969E-06)}",
        "VehiclesX": "{(EgoVehicle↦200.0),(Vehicles2↦12.17445656657219),(Vehicles3↦35.59020161628723),(Vehicles4↦62.54308819770813),(Vehicles5↦70.78544497489929)}"
      },
      "probabilisticVariables": null,
      "activating": [
        "SLOWER_7"
      ],
      "activatingOnlyWhenExecuted": true,
      "updating": null,
      "withPredicate": null
    },
    {
      "id": "SLOWER_7",
      "execute": "SLOWER",
      "after": "1000",
      "priority": 0,
      "additionalGuards": null,
      "activationKind": null,
      "fixedVariables": {
        "Crash": "FALSE",
        "VehiclesAy": "{(EgoVehicle↦-5.608429418657579E-06),(Vehicles2↦5.608429418657579E-06),(Vehicles3↦5.608429418657579E-06),(Vehicles4↦5.608429418657579E-06),(Vehicles5↦-6.3525150295618005E-06)}",
        "Reward": "0.7333734304879762",
        "VehiclesAx": "{(EgoVehicle↦-0.009913444519042969),(Vehicles2↦-0.015234053134918213),(Vehicles3↦-0.044749947264790535),(Vehicles4↦-0.10844817850738764),(Vehicles5↦0.395524799823761)}",
        "VehiclesVx": "{(EgoVehicle↦20.00150442123413),(Vehicles2↦-0.8444766700267792),(Vehicles3↦-0.028241067193448544),(Vehicles4↦0.06105234380811453),(Vehicles5↦-1.4575158059597015)}",
        "VehiclesY": "{(EgoVehicle↦7.999999523162842),(Vehicles2↦-7.999999523162842),(Vehicles3↦-3.999999761581421),(Vehicles4↦-7.999999523162842),(Vehicles5↦1.2809649874157003E-07)}",
        "VehiclesVy": "{(EgoVehicle↦3.7204280545211077E-07),(Vehicles2↦-3.7204280545211077E-07),(Vehicles3↦-3.7204280545211077E-07),(Vehicles4↦-3.7204280545211077E-07),(Vehicles5↦-3.7204280545211077E-07)}",
        "VehiclesX": "{(EgoVehicle↦200.0),(Vehicles2↦11.336459219455719),(Vehicles3↦35.58853268623352),(Vehicles4↦62.66828775405884),(Vehicles5↦69.09669637680054)}"
      },
      "probabilisticVariables": null,
      "activating": [
        "FASTER_8"
      ],
      "activatingOnlyWhenExecuted": true,
      "updating": null,
      "withPredicate": null
    },
    {
      "id": "FASTER_8",
      "execute": "FASTER",
      "after": "1000",
      "priority": 0,
      "additionalGuards": null,
      "activationKind": null,
      "fixedVariables": {
        "Crash": "FALSE",
        "VehiclesAy": "{(EgoVehicle↦-3.5383553864676287E-07),(Vehicles2↦3.5383554752854707E-07),(Vehicles3↦3.5383554752854707E-07),(Vehicles4↦3.5383554752854707E-07),(Vehicles5↦-3.9025006337567447E-07)}",
        "Reward": "0.8491136479106253",
        "VehiclesAx": "{(EgoVehicle↦4.34025764465332),(Vehicles2↦-4.327874928712845),(Vehicles3↦-4.377597183920443),(Vehicles4↦-4.435999295674264),(Vehicles5↦-4.014507681131363)}",
        "VehiclesVx": "{(EgoVehicle↦24.34176206588745),(Vehicles2↦-5.172351598739624),(Vehicles3↦-4.405838251113892),(Vehicles4↦-4.37494695186615),(Vehicles5↦-5.4720234870910645)}",
        "VehiclesY": "{(EgoVehicle↦8.000000238418579),(Vehicles2↦-8.000000238418579),(Vehicles3↦-4.0000001192092896),(Vehicles4↦-8.000000238418579),(Vehicles5↦5.497088118033844E-09)}",
        "VehiclesVy": "{(EgoVehicle↦1.82072668053479E-08),(Vehicles2↦-1.8207257923563702E-08),(Vehicles3↦-1.8207257923563702E-08),(Vehicles4↦-1.8207257923563702E-08),(Vehicles5↦-1.8207257923563702E-08)}",
        "VehiclesX": "{(EgoVehicle↦200.0),(Vehicles2↦8.100598305463791),(Vehicles3↦33.149975538253784),(Vehicles4↦60.29542088508606),(Vehicles5↦65.37997126579285)}"
      },
      "probabilisticVariables": null,
      "activating": [
        "LANE_RIGHT_9"
      ],
      "activatingOnlyWhenExecuted": true,
      "updating": null,
      "withPredicate": null
    },
    {
      "id": "LANE_RIGHT_9",
      "execute": "LANE_RIGHT",
      "after": "1000",
      "priority": 0,
      "additionalGuards": null,
      "activationKind": null,
      "fixedVariables": {
        "Crash": "FALSE",
        "VehiclesAy": "{(EgoVehicle↦-1.7615562342143676E-08),(Vehicles2↦1.7615544578575282E-08),(Vehicles3↦1.7615544578575282E-08),(Vehicles4↦1.7615544578575282E-08),(Vehicles5↦-1.8798971268552123E-08)}",
        "Reward": "0.8643551580238956",
        "VehiclesAx": "{(EgoVehicle↦0.5715560913085938),(Vehicles2↦-0.5426228046417236),(Vehicles3↦-0.598905086517334),(Vehicles4↦-0.6555646657943726),(Vehicles5↦-0.3031313419342041)}",
        "VehiclesVx": "{(EgoVehicle↦24.913318157196045),(Vehicles2↦-5.714974403381348),(Vehicles3↦-5.004743337631226),(Vehicles4↦-5.0305116176605225),(Vehicles5↦-5.7751548290252686)}",
        "VehiclesY": "{(EgoVehicle↦8.000000238418579),(Vehicles2↦-8.000000238418579),(Vehicles3↦-4.0000001192092896),(Vehicles4↦-8.000000238418579),(Vehicles5↦1.7764723025948115E-10)}",
        "VehiclesVy": "{(EgoVehicle↦5.917044632042234E-10),(Vehicles2↦-5.917133449884204E-10),(Vehicles3↦-5.917133449884204E-10),(Vehicles4↦-5.917133449884204E-10),(Vehicles5↦-5.917133449884204E-10)}",
        "VehiclesX": "{(EgoVehicle↦200.0),(Vehicles2↦2.6237722486257553),(Vehicles3↦28.417304158210754),(Vehicles4↦55.5709183216095),(Vehicles5↦59.7042977809906)}"
      },
      "probabilisticVariables": null,
      "activating": [
        "LANE_RIGHT_10"
      ],
      "activatingOnlyWhenExecuted": true,
      "updating": null,
      "withPredicate": null
    },
    {
      "id": "LANE_RIGHT_10",
      "execute": "LANE_RIGHT",
      "after": "1000",
      "priority": 0,
      "additionalGuards": null,
      "activationKind": null,
      "fixedVariables": {
        "Crash": "FALSE",
        "VehiclesAy": "{(EgoVehicle↦-5.731237706640968E-10),(Vehicles2↦5.731237706640968E-10),(Vehicles3↦5.731237706640968E-10),(Vehicles4↦5.731237706640968E-10),(Vehicles5↦-6.103029193127441E-10)}",
        "Reward": "0.8663622704667956",
        "VehiclesAx": "{(EgoVehicle↦0.07526636123657227),(Vehicles2↦-0.041803717613220215),(Vehicles3↦-0.09696543216705322),(Vehicles4↦-0.15351593494415283),(Vehicles5↦0.1443004608154297)}",
        "VehiclesVx": "{(EgoVehicle↦24.988584518432617),(Vehicles2↦-5.756778120994568),(Vehicles3↦-5.101708769798279),(Vehicles4↦-5.184027552604675),(Vehicles5↦-5.630854368209839)}",
        "VehiclesY": "{(EgoVehicle↦8.000000238418579),(Vehicles2↦-8.000000238418579),(Vehicles3↦-4.0000001192092896),(Vehicles4↦-8.000000238418579),(Vehicles5↦5.574207762037986E-12)}",
        "VehiclesVy": "{(EgoVehicle↦1.858069254012662E-11),(Vehicles2↦-1.858957432432362E-11),(Vehicles3↦-1.858957432432362E-11),(Vehicles4↦-1.858957432432362E-11),(Vehicles5↦-1.858957432432362E-11)}",
        "VehiclesX": "{(EgoVehicle↦200.0),(Vehicles2↦-3.119374066591263),(Vehicles3↦23.36202710866928),(Vehicles4↦50.46728253364563),(Vehicles5↦53.978973627090454)}"
      },
      "probabilisticVariables": null,
      "activating": [
        "SLOWER_11"
      ],
      "activatingOnlyWhenExecuted": true,
      "updating": null,
      "withPredicate": null
    },
    {
      "id": "SLOWER_11",
      "execute": "SLOWER",
      "after": "1000",
      "priority": 0,
      "additionalGuards": null,
      "activationKind": null,
      "fixedVariables": {
        "Crash": "FALSE",
        "VehiclesAy": "{(EgoVehicle↦-1.7834622667578515E-11),(Vehicles2↦1.7834622667578515E-11),(Vehicles3↦1.7834622667578515E-11),(Vehicles4↦1.7834622667578515E-11),(Vehicles5↦-1.9344525981068728E-11)}",
        "Reward": "0.7508515472768345",
        "VehiclesAx": "{(EgoVehicle↦-4.331650733947754),(Vehicles2↦4.362963885068893),(Vehicles3↦4.313158467411995),(Vehicles4↦4.256029948592186),(Vehicles5↦4.511727914214134)}",
        "VehiclesVx": "{(EgoVehicle↦20.656933784484863),(Vehicles2↦-1.3938142359256744),(Vehicles3↦-0.7885503023862839),(Vehicles4↦-0.9279976040124893),(Vehicles5↦-1.1191264539957047)}",
        "VehiclesY": "{(EgoVehicle↦8.000000238418579),(Vehicles2↦-8.000000238418579),(Vehicles3↦-4.0000001192092896),(Vehicles4↦-8.000000238418579),(Vehicles5↦2.611244553918368E-13)}",
        "VehiclesVy": "{(EgoVehicle↦7.460698725481052E-13),(Vehicles2↦-7.549516567451064E-13),(Vehicles3↦-7.549516567451064E-13),(Vehicles4↦-7.549516567451064E-13),(Vehicles5↦-7.549516567451064E-13)}",
        "VehiclesX": "{(EgoVehicle↦200.0),(Vehicles2↦-6.473686546087265),(Vehicles3↦20.642322301864624),(Vehicles4↦47.64246642589569),(Vehicles5↦50.81254839897156)}"
      },
      "probabilisticVariables": null,
      "activating": [
        "LANE_RIGHT_12"
      ],
      "activatingOnlyWhenExecuted": true,
      "updating": null,
      "withPredicate": null
    },
    {
      "id": "LANE_RIGHT_12",
      "execute": "LANE_RIGHT",
      "after": "1000",
      "priority": 0,
      "additionalGuards": null,
      "activationKind": null,
      "fixedVariables": {
        "Crash": "FALSE",
        "VehiclesAy": "{(EgoVehicle↦-7.105427357601002E-13),(Vehicles2↦7.105427357601002E-13),(Vehicles3↦7.105427357601002E-13),(Vehicles4↦7.105427357601002E-13),(Vehicles5↦-7.993605777301127E-13)}",
        "Reward": "0.7356402586263048",
        "VehiclesAx": "{(EgoVehicle↦-0.5704236030578613),(Vehicles2↦0.5961041152477264),(Vehicles3↦0.5538452416658401),(Vehicles4↦0.49596380442380905),(Vehicles5↦0.719328299164772)}",
        "VehiclesVx": "{(EgoVehicle↦20.086510181427002),(Vehicles2↦-0.797710120677948),(Vehicles3↦-0.23470506072044373),(Vehicles4↦-0.43203379958868027),(Vehicles5↦-0.3997981548309326)}",
        "VehiclesY": "{(EgoVehicle↦8.000000238418579),(Vehicles2↦-8.000000238418579),(Vehicles3↦-4.0000001192092896),(Vehicles4↦-8.000000238418579),(Vehicles5↦1.5987211554602254E-14)}",
        "VehiclesVy": "{(EgoVehicle↦3.552713678800501E-14),(Vehicles2↦-4.440892098500626E-14),(Vehicles3↦-4.440892098500626E-14),(Vehicles4↦-4.440892098500626E-14),(Vehicles5↦-4.440892098500626E-14)}",
        "VehiclesX": "{(EgoVehicle↦200.0),(Vehicles2↦-7.542015612125397),(Vehicles3↦20.161698758602142),(Vehicles4↦46.99930250644684),(Vehicles5↦50.069862604141235)}"
      },
      "probabilisticVariables": null,
      "activating": [
        "LANE_RIGHT_13"
      ],
      "activatingOnlyWhenExecuted": true,
      "updating": null,
      "withPredicate": null
    },
    {
      "id": "LANE_RIGHT_13",
      "execute": "LANE_RIGHT",
      "after": "1000",
      "priority": 0,
      "additionalGuards": null,
      "activationKind": null,
      "fixedVariables": {
        "Crash": "FALSE",
        "VehiclesAy": "{(EgoVehicle↦-3.552713678800501E-14),(Vehicles2↦4.440892098500626E-14),(Vehicles3↦4.440892098500626E-14),(Vehicles4↦4.440892098500626E-14),(Vehicles5↦-4.440892098500626E-14)}",
        "Reward": "0.7336371259645066",
        "VehiclesAx": "{(EgoVehicle↦-0.0751185417175293),(Vehicles2↦0.09359300136566162),(Vehicles3↦0.05983484908938408),(Vehicles4↦0.001332312822341919),(Vehicles5↦0.1996014639735222)}",
        "VehiclesVx": "{(EgoVehicle↦20.011391639709473),(Vehicles2↦-0.7041171193122864),(Vehicles3↦-0.17487021163105965),(Vehicles4↦-0.43070148676633835),(Vehicles5↦-0.20019669085741043)}",
        "VehiclesY": "{(EgoVehicle↦8.000000238418579),(Vehicles2↦-8.000000238418579),(Vehicles3↦-4.0000001192092896),(Vehicles4↦-8.000000238418579),(Vehicles5↦0.0)}",
        "VehiclesVy": "{(EgoVehicle↦0.0),(Vehicles2↦0.0),(Vehicles3↦0.0),(Vehicles4↦0.0),(Vehicles5↦0.0)}",
        "VehiclesX": "{(EgoVehicle↦200.0),(Vehicles2↦-8.290289342403412),(Vehicles3↦19.96222883462906),(Vehicles4↦46.57914340496063),(Vehicles5↦49.763023853302)}"
      },
      "probabilisticVariables": null,
      "activating": [
        "SLOWER_14"
      ],
      "activatingOnlyWhenExecuted": true,
      "updating": null,
      "withPredicate": null
    },
    {
      "id": "SLOWER_14",
      "execute": "SLOWER",
      "after": "1000",
      "priority": 0,
      "additionalGuards": null,
      "activationKind": null,
      "fixedVariables": {
        "Crash": "FALSE",
        "VehiclesAy": "{(EgoVehicle↦0.0),(Vehicles2↦0.0),(Vehicles3↦0.0),(Vehicles4↦0.0),(Vehicles5↦0.0)}",
        "Reward": "0.7333733389473149",
        "VehiclesAx": "{(EgoVehicle↦-0.009891986846923828),(Vehicles2↦0.020706653594970703),(Vehicles3↦-0.004348326474428177),(Vehicles4↦-0.06314195692539215),(Vehicles5↦0.1151973195374012)}",
        "VehiclesVx": "{(EgoVehicle↦20.00149965286255),(Vehicles2↦-0.6834104657173157),(Vehicles3↦-0.17921853810548782),(Vehicles4↦-0.4938434436917305),(Vehicles5↦-0.08499937132000923)}",
        "VehiclesY": "{(EgoVehicle↦8.000000238418579),(Vehicles2↦-8.000000238418579),(Vehicles3↦-4.0000001192092896),(Vehicles4↦-8.000000238418579),(Vehicles5↦0.0)}",
        "VehiclesVy": "{(EgoVehicle↦0.0),(Vehicles2↦0.0),(Vehicles3↦0.0),(Vehicles4↦0.0),(Vehicles5↦0.0)}",
        "VehiclesX": "{(EgoVehicle↦200.0),(Vehicles2↦-8.98401066660881),(Vehicles3↦19.78704184293747),(Vehicles4↦46.1246132850647),(Vehicles5↦49.61176514625549)}"
      },
      "probabilisticVariables": null,
      "activating": [
        "LANE_RIGHT_15"
      ],
      "activatingOnlyWhenExecuted": true,
      "updating": null,
      "withPredicate": null
    },
    {
      "id": "LANE_RIGHT_15",
      "execute": "LANE_RIGHT",
      "after": "1000",
      "priority": 0,
      "additionalGuards": null,
      "activationKind": null,
      "fixedVariables": {
        "Crash": "FALSE",
        "VehiclesAy": "{(EgoVehicle↦0.0),(Vehicles2↦0.0),(Vehicles3↦0.0),(Vehicles4↦0.0),(Vehicles5↦0.0)}",
        "Reward": "0.733338601562335",
        "VehiclesAx": "{(EgoVehicle↦-0.0013017654418945312),(Vehicles2↦0.004641860723495483),(Vehicles3↦-0.011962968856096268),(Vehicles4↦-0.07058829069137573),(Vehicles5↦0.09142057504504919)}",
        "VehiclesVx": "{(EgoVehicle↦20.000197887420654),(Vehicles2↦-0.6787686049938202),(Vehicles3↦-0.1911815069615841),(Vehicles4↦-0.5644317343831062),(Vehicles5↦0.006421203725039959)}",
        "VehiclesY": "{(EgoVehicle↦8.000000238418579),(Vehicles2↦-8.000000238418579),(Vehicles3↦-4.0000001192092896),(Vehicles4↦-8.000000238418579),(Vehicles5↦0.0)}",
        "VehiclesVy": "{(EgoVehicle↦0.0),(Vehicles2↦0.0),(Vehicles3↦0.0),(Vehicles4↦0.0),(Vehicles5↦0.0)}",
        "VehiclesX": "{(EgoVehicle↦200.0),(Vehicles2↦-9.664787352085114),(Vehicles3↦19.60315704345703),(Vehicles4↦45.602619647979736),(Vehicles5↦49.56461191177368)}"
      },
      "probabilisticVariables": null,
      "activating": [
        "LANE_RIGHT_16"
      ],
      "activatingOnlyWhenExecuted": true,
      "updating": null,
      "withPredicate": null
    },
    {
      "id": "LANE_RIGHT_16",
      "execute": "LANE_RIGHT",
      "after": "1000",
      "priority": 0,
      "additionalGuards": null,
      "activationKind": null,
      "fixedVariables": {
        "Crash": "FALSE",
        "VehiclesAy": "{(EgoVehicle↦0.0),(Vehicles2↦0.0),(Vehicles3↦0.0),(Vehicles4↦0.0),(Vehicles5↦0.0)}",
        "Reward": "0.7333340270918849",
        "VehiclesAx": "{(EgoVehicle↦-0.000171661376953125),(Vehicles2↦0.4754825681447983),(Vehicles3↦-0.44327380135655403),(Vehicles4↦0.648975558578968),(Vehicles5↦-1.236836682073772)}",
        "VehiclesVx": "{(EgoVehicle↦20.0000262260437),(Vehicles2↦-0.2032860368490219),(Vehicles3↦-0.6344553083181381),(Vehicles4↦0.08454382419586182),(Vehicles5↦-1.230415478348732)}",
        "VehiclesY": "{(EgoVehicle↦8.000000238418579),(Vehicles2↦-4.0000001192092896),(Vehicles3↦-8.000000238418579),(Vehicles4↦0.0),(Vehicles5↦-8.000000238418579)}",
        "VehiclesVy": "{(EgoVehicle↦0.0),(Vehicles2↦0.0),(Vehicles3↦0.0),(Vehicles4↦0.0),(Vehicles5↦0.0)}",
        "VehiclesX": "{(EgoVehicle↦200.0),(Vehicles2↦19.407078623771667),(Vehicles3↦45.010045170784),(Vehicles4↦49.60318207740784),(Vehicles5↦101.60857439041138)}"
      },
      "probabilisticVariables": null,
      "activating": [
        "FASTER_17"
      ],
      "activatingOnlyWhenExecuted": true,
      "updating": null,
      "withPredicate": null
    },
    {
      "id": "FASTER_17",
      "execute": "FASTER",
      "after": "1000",
      "priority": 0,
      "additionalGuards": null,
      "activationKind": null,
      "fixedVariables": {
        "Crash": "FALSE",
        "VehiclesAy": "{(EgoVehicle↦0.0),(Vehicles2↦0.0),(Vehicles3↦0.0),(Vehicles4↦0.0),(Vehicles5↦0.0)}",
        "Reward": "0.8491084589860369",
        "VehiclesAx": "{(EgoVehicle↦4.341540336608887),(Vehicles2↦-4.352786019444466),(Vehicles3↦-4.409423843026161),(Vehicles4↦-4.273465275764465),(Vehicles5↦-4.381683096289635)}",
        "VehiclesVx": "{(EgoVehicle↦24.341566562652588),(Vehicles2↦-4.5560720562934875),(Vehicles3↦-5.043879151344299),(Vehicles4↦-4.1889214515686035),(Vehicles5↦-5.612098574638367)}",
        "VehiclesY": "{(EgoVehicle↦8.000000238418579),(Vehicles2↦-4.0000001192092896),(Vehicles3↦-8.000000238418579),(Vehicles4↦0.0),(Vehicles5↦-8.000000238418579)}",
        "VehiclesVy": "{(EgoVehicle↦0.0),(Vehicles2↦0.0),(Vehicles3↦0.0),(Vehicles4↦0.0),(Vehicles5↦0.0)}",
        "VehiclesX": "{(EgoVehicle↦200.0),(Vehicles2↦16.80416166782379),(Vehicles3↦41.95317625999451),(Vehicles4↦47.320619225502014),(Vehicles5↦97.96640872955322)}"
      },
      "probabilisticVariables": null,
      "activating": [
        "SLOWER_18"
      ],
      "activatingOnlyWhenExecuted": true,
      "updating": null,
      "withPredicate": null
    },
    {
      "id": "SLOWER_18",
      "execute": "SLOWER",
      "after": "1000",
      "priority": 0,
      "additionalGuards": null,
      "activationKind": null,
      "fixedVariables": {
        "Crash": "FALSE",
        "VehiclesAy": "{(EgoVehicle↦0.0),(Vehicles2↦0.0),(Vehicles3↦0.0),(Vehicles4↦0.0),(Vehicles5↦0.0)}",
        "Reward": "0.7485794404151709",
        "VehiclesAx": "{(EgoVehicle↦-3.76983642578125),(Vehicles2↦3.759665936231613),(Vehicles3↦3.7048853933811188),(Vehicles4↦3.829791210591793),(Vehicles5↦3.737512081861496)}",
        "VehiclesVx": "{(EgoVehicle↦20.571730136871338),(Vehicles2↦-0.7964061200618744),(Vehicles3↦-1.3389937579631805),(Vehicles4↦-0.35913024097681046),(Vehicles5↦-1.8745864927768707)}",
        "VehiclesY": "{(EgoVehicle↦8.000000238418579),(Vehicles2↦-4.0000001192092896),(Vehicles3↦-8.000000238418579),(Vehicles4↦0.0),(Vehicles5↦-8.000000238418579)}",
        "VehiclesVy": "{(EgoVehicle↦0.0),(Vehicles2↦0.0),(Vehicles3↦0.0),(Vehicles4↦0.0),(Vehicles5↦0.0)}",
        "VehiclesX": "{(EgoVehicle↦200.0),(Vehicles2↦14.323598146438599),(Vehicles3↦38.962721824645996),(Vehicles4↦45.23593485355377),(Vehicles5↦94.4204330444336)}"
      },
      "probabilisticVariables": null,
      "activating": [
        "FASTER_19"
      ],
      "activatingOnlyWhenExecuted": true,
      "updating": null,
      "withPredicate": null
    },
    {
      "id": "FASTER_19",
      "execute": "FASTER",
      "after": "1000",
      "priority": 0,
      "additionalGuards": null,
      "activationKind": null,
      "fixedVariables": {
        "Crash": "FALSE",
        "VehiclesAy": "{(EgoVehicle↦0.0),(Vehicles2↦0.0),(Vehicles3↦0.0),(Vehicles4↦0.0),(Vehicles5↦0.0)}",
        "Reward": "0.8511160854319018",
        "VehiclesAx": "{(EgoVehicle↦3.8451242446899414),(Vehicles2↦-3.8541950285434723),(Vehicles3↦-3.9065684378147125),(Vehicles4↦-3.7919386848807335),(Vehicles5↦-3.8700924813747406)}",
        "VehiclesVx": "{(EgoVehicle↦24.41685438156128),(Vehicles2↦-4.650601148605347),(Vehicles3↦-5.245562195777893),(Vehicles4↦-4.151068925857544),(Vehicles5↦-5.744678974151611)}",
        "VehiclesY": "{(EgoVehicle↦8.000000238418579),(Vehicles2↦-4.0000001192092896),(Vehicles3↦-8.000000238418579),(Vehicles4↦0.0),(Vehicles5↦-8.000000238418579)}",
        "VehiclesVy": "{(EgoVehicle↦0.0),(Vehicles2↦0.0),(Vehicles3↦0.0),(Vehicles4↦0.0),(Vehicles5↦0.0)}",
        "VehiclesX": "{(EgoVehicle↦200.0),(Vehicles2↦11.402278393507004),(Vehicles3↦35.47765016555786),(Vehicles4↦42.77737736701965),(Vehicles5↦90.41409492492676)}"
      },
      "probabilisticVariables": null,
      "activating": [
        "SLOWER_20"
      ],
      "activatingOnlyWhenExecuted": true,
      "updating": null,
      "withPredicate": null
    },
    {
      "id": "SLOWER_20",
      "execute": "SLOWER",
      "after": "1000",
      "priority": 0,
      "additionalGuards": null,
      "activationKind": null,
      "fixedVariables": {
        "Crash": "FALSE",
        "VehiclesAy": "{(EgoVehicle↦0.0),(Vehicles2↦0.0),(Vehicles3↦0.0),(Vehicles4↦0.0),(Vehicles5↦0.0)}",
        "Reward": "0.7488438192063959",
        "VehiclesAx": "{(EgoVehicle↦-3.8352108001708984),(Vehicles2↦3.827253431081772),(Vehicles3↦3.7777848541736603),(Vehicles4↦3.8826888985931873),(Vehicles5↦3.81709024310112)}",
        "VehiclesVx": "{(EgoVehicle↦20.58164358139038),(Vehicles2↦-0.8233477175235748),(Vehicles3↦-1.4677773416042328),(Vehicles4↦-0.2683800272643566),(Vehicles5↦-1.9275887310504913)}",
        "VehiclesY": "{(EgoVehicle↦8.000000238418579),(Vehicles2↦-4.0000001192092896),(Vehicles3↦-8.000000238418579),(Vehicles4↦0.0),(Vehicles5↦-8.000000238418579)}",
        "VehiclesVy": "{(EgoVehicle↦0.0),(Vehicles2↦0.0),(Vehicles3↦0.0),(Vehicles4↦0.0),(Vehicles5↦0.0)}",
        "VehiclesX": "{(EgoVehicle↦200.0),(Vehicles2↦8.864132314920425),(Vehicles3↦32.32450783252716),(Vehicles4↦40.761446952819824),(Vehicles5↦86.7773711681366)}"
      },
      "probabilisticVariables": null,
      "activating": [
        "FASTER_21"
      ],
      "activatingOnlyWhenExecuted": true,
      "updating": null,
      "withPredicate": null
    },
    {
      "id": "FASTER_21",
      "execute": "FASTER",
      "after": "1000",
      "priority": 0,
      "additionalGuards": null,
      "activationKind": null,
      "fixedVariables": {
        "Crash": "FALSE",
        "VehiclesAy": "{(EgoVehicle↦0.0),(Vehicles2↦0.0),(Vehicles3↦0.0),(Vehicles4↦0.0),(Vehicles5↦0.0)}",
        "Reward": "0.8511509007459725",
        "VehiclesAx": "{(EgoVehicle↦3.836514949798584),(Vehicles2↦-3.8433603942394257),(Vehicles3↦-3.889496475458145),(Vehicles4↦-3.793900329619646),(Vehicles5↦-3.8483302295207977)}",
        "VehiclesVx": "{(EgoVehicle↦24.418158531188965),(Vehicles2↦-4.6667081117630005),(Vehicles3↦-5.357273817062378),(Vehicles4↦-4.062280356884003),(Vehicles5↦-5.775918960571289)}",
        "VehiclesY": "{(EgoVehicle↦8.000000238418579),(Vehicles2↦-4.0000001192092896),(Vehicles3↦-8.000000238418579),(Vehicles4↦0.0),(Vehicles5↦-8.000000238418579)}",
        "VehiclesVy": "{(EgoVehicle↦0.0),(Vehicles2↦0.0),(Vehicles3↦0.0),(Vehicles4↦0.0),(Vehicles5↦0.0)}",
        "VehiclesX": "{(EgoVehicle↦200.0),(Vehicles2↦5.921510607004166),(Vehicles3↦28.718718886375427),(Vehicles4↦38.39402496814728),(Vehicles5↦82.72812366485596)}"
      },
      "probabilisticVariables": null,
      "activating": [
        "SLOWER_22"
      ],
      "activatingOnlyWhenExecuted": true,
      "updating": null,
      "withPredicate": null
    },
    {
      "id": "SLOWER_22",
      "execute": "SLOWER",
      "after": "1000",
      "priority": 0,
      "additionalGuards": null,
      "activationKind": null,
      "fixedVariables": {
        "Crash": "FALSE",
        "VehiclesAy": "{(EgoVehicle↦0.0),(Vehicles2↦0.0),(Vehicles3↦0.0),(Vehicles4↦0.0),(Vehicles5↦0.0)}",
        "Reward": "0.748848403939113",
        "VehiclesAx": "{(EgoVehicle↦-3.836343288421631),(Vehicles2↦3.8305938243865967),(Vehicles3↦3.788137286901474),(Vehicles4↦3.8747733272612095),(Vehicles5↦3.8302718102931976)}",
        "VehiclesVx": "{(EgoVehicle↦20.581815242767334),(Vehicles2↦-0.8361142873764038),(Vehicles3↦-1.569136530160904),(Vehicles4↦-0.1875070296227932),(Vehicles5↦-1.9456471502780914)}",
        "VehiclesY": "{(EgoVehicle↦8.000000238418579),(Vehicles2↦-4.0000001192092896),(Vehicles3↦-8.000000238418579),(Vehicles4↦0.0),(Vehicles5↦-8.000000238418579)}",
        "VehiclesVy": "{(EgoVehicle↦0.0),(Vehicles2↦0.0),(Vehicles3↦0.0),(Vehicles4↦0.0),(Vehicles5↦0.0)}",
        "VehiclesX": "{(EgoVehicle↦200.0),(Vehicles2↦3.3687684684991837),(Vehicles3↦25.45812427997589),(Vehicles4↦36.46377921104431),(Vehicles5↦79.06569242477417)}"
      },
      "probabilisticVariables": null,
      "activating": [
        "FASTER_23"
      ],
      "activatingOnlyWhenExecuted": true,
      "updating": null,
      "withPredicate": null
    },
    {
      "id": "FASTER_23",
      "execute": "FASTER",
      "after": "1000",
      "priority": 0,
      "additionalGuards": null,
      "activationKind": null,
      "fixedVariables": {
        "Crash": "FALSE",
        "VehiclesAy": "{(EgoVehicle↦0.0),(Vehicles2↦0.0),(Vehicles3↦0.0),(Vehicles4↦0.0),(Vehicles5↦0.0)}",
        "Reward": "0.8511515044967831",
        "VehiclesAx": "{(EgoVehicle↦3.836367130279541),(Vehicles2↦-3.8410478830337524),(Vehicles3↦-3.87956902384758),(Vehicles4↦-3.8015698827803135),(Vehicles5↦-3.83726105093956)}",
        "VehiclesVx": "{(EgoVehicle↦24.418182373046875),(Vehicles2↦-4.677162170410156),(Vehicles3↦-5.448705554008484),(Vehicles4↦-3.9890769124031067),(Vehicles5↦-5.782908201217651)}",
        "VehiclesY": "{(EgoVehicle↦8.000000238418579),(Vehicles2↦-4.0000001192092896),(Vehicles3↦-8.000000238418579),(Vehicles4↦0.0),(Vehicles5↦-8.000000238418579)}",
        "VehiclesVy": "{(EgoVehicle↦0.0),(Vehicles2↦0.0),(Vehicles3↦0.0),(Vehicles4↦0.0),(Vehicles5↦0.0)}",
        "VehiclesX": "{(EgoVehicle↦200.0),(Vehicles2↦0.41433232836425304),(Vehicles3↦21.754933893680573),(Vehicles4↦34.17409956455231),(Vehicles5↦75.00293254852295)}"
      },
      "probabilisticVariables": null,
      "activating": [
        "LANE_LEFT_24"
      ],
      "activatingOnlyWhenExecuted": true,
      "updating": null,
      "withPredicate": null
    },
    {
      "id": "LANE_LEFT_24",
      "execute": "LANE_LEFT",
      "after": "1000",
      "priority": 0,
      "additionalGuards": null,
      "activationKind": null,
      "fixedVariables": {
        "Crash": "TRUE",
        "VehiclesAy": "{(EgoVehicle↦-2.838231325149536),(Vehicles2↦2.838231325149536),(Vehicles3↦2.838231325149536),(Vehicles4↦2.838231325149536),(Vehicles5↦2.838231325149536)}",
        "Reward": "0.03333333333333336",
        "VehiclesAx": "{(EgoVehicle↦-12.072631120681763),(Vehicles2↦2.4382030963897705),(Vehicles3↦12.034562230110168),(Vehicles4↦12.104248702526093),(Vehicles5↦12.076354622840881)}",
        "VehiclesVx": "{(EgoVehicle↦12.345551252365112),(Vehicles2↦-2.2389590740203857),(Vehicles3↦6.585856676101685),(Vehicles4↦8.115171790122986),(Vehicles5↦6.29344642162323)}",
        "VehiclesY": "{(EgoVehicle↦4.534013271331787),(Vehicles2↦-1.6864290833473206),(Vehicles3↦-4.534013271331787),(Vehicles4↦3.465986967086792),(Vehicles5↦-4.534013271331787)}",
        "VehiclesVy": "{(EgoVehicle↦-2.838231325149536),(Vehicles2↦2.838231325149536),(Vehicles3↦2.838231325149536),(Vehicles4↦2.838231325149536),(Vehicles5↦2.838231325149536)}",
        "VehiclesX": "{(EgoVehicle↦200.0),(Vehicles2↦-3.977419435977936),(Vehicles3↦19.063512980937958),(Vehicles4↦32.97083079814911),(Vehicles5↦71.99409008026123)}"
      },
      "probabilisticVariables": null,
      "activating": null,
      "activatingOnlyWhenExecuted": true,
      "updating": null,
      "withPredicate": null
    }
  ],
  "listeners": [],
  "metadata": {
    "fileType": "Timed_Trace",
    "formatVersion": 3,
    "savedAt": "2023-08-15T12:35:34.508435Z",
    "creator": "Simulation: MONTE_CARLO_SIMULATION; MAX_STEPS_BEFORE_PROPERTY : 0, EXECUTIONS : 1000, ENDING_TIME : 60000",
    "proB2KernelVersion": "4.12.2",
    "proBCliVersion": "1.12.2-final",
    "modelName": "HighwayEnvironment"
  }
}