{
  "variables": {},
  "activations": [
    {
      "id": "$setup_constants",
      "execute": "$setup_constants",
      "after": "0",
      "priority": 0,
      "additionalGuards": null,
      "activationKind": null,
      "fixedVariables": null,
      "probabilisticVariables": null,
      "activating": null,
      "activatingOnlyWhenExecuted": true,
      "updating": null,
      "withPredicate": null
    },
    {
      "id": "$initialise_machine",
      "execute": "$initialise_machine",
      "after": "0",
      "priority": 0,
      "additionalGuards": null,
      "activationKind": null,
      "fixedVariables": {
        "Crash": "FALSE",
        "VehiclesAy": "{(EgoVehicle↦0.0),(Vehicles2↦0.0),(Vehicles3↦0.0),(Vehicles4↦0.0),(Vehicles5↦0.0)}",
        "Reward": "0.0",
        "VehiclesAx": "{(EgoVehicle↦0.0),(Vehicles2↦0.0),(Vehicles3↦0.0),(Vehicles4↦0.0),(Vehicles5↦0.0)}",
        "VehiclesVx": "{(EgoVehicle↦25.0),(Vehicles2↦-1.2643206119537354),(Vehicles3↦-1.5331819653511047),(Vehicles4↦-2.2915731370449066),(Vehicles5↦-1.9032366573810577)}",
        "VehiclesY": "{(EgoVehicle↦4.0000001192092896),(Vehicles2↦4.0000001192092896),(Vehicles3↦0.0),(Vehicles4↦4.0000001192092896),(Vehicles5↦4.0000001192092896)}",
        "VehiclesVy": "{(EgoVehicle↦0.0),(Vehicles2↦0.0),(Vehicles3↦0.0),(Vehicles4↦0.0),(Vehicles5↦0.0)}",
        "VehiclesX": "{(EgoVehicle↦153.2917618751526),(Vehicles2↦23.81587326526642),(Vehicles3↦47.670307755470276),(Vehicles4↦73.06209206581116),(Vehicles5↦97.63538837432861)}"
      },
      "probabilisticVariables": null,
      "activating": [
        "LANE_RIGHT_2"
      ],
      "activatingOnlyWhenExecuted": true,
      "updating": null,
      "withPredicate": null
    },
    {
      "id": "LANE_RIGHT_2",
      "execute": "LANE_RIGHT",
      "after": "1000",
      "priority": 0,
      "additionalGuards": null,
      "activationKind": null,
      "fixedVariables": {
        "Crash": "FALSE",
        "VehiclesAy": "{(EgoVehicle↦1.0796338319778442),(Vehicles2↦-1.0796338319778442),(Vehicles3↦-1.0796338319778442),(Vehicles4↦-1.0796338319778442),(Vehicles5↦-1.0796338319778442)}",
        "Reward": "0.8660447183419508",
        "VehiclesAx": "{(EgoVehicle↦-0.023322105407714844),(Vehicles2↦-2.7010557055473328),(Vehicles3↦-0.5783362686634064),(Vehicles4↦-5.571305304765701),(Vehicles5↦-5.976676791906357)}",
        "VehiclesVx": "{(EgoVehicle↦24.976677894592285),(Vehicles2↦-3.965376317501068),(Vehicles3↦-2.111518234014511),(Vehicles4↦-7.862878441810608),(Vehicles5↦-7.8799134492874146)}",
        "VehiclesY": "{(EgoVehicle↦7.6599647998809814),(Vehicles2↦0.3400348797440529),(Vehicles3↦-3.6599650382995605),(Vehicles4↦0.3400348797440529),(Vehicles5↦0.3400348797440529)}",
        "VehiclesVy": "{(EgoVehicle↦1.0796338319778442),(Vehicles2↦-1.0796338319778442),(Vehicles3↦-1.0796338319778442),(Vehicles4↦-1.0796338319778442),(Vehicles5↦-1.0796338319778442)}",
        "VehiclesX": "{(EgoVehicle↦177.97200679779053),(Vehicles2↦21.747469902038574),(Vehicles3↦46.408653259277344),(Vehicles4↦68.714439868927),(Vehicles5↦93.65190267562866)}"
      },
      "probabilisticVariables": null,
      "activating": [
        "LANE_LEFT_3"
      ],
      "activatingOnlyWhenExecuted": true,
      "updating": null,
      "withPredicate": null
    },
    {
      "id": "LANE_LEFT_3",
      "execute": "LANE_LEFT",
      "after": "1000",
      "priority": 0,
      "additionalGuards": null,
      "activationKind": null,
      "fixedVariables": {
        "Crash": "FALSE",
        "VehiclesAy": "{(EgoVehicle↦-2.121664881706238),(Vehicles2↦2.121664881706238),(Vehicles3↦-1.3001789152622223),(Vehicles4↦2.121664881706238),(Vehicles5↦-0.037602782249450684)}",
        "Reward": "0.8327539729717545",
        "VehiclesAx": "{(EgoVehicle↦0.0015950202941894531),(Vehicles2↦-2.367936074733734),(Vehicles3↦-0.6974972784519196),(Vehicles4↦-3.166530728340149),(Vehicles5↦-2.928505539894104)}",
        "VehiclesVx": "{(EgoVehicle↦24.978272914886475),(Vehicles2↦-6.333312392234802),(Vehicles3↦-2.8090155124664307),(Vehicles4↦-11.029409170150757),(Vehicles5↦-10.808418989181519)}",
        "VehiclesY": "{(EgoVehicle↦4.328726649284363),(Vehicles2↦3.6712732315063477),(Vehicles3↦-3.131306290626526),(Vehicles4↦3.6712732315063477),(Vehicles5↦3.6712732315063477)}",
        "VehiclesVy": "{(EgoVehicle↦-1.0420310497283936),(Vehicles2↦1.0420310497283936),(Vehicles3↦-2.3798127472400665),(Vehicles4↦1.0420310497283936),(Vehicles5↦1.0420310497283936)}",
        "VehiclesX": "{(EgoVehicle↦200.0),(Vehicles2↦17.050763964653015),(Vehicles3↦44.05222237110138),(Vehicles4↦59.64968204498291),(Vehicles5↦84.49323177337646)}"
      },
      "probabilisticVariables": null,
      "activating": [
        "LANE_LEFT_4"
      ],
      "activatingOnlyWhenExecuted": true,
      "updating": null,
      "withPredicate": null
    },
    {
      "id": "LANE_LEFT_4",
      "execute": "LANE_LEFT",
      "after": "1000",
      "priority": 0,
      "additionalGuards": null,
      "activationKind": null,
      "fixedVariables": {
        "Crash": "FALSE",
        "VehiclesAy": "{(EgoVehicle↦-0.07410086691379547),(Vehicles2↦0.07410086691379547),(Vehicles3↦3.312549367547035),(Vehicles4↦0.07410086691379547),(Vehicles5↦2.1581629663705826)}",
        "Reward": "0.7993352683997245",
        "VehiclesAx": "{(EgoVehicle↦-0.0031995773315429688),(Vehicles2↦-1.954430341720581),(Vehicles3↦0.2656802535057068),(Vehicles4↦-1.3557744026184082),(Vehicles5↦-0.462416410446167)}",
        "VehiclesVx": "{(EgoVehicle↦24.97507333755493),(Vehicles2↦-8.287742733955383),(Vehicles3↦-2.543335258960724),(Vehicles4↦-12.385183572769165),(Vehicles5↦-11.270835399627686)}",
        "VehiclesY": "{(EgoVehicle↦0.3510107919573784),(Vehicles2↦7.648989200592041),(Vehicles3↦-0.2912557125091553),(Vehicles4↦7.648989200592041),(Vehicles5↦7.648989200592041)}",
        "VehiclesVy": "{(EgoVehicle↦-1.116131916642189),(Vehicles2↦1.116131916642189),(Vehicles3↦0.9327366203069687),(Vehicles4↦1.116131916642189),(Vehicles5↦1.116131916642189)}",
        "VehiclesX": "{(EgoVehicle↦200.0),(Vehicles2↦10.25463491678238),(Vehicles3↦41.81785583496094),(Vehicles4↦48.32524657249451),(Vehicles5↦73.75451922416687)}"
      },
      "probabilisticVariables": null,
      "activating": [
        "SLOWER_5"
      ],
      "activatingOnlyWhenExecuted": true,
      "updating": null,
      "withPredicate": null
    },
    {
      "id": "SLOWER_5",
      "execute": "SLOWER",
      "after": "1000",
      "priority": 0,
      "additionalGuards": null,
      "activationKind": null,
      "fixedVariables": {
        "Crash": "FALSE",
        "VehiclesAy": "{(EgoVehicle↦1.0658224811777472),(Vehicles2↦-2.3212625086307526),(Vehicles3↦-0.8824271848425269),(Vehicles4↦-1.0744330007582903),(Vehicles5↦-0.12063801288604736)}",
        "Reward": "0.6842233321248584",
        "VehiclesAx": "{(EgoVehicle↦-4.316699504852295),(Vehicles2↦4.251681864261627),(Vehicles3↦-5.603906214237213),(Vehicles4↦14.124431312084198),(Vehicles5↦5.569400787353516)}",
        "VehiclesVx": "{(EgoVehicle↦20.658373832702637),(Vehicles2↦-4.036060869693756),(Vehicles3↦-8.147241473197937),(Vehicles4↦1.739247739315033),(Vehicles5↦-5.70143461227417)}",
        "VehiclesY": "{(EgoVehicle↦0.01741280732676387),(Vehicles2↦4.440000772476196),(Vehicles3↦7.9825873374938965),(Vehicles4↦-0.014609616715461016),(Vehicles5↦4.4607192277908325)}",
        "VehiclesVy": "{(EgoVehicle↦-0.050309435464441776),(Vehicles2↦-1.2051305919885635),(Vehicles3↦0.050309435464441776),(Vehicles4↦0.041698915883898735),(Vehicles5↦-1.2367699295282364)}",
        "VehiclesX": "{(EgoVehicle↦200.0),(Vehicles2↦3.515496850013733),(Vehicles3↦37.9926472902298),(Vehicles4↦41.63782298564911),(Vehicles5↦64.50622081756592)}"
      },
      "probabilisticVariables": null,
      "activating": [
        "LANE_LEFT_6"
      ],
      "activatingOnlyWhenExecuted": true,
      "updating": null,
      "withPredicate": null
    },
    {
      "id": "LANE_LEFT_6",
      "execute": "LANE_LEFT",
      "after": "1000",
      "priority": 0,
      "additionalGuards": null,
      "activationKind": null,
      "fixedVariables": {
        "Crash": "FALSE",
        "VehiclesAy": "{(EgoVehicle↦0.047216853708960116),(Vehicles2↦1.1025304067879915),(Vehicles3↦-0.047216853708960116),(Vehicles4↦-0.03901141986716539),(Vehicles5↦-1.3562135212123394)}",
        "Reward": "0.6689788643069262",
        "VehiclesAx": "{(EgoVehicle↦-0.5716657638549805),(Vehicles2↦1.5774770081043243),(Vehicles3↦2.797704339027405),(Vehicles4↦0.5183377861976624),(Vehicles5↦1.1561667919158936)}",
        "VehiclesVx": "{(EgoVehicle↦20.086708068847656),(Vehicles2↦-2.4585838615894318),(Vehicles3↦-5.349537134170532),(Vehicles4↦2.2575855255126953),(Vehicles5↦-4.545267820358276)}",
        "VehiclesY": "{(EgoVehicle↦0.0010657992388587445),(Vehicles2↦4.036849737167358),(Vehicles3↦7.998934507369995),(Vehicles4↦-0.0009337346709799021),(Vehicles5↦4.045260429382324)}",
        "VehiclesVy": "{(EgoVehicle↦-0.0030925817554816604),(Vehicles2↦-0.10260018520057201),(Vehicles3↦0.0030925817554816604),(Vehicles4↦0.0026874960167333484),(Vehicles5↦-0.11944359168410301)}",
        "VehiclesX": "{(EgoVehicle↦200.0),(Vehicles2↦0.2506439806893468),(Vehicles3↦31.047719717025757),(Vehicles4↦43.671706318855286),(Vehicles5↦59.67870354652405)}"
      },
      "probabilisticVariables": null,
      "activating": [
        "IDLE_7"
      ],
      "activatingOnlyWhenExecuted": true,
      "updating": null,
      "withPredicate": null
    },
    {
      "id": "IDLE_7",
      "execute": "IDLE",
      "after": "1000",
      "priority": 0,
      "additionalGuards": null,
      "activationKind": null,
      "fixedVariables": {
        "Crash": "FALSE",
        "VehiclesAy": "{(EgoVehicle↦0.0029004013777012005),(Vehicles2↦0.094614228582941),(Vehicles3↦-0.0029004013777012005),(Vehicles4↦-0.002514509833417833),(Vehicles5↦3.0381380952894688)}",
        "Reward": "0.666971154410128",
        "VehiclesAx": "{(EgoVehicle↦-0.07529020309448242),(Vehicles2↦0.4918302595615387),(Vehicles3↦0.3841865062713623),(Vehicles4↦0.01954883337020874),(Vehicles5↦0.09127169847488403)}",
        "VehiclesVx": "{(EgoVehicle↦20.011417865753174),(Vehicles2↦-1.966753602027893),(Vehicles3↦-4.96535062789917),(Vehicles4↦2.277134358882904),(Vehicles5↦-4.453996121883392)}",
        "VehiclesY": "{(EgoVehicle↦6.617611325054895E-05),(Vehicles2↦4.00286078453064),(Vehicles3↦7.99993371963501),(Vehicles4↦-5.9909483752562664E-05),(Vehicles5↦6.834946632385254)}",
        "VehiclesVy": "{(EgoVehicle↦-0.00019218037778045982),(Vehicles2↦-0.007985956617631018),(Vehicles3↦0.00019218037778045982),(Vehicles4↦0.00017298618331551552),(Vehicles5↦3.1575816869735718)}",
        "VehiclesX": "{(EgoVehicle↦200.0),(Vehicles2↦-1.9445326179265976),(Vehicles3↦26.434209942817688),(Vehicles4↦45.94840407371521),(Vehicles5↦54.69629764556885)}"
      },
      "probabilisticVariables": null,
      "activating": [
        "IDLE_8"
      ],
      "activatingOnlyWhenExecuted": true,
      "updating": null,
      "withPredicate": null
    },
    {
      "id": "IDLE_8",
      "execute": "IDLE",
      "after": "1000",
      "priority": 0,
      "additionalGuards": null,
      "activationKind": null,
      "fixedVariables": {
        "Crash": "FALSE",
        "VehiclesAy": "{(EgoVehicle↦0.00018022491076408187),(Vehicles2↦0.007386227152892388),(Vehicles3↦-0.00018022491076408187),(Vehicles4↦-0.00016194667182389821),(Vehicles5↦3.4395671263337135)}",
        "Reward": "0.6667067638212143",
        "VehiclesAx": "{(EgoVehicle↦-0.009913444519042969),(Vehicles2↦1.1712362617254257),(Vehicles3↦-0.47803521156311035),(Vehicles4↦-0.042897164821624756),(Vehicles5↦2.1145133674144745)}",
        "VehiclesVx": "{(EgoVehicle↦20.00150442123413),(Vehicles2↦-0.7955173403024673),(Vehicles3↦-5.44338583946228),(Vehicles4↦2.2342371940612793),(Vehicles5↦-2.339482754468918)}",
        "VehiclesY": "{(EgoVehicle↦4.116336413062527E-06),(Vehicles2↦4.000207543373108),(Vehicles3↦7.999995946884155),(Vehicles4↦-3.816893467956106E-06),(Vehicles5↦7.899740695953369)}",
        "VehiclesVy": "{(EgoVehicle↦-1.1955467016377952E-05),(Vehicles2↦-0.0005997294647386298),(Vehicles3↦1.1955467016377952E-05),(Vehicles4↦1.1039511491617304E-05),(Vehicles5↦0.28198543936014175)}",
        "VehiclesX": "{(EgoVehicle↦200.0),(Vehicles2↦-3.5084526985883713),(Vehicles3↦21.1410790681839),(Vehicles4↦48.2095867395401),(Vehicles5↦51.2704074382782)}"
      },
      "probabilisticVariables": null,
      "activating": [
        "FASTER_9"
      ],
      "activatingOnlyWhenExecuted": true,
      "updating": null,
      "withPredicate": null
    },
    {
      "id": "FASTER_9",
      "execute": "FASTER",
      "after": "1000",
      "priority": 0,
      "additionalGuards": null,
      "activationKind": null,
      "fixedVariables": {
        "Crash": "FALSE",
        "VehiclesAy": "{(EgoVehicle↦1.137038317722272E-05),(Vehicles2↦0.0005607955654340913),(Vehicles3↦-1.137038317722272E-05),(Vehicles4↦0.02112605740762774),(Vehicles5↦0.2819859804457536)}",
        "Reward": "0.7824469812439583",
        "VehiclesAx": "{(EgoVehicle↦4.34025764465332),(Vehicles2↦-3.35629902780056),(Vehicles3↦-3.8101541996002197),(Vehicles4↦-7.628715634346008),(Vehicles5↦0.18401682376861572)}",
        "VehiclesVx": "{(EgoVehicle↦24.34176206588745),(Vehicles2↦-4.151816368103027),(Vehicles3↦-9.2535400390625),(Vehicles4↦-5.394478440284729),(Vehicles5↦-2.155465930700302)}",
        "VehiclesY": "{(EgoVehicle↦1.7664708096276627E-07),(Vehicles2↦4.00001335144043),(Vehicles3↦7.999999523162842),(Vehicles4↦7.992638111114502),(Vehicles5↦-1.6224547039200843E-07)}",
        "VehiclesVy": "{(EgoVehicle↦-5.850838391552315E-07),(Vehicles2↦-3.89338993045385E-05),(Vehicles3↦5.850838391552315E-07),(Vehicles4↦0.021137096919119358),(Vehicles5↦5.410856118714946E-07)}",
        "VehiclesX": "{(EgoVehicle↦200.0),(Vehicles2↦-6.272546947002411),(Vehicles3↦13.472716510295868),(Vehicles4↦47.091683745384216),(Vehicles5↦48.0294793844223)}"
      },
      "probabilisticVariables": null,
      "activating": [
        "IDLE_10"
      ],
      "activatingOnlyWhenExecuted": true,
      "updating": null,
      "withPredicate": null
    },
    {
      "id": "IDLE_10",
      "execute": "IDLE",
      "after": "1000",
      "priority": 0,
      "additionalGuards": null,
      "activationKind": null,
      "fixedVariables": {
        "Crash": "FALSE",
        "VehiclesAy": "{(EgoVehicle↦5.660696000830967E-07),(Vehicles2↦3.895291353472885E-05),(Vehicles3↦0.001411470196686082),(Vehicles4↦-0.021137080031401467),(Vehicles5↦-3.385974203240494E-05)}",
        "Reward": "0.7976884913572291",
        "VehiclesAx": "{(EgoVehicle↦0.5715560913085938),(Vehicles2↦-4.837098717689514),(Vehicles3↦4.115243554115295),(Vehicles4↦2.620030641555786),(Vehicles5↦-3.460470587015152)}",
        "VehiclesVx": "{(EgoVehicle↦24.913318157196045),(Vehicles2↦-8.988915085792542),(Vehicles3↦-5.138296484947205),(Vehicles4↦-2.774447798728943),(Vehicles5↦-5.615936517715454)}",
        "VehiclesY": "{(EgoVehicle↦5.7085749460839E-09),(Vehicles2↦8.000000238418579),(Vehicles3↦7.999514579772949),(Vehicles4↦-5.011693726686417E-09),(Vehicles5↦4.000011920928955)}",
        "VehiclesVy": "{(EgoVehicle↦-1.9014239072134842E-08),(Vehicles2↦1.9014230190350645E-08),(Vehicles3↦0.0014120552805252373),(Vehicles4↦1.6887717890767817E-08),(Vehicles5↦-3.440082764427643E-05)}",
        "VehiclesX": "{(EgoVehicle↦200.0),(Vehicles2↦4.228642210364342),(Vehicles3↦41.74527823925018),(Vehicles4↦45.5396443605423),(Vehicles5↦78.40192317962646)}"
      },
      "probabilisticVariables": null,
      "activating": [
        "LANE_LEFT_11"
      ],
      "activatingOnlyWhenExecuted": true,
      "updating": null,
      "withPredicate": null
    },
    {
      "id": "LANE_LEFT_11",
      "execute": "LANE_LEFT",
      "after": "1000",
      "priority": 0,
      "additionalGuards": null,
      "activationKind": null,
      "fixedVariables": {
        "Crash": "FALSE",
        "VehiclesAy": "{(EgoVehicle↦1.841708119343366E-08),(Vehicles2↦-1.8417072311649463E-08),(Vehicles3↦-0.0013243431567389052),(Vehicles4↦-1.639394398011973E-08),(Vehicles5↦-3.668368236731112E-05)}",
        "Reward": "0.7996956038001289",
        "VehiclesAx": "{(EgoVehicle↦0.07526636123657227),(Vehicles2↦0.7785975933074951),(Vehicles3↦0.40968894958496094),(Vehicles4↦-0.12230038642883301),(Vehicles5↦0.1774519681930542)}",
        "VehiclesVx": "{(EgoVehicle↦24.988584518432617),(Vehicles2↦-8.210317492485046),(Vehicles3↦-4.728607535362244),(Vehicles4↦-2.896748185157776),(Vehicles5↦-5.4384845495224)}",
        "VehiclesY": "{(EgoVehicle↦1.7916601535716836E-10),(Vehicles2↦8.000000238418579),(Vehicles3↦7.999970197677612),(Vehicles4↦-1.4524248470593193E-10),(Vehicles5↦4.000000834465027)}",
        "VehiclesVy": "{(EgoVehicle↦-5.971578787011822E-10),(Vehicles2↦5.971578787011822E-10),(Vehicles3↦8.771212378633209E-05),(Vehicles4↦4.937739106480876E-10),(Vehicles5↦-2.2828547230346885E-06)}",
        "VehiclesX": "{(EgoVehicle↦200.0),(Vehicles2↦-4.454974457621574),(Vehicles3↦36.78203523159027),(Vehicles4↦42.70488917827606),(Vehicles5↦72.85043597221375)}"
      },
      "probabilisticVariables": null,
      "activating": [
        "LANE_LEFT_12"
      ],
      "activatingOnlyWhenExecuted": true,
      "updating": null,
      "withPredicate": null
    },
    {
      "id": "LANE_LEFT_12",
      "execute": "LANE_LEFT",
      "after": "1000",
      "priority": 0,
      "additionalGuards": null,
      "activationKind": null,
      "fixedVariables": {
        "Crash": "FALSE",
        "VehiclesAy": "{(EgoVehicle↦5.784883683190856E-10),(Vehicles2↦5.2257305860337055E-06),(Vehicles3↦-8.77121101794387E-05),(Vehicles4↦-1.4829585559539282E-07),(Vehicles5↦-2.2828327139734483E-06)}",
        "Reward": "0.7999599149037206",
        "VehiclesAx": "{(EgoVehicle↦0.009913444519042969),(Vehicles2↦3.7278953194618225),(Vehicles3↦1.7740002274513245),(Vehicles4↦-2.352728247642517),(Vehicles5↦-0.5879789590835571)}",
        "VehiclesVx": "{(EgoVehicle↦24.99849796295166),(Vehicles2↦-4.482422173023224),(Vehicles3↦-2.954607307910919),(Vehicles4↦-5.249476432800293),(Vehicles5↦-6.026463508605957)}",
        "VehiclesY": "{(EgoVehicle↦5.60085311462899E-12),(Vehicles2↦7.999998092651367),(Vehicles3↦-3.9395153805799055E-12),(Vehicles4↦4.0000001192092896),(Vehicles5↦8.000000238418579)}",
        "VehiclesVy": "{(EgoVehicle↦-1.8669510382096632E-11),(Vehicles2↦5.226327743912407E-06),(Vehicles3↦1.3606893389805919E-11),(Vehicles4↦-1.4780208168474473E-07),(Vehicles5↦2.2009061240169103E-11)}",
        "VehiclesX": "{(EgoVehicle↦200.0),(Vehicles2↦32.16472566127777),(Vehicles3↦39.78360593318939),(Vehicles4↦67.48979687690735),(Vehicles5↦109.30706262588501)}"
      },
      "probabilisticVariables": null,
      "activating": [
        "SLOWER_13"
      ],
      "activatingOnlyWhenExecuted": true,
      "updating": null,
      "withPredicate": null
    },
    {
      "id": "SLOWER_13",
      "execute": "SLOWER",
      "after": "1000",
      "priority": 0,
      "additionalGuards": null,
      "activationKind": null,
      "fixedVariables": {
        "Crash": "FALSE",
        "VehiclesAy": "{(EgoVehicle↦1.7905676941154525E-11),(Vehicles2↦-4.921394598511597E-06),(Vehicles3↦-1.3091749906379846E-11),(Vehicles4↦1.3841831680849737E-07),(Vehicles5↦2.3003821070233244E-11)}",
        "Reward": "0.6842196870106408",
        "VehiclesAx": "{(EgoVehicle↦-4.340260028839111),(Vehicles2↦4.455647792201489),(Vehicles3↦4.290556609630585),(Vehicles4↦4.498516544699669),(Vehicles5↦4.4097089767456055)}",
        "VehiclesVx": "{(EgoVehicle↦20.65823793411255),(Vehicles2↦-0.026774380821734667),(Vehicles3↦1.3359493017196655),(Vehicles4↦-0.7509598881006241),(Vehicles5↦-1.6167545318603516)}",
        "VehiclesY": "{(EgoVehicle↦2.611244553918368E-13),(Vehicles2↦8.000000238418579),(Vehicles3↦-1.7719159473017498E-13),(Vehicles4↦4.0000001192092896),(Vehicles5↦8.000000238418579)}",
        "VehiclesVy": "{(EgoVehicle↦-7.638334409421077E-13),(Vehicles2↦3.0493314540080974E-07),(Vehicles3↦5.151434834260726E-13),(Vehicles4↦-9.383764876247369E-09),(Vehicles5↦9.947598300641403E-13)}",
        "VehiclesX": "{(EgoVehicle↦200.0),(Vehicles2↦30.131307244300842),(Vehicles3↦39.203622937202454),(Vehicles4↦64.70075845718384),(Vehicles5↦105.70253133773804)}"
      },
      "probabilisticVariables": null,
      "activating": [
        "LANE_RIGHT_14"
      ],
      "activatingOnlyWhenExecuted": true,
      "updating": null,
      "withPredicate": null
    },
    {
      "id": "LANE_RIGHT_14",
      "execute": "LANE_RIGHT",
      "after": "1000",
      "priority": 0,
      "additionalGuards": null,
      "activationKind": null,
      "fixedVariables": {
        "Crash": "FALSE",
        "VehiclesAy": "{(EgoVehicle↦1.1575469374664316),(Vehicles2↦-1.1575472423988131),(Vehicles3↦-1.1575469374661829),(Vehicles4↦-1.1575469280819028),(Vehicles5↦-1.157546937464673)}",
        "Reward": "0.701421347411537",
        "VehiclesAx": "{(EgoVehicle↦-0.6049370765686035),(Vehicles2↦0.6385454651899636),(Vehicles3↦0.5530545115470886),(Vehicles4↦0.7329770864453167),(Vehicles5↦0.6750264763832092)}",
        "VehiclesVx": "{(EgoVehicle↦20.053300857543945),(Vehicles2↦0.6117710843682289),(Vehicles3↦1.8890038132667542),(Vehicles4↦-0.017982801655307412),(Vehicles5↦-0.9417280554771423)}",
        "VehiclesY": "{(EgoVehicle↦3.5990402698516846),(Vehicles2↦4.400959610939026),(Vehicles3↦-3.5990402698516846),(Vehicles4↦0.4009595811367035),(Vehicles5↦4.400959610939026)}",
        "VehiclesVy": "{(EgoVehicle↦1.1575469374656677),(Vehicles2↦-1.1575469374656677),(Vehicles3↦-1.1575469374656677),(Vehicles4↦-1.1575469374656677),(Vehicles5↦-1.1575469374656677)}",
        "VehiclesX": "{(EgoVehicle↦200.0),(Vehicles2↦30.814620852470398),(Vehicles3↦41.210827231407166),(Vehicles4↦64.6949052810669),(Vehicles5↦104.80570793151855)}"
      },
      "probabilisticVariables": null,
      "activating": [
        "LANE_RIGHT_15"
      ],
      "activatingOnlyWhenExecuted": true,
      "updating": null,
      "withPredicate": null
    },
    {
      "id": "LANE_RIGHT_15",
      "execute": "LANE_RIGHT",
      "after": "1000",
      "priority": 0,
      "additionalGuards": null,
      "activationKind": null,
      "fixedVariables": {
        "Crash": "FALSE",
        "VehiclesAy": "{(EgoVehicle↦0.06187155842781067),(Vehicles2↦-0.06187155842781067),(Vehicles3↦-0.06187155842781067),(Vehicles4↦-0.06187155842781067),(Vehicles5↦-2.376965433359146)}",
        "Reward": "0.7333333333333334",
        "VehiclesAx": "{(EgoVehicle↦-0.07907390594482422),(Vehicles2↦0.06718296557664871),(Vehicles3↦0.024882107973098755),(Vehicles4↦0.18474719137884676),(Vehicles5↦0.14737479388713837)}",
        "VehiclesVx": "{(EgoVehicle↦19.97422695159912),(Vehicles2↦0.6789540499448776),(Vehicles3↦1.913885921239853),(Vehicles4↦0.16676438972353935),(Vehicles5↦-0.794353261590004)}",
        "VehiclesY": "{(EgoVehicle↦7.5783233642578125),(Vehicles2↦0.421676829457283),(Vehicles3↦-7.5783233642578125),(Vehicles4↦-3.578323245048523),(Vehicles5↦0.421676829457283)}",
        "VehiclesVy": "{(EgoVehicle↦1.2194184958934784),(Vehicles2↦-1.2194184958934784),(Vehicles3↦-1.2194184958934784),(Vehicles4↦-1.2194184958934784),(Vehicles5↦-1.2194184958934784)}",
        "VehiclesX": "{(EgoVehicle↦200.0),(Vehicles2↦31.906965374946594),(Vehicles3↦43.56105327606201),(Vehicles4↦65.20344018936157),(Vehicles5↦104.37421798706055)}"
      },
      "probabilisticVariables": null,
      "activating": [
        "SLOWER_16"
      ],
      "activatingOnlyWhenExecuted": true,
      "updating": null,
      "withPredicate": null
    },
    {
      "id": "SLOWER_16",
      "execute": "SLOWER",
      "after": "1000",
      "priority": 0,
      "additionalGuards": null,
      "activationKind": null,
      "fixedVariables": {
        "Crash": "FALSE",
        "VehiclesAy": "{(EgoVehicle↦-1.1430536536499858),(Vehicles2↦1.1430536536499858),(Vehicles3↦1.1430536536499858),(Vehicles4↦1.1430536536499858),(Vehicles5↦-1.295783338136971)}",
        "Reward": "0.7333695309851508",
        "VehiclesAx": "{(EgoVehicle↦0.027129650115966797),(Vehicles2↦-0.06315622478723526),(Vehicles3↦-0.08356288075447083),(Vehicles4↦0.06189461797475815),(Vehicles5↦0.03818042576313019)}",
        "VehiclesVx": "{(EgoVehicle↦20.001356601715088),(Vehicles2↦0.6157978251576424),(Vehicles3↦1.830323040485382),(Vehicles4↦0.2286590076982975),(Vehicles5↦-0.7561728358268738)}",
        "VehiclesY": "{(EgoVehicle↦7.9737067222595215),(Vehicles2↦0.02629362791776657),(Vehicles3↦-7.9737067222595215),(Vehicles4↦-3.9737062454223633),(Vehicles5↦0.02629362791776657)}",
        "VehiclesVy": "{(EgoVehicle↦0.0763648422434926),(Vehicles2↦-0.0763648422434926),(Vehicles3↦-0.0763648422434926),(Vehicles4↦-0.0763648422434926),(Vehicles5↦-0.0763648422434926)}",
        "VehiclesX": "{(EgoVehicle↦200.0),(Vehicles2↦32.54711031913757),(Vehicles3↦45.42680382728577),(Vehicles4↦65.38122892379761),(Vehicles5↦103.58052253723145)}"
      },
      "probabilisticVariables": null,
      "activating": [
        "SLOWER_17"
      ],
      "activatingOnlyWhenExecuted": true,
      "updating": null,
      "withPredicate": null
    },
    {
      "id": "SLOWER_17",
      "execute": "SLOWER",
      "after": "1000",
      "priority": 0,
      "additionalGuards": null,
      "activationKind": null,
      "fixedVariables": {
        "Crash": "FALSE",
        "VehiclesAy": "{(EgoVehicle↦-0.07161331450333819),(Vehicles2↦0.07161331450333819),(Vehicles3↦0.07161331450333819),(Vehicles4↦0.07161331450333819),(Vehicles5↦-0.08111636998364702)}",
        "Reward": "0.7333385969784217",
        "VehiclesAx": "{(EgoVehicle↦-0.0011587142944335938),(Vehicles2↦-0.046703219413757324),(Vehicles3↦-0.05733415484428406),(Vehicles4↦0.07763005793094635),(Vehicles5↦0.0629715621471405)}",
        "VehiclesVx": "{(EgoVehicle↦20.000197887420654),(Vehicles2↦0.569094605743885),(Vehicles3↦1.772988885641098),(Vehicles4↦0.30628906562924385),(Vehicles5↦-0.6932012736797333)}",
        "VehiclesY": "{(EgoVehicle↦7.998363733291626),(Vehicles2↦0.0016359552391804755),(Vehicles3↦-7.998363733291626),(Vehicles4↦-3.998363971710205),(Vehicles5↦0.0016359552391804755)}",
        "VehiclesVy": "{(EgoVehicle↦0.004751527740154415),(Vehicles2↦-0.004751527740154415),(Vehicles3↦-0.004751527740154415),(Vehicles4↦-0.004751527740154415),(Vehicles5↦-0.004751527740154415)}",
        "VehiclesX": "{(EgoVehicle↦200.0),(Vehicles2↦33.14497172832489),(Vehicles3↦47.23448157310486),(Vehicles4↦65.64194560050964),(Vehicles5↦102.84996032714844)}"
      },
      "probabilisticVariables": null,
      "activating": [
        "SLOWER_18"
      ],
      "activatingOnlyWhenExecuted": true,
      "updating": null,
      "withPredicate": null
    },
    {
      "id": "SLOWER_18",
      "execute": "SLOWER",
      "after": "1000",
      "priority": 0,
      "additionalGuards": null,
      "activationKind": null,
      "fixedVariables": {
        "Crash": "FALSE",
        "VehiclesAy": "{(EgoVehicle↦-0.0044558890112966765),(Vehicles2↦0.0044558890112966765),(Vehicles3↦0.0044558890112966765),(Vehicles4↦0.0044558890112966765),(Vehicles5↦-0.005047166469012154)}",
        "Reward": "0.7333340284120244",
        "VehiclesAx": "{(EgoVehicle↦-0.000171661376953125),(Vehicles2↦-0.05251564085483551),(Vehicles3↦-0.06014570593833923),(Vehicles4↦0.06700167432427406),(Vehicles5↦0.058359503746032715)}",
        "VehiclesVx": "{(EgoVehicle↦20.0000262260437),(Vehicles2↦0.5165789648890495),(Vehicles3↦1.7128431797027588),(Vehicles4↦0.3732907399535179),(Vehicles5↦-0.6348417699337006)}",
        "VehiclesY": "{(EgoVehicle↦7.9998979568481445),(Vehicles2↦0.00010178845695918426),(Vehicles3↦-7.9998979568481445),(Vehicles4↦-3.9998981952667236),(Vehicles5↦0.00010178845695918426)}",
        "VehiclesVy": "{(EgoVehicle↦0.0002956387288577389),(Vehicles2↦-0.0002956387288577389),(Vehicles3↦-0.0002956387288577389),(Vehicles4↦-0.0002956387288577389),(Vehicles5↦-0.0002956387288577389)}",
        "VehiclesX": "{(EgoVehicle↦200.0),(Vehicles2↦33.69327783584595),(Vehicles3↦48.98357391357422),(Vehicles4↦65.97573757171631),(Vehicles5↦102.18040943145752)}"
      },
      "probabilisticVariables": null,
      "activating": [
        "SLOWER_19"
      ],
      "activatingOnlyWhenExecuted": true,
      "updating": null,
      "withPredicate": null
    },
    {
      "id": "SLOWER_19",
      "execute": "SLOWER",
      "after": "1000",
      "priority": 0,
      "additionalGuards": null,
      "activationKind": null,
      "fixedVariables": {
        "Crash": "FALSE",
        "VehiclesAy": "{(EgoVehicle↦-0.0002772441303022788),(Vehicles2↦0.0002772441303022788),(Vehicles3↦0.0002772441303022788),(Vehicles4↦0.0002772441303022788),(Vehicles5↦-0.000314033327413199)}",
        "Reward": "0.7333334248737772",
        "VehiclesAx": "{(EgoVehicle↦-2.384185791015625E-05),(Vehicles2↦-0.05349550396203995),(Vehicles3↦-0.06185084581375122),(Vehicles4↦0.05929633975028992),(Vehicles5↦0.0546688586473465)}",
        "VehiclesVx": "{(EgoVehicle↦20.00000238418579),(Vehicles2↦0.4630834609270096),(Vehicles3↦1.6509923338890076),(Vehicles4↦0.43258707970380783),(Vehicles5↦-0.5801729112863541)}",
        "VehiclesY": "{(EgoVehicle↦7.999993801116943),(Vehicles2↦6.333261808322277E-06),(Vehicles3↦-7.999993801116943),(Vehicles4↦-3.999993681907654),(Vehicles5↦6.333261808322277E-06)}",
        "VehiclesVy": "{(EgoVehicle↦1.8394598555460107E-05),(Vehicles2↦-1.8394598555460107E-05),(Vehicles3↦-1.8394598555460107E-05),(Vehicles4↦-1.8394598555460107E-05),(Vehicles5↦-1.8394598555460107E-05)}",
        "VehiclesX": "{(EgoVehicle↦200.0),(Vehicles2↦34.188419580459595),(Vehicles3↦50.67179203033447),(Vehicles4↦66.37328863143921),(Vehicles5↦101.56772136688232)}"
      },
      "probabilisticVariables": null,
      "activating": [
        "SLOWER_20"
      ],
      "activatingOnlyWhenExecuted": true,
      "updating": null,
      "withPredicate": null
    },
    {
      "id": "SLOWER_20",
      "execute": "SLOWER",
      "after": "1000",
      "priority": 0,
      "additionalGuards": null,
      "activationKind": null,
      "fixedVariables": {
        "Crash": "FALSE",
        "VehiclesAy": "{(EgoVehicle↦-1.7250088859555035E-05),(Vehicles2↦1.725008893060931E-05),(Vehicles3↦1.725008893060931E-05),(Vehicles4↦1.7250088859555035E-05),(Vehicles5↦-1.9539108251365178E-05)}",
        "Reward": "0.7333333453880709",
        "VehiclesAx": "{(EgoVehicle↦-2.384185791015625E-06),(Vehicles2↦-0.052072443068027496),(Vehicles3↦-0.06314873695373535),(Vehicles4↦0.05322355777025223),(Vehicles5↦0.05129091441631317)}",
        "VehiclesVx": "{(EgoVehicle↦20.0),(Vehicles2↦0.4110110178589821),(Vehicles3↦1.5878435969352722),(Vehicles4↦0.48581063747406006),(Vehicles5↦-0.5288819968700409)}",
        "VehiclesY": "{(EgoVehicle↦7.999999523162842),(Vehicles2↦3.9405475149578706E-07),(Vehicles3↦-7.999999523162842),(Vehicles4↦-3.999999761581421),(Vehicles5↦3.9405475149578706E-07)}",
        "VehiclesVy": "{(EgoVehicle↦1.1445096959050716E-06),(Vehicles2↦-1.144509624850798E-06),(Vehicles3↦-1.144509624850798E-06),(Vehicles4↦-1.1445096959050716E-06),(Vehicles5↦-1.1445096959050716E-06)}",
        "VehiclesX": "{(EgoVehicle↦200.0),(Vehicles2↦34.63049829006195),(Vehicles3↦52.29761600494385),(Vehicles4↦66.82760119438171),(Vehicles5↦101.00831985473633)}"
      },
      "probabilisticVariables": null,
      "activating": [
        "SLOWER_21"
      ],
      "activatingOnlyWhenExecuted": true,
      "updating": null,
      "withPredicate": null
    },
    {
      "id": "SLOWER_21",
      "execute": "SLOWER",
      "after": "1000",
      "priority": 0,
      "additionalGuards": null,
      "activationKind": null,
      "fixedVariables": {
        "Crash": "FALSE",
        "VehiclesAy": "{(EgoVehicle↦-1.0732984456751637E-06),(Vehicles2↦1.0732983746208902E-06),(Vehicles3↦1.0732983746208902E-06),(Vehicles4↦1.0732984456751637E-06),(Vehicles5↦-1.2157209461349794E-06)}",
        "Reward": "0.7333333349207886",
        "VehiclesAx": "{(EgoVehicle↦0.0),(Vehicles2↦-0.049341991543769836),(Vehicles3↦-0.06414815783500671),(Vehicles4↦0.04826955497264862),(Vehicles5↦0.048157162964344025)}",
        "VehiclesVx": "{(EgoVehicle↦20.0),(Vehicles2↦0.36166902631521225),(Vehicles3↦1.5236954391002655),(Vehicles4↦0.5340801924467087),(Vehicles5↦-0.48072483390569687)}",
        "VehiclesY": "{(EgoVehicle↦8.000000238418579),(Vehicles2↦2.451803826630794E-08),(Vehicles3↦-8.000000238418579),(Vehicles4↦-4.0000001192092896),(Vehicles5↦2.451803826630794E-08)}",
        "VehiclesVy": "{(EgoVehicle↦7.121125022990782E-08),(Vehicles2↦-7.121125022990782E-08),(Vehicles3↦-7.121125022990782E-08),(Vehicles4↦-7.121125022990782E-08),(Vehicles5↦-7.121125022990782E-08)}",
        "VehiclesX": "{(EgoVehicle↦200.0),(Vehicles2↦35.02151668071747),(Vehicles3↦53.85987162590027),(Vehicles4↦67.33307838439941),(Vehicles5↦100.49893856048584)}"
      },
      "probabilisticVariables": null,
      "activating": [
        "SLOWER_22"
      ],
      "activatingOnlyWhenExecuted": true,
      "updating": null,
      "withPredicate": null
    },
    {
      "id": "SLOWER_22",
      "execute": "SLOWER",
      "after": "1000",
      "priority": 0,
      "additionalGuards": null,
      "activationKind": null,
      "fixedVariables": {
        "Crash": "FALSE",
        "VehiclesAy": "{(EgoVehicle↦-6.678048336539177E-08),(Vehicles2↦6.678049224717597E-08),(Vehicles3↦6.678049224717597E-08),(Vehicles4↦6.678049224717597E-08),(Vehicles5↦-7.564200821263967E-08)}",
        "Reward": "0.733333333542381",
        "VehiclesAx": "{(EgoVehicle↦0.0),(Vehicles2↦-0.04589144140481949),(Vehicles3↦-0.06486251950263977),(Vehicles4↦0.04414081573486328),(Vehicles5↦0.045264437794685364)}",
        "VehiclesVx": "{(EgoVehicle↦20.0),(Vehicles2↦0.31577758491039276),(Vehicles3↦1.4588329195976257),(Vehicles4↦0.578221008181572),(Vehicles5↦-0.4354603961110115)}",
        "VehiclesY": "{(EgoVehicle↦8.000000238418579),(Vehicles2↦1.5255077201459244E-09),(Vehicles3↦-8.000000238418579),(Vehicles4↦-4.0000001192092896),(Vehicles5↦1.5255077201459244E-09)}",
        "VehiclesVy": "{(EgoVehicle↦4.430766864516045E-09),(Vehicles2↦-4.430757982731848E-09),(Vehicles3↦-4.430757982731848E-09),(Vehicles4↦-4.430757982731848E-09),(Vehicles5↦-4.430757982731848E-09)}",
        "VehiclesX": "{(EgoVehicle↦200.0),(Vehicles2↦35.364535450935364),(Vehicles3↦55.357664823532104),(Vehicles4↦67.88511872291565),(Vehicles5↦100.03654956817627)}"
      },
      "probabilisticVariables": null,
      "activating": [
        "SLOWER_23"
      ],
      "activatingOnlyWhenExecuted": true,
      "updating": null,
      "withPredicate": null
    },
    {
      "id": "SLOWER_23",
      "execute": "SLOWER",
      "after": "1000",
      "priority": 0,
      "additionalGuards": null,
      "activationKind": null,
      "fixedVariables": {
        "Crash": "FALSE",
        "VehiclesAy": "{(EgoVehicle↦-4.15509404660952E-09),(Vehicles2↦4.155085164825323E-09),(Vehicles3↦4.155085164825323E-09),(Vehicles4↦4.155085164825323E-09),(Vehicles5↦-4.706448564206767E-09)}",
        "Reward": "0.7333333333608624",
        "VehiclesAx": "{(EgoVehicle↦0.0),(Vehicles2↦-0.04206463694572449),(Vehicles3↦-0.06529316306114197),(Vehicles4↦0.040640123188495636),(Vehicles5↦0.042605213820934296)}",
        "VehiclesVx": "{(EgoVehicle↦20.0),(Vehicles2↦0.2737129479646683),(Vehicles3↦1.3935397565364838),(Vehicles4↦0.6188611313700676),(Vehicles5↦-0.3928551822900772)}",
        "VehiclesY": "{(EgoVehicle↦8.000000238418579),(Vehicles2↦9.491873953493268E-11),(Vehicles3↦-8.000000238418579),(Vehicles4↦-4.0000001192092896),(Vehicles5↦9.491873953493268E-11)}",
        "VehiclesVy": "{(EgoVehicle↦2.7567281790652487E-10),(Vehicles2↦-2.7567281790652487E-10),(Vehicles3↦-2.7567281790652487E-10),(Vehicles4↦-2.7567281790652487E-10),(Vehicles5↦-2.7569058147491887E-10)}",
        "VehiclesX": "{(EgoVehicle↦200.0),(Vehicles2↦35.6631726026535),(Vehicles3↦56.79040551185608),(Vehicles4↦68.4798538684845),(Vehicles5↦99.61833357810974)}"
      },
      "probabilisticVariables": null,
      "activating": [
        "SLOWER_24"
      ],
      "activatingOnlyWhenExecuted": true,
      "updating": null,
      "withPredicate": null
    },
    {
      "id": "SLOWER_24",
      "execute": "SLOWER",
      "after": "1000",
      "priority": 0,
      "additionalGuards": null,
      "activationKind": null,
      "fixedVariables": {
        "Crash": "FALSE",
        "VehiclesAy": "{(EgoVehicle↦-2.5851321083791845E-10),(Vehicles2↦2.5852209262211545E-10),(Vehicles3↦2.5852209262211545E-10),(Vehicles4↦2.5852209262211545E-10),(Vehicles5↦-2.928413067593283E-10)}",
        "Reward": "0.7333333333369585",
        "VehiclesAx": "{(EgoVehicle↦0.0),(Vehicles2↦-0.03807364031672478),(Vehicles3↦-0.06544023752212524),(Vehicles4↦0.0376288965344429),(Vehicles5↦0.04016544669866562)}",
        "VehiclesVx": "{(EgoVehicle↦20.0),(Vehicles2↦0.2356393076479435),(Vehicles3↦1.3280995190143585),(Vehicles4↦0.6564900279045105),(Vehicles5↦-0.3526897355914116)}",
        "VehiclesY": "{(EgoVehicle↦8.000000238418579),(Vehicles2↦5.9046101341664325E-12),(Vehicles3↦-8.000000238418579),(Vehicles4↦-4.0000001192092896),(Vehicles5↦5.9046101341664325E-12)}",
        "VehiclesVy": "{(EgoVehicle↦1.715960706860642E-11),(Vehicles2↦-1.7150725284409418E-11),(Vehicles3↦-1.7150725284409418E-11),(Vehicles4↦-1.7150725284409418E-11),(Vehicles5↦-1.7150725284409418E-11)}",
        "VehiclesX": "{(EgoVehicle↦200.0),(Vehicles2↦35.921332240104675),(Vehicles3↦58.157771825790405),(Vehicles4↦69.11399364471436),(Vehicles5↦99.24172759056091)}"
      },
      "probabilisticVariables": null,
      "activating": [
        "SLOWER_25"
      ],
      "activatingOnlyWhenExecuted": true,
      "updating": null,
      "withPredicate": null
    },
    {
      "id": "SLOWER_25",
      "execute": "SLOWER",
      "after": "1000",
      "priority": 0,
      "additionalGuards": null,
      "activationKind": null,
      "fixedVariables": {
        "Crash": "FALSE",
        "VehiclesAy": "{(EgoVehicle↦-1.609379296496627E-11),(Vehicles2↦1.6084911180769268E-11),(Vehicles3↦1.6084911180769268E-11),(Vehicles4↦1.6084911180769268E-11),(Vehicles5↦-1.821653938804957E-11)}",
        "Reward": "0.7333333333338108",
        "VehiclesAx": "{(EgoVehicle↦0.0),(Vehicles2↦-0.03405492752790451),(Vehicles3↦-0.06530359387397766),(Vehicles4↦0.03500744700431824),(Vehicles5↦0.0379277765750885)}",
        "VehiclesVx": "{(EgoVehicle↦20.0),(Vehicles2↦0.201584380120039),(Vehicles3↦1.2627959251403809),(Vehicles4↦0.6914974749088287),(Vehicles5↦-0.3147619590163231)}",
        "VehiclesY": "{(EgoVehicle↦8.000000238418579),(Vehicles2↦3.6504133049675147E-13),(Vehicles3↦-8.000000238418579),(Vehicles4↦-4.0000001192092896),(Vehicles5↦3.6504133049675147E-13)}",
        "VehiclesVy": "{(EgoVehicle↦1.0658141036401503E-12),(Vehicles2↦-1.0658141036401503E-12),(Vehicles3↦-1.0658141036401503E-12),(Vehicles4↦-1.0658141036401503E-12),(Vehicles5↦-1.0658141036401503E-12)}",
        "VehiclesX": "{(EgoVehicle↦200.0),(Vehicles2↦36.14303171634674),(Vehicles3↦59.45972800254822),(Vehicles4↦69.78468298912048),(Vehicles5↦98.90438318252563)}"
      },
      "probabilisticVariables": null,
      "activating": [
        "SLOWER_26"
      ],
      "activatingOnlyWhenExecuted": true,
      "updating": null,
      "withPredicate": null
    },
    {
      "id": "SLOWER_26",
      "execute": "SLOWER",
      "after": "1000",
      "priority": 0,
      "additionalGuards": null,
      "activationKind": null,
      "fixedVariables": {
        "Crash": "FALSE",
        "VehiclesAy": "{(EgoVehicle↦-1.0125233984581428E-12),(Vehicles2↦1.0125233984581428E-12),(Vehicles3↦1.0125233984581428E-12),(Vehicles4↦1.0125233984581428E-12),(Vehicles5↦-1.1368683772161603E-12)}",
        "Reward": "0.7333333333333961",
        "VehiclesAx": "{(EgoVehicle↦0.0),(Vehicles2↦-0.030099712312221527),(Vehicles3↦-0.06488524377346039),(Vehicles4↦0.03270238637924194),(Vehicles5↦0.035874154418706894)}",
        "VehiclesVx": "{(EgoVehicle↦20.0),(Vehicles2↦0.17148466780781746),(Vehicles3↦1.1979106813669205),(Vehicles4↦0.7241998612880707),(Vehicles5↦-0.2788878045976162)}",
        "VehiclesY": "{(EgoVehicle↦8.000000238418579),(Vehicles2↦2.1316282072803006E-14),(Vehicles3↦-8.000000238418579),(Vehicles4↦-4.0000001192092896),(Vehicles5↦2.1316282072803006E-14)}",
        "VehiclesVy": "{(EgoVehicle↦5.3290705182007514E-14),(Vehicles2↦-5.3290705182007514E-14),(Vehicles3↦-5.3290705182007514E-14),(Vehicles4↦-5.3290705182007514E-14),(Vehicles5↦-7.105427357601002E-14)}",
        "VehiclesX": "{(EgoVehicle↦200.0),(Vehicles2↦36.33226156234741),(Vehicles3↦60.69652438163757),(Vehicles4↦70.48943042755127),(Vehicles5↦98.6041247844696)}"
      },
      "probabilisticVariables": null,
      "activating": [
        "SLOWER_27"
      ],
      "activatingOnlyWhenExecuted": true,
      "updating": null,
      "withPredicate": null
    },
    {
      "id": "SLOWER_27",
      "execute": "SLOWER",
      "after": "1000",
      "priority": 0,
      "additionalGuards": null,
      "activationKind": null,
      "fixedVariables": {
        "Crash": "FALSE",
        "VehiclesAy": "{(EgoVehicle↦-5.3290705182007514E-14),(Vehicles2↦5.3290705182007514E-14),(Vehicles3↦5.3290705182007514E-14),(Vehicles4↦5.3290705182007514E-14),(Vehicles5↦-7.105427357601002E-14)}",
        "Reward": "0.7333333333333415",
        "VehiclesAx": "{(EgoVehicle↦0.0),(Vehicles2↦-0.026270737871527672),(Vehicles3↦-0.06418772041797638),(Vehicles4↦0.030658766627311707),(Vehicles5↦0.03398703411221504)}",
        "VehiclesVx": "{(EgoVehicle↦20.0),(Vehicles2↦0.1452139299362898),(Vehicles3↦1.133722960948944),(Vehicles4↦0.7548586279153824),(Vehicles5↦-0.24490077048540115)}",
        "VehiclesY": "{(EgoVehicle↦8.000000238418579),(Vehicles2↦0.0),(Vehicles3↦-8.000000238418579),(Vehicles4↦-4.0000001192092896),(Vehicles5↦0.0)}",
        "VehiclesVy": "{(EgoVehicle↦0.0),(Vehicles2↦0.0),(Vehicles3↦0.0),(Vehicles4↦0.0),(Vehicles5↦0.0)}",
        "VehiclesX": "{(EgoVehicle↦200.0),(Vehicles2↦36.49293780326843),(Vehicles3↦61.86869144439697),(Vehicles4↦71.22604846954346),(Vehicles5↦98.33897948265076)}"
      },
      "probabilisticVariables": null,
      "activating": [
        "SLOWER_28"
      ],
      "activatingOnlyWhenExecuted": true,
      "updating": null,
      "withPredicate": null
    },
    {
      "id": "SLOWER_28",
      "execute": "SLOWER",
      "after": "1000",
      "priority": 0,
      "additionalGuards": null,
      "activationKind": null,
      "fixedVariables": {
        "Crash": "FALSE",
        "VehiclesAy": "{(EgoVehicle↦0.0),(Vehicles2↦0.0),(Vehicles3↦0.0),(Vehicles4↦0.0),(Vehicles5↦0.0)}",
        "Reward": "0.7333333333333344",
        "VehiclesAx": "{(EgoVehicle↦0.0),(Vehicles2↦-0.02261148765683174),(Vehicles3↦-0.06321750581264496),(Vehicles4↦0.028834417462348938),(Vehicles5↦0.03225017338991165)}",
        "VehiclesVx": "{(EgoVehicle↦20.0),(Vehicles2↦0.12260244227945805),(Vehicles3↦1.0705054551362991),(Vehicles4↦0.7836930453777313),(Vehicles5↦-0.2126505970954895)}",
        "VehiclesY": "{(EgoVehicle↦8.000000238418579),(Vehicles2↦0.0),(Vehicles3↦-8.000000238418579),(Vehicles4↦-4.0000001192092896),(Vehicles5↦0.0)}",
        "VehiclesVy": "{(EgoVehicle↦0.0),(Vehicles2↦0.0),(Vehicles3↦0.0),(Vehicles4↦0.0),(Vehicles5↦0.0)}",
        "VehiclesX": "{(EgoVehicle↦200.0),(Vehicles2↦36.62882447242737),(Vehicles3↦62.97703981399536),(Vehicles4↦71.99258208274841),(Vehicles5↦98.10711145401001)}"
      },
      "probabilisticVariables": null,
      "activating": [
        "SLOWER_29"
      ],
      "activatingOnlyWhenExecuted": true,
      "updating": null,
      "withPredicate": null
    },
    {
      "id": "SLOWER_29",
      "execute": "SLOWER",
      "after": "1000",
      "priority": 0,
      "additionalGuards": null,
      "activationKind": null,
      "fixedVariables": {
        "Crash": "FALSE",
        "VehiclesAy": "{(EgoVehicle↦0.0),(Vehicles2↦0.0),(Vehicles3↦0.0),(Vehicles4↦0.0),(Vehicles5↦0.0)}",
        "Reward": "0.7333333333333334",
        "VehiclesAx": "{(EgoVehicle↦0.0),(Vehicles2↦-0.01915164291858673),(Vehicles3↦-0.06198324263095856),(Vehicles4↦0.027196332812309265),(Vehicles5↦0.03064872696995735)}",
        "VehiclesVx": "{(EgoVehicle↦20.0),(Vehicles2↦0.10345079936087132),(Vehicles3↦1.0085222125053406),(Vehicles4↦0.8108893781900406),(Vehicles5↦-0.18200187012553215)}",
        "VehiclesY": "{(EgoVehicle↦8.000000238418579),(Vehicles2↦0.0),(Vehicles3↦-8.000000238418579),(Vehicles4↦-4.0000001192092896),(Vehicles5↦0.0)}",
        "VehiclesVy": "{(EgoVehicle↦0.0),(Vehicles2↦0.0),(Vehicles3↦0.0),(Vehicles4↦0.0),(Vehicles5↦0.0)}",
        "VehiclesX": "{(EgoVehicle↦200.0),(Vehicles2↦36.74349784851074),(Vehicles3↦64.0226423740387),(Vehicles4↦72.78727889060974),(Vehicles5↦97.90684580802917)}"
      },
      "probabilisticVariables": null,
      "activating": [
        "SLOWER_30"
      ],
      "activatingOnlyWhenExecuted": true,
      "updating": null,
      "withPredicate": null
    },
    {
      "id": "SLOWER_30",
      "execute": "SLOWER",
      "after": "1000",
      "priority": 0,
      "additionalGuards": null,
      "activationKind": null,
      "fixedVariables": {
        "Crash": "FALSE",
        "VehiclesAy": "{(EgoVehicle↦0.0),(Vehicles2↦0.0),(Vehicles3↦0.0),(Vehicles4↦0.0),(Vehicles5↦0.0)}",
        "Reward": "0.7333333333333334",
        "VehiclesAx": "{(EgoVehicle↦0.0),(Vehicles2↦1.6900611575692892),(Vehicles3↦-0.920981839299202),(Vehicles4↦0.137135311961174),(Vehicles5↦1.0186093859374523)}",
        "VehiclesVx": "{(EgoVehicle↦20.0),(Vehicles2↦1.7935119569301605),(Vehicles3↦0.08754037320613861),(Vehicles4↦0.9480246901512146),(Vehicles5↦0.8366075158119202)}",
        "VehiclesY": "{(EgoVehicle↦8.000000238418579),(Vehicles2↦-4.0000001192092896),(Vehicles3↦0.0),(Vehicles4↦-8.000000238418579),(Vehicles5↦-4.0000001192092896)}",
        "VehiclesVy": "{(EgoVehicle↦0.0),(Vehicles2↦0.0),(Vehicles3↦0.0),(Vehicles4↦0.0),(Vehicles5↦0.0)}",
        "VehiclesX": "{(EgoVehicle↦200.0),(Vehicles2↦-8.492670953273773),(Vehicles3↦36.84033453464508),(Vehicles4↦65.00683426856995),(Vehicles5↦73.60856533050537)}"
      },
      "probabilisticVariables": null,
      "activating": [
        "FASTER_31"
      ],
      "activatingOnlyWhenExecuted": true,
      "updating": null,
      "withPredicate": null
    },
    {
      "id": "FASTER_31",
      "execute": "FASTER",
      "after": "1000",
      "priority": 0,
      "additionalGuards": null,
      "activationKind": null,
      "fixedVariables": {
        "Crash": "FALSE",
        "VehiclesAy": "{(EgoVehicle↦0.0),(Vehicles2↦0.0),(Vehicles3↦0.0),(Vehicles4↦0.0),(Vehicles5↦0.0)}",
        "Reward": "0.8491083676268861",
        "VehiclesAx": "{(EgoVehicle↦4.341564178466797),(Vehicles2↦-4.374207109212875),(Vehicles3↦-4.354462549090385),(Vehicles4↦-4.400339722633362),(Vehicles5↦-4.317185282707214)}",
        "VehiclesVx": "{(EgoVehicle↦24.341564178466797),(Vehicles2↦-2.580695152282715),(Vehicles3↦-4.266922175884247),(Vehicles4↦-3.452315032482147),(Vehicles5↦-3.480577766895294)}",
        "VehiclesY": "{(EgoVehicle↦8.000000238418579),(Vehicles2↦-4.0000001192092896),(Vehicles3↦0.0),(Vehicles4↦-8.000000238418579),(Vehicles5↦-4.0000001192092896)}",
        "VehiclesVy": "{(EgoVehicle↦0.0),(Vehicles2↦0.0),(Vehicles3↦0.0),(Vehicles4↦0.0),(Vehicles5↦0.0)}",
        "VehiclesX": "{(EgoVehicle↦200.0),(Vehicles2↦-9.107314795255661),(Vehicles3↦34.52742099761963),(Vehicles4↦63.53614330291748),(Vehicles5↦72.05996513366699)}"
      },
      "probabilisticVariables": null,
      "activating": [
        "SLOWER_32"
      ],
      "activatingOnlyWhenExecuted": true,
      "updating": null,
      "withPredicate": null
    },
    {
      "id": "SLOWER_32",
      "execute": "SLOWER",
      "after": "1000",
      "priority": 0,
      "additionalGuards": null,
      "activationKind": null,
      "fixedVariables": {
        "Crash": "FALSE",
        "VehiclesAy": "{(EgoVehicle↦0.0),(Vehicles2↦0.0),(Vehicles3↦0.0),(Vehicles4↦0.0),(Vehicles5↦0.0)}",
        "Reward": "0.7485794283843362",
        "VehiclesAx": "{(EgoVehicle↦-3.76983642578125),(Vehicles2↦3.737845942378044),(Vehicles3↦3.7597136199474335),(Vehicles4↦3.7129974365234375),(Vehicles5↦3.792995046824217)}",
        "VehiclesVx": "{(EgoVehicle↦20.571727752685547),(Vehicles2↦1.1571507900953293),(Vehicles3↦-0.5072085559368134),(Vehicles4↦0.2606824040412903),(Vehicles5↦0.31241727992892265)}",
        "VehiclesY": "{(EgoVehicle↦8.000000238418579),(Vehicles2↦-4.0000001192092896),(Vehicles3↦0.0),(Vehicles4↦-8.000000238418579),(Vehicles5↦-4.0000001192092896)}",
        "VehiclesVy": "{(EgoVehicle↦0.0),(Vehicles2↦0.0),(Vehicles3↦0.0),(Vehicles4↦0.0),(Vehicles5↦0.0)}",
        "VehiclesX": "{(EgoVehicle↦200.0),(Vehicles2↦-9.621208906173706),(Vehicles3↦32.33589828014374),(Vehicles4↦62.14058995246887),(Vehicles5↦70.66840529441833)}"
      },
      "probabilisticVariables": null,
      "activating": [
        "SLOWER_33"
      ],
      "activatingOnlyWhenExecuted": true,
      "updating": null,
      "withPredicate": null
    },
    {
      "id": "SLOWER_33",
      "execute": "SLOWER",
      "after": "1000",
      "priority": 0,
      "additionalGuards": null,
      "activationKind": null,
      "fixedVariables": {
        "Crash": "FALSE",
        "VehiclesAy": "{(EgoVehicle↦0.0),(Vehicles2↦0.0),(Vehicles3↦0.0),(Vehicles4↦0.0),(Vehicles5↦0.0)}",
        "Reward": "0.7353410495540414",
        "VehiclesAx": "{(EgoVehicle↦-0.49643754959106445),(Vehicles2↦0.4653897136449814),(Vehicles3↦0.48886163742281497),(Vehicles4↦0.4417344927787781),(Vehicles5↦0.5184865184128284)}",
        "VehiclesVx": "{(EgoVehicle↦20.075290203094482),(Vehicles2↦1.6225405037403107),(Vehicles3↦-0.01834691851399839),(Vehicles4↦0.7024168968200684),(Vehicles5↦0.8309037983417511)}",
        "VehiclesY": "{(EgoVehicle↦8.000000238418579),(Vehicles2↦-4.0000001192092896),(Vehicles3↦0.0),(Vehicles4↦-8.000000238418579),(Vehicles5↦-4.0000001192092896)}",
        "VehiclesVy": "{(EgoVehicle↦0.0),(Vehicles2↦0.0),(Vehicles3↦0.0),(Vehicles4↦0.0),(Vehicles5↦0.0)}",
        "VehiclesX": "{(EgoVehicle↦200.0),(Vehicles2↦-8.202696591615677),(Vehicles3↦32.09933042526245),(Vehicles4↦62.653082609176636),(Vehicles5↦71.26359343528748)}"
      },
      "probabilisticVariables": null,
      "activating": [
        "FASTER_34"
      ],
      "activatingOnlyWhenExecuted": true,
      "updating": null,
      "withPredicate": null
    },
    {
      "id": "FASTER_34",
      "execute": "FASTER",
      "after": "1000",
      "priority": 0,
      "additionalGuards": null,
      "activationKind": null,
      "fixedVariables": {
        "Crash": "FALSE",
        "VehiclesAy": "{(EgoVehicle↦0.0),(Vehicles2↦0.0),(Vehicles3↦0.0),(Vehicles4↦0.0),(Vehicles5↦0.0)}",
        "Reward": "0.8493727582403127",
        "VehiclesAx": "{(EgoVehicle↦4.276187419891357),(Vehicles2↦-4.306120127439499),(Vehicles3↦-4.281451391289011),(Vehicles4↦-4.3285903334617615),(Vehicles5↦-4.255160242319107)}",
        "VehiclesVx": "{(EgoVehicle↦24.35147762298584),(Vehicles2↦-2.6835796236991882),(Vehicles3↦-4.299798309803009),(Vehicles4↦-3.626173436641693),(Vehicles5↦-3.424256443977356)}",
        "VehiclesY": "{(EgoVehicle↦8.000000238418579),(Vehicles2↦-4.0000001192092896),(Vehicles3↦0.0),(Vehicles4↦-8.000000238418579),(Vehicles5↦-4.0000001192092896)}",
        "VehiclesVy": "{(EgoVehicle↦0.0),(Vehicles2↦0.0),(Vehicles3↦0.0),(Vehicles4↦0.0),(Vehicles5↦0.0)}",
        "VehiclesX": "{(EgoVehicle↦200.0),(Vehicles2↦-8.951220661401749),(Vehicles3↦29.719704389572144),(Vehicles4↦60.97534894943237),(Vehicles5↦69.74399089813232)}"
      },
      "probabilisticVariables": null,
      "activating": [
        "SLOWER_35"
      ],
      "activatingOnlyWhenExecuted": true,
      "updating": null,
      "withPredicate": null
    },
    {
      "id": "SLOWER_35",
      "execute": "SLOWER",
      "after": "1000",
      "priority": 0,
      "additionalGuards": null,
      "activationKind": null,
      "fixedVariables": {
        "Crash": "FALSE",
        "VehiclesAy": "{(EgoVehicle↦0.0),(Vehicles2↦0.0),(Vehicles3↦0.0),(Vehicles4↦0.0),(Vehicles5↦0.0)}",
        "Reward": "0.7486142452552401",
        "VehiclesAx": "{(EgoVehicle↦-3.7784433364868164),(Vehicles2↦3.7497446686029434),(Vehicles3↦3.7752765417099),(Vehicles4↦3.728490136563778),(Vehicles5↦3.798488862812519)}",
        "VehiclesVx": "{(EgoVehicle↦20.573034286499023),(Vehicles2↦1.0661650449037552),(Vehicles3↦-0.5245217680931091),(Vehicles4↦0.10231669992208481),(Vehicles5↦0.3742324188351631)}",
        "VehiclesY": "{(EgoVehicle↦8.000000238418579),(Vehicles2↦-4.0000001192092896),(Vehicles3↦0.0),(Vehicles4↦-8.000000238418579),(Vehicles5↦-4.0000001192092896)}",
        "VehiclesVy": "{(EgoVehicle↦0.0),(Vehicles2↦0.0),(Vehicles3↦0.0),(Vehicles4↦0.0),(Vehicles5↦0.0)}",
        "VehiclesX": "{(EgoVehicle↦200.0),(Vehicles2↦-9.561970084905624),(Vehicles3↦27.502894401550293),(Vehicles4↦59.413403272628784),(Vehicles5↦68.41224431991577)}"
      },
      "probabilisticVariables": null,
      "activating": [
        "SLOWER_36"
      ],
      "activatingOnlyWhenExecuted": true,
      "updating": null,
      "withPredicate": null
    },
    {
      "id": "SLOWER_36",
      "execute": "SLOWER",
      "after": "1000",
      "priority": 0,
      "additionalGuards": null,
      "activationKind": null,
      "fixedVariables": {
        "Crash": "FALSE",
        "VehiclesAy": "{(EgoVehicle↦0.0),(Vehicles2↦0.0),(Vehicles3↦0.0),(Vehicles4↦0.0),(Vehicles5↦0.0)}",
        "Reward": "0.7353456344917736",
        "VehiclesAx": "{(EgoVehicle↦-0.4975724220275879),(Vehicles2↦0.47016046941280365),(Vehicles3↦0.4962892713956535),(Vehicles4↦0.4501926898956299),(Vehicles5↦0.5164040997624397)}",
        "VehiclesVx": "{(EgoVehicle↦20.075461864471436),(Vehicles2↦1.5363255143165588),(Vehicles3↦-0.028232496697455645),(Vehicles4↦0.5525093898177147),(Vehicles5↦0.8906365185976028)}",
        "VehiclesY": "{(EgoVehicle↦8.000000238418579),(Vehicles2↦-4.0000001192092896),(Vehicles3↦0.0),(Vehicles4↦-8.000000238418579),(Vehicles5↦-4.0000001192092896)}",
        "VehiclesVy": "{(EgoVehicle↦0.0),(Vehicles2↦0.0),(Vehicles3↦0.0),(Vehicles4↦0.0),(Vehicles5↦0.0)}",
        "VehiclesX": "{(EgoVehicle↦200.0),(Vehicles2↦-8.23238268494606),(Vehicles3↦27.252206206321716),(Vehicles4↦59.77104902267456),(Vehicles5↦69.06861066818237)}"
      },
      "probabilisticVariables": null,
      "activating": [
        "SLOWER_37"
      ],
      "activatingOnlyWhenExecuted": true,
      "updating": null,
      "withPredicate": null
    },
    {
      "id": "SLOWER_37",
      "execute": "SLOWER",
      "after": "1000",
      "priority": 0,
      "additionalGuards": null,
      "activationKind": null,
      "fixedVariables": {
        "Crash": "FALSE",
        "VehiclesAy": "{(EgoVehicle↦0.0),(Vehicles2↦0.0),(Vehicles3↦0.0),(Vehicles4↦0.0),(Vehicles5↦0.0)}",
        "Reward": "0.7335983277245682",
        "VehiclesAx": "{(EgoVehicle↦-0.06552457809448242),(Vehicles2↦0.039396733045578),(Vehicles3↦0.06592578254640102),(Vehicles4↦0.020895861089229584),(Vehicles5↦0.08294232189655304)}",
        "VehiclesVx": "{(EgoVehicle↦20.009937286376953),(Vehicles2↦1.5757222473621368),(Vehicles3↦0.03769328584894538),(Vehicles4↦0.5734052509069443),(Vehicles5↦0.9735788404941559)}",
        "VehiclesY": "{(EgoVehicle↦8.000000238418579),(Vehicles2↦-4.0000001192092896),(Vehicles3↦0.0),(Vehicles4↦-8.000000238418579),(Vehicles5↦-4.0000001192092896)}",
        "VehiclesVy": "{(EgoVehicle↦0.0),(Vehicles2↦0.0),(Vehicles3↦0.0),(Vehicles4↦0.0),(Vehicles5↦0.0)}",
        "VehiclesX": "{(EgoVehicle↦200.0),(Vehicles2↦-6.6704630851745605),(Vehicles3↦27.260154485702515),(Vehicles4↦60.34162640571594),(Vehicles5↦70.00247836112976)}"
      },
      "probabilisticVariables": null,
      "activating": [
        "FASTER_38"
      ],
      "activatingOnlyWhenExecuted": true,
      "updating": null,
      "withPredicate": null
    },
    {
      "id": "FASTER_38",
      "execute": "FASTER",
      "after": "1000",
      "priority": 0,
      "additionalGuards": null,
      "activationKind": null,
      "fixedVariables": {
        "Crash": "FALSE",
        "VehiclesAy": "{(EgoVehicle↦0.0),(Vehicles2↦0.0),(Vehicles3↦0.0),(Vehicles4↦0.0),(Vehicles5↦0.0)}",
        "Reward": "0.849143264007625",
        "VehiclesAx": "{(EgoVehicle↦4.332935810089111),(Vehicles2↦-4.357805103063583),(Vehicles3↦-4.331033730413765),(Vehicles4↦-4.374583885073662),(Vehicles5↦-4.316925257444382)}",
        "VehiclesVx": "{(EgoVehicle↦24.342873096466064),(Vehicles2↦-2.7820828557014465),(Vehicles3↦-4.293340444564819),(Vehicles4↦-3.8011786341667175),(Vehicles5↦-3.343346416950226)}",
        "VehiclesY": "{(EgoVehicle↦8.000000238418579),(Vehicles2↦-4.0000001192092896),(Vehicles3↦0.0),(Vehicles4↦-8.000000238418579),(Vehicles5↦-4.0000001192092896)}",
        "VehiclesVy": "{(EgoVehicle↦0.0),(Vehicles2↦0.0),(Vehicles3↦0.0),(Vehicles4↦0.0),(Vehicles5↦0.0)}",
        "VehiclesX": "{(EgoVehicle↦200.0),(Vehicles2↦-7.495089620351791),(Vehicles3↦24.908192455768585),(Vehicles4↦58.50781798362732),(Vehicles5↦68.59226822853088)}"
      },
      "probabilisticVariables": null,
      "activating": [
        "SLOWER_39"
      ],
      "activatingOnlyWhenExecuted": true,
      "updating": null,
      "withPredicate": null
    },
    {
      "id": "SLOWER_39",
      "execute": "SLOWER",
      "after": "1000",
      "priority": 0,
      "additionalGuards": null,
      "activationKind": null,
      "fixedVariables": {
        "Crash": "FALSE",
        "VehiclesAy": "{(EgoVehicle↦0.0),(Vehicles2↦0.0),(Vehicles3↦0.0),(Vehicles4↦0.0),(Vehicles5↦0.0)}",
        "Reward": "0.7485840237924993",
        "VehiclesAx": "{(EgoVehicle↦-3.7709712982177734),(Vehicles2↦3.747328072786331),(Vehicles3↦3.7742002308368683),(Vehicles4↦3.7325123604387045),(Vehicles5↦3.7857000157237053)}",
        "VehiclesVx": "{(EgoVehicle↦20.57190179824829),(Vehicles2↦0.9652452170848846),(Vehicles3↦-0.519140213727951),(Vehicles4↦-0.06866627372801304),(Vehicles5↦0.44235359877347946)}",
        "VehiclesY": "{(EgoVehicle↦8.000000238418579),(Vehicles2↦-4.0000001192092896),(Vehicles3↦0.0),(Vehicles4↦-8.000000238418579),(Vehicles5↦-4.0000001192092896)}",
        "VehiclesVy": "{(EgoVehicle↦0.0),(Vehicles2↦0.0),(Vehicles3↦0.0),(Vehicles4↦0.0),(Vehicles5↦0.0)}",
        "VehiclesX": "{(EgoVehicle↦200.0),(Vehicles2↦-8.206437528133392),(Vehicles3↦22.69633412361145),(Vehicles4↦56.771284341812134),(Vehicles5↦67.33519434928894)}"
      },
      "probabilisticVariables": null,
      "activating": [
        "SLOWER_40"
      ],
      "activatingOnlyWhenExecuted": true,
      "updating": null,
      "withPredicate": null
    },
    {
      "id": "SLOWER_40",
      "execute": "SLOWER",
      "after": "1000",
      "priority": 0,
      "additionalGuards": null,
      "activationKind": null,
      "fixedVariables": {
        "Crash": "FALSE",
        "VehiclesAy": "{(EgoVehicle↦0.0),(Vehicles2↦0.0),(Vehicles3↦0.0),(Vehicles4↦0.0),(Vehicles5↦0.0)}",
        "Reward": "0.735341654710672",
        "VehiclesAx": "{(EgoVehicle↦-0.49659013748168945),(Vehicles2↦0.4741477966308594),(Vehicles3↦0.5009859055280685),(Vehicles4↦0.4614675883203745),(Vehicles5↦0.5101985111832619)}",
        "VehiclesVx": "{(EgoVehicle↦20.0753116607666),(Vehicles2↦1.439393013715744),(Vehicles3↦-0.018154308199882507),(Vehicles4↦0.39280131459236145),(Vehicles5↦0.9525521099567413)}",
        "VehiclesY": "{(EgoVehicle↦8.000000238418579),(Vehicles2↦-4.0000001192092896),(Vehicles3↦0.0),(Vehicles4↦-8.000000238418579),(Vehicles5↦-4.0000001192092896)}",
        "VehiclesVy": "{(EgoVehicle↦0.0),(Vehicles2↦0.0),(Vehicles3↦0.0),(Vehicles4↦0.0),(Vehicles5↦0.0)}",
        "VehiclesX": "{(EgoVehicle↦200.0),(Vehicles2↦-6.976316869258881),(Vehicles3↦22.452811896800995),(Vehicles4↦56.96224570274353),(Vehicles5↦68.05702447891235)}"
      },
      "probabilisticVariables": null,
      "activating": [
        "SLOWER_41"
      ],
      "activatingOnlyWhenExecuted": true,
      "updating": null,
      "withPredicate": null
    },
    {
      "id": "SLOWER_41",
      "execute": "SLOWER",
      "after": "1000",
      "priority": 0,
      "additionalGuards": null,
      "activationKind": null,
      "fixedVariables": {
        "Crash": "FALSE",
        "VehiclesAy": "{(EgoVehicle↦0.0),(Vehicles2↦0.0),(Vehicles3↦0.0),(Vehicles4↦0.0),(Vehicles5↦0.0)}",
        "Reward": "0.7335978036381681",
        "VehiclesAx": "{(EgoVehicle↦-0.06539344787597656),(Vehicles2↦0.04413634538650513),(Vehicles3↦0.07081435061991215),(Vehicles4↦0.033682920038700104),(Vehicles5↦0.07803753018379211)}",
        "VehiclesVx": "{(EgoVehicle↦20.009918212890625),(Vehicles2↦1.4835293591022491),(Vehicles3↦0.05266004242002964),(Vehicles4↦0.42648423463106155),(Vehicles5↦1.0305896401405334)}",
        "VehiclesY": "{(EgoVehicle↦8.000000238418579),(Vehicles2↦-4.0000001192092896),(Vehicles3↦0.0),(Vehicles4↦-8.000000238418579),(Vehicles5↦-4.0000001192092896)}",
        "VehiclesVy": "{(EgoVehicle↦0.0),(Vehicles2↦0.0),(Vehicles3↦0.0),(Vehicles4↦0.0),(Vehicles5↦0.0)}",
        "VehiclesX": "{(EgoVehicle↦200.0),(Vehicles2↦-5.509445071220398),(Vehicles3↦22.47282564640045),(Vehicles4↦57.378166913986206),(Vehicles5↦69.05078291893005)}"
      },
      "probabilisticVariables": null,
      "activating": [
        "SLOWER_42"
      ],
      "activatingOnlyWhenExecuted": true,
      "updating": null,
      "withPredicate": null
    },
    {
      "id": "SLOWER_42",
      "execute": "SLOWER",
      "after": "1000",
      "priority": 0,
      "additionalGuards": null,
      "activationKind": null,
      "fixedVariables": {
        "Crash": "FALSE",
        "VehiclesAy": "{(EgoVehicle↦0.0),(Vehicles2↦0.0),(Vehicles3↦0.0),(Vehicles4↦0.0),(Vehicles5↦0.0)}",
        "Reward": "0.733368160698579",
        "VehiclesAx": "{(EgoVehicle↦-0.008611679077148438),(Vehicles2↦-0.011481940746307373),(Vehicles3↦0.014921859838068485),(Vehicles4↦-0.019689016044139862),(Vehicles5↦0.020413696765899658)}",
        "VehiclesVx": "{(EgoVehicle↦20.001306533813477),(Vehicles2↦1.4720474183559418),(Vehicles3↦0.06758190225809813),(Vehicles4↦0.4067952185869217),(Vehicles5↦1.051003336906433)}",
        "VehiclesY": "{(EgoVehicle↦8.000000238418579),(Vehicles2↦-4.0000001192092896),(Vehicles3↦0.0),(Vehicles4↦-8.000000238418579),(Vehicles5↦-4.0000001192092896)}",
        "VehiclesVy": "{(EgoVehicle↦0.0),(Vehicles2↦0.0),(Vehicles3↦0.0),(Vehicles4↦0.0),(Vehicles5↦0.0)}",
        "VehiclesX": "{(EgoVehicle↦200.0),(Vehicles2↦-4.0292952209711075),(Vehicles3↦22.532694041728973),(Vehicles4↦57.797807455062866),(Vehicles5↦70.09090781211853)}"
      },
      "probabilisticVariables": null,
      "activating": [
        "SLOWER_43"
      ],
      "activatingOnlyWhenExecuted": true,
      "updating": null,
      "withPredicate": null
    },
    {
      "id": "SLOWER_43",
      "execute": "SLOWER",
      "after": "1000",
      "priority": 0,
      "additionalGuards": null,
      "activationKind": null,
      "fixedVariables": {
        "Crash": "FALSE",
        "VehiclesAy": "{(EgoVehicle↦0.0),(Vehicles2↦0.0),(Vehicles3↦0.0),(Vehicles4↦0.0),(Vehicles5↦0.0)}",
        "Reward": "0.7333379196530365",
        "VehiclesAx": "{(EgoVehicle↦-0.0011348724365234375),(Vehicles2↦-0.017815232276916504),(Vehicles3↦0.008214432746171951),(Vehicles4↦-0.023812279105186462),(Vehicles5↦0.012192502617835999)}",
        "VehiclesVx": "{(EgoVehicle↦20.000171661376953),(Vehicles2↦1.4542321860790253),(Vehicles3↦0.07579633500427008),(Vehicles4↦0.38298293948173523),(Vehicles5↦1.063195839524269)}",
        "VehiclesY": "{(EgoVehicle↦8.000000238418579),(Vehicles2↦-4.0000001192092896),(Vehicles3↦0.0),(Vehicles4↦-8.000000238418579),(Vehicles5↦-4.0000001192092896)}",
        "VehiclesVy": "{(EgoVehicle↦0.0),(Vehicles2↦0.0),(Vehicles3↦0.0),(Vehicles4↦0.0),(Vehicles5↦0.0)}",
        "VehiclesX": "{(EgoVehicle↦200.0),(Vehicles2↦-2.564292401075363),(Vehicles3↦22.603675723075867),(Vehicles4↦58.19498896598816),(Vehicles5↦71.14701271057129)}"
      },
      "probabilisticVariables": null,
      "activating": [
        "SLOWER_44"
      ],
      "activatingOnlyWhenExecuted": true,
      "updating": null,
      "withPredicate": null
    },
    {
      "id": "SLOWER_44",
      "execute": "SLOWER",
      "after": "1000",
      "priority": 0,
      "additionalGuards": null,
      "activationKind": null,
      "fixedVariables": {
        "Crash": "FALSE",
        "VehiclesAy": "{(EgoVehicle↦0.0),(Vehicles2↦0.0),(Vehicles3↦0.0),(Vehicles4↦0.0),(Vehicles5↦0.0)}",
        "Reward": "0.7333339372931297",
        "VehiclesAx": "{(EgoVehicle↦-0.00015020370483398438),(Vehicles2↦-0.017679333686828613),(Vehicles3↦0.007891408167779446),(Vehicles4↦-0.021543055772781372),(Vehicles5↦0.01053936779499054)}",
        "VehiclesVx": "{(EgoVehicle↦20.00002145767212),(Vehicles2↦1.4365528523921967),(Vehicles3↦0.08368774317204952),(Vehicles4↦0.36143988370895386),(Vehicles5↦1.0737352073192596)}",
        "VehiclesY": "{(EgoVehicle↦8.000000238418579),(Vehicles2↦-4.0000001192092896),(Vehicles3↦0.0),(Vehicles4↦-8.000000238418579),(Vehicles5↦-4.0000001192092896)}",
        "VehiclesVy": "{(EgoVehicle↦0.0),(Vehicles2↦0.0),(Vehicles3↦0.0),(Vehicles4↦0.0),(Vehicles5↦0.0)}",
        "VehiclesX": "{(EgoVehicle↦200.0),(Vehicles2↦-1.1171978898346424),(Vehicles3↦22.68260270357132),(Vehicles4↦58.56912136077881),(Vehicles5↦72.21450209617615)}"
      },
      "probabilisticVariables": null,
      "activating": [
        "SLOWER_45"
      ],
      "activatingOnlyWhenExecuted": true,
      "updating": null,
      "withPredicate": null
    },
    {
      "id": "SLOWER_45",
      "execute": "SLOWER",
      "after": "1000",
      "priority": 0,
      "additionalGuards": null,
      "activationKind": null,
      "fixedVariables": {
        "Crash": "FALSE",
        "VehiclesAy": "{(EgoVehicle↦0.0),(Vehicles2↦0.0),(Vehicles3↦0.0),(Vehicles4↦0.0),(Vehicles5↦0.0)}",
        "Reward": "0.7333334128671337",
        "VehiclesAx": "{(EgoVehicle↦-1.9073486328125E-05),(Vehicles2↦-0.016716718673706055),(Vehicles3↦0.008325893431901932),(Vehicles4↦-0.01855071634054184),(Vehicles5↦0.00979982316493988)}",
        "VehiclesVx": "{(EgoVehicle↦20.00000238418579),(Vehicles2↦1.4198361337184906),(Vehicles3↦0.09201363660395145),(Vehicles4↦0.342889167368412),(Vehicles5↦1.0835350304841995)}",
        "VehiclesY": "{(EgoVehicle↦8.000000238418579),(Vehicles2↦-4.0000001192092896),(Vehicles3↦0.0),(Vehicles4↦-8.000000238418579),(Vehicles5↦-4.0000001192092896)}",
        "VehiclesVy": "{(EgoVehicle↦0.0),(Vehicles2↦0.0),(Vehicles3↦0.0),(Vehicles4↦0.0),(Vehicles5↦0.0)}",
        "VehiclesX": "{(EgoVehicle↦200.0),(Vehicles2↦0.3125850111246109),(Vehicles3↦22.769582271575928),(Vehicles4↦58.92289876937866),(Vehicles5↦73.29220175743103)}"
      },
      "probabilisticVariables": null,
      "activating": [
        "SLOWER_46"
      ],
      "activatingOnlyWhenExecuted": true,
      "updating": null,
      "withPredicate": null
    },
    {
      "id": "SLOWER_46",
      "execute": "SLOWER",
      "after": "1000",
      "priority": 0,
      "additionalGuards": null,
      "activationKind": null,
      "fixedVariables": {
        "Crash": "FALSE",
        "VehiclesAy": "{(EgoVehicle↦0.0),(Vehicles2↦0.0),(Vehicles3↦0.0),(Vehicles4↦0.0),(Vehicles5↦0.0)}",
        "Reward": "0.7333333438069202",
        "VehiclesAx": "{(EgoVehicle↦-2.384185791015625E-06),(Vehicles2↦-0.01567363739013672),(Vehicles3↦0.008785640820860863),(Vehicles4↦-0.01559969037771225),(Vehicles5↦0.009220615029335022)}",
        "VehiclesVx": "{(EgoVehicle↦20.0),(Vehicles2↦1.4041624963283539),(Vehicles3↦0.10079927742481232),(Vehicles4↦0.32728947699069977),(Vehicles5↦1.0927556455135345)}",
        "VehiclesY": "{(EgoVehicle↦8.000000238418579),(Vehicles2↦-4.0000001192092896),(Vehicles3↦0.0),(Vehicles4↦-8.000000238418579),(Vehicles5↦-4.0000001192092896)}",
        "VehiclesVy": "{(EgoVehicle↦0.0),(Vehicles2↦0.0),(Vehicles3↦0.0),(Vehicles4↦0.0),(Vehicles5↦0.0)}",
        "VehiclesX": "{(EgoVehicle↦200.0),(Vehicles2↦1.7260687425732613),(Vehicles3↦22.8650763630867),(Vehicles4↦59.25931930541992),(Vehicles5↦74.37947392463684)}"
      },
      "probabilisticVariables": null,
      "activating": [
        "SLOWER_47"
      ],
      "activatingOnlyWhenExecuted": true,
      "updating": null,
      "withPredicate": null
    },
    {
      "id": "SLOWER_47",
      "execute": "SLOWER",
      "after": "1000",
      "priority": 0,
      "additionalGuards": null,
      "activationKind": null,
      "fixedVariables": {
        "Crash": "FALSE",
        "VehiclesAy": "{(EgoVehicle↦0.0),(Vehicles2↦0.0),(Vehicles3↦0.0),(Vehicles4↦0.0),(Vehicles5↦0.0)}",
        "Reward": "0.7333333347125711",
        "VehiclesAx": "{(EgoVehicle↦0.0),(Vehicles2↦-0.014651268720626831),(Vehicles3↦0.009182216599583626),(Vehicles4↦-0.012802444398403168),(Vehicles5↦0.008696839213371277)}",
        "VehiclesVx": "{(EgoVehicle↦20.0),(Vehicles2↦1.389511227607727),(Vehicles3↦0.10998149402439594),(Vehicles4↦0.3144870325922966),(Vehicles5↦1.1014524847269058)}",
        "VehiclesY": "{(EgoVehicle↦8.000000238418579),(Vehicles2↦-4.0000001192092896),(Vehicles3↦0.0),(Vehicles4↦-8.000000238418579),(Vehicles5↦-4.0000001192092896)}",
        "VehiclesVy": "{(EgoVehicle↦0.0),(Vehicles2↦0.0),(Vehicles3↦0.0),(Vehicles4↦0.0),(Vehicles5↦0.0)}",
        "VehiclesX": "{(EgoVehicle↦200.0),(Vehicles2↦3.124290145933628),(Vehicles3↦22.96951860189438),(Vehicles4↦59.58126783370972),(Vehicles5↦75.47574639320374)}"
      },
      "probabilisticVariables": null,
      "activating": [
        "SLOWER_48"
      ],
      "activatingOnlyWhenExecuted": true,
      "updating": null,
      "withPredicate": null
    },
    {
      "id": "SLOWER_48",
      "execute": "SLOWER",
      "after": "1000",
      "priority": 0,
      "additionalGuards": null,
      "activationKind": null,
      "fixedVariables": {
        "Crash": "FALSE",
        "VehiclesAy": "{(EgoVehicle↦0.0),(Vehicles2↦0.0),(Vehicles3↦0.0),(Vehicles4↦0.0),(Vehicles5↦0.0)}",
        "Reward": "0.7333333335149614",
        "VehiclesAx": "{(EgoVehicle↦0.0),(Vehicles2↦-0.013665556907653809),(Vehicles3↦0.00951133668422699),(Vehicles4↦-0.010180678218603134),(Vehicles5↦0.008210912346839905)}",
        "VehiclesVx": "{(EgoVehicle↦20.0),(Vehicles2↦1.3758456707000732),(Vehicles3↦0.11949283070862293),(Vehicles4↦0.30430635437369347),(Vehicles5↦1.1096633970737457)}",
        "VehiclesY": "{(EgoVehicle↦8.000000238418579),(Vehicles2↦-4.0000001192092896),(Vehicles3↦0.0),(Vehicles4↦-8.000000238418579),(Vehicles5↦-4.0000001192092896)}",
        "VehiclesVy": "{(EgoVehicle↦0.0),(Vehicles2↦0.0),(Vehicles3↦0.0),(Vehicles4↦0.0),(Vehicles5↦0.0)}",
        "VehiclesX": "{(EgoVehicle↦200.0),(Vehicles2↦4.508258029818535),(Vehicles3↦23.08328151702881),(Vehicles4↦59.89148020744324),(Vehicles5↦76.5805184841156)}"
      },
      "probabilisticVariables": null,
      "activating": [
        "SLOWER_49"
      ],
      "activatingOnlyWhenExecuted": true,
      "updating": null,
      "withPredicate": null
    },
    {
      "id": "SLOWER_49",
      "execute": "SLOWER",
      "after": "1000",
      "priority": 0,
      "additionalGuards": null,
      "activationKind": null,
      "fixedVariables": {
        "Crash": "FALSE",
        "VehiclesAy": "{(EgoVehicle↦0.0),(Vehicles2↦0.0),(Vehicles3↦0.0),(Vehicles4↦0.0),(Vehicles5↦0.0)}",
        "Reward": "0.7333333333572515",
        "VehiclesAx": "{(EgoVehicle↦0.0),(Vehicles2↦-0.012719482183456421),(Vehicles3↦0.009779129177331924),(Vehicles4↦-0.007740743458271027),(Vehicles5↦0.0077580660581588745)}",
        "VehiclesVx": "{(EgoVehicle↦20.0),(Vehicles2↦1.3631261885166168),(Vehicles3↦0.12927195988595486),(Vehicles4↦0.29656561091542244),(Vehicles5↦1.1174214631319046)}",
        "VehiclesY": "{(EgoVehicle↦8.000000238418579),(Vehicles2↦-4.0000001192092896),(Vehicles3↦0.0),(Vehicles4↦-8.000000238418579),(Vehicles5↦-4.0000001192092896)}",
        "VehiclesVy": "{(EgoVehicle↦0.0),(Vehicles2↦0.0),(Vehicles3↦0.0),(Vehicles4↦0.0),(Vehicles5↦0.0)}",
        "VehiclesX": "{(EgoVehicle↦200.0),(Vehicles2↦5.878941714763641),(Vehicles3↦23.206666111946106),(Vehicles4↦60.19250154495239),(Vehicles5↦77.69331932067871)}"
      },
      "probabilisticVariables": null,
      "activating": [
        "SLOWER_50"
      ],
      "activatingOnlyWhenExecuted": true,
      "updating": null,
      "withPredicate": null
    },
    {
      "id": "SLOWER_50",
      "execute": "SLOWER",
      "after": "1000",
      "priority": 0,
      "additionalGuards": null,
      "activationKind": null,
      "fixedVariables": {
        "Crash": "FALSE",
        "VehiclesAy": "{(EgoVehicle↦0.0),(Vehicles2↦0.0),(Vehicles3↦0.0),(Vehicles4↦0.0),(Vehicles5↦0.0)}",
        "Reward": "0.733333333336483",
        "VehiclesAx": "{(EgoVehicle↦0.0),(Vehicles2↦-0.011814981698989868),(Vehicles3↦0.009992457926273346),(Vehicles4↦-0.00548388808965683),(Vehicles5↦0.007336065173149109)}",
        "VehiclesVx": "{(EgoVehicle↦20.0),(Vehicles2↦1.351311206817627),(Vehicles3↦0.1392644178122282),(Vehicles4↦0.2910817228257656),(Vehicles5↦1.1247575283050537)}",
        "VehiclesY": "{(EgoVehicle↦8.000000238418579),(Vehicles2↦-4.0000001192092896),(Vehicles3↦0.0),(Vehicles4↦-8.000000238418579),(Vehicles5↦-4.0000001192092896)}",
        "VehiclesVy": "{(EgoVehicle↦0.0),(Vehicles2↦0.0),(Vehicles3↦0.0),(Vehicles4↦0.0),(Vehicles5↦0.0)}",
        "VehiclesX": "{(EgoVehicle↦200.0),(Vehicles2↦7.237271219491959),(Vehicles3↦23.339921236038208),(Vehicles4↦60.48670411109924),(Vehicles5↦78.81370782852173)}"
      },
      "probabilisticVariables": null,
      "activating": [
        "SLOWER_51"
      ],
      "activatingOnlyWhenExecuted": true,
      "updating": null,
      "withPredicate": null
    },
    {
      "id": "SLOWER_51",
      "execute": "SLOWER",
      "after": "1000",
      "priority": 0,
      "additionalGuards": null,
      "activationKind": null,
      "fixedVariables": {
        "Crash": "FALSE",
        "VehiclesAy": "{(EgoVehicle↦0.0),(Vehicles2↦0.0),(Vehicles3↦0.0),(Vehicles4↦0.0),(Vehicles5↦0.0)}",
        "Reward": "0.7333333333337482",
        "VehiclesAx": "{(EgoVehicle↦0.0),(Vehicles2↦-0.010952353477478027),(Vehicles3↦0.010157674551010132),(Vehicles4↦-0.0034084543585777283),(Vehicles5↦0.006942972540855408)}",
        "VehiclesVx": "{(EgoVehicle↦20.0),(Vehicles2↦1.340358853340149),(Vehicles3↦0.14942209236323833),(Vehicles4↦0.2876732684671879),(Vehicles5↦1.1317005008459091)}",
        "VehiclesY": "{(EgoVehicle↦8.000000238418579),(Vehicles2↦-4.0000001192092896),(Vehicles3↦0.0),(Vehicles4↦-8.000000238418579),(Vehicles5↦-4.0000001192092896)}",
        "VehiclesVy": "{(EgoVehicle↦0.0),(Vehicles2↦0.0),(Vehicles3↦0.0),(Vehicles4↦0.0),(Vehicles5↦0.0)}",
        "VehiclesX": "{(EgoVehicle↦200.0),(Vehicles2↦8.58413428068161),(Vehicles3↦23.483236134052277),(Vehicles4↦60.77626347541809),(Vehicles5↦79.9412727355957)}"
      },
      "probabilisticVariables": null,
      "activating": [
        "SLOWER_52"
      ],
      "activatingOnlyWhenExecuted": true,
      "updating": null,
      "withPredicate": null
    },
    {
      "id": "SLOWER_52",
      "execute": "SLOWER",
      "after": "1000",
      "priority": 0,
      "additionalGuards": null,
      "activationKind": null,
      "fixedVariables": {
        "Crash": "FALSE",
        "VehiclesAy": "{(EgoVehicle↦0.0),(Vehicles2↦0.0),(Vehicles3↦0.0),(Vehicles4↦0.0),(Vehicles5↦0.0)}",
        "Reward": "0.733333333333388",
        "VehiclesAx": "{(EgoVehicle↦0.0),(Vehicles2↦-0.010131746530532837),(Vehicles3↦0.010280562564730644),(Vehicles4↦-0.001510418951511383),(Vehicles5↦0.006577447056770325)}",
        "VehiclesVx": "{(EgoVehicle↦20.0),(Vehicles2↦1.330227106809616),(Vehicles3↦0.15970265492796898),(Vehicles4↦0.2861628495156765),(Vehicles5↦1.1382779479026794)}",
        "VehiclesY": "{(EgoVehicle↦8.000000238418579),(Vehicles2↦-4.0000001192092896),(Vehicles3↦0.0),(Vehicles4↦-8.000000238418579),(Vehicles5↦-4.0000001192092896)}",
        "VehiclesVy": "{(EgoVehicle↦0.0),(Vehicles2↦0.0),(Vehicles3↦0.0),(Vehicles4↦0.0),(Vehicles5↦0.0)}",
        "VehiclesX": "{(EgoVehicle↦200.0),(Vehicles2↦9.920376539230347),(Vehicles3↦23.63676279783249),(Vehicles4↦61.063188314437866),(Vehicles5↦81.07563257217407)}"
      },
      "probabilisticVariables": null,
      "activating": [
        "SLOWER_53"
      ],
      "activatingOnlyWhenExecuted": true,
      "updating": null,
      "withPredicate": null
    },
    {
      "id": "SLOWER_53",
      "execute": "SLOWER",
      "after": "1000",
      "priority": 0,
      "additionalGuards": null,
      "activationKind": null,
      "fixedVariables": {
        "Crash": "FALSE",
        "VehiclesAy": "{(EgoVehicle↦0.0),(Vehicles2↦0.0),(Vehicles3↦0.0),(Vehicles4↦0.0),(Vehicles5↦0.0)}",
        "Reward": "0.7333333333333405",
        "VehiclesAx": "{(EgoVehicle↦0.0),(Vehicles2↦-0.00935286283493042),(Vehicles3↦0.010366290807723999),(Vehicles4↦0.00021599233150482178),(Vehicles5↦0.006238073110580444)}",
        "VehiclesVx": "{(EgoVehicle↦20.0),(Vehicles2↦1.3208742439746857),(Vehicles3↦0.17006894573569298),(Vehicles4↦0.2863788418471813),(Vehicles5↦1.1445160210132599)}",
        "VehiclesY": "{(EgoVehicle↦8.000000238418579),(Vehicles2↦-4.0000001192092896),(Vehicles3↦0.0),(Vehicles4↦-8.000000238418579),(Vehicles5↦-4.0000001192092896)}",
        "VehiclesVy": "{(EgoVehicle↦0.0),(Vehicles2↦0.0),(Vehicles3↦0.0),(Vehicles4↦0.0),(Vehicles5↦0.0)}",
        "VehiclesX": "{(EgoVehicle↦200.0),(Vehicles2↦11.246801912784576),(Vehicles3↦23.80060702562332),(Vehicles4↦61.349302530288696),(Vehicles5↦82.21643567085266)}"
      },
      "probabilisticVariables": null,
      "activating": [
        "SLOWER_54"
      ],
      "activatingOnlyWhenExecuted": true,
      "updating": null,
      "withPredicate": null
    },
    {
      "id": "SLOWER_54",
      "execute": "SLOWER",
      "after": "1000",
      "priority": 0,
      "additionalGuards": null,
      "activationKind": null,
      "fixedVariables": {
        "Crash": "FALSE",
        "VehiclesAy": "{(EgoVehicle↦0.0),(Vehicles2↦0.0),(Vehicles3↦0.0),(Vehicles4↦0.0),(Vehicles5↦0.0)}",
        "Reward": "0.7333333333333343",
        "VehiclesAx": "{(EgoVehicle↦0.0),(Vehicles2↦-0.008614808320999146),(Vehicles3↦0.010419487953186035),(Vehicles4↦0.0017778761684894562),(Vehicles5↦0.0059235841035842896)}",
        "VehiclesVx": "{(EgoVehicle↦20.0),(Vehicles2↦1.3122594356536865),(Vehicles3↦0.180488433688879),(Vehicles4↦0.2881567180156708),(Vehicles5↦1.1504396051168442)}",
        "VehiclesY": "{(EgoVehicle↦8.000000238418579),(Vehicles2↦-4.0000001192092896),(Vehicles3↦0.0),(Vehicles4↦-8.000000238418579),(Vehicles5↦-4.0000001192092896)}",
        "VehiclesVy": "{(EgoVehicle↦0.0),(Vehicles2↦0.0),(Vehicles3↦0.0),(Vehicles4↦0.0),(Vehicles5↦0.0)}",
        "VehiclesX": "{(EgoVehicle↦200.0),(Vehicles2↦12.564171850681305),(Vehicles3↦23.974840342998505),(Vehicles4↦61.63627505302429),(Vehicles5↦83.36334228515625)}"
      },
      "probabilisticVariables": null,
      "activating": [
        "LANE_RIGHT_55"
      ],
      "activatingOnlyWhenExecuted": true,
      "updating": null,
      "withPredicate": null
    },
    {
      "id": "LANE_RIGHT_55",
      "execute": "LANE_RIGHT",
      "after": "1000",
      "priority": 0,
      "additionalGuards": null,
      "activationKind": null,
      "fixedVariables": {
        "Crash": "FALSE",
        "VehiclesAy": "{(EgoVehicle↦0.0),(Vehicles2↦0.0),(Vehicles3↦0.0),(Vehicles4↦0.0),(Vehicles5↦0.0)}",
        "Reward": "0.7333333333333334",
        "VehiclesAx": "{(EgoVehicle↦0.0),(Vehicles2↦-0.00791698694229126),(Vehicles3↦0.010444335639476776),(Vehicles4↦0.0031834840774536133),(Vehicles5↦0.005632564425468445)}",
        "VehiclesVx": "{(EgoVehicle↦20.0),(Vehicles2↦1.3043424487113953),(Vehicles3↦0.1909327693283558),(Vehicles4↦0.2913402020931244),(Vehicles5↦1.1560721695423126)}",
        "VehiclesY": "{(EgoVehicle↦8.000000238418579),(Vehicles2↦-4.0000001192092896),(Vehicles3↦0.0),(Vehicles4↦-8.000000238418579),(Vehicles5↦-4.0000001192092896)}",
        "VehiclesVy": "{(EgoVehicle↦0.0),(Vehicles2↦0.0),(Vehicles3↦0.0),(Vehicles4↦0.0),(Vehicles5↦0.0)}",
        "VehiclesX": "{(EgoVehicle↦200.0),(Vehicles2↦13.873210549354553),(Vehicles3↦24.1595059633255),(Vehicles4↦61.92559599876404),(Vehicles5↦84.51606035232544)}"
      },
      "probabilisticVariables": null,
      "activating": [
        "LANE_RIGHT_56"
      ],
      "activatingOnlyWhenExecuted": true,
      "updating": null,
      "withPredicate": null
    },
    {
      "id": "LANE_RIGHT_56",
      "execute": "LANE_RIGHT",
      "after": "1000",
      "priority": 0,
      "additionalGuards": null,
      "activationKind": null,
      "fixedVariables": {
        "Crash": "FALSE",
        "VehiclesAy": "{(EgoVehicle↦0.0),(Vehicles2↦0.0),(Vehicles3↦0.0),(Vehicles4↦0.0),(Vehicles5↦0.0)}",
        "Reward": "0.7333333333333334",
        "VehiclesAx": "{(EgoVehicle↦0.0),(Vehicles2↦-0.007257908582687378),(Vehicles3↦0.01044444739818573),(Vehicles4↦0.0044416263699531555),(Vehicles5↦-0.8463831804692745)}",
        "VehiclesVx": "{(EgoVehicle↦20.0),(Vehicles2↦1.2970845401287079),(Vehicles3↦0.20137721672654152),(Vehicles4↦0.29578182846307755),(Vehicles5↦0.3096889890730381)}",
        "VehiclesY": "{(EgoVehicle↦8.000000238418579),(Vehicles2↦-4.0000001192092896),(Vehicles3↦0.0),(Vehicles4↦-8.000000238418579),(Vehicles5↦0.0)}",
        "VehiclesVy": "{(EgoVehicle↦0.0),(Vehicles2↦0.0),(Vehicles3↦0.0),(Vehicles4↦0.0),(Vehicles5↦0.0)}",
        "VehiclesX": "{(EgoVehicle↦200.0),(Vehicles2↦15.17459899187088),(Vehicles3↦24.354617297649384),(Vehicles4↦62.218618392944336),(Vehicles5↦85.64327955245972)}"
      },
      "probabilisticVariables": null,
      "activating": [
        "LANE_RIGHT_57"
      ],
      "activatingOnlyWhenExecuted": true,
      "updating": null,
      "withPredicate": null
    },
    {
      "id": "LANE_RIGHT_57",
      "execute": "LANE_RIGHT",
      "after": "1000",
      "priority": 0,
      "additionalGuards": null,
      "activationKind": null,
      "fixedVariables": {
        "Crash": "FALSE",
        "VehiclesAy": "{(EgoVehicle↦0.0),(Vehicles2↦0.0),(Vehicles3↦0.0),(Vehicles4↦0.0),(Vehicles5↦0.0)}",
        "Reward": "0.7333333333333334",
        "VehiclesAx": "{(EgoVehicle↦0.0),(Vehicles2↦-0.006636530160903931),(Vehicles3↦0.01042315736413002),(Vehicles4↦0.00556163489818573),(Vehicles5↦0.011238809674978256)}",
        "VehiclesVx": "{(EgoVehicle↦20.0),(Vehicles2↦1.290448009967804),(Vehicles3↦0.21180037409067154),(Vehicles4↦0.3013434633612633),(Vehicles5↦0.32092779874801636)}",
        "VehiclesY": "{(EgoVehicle↦8.000000238418579),(Vehicles2↦-4.0000001192092896),(Vehicles3↦0.0),(Vehicles4↦-8.000000238418579),(Vehicles5↦0.0)}",
        "VehiclesVy": "{(EgoVehicle↦0.0),(Vehicles2↦0.0),(Vehicles3↦0.0),(Vehicles4↦0.0),(Vehicles5↦0.0)}",
        "VehiclesX": "{(EgoVehicle↦200.0),(Vehicles2↦16.46898090839386),(Vehicles3↦24.560165405273438),(Vehicles4↦62.51654028892517),(Vehicles5↦85.95748543739319)}"
      },
      "probabilisticVariables": null,
      "activating": [
        "LANE_RIGHT_58"
      ],
      "activatingOnlyWhenExecuted": true,
      "updating": null,
      "withPredicate": null
    },
    {
      "id": "LANE_RIGHT_58",
      "execute": "LANE_RIGHT",
      "after": "1000",
      "priority": 0,
      "additionalGuards": null,
      "activationKind": null,
      "fixedVariables": {
        "Crash": "FALSE",
        "VehiclesAy": "{(EgoVehicle↦0.0),(Vehicles2↦0.0),(Vehicles3↦0.0),(Vehicles4↦0.0),(Vehicles5↦0.0)}",
        "Reward": "0.7333333333333334",
        "VehiclesAx": "{(EgoVehicle↦0.0),(Vehicles2↦-0.006051212549209595),(Vehicles3↦0.010383371263742447),(Vehicles4↦0.0065530091524124146),(Vehicles5↦0.010956302285194397)}",
        "VehiclesVx": "{(EgoVehicle↦20.0),(Vehicles2↦1.2843967974185944),(Vehicles3↦0.222183745354414),(Vehicles4↦0.3078964725136757),(Vehicles5↦0.33188410103321075)}",
        "VehiclesY": "{(EgoVehicle↦8.000000238418579),(Vehicles2↦-4.0000001192092896),(Vehicles3↦0.0),(Vehicles4↦-8.000000238418579),(Vehicles5↦0.0)}",
        "VehiclesVy": "{(EgoVehicle↦0.0),(Vehicles2↦0.0),(Vehicles3↦0.0),(Vehicles4↦0.0),(Vehicles5↦0.0)}",
        "VehiclesX": "{(EgoVehicle↦200.0),(Vehicles2↦17.756962776184082),(Vehicles3↦24.776123464107513),(Vehicles4↦62.8204345703125),(Vehicles5↦86.28281950950623)}"
      },
      "probabilisticVariables": null,
      "activating": [
        "LANE_RIGHT_59"
      ],
      "activatingOnlyWhenExecuted": true,
      "updating": null,
      "withPredicate": null
    },
    {
      "id": "LANE_RIGHT_59",
      "execute": "LANE_RIGHT",
      "after": "1000",
      "priority": 0,
      "additionalGuards": null,
      "activationKind": null,
      "fixedVariables": {
        "Crash": "FALSE",
        "VehiclesAy": "{(EgoVehicle↦0.0),(Vehicles2↦0.0),(Vehicles3↦0.0),(Vehicles4↦0.0),(Vehicles5↦0.0)}",
        "Reward": "0.7333333333333334",
        "VehiclesAx": "{(EgoVehicle↦0.0),(Vehicles2↦-0.005500763654708862),(Vehicles3↦0.010327678173780441),(Vehicles4↦0.0074252113699913025),(Vehicles5↦0.010686144232749939)}",
        "VehiclesVx": "{(EgoVehicle↦20.0),(Vehicles2↦1.2788960337638855),(Vehicles3↦0.23251142352819443),(Vehicles4↦0.315321683883667),(Vehicles5↦0.3425702452659607)}",
        "VehiclesY": "{(EgoVehicle↦8.000000238418579),(Vehicles2↦-4.0000001192092896),(Vehicles3↦0.0),(Vehicles4↦-8.000000238418579),(Vehicles5↦0.0)}",
        "VehiclesVy": "{(EgoVehicle↦0.0),(Vehicles2↦0.0),(Vehicles3↦0.0),(Vehicles4↦0.0),(Vehicles5↦0.0)}",
        "VehiclesX": "{(EgoVehicle↦200.0),(Vehicles2↦19.03911679983139),(Vehicles3↦25.00244379043579),(Vehicles4↦63.1312370300293),(Vehicles5↦86.61900162696838)}"
      },
      "probabilisticVariables": null,
      "activating": [
        "LANE_RIGHT_60"
      ],
      "activatingOnlyWhenExecuted": true,
      "updating": null,
      "withPredicate": null
    },
    {
      "id": "LANE_RIGHT_60",
      "execute": "LANE_RIGHT",
      "after": "1000",
      "priority": 0,
      "additionalGuards": null,
      "activationKind": null,
      "fixedVariables": {
        "Crash": "FALSE",
        "VehiclesAy": "{(EgoVehicle↦0.0),(Vehicles2↦0.0),(Vehicles3↦0.0),(Vehicles4↦0.0),(Vehicles5↦0.0)}",
        "Reward": "0.7333333333333334",
        "VehiclesAx": "{(EgoVehicle↦0.0),(Vehicles2↦-0.004983395338058472),(Vehicles3↦0.010258369147777557),(Vehicles4↦0.008187629282474518),(Vehicles5↦0.010427646338939667)}",
        "VehiclesVx": "{(EgoVehicle↦20.0),(Vehicles2↦1.273912638425827),(Vehicles3↦0.24276979267597198),(Vehicles4↦0.3235093131661415),(Vehicles5↦0.35299789160490036)}",
        "VehiclesY": "{(EgoVehicle↦8.000000238418579),(Vehicles2↦-4.0000001192092896),(Vehicles3↦0.0),(Vehicles4↦-8.000000238418579),(Vehicles5↦0.0)}",
        "VehiclesVy": "{(EgoVehicle↦0.0),(Vehicles2↦0.0),(Vehicles3↦0.0),(Vehicles4↦0.0),(Vehicles5↦0.0)}",
        "VehiclesX": "{(EgoVehicle↦200.0),(Vehicles2↦20.315979421138763),(Vehicles3↦25.239065289497375),(Vehicles4↦63.44977617263794),(Vehicles5↦86.96576356887817)}"
      },
      "probabilisticVariables": null,
      "activating": [
        "LANE_RIGHT_61"
      ],
      "activatingOnlyWhenExecuted": true,
      "updating": null,
      "withPredicate": null
    },
    {
      "id": "LANE_RIGHT_61",
      "execute": "LANE_RIGHT",
      "after": "1000",
      "priority": 0,
      "additionalGuards": null,
      "activationKind": null,
      "fixedVariables": {
        "Crash": "FALSE",
        "VehiclesAy": "{(EgoVehicle↦0.0),(Vehicles2↦0.0),(Vehicles3↦0.0),(Vehicles4↦0.0),(Vehicles5↦0.0)}",
        "Reward": "0.7333333333333334",
        "VehiclesAx": "{(EgoVehicle↦0.0),(Vehicles2↦-0.0044974684715271),(Vehicles3↦0.010177437216043472),(Vehicles4↦0.008849278092384338),(Vehicles5↦0.010180063545703888)}",
        "VehiclesVx": "{(EgoVehicle↦20.0),(Vehicles2↦1.2694151699543),(Vehicles3↦0.25294722989201546),(Vehicles4↦0.33235859125852585),(Vehicles5↦0.36317795515060425)}",
        "VehiclesY": "{(EgoVehicle↦8.000000238418579),(Vehicles2↦-4.0000001192092896),(Vehicles3↦0.0),(Vehicles4↦-8.000000238418579),(Vehicles5↦0.0)}",
        "VehiclesVy": "{(EgoVehicle↦0.0),(Vehicles2↦0.0),(Vehicles3↦0.0),(Vehicles4↦0.0),(Vehicles5↦0.0)}",
        "VehiclesX": "{(EgoVehicle↦200.0),(Vehicles2↦21.588055789470673),(Vehicles3↦25.485911965370178),(Vehicles4↦63.77677321434021),(Vehicles5↦87.32284903526306)}"
      },
      "probabilisticVariables": null,
      "activating": null,
      "activatingOnlyWhenExecuted": true,
      "updating": null,
      "withPredicate": null
    }
  ],
  "listeners": [],
  "metadata": {
    "fileType": "Timed_Trace",
    "formatVersion": 3,
    "savedAt": "2023-08-15T12:35:49.753164Z",
    "creator": "Simulation: MONTE_CARLO_SIMULATION; MAX_STEPS_BEFORE_PROPERTY : 0, EXECUTIONS : 1000, ENDING_TIME : 60000",
    "proB2KernelVersion": "4.12.2",
    "proBCliVersion": "1.12.2-final",
    "modelName": "HighwayEnvironment"
  }
}