{
  "variables": {},
  "activations": [
    {
      "id": "$setup_constants",
      "execute": "$setup_constants",
      "after": "0",
      "priority": 0,
      "additionalGuards": null,
      "activationKind": null,
      "fixedVariables": null,
      "probabilisticVariables": null,
      "activating": null,
      "activatingOnlyWhenExecuted": true,
      "updating": null,
      "withPredicate": null
    },
    {
      "id": "$initialise_machine",
      "execute": "$initialise_machine",
      "after": "0",
      "priority": 0,
      "additionalGuards": null,
      "activationKind": null,
      "fixedVariables": {
        "Crash": "FALSE",
        "VehiclesAy": "{(EgoVehicle↦0.0),(Vehicles2↦0.0),(Vehicles3↦0.0),(Vehicles4↦0.0),(Vehicles5↦0.0)}",
        "Reward": "0.0",
        "VehiclesAx": "{(EgoVehicle↦0.0),(Vehicles2↦0.0),(Vehicles3↦0.0),(Vehicles4↦0.0),(Vehicles5↦0.0)}",
        "VehiclesVx": "{(EgoVehicle↦25.0),(Vehicles2↦-3.356628119945526),(Vehicles3↦-1.4850082993507385),(Vehicles4↦-2.8423675894737244),(Vehicles5↦-3.7921860814094543)}",
        "VehiclesY": "{(EgoVehicle↦0.0),(Vehicles2↦0.0),(Vehicles3↦4.0000001192092896),(Vehicles4↦4.0000001192092896),(Vehicles5↦0.0)}",
        "VehiclesVy": "{(EgoVehicle↦0.0),(Vehicles2↦0.0),(Vehicles3↦0.0),(Vehicles4↦0.0),(Vehicles5↦0.0)}",
        "VehiclesX": "{(EgoVehicle↦155.63305616378784),(Vehicles2↦21.746674180030823),(Vehicles3↦45.3067809343338),(Vehicles4↦69.21186447143555),(Vehicles5↦90.1756763458252)}"
      },
      "probabilisticVariables": null,
      "activating": [
        "LANE_RIGHT_2"
      ],
      "activatingOnlyWhenExecuted": true,
      "updating": null,
      "withPredicate": null
    },
    {
      "id": "LANE_RIGHT_2",
      "execute": "LANE_RIGHT",
      "after": "1000",
      "priority": 0,
      "additionalGuards": null,
      "activationKind": null,
      "fixedVariables": {
        "Crash": "FALSE",
        "VehiclesAy": "{(EgoVehicle↦1.0796338319778442),(Vehicles2↦-1.0796338319778442),(Vehicles3↦1.0578519850969315),(Vehicles4↦-1.0796338319778442),(Vehicles5↦-1.0796338319778442)}",
        "Reward": "0.8327113850086175",
        "VehiclesAx": "{(EgoVehicle↦-0.023322105407714844),(Vehicles2↦-0.9209039807319641),(Vehicles3↦-4.7169288992881775),(Vehicles4↦-0.8900842070579529),(Vehicles5↦-0.6584858894348145)}",
        "VehiclesVx": "{(EgoVehicle↦24.976677894592285),(Vehicles2↦-4.27753210067749),(Vehicles3↦-6.201937198638916),(Vehicles4↦-3.7324517965316772),(Vehicles5↦-4.450671970844269)}",
        "VehiclesY": "{(EgoVehicle↦3.6599650382995605),(Vehicles2↦-3.6599650382995605),(Vehicles3↦3.56989324092865),(Vehicles4↦0.3400348797440529),(Vehicles5↦-3.6599650382995605)}",
        "VehiclesVy": "{(EgoVehicle↦1.0796338319778442),(Vehicles2↦-1.0796338319778442),(Vehicles3↦1.0578519850969315),(Vehicles4↦-1.0796338319778442),(Vehicles5↦-1.0796338319778442)}",
        "VehiclesX": "{(EgoVehicle↦180.31330108642578),(Vehicles2↦18.280793726444244),(Vehicles3↦41.39750301837921),(Vehicles4↦66.27394556999207),(Vehicles5↦86.391282081604)}"
      },
      "probabilisticVariables": null,
      "activating": [
        "LANE_RIGHT_3"
      ],
      "activatingOnlyWhenExecuted": true,
      "updating": null,
      "withPredicate": null
    },
    {
      "id": "LANE_RIGHT_3",
      "execute": "LANE_RIGHT",
      "after": "1000",
      "priority": 0,
      "additionalGuards": null,
      "activationKind": null,
      "fixedVariables": {
        "Crash": "FALSE",
        "VehiclesAy": "{(EgoVehicle↦0.037668049335479736),(Vehicles2↦-0.037668049335479736),(Vehicles3↦-2.0238563418388367),(Vehicles4↦-0.037668049335479736),(Vehicles5↦-2.196935713291168)}",
        "Reward": "0.8660005399738949",
        "VehiclesAx": "{(EgoVehicle↦-0.0016570091247558594),(Vehicles2↦-0.4890742897987366),(Vehicles3↦0.8012866973876953),(Vehicles4↦-0.53448885679245),(Vehicles5↦-0.32716840505599976)}",
        "VehiclesVx": "{(EgoVehicle↦24.97502088546753),(Vehicles2↦-4.766606390476227),(Vehicles3↦-5.400650501251221),(Vehicles4↦-4.266940653324127),(Vehicles5↦-4.7778403759002686)}",
        "VehiclesY": "{(EgoVehicle↦7.648639440536499),(Vehicles2↦-7.648639440536499),(Vehicles3↦0.29906225949525833),(Vehicles4↦-3.6486393213272095),(Vehicles5↦-7.648639440536499)}",
        "VehiclesVy": "{(EgoVehicle↦1.117301881313324),(Vehicles2↦-1.117301881313324),(Vehicles3↦-0.9660043567419052),(Vehicles4↦-1.117301881313324),(Vehicles5↦-1.117301881313324)}",
        "VehiclesX": "{(EgoVehicle↦200.0),(Vehicles2↦14.138229191303253),(Vehicles3↦35.95446050167084),(Vehicles4↦62.66244649887085),(Vehicles5↦82.1454405784607)}"
      },
      "probabilisticVariables": null,
      "activating": [
        "SLOWER_4"
      ],
      "activatingOnlyWhenExecuted": true,
      "updating": null,
      "withPredicate": null
    },
    {
      "id": "SLOWER_4",
      "execute": "SLOWER",
      "after": "1000",
      "priority": 0,
      "additionalGuards": null,
      "activationKind": null,
      "fixedVariables": {
        "Crash": "FALSE",
        "VehiclesAy": "{(EgoVehicle↦-1.0669453162699938),(Vehicles2↦1.0669453162699938),(Vehicles3↦0.925307204015553),(Vehicles4↦1.0669453162699938),(Vehicles5↦-1.1676584463566542)}",
        "Reward": "0.7508899957293784",
        "VehiclesAx": "{(EgoVehicle↦-4.316647052764893),(Vehicles2↦4.053134694695473),(Vehicles3↦4.681281298398972),(Vehicles4↦3.9899582974612713),(Vehicles5↦4.167600758373737)}",
        "VehiclesVx": "{(EgoVehicle↦20.658373832702637),(Vehicles2↦-0.7134716957807541),(Vehicles3↦-0.7193692028522491),(Vehicles4↦-0.2769823558628559),(Vehicles5↦-0.6102396175265312)}",
        "VehiclesY": "{(EgoVehicle↦7.9825708866119385),(Vehicles2↦-7.9825708866119385),(Vehicles3↦0.014108001720160246),(Vehicles4↦-3.982570767402649),(Vehicles5↦-7.9825708866119385)}",
        "VehiclesVy": "{(EgoVehicle↦0.05035656504333019),(Vehicles2↦-0.05035656504333019),(Vehicles3↦-0.040697152726352215),(Vehicles4↦-0.05035656504333019),(Vehicles5↦-0.05035656504333019)}",
        "VehiclesX": "{(EgoVehicle↦200.0),(Vehicles2↦11.627259105443954),(Vehicles3↦33.09372663497925),(Vehicles4↦60.62551140785217),(Vehicles5↦79.67180013656616)}"
      },
      "probabilisticVariables": null,
      "activating": [
        "LANE_RIGHT_5"
      ],
      "activatingOnlyWhenExecuted": true,
      "updating": null,
      "withPredicate": null
    },
    {
      "id": "LANE_RIGHT_5",
      "execute": "LANE_RIGHT",
      "after": "1000",
      "priority": 0,
      "additionalGuards": null,
      "activationKind": null,
      "fixedVariables": {
        "Crash": "FALSE",
        "VehiclesAy": "{(EgoVehicle↦-0.047261092986445874),(Vehicles2↦0.047261092986445874),(Vehicles3↦0.03820043144514784),(Vehicles4↦0.047261092986445874),(Vehicles5↦-0.05345203710021451)}",
        "Reward": "0.7356455309617208",
        "VehiclesAx": "{(EgoVehicle↦-0.5716657638549805),(Vehicles2↦0.43163640424609184),(Vehicles3↦0.7423980883322656),(Vehicles4↦0.37879370152950287),(Vehicles5↦0.5182273220270872)}",
        "VehiclesVx": "{(EgoVehicle↦20.086708068847656),(Vehicles2↦-0.28183529153466225),(Vehicles3↦0.02302888548001647),(Vehicles4↦0.10181134566664696),(Vehicles5↦-0.09201229549944401)}",
        "VehiclesY": "{(EgoVehicle↦7.9989330768585205),(Vehicles2↦-7.9989330768585205),(Vehicles3↦0.0008613841782789677),(Vehicles4↦-3.9989333152770996),(Vehicles5↦-7.9989330768585205)}",
        "VehiclesVy": "{(EgoVehicle↦0.0030954720568843186),(Vehicles2↦-0.0030954720568843186),(Vehicles3↦-0.0024967212812043726),(Vehicles4↦-0.0030954720568843186),(Vehicles5↦-0.0030954720568843186)}",
        "VehiclesX": "{(EgoVehicle↦200.0),(Vehicles2↦11.165861040353775),(Vehicles3↦32.76963531970978),(Vehicles4↦60.578376054763794),(Vehicles5↦79.35004830360413)}"
      },
      "probabilisticVariables": null,
      "activating": [
        "LANE_RIGHT_6"
      ],
      "activatingOnlyWhenExecuted": true,
      "updating": null,
      "withPredicate": null
    },
    {
      "id": "LANE_RIGHT_6",
      "execute": "LANE_RIGHT",
      "after": "1000",
      "priority": 0,
      "additionalGuards": null,
      "activationKind": null,
      "fixedVariables": {
        "Crash": "FALSE",
        "VehiclesAy": "{(EgoVehicle↦-0.0029031120720901527),(Vehicles2↦0.0029031120720901527),(Vehicles3↦0.002341009458177723),(Vehicles4↦0.0029031120720901527),(Vehicles5↦-0.0032878320416784845)}",
        "Reward": "0.7336378210767487",
        "VehiclesAx": "{(EgoVehicle↦-0.07529020309448242),(Vehicles2↦0.00530049204826355),(Vehicles3↦0.1339553319849074),(Vehicles4↦-0.034427172504365444),(Vehicles5↦0.07307367050088942)}",
        "VehiclesVx": "{(EgoVehicle↦20.011417865753174),(Vehicles2↦-0.2765347994863987),(Vehicles3↦0.15698421746492386),(Vehicles4↦0.06738417316228151),(Vehicles5↦-0.018938624998554587)}",
        "VehiclesY": "{(EgoVehicle↦7.99993371963501),(Vehicles2↦-7.99993371963501),(Vehicles3↦5.3670477427658625E-05),(Vehicles4↦-3.99993360042572),(Vehicles5↦-7.99993371963501)}",
        "VehiclesVy": "{(EgoVehicle↦0.00019235998479416594),(Vehicles2↦-0.00019235998479416594),(Vehicles3↦-0.00015571182302664965),(Vehicles4↦-0.00019235998479416594),(Vehicles5↦-0.00019235998479416594)}",
        "VehiclesX": "{(EgoVehicle↦200.0),(Vehicles2↦10.893380641937256),(Vehicles3↦32.86429941654205),(Vehicles4↦60.67268252372742),(Vehicles5↦79.29577231407166)}"
      },
      "probabilisticVariables": null,
      "activating": [
        "LANE_RIGHT_7"
      ],
      "activatingOnlyWhenExecuted": true,
      "updating": null,
      "withPredicate": null
    },
    {
      "id": "LANE_RIGHT_7",
      "execute": "LANE_RIGHT",
      "after": "1000",
      "priority": 0,
      "additionalGuards": null,
      "activationKind": null,
      "fixedVariables": {
        "Crash": "FALSE",
        "VehiclesAy": "{(EgoVehicle↦-0.0001803933446353767),(Vehicles2↦0.0001803933446353767),(Vehicles3↦0.00014598163375012518),(Vehicles4↦0.0001803933446353767),(Vehicles5↦-0.00020432662495295517)}",
        "Reward": "0.7333734304878807",
        "VehiclesAx": "{(EgoVehicle↦-0.009913444519042969),(Vehicles2↦-0.01941777765750885),(Vehicles3↦0.0051877461373806),(Vehicles4↦-0.04857512074522674),(Vehicles5↦0.03456213977187872)}",
        "VehiclesVx": "{(EgoVehicle↦20.00150442123413),(Vehicles2↦-0.29595257714390755),(Vehicles3↦0.16217196360230446),(Vehicles4↦0.018809052417054772),(Vehicles5↦0.015623514773324132)}",
        "VehiclesY": "{(EgoVehicle↦7.999995946884155),(Vehicles2↦-7.999995946884155),(Vehicles3↦3.352801172695763E-06),(Vehicles4↦-3.9999958276748657),(Vehicles5↦-7.999995946884155)}",
        "VehiclesVy": "{(EgoVehicle↦1.1966640158789232E-05),(Vehicles2↦-1.1966640158789232E-05),(Vehicles3↦-9.73018927652447E-06),(Vehicles4↦-1.1966640158789232E-05),(Vehicles5↦-1.1966640158789232E-05)}",
        "VehiclesX": "{(EgoVehicle↦200.0),(Vehicles2↦10.608134418725967),(Vehicles3↦33.028584718704224),(Vehicles4↦60.718971490859985),(Vehicles5↦79.29067015647888)}"
      },
      "probabilisticVariables": null,
      "activating": [
        "LANE_RIGHT_8"
      ],
      "activatingOnlyWhenExecuted": true,
      "updating": null,
      "withPredicate": null
    },
    {
      "id": "LANE_RIGHT_8",
      "execute": "LANE_RIGHT",
      "after": "1000",
      "priority": 0,
      "additionalGuards": null,
      "activationKind": null,
      "fixedVariables": {
        "Crash": "FALSE",
        "VehiclesAy": "{(EgoVehicle↦-1.122209354775805E-05),(Vehicles2↦1.122209354775805E-05),(Vehicles3↦9.122455963961329E-06),(Vehicles4↦1.122209354775805E-05),(Vehicles5↦-1.2711186769820415E-05)}",
        "Reward": "0.733338613617072",
        "VehiclesAx": "{(EgoVehicle↦-0.0013065338134765625),(Vehicles2↦-0.00416245311498642),(Vehicles3↦-0.03883535973727703),(Vehicles4↦-0.025736649986356497),(Vehicles5↦0.0392240087967366)}",
        "VehiclesVx": "{(EgoVehicle↦20.000197887420654),(Vehicles2↦-0.30011503025889397),(Vehicles3↦0.12333660386502743),(Vehicles4↦-0.0069275975693017244),(Vehicles5↦0.05484752357006073)}",
        "VehiclesY": "{(EgoVehicle↦7.999999523162842),(Vehicles2↦-7.999999523162842),(Vehicles3↦2.0934987077225742E-07),(Vehicles4↦-3.999999761581421),(Vehicles5↦-7.999999523162842)}",
        "VehiclesVy": "{(EgoVehicle↦7.445466110311827E-07),(Vehicles2↦-7.445466110311827E-07),(Vehicles3↦-6.077333125631412E-07),(Vehicles4↦-7.445466110311827E-07),(Vehicles5↦-7.445466110311827E-07)}",
        "VehiclesX": "{(EgoVehicle↦200.0),(Vehicles2↦10.30927374958992),(Vehicles3↦33.17749202251434),(Vehicles4↦60.72574257850647),(Vehicles5↦79.32148575782776)}"
      },
      "probabilisticVariables": null,
      "activating": [
        "LANE_RIGHT_9"
      ],
      "activatingOnlyWhenExecuted": true,
      "updating": null,
      "withPredicate": null
    },
    {
      "id": "LANE_RIGHT_9",
      "execute": "LANE_RIGHT",
      "after": "1000",
      "priority": 0,
      "additionalGuards": null,
      "activationKind": null,
      "fixedVariables": {
        "Crash": "FALSE",
        "VehiclesAy": "{(EgoVehicle↦-6.982211431250107E-07),(Vehicles2↦6.982211431250107E-07),(Vehicles3↦5.698231309025914E-07),(Vehicles4↦6.982211431250107E-07),(Vehicles5↦-7.908720789373547E-07)}",
        "Reward": "0.73333402867934",
        "VehiclesAx": "{(EgoVehicle↦-0.000171661376953125),(Vehicles2↦0.008748620748519897),(Vehicles3↦-0.059760804288089275),(Vehicles4↦-0.0075781578198075294),(Vehicles5↦0.04377845674753189)}",
        "VehiclesVx": "{(EgoVehicle↦20.0000262260437),(Vehicles2↦-0.29136640951037407),(Vehicles3↦0.06357579957693815),(Vehicles4↦-0.014505755389109254),(Vehicles5↦0.09862598031759262)}",
        "VehiclesY": "{(EgoVehicle↦8.000000238418579),(Vehicles2↦-8.000000238418579),(Vehicles3↦1.3054815894975036E-08),(Vehicles4↦-4.0000001192092896),(Vehicles5↦-8.000000238418579)}",
        "VehiclesVy": "{(EgoVehicle↦4.632546790617198E-08),(Vehicles2↦-4.632546790617198E-08),(Vehicles3↦-3.7910181660549824E-08),(Vehicles4↦-4.632546790617198E-08),(Vehicles5↦-4.632546790617198E-08)}",
        "VehiclesX": "{(EgoVehicle↦200.0),(Vehicles2↦10.011837631464005),(Vehicles3↦33.27811658382416),(Vehicles4↦60.71462035179138),(Vehicles5↦79.39361929893494)}"
      },
      "probabilisticVariables": null,
      "activating": [
        "LANE_RIGHT_10"
      ],
      "activatingOnlyWhenExecuted": true,
      "updating": null,
      "withPredicate": null
    },
    {
      "id": "LANE_RIGHT_10",
      "execute": "LANE_RIGHT",
      "after": "1000",
      "priority": 0,
      "additionalGuards": null,
      "activationKind": null,
      "fixedVariables": {
        "Crash": "FALSE",
        "VehiclesAy": "{(EgoVehicle↦-4.3443115771424345E-08),(Vehicles2↦4.344310688964015E-08),(Vehicles3↦3.554914584924518E-08),(Vehicles4↦4.344310688964015E-08),(Vehicles5↦-4.920782892270381E-08)}",
        "Reward": "0.7333334249015317",
        "VehiclesAx": "{(EgoVehicle↦-2.384185791015625E-05),(Vehicles2↦0.016818586736917496),(Vehicles3↦-0.07128451543394476),(Vehicles4↦0.0041237822733819485),(Vehicles5↦0.04514670930802822)}",
        "VehiclesVx": "{(EgoVehicle↦20.00000238418579),(Vehicles2↦-0.2745478227734566),(Vehicles3↦-0.0077087158570066094),(Vehicles4↦-0.010381973115727305),(Vehicles5↦0.14377268962562084)}",
        "VehiclesY": "{(EgoVehicle↦8.000000238418579),(Vehicles2↦-8.000000238418579),(Vehicles3↦8.127551964776103E-10),(Vehicles4↦-4.0000001192092896),(Vehicles5↦-8.000000238418579)}",
        "VehiclesVy": "{(EgoVehicle↦2.8823521347476344E-09),(Vehicles2↦-2.8823610165318314E-09),(Vehicles3↦-2.361035811304646E-09),(Vehicles4↦-2.8823610165318314E-09),(Vehicles5↦-2.8823610165318314E-09)}",
        "VehiclesX": "{(EgoVehicle↦200.0),(Vehicles2↦9.726709872484207),(Vehicles3↦33.31387937068939),(Vehicles4↦60.70103049278259),(Vehicles5↦79.51029539108276)}"
      },
      "probabilisticVariables": null,
      "activating": [
        "LANE_RIGHT_11"
      ],
      "activatingOnlyWhenExecuted": true,
      "updating": null,
      "withPredicate": null
    },
    {
      "id": "LANE_RIGHT_11",
      "execute": "LANE_RIGHT",
      "after": "1000",
      "priority": 0,
      "additionalGuards": null,
      "activationKind": null,
      "fixedVariables": {
        "Crash": "FALSE",
        "VehiclesAy": "{(EgoVehicle↦-2.703011148241785E-09),(Vehicles2↦2.703020030025982E-09),(Vehicles3↦2.2142554456650032E-09),(Vehicles4↦2.703020030025982E-09),(Vehicles5↦-3.0617020030376807E-09)}",
        "Reward": "0.7333333453916969",
        "VehiclesAx": "{(EgoVehicle↦-2.384185791015625E-06),(Vehicles2↦0.02152940258383751),(Vehicles3↦-0.07845484593417495),(Vehicles4↦0.011405388941057026),(Vehicles5↦0.04442143253982067)}",
        "VehiclesVx": "{(EgoVehicle↦20.0),(Vehicles2↦-0.25301842018961906),(Vehicles3↦-0.08616356179118156),(Vehicles4↦0.001023415825329721),(Vehicles5↦0.1881941221654415)}",
        "VehiclesY": "{(EgoVehicle↦8.000000238418579),(Vehicles2↦-8.000000238418579),(Vehicles3↦5.050626583624762E-11),(Vehicles4↦-4.0000001192092896),(Vehicles5↦-8.000000238418579)}",
        "VehiclesVy": "{(EgoVehicle↦1.7934098650584929E-10),(Vehicles2↦-1.7934098650584929E-10),(Vehicles3↦-1.467803656396427E-10),(Vehicles4↦-1.7934098650584929E-10),(Vehicles5↦-1.7934098650584929E-10)}",
        "VehiclesX": "{(EgoVehicle↦200.0),(Vehicles2↦9.460495412349701),(Vehicles3↦33.27526152133942),(Vehicles4↦60.69476008415222),(Vehicles5↦79.6719491481781)}"
      },
      "probabilisticVariables": null,
      "activating": [
        "LANE_RIGHT_12"
      ],
      "activatingOnlyWhenExecuted": true,
      "updating": null,
      "withPredicate": null
    },
    {
      "id": "LANE_RIGHT_12",
      "execute": "LANE_RIGHT",
      "after": "1000",
      "priority": 0,
      "additionalGuards": null,
      "activationKind": null,
      "fixedVariables": {
        "Crash": "FALSE",
        "VehiclesAy": "{(EgoVehicle↦-1.6818546555441571E-10),(Vehicles2↦1.6818546555441571E-10),(Vehicles3↦1.376676550535194E-10),(Vehicles4↦1.6818546555441571E-10),(Vehicles5↦-1.9049650745728286E-10)}",
        "Reward": "0.733333334921266",
        "VehiclesAx": "{(EgoVehicle↦0.0),(Vehicles2↦0.024153869599103928),(Vehicles3↦-0.08384397253394127),(Vehicles4↦0.01591889013070613),(Vehicles5↦0.042597316205501556)}",
        "VehiclesVx": "{(EgoVehicle↦20.0),(Vehicles2↦-0.22886455059051514),(Vehicles3↦-0.17000753432512283),(Vehicles4↦0.016942305956035852),(Vehicles5↦0.23079143837094307)}",
        "VehiclesY": "{(EgoVehicle↦8.000000238418579),(Vehicles2↦-8.000000238418579),(Vehicles3↦3.1308289294429414E-12),(Vehicles4↦-4.0000001192092896),(Vehicles5↦-8.000000238418579)}",
        "VehiclesVy": "{(EgoVehicle↦1.1155520951433573E-11),(Vehicles2↦-1.1155520951433573E-11),(Vehicles3↦-9.112710586123285E-12),(Vehicles4↦-1.1155520951433573E-11),(Vehicles5↦-1.1155520951433573E-11)}",
        "VehiclesX": "{(EgoVehicle↦200.0),(Vehicles2↦9.2169888317585),(Vehicles3↦33.15596282482147),(Vehicles4↦60.701870918273926),(Vehicles5↦79.87735867500305)}"
      },
      "probabilisticVariables": null,
      "activating": [
        "LANE_RIGHT_13"
      ],
      "activatingOnlyWhenExecuted": true,
      "updating": null,
      "withPredicate": null
    },
    {
      "id": "LANE_RIGHT_13",
      "execute": "LANE_RIGHT",
      "after": "1000",
      "priority": 0,
      "additionalGuards": null,
      "activationKind": null,
      "fixedVariables": {
        "Crash": "FALSE",
        "VehiclesAy": "{(EgoVehicle↦-1.0462741784067475E-11),(Vehicles2↦1.0462741784067475E-11),(Vehicles3↦8.562039965909207E-12),(Vehicles4↦1.0462741784067475E-11),(Vehicles5↦-1.184830011879967E-11)}",
        "Reward": "0.7333333335424438",
        "VehiclesAx": "{(EgoVehicle↦0.0),(Vehicles2↦0.025505609810352325),(Vehicles3↦-0.08890785276889801),(Vehicles4↦0.01872529275715351),(Vehicles5↦0.04028158262372017)}",
        "VehiclesVx": "{(EgoVehicle↦20.0),(Vehicles2↦-0.2033589407801628),(Vehicles3↦-0.25891538709402084),(Vehicles4↦0.035667598713189363),(Vehicles5↦0.27107302099466324)}",
        "VehiclesY": "{(EgoVehicle↦8.000000238418579),(Vehicles2↦-8.000000238418579),(Vehicles3↦1.9451107391432743E-13),(Vehicles4↦-4.0000001192092896),(Vehicles5↦-8.000000238418579)}",
        "VehiclesVy": "{(EgoVehicle↦6.927791673660977E-13),(Vehicles2↦-6.927791673660977E-13),(Vehicles3↦-5.506706202140776E-13),(Vehicles4↦-6.927791673660977E-13),(Vehicles5↦-6.927791673660977E-13)}",
        "VehiclesX": "{(EgoVehicle↦200.0),(Vehicles2↦8.99825468659401),(Vehicles3↦32.950809597969055),(Vehicles4↦60.72612404823303),(Vehicles5↦80.12445569038391)}"
      },
      "probabilisticVariables": null,
      "activating": [
        "LANE_RIGHT_14"
      ],
      "activatingOnlyWhenExecuted": true,
      "updating": null,
      "withPredicate": null
    },
    {
      "id": "LANE_RIGHT_14",
      "execute": "LANE_RIGHT",
      "after": "1000",
      "priority": 0,
      "additionalGuards": null,
      "activationKind": null,
      "fixedVariables": {
        "Crash": "FALSE",
        "VehiclesAy": "{(EgoVehicle↦-6.572520305780927E-13),(Vehicles2↦6.483702463810914E-13),(Vehicles3↦5.240252676230739E-13),(Vehicles4↦6.483702463810914E-13),(Vehicles5↦-7.371880883511039E-13)}",
        "Reward": "0.7333333333608705",
        "VehiclesAx": "{(EgoVehicle↦0.0),(Vehicles2↦0.026081260293722153),(Vehicles3↦-0.09445630013942719),(Vehicles4↦0.020479115191847086),(Vehicles5↦0.037814490497112274)}",
        "VehiclesVx": "{(EgoVehicle↦20.0),(Vehicles2↦-0.17727768048644066),(Vehicles3↦-0.35337168723344803),(Vehicles4↦0.05614671390503645),(Vehicles5↦0.3088875114917755)}",
        "VehiclesY": "{(EgoVehicle↦8.000000238418579),(Vehicles2↦-8.000000238418579),(Vehicles3↦1.3322676295501878E-14),(Vehicles4↦-4.0000001192092896),(Vehicles5↦-8.000000238418579)}",
        "VehiclesVy": "{(EgoVehicle↦3.552713678800501E-14),(Vehicles2↦-4.440892098500626E-14),(Vehicles3↦-2.6645352591003757E-14),(Vehicles4↦-4.440892098500626E-14),(Vehicles5↦-4.440892098500626E-14)}",
        "VehiclesX": "{(EgoVehicle↦200.0),(Vehicles2↦8.805304765701294),(Vehicles3↦32.65458643436432),(Vehicles4↦60.76987385749817),(Vehicles5↦80.41085004806519)}"
      },
      "probabilisticVariables": null,
      "activating": [
        "FASTER_15"
      ],
      "activatingOnlyWhenExecuted": true,
      "updating": null,
      "withPredicate": null
    },
    {
      "id": "FASTER_15",
      "execute": "FASTER",
      "after": "1000",
      "priority": 0,
      "additionalGuards": null,
      "activationKind": null,
      "fixedVariables": {
        "Crash": "FALSE",
        "VehiclesAy": "{(EgoVehicle↦-3.552713678800501E-14),(Vehicles2↦4.440892098500626E-14),(Vehicles3↦2.6645352591003757E-14),(Vehicles4↦4.440892098500626E-14),(Vehicles5↦-4.440892098500626E-14)}",
        "Reward": "0.8491083676305125",
        "VehiclesAx": "{(EgoVehicle↦4.341564178466797),(Vehicles2↦-4.315381292253733),(Vehicles3↦-4.442431144416332),(Vehicles4↦-4.31998226325959),(Vehicles5↦-4.3061865866184235)}",
        "VehiclesVx": "{(EgoVehicle↦24.341564178466797),(Vehicles2↦-4.492658972740173),(Vehicles3↦-4.79580283164978),(Vehicles4↦-4.263835549354553),(Vehicles5↦-3.997299075126648)}",
        "VehiclesY": "{(EgoVehicle↦8.000000238418579),(Vehicles2↦-8.000000238418579),(Vehicles3↦0.0),(Vehicles4↦-4.0000001192092896),(Vehicles5↦-8.000000238418579)}",
        "VehiclesVy": "{(EgoVehicle↦0.0),(Vehicles2↦0.0),(Vehicles3↦0.0),(Vehicles4↦0.0),(Vehicles5↦0.0)}",
        "VehiclesX": "{(EgoVehicle↦200.0),(Vehicles2↦6.243443861603737),(Vehicles3↦29.866355657577515),(Vehicles4↦58.43952298164368),(Vehicles5↦78.339022397995)}"
      },
      "probabilisticVariables": null,
      "activating": [
        "SLOWER_16"
      ],
      "activatingOnlyWhenExecuted": true,
      "updating": null,
      "withPredicate": null
    },
    {
      "id": "SLOWER_16",
      "execute": "SLOWER",
      "after": "1000",
      "priority": 0,
      "additionalGuards": null,
      "activationKind": null,
      "fixedVariables": {
        "Crash": "FALSE",
        "VehiclesAy": "{(EgoVehicle↦0.0),(Vehicles2↦0.0),(Vehicles3↦0.0),(Vehicles4↦0.0),(Vehicles5↦0.0)}",
        "Reward": "0.7485794283848136",
        "VehiclesAx": "{(EgoVehicle↦-3.76983642578125),(Vehicles2↦3.7958277761936188),(Vehicles3↦3.6616376787424088),(Vehicles4↦3.7921134009957314),(Vehicles5↦3.802894651889801)}",
        "VehiclesVx": "{(EgoVehicle↦20.571727752685547),(Vehicles2↦-0.6968311965465546),(Vehicles3↦-1.1341651529073715),(Vehicles4↦-0.47172214835882187),(Vehicles5↦-0.19440442323684692)}",
        "VehiclesY": "{(EgoVehicle↦8.000000238418579),(Vehicles2↦-8.000000238418579),(Vehicles3↦0.0),(Vehicles4↦-4.0000001192092896),(Vehicles5↦-8.000000238418579)}",
        "VehiclesVy": "{(EgoVehicle↦0.0),(Vehicles2↦0.0),(Vehicles3↦0.0),(Vehicles4↦0.0),(Vehicles5↦0.0)}",
        "VehiclesX": "{(EgoVehicle↦200.0),(Vehicles2↦3.8408681750297546),(Vehicles3↦27.1075576543808),(Vehicles4↦56.26422166824341),(Vehicles5↦76.43478512763977)}"
      },
      "probabilisticVariables": null,
      "activating": [
        "LANE_RIGHT_17"
      ],
      "activatingOnlyWhenExecuted": true,
      "updating": null,
      "withPredicate": null
    },
    {
      "id": "LANE_RIGHT_17",
      "execute": "LANE_RIGHT",
      "after": "1000",
      "priority": 0,
      "additionalGuards": null,
      "activationKind": null,
      "fixedVariables": {
        "Crash": "FALSE",
        "VehiclesAy": "{(EgoVehicle↦0.0),(Vehicles2↦0.0),(Vehicles3↦0.0),(Vehicles4↦0.0),(Vehicles5↦0.0)}",
        "Reward": "0.7353410495541044",
        "VehiclesAx": "{(EgoVehicle↦-0.49643754959106445),(Vehicles2↦0.5220640264451504),(Vehicles3↦0.3801904618740082),(Vehicles4↦0.5191589705646038),(Vehicles5↦0.5273400247097015)}",
        "VehiclesVx": "{(EgoVehicle↦20.075290203094482),(Vehicles2↦-0.1747671701014042),(Vehicles3↦-0.7539746910333633),(Vehicles4↦0.04743682220578194),(Vehicles5↦0.3329356014728546)}",
        "VehiclesY": "{(EgoVehicle↦8.000000238418579),(Vehicles2↦-8.000000238418579),(Vehicles3↦0.0),(Vehicles4↦-4.0000001192092896),(Vehicles5↦-8.000000238418579)}",
        "VehiclesVy": "{(EgoVehicle↦0.0),(Vehicles2↦0.0),(Vehicles3↦0.0),(Vehicles4↦0.0),(Vehicles5↦0.0)}",
        "VehiclesX": "{(EgoVehicle↦200.0),(Vehicles2↦3.4281864762306213),(Vehicles3↦26.20142102241516),(Vehicles4↦56.07542395591736),(Vehicles5↦76.52677297592163)}"
      },
      "probabilisticVariables": null,
      "activating": [
        "LANE_RIGHT_18"
      ],
      "activatingOnlyWhenExecuted": true,
      "updating": null,
      "withPredicate": null
    },
    {
      "id": "LANE_RIGHT_18",
      "execute": "LANE_RIGHT",
      "after": "1000",
      "priority": 0,
      "additionalGuards": null,
      "activationKind": null,
      "fixedVariables": {
        "Crash": "FALSE",
        "VehiclesAy": "{(EgoVehicle↦0.0),(Vehicles2↦0.0),(Vehicles3↦0.0),(Vehicles4↦0.0),(Vehicles5↦0.0)}",
        "Reward": "0.7335977239467683",
        "VehiclesAx": "{(EgoVehicle↦-0.06537437438964844),(Vehicles2↦0.09052320383489132),(Vehicles3↦-0.05924291908740997),(Vehicles4↦0.08837294764816761),(Vehicles5↦0.09428709745407104)}",
        "VehiclesVx": "{(EgoVehicle↦20.009915828704834),(Vehicles2↦-0.08424396626651287),(Vehicles3↦-0.8132176101207733),(Vehicles4↦0.13580976985394955),(Vehicles5↦0.42722269892692566)}",
        "VehiclesY": "{(EgoVehicle↦8.000000238418579),(Vehicles2↦-8.000000238418579),(Vehicles3↦0.0),(Vehicles4↦-4.0000001192092896),(Vehicles5↦-8.000000238418579)}",
        "VehiclesVy": "{(EgoVehicle↦0.0),(Vehicles2↦0.0),(Vehicles3↦0.0),(Vehicles4↦0.0),(Vehicles5↦0.0)}",
        "VehiclesX": "{(EgoVehicle↦200.0),(Vehicles2↦3.299584239721298),(Vehicles3↦25.434333086013794),(Vehicles4↦56.16810321807861),(Vehicles5↦76.90749168395996)}"
      },
      "probabilisticVariables": null,
      "activating": [
        "LANE_RIGHT_19"
      ],
      "activatingOnlyWhenExecuted": true,
      "updating": null,
      "withPredicate": null
    },
    {
      "id": "LANE_RIGHT_19",
      "execute": "LANE_RIGHT",
      "after": "1000",
      "priority": 0,
      "additionalGuards": null,
      "activationKind": null,
      "fixedVariables": {
        "Crash": "FALSE",
        "VehiclesAy": "{(EgoVehicle↦0.0),(Vehicles2↦0.0),(Vehicles3↦0.0),(Vehicles4↦0.0),(Vehicles5↦0.0)}",
        "Reward": "0.7333681502042383",
        "VehiclesAx": "{(EgoVehicle↦-0.008609294891357422),(Vehicles2↦0.03321639262139797),(Vehicles3↦-0.12414000928401947),(Vehicles4↦0.031778523698449135),(Vehicles5↦0.035700052976608276)}",
        "VehiclesVx": "{(EgoVehicle↦20.001306533813477),(Vehicles2↦-0.0510275736451149),(Vehicles3↦-0.9373576194047928),(Vehicles4↦0.16758829355239868),(Vehicles5↦0.46292275190353394)}",
        "VehiclesY": "{(EgoVehicle↦8.000000238418579),(Vehicles2↦-8.000000238418579),(Vehicles3↦0.0),(Vehicles4↦-4.0000001192092896),(Vehicles5↦-8.000000238418579)}",
        "VehiclesVy": "{(EgoVehicle↦0.0),(Vehicles2↦0.0),(Vehicles3↦0.0),(Vehicles4↦0.0),(Vehicles5↦0.0)}",
        "VehiclesX": "{(EgoVehicle↦200.0),(Vehicles2↦3.229977563023567),(Vehicles3↦24.573390185832977),(Vehicles4↦56.31791949272156),(Vehicles5↦77.3504376411438)}"
      },
      "probabilisticVariables": null,
      "activating": [
        "LANE_RIGHT_20"
      ],
      "activatingOnlyWhenExecuted": true,
      "updating": null,
      "withPredicate": null
    },
    {
      "id": "LANE_RIGHT_20",
      "execute": "LANE_RIGHT",
      "after": "1000",
      "priority": 0,
      "additionalGuards": null,
      "activationKind": null,
      "fixedVariables": {
        "Crash": "FALSE",
        "VehiclesAy": "{(EgoVehicle↦0.0),(Vehicles2↦0.0),(Vehicles3↦0.0),(Vehicles4↦0.0),(Vehicles5↦0.0)}",
        "Reward": "0.7333379182710656",
        "VehiclesAx": "{(EgoVehicle↦-0.0011348724365234375),(Vehicles2↦0.02516279462724924),(Vehicles3↦-0.13885967433452606),(Vehicles4↦0.024401061236858368),(Vehicles5↦-2.4673421680927277)}",
        "VehiclesVx": "{(EgoVehicle↦20.000171661376953),(Vehicles2↦-0.025864779017865658),(Vehicles3↦-1.0762172937393188),(Vehicles4↦0.19198935478925705),(Vehicles5↦-2.0044194161891937)}",
        "VehiclesY": "{(EgoVehicle↦8.000000238418579),(Vehicles2↦-8.000000238418579),(Vehicles3↦0.0),(Vehicles4↦-4.0000001192092896),(Vehicles5↦0.0)}",
        "VehiclesVy": "{(EgoVehicle↦0.0),(Vehicles2↦0.0),(Vehicles3↦0.0),(Vehicles4↦0.0),(Vehicles5↦0.0)}",
        "VehiclesX": "{(EgoVehicle↦200.0),(Vehicles2↦3.189234435558319),(Vehicles3↦23.581187427043915),(Vehicles4↦56.4954400062561),(Vehicles5↦75.960773229599)}"
      },
      "probabilisticVariables": null,
      "activating": [
        "SLOWER_21"
      ],
      "activatingOnlyWhenExecuted": true,
      "updating": null,
      "withPredicate": null
    },
    {
      "id": "SLOWER_21",
      "execute": "SLOWER",
      "after": "1000",
      "priority": 0,
      "additionalGuards": null,
      "activationKind": null,
      "fixedVariables": {
        "Crash": "FALSE",
        "VehiclesAy": "{(EgoVehicle↦0.0),(Vehicles2↦0.0),(Vehicles3↦0.0),(Vehicles4↦0.0),(Vehicles5↦0.0)}",
        "Reward": "0.7333339371111417",
        "VehiclesAx": "{(EgoVehicle↦-0.00015020370483398438),(Vehicles2↦0.023580772540299222),(Vehicles3↦-0.145525261759758),(Vehicles4↦0.02346143126487732),(Vehicles5↦-0.13823390007019043)}",
        "VehiclesVx": "{(EgoVehicle↦20.00002145767212),(Vehicles2↦-0.002284006477566436),(Vehicles3↦-1.2217425554990768),(Vehicles4↦0.21545078605413437),(Vehicles5↦-2.142653316259384)}",
        "VehiclesY": "{(EgoVehicle↦8.000000238418579),(Vehicles2↦-8.000000238418579),(Vehicles3↦0.0),(Vehicles4↦-4.0000001192092896),(Vehicles5↦0.0)}",
        "VehiclesVy": "{(EgoVehicle↦0.0),(Vehicles2↦0.0),(Vehicles3↦0.0),(Vehicles4↦0.0),(Vehicles5↦0.0)}",
        "VehiclesX": "{(EgoVehicle↦200.0),(Vehicles2↦3.1728729605674744),(Vehicles3↦22.44715839624405),(Vehicles4↦56.69683218002319),(Vehicles5↦73.90045523643494)}"
      },
      "probabilisticVariables": null,
      "activating": [
        "SLOWER_22"
      ],
      "activatingOnlyWhenExecuted": true,
      "updating": null,
      "withPredicate": null
    },
    {
      "id": "SLOWER_22",
      "execute": "SLOWER",
      "after": "1000",
      "priority": 0,
      "additionalGuards": null,
      "activationKind": null,
      "fixedVariables": {
        "Crash": "FALSE",
        "VehiclesAy": "{(EgoVehicle↦0.0),(Vehicles2↦0.0),(Vehicles3↦0.0),(Vehicles4↦0.0),(Vehicles5↦0.0)}",
        "Reward": "0.7333334128431681",
        "VehiclesAx": "{(EgoVehicle↦-1.9073486328125E-05),(Vehicles2↦0.022845846397103742),(Vehicles3↦-0.14914296567440033),(Vehicles4↦0.023335609585046768),(Vehicles5↦-0.12834221124649048)}",
        "VehiclesVx": "{(EgoVehicle↦20.00000238418579),(Vehicles2↦0.020561839919537306),(Vehicles3↦-1.3708855211734772),(Vehicles4↦0.23878639563918114),(Vehicles5↦-2.2709955275058746)}",
        "VehiclesY": "{(EgoVehicle↦8.000000238418579),(Vehicles2↦-8.000000238418579),(Vehicles3↦0.0),(Vehicles4↦-4.0000001192092896),(Vehicles5↦0.0)}",
        "VehiclesVy": "{(EgoVehicle↦0.0),(Vehicles2↦0.0),(Vehicles3↦0.0),(Vehicles4↦0.0),(Vehicles5↦0.0)}",
        "VehiclesX": "{(EgoVehicle↦200.0),(Vehicles2↦3.179778531193733),(Vehicles3↦21.165938675403595),(Vehicles4↦56.921619176864624),(Vehicles5↦71.70550227165222)}"
      },
      "probabilisticVariables": null,
      "activating": [
        "SLOWER_23"
      ],
      "activatingOnlyWhenExecuted": true,
      "updating": null,
      "withPredicate": null
    },
    {
      "id": "SLOWER_23",
      "execute": "SLOWER",
      "after": "1000",
      "priority": 0,
      "additionalGuards": null,
      "activationKind": null,
      "fixedVariables": {
        "Crash": "FALSE",
        "VehiclesAy": "{(EgoVehicle↦0.0),(Vehicles2↦0.0),(Vehicles3↦0.0),(Vehicles4↦0.0),(Vehicles5↦0.0)}",
        "Reward": "0.7333333438037642",
        "VehiclesAx": "{(EgoVehicle↦-2.384185791015625E-06),(Vehicles2↦0.022223589476197958),(Vehicles3↦-0.1499415934085846),(Vehicles4↦0.023288745433092117),(Vehicles5↦-0.11454030871391296)}",
        "VehiclesVx": "{(EgoVehicle↦20.0),(Vehicles2↦0.042785429395735264),(Vehicles3↦-1.5208271145820618),(Vehicles4↦0.26207514107227325),(Vehicles5↦-2.3855358362197876)}",
        "VehiclesY": "{(EgoVehicle↦8.000000238418579),(Vehicles2↦-8.000000238418579),(Vehicles3↦0.0),(Vehicles4↦-4.0000001192092896),(Vehicles5↦0.0)}",
        "VehiclesVy": "{(EgoVehicle↦0.0),(Vehicles2↦0.0),(Vehicles3↦0.0),(Vehicles4↦0.0),(Vehicles5↦0.0)}",
        "VehiclesX": "{(EgoVehicle↦200.0),(Vehicles2↦3.2092787325382233),(Vehicles3↦19.735021889209747),(Vehicles4↦57.169729471206665),(Vehicles5↦69.38745379447937)}"
      },
      "probabilisticVariables": null,
      "activating": [
        "SLOWER_24"
      ],
      "activatingOnlyWhenExecuted": true,
      "updating": null,
      "withPredicate": null
    },
    {
      "id": "SLOWER_24",
      "execute": "SLOWER",
      "after": "1000",
      "priority": 0,
      "additionalGuards": null,
      "activationKind": null,
      "fixedVariables": {
        "Crash": "FALSE",
        "VehiclesAy": "{(EgoVehicle↦0.0),(Vehicles2↦0.0),(Vehicles3↦0.0),(Vehicles4↦0.0),(Vehicles5↦0.0)}",
        "Reward": "0.7333333347121554",
        "VehiclesAx": "{(EgoVehicle↦0.0),(Vehicles2↦0.0216215243563056),(Vehicles3↦-0.14768213033676147),(Vehicles4↦0.023227669298648834),(Vehicles5↦-0.09789213538169861)}",
        "VehiclesVx": "{(EgoVehicle↦20.0),(Vehicles2↦0.06440695375204086),(Vehicles3↦-1.6685092449188232),(Vehicles4↦0.2853028103709221),(Vehicles5↦-2.483427971601486)}",
        "VehiclesY": "{(EgoVehicle↦8.000000238418579),(Vehicles2↦-8.000000238418579),(Vehicles3↦0.0),(Vehicles4↦-4.0000001192092896),(Vehicles5↦0.0)}",
        "VehiclesVy": "{(EgoVehicle↦0.0),(Vehicles2↦0.0),(Vehicles3↦0.0),(Vehicles4↦0.0),(Vehicles5↦0.0)}",
        "VehiclesX": "{(EgoVehicle↦200.0),(Vehicles2↦3.2607603818178177),(Vehicles3↦18.154814839363098),(Vehicles4↦57.44109749794006),(Vehicles5↦66.96134209632874)}"
      },
      "probabilisticVariables": null,
      "activating": [
        "SLOWER_25"
      ],
      "activatingOnlyWhenExecuted": true,
      "updating": null,
      "withPredicate": null
    },
    {
      "id": "SLOWER_25",
      "execute": "SLOWER",
      "after": "1000",
      "priority": 0,
      "additionalGuards": null,
      "activationKind": null,
      "fixedVariables": {
        "Crash": "FALSE",
        "VehiclesAy": "{(EgoVehicle↦0.0),(Vehicles2↦0.0),(Vehicles3↦0.0),(Vehicles4↦0.0),(Vehicles5↦0.0)}",
        "Reward": "0.7333333335149067",
        "VehiclesAx": "{(EgoVehicle↦0.0),(Vehicles2↦0.021030372008681297),(Vehicles3↦-0.14225706458091736),(Vehicles4↦0.02314254641532898),(Vehicles5↦-0.07948890328407288)}",
        "VehiclesVx": "{(EgoVehicle↦20.0),(Vehicles2↦0.08543732576072216),(Vehicles3↦-1.8107663094997406),(Vehicles4↦0.30844535678625107),(Vehicles5↦-2.562916874885559)}",
        "VehiclesY": "{(EgoVehicle↦8.000000238418579),(Vehicles2↦-8.000000238418579),(Vehicles3↦0.0),(Vehicles4↦-4.0000001192092896),(Vehicles5↦0.0)}",
        "VehiclesVy": "{(EgoVehicle↦0.0),(Vehicles2↦0.0),(Vehicles3↦0.0),(Vehicles4↦0.0),(Vehicles5↦0.0)}",
        "VehiclesX": "{(EgoVehicle↦200.0),(Vehicles2↦3.333626314997673),(Vehicles3↦16.428843140602112),(Vehicles4↦57.73566961288452),(Vehicles5↦64.4446074962616)}"
      },
      "probabilisticVariables": null,
      "activating": [
        "SLOWER_26"
      ],
      "activatingOnlyWhenExecuted": true,
      "updating": null,
      "withPredicate": null
    },
    {
      "id": "SLOWER_26",
      "execute": "SLOWER",
      "after": "1000",
      "priority": 0,
      "additionalGuards": null,
      "activationKind": null,
      "fixedVariables": {
        "Crash": "FALSE",
        "VehiclesAy": "{(EgoVehicle↦0.0),(Vehicles2↦0.0),(Vehicles3↦-1.9730257987976074),(Vehicles4↦0.0),(Vehicles5↦0.0)}",
        "Reward": "0.7333333333572442",
        "VehiclesAx": "{(EgoVehicle↦0.0),(Vehicles2↦0.02045094035565853),(Vehicles3↦-0.20324558019638062),(Vehicles4↦0.02303384244441986),(Vehicles5↦-0.06039947271347046)}",
        "VehiclesVx": "{(EgoVehicle↦20.0),(Vehicles2↦0.10588826611638069),(Vehicles3↦-2.014011889696121),(Vehicles4↦0.33147919923067093),(Vehicles5↦-2.6233163475990295)}",
        "VehiclesY": "{(EgoVehicle↦8.000000238418579),(Vehicles2↦-8.000000238418579),(Vehicles3↦-3.2908172607421875),(Vehicles4↦-4.0000001192092896),(Vehicles5↦0.0)}",
        "VehiclesVy": "{(EgoVehicle↦0.0),(Vehicles2↦0.0),(Vehicles3↦-1.9730257987976074),(Vehicles4↦0.0),(Vehicles5↦0.0)}",
        "VehiclesX": "{(EgoVehicle↦200.0),(Vehicles2↦3.4272897988557816),(Vehicles3↦14.134606719017029),(Vehicles4↦58.053332567214966),(Vehicles5↦61.85600161552429)}"
      },
      "probabilisticVariables": null,
      "activating": [
        "LANE_RIGHT_27"
      ],
      "activatingOnlyWhenExecuted": true,
      "updating": null,
      "withPredicate": null
    },
    {
      "id": "LANE_RIGHT_27",
      "execute": "LANE_RIGHT",
      "after": "1000",
      "priority": 0,
      "additionalGuards": null,
      "activationKind": null,
      "fixedVariables": {
        "Crash": "FALSE",
        "VehiclesAy": "{(EgoVehicle↦0.0),(Vehicles2↦0.0),(Vehicles3↦1.8234049435704947),(Vehicles4↦0.0),(Vehicles5↦0.0)}",
        "Reward": "0.7333333333364821",
        "VehiclesAx": "{(EgoVehicle↦0.0),(Vehicles2↦0.019884677603840828),(Vehicles3↦0.3846001625061035),(Vehicles4↦0.022903233766555786),(Vehicles5↦-0.04157423973083496)}",
        "VehiclesVx": "{(EgoVehicle↦20.0),(Vehicles2↦0.12577294372022152),(Vehicles3↦-1.6294117271900177),(Vehicles4↦0.3543824329972267),(Vehicles5↦-2.6648905873298645)}",
        "VehiclesY": "{(EgoVehicle↦8.000000238418579),(Vehicles2↦-8.000000238418579),(Vehicles3↦-3.946840524673462),(Vehicles4↦-4.0000001192092896),(Vehicles5↦0.0)}",
        "VehiclesVy": "{(EgoVehicle↦0.0),(Vehicles2↦0.0),(Vehicles3↦-0.14962085522711277),(Vehicles4↦0.0),(Vehicles5↦0.0)}",
        "VehiclesX": "{(EgoVehicle↦200.0),(Vehicles2↦3.5411767661571503),(Vehicles3↦12.319740653038025),(Vehicles4↦58.39398503303528),(Vehicles5↦59.214580059051514)}"
      },
      "probabilisticVariables": null,
      "activating": [
        "LANE_RIGHT_28"
      ],
      "activatingOnlyWhenExecuted": true,
      "updating": null,
      "withPredicate": null
    },
    {
      "id": "LANE_RIGHT_28",
      "execute": "LANE_RIGHT",
      "after": "1000",
      "priority": 0,
      "additionalGuards": null,
      "activationKind": null,
      "fixedVariables": {
        "Crash": "FALSE",
        "VehiclesAy": "{(EgoVehicle↦0.0),(Vehicles2↦0.0),(Vehicles3↦0.1386861887294799),(Vehicles4↦0.0),(Vehicles5↦0.0)}",
        "Reward": "0.7333333333337481",
        "VehiclesAx": "{(EgoVehicle↦0.0),(Vehicles2↦0.019332710653543472),(Vehicles3↦0.26752352714538574),(Vehicles4↦-3.0430513992905617),(Vehicles5↦3.0420252680778503)}",
        "VehiclesVx": "{(EgoVehicle↦20.0),(Vehicles2↦0.145105654373765),(Vehicles3↦-1.361888200044632),(Vehicles4↦-2.688668966293335),(Vehicles5↦0.37713468074798584)}",
        "VehiclesY": "{(EgoVehicle↦8.000000238418579),(Vehicles2↦-8.000000238418579),(Vehicles3↦-3.9961352348327637),(Vehicles4↦0.0),(Vehicles5↦-4.0000001192092896)}",
        "VehiclesVy": "{(EgoVehicle↦0.0),(Vehicles2↦0.0),(Vehicles3↦-0.010934666497632861),(Vehicles4↦0.0),(Vehicles5↦0.0)}",
        "VehiclesX": "{(EgoVehicle↦200.0),(Vehicles2↦3.674726188182831),(Vehicles3↦10.799825191497803),(Vehicles4↦56.53880834579468),(Vehicles5↦58.757483959198)}"
      },
      "probabilisticVariables": null,
      "activating": [
        "LANE_RIGHT_29"
      ],
      "activatingOnlyWhenExecuted": true,
      "updating": null,
      "withPredicate": null
    },
    {
      "id": "LANE_RIGHT_29",
      "execute": "LANE_RIGHT",
      "after": "1000",
      "priority": 0,
      "additionalGuards": null,
      "activationKind": null,
      "fixedVariables": {
        "Crash": "FALSE",
        "VehiclesAy": "{(EgoVehicle↦0.0),(Vehicles2↦0.0),(Vehicles3↦0.01015645124425646),(Vehicles4↦0.0),(Vehicles5↦0.0)}",
        "Reward": "0.733333333333388",
        "VehiclesAx": "{(EgoVehicle↦0.0),(Vehicles2↦0.01879577524960041),(Vehicles3↦0.2365274727344513),(Vehicles4↦-0.0075626373291015625),(Vehicles5↦0.02258244901895523)}",
        "VehiclesVx": "{(EgoVehicle↦20.0),(Vehicles2↦0.1639014296233654),(Vehicles3↦-1.1253607273101807),(Vehicles4↦-2.6962316036224365),(Vehicles5↦0.39971712976694107)}",
        "VehiclesY": "{(EgoVehicle↦8.000000238418579),(Vehicles2↦-8.000000238418579),(Vehicles3↦-3.999726176261902),(Vehicles4↦0.0),(Vehicles5↦-4.0000001192092896)}",
        "VehiclesVy": "{(EgoVehicle↦0.0),(Vehicles2↦0.0),(Vehicles3↦-0.000778215253376402),(Vehicles4↦0.0),(Vehicles5↦0.0)}",
        "VehiclesX": "{(EgoVehicle↦200.0),(Vehicles2↦3.8273926824331284),(Vehicles3↦9.535106271505356),(Vehicles4↦53.84589433670044),(Vehicles5↦59.143662452697754)}"
      },
      "probabilisticVariables": null,
      "activating": [
        "LANE_RIGHT_30"
      ],
      "activatingOnlyWhenExecuted": true,
      "updating": null,
      "withPredicate": null
    },
    {
      "id": "LANE_RIGHT_30",
      "execute": "LANE_RIGHT",
      "after": "1000",
      "priority": 0,
      "additionalGuards": null,
      "activationKind": null,
      "fixedVariables": {
        "Crash": "FALSE",
        "VehiclesAy": "{(EgoVehicle↦0.0),(Vehicles2↦0.0),(Vehicles3↦0.0007241087314469041),(Vehicles4↦0.0),(Vehicles5↦0.0)}",
        "Reward": "0.7333333333333405",
        "VehiclesAx": "{(EgoVehicle↦0.0),(Vehicles2↦0.018274318426847458),(Vehicles3↦0.2050001174211502),(Vehicles4↦0.006737411022186279),(Vehicles5↦0.022395476698875427)}",
        "VehiclesVx": "{(EgoVehicle↦20.0),(Vehicles2↦0.18217574805021286),(Vehicles3↦-0.9203606098890305),(Vehicles4↦-2.6894941926002502),(Vehicles5↦0.4221126064658165)}",
        "VehiclesY": "{(EgoVehicle↦8.000000238418579),(Vehicles2↦-8.000000238418579),(Vehicles3↦-3.999981164932251),(Vehicles4↦0.0),(Vehicles5↦-4.0000001192092896)}",
        "VehiclesVy": "{(EgoVehicle↦0.0),(Vehicles2↦0.0),(Vehicles3↦-5.410652192949783E-05),(Vehicles4↦0.0),(Vehicles5↦0.0)}",
        "VehiclesX": "{(EgoVehicle↦200.0),(Vehicles2↦3.9986450225114822),(Vehicles3↦8.494196832180023),(Vehicles4↦51.15129351615906),(Vehicles5↦59.552353620529175)}"
      },
      "probabilisticVariables": null,
      "activating": [
        "LANE_RIGHT_31"
      ],
      "activatingOnlyWhenExecuted": true,
      "updating": null,
      "withPredicate": null
    },
    {
      "id": "LANE_RIGHT_31",
      "execute": "LANE_RIGHT",
      "after": "1000",
      "priority": 0,
      "additionalGuards": null,
      "activationKind": null,
      "fixedVariables": {
        "Crash": "FALSE",
        "VehiclesAy": "{(EgoVehicle↦0.0),(Vehicles2↦0.0),(Vehicles3↦5.0420311765719816E-05),(Vehicles4↦0.0),(Vehicles5↦0.0)}",
        "Reward": "0.7333333333333343",
        "VehiclesAx": "{(EgoVehicle↦0.0),(Vehicles2↦0.0015124678611755371),(Vehicles3↦0.1723501831293106),(Vehicles4↦0.018976032733917236),(Vehicles5↦0.09448498487472534)}",
        "VehiclesVx": "{(EgoVehicle↦20.0),(Vehicles2↦0.1836882159113884),(Vehicles3↦-0.7480104267597198),(Vehicles4↦-2.670518159866333),(Vehicles5↦0.5165975913405418)}",
        "VehiclesY": "{(EgoVehicle↦8.000000238418579),(Vehicles2↦-8.000000238418579),(Vehicles3↦-3.999998688697815),(Vehicles4↦0.0),(Vehicles5↦-4.0000001192092896)}",
        "VehiclesVy": "{(EgoVehicle↦0.0),(Vehicles2↦0.0),(Vehicles3↦-3.6862101637780142E-06),(Vehicles4↦0.0),(Vehicles5↦0.0)}",
        "VehiclesX": "{(EgoVehicle↦200.0),(Vehicles2↦4.1867695748806),(Vehicles3↦7.645786553621292),(Vehicles4↦48.4684944152832),(Vehicles5↦59.963709115982056)}"
      },
      "probabilisticVariables": null,
      "activating": [
        "SLOWER_32"
      ],
      "activatingOnlyWhenExecuted": true,
      "updating": null,
      "withPredicate": null
    },
    {
      "id": "SLOWER_32",
      "execute": "SLOWER",
      "after": "1000",
      "priority": 0,
      "additionalGuards": null,
      "activationKind": null,
      "fixedVariables": {
        "Crash": "FALSE",
        "VehiclesAy": "{(EgoVehicle↦0.0),(Vehicles2↦0.0),(Vehicles3↦3.439430891205575E-06),(Vehicles4↦0.0),(Vehicles5↦0.0)}",
        "Reward": "0.7333333333333334",
        "VehiclesAx": "{(EgoVehicle↦0.0),(Vehicles2↦-0.06515259854495525),(Vehicles3↦0.1905067265033722),(Vehicles4↦0.023357272148132324),(Vehicles5↦0.1060384139418602)}",
        "VehiclesVx": "{(EgoVehicle↦20.0),(Vehicles2↦0.11853561736643314),(Vehicles3↦-0.5575037002563477),(Vehicles4↦-2.6471608877182007),(Vehicles5↦0.622636005282402)}",
        "VehiclesY": "{(EgoVehicle↦8.000000238418579),(Vehicles2↦-8.000000238418579),(Vehicles3↦-3.999999761581421),(Vehicles4↦0.0),(Vehicles5↦-4.0000001192092896)}",
        "VehiclesVy": "{(EgoVehicle↦0.0),(Vehicles2↦0.0),(Vehicles3↦-2.4677927257243937E-07),(Vehicles4↦0.0),(Vehicles5↦0.0)}",
        "VehiclesX": "{(EgoVehicle↦200.0),(Vehicles2↦4.34703603386879),(Vehicles3↦6.972925364971161),(Vehicles4↦45.80843448638916),(Vehicles5↦60.63763499259949)}"
      },
      "probabilisticVariables": null,
      "activating": [
        "SLOWER_33"
      ],
      "activatingOnlyWhenExecuted": true,
      "updating": null,
      "withPredicate": null
    },
    {
      "id": "SLOWER_33",
      "execute": "SLOWER",
      "after": "1000",
      "priority": 0,
      "additionalGuards": null,
      "activationKind": null,
      "fixedVariables": {
        "Crash": "FALSE",
        "VehiclesAy": "{(EgoVehicle↦0.0),(Vehicles2↦0.0),(Vehicles3↦2.3058495557393144E-07),(Vehicles4↦0.0),(Vehicles5↦0.0)}",
        "Reward": "0.7333333333333334",
        "VehiclesAx": "{(EgoVehicle↦0.0),(Vehicles2↦-0.07563305087387562),(Vehicles3↦0.12644458562135696),(Vehicles4↦0.10919004678726196),(Vehicles5↦-0.22449791431427002)}",
        "VehiclesVx": "{(EgoVehicle↦20.0),(Vehicles2↦0.042902566492557526),(Vehicles3↦-0.4310591146349907),(Vehicles4↦-2.5379708409309387),(Vehicles5↦0.398138090968132)}",
        "VehiclesY": "{(EgoVehicle↦8.000000238418579),(Vehicles2↦-8.000000238418579),(Vehicles3↦-4.0000001192092896),(Vehicles4↦0.0),(Vehicles5↦-4.0000001192092896)}",
        "VehiclesVy": "{(EgoVehicle↦0.0),(Vehicles2↦0.0),(Vehicles3↦-1.619431699850793E-08),(Vehicles4↦0.0),(Vehicles5↦0.0)}",
        "VehiclesX": "{(EgoVehicle↦200.0),(Vehicles2↦4.4348519295454025),(Vehicles3↦6.4715079963207245),(Vehicles4↦43.18825006484985),(Vehicles5↦61.15337014198303)}"
      },
      "probabilisticVariables": null,
      "activating": [
        "SLOWER_34"
      ],
      "activatingOnlyWhenExecuted": true,
      "updating": null,
      "withPredicate": null
    },
    {
      "id": "SLOWER_34",
      "execute": "SLOWER",
      "after": "1000",
      "priority": 0,
      "additionalGuards": null,
      "activationKind": null,
      "fixedVariables": {
        "Crash": "FALSE",
        "VehiclesAy": "{(EgoVehicle↦0.0),(Vehicles2↦0.0),(Vehicles3↦1.514292691240371E-08),(Vehicles4↦0.0),(Vehicles5↦0.0)}",
        "Reward": "0.7333333333333334",
        "VehiclesAx": "{(EgoVehicle↦0.0),(Vehicles2↦-0.06394735304638743),(Vehicles3↦0.08153490722179413),(Vehicles4↦0.2432672679424286),(Vehicles5↦-0.07901623845100403)}",
        "VehiclesVx": "{(EgoVehicle↦20.0),(Vehicles2↦-0.02104478655382991),(Vehicles3↦-0.34952420741319656),(Vehicles4↦-2.29470357298851),(Vehicles5↦0.319121852517128)}",
        "VehiclesY": "{(EgoVehicle↦8.000000238418579),(Vehicles2↦-8.000000238418579),(Vehicles3↦-4.0000001192092896),(Vehicles4↦0.0),(Vehicles5↦-4.0000001192092896)}",
        "VehiclesVy": "{(EgoVehicle↦0.0),(Vehicles2↦0.0),(Vehicles3↦-1.0513900861042202E-09),(Vehicles4↦0.0),(Vehicles5↦0.0)}",
        "VehiclesX": "{(EgoVehicle↦200.0),(Vehicles2↦4.450938850641251),(Vehicles3↦6.07515387237072),(Vehicles4↦40.741947293281555),(Vehicles5↦61.51237487792969)}"
      },
      "probabilisticVariables": null,
      "activating": [
        "SLOWER_35"
      ],
      "activatingOnlyWhenExecuted": true,
      "updating": null,
      "withPredicate": null
    },
    {
      "id": "SLOWER_35",
      "execute": "SLOWER",
      "after": "1000",
      "priority": 0,
      "additionalGuards": null,
      "activationKind": null,
      "fixedVariables": {
        "Crash": "FALSE",
        "VehiclesAy": "{(EgoVehicle↦0.0),(Vehicles2↦0.0),(Vehicles3↦9.836487180336917E-10),(Vehicles4↦0.0),(Vehicles5↦0.0)}",
        "Reward": "0.7333333333333334",
        "VehiclesAx": "{(EgoVehicle↦0.0),(Vehicles2↦-0.04816816421225667),(Vehicles3↦0.06481288000941277),(Vehicles4↦0.27467861771583557),(Vehicles5↦-0.013390854001045227)}",
        "VehiclesVx": "{(EgoVehicle↦20.0),(Vehicles2↦-0.06921295076608658),(Vehicles3↦-0.2847113274037838),(Vehicles4↦-2.0200249552726746),(Vehicles5↦0.30573099851608276)}",
        "VehiclesY": "{(EgoVehicle↦8.000000238418579),(Vehicles2↦-8.000000238418579),(Vehicles3↦-4.0000001192092896),(Vehicles4↦0.0),(Vehicles5↦-4.0000001192092896)}",
        "VehiclesVy": "{(EgoVehicle↦0.0),(Vehicles2↦0.0),(Vehicles3↦-6.774136807052855E-11),(Vehicles4↦0.0),(Vehicles5↦0.0)}",
        "VehiclesX": "{(EgoVehicle↦200.0),(Vehicles2↦4.409390315413475),(Vehicles3↦5.752310156822205),(Vehicles4↦38.557177782058716),(Vehicles5↦61.82278394699097)}"
      },
      "probabilisticVariables": null,
      "activating": [
        "SLOWER_36"
      ],
      "activatingOnlyWhenExecuted": true,
      "updating": null,
      "withPredicate": null
    },
    {
      "id": "SLOWER_36",
      "execute": "SLOWER",
      "after": "1000",
      "priority": 0,
      "additionalGuards": null,
      "activationKind": null,
      "fixedVariables": {
        "Crash": "FALSE",
        "VehiclesAy": "{(EgoVehicle↦0.0),(Vehicles2↦0.0),(Vehicles3↦6.340705738239194E-11),(Vehicles4↦0.0),(Vehicles5↦0.0)}",
        "Reward": "0.7333333333333334",
        "VehiclesAx": "{(EgoVehicle↦0.0),(Vehicles2↦-0.03398975357413292),(Vehicles3↦0.05866898223757744),(Vehicles4↦0.25667399168014526),(Vehicles5↦0.014703981578350067)}",
        "VehiclesVx": "{(EgoVehicle↦20.0),(Vehicles2↦-0.1032027043402195),(Vehicles3↦-0.22604234516620636),(Vehicles4↦-1.7633509635925293),(Vehicles5↦0.32043498009443283)}",
        "VehiclesY": "{(EgoVehicle↦8.000000238418579),(Vehicles2↦-8.000000238418579),(Vehicles3↦-4.0000001192092896),(Vehicles4↦0.0),(Vehicles5↦-4.0000001192092896)}",
        "VehiclesVy": "{(EgoVehicle↦0.0),(Vehicles2↦0.0),(Vehicles3↦-4.334310688136611E-12),(Vehicles4↦0.0),(Vehicles5↦0.0)}",
        "VehiclesX": "{(EgoVehicle↦200.0),(Vehicles2↦4.325560107827187),(Vehicles3↦5.491364747285843),(Vehicles4↦36.64231896400452),(Vehicles5↦62.13306188583374)}"
      },
      "probabilisticVariables": null,
      "activating": [
        "SLOWER_37"
      ],
      "activatingOnlyWhenExecuted": true,
      "updating": null,
      "withPredicate": null
    },
    {
      "id": "SLOWER_37",
      "execute": "SLOWER",
      "after": "1000",
      "priority": 0,
      "additionalGuards": null,
      "activationKind": null,
      "fixedVariables": {
        "Crash": "FALSE",
        "VehiclesAy": "{(EgoVehicle↦0.0),(Vehicles2↦0.0),(Vehicles3↦4.0678571622265736E-12),(Vehicles4↦0.0),(Vehicles5↦0.0)}",
        "Reward": "0.7333333333333334",
        "VehiclesAx": "{(EgoVehicle↦0.0),(Vehicles2↦-0.02270776778459549),(Vehicles3↦0.05579238757491112),(Vehicles4↦0.22041141986846924),(Vehicles5↦0.0249447301030159)}",
        "VehiclesVx": "{(EgoVehicle↦20.0),(Vehicles2↦-0.125910472124815),(Vehicles3↦-0.17024995759129524),(Vehicles4↦-1.54293954372406),(Vehicles5↦0.34537971019744873)}",
        "VehiclesY": "{(EgoVehicle↦8.000000238418579),(Vehicles2↦-8.000000238418579),(Vehicles3↦-4.0000001192092896),(Vehicles4↦0.0),(Vehicles5↦-4.0000001192092896)}",
        "VehiclesVy": "{(EgoVehicle↦0.0),(Vehicles2↦0.0),(Vehicles3↦-2.6645352591003757E-13),(Vehicles4↦0.0),(Vehicles5↦0.0)}",
        "VehiclesX": "{(EgoVehicle↦200.0),(Vehicles2↦4.212487488985062),(Vehicles3↦5.287826806306839),(Vehicles4↦34.970274567604065),(Vehicles5↦62.46306896209717)}"
      },
      "probabilisticVariables": null,
      "activating": [
        "SLOWER_38"
      ],
      "activatingOnlyWhenExecuted": true,
      "updating": null,
      "withPredicate": null
    },
    {
      "id": "SLOWER_38",
      "execute": "SLOWER",
      "after": "1000",
      "priority": 0,
      "additionalGuards": null,
      "activationKind": null,
      "fixedVariables": {
        "Crash": "FALSE",
        "VehiclesAy": "{(EgoVehicle↦0.0),(Vehicles2↦0.0),(Vehicles3↦2.4868995751603507E-13),(Vehicles4↦0.0),(Vehicles5↦0.0)}",
        "Reward": "0.7333333333333334",
        "VehiclesAx": "{(EgoVehicle↦0.0),(Vehicles2↦-0.014146668836474419),(Vehicles3↦0.053478870540857315),(Vehicles4↦0.1819482445716858),(Vehicles5↦0.027279965579509735)}",
        "VehiclesVx": "{(EgoVehicle↦20.0),(Vehicles2↦-0.1400571409612894),(Vehicles3↦-0.11677108705043793),(Vehicles4↦-1.3609912991523743),(Vehicles5↦0.37265967577695847)}",
        "VehiclesY": "{(EgoVehicle↦8.000000238418579),(Vehicles2↦-8.000000238418579),(Vehicles3↦-4.0000001192092896),(Vehicles4↦0.0),(Vehicles5↦-4.0000001192092896)}",
        "VehiclesVy": "{(EgoVehicle↦0.0),(Vehicles2↦0.0),(Vehicles3↦-1.7763568394002505E-14),(Vehicles4↦0.0),(Vehicles5↦0.0)}",
        "VehiclesX": "{(EgoVehicle↦200.0),(Vehicles2↦4.080328717827797),(Vehicles3↦5.139157548546791),(Vehicles4↦33.50306153297424),(Vehicles5↦62.81934380531311)}"
      },
      "probabilisticVariables": null,
      "activating": [
        "LANE_RIGHT_39"
      ],
      "activatingOnlyWhenExecuted": true,
      "updating": null,
      "withPredicate": null
    },
    {
      "id": "LANE_RIGHT_39",
      "execute": "LANE_RIGHT",
      "after": "1000",
      "priority": 0,
      "additionalGuards": null,
      "activationKind": null,
      "fixedVariables": {
        "Crash": "FALSE",
        "VehiclesAy": "{(EgoVehicle↦0.0),(Vehicles2↦0.0),(Vehicles3↦1.7763568394002505E-14),(Vehicles4↦0.0),(Vehicles5↦0.0)}",
        "Reward": "0.7333333333333334",
        "VehiclesAx": "{(EgoVehicle↦0.0),(Vehicles2↦-0.0077461544424295425),(Vehicles3↦0.050964606925845146),(Vehicles4↦0.14805451035499573),(Vehicles5↦0.02652786672115326)}",
        "VehiclesVx": "{(EgoVehicle↦20.0),(Vehicles2↦-0.14780329540371895),(Vehicles3↦-0.06580648012459278),(Vehicles4↦-1.2129367887973785),(Vehicles5↦0.3991875424981117)}",
        "VehiclesY": "{(EgoVehicle↦8.000000238418579),(Vehicles2↦-8.000000238418579),(Vehicles3↦-4.0000001192092896),(Vehicles4↦0.0),(Vehicles5↦-4.0000001192092896)}",
        "VehiclesVy": "{(EgoVehicle↦0.0),(Vehicles2↦0.0),(Vehicles3↦0.0),(Vehicles4↦0.0),(Vehicles5↦0.0)}",
        "VehiclesX": "{(EgoVehicle↦200.0),(Vehicles2↦3.9367329329252243),(Vehicles3↦5.0429850816726685),(Vehicles4↦32.20375180244446),(Vehicles5↦63.20273280143738)}"
      },
      "probabilisticVariables": null,
      "activating": [
        "LANE_RIGHT_40"
      ],
      "activatingOnlyWhenExecuted": true,
      "updating": null,
      "withPredicate": null
    },
    {
      "id": "LANE_RIGHT_40",
      "execute": "LANE_RIGHT",
      "after": "1000",
      "priority": 0,
      "additionalGuards": null,
      "activationKind": null,
      "fixedVariables": {
        "Crash": "FALSE",
        "VehiclesAy": "{(EgoVehicle↦0.0),(Vehicles2↦0.0),(Vehicles3↦0.0),(Vehicles4↦0.0),(Vehicles5↦0.0)}",
        "Reward": "0.7333333333333334",
        "VehiclesAx": "{(EgoVehicle↦0.0),(Vehicles2↦-0.0029440782964229584),(Vehicles3↦0.04820193280465901),(Vehicles4↦0.12056529521942139),(Vehicles5↦0.024872012436389923)}",
        "VehiclesVx": "{(EgoVehicle↦20.0),(Vehicles2↦-0.1507473737001419),(Vehicles3↦-0.017604547319933772),(Vehicles4↦-1.0923714935779572),(Vehicles5↦0.42405955493450165)}",
        "VehiclesY": "{(EgoVehicle↦8.000000238418579),(Vehicles2↦-8.000000238418579),(Vehicles3↦-4.0000001192092896),(Vehicles4↦0.0),(Vehicles5↦-4.0000001192092896)}",
        "VehiclesVy": "{(EgoVehicle↦0.0),(Vehicles2↦0.0),(Vehicles3↦0.0),(Vehicles4↦0.0),(Vehicles5↦0.0)}",
        "VehiclesX": "{(EgoVehicle↦200.0),(Vehicles2↦3.7874191999435425),(Vehicles3↦4.996686801314354),(Vehicles4↦31.040984392166138),(Vehicles5↦63.6120080947876)}"
      },
      "probabilisticVariables": null,
      "activating": [
        "LANE_RIGHT_41"
      ],
      "activatingOnlyWhenExecuted": true,
      "updating": null,
      "withPredicate": null
    },
    {
      "id": "LANE_RIGHT_41",
      "execute": "LANE_RIGHT",
      "after": "1000",
      "priority": 0,
      "additionalGuards": null,
      "activationKind": null,
      "fixedVariables": {
        "Crash": "FALSE",
        "VehiclesAy": "{(EgoVehicle↦0.0),(Vehicles2↦0.0),(Vehicles3↦0.0),(Vehicles4↦0.0),(Vehicles5↦0.0)}",
        "Reward": "0.7333333333333334",
        "VehiclesAx": "{(EgoVehicle↦0.0),(Vehicles2↦0.0007117912173271179),(Vehicles3↦0.0453409634064883),(Vehicles4↦0.09911946952342987),(Vehicles5↦0.02320326864719391)}",
        "VehiclesVx": "{(EgoVehicle↦20.0),(Vehicles2↦-0.1500355824828148),(Vehicles3↦0.027736416086554527),(Vehicles4↦-0.9932520240545273),(Vehicles5↦0.44726282358169556)}",
        "VehiclesY": "{(EgoVehicle↦8.000000238418579),(Vehicles2↦-8.000000238418579),(Vehicles3↦-4.0000001192092896),(Vehicles4↦0.0),(Vehicles5↦-4.0000001192092896)}",
        "VehiclesVy": "{(EgoVehicle↦0.0),(Vehicles2↦0.0),(Vehicles3↦0.0),(Vehicles4↦0.0),(Vehicles5↦0.0)}",
        "VehiclesX": "{(EgoVehicle↦200.0),(Vehicles2↦3.6367006599903107),(Vehicles3↦4.9974475055933),(Vehicles4↦29.989761114120483),(Vehicles5↦64.04547095298767)}"
      },
      "probabilisticVariables": null,
      "activating": [
        "LANE_RIGHT_42"
      ],
      "activatingOnlyWhenExecuted": true,
      "updating": null,
      "withPredicate": null
    },
    {
      "id": "LANE_RIGHT_42",
      "execute": "LANE_RIGHT",
      "after": "1000",
      "priority": 0,
      "additionalGuards": null,
      "activationKind": null,
      "fixedVariables": {
        "Crash": "FALSE",
        "VehiclesAy": "{(EgoVehicle↦0.0),(Vehicles2↦0.0),(Vehicles3↦0.0),(Vehicles4↦0.0),(Vehicles5↦0.0)}",
        "Reward": "0.7333333333333334",
        "VehiclesAx": "{(EgoVehicle↦0.0),(Vehicles2↦0.0035523995757102966),(Vehicles3↦0.04253672435879707),(Vehicles4↦0.08262529969215393),(Vehicles5↦0.02181507647037506)}",
        "VehiclesVx": "{(EgoVehicle↦20.0),(Vehicles2↦-0.1464831829071045),(Vehicles3↦0.0702731404453516),(Vehicles4↦-0.9106267243623734),(Vehicles5↦0.4690779000520706)}",
        "VehiclesY": "{(EgoVehicle↦8.000000238418579),(Vehicles2↦-8.000000238418579),(Vehicles3↦-4.0000001192092896),(Vehicles4↦0.0),(Vehicles5↦-4.0000001192092896)}",
        "VehiclesVy": "{(EgoVehicle↦0.0),(Vehicles2↦0.0),(Vehicles3↦0.0),(Vehicles4↦0.0),(Vehicles5↦0.0)}",
        "VehiclesX": "{(EgoVehicle↦200.0),(Vehicles2↦3.487884998321533),(Vehicles3↦5.042417347431183),(Vehicles4↦29.030710458755493),(Vehicles5↦64.50155973434448)}"
      },
      "probabilisticVariables": null,
      "activating": [
        "LANE_RIGHT_43"
      ],
      "activatingOnlyWhenExecuted": true,
      "updating": null,
      "withPredicate": null
    },
    {
      "id": "LANE_RIGHT_43",
      "execute": "LANE_RIGHT",
      "after": "1000",
      "priority": 0,
      "additionalGuards": null,
      "activationKind": null,
      "fixedVariables": {
        "Crash": "FALSE",
        "VehiclesAy": "{(EgoVehicle↦0.0),(Vehicles2↦0.0),(Vehicles3↦0.0),(Vehicles4↦0.0),(Vehicles5↦0.0)}",
        "Reward": "0.7333333333333334",
        "VehiclesAx": "{(EgoVehicle↦0.0),(Vehicles2↦0.005808016285300255),(Vehicles3↦0.039895111694931984),(Vehicles4↦0.06992936134338379),(Vehicles5↦0.020748935639858246)}",
        "VehiclesVx": "{(EgoVehicle↦20.0),(Vehicles2↦-0.14067516662180424),(Vehicles3↦0.11016825214028358),(Vehicles4↦-0.8406973630189896),(Vehicles5↦0.48982683569192886)}",
        "VehiclesY": "{(EgoVehicle↦8.000000238418579),(Vehicles2↦-8.000000238418579),(Vehicles3↦-4.0000001192092896),(Vehicles4↦0.0),(Vehicles5↦-4.0000001192092896)}",
        "VehiclesVy": "{(EgoVehicle↦0.0),(Vehicles2↦0.0),(Vehicles3↦0.0),(Vehicles4↦0.0),(Vehicles5↦0.0)}",
        "VehiclesX": "{(EgoVehicle↦200.0),(Vehicles2↦3.34356352686882),(Vehicles3↦5.128851905465126),(Vehicles4↦28.148946166038513),(Vehicles5↦64.9790108203888)}"
      },
      "probabilisticVariables": null,
      "activating": [
        "LANE_RIGHT_44"
      ],
      "activatingOnlyWhenExecuted": true,
      "updating": null,
      "withPredicate": null
    },
    {
      "id": "LANE_RIGHT_44",
      "execute": "LANE_RIGHT",
      "after": "1000",
      "priority": 0,
      "additionalGuards": null,
      "activationKind": null,
      "fixedVariables": {
        "Crash": "FALSE",
        "VehiclesAy": "{(EgoVehicle↦0.0),(Vehicles2↦0.0),(Vehicles3↦0.0),(Vehicles4↦0.0),(Vehicles5↦0.0)}",
        "Reward": "0.7333333333333334",
        "VehiclesAx": "{(EgoVehicle↦0.0),(Vehicles2↦0.007634609937667847),(Vehicles3↦0.03747112117707729),(Vehicles4↦0.06005771458148956),(Vehicles5↦0.01995563507080078)}",
        "VehiclesVx": "{(EgoVehicle↦20.0),(Vehicles2↦-0.1330405566841364),(Vehicles3↦0.14763937331736088),(Vehicles4↦-0.7806396484375),(Vehicles5↦0.5097824707627296)}",
        "VehiclesY": "{(EgoVehicle↦8.000000238418579),(Vehicles2↦-8.000000238418579),(Vehicles3↦-4.0000001192092896),(Vehicles4↦0.0),(Vehicles5↦-4.0000001192092896)}",
        "VehiclesVy": "{(EgoVehicle↦0.0),(Vehicles2↦0.0),(Vehicles3↦0.0),(Vehicles4↦0.0),(Vehicles5↦0.0)}",
        "VehiclesX": "{(EgoVehicle↦200.0),(Vehicles2↦3.2058104872703552),(Vehicles3↦5.254193022847176),(Vehicles4↦27.33297049999237),(Vehicles5↦65.4768705368042)}"
      },
      "probabilisticVariables": null,
      "activating": [
        "LANE_RIGHT_45"
      ],
      "activatingOnlyWhenExecuted": true,
      "updating": null,
      "withPredicate": null
    },
    {
      "id": "LANE_RIGHT_45",
      "execute": "LANE_RIGHT",
      "after": "1000",
      "priority": 0,
      "additionalGuards": null,
      "activationKind": null,
      "fixedVariables": {
        "Crash": "FALSE",
        "VehiclesAy": "{(EgoVehicle↦0.0),(Vehicles2↦0.0),(Vehicles3↦0.0),(Vehicles4↦0.0),(Vehicles5↦0.0)}",
        "Reward": "0.7333333333333334",
        "VehiclesAx": "{(EgoVehicle↦0.0),(Vehicles2↦0.009136749431490898),(Vehicles3↦0.03528228960931301),(Vehicles4↦0.05226448178291321),(Vehicles5↦0.019365623593330383)}",
        "VehiclesVx": "{(EgoVehicle↦20.0),(Vehicles2↦-0.12390380725264549),(Vehicles3↦0.1829216629266739),(Vehicles4↦-0.7283751666545868),(Vehicles5↦0.52914809435606)}",
        "VehiclesY": "{(EgoVehicle↦8.000000238418579),(Vehicles2↦-8.000000238418579),(Vehicles3↦-4.0000001192092896),(Vehicles4↦0.0),(Vehicles5↦-4.0000001192092896)}",
        "VehiclesVy": "{(EgoVehicle↦0.0),(Vehicles2↦0.0),(Vehicles3↦0.0),(Vehicles4↦0.0),(Vehicles5↦0.0)}",
        "VehiclesX": "{(EgoVehicle↦200.0),(Vehicles2↦3.0763154849410057),(Vehicles3↦5.4161109030246735),(Vehicles4↦26.573792099952698),(Vehicles5↦65.99444150924683)}"
      },
      "probabilisticVariables": null,
      "activating": [
        "LANE_RIGHT_46"
      ],
      "activatingOnlyWhenExecuted": true,
      "updating": null,
      "withPredicate": null
    },
    {
      "id": "LANE_RIGHT_46",
      "execute": "LANE_RIGHT",
      "after": "1000",
      "priority": 0,
      "additionalGuards": null,
      "activationKind": null,
      "fixedVariables": {
        "Crash": "FALSE",
        "VehiclesAy": "{(EgoVehicle↦0.0),(Vehicles2↦0.0),(Vehicles3↦0.0),(Vehicles4↦0.0),(Vehicles5↦0.0)}",
        "Reward": "0.7333333333333334",
        "VehiclesAx": "{(EgoVehicle↦0.0),(Vehicles2↦0.010384758934378624),(Vehicles3↦0.033323001116514206),(Vehicles4↦0.0460052490234375),(Vehicles5↦0.018916055560112)}",
        "VehiclesVx": "{(EgoVehicle↦20.0),(Vehicles2↦-0.11351904831826687),(Vehicles3↦0.2162446640431881),(Vehicles4↦-0.6823699176311493),(Vehicles5↦0.548064149916172)}",
        "VehiclesY": "{(EgoVehicle↦8.000000238418579),(Vehicles2↦-8.000000238418579),(Vehicles3↦-4.0000001192092896),(Vehicles4↦0.0),(Vehicles5↦-4.0000001192092896)}",
        "VehiclesVy": "{(EgoVehicle↦0.0),(Vehicles2↦0.0),(Vehicles3↦0.0),(Vehicles4↦0.0),(Vehicles5↦0.0)}",
        "VehiclesX": "{(EgoVehicle↦200.0),(Vehicles2↦2.9564745724201202),(Vehicles3↦5.612509697675705),(Vehicles4↦25.864267349243164),(Vehicles5↦66.5311872959137)}"
      },
      "probabilisticVariables": null,
      "activating": [
        "LANE_RIGHT_47"
      ],
      "activatingOnlyWhenExecuted": true,
      "updating": null,
      "withPredicate": null
    },
    {
      "id": "LANE_RIGHT_47",
      "execute": "LANE_RIGHT",
      "after": "1000",
      "priority": 0,
      "additionalGuards": null,
      "activationKind": null,
      "fixedVariables": {
        "Crash": "FALSE",
        "VehiclesAy": "{(EgoVehicle↦0.0),(Vehicles2↦0.0),(Vehicles3↦0.0),(Vehicles4↦0.0),(Vehicles5↦0.0)}",
        "Reward": "0.7333333333333334",
        "VehiclesAx": "{(EgoVehicle↦0.0),(Vehicles2↦0.011426908895373344),(Vehicles3↦0.03157543018460274),(Vehicles4↦0.04089087247848511),(Vehicles5↦0.018558166921138763)}",
        "VehiclesVx": "{(EgoVehicle↦20.0),(Vehicles2↦-0.10209213942289352),(Vehicles3↦0.24782009422779083),(Vehicles4↦-0.6414790451526642),(Vehicles5↦0.5666223168373108)}",
        "VehiclesY": "{(EgoVehicle↦8.000000238418579),(Vehicles2↦-8.000000238418579),(Vehicles3↦-4.0000001192092896),(Vehicles4↦0.0),(Vehicles5↦-4.0000001192092896)}",
        "VehiclesVy": "{(EgoVehicle↦0.0),(Vehicles2↦0.0),(Vehicles3↦0.0),(Vehicles4↦0.0),(Vehicles5↦0.0)}",
        "VehiclesX": "{(EgoVehicle↦200.0),(Vehicles2↦2.847450040280819),(Vehicles3↦5.841516703367233),(Vehicles4↦25.19862651824951),(Vehicles5↦67.08670258522034)}"
      },
      "probabilisticVariables": null,
      "activating": [
        "LANE_RIGHT_48"
      ],
      "activatingOnlyWhenExecuted": true,
      "updating": null,
      "withPredicate": null
    },
    {
      "id": "LANE_RIGHT_48",
      "execute": "LANE_RIGHT",
      "after": "1000",
      "priority": 0,
      "additionalGuards": null,
      "activationKind": null,
      "fixedVariables": {
        "Crash": "FALSE",
        "VehiclesAy": "{(EgoVehicle↦0.0),(Vehicles2↦0.0),(Vehicles3↦0.0),(Vehicles4↦0.0),(Vehicles5↦0.0)}",
        "Reward": "0.7333333333333334",
        "VehiclesAx": "{(EgoVehicle↦0.0),(Vehicles2↦0.012297378852963448),(Vehicles3↦0.030016843229532242),(Vehicles4↦0.03664586693048477),(Vehicles5↦0.018257275223731995)}",
        "VehiclesVx": "{(EgoVehicle↦20.0),(Vehicles2↦-0.08979476056993008),(Vehicles3↦0.2778369374573231),(Vehicles4↦-0.6048331782221794),(Vehicles5↦0.5848795920610428)}",
        "VehiclesY": "{(EgoVehicle↦8.000000238418579),(Vehicles2↦-8.000000238418579),(Vehicles3↦-4.0000001192092896),(Vehicles4↦0.0),(Vehicles5↦-4.0000001192092896)}",
        "VehiclesVy": "{(EgoVehicle↦0.0),(Vehicles2↦0.0),(Vehicles3↦0.0),(Vehicles4↦0.0),(Vehicles5↦0.0)}",
        "VehiclesX": "{(EgoVehicle↦200.0),(Vehicles2↦2.7502134442329407),(Vehicles3↦6.101461127400398),(Vehicles4↦24.572114646434784),(Vehicles5↦67.66064763069153)}"
      },
      "probabilisticVariables": null,
      "activating": [
        "LANE_RIGHT_49"
      ],
      "activatingOnlyWhenExecuted": true,
      "updating": null,
      "withPredicate": null
    },
    {
      "id": "LANE_RIGHT_49",
      "execute": "LANE_RIGHT",
      "after": "1000",
      "priority": 0,
      "additionalGuards": null,
      "activationKind": null,
      "fixedVariables": {
        "Crash": "FALSE",
        "VehiclesAy": "{(EgoVehicle↦0.0),(Vehicles2↦0.0),(Vehicles3↦0.0),(Vehicles4↦0.0),(Vehicles5↦0.0)}",
        "Reward": "0.7333333333333334",
        "VehiclesAx": "{(EgoVehicle↦0.0),(Vehicles2↦0.013021421618759632),(Vehicles3↦0.02862369641661644),(Vehicles4↦0.033073872327804565),(Vehicles5↦0.017989911139011383)}",
        "VehiclesVx": "{(EgoVehicle↦20.0),(Vehicles2↦-0.07677333895117044),(Vehicles3↦0.3064606338739395),(Vehicles4↦-0.5717593058943748),(Vehicles5↦0.6028695032000542)}",
        "VehiclesY": "{(EgoVehicle↦8.000000238418579),(Vehicles2↦-8.000000238418579),(Vehicles3↦-4.0000001192092896),(Vehicles4↦0.0),(Vehicles5↦-4.0000001192092896)}",
        "VehiclesVy": "{(EgoVehicle↦0.0),(Vehicles2↦0.0),(Vehicles3↦0.0),(Vehicles4↦0.0),(Vehicles5↦0.0)}",
        "VehiclesX": "{(EgoVehicle↦200.0),(Vehicles2↦2.665574662387371),(Vehicles3↦6.390853226184845),(Vehicles4↦23.980773985385895),(Vehicles5↦68.2527482509613)}"
      },
      "probabilisticVariables": null,
      "activating": [
        "SLOWER_50"
      ],
      "activatingOnlyWhenExecuted": true,
      "updating": null,
      "withPredicate": null
    },
    {
      "id": "SLOWER_50",
      "execute": "SLOWER",
      "after": "1000",
      "priority": 0,
      "additionalGuards": null,
      "activationKind": null,
      "fixedVariables": {
        "Crash": "FALSE",
        "VehiclesAy": "{(EgoVehicle↦0.0),(Vehicles2↦0.0),(Vehicles3↦0.0),(Vehicles4↦0.0),(Vehicles5↦0.0)}",
        "Reward": "0.7333333333333334",
        "VehiclesAx": "{(EgoVehicle↦0.0),(Vehicles2↦0.0136186508461833),(Vehicles3↦0.02737395465373993),(Vehicles4↦0.030033662915229797),(Vehicles5↦0.017741024494171143)}",
        "VehiclesVx": "{(EgoVehicle↦20.0),(Vehicles2↦-0.06315468810498714),(Vehicles3↦0.33383458852767944),(Vehicles4↦-0.541725642979145),(Vehicles5↦0.6206105276942253)}",
        "VehiclesY": "{(EgoVehicle↦8.000000238418579),(Vehicles2↦-8.000000238418579),(Vehicles3↦-4.0000001192092896),(Vehicles4↦0.0),(Vehicles5↦-4.0000001192092896)}",
        "VehiclesVy": "{(EgoVehicle↦0.0),(Vehicles2↦0.0),(Vehicles3↦0.0),(Vehicles4↦0.0),(Vehicles5↦0.0)}",
        "VehiclesX": "{(EgoVehicle↦200.0),(Vehicles2↦2.5942057371139526),(Vehicles3↦6.7083582282066345),(Vehicles4↦23.421253263950348),(Vehicles5↦68.8627302646637)}"
      },
      "probabilisticVariables": null,
      "activating": [
        "SLOWER_51"
      ],
      "activatingOnlyWhenExecuted": true,
      "updating": null,
      "withPredicate": null
    },
    {
      "id": "SLOWER_51",
      "execute": "SLOWER",
      "after": "1000",
      "priority": 0,
      "additionalGuards": null,
      "activationKind": null,
      "fixedVariables": {
        "Crash": "FALSE",
        "VehiclesAy": "{(EgoVehicle↦0.0),(Vehicles2↦0.0),(Vehicles3↦0.0),(Vehicles4↦0.0),(Vehicles5↦0.0)}",
        "Reward": "0.7333333333333334",
        "VehiclesAx": "{(EgoVehicle↦0.0),(Vehicles2↦0.014104945585131645),(Vehicles3↦0.026247799396514893),(Vehicles4↦0.027421675622463226),(Vehicles5↦0.01750122755765915)}",
        "VehiclesVx": "{(EgoVehicle↦20.0),(Vehicles2↦-0.0490497425198555),(Vehicles3↦0.36008238792419434),(Vehicles4↦-0.5143039673566818),(Vehicles5↦0.6381117552518845)}",
        "VehiclesY": "{(EgoVehicle↦8.000000238418579),(Vehicles2↦-8.000000238418579),(Vehicles3↦-4.0000001192092896),(Vehicles4↦0.0),(Vehicles5↦-4.0000001192092896)}",
        "VehiclesVy": "{(EgoVehicle↦0.0),(Vehicles2↦0.0),(Vehicles3↦0.0),(Vehicles4↦0.0),(Vehicles5↦0.0)}",
        "VehiclesX": "{(EgoVehicle↦200.0),(Vehicles2↦2.5366581976413727),(Vehicles3↦7.052776962518692),(Vehicles4↦22.890689969062805),(Vehicles5↦69.49036121368408)}"
      },
      "probabilisticVariables": null,
      "activating": [
        "SLOWER_52"
      ],
      "activatingOnlyWhenExecuted": true,
      "updating": null,
      "withPredicate": null
    },
    {
      "id": "SLOWER_52",
      "execute": "SLOWER",
      "after": "1000",
      "priority": 0,
      "additionalGuards": null,
      "activationKind": null,
      "fixedVariables": {
        "Crash": "FALSE",
        "VehiclesAy": "{(EgoVehicle↦0.0),(Vehicles2↦0.0),(Vehicles3↦0.0),(Vehicles4↦0.0),(Vehicles5↦0.0)}",
        "Reward": "0.7333333333333334",
        "VehiclesAx": "{(EgoVehicle↦0.0),(Vehicles2↦0.014493709895759821),(Vehicles3↦0.025228261947631836),(Vehicles4↦0.025160610675811768),(Vehicles5↦0.01726508140563965)}",
        "VehiclesVx": "{(EgoVehicle↦20.0),(Vehicles2↦-0.03455603262409568),(Vehicles3↦0.38531064987182617),(Vehicles4↦-0.48914335668087006),(Vehicles5↦0.6553768366575241)}",
        "VehiclesY": "{(EgoVehicle↦8.000000238418579),(Vehicles2↦-8.000000238418579),(Vehicles3↦-4.0000001192092896),(Vehicles4↦0.0),(Vehicles5↦-4.0000001192092896)}",
        "VehiclesVy": "{(EgoVehicle↦0.0),(Vehicles2↦0.0),(Vehicles3↦0.0),(Vehicles4↦0.0),(Vehicles5↦0.0)}",
        "VehiclesX": "{(EgoVehicle↦200.0),(Vehicles2↦2.493378333747387),(Vehicles3↦7.423028349876404),(Vehicles4↦22.386619448661804),(Vehicles5↦70.13539671897888)}"
      },
      "probabilisticVariables": null,
      "activating": [
        "SLOWER_53"
      ],
      "activatingOnlyWhenExecuted": true,
      "updating": null,
      "withPredicate": null
    },
    {
      "id": "SLOWER_53",
      "execute": "SLOWER",
      "after": "1000",
      "priority": 0,
      "additionalGuards": null,
      "activationKind": null,
      "fixedVariables": {
        "Crash": "FALSE",
        "VehiclesAy": "{(EgoVehicle↦0.0),(Vehicles2↦0.0),(Vehicles3↦0.0),(Vehicles4↦0.0),(Vehicles5↦0.0)}",
        "Reward": "0.7333333333333334",
        "VehiclesAx": "{(EgoVehicle↦0.0),(Vehicles2↦0.01479653175920248),(Vehicles3↦0.02430073916912079),(Vehicles4↦0.023191459476947784),(Vehicles5↦0.017029494047164917)}",
        "VehiclesVx": "{(EgoVehicle↦20.0),(Vehicles2↦-0.019759500864893198),(Vehicles3↦0.40961138904094696),(Vehicles4↦-0.46595189720392227),(Vehicles5↦0.672406330704689)}",
        "VehiclesY": "{(EgoVehicle↦8.000000238418579),(Vehicles2↦-8.000000238418579),(Vehicles3↦-4.0000001192092896),(Vehicles4↦0.0),(Vehicles5↦-4.0000001192092896)}",
        "VehiclesVy": "{(EgoVehicle↦0.0),(Vehicles2↦0.0),(Vehicles3↦0.0),(Vehicles4↦0.0),(Vehicles5↦0.0)}",
        "VehiclesX": "{(EgoVehicle↦200.0),(Vehicles2↦2.4647198617458344),(Vehicles3↦7.818130403757095),(Vehicles4↦21.90689891576767),(Vehicles5↦70.79760432243347)}"
      },
      "probabilisticVariables": null,
      "activating": [
        "SLOWER_54"
      ],
      "activatingOnlyWhenExecuted": true,
      "updating": null,
      "withPredicate": null
    },
    {
      "id": "SLOWER_54",
      "execute": "SLOWER",
      "after": "1000",
      "priority": 0,
      "additionalGuards": null,
      "activationKind": null,
      "fixedVariables": {
        "Crash": "FALSE",
        "VehiclesAy": "{(EgoVehicle↦0.0),(Vehicles2↦0.0),(Vehicles3↦0.0),(Vehicles4↦0.0),(Vehicles5↦0.0)}",
        "Reward": "0.7333333333333334",
        "VehiclesAx": "{(EgoVehicle↦0.0),(Vehicles2↦0.015023634186945856),(Vehicles3↦0.023452863097190857),(Vehicles4↦0.021468251943588257),(Vehicles5↦0.016793012619018555)}",
        "VehiclesVx": "{(EgoVehicle↦20.0),(Vehicles2↦-0.004735866677947342),(Vehicles3↦0.4330642521381378),(Vehicles4↦-0.444483645260334),(Vehicles5↦0.6891993433237076)}",
        "VehiclesY": "{(EgoVehicle↦8.000000238418579),(Vehicles2↦-8.000000238418579),(Vehicles3↦-4.0000001192092896),(Vehicles4↦0.0),(Vehicles5↦-4.0000001192092896)}",
        "VehiclesVy": "{(EgoVehicle↦0.0),(Vehicles2↦0.0),(Vehicles3↦0.0),(Vehicles4↦0.0),(Vehicles5↦0.0)}",
        "VehiclesX": "{(EgoVehicle↦200.0),(Vehicles2↦2.4509545415639877),(Vehicles3↦8.237187564373016),(Vehicles4↦21.449662744998932),(Vehicles5↦71.47674560546875)}"
      },
      "probabilisticVariables": null,
      "activating": [
        "SLOWER_55"
      ],
      "activatingOnlyWhenExecuted": true,
      "updating": null,
      "withPredicate": null
    },
    {
      "id": "SLOWER_55",
      "execute": "SLOWER",
      "after": "1000",
      "priority": 0,
      "additionalGuards": null,
      "activationKind": null,
      "fixedVariables": {
        "Crash": "FALSE",
        "VehiclesAy": "{(EgoVehicle↦0.0),(Vehicles2↦0.0),(Vehicles3↦0.0),(Vehicles4↦0.0),(Vehicles5↦0.0)}",
        "Reward": "0.7333333333333334",
        "VehiclesAx": "{(EgoVehicle↦0.0),(Vehicles2↦0.015184125513769686),(Vehicles3↦0.0226743146777153),(Vehicles4↦0.019954368472099304),(Vehicles5↦0.016555041074752808)}",
        "VehiclesVx": "{(EgoVehicle↦20.0),(Vehicles2↦0.010448258835822344),(Vehicles3↦0.4557385668158531),(Vehicles4↦-0.4245292767882347),(Vehicles5↦0.7057543843984604)}",
        "VehiclesY": "{(EgoVehicle↦8.000000238418579),(Vehicles2↦-8.000000238418579),(Vehicles3↦-4.0000001192092896),(Vehicles4↦0.0),(Vehicles5↦-4.0000001192092896)}",
        "VehiclesVy": "{(EgoVehicle↦0.0),(Vehicles2↦0.0),(Vehicles3↦0.0),(Vehicles4↦0.0),(Vehicles5↦0.0)}",
        "VehiclesX": "{(EgoVehicle↦200.0),(Vehicles2↦2.4522818624973297),(Vehicles3↦8.679381757974625),(Vehicles4↦21.013274788856506),(Vehicles5↦72.17258810997009)}"
      },
      "probabilisticVariables": null,
      "activating": [
        "SLOWER_56"
      ],
      "activatingOnlyWhenExecuted": true,
      "updating": null,
      "withPredicate": null
    },
    {
      "id": "SLOWER_56",
      "execute": "SLOWER",
      "after": "1000",
      "priority": 0,
      "additionalGuards": null,
      "activationKind": null,
      "fixedVariables": {
        "Crash": "FALSE",
        "VehiclesAy": "{(EgoVehicle↦0.0),(Vehicles2↦0.0),(Vehicles3↦0.0),(Vehicles4↦0.0),(Vehicles5↦0.0)}",
        "Reward": "0.7333333333333334",
        "VehiclesAx": "{(EgoVehicle↦0.0),(Vehicles2↦0.015286165289580822),(Vehicles3↦0.021956227719783783),(Vehicles4↦0.018620267510414124),(Vehicles5↦0.016315728425979614)}",
        "VehiclesVx": "{(EgoVehicle↦20.0),(Vehicles2↦0.025734424125403166),(Vehicles3↦0.4776947945356369),(Vehicles4↦-0.4059090092778206),(Vehicles5↦0.72207011282444)}",
        "VehiclesY": "{(EgoVehicle↦8.000000238418579),(Vehicles2↦-8.000000238418579),(Vehicles3↦-4.0000001192092896),(Vehicles4↦0.0),(Vehicles5↦-4.0000001192092896)}",
        "VehiclesVy": "{(EgoVehicle↦0.0),(Vehicles2↦0.0),(Vehicles3↦0.0),(Vehicles4↦0.0),(Vehicles5↦0.0)}",
        "VehiclesX": "{(EgoVehicle↦200.0),(Vehicles2↦2.468838542699814),(Vehicles3↦9.143957495689392),(Vehicles4↦20.596294105052948),(Vehicles5↦72.88488745689392)}"
      },
      "probabilisticVariables": null,
      "activating": [
        "SLOWER_57"
      ],
      "activatingOnlyWhenExecuted": true,
      "updating": null,
      "withPredicate": null
    },
    {
      "id": "SLOWER_57",
      "execute": "SLOWER",
      "after": "1000",
      "priority": 0,
      "additionalGuards": null,
      "activationKind": null,
      "fixedVariables": {
        "Crash": "FALSE",
        "VehiclesAy": "{(EgoVehicle↦0.0),(Vehicles2↦0.0),(Vehicles3↦0.0),(Vehicles4↦0.0),(Vehicles5↦0.0)}",
        "Reward": "0.7333333333333334",
        "VehiclesAx": "{(EgoVehicle↦0.0),(Vehicles2↦0.015337069053202868),(Vehicles3↦0.0212913379073143),(Vehicles4↦0.017441697418689728),(Vehicles5↦0.016075223684310913)}",
        "VehiclesVx": "{(EgoVehicle↦20.0),(Vehicles2↦0.04107149317860603),(Vehicles3↦0.4989861324429512),(Vehicles4↦-0.38846731185913086),(Vehicles5↦0.7381453365087509)}",
        "VehiclesY": "{(EgoVehicle↦8.000000238418579),(Vehicles2↦-8.000000238418579),(Vehicles3↦-4.0000001192092896),(Vehicles4↦0.0),(Vehicles5↦-4.0000001192092896)}",
        "VehiclesVy": "{(EgoVehicle↦0.0),(Vehicles2↦0.0),(Vehicles3↦0.0),(Vehicles4↦0.0),(Vehicles5↦0.0)}",
        "VehiclesX": "{(EgoVehicle↦200.0),(Vehicles2↦2.5007056072354317),(Vehicles3↦9.630220383405685),(Vehicles4↦20.19745111465454),(Vehicles5↦73.61340522766113)}"
      },
      "probabilisticVariables": null,
      "activating": [
        "SLOWER_58"
      ],
      "activatingOnlyWhenExecuted": true,
      "updating": null,
      "withPredicate": null
    },
    {
      "id": "SLOWER_58",
      "execute": "SLOWER",
      "after": "1000",
      "priority": 0,
      "additionalGuards": null,
      "activationKind": null,
      "fixedVariables": {
        "Crash": "FALSE",
        "VehiclesAy": "{(EgoVehicle↦0.0),(Vehicles2↦0.0),(Vehicles3↦0.0),(Vehicles4↦0.0),(Vehicles5↦0.0)}",
        "Reward": "0.7333333333333334",
        "VehiclesAx": "{(EgoVehicle↦0.0),(Vehicles2↦0.015343409031629562),(Vehicles3↦0.02067316323518753),(Vehicles4↦0.016398318111896515),(Vehicles5↦0.01583404839038849)}",
        "VehiclesVx": "{(EgoVehicle↦20.0),(Vehicles2↦0.056414902210235596),(Vehicles3↦0.5196592956781387),(Vehicles4↦-0.37206899374723434),(Vehicles5↦0.7539793848991394)}",
        "VehiclesY": "{(EgoVehicle↦8.000000238418579),(Vehicles2↦-8.000000238418579),(Vehicles3↦-4.0000001192092896),(Vehicles4↦0.0),(Vehicles5↦-4.0000001192092896)}",
        "VehiclesVy": "{(EgoVehicle↦0.0),(Vehicles2↦0.0),(Vehicles3↦0.0),(Vehicles4↦0.0),(Vehicles5↦0.0)}",
        "VehiclesX": "{(EgoVehicle↦200.0),(Vehicles2↦2.5479156523942947),(Vehicles3↦10.137523710727692),(Vehicles4↦19.81562077999115),(Vehicles5↦74.35790300369263)}"
      },
      "probabilisticVariables": null,
      "activating": [
        "SLOWER_59"
      ],
      "activatingOnlyWhenExecuted": true,
      "updating": null,
      "withPredicate": null
    },
    {
      "id": "SLOWER_59",
      "execute": "SLOWER",
      "after": "1000",
      "priority": 0,
      "additionalGuards": null,
      "activationKind": null,
      "fixedVariables": {
        "Crash": "FALSE",
        "VehiclesAy": "{(EgoVehicle↦0.0),(Vehicles2↦0.0),(Vehicles3↦0.0),(Vehicles4↦0.0),(Vehicles5↦0.0)}",
        "Reward": "0.7333333333333334",
        "VehiclesAx": "{(EgoVehicle↦0.0),(Vehicles2↦0.01531106885522604),(Vehicles3↦0.020096488296985626),(Vehicles4↦0.015473142266273499),(Vehicles5↦0.015592649579048157)}",
        "VehiclesVx": "{(EgoVehicle↦20.0),(Vehicles2↦0.07172597106546164),(Vehicles3↦0.5397557839751244),(Vehicles4↦-0.35659585148096085),(Vehicles5↦0.7695720344781876)}",
        "VehiclesY": "{(EgoVehicle↦8.000000238418579),(Vehicles2↦-8.000000238418579),(Vehicles3↦-4.0000001192092896),(Vehicles4↦0.0),(Vehicles5↦-4.0000001192092896)}",
        "VehiclesVy": "{(EgoVehicle↦0.0),(Vehicles2↦0.0),(Vehicles3↦0.0),(Vehicles4↦0.0),(Vehicles5↦0.0)}",
        "VehiclesX": "{(EgoVehicle↦200.0),(Vehicles2↦2.610458992421627),(Vehicles3↦10.665266215801239),(Vehicles4↦19.449810683727264),(Vehicles5↦75.1181423664093)}"
      },
      "probabilisticVariables": null,
      "activating": [
        "SLOWER_60"
      ],
      "activatingOnlyWhenExecuted": true,
      "updating": null,
      "withPredicate": null
    },
    {
      "id": "SLOWER_60",
      "execute": "SLOWER",
      "after": "1000",
      "priority": 0,
      "additionalGuards": null,
      "activationKind": null,
      "fixedVariables": {
        "Crash": "FALSE",
        "VehiclesAy": "{(EgoVehicle↦0.0),(Vehicles2↦0.0),(Vehicles3↦0.0),(Vehicles4↦0.0),(Vehicles5↦0.0)}",
        "Reward": "0.7333333333333334",
        "VehiclesAx": "{(EgoVehicle↦0.0),(Vehicles2↦0.015245289541780949),(Vehicles3↦0.01955665647983551),(Vehicles4↦0.014651603996753693),(Vehicles5↦0.01535177230834961)}",
        "VehiclesVx": "{(EgoVehicle↦20.0),(Vehicles2↦0.08697126060724258),(Vehicles3↦0.5593124404549599),(Vehicles4↦-0.34194424748420715),(Vehicles5↦0.7849238067865372)}",
        "VehiclesY": "{(EgoVehicle↦8.000000238418579),(Vehicles2↦-8.000000238418579),(Vehicles3↦-4.0000001192092896),(Vehicles4↦0.0),(Vehicles5↦-4.0000001192092896)}",
        "VehiclesVy": "{(EgoVehicle↦0.0),(Vehicles2↦0.0),(Vehicles3↦0.0),(Vehicles4↦0.0),(Vehicles5↦0.0)}",
        "VehiclesX": "{(EgoVehicle↦200.0),(Vehicles2↦2.6882896199822426),(Vehicles3↦11.21288612484932),(Vehicles4↦19.09913718700409),(Vehicles5↦75.8938729763031)}"
      },
      "probabilisticVariables": null,
      "activating": [
        "SLOWER_61"
      ],
      "activatingOnlyWhenExecuted": true,
      "updating": null,
      "withPredicate": null
    },
    {
      "id": "SLOWER_61",
      "execute": "SLOWER",
      "after": "1000",
      "priority": 0,
      "additionalGuards": null,
      "activationKind": null,
      "fixedVariables": {
        "Crash": "FALSE",
        "VehiclesAy": "{(EgoVehicle↦0.0),(Vehicles2↦0.0),(Vehicles3↦0.0),(Vehicles4↦0.0),(Vehicles5↦0.0)}",
        "Reward": "0.7333333333333334",
        "VehiclesAx": "{(EgoVehicle↦0.0),(Vehicles2↦0.015150774270296097),(Vehicles3↦0.019049644470214844),(Vehicles4↦0.013921409845352173),(Vehicles5↦0.015111491084098816)}",
        "VehiclesVx": "{(EgoVehicle↦20.0),(Vehicles2↦0.10212203487753868),(Vehicles3↦0.5783620849251747),(Vehicles4↦-0.328022837638855),(Vehicles5↦0.800035297870636)}",
        "VehiclesY": "{(EgoVehicle↦8.000000238418579),(Vehicles2↦-8.000000238418579),(Vehicles3↦-4.0000001192092896),(Vehicles4↦0.0),(Vehicles5↦-4.0000001192092896)}",
        "VehiclesVy": "{(EgoVehicle↦0.0),(Vehicles2↦0.0),(Vehicles3↦0.0),(Vehicles4↦0.0),(Vehicles5↦0.0)}",
        "VehiclesX": "{(EgoVehicle↦200.0),(Vehicles2↦2.7813296765089035),(Vehicles3↦11.77985817193985),(Vehicles4↦18.76281648874283),(Vehicles5↦76.6848623752594)}"
      },
      "probabilisticVariables": null,
      "activating": null,
      "activatingOnlyWhenExecuted": true,
      "updating": null,
      "withPredicate": null
    }
  ],
  "listeners": [],
  "metadata": {
    "fileType": "Timed_Trace",
    "formatVersion": 3,
    "savedAt": "2023-08-15T12:35:43.591780Z",
    "creator": "Simulation: MONTE_CARLO_SIMULATION; MAX_STEPS_BEFORE_PROPERTY : 0, EXECUTIONS : 1000, ENDING_TIME : 60000",
    "proB2KernelVersion": "4.12.2",
    "proBCliVersion": "1.12.2-final",
    "modelName": "HighwayEnvironment"
  }
}