{
  "variables": {},
  "activations": [
    {
      "id": "$setup_constants",
      "execute": "$setup_constants",
      "after": "0",
      "priority": 0,
      "additionalGuards": null,
      "activationKind": null,
      "fixedVariables": null,
      "probabilisticVariables": null,
      "activating": null,
      "activatingOnlyWhenExecuted": true,
      "updating": null,
      "withPredicate": null
    },
    {
      "id": "$initialise_machine",
      "execute": "$initialise_machine",
      "after": "0",
      "priority": 0,
      "additionalGuards": null,
      "activationKind": null,
      "fixedVariables": {
        "Crash": "FALSE",
        "VehiclesAy": "{(EgoVehicle↦0.0),(Vehicles2↦0.0),(Vehicles3↦0.0),(Vehicles4↦0.0),(Vehicles5↦0.0)}",
        "Reward": "0.0",
        "VehiclesAx": "{(EgoVehicle↦0.0),(Vehicles2↦0.0),(Vehicles3↦0.0),(Vehicles4↦0.0),(Vehicles5↦0.0)}",
        "VehiclesVx": "{(EgoVehicle↦25.0),(Vehicles2↦-3.338671028614044),(Vehicles3↦-2.8057855367660522),(Vehicles4↦-1.6218383610248566),(Vehicles5↦-2.7710703015327454)}",
        "VehiclesY": "{(EgoVehicle↦8.000000238418579),(Vehicles2↦0.0),(Vehicles3↦0.0),(Vehicles4↦0.0),(Vehicles5↦0.0)}",
        "VehiclesVy": "{(EgoVehicle↦0.0),(Vehicles2↦0.0),(Vehicles3↦0.0),(Vehicles4↦0.0),(Vehicles5↦0.0)}",
        "VehiclesX": "{(EgoVehicle↦153.93409729003906),(Vehicles2↦23.748625814914703),(Vehicles3↦47.899407148361206),(Vehicles4↦71.2603509426117),(Vehicles5↦94.73148584365845)}"
      },
      "probabilisticVariables": null,
      "activating": [
        "LANE_RIGHT_2"
      ],
      "activatingOnlyWhenExecuted": true,
      "updating": null,
      "withPredicate": null
    },
    {
      "id": "LANE_RIGHT_2",
      "execute": "LANE_RIGHT",
      "after": "1000",
      "priority": 0,
      "additionalGuards": null,
      "activationKind": null,
      "fixedVariables": {
        "Crash": "FALSE",
        "VehiclesAy": "{(EgoVehicle↦0.0),(Vehicles2↦-6.334664225578308),(Vehicles3↦0.0),(Vehicles4↦-3.2306864857673645),(Vehicles5↦0.0)}",
        "Reward": "0.8666666666666667",
        "VehiclesAx": "{(EgoVehicle↦0.0),(Vehicles2↦-6.728363931179047),(Vehicles3↦-5.689467787742615),(Vehicles4↦-6.165085285902023),(Vehicles5↦-2.648409903049469)}",
        "VehiclesVx": "{(EgoVehicle↦25.0),(Vehicles2↦-10.06703495979309),(Vehicles3↦-8.495253324508667),(Vehicles4↦-7.78692364692688),(Vehicles5↦-5.419480204582214)}",
        "VehiclesY": "{(EgoVehicle↦8.000000238418579),(Vehicles2↦-1.002996414899826),(Vehicles3↦0.0),(Vehicles4↦-2.7324305176734924),(Vehicles5↦0.0)}",
        "VehiclesVy": "{(EgoVehicle↦0.0),(Vehicles2↦-6.334664225578308),(Vehicles3↦0.0),(Vehicles4↦-3.2306864857673645),(Vehicles5↦0.0)}",
        "VehiclesX": "{(EgoVehicle↦178.93409729003906),(Vehicles2↦17.90127456188202),(Vehicles3↦42.69870221614838),(Vehicles4↦66.90880060195923),(Vehicles5↦90.8456027507782)}"
      },
      "probabilisticVariables": null,
      "activating": [
        "LANE_RIGHT_3"
      ],
      "activatingOnlyWhenExecuted": true,
      "updating": null,
      "withPredicate": null
    },
    {
      "id": "LANE_RIGHT_3",
      "execute": "LANE_RIGHT",
      "after": "1000",
      "priority": 0,
      "additionalGuards": null,
      "activationKind": null,
      "fixedVariables": {
        "Crash": "FALSE",
        "VehiclesAy": "{(EgoVehicle↦0.0),(Vehicles2↦5.51871731877327),(Vehicles3↦0.0),(Vehicles4↦-2.1826907992362976),(Vehicles5↦0.0)}",
        "Reward": "0.8666666666666667",
        "VehiclesAx": "{(EgoVehicle↦0.0),(Vehicles2↦1.250016689300537),(Vehicles3↦0.11631608009338379),(Vehicles4↦0.4901862144470215),(Vehicles5↦-2.1162235736846924)}",
        "VehiclesVx": "{(EgoVehicle↦25.0),(Vehicles2↦-8.817018270492554),(Vehicles3↦-8.378937244415283),(Vehicles4↦-7.296737432479858),(Vehicles5↦-7.535703778266907)}",
        "VehiclesY": "{(EgoVehicle↦8.000000238418579),(Vehicles2↦-3.699584484100342),(Vehicles3↦0.0),(Vehicles4↦-5.953199028968811),(Vehicles5↦0.0)}",
        "VehiclesVy": "{(EgoVehicle↦0.0),(Vehicles2↦-0.8159469068050385),(Vehicles3↦0.0),(Vehicles4↦-5.413377285003662),(Vehicles5↦0.0)}",
        "VehiclesX": "{(EgoVehicle↦200.0),(Vehicles2↦8.368860185146332),(Vehicles3↦33.90226364135742),(Vehicles4↦59.580326080322266),(Vehicles5↦84.57679748535156)}"
      },
      "probabilisticVariables": null,
      "activating": [
        "SLOWER_4"
      ],
      "activatingOnlyWhenExecuted": true,
      "updating": null,
      "withPredicate": null
    },
    {
      "id": "SLOWER_4",
      "execute": "SLOWER",
      "after": "1000",
      "priority": 0,
      "additionalGuards": null,
      "activationKind": null,
      "fixedVariables": {
        "Crash": "FALSE",
        "VehiclesAy": "{(EgoVehicle↦0.0),(Vehicles2↦0.7432586187496781),(Vehicles3↦0.0),(Vehicles4↦4.988122023642063),(Vehicles5↦0.0)}",
        "Reward": "0.750891632373114",
        "VehiclesAx": "{(EgoVehicle↦-4.341564178466797),(Vehicles2↦5.632793605327606),(Vehicles3↦4.939341843128204),(Vehicles4↦5.756473541259766),(Vehicles5↦4.874275326728821)}",
        "VehiclesVx": "{(EgoVehicle↦20.658435821533203),(Vehicles2↦-3.1842246651649475),(Vehicles3↦-3.439595401287079),(Vehicles4↦-1.5402638912200928),(Vehicles5↦-2.661428451538086)}",
        "VehiclesY": "{(EgoVehicle↦8.000000238418579),(Vehicles2↦-3.9740116596221924),(Vehicles3↦0.0),(Vehicles4↦-7.851693391799927),(Vehicles5↦0.0)}",
        "VehiclesVy": "{(EgoVehicle↦0.0),(Vehicles2↦-0.07268828805536032),(Vehicles3↦0.0),(Vehicles4↦-0.42525526136159897),(Vehicles5↦0.0)}",
        "VehiclesX": "{(EgoVehicle↦200.0),(Vehicles2↦2.4083035066723824),(Vehicles3↦28.172042965888977),(Vehicles4↦55.56380748748779),(Vehicles5↦79.47412729263306)}"
      },
      "probabilisticVariables": null,
      "activating": [
        "SLOWER_5"
      ],
      "activatingOnlyWhenExecuted": true,
      "updating": null,
      "withPredicate": null
    },
    {
      "id": "SLOWER_5",
      "execute": "SLOWER",
      "after": "1000",
      "priority": 0,
      "additionalGuards": null,
      "activationKind": null,
      "fixedVariables": {
        "Crash": "FALSE",
        "VehiclesAy": "{(EgoVehicle↦0.0),(Vehicles2↦0.0670986162731424),(Vehicles3↦0.0),(Vehicles4↦0.39683185517787933),(Vehicles5↦0.0)}",
        "Reward": "0.735645537322111",
        "VehiclesAx": "{(EgoVehicle↦-0.5717277526855469),(Vehicles2↦1.6980156302452087),(Vehicles3↦1.0695953667163849),(Vehicles4↦0.9976015612483025),(Vehicles5↦1.690482273697853)}",
        "VehiclesVx": "{(EgoVehicle↦20.086708068847656),(Vehicles2↦-1.4862090349197388),(Vehicles3↦-2.370000034570694),(Vehicles4↦-0.5426623299717903),(Vehicles5↦-0.9709461778402328)}",
        "VehiclesY": "{(EgoVehicle↦8.000000238418579),(Vehicles2↦-3.9980363845825195),(Vehicles3↦0.0),(Vehicles4↦-7.990149736404419),(Vehicles5↦0.0)}",
        "VehiclesVy": "{(EgoVehicle↦0.0),(Vehicles2↦-0.00558967178221792),(Vehicles3↦0.0),(Vehicles4↦-0.028423406183719635),(Vehicles5↦0.0)}",
        "VehiclesX": "{(EgoVehicle↦200.0),(Vehicles2↦0.03080633468925953),(Vehicles3↦25.249752402305603),(Vehicles4↦54.531872272491455),(Vehicles5↦77.52028703689575)}"
      },
      "probabilisticVariables": null,
      "activating": [
        "SLOWER_6"
      ],
      "activatingOnlyWhenExecuted": true,
      "updating": null,
      "withPredicate": null
    },
    {
      "id": "SLOWER_6",
      "execute": "SLOWER",
      "after": "1000",
      "priority": 0,
      "additionalGuards": null,
      "activationKind": null,
      "fixedVariables": {
        "Crash": "FALSE",
        "VehiclesAy": "{(EgoVehicle↦0.0),(Vehicles2↦0.005200012601562776),(Vehicles3↦0.0),(Vehicles4↦0.0265887075511273),(Vehicles5↦0.0)}",
        "Reward": "0.7336378211014029",
        "VehiclesAx": "{(EgoVehicle↦-0.07529020309448242),(Vehicles2↦0.775972381234169),(Vehicles3↦0.5588993430137634),(Vehicles4↦0.30995503067970276),(Vehicles5↦1.021481561474502)}",
        "VehiclesVx": "{(EgoVehicle↦20.011417865753174),(Vehicles2↦-0.7102366536855698),(Vehicles3↦-1.8111006915569305),(Vehicles4↦-0.23270729929208755),(Vehicles5↦0.05053538363426924)}",
        "VehiclesY": "{(EgoVehicle↦8.000000238418579),(Vehicles2↦-3.9998645782470703),(Vehicles3↦0.0),(Vehicles4↦-7.999366521835327),(Vehicles5↦0.0)}",
        "VehiclesVy": "{(EgoVehicle↦0.0),(Vehicles2↦-0.00038965918065514416),(Vehicles3↦0.0),(Vehicles4↦-0.0018346986325923353),(Vehicles5↦0.0)}",
        "VehiclesX": "{(EgoVehicle↦200.0),(Vehicles2↦-1.1058768257498741),(Vehicles3↦23.117083311080933),(Vehicles4↦54.13480997085571),(Vehicles5↦77.00453400611877)}"
      },
      "probabilisticVariables": null,
      "activating": [
        "SLOWER_7"
      ],
      "activatingOnlyWhenExecuted": true,
      "updating": null,
      "withPredicate": null
    },
    {
      "id": "SLOWER_7",
      "execute": "SLOWER",
      "after": "1000",
      "priority": 0,
      "additionalGuards": null,
      "activationKind": null,
      "fixedVariables": {
        "Crash": "FALSE",
        "VehiclesAy": "{(EgoVehicle↦0.0),(Vehicles2↦0.0003640851628006203),(Vehicles3↦0.0),(Vehicles4↦0.0017186140121339122),(Vehicles5↦0.0)}",
        "Reward": "0.7333734304879762",
        "VehiclesAx": "{(EgoVehicle↦-0.009913444519042969),(Vehicles2↦0.43047089129686356),(Vehicles3↦0.44306889176368713),(Vehicles4↦0.153425307944417),(Vehicles5↦0.5820244969800115)}",
        "VehiclesVx": "{(EgoVehicle↦20.00150442123413),(Vehicles2↦-0.2797657623887062),(Vehicles3↦-1.3680317997932434),(Vehicles4↦-0.07928199134767056),(Vehicles5↦0.6325598806142807)}",
        "VehiclesY": "{(EgoVehicle↦8.000000238418579),(Vehicles2↦-3.9999911785125732),(Vehicles3↦0.0),(Vehicles4↦-7.99996018409729),(Vehicles5↦0.0)}",
        "VehiclesVy": "{(EgoVehicle↦0.0),(Vehicles2↦-2.5574017854523845E-05),(Vehicles3↦0.0),(Vehicles4↦-0.00011608462045842316),(Vehicles5↦0.0)}",
        "VehiclesX": "{(EgoVehicle↦200.0),(Vehicles2↦-1.6249004751443863),(Vehicles3↦21.49008959531784),(Vehicles4↦53.96985411643982),(Vehicles5↦77.31402516365051)}"
      },
      "probabilisticVariables": null,
      "activating": [
        "SLOWER_8"
      ],
      "activatingOnlyWhenExecuted": true,
      "updating": null,
      "withPredicate": null
    },
    {
      "id": "SLOWER_8",
      "execute": "SLOWER",
      "after": "1000",
      "priority": 0,
      "additionalGuards": null,
      "activationKind": null,
      "fixedVariables": {
        "Crash": "FALSE",
        "VehiclesAy": "{(EgoVehicle↦0.0),(Vehicles2↦2.3955304442324632E-05),(Vehicles3↦0.0),(Vehicles4↦0.00010883456809551717),(Vehicles5↦0.0)}",
        "Reward": "0.7333386136170722",
        "VehiclesAx": "{(EgoVehicle↦-0.0013065338134765625),(Vehicles2↦0.248940153978765),(Vehicles3↦0.3609831631183624),(Vehicles4↦0.10133095784112811),(Vehicles5↦0.3248170018196106)}",
        "VehiclesVx": "{(EgoVehicle↦20.000197887420654),(Vehicles2↦-0.030825608409941196),(Vehicles3↦-1.007048636674881),(Vehicles4↦0.022048966493457556),(Vehicles5↦0.9573768824338913)}",
        "VehiclesY": "{(EgoVehicle↦8.000000238418579),(Vehicles2↦-3.9999994039535522),(Vehicles3↦0.0),(Vehicles4↦-7.99999737739563),(Vehicles5↦0.0)}",
        "VehiclesVy": "{(EgoVehicle↦0.0),(Vehicles2↦-1.618713412199213E-06),(Vehicles3↦0.0),(Vehicles4↦-7.25005236290599E-06),(Vehicles5↦0.0)}",
        "VehiclesX": "{(EgoVehicle↦200.0),(Vehicles2↦-1.7943359911441803),(Vehicles3↦20.272789895534515),(Vehicles4↦53.933632373809814),(Vehicles5↦78.09218168258667)}"
      },
      "probabilisticVariables": null,
      "activating": [
        "SLOWER_9"
      ],
      "activatingOnlyWhenExecuted": true,
      "updating": null,
      "withPredicate": null
    },
    {
      "id": "SLOWER_9",
      "execute": "SLOWER",
      "after": "1000",
      "priority": 0,
      "additionalGuards": null,
      "activationKind": null,
      "fixedVariables": {
        "Crash": "FALSE",
        "VehiclesAy": "{(EgoVehicle↦0.0),(Vehicles2↦1.5184308654880851E-06),(Vehicles3↦0.0),(Vehicles4↦6.8016057497288784E-06),(Vehicles5↦0.0)}",
        "Reward": "0.73333402867934",
        "VehiclesAx": "{(EgoVehicle↦-0.000171661376953125),(Vehicles2↦0.14448812697082758),(Vehicles3↦0.28585679829120636),(Vehicles4↦0.07921463111415505),(Vehicles5↦0.17245441675186157)}",
        "VehiclesVx": "{(EgoVehicle↦20.0000262260437),(Vehicles2↦0.11366251856088638),(Vehicles3↦-0.7211918383836746),(Vehicles4↦0.10126359760761261),(Vehicles5↦1.1298312991857529)}",
        "VehiclesY": "{(EgoVehicle↦8.000000238418579),(Vehicles2↦-4.0000001192092896),(Vehicles3↦0.0),(Vehicles4↦-7.999999523162842),(Vehicles5↦0.0)}",
        "VehiclesVy": "{(EgoVehicle↦0.0),(Vehicles2↦-1.0028254671112791E-07),(Vehicles3↦0.0),(Vehicles4↦-4.4844661317711143E-07),(Vehicles5↦0.0)}",
        "VehiclesX": "{(EgoVehicle↦200.0),(Vehicles2↦-1.7610728740692139),(Vehicles3↦19.385695457458496),(Vehicles4↦53.98854613304138),(Vehicles5↦79.12765741348267)}"
      },
      "probabilisticVariables": null,
      "activating": [
        "SLOWER_10"
      ],
      "activatingOnlyWhenExecuted": true,
      "updating": null,
      "withPredicate": null
    },
    {
      "id": "SLOWER_10",
      "execute": "SLOWER",
      "after": "1000",
      "priority": 0,
      "additionalGuards": null,
      "activationKind": null,
      "fixedVariables": {
        "Crash": "FALSE",
        "VehiclesAy": "{(EgoVehicle↦0.0),(Vehicles2↦9.414722335066017E-08),(Vehicles3↦0.0),(Vehicles4↦4.209301351920658E-07),(Vehicles5↦0.0)}",
        "Reward": "0.7333334249015317",
        "VehiclesAx": "{(EgoVehicle↦-2.384185791015625E-05),(Vehicles2↦0.08283678442239761),(Vehicles3↦0.22229962050914764),(Vehicles4↦0.06827624514698982),(Vehicles5↦0.08504875004291534)}",
        "VehiclesVx": "{(EgoVehicle↦20.00000238418579),(Vehicles2↦0.196499302983284),(Vehicles3↦-0.498892217874527),(Vehicles4↦0.16953984275460243),(Vehicles5↦1.2148800492286682)}",
        "VehiclesY": "{(EgoVehicle↦8.000000238418579),(Vehicles2↦-4.0000001192092896),(Vehicles3↦0.0),(Vehicles4↦-8.000000238418579),(Vehicles5↦0.0)}",
        "VehiclesVy": "{(EgoVehicle↦0.0),(Vehicles2↦-6.135323360467737E-09),(Vehicles3↦0.0),(Vehicles4↦-2.751647798504564E-08),(Vehicles5↦0.0)}",
        "VehiclesX": "{(EgoVehicle↦200.0),(Vehicles2↦-1.6105197370052338),(Vehicles3↦18.757960200309753),(Vehicles4↦54.117751121520996),(Vehicles5↦80.29665350914001)}"
      },
      "probabilisticVariables": null,
      "activating": [
        "LANE_RIGHT_11"
      ],
      "activatingOnlyWhenExecuted": true,
      "updating": null,
      "withPredicate": null
    },
    {
      "id": "LANE_RIGHT_11",
      "execute": "LANE_RIGHT",
      "after": "1000",
      "priority": 0,
      "additionalGuards": null,
      "activationKind": null,
      "fixedVariables": {
        "Crash": "FALSE",
        "VehiclesAy": "{(EgoVehicle↦0.0),(Vehicles2↦5.7626259319931705E-09),(Vehicles3↦0.0),(Vehicles4↦2.584011227213523E-08),(Vehicles5↦0.0)}",
        "Reward": "0.7333333453916969",
        "VehiclesAx": "{(EgoVehicle↦-2.384185791015625E-06),(Vehicles2↦0.045694801956415176),(Vehicles3↦0.1724281907081604),(Vehicles4↦0.061947666108608246),(Vehicles5↦0.03609657287597656)}",
        "VehiclesVx": "{(EgoVehicle↦20.0),(Vehicles2↦0.24219410493969917),(Vehicles3↦-0.3264640271663666),(Vehicles4↦0.23148750886321068),(Vehicles5↦1.2509766221046448)}",
        "VehiclesY": "{(EgoVehicle↦8.000000238418579),(Vehicles2↦-4.0000001192092896),(Vehicles3↦0.0),(Vehicles4↦-8.000000238418579),(Vehicles5↦0.0)}",
        "VehiclesVy": "{(EgoVehicle↦0.0),(Vehicles2↦-3.7269742847456655E-10),(Vehicles3↦0.0),(Vehicles4↦-1.6763657129104104E-09),(Vehicles5↦0.0)}",
        "VehiclesX": "{(EgoVehicle↦200.0),(Vehicles2↦-1.3934520073235035),(Vehicles3↦18.33149790763855),(Vehicles4↦54.3124794960022),(Vehicles5↦81.52883052825928)}"
      },
      "probabilisticVariables": null,
      "activating": [
        "LANE_RIGHT_12"
      ],
      "activatingOnlyWhenExecuted": true,
      "updating": null,
      "withPredicate": null
    },
    {
      "id": "LANE_RIGHT_12",
      "execute": "LANE_RIGHT",
      "after": "1000",
      "priority": 0,
      "additionalGuards": null,
      "activationKind": null,
      "fixedVariables": {
        "Crash": "FALSE",
        "VehiclesAy": "{(EgoVehicle↦0.0),(Vehicles2↦3.5014657839838037E-10),(Vehicles3↦0.0),(Vehicles4↦1.574900210243868E-09),(Vehicles5↦0.0)}",
        "Reward": "0.733333334921266",
        "VehiclesAx": "{(EgoVehicle↦0.0),(Vehicles2↦0.022843386977910995),(Vehicles3↦0.13499945402145386),(Vehicles4↦0.057584065943956375),(Vehicles5↦0.00898703932762146)}",
        "VehiclesVx": "{(EgoVehicle↦20.0),(Vehicles2↦0.26503749191761017),(Vehicles3↦-0.19146457314491272),(Vehicles4↦0.28907157480716705),(Vehicles5↦1.2599636614322662)}",
        "VehiclesY": "{(EgoVehicle↦8.000000238418579),(Vehicles2↦-4.0000001192092896),(Vehicles3↦0.0),(Vehicles4↦-8.000000238418579),(Vehicles5↦0.0)}",
        "VehiclesVy": "{(EgoVehicle↦0.0),(Vehicles2↦-2.255085007618618E-11),(Vehicles3↦0.0),(Vehicles4↦-1.0146550266654231E-10),(Vehicles5↦0.0)}",
        "VehiclesX": "{(EgoVehicle↦200.0),(Vehicles2↦-1.1406967416405678),(Vehicles3↦18.061591684818268),(Vehicles4↦54.56730127334595),(Vehicles5↦82.7849805355072)}"
      },
      "probabilisticVariables": null,
      "activating": [
        "LANE_RIGHT_13"
      ],
      "activatingOnlyWhenExecuted": true,
      "updating": null,
      "withPredicate": null
    },
    {
      "id": "LANE_RIGHT_13",
      "execute": "LANE_RIGHT",
      "after": "1000",
      "priority": 0,
      "additionalGuards": null,
      "activationKind": null,
      "fixedVariables": {
        "Crash": "FALSE",
        "VehiclesAy": "{(EgoVehicle↦0.0),(Vehicles2↦2.1183055309847987E-11),(Vehicles3↦0.0),(Vehicles4↦9.537259870739945E-11),(Vehicles5↦0.0)}",
        "Reward": "0.7333333335424438",
        "VehiclesAx": "{(EgoVehicle↦0.0),(Vehicles2↦0.008556898683309555),(Vehicles3↦0.10747677646577358),(Vehicles4↦0.05409594625234604),(Vehicles5↦-0.006018728017807007)}",
        "VehiclesVx": "{(EgoVehicle↦20.0),(Vehicles2↦0.2735943906009197),(Vehicles3↦-0.08398779667913914),(Vehicles4↦0.3431675210595131),(Vehicles5↦1.2539449334144592)}",
        "VehiclesY": "{(EgoVehicle↦8.000000238418579),(Vehicles2↦-4.0000001192092896),(Vehicles3↦0.0),(Vehicles4↦-8.000000238418579),(Vehicles5↦0.0)}",
        "VehiclesVy": "{(EgoVehicle↦0.0),(Vehicles2↦-1.3677947663381929E-12),(Vehicles3↦0.0),(Vehicles4↦-6.092903959142859E-12),(Vehicles5↦0.0)}",
        "VehiclesX": "{(EgoVehicle↦200.0),(Vehicles2↦-0.8713413029909134),(Vehicles3↦17.914991080760956),(Vehicles4↦54.878270626068115),(Vehicles5↦84.04341340065002)}"
      },
      "probabilisticVariables": null,
      "activating": [
        "LANE_RIGHT_14"
      ],
      "activatingOnlyWhenExecuted": true,
      "updating": null,
      "withPredicate": null
    },
    {
      "id": "LANE_RIGHT_14",
      "execute": "LANE_RIGHT",
      "after": "1000",
      "priority": 0,
      "additionalGuards": null,
      "activationKind": null,
      "fixedVariables": {
        "Crash": "FALSE",
        "VehiclesAy": "{(EgoVehicle↦0.0),(Vehicles2↦1.2789769243681803E-12),(Vehicles3↦0.0),(Vehicles4↦5.7198690228688065E-12),(Vehicles5↦0.0)}",
        "Reward": "0.7333333333608705",
        "VehiclesAx": "{(EgoVehicle↦0.0),(Vehicles2↦-0.0004311464726924896),(Vehicles3↦0.08729537425097078),(Vehicles4↦0.051043443381786346),(Vehicles5↦-0.014398917555809021)}",
        "VehiclesVx": "{(EgoVehicle↦20.0),(Vehicles2↦0.27316324412822723),(Vehicles3↦0.0033075775718316436),(Vehicles4↦0.39421096444129944),(Vehicles5↦1.2395460158586502)}",
        "VehiclesY": "{(EgoVehicle↦8.000000238418579),(Vehicles2↦-4.0000001192092896),(Vehicles3↦0.0),(Vehicles4↦-8.000000238418579),(Vehicles5↦0.0)}",
        "VehiclesVy": "{(EgoVehicle↦0.0),(Vehicles2↦-8.881784197001252E-14),(Vehicles3↦0.0),(Vehicles4↦-3.730349362740526E-13),(Vehicles5↦0.0)}",
        "VehiclesX": "{(EgoVehicle↦200.0),(Vehicles2↦-0.5973568186163902),(Vehicles3↦17.867299914360046),(Vehicles4↦55.242085456848145),(Vehicles5↦85.29209494590759)}"
      },
      "probabilisticVariables": null,
      "activating": [
        "LANE_RIGHT_15"
      ],
      "activatingOnlyWhenExecuted": true,
      "updating": null,
      "withPredicate": null
    },
    {
      "id": "LANE_RIGHT_15",
      "execute": "LANE_RIGHT",
      "after": "1000",
      "priority": 0,
      "additionalGuards": null,
      "activationKind": null,
      "fixedVariables": {
        "Crash": "FALSE",
        "VehiclesAy": "{(EgoVehicle↦0.0),(Vehicles2↦8.881784197001252E-14),(Vehicles3↦0.0),(Vehicles4↦3.4638958368304884E-13),(Vehicles5↦0.0)}",
        "Reward": "0.7333333333369597",
        "VehiclesAx": "{(EgoVehicle↦0.0),(Vehicles2↦-0.006049107760190964),(Vehicles3↦0.0723484909394756),(Vehicles4↦0.04825279116630554),(Vehicles5↦-0.019164681434631348)}",
        "VehiclesVx": "{(EgoVehicle↦20.0),(Vehicles2↦0.26711413636803627),(Vehicles3↦0.07565606851130724),(Vehicles4↦0.442463755607605),(Vehicles5↦1.2203813344240189)}",
        "VehiclesY": "{(EgoVehicle↦8.000000238418579),(Vehicles2↦-4.0000001192092896),(Vehicles3↦0.0),(Vehicles4↦-8.000000238418579),(Vehicles5↦0.0)}",
        "VehiclesVy": "{(EgoVehicle↦0.0),(Vehicles2↦0.0),(Vehicles3↦0.0),(Vehicles4↦-2.6645352591003757E-14),(Vehicles5↦0.0)}",
        "VehiclesX": "{(EgoVehicle↦200.0),(Vehicles2↦-0.32626481261104345),(Vehicles3↦17.900577187538147),(Vehicles4↦55.655813217163086),(Vehicles5↦86.5242600440979)}"
      },
      "probabilisticVariables": null,
      "activating": [
        "LANE_RIGHT_16"
      ],
      "activatingOnlyWhenExecuted": true,
      "updating": null,
      "withPredicate": null
    },
    {
      "id": "LANE_RIGHT_16",
      "execute": "LANE_RIGHT",
      "after": "1000",
      "priority": 0,
      "additionalGuards": null,
      "activationKind": null,
      "fixedVariables": {
        "Crash": "FALSE",
        "VehiclesAy": "{(EgoVehicle↦0.0),(Vehicles2↦0.0),(Vehicles3↦0.0),(Vehicles4↦2.6645352591003757E-14),(Vehicles5↦0.0)}",
        "Reward": "0.7333333333338109",
        "VehiclesAx": "{(EgoVehicle↦0.0),(Vehicles2↦-0.00948045402765274),(Vehicles3↦0.061067151837050915),(Vehicles4↦0.0456547737121582),(Vehicles5↦-0.021950826048851013)}",
        "VehiclesVx": "{(EgoVehicle↦20.0),(Vehicles2↦0.25763368234038353),(Vehicles3↦0.13672322034835815),(Vehicles4↦0.4881185293197632),(Vehicles5↦1.1984305083751678)}",
        "VehiclesY": "{(EgoVehicle↦8.000000238418579),(Vehicles2↦-4.0000001192092896),(Vehicles3↦0.0),(Vehicles4↦-8.000000238418579),(Vehicles5↦0.0)}",
        "VehiclesVy": "{(EgoVehicle↦0.0),(Vehicles2↦0.0),(Vehicles3↦0.0),(Vehicles4↦0.0),(Vehicles5↦0.0)}",
        "VehiclesX": "{(EgoVehicle↦200.0),(Vehicles2↦-0.06273453473113477),(Vehicles3↦18.00144612789154),(Vehicles4↦56.11674189567566),(Vehicles5↦87.73602843284607)}"
      },
      "probabilisticVariables": null,
      "activating": [
        "LANE_RIGHT_17"
      ],
      "activatingOnlyWhenExecuted": true,
      "updating": null,
      "withPredicate": null
    },
    {
      "id": "LANE_RIGHT_17",
      "execute": "LANE_RIGHT",
      "after": "1000",
      "priority": 0,
      "additionalGuards": null,
      "activationKind": null,
      "fixedVariables": {
        "Crash": "FALSE",
        "VehiclesAy": "{(EgoVehicle↦0.0),(Vehicles2↦0.0),(Vehicles3↦0.0),(Vehicles4↦0.0),(Vehicles5↦0.0)}",
        "Reward": "0.7333333333333963",
        "VehiclesAx": "{(EgoVehicle↦0.0),(Vehicles2↦-0.011476296931505203),(Vehicles3↦0.052343159914016724),(Vehicles4↦0.04321835935115814),(Vehicles5↦-0.0236395001411438)}",
        "VehiclesVx": "{(EgoVehicle↦20.0),(Vehicles2↦0.24615738540887833),(Vehicles3↦0.18906638026237488),(Vehicles4↦0.5313368886709213),(Vehicles5↦1.174791008234024)}",
        "VehiclesY": "{(EgoVehicle↦8.000000238418579),(Vehicles2↦-4.0000001192092896),(Vehicles3↦0.0),(Vehicles4↦-8.000000238418579),(Vehicles5↦0.0)}",
        "VehiclesVy": "{(EgoVehicle↦0.0),(Vehicles2↦0.0),(Vehicles3↦0.0),(Vehicles4↦0.0),(Vehicles5↦0.0)}",
        "VehiclesX": "{(EgoVehicle↦200.0),(Vehicles2↦0.19042465137317777),(Vehicles3↦18.15972328186035),(Vehicles4↦56.62233829498291),(Vehicles5↦88.92511129379272)}"
      },
      "probabilisticVariables": null,
      "activating": [
        "LANE_RIGHT_18"
      ],
      "activatingOnlyWhenExecuted": true,
      "updating": null,
      "withPredicate": null
    },
    {
      "id": "LANE_RIGHT_18",
      "execute": "LANE_RIGHT",
      "after": "1000",
      "priority": 0,
      "additionalGuards": null,
      "activationKind": null,
      "fixedVariables": {
        "Crash": "FALSE",
        "VehiclesAy": "{(EgoVehicle↦0.0),(Vehicles2↦0.0),(Vehicles3↦0.0),(Vehicles4↦0.0),(Vehicles5↦0.0)}",
        "Reward": "0.7333333333333415",
        "VehiclesAx": "{(EgoVehicle↦0.0),(Vehicles2↦-0.01252470538020134),(Vehicles3↦0.0454159639775753),(Vehicles4↦0.040926262736320496),(Vehicles5↦-1.7819903418421745)}",
        "VehiclesVx": "{(EgoVehicle↦20.0),(Vehicles2↦0.233632680028677),(Vehicles3↦0.23448234423995018),(Vehicles4↦0.5722631514072418),(Vehicles5↦-0.6071993336081505)}",
        "VehiclesY": "{(EgoVehicle↦8.000000238418579),(Vehicles2↦-4.0000001192092896),(Vehicles3↦0.0),(Vehicles4↦-8.000000238418579),(Vehicles5↦-4.0000001192092896)}",
        "VehiclesVy": "{(EgoVehicle↦0.0),(Vehicles2↦0.0),(Vehicles3↦0.0),(Vehicles4↦0.0),(Vehicles5↦0.0)}",
        "VehiclesX": "{(EgoVehicle↦200.0),(Vehicles2↦0.43162722140550613),(Vehicles3↦18.367452919483185),(Vehicles4↦57.1702241897583),(Vehicles5↦88.96927237510681)}"
      },
      "probabilisticVariables": null,
      "activating": [
        "SLOWER_19"
      ],
      "activatingOnlyWhenExecuted": true,
      "updating": null,
      "withPredicate": null
    },
    {
      "id": "SLOWER_19",
      "execute": "SLOWER",
      "after": "1000",
      "priority": 0,
      "additionalGuards": null,
      "activationKind": null,
      "fixedVariables": {
        "Crash": "FALSE",
        "VehiclesAy": "{(EgoVehicle↦0.0),(Vehicles2↦0.0),(Vehicles3↦0.0),(Vehicles4↦0.0),(Vehicles5↦0.0)}",
        "Reward": "0.7333333333333344",
        "VehiclesAx": "{(EgoVehicle↦0.0),(Vehicles2↦-0.012947320938110352),(Vehicles3↦0.03977086395025253),(Vehicles4↦0.03876585513353348),(Vehicles5↦0.06149210035800934)}",
        "VehiclesVx": "{(EgoVehicle↦20.0),(Vehicles2↦0.22068535909056664),(Vehicles3↦0.2742532081902027),(Vehicles4↦0.6110290065407753),(Vehicles5↦-0.5457072332501411)}",
        "VehiclesY": "{(EgoVehicle↦8.000000238418579),(Vehicles2↦-4.0000001192092896),(Vehicles3↦0.0),(Vehicles4↦-8.000000238418579),(Vehicles5↦-4.0000001192092896)}",
        "VehiclesVy": "{(EgoVehicle↦0.0),(Vehicles2↦0.0),(Vehicles3↦0.0),(Vehicles4↦0.0),(Vehicles5↦0.0)}",
        "VehiclesX": "{(EgoVehicle↦200.0),(Vehicles2↦0.6600957363843918),(Vehicles3↦18.618254363536835),(Vehicles4↦57.758158445358276),(Vehicles5↦88.38737607002258)}"
      },
      "probabilisticVariables": null,
      "activating": [
        "SLOWER_20"
      ],
      "activatingOnlyWhenExecuted": true,
      "updating": null,
      "withPredicate": null
    },
    {
      "id": "SLOWER_20",
      "execute": "SLOWER",
      "after": "1000",
      "priority": 0,
      "additionalGuards": null,
      "activationKind": null,
      "fixedVariables": {
        "Crash": "FALSE",
        "VehiclesAy": "{(EgoVehicle↦0.0),(Vehicles2↦0.0),(Vehicles3↦0.0),(Vehicles4↦0.0),(Vehicles5↦0.0)}",
        "Reward": "0.7333333333333334",
        "VehiclesAx": "{(EgoVehicle↦0.0),(Vehicles2↦-0.012957751750946045),(Vehicles3↦0.03506040200591087),(Vehicles4↦0.03672342747449875),(Vehicles5↦0.05356639623641968)}",
        "VehiclesVx": "{(EgoVehicle↦20.0),(Vehicles2↦0.2077276073396206),(Vehicles3↦0.3093136101961136),(Vehicles4↦0.647752434015274),(Vehicles5↦-0.49214083701372147)}",
        "VehiclesY": "{(EgoVehicle↦8.000000238418579),(Vehicles2↦-4.0000001192092896),(Vehicles3↦0.0),(Vehicles4↦-8.000000238418579),(Vehicles5↦-4.0000001192092896)}",
        "VehiclesVy": "{(EgoVehicle↦0.0),(Vehicles2↦0.0),(Vehicles3↦0.0),(Vehicles4↦0.0),(Vehicles5↦0.0)}",
        "VehiclesX": "{(EgoVehicle↦200.0),(Vehicles2↦0.8755863644182682),(Vehicles3↦18.90687793493271),(Vehicles4↦58.384037017822266),(Vehicles5↦87.86365985870361)}"
      },
      "probabilisticVariables": null,
      "activating": [
        "SLOWER_21"
      ],
      "activatingOnlyWhenExecuted": true,
      "updating": null,
      "withPredicate": null
    },
    {
      "id": "SLOWER_21",
      "execute": "SLOWER",
      "after": "1000",
      "priority": 0,
      "additionalGuards": null,
      "activationKind": null,
      "fixedVariables": {
        "Crash": "FALSE",
        "VehiclesAy": "{(EgoVehicle↦0.0),(Vehicles2↦0.0),(Vehicles3↦0.0),(Vehicles4↦0.0),(Vehicles5↦0.0)}",
        "Reward": "0.7333333333333334",
        "VehiclesAx": "{(EgoVehicle↦0.0),(Vehicles2↦-0.012698527425527573),(Vehicles3↦0.03104880452156067),(Vehicles4↦0.034539252519607544),(Vehicles5↦0.04724960774183273)}",
        "VehiclesVx": "{(EgoVehicle↦20.0),(Vehicles2↦0.19502907991409302),(Vehicles3↦0.34036241471767426),(Vehicles4↦0.6822916865348816),(Vehicles5↦-0.44489122927188873)}",
        "VehiclesY": "{(EgoVehicle↦8.000000238418579),(Vehicles2↦-4.0000001192092896),(Vehicles3↦0.0),(Vehicles4↦-8.000000238418579),(Vehicles5↦-4.0000001192092896)}",
        "VehiclesVy": "{(EgoVehicle↦0.0),(Vehicles2↦0.0),(Vehicles3↦0.0),(Vehicles4↦0.0),(Vehicles5↦0.0)}",
        "VehiclesX": "{(EgoVehicle↦200.0),(Vehicles2↦1.078205555677414),(Vehicles3↦19.22890841960907),(Vehicles4↦59.04580354690552),(Vehicles5↦87.39085793495178)}"
      },
      "probabilisticVariables": null,
      "activating": [
        "SLOWER_22"
      ],
      "activatingOnlyWhenExecuted": true,
      "updating": null,
      "withPredicate": null
    },
    {
      "id": "SLOWER_22",
      "execute": "SLOWER",
      "after": "1000",
      "priority": 0,
      "additionalGuards": null,
      "activationKind": null,
      "fixedVariables": {
        "Crash": "FALSE",
        "VehiclesAy": "{(EgoVehicle↦0.0),(Vehicles2↦0.0),(Vehicles3↦0.0),(Vehicles4↦0.0),(Vehicles5↦0.0)}",
        "Reward": "0.7333333333333334",
        "VehiclesAx": "{(EgoVehicle↦0.0),(Vehicles2↦-0.01224026083946228),(Vehicles3↦0.027574151754379272),(Vehicles4↦0.03182224929332733),(Vehicles5↦0.04285052418708801)}",
        "VehiclesVx": "{(EgoVehicle↦20.0),(Vehicles2↦0.18278881907463074),(Vehicles3↦0.36793656647205353),(Vehicles4↦0.7141139358282089),(Vehicles5↦-0.4020407050848007)}",
        "VehiclesY": "{(EgoVehicle↦8.000000238418579),(Vehicles2↦-4.0000001192092896),(Vehicles3↦0.0),(Vehicles4↦-8.000000238418579),(Vehicles5↦-4.0000001192092896)}",
        "VehiclesVy": "{(EgoVehicle↦0.0),(Vehicles2↦0.0),(Vehicles3↦0.0),(Vehicles4↦0.0),(Vehicles5↦0.0)}",
        "VehiclesX": "{(EgoVehicle↦200.0),(Vehicles2↦1.2682940810918808),(Vehicles3↦19.58055943250656),(Vehicles4↦59.741055965423584),(Vehicles5↦86.96337938308716)}"
      },
      "probabilisticVariables": null,
      "activating": [
        "SLOWER_23"
      ],
      "activatingOnlyWhenExecuted": true,
      "updating": null,
      "withPredicate": null
    },
    {
      "id": "SLOWER_23",
      "execute": "SLOWER",
      "after": "1000",
      "priority": 0,
      "additionalGuards": null,
      "activationKind": null,
      "fixedVariables": {
        "Crash": "FALSE",
        "VehiclesAy": "{(EgoVehicle↦0.0),(Vehicles2↦0.0),(Vehicles3↦0.0),(Vehicles4↦0.0),(Vehicles5↦0.0)}",
        "Reward": "0.7333333333333334",
        "VehiclesAx": "{(EgoVehicle↦0.0),(Vehicles2↦-0.011583901941776276),(Vehicles3↦0.02452317625284195),(Vehicles4↦0.02882644534111023),(Vehicles5↦0.04022587090730667)}",
        "VehiclesVx": "{(EgoVehicle↦20.0),(Vehicles2↦0.17120491713285446),(Vehicles3↦0.3924597427248955),(Vehicles4↦0.7429403811693192),(Vehicles5↦-0.36181483417749405)}",
        "VehiclesY": "{(EgoVehicle↦8.000000238418579),(Vehicles2↦-4.0000001192092896),(Vehicles3↦0.0),(Vehicles4↦-8.000000238418579),(Vehicles5↦-4.0000001192092896)}",
        "VehiclesVy": "{(EgoVehicle↦0.0),(Vehicles2↦0.0),(Vehicles3↦0.0),(Vehicles4↦0.0),(Vehicles5↦0.0)}",
        "VehiclesX": "{(EgoVehicle↦200.0),(Vehicles2↦1.446388941258192),(Vehicles3↦19.958534836769104),(Vehicles4↦60.4669451713562),(Vehicles5↦86.57758235931396)}"
      },
      "probabilisticVariables": null,
      "activating": [
        "SLOWER_24"
      ],
      "activatingOnlyWhenExecuted": true,
      "updating": null,
      "withPredicate": null
    },
    {
      "id": "SLOWER_24",
      "execute": "SLOWER",
      "after": "1000",
      "priority": 0,
      "additionalGuards": null,
      "activationKind": null,
      "fixedVariables": {
        "Crash": "FALSE",
        "VehiclesAy": "{(EgoVehicle↦0.0),(Vehicles2↦0.0),(Vehicles3↦0.0),(Vehicles4↦0.0),(Vehicles5↦0.0)}",
        "Reward": "0.7333333333333334",
        "VehiclesAx": "{(EgoVehicle↦0.0),(Vehicles2↦-0.01074276864528656),(Vehicles3↦0.021815039217472076),(Vehicles4↦0.02588219940662384),(Vehicles5↦0.03866184502840042)}",
        "VehiclesVx": "{(EgoVehicle↦20.0),(Vehicles2↦0.1604621484875679),(Vehicles3↦0.41427478194236755),(Vehicles4↦0.768822580575943),(Vehicles5↦-0.32315298914909363)}",
        "VehiclesY": "{(EgoVehicle↦8.000000238418579),(Vehicles2↦-4.0000001192092896),(Vehicles3↦0.0),(Vehicles4↦-8.000000238418579),(Vehicles5↦-4.0000001192092896)}",
        "VehiclesVy": "{(EgoVehicle↦0.0),(Vehicles2↦0.0),(Vehicles3↦0.0),(Vehicles4↦0.0),(Vehicles5↦0.0)}",
        "VehiclesX": "{(EgoVehicle↦200.0),(Vehicles2↦1.6132229939103127),(Vehicles3↦20.35992592573166),(Vehicles4↦61.22046113014221),(Vehicles5↦86.23133301734924)}"
      },
      "probabilisticVariables": null,
      "activating": [
        "SLOWER_25"
      ],
      "activatingOnlyWhenExecuted": true,
      "updating": null,
      "withPredicate": null
    },
    {
      "id": "SLOWER_25",
      "execute": "SLOWER",
      "after": "1000",
      "priority": 0,
      "additionalGuards": null,
      "activationKind": null,
      "fixedVariables": {
        "Crash": "FALSE",
        "VehiclesAy": "{(EgoVehicle↦0.0),(Vehicles2↦0.0),(Vehicles3↦0.0),(Vehicles4↦0.0),(Vehicles5↦0.0)}",
        "Reward": "0.7333333333333334",
        "VehiclesAx": "{(EgoVehicle↦0.0),(Vehicles2↦-0.009760567918419838),(Vehicles3↦0.019390471279621124),(Vehicles4↦0.02316303551197052),(Vehicles5↦0.03756523132324219)}",
        "VehiclesVx": "{(EgoVehicle↦20.0),(Vehicles2↦0.15070158056914806),(Vehicles3↦0.4336652532219887),(Vehicles4↦0.7919856160879135),(Vehicles5↦-0.28558775782585144)}",
        "VehiclesY": "{(EgoVehicle↦8.000000238418579),(Vehicles2↦-4.0000001192092896),(Vehicles3↦0.0),(Vehicles4↦-8.000000238418579),(Vehicles5↦-4.0000001192092896)}",
        "VehiclesVy": "{(EgoVehicle↦0.0),(Vehicles2↦0.0),(Vehicles3↦0.0),(Vehicles4↦0.0),(Vehicles5↦0.0)}",
        "VehiclesX": "{(EgoVehicle↦200.0),(Vehicles2↦1.7696980386972427),(Vehicles3↦20.782139897346497),(Vehicles4↦61.99876070022583),(Vehicles5↦85.92328429222107)}"
      },
      "probabilisticVariables": null,
      "activating": [
        "SLOWER_26"
      ],
      "activatingOnlyWhenExecuted": true,
      "updating": null,
      "withPredicate": null
    },
    {
      "id": "SLOWER_26",
      "execute": "SLOWER",
      "after": "1000",
      "priority": 0,
      "additionalGuards": null,
      "activationKind": null,
      "fixedVariables": {
        "Crash": "FALSE",
        "VehiclesAy": "{(EgoVehicle↦0.0),(Vehicles2↦0.0),(Vehicles3↦0.0),(Vehicles4↦0.0),(Vehicles5↦0.0)}",
        "Reward": "0.7333333333333334",
        "VehiclesAx": "{(EgoVehicle↦0.0),(Vehicles2↦-0.008691791445016861),(Vehicles3↦0.01720525324344635),(Vehicles4↦0.020715966820716858),(Vehicles5↦0.03659913316369057)}",
        "VehiclesVx": "{(EgoVehicle↦20.0),(Vehicles2↦0.1420097891241312),(Vehicles3↦0.45087050646543503),(Vehicles4↦0.8127015829086304),(Vehicles5↦-0.24898862466216087)}",
        "VehiclesY": "{(EgoVehicle↦8.000000238418579),(Vehicles2↦-4.0000001192092896),(Vehicles3↦0.0),(Vehicles4↦-8.000000238418579),(Vehicles5↦-4.0000001192092896)}",
        "VehiclesVy": "{(EgoVehicle↦0.0),(Vehicles2↦0.0),(Vehicles3↦0.0),(Vehicles4↦0.0),(Vehicles5↦0.0)}",
        "VehiclesX": "{(EgoVehicle↦200.0),(Vehicles2↦1.9168352708220482),(Vehicles3↦21.222853660583496),(Vehicles4↦62.79921531677246),(Vehicles5↦85.65241694450378)}"
      },
      "probabilisticVariables": null,
      "activating": [
        "SLOWER_27"
      ],
      "activatingOnlyWhenExecuted": true,
      "updating": null,
      "withPredicate": null
    },
    {
      "id": "SLOWER_27",
      "execute": "SLOWER",
      "after": "1000",
      "priority": 0,
      "additionalGuards": null,
      "activationKind": null,
      "fixedVariables": {
        "Crash": "FALSE",
        "VehiclesAy": "{(EgoVehicle↦0.0),(Vehicles2↦0.0),(Vehicles3↦0.0),(Vehicles4↦0.0),(Vehicles5↦0.0)}",
        "Reward": "0.7333333333333334",
        "VehiclesAx": "{(EgoVehicle↦0.0),(Vehicles2↦-0.007584886625409126),(Vehicles3↦0.015225224196910858),(Vehicles4↦0.01852288842201233),(Vehicles5↦0.03562096506357193)}",
        "VehiclesVx": "{(EgoVehicle↦20.0),(Vehicles2↦0.13442490249872208),(Vehicles3↦0.4660957306623459),(Vehicles4↦0.8312244713306427),(Vehicles5↦-0.21336765959858894)}",
        "VehiclesY": "{(EgoVehicle↦8.000000238418579),(Vehicles2↦-4.0000001192092896),(Vehicles3↦0.0),(Vehicles4↦-8.000000238418579),(Vehicles5↦-4.0000001192092896)}",
        "VehiclesVy": "{(EgoVehicle↦0.0),(Vehicles2↦0.0),(Vehicles3↦0.0),(Vehicles4↦0.0),(Vehicles5↦0.0)}",
        "VehiclesX": "{(EgoVehicle↦200.0),(Vehicles2↦2.05572210252285),(Vehicles3↦21.679964661598206),(Vehicles4↦63.61949443817139),(Vehicles5↦85.41775345802307)}"
      },
      "probabilisticVariables": null,
      "activating": [
        "SLOWER_28"
      ],
      "activatingOnlyWhenExecuted": true,
      "updating": null,
      "withPredicate": null
    },
    {
      "id": "SLOWER_28",
      "execute": "SLOWER",
      "after": "1000",
      "priority": 0,
      "additionalGuards": null,
      "activationKind": null,
      "fixedVariables": {
        "Crash": "FALSE",
        "VehiclesAy": "{(EgoVehicle↦0.0),(Vehicles2↦0.0),(Vehicles3↦0.0),(Vehicles4↦0.0),(Vehicles5↦0.0)}",
        "Reward": "0.7333333333333334",
        "VehiclesAx": "{(EgoVehicle↦0.0),(Vehicles2↦-0.006475728005170822),(Vehicles3↦0.013423748314380646),(Vehicles4↦0.016543716192245483),(Vehicles5↦0.03459680825471878)}",
        "VehiclesVx": "{(EgoVehicle↦20.0),(Vehicles2↦0.12794917449355125),(Vehicles3↦0.47951947897672653),(Vehicles4↦0.8477681875228882),(Vehicles5↦-0.17877085134387016)}",
        "VehiclesY": "{(EgoVehicle↦8.000000238418579),(Vehicles2↦-4.0000001192092896),(Vehicles3↦0.0),(Vehicles4↦-8.000000238418579),(Vehicles5↦-4.0000001192092896)}",
        "VehiclesVy": "{(EgoVehicle↦0.0),(Vehicles2↦0.0),(Vehicles3↦0.0),(Vehicles4↦0.0),(Vehicles5↦0.0)}",
        "VehiclesX": "{(EgoVehicle↦200.0),(Vehicles2↦2.187468484044075),(Vehicles3↦22.15156853199005),(Vehicles4↦64.45748209953308),(Vehicles5↦85.21831035614014)}"
      },
      "probabilisticVariables": null,
      "activating": [
        "SLOWER_29"
      ],
      "activatingOnlyWhenExecuted": true,
      "updating": null,
      "withPredicate": null
    },
    {
      "id": "SLOWER_29",
      "execute": "SLOWER",
      "after": "1000",
      "priority": 0,
      "additionalGuards": null,
      "activationKind": null,
      "fixedVariables": {
        "Crash": "FALSE",
        "VehiclesAy": "{(EgoVehicle↦0.0),(Vehicles2↦0.0),(Vehicles3↦0.0),(Vehicles4↦0.0),(Vehicles5↦0.0)}",
        "Reward": "0.7333333333333334",
        "VehiclesAx": "{(EgoVehicle↦0.0),(Vehicles2↦-0.005387682467699051),(Vehicles3↦0.011779293417930603),(Vehicles4↦0.014738067984580994),(Vehicles5↦0.03353966400027275)}",
        "VehiclesVx": "{(EgoVehicle↦20.0),(Vehicles2↦0.1225614920258522),(Vehicles3↦0.49129877239465714),(Vehicles4↦0.8625062555074692),(Vehicles5↦-0.1452311873435974)}",
        "VehiclesY": "{(EgoVehicle↦8.000000238418579),(Vehicles2↦-4.0000001192092896),(Vehicles3↦0.0),(Vehicles4↦-8.000000238418579),(Vehicles5↦-4.0000001192092896)}",
        "VehiclesVy": "{(EgoVehicle↦0.0),(Vehicles2↦0.0),(Vehicles3↦0.0),(Vehicles4↦0.0),(Vehicles5↦0.0)}",
        "VehiclesX": "{(EgoVehicle↦200.0),(Vehicles2↦2.313176915049553),(Vehicles3↦22.635924816131592),(Vehicles4↦65.31128883361816),(Vehicles5↦85.05303859710693)}"
      },
      "probabilisticVariables": null,
      "activating": [
        "LANE_RIGHT_30"
      ],
      "activatingOnlyWhenExecuted": true,
      "updating": null,
      "withPredicate": null
    },
    {
      "id": "LANE_RIGHT_30",
      "execute": "LANE_RIGHT",
      "after": "1000",
      "priority": 0,
      "additionalGuards": null,
      "activationKind": null,
      "fixedVariables": {
        "Crash": "FALSE",
        "VehiclesAy": "{(EgoVehicle↦0.0),(Vehicles2↦0.0),(Vehicles3↦0.0),(Vehicles4↦0.0),(Vehicles5↦0.0)}",
        "Reward": "0.7333333333333334",
        "VehiclesAx": "{(EgoVehicle↦0.0),(Vehicles2↦-0.004334477707743645),(Vehicles3↦0.01027468591928482),(Vehicles4↦0.013072937726974487),(Vehicles5↦0.032475125044584274)}",
        "VehiclesVx": "{(EgoVehicle↦20.0),(Vehicles2↦0.11822701431810856),(Vehicles3↦0.501573458313942),(Vehicles4↦0.8755791932344437),(Vehicles5↦-0.11275606229901314)}",
        "VehiclesY": "{(EgoVehicle↦8.000000238418579),(Vehicles2↦-4.0000001192092896),(Vehicles3↦0.0),(Vehicles4↦-8.000000238418579),(Vehicles5↦-4.0000001192092896)}",
        "VehiclesVy": "{(EgoVehicle↦0.0),(Vehicles2↦0.0),(Vehicles3↦0.0),(Vehicles4↦0.0),(Vehicles5↦0.0)}",
        "VehiclesX": "{(EgoVehicle↦200.0),(Vehicles2↦2.433921955525875),(Vehicles3↦23.1314480304718),(Vehicles4↦66.17915034294128),(Vehicles5↦84.92088317871094)}"
      },
      "probabilisticVariables": null,
      "activating": [
        "LANE_RIGHT_31"
      ],
      "activatingOnlyWhenExecuted": true,
      "updating": null,
      "withPredicate": null
    },
    {
      "id": "LANE_RIGHT_31",
      "execute": "LANE_RIGHT",
      "after": "1000",
      "priority": 0,
      "additionalGuards": null,
      "activationKind": null,
      "fixedVariables": {
        "Crash": "FALSE",
        "VehiclesAy": "{(EgoVehicle↦0.0),(Vehicles2↦0.0),(Vehicles3↦0.0),(Vehicles4↦0.0),(Vehicles5↦0.0)}",
        "Reward": "0.7333333333333334",
        "VehiclesAx": "{(EgoVehicle↦0.0),(Vehicles2↦-0.0033233873546123505),(Vehicles3↦0.008895397186279297),(Vehicles4↦0.011525079607963562),(Vehicles5↦0.03142622299492359)}",
        "VehiclesVx": "{(EgoVehicle↦20.0),(Vehicles2↦0.11490362696349621),(Vehicles3↦0.5104688555002213),(Vehicles4↦0.8871042728424072),(Vehicles5↦-0.08132983930408955)}",
        "VehiclesY": "{(EgoVehicle↦8.000000238418579),(Vehicles2↦-4.0000001192092896),(Vehicles3↦0.0),(Vehicles4↦-8.000000238418579),(Vehicles5↦-4.0000001192092896)}",
        "VehiclesVy": "{(EgoVehicle↦0.0),(Vehicles2↦0.0),(Vehicles3↦0.0),(Vehicles4↦0.0),(Vehicles5↦0.0)}",
        "VehiclesX": "{(EgoVehicle↦200.0),(Vehicles2↦2.5507405400276184),(Vehicles3↦23.63668531179428),(Vehicles4↦67.0594573020935),(Vehicles5↦84.82077717781067)}"
      },
      "probabilisticVariables": null,
      "activating": [
        "LANE_RIGHT_32"
      ],
      "activatingOnlyWhenExecuted": true,
      "updating": null,
      "withPredicate": null
    },
    {
      "id": "LANE_RIGHT_32",
      "execute": "LANE_RIGHT",
      "after": "1000",
      "priority": 0,
      "additionalGuards": null,
      "activationKind": null,
      "fixedVariables": {
        "Crash": "FALSE",
        "VehiclesAy": "{(EgoVehicle↦0.0),(Vehicles2↦0.0),(Vehicles3↦0.0),(Vehicles4↦0.0),(Vehicles5↦0.0)}",
        "Reward": "0.7333333333333334",
        "VehiclesAx": "{(EgoVehicle↦0.0),(Vehicles2↦-0.0023579224944114685),(Vehicles3↦0.007629469037055969),(Vehicles4↦0.010078400373458862),(Vehicles5↦0.030408743768930435)}",
        "VehiclesVx": "{(EgoVehicle↦20.0),(Vehicles2↦0.11254570446908474),(Vehicles3↦0.5180983245372772),(Vehicles4↦0.8971826732158661),(Vehicles5↦-0.05092109553515911)}",
        "VehiclesY": "{(EgoVehicle↦8.000000238418579),(Vehicles2↦-4.0000001192092896),(Vehicles3↦0.0),(Vehicles4↦-8.000000238418579),(Vehicles5↦-4.0000001192092896)}",
        "VehiclesVy": "{(EgoVehicle↦0.0),(Vehicles2↦0.0),(Vehicles3↦0.0),(Vehicles4↦0.0),(Vehicles5↦0.0)}",
        "VehiclesX": "{(EgoVehicle↦200.0),(Vehicles2↦2.664625644683838),(Vehicles3↦24.15030300617218),(Vehicles4↦67.95070767402649),(Vehicles5↦84.75169539451599)}"
      },
      "probabilisticVariables": null,
      "activating": [
        "LANE_RIGHT_33"
      ],
      "activatingOnlyWhenExecuted": true,
      "updating": null,
      "withPredicate": null
    },
    {
      "id": "LANE_RIGHT_33",
      "execute": "LANE_RIGHT",
      "after": "1000",
      "priority": 0,
      "additionalGuards": null,
      "activationKind": null,
      "fixedVariables": {
        "Crash": "FALSE",
        "VehiclesAy": "{(EgoVehicle↦0.0),(Vehicles2↦0.0),(Vehicles3↦0.0),(Vehicles4↦0.0),(Vehicles5↦0.0)}",
        "Reward": "0.7333333333333334",
        "VehiclesAx": "{(EgoVehicle↦0.0),(Vehicles2↦-0.0014394521713256836),(Vehicles3↦0.006466880440711975),(Vehicles4↦0.008722841739654541),(Vehicles5↦0.02943140221759677)}",
        "VehiclesVx": "{(EgoVehicle↦20.0),(Vehicles2↦0.11110625229775906),(Vehicles3↦0.5245652049779892),(Vehicles4↦0.9059055149555206),(Vehicles5↦-0.02148969331756234)}",
        "VehiclesY": "{(EgoVehicle↦8.000000238418579),(Vehicles2↦-4.0000001192092896),(Vehicles3↦0.0),(Vehicles4↦-8.000000238418579),(Vehicles5↦-4.0000001192092896)}",
        "VehiclesVy": "{(EgoVehicle↦0.0),(Vehicles2↦0.0),(Vehicles3↦0.0),(Vehicles4↦0.0),(Vehicles5↦0.0)}",
        "VehiclesX": "{(EgoVehicle↦200.0),(Vehicles2↦2.7765238657593727),(Vehicles3↦24.671077728271484),(Vehicles4↦68.85148286819458),(Vehicles5↦84.71261858940125)}"
      },
      "probabilisticVariables": null,
      "activating": [
        "LANE_RIGHT_34"
      ],
      "activatingOnlyWhenExecuted": true,
      "updating": null,
      "withPredicate": null
    },
    {
      "id": "LANE_RIGHT_34",
      "execute": "LANE_RIGHT",
      "after": "1000",
      "priority": 0,
      "additionalGuards": null,
      "activationKind": null,
      "fixedVariables": {
        "Crash": "FALSE",
        "VehiclesAy": "{(EgoVehicle↦0.0),(Vehicles2↦0.0),(Vehicles3↦0.0),(Vehicles4↦0.0),(Vehicles5↦0.0)}",
        "Reward": "0.7333333333333334",
        "VehiclesAx": "{(EgoVehicle↦0.0),(Vehicles2↦-0.0005683302879333496),(Vehicles3↦0.00539880245923996),(Vehicles4↦0.007451772689819336),(Vehicles5↦0.028497594757936895)}",
        "VehiclesVx": "{(EgoVehicle↦20.0),(Vehicles2↦0.1105379220098257),(Vehicles3↦0.5299640074372292),(Vehicles4↦0.91335728764534),(Vehicles5↦0.007007901440374553)}",
        "VehiclesY": "{(EgoVehicle↦8.000000238418579),(Vehicles2↦-4.0000001192092896),(Vehicles3↦0.0),(Vehicles4↦-8.000000238418579),(Vehicles5↦-4.0000001192092896)}",
        "VehiclesVy": "{(EgoVehicle↦0.0),(Vehicles2↦0.0),(Vehicles3↦0.0),(Vehicles4↦0.0),(Vehicles5↦0.0)}",
        "VehiclesX": "{(EgoVehicle↦200.0),(Vehicles2↦2.8873350471258163),(Vehicles3↦25.197884440422058),(Vehicles4↦69.76046562194824),(Vehicles5↦84.70260500907898)}"
      },
      "probabilisticVariables": null,
      "activating": [
        "LANE_RIGHT_35"
      ],
      "activatingOnlyWhenExecuted": true,
      "updating": null,
      "withPredicate": null
    },
    {
      "id": "LANE_RIGHT_35",
      "execute": "LANE_RIGHT",
      "after": "1000",
      "priority": 0,
      "additionalGuards": null,
      "activationKind": null,
      "fixedVariables": {
        "Crash": "FALSE",
        "VehiclesAy": "{(EgoVehicle↦0.0),(Vehicles2↦0.0),(Vehicles3↦0.0),(Vehicles4↦0.0),(Vehicles5↦0.0)}",
        "Reward": "0.7333333333333334",
        "VehiclesAx": "{(EgoVehicle↦0.0),(Vehicles2↦0.0002556014806032181),(Vehicles3↦0.004418008029460907),(Vehicles4↦0.006260871887207031),(Vehicles5↦0.02760733535978943)}",
        "VehiclesVx": "{(EgoVehicle↦20.0),(Vehicles2↦0.11079352349042892),(Vehicles3↦0.5343820154666901),(Vehicles4↦0.919618159532547),(Vehicles5↦0.034615236800163984)}",
        "VehiclesY": "{(EgoVehicle↦8.000000238418579),(Vehicles2↦-4.0000001192092896),(Vehicles3↦0.0),(Vehicles4↦-8.000000238418579),(Vehicles5↦-4.0000001192092896)}",
        "VehiclesVy": "{(EgoVehicle↦0.0),(Vehicles2↦0.0),(Vehicles3↦0.0),(Vehicles4↦0.0),(Vehicles5↦0.0)}",
        "VehiclesX": "{(EgoVehicle↦200.0),(Vehicles2↦2.997911162674427),(Vehicles3↦25.729691982269287),(Vehicles4↦70.67642211914062),(Vehicles5↦84.7207248210907)}"
      },
      "probabilisticVariables": null,
      "activating": [
        "LANE_RIGHT_36"
      ],
      "activatingOnlyWhenExecuted": true,
      "updating": null,
      "withPredicate": null
    },
    {
      "id": "LANE_RIGHT_36",
      "execute": "LANE_RIGHT",
      "after": "1000",
      "priority": 0,
      "additionalGuards": null,
      "activationKind": null,
      "fixedVariables": {
        "Crash": "FALSE",
        "VehiclesAy": "{(EgoVehicle↦0.0),(Vehicles2↦0.0),(Vehicles3↦0.0),(Vehicles4↦0.0),(Vehicles5↦0.0)}",
        "Reward": "0.7333333333333334",
        "VehiclesAx": "{(EgoVehicle↦0.0),(Vehicles2↦0.0010327622294425964),(Vehicles3↦0.0035178661346435547),(Vehicles4↦0.005147010087966919),(Vehicles5↦0.026758743915706873)}",
        "VehiclesVx": "{(EgoVehicle↦20.0),(Vehicles2↦0.11182628571987152),(Vehicles3↦0.5378998816013336),(Vehicles4↦0.9247651696205139),(Vehicles5↦0.06137398071587086)}",
        "VehiclesY": "{(EgoVehicle↦8.000000238418579),(Vehicles2↦-4.0000001192092896),(Vehicles3↦0.0),(Vehicles4↦-8.000000238418579),(Vehicles5↦-4.0000001192092896)}",
        "VehiclesVy": "{(EgoVehicle↦0.0),(Vehicles2↦0.0),(Vehicles3↦0.0),(Vehicles4↦0.0),(Vehicles5↦0.0)}",
        "VehiclesX": "{(EgoVehicle↦200.0),(Vehicles2↦3.1090574339032173),(Vehicles3↦26.265549659729004),(Vehicles4↦71.59818410873413),(Vehicles5↦84.76610779762268)}"
      },
      "probabilisticVariables": null,
      "activating": [
        "FASTER_37"
      ],
      "activatingOnlyWhenExecuted": true,
      "updating": null,
      "withPredicate": null
    },
    {
      "id": "FASTER_37",
      "execute": "FASTER",
      "after": "1000",
      "priority": 0,
      "additionalGuards": null,
      "activationKind": null,
      "fixedVariables": {
        "Crash": "FALSE",
        "VehiclesAy": "{(EgoVehicle↦0.0),(Vehicles2↦0.0),(Vehicles3↦0.0),(Vehicles4↦0.0),(Vehicles5↦0.0)}",
        "Reward": "0.8491083676268861",
        "VehiclesAx": "{(EgoVehicle↦4.341564178466797),(Vehicles2↦-4.339800104498863),(Vehicles3↦-4.338870793581009),(Vehicles4↦-4.337455630302429),(Vehicles5↦-4.315614672377706)}",
        "VehiclesVx": "{(EgoVehicle↦24.341564178466797),(Vehicles2↦-4.227973818778992),(Vehicles3↦-3.8009709119796753),(Vehicles4↦-3.4126904606819153),(Vehicles5↦-4.254240691661835)}",
        "VehiclesY": "{(EgoVehicle↦8.000000238418579),(Vehicles2↦-4.0000001192092896),(Vehicles3↦0.0),(Vehicles4↦-8.000000238418579),(Vehicles5↦-4.0000001192092896)}",
        "VehiclesVy": "{(EgoVehicle↦0.0),(Vehicles2↦0.0),(Vehicles3↦0.0),(Vehicles4↦0.0),(Vehicles5↦0.0)}",
        "VehiclesX": "{(EgoVehicle↦200.0),(Vehicles2↦0.8264708332717419),(Vehicles3↦24.409526586532593),(Vehicles4↦70.12960910797119),(Vehicles5↦82.44286179542542)}"
      },
      "probabilisticVariables": null,
      "activating": [
        "SLOWER_38"
      ],
      "activatingOnlyWhenExecuted": true,
      "updating": null,
      "withPredicate": null
    },
    {
      "id": "SLOWER_38",
      "execute": "SLOWER",
      "after": "1000",
      "priority": 0,
      "additionalGuards": null,
      "activationKind": null,
      "fixedVariables": {
        "Crash": "FALSE",
        "VehiclesAy": "{(EgoVehicle↦0.0),(Vehicles2↦0.0),(Vehicles3↦0.0),(Vehicles4↦0.0),(Vehicles5↦0.0)}",
        "Reward": "0.7485794283843362",
        "VehiclesAx": "{(EgoVehicle↦-3.76983642578125),(Vehicles2↦3.7722845003008842),(Vehicles3↦3.7717730179429054),(Vehicles4↦3.7729768827557564),(Vehicles5↦3.795010708272457)}",
        "VehiclesVx": "{(EgoVehicle↦20.571727752685547),(Vehicles2↦-0.45568931847810745),(Vehicles3↦-0.029197894036769867),(Vehicles4↦0.3602864220738411),(Vehicles5↦-0.4592299833893776)}",
        "VehiclesY": "{(EgoVehicle↦8.000000238418579),(Vehicles2↦-4.0000001192092896),(Vehicles3↦0.0),(Vehicles4↦-8.000000238418579),(Vehicles5↦-4.0000001192092896)}",
        "VehiclesVy": "{(EgoVehicle↦0.0),(Vehicles2↦0.0),(Vehicles3↦0.0),(Vehicles4↦0.0),(Vehicles5↦0.0)}",
        "VehiclesX": "{(EgoVehicle↦200.0),(Vehicles2↦-1.3209136202931404),(Vehicles3↦22.689051926136017),(Vehicles4↦68.79791617393494),(Vehicles5↦80.27841448783875)}"
      },
      "probabilisticVariables": null,
      "activating": [
        "SLOWER_39"
      ],
      "activatingOnlyWhenExecuted": true,
      "updating": null,
      "withPredicate": null
    },
    {
      "id": "SLOWER_39",
      "execute": "SLOWER",
      "after": "1000",
      "priority": 0,
      "additionalGuards": null,
      "activationKind": null,
      "fixedVariables": {
        "Crash": "FALSE",
        "VehiclesAy": "{(EgoVehicle↦0.0),(Vehicles2↦0.0),(Vehicles3↦0.0),(Vehicles4↦0.0),(Vehicles5↦0.0)}",
        "Reward": "0.7353410495540414",
        "VehiclesAx": "{(EgoVehicle↦-0.49643754959106445),(Vehicles2↦0.49952938687056303),(Vehicles3↦0.4976879060268402),(Vehicles4↦0.4986852779984474),(Vehicles5↦0.5208742339164019)}",
        "VehiclesVx": "{(EgoVehicle↦20.075290203094482),(Vehicles2↦0.04384006839245558),(Vehicles3↦0.46849001199007034),(Vehicles4↦0.8589717000722885),(Vehicles5↦0.06164425052702427)}",
        "VehiclesY": "{(EgoVehicle↦8.000000238418579),(Vehicles2↦-4.0000001192092896),(Vehicles3↦0.0),(Vehicles4↦-8.000000238418579),(Vehicles5↦-4.0000001192092896)}",
        "VehiclesVy": "{(EgoVehicle↦0.0),(Vehicles2↦0.0),(Vehicles3↦0.0),(Vehicles4↦0.0),(Vehicles5↦0.0)}",
        "VehiclesX": "{(EgoVehicle↦200.0),(Vehicles2↦-1.5015513636171818),(Vehicles3↦22.93427139520645),(Vehicles4↦69.43303346633911),(Vehicles5↦80.1028847694397)}"
      },
      "probabilisticVariables": null,
      "activating": [
        "SLOWER_40"
      ],
      "activatingOnlyWhenExecuted": true,
      "updating": null,
      "withPredicate": null
    },
    {
      "id": "SLOWER_40",
      "execute": "SLOWER",
      "after": "1000",
      "priority": 0,
      "additionalGuards": null,
      "activationKind": null,
      "fixedVariables": {
        "Crash": "FALSE",
        "VehiclesAy": "{(EgoVehicle↦0.0),(Vehicles2↦0.0),(Vehicles3↦0.0),(Vehicles4↦0.0),(Vehicles5↦0.0)}",
        "Reward": "0.7335977239467599",
        "VehiclesAx": "{(EgoVehicle↦-0.06537437438964844),(Vehicles2↦0.0690623139962554),(Vehicles3↦0.06599586457014084),(Vehicles4↦0.06679385900497437),(Vehicles5↦0.0890999287366867)}",
        "VehiclesVx": "{(EgoVehicle↦20.009915828704834),(Vehicles2↦0.11290238238871098),(Vehicles3↦0.5344858765602112),(Vehicles4↦0.9257655590772629),(Vehicles5↦0.15074417926371098)}",
        "VehiclesY": "{(EgoVehicle↦8.000000238418579),(Vehicles2↦-4.0000001192092896),(Vehicles3↦0.0),(Vehicles4↦-8.000000238418579),(Vehicles5↦-4.0000001192092896)}",
        "VehiclesVy": "{(EgoVehicle↦0.0),(Vehicles2↦0.0),(Vehicles3↦0.0),(Vehicles4↦0.0),(Vehicles5↦0.0)}",
        "VehiclesX": "{(EgoVehicle↦200.0),(Vehicles2↦-1.420217752456665),(Vehicles3↦23.43912124633789),(Vehicles4↦70.32870054244995),(Vehicles5↦80.21013736724854)}"
      },
      "probabilisticVariables": null,
      "activating": [
        "SLOWER_41"
      ],
      "activatingOnlyWhenExecuted": true,
      "updating": null,
      "withPredicate": null
    },
    {
      "id": "SLOWER_41",
      "execute": "SLOWER",
      "after": "1000",
      "priority": 0,
      "additionalGuards": null,
      "activationKind": null,
      "fixedVariables": {
        "Crash": "FALSE",
        "VehiclesAy": "{(EgoVehicle↦0.0),(Vehicles2↦0.0),(Vehicles3↦0.0),(Vehicles4↦0.0),(Vehicles5↦0.0)}",
        "Reward": "0.7333681502042372",
        "VehiclesAx": "{(EgoVehicle↦-0.008609294891357422),(Vehicles2↦0.012851683422923088),(Vehicles3↦0.008660741150379181),(Vehicles4↦0.00926777720451355),(Vehicles5↦0.031652795150876045)}",
        "VehiclesVx": "{(EgoVehicle↦20.001306533813477),(Vehicles2↦0.12575406581163406),(Vehicles3↦0.5431466177105904),(Vehicles4↦0.9350333362817764),(Vehicles5↦0.18239697441458702)}",
        "VehiclesY": "{(EgoVehicle↦8.000000238418579),(Vehicles2↦-4.0000001192092896),(Vehicles3↦0.0),(Vehicles4↦-8.000000238418579),(Vehicles5↦-4.0000001192092896)}",
        "VehiclesVy": "{(EgoVehicle↦0.0),(Vehicles2↦0.0),(Vehicles3↦0.0),(Vehicles4↦0.0),(Vehicles5↦0.0)}",
        "VehiclesX": "{(EgoVehicle↦200.0),(Vehicles2↦-1.3009118847548962),(Vehicles3↦23.978421092033386),(Vehicles4↦71.25954031944275),(Vehicles5↦80.37490248680115)}"
      },
      "probabilisticVariables": null,
      "activating": [
        "LANE_RIGHT_42"
      ],
      "activatingOnlyWhenExecuted": true,
      "updating": null,
      "withPredicate": null
    },
    {
      "id": "LANE_RIGHT_42",
      "execute": "LANE_RIGHT",
      "after": "1000",
      "priority": 0,
      "additionalGuards": null,
      "activationKind": null,
      "fixedVariables": {
        "Crash": "FALSE",
        "VehiclesAy": "{(EgoVehicle↦0.0),(Vehicles2↦0.0),(Vehicles3↦0.0),(Vehicles4↦0.0),(Vehicles5↦0.0)}",
        "Reward": "0.7333379182710655",
        "VehiclesAx": "{(EgoVehicle↦-0.0011348724365234375),(Vehicles2↦0.005890438333153725),(Vehicles3↦0.0006707757711410522),(Vehicles4↦0.0010967254638671875),(Vehicles5↦0.023522470146417618)}",
        "VehiclesVx": "{(EgoVehicle↦20.000171661376953),(Vehicles2↦0.1316445041447878),(Vehicles3↦0.5438173934817314),(Vehicles4↦0.9361300617456436),(Vehicles5↦0.20591944456100464)}",
        "VehiclesY": "{(EgoVehicle↦8.000000238418579),(Vehicles2↦-4.0000001192092896),(Vehicles3↦0.0),(Vehicles4↦-8.000000238418579),(Vehicles5↦-4.0000001192092896)}",
        "VehiclesVy": "{(EgoVehicle↦0.0),(Vehicles2↦0.0),(Vehicles3↦0.0),(Vehicles4↦0.0),(Vehicles5↦0.0)}",
        "VehiclesX": "{(EgoVehicle↦200.0),(Vehicles2↦-1.172669231891632),(Vehicles3↦24.522046744823456),(Vehicles4↦72.19523191452026),(Vehicles5↦80.56693077087402)}"
      },
      "probabilisticVariables": null,
      "activating": [
        "LANE_LEFT_43"
      ],
      "activatingOnlyWhenExecuted": true,
      "updating": null,
      "withPredicate": null
    },
    {
      "id": "LANE_LEFT_43",
      "execute": "LANE_LEFT",
      "after": "1000",
      "priority": 0,
      "additionalGuards": null,
      "activationKind": null,
      "fixedVariables": {
        "Crash": "TRUE",
        "VehiclesAy": "{(EgoVehicle↦-2.688349187374115),(Vehicles2↦2.688349187374115),(Vehicles3↦2.688349187374115),(Vehicles4↦2.688349187374115),(Vehicles5↦2.688349187374115)}",
        "Reward": "0.03333333333333336",
        "VehiclesAx": "{(EgoVehicle↦-10.119322538375854),(Vehicles2↦0.29603968374431133),(Vehicles3↦10.118397362530231),(Vehicles4↦10.118652805685997),(Vehicles5↦10.141080915927887)}",
        "VehiclesVx": "{(EgoVehicle↦9.880849123001099),(Vehicles2↦0.4276841878890991),(Vehicles3↦10.662214756011963),(Vehicles4↦11.05478286743164),(Vehicles5↦10.347000360488892)}",
        "VehiclesY": "{(EgoVehicle↦4.895838260650635),(Vehicles2↦-2.360628068447113),(Vehicles3↦3.1041616201400757),(Vehicles4↦-4.895838260650635),(Vehicles5↦-0.8958383202552795)}",
        "VehiclesVy": "{(EgoVehicle↦-2.688349187374115),(Vehicles2↦2.688349187374115),(Vehicles3↦2.688349187374115),(Vehicles4↦2.688349187374115),(Vehicles5↦2.688349187374115)}",
        "VehiclesX": "{(EgoVehicle↦200.0),(Vehicles2↦-1.3081454671919346),(Vehicles3↦27.481096982955933),(Vehicles4↦75.54671168327332),(Vehicles5↦83.19717049598694)}"
      },
      "probabilisticVariables": null,
      "activating": null,
      "activatingOnlyWhenExecuted": true,
      "updating": null,
      "withPredicate": null
    }
  ],
  "listeners": [],
  "metadata": {
    "fileType": "Timed_Trace",
    "formatVersion": 3,
    "savedAt": "2023-08-15T12:35:19.486022Z",
    "creator": "Simulation: MONTE_CARLO_SIMULATION; MAX_STEPS_BEFORE_PROPERTY : 0, EXECUTIONS : 1000, ENDING_TIME : 60000",
    "proB2KernelVersion": "4.12.2",
    "proBCliVersion": "1.12.2-final",
    "modelName": "HighwayEnvironment"
  }
}