{
  "variables": {},
  "activations": [
    {
      "id": "$setup_constants",
      "execute": "$setup_constants",
      "after": "0",
      "priority": 0,
      "additionalGuards": null,
      "activationKind": null,
      "fixedVariables": null,
      "probabilisticVariables": null,
      "activating": null,
      "activatingOnlyWhenExecuted": true,
      "updating": null,
      "withPredicate": null
    },
    {
      "id": "$initialise_machine",
      "execute": "$initialise_machine",
      "after": "0",
      "priority": 0,
      "additionalGuards": null,
      "activationKind": null,
      "fixedVariables": {
        "Crash": "FALSE",
        "VehiclesAy": "{(EgoVehicle↦0.0),(Vehicles2↦0.0),(Vehicles3↦0.0),(Vehicles4↦0.0),(Vehicles5↦0.0)}",
        "Reward": "0.0",
        "VehiclesAx": "{(EgoVehicle↦0.0),(Vehicles2↦0.0),(Vehicles3↦0.0),(Vehicles4↦0.0),(Vehicles5↦0.0)}",
        "VehiclesVx": "{(EgoVehicle↦25.0),(Vehicles2↦-1.9469775259494781),(Vehicles3↦-2.455044686794281),(Vehicles4↦-3.027271330356598),(Vehicles5↦-3.154129385948181)}",
        "VehiclesY": "{(EgoVehicle↦0.0),(Vehicles2↦4.0000001192092896),(Vehicles3↦0.0),(Vehicles4↦4.0000001192092896),(Vehicles5↦8.000000238418579)}",
        "VehiclesVy": "{(EgoVehicle↦0.0),(Vehicles2↦0.0),(Vehicles3↦0.0),(Vehicles4↦0.0),(Vehicles5↦0.0)}",
        "VehiclesX": "{(EgoVehicle↦154.03752326965332),(Vehicles2↦25.87163746356964),(Vehicles3↦50.22352933883667),(Vehicles4↦71.60058617591858),(Vehicles5↦94.568932056427)}"
      },
      "probabilisticVariables": null,
      "activating": [
        "LANE_RIGHT_2"
      ],
      "activatingOnlyWhenExecuted": true,
      "updating": null,
      "withPredicate": null
    },
    {
      "id": "LANE_RIGHT_2",
      "execute": "LANE_RIGHT",
      "after": "1000",
      "priority": 0,
      "additionalGuards": null,
      "activationKind": null,
      "fixedVariables": {
        "Crash": "FALSE",
        "VehiclesAy": "{(EgoVehicle↦1.0796338319778442),(Vehicles2↦2.2906993329524994),(Vehicles3↦-1.0796338319778442),(Vehicles4↦-1.0796338319778442),(Vehicles5↦-1.0796338319778442)}",
        "Reward": "0.8327113850086175",
        "VehiclesAx": "{(EgoVehicle↦-0.023322105407714844),(Vehicles2↦-2.5929005444049835),(Vehicles3↦-0.09695887565612793),(Vehicles4↦-0.5900123715400696),(Vehicles5↦-5.543237328529358)}",
        "VehiclesVx": "{(EgoVehicle↦24.976677894592285),(Vehicles2↦-4.539878070354462),(Vehicles3↦-2.552003562450409),(Vehicles4↦-3.6172837018966675),(Vehicles5↦-8.697366714477539)}",
        "VehiclesY": "{(EgoVehicle↦3.6599650382995605),(Vehicles2↦3.1219875812530518),(Vehicles3↦-3.6599650382995605),(Vehicles4↦0.3400348797440529),(Vehicles5↦4.34003484249115)}",
        "VehiclesVy": "{(EgoVehicle↦1.0796338319778442),(Vehicles2↦2.2906993329524994),(Vehicles3↦-1.0796338319778442),(Vehicles4↦-1.0796338319778442),(Vehicles5↦-1.0796338319778442)}",
        "VehiclesX": "{(EgoVehicle↦178.71776819229126),(Vehicles2↦22.836127877235413),(Vehicles3↦48.03684949874878),(Vehicles4↦68.76370906829834),(Vehicles5↦89.36195373535156)}"
      },
      "probabilisticVariables": null,
      "activating": [
        "SLOWER_3"
      ],
      "activatingOnlyWhenExecuted": true,
      "updating": null,
      "withPredicate": null
    },
    {
      "id": "SLOWER_3",
      "execute": "SLOWER",
      "after": "1000",
      "priority": 0,
      "additionalGuards": null,
      "activationKind": null,
      "fixedVariables": {
        "Crash": "FALSE",
        "VehiclesAy": "{(EgoVehicle↦-1.030814554542303),(Vehicles2↦-2.1193844825029373),(Vehicles3↦1.030814554542303),(Vehicles4↦1.030814554542303),(Vehicles5↦-1.1284531094133854)}",
        "Reward": "0.7175567607980314",
        "VehiclesAx": "{(EgoVehicle↦-4.318299293518066),(Vehicles2↦3.59051875770092),(Vehicles3↦4.04443085193634),(Vehicles4↦3.1466834619641304),(Vehicles5↦1.8447428941726685)}",
        "VehiclesVx": "{(EgoVehicle↦20.65837860107422),(Vehicles2↦-0.9493593126535416),(Vehicles3↦1.4924272894859314),(Vehicles4↦-0.4706002399325371),(Vehicles5↦-6.852623820304871)}",
        "VehiclesY": "{(EgoVehicle↦3.9831022024154663),(Vehicles2↦3.939866065979004),(Vehicles3↦-3.9831022024154663),(Vehicles4↦0.01689769746735692),(Vehicles5↦4.016897678375244)}",
        "VehiclesVy": "{(EgoVehicle↦0.04881927743554115),(Vehicles2↦0.17131485044956207),(Vehicles3↦-0.04881927743554115),(Vehicles4↦-0.04881927743554115),(Vehicles5↦-0.04881927743554115)}",
        "VehiclesX": "{(EgoVehicle↦200.0),(Vehicles2↦20.511038601398468),(Vehicles3↦47.72635996341705),(Vehicles4↦67.00769066810608),(Vehicles5↦81.73497319221497)}"
      },
      "probabilisticVariables": null,
      "activating": [
        "SLOWER_4"
      ],
      "activatingOnlyWhenExecuted": true,
      "updating": null,
      "withPredicate": null
    },
    {
      "id": "SLOWER_4",
      "execute": "SLOWER",
      "after": "1000",
      "priority": 0,
      "additionalGuards": null,
      "activationKind": null,
      "fixedVariables": {
        "Crash": "FALSE",
        "VehiclesAy": "{(EgoVehicle↦-0.045818106445949525),(Vehicles2↦-0.15961179276928306),(Vehicles3↦0.045818106445949525),(Vehicles4↦0.045818106445949525),(Vehicles5↦-0.05182044842513278)}",
        "Reward": "0.7023121980100128",
        "VehiclesAx": "{(EgoVehicle↦-0.5716705322265625),(Vehicles2↦-0.37154458463191986),(Vehicles3↦-0.3711548447608948),(Vehicles4↦0.5837013386189938),(Vehicles5↦0.5382037162780762)}",
        "VehiclesVx": "{(EgoVehicle↦20.086708068847656),(Vehicles2↦-1.3209038972854614),(Vehicles3↦1.1212724447250366),(Vehicles4↦0.11310109868645668),(Vehicles5↦-6.314420104026794)}",
        "VehiclesY": "{(EgoVehicle↦3.998965859413147),(Vehicles2↦3.9957940578460693),(Vehicles3↦-3.998965859413147),(Vehicles4↦0.0010342966415919363),(Vehicles5↦4.001034379005432)}",
        "VehiclesVy": "{(EgoVehicle↦0.0030011709895916283),(Vehicles2↦0.011703057680279016),(Vehicles3↦-0.0030011709895916283),(Vehicles4↦-0.0030011709895916283),(Vehicles5↦-0.0030011709895916283)}",
        "VehiclesX": "{(EgoVehicle↦200.0),(Vehicles2↦19.483423233032227),(Vehicles3↦49.090757966041565),(Vehicles4↦66.70311093330383),(Vehicles5↦75.08875727653503)}"
      },
      "probabilisticVariables": null,
      "activating": [
        "SLOWER_5"
      ],
      "activatingOnlyWhenExecuted": true,
      "updating": null,
      "withPredicate": null
    },
    {
      "id": "SLOWER_5",
      "execute": "SLOWER",
      "after": "1000",
      "priority": 0,
      "additionalGuards": null,
      "activationKind": null,
      "fixedVariables": {
        "Crash": "FALSE",
        "VehiclesAy": "{(EgoVehicle↦-0.0028146709883003496),(Vehicles2↦-0.010815043788170442),(Vehicles3↦0.0028146709883003496),(Vehicles4↦0.0028146709883003496),(Vehicles5↦-0.003187670990882907)}",
        "Reward": "0.7003044877448946",
        "VehiclesAx": "{(EgoVehicle↦-0.07529020309448242),(Vehicles2↦-0.6248153746128082),(Vehicles3↦-0.33947594463825226),(Vehicles4↦0.4337104968726635),(Vehicles5↦0.7507526874542236)}",
        "VehiclesVx": "{(EgoVehicle↦20.011417865753174),(Vehicles2↦-1.9457192718982697),(Vehicles3↦0.7817965000867844),(Vehicles4↦0.5468115955591202),(Vehicles5↦-5.563667416572571)}",
        "VehiclesY": "{(EgoVehicle↦3.999935746192932),(Vehicles2↦3.999676823616028),(Vehicles3↦-3.999935746192932),(Vehicles4↦6.422011210815981E-05),(Vehicles5↦4.000064134597778)}",
        "VehiclesVy": "{(EgoVehicle↦0.00018650000129127875),(Vehicles2↦0.0008880138921085745),(Vehicles3↦-0.00018650000129127875),(Vehicles4↦-0.00018650000129127875),(Vehicles5↦-0.00018650000129127875)}",
        "VehiclesX": "{(EgoVehicle↦200.0),(Vehicles2↦17.90326237678528),(Vehicles3↦50.06183385848999),(Vehicles4↦67.01539754867554),(Vehicles5↦69.05847787857056)}"
      },
      "probabilisticVariables": null,
      "activating": [
        "SLOWER_6"
      ],
      "activatingOnlyWhenExecuted": true,
      "updating": null,
      "withPredicate": null
    },
    {
      "id": "SLOWER_6",
      "execute": "SLOWER",
      "after": "1000",
      "priority": 0,
      "additionalGuards": null,
      "activationKind": null,
      "fixedVariables": {
        "Crash": "FALSE",
        "VehiclesAy": "{(EgoVehicle↦-0.00017489790820945927),(Vehicles2↦-0.0008161086225300096),(Vehicles3↦0.00017489790820945927),(Vehicles4↦0.00017489790820945927),(Vehicles5↦-0.00019810209437309823)}",
        "Reward": "0.7000400971545532",
        "VehiclesAx": "{(EgoVehicle↦-0.009913444519042969),(Vehicles2↦-0.44174760580062866),(Vehicles3↦-0.17466731369495392),(Vehicles4↦-5.255145505070686),(Vehicles5↦6.33513480424881)}",
        "VehiclesVx": "{(EgoVehicle↦20.00150442123413),(Vehicles2↦-2.3874668776988983),(Vehicles3↦0.6071291863918304),(Vehicles4↦-4.708333909511566),(Vehicles5↦0.771467387676239)}",
        "VehiclesY": "{(EgoVehicle↦3.9999958276748657),(Vehicles2↦3.9999736547470093),(Vehicles3↦-3.9999958276748657),(Vehicles4↦4.000004053115845),(Vehicles5↦3.994667849838152E-06)}",
        "VehiclesVy": "{(EgoVehicle↦1.1602093081819476E-05),(Vehicles2↦7.190526957856491E-05),(Vehicles3↦-1.1602093081819476E-05),(Vehicles4↦-1.1602093081819476E-05),(Vehicles5↦-1.1602093081819476E-05)}",
        "VehiclesX": "{(EgoVehicle↦200.0),(Vehicles2↦15.76368659734726),(Vehicles3↦50.76290965080261),(Vehicles4↦63.835883140563965),(Vehicles5↦67.66255497932434)}"
      },
      "probabilisticVariables": null,
      "activating": [
        "SLOWER_7"
      ],
      "activatingOnlyWhenExecuted": true,
      "updating": null,
      "withPredicate": null
    },
    {
      "id": "SLOWER_7",
      "execute": "SLOWER",
      "after": "1000",
      "priority": 0,
      "additionalGuards": null,
      "activationKind": null,
      "fixedVariables": {
        "Crash": "FALSE",
        "VehiclesAy": "{(EgoVehicle↦-1.0880227989673585E-05),(Vehicles2↦-6.589233407794381E-05),(Vehicles3↦1.0880227989673585E-05),(Vehicles4↦1.0880227989673585E-05),(Vehicles5↦-1.2323958173965366E-05)}",
        "Reward": "0.7000052802837385",
        "VehiclesAx": "{(EgoVehicle↦-0.0013065338134765625),(Vehicles2↦-0.23915186524391174),(Vehicles3↦-0.07303532212972641),(Vehicles4↦0.8085310459136963),(Vehicles5↦0.12681901454925537)}",
        "VehiclesVx": "{(EgoVehicle↦20.000197887420654),(Vehicles2↦-2.62661874294281),(Vehicles3↦0.534093864262104),(Vehicles4↦-3.89980286359787),(Vehicles5↦0.8982864022254944)}",
        "VehiclesY": "{(EgoVehicle↦3.999999761581421),(Vehicles2↦3.9999979734420776),(Vehicles3↦-3.999999761581421),(Vehicles4↦4.0000001192092896),(Vehicles5↦2.485387256001559E-07)}",
        "VehiclesVy": "{(EgoVehicle↦7.218650921458902E-07),(Vehicles2↦6.012935500621097E-06),(Vehicles3↦-7.218650921458902E-07),(Vehicles4↦-7.218650921458902E-07),(Vehicles5↦-7.218650921458902E-07)}",
        "VehiclesX": "{(EgoVehicle↦200.0),(Vehicles2↦13.265728950500488),(Vehicles3↦51.33515000343323),(Vehicles4↦59.458571672439575),(Vehicles5↦68.49045157432556)}"
      },
      "probabilisticVariables": null,
      "activating": [
        "SLOWER_8"
      ],
      "activatingOnlyWhenExecuted": true,
      "updating": null,
      "withPredicate": null
    },
    {
      "id": "SLOWER_8",
      "execute": "SLOWER",
      "after": "1000",
      "priority": 0,
      "additionalGuards": null,
      "activationKind": null,
      "fixedVariables": {
        "Crash": "FALSE",
        "VehiclesAy": "{(EgoVehicle↦-6.769508686943482E-07),(Vehicles2↦-5.5051189917776355E-06),(Vehicles3↦6.76950859812564E-07),(Vehicles4↦6.76950859812564E-07),(Vehicles5↦-7.667793244792165E-07)}",
        "Reward": "0.7000006953460067",
        "VehiclesAx": "{(EgoVehicle↦-0.000171661376953125),(Vehicles2↦-0.07744431495666504),(Vehicles3↦-0.022742971777915955),(Vehicles4↦0.6915220618247986),(Vehicles5↦0.07133521139621735)}",
        "VehiclesVx": "{(EgoVehicle↦20.0000262260437),(Vehicles2↦-2.704063057899475),(Vehicles3↦0.5113508924841881),(Vehicles4↦-3.2082808017730713),(Vehicles5↦0.9696216136217117)}",
        "VehiclesY": "{(EgoVehicle↦4.0000001192092896),(Vehicles2↦3.999999761581421),(Vehicles3↦-4.0000001192092896),(Vehicles4↦4.0000001192092896),(Vehicles5↦1.5463974101237454E-08)}",
        "VehiclesVy": "{(EgoVehicle↦4.491422345154206E-08),(Vehicles2↦5.078165088434616E-07),(Vehicles3↦-4.4914232333326254E-08),(Vehicles4↦-4.4914232333326254E-08),(Vehicles5↦-4.4914232333326254E-08)}",
        "VehiclesX": "{(EgoVehicle↦200.0),(Vehicles2↦10.59713065624237),(Vehicles3↦51.85751914978027),(Vehicles4↦55.84591627120972),(Vehicles5↦69.42062377929688)}"
      },
      "probabilisticVariables": null,
      "activating": [
        "SLOWER_9"
      ],
      "activatingOnlyWhenExecuted": true,
      "updating": null,
      "withPredicate": null
    },
    {
      "id": "SLOWER_9",
      "execute": "SLOWER",
      "after": "1000",
      "priority": 0,
      "additionalGuards": null,
      "activationKind": null,
      "fixedVariables": {
        "Crash": "FALSE",
        "VehiclesAy": "{(EgoVehicle↦-4.211967663536598E-08),(Vehicles2↦-4.651129792421216E-07),(Vehicles3↦4.2119685517150174E-08),(Vehicles4↦4.2119685517150174E-08),(Vehicles5↦-4.7708779149502334E-08)}",
        "Reward": "0.7000000915681985",
        "VehiclesAx": "{(EgoVehicle↦-2.384185791015625E-05),(Vehicles2↦0.03663152456283569),(Vehicles3↦-0.0005396828055381775),(Vehicles4↦0.5593234300613403),(Vehicles5↦0.03843434154987335)}",
        "VehiclesVx": "{(EgoVehicle↦20.00000238418579),(Vehicles2↦-2.6674315333366394),(Vehicles3↦0.5108112096786499),(Vehicles4↦-2.648957371711731),(Vehicles5↦1.008055955171585)}",
        "VehiclesY": "{(EgoVehicle↦4.0000001192092896),(Vehicles2↦4.0000001192092896),(Vehicles3↦-4.0000001192092896),(Vehicles4↦4.0000001192092896),(Vehicles5↦9.621663465964048E-10)}",
        "VehiclesVy": "{(EgoVehicle↦2.79454681617608E-09),(Vehicles2↦4.270352960134005E-08),(Vehicles3↦-2.79454681617608E-09),(Vehicles4↦-2.79454681617608E-09),(Vehicles5↦-2.79454681617608E-09)}",
        "VehiclesX": "{(EgoVehicle↦200.0),(Vehicles2↦7.900403439998627),(Vehicles3↦52.3675799369812),(Vehicles4↦52.8717041015625),(Vehicles5↦70.40762305259705)}"
      },
      "probabilisticVariables": null,
      "activating": [
        "SLOWER_10"
      ],
      "activatingOnlyWhenExecuted": true,
      "updating": null,
      "withPredicate": null
    },
    {
      "id": "SLOWER_10",
      "execute": "SLOWER",
      "after": "1000",
      "priority": 0,
      "additionalGuards": null,
      "activationKind": null,
      "fixedVariables": {
        "Crash": "FALSE",
        "VehiclesAy": "{(EgoVehicle↦-2.6206592451671895E-09),(Vehicles2↦-3.915774371421321E-08),(Vehicles3↦2.6206592451671895E-09),(Vehicles4↦2.6206592451671895E-09),(Vehicles5↦-2.9684343871849705E-09)}",
        "Reward": "0.7000000120583635",
        "VehiclesAx": "{(EgoVehicle↦-2.384185791015625E-06),(Vehicles2↦0.10856360197067261),(Vehicles3↦-2.720576971769333),(Vehicles4↦3.167639710009098),(Vehicles5↦0.018817707896232605)}",
        "VehiclesVx": "{(EgoVehicle↦20.0),(Vehicles2↦-2.558867931365967),(Vehicles3↦-2.209765762090683),(Vehicles4↦0.5186823382973671),(Vehicles5↦1.0268736630678177)}",
        "VehiclesY": "{(EgoVehicle↦4.0000001192092896),(Vehicles2↦4.0000001192092896),(Vehicles3↦4.0000001192092896),(Vehicles4↦-4.0000001192092896),(Vehicles5↦5.986677820146724E-11)}",
        "VehiclesVy": "{(EgoVehicle↦1.7388757100889052E-10),(Vehicles2↦3.54578588712684E-09),(Vehicles3↦-1.7388757100889052E-10),(Vehicles4↦-1.7388757100889052E-10),(Vehicles5↦-1.7388757100889052E-10)}",
        "VehiclesX": "{(EgoVehicle↦200.0),(Vehicles2↦5.272100865840912),(Vehicles3↦50.40721893310547),(Vehicles4↦52.88119316101074),(Vehicles5↦71.424400806427)}"
      },
      "probabilisticVariables": null,
      "activating": [
        "LANE_LEFT_11"
      ],
      "activatingOnlyWhenExecuted": true,
      "updating": null,
      "withPredicate": null
    },
    {
      "id": "LANE_LEFT_11",
      "execute": "LANE_LEFT",
      "after": "1000",
      "priority": 0,
      "additionalGuards": null,
      "activationKind": null,
      "fixedVariables": {
        "Crash": "FALSE",
        "VehiclesAy": "{(EgoVehicle↦-1.145863607699713),(Vehicles2↦1.1458636039800396),(Vehicles3↦1.145863607699713),(Vehicles4↦1.145863607699713),(Vehicles5↦1.145863607351938)}",
        "Reward": "0.6666666666666666",
        "VehiclesAx": "{(EgoVehicle↦-0.0328516960144043),(Vehicles2↦0.18062636256217957),(Vehicles3↦0.37370219826698303),(Vehicles4↦0.042910315096378326),(Vehicles5↦0.04001729190349579)}",
        "VehiclesVx": "{(EgoVehicle↦19.967148303985596),(Vehicles2↦-2.3782415688037872),(Vehicles3↦-1.8360635638237),(Vehicles4↦0.5615926533937454),(Vehicles5↦1.0668909549713135)}",
        "VehiclesY": "{(EgoVehicle↦0.3963004946708679),(Vehicles2↦7.603699207305908),(Vehicles3↦7.603699207305908),(Vehicles4↦-0.3963004946708679),(Vehicles5↦3.6036994457244873)}",
        "VehiclesVy": "{(EgoVehicle↦-1.1458636075258255),(Vehicles2↦1.1458636075258255),(Vehicles3↦1.1458636075258255),(Vehicles4↦1.1458636075258255),(Vehicles5↦1.1458636075258255)}",
        "VehiclesX": "{(EgoVehicle↦200.0),(Vehicles2↦3.1568534672260284),(Vehicles3↦48.72732758522034),(Vehicles4↦53.79045009613037),(Vehicles5↦72.84143567085266)}"
      },
      "probabilisticVariables": null,
      "activating": [
        "FASTER_12"
      ],
      "activatingOnlyWhenExecuted": true,
      "updating": null,
      "withPredicate": null
    },
    {
      "id": "FASTER_12",
      "execute": "FASTER",
      "after": "1000",
      "priority": 0,
      "additionalGuards": null,
      "activationKind": null,
      "fixedVariables": {
        "Crash": "FALSE",
        "VehiclesAy": "{(EgoVehicle↦1.0893554333597422),(Vehicles2↦-2.281370908021927),(Vehicles3↦-1.0893554333597422),(Vehicles4↦-1.0893554333597422),(Vehicles5↦1.2023717816919088)}",
        "Reward": "0.7824399520743418",
        "VehiclesAx": "{(EgoVehicle↦4.374349117279053),(Vehicles2↦-3.6066804826259613),(Vehicles3↦-4.109544456005096),(Vehicles4↦-4.364572837948799),(Vehicles5↦-4.374052286148071)}",
        "VehiclesVx": "{(EgoVehicle↦24.34149742126465),(Vehicles2↦-5.9849220514297485),(Vehicles3↦-5.945608019828796),(Vehicles4↦-3.8029801845550537),(Vehicles5↦-3.307161331176758)}",
        "VehiclesY": "{(EgoVehicle↦0.017063469160348177),(Vehicles2↦4.402536034584045),(Vehicles3↦7.982936382293701),(Vehicles4↦-0.017063469160348177),(Vehicles5↦3.9829366207122803)}",
        "VehiclesVy": "{(EgoVehicle↦-0.056508174166083336),(Vehicles2↦-1.1355073004961014),(Vehicles3↦0.056508174166083336),(Vehicles4↦0.056508174166083336),(Vehicles5↦0.056508174166083336)}",
        "VehiclesX": "{(EgoVehicle↦200.0),(Vehicles2↦-1.9081778824329376),(Vehicles3↦44.57985162734985),(Vehicles4↦51.93342566490173),(Vehicles5↦71.48626446723938)}"
      },
      "probabilisticVariables": null,
      "activating": [
        "LANE_LEFT_13"
      ],
      "activatingOnlyWhenExecuted": true,
      "updating": null,
      "withPredicate": null
    },
    {
      "id": "LANE_LEFT_13",
      "execute": "LANE_LEFT",
      "after": "1000",
      "priority": 0,
      "additionalGuards": null,
      "activationKind": null,
      "fixedVariables": {
        "Crash": "FALSE",
        "VehiclesAy": "{(EgoVehicle↦0.05467102804686874),(Vehicles2↦1.053424784913659),(Vehicles3↦-0.05467102804686874),(Vehicles4↦-0.05467102804686874),(Vehicles5↦0.05834532028529793)}",
        "Reward": "0.7976877942324383",
        "VehiclesAx": "{(EgoVehicle↦0.5717945098876953),(Vehicles2↦0.49945712089538574),(Vehicles3↦-0.3640657663345337),(Vehicles4↦-0.5630186200141907),(Vehicles5↦-0.5754885077476501)}",
        "VehiclesVx": "{(EgoVehicle↦24.913291931152344),(Vehicles2↦-5.485464930534363),(Vehicles3↦-6.30967378616333),(Vehicles4↦-4.365998804569244),(Vehicles5↦-3.882649838924408)}",
        "VehiclesY": "{(EgoVehicle↦0.0005515695665962994),(Vehicles2↦4.02844762802124),(Vehicles3↦7.999448776245117),(Vehicles4↦-0.0005515695665962994),(Vehicles5↦3.999448299407959)}",
        "VehiclesVy": "{(EgoVehicle↦-0.0018371461192145944),(Vehicles2↦-0.08208251558244228),(Vehicles3↦0.0018371461192145944),(Vehicles4↦0.0018371461192145944),(Vehicles5↦0.0018371461192145944)}",
        "VehiclesX": "{(EgoVehicle↦200.0),(Vehicles2↦-7.730779051780701),(Vehicles3↦38.40579390525818),(Vehicles4↦47.818586230278015),(Vehicles5↦67.86240935325623)}"
      },
      "probabilisticVariables": null,
      "activating": [
        "LANE_LEFT_14"
      ],
      "activatingOnlyWhenExecuted": true,
      "updating": null,
      "withPredicate": null
    },
    {
      "id": "LANE_LEFT_14",
      "execute": "LANE_LEFT",
      "after": "1000",
      "priority": 0,
      "additionalGuards": null,
      "activationKind": null,
      "fixedVariables": {
        "Crash": "FALSE",
        "VehiclesAy": "{(EgoVehicle↦0.0017794464520193287),(Vehicles2↦0.08214021524963755),(Vehicles3↦-0.0017794464520193287),(Vehicles4↦-0.0017794464520193287),(Vehicles5↦0.00189484578640986)}",
        "Reward": "0.7996955122337804",
        "VehiclesAx": "{(EgoVehicle↦0.07529020309448242),(Vehicles2↦-0.7341152429580688),(Vehicles3↦1.8761754035949707),(Vehicles4↦0.40210187435150146),(Vehicles5↦-0.9736904501914978)}",
        "VehiclesVx": "{(EgoVehicle↦24.988582134246826),(Vehicles2↦-6.219580173492432),(Vehicles3↦-4.433498382568359),(Vehicles4↦-3.963896930217743),(Vehicles5↦-4.856340289115906)}",
        "VehiclesY": "{(EgoVehicle↦1.731163683871273E-05),(Vehicles2↦7.9999823570251465),(Vehicles3↦-1.731163683871273E-05),(Vehicles4↦3.9999825954437256),(Vehicles5↦7.9999823570251465)}",
        "VehiclesVy": "{(EgoVehicle↦-5.769966719526565E-05),(Vehicles2↦5.769966719526565E-05),(Vehicles3↦5.769966719526565E-05),(Vehicles4↦5.769966719526565E-05),(Vehicles5↦5.769966719526565E-05)}",
        "VehiclesX": "{(EgoVehicle↦200.0),(Vehicles2↦32.123640179634094),(Vehicles3↦43.41424107551575),(Vehicles4↦63.9359712600708),(Vehicles5↦89.31630849838257)}"
      },
      "probabilisticVariables": null,
      "activating": [
        "SLOWER_15"
      ],
      "activatingOnlyWhenExecuted": true,
      "updating": null,
      "withPredicate": null
    },
    {
      "id": "SLOWER_15",
      "execute": "SLOWER",
      "after": "1000",
      "priority": 0,
      "additionalGuards": null,
      "activationKind": null,
      "fixedVariables": {
        "Crash": "FALSE",
        "VehiclesAy": "{(EgoVehicle↦5.535446391036203E-05),(Vehicles2↦-5.535446391036203E-05),(Vehicles3↦-5.535446391036203E-05),(Vehicles4↦-5.535446391036203E-05),(Vehicles5↦6.0044870480169266E-05)}",
        "Reward": "0.6841848685522783",
        "VehiclesAx": "{(EgoVehicle↦-4.331650733947754),(Vehicles2↦4.4655741751194),(Vehicles3↦4.338724929839373),(Vehicles4↦4.3244704231619835),(Vehicles5↦4.333907887339592)}",
        "VehiclesVx": "{(EgoVehicle↦20.656931400299072),(Vehicles2↦-1.7540059983730316),(Vehicles3↦-0.09477345272898674),(Vehicles4↦0.36057349294424057),(Vehicles5↦-0.5224324017763138)}",
        "VehiclesY": "{(EgoVehicle↦8.106206053071219E-07),(Vehicles2↦7.999999523162842),(Vehicles3↦-8.106206053071219E-07),(Vehicles4↦3.9999990463256836),(Vehicles5↦7.999999523162842)}",
        "VehiclesVy": "{(EgoVehicle↦-2.3452032849036186E-06),(Vehicles2↦2.3452032849036186E-06),(Vehicles3↦2.3452032849036186E-06),(Vehicles4↦2.3452032849036186E-06),(Vehicles5↦2.3452032849036186E-06)}",
        "VehiclesX": "{(EgoVehicle↦200.0),(Vehicles2↦28.349387645721436),(Vehicles3↦41.37320816516876),(Vehicles4↦62.35886216163635),(Vehicles5↦86.85086369514465)}"
      },
      "probabilisticVariables": null,
      "activating": [
        "LANE_RIGHT_16"
      ],
      "activatingOnlyWhenExecuted": true,
      "updating": null,
      "withPredicate": null
    },
    {
      "id": "LANE_RIGHT_16",
      "execute": "LANE_RIGHT",
      "after": "1000",
      "priority": 0,
      "additionalGuards": null,
      "activationKind": null,
      "fixedVariables": {
        "Crash": "FALSE",
        "VehiclesAy": "{(EgoVehicle↦1.157526334880714),(Vehicles2↦-1.157526334880714),(Vehicles3↦-1.157526334880714),(Vehicles4↦-1.157526334880714),(Vehicles5↦-1.1575216444741443)}",
        "Reward": "0.7014167899171477",
        "VehiclesAx": "{(EgoVehicle↦-0.6038022041320801),(Vehicles2↦0.7141073793172836),(Vehicles3↦0.6104784272611141),(Vehicles4↦0.5960340425372124),(Vehicles5↦0.601553451269865)}",
        "VehiclesVx": "{(EgoVehicle↦20.053129196166992),(Vehicles2↦-1.039898619055748),(Vehicles3↦0.5157049745321274),(Vehicles4↦0.9566075354814529),(Vehicles5↦0.07912104949355125)}",
        "VehiclesY": "{(EgoVehicle↦3.5990495681762695),(Vehicles2↦4.400950312614441),(Vehicles3↦-3.5990495681762695),(Vehicles4↦0.4009503722190857),(Vehicles5↦4.400950312614441)}",
        "VehiclesVy": "{(EgoVehicle↦1.1575239896774292),(Vehicles2↦-1.1575239896774292),(Vehicles3↦-1.1575239896774292),(Vehicles4↦-1.1575239896774292),(Vehicles5↦-1.1575239896774292)}",
        "VehiclesX": "{(EgoVehicle↦200.0),(Vehicles2↦27.332359552383423),(Vehicles3↦41.97234511375427),(Vehicles4↦63.40757608413696),(Vehicles5↦87.01907396316528)}"
      },
      "probabilisticVariables": null,
      "activating": [
        "LANE_RIGHT_17"
      ],
      "activatingOnlyWhenExecuted": true,
      "updating": null,
      "withPredicate": null
    },
    {
      "id": "LANE_RIGHT_17",
      "execute": "LANE_RIGHT",
      "after": "1000",
      "priority": 0,
      "additionalGuards": null,
      "activationKind": null,
      "fixedVariables": {
        "Crash": "FALSE",
        "VehiclesAy": "{(EgoVehicle↦0.06189003586769104),(Vehicles2↦-0.06189003586769104),(Vehicles3↦-0.06189003586769104),(Vehicles4↦-0.06189003586769104),(Vehicles5↦-2.3769380152225494)}",
        "Reward": "0.7333333333333334",
        "VehiclesAx": "{(EgoVehicle↦-0.07892489433288574),(Vehicles2↦0.1711856573820114),(Vehicles3↦0.08547436445951462),(Vehicles4↦0.07095135748386383),(Vehicles5↦0.072989072650671)}",
        "VehiclesVx": "{(EgoVehicle↦19.974204301834106),(Vehicles2↦-0.8687129616737366),(Vehicles3↦0.601179338991642),(Vehicles4↦1.0275588929653168),(Vehicles5↦0.15211012214422226)}",
        "VehiclesY": "{(EgoVehicle↦7.578324794769287),(Vehicles2↦0.4216751307249069),(Vehicles3↦-7.578324794769287),(Vehicles4↦-3.578325033187866),(Vehicles5↦0.4216751307249069)}",
        "VehiclesVy": "{(EgoVehicle↦1.2194140255451202),(Vehicles2↦-1.2194140255451202),(Vehicles3↦-1.2194140255451202),(Vehicles4↦-1.2194140255451202),(Vehicles5↦-1.2194140255451202)}",
        "VehiclesX": "{(EgoVehicle↦200.0),(Vehicles2↦26.813265681266785),(Vehicles3↦42.97330379486084),(Vehicles4↦64.84363675117493),(Vehicles5↦87.57872581481934)}"
      },
      "probabilisticVariables": null,
      "activating": [
        "SLOWER_18"
      ],
      "activatingOnlyWhenExecuted": true,
      "updating": null,
      "withPredicate": null
    },
    {
      "id": "SLOWER_18",
      "execute": "SLOWER",
      "after": "1000",
      "priority": 0,
      "additionalGuards": null,
      "activationKind": null,
      "fixedVariables": {
        "Crash": "FALSE",
        "VehiclesAy": "{(EgoVehicle↦-1.1430494533851743),(Vehicles2↦1.1430494533851743),(Vehicles3↦1.1430494533851743),(Vehicles4↦1.1430494533851743),(Vehicles5↦-1.2957785977050662)}",
        "Reward": "0.7333694514987384",
        "VehiclesAx": "{(EgoVehicle↦0.02714991569519043),(Vehicles2↦0.05103372037410736),(Vehicles3↦-0.0205153226852417),(Vehicles4↦-0.035090819001197815),(Vehicles5↦-0.03622281365096569)}",
        "VehiclesVx": "{(EgoVehicle↦20.001354217529297),(Vehicles2↦-0.8176792412996292),(Vehicles3↦0.5806640163064003),(Vehicles4↦0.992468073964119),(Vehicles5↦0.11588730849325657)}",
        "VehiclesY": "{(EgoVehicle↦7.9737067222595215),(Vehicles2↦0.02629353292286396),(Vehicles3↦-7.9737067222595215),(Vehicles4↦-3.973706603050232),(Vehicles5↦0.02629353292286396)}",
        "VehiclesVy": "{(EgoVehicle↦0.07636457215994596),(Vehicles2↦-0.07636457215994596),(Vehicles3↦-0.07636457215994596),(Vehicles4↦-0.07636457215994596),(Vehicles5↦-0.07636457215994596)}",
        "VehiclesX": "{(EgoVehicle↦200.0),(Vehicles2↦25.95107853412628),(Vehicles3↦43.55137646198273),(Vehicles4↦65.8422589302063),(Vehicles5↦87.70169615745544)}"
      },
      "probabilisticVariables": null,
      "activating": [
        "SLOWER_19"
      ],
      "activatingOnlyWhenExecuted": true,
      "updating": null,
      "withPredicate": null
    },
    {
      "id": "SLOWER_19",
      "execute": "SLOWER",
      "after": "1000",
      "priority": 0,
      "additionalGuards": null,
      "activationKind": null,
      "fixedVariables": {
        "Crash": "FALSE",
        "VehiclesAy": "{(EgoVehicle↦-0.07161306100897491),(Vehicles2↦0.07161306100897491),(Vehicles3↦0.07161306100897491),(Vehicles4↦0.07161306100897491),(Vehicles5↦-0.08111608331091702)}",
        "Reward": "0.7333385865076187",
        "VehiclesAx": "{(EgoVehicle↦-0.0011563301086425781),(Vehicles2↦0.06810635328292847),(Vehicles3↦0.008028000593185425),(Vehicles4↦-0.006601810455322266),(Vehicles5↦-0.010653818026185036)}",
        "VehiclesVx": "{(EgoVehicle↦20.000197887420654),(Vehicles2↦-0.7495728880167007),(Vehicles3↦0.5886920168995857),(Vehicles4↦0.9858662635087967),(Vehicles5↦0.10523349046707153)}",
        "VehiclesY": "{(EgoVehicle↦7.998363733291626),(Vehicles2↦0.001635949476622045),(Vehicles3↦-7.998363733291626),(Vehicles4↦-3.998363971710205),(Vehicles5↦0.001635949476622045)}",
        "VehiclesVy": "{(EgoVehicle↦0.004751511150971055),(Vehicles2↦-0.004751511150971055),(Vehicles3↦-0.004751511150971055),(Vehicles4↦-0.004751511150971055),(Vehicles5↦-0.004751511150971055)}",
        "VehiclesX": "{(EgoVehicle↦200.0),(Vehicles2↦25.161582231521606),(Vehicles3↦44.13536190986633),(Vehicles4↦66.83220267295837),(Vehicles5↦87.81365752220154)}"
      },
      "probabilisticVariables": null,
      "activating": [
        "SLOWER_20"
      ],
      "activatingOnlyWhenExecuted": true,
      "updating": null,
      "withPredicate": null
    },
    {
      "id": "SLOWER_20",
      "execute": "SLOWER",
      "after": "1000",
      "priority": 0,
      "additionalGuards": null,
      "activationKind": null,
      "fixedVariables": {
        "Crash": "FALSE",
        "VehiclesAy": "{(EgoVehicle↦-0.004455873458937276),(Vehicles2↦0.004455873458937276),(Vehicles3↦0.004455873458937276),(Vehicles4↦0.004455873458937276),(Vehicles5↦-0.005047148843004834)}",
        "Reward": "0.7333340270331398",
        "VehiclesAx": "{(EgoVehicle↦-0.000171661376953125),(Vehicles2↦0.05795009434223175),(Vehicles3↦0.007378198206424713),(Vehicles4↦-0.00731147825717926),(Vehicles5↦-0.014061424881219864)}",
        "VehiclesVx": "{(EgoVehicle↦20.0000262260437),(Vehicles2↦-0.691622793674469),(Vehicles3↦0.5960702151060104),(Vehicles4↦0.9785547852516174),(Vehicles5↦0.09117206558585167)}",
        "VehiclesY": "{(EgoVehicle↦7.9998979568481445),(Vehicles2↦0.00010178810771321878),(Vehicles3↦-7.9998979568481445),(Vehicles4↦-3.9998981952667236),(Vehicles5↦0.00010178810771321878)}",
        "VehiclesVy": "{(EgoVehicle↦0.0002956376920337789),(Vehicles2↦-0.0002956376920337789),(Vehicles3↦-0.0002956376920337789),(Vehicles4↦-0.0002956376920337789),(Vehicles5↦-0.0002956376920337789)}",
        "VehiclesX": "{(EgoVehicle↦200.0),(Vehicles2↦24.43588078022003),(Vehicles3↦44.7270005941391),(Vehicles4↦67.81514286994934),(Vehicles5↦87.91347742080688)}"
      },
      "probabilisticVariables": null,
      "activating": [
        "SLOWER_21"
      ],
      "activatingOnlyWhenExecuted": true,
      "updating": null,
      "withPredicate": null
    },
    {
      "id": "SLOWER_21",
      "execute": "SLOWER",
      "after": "1000",
      "priority": 0,
      "additionalGuards": null,
      "activationKind": null,
      "fixedVariables": {
        "Crash": "FALSE",
        "VehiclesAy": "{(EgoVehicle↦-0.0002772431571429479),(Vehicles2↦0.0002772431571429479),(Vehicles3↦0.0002772431571429479),(Vehicles4↦0.0002772431571429479),(Vehicles5↦-0.00031403222692460986)}",
        "Reward": "0.7333334246921956",
        "VehiclesAx": "{(EgoVehicle↦-2.384185791015625E-05),(Vehicles2↦0.05015946924686432),(Vehicles3↦0.007628351449966431),(Vehicles4↦-0.0071211159229278564),(Vehicles5↦-0.016356240957975388)}",
        "VehiclesVx": "{(EgoVehicle↦20.00000238418579),(Vehicles2↦-0.6414633244276047),(Vehicles3↦0.6036985665559769),(Vehicles4↦0.9714336693286896),(Vehicles5↦0.07481582462787628)}",
        "VehiclesY": "{(EgoVehicle↦7.999993801116943),(Vehicles2↦6.333239298328408E-06),(Vehicles3↦-7.999993801116943),(Vehicles4↦-3.999993681907654),(Vehicles5↦6.333239298328408E-06)}",
        "VehiclesVy": "{(EgoVehicle↦1.8394534890830982E-05),(Vehicles2↦-1.8394534890830982E-05),(Vehicles3↦-1.8394534890830982E-05),(Vehicles4↦-1.8394534890830982E-05),(Vehicles5↦-1.8394534890830982E-05)}",
        "VehiclesX": "{(EgoVehicle↦200.0),(Vehicles2↦23.76488596200943),(Vehicles3↦45.32609283924103),(Vehicles4↦68.79082322120667),(Vehicles5↦87.99827098846436)}"
      },
      "probabilisticVariables": null,
      "activating": [
        "SLOWER_22"
      ],
      "activatingOnlyWhenExecuted": true,
      "updating": null,
      "withPredicate": null
    },
    {
      "id": "SLOWER_22",
      "execute": "SLOWER",
      "after": "1000",
      "priority": 0,
      "additionalGuards": null,
      "activationKind": null,
      "fixedVariables": {
        "Crash": "FALSE",
        "VehiclesAy": "{(EgoVehicle↦-1.7250029245019505E-05),(Vehicles2↦1.7250029245019505E-05),(Vehicles3↦1.7250029245019505E-05),(Vehicles4↦1.7250029245019505E-05),(Vehicles5↦-1.953904053664246E-05)}",
        "Reward": "0.733333345364159",
        "VehiclesAx": "{(EgoVehicle↦-2.384185791015625E-06),(Vehicles2↦0.04365269094705582),(Vehicles3↦0.00804070383310318),(Vehicles4↦-0.006760656833648682),(Vehicles5↦-0.018268381245434284)}",
        "VehiclesVx": "{(EgoVehicle↦20.0),(Vehicles2↦-0.5978106334805489),(Vehicles3↦0.61173927038908),(Vehicles4↦0.9646730124950409),(Vehicles5↦0.056547443382442)}",
        "VehiclesY": "{(EgoVehicle↦7.999999523162842),(Vehicles2↦3.9405334462117025E-07),(Vehicles3↦-7.999999523162842),(Vehicles4↦-3.999999761581421),(Vehicles5↦3.9405334462117025E-07)}",
        "VehiclesVy": "{(EgoVehicle↦1.1445056458114777E-06),(Vehicles2↦-1.1445056458114777E-06),(Vehicles3↦-1.1445056458114777E-06),(Vehicles4↦-1.1445056458114777E-06),(Vehicles5↦-1.1445056458114777E-06)}",
        "VehiclesX": "{(EgoVehicle↦200.0),(Vehicles2↦23.141363263130188),(Vehicles3↦45.93297243118286),(Vehicles4↦69.75952386856079),(Vehicles5↦88.06592226028442)}"
      },
      "probabilisticVariables": null,
      "activating": [
        "SLOWER_23"
      ],
      "activatingOnlyWhenExecuted": true,
      "updating": null,
      "withPredicate": null
    },
    {
      "id": "SLOWER_23",
      "execute": "SLOWER",
      "after": "1000",
      "priority": 0,
      "additionalGuards": null,
      "activationKind": null,
      "fixedVariables": {
        "Crash": "FALSE",
        "VehiclesAy": "{(EgoVehicle↦-1.0732946442715274E-06),(Vehicles2↦1.0732946442715274E-06),(Vehicles3↦1.0732946442715274E-06),(Vehicles4↦1.0732946442715274E-06),(Vehicles5↦-1.215716647351428E-06)}",
        "Reward": "0.7333333349176397",
        "VehiclesAx": "{(EgoVehicle↦0.0),(Vehicles2↦0.03805674612522125),(Vehicles3↦0.008483007550239563),(Vehicles4↦-0.006355345249176025),(Vehicles5↦-0.019918943289667368)}",
        "VehiclesVx": "{(EgoVehicle↦20.0),(Vehicles2↦-0.5597538873553276),(Vehicles3↦0.6202222779393196),(Vehicles4↦0.9583176672458649),(Vehicles5↦0.03662850009277463)}",
        "VehiclesY": "{(EgoVehicle↦8.000000238418579),(Vehicles2↦2.451795300117965E-08),(Vehicles3↦-8.000000238418579),(Vehicles4↦-4.0000001192092896),(Vehicles5↦2.451795300117965E-08)}",
        "VehiclesVy": "{(EgoVehicle↦7.12110015399503E-08),(Vehicles2↦-7.12110015399503E-08),(Vehicles3↦-7.12110015399503E-08),(Vehicles4↦-7.12110015399503E-08),(Vehicles5↦-7.12110015399503E-08)}",
        "VehiclesX": "{(EgoVehicle↦200.0),(Vehicles2↦22.559192776679993),(Vehicles3↦46.54806852340698),(Vehicles4↦70.7216203212738),(Vehicles5↦88.11461925506592)}"
      },
      "probabilisticVariables": null,
      "activating": [
        "SLOWER_24"
      ],
      "activatingOnlyWhenExecuted": true,
      "updating": null,
      "withPredicate": null
    },
    {
      "id": "SLOWER_24",
      "execute": "SLOWER",
      "after": "1000",
      "priority": 0,
      "additionalGuards": null,
      "activationKind": null,
      "fixedVariables": {
        "Crash": "FALSE",
        "VehiclesAy": "{(EgoVehicle↦-6.678025243900265E-08),(Vehicles2↦6.678025243900265E-08),(Vehicles3↦6.678025243900265E-08),(Vehicles4↦6.678025243900265E-08),(Vehicles5↦-7.564175064089795E-08)}",
        "Reward": "0.7333333335419664",
        "VehiclesAx": "{(EgoVehicle↦0.0),(Vehicles2↦0.03317181020975113),(Vehicles3↦0.008926056325435638),(Vehicles4↦-0.005928799510002136),(Vehicles5↦-0.021326475543901324)}",
        "VehiclesVx": "{(EgoVehicle↦20.0),(Vehicles2↦-0.5265820771455765),(Vehicles3↦0.6291483342647552),(Vehicles4↦0.9523888677358627),(Vehicles5↦0.015302024548873305)}",
        "VehiclesY": "{(EgoVehicle↦8.000000238418579),(Vehicles2↦1.5255050556106653E-09),(Vehicles3↦-8.000000238418579),(Vehicles4↦-4.0000001192092896),(Vehicles5↦1.5255050556106653E-09)}",
        "VehiclesVy": "{(EgoVehicle↦4.430749100947651E-09),(Vehicles2↦-4.430749100947651E-09),(Vehicles3↦-4.430749100947651E-09),(Vehicles4↦-4.430749100947651E-09),(Vehicles5↦-4.430749100947651E-09)}",
        "VehiclesX": "{(EgoVehicle↦200.0),(Vehicles2↦22.013074159622192),(Vehicles3↦47.17182815074921),(Vehicles4↦71.67752981185913),(Vehicles5↦88.14282417297363)}"
      },
      "probabilisticVariables": null,
      "activating": [
        "SLOWER_25"
      ],
      "activatingOnlyWhenExecuted": true,
      "updating": null,
      "withPredicate": null
    },
    {
      "id": "SLOWER_25",
      "execute": "SLOWER",
      "after": "1000",
      "priority": 0,
      "additionalGuards": null,
      "activationKind": null,
      "fixedVariables": {
        "Crash": "FALSE",
        "VehiclesAy": "{(EgoVehicle↦-4.155076283041126E-09),(Vehicles2↦4.155076283041126E-09),(Vehicles3↦4.155076283041126E-09),(Vehicles4↦4.155076283041126E-09),(Vehicles5↦-4.706421918854176E-09)}",
        "Reward": "0.7333333333608075",
        "VehiclesAx": "{(EgoVehicle↦0.0),(Vehicles2↦0.02886258065700531),(Vehicles3↦0.009357929229736328),(Vehicles4↦-0.0054892897605896),(Vehicles5↦-0.022494440781883895)}",
        "VehiclesVx": "{(EgoVehicle↦20.0),(Vehicles2↦-0.49771949648857117),(Vehicles3↦0.6385062634944916),(Vehicles4↦0.9468995779752731),(Vehicles5↦-0.00719241623301059)}",
        "VehiclesY": "{(EgoVehicle↦8.000000238418579),(Vehicles2↦9.491873953493268E-11),(Vehicles3↦-8.000000238418579),(Vehicles4↦-4.0000001192092896),(Vehicles5↦9.491873953493268E-11)}",
        "VehiclesVy": "{(EgoVehicle↦2.7567281790652487E-10),(Vehicles2↦-2.7567281790652487E-10),(Vehicles3↦-2.7567281790652487E-10),(Vehicles4↦-2.7567281790652487E-10),(Vehicles5↦-2.7567281790652487E-10)}",
        "VehiclesX": "{(EgoVehicle↦200.0),(Vehicles2↦21.498361229896545),(Vehicles3↦47.804683446884155),(Vehicles4↦72.62768745422363),(Vehicles5↦88.14921379089355)}"
      },
      "probabilisticVariables": null,
      "activating": [
        "LANE_LEFT_26"
      ],
      "activatingOnlyWhenExecuted": true,
      "updating": null,
      "withPredicate": null
    },
    {
      "id": "LANE_LEFT_26",
      "execute": "LANE_LEFT",
      "after": "1000",
      "priority": 0,
      "additionalGuards": null,
      "activationKind": null,
      "fixedVariables": {
        "Crash": "FALSE",
        "VehiclesAy": "{(EgoVehicle↦-1.1458635332956923),(Vehicles2↦1.1458635332956923),(Vehicles3↦1.1458635332956923),(Vehicles4↦1.1458635332956923),(Vehicles5↦1.1458635327443467)}",
        "Reward": "0.7000000000000001",
        "VehiclesAx": "{(EgoVehicle↦-0.0328516960144043),(Vehicles2↦0.05788329988718033),(Vehicles3↦0.042623504996299744),(Vehicles4↦0.027810409665107727),(Vehicles5↦0.009427725890418515)}",
        "VehiclesVx": "{(EgoVehicle↦19.967148303985596),(Vehicles2↦-0.43983619660139084),(Vehicles3↦0.6811297684907913),(Vehicles4↦0.9747099876403809),(Vehicles5↦0.0022353096574079245)}",
        "VehiclesY": "{(EgoVehicle↦4.396300435066223),(Vehicles2↦3.6036994457244873),(Vehicles3↦-4.396300435066223),(Vehicles4↦-0.39630044996738434),(Vehicles5↦3.6036994457244873)}",
        "VehiclesVy": "{(EgoVehicle↦-1.1458635330200195),(Vehicles2↦1.1458635330200195),(Vehicles3↦1.1458635330200195),(Vehicles4↦1.1458635330200195),(Vehicles5↦1.1458635330200195)}",
        "VehiclesX": "{(EgoVehicle↦200.0),(Vehicles2↦21.397536993026733),(Vehicles3↦48.833659291267395),(Vehicles4↦73.95913004875183),(Vehicles5↦88.51930499076843)}"
      },
      "probabilisticVariables": null,
      "activating": [
        "LANE_RIGHT_27"
      ],
      "activatingOnlyWhenExecuted": true,
      "updating": null,
      "withPredicate": null
    },
    {
      "id": "LANE_RIGHT_27",
      "execute": "LANE_RIGHT",
      "after": "1000",
      "priority": 0,
      "additionalGuards": null,
      "activationKind": null,
      "fixedVariables": {
        "Crash": "FALSE",
        "VehiclesAy": "{(EgoVehicle↦2.2204431146383286),(Vehicles2↦-2.2204431146383286),(Vehicles3↦-2.2204431146383286),(Vehicles4↦-2.2204431146383286),(Vehicles5↦0.07128395140171051)}",
        "Reward": "0.7333333333333334",
        "VehiclesAx": "{(EgoVehicle↦0.003962516784667969),(Vehicles2↦0.017641820013523102),(Vehicles3↦0.006198883056640625),(Vehicles4↦-0.0085526704788208),(Vehicles5↦-0.028081499476684257)}",
        "VehiclesVx": "{(EgoVehicle↦19.971110820770264),(Vehicles2↦-0.42219437658786774),(Vehicles3↦0.687328651547432),(Vehicles4↦0.9661573171615601),(Vehicles5↦-0.025846189819276333)}",
        "VehiclesY": "{(EgoVehicle↦7.628213882446289),(Vehicles2↦0.3717864453792572),(Vehicles3↦-7.628213882446289),(Vehicles4↦-3.628213405609131),(Vehicles5↦0.3717864453792572)}",
        "VehiclesVy": "{(EgoVehicle↦1.074579581618309),(Vehicles2↦-1.074579581618309),(Vehicles3↦-1.074579581618309),(Vehicles4↦-1.074579581618309),(Vehicles5↦-1.074579581618309)}",
        "VehiclesX": "{(EgoVehicle↦200.0),(Vehicles2↦21.243150532245636),(Vehicles3↦49.795374274253845),(Vehicles4↦75.20851492881775),(Vehicles5↦88.78849148750305)}"
      },
      "probabilisticVariables": null,
      "activating": [
        "SLOWER_28"
      ],
      "activatingOnlyWhenExecuted": true,
      "updating": null,
      "withPredicate": null
    },
    {
      "id": "SLOWER_28",
      "execute": "SLOWER",
      "after": "1000",
      "priority": 0,
      "additionalGuards": null,
      "activationKind": null,
      "fixedVariables": {
        "Crash": "FALSE",
        "VehiclesAy": "{(EgoVehicle↦-1.0072025284171104),(Vehicles2↦1.0072025284171104),(Vehicles3↦1.0072025284171104),(Vehicles4↦1.0072025284171104),(Vehicles5↦-1.1419566348195076)}",
        "Reward": "0.7333333333333334",
        "VehiclesAx": "{(EgoVehicle↦0.028775930404663086),(Vehicles2↦-0.010246671736240387),(Vehicles3↦-0.018248632550239563),(Vehicles4↦-0.03291115164756775),(Vehicles5↦-0.05335547495633364)}",
        "VehiclesVx": "{(EgoVehicle↦19.999886751174927),(Vehicles2↦-0.4324410483241081),(Vehicles3↦0.6690800189971924),(Vehicles4↦0.9332461655139923),(Vehicles5↦-0.07920166477560997)}",
        "VehiclesY": "{(EgoVehicle↦7.976800918579102),(Vehicles2↦0.023198737297207117),(Vehicles3↦-7.976800918579102),(Vehicles4↦-3.9768011569976807),(Vehicles5↦0.023198737297207117)}",
        "VehiclesVy": "{(EgoVehicle↦0.06737705320119858),(Vehicles2↦-0.06737705320119858),(Vehicles3↦-0.06737705320119858),(Vehicles4↦-0.06737705320119858),(Vehicles5↦-0.06737705320119858)}",
        "VehiclesX": "{(EgoVehicle↦200.0),(Vehicles2↦20.804363489151),(Vehicles3↦50.462645292282104),(Vehicles4↦76.14874839782715),(Vehicles5↦88.72860074043274)}"
      },
      "probabilisticVariables": null,
      "activating": [
        "SLOWER_29"
      ],
      "activatingOnlyWhenExecuted": true,
      "updating": null,
      "withPredicate": null
    },
    {
      "id": "SLOWER_29",
      "execute": "SLOWER",
      "after": "1000",
      "priority": 0,
      "additionalGuards": null,
      "activationKind": null,
      "fixedVariables": {
        "Crash": "FALSE",
        "VehiclesAy": "{(EgoVehicle↦-0.06318462692433968),(Vehicles2↦0.06318462692433968),(Vehicles3↦0.06318462692433968),(Vehicles4↦0.06318462692433968),(Vehicles5↦-0.07156947947805747)}",
        "Reward": "0.7333333333333334",
        "VehiclesAx": "{(EgoVehicle↦0.00011324882507324219),(Vehicles2↦0.015646852552890778),(Vehicles3↦0.010751038789749146),(Vehicles4↦-0.003795921802520752),(Vehicles5↦-0.024928199127316475)}",
        "VehiclesVx": "{(EgoVehicle↦20.0),(Vehicles2↦-0.41679419577121735),(Vehicles3↦0.6798310577869415),(Vehicles4↦0.9294502437114716),(Vehicles5↦-0.10412986390292645)}",
        "VehiclesY": "{(EgoVehicle↦7.998556852340698),(Vehicles2↦0.0014434528711717576),(Vehicles3↦-7.998556852340698),(Vehicles4↦-3.99855637550354),(Vehicles5↦0.0014434528711717576)}",
        "VehiclesVy": "{(EgoVehicle↦0.004192426276858896),(Vehicles2↦-0.004192426276858896),(Vehicles3↦-0.004192426276858896),(Vehicles4↦-0.004192426276858896),(Vehicles5↦-0.004192426276858896)}",
        "VehiclesX": "{(EgoVehicle↦200.0),(Vehicles2↦20.378340780735016),(Vehicles3↦51.13595128059387),(Vehicles4↦77.08038687705994),(Vehicles5↦88.63939046859741)}"
      },
      "probabilisticVariables": null,
      "activating": [
        "SLOWER_30"
      ],
      "activatingOnlyWhenExecuted": true,
      "updating": null,
      "withPredicate": null
    },
    {
      "id": "SLOWER_30",
      "execute": "SLOWER",
      "after": "1000",
      "priority": 0,
      "additionalGuards": null,
      "activationKind": null,
      "fixedVariables": {
        "Crash": "FALSE",
        "VehiclesAy": "{(EgoVehicle↦-0.003931573919544462),(Vehicles2↦0.003931573919544462),(Vehicles3↦0.003931573919544462),(Vehicles4↦0.003931573919544462),(Vehicles5↦-0.00445327863417333)}",
        "Reward": "0.7333333333333334",
        "VehiclesAx": "{(EgoVehicle↦0.0),(Vehicles2↦0.013264566659927368),(Vehicles3↦0.011172369122505188),(Vehicles4↦-0.003233179450035095),(Vehicles5↦-0.024831583723425865)}",
        "VehiclesVx": "{(EgoVehicle↦20.0),(Vehicles2↦-0.40352962911129),(Vehicles3↦0.6910034269094467),(Vehicles4↦0.9262170642614365),(Vehicles5↦-0.1289614476263523)}",
        "VehiclesY": "{(EgoVehicle↦7.999910116195679),(Vehicles2↦8.981147584563587E-05),(Vehicles3↦-7.999910116195679),(Vehicles4↦-3.999910354614258),(Vehicles5↦8.981147584563587E-05)}",
        "VehiclesVy": "{(EgoVehicle↦0.0002608523573144339),(Vehicles2↦-0.0002608523573144339),(Vehicles3↦-0.0002608523573144339),(Vehicles4↦-0.0002608523573144339),(Vehicles5↦-0.0002608523573144339)}",
        "VehiclesX": "{(EgoVehicle↦200.0),(Vehicles2↦19.96704190969467),(Vehicles3↦51.82022452354431),(Vehicles4↦78.00850868225098),(Vehicles5↦88.52531909942627)}"
      },
      "probabilisticVariables": null,
      "activating": [
        "SLOWER_31"
      ],
      "activatingOnlyWhenExecuted": true,
      "updating": null,
      "withPredicate": null
    },
    {
      "id": "SLOWER_31",
      "execute": "SLOWER",
      "after": "1000",
      "priority": 0,
      "additionalGuards": null,
      "activationKind": null,
      "fixedVariables": {
        "Crash": "FALSE",
        "VehiclesAy": "{(EgoVehicle↦-0.0002446221549234906),(Vehicles2↦0.0002446221549234906),(Vehicles3↦0.0002446221549234906),(Vehicles4↦0.0002446221549234906),(Vehicles5↦-0.0002770825597053772)}",
        "Reward": "0.7333333333333334",
        "VehiclesAx": "{(EgoVehicle↦0.0),(Vehicles2↦0.011017434298992157),(Vehicles3↦0.01145295798778534),(Vehicles4↦-0.002787262201309204),(Vehicles5↦-0.024637794122099876)}",
        "VehiclesVx": "{(EgoVehicle↦20.0),(Vehicles2↦-0.3925121948122978),(Vehicles3↦0.7024563848972321),(Vehicles4↦0.9234298020601273),(Vehicles5↦-0.1535992417484522)}",
        "VehiclesY": "{(EgoVehicle↦7.999994516372681),(Vehicles2↦5.58805925265915E-06),(Vehicles3↦-7.999994516372681),(Vehicles4↦-3.999994397163391),(Vehicles5↦5.58805925265915E-06)}",
        "VehiclesVy": "{(EgoVehicle↦1.6230202390943305E-05),(Vehicles2↦-1.6230202390943305E-05),(Vehicles3↦-1.6230202390943305E-05),(Vehicles4↦-1.6230202390943305E-05),(Vehicles5↦-1.6230202390943305E-05)}",
        "VehiclesX": "{(EgoVehicle↦200.0),(Vehicles2↦19.56809014081955),(Vehicles3↦52.51579284667969),(Vehicles4↦78.93357276916504),(Vehicles5↦88.38647603988647)}"
      },
      "probabilisticVariables": null,
      "activating": [
        "SLOWER_32"
      ],
      "activatingOnlyWhenExecuted": true,
      "updating": null,
      "withPredicate": null
    },
    {
      "id": "SLOWER_32",
      "execute": "SLOWER",
      "after": "1000",
      "priority": 0,
      "additionalGuards": null,
      "activationKind": null,
      "fixedVariables": {
        "Crash": "FALSE",
        "VehiclesAy": "{(EgoVehicle↦-1.5220361220258383E-05),(Vehicles2↦1.5220361220258383E-05),(Vehicles3↦1.5220361220258383E-05),(Vehicles4↦1.5220361220258383E-05),(Vehicles5↦-1.7240043561628227E-05)}",
        "Reward": "0.7333333333333334",
        "VehiclesAx": "{(EgoVehicle↦0.0),(Vehicles2↦0.008995383977890015),(Vehicles3↦0.01168079674243927),(Vehicles4↦-0.002406984567642212),(Vehicles5↦-0.024246787652373314)}",
        "VehiclesVx": "{(EgoVehicle↦20.0),(Vehicles2↦-0.3835168108344078),(Vehicles3↦0.7141371816396713),(Vehicles4↦0.921022817492485),(Vehicles5↦-0.1778460294008255)}",
        "VehiclesY": "{(EgoVehicle↦7.999999523162842),(Vehicles2↦3.4768836343346265E-07),(Vehicles3↦-7.999999523162842),(Vehicles4↦-3.999999761581421),(Vehicles5↦3.4768836343346265E-07)}",
        "VehiclesVy": "{(EgoVehicle↦1.009841170684922E-06),(Vehicles2↦-1.009841170684922E-06),(Vehicles3↦-1.009841170684922E-06),(Vehicles4↦-1.009841170684922E-06),(Vehicles5↦-1.009841170684922E-06)}",
        "VehiclesX": "{(EgoVehicle↦200.0),(Vehicles2↦19.1793292760849),(Vehicles3↦53.22290658950806),(Vehicles4↦79.85601425170898),(Vehicles5↦88.22314143180847)}"
      },
      "probabilisticVariables": null,
      "activating": [
        "SLOWER_33"
      ],
      "activatingOnlyWhenExecuted": true,
      "updating": null,
      "withPredicate": null
    },
    {
      "id": "SLOWER_33",
      "execute": "SLOWER",
      "after": "1000",
      "priority": 0,
      "additionalGuards": null,
      "activationKind": null,
      "fixedVariables": {
        "Crash": "FALSE",
        "VehiclesAy": "{(EgoVehicle↦-9.470089779028967E-07),(Vehicles2↦9.470089690211125E-07),(Vehicles3↦9.470089690211125E-07),(Vehicles4↦9.470089690211125E-07),(Vehicles5↦-1.0726733723487314E-06)}",
        "Reward": "0.7333333333333334",
        "VehiclesAx": "{(EgoVehicle↦0.0),(Vehicles2↦0.007180757820606232),(Vehicles3↦0.011298805475234985),(Vehicles4↦-0.0006635487079620361),(Vehicles5↦-0.023671630769968033)}",
        "VehiclesVx": "{(EgoVehicle↦20.0),(Vehicles2↦-0.3763360530138016),(Vehicles3↦0.7254359871149063),(Vehicles4↦0.920359268784523),(Vehicles5↦-0.20151766017079353)}",
        "VehiclesY": "{(EgoVehicle↦8.000000238418579),(Vehicles2↦2.163312728953315E-08),(Vehicles3↦-8.000000238418579),(Vehicles4↦-4.0000001192092896),(Vehicles5↦2.163312728953315E-08)}",
        "VehiclesVy": "{(EgoVehicle↦6.283219278202523E-08),(Vehicles2↦-6.283220166380943E-08),(Vehicles3↦-6.283220166380943E-08),(Vehicles4↦-6.283220166380943E-08),(Vehicles5↦-6.283220166380943E-08)}",
        "VehiclesX": "{(EgoVehicle↦200.0),(Vehicles2↦18.798820674419403),(Vehicles3↦53.94164323806763),(Vehicles4↦80.77653646469116),(Vehicles5↦88.03577423095703)}"
      },
      "probabilisticVariables": null,
      "activating": [
        "SLOWER_34"
      ],
      "activatingOnlyWhenExecuted": true,
      "updating": null,
      "withPredicate": null
    },
    {
      "id": "SLOWER_34",
      "execute": "SLOWER",
      "after": "1000",
      "priority": 0,
      "additionalGuards": null,
      "activationKind": null,
      "fixedVariables": {
        "Crash": "FALSE",
        "VehiclesAy": "{(EgoVehicle↦-5.892278664987316E-08),(Vehicles2↦5.892279553165736E-08),(Vehicles3↦5.892279553165736E-08),(Vehicles4↦5.892279553165736E-08),(Vehicles5↦-6.67416077959615E-08)}",
        "Reward": "0.7333333333333334",
        "VehiclesAx": "{(EgoVehicle↦0.0),(Vehicles2↦0.005558431148529053),(Vehicles3↦0.009886175394058228),(Vehicles4↦0.002413615584373474),(Vehicles5↦-0.022927429527044296)}",
        "VehiclesVx": "{(EgoVehicle↦20.0),(Vehicles2↦-0.3707776218652725),(Vehicles3↦0.7353221625089645),(Vehicles4↦0.9227728843688965),(Vehicles5↦-0.22444508969783783)}",
        "VehiclesY": "{(EgoVehicle↦8.000000238418579),(Vehicles2↦1.3460086378813685E-09),(Vehicles3↦-8.000000238418579),(Vehicles4↦-4.0000001192092896),(Vehicles5↦1.3460086378813685E-09)}",
        "VehiclesVy": "{(EgoVehicle↦3.909406132152071E-09),(Vehicles2↦-3.909406132152071E-09),(Vehicles3↦-3.909406132152071E-09),(Vehicles4↦-3.909406132152071E-09),(Vehicles5↦-3.909406132152071E-09)}",
        "VehiclesX": "{(EgoVehicle↦200.0),(Vehicles2↦18.424831330776215),(Vehicles3↦54.67117428779602),(Vehicles4↦81.69761896133423),(Vehicles5↦87.82501816749573)}"
      },
      "probabilisticVariables": null,
      "activating": [
        "SLOWER_35"
      ],
      "activatingOnlyWhenExecuted": true,
      "updating": null,
      "withPredicate": null
    },
    {
      "id": "SLOWER_35",
      "execute": "SLOWER",
      "after": "1000",
      "priority": 0,
      "additionalGuards": null,
      "activationKind": null,
      "fixedVariables": {
        "Crash": "FALSE",
        "VehiclesAy": "{(EgoVehicle↦-3.666151826564601E-09),(Vehicles2↦3.666160708348798E-09),(Vehicles3↦3.666160708348798E-09),(Vehicles4↦3.666160708348798E-09),(Vehicles5↦-4.1526515559553445E-09)}",
        "Reward": "0.7333333333333334",
        "VehiclesAx": "{(EgoVehicle↦0.0),(Vehicles2↦0.004115141928195953),(Vehicles3↦0.007981732487678528),(Vehicles4↦0.005007684230804443),(Vehicles5↦-0.02203064039349556)}",
        "VehiclesVx": "{(EgoVehicle↦20.0),(Vehicles2↦-0.36666247993707657),(Vehicles3↦0.7433038949966431),(Vehicles4↦0.9277805685997009),(Vehicles5↦-0.2464757300913334)}",
        "VehiclesY": "{(EgoVehicle↦8.000000238418579),(Vehicles2↦8.374900772878391E-11),(Vehicles3↦-8.000000238418579),(Vehicles4↦-4.0000001192092896),(Vehicles5↦8.374900772878391E-11)}",
        "VehiclesVy": "{(EgoVehicle↦2.432543055874703E-10),(Vehicles2↦-2.432454238032733E-10),(Vehicles3↦-2.432454238032733E-10),(Vehicles4↦-2.432454238032733E-10),(Vehicles5↦-2.432454238032733E-10)}",
        "VehiclesX": "{(EgoVehicle↦200.0),(Vehicles2↦18.055808544158936),(Vehicles3↦55.40984869003296),(Vehicles4↦82.62222409248352),(Vehicles5↦87.5916838645935)}"
      },
      "probabilisticVariables": null,
      "activating": [
        "SLOWER_36"
      ],
      "activatingOnlyWhenExecuted": true,
      "updating": null,
      "withPredicate": null
    },
    {
      "id": "SLOWER_36",
      "execute": "SLOWER",
      "after": "1000",
      "priority": 0,
      "additionalGuards": null,
      "activationKind": null,
      "fixedVariables": {
        "Crash": "FALSE",
        "VehiclesAy": "{(EgoVehicle↦-2.2811974531578016E-10),(Vehicles2↦2.2811086353158316E-10),(Vehicles3↦2.2811086353158316E-10),(Vehicles4↦2.2811086353158316E-10),(Vehicles5↦-2.5837998407496343E-10)}",
        "Reward": "0.7333333333333334",
        "VehiclesAx": "{(EgoVehicle↦0.0),(Vehicles2↦0.002839416265487671),(Vehicles3↦0.006103441119194031),(Vehicles4↦0.006735324859619141),(Vehicles5↦-0.02099858596920967)}",
        "VehiclesVx": "{(EgoVehicle↦20.0),(Vehicles2↦-0.3638230636715889),(Vehicles3↦0.7494073361158371),(Vehicles4↦0.9345158934593201),(Vehicles5↦-0.26747431606054306)}",
        "VehiclesY": "{(EgoVehicle↦8.000000238418579),(Vehicles2↦5.2091664315412345E-12),(Vehicles3↦-8.000000238418579),(Vehicles4↦-4.0000001192092896),(Vehicles5↦5.2091664315412345E-12)}",
        "VehiclesVy": "{(EgoVehicle↦1.5134560271690134E-11),(Vehicles2↦-1.5134560271690134E-11),(Vehicles3↦-1.5134560271690134E-11),(Vehicles4↦-1.5134560271690134E-11),(Vehicles5↦-1.5134560271690134E-11)}",
        "VehiclesX": "{(EgoVehicle↦200.0),(Vehicles2↦17.690376937389374),(Vehicles3↦56.15573525428772),(Vehicles4↦83.55259299278259),(Vehicles5↦87.3367190361023)}"
      },
      "probabilisticVariables": null,
      "activating": [
        "LANE_RIGHT_37"
      ],
      "activatingOnlyWhenExecuted": true,
      "updating": null,
      "withPredicate": null
    },
    {
      "id": "LANE_RIGHT_37",
      "execute": "LANE_RIGHT",
      "after": "1000",
      "priority": 0,
      "additionalGuards": null,
      "activationKind": null,
      "fixedVariables": {
        "Crash": "FALSE",
        "VehiclesAy": "{(EgoVehicle↦-1.4193091146808001E-11),(Vehicles2↦1.4193091146808001E-11),(Vehicles3↦1.4193091146808001E-11),(Vehicles4↦1.4193091146808001E-11),(Vehicles5↦-1.6076029396572267E-11)}",
        "Reward": "0.7333333333333334",
        "VehiclesAx": "{(EgoVehicle↦0.0),(Vehicles2↦0.001720711588859558),(Vehicles3↦0.004510506987571716),(Vehicles4↦0.0077452510595321655),(Vehicles5↦-0.019849278032779694)}",
        "VehiclesVx": "{(EgoVehicle↦20.0),(Vehicles2↦-0.36210235208272934),(Vehicles3↦0.7539178431034088),(Vehicles4↦0.9422611445188522),(Vehicles5↦-0.28732359409332275)}",
        "VehiclesY": "{(EgoVehicle↦8.000000238418579),(Vehicles2↦3.2240876635114546E-13),(Vehicles3↦-8.000000238418579),(Vehicles4↦-4.0000001192092896),(Vehicles5↦3.2240876635114546E-13)}",
        "VehiclesVy": "{(EgoVehicle↦9.414691248821327E-13),(Vehicles2↦-9.414691248821327E-13),(Vehicles3↦-9.414691248821327E-13),(Vehicles4↦-9.414691248821327E-13),(Vehicles5↦-9.414691248821327E-13)}",
        "VehiclesX": "{(EgoVehicle↦200.0),(Vehicles2↦17.32732504606247),(Vehicles3↦56.907057762145996),(Vehicles4↦84.49015021324158),(Vehicles5↦87.06121444702148)}"
      },
      "probabilisticVariables": null,
      "activating": [
        "SLOWER_38"
      ],
      "activatingOnlyWhenExecuted": true,
      "updating": null,
      "withPredicate": null
    },
    {
      "id": "SLOWER_38",
      "execute": "SLOWER",
      "after": "1000",
      "priority": 0,
      "additionalGuards": null,
      "activationKind": null,
      "fixedVariables": {
        "Crash": "FALSE",
        "VehiclesAy": "{(EgoVehicle↦-8.881784197001252E-13),(Vehicles2↦8.881784197001252E-13),(Vehicles3↦8.881784197001252E-13),(Vehicles4↦8.881784197001252E-13),(Vehicles5↦-9.947598300641403E-13)}",
        "Reward": "0.7333333333333334",
        "VehiclesAx": "{(EgoVehicle↦0.0),(Vehicles2↦0.0007496029138565063),(Vehicles3↦0.0032730400562286377),(Vehicles4↦0.008280649781227112),(Vehicles5↦-0.018601063638925552)}",
        "VehiclesVx": "{(EgoVehicle↦20.0),(Vehicles2↦-0.36135274916887283),(Vehicles3↦0.7571908831596375),(Vehicles4↦0.9505417943000793),(Vehicles5↦-0.3059246577322483)}",
        "VehiclesY": "{(EgoVehicle↦8.000000238418579),(Vehicles2↦1.865174681370263E-14),(Vehicles3↦-8.000000238418579),(Vehicles4↦-4.0000001192092896),(Vehicles5↦1.865174681370263E-14)}",
        "VehiclesVy": "{(EgoVehicle↦5.3290705182007514E-14),(Vehicles2↦-5.3290705182007514E-14),(Vehicles3↦-5.3290705182007514E-14),(Vehicles4↦-5.3290705182007514E-14),(Vehicles5↦-5.3290705182007514E-14)}",
        "VehiclesX": "{(EgoVehicle↦200.0),(Vehicles2↦16.96559488773346),(Vehicles3↦57.662367820739746),(Vehicles4↦85.43569445610046),(Vehicles5↦86.76634430885315)}"
      },
      "probabilisticVariables": null,
      "activating": [
        "LANE_LEFT_39"
      ],
      "activatingOnlyWhenExecuted": true,
      "updating": null,
      "withPredicate": null
    },
    {
      "id": "LANE_LEFT_39",
      "execute": "LANE_LEFT",
      "after": "1000",
      "priority": 0,
      "additionalGuards": null,
      "activationKind": null,
      "fixedVariables": {
        "Crash": "FALSE",
        "VehiclesAy": "{(EgoVehicle↦-1.1458635330200728),(Vehicles2↦1.1458635330200728),(Vehicles3↦1.1458635330200728),(Vehicles4↦1.1458635330200728),(Vehicles5↦1.1458635330199662)}",
        "Reward": "0.7000000000000001",
        "VehiclesAx": "{(EgoVehicle↦-0.0328516960144043),(Vehicles2↦0.03276906907558441),(Vehicles3↦0.035218074917793274),(Vehicles4↦0.041392743587493896),(Vehicles5↦0.015579909086227417)}",
        "VehiclesVx": "{(EgoVehicle↦19.967148303985596),(Vehicles2↦-0.3285836800932884),(Vehicles3↦0.7924089580774307),(Vehicles4↦0.9919345378875732),(Vehicles5↦-0.2903447486460209)}",
        "VehiclesY": "{(EgoVehicle↦4.396300435066223),(Vehicles2↦3.6036994457244873),(Vehicles3↦-4.396300435066223),(Vehicles4↦-0.39630044996738434),(Vehicles5↦3.6036994457244873)}",
        "VehiclesVy": "{(EgoVehicle↦-1.1458635330200195),(Vehicles2↦1.1458635330200195),(Vehicles3↦1.1458635330200195),(Vehicles4↦1.1458635330200195),(Vehicles5↦1.1458635330200195)}",
        "VehiclesX": "{(EgoVehicle↦200.0),(Vehicles2↦16.990864276885986),(Vehicles3↦58.80715847015381),(Vehicles4↦86.77622675895691),(Vehicles5↦86.8399977684021)}"
      },
      "probabilisticVariables": null,
      "activating": [
        "LANE_RIGHT_40"
      ],
      "activatingOnlyWhenExecuted": true,
      "updating": null,
      "withPredicate": null
    },
    {
      "id": "LANE_RIGHT_40",
      "execute": "LANE_RIGHT",
      "after": "1000",
      "priority": 0,
      "additionalGuards": null,
      "activationKind": null,
      "fixedVariables": {
        "Crash": "FALSE",
        "VehiclesAy": "{(EgoVehicle↦2.2204431146383286),(Vehicles2↦-2.2204431146383286),(Vehicles3↦-2.2204431146383286),(Vehicles4↦-2.2204431146383286),(Vehicles5↦0.07128395140171051)}",
        "Reward": "0.7333333333333334",
        "VehiclesAx": "{(EgoVehicle↦0.003962516784667969),(Vehicles2↦-0.004748590290546417),(Vehicles3↦-0.0022327154874801636),(Vehicles4↦-1.3021229580044746),(Vehicles5↦1.2869726307690144)}",
        "VehiclesVx": "{(EgoVehicle↦19.971110820770264),(Vehicles2↦-0.33333227038383484),(Vehicles3↦0.7901762425899506),(Vehicles4↦-0.3101884201169014),(Vehicles5↦0.9966278821229935)}",
        "VehiclesY": "{(EgoVehicle↦7.628213882446289),(Vehicles2↦0.3717864453792572),(Vehicles3↦-7.628213882446289),(Vehicles4↦0.3717864453792572),(Vehicles5↦-3.628213405609131)}",
        "VehiclesVy": "{(EgoVehicle↦1.074579581618309),(Vehicles2↦-1.074579581618309),(Vehicles3↦-1.074579581618309),(Vehicles4↦-1.074579581618309),(Vehicles5↦-1.074579581618309)}",
        "VehiclesX": "{(EgoVehicle↦200.0),(Vehicles2↦16.93856567144394),(Vehicles3↦59.876853227615356),(Vehicles4↦86.81973218917847),(Vehicles5↦88.04817199707031)}"
      },
      "probabilisticVariables": null,
      "activating": [
        "LANE_RIGHT_41"
      ],
      "activatingOnlyWhenExecuted": true,
      "updating": null,
      "withPredicate": null
    },
    {
      "id": "LANE_RIGHT_41",
      "execute": "LANE_RIGHT",
      "after": "1000",
      "priority": 0,
      "additionalGuards": null,
      "activationKind": null,
      "fixedVariables": {
        "Crash": "FALSE",
        "VehiclesAy": "{(EgoVehicle↦-1.0072025284171104),(Vehicles2↦1.0072025284171104),(Vehicles3↦1.0072025284171104),(Vehicles4↦1.0072025284171104),(Vehicles5↦-1.1419566348195076)}",
        "Reward": "0.7333333333333334",
        "VehiclesAx": "{(EgoVehicle↦0.028775930404663086),(Vehicles2↦-0.030141323804855347),(Vehicles3↦-0.027470514178276062),(Vehicles4↦-0.04321873188018799),(Vehicles5↦-0.020071566104888916)}",
        "VehiclesVx": "{(EgoVehicle↦19.999886751174927),(Vehicles2↦-0.3634735941886902),(Vehicles3↦0.7627057284116745),(Vehicles4↦-0.3534071519970894),(Vehicles5↦0.9765563160181046)}",
        "VehiclesY": "{(EgoVehicle↦7.976800918579102),(Vehicles2↦0.023198737297207117),(Vehicles3↦-7.976800918579102),(Vehicles4↦0.023198737297207117),(Vehicles5↦-3.9768011569976807)}",
        "VehiclesVy": "{(EgoVehicle↦0.06737705320119858),(Vehicles2↦-0.06737705320119858),(Vehicles3↦-0.06737705320119858),(Vehicles4↦-0.06737705320119858),(Vehicles5↦-0.06737705320119858)}",
        "VehiclesX": "{(EgoVehicle↦200.0),(Vehicles2↦16.58049076795578),(Vehicles3↦60.64333915710449),(Vehicles4↦86.4794135093689),(Vehicles5↦89.02403712272644)}"
      },
      "probabilisticVariables": null,
      "activating": [
        "SLOWER_42"
      ],
      "activatingOnlyWhenExecuted": true,
      "updating": null,
      "withPredicate": null
    },
    {
      "id": "SLOWER_42",
      "execute": "SLOWER",
      "after": "1000",
      "priority": 0,
      "additionalGuards": null,
      "activationKind": null,
      "fixedVariables": {
        "Crash": "FALSE",
        "VehiclesAy": "{(EgoVehicle↦-0.06318462692433968),(Vehicles2↦0.06318462692433968),(Vehicles3↦0.06318462692433968),(Vehicles4↦0.06318462692433968),(Vehicles5↦-0.07156947947805747)}",
        "Reward": "0.7333333333333334",
        "VehiclesAx": "{(EgoVehicle↦0.00011324882507324219),(Vehicles2↦-0.0019453838467597961),(Vehicles3↦0.0009252876043319702),(Vehicles4↦-0.013090074062347412),(Vehicles5↦0.008608698844909668)}",
        "VehiclesVx": "{(EgoVehicle↦20.0),(Vehicles2↦-0.36541897803545),(Vehicles3↦0.7636310160160065),(Vehicles4↦-0.3664972260594368),(Vehicles5↦0.9851650148630142)}",
        "VehiclesY": "{(EgoVehicle↦7.998556852340698),(Vehicles2↦0.0014434528711717576),(Vehicles3↦-7.998556852340698),(Vehicles4↦0.0014434528711717576),(Vehicles5↦-3.99855637550354)}",
        "VehiclesVy": "{(EgoVehicle↦0.004192426276858896),(Vehicles2↦-0.004192426276858896),(Vehicles3↦-0.004192426276858896),(Vehicles4↦-0.004192426276858896),(Vehicles5↦-0.004192426276858896)}",
        "VehiclesX": "{(EgoVehicle↦200.0),(Vehicles2↦16.21622145175934),(Vehicles3↦61.40637993812561),(Vehicles4↦86.12059950828552),(Vehicles5↦90.00398516654968)}"
      },
      "probabilisticVariables": null,
      "activating": [
        "SLOWER_43"
      ],
      "activatingOnlyWhenExecuted": true,
      "updating": null,
      "withPredicate": null
    },
    {
      "id": "SLOWER_43",
      "execute": "SLOWER",
      "after": "1000",
      "priority": 0,
      "additionalGuards": null,
      "activationKind": null,
      "fixedVariables": {
        "Crash": "FALSE",
        "VehiclesAy": "{(EgoVehicle↦-0.003931573919544462),(Vehicles2↦0.003931573919544462),(Vehicles3↦0.003931573919544462),(Vehicles4↦0.003931573919544462),(Vehicles5↦-0.00445327863417333)}",
        "Reward": "0.7333333333333334",
        "VehiclesAx": "{(EgoVehicle↦0.0),(Vehicles2↦-0.0021929293870925903),(Vehicles3↦0.0008913129568099976),(Vehicles4↦-0.01149732619524002),(Vehicles5↦0.008727461099624634)}",
        "VehiclesVx": "{(EgoVehicle↦20.0),(Vehicles2↦-0.36761190742254257),(Vehicles3↦0.7645223289728165),(Vehicles4↦-0.3779945522546768),(Vehicles5↦0.9938924759626389)}",
        "VehiclesY": "{(EgoVehicle↦7.999910116195679),(Vehicles2↦8.981147584563587E-05),(Vehicles3↦-7.999910116195679),(Vehicles4↦8.981147584563587E-05),(Vehicles5↦-3.999910354614258)}",
        "VehiclesVy": "{(EgoVehicle↦0.0002608523573144339),(Vehicles2↦-0.0002608523573144339),(Vehicles3↦-0.0002608523573144339),(Vehicles4↦-0.0002608523573144339),(Vehicles5↦-0.0002608523573144339)}",
        "VehiclesX": "{(EgoVehicle↦200.0),(Vehicles2↦15.849950909614563),(Vehicles3↦62.170374393463135),(Vehicles4↦85.74938774108887),(Vehicles5↦90.99264144897461)}"
      },
      "probabilisticVariables": null,
      "activating": [
        "SLOWER_44"
      ],
      "activatingOnlyWhenExecuted": true,
      "updating": null,
      "withPredicate": null
    },
    {
      "id": "SLOWER_44",
      "execute": "SLOWER",
      "after": "1000",
      "priority": 0,
      "additionalGuards": null,
      "activationKind": null,
      "fixedVariables": {
        "Crash": "FALSE",
        "VehiclesAy": "{(EgoVehicle↦-0.0002446221549234906),(Vehicles2↦0.0002446221549234906),(Vehicles3↦0.0002446221549234906),(Vehicles4↦0.0002446221549234906),(Vehicles5↦-0.0002770825597053772)}",
        "Reward": "0.7333333333333334",
        "VehiclesAx": "{(EgoVehicle↦0.0),(Vehicles2↦-0.0024538859724998474),(Vehicles3↦0.000837668776512146),(Vehicles4↦-0.010016895830631256),(Vehicles5↦0.008728280663490295)}",
        "VehiclesVx": "{(EgoVehicle↦20.0),(Vehicles2↦-0.3700657933950424),(Vehicles3↦0.7653599977493286),(Vehicles4↦-0.3880114480853081),(Vehicles5↦1.0026207566261292)}",
        "VehiclesY": "{(EgoVehicle↦7.999994516372681),(Vehicles2↦5.58805925265915E-06),(Vehicles3↦-7.999994516372681),(Vehicles4↦5.58805925265915E-06),(Vehicles5↦-3.999994397163391)}",
        "VehiclesVy": "{(EgoVehicle↦1.6230202390943305E-05),(Vehicles2↦-1.6230202390943305E-05),(Vehicles3↦-1.6230202390943305E-05),(Vehicles4↦-1.6230202390943305E-05),(Vehicles5↦-1.6230202390943305E-05)}",
        "VehiclesX": "{(EgoVehicle↦200.0),(Vehicles2↦15.48137366771698),(Vehicles3↦62.9352331161499),(Vehicles4↦85.36726832389832),(Vehicles5↦91.99002981185913)}"
      },
      "probabilisticVariables": null,
      "activating": [
        "SLOWER_45"
      ],
      "activatingOnlyWhenExecuted": true,
      "updating": null,
      "withPredicate": null
    },
    {
      "id": "SLOWER_45",
      "execute": "SLOWER",
      "after": "1000",
      "priority": 0,
      "additionalGuards": null,
      "activationKind": null,
      "fixedVariables": {
        "Crash": "FALSE",
        "VehiclesAy": "{(EgoVehicle↦-1.5220361220258383E-05),(Vehicles2↦1.5220361220258383E-05),(Vehicles3↦1.5220361220258383E-05),(Vehicles4↦1.5220361220258383E-05),(Vehicles5↦-1.7240043561628227E-05)}",
        "Reward": "0.7333333333333334",
        "VehiclesAx": "{(EgoVehicle↦0.0),(Vehicles2↦-0.0026240572333335876),(Vehicles3↦0.0008565932512283325),(Vehicles4↦-0.008549764752388),(Vehicles5↦0.008724108338356018)}",
        "VehiclesVx": "{(EgoVehicle↦20.0),(Vehicles2↦-0.372689850628376),(Vehicles3↦0.766216591000557),(Vehicles4↦-0.3965612128376961),(Vehicles5↦1.0113448649644852)}",
        "VehiclesY": "{(EgoVehicle↦7.999999523162842),(Vehicles2↦3.4768836343346265E-07),(Vehicles3↦-7.999999523162842),(Vehicles4↦3.4768836343346265E-07),(Vehicles5↦-3.999999761581421)}",
        "VehiclesVy": "{(EgoVehicle↦1.009841170684922E-06),(Vehicles2↦-1.009841170684922E-06),(Vehicles3↦-1.009841170684922E-06),(Vehicles4↦-1.009841170684922E-06),(Vehicles5↦-1.009841170684922E-06)}",
        "VehiclesX": "{(EgoVehicle↦200.0),(Vehicles2↦15.11026918888092),(Vehicles3↦63.700932264328),(Vehicles4↦84.9757194519043),(Vehicles5↦92.99613833427429)}"
      },
      "probabilisticVariables": null,
      "activating": [
        "SLOWER_46"
      ],
      "activatingOnlyWhenExecuted": true,
      "updating": null,
      "withPredicate": null
    },
    {
      "id": "SLOWER_46",
      "execute": "SLOWER",
      "after": "1000",
      "priority": 0,
      "additionalGuards": null,
      "activationKind": null,
      "fixedVariables": {
        "Crash": "FALSE",
        "VehiclesAy": "{(EgoVehicle↦-9.470089779028967E-07),(Vehicles2↦9.470089690211125E-07),(Vehicles3↦9.470089690211125E-07),(Vehicles4↦9.470089690211125E-07),(Vehicles5↦-1.0726733723487314E-06)}",
        "Reward": "0.7333333333333334",
        "VehiclesAx": "{(EgoVehicle↦0.0),(Vehicles2↦-0.0027103349566459656),(Vehicles3↦0.000934898853302002),(Vehicles4↦-0.0071067363023757935),(Vehicles5↦0.00871412456035614)}",
        "VehiclesVx": "{(EgoVehicle↦20.0),(Vehicles2↦-0.375400185585022),(Vehicles3↦0.767151489853859),(Vehicles4↦-0.40366794914007187),(Vehicles5↦1.0200589895248413)}",
        "VehiclesY": "{(EgoVehicle↦8.000000238418579),(Vehicles2↦2.163312728953315E-08),(Vehicles3↦-8.000000238418579),(Vehicles4↦2.163312728953315E-08),(Vehicles5↦-4.0000001192092896)}",
        "VehiclesVy": "{(EgoVehicle↦6.283219278202523E-08),(Vehicles2↦-6.283220166380943E-08),(Vehicles3↦-6.283220166380943E-08),(Vehicles4↦-6.283220166380943E-08),(Vehicles5↦-6.283220166380943E-08)}",
        "VehiclesX": "{(EgoVehicle↦200.0),(Vehicles2↦14.736498892307281),(Vehicles3↦64.46751356124878),(Vehicles4↦84.57620143890381),(Vehicles5↦94.01096701622009)}"
      },
      "probabilisticVariables": null,
      "activating": [
        "SLOWER_47"
      ],
      "activatingOnlyWhenExecuted": true,
      "updating": null,
      "withPredicate": null
    },
    {
      "id": "SLOWER_47",
      "execute": "SLOWER",
      "after": "1000",
      "priority": 0,
      "additionalGuards": null,
      "activationKind": null,
      "fixedVariables": {
        "Crash": "FALSE",
        "VehiclesAy": "{(EgoVehicle↦-5.892278664987316E-08),(Vehicles2↦7.669577861690868E-08),(Vehicles3↦5.892279553165736E-08),(Vehicles4↦5.892279553165736E-08),(Vehicles5↦-6.67416077959615E-08)}",
        "Reward": "0.7333333333333334",
        "VehiclesAx": "{(EgoVehicle↦0.0),(Vehicles2↦2.1411941945552826),(Vehicles3↦-1.1452716588974),(Vehicles4↦1.171882264316082),(Vehicles5↦-1.4294244721531868)}",
        "VehiclesVx": "{(EgoVehicle↦20.0),(Vehicles2↦1.7657940089702606),(Vehicles3↦-0.37812016904354095),(Vehicles4↦0.7682143151760101),(Vehicles5↦-0.4093654826283455)}",
        "VehiclesY": "{(EgoVehicle↦8.000000238418579),(Vehicles2↦-4.0000001192092896),(Vehicles3↦1.3460086378813685E-09),(Vehicles4↦-8.000000238418579),(Vehicles5↦1.3460086378813685E-09)}",
        "VehiclesVy": "{(EgoVehicle↦3.909406132152071E-09),(Vehicles2↦1.3863576953099255E-08),(Vehicles3↦-3.909406132152071E-09),(Vehicles4↦-3.909406132152071E-09),(Vehicles5↦-3.909406132152071E-09)}",
        "VehiclesX": "{(EgoVehicle↦200.0),(Vehicles2↦-8.91951471567154),(Vehicles3↦14.360009133815765),(Vehicles4↦65.23507833480835),(Vehicles5↦84.17014479637146)}"
      },
      "probabilisticVariables": null,
      "activating": [
        "SLOWER_48"
      ],
      "activatingOnlyWhenExecuted": true,
      "updating": null,
      "withPredicate": null
    },
    {
      "id": "SLOWER_48",
      "execute": "SLOWER",
      "after": "1000",
      "priority": 0,
      "additionalGuards": null,
      "activationKind": null,
      "fixedVariables": {
        "Crash": "FALSE",
        "VehiclesAy": "{(EgoVehicle↦-3.666151826564601E-09),(Vehicles2↦-1.3205525561943432E-08),(Vehicles3↦3.666160708348798E-09),(Vehicles4↦3.666160708348798E-09),(Vehicles5↦-4.1526515559553445E-09)}",
        "Reward": "0.7333333333333334",
        "VehiclesAx": "{(EgoVehicle↦0.0),(Vehicles2↦0.03141149878501892),(Vehicles3↦-0.002660006284713745),(Vehicles4↦0.0012326240539550781),(Vehicles5↦-0.004330538213253021)}",
        "VehiclesVx": "{(EgoVehicle↦20.0),(Vehicles2↦1.7972055077552795),(Vehicles3↦-0.3807801753282547),(Vehicles4↦0.7694469392299652),(Vehicles5↦-0.4136960208415985)}",
        "VehiclesY": "{(EgoVehicle↦8.000000238418579),(Vehicles2↦-4.0000001192092896),(Vehicles3↦8.374900772878391E-11),(Vehicles4↦-8.000000238418579),(Vehicles5↦8.374900772878391E-11)}",
        "VehiclesVy": "{(EgoVehicle↦2.432543055874703E-10),(Vehicles2↦6.580513911558228E-10),(Vehicles3↦-2.432454238032733E-10),(Vehicles4↦-2.432454238032733E-10),(Vehicles5↦-2.432454238032733E-10)}",
        "VehiclesX": "{(EgoVehicle↦200.0),(Vehicles2↦-7.139107584953308),(Vehicles3↦13.980816304683685),(Vehicles4↦66.00377559661865),(Vehicles5↦83.75893831253052)}"
      },
      "probabilisticVariables": null,
      "activating": [
        "SLOWER_49"
      ],
      "activatingOnlyWhenExecuted": true,
      "updating": null,
      "withPredicate": null
    },
    {
      "id": "SLOWER_49",
      "execute": "SLOWER",
      "after": "1000",
      "priority": 0,
      "additionalGuards": null,
      "activationKind": null,
      "fixedVariables": {
        "Crash": "FALSE",
        "VehiclesAy": "{(EgoVehicle↦-2.2811974531578016E-10),(Vehicles2↦-6.276046349285025E-10),(Vehicles3↦2.2811086353158316E-10),(Vehicles4↦2.2811086353158316E-10),(Vehicles5↦-2.5837998407496343E-10)}",
        "Reward": "0.7333333333333334",
        "VehiclesAx": "{(EgoVehicle↦0.0),(Vehicles2↦0.011573582887649536),(Vehicles3↦-0.002537369728088379),(Vehicles4↦0.001438036561012268),(Vehicles5↦-0.0030126050114631653)}",
        "VehiclesVx": "{(EgoVehicle↦20.0),(Vehicles2↦1.808779090642929),(Vehicles3↦-0.3833175450563431),(Vehicles4↦0.7708849757909775),(Vehicles5↦-0.4167086258530617)}",
        "VehiclesY": "{(EgoVehicle↦8.000000238418579),(Vehicles2↦-4.0000001192092896),(Vehicles3↦5.2091664315412345E-12),(Vehicles4↦-8.000000238418579),(Vehicles5↦5.2091664315412345E-12)}",
        "VehiclesVy": "{(EgoVehicle↦1.5134560271690134E-11),(Vehicles2↦3.044675622732029E-11),(Vehicles3↦-1.5134560271690134E-11),(Vehicles4↦-1.5134560271690134E-11),(Vehicles5↦-1.5134560271690134E-11)}",
        "VehiclesX": "{(EgoVehicle↦200.0),(Vehicles2↦-5.3360868245363235),(Vehicles3↦13.599009811878204),(Vehicles4↦66.77377820014954),(Vehicles5↦83.34393501281738)}"
      },
      "probabilisticVariables": null,
      "activating": [
        "LANE_RIGHT_50"
      ],
      "activatingOnlyWhenExecuted": true,
      "updating": null,
      "withPredicate": null
    },
    {
      "id": "LANE_RIGHT_50",
      "execute": "LANE_RIGHT",
      "after": "1000",
      "priority": 0,
      "additionalGuards": null,
      "activationKind": null,
      "fixedVariables": {
        "Crash": "FALSE",
        "VehiclesAy": "{(EgoVehicle↦-1.4193091146808001E-11),(Vehicles2↦-2.9096725029376103E-11),(Vehicles3↦1.4193091146808001E-11),(Vehicles4↦1.4193091146808001E-11),(Vehicles5↦-1.6076029396572267E-11)}",
        "Reward": "0.7333333333333334",
        "VehiclesAx": "{(EgoVehicle↦0.0),(Vehicles2↦0.0001391768455505371),(Vehicles3↦-0.0023587793111801147),(Vehicles4↦0.0016736239194869995),(Vehicles5↦-0.0017493218183517456)}",
        "VehiclesVx": "{(EgoVehicle↦20.0),(Vehicles2↦1.8089182674884796),(Vehicles3↦-0.3856763243675232),(Vehicles4↦0.7725585997104645),(Vehicles5↦-0.4184579476714134)}",
        "VehiclesY": "{(EgoVehicle↦8.000000238418579),(Vehicles2↦-4.0000001192092896),(Vehicles3↦3.2240876635114546E-13),(Vehicles4↦-8.000000238418579),(Vehicles5↦3.2240876635114546E-13)}",
        "VehiclesVy": "{(EgoVehicle↦9.414691248821327E-13),(Vehicles2↦1.3500311979441904E-12),(Vehicles3↦-9.414691248821327E-13),(Vehicles4↦-9.414691248821327E-13),(Vehicles5↦-9.414691248821327E-13)}",
        "VehiclesX": "{(EgoVehicle↦200.0),(Vehicles2↦-3.52657251060009),(Vehicles3↦13.214732706546783),(Vehicles4↦67.54531264305115),(Vehicles5↦82.92642831802368)}"
      },
      "probabilisticVariables": null,
      "activating": [
        "LANE_RIGHT_51"
      ],
      "activatingOnlyWhenExecuted": true,
      "updating": null,
      "withPredicate": null
    },
    {
      "id": "LANE_RIGHT_51",
      "execute": "LANE_RIGHT",
      "after": "1000",
      "priority": 0,
      "additionalGuards": null,
      "activationKind": null,
      "fixedVariables": {
        "Crash": "FALSE",
        "VehiclesAy": "{(EgoVehicle↦-8.881784197001252E-13),(Vehicles2↦-1.2967404927621828E-12),(Vehicles3↦8.881784197001252E-13),(Vehicles4↦8.881784197001252E-13),(Vehicles5↦-9.947598300641403E-13)}",
        "Reward": "0.7333333333333334",
        "VehiclesAx": "{(EgoVehicle↦0.0),(Vehicles2↦-0.006383657455444336),(Vehicles3↦-0.002130642533302307),(Vehicles4↦0.0019344687461853027),(Vehicles5↦-0.0005449727177619934)}",
        "VehiclesVx": "{(EgoVehicle↦20.0),(Vehicles2↦1.8025346100330353),(Vehicles3↦-0.3878069669008255),(Vehicles4↦0.7744930684566498),(Vehicles5↦-0.4190029203891754)}",
        "VehiclesY": "{(EgoVehicle↦8.000000238418579),(Vehicles2↦-4.0000001192092896),(Vehicles3↦1.865174681370263E-14),(Vehicles4↦-8.000000238418579),(Vehicles5↦1.865174681370263E-14)}",
        "VehiclesVy": "{(EgoVehicle↦5.3290705182007514E-14),(Vehicles2↦5.3290705182007514E-14),(Vehicles3↦-5.3290705182007514E-14),(Vehicles4↦-5.3290705182007514E-14),(Vehicles5↦-5.3290705182007514E-14)}",
        "VehiclesX": "{(EgoVehicle↦200.0),(Vehicles2↦-1.719822734594345),(Vehicles3↦12.8281831741333),(Vehicles4↦68.31862330436707),(Vehicles5↦82.50765800476074)}"
      },
      "probabilisticVariables": null,
      "activating": [
        "LANE_RIGHT_52"
      ],
      "activatingOnlyWhenExecuted": true,
      "updating": null,
      "withPredicate": null
    },
    {
      "id": "LANE_RIGHT_52",
      "execute": "LANE_RIGHT",
      "after": "1000",
      "priority": 0,
      "additionalGuards": null,
      "activationKind": null,
      "fixedVariables": {
        "Crash": "FALSE",
        "VehiclesAy": "{(EgoVehicle↦-5.3290705182007514E-14),(Vehicles2↦-3.552713678800501E-14),(Vehicles3↦5.3290705182007514E-14),(Vehicles4↦5.3290705182007514E-14),(Vehicles5↦-5.3290705182007514E-14)}",
        "Reward": "0.7333333333333334",
        "VehiclesAx": "{(EgoVehicle↦0.0),(Vehicles2↦-0.010050088167190552),(Vehicles3↦-0.0018593668937683105),(Vehicles4↦0.0022161751985549927),(Vehicles5↦0.0005973502993583679)}",
        "VehiclesVx": "{(EgoVehicle↦20.0),(Vehicles2↦1.7924845218658447),(Vehicles3↦-0.3896663337945938),(Vehicles4↦0.7767092436552048),(Vehicles5↦-0.41840557008981705)}",
        "VehiclesY": "{(EgoVehicle↦8.000000238418579),(Vehicles2↦-4.0000001192092896),(Vehicles3↦2.6645352591003757E-15),(Vehicles4↦-8.000000238418579),(Vehicles5↦2.6645352591003757E-15)}",
        "VehiclesVy": "{(EgoVehicle↦0.0),(Vehicles2↦1.7763568394002505E-14),(Vehicles3↦0.0),(Vehicles4↦0.0),(Vehicles5↦0.0)}",
        "VehiclesX": "{(EgoVehicle↦200.0),(Vehicles2↦0.07890576380304992),(Vehicles3↦12.439609318971634),(Vehicles4↦69.09397840499878),(Vehicles5↦82.08880424499512)}"
      },
      "probabilisticVariables": null,
      "activating": [
        "LANE_RIGHT_53"
      ],
      "activatingOnlyWhenExecuted": true,
      "updating": null,
      "withPredicate": null
    },
    {
      "id": "LANE_RIGHT_53",
      "execute": "LANE_RIGHT",
      "after": "1000",
      "priority": 0,
      "additionalGuards": null,
      "activationKind": null,
      "fixedVariables": {
        "Crash": "FALSE",
        "VehiclesAy": "{(EgoVehicle↦0.0),(Vehicles2↦-1.7763568394002505E-14),(Vehicles3↦0.0),(Vehicles4↦0.0),(Vehicles5↦0.0)}",
        "Reward": "0.7333333333333334",
        "VehiclesAx": "{(EgoVehicle↦0.0),(Vehicles2↦-0.012059807777404785),(Vehicles3↦-0.0015507638454437256),(Vehicles4↦0.0025144219398498535),(Vehicles5↦0.0016754865646362305)}",
        "VehiclesVx": "{(EgoVehicle↦20.0),(Vehicles2↦1.78042471408844),(Vehicles3↦-0.39121709764003754),(Vehicles4↦0.7792236655950546),(Vehicles5↦-0.4167300835251808)}",
        "VehiclesY": "{(EgoVehicle↦8.000000238418579),(Vehicles2↦-4.0000001192092896),(Vehicles3↦2.6645352591003757E-15),(Vehicles4↦-8.000000238418579),(Vehicles5↦2.6645352591003757E-15)}",
        "VehiclesVy": "{(EgoVehicle↦0.0),(Vehicles2↦0.0),(Vehicles3↦0.0),(Vehicles4↦0.0),(Vehicles5↦0.0)}",
        "VehiclesX": "{(EgoVehicle↦200.0),(Vehicles2↦1.8666809424757957),(Vehicles3↦12.049297243356705),(Vehicles4↦69.87167000770569),(Vehicles5↦81.67098760604858)}"
      },
      "probabilisticVariables": null,
      "activating": [
        "LANE_RIGHT_54"
      ],
      "activatingOnlyWhenExecuted": true,
      "updating": null,
      "withPredicate": null
    },
    {
      "id": "LANE_RIGHT_54",
      "execute": "LANE_RIGHT",
      "after": "1000",
      "priority": 0,
      "additionalGuards": null,
      "activationKind": null,
      "fixedVariables": {
        "Crash": "FALSE",
        "VehiclesAy": "{(EgoVehicle↦0.0),(Vehicles2↦0.0),(Vehicles3↦0.0),(Vehicles4↦0.0),(Vehicles5↦0.0)}",
        "Reward": "0.7333333333333334",
        "VehiclesAx": "{(EgoVehicle↦0.0),(Vehicles2↦-0.013107359409332275),(Vehicles3↦-0.001210533082485199),(Vehicles4↦0.0028252601623535156),(Vehicles5↦0.002688392996788025)}",
        "VehiclesVx": "{(EgoVehicle↦20.0),(Vehicles2↦1.7673173546791077),(Vehicles3↦-0.39242763072252274),(Vehicles4↦0.7820489257574081),(Vehicles5↦-0.4140416905283928)}",
        "VehiclesY": "{(EgoVehicle↦8.000000238418579),(Vehicles2↦-4.0000001192092896),(Vehicles3↦2.6645352591003757E-15),(Vehicles4↦-8.000000238418579),(Vehicles5↦2.6645352591003757E-15)}",
        "VehiclesVy": "{(EgoVehicle↦0.0),(Vehicles2↦0.0),(Vehicles3↦0.0),(Vehicles4↦0.0),(Vehicles5↦0.0)}",
        "VehiclesX": "{(EgoVehicle↦200.0),(Vehicles2↦3.641919791698456),(Vehicles3↦11.657567322254181),(Vehicles4↦70.65199613571167),(Vehicles5↦81.25525116920471)}"
      },
      "probabilisticVariables": null,
      "activating": [
        "LANE_RIGHT_55"
      ],
      "activatingOnlyWhenExecuted": true,
      "updating": null,
      "withPredicate": null
    },
    {
      "id": "LANE_RIGHT_55",
      "execute": "LANE_RIGHT",
      "after": "1000",
      "priority": 0,
      "additionalGuards": null,
      "activationKind": null,
      "fixedVariables": {
        "Crash": "FALSE",
        "VehiclesAy": "{(EgoVehicle↦0.0),(Vehicles2↦0.0),(Vehicles3↦0.0),(Vehicles4↦0.0),(Vehicles5↦0.0)}",
        "Reward": "0.7333333333333334",
        "VehiclesAx": "{(EgoVehicle↦0.0),(Vehicles2↦-0.013595819473266602),(Vehicles3↦-0.0008441507816314697),(Vehicles4↦0.0031450390815734863),(Vehicles5↦0.0036357343196868896)}",
        "VehiclesVx": "{(EgoVehicle↦20.0),(Vehicles2↦1.753721535205841),(Vehicles3↦-0.3932717815041542),(Vehicles4↦0.7851939648389816),(Vehicles5↦-0.4104059562087059)}",
        "VehiclesY": "{(EgoVehicle↦8.000000238418579),(Vehicles2↦-4.0000001192092896),(Vehicles3↦2.6645352591003757E-15),(Vehicles4↦-8.000000238418579),(Vehicles5↦2.6645352591003757E-15)}",
        "VehiclesVy": "{(EgoVehicle↦0.0),(Vehicles2↦0.0),(Vehicles3↦0.0),(Vehicles4↦0.0),(Vehicles5↦0.0)}",
        "VehiclesX": "{(EgoVehicle↦200.0),(Vehicles2↦5.403822287917137),(Vehicles3↦11.264771968126297),(Vehicles4↦71.43527865409851),(Vehicles5↦80.84259033203125)}"
      },
      "probabilisticVariables": null,
      "activating": [
        "LANE_RIGHT_56"
      ],
      "activatingOnlyWhenExecuted": true,
      "updating": null,
      "withPredicate": null
    },
    {
      "id": "LANE_RIGHT_56",
      "execute": "LANE_RIGHT",
      "after": "1000",
      "priority": 0,
      "additionalGuards": null,
      "activationKind": null,
      "fixedVariables": {
        "Crash": "FALSE",
        "VehiclesAy": "{(EgoVehicle↦0.0),(Vehicles2↦0.0),(Vehicles3↦0.0),(Vehicles4↦0.0),(Vehicles5↦0.0)}",
        "Reward": "0.7333333333333334",
        "VehiclesAx": "{(EgoVehicle↦0.0),(Vehicles2↦-0.013757050037384033),(Vehicles3↦-0.00045653432607650757),(Vehicles4↦0.0034706294536590576),(Vehicles5↦0.004517883062362671)}",
        "VehiclesVx": "{(EgoVehicle↦20.0),(Vehicles2↦1.739964485168457),(Vehicles3↦-0.3937283158302307),(Vehicles4↦0.7886645942926407),(Vehicles5↦-0.40588807314634323)}",
        "VehiclesY": "{(EgoVehicle↦8.000000238418579),(Vehicles2↦-4.0000001192092896),(Vehicles3↦2.6645352591003757E-15),(Vehicles4↦-8.000000238418579),(Vehicles5↦2.6645352591003757E-15)}",
        "VehiclesVy": "{(EgoVehicle↦0.0),(Vehicles2↦0.0),(Vehicles3↦0.0),(Vehicles4↦0.0),(Vehicles5↦0.0)}",
        "VehiclesX": "{(EgoVehicle↦200.0),(Vehicles2↦7.152044773101807),(Vehicles3↦10.871285945177078),(Vehicles4↦72.22183346748352),(Vehicles5↦80.43392300605774)}"
      },
      "probabilisticVariables": null,
      "activating": [
        "LANE_RIGHT_57"
      ],
      "activatingOnlyWhenExecuted": true,
      "updating": null,
      "withPredicate": null
    },
    {
      "id": "LANE_RIGHT_57",
      "execute": "LANE_RIGHT",
      "after": "1000",
      "priority": 0,
      "additionalGuards": null,
      "activationKind": null,
      "fixedVariables": {
        "Crash": "FALSE",
        "VehiclesAy": "{(EgoVehicle↦0.0),(Vehicles2↦0.0),(Vehicles3↦0.0),(Vehicles4↦0.0),(Vehicles5↦0.0)}",
        "Reward": "0.7333333333333334",
        "VehiclesAx": "{(EgoVehicle↦0.0),(Vehicles2↦-0.013725608587265015),(Vehicles3↦-5.237758159637451E-05),(Vehicles4↦0.003798753023147583),(Vehicles5↦0.005335919559001923)}",
        "VehiclesVx": "{(EgoVehicle↦20.0),(Vehicles2↦1.726238876581192),(Vehicles3↦-0.3937806934118271),(Vehicles4↦0.7924633473157883),(Vehicles5↦-0.4005521535873413)}",
        "VehiclesY": "{(EgoVehicle↦8.000000238418579),(Vehicles2↦-4.0000001192092896),(Vehicles3↦2.6645352591003757E-15),(Vehicles4↦-8.000000238418579),(Vehicles5↦2.6645352591003757E-15)}",
        "VehiclesVy": "{(EgoVehicle↦0.0),(Vehicles2↦0.0),(Vehicles3↦0.0),(Vehicles4↦0.0),(Vehicles5↦0.0)}",
        "VehiclesX": "{(EgoVehicle↦200.0),(Vehicles2↦8.886510878801346),(Vehicles3↦10.477503389120102),(Vehicles4↦73.01199436187744),(Vehicles5↦80.03010749816895)}"
      },
      "probabilisticVariables": null,
      "activating": [
        "LANE_RIGHT_58"
      ],
      "activatingOnlyWhenExecuted": true,
      "updating": null,
      "withPredicate": null
    },
    {
      "id": "LANE_RIGHT_58",
      "execute": "LANE_RIGHT",
      "after": "1000",
      "priority": 0,
      "additionalGuards": null,
      "activationKind": null,
      "fixedVariables": {
        "Crash": "FALSE",
        "VehiclesAy": "{(EgoVehicle↦0.0),(Vehicles2↦0.0),(Vehicles3↦0.0),(Vehicles4↦0.0),(Vehicles5↦0.0)}",
        "Reward": "0.7333333333333334",
        "VehiclesAx": "{(EgoVehicle↦0.0),(Vehicles2↦-2.1196556463837624),(Vehicles3↦2.1064402908086777),(Vehicles4↦0.004126802086830139),(Vehicles5↦0.00609125941991806)}",
        "VehiclesVx": "{(EgoVehicle↦20.0),(Vehicles2↦-0.39341676980257034),(Vehicles3↦1.7126595973968506),(Vehicles4↦0.7965901494026184),(Vehicles5↦-0.39446089416742325)}",
        "VehiclesY": "{(EgoVehicle↦8.000000238418579),(Vehicles2↦2.6645352591003757E-15),(Vehicles3↦-4.0000001192092896),(Vehicles4↦-8.000000238418579),(Vehicles5↦2.6645352591003757E-15)}",
        "VehiclesVy": "{(EgoVehicle↦0.0),(Vehicles2↦0.0),(Vehicles3↦0.0),(Vehicles4↦0.0),(Vehicles5↦0.0)}",
        "VehiclesX": "{(EgoVehicle↦200.0),(Vehicles2↦10.083834826946259),(Vehicles3↦10.60730293393135),(Vehicles4↦73.80608320236206),(Vehicles5↦79.63193655014038)}"
      },
      "probabilisticVariables": null,
      "activating": [
        "SLOWER_59"
      ],
      "activatingOnlyWhenExecuted": true,
      "updating": null,
      "withPredicate": null
    },
    {
      "id": "SLOWER_59",
      "execute": "SLOWER",
      "after": "1000",
      "priority": 0,
      "additionalGuards": null,
      "activationKind": null,
      "fixedVariables": {
        "Crash": "FALSE",
        "VehiclesAy": "{(EgoVehicle↦0.0),(Vehicles2↦0.0),(Vehicles3↦0.0),(Vehicles4↦0.0),(Vehicles5↦0.0)}",
        "Reward": "0.7333333333333334",
        "VehiclesAx": "{(EgoVehicle↦0.0),(Vehicles2↦0.0007884204387664795),(Vehicles3↦-0.013362616300582886),(Vehicles4↦0.004452317953109741),(Vehicles5↦0.0067858025431632996)}",
        "VehiclesVx": "{(EgoVehicle↦20.0),(Vehicles2↦-0.39262834936380386),(Vehicles3↦1.6992969810962677),(Vehicles4↦0.8010424673557281),(Vehicles5↦-0.38767509162425995)}",
        "VehiclesY": "{(EgoVehicle↦8.000000238418579),(Vehicles2↦2.6645352591003757E-15),(Vehicles3↦-4.0000001192092896),(Vehicles4↦-8.000000238418579),(Vehicles5↦2.6645352591003757E-15)}",
        "VehiclesVy": "{(EgoVehicle↦0.0),(Vehicles2↦0.0),(Vehicles3↦0.0),(Vehicles4↦0.0),(Vehicles5↦0.0)}",
        "VehiclesX": "{(EgoVehicle↦200.0),(Vehicles2↦9.690698981285095),(Vehicles3↦12.314598262310028),(Vehicles4↦74.60442781448364),(Vehicles5↦79.2401373386383)}"
      },
      "probabilisticVariables": null,
      "activating": [
        "SLOWER_60"
      ],
      "activatingOnlyWhenExecuted": true,
      "updating": null,
      "withPredicate": null
    },
    {
      "id": "SLOWER_60",
      "execute": "SLOWER",
      "after": "1000",
      "priority": 0,
      "additionalGuards": null,
      "activationKind": null,
      "fixedVariables": {
        "Crash": "FALSE",
        "VehiclesAy": "{(EgoVehicle↦0.0),(Vehicles2↦0.0),(Vehicles3↦0.0),(Vehicles4↦0.0),(Vehicles5↦0.0)}",
        "Reward": "0.7333333333333334",
        "VehiclesAx": "{(EgoVehicle↦0.0),(Vehicles2↦0.0012174621224403381),(Vehicles3↦-0.013102591037750244),(Vehicles4↦0.004773065447807312),(Vehicles5↦0.007421858608722687)}",
        "VehiclesVx": "{(EgoVehicle↦20.0),(Vehicles2↦-0.3914108872413635),(Vehicles3↦1.6861943900585175),(Vehicles4↦0.8058155328035355),(Vehicles5↦-0.38025323301553726)}",
        "VehiclesY": "{(EgoVehicle↦8.000000238418579),(Vehicles2↦2.6645352591003757E-15),(Vehicles3↦-4.0000001192092896),(Vehicles4↦-8.000000238418579),(Vehicles5↦2.6645352591003757E-15)}",
        "VehiclesVy": "{(EgoVehicle↦0.0),(Vehicles2↦0.0),(Vehicles3↦0.0),(Vehicles4↦0.0),(Vehicles5↦0.0)}",
        "VehiclesX": "{(EgoVehicle↦200.0),(Vehicles2↦9.298523515462875),(Vehicles3↦14.00863230228424),(Vehicles4↦75.40735006332397),(Vehicles5↦78.8553774356842)}"
      },
      "probabilisticVariables": null,
      "activating": [
        "SLOWER_61"
      ],
      "activatingOnlyWhenExecuted": true,
      "updating": null,
      "withPredicate": null
    },
    {
      "id": "SLOWER_61",
      "execute": "SLOWER",
      "after": "1000",
      "priority": 0,
      "additionalGuards": null,
      "activationKind": null,
      "fixedVariables": {
        "Crash": "FALSE",
        "VehiclesAy": "{(EgoVehicle↦0.0),(Vehicles2↦0.0),(Vehicles3↦0.0),(Vehicles4↦0.0),(Vehicles5↦0.0)}",
        "Reward": "0.7333333333333334",
        "VehiclesAx": "{(EgoVehicle↦0.0),(Vehicles2↦0.0016476958990097046),(Vehicles3↦-0.012814253568649292),(Vehicles4↦0.005087181925773621),(Vehicles5↦0.008001811802387238)}",
        "VehiclesVx": "{(EgoVehicle↦20.0),(Vehicles2↦-0.3897631913423538),(Vehicles3↦1.6733801364898682),(Vehicles4↦0.8109027147293091),(Vehicles5↦-0.37225142121315)}",
        "VehiclesY": "{(EgoVehicle↦8.000000238418579),(Vehicles2↦2.6645352591003757E-15),(Vehicles3↦-4.0000001192092896),(Vehicles4↦-8.000000238418579),(Vehicles5↦2.6645352591003757E-15)}",
        "VehiclesVy": "{(EgoVehicle↦0.0),(Vehicles2↦0.0),(Vehicles3↦0.0),(Vehicles4↦0.0),(Vehicles5↦0.0)}",
        "VehiclesX": "{(EgoVehicle↦200.0),(Vehicles2↦8.907736837863922),(Vehicles3↦15.689677000045776),(Vehicles4↦76.21517777442932),(Vehicles5↦78.47828269004822)}"
      },
      "probabilisticVariables": null,
      "activating": null,
      "activatingOnlyWhenExecuted": true,
      "updating": null,
      "withPredicate": null
    }
  ],
  "listeners": [],
  "metadata": {
    "fileType": "Timed_Trace",
    "formatVersion": 3,
    "savedAt": "2023-08-15T12:35:23.768322Z",
    "creator": "Simulation: MONTE_CARLO_SIMULATION; MAX_STEPS_BEFORE_PROPERTY : 0, EXECUTIONS : 1000, ENDING_TIME : 60000",
    "proB2KernelVersion": "4.12.2",
    "proBCliVersion": "1.12.2-final",
    "modelName": "HighwayEnvironment"
  }
}