{
  "variables": {},
  "activations": [
    {
      "id": "$setup_constants",
      "execute": "$setup_constants",
      "after": "0",
      "priority": 0,
      "additionalGuards": null,
      "activationKind": null,
      "fixedVariables": null,
      "probabilisticVariables": null,
      "activating": null,
      "activatingOnlyWhenExecuted": true,
      "updating": null,
      "withPredicate": null
    },
    {
      "id": "$initialise_machine",
      "execute": "$initialise_machine",
      "after": "0",
      "priority": 0,
      "additionalGuards": null,
      "activationKind": null,
      "fixedVariables": {
        "Crash": "FALSE",
        "VehiclesAy": "{(EgoVehicle↦0.0),(Vehicles2↦0.0),(Vehicles3↦0.0),(Vehicles4↦0.0),(Vehicles5↦0.0)}",
        "Reward": "0.0",
        "VehiclesAx": "{(EgoVehicle↦0.0),(Vehicles2↦0.0),(Vehicles3↦0.0),(Vehicles4↦0.0),(Vehicles5↦0.0)}",
        "VehiclesVx": "{(EgoVehicle↦25.0),(Vehicles2↦-1.4395782351493835),(Vehicles3↦-2.607322931289673),(Vehicles4↦-3.7750107049942017),(Vehicles5↦-3.612525165081024)}",
        "VehiclesY": "{(EgoVehicle↦0.0),(Vehicles2↦8.000000238418579),(Vehicles3↦8.000000238418579),(Vehicles4↦4.0000001192092896),(Vehicles5↦4.0000001192092896)}",
        "VehiclesVy": "{(EgoVehicle↦0.0),(Vehicles2↦0.0),(Vehicles3↦0.0),(Vehicles4↦0.0),(Vehicles5↦0.0)}",
        "VehiclesX": "{(EgoVehicle↦152.42851972579956),(Vehicles2↦24.803128838539124),(Vehicles3↦49.972957372665405),(Vehicles4↦74.65254068374634),(Vehicles5↦95.94340920448303)}"
      },
      "probabilisticVariables": null,
      "activating": [
        "FASTER_2"
      ],
      "activatingOnlyWhenExecuted": true,
      "updating": null,
      "withPredicate": null
    },
    {
      "id": "FASTER_2",
      "execute": "FASTER",
      "after": "1000",
      "priority": 0,
      "additionalGuards": null,
      "activationKind": null,
      "fixedVariables": {
        "Crash": "FALSE",
        "VehiclesAy": "{(EgoVehicle↦0.0),(Vehicles2↦-2.0991720259189606),(Vehicles3↦0.0),(Vehicles4↦-2.113419324159622),(Vehicles5↦0.0)}",
        "Reward": "0.9157750342935529",
        "VehiclesAx": "{(EgoVehicle↦4.341564178466797),(Vehicles2↦-9.167053997516632),(Vehicles3↦-4.853235483169556),(Vehicles4↦-8.832486271858215),(Vehicles5↦-4.702509939670563)}",
        "VehiclesVx": "{(EgoVehicle↦29.341564178466797),(Vehicles2↦-10.606632232666016),(Vehicles3↦-7.4605584144592285),(Vehicles4↦-12.607496976852417),(Vehicles5↦-8.315035104751587)}",
        "VehiclesY": "{(EgoVehicle↦0.0),(Vehicles2↦4.764613509178162),(Vehicles3↦8.000000238418579),(Vehicles4↦0.785514771938324),(Vehicles5↦4.0000001192092896)}",
        "VehiclesVy": "{(EgoVehicle↦0.0),(Vehicles2↦-2.0991720259189606),(Vehicles3↦0.0),(Vehicles4↦-2.113419324159622),(Vehicles5↦0.0)}",
        "VehiclesX": "{(EgoVehicle↦179.82357740402222),(Vehicles2↦18.275490403175354),(Vehicles3↦44.76587474346161),(Vehicles4↦65.78404307365417),(Vehicles5↦89.80066180229187)}"
      },
      "probabilisticVariables": null,
      "activating": [
        "LANE_LEFT_3"
      ],
      "activatingOnlyWhenExecuted": true,
      "updating": null,
      "withPredicate": null
    },
    {
      "id": "LANE_LEFT_3",
      "execute": "LANE_LEFT",
      "after": "1000",
      "priority": 0,
      "additionalGuards": null,
      "activationKind": null,
      "fixedVariables": {
        "Crash": "FALSE",
        "VehiclesAy": "{(EgoVehicle↦0.0),(Vehicles2↦1.948763057589531),(Vehicles3↦0.0),(Vehicles4↦1.9297966361045837),(Vehicles5↦0.0)}",
        "Reward": "0.9310211293445557",
        "VehiclesAx": "{(EgoVehicle↦0.5717277526855469),(Vehicles2↦0.4456782341003418),(Vehicles3↦-0.9066289663314819),(Vehicles4↦-0.3777492046356201),(Vehicles5↦-1.8723595142364502)}",
        "VehiclesVx": "{(EgoVehicle↦29.913291931152344),(Vehicles2↦-10.160953998565674),(Vehicles3↦-8.36718738079071),(Vehicles4↦-12.985246181488037),(Vehicles5↦-10.187394618988037)}",
        "VehiclesY": "{(EgoVehicle↦0.0),(Vehicles2↦4.051711678504944),(Vehicles3↦8.000000238418579),(Vehicles4↦0.06733166053891182),(Vehicles5↦4.0000001192092896)}",
        "VehiclesVy": "{(EgoVehicle↦0.0),(Vehicles2↦-0.15040896832942963),(Vehicles3↦0.0),(Vehicles4↦-0.18362268805503845),(Vehicles5↦0.0)}",
        "VehiclesX": "{(EgoVehicle↦200.0),(Vehicles2↦7.8522756695747375),(Vehicles3↦36.7951363325119),(Vehicles4↦53.010767698287964),(Vehicles5↦80.68255186080933)}"
      },
      "probabilisticVariables": null,
      "activating": [
        "IDLE_4"
      ],
      "activatingOnlyWhenExecuted": true,
      "updating": null,
      "withPredicate": null
    },
    {
      "id": "IDLE_4",
      "execute": "IDLE",
      "after": "1000",
      "priority": 0,
      "additionalGuards": null,
      "activationKind": null,
      "fixedVariables": {
        "Crash": "FALSE",
        "VehiclesAy": "{(EgoVehicle↦0.0),(Vehicles2↦0.14104796282481402),(Vehicles3↦0.0),(Vehicles4↦0.1679587468970567),(Vehicles5↦0.0)}",
        "Reward": "0.9330288455652638",
        "VehiclesAx": "{(EgoVehicle↦0.07529020309448242),(Vehicles2↦0.38019418716430664),(Vehicles3↦0.06717860698699951),(Vehicles4↦-0.10163426399230957),(Vehicles5↦-0.8703029155731201)}",
        "VehiclesVx": "{(EgoVehicle↦29.988582134246826),(Vehicles2↦-9.780759811401367),(Vehicles3↦-8.300008773803711),(Vehicles4↦-13.086880445480347),(Vehicles5↦-11.057697534561157)}",
        "VehiclesY": "{(EgoVehicle↦0.0),(Vehicles2↦4.003198027610779),(Vehicles3↦8.000000238418579),(Vehicles4↦0.005749071249738336),(Vehicles5↦4.0000001192092896)}",
        "VehiclesVy": "{(EgoVehicle↦0.0),(Vehicles2↦-0.009361005504615605),(Vehicles3↦0.0),(Vehicles4↦-0.015663941157981753),(Vehicles5↦0.0)}",
        "VehiclesX": "{(EgoVehicle↦200.0),(Vehicles2↦-2.138993889093399),(Vehicles3↦28.45178246498108),(Vehicles4↦39.97521996498108),(Vehicles5↦70.09773254394531)}"
      },
      "probabilisticVariables": null,
      "activating": [
        "IDLE_5"
      ],
      "activatingOnlyWhenExecuted": true,
      "updating": null,
      "withPredicate": null
    },
    {
      "id": "IDLE_5",
      "execute": "IDLE",
      "after": "1000",
      "priority": 0,
      "additionalGuards": null,
      "activationKind": null,
      "fixedVariables": {
        "Crash": "FALSE",
        "VehiclesAy": "{(EgoVehicle↦0.0),(Vehicles2↦0.009361005504615605),(Vehicles3↦-0.0013410096289590001),(Vehicles4↦0.015663941157981753),(Vehicles5↦0.0)}",
        "Reward": "0.9332932361786904",
        "VehiclesAx": "{(EgoVehicle↦0.009913444519042969),(Vehicles2↦1.519545316696167),(Vehicles3↦-4.806318283081055),(Vehicles4↦1.5720605850219727),(Vehicles5↦-2.0534753799438477)}",
        "VehiclesVx": "{(EgoVehicle↦29.99849557876587),(Vehicles2↦-8.2612144947052),(Vehicles3↦-13.106327056884766),(Vehicles4↦-11.514819860458374),(Vehicles5↦-13.111172914505005)}",
        "VehiclesY": "{(EgoVehicle↦0.0),(Vehicles2↦8.000000238418579),(Vehicles3↦0.0004920972132822499),(Vehicles4↦4.0000001192092896),(Vehicles5↦0.0)}",
        "VehiclesVy": "{(EgoVehicle↦0.0),(Vehicles2↦0.0),(Vehicles3↦-0.0013410096289590001),(Vehicles4↦0.0),(Vehicles5↦0.0)}",
        "VehiclesX": "{(EgoVehicle↦200.0),(Vehicles2↦20.171183347702026),(Vehicles3↦26.875704526901245),(Vehicles4↦58.83544087409973),(Vehicles5↦73.20851683616638)}"
      },
      "probabilisticVariables": null,
      "activating": [
        "SLOWER_6"
      ],
      "activatingOnlyWhenExecuted": true,
      "updating": null,
      "withPredicate": null
    },
    {
      "id": "SLOWER_6",
      "execute": "SLOWER",
      "after": "1000",
      "priority": 0,
      "additionalGuards": null,
      "activationKind": null,
      "fixedVariables": {
        "Crash": "FALSE",
        "VehiclesAy": "{(EgoVehicle↦0.0),(Vehicles2↦0.0),(Vehicles3↦0.0012262411291885655),(Vehicles4↦0.0),(Vehicles5↦0.0)}",
        "Reward": "0.8175530187560415",
        "VehiclesAx": "{(EgoVehicle↦-4.34025764465332),(Vehicles2↦4.343545138835907),(Vehicles3↦4.3785470724105835),(Vehicles4↦4.096657037734985),(Vehicles5↦4.649409651756287)}",
        "VehiclesVx": "{(EgoVehicle↦25.65823793411255),(Vehicles2↦-3.917669355869293),(Vehicles3↦-8.727779984474182),(Vehicles4↦-7.418162822723389),(Vehicles5↦-8.461763262748718)}",
        "VehiclesY": "{(EgoVehicle↦0.0),(Vehicles2↦8.000000238418579),(Vehicles3↦4.2062171814905014E-05),(Vehicles4↦4.0000001192092896),(Vehicles5↦0.0)}",
        "VehiclesVy": "{(EgoVehicle↦0.0),(Vehicles2↦0.0),(Vehicles3↦-0.00011476849977043457),(Vehicles4↦0.0),(Vehicles5↦0.0)}",
        "VehiclesX": "{(EgoVehicle↦200.0),(Vehicles2↦14.30785059928894),(Vehicles3↦16.17504209280014),(Vehicles4↦49.60462749004364),(Vehicles5↦62.612611055374146)}"
      },
      "probabilisticVariables": null,
      "activating": [
        "SLOWER_7"
      ],
      "activatingOnlyWhenExecuted": true,
      "updating": null,
      "withPredicate": null
    },
    {
      "id": "SLOWER_7",
      "execute": "SLOWER",
      "after": "1000",
      "priority": 0,
      "additionalGuards": null,
      "activationKind": null,
      "fixedVariables": {
        "Crash": "FALSE",
        "VehiclesAy": "{(EgoVehicle↦0.0),(Vehicles2↦-9.769262305781012E-06),(Vehicles3↦0.00011476849977043457),(Vehicles4↦0.0),(Vehicles5↦0.0)}",
        "Reward": "0.686536474349218",
        "VehiclesAx": "{(EgoVehicle↦-4.913120269775391),(Vehicles2↦0.1869073510169983),(Vehicles3↦9.70810316503048),(Vehicles4↦4.801133573055267),(Vehicles5↦5.229867696762085)}",
        "VehiclesVx": "{(EgoVehicle↦20.745117664337158),(Vehicles2↦-3.730762004852295),(Vehicles3↦0.9803231805562973),(Vehicles4↦-2.6170292496681213),(Vehicles5↦-3.2318955659866333)}",
        "VehiclesY": "{(EgoVehicle↦0.0),(Vehicles2↦3.5729328828892903E-06),(Vehicles3↦8.000000238418579),(Vehicles4↦4.0000001192092896),(Vehicles5↦0.0)}",
        "VehiclesVy": "{(EgoVehicle↦0.0),(Vehicles2↦-9.769262305781012E-06),(Vehicles3↦0.0),(Vehicles4↦0.0),(Vehicles5↦0.0)}",
        "VehiclesX": "{(EgoVehicle↦200.0),(Vehicles2↦10.187975317239761),(Vehicles3↦13.095368444919586),(Vehicles4↦44.84362304210663),(Vehicles5↦56.98900818824768)}"
      },
      "probabilisticVariables": null,
      "activating": [
        "SLOWER_8"
      ],
      "activatingOnlyWhenExecuted": true,
      "updating": null,
      "withPredicate": null
    },
    {
      "id": "SLOWER_8",
      "execute": "SLOWER",
      "after": "1000",
      "priority": 0,
      "additionalGuards": null,
      "activationKind": null,
      "fixedVariables": {
        "Crash": "FALSE",
        "VehiclesAy": "{(EgoVehicle↦0.0),(Vehicles2↦8.945685081584998E-06),(Vehicles3↦0.0),(Vehicles4↦0.0),(Vehicles5↦0.0)}",
        "Reward": "0.6692832668553154",
        "VehiclesAx": "{(EgoVehicle↦-0.6469941139221191),(Vehicles2↦0.7641118764877319),(Vehicles3↦0.6248939782381058),(Vehicles4↦0.6202507019042969),(Vehicles5↦0.9393283724784851)}",
        "VehiclesVx": "{(EgoVehicle↦20.09812355041504),(Vehicles2↦-2.966650128364563),(Vehicles3↦1.605217158794403),(Vehicles4↦-1.9967785477638245),(Vehicles5↦-2.292567193508148)}",
        "VehiclesY": "{(EgoVehicle↦0.0),(Vehicles2↦3.0042543386343823E-07),(Vehicles3↦8.000000238418579),(Vehicles4↦4.0000001192092896),(Vehicles5↦0.0)}",
        "VehiclesVy": "{(EgoVehicle↦0.0),(Vehicles2↦-8.235772241960149E-07),(Vehicles3↦0.0),(Vehicles4↦0.0),(Vehicles5↦0.0)}",
        "VehiclesX": "{(EgoVehicle↦200.0),(Vehicles2↦6.858883053064346),(Vehicles3↦14.424081146717072),(Vehicles4↦42.56744682788849),(Vehicles5↦54.23356890678406)}"
      },
      "probabilisticVariables": null,
      "activating": [
        "SLOWER_9"
      ],
      "activatingOnlyWhenExecuted": true,
      "updating": null,
      "withPredicate": null
    },
    {
      "id": "SLOWER_9",
      "execute": "SLOWER",
      "after": "1000",
      "priority": 0,
      "additionalGuards": null,
      "activationKind": null,
      "fixedVariables": {
        "Crash": "TRUE",
        "VehiclesAy": "{(EgoVehicle↦0.0),(Vehicles2↦7.332977425278386E-07),(Vehicles3↦0.0),(Vehicles4↦0.0),(Vehicles5↦0.0)}",
        "Reward": "0.0",
        "VehiclesAx": "{(EgoVehicle↦-4.08261775970459),(Vehicles2↦0.7430960237979889),(Vehicles3↦4.058188498020172),(Vehicles4↦4.109072685241699),(Vehicles5↦4.33953583240509)}",
        "VehiclesVx": "{(EgoVehicle↦16.01550579071045),(Vehicles2↦-2.223554104566574),(Vehicles3↦5.663405656814575),(Vehicles4↦2.1122941374778748),(Vehicles5↦2.046968638896942)}",
        "VehiclesY": "{(EgoVehicle↦0.0),(Vehicles2↦1.85016668652338E-08),(Vehicles3↦8.000000238418579),(Vehicles4↦4.0000001192092896),(Vehicles5↦0.0)}",
        "VehiclesVy": "{(EgoVehicle↦0.0),(Vehicles2↦-9.027948166817623E-08),(Vehicles3↦0.0),(Vehicles4↦0.0),(Vehicles5↦0.0)}",
        "VehiclesX": "{(EgoVehicle↦200.0),(Vehicles2↦5.000000074505806),(Vehicles3↦16.570179164409637),(Vehicles4↦41.12856686115265),(Vehicles5↦52.59729623794556)}"
      },
      "probabilisticVariables": null,
      "activating": null,
      "activatingOnlyWhenExecuted": true,
      "updating": null,
      "withPredicate": null
    }
  ],
  "listeners": [],
  "metadata": {
    "fileType": "Timed_Trace",
    "formatVersion": 3,
    "savedAt": "2023-08-15T12:35:20.699153Z",
    "creator": "Simulation: MONTE_CARLO_SIMULATION; MAX_STEPS_BEFORE_PROPERTY : 0, EXECUTIONS : 1000, ENDING_TIME : 60000",
    "proB2KernelVersion": "4.12.2",
    "proBCliVersion": "1.12.2-final",
    "modelName": "HighwayEnvironment"
  }
}